,,"Statement and Return Report

for Certification



Primary Election 2024 - 06/25/2024


Crossover - 
Democratic Party




Democratic Representative in Congress


10th Congressional District


Vote for 1","New York County","Public Counter","13,458","Total Ballots","16,341","Less - Inapplicable Federal/Special Presidential Ballots",0,"Total Applicable Ballots","16,341",,,"Unrecorded",597,,"We certify this statement to be correct, and have caused the same to be attested by the signatures of the members of the board, or a majority thereof, on Tuesday, July 16, 2024.","Secretary","Chairman","Canvassing Board","Canvassing Board","Page -1 of 1"
,,"Statement and Return Report

for Certification



Primary Election 2024 - 06/25/2024


Crossover - 
Democratic Party




Democratic Representative in Congress


10th Congressional District


Vote for 1","New York County","Manually Counted Emergency",0,"Total Ballots","16,341","Less - Inapplicable Federal/Special Presidential Ballots",0,"Total Applicable Ballots","16,341",,,"Unrecorded",597,,"We certify this statement to be correct, and have caused the same to be attested by the signatures of the members of the board, or a majority thereof, on Tuesday, July 16, 2024.","Secretary","Chairman","Canvassing Board","Canvassing Board","Page -1 of 1"
,,"Statement and Return Report

for Certification



Primary Election 2024 - 06/25/2024


Crossover - 
Democratic Party




Democratic Representative in Congress


10th Congressional District


Vote for 1","New York County","Absentee / Military","2,562","Total Ballots","16,341","Less - Inapplicable Federal/Special Presidential Ballots",0,"Total Applicable Ballots","16,341",,,"Unrecorded",597,,"We certify this statement to be correct, and have caused the same to be attested by the signatures of the members of the board, or a majority thereof, on Tuesday, July 16, 2024.","Secretary","Chairman","Canvassing Board","Canvassing Board","Page -1 of 1"
,,"Statement and Return Report

for Certification



Primary Election 2024 - 06/25/2024


Crossover - 
Democratic Party




Democratic Representative in Congress


10th Congressional District


Vote for 1","New York County","Federal",203,"Total Ballots","16,341","Less - Inapplicable Federal/Special Presidential Ballots",0,"Total Applicable Ballots","16,341",,,"Unrecorded",597,,"We certify this statement to be correct, and have caused the same to be attested by the signatures of the members of the board, or a majority thereof, on Tuesday, July 16, 2024.","Secretary","Chairman","Canvassing Board","Canvassing Board","Page -1 of 1"
,,"Statement and Return Report

for Certification



Primary Election 2024 - 06/25/2024


Crossover - 
Democratic Party




Democratic Representative in Congress


10th Congressional District


Vote for 1","New York County","Affidavit",118,"Total Ballots","16,341","Less - Inapplicable Federal/Special Presidential Ballots",0,"Total Applicable Ballots","16,341",,,"Unrecorded",597,,"We certify this statement to be correct, and have caused the same to be attested by the signatures of the members of the board, or a majority thereof, on Tuesday, July 16, 2024.","Secretary","Chairman","Canvassing Board","Canvassing Board","Page -1 of 1"
,,"Statement and Return Report

for Certification



Primary Election 2024 - 06/25/2024


Crossover - 
Democratic Party




Democratic Representative in Congress


10th Congressional District


Vote for 1","New York County","Bruno Grandsard","1,421",,,,,,,"Total Votes","15,744","Unrecorded",597,,"We certify this statement to be correct, and have caused the same to be attested by the signatures of the members of the board, or a majority thereof, on Tuesday, July 16, 2024.","Secretary","Chairman","Canvassing Board","Canvassing Board","Page -1 of 1"
,,"Statement and Return Report

for Certification



Primary Election 2024 - 06/25/2024


Crossover - 
Democratic Party




Democratic Representative in Congress


10th Congressional District


Vote for 1","New York County","Evan Hutchison","2,547",,,,,,,"Total Votes","15,744","Unrecorded",597,,"We certify this statement to be correct, and have caused the same to be attested by the signatures of the members of the board, or a majority thereof, on Tuesday, July 16, 2024.","Secretary","Chairman","Canvassing Board","Canvassing Board","Page -1 of 1"
,,"Statement and Return Report

for Certification



Primary Election 2024 - 06/25/2024


Crossover - 
Democratic Party




Democratic Representative in Congress


10th Congressional District


Vote for 1","New York County","Daniel Goldman","11,554",,,,,,,"Total Votes","15,744","Unrecorded",597,,"We certify this statement to be correct, and have caused the same to be attested by the signatures of the members of the board, or a majority thereof, on Tuesday, July 16, 2024.","Secretary","Chairman","Canvassing Board","Canvassing Board","Page -1 of 1"
,,"Statement and Return Report

for Certification



Primary Election 2024 - 06/25/2024


Crossover - 
Democratic Party




Democratic Representative in Congress


10th Congressional District


Vote for 1","New York County","ABU AMMAR (Write-In)",1,,,,,,,"Total Votes","15,744","Unrecorded",597,,"We certify this statement to be correct, and have caused the same to be attested by the signatures of the members of the board, or a majority thereof, on Tuesday, July 16, 2024.","Secretary","Chairman","Canvassing Board","Canvassing Board","Page -1 of 1"
,,"Statement and Return Report

for Certification



Primary Election 2024 - 06/25/2024


Crossover - 
Democratic Party




Democratic Representative in Congress


10th Congressional District


Vote for 1","New York County","AMY PLUMB OPPENHEIMER (Write-In)",1,,,,,,,"Total Votes","15,744","Unrecorded",597,,"We certify this statement to be correct, and have caused the same to be attested by the signatures of the members of the board, or a majority thereof, on Tuesday, July 16, 2024.","Secretary","Chairman","Canvassing Board","Canvassing Board","Page -1 of 1"
,,"Statement and Return Report

for Certification



Primary Election 2024 - 06/25/2024


Crossover - 
Democratic Party




Democratic Representative in Congress


10th Congressional District


Vote for 1","New York County","BRITTNEY ERAZ (Write-In)",1,,,,,,,"Total Votes","15,744","Unrecorded",597,,"We certify this statement to be correct, and have caused the same to be attested by the signatures of the members of the board, or a majority thereof, on Tuesday, July 16, 2024.","Secretary","Chairman","Canvassing Board","Canvassing Board","Page -1 of 1"
,,"Statement and Return Report

for Certification



Primary Election 2024 - 06/25/2024


Crossover - 
Democratic Party




Democratic Representative in Congress


10th Congressional District


Vote for 1","New York County","CARLINA RIVERA (Write-In)",3,,,,,,,"Total Votes","15,744","Unrecorded",597,,"We certify this statement to be correct, and have caused the same to be attested by the signatures of the members of the board, or a majority thereof, on Tuesday, July 16, 2024.","Secretary","Chairman","Canvassing Board","Canvassing Board","Page -1 of 1"
,,"Statement and Return Report

for Certification



Primary Election 2024 - 06/25/2024


Crossover - 
Democratic Party




Democratic Representative in Congress


10th Congressional District


Vote for 1","New York County","CARLOS MENCHACHA (Write-In)",1,,,,,,,"Total Votes","15,744","Unrecorded",597,,"We certify this statement to be correct, and have caused the same to be attested by the signatures of the members of the board, or a majority thereof, on Tuesday, July 16, 2024.","Secretary","Chairman","Canvassing Board","Canvassing Board","Page -1 of 1"
,,"Statement and Return Report

for Certification



Primary Election 2024 - 06/25/2024


Crossover - 
Democratic Party




Democratic Representative in Congress


10th Congressional District


Vote for 1","New York County","CAROLINA RIVERA (Write-In)",2,,,,,,,"Total Votes","15,744","Unrecorded",597,,"We certify this statement to be correct, and have caused the same to be attested by the signatures of the members of the board, or a majority thereof, on Tuesday, July 16, 2024.","Secretary","Chairman","Canvassing Board","Canvassing Board","Page -1 of 1"
,,"Statement and Return Report

for Certification



Primary Election 2024 - 06/25/2024


Crossover - 
Democratic Party




Democratic Representative in Congress


10th Congressional District


Vote for 1","New York County","CLARK KENT (Write-In)",1,,,,,,,"Total Votes","15,744","Unrecorded",597,,"We certify this statement to be correct, and have caused the same to be attested by the signatures of the members of the board, or a majority thereof, on Tuesday, July 16, 2024.","Secretary","Chairman","Canvassing Board","Canvassing Board","Page -1 of 1"
,,"Statement and Return Report

for Certification



Primary Election 2024 - 06/25/2024


Crossover - 
Democratic Party




Democratic Representative in Congress


10th Congressional District


Vote for 1","New York County","CRYSTAL HUDSON (Write-In)",1,,,,,,,"Total Votes","15,744","Unrecorded",597,,"We certify this statement to be correct, and have caused the same to be attested by the signatures of the members of the board, or a majority thereof, on Tuesday, July 16, 2024.","Secretary","Chairman","Canvassing Board","Canvassing Board","Page -1 of 1"
,,"Statement and Return Report

for Certification



Primary Election 2024 - 06/25/2024


Crossover - 
Democratic Party




Democratic Representative in Congress


10th Congressional District


Vote for 1","New York County","DALLAS J. SHORT (Write-In)",1,,,,,,,"Total Votes","15,744","Unrecorded",597,,"We certify this statement to be correct, and have caused the same to be attested by the signatures of the members of the board, or a majority thereof, on Tuesday, July 16, 2024.","Secretary","Chairman","Canvassing Board","Canvassing Board","Page -1 of 1"
,,"Statement and Return Report

for Certification



Primary Election 2024 - 06/25/2024


Crossover - 
Democratic Party




Democratic Representative in Congress


10th Congressional District


Vote for 1","New York County","DANIEL TURKEWITZ (Write-In)",1,,,,,,,"Total Votes","15,744","Unrecorded",597,,"We certify this statement to be correct, and have caused the same to be attested by the signatures of the members of the board, or a majority thereof, on Tuesday, July 16, 2024.","Secretary","Chairman","Canvassing Board","Canvassing Board","Page -1 of 1"
,,"Statement and Return Report

for Certification



Primary Election 2024 - 06/25/2024


Crossover - 
Democratic Party




Democratic Representative in Congress


10th Congressional District


Vote for 1","New York County","DAVID BROOMES (Write-In)",1,,,,,,,"Total Votes","15,744","Unrecorded",597,,"We certify this statement to be correct, and have caused the same to be attested by the signatures of the members of the board, or a majority thereof, on Tuesday, July 16, 2024.","Secretary","Chairman","Canvassing Board","Canvassing Board","Page -1 of 1"
,,"Statement and Return Report

for Certification



Primary Election 2024 - 06/25/2024


Crossover - 
Democratic Party




Democratic Representative in Congress


10th Congressional District


Vote for 1","New York County","DAVID HURSKAY (Write-In)",1,,,,,,,"Total Votes","15,744","Unrecorded",597,,"We certify this statement to be correct, and have caused the same to be attested by the signatures of the members of the board, or a majority thereof, on Tuesday, July 16, 2024.","Secretary","Chairman","Canvassing Board","Canvassing Board","Page -1 of 1"
,,"Statement and Return Report

for Certification



Primary Election 2024 - 06/25/2024


Crossover - 
Democratic Party




Democratic Representative in Congress


10th Congressional District


Vote for 1","New York County","DONALD J. TRUMP (Write-In)",3,,,,,,,"Total Votes","15,744","Unrecorded",597,,"We certify this statement to be correct, and have caused the same to be attested by the signatures of the members of the board, or a majority thereof, on Tuesday, July 16, 2024.","Secretary","Chairman","Canvassing Board","Canvassing Board","Page -1 of 1"
,,"Statement and Return Report

for Certification



Primary Election 2024 - 06/25/2024


Crossover - 
Democratic Party




Democratic Representative in Congress


10th Congressional District


Vote for 1","New York County","EDEN ALFASI (Write-In)",2,,,,,,,"Total Votes","15,744","Unrecorded",597,,"We certify this statement to be correct, and have caused the same to be attested by the signatures of the members of the board, or a majority thereof, on Tuesday, July 16, 2024.","Secretary","Chairman","Canvassing Board","Canvassing Board","Page -1 of 1"
,,"Statement and Return Report

for Certification



Primary Election 2024 - 06/25/2024


Crossover - 
Democratic Party




Democratic Representative in Congress


10th Congressional District


Vote for 1","New York County","ERIC BOTTCHER (Write-In)",1,,,,,,,"Total Votes","15,744","Unrecorded",597,,"We certify this statement to be correct, and have caused the same to be attested by the signatures of the members of the board, or a majority thereof, on Tuesday, July 16, 2024.","Secretary","Chairman","Canvassing Board","Canvassing Board","Page -1 of 1"
,,"Statement and Return Report

for Certification



Primary Election 2024 - 06/25/2024


Crossover - 
Democratic Party




Democratic Representative in Congress


10th Congressional District


Vote for 1","New York County","ERIC RASSI (Write-In)",1,,,,,,,"Total Votes","15,744","Unrecorded",597,,"We certify this statement to be correct, and have caused the same to be attested by the signatures of the members of the board, or a majority thereof, on Tuesday, July 16, 2024.","Secretary","Chairman","Canvassing Board","Canvassing Board","Page -1 of 1"
,,"Statement and Return Report

for Certification



Primary Election 2024 - 06/25/2024


Crossover - 
Democratic Party




Democratic Representative in Congress


10th Congressional District


Vote for 1","New York County","GARRET LINN (Write-In)",1,,,,,,,"Total Votes","15,744","Unrecorded",597,,"We certify this statement to be correct, and have caused the same to be attested by the signatures of the members of the board, or a majority thereof, on Tuesday, July 16, 2024.","Secretary","Chairman","Canvassing Board","Canvassing Board","Page -1 of 1"
,,"Statement and Return Report

for Certification



Primary Election 2024 - 06/25/2024


Crossover - 
Democratic Party




Democratic Representative in Congress


10th Congressional District


Vote for 1","New York County","GEORGE COMINSKI (Write-In)",1,,,,,,,"Total Votes","15,744","Unrecorded",597,,"We certify this statement to be correct, and have caused the same to be attested by the signatures of the members of the board, or a majority thereof, on Tuesday, July 16, 2024.","Secretary","Chairman","Canvassing Board","Canvassing Board","Page -1 of 1"
,,"Statement and Return Report

for Certification



Primary Election 2024 - 06/25/2024


Crossover - 
Democratic Party




Democratic Representative in Congress


10th Congressional District


Vote for 1","New York County","HARRY ROSSMAN (Write-In)",1,,,,,,,"Total Votes","15,744","Unrecorded",597,,"We certify this statement to be correct, and have caused the same to be attested by the signatures of the members of the board, or a majority thereof, on Tuesday, July 16, 2024.","Secretary","Chairman","Canvassing Board","Canvassing Board","Page -1 of 1"
,,"Statement and Return Report

for Certification



Primary Election 2024 - 06/25/2024


Crossover - 
Democratic Party




Democratic Representative in Congress


10th Congressional District


Vote for 1","New York County","HAUD MARON (Write-In)",1,,,,,,,"Total Votes","15,744","Unrecorded",597,,"We certify this statement to be correct, and have caused the same to be attested by the signatures of the members of the board, or a majority thereof, on Tuesday, July 16, 2024.","Secretary","Chairman","Canvassing Board","Canvassing Board","Page -1 of 1"
,,"Statement and Return Report

for Certification



Primary Election 2024 - 06/25/2024


Crossover - 
Democratic Party




Democratic Representative in Congress


10th Congressional District


Vote for 1","New York County","HILLARY CLINTON (Write-In)",1,,,,,,,"Total Votes","15,744","Unrecorded",597,,"We certify this statement to be correct, and have caused the same to be attested by the signatures of the members of the board, or a majority thereof, on Tuesday, July 16, 2024.","Secretary","Chairman","Canvassing Board","Canvassing Board","Page -1 of 1"
,,"Statement and Return Report

for Certification



Primary Election 2024 - 06/25/2024


Crossover - 
Democratic Party




Democratic Representative in Congress


10th Congressional District


Vote for 1","New York County","HIND RAJAB (Write-In)",1,,,,,,,"Total Votes","15,744","Unrecorded",597,,"We certify this statement to be correct, and have caused the same to be attested by the signatures of the members of the board, or a majority thereof, on Tuesday, July 16, 2024.","Secretary","Chairman","Canvassing Board","Canvassing Board","Page -1 of 1"
,,"Statement and Return Report

for Certification



Primary Election 2024 - 06/25/2024


Crossover - 
Democratic Party




Democratic Representative in Congress


10th Congressional District


Vote for 1","New York County","IAN MURPHY (Write-In)",1,,,,,,,"Total Votes","15,744","Unrecorded",597,,"We certify this statement to be correct, and have caused the same to be attested by the signatures of the members of the board, or a majority thereof, on Tuesday, July 16, 2024.","Secretary","Chairman","Canvassing Board","Canvassing Board","Page -1 of 1"
,,"Statement and Return Report

for Certification



Primary Election 2024 - 06/25/2024


Crossover - 
Democratic Party




Democratic Representative in Congress


10th Congressional District


Vote for 1","New York County","JACOB SCHINDELHEIM (Write-In)",1,,,,,,,"Total Votes","15,744","Unrecorded",597,,"We certify this statement to be correct, and have caused the same to be attested by the signatures of the members of the board, or a majority thereof, on Tuesday, July 16, 2024.","Secretary","Chairman","Canvassing Board","Canvassing Board","Page -1 of 1"
,,"Statement and Return Report

for Certification



Primary Election 2024 - 06/25/2024


Crossover - 
Democratic Party




Democratic Representative in Congress


10th Congressional District


Vote for 1","New York County","JAKE WOLFF (Write-In)",1,,,,,,,"Total Votes","15,744","Unrecorded",597,,"We certify this statement to be correct, and have caused the same to be attested by the signatures of the members of the board, or a majority thereof, on Tuesday, July 16, 2024.","Secretary","Chairman","Canvassing Board","Canvassing Board","Page -1 of 1"
,,"Statement and Return Report

for Certification



Primary Election 2024 - 06/25/2024


Crossover - 
Democratic Party




Democratic Representative in Congress


10th Congressional District


Vote for 1","New York County","JALEN BRONSON (Write-In)",1,,,,,,,"Total Votes","15,744","Unrecorded",597,,"We certify this statement to be correct, and have caused the same to be attested by the signatures of the members of the board, or a majority thereof, on Tuesday, July 16, 2024.","Secretary","Chairman","Canvassing Board","Canvassing Board","Page -1 of 1"
,,"Statement and Return Report

for Certification



Primary Election 2024 - 06/25/2024


Crossover - 
Democratic Party




Democratic Representative in Congress


10th Congressional District


Vote for 1","New York County","JAMAAL BOWMAN (Write-In)",7,,,,,,,"Total Votes","15,744","Unrecorded",597,,"We certify this statement to be correct, and have caused the same to be attested by the signatures of the members of the board, or a majority thereof, on Tuesday, July 16, 2024.","Secretary","Chairman","Canvassing Board","Canvassing Board","Page -1 of 1"
,,"Statement and Return Report

for Certification



Primary Election 2024 - 06/25/2024


Crossover - 
Democratic Party




Democratic Representative in Congress


10th Congressional District


Vote for 1","New York County","JEROME BOEMAN (Write-In)",1,,,,,,,"Total Votes","15,744","Unrecorded",597,,"We certify this statement to be correct, and have caused the same to be attested by the signatures of the members of the board, or a majority thereof, on Tuesday, July 16, 2024.","Secretary","Chairman","Canvassing Board","Canvassing Board","Page -1 of 1"
,,"Statement and Return Report

for Certification



Primary Election 2024 - 06/25/2024


Crossover - 
Democratic Party




Democratic Representative in Congress


10th Congressional District


Vote for 1","New York County","JEROME LAFAYETTE NARRAMORE (Write-In)",1,,,,,,,"Total Votes","15,744","Unrecorded",597,,"We certify this statement to be correct, and have caused the same to be attested by the signatures of the members of the board, or a majority thereof, on Tuesday, July 16, 2024.","Secretary","Chairman","Canvassing Board","Canvassing Board","Page -1 of 1"
,,"Statement and Return Report

for Certification



Primary Election 2024 - 06/25/2024


Crossover - 
Democratic Party




Democratic Representative in Congress


10th Congressional District


Vote for 1","New York County","JERRY NADLER (Write-In)",1,,,,,,,"Total Votes","15,744","Unrecorded",597,,"We certify this statement to be correct, and have caused the same to be attested by the signatures of the members of the board, or a majority thereof, on Tuesday, July 16, 2024.","Secretary","Chairman","Canvassing Board","Canvassing Board","Page -1 of 1"
,,"Statement and Return Report

for Certification



Primary Election 2024 - 06/25/2024


Crossover - 
Democratic Party




Democratic Representative in Congress


10th Congressional District


Vote for 1","New York County","JOHN TARLETON (Write-In)",1,,,,,,,"Total Votes","15,744","Unrecorded",597,,"We certify this statement to be correct, and have caused the same to be attested by the signatures of the members of the board, or a majority thereof, on Tuesday, July 16, 2024.","Secretary","Chairman","Canvassing Board","Canvassing Board","Page -1 of 1"
,,"Statement and Return Report

for Certification



Primary Election 2024 - 06/25/2024


Crossover - 
Democratic Party




Democratic Representative in Congress


10th Congressional District


Vote for 1","New York County","JOSH TYRANGIEL (Write-In)",1,,,,,,,"Total Votes","15,744","Unrecorded",597,,"We certify this statement to be correct, and have caused the same to be attested by the signatures of the members of the board, or a majority thereof, on Tuesday, July 16, 2024.","Secretary","Chairman","Canvassing Board","Canvassing Board","Page -1 of 1"
,,"Statement and Return Report

for Certification



Primary Election 2024 - 06/25/2024


Crossover - 
Democratic Party




Democratic Representative in Congress


10th Congressional District


Vote for 1","New York County","JOSHUA IAN PEACHY (Write-In)",1,,,,,,,"Total Votes","15,744","Unrecorded",597,,"We certify this statement to be correct, and have caused the same to be attested by the signatures of the members of the board, or a majority thereof, on Tuesday, July 16, 2024.","Secretary","Chairman","Canvassing Board","Canvassing Board","Page -1 of 1"
,,"Statement and Return Report

for Certification



Primary Election 2024 - 06/25/2024


Crossover - 
Democratic Party




Democratic Representative in Congress


10th Congressional District


Vote for 1","New York County","JULIUS MARX (Write-In)",1,,,,,,,"Total Votes","15,744","Unrecorded",597,,"We certify this statement to be correct, and have caused the same to be attested by the signatures of the members of the board, or a majority thereof, on Tuesday, July 16, 2024.","Secretary","Chairman","Canvassing Board","Canvassing Board","Page -1 of 1"
,,"Statement and Return Report

for Certification



Primary Election 2024 - 06/25/2024


Crossover - 
Democratic Party




Democratic Representative in Congress


10th Congressional District


Vote for 1","New York County","KATHRYN GIOIOSA (Write-In)",1,,,,,,,"Total Votes","15,744","Unrecorded",597,,"We certify this statement to be correct, and have caused the same to be attested by the signatures of the members of the board, or a majority thereof, on Tuesday, July 16, 2024.","Secretary","Chairman","Canvassing Board","Canvassing Board","Page -1 of 1"
,,"Statement and Return Report

for Certification



Primary Election 2024 - 06/25/2024


Crossover - 
Democratic Party




Democratic Representative in Congress


10th Congressional District


Vote for 1","New York County","KRISTINA BOERSKY (Write-In)",1,,,,,,,"Total Votes","15,744","Unrecorded",597,,"We certify this statement to be correct, and have caused the same to be attested by the signatures of the members of the board, or a majority thereof, on Tuesday, July 16, 2024.","Secretary","Chairman","Canvassing Board","Canvassing Board","Page -1 of 1"
,,"Statement and Return Report

for Certification



Primary Election 2024 - 06/25/2024


Crossover - 
Democratic Party




Democratic Representative in Congress


10th Congressional District


Vote for 1","New York County","LUCINDA M. ALBINO (Write-In)",1,,,,,,,"Total Votes","15,744","Unrecorded",597,,"We certify this statement to be correct, and have caused the same to be attested by the signatures of the members of the board, or a majority thereof, on Tuesday, July 16, 2024.","Secretary","Chairman","Canvassing Board","Canvassing Board","Page -1 of 1"
,,"Statement and Return Report

for Certification



Primary Election 2024 - 06/25/2024


Crossover - 
Democratic Party




Democratic Representative in Congress


10th Congressional District


Vote for 1","New York County","MADELIN NOV (Write-In)",1,,,,,,,"Total Votes","15,744","Unrecorded",597,,"We certify this statement to be correct, and have caused the same to be attested by the signatures of the members of the board, or a majority thereof, on Tuesday, July 16, 2024.","Secretary","Chairman","Canvassing Board","Canvassing Board","Page -1 of 1"
,,"Statement and Return Report

for Certification



Primary Election 2024 - 06/25/2024


Crossover - 
Democratic Party




Democratic Representative in Congress


10th Congressional District


Vote for 1","New York County","MAHIR RAHMAN (Write-In)",1,,,,,,,"Total Votes","15,744","Unrecorded",597,,"We certify this statement to be correct, and have caused the same to be attested by the signatures of the members of the board, or a majority thereof, on Tuesday, July 16, 2024.","Secretary","Chairman","Canvassing Board","Canvassing Board","Page -1 of 1"
,,"Statement and Return Report

for Certification



Primary Election 2024 - 06/25/2024


Crossover - 
Democratic Party




Democratic Representative in Congress


10th Congressional District


Vote for 1","New York County","MARIA DEL CARMEN DIAZ (Write-In)",1,,,,,,,"Total Votes","15,744","Unrecorded",597,,"We certify this statement to be correct, and have caused the same to be attested by the signatures of the members of the board, or a majority thereof, on Tuesday, July 16, 2024.","Secretary","Chairman","Canvassing Board","Canvassing Board","Page -1 of 1"
,,"Statement and Return Report

for Certification



Primary Election 2024 - 06/25/2024


Crossover - 
Democratic Party




Democratic Representative in Congress


10th Congressional District


Vote for 1","New York County","MARY ELIZABETH BARTHOLOMEW (Write-In)",1,,,,,,,"Total Votes","15,744","Unrecorded",597,,"We certify this statement to be correct, and have caused the same to be attested by the signatures of the members of the board, or a majority thereof, on Tuesday, July 16, 2024.","Secretary","Chairman","Canvassing Board","Canvassing Board","Page -1 of 1"
,,"Statement and Return Report

for Certification



Primary Election 2024 - 06/25/2024


Crossover - 
Democratic Party




Democratic Representative in Congress


10th Congressional District


Vote for 1","New York County","MATT YUST (Write-In)",1,,,,,,,"Total Votes","15,744","Unrecorded",597,,"We certify this statement to be correct, and have caused the same to be attested by the signatures of the members of the board, or a majority thereof, on Tuesday, July 16, 2024.","Secretary","Chairman","Canvassing Board","Canvassing Board","Page -1 of 1"
,,"Statement and Return Report

for Certification



Primary Election 2024 - 06/25/2024


Crossover - 
Democratic Party




Democratic Representative in Congress


10th Congressional District


Vote for 1","New York County","MICHAEL GURAL-MAIELLO (Write-In)",1,,,,,,,"Total Votes","15,744","Unrecorded",597,,"We certify this statement to be correct, and have caused the same to be attested by the signatures of the members of the board, or a majority thereof, on Tuesday, July 16, 2024.","Secretary","Chairman","Canvassing Board","Canvassing Board","Page -1 of 1"
,,"Statement and Return Report

for Certification



Primary Election 2024 - 06/25/2024


Crossover - 
Democratic Party




Democratic Representative in Congress


10th Congressional District


Vote for 1","New York County","MICHAEL KANE (Write-In)",1,,,,,,,"Total Votes","15,744","Unrecorded",597,,"We certify this statement to be correct, and have caused the same to be attested by the signatures of the members of the board, or a majority thereof, on Tuesday, July 16, 2024.","Secretary","Chairman","Canvassing Board","Canvassing Board","Page -1 of 1"
,,"Statement and Return Report

for Certification



Primary Election 2024 - 06/25/2024


Crossover - 
Democratic Party




Democratic Representative in Congress


10th Congressional District


Vote for 1","New York County","MICHAEL M. HONDA (Write-In)",1,,,,,,,"Total Votes","15,744","Unrecorded",597,,"We certify this statement to be correct, and have caused the same to be attested by the signatures of the members of the board, or a majority thereof, on Tuesday, July 16, 2024.","Secretary","Chairman","Canvassing Board","Canvassing Board","Page -1 of 1"
,,"Statement and Return Report

for Certification



Primary Election 2024 - 06/25/2024


Crossover - 
Democratic Party




Democratic Representative in Congress


10th Congressional District


Vote for 1","New York County","OSWALDO RODRIGUEZ (Write-In)",1,,,,,,,"Total Votes","15,744","Unrecorded",597,,"We certify this statement to be correct, and have caused the same to be attested by the signatures of the members of the board, or a majority thereof, on Tuesday, July 16, 2024.","Secretary","Chairman","Canvassing Board","Canvassing Board","Page -1 of 1"
,,"Statement and Return Report

for Certification



Primary Election 2024 - 06/25/2024


Crossover - 
Democratic Party




Democratic Representative in Congress


10th Congressional District


Vote for 1","New York County","PAUL NEWELL (Write-In)",2,,,,,,,"Total Votes","15,744","Unrecorded",597,,"We certify this statement to be correct, and have caused the same to be attested by the signatures of the members of the board, or a majority thereof, on Tuesday, July 16, 2024.","Secretary","Chairman","Canvassing Board","Canvassing Board","Page -1 of 1"
,,"Statement and Return Report

for Certification



Primary Election 2024 - 06/25/2024


Crossover - 
Democratic Party




Democratic Representative in Congress


10th Congressional District


Vote for 1","New York County","PETER THEIL (Write-In)",1,,,,,,,"Total Votes","15,744","Unrecorded",597,,"We certify this statement to be correct, and have caused the same to be attested by the signatures of the members of the board, or a majority thereof, on Tuesday, July 16, 2024.","Secretary","Chairman","Canvassing Board","Canvassing Board","Page -1 of 1"
,,"Statement and Return Report

for Certification



Primary Election 2024 - 06/25/2024


Crossover - 
Democratic Party




Democratic Representative in Congress


10th Congressional District


Vote for 1","New York County","RICHARD SILVER (Write-In)",1,,,,,,,"Total Votes","15,744","Unrecorded",597,,"We certify this statement to be correct, and have caused the same to be attested by the signatures of the members of the board, or a majority thereof, on Tuesday, July 16, 2024.","Secretary","Chairman","Canvassing Board","Canvassing Board","Page -1 of 1"
,,"Statement and Return Report

for Certification



Primary Election 2024 - 06/25/2024


Crossover - 
Democratic Party




Democratic Representative in Congress


10th Congressional District


Vote for 1","New York County","ROGER RICKLEFS (Write-In)",1,,,,,,,"Total Votes","15,744","Unrecorded",597,,"We certify this statement to be correct, and have caused the same to be attested by the signatures of the members of the board, or a majority thereof, on Tuesday, July 16, 2024.","Secretary","Chairman","Canvassing Board","Canvassing Board","Page -1 of 1"
,,"Statement and Return Report

for Certification



Primary Election 2024 - 06/25/2024


Crossover - 
Democratic Party




Democratic Representative in Congress


10th Congressional District


Vote for 1","New York County","RON LUBIN (Write-In)",1,,,,,,,"Total Votes","15,744","Unrecorded",597,,"We certify this statement to be correct, and have caused the same to be attested by the signatures of the members of the board, or a majority thereof, on Tuesday, July 16, 2024.","Secretary","Chairman","Canvassing Board","Canvassing Board","Page -1 of 1"
,,"Statement and Return Report

for Certification



Primary Election 2024 - 06/25/2024


Crossover - 
Democratic Party




Democratic Representative in Congress


10th Congressional District


Vote for 1","New York County","RYDER KESSLER (Write-In)",1,,,,,,,"Total Votes","15,744","Unrecorded",597,,"We certify this statement to be correct, and have caused the same to be attested by the signatures of the members of the board, or a majority thereof, on Tuesday, July 16, 2024.","Secretary","Chairman","Canvassing Board","Canvassing Board","Page -1 of 1"
,,"Statement and Return Report

for Certification



Primary Election 2024 - 06/25/2024


Crossover - 
Democratic Party




Democratic Representative in Congress


10th Congressional District


Vote for 1","New York County","SHAREEN ABU AKLEH (Write-In)",1,,,,,,,"Total Votes","15,744","Unrecorded",597,,"We certify this statement to be correct, and have caused the same to be attested by the signatures of the members of the board, or a majority thereof, on Tuesday, July 16, 2024.","Secretary","Chairman","Canvassing Board","Canvassing Board","Page -1 of 1"
,,"Statement and Return Report

for Certification



Primary Election 2024 - 06/25/2024


Crossover - 
Democratic Party




Democratic Representative in Congress


10th Congressional District


Vote for 1","New York County","SIRISHA VARIGONDA (Write-In)",1,,,,,,,"Total Votes","15,744","Unrecorded",597,,"We certify this statement to be correct, and have caused the same to be attested by the signatures of the members of the board, or a majority thereof, on Tuesday, July 16, 2024.","Secretary","Chairman","Canvassing Board","Canvassing Board","Page -1 of 1"
,,"Statement and Return Report

for Certification



Primary Election 2024 - 06/25/2024


Crossover - 
Democratic Party




Democratic Representative in Congress


10th Congressional District


Vote for 1","New York County","SUSAN LEE (Write-In)",1,,,,,,,"Total Votes","15,744","Unrecorded",597,,"We certify this statement to be correct, and have caused the same to be attested by the signatures of the members of the board, or a majority thereof, on Tuesday, July 16, 2024.","Secretary","Chairman","Canvassing Board","Canvassing Board","Page -1 of 1"
,,"Statement and Return Report

for Certification



Primary Election 2024 - 06/25/2024


Crossover - 
Democratic Party




Democratic Representative in Congress


10th Congressional District


Vote for 1","New York County","SUSAN T. LEE (Write-In)",9,,,,,,,"Total Votes","15,744","Unrecorded",597,,"We certify this statement to be correct, and have caused the same to be attested by the signatures of the members of the board, or a majority thereof, on Tuesday, July 16, 2024.","Secretary","Chairman","Canvassing Board","Canvassing Board","Page -1 of 1"
,,"Statement and Return Report

for Certification



Primary Election 2024 - 06/25/2024


Crossover - 
Democratic Party




Democratic Representative in Congress


10th Congressional District


Vote for 1","New York County","TED WEISS (Write-In)",1,,,,,,,"Total Votes","15,744","Unrecorded",597,,"We certify this statement to be correct, and have caused the same to be attested by the signatures of the members of the board, or a majority thereof, on Tuesday, July 16, 2024.","Secretary","Chairman","Canvassing Board","Canvassing Board","Page -1 of 1"
,,"Statement and Return Report

for Certification



Primary Election 2024 - 06/25/2024


Crossover - 
Democratic Party




Democratic Representative in Congress


10th Congressional District


Vote for 1","New York County","UNATTRIBUTABLE WRITE-IN (Write-In)",119,,,,,,,"Total Votes","15,744","Unrecorded",597,,"We certify this statement to be correct, and have caused the same to be attested by the signatures of the members of the board, or a majority thereof, on Tuesday, July 16, 2024.","Secretary","Chairman","Canvassing Board","Canvassing Board","Page -1 of 1"
,,"Statement and Return Report

for Certification



Primary Election 2024 - 06/25/2024


Crossover - 
Democratic Party




Democratic Representative in Congress


10th Congressional District


Vote for 1","New York County","UNCOUNTED WRITE-IN PER STATUTE (Write-In)",3,,,,,,,"Total Votes","15,744","Unrecorded",597,,"We certify this statement to be correct, and have caused the same to be attested by the signatures of the members of the board, or a majority thereof, on Tuesday, July 16, 2024.","Secretary","Chairman","Canvassing Board","Canvassing Board","Page -1 of 1"
,,"Statement and Return Report

for Certification



Primary Election 2024 - 06/25/2024


Crossover - 
Democratic Party




Democratic Representative in Congress


10th Congressional District


Vote for 1","New York County","WENDY LI (Write-In)",3,,,,,,,"Total Votes","15,744","Unrecorded",597,,"We certify this statement to be correct, and have caused the same to be attested by the signatures of the members of the board, or a majority thereof, on Tuesday, July 16, 2024.","Secretary","Chairman","Canvassing Board","Canvassing Board","Page -1 of 1"
,,"Statement and Return Report

for Certification



Primary Election 2024 - 06/25/2024


Crossover - 
Democratic Party




Democratic Representative in Congress


10th Congressional District


Vote for 1","New York County","YUH-LINE NIOU (Write-In)",19,,,,,,,"Total Votes","15,744","Unrecorded",597,,"We certify this statement to be correct, and have caused the same to be attested by the signatures of the members of the board, or a majority thereof, on Tuesday, July 16, 2024.","Secretary","Chairman","Canvassing Board","Canvassing Board","Page -1 of 1"
,,"Statement and Return Report

for Certification



Primary Election 2024 - 06/25/2024


Crossover - 
Democratic Party




Democratic Representative in Congress


10th Congressional District


Vote for 1","Kings County","Public Counter","18,678","Total Ballots","21,056","Less - Inapplicable Federal/Special Presidential Ballots",0,"Total Applicable Ballots","21,056",,,"Unrecorded",444,,"We certify this statement to be correct, and have caused the same to be attested by the signatures of the members of the board, or a majority thereof, on Tuesday, July 16, 2024.","Secretary","Chairman","Canvassing Board","Canvassing Board","Page -1 of 1"
,,"Statement and Return Report

for Certification



Primary Election 2024 - 06/25/2024


Crossover - 
Democratic Party




Democratic Representative in Congress


10th Congressional District


Vote for 1","Kings County","Manually Counted Emergency",0,"Total Ballots","21,056","Less - Inapplicable Federal/Special Presidential Ballots",0,"Total Applicable Ballots","21,056",,,"Unrecorded",444,,"We certify this statement to be correct, and have caused the same to be attested by the signatures of the members of the board, or a majority thereof, on Tuesday, July 16, 2024.","Secretary","Chairman","Canvassing Board","Canvassing Board","Page -1 of 1"
,,"Statement and Return Report

for Certification



Primary Election 2024 - 06/25/2024


Crossover - 
Democratic Party




Democratic Representative in Congress


10th Congressional District


Vote for 1","Kings County","Absentee / Military","2,123","Total Ballots","21,056","Less - Inapplicable Federal/Special Presidential Ballots",0,"Total Applicable Ballots","21,056",,,"Unrecorded",444,,"We certify this statement to be correct, and have caused the same to be attested by the signatures of the members of the board, or a majority thereof, on Tuesday, July 16, 2024.","Secretary","Chairman","Canvassing Board","Canvassing Board","Page -1 of 1"
,,"Statement and Return Report

for Certification



Primary Election 2024 - 06/25/2024


Crossover - 
Democratic Party




Democratic Representative in Congress


10th Congressional District


Vote for 1","Kings County","Federal",98,"Total Ballots","21,056","Less - Inapplicable Federal/Special Presidential Ballots",0,"Total Applicable Ballots","21,056",,,"Unrecorded",444,,"We certify this statement to be correct, and have caused the same to be attested by the signatures of the members of the board, or a majority thereof, on Tuesday, July 16, 2024.","Secretary","Chairman","Canvassing Board","Canvassing Board","Page -1 of 1"
,,"Statement and Return Report

for Certification



Primary Election 2024 - 06/25/2024


Crossover - 
Democratic Party




Democratic Representative in Congress


10th Congressional District


Vote for 1","Kings County","Affidavit",157,"Total Ballots","21,056","Less - Inapplicable Federal/Special Presidential Ballots",0,"Total Applicable Ballots","21,056",,,"Unrecorded",444,,"We certify this statement to be correct, and have caused the same to be attested by the signatures of the members of the board, or a majority thereof, on Tuesday, July 16, 2024.","Secretary","Chairman","Canvassing Board","Canvassing Board","Page -1 of 1"
,,"Statement and Return Report

for Certification



Primary Election 2024 - 06/25/2024


Crossover - 
Democratic Party




Democratic Representative in Congress


10th Congressional District


Vote for 1","Kings County","Bruno Grandsard","2,371",,,,,,,"Total Votes","20,612","Unrecorded",444,,"We certify this statement to be correct, and have caused the same to be attested by the signatures of the members of the board, or a majority thereof, on Tuesday, July 16, 2024.","Secretary","Chairman","Canvassing Board","Canvassing Board","Page -1 of 1"
,,"Statement and Return Report

for Certification



Primary Election 2024 - 06/25/2024


Crossover - 
Democratic Party




Democratic Representative in Congress


10th Congressional District


Vote for 1","Kings County","Evan Hutchison","5,865",,,,,,,"Total Votes","20,612","Unrecorded",444,,"We certify this statement to be correct, and have caused the same to be attested by the signatures of the members of the board, or a majority thereof, on Tuesday, July 16, 2024.","Secretary","Chairman","Canvassing Board","Canvassing Board","Page -1 of 1"
,,"Statement and Return Report

for Certification



Primary Election 2024 - 06/25/2024


Crossover - 
Democratic Party




Democratic Representative in Congress


10th Congressional District


Vote for 1","Kings County","Daniel Goldman","12,041",,,,,,,"Total Votes","20,612","Unrecorded",444,,"We certify this statement to be correct, and have caused the same to be attested by the signatures of the members of the board, or a majority thereof, on Tuesday, July 16, 2024.","Secretary","Chairman","Canvassing Board","Canvassing Board","Page -1 of 1"
,,"Statement and Return Report

for Certification



Primary Election 2024 - 06/25/2024


Crossover - 
Democratic Party




Democratic Representative in Congress


10th Congressional District


Vote for 1","Kings County","AARON KOFFMAN (Write-In)",1,,,,,,,"Total Votes","20,612","Unrecorded",444,,"We certify this statement to be correct, and have caused the same to be attested by the signatures of the members of the board, or a majority thereof, on Tuesday, July 16, 2024.","Secretary","Chairman","Canvassing Board","Canvassing Board","Page -1 of 1"
,,"Statement and Return Report

for Certification



Primary Election 2024 - 06/25/2024


Crossover - 
Democratic Party




Democratic Representative in Congress


10th Congressional District


Vote for 1","Kings County","ADAM GAZA (Write-In)",2,,,,,,,"Total Votes","20,612","Unrecorded",444,,"We certify this statement to be correct, and have caused the same to be attested by the signatures of the members of the board, or a majority thereof, on Tuesday, July 16, 2024.","Secretary","Chairman","Canvassing Board","Canvassing Board","Page -1 of 1"
,,"Statement and Return Report

for Certification



Primary Election 2024 - 06/25/2024


Crossover - 
Democratic Party




Democratic Representative in Congress


10th Congressional District


Vote for 1","Kings County","ADAM GRUMBACKA (Write-In)",1,,,,,,,"Total Votes","20,612","Unrecorded",444,,"We certify this statement to be correct, and have caused the same to be attested by the signatures of the members of the board, or a majority thereof, on Tuesday, July 16, 2024.","Secretary","Chairman","Canvassing Board","Canvassing Board","Page -1 of 1"
,,"Statement and Return Report

for Certification



Primary Election 2024 - 06/25/2024


Crossover - 
Democratic Party




Democratic Representative in Congress


10th Congressional District


Vote for 1","Kings County","AL ALSTON (Write-In)",1,,,,,,,"Total Votes","20,612","Unrecorded",444,,"We certify this statement to be correct, and have caused the same to be attested by the signatures of the members of the board, or a majority thereof, on Tuesday, July 16, 2024.","Secretary","Chairman","Canvassing Board","Canvassing Board","Page -1 of 1"
,,"Statement and Return Report

for Certification



Primary Election 2024 - 06/25/2024


Crossover - 
Democratic Party




Democratic Representative in Congress


10th Congressional District


Vote for 1","Kings County","ALEX ZHANG (Write-In)",1,,,,,,,"Total Votes","20,612","Unrecorded",444,,"We certify this statement to be correct, and have caused the same to be attested by the signatures of the members of the board, or a majority thereof, on Tuesday, July 16, 2024.","Secretary","Chairman","Canvassing Board","Canvassing Board","Page -1 of 1"
,,"Statement and Return Report

for Certification



Primary Election 2024 - 06/25/2024


Crossover - 
Democratic Party




Democratic Representative in Congress


10th Congressional District


Vote for 1","Kings County","ALEXA AVILES (Write-In)",4,,,,,,,"Total Votes","20,612","Unrecorded",444,,"We certify this statement to be correct, and have caused the same to be attested by the signatures of the members of the board, or a majority thereof, on Tuesday, July 16, 2024.","Secretary","Chairman","Canvassing Board","Canvassing Board","Page -1 of 1"
,,"Statement and Return Report

for Certification



Primary Election 2024 - 06/25/2024


Crossover - 
Democratic Party




Democratic Representative in Congress


10th Congressional District


Vote for 1","Kings County","AMEYA BIRADAVOLU (Write-In)",1,,,,,,,"Total Votes","20,612","Unrecorded",444,,"We certify this statement to be correct, and have caused the same to be attested by the signatures of the members of the board, or a majority thereof, on Tuesday, July 16, 2024.","Secretary","Chairman","Canvassing Board","Canvassing Board","Page -1 of 1"
,,"Statement and Return Report

for Certification



Primary Election 2024 - 06/25/2024


Crossover - 
Democratic Party




Democratic Representative in Congress


10th Congressional District


Vote for 1","Kings County","ANTHONY PONZIO (Write-In)",1,,,,,,,"Total Votes","20,612","Unrecorded",444,,"We certify this statement to be correct, and have caused the same to be attested by the signatures of the members of the board, or a majority thereof, on Tuesday, July 16, 2024.","Secretary","Chairman","Canvassing Board","Canvassing Board","Page -1 of 1"
,,"Statement and Return Report

for Certification



Primary Election 2024 - 06/25/2024


Crossover - 
Democratic Party




Democratic Representative in Congress


10th Congressional District


Vote for 1","Kings County","BANZOIN A HALBERTAM (Write-In)",1,,,,,,,"Total Votes","20,612","Unrecorded",444,,"We certify this statement to be correct, and have caused the same to be attested by the signatures of the members of the board, or a majority thereof, on Tuesday, July 16, 2024.","Secretary","Chairman","Canvassing Board","Canvassing Board","Page -1 of 1"
,,"Statement and Return Report

for Certification



Primary Election 2024 - 06/25/2024


Crossover - 
Democratic Party




Democratic Representative in Congress


10th Congressional District


Vote for 1","Kings County","BENJAMIN GRUBER (Write-In)",1,,,,,,,"Total Votes","20,612","Unrecorded",444,,"We certify this statement to be correct, and have caused the same to be attested by the signatures of the members of the board, or a majority thereof, on Tuesday, July 16, 2024.","Secretary","Chairman","Canvassing Board","Canvassing Board","Page -1 of 1"
,,"Statement and Return Report

for Certification



Primary Election 2024 - 06/25/2024


Crossover - 
Democratic Party




Democratic Representative in Congress


10th Congressional District


Vote for 1","Kings County","BENY BERMAN (Write-In)",1,,,,,,,"Total Votes","20,612","Unrecorded",444,,"We certify this statement to be correct, and have caused the same to be attested by the signatures of the members of the board, or a majority thereof, on Tuesday, July 16, 2024.","Secretary","Chairman","Canvassing Board","Canvassing Board","Page -1 of 1"
,,"Statement and Return Report

for Certification



Primary Election 2024 - 06/25/2024


Crossover - 
Democratic Party




Democratic Representative in Congress


10th Congressional District


Vote for 1","Kings County","BENZIOH UNGER (Write-In)",1,,,,,,,"Total Votes","20,612","Unrecorded",444,,"We certify this statement to be correct, and have caused the same to be attested by the signatures of the members of the board, or a majority thereof, on Tuesday, July 16, 2024.","Secretary","Chairman","Canvassing Board","Canvassing Board","Page -1 of 1"
,,"Statement and Return Report

for Certification



Primary Election 2024 - 06/25/2024


Crossover - 
Democratic Party




Democratic Representative in Congress


10th Congressional District


Vote for 1","Kings County","BERK SAWYER (Write-In)",1,,,,,,,"Total Votes","20,612","Unrecorded",444,,"We certify this statement to be correct, and have caused the same to be attested by the signatures of the members of the board, or a majority thereof, on Tuesday, July 16, 2024.","Secretary","Chairman","Canvassing Board","Canvassing Board","Page -1 of 1"
,,"Statement and Return Report

for Certification



Primary Election 2024 - 06/25/2024


Crossover - 
Democratic Party




Democratic Representative in Congress


10th Congressional District


Vote for 1","Kings County","BRAD LANDERS (Write-In)",1,,,,,,,"Total Votes","20,612","Unrecorded",444,,"We certify this statement to be correct, and have caused the same to be attested by the signatures of the members of the board, or a majority thereof, on Tuesday, July 16, 2024.","Secretary","Chairman","Canvassing Board","Canvassing Board","Page -1 of 1"
,,"Statement and Return Report

for Certification



Primary Election 2024 - 06/25/2024


Crossover - 
Democratic Party




Democratic Representative in Congress


10th Congressional District


Vote for 1","Kings County","BRIAN KIRKPATRICK (Write-In)",1,,,,,,,"Total Votes","20,612","Unrecorded",444,,"We certify this statement to be correct, and have caused the same to be attested by the signatures of the members of the board, or a majority thereof, on Tuesday, July 16, 2024.","Secretary","Chairman","Canvassing Board","Canvassing Board","Page -1 of 1"
,,"Statement and Return Report

for Certification



Primary Election 2024 - 06/25/2024


Crossover - 
Democratic Party




Democratic Representative in Congress


10th Congressional District


Vote for 1","Kings County","BRIDGET BREEN-RITTAR (Write-In)",1,,,,,,,"Total Votes","20,612","Unrecorded",444,,"We certify this statement to be correct, and have caused the same to be attested by the signatures of the members of the board, or a majority thereof, on Tuesday, July 16, 2024.","Secretary","Chairman","Canvassing Board","Canvassing Board","Page -1 of 1"
,,"Statement and Return Report

for Certification



Primary Election 2024 - 06/25/2024


Crossover - 
Democratic Party




Democratic Representative in Congress


10th Congressional District


Vote for 1","Kings County","BULSHER SILVERMAN (Write-In)",1,,,,,,,"Total Votes","20,612","Unrecorded",444,,"We certify this statement to be correct, and have caused the same to be attested by the signatures of the members of the board, or a majority thereof, on Tuesday, July 16, 2024.","Secretary","Chairman","Canvassing Board","Canvassing Board","Page -1 of 1"
,,"Statement and Return Report

for Certification



Primary Election 2024 - 06/25/2024


Crossover - 
Democratic Party




Democratic Representative in Congress


10th Congressional District


Vote for 1","Kings County","CARLINA RIVERA (Write-In)",2,,,,,,,"Total Votes","20,612","Unrecorded",444,,"We certify this statement to be correct, and have caused the same to be attested by the signatures of the members of the board, or a majority thereof, on Tuesday, July 16, 2024.","Secretary","Chairman","Canvassing Board","Canvassing Board","Page -1 of 1"
,,"Statement and Return Report

for Certification



Primary Election 2024 - 06/25/2024


Crossover - 
Democratic Party




Democratic Representative in Congress


10th Congressional District


Vote for 1","Kings County","CHAIM GOLDBERG (Write-In)",1,,,,,,,"Total Votes","20,612","Unrecorded",444,,"We certify this statement to be correct, and have caused the same to be attested by the signatures of the members of the board, or a majority thereof, on Tuesday, July 16, 2024.","Secretary","Chairman","Canvassing Board","Canvassing Board","Page -1 of 1"
,,"Statement and Return Report

for Certification



Primary Election 2024 - 06/25/2024


Crossover - 
Democratic Party




Democratic Representative in Congress


10th Congressional District


Vote for 1","Kings County","CHAYA KISS (Write-In)",1,,,,,,,"Total Votes","20,612","Unrecorded",444,,"We certify this statement to be correct, and have caused the same to be attested by the signatures of the members of the board, or a majority thereof, on Tuesday, July 16, 2024.","Secretary","Chairman","Canvassing Board","Canvassing Board","Page -1 of 1"
,,"Statement and Return Report

for Certification



Primary Election 2024 - 06/25/2024


Crossover - 
Democratic Party




Democratic Representative in Congress


10th Congressional District


Vote for 1","Kings County","CHAYA SIRHIS (Write-In)",1,,,,,,,"Total Votes","20,612","Unrecorded",444,,"We certify this statement to be correct, and have caused the same to be attested by the signatures of the members of the board, or a majority thereof, on Tuesday, July 16, 2024.","Secretary","Chairman","Canvassing Board","Canvassing Board","Page -1 of 1"
,,"Statement and Return Report

for Certification



Primary Election 2024 - 06/25/2024


Crossover - 
Democratic Party




Democratic Representative in Congress


10th Congressional District


Vote for 1","Kings County","CHRISTINA BATTEGO (Write-In)",1,,,,,,,"Total Votes","20,612","Unrecorded",444,,"We certify this statement to be correct, and have caused the same to be attested by the signatures of the members of the board, or a majority thereof, on Tuesday, July 16, 2024.","Secretary","Chairman","Canvassing Board","Canvassing Board","Page -1 of 1"
,,"Statement and Return Report

for Certification



Primary Election 2024 - 06/25/2024


Crossover - 
Democratic Party




Democratic Representative in Congress


10th Congressional District


Vote for 1","Kings County","CHRISTOPHER LONGO (Write-In)",1,,,,,,,"Total Votes","20,612","Unrecorded",444,,"We certify this statement to be correct, and have caused the same to be attested by the signatures of the members of the board, or a majority thereof, on Tuesday, July 16, 2024.","Secretary","Chairman","Canvassing Board","Canvassing Board","Page -1 of 1"
,,"Statement and Return Report

for Certification



Primary Election 2024 - 06/25/2024


Crossover - 
Democratic Party




Democratic Representative in Congress


10th Congressional District


Vote for 1","Kings County","CRYSTAL HUDSON (Write-In)",1,,,,,,,"Total Votes","20,612","Unrecorded",444,,"We certify this statement to be correct, and have caused the same to be attested by the signatures of the members of the board, or a majority thereof, on Tuesday, July 16, 2024.","Secretary","Chairman","Canvassing Board","Canvassing Board","Page -1 of 1"
,,"Statement and Return Report

for Certification



Primary Election 2024 - 06/25/2024


Crossover - 
Democratic Party




Democratic Representative in Congress


10th Congressional District


Vote for 1","Kings County","CURTIS SLIWA (Write-In)",1,,,,,,,"Total Votes","20,612","Unrecorded",444,,"We certify this statement to be correct, and have caused the same to be attested by the signatures of the members of the board, or a majority thereof, on Tuesday, July 16, 2024.","Secretary","Chairman","Canvassing Board","Canvassing Board","Page -1 of 1"
,,"Statement and Return Report

for Certification



Primary Election 2024 - 06/25/2024


Crossover - 
Democratic Party




Democratic Representative in Congress


10th Congressional District


Vote for 1","Kings County","DANIEL GOLDMAN (Write-In)",2,,,,,,,"Total Votes","20,612","Unrecorded",444,,"We certify this statement to be correct, and have caused the same to be attested by the signatures of the members of the board, or a majority thereof, on Tuesday, July 16, 2024.","Secretary","Chairman","Canvassing Board","Canvassing Board","Page -1 of 1"
,,"Statement and Return Report

for Certification



Primary Election 2024 - 06/25/2024


Crossover - 
Democratic Party




Democratic Representative in Congress


10th Congressional District


Vote for 1","Kings County","DANIEL NEWCOMBE (Write-In)",1,,,,,,,"Total Votes","20,612","Unrecorded",444,,"We certify this statement to be correct, and have caused the same to be attested by the signatures of the members of the board, or a majority thereof, on Tuesday, July 16, 2024.","Secretary","Chairman","Canvassing Board","Canvassing Board","Page -1 of 1"
,,"Statement and Return Report

for Certification



Primary Election 2024 - 06/25/2024


Crossover - 
Democratic Party




Democratic Representative in Congress


10th Congressional District


Vote for 1","Kings County","DAVID ALQOIST (Write-In)",1,,,,,,,"Total Votes","20,612","Unrecorded",444,,"We certify this statement to be correct, and have caused the same to be attested by the signatures of the members of the board, or a majority thereof, on Tuesday, July 16, 2024.","Secretary","Chairman","Canvassing Board","Canvassing Board","Page -1 of 1"
,,"Statement and Return Report

for Certification



Primary Election 2024 - 06/25/2024


Crossover - 
Democratic Party




Democratic Representative in Congress


10th Congressional District


Vote for 1","Kings County","DAVID GURIEN -PECK (Write-In)",1,,,,,,,"Total Votes","20,612","Unrecorded",444,,"We certify this statement to be correct, and have caused the same to be attested by the signatures of the members of the board, or a majority thereof, on Tuesday, July 16, 2024.","Secretary","Chairman","Canvassing Board","Canvassing Board","Page -1 of 1"
,,"Statement and Return Report

for Certification



Primary Election 2024 - 06/25/2024


Crossover - 
Democratic Party




Democratic Representative in Congress


10th Congressional District


Vote for 1","Kings County","DAVID JEBRIEL MICHELSON (Write-In)",1,,,,,,,"Total Votes","20,612","Unrecorded",444,,"We certify this statement to be correct, and have caused the same to be attested by the signatures of the members of the board, or a majority thereof, on Tuesday, July 16, 2024.","Secretary","Chairman","Canvassing Board","Canvassing Board","Page -1 of 1"
,,"Statement and Return Report

for Certification



Primary Election 2024 - 06/25/2024


Crossover - 
Democratic Party




Democratic Representative in Congress


10th Congressional District


Vote for 1","Kings County","DEBORAH GERSHENOWITZ (Write-In)",1,,,,,,,"Total Votes","20,612","Unrecorded",444,,"We certify this statement to be correct, and have caused the same to be attested by the signatures of the members of the board, or a majority thereof, on Tuesday, July 16, 2024.","Secretary","Chairman","Canvassing Board","Canvassing Board","Page -1 of 1"
,,"Statement and Return Report

for Certification



Primary Election 2024 - 06/25/2024


Crossover - 
Democratic Party




Democratic Representative in Congress


10th Congressional District


Vote for 1","Kings County","DONALD TRUMP (Write-In)",6,,,,,,,"Total Votes","20,612","Unrecorded",444,,"We certify this statement to be correct, and have caused the same to be attested by the signatures of the members of the board, or a majority thereof, on Tuesday, July 16, 2024.","Secretary","Chairman","Canvassing Board","Canvassing Board","Page -1 of 1"
,,"Statement and Return Report

for Certification



Primary Election 2024 - 06/25/2024


Crossover - 
Democratic Party




Democratic Representative in Congress


10th Congressional District


Vote for 1","Kings County","ELISABETH HOLTEMAN (Write-In)",1,,,,,,,"Total Votes","20,612","Unrecorded",444,,"We certify this statement to be correct, and have caused the same to be attested by the signatures of the members of the board, or a majority thereof, on Tuesday, July 16, 2024.","Secretary","Chairman","Canvassing Board","Canvassing Board","Page -1 of 1"
,,"Statement and Return Report

for Certification



Primary Election 2024 - 06/25/2024


Crossover - 
Democratic Party




Democratic Representative in Congress


10th Congressional District


Vote for 1","Kings County","ELIZABETH HOLTZMAN (Write-In)",1,,,,,,,"Total Votes","20,612","Unrecorded",444,,"We certify this statement to be correct, and have caused the same to be attested by the signatures of the members of the board, or a majority thereof, on Tuesday, July 16, 2024.","Secretary","Chairman","Canvassing Board","Canvassing Board","Page -1 of 1"
,,"Statement and Return Report

for Certification



Primary Election 2024 - 06/25/2024


Crossover - 
Democratic Party




Democratic Representative in Congress


10th Congressional District


Vote for 1","Kings County","ELIZABETH WARREN (Write-In)",1,,,,,,,"Total Votes","20,612","Unrecorded",444,,"We certify this statement to be correct, and have caused the same to be attested by the signatures of the members of the board, or a majority thereof, on Tuesday, July 16, 2024.","Secretary","Chairman","Canvassing Board","Canvassing Board","Page -1 of 1"
,,"Statement and Return Report

for Certification



Primary Election 2024 - 06/25/2024


Crossover - 
Democratic Party




Democratic Representative in Congress


10th Congressional District


Vote for 1","Kings County","ERIC ADAMS (Write-In)",1,,,,,,,"Total Votes","20,612","Unrecorded",444,,"We certify this statement to be correct, and have caused the same to be attested by the signatures of the members of the board, or a majority thereof, on Tuesday, July 16, 2024.","Secretary","Chairman","Canvassing Board","Canvassing Board","Page -1 of 1"
,,"Statement and Return Report

for Certification



Primary Election 2024 - 06/25/2024


Crossover - 
Democratic Party




Democratic Representative in Congress


10th Congressional District


Vote for 1","Kings County","ESTEBAN CHAVEZ (Write-In)",1,,,,,,,"Total Votes","20,612","Unrecorded",444,,"We certify this statement to be correct, and have caused the same to be attested by the signatures of the members of the board, or a majority thereof, on Tuesday, July 16, 2024.","Secretary","Chairman","Canvassing Board","Canvassing Board","Page -1 of 1"
,,"Statement and Return Report

for Certification



Primary Election 2024 - 06/25/2024


Crossover - 
Democratic Party




Democratic Representative in Congress


10th Congressional District


Vote for 1","Kings County","ETHAN MULLIGAN (Write-In)",1,,,,,,,"Total Votes","20,612","Unrecorded",444,,"We certify this statement to be correct, and have caused the same to be attested by the signatures of the members of the board, or a majority thereof, on Tuesday, July 16, 2024.","Secretary","Chairman","Canvassing Board","Canvassing Board","Page -1 of 1"
,,"Statement and Return Report

for Certification



Primary Election 2024 - 06/25/2024


Crossover - 
Democratic Party




Democratic Representative in Congress


10th Congressional District


Vote for 1","Kings County","FELIX W. ORTIZ (Write-In)",1,,,,,,,"Total Votes","20,612","Unrecorded",444,,"We certify this statement to be correct, and have caused the same to be attested by the signatures of the members of the board, or a majority thereof, on Tuesday, July 16, 2024.","Secretary","Chairman","Canvassing Board","Canvassing Board","Page -1 of 1"
,,"Statement and Return Report

for Certification



Primary Election 2024 - 06/25/2024


Crossover - 
Democratic Party




Democratic Representative in Congress


10th Congressional District


Vote for 1","Kings County","FRADEL HAMMER (Write-In)",1,,,,,,,"Total Votes","20,612","Unrecorded",444,,"We certify this statement to be correct, and have caused the same to be attested by the signatures of the members of the board, or a majority thereof, on Tuesday, July 16, 2024.","Secretary","Chairman","Canvassing Board","Canvassing Board","Page -1 of 1"
,,"Statement and Return Report

for Certification



Primary Election 2024 - 06/25/2024


Crossover - 
Democratic Party




Democratic Representative in Congress


10th Congressional District


Vote for 1","Kings County","GABRIELLA WALLACK (Write-In)",1,,,,,,,"Total Votes","20,612","Unrecorded",444,,"We certify this statement to be correct, and have caused the same to be attested by the signatures of the members of the board, or a majority thereof, on Tuesday, July 16, 2024.","Secretary","Chairman","Canvassing Board","Canvassing Board","Page -1 of 1"
,,"Statement and Return Report

for Certification



Primary Election 2024 - 06/25/2024


Crossover - 
Democratic Party




Democratic Representative in Congress


10th Congressional District


Vote for 1","Kings County","GERSH KUNTZMAN (Write-In)",1,,,,,,,"Total Votes","20,612","Unrecorded",444,,"We certify this statement to be correct, and have caused the same to be attested by the signatures of the members of the board, or a majority thereof, on Tuesday, July 16, 2024.","Secretary","Chairman","Canvassing Board","Canvassing Board","Page -1 of 1"
,,"Statement and Return Report

for Certification



Primary Election 2024 - 06/25/2024


Crossover - 
Democratic Party




Democratic Representative in Congress


10th Congressional District


Vote for 1","Kings County","GREG PAK (Write-In)",2,,,,,,,"Total Votes","20,612","Unrecorded",444,,"We certify this statement to be correct, and have caused the same to be attested by the signatures of the members of the board, or a majority thereof, on Tuesday, July 16, 2024.","Secretary","Chairman","Canvassing Board","Canvassing Board","Page -1 of 1"
,,"Statement and Return Report

for Certification



Primary Election 2024 - 06/25/2024


Crossover - 
Democratic Party




Democratic Representative in Congress


10th Congressional District


Vote for 1","Kings County","HOWARD GRAEBARD (Write-In)",1,,,,,,,"Total Votes","20,612","Unrecorded",444,,"We certify this statement to be correct, and have caused the same to be attested by the signatures of the members of the board, or a majority thereof, on Tuesday, July 16, 2024.","Secretary","Chairman","Canvassing Board","Canvassing Board","Page -1 of 1"
,,"Statement and Return Report

for Certification



Primary Election 2024 - 06/25/2024


Crossover - 
Democratic Party




Democratic Representative in Congress


10th Congressional District


Vote for 1","Kings County","ISABELLA CORREA (Write-In)",1,,,,,,,"Total Votes","20,612","Unrecorded",444,,"We certify this statement to be correct, and have caused the same to be attested by the signatures of the members of the board, or a majority thereof, on Tuesday, July 16, 2024.","Secretary","Chairman","Canvassing Board","Canvassing Board","Page -1 of 1"
,,"Statement and Return Report

for Certification



Primary Election 2024 - 06/25/2024


Crossover - 
Democratic Party




Democratic Representative in Congress


10th Congressional District


Vote for 1","Kings County","JAMAAL BOWMAN (Write-In)",9,,,,,,,"Total Votes","20,612","Unrecorded",444,,"We certify this statement to be correct, and have caused the same to be attested by the signatures of the members of the board, or a majority thereof, on Tuesday, July 16, 2024.","Secretary","Chairman","Canvassing Board","Canvassing Board","Page -1 of 1"
,,"Statement and Return Report

for Certification



Primary Election 2024 - 06/25/2024


Crossover - 
Democratic Party




Democratic Representative in Congress


10th Congressional District


Vote for 1","Kings County","JO ANNE SIMON (Write-In)",1,,,,,,,"Total Votes","20,612","Unrecorded",444,,"We certify this statement to be correct, and have caused the same to be attested by the signatures of the members of the board, or a majority thereof, on Tuesday, July 16, 2024.","Secretary","Chairman","Canvassing Board","Canvassing Board","Page -1 of 1"
,,"Statement and Return Report

for Certification



Primary Election 2024 - 06/25/2024


Crossover - 
Democratic Party




Democratic Representative in Congress


10th Congressional District


Vote for 1","Kings County","JOANNE NICHOLAS (Write-In)",1,,,,,,,"Total Votes","20,612","Unrecorded",444,,"We certify this statement to be correct, and have caused the same to be attested by the signatures of the members of the board, or a majority thereof, on Tuesday, July 16, 2024.","Secretary","Chairman","Canvassing Board","Canvassing Board","Page -1 of 1"
,,"Statement and Return Report

for Certification



Primary Election 2024 - 06/25/2024


Crossover - 
Democratic Party




Democratic Representative in Congress


10th Congressional District


Vote for 1","Kings County","JOANNE SIMON (Write-In)",1,,,,,,,"Total Votes","20,612","Unrecorded",444,,"We certify this statement to be correct, and have caused the same to be attested by the signatures of the members of the board, or a majority thereof, on Tuesday, July 16, 2024.","Secretary","Chairman","Canvassing Board","Canvassing Board","Page -1 of 1"
,,"Statement and Return Report

for Certification



Primary Election 2024 - 06/25/2024


Crossover - 
Democratic Party




Democratic Representative in Congress


10th Congressional District


Vote for 1","Kings County","JOHN BLACKTHORNE (Write-In)",1,,,,,,,"Total Votes","20,612","Unrecorded",444,,"We certify this statement to be correct, and have caused the same to be attested by the signatures of the members of the board, or a majority thereof, on Tuesday, July 16, 2024.","Secretary","Chairman","Canvassing Board","Canvassing Board","Page -1 of 1"
,,"Statement and Return Report

for Certification



Primary Election 2024 - 06/25/2024


Crossover - 
Democratic Party




Democratic Representative in Congress


10th Congressional District


Vote for 1","Kings County","JOHN TARLETEN (Write-In)",1,,,,,,,"Total Votes","20,612","Unrecorded",444,,"We certify this statement to be correct, and have caused the same to be attested by the signatures of the members of the board, or a majority thereof, on Tuesday, July 16, 2024.","Secretary","Chairman","Canvassing Board","Canvassing Board","Page -1 of 1"
,,"Statement and Return Report

for Certification



Primary Election 2024 - 06/25/2024


Crossover - 
Democratic Party




Democratic Representative in Congress


10th Congressional District


Vote for 1","Kings County","JULIE PENA (Write-In)",1,,,,,,,"Total Votes","20,612","Unrecorded",444,,"We certify this statement to be correct, and have caused the same to be attested by the signatures of the members of the board, or a majority thereof, on Tuesday, July 16, 2024.","Secretary","Chairman","Canvassing Board","Canvassing Board","Page -1 of 1"
,,"Statement and Return Report

for Certification



Primary Election 2024 - 06/25/2024


Crossover - 
Democratic Party




Democratic Representative in Congress


10th Congressional District


Vote for 1","Kings County","JULIE RASKIN (Write-In)",1,,,,,,,"Total Votes","20,612","Unrecorded",444,,"We certify this statement to be correct, and have caused the same to be attested by the signatures of the members of the board, or a majority thereof, on Tuesday, July 16, 2024.","Secretary","Chairman","Canvassing Board","Canvassing Board","Page -1 of 1"
,,"Statement and Return Report

for Certification



Primary Election 2024 - 06/25/2024


Crossover - 
Democratic Party




Democratic Representative in Congress


10th Congressional District


Vote for 1","Kings County","JULIO PENA (Write-In)",1,,,,,,,"Total Votes","20,612","Unrecorded",444,,"We certify this statement to be correct, and have caused the same to be attested by the signatures of the members of the board, or a majority thereof, on Tuesday, July 16, 2024.","Secretary","Chairman","Canvassing Board","Canvassing Board","Page -1 of 1"
,,"Statement and Return Report

for Certification



Primary Election 2024 - 06/25/2024


Crossover - 
Democratic Party




Democratic Representative in Congress


10th Congressional District


Vote for 1","Kings County","KALMAN YEGER (Write-In)",1,,,,,,,"Total Votes","20,612","Unrecorded",444,,"We certify this statement to be correct, and have caused the same to be attested by the signatures of the members of the board, or a majority thereof, on Tuesday, July 16, 2024.","Secretary","Chairman","Canvassing Board","Canvassing Board","Page -1 of 1"
,,"Statement and Return Report

for Certification



Primary Election 2024 - 06/25/2024


Crossover - 
Democratic Party




Democratic Representative in Congress


10th Congressional District


Vote for 1","Kings County","KATHENINE DIXON (Write-In)",1,,,,,,,"Total Votes","20,612","Unrecorded",444,,"We certify this statement to be correct, and have caused the same to be attested by the signatures of the members of the board, or a majority thereof, on Tuesday, July 16, 2024.","Secretary","Chairman","Canvassing Board","Canvassing Board","Page -1 of 1"
,,"Statement and Return Report

for Certification



Primary Election 2024 - 06/25/2024


Crossover - 
Democratic Party




Democratic Representative in Congress


10th Congressional District


Vote for 1","Kings County","KEVIN JACOBS (Write-In)",2,,,,,,,"Total Votes","20,612","Unrecorded",444,,"We certify this statement to be correct, and have caused the same to be attested by the signatures of the members of the board, or a majority thereof, on Tuesday, July 16, 2024.","Secretary","Chairman","Canvassing Board","Canvassing Board","Page -1 of 1"
,,"Statement and Return Report

for Certification



Primary Election 2024 - 06/25/2024


Crossover - 
Democratic Party




Democratic Representative in Congress


10th Congressional District


Vote for 1","Kings County","KIM DAVIS (Write-In)",1,,,,,,,"Total Votes","20,612","Unrecorded",444,,"We certify this statement to be correct, and have caused the same to be attested by the signatures of the members of the board, or a majority thereof, on Tuesday, July 16, 2024.","Secretary","Chairman","Canvassing Board","Canvassing Board","Page -1 of 1"
,,"Statement and Return Report

for Certification



Primary Election 2024 - 06/25/2024


Crossover - 
Democratic Party




Democratic Representative in Congress


10th Congressional District


Vote for 1","Kings County","KIRSTEN ORTIZ (Write-In)",1,,,,,,,"Total Votes","20,612","Unrecorded",444,,"We certify this statement to be correct, and have caused the same to be attested by the signatures of the members of the board, or a majority thereof, on Tuesday, July 16, 2024.","Secretary","Chairman","Canvassing Board","Canvassing Board","Page -1 of 1"
,,"Statement and Return Report

for Certification



Primary Election 2024 - 06/25/2024


Crossover - 
Democratic Party




Democratic Representative in Congress


10th Congressional District


Vote for 1","Kings County","KLARA CARAMES (Write-In)",1,,,,,,,"Total Votes","20,612","Unrecorded",444,,"We certify this statement to be correct, and have caused the same to be attested by the signatures of the members of the board, or a majority thereof, on Tuesday, July 16, 2024.","Secretary","Chairman","Canvassing Board","Canvassing Board","Page -1 of 1"
,,"Statement and Return Report

for Certification



Primary Election 2024 - 06/25/2024


Crossover - 
Democratic Party




Democratic Representative in Congress


10th Congressional District


Vote for 1","Kings County","LAURA EDIDIN (Write-In)",1,,,,,,,"Total Votes","20,612","Unrecorded",444,,"We certify this statement to be correct, and have caused the same to be attested by the signatures of the members of the board, or a majority thereof, on Tuesday, July 16, 2024.","Secretary","Chairman","Canvassing Board","Canvassing Board","Page -1 of 1"
,,"Statement and Return Report

for Certification



Primary Election 2024 - 06/25/2024


Crossover - 
Democratic Party




Democratic Representative in Congress


10th Congressional District


Vote for 1","Kings County","LAVSEN GLANT (Write-In)",1,,,,,,,"Total Votes","20,612","Unrecorded",444,,"We certify this statement to be correct, and have caused the same to be attested by the signatures of the members of the board, or a majority thereof, on Tuesday, July 16, 2024.","Secretary","Chairman","Canvassing Board","Canvassing Board","Page -1 of 1"
,,"Statement and Return Report

for Certification



Primary Election 2024 - 06/25/2024


Crossover - 
Democratic Party




Democratic Representative in Congress


10th Congressional District


Vote for 1","Kings County","LEONARD WHITE (Write-In)",2,,,,,,,"Total Votes","20,612","Unrecorded",444,,"We certify this statement to be correct, and have caused the same to be attested by the signatures of the members of the board, or a majority thereof, on Tuesday, July 16, 2024.","Secretary","Chairman","Canvassing Board","Canvassing Board","Page -1 of 1"
,,"Statement and Return Report

for Certification



Primary Election 2024 - 06/25/2024


Crossover - 
Democratic Party




Democratic Representative in Congress


10th Congressional District


Vote for 1","Kings County","LINCOLN RESTLER (Write-In)",2,,,,,,,"Total Votes","20,612","Unrecorded",444,,"We certify this statement to be correct, and have caused the same to be attested by the signatures of the members of the board, or a majority thereof, on Tuesday, July 16, 2024.","Secretary","Chairman","Canvassing Board","Canvassing Board","Page -1 of 1"
,,"Statement and Return Report

for Certification



Primary Election 2024 - 06/25/2024


Crossover - 
Democratic Party




Democratic Representative in Congress


10th Congressional District


Vote for 1","Kings County","LINDA SARSOUR (Write-In)",1,,,,,,,"Total Votes","20,612","Unrecorded",444,,"We certify this statement to be correct, and have caused the same to be attested by the signatures of the members of the board, or a majority thereof, on Tuesday, July 16, 2024.","Secretary","Chairman","Canvassing Board","Canvassing Board","Page -1 of 1"
,,"Statement and Return Report

for Certification



Primary Election 2024 - 06/25/2024


Crossover - 
Democratic Party




Democratic Representative in Congress


10th Congressional District


Vote for 1","Kings County","LOUISE ROBINSON (Write-In)",1,,,,,,,"Total Votes","20,612","Unrecorded",444,,"We certify this statement to be correct, and have caused the same to be attested by the signatures of the members of the board, or a majority thereof, on Tuesday, July 16, 2024.","Secretary","Chairman","Canvassing Board","Canvassing Board","Page -1 of 1"
,,"Statement and Return Report

for Certification



Primary Election 2024 - 06/25/2024


Crossover - 
Democratic Party




Democratic Representative in Congress


10th Congressional District


Vote for 1","Kings County","MANDI SCHMETAMAN (Write-In)",1,,,,,,,"Total Votes","20,612","Unrecorded",444,,"We certify this statement to be correct, and have caused the same to be attested by the signatures of the members of the board, or a majority thereof, on Tuesday, July 16, 2024.","Secretary","Chairman","Canvassing Board","Canvassing Board","Page -1 of 1"
,,"Statement and Return Report

for Certification



Primary Election 2024 - 06/25/2024


Crossover - 
Democratic Party




Democratic Representative in Congress


10th Congressional District


Vote for 1","Kings County","MARGARETH DOMINIQUE (Write-In)",1,,,,,,,"Total Votes","20,612","Unrecorded",444,,"We certify this statement to be correct, and have caused the same to be attested by the signatures of the members of the board, or a majority thereof, on Tuesday, July 16, 2024.","Secretary","Chairman","Canvassing Board","Canvassing Board","Page -1 of 1"
,,"Statement and Return Report

for Certification



Primary Election 2024 - 06/25/2024


Crossover - 
Democratic Party




Democratic Representative in Congress


10th Congressional District


Vote for 1","Kings County","MAX FERGUSON NEUMAN (Write-In)",1,,,,,,,"Total Votes","20,612","Unrecorded",444,,"We certify this statement to be correct, and have caused the same to be attested by the signatures of the members of the board, or a majority thereof, on Tuesday, July 16, 2024.","Secretary","Chairman","Canvassing Board","Canvassing Board","Page -1 of 1"
,,"Statement and Return Report

for Certification



Primary Election 2024 - 06/25/2024


Crossover - 
Democratic Party




Democratic Representative in Congress


10th Congressional District


Vote for 1","Kings County","MELIACH STROM (Write-In)",1,,,,,,,"Total Votes","20,612","Unrecorded",444,,"We certify this statement to be correct, and have caused the same to be attested by the signatures of the members of the board, or a majority thereof, on Tuesday, July 16, 2024.","Secretary","Chairman","Canvassing Board","Canvassing Board","Page -1 of 1"
,,"Statement and Return Report

for Certification



Primary Election 2024 - 06/25/2024


Crossover - 
Democratic Party




Democratic Representative in Congress


10th Congressional District


Vote for 1","Kings County","MI KYUNG LEE (Write-In)",1,,,,,,,"Total Votes","20,612","Unrecorded",444,,"We certify this statement to be correct, and have caused the same to be attested by the signatures of the members of the board, or a majority thereof, on Tuesday, July 16, 2024.","Secretary","Chairman","Canvassing Board","Canvassing Board","Page -1 of 1"
,,"Statement and Return Report

for Certification



Primary Election 2024 - 06/25/2024


Crossover - 
Democratic Party




Democratic Representative in Congress


10th Congressional District


Vote for 1","Kings County","MICHEAL J. COPPOTELLI (Write-In)",1,,,,,,,"Total Votes","20,612","Unrecorded",444,,"We certify this statement to be correct, and have caused the same to be attested by the signatures of the members of the board, or a majority thereof, on Tuesday, July 16, 2024.","Secretary","Chairman","Canvassing Board","Canvassing Board","Page -1 of 1"
,,"Statement and Return Report

for Certification



Primary Election 2024 - 06/25/2024


Crossover - 
Democratic Party




Democratic Representative in Congress


10th Congressional District


Vote for 1","Kings County","MIKE BLOOMBERG (Write-In)",1,,,,,,,"Total Votes","20,612","Unrecorded",444,,"We certify this statement to be correct, and have caused the same to be attested by the signatures of the members of the board, or a majority thereof, on Tuesday, July 16, 2024.","Secretary","Chairman","Canvassing Board","Canvassing Board","Page -1 of 1"
,,"Statement and Return Report

for Certification



Primary Election 2024 - 06/25/2024


Crossover - 
Democratic Party




Democratic Representative in Congress


10th Congressional District


Vote for 1","Kings County","MONA ALLFORD (Write-In)",1,,,,,,,"Total Votes","20,612","Unrecorded",444,,"We certify this statement to be correct, and have caused the same to be attested by the signatures of the members of the board, or a majority thereof, on Tuesday, July 16, 2024.","Secretary","Chairman","Canvassing Board","Canvassing Board","Page -1 of 1"
,,"Statement and Return Report

for Certification



Primary Election 2024 - 06/25/2024


Crossover - 
Democratic Party




Democratic Representative in Congress


10th Congressional District


Vote for 1","Kings County","MOTAZ AZAIZA (Write-In)",1,,,,,,,"Total Votes","20,612","Unrecorded",444,,"We certify this statement to be correct, and have caused the same to be attested by the signatures of the members of the board, or a majority thereof, on Tuesday, July 16, 2024.","Secretary","Chairman","Canvassing Board","Canvassing Board","Page -1 of 1"
,,"Statement and Return Report

for Certification



Primary Election 2024 - 06/25/2024


Crossover - 
Democratic Party




Democratic Representative in Congress


10th Congressional District


Vote for 1","Kings County","MUSTAFA BARGHOUTI (Write-In)",1,,,,,,,"Total Votes","20,612","Unrecorded",444,,"We certify this statement to be correct, and have caused the same to be attested by the signatures of the members of the board, or a majority thereof, on Tuesday, July 16, 2024.","Secretary","Chairman","Canvassing Board","Canvassing Board","Page -1 of 1"
,,"Statement and Return Report

for Certification



Primary Election 2024 - 06/25/2024


Crossover - 
Democratic Party




Democratic Representative in Congress


10th Congressional District


Vote for 1","Kings County","NEDIA VELOZAEZ (Write-In)",1,,,,,,,"Total Votes","20,612","Unrecorded",444,,"We certify this statement to be correct, and have caused the same to be attested by the signatures of the members of the board, or a majority thereof, on Tuesday, July 16, 2024.","Secretary","Chairman","Canvassing Board","Canvassing Board","Page -1 of 1"
,,"Statement and Return Report

for Certification



Primary Election 2024 - 06/25/2024


Crossover - 
Democratic Party




Democratic Representative in Congress


10th Congressional District


Vote for 1","Kings County","NORA CARROLL (Write-In)",1,,,,,,,"Total Votes","20,612","Unrecorded",444,,"We certify this statement to be correct, and have caused the same to be attested by the signatures of the members of the board, or a majority thereof, on Tuesday, July 16, 2024.","Secretary","Chairman","Canvassing Board","Canvassing Board","Page -1 of 1"
,,"Statement and Return Report

for Certification



Primary Election 2024 - 06/25/2024


Crossover - 
Democratic Party




Democratic Representative in Congress


10th Congressional District


Vote for 1","Kings County","PAULINA BOROWSKY (Write-In)",1,,,,,,,"Total Votes","20,612","Unrecorded",444,,"We certify this statement to be correct, and have caused the same to be attested by the signatures of the members of the board, or a majority thereof, on Tuesday, July 16, 2024.","Secretary","Chairman","Canvassing Board","Canvassing Board","Page -1 of 1"
,,"Statement and Return Report

for Certification



Primary Election 2024 - 06/25/2024


Crossover - 
Democratic Party




Democratic Representative in Congress


10th Congressional District


Vote for 1","Kings County","PETER MENZ (Write-In)",1,,,,,,,"Total Votes","20,612","Unrecorded",444,,"We certify this statement to be correct, and have caused the same to be attested by the signatures of the members of the board, or a majority thereof, on Tuesday, July 16, 2024.","Secretary","Chairman","Canvassing Board","Canvassing Board","Page -1 of 1"
,,"Statement and Return Report

for Certification



Primary Election 2024 - 06/25/2024


Crossover - 
Democratic Party




Democratic Representative in Congress


10th Congressional District


Vote for 1","Kings County","RAINY LEHMAN (Write-In)",1,,,,,,,"Total Votes","20,612","Unrecorded",444,,"We certify this statement to be correct, and have caused the same to be attested by the signatures of the members of the board, or a majority thereof, on Tuesday, July 16, 2024.","Secretary","Chairman","Canvassing Board","Canvassing Board","Page -1 of 1"
,,"Statement and Return Report

for Certification



Primary Election 2024 - 06/25/2024


Crossover - 
Democratic Party




Democratic Representative in Congress


10th Congressional District


Vote for 1","Kings County","RASHIDA TLAIB (Write-In)",2,,,,,,,"Total Votes","20,612","Unrecorded",444,,"We certify this statement to be correct, and have caused the same to be attested by the signatures of the members of the board, or a majority thereof, on Tuesday, July 16, 2024.","Secretary","Chairman","Canvassing Board","Canvassing Board","Page -1 of 1"
,,"Statement and Return Report

for Certification



Primary Election 2024 - 06/25/2024


Crossover - 
Democratic Party




Democratic Representative in Congress


10th Congressional District


Vote for 1","Kings County","REBECCA DAVIS (Write-In)",1,,,,,,,"Total Votes","20,612","Unrecorded",444,,"We certify this statement to be correct, and have caused the same to be attested by the signatures of the members of the board, or a majority thereof, on Tuesday, July 16, 2024.","Secretary","Chairman","Canvassing Board","Canvassing Board","Page -1 of 1"
,,"Statement and Return Report

for Certification



Primary Election 2024 - 06/25/2024


Crossover - 
Democratic Party




Democratic Representative in Congress


10th Congressional District


Vote for 1","Kings County","REGINA DOWNEY (Write-In)",1,,,,,,,"Total Votes","20,612","Unrecorded",444,,"We certify this statement to be correct, and have caused the same to be attested by the signatures of the members of the board, or a majority thereof, on Tuesday, July 16, 2024.","Secretary","Chairman","Canvassing Board","Canvassing Board","Page -1 of 1"
,,"Statement and Return Report

for Certification



Primary Election 2024 - 06/25/2024


Crossover - 
Democratic Party




Democratic Representative in Congress


10th Congressional District


Vote for 1","Kings County","RICHIE TORRES (Write-In)",1,,,,,,,"Total Votes","20,612","Unrecorded",444,,"We certify this statement to be correct, and have caused the same to be attested by the signatures of the members of the board, or a majority thereof, on Tuesday, July 16, 2024.","Secretary","Chairman","Canvassing Board","Canvassing Board","Page -1 of 1"
,,"Statement and Return Report

for Certification



Primary Election 2024 - 06/25/2024


Crossover - 
Democratic Party




Democratic Representative in Congress


10th Congressional District


Vote for 1","Kings County","SAM ALBERTI (Write-In)",1,,,,,,,"Total Votes","20,612","Unrecorded",444,,"We certify this statement to be correct, and have caused the same to be attested by the signatures of the members of the board, or a majority thereof, on Tuesday, July 16, 2024.","Secretary","Chairman","Canvassing Board","Canvassing Board","Page -1 of 1"
,,"Statement and Return Report

for Certification



Primary Election 2024 - 06/25/2024


Crossover - 
Democratic Party




Democratic Representative in Congress


10th Congressional District


Vote for 1","Kings County","SAMUEL BACHNER (Write-In)",1,,,,,,,"Total Votes","20,612","Unrecorded",444,,"We certify this statement to be correct, and have caused the same to be attested by the signatures of the members of the board, or a majority thereof, on Tuesday, July 16, 2024.","Secretary","Chairman","Canvassing Board","Canvassing Board","Page -1 of 1"
,,"Statement and Return Report

for Certification



Primary Election 2024 - 06/25/2024


Crossover - 
Democratic Party




Democratic Representative in Congress


10th Congressional District


Vote for 1","Kings County","SAMUEL Z FISCHER (Write-In)",1,,,,,,,"Total Votes","20,612","Unrecorded",444,,"We certify this statement to be correct, and have caused the same to be attested by the signatures of the members of the board, or a majority thereof, on Tuesday, July 16, 2024.","Secretary","Chairman","Canvassing Board","Canvassing Board","Page -1 of 1"
,,"Statement and Return Report

for Certification



Primary Election 2024 - 06/25/2024


Crossover - 
Democratic Party




Democratic Representative in Congress


10th Congressional District


Vote for 1","Kings County","SANDIA KHALID (Write-In)",1,,,,,,,"Total Votes","20,612","Unrecorded",444,,"We certify this statement to be correct, and have caused the same to be attested by the signatures of the members of the board, or a majority thereof, on Tuesday, July 16, 2024.","Secretary","Chairman","Canvassing Board","Canvassing Board","Page -1 of 1"
,,"Statement and Return Report

for Certification



Primary Election 2024 - 06/25/2024


Crossover - 
Democratic Party




Democratic Representative in Congress


10th Congressional District


Vote for 1","Kings County","SCOTT FOUST (Write-In)",1,,,,,,,"Total Votes","20,612","Unrecorded",444,,"We certify this statement to be correct, and have caused the same to be attested by the signatures of the members of the board, or a majority thereof, on Tuesday, July 16, 2024.","Secretary","Chairman","Canvassing Board","Canvassing Board","Page -1 of 1"
,,"Statement and Return Report

for Certification



Primary Election 2024 - 06/25/2024


Crossover - 
Democratic Party




Democratic Representative in Congress


10th Congressional District


Vote for 1","Kings County","SHABARA HANI (Write-In)",1,,,,,,,"Total Votes","20,612","Unrecorded",444,,"We certify this statement to be correct, and have caused the same to be attested by the signatures of the members of the board, or a majority thereof, on Tuesday, July 16, 2024.","Secretary","Chairman","Canvassing Board","Canvassing Board","Page -1 of 1"
,,"Statement and Return Report

for Certification



Primary Election 2024 - 06/25/2024


Crossover - 
Democratic Party




Democratic Representative in Congress


10th Congressional District


Vote for 1","Kings County","SHAHANA HANIF (Write-In)",2,,,,,,,"Total Votes","20,612","Unrecorded",444,,"We certify this statement to be correct, and have caused the same to be attested by the signatures of the members of the board, or a majority thereof, on Tuesday, July 16, 2024.","Secretary","Chairman","Canvassing Board","Canvassing Board","Page -1 of 1"
,,"Statement and Return Report

for Certification



Primary Election 2024 - 06/25/2024


Crossover - 
Democratic Party




Democratic Representative in Congress


10th Congressional District


Vote for 1","Kings County","SHEHAB CHOWDHARY (Write-In)",1,,,,,,,"Total Votes","20,612","Unrecorded",444,,"We certify this statement to be correct, and have caused the same to be attested by the signatures of the members of the board, or a majority thereof, on Tuesday, July 16, 2024.","Secretary","Chairman","Canvassing Board","Canvassing Board","Page -1 of 1"
,,"Statement and Return Report

for Certification



Primary Election 2024 - 06/25/2024


Crossover - 
Democratic Party




Democratic Representative in Congress


10th Congressional District


Vote for 1","Kings County","SIMCHA FELDER (Write-In)",1,,,,,,,"Total Votes","20,612","Unrecorded",444,,"We certify this statement to be correct, and have caused the same to be attested by the signatures of the members of the board, or a majority thereof, on Tuesday, July 16, 2024.","Secretary","Chairman","Canvassing Board","Canvassing Board","Page -1 of 1"
,,"Statement and Return Report

for Certification



Primary Election 2024 - 06/25/2024


Crossover - 
Democratic Party




Democratic Representative in Congress


10th Congressional District


Vote for 1","Kings County","SONYA LEVITOVA (Write-In)",1,,,,,,,"Total Votes","20,612","Unrecorded",444,,"We certify this statement to be correct, and have caused the same to be attested by the signatures of the members of the board, or a majority thereof, on Tuesday, July 16, 2024.","Secretary","Chairman","Canvassing Board","Canvassing Board","Page -1 of 1"
,,"Statement and Return Report

for Certification



Primary Election 2024 - 06/25/2024


Crossover - 
Democratic Party




Democratic Representative in Congress


10th Congressional District


Vote for 1","Kings County","SPENCER CAPLAN (Write-In)",1,,,,,,,"Total Votes","20,612","Unrecorded",444,,"We certify this statement to be correct, and have caused the same to be attested by the signatures of the members of the board, or a majority thereof, on Tuesday, July 16, 2024.","Secretary","Chairman","Canvassing Board","Canvassing Board","Page -1 of 1"
,,"Statement and Return Report

for Certification



Primary Election 2024 - 06/25/2024


Crossover - 
Democratic Party




Democratic Representative in Congress


10th Congressional District


Vote for 1","Kings County","STEPH SALOMONSEN (Write-In)",1,,,,,,,"Total Votes","20,612","Unrecorded",444,,"We certify this statement to be correct, and have caused the same to be attested by the signatures of the members of the board, or a majority thereof, on Tuesday, July 16, 2024.","Secretary","Chairman","Canvassing Board","Canvassing Board","Page -1 of 1"
,,"Statement and Return Report

for Certification



Primary Election 2024 - 06/25/2024


Crossover - 
Democratic Party




Democratic Representative in Congress


10th Congressional District


Vote for 1","Kings County","SUSAN CHAPMAN HUGHS (Write-In)",1,,,,,,,"Total Votes","20,612","Unrecorded",444,,"We certify this statement to be correct, and have caused the same to be attested by the signatures of the members of the board, or a majority thereof, on Tuesday, July 16, 2024.","Secretary","Chairman","Canvassing Board","Canvassing Board","Page -1 of 1"
,,"Statement and Return Report

for Certification



Primary Election 2024 - 06/25/2024


Crossover - 
Democratic Party




Democratic Representative in Congress


10th Congressional District


Vote for 1","Kings County","SUSAN KENT (Write-In)",1,,,,,,,"Total Votes","20,612","Unrecorded",444,,"We certify this statement to be correct, and have caused the same to be attested by the signatures of the members of the board, or a majority thereof, on Tuesday, July 16, 2024.","Secretary","Chairman","Canvassing Board","Canvassing Board","Page -1 of 1"
,,"Statement and Return Report

for Certification



Primary Election 2024 - 06/25/2024


Crossover - 
Democratic Party




Democratic Representative in Congress


10th Congressional District


Vote for 1","Kings County","TERRY DORNER (Write-In)",1,,,,,,,"Total Votes","20,612","Unrecorded",444,,"We certify this statement to be correct, and have caused the same to be attested by the signatures of the members of the board, or a majority thereof, on Tuesday, July 16, 2024.","Secretary","Chairman","Canvassing Board","Canvassing Board","Page -1 of 1"
,,"Statement and Return Report

for Certification



Primary Election 2024 - 06/25/2024


Crossover - 
Democratic Party




Democratic Representative in Congress


10th Congressional District


Vote for 1","Kings County","TEVIN WILLIAMS (Write-In)",1,,,,,,,"Total Votes","20,612","Unrecorded",444,,"We certify this statement to be correct, and have caused the same to be attested by the signatures of the members of the board, or a majority thereof, on Tuesday, July 16, 2024.","Secretary","Chairman","Canvassing Board","Canvassing Board","Page -1 of 1"
,,"Statement and Return Report

for Certification



Primary Election 2024 - 06/25/2024


Crossover - 
Democratic Party




Democratic Representative in Congress


10th Congressional District


Vote for 1","Kings County","TODD FRANCES (Write-In)",1,,,,,,,"Total Votes","20,612","Unrecorded",444,,"We certify this statement to be correct, and have caused the same to be attested by the signatures of the members of the board, or a majority thereof, on Tuesday, July 16, 2024.","Secretary","Chairman","Canvassing Board","Canvassing Board","Page -1 of 1"
,,"Statement and Return Report

for Certification



Primary Election 2024 - 06/25/2024


Crossover - 
Democratic Party




Democratic Representative in Congress


10th Congressional District


Vote for 1","Kings County","UNATTRIBUTABLE WRITE-IN (Write-In)",179,,,,,,,"Total Votes","20,612","Unrecorded",444,,"We certify this statement to be correct, and have caused the same to be attested by the signatures of the members of the board, or a majority thereof, on Tuesday, July 16, 2024.","Secretary","Chairman","Canvassing Board","Canvassing Board","Page -1 of 1"
,,"Statement and Return Report

for Certification



Primary Election 2024 - 06/25/2024


Crossover - 
Democratic Party




Democratic Representative in Congress


10th Congressional District


Vote for 1","Kings County","UNCOUNTED WRITE-IN PER STATUTE (Write-In)",2,,,,,,,"Total Votes","20,612","Unrecorded",444,,"We certify this statement to be correct, and have caused the same to be attested by the signatures of the members of the board, or a majority thereof, on Tuesday, July 16, 2024.","Secretary","Chairman","Canvassing Board","Canvassing Board","Page -1 of 1"
,,"Statement and Return Report

for Certification



Primary Election 2024 - 06/25/2024


Crossover - 
Democratic Party




Democratic Representative in Congress


10th Congressional District


Vote for 1","Kings County","WAYNE MURATORE (Write-In)",1,,,,,,,"Total Votes","20,612","Unrecorded",444,,"We certify this statement to be correct, and have caused the same to be attested by the signatures of the members of the board, or a majority thereof, on Tuesday, July 16, 2024.","Secretary","Chairman","Canvassing Board","Canvassing Board","Page -1 of 1"
,,"Statement and Return Report

for Certification



Primary Election 2024 - 06/25/2024


Crossover - 
Democratic Party




Democratic Representative in Congress


10th Congressional District


Vote for 1","Kings County","YASSER ARAFAT (Write-In)",1,,,,,,,"Total Votes","20,612","Unrecorded",444,,"We certify this statement to be correct, and have caused the same to be attested by the signatures of the members of the board, or a majority thereof, on Tuesday, July 16, 2024.","Secretary","Chairman","Canvassing Board","Canvassing Board","Page -1 of 1"
,,"Statement and Return Report

for Certification



Primary Election 2024 - 06/25/2024


Crossover - 
Democratic Party




Democratic Representative in Congress


10th Congressional District


Vote for 1","Kings County","YOSSI GESTSTNER (Write-In)",1,,,,,,,"Total Votes","20,612","Unrecorded",444,,"We certify this statement to be correct, and have caused the same to be attested by the signatures of the members of the board, or a majority thereof, on Tuesday, July 16, 2024.","Secretary","Chairman","Canvassing Board","Canvassing Board","Page -1 of 1"
,,"Statement and Return Report

for Certification



Primary Election 2024 - 06/25/2024


Crossover - 
Democratic Party




Democratic Representative in Congress


10th Congressional District


Vote for 1","Kings County","YUH LINE NIOU (Write-In)",24,,,,,,,"Total Votes","20,612","Unrecorded",444,,"We certify this statement to be correct, and have caused the same to be attested by the signatures of the members of the board, or a majority thereof, on Tuesday, July 16, 2024.","Secretary","Chairman","Canvassing Board","Canvassing Board","Page -1 of 1"
,,"Statement and Return Report

for Certification



Primary Election 2024 - 06/25/2024


Crossover - 
Democratic Party




Democratic Representative in Congress


10th Congressional District


Vote for 1","Total for Democratic Representative in Congress (10th Congressional District)","Public Counter","32,136","Total Ballots","37,397","Less - Inapplicable Federal/Special Presidential Ballots",0,"Total Applicable Ballots","37,397",,,"Unrecorded","1,041",,"We certify this statement to be correct, and have caused the same to be attested by the signatures of the members of the board, or a majority thereof, on Tuesday, July 16, 2024.","Secretary","Chairman","Canvassing Board","Canvassing Board","Page -1 of 1"
,,"Statement and Return Report

for Certification



Primary Election 2024 - 06/25/2024


Crossover - 
Democratic Party




Democratic Representative in Congress


10th Congressional District


Vote for 1","Total for Democratic Representative in Congress (10th Congressional District)","Manually Counted Emergency",0,"Total Ballots","37,397","Less - Inapplicable Federal/Special Presidential Ballots",0,"Total Applicable Ballots","37,397",,,"Unrecorded","1,041",,"We certify this statement to be correct, and have caused the same to be attested by the signatures of the members of the board, or a majority thereof, on Tuesday, July 16, 2024.","Secretary","Chairman","Canvassing Board","Canvassing Board","Page -1 of 1"
,,"Statement and Return Report

for Certification



Primary Election 2024 - 06/25/2024


Crossover - 
Democratic Party




Democratic Representative in Congress


10th Congressional District


Vote for 1","Total for Democratic Representative in Congress (10th Congressional District)","Absentee / Military","4,685","Total Ballots","37,397","Less - Inapplicable Federal/Special Presidential Ballots",0,"Total Applicable Ballots","37,397",,,"Unrecorded","1,041",,"We certify this statement to be correct, and have caused the same to be attested by the signatures of the members of the board, or a majority thereof, on Tuesday, July 16, 2024.","Secretary","Chairman","Canvassing Board","Canvassing Board","Page -1 of 1"
,,"Statement and Return Report

for Certification



Primary Election 2024 - 06/25/2024


Crossover - 
Democratic Party




Democratic Representative in Congress


10th Congressional District


Vote for 1","Total for Democratic Representative in Congress (10th Congressional District)","Federal",301,"Total Ballots","37,397","Less - Inapplicable Federal/Special Presidential Ballots",0,"Total Applicable Ballots","37,397",,,"Unrecorded","1,041",,"We certify this statement to be correct, and have caused the same to be attested by the signatures of the members of the board, or a majority thereof, on Tuesday, July 16, 2024.","Secretary","Chairman","Canvassing Board","Canvassing Board","Page -1 of 1"
,,"Statement and Return Report

for Certification



Primary Election 2024 - 06/25/2024


Crossover - 
Democratic Party




Democratic Representative in Congress


10th Congressional District


Vote for 1","Total for Democratic Representative in Congress (10th Congressional District)","Affidavit",275,"Total Ballots","37,397","Less - Inapplicable Federal/Special Presidential Ballots",0,"Total Applicable Ballots","37,397",,,"Unrecorded","1,041",,"We certify this statement to be correct, and have caused the same to be attested by the signatures of the members of the board, or a majority thereof, on Tuesday, July 16, 2024.","Secretary","Chairman","Canvassing Board","Canvassing Board","Page -1 of 1"
,,"Statement and Return Report

for Certification



Primary Election 2024 - 06/25/2024


Crossover - 
Democratic Party




Democratic Representative in Congress


10th Congressional District


Vote for 1","Total for Democratic Representative in Congress (10th Congressional District)","Bruno Grandsard","3,792",,,,,,,"Total Votes","36,356","Unrecorded","1,041",,"We certify this statement to be correct, and have caused the same to be attested by the signatures of the members of the board, or a majority thereof, on Tuesday, July 16, 2024.","Secretary","Chairman","Canvassing Board","Canvassing Board","Page -1 of 1"
,,"Statement and Return Report

for Certification



Primary Election 2024 - 06/25/2024


Crossover - 
Democratic Party




Democratic Representative in Congress


10th Congressional District


Vote for 1","Total for Democratic Representative in Congress (10th Congressional District)","Evan Hutchison","8,412",,,,,,,"Total Votes","36,356","Unrecorded","1,041",,"We certify this statement to be correct, and have caused the same to be attested by the signatures of the members of the board, or a majority thereof, on Tuesday, July 16, 2024.","Secretary","Chairman","Canvassing Board","Canvassing Board","Page -1 of 1"
,,"Statement and Return Report

for Certification



Primary Election 2024 - 06/25/2024


Crossover - 
Democratic Party




Democratic Representative in Congress


10th Congressional District


Vote for 1","Total for Democratic Representative in Congress (10th Congressional District)","Daniel Goldman","23,595",,,,,,,"Total Votes","36,356","Unrecorded","1,041",,"We certify this statement to be correct, and have caused the same to be attested by the signatures of the members of the board, or a majority thereof, on Tuesday, July 16, 2024.","Secretary","Chairman","Canvassing Board","Canvassing Board","Page -1 of 1"
,,"Statement and Return Report

for Certification



Primary Election 2024 - 06/25/2024


Crossover - 
Democratic Party




Democratic Representative in Congress


10th Congressional District


Vote for 1","Total for Democratic Representative in Congress (10th Congressional District)","AARON KOFFMAN (Write-In)",1,,,,,,,"Total Votes","36,356","Unrecorded","1,041",,"We certify this statement to be correct, and have caused the same to be attested by the signatures of the members of the board, or a majority thereof, on Tuesday, July 16, 2024.","Secretary","Chairman","Canvassing Board","Canvassing Board","Page -1 of 1"
,,"Statement and Return Report

for Certification



Primary Election 2024 - 06/25/2024


Crossover - 
Democratic Party




Democratic Representative in Congress


10th Congressional District


Vote for 1","Total for Democratic Representative in Congress (10th Congressional District)","ABU AMMAR (Write-In)",1,,,,,,,"Total Votes","36,356","Unrecorded","1,041",,"We certify this statement to be correct, and have caused the same to be attested by the signatures of the members of the board, or a majority thereof, on Tuesday, July 16, 2024.","Secretary","Chairman","Canvassing Board","Canvassing Board","Page -1 of 1"
,,"Statement and Return Report

for Certification



Primary Election 2024 - 06/25/2024


Crossover - 
Democratic Party




Democratic Representative in Congress


10th Congressional District


Vote for 1","Total for Democratic Representative in Congress (10th Congressional District)","ADAM GAZA (Write-In)",2,,,,,,,"Total Votes","36,356","Unrecorded","1,041",,"We certify this statement to be correct, and have caused the same to be attested by the signatures of the members of the board, or a majority thereof, on Tuesday, July 16, 2024.","Secretary","Chairman","Canvassing Board","Canvassing Board","Page -1 of 1"
,,"Statement and Return Report

for Certification



Primary Election 2024 - 06/25/2024


Crossover - 
Democratic Party




Democratic Representative in Congress


10th Congressional District


Vote for 1","Total for Democratic Representative in Congress (10th Congressional District)","ADAM GRUMBACKA (Write-In)",1,,,,,,,"Total Votes","36,356","Unrecorded","1,041",,"We certify this statement to be correct, and have caused the same to be attested by the signatures of the members of the board, or a majority thereof, on Tuesday, July 16, 2024.","Secretary","Chairman","Canvassing Board","Canvassing Board","Page -1 of 1"
,,"Statement and Return Report

for Certification



Primary Election 2024 - 06/25/2024


Crossover - 
Democratic Party




Democratic Representative in Congress


10th Congressional District


Vote for 1","Total for Democratic Representative in Congress (10th Congressional District)","AL ALSTON (Write-In)",1,,,,,,,"Total Votes","36,356","Unrecorded","1,041",,"We certify this statement to be correct, and have caused the same to be attested by the signatures of the members of the board, or a majority thereof, on Tuesday, July 16, 2024.","Secretary","Chairman","Canvassing Board","Canvassing Board","Page -1 of 1"
,,"Statement and Return Report

for Certification



Primary Election 2024 - 06/25/2024


Crossover - 
Democratic Party




Democratic Representative in Congress


10th Congressional District


Vote for 1","Total for Democratic Representative in Congress (10th Congressional District)","ALEX ZHANG (Write-In)",1,,,,,,,"Total Votes","36,356","Unrecorded","1,041",,"We certify this statement to be correct, and have caused the same to be attested by the signatures of the members of the board, or a majority thereof, on Tuesday, July 16, 2024.","Secretary","Chairman","Canvassing Board","Canvassing Board","Page -1 of 1"
,,"Statement and Return Report

for Certification



Primary Election 2024 - 06/25/2024


Crossover - 
Democratic Party




Democratic Representative in Congress


10th Congressional District


Vote for 1","Total for Democratic Representative in Congress (10th Congressional District)","ALEXA AVILES (Write-In)",4,,,,,,,"Total Votes","36,356","Unrecorded","1,041",,"We certify this statement to be correct, and have caused the same to be attested by the signatures of the members of the board, or a majority thereof, on Tuesday, July 16, 2024.","Secretary","Chairman","Canvassing Board","Canvassing Board","Page -1 of 1"
,,"Statement and Return Report

for Certification



Primary Election 2024 - 06/25/2024


Crossover - 
Democratic Party




Democratic Representative in Congress


10th Congressional District


Vote for 1","Total for Democratic Representative in Congress (10th Congressional District)","AMEYA BIRADAVOLU (Write-In)",1,,,,,,,"Total Votes","36,356","Unrecorded","1,041",,"We certify this statement to be correct, and have caused the same to be attested by the signatures of the members of the board, or a majority thereof, on Tuesday, July 16, 2024.","Secretary","Chairman","Canvassing Board","Canvassing Board","Page -1 of 1"
,,"Statement and Return Report

for Certification



Primary Election 2024 - 06/25/2024


Crossover - 
Democratic Party




Democratic Representative in Congress


10th Congressional District


Vote for 1","Total for Democratic Representative in Congress (10th Congressional District)","AMY PLUMB OPPENHEIMER (Write-In)",1,,,,,,,"Total Votes","36,356","Unrecorded","1,041",,"We certify this statement to be correct, and have caused the same to be attested by the signatures of the members of the board, or a majority thereof, on Tuesday, July 16, 2024.","Secretary","Chairman","Canvassing Board","Canvassing Board","Page -1 of 1"
,,"Statement and Return Report

for Certification



Primary Election 2024 - 06/25/2024


Crossover - 
Democratic Party




Democratic Representative in Congress


10th Congressional District


Vote for 1","Total for Democratic Representative in Congress (10th Congressional District)","ANTHONY PONZIO (Write-In)",1,,,,,,,"Total Votes","36,356","Unrecorded","1,041",,"We certify this statement to be correct, and have caused the same to be attested by the signatures of the members of the board, or a majority thereof, on Tuesday, July 16, 2024.","Secretary","Chairman","Canvassing Board","Canvassing Board","Page -1 of 1"
,,"Statement and Return Report

for Certification



Primary Election 2024 - 06/25/2024


Crossover - 
Democratic Party




Democratic Representative in Congress


10th Congressional District


Vote for 1","Total for Democratic Representative in Congress (10th Congressional District)","BANZOIN A HALBERTAM (Write-In)",1,,,,,,,"Total Votes","36,356","Unrecorded","1,041",,"We certify this statement to be correct, and have caused the same to be attested by the signatures of the members of the board, or a majority thereof, on Tuesday, July 16, 2024.","Secretary","Chairman","Canvassing Board","Canvassing Board","Page -1 of 1"
,,"Statement and Return Report

for Certification



Primary Election 2024 - 06/25/2024


Crossover - 
Democratic Party




Democratic Representative in Congress


10th Congressional District


Vote for 1","Total for Democratic Representative in Congress (10th Congressional District)","BENJAMIN GRUBER (Write-In)",1,,,,,,,"Total Votes","36,356","Unrecorded","1,041",,"We certify this statement to be correct, and have caused the same to be attested by the signatures of the members of the board, or a majority thereof, on Tuesday, July 16, 2024.","Secretary","Chairman","Canvassing Board","Canvassing Board","Page -1 of 1"
,,"Statement and Return Report

for Certification



Primary Election 2024 - 06/25/2024


Crossover - 
Democratic Party




Democratic Representative in Congress


10th Congressional District


Vote for 1","Total for Democratic Representative in Congress (10th Congressional District)","BENY BERMAN (Write-In)",1,,,,,,,"Total Votes","36,356","Unrecorded","1,041",,"We certify this statement to be correct, and have caused the same to be attested by the signatures of the members of the board, or a majority thereof, on Tuesday, July 16, 2024.","Secretary","Chairman","Canvassing Board","Canvassing Board","Page -1 of 1"
,,"Statement and Return Report

for Certification



Primary Election 2024 - 06/25/2024


Crossover - 
Democratic Party




Democratic Representative in Congress


10th Congressional District


Vote for 1","Total for Democratic Representative in Congress (10th Congressional District)","BENZIOH UNGER (Write-In)",1,,,,,,,"Total Votes","36,356","Unrecorded","1,041",,"We certify this statement to be correct, and have caused the same to be attested by the signatures of the members of the board, or a majority thereof, on Tuesday, July 16, 2024.","Secretary","Chairman","Canvassing Board","Canvassing Board","Page -1 of 1"
,,"Statement and Return Report

for Certification



Primary Election 2024 - 06/25/2024


Crossover - 
Democratic Party




Democratic Representative in Congress


10th Congressional District


Vote for 1","Total for Democratic Representative in Congress (10th Congressional District)","BERK SAWYER (Write-In)",1,,,,,,,"Total Votes","36,356","Unrecorded","1,041",,"We certify this statement to be correct, and have caused the same to be attested by the signatures of the members of the board, or a majority thereof, on Tuesday, July 16, 2024.","Secretary","Chairman","Canvassing Board","Canvassing Board","Page -1 of 1"
,,"Statement and Return Report

for Certification



Primary Election 2024 - 06/25/2024


Crossover - 
Democratic Party




Democratic Representative in Congress


10th Congressional District


Vote for 1","Total for Democratic Representative in Congress (10th Congressional District)","BRAD LANDERS (Write-In)",1,,,,,,,"Total Votes","36,356","Unrecorded","1,041",,"We certify this statement to be correct, and have caused the same to be attested by the signatures of the members of the board, or a majority thereof, on Tuesday, July 16, 2024.","Secretary","Chairman","Canvassing Board","Canvassing Board","Page -1 of 1"
,,"Statement and Return Report

for Certification



Primary Election 2024 - 06/25/2024


Crossover - 
Democratic Party




Democratic Representative in Congress


10th Congressional District


Vote for 1","Total for Democratic Representative in Congress (10th Congressional District)","BRIAN KIRKPATRICK (Write-In)",1,,,,,,,"Total Votes","36,356","Unrecorded","1,041",,"We certify this statement to be correct, and have caused the same to be attested by the signatures of the members of the board, or a majority thereof, on Tuesday, July 16, 2024.","Secretary","Chairman","Canvassing Board","Canvassing Board","Page -1 of 1"
,,"Statement and Return Report

for Certification



Primary Election 2024 - 06/25/2024


Crossover - 
Democratic Party




Democratic Representative in Congress


10th Congressional District


Vote for 1","Total for Democratic Representative in Congress (10th Congressional District)","BRIDGET BREEN-RITTAR (Write-In)",1,,,,,,,"Total Votes","36,356","Unrecorded","1,041",,"We certify this statement to be correct, and have caused the same to be attested by the signatures of the members of the board, or a majority thereof, on Tuesday, July 16, 2024.","Secretary","Chairman","Canvassing Board","Canvassing Board","Page -1 of 1"
,,"Statement and Return Report

for Certification



Primary Election 2024 - 06/25/2024


Crossover - 
Democratic Party




Democratic Representative in Congress


10th Congressional District


Vote for 1","Total for Democratic Representative in Congress (10th Congressional District)","BRITTNEY ERAZ (Write-In)",1,,,,,,,"Total Votes","36,356","Unrecorded","1,041",,"We certify this statement to be correct, and have caused the same to be attested by the signatures of the members of the board, or a majority thereof, on Tuesday, July 16, 2024.","Secretary","Chairman","Canvassing Board","Canvassing Board","Page -1 of 1"
,,"Statement and Return Report

for Certification



Primary Election 2024 - 06/25/2024


Crossover - 
Democratic Party




Democratic Representative in Congress


10th Congressional District


Vote for 1","Total for Democratic Representative in Congress (10th Congressional District)","BULSHER SILVERMAN (Write-In)",1,,,,,,,"Total Votes","36,356","Unrecorded","1,041",,"We certify this statement to be correct, and have caused the same to be attested by the signatures of the members of the board, or a majority thereof, on Tuesday, July 16, 2024.","Secretary","Chairman","Canvassing Board","Canvassing Board","Page -1 of 1"
,,"Statement and Return Report

for Certification



Primary Election 2024 - 06/25/2024


Crossover - 
Democratic Party




Democratic Representative in Congress


10th Congressional District


Vote for 1","Total for Democratic Representative in Congress (10th Congressional District)","CARLINA RIVERA (Write-In)",5,,,,,,,"Total Votes","36,356","Unrecorded","1,041",,"We certify this statement to be correct, and have caused the same to be attested by the signatures of the members of the board, or a majority thereof, on Tuesday, July 16, 2024.","Secretary","Chairman","Canvassing Board","Canvassing Board","Page -1 of 1"
,,"Statement and Return Report

for Certification



Primary Election 2024 - 06/25/2024


Crossover - 
Democratic Party




Democratic Representative in Congress


10th Congressional District


Vote for 1","Total for Democratic Representative in Congress (10th Congressional District)","CARLOS MENCHACHA (Write-In)",1,,,,,,,"Total Votes","36,356","Unrecorded","1,041",,"We certify this statement to be correct, and have caused the same to be attested by the signatures of the members of the board, or a majority thereof, on Tuesday, July 16, 2024.","Secretary","Chairman","Canvassing Board","Canvassing Board","Page -1 of 1"
,,"Statement and Return Report

for Certification



Primary Election 2024 - 06/25/2024


Crossover - 
Democratic Party




Democratic Representative in Congress


10th Congressional District


Vote for 1","Total for Democratic Representative in Congress (10th Congressional District)","CAROLINA RIVERA (Write-In)",2,,,,,,,"Total Votes","36,356","Unrecorded","1,041",,"We certify this statement to be correct, and have caused the same to be attested by the signatures of the members of the board, or a majority thereof, on Tuesday, July 16, 2024.","Secretary","Chairman","Canvassing Board","Canvassing Board","Page -1 of 1"
,,"Statement and Return Report

for Certification



Primary Election 2024 - 06/25/2024


Crossover - 
Democratic Party




Democratic Representative in Congress


10th Congressional District


Vote for 1","Total for Democratic Representative in Congress (10th Congressional District)","CHAIM GOLDBERG (Write-In)",1,,,,,,,"Total Votes","36,356","Unrecorded","1,041",,"We certify this statement to be correct, and have caused the same to be attested by the signatures of the members of the board, or a majority thereof, on Tuesday, July 16, 2024.","Secretary","Chairman","Canvassing Board","Canvassing Board","Page -1 of 1"
,,"Statement and Return Report

for Certification



Primary Election 2024 - 06/25/2024


Crossover - 
Democratic Party




Democratic Representative in Congress


10th Congressional District


Vote for 1","Total for Democratic Representative in Congress (10th Congressional District)","CHAYA KISS (Write-In)",1,,,,,,,"Total Votes","36,356","Unrecorded","1,041",,"We certify this statement to be correct, and have caused the same to be attested by the signatures of the members of the board, or a majority thereof, on Tuesday, July 16, 2024.","Secretary","Chairman","Canvassing Board","Canvassing Board","Page -1 of 1"
,,"Statement and Return Report

for Certification



Primary Election 2024 - 06/25/2024


Crossover - 
Democratic Party




Democratic Representative in Congress


10th Congressional District


Vote for 1","Total for Democratic Representative in Congress (10th Congressional District)","CHAYA SIRHIS (Write-In)",1,,,,,,,"Total Votes","36,356","Unrecorded","1,041",,"We certify this statement to be correct, and have caused the same to be attested by the signatures of the members of the board, or a majority thereof, on Tuesday, July 16, 2024.","Secretary","Chairman","Canvassing Board","Canvassing Board","Page -1 of 1"
,,"Statement and Return Report

for Certification



Primary Election 2024 - 06/25/2024


Crossover - 
Democratic Party




Democratic Representative in Congress


10th Congressional District


Vote for 1","Total for Democratic Representative in Congress (10th Congressional District)","CHRISTINA BATTEGO (Write-In)",1,,,,,,,"Total Votes","36,356","Unrecorded","1,041",,"We certify this statement to be correct, and have caused the same to be attested by the signatures of the members of the board, or a majority thereof, on Tuesday, July 16, 2024.","Secretary","Chairman","Canvassing Board","Canvassing Board","Page -1 of 1"
,,"Statement and Return Report

for Certification



Primary Election 2024 - 06/25/2024


Crossover - 
Democratic Party




Democratic Representative in Congress


10th Congressional District


Vote for 1","Total for Democratic Representative in Congress (10th Congressional District)","CHRISTOPHER LONGO (Write-In)",1,,,,,,,"Total Votes","36,356","Unrecorded","1,041",,"We certify this statement to be correct, and have caused the same to be attested by the signatures of the members of the board, or a majority thereof, on Tuesday, July 16, 2024.","Secretary","Chairman","Canvassing Board","Canvassing Board","Page -1 of 1"
,,"Statement and Return Report

for Certification



Primary Election 2024 - 06/25/2024


Crossover - 
Democratic Party




Democratic Representative in Congress


10th Congressional District


Vote for 1","Total for Democratic Representative in Congress (10th Congressional District)","CLARK KENT (Write-In)",1,,,,,,,"Total Votes","36,356","Unrecorded","1,041",,"We certify this statement to be correct, and have caused the same to be attested by the signatures of the members of the board, or a majority thereof, on Tuesday, July 16, 2024.","Secretary","Chairman","Canvassing Board","Canvassing Board","Page -1 of 1"
,,"Statement and Return Report

for Certification



Primary Election 2024 - 06/25/2024


Crossover - 
Democratic Party




Democratic Representative in Congress


10th Congressional District


Vote for 1","Total for Democratic Representative in Congress (10th Congressional District)","CRYSTAL HUDSON (Write-In)",2,,,,,,,"Total Votes","36,356","Unrecorded","1,041",,"We certify this statement to be correct, and have caused the same to be attested by the signatures of the members of the board, or a majority thereof, on Tuesday, July 16, 2024.","Secretary","Chairman","Canvassing Board","Canvassing Board","Page -1 of 1"
,,"Statement and Return Report

for Certification



Primary Election 2024 - 06/25/2024


Crossover - 
Democratic Party




Democratic Representative in Congress


10th Congressional District


Vote for 1","Total for Democratic Representative in Congress (10th Congressional District)","CURTIS SLIWA (Write-In)",1,,,,,,,"Total Votes","36,356","Unrecorded","1,041",,"We certify this statement to be correct, and have caused the same to be attested by the signatures of the members of the board, or a majority thereof, on Tuesday, July 16, 2024.","Secretary","Chairman","Canvassing Board","Canvassing Board","Page -1 of 1"
,,"Statement and Return Report

for Certification



Primary Election 2024 - 06/25/2024


Crossover - 
Democratic Party




Democratic Representative in Congress


10th Congressional District


Vote for 1","Total for Democratic Representative in Congress (10th Congressional District)","DALLAS J. SHORT (Write-In)",1,,,,,,,"Total Votes","36,356","Unrecorded","1,041",,"We certify this statement to be correct, and have caused the same to be attested by the signatures of the members of the board, or a majority thereof, on Tuesday, July 16, 2024.","Secretary","Chairman","Canvassing Board","Canvassing Board","Page -1 of 1"
,,"Statement and Return Report

for Certification



Primary Election 2024 - 06/25/2024


Crossover - 
Democratic Party




Democratic Representative in Congress


10th Congressional District


Vote for 1","Total for Democratic Representative in Congress (10th Congressional District)","DANIEL GOLDMAN (Write-In)",2,,,,,,,"Total Votes","36,356","Unrecorded","1,041",,"We certify this statement to be correct, and have caused the same to be attested by the signatures of the members of the board, or a majority thereof, on Tuesday, July 16, 2024.","Secretary","Chairman","Canvassing Board","Canvassing Board","Page -1 of 1"
,,"Statement and Return Report

for Certification



Primary Election 2024 - 06/25/2024


Crossover - 
Democratic Party




Democratic Representative in Congress


10th Congressional District


Vote for 1","Total for Democratic Representative in Congress (10th Congressional District)","DANIEL NEWCOMBE (Write-In)",1,,,,,,,"Total Votes","36,356","Unrecorded","1,041",,"We certify this statement to be correct, and have caused the same to be attested by the signatures of the members of the board, or a majority thereof, on Tuesday, July 16, 2024.","Secretary","Chairman","Canvassing Board","Canvassing Board","Page -1 of 1"
,,"Statement and Return Report

for Certification



Primary Election 2024 - 06/25/2024


Crossover - 
Democratic Party




Democratic Representative in Congress


10th Congressional District


Vote for 1","Total for Democratic Representative in Congress (10th Congressional District)","DANIEL TURKEWITZ (Write-In)",1,,,,,,,"Total Votes","36,356","Unrecorded","1,041",,"We certify this statement to be correct, and have caused the same to be attested by the signatures of the members of the board, or a majority thereof, on Tuesday, July 16, 2024.","Secretary","Chairman","Canvassing Board","Canvassing Board","Page -1 of 1"
,,"Statement and Return Report

for Certification



Primary Election 2024 - 06/25/2024


Crossover - 
Democratic Party




Democratic Representative in Congress


10th Congressional District


Vote for 1","Total for Democratic Representative in Congress (10th Congressional District)","DAVID ALQOIST (Write-In)",1,,,,,,,"Total Votes","36,356","Unrecorded","1,041",,"We certify this statement to be correct, and have caused the same to be attested by the signatures of the members of the board, or a majority thereof, on Tuesday, July 16, 2024.","Secretary","Chairman","Canvassing Board","Canvassing Board","Page -1 of 1"
,,"Statement and Return Report

for Certification



Primary Election 2024 - 06/25/2024


Crossover - 
Democratic Party




Democratic Representative in Congress


10th Congressional District


Vote for 1","Total for Democratic Representative in Congress (10th Congressional District)","DAVID BROOMES (Write-In)",1,,,,,,,"Total Votes","36,356","Unrecorded","1,041",,"We certify this statement to be correct, and have caused the same to be attested by the signatures of the members of the board, or a majority thereof, on Tuesday, July 16, 2024.","Secretary","Chairman","Canvassing Board","Canvassing Board","Page -1 of 1"
,,"Statement and Return Report

for Certification



Primary Election 2024 - 06/25/2024


Crossover - 
Democratic Party




Democratic Representative in Congress


10th Congressional District


Vote for 1","Total for Democratic Representative in Congress (10th Congressional District)","DAVID GURIEN -PECK (Write-In)",1,,,,,,,"Total Votes","36,356","Unrecorded","1,041",,"We certify this statement to be correct, and have caused the same to be attested by the signatures of the members of the board, or a majority thereof, on Tuesday, July 16, 2024.","Secretary","Chairman","Canvassing Board","Canvassing Board","Page -1 of 1"
,,"Statement and Return Report

for Certification



Primary Election 2024 - 06/25/2024


Crossover - 
Democratic Party




Democratic Representative in Congress


10th Congressional District


Vote for 1","Total for Democratic Representative in Congress (10th Congressional District)","DAVID HURSKAY (Write-In)",1,,,,,,,"Total Votes","36,356","Unrecorded","1,041",,"We certify this statement to be correct, and have caused the same to be attested by the signatures of the members of the board, or a majority thereof, on Tuesday, July 16, 2024.","Secretary","Chairman","Canvassing Board","Canvassing Board","Page -1 of 1"
,,"Statement and Return Report

for Certification



Primary Election 2024 - 06/25/2024


Crossover - 
Democratic Party




Democratic Representative in Congress


10th Congressional District


Vote for 1","Total for Democratic Representative in Congress (10th Congressional District)","DAVID JEBRIEL MICHELSON (Write-In)",1,,,,,,,"Total Votes","36,356","Unrecorded","1,041",,"We certify this statement to be correct, and have caused the same to be attested by the signatures of the members of the board, or a majority thereof, on Tuesday, July 16, 2024.","Secretary","Chairman","Canvassing Board","Canvassing Board","Page -1 of 1"
,,"Statement and Return Report

for Certification



Primary Election 2024 - 06/25/2024


Crossover - 
Democratic Party




Democratic Representative in Congress


10th Congressional District


Vote for 1","Total for Democratic Representative in Congress (10th Congressional District)","DEBORAH GERSHENOWITZ (Write-In)",1,,,,,,,"Total Votes","36,356","Unrecorded","1,041",,"We certify this statement to be correct, and have caused the same to be attested by the signatures of the members of the board, or a majority thereof, on Tuesday, July 16, 2024.","Secretary","Chairman","Canvassing Board","Canvassing Board","Page -1 of 1"
,,"Statement and Return Report

for Certification



Primary Election 2024 - 06/25/2024


Crossover - 
Democratic Party




Democratic Representative in Congress


10th Congressional District


Vote for 1","Total for Democratic Representative in Congress (10th Congressional District)","DONALD J. TRUMP (Write-In)",3,,,,,,,"Total Votes","36,356","Unrecorded","1,041",,"We certify this statement to be correct, and have caused the same to be attested by the signatures of the members of the board, or a majority thereof, on Tuesday, July 16, 2024.","Secretary","Chairman","Canvassing Board","Canvassing Board","Page -1 of 1"
,,"Statement and Return Report

for Certification



Primary Election 2024 - 06/25/2024


Crossover - 
Democratic Party




Democratic Representative in Congress


10th Congressional District


Vote for 1","Total for Democratic Representative in Congress (10th Congressional District)","DONALD TRUMP (Write-In)",6,,,,,,,"Total Votes","36,356","Unrecorded","1,041",,"We certify this statement to be correct, and have caused the same to be attested by the signatures of the members of the board, or a majority thereof, on Tuesday, July 16, 2024.","Secretary","Chairman","Canvassing Board","Canvassing Board","Page -1 of 1"
,,"Statement and Return Report

for Certification



Primary Election 2024 - 06/25/2024


Crossover - 
Democratic Party




Democratic Representative in Congress


10th Congressional District


Vote for 1","Total for Democratic Representative in Congress (10th Congressional District)","EDEN ALFASI (Write-In)",2,,,,,,,"Total Votes","36,356","Unrecorded","1,041",,"We certify this statement to be correct, and have caused the same to be attested by the signatures of the members of the board, or a majority thereof, on Tuesday, July 16, 2024.","Secretary","Chairman","Canvassing Board","Canvassing Board","Page -1 of 1"
,,"Statement and Return Report

for Certification



Primary Election 2024 - 06/25/2024


Crossover - 
Democratic Party




Democratic Representative in Congress


10th Congressional District


Vote for 1","Total for Democratic Representative in Congress (10th Congressional District)","ELISABETH HOLTEMAN (Write-In)",1,,,,,,,"Total Votes","36,356","Unrecorded","1,041",,"We certify this statement to be correct, and have caused the same to be attested by the signatures of the members of the board, or a majority thereof, on Tuesday, July 16, 2024.","Secretary","Chairman","Canvassing Board","Canvassing Board","Page -1 of 1"
,,"Statement and Return Report

for Certification



Primary Election 2024 - 06/25/2024


Crossover - 
Democratic Party




Democratic Representative in Congress


10th Congressional District


Vote for 1","Total for Democratic Representative in Congress (10th Congressional District)","ELIZABETH HOLTZMAN (Write-In)",1,,,,,,,"Total Votes","36,356","Unrecorded","1,041",,"We certify this statement to be correct, and have caused the same to be attested by the signatures of the members of the board, or a majority thereof, on Tuesday, July 16, 2024.","Secretary","Chairman","Canvassing Board","Canvassing Board","Page -1 of 1"
,,"Statement and Return Report

for Certification



Primary Election 2024 - 06/25/2024


Crossover - 
Democratic Party




Democratic Representative in Congress


10th Congressional District


Vote for 1","Total for Democratic Representative in Congress (10th Congressional District)","ELIZABETH WARREN (Write-In)",1,,,,,,,"Total Votes","36,356","Unrecorded","1,041",,"We certify this statement to be correct, and have caused the same to be attested by the signatures of the members of the board, or a majority thereof, on Tuesday, July 16, 2024.","Secretary","Chairman","Canvassing Board","Canvassing Board","Page -1 of 1"
,,"Statement and Return Report

for Certification



Primary Election 2024 - 06/25/2024


Crossover - 
Democratic Party




Democratic Representative in Congress


10th Congressional District


Vote for 1","Total for Democratic Representative in Congress (10th Congressional District)","ERIC ADAMS (Write-In)",1,,,,,,,"Total Votes","36,356","Unrecorded","1,041",,"We certify this statement to be correct, and have caused the same to be attested by the signatures of the members of the board, or a majority thereof, on Tuesday, July 16, 2024.","Secretary","Chairman","Canvassing Board","Canvassing Board","Page -1 of 1"
,,"Statement and Return Report

for Certification



Primary Election 2024 - 06/25/2024


Crossover - 
Democratic Party




Democratic Representative in Congress


10th Congressional District


Vote for 1","Total for Democratic Representative in Congress (10th Congressional District)","ERIC BOTTCHER (Write-In)",1,,,,,,,"Total Votes","36,356","Unrecorded","1,041",,"We certify this statement to be correct, and have caused the same to be attested by the signatures of the members of the board, or a majority thereof, on Tuesday, July 16, 2024.","Secretary","Chairman","Canvassing Board","Canvassing Board","Page -1 of 1"
,,"Statement and Return Report

for Certification



Primary Election 2024 - 06/25/2024


Crossover - 
Democratic Party




Democratic Representative in Congress


10th Congressional District


Vote for 1","Total for Democratic Representative in Congress (10th Congressional District)","ERIC RASSI (Write-In)",1,,,,,,,"Total Votes","36,356","Unrecorded","1,041",,"We certify this statement to be correct, and have caused the same to be attested by the signatures of the members of the board, or a majority thereof, on Tuesday, July 16, 2024.","Secretary","Chairman","Canvassing Board","Canvassing Board","Page -1 of 1"
,,"Statement and Return Report

for Certification



Primary Election 2024 - 06/25/2024


Crossover - 
Democratic Party




Democratic Representative in Congress


10th Congressional District


Vote for 1","Total for Democratic Representative in Congress (10th Congressional District)","ESTEBAN CHAVEZ (Write-In)",1,,,,,,,"Total Votes","36,356","Unrecorded","1,041",,"We certify this statement to be correct, and have caused the same to be attested by the signatures of the members of the board, or a majority thereof, on Tuesday, July 16, 2024.","Secretary","Chairman","Canvassing Board","Canvassing Board","Page -1 of 1"
,,"Statement and Return Report

for Certification



Primary Election 2024 - 06/25/2024


Crossover - 
Democratic Party




Democratic Representative in Congress


10th Congressional District


Vote for 1","Total for Democratic Representative in Congress (10th Congressional District)","ETHAN MULLIGAN (Write-In)",1,,,,,,,"Total Votes","36,356","Unrecorded","1,041",,"We certify this statement to be correct, and have caused the same to be attested by the signatures of the members of the board, or a majority thereof, on Tuesday, July 16, 2024.","Secretary","Chairman","Canvassing Board","Canvassing Board","Page -1 of 1"
,,"Statement and Return Report

for Certification



Primary Election 2024 - 06/25/2024


Crossover - 
Democratic Party




Democratic Representative in Congress


10th Congressional District


Vote for 1","Total for Democratic Representative in Congress (10th Congressional District)","FELIX W. ORTIZ (Write-In)",1,,,,,,,"Total Votes","36,356","Unrecorded","1,041",,"We certify this statement to be correct, and have caused the same to be attested by the signatures of the members of the board, or a majority thereof, on Tuesday, July 16, 2024.","Secretary","Chairman","Canvassing Board","Canvassing Board","Page -1 of 1"
,,"Statement and Return Report

for Certification



Primary Election 2024 - 06/25/2024


Crossover - 
Democratic Party




Democratic Representative in Congress


10th Congressional District


Vote for 1","Total for Democratic Representative in Congress (10th Congressional District)","FRADEL HAMMER (Write-In)",1,,,,,,,"Total Votes","36,356","Unrecorded","1,041",,"We certify this statement to be correct, and have caused the same to be attested by the signatures of the members of the board, or a majority thereof, on Tuesday, July 16, 2024.","Secretary","Chairman","Canvassing Board","Canvassing Board","Page -1 of 1"
,,"Statement and Return Report

for Certification



Primary Election 2024 - 06/25/2024


Crossover - 
Democratic Party




Democratic Representative in Congress


10th Congressional District


Vote for 1","Total for Democratic Representative in Congress (10th Congressional District)","GABRIELLA WALLACK (Write-In)",1,,,,,,,"Total Votes","36,356","Unrecorded","1,041",,"We certify this statement to be correct, and have caused the same to be attested by the signatures of the members of the board, or a majority thereof, on Tuesday, July 16, 2024.","Secretary","Chairman","Canvassing Board","Canvassing Board","Page -1 of 1"
,,"Statement and Return Report

for Certification



Primary Election 2024 - 06/25/2024


Crossover - 
Democratic Party




Democratic Representative in Congress


10th Congressional District


Vote for 1","Total for Democratic Representative in Congress (10th Congressional District)","GARRET LINN (Write-In)",1,,,,,,,"Total Votes","36,356","Unrecorded","1,041",,"We certify this statement to be correct, and have caused the same to be attested by the signatures of the members of the board, or a majority thereof, on Tuesday, July 16, 2024.","Secretary","Chairman","Canvassing Board","Canvassing Board","Page -1 of 1"
,,"Statement and Return Report

for Certification



Primary Election 2024 - 06/25/2024


Crossover - 
Democratic Party




Democratic Representative in Congress


10th Congressional District


Vote for 1","Total for Democratic Representative in Congress (10th Congressional District)","GEORGE COMINSKI (Write-In)",1,,,,,,,"Total Votes","36,356","Unrecorded","1,041",,"We certify this statement to be correct, and have caused the same to be attested by the signatures of the members of the board, or a majority thereof, on Tuesday, July 16, 2024.","Secretary","Chairman","Canvassing Board","Canvassing Board","Page -1 of 1"
,,"Statement and Return Report

for Certification



Primary Election 2024 - 06/25/2024


Crossover - 
Democratic Party




Democratic Representative in Congress


10th Congressional District


Vote for 1","Total for Democratic Representative in Congress (10th Congressional District)","GERSH KUNTZMAN (Write-In)",1,,,,,,,"Total Votes","36,356","Unrecorded","1,041",,"We certify this statement to be correct, and have caused the same to be attested by the signatures of the members of the board, or a majority thereof, on Tuesday, July 16, 2024.","Secretary","Chairman","Canvassing Board","Canvassing Board","Page -1 of 1"
,,"Statement and Return Report

for Certification



Primary Election 2024 - 06/25/2024


Crossover - 
Democratic Party




Democratic Representative in Congress


10th Congressional District


Vote for 1","Total for Democratic Representative in Congress (10th Congressional District)","GREG PAK (Write-In)",2,,,,,,,"Total Votes","36,356","Unrecorded","1,041",,"We certify this statement to be correct, and have caused the same to be attested by the signatures of the members of the board, or a majority thereof, on Tuesday, July 16, 2024.","Secretary","Chairman","Canvassing Board","Canvassing Board","Page -1 of 1"
,,"Statement and Return Report

for Certification



Primary Election 2024 - 06/25/2024


Crossover - 
Democratic Party




Democratic Representative in Congress


10th Congressional District


Vote for 1","Total for Democratic Representative in Congress (10th Congressional District)","HARRY ROSSMAN (Write-In)",1,,,,,,,"Total Votes","36,356","Unrecorded","1,041",,"We certify this statement to be correct, and have caused the same to be attested by the signatures of the members of the board, or a majority thereof, on Tuesday, July 16, 2024.","Secretary","Chairman","Canvassing Board","Canvassing Board","Page -1 of 1"
,,"Statement and Return Report

for Certification



Primary Election 2024 - 06/25/2024


Crossover - 
Democratic Party




Democratic Representative in Congress


10th Congressional District


Vote for 1","Total for Democratic Representative in Congress (10th Congressional District)","HAUD MARON (Write-In)",1,,,,,,,"Total Votes","36,356","Unrecorded","1,041",,"We certify this statement to be correct, and have caused the same to be attested by the signatures of the members of the board, or a majority thereof, on Tuesday, July 16, 2024.","Secretary","Chairman","Canvassing Board","Canvassing Board","Page -1 of 1"
,,"Statement and Return Report

for Certification



Primary Election 2024 - 06/25/2024


Crossover - 
Democratic Party




Democratic Representative in Congress


10th Congressional District


Vote for 1","Total for Democratic Representative in Congress (10th Congressional District)","HILLARY CLINTON (Write-In)",1,,,,,,,"Total Votes","36,356","Unrecorded","1,041",,"We certify this statement to be correct, and have caused the same to be attested by the signatures of the members of the board, or a majority thereof, on Tuesday, July 16, 2024.","Secretary","Chairman","Canvassing Board","Canvassing Board","Page -1 of 1"
,,"Statement and Return Report

for Certification



Primary Election 2024 - 06/25/2024


Crossover - 
Democratic Party




Democratic Representative in Congress


10th Congressional District


Vote for 1","Total for Democratic Representative in Congress (10th Congressional District)","HIND RAJAB (Write-In)",1,,,,,,,"Total Votes","36,356","Unrecorded","1,041",,"We certify this statement to be correct, and have caused the same to be attested by the signatures of the members of the board, or a majority thereof, on Tuesday, July 16, 2024.","Secretary","Chairman","Canvassing Board","Canvassing Board","Page -1 of 1"
,,"Statement and Return Report

for Certification



Primary Election 2024 - 06/25/2024


Crossover - 
Democratic Party




Democratic Representative in Congress


10th Congressional District


Vote for 1","Total for Democratic Representative in Congress (10th Congressional District)","HOWARD GRAEBARD (Write-In)",1,,,,,,,"Total Votes","36,356","Unrecorded","1,041",,"We certify this statement to be correct, and have caused the same to be attested by the signatures of the members of the board, or a majority thereof, on Tuesday, July 16, 2024.","Secretary","Chairman","Canvassing Board","Canvassing Board","Page -1 of 1"
,,"Statement and Return Report

for Certification



Primary Election 2024 - 06/25/2024


Crossover - 
Democratic Party




Democratic Representative in Congress


10th Congressional District


Vote for 1","Total for Democratic Representative in Congress (10th Congressional District)","IAN MURPHY (Write-In)",1,,,,,,,"Total Votes","36,356","Unrecorded","1,041",,"We certify this statement to be correct, and have caused the same to be attested by the signatures of the members of the board, or a majority thereof, on Tuesday, July 16, 2024.","Secretary","Chairman","Canvassing Board","Canvassing Board","Page -1 of 1"
,,"Statement and Return Report

for Certification



Primary Election 2024 - 06/25/2024


Crossover - 
Democratic Party




Democratic Representative in Congress


10th Congressional District


Vote for 1","Total for Democratic Representative in Congress (10th Congressional District)","ISABELLA CORREA (Write-In)",1,,,,,,,"Total Votes","36,356","Unrecorded","1,041",,"We certify this statement to be correct, and have caused the same to be attested by the signatures of the members of the board, or a majority thereof, on Tuesday, July 16, 2024.","Secretary","Chairman","Canvassing Board","Canvassing Board","Page -1 of 1"
,,"Statement and Return Report

for Certification



Primary Election 2024 - 06/25/2024


Crossover - 
Democratic Party




Democratic Representative in Congress


10th Congressional District


Vote for 1","Total for Democratic Representative in Congress (10th Congressional District)","JACOB SCHINDELHEIM (Write-In)",1,,,,,,,"Total Votes","36,356","Unrecorded","1,041",,"We certify this statement to be correct, and have caused the same to be attested by the signatures of the members of the board, or a majority thereof, on Tuesday, July 16, 2024.","Secretary","Chairman","Canvassing Board","Canvassing Board","Page -1 of 1"
,,"Statement and Return Report

for Certification



Primary Election 2024 - 06/25/2024


Crossover - 
Democratic Party




Democratic Representative in Congress


10th Congressional District


Vote for 1","Total for Democratic Representative in Congress (10th Congressional District)","JAKE WOLFF (Write-In)",1,,,,,,,"Total Votes","36,356","Unrecorded","1,041",,"We certify this statement to be correct, and have caused the same to be attested by the signatures of the members of the board, or a majority thereof, on Tuesday, July 16, 2024.","Secretary","Chairman","Canvassing Board","Canvassing Board","Page -1 of 1"
,,"Statement and Return Report

for Certification



Primary Election 2024 - 06/25/2024


Crossover - 
Democratic Party




Democratic Representative in Congress


10th Congressional District


Vote for 1","Total for Democratic Representative in Congress (10th Congressional District)","JALEN BRONSON (Write-In)",1,,,,,,,"Total Votes","36,356","Unrecorded","1,041",,"We certify this statement to be correct, and have caused the same to be attested by the signatures of the members of the board, or a majority thereof, on Tuesday, July 16, 2024.","Secretary","Chairman","Canvassing Board","Canvassing Board","Page -1 of 1"
,,"Statement and Return Report

for Certification



Primary Election 2024 - 06/25/2024


Crossover - 
Democratic Party




Democratic Representative in Congress


10th Congressional District


Vote for 1","Total for Democratic Representative in Congress (10th Congressional District)","JAMAAL BOWMAN (Write-In)",16,,,,,,,"Total Votes","36,356","Unrecorded","1,041",,"We certify this statement to be correct, and have caused the same to be attested by the signatures of the members of the board, or a majority thereof, on Tuesday, July 16, 2024.","Secretary","Chairman","Canvassing Board","Canvassing Board","Page -1 of 1"
,,"Statement and Return Report

for Certification



Primary Election 2024 - 06/25/2024


Crossover - 
Democratic Party




Democratic Representative in Congress


10th Congressional District


Vote for 1","Total for Democratic Representative in Congress (10th Congressional District)","JEROME BOEMAN (Write-In)",1,,,,,,,"Total Votes","36,356","Unrecorded","1,041",,"We certify this statement to be correct, and have caused the same to be attested by the signatures of the members of the board, or a majority thereof, on Tuesday, July 16, 2024.","Secretary","Chairman","Canvassing Board","Canvassing Board","Page -1 of 1"
,,"Statement and Return Report

for Certification



Primary Election 2024 - 06/25/2024


Crossover - 
Democratic Party




Democratic Representative in Congress


10th Congressional District


Vote for 1","Total for Democratic Representative in Congress (10th Congressional District)","JEROME LAFAYETTE NARRAMORE (Write-In)",1,,,,,,,"Total Votes","36,356","Unrecorded","1,041",,"We certify this statement to be correct, and have caused the same to be attested by the signatures of the members of the board, or a majority thereof, on Tuesday, July 16, 2024.","Secretary","Chairman","Canvassing Board","Canvassing Board","Page -1 of 1"
,,"Statement and Return Report

for Certification



Primary Election 2024 - 06/25/2024


Crossover - 
Democratic Party




Democratic Representative in Congress


10th Congressional District


Vote for 1","Total for Democratic Representative in Congress (10th Congressional District)","JERRY NADLER (Write-In)",1,,,,,,,"Total Votes","36,356","Unrecorded","1,041",,"We certify this statement to be correct, and have caused the same to be attested by the signatures of the members of the board, or a majority thereof, on Tuesday, July 16, 2024.","Secretary","Chairman","Canvassing Board","Canvassing Board","Page -1 of 1"
,,"Statement and Return Report

for Certification



Primary Election 2024 - 06/25/2024


Crossover - 
Democratic Party




Democratic Representative in Congress


10th Congressional District


Vote for 1","Total for Democratic Representative in Congress (10th Congressional District)","JO ANNE SIMON (Write-In)",1,,,,,,,"Total Votes","36,356","Unrecorded","1,041",,"We certify this statement to be correct, and have caused the same to be attested by the signatures of the members of the board, or a majority thereof, on Tuesday, July 16, 2024.","Secretary","Chairman","Canvassing Board","Canvassing Board","Page -1 of 1"
,,"Statement and Return Report

for Certification



Primary Election 2024 - 06/25/2024


Crossover - 
Democratic Party




Democratic Representative in Congress


10th Congressional District


Vote for 1","Total for Democratic Representative in Congress (10th Congressional District)","JOANNE NICHOLAS (Write-In)",1,,,,,,,"Total Votes","36,356","Unrecorded","1,041",,"We certify this statement to be correct, and have caused the same to be attested by the signatures of the members of the board, or a majority thereof, on Tuesday, July 16, 2024.","Secretary","Chairman","Canvassing Board","Canvassing Board","Page -1 of 1"
,,"Statement and Return Report

for Certification



Primary Election 2024 - 06/25/2024


Crossover - 
Democratic Party




Democratic Representative in Congress


10th Congressional District


Vote for 1","Total for Democratic Representative in Congress (10th Congressional District)","JOANNE SIMON (Write-In)",1,,,,,,,"Total Votes","36,356","Unrecorded","1,041",,"We certify this statement to be correct, and have caused the same to be attested by the signatures of the members of the board, or a majority thereof, on Tuesday, July 16, 2024.","Secretary","Chairman","Canvassing Board","Canvassing Board","Page -1 of 1"
,,"Statement and Return Report

for Certification



Primary Election 2024 - 06/25/2024


Crossover - 
Democratic Party




Democratic Representative in Congress


10th Congressional District


Vote for 1","Total for Democratic Representative in Congress (10th Congressional District)","JOHN BLACKTHORNE (Write-In)",1,,,,,,,"Total Votes","36,356","Unrecorded","1,041",,"We certify this statement to be correct, and have caused the same to be attested by the signatures of the members of the board, or a majority thereof, on Tuesday, July 16, 2024.","Secretary","Chairman","Canvassing Board","Canvassing Board","Page -1 of 1"
,,"Statement and Return Report

for Certification



Primary Election 2024 - 06/25/2024


Crossover - 
Democratic Party




Democratic Representative in Congress


10th Congressional District


Vote for 1","Total for Democratic Representative in Congress (10th Congressional District)","JOHN TARLETEN (Write-In)",1,,,,,,,"Total Votes","36,356","Unrecorded","1,041",,"We certify this statement to be correct, and have caused the same to be attested by the signatures of the members of the board, or a majority thereof, on Tuesday, July 16, 2024.","Secretary","Chairman","Canvassing Board","Canvassing Board","Page -1 of 1"
,,"Statement and Return Report

for Certification



Primary Election 2024 - 06/25/2024


Crossover - 
Democratic Party




Democratic Representative in Congress


10th Congressional District


Vote for 1","Total for Democratic Representative in Congress (10th Congressional District)","JOHN TARLETON (Write-In)",1,,,,,,,"Total Votes","36,356","Unrecorded","1,041",,"We certify this statement to be correct, and have caused the same to be attested by the signatures of the members of the board, or a majority thereof, on Tuesday, July 16, 2024.","Secretary","Chairman","Canvassing Board","Canvassing Board","Page -1 of 1"
,,"Statement and Return Report

for Certification



Primary Election 2024 - 06/25/2024


Crossover - 
Democratic Party




Democratic Representative in Congress


10th Congressional District


Vote for 1","Total for Democratic Representative in Congress (10th Congressional District)","JOSH TYRANGIEL (Write-In)",1,,,,,,,"Total Votes","36,356","Unrecorded","1,041",,"We certify this statement to be correct, and have caused the same to be attested by the signatures of the members of the board, or a majority thereof, on Tuesday, July 16, 2024.","Secretary","Chairman","Canvassing Board","Canvassing Board","Page -1 of 1"
,,"Statement and Return Report

for Certification



Primary Election 2024 - 06/25/2024


Crossover - 
Democratic Party




Democratic Representative in Congress


10th Congressional District


Vote for 1","Total for Democratic Representative in Congress (10th Congressional District)","JOSHUA IAN PEACHY (Write-In)",1,,,,,,,"Total Votes","36,356","Unrecorded","1,041",,"We certify this statement to be correct, and have caused the same to be attested by the signatures of the members of the board, or a majority thereof, on Tuesday, July 16, 2024.","Secretary","Chairman","Canvassing Board","Canvassing Board","Page -1 of 1"
,,"Statement and Return Report

for Certification



Primary Election 2024 - 06/25/2024


Crossover - 
Democratic Party




Democratic Representative in Congress


10th Congressional District


Vote for 1","Total for Democratic Representative in Congress (10th Congressional District)","JULIE PENA (Write-In)",1,,,,,,,"Total Votes","36,356","Unrecorded","1,041",,"We certify this statement to be correct, and have caused the same to be attested by the signatures of the members of the board, or a majority thereof, on Tuesday, July 16, 2024.","Secretary","Chairman","Canvassing Board","Canvassing Board","Page -1 of 1"
,,"Statement and Return Report

for Certification



Primary Election 2024 - 06/25/2024


Crossover - 
Democratic Party




Democratic Representative in Congress


10th Congressional District


Vote for 1","Total for Democratic Representative in Congress (10th Congressional District)","JULIE RASKIN (Write-In)",1,,,,,,,"Total Votes","36,356","Unrecorded","1,041",,"We certify this statement to be correct, and have caused the same to be attested by the signatures of the members of the board, or a majority thereof, on Tuesday, July 16, 2024.","Secretary","Chairman","Canvassing Board","Canvassing Board","Page -1 of 1"
,,"Statement and Return Report

for Certification



Primary Election 2024 - 06/25/2024


Crossover - 
Democratic Party




Democratic Representative in Congress


10th Congressional District


Vote for 1","Total for Democratic Representative in Congress (10th Congressional District)","JULIO PENA (Write-In)",1,,,,,,,"Total Votes","36,356","Unrecorded","1,041",,"We certify this statement to be correct, and have caused the same to be attested by the signatures of the members of the board, or a majority thereof, on Tuesday, July 16, 2024.","Secretary","Chairman","Canvassing Board","Canvassing Board","Page -1 of 1"
,,"Statement and Return Report

for Certification



Primary Election 2024 - 06/25/2024


Crossover - 
Democratic Party




Democratic Representative in Congress


10th Congressional District


Vote for 1","Total for Democratic Representative in Congress (10th Congressional District)","JULIUS MARX (Write-In)",1,,,,,,,"Total Votes","36,356","Unrecorded","1,041",,"We certify this statement to be correct, and have caused the same to be attested by the signatures of the members of the board, or a majority thereof, on Tuesday, July 16, 2024.","Secretary","Chairman","Canvassing Board","Canvassing Board","Page -1 of 1"
,,"Statement and Return Report

for Certification



Primary Election 2024 - 06/25/2024


Crossover - 
Democratic Party




Democratic Representative in Congress


10th Congressional District


Vote for 1","Total for Democratic Representative in Congress (10th Congressional District)","KALMAN YEGER (Write-In)",1,,,,,,,"Total Votes","36,356","Unrecorded","1,041",,"We certify this statement to be correct, and have caused the same to be attested by the signatures of the members of the board, or a majority thereof, on Tuesday, July 16, 2024.","Secretary","Chairman","Canvassing Board","Canvassing Board","Page -1 of 1"
,,"Statement and Return Report

for Certification



Primary Election 2024 - 06/25/2024


Crossover - 
Democratic Party




Democratic Representative in Congress


10th Congressional District


Vote for 1","Total for Democratic Representative in Congress (10th Congressional District)","KATHENINE DIXON (Write-In)",1,,,,,,,"Total Votes","36,356","Unrecorded","1,041",,"We certify this statement to be correct, and have caused the same to be attested by the signatures of the members of the board, or a majority thereof, on Tuesday, July 16, 2024.","Secretary","Chairman","Canvassing Board","Canvassing Board","Page -1 of 1"
,,"Statement and Return Report

for Certification



Primary Election 2024 - 06/25/2024


Crossover - 
Democratic Party




Democratic Representative in Congress


10th Congressional District


Vote for 1","Total for Democratic Representative in Congress (10th Congressional District)","KATHRYN GIOIOSA (Write-In)",1,,,,,,,"Total Votes","36,356","Unrecorded","1,041",,"We certify this statement to be correct, and have caused the same to be attested by the signatures of the members of the board, or a majority thereof, on Tuesday, July 16, 2024.","Secretary","Chairman","Canvassing Board","Canvassing Board","Page -1 of 1"
,,"Statement and Return Report

for Certification



Primary Election 2024 - 06/25/2024


Crossover - 
Democratic Party




Democratic Representative in Congress


10th Congressional District


Vote for 1","Total for Democratic Representative in Congress (10th Congressional District)","KEVIN JACOBS (Write-In)",2,,,,,,,"Total Votes","36,356","Unrecorded","1,041",,"We certify this statement to be correct, and have caused the same to be attested by the signatures of the members of the board, or a majority thereof, on Tuesday, July 16, 2024.","Secretary","Chairman","Canvassing Board","Canvassing Board","Page -1 of 1"
,,"Statement and Return Report

for Certification



Primary Election 2024 - 06/25/2024


Crossover - 
Democratic Party




Democratic Representative in Congress


10th Congressional District


Vote for 1","Total for Democratic Representative in Congress (10th Congressional District)","KIM DAVIS (Write-In)",1,,,,,,,"Total Votes","36,356","Unrecorded","1,041",,"We certify this statement to be correct, and have caused the same to be attested by the signatures of the members of the board, or a majority thereof, on Tuesday, July 16, 2024.","Secretary","Chairman","Canvassing Board","Canvassing Board","Page -1 of 1"
,,"Statement and Return Report

for Certification



Primary Election 2024 - 06/25/2024


Crossover - 
Democratic Party




Democratic Representative in Congress


10th Congressional District


Vote for 1","Total for Democratic Representative in Congress (10th Congressional District)","KIRSTEN ORTIZ (Write-In)",1,,,,,,,"Total Votes","36,356","Unrecorded","1,041",,"We certify this statement to be correct, and have caused the same to be attested by the signatures of the members of the board, or a majority thereof, on Tuesday, July 16, 2024.","Secretary","Chairman","Canvassing Board","Canvassing Board","Page -1 of 1"
,,"Statement and Return Report

for Certification



Primary Election 2024 - 06/25/2024


Crossover - 
Democratic Party




Democratic Representative in Congress


10th Congressional District


Vote for 1","Total for Democratic Representative in Congress (10th Congressional District)","KLARA CARAMES (Write-In)",1,,,,,,,"Total Votes","36,356","Unrecorded","1,041",,"We certify this statement to be correct, and have caused the same to be attested by the signatures of the members of the board, or a majority thereof, on Tuesday, July 16, 2024.","Secretary","Chairman","Canvassing Board","Canvassing Board","Page -1 of 1"
,,"Statement and Return Report

for Certification



Primary Election 2024 - 06/25/2024


Crossover - 
Democratic Party




Democratic Representative in Congress


10th Congressional District


Vote for 1","Total for Democratic Representative in Congress (10th Congressional District)","KRISTINA BOERSKY (Write-In)",1,,,,,,,"Total Votes","36,356","Unrecorded","1,041",,"We certify this statement to be correct, and have caused the same to be attested by the signatures of the members of the board, or a majority thereof, on Tuesday, July 16, 2024.","Secretary","Chairman","Canvassing Board","Canvassing Board","Page -1 of 1"
,,"Statement and Return Report

for Certification



Primary Election 2024 - 06/25/2024


Crossover - 
Democratic Party




Democratic Representative in Congress


10th Congressional District


Vote for 1","Total for Democratic Representative in Congress (10th Congressional District)","LAURA EDIDIN (Write-In)",1,,,,,,,"Total Votes","36,356","Unrecorded","1,041",,"We certify this statement to be correct, and have caused the same to be attested by the signatures of the members of the board, or a majority thereof, on Tuesday, July 16, 2024.","Secretary","Chairman","Canvassing Board","Canvassing Board","Page -1 of 1"
,,"Statement and Return Report

for Certification



Primary Election 2024 - 06/25/2024


Crossover - 
Democratic Party




Democratic Representative in Congress


10th Congressional District


Vote for 1","Total for Democratic Representative in Congress (10th Congressional District)","LAVSEN GLANT (Write-In)",1,,,,,,,"Total Votes","36,356","Unrecorded","1,041",,"We certify this statement to be correct, and have caused the same to be attested by the signatures of the members of the board, or a majority thereof, on Tuesday, July 16, 2024.","Secretary","Chairman","Canvassing Board","Canvassing Board","Page -1 of 1"
,,"Statement and Return Report

for Certification



Primary Election 2024 - 06/25/2024


Crossover - 
Democratic Party




Democratic Representative in Congress


10th Congressional District


Vote for 1","Total for Democratic Representative in Congress (10th Congressional District)","LEONARD WHITE (Write-In)",2,,,,,,,"Total Votes","36,356","Unrecorded","1,041",,"We certify this statement to be correct, and have caused the same to be attested by the signatures of the members of the board, or a majority thereof, on Tuesday, July 16, 2024.","Secretary","Chairman","Canvassing Board","Canvassing Board","Page -1 of 1"
,,"Statement and Return Report

for Certification



Primary Election 2024 - 06/25/2024


Crossover - 
Democratic Party




Democratic Representative in Congress


10th Congressional District


Vote for 1","Total for Democratic Representative in Congress (10th Congressional District)","LINCOLN RESTLER (Write-In)",2,,,,,,,"Total Votes","36,356","Unrecorded","1,041",,"We certify this statement to be correct, and have caused the same to be attested by the signatures of the members of the board, or a majority thereof, on Tuesday, July 16, 2024.","Secretary","Chairman","Canvassing Board","Canvassing Board","Page -1 of 1"
,,"Statement and Return Report

for Certification



Primary Election 2024 - 06/25/2024


Crossover - 
Democratic Party




Democratic Representative in Congress


10th Congressional District


Vote for 1","Total for Democratic Representative in Congress (10th Congressional District)","LINDA SARSOUR (Write-In)",1,,,,,,,"Total Votes","36,356","Unrecorded","1,041",,"We certify this statement to be correct, and have caused the same to be attested by the signatures of the members of the board, or a majority thereof, on Tuesday, July 16, 2024.","Secretary","Chairman","Canvassing Board","Canvassing Board","Page -1 of 1"
,,"Statement and Return Report

for Certification



Primary Election 2024 - 06/25/2024


Crossover - 
Democratic Party




Democratic Representative in Congress


10th Congressional District


Vote for 1","Total for Democratic Representative in Congress (10th Congressional District)","LOUISE ROBINSON (Write-In)",1,,,,,,,"Total Votes","36,356","Unrecorded","1,041",,"We certify this statement to be correct, and have caused the same to be attested by the signatures of the members of the board, or a majority thereof, on Tuesday, July 16, 2024.","Secretary","Chairman","Canvassing Board","Canvassing Board","Page -1 of 1"
,,"Statement and Return Report

for Certification



Primary Election 2024 - 06/25/2024


Crossover - 
Democratic Party




Democratic Representative in Congress


10th Congressional District


Vote for 1","Total for Democratic Representative in Congress (10th Congressional District)","LUCINDA M. ALBINO (Write-In)",1,,,,,,,"Total Votes","36,356","Unrecorded","1,041",,"We certify this statement to be correct, and have caused the same to be attested by the signatures of the members of the board, or a majority thereof, on Tuesday, July 16, 2024.","Secretary","Chairman","Canvassing Board","Canvassing Board","Page -1 of 1"
,,"Statement and Return Report

for Certification



Primary Election 2024 - 06/25/2024


Crossover - 
Democratic Party




Democratic Representative in Congress


10th Congressional District


Vote for 1","Total for Democratic Representative in Congress (10th Congressional District)","MADELIN NOV (Write-In)",1,,,,,,,"Total Votes","36,356","Unrecorded","1,041",,"We certify this statement to be correct, and have caused the same to be attested by the signatures of the members of the board, or a majority thereof, on Tuesday, July 16, 2024.","Secretary","Chairman","Canvassing Board","Canvassing Board","Page -1 of 1"
,,"Statement and Return Report

for Certification



Primary Election 2024 - 06/25/2024


Crossover - 
Democratic Party




Democratic Representative in Congress


10th Congressional District


Vote for 1","Total for Democratic Representative in Congress (10th Congressional District)","MAHIR RAHMAN (Write-In)",1,,,,,,,"Total Votes","36,356","Unrecorded","1,041",,"We certify this statement to be correct, and have caused the same to be attested by the signatures of the members of the board, or a majority thereof, on Tuesday, July 16, 2024.","Secretary","Chairman","Canvassing Board","Canvassing Board","Page -1 of 1"
,,"Statement and Return Report

for Certification



Primary Election 2024 - 06/25/2024


Crossover - 
Democratic Party




Democratic Representative in Congress


10th Congressional District


Vote for 1","Total for Democratic Representative in Congress (10th Congressional District)","MANDI SCHMETAMAN (Write-In)",1,,,,,,,"Total Votes","36,356","Unrecorded","1,041",,"We certify this statement to be correct, and have caused the same to be attested by the signatures of the members of the board, or a majority thereof, on Tuesday, July 16, 2024.","Secretary","Chairman","Canvassing Board","Canvassing Board","Page -1 of 1"
,,"Statement and Return Report

for Certification



Primary Election 2024 - 06/25/2024


Crossover - 
Democratic Party




Democratic Representative in Congress


10th Congressional District


Vote for 1","Total for Democratic Representative in Congress (10th Congressional District)","MARGARETH DOMINIQUE (Write-In)",1,,,,,,,"Total Votes","36,356","Unrecorded","1,041",,"We certify this statement to be correct, and have caused the same to be attested by the signatures of the members of the board, or a majority thereof, on Tuesday, July 16, 2024.","Secretary","Chairman","Canvassing Board","Canvassing Board","Page -1 of 1"
,,"Statement and Return Report

for Certification



Primary Election 2024 - 06/25/2024


Crossover - 
Democratic Party




Democratic Representative in Congress


10th Congressional District


Vote for 1","Total for Democratic Representative in Congress (10th Congressional District)","MARIA DEL CARMEN DIAZ (Write-In)",1,,,,,,,"Total Votes","36,356","Unrecorded","1,041",,"We certify this statement to be correct, and have caused the same to be attested by the signatures of the members of the board, or a majority thereof, on Tuesday, July 16, 2024.","Secretary","Chairman","Canvassing Board","Canvassing Board","Page -1 of 1"
,,"Statement and Return Report

for Certification



Primary Election 2024 - 06/25/2024


Crossover - 
Democratic Party




Democratic Representative in Congress


10th Congressional District


Vote for 1","Total for Democratic Representative in Congress (10th Congressional District)","MARY ELIZABETH BARTHOLOMEW (Write-In)",1,,,,,,,"Total Votes","36,356","Unrecorded","1,041",,"We certify this statement to be correct, and have caused the same to be attested by the signatures of the members of the board, or a majority thereof, on Tuesday, July 16, 2024.","Secretary","Chairman","Canvassing Board","Canvassing Board","Page -1 of 1"
,,"Statement and Return Report

for Certification



Primary Election 2024 - 06/25/2024


Crossover - 
Democratic Party




Democratic Representative in Congress


10th Congressional District


Vote for 1","Total for Democratic Representative in Congress (10th Congressional District)","MATT YUST (Write-In)",1,,,,,,,"Total Votes","36,356","Unrecorded","1,041",,"We certify this statement to be correct, and have caused the same to be attested by the signatures of the members of the board, or a majority thereof, on Tuesday, July 16, 2024.","Secretary","Chairman","Canvassing Board","Canvassing Board","Page -1 of 1"
,,"Statement and Return Report

for Certification



Primary Election 2024 - 06/25/2024


Crossover - 
Democratic Party




Democratic Representative in Congress


10th Congressional District


Vote for 1","Total for Democratic Representative in Congress (10th Congressional District)","MAX FERGUSON NEUMAN (Write-In)",1,,,,,,,"Total Votes","36,356","Unrecorded","1,041",,"We certify this statement to be correct, and have caused the same to be attested by the signatures of the members of the board, or a majority thereof, on Tuesday, July 16, 2024.","Secretary","Chairman","Canvassing Board","Canvassing Board","Page -1 of 1"
,,"Statement and Return Report

for Certification



Primary Election 2024 - 06/25/2024


Crossover - 
Democratic Party




Democratic Representative in Congress


10th Congressional District


Vote for 1","Total for Democratic Representative in Congress (10th Congressional District)","MELIACH STROM (Write-In)",1,,,,,,,"Total Votes","36,356","Unrecorded","1,041",,"We certify this statement to be correct, and have caused the same to be attested by the signatures of the members of the board, or a majority thereof, on Tuesday, July 16, 2024.","Secretary","Chairman","Canvassing Board","Canvassing Board","Page -1 of 1"
,,"Statement and Return Report

for Certification



Primary Election 2024 - 06/25/2024


Crossover - 
Democratic Party




Democratic Representative in Congress


10th Congressional District


Vote for 1","Total for Democratic Representative in Congress (10th Congressional District)","MI KYUNG LEE (Write-In)",1,,,,,,,"Total Votes","36,356","Unrecorded","1,041",,"We certify this statement to be correct, and have caused the same to be attested by the signatures of the members of the board, or a majority thereof, on Tuesday, July 16, 2024.","Secretary","Chairman","Canvassing Board","Canvassing Board","Page -1 of 1"
,,"Statement and Return Report

for Certification



Primary Election 2024 - 06/25/2024


Crossover - 
Democratic Party




Democratic Representative in Congress


10th Congressional District


Vote for 1","Total for Democratic Representative in Congress (10th Congressional District)","MICHAEL GURAL-MAIELLO (Write-In)",1,,,,,,,"Total Votes","36,356","Unrecorded","1,041",,"We certify this statement to be correct, and have caused the same to be attested by the signatures of the members of the board, or a majority thereof, on Tuesday, July 16, 2024.","Secretary","Chairman","Canvassing Board","Canvassing Board","Page -1 of 1"
,,"Statement and Return Report

for Certification



Primary Election 2024 - 06/25/2024


Crossover - 
Democratic Party




Democratic Representative in Congress


10th Congressional District


Vote for 1","Total for Democratic Representative in Congress (10th Congressional District)","MICHAEL KANE (Write-In)",1,,,,,,,"Total Votes","36,356","Unrecorded","1,041",,"We certify this statement to be correct, and have caused the same to be attested by the signatures of the members of the board, or a majority thereof, on Tuesday, July 16, 2024.","Secretary","Chairman","Canvassing Board","Canvassing Board","Page -1 of 1"
,,"Statement and Return Report

for Certification



Primary Election 2024 - 06/25/2024


Crossover - 
Democratic Party




Democratic Representative in Congress


10th Congressional District


Vote for 1","Total for Democratic Representative in Congress (10th Congressional District)","MICHAEL M. HONDA (Write-In)",1,,,,,,,"Total Votes","36,356","Unrecorded","1,041",,"We certify this statement to be correct, and have caused the same to be attested by the signatures of the members of the board, or a majority thereof, on Tuesday, July 16, 2024.","Secretary","Chairman","Canvassing Board","Canvassing Board","Page -1 of 1"
,,"Statement and Return Report

for Certification



Primary Election 2024 - 06/25/2024


Crossover - 
Democratic Party




Democratic Representative in Congress


10th Congressional District


Vote for 1","Total for Democratic Representative in Congress (10th Congressional District)","MICHEAL J. COPPOTELLI (Write-In)",1,,,,,,,"Total Votes","36,356","Unrecorded","1,041",,"We certify this statement to be correct, and have caused the same to be attested by the signatures of the members of the board, or a majority thereof, on Tuesday, July 16, 2024.","Secretary","Chairman","Canvassing Board","Canvassing Board","Page -1 of 1"
,,"Statement and Return Report

for Certification



Primary Election 2024 - 06/25/2024


Crossover - 
Democratic Party




Democratic Representative in Congress


10th Congressional District


Vote for 1","Total for Democratic Representative in Congress (10th Congressional District)","MIKE BLOOMBERG (Write-In)",1,,,,,,,"Total Votes","36,356","Unrecorded","1,041",,"We certify this statement to be correct, and have caused the same to be attested by the signatures of the members of the board, or a majority thereof, on Tuesday, July 16, 2024.","Secretary","Chairman","Canvassing Board","Canvassing Board","Page -1 of 1"
,,"Statement and Return Report

for Certification



Primary Election 2024 - 06/25/2024


Crossover - 
Democratic Party




Democratic Representative in Congress


10th Congressional District


Vote for 1","Total for Democratic Representative in Congress (10th Congressional District)","MONA ALLFORD (Write-In)",1,,,,,,,"Total Votes","36,356","Unrecorded","1,041",,"We certify this statement to be correct, and have caused the same to be attested by the signatures of the members of the board, or a majority thereof, on Tuesday, July 16, 2024.","Secretary","Chairman","Canvassing Board","Canvassing Board","Page -1 of 1"
,,"Statement and Return Report

for Certification



Primary Election 2024 - 06/25/2024


Crossover - 
Democratic Party




Democratic Representative in Congress


10th Congressional District


Vote for 1","Total for Democratic Representative in Congress (10th Congressional District)","MOTAZ AZAIZA (Write-In)",1,,,,,,,"Total Votes","36,356","Unrecorded","1,041",,"We certify this statement to be correct, and have caused the same to be attested by the signatures of the members of the board, or a majority thereof, on Tuesday, July 16, 2024.","Secretary","Chairman","Canvassing Board","Canvassing Board","Page -1 of 1"
,,"Statement and Return Report

for Certification



Primary Election 2024 - 06/25/2024


Crossover - 
Democratic Party




Democratic Representative in Congress


10th Congressional District


Vote for 1","Total for Democratic Representative in Congress (10th Congressional District)","MUSTAFA BARGHOUTI (Write-In)",1,,,,,,,"Total Votes","36,356","Unrecorded","1,041",,"We certify this statement to be correct, and have caused the same to be attested by the signatures of the members of the board, or a majority thereof, on Tuesday, July 16, 2024.","Secretary","Chairman","Canvassing Board","Canvassing Board","Page -1 of 1"
,,"Statement and Return Report

for Certification



Primary Election 2024 - 06/25/2024


Crossover - 
Democratic Party




Democratic Representative in Congress


10th Congressional District


Vote for 1","Total for Democratic Representative in Congress (10th Congressional District)","NEDIA VELOZAEZ (Write-In)",1,,,,,,,"Total Votes","36,356","Unrecorded","1,041",,"We certify this statement to be correct, and have caused the same to be attested by the signatures of the members of the board, or a majority thereof, on Tuesday, July 16, 2024.","Secretary","Chairman","Canvassing Board","Canvassing Board","Page -1 of 1"
,,"Statement and Return Report

for Certification



Primary Election 2024 - 06/25/2024


Crossover - 
Democratic Party




Democratic Representative in Congress


10th Congressional District


Vote for 1","Total for Democratic Representative in Congress (10th Congressional District)","NORA CARROLL (Write-In)",1,,,,,,,"Total Votes","36,356","Unrecorded","1,041",,"We certify this statement to be correct, and have caused the same to be attested by the signatures of the members of the board, or a majority thereof, on Tuesday, July 16, 2024.","Secretary","Chairman","Canvassing Board","Canvassing Board","Page -1 of 1"
,,"Statement and Return Report

for Certification



Primary Election 2024 - 06/25/2024


Crossover - 
Democratic Party




Democratic Representative in Congress


10th Congressional District


Vote for 1","Total for Democratic Representative in Congress (10th Congressional District)","OSWALDO RODRIGUEZ (Write-In)",1,,,,,,,"Total Votes","36,356","Unrecorded","1,041",,"We certify this statement to be correct, and have caused the same to be attested by the signatures of the members of the board, or a majority thereof, on Tuesday, July 16, 2024.","Secretary","Chairman","Canvassing Board","Canvassing Board","Page -1 of 1"
,,"Statement and Return Report

for Certification



Primary Election 2024 - 06/25/2024


Crossover - 
Democratic Party




Democratic Representative in Congress


10th Congressional District


Vote for 1","Total for Democratic Representative in Congress (10th Congressional District)","PAUL NEWELL (Write-In)",2,,,,,,,"Total Votes","36,356","Unrecorded","1,041",,"We certify this statement to be correct, and have caused the same to be attested by the signatures of the members of the board, or a majority thereof, on Tuesday, July 16, 2024.","Secretary","Chairman","Canvassing Board","Canvassing Board","Page -1 of 1"
,,"Statement and Return Report

for Certification



Primary Election 2024 - 06/25/2024


Crossover - 
Democratic Party




Democratic Representative in Congress


10th Congressional District


Vote for 1","Total for Democratic Representative in Congress (10th Congressional District)","PAULINA BOROWSKY (Write-In)",1,,,,,,,"Total Votes","36,356","Unrecorded","1,041",,"We certify this statement to be correct, and have caused the same to be attested by the signatures of the members of the board, or a majority thereof, on Tuesday, July 16, 2024.","Secretary","Chairman","Canvassing Board","Canvassing Board","Page -1 of 1"
,,"Statement and Return Report

for Certification



Primary Election 2024 - 06/25/2024


Crossover - 
Democratic Party




Democratic Representative in Congress


10th Congressional District


Vote for 1","Total for Democratic Representative in Congress (10th Congressional District)","PETER MENZ (Write-In)",1,,,,,,,"Total Votes","36,356","Unrecorded","1,041",,"We certify this statement to be correct, and have caused the same to be attested by the signatures of the members of the board, or a majority thereof, on Tuesday, July 16, 2024.","Secretary","Chairman","Canvassing Board","Canvassing Board","Page -1 of 1"
,,"Statement and Return Report

for Certification



Primary Election 2024 - 06/25/2024


Crossover - 
Democratic Party




Democratic Representative in Congress


10th Congressional District


Vote for 1","Total for Democratic Representative in Congress (10th Congressional District)","PETER THEIL (Write-In)",1,,,,,,,"Total Votes","36,356","Unrecorded","1,041",,"We certify this statement to be correct, and have caused the same to be attested by the signatures of the members of the board, or a majority thereof, on Tuesday, July 16, 2024.","Secretary","Chairman","Canvassing Board","Canvassing Board","Page -1 of 1"
,,"Statement and Return Report

for Certification



Primary Election 2024 - 06/25/2024


Crossover - 
Democratic Party




Democratic Representative in Congress


10th Congressional District


Vote for 1","Total for Democratic Representative in Congress (10th Congressional District)","RAINY LEHMAN (Write-In)",1,,,,,,,"Total Votes","36,356","Unrecorded","1,041",,"We certify this statement to be correct, and have caused the same to be attested by the signatures of the members of the board, or a majority thereof, on Tuesday, July 16, 2024.","Secretary","Chairman","Canvassing Board","Canvassing Board","Page -1 of 1"
,,"Statement and Return Report

for Certification



Primary Election 2024 - 06/25/2024


Crossover - 
Democratic Party




Democratic Representative in Congress


10th Congressional District


Vote for 1","Total for Democratic Representative in Congress (10th Congressional District)","RASHIDA TLAIB (Write-In)",2,,,,,,,"Total Votes","36,356","Unrecorded","1,041",,"We certify this statement to be correct, and have caused the same to be attested by the signatures of the members of the board, or a majority thereof, on Tuesday, July 16, 2024.","Secretary","Chairman","Canvassing Board","Canvassing Board","Page -1 of 1"
,,"Statement and Return Report

for Certification



Primary Election 2024 - 06/25/2024


Crossover - 
Democratic Party




Democratic Representative in Congress


10th Congressional District


Vote for 1","Total for Democratic Representative in Congress (10th Congressional District)","REBECCA DAVIS (Write-In)",1,,,,,,,"Total Votes","36,356","Unrecorded","1,041",,"We certify this statement to be correct, and have caused the same to be attested by the signatures of the members of the board, or a majority thereof, on Tuesday, July 16, 2024.","Secretary","Chairman","Canvassing Board","Canvassing Board","Page -1 of 1"
,,"Statement and Return Report

for Certification



Primary Election 2024 - 06/25/2024


Crossover - 
Democratic Party




Democratic Representative in Congress


10th Congressional District


Vote for 1","Total for Democratic Representative in Congress (10th Congressional District)","REGINA DOWNEY (Write-In)",1,,,,,,,"Total Votes","36,356","Unrecorded","1,041",,"We certify this statement to be correct, and have caused the same to be attested by the signatures of the members of the board, or a majority thereof, on Tuesday, July 16, 2024.","Secretary","Chairman","Canvassing Board","Canvassing Board","Page -1 of 1"
,,"Statement and Return Report

for Certification



Primary Election 2024 - 06/25/2024


Crossover - 
Democratic Party




Democratic Representative in Congress


10th Congressional District


Vote for 1","Total for Democratic Representative in Congress (10th Congressional District)","RICHARD SILVER (Write-In)",1,,,,,,,"Total Votes","36,356","Unrecorded","1,041",,"We certify this statement to be correct, and have caused the same to be attested by the signatures of the members of the board, or a majority thereof, on Tuesday, July 16, 2024.","Secretary","Chairman","Canvassing Board","Canvassing Board","Page -1 of 1"
,,"Statement and Return Report

for Certification



Primary Election 2024 - 06/25/2024


Crossover - 
Democratic Party




Democratic Representative in Congress


10th Congressional District


Vote for 1","Total for Democratic Representative in Congress (10th Congressional District)","RICHIE TORRES (Write-In)",1,,,,,,,"Total Votes","36,356","Unrecorded","1,041",,"We certify this statement to be correct, and have caused the same to be attested by the signatures of the members of the board, or a majority thereof, on Tuesday, July 16, 2024.","Secretary","Chairman","Canvassing Board","Canvassing Board","Page -1 of 1"
,,"Statement and Return Report

for Certification



Primary Election 2024 - 06/25/2024


Crossover - 
Democratic Party




Democratic Representative in Congress


10th Congressional District


Vote for 1","Total for Democratic Representative in Congress (10th Congressional District)","ROGER RICKLEFS (Write-In)",1,,,,,,,"Total Votes","36,356","Unrecorded","1,041",,"We certify this statement to be correct, and have caused the same to be attested by the signatures of the members of the board, or a majority thereof, on Tuesday, July 16, 2024.","Secretary","Chairman","Canvassing Board","Canvassing Board","Page -1 of 1"
,,"Statement and Return Report

for Certification



Primary Election 2024 - 06/25/2024


Crossover - 
Democratic Party




Democratic Representative in Congress


10th Congressional District


Vote for 1","Total for Democratic Representative in Congress (10th Congressional District)","RON LUBIN (Write-In)",1,,,,,,,"Total Votes","36,356","Unrecorded","1,041",,"We certify this statement to be correct, and have caused the same to be attested by the signatures of the members of the board, or a majority thereof, on Tuesday, July 16, 2024.","Secretary","Chairman","Canvassing Board","Canvassing Board","Page -1 of 1"
,,"Statement and Return Report

for Certification



Primary Election 2024 - 06/25/2024


Crossover - 
Democratic Party




Democratic Representative in Congress


10th Congressional District


Vote for 1","Total for Democratic Representative in Congress (10th Congressional District)","RYDER KESSLER (Write-In)",1,,,,,,,"Total Votes","36,356","Unrecorded","1,041",,"We certify this statement to be correct, and have caused the same to be attested by the signatures of the members of the board, or a majority thereof, on Tuesday, July 16, 2024.","Secretary","Chairman","Canvassing Board","Canvassing Board","Page -1 of 1"
,,"Statement and Return Report

for Certification



Primary Election 2024 - 06/25/2024


Crossover - 
Democratic Party




Democratic Representative in Congress


10th Congressional District


Vote for 1","Total for Democratic Representative in Congress (10th Congressional District)","SAM ALBERTI (Write-In)",1,,,,,,,"Total Votes","36,356","Unrecorded","1,041",,"We certify this statement to be correct, and have caused the same to be attested by the signatures of the members of the board, or a majority thereof, on Tuesday, July 16, 2024.","Secretary","Chairman","Canvassing Board","Canvassing Board","Page -1 of 1"
,,"Statement and Return Report

for Certification



Primary Election 2024 - 06/25/2024


Crossover - 
Democratic Party




Democratic Representative in Congress


10th Congressional District


Vote for 1","Total for Democratic Representative in Congress (10th Congressional District)","SAMUEL BACHNER (Write-In)",1,,,,,,,"Total Votes","36,356","Unrecorded","1,041",,"We certify this statement to be correct, and have caused the same to be attested by the signatures of the members of the board, or a majority thereof, on Tuesday, July 16, 2024.","Secretary","Chairman","Canvassing Board","Canvassing Board","Page -1 of 1"
,,"Statement and Return Report

for Certification



Primary Election 2024 - 06/25/2024


Crossover - 
Democratic Party




Democratic Representative in Congress


10th Congressional District


Vote for 1","Total for Democratic Representative in Congress (10th Congressional District)","SAMUEL Z FISCHER (Write-In)",1,,,,,,,"Total Votes","36,356","Unrecorded","1,041",,"We certify this statement to be correct, and have caused the same to be attested by the signatures of the members of the board, or a majority thereof, on Tuesday, July 16, 2024.","Secretary","Chairman","Canvassing Board","Canvassing Board","Page -1 of 1"
,,"Statement and Return Report

for Certification



Primary Election 2024 - 06/25/2024


Crossover - 
Democratic Party




Democratic Representative in Congress


10th Congressional District


Vote for 1","Total for Democratic Representative in Congress (10th Congressional District)","SANDIA KHALID (Write-In)",1,,,,,,,"Total Votes","36,356","Unrecorded","1,041",,"We certify this statement to be correct, and have caused the same to be attested by the signatures of the members of the board, or a majority thereof, on Tuesday, July 16, 2024.","Secretary","Chairman","Canvassing Board","Canvassing Board","Page -1 of 1"
,,"Statement and Return Report

for Certification



Primary Election 2024 - 06/25/2024


Crossover - 
Democratic Party




Democratic Representative in Congress


10th Congressional District


Vote for 1","Total for Democratic Representative in Congress (10th Congressional District)","SCOTT FOUST (Write-In)",1,,,,,,,"Total Votes","36,356","Unrecorded","1,041",,"We certify this statement to be correct, and have caused the same to be attested by the signatures of the members of the board, or a majority thereof, on Tuesday, July 16, 2024.","Secretary","Chairman","Canvassing Board","Canvassing Board","Page -1 of 1"
,,"Statement and Return Report

for Certification



Primary Election 2024 - 06/25/2024


Crossover - 
Democratic Party




Democratic Representative in Congress


10th Congressional District


Vote for 1","Total for Democratic Representative in Congress (10th Congressional District)","SHABARA HANI (Write-In)",1,,,,,,,"Total Votes","36,356","Unrecorded","1,041",,"We certify this statement to be correct, and have caused the same to be attested by the signatures of the members of the board, or a majority thereof, on Tuesday, July 16, 2024.","Secretary","Chairman","Canvassing Board","Canvassing Board","Page -1 of 1"
,,"Statement and Return Report

for Certification



Primary Election 2024 - 06/25/2024


Crossover - 
Democratic Party




Democratic Representative in Congress


10th Congressional District


Vote for 1","Total for Democratic Representative in Congress (10th Congressional District)","SHAHANA HANIF (Write-In)",2,,,,,,,"Total Votes","36,356","Unrecorded","1,041",,"We certify this statement to be correct, and have caused the same to be attested by the signatures of the members of the board, or a majority thereof, on Tuesday, July 16, 2024.","Secretary","Chairman","Canvassing Board","Canvassing Board","Page -1 of 1"
,,"Statement and Return Report

for Certification



Primary Election 2024 - 06/25/2024


Crossover - 
Democratic Party




Democratic Representative in Congress


10th Congressional District


Vote for 1","Total for Democratic Representative in Congress (10th Congressional District)","SHAREEN ABU AKLEH (Write-In)",1,,,,,,,"Total Votes","36,356","Unrecorded","1,041",,"We certify this statement to be correct, and have caused the same to be attested by the signatures of the members of the board, or a majority thereof, on Tuesday, July 16, 2024.","Secretary","Chairman","Canvassing Board","Canvassing Board","Page -1 of 1"
,,"Statement and Return Report

for Certification



Primary Election 2024 - 06/25/2024


Crossover - 
Democratic Party




Democratic Representative in Congress


10th Congressional District


Vote for 1","Total for Democratic Representative in Congress (10th Congressional District)","SHEHAB CHOWDHARY (Write-In)",1,,,,,,,"Total Votes","36,356","Unrecorded","1,041",,"We certify this statement to be correct, and have caused the same to be attested by the signatures of the members of the board, or a majority thereof, on Tuesday, July 16, 2024.","Secretary","Chairman","Canvassing Board","Canvassing Board","Page -1 of 1"
,,"Statement and Return Report

for Certification



Primary Election 2024 - 06/25/2024


Crossover - 
Democratic Party




Democratic Representative in Congress


10th Congressional District


Vote for 1","Total for Democratic Representative in Congress (10th Congressional District)","SIMCHA FELDER (Write-In)",1,,,,,,,"Total Votes","36,356","Unrecorded","1,041",,"We certify this statement to be correct, and have caused the same to be attested by the signatures of the members of the board, or a majority thereof, on Tuesday, July 16, 2024.","Secretary","Chairman","Canvassing Board","Canvassing Board","Page -1 of 1"
,,"Statement and Return Report

for Certification



Primary Election 2024 - 06/25/2024


Crossover - 
Democratic Party




Democratic Representative in Congress


10th Congressional District


Vote for 1","Total for Democratic Representative in Congress (10th Congressional District)","SIRISHA VARIGONDA (Write-In)",1,,,,,,,"Total Votes","36,356","Unrecorded","1,041",,"We certify this statement to be correct, and have caused the same to be attested by the signatures of the members of the board, or a majority thereof, on Tuesday, July 16, 2024.","Secretary","Chairman","Canvassing Board","Canvassing Board","Page -1 of 1"
,,"Statement and Return Report

for Certification



Primary Election 2024 - 06/25/2024


Crossover - 
Democratic Party




Democratic Representative in Congress


10th Congressional District


Vote for 1","Total for Democratic Representative in Congress (10th Congressional District)","SONYA LEVITOVA (Write-In)",1,,,,,,,"Total Votes","36,356","Unrecorded","1,041",,"We certify this statement to be correct, and have caused the same to be attested by the signatures of the members of the board, or a majority thereof, on Tuesday, July 16, 2024.","Secretary","Chairman","Canvassing Board","Canvassing Board","Page -1 of 1"
,,"Statement and Return Report

for Certification



Primary Election 2024 - 06/25/2024


Crossover - 
Democratic Party




Democratic Representative in Congress


10th Congressional District


Vote for 1","Total for Democratic Representative in Congress (10th Congressional District)","SPENCER CAPLAN (Write-In)",1,,,,,,,"Total Votes","36,356","Unrecorded","1,041",,"We certify this statement to be correct, and have caused the same to be attested by the signatures of the members of the board, or a majority thereof, on Tuesday, July 16, 2024.","Secretary","Chairman","Canvassing Board","Canvassing Board","Page -1 of 1"
,,"Statement and Return Report

for Certification



Primary Election 2024 - 06/25/2024


Crossover - 
Democratic Party




Democratic Representative in Congress


10th Congressional District


Vote for 1","Total for Democratic Representative in Congress (10th Congressional District)","STEPH SALOMONSEN (Write-In)",1,,,,,,,"Total Votes","36,356","Unrecorded","1,041",,"We certify this statement to be correct, and have caused the same to be attested by the signatures of the members of the board, or a majority thereof, on Tuesday, July 16, 2024.","Secretary","Chairman","Canvassing Board","Canvassing Board","Page -1 of 1"
,,"Statement and Return Report

for Certification



Primary Election 2024 - 06/25/2024


Crossover - 
Democratic Party




Democratic Representative in Congress


10th Congressional District


Vote for 1","Total for Democratic Representative in Congress (10th Congressional District)","SUSAN CHAPMAN HUGHS (Write-In)",1,,,,,,,"Total Votes","36,356","Unrecorded","1,041",,"We certify this statement to be correct, and have caused the same to be attested by the signatures of the members of the board, or a majority thereof, on Tuesday, July 16, 2024.","Secretary","Chairman","Canvassing Board","Canvassing Board","Page -1 of 1"
,,"Statement and Return Report

for Certification



Primary Election 2024 - 06/25/2024


Crossover - 
Democratic Party




Democratic Representative in Congress


10th Congressional District


Vote for 1","Total for Democratic Representative in Congress (10th Congressional District)","SUSAN KENT (Write-In)",1,,,,,,,"Total Votes","36,356","Unrecorded","1,041",,"We certify this statement to be correct, and have caused the same to be attested by the signatures of the members of the board, or a majority thereof, on Tuesday, July 16, 2024.","Secretary","Chairman","Canvassing Board","Canvassing Board","Page -1 of 1"
,,"Statement and Return Report

for Certification



Primary Election 2024 - 06/25/2024


Crossover - 
Democratic Party




Democratic Representative in Congress


10th Congressional District


Vote for 1","Total for Democratic Representative in Congress (10th Congressional District)","SUSAN LEE (Write-In)",1,,,,,,,"Total Votes","36,356","Unrecorded","1,041",,"We certify this statement to be correct, and have caused the same to be attested by the signatures of the members of the board, or a majority thereof, on Tuesday, July 16, 2024.","Secretary","Chairman","Canvassing Board","Canvassing Board","Page -1 of 1"
,,"Statement and Return Report

for Certification



Primary Election 2024 - 06/25/2024


Crossover - 
Democratic Party




Democratic Representative in Congress


10th Congressional District


Vote for 1","Total for Democratic Representative in Congress (10th Congressional District)","SUSAN T. LEE (Write-In)",9,,,,,,,"Total Votes","36,356","Unrecorded","1,041",,"We certify this statement to be correct, and have caused the same to be attested by the signatures of the members of the board, or a majority thereof, on Tuesday, July 16, 2024.","Secretary","Chairman","Canvassing Board","Canvassing Board","Page -1 of 1"
,,"Statement and Return Report

for Certification



Primary Election 2024 - 06/25/2024


Crossover - 
Democratic Party




Democratic Representative in Congress


10th Congressional District


Vote for 1","Total for Democratic Representative in Congress (10th Congressional District)","TED WEISS (Write-In)",1,,,,,,,"Total Votes","36,356","Unrecorded","1,041",,"We certify this statement to be correct, and have caused the same to be attested by the signatures of the members of the board, or a majority thereof, on Tuesday, July 16, 2024.","Secretary","Chairman","Canvassing Board","Canvassing Board","Page -1 of 1"
,,"Statement and Return Report

for Certification



Primary Election 2024 - 06/25/2024


Crossover - 
Democratic Party




Democratic Representative in Congress


10th Congressional District


Vote for 1","Total for Democratic Representative in Congress (10th Congressional District)","TERRY DORNER (Write-In)",1,,,,,,,"Total Votes","36,356","Unrecorded","1,041",,"We certify this statement to be correct, and have caused the same to be attested by the signatures of the members of the board, or a majority thereof, on Tuesday, July 16, 2024.","Secretary","Chairman","Canvassing Board","Canvassing Board","Page -1 of 1"
,,"Statement and Return Report

for Certification



Primary Election 2024 - 06/25/2024


Crossover - 
Democratic Party




Democratic Representative in Congress


10th Congressional District


Vote for 1","Total for Democratic Representative in Congress (10th Congressional District)","TEVIN WILLIAMS (Write-In)",1,,,,,,,"Total Votes","36,356","Unrecorded","1,041",,"We certify this statement to be correct, and have caused the same to be attested by the signatures of the members of the board, or a majority thereof, on Tuesday, July 16, 2024.","Secretary","Chairman","Canvassing Board","Canvassing Board","Page -1 of 1"
,,"Statement and Return Report

for Certification



Primary Election 2024 - 06/25/2024


Crossover - 
Democratic Party




Democratic Representative in Congress


10th Congressional District


Vote for 1","Total for Democratic Representative in Congress (10th Congressional District)","TODD FRANCES (Write-In)",1,,,,,,,"Total Votes","36,356","Unrecorded","1,041",,"We certify this statement to be correct, and have caused the same to be attested by the signatures of the members of the board, or a majority thereof, on Tuesday, July 16, 2024.","Secretary","Chairman","Canvassing Board","Canvassing Board","Page -1 of 1"
,,"Statement and Return Report

for Certification



Primary Election 2024 - 06/25/2024


Crossover - 
Democratic Party




Democratic Representative in Congress


10th Congressional District


Vote for 1","Total for Democratic Representative in Congress (10th Congressional District)","UNATTRIBUTABLE WRITE-IN (Write-In)",298,,,,,,,"Total Votes","36,356","Unrecorded","1,041",,"We certify this statement to be correct, and have caused the same to be attested by the signatures of the members of the board, or a majority thereof, on Tuesday, July 16, 2024.","Secretary","Chairman","Canvassing Board","Canvassing Board","Page -1 of 1"
,,"Statement and Return Report

for Certification



Primary Election 2024 - 06/25/2024


Crossover - 
Democratic Party




Democratic Representative in Congress


10th Congressional District


Vote for 1","Total for Democratic Representative in Congress (10th Congressional District)","UNCOUNTED WRITE-IN PER STATUTE (Write-In)",5,,,,,,,"Total Votes","36,356","Unrecorded","1,041",,"We certify this statement to be correct, and have caused the same to be attested by the signatures of the members of the board, or a majority thereof, on Tuesday, July 16, 2024.","Secretary","Chairman","Canvassing Board","Canvassing Board","Page -1 of 1"
,,"Statement and Return Report

for Certification



Primary Election 2024 - 06/25/2024


Crossover - 
Democratic Party




Democratic Representative in Congress


10th Congressional District


Vote for 1","Total for Democratic Representative in Congress (10th Congressional District)","WAYNE MURATORE (Write-In)",1,,,,,,,"Total Votes","36,356","Unrecorded","1,041",,"We certify this statement to be correct, and have caused the same to be attested by the signatures of the members of the board, or a majority thereof, on Tuesday, July 16, 2024.","Secretary","Chairman","Canvassing Board","Canvassing Board","Page -1 of 1"
,,"Statement and Return Report

for Certification



Primary Election 2024 - 06/25/2024


Crossover - 
Democratic Party




Democratic Representative in Congress


10th Congressional District


Vote for 1","Total for Democratic Representative in Congress (10th Congressional District)","WENDY LI (Write-In)",3,,,,,,,"Total Votes","36,356","Unrecorded","1,041",,"We certify this statement to be correct, and have caused the same to be attested by the signatures of the members of the board, or a majority thereof, on Tuesday, July 16, 2024.","Secretary","Chairman","Canvassing Board","Canvassing Board","Page -1 of 1"
,,"Statement and Return Report

for Certification



Primary Election 2024 - 06/25/2024


Crossover - 
Democratic Party




Democratic Representative in Congress


10th Congressional District


Vote for 1","Total for Democratic Representative in Congress (10th Congressional District)","YASSER ARAFAT (Write-In)",1,,,,,,,"Total Votes","36,356","Unrecorded","1,041",,"We certify this statement to be correct, and have caused the same to be attested by the signatures of the members of the board, or a majority thereof, on Tuesday, July 16, 2024.","Secretary","Chairman","Canvassing Board","Canvassing Board","Page -1 of 1"
,,"Statement and Return Report

for Certification



Primary Election 2024 - 06/25/2024


Crossover - 
Democratic Party




Democratic Representative in Congress


10th Congressional District


Vote for 1","Total for Democratic Representative in Congress (10th Congressional District)","YOSSI GESTSTNER (Write-In)",1,,,,,,,"Total Votes","36,356","Unrecorded","1,041",,"We certify this statement to be correct, and have caused the same to be attested by the signatures of the members of the board, or a majority thereof, on Tuesday, July 16, 2024.","Secretary","Chairman","Canvassing Board","Canvassing Board","Page -1 of 1"
,,"Statement and Return Report

for Certification



Primary Election 2024 - 06/25/2024


Crossover - 
Democratic Party




Democratic Representative in Congress


10th Congressional District


Vote for 1","Total for Democratic Representative in Congress (10th Congressional District)","YUH LINE NIOU (Write-In)",24,,,,,,,"Total Votes","36,356","Unrecorded","1,041",,"We certify this statement to be correct, and have caused the same to be attested by the signatures of the members of the board, or a majority thereof, on Tuesday, July 16, 2024.","Secretary","Chairman","Canvassing Board","Canvassing Board","Page -1 of 1"
,,"Statement and Return Report

for Certification



Primary Election 2024 - 06/25/2024


Crossover - 
Democratic Party




Democratic Representative in Congress


10th Congressional District


Vote for 1","Total for Democratic Representative in Congress (10th Congressional District)","YUH-LINE NIOU (Write-In)",19,,,,,,,"Total Votes","36,356","Unrecorded","1,041",,"We certify this statement to be correct, and have caused the same to be attested by the signatures of the members of the board, or a majority thereof, on Tuesday, July 16, 2024.","Secretary","Chairman","Canvassing Board","Canvassing Board","Page -1 of 1"
