"JurisdictionID","JurisContainerID","JurisName","EISCandidateID","CandidateName","EISContestID","ContestName","PrecinctName","Registration","EISPartyID","PartyName","VoteCount"
"72","0","PEORIA","0","Over Votes","410","17TH CONGRESS","HO01 - 13","0","12","","0"
"72","0","PEORIA","0","Under Votes","410","17TH CONGRESS","HO01 - 13","0","12","","6"
"72","0","PEORIA","395","SCOTT ALAN CROWL","410","17TH CONGRESS","HO01 - 13","0","12","","32"
"72","0","PEORIA","400","JOE McGRAW","410","17TH CONGRESS","HO01 - 13","0","12","","49"
"72","0","PEORIA","0","Over Votes","410","17TH CONGRESS","KI01 - 19","0","12","","0"
"72","0","PEORIA","0","Under Votes","410","17TH CONGRESS","KI01 - 19","0","12","","0"
"72","0","PEORIA","395","SCOTT ALAN CROWL","410","17TH CONGRESS","KI01 - 19","0","12","","0"
"72","0","PEORIA","400","JOE McGRAW","410","17TH CONGRESS","KI01 - 19","0","12","","1"
"72","0","PEORIA","395","SCOTT ALAN CROWL","410","17TH CONGRESS","LI10 - 45","0","12","","23"
"72","0","PEORIA","0","Over Votes","410","17TH CONGRESS","LI10 - 45","0","12","","0"
"72","0","PEORIA","0","Under Votes","410","17TH CONGRESS","LI10 - 45","0","12","","6"
"72","0","PEORIA","400","JOE McGRAW","410","17TH CONGRESS","LI10 - 45","0","12","","40"
"72","0","PEORIA","0","Over Votes","410","17TH CONGRESS","LI11 - 48","0","12","","0"
"72","0","PEORIA","0","Under Votes","410","17TH CONGRESS","LI11 - 48","0","12","","1"
"72","0","PEORIA","395","SCOTT ALAN CROWL","410","17TH CONGRESS","LI11 - 48","0","12","","0"
"72","0","PEORIA","400","JOE McGRAW","410","17TH CONGRESS","LI11 - 48","0","12","","1"
"72","0","PEORIA","395","SCOTT ALAN CROWL","410","17TH CONGRESS","LO01 - 51","0","12","","46"
"72","0","PEORIA","0","Over Votes","410","17TH CONGRESS","LO01 - 51","0","12","","0"
"72","0","PEORIA","0","Under Votes","410","17TH CONGRESS","LO01 - 51","0","12","","17"
"72","0","PEORIA","400","JOE McGRAW","410","17TH CONGRESS","LO01 - 51","0","12","","67"
"72","0","PEORIA","395","SCOTT ALAN CROWL","410","17TH CONGRESS","PE11 - 74","0","12","","1"
"72","0","PEORIA","0","Over Votes","410","17TH CONGRESS","PE11 - 74","0","12","","0"
"72","0","PEORIA","0","Under Votes","410","17TH CONGRESS","PE11 - 74","0","12","","1"
"72","0","PEORIA","400","JOE McGRAW","410","17TH CONGRESS","PE11 - 74","0","12","","4"
"72","0","PEORIA","395","SCOTT ALAN CROWL","410","17TH CONGRESS","PE13 - 77","0","12","","1"
"72","0","PEORIA","0","Over Votes","410","17TH CONGRESS","PE13 - 77","0","12","","0"
"72","0","PEORIA","0","Under Votes","410","17TH CONGRESS","PE13 - 77","0","12","","0"
"72","0","PEORIA","400","JOE McGRAW","410","17TH CONGRESS","PE13 - 77","0","12","","2"
"72","0","PEORIA","395","SCOTT ALAN CROWL","410","17TH CONGRESS","PE15 - 80","0","12","","3"
"72","0","PEORIA","0","Over Votes","410","17TH CONGRESS","PE15 - 80","0","12","","0"
"72","0","PEORIA","0","Under Votes","410","17TH CONGRESS","PE15 - 80","0","12","","3"
"72","0","PEORIA","400","JOE McGRAW","410","17TH CONGRESS","PE15 - 80","0","12","","14"
"72","0","PEORIA","395","SCOTT ALAN CROWL","410","17TH CONGRESS","PE18 - 83","0","12","","21"
"72","0","PEORIA","0","Over Votes","410","17TH CONGRESS","PE18 - 83","0","12","","0"
"72","0","PEORIA","0","Under Votes","410","17TH CONGRESS","PE18 - 83","0","12","","4"
"72","0","PEORIA","400","JOE McGRAW","410","17TH CONGRESS","PE18 - 83","0","12","","21"
"72","0","PEORIA","395","SCOTT ALAN CROWL","410","17TH CONGRESS","PE30 - 103","0","12","","17"
"72","0","PEORIA","0","Over Votes","410","17TH CONGRESS","PE30 - 103","0","12","","0"
"72","0","PEORIA","0","Under Votes","410","17TH CONGRESS","PE30 - 103","0","12","","12"
"72","0","PEORIA","400","JOE McGRAW","410","17TH CONGRESS","PE30 - 103","0","12","","40"
"72","0","PEORIA","395","SCOTT ALAN CROWL","410","17TH CONGRESS","PE33 - 106","0","12","","21"
"72","0","PEORIA","0","Over Votes","410","17TH CONGRESS","PE33 - 106","0","12","","0"
"72","0","PEORIA","0","Under Votes","410","17TH CONGRESS","PE33 - 106","0","12","","4"
"72","0","PEORIA","400","JOE McGRAW","410","17TH CONGRESS","PE33 - 106","0","12","","38"
"72","0","PEORIA","395","SCOTT ALAN CROWL","410","17TH CONGRESS","PE35 - 109","0","12","","15"
"72","0","PEORIA","0","Over Votes","410","17TH CONGRESS","PE35 - 109","0","12","","0"
"72","0","PEORIA","0","Under Votes","410","17TH CONGRESS","PE35 - 109","0","12","","7"
"72","0","PEORIA","0","Over Votes","410","17TH CONGRESS","LI03 - 34","0","12","","0"
"72","0","PEORIA","0","Over Votes","410","17TH CONGRESS","HO01 - 13","0","11","","0"
"72","0","PEORIA","390","ERIC SORENSEN","410","17TH CONGRESS","HO01 - 13","0","11","","28"
"72","0","PEORIA","0","Under Votes","410","17TH CONGRESS","HO01 - 13","0","11","","3"
"72","0","PEORIA","390","ERIC SORENSEN","410","17TH CONGRESS","KI01 - 19","0","11","","0"
"72","0","PEORIA","0","Under Votes","410","17TH CONGRESS","KI01 - 19","0","11","","0"
"72","0","PEORIA","0","Over Votes","410","17TH CONGRESS","KI01 - 19","0","11","","0"
"72","0","PEORIA","0","Under Votes","410","17TH CONGRESS","LI10 - 45","0","11","","5"
"72","0","PEORIA","0","Over Votes","410","17TH CONGRESS","LI10 - 45","0","11","","0"
"72","0","PEORIA","390","ERIC SORENSEN","410","17TH CONGRESS","LI10 - 45","0","11","","67"
"72","0","PEORIA","390","ERIC SORENSEN","410","17TH CONGRESS","LI11 - 48","0","11","","8"
"72","0","PEORIA","0","Under Votes","410","17TH CONGRESS","LI11 - 48","0","11","","0"
"72","0","PEORIA","0","Over Votes","410","17TH CONGRESS","LI11 - 48","0","11","","0"
"72","0","PEORIA","0","Under Votes","410","17TH CONGRESS","LO01 - 51","0","11","","1"
"72","0","PEORIA","0","Over Votes","410","17TH CONGRESS","LO01 - 51","0","11","","0"
"72","0","PEORIA","390","ERIC SORENSEN","410","17TH CONGRESS","LO01 - 51","0","11","","38"
"72","0","PEORIA","0","Over Votes","410","17TH CONGRESS","PE11 - 74","0","11","","0"
"72","0","PEORIA","0","Under Votes","410","17TH CONGRESS","PE11 - 74","0","11","","3"
"72","0","PEORIA","390","ERIC SORENSEN","410","17TH CONGRESS","PE11 - 74","0","11","","18"
"72","0","PEORIA","0","Under Votes","410","17TH CONGRESS","PE13 - 77","0","11","","0"
"72","0","PEORIA","0","Over Votes","410","17TH CONGRESS","PE13 - 77","0","11","","0"
"72","0","PEORIA","390","ERIC SORENSEN","410","17TH CONGRESS","PE13 - 77","0","11","","3"
"72","0","PEORIA","0","Under Votes","410","17TH CONGRESS","PE15 - 80","0","11","","5"
"72","0","PEORIA","0","Over Votes","410","17TH CONGRESS","PE15 - 80","0","11","","0"
"72","0","PEORIA","390","ERIC SORENSEN","410","17TH CONGRESS","PE15 - 80","0","11","","68"
"72","0","PEORIA","0","Under Votes","410","17TH CONGRESS","PE18 - 83","0","11","","13"
"72","0","PEORIA","0","Over Votes","410","17TH CONGRESS","PE18 - 83","0","11","","0"
"72","0","PEORIA","390","ERIC SORENSEN","410","17TH CONGRESS","PE18 - 83","0","11","","78"
"72","0","PEORIA","0","Over Votes","410","17TH CONGRESS","PE30 - 103","0","11","","0"
"72","0","PEORIA","0","Under Votes","410","17TH CONGRESS","PE30 - 103","0","11","","10"
"72","0","PEORIA","390","ERIC SORENSEN","410","17TH CONGRESS","PE30 - 103","0","11","","99"
"72","0","PEORIA","0","Under Votes","410","17TH CONGRESS","PE33 - 106","0","11","","5"
"72","0","PEORIA","0","Over Votes","410","17TH CONGRESS","PE33 - 106","0","11","","0"
"72","0","PEORIA","390","ERIC SORENSEN","410","17TH CONGRESS","PE33 - 106","0","11","","74"
"72","0","PEORIA","0","Under Votes","410","17TH CONGRESS","PE35 - 109","0","11","","3"
"72","0","PEORIA","0","Over Votes","410","17TH CONGRESS","PE35 - 109","0","11","","0"
"72","0","PEORIA","390","ERIC SORENSEN","410","17TH CONGRESS","PE35 - 109","0","11","","106"
"72","0","PEORIA","0","Under Votes","410","17TH CONGRESS","PE37 - 112","0","11","","3"
"72","0","PEORIA","0","Over Votes","410","17TH CONGRESS","PE37 - 112","0","11","","0"
"72","0","PEORIA","390","ERIC SORENSEN","410","17TH CONGRESS","PE37 - 112","0","11","","38"
"72","0","PEORIA","0","Over Votes","410","17TH CONGRESS","WP04 - 193","0","11","","0"
"72","0","PEORIA","390","ERIC SORENSEN","410","17TH CONGRESS","WP04 - 193","0","11","","89"
"72","0","PEORIA","0","Under Votes","410","17TH CONGRESS","WP04 - 193","0","11","","4"
"72","0","PEORIA","0","Over Votes","410","17TH CONGRESS","LI03 - 34","0","11","","0"
"72","0","PEORIA","390","ERIC SORENSEN","410","17TH CONGRESS","LI03 - 34","0","11","","7"
"72","0","PEORIA","0","Under Votes","410","17TH CONGRESS","LI03 - 34","0","11","","0"
"72","0","PEORIA","0","Over Votes","410","17TH CONGRESS","PE02 - 63","0","11","","0"
"72","0","PEORIA","390","ERIC SORENSEN","410","17TH CONGRESS","PE02 - 63","0","11","","47"
"72","0","PEORIA","0","Under Votes","410","17TH CONGRESS","PE02 - 63","0","11","","5"
"37","0","HENRY","400","JOE McGRAW","410","17TH CONGRESS","GALVA 1","0","12","REPUBLICAN","54"
"37","0","HENRY","395","SCOTT ALAN CROWL","410","17TH CONGRESS","GALVA 1","0","12","REPUBLICAN","17"
"37","0","HENRY","0","Under Votes","410","17TH CONGRESS","GALVA 1","0","12","REPUBLICAN","4"
"37","0","HENRY","0","Over Votes","410","17TH CONGRESS","GALVA 1","0","12","REPUBLICAN","0"
"37","0","HENRY","400","JOE McGRAW","410","17TH CONGRESS","GALVA 2","0","12","REPUBLICAN","25"
"37","0","HENRY","395","SCOTT ALAN CROWL","410","17TH CONGRESS","GALVA 2","0","12","REPUBLICAN","11"
"37","0","HENRY","0","Under Votes","410","17TH CONGRESS","GALVA 2","0","12","REPUBLICAN","3"
"37","0","HENRY","0","Over Votes","410","17TH CONGRESS","GALVA 2","0","12","REPUBLICAN","0"
"37","0","HENRY","400","JOE McGRAW","410","17TH CONGRESS","GALVA 3","0","12","REPUBLICAN","30"
"37","0","HENRY","395","SCOTT ALAN CROWL","410","17TH CONGRESS","GALVA 3","0","12","REPUBLICAN","21"
"37","0","HENRY","0","Under Votes","410","17TH CONGRESS","GALVA 3","0","12","REPUBLICAN","1"
"37","0","HENRY","400","JOE McGRAW","410","17TH CONGRESS","COLONA 1","0","12","REPUBLICAN","43"
"37","0","HENRY","395","SCOTT ALAN CROWL","410","17TH CONGRESS","COLONA 1","0","12","REPUBLICAN","16"
"37","0","HENRY","0","Under Votes","410","17TH CONGRESS","COLONA 1","0","12","REPUBLICAN","2"
"37","0","HENRY","0","Over Votes","410","17TH CONGRESS","COLONA 1","0","12","REPUBLICAN","0"
"37","0","HENRY","400","JOE McGRAW","410","17TH CONGRESS","KEWANEE 3","0","12","REPUBLICAN","25"
"37","0","HENRY","395","SCOTT ALAN CROWL","410","17TH CONGRESS","KEWANEE 3","0","12","REPUBLICAN","14"
"37","0","HENRY","0","Under Votes","410","17TH CONGRESS","KEWANEE 3","0","12","REPUBLICAN","6"
"37","0","HENRY","0","Over Votes","410","17TH CONGRESS","KEWANEE 3","0","12","REPUBLICAN","0"
"37","0","HENRY","400","JOE McGRAW","410","17TH CONGRESS","KEWANEE 11","0","12","REPUBLICAN","31"
"37","0","HENRY","395","SCOTT ALAN CROWL","410","17TH CONGRESS","KEWANEE 11","0","12","REPUBLICAN","6"
"37","0","HENRY","0","Under Votes","410","17TH CONGRESS","KEWANEE 11","0","12","REPUBLICAN","8"
"37","0","HENRY","0","Over Votes","410","17TH CONGRESS","KEWANEE 11","0","12","REPUBLICAN","0"
"37","0","HENRY","400","JOE McGRAW","410","17TH CONGRESS","WETHERSFIELD 3","0","12","REPUBLICAN","26"
"37","0","HENRY","395","SCOTT ALAN CROWL","410","17TH CONGRESS","WETHERSFIELD 3","0","12","REPUBLICAN","12"
"37","0","HENRY","0","Under Votes","410","17TH CONGRESS","WETHERSFIELD 3","0","12","REPUBLICAN","8"
"37","0","HENRY","0","Over Votes","410","17TH CONGRESS","WETHERSFIELD 3","0","12","REPUBLICAN","0"
"37","0","HENRY","400","JOE McGRAW","410","17TH CONGRESS","WETHERSFIELD 4","0","12","REPUBLICAN","31"
"37","0","HENRY","395","SCOTT ALAN CROWL","410","17TH CONGRESS","WETHERSFIELD 4","0","12","REPUBLICAN","19"
"37","0","HENRY","0","Under Votes","410","17TH CONGRESS","WETHERSFIELD 4","0","12","REPUBLICAN","11"
"37","0","HENRY","0","Over Votes","410","17TH CONGRESS","WETHERSFIELD 4","0","12","REPUBLICAN","0"
"37","0","HENRY","0","Over Votes","410","17TH CONGRESS","GALVA 3","0","12","REPUBLICAN","0"
"37","0","HENRY","400","JOE McGRAW","410","17TH CONGRESS","KEWANEE 4","0","12","REPUBLICAN","9"
"37","0","HENRY","400","JOE McGRAW","410","17TH CONGRESS","KEWANEE 2","0","12","REPUBLICAN","23"
"37","0","HENRY","395","SCOTT ALAN CROWL","410","17TH CONGRESS","KEWANEE 2","0","12","REPUBLICAN","11"
"37","0","HENRY","0","Under Votes","410","17TH CONGRESS","KEWANEE 2","0","12","REPUBLICAN","2"
"37","0","HENRY","0","Over Votes","410","17TH CONGRESS","KEWANEE 2","0","12","REPUBLICAN","0"
"37","0","HENRY","400","JOE McGRAW","410","17TH CONGRESS","WETHERSFIELD 2","0","12","REPUBLICAN","33"
"37","0","HENRY","395","SCOTT ALAN CROWL","410","17TH CONGRESS","WETHERSFIELD 2","0","12","REPUBLICAN","34"
"37","0","HENRY","0","Under Votes","410","17TH CONGRESS","WETHERSFIELD 2","0","12","REPUBLICAN","8"
"37","0","HENRY","0","Over Votes","410","17TH CONGRESS","WETHERSFIELD 2","0","12","REPUBLICAN","0"
"37","0","HENRY","400","JOE McGRAW","410","17TH CONGRESS","KEWANEE 10","0","12","REPUBLICAN","23"
"8","0","CARROLL","395","SCOTT ALAN CROWL","410","17TH CONGRESS","MT. CARROLL 2","695","12","REPUBLICAN","34"
"8","0","CARROLL","400","JOE McGRAW","410","17TH CONGRESS","MT. CARROLL 2","695","12","REPUBLICAN","65"
"8","0","CARROLL","0","Blank Ballots","410","17TH CONGRESS","MT. CARROLL 2","695","12","REPUBLICAN","0"
"8","0","CARROLL","0","Under Votes","410","17TH CONGRESS","MT. CARROLL 2","695","12","REPUBLICAN","9"
"8","0","CARROLL","0","Over Votes","410","17TH CONGRESS","MT. CARROLL 2","695","12","REPUBLICAN","0"
"8","0","CARROLL","395","SCOTT ALAN CROWL","410","17TH CONGRESS","WASHINGTON","240","12","REPUBLICAN","16"
"8","0","CARROLL","400","JOE McGRAW","410","17TH CONGRESS","WASHINGTON","240","12","REPUBLICAN","20"
"8","0","CARROLL","0","Blank Ballots","410","17TH CONGRESS","WASHINGTON","240","12","REPUBLICAN","0"
"8","0","CARROLL","0","Under Votes","410","17TH CONGRESS","WASHINGTON","240","12","REPUBLICAN","1"
"8","0","CARROLL","0","Over Votes","410","17TH CONGRESS","WASHINGTON","240","12","REPUBLICAN","0"
"8","0","CARROLL","395","SCOTT ALAN CROWL","410","17TH CONGRESS","ROCK CREEK-LIMA 2","753","12","REPUBLICAN","32"
"8","0","CARROLL","0","Blank Ballots","410","17TH CONGRESS","ROCK CREEK-LIMA 2","753","12","REPUBLICAN","0"
"8","0","CARROLL","400","JOE McGRAW","410","17TH CONGRESS","ROCK CREEK-LIMA 2","753","12","REPUBLICAN","41"
"8","0","CARROLL","0","Under Votes","410","17TH CONGRESS","ROCK CREEK-LIMA 2","753","12","REPUBLICAN","7"
"8","0","CARROLL","0","Over Votes","410","17TH CONGRESS","ROCK CREEK-LIMA 2","753","12","REPUBLICAN","0"
"8","0","CARROLL","395","SCOTT ALAN CROWL","410","17TH CONGRESS","SAVANNA 6","629","12","REPUBLICAN","22"
"8","0","CARROLL","0","Blank Ballots","410","17TH CONGRESS","SAVANNA 6","629","12","REPUBLICAN","0"
"8","0","CARROLL","400","JOE McGRAW","410","17TH CONGRESS","SAVANNA 6","629","12","REPUBLICAN","31"
"8","0","CARROLL","395","SCOTT ALAN CROWL","410","17TH CONGRESS","FAIR HAVEN","556","12","REPUBLICAN","26"
"8","0","CARROLL","0","Blank Ballots","410","17TH CONGRESS","FAIR HAVEN","556","12","REPUBLICAN","0"
"8","0","CARROLL","400","JOE McGRAW","410","17TH CONGRESS","FAIR HAVEN","556","12","REPUBLICAN","46"
"8","0","CARROLL","0","Under Votes","410","17TH CONGRESS","FAIR HAVEN","556","12","REPUBLICAN","4"
"8","0","CARROLL","0","Over Votes","410","17TH CONGRESS","FAIR HAVEN","556","12","REPUBLICAN","0"
"8","0","CARROLL","395","SCOTT ALAN CROWL","410","17TH CONGRESS","SALEM","251","12","REPUBLICAN","9"
"8","0","CARROLL","0","Blank Ballots","410","17TH CONGRESS","SALEM","251","12","REPUBLICAN","0"
"8","0","CARROLL","400","JOE McGRAW","410","17TH CONGRESS","SALEM","251","12","REPUBLICAN","25"
"8","0","CARROLL","0","Under Votes","410","17TH CONGRESS","SALEM","251","12","REPUBLICAN","1"
"8","0","CARROLL","0","Over Votes","410","17TH CONGRESS","SALEM","251","12","REPUBLICAN","0"
"8","0","CARROLL","395","SCOTT ALAN CROWL","410","17TH CONGRESS","SAVANNA 4","468","12","REPUBLICAN","18"
"8","0","CARROLL","0","Blank Ballots","410","17TH CONGRESS","SAVANNA 4","468","12","REPUBLICAN","0"
"8","0","CARROLL","400","JOE McGRAW","410","17TH CONGRESS","SAVANNA 4","468","12","REPUBLICAN","22"
"8","0","CARROLL","0","Under Votes","410","17TH CONGRESS","SAVANNA 4","468","12","REPUBLICAN","4"
"8","0","CARROLL","0","Over Votes","410","17TH CONGRESS","SAVANNA 4","468","12","REPUBLICAN","0"
"8","0","CARROLL","395","SCOTT ALAN CROWL","410","17TH CONGRESS","YORK","1214","12","REPUBLICAN","35"
"8","0","CARROLL","0","Blank Ballots","410","17TH CONGRESS","YORK","1214","12","REPUBLICAN","0"
"8","0","CARROLL","400","JOE McGRAW","410","17TH CONGRESS","YORK","1214","12","REPUBLICAN","56"
"8","0","CARROLL","0","Under Votes","410","17TH CONGRESS","YORK","1214","12","REPUBLICAN","9"
"8","0","CARROLL","0","Over Votes","410","17TH CONGRESS","YORK","1214","12","REPUBLICAN","0"
"8","0","CARROLL","395","SCOTT ALAN CROWL","410","17TH CONGRESS","ROCK CREEK-LIMA 1","643","12","REPUBLICAN","18"
"8","0","CARROLL","0","Blank Ballots","410","17TH CONGRESS","ROCK CREEK-LIMA 1","643","12","REPUBLICAN","0"
"8","0","CARROLL","400","JOE McGRAW","410","17TH CONGRESS","ROCK CREEK-LIMA 1","643","12","REPUBLICAN","40"
"8","0","CARROLL","0","Under Votes","410","17TH CONGRESS","ROCK CREEK-LIMA 1","643","12","REPUBLICAN","6"
"110","101","CITY OF ROCKFORD","0","Over Votes","410","17TH CONGRESS","WARD 2 PRECINCT 5","1094","11","DEMOCRATIC","0"
"110","101","CITY OF ROCKFORD","0","Under Votes","410","17TH CONGRESS","WARD 2 PRECINCT 5","1094","11","DEMOCRATIC","4"
"110","101","CITY OF ROCKFORD","390","ERIC SORENSEN","410","17TH CONGRESS","WARD 2 PRECINCT 5","1094","11","DEMOCRATIC","57"
"110","101","CITY OF ROCKFORD","0","Over Votes","410","17TH CONGRESS","WARD 4 PRECINCT 3","909","11","DEMOCRATIC","0"
"110","101","CITY OF ROCKFORD","0","Under Votes","410","17TH CONGRESS","WARD 4 PRECINCT 3","909","11","DEMOCRATIC","8"
"110","101","CITY OF ROCKFORD","390","ERIC SORENSEN","410","17TH CONGRESS","WARD 4 PRECINCT 3","909","11","DEMOCRATIC","79"
"110","101","CITY OF ROCKFORD","0","Over Votes","410","17TH CONGRESS","WARD 7 PRECINCT 6","883","11","DEMOCRATIC","0"
"110","101","CITY OF ROCKFORD","0","Under Votes","410","17TH CONGRESS","WARD 7 PRECINCT 6","883","11","DEMOCRATIC","6"
"110","101","CITY OF ROCKFORD","390","ERIC SORENSEN","410","17TH CONGRESS","WARD 7 PRECINCT 6","883","11","DEMOCRATIC","78"
"110","101","CITY OF ROCKFORD","0","Over Votes","410","17TH CONGRESS","WARD 9 PRECINCT 1","1127","11","DEMOCRATIC","0"
"110","101","CITY OF ROCKFORD","0","Under Votes","410","17TH CONGRESS","WARD 9 PRECINCT 1","1127","11","DEMOCRATIC","0"
"110","101","CITY OF ROCKFORD","390","ERIC SORENSEN","410","17TH CONGRESS","WARD 9 PRECINCT 1","1127","11","DEMOCRATIC","50"
"110","101","CITY OF ROCKFORD","0","Over Votes","410","17TH CONGRESS","WARD 9 PRECINCT 2","1158","11","DEMOCRATIC","0"
"110","101","CITY OF ROCKFORD","0","Under Votes","410","17TH CONGRESS","WARD 9 PRECINCT 2","1158","11","DEMOCRATIC","4"
"110","101","CITY OF ROCKFORD","390","ERIC SORENSEN","410","17TH CONGRESS","WARD 9 PRECINCT 2","1158","11","DEMOCRATIC","58"
"110","101","CITY OF ROCKFORD","0","Over Votes","410","17TH CONGRESS","WARD 14 PRECINCT 5","1195","11","DEMOCRATIC","0"
"110","101","CITY OF ROCKFORD","0","Under Votes","410","17TH CONGRESS","WARD 14 PRECINCT 5","1195","11","DEMOCRATIC","19"
"110","101","CITY OF ROCKFORD","390","ERIC SORENSEN","410","17TH CONGRESS","WARD 14 PRECINCT 5","1195","11","DEMOCRATIC","117"
"110","101","CITY OF ROCKFORD","0","Over Votes","410","17TH CONGRESS","WARD 2 PRECINCT 1","1191","11","DEMOCRATIC","0"
"110","101","CITY OF ROCKFORD","390","ERIC SORENSEN","410","17TH CONGRESS","WARD 2 PRECINCT 1","1191","11","DEMOCRATIC","45"
"110","101","CITY OF ROCKFORD","0","Under Votes","410","17TH CONGRESS","WARD 2 PRECINCT 1","1191","11","DEMOCRATIC","2"
"110","101","CITY OF ROCKFORD","0","Over Votes","410","17TH CONGRESS","WARD 3 PRECINCT 1","1027","11","DEMOCRATIC","0"
"110","101","CITY OF ROCKFORD","0","Under Votes","410","17TH CONGRESS","WARD 3 PRECINCT 1","1027","11","DEMOCRATIC","3"
"110","101","CITY OF ROCKFORD","390","ERIC SORENSEN","410","17TH CONGRESS","WARD 3 PRECINCT 1","1027","11","DEMOCRATIC","70"
"110","101","CITY OF ROCKFORD","0","Over Votes","410","17TH CONGRESS","WARD 3 PRECINCT 2","1022","11","DEMOCRATIC","0"
"110","101","CITY OF ROCKFORD","0","Under Votes","410","17TH CONGRESS","WARD 3 PRECINCT 2","1022","11","DEMOCRATIC","0"
"110","101","CITY OF ROCKFORD","390","ERIC SORENSEN","410","17TH CONGRESS","WARD 3 PRECINCT 2","1022","11","DEMOCRATIC","82"
"110","101","CITY OF ROCKFORD","0","Over Votes","410","17TH CONGRESS","WARD 3 PRECINCT 3","1072","11","DEMOCRATIC","0"
"110","101","CITY OF ROCKFORD","0","Under Votes","410","17TH CONGRESS","WARD 3 PRECINCT 3","1072","11","DEMOCRATIC","4"
"110","101","CITY OF ROCKFORD","390","ERIC SORENSEN","410","17TH CONGRESS","WARD 3 PRECINCT 3","1072","11","DEMOCRATIC","43"
"110","101","CITY OF ROCKFORD","0","Over Votes","410","17TH CONGRESS","WARD 3 PRECINCT 4","911","11","DEMOCRATIC","0"
"110","101","CITY OF ROCKFORD","0","Under Votes","410","17TH CONGRESS","WARD 3 PRECINCT 4","911","11","DEMOCRATIC","7"
"110","101","CITY OF ROCKFORD","390","ERIC SORENSEN","410","17TH CONGRESS","WARD 3 PRECINCT 4","911","11","DEMOCRATIC","85"
"110","101","CITY OF ROCKFORD","0","Over Votes","410","17TH CONGRESS","WARD 4 PRECINCT 4","1062","11","DEMOCRATIC","0"
"110","101","CITY OF ROCKFORD","0","Under Votes","410","17TH CONGRESS","WARD 4 PRECINCT 4","1062","11","DEMOCRATIC","1"
"110","101","CITY OF ROCKFORD","390","ERIC SORENSEN","410","17TH CONGRESS","WARD 4 PRECINCT 4","1062","11","DEMOCRATIC","47"
"110","101","CITY OF ROCKFORD","0","Over Votes","410","17TH CONGRESS","WARD 4 PRECINCT 5","1203","11","DEMOCRATIC","0"
"110","101","CITY OF ROCKFORD","0","Under Votes","410","17TH CONGRESS","WARD 4 PRECINCT 5","1203","11","DEMOCRATIC","4"
"90","0","TAZEWELL","0","Blank Ballots","410","17TH CONGRESS","DELAVAN 1","1227","11","DEMOCRATIC","0"
"90","0","TAZEWELL","0","Over Votes","410","17TH CONGRESS","DELAVAN 1","1227","11","DEMOCRATIC","0"
"90","0","TAZEWELL","390","ERIC SORENSEN","410","17TH CONGRESS","DELAVAN 1","1227","11","DEMOCRATIC","38"
"90","0","TAZEWELL","0","Under Votes","410","17TH CONGRESS","DELAVAN 1","1227","11","DEMOCRATIC","4"
"90","0","TAZEWELL","0","Blank Ballots","410","17TH CONGRESS","LT MACKINAW 1","996","11","DEMOCRATIC","0"
"90","0","TAZEWELL","0","Over Votes","410","17TH CONGRESS","LT MACKINAW 1","996","11","DEMOCRATIC","0"
"90","0","TAZEWELL","390","ERIC SORENSEN","410","17TH CONGRESS","LT MACKINAW 1","996","11","DEMOCRATIC","3"
"90","0","TAZEWELL","0","Blank Ballots","410","17TH CONGRESS","CINCINNATI 3","617","11","DEMOCRATIC","0"
"90","0","TAZEWELL","0","Over Votes","410","17TH CONGRESS","CINCINNATI 3","617","11","DEMOCRATIC","0"
"90","0","TAZEWELL","390","ERIC SORENSEN","410","17TH CONGRESS","CINCINNATI 3","617","11","DEMOCRATIC","22"
"90","0","TAZEWELL","0","Under Votes","410","17TH CONGRESS","CINCINNATI 3","617","11","DEMOCRATIC","1"
"90","0","TAZEWELL","0","Over Votes","410","17TH CONGRESS","SAND PRAIRIE 1","925","11","DEMOCRATIC","0"
"90","0","TAZEWELL","390","ERIC SORENSEN","410","17TH CONGRESS","SAND PRAIRIE 1","925","11","DEMOCRATIC","38"
"90","0","TAZEWELL","0","Under Votes","410","17TH CONGRESS","SAND PRAIRIE 1","925","11","DEMOCRATIC","3"
"90","0","TAZEWELL","0","Blank Ballots","410","17TH CONGRESS","HOPEDALE 1","1318","11","DEMOCRATIC","0"
"90","0","TAZEWELL","0","Over Votes","410","17TH CONGRESS","HOPEDALE 1","1318","11","DEMOCRATIC","0"
"90","0","TAZEWELL","390","ERIC SORENSEN","410","17TH CONGRESS","HOPEDALE 1","1318","11","DEMOCRATIC","11"
"90","0","TAZEWELL","0","Under Votes","410","17TH CONGRESS","HOPEDALE 1","1318","11","DEMOCRATIC","2"
"90","0","TAZEWELL","0","Blank Ballots","410","17TH CONGRESS","SPRINGLAKE 1","1330","11","DEMOCRATIC","0"
"90","0","TAZEWELL","0","Over Votes","410","17TH CONGRESS","SPRINGLAKE 1","1330","11","DEMOCRATIC","0"
"90","0","TAZEWELL","390","ERIC SORENSEN","410","17TH CONGRESS","SPRINGLAKE 1","1330","11","DEMOCRATIC","45"
"90","0","TAZEWELL","0","Under Votes","410","17TH CONGRESS","SPRINGLAKE 1","1330","11","DEMOCRATIC","0"
"90","0","TAZEWELL","0","Blank Ballots","410","17TH CONGRESS","PEKIN 13","915","11","DEMOCRATIC","0"
"90","0","TAZEWELL","0","Over Votes","410","17TH CONGRESS","PEKIN 13","915","11","DEMOCRATIC","0"
"90","0","TAZEWELL","390","ERIC SORENSEN","410","17TH CONGRESS","PEKIN 13","915","11","DEMOCRATIC","18"
"90","0","TAZEWELL","0","Under Votes","410","17TH CONGRESS","PEKIN 13","915","11","DEMOCRATIC","2"
"90","0","TAZEWELL","0","Blank Ballots","410","17TH CONGRESS","DILLON","728","11","DEMOCRATIC","0"
"90","0","TAZEWELL","0","Over Votes","410","17TH CONGRESS","DILLON","728","11","DEMOCRATIC","0"
"90","0","TAZEWELL","390","ERIC SORENSEN","410","17TH CONGRESS","DILLON","728","11","DEMOCRATIC","30"
"90","0","TAZEWELL","0","Under Votes","410","17TH CONGRESS","DILLON","728","11","DEMOCRATIC","4"
"90","0","TAZEWELL","0","Under Votes","410","17TH CONGRESS","LT MACKINAW 1","996","11","DEMOCRATIC","0"
"90","0","TAZEWELL","0","Blank Ballots","410","17TH CONGRESS","BOYNTON","171","11","DEMOCRATIC","0"
"90","0","TAZEWELL","0","Over Votes","410","17TH CONGRESS","BOYNTON","171","11","DEMOCRATIC","0"
"90","0","TAZEWELL","390","ERIC SORENSEN","410","17TH CONGRESS","BOYNTON","171","11","DEMOCRATIC","9"
"90","0","TAZEWELL","0","Under Votes","410","17TH CONGRESS","BOYNTON","171","11","DEMOCRATIC","0"
"90","0","TAZEWELL","0","Blank Ballots","410","17TH CONGRESS","MALONE","142","11","DEMOCRATIC","0"
"90","0","TAZEWELL","0","Over Votes","410","17TH CONGRESS","MALONE","142","11","DEMOCRATIC","0"
"90","0","TAZEWELL","390","ERIC SORENSEN","410","17TH CONGRESS","MALONE","142","11","DEMOCRATIC","7"
"90","0","TAZEWELL","0","Under Votes","410","17TH CONGRESS","MALONE","142","11","DEMOCRATIC","1"
"90","0","TAZEWELL","0","Blank Ballots","410","17TH CONGRESS","CINCINNATI 1","1155","11","DEMOCRATIC","0"
"90","0","TAZEWELL","0","Over Votes","410","17TH CONGRESS","CINCINNATI 1","1155","11","DEMOCRATIC","0"
"90","0","TAZEWELL","390","ERIC SORENSEN","410","17TH CONGRESS","CINCINNATI 1","1155","11","DEMOCRATIC","30"
"90","0","TAZEWELL","395","SCOTT ALAN CROWL","410","17TH CONGRESS","DELAVAN 1","1227","12","REPUBLICAN","32"
"90","0","TAZEWELL","0","Over Votes","410","17TH CONGRESS","DELAVAN 1","1227","12","REPUBLICAN","0"
"90","0","TAZEWELL","0","Blank Ballots","410","17TH CONGRESS","DELAVAN 1","1227","12","REPUBLICAN","0"
"90","0","TAZEWELL","0","Under Votes","410","17TH CONGRESS","DELAVAN 1","1227","12","REPUBLICAN","19"
"90","0","TAZEWELL","400","JOE McGRAW","410","17TH CONGRESS","DELAVAN 1","1227","12","REPUBLICAN","83"
"90","0","TAZEWELL","395","SCOTT ALAN CROWL","410","17TH CONGRESS","LT MACKINAW 1","996","12","REPUBLICAN","11"
"90","0","TAZEWELL","0","Over Votes","410","17TH CONGRESS","LT MACKINAW 1","996","12","REPUBLICAN","0"
"90","0","TAZEWELL","0","Blank Ballots","410","17TH CONGRESS","LT MACKINAW 1","996","12","REPUBLICAN","0"
"90","0","TAZEWELL","0","Under Votes","410","17TH CONGRESS","LT MACKINAW 1","996","12","REPUBLICAN","4"
"90","0","TAZEWELL","400","JOE McGRAW","410","17TH CONGRESS","LT MACKINAW 1","996","12","REPUBLICAN","8"
"90","0","TAZEWELL","395","SCOTT ALAN CROWL","410","17TH CONGRESS","CINCINNATI 3","617","12","REPUBLICAN","17"
"90","0","TAZEWELL","0","Over Votes","410","17TH CONGRESS","CINCINNATI 3","617","12","REPUBLICAN","0"
"90","0","TAZEWELL","0","Blank Ballots","410","17TH CONGRESS","CINCINNATI 3","617","12","REPUBLICAN","0"
"90","0","TAZEWELL","0","Under Votes","410","17TH CONGRESS","CINCINNATI 3","617","12","REPUBLICAN","5"
"90","0","TAZEWELL","400","JOE McGRAW","410","17TH CONGRESS","CINCINNATI 3","617","12","REPUBLICAN","37"
"90","0","TAZEWELL","395","SCOTT ALAN CROWL","410","17TH CONGRESS","HOPEDALE 1","1318","12","REPUBLICAN","11"
"90","0","TAZEWELL","0","Over Votes","410","17TH CONGRESS","HOPEDALE 1","1318","12","REPUBLICAN","0"
"90","0","TAZEWELL","0","Blank Ballots","410","17TH CONGRESS","HOPEDALE 1","1318","12","REPUBLICAN","0"
"90","0","TAZEWELL","0","Under Votes","410","17TH CONGRESS","HOPEDALE 1","1318","12","REPUBLICAN","2"
"90","0","TAZEWELL","400","JOE McGRAW","410","17TH CONGRESS","HOPEDALE 1","1318","12","REPUBLICAN","21"
"90","0","TAZEWELL","395","SCOTT ALAN CROWL","410","17TH CONGRESS","SPRINGLAKE 1","1330","12","REPUBLICAN","29"
"90","0","TAZEWELL","0","Over Votes","410","17TH CONGRESS","SPRINGLAKE 1","1330","12","REPUBLICAN","0"
"90","0","TAZEWELL","0","Blank Ballots","410","17TH CONGRESS","SPRINGLAKE 1","1330","12","REPUBLICAN","0"
"90","0","TAZEWELL","0","Under Votes","410","17TH CONGRESS","SPRINGLAKE 1","1330","12","REPUBLICAN","9"
"90","0","TAZEWELL","400","JOE McGRAW","410","17TH CONGRESS","SPRINGLAKE 1","1330","12","REPUBLICAN","69"
"90","0","TAZEWELL","395","SCOTT ALAN CROWL","410","17TH CONGRESS","PEKIN 13","915","12","REPUBLICAN","12"
"90","0","TAZEWELL","0","Over Votes","410","17TH CONGRESS","PEKIN 13","915","12","REPUBLICAN","0"
"90","0","TAZEWELL","0","Blank Ballots","410","17TH CONGRESS","PEKIN 13","915","12","REPUBLICAN","0"
"90","0","TAZEWELL","0","Under Votes","410","17TH CONGRESS","PEKIN 13","915","12","REPUBLICAN","6"
"90","0","TAZEWELL","400","JOE McGRAW","410","17TH CONGRESS","PEKIN 13","915","12","REPUBLICAN","25"
"90","0","TAZEWELL","395","SCOTT ALAN CROWL","410","17TH CONGRESS","CINCINNATI 1","1155","12","REPUBLICAN","39"
"90","0","TAZEWELL","0","Over Votes","410","17TH CONGRESS","CINCINNATI 1","1155","12","REPUBLICAN","0"
"90","0","TAZEWELL","0","Blank Ballots","410","17TH CONGRESS","CINCINNATI 1","1155","12","REPUBLICAN","0"
"90","0","TAZEWELL","0","Under Votes","410","17TH CONGRESS","CINCINNATI 1","1155","12","REPUBLICAN","8"
"90","0","TAZEWELL","400","JOE McGRAW","410","17TH CONGRESS","CINCINNATI 1","1155","12","REPUBLICAN","70"
"90","0","TAZEWELL","395","SCOTT ALAN CROWL","410","17TH CONGRESS","HITTLE","373","12","REPUBLICAN","37"
"90","0","TAZEWELL","0","Over Votes","410","17TH CONGRESS","HITTLE","373","12","REPUBLICAN","0"
"90","0","TAZEWELL","0","Blank Ballots","410","17TH CONGRESS","HITTLE","373","12","REPUBLICAN","0"
"90","0","TAZEWELL","0","Under Votes","410","17TH CONGRESS","HITTLE","373","12","REPUBLICAN","12"
"90","0","TAZEWELL","400","JOE McGRAW","410","17TH CONGRESS","HITTLE","373","12","REPUBLICAN","67"
"90","0","TAZEWELL","395","SCOTT ALAN CROWL","410","17TH CONGRESS","SAND PRAIRIE 1","925","12","REPUBLICAN","41"
"90","0","TAZEWELL","0","Over Votes","410","17TH CONGRESS","SAND PRAIRIE 1","925","12","REPUBLICAN","0"
"37","0","HENRY","390","ERIC SORENSEN","410","17TH CONGRESS","GALVA 1","0","11","DEMOCRATIC","24"
"37","0","HENRY","0","Under Votes","410","17TH CONGRESS","GALVA 1","0","11","DEMOCRATIC","1"
"37","0","HENRY","0","Over Votes","410","17TH CONGRESS","GALVA 1","0","11","DEMOCRATIC","0"
"37","0","HENRY","390","ERIC SORENSEN","410","17TH CONGRESS","GALVA 2","0","11","DEMOCRATIC","22"
"37","0","HENRY","0","Under Votes","410","17TH CONGRESS","GALVA 2","0","11","DEMOCRATIC","1"
"37","0","HENRY","0","Over Votes","410","17TH CONGRESS","GALVA 2","0","11","DEMOCRATIC","0"
"37","0","HENRY","390","ERIC SORENSEN","410","17TH CONGRESS","GALVA 3","0","11","DEMOCRATIC","21"
"37","0","HENRY","0","Under Votes","410","17TH CONGRESS","GALVA 3","0","11","DEMOCRATIC","2"
"37","0","HENRY","0","Over Votes","410","17TH CONGRESS","GALVA 3","0","11","DEMOCRATIC","0"
"37","0","HENRY","390","ERIC SORENSEN","410","17TH CONGRESS","COLONA 1","0","11","DEMOCRATIC","33"
"37","0","HENRY","0","Under Votes","410","17TH CONGRESS","COLONA 1","0","11","DEMOCRATIC","1"
"37","0","HENRY","0","Over Votes","410","17TH CONGRESS","COLONA 1","0","11","DEMOCRATIC","0"
"37","0","HENRY","390","ERIC SORENSEN","410","17TH CONGRESS","KEWANEE 3","0","11","DEMOCRATIC","17"
"37","0","HENRY","0","Under Votes","410","17TH CONGRESS","KEWANEE 3","0","11","DEMOCRATIC","4"
"37","0","HENRY","0","Over Votes","410","17TH CONGRESS","KEWANEE 3","0","11","DEMOCRATIC","0"
"37","0","HENRY","390","ERIC SORENSEN","410","17TH CONGRESS","KEWANEE 11","0","11","DEMOCRATIC","40"
"37","0","HENRY","0","Under Votes","410","17TH CONGRESS","KEWANEE 11","0","11","DEMOCRATIC","2"
"37","0","HENRY","0","Over Votes","410","17TH CONGRESS","KEWANEE 11","0","11","DEMOCRATIC","0"
"37","0","HENRY","390","ERIC SORENSEN","410","17TH CONGRESS","WETHERSFIELD 3","0","11","DEMOCRATIC","21"
"37","0","HENRY","0","Under Votes","410","17TH CONGRESS","WETHERSFIELD 3","0","11","DEMOCRATIC","2"
"37","0","HENRY","0","Over Votes","410","17TH CONGRESS","WETHERSFIELD 3","0","11","DEMOCRATIC","0"
"37","0","HENRY","390","ERIC SORENSEN","410","17TH CONGRESS","WETHERSFIELD 4","0","11","DEMOCRATIC","60"
"37","0","HENRY","0","Under Votes","410","17TH CONGRESS","WETHERSFIELD 4","0","11","DEMOCRATIC","3"
"37","0","HENRY","0","Over Votes","410","17TH CONGRESS","WETHERSFIELD 4","0","11","DEMOCRATIC","0"
"37","0","HENRY","390","ERIC SORENSEN","410","17TH CONGRESS","KEWANEE 10","0","11","DEMOCRATIC","22"
"37","0","HENRY","0","Under Votes","410","17TH CONGRESS","KEWANEE 10","0","11","DEMOCRATIC","1"
"37","0","HENRY","0","Over Votes","410","17TH CONGRESS","KEWANEE 10","0","11","DEMOCRATIC","0"
"37","0","HENRY","390","ERIC SORENSEN","410","17TH CONGRESS","KEWANEE 2","0","11","DEMOCRATIC","31"
"37","0","HENRY","0","Under Votes","410","17TH CONGRESS","KEWANEE 2","0","11","DEMOCRATIC","0"
"37","0","HENRY","0","Over Votes","410","17TH CONGRESS","KEWANEE 2","0","11","DEMOCRATIC","0"
"37","0","HENRY","390","ERIC SORENSEN","410","17TH CONGRESS","WETHERSFIELD 2","0","11","DEMOCRATIC","40"
"37","0","HENRY","0","Under Votes","410","17TH CONGRESS","WETHERSFIELD 2","0","11","DEMOCRATIC","1"
"37","0","HENRY","0","Over Votes","410","17TH CONGRESS","WETHERSFIELD 2","0","11","DEMOCRATIC","0"
"37","0","HENRY","390","ERIC SORENSEN","410","17TH CONGRESS","KEWANEE 4","0","11","DEMOCRATIC","17"
"37","0","HENRY","0","Under Votes","410","17TH CONGRESS","KEWANEE 4","0","11","DEMOCRATIC","1"
"37","0","HENRY","0","Over Votes","410","17TH CONGRESS","KEWANEE 4","0","11","DEMOCRATIC","0"
"37","0","HENRY","390","ERIC SORENSEN","410","17TH CONGRESS","KEWANEE 5","0","11","DEMOCRATIC","15"
"37","0","HENRY","0","Under Votes","410","17TH CONGRESS","KEWANEE 5","0","11","DEMOCRATIC","1"
"37","0","HENRY","0","Over Votes","410","17TH CONGRESS","KEWANEE 5","0","11","DEMOCRATIC","0"
"37","0","HENRY","390","ERIC SORENSEN","410","17TH CONGRESS","KEWANEE 6","0","11","DEMOCRATIC","14"
"37","0","HENRY","0","Under Votes","410","17TH CONGRESS","KEWANEE 6","0","11","DEMOCRATIC","2"
"37","0","HENRY","0","Over Votes","410","17TH CONGRESS","KEWANEE 6","0","11","DEMOCRATIC","0"
"37","0","HENRY","390","ERIC SORENSEN","410","17TH CONGRESS","KEWANEE 7","0","11","DEMOCRATIC","19"
"72","0","PEORIA","0","Over Votes","410","17TH CONGRESS","PE21 - 86","0","11","","0"
"72","0","PEORIA","390","ERIC SORENSEN","410","17TH CONGRESS","PE21 - 86","0","11","","64"
"72","0","PEORIA","0","Under Votes","410","17TH CONGRESS","PE21 - 86","0","11","","5"
"72","0","PEORIA","0","Over Votes","410","17TH CONGRESS","PE23 - 89","0","11","","0"
"72","0","PEORIA","390","ERIC SORENSEN","410","17TH CONGRESS","PE23 - 89","0","11","","96"
"72","0","PEORIA","0","Under Votes","410","17TH CONGRESS","PE23 - 89","0","11","","8"
"72","0","PEORIA","0","Over Votes","410","17TH CONGRESS","PE25 - 92","0","11","","0"
"72","0","PEORIA","390","ERIC SORENSEN","410","17TH CONGRESS","PE25 - 92","0","11","","36"
"72","0","PEORIA","0","Under Votes","410","17TH CONGRESS","PE25 - 92","0","11","","0"
"72","0","PEORIA","390","ERIC SORENSEN","410","17TH CONGRESS","PE39 - 115","0","11","","124"
"72","0","PEORIA","0","Under Votes","410","17TH CONGRESS","PE39 - 115","0","11","","12"
"72","0","PEORIA","0","Over Votes","410","17TH CONGRESS","PE39 - 115","0","11","","0"
"72","0","PEORIA","0","Over Votes","410","17TH CONGRESS","PE41 - 118","0","11","","0"
"72","0","PEORIA","390","ERIC SORENSEN","410","17TH CONGRESS","PE41 - 118","0","11","","99"
"72","0","PEORIA","0","Under Votes","410","17TH CONGRESS","PE41 - 118","0","11","","5"
"72","0","PEORIA","0","Over Votes","410","17TH CONGRESS","PE43 - 121","0","11","","0"
"72","0","PEORIA","390","ERIC SORENSEN","410","17TH CONGRESS","PE43 - 121","0","11","","67"
"72","0","PEORIA","0","Under Votes","410","17TH CONGRESS","PE43 - 121","0","11","","9"
"72","0","PEORIA","0","Over Votes","410","17TH CONGRESS","PE53 - 147","0","11","","0"
"72","0","PEORIA","390","ERIC SORENSEN","410","17TH CONGRESS","PE53 - 147","0","11","","32"
"72","0","PEORIA","0","Under Votes","410","17TH CONGRESS","PE53 - 147","0","11","","5"
"72","0","PEORIA","0","Over Votes","410","17TH CONGRESS","PE54 - 150","0","11","","0"
"72","0","PEORIA","390","ERIC SORENSEN","410","17TH CONGRESS","PE54 - 150","0","11","","30"
"72","0","PEORIA","0","Under Votes","410","17TH CONGRESS","PE54 - 150","0","11","","6"
"72","0","PEORIA","0","Over Votes","410","17TH CONGRESS","RI02 - 179","0","11","","0"
"72","0","PEORIA","390","ERIC SORENSEN","410","17TH CONGRESS","RI02 - 179","0","11","","57"
"72","0","PEORIA","0","Under Votes","410","17TH CONGRESS","RI02 - 179","0","11","","4"
"72","0","PEORIA","390","ERIC SORENSEN","410","17TH CONGRESS","RI04 - 182","0","11","","64"
"72","0","PEORIA","0","Under Votes","410","17TH CONGRESS","RI04 - 182","0","11","","4"
"72","0","PEORIA","0","Over Votes","410","17TH CONGRESS","RI04 - 182","0","11","","0"
"72","0","PEORIA","390","ERIC SORENSEN","410","17TH CONGRESS","TI01 - 185","0","11","","13"
"72","0","PEORIA","0","Under Votes","410","17TH CONGRESS","TI01 - 185","0","11","","3"
"72","0","PEORIA","0","Over Votes","410","17TH CONGRESS","TI01 - 185","0","11","","0"
"72","0","PEORIA","0","Over Votes","410","17TH CONGRESS","LI02 - 32","0","11","","0"
"72","0","PEORIA","390","ERIC SORENSEN","410","17TH CONGRESS","LI02 - 32","0","11","","0"
"72","0","PEORIA","0","Under Votes","410","17TH CONGRESS","LI02 - 32","0","11","","0"
"72","0","PEORIA","0","Over Votes","410","17TH CONGRESS","LI04 - 35","0","11","","0"
"72","0","PEORIA","390","ERIC SORENSEN","410","17TH CONGRESS","LI04 - 35","0","11","","59"
"72","0","PEORIA","0","Under Votes","410","17TH CONGRESS","LI04 - 35","0","11","","3"
"72","0","PEORIA","0","Over Votes","410","17TH CONGRESS","LI06 - 38","0","11","","0"
"72","0","PEORIA","0","Under Votes","410","17TH CONGRESS","LI06 - 38","0","11","","2"
"72","0","PEORIA","390","ERIC SORENSEN","410","17TH CONGRESS","LI06 - 38","0","11","","48"
"72","0","PEORIA","0","Over Votes","410","17TH CONGRESS","PE03 - 64","0","11","","0"
"72","0","PEORIA","390","ERIC SORENSEN","410","17TH CONGRESS","PE03 - 64","0","11","","35"
"72","0","PEORIA","0","Under Votes","410","17TH CONGRESS","PE03 - 64","0","11","","10"
"72","0","PEORIA","0","Over Votes","410","17TH CONGRESS","PE05 - 67","0","11","","0"
"72","0","PEORIA","390","ERIC SORENSEN","410","17TH CONGRESS","PE05 - 67","0","11","","74"
"72","0","PEORIA","0","Under Votes","410","17TH CONGRESS","PE05 - 67","0","11","","16"
"37","0","HENRY","395","SCOTT ALAN CROWL","410","17TH CONGRESS","KEWANEE 10","0","12","REPUBLICAN","10"
"37","0","HENRY","0","Under Votes","410","17TH CONGRESS","KEWANEE 10","0","12","REPUBLICAN","4"
"37","0","HENRY","0","Over Votes","410","17TH CONGRESS","KEWANEE 10","0","12","REPUBLICAN","0"
"37","0","HENRY","400","JOE McGRAW","410","17TH CONGRESS","KEWANEE 6","0","12","REPUBLICAN","14"
"37","0","HENRY","395","SCOTT ALAN CROWL","410","17TH CONGRESS","KEWANEE 6","0","12","REPUBLICAN","7"
"37","0","HENRY","0","Under Votes","410","17TH CONGRESS","KEWANEE 6","0","12","REPUBLICAN","2"
"37","0","HENRY","0","Over Votes","410","17TH CONGRESS","KEWANEE 6","0","12","REPUBLICAN","0"
"37","0","HENRY","400","JOE McGRAW","410","17TH CONGRESS","KEWANEE 7","0","12","REPUBLICAN","10"
"37","0","HENRY","395","SCOTT ALAN CROWL","410","17TH CONGRESS","KEWANEE 7","0","12","REPUBLICAN","6"
"37","0","HENRY","0","Under Votes","410","17TH CONGRESS","KEWANEE 7","0","12","REPUBLICAN","4"
"37","0","HENRY","395","SCOTT ALAN CROWL","410","17TH CONGRESS","KEWANEE 4","0","12","REPUBLICAN","8"
"37","0","HENRY","0","Under Votes","410","17TH CONGRESS","KEWANEE 4","0","12","REPUBLICAN","2"
"37","0","HENRY","0","Over Votes","410","17TH CONGRESS","KEWANEE 4","0","12","REPUBLICAN","0"
"37","0","HENRY","400","JOE McGRAW","410","17TH CONGRESS","KEWANEE 5","0","12","REPUBLICAN","10"
"37","0","HENRY","395","SCOTT ALAN CROWL","410","17TH CONGRESS","KEWANEE 5","0","12","REPUBLICAN","7"
"37","0","HENRY","0","Under Votes","410","17TH CONGRESS","KEWANEE 5","0","12","REPUBLICAN","1"
"37","0","HENRY","0","Over Votes","410","17TH CONGRESS","KEWANEE 5","0","12","REPUBLICAN","0"
"37","0","HENRY","0","Over Votes","410","17TH CONGRESS","KEWANEE 7","0","12","REPUBLICAN","0"
"37","0","HENRY","400","JOE McGRAW","410","17TH CONGRESS","KEWANEE 8","0","12","REPUBLICAN","29"
"37","0","HENRY","395","SCOTT ALAN CROWL","410","17TH CONGRESS","KEWANEE 8","0","12","REPUBLICAN","9"
"37","0","HENRY","0","Under Votes","410","17TH CONGRESS","KEWANEE 8","0","12","REPUBLICAN","0"
"37","0","HENRY","0","Over Votes","410","17TH CONGRESS","KEWANEE 8","0","12","REPUBLICAN","0"
"37","0","HENRY","400","JOE McGRAW","410","17TH CONGRESS","KEWANEE 9","0","12","REPUBLICAN","13"
"37","0","HENRY","395","SCOTT ALAN CROWL","410","17TH CONGRESS","KEWANEE 9","0","12","REPUBLICAN","4"
"37","0","HENRY","0","Under Votes","410","17TH CONGRESS","KEWANEE 9","0","12","REPUBLICAN","7"
"37","0","HENRY","0","Over Votes","410","17TH CONGRESS","KEWANEE 9","0","12","REPUBLICAN","0"
"37","0","HENRY","400","JOE McGRAW","410","17TH CONGRESS","COLONA 2","0","12","REPUBLICAN","24"
"37","0","HENRY","395","SCOTT ALAN CROWL","410","17TH CONGRESS","COLONA 2","0","12","REPUBLICAN","15"
"37","0","HENRY","0","Under Votes","410","17TH CONGRESS","COLONA 2","0","12","REPUBLICAN","2"
"37","0","HENRY","0","Over Votes","410","17TH CONGRESS","COLONA 2","0","12","REPUBLICAN","0"
"37","0","HENRY","400","JOE McGRAW","410","17TH CONGRESS","COLONA 3","0","12","REPUBLICAN","28"
"37","0","HENRY","395","SCOTT ALAN CROWL","410","17TH CONGRESS","COLONA 3","0","12","REPUBLICAN","6"
"37","0","HENRY","0","Under Votes","410","17TH CONGRESS","COLONA 3","0","12","REPUBLICAN","3"
"37","0","HENRY","0","Over Votes","410","17TH CONGRESS","COLONA 3","0","12","REPUBLICAN","0"
"37","0","HENRY","400","JOE McGRAW","410","17TH CONGRESS","COLONA 4","0","12","REPUBLICAN","24"
"37","0","HENRY","395","SCOTT ALAN CROWL","410","17TH CONGRESS","COLONA 4","0","12","REPUBLICAN","17"
"37","0","HENRY","0","Under Votes","410","17TH CONGRESS","COLONA 4","0","12","REPUBLICAN","0"
"37","0","HENRY","0","Over Votes","410","17TH CONGRESS","COLONA 4","0","12","REPUBLICAN","0"
"37","0","HENRY","400","JOE McGRAW","410","17TH CONGRESS","COLONA 5","0","12","REPUBLICAN","28"
"37","0","HENRY","395","SCOTT ALAN CROWL","410","17TH CONGRESS","COLONA 5","0","12","REPUBLICAN","20"
"37","0","HENRY","0","Under Votes","410","17TH CONGRESS","COLONA 5","0","12","REPUBLICAN","4"
"37","0","HENRY","0","Over Votes","410","17TH CONGRESS","COLONA 5","0","12","REPUBLICAN","0"
"37","0","HENRY","400","JOE McGRAW","410","17TH CONGRESS","KEWANEE 1","0","12","REPUBLICAN","21"
"72","0","PEORIA","400","JOE McGRAW","410","17TH CONGRESS","LI03 - 34","0","12","","6"
"72","0","PEORIA","0","Under Votes","410","17TH CONGRESS","LI03 - 34","0","12","","0"
"72","0","PEORIA","395","SCOTT ALAN CROWL","410","17TH CONGRESS","LI03 - 34","0","12","","2"
"72","0","PEORIA","395","SCOTT ALAN CROWL","410","17TH CONGRESS","PE02 - 63","0","12","","5"
"72","0","PEORIA","0","Over Votes","410","17TH CONGRESS","PE02 - 63","0","12","","0"
"72","0","PEORIA","400","JOE McGRAW","410","17TH CONGRESS","PE02 - 63","0","12","","4"
"72","0","PEORIA","0","Under Votes","410","17TH CONGRESS","PE02 - 63","0","12","","3"
"72","0","PEORIA","395","SCOTT ALAN CROWL","410","17TH CONGRESS","PE21 - 86","0","12","","9"
"72","0","PEORIA","0","Over Votes","410","17TH CONGRESS","PE21 - 86","0","12","","0"
"72","0","PEORIA","0","Under Votes","410","17TH CONGRESS","PE21 - 86","0","12","","1"
"72","0","PEORIA","400","JOE McGRAW","410","17TH CONGRESS","PE21 - 86","0","12","","21"
"72","0","PEORIA","395","SCOTT ALAN CROWL","410","17TH CONGRESS","PE23 - 89","0","12","","27"
"72","0","PEORIA","0","Over Votes","410","17TH CONGRESS","PE23 - 89","0","12","","0"
"72","0","PEORIA","400","JOE McGRAW","410","17TH CONGRESS","PE23 - 89","0","12","","51"
"72","0","PEORIA","0","Under Votes","410","17TH CONGRESS","PE23 - 89","0","12","","9"
"72","0","PEORIA","395","SCOTT ALAN CROWL","410","17TH CONGRESS","PE25 - 92","0","12","","4"
"72","0","PEORIA","0","Over Votes","410","17TH CONGRESS","PE25 - 92","0","12","","0"
"72","0","PEORIA","400","JOE McGRAW","410","17TH CONGRESS","PE25 - 92","0","12","","9"
"72","0","PEORIA","0","Under Votes","410","17TH CONGRESS","PE25 - 92","0","12","","1"
"72","0","PEORIA","395","SCOTT ALAN CROWL","410","17TH CONGRESS","PE39 - 115","0","12","","19"
"72","0","PEORIA","0","Over Votes","410","17TH CONGRESS","PE39 - 115","0","12","","0"
"72","0","PEORIA","0","Under Votes","410","17TH CONGRESS","PE39 - 115","0","12","","3"
"72","0","PEORIA","400","JOE McGRAW","410","17TH CONGRESS","PE39 - 115","0","12","","38"
"72","0","PEORIA","395","SCOTT ALAN CROWL","410","17TH CONGRESS","PE41 - 118","0","12","","12"
"72","0","PEORIA","0","Over Votes","410","17TH CONGRESS","PE41 - 118","0","12","","0"
"72","0","PEORIA","0","Under Votes","410","17TH CONGRESS","PE41 - 118","0","12","","4"
"72","0","PEORIA","400","JOE McGRAW","410","17TH CONGRESS","PE41 - 118","0","12","","19"
"72","0","PEORIA","395","SCOTT ALAN CROWL","410","17TH CONGRESS","PE43 - 121","0","12","","11"
"72","0","PEORIA","0","Over Votes","410","17TH CONGRESS","PE43 - 121","0","12","","0"
"72","0","PEORIA","400","JOE McGRAW","410","17TH CONGRESS","PE43 - 121","0","12","","21"
"72","0","PEORIA","0","Under Votes","410","17TH CONGRESS","PE43 - 121","0","12","","4"
"72","0","PEORIA","395","SCOTT ALAN CROWL","410","17TH CONGRESS","PE53 - 147","0","12","","8"
"72","0","PEORIA","0","Over Votes","410","17TH CONGRESS","PE53 - 147","0","12","","0"
"72","0","PEORIA","0","Under Votes","410","17TH CONGRESS","PE53 - 147","0","12","","6"
"72","0","PEORIA","400","JOE McGRAW","410","17TH CONGRESS","PE53 - 147","0","12","","11"
"72","0","PEORIA","0","Over Votes","410","17TH CONGRESS","PE54 - 150","0","12","","0"
"72","0","PEORIA","400","JOE McGRAW","410","17TH CONGRESS","PE54 - 150","0","12","","35"
"72","0","PEORIA","0","Under Votes","410","17TH CONGRESS","PE54 - 150","0","12","","3"
"72","0","PEORIA","395","SCOTT ALAN CROWL","410","17TH CONGRESS","PE54 - 150","0","12","","11"
"72","0","PEORIA","0","Over Votes","410","17TH CONGRESS","RI02 - 179","0","12","","0"
"72","0","PEORIA","400","JOE McGRAW","410","17TH CONGRESS","RI02 - 179","0","12","","49"
"72","0","PEORIA","0","Under Votes","410","17TH CONGRESS","RI02 - 179","0","12","","6"
"72","0","PEORIA","395","SCOTT ALAN CROWL","410","17TH CONGRESS","RI02 - 179","0","12","","13"
"72","0","PEORIA","0","Over Votes","410","17TH CONGRESS","RI04 - 182","0","12","","0"
"72","0","PEORIA","400","JOE McGRAW","410","17TH CONGRESS","RI04 - 182","0","12","","25"
"72","0","PEORIA","0","Under Votes","410","17TH CONGRESS","RI04 - 182","0","12","","4"
"72","0","PEORIA","400","JOE McGRAW","410","17TH CONGRESS","KI01 - 21","0","12","","5"
"72","0","PEORIA","0","Over Votes","410","17TH CONGRESS","KI01 - 21","0","12","","0"
"72","0","PEORIA","0","Over Votes","410","17TH CONGRESS","PE24 - 90","0","11","","0"
"72","0","PEORIA","390","ERIC SORENSEN","410","17TH CONGRESS","PE24 - 90","0","11","","35"
"72","0","PEORIA","0","Under Votes","410","17TH CONGRESS","PE24 - 90","0","11","","2"
"72","0","PEORIA","0","Over Votes","410","17TH CONGRESS","PE25 - 93","0","11","","0"
"72","0","PEORIA","390","ERIC SORENSEN","410","17TH CONGRESS","PE25 - 93","0","11","","44"
"72","0","PEORIA","0","Under Votes","410","17TH CONGRESS","PE25 - 93","0","11","","5"
"72","0","PEORIA","0","Over Votes","410","17TH CONGRESS","PE26 - 96","0","11","","0"
"72","0","PEORIA","390","ERIC SORENSEN","410","17TH CONGRESS","PE26 - 96","0","11","","1"
"72","0","PEORIA","0","Under Votes","410","17TH CONGRESS","PE26 - 96","0","11","","0"
"72","0","PEORIA","0","Over Votes","410","17TH CONGRESS","PE42 - 119","0","11","","0"
"72","0","PEORIA","390","ERIC SORENSEN","410","17TH CONGRESS","PE42 - 119","0","11","","1"
"72","0","PEORIA","0","Under Votes","410","17TH CONGRESS","PE42 - 119","0","11","","0"
"72","0","PEORIA","0","Over Votes","410","17TH CONGRESS","PE53 - 148","0","11","","0"
"72","0","PEORIA","390","ERIC SORENSEN","410","17TH CONGRESS","PE53 - 148","0","11","","45"
"72","0","PEORIA","0","Under Votes","410","17TH CONGRESS","PE53 - 148","0","11","","10"
"72","0","PEORIA","0","Over Votes","410","17TH CONGRESS","PE54 - 151","0","11","","0"
"72","0","PEORIA","390","ERIC SORENSEN","410","17TH CONGRESS","PE54 - 151","0","11","","3"
"72","0","PEORIA","0","Under Votes","410","17TH CONGRESS","PE54 - 151","0","11","","0"
"72","0","PEORIA","0","Over Votes","410","17TH CONGRESS","RI03 - 180","0","11","","0"
"72","0","PEORIA","390","ERIC SORENSEN","410","17TH CONGRESS","RI03 - 180","0","11","","60"
"72","0","PEORIA","0","Under Votes","410","17TH CONGRESS","RI03 - 180","0","11","","4"
"72","0","PEORIA","0","Over Votes","410","17TH CONGRESS","RO01 - 183","0","11","","0"
"72","0","PEORIA","390","ERIC SORENSEN","410","17TH CONGRESS","RO01 - 183","0","11","","13"
"72","0","PEORIA","0","Under Votes","410","17TH CONGRESS","RO01 - 183","0","11","","0"
"72","0","PEORIA","0","Over Votes","410","17TH CONGRESS","TI01 - 186","0","11","","0"
"72","0","PEORIA","390","ERIC SORENSEN","410","17TH CONGRESS","TI01 - 186","0","11","","16"
"72","0","PEORIA","0","Under Votes","410","17TH CONGRESS","TI01 - 186","0","11","","1"
"72","0","PEORIA","0","Over Votes","410","17TH CONGRESS","TR01 - 189","0","11","","0"
"72","0","PEORIA","390","ERIC SORENSEN","410","17TH CONGRESS","TR01 - 189","0","11","","2"
"72","0","PEORIA","0","Under Votes","410","17TH CONGRESS","TR01 - 189","0","11","","1"
"72","0","PEORIA","0","Over Votes","410","17TH CONGRESS","EL01 - 9","0","11","","0"
"72","0","PEORIA","0","Under Votes","410","17TH CONGRESS","EL01 - 9","0","11","","0"
"72","0","PEORIA","390","ERIC SORENSEN","410","17TH CONGRESS","EL01 - 9","0","11","","22"
"72","0","PEORIA","390","ERIC SORENSEN","410","17TH CONGRESS","LI07 - 41","0","11","","18"
"72","0","PEORIA","0","Under Votes","410","17TH CONGRESS","LI07 - 41","0","11","","2"
"72","0","PEORIA","0","Over Votes","410","17TH CONGRESS","LI07 - 41","0","11","","0"
"72","0","PEORIA","0","Under Votes","410","17TH CONGRESS","LI09 - 44","0","11","","3"
"72","0","PEORIA","0","Over Votes","410","17TH CONGRESS","LI09 - 44","0","11","","0"
"72","0","PEORIA","390","ERIC SORENSEN","410","17TH CONGRESS","LI09 - 44","0","11","","51"
"72","0","PEORIA","0","Under Votes","410","17TH CONGRESS","LI11 - 47","0","11","","2"
"72","0","PEORIA","0","Over Votes","410","17TH CONGRESS","LI11 - 47","0","11","","0"
"72","0","PEORIA","390","ERIC SORENSEN","410","17TH CONGRESS","LI11 - 47","0","11","","18"
"72","0","PEORIA","0","Over Votes","410","17TH CONGRESS","PE08 - 70","0","11","","0"
"72","0","PEORIA","0","Under Votes","410","17TH CONGRESS","PE08 - 70","0","11","","11"
"72","0","PEORIA","390","ERIC SORENSEN","410","17TH CONGRESS","PE08 - 70","0","11","","77"
"72","0","PEORIA","0","Under Votes","410","17TH CONGRESS","PE10 - 73","0","11","","5"
"72","0","PEORIA","0","Over Votes","410","17TH CONGRESS","PE10 - 73","0","11","","0"
"72","0","PEORIA","390","ERIC SORENSEN","410","17TH CONGRESS","PE10 - 73","0","11","","44"
"110","101","CITY OF ROCKFORD","390","ERIC SORENSEN","410","17TH CONGRESS","WARD 4 PRECINCT 5","1203","11","DEMOCRATIC","90"
"110","101","CITY OF ROCKFORD","0","Over Votes","410","17TH CONGRESS","WARD 6 PRECINCT 1","1161","11","DEMOCRATIC","0"
"110","101","CITY OF ROCKFORD","0","Under Votes","410","17TH CONGRESS","WARD 6 PRECINCT 1","1161","11","DEMOCRATIC","4"
"110","101","CITY OF ROCKFORD","390","ERIC SORENSEN","410","17TH CONGRESS","WARD 6 PRECINCT 1","1161","11","DEMOCRATIC","27"
"110","101","CITY OF ROCKFORD","0","Over Votes","410","17TH CONGRESS","WARD 8 PRECINCT 2","961","11","DEMOCRATIC","0"
"110","101","CITY OF ROCKFORD","0","Under Votes","410","17TH CONGRESS","WARD 8 PRECINCT 2","961","11","DEMOCRATIC","1"
"110","101","CITY OF ROCKFORD","390","ERIC SORENSEN","410","17TH CONGRESS","WARD 8 PRECINCT 2","961","11","DEMOCRATIC","51"
"110","101","CITY OF ROCKFORD","0","Over Votes","410","17TH CONGRESS","WARD 8 PRECINCT 3","946","11","DEMOCRATIC","0"
"110","101","CITY OF ROCKFORD","0","Under Votes","410","17TH CONGRESS","WARD 8 PRECINCT 3","946","11","DEMOCRATIC","2"
"110","101","CITY OF ROCKFORD","390","ERIC SORENSEN","410","17TH CONGRESS","WARD 8 PRECINCT 3","946","11","DEMOCRATIC","64"
"110","101","CITY OF ROCKFORD","0","Over Votes","410","17TH CONGRESS","WARD 9 PRECINCT 4","1270","11","DEMOCRATIC","0"
"110","101","CITY OF ROCKFORD","0","Under Votes","410","17TH CONGRESS","WARD 9 PRECINCT 4","1270","11","DEMOCRATIC","3"
"110","101","CITY OF ROCKFORD","390","ERIC SORENSEN","410","17TH CONGRESS","WARD 9 PRECINCT 4","1270","11","DEMOCRATIC","68"
"110","101","CITY OF ROCKFORD","0","Over Votes","410","17TH CONGRESS","WARD 14 PRECINCT 6","1007","11","DEMOCRATIC","0"
"110","101","CITY OF ROCKFORD","0","Under Votes","410","17TH CONGRESS","WARD 14 PRECINCT 6","1007","11","DEMOCRATIC","0"
"110","101","CITY OF ROCKFORD","0","Over Votes","410","17TH CONGRESS","WARD 2 PRECINCT 2","1139","11","DEMOCRATIC","0"
"110","101","CITY OF ROCKFORD","390","ERIC SORENSEN","410","17TH CONGRESS","WARD 2 PRECINCT 2","1139","11","DEMOCRATIC","36"
"110","101","CITY OF ROCKFORD","0","Under Votes","410","17TH CONGRESS","WARD 2 PRECINCT 2","1139","11","DEMOCRATIC","1"
"110","101","CITY OF ROCKFORD","0","Over Votes","410","17TH CONGRESS","WARD 4 PRECINCT 8","834","11","DEMOCRATIC","0"
"110","101","CITY OF ROCKFORD","390","ERIC SORENSEN","410","17TH CONGRESS","WARD 4 PRECINCT 8","834","11","DEMOCRATIC","74"
"110","101","CITY OF ROCKFORD","0","Under Votes","410","17TH CONGRESS","WARD 4 PRECINCT 8","834","11","DEMOCRATIC","4"
"110","101","CITY OF ROCKFORD","0","Over Votes","410","17TH CONGRESS","WARD 8 PRECINCT 1","1042","11","DEMOCRATIC","0"
"110","101","CITY OF ROCKFORD","390","ERIC SORENSEN","410","17TH CONGRESS","WARD 8 PRECINCT 1","1042","11","DEMOCRATIC","52"
"110","101","CITY OF ROCKFORD","0","Under Votes","410","17TH CONGRESS","WARD 8 PRECINCT 1","1042","11","DEMOCRATIC","6"
"110","101","CITY OF ROCKFORD","0","Over Votes","410","17TH CONGRESS","WARD 11 PRECINCT 3","1016","11","DEMOCRATIC","0"
"110","101","CITY OF ROCKFORD","390","ERIC SORENSEN","410","17TH CONGRESS","WARD 11 PRECINCT 3","1016","11","DEMOCRATIC","24"
"110","101","CITY OF ROCKFORD","0","Under Votes","410","17TH CONGRESS","WARD 11 PRECINCT 3","1016","11","DEMOCRATIC","2"
"110","101","CITY OF ROCKFORD","0","Over Votes","410","17TH CONGRESS","WARD 12 PRECINCT 6","1088","11","DEMOCRATIC","0"
"110","101","CITY OF ROCKFORD","390","ERIC SORENSEN","410","17TH CONGRESS","WARD 12 PRECINCT 6","1088","11","DEMOCRATIC","100"
"110","101","CITY OF ROCKFORD","0","Under Votes","410","17TH CONGRESS","WARD 12 PRECINCT 6","1088","11","DEMOCRATIC","1"
"110","101","CITY OF ROCKFORD","0","Over Votes","410","17TH CONGRESS","WARD 12 PRECINCT 7","1006","11","DEMOCRATIC","0"
"110","101","CITY OF ROCKFORD","390","ERIC SORENSEN","410","17TH CONGRESS","WARD 12 PRECINCT 7","1006","11","DEMOCRATIC","78"
"110","101","CITY OF ROCKFORD","0","Under Votes","410","17TH CONGRESS","WARD 12 PRECINCT 7","1006","11","DEMOCRATIC","5"
"110","101","CITY OF ROCKFORD","0","Over Votes","410","17TH CONGRESS","WARD 13 PRECINCT 1","1040","11","DEMOCRATIC","0"
"110","101","CITY OF ROCKFORD","390","ERIC SORENSEN","410","17TH CONGRESS","WARD 13 PRECINCT 1","1040","11","DEMOCRATIC","43"
"110","101","CITY OF ROCKFORD","0","Under Votes","410","17TH CONGRESS","WARD 13 PRECINCT 1","1040","11","DEMOCRATIC","5"
"110","101","CITY OF ROCKFORD","0","Over Votes","410","17TH CONGRESS","WARD 13 PRECINCT 2","1017","11","DEMOCRATIC","0"
"110","101","CITY OF ROCKFORD","390","ERIC SORENSEN","410","17TH CONGRESS","WARD 13 PRECINCT 2","1017","11","DEMOCRATIC","45"
"90","0","TAZEWELL","0","Under Votes","410","17TH CONGRESS","CINCINNATI 1","1155","11","DEMOCRATIC","6"
"90","0","TAZEWELL","0","Blank Ballots","410","17TH CONGRESS","HITTLE","373","11","DEMOCRATIC","0"
"90","0","TAZEWELL","0","Over Votes","410","17TH CONGRESS","HITTLE","373","11","DEMOCRATIC","0"
"90","0","TAZEWELL","390","ERIC SORENSEN","410","17TH CONGRESS","HITTLE","373","11","DEMOCRATIC","15"
"90","0","TAZEWELL","0","Under Votes","410","17TH CONGRESS","HITTLE","373","11","DEMOCRATIC","0"
"90","0","TAZEWELL","0","Blank Ballots","410","17TH CONGRESS","SAND PRAIRIE 1","925","11","DEMOCRATIC","0"
"66","0","MERCER","0","Blank Ballots","410","17TH CONGRESS","NORTH HENDERSON","317","11","DEMOCRATIC","0"
"66","0","MERCER","0","Over Votes","410","17TH CONGRESS","NORTH HENDERSON","317","11","DEMOCRATIC","0"
"66","0","MERCER","0","Under Votes","410","17TH CONGRESS","NORTH HENDERSON","317","11","DEMOCRATIC","1"
"66","0","MERCER","390","ERIC SORENSEN","410","17TH CONGRESS","NORTH HENDERSON","317","11","DEMOCRATIC","23"
"66","0","MERCER","0","Blank Ballots","410","17TH CONGRESS","GREENE 2","602","11","DEMOCRATIC","0"
"66","0","MERCER","0","Over Votes","410","17TH CONGRESS","GREENE 2","602","11","DEMOCRATIC","0"
"66","0","MERCER","0","Under Votes","410","17TH CONGRESS","GREENE 2","602","11","DEMOCRATIC","0"
"66","0","MERCER","390","ERIC SORENSEN","410","17TH CONGRESS","GREENE 2","602","11","DEMOCRATIC","27"
"66","0","MERCER","0","Blank Ballots","410","17TH CONGRESS","SUEZ","464","11","DEMOCRATIC","0"
"66","0","MERCER","0","Over Votes","410","17TH CONGRESS","SUEZ","464","11","DEMOCRATIC","0"
"66","0","MERCER","0","Under Votes","410","17TH CONGRESS","SUEZ","464","11","DEMOCRATIC","1"
"66","0","MERCER","390","ERIC SORENSEN","410","17TH CONGRESS","SUEZ","464","11","DEMOCRATIC","21"
"66","0","MERCER","0","Blank Ballots","410","17TH CONGRESS","RIVOLI","872","11","DEMOCRATIC","0"
"66","0","MERCER","0","Over Votes","410","17TH CONGRESS","RIVOLI","872","11","DEMOCRATIC","0"
"66","0","MERCER","0","Under Votes","410","17TH CONGRESS","RIVOLI","872","11","DEMOCRATIC","1"
"66","0","MERCER","390","ERIC SORENSEN","410","17TH CONGRESS","RIVOLI","872","11","DEMOCRATIC","37"
"66","0","MERCER","0","Blank Ballots","410","17TH CONGRESS","RICHLAND GROVE 2","437","11","DEMOCRATIC","0"
"66","0","MERCER","0","Over Votes","410","17TH CONGRESS","RICHLAND GROVE 2","437","11","DEMOCRATIC","0"
"66","0","MERCER","0","Under Votes","410","17TH CONGRESS","RICHLAND GROVE 2","437","11","DEMOCRATIC","0"
"66","0","MERCER","390","ERIC SORENSEN","410","17TH CONGRESS","RICHLAND GROVE 2","437","11","DEMOCRATIC","24"
"66","0","MERCER","0","Blank Ballots","410","17TH CONGRESS","RICHLAND GROVE 3","682","11","DEMOCRATIC","0"
"66","0","MERCER","0","Over Votes","410","17TH CONGRESS","RICHLAND GROVE 3","682","11","DEMOCRATIC","0"
"66","0","MERCER","0","Under Votes","410","17TH CONGRESS","RICHLAND GROVE 3","682","11","DEMOCRATIC","1"
"66","0","MERCER","390","ERIC SORENSEN","410","17TH CONGRESS","RICHLAND GROVE 3","682","11","DEMOCRATIC","21"
"66","0","MERCER","0","Blank Ballots","410","17TH CONGRESS","RICHLAND GROVE 1","895","11","DEMOCRATIC","0"
"66","0","MERCER","0","Over Votes","410","17TH CONGRESS","RICHLAND GROVE 1","895","11","DEMOCRATIC","0"
"66","0","MERCER","0","Under Votes","410","17TH CONGRESS","RICHLAND GROVE 1","895","11","DEMOCRATIC","1"
"66","0","MERCER","390","ERIC SORENSEN","410","17TH CONGRESS","RICHLAND GROVE 1","895","11","DEMOCRATIC","38"
"66","0","MERCER","0","Blank Ballots","410","17TH CONGRESS","PREEMPTION 2","638","11","DEMOCRATIC","0"
"66","0","MERCER","0","Over Votes","410","17TH CONGRESS","PREEMPTION 2","638","11","DEMOCRATIC","0"
"66","0","MERCER","0","Under Votes","410","17TH CONGRESS","PREEMPTION 2","638","11","DEMOCRATIC","1"
"66","0","MERCER","390","ERIC SORENSEN","410","17TH CONGRESS","PREEMPTION 2","638","11","DEMOCRATIC","39"
"66","0","MERCER","0","Blank Ballots","410","17TH CONGRESS","PREEMPTION 1","678","11","DEMOCRATIC","0"
"66","0","MERCER","0","Over Votes","410","17TH CONGRESS","PREEMPTION 1","678","11","DEMOCRATIC","0"
"66","0","MERCER","0","Under Votes","410","17TH CONGRESS","PREEMPTION 1","678","11","DEMOCRATIC","0"
"66","0","MERCER","390","ERIC SORENSEN","410","17TH CONGRESS","PREEMPTION 1","678","11","DEMOCRATIC","43"
"8","0","CARROLL","0","Over Votes","410","17TH CONGRESS","ROCK CREEK-LIMA 1","643","12","REPUBLICAN","0"
"8","0","CARROLL","395","SCOTT ALAN CROWL","410","17TH CONGRESS","SAVANNA 5","372","12","REPUBLICAN","12"
"8","0","CARROLL","0","Blank Ballots","410","17TH CONGRESS","SAVANNA 5","372","12","REPUBLICAN","0"
"8","0","CARROLL","400","JOE McGRAW","410","17TH CONGRESS","SAVANNA 5","372","12","REPUBLICAN","17"
"8","0","CARROLL","0","Under Votes","410","17TH CONGRESS","SAVANNA 5","372","12","REPUBLICAN","1"
"8","0","CARROLL","0","Over Votes","410","17TH CONGRESS","SAVANNA 5","372","12","REPUBLICAN","0"
"8","0","CARROLL","0","Under Votes","410","17TH CONGRESS","SAVANNA 6","629","12","REPUBLICAN","1"
"8","0","CARROLL","0","Over Votes","410","17TH CONGRESS","SAVANNA 6","629","12","REPUBLICAN","0"
"8","0","CARROLL","395","SCOTT ALAN CROWL","410","17TH CONGRESS","CHERRY GROVE SHANNON 2","674","12","REPUBLICAN","28"
"8","0","CARROLL","0","Blank Ballots","410","17TH CONGRESS","CHERRY GROVE SHANNON 2","674","12","REPUBLICAN","0"
"8","0","CARROLL","400","JOE McGRAW","410","17TH CONGRESS","CHERRY GROVE SHANNON 2","674","12","REPUBLICAN","75"
"8","0","CARROLL","0","Under Votes","410","17TH CONGRESS","CHERRY GROVE SHANNON 2","674","12","REPUBLICAN","11"
"8","0","CARROLL","0","Over Votes","410","17TH CONGRESS","CHERRY GROVE SHANNON 2","674","12","REPUBLICAN","0"
"8","0","CARROLL","395","SCOTT ALAN CROWL","410","17TH CONGRESS","MT. CARROLL 1","440","12","REPUBLICAN","18"
"8","0","CARROLL","0","Blank Ballots","410","17TH CONGRESS","MT. CARROLL 1","440","12","REPUBLICAN","0"
"8","0","CARROLL","400","JOE McGRAW","410","17TH CONGRESS","MT. CARROLL 1","440","12","REPUBLICAN","41"
"8","0","CARROLL","0","Under Votes","410","17TH CONGRESS","MT. CARROLL 1","440","12","REPUBLICAN","7"
"8","0","CARROLL","0","Over Votes","410","17TH CONGRESS","MT. CARROLL 1","440","12","REPUBLICAN","0"
"8","0","CARROLL","395","SCOTT ALAN CROWL","410","17TH CONGRESS","SAVANNA 2","248","12","REPUBLICAN","4"
"8","0","CARROLL","0","Blank Ballots","410","17TH CONGRESS","SAVANNA 2","248","12","REPUBLICAN","0"
"8","0","CARROLL","400","JOE McGRAW","410","17TH CONGRESS","SAVANNA 2","248","12","REPUBLICAN","16"
"8","0","CARROLL","0","Under Votes","410","17TH CONGRESS","SAVANNA 2","248","12","REPUBLICAN","1"
"8","0","CARROLL","0","Over Votes","410","17TH CONGRESS","SAVANNA 2","248","12","REPUBLICAN","0"
"8","0","CARROLL","395","SCOTT ALAN CROWL","410","17TH CONGRESS","WYSOX 1","528","12","REPUBLICAN","13"
"8","0","CARROLL","0","Blank Ballots","410","17TH CONGRESS","WYSOX 1","528","12","REPUBLICAN","0"
"8","0","CARROLL","400","JOE McGRAW","410","17TH CONGRESS","WYSOX 1","528","12","REPUBLICAN","40"
"8","0","CARROLL","0","Under Votes","410","17TH CONGRESS","WYSOX 1","528","12","REPUBLICAN","5"
"8","0","CARROLL","0","Over Votes","410","17TH CONGRESS","WYSOX 1","528","12","REPUBLICAN","0"
"8","0","CARROLL","395","SCOTT ALAN CROWL","410","17TH CONGRESS","ELKHORN GROVE","147","12","REPUBLICAN","12"
"8","0","CARROLL","0","Blank Ballots","410","17TH CONGRESS","ELKHORN GROVE","147","12","REPUBLICAN","0"
"8","0","CARROLL","400","JOE McGRAW","410","17TH CONGRESS","ELKHORN GROVE","147","12","REPUBLICAN","17"
"8","0","CARROLL","0","Under Votes","410","17TH CONGRESS","ELKHORN GROVE","147","12","REPUBLICAN","3"
"8","0","CARROLL","0","Over Votes","410","17TH CONGRESS","ELKHORN GROVE","147","12","REPUBLICAN","0"
"8","0","CARROLL","395","SCOTT ALAN CROWL","410","17TH CONGRESS","SAVANNA 3","232","12","REPUBLICAN","3"
"8","0","CARROLL","400","JOE McGRAW","410","17TH CONGRESS","SAVANNA 3","232","12","REPUBLICAN","13"
"8","0","CARROLL","0","Blank Ballots","410","17TH CONGRESS","SAVANNA 3","232","12","REPUBLICAN","0"
"8","0","CARROLL","0","Under Votes","410","17TH CONGRESS","SAVANNA 3","232","12","REPUBLICAN","1"
"8","0","CARROLL","0","Over Votes","410","17TH CONGRESS","SAVANNA 3","232","12","REPUBLICAN","0"
"8","0","CARROLL","395","SCOTT ALAN CROWL","410","17TH CONGRESS","WYSOX 2","400","12","REPUBLICAN","14"
"8","0","CARROLL","400","JOE McGRAW","410","17TH CONGRESS","WYSOX 2","400","12","REPUBLICAN","24"
"8","0","CARROLL","0","Blank Ballots","410","17TH CONGRESS","WYSOX 2","400","12","REPUBLICAN","0"
"8","0","CARROLL","0","Under Votes","410","17TH CONGRESS","WYSOX 2","400","12","REPUBLICAN","5"
"37","0","HENRY","395","SCOTT ALAN CROWL","410","17TH CONGRESS","KEWANEE 1","0","12","REPUBLICAN","17"
"37","0","HENRY","0","Under Votes","410","17TH CONGRESS","KEWANEE 1","0","12","REPUBLICAN","6"
"37","0","HENRY","0","Over Votes","410","17TH CONGRESS","KEWANEE 1","0","12","REPUBLICAN","0"
"37","0","HENRY","400","JOE McGRAW","410","17TH CONGRESS","WETHERSFIELD 1","0","12","REPUBLICAN","44"
"37","0","HENRY","395","SCOTT ALAN CROWL","410","17TH CONGRESS","WETHERSFIELD 1","0","12","REPUBLICAN","25"
"37","0","HENRY","0","Under Votes","410","17TH CONGRESS","WETHERSFIELD 1","0","12","REPUBLICAN","9"
"37","0","HENRY","0","Over Votes","410","17TH CONGRESS","WETHERSFIELD 1","0","12","REPUBLICAN","0"
"64","0","McLEAN","395","SCOTT ALAN CROWL","410","17TH CONGRESS","NORMAL 10","772","12","REPUBLICAN","33"
"64","0","McLEAN","400","JOE McGRAW","410","17TH CONGRESS","NORMAL 10","772","12","REPUBLICAN","48"
"64","0","McLEAN","0","Over Votes","410","17TH CONGRESS","NORMAL 10","772","12","REPUBLICAN","0"
"64","0","McLEAN","0","Under Votes","410","17TH CONGRESS","NORMAL 10","772","12","REPUBLICAN","7"
"64","0","McLEAN","395","SCOTT ALAN CROWL","410","17TH CONGRESS","NORMAL 19","824","12","REPUBLICAN","9"
"64","0","McLEAN","400","JOE McGRAW","410","17TH CONGRESS","NORMAL 19","824","12","REPUBLICAN","45"
"64","0","McLEAN","0","Over Votes","410","17TH CONGRESS","NORMAL 19","824","12","REPUBLICAN","0"
"64","0","McLEAN","395","SCOTT ALAN CROWL","410","17TH CONGRESS","NORMAL 16","841","12","REPUBLICAN","6"
"64","0","McLEAN","400","JOE McGRAW","410","17TH CONGRESS","NORMAL 16","841","12","REPUBLICAN","35"
"64","0","McLEAN","0","Over Votes","410","17TH CONGRESS","NORMAL 16","841","12","REPUBLICAN","0"
"64","0","McLEAN","0","Under Votes","410","17TH CONGRESS","NORMAL 16","841","12","REPUBLICAN","2"
"64","0","McLEAN","395","SCOTT ALAN CROWL","410","17TH CONGRESS","NORMAL 29","1135","12","REPUBLICAN","5"
"64","0","McLEAN","400","JOE McGRAW","410","17TH CONGRESS","NORMAL 29","1135","12","REPUBLICAN","14"
"64","0","McLEAN","0","Over Votes","410","17TH CONGRESS","NORMAL 29","1135","12","REPUBLICAN","0"
"64","0","McLEAN","0","Under Votes","410","17TH CONGRESS","NORMAL 29","1135","12","REPUBLICAN","1"
"64","0","McLEAN","395","SCOTT ALAN CROWL","410","17TH CONGRESS","BLOOMINGTON 01","430","12","REPUBLICAN","4"
"64","0","McLEAN","400","JOE McGRAW","410","17TH CONGRESS","BLOOMINGTON 01","430","12","REPUBLICAN","12"
"64","0","McLEAN","0","Over Votes","410","17TH CONGRESS","BLOOMINGTON 01","430","12","REPUBLICAN","0"
"64","0","McLEAN","0","Under Votes","410","17TH CONGRESS","BLOOMINGTON 01","430","12","REPUBLICAN","3"
"64","0","McLEAN","395","SCOTT ALAN CROWL","410","17TH CONGRESS","MT. HOPE 01","746","12","REPUBLICAN","50"
"64","0","McLEAN","400","JOE McGRAW","410","17TH CONGRESS","MT. HOPE 01","746","12","REPUBLICAN","146"
"64","0","McLEAN","0","Over Votes","410","17TH CONGRESS","MT. HOPE 01","746","12","REPUBLICAN","0"
"64","0","McLEAN","0","Under Votes","410","17TH CONGRESS","MT. HOPE 01","746","12","REPUBLICAN","27"
"64","0","McLEAN","395","SCOTT ALAN CROWL","410","17TH CONGRESS","NORMAL 03","955","12","REPUBLICAN","27"
"64","0","McLEAN","400","JOE McGRAW","410","17TH CONGRESS","NORMAL 03","955","12","REPUBLICAN","69"
"64","0","McLEAN","0","Over Votes","410","17TH CONGRESS","NORMAL 03","955","12","REPUBLICAN","0"
"64","0","McLEAN","0","Under Votes","410","17TH CONGRESS","NORMAL 03","955","12","REPUBLICAN","7"
"64","0","McLEAN","395","SCOTT ALAN CROWL","410","17TH CONGRESS","NORMAL 33","920","12","REPUBLICAN","18"
"64","0","McLEAN","400","JOE McGRAW","410","17TH CONGRESS","NORMAL 33","920","12","REPUBLICAN","58"
"64","0","McLEAN","0","Over Votes","410","17TH CONGRESS","NORMAL 33","920","12","REPUBLICAN","0"
"64","0","McLEAN","0","Under Votes","410","17TH CONGRESS","NORMAL 33","920","12","REPUBLICAN","11"
"64","0","McLEAN","395","SCOTT ALAN CROWL","410","17TH CONGRESS","FUNKS GROVE 01","194","12","REPUBLICAN","14"
"64","0","McLEAN","400","JOE McGRAW","410","17TH CONGRESS","FUNKS GROVE 01","194","12","REPUBLICAN","34"
"64","0","McLEAN","0","Over Votes","410","17TH CONGRESS","FUNKS GROVE 01","194","12","REPUBLICAN","0"
"64","0","McLEAN","0","Under Votes","410","17TH CONGRESS","FUNKS GROVE 01","194","12","REPUBLICAN","7"
"90","0","TAZEWELL","0","Blank Ballots","410","17TH CONGRESS","SAND PRAIRIE 1","925","12","REPUBLICAN","0"
"90","0","TAZEWELL","0","Under Votes","410","17TH CONGRESS","SAND PRAIRIE 1","925","12","REPUBLICAN","14"
"90","0","TAZEWELL","400","JOE McGRAW","410","17TH CONGRESS","SAND PRAIRIE 1","925","12","REPUBLICAN","59"
"90","0","TAZEWELL","395","SCOTT ALAN CROWL","410","17TH CONGRESS","DILLON","728","12","REPUBLICAN","48"
"90","0","TAZEWELL","0","Over Votes","410","17TH CONGRESS","DILLON","728","12","REPUBLICAN","0"
"90","0","TAZEWELL","0","Blank Ballots","410","17TH CONGRESS","DILLON","728","12","REPUBLICAN","0"
"90","0","TAZEWELL","0","Under Votes","410","17TH CONGRESS","DILLON","728","12","REPUBLICAN","19"
"90","0","TAZEWELL","400","JOE McGRAW","410","17TH CONGRESS","DILLON","728","12","REPUBLICAN","102"
"90","0","TAZEWELL","395","SCOTT ALAN CROWL","410","17TH CONGRESS","BOYNTON","171","12","REPUBLICAN","20"
"90","0","TAZEWELL","0","Over Votes","410","17TH CONGRESS","BOYNTON","171","12","REPUBLICAN","0"
"90","0","TAZEWELL","0","Blank Ballots","410","17TH CONGRESS","BOYNTON","171","12","REPUBLICAN","0"
"90","0","TAZEWELL","0","Under Votes","410","17TH CONGRESS","BOYNTON","171","12","REPUBLICAN","10"
"90","0","TAZEWELL","400","JOE McGRAW","410","17TH CONGRESS","BOYNTON","171","12","REPUBLICAN","21"
"90","0","TAZEWELL","395","SCOTT ALAN CROWL","410","17TH CONGRESS","MALONE","142","12","REPUBLICAN","8"
"90","0","TAZEWELL","0","Over Votes","410","17TH CONGRESS","MALONE","142","12","REPUBLICAN","0"
"90","0","TAZEWELL","0","Blank Ballots","410","17TH CONGRESS","MALONE","142","12","REPUBLICAN","0"
"90","0","TAZEWELL","0","Under Votes","410","17TH CONGRESS","MALONE","142","12","REPUBLICAN","0"
"90","0","TAZEWELL","400","JOE McGRAW","410","17TH CONGRESS","MALONE","142","12","REPUBLICAN","12"
"89","0","STEPHENSON","390","ERIC SORENSEN","410","17TH CONGRESS","LORAN","882","11","DEMOCRATIC","22"
"89","0","STEPHENSON","0","Over Votes","410","17TH CONGRESS","LORAN","882","11","DEMOCRATIC","0"
"89","0","STEPHENSON","0","Blank Ballots","410","17TH CONGRESS","LORAN","882","11","DEMOCRATIC","0"
"89","0","STEPHENSON","0","Under Votes","410","17TH CONGRESS","LORAN","882","11","DEMOCRATIC","3"
"89","0","STEPHENSON","390","ERIC SORENSEN","410","17TH CONGRESS","WEST POINT 1","1120","11","DEMOCRATIC","0"
"89","0","STEPHENSON","0","Over Votes","410","17TH CONGRESS","WEST POINT 1","1120","11","DEMOCRATIC","0"
"89","0","STEPHENSON","0","Blank Ballots","410","17TH CONGRESS","WEST POINT 1","1120","11","DEMOCRATIC","0"
"89","0","STEPHENSON","0","Under Votes","410","17TH CONGRESS","WEST POINT 1","1120","11","DEMOCRATIC","0"
"89","0","STEPHENSON","390","ERIC SORENSEN","410","17TH CONGRESS","FREEPORT 11","802","11","DEMOCRATIC","38"
"89","0","STEPHENSON","0","Over Votes","410","17TH CONGRESS","FREEPORT 11","802","11","DEMOCRATIC","0"
"89","0","STEPHENSON","0","Blank Ballots","410","17TH CONGRESS","FREEPORT 11","802","11","DEMOCRATIC","0"
"89","0","STEPHENSON","0","Under Votes","410","17TH CONGRESS","FREEPORT 11","802","11","DEMOCRATIC","3"
"89","0","STEPHENSON","390","ERIC SORENSEN","410","17TH CONGRESS","SILVER CREEK","429","11","DEMOCRATIC","22"
"89","0","STEPHENSON","0","Over Votes","410","17TH CONGRESS","SILVER CREEK","429","11","DEMOCRATIC","0"
"89","0","STEPHENSON","0","Blank Ballots","410","17TH CONGRESS","SILVER CREEK","429","11","DEMOCRATIC","0"
"89","0","STEPHENSON","0","Under Votes","410","17TH CONGRESS","SILVER CREEK","429","11","DEMOCRATIC","0"
"89","0","STEPHENSON","390","ERIC SORENSEN","410","17TH CONGRESS","ERIN","258","11","DEMOCRATIC","2"
"89","0","STEPHENSON","0","Over Votes","410","17TH CONGRESS","ERIN","258","11","DEMOCRATIC","0"
"89","0","STEPHENSON","0","Blank Ballots","410","17TH CONGRESS","ERIN","258","11","DEMOCRATIC","0"
"89","0","STEPHENSON","0","Under Votes","410","17TH CONGRESS","ERIN","258","11","DEMOCRATIC","0"
"89","0","STEPHENSON","390","ERIC SORENSEN","410","17TH CONGRESS","FREEPORT 2","625","11","DEMOCRATIC","49"
"89","0","STEPHENSON","0","Over Votes","410","17TH CONGRESS","FREEPORT 2","625","11","DEMOCRATIC","0"
"89","0","STEPHENSON","0","Blank Ballots","410","17TH CONGRESS","FREEPORT 2","625","11","DEMOCRATIC","0"
"89","0","STEPHENSON","0","Under Votes","410","17TH CONGRESS","FREEPORT 2","625","11","DEMOCRATIC","8"
"89","0","STEPHENSON","390","ERIC SORENSEN","410","17TH CONGRESS","FREEPORT 9","899","11","DEMOCRATIC","77"
"37","0","HENRY","0","Under Votes","410","17TH CONGRESS","KEWANEE 7","0","11","DEMOCRATIC","1"
"37","0","HENRY","0","Over Votes","410","17TH CONGRESS","KEWANEE 7","0","11","DEMOCRATIC","0"
"37","0","HENRY","390","ERIC SORENSEN","410","17TH CONGRESS","KEWANEE 8","0","11","DEMOCRATIC","35"
"37","0","HENRY","0","Under Votes","410","17TH CONGRESS","KEWANEE 8","0","11","DEMOCRATIC","3"
"37","0","HENRY","0","Over Votes","410","17TH CONGRESS","KEWANEE 8","0","11","DEMOCRATIC","0"
"37","0","HENRY","390","ERIC SORENSEN","410","17TH CONGRESS","KEWANEE 9","0","11","DEMOCRATIC","19"
"37","0","HENRY","0","Under Votes","410","17TH CONGRESS","KEWANEE 9","0","11","DEMOCRATIC","2"
"37","0","HENRY","0","Over Votes","410","17TH CONGRESS","KEWANEE 9","0","11","DEMOCRATIC","0"
"37","0","HENRY","390","ERIC SORENSEN","410","17TH CONGRESS","COLONA 2","0","11","DEMOCRATIC","29"
"37","0","HENRY","0","Under Votes","410","17TH CONGRESS","COLONA 2","0","11","DEMOCRATIC","2"
"37","0","HENRY","0","Over Votes","410","17TH CONGRESS","COLONA 2","0","11","DEMOCRATIC","0"
"37","0","HENRY","390","ERIC SORENSEN","410","17TH CONGRESS","COLONA 3","0","11","DEMOCRATIC","27"
"37","0","HENRY","0","Under Votes","410","17TH CONGRESS","COLONA 3","0","11","DEMOCRATIC","4"
"37","0","HENRY","0","Over Votes","410","17TH CONGRESS","COLONA 3","0","11","DEMOCRATIC","0"
"37","0","HENRY","390","ERIC SORENSEN","410","17TH CONGRESS","COLONA 4","0","11","DEMOCRATIC","34"
"37","0","HENRY","0","Under Votes","410","17TH CONGRESS","COLONA 4","0","11","DEMOCRATIC","1"
"37","0","HENRY","0","Over Votes","410","17TH CONGRESS","COLONA 4","0","11","DEMOCRATIC","0"
"37","0","HENRY","390","ERIC SORENSEN","410","17TH CONGRESS","COLONA 5","0","11","DEMOCRATIC","49"
"37","0","HENRY","0","Under Votes","410","17TH CONGRESS","COLONA 5","0","11","DEMOCRATIC","3"
"37","0","HENRY","0","Over Votes","410","17TH CONGRESS","COLONA 5","0","11","DEMOCRATIC","0"
"37","0","HENRY","390","ERIC SORENSEN","410","17TH CONGRESS","KEWANEE 1","0","11","DEMOCRATIC","23"
"37","0","HENRY","0","Under Votes","410","17TH CONGRESS","KEWANEE 1","0","11","DEMOCRATIC","1"
"37","0","HENRY","0","Over Votes","410","17TH CONGRESS","KEWANEE 1","0","11","DEMOCRATIC","0"
"37","0","HENRY","390","ERIC SORENSEN","410","17TH CONGRESS","WETHERSFIELD 1","0","11","DEMOCRATIC","34"
"37","0","HENRY","0","Under Votes","410","17TH CONGRESS","WETHERSFIELD 1","0","11","DEMOCRATIC","5"
"37","0","HENRY","0","Over Votes","410","17TH CONGRESS","WETHERSFIELD 1","0","11","DEMOCRATIC","0"
"89","0","STEPHENSON","0","Under Votes","410","17TH CONGRESS","HARLEM 2","744","12","REPUBLICAN","12"
"89","0","STEPHENSON","395","SCOTT ALAN CROWL","410","17TH CONGRESS","HARLEM 2","744","12","REPUBLICAN","22"
"89","0","STEPHENSON","400","JOE McGRAW","410","17TH CONGRESS","HARLEM 2","744","12","REPUBLICAN","63"
"89","0","STEPHENSON","0","Blank Ballots","410","17TH CONGRESS","HARLEM 2","744","12","REPUBLICAN","0"
"89","0","STEPHENSON","0","Over Votes","410","17TH CONGRESS","HARLEM 2","744","12","REPUBLICAN","0"
"89","0","STEPHENSON","0","Under Votes","410","17TH CONGRESS","FREEPORT 4","622","12","REPUBLICAN","1"
"89","0","STEPHENSON","395","SCOTT ALAN CROWL","410","17TH CONGRESS","FREEPORT 4","622","12","REPUBLICAN","10"
"89","0","STEPHENSON","400","JOE McGRAW","410","17TH CONGRESS","FREEPORT 4","622","12","REPUBLICAN","24"
"89","0","STEPHENSON","0","Blank Ballots","410","17TH CONGRESS","FREEPORT 4","622","12","REPUBLICAN","0"
"89","0","STEPHENSON","0","Over Votes","410","17TH CONGRESS","FREEPORT 4","622","12","REPUBLICAN","0"
"89","0","STEPHENSON","0","Under Votes","410","17TH CONGRESS","FREEPORT 8","1081","12","REPUBLICAN","8"
"89","0","STEPHENSON","395","SCOTT ALAN CROWL","410","17TH CONGRESS","FREEPORT 8","1081","12","REPUBLICAN","40"
"89","0","STEPHENSON","400","JOE McGRAW","410","17TH CONGRESS","FREEPORT 8","1081","12","REPUBLICAN","86"
"89","0","STEPHENSON","0","Blank Ballots","410","17TH CONGRESS","FREEPORT 8","1081","12","REPUBLICAN","0"
"89","0","STEPHENSON","0","Over Votes","410","17TH CONGRESS","FREEPORT 8","1081","12","REPUBLICAN","0"
"89","0","STEPHENSON","0","Under Votes","410","17TH CONGRESS","FREEPORT 15","810","12","REPUBLICAN","4"
"89","0","STEPHENSON","395","SCOTT ALAN CROWL","410","17TH CONGRESS","FREEPORT 15","810","12","REPUBLICAN","20"
"72","0","PEORIA","0","Under Votes","410","17TH CONGRESS","KI01 - 21","0","12","","0"
"72","0","PEORIA","395","SCOTT ALAN CROWL","410","17TH CONGRESS","KI01 - 21","0","12","","1"
"72","0","PEORIA","400","JOE McGRAW","410","17TH CONGRESS","LI01 - 27","0","12","","76"
"72","0","PEORIA","0","Over Votes","410","17TH CONGRESS","LI01 - 27","0","12","","0"
"72","0","PEORIA","0","Under Votes","410","17TH CONGRESS","LI01 - 27","0","12","","7"
"72","0","PEORIA","395","SCOTT ALAN CROWL","410","17TH CONGRESS","LI01 - 27","0","12","","29"
"72","0","PEORIA","0","Over Votes","410","17TH CONGRESS","LI11 - 50","0","12","","0"
"72","0","PEORIA","0","Under Votes","410","17TH CONGRESS","LI11 - 50","0","12","","2"
"72","0","PEORIA","395","SCOTT ALAN CROWL","410","17TH CONGRESS","LI11 - 50","0","12","","0"
"72","0","PEORIA","400","JOE McGRAW","410","17TH CONGRESS","LI11 - 50","0","12","","5"
"72","0","PEORIA","0","Over Votes","410","17TH CONGRESS","PE17 - 82","0","12","","0"
"72","0","PEORIA","0","Under Votes","410","17TH CONGRESS","PE17 - 82","0","12","","1"
"72","0","PEORIA","395","SCOTT ALAN CROWL","410","17TH CONGRESS","PE17 - 82","0","12","","7"
"72","0","PEORIA","400","JOE McGRAW","410","17TH CONGRESS","PE17 - 82","0","12","","6"
"72","0","PEORIA","0","Over Votes","410","17TH CONGRESS","PE20 - 85","0","12","","0"
"72","0","PEORIA","0","Under Votes","410","17TH CONGRESS","PE20 - 85","0","12","","7"
"72","0","PEORIA","395","SCOTT ALAN CROWL","410","17TH CONGRESS","PE20 - 85","0","12","","21"
"72","0","PEORIA","400","JOE McGRAW","410","17TH CONGRESS","PE20 - 85","0","12","","31"
"72","0","PEORIA","0","Over Votes","410","17TH CONGRESS","PE22 - 88","0","12","","0"
"72","0","PEORIA","0","Under Votes","410","17TH CONGRESS","PE22 - 88","0","12","","0"
"72","0","PEORIA","395","SCOTT ALAN CROWL","410","17TH CONGRESS","PE22 - 88","0","12","","3"
"72","0","PEORIA","400","JOE McGRAW","410","17TH CONGRESS","PE22 - 88","0","12","","6"
"72","0","PEORIA","0","Over Votes","410","17TH CONGRESS","PE24 - 91","0","12","","0"
"72","0","PEORIA","0","Under Votes","410","17TH CONGRESS","PE24 - 91","0","12","","1"
"72","0","PEORIA","395","SCOTT ALAN CROWL","410","17TH CONGRESS","PE24 - 91","0","12","","5"
"72","0","PEORIA","400","JOE McGRAW","410","17TH CONGRESS","PE24 - 91","0","12","","6"
"72","0","PEORIA","400","JOE McGRAW","410","17TH CONGRESS","PE37 - 111","0","12","","24"
"72","0","PEORIA","0","Over Votes","410","17TH CONGRESS","PE37 - 111","0","12","","0"
"72","0","PEORIA","0","Under Votes","410","17TH CONGRESS","PE37 - 111","0","12","","1"
"72","0","PEORIA","395","SCOTT ALAN CROWL","410","17TH CONGRESS","PE37 - 111","0","12","","5"
"72","0","PEORIA","395","SCOTT ALAN CROWL","410","17TH CONGRESS","PE38 - 114","0","12","","4"
"72","0","PEORIA","0","Over Votes","410","17TH CONGRESS","PE38 - 114","0","12","","0"
"72","0","PEORIA","0","Under Votes","410","17TH CONGRESS","PE38 - 114","0","12","","1"
"72","0","PEORIA","400","JOE McGRAW","410","17TH CONGRESS","PE38 - 114","0","12","","8"
"72","0","PEORIA","395","SCOTT ALAN CROWL","410","17TH CONGRESS","PE40 - 117","0","12","","9"
"72","0","PEORIA","0","Over Votes","410","17TH CONGRESS","PE40 - 117","0","12","","0"
"72","0","PEORIA","0","Under Votes","410","17TH CONGRESS","PE40 - 117","0","12","","1"
"72","0","PEORIA","400","JOE McGRAW","410","17TH CONGRESS","PE40 - 117","0","12","","17"
"72","0","PEORIA","395","SCOTT ALAN CROWL","410","17TH CONGRESS","PE42 - 120","0","12","","8"
"72","0","PEORIA","0","Over Votes","410","17TH CONGRESS","PE42 - 120","0","12","","0"
"72","0","PEORIA","0","Under Votes","410","17TH CONGRESS","PE42 - 120","0","12","","4"
"72","0","PEORIA","400","JOE McGRAW","410","17TH CONGRESS","PE42 - 120","0","12","","24"
"72","0","PEORIA","395","SCOTT ALAN CROWL","410","17TH CONGRESS","PE54 - 149","0","12","","16"
"72","0","PEORIA","400","JOE McGRAW","410","17TH CONGRESS","PE54 - 149","0","12","","24"
"72","0","PEORIA","0","Over Votes","410","17TH CONGRESS","PE54 - 149","0","12","","0"
"72","0","PEORIA","400","JOE McGRAW","410","17TH CONGRESS","PE35 - 109","0","12","","40"
"72","0","PEORIA","395","SCOTT ALAN CROWL","410","17TH CONGRESS","PE37 - 112","0","12","","8"
"72","0","PEORIA","0","Over Votes","410","17TH CONGRESS","PE37 - 112","0","12","","0"
"72","0","PEORIA","0","Under Votes","410","17TH CONGRESS","PE37 - 112","0","12","","5"
"72","0","PEORIA","400","JOE McGRAW","410","17TH CONGRESS","PE37 - 112","0","12","","16"
"72","0","PEORIA","395","SCOTT ALAN CROWL","410","17TH CONGRESS","WP04 - 193","0","12","","12"
"72","0","PEORIA","0","Over Votes","410","17TH CONGRESS","WP04 - 193","0","12","","0"
"72","0","PEORIA","0","Under Votes","410","17TH CONGRESS","WP04 - 193","0","12","","13"
"72","0","PEORIA","400","JOE McGRAW","410","17TH CONGRESS","WP04 - 193","0","12","","38"
"72","0","PEORIA","0","Over Votes","410","17TH CONGRESS","EL01 - 9","0","12","","0"
"72","0","PEORIA","0","Under Votes","410","17TH CONGRESS","EL01 - 9","0","12","","2"
"72","0","PEORIA","395","SCOTT ALAN CROWL","410","17TH CONGRESS","EL01 - 9","0","12","","18"
"72","0","PEORIA","400","JOE McGRAW","410","17TH CONGRESS","EL01 - 9","0","12","","38"
"72","0","PEORIA","0","Over Votes","410","17TH CONGRESS","LI07 - 41","0","12","","0"
"72","0","PEORIA","0","Under Votes","410","17TH CONGRESS","LI07 - 41","0","12","","1"
"72","0","PEORIA","395","SCOTT ALAN CROWL","410","17TH CONGRESS","LI07 - 41","0","12","","4"
"72","0","PEORIA","400","JOE McGRAW","410","17TH CONGRESS","LI07 - 41","0","12","","9"
"72","0","PEORIA","0","Over Votes","410","17TH CONGRESS","LI09 - 44","0","12","","0"
"72","0","PEORIA","0","Under Votes","410","17TH CONGRESS","LI09 - 44","0","12","","12"
"72","0","PEORIA","395","SCOTT ALAN CROWL","410","17TH CONGRESS","LI09 - 44","0","12","","19"
"72","0","PEORIA","400","JOE McGRAW","410","17TH CONGRESS","LI09 - 44","0","12","","68"
"72","0","PEORIA","0","Over Votes","410","17TH CONGRESS","LI11 - 47","0","12","","0"
"72","0","PEORIA","0","Under Votes","410","17TH CONGRESS","LI11 - 47","0","12","","3"
"72","0","PEORIA","395","SCOTT ALAN CROWL","410","17TH CONGRESS","LI11 - 47","0","12","","11"
"72","0","PEORIA","400","JOE McGRAW","410","17TH CONGRESS","LI11 - 47","0","12","","26"
"72","0","PEORIA","0","Over Votes","410","17TH CONGRESS","PE08 - 70","0","12","","0"
"72","0","PEORIA","0","Under Votes","410","17TH CONGRESS","PE08 - 70","0","12","","5"
"72","0","PEORIA","395","SCOTT ALAN CROWL","410","17TH CONGRESS","PE08 - 70","0","12","","5"
"72","0","PEORIA","400","JOE McGRAW","410","17TH CONGRESS","PE08 - 70","0","12","","22"
"72","0","PEORIA","0","Over Votes","410","17TH CONGRESS","PE10 - 73","0","12","","0"
"72","0","PEORIA","0","Under Votes","410","17TH CONGRESS","PE10 - 73","0","12","","1"
"72","0","PEORIA","395","SCOTT ALAN CROWL","410","17TH CONGRESS","PE10 - 73","0","12","","8"
"72","0","PEORIA","400","JOE McGRAW","410","17TH CONGRESS","PE10 - 73","0","12","","16"
"72","0","PEORIA","0","Over Votes","410","17TH CONGRESS","PE12 - 76","0","12","","0"
"72","0","PEORIA","0","Under Votes","410","17TH CONGRESS","PE12 - 76","0","12","","3"
"72","0","PEORIA","395","SCOTT ALAN CROWL","410","17TH CONGRESS","PE12 - 76","0","12","","4"
"72","0","PEORIA","400","JOE McGRAW","410","17TH CONGRESS","PE12 - 76","0","12","","23"
"72","0","PEORIA","0","Over Votes","410","17TH CONGRESS","PE14 - 79","0","12","","0"
"72","0","PEORIA","0","Under Votes","410","17TH CONGRESS","PE14 - 79","0","12","","2"
"72","0","PEORIA","395","SCOTT ALAN CROWL","410","17TH CONGRESS","PE14 - 79","0","12","","4"
"72","0","PEORIA","400","JOE McGRAW","410","17TH CONGRESS","PE14 - 79","0","12","","15"
"72","0","PEORIA","0","Over Votes","410","17TH CONGRESS","PE28 - 99","0","12","","0"
"72","0","PEORIA","0","Under Votes","410","17TH CONGRESS","PE28 - 99","0","12","","3"
"72","0","PEORIA","395","SCOTT ALAN CROWL","410","17TH CONGRESS","PE28 - 99","0","12","","3"
"72","0","PEORIA","400","JOE McGRAW","410","17TH CONGRESS","PE28 - 99","0","12","","14"
"72","0","PEORIA","0","Over Votes","410","17TH CONGRESS","PE29 - 102","0","12","","0"
"72","0","PEORIA","0","Under Votes","410","17TH CONGRESS","PE29 - 102","0","12","","0"
"72","0","PEORIA","395","SCOTT ALAN CROWL","410","17TH CONGRESS","PE29 - 102","0","12","","3"
"72","0","PEORIA","400","JOE McGRAW","410","17TH CONGRESS","PE29 - 102","0","12","","0"
"72","0","PEORIA","0","Over Votes","410","17TH CONGRESS","PE32 - 105","0","12","","0"
"72","0","PEORIA","400","JOE McGRAW","410","17TH CONGRESS","PE32 - 105","0","12","","42"
"72","0","PEORIA","0","Under Votes","410","17TH CONGRESS","PE12 - 76","0","11","","7"
"72","0","PEORIA","0","Over Votes","410","17TH CONGRESS","PE12 - 76","0","11","","0"
"72","0","PEORIA","390","ERIC SORENSEN","410","17TH CONGRESS","PE12 - 76","0","11","","100"
"72","0","PEORIA","0","Under Votes","410","17TH CONGRESS","PE14 - 79","0","11","","7"
"72","0","PEORIA","0","Over Votes","410","17TH CONGRESS","PE14 - 79","0","11","","0"
"72","0","PEORIA","390","ERIC SORENSEN","410","17TH CONGRESS","PE14 - 79","0","11","","68"
"72","0","PEORIA","0","Over Votes","410","17TH CONGRESS","PE28 - 99","0","11","","0"
"72","0","PEORIA","390","ERIC SORENSEN","410","17TH CONGRESS","PE28 - 99","0","11","","14"
"72","0","PEORIA","0","Under Votes","410","17TH CONGRESS","PE28 - 99","0","11","","0"
"72","0","PEORIA","390","ERIC SORENSEN","410","17TH CONGRESS","PE29 - 102","0","11","","0"
"72","0","PEORIA","0","Under Votes","410","17TH CONGRESS","PE29 - 102","0","11","","0"
"72","0","PEORIA","0","Over Votes","410","17TH CONGRESS","PE29 - 102","0","11","","0"
"72","0","PEORIA","390","ERIC SORENSEN","410","17TH CONGRESS","PE32 - 105","0","11","","85"
"72","0","PEORIA","0","Under Votes","410","17TH CONGRESS","PE32 - 105","0","11","","9"
"72","0","PEORIA","0","Over Votes","410","17TH CONGRESS","PE32 - 105","0","11","","0"
"72","0","PEORIA","0","Over Votes","410","17TH CONGRESS","PE34 - 108","0","11","","0"
"72","0","PEORIA","390","ERIC SORENSEN","410","17TH CONGRESS","PE34 - 108","0","11","","44"
"72","0","PEORIA","0","Under Votes","410","17TH CONGRESS","PE34 - 108","0","11","","7"
"72","0","PEORIA","390","ERIC SORENSEN","410","17TH CONGRESS","WP03 - 192","0","11","","101"
"72","0","PEORIA","0","Under Votes","410","17TH CONGRESS","WP03 - 192","0","11","","12"
"72","0","PEORIA","0","Over Votes","410","17TH CONGRESS","WP03 - 192","0","11","","0"
"72","0","PEORIA","0","Over Votes","410","17TH CONGRESS","LI10 - 46","0","11","","0"
"72","0","PEORIA","390","ERIC SORENSEN","410","17TH CONGRESS","LI10 - 46","0","11","","0"
"72","0","PEORIA","0","Under Votes","410","17TH CONGRESS","LI10 - 46","0","11","","0"
"72","0","PEORIA","0","Over Votes","410","17TH CONGRESS","LI11 - 49","0","11","","0"
"72","0","PEORIA","390","ERIC SORENSEN","410","17TH CONGRESS","LI11 - 49","0","11","","35"
"72","0","PEORIA","0","Under Votes","410","17TH CONGRESS","LI11 - 49","0","11","","4"
"72","0","PEORIA","0","Over Votes","410","17TH CONGRESS","LO02 - 52","0","11","","0"
"72","0","PEORIA","390","ERIC SORENSEN","410","17TH CONGRESS","LO02 - 52","0","11","","63"
"72","0","PEORIA","0","Under Votes","410","17TH CONGRESS","LO02 - 52","0","11","","4"
"72","0","PEORIA","0","Over Votes","410","17TH CONGRESS","PE13 - 78","0","11","","0"
"72","0","PEORIA","390","ERIC SORENSEN","410","17TH CONGRESS","PE13 - 78","0","11","","90"
"72","0","PEORIA","0","Under Votes","410","17TH CONGRESS","PE13 - 78","0","11","","3"
"72","0","PEORIA","0","Over Votes","410","17TH CONGRESS","PE16 - 81","0","11","","0"
"72","0","PEORIA","390","ERIC SORENSEN","410","17TH CONGRESS","PE16 - 81","0","11","","65"
"72","0","PEORIA","0","Under Votes","410","17TH CONGRESS","PE16 - 81","0","11","","10"
"72","0","PEORIA","0","Over Votes","410","17TH CONGRESS","PE19 - 84","0","11","","0"
"72","0","PEORIA","390","ERIC SORENSEN","410","17TH CONGRESS","PE19 - 84","0","11","","121"
"72","0","PEORIA","0","Under Votes","410","17TH CONGRESS","PE19 - 84","0","11","","10"
"72","0","PEORIA","0","Over Votes","410","17TH CONGRESS","PE21 - 87","0","11","","0"
"72","0","PEORIA","390","ERIC SORENSEN","410","17TH CONGRESS","PE21 - 87","0","11","","0"
"72","0","PEORIA","0","Under Votes","410","17TH CONGRESS","PE21 - 87","0","11","","0"
"72","0","PEORIA","0","Over Votes","410","17TH CONGRESS","PE34 - 107","0","11","","0"
"72","0","PEORIA","390","ERIC SORENSEN","410","17TH CONGRESS","PE34 - 107","0","11","","14"
"72","0","PEORIA","0","Under Votes","410","17TH CONGRESS","PE34 - 107","0","11","","1"
"72","0","PEORIA","0","Over Votes","410","17TH CONGRESS","PE36 - 110","0","11","","0"
"72","0","PEORIA","390","ERIC SORENSEN","410","17TH CONGRESS","PE36 - 110","0","11","","99"
"72","0","PEORIA","0","Under Votes","410","17TH CONGRESS","PE36 - 110","0","11","","11"
"110","101","CITY OF ROCKFORD","0","Under Votes","410","17TH CONGRESS","WARD 13 PRECINCT 2","1017","11","DEMOCRATIC","6"
"110","101","CITY OF ROCKFORD","0","Over Votes","410","17TH CONGRESS","WARD 1 PRECINCT 5","1222","11","DEMOCRATIC","0"
"110","101","CITY OF ROCKFORD","390","ERIC SORENSEN","410","17TH CONGRESS","WARD 1 PRECINCT 5","1222","11","DEMOCRATIC","41"
"110","101","CITY OF ROCKFORD","0","Under Votes","410","17TH CONGRESS","WARD 1 PRECINCT 5","1222","11","DEMOCRATIC","2"
"110","101","CITY OF ROCKFORD","0","Over Votes","410","17TH CONGRESS","WARD 2 PRECINCT 6","1062","11","DEMOCRATIC","0"
"110","101","CITY OF ROCKFORD","390","ERIC SORENSEN","410","17TH CONGRESS","WARD 2 PRECINCT 6","1062","11","DEMOCRATIC","76"
"110","101","CITY OF ROCKFORD","0","Under Votes","410","17TH CONGRESS","WARD 2 PRECINCT 6","1062","11","DEMOCRATIC","5"
"110","101","CITY OF ROCKFORD","0","Over Votes","410","17TH CONGRESS","WARD 3 PRECINCT 7","888","11","DEMOCRATIC","0"
"110","101","CITY OF ROCKFORD","390","ERIC SORENSEN","410","17TH CONGRESS","WARD 3 PRECINCT 7","888","11","DEMOCRATIC","89"
"110","101","CITY OF ROCKFORD","0","Under Votes","410","17TH CONGRESS","WARD 3 PRECINCT 7","888","11","DEMOCRATIC","5"
"110","101","CITY OF ROCKFORD","0","Over Votes","410","17TH CONGRESS","WARD 4 PRECINCT 1","924","11","DEMOCRATIC","0"
"110","101","CITY OF ROCKFORD","390","ERIC SORENSEN","410","17TH CONGRESS","WARD 4 PRECINCT 1","924","11","DEMOCRATIC","0"
"110","101","CITY OF ROCKFORD","0","Under Votes","410","17TH CONGRESS","WARD 4 PRECINCT 1","924","11","DEMOCRATIC","0"
"110","101","CITY OF ROCKFORD","0","Over Votes","410","17TH CONGRESS","WARD 5 PRECINCT 4","1014","11","DEMOCRATIC","0"
"110","101","CITY OF ROCKFORD","390","ERIC SORENSEN","410","17TH CONGRESS","WARD 5 PRECINCT 4","1014","11","DEMOCRATIC","75"
"110","101","CITY OF ROCKFORD","0","Under Votes","410","17TH CONGRESS","WARD 5 PRECINCT 4","1014","11","DEMOCRATIC","12"
"110","101","CITY OF ROCKFORD","0","Over Votes","410","17TH CONGRESS","WARD 5 PRECINCT 5","735","11","DEMOCRATIC","0"
"110","101","CITY OF ROCKFORD","390","ERIC SORENSEN","410","17TH CONGRESS","WARD 5 PRECINCT 5","735","11","DEMOCRATIC","23"
"110","101","CITY OF ROCKFORD","0","Under Votes","410","17TH CONGRESS","WARD 5 PRECINCT 5","735","11","DEMOCRATIC","3"
"110","101","CITY OF ROCKFORD","0","Over Votes","410","17TH CONGRESS","WARD 7 PRECINCT 4","947","11","DEMOCRATIC","0"
"110","101","CITY OF ROCKFORD","390","ERIC SORENSEN","410","17TH CONGRESS","WARD 7 PRECINCT 4","947","11","DEMOCRATIC","30"
"110","101","CITY OF ROCKFORD","0","Under Votes","410","17TH CONGRESS","WARD 7 PRECINCT 4","947","11","DEMOCRATIC","3"
"110","101","CITY OF ROCKFORD","0","Over Votes","410","17TH CONGRESS","WARD 9 PRECINCT 3","845","11","DEMOCRATIC","0"
"110","101","CITY OF ROCKFORD","390","ERIC SORENSEN","410","17TH CONGRESS","WARD 9 PRECINCT 3","845","11","DEMOCRATIC","44"
"110","101","CITY OF ROCKFORD","0","Under Votes","410","17TH CONGRESS","WARD 9 PRECINCT 3","845","11","DEMOCRATIC","1"
"110","101","CITY OF ROCKFORD","0","Over Votes","410","17TH CONGRESS","WARD 10 PRECINCT 6","973","11","DEMOCRATIC","0"
"110","101","CITY OF ROCKFORD","390","ERIC SORENSEN","410","17TH CONGRESS","WARD 10 PRECINCT 6","973","11","DEMOCRATIC","57"
"110","101","CITY OF ROCKFORD","0","Under Votes","410","17TH CONGRESS","WARD 10 PRECINCT 6","973","11","DEMOCRATIC","5"
"110","101","CITY OF ROCKFORD","0","Over Votes","410","17TH CONGRESS","WARD 14 PRECINCT 1","1843","11","DEMOCRATIC","0"
"110","101","CITY OF ROCKFORD","390","ERIC SORENSEN","410","17TH CONGRESS","WARD 14 PRECINCT 1","1843","11","DEMOCRATIC","56"
"110","101","CITY OF ROCKFORD","0","Under Votes","410","17TH CONGRESS","WARD 14 PRECINCT 1","1843","11","DEMOCRATIC","10"
"110","101","CITY OF ROCKFORD","0","Over Votes","410","17TH CONGRESS","WARD 4 PRECINCT 6","966","11","DEMOCRATIC","0"
"110","101","CITY OF ROCKFORD","390","ERIC SORENSEN","410","17TH CONGRESS","WARD 4 PRECINCT 6","966","11","DEMOCRATIC","67"
"110","101","CITY OF ROCKFORD","0","Under Votes","410","17TH CONGRESS","WARD 4 PRECINCT 6","966","11","DEMOCRATIC","4"
"110","101","CITY OF ROCKFORD","0","Over Votes","410","17TH CONGRESS","WARD 4 PRECINCT 7","959","11","DEMOCRATIC","0"
"110","101","CITY OF ROCKFORD","390","ERIC SORENSEN","410","17TH CONGRESS","WARD 4 PRECINCT 7","959","11","DEMOCRATIC","75"
"110","101","CITY OF ROCKFORD","0","Under Votes","410","17TH CONGRESS","WARD 4 PRECINCT 7","959","11","DEMOCRATIC","1"
"110","101","CITY OF ROCKFORD","0","Over Votes","410","17TH CONGRESS","WARD 5 PRECINCT 1","898","11","DEMOCRATIC","0"
"66","0","MERCER","0","Blank Ballots","410","17TH CONGRESS","GREENE 1","661","11","DEMOCRATIC","0"
"66","0","MERCER","0","Over Votes","410","17TH CONGRESS","GREENE 1","661","11","DEMOCRATIC","0"
"66","0","MERCER","0","Under Votes","410","17TH CONGRESS","GREENE 1","661","11","DEMOCRATIC","2"
"66","0","MERCER","390","ERIC SORENSEN","410","17TH CONGRESS","GREENE 1","661","11","DEMOCRATIC","41"
"81","0","ROCK ISLAND","400","JOE McGRAW","410","17TH CONGRESS","PORT BYRON","968","12","REPUBLICAN","56"
"81","0","ROCK ISLAND","0","Under Votes","410","17TH CONGRESS","PORT BYRON","968","12","REPUBLICAN","0"
"81","0","ROCK ISLAND","395","SCOTT ALAN CROWL","410","17TH CONGRESS","PORT BYRON","968","12","REPUBLICAN","25"
"81","0","ROCK ISLAND","0","Over Votes","410","17TH CONGRESS","PORT BYRON","968","12","REPUBLICAN","0"
"81","0","ROCK ISLAND","0","Blank Ballots","410","17TH CONGRESS","PORT BYRON","968","12","REPUBLICAN","16"
"81","0","ROCK ISLAND","400","JOE McGRAW","410","17TH CONGRESS","HAMPTON 1","1156","12","REPUBLICAN","45"
"81","0","ROCK ISLAND","0","Under Votes","410","17TH CONGRESS","HAMPTON 1","1156","12","REPUBLICAN","0"
"81","0","ROCK ISLAND","395","SCOTT ALAN CROWL","410","17TH CONGRESS","HAMPTON 1","1156","12","REPUBLICAN","30"
"81","0","ROCK ISLAND","0","Over Votes","410","17TH CONGRESS","HAMPTON 1","1156","12","REPUBLICAN","0"
"81","0","ROCK ISLAND","0","Blank Ballots","410","17TH CONGRESS","HAMPTON 1","1156","12","REPUBLICAN","12"
"81","0","ROCK ISLAND","400","JOE McGRAW","410","17TH CONGRESS","HAMPTON 4","477","12","REPUBLICAN","2"
"81","0","ROCK ISLAND","0","Under Votes","410","17TH CONGRESS","HAMPTON 4","477","12","REPUBLICAN","0"
"81","0","ROCK ISLAND","395","SCOTT ALAN CROWL","410","17TH CONGRESS","HAMPTON 4","477","12","REPUBLICAN","1"
"81","0","ROCK ISLAND","0","Over Votes","410","17TH CONGRESS","HAMPTON 4","477","12","REPUBLICAN","0"
"81","0","ROCK ISLAND","0","Blank Ballots","410","17TH CONGRESS","HAMPTON 4","477","12","REPUBLICAN","0"
"81","0","ROCK ISLAND","400","JOE McGRAW","410","17TH CONGRESS","HAMPTON 7","465","12","REPUBLICAN","12"
"81","0","ROCK ISLAND","0","Under Votes","410","17TH CONGRESS","HAMPTON 7","465","12","REPUBLICAN","0"
"81","0","ROCK ISLAND","395","SCOTT ALAN CROWL","410","17TH CONGRESS","HAMPTON 7","465","12","REPUBLICAN","7"
"81","0","ROCK ISLAND","0","Over Votes","410","17TH CONGRESS","HAMPTON 7","465","12","REPUBLICAN","0"
"81","0","ROCK ISLAND","0","Blank Ballots","410","17TH CONGRESS","HAMPTON 7","465","12","REPUBLICAN","2"
"81","0","ROCK ISLAND","0","Blank Ballots","410","17TH CONGRESS","SO MOLINE 6","832","12","REPUBLICAN","3"
"81","0","ROCK ISLAND","400","JOE McGRAW","410","17TH CONGRESS","SO MOLINE 6","832","12","REPUBLICAN","31"
"81","0","ROCK ISLAND","0","Under Votes","410","17TH CONGRESS","SO MOLINE 6","832","12","REPUBLICAN","0"
"81","0","ROCK ISLAND","395","SCOTT ALAN CROWL","410","17TH CONGRESS","SO MOLINE 6","832","12","REPUBLICAN","10"
"81","0","ROCK ISLAND","0","Over Votes","410","17TH CONGRESS","SO MOLINE 6","832","12","REPUBLICAN","0"
"81","0","ROCK ISLAND","0","Blank Ballots","410","17TH CONGRESS","SO MOLINE 9","1030","12","REPUBLICAN","14"
"81","0","ROCK ISLAND","400","JOE McGRAW","410","17TH CONGRESS","SO MOLINE 9","1030","12","REPUBLICAN","37"
"81","0","ROCK ISLAND","0","Under Votes","410","17TH CONGRESS","SO MOLINE 9","1030","12","REPUBLICAN","0"
"81","0","ROCK ISLAND","395","SCOTT ALAN CROWL","410","17TH CONGRESS","SO MOLINE 9","1030","12","REPUBLICAN","22"
"81","0","ROCK ISLAND","0","Over Votes","410","17TH CONGRESS","SO MOLINE 9","1030","12","REPUBLICAN","0"
"81","0","ROCK ISLAND","0","Blank Ballots","410","17TH CONGRESS","SO MOLINE 12","496","12","REPUBLICAN","0"
"81","0","ROCK ISLAND","400","JOE McGRAW","410","17TH CONGRESS","SO MOLINE 12","496","12","REPUBLICAN","5"
"81","0","ROCK ISLAND","0","Under Votes","410","17TH CONGRESS","SO MOLINE 12","496","12","REPUBLICAN","0"
"81","0","ROCK ISLAND","0","Over Votes","410","17TH CONGRESS","SO MOLINE 12","496","12","REPUBLICAN","0"
"81","0","ROCK ISLAND","395","SCOTT ALAN CROWL","410","17TH CONGRESS","SO MOLINE 12","496","12","REPUBLICAN","7"
"81","0","ROCK ISLAND","0","Blank Ballots","410","17TH CONGRESS","SO MOLINE 15","540","12","REPUBLICAN","3"
"81","0","ROCK ISLAND","400","JOE McGRAW","410","17TH CONGRESS","SO MOLINE 15","540","12","REPUBLICAN","19"
"8","0","CARROLL","0","Over Votes","410","17TH CONGRESS","WYSOX 2","400","12","REPUBLICAN","0"
"8","0","CARROLL","395","SCOTT ALAN CROWL","410","17TH CONGRESS","CHERRY GROVE SHANNON 1","474","12","REPUBLICAN","20"
"8","0","CARROLL","0","Blank Ballots","410","17TH CONGRESS","CHERRY GROVE SHANNON 1","474","12","REPUBLICAN","0"
"8","0","CARROLL","400","JOE McGRAW","410","17TH CONGRESS","CHERRY GROVE SHANNON 1","474","12","REPUBLICAN","46"
"8","0","CARROLL","0","Under Votes","410","17TH CONGRESS","CHERRY GROVE SHANNON 1","474","12","REPUBLICAN","7"
"8","0","CARROLL","0","Over Votes","410","17TH CONGRESS","CHERRY GROVE SHANNON 1","474","12","REPUBLICAN","0"
"8","0","CARROLL","395","SCOTT ALAN CROWL","410","17TH CONGRESS","MT. CARROLL 3","379","12","REPUBLICAN","16"
"8","0","CARROLL","0","Blank Ballots","410","17TH CONGRESS","MT. CARROLL 3","379","12","REPUBLICAN","0"
"8","0","CARROLL","400","JOE McGRAW","410","17TH CONGRESS","MT. CARROLL 3","379","12","REPUBLICAN","24"
"8","0","CARROLL","0","Under Votes","410","17TH CONGRESS","MT. CARROLL 3","379","12","REPUBLICAN","4"
"8","0","CARROLL","0","Over Votes","410","17TH CONGRESS","MT. CARROLL 3","379","12","REPUBLICAN","0"
"8","0","CARROLL","395","SCOTT ALAN CROWL","410","17TH CONGRESS","WOODLAND","203","12","REPUBLICAN","14"
"8","0","CARROLL","0","Blank Ballots","410","17TH CONGRESS","WOODLAND","203","12","REPUBLICAN","0"
"8","0","CARROLL","400","JOE McGRAW","410","17TH CONGRESS","WOODLAND","203","12","REPUBLICAN","29"
"8","0","CARROLL","0","Under Votes","410","17TH CONGRESS","WOODLAND","203","12","REPUBLICAN","4"
"8","0","CARROLL","0","Over Votes","410","17TH CONGRESS","WOODLAND","203","12","REPUBLICAN","0"
"8","0","CARROLL","395","SCOTT ALAN CROWL","410","17TH CONGRESS","FREEDOM","724","12","REPUBLICAN","37"
"8","0","CARROLL","0","Blank Ballots","410","17TH CONGRESS","FREEDOM","724","12","REPUBLICAN","0"
"8","0","CARROLL","400","JOE McGRAW","410","17TH CONGRESS","FREEDOM","724","12","REPUBLICAN","79"
"8","0","CARROLL","0","Under Votes","410","17TH CONGRESS","FREEDOM","724","12","REPUBLICAN","4"
"8","0","CARROLL","0","Over Votes","410","17TH CONGRESS","FREEDOM","724","12","REPUBLICAN","0"
"8","0","CARROLL","395","SCOTT ALAN CROWL","410","17TH CONGRESS","SAVANNA 1","290","12","REPUBLICAN","4"
"8","0","CARROLL","0","Blank Ballots","410","17TH CONGRESS","SAVANNA 1","290","12","REPUBLICAN","0"
"8","0","CARROLL","400","JOE McGRAW","410","17TH CONGRESS","SAVANNA 1","290","12","REPUBLICAN","9"
"8","0","CARROLL","0","Under Votes","410","17TH CONGRESS","SAVANNA 1","290","12","REPUBLICAN","9"
"8","0","CARROLL","0","Over Votes","410","17TH CONGRESS","SAVANNA 1","290","12","REPUBLICAN","0"
"48","0","KNOX","0","Over Votes","410","17TH CONGRESS","CEDAR FIRST","490","11","DEMOCRATIC","0"
"48","0","KNOX","0","Blank Ballots","410","17TH CONGRESS","CEDAR FIRST","490","11","DEMOCRATIC","1"
"48","0","KNOX","390","ERIC SORENSEN","410","17TH CONGRESS","CEDAR FIRST","490","11","DEMOCRATIC","27"
"48","0","KNOX","0","Under Votes","410","17TH CONGRESS","CEDAR FIRST","490","11","DEMOCRATIC","0"
"48","0","KNOX","0","Over Votes","410","17TH CONGRESS","HENDERSON","911","11","DEMOCRATIC","0"
"48","0","KNOX","0","Blank Ballots","410","17TH CONGRESS","HENDERSON","911","11","DEMOCRATIC","2"
"48","0","KNOX","390","ERIC SORENSEN","410","17TH CONGRESS","HENDERSON","911","11","DEMOCRATIC","41"
"48","0","KNOX","0","Under Votes","410","17TH CONGRESS","HENDERSON","911","11","DEMOCRATIC","0"
"48","0","KNOX","0","Over Votes","410","17TH CONGRESS","MAQUON","352","11","DEMOCRATIC","0"
"48","0","KNOX","0","Blank Ballots","410","17TH CONGRESS","MAQUON","352","11","DEMOCRATIC","3"
"48","0","KNOX","390","ERIC SORENSEN","410","17TH CONGRESS","MAQUON","352","11","DEMOCRATIC","16"
"48","0","KNOX","0","Under Votes","410","17TH CONGRESS","MAQUON","352","11","DEMOCRATIC","0"
"48","0","KNOX","0","Over Votes","410","17TH CONGRESS","WALNUT GROVE","480","11","DEMOCRATIC","0"
"48","0","KNOX","0","Blank Ballots","410","17TH CONGRESS","WALNUT GROVE","480","11","DEMOCRATIC","1"
"48","0","KNOX","390","ERIC SORENSEN","410","17TH CONGRESS","WALNUT GROVE","480","11","DEMOCRATIC","16"
"48","0","KNOX","0","Under Votes","410","17TH CONGRESS","WALNUT GROVE","480","11","DEMOCRATIC","0"
"64","0","McLEAN","395","SCOTT ALAN CROWL","410","17TH CONGRESS","NORMAL 01","912","12","REPUBLICAN","12"
"64","0","McLEAN","400","JOE McGRAW","410","17TH CONGRESS","NORMAL 01","912","12","REPUBLICAN","27"
"64","0","McLEAN","0","Over Votes","410","17TH CONGRESS","NORMAL 01","912","12","REPUBLICAN","0"
"64","0","McLEAN","0","Under Votes","410","17TH CONGRESS","NORMAL 01","912","12","REPUBLICAN","1"
"64","0","McLEAN","395","SCOTT ALAN CROWL","410","17TH CONGRESS","NORMAL 02","1038","12","REPUBLICAN","19"
"64","0","McLEAN","400","JOE McGRAW","410","17TH CONGRESS","NORMAL 02","1038","12","REPUBLICAN","42"
"64","0","McLEAN","0","Over Votes","410","17TH CONGRESS","NORMAL 02","1038","12","REPUBLICAN","0"
"64","0","McLEAN","0","Under Votes","410","17TH CONGRESS","NORMAL 02","1038","12","REPUBLICAN","6"
"64","0","McLEAN","395","SCOTT ALAN CROWL","410","17TH CONGRESS","NORMAL 05","1001","12","REPUBLICAN","27"
"64","0","McLEAN","400","JOE McGRAW","410","17TH CONGRESS","NORMAL 05","1001","12","REPUBLICAN","64"
"64","0","McLEAN","0","Over Votes","410","17TH CONGRESS","NORMAL 05","1001","12","REPUBLICAN","0"
"64","0","McLEAN","0","Under Votes","410","17TH CONGRESS","NORMAL 05","1001","12","REPUBLICAN","8"
"64","0","McLEAN","395","SCOTT ALAN CROWL","410","17TH CONGRESS","NORMAL 15","863","12","REPUBLICAN","21"
"64","0","McLEAN","400","JOE McGRAW","410","17TH CONGRESS","NORMAL 15","863","12","REPUBLICAN","31"
"64","0","McLEAN","0","Over Votes","410","17TH CONGRESS","NORMAL 15","863","12","REPUBLICAN","0"
"64","0","McLEAN","0","Under Votes","410","17TH CONGRESS","NORMAL 15","863","12","REPUBLICAN","4"
"64","0","McLEAN","395","SCOTT ALAN CROWL","410","17TH CONGRESS","NORMAL 28","1066","12","REPUBLICAN","25"
"64","0","McLEAN","400","JOE McGRAW","410","17TH CONGRESS","NORMAL 28","1066","12","REPUBLICAN","53"
"64","0","McLEAN","0","Over Votes","410","17TH CONGRESS","NORMAL 28","1066","12","REPUBLICAN","0"
"64","0","McLEAN","0","Under Votes","410","17TH CONGRESS","NORMAL 28","1066","12","REPUBLICAN","7"
"64","0","McLEAN","0","Under Votes","410","17TH CONGRESS","NORMAL 19","824","12","REPUBLICAN","9"
"64","0","McLEAN","395","SCOTT ALAN CROWL","410","17TH CONGRESS","NORMAL 31","99","12","REPUBLICAN","1"
"64","0","McLEAN","400","JOE McGRAW","410","17TH CONGRESS","NORMAL 31","99","12","REPUBLICAN","7"
"64","0","McLEAN","0","Over Votes","410","17TH CONGRESS","NORMAL 31","99","12","REPUBLICAN","0"
"64","0","McLEAN","0","Under Votes","410","17TH CONGRESS","NORMAL 31","99","12","REPUBLICAN","1"
"64","0","McLEAN","395","SCOTT ALAN CROWL","410","17TH CONGRESS","NORMAL 11","997","12","REPUBLICAN","19"
"64","0","McLEAN","400","JOE McGRAW","410","17TH CONGRESS","NORMAL 11","997","12","REPUBLICAN","46"
"64","0","McLEAN","0","Over Votes","410","17TH CONGRESS","NORMAL 11","997","12","REPUBLICAN","0"
"64","0","McLEAN","0","Under Votes","410","17TH CONGRESS","NORMAL 11","997","12","REPUBLICAN","3"
"64","0","McLEAN","395","SCOTT ALAN CROWL","410","17TH CONGRESS","NORMAL 32","813","12","REPUBLICAN","39"
"64","0","McLEAN","400","JOE McGRAW","410","17TH CONGRESS","NORMAL 32","813","12","REPUBLICAN","67"
"64","0","McLEAN","0","Over Votes","410","17TH CONGRESS","NORMAL 32","813","12","REPUBLICAN","0"
"64","0","McLEAN","0","Under Votes","410","17TH CONGRESS","NORMAL 32","813","12","REPUBLICAN","10"
"64","0","McLEAN","395","SCOTT ALAN CROWL","410","17TH CONGRESS","ALLIN 01","621","12","REPUBLICAN","19"
"64","0","McLEAN","400","JOE McGRAW","410","17TH CONGRESS","ALLIN 01","621","12","REPUBLICAN","31"
"64","0","McLEAN","0","Over Votes","410","17TH CONGRESS","ALLIN 01","621","12","REPUBLICAN","0"
"64","0","McLEAN","0","Under Votes","410","17TH CONGRESS","ALLIN 01","621","12","REPUBLICAN","9"
"64","0","McLEAN","395","SCOTT ALAN CROWL","410","17TH CONGRESS","DALE 01","1005","12","REPUBLICAN","23"
"64","0","McLEAN","400","JOE McGRAW","410","17TH CONGRESS","DALE 01","1005","12","REPUBLICAN","93"
"64","0","McLEAN","0","Over Votes","410","17TH CONGRESS","DALE 01","1005","12","REPUBLICAN","0"
"64","0","McLEAN","0","Under Votes","410","17TH CONGRESS","DALE 01","1005","12","REPUBLICAN","10"
"64","0","McLEAN","395","SCOTT ALAN CROWL","410","17TH CONGRESS","OLD TOWN 02","1121","12","REPUBLICAN","0"
"64","0","McLEAN","400","JOE McGRAW","410","17TH CONGRESS","OLD TOWN 02","1121","12","REPUBLICAN","0"
"89","0","STEPHENSON","0","Over Votes","410","17TH CONGRESS","FREEPORT 9","899","11","DEMOCRATIC","0"
"89","0","STEPHENSON","0","Blank Ballots","410","17TH CONGRESS","FREEPORT 9","899","11","DEMOCRATIC","0"
"89","0","STEPHENSON","0","Under Votes","410","17TH CONGRESS","FREEPORT 9","899","11","DEMOCRATIC","7"
"89","0","STEPHENSON","390","ERIC SORENSEN","410","17TH CONGRESS","FREEPORT 5","609","11","DEMOCRATIC","29"
"89","0","STEPHENSON","0","Over Votes","410","17TH CONGRESS","FREEPORT 5","609","11","DEMOCRATIC","0"
"89","0","STEPHENSON","0","Blank Ballots","410","17TH CONGRESS","FREEPORT 5","609","11","DEMOCRATIC","0"
"89","0","STEPHENSON","0","Under Votes","410","17TH CONGRESS","FREEPORT 5","609","11","DEMOCRATIC","0"
"89","0","STEPHENSON","390","ERIC SORENSEN","410","17TH CONGRESS","FREEPORT 16","1188","11","DEMOCRATIC","100"
"89","0","STEPHENSON","0","Over Votes","410","17TH CONGRESS","FREEPORT 16","1188","11","DEMOCRATIC","0"
"89","0","STEPHENSON","0","Blank Ballots","410","17TH CONGRESS","FREEPORT 16","1188","11","DEMOCRATIC","0"
"89","0","STEPHENSON","0","Under Votes","410","17TH CONGRESS","FREEPORT 16","1188","11","DEMOCRATIC","2"
"89","0","STEPHENSON","0","Blank Ballots","410","17TH CONGRESS","FREEPORT 4","622","11","DEMOCRATIC","0"
"89","0","STEPHENSON","0","Under Votes","410","17TH CONGRESS","FREEPORT 4","622","11","DEMOCRATIC","1"
"89","0","STEPHENSON","390","ERIC SORENSEN","410","17TH CONGRESS","FREEPORT 8","1081","11","DEMOCRATIC","75"
"89","0","STEPHENSON","0","Over Votes","410","17TH CONGRESS","FREEPORT 8","1081","11","DEMOCRATIC","0"
"89","0","STEPHENSON","0","Blank Ballots","410","17TH CONGRESS","FREEPORT 8","1081","11","DEMOCRATIC","0"
"89","0","STEPHENSON","0","Under Votes","410","17TH CONGRESS","FREEPORT 8","1081","11","DEMOCRATIC","1"
"89","0","STEPHENSON","390","ERIC SORENSEN","410","17TH CONGRESS","FREEPORT 15","810","11","DEMOCRATIC","66"
"89","0","STEPHENSON","0","Over Votes","410","17TH CONGRESS","FREEPORT 15","810","11","DEMOCRATIC","0"
"89","0","STEPHENSON","0","Blank Ballots","410","17TH CONGRESS","FREEPORT 15","810","11","DEMOCRATIC","0"
"89","0","STEPHENSON","0","Under Votes","410","17TH CONGRESS","FREEPORT 15","810","11","DEMOCRATIC","1"
"89","0","STEPHENSON","390","ERIC SORENSEN","410","17TH CONGRESS","FREEPORT 13","925","11","DEMOCRATIC","85"
"89","0","STEPHENSON","0","Over Votes","410","17TH CONGRESS","FREEPORT 13","925","11","DEMOCRATIC","0"
"89","0","STEPHENSON","0","Blank Ballots","410","17TH CONGRESS","FREEPORT 13","925","11","DEMOCRATIC","0"
"89","0","STEPHENSON","0","Under Votes","410","17TH CONGRESS","FREEPORT 13","925","11","DEMOCRATIC","7"
"89","0","STEPHENSON","390","ERIC SORENSEN","410","17TH CONGRESS","FLORENCE","896","11","DEMOCRATIC","32"
"89","0","STEPHENSON","0","Over Votes","410","17TH CONGRESS","FLORENCE","896","11","DEMOCRATIC","0"
"89","0","STEPHENSON","0","Blank Ballots","410","17TH CONGRESS","FLORENCE","896","11","DEMOCRATIC","0"
"89","0","STEPHENSON","0","Under Votes","410","17TH CONGRESS","FLORENCE","896","11","DEMOCRATIC","3"
"89","0","STEPHENSON","390","ERIC SORENSEN","410","17TH CONGRESS","FREEPORT 1","547","11","DEMOCRATIC","46"
"89","0","STEPHENSON","0","Over Votes","410","17TH CONGRESS","FREEPORT 1","547","11","DEMOCRATIC","0"
"89","0","STEPHENSON","0","Blank Ballots","410","17TH CONGRESS","FREEPORT 1","547","11","DEMOCRATIC","0"
"89","0","STEPHENSON","0","Under Votes","410","17TH CONGRESS","FREEPORT 1","547","11","DEMOCRATIC","5"
"89","0","STEPHENSON","390","ERIC SORENSEN","410","17TH CONGRESS","FREEPORT 12","982","11","DEMOCRATIC","82"
"89","0","STEPHENSON","0","Over Votes","410","17TH CONGRESS","FREEPORT 12","982","11","DEMOCRATIC","0"
"89","0","STEPHENSON","0","Blank Ballots","410","17TH CONGRESS","FREEPORT 12","982","11","DEMOCRATIC","0"
"89","0","STEPHENSON","0","Under Votes","410","17TH CONGRESS","FREEPORT 12","982","11","DEMOCRATIC","6"
"89","0","STEPHENSON","390","ERIC SORENSEN","410","17TH CONGRESS","HARLEM 1","807","11","DEMOCRATIC","47"
"89","0","STEPHENSON","0","Over Votes","410","17TH CONGRESS","HARLEM 1","807","11","DEMOCRATIC","0"
"89","0","STEPHENSON","0","Blank Ballots","410","17TH CONGRESS","HARLEM 1","807","11","DEMOCRATIC","0"
"89","0","STEPHENSON","0","Under Votes","410","17TH CONGRESS","HARLEM 1","807","11","DEMOCRATIC","3"
"89","0","STEPHENSON","390","ERIC SORENSEN","410","17TH CONGRESS","FREEPORT 7","832","11","DEMOCRATIC","61"
"64","0","McLEAN","0","Over Votes","410","17TH CONGRESS","OLD TOWN 02","1121","12","REPUBLICAN","0"
"64","0","McLEAN","0","Under Votes","410","17TH CONGRESS","OLD TOWN 02","1121","12","REPUBLICAN","0"
"64","0","McLEAN","395","SCOTT ALAN CROWL","410","17TH CONGRESS","NORMAL 22","813","12","REPUBLICAN","17"
"64","0","McLEAN","400","JOE McGRAW","410","17TH CONGRESS","NORMAL 22","813","12","REPUBLICAN","47"
"64","0","McLEAN","0","Over Votes","410","17TH CONGRESS","NORMAL 22","813","12","REPUBLICAN","0"
"64","0","McLEAN","0","Under Votes","410","17TH CONGRESS","NORMAL 22","813","12","REPUBLICAN","6"
"64","0","McLEAN","395","SCOTT ALAN CROWL","410","17TH CONGRESS","BLOOMINGTON 02","770","12","REPUBLICAN","0"
"64","0","McLEAN","400","JOE McGRAW","410","17TH CONGRESS","BLOOMINGTON 02","770","12","REPUBLICAN","1"
"64","0","McLEAN","0","Over Votes","410","17TH CONGRESS","BLOOMINGTON 02","770","12","REPUBLICAN","0"
"64","0","McLEAN","0","Under Votes","410","17TH CONGRESS","BLOOMINGTON 02","770","12","REPUBLICAN","1"
"64","0","McLEAN","395","SCOTT ALAN CROWL","410","17TH CONGRESS","NORMAL 06","760","12","REPUBLICAN","20"
"64","0","McLEAN","400","JOE McGRAW","410","17TH CONGRESS","NORMAL 06","760","12","REPUBLICAN","67"
"64","0","McLEAN","0","Over Votes","410","17TH CONGRESS","NORMAL 06","760","12","REPUBLICAN","0"
"64","0","McLEAN","0","Under Votes","410","17TH CONGRESS","NORMAL 06","760","12","REPUBLICAN","7"
"64","0","McLEAN","395","SCOTT ALAN CROWL","410","17TH CONGRESS","NORMAL 07","595","12","REPUBLICAN","14"
"64","0","McLEAN","400","JOE McGRAW","410","17TH CONGRESS","NORMAL 07","595","12","REPUBLICAN","37"
"64","0","McLEAN","0","Over Votes","410","17TH CONGRESS","NORMAL 07","595","12","REPUBLICAN","0"
"64","0","McLEAN","0","Under Votes","410","17TH CONGRESS","NORMAL 07","595","12","REPUBLICAN","3"
"64","0","McLEAN","395","SCOTT ALAN CROWL","410","17TH CONGRESS","NORMAL 08","462","12","REPUBLICAN","6"
"64","0","McLEAN","400","JOE McGRAW","410","17TH CONGRESS","NORMAL 08","462","12","REPUBLICAN","9"
"64","0","McLEAN","0","Over Votes","410","17TH CONGRESS","NORMAL 08","462","12","REPUBLICAN","1"
"64","0","McLEAN","0","Under Votes","410","17TH CONGRESS","NORMAL 08","462","12","REPUBLICAN","4"
"64","0","McLEAN","395","SCOTT ALAN CROWL","410","17TH CONGRESS","NORMAL 09","739","12","REPUBLICAN","10"
"64","0","McLEAN","400","JOE McGRAW","410","17TH CONGRESS","NORMAL 09","739","12","REPUBLICAN","21"
"64","0","McLEAN","0","Over Votes","410","17TH CONGRESS","NORMAL 09","739","12","REPUBLICAN","0"
"64","0","McLEAN","0","Under Votes","410","17TH CONGRESS","NORMAL 09","739","12","REPUBLICAN","3"
"64","0","McLEAN","395","SCOTT ALAN CROWL","410","17TH CONGRESS","NORMAL 21","821","12","REPUBLICAN","16"
"64","0","McLEAN","400","JOE McGRAW","410","17TH CONGRESS","NORMAL 21","821","12","REPUBLICAN","43"
"64","0","McLEAN","0","Over Votes","410","17TH CONGRESS","NORMAL 21","821","12","REPUBLICAN","0"
"64","0","McLEAN","0","Under Votes","410","17TH CONGRESS","NORMAL 21","821","12","REPUBLICAN","4"
"64","0","McLEAN","395","SCOTT ALAN CROWL","410","17TH CONGRESS","NORMAL 04","810","12","REPUBLICAN","18"
"64","0","McLEAN","400","JOE McGRAW","410","17TH CONGRESS","NORMAL 04","810","12","REPUBLICAN","41"
"64","0","McLEAN","0","Over Votes","410","17TH CONGRESS","NORMAL 04","810","12","REPUBLICAN","0"
"64","0","McLEAN","0","Under Votes","410","17TH CONGRESS","NORMAL 04","810","12","REPUBLICAN","8"
"64","0","McLEAN","395","SCOTT ALAN CROWL","410","17TH CONGRESS","NORMAL 14","454","12","REPUBLICAN","2"
"64","0","McLEAN","400","JOE McGRAW","410","17TH CONGRESS","NORMAL 14","454","12","REPUBLICAN","14"
"64","0","McLEAN","0","Over Votes","410","17TH CONGRESS","NORMAL 14","454","12","REPUBLICAN","0"
"64","0","McLEAN","0","Under Votes","410","17TH CONGRESS","NORMAL 14","454","12","REPUBLICAN","3"
"64","0","McLEAN","395","SCOTT ALAN CROWL","410","17TH CONGRESS","NORMAL 17","1096","12","REPUBLICAN","18"
"64","0","McLEAN","400","JOE McGRAW","410","17TH CONGRESS","NORMAL 17","1096","12","REPUBLICAN","42"
"64","0","McLEAN","0","Over Votes","410","17TH CONGRESS","NORMAL 17","1096","12","REPUBLICAN","0"
"64","0","McLEAN","0","Under Votes","410","17TH CONGRESS","NORMAL 17","1096","12","REPUBLICAN","2"
"64","0","McLEAN","395","SCOTT ALAN CROWL","410","17TH CONGRESS","NORMAL 30","756","12","REPUBLICAN","13"
"64","0","McLEAN","400","JOE McGRAW","410","17TH CONGRESS","NORMAL 30","756","12","REPUBLICAN","20"
"64","0","McLEAN","0","Over Votes","410","17TH CONGRESS","NORMAL 30","756","12","REPUBLICAN","0"
"64","0","McLEAN","0","Under Votes","410","17TH CONGRESS","NORMAL 30","756","12","REPUBLICAN","2"
"8","0","CARROLL","0","Under Votes","410","17TH CONGRESS","FAIR HAVEN","556","11","DEMOCRATIC","1"
"8","0","CARROLL","390","ERIC SORENSEN","410","17TH CONGRESS","FAIR HAVEN","556","11","DEMOCRATIC","21"
"8","0","CARROLL","0","Over Votes","410","17TH CONGRESS","FAIR HAVEN","556","11","DEMOCRATIC","0"
"8","0","CARROLL","0","Blank Ballots","410","17TH CONGRESS","FAIR HAVEN","556","11","DEMOCRATIC","0"
"8","0","CARROLL","0","Under Votes","410","17TH CONGRESS","SALEM","251","11","DEMOCRATIC","0"
"8","0","CARROLL","390","ERIC SORENSEN","410","17TH CONGRESS","SALEM","251","11","DEMOCRATIC","8"
"8","0","CARROLL","0","Over Votes","410","17TH CONGRESS","SALEM","251","11","DEMOCRATIC","0"
"8","0","CARROLL","0","Blank Ballots","410","17TH CONGRESS","SALEM","251","11","DEMOCRATIC","0"
"8","0","CARROLL","0","Under Votes","410","17TH CONGRESS","SAVANNA 4","468","11","DEMOCRATIC","1"
"8","0","CARROLL","390","ERIC SORENSEN","410","17TH CONGRESS","SAVANNA 4","468","11","DEMOCRATIC","30"
"8","0","CARROLL","0","Over Votes","410","17TH CONGRESS","SAVANNA 4","468","11","DEMOCRATIC","0"
"8","0","CARROLL","0","Blank Ballots","410","17TH CONGRESS","SAVANNA 4","468","11","DEMOCRATIC","0"
"8","0","CARROLL","0","Under Votes","410","17TH CONGRESS","YORK","1214","11","DEMOCRATIC","1"
"8","0","CARROLL","390","ERIC SORENSEN","410","17TH CONGRESS","YORK","1214","11","DEMOCRATIC","36"
"8","0","CARROLL","0","Over Votes","410","17TH CONGRESS","YORK","1214","11","DEMOCRATIC","0"
"8","0","CARROLL","0","Under Votes","410","17TH CONGRESS","MT. CARROLL 2","695","11","DEMOCRATIC","2"
"8","0","CARROLL","390","ERIC SORENSEN","410","17TH CONGRESS","MT. CARROLL 2","695","11","DEMOCRATIC","36"
"8","0","CARROLL","0","Over Votes","410","17TH CONGRESS","MT. CARROLL 2","695","11","DEMOCRATIC","0"
"8","0","CARROLL","0","Blank Ballots","410","17TH CONGRESS","MT. CARROLL 2","695","11","DEMOCRATIC","0"
"8","0","CARROLL","0","Under Votes","410","17TH CONGRESS","WASHINGTON","240","11","DEMOCRATIC","0"
"8","0","CARROLL","390","ERIC SORENSEN","410","17TH CONGRESS","WASHINGTON","240","11","DEMOCRATIC","7"
"8","0","CARROLL","0","Over Votes","410","17TH CONGRESS","WASHINGTON","240","11","DEMOCRATIC","0"
"8","0","CARROLL","0","Blank Ballots","410","17TH CONGRESS","WASHINGTON","240","11","DEMOCRATIC","0"
"8","0","CARROLL","0","Under Votes","410","17TH CONGRESS","CHERRY GROVE SHANNON 1","474","11","DEMOCRATIC","0"
"8","0","CARROLL","390","ERIC SORENSEN","410","17TH CONGRESS","CHERRY GROVE SHANNON 1","474","11","DEMOCRATIC","16"
"8","0","CARROLL","0","Over Votes","410","17TH CONGRESS","CHERRY GROVE SHANNON 1","474","11","DEMOCRATIC","0"
"8","0","CARROLL","0","Blank Ballots","410","17TH CONGRESS","CHERRY GROVE SHANNON 1","474","11","DEMOCRATIC","0"
"8","0","CARROLL","0","Under Votes","410","17TH CONGRESS","MT. CARROLL 3","379","11","DEMOCRATIC","0"
"8","0","CARROLL","390","ERIC SORENSEN","410","17TH CONGRESS","MT. CARROLL 3","379","11","DEMOCRATIC","22"
"8","0","CARROLL","0","Over Votes","410","17TH CONGRESS","MT. CARROLL 3","379","11","DEMOCRATIC","0"
"8","0","CARROLL","0","Blank Ballots","410","17TH CONGRESS","MT. CARROLL 3","379","11","DEMOCRATIC","0"
"8","0","CARROLL","0","Under Votes","410","17TH CONGRESS","WOODLAND","203","11","DEMOCRATIC","1"
"8","0","CARROLL","390","ERIC SORENSEN","410","17TH CONGRESS","WOODLAND","203","11","DEMOCRATIC","5"
"8","0","CARROLL","0","Over Votes","410","17TH CONGRESS","WOODLAND","203","11","DEMOCRATIC","0"
"8","0","CARROLL","0","Blank Ballots","410","17TH CONGRESS","WOODLAND","203","11","DEMOCRATIC","0"
"8","0","CARROLL","0","Under Votes","410","17TH CONGRESS","CHERRY GROVE SHANNON 2","674","11","DEMOCRATIC","2"
"8","0","CARROLL","390","ERIC SORENSEN","410","17TH CONGRESS","CHERRY GROVE SHANNON 2","674","11","DEMOCRATIC","12"
"8","0","CARROLL","0","Over Votes","410","17TH CONGRESS","CHERRY GROVE SHANNON 2","674","11","DEMOCRATIC","0"
"72","0","PEORIA","0","Under Votes","410","17TH CONGRESS","PE32 - 105","0","12","","8"
"72","0","PEORIA","395","SCOTT ALAN CROWL","410","17TH CONGRESS","PE32 - 105","0","12","","19"
"72","0","PEORIA","400","JOE McGRAW","410","17TH CONGRESS","PE34 - 108","0","12","","39"
"72","0","PEORIA","0","Over Votes","410","17TH CONGRESS","PE34 - 108","0","12","","0"
"72","0","PEORIA","0","Under Votes","410","17TH CONGRESS","PE34 - 108","0","12","","11"
"72","0","PEORIA","0","Over Votes","410","17TH CONGRESS","LI02 - 32","0","12","","0"
"72","0","PEORIA","0","Under Votes","410","17TH CONGRESS","LI02 - 32","0","12","","0"
"72","0","PEORIA","395","SCOTT ALAN CROWL","410","17TH CONGRESS","LI02 - 32","0","12","","0"
"72","0","PEORIA","400","JOE McGRAW","410","17TH CONGRESS","LI02 - 32","0","12","","0"
"72","0","PEORIA","0","Over Votes","410","17TH CONGRESS","LI04 - 35","0","12","","0"
"72","0","PEORIA","0","Under Votes","410","17TH CONGRESS","LI04 - 35","0","12","","10"
"72","0","PEORIA","395","SCOTT ALAN CROWL","410","17TH CONGRESS","LI04 - 35","0","12","","25"
"72","0","PEORIA","400","JOE McGRAW","410","17TH CONGRESS","LI04 - 35","0","12","","36"
"72","0","PEORIA","0","Over Votes","410","17TH CONGRESS","LI06 - 38","0","12","","0"
"72","0","PEORIA","0","Under Votes","410","17TH CONGRESS","LI06 - 38","0","12","","1"
"72","0","PEORIA","395","SCOTT ALAN CROWL","410","17TH CONGRESS","LI06 - 38","0","12","","13"
"72","0","PEORIA","400","JOE McGRAW","410","17TH CONGRESS","LI06 - 38","0","12","","24"
"72","0","PEORIA","0","Over Votes","410","17TH CONGRESS","PE03 - 64","0","12","","0"
"72","0","PEORIA","0","Under Votes","410","17TH CONGRESS","PE03 - 64","0","12","","0"
"72","0","PEORIA","395","SCOTT ALAN CROWL","410","17TH CONGRESS","PE03 - 64","0","12","","2"
"72","0","PEORIA","400","JOE McGRAW","410","17TH CONGRESS","PE03 - 64","0","12","","4"
"72","0","PEORIA","0","Over Votes","410","17TH CONGRESS","PE05 - 67","0","12","","0"
"72","0","PEORIA","0","Under Votes","410","17TH CONGRESS","PE05 - 67","0","12","","7"
"72","0","PEORIA","395","SCOTT ALAN CROWL","410","17TH CONGRESS","PE05 - 67","0","12","","11"
"72","0","PEORIA","400","JOE McGRAW","410","17TH CONGRESS","PE05 - 67","0","12","","17"
"72","0","PEORIA","0","Over Votes","410","17TH CONGRESS","PE24 - 90","0","12","","0"
"72","0","PEORIA","400","JOE McGRAW","410","17TH CONGRESS","PE24 - 90","0","12","","15"
"72","0","PEORIA","0","Under Votes","410","17TH CONGRESS","PE24 - 90","0","12","","1"
"72","0","PEORIA","395","SCOTT ALAN CROWL","410","17TH CONGRESS","PE24 - 90","0","12","","9"
"72","0","PEORIA","0","Over Votes","410","17TH CONGRESS","PE25 - 93","0","12","","0"
"72","0","PEORIA","0","Under Votes","410","17TH CONGRESS","PE25 - 93","0","12","","2"
"72","0","PEORIA","395","SCOTT ALAN CROWL","410","17TH CONGRESS","PE25 - 93","0","12","","1"
"72","0","PEORIA","400","JOE McGRAW","410","17TH CONGRESS","PE25 - 93","0","12","","12"
"72","0","PEORIA","0","Over Votes","410","17TH CONGRESS","PE26 - 96","0","12","","0"
"72","0","PEORIA","0","Under Votes","410","17TH CONGRESS","PE26 - 96","0","12","","0"
"72","0","PEORIA","395","SCOTT ALAN CROWL","410","17TH CONGRESS","PE26 - 96","0","12","","1"
"72","0","PEORIA","400","JOE McGRAW","410","17TH CONGRESS","PE26 - 96","0","12","","1"
"72","0","PEORIA","0","Over Votes","410","17TH CONGRESS","PE42 - 119","0","12","","0"
"72","0","PEORIA","400","JOE McGRAW","410","17TH CONGRESS","PE42 - 119","0","12","","0"
"72","0","PEORIA","0","Under Votes","410","17TH CONGRESS","PE42 - 119","0","12","","0"
"72","0","PEORIA","395","SCOTT ALAN CROWL","410","17TH CONGRESS","PE42 - 119","0","12","","0"
"72","0","PEORIA","0","Over Votes","410","17TH CONGRESS","PE53 - 148","0","12","","0"
"72","0","PEORIA","400","JOE McGRAW","410","17TH CONGRESS","PE53 - 148","0","12","","20"
"72","0","PEORIA","0","Under Votes","410","17TH CONGRESS","PE53 - 148","0","12","","7"
"72","0","PEORIA","395","SCOTT ALAN CROWL","410","17TH CONGRESS","PE53 - 148","0","12","","15"
"72","0","PEORIA","0","Over Votes","410","17TH CONGRESS","PE54 - 151","0","12","","0"
"72","0","PEORIA","400","JOE McGRAW","410","17TH CONGRESS","PE54 - 151","0","12","","1"
"72","0","PEORIA","0","Under Votes","410","17TH CONGRESS","PE54 - 151","0","12","","0"
"89","0","STEPHENSON","400","JOE McGRAW","410","17TH CONGRESS","FREEPORT 15","810","12","REPUBLICAN","37"
"89","0","STEPHENSON","0","Blank Ballots","410","17TH CONGRESS","FREEPORT 15","810","12","REPUBLICAN","0"
"89","0","STEPHENSON","0","Over Votes","410","17TH CONGRESS","FREEPORT 15","810","12","REPUBLICAN","0"
"89","0","STEPHENSON","395","SCOTT ALAN CROWL","410","17TH CONGRESS","FREEPORT 6","704","12","REPUBLICAN","13"
"89","0","STEPHENSON","400","JOE McGRAW","410","17TH CONGRESS","FREEPORT 6","704","12","REPUBLICAN","29"
"89","0","STEPHENSON","0","Blank Ballots","410","17TH CONGRESS","FREEPORT 6","704","12","REPUBLICAN","0"
"89","0","STEPHENSON","0","Over Votes","410","17TH CONGRESS","FREEPORT 6","704","12","REPUBLICAN","0"
"89","0","STEPHENSON","0","Under Votes","410","17TH CONGRESS","FREEPORT 13","925","12","REPUBLICAN","8"
"89","0","STEPHENSON","395","SCOTT ALAN CROWL","410","17TH CONGRESS","FREEPORT 13","925","12","REPUBLICAN","25"
"89","0","STEPHENSON","400","JOE McGRAW","410","17TH CONGRESS","FREEPORT 13","925","12","REPUBLICAN","55"
"89","0","STEPHENSON","0","Blank Ballots","410","17TH CONGRESS","FREEPORT 13","925","12","REPUBLICAN","0"
"89","0","STEPHENSON","0","Over Votes","410","17TH CONGRESS","FREEPORT 13","925","12","REPUBLICAN","0"
"89","0","STEPHENSON","0","Under Votes","410","17TH CONGRESS","JEFFERSON","153","12","REPUBLICAN","1"
"89","0","STEPHENSON","395","SCOTT ALAN CROWL","410","17TH CONGRESS","JEFFERSON","153","12","REPUBLICAN","7"
"89","0","STEPHENSON","400","JOE McGRAW","410","17TH CONGRESS","JEFFERSON","153","12","REPUBLICAN","17"
"89","0","STEPHENSON","0","Blank Ballots","410","17TH CONGRESS","JEFFERSON","153","12","REPUBLICAN","0"
"89","0","STEPHENSON","0","Over Votes","410","17TH CONGRESS","JEFFERSON","153","12","REPUBLICAN","0"
"89","0","STEPHENSON","0","Under Votes","410","17TH CONGRESS","LANCASTER","927","12","REPUBLICAN","12"
"89","0","STEPHENSON","395","SCOTT ALAN CROWL","410","17TH CONGRESS","LANCASTER","927","12","REPUBLICAN","47"
"89","0","STEPHENSON","400","JOE McGRAW","410","17TH CONGRESS","LANCASTER","927","12","REPUBLICAN","101"
"89","0","STEPHENSON","0","Blank Ballots","410","17TH CONGRESS","LANCASTER","927","12","REPUBLICAN","0"
"89","0","STEPHENSON","0","Over Votes","410","17TH CONGRESS","LANCASTER","927","12","REPUBLICAN","0"
"89","0","STEPHENSON","0","Under Votes","410","17TH CONGRESS","FREEPORT 6","704","12","REPUBLICAN","3"
"89","0","STEPHENSON","395","SCOTT ALAN CROWL","410","17TH CONGRESS","FLORENCE","896","12","REPUBLICAN","31"
"89","0","STEPHENSON","400","JOE McGRAW","410","17TH CONGRESS","FLORENCE","896","12","REPUBLICAN","64"
"89","0","STEPHENSON","0","Blank Ballots","410","17TH CONGRESS","FLORENCE","896","12","REPUBLICAN","0"
"89","0","STEPHENSON","0","Over Votes","410","17TH CONGRESS","FLORENCE","896","12","REPUBLICAN","0"
"89","0","STEPHENSON","0","Under Votes","410","17TH CONGRESS","FREEPORT 1","547","12","REPUBLICAN","0"
"89","0","STEPHENSON","395","SCOTT ALAN CROWL","410","17TH CONGRESS","FREEPORT 1","547","12","REPUBLICAN","3"
"89","0","STEPHENSON","400","JOE McGRAW","410","17TH CONGRESS","FREEPORT 1","547","12","REPUBLICAN","9"
"89","0","STEPHENSON","0","Blank Ballots","410","17TH CONGRESS","FREEPORT 1","547","12","REPUBLICAN","0"
"89","0","STEPHENSON","0","Over Votes","410","17TH CONGRESS","FREEPORT 1","547","12","REPUBLICAN","0"
"89","0","STEPHENSON","0","Under Votes","410","17TH CONGRESS","FREEPORT 12","982","12","REPUBLICAN","14"
"89","0","STEPHENSON","395","SCOTT ALAN CROWL","410","17TH CONGRESS","FREEPORT 12","982","12","REPUBLICAN","22"
"89","0","STEPHENSON","400","JOE McGRAW","410","17TH CONGRESS","FREEPORT 12","982","12","REPUBLICAN","57"
"89","0","STEPHENSON","0","Blank Ballots","410","17TH CONGRESS","FREEPORT 12","982","12","REPUBLICAN","0"
"89","0","STEPHENSON","0","Over Votes","410","17TH CONGRESS","FREEPORT 12","982","12","REPUBLICAN","0"
"89","0","STEPHENSON","0","Under Votes","410","17TH CONGRESS","FREEPORT 11","802","12","REPUBLICAN","3"
"89","0","STEPHENSON","395","SCOTT ALAN CROWL","410","17TH CONGRESS","FREEPORT 11","802","12","REPUBLICAN","18"
"89","0","STEPHENSON","400","JOE McGRAW","410","17TH CONGRESS","FREEPORT 11","802","12","REPUBLICAN","46"
"89","0","STEPHENSON","0","Blank Ballots","410","17TH CONGRESS","FREEPORT 11","802","12","REPUBLICAN","0"
"89","0","STEPHENSON","0","Over Votes","410","17TH CONGRESS","FREEPORT 11","802","12","REPUBLICAN","0"
"89","0","STEPHENSON","0","Over Votes","410","17TH CONGRESS","FREEPORT 5","609","12","REPUBLICAN","0"
"89","0","STEPHENSON","0","Under Votes","410","17TH CONGRESS","FREEPORT 16","1188","12","REPUBLICAN","11"
"89","0","STEPHENSON","395","SCOTT ALAN CROWL","410","17TH CONGRESS","FREEPORT 16","1188","12","REPUBLICAN","41"
"89","0","STEPHENSON","400","JOE McGRAW","410","17TH CONGRESS","FREEPORT 16","1188","12","REPUBLICAN","99"
"89","0","STEPHENSON","0","Blank Ballots","410","17TH CONGRESS","FREEPORT 16","1188","12","REPUBLICAN","0"
"89","0","STEPHENSON","0","Over Votes","410","17TH CONGRESS","FREEPORT 16","1188","12","REPUBLICAN","0"
"89","0","STEPHENSON","0","Under Votes","410","17TH CONGRESS","FREEPORT 5","609","12","REPUBLICAN","1"
"89","0","STEPHENSON","395","SCOTT ALAN CROWL","410","17TH CONGRESS","FREEPORT 5","609","12","REPUBLICAN","20"
"89","0","STEPHENSON","400","JOE McGRAW","410","17TH CONGRESS","FREEPORT 5","609","12","REPUBLICAN","19"
"89","0","STEPHENSON","0","Blank Ballots","410","17TH CONGRESS","FREEPORT 5","609","12","REPUBLICAN","0"
"89","0","STEPHENSON","0","Under Votes","410","17TH CONGRESS","LORAN","882","12","REPUBLICAN","6"
"89","0","STEPHENSON","395","SCOTT ALAN CROWL","410","17TH CONGRESS","LORAN","882","12","REPUBLICAN","49"
"89","0","STEPHENSON","400","JOE McGRAW","410","17TH CONGRESS","LORAN","882","12","REPUBLICAN","75"
"89","0","STEPHENSON","0","Blank Ballots","410","17TH CONGRESS","LORAN","882","12","REPUBLICAN","0"
"89","0","STEPHENSON","0","Over Votes","410","17TH CONGRESS","LORAN","882","12","REPUBLICAN","0"
"89","0","STEPHENSON","0","Under Votes","410","17TH CONGRESS","WEST POINT 1","1120","12","REPUBLICAN","0"
"89","0","STEPHENSON","395","SCOTT ALAN CROWL","410","17TH CONGRESS","WEST POINT 1","1120","12","REPUBLICAN","0"
"89","0","STEPHENSON","400","JOE McGRAW","410","17TH CONGRESS","WEST POINT 1","1120","12","REPUBLICAN","0"
"89","0","STEPHENSON","0","Blank Ballots","410","17TH CONGRESS","WEST POINT 1","1120","12","REPUBLICAN","0"
"89","0","STEPHENSON","0","Over Votes","410","17TH CONGRESS","WEST POINT 1","1120","12","REPUBLICAN","0"
"89","0","STEPHENSON","0","Under Votes","410","17TH CONGRESS","FLORENCE","896","12","REPUBLICAN","13"
"89","0","STEPHENSON","0","Under Votes","410","17TH CONGRESS","SILVER CREEK","429","12","REPUBLICAN","3"
"89","0","STEPHENSON","395","SCOTT ALAN CROWL","410","17TH CONGRESS","SILVER CREEK","429","12","REPUBLICAN","27"
"89","0","STEPHENSON","400","JOE McGRAW","410","17TH CONGRESS","SILVER CREEK","429","12","REPUBLICAN","34"
"89","0","STEPHENSON","0","Blank Ballots","410","17TH CONGRESS","SILVER CREEK","429","12","REPUBLICAN","0"
"89","0","STEPHENSON","0","Over Votes","410","17TH CONGRESS","SILVER CREEK","429","12","REPUBLICAN","0"
"89","0","STEPHENSON","0","Under Votes","410","17TH CONGRESS","ERIN","258","12","REPUBLICAN","5"
"89","0","STEPHENSON","395","SCOTT ALAN CROWL","410","17TH CONGRESS","ERIN","258","12","REPUBLICAN","10"
"89","0","STEPHENSON","400","JOE McGRAW","410","17TH CONGRESS","ERIN","258","12","REPUBLICAN","24"
"89","0","STEPHENSON","0","Blank Ballots","410","17TH CONGRESS","ERIN","258","12","REPUBLICAN","0"
"89","0","STEPHENSON","0","Over Votes","410","17TH CONGRESS","ERIN","258","12","REPUBLICAN","0"
"89","0","STEPHENSON","0","Under Votes","410","17TH CONGRESS","FREEPORT 2","625","12","REPUBLICAN","1"
"89","0","STEPHENSON","395","SCOTT ALAN CROWL","410","17TH CONGRESS","FREEPORT 2","625","12","REPUBLICAN","8"
"89","0","STEPHENSON","400","JOE McGRAW","410","17TH CONGRESS","FREEPORT 2","625","12","REPUBLICAN","18"
"89","0","STEPHENSON","0","Blank Ballots","410","17TH CONGRESS","FREEPORT 2","625","12","REPUBLICAN","0"
"89","0","STEPHENSON","0","Over Votes","410","17TH CONGRESS","FREEPORT 2","625","12","REPUBLICAN","0"
"89","0","STEPHENSON","0","Under Votes","410","17TH CONGRESS","FREEPORT 9","899","12","REPUBLICAN","16"
"89","0","STEPHENSON","395","SCOTT ALAN CROWL","410","17TH CONGRESS","FREEPORT 9","899","12","REPUBLICAN","35"
"89","0","STEPHENSON","400","JOE McGRAW","410","17TH CONGRESS","FREEPORT 9","899","12","REPUBLICAN","73"
"89","0","STEPHENSON","0","Blank Ballots","410","17TH CONGRESS","FREEPORT 9","899","12","REPUBLICAN","0"
"89","0","STEPHENSON","0","Over Votes","410","17TH CONGRESS","FREEPORT 9","899","12","REPUBLICAN","0"
"89","0","STEPHENSON","0","Under Votes","410","17TH CONGRESS","HARLEM 1","807","12","REPUBLICAN","16"
"72","0","PEORIA","0","Over Votes","410","17TH CONGRESS","PE38 - 113","0","11","","0"
"72","0","PEORIA","390","ERIC SORENSEN","410","17TH CONGRESS","PE38 - 113","0","11","","45"
"72","0","PEORIA","0","Under Votes","410","17TH CONGRESS","PE38 - 113","0","11","","3"
"72","0","PEORIA","0","Over Votes","410","17TH CONGRESS","PE40 - 116","0","11","","0"
"72","0","PEORIA","390","ERIC SORENSEN","410","17TH CONGRESS","PE40 - 116","0","11","","78"
"72","0","PEORIA","0","Under Votes","410","17TH CONGRESS","PE40 - 116","0","11","","1"
"72","0","PEORIA","0","Over Votes","410","17TH CONGRESS","RI01 - 177","0","11","","0"
"72","0","PEORIA","390","ERIC SORENSEN","410","17TH CONGRESS","RI01 - 177","0","11","","66"
"72","0","PEORIA","0","Under Votes","410","17TH CONGRESS","RI01 - 177","0","11","","2"
"72","0","PEORIA","0","Over Votes","410","17TH CONGRESS","EL02 - 10","0","11","","0"
"72","0","PEORIA","0","Under Votes","410","17TH CONGRESS","EL02 - 10","0","11","","3"
"72","0","PEORIA","390","ERIC SORENSEN","410","17TH CONGRESS","EL02 - 10","0","11","","22"
"72","0","PEORIA","0","Over Votes","410","17TH CONGRESS","LI03 - 33","0","11","","0"
"72","0","PEORIA","0","Under Votes","410","17TH CONGRESS","LI03 - 33","0","11","","1"
"72","0","PEORIA","390","ERIC SORENSEN","410","17TH CONGRESS","LI03 - 33","0","11","","52"
"72","0","PEORIA","0","Over Votes","410","17TH CONGRESS","LI05 - 36","0","11","","0"
"72","0","PEORIA","0","Under Votes","410","17TH CONGRESS","LI05 - 36","0","11","","2"
"72","0","PEORIA","390","ERIC SORENSEN","410","17TH CONGRESS","LI05 - 36","0","11","","58"
"72","0","PEORIA","0","Over Votes","410","17TH CONGRESS","LI06 - 39","0","11","","0"
"72","0","PEORIA","0","Under Votes","410","17TH CONGRESS","LI06 - 39","0","11","","0"
"72","0","PEORIA","390","ERIC SORENSEN","410","17TH CONGRESS","LI06 - 39","0","11","","8"
"72","0","PEORIA","0","Over Votes","410","17TH CONGRESS","LI07 - 42","0","11","","0"
"72","0","PEORIA","0","Under Votes","410","17TH CONGRESS","LI07 - 42","0","11","","0"
"72","0","PEORIA","390","ERIC SORENSEN","410","17TH CONGRESS","LI07 - 42","0","11","","8"
"72","0","PEORIA","0","Under Votes","410","17TH CONGRESS","PE01 - 62","0","11","","5"
"72","0","PEORIA","0","Over Votes","410","17TH CONGRESS","PE01 - 62","0","11","","0"
"72","0","PEORIA","390","ERIC SORENSEN","410","17TH CONGRESS","PE01 - 62","0","11","","41"
"72","0","PEORIA","0","Over Votes","410","17TH CONGRESS","PE03 - 65","0","11","","0"
"72","0","PEORIA","0","Under Votes","410","17TH CONGRESS","PE03 - 65","0","11","","5"
"72","0","PEORIA","390","ERIC SORENSEN","410","17TH CONGRESS","PE03 - 65","0","11","","27"
"72","0","PEORIA","0","Over Votes","410","17TH CONGRESS","PE06 - 68","0","11","","0"
"72","0","PEORIA","0","Under Votes","410","17TH CONGRESS","PE06 - 68","0","11","","13"
"72","0","PEORIA","390","ERIC SORENSEN","410","17TH CONGRESS","PE06 - 68","0","11","","88"
"72","0","PEORIA","0","Over Votes","410","17TH CONGRESS","PE08 - 71","0","11","","0"
"72","0","PEORIA","0","Under Votes","410","17TH CONGRESS","PE08 - 71","0","11","","2"
"72","0","PEORIA","390","ERIC SORENSEN","410","17TH CONGRESS","PE08 - 71","0","11","","18"
"72","0","PEORIA","0","Over Votes","410","17TH CONGRESS","PE26 - 94","0","11","","0"
"72","0","PEORIA","0","Under Votes","410","17TH CONGRESS","PE26 - 94","0","11","","2"
"72","0","PEORIA","390","ERIC SORENSEN","410","17TH CONGRESS","PE26 - 94","0","11","","41"
"72","0","PEORIA","0","Over Votes","410","17TH CONGRESS","PE27 - 97","0","11","","0"
"72","0","PEORIA","0","Under Votes","410","17TH CONGRESS","PE27 - 97","0","11","","6"
"72","0","PEORIA","390","ERIC SORENSEN","410","17TH CONGRESS","PE27 - 97","0","11","","105"
"72","0","PEORIA","0","Over Votes","410","17TH CONGRESS","PE28 - 100","0","11","","0"
"72","0","PEORIA","0","Under Votes","410","17TH CONGRESS","PE28 - 100","0","11","","0"
"72","0","PEORIA","390","ERIC SORENSEN","410","17TH CONGRESS","PE28 - 100","0","11","","18"
"72","0","PEORIA","0","Over Votes","410","17TH CONGRESS","PE46 - 126","0","11","","0"
"72","0","PEORIA","390","ERIC SORENSEN","410","17TH CONGRESS","PE46 - 126","0","11","","96"
"72","0","PEORIA","0","Under Votes","410","17TH CONGRESS","PE46 - 126","0","11","","13"
"110","101","CITY OF ROCKFORD","390","ERIC SORENSEN","410","17TH CONGRESS","WARD 5 PRECINCT 1","898","11","DEMOCRATIC","81"
"110","101","CITY OF ROCKFORD","0","Under Votes","410","17TH CONGRESS","WARD 5 PRECINCT 1","898","11","DEMOCRATIC","5"
"110","101","CITY OF ROCKFORD","0","Over Votes","410","17TH CONGRESS","WARD 6 PRECINCT 3","1427","11","DEMOCRATIC","0"
"110","101","CITY OF ROCKFORD","390","ERIC SORENSEN","410","17TH CONGRESS","WARD 6 PRECINCT 3","1427","11","DEMOCRATIC","35"
"110","101","CITY OF ROCKFORD","0","Under Votes","410","17TH CONGRESS","WARD 6 PRECINCT 3","1427","11","DEMOCRATIC","1"
"110","101","CITY OF ROCKFORD","0","Over Votes","410","17TH CONGRESS","WARD 7 PRECINCT 1","914","11","DEMOCRATIC","0"
"110","101","CITY OF ROCKFORD","390","ERIC SORENSEN","410","17TH CONGRESS","WARD 7 PRECINCT 1","914","11","DEMOCRATIC","46"
"110","101","CITY OF ROCKFORD","0","Under Votes","410","17TH CONGRESS","WARD 7 PRECINCT 1","914","11","DEMOCRATIC","6"
"110","101","CITY OF ROCKFORD","0","Over Votes","410","17TH CONGRESS","WARD 8 PRECINCT 4","1025","11","DEMOCRATIC","0"
"110","101","CITY OF ROCKFORD","0","Under Votes","410","17TH CONGRESS","WARD 8 PRECINCT 4","1025","11","DEMOCRATIC","1"
"110","101","CITY OF ROCKFORD","390","ERIC SORENSEN","410","17TH CONGRESS","WARD 8 PRECINCT 4","1025","11","DEMOCRATIC","66"
"110","101","CITY OF ROCKFORD","0","Over Votes","410","17TH CONGRESS","WARD 10 PRECINCT 1","1005","11","DEMOCRATIC","0"
"110","101","CITY OF ROCKFORD","0","Under Votes","410","17TH CONGRESS","WARD 10 PRECINCT 1","1005","11","DEMOCRATIC","0"
"110","101","CITY OF ROCKFORD","390","ERIC SORENSEN","410","17TH CONGRESS","WARD 10 PRECINCT 1","1005","11","DEMOCRATIC","45"
"110","101","CITY OF ROCKFORD","0","Over Votes","410","17TH CONGRESS","WARD 10 PRECINCT 2","904","11","DEMOCRATIC","0"
"110","101","CITY OF ROCKFORD","0","Under Votes","410","17TH CONGRESS","WARD 10 PRECINCT 2","904","11","DEMOCRATIC","5"
"110","101","CITY OF ROCKFORD","390","ERIC SORENSEN","410","17TH CONGRESS","WARD 10 PRECINCT 2","904","11","DEMOCRATIC","58"
"110","101","CITY OF ROCKFORD","0","Over Votes","410","17TH CONGRESS","WARD 11 PRECINCT 4","1060","11","DEMOCRATIC","0"
"110","101","CITY OF ROCKFORD","0","Under Votes","410","17TH CONGRESS","WARD 11 PRECINCT 4","1060","11","DEMOCRATIC","0"
"110","101","CITY OF ROCKFORD","390","ERIC SORENSEN","410","17TH CONGRESS","WARD 11 PRECINCT 4","1060","11","DEMOCRATIC","30"
"110","101","CITY OF ROCKFORD","0","Over Votes","410","17TH CONGRESS","WARD 12 PRECINCT 1","1028","11","DEMOCRATIC","0"
"110","101","CITY OF ROCKFORD","0","Under Votes","410","17TH CONGRESS","WARD 12 PRECINCT 1","1028","11","DEMOCRATIC","1"
"110","101","CITY OF ROCKFORD","390","ERIC SORENSEN","410","17TH CONGRESS","WARD 12 PRECINCT 1","1028","11","DEMOCRATIC","106"
"110","101","CITY OF ROCKFORD","390","ERIC SORENSEN","410","17TH CONGRESS","WARD 14 PRECINCT 6","1007","11","DEMOCRATIC","54"
"110","101","CITY OF ROCKFORD","0","Over Votes","410","17TH CONGRESS","WARD 14 PRECINCT 3","1208","11","DEMOCRATIC","0"
"110","101","CITY OF ROCKFORD","390","ERIC SORENSEN","410","17TH CONGRESS","WARD 14 PRECINCT 3","1208","11","DEMOCRATIC","77"
"110","101","CITY OF ROCKFORD","0","Under Votes","410","17TH CONGRESS","WARD 14 PRECINCT 3","1208","11","DEMOCRATIC","5"
"110","101","CITY OF ROCKFORD","0","Over Votes","410","17TH CONGRESS","WARD 6 PRECINCT 2","986","11","DEMOCRATIC","0"
"110","101","CITY OF ROCKFORD","0","Under Votes","410","17TH CONGRESS","WARD 6 PRECINCT 2","986","11","DEMOCRATIC","1"
"110","101","CITY OF ROCKFORD","390","ERIC SORENSEN","410","17TH CONGRESS","WARD 6 PRECINCT 2","986","11","DEMOCRATIC","35"
"110","101","CITY OF ROCKFORD","0","Over Votes","410","17TH CONGRESS","WARD 7 PRECINCT 5","898","11","DEMOCRATIC","0"
"110","101","CITY OF ROCKFORD","0","Under Votes","410","17TH CONGRESS","WARD 7 PRECINCT 5","898","11","DEMOCRATIC","6"
"110","101","CITY OF ROCKFORD","390","ERIC SORENSEN","410","17TH CONGRESS","WARD 7 PRECINCT 5","898","11","DEMOCRATIC","55"
"110","101","CITY OF ROCKFORD","0","Over Votes","410","17TH CONGRESS","WARD 9 PRECINCT 5","1018","11","DEMOCRATIC","0"
"110","101","CITY OF ROCKFORD","0","Under Votes","410","17TH CONGRESS","WARD 9 PRECINCT 5","1018","11","DEMOCRATIC","4"
"110","101","CITY OF ROCKFORD","390","ERIC SORENSEN","410","17TH CONGRESS","WARD 9 PRECINCT 5","1018","11","DEMOCRATIC","75"
"110","101","CITY OF ROCKFORD","0","Over Votes","410","17TH CONGRESS","WARD 10 PRECINCT 7","1247","11","DEMOCRATIC","0"
"110","101","CITY OF ROCKFORD","0","Under Votes","410","17TH CONGRESS","WARD 10 PRECINCT 7","1247","11","DEMOCRATIC","12"
"110","101","CITY OF ROCKFORD","390","ERIC SORENSEN","410","17TH CONGRESS","WARD 10 PRECINCT 7","1247","11","DEMOCRATIC","69"
"110","101","CITY OF ROCKFORD","0","Over Votes","410","17TH CONGRESS","WARD 11 PRECINCT 1","1048","11","DEMOCRATIC","0"
"110","101","CITY OF ROCKFORD","0","Under Votes","410","17TH CONGRESS","WARD 11 PRECINCT 1","1048","11","DEMOCRATIC","5"
"110","101","CITY OF ROCKFORD","390","ERIC SORENSEN","410","17TH CONGRESS","WARD 11 PRECINCT 1","1048","11","DEMOCRATIC","41"
"110","101","CITY OF ROCKFORD","0","Over Votes","410","17TH CONGRESS","WARD 11 PRECINCT 2","1200","11","DEMOCRATIC","0"
"110","101","CITY OF ROCKFORD","0","Under Votes","410","17TH CONGRESS","WARD 11 PRECINCT 2","1200","11","DEMOCRATIC","5"
"110","101","CITY OF ROCKFORD","390","ERIC SORENSEN","410","17TH CONGRESS","WARD 11 PRECINCT 2","1200","11","DEMOCRATIC","41"
"110","101","CITY OF ROCKFORD","0","Over Votes","410","17TH CONGRESS","WARD 12 PRECINCT 5","951","11","DEMOCRATIC","0"
"110","101","CITY OF ROCKFORD","390","ERIC SORENSEN","410","17TH CONGRESS","WARD 12 PRECINCT 5","951","11","DEMOCRATIC","51"
"110","101","CITY OF ROCKFORD","0","Under Votes","410","17TH CONGRESS","WARD 12 PRECINCT 5","951","11","DEMOCRATIC","4"
"110","101","CITY OF ROCKFORD","0","Over Votes","410","17TH CONGRESS","WARD 14 PRECINCT 4","1077","11","DEMOCRATIC","0"
"110","101","CITY OF ROCKFORD","390","ERIC SORENSEN","410","17TH CONGRESS","WARD 14 PRECINCT 4","1077","11","DEMOCRATIC","73"
"110","101","CITY OF ROCKFORD","0","Under Votes","410","17TH CONGRESS","WARD 14 PRECINCT 4","1077","11","DEMOCRATIC","7"
"110","101","CITY OF ROCKFORD","0","Over Votes","410","17TH CONGRESS","WARD 2 PRECINCT 3","958","11","DEMOCRATIC","0"
"110","101","CITY OF ROCKFORD","390","ERIC SORENSEN","410","17TH CONGRESS","WARD 2 PRECINCT 3","958","11","DEMOCRATIC","86"
"110","101","CITY OF ROCKFORD","0","Under Votes","410","17TH CONGRESS","WARD 2 PRECINCT 3","958","11","DEMOCRATIC","7"
"110","101","CITY OF ROCKFORD","0","Over Votes","410","17TH CONGRESS","WARD 3 PRECINCT 6","1213","11","DEMOCRATIC","0"
"110","101","CITY OF ROCKFORD","390","ERIC SORENSEN","410","17TH CONGRESS","WARD 3 PRECINCT 6","1213","11","DEMOCRATIC","94"
"110","101","CITY OF ROCKFORD","0","Under Votes","410","17TH CONGRESS","WARD 3 PRECINCT 6","1213","11","DEMOCRATIC","5"
"110","101","CITY OF ROCKFORD","0","Over Votes","410","17TH CONGRESS","WARD 5 PRECINCT 2","1021","11","DEMOCRATIC","0"
"110","101","CITY OF ROCKFORD","390","ERIC SORENSEN","410","17TH CONGRESS","WARD 5 PRECINCT 2","1021","11","DEMOCRATIC","46"
"110","101","CITY OF ROCKFORD","0","Under Votes","410","17TH CONGRESS","WARD 5 PRECINCT 2","1021","11","DEMOCRATIC","1"
"110","101","CITY OF ROCKFORD","0","Over Votes","410","17TH CONGRESS","WARD 5 PRECINCT 3","1088","11","DEMOCRATIC","0"
"110","101","CITY OF ROCKFORD","390","ERIC SORENSEN","410","17TH CONGRESS","WARD 5 PRECINCT 3","1088","11","DEMOCRATIC","56"
"110","101","CITY OF ROCKFORD","0","Under Votes","410","17TH CONGRESS","WARD 5 PRECINCT 3","1088","11","DEMOCRATIC","2"
"110","101","CITY OF ROCKFORD","0","Over Votes","410","17TH CONGRESS","WARD 7 PRECINCT 2","834","11","DEMOCRATIC","0"
"110","101","CITY OF ROCKFORD","390","ERIC SORENSEN","410","17TH CONGRESS","WARD 7 PRECINCT 2","834","11","DEMOCRATIC","40"
"110","101","CITY OF ROCKFORD","0","Under Votes","410","17TH CONGRESS","WARD 7 PRECINCT 2","834","11","DEMOCRATIC","4"
"110","101","CITY OF ROCKFORD","0","Over Votes","410","17TH CONGRESS","WARD 8 PRECINCT 6","1189","11","DEMOCRATIC","0"
"110","101","CITY OF ROCKFORD","390","ERIC SORENSEN","410","17TH CONGRESS","WARD 8 PRECINCT 6","1189","11","DEMOCRATIC","49"
"110","101","CITY OF ROCKFORD","0","Under Votes","410","17TH CONGRESS","WARD 8 PRECINCT 6","1189","11","DEMOCRATIC","4"
"110","101","CITY OF ROCKFORD","0","Over Votes","410","17TH CONGRESS","WARD 10 PRECINCT 3","1060","11","DEMOCRATIC","0"
"110","101","CITY OF ROCKFORD","390","ERIC SORENSEN","410","17TH CONGRESS","WARD 10 PRECINCT 3","1060","11","DEMOCRATIC","67"
"110","101","CITY OF ROCKFORD","0","Under Votes","410","17TH CONGRESS","WARD 10 PRECINCT 3","1060","11","DEMOCRATIC","3"
"110","101","CITY OF ROCKFORD","0","Over Votes","410","17TH CONGRESS","WARD 10 PRECINCT 5","926","11","DEMOCRATIC","0"
"110","101","CITY OF ROCKFORD","390","ERIC SORENSEN","410","17TH CONGRESS","WARD 10 PRECINCT 5","926","11","DEMOCRATIC","53"
"81","0","ROCK ISLAND","0","Under Votes","410","17TH CONGRESS","SO MOLINE 15","540","12","REPUBLICAN","0"
"81","0","ROCK ISLAND","0","Over Votes","410","17TH CONGRESS","SO MOLINE 15","540","12","REPUBLICAN","0"
"81","0","ROCK ISLAND","395","SCOTT ALAN CROWL","410","17TH CONGRESS","SO MOLINE 15","540","12","REPUBLICAN","7"
"81","0","ROCK ISLAND","400","JOE McGRAW","410","17TH CONGRESS","MOLINE 12","409","12","REPUBLICAN","8"
"81","0","ROCK ISLAND","0","Under Votes","410","17TH CONGRESS","MOLINE 12","409","12","REPUBLICAN","0"
"81","0","ROCK ISLAND","395","SCOTT ALAN CROWL","410","17TH CONGRESS","MOLINE 12","409","12","REPUBLICAN","8"
"81","0","ROCK ISLAND","0","Over Votes","410","17TH CONGRESS","MOLINE 12","409","12","REPUBLICAN","0"
"81","0","ROCK ISLAND","0","Blank Ballots","410","17TH CONGRESS","MOLINE 12","409","12","REPUBLICAN","0"
"81","0","ROCK ISLAND","0","Blank Ballots","410","17TH CONGRESS","MOLINE 15","616","12","REPUBLICAN","0"
"81","0","ROCK ISLAND","400","JOE McGRAW","410","17TH CONGRESS","MOLINE 15","616","12","REPUBLICAN","10"
"81","0","ROCK ISLAND","0","Under Votes","410","17TH CONGRESS","MOLINE 15","616","12","REPUBLICAN","0"
"81","0","ROCK ISLAND","395","SCOTT ALAN CROWL","410","17TH CONGRESS","MOLINE 15","616","12","REPUBLICAN","2"
"81","0","ROCK ISLAND","0","Over Votes","410","17TH CONGRESS","MOLINE 15","616","12","REPUBLICAN","0"
"81","0","ROCK ISLAND","0","Blank Ballots","410","17TH CONGRESS","MOLINE 18","709","12","REPUBLICAN","2"
"81","0","ROCK ISLAND","400","JOE McGRAW","410","17TH CONGRESS","MOLINE 18","709","12","REPUBLICAN","22"
"81","0","ROCK ISLAND","0","Under Votes","410","17TH CONGRESS","MOLINE 18","709","12","REPUBLICAN","0"
"81","0","ROCK ISLAND","0","Over Votes","410","17TH CONGRESS","MOLINE 18","709","12","REPUBLICAN","0"
"81","0","ROCK ISLAND","395","SCOTT ALAN CROWL","410","17TH CONGRESS","MOLINE 18","709","12","REPUBLICAN","11"
"81","0","ROCK ISLAND","0","Blank Ballots","410","17TH CONGRESS","SO ROCK ISLAND 13","916","12","REPUBLICAN","8"
"81","0","ROCK ISLAND","400","JOE McGRAW","410","17TH CONGRESS","SO ROCK ISLAND 13","916","12","REPUBLICAN","31"
"81","0","ROCK ISLAND","0","Under Votes","410","17TH CONGRESS","SO ROCK ISLAND 13","916","12","REPUBLICAN","0"
"81","0","ROCK ISLAND","395","SCOTT ALAN CROWL","410","17TH CONGRESS","SO ROCK ISLAND 13","916","12","REPUBLICAN","19"
"81","0","ROCK ISLAND","0","Over Votes","410","17TH CONGRESS","SO ROCK ISLAND 13","916","12","REPUBLICAN","0"
"81","0","ROCK ISLAND","0","Blank Ballots","410","17TH CONGRESS","SO ROCK ISLAND 16","341","12","REPUBLICAN","0"
"81","0","ROCK ISLAND","400","JOE McGRAW","410","17TH CONGRESS","SO ROCK ISLAND 16","341","12","REPUBLICAN","4"
"81","0","ROCK ISLAND","0","Under Votes","410","17TH CONGRESS","SO ROCK ISLAND 16","341","12","REPUBLICAN","0"
"81","0","ROCK ISLAND","395","SCOTT ALAN CROWL","410","17TH CONGRESS","SO ROCK ISLAND 16","341","12","REPUBLICAN","3"
"81","0","ROCK ISLAND","0","Over Votes","410","17TH CONGRESS","SO ROCK ISLAND 16","341","12","REPUBLICAN","0"
"81","0","ROCK ISLAND","0","Blank Ballots","410","17TH CONGRESS","COAL VALLEY 2","685","12","REPUBLICAN","1"
"81","0","ROCK ISLAND","400","JOE McGRAW","410","17TH CONGRESS","COAL VALLEY 2","685","12","REPUBLICAN","17"
"81","0","ROCK ISLAND","0","Under Votes","410","17TH CONGRESS","COAL VALLEY 2","685","12","REPUBLICAN","0"
"81","0","ROCK ISLAND","395","SCOTT ALAN CROWL","410","17TH CONGRESS","COAL VALLEY 2","685","12","REPUBLICAN","10"
"81","0","ROCK ISLAND","0","Over Votes","410","17TH CONGRESS","COAL VALLEY 2","685","12","REPUBLICAN","0"
"81","0","ROCK ISLAND","0","Blank Ballots","410","17TH CONGRESS","RURAL","765","12","REPUBLICAN","9"
"81","0","ROCK ISLAND","400","JOE McGRAW","410","17TH CONGRESS","RURAL","765","12","REPUBLICAN","37"
"81","0","ROCK ISLAND","0","Under Votes","410","17TH CONGRESS","RURAL","765","12","REPUBLICAN","0"
"81","0","ROCK ISLAND","395","SCOTT ALAN CROWL","410","17TH CONGRESS","RURAL","765","12","REPUBLICAN","43"
"81","0","ROCK ISLAND","0","Over Votes","410","17TH CONGRESS","RURAL","765","12","REPUBLICAN","0"
"81","0","ROCK ISLAND","0","Blank Ballots","410","17TH CONGRESS","CORDOVA","632","12","REPUBLICAN","8"
"81","0","ROCK ISLAND","400","JOE McGRAW","410","17TH CONGRESS","CORDOVA","632","12","REPUBLICAN","38"
"81","0","ROCK ISLAND","0","Under Votes","410","17TH CONGRESS","CORDOVA","632","12","REPUBLICAN","0"
"81","0","ROCK ISLAND","0","Over Votes","410","17TH CONGRESS","CORDOVA","632","12","REPUBLICAN","0"
"81","0","ROCK ISLAND","395","SCOTT ALAN CROWL","410","17TH CONGRESS","CORDOVA","632","12","REPUBLICAN","28"
"81","0","ROCK ISLAND","0","Blank Ballots","410","17TH CONGRESS","COE","1304","12","REPUBLICAN","16"
"81","0","ROCK ISLAND","400","JOE McGRAW","410","17TH CONGRESS","COE","1304","12","REPUBLICAN","87"
"81","0","ROCK ISLAND","0","Under Votes","410","17TH CONGRESS","COE","1304","12","REPUBLICAN","0"
"81","0","ROCK ISLAND","395","SCOTT ALAN CROWL","410","17TH CONGRESS","COE","1304","12","REPUBLICAN","47"
"81","0","ROCK ISLAND","0","Over Votes","410","17TH CONGRESS","COE","1304","12","REPUBLICAN","0"
"81","0","ROCK ISLAND","0","Blank Ballots","410","17TH CONGRESS","HAMPTON 14","1034","12","REPUBLICAN","5"
"81","0","ROCK ISLAND","400","JOE McGRAW","410","17TH CONGRESS","HAMPTON 14","1034","12","REPUBLICAN","19"
"81","0","ROCK ISLAND","0","Under Votes","410","17TH CONGRESS","HAMPTON 14","1034","12","REPUBLICAN","0"
"81","0","ROCK ISLAND","395","SCOTT ALAN CROWL","410","17TH CONGRESS","HAMPTON 14","1034","12","REPUBLICAN","19"
"81","0","ROCK ISLAND","0","Over Votes","410","17TH CONGRESS","HAMPTON 14","1034","12","REPUBLICAN","0"
"81","0","ROCK ISLAND","0","Blank Ballots","410","17TH CONGRESS","HAMPTON 17","1003","12","REPUBLICAN","6"
"81","0","ROCK ISLAND","400","JOE McGRAW","410","17TH CONGRESS","HAMPTON 17","1003","12","REPUBLICAN","29"
"81","0","ROCK ISLAND","0","Under Votes","410","17TH CONGRESS","HAMPTON 17","1003","12","REPUBLICAN","0"
"81","0","ROCK ISLAND","395","SCOTT ALAN CROWL","410","17TH CONGRESS","HAMPTON 17","1003","12","REPUBLICAN","15"
"81","0","ROCK ISLAND","0","Over Votes","410","17TH CONGRESS","HAMPTON 17","1003","12","REPUBLICAN","0"
"81","0","ROCK ISLAND","0","Blank Ballots","410","17TH CONGRESS","SO MOLINE 19","898","12","REPUBLICAN","5"
"81","0","ROCK ISLAND","400","JOE McGRAW","410","17TH CONGRESS","SO MOLINE 19","898","12","REPUBLICAN","20"
"81","0","ROCK ISLAND","0","Under Votes","410","17TH CONGRESS","SO MOLINE 19","898","12","REPUBLICAN","0"
"81","0","ROCK ISLAND","395","SCOTT ALAN CROWL","410","17TH CONGRESS","SO MOLINE 19","898","12","REPUBLICAN","8"
"81","0","ROCK ISLAND","0","Over Votes","410","17TH CONGRESS","SO MOLINE 19","898","12","REPUBLICAN","0"
"81","0","ROCK ISLAND","400","JOE McGRAW","410","17TH CONGRESS","SO MOLINE 22","811","12","REPUBLICAN","12"
"81","0","ROCK ISLAND","0","Under Votes","410","17TH CONGRESS","SO MOLINE 22","811","12","REPUBLICAN","0"
"81","0","ROCK ISLAND","0","Over Votes","410","17TH CONGRESS","SO MOLINE 22","811","12","REPUBLICAN","0"
"81","0","ROCK ISLAND","395","SCOTT ALAN CROWL","410","17TH CONGRESS","SO MOLINE 22","811","12","REPUBLICAN","14"
"81","0","ROCK ISLAND","0","Blank Ballots","410","17TH CONGRESS","SO MOLINE 22","811","12","REPUBLICAN","6"
"81","0","ROCK ISLAND","400","JOE McGRAW","410","17TH CONGRESS","SO MOLINE 25","452","12","REPUBLICAN","18"
"81","0","ROCK ISLAND","0","Under Votes","410","17TH CONGRESS","SO MOLINE 25","452","12","REPUBLICAN","0"
"81","0","ROCK ISLAND","395","SCOTT ALAN CROWL","410","17TH CONGRESS","SO MOLINE 25","452","12","REPUBLICAN","15"
"81","0","ROCK ISLAND","0","Over Votes","410","17TH CONGRESS","SO MOLINE 25","452","12","REPUBLICAN","0"
"81","0","ROCK ISLAND","0","Blank Ballots","410","17TH CONGRESS","SO MOLINE 25","452","12","REPUBLICAN","6"
"81","0","ROCK ISLAND","400","JOE McGRAW","410","17TH CONGRESS","SO MOLINE 28","803","12","REPUBLICAN","31"
"81","0","ROCK ISLAND","0","Under Votes","410","17TH CONGRESS","SO MOLINE 28","803","12","REPUBLICAN","0"
"81","0","ROCK ISLAND","395","SCOTT ALAN CROWL","410","17TH CONGRESS","SO MOLINE 28","803","12","REPUBLICAN","20"
"81","0","ROCK ISLAND","0","Over Votes","410","17TH CONGRESS","SO MOLINE 28","803","12","REPUBLICAN","0"
"81","0","ROCK ISLAND","0","Over Votes","410","17TH CONGRESS","HAMPTON 15","834","12","REPUBLICAN","0"
"81","0","ROCK ISLAND","0","Blank Ballots","410","17TH CONGRESS","HAMPTON 15","834","12","REPUBLICAN","6"
"81","0","ROCK ISLAND","400","JOE McGRAW","410","17TH CONGRESS","SO MOLINE 1","665","12","REPUBLICAN","11"
"81","0","ROCK ISLAND","0","Under Votes","410","17TH CONGRESS","SO MOLINE 1","665","12","REPUBLICAN","0"
"81","0","ROCK ISLAND","395","SCOTT ALAN CROWL","410","17TH CONGRESS","SO MOLINE 1","665","12","REPUBLICAN","3"
"48","0","KNOX","0","Over Votes","410","17TH CONGRESS","CEDAR THIRD","642","11","DEMOCRATIC","0"
"48","0","KNOX","0","Blank Ballots","410","17TH CONGRESS","CEDAR THIRD","642","11","DEMOCRATIC","1"
"48","0","KNOX","390","ERIC SORENSEN","410","17TH CONGRESS","CEDAR THIRD","642","11","DEMOCRATIC","23"
"48","0","KNOX","0","Under Votes","410","17TH CONGRESS","CEDAR THIRD","642","11","DEMOCRATIC","0"
"48","0","KNOX","0","Over Votes","410","17TH CONGRESS","KNOX FIRST","414","11","DEMOCRATIC","0"
"48","0","KNOX","0","Blank Ballots","410","17TH CONGRESS","KNOX FIRST","414","11","DEMOCRATIC","1"
"48","0","KNOX","390","ERIC SORENSEN","410","17TH CONGRESS","KNOX FIRST","414","11","DEMOCRATIC","14"
"48","0","KNOX","0","Under Votes","410","17TH CONGRESS","KNOX FIRST","414","11","DEMOCRATIC","0"
"48","0","KNOX","0","Over Votes","410","17TH CONGRESS","PERSIFER","927","11","DEMOCRATIC","0"
"48","0","KNOX","0","Blank Ballots","410","17TH CONGRESS","PERSIFER","927","11","DEMOCRATIC","2"
"48","0","KNOX","390","ERIC SORENSEN","410","17TH CONGRESS","PERSIFER","927","11","DEMOCRATIC","50"
"48","0","KNOX","0","Under Votes","410","17TH CONGRESS","PERSIFER","927","11","DEMOCRATIC","0"
"48","0","KNOX","0","Over Votes","410","17TH CONGRESS","GALESBURG","278","11","DEMOCRATIC","0"
"48","0","KNOX","0","Blank Ballots","410","17TH CONGRESS","GALESBURG","278","11","DEMOCRATIC","2"
"48","0","KNOX","390","ERIC SORENSEN","410","17TH CONGRESS","GALESBURG","278","11","DEMOCRATIC","14"
"48","0","KNOX","0","Under Votes","410","17TH CONGRESS","GALESBURG","278","11","DEMOCRATIC","0"
"48","0","KNOX","0","Over Votes","410","17TH CONGRESS","KNOX THIRD","611","11","DEMOCRATIC","0"
"48","0","KNOX","0","Blank Ballots","410","17TH CONGRESS","KNOX THIRD","611","11","DEMOCRATIC","2"
"48","0","KNOX","390","ERIC SORENSEN","410","17TH CONGRESS","KNOX THIRD","611","11","DEMOCRATIC","30"
"48","0","KNOX","0","Under Votes","410","17TH CONGRESS","KNOX THIRD","611","11","DEMOCRATIC","0"
"48","0","KNOX","0","Over Votes","410","17TH CONGRESS","TRURO","576","11","DEMOCRATIC","0"
"48","0","KNOX","0","Blank Ballots","410","17TH CONGRESS","TRURO","576","11","DEMOCRATIC","0"
"48","0","KNOX","390","ERIC SORENSEN","410","17TH CONGRESS","TRURO","576","11","DEMOCRATIC","13"
"48","0","KNOX","0","Under Votes","410","17TH CONGRESS","TRURO","576","11","DEMOCRATIC","0"
"48","0","KNOX","0","Over Votes","410","17TH CONGRESS","CEDAR SECOND","518","11","DEMOCRATIC","0"
"48","0","KNOX","0","Blank Ballots","410","17TH CONGRESS","CEDAR SECOND","518","11","DEMOCRATIC","0"
"48","0","KNOX","390","ERIC SORENSEN","410","17TH CONGRESS","CEDAR SECOND","518","11","DEMOCRATIC","16"
"48","0","KNOX","0","Under Votes","410","17TH CONGRESS","CEDAR SECOND","518","11","DEMOCRATIC","0"
"48","0","KNOX","0","Over Votes","410","17TH CONGRESS","KNOX FIFTH","562","11","DEMOCRATIC","0"
"48","0","KNOX","0","Blank Ballots","410","17TH CONGRESS","KNOX FIFTH","562","11","DEMOCRATIC","3"
"48","0","KNOX","390","ERIC SORENSEN","410","17TH CONGRESS","KNOX FIFTH","562","11","DEMOCRATIC","38"
"48","0","KNOX","0","Under Votes","410","17TH CONGRESS","KNOX FIFTH","562","11","DEMOCRATIC","0"
"48","0","KNOX","0","Over Votes","410","17TH CONGRESS","ORANGE","392","11","DEMOCRATIC","0"
"48","0","KNOX","0","Blank Ballots","410","17TH CONGRESS","ORANGE","392","11","DEMOCRATIC","1"
"48","0","KNOX","390","ERIC SORENSEN","410","17TH CONGRESS","ORANGE","392","11","DEMOCRATIC","16"
"48","0","KNOX","0","Under Votes","410","17TH CONGRESS","ORANGE","392","11","DEMOCRATIC","0"
"48","0","KNOX","0","Over Votes","410","17TH CONGRESS","CEDAR FOURTH","555","11","DEMOCRATIC","0"
"48","0","KNOX","0","Blank Ballots","410","17TH CONGRESS","CEDAR FOURTH","555","11","DEMOCRATIC","3"
"48","0","KNOX","390","ERIC SORENSEN","410","17TH CONGRESS","CEDAR FOURTH","555","11","DEMOCRATIC","18"
"48","0","KNOX","0","Under Votes","410","17TH CONGRESS","CEDAR FOURTH","555","11","DEMOCRATIC","0"
"48","0","KNOX","0","Over Votes","410","17TH CONGRESS","INDIAN POINT","924","11","DEMOCRATIC","0"
"48","0","KNOX","0","Blank Ballots","410","17TH CONGRESS","INDIAN POINT","924","11","DEMOCRATIC","3"
"48","0","KNOX","390","ERIC SORENSEN","410","17TH CONGRESS","INDIAN POINT","924","11","DEMOCRATIC","51"
"48","0","KNOX","0","Under Votes","410","17TH CONGRESS","INDIAN POINT","924","11","DEMOCRATIC","0"
"8","0","CARROLL","0","Blank Ballots","410","17TH CONGRESS","CHERRY GROVE SHANNON 2","674","11","DEMOCRATIC","0"
"8","0","CARROLL","0","Under Votes","410","17TH CONGRESS","MT. CARROLL 1","440","11","DEMOCRATIC","2"
"8","0","CARROLL","390","ERIC SORENSEN","410","17TH CONGRESS","MT. CARROLL 1","440","11","DEMOCRATIC","18"
"8","0","CARROLL","0","Over Votes","410","17TH CONGRESS","MT. CARROLL 1","440","11","DEMOCRATIC","0"
"8","0","CARROLL","0","Blank Ballots","410","17TH CONGRESS","MT. CARROLL 1","440","11","DEMOCRATIC","0"
"8","0","CARROLL","0","Under Votes","410","17TH CONGRESS","SAVANNA 2","248","11","DEMOCRATIC","0"
"8","0","CARROLL","390","ERIC SORENSEN","410","17TH CONGRESS","SAVANNA 2","248","11","DEMOCRATIC","11"
"8","0","CARROLL","0","Over Votes","410","17TH CONGRESS","SAVANNA 2","248","11","DEMOCRATIC","0"
"8","0","CARROLL","0","Blank Ballots","410","17TH CONGRESS","SAVANNA 2","248","11","DEMOCRATIC","0"
"8","0","CARROLL","0","Under Votes","410","17TH CONGRESS","WYSOX 1","528","11","DEMOCRATIC","1"
"8","0","CARROLL","390","ERIC SORENSEN","410","17TH CONGRESS","WYSOX 1","528","11","DEMOCRATIC","14"
"8","0","CARROLL","0","Over Votes","410","17TH CONGRESS","WYSOX 1","528","11","DEMOCRATIC","0"
"8","0","CARROLL","0","Blank Ballots","410","17TH CONGRESS","WYSOX 1","528","11","DEMOCRATIC","0"
"8","0","CARROLL","0","Under Votes","410","17TH CONGRESS","FREEDOM","724","11","DEMOCRATIC","1"
"8","0","CARROLL","390","ERIC SORENSEN","410","17TH CONGRESS","FREEDOM","724","11","DEMOCRATIC","20"
"8","0","CARROLL","0","Over Votes","410","17TH CONGRESS","FREEDOM","724","11","DEMOCRATIC","0"
"8","0","CARROLL","0","Blank Ballots","410","17TH CONGRESS","FREEDOM","724","11","DEMOCRATIC","0"
"8","0","CARROLL","0","Under Votes","410","17TH CONGRESS","SAVANNA 1","290","11","DEMOCRATIC","2"
"8","0","CARROLL","390","ERIC SORENSEN","410","17TH CONGRESS","SAVANNA 1","290","11","DEMOCRATIC","23"
"8","0","CARROLL","0","Over Votes","410","17TH CONGRESS","SAVANNA 1","290","11","DEMOCRATIC","0"
"8","0","CARROLL","0","Blank Ballots","410","17TH CONGRESS","SAVANNA 1","290","11","DEMOCRATIC","0"
"8","0","CARROLL","0","Blank Ballots","410","17TH CONGRESS","YORK","1214","11","DEMOCRATIC","0"
"8","0","CARROLL","0","Under Votes","410","17TH CONGRESS","ROCK CREEK-LIMA 1","643","11","DEMOCRATIC","0"
"8","0","CARROLL","390","ERIC SORENSEN","410","17TH CONGRESS","ROCK CREEK-LIMA 1","643","11","DEMOCRATIC","23"
"8","0","CARROLL","0","Over Votes","410","17TH CONGRESS","ROCK CREEK-LIMA 1","643","11","DEMOCRATIC","0"
"8","0","CARROLL","0","Blank Ballots","410","17TH CONGRESS","ROCK CREEK-LIMA 1","643","11","DEMOCRATIC","0"
"8","0","CARROLL","0","Under Votes","410","17TH CONGRESS","SAVANNA 5","372","11","DEMOCRATIC","3"
"8","0","CARROLL","390","ERIC SORENSEN","410","17TH CONGRESS","SAVANNA 5","372","11","DEMOCRATIC","19"
"8","0","CARROLL","0","Over Votes","410","17TH CONGRESS","SAVANNA 5","372","11","DEMOCRATIC","0"
"8","0","CARROLL","0","Blank Ballots","410","17TH CONGRESS","SAVANNA 5","372","11","DEMOCRATIC","0"
"8","0","CARROLL","0","Under Votes","410","17TH CONGRESS","ELKHORN GROVE","147","11","DEMOCRATIC","2"
"8","0","CARROLL","390","ERIC SORENSEN","410","17TH CONGRESS","ELKHORN GROVE","147","11","DEMOCRATIC","7"
"8","0","CARROLL","0","Over Votes","410","17TH CONGRESS","ELKHORN GROVE","147","11","DEMOCRATIC","0"
"8","0","CARROLL","0","Blank Ballots","410","17TH CONGRESS","ELKHORN GROVE","147","11","DEMOCRATIC","0"
"8","0","CARROLL","0","Under Votes","410","17TH CONGRESS","SAVANNA 3","232","11","DEMOCRATIC","1"
"8","0","CARROLL","390","ERIC SORENSEN","410","17TH CONGRESS","SAVANNA 3","232","11","DEMOCRATIC","12"
"8","0","CARROLL","0","Over Votes","410","17TH CONGRESS","SAVANNA 3","232","11","DEMOCRATIC","0"
"8","0","CARROLL","0","Blank Ballots","410","17TH CONGRESS","SAVANNA 3","232","11","DEMOCRATIC","0"
"8","0","CARROLL","0","Under Votes","410","17TH CONGRESS","WYSOX 2","400","11","DEMOCRATIC","0"
"8","0","CARROLL","390","ERIC SORENSEN","410","17TH CONGRESS","WYSOX 2","400","11","DEMOCRATIC","10"
"8","0","CARROLL","0","Over Votes","410","17TH CONGRESS","WYSOX 2","400","11","DEMOCRATIC","0"
"8","0","CARROLL","0","Under Votes","410","17TH CONGRESS","ROCK CREEK-LIMA 2","753","11","DEMOCRATIC","2"
"8","0","CARROLL","390","ERIC SORENSEN","410","17TH CONGRESS","ROCK CREEK-LIMA 2","753","11","DEMOCRATIC","38"
"72","0","PEORIA","395","SCOTT ALAN CROWL","410","17TH CONGRESS","PE54 - 151","0","12","","1"
"72","0","PEORIA","0","Over Votes","410","17TH CONGRESS","RI03 - 180","0","12","","0"
"72","0","PEORIA","400","JOE McGRAW","410","17TH CONGRESS","RI03 - 180","0","12","","36"
"72","0","PEORIA","0","Under Votes","410","17TH CONGRESS","RI03 - 180","0","12","","14"
"72","0","PEORIA","0","Under Votes","410","17TH CONGRESS","PE54 - 149","0","12","","4"
"72","0","PEORIA","395","SCOTT ALAN CROWL","410","17TH CONGRESS","RI03 - 180","0","12","","20"
"72","0","PEORIA","395","SCOTT ALAN CROWL","410","17TH CONGRESS","RO01 - 183","0","12","","16"
"72","0","PEORIA","0","Over Votes","410","17TH CONGRESS","RO01 - 183","0","12","","0"
"72","0","PEORIA","400","JOE McGRAW","410","17TH CONGRESS","RO01 - 183","0","12","","15"
"72","0","PEORIA","0","Under Votes","410","17TH CONGRESS","RO01 - 183","0","12","","4"
"72","0","PEORIA","395","SCOTT ALAN CROWL","410","17TH CONGRESS","TI01 - 186","0","12","","14"
"72","0","PEORIA","0","Over Votes","410","17TH CONGRESS","TI01 - 186","0","12","","0"
"72","0","PEORIA","400","JOE McGRAW","410","17TH CONGRESS","TI01 - 186","0","12","","17"
"72","0","PEORIA","0","Under Votes","410","17TH CONGRESS","TI01 - 186","0","12","","2"
"72","0","PEORIA","395","SCOTT ALAN CROWL","410","17TH CONGRESS","TR01 - 189","0","12","","1"
"72","0","PEORIA","0","Over Votes","410","17TH CONGRESS","TR01 - 189","0","12","","0"
"72","0","PEORIA","400","JOE McGRAW","410","17TH CONGRESS","TR01 - 189","0","12","","4"
"72","0","PEORIA","0","Under Votes","410","17TH CONGRESS","TR01 - 189","0","12","","0"
"72","0","PEORIA","395","SCOTT ALAN CROWL","410","17TH CONGRESS","RI04 - 182","0","12","","12"
"72","0","PEORIA","395","SCOTT ALAN CROWL","410","17TH CONGRESS","TI01 - 185","0","12","","9"
"72","0","PEORIA","0","Over Votes","410","17TH CONGRESS","TI01 - 185","0","12","","0"
"72","0","PEORIA","400","JOE McGRAW","410","17TH CONGRESS","TI01 - 185","0","12","","18"
"72","0","PEORIA","0","Under Votes","410","17TH CONGRESS","TI01 - 185","0","12","","3"
"72","0","PEORIA","0","Over Votes","410","17TH CONGRESS","LI10 - 46","0","12","","0"
"72","0","PEORIA","0","Under Votes","410","17TH CONGRESS","LI10 - 46","0","12","","0"
"72","0","PEORIA","395","SCOTT ALAN CROWL","410","17TH CONGRESS","LI10 - 46","0","12","","0"
"72","0","PEORIA","400","JOE McGRAW","410","17TH CONGRESS","LI10 - 46","0","12","","1"
"72","0","PEORIA","0","Over Votes","410","17TH CONGRESS","LI11 - 49","0","12","","0"
"72","0","PEORIA","0","Under Votes","410","17TH CONGRESS","LI11 - 49","0","12","","7"
"72","0","PEORIA","395","SCOTT ALAN CROWL","410","17TH CONGRESS","LI11 - 49","0","12","","28"
"72","0","PEORIA","400","JOE McGRAW","410","17TH CONGRESS","LI11 - 49","0","12","","39"
"72","0","PEORIA","0","Over Votes","410","17TH CONGRESS","LO02 - 52","0","12","","0"
"72","0","PEORIA","400","JOE McGRAW","410","17TH CONGRESS","LO02 - 52","0","12","","80"
"72","0","PEORIA","0","Under Votes","410","17TH CONGRESS","LO02 - 52","0","12","","10"
"72","0","PEORIA","395","SCOTT ALAN CROWL","410","17TH CONGRESS","LO02 - 52","0","12","","31"
"72","0","PEORIA","0","Over Votes","410","17TH CONGRESS","PE13 - 78","0","12","","0"
"72","0","PEORIA","0","Under Votes","410","17TH CONGRESS","PE13 - 78","0","12","","1"
"72","0","PEORIA","395","SCOTT ALAN CROWL","410","17TH CONGRESS","PE13 - 78","0","12","","13"
"72","0","PEORIA","400","JOE McGRAW","410","17TH CONGRESS","PE13 - 78","0","12","","40"
"72","0","PEORIA","0","Over Votes","410","17TH CONGRESS","PE16 - 81","0","12","","0"
"72","0","PEORIA","400","JOE McGRAW","410","17TH CONGRESS","PE16 - 81","0","12","","14"
"72","0","PEORIA","0","Under Votes","410","17TH CONGRESS","PE16 - 81","0","12","","2"
"72","0","PEORIA","395","SCOTT ALAN CROWL","410","17TH CONGRESS","PE16 - 81","0","12","","7"
"72","0","PEORIA","0","Over Votes","410","17TH CONGRESS","PE19 - 84","0","12","","0"
"72","0","PEORIA","400","JOE McGRAW","410","17TH CONGRESS","PE19 - 84","0","12","","45"
"72","0","PEORIA","0","Under Votes","410","17TH CONGRESS","PE19 - 84","0","12","","22"
"72","0","PEORIA","395","SCOTT ALAN CROWL","410","17TH CONGRESS","PE19 - 84","0","12","","26"
"72","0","PEORIA","0","Over Votes","410","17TH CONGRESS","PE21 - 87","0","12","","0"
"8","0","CARROLL","0","Over Votes","410","17TH CONGRESS","ROCK CREEK-LIMA 2","753","11","DEMOCRATIC","0"
"8","0","CARROLL","0","Blank Ballots","410","17TH CONGRESS","ROCK CREEK-LIMA 2","753","11","DEMOCRATIC","0"
"8","0","CARROLL","0","Under Votes","410","17TH CONGRESS","SAVANNA 6","629","11","DEMOCRATIC","0"
"8","0","CARROLL","390","ERIC SORENSEN","410","17TH CONGRESS","SAVANNA 6","629","11","DEMOCRATIC","32"
"8","0","CARROLL","0","Over Votes","410","17TH CONGRESS","SAVANNA 6","629","11","DEMOCRATIC","0"
"8","0","CARROLL","0","Blank Ballots","410","17TH CONGRESS","SAVANNA 6","629","11","DEMOCRATIC","0"
"8","0","CARROLL","0","Blank Ballots","410","17TH CONGRESS","WYSOX 2","400","11","DEMOCRATIC","0"
"98","0","WHITESIDE","0","Under Votes","410","17TH CONGRESS","COLOMA 5","579","11","DEMOCRATIC","2"
"98","0","WHITESIDE","390","ERIC SORENSEN","410","17TH CONGRESS","COLOMA 5","579","11","DEMOCRATIC","27"
"98","0","WHITESIDE","0","Over Votes","410","17TH CONGRESS","COLOMA 5","579","11","DEMOCRATIC","0"
"98","0","WHITESIDE","0","Blank Ballots","410","17TH CONGRESS","COLOMA 5","579","11","DEMOCRATIC","0"
"98","0","WHITESIDE","0","Under Votes","410","17TH CONGRESS","ERIE 2","520","11","DEMOCRATIC","0"
"98","0","WHITESIDE","390","ERIC SORENSEN","410","17TH CONGRESS","ERIE 2","520","11","DEMOCRATIC","19"
"98","0","WHITESIDE","0","Over Votes","410","17TH CONGRESS","ERIE 2","520","11","DEMOCRATIC","0"
"98","0","WHITESIDE","0","Blank Ballots","410","17TH CONGRESS","ERIE 2","520","11","DEMOCRATIC","0"
"98","0","WHITESIDE","0","Under Votes","410","17TH CONGRESS","HUME 1","253","11","DEMOCRATIC","0"
"98","0","WHITESIDE","390","ERIC SORENSEN","410","17TH CONGRESS","HUME 1","253","11","DEMOCRATIC","8"
"98","0","WHITESIDE","0","Over Votes","410","17TH CONGRESS","HUME 1","253","11","DEMOCRATIC","0"
"98","0","WHITESIDE","0","Blank Ballots","410","17TH CONGRESS","HUME 1","253","11","DEMOCRATIC","0"
"98","0","WHITESIDE","0","Under Votes","410","17TH CONGRESS","MT. PLEASANT 3","596","11","DEMOCRATIC","1"
"98","0","WHITESIDE","390","ERIC SORENSEN","410","17TH CONGRESS","MT. PLEASANT 3","596","11","DEMOCRATIC","28"
"98","0","WHITESIDE","0","Over Votes","410","17TH CONGRESS","MT. PLEASANT 3","596","11","DEMOCRATIC","0"
"98","0","WHITESIDE","0","Blank Ballots","410","17TH CONGRESS","MT. PLEASANT 3","596","11","DEMOCRATIC","0"
"98","0","WHITESIDE","0","Under Votes","410","17TH CONGRESS","STERLING 4","481","11","DEMOCRATIC","1"
"98","0","WHITESIDE","390","ERIC SORENSEN","410","17TH CONGRESS","STERLING 4","481","11","DEMOCRATIC","31"
"98","0","WHITESIDE","0","Over Votes","410","17TH CONGRESS","STERLING 4","481","11","DEMOCRATIC","0"
"98","0","WHITESIDE","0","Blank Ballots","410","17TH CONGRESS","STERLING 4","481","11","DEMOCRATIC","0"
"98","0","WHITESIDE","0","Under Votes","410","17TH CONGRESS","STERLING 11","532","11","DEMOCRATIC","2"
"98","0","WHITESIDE","390","ERIC SORENSEN","410","17TH CONGRESS","STERLING 11","532","11","DEMOCRATIC","51"
"98","0","WHITESIDE","0","Over Votes","410","17TH CONGRESS","STERLING 11","532","11","DEMOCRATIC","0"
"98","0","WHITESIDE","0","Blank Ballots","410","17TH CONGRESS","STERLING 11","532","11","DEMOCRATIC","0"
"98","0","WHITESIDE","0","Under Votes","410","17TH CONGRESS","STERLING 18","347","11","DEMOCRATIC","1"
"98","0","WHITESIDE","390","ERIC SORENSEN","410","17TH CONGRESS","STERLING 18","347","11","DEMOCRATIC","40"
"98","0","WHITESIDE","0","Over Votes","410","17TH CONGRESS","STERLING 18","347","11","DEMOCRATIC","0"
"98","0","WHITESIDE","0","Blank Ballots","410","17TH CONGRESS","STERLING 18","347","11","DEMOCRATIC","0"
"98","0","WHITESIDE","0","Blank Ballots","410","17TH CONGRESS","LYNDON 1","610","11","DEMOCRATIC","0"
"98","0","WHITESIDE","390","ERIC SORENSEN","410","17TH CONGRESS","LYNDON 1","610","11","DEMOCRATIC","21"
"98","0","WHITESIDE","0","Under Votes","410","17TH CONGRESS","LYNDON 1","610","11","DEMOCRATIC","0"
"98","0","WHITESIDE","0","Over Votes","410","17TH CONGRESS","LYNDON 1","610","11","DEMOCRATIC","0"
"98","0","WHITESIDE","0","Under Votes","410","17TH CONGRESS","PROPHETSTOWN 2","388","11","DEMOCRATIC","1"
"98","0","WHITESIDE","390","ERIC SORENSEN","410","17TH CONGRESS","PROPHETSTOWN 2","388","11","DEMOCRATIC","11"
"98","0","WHITESIDE","0","Over Votes","410","17TH CONGRESS","PROPHETSTOWN 2","388","11","DEMOCRATIC","0"
"89","0","STEPHENSON","395","SCOTT ALAN CROWL","410","17TH CONGRESS","HARLEM 1","807","12","REPUBLICAN","33"
"89","0","STEPHENSON","400","JOE McGRAW","410","17TH CONGRESS","HARLEM 1","807","12","REPUBLICAN","86"
"89","0","STEPHENSON","0","Blank Ballots","410","17TH CONGRESS","HARLEM 1","807","12","REPUBLICAN","0"
"89","0","STEPHENSON","0","Over Votes","410","17TH CONGRESS","HARLEM 1","807","12","REPUBLICAN","0"
"89","0","STEPHENSON","0","Under Votes","410","17TH CONGRESS","FREEPORT 7","832","12","REPUBLICAN","5"
"89","0","STEPHENSON","395","SCOTT ALAN CROWL","410","17TH CONGRESS","FREEPORT 7","832","12","REPUBLICAN","7"
"89","0","STEPHENSON","400","JOE McGRAW","410","17TH CONGRESS","FREEPORT 7","832","12","REPUBLICAN","53"
"89","0","STEPHENSON","0","Blank Ballots","410","17TH CONGRESS","FREEPORT 7","832","12","REPUBLICAN","0"
"89","0","STEPHENSON","0","Over Votes","410","17TH CONGRESS","FREEPORT 7","832","12","REPUBLICAN","0"
"89","0","STEPHENSON","0","Under Votes","410","17TH CONGRESS","FREEPORT 14","1005","12","REPUBLICAN","13"
"89","0","STEPHENSON","395","SCOTT ALAN CROWL","410","17TH CONGRESS","FREEPORT 14","1005","12","REPUBLICAN","43"
"89","0","STEPHENSON","400","JOE McGRAW","410","17TH CONGRESS","FREEPORT 14","1005","12","REPUBLICAN","73"
"89","0","STEPHENSON","0","Blank Ballots","410","17TH CONGRESS","FREEPORT 14","1005","12","REPUBLICAN","0"
"89","0","STEPHENSON","0","Over Votes","410","17TH CONGRESS","FREEPORT 14","1005","12","REPUBLICAN","0"
"89","0","STEPHENSON","0","Under Votes","410","17TH CONGRESS","RIDOTT","868","12","REPUBLICAN","8"
"89","0","STEPHENSON","395","SCOTT ALAN CROWL","410","17TH CONGRESS","RIDOTT","868","12","REPUBLICAN","34"
"89","0","STEPHENSON","400","JOE McGRAW","410","17TH CONGRESS","RIDOTT","868","12","REPUBLICAN","83"
"89","0","STEPHENSON","0","Blank Ballots","410","17TH CONGRESS","RIDOTT","868","12","REPUBLICAN","0"
"89","0","STEPHENSON","0","Over Votes","410","17TH CONGRESS","RIDOTT","868","12","REPUBLICAN","0"
"89","0","STEPHENSON","0","Under Votes","410","17TH CONGRESS","KENT","408","12","REPUBLICAN","5"
"89","0","STEPHENSON","395","SCOTT ALAN CROWL","410","17TH CONGRESS","KENT","408","12","REPUBLICAN","14"
"89","0","STEPHENSON","400","JOE McGRAW","410","17TH CONGRESS","KENT","408","12","REPUBLICAN","42"
"89","0","STEPHENSON","0","Blank Ballots","410","17TH CONGRESS","KENT","408","12","REPUBLICAN","0"
"89","0","STEPHENSON","0","Over Votes","410","17TH CONGRESS","KENT","408","12","REPUBLICAN","0"
"89","0","STEPHENSON","0","Under Votes","410","17TH CONGRESS","FREEPORT 3","625","12","REPUBLICAN","2"
"89","0","STEPHENSON","395","SCOTT ALAN CROWL","410","17TH CONGRESS","FREEPORT 3","625","12","REPUBLICAN","17"
"89","0","STEPHENSON","400","JOE McGRAW","410","17TH CONGRESS","FREEPORT 3","625","12","REPUBLICAN","19"
"89","0","STEPHENSON","0","Blank Ballots","410","17TH CONGRESS","FREEPORT 3","625","12","REPUBLICAN","0"
"89","0","STEPHENSON","0","Over Votes","410","17TH CONGRESS","FREEPORT 3","625","12","REPUBLICAN","0"
"89","0","STEPHENSON","0","Under Votes","410","17TH CONGRESS","FREEPORT 10","783","12","REPUBLICAN","2"
"89","0","STEPHENSON","395","SCOTT ALAN CROWL","410","17TH CONGRESS","FREEPORT 10","783","12","REPUBLICAN","20"
"89","0","STEPHENSON","400","JOE McGRAW","410","17TH CONGRESS","FREEPORT 10","783","12","REPUBLICAN","37"
"89","0","STEPHENSON","0","Blank Ballots","410","17TH CONGRESS","FREEPORT 10","783","12","REPUBLICAN","0"
"89","0","STEPHENSON","0","Over Votes","410","17TH CONGRESS","FREEPORT 10","783","12","REPUBLICAN","0"
"64","0","McLEAN","0","Over Votes","410","17TH CONGRESS","NORMAL 09","739","11","DEMOCRATIC","0"
"64","0","McLEAN","390","ERIC SORENSEN","410","17TH CONGRESS","NORMAL 09","739","11","DEMOCRATIC","45"
"64","0","McLEAN","0","Under Votes","410","17TH CONGRESS","NORMAL 09","739","11","DEMOCRATIC","2"
"64","0","McLEAN","390","ERIC SORENSEN","410","17TH CONGRESS","NORMAL 21","821","11","DEMOCRATIC","59"
"64","0","McLEAN","0","Under Votes","410","17TH CONGRESS","NORMAL 21","821","11","DEMOCRATIC","2"
"64","0","McLEAN","0","Over Votes","410","17TH CONGRESS","NORMAL 21","821","11","DEMOCRATIC","0"
"64","0","McLEAN","0","Over Votes","410","17TH CONGRESS","NORMAL 04","810","11","DEMOCRATIC","0"
"64","0","McLEAN","390","ERIC SORENSEN","410","17TH CONGRESS","NORMAL 04","810","11","DEMOCRATIC","80"
"64","0","McLEAN","0","Over Votes","410","17TH CONGRESS","BLOOMINGTON 02","770","11","DEMOCRATIC","0"
"64","0","McLEAN","390","ERIC SORENSEN","410","17TH CONGRESS","BLOOMINGTON 02","770","11","DEMOCRATIC","0"
"64","0","McLEAN","0","Under Votes","410","17TH CONGRESS","BLOOMINGTON 02","770","11","DEMOCRATIC","0"
"64","0","McLEAN","390","ERIC SORENSEN","410","17TH CONGRESS","NORMAL 06","760","11","DEMOCRATIC","65"
"64","0","McLEAN","0","Over Votes","410","17TH CONGRESS","NORMAL 11","997","11","DEMOCRATIC","0"
"64","0","McLEAN","390","ERIC SORENSEN","410","17TH CONGRESS","NORMAL 11","997","11","DEMOCRATIC","41"
"64","0","McLEAN","0","Under Votes","410","17TH CONGRESS","NORMAL 11","997","11","DEMOCRATIC","6"
"64","0","McLEAN","0","Over Votes","410","17TH CONGRESS","NORMAL 32","813","11","DEMOCRATIC","0"
"64","0","McLEAN","390","ERIC SORENSEN","410","17TH CONGRESS","NORMAL 32","813","11","DEMOCRATIC","63"
"64","0","McLEAN","0","Under Votes","410","17TH CONGRESS","NORMAL 32","813","11","DEMOCRATIC","0"
"64","0","McLEAN","0","Over Votes","410","17TH CONGRESS","ALLIN 01","621","11","DEMOCRATIC","0"
"64","0","McLEAN","390","ERIC SORENSEN","410","17TH CONGRESS","ALLIN 01","621","11","DEMOCRATIC","3"
"64","0","McLEAN","0","Under Votes","410","17TH CONGRESS","ALLIN 01","621","11","DEMOCRATIC","2"
"64","0","McLEAN","0","Over Votes","410","17TH CONGRESS","DALE 01","1005","11","DEMOCRATIC","0"
"64","0","McLEAN","390","ERIC SORENSEN","410","17TH CONGRESS","DALE 01","1005","11","DEMOCRATIC","29"
"64","0","McLEAN","0","Under Votes","410","17TH CONGRESS","DALE 01","1005","11","DEMOCRATIC","0"
"64","0","McLEAN","0","Over Votes","410","17TH CONGRESS","OLD TOWN 02","1121","11","DEMOCRATIC","0"
"64","0","McLEAN","390","ERIC SORENSEN","410","17TH CONGRESS","OLD TOWN 02","1121","11","DEMOCRATIC","0"
"64","0","McLEAN","0","Under Votes","410","17TH CONGRESS","OLD TOWN 02","1121","11","DEMOCRATIC","0"
"64","0","McLEAN","0","Over Votes","410","17TH CONGRESS","NORMAL 22","813","11","DEMOCRATIC","0"
"64","0","McLEAN","390","ERIC SORENSEN","410","17TH CONGRESS","NORMAL 22","813","11","DEMOCRATIC","95"
"64","0","McLEAN","0","Under Votes","410","17TH CONGRESS","NORMAL 22","813","11","DEMOCRATIC","4"
"64","0","McLEAN","0","Over Votes","410","17TH CONGRESS","FUNKS GROVE 01","194","11","DEMOCRATIC","0"
"64","0","McLEAN","390","ERIC SORENSEN","410","17TH CONGRESS","FUNKS GROVE 01","194","11","DEMOCRATIC","15"
"64","0","McLEAN","0","Under Votes","410","17TH CONGRESS","FUNKS GROVE 01","194","11","DEMOCRATIC","0"
"64","0","McLEAN","0","Over Votes","410","17TH CONGRESS","NORMAL 01","912","11","DEMOCRATIC","0"
"64","0","McLEAN","390","ERIC SORENSEN","410","17TH CONGRESS","NORMAL 01","912","11","DEMOCRATIC","55"
"64","0","McLEAN","0","Under Votes","410","17TH CONGRESS","NORMAL 01","912","11","DEMOCRATIC","4"
"64","0","McLEAN","390","ERIC SORENSEN","410","17TH CONGRESS","NORMAL 02","1038","11","DEMOCRATIC","112"
"64","0","McLEAN","0","Over Votes","410","17TH CONGRESS","NORMAL 02","1038","11","DEMOCRATIC","0"
"64","0","McLEAN","0","Under Votes","410","17TH CONGRESS","NORMAL 02","1038","11","DEMOCRATIC","5"
"64","0","McLEAN","390","ERIC SORENSEN","410","17TH CONGRESS","NORMAL 05","1001","11","DEMOCRATIC","82"
"64","0","McLEAN","0","Over Votes","410","17TH CONGRESS","NORMAL 05","1001","11","DEMOCRATIC","0"
"64","0","McLEAN","0","Under Votes","410","17TH CONGRESS","NORMAL 05","1001","11","DEMOCRATIC","3"
"64","0","McLEAN","0","Over Votes","410","17TH CONGRESS","NORMAL 15","863","11","DEMOCRATIC","0"
"64","0","McLEAN","390","ERIC SORENSEN","410","17TH CONGRESS","NORMAL 15","863","11","DEMOCRATIC","64"
"64","0","McLEAN","0","Under Votes","410","17TH CONGRESS","NORMAL 15","863","11","DEMOCRATIC","5"
"64","0","McLEAN","0","Over Votes","410","17TH CONGRESS","NORMAL 28","1066","11","DEMOCRATIC","0"
"64","0","McLEAN","390","ERIC SORENSEN","410","17TH CONGRESS","NORMAL 28","1066","11","DEMOCRATIC","51"
"64","0","McLEAN","0","Under Votes","410","17TH CONGRESS","NORMAL 28","1066","11","DEMOCRATIC","4"
"64","0","McLEAN","0","Over Votes","410","17TH CONGRESS","NORMAL 06","760","11","DEMOCRATIC","0"
"64","0","McLEAN","0","Under Votes","410","17TH CONGRESS","NORMAL 06","760","11","DEMOCRATIC","4"
"64","0","McLEAN","390","ERIC SORENSEN","410","17TH CONGRESS","NORMAL 07","595","11","DEMOCRATIC","56"
"98","0","WHITESIDE","0","Blank Ballots","410","17TH CONGRESS","PROPHETSTOWN 2","388","11","DEMOCRATIC","0"
"98","0","WHITESIDE","0","Blank Ballots","410","17TH CONGRESS","STERLING 6","259","11","DEMOCRATIC","0"
"98","0","WHITESIDE","0","Under Votes","410","17TH CONGRESS","STERLING 6","259","11","DEMOCRATIC","0"
"98","0","WHITESIDE","390","ERIC SORENSEN","410","17TH CONGRESS","STERLING 6","259","11","DEMOCRATIC","18"
"98","0","WHITESIDE","0","Over Votes","410","17TH CONGRESS","STERLING 6","259","11","DEMOCRATIC","0"
"98","0","WHITESIDE","0","Under Votes","410","17TH CONGRESS","STERLING 17","871","11","DEMOCRATIC","1"
"98","0","WHITESIDE","390","ERIC SORENSEN","410","17TH CONGRESS","STERLING 17","871","11","DEMOCRATIC","75"
"98","0","WHITESIDE","0","Over Votes","410","17TH CONGRESS","STERLING 17","871","11","DEMOCRATIC","0"
"98","0","WHITESIDE","0","Blank Ballots","410","17TH CONGRESS","STERLING 17","871","11","DEMOCRATIC","0"
"98","0","WHITESIDE","390","ERIC SORENSEN","410","17TH CONGRESS","COLOMA 9","808","11","DEMOCRATIC","50"
"98","0","WHITESIDE","0","Under Votes","410","17TH CONGRESS","COLOMA 9","808","11","DEMOCRATIC","4"
"98","0","WHITESIDE","0","Over Votes","410","17TH CONGRESS","COLOMA 9","808","11","DEMOCRATIC","0"
"98","0","WHITESIDE","0","Blank Ballots","410","17TH CONGRESS","COLOMA 9","808","11","DEMOCRATIC","0"
"98","0","WHITESIDE","0","Under Votes","410","17TH CONGRESS","FULTON 3","863","11","DEMOCRATIC","0"
"98","0","WHITESIDE","390","ERIC SORENSEN","410","17TH CONGRESS","FULTON 3","863","11","DEMOCRATIC","16"
"98","0","WHITESIDE","0","Over Votes","410","17TH CONGRESS","FULTON 3","863","11","DEMOCRATIC","0"
"98","0","WHITESIDE","0","Blank Ballots","410","17TH CONGRESS","FULTON 3","863","11","DEMOCRATIC","0"
"98","0","WHITESIDE","390","ERIC SORENSEN","410","17TH CONGRESS","MONTMORENCY 2","1143","11","DEMOCRATIC","64"
"98","0","WHITESIDE","0","Under Votes","410","17TH CONGRESS","MONTMORENCY 2","1143","11","DEMOCRATIC","5"
"98","0","WHITESIDE","0","Over Votes","410","17TH CONGRESS","MONTMORENCY 2","1143","11","DEMOCRATIC","0"
"98","0","WHITESIDE","0","Blank Ballots","410","17TH CONGRESS","MONTMORENCY 2","1143","11","DEMOCRATIC","0"
"98","0","WHITESIDE","390","ERIC SORENSEN","410","17TH CONGRESS","PORTLAND 1","313","11","DEMOCRATIC","25"
"98","0","WHITESIDE","0","Under Votes","410","17TH CONGRESS","PORTLAND 1","313","11","DEMOCRATIC","0"
"98","0","WHITESIDE","0","Over Votes","410","17TH CONGRESS","PORTLAND 1","313","11","DEMOCRATIC","0"
"98","0","WHITESIDE","0","Blank Ballots","410","17TH CONGRESS","PORTLAND 1","313","11","DEMOCRATIC","0"
"98","0","WHITESIDE","390","ERIC SORENSEN","410","17TH CONGRESS","STERLING 8","556","11","DEMOCRATIC","30"
"98","0","WHITESIDE","0","Under Votes","410","17TH CONGRESS","STERLING 8","556","11","DEMOCRATIC","2"
"98","0","WHITESIDE","0","Over Votes","410","17TH CONGRESS","STERLING 8","556","11","DEMOCRATIC","0"
"98","0","WHITESIDE","0","Blank Ballots","410","17TH CONGRESS","STERLING 8","556","11","DEMOCRATIC","0"
"98","0","WHITESIDE","390","ERIC SORENSEN","410","17TH CONGRESS","STERLING 15","914","11","DEMOCRATIC","54"
"98","0","WHITESIDE","0","Under Votes","410","17TH CONGRESS","STERLING 15","914","11","DEMOCRATIC","1"
"98","0","WHITESIDE","0","Over Votes","410","17TH CONGRESS","STERLING 15","914","11","DEMOCRATIC","0"
"98","0","WHITESIDE","0","Blank Ballots","410","17TH CONGRESS","STERLING 15","914","11","DEMOCRATIC","0"
"98","0","WHITESIDE","0","Blank Ballots","410","17TH CONGRESS","GENESEE 1","552","11","DEMOCRATIC","0"
"98","0","WHITESIDE","0","Under Votes","410","17TH CONGRESS","MONTMORENCY 1","639","11","DEMOCRATIC","3"
"98","0","WHITESIDE","390","ERIC SORENSEN","410","17TH CONGRESS","MONTMORENCY 1","639","11","DEMOCRATIC","29"
"98","0","WHITESIDE","0","Over Votes","410","17TH CONGRESS","MONTMORENCY 1","639","11","DEMOCRATIC","0"
"98","0","WHITESIDE","0","Blank Ballots","410","17TH CONGRESS","MONTMORENCY 1","639","11","DEMOCRATIC","0"
"98","0","WHITESIDE","0","Under Votes","410","17TH CONGRESS","NEWTON 1","337","11","DEMOCRATIC","1"
"98","0","WHITESIDE","390","ERIC SORENSEN","410","17TH CONGRESS","NEWTON 1","337","11","DEMOCRATIC","6"
"98","0","WHITESIDE","0","Over Votes","410","17TH CONGRESS","NEWTON 1","337","11","DEMOCRATIC","0"
"98","0","WHITESIDE","0","Blank Ballots","410","17TH CONGRESS","NEWTON 1","337","11","DEMOCRATIC","0"
"98","0","WHITESIDE","0","Under Votes","410","17TH CONGRESS","PROPHETSTOWN 3","561","11","DEMOCRATIC","2"
"98","0","WHITESIDE","390","ERIC SORENSEN","410","17TH CONGRESS","PROPHETSTOWN 3","561","11","DEMOCRATIC","28"
"98","0","WHITESIDE","0","Over Votes","410","17TH CONGRESS","PROPHETSTOWN 3","561","11","DEMOCRATIC","0"
"98","0","WHITESIDE","0","Blank Ballots","410","17TH CONGRESS","PROPHETSTOWN 3","561","11","DEMOCRATIC","0"
"98","0","WHITESIDE","0","Under Votes","410","17TH CONGRESS","STERLING 7","554","11","DEMOCRATIC","3"
"98","0","WHITESIDE","390","ERIC SORENSEN","410","17TH CONGRESS","STERLING 7","554","11","DEMOCRATIC","42"
"98","0","WHITESIDE","0","Over Votes","410","17TH CONGRESS","STERLING 7","554","11","DEMOCRATIC","0"
"98","0","WHITESIDE","0","Blank Ballots","410","17TH CONGRESS","STERLING 7","554","11","DEMOCRATIC","0"
"98","0","WHITESIDE","0","Under Votes","410","17TH CONGRESS","STERLING 14","850","11","DEMOCRATIC","0"
"98","0","WHITESIDE","390","ERIC SORENSEN","410","17TH CONGRESS","STERLING 14","850","11","DEMOCRATIC","44"
"98","0","WHITESIDE","0","Over Votes","410","17TH CONGRESS","STERLING 14","850","11","DEMOCRATIC","0"
"98","0","WHITESIDE","0","Blank Ballots","410","17TH CONGRESS","STERLING 14","850","11","DEMOCRATIC","0"
"98","0","WHITESIDE","0","Over Votes","410","17TH CONGRESS","MT. PLEASANT 2","980","11","DEMOCRATIC","0"
"98","0","WHITESIDE","0","Blank Ballots","410","17TH CONGRESS","MT. PLEASANT 2","980","11","DEMOCRATIC","0"
"98","0","WHITESIDE","0","Under Votes","410","17TH CONGRESS","STERLING 3","621","11","DEMOCRATIC","1"
"98","0","WHITESIDE","390","ERIC SORENSEN","410","17TH CONGRESS","STERLING 3","621","11","DEMOCRATIC","19"
"98","0","WHITESIDE","0","Over Votes","410","17TH CONGRESS","STERLING 3","621","11","DEMOCRATIC","0"
"98","0","WHITESIDE","0","Blank Ballots","410","17TH CONGRESS","STERLING 3","621","11","DEMOCRATIC","0"
"98","0","WHITESIDE","0","Under Votes","410","17TH CONGRESS","STERLING 10","641","11","DEMOCRATIC","2"
"98","0","WHITESIDE","390","ERIC SORENSEN","410","17TH CONGRESS","STERLING 10","641","11","DEMOCRATIC","33"
"98","0","WHITESIDE","0","Over Votes","410","17TH CONGRESS","STERLING 10","641","11","DEMOCRATIC","0"
"98","0","WHITESIDE","0","Blank Ballots","410","17TH CONGRESS","STERLING 10","641","11","DEMOCRATIC","0"
"98","0","WHITESIDE","0","Under Votes","410","17TH CONGRESS","USTICK 1","424","11","DEMOCRATIC","1"
"98","0","WHITESIDE","390","ERIC SORENSEN","410","17TH CONGRESS","USTICK 1","424","11","DEMOCRATIC","10"
"98","0","WHITESIDE","0","Over Votes","410","17TH CONGRESS","USTICK 1","424","11","DEMOCRATIC","0"
"98","0","WHITESIDE","0","Blank Ballots","410","17TH CONGRESS","USTICK 1","424","11","DEMOCRATIC","0"
"98","0","WHITESIDE","0","Over Votes","410","17TH CONGRESS","STERLING 5","393","11","DEMOCRATIC","0"
"98","0","WHITESIDE","0","Blank Ballots","410","17TH CONGRESS","STERLING 5","393","11","DEMOCRATIC","0"
"98","0","WHITESIDE","390","ERIC SORENSEN","410","17TH CONGRESS","STERLING 16","741","11","DEMOCRATIC","42"
"98","0","WHITESIDE","0","Under Votes","410","17TH CONGRESS","STERLING 16","741","11","DEMOCRATIC","5"
"98","0","WHITESIDE","0","Over Votes","410","17TH CONGRESS","STERLING 16","741","11","DEMOCRATIC","0"
"98","0","WHITESIDE","0","Blank Ballots","410","17TH CONGRESS","STERLING 16","741","11","DEMOCRATIC","0"
"98","0","WHITESIDE","0","Under Votes","410","17TH CONGRESS","COLOMA 1","493","11","DEMOCRATIC","2"
"98","0","WHITESIDE","390","ERIC SORENSEN","410","17TH CONGRESS","COLOMA 1","493","11","DEMOCRATIC","20"
"98","0","WHITESIDE","0","Over Votes","410","17TH CONGRESS","COLOMA 1","493","11","DEMOCRATIC","0"
"98","0","WHITESIDE","0","Blank Ballots","410","17TH CONGRESS","COLOMA 1","493","11","DEMOCRATIC","0"
"98","0","WHITESIDE","0","Under Votes","410","17TH CONGRESS","COLOMA 8","805","11","DEMOCRATIC","3"
"98","0","WHITESIDE","390","ERIC SORENSEN","410","17TH CONGRESS","COLOMA 8","805","11","DEMOCRATIC","52"
"98","0","WHITESIDE","0","Over Votes","410","17TH CONGRESS","COLOMA 8","805","11","DEMOCRATIC","0"
"98","0","WHITESIDE","0","Blank Ballots","410","17TH CONGRESS","COLOMA 8","805","11","DEMOCRATIC","0"
"98","0","WHITESIDE","390","ERIC SORENSEN","410","17TH CONGRESS","FULTON 2","495","11","DEMOCRATIC","12"
"98","0","WHITESIDE","0","Under Votes","410","17TH CONGRESS","FULTON 2","495","11","DEMOCRATIC","0"
"110","101","CITY OF ROCKFORD","0","Under Votes","410","17TH CONGRESS","WARD 10 PRECINCT 5","926","11","DEMOCRATIC","7"
"110","101","CITY OF ROCKFORD","0","Over Votes","410","17TH CONGRESS","WARD 12 PRECINCT 2","954","11","DEMOCRATIC","0"
"110","101","CITY OF ROCKFORD","390","ERIC SORENSEN","410","17TH CONGRESS","WARD 12 PRECINCT 2","954","11","DEMOCRATIC","92"
"110","101","CITY OF ROCKFORD","0","Under Votes","410","17TH CONGRESS","WARD 12 PRECINCT 2","954","11","DEMOCRATIC","9"
"110","101","CITY OF ROCKFORD","0","Over Votes","410","17TH CONGRESS","WARD 12 PRECINCT 4","956","11","DEMOCRATIC","0"
"110","101","CITY OF ROCKFORD","390","ERIC SORENSEN","410","17TH CONGRESS","WARD 8 PRECINCT 5","1116","11","DEMOCRATIC","54"
"110","101","CITY OF ROCKFORD","0","Under Votes","410","17TH CONGRESS","WARD 8 PRECINCT 5","1116","11","DEMOCRATIC","2"
"110","101","CITY OF ROCKFORD","0","Over Votes","410","17TH CONGRESS","WARD 10 PRECINCT 4","924","11","DEMOCRATIC","0"
"110","101","CITY OF ROCKFORD","390","ERIC SORENSEN","410","17TH CONGRESS","WARD 10 PRECINCT 4","924","11","DEMOCRATIC","64"
"110","101","CITY OF ROCKFORD","0","Under Votes","410","17TH CONGRESS","WARD 10 PRECINCT 4","924","11","DEMOCRATIC","2"
"110","101","CITY OF ROCKFORD","0","Over Votes","410","17TH CONGRESS","WARD 12 PRECINCT 3","1013","11","DEMOCRATIC","0"
"110","101","CITY OF ROCKFORD","390","ERIC SORENSEN","410","17TH CONGRESS","WARD 12 PRECINCT 3","1013","11","DEMOCRATIC","42"
"110","101","CITY OF ROCKFORD","0","Under Votes","410","17TH CONGRESS","WARD 12 PRECINCT 3","1013","11","DEMOCRATIC","2"
"110","101","CITY OF ROCKFORD","0","Over Votes","410","17TH CONGRESS","WARD 13 PRECINCT 4","909","11","DEMOCRATIC","0"
"110","101","CITY OF ROCKFORD","390","ERIC SORENSEN","410","17TH CONGRESS","WARD 13 PRECINCT 4","909","11","DEMOCRATIC","27"
"110","101","CITY OF ROCKFORD","0","Under Votes","410","17TH CONGRESS","WARD 13 PRECINCT 4","909","11","DEMOCRATIC","3"
"110","101","CITY OF ROCKFORD","0","Over Votes","410","17TH CONGRESS","WARD 13 PRECINCT 5","1087","11","DEMOCRATIC","0"
"110","101","CITY OF ROCKFORD","390","ERIC SORENSEN","410","17TH CONGRESS","WARD 13 PRECINCT 5","1087","11","DEMOCRATIC","43"
"110","101","CITY OF ROCKFORD","0","Under Votes","410","17TH CONGRESS","WARD 13 PRECINCT 5","1087","11","DEMOCRATIC","3"
"110","101","CITY OF ROCKFORD","390","ERIC SORENSEN","410","17TH CONGRESS","WARD 12 PRECINCT 4","956","11","DEMOCRATIC","62"
"110","101","CITY OF ROCKFORD","0","Under Votes","410","17TH CONGRESS","WARD 12 PRECINCT 4","956","11","DEMOCRATIC","0"
"110","101","CITY OF ROCKFORD","0","Over Votes","410","17TH CONGRESS","WARD 13 PRECINCT 3","716","11","DEMOCRATIC","0"
"110","101","CITY OF ROCKFORD","390","ERIC SORENSEN","410","17TH CONGRESS","WARD 13 PRECINCT 3","716","11","DEMOCRATIC","30"
"110","101","CITY OF ROCKFORD","0","Under Votes","410","17TH CONGRESS","WARD 13 PRECINCT 3","716","11","DEMOCRATIC","0"
"110","101","CITY OF ROCKFORD","0","Over Votes","410","17TH CONGRESS","WARD 1 PRECINCT 2","956","11","DEMOCRATIC","0"
"110","101","CITY OF ROCKFORD","390","ERIC SORENSEN","410","17TH CONGRESS","WARD 1 PRECINCT 2","956","11","DEMOCRATIC","0"
"110","101","CITY OF ROCKFORD","0","Under Votes","410","17TH CONGRESS","WARD 1 PRECINCT 2","956","11","DEMOCRATIC","0"
"110","101","CITY OF ROCKFORD","0","Over Votes","410","17TH CONGRESS","WARD 2 PRECINCT 4","1220","11","DEMOCRATIC","0"
"110","101","CITY OF ROCKFORD","390","ERIC SORENSEN","410","17TH CONGRESS","WARD 2 PRECINCT 4","1220","11","DEMOCRATIC","104"
"110","101","CITY OF ROCKFORD","0","Under Votes","410","17TH CONGRESS","WARD 2 PRECINCT 4","1220","11","DEMOCRATIC","7"
"110","101","CITY OF ROCKFORD","0","Over Votes","410","17TH CONGRESS","WARD 3 PRECINCT 5","1060","11","DEMOCRATIC","0"
"110","101","CITY OF ROCKFORD","390","ERIC SORENSEN","410","17TH CONGRESS","WARD 3 PRECINCT 5","1060","11","DEMOCRATIC","87"
"110","101","CITY OF ROCKFORD","0","Under Votes","410","17TH CONGRESS","WARD 3 PRECINCT 5","1060","11","DEMOCRATIC","11"
"110","101","CITY OF ROCKFORD","0","Over Votes","410","17TH CONGRESS","WARD 6 PRECINCT 4","1098","11","DEMOCRATIC","0"
"110","101","CITY OF ROCKFORD","390","ERIC SORENSEN","410","17TH CONGRESS","WARD 6 PRECINCT 4","1098","11","DEMOCRATIC","32"
"110","101","CITY OF ROCKFORD","0","Under Votes","410","17TH CONGRESS","WARD 6 PRECINCT 4","1098","11","DEMOCRATIC","4"
"110","101","CITY OF ROCKFORD","0","Over Votes","410","17TH CONGRESS","WARD 6 PRECINCT 5","960","11","DEMOCRATIC","0"
"72","0","PEORIA","390","ERIC SORENSEN","410","17TH CONGRESS","PE55 - 152","0","11","","77"
"72","0","PEORIA","0","Under Votes","410","17TH CONGRESS","PE55 - 152","0","11","","8"
"72","0","PEORIA","0","Over Votes","410","17TH CONGRESS","PE55 - 152","0","11","","0"
"72","0","PEORIA","0","Over Votes","410","17TH CONGRESS","TI02 - 187","0","11","","0"
"72","0","PEORIA","390","ERIC SORENSEN","410","17TH CONGRESS","TI02 - 187","0","11","","36"
"72","0","PEORIA","0","Under Votes","410","17TH CONGRESS","TI02 - 187","0","11","","4"
"72","0","PEORIA","0","Over Votes","410","17TH CONGRESS","WP01 - 190","0","11","","0"
"72","0","PEORIA","390","ERIC SORENSEN","410","17TH CONGRESS","WP01 - 190","0","11","","49"
"72","0","PEORIA","0","Under Votes","410","17TH CONGRESS","WP01 - 190","0","11","","7"
"72","0","PEORIA","0","Over Votes","410","17TH CONGRESS","EL03 - 11","0","11","","0"
"72","0","PEORIA","390","ERIC SORENSEN","410","17TH CONGRESS","EL03 - 11","0","11","","27"
"72","0","PEORIA","0","Under Votes","410","17TH CONGRESS","EL03 - 11","0","11","","3"
"72","0","PEORIA","0","Over Votes","410","17TH CONGRESS","HO02 - 14","0","11","","0"
"72","0","PEORIA","390","ERIC SORENSEN","410","17TH CONGRESS","HO02 - 14","0","11","","44"
"72","0","PEORIA","0","Under Votes","410","17TH CONGRESS","HO02 - 14","0","11","","1"
"72","0","PEORIA","0","Over Votes","410","17TH CONGRESS","LI06 - 37","0","11","","0"
"72","0","PEORIA","390","ERIC SORENSEN","410","17TH CONGRESS","LI06 - 37","0","11","","21"
"72","0","PEORIA","0","Under Votes","410","17TH CONGRESS","LI06 - 37","0","11","","0"
"72","0","PEORIA","0","Over Votes","410","17TH CONGRESS","LI07 - 40","0","11","","0"
"72","0","PEORIA","390","ERIC SORENSEN","410","17TH CONGRESS","LI07 - 40","0","11","","51"
"72","0","PEORIA","0","Under Votes","410","17TH CONGRESS","LI07 - 40","0","11","","3"
"72","0","PEORIA","0","Over Votes","410","17TH CONGRESS","LI08 - 43","0","11","","0"
"72","0","PEORIA","390","ERIC SORENSEN","410","17TH CONGRESS","LI08 - 43","0","11","","71"
"72","0","PEORIA","0","Under Votes","410","17TH CONGRESS","LI08 - 43","0","11","","2"
"72","0","PEORIA","0","Over Votes","410","17TH CONGRESS","PE04 - 66","0","11","","0"
"72","0","PEORIA","390","ERIC SORENSEN","410","17TH CONGRESS","PE04 - 66","0","11","","51"
"72","0","PEORIA","0","Under Votes","410","17TH CONGRESS","PE04 - 66","0","11","","7"
"72","0","PEORIA","0","Over Votes","410","17TH CONGRESS","PE07 - 69","0","11","","0"
"72","0","PEORIA","390","ERIC SORENSEN","410","17TH CONGRESS","PE07 - 69","0","11","","44"
"72","0","PEORIA","0","Under Votes","410","17TH CONGRESS","PE07 - 69","0","11","","10"
"72","0","PEORIA","0","Over Votes","410","17TH CONGRESS","PE09 - 72","0","11","","0"
"72","0","PEORIA","390","ERIC SORENSEN","410","17TH CONGRESS","PE09 - 72","0","11","","38"
"72","0","PEORIA","0","Under Votes","410","17TH CONGRESS","PE09 - 72","0","11","","5"
"72","0","PEORIA","0","Under Votes","410","17TH CONGRESS","PE11 - 75","0","11","","4"
"72","0","PEORIA","0","Over Votes","410","17TH CONGRESS","PE11 - 75","0","11","","0"
"72","0","PEORIA","390","ERIC SORENSEN","410","17TH CONGRESS","PE11 - 75","0","11","","53"
"72","0","PEORIA","0","Over Votes","410","17TH CONGRESS","PE26 - 95","0","11","","0"
"72","0","PEORIA","390","ERIC SORENSEN","410","17TH CONGRESS","PE26 - 95","0","11","","35"
"72","0","PEORIA","0","Under Votes","410","17TH CONGRESS","PE26 - 95","0","11","","0"
"72","0","PEORIA","0","Over Votes","410","17TH CONGRESS","PE28 - 98","0","11","","0"
"72","0","PEORIA","390","ERIC SORENSEN","410","17TH CONGRESS","PE28 - 98","0","11","","70"
"72","0","PEORIA","0","Under Votes","410","17TH CONGRESS","PE28 - 98","0","11","","5"
"72","0","PEORIA","0","Over Votes","410","17TH CONGRESS","PE29 - 101","0","11","","0"
"72","0","PEORIA","390","ERIC SORENSEN","410","17TH CONGRESS","PE29 - 101","0","11","","72"
"72","0","PEORIA","0","Under Votes","410","17TH CONGRESS","PE29 - 101","0","11","","6"
"72","0","PEORIA","0","Over Votes","410","17TH CONGRESS","PE31 - 104","0","11","","0"
"72","0","PEORIA","390","ERIC SORENSEN","410","17TH CONGRESS","PE31 - 104","0","11","","81"
"72","0","PEORIA","0","Under Votes","410","17TH CONGRESS","PE31 - 104","0","11","","4"
"81","0","ROCK ISLAND","0","Over Votes","410","17TH CONGRESS","SO MOLINE 1","665","12","REPUBLICAN","0"
"81","0","ROCK ISLAND","0","Blank Ballots","410","17TH CONGRESS","SO MOLINE 1","665","12","REPUBLICAN","4"
"81","0","ROCK ISLAND","400","JOE McGRAW","410","17TH CONGRESS","SO MOLINE 4","1385","12","REPUBLICAN","52"
"81","0","ROCK ISLAND","0","Under Votes","410","17TH CONGRESS","SO MOLINE 4","1385","12","REPUBLICAN","0"
"81","0","ROCK ISLAND","395","SCOTT ALAN CROWL","410","17TH CONGRESS","SO MOLINE 4","1385","12","REPUBLICAN","21"
"81","0","ROCK ISLAND","0","Over Votes","410","17TH CONGRESS","SO MOLINE 4","1385","12","REPUBLICAN","0"
"81","0","ROCK ISLAND","0","Blank Ballots","410","17TH CONGRESS","SO MOLINE 4","1385","12","REPUBLICAN","4"
"81","0","ROCK ISLAND","400","JOE McGRAW","410","17TH CONGRESS","SO MOLINE 7","953","12","REPUBLICAN","28"
"81","0","ROCK ISLAND","0","Under Votes","410","17TH CONGRESS","SO MOLINE 7","953","12","REPUBLICAN","0"
"81","0","ROCK ISLAND","395","SCOTT ALAN CROWL","410","17TH CONGRESS","SO MOLINE 7","953","12","REPUBLICAN","23"
"81","0","ROCK ISLAND","0","Over Votes","410","17TH CONGRESS","SO MOLINE 7","953","12","REPUBLICAN","0"
"81","0","ROCK ISLAND","0","Blank Ballots","410","17TH CONGRESS","SO MOLINE 7","953","12","REPUBLICAN","4"
"81","0","ROCK ISLAND","400","JOE McGRAW","410","17TH CONGRESS","SO MOLINE 27","852","12","REPUBLICAN","29"
"81","0","ROCK ISLAND","0","Under Votes","410","17TH CONGRESS","SO MOLINE 27","852","12","REPUBLICAN","0"
"81","0","ROCK ISLAND","395","SCOTT ALAN CROWL","410","17TH CONGRESS","SO MOLINE 27","852","12","REPUBLICAN","11"
"81","0","ROCK ISLAND","0","Over Votes","410","17TH CONGRESS","SO MOLINE 27","852","12","REPUBLICAN","0"
"81","0","ROCK ISLAND","0","Blank Ballots","410","17TH CONGRESS","SO MOLINE 27","852","12","REPUBLICAN","6"
"81","0","ROCK ISLAND","400","JOE McGRAW","410","17TH CONGRESS","MOLINE 4","766","12","REPUBLICAN","27"
"81","0","ROCK ISLAND","0","Under Votes","410","17TH CONGRESS","MOLINE 4","766","12","REPUBLICAN","0"
"81","0","ROCK ISLAND","0","Over Votes","410","17TH CONGRESS","MOLINE 4","766","12","REPUBLICAN","0"
"81","0","ROCK ISLAND","0","Blank Ballots","410","17TH CONGRESS","MOLINE 4","766","12","REPUBLICAN","7"
"81","0","ROCK ISLAND","395","SCOTT ALAN CROWL","410","17TH CONGRESS","MOLINE 4","766","12","REPUBLICAN","13"
"81","0","ROCK ISLAND","400","JOE McGRAW","410","17TH CONGRESS","MOLINE 7","563","12","REPUBLICAN","10"
"81","0","ROCK ISLAND","0","Under Votes","410","17TH CONGRESS","MOLINE 7","563","12","REPUBLICAN","0"
"81","0","ROCK ISLAND","395","SCOTT ALAN CROWL","410","17TH CONGRESS","MOLINE 7","563","12","REPUBLICAN","5"
"81","0","ROCK ISLAND","0","Over Votes","410","17TH CONGRESS","MOLINE 7","563","12","REPUBLICAN","0"
"81","0","ROCK ISLAND","0","Blank Ballots","410","17TH CONGRESS","MOLINE 7","563","12","REPUBLICAN","0"
"81","0","ROCK ISLAND","0","Blank Ballots","410","17TH CONGRESS","MOLINE 10","730","12","REPUBLICAN","3"
"81","0","ROCK ISLAND","400","JOE McGRAW","410","17TH CONGRESS","MOLINE 10","730","12","REPUBLICAN","2"
"81","0","ROCK ISLAND","0","Under Votes","410","17TH CONGRESS","MOLINE 10","730","12","REPUBLICAN","0"
"81","0","ROCK ISLAND","395","SCOTT ALAN CROWL","410","17TH CONGRESS","MOLINE 10","730","12","REPUBLICAN","2"
"81","0","ROCK ISLAND","0","Over Votes","410","17TH CONGRESS","MOLINE 10","730","12","REPUBLICAN","0"
"81","0","ROCK ISLAND","400","JOE McGRAW","410","17TH CONGRESS","MOLINE 13","652","12","REPUBLICAN","12"
"81","0","ROCK ISLAND","0","Under Votes","410","17TH CONGRESS","MOLINE 13","652","12","REPUBLICAN","0"
"81","0","ROCK ISLAND","395","SCOTT ALAN CROWL","410","17TH CONGRESS","MOLINE 13","652","12","REPUBLICAN","10"
"81","0","ROCK ISLAND","0","Over Votes","410","17TH CONGRESS","MOLINE 13","652","12","REPUBLICAN","0"
"81","0","ROCK ISLAND","0","Blank Ballots","410","17TH CONGRESS","MOLINE 13","652","12","REPUBLICAN","0"
"81","0","ROCK ISLAND","0","Blank Ballots","410","17TH CONGRESS","ROCK ISLAND 13","382","12","REPUBLICAN","1"
"81","0","ROCK ISLAND","400","JOE McGRAW","410","17TH CONGRESS","ROCK ISLAND 13","382","12","REPUBLICAN","11"
"81","0","ROCK ISLAND","0","Under Votes","410","17TH CONGRESS","ROCK ISLAND 13","382","12","REPUBLICAN","0"
"81","0","ROCK ISLAND","395","SCOTT ALAN CROWL","410","17TH CONGRESS","ROCK ISLAND 13","382","12","REPUBLICAN","1"
"72","0","PEORIA","400","JOE McGRAW","410","17TH CONGRESS","PE21 - 87","0","12","","0"
"72","0","PEORIA","0","Under Votes","410","17TH CONGRESS","PE21 - 87","0","12","","0"
"72","0","PEORIA","395","SCOTT ALAN CROWL","410","17TH CONGRESS","PE21 - 87","0","12","","0"
"72","0","PEORIA","0","Over Votes","410","17TH CONGRESS","PE34 - 107","0","12","","0"
"72","0","PEORIA","0","Under Votes","410","17TH CONGRESS","PE34 - 107","0","12","","1"
"72","0","PEORIA","395","SCOTT ALAN CROWL","410","17TH CONGRESS","PE34 - 107","0","12","","3"
"72","0","PEORIA","400","JOE McGRAW","410","17TH CONGRESS","PE34 - 107","0","12","","3"
"72","0","PEORIA","0","Over Votes","410","17TH CONGRESS","PE36 - 110","0","12","","0"
"72","0","PEORIA","0","Under Votes","410","17TH CONGRESS","PE36 - 110","0","12","","8"
"72","0","PEORIA","395","SCOTT ALAN CROWL","410","17TH CONGRESS","PE36 - 110","0","12","","22"
"72","0","PEORIA","400","JOE McGRAW","410","17TH CONGRESS","PE36 - 110","0","12","","54"
"72","0","PEORIA","0","Over Votes","410","17TH CONGRESS","PE38 - 113","0","12","","0"
"72","0","PEORIA","400","JOE McGRAW","410","17TH CONGRESS","PE38 - 113","0","12","","15"
"72","0","PEORIA","0","Under Votes","410","17TH CONGRESS","PE38 - 113","0","12","","0"
"72","0","PEORIA","395","SCOTT ALAN CROWL","410","17TH CONGRESS","PE38 - 113","0","12","","8"
"72","0","PEORIA","0","Over Votes","410","17TH CONGRESS","PE40 - 116","0","12","","0"
"72","0","PEORIA","400","JOE McGRAW","410","17TH CONGRESS","PE40 - 116","0","12","","20"
"72","0","PEORIA","0","Under Votes","410","17TH CONGRESS","PE40 - 116","0","12","","6"
"72","0","PEORIA","395","SCOTT ALAN CROWL","410","17TH CONGRESS","PE40 - 116","0","12","","16"
"72","0","PEORIA","0","Over Votes","410","17TH CONGRESS","RI01 - 177","0","12","","0"
"72","0","PEORIA","400","JOE McGRAW","410","17TH CONGRESS","RI01 - 177","0","12","","38"
"72","0","PEORIA","0","Under Votes","410","17TH CONGRESS","RI01 - 177","0","12","","2"
"72","0","PEORIA","395","SCOTT ALAN CROWL","410","17TH CONGRESS","PE34 - 108","0","12","","15"
"72","0","PEORIA","395","SCOTT ALAN CROWL","410","17TH CONGRESS","WP03 - 192","0","12","","9"
"72","0","PEORIA","0","Over Votes","410","17TH CONGRESS","WP03 - 192","0","12","","0"
"72","0","PEORIA","400","JOE McGRAW","410","17TH CONGRESS","WP03 - 192","0","12","","31"
"72","0","PEORIA","0","Under Votes","410","17TH CONGRESS","WP03 - 192","0","12","","6"
"72","0","PEORIA","0","Over Votes","410","17TH CONGRESS","EL02 - 10","0","12","","0"
"72","0","PEORIA","0","Under Votes","410","17TH CONGRESS","EL02 - 10","0","12","","4"
"72","0","PEORIA","395","SCOTT ALAN CROWL","410","17TH CONGRESS","EL02 - 10","0","12","","9"
"72","0","PEORIA","400","JOE McGRAW","410","17TH CONGRESS","EL02 - 10","0","12","","33"
"72","0","PEORIA","0","Over Votes","410","17TH CONGRESS","LI03 - 33","0","12","","0"
"72","0","PEORIA","0","Under Votes","410","17TH CONGRESS","LI03 - 33","0","12","","6"
"72","0","PEORIA","395","SCOTT ALAN CROWL","410","17TH CONGRESS","LI03 - 33","0","12","","21"
"72","0","PEORIA","400","JOE McGRAW","410","17TH CONGRESS","LI03 - 33","0","12","","50"
"72","0","PEORIA","0","Over Votes","410","17TH CONGRESS","LI05 - 36","0","12","","0"
"72","0","PEORIA","0","Under Votes","410","17TH CONGRESS","LI05 - 36","0","12","","6"
"72","0","PEORIA","395","SCOTT ALAN CROWL","410","17TH CONGRESS","LI05 - 36","0","12","","23"
"72","0","PEORIA","400","JOE McGRAW","410","17TH CONGRESS","LI05 - 36","0","12","","31"
"72","0","PEORIA","0","Over Votes","410","17TH CONGRESS","LI06 - 39","0","12","","0"
"72","0","PEORIA","0","Under Votes","410","17TH CONGRESS","LI06 - 39","0","12","","9"
"72","0","PEORIA","395","SCOTT ALAN CROWL","410","17TH CONGRESS","LI06 - 39","0","12","","8"
"72","0","PEORIA","400","JOE McGRAW","410","17TH CONGRESS","LI06 - 39","0","12","","19"
"72","0","PEORIA","0","Over Votes","410","17TH CONGRESS","LI07 - 42","0","12","","0"
"72","0","PEORIA","0","Under Votes","410","17TH CONGRESS","LI07 - 42","0","12","","1"
"72","0","PEORIA","395","SCOTT ALAN CROWL","410","17TH CONGRESS","LI07 - 42","0","12","","7"
"72","0","PEORIA","400","JOE McGRAW","410","17TH CONGRESS","LI07 - 42","0","12","","4"
"72","0","PEORIA","0","Over Votes","410","17TH CONGRESS","PE01 - 62","0","12","","0"
"72","0","PEORIA","0","Under Votes","410","17TH CONGRESS","PE01 - 62","0","12","","0"
"72","0","PEORIA","395","SCOTT ALAN CROWL","410","17TH CONGRESS","PE01 - 62","0","12","","2"
"72","0","PEORIA","400","JOE McGRAW","410","17TH CONGRESS","PE01 - 62","0","12","","3"
"72","0","PEORIA","0","Over Votes","410","17TH CONGRESS","PE03 - 65","0","12","","0"
"72","0","PEORIA","0","Under Votes","410","17TH CONGRESS","PE03 - 65","0","12","","1"
"72","0","PEORIA","395","SCOTT ALAN CROWL","410","17TH CONGRESS","PE03 - 65","0","12","","3"
"72","0","PEORIA","400","JOE McGRAW","410","17TH CONGRESS","PE03 - 65","0","12","","4"
"72","0","PEORIA","0","Over Votes","410","17TH CONGRESS","PE06 - 68","0","12","","0"
"72","0","PEORIA","0","Under Votes","410","17TH CONGRESS","PE06 - 68","0","12","","0"
"72","0","PEORIA","395","SCOTT ALAN CROWL","410","17TH CONGRESS","PE06 - 68","0","12","","0"
"72","0","PEORIA","400","JOE McGRAW","410","17TH CONGRESS","PE06 - 68","0","12","","2"
"72","0","PEORIA","0","Over Votes","410","17TH CONGRESS","PE08 - 71","0","12","","0"
"72","0","PEORIA","0","Under Votes","410","17TH CONGRESS","PE08 - 71","0","12","","2"
"72","0","PEORIA","395","SCOTT ALAN CROWL","410","17TH CONGRESS","PE08 - 71","0","12","","1"
"72","0","PEORIA","400","JOE McGRAW","410","17TH CONGRESS","PE08 - 71","0","12","","2"
"72","0","PEORIA","0","Over Votes","410","17TH CONGRESS","PE26 - 94","0","12","","0"
"72","0","PEORIA","0","Under Votes","410","17TH CONGRESS","PE26 - 94","0","12","","2"
"72","0","PEORIA","395","SCOTT ALAN CROWL","410","17TH CONGRESS","PE26 - 94","0","12","","5"
"72","0","PEORIA","400","JOE McGRAW","410","17TH CONGRESS","PE26 - 94","0","12","","15"
"72","0","PEORIA","0","Over Votes","410","17TH CONGRESS","PE27 - 97","0","12","","0"
"72","0","PEORIA","0","Under Votes","410","17TH CONGRESS","PE27 - 97","0","12","","4"
"72","0","PEORIA","395","SCOTT ALAN CROWL","410","17TH CONGRESS","PE27 - 97","0","12","","19"
"72","0","PEORIA","400","JOE McGRAW","410","17TH CONGRESS","PE27 - 97","0","12","","46"
"72","0","PEORIA","0","Over Votes","410","17TH CONGRESS","PE28 - 100","0","12","","0"
"72","0","PEORIA","0","Under Votes","410","17TH CONGRESS","PE28 - 100","0","12","","2"
"72","0","PEORIA","395","SCOTT ALAN CROWL","410","17TH CONGRESS","PE28 - 100","0","12","","4"
"72","0","PEORIA","0","Over Votes","410","17TH CONGRESS","EL03 - 11","0","12","","0"
"72","0","PEORIA","0","Under Votes","410","17TH CONGRESS","EL03 - 11","0","12","","8"
"72","0","PEORIA","395","SCOTT ALAN CROWL","410","17TH CONGRESS","EL03 - 11","0","12","","16"
"72","0","PEORIA","400","JOE McGRAW","410","17TH CONGRESS","EL03 - 11","0","12","","34"
"72","0","PEORIA","0","Over Votes","410","17TH CONGRESS","HO02 - 14","0","12","","0"
"72","0","PEORIA","0","Under Votes","410","17TH CONGRESS","HO02 - 14","0","12","","8"
"72","0","PEORIA","395","SCOTT ALAN CROWL","410","17TH CONGRESS","HO02 - 14","0","12","","16"
"72","0","PEORIA","400","JOE McGRAW","410","17TH CONGRESS","HO02 - 14","0","12","","37"
"72","0","PEORIA","0","Over Votes","410","17TH CONGRESS","LI06 - 37","0","12","","0"
"72","0","PEORIA","400","JOE McGRAW","410","17TH CONGRESS","LI06 - 37","0","12","","17"
"72","0","PEORIA","0","Under Votes","410","17TH CONGRESS","LI06 - 37","0","12","","0"
"72","0","PEORIA","395","SCOTT ALAN CROWL","410","17TH CONGRESS","LI06 - 37","0","12","","11"
"72","0","PEORIA","0","Over Votes","410","17TH CONGRESS","LI07 - 40","0","12","","0"
"72","0","PEORIA","0","Under Votes","410","17TH CONGRESS","LI07 - 40","0","12","","4"
"72","0","PEORIA","395","SCOTT ALAN CROWL","410","17TH CONGRESS","LI07 - 40","0","12","","12"
"72","0","PEORIA","400","JOE McGRAW","410","17TH CONGRESS","LI07 - 40","0","12","","25"
"72","0","PEORIA","0","Over Votes","410","17TH CONGRESS","LI08 - 43","0","12","","0"
"72","0","PEORIA","0","Under Votes","410","17TH CONGRESS","LI08 - 43","0","12","","4"
"72","0","PEORIA","395","SCOTT ALAN CROWL","410","17TH CONGRESS","LI08 - 43","0","12","","24"
"72","0","PEORIA","400","JOE McGRAW","410","17TH CONGRESS","LI08 - 43","0","12","","38"
"72","0","PEORIA","0","Over Votes","410","17TH CONGRESS","PE04 - 66","0","12","","0"
"72","0","PEORIA","400","JOE McGRAW","410","17TH CONGRESS","PE04 - 66","0","12","","11"
"48","0","KNOX","0","Over Votes","410","17TH CONGRESS","ONTARIO","625","11","DEMOCRATIC","0"
"48","0","KNOX","0","Blank Ballots","410","17TH CONGRESS","ONTARIO","625","11","DEMOCRATIC","1"
"48","0","KNOX","390","ERIC SORENSEN","410","17TH CONGRESS","ONTARIO","625","11","DEMOCRATIC","24"
"48","0","KNOX","0","Under Votes","410","17TH CONGRESS","ONTARIO","625","11","DEMOCRATIC","0"
"48","0","KNOX","0","Over Votes","410","17TH CONGRESS","HAW CREEK","279","11","DEMOCRATIC","0"
"48","0","KNOX","0","Blank Ballots","410","17TH CONGRESS","HAW CREEK","279","11","DEMOCRATIC","0"
"48","0","KNOX","390","ERIC SORENSEN","410","17TH CONGRESS","HAW CREEK","279","11","DEMOCRATIC","16"
"48","0","KNOX","0","Under Votes","410","17TH CONGRESS","HAW CREEK","279","11","DEMOCRATIC","0"
"48","0","KNOX","0","Over Votes","410","17TH CONGRESS","LYNN","187","11","DEMOCRATIC","0"
"48","0","KNOX","0","Blank Ballots","410","17TH CONGRESS","LYNN","187","11","DEMOCRATIC","1"
"48","0","KNOX","390","ERIC SORENSEN","410","17TH CONGRESS","LYNN","187","11","DEMOCRATIC","10"
"48","0","KNOX","0","Under Votes","410","17TH CONGRESS","LYNN","187","11","DEMOCRATIC","0"
"48","0","KNOX","0","Over Votes","410","17TH CONGRESS","SPARTA","742","11","DEMOCRATIC","0"
"48","0","KNOX","0","Blank Ballots","410","17TH CONGRESS","SPARTA","742","11","DEMOCRATIC","2"
"48","0","KNOX","390","ERIC SORENSEN","410","17TH CONGRESS","SPARTA","742","11","DEMOCRATIC","31"
"48","0","KNOX","0","Under Votes","410","17TH CONGRESS","SPARTA","742","11","DEMOCRATIC","0"
"48","0","KNOX","0","Over Votes","410","17TH CONGRESS","VICTORIA","260","11","DEMOCRATIC","0"
"48","0","KNOX","0","Blank Ballots","410","17TH CONGRESS","VICTORIA","260","11","DEMOCRATIC","0"
"48","0","KNOX","390","ERIC SORENSEN","410","17TH CONGRESS","VICTORIA","260","11","DEMOCRATIC","14"
"48","0","KNOX","0","Under Votes","410","17TH CONGRESS","VICTORIA","260","11","DEMOCRATIC","0"
"48","0","KNOX","0","Over Votes","410","17TH CONGRESS","COPLEY","315","11","DEMOCRATIC","0"
"48","0","KNOX","0","Blank Ballots","410","17TH CONGRESS","COPLEY","315","11","DEMOCRATIC","0"
"48","0","KNOX","390","ERIC SORENSEN","410","17TH CONGRESS","COPLEY","315","11","DEMOCRATIC","8"
"48","0","KNOX","0","Under Votes","410","17TH CONGRESS","COPLEY","315","11","DEMOCRATIC","0"
"48","0","KNOX","0","Over Votes","410","17TH CONGRESS","KNOX SECOND","526","11","DEMOCRATIC","0"
"48","0","KNOX","0","Blank Ballots","410","17TH CONGRESS","KNOX SECOND","526","11","DEMOCRATIC","1"
"48","0","KNOX","390","ERIC SORENSEN","410","17TH CONGRESS","KNOX SECOND","526","11","DEMOCRATIC","13"
"48","0","KNOX","0","Under Votes","410","17TH CONGRESS","KNOX SECOND","526","11","DEMOCRATIC","0"
"48","0","KNOX","0","Over Votes","410","17TH CONGRESS","SALEM","684","11","DEMOCRATIC","0"
"48","0","KNOX","0","Blank Ballots","410","17TH CONGRESS","SALEM","684","11","DEMOCRATIC","1"
"48","0","KNOX","390","ERIC SORENSEN","410","17TH CONGRESS","SALEM","684","11","DEMOCRATIC","21"
"48","0","KNOX","0","Under Votes","410","17TH CONGRESS","SALEM","684","11","DEMOCRATIC","0"
"48","0","KNOX","0","Over Votes","410","17TH CONGRESS","CHESTNUT","181","11","DEMOCRATIC","0"
"48","0","KNOX","0","Blank Ballots","410","17TH CONGRESS","CHESTNUT","181","11","DEMOCRATIC","0"
"48","0","KNOX","390","ERIC SORENSEN","410","17TH CONGRESS","CHESTNUT","181","11","DEMOCRATIC","5"
"48","0","KNOX","0","Under Votes","410","17TH CONGRESS","CHESTNUT","181","11","DEMOCRATIC","0"
"48","0","KNOX","0","Over Votes","410","17TH CONGRESS","ELBA","201","11","DEMOCRATIC","0"
"48","0","KNOX","0","Blank Ballots","410","17TH CONGRESS","ELBA","201","11","DEMOCRATIC","0"
"48","0","KNOX","390","ERIC SORENSEN","410","17TH CONGRESS","ELBA","201","11","DEMOCRATIC","7"
"48","0","KNOX","0","Under Votes","410","17TH CONGRESS","ELBA","201","11","DEMOCRATIC","0"
"48","0","KNOX","0","Over Votes","410","17TH CONGRESS","KNOX FOURTH","490","11","DEMOCRATIC","0"
"48","0","KNOX","0","Blank Ballots","410","17TH CONGRESS","KNOX FOURTH","490","11","DEMOCRATIC","2"
"48","0","KNOX","390","ERIC SORENSEN","410","17TH CONGRESS","KNOX FOURTH","490","11","DEMOCRATIC","18"
"48","0","KNOX","0","Under Votes","410","17TH CONGRESS","KNOX FOURTH","490","11","DEMOCRATIC","0"
"48","0","KNOX","0","Over Votes","410","17TH CONGRESS","KNOX SIX","904","11","DEMOCRATIC","0"
"89","0","STEPHENSON","0","Over Votes","410","17TH CONGRESS","FREEPORT 7","832","11","DEMOCRATIC","0"
"89","0","STEPHENSON","0","Blank Ballots","410","17TH CONGRESS","FREEPORT 7","832","11","DEMOCRATIC","0"
"89","0","STEPHENSON","0","Under Votes","410","17TH CONGRESS","FREEPORT 7","832","11","DEMOCRATIC","1"
"89","0","STEPHENSON","390","ERIC SORENSEN","410","17TH CONGRESS","FREEPORT 14","1005","11","DEMOCRATIC","107"
"89","0","STEPHENSON","0","Over Votes","410","17TH CONGRESS","FREEPORT 14","1005","11","DEMOCRATIC","0"
"89","0","STEPHENSON","0","Blank Ballots","410","17TH CONGRESS","FREEPORT 14","1005","11","DEMOCRATIC","0"
"89","0","STEPHENSON","0","Under Votes","410","17TH CONGRESS","FREEPORT 14","1005","11","DEMOCRATIC","2"
"89","0","STEPHENSON","390","ERIC SORENSEN","410","17TH CONGRESS","RIDOTT","868","11","DEMOCRATIC","30"
"89","0","STEPHENSON","0","Over Votes","410","17TH CONGRESS","RIDOTT","868","11","DEMOCRATIC","0"
"89","0","STEPHENSON","0","Blank Ballots","410","17TH CONGRESS","RIDOTT","868","11","DEMOCRATIC","0"
"89","0","STEPHENSON","0","Under Votes","410","17TH CONGRESS","RIDOTT","868","11","DEMOCRATIC","2"
"89","0","STEPHENSON","390","ERIC SORENSEN","410","17TH CONGRESS","KENT","408","11","DEMOCRATIC","21"
"89","0","STEPHENSON","0","Over Votes","410","17TH CONGRESS","KENT","408","11","DEMOCRATIC","0"
"89","0","STEPHENSON","0","Blank Ballots","410","17TH CONGRESS","KENT","408","11","DEMOCRATIC","0"
"89","0","STEPHENSON","0","Under Votes","410","17TH CONGRESS","KENT","408","11","DEMOCRATIC","5"
"89","0","STEPHENSON","390","ERIC SORENSEN","410","17TH CONGRESS","FREEPORT 3","625","11","DEMOCRATIC","39"
"89","0","STEPHENSON","0","Over Votes","410","17TH CONGRESS","FREEPORT 3","625","11","DEMOCRATIC","0"
"89","0","STEPHENSON","0","Blank Ballots","410","17TH CONGRESS","FREEPORT 3","625","11","DEMOCRATIC","0"
"89","0","STEPHENSON","0","Under Votes","410","17TH CONGRESS","FREEPORT 3","625","11","DEMOCRATIC","1"
"89","0","STEPHENSON","390","ERIC SORENSEN","410","17TH CONGRESS","FREEPORT 10","783","11","DEMOCRATIC","48"
"89","0","STEPHENSON","0","Over Votes","410","17TH CONGRESS","FREEPORT 10","783","11","DEMOCRATIC","0"
"89","0","STEPHENSON","0","Blank Ballots","410","17TH CONGRESS","FREEPORT 10","783","11","DEMOCRATIC","0"
"89","0","STEPHENSON","0","Under Votes","410","17TH CONGRESS","FREEPORT 10","783","11","DEMOCRATIC","1"
"89","0","STEPHENSON","390","ERIC SORENSEN","410","17TH CONGRESS","HARLEM 2","744","11","DEMOCRATIC","47"
"89","0","STEPHENSON","0","Over Votes","410","17TH CONGRESS","HARLEM 2","744","11","DEMOCRATIC","0"
"89","0","STEPHENSON","0","Blank Ballots","410","17TH CONGRESS","HARLEM 2","744","11","DEMOCRATIC","0"
"89","0","STEPHENSON","0","Under Votes","410","17TH CONGRESS","HARLEM 2","744","11","DEMOCRATIC","2"
"89","0","STEPHENSON","390","ERIC SORENSEN","410","17TH CONGRESS","FREEPORT 4","622","11","DEMOCRATIC","25"
"89","0","STEPHENSON","0","Over Votes","410","17TH CONGRESS","FREEPORT 4","622","11","DEMOCRATIC","0"
"89","0","STEPHENSON","390","ERIC SORENSEN","410","17TH CONGRESS","JEFFERSON","153","11","DEMOCRATIC","6"
"89","0","STEPHENSON","0","Over Votes","410","17TH CONGRESS","JEFFERSON","153","11","DEMOCRATIC","0"
"89","0","STEPHENSON","0","Blank Ballots","410","17TH CONGRESS","JEFFERSON","153","11","DEMOCRATIC","0"
"89","0","STEPHENSON","0","Under Votes","410","17TH CONGRESS","JEFFERSON","153","11","DEMOCRATIC","1"
"89","0","STEPHENSON","390","ERIC SORENSEN","410","17TH CONGRESS","LANCASTER","927","11","DEMOCRATIC","49"
"89","0","STEPHENSON","0","Over Votes","410","17TH CONGRESS","LANCASTER","927","11","DEMOCRATIC","0"
"89","0","STEPHENSON","0","Blank Ballots","410","17TH CONGRESS","LANCASTER","927","11","DEMOCRATIC","0"
"89","0","STEPHENSON","0","Under Votes","410","17TH CONGRESS","LANCASTER","927","11","DEMOCRATIC","1"
"89","0","STEPHENSON","390","ERIC SORENSEN","410","17TH CONGRESS","FREEPORT 6","704","11","DEMOCRATIC","39"
"89","0","STEPHENSON","0","Over Votes","410","17TH CONGRESS","FREEPORT 6","704","11","DEMOCRATIC","0"
"89","0","STEPHENSON","0","Blank Ballots","410","17TH CONGRESS","FREEPORT 6","704","11","DEMOCRATIC","0"
"89","0","STEPHENSON","0","Under Votes","410","17TH CONGRESS","FREEPORT 6","704","11","DEMOCRATIC","2"
"62","0","McDONOUGH","390","ERIC SORENSEN","410","17TH CONGRESS","MACOMB CITY 2-16","0","11","DEMOCRATIC PARTY","65"
"64","0","McLEAN","0","Over Votes","410","17TH CONGRESS","NORMAL 07","595","11","DEMOCRATIC","0"
"64","0","McLEAN","0","Under Votes","410","17TH CONGRESS","NORMAL 07","595","11","DEMOCRATIC","3"
"64","0","McLEAN","390","ERIC SORENSEN","410","17TH CONGRESS","NORMAL 08","462","11","DEMOCRATIC","73"
"64","0","McLEAN","0","Over Votes","410","17TH CONGRESS","NORMAL 08","462","11","DEMOCRATIC","0"
"64","0","McLEAN","0","Under Votes","410","17TH CONGRESS","NORMAL 08","462","11","DEMOCRATIC","4"
"64","0","McLEAN","0","Over Votes","410","17TH CONGRESS","NORMAL 16","841","11","DEMOCRATIC","0"
"64","0","McLEAN","390","ERIC SORENSEN","410","17TH CONGRESS","NORMAL 16","841","11","DEMOCRATIC","49"
"64","0","McLEAN","0","Under Votes","410","17TH CONGRESS","NORMAL 16","841","11","DEMOCRATIC","0"
"64","0","McLEAN","390","ERIC SORENSEN","410","17TH CONGRESS","NORMAL 29","1135","11","DEMOCRATIC","36"
"64","0","McLEAN","0","Over Votes","410","17TH CONGRESS","NORMAL 29","1135","11","DEMOCRATIC","0"
"64","0","McLEAN","0","Under Votes","410","17TH CONGRESS","NORMAL 29","1135","11","DEMOCRATIC","8"
"64","0","McLEAN","0","Under Votes","410","17TH CONGRESS","NORMAL 04","810","11","DEMOCRATIC","2"
"64","0","McLEAN","0","Over Votes","410","17TH CONGRESS","NORMAL 14","454","11","DEMOCRATIC","0"
"64","0","McLEAN","390","ERIC SORENSEN","410","17TH CONGRESS","NORMAL 14","454","11","DEMOCRATIC","55"
"64","0","McLEAN","0","Under Votes","410","17TH CONGRESS","NORMAL 14","454","11","DEMOCRATIC","6"
"64","0","McLEAN","0","Over Votes","410","17TH CONGRESS","NORMAL 17","1096","11","DEMOCRATIC","0"
"64","0","McLEAN","390","ERIC SORENSEN","410","17TH CONGRESS","NORMAL 17","1096","11","DEMOCRATIC","69"
"64","0","McLEAN","0","Under Votes","410","17TH CONGRESS","NORMAL 17","1096","11","DEMOCRATIC","4"
"64","0","McLEAN","0","Over Votes","410","17TH CONGRESS","NORMAL 30","756","11","DEMOCRATIC","0"
"64","0","McLEAN","390","ERIC SORENSEN","410","17TH CONGRESS","NORMAL 30","756","11","DEMOCRATIC","53"
"64","0","McLEAN","0","Under Votes","410","17TH CONGRESS","NORMAL 30","756","11","DEMOCRATIC","4"
"64","0","McLEAN","0","Over Votes","410","17TH CONGRESS","BLOOMINGTON 01","430","11","DEMOCRATIC","0"
"64","0","McLEAN","390","ERIC SORENSEN","410","17TH CONGRESS","BLOOMINGTON 01","430","11","DEMOCRATIC","7"
"64","0","McLEAN","0","Under Votes","410","17TH CONGRESS","BLOOMINGTON 01","430","11","DEMOCRATIC","0"
"64","0","McLEAN","0","Over Votes","410","17TH CONGRESS","MT. HOPE 01","746","11","DEMOCRATIC","0"
"64","0","McLEAN","390","ERIC SORENSEN","410","17TH CONGRESS","MT. HOPE 01","746","11","DEMOCRATIC","34"
"64","0","McLEAN","0","Under Votes","410","17TH CONGRESS","MT. HOPE 01","746","11","DEMOCRATIC","2"
"64","0","McLEAN","0","Over Votes","410","17TH CONGRESS","NORMAL 03","955","11","DEMOCRATIC","0"
"64","0","McLEAN","390","ERIC SORENSEN","410","17TH CONGRESS","NORMAL 03","955","11","DEMOCRATIC","74"
"64","0","McLEAN","0","Under Votes","410","17TH CONGRESS","NORMAL 03","955","11","DEMOCRATIC","4"
"64","0","McLEAN","0","Over Votes","410","17TH CONGRESS","NORMAL 33","920","11","DEMOCRATIC","0"
"64","0","McLEAN","390","ERIC SORENSEN","410","17TH CONGRESS","NORMAL 33","920","11","DEMOCRATIC","68"
"64","0","McLEAN","0","Under Votes","410","17TH CONGRESS","NORMAL 33","920","11","DEMOCRATIC","2"
"64","0","McLEAN","0","Over Votes","410","17TH CONGRESS","NORMAL 10","772","11","DEMOCRATIC","0"
"64","0","McLEAN","390","ERIC SORENSEN","410","17TH CONGRESS","NORMAL 10","772","11","DEMOCRATIC","71"
"64","0","McLEAN","0","Under Votes","410","17TH CONGRESS","NORMAL 10","772","11","DEMOCRATIC","1"
"64","0","McLEAN","0","Over Votes","410","17TH CONGRESS","NORMAL 19","824","11","DEMOCRATIC","0"
"64","0","McLEAN","390","ERIC SORENSEN","410","17TH CONGRESS","NORMAL 19","824","11","DEMOCRATIC","57"
"64","0","McLEAN","0","Under Votes","410","17TH CONGRESS","NORMAL 19","824","11","DEMOCRATIC","5"
"64","0","McLEAN","0","Over Votes","410","17TH CONGRESS","NORMAL 31","99","11","DEMOCRATIC","0"
"64","0","McLEAN","390","ERIC SORENSEN","410","17TH CONGRESS","NORMAL 31","99","11","DEMOCRATIC","8"
"64","0","McLEAN","0","Under Votes","410","17TH CONGRESS","NORMAL 31","99","11","DEMOCRATIC","0"
"98","0","WHITESIDE","0","Blank Ballots","410","17TH CONGRESS","COLOMA 3","368","12","REPUBLICAN","0"
"110","101","CITY OF ROCKFORD","390","ERIC SORENSEN","410","17TH CONGRESS","WARD 6 PRECINCT 5","960","11","DEMOCRATIC","29"
"110","101","CITY OF ROCKFORD","0","Under Votes","410","17TH CONGRESS","WARD 6 PRECINCT 5","960","11","DEMOCRATIC","5"
"110","101","CITY OF ROCKFORD","0","Over Votes","410","17TH CONGRESS","WARD 7 PRECINCT 3","1027","11","DEMOCRATIC","0"
"110","101","CITY OF ROCKFORD","0","Under Votes","410","17TH CONGRESS","WARD 7 PRECINCT 3","1027","11","DEMOCRATIC","6"
"110","101","CITY OF ROCKFORD","390","ERIC SORENSEN","410","17TH CONGRESS","WARD 7 PRECINCT 3","1027","11","DEMOCRATIC","51"
"110","101","CITY OF ROCKFORD","0","Over Votes","410","17TH CONGRESS","WARD 8 PRECINCT 5","1116","11","DEMOCRATIC","0"
"94","0","WARREN","0","Over Votes","410","17TH CONGRESS","COLDBROOK 1-2","0","11","DEMOCRATIC PARTY","0"
"94","0","WARREN","0","Under Votes","410","17TH CONGRESS","COLDBROOK 1-2","0","11","DEMOCRATIC PARTY","0"
"94","0","WARREN","390","ERIC SORENSEN","410","17TH CONGRESS","COLDBROOK 1-2","0","11","DEMOCRATIC PARTY","17"
"94","0","WARREN","0","Over Votes","410","17TH CONGRESS","SPRING GROVE-GERLAW 2-2","0","11","DEMOCRATIC PARTY","0"
"94","0","WARREN","0","Under Votes","410","17TH CONGRESS","SPRING GROVE-GERLAW 2-2","0","11","DEMOCRATIC PARTY","0"
"94","0","WARREN","390","ERIC SORENSEN","410","17TH CONGRESS","SPRING GROVE-GERLAW 2-2","0","11","DEMOCRATIC PARTY","16"
"94","0","WARREN","0","Over Votes","410","17TH CONGRESS","MONMOUTH  3-3","0","11","DEMOCRATIC PARTY","0"
"94","0","WARREN","0","Under Votes","410","17TH CONGRESS","MONMOUTH  3-3","0","11","DEMOCRATIC PARTY","1"
"94","0","WARREN","390","ERIC SORENSEN","410","17TH CONGRESS","MONMOUTH  3-3","0","11","DEMOCRATIC PARTY","38"
"94","0","WARREN","0","Over Votes","410","17TH CONGRESS","MONMOUTH  6-3","0","11","DEMOCRATIC PARTY","0"
"94","0","WARREN","0","Under Votes","410","17TH CONGRESS","MONMOUTH  6-3","0","11","DEMOCRATIC PARTY","0"
"94","0","WARREN","390","ERIC SORENSEN","410","17TH CONGRESS","MONMOUTH  6-3","0","11","DEMOCRATIC PARTY","35"
"94","0","WARREN","0","Over Votes","410","17TH CONGRESS","MONMOUTH  1-F17","0","11","DEMOCRATIC PARTY","0"
"94","0","WARREN","0","Under Votes","410","17TH CONGRESS","MONMOUTH  1-F17","0","11","DEMOCRATIC PARTY","0"
"94","0","WARREN","390","ERIC SORENSEN","410","17TH CONGRESS","MONMOUTH  1-F17","0","11","DEMOCRATIC PARTY","0"
"94","0","WARREN","0","Over Votes","410","17TH CONGRESS","MONMOUTH  4-F17","0","11","DEMOCRATIC PARTY","0"
"94","0","WARREN","0","Under Votes","410","17TH CONGRESS","MONMOUTH  4-F17","0","11","DEMOCRATIC PARTY","0"
"94","0","WARREN","390","ERIC SORENSEN","410","17TH CONGRESS","MONMOUTH  4-F17","0","11","DEMOCRATIC PARTY","0"
"94","0","WARREN","0","Over Votes","410","17TH CONGRESS","MONMOUTH  7-F17","0","11","DEMOCRATIC PARTY","0"
"94","0","WARREN","0","Under Votes","410","17TH CONGRESS","MONMOUTH  7-F17","0","11","DEMOCRATIC PARTY","0"
"94","0","WARREN","390","ERIC SORENSEN","410","17TH CONGRESS","MONMOUTH  7-F17","0","11","DEMOCRATIC PARTY","0"
"94","0","WARREN","0","Over Votes","410","17TH CONGRESS","MONMOUTH  1-3","0","11","DEMOCRATIC PARTY","0"
"94","0","WARREN","0","Under Votes","410","17TH CONGRESS","MONMOUTH  1-3","0","11","DEMOCRATIC PARTY","0"
"94","0","WARREN","390","ERIC SORENSEN","410","17TH CONGRESS","MONMOUTH  1-3","0","11","DEMOCRATIC PARTY","16"
"94","0","WARREN","0","Over Votes","410","17TH CONGRESS","MONMOUTH  4-3","0","11","DEMOCRATIC PARTY","0"
"94","0","WARREN","0","Under Votes","410","17TH CONGRESS","MONMOUTH  4-3","0","11","DEMOCRATIC PARTY","1"
"94","0","WARREN","390","ERIC SORENSEN","410","17TH CONGRESS","MONMOUTH  4-3","0","11","DEMOCRATIC PARTY","26"
"94","0","WARREN","0","Over Votes","410","17TH CONGRESS","MONMOUTH  7-4","0","11","DEMOCRATIC PARTY","0"
"94","0","WARREN","0","Under Votes","410","17TH CONGRESS","MONMOUTH  7-4","0","11","DEMOCRATIC PARTY","1"
"94","0","WARREN","390","ERIC SORENSEN","410","17TH CONGRESS","MONMOUTH  7-4","0","11","DEMOCRATIC PARTY","20"
"94","0","WARREN","0","Over Votes","410","17TH CONGRESS","MONMOUTH 10-4","0","11","DEMOCRATIC PARTY","0"
"94","0","WARREN","0","Under Votes","410","17TH CONGRESS","MONMOUTH 10-4","0","11","DEMOCRATIC PARTY","0"
"62","0","McDONOUGH","0","Under Votes","410","17TH CONGRESS","MACOMB CITY 2-16","0","11","DEMOCRATIC PARTY","8"
"62","0","McDONOUGH","0","Over Votes","410","17TH CONGRESS","MACOMB CITY 2-16","0","11","DEMOCRATIC PARTY","0"
"62","0","McDONOUGH","390","ERIC SORENSEN","410","17TH CONGRESS","MACOMB CITY 5-19","0","11","DEMOCRATIC PARTY","29"
"62","0","McDONOUGH","0","Under Votes","410","17TH CONGRESS","MACOMB CITY 5-19","0","11","DEMOCRATIC PARTY","2"
"62","0","McDONOUGH","0","Over Votes","410","17TH CONGRESS","MACOMB CITY 5-19","0","11","DEMOCRATIC PARTY","0"
"62","0","McDONOUGH","390","ERIC SORENSEN","410","17TH CONGRESS","SCOTLAND-33","0","11","DEMOCRATIC PARTY","0"
"62","0","McDONOUGH","0","Under Votes","410","17TH CONGRESS","SCOTLAND-33","0","11","DEMOCRATIC PARTY","0"
"62","0","McDONOUGH","0","Over Votes","410","17TH CONGRESS","SCOTLAND-33","0","11","DEMOCRATIC PARTY","0"
"62","0","McDONOUGH","390","ERIC SORENSEN","410","17TH CONGRESS","MACOMB TWP-F17","0","11","DEMOCRATIC PARTY","0"
"62","0","McDONOUGH","0","Under Votes","410","17TH CONGRESS","MACOMB TWP-F17","0","11","DEMOCRATIC PARTY","0"
"62","0","McDONOUGH","0","Over Votes","410","17TH CONGRESS","MACOMB TWP-F17","0","11","DEMOCRATIC PARTY","0"
"62","0","McDONOUGH","390","ERIC SORENSEN","410","17TH CONGRESS","MACOMB CITY 1-14","0","11","DEMOCRATIC PARTY","61"
"62","0","McDONOUGH","0","Under Votes","410","17TH CONGRESS","MACOMB CITY 1-14","0","11","DEMOCRATIC PARTY","2"
"62","0","McDONOUGH","0","Over Votes","410","17TH CONGRESS","MACOMB CITY 1-14","0","11","DEMOCRATIC PARTY","0"
"62","0","McDONOUGH","390","ERIC SORENSEN","410","17TH CONGRESS","MACOMB CITY 3-17","0","11","DEMOCRATIC PARTY","73"
"62","0","McDONOUGH","0","Under Votes","410","17TH CONGRESS","MACOMB CITY 3-17","0","11","DEMOCRATIC PARTY","5"
"62","0","McDONOUGH","0","Over Votes","410","17TH CONGRESS","MACOMB CITY 3-17","0","11","DEMOCRATIC PARTY","0"
"62","0","McDONOUGH","390","ERIC SORENSEN","410","17TH CONGRESS","MACOMB CITY 5-20","0","11","DEMOCRATIC PARTY","0"
"62","0","McDONOUGH","0","Under Votes","410","17TH CONGRESS","MACOMB CITY 5-20","0","11","DEMOCRATIC PARTY","0"
"62","0","McDONOUGH","0","Over Votes","410","17TH CONGRESS","MACOMB CITY 5-20","0","11","DEMOCRATIC PARTY","0"
"62","0","McDONOUGH","390","ERIC SORENSEN","410","17TH CONGRESS","MACOMB CITY 7-23","0","11","DEMOCRATIC PARTY","49"
"62","0","McDONOUGH","0","Under Votes","410","17TH CONGRESS","MACOMB CITY 7-23","0","11","DEMOCRATIC PARTY","5"
"62","0","McDONOUGH","0","Over Votes","410","17TH CONGRESS","MACOMB CITY 7-23","0","11","DEMOCRATIC PARTY","0"
"62","0","McDONOUGH","390","ERIC SORENSEN","410","17TH CONGRESS","MACOMB CITY #1-F17","0","11","DEMOCRATIC PARTY","0"
"62","0","McDONOUGH","0","Under Votes","410","17TH CONGRESS","MACOMB CITY #1-F17","0","11","DEMOCRATIC PARTY","0"
"62","0","McDONOUGH","0","Over Votes","410","17TH CONGRESS","MACOMB CITY #1-F17","0","11","DEMOCRATIC PARTY","0"
"62","0","McDONOUGH","390","ERIC SORENSEN","410","17TH CONGRESS","MACOMB CITY #3-F17","0","11","DEMOCRATIC PARTY","0"
"62","0","McDONOUGH","0","Under Votes","410","17TH CONGRESS","MACOMB CITY #3-F17","0","11","DEMOCRATIC PARTY","0"
"62","0","McDONOUGH","0","Over Votes","410","17TH CONGRESS","MACOMB CITY #3-F17","0","11","DEMOCRATIC PARTY","0"
"62","0","McDONOUGH","390","ERIC SORENSEN","410","17TH CONGRESS","MOUND-28","0","11","DEMOCRATIC PARTY","4"
"62","0","McDONOUGH","0","Under Votes","410","17TH CONGRESS","MOUND-28","0","11","DEMOCRATIC PARTY","0"
"62","0","McDONOUGH","0","Over Votes","410","17TH CONGRESS","MOUND-28","0","11","DEMOCRATIC PARTY","0"
"62","0","McDONOUGH","390","ERIC SORENSEN","410","17TH CONGRESS","MACOMB CITY #2-F17","0","11","DEMOCRATIC PARTY","0"
"62","0","McDONOUGH","0","Under Votes","410","17TH CONGRESS","MACOMB CITY #2-F17","0","11","DEMOCRATIC PARTY","0"
"62","0","McDONOUGH","0","Over Votes","410","17TH CONGRESS","MACOMB CITY #2-F17","0","11","DEMOCRATIC PARTY","0"
"62","0","McDONOUGH","390","ERIC SORENSEN","410","17TH CONGRESS","MACOMB CITY #5-F17","0","11","DEMOCRATIC PARTY","0"
"62","0","McDONOUGH","0","Under Votes","410","17TH CONGRESS","MACOMB CITY #5-F17","0","11","DEMOCRATIC PARTY","0"
"98","0","WHITESIDE","0","Over Votes","410","17TH CONGRESS","FULTON 2","495","11","DEMOCRATIC","0"
"98","0","WHITESIDE","0","Blank Ballots","410","17TH CONGRESS","FULTON 2","495","11","DEMOCRATIC","0"
"98","0","WHITESIDE","0","Under Votes","410","17TH CONGRESS","GENESEE 1","552","11","DEMOCRATIC","1"
"98","0","WHITESIDE","390","ERIC SORENSEN","410","17TH CONGRESS","GENESEE 1","552","11","DEMOCRATIC","24"
"98","0","WHITESIDE","0","Over Votes","410","17TH CONGRESS","GENESEE 1","552","11","DEMOCRATIC","0"
"98","0","WHITESIDE","390","ERIC SORENSEN","410","17TH CONGRESS","COLOMA 2","753","11","DEMOCRATIC","49"
"98","0","WHITESIDE","0","Under Votes","410","17TH CONGRESS","COLOMA 2","753","11","DEMOCRATIC","3"
"98","0","WHITESIDE","0","Over Votes","410","17TH CONGRESS","COLOMA 2","753","11","DEMOCRATIC","0"
"98","0","WHITESIDE","0","Blank Ballots","410","17TH CONGRESS","COLOMA 2","753","11","DEMOCRATIC","0"
"98","0","WHITESIDE","0","Under Votes","410","17TH CONGRESS","FENTON 1","378","11","DEMOCRATIC","1"
"98","0","WHITESIDE","390","ERIC SORENSEN","410","17TH CONGRESS","FENTON 1","378","11","DEMOCRATIC","16"
"98","0","WHITESIDE","0","Over Votes","410","17TH CONGRESS","FENTON 1","378","11","DEMOCRATIC","0"
"98","0","WHITESIDE","0","Blank Ballots","410","17TH CONGRESS","FENTON 1","378","11","DEMOCRATIC","0"
"98","0","WHITESIDE","390","ERIC SORENSEN","410","17TH CONGRESS","HAHNAMAN 1","190","11","DEMOCRATIC","7"
"98","0","WHITESIDE","0","Under Votes","410","17TH CONGRESS","HAHNAMAN 1","190","11","DEMOCRATIC","1"
"98","0","WHITESIDE","0","Over Votes","410","17TH CONGRESS","HAHNAMAN 1","190","11","DEMOCRATIC","0"
"98","0","WHITESIDE","0","Blank Ballots","410","17TH CONGRESS","HAHNAMAN 1","190","11","DEMOCRATIC","0"
"98","0","WHITESIDE","0","Under Votes","410","17TH CONGRESS","MT. PLEASANT 4","729","11","DEMOCRATIC","2"
"98","0","WHITESIDE","390","ERIC SORENSEN","410","17TH CONGRESS","MT. PLEASANT 4","729","11","DEMOCRATIC","30"
"98","0","WHITESIDE","0","Over Votes","410","17TH CONGRESS","MT. PLEASANT 4","729","11","DEMOCRATIC","0"
"98","0","WHITESIDE","0","Blank Ballots","410","17TH CONGRESS","MT. PLEASANT 4","729","11","DEMOCRATIC","0"
"98","0","WHITESIDE","390","ERIC SORENSEN","410","17TH CONGRESS","STERLING 1","384","11","DEMOCRATIC","27"
"98","0","WHITESIDE","0","Under Votes","410","17TH CONGRESS","STERLING 1","384","11","DEMOCRATIC","0"
"98","0","WHITESIDE","0","Over Votes","410","17TH CONGRESS","STERLING 1","384","11","DEMOCRATIC","0"
"98","0","WHITESIDE","0","Blank Ballots","410","17TH CONGRESS","STERLING 1","384","11","DEMOCRATIC","0"
"98","0","WHITESIDE","0","Under Votes","410","17TH CONGRESS","STERLING 12","890","11","DEMOCRATIC","2"
"98","0","WHITESIDE","390","ERIC SORENSEN","410","17TH CONGRESS","STERLING 12","890","11","DEMOCRATIC","58"
"98","0","WHITESIDE","0","Over Votes","410","17TH CONGRESS","STERLING 12","890","11","DEMOCRATIC","0"
"98","0","WHITESIDE","0","Blank Ballots","410","17TH CONGRESS","STERLING 12","890","11","DEMOCRATIC","0"
"98","0","WHITESIDE","390","ERIC SORENSEN","410","17TH CONGRESS","TAMPICO 1","617","11","DEMOCRATIC","15"
"98","0","WHITESIDE","0","Under Votes","410","17TH CONGRESS","TAMPICO 1","617","11","DEMOCRATIC","1"
"98","0","WHITESIDE","0","Over Votes","410","17TH CONGRESS","TAMPICO 1","617","11","DEMOCRATIC","0"
"98","0","WHITESIDE","0","Blank Ballots","410","17TH CONGRESS","TAMPICO 1","617","11","DEMOCRATIC","0"
"98","0","WHITESIDE","0","Blank Ballots","410","17TH CONGRESS","COLOMA 3","368","11","DEMOCRATIC","0"
"98","0","WHITESIDE","0","Under Votes","410","17TH CONGRESS","COLOMA 3","368","11","DEMOCRATIC","1"
"98","0","WHITESIDE","390","ERIC SORENSEN","410","17TH CONGRESS","COLOMA 3","368","11","DEMOCRATIC","18"
"98","0","WHITESIDE","0","Over Votes","410","17TH CONGRESS","COLOMA 3","368","11","DEMOCRATIC","0"
"98","0","WHITESIDE","0","Blank Ballots","410","17TH CONGRESS","FULTON 1","602","11","DEMOCRATIC","0"
"98","0","WHITESIDE","0","Under Votes","410","17TH CONGRESS","FULTON 1","602","11","DEMOCRATIC","2"
"98","0","WHITESIDE","390","ERIC SORENSEN","410","17TH CONGRESS","FULTON 1","602","11","DEMOCRATIC","14"
"98","0","WHITESIDE","0","Over Votes","410","17TH CONGRESS","FULTON 1","602","11","DEMOCRATIC","0"
"98","0","WHITESIDE","390","ERIC SORENSEN","410","17TH CONGRESS","HOPKINS 1","783","11","DEMOCRATIC","40"
"72","0","PEORIA","390","ERIC SORENSEN","410","17TH CONGRESS","TR01 - 188","0","11","","22"
"72","0","PEORIA","0","Under Votes","410","17TH CONGRESS","TR01 - 188","0","11","","0"
"72","0","PEORIA","0","Over Votes","410","17TH CONGRESS","TR01 - 188","0","11","","0"
"72","0","PEORIA","390","ERIC SORENSEN","410","17TH CONGRESS","WP02 - 191","0","11","","100"
"72","0","PEORIA","0","Under Votes","410","17TH CONGRESS","WP02 - 191","0","11","","12"
"72","0","PEORIA","0","Over Votes","410","17TH CONGRESS","WP02 - 191","0","11","","0"
"72","0","PEORIA","0","Under Votes","410","17TH CONGRESS","KI01 - 21","0","11","","0"
"72","0","PEORIA","0","Over Votes","410","17TH CONGRESS","KI01 - 21","0","11","","0"
"72","0","PEORIA","390","ERIC SORENSEN","410","17TH CONGRESS","KI01 - 21","0","11","","2"
"72","0","PEORIA","0","Under Votes","410","17TH CONGRESS","LI01 - 27","0","11","","2"
"72","0","PEORIA","0","Over Votes","410","17TH CONGRESS","LI01 - 27","0","11","","0"
"72","0","PEORIA","390","ERIC SORENSEN","410","17TH CONGRESS","LI01 - 27","0","11","","57"
"72","0","PEORIA","0","Under Votes","410","17TH CONGRESS","LI11 - 50","0","11","","1"
"72","0","PEORIA","0","Over Votes","410","17TH CONGRESS","LI11 - 50","0","11","","0"
"72","0","PEORIA","390","ERIC SORENSEN","410","17TH CONGRESS","LI11 - 50","0","11","","5"
"72","0","PEORIA","0","Under Votes","410","17TH CONGRESS","PE17 - 82","0","11","","8"
"72","0","PEORIA","0","Over Votes","410","17TH CONGRESS","PE17 - 82","0","11","","0"
"72","0","PEORIA","390","ERIC SORENSEN","410","17TH CONGRESS","PE17 - 82","0","11","","65"
"72","0","PEORIA","0","Under Votes","410","17TH CONGRESS","PE20 - 85","0","11","","11"
"72","0","PEORIA","0","Over Votes","410","17TH CONGRESS","PE20 - 85","0","11","","0"
"72","0","PEORIA","390","ERIC SORENSEN","410","17TH CONGRESS","PE20 - 85","0","11","","87"
"72","0","PEORIA","0","Under Votes","410","17TH CONGRESS","PE22 - 88","0","11","","2"
"72","0","PEORIA","0","Over Votes","410","17TH CONGRESS","PE22 - 88","0","11","","0"
"72","0","PEORIA","390","ERIC SORENSEN","410","17TH CONGRESS","PE22 - 88","0","11","","51"
"72","0","PEORIA","0","Under Votes","410","17TH CONGRESS","PE24 - 91","0","11","","4"
"72","0","PEORIA","0","Over Votes","410","17TH CONGRESS","PE24 - 91","0","11","","0"
"72","0","PEORIA","390","ERIC SORENSEN","410","17TH CONGRESS","PE24 - 91","0","11","","31"
"72","0","PEORIA","0","Under Votes","410","17TH CONGRESS","PE37 - 111","0","11","","7"
"72","0","PEORIA","0","Over Votes","410","17TH CONGRESS","PE37 - 111","0","11","","0"
"72","0","PEORIA","390","ERIC SORENSEN","410","17TH CONGRESS","PE37 - 111","0","11","","61"
"72","0","PEORIA","0","Under Votes","410","17TH CONGRESS","PE38 - 114","0","11","","2"
"72","0","PEORIA","0","Over Votes","410","17TH CONGRESS","PE38 - 114","0","11","","0"
"72","0","PEORIA","390","ERIC SORENSEN","410","17TH CONGRESS","PE38 - 114","0","11","","16"
"72","0","PEORIA","0","Under Votes","410","17TH CONGRESS","PE40 - 117","0","11","","7"
"72","0","PEORIA","0","Over Votes","410","17TH CONGRESS","PE40 - 117","0","11","","0"
"72","0","PEORIA","390","ERIC SORENSEN","410","17TH CONGRESS","PE40 - 117","0","11","","47"
"72","0","PEORIA","0","Under Votes","410","17TH CONGRESS","PE42 - 120","0","11","","11"
"72","0","PEORIA","0","Over Votes","410","17TH CONGRESS","PE42 - 120","0","11","","0"
"72","0","PEORIA","390","ERIC SORENSEN","410","17TH CONGRESS","PE42 - 120","0","11","","75"
"72","0","PEORIA","0","Under Votes","410","17TH CONGRESS","PE54 - 149","0","11","","8"
"72","0","PEORIA","0","Over Votes","410","17TH CONGRESS","PE54 - 149","0","11","","0"
"72","0","PEORIA","390","ERIC SORENSEN","410","17TH CONGRESS","PE54 - 149","0","11","","53"
"81","0","ROCK ISLAND","0","Over Votes","410","17TH CONGRESS","HAMPTON 6","600","11","DEMOCRATIC","0"
"81","0","ROCK ISLAND","390","ERIC SORENSEN","410","17TH CONGRESS","HAMPTON 6","600","11","DEMOCRATIC","48"
"81","0","ROCK ISLAND","0","Under Votes","410","17TH CONGRESS","HAMPTON 6","600","11","DEMOCRATIC","0"
"81","0","ROCK ISLAND","0","Blank Ballots","410","17TH CONGRESS","HAMPTON 6","600","11","DEMOCRATIC","3"
"81","0","ROCK ISLAND","0","Over Votes","410","17TH CONGRESS","HAMPTON 9","372","11","DEMOCRATIC","0"
"81","0","ROCK ISLAND","390","ERIC SORENSEN","410","17TH CONGRESS","HAMPTON 9","372","11","DEMOCRATIC","18"
"62","0","McDONOUGH","0","Over Votes","410","17TH CONGRESS","MACOMB CITY #5-F17","0","11","DEMOCRATIC PARTY","0"
"62","0","McDONOUGH","390","ERIC SORENSEN","410","17TH CONGRESS","MACOMB CITY #7-F17","0","11","DEMOCRATIC PARTY","0"
"62","0","McDONOUGH","0","Under Votes","410","17TH CONGRESS","MACOMB CITY #7-F17","0","11","DEMOCRATIC PARTY","0"
"62","0","McDONOUGH","0","Over Votes","410","17TH CONGRESS","MACOMB CITY #7-F17","0","11","DEMOCRATIC PARTY","0"
"62","0","McDONOUGH","390","ERIC SORENSEN","410","17TH CONGRESS","MACOMB TOWNSHIP-26","0","11","DEMOCRATIC PARTY","15"
"62","0","McDONOUGH","0","Under Votes","410","17TH CONGRESS","MACOMB TOWNSHIP-26","0","11","DEMOCRATIC PARTY","0"
"62","0","McDONOUGH","0","Over Votes","410","17TH CONGRESS","MACOMB TOWNSHIP-26","0","11","DEMOCRATIC PARTY","0"
"62","0","McDONOUGH","390","ERIC SORENSEN","410","17TH CONGRESS","MACOMB CITY #6-F17","0","11","DEMOCRATIC PARTY","0"
"62","0","McDONOUGH","0","Under Votes","410","17TH CONGRESS","MACOMB CITY #6-F17","0","11","DEMOCRATIC PARTY","0"
"62","0","McDONOUGH","0","Over Votes","410","17TH CONGRESS","MACOMB CITY #6-F17","0","11","DEMOCRATIC PARTY","0"
"62","0","McDONOUGH","390","ERIC SORENSEN","410","17TH CONGRESS","MOUND-F17","0","11","DEMOCRATIC PARTY","0"
"62","0","McDONOUGH","0","Under Votes","410","17TH CONGRESS","MOUND-F17","0","11","DEMOCRATIC PARTY","0"
"62","0","McDONOUGH","0","Over Votes","410","17TH CONGRESS","MOUND-F17","0","11","DEMOCRATIC PARTY","0"
"62","0","McDONOUGH","390","ERIC SORENSEN","410","17TH CONGRESS","SCOTLAND-F17","0","11","DEMOCRATIC PARTY","0"
"62","0","McDONOUGH","0","Under Votes","410","17TH CONGRESS","SCOTLAND-F17","0","11","DEMOCRATIC PARTY","0"
"62","0","McDONOUGH","0","Over Votes","410","17TH CONGRESS","SCOTLAND-F17","0","11","DEMOCRATIC PARTY","0"
"62","0","McDONOUGH","390","ERIC SORENSEN","410","17TH CONGRESS","MACOMB CITY 4-18","0","11","DEMOCRATIC PARTY","33"
"62","0","McDONOUGH","0","Under Votes","410","17TH CONGRESS","MACOMB CITY 4-18","0","11","DEMOCRATIC PARTY","1"
"62","0","McDONOUGH","0","Over Votes","410","17TH CONGRESS","MACOMB CITY 4-18","0","11","DEMOCRATIC PARTY","0"
"62","0","McDONOUGH","0","Over Votes","410","17TH CONGRESS","MACOMB CITY 6-21","0","11","DEMOCRATIC PARTY","0"
"62","0","McDONOUGH","390","ERIC SORENSEN","410","17TH CONGRESS","MACOMB CITY 6-21","0","11","DEMOCRATIC PARTY","76"
"62","0","McDONOUGH","0","Under Votes","410","17TH CONGRESS","MACOMB CITY 6-21","0","11","DEMOCRATIC PARTY","2"
"62","0","McDONOUGH","0","Over Votes","410","17TH CONGRESS","MACOMB CITY 7-24","0","11","DEMOCRATIC PARTY","0"
"62","0","McDONOUGH","390","ERIC SORENSEN","410","17TH CONGRESS","MACOMB CITY 7-24","0","11","DEMOCRATIC PARTY","26"
"62","0","McDONOUGH","0","Under Votes","410","17TH CONGRESS","MACOMB CITY 7-24","0","11","DEMOCRATIC PARTY","5"
"62","0","McDONOUGH","0","Over Votes","410","17TH CONGRESS","MACOMB CITY #4-F17","0","11","DEMOCRATIC PARTY","0"
"62","0","McDONOUGH","390","ERIC SORENSEN","410","17TH CONGRESS","MACOMB CITY #4-F17","0","11","DEMOCRATIC PARTY","0"
"62","0","McDONOUGH","0","Under Votes","410","17TH CONGRESS","MACOMB CITY #4-F17","0","11","DEMOCRATIC PARTY","0"
"62","0","McDONOUGH","390","ERIC SORENSEN","410","17TH CONGRESS","EMMET-9","0","11","DEMOCRATIC PARTY","32"
"62","0","McDONOUGH","0","Under Votes","410","17TH CONGRESS","EMMET-9","0","11","DEMOCRATIC PARTY","2"
"62","0","McDONOUGH","0","Over Votes","410","17TH CONGRESS","EMMET-9","0","11","DEMOCRATIC PARTY","0"
"62","0","McDONOUGH","390","ERIC SORENSEN","410","17TH CONGRESS","EMMET-F17","0","11","DEMOCRATIC PARTY","0"
"62","0","McDONOUGH","0","Under Votes","410","17TH CONGRESS","EMMET-F17","0","11","DEMOCRATIC PARTY","0"
"62","0","McDONOUGH","0","Over Votes","410","17TH CONGRESS","EMMET-F17","0","11","DEMOCRATIC PARTY","0"
"101","0","WINNEBAGO","0","Under Votes","410","17TH CONGRESS","CHERRY VALLEY 2","603","11","DEMOCRATIC","0"
"101","0","WINNEBAGO","390","ERIC SORENSEN","410","17TH CONGRESS","CHERRY VALLEY 2","603","11","DEMOCRATIC","17"
"101","0","WINNEBAGO","0","Over Votes","410","17TH CONGRESS","CHERRY VALLEY 2","603","11","DEMOCRATIC","0"
"101","0","WINNEBAGO","0","Under Votes","410","17TH CONGRESS","ROCKFORD 2","1156","11","DEMOCRATIC","0"
"94","0","WARREN","390","ERIC SORENSEN","410","17TH CONGRESS","MONMOUTH 10-4","0","11","DEMOCRATIC PARTY","10"
"94","0","WARREN","0","Over Votes","410","17TH CONGRESS","MONMOUTH  2-F17","0","11","DEMOCRATIC PARTY","0"
"94","0","WARREN","0","Under Votes","410","17TH CONGRESS","MONMOUTH  2-F17","0","11","DEMOCRATIC PARTY","0"
"94","0","WARREN","390","ERIC SORENSEN","410","17TH CONGRESS","MONMOUTH  2-F17","0","11","DEMOCRATIC PARTY","0"
"94","0","WARREN","0","Over Votes","410","17TH CONGRESS","MONMOUTH  5-F17","0","11","DEMOCRATIC PARTY","0"
"94","0","WARREN","0","Under Votes","410","17TH CONGRESS","MONMOUTH  5-F17","0","11","DEMOCRATIC PARTY","0"
"94","0","WARREN","390","ERIC SORENSEN","410","17TH CONGRESS","MONMOUTH  5-F17","0","11","DEMOCRATIC PARTY","0"
"94","0","WARREN","0","Over Votes","410","17TH CONGRESS","MONMOUTH  8-F17","0","11","DEMOCRATIC PARTY","0"
"94","0","WARREN","0","Under Votes","410","17TH CONGRESS","MONMOUTH  8-F17","0","11","DEMOCRATIC PARTY","0"
"94","0","WARREN","390","ERIC SORENSEN","410","17TH CONGRESS","MONMOUTH  8-F17","0","11","DEMOCRATIC PARTY","0"
"94","0","WARREN","0","Over Votes","410","17TH CONGRESS","MONMOUTH 11-F17","0","11","DEMOCRATIC PARTY","0"
"94","0","WARREN","0","Under Votes","410","17TH CONGRESS","MONMOUTH 11-F17","0","11","DEMOCRATIC PARTY","0"
"94","0","WARREN","390","ERIC SORENSEN","410","17TH CONGRESS","MONMOUTH 11-F17","0","11","DEMOCRATIC PARTY","0"
"94","0","WARREN","0","Over Votes","410","17TH CONGRESS","KELLY 1-F17","0","11","DEMOCRATIC PARTY","0"
"94","0","WARREN","0","Under Votes","410","17TH CONGRESS","KELLY 1-F17","0","11","DEMOCRATIC PARTY","0"
"94","0","WARREN","390","ERIC SORENSEN","410","17TH CONGRESS","KELLY 1-F17","0","11","DEMOCRATIC PARTY","0"
"94","0","WARREN","0","Over Votes","410","17TH CONGRESS","MONMOUTH  9-4","0","11","DEMOCRATIC PARTY","0"
"94","0","WARREN","0","Under Votes","410","17TH CONGRESS","MONMOUTH  9-4","0","11","DEMOCRATIC PARTY","0"
"94","0","WARREN","390","ERIC SORENSEN","410","17TH CONGRESS","MONMOUTH  9-4","0","11","DEMOCRATIC PARTY","26"
"94","0","WARREN","0","Over Votes","410","17TH CONGRESS","MONMOUTH 12-2","0","11","DEMOCRATIC PARTY","0"
"94","0","WARREN","0","Under Votes","410","17TH CONGRESS","MONMOUTH 12-2","0","11","DEMOCRATIC PARTY","0"
"94","0","WARREN","390","ERIC SORENSEN","410","17TH CONGRESS","MONMOUTH 12-2","0","11","DEMOCRATIC PARTY","25"
"94","0","WARREN","0","Over Votes","410","17TH CONGRESS","MONMOUTH 10-F17","0","11","DEMOCRATIC PARTY","0"
"94","0","WARREN","0","Under Votes","410","17TH CONGRESS","MONMOUTH 10-F17","0","11","DEMOCRATIC PARTY","0"
"94","0","WARREN","390","ERIC SORENSEN","410","17TH CONGRESS","MONMOUTH 10-F17","0","11","DEMOCRATIC PARTY","0"
"94","0","WARREN","0","Over Votes","410","17TH CONGRESS","SPRING GROVE-ALEXIS 1-F17","0","11","DEMOCRATIC PARTY","0"
"94","0","WARREN","0","Under Votes","410","17TH CONGRESS","SPRING GROVE-ALEXIS 1-F17","0","11","DEMOCRATIC PARTY","0"
"94","0","WARREN","390","ERIC SORENSEN","410","17TH CONGRESS","SPRING GROVE-ALEXIS 1-F17","0","11","DEMOCRATIC PARTY","0"
"94","0","WARREN","0","Over Votes","410","17TH CONGRESS","KELLY 1-2","0","11","DEMOCRATIC PARTY","0"
"94","0","WARREN","0","Under Votes","410","17TH CONGRESS","KELLY 1-2","0","11","DEMOCRATIC PARTY","3"
"94","0","WARREN","390","ERIC SORENSEN","410","17TH CONGRESS","KELLY 1-2","0","11","DEMOCRATIC PARTY","24"
"94","0","WARREN","0","Over Votes","410","17TH CONGRESS","MONMOUTH  2-4","0","11","DEMOCRATIC PARTY","0"
"94","0","WARREN","0","Under Votes","410","17TH CONGRESS","MONMOUTH  2-4","0","11","DEMOCRATIC PARTY","1"
"94","0","WARREN","390","ERIC SORENSEN","410","17TH CONGRESS","MONMOUTH  2-4","0","11","DEMOCRATIC PARTY","10"
"94","0","WARREN","0","Over Votes","410","17TH CONGRESS","COLDBROOK 1-F17","0","11","DEMOCRATIC PARTY","0"
"94","0","WARREN","0","Under Votes","410","17TH CONGRESS","COLDBROOK 1-F17","0","11","DEMOCRATIC PARTY","0"
"94","0","WARREN","390","ERIC SORENSEN","410","17TH CONGRESS","COLDBROOK 1-F17","0","11","DEMOCRATIC PARTY","0"
"94","0","WARREN","0","Over Votes","410","17TH CONGRESS","MONMOUTH  3-F17","0","11","DEMOCRATIC PARTY","0"
"81","0","ROCK ISLAND","0","Blank Ballots","410","17TH CONGRESS","SO MOLINE 28","803","12","REPUBLICAN","6"
"81","0","ROCK ISLAND","400","JOE McGRAW","410","17TH CONGRESS","MOLINE 2","704","12","REPUBLICAN","13"
"81","0","ROCK ISLAND","0","Under Votes","410","17TH CONGRESS","MOLINE 2","704","12","REPUBLICAN","0"
"81","0","ROCK ISLAND","0","Over Votes","410","17TH CONGRESS","MOLINE 2","704","12","REPUBLICAN","0"
"81","0","ROCK ISLAND","395","SCOTT ALAN CROWL","410","17TH CONGRESS","MOLINE 2","704","12","REPUBLICAN","5"
"81","0","ROCK ISLAND","0","Blank Ballots","410","17TH CONGRESS","MOLINE 2","704","12","REPUBLICAN","5"
"81","0","ROCK ISLAND","400","JOE McGRAW","410","17TH CONGRESS","MOLINE 5","734","12","REPUBLICAN","23"
"81","0","ROCK ISLAND","0","Under Votes","410","17TH CONGRESS","MOLINE 5","734","12","REPUBLICAN","0"
"81","0","ROCK ISLAND","395","SCOTT ALAN CROWL","410","17TH CONGRESS","MOLINE 5","734","12","REPUBLICAN","7"
"81","0","ROCK ISLAND","0","Over Votes","410","17TH CONGRESS","MOLINE 5","734","12","REPUBLICAN","0"
"81","0","ROCK ISLAND","0","Blank Ballots","410","17TH CONGRESS","MOLINE 5","734","12","REPUBLICAN","2"
"81","0","ROCK ISLAND","400","JOE McGRAW","410","17TH CONGRESS","ROCK ISLAND 5","653","12","REPUBLICAN","3"
"81","0","ROCK ISLAND","0","Under Votes","410","17TH CONGRESS","ROCK ISLAND 5","653","12","REPUBLICAN","0"
"81","0","ROCK ISLAND","0","Over Votes","410","17TH CONGRESS","ROCK ISLAND 5","653","12","REPUBLICAN","0"
"81","0","ROCK ISLAND","395","SCOTT ALAN CROWL","410","17TH CONGRESS","ROCK ISLAND 5","653","12","REPUBLICAN","2"
"81","0","ROCK ISLAND","0","Blank Ballots","410","17TH CONGRESS","ROCK ISLAND 5","653","12","REPUBLICAN","2"
"81","0","ROCK ISLAND","400","JOE McGRAW","410","17TH CONGRESS","ROCK ISLAND 8","355","12","REPUBLICAN","5"
"81","0","ROCK ISLAND","0","Under Votes","410","17TH CONGRESS","ROCK ISLAND 8","355","12","REPUBLICAN","0"
"81","0","ROCK ISLAND","0","Over Votes","410","17TH CONGRESS","ROCK ISLAND 8","355","12","REPUBLICAN","0"
"81","0","ROCK ISLAND","395","SCOTT ALAN CROWL","410","17TH CONGRESS","ROCK ISLAND 8","355","12","REPUBLICAN","1"
"81","0","ROCK ISLAND","0","Blank Ballots","410","17TH CONGRESS","ROCK ISLAND 8","355","12","REPUBLICAN","0"
"81","0","ROCK ISLAND","400","JOE McGRAW","410","17TH CONGRESS","ROCK ISLAND 11","184","12","REPUBLICAN","6"
"81","0","ROCK ISLAND","0","Under Votes","410","17TH CONGRESS","ROCK ISLAND 11","184","12","REPUBLICAN","0"
"81","0","ROCK ISLAND","395","SCOTT ALAN CROWL","410","17TH CONGRESS","ROCK ISLAND 11","184","12","REPUBLICAN","1"
"81","0","ROCK ISLAND","0","Over Votes","410","17TH CONGRESS","ROCK ISLAND 11","184","12","REPUBLICAN","0"
"81","0","ROCK ISLAND","0","Blank Ballots","410","17TH CONGRESS","ROCK ISLAND 11","184","12","REPUBLICAN","0"
"81","0","ROCK ISLAND","400","JOE McGRAW","410","17TH CONGRESS","ROCK ISLAND 14","548","12","REPUBLICAN","5"
"81","0","ROCK ISLAND","0","Under Votes","410","17TH CONGRESS","ROCK ISLAND 14","548","12","REPUBLICAN","0"
"81","0","ROCK ISLAND","395","SCOTT ALAN CROWL","410","17TH CONGRESS","ROCK ISLAND 14","548","12","REPUBLICAN","5"
"81","0","ROCK ISLAND","0","Over Votes","410","17TH CONGRESS","ROCK ISLAND 14","548","12","REPUBLICAN","0"
"81","0","ROCK ISLAND","0","Blank Ballots","410","17TH CONGRESS","ROCK ISLAND 14","548","12","REPUBLICAN","0"
"81","0","ROCK ISLAND","400","JOE McGRAW","410","17TH CONGRESS","SO ROCK ISLAND 3","962","12","REPUBLICAN","32"
"81","0","ROCK ISLAND","0","Under Votes","410","17TH CONGRESS","SO ROCK ISLAND 3","962","12","REPUBLICAN","0"
"81","0","ROCK ISLAND","395","SCOTT ALAN CROWL","410","17TH CONGRESS","SO ROCK ISLAND 3","962","12","REPUBLICAN","12"
"81","0","ROCK ISLAND","0","Over Votes","410","17TH CONGRESS","SO ROCK ISLAND 3","962","12","REPUBLICAN","0"
"81","0","ROCK ISLAND","0","Blank Ballots","410","17TH CONGRESS","SO ROCK ISLAND 3","962","12","REPUBLICAN","7"
"81","0","ROCK ISLAND","400","JOE McGRAW","410","17TH CONGRESS","SO ROCK ISLAND 6","804","12","REPUBLICAN","31"
"81","0","ROCK ISLAND","0","Under Votes","410","17TH CONGRESS","SO ROCK ISLAND 6","804","12","REPUBLICAN","0"
"81","0","ROCK ISLAND","395","SCOTT ALAN CROWL","410","17TH CONGRESS","SO ROCK ISLAND 6","804","12","REPUBLICAN","13"
"81","0","ROCK ISLAND","0","Over Votes","410","17TH CONGRESS","SO ROCK ISLAND 6","804","12","REPUBLICAN","0"
"72","0","PEORIA","0","Under Votes","410","17TH CONGRESS","PE04 - 66","0","12","","4"
"72","0","PEORIA","395","SCOTT ALAN CROWL","410","17TH CONGRESS","PE04 - 66","0","12","","4"
"72","0","PEORIA","0","Over Votes","410","17TH CONGRESS","PE07 - 69","0","12","","0"
"72","0","PEORIA","0","Under Votes","410","17TH CONGRESS","PE07 - 69","0","12","","2"
"72","0","PEORIA","395","SCOTT ALAN CROWL","410","17TH CONGRESS","PE07 - 69","0","12","","5"
"72","0","PEORIA","400","JOE McGRAW","410","17TH CONGRESS","PE07 - 69","0","12","","7"
"72","0","PEORIA","0","Over Votes","410","17TH CONGRESS","PE09 - 72","0","12","","0"
"72","0","PEORIA","0","Under Votes","410","17TH CONGRESS","PE09 - 72","0","12","","4"
"72","0","PEORIA","395","SCOTT ALAN CROWL","410","17TH CONGRESS","PE09 - 72","0","12","","4"
"72","0","PEORIA","400","JOE McGRAW","410","17TH CONGRESS","PE09 - 72","0","12","","8"
"72","0","PEORIA","0","Over Votes","410","17TH CONGRESS","PE11 - 75","0","12","","0"
"72","0","PEORIA","0","Under Votes","410","17TH CONGRESS","PE11 - 75","0","12","","3"
"72","0","PEORIA","395","SCOTT ALAN CROWL","410","17TH CONGRESS","PE11 - 75","0","12","","8"
"72","0","PEORIA","400","JOE McGRAW","410","17TH CONGRESS","PE11 - 75","0","12","","9"
"72","0","PEORIA","0","Over Votes","410","17TH CONGRESS","PE26 - 95","0","12","","0"
"72","0","PEORIA","400","JOE McGRAW","410","17TH CONGRESS","PE26 - 95","0","12","","14"
"72","0","PEORIA","0","Under Votes","410","17TH CONGRESS","PE26 - 95","0","12","","0"
"72","0","PEORIA","395","SCOTT ALAN CROWL","410","17TH CONGRESS","PE26 - 95","0","12","","5"
"72","0","PEORIA","0","Over Votes","410","17TH CONGRESS","PE28 - 98","0","12","","0"
"72","0","PEORIA","400","JOE McGRAW","410","17TH CONGRESS","PE28 - 98","0","12","","61"
"72","0","PEORIA","0","Under Votes","410","17TH CONGRESS","PE28 - 98","0","12","","11"
"72","0","PEORIA","395","SCOTT ALAN CROWL","410","17TH CONGRESS","PE28 - 98","0","12","","13"
"72","0","PEORIA","0","Over Votes","410","17TH CONGRESS","PE29 - 101","0","12","","0"
"72","0","PEORIA","0","Under Votes","410","17TH CONGRESS","PE29 - 101","0","12","","6"
"72","0","PEORIA","395","SCOTT ALAN CROWL","410","17TH CONGRESS","PE29 - 101","0","12","","13"
"72","0","PEORIA","400","JOE McGRAW","410","17TH CONGRESS","PE28 - 100","0","12","","4"
"72","0","PEORIA","0","Over Votes","410","17TH CONGRESS","PE46 - 126","0","12","","0"
"72","0","PEORIA","0","Under Votes","410","17TH CONGRESS","PE46 - 126","0","12","","10"
"72","0","PEORIA","395","SCOTT ALAN CROWL","410","17TH CONGRESS","PE46 - 126","0","12","","19"
"72","0","PEORIA","400","JOE McGRAW","410","17TH CONGRESS","PE46 - 126","0","12","","74"
"72","0","PEORIA","0","Over Votes","410","17TH CONGRESS","PE55 - 152","0","12","","0"
"72","0","PEORIA","0","Under Votes","410","17TH CONGRESS","PE55 - 152","0","12","","9"
"72","0","PEORIA","395","SCOTT ALAN CROWL","410","17TH CONGRESS","PE55 - 152","0","12","","24"
"72","0","PEORIA","400","JOE McGRAW","410","17TH CONGRESS","PE55 - 152","0","12","","42"
"72","0","PEORIA","395","SCOTT ALAN CROWL","410","17TH CONGRESS","TI02 - 187","0","12","","33"
"72","0","PEORIA","400","JOE McGRAW","410","17TH CONGRESS","TI02 - 187","0","12","","34"
"72","0","PEORIA","0","Over Votes","410","17TH CONGRESS","TI02 - 187","0","12","","0"
"72","0","PEORIA","0","Under Votes","410","17TH CONGRESS","TI02 - 187","0","12","","15"
"72","0","PEORIA","395","SCOTT ALAN CROWL","410","17TH CONGRESS","WP01 - 190","0","12","","13"
"72","0","PEORIA","0","Over Votes","410","17TH CONGRESS","WP01 - 190","0","12","","0"
"72","0","PEORIA","400","JOE McGRAW","410","17TH CONGRESS","WP01 - 190","0","12","","23"
"72","0","PEORIA","0","Under Votes","410","17TH CONGRESS","WP01 - 190","0","12","","5"
"72","0","PEORIA","395","SCOTT ALAN CROWL","410","17TH CONGRESS","RI01 - 177","0","12","","22"
"72","0","PEORIA","400","JOE McGRAW","410","17TH CONGRESS","PE29 - 101","0","12","","40"
"72","0","PEORIA","0","Over Votes","410","17TH CONGRESS","PE31 - 104","0","12","","0"
"72","0","PEORIA","0","Under Votes","410","17TH CONGRESS","PE31 - 104","0","12","","9"
"72","0","PEORIA","395","SCOTT ALAN CROWL","410","17TH CONGRESS","PE31 - 104","0","12","","24"
"72","0","PEORIA","400","JOE McGRAW","410","17TH CONGRESS","PE31 - 104","0","12","","56"
"72","0","PEORIA","395","SCOTT ALAN CROWL","410","17TH CONGRESS","TR01 - 188","0","12","","16"
"72","0","PEORIA","0","Over Votes","410","17TH CONGRESS","TR01 - 188","0","12","","0"
"72","0","PEORIA","400","JOE McGRAW","410","17TH CONGRESS","TR01 - 188","0","12","","35"
"72","0","PEORIA","0","Under Votes","410","17TH CONGRESS","TR01 - 188","0","12","","10"
"72","0","PEORIA","395","SCOTT ALAN CROWL","410","17TH CONGRESS","WP02 - 191","0","12","","10"
"72","0","PEORIA","0","Over Votes","410","17TH CONGRESS","WP02 - 191","0","12","","0"
"72","0","PEORIA","400","JOE McGRAW","410","17TH CONGRESS","WP02 - 191","0","12","","31"
"72","0","PEORIA","0","Under Votes","410","17TH CONGRESS","WP02 - 191","0","12","","9"
"110","101","CITY OF ROCKFORD","0","Under Votes","410","17TH CONGRESS","WARD 2 PRECINCT 3","958","12","REPUBLICAN","1"
"110","101","CITY OF ROCKFORD","400","JOE McGRAW","410","17TH CONGRESS","WARD 2 PRECINCT 3","958","12","REPUBLICAN","65"
"110","101","CITY OF ROCKFORD","395","SCOTT ALAN CROWL","410","17TH CONGRESS","WARD 2 PRECINCT 3","958","12","REPUBLICAN","14"
"110","101","CITY OF ROCKFORD","0","Over Votes","410","17TH CONGRESS","WARD 2 PRECINCT 3","958","12","REPUBLICAN","0"
"110","101","CITY OF ROCKFORD","0","Over Votes","410","17TH CONGRESS","WARD 3 PRECINCT 6","1213","12","REPUBLICAN","0"
"110","101","CITY OF ROCKFORD","0","Under Votes","410","17TH CONGRESS","WARD 3 PRECINCT 6","1213","12","REPUBLICAN","2"
"110","101","CITY OF ROCKFORD","400","JOE McGRAW","410","17TH CONGRESS","WARD 3 PRECINCT 6","1213","12","REPUBLICAN","37"
"110","101","CITY OF ROCKFORD","395","SCOTT ALAN CROWL","410","17TH CONGRESS","WARD 3 PRECINCT 6","1213","12","REPUBLICAN","6"
"110","101","CITY OF ROCKFORD","0","Under Votes","410","17TH CONGRESS","WARD 5 PRECINCT 2","1021","12","REPUBLICAN","0"
"110","101","CITY OF ROCKFORD","400","JOE McGRAW","410","17TH CONGRESS","WARD 5 PRECINCT 2","1021","12","REPUBLICAN","5"
"110","101","CITY OF ROCKFORD","395","SCOTT ALAN CROWL","410","17TH CONGRESS","WARD 5 PRECINCT 2","1021","12","REPUBLICAN","5"
"110","101","CITY OF ROCKFORD","0","Over Votes","410","17TH CONGRESS","WARD 5 PRECINCT 2","1021","12","REPUBLICAN","0"
"110","101","CITY OF ROCKFORD","0","Under Votes","410","17TH CONGRESS","WARD 5 PRECINCT 3","1088","12","REPUBLICAN","3"
"110","101","CITY OF ROCKFORD","400","JOE McGRAW","410","17TH CONGRESS","WARD 5 PRECINCT 3","1088","12","REPUBLICAN","7"
"110","101","CITY OF ROCKFORD","395","SCOTT ALAN CROWL","410","17TH CONGRESS","WARD 5 PRECINCT 3","1088","12","REPUBLICAN","4"
"110","101","CITY OF ROCKFORD","0","Over Votes","410","17TH CONGRESS","WARD 5 PRECINCT 3","1088","12","REPUBLICAN","0"
"110","101","CITY OF ROCKFORD","0","Under Votes","410","17TH CONGRESS","WARD 7 PRECINCT 2","834","12","REPUBLICAN","2"
"110","101","CITY OF ROCKFORD","400","JOE McGRAW","410","17TH CONGRESS","WARD 7 PRECINCT 2","834","12","REPUBLICAN","11"
"110","101","CITY OF ROCKFORD","395","SCOTT ALAN CROWL","410","17TH CONGRESS","WARD 7 PRECINCT 2","834","12","REPUBLICAN","5"
"110","101","CITY OF ROCKFORD","0","Over Votes","410","17TH CONGRESS","WARD 7 PRECINCT 2","834","12","REPUBLICAN","0"
"110","101","CITY OF ROCKFORD","0","Under Votes","410","17TH CONGRESS","WARD 8 PRECINCT 6","1189","12","REPUBLICAN","3"
"110","101","CITY OF ROCKFORD","400","JOE McGRAW","410","17TH CONGRESS","WARD 8 PRECINCT 6","1189","12","REPUBLICAN","33"
"110","101","CITY OF ROCKFORD","395","SCOTT ALAN CROWL","410","17TH CONGRESS","WARD 8 PRECINCT 6","1189","12","REPUBLICAN","12"
"110","101","CITY OF ROCKFORD","0","Over Votes","410","17TH CONGRESS","WARD 8 PRECINCT 6","1189","12","REPUBLICAN","0"
"110","101","CITY OF ROCKFORD","0","Over Votes","410","17TH CONGRESS","WARD 10 PRECINCT 3","1060","12","REPUBLICAN","0"
"110","101","CITY OF ROCKFORD","0","Under Votes","410","17TH CONGRESS","WARD 10 PRECINCT 3","1060","12","REPUBLICAN","1"
"110","101","CITY OF ROCKFORD","400","JOE McGRAW","410","17TH CONGRESS","WARD 10 PRECINCT 3","1060","12","REPUBLICAN","48"
"110","101","CITY OF ROCKFORD","395","SCOTT ALAN CROWL","410","17TH CONGRESS","WARD 10 PRECINCT 3","1060","12","REPUBLICAN","15"
"110","101","CITY OF ROCKFORD","0","Under Votes","410","17TH CONGRESS","WARD 10 PRECINCT 5","926","12","REPUBLICAN","4"
"110","101","CITY OF ROCKFORD","400","JOE McGRAW","410","17TH CONGRESS","WARD 10 PRECINCT 5","926","12","REPUBLICAN","57"
"110","101","CITY OF ROCKFORD","400","JOE McGRAW","410","17TH CONGRESS","WARD 8 PRECINCT 5","1116","12","REPUBLICAN","37"
"48","0","KNOX","0","Blank Ballots","410","17TH CONGRESS","KNOX SIX","904","11","DEMOCRATIC","3"
"48","0","KNOX","390","ERIC SORENSEN","410","17TH CONGRESS","KNOX SIX","904","11","DEMOCRATIC","44"
"48","0","KNOX","0","Under Votes","410","17TH CONGRESS","KNOX SIX","904","11","DEMOCRATIC","0"
"48","0","KNOX","0","Over Votes","410","17TH CONGRESS","RIO TWP","371","11","DEMOCRATIC","0"
"48","0","KNOX","0","Blank Ballots","410","17TH CONGRESS","RIO TWP","371","11","DEMOCRATIC","2"
"48","0","KNOX","390","ERIC SORENSEN","410","17TH CONGRESS","RIO TWP","371","11","DEMOCRATIC","24"
"48","0","KNOX","0","Under Votes","410","17TH CONGRESS","RIO TWP","371","11","DEMOCRATIC","0"
"94","0","WARREN","400","JOE McGRAW","410","17TH CONGRESS","COLDBROOK 1-2","0","12","REPUBLICAN PARTY","30"
"94","0","WARREN","395","SCOTT ALAN CROWL","410","17TH CONGRESS","COLDBROOK 1-2","0","12","REPUBLICAN PARTY","16"
"94","0","WARREN","0","Over Votes","410","17TH CONGRESS","COLDBROOK 1-2","0","12","REPUBLICAN PARTY","0"
"94","0","WARREN","0","Under Votes","410","17TH CONGRESS","COLDBROOK 1-2","0","12","REPUBLICAN PARTY","4"
"94","0","WARREN","400","JOE McGRAW","410","17TH CONGRESS","SPRING GROVE-GERLAW 2-2","0","12","REPUBLICAN PARTY","27"
"94","0","WARREN","395","SCOTT ALAN CROWL","410","17TH CONGRESS","SPRING GROVE-GERLAW 2-2","0","12","REPUBLICAN PARTY","7"
"94","0","WARREN","0","Over Votes","410","17TH CONGRESS","SPRING GROVE-GERLAW 2-2","0","12","REPUBLICAN PARTY","0"
"94","0","WARREN","0","Under Votes","410","17TH CONGRESS","SPRING GROVE-GERLAW 2-2","0","12","REPUBLICAN PARTY","11"
"94","0","WARREN","400","JOE McGRAW","410","17TH CONGRESS","MONMOUTH  9-4","0","12","REPUBLICAN PARTY","31"
"94","0","WARREN","395","SCOTT ALAN CROWL","410","17TH CONGRESS","MONMOUTH  9-4","0","12","REPUBLICAN PARTY","18"
"94","0","WARREN","0","Over Votes","410","17TH CONGRESS","MONMOUTH  9-4","0","12","REPUBLICAN PARTY","0"
"94","0","WARREN","0","Under Votes","410","17TH CONGRESS","MONMOUTH  9-4","0","12","REPUBLICAN PARTY","3"
"94","0","WARREN","400","JOE McGRAW","410","17TH CONGRESS","MONMOUTH 12-2","0","12","REPUBLICAN PARTY","59"
"94","0","WARREN","395","SCOTT ALAN CROWL","410","17TH CONGRESS","MONMOUTH 12-2","0","12","REPUBLICAN PARTY","26"
"94","0","WARREN","0","Over Votes","410","17TH CONGRESS","MONMOUTH 12-2","0","12","REPUBLICAN PARTY","0"
"94","0","WARREN","0","Under Votes","410","17TH CONGRESS","MONMOUTH 12-2","0","12","REPUBLICAN PARTY","9"
"94","0","WARREN","400","JOE McGRAW","410","17TH CONGRESS","MONMOUTH 10-F17","0","12","REPUBLICAN PARTY","0"
"94","0","WARREN","395","SCOTT ALAN CROWL","410","17TH CONGRESS","MONMOUTH 10-F17","0","12","REPUBLICAN PARTY","0"
"94","0","WARREN","0","Over Votes","410","17TH CONGRESS","MONMOUTH 10-F17","0","12","REPUBLICAN PARTY","0"
"94","0","WARREN","0","Under Votes","410","17TH CONGRESS","MONMOUTH 10-F17","0","12","REPUBLICAN PARTY","0"
"94","0","WARREN","400","JOE McGRAW","410","17TH CONGRESS","SPRING GROVE-ALEXIS 1-F17","0","12","REPUBLICAN PARTY","0"
"94","0","WARREN","395","SCOTT ALAN CROWL","410","17TH CONGRESS","SPRING GROVE-ALEXIS 1-F17","0","12","REPUBLICAN PARTY","0"
"94","0","WARREN","0","Over Votes","410","17TH CONGRESS","SPRING GROVE-ALEXIS 1-F17","0","12","REPUBLICAN PARTY","0"
"94","0","WARREN","0","Under Votes","410","17TH CONGRESS","SPRING GROVE-ALEXIS 1-F17","0","12","REPUBLICAN PARTY","0"
"94","0","WARREN","400","JOE McGRAW","410","17TH CONGRESS","SPRING GROVE-ALEXIS 1-2","0","12","REPUBLICAN PARTY","29"
"94","0","WARREN","395","SCOTT ALAN CROWL","410","17TH CONGRESS","SPRING GROVE-ALEXIS 1-2","0","12","REPUBLICAN PARTY","12"
"94","0","WARREN","0","Over Votes","410","17TH CONGRESS","SPRING GROVE-ALEXIS 1-2","0","12","REPUBLICAN PARTY","0"
"94","0","WARREN","0","Under Votes","410","17TH CONGRESS","SPRING GROVE-ALEXIS 1-2","0","12","REPUBLICAN PARTY","4"
"94","0","WARREN","400","JOE McGRAW","410","17TH CONGRESS","SPRING GROVE-GERLAW 2-F17","0","12","REPUBLICAN PARTY","0"
"94","0","WARREN","395","SCOTT ALAN CROWL","410","17TH CONGRESS","SPRING GROVE-GERLAW 2-F17","0","12","REPUBLICAN PARTY","0"
"94","0","WARREN","0","Over Votes","410","17TH CONGRESS","SPRING GROVE-GERLAW 2-F17","0","12","REPUBLICAN PARTY","0"
"94","0","WARREN","0","Under Votes","410","17TH CONGRESS","SPRING GROVE-GERLAW 2-F17","0","12","REPUBLICAN PARTY","0"
"94","0","WARREN","400","JOE McGRAW","410","17TH CONGRESS","MONMOUTH  5-4","0","12","REPUBLICAN PARTY","22"
"94","0","WARREN","395","SCOTT ALAN CROWL","410","17TH CONGRESS","MONMOUTH  5-4","0","12","REPUBLICAN PARTY","15"
"94","0","WARREN","0","Over Votes","410","17TH CONGRESS","MONMOUTH  5-4","0","12","REPUBLICAN PARTY","0"
"94","0","WARREN","0","Under Votes","410","17TH CONGRESS","MONMOUTH  5-4","0","12","REPUBLICAN PARTY","9"
"94","0","WARREN","400","JOE McGRAW","410","17TH CONGRESS","MONMOUTH  8-2","0","12","REPUBLICAN PARTY","8"
"94","0","WARREN","395","SCOTT ALAN CROWL","410","17TH CONGRESS","MONMOUTH  8-2","0","12","REPUBLICAN PARTY","10"
"94","0","WARREN","0","Over Votes","410","17TH CONGRESS","MONMOUTH  8-2","0","12","REPUBLICAN PARTY","0"
"94","0","WARREN","0","Under Votes","410","17TH CONGRESS","MONMOUTH  8-2","0","12","REPUBLICAN PARTY","0"
"94","0","WARREN","400","JOE McGRAW","410","17TH CONGRESS","MONMOUTH 11-3","0","12","REPUBLICAN PARTY","18"
"94","0","WARREN","395","SCOTT ALAN CROWL","410","17TH CONGRESS","MONMOUTH 11-3","0","12","REPUBLICAN PARTY","18"
"94","0","WARREN","0","Over Votes","410","17TH CONGRESS","MONMOUTH 11-3","0","12","REPUBLICAN PARTY","0"
"94","0","WARREN","0","Under Votes","410","17TH CONGRESS","MONMOUTH 11-3","0","12","REPUBLICAN PARTY","2"
"94","0","WARREN","400","JOE McGRAW","410","17TH CONGRESS","MONMOUTH  6-F17","0","12","REPUBLICAN PARTY","0"
"94","0","WARREN","395","SCOTT ALAN CROWL","410","17TH CONGRESS","MONMOUTH  6-F17","0","12","REPUBLICAN PARTY","0"
"94","0","WARREN","0","Over Votes","410","17TH CONGRESS","MONMOUTH  6-F17","0","12","REPUBLICAN PARTY","0"
"94","0","WARREN","0","Under Votes","410","17TH CONGRESS","MONMOUTH  6-F17","0","12","REPUBLICAN PARTY","0"
"94","0","WARREN","400","JOE McGRAW","410","17TH CONGRESS","MONMOUTH  9-F17","0","12","REPUBLICAN PARTY","0"
"94","0","WARREN","395","SCOTT ALAN CROWL","410","17TH CONGRESS","MONMOUTH  9-F17","0","12","REPUBLICAN PARTY","0"
"94","0","WARREN","0","Over Votes","410","17TH CONGRESS","MONMOUTH  9-F17","0","12","REPUBLICAN PARTY","0"
"94","0","WARREN","0","Under Votes","410","17TH CONGRESS","MONMOUTH  9-F17","0","12","REPUBLICAN PARTY","0"
"94","0","WARREN","400","JOE McGRAW","410","17TH CONGRESS","MONMOUTH 12-F17","0","12","REPUBLICAN PARTY","0"
"94","0","WARREN","395","SCOTT ALAN CROWL","410","17TH CONGRESS","MONMOUTH 12-F17","0","12","REPUBLICAN PARTY","0"
"94","0","WARREN","0","Over Votes","410","17TH CONGRESS","MONMOUTH 12-F17","0","12","REPUBLICAN PARTY","0"
"94","0","WARREN","0","Under Votes","410","17TH CONGRESS","MONMOUTH 12-F17","0","12","REPUBLICAN PARTY","0"
"94","0","WARREN","400","JOE McGRAW","410","17TH CONGRESS","KELLY 1-2","0","12","REPUBLICAN PARTY","28"
"94","0","WARREN","395","SCOTT ALAN CROWL","410","17TH CONGRESS","KELLY 1-2","0","12","REPUBLICAN PARTY","15"
"94","0","WARREN","0","Over Votes","410","17TH CONGRESS","KELLY 1-2","0","12","REPUBLICAN PARTY","0"
"94","0","WARREN","0","Under Votes","410","17TH CONGRESS","KELLY 1-2","0","12","REPUBLICAN PARTY","4"
"94","0","WARREN","400","JOE McGRAW","410","17TH CONGRESS","MONMOUTH  2-4","0","12","REPUBLICAN PARTY","15"
"94","0","WARREN","395","SCOTT ALAN CROWL","410","17TH CONGRESS","MONMOUTH  2-4","0","12","REPUBLICAN PARTY","9"
"94","0","WARREN","0","Over Votes","410","17TH CONGRESS","MONMOUTH  2-4","0","12","REPUBLICAN PARTY","0"
"94","0","WARREN","0","Under Votes","410","17TH CONGRESS","MONMOUTH  2-4","0","12","REPUBLICAN PARTY","1"
"94","0","WARREN","0","Over Votes","410","17TH CONGRESS","COLDBROOK 1-F17","0","12","REPUBLICAN PARTY","0"
"94","0","WARREN","0","Under Votes","410","17TH CONGRESS","COLDBROOK 1-F17","0","12","REPUBLICAN PARTY","0"
"94","0","WARREN","400","JOE McGRAW","410","17TH CONGRESS","COLDBROOK 1-F17","0","12","REPUBLICAN PARTY","0"
"94","0","WARREN","395","SCOTT ALAN CROWL","410","17TH CONGRESS","COLDBROOK 1-F17","0","12","REPUBLICAN PARTY","0"
"94","0","WARREN","400","JOE McGRAW","410","17TH CONGRESS","MONMOUTH  3-F17","0","12","REPUBLICAN PARTY","0"
"98","0","WHITESIDE","395","SCOTT ALAN CROWL","410","17TH CONGRESS","COLOMA 3","368","12","REPUBLICAN","5"
"98","0","WHITESIDE","400","JOE McGRAW","410","17TH CONGRESS","COLOMA 3","368","12","REPUBLICAN","11"
"98","0","WHITESIDE","0","Under Votes","410","17TH CONGRESS","COLOMA 3","368","12","REPUBLICAN","4"
"98","0","WHITESIDE","0","Over Votes","410","17TH CONGRESS","COLOMA 3","368","12","REPUBLICAN","0"
"98","0","WHITESIDE","0","Blank Ballots","410","17TH CONGRESS","FULTON 1","602","12","REPUBLICAN","0"
"98","0","WHITESIDE","395","SCOTT ALAN CROWL","410","17TH CONGRESS","FULTON 1","602","12","REPUBLICAN","29"
"98","0","WHITESIDE","400","JOE McGRAW","410","17TH CONGRESS","FULTON 1","602","12","REPUBLICAN","12"
"98","0","WHITESIDE","0","Under Votes","410","17TH CONGRESS","FULTON 1","602","12","REPUBLICAN","5"
"98","0","WHITESIDE","0","Over Votes","410","17TH CONGRESS","FULTON 1","602","12","REPUBLICAN","0"
"98","0","WHITESIDE","0","Under Votes","410","17TH CONGRESS","HOPKINS 1","783","12","REPUBLICAN","3"
"98","0","WHITESIDE","0","Blank Ballots","410","17TH CONGRESS","HOPKINS 1","783","12","REPUBLICAN","0"
"98","0","WHITESIDE","0","Over Votes","410","17TH CONGRESS","HOPKINS 1","783","12","REPUBLICAN","0"
"98","0","WHITESIDE","395","SCOTT ALAN CROWL","410","17TH CONGRESS","HOPKINS 1","783","12","REPUBLICAN","18"
"98","0","WHITESIDE","400","JOE McGRAW","410","17TH CONGRESS","HOPKINS 1","783","12","REPUBLICAN","64"
"98","0","WHITESIDE","0","Blank Ballots","410","17TH CONGRESS","MT. PLEASANT 5","308","12","REPUBLICAN","0"
"98","0","WHITESIDE","395","SCOTT ALAN CROWL","410","17TH CONGRESS","MT. PLEASANT 5","308","12","REPUBLICAN","17"
"98","0","WHITESIDE","400","JOE McGRAW","410","17TH CONGRESS","MT. PLEASANT 5","308","12","REPUBLICAN","19"
"98","0","WHITESIDE","0","Under Votes","410","17TH CONGRESS","MT. PLEASANT 5","308","12","REPUBLICAN","1"
"98","0","WHITESIDE","0","Over Votes","410","17TH CONGRESS","MT. PLEASANT 5","308","12","REPUBLICAN","0"
"98","0","WHITESIDE","395","SCOTT ALAN CROWL","410","17TH CONGRESS","STERLING 2","610","12","REPUBLICAN","7"
"98","0","WHITESIDE","400","JOE McGRAW","410","17TH CONGRESS","STERLING 2","610","12","REPUBLICAN","25"
"98","0","WHITESIDE","0","Under Votes","410","17TH CONGRESS","STERLING 2","610","12","REPUBLICAN","3"
"98","0","WHITESIDE","0","Blank Ballots","410","17TH CONGRESS","STERLING 2","610","12","REPUBLICAN","0"
"98","0","WHITESIDE","0","Over Votes","410","17TH CONGRESS","STERLING 2","610","12","REPUBLICAN","0"
"98","0","WHITESIDE","395","SCOTT ALAN CROWL","410","17TH CONGRESS","STERLING 9","802","12","REPUBLICAN","12"
"98","0","WHITESIDE","400","JOE McGRAW","410","17TH CONGRESS","STERLING 9","802","12","REPUBLICAN","24"
"98","0","WHITESIDE","0","Under Votes","410","17TH CONGRESS","STERLING 9","802","12","REPUBLICAN","3"
"98","0","WHITESIDE","0","Blank Ballots","410","17TH CONGRESS","STERLING 9","802","12","REPUBLICAN","0"
"98","0","WHITESIDE","0","Over Votes","410","17TH CONGRESS","STERLING 9","802","12","REPUBLICAN","0"
"98","0","WHITESIDE","0","Blank Ballots","410","17TH CONGRESS","STERLING 13","550","12","REPUBLICAN","0"
"98","0","WHITESIDE","395","SCOTT ALAN CROWL","410","17TH CONGRESS","STERLING 13","550","12","REPUBLICAN","13"
"98","0","WHITESIDE","400","JOE McGRAW","410","17TH CONGRESS","STERLING 13","550","12","REPUBLICAN","40"
"98","0","WHITESIDE","0","Under Votes","410","17TH CONGRESS","STERLING 13","550","12","REPUBLICAN","5"
"98","0","WHITESIDE","0","Over Votes","410","17TH CONGRESS","STERLING 13","550","12","REPUBLICAN","0"
"98","0","WHITESIDE","395","SCOTT ALAN CROWL","410","17TH CONGRESS","UNION GROVE 1","894","12","REPUBLICAN","31"
"98","0","WHITESIDE","400","JOE McGRAW","410","17TH CONGRESS","UNION GROVE 1","894","12","REPUBLICAN","68"
"98","0","WHITESIDE","0","Under Votes","410","17TH CONGRESS","UNION GROVE 1","894","12","REPUBLICAN","7"
"98","0","WHITESIDE","0","Blank Ballots","410","17TH CONGRESS","UNION GROVE 1","894","12","REPUBLICAN","0"
"98","0","WHITESIDE","0","Over Votes","410","17TH CONGRESS","UNION GROVE 1","894","12","REPUBLICAN","0"
"98","0","WHITESIDE","395","SCOTT ALAN CROWL","410","17TH CONGRESS","STERLING 11","532","12","REPUBLICAN","16"
"98","0","WHITESIDE","400","JOE McGRAW","410","17TH CONGRESS","STERLING 11","532","12","REPUBLICAN","38"
"81","0","ROCK ISLAND","0","Under Votes","410","17TH CONGRESS","HAMPTON 9","372","11","DEMOCRATIC","0"
"81","0","ROCK ISLAND","0","Blank Ballots","410","17TH CONGRESS","HAMPTON 9","372","11","DEMOCRATIC","0"
"81","0","ROCK ISLAND","0","Blank Ballots","410","17TH CONGRESS","HAMPTON 12","794","11","DEMOCRATIC","4"
"81","0","ROCK ISLAND","0","Over Votes","410","17TH CONGRESS","HAMPTON 12","794","11","DEMOCRATIC","0"
"81","0","ROCK ISLAND","390","ERIC SORENSEN","410","17TH CONGRESS","HAMPTON 12","794","11","DEMOCRATIC","61"
"81","0","ROCK ISLAND","0","Under Votes","410","17TH CONGRESS","SO MOLINE 14","616","11","DEMOCRATIC","0"
"81","0","ROCK ISLAND","0","Over Votes","410","17TH CONGRESS","SO MOLINE 14","616","11","DEMOCRATIC","0"
"81","0","ROCK ISLAND","390","ERIC SORENSEN","410","17TH CONGRESS","SO MOLINE 14","616","11","DEMOCRATIC","44"
"81","0","ROCK ISLAND","0","Over Votes","410","17TH CONGRESS","HAMPTON 3","509","11","DEMOCRATIC","0"
"81","0","ROCK ISLAND","390","ERIC SORENSEN","410","17TH CONGRESS","HAMPTON 3","509","11","DEMOCRATIC","33"
"81","0","ROCK ISLAND","0","Under Votes","410","17TH CONGRESS","HAMPTON 3","509","11","DEMOCRATIC","0"
"81","0","ROCK ISLAND","0","Blank Ballots","410","17TH CONGRESS","HAMPTON 3","509","11","DEMOCRATIC","2"
"81","0","ROCK ISLAND","0","Over Votes","410","17TH CONGRESS","SO MOLINE 10","652","11","DEMOCRATIC","0"
"81","0","ROCK ISLAND","0","Blank Ballots","410","17TH CONGRESS","SO MOLINE 10","652","11","DEMOCRATIC","0"
"81","0","ROCK ISLAND","390","ERIC SORENSEN","410","17TH CONGRESS","SO MOLINE 10","652","11","DEMOCRATIC","34"
"81","0","ROCK ISLAND","0","Under Votes","410","17TH CONGRESS","SO MOLINE 10","652","11","DEMOCRATIC","0"
"81","0","ROCK ISLAND","0","Under Votes","410","17TH CONGRESS","SO MOLINE 13","1040","11","DEMOCRATIC","0"
"81","0","ROCK ISLAND","0","Blank Ballots","410","17TH CONGRESS","SO MOLINE 13","1040","11","DEMOCRATIC","4"
"81","0","ROCK ISLAND","0","Over Votes","410","17TH CONGRESS","SO MOLINE 13","1040","11","DEMOCRATIC","0"
"81","0","ROCK ISLAND","390","ERIC SORENSEN","410","17TH CONGRESS","SO MOLINE 13","1040","11","DEMOCRATIC","86"
"81","0","ROCK ISLAND","0","Over Votes","410","17TH CONGRESS","SO MOLINE 16","765","11","DEMOCRATIC","0"
"81","0","ROCK ISLAND","390","ERIC SORENSEN","410","17TH CONGRESS","SO MOLINE 16","765","11","DEMOCRATIC","77"
"81","0","ROCK ISLAND","0","Blank Ballots","410","17TH CONGRESS","SO MOLINE 16","765","11","DEMOCRATIC","2"
"81","0","ROCK ISLAND","0","Under Votes","410","17TH CONGRESS","SO MOLINE 16","765","11","DEMOCRATIC","0"
"81","0","ROCK ISLAND","390","ERIC SORENSEN","410","17TH CONGRESS","MOLINE 16","767","11","DEMOCRATIC","61"
"81","0","ROCK ISLAND","0","Blank Ballots","410","17TH CONGRESS","MOLINE 16","767","11","DEMOCRATIC","0"
"81","0","ROCK ISLAND","0","Under Votes","410","17TH CONGRESS","MOLINE 16","767","11","DEMOCRATIC","0"
"81","0","ROCK ISLAND","0","Over Votes","410","17TH CONGRESS","MOLINE 16","767","11","DEMOCRATIC","0"
"81","0","ROCK ISLAND","0","Under Votes","410","17TH CONGRESS","MOLINE 19","410","11","DEMOCRATIC","0"
"81","0","ROCK ISLAND","0","Over Votes","410","17TH CONGRESS","MOLINE 19","410","11","DEMOCRATIC","0"
"81","0","ROCK ISLAND","390","ERIC SORENSEN","410","17TH CONGRESS","MOLINE 19","410","11","DEMOCRATIC","34"
"81","0","ROCK ISLAND","0","Blank Ballots","410","17TH CONGRESS","MOLINE 19","410","11","DEMOCRATIC","0"
"81","0","ROCK ISLAND","0","Under Votes","410","17TH CONGRESS","ROCK ISLAND 2","230","11","DEMOCRATIC","0"
"81","0","ROCK ISLAND","0","Over Votes","410","17TH CONGRESS","ROCK ISLAND 2","230","11","DEMOCRATIC","0"
"81","0","ROCK ISLAND","390","ERIC SORENSEN","410","17TH CONGRESS","ROCK ISLAND 2","230","11","DEMOCRATIC","12"
"81","0","ROCK ISLAND","0","Blank Ballots","410","17TH CONGRESS","ROCK ISLAND 2","230","11","DEMOCRATIC","3"
"81","0","ROCK ISLAND","0","Under Votes","410","17TH CONGRESS","SO ROCK ISLAND 2","549","11","DEMOCRATIC","0"
"81","0","ROCK ISLAND","0","Over Votes","410","17TH CONGRESS","SO ROCK ISLAND 2","549","11","DEMOCRATIC","0"
"81","0","ROCK ISLAND","390","ERIC SORENSEN","410","17TH CONGRESS","SO ROCK ISLAND 2","549","11","DEMOCRATIC","42"
"81","0","ROCK ISLAND","0","Blank Ballots","410","17TH CONGRESS","SO ROCK ISLAND 2","549","11","DEMOCRATIC","3"
"81","0","ROCK ISLAND","0","Over Votes","410","17TH CONGRESS","BLACKHAWK 2","532","11","DEMOCRATIC","0"
"81","0","ROCK ISLAND","390","ERIC SORENSEN","410","17TH CONGRESS","BLACKHAWK 2","532","11","DEMOCRATIC","39"
"81","0","ROCK ISLAND","0","Under Votes","410","17TH CONGRESS","BLACKHAWK 2","532","11","DEMOCRATIC","0"
"81","0","ROCK ISLAND","0","Blank Ballots","410","17TH CONGRESS","BLACKHAWK 2","532","11","DEMOCRATIC","2"
"81","0","ROCK ISLAND","0","Over Votes","410","17TH CONGRESS","BLACKHAWK 5","546","11","DEMOCRATIC","0"
"81","0","ROCK ISLAND","390","ERIC SORENSEN","410","17TH CONGRESS","BLACKHAWK 5","546","11","DEMOCRATIC","32"
"81","0","ROCK ISLAND","0","Under Votes","410","17TH CONGRESS","BLACKHAWK 5","546","11","DEMOCRATIC","0"
"81","0","ROCK ISLAND","0","Blank Ballots","410","17TH CONGRESS","BLACKHAWK 5","546","11","DEMOCRATIC","5"
"81","0","ROCK ISLAND","0","Under Votes","410","17TH CONGRESS","BOWLING 1","1459","11","DEMOCRATIC","0"
"81","0","ROCK ISLAND","0","Over Votes","410","17TH CONGRESS","BOWLING 1","1459","11","DEMOCRATIC","0"
"81","0","ROCK ISLAND","390","ERIC SORENSEN","410","17TH CONGRESS","BOWLING 1","1459","11","DEMOCRATIC","104"
"81","0","ROCK ISLAND","0","Blank Ballots","410","17TH CONGRESS","BOWLING 1","1459","11","DEMOCRATIC","7"
"81","0","ROCK ISLAND","0","Blank Ballots","410","17TH CONGRESS","SO MOLINE 14","616","11","DEMOCRATIC","2"
"81","0","ROCK ISLAND","0","Under Votes","410","17TH CONGRESS","SO MOLINE 17","991","11","DEMOCRATIC","0"
"81","0","ROCK ISLAND","0","Over Votes","410","17TH CONGRESS","SO MOLINE 17","991","11","DEMOCRATIC","0"
"81","0","ROCK ISLAND","390","ERIC SORENSEN","410","17TH CONGRESS","SO MOLINE 17","991","11","DEMOCRATIC","93"
"81","0","ROCK ISLAND","0","Blank Ballots","410","17TH CONGRESS","SO MOLINE 17","991","11","DEMOCRATIC","7"
"81","0","ROCK ISLAND","0","Under Votes","410","17TH CONGRESS","SO MOLINE 20","734","11","DEMOCRATIC","0"
"81","0","ROCK ISLAND","0","Over Votes","410","17TH CONGRESS","SO MOLINE 20","734","11","DEMOCRATIC","0"
"81","0","ROCK ISLAND","390","ERIC SORENSEN","410","17TH CONGRESS","SO MOLINE 20","734","11","DEMOCRATIC","55"
"81","0","ROCK ISLAND","0","Blank Ballots","410","17TH CONGRESS","SO MOLINE 20","734","11","DEMOCRATIC","1"
"81","0","ROCK ISLAND","0","Under Votes","410","17TH CONGRESS","MOLINE 20","684","11","DEMOCRATIC","0"
"81","0","ROCK ISLAND","0","Over Votes","410","17TH CONGRESS","MOLINE 20","684","11","DEMOCRATIC","0"
"81","0","ROCK ISLAND","390","ERIC SORENSEN","410","17TH CONGRESS","MOLINE 20","684","11","DEMOCRATIC","56"
"81","0","ROCK ISLAND","0","Blank Ballots","410","17TH CONGRESS","MOLINE 20","684","11","DEMOCRATIC","2"
"81","0","ROCK ISLAND","0","Under Votes","410","17TH CONGRESS","ROCK ISLAND 3","468","11","DEMOCRATIC","0"
"81","0","ROCK ISLAND","0","Over Votes","410","17TH CONGRESS","ROCK ISLAND 3","468","11","DEMOCRATIC","0"
"81","0","ROCK ISLAND","390","ERIC SORENSEN","410","17TH CONGRESS","ROCK ISLAND 3","468","11","DEMOCRATIC","26"
"81","0","ROCK ISLAND","0","Blank Ballots","410","17TH CONGRESS","ROCK ISLAND 3","468","11","DEMOCRATIC","3"
"81","0","ROCK ISLAND","0","Over Votes","410","17TH CONGRESS","ROCK ISLAND 6","610","11","DEMOCRATIC","0"
"81","0","ROCK ISLAND","390","ERIC SORENSEN","410","17TH CONGRESS","ROCK ISLAND 6","610","11","DEMOCRATIC","55"
"81","0","ROCK ISLAND","0","Under Votes","410","17TH CONGRESS","ROCK ISLAND 6","610","11","DEMOCRATIC","0"
"81","0","ROCK ISLAND","0","Blank Ballots","410","17TH CONGRESS","ROCK ISLAND 6","610","11","DEMOCRATIC","3"
"81","0","ROCK ISLAND","0","Over Votes","410","17TH CONGRESS","BLACKHAWK 1","541","11","DEMOCRATIC","0"
"81","0","ROCK ISLAND","390","ERIC SORENSEN","410","17TH CONGRESS","BLACKHAWK 1","541","11","DEMOCRATIC","48"
"81","0","ROCK ISLAND","0","Under Votes","410","17TH CONGRESS","BLACKHAWK 1","541","11","DEMOCRATIC","0"
"81","0","ROCK ISLAND","0","Blank Ballots","410","17TH CONGRESS","BLACKHAWK 1","541","11","DEMOCRATIC","3"
"81","0","ROCK ISLAND","0","Blank Ballots","410","17TH CONGRESS","BLACKHAWK 4","995","11","DEMOCRATIC","2"
"81","0","ROCK ISLAND","0","Over Votes","410","17TH CONGRESS","BLACKHAWK 4","995","11","DEMOCRATIC","0"
"81","0","ROCK ISLAND","390","ERIC SORENSEN","410","17TH CONGRESS","BLACKHAWK 4","995","11","DEMOCRATIC","77"
"81","0","ROCK ISLAND","0","Under Votes","410","17TH CONGRESS","BLACKHAWK 4","995","11","DEMOCRATIC","0"
"81","0","ROCK ISLAND","0","Over Votes","410","17TH CONGRESS","BOWLING 2","979","11","DEMOCRATIC","0"
"101","0","WINNEBAGO","390","ERIC SORENSEN","410","17TH CONGRESS","ROCKFORD 2","1156","11","DEMOCRATIC","0"
"101","0","WINNEBAGO","0","Over Votes","410","17TH CONGRESS","ROCKFORD 2","1156","11","DEMOCRATIC","0"
"101","0","WINNEBAGO","0","Under Votes","410","17TH CONGRESS","ROCKFORD 51","960","11","DEMOCRATIC","1"
"101","0","WINNEBAGO","390","ERIC SORENSEN","410","17TH CONGRESS","ROCKFORD 51","960","11","DEMOCRATIC","14"
"101","0","WINNEBAGO","0","Over Votes","410","17TH CONGRESS","ROCKFORD 51","960","11","DEMOCRATIC","0"
"101","0","WINNEBAGO","0","Under Votes","410","17TH CONGRESS","WINNEBAGO 1","1020","11","DEMOCRATIC","1"
"101","0","WINNEBAGO","390","ERIC SORENSEN","410","17TH CONGRESS","WINNEBAGO 1","1020","11","DEMOCRATIC","39"
"101","0","WINNEBAGO","0","Over Votes","410","17TH CONGRESS","WINNEBAGO 1","1020","11","DEMOCRATIC","0"
"101","0","WINNEBAGO","0","Under Votes","410","17TH CONGRESS","ROCKFORD 25","1036","11","DEMOCRATIC","0"
"101","0","WINNEBAGO","390","ERIC SORENSEN","410","17TH CONGRESS","ROCKFORD 25","1036","11","DEMOCRATIC","13"
"101","0","WINNEBAGO","0","Over Votes","410","17TH CONGRESS","ROCKFORD 25","1036","11","DEMOCRATIC","0"
"101","0","WINNEBAGO","0","Under Votes","410","17TH CONGRESS","ROCKFORD 1","858","11","DEMOCRATIC","3"
"101","0","WINNEBAGO","390","ERIC SORENSEN","410","17TH CONGRESS","ROCKFORD 1","858","11","DEMOCRATIC","18"
"101","0","WINNEBAGO","0","Over Votes","410","17TH CONGRESS","ROCKFORD 1","858","11","DEMOCRATIC","0"
"101","0","WINNEBAGO","0","Under Votes","410","17TH CONGRESS","ROCKFORD 12","677","11","DEMOCRATIC","6"
"101","0","WINNEBAGO","390","ERIC SORENSEN","410","17TH CONGRESS","ROCKFORD 12","677","11","DEMOCRATIC","54"
"101","0","WINNEBAGO","0","Over Votes","410","17TH CONGRESS","ROCKFORD 12","677","11","DEMOCRATIC","0"
"101","0","WINNEBAGO","0","Under Votes","410","17TH CONGRESS","ROCKFORD 54","1103","11","DEMOCRATIC","0"
"101","0","WINNEBAGO","390","ERIC SORENSEN","410","17TH CONGRESS","ROCKFORD 54","1103","11","DEMOCRATIC","42"
"101","0","WINNEBAGO","0","Over Votes","410","17TH CONGRESS","ROCKFORD 54","1103","11","DEMOCRATIC","0"
"101","0","WINNEBAGO","0","Under Votes","410","17TH CONGRESS","HARLEM 1","1125","11","DEMOCRATIC","2"
"101","0","WINNEBAGO","390","ERIC SORENSEN","410","17TH CONGRESS","HARLEM 1","1125","11","DEMOCRATIC","58"
"101","0","WINNEBAGO","0","Over Votes","410","17TH CONGRESS","HARLEM 1","1125","11","DEMOCRATIC","0"
"101","0","WINNEBAGO","0","Under Votes","410","17TH CONGRESS","ROCKFORD 5","1070","11","DEMOCRATIC","0"
"101","0","WINNEBAGO","390","ERIC SORENSEN","410","17TH CONGRESS","ROCKFORD 5","1070","11","DEMOCRATIC","0"
"101","0","WINNEBAGO","0","Over Votes","410","17TH CONGRESS","ROCKFORD 5","1070","11","DEMOCRATIC","0"
"101","0","WINNEBAGO","0","Under Votes","410","17TH CONGRESS","ROCKFORD 32","990","11","DEMOCRATIC","0"
"101","0","WINNEBAGO","390","ERIC SORENSEN","410","17TH CONGRESS","ROCKFORD 32","990","11","DEMOCRATIC","38"
"101","0","WINNEBAGO","0","Over Votes","410","17TH CONGRESS","ROCKFORD 32","990","11","DEMOCRATIC","0"
"101","0","WINNEBAGO","0","Under Votes","410","17TH CONGRESS","WINNEBAGO 2","984","11","DEMOCRATIC","0"
"101","0","WINNEBAGO","390","ERIC SORENSEN","410","17TH CONGRESS","WINNEBAGO 2","984","11","DEMOCRATIC","41"
"101","0","WINNEBAGO","0","Over Votes","410","17TH CONGRESS","WINNEBAGO 2","984","11","DEMOCRATIC","0"
"101","0","WINNEBAGO","0","Under Votes","410","17TH CONGRESS","WINNEBAGO 3","879","11","DEMOCRATIC","3"
"101","0","WINNEBAGO","390","ERIC SORENSEN","410","17TH CONGRESS","WINNEBAGO 3","879","11","DEMOCRATIC","29"
"101","0","WINNEBAGO","0","Over Votes","410","17TH CONGRESS","WINNEBAGO 3","879","11","DEMOCRATIC","0"
"101","0","WINNEBAGO","0","Under Votes","410","17TH CONGRESS","WINNEBAGO 4","826","11","DEMOCRATIC","2"
"101","0","WINNEBAGO","390","ERIC SORENSEN","410","17TH CONGRESS","WINNEBAGO 4","826","11","DEMOCRATIC","34"
"101","0","WINNEBAGO","0","Over Votes","410","17TH CONGRESS","WINNEBAGO 4","826","11","DEMOCRATIC","0"
"101","0","WINNEBAGO","0","Under Votes","410","17TH CONGRESS","ROCKFORD 9","1149","11","DEMOCRATIC","0"
"101","0","WINNEBAGO","390","ERIC SORENSEN","410","17TH CONGRESS","ROCKFORD 9","1149","11","DEMOCRATIC","1"
"101","0","WINNEBAGO","0","Over Votes","410","17TH CONGRESS","ROCKFORD 9","1149","11","DEMOCRATIC","0"
"101","0","WINNEBAGO","0","Under Votes","410","17TH CONGRESS","ROCKFORD 27","961","11","DEMOCRATIC","2"
"98","0","WHITESIDE","0","Under Votes","410","17TH CONGRESS","HOPKINS 1","783","11","DEMOCRATIC","0"
"98","0","WHITESIDE","0","Blank Ballots","410","17TH CONGRESS","HOPKINS 1","783","11","DEMOCRATIC","0"
"98","0","WHITESIDE","0","Over Votes","410","17TH CONGRESS","HOPKINS 1","783","11","DEMOCRATIC","0"
"98","0","WHITESIDE","0","Blank Ballots","410","17TH CONGRESS","MT. PLEASANT 5","308","11","DEMOCRATIC","0"
"98","0","WHITESIDE","390","ERIC SORENSEN","410","17TH CONGRESS","MT. PLEASANT 5","308","11","DEMOCRATIC","3"
"98","0","WHITESIDE","0","Under Votes","410","17TH CONGRESS","MT. PLEASANT 5","308","11","DEMOCRATIC","1"
"98","0","WHITESIDE","0","Over Votes","410","17TH CONGRESS","MT. PLEASANT 5","308","11","DEMOCRATIC","0"
"98","0","WHITESIDE","0","Blank Ballots","410","17TH CONGRESS","STERLING 2","610","11","DEMOCRATIC","0"
"98","0","WHITESIDE","0","Under Votes","410","17TH CONGRESS","STERLING 2","610","11","DEMOCRATIC","3"
"98","0","WHITESIDE","390","ERIC SORENSEN","410","17TH CONGRESS","STERLING 2","610","11","DEMOCRATIC","35"
"98","0","WHITESIDE","0","Over Votes","410","17TH CONGRESS","STERLING 2","610","11","DEMOCRATIC","0"
"98","0","WHITESIDE","0","Blank Ballots","410","17TH CONGRESS","STERLING 9","802","11","DEMOCRATIC","0"
"98","0","WHITESIDE","390","ERIC SORENSEN","410","17TH CONGRESS","STERLING 9","802","11","DEMOCRATIC","37"
"98","0","WHITESIDE","0","Under Votes","410","17TH CONGRESS","STERLING 9","802","11","DEMOCRATIC","1"
"98","0","WHITESIDE","0","Over Votes","410","17TH CONGRESS","STERLING 9","802","11","DEMOCRATIC","0"
"98","0","WHITESIDE","0","Blank Ballots","410","17TH CONGRESS","STERLING 13","550","11","DEMOCRATIC","0"
"98","0","WHITESIDE","0","Under Votes","410","17TH CONGRESS","STERLING 13","550","11","DEMOCRATIC","0"
"98","0","WHITESIDE","390","ERIC SORENSEN","410","17TH CONGRESS","STERLING 13","550","11","DEMOCRATIC","23"
"98","0","WHITESIDE","0","Over Votes","410","17TH CONGRESS","STERLING 13","550","11","DEMOCRATIC","0"
"98","0","WHITESIDE","0","Blank Ballots","410","17TH CONGRESS","UNION GROVE 1","894","11","DEMOCRATIC","0"
"98","0","WHITESIDE","0","Under Votes","410","17TH CONGRESS","UNION GROVE 1","894","11","DEMOCRATIC","2"
"98","0","WHITESIDE","390","ERIC SORENSEN","410","17TH CONGRESS","UNION GROVE 1","894","11","DEMOCRATIC","25"
"98","0","WHITESIDE","0","Over Votes","410","17TH CONGRESS","UNION GROVE 1","894","11","DEMOCRATIC","0"
"98","0","WHITESIDE","390","ERIC SORENSEN","410","17TH CONGRESS","COLOMA 4","536","11","DEMOCRATIC","20"
"98","0","WHITESIDE","0","Under Votes","410","17TH CONGRESS","COLOMA 4","536","11","DEMOCRATIC","2"
"98","0","WHITESIDE","0","Over Votes","410","17TH CONGRESS","COLOMA 4","536","11","DEMOCRATIC","0"
"98","0","WHITESIDE","0","Blank Ballots","410","17TH CONGRESS","COLOMA 4","536","11","DEMOCRATIC","0"
"98","0","WHITESIDE","0","Under Votes","410","17TH CONGRESS","ERIE 1","773","11","DEMOCRATIC","0"
"98","0","WHITESIDE","390","ERIC SORENSEN","410","17TH CONGRESS","ERIE 1","773","11","DEMOCRATIC","28"
"98","0","WHITESIDE","0","Over Votes","410","17TH CONGRESS","ERIE 1","773","11","DEMOCRATIC","0"
"98","0","WHITESIDE","0","Blank Ballots","410","17TH CONGRESS","ERIE 1","773","11","DEMOCRATIC","0"
"98","0","WHITESIDE","0","Under Votes","410","17TH CONGRESS","HOPKINS 2","727","11","DEMOCRATIC","1"
"98","0","WHITESIDE","390","ERIC SORENSEN","410","17TH CONGRESS","HOPKINS 2","727","11","DEMOCRATIC","38"
"98","0","WHITESIDE","0","Over Votes","410","17TH CONGRESS","HOPKINS 2","727","11","DEMOCRATIC","0"
"98","0","WHITESIDE","0","Blank Ballots","410","17TH CONGRESS","HOPKINS 2","727","11","DEMOCRATIC","0"
"98","0","WHITESIDE","0","Under Votes","410","17TH CONGRESS","MT. PLEASANT 2","980","11","DEMOCRATIC","3"
"98","0","WHITESIDE","390","ERIC SORENSEN","410","17TH CONGRESS","MT. PLEASANT 2","980","11","DEMOCRATIC","70"
"98","0","WHITESIDE","0","Under Votes","410","17TH CONGRESS","CLYDE 1","309","11","DEMOCRATIC","0"
"98","0","WHITESIDE","390","ERIC SORENSEN","410","17TH CONGRESS","CLYDE 1","309","11","DEMOCRATIC","10"
"98","0","WHITESIDE","0","Over Votes","410","17TH CONGRESS","CLYDE 1","309","11","DEMOCRATIC","0"
"98","0","WHITESIDE","0","Blank Ballots","410","17TH CONGRESS","CLYDE 1","309","11","DEMOCRATIC","0"
"98","0","WHITESIDE","0","Under Votes","410","17TH CONGRESS","COLOMA 7","623","11","DEMOCRATIC","0"
"101","0","WINNEBAGO","390","ERIC SORENSEN","410","17TH CONGRESS","ROCKFORD 27","961","11","DEMOCRATIC","5"
"101","0","WINNEBAGO","0","Over Votes","410","17TH CONGRESS","ROCKFORD 27","961","11","DEMOCRATIC","0"
"101","0","WINNEBAGO","0","Under Votes","410","17TH CONGRESS","ROCKFORD 33","1081","11","DEMOCRATIC","1"
"101","0","WINNEBAGO","390","ERIC SORENSEN","410","17TH CONGRESS","ROCKFORD 33","1081","11","DEMOCRATIC","26"
"101","0","WINNEBAGO","0","Over Votes","410","17TH CONGRESS","ROCKFORD 33","1081","11","DEMOCRATIC","0"
"101","0","WINNEBAGO","0","Under Votes","410","17TH CONGRESS","CHERRY VALLEY 3","1128","11","DEMOCRATIC","0"
"101","0","WINNEBAGO","390","ERIC SORENSEN","410","17TH CONGRESS","CHERRY VALLEY 3","1128","11","DEMOCRATIC","0"
"101","0","WINNEBAGO","0","Over Votes","410","17TH CONGRESS","CHERRY VALLEY 3","1128","11","DEMOCRATIC","0"
"101","0","WINNEBAGO","0","Under Votes","410","17TH CONGRESS","SEWARD 1","614","11","DEMOCRATIC","3"
"101","0","WINNEBAGO","390","ERIC SORENSEN","410","17TH CONGRESS","SEWARD 1","614","11","DEMOCRATIC","22"
"101","0","WINNEBAGO","0","Over Votes","410","17TH CONGRESS","SEWARD 1","614","11","DEMOCRATIC","0"
"101","0","WINNEBAGO","0","Under Votes","410","17TH CONGRESS","ROCKFORD 4","1112","11","DEMOCRATIC","2"
"101","0","WINNEBAGO","390","ERIC SORENSEN","410","17TH CONGRESS","ROCKFORD 4","1112","11","DEMOCRATIC","63"
"101","0","WINNEBAGO","0","Over Votes","410","17TH CONGRESS","ROCKFORD 4","1112","11","DEMOCRATIC","0"
"101","0","WINNEBAGO","0","Under Votes","410","17TH CONGRESS","ROCKFORD 14","1163","11","DEMOCRATIC","1"
"101","0","WINNEBAGO","390","ERIC SORENSEN","410","17TH CONGRESS","ROCKFORD 14","1163","11","DEMOCRATIC","86"
"101","0","WINNEBAGO","0","Over Votes","410","17TH CONGRESS","ROCKFORD 14","1163","11","DEMOCRATIC","0"
"101","0","WINNEBAGO","0","Under Votes","410","17TH CONGRESS","ROCKFORD 15","829","11","DEMOCRATIC","2"
"101","0","WINNEBAGO","390","ERIC SORENSEN","410","17TH CONGRESS","ROCKFORD 15","829","11","DEMOCRATIC","62"
"101","0","WINNEBAGO","0","Over Votes","410","17TH CONGRESS","ROCKFORD 15","829","11","DEMOCRATIC","0"
"101","0","WINNEBAGO","0","Under Votes","410","17TH CONGRESS","ROCKFORD 31","1113","11","DEMOCRATIC","0"
"101","0","WINNEBAGO","390","ERIC SORENSEN","410","17TH CONGRESS","ROCKFORD 31","1113","11","DEMOCRATIC","52"
"101","0","WINNEBAGO","0","Over Votes","410","17TH CONGRESS","ROCKFORD 31","1113","11","DEMOCRATIC","0"
"101","0","WINNEBAGO","0","Under Votes","410","17TH CONGRESS","ROCKFORD 52","965","11","DEMOCRATIC","0"
"101","0","WINNEBAGO","390","ERIC SORENSEN","410","17TH CONGRESS","ROCKFORD 52","965","11","DEMOCRATIC","18"
"101","0","WINNEBAGO","0","Over Votes","410","17TH CONGRESS","ROCKFORD 52","965","11","DEMOCRATIC","0"
"101","0","WINNEBAGO","0","Under Votes","410","17TH CONGRESS","ROCKFORD 55","1168","11","DEMOCRATIC","4"
"101","0","WINNEBAGO","390","ERIC SORENSEN","410","17TH CONGRESS","ROCKFORD 55","1168","11","DEMOCRATIC","53"
"101","0","WINNEBAGO","0","Over Votes","410","17TH CONGRESS","ROCKFORD 55","1168","11","DEMOCRATIC","0"
"101","0","WINNEBAGO","0","Under Votes","410","17TH CONGRESS","CHERRY VALLEY 6","1018","11","DEMOCRATIC","0"
"101","0","WINNEBAGO","390","ERIC SORENSEN","410","17TH CONGRESS","CHERRY VALLEY 6","1018","11","DEMOCRATIC","16"
"101","0","WINNEBAGO","0","Over Votes","410","17TH CONGRESS","CHERRY VALLEY 6","1018","11","DEMOCRATIC","0"
"101","0","WINNEBAGO","0","Under Votes","410","17TH CONGRESS","HARLEM 23","1159","11","DEMOCRATIC","0"
"101","0","WINNEBAGO","390","ERIC SORENSEN","410","17TH CONGRESS","HARLEM 23","1159","11","DEMOCRATIC","10"
"101","0","WINNEBAGO","0","Over Votes","410","17TH CONGRESS","HARLEM 23","1159","11","DEMOCRATIC","0"
"94","0","WARREN","0","Under Votes","410","17TH CONGRESS","MONMOUTH  3-F17","0","11","DEMOCRATIC PARTY","0"
"94","0","WARREN","390","ERIC SORENSEN","410","17TH CONGRESS","MONMOUTH  3-F17","0","11","DEMOCRATIC PARTY","0"
"94","0","WARREN","0","Over Votes","410","17TH CONGRESS","SPRING GROVE-ALEXIS 1-2","0","11","DEMOCRATIC PARTY","0"
"94","0","WARREN","0","Under Votes","410","17TH CONGRESS","SPRING GROVE-ALEXIS 1-2","0","11","DEMOCRATIC PARTY","0"
"94","0","WARREN","390","ERIC SORENSEN","410","17TH CONGRESS","SPRING GROVE-ALEXIS 1-2","0","11","DEMOCRATIC PARTY","14"
"94","0","WARREN","0","Over Votes","410","17TH CONGRESS","SPRING GROVE-GERLAW 2-F17","0","11","DEMOCRATIC PARTY","0"
"94","0","WARREN","0","Under Votes","410","17TH CONGRESS","SPRING GROVE-GERLAW 2-F17","0","11","DEMOCRATIC PARTY","0"
"94","0","WARREN","390","ERIC SORENSEN","410","17TH CONGRESS","SPRING GROVE-GERLAW 2-F17","0","11","DEMOCRATIC PARTY","0"
"94","0","WARREN","0","Over Votes","410","17TH CONGRESS","MONMOUTH  5-4","0","11","DEMOCRATIC PARTY","0"
"94","0","WARREN","0","Under Votes","410","17TH CONGRESS","MONMOUTH  5-4","0","11","DEMOCRATIC PARTY","1"
"94","0","WARREN","390","ERIC SORENSEN","410","17TH CONGRESS","MONMOUTH  5-4","0","11","DEMOCRATIC PARTY","15"
"94","0","WARREN","0","Over Votes","410","17TH CONGRESS","MONMOUTH  8-2","0","11","DEMOCRATIC PARTY","0"
"94","0","WARREN","0","Under Votes","410","17TH CONGRESS","MONMOUTH  8-2","0","11","DEMOCRATIC PARTY","2"
"94","0","WARREN","390","ERIC SORENSEN","410","17TH CONGRESS","MONMOUTH  8-2","0","11","DEMOCRATIC PARTY","10"
"94","0","WARREN","0","Over Votes","410","17TH CONGRESS","MONMOUTH 11-3","0","11","DEMOCRATIC PARTY","0"
"94","0","WARREN","0","Under Votes","410","17TH CONGRESS","MONMOUTH 11-3","0","11","DEMOCRATIC PARTY","0"
"94","0","WARREN","390","ERIC SORENSEN","410","17TH CONGRESS","MONMOUTH 11-3","0","11","DEMOCRATIC PARTY","24"
"94","0","WARREN","0","Over Votes","410","17TH CONGRESS","MONMOUTH  6-F17","0","11","DEMOCRATIC PARTY","0"
"94","0","WARREN","0","Under Votes","410","17TH CONGRESS","MONMOUTH  6-F17","0","11","DEMOCRATIC PARTY","0"
"94","0","WARREN","390","ERIC SORENSEN","410","17TH CONGRESS","MONMOUTH  6-F17","0","11","DEMOCRATIC PARTY","0"
"94","0","WARREN","0","Over Votes","410","17TH CONGRESS","MONMOUTH  9-F17","0","11","DEMOCRATIC PARTY","0"
"94","0","WARREN","0","Under Votes","410","17TH CONGRESS","MONMOUTH  9-F17","0","11","DEMOCRATIC PARTY","0"
"94","0","WARREN","390","ERIC SORENSEN","410","17TH CONGRESS","MONMOUTH  9-F17","0","11","DEMOCRATIC PARTY","0"
"94","0","WARREN","0","Over Votes","410","17TH CONGRESS","MONMOUTH 12-F17","0","11","DEMOCRATIC PARTY","0"
"94","0","WARREN","0","Under Votes","410","17TH CONGRESS","MONMOUTH 12-F17","0","11","DEMOCRATIC PARTY","0"
"94","0","WARREN","390","ERIC SORENSEN","410","17TH CONGRESS","MONMOUTH 12-F17","0","11","DEMOCRATIC PARTY","0"
"81","0","ROCK ISLAND","0","Blank Ballots","410","17TH CONGRESS","SO ROCK ISLAND 6","804","12","REPUBLICAN","3"
"81","0","ROCK ISLAND","400","JOE McGRAW","410","17TH CONGRESS","BLACKHAWK 3","1611","12","REPUBLICAN","57"
"81","0","ROCK ISLAND","0","Under Votes","410","17TH CONGRESS","BLACKHAWK 3","1611","12","REPUBLICAN","0"
"81","0","ROCK ISLAND","395","SCOTT ALAN CROWL","410","17TH CONGRESS","BLACKHAWK 3","1611","12","REPUBLICAN","36"
"81","0","ROCK ISLAND","400","JOE McGRAW","410","17TH CONGRESS","SO MOLINE 18","891","12","REPUBLICAN","20"
"81","0","ROCK ISLAND","0","Under Votes","410","17TH CONGRESS","SO MOLINE 18","891","12","REPUBLICAN","0"
"81","0","ROCK ISLAND","0","Over Votes","410","17TH CONGRESS","SO MOLINE 18","891","12","REPUBLICAN","0"
"81","0","ROCK ISLAND","395","SCOTT ALAN CROWL","410","17TH CONGRESS","SO MOLINE 18","891","12","REPUBLICAN","13"
"81","0","ROCK ISLAND","0","Blank Ballots","410","17TH CONGRESS","SO MOLINE 18","891","12","REPUBLICAN","2"
"81","0","ROCK ISLAND","400","JOE McGRAW","410","17TH CONGRESS","SO MOLINE 21","525","12","REPUBLICAN","19"
"81","0","ROCK ISLAND","0","Under Votes","410","17TH CONGRESS","SO MOLINE 21","525","12","REPUBLICAN","0"
"81","0","ROCK ISLAND","0","Over Votes","410","17TH CONGRESS","SO MOLINE 21","525","12","REPUBLICAN","0"
"81","0","ROCK ISLAND","395","SCOTT ALAN CROWL","410","17TH CONGRESS","SO MOLINE 21","525","12","REPUBLICAN","14"
"81","0","ROCK ISLAND","0","Blank Ballots","410","17TH CONGRESS","SO MOLINE 21","525","12","REPUBLICAN","6"
"81","0","ROCK ISLAND","400","JOE McGRAW","410","17TH CONGRESS","SO MOLINE 24","697","12","REPUBLICAN","18"
"81","0","ROCK ISLAND","0","Under Votes","410","17TH CONGRESS","SO MOLINE 24","697","12","REPUBLICAN","0"
"81","0","ROCK ISLAND","395","SCOTT ALAN CROWL","410","17TH CONGRESS","SO MOLINE 24","697","12","REPUBLICAN","17"
"81","0","ROCK ISLAND","0","Over Votes","410","17TH CONGRESS","SO MOLINE 24","697","12","REPUBLICAN","0"
"81","0","ROCK ISLAND","0","Blank Ballots","410","17TH CONGRESS","SO MOLINE 24","697","12","REPUBLICAN","0"
"81","0","ROCK ISLAND","400","JOE McGRAW","410","17TH CONGRESS","MOLINE 1","566","12","REPUBLICAN","14"
"81","0","ROCK ISLAND","0","Under Votes","410","17TH CONGRESS","MOLINE 1","566","12","REPUBLICAN","0"
"81","0","ROCK ISLAND","395","SCOTT ALAN CROWL","410","17TH CONGRESS","MOLINE 1","566","12","REPUBLICAN","6"
"81","0","ROCK ISLAND","0","Over Votes","410","17TH CONGRESS","MOLINE 1","566","12","REPUBLICAN","0"
"81","0","ROCK ISLAND","0","Blank Ballots","410","17TH CONGRESS","MOLINE 1","566","12","REPUBLICAN","3"
"81","0","ROCK ISLAND","400","JOE McGRAW","410","17TH CONGRESS","ROCK ISLAND 1","445","12","REPUBLICAN","0"
"81","0","ROCK ISLAND","0","Under Votes","410","17TH CONGRESS","ROCK ISLAND 1","445","12","REPUBLICAN","0"
"81","0","ROCK ISLAND","0","Blank Ballots","410","17TH CONGRESS","ROCK ISLAND 1","445","12","REPUBLICAN","0"
"81","0","ROCK ISLAND","0","Over Votes","410","17TH CONGRESS","ROCK ISLAND 1","445","12","REPUBLICAN","0"
"81","0","ROCK ISLAND","395","SCOTT ALAN CROWL","410","17TH CONGRESS","ROCK ISLAND 1","445","12","REPUBLICAN","0"
"81","0","ROCK ISLAND","400","JOE McGRAW","410","17TH CONGRESS","ROCK ISLAND 4","205","12","REPUBLICAN","3"
"81","0","ROCK ISLAND","0","Under Votes","410","17TH CONGRESS","ROCK ISLAND 4","205","12","REPUBLICAN","0"
"81","0","ROCK ISLAND","0","Over Votes","410","17TH CONGRESS","ROCK ISLAND 4","205","12","REPUBLICAN","0"
"81","0","ROCK ISLAND","395","SCOTT ALAN CROWL","410","17TH CONGRESS","ROCK ISLAND 4","205","12","REPUBLICAN","1"
"81","0","ROCK ISLAND","0","Blank Ballots","410","17TH CONGRESS","ROCK ISLAND 4","205","12","REPUBLICAN","0"
"81","0","ROCK ISLAND","400","JOE McGRAW","410","17TH CONGRESS","ROCK ISLAND 7","454","12","REPUBLICAN","4"
"81","0","ROCK ISLAND","0","Over Votes","410","17TH CONGRESS","ROCK ISLAND 7","454","12","REPUBLICAN","0"
"81","0","ROCK ISLAND","0","Blank Ballots","410","17TH CONGRESS","ROCK ISLAND 7","454","12","REPUBLICAN","0"
"81","0","ROCK ISLAND","0","Under Votes","410","17TH CONGRESS","ROCK ISLAND 7","454","12","REPUBLICAN","0"
"81","0","ROCK ISLAND","395","SCOTT ALAN CROWL","410","17TH CONGRESS","ROCK ISLAND 7","454","12","REPUBLICAN","2"
"81","0","ROCK ISLAND","400","JOE McGRAW","410","17TH CONGRESS","ROCK ISLAND 10","861","12","REPUBLICAN","23"
"81","0","ROCK ISLAND","0","Under Votes","410","17TH CONGRESS","ROCK ISLAND 10","861","12","REPUBLICAN","0"
"81","0","ROCK ISLAND","395","SCOTT ALAN CROWL","410","17TH CONGRESS","ROCK ISLAND 10","861","12","REPUBLICAN","17"
"81","0","ROCK ISLAND","0","Over Votes","410","17TH CONGRESS","ROCK ISLAND 10","861","12","REPUBLICAN","0"
"81","0","ROCK ISLAND","0","Blank Ballots","410","17TH CONGRESS","ROCK ISLAND 10","861","12","REPUBLICAN","2"
"81","0","ROCK ISLAND","400","JOE McGRAW","410","17TH CONGRESS","SO ROCK ISLAND 1","637","12","REPUBLICAN","5"
"81","0","ROCK ISLAND","0","Under Votes","410","17TH CONGRESS","SO ROCK ISLAND 1","637","12","REPUBLICAN","0"
"81","0","ROCK ISLAND","395","SCOTT ALAN CROWL","410","17TH CONGRESS","SO ROCK ISLAND 1","637","12","REPUBLICAN","4"
"81","0","ROCK ISLAND","0","Over Votes","410","17TH CONGRESS","SO ROCK ISLAND 1","637","12","REPUBLICAN","0"
"81","0","ROCK ISLAND","0","Blank Ballots","410","17TH CONGRESS","SO ROCK ISLAND 1","637","12","REPUBLICAN","0"
"81","0","ROCK ISLAND","400","JOE McGRAW","410","17TH CONGRESS","SO ROCK ISLAND 4","852","12","REPUBLICAN","15"
"81","0","ROCK ISLAND","0","Under Votes","410","17TH CONGRESS","SO ROCK ISLAND 4","852","12","REPUBLICAN","0"
"81","0","ROCK ISLAND","0","Over Votes","410","17TH CONGRESS","SO ROCK ISLAND 4","852","12","REPUBLICAN","0"
"81","0","ROCK ISLAND","395","SCOTT ALAN CROWL","410","17TH CONGRESS","SO ROCK ISLAND 4","852","12","REPUBLICAN","14"
"81","0","ROCK ISLAND","0","Blank Ballots","410","17TH CONGRESS","SO ROCK ISLAND 4","852","12","REPUBLICAN","6"
"81","0","ROCK ISLAND","400","JOE McGRAW","410","17TH CONGRESS","SO ROCK ISLAND 7","615","12","REPUBLICAN","12"
"81","0","ROCK ISLAND","0","Under Votes","410","17TH CONGRESS","SO ROCK ISLAND 7","615","12","REPUBLICAN","0"
"81","0","ROCK ISLAND","395","SCOTT ALAN CROWL","410","17TH CONGRESS","SO ROCK ISLAND 7","615","12","REPUBLICAN","8"
"81","0","ROCK ISLAND","0","Over Votes","410","17TH CONGRESS","SO ROCK ISLAND 7","615","12","REPUBLICAN","0"
"81","0","ROCK ISLAND","0","Blank Ballots","410","17TH CONGRESS","SO ROCK ISLAND 7","615","12","REPUBLICAN","4"
"81","0","ROCK ISLAND","400","JOE McGRAW","410","17TH CONGRESS","SO ROCK ISLAND 10","784","12","REPUBLICAN","19"
"81","0","ROCK ISLAND","400","JOE McGRAW","410","17TH CONGRESS","HAMPTON 2","894","12","REPUBLICAN","55"
"81","0","ROCK ISLAND","0","Under Votes","410","17TH CONGRESS","HAMPTON 2","894","12","REPUBLICAN","0"
"81","0","ROCK ISLAND","0","Over Votes","410","17TH CONGRESS","HAMPTON 2","894","12","REPUBLICAN","0"
"81","0","ROCK ISLAND","395","SCOTT ALAN CROWL","410","17TH CONGRESS","HAMPTON 2","894","12","REPUBLICAN","29"
"81","0","ROCK ISLAND","0","Blank Ballots","410","17TH CONGRESS","HAMPTON 2","894","12","REPUBLICAN","11"
"81","0","ROCK ISLAND","400","JOE McGRAW","410","17TH CONGRESS","HAMPTON 5","698","12","REPUBLICAN","42"
"81","0","ROCK ISLAND","0","Under Votes","410","17TH CONGRESS","HAMPTON 5","698","12","REPUBLICAN","0"
"81","0","ROCK ISLAND","0","Over Votes","410","17TH CONGRESS","HAMPTON 5","698","12","REPUBLICAN","0"
"81","0","ROCK ISLAND","395","SCOTT ALAN CROWL","410","17TH CONGRESS","HAMPTON 5","698","12","REPUBLICAN","10"
"81","0","ROCK ISLAND","0","Blank Ballots","410","17TH CONGRESS","HAMPTON 5","698","12","REPUBLICAN","5"
"81","0","ROCK ISLAND","0","Over Votes","410","17TH CONGRESS","BLACKHAWK 3","1611","12","REPUBLICAN","0"
"81","0","ROCK ISLAND","0","Blank Ballots","410","17TH CONGRESS","BLACKHAWK 3","1611","12","REPUBLICAN","8"
"81","0","ROCK ISLAND","0","Blank Ballots","410","17TH CONGRESS","BLACKHAWK 6","873","12","REPUBLICAN","3"
"81","0","ROCK ISLAND","400","JOE McGRAW","410","17TH CONGRESS","BLACKHAWK 6","873","12","REPUBLICAN","31"
"81","0","ROCK ISLAND","0","Under Votes","410","17TH CONGRESS","BLACKHAWK 6","873","12","REPUBLICAN","0"
"81","0","ROCK ISLAND","395","SCOTT ALAN CROWL","410","17TH CONGRESS","BLACKHAWK 6","873","12","REPUBLICAN","22"
"81","0","ROCK ISLAND","0","Over Votes","410","17TH CONGRESS","BLACKHAWK 6","873","12","REPUBLICAN","0"
"81","0","ROCK ISLAND","400","JOE McGRAW","410","17TH CONGRESS","BUFFALO PRAIRIE","579","12","REPUBLICAN","16"
"81","0","ROCK ISLAND","0","Under Votes","410","17TH CONGRESS","BUFFALO PRAIRIE","579","12","REPUBLICAN","0"
"81","0","ROCK ISLAND","395","SCOTT ALAN CROWL","410","17TH CONGRESS","BUFFALO PRAIRIE","579","12","REPUBLICAN","41"
"98","0","WHITESIDE","0","Under Votes","410","17TH CONGRESS","STERLING 11","532","12","REPUBLICAN","11"
"98","0","WHITESIDE","0","Over Votes","410","17TH CONGRESS","STERLING 11","532","12","REPUBLICAN","0"
"98","0","WHITESIDE","0","Over Votes","410","17TH CONGRESS","STERLING 18","347","12","REPUBLICAN","0"
"98","0","WHITESIDE","0","Blank Ballots","410","17TH CONGRESS","STERLING 18","347","12","REPUBLICAN","0"
"98","0","WHITESIDE","395","SCOTT ALAN CROWL","410","17TH CONGRESS","STERLING 18","347","12","REPUBLICAN","7"
"98","0","WHITESIDE","400","JOE McGRAW","410","17TH CONGRESS","STERLING 18","347","12","REPUBLICAN","15"
"98","0","WHITESIDE","0","Under Votes","410","17TH CONGRESS","STERLING 18","347","12","REPUBLICAN","6"
"98","0","WHITESIDE","0","Blank Ballots","410","17TH CONGRESS","STERLING 17","871","12","REPUBLICAN","0"
"98","0","WHITESIDE","395","SCOTT ALAN CROWL","410","17TH CONGRESS","STERLING 17","871","12","REPUBLICAN","23"
"98","0","WHITESIDE","400","JOE McGRAW","410","17TH CONGRESS","STERLING 17","871","12","REPUBLICAN","59"
"98","0","WHITESIDE","0","Under Votes","410","17TH CONGRESS","STERLING 17","871","12","REPUBLICAN","13"
"98","0","WHITESIDE","0","Over Votes","410","17TH CONGRESS","STERLING 17","871","12","REPUBLICAN","0"
"98","0","WHITESIDE","0","Over Votes","410","17TH CONGRESS","COLOMA 5","579","12","REPUBLICAN","0"
"98","0","WHITESIDE","0","Blank Ballots","410","17TH CONGRESS","COLOMA 5","579","12","REPUBLICAN","0"
"98","0","WHITESIDE","395","SCOTT ALAN CROWL","410","17TH CONGRESS","COLOMA 5","579","12","REPUBLICAN","13"
"98","0","WHITESIDE","400","JOE McGRAW","410","17TH CONGRESS","COLOMA 5","579","12","REPUBLICAN","25"
"98","0","WHITESIDE","0","Under Votes","410","17TH CONGRESS","COLOMA 5","579","12","REPUBLICAN","3"
"98","0","WHITESIDE","0","Over Votes","410","17TH CONGRESS","ERIE 2","520","12","REPUBLICAN","0"
"98","0","WHITESIDE","0","Blank Ballots","410","17TH CONGRESS","ERIE 2","520","12","REPUBLICAN","0"
"98","0","WHITESIDE","395","SCOTT ALAN CROWL","410","17TH CONGRESS","ERIE 2","520","12","REPUBLICAN","8"
"98","0","WHITESIDE","400","JOE McGRAW","410","17TH CONGRESS","ERIE 2","520","12","REPUBLICAN","34"
"98","0","WHITESIDE","0","Under Votes","410","17TH CONGRESS","ERIE 2","520","12","REPUBLICAN","10"
"98","0","WHITESIDE","0","Over Votes","410","17TH CONGRESS","HUME 1","253","12","REPUBLICAN","0"
"98","0","WHITESIDE","395","SCOTT ALAN CROWL","410","17TH CONGRESS","HUME 1","253","12","REPUBLICAN","15"
"98","0","WHITESIDE","400","JOE McGRAW","410","17TH CONGRESS","HUME 1","253","12","REPUBLICAN","34"
"98","0","WHITESIDE","0","Under Votes","410","17TH CONGRESS","HUME 1","253","12","REPUBLICAN","4"
"98","0","WHITESIDE","0","Blank Ballots","410","17TH CONGRESS","HUME 1","253","12","REPUBLICAN","0"
"98","0","WHITESIDE","0","Over Votes","410","17TH CONGRESS","MT. PLEASANT 3","596","12","REPUBLICAN","0"
"98","0","WHITESIDE","0","Blank Ballots","410","17TH CONGRESS","MT. PLEASANT 3","596","12","REPUBLICAN","0"
"98","0","WHITESIDE","395","SCOTT ALAN CROWL","410","17TH CONGRESS","MT. PLEASANT 3","596","12","REPUBLICAN","22"
"98","0","WHITESIDE","400","JOE McGRAW","410","17TH CONGRESS","MT. PLEASANT 3","596","12","REPUBLICAN","26"
"98","0","WHITESIDE","0","Under Votes","410","17TH CONGRESS","MT. PLEASANT 3","596","12","REPUBLICAN","4"
"98","0","WHITESIDE","395","SCOTT ALAN CROWL","410","17TH CONGRESS","STERLING 4","481","12","REPUBLICAN","2"
"98","0","WHITESIDE","400","JOE McGRAW","410","17TH CONGRESS","STERLING 4","481","12","REPUBLICAN","10"
"98","0","WHITESIDE","0","Under Votes","410","17TH CONGRESS","STERLING 4","481","12","REPUBLICAN","1"
"98","0","WHITESIDE","0","Blank Ballots","410","17TH CONGRESS","STERLING 4","481","12","REPUBLICAN","0"
"98","0","WHITESIDE","0","Over Votes","410","17TH CONGRESS","STERLING 4","481","12","REPUBLICAN","0"
"98","0","WHITESIDE","0","Blank Ballots","410","17TH CONGRESS","STERLING 11","532","12","REPUBLICAN","0"
"98","0","WHITESIDE","0","Blank Ballots","410","17TH CONGRESS","GENESEE 1","552","12","REPUBLICAN","0"
"98","0","WHITESIDE","395","SCOTT ALAN CROWL","410","17TH CONGRESS","GENESEE 1","552","12","REPUBLICAN","27"
"98","0","WHITESIDE","400","JOE McGRAW","410","17TH CONGRESS","GENESEE 1","552","12","REPUBLICAN","47"
"98","0","WHITESIDE","0","Under Votes","410","17TH CONGRESS","GENESEE 1","552","12","REPUBLICAN","8"
"110","101","CITY OF ROCKFORD","395","SCOTT ALAN CROWL","410","17TH CONGRESS","WARD 8 PRECINCT 5","1116","12","REPUBLICAN","5"
"110","101","CITY OF ROCKFORD","0","Over Votes","410","17TH CONGRESS","WARD 10 PRECINCT 4","924","12","REPUBLICAN","0"
"110","101","CITY OF ROCKFORD","0","Under Votes","410","17TH CONGRESS","WARD 10 PRECINCT 4","924","12","REPUBLICAN","2"
"110","101","CITY OF ROCKFORD","400","JOE McGRAW","410","17TH CONGRESS","WARD 10 PRECINCT 4","924","12","REPUBLICAN","45"
"110","101","CITY OF ROCKFORD","395","SCOTT ALAN CROWL","410","17TH CONGRESS","WARD 10 PRECINCT 4","924","12","REPUBLICAN","9"
"110","101","CITY OF ROCKFORD","0","Over Votes","410","17TH CONGRESS","WARD 12 PRECINCT 3","1013","12","REPUBLICAN","0"
"110","101","CITY OF ROCKFORD","0","Under Votes","410","17TH CONGRESS","WARD 12 PRECINCT 3","1013","12","REPUBLICAN","2"
"110","101","CITY OF ROCKFORD","400","JOE McGRAW","410","17TH CONGRESS","WARD 12 PRECINCT 3","1013","12","REPUBLICAN","31"
"110","101","CITY OF ROCKFORD","395","SCOTT ALAN CROWL","410","17TH CONGRESS","WARD 12 PRECINCT 3","1013","12","REPUBLICAN","8"
"110","101","CITY OF ROCKFORD","0","Over Votes","410","17TH CONGRESS","WARD 13 PRECINCT 4","909","12","REPUBLICAN","0"
"110","101","CITY OF ROCKFORD","0","Under Votes","410","17TH CONGRESS","WARD 13 PRECINCT 4","909","12","REPUBLICAN","1"
"110","101","CITY OF ROCKFORD","400","JOE McGRAW","410","17TH CONGRESS","WARD 13 PRECINCT 4","909","12","REPUBLICAN","5"
"110","101","CITY OF ROCKFORD","395","SCOTT ALAN CROWL","410","17TH CONGRESS","WARD 13 PRECINCT 4","909","12","REPUBLICAN","0"
"110","101","CITY OF ROCKFORD","0","Over Votes","410","17TH CONGRESS","WARD 13 PRECINCT 5","1087","12","REPUBLICAN","0"
"110","101","CITY OF ROCKFORD","0","Under Votes","410","17TH CONGRESS","WARD 13 PRECINCT 5","1087","12","REPUBLICAN","1"
"110","101","CITY OF ROCKFORD","400","JOE McGRAW","410","17TH CONGRESS","WARD 13 PRECINCT 5","1087","12","REPUBLICAN","2"
"110","101","CITY OF ROCKFORD","395","SCOTT ALAN CROWL","410","17TH CONGRESS","WARD 13 PRECINCT 5","1087","12","REPUBLICAN","0"
"110","101","CITY OF ROCKFORD","395","SCOTT ALAN CROWL","410","17TH CONGRESS","WARD 10 PRECINCT 5","926","12","REPUBLICAN","11"
"110","101","CITY OF ROCKFORD","0","Over Votes","410","17TH CONGRESS","WARD 10 PRECINCT 5","926","12","REPUBLICAN","0"
"110","101","CITY OF ROCKFORD","0","Under Votes","410","17TH CONGRESS","WARD 12 PRECINCT 2","954","12","REPUBLICAN","4"
"110","101","CITY OF ROCKFORD","400","JOE McGRAW","410","17TH CONGRESS","WARD 12 PRECINCT 2","954","12","REPUBLICAN","48"
"110","101","CITY OF ROCKFORD","395","SCOTT ALAN CROWL","410","17TH CONGRESS","WARD 12 PRECINCT 2","954","12","REPUBLICAN","7"
"110","101","CITY OF ROCKFORD","0","Over Votes","410","17TH CONGRESS","WARD 12 PRECINCT 2","954","12","REPUBLICAN","0"
"110","101","CITY OF ROCKFORD","0","Under Votes","410","17TH CONGRESS","WARD 12 PRECINCT 4","956","12","REPUBLICAN","4"
"110","101","CITY OF ROCKFORD","400","JOE McGRAW","410","17TH CONGRESS","WARD 12 PRECINCT 4","956","12","REPUBLICAN","43"
"110","101","CITY OF ROCKFORD","395","SCOTT ALAN CROWL","410","17TH CONGRESS","WARD 12 PRECINCT 4","956","12","REPUBLICAN","10"
"110","101","CITY OF ROCKFORD","0","Over Votes","410","17TH CONGRESS","WARD 12 PRECINCT 4","956","12","REPUBLICAN","0"
"110","101","CITY OF ROCKFORD","0","Over Votes","410","17TH CONGRESS","WARD 13 PRECINCT 3","716","12","REPUBLICAN","0"
"110","101","CITY OF ROCKFORD","0","Under Votes","410","17TH CONGRESS","WARD 13 PRECINCT 3","716","12","REPUBLICAN","1"
"110","101","CITY OF ROCKFORD","400","JOE McGRAW","410","17TH CONGRESS","WARD 13 PRECINCT 3","716","12","REPUBLICAN","2"
"110","101","CITY OF ROCKFORD","395","SCOTT ALAN CROWL","410","17TH CONGRESS","WARD 13 PRECINCT 3","716","12","REPUBLICAN","1"
"110","101","CITY OF ROCKFORD","0","Over Votes","410","17TH CONGRESS","WARD 6 PRECINCT 2","986","12","REPUBLICAN","0"
"110","101","CITY OF ROCKFORD","400","JOE McGRAW","410","17TH CONGRESS","WARD 6 PRECINCT 2","986","12","REPUBLICAN","36"
"110","101","CITY OF ROCKFORD","0","Under Votes","410","17TH CONGRESS","WARD 6 PRECINCT 2","986","12","REPUBLICAN","3"
"110","101","CITY OF ROCKFORD","395","SCOTT ALAN CROWL","410","17TH CONGRESS","WARD 6 PRECINCT 2","986","12","REPUBLICAN","10"
"110","101","CITY OF ROCKFORD","0","Over Votes","410","17TH CONGRESS","WARD 7 PRECINCT 5","898","12","REPUBLICAN","0"
"110","101","CITY OF ROCKFORD","0","Under Votes","410","17TH CONGRESS","WARD 7 PRECINCT 5","898","12","REPUBLICAN","0"
"110","101","CITY OF ROCKFORD","400","JOE McGRAW","410","17TH CONGRESS","WARD 7 PRECINCT 5","898","12","REPUBLICAN","2"
"110","101","CITY OF ROCKFORD","395","SCOTT ALAN CROWL","410","17TH CONGRESS","WARD 7 PRECINCT 5","898","12","REPUBLICAN","0"
"110","101","CITY OF ROCKFORD","0","Over Votes","410","17TH CONGRESS","WARD 9 PRECINCT 5","1018","12","REPUBLICAN","0"
"110","101","CITY OF ROCKFORD","0","Under Votes","410","17TH CONGRESS","WARD 9 PRECINCT 5","1018","12","REPUBLICAN","3"
"110","101","CITY OF ROCKFORD","400","JOE McGRAW","410","17TH CONGRESS","WARD 9 PRECINCT 5","1018","12","REPUBLICAN","36"
"110","101","CITY OF ROCKFORD","395","SCOTT ALAN CROWL","410","17TH CONGRESS","WARD 9 PRECINCT 5","1018","12","REPUBLICAN","15"
"110","101","CITY OF ROCKFORD","395","SCOTT ALAN CROWL","410","17TH CONGRESS","WARD 10 PRECINCT 7","1247","12","REPUBLICAN","12"
"110","101","CITY OF ROCKFORD","0","Over Votes","410","17TH CONGRESS","WARD 10 PRECINCT 7","1247","12","REPUBLICAN","0"
"110","101","CITY OF ROCKFORD","0","Under Votes","410","17TH CONGRESS","WARD 10 PRECINCT 7","1247","12","REPUBLICAN","5"
"110","101","CITY OF ROCKFORD","400","JOE McGRAW","410","17TH CONGRESS","WARD 10 PRECINCT 7","1247","12","REPUBLICAN","73"
"110","101","CITY OF ROCKFORD","0","Under Votes","410","17TH CONGRESS","WARD 11 PRECINCT 1","1048","12","REPUBLICAN","2"
"110","101","CITY OF ROCKFORD","400","JOE McGRAW","410","17TH CONGRESS","WARD 11 PRECINCT 1","1048","12","REPUBLICAN","20"
"110","101","CITY OF ROCKFORD","395","SCOTT ALAN CROWL","410","17TH CONGRESS","WARD 11 PRECINCT 1","1048","12","REPUBLICAN","9"
"110","101","CITY OF ROCKFORD","0","Over Votes","410","17TH CONGRESS","WARD 11 PRECINCT 1","1048","12","REPUBLICAN","0"
"110","101","CITY OF ROCKFORD","0","Under Votes","410","17TH CONGRESS","WARD 11 PRECINCT 2","1200","12","REPUBLICAN","1"
"110","101","CITY OF ROCKFORD","400","JOE McGRAW","410","17TH CONGRESS","WARD 11 PRECINCT 2","1200","12","REPUBLICAN","14"
"110","101","CITY OF ROCKFORD","395","SCOTT ALAN CROWL","410","17TH CONGRESS","WARD 11 PRECINCT 2","1200","12","REPUBLICAN","8"
"110","101","CITY OF ROCKFORD","0","Over Votes","410","17TH CONGRESS","WARD 11 PRECINCT 2","1200","12","REPUBLICAN","0"
"110","101","CITY OF ROCKFORD","0","Over Votes","410","17TH CONGRESS","WARD 12 PRECINCT 5","951","12","REPUBLICAN","0"
"110","101","CITY OF ROCKFORD","0","Under Votes","410","17TH CONGRESS","WARD 12 PRECINCT 5","951","12","REPUBLICAN","0"
"110","101","CITY OF ROCKFORD","400","JOE McGRAW","410","17TH CONGRESS","WARD 12 PRECINCT 5","951","12","REPUBLICAN","25"
"110","101","CITY OF ROCKFORD","395","SCOTT ALAN CROWL","410","17TH CONGRESS","WARD 12 PRECINCT 5","951","12","REPUBLICAN","7"
"110","101","CITY OF ROCKFORD","0","Under Votes","410","17TH CONGRESS","WARD 14 PRECINCT 4","1077","12","REPUBLICAN","3"
"110","101","CITY OF ROCKFORD","400","JOE McGRAW","410","17TH CONGRESS","WARD 14 PRECINCT 4","1077","12","REPUBLICAN","48"
"110","101","CITY OF ROCKFORD","395","SCOTT ALAN CROWL","410","17TH CONGRESS","WARD 14 PRECINCT 4","1077","12","REPUBLICAN","2"
"110","101","CITY OF ROCKFORD","0","Over Votes","410","17TH CONGRESS","WARD 14 PRECINCT 4","1077","12","REPUBLICAN","0"
"110","101","CITY OF ROCKFORD","0","Over Votes","410","17TH CONGRESS","WARD 1 PRECINCT 2","956","12","REPUBLICAN","0"
"110","101","CITY OF ROCKFORD","0","Under Votes","410","17TH CONGRESS","WARD 1 PRECINCT 2","956","12","REPUBLICAN","0"
"110","101","CITY OF ROCKFORD","400","JOE McGRAW","410","17TH CONGRESS","WARD 1 PRECINCT 2","956","12","REPUBLICAN","0"
"110","101","CITY OF ROCKFORD","395","SCOTT ALAN CROWL","410","17TH CONGRESS","WARD 1 PRECINCT 2","956","12","REPUBLICAN","0"
"110","101","CITY OF ROCKFORD","0","Over Votes","410","17TH CONGRESS","WARD 2 PRECINCT 4","1220","12","REPUBLICAN","0"
"110","101","CITY OF ROCKFORD","0","Under Votes","410","17TH CONGRESS","WARD 2 PRECINCT 4","1220","12","REPUBLICAN","3"
"110","101","CITY OF ROCKFORD","400","JOE McGRAW","410","17TH CONGRESS","WARD 2 PRECINCT 4","1220","12","REPUBLICAN","84"
"110","101","CITY OF ROCKFORD","395","SCOTT ALAN CROWL","410","17TH CONGRESS","WARD 2 PRECINCT 4","1220","12","REPUBLICAN","17"
"110","101","CITY OF ROCKFORD","400","JOE McGRAW","410","17TH CONGRESS","WARD 3 PRECINCT 5","1060","12","REPUBLICAN","18"
"110","101","CITY OF ROCKFORD","395","SCOTT ALAN CROWL","410","17TH CONGRESS","WARD 3 PRECINCT 5","1060","12","REPUBLICAN","9"
"110","101","CITY OF ROCKFORD","0","Over Votes","410","17TH CONGRESS","WARD 3 PRECINCT 5","1060","12","REPUBLICAN","0"
"94","0","WARREN","395","SCOTT ALAN CROWL","410","17TH CONGRESS","MONMOUTH  3-F17","0","12","REPUBLICAN PARTY","0"
"94","0","WARREN","0","Over Votes","410","17TH CONGRESS","MONMOUTH  3-F17","0","12","REPUBLICAN PARTY","0"
"94","0","WARREN","0","Under Votes","410","17TH CONGRESS","MONMOUTH  3-F17","0","12","REPUBLICAN PARTY","0"
"94","0","WARREN","400","JOE McGRAW","410","17TH CONGRESS","MONMOUTH  3-3","0","12","REPUBLICAN PARTY","31"
"94","0","WARREN","395","SCOTT ALAN CROWL","410","17TH CONGRESS","MONMOUTH  3-3","0","12","REPUBLICAN PARTY","20"
"94","0","WARREN","0","Over Votes","410","17TH CONGRESS","MONMOUTH  3-3","0","12","REPUBLICAN PARTY","0"
"94","0","WARREN","0","Under Votes","410","17TH CONGRESS","MONMOUTH  3-3","0","12","REPUBLICAN PARTY","11"
"94","0","WARREN","400","JOE McGRAW","410","17TH CONGRESS","MONMOUTH  6-3","0","12","REPUBLICAN PARTY","35"
"94","0","WARREN","395","SCOTT ALAN CROWL","410","17TH CONGRESS","MONMOUTH  6-3","0","12","REPUBLICAN PARTY","20"
"94","0","WARREN","0","Over Votes","410","17TH CONGRESS","MONMOUTH  6-3","0","12","REPUBLICAN PARTY","0"
"94","0","WARREN","0","Under Votes","410","17TH CONGRESS","MONMOUTH  6-3","0","12","REPUBLICAN PARTY","7"
"94","0","WARREN","400","JOE McGRAW","410","17TH CONGRESS","MONMOUTH  1-F17","0","12","REPUBLICAN PARTY","0"
"94","0","WARREN","395","SCOTT ALAN CROWL","410","17TH CONGRESS","MONMOUTH  1-F17","0","12","REPUBLICAN PARTY","0"
"94","0","WARREN","0","Over Votes","410","17TH CONGRESS","MONMOUTH  1-F17","0","12","REPUBLICAN PARTY","0"
"94","0","WARREN","0","Under Votes","410","17TH CONGRESS","MONMOUTH  1-F17","0","12","REPUBLICAN PARTY","0"
"94","0","WARREN","400","JOE McGRAW","410","17TH CONGRESS","MONMOUTH  4-F17","0","12","REPUBLICAN PARTY","0"
"94","0","WARREN","395","SCOTT ALAN CROWL","410","17TH CONGRESS","MONMOUTH  4-F17","0","12","REPUBLICAN PARTY","0"
"94","0","WARREN","0","Over Votes","410","17TH CONGRESS","MONMOUTH  4-F17","0","12","REPUBLICAN PARTY","0"
"94","0","WARREN","0","Under Votes","410","17TH CONGRESS","MONMOUTH  4-F17","0","12","REPUBLICAN PARTY","0"
"94","0","WARREN","400","JOE McGRAW","410","17TH CONGRESS","MONMOUTH  7-F17","0","12","REPUBLICAN PARTY","0"
"94","0","WARREN","395","SCOTT ALAN CROWL","410","17TH CONGRESS","MONMOUTH  7-F17","0","12","REPUBLICAN PARTY","0"
"94","0","WARREN","0","Over Votes","410","17TH CONGRESS","MONMOUTH  7-F17","0","12","REPUBLICAN PARTY","0"
"94","0","WARREN","0","Under Votes","410","17TH CONGRESS","MONMOUTH  7-F17","0","12","REPUBLICAN PARTY","0"
"94","0","WARREN","400","JOE McGRAW","410","17TH CONGRESS","MONMOUTH  1-3","0","12","REPUBLICAN PARTY","10"
"94","0","WARREN","395","SCOTT ALAN CROWL","410","17TH CONGRESS","MONMOUTH  1-3","0","12","REPUBLICAN PARTY","4"
"94","0","WARREN","0","Over Votes","410","17TH CONGRESS","MONMOUTH  1-3","0","12","REPUBLICAN PARTY","0"
"94","0","WARREN","0","Under Votes","410","17TH CONGRESS","MONMOUTH  1-3","0","12","REPUBLICAN PARTY","1"
"94","0","WARREN","400","JOE McGRAW","410","17TH CONGRESS","MONMOUTH  4-3","0","12","REPUBLICAN PARTY","30"
"94","0","WARREN","395","SCOTT ALAN CROWL","410","17TH CONGRESS","MONMOUTH  4-3","0","12","REPUBLICAN PARTY","20"
"94","0","WARREN","0","Over Votes","410","17TH CONGRESS","MONMOUTH  4-3","0","12","REPUBLICAN PARTY","0"
"94","0","WARREN","0","Under Votes","410","17TH CONGRESS","MONMOUTH  4-3","0","12","REPUBLICAN PARTY","4"
"94","0","WARREN","400","JOE McGRAW","410","17TH CONGRESS","MONMOUTH  7-4","0","12","REPUBLICAN PARTY","15"
"94","0","WARREN","395","SCOTT ALAN CROWL","410","17TH CONGRESS","MONMOUTH  7-4","0","12","REPUBLICAN PARTY","5"
"94","0","WARREN","0","Over Votes","410","17TH CONGRESS","MONMOUTH  7-4","0","12","REPUBLICAN PARTY","0"
"94","0","WARREN","0","Under Votes","410","17TH CONGRESS","MONMOUTH  7-4","0","12","REPUBLICAN PARTY","3"
"94","0","WARREN","400","JOE McGRAW","410","17TH CONGRESS","MONMOUTH 10-4","0","12","REPUBLICAN PARTY","7"
"94","0","WARREN","395","SCOTT ALAN CROWL","410","17TH CONGRESS","MONMOUTH 10-4","0","12","REPUBLICAN PARTY","8"
"94","0","WARREN","0","Over Votes","410","17TH CONGRESS","MONMOUTH 10-4","0","12","REPUBLICAN PARTY","0"
"94","0","WARREN","0","Under Votes","410","17TH CONGRESS","MONMOUTH 10-4","0","12","REPUBLICAN PARTY","0"
"94","0","WARREN","400","JOE McGRAW","410","17TH CONGRESS","MONMOUTH  2-F17","0","12","REPUBLICAN PARTY","0"
"94","0","WARREN","395","SCOTT ALAN CROWL","410","17TH CONGRESS","MONMOUTH  2-F17","0","12","REPUBLICAN PARTY","0"
"94","0","WARREN","0","Over Votes","410","17TH CONGRESS","MONMOUTH  2-F17","0","12","REPUBLICAN PARTY","0"
"94","0","WARREN","0","Under Votes","410","17TH CONGRESS","MONMOUTH  2-F17","0","12","REPUBLICAN PARTY","0"
"94","0","WARREN","400","JOE McGRAW","410","17TH CONGRESS","MONMOUTH  5-F17","0","12","REPUBLICAN PARTY","0"
"94","0","WARREN","395","SCOTT ALAN CROWL","410","17TH CONGRESS","MONMOUTH  5-F17","0","12","REPUBLICAN PARTY","0"
"94","0","WARREN","0","Over Votes","410","17TH CONGRESS","MONMOUTH  5-F17","0","12","REPUBLICAN PARTY","0"
"94","0","WARREN","0","Under Votes","410","17TH CONGRESS","MONMOUTH  5-F17","0","12","REPUBLICAN PARTY","0"
"94","0","WARREN","400","JOE McGRAW","410","17TH CONGRESS","MONMOUTH  8-F17","0","12","REPUBLICAN PARTY","0"
"94","0","WARREN","395","SCOTT ALAN CROWL","410","17TH CONGRESS","MONMOUTH  8-F17","0","12","REPUBLICAN PARTY","0"
"94","0","WARREN","0","Over Votes","410","17TH CONGRESS","MONMOUTH  8-F17","0","12","REPUBLICAN PARTY","0"
"94","0","WARREN","0","Under Votes","410","17TH CONGRESS","MONMOUTH  8-F17","0","12","REPUBLICAN PARTY","0"
"94","0","WARREN","400","JOE McGRAW","410","17TH CONGRESS","MONMOUTH 11-F17","0","12","REPUBLICAN PARTY","0"
"94","0","WARREN","395","SCOTT ALAN CROWL","410","17TH CONGRESS","MONMOUTH 11-F17","0","12","REPUBLICAN PARTY","0"
"94","0","WARREN","0","Over Votes","410","17TH CONGRESS","MONMOUTH 11-F17","0","12","REPUBLICAN PARTY","0"
"94","0","WARREN","0","Under Votes","410","17TH CONGRESS","MONMOUTH 11-F17","0","12","REPUBLICAN PARTY","0"
"94","0","WARREN","400","JOE McGRAW","410","17TH CONGRESS","KELLY 1-F17","0","12","REPUBLICAN PARTY","0"
"94","0","WARREN","395","SCOTT ALAN CROWL","410","17TH CONGRESS","KELLY 1-F17","0","12","REPUBLICAN PARTY","0"
"94","0","WARREN","0","Over Votes","410","17TH CONGRESS","KELLY 1-F17","0","12","REPUBLICAN PARTY","0"
"94","0","WARREN","0","Under Votes","410","17TH CONGRESS","KELLY 1-F17","0","12","REPUBLICAN PARTY","0"
"29","0","FULTON","395","SCOTT ALAN CROWL","410","17TH CONGRESS","BANNER-31","0","12","REPUBLICAN PARTY","2"
"29","0","FULTON","400","JOE McGRAW","410","17TH CONGRESS","BANNER-31","0","12","REPUBLICAN PARTY","16"
"29","0","FULTON","0","Over Votes","410","17TH CONGRESS","BANNER-31","0","12","REPUBLICAN PARTY","0"
"29","0","FULTON","0","Under Votes","410","17TH CONGRESS","BANNER-31","0","12","REPUBLICAN PARTY","0"
"29","0","FULTON","400","JOE McGRAW","410","17TH CONGRESS","CANTON  1-10","0","12","REPUBLICAN PARTY","16"
"29","0","FULTON","0","Over Votes","410","17TH CONGRESS","CANTON  1-10","0","12","REPUBLICAN PARTY","0"
"29","0","FULTON","395","SCOTT ALAN CROWL","410","17TH CONGRESS","CANTON  1-10","0","12","REPUBLICAN PARTY","9"
"29","0","FULTON","0","Under Votes","410","17TH CONGRESS","CANTON  1-10","0","12","REPUBLICAN PARTY","2"
"29","0","FULTON","400","JOE McGRAW","410","17TH CONGRESS","CANTON  4-13","0","12","REPUBLICAN PARTY","19"
"29","0","FULTON","0","Over Votes","410","17TH CONGRESS","CANTON  4-13","0","12","REPUBLICAN PARTY","0"
"29","0","FULTON","395","SCOTT ALAN CROWL","410","17TH CONGRESS","CANTON  4-13","0","12","REPUBLICAN PARTY","3"
"29","0","FULTON","0","Under Votes","410","17TH CONGRESS","CANTON  4-13","0","12","REPUBLICAN PARTY","4"
"29","0","FULTON","400","JOE McGRAW","410","17TH CONGRESS","ORION-26","0","12","REPUBLICAN PARTY","48"
"29","0","FULTON","0","Over Votes","410","17TH CONGRESS","ORION-26","0","12","REPUBLICAN PARTY","0"
"29","0","FULTON","395","SCOTT ALAN CROWL","410","17TH CONGRESS","ORION-26","0","12","REPUBLICAN PARTY","37"
"29","0","FULTON","0","Under Votes","410","17TH CONGRESS","ORION-26","0","12","REPUBLICAN PARTY","7"
"29","0","FULTON","400","JOE McGRAW","410","17TH CONGRESS","UNION-1","0","12","REPUBLICAN PARTY","21"
"29","0","FULTON","0","Over Votes","410","17TH CONGRESS","UNION-1","0","12","REPUBLICAN PARTY","0"
"98","0","WHITESIDE","390","ERIC SORENSEN","410","17TH CONGRESS","COLOMA 7","623","11","DEMOCRATIC","45"
"98","0","WHITESIDE","0","Over Votes","410","17TH CONGRESS","COLOMA 7","623","11","DEMOCRATIC","0"
"98","0","WHITESIDE","0","Blank Ballots","410","17TH CONGRESS","COLOMA 7","623","11","DEMOCRATIC","0"
"98","0","WHITESIDE","0","Under Votes","410","17TH CONGRESS","GARDEN PLAIN 1","738","11","DEMOCRATIC","1"
"98","0","WHITESIDE","390","ERIC SORENSEN","410","17TH CONGRESS","GARDEN PLAIN 1","738","11","DEMOCRATIC","15"
"98","0","WHITESIDE","0","Over Votes","410","17TH CONGRESS","GARDEN PLAIN 1","738","11","DEMOCRATIC","0"
"98","0","WHITESIDE","0","Blank Ballots","410","17TH CONGRESS","GARDEN PLAIN 1","738","11","DEMOCRATIC","0"
"98","0","WHITESIDE","390","ERIC SORENSEN","410","17TH CONGRESS","ALBANY 1","705","11","DEMOCRATIC","47"
"98","0","WHITESIDE","0","Under Votes","410","17TH CONGRESS","ALBANY 1","705","11","DEMOCRATIC","3"
"98","0","WHITESIDE","0","Over Votes","410","17TH CONGRESS","ALBANY 1","705","11","DEMOCRATIC","0"
"98","0","WHITESIDE","0","Blank Ballots","410","17TH CONGRESS","ALBANY 1","705","11","DEMOCRATIC","0"
"98","0","WHITESIDE","0","Under Votes","410","17TH CONGRESS","COLOMA 6","698","11","DEMOCRATIC","0"
"98","0","WHITESIDE","390","ERIC SORENSEN","410","17TH CONGRESS","COLOMA 6","698","11","DEMOCRATIC","45"
"98","0","WHITESIDE","0","Over Votes","410","17TH CONGRESS","COLOMA 6","698","11","DEMOCRATIC","0"
"98","0","WHITESIDE","0","Blank Ballots","410","17TH CONGRESS","COLOMA 6","698","11","DEMOCRATIC","0"
"98","0","WHITESIDE","390","ERIC SORENSEN","410","17TH CONGRESS","COLOMA 10","870","11","DEMOCRATIC","53"
"98","0","WHITESIDE","0","Under Votes","410","17TH CONGRESS","COLOMA 10","870","11","DEMOCRATIC","2"
"98","0","WHITESIDE","0","Over Votes","410","17TH CONGRESS","COLOMA 10","870","11","DEMOCRATIC","0"
"98","0","WHITESIDE","0","Blank Ballots","410","17TH CONGRESS","COLOMA 10","870","11","DEMOCRATIC","0"
"98","0","WHITESIDE","390","ERIC SORENSEN","410","17TH CONGRESS","FULTON 4","921","11","DEMOCRATIC","28"
"98","0","WHITESIDE","0","Under Votes","410","17TH CONGRESS","FULTON 4","921","11","DEMOCRATIC","0"
"98","0","WHITESIDE","0","Over Votes","410","17TH CONGRESS","FULTON 4","921","11","DEMOCRATIC","0"
"98","0","WHITESIDE","0","Blank Ballots","410","17TH CONGRESS","FULTON 4","921","11","DEMOCRATIC","0"
"98","0","WHITESIDE","0","Under Votes","410","17TH CONGRESS","JORDAN 1","641","11","DEMOCRATIC","2"
"98","0","WHITESIDE","390","ERIC SORENSEN","410","17TH CONGRESS","JORDAN 1","641","11","DEMOCRATIC","27"
"98","0","WHITESIDE","0","Over Votes","410","17TH CONGRESS","JORDAN 1","641","11","DEMOCRATIC","0"
"98","0","WHITESIDE","0","Blank Ballots","410","17TH CONGRESS","JORDAN 1","641","11","DEMOCRATIC","0"
"98","0","WHITESIDE","0","Blank Ballots","410","17TH CONGRESS","MT. PLEASANT 1","565","11","DEMOCRATIC","0"
"98","0","WHITESIDE","390","ERIC SORENSEN","410","17TH CONGRESS","MT. PLEASANT 1","565","11","DEMOCRATIC","22"
"98","0","WHITESIDE","0","Under Votes","410","17TH CONGRESS","MT. PLEASANT 1","565","11","DEMOCRATIC","2"
"98","0","WHITESIDE","0","Over Votes","410","17TH CONGRESS","MT. PLEASANT 1","565","11","DEMOCRATIC","0"
"98","0","WHITESIDE","0","Blank Ballots","410","17TH CONGRESS","PROPHETSTOWN 1","721","11","DEMOCRATIC","0"
"98","0","WHITESIDE","390","ERIC SORENSEN","410","17TH CONGRESS","PROPHETSTOWN 1","721","11","DEMOCRATIC","34"
"98","0","WHITESIDE","0","Under Votes","410","17TH CONGRESS","PROPHETSTOWN 1","721","11","DEMOCRATIC","1"
"98","0","WHITESIDE","0","Over Votes","410","17TH CONGRESS","PROPHETSTOWN 1","721","11","DEMOCRATIC","0"
"98","0","WHITESIDE","0","Under Votes","410","17TH CONGRESS","STERLING 5","393","11","DEMOCRATIC","1"
"98","0","WHITESIDE","390","ERIC SORENSEN","410","17TH CONGRESS","STERLING 5","393","11","DEMOCRATIC","24"
"66","0","MERCER","0","Blank Ballots","410","17TH CONGRESS","RICHLAND GROVE 2","437","12","REPUBLICAN","0"
"66","0","MERCER","0","Over Votes","410","17TH CONGRESS","RICHLAND GROVE 2","437","12","REPUBLICAN","0"
"66","0","MERCER","0","Blank Ballots","410","17TH CONGRESS","RICHLAND GROVE 1","895","12","REPUBLICAN","0"
"66","0","MERCER","0","Over Votes","410","17TH CONGRESS","RICHLAND GROVE 1","895","12","REPUBLICAN","0"
"66","0","MERCER","395","SCOTT ALAN CROWL","410","17TH CONGRESS","RICHLAND GROVE 1","895","12","REPUBLICAN","25"
"66","0","MERCER","400","JOE McGRAW","410","17TH CONGRESS","RICHLAND GROVE 1","895","12","REPUBLICAN","39"
"66","0","MERCER","0","Under Votes","410","17TH CONGRESS","RICHLAND GROVE 1","895","12","REPUBLICAN","2"
"66","0","MERCER","0","Blank Ballots","410","17TH CONGRESS","PREEMPTION 2","638","12","REPUBLICAN","0"
"66","0","MERCER","0","Over Votes","410","17TH CONGRESS","PREEMPTION 2","638","12","REPUBLICAN","0"
"66","0","MERCER","395","SCOTT ALAN CROWL","410","17TH CONGRESS","PREEMPTION 2","638","12","REPUBLICAN","19"
"66","0","MERCER","400","JOE McGRAW","410","17TH CONGRESS","PREEMPTION 2","638","12","REPUBLICAN","26"
"66","0","MERCER","0","Under Votes","410","17TH CONGRESS","PREEMPTION 2","638","12","REPUBLICAN","1"
"66","0","MERCER","0","Blank Ballots","410","17TH CONGRESS","GREENE 1","661","12","REPUBLICAN","0"
"66","0","MERCER","0","Over Votes","410","17TH CONGRESS","GREENE 1","661","12","REPUBLICAN","0"
"66","0","MERCER","395","SCOTT ALAN CROWL","410","17TH CONGRESS","GREENE 1","661","12","REPUBLICAN","24"
"66","0","MERCER","400","JOE McGRAW","410","17TH CONGRESS","GREENE 1","661","12","REPUBLICAN","21"
"66","0","MERCER","0","Under Votes","410","17TH CONGRESS","GREENE 1","661","12","REPUBLICAN","2"
"66","0","MERCER","0","Blank Ballots","410","17TH CONGRESS","RICHLAND GROVE 3","682","12","REPUBLICAN","0"
"66","0","MERCER","0","Over Votes","410","17TH CONGRESS","RICHLAND GROVE 3","682","12","REPUBLICAN","0"
"66","0","MERCER","395","SCOTT ALAN CROWL","410","17TH CONGRESS","RICHLAND GROVE 3","682","12","REPUBLICAN","21"
"66","0","MERCER","400","JOE McGRAW","410","17TH CONGRESS","RICHLAND GROVE 3","682","12","REPUBLICAN","33"
"66","0","MERCER","0","Under Votes","410","17TH CONGRESS","RICHLAND GROVE 3","682","12","REPUBLICAN","0"
"66","0","MERCER","395","SCOTT ALAN CROWL","410","17TH CONGRESS","RICHLAND GROVE 2","437","12","REPUBLICAN","11"
"66","0","MERCER","400","JOE McGRAW","410","17TH CONGRESS","RICHLAND GROVE 2","437","12","REPUBLICAN","17"
"66","0","MERCER","0","Under Votes","410","17TH CONGRESS","RICHLAND GROVE 2","437","12","REPUBLICAN","0"
"66","0","MERCER","0","Blank Ballots","410","17TH CONGRESS","PREEMPTION 1","678","12","REPUBLICAN","0"
"66","0","MERCER","0","Over Votes","410","17TH CONGRESS","PREEMPTION 1","678","12","REPUBLICAN","0"
"66","0","MERCER","395","SCOTT ALAN CROWL","410","17TH CONGRESS","PREEMPTION 1","678","12","REPUBLICAN","18"
"66","0","MERCER","400","JOE McGRAW","410","17TH CONGRESS","PREEMPTION 1","678","12","REPUBLICAN","30"
"66","0","MERCER","0","Under Votes","410","17TH CONGRESS","PREEMPTION 1","678","12","REPUBLICAN","1"
"66","0","MERCER","0","Blank Ballots","410","17TH CONGRESS","SUEZ","464","12","REPUBLICAN","0"
"66","0","MERCER","0","Over Votes","410","17TH CONGRESS","SUEZ","464","12","REPUBLICAN","0"
"66","0","MERCER","395","SCOTT ALAN CROWL","410","17TH CONGRESS","SUEZ","464","12","REPUBLICAN","10"
"66","0","MERCER","400","JOE McGRAW","410","17TH CONGRESS","SUEZ","464","12","REPUBLICAN","19"
"66","0","MERCER","0","Under Votes","410","17TH CONGRESS","SUEZ","464","12","REPUBLICAN","2"
"66","0","MERCER","0","Blank Ballots","410","17TH CONGRESS","NORTH HENDERSON","317","12","REPUBLICAN","0"
"66","0","MERCER","0","Over Votes","410","17TH CONGRESS","NORTH HENDERSON","317","12","REPUBLICAN","0"
"66","0","MERCER","395","SCOTT ALAN CROWL","410","17TH CONGRESS","NORTH HENDERSON","317","12","REPUBLICAN","10"
"66","0","MERCER","400","JOE McGRAW","410","17TH CONGRESS","NORTH HENDERSON","317","12","REPUBLICAN","32"
"66","0","MERCER","0","Under Votes","410","17TH CONGRESS","NORTH HENDERSON","317","12","REPUBLICAN","4"
"66","0","MERCER","0","Blank Ballots","410","17TH CONGRESS","GREENE 2","602","12","REPUBLICAN","0"
"66","0","MERCER","0","Over Votes","410","17TH CONGRESS","GREENE 2","602","12","REPUBLICAN","0"
"66","0","MERCER","395","SCOTT ALAN CROWL","410","17TH CONGRESS","GREENE 2","602","12","REPUBLICAN","16"
"66","0","MERCER","400","JOE McGRAW","410","17TH CONGRESS","GREENE 2","602","12","REPUBLICAN","26"
"66","0","MERCER","0","Under Votes","410","17TH CONGRESS","GREENE 2","602","12","REPUBLICAN","1"
"66","0","MERCER","0","Blank Ballots","410","17TH CONGRESS","RIVOLI","872","12","REPUBLICAN","0"
"66","0","MERCER","0","Over Votes","410","17TH CONGRESS","RIVOLI","872","12","REPUBLICAN","0"
"98","0","WHITESIDE","0","Over Votes","410","17TH CONGRESS","GENESEE 1","552","12","REPUBLICAN","0"
"98","0","WHITESIDE","0","Blank Ballots","410","17TH CONGRESS","MONTMORENCY 1","639","12","REPUBLICAN","0"
"98","0","WHITESIDE","395","SCOTT ALAN CROWL","410","17TH CONGRESS","MONTMORENCY 1","639","12","REPUBLICAN","14"
"98","0","WHITESIDE","400","JOE McGRAW","410","17TH CONGRESS","MONTMORENCY 1","639","12","REPUBLICAN","54"
"98","0","WHITESIDE","0","Under Votes","410","17TH CONGRESS","MONTMORENCY 1","639","12","REPUBLICAN","3"
"98","0","WHITESIDE","0","Over Votes","410","17TH CONGRESS","MONTMORENCY 1","639","12","REPUBLICAN","0"
"98","0","WHITESIDE","0","Blank Ballots","410","17TH CONGRESS","NEWTON 1","337","12","REPUBLICAN","0"
"98","0","WHITESIDE","395","SCOTT ALAN CROWL","410","17TH CONGRESS","NEWTON 1","337","12","REPUBLICAN","8"
"98","0","WHITESIDE","400","JOE McGRAW","410","17TH CONGRESS","NEWTON 1","337","12","REPUBLICAN","10"
"98","0","WHITESIDE","0","Under Votes","410","17TH CONGRESS","NEWTON 1","337","12","REPUBLICAN","4"
"98","0","WHITESIDE","0","Over Votes","410","17TH CONGRESS","NEWTON 1","337","12","REPUBLICAN","0"
"98","0","WHITESIDE","0","Blank Ballots","410","17TH CONGRESS","PROPHETSTOWN 3","561","12","REPUBLICAN","0"
"98","0","WHITESIDE","395","SCOTT ALAN CROWL","410","17TH CONGRESS","PROPHETSTOWN 3","561","12","REPUBLICAN","19"
"98","0","WHITESIDE","400","JOE McGRAW","410","17TH CONGRESS","PROPHETSTOWN 3","561","12","REPUBLICAN","57"
"98","0","WHITESIDE","0","Under Votes","410","17TH CONGRESS","PROPHETSTOWN 3","561","12","REPUBLICAN","19"
"98","0","WHITESIDE","0","Over Votes","410","17TH CONGRESS","PROPHETSTOWN 3","561","12","REPUBLICAN","0"
"98","0","WHITESIDE","0","Blank Ballots","410","17TH CONGRESS","STERLING 7","554","12","REPUBLICAN","0"
"98","0","WHITESIDE","395","SCOTT ALAN CROWL","410","17TH CONGRESS","STERLING 7","554","12","REPUBLICAN","10"
"98","0","WHITESIDE","400","JOE McGRAW","410","17TH CONGRESS","STERLING 7","554","12","REPUBLICAN","25"
"98","0","WHITESIDE","0","Under Votes","410","17TH CONGRESS","STERLING 7","554","12","REPUBLICAN","2"
"98","0","WHITESIDE","0","Over Votes","410","17TH CONGRESS","STERLING 7","554","12","REPUBLICAN","0"
"98","0","WHITESIDE","0","Blank Ballots","410","17TH CONGRESS","STERLING 14","850","12","REPUBLICAN","0"
"98","0","WHITESIDE","395","SCOTT ALAN CROWL","410","17TH CONGRESS","STERLING 14","850","12","REPUBLICAN","13"
"98","0","WHITESIDE","400","JOE McGRAW","410","17TH CONGRESS","STERLING 14","850","12","REPUBLICAN","41"
"98","0","WHITESIDE","0","Under Votes","410","17TH CONGRESS","STERLING 14","850","12","REPUBLICAN","9"
"98","0","WHITESIDE","0","Over Votes","410","17TH CONGRESS","STERLING 14","850","12","REPUBLICAN","0"
"98","0","WHITESIDE","0","Blank Ballots","410","17TH CONGRESS","COLOMA 2","753","12","REPUBLICAN","0"
"98","0","WHITESIDE","400","JOE McGRAW","410","17TH CONGRESS","COLOMA 2","753","12","REPUBLICAN","23"
"98","0","WHITESIDE","0","Under Votes","410","17TH CONGRESS","COLOMA 2","753","12","REPUBLICAN","3"
"98","0","WHITESIDE","0","Over Votes","410","17TH CONGRESS","COLOMA 2","753","12","REPUBLICAN","0"
"98","0","WHITESIDE","395","SCOTT ALAN CROWL","410","17TH CONGRESS","COLOMA 2","753","12","REPUBLICAN","15"
"98","0","WHITESIDE","0","Blank Ballots","410","17TH CONGRESS","FENTON 1","378","12","REPUBLICAN","0"
"98","0","WHITESIDE","395","SCOTT ALAN CROWL","410","17TH CONGRESS","FENTON 1","378","12","REPUBLICAN","13"
"98","0","WHITESIDE","400","JOE McGRAW","410","17TH CONGRESS","FENTON 1","378","12","REPUBLICAN","22"
"98","0","WHITESIDE","0","Under Votes","410","17TH CONGRESS","FENTON 1","378","12","REPUBLICAN","3"
"98","0","WHITESIDE","0","Over Votes","410","17TH CONGRESS","FENTON 1","378","12","REPUBLICAN","0"
"98","0","WHITESIDE","0","Over Votes","410","17TH CONGRESS","HAHNAMAN 1","190","12","REPUBLICAN","0"
"98","0","WHITESIDE","0","Blank Ballots","410","17TH CONGRESS","HAHNAMAN 1","190","12","REPUBLICAN","0"
"98","0","WHITESIDE","395","SCOTT ALAN CROWL","410","17TH CONGRESS","HAHNAMAN 1","190","12","REPUBLICAN","3"
"98","0","WHITESIDE","400","JOE McGRAW","410","17TH CONGRESS","HAHNAMAN 1","190","12","REPUBLICAN","8"
"98","0","WHITESIDE","0","Under Votes","410","17TH CONGRESS","HAHNAMAN 1","190","12","REPUBLICAN","0"
"98","0","WHITESIDE","0","Blank Ballots","410","17TH CONGRESS","MT. PLEASANT 4","729","12","REPUBLICAN","0"
"98","0","WHITESIDE","395","SCOTT ALAN CROWL","410","17TH CONGRESS","MT. PLEASANT 4","729","12","REPUBLICAN","29"
"98","0","WHITESIDE","400","JOE McGRAW","410","17TH CONGRESS","MT. PLEASANT 4","729","12","REPUBLICAN","41"
"98","0","WHITESIDE","0","Under Votes","410","17TH CONGRESS","MT. PLEASANT 4","729","12","REPUBLICAN","15"
"98","0","WHITESIDE","0","Over Votes","410","17TH CONGRESS","MT. PLEASANT 4","729","12","REPUBLICAN","0"
"98","0","WHITESIDE","0","Over Votes","410","17TH CONGRESS","STERLING 1","384","12","REPUBLICAN","0"
"98","0","WHITESIDE","0","Blank Ballots","410","17TH CONGRESS","STERLING 1","384","12","REPUBLICAN","0"
"98","0","WHITESIDE","395","SCOTT ALAN CROWL","410","17TH CONGRESS","STERLING 1","384","12","REPUBLICAN","8"
"98","0","WHITESIDE","400","JOE McGRAW","410","17TH CONGRESS","STERLING 1","384","12","REPUBLICAN","14"
"98","0","WHITESIDE","0","Under Votes","410","17TH CONGRESS","STERLING 1","384","12","REPUBLICAN","1"
"98","0","WHITESIDE","0","Blank Ballots","410","17TH CONGRESS","STERLING 12","890","12","REPUBLICAN","0"
"98","0","WHITESIDE","395","SCOTT ALAN CROWL","410","17TH CONGRESS","STERLING 12","890","12","REPUBLICAN","17"
"98","0","WHITESIDE","400","JOE McGRAW","410","17TH CONGRESS","STERLING 12","890","12","REPUBLICAN","40"
"98","0","WHITESIDE","0","Under Votes","410","17TH CONGRESS","STERLING 12","890","12","REPUBLICAN","7"
"98","0","WHITESIDE","0","Over Votes","410","17TH CONGRESS","STERLING 12","890","12","REPUBLICAN","0"
"98","0","WHITESIDE","0","Over Votes","410","17TH CONGRESS","TAMPICO 1","617","12","REPUBLICAN","0"
"98","0","WHITESIDE","0","Blank Ballots","410","17TH CONGRESS","TAMPICO 1","617","12","REPUBLICAN","0"
"98","0","WHITESIDE","395","SCOTT ALAN CROWL","410","17TH CONGRESS","TAMPICO 1","617","12","REPUBLICAN","25"
"98","0","WHITESIDE","400","JOE McGRAW","410","17TH CONGRESS","TAMPICO 1","617","12","REPUBLICAN","58"
"98","0","WHITESIDE","0","Under Votes","410","17TH CONGRESS","TAMPICO 1","617","12","REPUBLICAN","6"
"98","0","WHITESIDE","0","Over Votes","410","17TH CONGRESS","COLOMA 9","808","12","REPUBLICAN","0"
"98","0","WHITESIDE","395","SCOTT ALAN CROWL","410","17TH CONGRESS","COLOMA 9","808","12","REPUBLICAN","17"
"98","0","WHITESIDE","400","JOE McGRAW","410","17TH CONGRESS","COLOMA 9","808","12","REPUBLICAN","46"
"98","0","WHITESIDE","0","Blank Ballots","410","17TH CONGRESS","COLOMA 9","808","12","REPUBLICAN","0"
"98","0","WHITESIDE","0","Under Votes","410","17TH CONGRESS","COLOMA 9","808","12","REPUBLICAN","8"
"98","0","WHITESIDE","0","Over Votes","410","17TH CONGRESS","FULTON 3","863","12","REPUBLICAN","0"
"98","0","WHITESIDE","395","SCOTT ALAN CROWL","410","17TH CONGRESS","FULTON 3","863","12","REPUBLICAN","26"
"98","0","WHITESIDE","400","JOE McGRAW","410","17TH CONGRESS","FULTON 3","863","12","REPUBLICAN","18"
"98","0","WHITESIDE","0","Under Votes","410","17TH CONGRESS","FULTON 3","863","12","REPUBLICAN","1"
"98","0","WHITESIDE","0","Blank Ballots","410","17TH CONGRESS","FULTON 3","863","12","REPUBLICAN","0"
"98","0","WHITESIDE","0","Over Votes","410","17TH CONGRESS","MONTMORENCY 2","1143","12","REPUBLICAN","0"
"98","0","WHITESIDE","395","SCOTT ALAN CROWL","410","17TH CONGRESS","MONTMORENCY 2","1143","12","REPUBLICAN","36"
"98","0","WHITESIDE","400","JOE McGRAW","410","17TH CONGRESS","MONTMORENCY 2","1143","12","REPUBLICAN","72"
"98","0","WHITESIDE","0","Blank Ballots","410","17TH CONGRESS","MONTMORENCY 2","1143","12","REPUBLICAN","0"
"98","0","WHITESIDE","0","Under Votes","410","17TH CONGRESS","MONTMORENCY 2","1143","12","REPUBLICAN","6"
"98","0","WHITESIDE","0","Over Votes","410","17TH CONGRESS","PORTLAND 1","313","12","REPUBLICAN","0"
"98","0","WHITESIDE","395","SCOTT ALAN CROWL","410","17TH CONGRESS","PORTLAND 1","313","12","REPUBLICAN","13"
"98","0","WHITESIDE","400","JOE McGRAW","410","17TH CONGRESS","PORTLAND 1","313","12","REPUBLICAN","33"
"98","0","WHITESIDE","0","Under Votes","410","17TH CONGRESS","PORTLAND 1","313","12","REPUBLICAN","2"
"98","0","WHITESIDE","0","Blank Ballots","410","17TH CONGRESS","PORTLAND 1","313","12","REPUBLICAN","0"
"98","0","WHITESIDE","0","Over Votes","410","17TH CONGRESS","STERLING 8","556","12","REPUBLICAN","0"
"98","0","WHITESIDE","395","SCOTT ALAN CROWL","410","17TH CONGRESS","STERLING 8","556","12","REPUBLICAN","14"
"98","0","WHITESIDE","400","JOE McGRAW","410","17TH CONGRESS","STERLING 8","556","12","REPUBLICAN","16"
"98","0","WHITESIDE","0","Blank Ballots","410","17TH CONGRESS","STERLING 8","556","12","REPUBLICAN","0"
"98","0","WHITESIDE","0","Under Votes","410","17TH CONGRESS","STERLING 8","556","12","REPUBLICAN","5"
"98","0","WHITESIDE","0","Over Votes","410","17TH CONGRESS","STERLING 15","914","12","REPUBLICAN","0"
"98","0","WHITESIDE","395","SCOTT ALAN CROWL","410","17TH CONGRESS","STERLING 15","914","12","REPUBLICAN","19"
"98","0","WHITESIDE","400","JOE McGRAW","410","17TH CONGRESS","STERLING 15","914","12","REPUBLICAN","52"
"98","0","WHITESIDE","0","Under Votes","410","17TH CONGRESS","STERLING 15","914","12","REPUBLICAN","9"
"98","0","WHITESIDE","0","Blank Ballots","410","17TH CONGRESS","STERLING 15","914","12","REPUBLICAN","0"
"98","0","WHITESIDE","0","Blank Ballots","410","17TH CONGRESS","COLOMA 1","493","12","REPUBLICAN","0"
"98","0","WHITESIDE","395","SCOTT ALAN CROWL","410","17TH CONGRESS","COLOMA 1","493","12","REPUBLICAN","10"
"98","0","WHITESIDE","400","JOE McGRAW","410","17TH CONGRESS","COLOMA 1","493","12","REPUBLICAN","28"
"98","0","WHITESIDE","0","Under Votes","410","17TH CONGRESS","COLOMA 1","493","12","REPUBLICAN","1"
"98","0","WHITESIDE","0","Over Votes","410","17TH CONGRESS","COLOMA 1","493","12","REPUBLICAN","0"
"98","0","WHITESIDE","0","Blank Ballots","410","17TH CONGRESS","COLOMA 8","805","12","REPUBLICAN","0"
"98","0","WHITESIDE","395","SCOTT ALAN CROWL","410","17TH CONGRESS","COLOMA 8","805","12","REPUBLICAN","13"
"98","0","WHITESIDE","400","JOE McGRAW","410","17TH CONGRESS","COLOMA 8","805","12","REPUBLICAN","22"
"98","0","WHITESIDE","0","Under Votes","410","17TH CONGRESS","COLOMA 8","805","12","REPUBLICAN","4"
"98","0","WHITESIDE","0","Over Votes","410","17TH CONGRESS","COLOMA 8","805","12","REPUBLICAN","0"
"98","0","WHITESIDE","0","Over Votes","410","17TH CONGRESS","FULTON 2","495","12","REPUBLICAN","0"
"98","0","WHITESIDE","0","Blank Ballots","410","17TH CONGRESS","FULTON 2","495","12","REPUBLICAN","0"
"98","0","WHITESIDE","395","SCOTT ALAN CROWL","410","17TH CONGRESS","FULTON 2","495","12","REPUBLICAN","17"
"98","0","WHITESIDE","400","JOE McGRAW","410","17TH CONGRESS","FULTON 2","495","12","REPUBLICAN","4"
"98","0","WHITESIDE","0","Under Votes","410","17TH CONGRESS","FULTON 2","495","12","REPUBLICAN","5"
"98","0","WHITESIDE","0","Blank Ballots","410","17TH CONGRESS","CLYDE 1","309","12","REPUBLICAN","0"
"98","0","WHITESIDE","395","SCOTT ALAN CROWL","410","17TH CONGRESS","CLYDE 1","309","12","REPUBLICAN","20"
"98","0","WHITESIDE","400","JOE McGRAW","410","17TH CONGRESS","CLYDE 1","309","12","REPUBLICAN","27"
"98","0","WHITESIDE","0","Under Votes","410","17TH CONGRESS","CLYDE 1","309","12","REPUBLICAN","3"
"98","0","WHITESIDE","0","Over Votes","410","17TH CONGRESS","CLYDE 1","309","12","REPUBLICAN","0"
"98","0","WHITESIDE","0","Blank Ballots","410","17TH CONGRESS","COLOMA 7","623","12","REPUBLICAN","0"
"98","0","WHITESIDE","395","SCOTT ALAN CROWL","410","17TH CONGRESS","COLOMA 7","623","12","REPUBLICAN","7"
"98","0","WHITESIDE","400","JOE McGRAW","410","17TH CONGRESS","COLOMA 7","623","12","REPUBLICAN","18"
"98","0","WHITESIDE","0","Under Votes","410","17TH CONGRESS","COLOMA 7","623","12","REPUBLICAN","3"
"98","0","WHITESIDE","0","Over Votes","410","17TH CONGRESS","COLOMA 7","623","12","REPUBLICAN","0"
"98","0","WHITESIDE","0","Blank Ballots","410","17TH CONGRESS","GARDEN PLAIN 1","738","12","REPUBLICAN","0"
"98","0","WHITESIDE","395","SCOTT ALAN CROWL","410","17TH CONGRESS","GARDEN PLAIN 1","738","12","REPUBLICAN","33"
"98","0","WHITESIDE","400","JOE McGRAW","410","17TH CONGRESS","GARDEN PLAIN 1","738","12","REPUBLICAN","30"
"98","0","WHITESIDE","0","Under Votes","410","17TH CONGRESS","GARDEN PLAIN 1","738","12","REPUBLICAN","4"
"98","0","WHITESIDE","0","Over Votes","410","17TH CONGRESS","GARDEN PLAIN 1","738","12","REPUBLICAN","0"
"98","0","WHITESIDE","0","Blank Ballots","410","17TH CONGRESS","LYNDON 1","610","12","REPUBLICAN","0"
"98","0","WHITESIDE","395","SCOTT ALAN CROWL","410","17TH CONGRESS","LYNDON 1","610","12","REPUBLICAN","36"
"98","0","WHITESIDE","400","JOE McGRAW","410","17TH CONGRESS","LYNDON 1","610","12","REPUBLICAN","50"
"98","0","WHITESIDE","0","Under Votes","410","17TH CONGRESS","LYNDON 1","610","12","REPUBLICAN","10"
"81","0","ROCK ISLAND","0","Over Votes","410","17TH CONGRESS","BUFFALO PRAIRIE","579","12","REPUBLICAN","0"
"81","0","ROCK ISLAND","0","Blank Ballots","410","17TH CONGRESS","BUFFALO PRAIRIE","579","12","REPUBLICAN","8"
"81","0","ROCK ISLAND","0","Over Votes","410","17TH CONGRESS","ROCK ISLAND 13","382","12","REPUBLICAN","0"
"81","0","ROCK ISLAND","0","Over Votes","410","17TH CONGRESS","SO ROCK ISLAND 5","875","12","REPUBLICAN","0"
"81","0","ROCK ISLAND","0","Blank Ballots","410","17TH CONGRESS","SO ROCK ISLAND 5","875","12","REPUBLICAN","5"
"81","0","ROCK ISLAND","400","JOE McGRAW","410","17TH CONGRESS","SO ROCK ISLAND 5","875","12","REPUBLICAN","15"
"81","0","ROCK ISLAND","0","Under Votes","410","17TH CONGRESS","SO ROCK ISLAND 5","875","12","REPUBLICAN","0"
"81","0","ROCK ISLAND","395","SCOTT ALAN CROWL","410","17TH CONGRESS","SO ROCK ISLAND 5","875","12","REPUBLICAN","15"
"81","0","ROCK ISLAND","400","JOE McGRAW","410","17TH CONGRESS","SO ROCK ISLAND 8","812","12","REPUBLICAN","26"
"81","0","ROCK ISLAND","0","Under Votes","410","17TH CONGRESS","SO ROCK ISLAND 8","812","12","REPUBLICAN","0"
"81","0","ROCK ISLAND","395","SCOTT ALAN CROWL","410","17TH CONGRESS","SO ROCK ISLAND 8","812","12","REPUBLICAN","23"
"81","0","ROCK ISLAND","0","Over Votes","410","17TH CONGRESS","SO ROCK ISLAND 8","812","12","REPUBLICAN","0"
"81","0","ROCK ISLAND","0","Blank Ballots","410","17TH CONGRESS","SO ROCK ISLAND 8","812","12","REPUBLICAN","6"
"81","0","ROCK ISLAND","400","JOE McGRAW","410","17TH CONGRESS","SO ROCK ISLAND 11","782","12","REPUBLICAN","37"
"81","0","ROCK ISLAND","0","Under Votes","410","17TH CONGRESS","SO ROCK ISLAND 11","782","12","REPUBLICAN","0"
"81","0","ROCK ISLAND","395","SCOTT ALAN CROWL","410","17TH CONGRESS","SO ROCK ISLAND 11","782","12","REPUBLICAN","9"
"81","0","ROCK ISLAND","0","Over Votes","410","17TH CONGRESS","SO ROCK ISLAND 11","782","12","REPUBLICAN","0"
"81","0","ROCK ISLAND","0","Blank Ballots","410","17TH CONGRESS","SO ROCK ISLAND 11","782","12","REPUBLICAN","8"
"81","0","ROCK ISLAND","400","JOE McGRAW","410","17TH CONGRESS","SO ROCK ISLAND 14","805","12","REPUBLICAN","28"
"81","0","ROCK ISLAND","0","Under Votes","410","17TH CONGRESS","SO ROCK ISLAND 14","805","12","REPUBLICAN","0"
"81","0","ROCK ISLAND","395","SCOTT ALAN CROWL","410","17TH CONGRESS","SO ROCK ISLAND 14","805","12","REPUBLICAN","13"
"81","0","ROCK ISLAND","0","Over Votes","410","17TH CONGRESS","SO ROCK ISLAND 14","805","12","REPUBLICAN","0"
"81","0","ROCK ISLAND","0","Blank Ballots","410","17TH CONGRESS","SO ROCK ISLAND 14","805","12","REPUBLICAN","13"
"81","0","ROCK ISLAND","400","JOE McGRAW","410","17TH CONGRESS","EDGINGTON 1","567","12","REPUBLICAN","19"
"81","0","ROCK ISLAND","0","Under Votes","410","17TH CONGRESS","EDGINGTON 1","567","12","REPUBLICAN","0"
"81","0","ROCK ISLAND","395","SCOTT ALAN CROWL","410","17TH CONGRESS","EDGINGTON 1","567","12","REPUBLICAN","56"
"81","0","ROCK ISLAND","0","Over Votes","410","17TH CONGRESS","EDGINGTON 1","567","12","REPUBLICAN","0"
"81","0","ROCK ISLAND","0","Blank Ballots","410","17TH CONGRESS","EDGINGTON 1","567","12","REPUBLICAN","14"
"81","0","ROCK ISLAND","400","JOE McGRAW","410","17TH CONGRESS","HAMPTON 8","354","12","REPUBLICAN","9"
"81","0","ROCK ISLAND","0","Under Votes","410","17TH CONGRESS","HAMPTON 8","354","12","REPUBLICAN","0"
"81","0","ROCK ISLAND","395","SCOTT ALAN CROWL","410","17TH CONGRESS","HAMPTON 8","354","12","REPUBLICAN","1"
"81","0","ROCK ISLAND","0","Over Votes","410","17TH CONGRESS","HAMPTON 8","354","12","REPUBLICAN","0"
"81","0","ROCK ISLAND","0","Blank Ballots","410","17TH CONGRESS","HAMPTON 8","354","12","REPUBLICAN","0"
"81","0","ROCK ISLAND","400","JOE McGRAW","410","17TH CONGRESS","HAMPTON 11","703","12","REPUBLICAN","24"
"81","0","ROCK ISLAND","0","Under Votes","410","17TH CONGRESS","HAMPTON 11","703","12","REPUBLICAN","0"
"81","0","ROCK ISLAND","395","SCOTT ALAN CROWL","410","17TH CONGRESS","HAMPTON 11","703","12","REPUBLICAN","10"
"81","0","ROCK ISLAND","0","Over Votes","410","17TH CONGRESS","HAMPTON 11","703","12","REPUBLICAN","0"
"81","0","ROCK ISLAND","0","Blank Ballots","410","17TH CONGRESS","HAMPTON 11","703","12","REPUBLICAN","3"
"81","0","ROCK ISLAND","400","JOE McGRAW","410","17TH CONGRESS","SO MOLINE 2","755","12","REPUBLICAN","18"
"81","0","ROCK ISLAND","0","Under Votes","410","17TH CONGRESS","SO MOLINE 2","755","12","REPUBLICAN","0"
"29","0","FULTON","395","SCOTT ALAN CROWL","410","17TH CONGRESS","UNION-1","0","12","REPUBLICAN PARTY","23"
"29","0","FULTON","0","Under Votes","410","17TH CONGRESS","UNION-1","0","12","REPUBLICAN PARTY","3"
"29","0","FULTON","395","SCOTT ALAN CROWL","410","17TH CONGRESS","CANTON 12-F17","0","12","REPUBLICAN PARTY","0"
"29","0","FULTON","400","JOE McGRAW","410","17TH CONGRESS","CANTON 12-F17","0","12","REPUBLICAN PARTY","0"
"29","0","FULTON","0","Over Votes","410","17TH CONGRESS","CANTON 12-F17","0","12","REPUBLICAN PARTY","0"
"29","0","FULTON","0","Under Votes","410","17TH CONGRESS","CANTON 12-F17","0","12","REPUBLICAN PARTY","0"
"29","0","FULTON","395","SCOTT ALAN CROWL","410","17TH CONGRESS","CANTON 15-F17","0","12","REPUBLICAN PARTY","0"
"29","0","FULTON","400","JOE McGRAW","410","17TH CONGRESS","CANTON 15-F17","0","12","REPUBLICAN PARTY","0"
"29","0","FULTON","0","Over Votes","410","17TH CONGRESS","CANTON 15-F17","0","12","REPUBLICAN PARTY","0"
"29","0","FULTON","0","Under Votes","410","17TH CONGRESS","CANTON 15-F17","0","12","REPUBLICAN PARTY","0"
"29","0","FULTON","395","SCOTT ALAN CROWL","410","17TH CONGRESS","DEERFIELD-F17","0","12","REPUBLICAN PARTY","0"
"29","0","FULTON","400","JOE McGRAW","410","17TH CONGRESS","DEERFIELD-F17","0","12","REPUBLICAN PARTY","0"
"29","0","FULTON","0","Over Votes","410","17TH CONGRESS","DEERFIELD-F17","0","12","REPUBLICAN PARTY","0"
"29","0","FULTON","0","Under Votes","410","17TH CONGRESS","DEERFIELD-F17","0","12","REPUBLICAN PARTY","0"
"29","0","FULTON","400","JOE McGRAW","410","17TH CONGRESS","HARRIS-F17","0","12","REPUBLICAN PARTY","0"
"29","0","FULTON","0","Over Votes","410","17TH CONGRESS","HARRIS-F17","0","12","REPUBLICAN PARTY","0"
"29","0","FULTON","0","Under Votes","410","17TH CONGRESS","HARRIS-F17","0","12","REPUBLICAN PARTY","0"
"29","0","FULTON","395","SCOTT ALAN CROWL","410","17TH CONGRESS","ORION-F17","0","12","REPUBLICAN PARTY","0"
"29","0","FULTON","400","JOE McGRAW","410","17TH CONGRESS","ORION-F17","0","12","REPUBLICAN PARTY","0"
"29","0","FULTON","0","Over Votes","410","17TH CONGRESS","ORION-F17","0","12","REPUBLICAN PARTY","0"
"29","0","FULTON","0","Under Votes","410","17TH CONGRESS","ORION-F17","0","12","REPUBLICAN PARTY","0"
"29","0","FULTON","400","JOE McGRAW","410","17TH CONGRESS","CANTON  5-F17","0","12","REPUBLICAN PARTY","0"
"29","0","FULTON","0","Over Votes","410","17TH CONGRESS","CANTON  5-F17","0","12","REPUBLICAN PARTY","0"
"29","0","FULTON","0","Under Votes","410","17TH CONGRESS","CANTON  5-F17","0","12","REPUBLICAN PARTY","0"
"29","0","FULTON","395","SCOTT ALAN CROWL","410","17TH CONGRESS","CANTON  8-F17","0","12","REPUBLICAN PARTY","0"
"29","0","FULTON","400","JOE McGRAW","410","17TH CONGRESS","CANTON  8-F17","0","12","REPUBLICAN PARTY","0"
"29","0","FULTON","0","Over Votes","410","17TH CONGRESS","CANTON  8-F17","0","12","REPUBLICAN PARTY","0"
"29","0","FULTON","0","Under Votes","410","17TH CONGRESS","CANTON  8-F17","0","12","REPUBLICAN PARTY","0"
"29","0","FULTON","400","JOE McGRAW","410","17TH CONGRESS","LEE TWP-F17","0","12","REPUBLICAN PARTY","0"
"29","0","FULTON","0","Over Votes","410","17TH CONGRESS","LEE TWP-F17","0","12","REPUBLICAN PARTY","0"
"29","0","FULTON","395","SCOTT ALAN CROWL","410","17TH CONGRESS","LEE TWP-F17","0","12","REPUBLICAN PARTY","0"
"29","0","FULTON","0","Under Votes","410","17TH CONGRESS","LEE TWP-F17","0","12","REPUBLICAN PARTY","0"
"29","0","FULTON","0","Over Votes","410","17TH CONGRESS","YOUNG HICKORY-3","0","12","REPUBLICAN PARTY","0"
"29","0","FULTON","395","SCOTT ALAN CROWL","410","17TH CONGRESS","YOUNG HICKORY-3","0","12","REPUBLICAN PARTY","22"
"29","0","FULTON","0","Under Votes","410","17TH CONGRESS","YOUNG HICKORY-3","0","12","REPUBLICAN PARTY","4"
"29","0","FULTON","395","SCOTT ALAN CROWL","410","17TH CONGRESS","CANTON 16-F17","0","12","REPUBLICAN PARTY","0"
"29","0","FULTON","400","JOE McGRAW","410","17TH CONGRESS","CANTON 16-F17","0","12","REPUBLICAN PARTY","0"
"29","0","FULTON","0","Over Votes","410","17TH CONGRESS","CANTON 16-F17","0","12","REPUBLICAN PARTY","0"
"29","0","FULTON","0","Under Votes","410","17TH CONGRESS","CANTON 16-F17","0","12","REPUBLICAN PARTY","0"
"66","0","MERCER","395","SCOTT ALAN CROWL","410","17TH CONGRESS","RIVOLI","872","12","REPUBLICAN","24"
"66","0","MERCER","400","JOE McGRAW","410","17TH CONGRESS","RIVOLI","872","12","REPUBLICAN","37"
"66","0","MERCER","0","Under Votes","410","17TH CONGRESS","RIVOLI","872","12","REPUBLICAN","6"
"29","0","FULTON","0","Under Votes","410","17TH CONGRESS","CANTON  7-16","0","11","DEMOCRATIC PARTY","3"
"29","0","FULTON","0","Over Votes","410","17TH CONGRESS","CANTON  7-16","0","11","DEMOCRATIC PARTY","0"
"29","0","FULTON","390","ERIC SORENSEN","410","17TH CONGRESS","CANTON  7-16","0","11","DEMOCRATIC PARTY","20"
"29","0","FULTON","0","Over Votes","410","17TH CONGRESS","CANTON 10-19","0","11","DEMOCRATIC PARTY","0"
"29","0","FULTON","0","Under Votes","410","17TH CONGRESS","CANTON 10-19","0","11","DEMOCRATIC PARTY","1"
"29","0","FULTON","390","ERIC SORENSEN","410","17TH CONGRESS","CANTON 10-19","0","11","DEMOCRATIC PARTY","31"
"29","0","FULTON","0","Over Votes","410","17TH CONGRESS","CANTON 13-22","0","11","DEMOCRATIC PARTY","0"
"29","0","FULTON","0","Under Votes","410","17TH CONGRESS","CANTON 13-22","0","11","DEMOCRATIC PARTY","3"
"29","0","FULTON","390","ERIC SORENSEN","410","17TH CONGRESS","CANTON 13-22","0","11","DEMOCRATIC PARTY","43"
"29","0","FULTON","0","Over Votes","410","17TH CONGRESS","CANTON 16-25","0","11","DEMOCRATIC PARTY","0"
"29","0","FULTON","0","Under Votes","410","17TH CONGRESS","CANTON 16-25","0","11","DEMOCRATIC PARTY","5"
"29","0","FULTON","390","ERIC SORENSEN","410","17TH CONGRESS","CANTON 16-25","0","11","DEMOCRATIC PARTY","80"
"29","0","FULTON","0","Under Votes","410","17TH CONGRESS","BANNER-F17","0","11","DEMOCRATIC PARTY","0"
"29","0","FULTON","0","Over Votes","410","17TH CONGRESS","BANNER-F17","0","11","DEMOCRATIC PARTY","0"
"29","0","FULTON","390","ERIC SORENSEN","410","17TH CONGRESS","BANNER-F17","0","11","DEMOCRATIC PARTY","0"
"29","0","FULTON","0","Over Votes","410","17TH CONGRESS","CANTON  1-F17","0","11","DEMOCRATIC PARTY","0"
"29","0","FULTON","0","Under Votes","410","17TH CONGRESS","CANTON  1-F17","0","11","DEMOCRATIC PARTY","0"
"29","0","FULTON","390","ERIC SORENSEN","410","17TH CONGRESS","CANTON  1-F17","0","11","DEMOCRATIC PARTY","0"
"29","0","FULTON","0","Over Votes","410","17TH CONGRESS","CANTON  4-F17","0","11","DEMOCRATIC PARTY","0"
"29","0","FULTON","0","Under Votes","410","17TH CONGRESS","CANTON  4-F17","0","11","DEMOCRATIC PARTY","0"
"29","0","FULTON","390","ERIC SORENSEN","410","17TH CONGRESS","CANTON  4-F17","0","11","DEMOCRATIC PARTY","0"
"29","0","FULTON","0","Under Votes","410","17TH CONGRESS","HARRIS-F17","0","11","DEMOCRATIC PARTY","0"
"29","0","FULTON","0","Over Votes","410","17TH CONGRESS","HARRIS-F17","0","11","DEMOCRATIC PARTY","0"
"29","0","FULTON","390","ERIC SORENSEN","410","17TH CONGRESS","HARRIS-F17","0","11","DEMOCRATIC PARTY","0"
"29","0","FULTON","0","Over Votes","410","17TH CONGRESS","ORION-F17","0","11","DEMOCRATIC PARTY","0"
"29","0","FULTON","0","Under Votes","410","17TH CONGRESS","ORION-F17","0","11","DEMOCRATIC PARTY","0"
"29","0","FULTON","390","ERIC SORENSEN","410","17TH CONGRESS","ORION-F17","0","11","DEMOCRATIC PARTY","0"
"29","0","FULTON","0","Under Votes","410","17TH CONGRESS","CANTON 15-24","0","11","DEMOCRATIC PARTY","2"
"29","0","FULTON","0","Over Votes","410","17TH CONGRESS","CANTON 15-24","0","11","DEMOCRATIC PARTY","0"
"29","0","FULTON","390","ERIC SORENSEN","410","17TH CONGRESS","CANTON 15-24","0","11","DEMOCRATIC PARTY","47"
"29","0","FULTON","0","Over Votes","410","17TH CONGRESS","DEERFIELD-8","0","11","DEMOCRATIC PARTY","0"
"29","0","FULTON","0","Under Votes","410","17TH CONGRESS","DEERFIELD-8","0","11","DEMOCRATIC PARTY","0"
"29","0","FULTON","390","ERIC SORENSEN","410","17TH CONGRESS","DEERFIELD-8","0","11","DEMOCRATIC PARTY","7"
"29","0","FULTON","0","Over Votes","410","17TH CONGRESS","HARRIS-27","0","11","DEMOCRATIC PARTY","0"
"29","0","FULTON","0","Under Votes","410","17TH CONGRESS","HARRIS-27","0","11","DEMOCRATIC PARTY","0"
"29","0","FULTON","390","ERIC SORENSEN","410","17TH CONGRESS","HARRIS-27","0","11","DEMOCRATIC PARTY","13"
"29","0","FULTON","0","Over Votes","410","17TH CONGRESS","CANTON  3-F17","0","11","DEMOCRATIC PARTY","0"
"29","0","FULTON","0","Under Votes","410","17TH CONGRESS","CANTON  3-F17","0","11","DEMOCRATIC PARTY","0"
"29","0","FULTON","390","ERIC SORENSEN","410","17TH CONGRESS","CANTON  3-F17","0","11","DEMOCRATIC PARTY","0"
"29","0","FULTON","0","Over Votes","410","17TH CONGRESS","CANTON  6-F17","0","11","DEMOCRATIC PARTY","0"
"29","0","FULTON","0","Under Votes","410","17TH CONGRESS","CANTON  6-F17","0","11","DEMOCRATIC PARTY","0"
"29","0","FULTON","390","ERIC SORENSEN","410","17TH CONGRESS","CANTON  6-F17","0","11","DEMOCRATIC PARTY","0"
"29","0","FULTON","390","ERIC SORENSEN","410","17TH CONGRESS","CANTON  9-F17","0","11","DEMOCRATIC PARTY","0"
"29","0","FULTON","0","Over Votes","410","17TH CONGRESS","CANTON  9-F17","0","11","DEMOCRATIC PARTY","0"
"29","0","FULTON","0","Under Votes","410","17TH CONGRESS","CANTON  9-F17","0","11","DEMOCRATIC PARTY","0"
"29","0","FULTON","0","Over Votes","410","17TH CONGRESS","PUTMAN-F17","0","11","DEMOCRATIC PARTY","0"
"29","0","FULTON","0","Under Votes","410","17TH CONGRESS","PUTMAN-F17","0","11","DEMOCRATIC PARTY","0"
"29","0","FULTON","390","ERIC SORENSEN","410","17TH CONGRESS","PUTMAN-F17","0","11","DEMOCRATIC PARTY","0"
"29","0","FULTON","0","Over Votes","410","17TH CONGRESS","CANTON  6-15","0","11","DEMOCRATIC PARTY","0"
"29","0","FULTON","0","Under Votes","410","17TH CONGRESS","CANTON  6-15","0","11","DEMOCRATIC PARTY","3"
"29","0","FULTON","390","ERIC SORENSEN","410","17TH CONGRESS","CANTON  6-15","0","11","DEMOCRATIC PARTY","32"
"29","0","FULTON","0","Over Votes","410","17TH CONGRESS","CANTON  9-18","0","11","DEMOCRATIC PARTY","0"
"29","0","FULTON","0","Under Votes","410","17TH CONGRESS","CANTON  9-18","0","11","DEMOCRATIC PARTY","2"
"29","0","FULTON","390","ERIC SORENSEN","410","17TH CONGRESS","CANTON  9-18","0","11","DEMOCRATIC PARTY","13"
"29","0","FULTON","0","Under Votes","410","17TH CONGRESS","CANTON 12-21","0","11","DEMOCRATIC PARTY","2"
"29","0","FULTON","0","Over Votes","410","17TH CONGRESS","CANTON 12-21","0","11","DEMOCRATIC PARTY","0"
"29","0","FULTON","390","ERIC SORENSEN","410","17TH CONGRESS","CANTON 12-21","0","11","DEMOCRATIC PARTY","29"
"29","0","FULTON","0","Under Votes","410","17TH CONGRESS","PUTMAN-29","0","11","DEMOCRATIC PARTY","2"
"29","0","FULTON","0","Over Votes","410","17TH CONGRESS","PUTMAN-29","0","11","DEMOCRATIC PARTY","0"
"29","0","FULTON","390","ERIC SORENSEN","410","17TH CONGRESS","PUTMAN-29","0","11","DEMOCRATIC PARTY","91"
"29","0","FULTON","0","Under Votes","410","17TH CONGRESS","BUCKHEART-F17","0","11","DEMOCRATIC PARTY","0"
"29","0","FULTON","0","Over Votes","410","17TH CONGRESS","BUCKHEART-F17","0","11","DEMOCRATIC PARTY","0"
"29","0","FULTON","390","ERIC SORENSEN","410","17TH CONGRESS","BUCKHEART-F17","0","11","DEMOCRATIC PARTY","0"
"29","0","FULTON","0","Over Votes","410","17TH CONGRESS","FAIRVIEW-F17","0","11","DEMOCRATIC PARTY","0"
"29","0","FULTON","0","Under Votes","410","17TH CONGRESS","FAIRVIEW-F17","0","11","DEMOCRATIC PARTY","0"
"29","0","FULTON","390","ERIC SORENSEN","410","17TH CONGRESS","FAIRVIEW-F17","0","11","DEMOCRATIC PARTY","0"
"29","0","FULTON","0","Under Votes","410","17TH CONGRESS","FARMINGTON 2-F17","0","11","DEMOCRATIC PARTY","0"
"29","0","FULTON","0","Over Votes","410","17TH CONGRESS","FARMINGTON 2-F17","0","11","DEMOCRATIC PARTY","0"
"29","0","FULTON","390","ERIC SORENSEN","410","17TH CONGRESS","FARMINGTON 2-F17","0","11","DEMOCRATIC PARTY","0"
"29","0","FULTON","0","Over Votes","410","17TH CONGRESS","JOSHUA-F17","0","11","DEMOCRATIC PARTY","0"
"29","0","FULTON","390","ERIC SORENSEN","410","17TH CONGRESS","JOSHUA-F17","0","11","DEMOCRATIC PARTY","0"
"29","0","FULTON","0","Under Votes","410","17TH CONGRESS","JOSHUA-F17","0","11","DEMOCRATIC PARTY","0"
"29","0","FULTON","0","Over Votes","410","17TH CONGRESS","ELLISVILLE-2","0","11","DEMOCRATIC PARTY","0"
"29","0","FULTON","0","Under Votes","410","17TH CONGRESS","ELLISVILLE-2","0","11","DEMOCRATIC PARTY","1"
"29","0","FULTON","390","ERIC SORENSEN","410","17TH CONGRESS","ELLISVILLE-2","0","11","DEMOCRATIC PARTY","2"
"29","0","FULTON","0","Over Votes","410","17TH CONGRESS","FARMINGTON 1-5","0","11","DEMOCRATIC PARTY","0"
"29","0","FULTON","0","Under Votes","410","17TH CONGRESS","FARMINGTON 1-5","0","11","DEMOCRATIC PARTY","2"
"29","0","FULTON","390","ERIC SORENSEN","410","17TH CONGRESS","FARMINGTON 1-5","0","11","DEMOCRATIC PARTY","55"
"29","0","FULTON","0","Over Votes","410","17TH CONGRESS","LEE TWP-7","0","11","DEMOCRATIC PARTY","0"
"29","0","FULTON","0","Under Votes","410","17TH CONGRESS","LEE TWP-7","0","11","DEMOCRATIC PARTY","0"
"29","0","FULTON","390","ERIC SORENSEN","410","17TH CONGRESS","LEE TWP-7","0","11","DEMOCRATIC PARTY","7"
"29","0","FULTON","0","Over Votes","410","17TH CONGRESS","CANTON  7-F17","0","11","DEMOCRATIC PARTY","0"
"29","0","FULTON","0","Under Votes","410","17TH CONGRESS","CANTON  7-F17","0","11","DEMOCRATIC PARTY","0"
"29","0","FULTON","390","ERIC SORENSEN","410","17TH CONGRESS","CANTON  7-F17","0","11","DEMOCRATIC PARTY","0"
"29","0","FULTON","0","Over Votes","410","17TH CONGRESS","CANTON 10-F17","0","11","DEMOCRATIC PARTY","0"
"29","0","FULTON","0","Under Votes","410","17TH CONGRESS","CANTON 10-F17","0","11","DEMOCRATIC PARTY","0"
"29","0","FULTON","390","ERIC SORENSEN","410","17TH CONGRESS","CANTON 10-F17","0","11","DEMOCRATIC PARTY","0"
"29","0","FULTON","0","Over Votes","410","17TH CONGRESS","CANTON 13-F17","0","11","DEMOCRATIC PARTY","0"
"29","0","FULTON","0","Under Votes","410","17TH CONGRESS","CANTON 13-F17","0","11","DEMOCRATIC PARTY","0"
"29","0","FULTON","390","ERIC SORENSEN","410","17TH CONGRESS","CANTON 13-F17","0","11","DEMOCRATIC PARTY","0"
"29","0","FULTON","0","Over Votes","410","17TH CONGRESS","UNION-F17","0","11","DEMOCRATIC PARTY","0"
"29","0","FULTON","0","Under Votes","410","17TH CONGRESS","UNION-F17","0","11","DEMOCRATIC PARTY","0"
"29","0","FULTON","390","ERIC SORENSEN","410","17TH CONGRESS","UNION-F17","0","11","DEMOCRATIC PARTY","0"
"29","0","FULTON","0","Under Votes","410","17TH CONGRESS","BANNER-31","0","11","DEMOCRATIC PARTY","2"
"29","0","FULTON","0","Over Votes","410","17TH CONGRESS","BANNER-31","0","11","DEMOCRATIC PARTY","0"
"29","0","FULTON","390","ERIC SORENSEN","410","17TH CONGRESS","BANNER-31","0","11","DEMOCRATIC PARTY","10"
"29","0","FULTON","0","Under Votes","410","17TH CONGRESS","CANTON  1-10","0","11","DEMOCRATIC PARTY","1"
"29","0","FULTON","0","Over Votes","410","17TH CONGRESS","CANTON  1-10","0","11","DEMOCRATIC PARTY","0"
"29","0","FULTON","390","ERIC SORENSEN","410","17TH CONGRESS","CANTON  1-10","0","11","DEMOCRATIC PARTY","39"
"29","0","FULTON","0","Under Votes","410","17TH CONGRESS","CANTON  4-13","0","11","DEMOCRATIC PARTY","3"
"29","0","FULTON","0","Over Votes","410","17TH CONGRESS","CANTON  4-13","0","11","DEMOCRATIC PARTY","0"
"29","0","FULTON","390","ERIC SORENSEN","410","17TH CONGRESS","CANTON  4-13","0","11","DEMOCRATIC PARTY","21"
"29","0","FULTON","0","Under Votes","410","17TH CONGRESS","ORION-26","0","11","DEMOCRATIC PARTY","9"
"29","0","FULTON","0","Over Votes","410","17TH CONGRESS","ORION-26","0","11","DEMOCRATIC PARTY","0"
"29","0","FULTON","390","ERIC SORENSEN","410","17TH CONGRESS","ORION-26","0","11","DEMOCRATIC PARTY","56"
"29","0","FULTON","0","Under Votes","410","17TH CONGRESS","UNION-1","0","11","DEMOCRATIC PARTY","2"
"29","0","FULTON","0","Over Votes","410","17TH CONGRESS","UNION-1","0","11","DEMOCRATIC PARTY","0"
"29","0","FULTON","390","ERIC SORENSEN","410","17TH CONGRESS","UNION-1","0","11","DEMOCRATIC PARTY","26"
"29","0","FULTON","0","Over Votes","410","17TH CONGRESS","CANTON 12-F17","0","11","DEMOCRATIC PARTY","0"
"29","0","FULTON","0","Under Votes","410","17TH CONGRESS","CANTON 12-F17","0","11","DEMOCRATIC PARTY","0"
"29","0","FULTON","390","ERIC SORENSEN","410","17TH CONGRESS","CANTON 12-F17","0","11","DEMOCRATIC PARTY","0"
"29","0","FULTON","390","ERIC SORENSEN","410","17TH CONGRESS","CANTON 15-F17","0","11","DEMOCRATIC PARTY","0"
"29","0","FULTON","0","Under Votes","410","17TH CONGRESS","CANTON 15-F17","0","11","DEMOCRATIC PARTY","0"
"29","0","FULTON","0","Over Votes","410","17TH CONGRESS","CANTON 15-F17","0","11","DEMOCRATIC PARTY","0"
"29","0","FULTON","390","ERIC SORENSEN","410","17TH CONGRESS","DEERFIELD-F17","0","11","DEMOCRATIC PARTY","0"
"29","0","FULTON","400","JOE McGRAW","410","17TH CONGRESS","ELLISVILLE-F17","0","12","REPUBLICAN PARTY","0"
"29","0","FULTON","0","Over Votes","410","17TH CONGRESS","ELLISVILLE-F17","0","12","REPUBLICAN PARTY","0"
"29","0","FULTON","395","SCOTT ALAN CROWL","410","17TH CONGRESS","ELLISVILLE-F17","0","12","REPUBLICAN PARTY","0"
"29","0","FULTON","0","Under Votes","410","17TH CONGRESS","ELLISVILLE-F17","0","12","REPUBLICAN PARTY","0"
"29","0","FULTON","400","JOE McGRAW","410","17TH CONGRESS","FARMINGTON 1-F17","0","12","REPUBLICAN PARTY","0"
"29","0","FULTON","0","Over Votes","410","17TH CONGRESS","FARMINGTON 1-F17","0","12","REPUBLICAN PARTY","0"
"29","0","FULTON","395","SCOTT ALAN CROWL","410","17TH CONGRESS","FARMINGTON 1-F17","0","12","REPUBLICAN PARTY","0"
"29","0","FULTON","0","Under Votes","410","17TH CONGRESS","FARMINGTON 1-F17","0","12","REPUBLICAN PARTY","0"
"29","0","FULTON","395","SCOTT ALAN CROWL","410","17TH CONGRESS","FARMINGTON 2-F17","0","12","REPUBLICAN PARTY","0"
"29","0","FULTON","0","Under Votes","410","17TH CONGRESS","FARMINGTON 2-F17","0","12","REPUBLICAN PARTY","0"
"29","0","FULTON","400","JOE McGRAW","410","17TH CONGRESS","FARMINGTON 2-F17","0","12","REPUBLICAN PARTY","0"
"29","0","FULTON","0","Over Votes","410","17TH CONGRESS","JOSHUA-F17","0","12","REPUBLICAN PARTY","0"
"29","0","FULTON","395","SCOTT ALAN CROWL","410","17TH CONGRESS","JOSHUA-F17","0","12","REPUBLICAN PARTY","0"
"29","0","FULTON","0","Under Votes","410","17TH CONGRESS","JOSHUA-F17","0","12","REPUBLICAN PARTY","0"
"29","0","FULTON","400","JOE McGRAW","410","17TH CONGRESS","JOSHUA-F17","0","12","REPUBLICAN PARTY","0"
"29","0","FULTON","0","Under Votes","410","17TH CONGRESS","YOUNG HICKORY-F17","0","12","REPUBLICAN PARTY","0"
"29","0","FULTON","400","JOE McGRAW","410","17TH CONGRESS","YOUNG HICKORY-F17","0","12","REPUBLICAN PARTY","0"
"29","0","FULTON","400","JOE McGRAW","410","17TH CONGRESS","CANTON  2-11","0","12","REPUBLICAN PARTY","21"
"29","0","FULTON","0","Over Votes","410","17TH CONGRESS","CANTON  2-11","0","12","REPUBLICAN PARTY","0"
"29","0","FULTON","395","SCOTT ALAN CROWL","410","17TH CONGRESS","CANTON  2-11","0","12","REPUBLICAN PARTY","9"
"29","0","FULTON","0","Under Votes","410","17TH CONGRESS","CANTON  2-11","0","12","REPUBLICAN PARTY","4"
"29","0","FULTON","400","JOE McGRAW","410","17TH CONGRESS","CANTON  5-14","0","12","REPUBLICAN PARTY","22"
"29","0","FULTON","0","Over Votes","410","17TH CONGRESS","CANTON  5-14","0","12","REPUBLICAN PARTY","0"
"29","0","FULTON","395","SCOTT ALAN CROWL","410","17TH CONGRESS","CANTON  5-14","0","12","REPUBLICAN PARTY","14"
"29","0","FULTON","0","Under Votes","410","17TH CONGRESS","CANTON  5-14","0","12","REPUBLICAN PARTY","4"
"29","0","FULTON","400","JOE McGRAW","410","17TH CONGRESS","CANTON  8-17","0","12","REPUBLICAN PARTY","31"
"29","0","FULTON","0","Over Votes","410","17TH CONGRESS","CANTON  8-17","0","12","REPUBLICAN PARTY","0"
"29","0","FULTON","395","SCOTT ALAN CROWL","410","17TH CONGRESS","CANTON  8-17","0","12","REPUBLICAN PARTY","14"
"29","0","FULTON","0","Under Votes","410","17TH CONGRESS","CANTON  8-17","0","12","REPUBLICAN PARTY","2"
"29","0","FULTON","400","JOE McGRAW","410","17TH CONGRESS","YOUNG HICKORY-3","0","12","REPUBLICAN PARTY","32"
"29","0","FULTON","395","SCOTT ALAN CROWL","410","17TH CONGRESS","CANTON  6-15","0","12","REPUBLICAN PARTY","7"
"29","0","FULTON","400","JOE McGRAW","410","17TH CONGRESS","CANTON  6-15","0","12","REPUBLICAN PARTY","18"
"29","0","FULTON","0","Over Votes","410","17TH CONGRESS","CANTON  6-15","0","12","REPUBLICAN PARTY","0"
"29","0","FULTON","0","Under Votes","410","17TH CONGRESS","CANTON  6-15","0","12","REPUBLICAN PARTY","5"
"29","0","FULTON","395","SCOTT ALAN CROWL","410","17TH CONGRESS","CANTON  9-18","0","12","REPUBLICAN PARTY","3"
"29","0","FULTON","0","Over Votes","410","17TH CONGRESS","CANTON  9-18","0","12","REPUBLICAN PARTY","0"
"29","0","FULTON","0","Under Votes","410","17TH CONGRESS","CANTON  9-18","0","12","REPUBLICAN PARTY","1"
"29","0","FULTON","400","JOE McGRAW","410","17TH CONGRESS","CANTON  9-18","0","12","REPUBLICAN PARTY","11"
"81","0","ROCK ISLAND","390","ERIC SORENSEN","410","17TH CONGRESS","BOWLING 2","979","11","DEMOCRATIC","61"
"81","0","ROCK ISLAND","0","Under Votes","410","17TH CONGRESS","BOWLING 2","979","11","DEMOCRATIC","0"
"81","0","ROCK ISLAND","0","Blank Ballots","410","17TH CONGRESS","BOWLING 2","979","11","DEMOCRATIC","5"
"81","0","ROCK ISLAND","0","Under Votes","410","17TH CONGRESS","HAMPTON 13","415","11","DEMOCRATIC","0"
"81","0","ROCK ISLAND","0","Over Votes","410","17TH CONGRESS","HAMPTON 13","415","11","DEMOCRATIC","0"
"81","0","ROCK ISLAND","0","Blank Ballots","410","17TH CONGRESS","HAMPTON 13","415","11","DEMOCRATIC","5"
"81","0","ROCK ISLAND","390","ERIC SORENSEN","410","17TH CONGRESS","HAMPTON 13","415","11","DEMOCRATIC","19"
"81","0","ROCK ISLAND","0","Under Votes","410","17TH CONGRESS","HAMPTON 16","1002","11","DEMOCRATIC","0"
"81","0","ROCK ISLAND","0","Over Votes","410","17TH CONGRESS","HAMPTON 16","1002","11","DEMOCRATIC","0"
"81","0","ROCK ISLAND","390","ERIC SORENSEN","410","17TH CONGRESS","HAMPTON 16","1002","11","DEMOCRATIC","48"
"81","0","ROCK ISLAND","0","Blank Ballots","410","17TH CONGRESS","HAMPTON 16","1002","11","DEMOCRATIC","1"
"81","0","ROCK ISLAND","0","Over Votes","410","17TH CONGRESS","SO MOLINE 3","444","11","DEMOCRATIC","0"
"81","0","ROCK ISLAND","390","ERIC SORENSEN","410","17TH CONGRESS","SO MOLINE 3","444","11","DEMOCRATIC","39"
"81","0","ROCK ISLAND","0","Under Votes","410","17TH CONGRESS","SO MOLINE 3","444","11","DEMOCRATIC","0"
"81","0","ROCK ISLAND","0","Blank Ballots","410","17TH CONGRESS","SO MOLINE 3","444","11","DEMOCRATIC","2"
"81","0","ROCK ISLAND","0","Under Votes","410","17TH CONGRESS","SO MOLINE 23","529","11","DEMOCRATIC","0"
"81","0","ROCK ISLAND","0","Over Votes","410","17TH CONGRESS","SO MOLINE 23","529","11","DEMOCRATIC","0"
"81","0","ROCK ISLAND","390","ERIC SORENSEN","410","17TH CONGRESS","SO MOLINE 23","529","11","DEMOCRATIC","25"
"81","0","ROCK ISLAND","0","Blank Ballots","410","17TH CONGRESS","SO MOLINE 23","529","11","DEMOCRATIC","4"
"81","0","ROCK ISLAND","0","Over Votes","410","17TH CONGRESS","SO MOLINE 26","466","11","DEMOCRATIC","0"
"81","0","ROCK ISLAND","390","ERIC SORENSEN","410","17TH CONGRESS","SO MOLINE 26","466","11","DEMOCRATIC","30"
"81","0","ROCK ISLAND","0","Blank Ballots","410","17TH CONGRESS","SO MOLINE 26","466","11","DEMOCRATIC","4"
"81","0","ROCK ISLAND","0","Under Votes","410","17TH CONGRESS","SO MOLINE 26","466","11","DEMOCRATIC","0"
"81","0","ROCK ISLAND","0","Under Votes","410","17TH CONGRESS","SO MOLINE 29","1233","11","DEMOCRATIC","0"
"81","0","ROCK ISLAND","0","Over Votes","410","17TH CONGRESS","SO MOLINE 29","1233","11","DEMOCRATIC","0"
"81","0","ROCK ISLAND","390","ERIC SORENSEN","410","17TH CONGRESS","SO MOLINE 29","1233","11","DEMOCRATIC","128"
"81","0","ROCK ISLAND","0","Blank Ballots","410","17TH CONGRESS","SO MOLINE 29","1233","11","DEMOCRATIC","5"
"81","0","ROCK ISLAND","0","Under Votes","410","17TH CONGRESS","MOLINE 3","892","11","DEMOCRATIC","0"
"81","0","ROCK ISLAND","0","Over Votes","410","17TH CONGRESS","MOLINE 3","892","11","DEMOCRATIC","0"
"81","0","ROCK ISLAND","390","ERIC SORENSEN","410","17TH CONGRESS","MOLINE 3","892","11","DEMOCRATIC","65"
"81","0","ROCK ISLAND","0","Blank Ballots","410","17TH CONGRESS","MOLINE 3","892","11","DEMOCRATIC","2"
"81","0","ROCK ISLAND","0","Under Votes","410","17TH CONGRESS","MOLINE 6","633","11","DEMOCRATIC","0"
"81","0","ROCK ISLAND","0","Over Votes","410","17TH CONGRESS","MOLINE 6","633","11","DEMOCRATIC","0"
"81","0","ROCK ISLAND","390","ERIC SORENSEN","410","17TH CONGRESS","MOLINE 6","633","11","DEMOCRATIC","24"
"81","0","ROCK ISLAND","0","Blank Ballots","410","17TH CONGRESS","MOLINE 6","633","11","DEMOCRATIC","2"
"81","0","ROCK ISLAND","0","Under Votes","410","17TH CONGRESS","MOLINE 9","695","11","DEMOCRATIC","0"
"81","0","ROCK ISLAND","0","Over Votes","410","17TH CONGRESS","MOLINE 9","695","11","DEMOCRATIC","0"
"81","0","ROCK ISLAND","390","ERIC SORENSEN","410","17TH CONGRESS","MOLINE 9","695","11","DEMOCRATIC","54"
"81","0","ROCK ISLAND","0","Blank Ballots","410","17TH CONGRESS","MOLINE 9","695","11","DEMOCRATIC","1"
"81","0","ROCK ISLAND","0","Under Votes","410","17TH CONGRESS","ROCK ISLAND 9","646","11","DEMOCRATIC","0"
"81","0","ROCK ISLAND","0","Over Votes","410","17TH CONGRESS","ROCK ISLAND 9","646","11","DEMOCRATIC","0"
"110","101","CITY OF ROCKFORD","0","Under Votes","410","17TH CONGRESS","WARD 3 PRECINCT 5","1060","12","REPUBLICAN","4"
"110","101","CITY OF ROCKFORD","0","Over Votes","410","17TH CONGRESS","WARD 6 PRECINCT 4","1098","12","REPUBLICAN","0"
"110","101","CITY OF ROCKFORD","0","Under Votes","410","17TH CONGRESS","WARD 6 PRECINCT 4","1098","12","REPUBLICAN","6"
"110","101","CITY OF ROCKFORD","400","JOE McGRAW","410","17TH CONGRESS","WARD 6 PRECINCT 4","1098","12","REPUBLICAN","31"
"110","101","CITY OF ROCKFORD","395","SCOTT ALAN CROWL","410","17TH CONGRESS","WARD 6 PRECINCT 4","1098","12","REPUBLICAN","18"
"110","101","CITY OF ROCKFORD","0","Over Votes","410","17TH CONGRESS","WARD 6 PRECINCT 5","960","12","REPUBLICAN","0"
"110","101","CITY OF ROCKFORD","0","Under Votes","410","17TH CONGRESS","WARD 6 PRECINCT 5","960","12","REPUBLICAN","3"
"110","101","CITY OF ROCKFORD","400","JOE McGRAW","410","17TH CONGRESS","WARD 6 PRECINCT 5","960","12","REPUBLICAN","9"
"110","101","CITY OF ROCKFORD","395","SCOTT ALAN CROWL","410","17TH CONGRESS","WARD 6 PRECINCT 5","960","12","REPUBLICAN","2"
"110","101","CITY OF ROCKFORD","400","JOE McGRAW","410","17TH CONGRESS","WARD 7 PRECINCT 3","1027","12","REPUBLICAN","24"
"110","101","CITY OF ROCKFORD","395","SCOTT ALAN CROWL","410","17TH CONGRESS","WARD 7 PRECINCT 3","1027","12","REPUBLICAN","12"
"110","101","CITY OF ROCKFORD","0","Over Votes","410","17TH CONGRESS","WARD 7 PRECINCT 3","1027","12","REPUBLICAN","0"
"110","101","CITY OF ROCKFORD","0","Under Votes","410","17TH CONGRESS","WARD 7 PRECINCT 3","1027","12","REPUBLICAN","3"
"110","101","CITY OF ROCKFORD","0","Over Votes","410","17TH CONGRESS","WARD 8 PRECINCT 5","1116","12","REPUBLICAN","0"
"110","101","CITY OF ROCKFORD","0","Under Votes","410","17TH CONGRESS","WARD 8 PRECINCT 5","1116","12","REPUBLICAN","1"
"110","101","CITY OF ROCKFORD","0","Under Votes","410","17TH CONGRESS","WARD 14 PRECINCT 1","1843","12","REPUBLICAN","6"
"110","101","CITY OF ROCKFORD","400","JOE McGRAW","410","17TH CONGRESS","WARD 14 PRECINCT 1","1843","12","REPUBLICAN","42"
"110","101","CITY OF ROCKFORD","395","SCOTT ALAN CROWL","410","17TH CONGRESS","WARD 14 PRECINCT 1","1843","12","REPUBLICAN","15"
"110","101","CITY OF ROCKFORD","0","Over Votes","410","17TH CONGRESS","WARD 14 PRECINCT 3","1208","12","REPUBLICAN","1"
"110","101","CITY OF ROCKFORD","0","Under Votes","410","17TH CONGRESS","WARD 14 PRECINCT 3","1208","12","REPUBLICAN","7"
"110","101","CITY OF ROCKFORD","400","JOE McGRAW","410","17TH CONGRESS","WARD 14 PRECINCT 3","1208","12","REPUBLICAN","47"
"110","101","CITY OF ROCKFORD","395","SCOTT ALAN CROWL","410","17TH CONGRESS","WARD 14 PRECINCT 3","1208","12","REPUBLICAN","18"
"110","101","CITY OF ROCKFORD","0","Over Votes","410","17TH CONGRESS","WARD 1 PRECINCT 5","1222","12","REPUBLICAN","0"
"110","101","CITY OF ROCKFORD","0","Under Votes","410","17TH CONGRESS","WARD 1 PRECINCT 5","1222","12","REPUBLICAN","1"
"110","101","CITY OF ROCKFORD","400","JOE McGRAW","410","17TH CONGRESS","WARD 1 PRECINCT 5","1222","12","REPUBLICAN","38"
"110","101","CITY OF ROCKFORD","395","SCOTT ALAN CROWL","410","17TH CONGRESS","WARD 1 PRECINCT 5","1222","12","REPUBLICAN","6"
"110","101","CITY OF ROCKFORD","0","Over Votes","410","17TH CONGRESS","WARD 2 PRECINCT 6","1062","12","REPUBLICAN","0"
"110","101","CITY OF ROCKFORD","0","Under Votes","410","17TH CONGRESS","WARD 2 PRECINCT 6","1062","12","REPUBLICAN","2"
"110","101","CITY OF ROCKFORD","400","JOE McGRAW","410","17TH CONGRESS","WARD 2 PRECINCT 6","1062","12","REPUBLICAN","33"
"110","101","CITY OF ROCKFORD","395","SCOTT ALAN CROWL","410","17TH CONGRESS","WARD 2 PRECINCT 6","1062","12","REPUBLICAN","10"
"110","101","CITY OF ROCKFORD","0","Over Votes","410","17TH CONGRESS","WARD 3 PRECINCT 7","888","12","REPUBLICAN","0"
"110","101","CITY OF ROCKFORD","0","Under Votes","410","17TH CONGRESS","WARD 3 PRECINCT 7","888","12","REPUBLICAN","2"
"110","101","CITY OF ROCKFORD","400","JOE McGRAW","410","17TH CONGRESS","WARD 3 PRECINCT 7","888","12","REPUBLICAN","38"
"110","101","CITY OF ROCKFORD","395","SCOTT ALAN CROWL","410","17TH CONGRESS","WARD 3 PRECINCT 7","888","12","REPUBLICAN","10"
"110","101","CITY OF ROCKFORD","0","Over Votes","410","17TH CONGRESS","WARD 4 PRECINCT 1","924","12","REPUBLICAN","0"
"110","101","CITY OF ROCKFORD","0","Under Votes","410","17TH CONGRESS","WARD 4 PRECINCT 1","924","12","REPUBLICAN","0"
"110","101","CITY OF ROCKFORD","400","JOE McGRAW","410","17TH CONGRESS","WARD 4 PRECINCT 1","924","12","REPUBLICAN","0"
"110","101","CITY OF ROCKFORD","395","SCOTT ALAN CROWL","410","17TH CONGRESS","WARD 4 PRECINCT 1","924","12","REPUBLICAN","0"
"110","101","CITY OF ROCKFORD","0","Over Votes","410","17TH CONGRESS","WARD 5 PRECINCT 4","1014","12","REPUBLICAN","0"
"110","101","CITY OF ROCKFORD","0","Under Votes","410","17TH CONGRESS","WARD 5 PRECINCT 4","1014","12","REPUBLICAN","4"
"110","101","CITY OF ROCKFORD","400","JOE McGRAW","410","17TH CONGRESS","WARD 5 PRECINCT 4","1014","12","REPUBLICAN","15"
"110","101","CITY OF ROCKFORD","395","SCOTT ALAN CROWL","410","17TH CONGRESS","WARD 5 PRECINCT 4","1014","12","REPUBLICAN","1"
"110","101","CITY OF ROCKFORD","0","Over Votes","410","17TH CONGRESS","WARD 5 PRECINCT 5","735","12","REPUBLICAN","0"
"110","101","CITY OF ROCKFORD","0","Under Votes","410","17TH CONGRESS","WARD 5 PRECINCT 5","735","12","REPUBLICAN","0"
"110","101","CITY OF ROCKFORD","400","JOE McGRAW","410","17TH CONGRESS","WARD 5 PRECINCT 5","735","12","REPUBLICAN","13"
"110","101","CITY OF ROCKFORD","395","SCOTT ALAN CROWL","410","17TH CONGRESS","WARD 5 PRECINCT 5","735","12","REPUBLICAN","2"
"110","101","CITY OF ROCKFORD","0","Over Votes","410","17TH CONGRESS","WARD 7 PRECINCT 4","947","12","REPUBLICAN","0"
"110","101","CITY OF ROCKFORD","0","Under Votes","410","17TH CONGRESS","WARD 7 PRECINCT 4","947","12","REPUBLICAN","2"
"110","101","CITY OF ROCKFORD","400","JOE McGRAW","410","17TH CONGRESS","WARD 7 PRECINCT 4","947","12","REPUBLICAN","11"
"110","101","CITY OF ROCKFORD","395","SCOTT ALAN CROWL","410","17TH CONGRESS","WARD 7 PRECINCT 4","947","12","REPUBLICAN","5"
"110","101","CITY OF ROCKFORD","0","Over Votes","410","17TH CONGRESS","WARD 9 PRECINCT 3","845","12","REPUBLICAN","0"
"110","101","CITY OF ROCKFORD","0","Under Votes","410","17TH CONGRESS","WARD 9 PRECINCT 3","845","12","REPUBLICAN","0"
"110","101","CITY OF ROCKFORD","400","JOE McGRAW","410","17TH CONGRESS","WARD 9 PRECINCT 3","845","12","REPUBLICAN","17"
"110","101","CITY OF ROCKFORD","395","SCOTT ALAN CROWL","410","17TH CONGRESS","WARD 9 PRECINCT 3","845","12","REPUBLICAN","5"
"110","101","CITY OF ROCKFORD","0","Over Votes","410","17TH CONGRESS","WARD 10 PRECINCT 6","973","12","REPUBLICAN","0"
"110","101","CITY OF ROCKFORD","0","Under Votes","410","17TH CONGRESS","WARD 10 PRECINCT 6","973","12","REPUBLICAN","2"
"110","101","CITY OF ROCKFORD","400","JOE McGRAW","410","17TH CONGRESS","WARD 10 PRECINCT 6","973","12","REPUBLICAN","41"
"110","101","CITY OF ROCKFORD","395","SCOTT ALAN CROWL","410","17TH CONGRESS","WARD 10 PRECINCT 6","973","12","REPUBLICAN","10"
"110","101","CITY OF ROCKFORD","0","Over Votes","410","17TH CONGRESS","WARD 14 PRECINCT 1","1843","12","REPUBLICAN","0"
"110","101","CITY OF ROCKFORD","395","SCOTT ALAN CROWL","410","17TH CONGRESS","WARD 10 PRECINCT 2","904","12","REPUBLICAN","17"
"110","101","CITY OF ROCKFORD","0","Over Votes","410","17TH CONGRESS","WARD 10 PRECINCT 2","904","12","REPUBLICAN","0"
"110","101","CITY OF ROCKFORD","0","Under Votes","410","17TH CONGRESS","WARD 11 PRECINCT 4","1060","12","REPUBLICAN","3"
"110","101","CITY OF ROCKFORD","400","JOE McGRAW","410","17TH CONGRESS","WARD 11 PRECINCT 4","1060","12","REPUBLICAN","20"
"110","101","CITY OF ROCKFORD","395","SCOTT ALAN CROWL","410","17TH CONGRESS","WARD 11 PRECINCT 4","1060","12","REPUBLICAN","11"
"110","101","CITY OF ROCKFORD","0","Over Votes","410","17TH CONGRESS","WARD 11 PRECINCT 4","1060","12","REPUBLICAN","0"
"110","101","CITY OF ROCKFORD","0","Under Votes","410","17TH CONGRESS","WARD 12 PRECINCT 1","1028","12","REPUBLICAN","6"
"110","101","CITY OF ROCKFORD","400","JOE McGRAW","410","17TH CONGRESS","WARD 12 PRECINCT 1","1028","12","REPUBLICAN","55"
"110","101","CITY OF ROCKFORD","395","SCOTT ALAN CROWL","410","17TH CONGRESS","WARD 12 PRECINCT 1","1028","12","REPUBLICAN","9"
"110","101","CITY OF ROCKFORD","0","Over Votes","410","17TH CONGRESS","WARD 12 PRECINCT 1","1028","12","REPUBLICAN","0"
"110","101","CITY OF ROCKFORD","0","Under Votes","410","17TH CONGRESS","WARD 9 PRECINCT 4","1270","12","REPUBLICAN","2"
"110","101","CITY OF ROCKFORD","400","JOE McGRAW","410","17TH CONGRESS","WARD 9 PRECINCT 4","1270","12","REPUBLICAN","43"
"110","101","CITY OF ROCKFORD","395","SCOTT ALAN CROWL","410","17TH CONGRESS","WARD 9 PRECINCT 4","1270","12","REPUBLICAN","12"
"110","101","CITY OF ROCKFORD","0","Over Votes","410","17TH CONGRESS","WARD 9 PRECINCT 4","1270","12","REPUBLICAN","0"
"110","101","CITY OF ROCKFORD","0","Under Votes","410","17TH CONGRESS","WARD 14 PRECINCT 6","1007","12","REPUBLICAN","4"
"98","0","WHITESIDE","0","Over Votes","410","17TH CONGRESS","LYNDON 1","610","12","REPUBLICAN","0"
"98","0","WHITESIDE","0","Blank Ballots","410","17TH CONGRESS","PROPHETSTOWN 2","388","12","REPUBLICAN","0"
"98","0","WHITESIDE","395","SCOTT ALAN CROWL","410","17TH CONGRESS","PROPHETSTOWN 2","388","12","REPUBLICAN","8"
"98","0","WHITESIDE","400","JOE McGRAW","410","17TH CONGRESS","PROPHETSTOWN 2","388","12","REPUBLICAN","34"
"98","0","WHITESIDE","0","Under Votes","410","17TH CONGRESS","PROPHETSTOWN 2","388","12","REPUBLICAN","2"
"98","0","WHITESIDE","0","Over Votes","410","17TH CONGRESS","PROPHETSTOWN 2","388","12","REPUBLICAN","0"
"98","0","WHITESIDE","0","Blank Ballots","410","17TH CONGRESS","STERLING 6","259","12","REPUBLICAN","0"
"98","0","WHITESIDE","395","SCOTT ALAN CROWL","410","17TH CONGRESS","STERLING 6","259","12","REPUBLICAN","2"
"98","0","WHITESIDE","0","Over Votes","410","17TH CONGRESS","STERLING 6","259","12","REPUBLICAN","0"
"98","0","WHITESIDE","400","JOE McGRAW","410","17TH CONGRESS","STERLING 6","259","12","REPUBLICAN","11"
"98","0","WHITESIDE","0","Under Votes","410","17TH CONGRESS","STERLING 6","259","12","REPUBLICAN","4"
"98","0","WHITESIDE","395","SCOTT ALAN CROWL","410","17TH CONGRESS","STERLING 16","741","12","REPUBLICAN","19"
"98","0","WHITESIDE","400","JOE McGRAW","410","17TH CONGRESS","STERLING 16","741","12","REPUBLICAN","36"
"98","0","WHITESIDE","0","Under Votes","410","17TH CONGRESS","STERLING 16","741","12","REPUBLICAN","10"
"98","0","WHITESIDE","0","Blank Ballots","410","17TH CONGRESS","STERLING 16","741","12","REPUBLICAN","0"
"98","0","WHITESIDE","0","Over Votes","410","17TH CONGRESS","STERLING 16","741","12","REPUBLICAN","0"
"98","0","WHITESIDE","0","Over Votes","410","17TH CONGRESS","COLOMA 4","536","12","REPUBLICAN","0"
"98","0","WHITESIDE","395","SCOTT ALAN CROWL","410","17TH CONGRESS","COLOMA 4","536","12","REPUBLICAN","16"
"98","0","WHITESIDE","400","JOE McGRAW","410","17TH CONGRESS","COLOMA 4","536","12","REPUBLICAN","15"
"98","0","WHITESIDE","0","Under Votes","410","17TH CONGRESS","COLOMA 4","536","12","REPUBLICAN","2"
"98","0","WHITESIDE","0","Blank Ballots","410","17TH CONGRESS","COLOMA 4","536","12","REPUBLICAN","0"
"98","0","WHITESIDE","395","SCOTT ALAN CROWL","410","17TH CONGRESS","ERIE 1","773","12","REPUBLICAN","35"
"98","0","WHITESIDE","400","JOE McGRAW","410","17TH CONGRESS","ERIE 1","773","12","REPUBLICAN","50"
"98","0","WHITESIDE","0","Under Votes","410","17TH CONGRESS","ERIE 1","773","12","REPUBLICAN","8"
"98","0","WHITESIDE","0","Blank Ballots","410","17TH CONGRESS","ERIE 1","773","12","REPUBLICAN","0"
"98","0","WHITESIDE","0","Over Votes","410","17TH CONGRESS","ERIE 1","773","12","REPUBLICAN","0"
"98","0","WHITESIDE","0","Over Votes","410","17TH CONGRESS","HOPKINS 2","727","12","REPUBLICAN","0"
"98","0","WHITESIDE","395","SCOTT ALAN CROWL","410","17TH CONGRESS","HOPKINS 2","727","12","REPUBLICAN","24"
"98","0","WHITESIDE","400","JOE McGRAW","410","17TH CONGRESS","HOPKINS 2","727","12","REPUBLICAN","56"
"98","0","WHITESIDE","0","Blank Ballots","410","17TH CONGRESS","HOPKINS 2","727","12","REPUBLICAN","0"
"98","0","WHITESIDE","0","Under Votes","410","17TH CONGRESS","HOPKINS 2","727","12","REPUBLICAN","6"
"98","0","WHITESIDE","395","SCOTT ALAN CROWL","410","17TH CONGRESS","MT. PLEASANT 2","980","12","REPUBLICAN","31"
"98","0","WHITESIDE","400","JOE McGRAW","410","17TH CONGRESS","MT. PLEASANT 2","980","12","REPUBLICAN","97"
"98","0","WHITESIDE","0","Under Votes","410","17TH CONGRESS","MT. PLEASANT 2","980","12","REPUBLICAN","12"
"98","0","WHITESIDE","0","Blank Ballots","410","17TH CONGRESS","MT. PLEASANT 2","980","12","REPUBLICAN","0"
"98","0","WHITESIDE","0","Over Votes","410","17TH CONGRESS","MT. PLEASANT 2","980","12","REPUBLICAN","2"
"98","0","WHITESIDE","0","Blank Ballots","410","17TH CONGRESS","STERLING 3","621","12","REPUBLICAN","0"
"98","0","WHITESIDE","395","SCOTT ALAN CROWL","410","17TH CONGRESS","STERLING 3","621","12","REPUBLICAN","8"
"98","0","WHITESIDE","400","JOE McGRAW","410","17TH CONGRESS","STERLING 3","621","12","REPUBLICAN","19"
"98","0","WHITESIDE","0","Under Votes","410","17TH CONGRESS","STERLING 3","621","12","REPUBLICAN","4"
"98","0","WHITESIDE","0","Over Votes","410","17TH CONGRESS","STERLING 3","621","12","REPUBLICAN","0"
"98","0","WHITESIDE","0","Blank Ballots","410","17TH CONGRESS","STERLING 10","641","12","REPUBLICAN","0"
"81","0","ROCK ISLAND","390","ERIC SORENSEN","410","17TH CONGRESS","ROCK ISLAND 9","646","11","DEMOCRATIC","33"
"81","0","ROCK ISLAND","0","Blank Ballots","410","17TH CONGRESS","ROCK ISLAND 9","646","11","DEMOCRATIC","1"
"81","0","ROCK ISLAND","0","Blank Ballots","410","17TH CONGRESS","ROCK ISLAND 12","423","11","DEMOCRATIC","1"
"81","0","ROCK ISLAND","0","Over Votes","410","17TH CONGRESS","ROCK ISLAND 12","423","11","DEMOCRATIC","0"
"81","0","ROCK ISLAND","390","ERIC SORENSEN","410","17TH CONGRESS","ROCK ISLAND 12","423","11","DEMOCRATIC","25"
"81","0","ROCK ISLAND","0","Under Votes","410","17TH CONGRESS","ROCK ISLAND 12","423","11","DEMOCRATIC","0"
"81","0","ROCK ISLAND","0","Over Votes","410","17TH CONGRESS","ROCK ISLAND 15","778","11","DEMOCRATIC","0"
"81","0","ROCK ISLAND","390","ERIC SORENSEN","410","17TH CONGRESS","ROCK ISLAND 15","778","11","DEMOCRATIC","68"
"81","0","ROCK ISLAND","390","ERIC SORENSEN","410","17TH CONGRESS","ANDALUSIA","1727","11","DEMOCRATIC","173"
"81","0","ROCK ISLAND","0","Blank Ballots","410","17TH CONGRESS","DRURY","543","11","DEMOCRATIC","1"
"81","0","ROCK ISLAND","0","Under Votes","410","17TH CONGRESS","DRURY","543","11","DEMOCRATIC","0"
"81","0","ROCK ISLAND","0","Over Votes","410","17TH CONGRESS","DRURY","543","11","DEMOCRATIC","0"
"81","0","ROCK ISLAND","390","ERIC SORENSEN","410","17TH CONGRESS","DRURY","543","11","DEMOCRATIC","34"
"81","0","ROCK ISLAND","0","Under Votes","410","17TH CONGRESS","ROCK ISLAND 15","778","11","DEMOCRATIC","0"
"81","0","ROCK ISLAND","0","Blank Ballots","410","17TH CONGRESS","ROCK ISLAND 15","778","11","DEMOCRATIC","3"
"81","0","ROCK ISLAND","0","Under Votes","410","17TH CONGRESS","SO ROCK ISLAND 9","573","11","DEMOCRATIC","0"
"81","0","ROCK ISLAND","0","Over Votes","410","17TH CONGRESS","SO ROCK ISLAND 9","573","11","DEMOCRATIC","0"
"81","0","ROCK ISLAND","390","ERIC SORENSEN","410","17TH CONGRESS","SO ROCK ISLAND 9","573","11","DEMOCRATIC","51"
"81","0","ROCK ISLAND","0","Blank Ballots","410","17TH CONGRESS","SO ROCK ISLAND 9","573","11","DEMOCRATIC","2"
"81","0","ROCK ISLAND","0","Under Votes","410","17TH CONGRESS","SO ROCK ISLAND 12","1008","11","DEMOCRATIC","0"
"81","0","ROCK ISLAND","0","Over Votes","410","17TH CONGRESS","SO ROCK ISLAND 12","1008","11","DEMOCRATIC","0"
"81","0","ROCK ISLAND","390","ERIC SORENSEN","410","17TH CONGRESS","SO ROCK ISLAND 12","1008","11","DEMOCRATIC","89"
"81","0","ROCK ISLAND","0","Blank Ballots","410","17TH CONGRESS","SO ROCK ISLAND 12","1008","11","DEMOCRATIC","2"
"81","0","ROCK ISLAND","0","Under Votes","410","17TH CONGRESS","SO ROCK ISLAND 15","576","11","DEMOCRATIC","0"
"81","0","ROCK ISLAND","0","Over Votes","410","17TH CONGRESS","SO ROCK ISLAND 15","576","11","DEMOCRATIC","0"
"81","0","ROCK ISLAND","390","ERIC SORENSEN","410","17TH CONGRESS","SO ROCK ISLAND 15","576","11","DEMOCRATIC","29"
"81","0","ROCK ISLAND","0","Blank Ballots","410","17TH CONGRESS","SO ROCK ISLAND 15","576","11","DEMOCRATIC","2"
"81","0","ROCK ISLAND","0","Over Votes","410","17TH CONGRESS","COAL VALLEY 1","858","11","DEMOCRATIC","0"
"81","0","ROCK ISLAND","390","ERIC SORENSEN","410","17TH CONGRESS","COAL VALLEY 1","858","11","DEMOCRATIC","68"
"81","0","ROCK ISLAND","0","Under Votes","410","17TH CONGRESS","COAL VALLEY 1","858","11","DEMOCRATIC","0"
"81","0","ROCK ISLAND","0","Blank Ballots","410","17TH CONGRESS","COAL VALLEY 1","858","11","DEMOCRATIC","2"
"81","0","ROCK ISLAND","0","Under Votes","410","17TH CONGRESS","CANOE CREEK","344","11","DEMOCRATIC","0"
"81","0","ROCK ISLAND","0","Over Votes","410","17TH CONGRESS","CANOE CREEK","344","11","DEMOCRATIC","0"
"81","0","ROCK ISLAND","390","ERIC SORENSEN","410","17TH CONGRESS","CANOE CREEK","344","11","DEMOCRATIC","16"
"81","0","ROCK ISLAND","0","Blank Ballots","410","17TH CONGRESS","CANOE CREEK","344","11","DEMOCRATIC","1"
"81","0","ROCK ISLAND","0","Over Votes","410","17TH CONGRESS","ZUMA","550","11","DEMOCRATIC","0"
"81","0","ROCK ISLAND","390","ERIC SORENSEN","410","17TH CONGRESS","ZUMA","550","11","DEMOCRATIC","27"
"81","0","ROCK ISLAND","0","Under Votes","410","17TH CONGRESS","ZUMA","550","11","DEMOCRATIC","0"
"81","0","ROCK ISLAND","0","Blank Ballots","410","17TH CONGRESS","ZUMA","550","11","DEMOCRATIC","1"
"81","0","ROCK ISLAND","0","Over Votes","410","17TH CONGRESS","HAMPTON 10","850","11","DEMOCRATIC","0"
"81","0","ROCK ISLAND","0","Blank Ballots","410","17TH CONGRESS","HAMPTON 10","850","11","DEMOCRATIC","5"
"81","0","ROCK ISLAND","390","ERIC SORENSEN","410","17TH CONGRESS","HAMPTON 10","850","11","DEMOCRATIC","74"
"81","0","ROCK ISLAND","0","Under Votes","410","17TH CONGRESS","HAMPTON 10","850","11","DEMOCRATIC","0"
"81","0","ROCK ISLAND","0","Over Votes","410","17TH CONGRESS","SO ROCK ISLAND 8","812","11","DEMOCRATIC","0"
"81","0","ROCK ISLAND","390","ERIC SORENSEN","410","17TH CONGRESS","SO ROCK ISLAND 8","812","11","DEMOCRATIC","80"
"81","0","ROCK ISLAND","0","Blank Ballots","410","17TH CONGRESS","SO ROCK ISLAND 8","812","11","DEMOCRATIC","3"
"81","0","ROCK ISLAND","0","Under Votes","410","17TH CONGRESS","SO ROCK ISLAND 11","782","11","DEMOCRATIC","0"
"81","0","ROCK ISLAND","0","Over Votes","410","17TH CONGRESS","SO ROCK ISLAND 11","782","11","DEMOCRATIC","0"
"81","0","ROCK ISLAND","390","ERIC SORENSEN","410","17TH CONGRESS","SO ROCK ISLAND 11","782","11","DEMOCRATIC","83"
"81","0","ROCK ISLAND","0","Blank Ballots","410","17TH CONGRESS","SO ROCK ISLAND 11","782","11","DEMOCRATIC","5"
"81","0","ROCK ISLAND","0","Under Votes","410","17TH CONGRESS","SO ROCK ISLAND 14","805","11","DEMOCRATIC","0"
"81","0","ROCK ISLAND","0","Over Votes","410","17TH CONGRESS","SO ROCK ISLAND 14","805","11","DEMOCRATIC","0"
"81","0","ROCK ISLAND","390","ERIC SORENSEN","410","17TH CONGRESS","SO ROCK ISLAND 14","805","11","DEMOCRATIC","56"
"81","0","ROCK ISLAND","0","Blank Ballots","410","17TH CONGRESS","SO ROCK ISLAND 14","805","11","DEMOCRATIC","5"
"81","0","ROCK ISLAND","0","Under Votes","410","17TH CONGRESS","EDGINGTON 1","567","11","DEMOCRATIC","0"
"81","0","ROCK ISLAND","0","Over Votes","410","17TH CONGRESS","EDGINGTON 1","567","11","DEMOCRATIC","0"
"81","0","ROCK ISLAND","390","ERIC SORENSEN","410","17TH CONGRESS","EDGINGTON 1","567","11","DEMOCRATIC","45"
"81","0","ROCK ISLAND","0","Blank Ballots","410","17TH CONGRESS","EDGINGTON 1","567","11","DEMOCRATIC","4"
"81","0","ROCK ISLAND","390","ERIC SORENSEN","410","17TH CONGRESS","HAMPTON 8","354","11","DEMOCRATIC","31"
"81","0","ROCK ISLAND","0","Under Votes","410","17TH CONGRESS","HAMPTON 8","354","11","DEMOCRATIC","0"
"81","0","ROCK ISLAND","0","Blank Ballots","410","17TH CONGRESS","HAMPTON 8","354","11","DEMOCRATIC","0"
"81","0","ROCK ISLAND","0","Over Votes","410","17TH CONGRESS","HAMPTON 11","703","11","DEMOCRATIC","0"
"81","0","ROCK ISLAND","390","ERIC SORENSEN","410","17TH CONGRESS","HAMPTON 11","703","11","DEMOCRATIC","60"
"81","0","ROCK ISLAND","0","Under Votes","410","17TH CONGRESS","HAMPTON 11","703","11","DEMOCRATIC","0"
"81","0","ROCK ISLAND","0","Blank Ballots","410","17TH CONGRESS","HAMPTON 11","703","11","DEMOCRATIC","1"
"81","0","ROCK ISLAND","0","Over Votes","410","17TH CONGRESS","SO MOLINE 2","755","11","DEMOCRATIC","0"
"81","0","ROCK ISLAND","390","ERIC SORENSEN","410","17TH CONGRESS","SO MOLINE 2","755","11","DEMOCRATIC","51"
"81","0","ROCK ISLAND","0","Under Votes","410","17TH CONGRESS","SO MOLINE 2","755","11","DEMOCRATIC","0"
"81","0","ROCK ISLAND","0","Blank Ballots","410","17TH CONGRESS","SO MOLINE 2","755","11","DEMOCRATIC","1"
"81","0","ROCK ISLAND","0","Over Votes","410","17TH CONGRESS","SO MOLINE 5","584","11","DEMOCRATIC","0"
"81","0","ROCK ISLAND","390","ERIC SORENSEN","410","17TH CONGRESS","SO MOLINE 5","584","11","DEMOCRATIC","42"
"81","0","ROCK ISLAND","0","Under Votes","410","17TH CONGRESS","SO MOLINE 5","584","11","DEMOCRATIC","0"
"81","0","ROCK ISLAND","0","Blank Ballots","410","17TH CONGRESS","SO MOLINE 5","584","11","DEMOCRATIC","1"
"81","0","ROCK ISLAND","0","Over Votes","410","17TH CONGRESS","SO MOLINE 8","776","11","DEMOCRATIC","0"
"81","0","ROCK ISLAND","390","ERIC SORENSEN","410","17TH CONGRESS","SO MOLINE 8","776","11","DEMOCRATIC","61"
"81","0","ROCK ISLAND","0","Under Votes","410","17TH CONGRESS","SO MOLINE 8","776","11","DEMOCRATIC","0"
"81","0","ROCK ISLAND","0","Blank Ballots","410","17TH CONGRESS","SO MOLINE 8","776","11","DEMOCRATIC","1"
"81","0","ROCK ISLAND","0","Over Votes","410","17TH CONGRESS","SO MOLINE 11","1062","11","DEMOCRATIC","0"
"81","0","ROCK ISLAND","390","ERIC SORENSEN","410","17TH CONGRESS","SO MOLINE 11","1062","11","DEMOCRATIC","72"
"81","0","ROCK ISLAND","0","Under Votes","410","17TH CONGRESS","SO MOLINE 11","1062","11","DEMOCRATIC","0"
"81","0","ROCK ISLAND","0","Blank Ballots","410","17TH CONGRESS","SO MOLINE 11","1062","11","DEMOCRATIC","8"
"81","0","ROCK ISLAND","0","Over Votes","410","17TH CONGRESS","MOLINE 8","587","11","DEMOCRATIC","0"
"81","0","ROCK ISLAND","395","SCOTT ALAN CROWL","410","17TH CONGRESS","SO MOLINE 2","755","12","REPUBLICAN","10"
"81","0","ROCK ISLAND","0","Over Votes","410","17TH CONGRESS","SO MOLINE 2","755","12","REPUBLICAN","0"
"81","0","ROCK ISLAND","0","Blank Ballots","410","17TH CONGRESS","SO MOLINE 2","755","12","REPUBLICAN","1"
"81","0","ROCK ISLAND","400","JOE McGRAW","410","17TH CONGRESS","SO MOLINE 5","584","12","REPUBLICAN","27"
"81","0","ROCK ISLAND","0","Under Votes","410","17TH CONGRESS","SO MOLINE 5","584","12","REPUBLICAN","0"
"81","0","ROCK ISLAND","395","SCOTT ALAN CROWL","410","17TH CONGRESS","SO MOLINE 5","584","12","REPUBLICAN","12"
"81","0","ROCK ISLAND","0","Over Votes","410","17TH CONGRESS","SO MOLINE 5","584","12","REPUBLICAN","0"
"81","0","ROCK ISLAND","0","Blank Ballots","410","17TH CONGRESS","SO MOLINE 5","584","12","REPUBLICAN","0"
"81","0","ROCK ISLAND","400","JOE McGRAW","410","17TH CONGRESS","SO MOLINE 8","776","12","REPUBLICAN","33"
"81","0","ROCK ISLAND","0","Under Votes","410","17TH CONGRESS","SO MOLINE 8","776","12","REPUBLICAN","0"
"81","0","ROCK ISLAND","395","SCOTT ALAN CROWL","410","17TH CONGRESS","SO MOLINE 8","776","12","REPUBLICAN","5"
"81","0","ROCK ISLAND","0","Over Votes","410","17TH CONGRESS","SO MOLINE 8","776","12","REPUBLICAN","0"
"81","0","ROCK ISLAND","0","Blank Ballots","410","17TH CONGRESS","SO MOLINE 8","776","12","REPUBLICAN","2"
"81","0","ROCK ISLAND","400","JOE McGRAW","410","17TH CONGRESS","SO MOLINE 11","1062","12","REPUBLICAN","41"
"81","0","ROCK ISLAND","0","Under Votes","410","17TH CONGRESS","SO MOLINE 11","1062","12","REPUBLICAN","0"
"81","0","ROCK ISLAND","395","SCOTT ALAN CROWL","410","17TH CONGRESS","SO MOLINE 11","1062","12","REPUBLICAN","23"
"81","0","ROCK ISLAND","0","Over Votes","410","17TH CONGRESS","SO MOLINE 11","1062","12","REPUBLICAN","0"
"81","0","ROCK ISLAND","0","Blank Ballots","410","17TH CONGRESS","SO MOLINE 11","1062","12","REPUBLICAN","4"
"81","0","ROCK ISLAND","400","JOE McGRAW","410","17TH CONGRESS","MOLINE 8","587","12","REPUBLICAN","12"
"81","0","ROCK ISLAND","0","Under Votes","410","17TH CONGRESS","MOLINE 8","587","12","REPUBLICAN","0"
"81","0","ROCK ISLAND","395","SCOTT ALAN CROWL","410","17TH CONGRESS","MOLINE 8","587","12","REPUBLICAN","6"
"81","0","ROCK ISLAND","0","Over Votes","410","17TH CONGRESS","MOLINE 8","587","12","REPUBLICAN","0"
"81","0","ROCK ISLAND","0","Blank Ballots","410","17TH CONGRESS","MOLINE 8","587","12","REPUBLICAN","0"
"81","0","ROCK ISLAND","400","JOE McGRAW","410","17TH CONGRESS","MOLINE 11","780","12","REPUBLICAN","23"
"81","0","ROCK ISLAND","0","Under Votes","410","17TH CONGRESS","MOLINE 11","780","12","REPUBLICAN","0"
"81","0","ROCK ISLAND","395","SCOTT ALAN CROWL","410","17TH CONGRESS","MOLINE 11","780","12","REPUBLICAN","13"
"81","0","ROCK ISLAND","0","Over Votes","410","17TH CONGRESS","MOLINE 11","780","12","REPUBLICAN","0"
"81","0","ROCK ISLAND","0","Blank Ballots","410","17TH CONGRESS","MOLINE 11","780","12","REPUBLICAN","1"
"81","0","ROCK ISLAND","400","JOE McGRAW","410","17TH CONGRESS","MOLINE 14","356","12","REPUBLICAN","6"
"81","0","ROCK ISLAND","0","Under Votes","410","17TH CONGRESS","MOLINE 14","356","12","REPUBLICAN","0"
"81","0","ROCK ISLAND","395","SCOTT ALAN CROWL","410","17TH CONGRESS","MOLINE 14","356","12","REPUBLICAN","6"
"81","0","ROCK ISLAND","0","Over Votes","410","17TH CONGRESS","MOLINE 14","356","12","REPUBLICAN","0"
"81","0","ROCK ISLAND","0","Blank Ballots","410","17TH CONGRESS","MOLINE 14","356","12","REPUBLICAN","3"
"81","0","ROCK ISLAND","400","JOE McGRAW","410","17TH CONGRESS","MOLINE 17","614","12","REPUBLICAN","15"
"81","0","ROCK ISLAND","400","JOE McGRAW","410","17TH CONGRESS","CANOE CREEK","344","12","REPUBLICAN","19"
"81","0","ROCK ISLAND","0","Under Votes","410","17TH CONGRESS","CANOE CREEK","344","12","REPUBLICAN","0"
"81","0","ROCK ISLAND","395","SCOTT ALAN CROWL","410","17TH CONGRESS","CANOE CREEK","344","12","REPUBLICAN","15"
"81","0","ROCK ISLAND","0","Over Votes","410","17TH CONGRESS","CANOE CREEK","344","12","REPUBLICAN","0"
"81","0","ROCK ISLAND","0","Blank Ballots","410","17TH CONGRESS","CANOE CREEK","344","12","REPUBLICAN","9"
"81","0","ROCK ISLAND","0","Blank Ballots","410","17TH CONGRESS","ZUMA","550","12","REPUBLICAN","5"
"81","0","ROCK ISLAND","400","JOE McGRAW","410","17TH CONGRESS","ZUMA","550","12","REPUBLICAN","31"
"29","0","FULTON","0","Under Votes","410","17TH CONGRESS","DEERFIELD-F17","0","11","DEMOCRATIC PARTY","0"
"29","0","FULTON","0","Over Votes","410","17TH CONGRESS","DEERFIELD-F17","0","11","DEMOCRATIC PARTY","0"
"29","0","FULTON","0","Under Votes","410","17TH CONGRESS","CANTON  2-11","0","11","DEMOCRATIC PARTY","2"
"29","0","FULTON","0","Over Votes","410","17TH CONGRESS","CANTON  2-11","0","11","DEMOCRATIC PARTY","0"
"29","0","FULTON","390","ERIC SORENSEN","410","17TH CONGRESS","CANTON  2-11","0","11","DEMOCRATIC PARTY","27"
"29","0","FULTON","0","Under Votes","410","17TH CONGRESS","CANTON  5-14","0","11","DEMOCRATIC PARTY","1"
"29","0","FULTON","0","Over Votes","410","17TH CONGRESS","CANTON  5-14","0","11","DEMOCRATIC PARTY","0"
"29","0","FULTON","390","ERIC SORENSEN","410","17TH CONGRESS","CANTON  5-14","0","11","DEMOCRATIC PARTY","47"
"29","0","FULTON","0","Under Votes","410","17TH CONGRESS","CANTON  8-17","0","11","DEMOCRATIC PARTY","2"
"29","0","FULTON","0","Over Votes","410","17TH CONGRESS","CANTON  8-17","0","11","DEMOCRATIC PARTY","0"
"29","0","FULTON","390","ERIC SORENSEN","410","17TH CONGRESS","CANTON  8-17","0","11","DEMOCRATIC PARTY","25"
"29","0","FULTON","0","Over Votes","410","17TH CONGRESS","YOUNG HICKORY-3","0","11","DEMOCRATIC PARTY","0"
"29","0","FULTON","0","Under Votes","410","17TH CONGRESS","YOUNG HICKORY-3","0","11","DEMOCRATIC PARTY","2"
"29","0","FULTON","390","ERIC SORENSEN","410","17TH CONGRESS","YOUNG HICKORY-3","0","11","DEMOCRATIC PARTY","18"
"29","0","FULTON","0","Over Votes","410","17TH CONGRESS","CANTON 16-F17","0","11","DEMOCRATIC PARTY","0"
"29","0","FULTON","0","Under Votes","410","17TH CONGRESS","CANTON 16-F17","0","11","DEMOCRATIC PARTY","0"
"29","0","FULTON","390","ERIC SORENSEN","410","17TH CONGRESS","CANTON 16-F17","0","11","DEMOCRATIC PARTY","0"
"29","0","FULTON","0","Over Votes","410","17TH CONGRESS","ELLISVILLE-F17","0","11","DEMOCRATIC PARTY","0"
"29","0","FULTON","0","Under Votes","410","17TH CONGRESS","ELLISVILLE-F17","0","11","DEMOCRATIC PARTY","0"
"29","0","FULTON","390","ERIC SORENSEN","410","17TH CONGRESS","ELLISVILLE-F17","0","11","DEMOCRATIC PARTY","0"
"29","0","FULTON","0","Over Votes","410","17TH CONGRESS","FARMINGTON 1-F17","0","11","DEMOCRATIC PARTY","0"
"29","0","FULTON","0","Under Votes","410","17TH CONGRESS","FARMINGTON 1-F17","0","11","DEMOCRATIC PARTY","0"
"29","0","FULTON","390","ERIC SORENSEN","410","17TH CONGRESS","FARMINGTON 1-F17","0","11","DEMOCRATIC PARTY","0"
"29","0","FULTON","0","Over Votes","410","17TH CONGRESS","BUCKHEART-30","0","11","DEMOCRATIC PARTY","0"
"29","0","FULTON","0","Under Votes","410","17TH CONGRESS","BUCKHEART-30","0","11","DEMOCRATIC PARTY","8"
"29","0","FULTON","390","ERIC SORENSEN","410","17TH CONGRESS","BUCKHEART-30","0","11","DEMOCRATIC PARTY","72"
"29","0","FULTON","0","Over Votes","410","17TH CONGRESS","CANTON  3-12","0","11","DEMOCRATIC PARTY","0"
"29","0","FULTON","0","Under Votes","410","17TH CONGRESS","CANTON  3-12","0","11","DEMOCRATIC PARTY","5"
"29","0","FULTON","390","ERIC SORENSEN","410","17TH CONGRESS","CANTON  3-12","0","11","DEMOCRATIC PARTY","17"
"29","0","FULTON","0","Over Votes","410","17TH CONGRESS","FARMINGTON 2-6","0","11","DEMOCRATIC PARTY","0"
"29","0","FULTON","0","Under Votes","410","17TH CONGRESS","FARMINGTON 2-6","0","11","DEMOCRATIC PARTY","6"
"29","0","FULTON","390","ERIC SORENSEN","410","17TH CONGRESS","FARMINGTON 2-6","0","11","DEMOCRATIC PARTY","53"
"29","0","FULTON","0","Over Votes","410","17TH CONGRESS","JOSHUA-9","0","11","DEMOCRATIC PARTY","0"
"29","0","FULTON","0","Under Votes","410","17TH CONGRESS","JOSHUA-9","0","11","DEMOCRATIC PARTY","1"
"29","0","FULTON","390","ERIC SORENSEN","410","17TH CONGRESS","JOSHUA-9","0","11","DEMOCRATIC PARTY","17"
"29","0","FULTON","0","Over Votes","410","17TH CONGRESS","CANTON 11-F17","0","11","DEMOCRATIC PARTY","0"
"29","0","FULTON","0","Under Votes","410","17TH CONGRESS","CANTON 11-F17","0","11","DEMOCRATIC PARTY","0"
"29","0","FULTON","390","ERIC SORENSEN","410","17TH CONGRESS","CANTON 11-F17","0","11","DEMOCRATIC PARTY","0"
"29","0","FULTON","0","Over Votes","410","17TH CONGRESS","CANTON 14-F17","0","11","DEMOCRATIC PARTY","0"
"29","0","FULTON","395","SCOTT ALAN CROWL","410","17TH CONGRESS","CANTON 12-21","0","12","REPUBLICAN PARTY","7"
"29","0","FULTON","400","JOE McGRAW","410","17TH CONGRESS","CANTON 12-21","0","12","REPUBLICAN PARTY","13"
"29","0","FULTON","0","Over Votes","410","17TH CONGRESS","CANTON 12-21","0","12","REPUBLICAN PARTY","0"
"29","0","FULTON","0","Under Votes","410","17TH CONGRESS","CANTON 12-21","0","12","REPUBLICAN PARTY","1"
"29","0","FULTON","0","Over Votes","410","17TH CONGRESS","PUTMAN-29","0","12","REPUBLICAN PARTY","0"
"29","0","FULTON","395","SCOTT ALAN CROWL","410","17TH CONGRESS","PUTMAN-29","0","12","REPUBLICAN PARTY","35"
"29","0","FULTON","0","Under Votes","410","17TH CONGRESS","PUTMAN-29","0","12","REPUBLICAN PARTY","15"
"29","0","FULTON","400","JOE McGRAW","410","17TH CONGRESS","PUTMAN-29","0","12","REPUBLICAN PARTY","74"
"29","0","FULTON","400","JOE McGRAW","410","17TH CONGRESS","BUCKHEART-F17","0","12","REPUBLICAN PARTY","0"
"29","0","FULTON","0","Over Votes","410","17TH CONGRESS","BUCKHEART-F17","0","12","REPUBLICAN PARTY","0"
"29","0","FULTON","395","SCOTT ALAN CROWL","410","17TH CONGRESS","BUCKHEART-F17","0","12","REPUBLICAN PARTY","0"
"29","0","FULTON","0","Under Votes","410","17TH CONGRESS","BUCKHEART-F17","0","12","REPUBLICAN PARTY","0"
"29","0","FULTON","0","Over Votes","410","17TH CONGRESS","FAIRVIEW-F17","0","12","REPUBLICAN PARTY","0"
"29","0","FULTON","395","SCOTT ALAN CROWL","410","17TH CONGRESS","FAIRVIEW-F17","0","12","REPUBLICAN PARTY","0"
"29","0","FULTON","0","Under Votes","410","17TH CONGRESS","FAIRVIEW-F17","0","12","REPUBLICAN PARTY","0"
"29","0","FULTON","400","JOE McGRAW","410","17TH CONGRESS","FAIRVIEW-F17","0","12","REPUBLICAN PARTY","0"
"29","0","FULTON","0","Over Votes","410","17TH CONGRESS","FARMINGTON 2-F17","0","12","REPUBLICAN PARTY","0"
"29","0","FULTON","400","JOE McGRAW","410","17TH CONGRESS","BUCKHEART-30","0","12","REPUBLICAN PARTY","48"
"29","0","FULTON","0","Over Votes","410","17TH CONGRESS","BUCKHEART-30","0","12","REPUBLICAN PARTY","0"
"29","0","FULTON","395","SCOTT ALAN CROWL","410","17TH CONGRESS","BUCKHEART-30","0","12","REPUBLICAN PARTY","24"
"29","0","FULTON","0","Under Votes","410","17TH CONGRESS","BUCKHEART-30","0","12","REPUBLICAN PARTY","15"
"29","0","FULTON","400","JOE McGRAW","410","17TH CONGRESS","CANTON  3-12","0","12","REPUBLICAN PARTY","12"
"29","0","FULTON","0","Over Votes","410","17TH CONGRESS","CANTON  3-12","0","12","REPUBLICAN PARTY","0"
"29","0","FULTON","395","SCOTT ALAN CROWL","410","17TH CONGRESS","CANTON  3-12","0","12","REPUBLICAN PARTY","3"
"29","0","FULTON","0","Under Votes","410","17TH CONGRESS","CANTON  3-12","0","12","REPUBLICAN PARTY","1"
"29","0","FULTON","395","SCOTT ALAN CROWL","410","17TH CONGRESS","FARMINGTON 2-6","0","12","REPUBLICAN PARTY","34"
"29","0","FULTON","0","Over Votes","410","17TH CONGRESS","FARMINGTON 2-6","0","12","REPUBLICAN PARTY","0"
"29","0","FULTON","0","Under Votes","410","17TH CONGRESS","FARMINGTON 2-6","0","12","REPUBLICAN PARTY","8"
"29","0","FULTON","400","JOE McGRAW","410","17TH CONGRESS","FARMINGTON 2-6","0","12","REPUBLICAN PARTY","29"
"29","0","FULTON","400","JOE McGRAW","410","17TH CONGRESS","JOSHUA-9","0","12","REPUBLICAN PARTY","33"
"29","0","FULTON","0","Over Votes","410","17TH CONGRESS","JOSHUA-9","0","12","REPUBLICAN PARTY","0"
"29","0","FULTON","395","SCOTT ALAN CROWL","410","17TH CONGRESS","JOSHUA-9","0","12","REPUBLICAN PARTY","9"
"29","0","FULTON","0","Under Votes","410","17TH CONGRESS","JOSHUA-9","0","12","REPUBLICAN PARTY","5"
"29","0","FULTON","0","Over Votes","410","17TH CONGRESS","CANTON 11-F17","0","12","REPUBLICAN PARTY","0"
"29","0","FULTON","395","SCOTT ALAN CROWL","410","17TH CONGRESS","CANTON 11-F17","0","12","REPUBLICAN PARTY","0"
"29","0","FULTON","0","Under Votes","410","17TH CONGRESS","CANTON 11-F17","0","12","REPUBLICAN PARTY","0"
"29","0","FULTON","400","JOE McGRAW","410","17TH CONGRESS","CANTON 11-F17","0","12","REPUBLICAN PARTY","0"
"29","0","FULTON","0","Over Votes","410","17TH CONGRESS","CANTON 14-F17","0","12","REPUBLICAN PARTY","0"
"29","0","FULTON","395","SCOTT ALAN CROWL","410","17TH CONGRESS","CANTON 14-F17","0","12","REPUBLICAN PARTY","0"
"98","0","WHITESIDE","395","SCOTT ALAN CROWL","410","17TH CONGRESS","STERLING 10","641","12","REPUBLICAN","17"
"98","0","WHITESIDE","400","JOE McGRAW","410","17TH CONGRESS","STERLING 10","641","12","REPUBLICAN","39"
"98","0","WHITESIDE","0","Under Votes","410","17TH CONGRESS","STERLING 10","641","12","REPUBLICAN","6"
"98","0","WHITESIDE","0","Over Votes","410","17TH CONGRESS","STERLING 10","641","12","REPUBLICAN","0"
"98","0","WHITESIDE","0","Blank Ballots","410","17TH CONGRESS","USTICK 1","424","12","REPUBLICAN","0"
"98","0","WHITESIDE","395","SCOTT ALAN CROWL","410","17TH CONGRESS","USTICK 1","424","12","REPUBLICAN","23"
"98","0","WHITESIDE","400","JOE McGRAW","410","17TH CONGRESS","USTICK 1","424","12","REPUBLICAN","31"
"98","0","WHITESIDE","0","Under Votes","410","17TH CONGRESS","USTICK 1","424","12","REPUBLICAN","4"
"98","0","WHITESIDE","0","Over Votes","410","17TH CONGRESS","USTICK 1","424","12","REPUBLICAN","0"
"98","0","WHITESIDE","395","SCOTT ALAN CROWL","410","17TH CONGRESS","ALBANY 1","705","12","REPUBLICAN","29"
"98","0","WHITESIDE","400","JOE McGRAW","410","17TH CONGRESS","ALBANY 1","705","12","REPUBLICAN","21"
"98","0","WHITESIDE","0","Under Votes","410","17TH CONGRESS","ALBANY 1","705","12","REPUBLICAN","4"
"98","0","WHITESIDE","0","Blank Ballots","410","17TH CONGRESS","ALBANY 1","705","12","REPUBLICAN","0"
"98","0","WHITESIDE","0","Over Votes","410","17TH CONGRESS","ALBANY 1","705","12","REPUBLICAN","0"
"98","0","WHITESIDE","395","SCOTT ALAN CROWL","410","17TH CONGRESS","COLOMA 6","698","12","REPUBLICAN","19"
"98","0","WHITESIDE","400","JOE McGRAW","410","17TH CONGRESS","COLOMA 6","698","12","REPUBLICAN","27"
"98","0","WHITESIDE","0","Under Votes","410","17TH CONGRESS","COLOMA 6","698","12","REPUBLICAN","10"
"98","0","WHITESIDE","0","Blank Ballots","410","17TH CONGRESS","COLOMA 6","698","12","REPUBLICAN","0"
"98","0","WHITESIDE","0","Over Votes","410","17TH CONGRESS","COLOMA 6","698","12","REPUBLICAN","0"
"98","0","WHITESIDE","0","Blank Ballots","410","17TH CONGRESS","COLOMA 10","870","12","REPUBLICAN","0"
"98","0","WHITESIDE","395","SCOTT ALAN CROWL","410","17TH CONGRESS","COLOMA 10","870","12","REPUBLICAN","26"
"98","0","WHITESIDE","400","JOE McGRAW","410","17TH CONGRESS","COLOMA 10","870","12","REPUBLICAN","57"
"98","0","WHITESIDE","0","Under Votes","410","17TH CONGRESS","COLOMA 10","870","12","REPUBLICAN","6"
"98","0","WHITESIDE","0","Over Votes","410","17TH CONGRESS","COLOMA 10","870","12","REPUBLICAN","0"
"98","0","WHITESIDE","395","SCOTT ALAN CROWL","410","17TH CONGRESS","FULTON 4","921","12","REPUBLICAN","35"
"98","0","WHITESIDE","400","JOE McGRAW","410","17TH CONGRESS","FULTON 4","921","12","REPUBLICAN","37"
"98","0","WHITESIDE","0","Under Votes","410","17TH CONGRESS","FULTON 4","921","12","REPUBLICAN","4"
"98","0","WHITESIDE","0","Blank Ballots","410","17TH CONGRESS","FULTON 4","921","12","REPUBLICAN","0"
"98","0","WHITESIDE","0","Over Votes","410","17TH CONGRESS","FULTON 4","921","12","REPUBLICAN","0"
"98","0","WHITESIDE","395","SCOTT ALAN CROWL","410","17TH CONGRESS","JORDAN 1","641","12","REPUBLICAN","34"
"98","0","WHITESIDE","400","JOE McGRAW","410","17TH CONGRESS","JORDAN 1","641","12","REPUBLICAN","74"
"98","0","WHITESIDE","0","Under Votes","410","17TH CONGRESS","JORDAN 1","641","12","REPUBLICAN","9"
"98","0","WHITESIDE","0","Blank Ballots","410","17TH CONGRESS","JORDAN 1","641","12","REPUBLICAN","0"
"98","0","WHITESIDE","0","Over Votes","410","17TH CONGRESS","JORDAN 1","641","12","REPUBLICAN","0"
"98","0","WHITESIDE","395","SCOTT ALAN CROWL","410","17TH CONGRESS","MT. PLEASANT 1","565","12","REPUBLICAN","21"
"98","0","WHITESIDE","400","JOE McGRAW","410","17TH CONGRESS","MT. PLEASANT 1","565","12","REPUBLICAN","35"
"98","0","WHITESIDE","0","Under Votes","410","17TH CONGRESS","MT. PLEASANT 1","565","12","REPUBLICAN","5"
"98","0","WHITESIDE","0","Blank Ballots","410","17TH CONGRESS","MT. PLEASANT 1","565","12","REPUBLICAN","0"
"98","0","WHITESIDE","0","Over Votes","410","17TH CONGRESS","MT. PLEASANT 1","565","12","REPUBLICAN","0"
"98","0","WHITESIDE","0","Under Votes","410","17TH CONGRESS","PROPHETSTOWN 1","721","12","REPUBLICAN","17"
"98","0","WHITESIDE","0","Blank Ballots","410","17TH CONGRESS","PROPHETSTOWN 1","721","12","REPUBLICAN","0"
"98","0","WHITESIDE","0","Over Votes","410","17TH CONGRESS","PROPHETSTOWN 1","721","12","REPUBLICAN","0"
"81","0","ROCK ISLAND","0","Under Votes","410","17TH CONGRESS","ZUMA","550","12","REPUBLICAN","0"
"81","0","ROCK ISLAND","395","SCOTT ALAN CROWL","410","17TH CONGRESS","ZUMA","550","12","REPUBLICAN","19"
"81","0","ROCK ISLAND","0","Over Votes","410","17TH CONGRESS","ZUMA","550","12","REPUBLICAN","0"
"81","0","ROCK ISLAND","0","Blank Ballots","410","17TH CONGRESS","HAMPTON 10","850","12","REPUBLICAN","0"
"81","0","ROCK ISLAND","400","JOE McGRAW","410","17TH CONGRESS","HAMPTON 10","850","12","REPUBLICAN","21"
"81","0","ROCK ISLAND","0","Under Votes","410","17TH CONGRESS","HAMPTON 10","850","12","REPUBLICAN","0"
"81","0","ROCK ISLAND","395","SCOTT ALAN CROWL","410","17TH CONGRESS","HAMPTON 10","850","12","REPUBLICAN","10"
"81","0","ROCK ISLAND","0","Over Votes","410","17TH CONGRESS","HAMPTON 10","850","12","REPUBLICAN","0"
"81","0","ROCK ISLAND","0","Blank Ballots","410","17TH CONGRESS","HAMPTON 13","415","12","REPUBLICAN","0"
"81","0","ROCK ISLAND","400","JOE McGRAW","410","17TH CONGRESS","HAMPTON 13","415","12","REPUBLICAN","3"
"81","0","ROCK ISLAND","0","Under Votes","410","17TH CONGRESS","HAMPTON 13","415","12","REPUBLICAN","0"
"81","0","ROCK ISLAND","395","SCOTT ALAN CROWL","410","17TH CONGRESS","HAMPTON 13","415","12","REPUBLICAN","0"
"81","0","ROCK ISLAND","0","Over Votes","410","17TH CONGRESS","HAMPTON 13","415","12","REPUBLICAN","0"
"81","0","ROCK ISLAND","0","Blank Ballots","410","17TH CONGRESS","HAMPTON 16","1002","12","REPUBLICAN","4"
"81","0","ROCK ISLAND","400","JOE McGRAW","410","17TH CONGRESS","HAMPTON 16","1002","12","REPUBLICAN","18"
"81","0","ROCK ISLAND","0","Under Votes","410","17TH CONGRESS","HAMPTON 16","1002","12","REPUBLICAN","0"
"81","0","ROCK ISLAND","395","SCOTT ALAN CROWL","410","17TH CONGRESS","HAMPTON 16","1002","12","REPUBLICAN","17"
"81","0","ROCK ISLAND","0","Over Votes","410","17TH CONGRESS","HAMPTON 16","1002","12","REPUBLICAN","0"
"81","0","ROCK ISLAND","400","JOE McGRAW","410","17TH CONGRESS","SO MOLINE 3","444","12","REPUBLICAN","8"
"81","0","ROCK ISLAND","0","Under Votes","410","17TH CONGRESS","SO MOLINE 3","444","12","REPUBLICAN","0"
"81","0","ROCK ISLAND","395","SCOTT ALAN CROWL","410","17TH CONGRESS","SO MOLINE 3","444","12","REPUBLICAN","11"
"81","0","ROCK ISLAND","0","Over Votes","410","17TH CONGRESS","SO MOLINE 3","444","12","REPUBLICAN","0"
"81","0","ROCK ISLAND","0","Blank Ballots","410","17TH CONGRESS","SO MOLINE 3","444","12","REPUBLICAN","3"
"81","0","ROCK ISLAND","400","JOE McGRAW","410","17TH CONGRESS","SO MOLINE 23","529","12","REPUBLICAN","11"
"81","0","ROCK ISLAND","0","Under Votes","410","17TH CONGRESS","SO MOLINE 23","529","12","REPUBLICAN","0"
"81","0","ROCK ISLAND","395","SCOTT ALAN CROWL","410","17TH CONGRESS","SO MOLINE 23","529","12","REPUBLICAN","8"
"81","0","ROCK ISLAND","0","Over Votes","410","17TH CONGRESS","SO MOLINE 23","529","12","REPUBLICAN","0"
"81","0","ROCK ISLAND","0","Blank Ballots","410","17TH CONGRESS","SO MOLINE 23","529","12","REPUBLICAN","2"
"81","0","ROCK ISLAND","400","JOE McGRAW","410","17TH CONGRESS","SO MOLINE 26","466","12","REPUBLICAN","15"
"81","0","ROCK ISLAND","0","Under Votes","410","17TH CONGRESS","SO MOLINE 26","466","12","REPUBLICAN","0"
"81","0","ROCK ISLAND","395","SCOTT ALAN CROWL","410","17TH CONGRESS","SO MOLINE 26","466","12","REPUBLICAN","8"
"81","0","ROCK ISLAND","0","Over Votes","410","17TH CONGRESS","SO MOLINE 26","466","12","REPUBLICAN","0"
"81","0","ROCK ISLAND","0","Blank Ballots","410","17TH CONGRESS","SO MOLINE 26","466","12","REPUBLICAN","1"
"81","0","ROCK ISLAND","0","Under Votes","410","17TH CONGRESS","MOLINE 17","614","12","REPUBLICAN","0"
"81","0","ROCK ISLAND","395","SCOTT ALAN CROWL","410","17TH CONGRESS","MOLINE 17","614","12","REPUBLICAN","14"
"81","0","ROCK ISLAND","0","Over Votes","410","17TH CONGRESS","MOLINE 17","614","12","REPUBLICAN","0"
"81","0","ROCK ISLAND","0","Blank Ballots","410","17TH CONGRESS","MOLINE 17","614","12","REPUBLICAN","1"
"81","0","ROCK ISLAND","0","Blank Ballots","410","17TH CONGRESS","COAL VALLEY 3","1704","12","REPUBLICAN","10"
"81","0","ROCK ISLAND","400","JOE McGRAW","410","17TH CONGRESS","COAL VALLEY 3","1704","12","REPUBLICAN","75"
"81","0","ROCK ISLAND","0","Under Votes","410","17TH CONGRESS","COAL VALLEY 3","1704","12","REPUBLICAN","0"
"81","0","ROCK ISLAND","395","SCOTT ALAN CROWL","410","17TH CONGRESS","COAL VALLEY 3","1704","12","REPUBLICAN","50"
"81","0","ROCK ISLAND","0","Over Votes","410","17TH CONGRESS","COAL VALLEY 3","1704","12","REPUBLICAN","0"
"81","0","ROCK ISLAND","0","Blank Ballots","410","17TH CONGRESS","ANDALUSIA","1727","12","REPUBLICAN","22"
"81","0","ROCK ISLAND","400","JOE McGRAW","410","17TH CONGRESS","ANDALUSIA","1727","12","REPUBLICAN","133"
"81","0","ROCK ISLAND","0","Under Votes","410","17TH CONGRESS","ANDALUSIA","1727","12","REPUBLICAN","0"
"81","0","ROCK ISLAND","395","SCOTT ALAN CROWL","410","17TH CONGRESS","ANDALUSIA","1727","12","REPUBLICAN","91"
"81","0","ROCK ISLAND","0","Over Votes","410","17TH CONGRESS","ANDALUSIA","1727","12","REPUBLICAN","0"
"81","0","ROCK ISLAND","400","JOE McGRAW","410","17TH CONGRESS","DRURY","543","12","REPUBLICAN","18"
"81","0","ROCK ISLAND","0","Under Votes","410","17TH CONGRESS","DRURY","543","12","REPUBLICAN","0"
"81","0","ROCK ISLAND","395","SCOTT ALAN CROWL","410","17TH CONGRESS","DRURY","543","12","REPUBLICAN","27"
"81","0","ROCK ISLAND","0","Over Votes","410","17TH CONGRESS","DRURY","543","12","REPUBLICAN","0"
"81","0","ROCK ISLAND","0","Blank Ballots","410","17TH CONGRESS","DRURY","543","12","REPUBLICAN","7"
"81","0","ROCK ISLAND","400","JOE McGRAW","410","17TH CONGRESS","SO MOLINE 29","1233","12","REPUBLICAN","51"
"81","0","ROCK ISLAND","0","Under Votes","410","17TH CONGRESS","SO MOLINE 29","1233","12","REPUBLICAN","0"
"81","0","ROCK ISLAND","395","SCOTT ALAN CROWL","410","17TH CONGRESS","SO MOLINE 29","1233","12","REPUBLICAN","26"
"81","0","ROCK ISLAND","0","Over Votes","410","17TH CONGRESS","SO MOLINE 29","1233","12","REPUBLICAN","0"
"81","0","ROCK ISLAND","0","Blank Ballots","410","17TH CONGRESS","SO MOLINE 29","1233","12","REPUBLICAN","9"
"81","0","ROCK ISLAND","400","JOE McGRAW","410","17TH CONGRESS","MOLINE 3","892","12","REPUBLICAN","21"
"81","0","ROCK ISLAND","0","Under Votes","410","17TH CONGRESS","MOLINE 3","892","12","REPUBLICAN","0"
"81","0","ROCK ISLAND","395","SCOTT ALAN CROWL","410","17TH CONGRESS","MOLINE 3","892","12","REPUBLICAN","3"
"81","0","ROCK ISLAND","0","Over Votes","410","17TH CONGRESS","MOLINE 3","892","12","REPUBLICAN","0"
"81","0","ROCK ISLAND","0","Blank Ballots","410","17TH CONGRESS","MOLINE 3","892","12","REPUBLICAN","5"
"81","0","ROCK ISLAND","400","JOE McGRAW","410","17TH CONGRESS","MOLINE 6","633","12","REPUBLICAN","5"
"81","0","ROCK ISLAND","0","Under Votes","410","17TH CONGRESS","MOLINE 6","633","12","REPUBLICAN","0"
"81","0","ROCK ISLAND","0","Blank Ballots","410","17TH CONGRESS","MOLINE 6","633","12","REPUBLICAN","2"
"81","0","ROCK ISLAND","395","SCOTT ALAN CROWL","410","17TH CONGRESS","MOLINE 6","633","12","REPUBLICAN","6"
"81","0","ROCK ISLAND","0","Over Votes","410","17TH CONGRESS","MOLINE 6","633","12","REPUBLICAN","0"
"81","0","ROCK ISLAND","400","JOE McGRAW","410","17TH CONGRESS","MOLINE 9","695","12","REPUBLICAN","28"
"81","0","ROCK ISLAND","0","Under Votes","410","17TH CONGRESS","MOLINE 9","695","12","REPUBLICAN","0"
"81","0","ROCK ISLAND","395","SCOTT ALAN CROWL","410","17TH CONGRESS","MOLINE 9","695","12","REPUBLICAN","22"
"81","0","ROCK ISLAND","0","Over Votes","410","17TH CONGRESS","MOLINE 9","695","12","REPUBLICAN","0"
"81","0","ROCK ISLAND","0","Blank Ballots","410","17TH CONGRESS","MOLINE 9","695","12","REPUBLICAN","3"
"81","0","ROCK ISLAND","400","JOE McGRAW","410","17TH CONGRESS","ROCK ISLAND 9","646","12","REPUBLICAN","7"
"81","0","ROCK ISLAND","0","Under Votes","410","17TH CONGRESS","ROCK ISLAND 9","646","12","REPUBLICAN","0"
"81","0","ROCK ISLAND","395","SCOTT ALAN CROWL","410","17TH CONGRESS","ROCK ISLAND 9","646","12","REPUBLICAN","4"
"81","0","ROCK ISLAND","0","Over Votes","410","17TH CONGRESS","ROCK ISLAND 9","646","12","REPUBLICAN","0"
"81","0","ROCK ISLAND","0","Blank Ballots","410","17TH CONGRESS","ROCK ISLAND 9","646","12","REPUBLICAN","1"
"81","0","ROCK ISLAND","400","JOE McGRAW","410","17TH CONGRESS","ROCK ISLAND 12","423","12","REPUBLICAN","11"
"81","0","ROCK ISLAND","0","Under Votes","410","17TH CONGRESS","ROCK ISLAND 12","423","12","REPUBLICAN","0"
"81","0","ROCK ISLAND","395","SCOTT ALAN CROWL","410","17TH CONGRESS","ROCK ISLAND 12","423","12","REPUBLICAN","1"
"81","0","ROCK ISLAND","0","Over Votes","410","17TH CONGRESS","ROCK ISLAND 12","423","12","REPUBLICAN","0"
"81","0","ROCK ISLAND","0","Blank Ballots","410","17TH CONGRESS","ROCK ISLAND 12","423","12","REPUBLICAN","1"
"110","101","CITY OF ROCKFORD","400","JOE McGRAW","410","17TH CONGRESS","WARD 14 PRECINCT 6","1007","12","REPUBLICAN","50"
"110","101","CITY OF ROCKFORD","395","SCOTT ALAN CROWL","410","17TH CONGRESS","WARD 14 PRECINCT 6","1007","12","REPUBLICAN","14"
"110","101","CITY OF ROCKFORD","0","Over Votes","410","17TH CONGRESS","WARD 14 PRECINCT 6","1007","12","REPUBLICAN","0"
"110","101","CITY OF ROCKFORD","0","Over Votes","410","17TH CONGRESS","WARD 2 PRECINCT 2","1139","12","REPUBLICAN","0"
"110","101","CITY OF ROCKFORD","0","Under Votes","410","17TH CONGRESS","WARD 2 PRECINCT 2","1139","12","REPUBLICAN","2"
"110","101","CITY OF ROCKFORD","400","JOE McGRAW","410","17TH CONGRESS","WARD 2 PRECINCT 2","1139","12","REPUBLICAN","23"
"110","101","CITY OF ROCKFORD","395","SCOTT ALAN CROWL","410","17TH CONGRESS","WARD 2 PRECINCT 2","1139","12","REPUBLICAN","5"
"110","101","CITY OF ROCKFORD","0","Over Votes","410","17TH CONGRESS","WARD 4 PRECINCT 8","834","12","REPUBLICAN","0"
"110","101","CITY OF ROCKFORD","0","Under Votes","410","17TH CONGRESS","WARD 4 PRECINCT 8","834","12","REPUBLICAN","6"
"110","101","CITY OF ROCKFORD","400","JOE McGRAW","410","17TH CONGRESS","WARD 4 PRECINCT 8","834","12","REPUBLICAN","65"
"110","101","CITY OF ROCKFORD","395","SCOTT ALAN CROWL","410","17TH CONGRESS","WARD 4 PRECINCT 8","834","12","REPUBLICAN","12"
"110","101","CITY OF ROCKFORD","0","Under Votes","410","17TH CONGRESS","WARD 8 PRECINCT 1","1042","12","REPUBLICAN","2"
"110","101","CITY OF ROCKFORD","400","JOE McGRAW","410","17TH CONGRESS","WARD 8 PRECINCT 1","1042","12","REPUBLICAN","29"
"110","101","CITY OF ROCKFORD","395","SCOTT ALAN CROWL","410","17TH CONGRESS","WARD 8 PRECINCT 1","1042","12","REPUBLICAN","7"
"110","101","CITY OF ROCKFORD","0","Over Votes","410","17TH CONGRESS","WARD 8 PRECINCT 1","1042","12","REPUBLICAN","0"
"110","101","CITY OF ROCKFORD","0","Over Votes","410","17TH CONGRESS","WARD 11 PRECINCT 3","1016","12","REPUBLICAN","0"
"110","101","CITY OF ROCKFORD","0","Under Votes","410","17TH CONGRESS","WARD 11 PRECINCT 3","1016","12","REPUBLICAN","2"
"110","101","CITY OF ROCKFORD","400","JOE McGRAW","410","17TH CONGRESS","WARD 11 PRECINCT 3","1016","12","REPUBLICAN","6"
"110","101","CITY OF ROCKFORD","395","SCOTT ALAN CROWL","410","17TH CONGRESS","WARD 11 PRECINCT 3","1016","12","REPUBLICAN","7"
"110","101","CITY OF ROCKFORD","0","Under Votes","410","17TH CONGRESS","WARD 12 PRECINCT 6","1088","12","REPUBLICAN","6"
"110","101","CITY OF ROCKFORD","400","JOE McGRAW","410","17TH CONGRESS","WARD 12 PRECINCT 6","1088","12","REPUBLICAN","87"
"110","101","CITY OF ROCKFORD","395","SCOTT ALAN CROWL","410","17TH CONGRESS","WARD 12 PRECINCT 6","1088","12","REPUBLICAN","22"
"110","101","CITY OF ROCKFORD","0","Over Votes","410","17TH CONGRESS","WARD 12 PRECINCT 6","1088","12","REPUBLICAN","1"
"110","101","CITY OF ROCKFORD","0","Over Votes","410","17TH CONGRESS","WARD 12 PRECINCT 7","1006","12","REPUBLICAN","0"
"110","101","CITY OF ROCKFORD","0","Under Votes","410","17TH CONGRESS","WARD 12 PRECINCT 7","1006","12","REPUBLICAN","10"
"110","101","CITY OF ROCKFORD","400","JOE McGRAW","410","17TH CONGRESS","WARD 12 PRECINCT 7","1006","12","REPUBLICAN","74"
"110","101","CITY OF ROCKFORD","395","SCOTT ALAN CROWL","410","17TH CONGRESS","WARD 12 PRECINCT 7","1006","12","REPUBLICAN","7"
"110","101","CITY OF ROCKFORD","0","Over Votes","410","17TH CONGRESS","WARD 13 PRECINCT 1","1040","12","REPUBLICAN","0"
"110","101","CITY OF ROCKFORD","0","Under Votes","410","17TH CONGRESS","WARD 13 PRECINCT 1","1040","12","REPUBLICAN","1"
"110","101","CITY OF ROCKFORD","400","JOE McGRAW","410","17TH CONGRESS","WARD 13 PRECINCT 1","1040","12","REPUBLICAN","4"
"110","101","CITY OF ROCKFORD","395","SCOTT ALAN CROWL","410","17TH CONGRESS","WARD 13 PRECINCT 1","1040","12","REPUBLICAN","1"
"110","101","CITY OF ROCKFORD","0","Over Votes","410","17TH CONGRESS","WARD 13 PRECINCT 2","1017","12","REPUBLICAN","0"
"110","101","CITY OF ROCKFORD","0","Under Votes","410","17TH CONGRESS","WARD 13 PRECINCT 2","1017","12","REPUBLICAN","0"
"110","101","CITY OF ROCKFORD","400","JOE McGRAW","410","17TH CONGRESS","WARD 13 PRECINCT 2","1017","12","REPUBLICAN","3"
"110","101","CITY OF ROCKFORD","395","SCOTT ALAN CROWL","410","17TH CONGRESS","WARD 13 PRECINCT 2","1017","12","REPUBLICAN","3"
"110","101","CITY OF ROCKFORD","400","JOE McGRAW","410","17TH CONGRESS","WARD 4 PRECINCT 6","966","12","REPUBLICAN","89"
"110","101","CITY OF ROCKFORD","0","Under Votes","410","17TH CONGRESS","WARD 4 PRECINCT 6","966","12","REPUBLICAN","6"
"81","0","ROCK ISLAND","390","ERIC SORENSEN","410","17TH CONGRESS","MOLINE 8","587","11","DEMOCRATIC","35"
"81","0","ROCK ISLAND","0","Under Votes","410","17TH CONGRESS","MOLINE 8","587","11","DEMOCRATIC","0"
"81","0","ROCK ISLAND","0","Blank Ballots","410","17TH CONGRESS","MOLINE 8","587","11","DEMOCRATIC","1"
"81","0","ROCK ISLAND","0","Over Votes","410","17TH CONGRESS","MOLINE 11","780","11","DEMOCRATIC","0"
"81","0","ROCK ISLAND","390","ERIC SORENSEN","410","17TH CONGRESS","MOLINE 11","780","11","DEMOCRATIC","45"
"81","0","ROCK ISLAND","0","Under Votes","410","17TH CONGRESS","MOLINE 11","780","11","DEMOCRATIC","0"
"81","0","ROCK ISLAND","0","Blank Ballots","410","17TH CONGRESS","MOLINE 11","780","11","DEMOCRATIC","2"
"81","0","ROCK ISLAND","0","Under Votes","410","17TH CONGRESS","MOLINE 14","356","11","DEMOCRATIC","0"
"81","0","ROCK ISLAND","0","Over Votes","410","17TH CONGRESS","MOLINE 14","356","11","DEMOCRATIC","0"
"81","0","ROCK ISLAND","390","ERIC SORENSEN","410","17TH CONGRESS","MOLINE 14","356","11","DEMOCRATIC","16"
"81","0","ROCK ISLAND","0","Blank Ballots","410","17TH CONGRESS","MOLINE 14","356","11","DEMOCRATIC","0"
"81","0","ROCK ISLAND","0","Under Votes","410","17TH CONGRESS","MOLINE 17","614","11","DEMOCRATIC","0"
"81","0","ROCK ISLAND","0","Over Votes","410","17TH CONGRESS","MOLINE 17","614","11","DEMOCRATIC","0"
"81","0","ROCK ISLAND","390","ERIC SORENSEN","410","17TH CONGRESS","MOLINE 17","614","11","DEMOCRATIC","39"
"81","0","ROCK ISLAND","0","Blank Ballots","410","17TH CONGRESS","MOLINE 17","614","11","DEMOCRATIC","1"
"81","0","ROCK ISLAND","0","Under Votes","410","17TH CONGRESS","COAL VALLEY 3","1704","11","DEMOCRATIC","0"
"81","0","ROCK ISLAND","0","Over Votes","410","17TH CONGRESS","COAL VALLEY 3","1704","11","DEMOCRATIC","0"
"81","0","ROCK ISLAND","390","ERIC SORENSEN","410","17TH CONGRESS","COAL VALLEY 3","1704","11","DEMOCRATIC","114"
"81","0","ROCK ISLAND","0","Blank Ballots","410","17TH CONGRESS","COAL VALLEY 3","1704","11","DEMOCRATIC","5"
"81","0","ROCK ISLAND","0","Under Votes","410","17TH CONGRESS","ANDALUSIA","1727","11","DEMOCRATIC","0"
"81","0","ROCK ISLAND","0","Blank Ballots","410","17TH CONGRESS","ANDALUSIA","1727","11","DEMOCRATIC","15"
"81","0","ROCK ISLAND","0","Over Votes","410","17TH CONGRESS","ANDALUSIA","1727","11","DEMOCRATIC","0"
"81","0","ROCK ISLAND","0","Over Votes","410","17TH CONGRESS","HAMPTON 2","894","11","DEMOCRATIC","0"
"81","0","ROCK ISLAND","390","ERIC SORENSEN","410","17TH CONGRESS","HAMPTON 2","894","11","DEMOCRATIC","55"
"81","0","ROCK ISLAND","0","Under Votes","410","17TH CONGRESS","HAMPTON 2","894","11","DEMOCRATIC","0"
"81","0","ROCK ISLAND","0","Blank Ballots","410","17TH CONGRESS","HAMPTON 2","894","11","DEMOCRATIC","5"
"81","0","ROCK ISLAND","0","Over Votes","410","17TH CONGRESS","HAMPTON 5","698","11","DEMOCRATIC","0"
"81","0","ROCK ISLAND","390","ERIC SORENSEN","410","17TH CONGRESS","HAMPTON 5","698","11","DEMOCRATIC","69"
"81","0","ROCK ISLAND","0","Under Votes","410","17TH CONGRESS","HAMPTON 5","698","11","DEMOCRATIC","0"
"81","0","ROCK ISLAND","0","Blank Ballots","410","17TH CONGRESS","HAMPTON 5","698","11","DEMOCRATIC","1"
"81","0","ROCK ISLAND","0","Over Votes","410","17TH CONGRESS","HAMPTON 8","354","11","DEMOCRATIC","0"
"81","0","ROCK ISLAND","0","Over Votes","410","17TH CONGRESS","ROCK ISLAND 11","184","11","DEMOCRATIC","0"
"81","0","ROCK ISLAND","390","ERIC SORENSEN","410","17TH CONGRESS","ROCK ISLAND 11","184","11","DEMOCRATIC","25"
"81","0","ROCK ISLAND","0","Blank Ballots","410","17TH CONGRESS","ROCK ISLAND 11","184","11","DEMOCRATIC","0"
"81","0","ROCK ISLAND","0","Under Votes","410","17TH CONGRESS","ROCK ISLAND 14","548","11","DEMOCRATIC","0"
"81","0","ROCK ISLAND","0","Over Votes","410","17TH CONGRESS","ROCK ISLAND 14","548","11","DEMOCRATIC","0"
"81","0","ROCK ISLAND","390","ERIC SORENSEN","410","17TH CONGRESS","ROCK ISLAND 14","548","11","DEMOCRATIC","27"
"81","0","ROCK ISLAND","0","Blank Ballots","410","17TH CONGRESS","ROCK ISLAND 14","548","11","DEMOCRATIC","2"
"81","0","ROCK ISLAND","0","Under Votes","410","17TH CONGRESS","SO ROCK ISLAND 3","962","11","DEMOCRATIC","0"
"81","0","ROCK ISLAND","0","Over Votes","410","17TH CONGRESS","SO ROCK ISLAND 3","962","11","DEMOCRATIC","0"
"81","0","ROCK ISLAND","390","ERIC SORENSEN","410","17TH CONGRESS","SO ROCK ISLAND 3","962","11","DEMOCRATIC","83"
"81","0","ROCK ISLAND","0","Blank Ballots","410","17TH CONGRESS","SO ROCK ISLAND 3","962","11","DEMOCRATIC","5"
"81","0","ROCK ISLAND","0","Under Votes","410","17TH CONGRESS","SO ROCK ISLAND 6","804","11","DEMOCRATIC","0"
"81","0","ROCK ISLAND","0","Over Votes","410","17TH CONGRESS","SO ROCK ISLAND 6","804","11","DEMOCRATIC","0"
"81","0","ROCK ISLAND","390","ERIC SORENSEN","410","17TH CONGRESS","SO ROCK ISLAND 6","804","11","DEMOCRATIC","79"
"81","0","ROCK ISLAND","0","Blank Ballots","410","17TH CONGRESS","SO ROCK ISLAND 6","804","11","DEMOCRATIC","1"
"81","0","ROCK ISLAND","0","Under Votes","410","17TH CONGRESS","BLACKHAWK 3","1611","11","DEMOCRATIC","0"
"81","0","ROCK ISLAND","0","Over Votes","410","17TH CONGRESS","BLACKHAWK 3","1611","11","DEMOCRATIC","0"
"81","0","ROCK ISLAND","0","Blank Ballots","410","17TH CONGRESS","BLACKHAWK 3","1611","11","DEMOCRATIC","6"
"81","0","ROCK ISLAND","390","ERIC SORENSEN","410","17TH CONGRESS","BLACKHAWK 3","1611","11","DEMOCRATIC","132"
"81","0","ROCK ISLAND","0","Blank Ballots","410","17TH CONGRESS","BLACKHAWK 6","873","11","DEMOCRATIC","0"
"81","0","ROCK ISLAND","0","Over Votes","410","17TH CONGRESS","BLACKHAWK 6","873","11","DEMOCRATIC","0"
"81","0","ROCK ISLAND","390","ERIC SORENSEN","410","17TH CONGRESS","BLACKHAWK 6","873","11","DEMOCRATIC","57"
"81","0","ROCK ISLAND","0","Under Votes","410","17TH CONGRESS","BLACKHAWK 6","873","11","DEMOCRATIC","0"
"81","0","ROCK ISLAND","0","Over Votes","410","17TH CONGRESS","BUFFALO PRAIRIE","579","11","DEMOCRATIC","0"
"81","0","ROCK ISLAND","390","ERIC SORENSEN","410","17TH CONGRESS","BUFFALO PRAIRIE","579","11","DEMOCRATIC","30"
"81","0","ROCK ISLAND","0","Under Votes","410","17TH CONGRESS","BUFFALO PRAIRIE","579","11","DEMOCRATIC","0"
"81","0","ROCK ISLAND","0","Blank Ballots","410","17TH CONGRESS","BUFFALO PRAIRIE","579","11","DEMOCRATIC","2"
"81","0","ROCK ISLAND","0","Over Votes","410","17TH CONGRESS","CORDOVA","632","11","DEMOCRATIC","0"
"81","0","ROCK ISLAND","390","ERIC SORENSEN","410","17TH CONGRESS","CORDOVA","632","11","DEMOCRATIC","32"
"81","0","ROCK ISLAND","0","Under Votes","410","17TH CONGRESS","CORDOVA","632","11","DEMOCRATIC","0"
"81","0","ROCK ISLAND","0","Under Votes","410","17TH CONGRESS","EDGINGTON 2","448","11","DEMOCRATIC","0"
"81","0","ROCK ISLAND","0","Over Votes","410","17TH CONGRESS","EDGINGTON 2","448","11","DEMOCRATIC","0"
"81","0","ROCK ISLAND","390","ERIC SORENSEN","410","17TH CONGRESS","EDGINGTON 2","448","11","DEMOCRATIC","25"
"81","0","ROCK ISLAND","0","Blank Ballots","410","17TH CONGRESS","EDGINGTON 2","448","11","DEMOCRATIC","1"
"81","0","ROCK ISLAND","0","Blank Ballots","410","17TH CONGRESS","CORDOVA","632","11","DEMOCRATIC","1"
"81","0","ROCK ISLAND","390","ERIC SORENSEN","410","17TH CONGRESS","COE","1304","11","DEMOCRATIC","75"
"81","0","ROCK ISLAND","0","Under Votes","410","17TH CONGRESS","COE","1304","11","DEMOCRATIC","0"
"81","0","ROCK ISLAND","0","Blank Ballots","410","17TH CONGRESS","COE","1304","11","DEMOCRATIC","5"
"81","0","ROCK ISLAND","0","Over Votes","410","17TH CONGRESS","COE","1304","11","DEMOCRATIC","0"
"81","0","ROCK ISLAND","0","Over Votes","410","17TH CONGRESS","HAMPTON 14","1034","11","DEMOCRATIC","0"
"81","0","ROCK ISLAND","390","ERIC SORENSEN","410","17TH CONGRESS","HAMPTON 14","1034","11","DEMOCRATIC","105"
"81","0","ROCK ISLAND","0","Under Votes","410","17TH CONGRESS","HAMPTON 14","1034","11","DEMOCRATIC","0"
"81","0","ROCK ISLAND","0","Blank Ballots","410","17TH CONGRESS","HAMPTON 14","1034","11","DEMOCRATIC","4"
"81","0","ROCK ISLAND","0","Over Votes","410","17TH CONGRESS","HAMPTON 17","1003","11","DEMOCRATIC","0"
"81","0","ROCK ISLAND","390","ERIC SORENSEN","410","17TH CONGRESS","HAMPTON 17","1003","11","DEMOCRATIC","56"
"81","0","ROCK ISLAND","0","Under Votes","410","17TH CONGRESS","HAMPTON 17","1003","11","DEMOCRATIC","0"
"81","0","ROCK ISLAND","0","Blank Ballots","410","17TH CONGRESS","HAMPTON 17","1003","11","DEMOCRATIC","4"
"81","0","ROCK ISLAND","0","Under Votes","410","17TH CONGRESS","SO MOLINE 19","898","11","DEMOCRATIC","0"
"81","0","ROCK ISLAND","0","Over Votes","410","17TH CONGRESS","SO MOLINE 19","898","11","DEMOCRATIC","0"
"81","0","ROCK ISLAND","390","ERIC SORENSEN","410","17TH CONGRESS","SO MOLINE 19","898","11","DEMOCRATIC","41"
"81","0","ROCK ISLAND","0","Blank Ballots","410","17TH CONGRESS","SO MOLINE 19","898","11","DEMOCRATIC","1"
"81","0","ROCK ISLAND","0","Under Votes","410","17TH CONGRESS","SO MOLINE 22","811","11","DEMOCRATIC","0"
"81","0","ROCK ISLAND","0","Over Votes","410","17TH CONGRESS","SO MOLINE 22","811","11","DEMOCRATIC","0"
"81","0","ROCK ISLAND","390","ERIC SORENSEN","410","17TH CONGRESS","SO MOLINE 22","811","11","DEMOCRATIC","63"
"81","0","ROCK ISLAND","0","Blank Ballots","410","17TH CONGRESS","SO MOLINE 22","811","11","DEMOCRATIC","2"
"81","0","ROCK ISLAND","0","Over Votes","410","17TH CONGRESS","SO MOLINE 25","452","11","DEMOCRATIC","0"
"81","0","ROCK ISLAND","390","ERIC SORENSEN","410","17TH CONGRESS","SO MOLINE 25","452","11","DEMOCRATIC","40"
"81","0","ROCK ISLAND","0","Blank Ballots","410","17TH CONGRESS","SO MOLINE 25","452","11","DEMOCRATIC","0"
"81","0","ROCK ISLAND","0","Under Votes","410","17TH CONGRESS","SO MOLINE 25","452","11","DEMOCRATIC","0"
"81","0","ROCK ISLAND","0","Under Votes","410","17TH CONGRESS","SO MOLINE 28","803","11","DEMOCRATIC","0"
"81","0","ROCK ISLAND","0","Over Votes","410","17TH CONGRESS","SO MOLINE 28","803","11","DEMOCRATIC","0"
"81","0","ROCK ISLAND","390","ERIC SORENSEN","410","17TH CONGRESS","SO MOLINE 28","803","11","DEMOCRATIC","56"
"81","0","ROCK ISLAND","0","Blank Ballots","410","17TH CONGRESS","SO MOLINE 28","803","11","DEMOCRATIC","2"
"81","0","ROCK ISLAND","0","Under Votes","410","17TH CONGRESS","MOLINE 2","704","11","DEMOCRATIC","0"
"81","0","ROCK ISLAND","0","Over Votes","410","17TH CONGRESS","MOLINE 2","704","11","DEMOCRATIC","0"
"81","0","ROCK ISLAND","390","ERIC SORENSEN","410","17TH CONGRESS","MOLINE 2","704","11","DEMOCRATIC","30"
"81","0","ROCK ISLAND","0","Blank Ballots","410","17TH CONGRESS","MOLINE 2","704","11","DEMOCRATIC","8"
"81","0","ROCK ISLAND","0","Under Votes","410","17TH CONGRESS","MOLINE 5","734","11","DEMOCRATIC","0"
"81","0","ROCK ISLAND","0","Over Votes","410","17TH CONGRESS","MOLINE 5","734","11","DEMOCRATIC","0"
"81","0","ROCK ISLAND","390","ERIC SORENSEN","410","17TH CONGRESS","MOLINE 5","734","11","DEMOCRATIC","62"
"81","0","ROCK ISLAND","0","Blank Ballots","410","17TH CONGRESS","MOLINE 5","734","11","DEMOCRATIC","1"
"81","0","ROCK ISLAND","0","Under Votes","410","17TH CONGRESS","ROCK ISLAND 5","653","11","DEMOCRATIC","0"
"81","0","ROCK ISLAND","0","Over Votes","410","17TH CONGRESS","ROCK ISLAND 5","653","11","DEMOCRATIC","0"
"81","0","ROCK ISLAND","390","ERIC SORENSEN","410","17TH CONGRESS","ROCK ISLAND 5","653","11","DEMOCRATIC","26"
"81","0","ROCK ISLAND","0","Blank Ballots","410","17TH CONGRESS","ROCK ISLAND 5","653","11","DEMOCRATIC","2"
"81","0","ROCK ISLAND","0","Under Votes","410","17TH CONGRESS","ROCK ISLAND 8","355","11","DEMOCRATIC","0"
"81","0","ROCK ISLAND","0","Over Votes","410","17TH CONGRESS","ROCK ISLAND 8","355","11","DEMOCRATIC","0"
"81","0","ROCK ISLAND","390","ERIC SORENSEN","410","17TH CONGRESS","ROCK ISLAND 8","355","11","DEMOCRATIC","30"
"81","0","ROCK ISLAND","0","Blank Ballots","410","17TH CONGRESS","ROCK ISLAND 8","355","11","DEMOCRATIC","2"
"81","0","ROCK ISLAND","0","Under Votes","410","17TH CONGRESS","ROCK ISLAND 11","184","11","DEMOCRATIC","0"
"81","0","ROCK ISLAND","0","Under Votes","410","17TH CONGRESS","HAMPTON 12","794","11","DEMOCRATIC","0"
"81","0","ROCK ISLAND","0","Blank Ballots","410","17TH CONGRESS","HAMPTON 15","834","11","DEMOCRATIC","3"
"81","0","ROCK ISLAND","0","Over Votes","410","17TH CONGRESS","HAMPTON 15","834","11","DEMOCRATIC","0"
"81","0","ROCK ISLAND","390","ERIC SORENSEN","410","17TH CONGRESS","HAMPTON 15","834","11","DEMOCRATIC","73"
"81","0","ROCK ISLAND","0","Under Votes","410","17TH CONGRESS","HAMPTON 15","834","11","DEMOCRATIC","0"
"81","0","ROCK ISLAND","0","Over Votes","410","17TH CONGRESS","SO MOLINE 1","665","11","DEMOCRATIC","0"
"81","0","ROCK ISLAND","390","ERIC SORENSEN","410","17TH CONGRESS","SO MOLINE 1","665","11","DEMOCRATIC","44"
"81","0","ROCK ISLAND","0","Under Votes","410","17TH CONGRESS","SO MOLINE 1","665","11","DEMOCRATIC","0"
"81","0","ROCK ISLAND","0","Blank Ballots","410","17TH CONGRESS","SO MOLINE 1","665","11","DEMOCRATIC","1"
"81","0","ROCK ISLAND","0","Over Votes","410","17TH CONGRESS","SO MOLINE 4","1385","11","DEMOCRATIC","0"
"81","0","ROCK ISLAND","0","Blank Ballots","410","17TH CONGRESS","SO MOLINE 4","1385","11","DEMOCRATIC","6"
"81","0","ROCK ISLAND","390","ERIC SORENSEN","410","17TH CONGRESS","SO MOLINE 4","1385","11","DEMOCRATIC","109"
"98","0","WHITESIDE","395","SCOTT ALAN CROWL","410","17TH CONGRESS","PROPHETSTOWN 1","721","12","REPUBLICAN","30"
"98","0","WHITESIDE","400","JOE McGRAW","410","17TH CONGRESS","PROPHETSTOWN 1","721","12","REPUBLICAN","62"
"98","0","WHITESIDE","395","SCOTT ALAN CROWL","410","17TH CONGRESS","STERLING 5","393","12","REPUBLICAN","6"
"98","0","WHITESIDE","400","JOE McGRAW","410","17TH CONGRESS","STERLING 5","393","12","REPUBLICAN","15"
"98","0","WHITESIDE","0","Under Votes","410","17TH CONGRESS","STERLING 5","393","12","REPUBLICAN","3"
"98","0","WHITESIDE","0","Blank Ballots","410","17TH CONGRESS","STERLING 5","393","12","REPUBLICAN","0"
"98","0","WHITESIDE","0","Over Votes","410","17TH CONGRESS","STERLING 5","393","12","REPUBLICAN","0"
"48","0","KNOX","0","Over Votes","410","17TH CONGRESS","HAW CREEK","279","12","REPUBLICAN","0"
"48","0","KNOX","400","JOE McGRAW","410","17TH CONGRESS","HAW CREEK","279","12","REPUBLICAN","21"
"48","0","KNOX","395","SCOTT ALAN CROWL","410","17TH CONGRESS","HAW CREEK","279","12","REPUBLICAN","14"
"48","0","KNOX","0","Under Votes","410","17TH CONGRESS","LYNN","187","12","REPUBLICAN","0"
"48","0","KNOX","0","Blank Ballots","410","17TH CONGRESS","LYNN","187","12","REPUBLICAN","2"
"48","0","KNOX","0","Over Votes","410","17TH CONGRESS","LYNN","187","12","REPUBLICAN","0"
"48","0","KNOX","400","JOE McGRAW","410","17TH CONGRESS","LYNN","187","12","REPUBLICAN","16"
"48","0","KNOX","395","SCOTT ALAN CROWL","410","17TH CONGRESS","LYNN","187","12","REPUBLICAN","6"
"48","0","KNOX","400","JOE McGRAW","410","17TH CONGRESS","SPARTA","742","12","REPUBLICAN","50"
"48","0","KNOX","395","SCOTT ALAN CROWL","410","17TH CONGRESS","SPARTA","742","12","REPUBLICAN","34"
"48","0","KNOX","0","Under Votes","410","17TH CONGRESS","SPARTA","742","12","REPUBLICAN","0"
"48","0","KNOX","0","Blank Ballots","410","17TH CONGRESS","SPARTA","742","12","REPUBLICAN","3"
"48","0","KNOX","0","Over Votes","410","17TH CONGRESS","SPARTA","742","12","REPUBLICAN","0"
"48","0","KNOX","0","Under Votes","410","17TH CONGRESS","VICTORIA","260","12","REPUBLICAN","0"
"48","0","KNOX","0","Blank Ballots","410","17TH CONGRESS","VICTORIA","260","12","REPUBLICAN","2"
"48","0","KNOX","0","Over Votes","410","17TH CONGRESS","VICTORIA","260","12","REPUBLICAN","0"
"48","0","KNOX","400","JOE McGRAW","410","17TH CONGRESS","VICTORIA","260","12","REPUBLICAN","15"
"48","0","KNOX","395","SCOTT ALAN CROWL","410","17TH CONGRESS","VICTORIA","260","12","REPUBLICAN","8"
"48","0","KNOX","0","Blank Ballots","410","17TH CONGRESS","CHESTNUT","181","12","REPUBLICAN","4"
"48","0","KNOX","0","Over Votes","410","17TH CONGRESS","CHESTNUT","181","12","REPUBLICAN","0"
"48","0","KNOX","400","JOE McGRAW","410","17TH CONGRESS","CHESTNUT","181","12","REPUBLICAN","14"
"48","0","KNOX","395","SCOTT ALAN CROWL","410","17TH CONGRESS","CHESTNUT","181","12","REPUBLICAN","12"
"48","0","KNOX","0","Under Votes","410","17TH CONGRESS","CHESTNUT","181","12","REPUBLICAN","0"
"48","0","KNOX","0","Over Votes","410","17TH CONGRESS","ELBA","201","12","REPUBLICAN","0"
"48","0","KNOX","400","JOE McGRAW","410","17TH CONGRESS","ELBA","201","12","REPUBLICAN","23"
"48","0","KNOX","395","SCOTT ALAN CROWL","410","17TH CONGRESS","ELBA","201","12","REPUBLICAN","8"
"48","0","KNOX","0","Under Votes","410","17TH CONGRESS","ELBA","201","12","REPUBLICAN","0"
"48","0","KNOX","0","Blank Ballots","410","17TH CONGRESS","ELBA","201","12","REPUBLICAN","0"
"48","0","KNOX","0","Blank Ballots","410","17TH CONGRESS","KNOX FOURTH","490","12","REPUBLICAN","8"
"48","0","KNOX","0","Over Votes","410","17TH CONGRESS","KNOX FOURTH","490","12","REPUBLICAN","0"
"48","0","KNOX","400","JOE McGRAW","410","17TH CONGRESS","KNOX FOURTH","490","12","REPUBLICAN","10"
"48","0","KNOX","395","SCOTT ALAN CROWL","410","17TH CONGRESS","KNOX FOURTH","490","12","REPUBLICAN","5"
"48","0","KNOX","0","Under Votes","410","17TH CONGRESS","KNOX FOURTH","490","12","REPUBLICAN","0"
"48","0","KNOX","0","Under Votes","410","17TH CONGRESS","KNOX SIX","904","12","REPUBLICAN","0"
"48","0","KNOX","0","Blank Ballots","410","17TH CONGRESS","KNOX SIX","904","12","REPUBLICAN","8"
"48","0","KNOX","0","Over Votes","410","17TH CONGRESS","KNOX SIX","904","12","REPUBLICAN","0"
"48","0","KNOX","400","JOE McGRAW","410","17TH CONGRESS","KNOX SIX","904","12","REPUBLICAN","56"
"48","0","KNOX","395","SCOTT ALAN CROWL","410","17TH CONGRESS","KNOX SIX","904","12","REPUBLICAN","52"
"48","0","KNOX","0","Blank Ballots","410","17TH CONGRESS","RIO TWP","371","12","REPUBLICAN","7"
"48","0","KNOX","0","Over Votes","410","17TH CONGRESS","RIO TWP","371","12","REPUBLICAN","0"
"48","0","KNOX","400","JOE McGRAW","410","17TH CONGRESS","RIO TWP","371","12","REPUBLICAN","39"
"48","0","KNOX","395","SCOTT ALAN CROWL","410","17TH CONGRESS","RIO TWP","371","12","REPUBLICAN","18"
"48","0","KNOX","0","Under Votes","410","17TH CONGRESS","RIO TWP","371","12","REPUBLICAN","0"
"48","0","KNOX","0","Under Votes","410","17TH CONGRESS","CEDAR FOURTH","555","12","REPUBLICAN","0"
"48","0","KNOX","0","Blank Ballots","410","17TH CONGRESS","CEDAR FOURTH","555","12","REPUBLICAN","2"
"48","0","KNOX","0","Over Votes","410","17TH CONGRESS","CEDAR FOURTH","555","12","REPUBLICAN","0"
"48","0","KNOX","0","Under Votes","410","17TH CONGRESS","HAW CREEK","279","12","REPUBLICAN","0"
"48","0","KNOX","0","Blank Ballots","410","17TH CONGRESS","HAW CREEK","279","12","REPUBLICAN","1"
"48","0","KNOX","0","Under Votes","410","17TH CONGRESS","COPLEY","315","12","REPUBLICAN","0"
"48","0","KNOX","0","Blank Ballots","410","17TH CONGRESS","COPLEY","315","12","REPUBLICAN","4"
"48","0","KNOX","0","Over Votes","410","17TH CONGRESS","COPLEY","315","12","REPUBLICAN","0"
"48","0","KNOX","400","JOE McGRAW","410","17TH CONGRESS","COPLEY","315","12","REPUBLICAN","26"
"48","0","KNOX","395","SCOTT ALAN CROWL","410","17TH CONGRESS","COPLEY","315","12","REPUBLICAN","10"
"48","0","KNOX","0","Over Votes","410","17TH CONGRESS","KNOX SECOND","526","12","REPUBLICAN","0"
"48","0","KNOX","400","JOE McGRAW","410","17TH CONGRESS","KNOX SECOND","526","12","REPUBLICAN","25"
"48","0","KNOX","395","SCOTT ALAN CROWL","410","17TH CONGRESS","KNOX SECOND","526","12","REPUBLICAN","14"
"48","0","KNOX","0","Under Votes","410","17TH CONGRESS","KNOX SECOND","526","12","REPUBLICAN","0"
"48","0","KNOX","0","Blank Ballots","410","17TH CONGRESS","KNOX SECOND","526","12","REPUBLICAN","4"
"48","0","KNOX","0","Blank Ballots","410","17TH CONGRESS","SALEM","684","12","REPUBLICAN","3"
"48","0","KNOX","0","Over Votes","410","17TH CONGRESS","SALEM","684","12","REPUBLICAN","0"
"48","0","KNOX","400","JOE McGRAW","410","17TH CONGRESS","SALEM","684","12","REPUBLICAN","34"
"48","0","KNOX","395","SCOTT ALAN CROWL","410","17TH CONGRESS","SALEM","684","12","REPUBLICAN","23"
"48","0","KNOX","0","Under Votes","410","17TH CONGRESS","SALEM","684","12","REPUBLICAN","0"
"48","0","KNOX","400","JOE McGRAW","410","17TH CONGRESS","CEDAR FOURTH","555","12","REPUBLICAN","23"
"48","0","KNOX","395","SCOTT ALAN CROWL","410","17TH CONGRESS","CEDAR FOURTH","555","12","REPUBLICAN","12"
"48","0","KNOX","0","Under Votes","410","17TH CONGRESS","INDIAN POINT","924","12","REPUBLICAN","0"
"48","0","KNOX","0","Blank Ballots","410","17TH CONGRESS","INDIAN POINT","924","12","REPUBLICAN","9"
"48","0","KNOX","0","Over Votes","410","17TH CONGRESS","INDIAN POINT","924","12","REPUBLICAN","0"
"48","0","KNOX","400","JOE McGRAW","410","17TH CONGRESS","INDIAN POINT","924","12","REPUBLICAN","49"
"48","0","KNOX","395","SCOTT ALAN CROWL","410","17TH CONGRESS","INDIAN POINT","924","12","REPUBLICAN","24"
"48","0","KNOX","0","Under Votes","410","17TH CONGRESS","ONTARIO","625","12","REPUBLICAN","0"
"48","0","KNOX","0","Blank Ballots","410","17TH CONGRESS","ONTARIO","625","12","REPUBLICAN","7"
"48","0","KNOX","0","Over Votes","410","17TH CONGRESS","ONTARIO","625","12","REPUBLICAN","0"
"48","0","KNOX","400","JOE McGRAW","410","17TH CONGRESS","ONTARIO","625","12","REPUBLICAN","54"
"48","0","KNOX","395","SCOTT ALAN CROWL","410","17TH CONGRESS","ONTARIO","625","12","REPUBLICAN","30"
"48","0","KNOX","0","Under Votes","410","17TH CONGRESS","GALESBURG","278","12","REPUBLICAN","0"
"48","0","KNOX","0","Blank Ballots","410","17TH CONGRESS","GALESBURG","278","12","REPUBLICAN","3"
"48","0","KNOX","0","Over Votes","410","17TH CONGRESS","GALESBURG","278","12","REPUBLICAN","0"
"48","0","KNOX","400","JOE McGRAW","410","17TH CONGRESS","GALESBURG","278","12","REPUBLICAN","20"
"48","0","KNOX","395","SCOTT ALAN CROWL","410","17TH CONGRESS","GALESBURG","278","12","REPUBLICAN","10"
"48","0","KNOX","0","Blank Ballots","410","17TH CONGRESS","KNOX THIRD","611","12","REPUBLICAN","1"
"29","0","FULTON","0","Under Votes","410","17TH CONGRESS","CANTON 14-F17","0","11","DEMOCRATIC PARTY","0"
"29","0","FULTON","390","ERIC SORENSEN","410","17TH CONGRESS","CANTON 14-F17","0","11","DEMOCRATIC PARTY","0"
"29","0","FULTON","0","Over Votes","410","17TH CONGRESS","CASS-F17","0","11","DEMOCRATIC PARTY","0"
"29","0","FULTON","0","Under Votes","410","17TH CONGRESS","CASS-F17","0","11","DEMOCRATIC PARTY","0"
"29","0","FULTON","390","ERIC SORENSEN","410","17TH CONGRESS","CASS-F17","0","11","DEMOCRATIC PARTY","0"
"29","0","FULTON","0","Over Votes","410","17TH CONGRESS","YOUNG HICKORY-F17","0","11","DEMOCRATIC PARTY","0"
"29","0","FULTON","0","Under Votes","410","17TH CONGRESS","YOUNG HICKORY-F17","0","11","DEMOCRATIC PARTY","0"
"29","0","FULTON","390","ERIC SORENSEN","410","17TH CONGRESS","YOUNG HICKORY-F17","0","11","DEMOCRATIC PARTY","0"
"29","0","FULTON","0","Over Votes","410","17TH CONGRESS","CANTON 11-20","0","11","DEMOCRATIC PARTY","0"
"29","0","FULTON","0","Under Votes","410","17TH CONGRESS","CANTON 11-20","0","11","DEMOCRATIC PARTY","0"
"29","0","FULTON","390","ERIC SORENSEN","410","17TH CONGRESS","CANTON 11-20","0","11","DEMOCRATIC PARTY","17"
"29","0","FULTON","0","Over Votes","410","17TH CONGRESS","CANTON 14-23","0","11","DEMOCRATIC PARTY","0"
"29","0","FULTON","0","Under Votes","410","17TH CONGRESS","CANTON 14-23","0","11","DEMOCRATIC PARTY","10"
"29","0","FULTON","390","ERIC SORENSEN","410","17TH CONGRESS","CANTON 14-23","0","11","DEMOCRATIC PARTY","47"
"29","0","FULTON","390","ERIC SORENSEN","410","17TH CONGRESS","CASS-28","0","11","DEMOCRATIC PARTY","22"
"29","0","FULTON","0","Over Votes","410","17TH CONGRESS","CASS-28","0","11","DEMOCRATIC PARTY","0"
"29","0","FULTON","0","Under Votes","410","17TH CONGRESS","CASS-28","0","11","DEMOCRATIC PARTY","0"
"29","0","FULTON","0","Over Votes","410","17TH CONGRESS","FAIRVIEW-4","0","11","DEMOCRATIC PARTY","0"
"29","0","FULTON","0","Under Votes","410","17TH CONGRESS","FAIRVIEW-4","0","11","DEMOCRATIC PARTY","6"
"29","0","FULTON","390","ERIC SORENSEN","410","17TH CONGRESS","FAIRVIEW-4","0","11","DEMOCRATIC PARTY","20"
"29","0","FULTON","0","Over Votes","410","17TH CONGRESS","CANTON  2-F17","0","11","DEMOCRATIC PARTY","0"
"29","0","FULTON","0","Under Votes","410","17TH CONGRESS","CANTON  2-F17","0","11","DEMOCRATIC PARTY","0"
"29","0","FULTON","390","ERIC SORENSEN","410","17TH CONGRESS","CANTON  2-F17","0","11","DEMOCRATIC PARTY","0"
"29","0","FULTON","0","Over Votes","410","17TH CONGRESS","CANTON  5-F17","0","11","DEMOCRATIC PARTY","0"
"29","0","FULTON","0","Under Votes","410","17TH CONGRESS","CANTON  5-F17","0","11","DEMOCRATIC PARTY","0"
"29","0","FULTON","390","ERIC SORENSEN","410","17TH CONGRESS","CANTON  5-F17","0","11","DEMOCRATIC PARTY","0"
"29","0","FULTON","0","Over Votes","410","17TH CONGRESS","CANTON  8-F17","0","11","DEMOCRATIC PARTY","0"
"29","0","FULTON","0","Under Votes","410","17TH CONGRESS","CANTON  8-F17","0","11","DEMOCRATIC PARTY","0"
"29","0","FULTON","390","ERIC SORENSEN","410","17TH CONGRESS","CANTON  8-F17","0","11","DEMOCRATIC PARTY","0"
"29","0","FULTON","0","Over Votes","410","17TH CONGRESS","LEE TWP-F17","0","11","DEMOCRATIC PARTY","0"
"29","0","FULTON","0","Under Votes","410","17TH CONGRESS","LEE TWP-F17","0","11","DEMOCRATIC PARTY","0"
"29","0","FULTON","390","ERIC SORENSEN","410","17TH CONGRESS","LEE TWP-F17","0","11","DEMOCRATIC PARTY","0"
"62","0","McDONOUGH","0","Under Votes","410","17TH CONGRESS","MACOMB CITY 2-16","0","12","REPUBLICAN PARTY","14"
"62","0","McDONOUGH","400","JOE McGRAW","410","17TH CONGRESS","MACOMB CITY 2-16","0","12","REPUBLICAN PARTY","43"
"62","0","McDONOUGH","395","SCOTT ALAN CROWL","410","17TH CONGRESS","MACOMB CITY 2-16","0","12","REPUBLICAN PARTY","26"
"62","0","McDONOUGH","0","Over Votes","410","17TH CONGRESS","MACOMB CITY 2-16","0","12","REPUBLICAN PARTY","0"
"62","0","McDONOUGH","0","Under Votes","410","17TH CONGRESS","MACOMB CITY 5-19","0","12","REPUBLICAN PARTY","5"
"62","0","McDONOUGH","400","JOE McGRAW","410","17TH CONGRESS","MACOMB CITY 5-19","0","12","REPUBLICAN PARTY","24"
"62","0","McDONOUGH","395","SCOTT ALAN CROWL","410","17TH CONGRESS","MACOMB CITY 5-19","0","12","REPUBLICAN PARTY","17"
"62","0","McDONOUGH","0","Over Votes","410","17TH CONGRESS","MACOMB CITY 5-19","0","12","REPUBLICAN PARTY","0"
"62","0","McDONOUGH","0","Under Votes","410","17TH CONGRESS","MOUND-28","0","12","REPUBLICAN PARTY","3"
"62","0","McDONOUGH","400","JOE McGRAW","410","17TH CONGRESS","MOUND-28","0","12","REPUBLICAN PARTY","23"
"62","0","McDONOUGH","395","SCOTT ALAN CROWL","410","17TH CONGRESS","MOUND-28","0","12","REPUBLICAN PARTY","10"
"62","0","McDONOUGH","0","Over Votes","410","17TH CONGRESS","MOUND-28","0","12","REPUBLICAN PARTY","0"
"62","0","McDONOUGH","0","Under Votes","410","17TH CONGRESS","MACOMB CITY #2-F17","0","12","REPUBLICAN PARTY","0"
"62","0","McDONOUGH","400","JOE McGRAW","410","17TH CONGRESS","MACOMB CITY #2-F17","0","12","REPUBLICAN PARTY","0"
"62","0","McDONOUGH","395","SCOTT ALAN CROWL","410","17TH CONGRESS","MACOMB CITY #2-F17","0","12","REPUBLICAN PARTY","0"
"62","0","McDONOUGH","0","Over Votes","410","17TH CONGRESS","MACOMB CITY #2-F17","0","12","REPUBLICAN PARTY","0"
"62","0","McDONOUGH","0","Over Votes","410","17TH CONGRESS","MACOMB CITY #5-F17","0","12","REPUBLICAN PARTY","0"
"62","0","McDONOUGH","0","Under Votes","410","17TH CONGRESS","MACOMB CITY #5-F17","0","12","REPUBLICAN PARTY","0"
"62","0","McDONOUGH","400","JOE McGRAW","410","17TH CONGRESS","MACOMB CITY #5-F17","0","12","REPUBLICAN PARTY","0"
"62","0","McDONOUGH","395","SCOTT ALAN CROWL","410","17TH CONGRESS","MACOMB CITY #5-F17","0","12","REPUBLICAN PARTY","0"
"62","0","McDONOUGH","0","Under Votes","410","17TH CONGRESS","MACOMB CITY #7-F17","0","12","REPUBLICAN PARTY","0"
"62","0","McDONOUGH","400","JOE McGRAW","410","17TH CONGRESS","MACOMB CITY #7-F17","0","12","REPUBLICAN PARTY","0"
"62","0","McDONOUGH","395","SCOTT ALAN CROWL","410","17TH CONGRESS","MACOMB CITY #7-F17","0","12","REPUBLICAN PARTY","0"
"62","0","McDONOUGH","0","Over Votes","410","17TH CONGRESS","MACOMB CITY #7-F17","0","12","REPUBLICAN PARTY","0"
"62","0","McDONOUGH","0","Under Votes","410","17TH CONGRESS","MACOMB CITY 1-14","0","12","REPUBLICAN PARTY","3"
"62","0","McDONOUGH","400","JOE McGRAW","410","17TH CONGRESS","MACOMB CITY 1-14","0","12","REPUBLICAN PARTY","36"
"62","0","McDONOUGH","395","SCOTT ALAN CROWL","410","17TH CONGRESS","MACOMB CITY 1-14","0","12","REPUBLICAN PARTY","17"
"62","0","McDONOUGH","0","Over Votes","410","17TH CONGRESS","MACOMB CITY 1-14","0","12","REPUBLICAN PARTY","0"
"62","0","McDONOUGH","0","Under Votes","410","17TH CONGRESS","MACOMB CITY 3-17","0","12","REPUBLICAN PARTY","7"
"62","0","McDONOUGH","400","JOE McGRAW","410","17TH CONGRESS","MACOMB CITY 3-17","0","12","REPUBLICAN PARTY","32"
"62","0","McDONOUGH","395","SCOTT ALAN CROWL","410","17TH CONGRESS","MACOMB CITY 3-17","0","12","REPUBLICAN PARTY","26"
"62","0","McDONOUGH","0","Over Votes","410","17TH CONGRESS","MACOMB CITY 3-17","0","12","REPUBLICAN PARTY","0"
"62","0","McDONOUGH","0","Under Votes","410","17TH CONGRESS","MACOMB CITY 5-20","0","12","REPUBLICAN PARTY","1"
"62","0","McDONOUGH","400","JOE McGRAW","410","17TH CONGRESS","MACOMB CITY 5-20","0","12","REPUBLICAN PARTY","1"
"62","0","McDONOUGH","395","SCOTT ALAN CROWL","410","17TH CONGRESS","MACOMB CITY 5-20","0","12","REPUBLICAN PARTY","3"
"62","0","McDONOUGH","0","Over Votes","410","17TH CONGRESS","MACOMB CITY 5-20","0","12","REPUBLICAN PARTY","0"
"62","0","McDONOUGH","395","SCOTT ALAN CROWL","410","17TH CONGRESS","MACOMB CITY 7-23","0","12","REPUBLICAN PARTY","25"
"62","0","McDONOUGH","0","Over Votes","410","17TH CONGRESS","MACOMB CITY 7-23","0","12","REPUBLICAN PARTY","0"
"62","0","McDONOUGH","0","Under Votes","410","17TH CONGRESS","MACOMB CITY 7-23","0","12","REPUBLICAN PARTY","17"
"62","0","McDONOUGH","400","JOE McGRAW","410","17TH CONGRESS","MACOMB CITY 7-23","0","12","REPUBLICAN PARTY","38"
"62","0","McDONOUGH","0","Under Votes","410","17TH CONGRESS","MACOMB CITY #1-F17","0","12","REPUBLICAN PARTY","0"
"62","0","McDONOUGH","400","JOE McGRAW","410","17TH CONGRESS","MACOMB CITY #1-F17","0","12","REPUBLICAN PARTY","0"
"62","0","McDONOUGH","395","SCOTT ALAN CROWL","410","17TH CONGRESS","MACOMB CITY #1-F17","0","12","REPUBLICAN PARTY","0"
"62","0","McDONOUGH","0","Over Votes","410","17TH CONGRESS","MACOMB CITY #1-F17","0","12","REPUBLICAN PARTY","0"
"29","0","FULTON","0","Under Votes","410","17TH CONGRESS","CANTON 14-F17","0","12","REPUBLICAN PARTY","0"
"29","0","FULTON","400","JOE McGRAW","410","17TH CONGRESS","CANTON 14-F17","0","12","REPUBLICAN PARTY","0"
"29","0","FULTON","0","Over Votes","410","17TH CONGRESS","CASS-F17","0","12","REPUBLICAN PARTY","0"
"29","0","FULTON","395","SCOTT ALAN CROWL","410","17TH CONGRESS","CASS-F17","0","12","REPUBLICAN PARTY","0"
"29","0","FULTON","0","Under Votes","410","17TH CONGRESS","CASS-F17","0","12","REPUBLICAN PARTY","0"
"29","0","FULTON","400","JOE McGRAW","410","17TH CONGRESS","CASS-F17","0","12","REPUBLICAN PARTY","0"
"29","0","FULTON","395","SCOTT ALAN CROWL","410","17TH CONGRESS","YOUNG HICKORY-F17","0","12","REPUBLICAN PARTY","0"
"29","0","FULTON","0","Over Votes","410","17TH CONGRESS","YOUNG HICKORY-F17","0","12","REPUBLICAN PARTY","0"
"29","0","FULTON","400","JOE McGRAW","410","17TH CONGRESS","CANTON 11-20","0","12","REPUBLICAN PARTY","7"
"29","0","FULTON","0","Over Votes","410","17TH CONGRESS","CANTON 11-20","0","12","REPUBLICAN PARTY","0"
"29","0","FULTON","395","SCOTT ALAN CROWL","410","17TH CONGRESS","CANTON 11-20","0","12","REPUBLICAN PARTY","4"
"29","0","FULTON","0","Under Votes","410","17TH CONGRESS","CANTON 11-20","0","12","REPUBLICAN PARTY","1"
"29","0","FULTON","395","SCOTT ALAN CROWL","410","17TH CONGRESS","CANTON 14-23","0","12","REPUBLICAN PARTY","18"
"29","0","FULTON","400","JOE McGRAW","410","17TH CONGRESS","CANTON 14-23","0","12","REPUBLICAN PARTY","28"
"29","0","FULTON","0","Over Votes","410","17TH CONGRESS","CANTON 14-23","0","12","REPUBLICAN PARTY","0"
"29","0","FULTON","0","Under Votes","410","17TH CONGRESS","CANTON 14-23","0","12","REPUBLICAN PARTY","10"
"29","0","FULTON","395","SCOTT ALAN CROWL","410","17TH CONGRESS","CASS-28","0","12","REPUBLICAN PARTY","12"
"29","0","FULTON","400","JOE McGRAW","410","17TH CONGRESS","CASS-28","0","12","REPUBLICAN PARTY","17"
"29","0","FULTON","0","Over Votes","410","17TH CONGRESS","CASS-28","0","12","REPUBLICAN PARTY","0"
"29","0","FULTON","0","Under Votes","410","17TH CONGRESS","CASS-28","0","12","REPUBLICAN PARTY","1"
"29","0","FULTON","395","SCOTT ALAN CROWL","410","17TH CONGRESS","FAIRVIEW-4","0","12","REPUBLICAN PARTY","30"
"29","0","FULTON","0","Over Votes","410","17TH CONGRESS","FAIRVIEW-4","0","12","REPUBLICAN PARTY","0"
"29","0","FULTON","0","Under Votes","410","17TH CONGRESS","FAIRVIEW-4","0","12","REPUBLICAN PARTY","8"
"29","0","FULTON","400","JOE McGRAW","410","17TH CONGRESS","FAIRVIEW-4","0","12","REPUBLICAN PARTY","28"
"29","0","FULTON","395","SCOTT ALAN CROWL","410","17TH CONGRESS","CANTON  2-F17","0","12","REPUBLICAN PARTY","0"
"29","0","FULTON","400","JOE McGRAW","410","17TH CONGRESS","CANTON  2-F17","0","12","REPUBLICAN PARTY","0"
"29","0","FULTON","0","Over Votes","410","17TH CONGRESS","CANTON  2-F17","0","12","REPUBLICAN PARTY","0"
"29","0","FULTON","0","Under Votes","410","17TH CONGRESS","CANTON  2-F17","0","12","REPUBLICAN PARTY","0"
"29","0","FULTON","395","SCOTT ALAN CROWL","410","17TH CONGRESS","CANTON  5-F17","0","12","REPUBLICAN PARTY","0"
"29","0","FULTON","395","SCOTT ALAN CROWL","410","17TH CONGRESS","ELLISVILLE-2","0","12","REPUBLICAN PARTY","7"
"29","0","FULTON","400","JOE McGRAW","410","17TH CONGRESS","ELLISVILLE-2","0","12","REPUBLICAN PARTY","16"
"29","0","FULTON","0","Over Votes","410","17TH CONGRESS","ELLISVILLE-2","0","12","REPUBLICAN PARTY","0"
"29","0","FULTON","0","Under Votes","410","17TH CONGRESS","ELLISVILLE-2","0","12","REPUBLICAN PARTY","1"
"29","0","FULTON","395","SCOTT ALAN CROWL","410","17TH CONGRESS","FARMINGTON 1-5","0","12","REPUBLICAN PARTY","32"
"29","0","FULTON","400","JOE McGRAW","410","17TH CONGRESS","FARMINGTON 1-5","0","12","REPUBLICAN PARTY","45"
"29","0","FULTON","0","Over Votes","410","17TH CONGRESS","FARMINGTON 1-5","0","12","REPUBLICAN PARTY","0"
"29","0","FULTON","0","Under Votes","410","17TH CONGRESS","FARMINGTON 1-5","0","12","REPUBLICAN PARTY","8"
"29","0","FULTON","395","SCOTT ALAN CROWL","410","17TH CONGRESS","LEE TWP-7","0","12","REPUBLICAN PARTY","4"
"29","0","FULTON","400","JOE McGRAW","410","17TH CONGRESS","LEE TWP-7","0","12","REPUBLICAN PARTY","9"
"48","0","KNOX","0","Over Votes","410","17TH CONGRESS","KNOX THIRD","611","12","REPUBLICAN","0"
"48","0","KNOX","400","JOE McGRAW","410","17TH CONGRESS","KNOX THIRD","611","12","REPUBLICAN","34"
"48","0","KNOX","395","SCOTT ALAN CROWL","410","17TH CONGRESS","KNOX THIRD","611","12","REPUBLICAN","15"
"48","0","KNOX","0","Under Votes","410","17TH CONGRESS","KNOX THIRD","611","12","REPUBLICAN","0"
"48","0","KNOX","0","Over Votes","410","17TH CONGRESS","TRURO","576","12","REPUBLICAN","0"
"48","0","KNOX","400","JOE McGRAW","410","17TH CONGRESS","TRURO","576","12","REPUBLICAN","36"
"48","0","KNOX","395","SCOTT ALAN CROWL","410","17TH CONGRESS","TRURO","576","12","REPUBLICAN","17"
"48","0","KNOX","0","Under Votes","410","17TH CONGRESS","TRURO","576","12","REPUBLICAN","0"
"48","0","KNOX","0","Blank Ballots","410","17TH CONGRESS","TRURO","576","12","REPUBLICAN","6"
"48","0","KNOX","0","Blank Ballots","410","17TH CONGRESS","KNOX FIFTH","562","12","REPUBLICAN","5"
"48","0","KNOX","0","Over Votes","410","17TH CONGRESS","KNOX FIFTH","562","12","REPUBLICAN","0"
"48","0","KNOX","400","JOE McGRAW","410","17TH CONGRESS","KNOX FIFTH","562","12","REPUBLICAN","24"
"48","0","KNOX","395","SCOTT ALAN CROWL","410","17TH CONGRESS","KNOX FIFTH","562","12","REPUBLICAN","16"
"48","0","KNOX","0","Under Votes","410","17TH CONGRESS","KNOX FIFTH","562","12","REPUBLICAN","0"
"48","0","KNOX","0","Blank Ballots","410","17TH CONGRESS","ORANGE","392","12","REPUBLICAN","6"
"48","0","KNOX","0","Over Votes","410","17TH CONGRESS","ORANGE","392","12","REPUBLICAN","0"
"48","0","KNOX","400","JOE McGRAW","410","17TH CONGRESS","ORANGE","392","12","REPUBLICAN","29"
"48","0","KNOX","395","SCOTT ALAN CROWL","410","17TH CONGRESS","ORANGE","392","12","REPUBLICAN","15"
"48","0","KNOX","0","Under Votes","410","17TH CONGRESS","ORANGE","392","12","REPUBLICAN","0"
"48","0","KNOX","0","Over Votes","410","17TH CONGRESS","CEDAR FIRST","490","12","REPUBLICAN","0"
"48","0","KNOX","400","JOE McGRAW","410","17TH CONGRESS","CEDAR FIRST","490","12","REPUBLICAN","18"
"48","0","KNOX","395","SCOTT ALAN CROWL","410","17TH CONGRESS","CEDAR FIRST","490","12","REPUBLICAN","11"
"48","0","KNOX","0","Under Votes","410","17TH CONGRESS","CEDAR FIRST","490","12","REPUBLICAN","0"
"48","0","KNOX","0","Blank Ballots","410","17TH CONGRESS","CEDAR FIRST","490","12","REPUBLICAN","1"
"48","0","KNOX","0","Blank Ballots","410","17TH CONGRESS","HENDERSON","911","12","REPUBLICAN","4"
"48","0","KNOX","0","Over Votes","410","17TH CONGRESS","HENDERSON","911","12","REPUBLICAN","0"
"48","0","KNOX","400","JOE McGRAW","410","17TH CONGRESS","HENDERSON","911","12","REPUBLICAN","59"
"48","0","KNOX","395","SCOTT ALAN CROWL","410","17TH CONGRESS","HENDERSON","911","12","REPUBLICAN","44"
"48","0","KNOX","0","Under Votes","410","17TH CONGRESS","HENDERSON","911","12","REPUBLICAN","0"
"48","0","KNOX","0","Under Votes","410","17TH CONGRESS","MAQUON","352","12","REPUBLICAN","0"
"48","0","KNOX","0","Blank Ballots","410","17TH CONGRESS","MAQUON","352","12","REPUBLICAN","5"
"48","0","KNOX","0","Over Votes","410","17TH CONGRESS","MAQUON","352","12","REPUBLICAN","0"
"48","0","KNOX","400","JOE McGRAW","410","17TH CONGRESS","MAQUON","352","12","REPUBLICAN","21"
"48","0","KNOX","395","SCOTT ALAN CROWL","410","17TH CONGRESS","MAQUON","352","12","REPUBLICAN","12"
"48","0","KNOX","0","Under Votes","410","17TH CONGRESS","WALNUT GROVE","480","12","REPUBLICAN","0"
"48","0","KNOX","0","Blank Ballots","410","17TH CONGRESS","WALNUT GROVE","480","12","REPUBLICAN","4"
"48","0","KNOX","0","Over Votes","410","17TH CONGRESS","WALNUT GROVE","480","12","REPUBLICAN","0"
"48","0","KNOX","400","JOE McGRAW","410","17TH CONGRESS","WALNUT GROVE","480","12","REPUBLICAN","37"
"48","0","KNOX","395","SCOTT ALAN CROWL","410","17TH CONGRESS","WALNUT GROVE","480","12","REPUBLICAN","23"
"48","0","KNOX","0","Under Votes","410","17TH CONGRESS","CEDAR THIRD","642","12","REPUBLICAN","0"
"48","0","KNOX","0","Blank Ballots","410","17TH CONGRESS","CEDAR THIRD","642","12","REPUBLICAN","7"
"48","0","KNOX","0","Over Votes","410","17TH CONGRESS","CEDAR THIRD","642","12","REPUBLICAN","0"
"48","0","KNOX","400","JOE McGRAW","410","17TH CONGRESS","CEDAR THIRD","642","12","REPUBLICAN","49"
"48","0","KNOX","395","SCOTT ALAN CROWL","410","17TH CONGRESS","CEDAR THIRD","642","12","REPUBLICAN","24"
"48","0","KNOX","0","Under Votes","410","17TH CONGRESS","KNOX FIRST","414","12","REPUBLICAN","0"
"48","0","KNOX","0","Blank Ballots","410","17TH CONGRESS","KNOX FIRST","414","12","REPUBLICAN","1"
"48","0","KNOX","0","Over Votes","410","17TH CONGRESS","KNOX FIRST","414","12","REPUBLICAN","0"
"48","0","KNOX","400","JOE McGRAW","410","17TH CONGRESS","KNOX FIRST","414","12","REPUBLICAN","22"
"48","0","KNOX","395","SCOTT ALAN CROWL","410","17TH CONGRESS","KNOX FIRST","414","12","REPUBLICAN","15"
"48","0","KNOX","0","Under Votes","410","17TH CONGRESS","PERSIFER","927","12","REPUBLICAN","0"
"48","0","KNOX","0","Blank Ballots","410","17TH CONGRESS","PERSIFER","927","12","REPUBLICAN","12"
"48","0","KNOX","0","Over Votes","410","17TH CONGRESS","PERSIFER","927","12","REPUBLICAN","0"
"48","0","KNOX","400","JOE McGRAW","410","17TH CONGRESS","PERSIFER","927","12","REPUBLICAN","60"
"48","0","KNOX","395","SCOTT ALAN CROWL","410","17TH CONGRESS","PERSIFER","927","12","REPUBLICAN","49"
"48","0","KNOX","0","Blank Ballots","410","17TH CONGRESS","CEDAR SECOND","518","12","REPUBLICAN","2"
"48","0","KNOX","0","Over Votes","410","17TH CONGRESS","CEDAR SECOND","518","12","REPUBLICAN","0"
"48","0","KNOX","400","JOE McGRAW","410","17TH CONGRESS","CEDAR SECOND","518","12","REPUBLICAN","20"
"48","0","KNOX","395","SCOTT ALAN CROWL","410","17TH CONGRESS","CEDAR SECOND","518","12","REPUBLICAN","21"
"48","0","KNOX","0","Under Votes","410","17TH CONGRESS","CEDAR SECOND","518","12","REPUBLICAN","0"
"104","64","CITY OF BLOOMINGTON","0","Over Votes","410","17TH CONGRESS","PRECINCT 12","1132","12","REPUBLICAN","0"
"104","64","CITY OF BLOOMINGTON","0","Under Votes","410","17TH CONGRESS","PRECINCT 12","1132","12","REPUBLICAN","4"
"104","64","CITY OF BLOOMINGTON","400","JOE McGRAW","410","17TH CONGRESS","PRECINCT 12","1132","12","REPUBLICAN","19"
"104","64","CITY OF BLOOMINGTON","395","SCOTT ALAN CROWL","410","17TH CONGRESS","PRECINCT 12","1132","12","REPUBLICAN","9"
"104","64","CITY OF BLOOMINGTON","0","Over Votes","410","17TH CONGRESS","PRECINCT 21","1095","12","REPUBLICAN","0"
"104","64","CITY OF BLOOMINGTON","0","Under Votes","410","17TH CONGRESS","PRECINCT 21","1095","12","REPUBLICAN","13"
"104","64","CITY OF BLOOMINGTON","400","JOE McGRAW","410","17TH CONGRESS","PRECINCT 21","1095","12","REPUBLICAN","72"
"104","64","CITY OF BLOOMINGTON","395","SCOTT ALAN CROWL","410","17TH CONGRESS","PRECINCT 21","1095","12","REPUBLICAN","18"
"104","64","CITY OF BLOOMINGTON","0","Over Votes","410","17TH CONGRESS","PRECINCT 4","882","12","REPUBLICAN","0"
"104","64","CITY OF BLOOMINGTON","0","Under Votes","410","17TH CONGRESS","PRECINCT 4","882","12","REPUBLICAN","2"
"104","64","CITY OF BLOOMINGTON","400","JOE McGRAW","410","17TH CONGRESS","PRECINCT 4","882","12","REPUBLICAN","18"
"104","64","CITY OF BLOOMINGTON","395","SCOTT ALAN CROWL","410","17TH CONGRESS","PRECINCT 4","882","12","REPUBLICAN","8"
"104","64","CITY OF BLOOMINGTON","0","Over Votes","410","17TH CONGRESS","PRECINCT 8","585","12","REPUBLICAN","0"
"104","64","CITY OF BLOOMINGTON","0","Under Votes","410","17TH CONGRESS","PRECINCT 8","585","12","REPUBLICAN","16"
"104","64","CITY OF BLOOMINGTON","400","JOE McGRAW","410","17TH CONGRESS","PRECINCT 8","585","12","REPUBLICAN","51"
"104","64","CITY OF BLOOMINGTON","395","SCOTT ALAN CROWL","410","17TH CONGRESS","PRECINCT 8","585","12","REPUBLICAN","24"
"104","64","CITY OF BLOOMINGTON","0","Over Votes","410","17TH CONGRESS","PRECINCT 17","994","12","REPUBLICAN","0"
"104","64","CITY OF BLOOMINGTON","0","Under Votes","410","17TH CONGRESS","PRECINCT 17","994","12","REPUBLICAN","10"
"104","64","CITY OF BLOOMINGTON","400","JOE McGRAW","410","17TH CONGRESS","PRECINCT 17","994","12","REPUBLICAN","42"
"104","64","CITY OF BLOOMINGTON","395","SCOTT ALAN CROWL","410","17TH CONGRESS","PRECINCT 17","994","12","REPUBLICAN","20"
"104","64","CITY OF BLOOMINGTON","0","Over Votes","410","17TH CONGRESS","PRECINCT 19","1163","12","REPUBLICAN","0"
"104","64","CITY OF BLOOMINGTON","0","Under Votes","410","17TH CONGRESS","PRECINCT 19","1163","12","REPUBLICAN","7"
"104","64","CITY OF BLOOMINGTON","400","JOE McGRAW","410","17TH CONGRESS","PRECINCT 19","1163","12","REPUBLICAN","54"
"104","64","CITY OF BLOOMINGTON","395","SCOTT ALAN CROWL","410","17TH CONGRESS","PRECINCT 19","1163","12","REPUBLICAN","26"
"104","64","CITY OF BLOOMINGTON","0","Over Votes","410","17TH CONGRESS","PRECINCT 20","1228","12","REPUBLICAN","0"
"104","64","CITY OF BLOOMINGTON","0","Under Votes","410","17TH CONGRESS","PRECINCT 20","1228","12","REPUBLICAN","6"
"104","64","CITY OF BLOOMINGTON","400","JOE McGRAW","410","17TH CONGRESS","PRECINCT 20","1228","12","REPUBLICAN","64"
"104","64","CITY OF BLOOMINGTON","395","SCOTT ALAN CROWL","410","17TH CONGRESS","PRECINCT 20","1228","12","REPUBLICAN","17"
"104","64","CITY OF BLOOMINGTON","400","JOE McGRAW","410","17TH CONGRESS","PRECINCT 30","351","12","REPUBLICAN","28"
"104","64","CITY OF BLOOMINGTON","395","SCOTT ALAN CROWL","410","17TH CONGRESS","PRECINCT 30","351","12","REPUBLICAN","5"
"104","64","CITY OF BLOOMINGTON","0","Over Votes","410","17TH CONGRESS","PRECINCT 30","351","12","REPUBLICAN","0"
"104","64","CITY OF BLOOMINGTON","0","Under Votes","410","17TH CONGRESS","PRECINCT 30","351","12","REPUBLICAN","6"
"104","64","CITY OF BLOOMINGTON","0","Over Votes","410","17TH CONGRESS","PRECINCT 31","1158","12","REPUBLICAN","0"
"104","64","CITY OF BLOOMINGTON","0","Under Votes","410","17TH CONGRESS","PRECINCT 31","1158","12","REPUBLICAN","5"
"104","64","CITY OF BLOOMINGTON","400","JOE McGRAW","410","17TH CONGRESS","PRECINCT 31","1158","12","REPUBLICAN","24"
"104","64","CITY OF BLOOMINGTON","395","SCOTT ALAN CROWL","410","17TH CONGRESS","PRECINCT 31","1158","12","REPUBLICAN","19"
"104","64","CITY OF BLOOMINGTON","0","Over Votes","410","17TH CONGRESS","PRECINCT 58","796","12","REPUBLICAN","0"
"104","64","CITY OF BLOOMINGTON","0","Under Votes","410","17TH CONGRESS","PRECINCT 58","796","12","REPUBLICAN","2"
"104","64","CITY OF BLOOMINGTON","400","JOE McGRAW","410","17TH CONGRESS","PRECINCT 58","796","12","REPUBLICAN","10"
"104","64","CITY OF BLOOMINGTON","395","SCOTT ALAN CROWL","410","17TH CONGRESS","PRECINCT 58","796","12","REPUBLICAN","4"
"104","64","CITY OF BLOOMINGTON","0","Over Votes","410","17TH CONGRESS","PRECINCT 9","677","12","REPUBLICAN","0"
"104","64","CITY OF BLOOMINGTON","0","Under Votes","410","17TH CONGRESS","PRECINCT 9","677","12","REPUBLICAN","3"
"104","64","CITY OF BLOOMINGTON","400","JOE McGRAW","410","17TH CONGRESS","PRECINCT 9","677","12","REPUBLICAN","14"
"104","64","CITY OF BLOOMINGTON","395","SCOTT ALAN CROWL","410","17TH CONGRESS","PRECINCT 9","677","12","REPUBLICAN","8"
"104","64","CITY OF BLOOMINGTON","0","Over Votes","410","17TH CONGRESS","PRECINCT 22","1234","12","REPUBLICAN","0"
"104","64","CITY OF BLOOMINGTON","0","Under Votes","410","17TH CONGRESS","PRECINCT 22","1234","12","REPUBLICAN","14"
"104","64","CITY OF BLOOMINGTON","400","JOE McGRAW","410","17TH CONGRESS","PRECINCT 22","1234","12","REPUBLICAN","64"
"104","64","CITY OF BLOOMINGTON","395","SCOTT ALAN CROWL","410","17TH CONGRESS","PRECINCT 22","1234","12","REPUBLICAN","28"
"104","64","CITY OF BLOOMINGTON","400","JOE McGRAW","410","17TH CONGRESS","PRECINCT 32","957","12","REPUBLICAN","50"
"104","64","CITY OF BLOOMINGTON","395","SCOTT ALAN CROWL","410","17TH CONGRESS","PRECINCT 32","957","12","REPUBLICAN","18"
"104","64","CITY OF BLOOMINGTON","0","Over Votes","410","17TH CONGRESS","PRECINCT 32","957","12","REPUBLICAN","0"
"104","64","CITY OF BLOOMINGTON","0","Under Votes","410","17TH CONGRESS","PRECINCT 32","957","12","REPUBLICAN","4"
"104","64","CITY OF BLOOMINGTON","0","Over Votes","410","17TH CONGRESS","PRECINCT 46","614","12","REPUBLICAN","0"
"104","64","CITY OF BLOOMINGTON","0","Under Votes","410","17TH CONGRESS","PRECINCT 46","614","12","REPUBLICAN","0"
"104","64","CITY OF BLOOMINGTON","400","JOE McGRAW","410","17TH CONGRESS","PRECINCT 46","614","12","REPUBLICAN","18"
"104","64","CITY OF BLOOMINGTON","395","SCOTT ALAN CROWL","410","17TH CONGRESS","PRECINCT 46","614","12","REPUBLICAN","3"
"104","64","CITY OF BLOOMINGTON","0","Over Votes","410","17TH CONGRESS","PRECINCT 7","869","12","REPUBLICAN","0"
"104","64","CITY OF BLOOMINGTON","0","Under Votes","410","17TH CONGRESS","PRECINCT 7","869","12","REPUBLICAN","1"
"104","64","CITY OF BLOOMINGTON","400","JOE McGRAW","410","17TH CONGRESS","PRECINCT 7","869","12","REPUBLICAN","8"
"104","64","CITY OF BLOOMINGTON","395","SCOTT ALAN CROWL","410","17TH CONGRESS","PRECINCT 7","869","12","REPUBLICAN","8"
"104","64","CITY OF BLOOMINGTON","0","Over Votes","410","17TH CONGRESS","PRECINCT 10","243","12","REPUBLICAN","0"
"104","64","CITY OF BLOOMINGTON","0","Under Votes","410","17TH CONGRESS","PRECINCT 10","243","12","REPUBLICAN","0"
"104","64","CITY OF BLOOMINGTON","400","JOE McGRAW","410","17TH CONGRESS","PRECINCT 10","243","12","REPUBLICAN","2"
"104","64","CITY OF BLOOMINGTON","395","SCOTT ALAN CROWL","410","17TH CONGRESS","PRECINCT 10","243","12","REPUBLICAN","2"
"81","0","ROCK ISLAND","400","JOE McGRAW","410","17TH CONGRESS","ROCK ISLAND 15","778","12","REPUBLICAN","16"
"81","0","ROCK ISLAND","0","Under Votes","410","17TH CONGRESS","ROCK ISLAND 15","778","12","REPUBLICAN","0"
"81","0","ROCK ISLAND","395","SCOTT ALAN CROWL","410","17TH CONGRESS","ROCK ISLAND 15","778","12","REPUBLICAN","6"
"81","0","ROCK ISLAND","0","Over Votes","410","17TH CONGRESS","ROCK ISLAND 15","778","12","REPUBLICAN","0"
"81","0","ROCK ISLAND","0","Blank Ballots","410","17TH CONGRESS","ROCK ISLAND 15","778","12","REPUBLICAN","3"
"81","0","ROCK ISLAND","400","JOE McGRAW","410","17TH CONGRESS","SO ROCK ISLAND 9","573","12","REPUBLICAN","14"
"81","0","ROCK ISLAND","0","Under Votes","410","17TH CONGRESS","SO ROCK ISLAND 9","573","12","REPUBLICAN","0"
"81","0","ROCK ISLAND","395","SCOTT ALAN CROWL","410","17TH CONGRESS","SO ROCK ISLAND 9","573","12","REPUBLICAN","4"
"81","0","ROCK ISLAND","0","Over Votes","410","17TH CONGRESS","SO ROCK ISLAND 9","573","12","REPUBLICAN","0"
"81","0","ROCK ISLAND","0","Blank Ballots","410","17TH CONGRESS","SO ROCK ISLAND 9","573","12","REPUBLICAN","0"
"81","0","ROCK ISLAND","400","JOE McGRAW","410","17TH CONGRESS","SO ROCK ISLAND 12","1008","12","REPUBLICAN","43"
"81","0","ROCK ISLAND","0","Under Votes","410","17TH CONGRESS","SO ROCK ISLAND 12","1008","12","REPUBLICAN","0"
"81","0","ROCK ISLAND","395","SCOTT ALAN CROWL","410","17TH CONGRESS","SO ROCK ISLAND 12","1008","12","REPUBLICAN","23"
"81","0","ROCK ISLAND","0","Over Votes","410","17TH CONGRESS","SO ROCK ISLAND 12","1008","12","REPUBLICAN","0"
"81","0","ROCK ISLAND","400","JOE McGRAW","410","17TH CONGRESS","HAMPTON 3","509","12","REPUBLICAN","7"
"81","0","ROCK ISLAND","0","Under Votes","410","17TH CONGRESS","HAMPTON 3","509","12","REPUBLICAN","0"
"81","0","ROCK ISLAND","395","SCOTT ALAN CROWL","410","17TH CONGRESS","HAMPTON 3","509","12","REPUBLICAN","3"
"81","0","ROCK ISLAND","0","Over Votes","410","17TH CONGRESS","HAMPTON 3","509","12","REPUBLICAN","0"
"81","0","ROCK ISLAND","0","Blank Ballots","410","17TH CONGRESS","HAMPTON 3","509","12","REPUBLICAN","0"
"81","0","ROCK ISLAND","0","Blank Ballots","410","17TH CONGRESS","SO MOLINE 10","652","12","REPUBLICAN","2"
"81","0","ROCK ISLAND","400","JOE McGRAW","410","17TH CONGRESS","SO MOLINE 10","652","12","REPUBLICAN","14"
"81","0","ROCK ISLAND","0","Under Votes","410","17TH CONGRESS","SO MOLINE 10","652","12","REPUBLICAN","0"
"81","0","ROCK ISLAND","395","SCOTT ALAN CROWL","410","17TH CONGRESS","SO MOLINE 10","652","12","REPUBLICAN","6"
"81","0","ROCK ISLAND","0","Blank Ballots","410","17TH CONGRESS","SO ROCK ISLAND 12","1008","12","REPUBLICAN","8"
"81","0","ROCK ISLAND","400","JOE McGRAW","410","17TH CONGRESS","SO ROCK ISLAND 15","576","12","REPUBLICAN","11"
"81","0","ROCK ISLAND","0","Under Votes","410","17TH CONGRESS","SO ROCK ISLAND 15","576","12","REPUBLICAN","0"
"81","0","ROCK ISLAND","0","Blank Ballots","410","17TH CONGRESS","SO ROCK ISLAND 15","576","12","REPUBLICAN","2"
"81","0","ROCK ISLAND","395","SCOTT ALAN CROWL","410","17TH CONGRESS","SO ROCK ISLAND 15","576","12","REPUBLICAN","7"
"81","0","ROCK ISLAND","0","Over Votes","410","17TH CONGRESS","SO ROCK ISLAND 15","576","12","REPUBLICAN","0"
"81","0","ROCK ISLAND","400","JOE McGRAW","410","17TH CONGRESS","COAL VALLEY 1","858","12","REPUBLICAN","40"
"81","0","ROCK ISLAND","0","Under Votes","410","17TH CONGRESS","COAL VALLEY 1","858","12","REPUBLICAN","0"
"81","0","ROCK ISLAND","0","Blank Ballots","410","17TH CONGRESS","COAL VALLEY 1","858","12","REPUBLICAN","5"
"81","0","ROCK ISLAND","395","SCOTT ALAN CROWL","410","17TH CONGRESS","COAL VALLEY 1","858","12","REPUBLICAN","20"
"81","0","ROCK ISLAND","0","Over Votes","410","17TH CONGRESS","COAL VALLEY 1","858","12","REPUBLICAN","0"
"81","0","ROCK ISLAND","400","JOE McGRAW","410","17TH CONGRESS","HAMPTON 6","600","12","REPUBLICAN","10"
"81","0","ROCK ISLAND","0","Under Votes","410","17TH CONGRESS","HAMPTON 6","600","12","REPUBLICAN","0"
"81","0","ROCK ISLAND","395","SCOTT ALAN CROWL","410","17TH CONGRESS","HAMPTON 6","600","12","REPUBLICAN","11"
"81","0","ROCK ISLAND","0","Over Votes","410","17TH CONGRESS","HAMPTON 6","600","12","REPUBLICAN","0"
"81","0","ROCK ISLAND","0","Blank Ballots","410","17TH CONGRESS","HAMPTON 6","600","12","REPUBLICAN","0"
"81","0","ROCK ISLAND","400","JOE McGRAW","410","17TH CONGRESS","HAMPTON 9","372","12","REPUBLICAN","19"
"81","0","ROCK ISLAND","0","Under Votes","410","17TH CONGRESS","HAMPTON 9","372","12","REPUBLICAN","0"
"81","0","ROCK ISLAND","395","SCOTT ALAN CROWL","410","17TH CONGRESS","HAMPTON 9","372","12","REPUBLICAN","8"
"81","0","ROCK ISLAND","0","Over Votes","410","17TH CONGRESS","HAMPTON 9","372","12","REPUBLICAN","0"
"81","0","ROCK ISLAND","0","Blank Ballots","410","17TH CONGRESS","HAMPTON 9","372","12","REPUBLICAN","2"
"81","0","ROCK ISLAND","400","JOE McGRAW","410","17TH CONGRESS","HAMPTON 12","794","12","REPUBLICAN","19"
"81","0","ROCK ISLAND","0","Under Votes","410","17TH CONGRESS","HAMPTON 12","794","12","REPUBLICAN","0"
"81","0","ROCK ISLAND","395","SCOTT ALAN CROWL","410","17TH CONGRESS","HAMPTON 12","794","12","REPUBLICAN","13"
"81","0","ROCK ISLAND","0","Over Votes","410","17TH CONGRESS","HAMPTON 12","794","12","REPUBLICAN","0"
"81","0","ROCK ISLAND","0","Blank Ballots","410","17TH CONGRESS","HAMPTON 12","794","12","REPUBLICAN","4"
"81","0","ROCK ISLAND","400","JOE McGRAW","410","17TH CONGRESS","HAMPTON 15","834","12","REPUBLICAN","23"
"81","0","ROCK ISLAND","0","Under Votes","410","17TH CONGRESS","HAMPTON 15","834","12","REPUBLICAN","0"
"81","0","ROCK ISLAND","395","SCOTT ALAN CROWL","410","17TH CONGRESS","HAMPTON 15","834","12","REPUBLICAN","16"
"81","0","ROCK ISLAND","0","Under Votes","410","17TH CONGRESS","SO ROCK ISLAND 10","784","12","REPUBLICAN","0"
"81","0","ROCK ISLAND","395","SCOTT ALAN CROWL","410","17TH CONGRESS","SO ROCK ISLAND 10","784","12","REPUBLICAN","18"
"81","0","ROCK ISLAND","0","Over Votes","410","17TH CONGRESS","SO ROCK ISLAND 10","784","12","REPUBLICAN","0"
"81","0","ROCK ISLAND","0","Blank Ballots","410","17TH CONGRESS","SO ROCK ISLAND 10","784","12","REPUBLICAN","0"
"81","0","ROCK ISLAND","0","Blank Ballots","410","17TH CONGRESS","BLACKHAWK 7","1171","12","REPUBLICAN","6"
"81","0","ROCK ISLAND","400","JOE McGRAW","410","17TH CONGRESS","BLACKHAWK 7","1171","12","REPUBLICAN","38"
"81","0","ROCK ISLAND","0","Under Votes","410","17TH CONGRESS","BLACKHAWK 7","1171","12","REPUBLICAN","0"
"81","0","ROCK ISLAND","395","SCOTT ALAN CROWL","410","17TH CONGRESS","BLACKHAWK 7","1171","12","REPUBLICAN","24"
"81","0","ROCK ISLAND","0","Over Votes","410","17TH CONGRESS","BLACKHAWK 7","1171","12","REPUBLICAN","0"
"81","0","ROCK ISLAND","400","JOE McGRAW","410","17TH CONGRESS","EDGINGTON 2","448","12","REPUBLICAN","8"
"81","0","ROCK ISLAND","0","Under Votes","410","17TH CONGRESS","EDGINGTON 2","448","12","REPUBLICAN","0"
"81","0","ROCK ISLAND","395","SCOTT ALAN CROWL","410","17TH CONGRESS","EDGINGTON 2","448","12","REPUBLICAN","40"
"81","0","ROCK ISLAND","0","Over Votes","410","17TH CONGRESS","EDGINGTON 2","448","12","REPUBLICAN","0"
"81","0","ROCK ISLAND","0","Blank Ballots","410","17TH CONGRESS","EDGINGTON 2","448","12","REPUBLICAN","3"
"81","0","ROCK ISLAND","400","JOE McGRAW","410","17TH CONGRESS","SO MOLINE 14","616","12","REPUBLICAN","15"
"81","0","ROCK ISLAND","0","Under Votes","410","17TH CONGRESS","SO MOLINE 14","616","12","REPUBLICAN","0"
"81","0","ROCK ISLAND","395","SCOTT ALAN CROWL","410","17TH CONGRESS","SO MOLINE 14","616","12","REPUBLICAN","4"
"81","0","ROCK ISLAND","0","Over Votes","410","17TH CONGRESS","SO MOLINE 14","616","12","REPUBLICAN","0"
"81","0","ROCK ISLAND","0","Blank Ballots","410","17TH CONGRESS","SO MOLINE 14","616","12","REPUBLICAN","1"
"81","0","ROCK ISLAND","400","JOE McGRAW","410","17TH CONGRESS","SO MOLINE 17","991","12","REPUBLICAN","28"
"81","0","ROCK ISLAND","0","Over Votes","410","17TH CONGRESS","SO MOLINE 10","652","12","REPUBLICAN","0"
"81","0","ROCK ISLAND","0","Blank Ballots","410","17TH CONGRESS","SO MOLINE 13","1040","12","REPUBLICAN","4"
"81","0","ROCK ISLAND","400","JOE McGRAW","410","17TH CONGRESS","SO MOLINE 13","1040","12","REPUBLICAN","30"
"81","0","ROCK ISLAND","0","Under Votes","410","17TH CONGRESS","SO MOLINE 13","1040","12","REPUBLICAN","0"
"81","0","ROCK ISLAND","395","SCOTT ALAN CROWL","410","17TH CONGRESS","SO MOLINE 13","1040","12","REPUBLICAN","15"
"81","0","ROCK ISLAND","0","Over Votes","410","17TH CONGRESS","SO MOLINE 13","1040","12","REPUBLICAN","0"
"81","0","ROCK ISLAND","0","Blank Ballots","410","17TH CONGRESS","SO MOLINE 16","765","12","REPUBLICAN","6"
"81","0","ROCK ISLAND","400","JOE McGRAW","410","17TH CONGRESS","SO MOLINE 16","765","12","REPUBLICAN","22"
"81","0","ROCK ISLAND","0","Under Votes","410","17TH CONGRESS","SO MOLINE 16","765","12","REPUBLICAN","0"
"104","64","CITY OF BLOOMINGTON","0","Over Votes","410","17TH CONGRESS","PRECINCT 18","947","12","REPUBLICAN","0"
"104","64","CITY OF BLOOMINGTON","0","Under Votes","410","17TH CONGRESS","PRECINCT 18","947","12","REPUBLICAN","0"
"104","64","CITY OF BLOOMINGTON","400","JOE McGRAW","410","17TH CONGRESS","PRECINCT 18","947","12","REPUBLICAN","44"
"104","64","CITY OF BLOOMINGTON","395","SCOTT ALAN CROWL","410","17TH CONGRESS","PRECINCT 18","947","12","REPUBLICAN","18"
"104","64","CITY OF BLOOMINGTON","0","Over Votes","410","17TH CONGRESS","PRECINCT 2","949","12","REPUBLICAN","0"
"104","64","CITY OF BLOOMINGTON","0","Under Votes","410","17TH CONGRESS","PRECINCT 2","949","12","REPUBLICAN","0"
"104","64","CITY OF BLOOMINGTON","400","JOE McGRAW","410","17TH CONGRESS","PRECINCT 2","949","12","REPUBLICAN","0"
"104","64","CITY OF BLOOMINGTON","395","SCOTT ALAN CROWL","410","17TH CONGRESS","PRECINCT 2","949","12","REPUBLICAN","0"
"104","64","CITY OF BLOOMINGTON","0","Over Votes","410","17TH CONGRESS","PRECINCT 23","1411","12","REPUBLICAN","0"
"104","64","CITY OF BLOOMINGTON","0","Under Votes","410","17TH CONGRESS","PRECINCT 23","1411","12","REPUBLICAN","4"
"104","64","CITY OF BLOOMINGTON","400","JOE McGRAW","410","17TH CONGRESS","PRECINCT 23","1411","12","REPUBLICAN","28"
"104","64","CITY OF BLOOMINGTON","395","SCOTT ALAN CROWL","410","17TH CONGRESS","PRECINCT 23","1411","12","REPUBLICAN","16"
"104","64","CITY OF BLOOMINGTON","0","Over Votes","410","17TH CONGRESS","PRECINCT 24","1077","12","REPUBLICAN","0"
"104","64","CITY OF BLOOMINGTON","0","Under Votes","410","17TH CONGRESS","PRECINCT 24","1077","12","REPUBLICAN","8"
"104","64","CITY OF BLOOMINGTON","400","JOE McGRAW","410","17TH CONGRESS","PRECINCT 24","1077","12","REPUBLICAN","45"
"104","64","CITY OF BLOOMINGTON","395","SCOTT ALAN CROWL","410","17TH CONGRESS","PRECINCT 24","1077","12","REPUBLICAN","18"
"104","64","CITY OF BLOOMINGTON","0","Over Votes","410","17TH CONGRESS","PRECINCT 15","1170","12","REPUBLICAN","0"
"104","64","CITY OF BLOOMINGTON","0","Under Votes","410","17TH CONGRESS","PRECINCT 15","1170","12","REPUBLICAN","4"
"104","64","CITY OF BLOOMINGTON","400","JOE McGRAW","410","17TH CONGRESS","PRECINCT 15","1170","12","REPUBLICAN","53"
"104","64","CITY OF BLOOMINGTON","395","SCOTT ALAN CROWL","410","17TH CONGRESS","PRECINCT 15","1170","12","REPUBLICAN","21"
"104","64","CITY OF BLOOMINGTON","0","Over Votes","410","17TH CONGRESS","PRECINCT 16","1031","12","REPUBLICAN","0"
"104","64","CITY OF BLOOMINGTON","0","Under Votes","410","17TH CONGRESS","PRECINCT 16","1031","12","REPUBLICAN","13"
"104","64","CITY OF BLOOMINGTON","400","JOE McGRAW","410","17TH CONGRESS","PRECINCT 16","1031","12","REPUBLICAN","29"
"104","64","CITY OF BLOOMINGTON","395","SCOTT ALAN CROWL","410","17TH CONGRESS","PRECINCT 16","1031","12","REPUBLICAN","16"
"104","64","CITY OF BLOOMINGTON","0","Over Votes","410","17TH CONGRESS","PRECINCT 29","1077","12","REPUBLICAN","0"
"104","64","CITY OF BLOOMINGTON","0","Under Votes","410","17TH CONGRESS","PRECINCT 29","1077","12","REPUBLICAN","6"
"104","64","CITY OF BLOOMINGTON","400","JOE McGRAW","410","17TH CONGRESS","PRECINCT 29","1077","12","REPUBLICAN","61"
"104","64","CITY OF BLOOMINGTON","395","SCOTT ALAN CROWL","410","17TH CONGRESS","PRECINCT 29","1077","12","REPUBLICAN","34"
"104","64","CITY OF BLOOMINGTON","0","Over Votes","410","17TH CONGRESS","PRECINCT 41","1137","12","REPUBLICAN","0"
"104","64","CITY OF BLOOMINGTON","0","Under Votes","410","17TH CONGRESS","PRECINCT 41","1137","12","REPUBLICAN","5"
"104","64","CITY OF BLOOMINGTON","400","JOE McGRAW","410","17TH CONGRESS","PRECINCT 41","1137","12","REPUBLICAN","50"
"104","64","CITY OF BLOOMINGTON","395","SCOTT ALAN CROWL","410","17TH CONGRESS","PRECINCT 41","1137","12","REPUBLICAN","19"
"104","64","CITY OF BLOOMINGTON","0","Over Votes","410","17TH CONGRESS","PRECINCT 57","738","12","REPUBLICAN","0"
"104","64","CITY OF BLOOMINGTON","0","Under Votes","410","17TH CONGRESS","PRECINCT 57","738","12","REPUBLICAN","5"
"104","64","CITY OF BLOOMINGTON","400","JOE McGRAW","410","17TH CONGRESS","PRECINCT 57","738","12","REPUBLICAN","12"
"104","64","CITY OF BLOOMINGTON","395","SCOTT ALAN CROWL","410","17TH CONGRESS","PRECINCT 57","738","12","REPUBLICAN","4"
"104","64","CITY OF BLOOMINGTON","0","Over Votes","410","17TH CONGRESS","PRECINCT 1","745","12","REPUBLICAN","0"
"104","64","CITY OF BLOOMINGTON","0","Under Votes","410","17TH CONGRESS","PRECINCT 1","745","12","REPUBLICAN","5"
"104","64","CITY OF BLOOMINGTON","400","JOE McGRAW","410","17TH CONGRESS","PRECINCT 1","745","12","REPUBLICAN","20"
"81","0","ROCK ISLAND","0","Under Votes","410","17TH CONGRESS","SO MOLINE 4","1385","11","DEMOCRATIC","0"
"81","0","ROCK ISLAND","0","Under Votes","410","17TH CONGRESS","SO MOLINE 7","953","11","DEMOCRATIC","0"
"81","0","ROCK ISLAND","0","Over Votes","410","17TH CONGRESS","SO MOLINE 7","953","11","DEMOCRATIC","0"
"81","0","ROCK ISLAND","0","Blank Ballots","410","17TH CONGRESS","SO MOLINE 7","953","11","DEMOCRATIC","3"
"81","0","ROCK ISLAND","390","ERIC SORENSEN","410","17TH CONGRESS","SO MOLINE 7","953","11","DEMOCRATIC","53"
"81","0","ROCK ISLAND","0","Over Votes","410","17TH CONGRESS","SO MOLINE 27","852","11","DEMOCRATIC","0"
"81","0","ROCK ISLAND","390","ERIC SORENSEN","410","17TH CONGRESS","SO MOLINE 27","852","11","DEMOCRATIC","73"
"81","0","ROCK ISLAND","0","Under Votes","410","17TH CONGRESS","SO MOLINE 27","852","11","DEMOCRATIC","0"
"81","0","ROCK ISLAND","0","Blank Ballots","410","17TH CONGRESS","SO MOLINE 27","852","11","DEMOCRATIC","3"
"81","0","ROCK ISLAND","0","Over Votes","410","17TH CONGRESS","MOLINE 4","766","11","DEMOCRATIC","0"
"81","0","ROCK ISLAND","390","ERIC SORENSEN","410","17TH CONGRESS","MOLINE 4","766","11","DEMOCRATIC","73"
"81","0","ROCK ISLAND","0","Under Votes","410","17TH CONGRESS","MOLINE 4","766","11","DEMOCRATIC","0"
"81","0","ROCK ISLAND","0","Blank Ballots","410","17TH CONGRESS","MOLINE 4","766","11","DEMOCRATIC","2"
"81","0","ROCK ISLAND","0","Blank Ballots","410","17TH CONGRESS","MOLINE 7","563","11","DEMOCRATIC","1"
"81","0","ROCK ISLAND","0","Over Votes","410","17TH CONGRESS","MOLINE 7","563","11","DEMOCRATIC","0"
"81","0","ROCK ISLAND","390","ERIC SORENSEN","410","17TH CONGRESS","MOLINE 7","563","11","DEMOCRATIC","22"
"81","0","ROCK ISLAND","0","Under Votes","410","17TH CONGRESS","MOLINE 7","563","11","DEMOCRATIC","0"
"81","0","ROCK ISLAND","0","Blank Ballots","410","17TH CONGRESS","MOLINE 10","730","11","DEMOCRATIC","2"
"81","0","ROCK ISLAND","0","Over Votes","410","17TH CONGRESS","MOLINE 10","730","11","DEMOCRATIC","0"
"81","0","ROCK ISLAND","390","ERIC SORENSEN","410","17TH CONGRESS","MOLINE 10","730","11","DEMOCRATIC","30"
"81","0","ROCK ISLAND","0","Under Votes","410","17TH CONGRESS","MOLINE 10","730","11","DEMOCRATIC","0"
"81","0","ROCK ISLAND","0","Over Votes","410","17TH CONGRESS","MOLINE 13","652","11","DEMOCRATIC","0"
"81","0","ROCK ISLAND","390","ERIC SORENSEN","410","17TH CONGRESS","MOLINE 13","652","11","DEMOCRATIC","47"
"81","0","ROCK ISLAND","0","Under Votes","410","17TH CONGRESS","MOLINE 13","652","11","DEMOCRATIC","0"
"81","0","ROCK ISLAND","0","Blank Ballots","410","17TH CONGRESS","MOLINE 13","652","11","DEMOCRATIC","1"
"81","0","ROCK ISLAND","0","Blank Ballots","410","17TH CONGRESS","ROCK ISLAND 13","382","11","DEMOCRATIC","1"
"81","0","ROCK ISLAND","0","Over Votes","410","17TH CONGRESS","ROCK ISLAND 13","382","11","DEMOCRATIC","0"
"81","0","ROCK ISLAND","390","ERIC SORENSEN","410","17TH CONGRESS","ROCK ISLAND 13","382","11","DEMOCRATIC","23"
"81","0","ROCK ISLAND","0","Under Votes","410","17TH CONGRESS","ROCK ISLAND 13","382","11","DEMOCRATIC","0"
"81","0","ROCK ISLAND","0","Under Votes","410","17TH CONGRESS","SO ROCK ISLAND 5","875","11","DEMOCRATIC","0"
"81","0","ROCK ISLAND","0","Over Votes","410","17TH CONGRESS","SO ROCK ISLAND 5","875","11","DEMOCRATIC","0"
"81","0","ROCK ISLAND","390","ERIC SORENSEN","410","17TH CONGRESS","SO ROCK ISLAND 5","875","11","DEMOCRATIC","100"
"81","0","ROCK ISLAND","0","Blank Ballots","410","17TH CONGRESS","SO ROCK ISLAND 5","875","11","DEMOCRATIC","2"
"81","0","ROCK ISLAND","0","Under Votes","410","17TH CONGRESS","SO ROCK ISLAND 8","812","11","DEMOCRATIC","0"
"81","0","ROCK ISLAND","0","Over Votes","410","17TH CONGRESS","SO MOLINE 18","891","11","DEMOCRATIC","0"
"81","0","ROCK ISLAND","390","ERIC SORENSEN","410","17TH CONGRESS","SO MOLINE 18","891","11","DEMOCRATIC","72"
"81","0","ROCK ISLAND","0","Under Votes","410","17TH CONGRESS","SO MOLINE 18","891","11","DEMOCRATIC","0"
"81","0","ROCK ISLAND","0","Blank Ballots","410","17TH CONGRESS","SO MOLINE 18","891","11","DEMOCRATIC","2"
"81","0","ROCK ISLAND","0","Over Votes","410","17TH CONGRESS","SO MOLINE 21","525","11","DEMOCRATIC","0"
"81","0","ROCK ISLAND","390","ERIC SORENSEN","410","17TH CONGRESS","SO MOLINE 21","525","11","DEMOCRATIC","69"
"81","0","ROCK ISLAND","0","Under Votes","410","17TH CONGRESS","SO MOLINE 21","525","11","DEMOCRATIC","0"
"81","0","ROCK ISLAND","0","Blank Ballots","410","17TH CONGRESS","SO MOLINE 21","525","11","DEMOCRATIC","2"
"81","0","ROCK ISLAND","0","Over Votes","410","17TH CONGRESS","SO MOLINE 24","697","11","DEMOCRATIC","0"
"81","0","ROCK ISLAND","390","ERIC SORENSEN","410","17TH CONGRESS","SO MOLINE 24","697","11","DEMOCRATIC","47"
"81","0","ROCK ISLAND","0","Under Votes","410","17TH CONGRESS","SO MOLINE 24","697","11","DEMOCRATIC","0"
"81","0","ROCK ISLAND","0","Blank Ballots","410","17TH CONGRESS","SO MOLINE 24","697","11","DEMOCRATIC","2"
"81","0","ROCK ISLAND","0","Over Votes","410","17TH CONGRESS","MOLINE 1","566","11","DEMOCRATIC","0"
"81","0","ROCK ISLAND","390","ERIC SORENSEN","410","17TH CONGRESS","MOLINE 1","566","11","DEMOCRATIC","48"
"81","0","ROCK ISLAND","0","Under Votes","410","17TH CONGRESS","MOLINE 1","566","11","DEMOCRATIC","0"
"81","0","ROCK ISLAND","0","Blank Ballots","410","17TH CONGRESS","MOLINE 1","566","11","DEMOCRATIC","2"
"81","0","ROCK ISLAND","0","Blank Ballots","410","17TH CONGRESS","ROCK ISLAND 1","445","11","DEMOCRATIC","1"
"81","0","ROCK ISLAND","0","Under Votes","410","17TH CONGRESS","ROCK ISLAND 1","445","11","DEMOCRATIC","0"
"81","0","ROCK ISLAND","0","Over Votes","410","17TH CONGRESS","ROCK ISLAND 1","445","11","DEMOCRATIC","0"
"81","0","ROCK ISLAND","390","ERIC SORENSEN","410","17TH CONGRESS","ROCK ISLAND 1","445","11","DEMOCRATIC","17"
"81","0","ROCK ISLAND","0","Under Votes","410","17TH CONGRESS","ROCK ISLAND 4","205","11","DEMOCRATIC","0"
"81","0","ROCK ISLAND","0","Over Votes","410","17TH CONGRESS","ROCK ISLAND 4","205","11","DEMOCRATIC","0"
"81","0","ROCK ISLAND","390","ERIC SORENSEN","410","17TH CONGRESS","ROCK ISLAND 4","205","11","DEMOCRATIC","7"
"81","0","ROCK ISLAND","0","Blank Ballots","410","17TH CONGRESS","ROCK ISLAND 4","205","11","DEMOCRATIC","0"
"81","0","ROCK ISLAND","390","ERIC SORENSEN","410","17TH CONGRESS","ROCK ISLAND 7","454","11","DEMOCRATIC","31"
"81","0","ROCK ISLAND","0","Under Votes","410","17TH CONGRESS","ROCK ISLAND 7","454","11","DEMOCRATIC","0"
"81","0","ROCK ISLAND","0","Blank Ballots","410","17TH CONGRESS","ROCK ISLAND 7","454","11","DEMOCRATIC","0"
"81","0","ROCK ISLAND","0","Over Votes","410","17TH CONGRESS","ROCK ISLAND 7","454","11","DEMOCRATIC","0"
"81","0","ROCK ISLAND","390","ERIC SORENSEN","410","17TH CONGRESS","ROCK ISLAND 10","861","11","DEMOCRATIC","77"
"81","0","ROCK ISLAND","0","Under Votes","410","17TH CONGRESS","ROCK ISLAND 10","861","11","DEMOCRATIC","0"
"81","0","ROCK ISLAND","0","Blank Ballots","410","17TH CONGRESS","ROCK ISLAND 10","861","11","DEMOCRATIC","3"
"81","0","ROCK ISLAND","0","Over Votes","410","17TH CONGRESS","ROCK ISLAND 10","861","11","DEMOCRATIC","0"
"81","0","ROCK ISLAND","0","Blank Ballots","410","17TH CONGRESS","SO ROCK ISLAND 1","637","11","DEMOCRATIC","4"
"81","0","ROCK ISLAND","0","Under Votes","410","17TH CONGRESS","SO ROCK ISLAND 1","637","11","DEMOCRATIC","0"
"81","0","ROCK ISLAND","0","Over Votes","410","17TH CONGRESS","SO ROCK ISLAND 1","637","11","DEMOCRATIC","0"
"81","0","ROCK ISLAND","390","ERIC SORENSEN","410","17TH CONGRESS","SO ROCK ISLAND 1","637","11","DEMOCRATIC","33"
"81","0","ROCK ISLAND","0","Under Votes","410","17TH CONGRESS","SO ROCK ISLAND 4","852","11","DEMOCRATIC","0"
"81","0","ROCK ISLAND","0","Over Votes","410","17TH CONGRESS","SO ROCK ISLAND 4","852","11","DEMOCRATIC","0"
"81","0","ROCK ISLAND","390","ERIC SORENSEN","410","17TH CONGRESS","SO ROCK ISLAND 4","852","11","DEMOCRATIC","88"
"81","0","ROCK ISLAND","0","Blank Ballots","410","17TH CONGRESS","SO ROCK ISLAND 4","852","11","DEMOCRATIC","3"
"81","0","ROCK ISLAND","0","Under Votes","410","17TH CONGRESS","SO ROCK ISLAND 7","615","11","DEMOCRATIC","0"
"81","0","ROCK ISLAND","0","Over Votes","410","17TH CONGRESS","SO ROCK ISLAND 7","615","11","DEMOCRATIC","0"
"81","0","ROCK ISLAND","390","ERIC SORENSEN","410","17TH CONGRESS","SO ROCK ISLAND 7","615","11","DEMOCRATIC","60"
"81","0","ROCK ISLAND","0","Blank Ballots","410","17TH CONGRESS","SO ROCK ISLAND 7","615","11","DEMOCRATIC","2"
"81","0","ROCK ISLAND","0","Over Votes","410","17TH CONGRESS","SO ROCK ISLAND 10","784","11","DEMOCRATIC","0"
"81","0","ROCK ISLAND","390","ERIC SORENSEN","410","17TH CONGRESS","SO ROCK ISLAND 10","784","11","DEMOCRATIC","82"
"81","0","ROCK ISLAND","0","Under Votes","410","17TH CONGRESS","SO ROCK ISLAND 10","784","11","DEMOCRATIC","0"
"81","0","ROCK ISLAND","0","Blank Ballots","410","17TH CONGRESS","SO ROCK ISLAND 10","784","11","DEMOCRATIC","1"
"81","0","ROCK ISLAND","0","Blank Ballots","410","17TH CONGRESS","BLACKHAWK 7","1171","11","DEMOCRATIC","6"
"81","0","ROCK ISLAND","0","Under Votes","410","17TH CONGRESS","BLACKHAWK 7","1171","11","DEMOCRATIC","0"
"81","0","ROCK ISLAND","0","Over Votes","410","17TH CONGRESS","BLACKHAWK 7","1171","11","DEMOCRATIC","0"
"81","0","ROCK ISLAND","390","ERIC SORENSEN","410","17TH CONGRESS","BLACKHAWK 7","1171","11","DEMOCRATIC","91"
"81","0","ROCK ISLAND","0","Under Votes","410","17TH CONGRESS","PORT BYRON","968","11","DEMOCRATIC","0"
"81","0","ROCK ISLAND","0","Over Votes","410","17TH CONGRESS","PORT BYRON","968","11","DEMOCRATIC","0"
"81","0","ROCK ISLAND","390","ERIC SORENSEN","410","17TH CONGRESS","PORT BYRON","968","11","DEMOCRATIC","61"
"81","0","ROCK ISLAND","0","Blank Ballots","410","17TH CONGRESS","PORT BYRON","968","11","DEMOCRATIC","4"
"81","0","ROCK ISLAND","0","Under Votes","410","17TH CONGRESS","HAMPTON 1","1156","11","DEMOCRATIC","0"
"81","0","ROCK ISLAND","0","Over Votes","410","17TH CONGRESS","HAMPTON 1","1156","11","DEMOCRATIC","0"
"81","0","ROCK ISLAND","390","ERIC SORENSEN","410","17TH CONGRESS","HAMPTON 1","1156","11","DEMOCRATIC","86"
"81","0","ROCK ISLAND","0","Blank Ballots","410","17TH CONGRESS","HAMPTON 1","1156","11","DEMOCRATIC","5"
"81","0","ROCK ISLAND","0","Under Votes","410","17TH CONGRESS","HAMPTON 4","477","11","DEMOCRATIC","0"
"81","0","ROCK ISLAND","0","Over Votes","410","17TH CONGRESS","HAMPTON 4","477","11","DEMOCRATIC","0"
"81","0","ROCK ISLAND","390","ERIC SORENSEN","410","17TH CONGRESS","HAMPTON 4","477","11","DEMOCRATIC","23"
"81","0","ROCK ISLAND","0","Blank Ballots","410","17TH CONGRESS","HAMPTON 4","477","11","DEMOCRATIC","0"
"81","0","ROCK ISLAND","0","Under Votes","410","17TH CONGRESS","HAMPTON 7","465","11","DEMOCRATIC","0"
"81","0","ROCK ISLAND","0","Over Votes","410","17TH CONGRESS","HAMPTON 7","465","11","DEMOCRATIC","0"
"81","0","ROCK ISLAND","0","Blank Ballots","410","17TH CONGRESS","HAMPTON 7","465","11","DEMOCRATIC","3"
"81","0","ROCK ISLAND","390","ERIC SORENSEN","410","17TH CONGRESS","HAMPTON 7","465","11","DEMOCRATIC","35"
"81","0","ROCK ISLAND","0","Over Votes","410","17TH CONGRESS","SO MOLINE 6","832","11","DEMOCRATIC","0"
"81","0","ROCK ISLAND","390","ERIC SORENSEN","410","17TH CONGRESS","SO MOLINE 6","832","11","DEMOCRATIC","67"
"81","0","ROCK ISLAND","0","Under Votes","410","17TH CONGRESS","SO MOLINE 6","832","11","DEMOCRATIC","0"
"81","0","ROCK ISLAND","0","Blank Ballots","410","17TH CONGRESS","SO MOLINE 6","832","11","DEMOCRATIC","4"
"81","0","ROCK ISLAND","0","Over Votes","410","17TH CONGRESS","SO MOLINE 9","1030","11","DEMOCRATIC","0"
"81","0","ROCK ISLAND","390","ERIC SORENSEN","410","17TH CONGRESS","SO MOLINE 9","1030","11","DEMOCRATIC","103"
"81","0","ROCK ISLAND","0","Under Votes","410","17TH CONGRESS","SO MOLINE 9","1030","11","DEMOCRATIC","0"
"81","0","ROCK ISLAND","0","Blank Ballots","410","17TH CONGRESS","SO MOLINE 9","1030","11","DEMOCRATIC","5"
"81","0","ROCK ISLAND","0","Over Votes","410","17TH CONGRESS","SO MOLINE 12","496","11","DEMOCRATIC","0"
"81","0","ROCK ISLAND","390","ERIC SORENSEN","410","17TH CONGRESS","SO MOLINE 12","496","11","DEMOCRATIC","35"
"81","0","ROCK ISLAND","0","Under Votes","410","17TH CONGRESS","SO MOLINE 12","496","11","DEMOCRATIC","0"
"81","0","ROCK ISLAND","0","Blank Ballots","410","17TH CONGRESS","SO MOLINE 12","496","11","DEMOCRATIC","2"
"81","0","ROCK ISLAND","0","Blank Ballots","410","17TH CONGRESS","SO MOLINE 15","540","11","DEMOCRATIC","2"
"81","0","ROCK ISLAND","0","Over Votes","410","17TH CONGRESS","SO MOLINE 15","540","11","DEMOCRATIC","0"
"81","0","ROCK ISLAND","390","ERIC SORENSEN","410","17TH CONGRESS","SO MOLINE 15","540","11","DEMOCRATIC","47"
"81","0","ROCK ISLAND","0","Under Votes","410","17TH CONGRESS","SO MOLINE 15","540","11","DEMOCRATIC","0"
"81","0","ROCK ISLAND","0","Over Votes","410","17TH CONGRESS","MOLINE 12","409","11","DEMOCRATIC","0"
"81","0","ROCK ISLAND","390","ERIC SORENSEN","410","17TH CONGRESS","MOLINE 12","409","11","DEMOCRATIC","18"
"81","0","ROCK ISLAND","0","Under Votes","410","17TH CONGRESS","MOLINE 12","409","11","DEMOCRATIC","0"
"81","0","ROCK ISLAND","0","Blank Ballots","410","17TH CONGRESS","MOLINE 12","409","11","DEMOCRATIC","0"
"81","0","ROCK ISLAND","0","Over Votes","410","17TH CONGRESS","MOLINE 15","616","11","DEMOCRATIC","0"
"81","0","ROCK ISLAND","390","ERIC SORENSEN","410","17TH CONGRESS","MOLINE 15","616","11","DEMOCRATIC","49"
"81","0","ROCK ISLAND","0","Under Votes","410","17TH CONGRESS","MOLINE 15","616","11","DEMOCRATIC","0"
"81","0","ROCK ISLAND","0","Blank Ballots","410","17TH CONGRESS","MOLINE 15","616","11","DEMOCRATIC","1"
"81","0","ROCK ISLAND","0","Over Votes","410","17TH CONGRESS","MOLINE 18","709","11","DEMOCRATIC","0"
"81","0","ROCK ISLAND","390","ERIC SORENSEN","410","17TH CONGRESS","MOLINE 18","709","11","DEMOCRATIC","43"
"81","0","ROCK ISLAND","0","Under Votes","410","17TH CONGRESS","MOLINE 18","709","11","DEMOCRATIC","0"
"81","0","ROCK ISLAND","0","Blank Ballots","410","17TH CONGRESS","MOLINE 18","709","11","DEMOCRATIC","1"
"81","0","ROCK ISLAND","0","Over Votes","410","17TH CONGRESS","SO ROCK ISLAND 13","916","11","DEMOCRATIC","0"
"81","0","ROCK ISLAND","390","ERIC SORENSEN","410","17TH CONGRESS","SO ROCK ISLAND 13","916","11","DEMOCRATIC","77"
"81","0","ROCK ISLAND","0","Under Votes","410","17TH CONGRESS","SO ROCK ISLAND 13","916","11","DEMOCRATIC","0"
"81","0","ROCK ISLAND","0","Blank Ballots","410","17TH CONGRESS","SO ROCK ISLAND 13","916","11","DEMOCRATIC","4"
"81","0","ROCK ISLAND","0","Over Votes","410","17TH CONGRESS","SO ROCK ISLAND 16","341","11","DEMOCRATIC","0"
"81","0","ROCK ISLAND","390","ERIC SORENSEN","410","17TH CONGRESS","SO ROCK ISLAND 16","341","11","DEMOCRATIC","13"
"81","0","ROCK ISLAND","0","Under Votes","410","17TH CONGRESS","SO ROCK ISLAND 16","341","11","DEMOCRATIC","0"
"81","0","ROCK ISLAND","0","Blank Ballots","410","17TH CONGRESS","SO ROCK ISLAND 16","341","11","DEMOCRATIC","0"
"81","0","ROCK ISLAND","0","Blank Ballots","410","17TH CONGRESS","COAL VALLEY 2","685","11","DEMOCRATIC","0"
"81","0","ROCK ISLAND","0","Over Votes","410","17TH CONGRESS","COAL VALLEY 2","685","11","DEMOCRATIC","0"
"81","0","ROCK ISLAND","390","ERIC SORENSEN","410","17TH CONGRESS","COAL VALLEY 2","685","11","DEMOCRATIC","32"
"81","0","ROCK ISLAND","0","Under Votes","410","17TH CONGRESS","COAL VALLEY 2","685","11","DEMOCRATIC","0"
"81","0","ROCK ISLAND","390","ERIC SORENSEN","410","17TH CONGRESS","RURAL","765","11","DEMOCRATIC","65"
"81","0","ROCK ISLAND","0","Blank Ballots","410","17TH CONGRESS","RURAL","765","11","DEMOCRATIC","0"
"81","0","ROCK ISLAND","0","Under Votes","410","17TH CONGRESS","RURAL","765","11","DEMOCRATIC","0"
"81","0","ROCK ISLAND","0","Over Votes","410","17TH CONGRESS","RURAL","765","11","DEMOCRATIC","0"
"104","64","CITY OF BLOOMINGTON","395","SCOTT ALAN CROWL","410","17TH CONGRESS","PRECINCT 1","745","12","REPUBLICAN","6"
"104","64","CITY OF BLOOMINGTON","0","Over Votes","410","17TH CONGRESS","PRECINCT 13","1194","12","REPUBLICAN","0"
"104","64","CITY OF BLOOMINGTON","0","Under Votes","410","17TH CONGRESS","PRECINCT 13","1194","12","REPUBLICAN","4"
"104","64","CITY OF BLOOMINGTON","400","JOE McGRAW","410","17TH CONGRESS","PRECINCT 13","1194","12","REPUBLICAN","37"
"104","64","CITY OF BLOOMINGTON","395","SCOTT ALAN CROWL","410","17TH CONGRESS","PRECINCT 13","1194","12","REPUBLICAN","15"
"104","64","CITY OF BLOOMINGTON","0","Over Votes","410","17TH CONGRESS","PRECINCT 26","816","12","REPUBLICAN","0"
"104","64","CITY OF BLOOMINGTON","0","Under Votes","410","17TH CONGRESS","PRECINCT 26","816","12","REPUBLICAN","3"
"104","64","CITY OF BLOOMINGTON","400","JOE McGRAW","410","17TH CONGRESS","PRECINCT 26","816","12","REPUBLICAN","9"
"104","64","CITY OF BLOOMINGTON","395","SCOTT ALAN CROWL","410","17TH CONGRESS","PRECINCT 26","816","12","REPUBLICAN","5"
"104","64","CITY OF BLOOMINGTON","0","Over Votes","410","17TH CONGRESS","PRECINCT 27","1016","12","REPUBLICAN","0"
"104","64","CITY OF BLOOMINGTON","0","Under Votes","410","17TH CONGRESS","PRECINCT 27","1016","12","REPUBLICAN","13"
"104","64","CITY OF BLOOMINGTON","400","JOE McGRAW","410","17TH CONGRESS","PRECINCT 27","1016","12","REPUBLICAN","59"
"104","64","CITY OF BLOOMINGTON","395","SCOTT ALAN CROWL","410","17TH CONGRESS","PRECINCT 27","1016","12","REPUBLICAN","19"
"104","64","CITY OF BLOOMINGTON","0","Over Votes","410","17TH CONGRESS","PRECINCT 52","1138","12","REPUBLICAN","0"
"104","64","CITY OF BLOOMINGTON","0","Under Votes","410","17TH CONGRESS","PRECINCT 52","1138","12","REPUBLICAN","11"
"104","64","CITY OF BLOOMINGTON","400","JOE McGRAW","410","17TH CONGRESS","PRECINCT 52","1138","12","REPUBLICAN","107"
"104","64","CITY OF BLOOMINGTON","395","SCOTT ALAN CROWL","410","17TH CONGRESS","PRECINCT 52","1138","12","REPUBLICAN","29"
"104","64","CITY OF BLOOMINGTON","0","Over Votes","410","17TH CONGRESS","PRECINCT 5","1135","12","REPUBLICAN","0"
"104","64","CITY OF BLOOMINGTON","0","Under Votes","410","17TH CONGRESS","PRECINCT 5","1135","12","REPUBLICAN","1"
"104","64","CITY OF BLOOMINGTON","400","JOE McGRAW","410","17TH CONGRESS","PRECINCT 5","1135","12","REPUBLICAN","39"
"104","64","CITY OF BLOOMINGTON","395","SCOTT ALAN CROWL","410","17TH CONGRESS","PRECINCT 5","1135","12","REPUBLICAN","10"
"104","64","CITY OF BLOOMINGTON","0","Over Votes","410","17TH CONGRESS","PRECINCT 6","968","12","REPUBLICAN","0"
"104","64","CITY OF BLOOMINGTON","0","Under Votes","410","17TH CONGRESS","PRECINCT 6","968","12","REPUBLICAN","5"
"104","64","CITY OF BLOOMINGTON","400","JOE McGRAW","410","17TH CONGRESS","PRECINCT 6","968","12","REPUBLICAN","18"
"104","64","CITY OF BLOOMINGTON","395","SCOTT ALAN CROWL","410","17TH CONGRESS","PRECINCT 6","968","12","REPUBLICAN","18"
"104","64","CITY OF BLOOMINGTON","0","Over Votes","410","17TH CONGRESS","PRECINCT 28","793","12","REPUBLICAN","0"
"104","64","CITY OF BLOOMINGTON","0","Under Votes","410","17TH CONGRESS","PRECINCT 28","793","12","REPUBLICAN","6"
"104","64","CITY OF BLOOMINGTON","400","JOE McGRAW","410","17TH CONGRESS","PRECINCT 28","793","12","REPUBLICAN","49"
"104","64","CITY OF BLOOMINGTON","395","SCOTT ALAN CROWL","410","17TH CONGRESS","PRECINCT 28","793","12","REPUBLICAN","27"
"104","64","CITY OF BLOOMINGTON","0","Over Votes","410","17TH CONGRESS","PRECINCT 59","553","12","REPUBLICAN","0"
"104","64","CITY OF BLOOMINGTON","0","Under Votes","410","17TH CONGRESS","PRECINCT 59","553","12","REPUBLICAN","1"
"104","64","CITY OF BLOOMINGTON","400","JOE McGRAW","410","17TH CONGRESS","PRECINCT 59","553","12","REPUBLICAN","5"
"104","64","CITY OF BLOOMINGTON","395","SCOTT ALAN CROWL","410","17TH CONGRESS","PRECINCT 59","553","12","REPUBLICAN","2"
"108","48","CITY OF GALESBURG","400","JOE McGRAW","410","17TH CONGRESS","PRECINCT 3","727","12","REPUBLICAN","28"
"108","48","CITY OF GALESBURG","395","SCOTT ALAN CROWL","410","17TH CONGRESS","PRECINCT 3","727","12","REPUBLICAN","24"
"108","48","CITY OF GALESBURG","400","JOE McGRAW","410","17TH CONGRESS","PRECINCT 6","934","12","REPUBLICAN","30"
"108","48","CITY OF GALESBURG","395","SCOTT ALAN CROWL","410","17TH CONGRESS","PRECINCT 6","934","12","REPUBLICAN","21"
"108","48","CITY OF GALESBURG","400","JOE McGRAW","410","17TH CONGRESS","PRECINCT 9","941","12","REPUBLICAN","29"
"108","48","CITY OF GALESBURG","395","SCOTT ALAN CROWL","410","17TH CONGRESS","PRECINCT 9","941","12","REPUBLICAN","29"
"62","0","McDONOUGH","0","Under Votes","410","17TH CONGRESS","MACOMB CITY #3-F17","0","12","REPUBLICAN PARTY","0"
"62","0","McDONOUGH","400","JOE McGRAW","410","17TH CONGRESS","MACOMB CITY #3-F17","0","12","REPUBLICAN PARTY","0"
"62","0","McDONOUGH","395","SCOTT ALAN CROWL","410","17TH CONGRESS","MACOMB CITY #3-F17","0","12","REPUBLICAN PARTY","0"
"62","0","McDONOUGH","0","Under Votes","410","17TH CONGRESS","MACOMB TOWNSHIP-26","0","12","REPUBLICAN PARTY","3"
"62","0","McDONOUGH","400","JOE McGRAW","410","17TH CONGRESS","MACOMB TOWNSHIP-26","0","12","REPUBLICAN PARTY","34"
"62","0","McDONOUGH","395","SCOTT ALAN CROWL","410","17TH CONGRESS","MACOMB TOWNSHIP-26","0","12","REPUBLICAN PARTY","10"
"62","0","McDONOUGH","0","Over Votes","410","17TH CONGRESS","MACOMB TOWNSHIP-26","0","12","REPUBLICAN PARTY","0"
"62","0","McDONOUGH","0","Under Votes","410","17TH CONGRESS","MACOMB CITY #6-F17","0","12","REPUBLICAN PARTY","0"
"62","0","McDONOUGH","400","JOE McGRAW","410","17TH CONGRESS","MACOMB CITY #6-F17","0","12","REPUBLICAN PARTY","0"
"62","0","McDONOUGH","395","SCOTT ALAN CROWL","410","17TH CONGRESS","MACOMB CITY #6-F17","0","12","REPUBLICAN PARTY","0"
"62","0","McDONOUGH","0","Over Votes","410","17TH CONGRESS","MACOMB CITY #6-F17","0","12","REPUBLICAN PARTY","0"
"62","0","McDONOUGH","0","Under Votes","410","17TH CONGRESS","MOUND-F17","0","12","REPUBLICAN PARTY","0"
"62","0","McDONOUGH","400","JOE McGRAW","410","17TH CONGRESS","MOUND-F17","0","12","REPUBLICAN PARTY","0"
"62","0","McDONOUGH","395","SCOTT ALAN CROWL","410","17TH CONGRESS","MOUND-F17","0","12","REPUBLICAN PARTY","0"
"62","0","McDONOUGH","0","Over Votes","410","17TH CONGRESS","MOUND-F17","0","12","REPUBLICAN PARTY","0"
"62","0","McDONOUGH","0","Under Votes","410","17TH CONGRESS","SCOTLAND-F17","0","12","REPUBLICAN PARTY","0"
"62","0","McDONOUGH","400","JOE McGRAW","410","17TH CONGRESS","SCOTLAND-F17","0","12","REPUBLICAN PARTY","0"
"62","0","McDONOUGH","395","SCOTT ALAN CROWL","410","17TH CONGRESS","SCOTLAND-F17","0","12","REPUBLICAN PARTY","0"
"62","0","McDONOUGH","0","Over Votes","410","17TH CONGRESS","SCOTLAND-F17","0","12","REPUBLICAN PARTY","0"
"62","0","McDONOUGH","0","Under Votes","410","17TH CONGRESS","MACOMB CITY 4-18","0","12","REPUBLICAN PARTY","11"
"62","0","McDONOUGH","400","JOE McGRAW","410","17TH CONGRESS","MACOMB CITY 4-18","0","12","REPUBLICAN PARTY","42"
"62","0","McDONOUGH","395","SCOTT ALAN CROWL","410","17TH CONGRESS","MACOMB CITY 4-18","0","12","REPUBLICAN PARTY","18"
"62","0","McDONOUGH","0","Over Votes","410","17TH CONGRESS","MACOMB CITY 4-18","0","12","REPUBLICAN PARTY","0"
"62","0","McDONOUGH","0","Under Votes","410","17TH CONGRESS","MACOMB CITY 6-21","0","12","REPUBLICAN PARTY","12"
"62","0","McDONOUGH","400","JOE McGRAW","410","17TH CONGRESS","MACOMB CITY 6-21","0","12","REPUBLICAN PARTY","31"
"62","0","McDONOUGH","395","SCOTT ALAN CROWL","410","17TH CONGRESS","MACOMB CITY 6-21","0","12","REPUBLICAN PARTY","13"
"62","0","McDONOUGH","0","Over Votes","410","17TH CONGRESS","MACOMB CITY 6-21","0","12","REPUBLICAN PARTY","0"
"62","0","McDONOUGH","395","SCOTT ALAN CROWL","410","17TH CONGRESS","MACOMB CITY 7-24","0","12","REPUBLICAN PARTY","12"
"62","0","McDONOUGH","0","Over Votes","410","17TH CONGRESS","MACOMB CITY 7-24","0","12","REPUBLICAN PARTY","0"
"62","0","McDONOUGH","0","Under Votes","410","17TH CONGRESS","MACOMB CITY 7-24","0","12","REPUBLICAN PARTY","17"
"62","0","McDONOUGH","400","JOE McGRAW","410","17TH CONGRESS","MACOMB CITY 7-24","0","12","REPUBLICAN PARTY","20"
"62","0","McDONOUGH","0","Under Votes","410","17TH CONGRESS","MACOMB CITY #4-F17","0","12","REPUBLICAN PARTY","0"
"62","0","McDONOUGH","400","JOE McGRAW","410","17TH CONGRESS","MACOMB CITY #4-F17","0","12","REPUBLICAN PARTY","0"
"62","0","McDONOUGH","395","SCOTT ALAN CROWL","410","17TH CONGRESS","MACOMB CITY #4-F17","0","12","REPUBLICAN PARTY","0"
"62","0","McDONOUGH","0","Over Votes","410","17TH CONGRESS","MACOMB CITY #4-F17","0","12","REPUBLICAN PARTY","0"
"62","0","McDONOUGH","395","SCOTT ALAN CROWL","410","17TH CONGRESS","SCOTLAND-33","0","12","REPUBLICAN PARTY","1"
"62","0","McDONOUGH","0","Over Votes","410","17TH CONGRESS","SCOTLAND-33","0","12","REPUBLICAN PARTY","0"
"29","0","FULTON","0","Over Votes","410","17TH CONGRESS","LEE TWP-7","0","12","REPUBLICAN PARTY","0"
"29","0","FULTON","0","Under Votes","410","17TH CONGRESS","LEE TWP-7","0","12","REPUBLICAN PARTY","2"
"29","0","FULTON","395","SCOTT ALAN CROWL","410","17TH CONGRESS","CANTON  7-F17","0","12","REPUBLICAN PARTY","0"
"29","0","FULTON","400","JOE McGRAW","410","17TH CONGRESS","CANTON  7-F17","0","12","REPUBLICAN PARTY","0"
"29","0","FULTON","0","Over Votes","410","17TH CONGRESS","CANTON  7-F17","0","12","REPUBLICAN PARTY","0"
"29","0","FULTON","0","Under Votes","410","17TH CONGRESS","CANTON  7-F17","0","12","REPUBLICAN PARTY","0"
"29","0","FULTON","395","SCOTT ALAN CROWL","410","17TH CONGRESS","CANTON 10-F17","0","12","REPUBLICAN PARTY","0"
"29","0","FULTON","400","JOE McGRAW","410","17TH CONGRESS","CANTON 10-F17","0","12","REPUBLICAN PARTY","0"
"29","0","FULTON","0","Over Votes","410","17TH CONGRESS","CANTON 10-F17","0","12","REPUBLICAN PARTY","0"
"29","0","FULTON","0","Under Votes","410","17TH CONGRESS","CANTON 10-F17","0","12","REPUBLICAN PARTY","0"
"29","0","FULTON","395","SCOTT ALAN CROWL","410","17TH CONGRESS","CANTON 13-F17","0","12","REPUBLICAN PARTY","0"
"29","0","FULTON","400","JOE McGRAW","410","17TH CONGRESS","CANTON 13-F17","0","12","REPUBLICAN PARTY","0"
"29","0","FULTON","0","Over Votes","410","17TH CONGRESS","CANTON 13-F17","0","12","REPUBLICAN PARTY","0"
"29","0","FULTON","0","Under Votes","410","17TH CONGRESS","CANTON 13-F17","0","12","REPUBLICAN PARTY","0"
"29","0","FULTON","395","SCOTT ALAN CROWL","410","17TH CONGRESS","UNION-F17","0","12","REPUBLICAN PARTY","0"
"29","0","FULTON","400","JOE McGRAW","410","17TH CONGRESS","UNION-F17","0","12","REPUBLICAN PARTY","0"
"29","0","FULTON","0","Over Votes","410","17TH CONGRESS","UNION-F17","0","12","REPUBLICAN PARTY","0"
"29","0","FULTON","0","Under Votes","410","17TH CONGRESS","UNION-F17","0","12","REPUBLICAN PARTY","0"
"29","0","FULTON","400","JOE McGRAW","410","17TH CONGRESS","CANTON  7-16","0","12","REPUBLICAN PARTY","29"
"29","0","FULTON","0","Over Votes","410","17TH CONGRESS","CANTON  7-16","0","12","REPUBLICAN PARTY","0"
"29","0","FULTON","395","SCOTT ALAN CROWL","410","17TH CONGRESS","CANTON  7-16","0","12","REPUBLICAN PARTY","16"
"29","0","FULTON","0","Under Votes","410","17TH CONGRESS","CANTON  7-16","0","12","REPUBLICAN PARTY","1"
"29","0","FULTON","395","SCOTT ALAN CROWL","410","17TH CONGRESS","CANTON 10-19","0","12","REPUBLICAN PARTY","2"
"29","0","FULTON","400","JOE McGRAW","410","17TH CONGRESS","CANTON 10-19","0","12","REPUBLICAN PARTY","12"
"29","0","FULTON","0","Over Votes","410","17TH CONGRESS","CANTON 10-19","0","12","REPUBLICAN PARTY","0"
"29","0","FULTON","0","Under Votes","410","17TH CONGRESS","CANTON 10-19","0","12","REPUBLICAN PARTY","0"
"29","0","FULTON","395","SCOTT ALAN CROWL","410","17TH CONGRESS","CANTON 13-22","0","12","REPUBLICAN PARTY","14"
"29","0","FULTON","400","JOE McGRAW","410","17TH CONGRESS","CANTON 13-22","0","12","REPUBLICAN PARTY","30"
"29","0","FULTON","0","Over Votes","410","17TH CONGRESS","CANTON 13-22","0","12","REPUBLICAN PARTY","0"
"29","0","FULTON","0","Under Votes","410","17TH CONGRESS","CANTON 13-22","0","12","REPUBLICAN PARTY","4"
"29","0","FULTON","395","SCOTT ALAN CROWL","410","17TH CONGRESS","CANTON 16-25","0","12","REPUBLICAN PARTY","14"
"29","0","FULTON","400","JOE McGRAW","410","17TH CONGRESS","CANTON 16-25","0","12","REPUBLICAN PARTY","32"
"29","0","FULTON","0","Over Votes","410","17TH CONGRESS","CANTON 16-25","0","12","REPUBLICAN PARTY","0"
"29","0","FULTON","0","Under Votes","410","17TH CONGRESS","CANTON 16-25","0","12","REPUBLICAN PARTY","7"
"29","0","FULTON","395","SCOTT ALAN CROWL","410","17TH CONGRESS","BANNER-F17","0","12","REPUBLICAN PARTY","0"
"29","0","FULTON","400","JOE McGRAW","410","17TH CONGRESS","BANNER-F17","0","12","REPUBLICAN PARTY","0"
"29","0","FULTON","0","Over Votes","410","17TH CONGRESS","BANNER-F17","0","12","REPUBLICAN PARTY","0"
"29","0","FULTON","0","Under Votes","410","17TH CONGRESS","BANNER-F17","0","12","REPUBLICAN PARTY","0"
"29","0","FULTON","395","SCOTT ALAN CROWL","410","17TH CONGRESS","CANTON  1-F17","0","12","REPUBLICAN PARTY","0"
"110","101","CITY OF ROCKFORD","395","SCOTT ALAN CROWL","410","17TH CONGRESS","WARD 4 PRECINCT 6","966","12","REPUBLICAN","13"
"110","101","CITY OF ROCKFORD","0","Over Votes","410","17TH CONGRESS","WARD 4 PRECINCT 6","966","12","REPUBLICAN","0"
"110","101","CITY OF ROCKFORD","0","Under Votes","410","17TH CONGRESS","WARD 4 PRECINCT 7","959","12","REPUBLICAN","6"
"110","101","CITY OF ROCKFORD","400","JOE McGRAW","410","17TH CONGRESS","WARD 4 PRECINCT 7","959","12","REPUBLICAN","69"
"110","101","CITY OF ROCKFORD","395","SCOTT ALAN CROWL","410","17TH CONGRESS","WARD 4 PRECINCT 7","959","12","REPUBLICAN","14"
"110","101","CITY OF ROCKFORD","0","Over Votes","410","17TH CONGRESS","WARD 4 PRECINCT 7","959","12","REPUBLICAN","0"
"110","101","CITY OF ROCKFORD","0","Under Votes","410","17TH CONGRESS","WARD 5 PRECINCT 1","898","12","REPUBLICAN","0"
"110","101","CITY OF ROCKFORD","400","JOE McGRAW","410","17TH CONGRESS","WARD 5 PRECINCT 1","898","12","REPUBLICAN","0"
"110","101","CITY OF ROCKFORD","395","SCOTT ALAN CROWL","410","17TH CONGRESS","WARD 5 PRECINCT 1","898","12","REPUBLICAN","4"
"110","101","CITY OF ROCKFORD","0","Over Votes","410","17TH CONGRESS","WARD 5 PRECINCT 1","898","12","REPUBLICAN","0"
"110","101","CITY OF ROCKFORD","400","JOE McGRAW","410","17TH CONGRESS","WARD 6 PRECINCT 3","1427","12","REPUBLICAN","20"
"110","101","CITY OF ROCKFORD","0","Under Votes","410","17TH CONGRESS","WARD 6 PRECINCT 3","1427","12","REPUBLICAN","5"
"110","101","CITY OF ROCKFORD","395","SCOTT ALAN CROWL","410","17TH CONGRESS","WARD 6 PRECINCT 3","1427","12","REPUBLICAN","10"
"110","101","CITY OF ROCKFORD","0","Over Votes","410","17TH CONGRESS","WARD 6 PRECINCT 3","1427","12","REPUBLICAN","0"
"110","101","CITY OF ROCKFORD","0","Under Votes","410","17TH CONGRESS","WARD 7 PRECINCT 1","914","12","REPUBLICAN","1"
"110","101","CITY OF ROCKFORD","400","JOE McGRAW","410","17TH CONGRESS","WARD 7 PRECINCT 1","914","12","REPUBLICAN","23"
"110","101","CITY OF ROCKFORD","395","SCOTT ALAN CROWL","410","17TH CONGRESS","WARD 7 PRECINCT 1","914","12","REPUBLICAN","3"
"110","101","CITY OF ROCKFORD","0","Over Votes","410","17TH CONGRESS","WARD 7 PRECINCT 1","914","12","REPUBLICAN","0"
"110","101","CITY OF ROCKFORD","0","Under Votes","410","17TH CONGRESS","WARD 8 PRECINCT 4","1025","12","REPUBLICAN","2"
"110","101","CITY OF ROCKFORD","400","JOE McGRAW","410","17TH CONGRESS","WARD 8 PRECINCT 4","1025","12","REPUBLICAN","49"
"110","101","CITY OF ROCKFORD","395","SCOTT ALAN CROWL","410","17TH CONGRESS","WARD 8 PRECINCT 4","1025","12","REPUBLICAN","9"
"110","101","CITY OF ROCKFORD","0","Over Votes","410","17TH CONGRESS","WARD 8 PRECINCT 4","1025","12","REPUBLICAN","0"
"110","101","CITY OF ROCKFORD","0","Under Votes","410","17TH CONGRESS","WARD 10 PRECINCT 1","1005","12","REPUBLICAN","7"
"110","101","CITY OF ROCKFORD","400","JOE McGRAW","410","17TH CONGRESS","WARD 10 PRECINCT 1","1005","12","REPUBLICAN","43"
"110","101","CITY OF ROCKFORD","395","SCOTT ALAN CROWL","410","17TH CONGRESS","WARD 10 PRECINCT 1","1005","12","REPUBLICAN","7"
"110","101","CITY OF ROCKFORD","0","Over Votes","410","17TH CONGRESS","WARD 10 PRECINCT 1","1005","12","REPUBLICAN","0"
"110","101","CITY OF ROCKFORD","0","Under Votes","410","17TH CONGRESS","WARD 10 PRECINCT 2","904","12","REPUBLICAN","9"
"110","101","CITY OF ROCKFORD","400","JOE McGRAW","410","17TH CONGRESS","WARD 10 PRECINCT 2","904","12","REPUBLICAN","40"
"110","101","CITY OF ROCKFORD","0","Over Votes","410","17TH CONGRESS","WARD 2 PRECINCT 1","1191","12","REPUBLICAN","0"
"110","101","CITY OF ROCKFORD","0","Under Votes","410","17TH CONGRESS","WARD 2 PRECINCT 1","1191","12","REPUBLICAN","3"
"110","101","CITY OF ROCKFORD","400","JOE McGRAW","410","17TH CONGRESS","WARD 2 PRECINCT 1","1191","12","REPUBLICAN","31"
"110","101","CITY OF ROCKFORD","395","SCOTT ALAN CROWL","410","17TH CONGRESS","WARD 2 PRECINCT 1","1191","12","REPUBLICAN","12"
"110","101","CITY OF ROCKFORD","0","Over Votes","410","17TH CONGRESS","WARD 3 PRECINCT 1","1027","12","REPUBLICAN","0"
"110","101","CITY OF ROCKFORD","0","Under Votes","410","17TH CONGRESS","WARD 3 PRECINCT 1","1027","12","REPUBLICAN","2"
"110","101","CITY OF ROCKFORD","400","JOE McGRAW","410","17TH CONGRESS","WARD 3 PRECINCT 1","1027","12","REPUBLICAN","78"
"110","101","CITY OF ROCKFORD","395","SCOTT ALAN CROWL","410","17TH CONGRESS","WARD 3 PRECINCT 1","1027","12","REPUBLICAN","15"
"110","101","CITY OF ROCKFORD","0","Over Votes","410","17TH CONGRESS","WARD 3 PRECINCT 2","1022","12","REPUBLICAN","0"
"29","0","FULTON","400","JOE McGRAW","410","17TH CONGRESS","CANTON  1-F17","0","12","REPUBLICAN PARTY","0"
"29","0","FULTON","0","Over Votes","410","17TH CONGRESS","CANTON  1-F17","0","12","REPUBLICAN PARTY","0"
"29","0","FULTON","0","Under Votes","410","17TH CONGRESS","CANTON  1-F17","0","12","REPUBLICAN PARTY","0"
"29","0","FULTON","395","SCOTT ALAN CROWL","410","17TH CONGRESS","CANTON  4-F17","0","12","REPUBLICAN PARTY","0"
"29","0","FULTON","400","JOE McGRAW","410","17TH CONGRESS","CANTON  4-F17","0","12","REPUBLICAN PARTY","0"
"29","0","FULTON","0","Over Votes","410","17TH CONGRESS","CANTON  4-F17","0","12","REPUBLICAN PARTY","0"
"29","0","FULTON","0","Under Votes","410","17TH CONGRESS","CANTON  4-F17","0","12","REPUBLICAN PARTY","0"
"29","0","FULTON","395","SCOTT ALAN CROWL","410","17TH CONGRESS","HARRIS-F17","0","12","REPUBLICAN PARTY","0"
"29","0","FULTON","400","JOE McGRAW","410","17TH CONGRESS","CANTON 15-24","0","12","REPUBLICAN PARTY","19"
"29","0","FULTON","0","Over Votes","410","17TH CONGRESS","CANTON 15-24","0","12","REPUBLICAN PARTY","0"
"29","0","FULTON","395","SCOTT ALAN CROWL","410","17TH CONGRESS","CANTON 15-24","0","12","REPUBLICAN PARTY","13"
"29","0","FULTON","0","Under Votes","410","17TH CONGRESS","CANTON 15-24","0","12","REPUBLICAN PARTY","2"
"29","0","FULTON","395","SCOTT ALAN CROWL","410","17TH CONGRESS","DEERFIELD-8","0","12","REPUBLICAN PARTY","13"
"29","0","FULTON","400","JOE McGRAW","410","17TH CONGRESS","DEERFIELD-8","0","12","REPUBLICAN PARTY","19"
"29","0","FULTON","0","Over Votes","410","17TH CONGRESS","DEERFIELD-8","0","12","REPUBLICAN PARTY","0"
"29","0","FULTON","0","Under Votes","410","17TH CONGRESS","DEERFIELD-8","0","12","REPUBLICAN PARTY","3"
"29","0","FULTON","395","SCOTT ALAN CROWL","410","17TH CONGRESS","HARRIS-27","0","12","REPUBLICAN PARTY","11"
"29","0","FULTON","400","JOE McGRAW","410","17TH CONGRESS","HARRIS-27","0","12","REPUBLICAN PARTY","22"
"29","0","FULTON","0","Over Votes","410","17TH CONGRESS","HARRIS-27","0","12","REPUBLICAN PARTY","0"
"29","0","FULTON","0","Under Votes","410","17TH CONGRESS","HARRIS-27","0","12","REPUBLICAN PARTY","2"
"29","0","FULTON","395","SCOTT ALAN CROWL","410","17TH CONGRESS","CANTON  3-F17","0","12","REPUBLICAN PARTY","0"
"29","0","FULTON","400","JOE McGRAW","410","17TH CONGRESS","CANTON  3-F17","0","12","REPUBLICAN PARTY","0"
"29","0","FULTON","0","Over Votes","410","17TH CONGRESS","CANTON  3-F17","0","12","REPUBLICAN PARTY","0"
"29","0","FULTON","0","Under Votes","410","17TH CONGRESS","CANTON  3-F17","0","12","REPUBLICAN PARTY","0"
"29","0","FULTON","395","SCOTT ALAN CROWL","410","17TH CONGRESS","CANTON  6-F17","0","12","REPUBLICAN PARTY","0"
"29","0","FULTON","400","JOE McGRAW","410","17TH CONGRESS","CANTON  6-F17","0","12","REPUBLICAN PARTY","0"
"29","0","FULTON","0","Over Votes","410","17TH CONGRESS","CANTON  6-F17","0","12","REPUBLICAN PARTY","0"
"29","0","FULTON","0","Under Votes","410","17TH CONGRESS","CANTON  6-F17","0","12","REPUBLICAN PARTY","0"
"29","0","FULTON","395","SCOTT ALAN CROWL","410","17TH CONGRESS","CANTON  9-F17","0","12","REPUBLICAN PARTY","0"
"29","0","FULTON","400","JOE McGRAW","410","17TH CONGRESS","CANTON  9-F17","0","12","REPUBLICAN PARTY","0"
"29","0","FULTON","0","Over Votes","410","17TH CONGRESS","CANTON  9-F17","0","12","REPUBLICAN PARTY","0"
"29","0","FULTON","0","Under Votes","410","17TH CONGRESS","CANTON  9-F17","0","12","REPUBLICAN PARTY","0"
"29","0","FULTON","395","SCOTT ALAN CROWL","410","17TH CONGRESS","PUTMAN-F17","0","12","REPUBLICAN PARTY","0"
"29","0","FULTON","400","JOE McGRAW","410","17TH CONGRESS","PUTMAN-F17","0","12","REPUBLICAN PARTY","0"
"29","0","FULTON","0","Over Votes","410","17TH CONGRESS","PUTMAN-F17","0","12","REPUBLICAN PARTY","0"
"29","0","FULTON","0","Under Votes","410","17TH CONGRESS","PUTMAN-F17","0","12","REPUBLICAN PARTY","0"
"62","0","McDONOUGH","0","Under Votes","410","17TH CONGRESS","SCOTLAND-33","0","12","REPUBLICAN PARTY","0"
"62","0","McDONOUGH","400","JOE McGRAW","410","17TH CONGRESS","SCOTLAND-33","0","12","REPUBLICAN PARTY","3"
"62","0","McDONOUGH","0","Under Votes","410","17TH CONGRESS","MACOMB TWP-F17","0","12","REPUBLICAN PARTY","0"
"62","0","McDONOUGH","400","JOE McGRAW","410","17TH CONGRESS","MACOMB TWP-F17","0","12","REPUBLICAN PARTY","0"
"62","0","McDONOUGH","395","SCOTT ALAN CROWL","410","17TH CONGRESS","MACOMB TWP-F17","0","12","REPUBLICAN PARTY","0"
"62","0","McDONOUGH","0","Over Votes","410","17TH CONGRESS","MACOMB TWP-F17","0","12","REPUBLICAN PARTY","0"
"62","0","McDONOUGH","0","Under Votes","410","17TH CONGRESS","EMMET-9","0","12","REPUBLICAN PARTY","6"
"62","0","McDONOUGH","400","JOE McGRAW","410","17TH CONGRESS","EMMET-9","0","12","REPUBLICAN PARTY","17"
"62","0","McDONOUGH","395","SCOTT ALAN CROWL","410","17TH CONGRESS","EMMET-9","0","12","REPUBLICAN PARTY","6"
"62","0","McDONOUGH","0","Over Votes","410","17TH CONGRESS","EMMET-9","0","12","REPUBLICAN PARTY","0"
"62","0","McDONOUGH","0","Under Votes","410","17TH CONGRESS","EMMET-F17","0","12","REPUBLICAN PARTY","0"
"62","0","McDONOUGH","400","JOE McGRAW","410","17TH CONGRESS","EMMET-F17","0","12","REPUBLICAN PARTY","0"
"62","0","McDONOUGH","395","SCOTT ALAN CROWL","410","17TH CONGRESS","EMMET-F17","0","12","REPUBLICAN PARTY","0"
"62","0","McDONOUGH","0","Over Votes","410","17TH CONGRESS","EMMET-F17","0","12","REPUBLICAN PARTY","0"
"62","0","McDONOUGH","0","Over Votes","410","17TH CONGRESS","MACOMB CITY #3-F17","0","12","REPUBLICAN PARTY","0"
"108","48","CITY OF GALESBURG","390","ERIC SORENSEN","410","17TH CONGRESS","PRECINCT 3","727","11","DEMOCRATIC","56"
"108","48","CITY OF GALESBURG","390","ERIC SORENSEN","410","17TH CONGRESS","PRECINCT 6","934","11","DEMOCRATIC","39"
"108","48","CITY OF GALESBURG","390","ERIC SORENSEN","410","17TH CONGRESS","PRECINCT 9","941","11","DEMOCRATIC","59"
"108","48","CITY OF GALESBURG","390","ERIC SORENSEN","410","17TH CONGRESS","PRECINCT 8","961","11","DEMOCRATIC","53"
"108","48","CITY OF GALESBURG","390","ERIC SORENSEN","410","17TH CONGRESS","PRECINCT 11","751","11","DEMOCRATIC","47"
"108","48","CITY OF GALESBURG","390","ERIC SORENSEN","410","17TH CONGRESS","PRECINCT 14","1069","11","DEMOCRATIC","95"
"108","48","CITY OF GALESBURG","390","ERIC SORENSEN","410","17TH CONGRESS","PRECINCT 17","1063","11","DEMOCRATIC","62"
"108","48","CITY OF GALESBURG","390","ERIC SORENSEN","410","17TH CONGRESS","PRECINCT 16","1054","11","DEMOCRATIC","71"
"108","48","CITY OF GALESBURG","390","ERIC SORENSEN","410","17TH CONGRESS","PRECINCT 19","871","11","DEMOCRATIC","66"
"108","48","CITY OF GALESBURG","390","ERIC SORENSEN","410","17TH CONGRESS","PRECINCT 4","434","11","DEMOCRATIC","29"
"108","48","CITY OF GALESBURG","390","ERIC SORENSEN","410","17TH CONGRESS","PRECINCT 7","576","11","DEMOCRATIC","27"
"108","48","CITY OF GALESBURG","390","ERIC SORENSEN","410","17TH CONGRESS","PRECINCT 10","831","11","DEMOCRATIC","26"
"108","48","CITY OF GALESBURG","390","ERIC SORENSEN","410","17TH CONGRESS","PRECINCT 13","804","11","DEMOCRATIC","43"
"108","48","CITY OF GALESBURG","390","ERIC SORENSEN","410","17TH CONGRESS","PRECINCT 20","1003","11","DEMOCRATIC","85"
"108","48","CITY OF GALESBURG","390","ERIC SORENSEN","410","17TH CONGRESS","PRECINCT 2","1143","11","DEMOCRATIC","68"
"108","48","CITY OF GALESBURG","390","ERIC SORENSEN","410","17TH CONGRESS","PRECINCT 5","878","11","DEMOCRATIC","37"
"108","48","CITY OF GALESBURG","390","ERIC SORENSEN","410","17TH CONGRESS","PRECINCT 1","908","11","DEMOCRATIC","88"
"108","48","CITY OF GALESBURG","390","ERIC SORENSEN","410","17TH CONGRESS","PRECINCT 12","551","11","DEMOCRATIC","36"
"108","48","CITY OF GALESBURG","390","ERIC SORENSEN","410","17TH CONGRESS","PRECINCT 15","571","11","DEMOCRATIC","30"
"108","48","CITY OF GALESBURG","390","ERIC SORENSEN","410","17TH CONGRESS","PRECINCT 18","797","11","DEMOCRATIC","62"
"108","48","CITY OF GALESBURG","0","Over Votes","410","17TH CONGRESS","","0","11","DEMOCRATIC","0"
"108","48","CITY OF GALESBURG","0","Under Votes","410","17TH CONGRESS","","0","11","DEMOCRATIC","46"
"108","48","CITY OF GALESBURG","400","JOE McGRAW","410","17TH CONGRESS","PRECINCT 8","961","12","REPUBLICAN","26"
"108","48","CITY OF GALESBURG","395","SCOTT ALAN CROWL","410","17TH CONGRESS","PRECINCT 8","961","12","REPUBLICAN","13"
"108","48","CITY OF GALESBURG","400","JOE McGRAW","410","17TH CONGRESS","PRECINCT 11","751","12","REPUBLICAN","7"
"108","48","CITY OF GALESBURG","395","SCOTT ALAN CROWL","410","17TH CONGRESS","PRECINCT 11","751","12","REPUBLICAN","7"
"108","48","CITY OF GALESBURG","400","JOE McGRAW","410","17TH CONGRESS","PRECINCT 14","1069","12","REPUBLICAN","46"
"108","48","CITY OF GALESBURG","395","SCOTT ALAN CROWL","410","17TH CONGRESS","PRECINCT 14","1069","12","REPUBLICAN","46"
"108","48","CITY OF GALESBURG","400","JOE McGRAW","410","17TH CONGRESS","PRECINCT 17","1063","12","REPUBLICAN","62"
"108","48","CITY OF GALESBURG","395","SCOTT ALAN CROWL","410","17TH CONGRESS","PRECINCT 17","1063","12","REPUBLICAN","37"
"108","48","CITY OF GALESBURG","400","JOE McGRAW","410","17TH CONGRESS","PRECINCT 4","434","12","REPUBLICAN","11"
"108","48","CITY OF GALESBURG","395","SCOTT ALAN CROWL","410","17TH CONGRESS","PRECINCT 4","434","12","REPUBLICAN","5"
"108","48","CITY OF GALESBURG","400","JOE McGRAW","410","17TH CONGRESS","PRECINCT 7","576","12","REPUBLICAN","31"
"108","48","CITY OF GALESBURG","395","SCOTT ALAN CROWL","410","17TH CONGRESS","PRECINCT 7","576","12","REPUBLICAN","6"
"108","48","CITY OF GALESBURG","400","JOE McGRAW","410","17TH CONGRESS","PRECINCT 10","831","12","REPUBLICAN","12"
"108","48","CITY OF GALESBURG","395","SCOTT ALAN CROWL","410","17TH CONGRESS","PRECINCT 10","831","12","REPUBLICAN","9"
"108","48","CITY OF GALESBURG","400","JOE McGRAW","410","17TH CONGRESS","PRECINCT 13","804","12","REPUBLICAN","33"
"108","48","CITY OF GALESBURG","395","SCOTT ALAN CROWL","410","17TH CONGRESS","PRECINCT 13","804","12","REPUBLICAN","22"
"108","48","CITY OF GALESBURG","400","JOE McGRAW","410","17TH CONGRESS","PRECINCT 12","551","12","REPUBLICAN","11"
"108","48","CITY OF GALESBURG","395","SCOTT ALAN CROWL","410","17TH CONGRESS","PRECINCT 12","551","12","REPUBLICAN","17"
"108","48","CITY OF GALESBURG","400","JOE McGRAW","410","17TH CONGRESS","PRECINCT 15","571","12","REPUBLICAN","10"
"108","48","CITY OF GALESBURG","395","SCOTT ALAN CROWL","410","17TH CONGRESS","PRECINCT 15","571","12","REPUBLICAN","13"
"108","48","CITY OF GALESBURG","400","JOE McGRAW","410","17TH CONGRESS","PRECINCT 18","797","12","REPUBLICAN","70"
"108","48","CITY OF GALESBURG","395","SCOTT ALAN CROWL","410","17TH CONGRESS","PRECINCT 18","797","12","REPUBLICAN","44"
"108","48","CITY OF GALESBURG","400","JOE McGRAW","410","17TH CONGRESS","PRECINCT 1","908","12","REPUBLICAN","50"
"108","48","CITY OF GALESBURG","395","SCOTT ALAN CROWL","410","17TH CONGRESS","PRECINCT 1","908","12","REPUBLICAN","38"
"108","48","CITY OF GALESBURG","400","JOE McGRAW","410","17TH CONGRESS","PRECINCT 20","1003","12","REPUBLICAN","64"
"108","48","CITY OF GALESBURG","395","SCOTT ALAN CROWL","410","17TH CONGRESS","PRECINCT 20","1003","12","REPUBLICAN","50"
"108","48","CITY OF GALESBURG","400","JOE McGRAW","410","17TH CONGRESS","PRECINCT 2","1143","12","REPUBLICAN","58"
"108","48","CITY OF GALESBURG","395","SCOTT ALAN CROWL","410","17TH CONGRESS","PRECINCT 2","1143","12","REPUBLICAN","30"
"108","48","CITY OF GALESBURG","400","JOE McGRAW","410","17TH CONGRESS","PRECINCT 5","878","12","REPUBLICAN","19"
"108","48","CITY OF GALESBURG","395","SCOTT ALAN CROWL","410","17TH CONGRESS","PRECINCT 5","878","12","REPUBLICAN","11"
"108","48","CITY OF GALESBURG","400","JOE McGRAW","410","17TH CONGRESS","PRECINCT 16","1054","12","REPUBLICAN","48"
"108","48","CITY OF GALESBURG","395","SCOTT ALAN CROWL","410","17TH CONGRESS","PRECINCT 16","1054","12","REPUBLICAN","38"
"108","48","CITY OF GALESBURG","400","JOE McGRAW","410","17TH CONGRESS","PRECINCT 19","871","12","REPUBLICAN","55"
"108","48","CITY OF GALESBURG","395","SCOTT ALAN CROWL","410","17TH CONGRESS","PRECINCT 19","871","12","REPUBLICAN","34"
"108","48","CITY OF GALESBURG","0","Under Votes","410","17TH CONGRESS","","0","12","REPUBLICAN","147"
"108","48","CITY OF GALESBURG","0","Over Votes","410","17TH CONGRESS","","0","12","REPUBLICAN","0"
"81","0","ROCK ISLAND","395","SCOTT ALAN CROWL","410","17TH CONGRESS","SO MOLINE 16","765","12","REPUBLICAN","10"
"81","0","ROCK ISLAND","0","Over Votes","410","17TH CONGRESS","SO MOLINE 16","765","12","REPUBLICAN","0"
"81","0","ROCK ISLAND","0","Blank Ballots","410","17TH CONGRESS","MOLINE 16","767","12","REPUBLICAN","2"
"81","0","ROCK ISLAND","400","JOE McGRAW","410","17TH CONGRESS","MOLINE 16","767","12","REPUBLICAN","11"
"81","0","ROCK ISLAND","0","Under Votes","410","17TH CONGRESS","MOLINE 16","767","12","REPUBLICAN","0"
"81","0","ROCK ISLAND","395","SCOTT ALAN CROWL","410","17TH CONGRESS","MOLINE 16","767","12","REPUBLICAN","4"
"81","0","ROCK ISLAND","0","Over Votes","410","17TH CONGRESS","MOLINE 16","767","12","REPUBLICAN","0"
"81","0","ROCK ISLAND","0","Blank Ballots","410","17TH CONGRESS","MOLINE 19","410","12","REPUBLICAN","0"
"81","0","ROCK ISLAND","400","JOE McGRAW","410","17TH CONGRESS","MOLINE 19","410","12","REPUBLICAN","11"
"81","0","ROCK ISLAND","0","Under Votes","410","17TH CONGRESS","MOLINE 19","410","12","REPUBLICAN","0"
"81","0","ROCK ISLAND","395","SCOTT ALAN CROWL","410","17TH CONGRESS","MOLINE 19","410","12","REPUBLICAN","4"
"81","0","ROCK ISLAND","0","Over Votes","410","17TH CONGRESS","MOLINE 19","410","12","REPUBLICAN","0"
"81","0","ROCK ISLAND","0","Blank Ballots","410","17TH CONGRESS","ROCK ISLAND 2","230","12","REPUBLICAN","0"
"81","0","ROCK ISLAND","400","JOE McGRAW","410","17TH CONGRESS","ROCK ISLAND 2","230","12","REPUBLICAN","2"
"81","0","ROCK ISLAND","0","Under Votes","410","17TH CONGRESS","ROCK ISLAND 2","230","12","REPUBLICAN","0"
"81","0","ROCK ISLAND","0","Over Votes","410","17TH CONGRESS","ROCK ISLAND 2","230","12","REPUBLICAN","0"
"81","0","ROCK ISLAND","395","SCOTT ALAN CROWL","410","17TH CONGRESS","ROCK ISLAND 2","230","12","REPUBLICAN","1"
"81","0","ROCK ISLAND","400","JOE McGRAW","410","17TH CONGRESS","SO ROCK ISLAND 2","549","12","REPUBLICAN","2"
"81","0","ROCK ISLAND","0","Under Votes","410","17TH CONGRESS","SO ROCK ISLAND 2","549","12","REPUBLICAN","0"
"81","0","ROCK ISLAND","395","SCOTT ALAN CROWL","410","17TH CONGRESS","SO ROCK ISLAND 2","549","12","REPUBLICAN","1"
"81","0","ROCK ISLAND","0","Over Votes","410","17TH CONGRESS","SO ROCK ISLAND 2","549","12","REPUBLICAN","0"
"81","0","ROCK ISLAND","0","Blank Ballots","410","17TH CONGRESS","SO ROCK ISLAND 2","549","12","REPUBLICAN","0"
"81","0","ROCK ISLAND","400","JOE McGRAW","410","17TH CONGRESS","BLACKHAWK 2","532","12","REPUBLICAN","9"
"81","0","ROCK ISLAND","0","Under Votes","410","17TH CONGRESS","BLACKHAWK 2","532","12","REPUBLICAN","0"
"81","0","ROCK ISLAND","395","SCOTT ALAN CROWL","410","17TH CONGRESS","BLACKHAWK 2","532","12","REPUBLICAN","8"
"81","0","ROCK ISLAND","0","Over Votes","410","17TH CONGRESS","BLACKHAWK 2","532","12","REPUBLICAN","0"
"81","0","ROCK ISLAND","0","Blank Ballots","410","17TH CONGRESS","BLACKHAWK 2","532","12","REPUBLICAN","3"
"81","0","ROCK ISLAND","400","JOE McGRAW","410","17TH CONGRESS","BLACKHAWK 5","546","12","REPUBLICAN","19"
"81","0","ROCK ISLAND","0","Under Votes","410","17TH CONGRESS","BLACKHAWK 5","546","12","REPUBLICAN","0"
"81","0","ROCK ISLAND","395","SCOTT ALAN CROWL","410","17TH CONGRESS","BLACKHAWK 5","546","12","REPUBLICAN","15"
"81","0","ROCK ISLAND","0","Over Votes","410","17TH CONGRESS","BLACKHAWK 5","546","12","REPUBLICAN","0"
"81","0","ROCK ISLAND","0","Blank Ballots","410","17TH CONGRESS","BLACKHAWK 5","546","12","REPUBLICAN","5"
"81","0","ROCK ISLAND","400","JOE McGRAW","410","17TH CONGRESS","BOWLING 1","1459","12","REPUBLICAN","59"
"81","0","ROCK ISLAND","0","Under Votes","410","17TH CONGRESS","BOWLING 1","1459","12","REPUBLICAN","0"
"81","0","ROCK ISLAND","395","SCOTT ALAN CROWL","410","17TH CONGRESS","BOWLING 1","1459","12","REPUBLICAN","94"
"81","0","ROCK ISLAND","0","Blank Ballots","410","17TH CONGRESS","BOWLING 1","1459","12","REPUBLICAN","9"
"81","0","ROCK ISLAND","0","Over Votes","410","17TH CONGRESS","BOWLING 1","1459","12","REPUBLICAN","0"
"81","0","ROCK ISLAND","0","Under Votes","410","17TH CONGRESS","SO MOLINE 17","991","12","REPUBLICAN","0"
"81","0","ROCK ISLAND","395","SCOTT ALAN CROWL","410","17TH CONGRESS","SO MOLINE 17","991","12","REPUBLICAN","12"
"81","0","ROCK ISLAND","0","Over Votes","410","17TH CONGRESS","SO MOLINE 17","991","12","REPUBLICAN","0"
"81","0","ROCK ISLAND","0","Blank Ballots","410","17TH CONGRESS","SO MOLINE 17","991","12","REPUBLICAN","5"
"110","101","CITY OF ROCKFORD","0","Under Votes","410","17TH CONGRESS","WARD 3 PRECINCT 2","1022","12","REPUBLICAN","6"
"110","101","CITY OF ROCKFORD","400","JOE McGRAW","410","17TH CONGRESS","WARD 3 PRECINCT 2","1022","12","REPUBLICAN","66"
"110","101","CITY OF ROCKFORD","395","SCOTT ALAN CROWL","410","17TH CONGRESS","WARD 3 PRECINCT 2","1022","12","REPUBLICAN","18"
"110","101","CITY OF ROCKFORD","0","Over Votes","410","17TH CONGRESS","WARD 3 PRECINCT 3","1072","12","REPUBLICAN","0"
"110","101","CITY OF ROCKFORD","0","Under Votes","410","17TH CONGRESS","WARD 3 PRECINCT 3","1072","12","REPUBLICAN","3"
"110","101","CITY OF ROCKFORD","400","JOE McGRAW","410","17TH CONGRESS","WARD 3 PRECINCT 3","1072","12","REPUBLICAN","20"
"110","101","CITY OF ROCKFORD","395","SCOTT ALAN CROWL","410","17TH CONGRESS","WARD 3 PRECINCT 3","1072","12","REPUBLICAN","4"
"110","101","CITY OF ROCKFORD","0","Over Votes","410","17TH CONGRESS","WARD 3 PRECINCT 4","911","12","REPUBLICAN","0"
"110","101","CITY OF ROCKFORD","0","Under Votes","410","17TH CONGRESS","WARD 3 PRECINCT 4","911","12","REPUBLICAN","11"
"110","101","CITY OF ROCKFORD","400","JOE McGRAW","410","17TH CONGRESS","WARD 3 PRECINCT 4","911","12","REPUBLICAN","54"
"110","101","CITY OF ROCKFORD","395","SCOTT ALAN CROWL","410","17TH CONGRESS","WARD 3 PRECINCT 4","911","12","REPUBLICAN","14"
"110","101","CITY OF ROCKFORD","0","Over Votes","410","17TH CONGRESS","WARD 4 PRECINCT 4","1062","12","REPUBLICAN","0"
"110","101","CITY OF ROCKFORD","0","Under Votes","410","17TH CONGRESS","WARD 4 PRECINCT 4","1062","12","REPUBLICAN","4"
"110","101","CITY OF ROCKFORD","400","JOE McGRAW","410","17TH CONGRESS","WARD 4 PRECINCT 4","1062","12","REPUBLICAN","37"
"110","101","CITY OF ROCKFORD","395","SCOTT ALAN CROWL","410","17TH CONGRESS","WARD 4 PRECINCT 4","1062","12","REPUBLICAN","7"
"110","101","CITY OF ROCKFORD","0","Over Votes","410","17TH CONGRESS","WARD 4 PRECINCT 5","1203","12","REPUBLICAN","0"
"110","101","CITY OF ROCKFORD","0","Under Votes","410","17TH CONGRESS","WARD 4 PRECINCT 5","1203","12","REPUBLICAN","6"
"110","101","CITY OF ROCKFORD","400","JOE McGRAW","410","17TH CONGRESS","WARD 4 PRECINCT 5","1203","12","REPUBLICAN","93"
"110","101","CITY OF ROCKFORD","395","SCOTT ALAN CROWL","410","17TH CONGRESS","WARD 4 PRECINCT 5","1203","12","REPUBLICAN","13"
"110","101","CITY OF ROCKFORD","0","Over Votes","410","17TH CONGRESS","WARD 6 PRECINCT 1","1161","12","REPUBLICAN","0"
"110","101","CITY OF ROCKFORD","0","Under Votes","410","17TH CONGRESS","WARD 6 PRECINCT 1","1161","12","REPUBLICAN","1"
"110","101","CITY OF ROCKFORD","400","JOE McGRAW","410","17TH CONGRESS","WARD 6 PRECINCT 1","1161","12","REPUBLICAN","20"
"110","101","CITY OF ROCKFORD","395","SCOTT ALAN CROWL","410","17TH CONGRESS","WARD 6 PRECINCT 1","1161","12","REPUBLICAN","6"
"110","101","CITY OF ROCKFORD","0","Under Votes","410","17TH CONGRESS","WARD 8 PRECINCT 2","961","12","REPUBLICAN","0"
"110","101","CITY OF ROCKFORD","400","JOE McGRAW","410","17TH CONGRESS","WARD 8 PRECINCT 2","961","12","REPUBLICAN","33"
"110","101","CITY OF ROCKFORD","395","SCOTT ALAN CROWL","410","17TH CONGRESS","WARD 8 PRECINCT 2","961","12","REPUBLICAN","5"
"110","101","CITY OF ROCKFORD","0","Over Votes","410","17TH CONGRESS","WARD 8 PRECINCT 2","961","12","REPUBLICAN","0"
"110","101","CITY OF ROCKFORD","0","Under Votes","410","17TH CONGRESS","WARD 8 PRECINCT 3","946","12","REPUBLICAN","4"
"110","101","CITY OF ROCKFORD","400","JOE McGRAW","410","17TH CONGRESS","WARD 8 PRECINCT 3","946","12","REPUBLICAN","31"
"110","101","CITY OF ROCKFORD","395","SCOTT ALAN CROWL","410","17TH CONGRESS","WARD 8 PRECINCT 3","946","12","REPUBLICAN","8"
"110","101","CITY OF ROCKFORD","0","Over Votes","410","17TH CONGRESS","WARD 8 PRECINCT 3","946","12","REPUBLICAN","0"
"110","101","CITY OF ROCKFORD","0","Over Votes","410","17TH CONGRESS","WARD 2 PRECINCT 5","1094","12","REPUBLICAN","0"
"110","101","CITY OF ROCKFORD","0","Under Votes","410","17TH CONGRESS","WARD 2 PRECINCT 5","1094","12","REPUBLICAN","4"
"110","101","CITY OF ROCKFORD","400","JOE McGRAW","410","17TH CONGRESS","WARD 2 PRECINCT 5","1094","12","REPUBLICAN","34"
"110","101","CITY OF ROCKFORD","395","SCOTT ALAN CROWL","410","17TH CONGRESS","WARD 2 PRECINCT 5","1094","12","REPUBLICAN","13"
"110","101","CITY OF ROCKFORD","0","Under Votes","410","17TH CONGRESS","WARD 4 PRECINCT 3","909","12","REPUBLICAN","3"
"110","101","CITY OF ROCKFORD","400","JOE McGRAW","410","17TH CONGRESS","WARD 4 PRECINCT 3","909","12","REPUBLICAN","59"
"81","0","ROCK ISLAND","400","JOE McGRAW","410","17TH CONGRESS","SO MOLINE 20","734","12","REPUBLICAN","32"
"81","0","ROCK ISLAND","0","Under Votes","410","17TH CONGRESS","SO MOLINE 20","734","12","REPUBLICAN","0"
"81","0","ROCK ISLAND","395","SCOTT ALAN CROWL","410","17TH CONGRESS","SO MOLINE 20","734","12","REPUBLICAN","11"
"81","0","ROCK ISLAND","0","Over Votes","410","17TH CONGRESS","SO MOLINE 20","734","12","REPUBLICAN","0"
"81","0","ROCK ISLAND","0","Blank Ballots","410","17TH CONGRESS","SO MOLINE 20","734","12","REPUBLICAN","3"
"81","0","ROCK ISLAND","400","JOE McGRAW","410","17TH CONGRESS","MOLINE 20","684","12","REPUBLICAN","27"
"81","0","ROCK ISLAND","0","Under Votes","410","17TH CONGRESS","MOLINE 20","684","12","REPUBLICAN","0"
"81","0","ROCK ISLAND","395","SCOTT ALAN CROWL","410","17TH CONGRESS","MOLINE 20","684","12","REPUBLICAN","12"
"81","0","ROCK ISLAND","0","Over Votes","410","17TH CONGRESS","MOLINE 20","684","12","REPUBLICAN","0"
"81","0","ROCK ISLAND","0","Blank Ballots","410","17TH CONGRESS","MOLINE 20","684","12","REPUBLICAN","4"
"81","0","ROCK ISLAND","400","JOE McGRAW","410","17TH CONGRESS","ROCK ISLAND 3","468","12","REPUBLICAN","1"
"81","0","ROCK ISLAND","0","Under Votes","410","17TH CONGRESS","ROCK ISLAND 3","468","12","REPUBLICAN","0"
"81","0","ROCK ISLAND","395","SCOTT ALAN CROWL","410","17TH CONGRESS","ROCK ISLAND 3","468","12","REPUBLICAN","0"
"81","0","ROCK ISLAND","0","Over Votes","410","17TH CONGRESS","ROCK ISLAND 3","468","12","REPUBLICAN","0"
"81","0","ROCK ISLAND","0","Blank Ballots","410","17TH CONGRESS","ROCK ISLAND 3","468","12","REPUBLICAN","1"
"81","0","ROCK ISLAND","400","JOE McGRAW","410","17TH CONGRESS","ROCK ISLAND 6","610","12","REPUBLICAN","5"
"81","0","ROCK ISLAND","0","Under Votes","410","17TH CONGRESS","ROCK ISLAND 6","610","12","REPUBLICAN","0"
"81","0","ROCK ISLAND","395","SCOTT ALAN CROWL","410","17TH CONGRESS","ROCK ISLAND 6","610","12","REPUBLICAN","5"
"81","0","ROCK ISLAND","0","Over Votes","410","17TH CONGRESS","ROCK ISLAND 6","610","12","REPUBLICAN","0"
"81","0","ROCK ISLAND","0","Blank Ballots","410","17TH CONGRESS","ROCK ISLAND 6","610","12","REPUBLICAN","0"
"81","0","ROCK ISLAND","0","Blank Ballots","410","17TH CONGRESS","BLACKHAWK 1","541","12","REPUBLICAN","2"
"81","0","ROCK ISLAND","400","JOE McGRAW","410","17TH CONGRESS","BLACKHAWK 1","541","12","REPUBLICAN","13"
"81","0","ROCK ISLAND","0","Under Votes","410","17TH CONGRESS","BLACKHAWK 1","541","12","REPUBLICAN","0"
"81","0","ROCK ISLAND","395","SCOTT ALAN CROWL","410","17TH CONGRESS","BLACKHAWK 1","541","12","REPUBLICAN","6"
"81","0","ROCK ISLAND","0","Over Votes","410","17TH CONGRESS","BLACKHAWK 1","541","12","REPUBLICAN","0"
"81","0","ROCK ISLAND","0","Blank Ballots","410","17TH CONGRESS","BLACKHAWK 4","995","12","REPUBLICAN","5"
"81","0","ROCK ISLAND","400","JOE McGRAW","410","17TH CONGRESS","BLACKHAWK 4","995","12","REPUBLICAN","49"
"81","0","ROCK ISLAND","0","Under Votes","410","17TH CONGRESS","BLACKHAWK 4","995","12","REPUBLICAN","0"
"81","0","ROCK ISLAND","395","SCOTT ALAN CROWL","410","17TH CONGRESS","BLACKHAWK 4","995","12","REPUBLICAN","43"
"81","0","ROCK ISLAND","0","Over Votes","410","17TH CONGRESS","BLACKHAWK 4","995","12","REPUBLICAN","0"
"81","0","ROCK ISLAND","400","JOE McGRAW","410","17TH CONGRESS","BOWLING 2","979","12","REPUBLICAN","22"
"81","0","ROCK ISLAND","0","Under Votes","410","17TH CONGRESS","BOWLING 2","979","12","REPUBLICAN","0"
"81","0","ROCK ISLAND","395","SCOTT ALAN CROWL","410","17TH CONGRESS","BOWLING 2","979","12","REPUBLICAN","15"
"81","0","ROCK ISLAND","0","Over Votes","410","17TH CONGRESS","BOWLING 2","979","12","REPUBLICAN","0"
"81","0","ROCK ISLAND","0","Blank Ballots","410","17TH CONGRESS","BOWLING 2","979","12","REPUBLICAN","8"
"104","64","CITY OF BLOOMINGTON","0","Under Votes","410","17TH CONGRESS","PRECINCT 15","1170","11","DEMOCRATIC","7"
"104","64","CITY OF BLOOMINGTON","390","ERIC SORENSEN","410","17TH CONGRESS","PRECINCT 15","1170","11","DEMOCRATIC","42"
"104","64","CITY OF BLOOMINGTON","0","Over Votes","410","17TH CONGRESS","PRECINCT 15","1170","11","DEMOCRATIC","0"
"104","64","CITY OF BLOOMINGTON","0","Under Votes","410","17TH CONGRESS","PRECINCT 16","1031","11","DEMOCRATIC","1"
"104","64","CITY OF BLOOMINGTON","390","ERIC SORENSEN","410","17TH CONGRESS","PRECINCT 16","1031","11","DEMOCRATIC","53"
"104","64","CITY OF BLOOMINGTON","0","Over Votes","410","17TH CONGRESS","PRECINCT 16","1031","11","DEMOCRATIC","0"
"110","101","CITY OF ROCKFORD","395","SCOTT ALAN CROWL","410","17TH CONGRESS","WARD 4 PRECINCT 3","909","12","REPUBLICAN","14"
"110","101","CITY OF ROCKFORD","0","Over Votes","410","17TH CONGRESS","WARD 4 PRECINCT 3","909","12","REPUBLICAN","0"
"110","101","CITY OF ROCKFORD","395","SCOTT ALAN CROWL","410","17TH CONGRESS","WARD 7 PRECINCT 6","883","12","REPUBLICAN","3"
"110","101","CITY OF ROCKFORD","0","Over Votes","410","17TH CONGRESS","WARD 7 PRECINCT 6","883","12","REPUBLICAN","0"
"110","101","CITY OF ROCKFORD","0","Under Votes","410","17TH CONGRESS","WARD 7 PRECINCT 6","883","12","REPUBLICAN","2"
"110","101","CITY OF ROCKFORD","400","JOE McGRAW","410","17TH CONGRESS","WARD 7 PRECINCT 6","883","12","REPUBLICAN","12"
"110","101","CITY OF ROCKFORD","0","Over Votes","410","17TH CONGRESS","WARD 9 PRECINCT 1","1127","12","REPUBLICAN","0"
"110","101","CITY OF ROCKFORD","0","Under Votes","410","17TH CONGRESS","WARD 9 PRECINCT 1","1127","12","REPUBLICAN","4"
"110","101","CITY OF ROCKFORD","400","JOE McGRAW","410","17TH CONGRESS","WARD 9 PRECINCT 1","1127","12","REPUBLICAN","33"
"110","101","CITY OF ROCKFORD","395","SCOTT ALAN CROWL","410","17TH CONGRESS","WARD 9 PRECINCT 1","1127","12","REPUBLICAN","9"
"110","101","CITY OF ROCKFORD","0","Under Votes","410","17TH CONGRESS","WARD 9 PRECINCT 2","1158","12","REPUBLICAN","3"
"110","101","CITY OF ROCKFORD","400","JOE McGRAW","410","17TH CONGRESS","WARD 9 PRECINCT 2","1158","12","REPUBLICAN","42"
"110","101","CITY OF ROCKFORD","395","SCOTT ALAN CROWL","410","17TH CONGRESS","WARD 9 PRECINCT 2","1158","12","REPUBLICAN","8"
"110","101","CITY OF ROCKFORD","0","Over Votes","410","17TH CONGRESS","WARD 9 PRECINCT 2","1158","12","REPUBLICAN","0"
"110","101","CITY OF ROCKFORD","0","Under Votes","410","17TH CONGRESS","WARD 14 PRECINCT 5","1195","12","REPUBLICAN","9"
"110","101","CITY OF ROCKFORD","400","JOE McGRAW","410","17TH CONGRESS","WARD 14 PRECINCT 5","1195","12","REPUBLICAN","61"
"110","101","CITY OF ROCKFORD","395","SCOTT ALAN CROWL","410","17TH CONGRESS","WARD 14 PRECINCT 5","1195","12","REPUBLICAN","18"
"110","101","CITY OF ROCKFORD","0","Over Votes","410","17TH CONGRESS","WARD 14 PRECINCT 5","1195","12","REPUBLICAN","0"
"104","64","CITY OF BLOOMINGTON","0","Under Votes","410","17TH CONGRESS","PRECINCT 29","1077","11","DEMOCRATIC","1"
"104","64","CITY OF BLOOMINGTON","390","ERIC SORENSEN","410","17TH CONGRESS","PRECINCT 29","1077","11","DEMOCRATIC","66"
"104","64","CITY OF BLOOMINGTON","0","Over Votes","410","17TH CONGRESS","PRECINCT 29","1077","11","DEMOCRATIC","0"
"104","64","CITY OF BLOOMINGTON","0","Under Votes","410","17TH CONGRESS","PRECINCT 41","1137","11","DEMOCRATIC","7"
"104","64","CITY OF BLOOMINGTON","390","ERIC SORENSEN","410","17TH CONGRESS","PRECINCT 41","1137","11","DEMOCRATIC","82"
"104","64","CITY OF BLOOMINGTON","0","Over Votes","410","17TH CONGRESS","PRECINCT 41","1137","11","DEMOCRATIC","0"
"104","64","CITY OF BLOOMINGTON","0","Under Votes","410","17TH CONGRESS","PRECINCT 57","738","11","DEMOCRATIC","8"
"104","64","CITY OF BLOOMINGTON","390","ERIC SORENSEN","410","17TH CONGRESS","PRECINCT 57","738","11","DEMOCRATIC","34"
"104","64","CITY OF BLOOMINGTON","0","Over Votes","410","17TH CONGRESS","PRECINCT 57","738","11","DEMOCRATIC","0"
"104","64","CITY OF BLOOMINGTON","0","Under Votes","410","17TH CONGRESS","PRECINCT 2","949","11","DEMOCRATIC","0"
"104","64","CITY OF BLOOMINGTON","390","ERIC SORENSEN","410","17TH CONGRESS","PRECINCT 2","949","11","DEMOCRATIC","0"
"104","64","CITY OF BLOOMINGTON","0","Over Votes","410","17TH CONGRESS","PRECINCT 2","949","11","DEMOCRATIC","0"
"104","64","CITY OF BLOOMINGTON","0","Under Votes","410","17TH CONGRESS","PRECINCT 23","1411","11","DEMOCRATIC","3"
"104","64","CITY OF BLOOMINGTON","390","ERIC SORENSEN","410","17TH CONGRESS","PRECINCT 23","1411","11","DEMOCRATIC","83"
"104","64","CITY OF BLOOMINGTON","0","Over Votes","410","17TH CONGRESS","PRECINCT 23","1411","11","DEMOCRATIC","0"
"104","64","CITY OF BLOOMINGTON","0","Under Votes","410","17TH CONGRESS","PRECINCT 24","1077","11","DEMOCRATIC","5"
"104","64","CITY OF BLOOMINGTON","390","ERIC SORENSEN","410","17TH CONGRESS","PRECINCT 24","1077","11","DEMOCRATIC","88"
"104","64","CITY OF BLOOMINGTON","0","Over Votes","410","17TH CONGRESS","PRECINCT 24","1077","11","DEMOCRATIC","0"
"104","64","CITY OF BLOOMINGTON","0","Under Votes","410","17TH CONGRESS","PRECINCT 5","1135","11","DEMOCRATIC","2"
"104","64","CITY OF BLOOMINGTON","390","ERIC SORENSEN","410","17TH CONGRESS","PRECINCT 5","1135","11","DEMOCRATIC","59"
"104","64","CITY OF BLOOMINGTON","0","Over Votes","410","17TH CONGRESS","PRECINCT 5","1135","11","DEMOCRATIC","0"
"104","64","CITY OF BLOOMINGTON","0","Under Votes","410","17TH CONGRESS","PRECINCT 6","968","11","DEMOCRATIC","9"
"104","64","CITY OF BLOOMINGTON","390","ERIC SORENSEN","410","17TH CONGRESS","PRECINCT 6","968","11","DEMOCRATIC","47"
"104","64","CITY OF BLOOMINGTON","0","Over Votes","410","17TH CONGRESS","PRECINCT 6","968","11","DEMOCRATIC","0"
"104","64","CITY OF BLOOMINGTON","0","Under Votes","410","17TH CONGRESS","PRECINCT 28","793","11","DEMOCRATIC","2"
"104","64","CITY OF BLOOMINGTON","390","ERIC SORENSEN","410","17TH CONGRESS","PRECINCT 28","793","11","DEMOCRATIC","50"
"104","64","CITY OF BLOOMINGTON","0","Over Votes","410","17TH CONGRESS","PRECINCT 28","793","11","DEMOCRATIC","0"
"104","64","CITY OF BLOOMINGTON","0","Under Votes","410","17TH CONGRESS","PRECINCT 59","553","11","DEMOCRATIC","1"
"104","64","CITY OF BLOOMINGTON","390","ERIC SORENSEN","410","17TH CONGRESS","PRECINCT 59","553","11","DEMOCRATIC","19"
"104","64","CITY OF BLOOMINGTON","0","Over Votes","410","17TH CONGRESS","PRECINCT 59","553","11","DEMOCRATIC","0"
"104","64","CITY OF BLOOMINGTON","0","Under Votes","410","17TH CONGRESS","PRECINCT 9","677","11","DEMOCRATIC","3"
"104","64","CITY OF BLOOMINGTON","390","ERIC SORENSEN","410","17TH CONGRESS","PRECINCT 9","677","11","DEMOCRATIC","40"
"104","64","CITY OF BLOOMINGTON","0","Over Votes","410","17TH CONGRESS","PRECINCT 9","677","11","DEMOCRATIC","0"
"104","64","CITY OF BLOOMINGTON","0","Under Votes","410","17TH CONGRESS","PRECINCT 22","1234","11","DEMOCRATIC","8"
"104","64","CITY OF BLOOMINGTON","390","ERIC SORENSEN","410","17TH CONGRESS","PRECINCT 22","1234","11","DEMOCRATIC","160"
"104","64","CITY OF BLOOMINGTON","0","Over Votes","410","17TH CONGRESS","PRECINCT 22","1234","11","DEMOCRATIC","0"
"104","64","CITY OF BLOOMINGTON","0","Under Votes","410","17TH CONGRESS","PRECINCT 32","957","11","DEMOCRATIC","4"
"104","64","CITY OF BLOOMINGTON","390","ERIC SORENSEN","410","17TH CONGRESS","PRECINCT 32","957","11","DEMOCRATIC","38"
"104","64","CITY OF BLOOMINGTON","0","Over Votes","410","17TH CONGRESS","PRECINCT 32","957","11","DEMOCRATIC","0"
"104","64","CITY OF BLOOMINGTON","0","Under Votes","410","17TH CONGRESS","PRECINCT 46","614","11","DEMOCRATIC","1"
"104","64","CITY OF BLOOMINGTON","390","ERIC SORENSEN","410","17TH CONGRESS","PRECINCT 46","614","11","DEMOCRATIC","11"
"104","64","CITY OF BLOOMINGTON","0","Over Votes","410","17TH CONGRESS","PRECINCT 46","614","11","DEMOCRATIC","0"
"104","64","CITY OF BLOOMINGTON","0","Under Votes","410","17TH CONGRESS","PRECINCT 1","745","11","DEMOCRATIC","7"
"104","64","CITY OF BLOOMINGTON","390","ERIC SORENSEN","410","17TH CONGRESS","PRECINCT 1","745","11","DEMOCRATIC","98"
"104","64","CITY OF BLOOMINGTON","0","Over Votes","410","17TH CONGRESS","PRECINCT 1","745","11","DEMOCRATIC","0"
"104","64","CITY OF BLOOMINGTON","0","Under Votes","410","17TH CONGRESS","PRECINCT 13","1194","11","DEMOCRATIC","6"
"104","64","CITY OF BLOOMINGTON","390","ERIC SORENSEN","410","17TH CONGRESS","PRECINCT 13","1194","11","DEMOCRATIC","53"
"104","64","CITY OF BLOOMINGTON","0","Over Votes","410","17TH CONGRESS","PRECINCT 13","1194","11","DEMOCRATIC","0"
"104","64","CITY OF BLOOMINGTON","0","Under Votes","410","17TH CONGRESS","PRECINCT 26","816","11","DEMOCRATIC","3"
"104","64","CITY OF BLOOMINGTON","390","ERIC SORENSEN","410","17TH CONGRESS","PRECINCT 26","816","11","DEMOCRATIC","29"
"104","64","CITY OF BLOOMINGTON","0","Over Votes","410","17TH CONGRESS","PRECINCT 26","816","11","DEMOCRATIC","0"
"104","64","CITY OF BLOOMINGTON","0","Under Votes","410","17TH CONGRESS","PRECINCT 27","1016","11","DEMOCRATIC","5"
"104","64","CITY OF BLOOMINGTON","390","ERIC SORENSEN","410","17TH CONGRESS","PRECINCT 27","1016","11","DEMOCRATIC","73"
"104","64","CITY OF BLOOMINGTON","0","Over Votes","410","17TH CONGRESS","PRECINCT 27","1016","11","DEMOCRATIC","0"
"104","64","CITY OF BLOOMINGTON","0","Under Votes","410","17TH CONGRESS","PRECINCT 52","1138","11","DEMOCRATIC","2"
"104","64","CITY OF BLOOMINGTON","390","ERIC SORENSEN","410","17TH CONGRESS","PRECINCT 52","1138","11","DEMOCRATIC","39"
"104","64","CITY OF BLOOMINGTON","0","Over Votes","410","17TH CONGRESS","PRECINCT 52","1138","11","DEMOCRATIC","0"
"104","64","CITY OF BLOOMINGTON","0","Under Votes","410","17TH CONGRESS","PRECINCT 7","869","11","DEMOCRATIC","3"
"104","64","CITY OF BLOOMINGTON","390","ERIC SORENSEN","410","17TH CONGRESS","PRECINCT 7","869","11","DEMOCRATIC","32"
"104","64","CITY OF BLOOMINGTON","0","Over Votes","410","17TH CONGRESS","PRECINCT 7","869","11","DEMOCRATIC","0"
"104","64","CITY OF BLOOMINGTON","0","Under Votes","410","17TH CONGRESS","PRECINCT 10","243","11","DEMOCRATIC","0"
"104","64","CITY OF BLOOMINGTON","390","ERIC SORENSEN","410","17TH CONGRESS","PRECINCT 10","243","11","DEMOCRATIC","1"
"104","64","CITY OF BLOOMINGTON","0","Over Votes","410","17TH CONGRESS","PRECINCT 10","243","11","DEMOCRATIC","0"
"104","64","CITY OF BLOOMINGTON","0","Under Votes","410","17TH CONGRESS","PRECINCT 18","947","11","DEMOCRATIC","2"
"104","64","CITY OF BLOOMINGTON","390","ERIC SORENSEN","410","17TH CONGRESS","PRECINCT 18","947","11","DEMOCRATIC","54"
"104","64","CITY OF BLOOMINGTON","0","Over Votes","410","17TH CONGRESS","PRECINCT 18","947","11","DEMOCRATIC","0"
"104","64","CITY OF BLOOMINGTON","0","Under Votes","410","17TH CONGRESS","PRECINCT 4","882","11","DEMOCRATIC","4"
"104","64","CITY OF BLOOMINGTON","390","ERIC SORENSEN","410","17TH CONGRESS","PRECINCT 4","882","11","DEMOCRATIC","47"
"104","64","CITY OF BLOOMINGTON","0","Over Votes","410","17TH CONGRESS","PRECINCT 4","882","11","DEMOCRATIC","0"
"104","64","CITY OF BLOOMINGTON","0","Under Votes","410","17TH CONGRESS","PRECINCT 8","585","11","DEMOCRATIC","2"
"104","64","CITY OF BLOOMINGTON","390","ERIC SORENSEN","410","17TH CONGRESS","PRECINCT 8","585","11","DEMOCRATIC","44"
"104","64","CITY OF BLOOMINGTON","0","Over Votes","410","17TH CONGRESS","PRECINCT 8","585","11","DEMOCRATIC","0"
"104","64","CITY OF BLOOMINGTON","0","Under Votes","410","17TH CONGRESS","PRECINCT 17","994","11","DEMOCRATIC","5"
"104","64","CITY OF BLOOMINGTON","390","ERIC SORENSEN","410","17TH CONGRESS","PRECINCT 17","994","11","DEMOCRATIC","53"
"104","64","CITY OF BLOOMINGTON","0","Over Votes","410","17TH CONGRESS","PRECINCT 17","994","11","DEMOCRATIC","0"
"104","64","CITY OF BLOOMINGTON","0","Under Votes","410","17TH CONGRESS","PRECINCT 19","1163","11","DEMOCRATIC","9"
"104","64","CITY OF BLOOMINGTON","390","ERIC SORENSEN","410","17TH CONGRESS","PRECINCT 19","1163","11","DEMOCRATIC","65"
"104","64","CITY OF BLOOMINGTON","0","Over Votes","410","17TH CONGRESS","PRECINCT 19","1163","11","DEMOCRATIC","0"
"104","64","CITY OF BLOOMINGTON","0","Under Votes","410","17TH CONGRESS","PRECINCT 20","1228","11","DEMOCRATIC","3"
"104","64","CITY OF BLOOMINGTON","390","ERIC SORENSEN","410","17TH CONGRESS","PRECINCT 20","1228","11","DEMOCRATIC","65"
"104","64","CITY OF BLOOMINGTON","0","Over Votes","410","17TH CONGRESS","PRECINCT 20","1228","11","DEMOCRATIC","0"
"104","64","CITY OF BLOOMINGTON","390","ERIC SORENSEN","410","17TH CONGRESS","PRECINCT 30","351","11","DEMOCRATIC","27"
"104","64","CITY OF BLOOMINGTON","0","Over Votes","410","17TH CONGRESS","PRECINCT 30","351","11","DEMOCRATIC","0"
"104","64","CITY OF BLOOMINGTON","0","Under Votes","410","17TH CONGRESS","PRECINCT 30","351","11","DEMOCRATIC","0"
"104","64","CITY OF BLOOMINGTON","0","Under Votes","410","17TH CONGRESS","PRECINCT 31","1158","11","DEMOCRATIC","5"
"104","64","CITY OF BLOOMINGTON","390","ERIC SORENSEN","410","17TH CONGRESS","PRECINCT 31","1158","11","DEMOCRATIC","43"
"104","64","CITY OF BLOOMINGTON","0","Over Votes","410","17TH CONGRESS","PRECINCT 31","1158","11","DEMOCRATIC","0"
"104","64","CITY OF BLOOMINGTON","0","Under Votes","410","17TH CONGRESS","PRECINCT 58","796","11","DEMOCRATIC","5"
"104","64","CITY OF BLOOMINGTON","390","ERIC SORENSEN","410","17TH CONGRESS","PRECINCT 58","796","11","DEMOCRATIC","31"
"104","64","CITY OF BLOOMINGTON","0","Over Votes","410","17TH CONGRESS","PRECINCT 58","796","11","DEMOCRATIC","0"
"104","64","CITY OF BLOOMINGTON","0","Under Votes","410","17TH CONGRESS","PRECINCT 12","1132","11","DEMOCRATIC","3"
"104","64","CITY OF BLOOMINGTON","390","ERIC SORENSEN","410","17TH CONGRESS","PRECINCT 12","1132","11","DEMOCRATIC","56"
"104","64","CITY OF BLOOMINGTON","0","Over Votes","410","17TH CONGRESS","PRECINCT 12","1132","11","DEMOCRATIC","0"
"104","64","CITY OF BLOOMINGTON","0","Under Votes","410","17TH CONGRESS","PRECINCT 21","1095","11","DEMOCRATIC","19"
"104","64","CITY OF BLOOMINGTON","390","ERIC SORENSEN","410","17TH CONGRESS","PRECINCT 21","1095","11","DEMOCRATIC","73"
"104","64","CITY OF BLOOMINGTON","0","Over Votes","410","17TH CONGRESS","PRECINCT 21","1095","11","DEMOCRATIC","0"
"101","0","WINNEBAGO","0","Over Votes","410","17TH CONGRESS","CHERRY VALLEY 3","1128","12","REPUBLICAN","0"
"101","0","WINNEBAGO","395","SCOTT ALAN CROWL","410","17TH CONGRESS","CHERRY VALLEY 3","1128","12","REPUBLICAN","0"
"101","0","WINNEBAGO","0","Under Votes","410","17TH CONGRESS","CHERRY VALLEY 3","1128","12","REPUBLICAN","1"
"101","0","WINNEBAGO","400","JOE McGRAW","410","17TH CONGRESS","CHERRY VALLEY 3","1128","12","REPUBLICAN","0"
"101","0","WINNEBAGO","0","Over Votes","410","17TH CONGRESS","SEWARD 1","614","12","REPUBLICAN","0"
"101","0","WINNEBAGO","395","SCOTT ALAN CROWL","410","17TH CONGRESS","SEWARD 1","614","12","REPUBLICAN","29"
"101","0","WINNEBAGO","0","Under Votes","410","17TH CONGRESS","SEWARD 1","614","12","REPUBLICAN","6"
"101","0","WINNEBAGO","400","JOE McGRAW","410","17TH CONGRESS","SEWARD 1","614","12","REPUBLICAN","85"
"101","0","WINNEBAGO","395","SCOTT ALAN CROWL","410","17TH CONGRESS","ROCKFORD 4","1112","12","REPUBLICAN","12"
"101","0","WINNEBAGO","0","Under Votes","410","17TH CONGRESS","ROCKFORD 4","1112","12","REPUBLICAN","2"
"101","0","WINNEBAGO","400","JOE McGRAW","410","17TH CONGRESS","ROCKFORD 4","1112","12","REPUBLICAN","45"
"101","0","WINNEBAGO","0","Over Votes","410","17TH CONGRESS","ROCKFORD 4","1112","12","REPUBLICAN","0"
"101","0","WINNEBAGO","395","SCOTT ALAN CROWL","410","17TH CONGRESS","ROCKFORD 14","1163","12","REPUBLICAN","16"
"101","0","WINNEBAGO","0","Under Votes","410","17TH CONGRESS","ROCKFORD 14","1163","12","REPUBLICAN","3"
"101","0","WINNEBAGO","400","JOE McGRAW","410","17TH CONGRESS","ROCKFORD 14","1163","12","REPUBLICAN","78"
"101","0","WINNEBAGO","0","Over Votes","410","17TH CONGRESS","ROCKFORD 14","1163","12","REPUBLICAN","0"
"101","0","WINNEBAGO","395","SCOTT ALAN CROWL","410","17TH CONGRESS","ROCKFORD 15","829","12","REPUBLICAN","9"
"101","0","WINNEBAGO","0","Under Votes","410","17TH CONGRESS","ROCKFORD 15","829","12","REPUBLICAN","7"
"101","0","WINNEBAGO","400","JOE McGRAW","410","17TH CONGRESS","ROCKFORD 15","829","12","REPUBLICAN","47"
"101","0","WINNEBAGO","0","Over Votes","410","17TH CONGRESS","ROCKFORD 15","829","12","REPUBLICAN","1"
"101","0","WINNEBAGO","395","SCOTT ALAN CROWL","410","17TH CONGRESS","ROCKFORD 31","1113","12","REPUBLICAN","20"
"101","0","WINNEBAGO","0","Under Votes","410","17TH CONGRESS","ROCKFORD 31","1113","12","REPUBLICAN","1"
"101","0","WINNEBAGO","400","JOE McGRAW","410","17TH CONGRESS","ROCKFORD 31","1113","12","REPUBLICAN","75"
"101","0","WINNEBAGO","0","Over Votes","410","17TH CONGRESS","ROCKFORD 31","1113","12","REPUBLICAN","0"
"101","0","WINNEBAGO","395","SCOTT ALAN CROWL","410","17TH CONGRESS","ROCKFORD 52","965","12","REPUBLICAN","6"
"101","0","WINNEBAGO","0","Under Votes","410","17TH CONGRESS","ROCKFORD 52","965","12","REPUBLICAN","0"
"101","0","WINNEBAGO","400","JOE McGRAW","410","17TH CONGRESS","ROCKFORD 52","965","12","REPUBLICAN","11"
"101","0","WINNEBAGO","0","Over Votes","410","17TH CONGRESS","ROCKFORD 52","965","12","REPUBLICAN","0"
"101","0","WINNEBAGO","395","SCOTT ALAN CROWL","410","17TH CONGRESS","ROCKFORD 55","1168","12","REPUBLICAN","16"
"101","0","WINNEBAGO","0","Under Votes","410","17TH CONGRESS","ROCKFORD 55","1168","12","REPUBLICAN","2"
"101","0","WINNEBAGO","400","JOE McGRAW","410","17TH CONGRESS","ROCKFORD 55","1168","12","REPUBLICAN","63"
"101","0","WINNEBAGO","0","Over Votes","410","17TH CONGRESS","ROCKFORD 55","1168","12","REPUBLICAN","0"
"101","0","WINNEBAGO","0","Over Votes","410","17TH CONGRESS","HARLEM 1","1125","12","REPUBLICAN","0"
"101","0","WINNEBAGO","395","SCOTT ALAN CROWL","410","17TH CONGRESS","HARLEM 1","1125","12","REPUBLICAN","13"
"101","0","WINNEBAGO","0","Under Votes","410","17TH CONGRESS","HARLEM 1","1125","12","REPUBLICAN","4"
"101","0","WINNEBAGO","400","JOE McGRAW","410","17TH CONGRESS","HARLEM 1","1125","12","REPUBLICAN","69"
"101","0","WINNEBAGO","0","Over Votes","410","17TH CONGRESS","ROCKFORD 5","1070","12","REPUBLICAN","0"
"101","0","WINNEBAGO","395","SCOTT ALAN CROWL","410","17TH CONGRESS","ROCKFORD 5","1070","12","REPUBLICAN","0"
"101","0","WINNEBAGO","0","Under Votes","410","17TH CONGRESS","ROCKFORD 5","1070","12","REPUBLICAN","0"
"101","0","WINNEBAGO","400","JOE McGRAW","410","17TH CONGRESS","ROCKFORD 5","1070","12","REPUBLICAN","0"
"101","0","WINNEBAGO","0","Over Votes","410","17TH CONGRESS","ROCKFORD 32","990","12","REPUBLICAN","0"
"101","0","WINNEBAGO","395","SCOTT ALAN CROWL","410","17TH CONGRESS","ROCKFORD 32","990","12","REPUBLICAN","9"
"101","0","WINNEBAGO","0","Under Votes","410","17TH CONGRESS","ROCKFORD 32","990","12","REPUBLICAN","2"
"101","0","WINNEBAGO","400","JOE McGRAW","410","17TH CONGRESS","ROCKFORD 32","990","12","REPUBLICAN","66"
"101","0","WINNEBAGO","395","SCOTT ALAN CROWL","410","17TH CONGRESS","WINNEBAGO 2","984","12","REPUBLICAN","10"
"101","0","WINNEBAGO","0","Under Votes","410","17TH CONGRESS","WINNEBAGO 2","984","12","REPUBLICAN","4"
"101","0","WINNEBAGO","400","JOE McGRAW","410","17TH CONGRESS","WINNEBAGO 2","984","12","REPUBLICAN","75"
"101","0","WINNEBAGO","0","Over Votes","410","17TH CONGRESS","WINNEBAGO 2","984","12","REPUBLICAN","0"
"101","0","WINNEBAGO","395","SCOTT ALAN CROWL","410","17TH CONGRESS","CHERRY VALLEY 2","603","12","REPUBLICAN","8"
"101","0","WINNEBAGO","0","Under Votes","410","17TH CONGRESS","CHERRY VALLEY 2","603","12","REPUBLICAN","2"
"101","0","WINNEBAGO","400","JOE McGRAW","410","17TH CONGRESS","CHERRY VALLEY 2","603","12","REPUBLICAN","37"
"101","0","WINNEBAGO","0","Over Votes","410","17TH CONGRESS","CHERRY VALLEY 2","603","12","REPUBLICAN","0"
"101","0","WINNEBAGO","0","Over Votes","410","17TH CONGRESS","ROCKFORD 2","1156","12","REPUBLICAN","0"
"101","0","WINNEBAGO","395","SCOTT ALAN CROWL","410","17TH CONGRESS","ROCKFORD 2","1156","12","REPUBLICAN","0"
"101","0","WINNEBAGO","0","Under Votes","410","17TH CONGRESS","ROCKFORD 2","1156","12","REPUBLICAN","0"
"101","0","WINNEBAGO","400","JOE McGRAW","410","17TH CONGRESS","ROCKFORD 2","1156","12","REPUBLICAN","0"
"101","0","WINNEBAGO","0","Over Votes","410","17TH CONGRESS","ROCKFORD 51","960","12","REPUBLICAN","0"
"101","0","WINNEBAGO","395","SCOTT ALAN CROWL","410","17TH CONGRESS","ROCKFORD 51","960","12","REPUBLICAN","3"
"101","0","WINNEBAGO","0","Under Votes","410","17TH CONGRESS","ROCKFORD 51","960","12","REPUBLICAN","0"
"101","0","WINNEBAGO","400","JOE McGRAW","410","17TH CONGRESS","ROCKFORD 51","960","12","REPUBLICAN","10"
"101","0","WINNEBAGO","0","Over Votes","410","17TH CONGRESS","ROCKFORD 1","858","12","REPUBLICAN","0"
"101","0","WINNEBAGO","395","SCOTT ALAN CROWL","410","17TH CONGRESS","ROCKFORD 1","858","12","REPUBLICAN","6"
"101","0","WINNEBAGO","0","Under Votes","410","17TH CONGRESS","ROCKFORD 1","858","12","REPUBLICAN","0"
"101","0","WINNEBAGO","400","JOE McGRAW","410","17TH CONGRESS","ROCKFORD 1","858","12","REPUBLICAN","11"
"101","0","WINNEBAGO","0","Over Votes","410","17TH CONGRESS","ROCKFORD 12","677","12","REPUBLICAN","0"
"101","0","WINNEBAGO","395","SCOTT ALAN CROWL","410","17TH CONGRESS","ROCKFORD 12","677","12","REPUBLICAN","12"
"101","0","WINNEBAGO","0","Under Votes","410","17TH CONGRESS","ROCKFORD 12","677","12","REPUBLICAN","3"
"101","0","WINNEBAGO","400","JOE McGRAW","410","17TH CONGRESS","ROCKFORD 12","677","12","REPUBLICAN","43"
"101","0","WINNEBAGO","395","SCOTT ALAN CROWL","410","17TH CONGRESS","ROCKFORD 54","1103","12","REPUBLICAN","16"
"101","0","WINNEBAGO","0","Under Votes","410","17TH CONGRESS","ROCKFORD 54","1103","12","REPUBLICAN","4"
"101","0","WINNEBAGO","400","JOE McGRAW","410","17TH CONGRESS","ROCKFORD 54","1103","12","REPUBLICAN","50"
"101","0","WINNEBAGO","0","Over Votes","410","17TH CONGRESS","ROCKFORD 54","1103","12","REPUBLICAN","0"
"101","0","WINNEBAGO","395","SCOTT ALAN CROWL","410","17TH CONGRESS","WINNEBAGO 3","879","12","REPUBLICAN","25"
"101","0","WINNEBAGO","0","Under Votes","410","17TH CONGRESS","WINNEBAGO 3","879","12","REPUBLICAN","3"
"101","0","WINNEBAGO","400","JOE McGRAW","410","17TH CONGRESS","WINNEBAGO 3","879","12","REPUBLICAN","71"
"101","0","WINNEBAGO","0","Over Votes","410","17TH CONGRESS","WINNEBAGO 3","879","12","REPUBLICAN","0"
"101","0","WINNEBAGO","0","Over Votes","410","17TH CONGRESS","WINNEBAGO 4","826","12","REPUBLICAN","0"
"101","0","WINNEBAGO","395","SCOTT ALAN CROWL","410","17TH CONGRESS","WINNEBAGO 4","826","12","REPUBLICAN","16"
"101","0","WINNEBAGO","0","Under Votes","410","17TH CONGRESS","WINNEBAGO 4","826","12","REPUBLICAN","3"
"101","0","WINNEBAGO","400","JOE McGRAW","410","17TH CONGRESS","WINNEBAGO 4","826","12","REPUBLICAN","68"
"101","0","WINNEBAGO","395","SCOTT ALAN CROWL","410","17TH CONGRESS","ROCKFORD 9","1149","12","REPUBLICAN","0"
"101","0","WINNEBAGO","0","Under Votes","410","17TH CONGRESS","ROCKFORD 9","1149","12","REPUBLICAN","0"
"101","0","WINNEBAGO","400","JOE McGRAW","410","17TH CONGRESS","ROCKFORD 9","1149","12","REPUBLICAN","2"
"101","0","WINNEBAGO","0","Over Votes","410","17TH CONGRESS","ROCKFORD 9","1149","12","REPUBLICAN","0"
"101","0","WINNEBAGO","0","Under Votes","410","17TH CONGRESS","ROCKFORD 27","961","12","REPUBLICAN","0"
"101","0","WINNEBAGO","400","JOE McGRAW","410","17TH CONGRESS","ROCKFORD 27","961","12","REPUBLICAN","2"
"101","0","WINNEBAGO","0","Over Votes","410","17TH CONGRESS","ROCKFORD 27","961","12","REPUBLICAN","0"
"101","0","WINNEBAGO","395","SCOTT ALAN CROWL","410","17TH CONGRESS","ROCKFORD 27","961","12","REPUBLICAN","2"
"101","0","WINNEBAGO","0","Over Votes","410","17TH CONGRESS","ROCKFORD 33","1081","12","REPUBLICAN","0"
"101","0","WINNEBAGO","395","SCOTT ALAN CROWL","410","17TH CONGRESS","ROCKFORD 33","1081","12","REPUBLICAN","1"
"101","0","WINNEBAGO","0","Under Votes","410","17TH CONGRESS","ROCKFORD 33","1081","12","REPUBLICAN","4"
"101","0","WINNEBAGO","400","JOE McGRAW","410","17TH CONGRESS","ROCKFORD 33","1081","12","REPUBLICAN","23"
"101","0","WINNEBAGO","395","SCOTT ALAN CROWL","410","17TH CONGRESS","CHERRY VALLEY 6","1018","12","REPUBLICAN","3"
"101","0","WINNEBAGO","0","Under Votes","410","17TH CONGRESS","CHERRY VALLEY 6","1018","12","REPUBLICAN","1"
"101","0","WINNEBAGO","400","JOE McGRAW","410","17TH CONGRESS","CHERRY VALLEY 6","1018","12","REPUBLICAN","11"
"101","0","WINNEBAGO","0","Over Votes","410","17TH CONGRESS","CHERRY VALLEY 6","1018","12","REPUBLICAN","0"
"101","0","WINNEBAGO","395","SCOTT ALAN CROWL","410","17TH CONGRESS","HARLEM 23","1159","12","REPUBLICAN","0"
"101","0","WINNEBAGO","0","Under Votes","410","17TH CONGRESS","HARLEM 23","1159","12","REPUBLICAN","1"
"101","0","WINNEBAGO","400","JOE McGRAW","410","17TH CONGRESS","HARLEM 23","1159","12","REPUBLICAN","13"
"101","0","WINNEBAGO","0","Over Votes","410","17TH CONGRESS","HARLEM 23","1159","12","REPUBLICAN","0"
"101","0","WINNEBAGO","395","SCOTT ALAN CROWL","410","17TH CONGRESS","WINNEBAGO 1","1020","12","REPUBLICAN","23"
"101","0","WINNEBAGO","0","Under Votes","410","17TH CONGRESS","WINNEBAGO 1","1020","12","REPUBLICAN","4"
"101","0","WINNEBAGO","400","JOE McGRAW","410","17TH CONGRESS","WINNEBAGO 1","1020","12","REPUBLICAN","82"
"101","0","WINNEBAGO","0","Over Votes","410","17TH CONGRESS","WINNEBAGO 1","1020","12","REPUBLICAN","0"
"101","0","WINNEBAGO","395","SCOTT ALAN CROWL","410","17TH CONGRESS","ROCKFORD 25","1036","12","REPUBLICAN","4"
"101","0","WINNEBAGO","0","Under Votes","410","17TH CONGRESS","ROCKFORD 25","1036","12","REPUBLICAN","0"
"101","0","WINNEBAGO","400","JOE McGRAW","410","17TH CONGRESS","ROCKFORD 25","1036","12","REPUBLICAN","22"
"101","0","WINNEBAGO","0","Over Votes","410","17TH CONGRESS","ROCKFORD 25","1036","12","REPUBLICAN","0"
