"JurisdictionID","JurisContainerID","JurisName","EISCandidateID","CandidateName","EISContestID","ContestName","PrecinctName","Registration","EISPartyID","PartyName","VoteCount"
"19","0","DeKALB","0","Over Votes","400","16TH CONGRESS","MAYFIELD 1","630","12","REPUBLICAN","0"
"19","0","DeKALB","385","DARIN LaHOOD","400","16TH CONGRESS","MAYFIELD 1","630","12","REPUBLICAN","73"
"19","0","DeKALB","0","Under Votes","400","16TH CONGRESS","MAYFIELD 1","630","12","REPUBLICAN","16"
"19","0","DeKALB","0","Over Votes","400","16TH CONGRESS","SOUTH GROVE 1","323","12","REPUBLICAN","0"
"19","0","DeKALB","385","DARIN LaHOOD","400","16TH CONGRESS","SOUTH GROVE 1","323","12","REPUBLICAN","62"
"19","0","DeKALB","0","Under Votes","400","16TH CONGRESS","SOUTH GROVE 1","323","12","REPUBLICAN","12"
"19","0","DeKALB","0","Over Votes","400","16TH CONGRESS","FRANKLIN 2","1008","12","REPUBLICAN","0"
"19","0","DeKALB","385","DARIN LaHOOD","400","16TH CONGRESS","FRANKLIN 2","1008","12","REPUBLICAN","76"
"19","0","DeKALB","0","Under Votes","400","16TH CONGRESS","FRANKLIN 2","1008","12","REPUBLICAN","23"
"19","0","DeKALB","0","Over Votes","400","16TH CONGRESS","FRANKLIN 1","503","12","REPUBLICAN","0"
"19","0","DeKALB","385","DARIN LaHOOD","400","16TH CONGRESS","FRANKLIN 1","503","12","REPUBLICAN","61"
"19","0","DeKALB","0","Under Votes","400","16TH CONGRESS","FRANKLIN 1","503","12","REPUBLICAN","16"
"78","0","PUTNAM","0","Blank Ballots","400","16TH CONGRESS","MAGNOLIA 2","378","11","DEMOCRATIC","0"
"78","0","PUTNAM","0","Under Votes","400","16TH CONGRESS","MAGNOLIA 2","378","11","DEMOCRATIC","0"
"78","0","PUTNAM","0","Over Votes","400","16TH CONGRESS","MAGNOLIA 2","378","11","DEMOCRATIC","0"
"78","0","PUTNAM","0","Blank Ballots","400","16TH CONGRESS","SENACHWINE 1","501","11","DEMOCRATIC","0"
"78","0","PUTNAM","0","Under Votes","400","16TH CONGRESS","SENACHWINE 1","501","11","DEMOCRATIC","0"
"78","0","PUTNAM","0","Over Votes","400","16TH CONGRESS","SENACHWINE 1","501","11","DEMOCRATIC","0"
"78","0","PUTNAM","0","Blank Ballots","400","16TH CONGRESS","MAGNOLIA 1","309","11","DEMOCRATIC","0"
"78","0","PUTNAM","0","Under Votes","400","16TH CONGRESS","MAGNOLIA 1","309","11","DEMOCRATIC","0"
"78","0","PUTNAM","0","Over Votes","400","16TH CONGRESS","MAGNOLIA 1","309","11","DEMOCRATIC","0"
"78","0","PUTNAM","0","Blank Ballots","400","16TH CONGRESS","HENNEPIN 1","917","11","DEMOCRATIC","0"
"78","0","PUTNAM","0","Under Votes","400","16TH CONGRESS","HENNEPIN 1","917","11","DEMOCRATIC","0"
"78","0","PUTNAM","0","Over Votes","400","16TH CONGRESS","HENNEPIN 1","917","11","DEMOCRATIC","0"
"110","101","CITY OF ROCKFORD","0","Over Votes","400","16TH CONGRESS","WARD 1 PRECINCT 1","971","11","DEMOCRATIC","0"
"110","101","CITY OF ROCKFORD","0","Blank Ballots","400","16TH CONGRESS","WARD 1 PRECINCT 1","971","11","DEMOCRATIC","81"
"110","101","CITY OF ROCKFORD","0","Over Votes","400","16TH CONGRESS","WARD 6 PRECINCT 3","1427","11","DEMOCRATIC","0"
"110","101","CITY OF ROCKFORD","0","Blank Ballots","400","16TH CONGRESS","WARD 6 PRECINCT 3","1427","11","DEMOCRATIC","8"
"110","101","CITY OF ROCKFORD","0","Over Votes","400","16TH CONGRESS","WARD 9 PRECINCT 6","1152","11","DEMOCRATIC","0"
"110","101","CITY OF ROCKFORD","0","Blank Ballots","400","16TH CONGRESS","WARD 9 PRECINCT 6","1152","11","DEMOCRATIC","186"
"110","101","CITY OF ROCKFORD","0","Over Votes","400","16TH CONGRESS","WARD 12 PRECINCT 5","951","11","DEMOCRATIC","0"
"110","101","CITY OF ROCKFORD","0","Blank Ballots","400","16TH CONGRESS","WARD 12 PRECINCT 5","951","11","DEMOCRATIC","1"
"110","101","CITY OF ROCKFORD","0","Over Votes","400","16TH CONGRESS","WARD 1 PRECINCT 6","1240","11","DEMOCRATIC","0"
"110","101","CITY OF ROCKFORD","0","Blank Ballots","400","16TH CONGRESS","WARD 1 PRECINCT 6","1240","11","DEMOCRATIC","80"
"110","101","CITY OF ROCKFORD","0","Over Votes","400","16TH CONGRESS","WARD 1 PRECINCT 7","1151","11","DEMOCRATIC","0"
"110","101","CITY OF ROCKFORD","0","Blank Ballots","400","16TH CONGRESS","WARD 1 PRECINCT 7","1151","11","DEMOCRATIC","85"
"110","101","CITY OF ROCKFORD","0","Over Votes","400","16TH CONGRESS","WARD 1 PRECINCT 8","1005","11","DEMOCRATIC","0"
"110","101","CITY OF ROCKFORD","0","Blank Ballots","400","16TH CONGRESS","WARD 1 PRECINCT 8","1005","11","DEMOCRATIC","87"
"110","101","CITY OF ROCKFORD","0","Over Votes","400","16TH CONGRESS","WARD 4 PRECINCT 4","1062","11","DEMOCRATIC","0"
"110","101","CITY OF ROCKFORD","0","Blank Ballots","400","16TH CONGRESS","WARD 4 PRECINCT 4","1062","11","DEMOCRATIC","39"
"110","101","CITY OF ROCKFORD","0","Over Votes","400","16TH CONGRESS","WARD 6 PRECINCT 1","1161","11","DEMOCRATIC","0"
"90","0","TAZEWELL","0","Under Votes","400","16TH CONGRESS","FONDULAC 4","1387","11","DEMOCRATIC","0"
"90","0","TAZEWELL","0","Blank Ballots","400","16TH CONGRESS","FONDULAC 4","1387","11","DEMOCRATIC","0"
"90","0","TAZEWELL","0","Over Votes","400","16TH CONGRESS","FONDULAC 4","1387","11","DEMOCRATIC","0"
"90","0","TAZEWELL","0","Under Votes","400","16TH CONGRESS","GROVELAND 8","1373","11","DEMOCRATIC","0"
"90","0","TAZEWELL","0","Blank Ballots","400","16TH CONGRESS","GROVELAND 8","1373","11","DEMOCRATIC","0"
"90","0","TAZEWELL","0","Under Votes","400","16TH CONGRESS","CINCINNATI 1","1155","11","DEMOCRATIC","0"
"90","0","TAZEWELL","0","Blank Ballots","400","16TH CONGRESS","CINCINNATI 1","1155","11","DEMOCRATIC","0"
"90","0","TAZEWELL","0","Under Votes","400","16TH CONGRESS","FONDULAC 5","912","11","DEMOCRATIC","0"
"90","0","TAZEWELL","0","Blank Ballots","400","16TH CONGRESS","FONDULAC 5","912","11","DEMOCRATIC","0"
"90","0","TAZEWELL","0","Over Votes","400","16TH CONGRESS","FONDULAC 5","912","11","DEMOCRATIC","0"
"90","0","TAZEWELL","0","Under Votes","400","16TH CONGRESS","GROVELAND 5","838","11","DEMOCRATIC","0"
"90","0","TAZEWELL","0","Blank Ballots","400","16TH CONGRESS","GROVELAND 5","838","11","DEMOCRATIC","0"
"90","0","TAZEWELL","0","Over Votes","400","16TH CONGRESS","GROVELAND 5","838","11","DEMOCRATIC","0"
"90","0","TAZEWELL","0","Under Votes","400","16TH CONGRESS","GROVELAND 9","945","11","DEMOCRATIC","0"
"90","0","TAZEWELL","0","Blank Ballots","400","16TH CONGRESS","GROVELAND 9","945","11","DEMOCRATIC","0"
"90","0","TAZEWELL","0","Over Votes","400","16TH CONGRESS","GROVELAND 9","945","11","DEMOCRATIC","0"
"90","0","TAZEWELL","0","Under Votes","400","16TH CONGRESS","MACKINAW 1","936","11","DEMOCRATIC","0"
"90","0","TAZEWELL","0","Blank Ballots","400","16TH CONGRESS","MACKINAW 1","936","11","DEMOCRATIC","0"
"90","0","TAZEWELL","0","Over Votes","400","16TH CONGRESS","MACKINAW 1","936","11","DEMOCRATIC","0"
"90","0","TAZEWELL","0","Under Votes","400","16TH CONGRESS","MORTON 4","1379","11","DEMOCRATIC","0"
"90","0","TAZEWELL","0","Blank Ballots","400","16TH CONGRESS","MORTON 4","1379","11","DEMOCRATIC","0"
"90","0","TAZEWELL","0","Over Votes","400","16TH CONGRESS","MORTON 4","1379","11","DEMOCRATIC","0"
"90","0","TAZEWELL","0","Under Votes","400","16TH CONGRESS","MORTON 8","1382","11","DEMOCRATIC","0"
"90","0","TAZEWELL","0","Blank Ballots","400","16TH CONGRESS","MORTON 8","1382","11","DEMOCRATIC","0"
"90","0","TAZEWELL","0","Over Votes","400","16TH CONGRESS","MORTON 8","1382","11","DEMOCRATIC","0"
"90","0","TAZEWELL","0","Under Votes","400","16TH CONGRESS","TREMONT 2","779","11","DEMOCRATIC","0"
"90","0","TAZEWELL","0","Blank Ballots","400","16TH CONGRESS","TREMONT 2","779","11","DEMOCRATIC","0"
"90","0","TAZEWELL","0","Over Votes","400","16TH CONGRESS","TREMONT 2","779","11","DEMOCRATIC","0"
"90","0","TAZEWELL","0","Under Votes","400","16TH CONGRESS","WASHINGTON 7","763","11","DEMOCRATIC","0"
"90","0","TAZEWELL","0","Blank Ballots","400","16TH CONGRESS","WASHINGTON 7","763","11","DEMOCRATIC","0"
"90","0","TAZEWELL","0","Over Votes","400","16TH CONGRESS","WASHINGTON 7","763","11","DEMOCRATIC","0"
"90","0","TAZEWELL","0","Under Votes","400","16TH CONGRESS","PEKIN 4","1308","11","DEMOCRATIC","0"
"90","0","TAZEWELL","0","Blank Ballots","400","16TH CONGRESS","PEKIN 4","1308","11","DEMOCRATIC","0"
"90","0","TAZEWELL","0","Over Votes","400","16TH CONGRESS","PEKIN 4","1308","11","DEMOCRATIC","0"
"90","0","TAZEWELL","0","Over Votes","400","16TH CONGRESS","CINCINNATI 1","1155","11","DEMOCRATIC","0"
"90","0","TAZEWELL","0","Under Votes","400","16TH CONGRESS","FONDULAC 2","985","11","DEMOCRATIC","0"
"90","0","TAZEWELL","0","Blank Ballots","400","16TH CONGRESS","FONDULAC 2","985","11","DEMOCRATIC","0"
"90","0","TAZEWELL","0","Over Votes","400","16TH CONGRESS","FONDULAC 2","985","11","DEMOCRATIC","0"
"90","0","TAZEWELL","0","Under Votes","400","16TH CONGRESS","GROVELAND 2","1179","11","DEMOCRATIC","0"
"90","0","TAZEWELL","0","Blank Ballots","400","16TH CONGRESS","GROVELAND 2","1179","11","DEMOCRATIC","0"
"90","0","TAZEWELL","0","Over Votes","400","16TH CONGRESS","GROVELAND 2","1179","11","DEMOCRATIC","0"
"90","0","TAZEWELL","0","Under Votes","400","16TH CONGRESS","MORTON 1","1130","11","DEMOCRATIC","0"
"90","0","TAZEWELL","0","Blank Ballots","400","16TH CONGRESS","MORTON 1","1130","11","DEMOCRATIC","0"
"102","0","WOODFORD","0","Over Votes","400","16TH CONGRESS","CAZENOVIA 1","691","11","DEMOCRATIC","0"
"102","0","WOODFORD","0","Blank Ballots","400","16TH CONGRESS","CAZENOVIA 1","691","11","DEMOCRATIC","17"
"102","0","WOODFORD","0","Over Votes","400","16TH CONGRESS","WORTH 6","681","11","DEMOCRATIC","0"
"102","0","WOODFORD","0","Blank Ballots","400","16TH CONGRESS","WORTH 6","681","11","DEMOCRATIC","31"
"102","0","WOODFORD","0","Over Votes","400","16TH CONGRESS","METAMORA 2","880","11","DEMOCRATIC","0"
"102","0","WOODFORD","0","Blank Ballots","400","16TH CONGRESS","METAMORA 2","880","11","DEMOCRATIC","69"
"102","0","WOODFORD","0","Over Votes","400","16TH CONGRESS","OLIO 1","722","11","DEMOCRATIC","0"
"102","0","WOODFORD","0","Blank Ballots","400","16TH CONGRESS","OLIO 1","722","11","DEMOCRATIC","15"
"102","0","WOODFORD","0","Over Votes","400","16TH CONGRESS","CLAYTON","457","11","DEMOCRATIC","0"
"102","0","WOODFORD","0","Blank Ballots","400","16TH CONGRESS","CLAYTON","457","11","DEMOCRATIC","11"
"102","0","WOODFORD","0","Over Votes","400","16TH CONGRESS","SPRING BAY 2","868","11","DEMOCRATIC","0"
"102","0","WOODFORD","0","Blank Ballots","400","16TH CONGRESS","SPRING BAY 2","868","11","DEMOCRATIC","37"
"102","0","WOODFORD","0","Over Votes","400","16TH CONGRESS","ROANOKE 1","436","11","DEMOCRATIC","0"
"102","0","WOODFORD","0","Blank Ballots","400","16TH CONGRESS","ROANOKE 1","436","11","DEMOCRATIC","12"
"102","0","WOODFORD","0","Over Votes","400","16TH CONGRESS","EL PASO 2","474","11","DEMOCRATIC","0"
"102","0","WOODFORD","0","Blank Ballots","400","16TH CONGRESS","EL PASO 2","474","11","DEMOCRATIC","15"
"102","0","WOODFORD","0","Over Votes","400","16TH CONGRESS","EL PASO 3","1179","11","DEMOCRATIC","0"
"102","0","WOODFORD","0","Blank Ballots","400","16TH CONGRESS","EL PASO 3","1179","11","DEMOCRATIC","35"
"102","0","WOODFORD","0","Over Votes","400","16TH CONGRESS","MONTGOMERY 1","679","11","DEMOCRATIC","0"
"102","0","WOODFORD","0","Blank Ballots","400","16TH CONGRESS","MONTGOMERY 1","679","11","DEMOCRATIC","5"
"102","0","WOODFORD","0","Over Votes","400","16TH CONGRESS","WORTH 1","1127","11","DEMOCRATIC","0"
"102","0","WOODFORD","0","Blank Ballots","400","16TH CONGRESS","WORTH 1","1127","11","DEMOCRATIC","83"
"102","0","WOODFORD","0","Over Votes","400","16TH CONGRESS","WORTH 3","855","11","DEMOCRATIC","0"
"102","0","WOODFORD","0","Blank Ballots","400","16TH CONGRESS","WORTH 3","855","11","DEMOCRATIC","35"
"102","0","WOODFORD","0","Over Votes","400","16TH CONGRESS","CRUGER 1","786","11","DEMOCRATIC","0"
"102","0","WOODFORD","0","Blank Ballots","400","16TH CONGRESS","CRUGER 1","786","11","DEMOCRATIC","20"
"102","0","WOODFORD","0","Over Votes","400","16TH CONGRESS","CRUGER 2","518","11","DEMOCRATIC","0"
"102","0","WOODFORD","0","Blank Ballots","400","16TH CONGRESS","CRUGER 2","518","11","DEMOCRATIC","9"
"102","0","WOODFORD","0","Over Votes","400","16TH CONGRESS","MONTGOMERY 2","980","11","DEMOCRATIC","0"
"102","0","WOODFORD","0","Blank Ballots","400","16TH CONGRESS","MONTGOMERY 2","980","11","DEMOCRATIC","31"
"102","0","WOODFORD","0","Over Votes","400","16TH CONGRESS","KANSAS","380","11","DEMOCRATIC","0"
"102","0","WOODFORD","0","Blank Ballots","400","16TH CONGRESS","KANSAS","380","11","DEMOCRATIC","17"
"102","0","WOODFORD","0","Over Votes","400","16TH CONGRESS","CAZENOVIA 3","389","11","DEMOCRATIC","0"
"102","0","WOODFORD","0","Blank Ballots","400","16TH CONGRESS","CAZENOVIA 3","389","11","DEMOCRATIC","18"
"102","0","WOODFORD","0","Over Votes","400","16TH CONGRESS","MINONK 1","426","11","DEMOCRATIC","0"
"102","0","WOODFORD","0","Blank Ballots","400","16TH CONGRESS","MINONK 1","426","11","DEMOCRATIC","15"
"102","0","WOODFORD","0","Over Votes","400","16TH CONGRESS","METAMORA 3","698","11","DEMOCRATIC","0"
"102","0","WOODFORD","0","Blank Ballots","400","16TH CONGRESS","METAMORA 3","698","11","DEMOCRATIC","81"
"102","0","WOODFORD","0","Over Votes","400","16TH CONGRESS","ROANOKE 2","1242","11","DEMOCRATIC","0"
"102","0","WOODFORD","0","Blank Ballots","400","16TH CONGRESS","ROANOKE 2","1242","11","DEMOCRATIC","34"
"102","0","WOODFORD","0","Over Votes","400","16TH CONGRESS","WORTH 5","696","11","DEMOCRATIC","0"
"102","0","WOODFORD","0","Blank Ballots","400","16TH CONGRESS","WORTH 5","696","11","DEMOCRATIC","38"
"102","0","WOODFORD","0","Over Votes","400","16TH CONGRESS","PANOLA","261","11","DEMOCRATIC","0"
"102","0","WOODFORD","0","Blank Ballots","400","16TH CONGRESS","PANOLA","261","11","DEMOCRATIC","12"
"37","0","HENRY","0","Under Votes","400","16TH CONGRESS","GENESEO 5","0","12","REPUBLICAN","24"
"37","0","HENRY","385","DARIN LaHOOD","400","16TH CONGRESS","GENESEO 5","0","12","REPUBLICAN","167"
"37","0","HENRY","0","Over Votes","400","16TH CONGRESS","GENESEO 5","0","12","REPUBLICAN","0"
"37","0","HENRY","0","Under Votes","400","16TH CONGRESS","GENESEO 4","0","12","REPUBLICAN","25"
"37","0","HENRY","385","DARIN LaHOOD","400","16TH CONGRESS","GENESEO 4","0","12","REPUBLICAN","202"
"37","0","HENRY","0","Over Votes","400","16TH CONGRESS","GENESEO 4","0","12","REPUBLICAN","0"
"37","0","HENRY","0","Under Votes","400","16TH CONGRESS","BURNS","0","12","REPUBLICAN","5"
"37","0","HENRY","385","DARIN LaHOOD","400","16TH CONGRESS","BURNS","0","12","REPUBLICAN","44"
"37","0","HENRY","0","Over Votes","400","16TH CONGRESS","BURNS","0","12","REPUBLICAN","0"
"37","0","HENRY","0","Under Votes","400","16TH CONGRESS","HANNA 2","0","12","REPUBLICAN","11"
"37","0","HENRY","385","DARIN LaHOOD","400","16TH CONGRESS","HANNA 2","0","12","REPUBLICAN","96"
"37","0","HENRY","0","Over Votes","400","16TH CONGRESS","HANNA 2","0","12","REPUBLICAN","0"
"37","0","HENRY","0","Under Votes","400","16TH CONGRESS","PHENIX","0","12","REPUBLICAN","15"
"37","0","HENRY","385","DARIN LaHOOD","400","16TH CONGRESS","PHENIX","0","12","REPUBLICAN","165"
"37","0","HENRY","0","Over Votes","400","16TH CONGRESS","PHENIX","0","12","REPUBLICAN","0"
"37","0","HENRY","0","Under Votes","400","16TH CONGRESS","LORAINE","0","12","REPUBLICAN","5"
"37","0","HENRY","385","DARIN LaHOOD","400","16TH CONGRESS","LORAINE","0","12","REPUBLICAN","57"
"37","0","HENRY","0","Over Votes","400","16TH CONGRESS","LORAINE","0","12","REPUBLICAN","0"
"37","0","HENRY","0","Under Votes","400","16TH CONGRESS","EDFORD","0","12","REPUBLICAN","3"
"37","0","HENRY","385","DARIN LaHOOD","400","16TH CONGRESS","EDFORD","0","12","REPUBLICAN","49"
"37","0","HENRY","0","Over Votes","400","16TH CONGRESS","EDFORD","0","12","REPUBLICAN","0"
"37","0","HENRY","0","Under Votes","400","16TH CONGRESS","GENESEO 1","0","12","REPUBLICAN","19"
"37","0","HENRY","385","DARIN LaHOOD","400","16TH CONGRESS","GENESEO 1","0","12","REPUBLICAN","149"
"37","0","HENRY","0","Over Votes","400","16TH CONGRESS","GENESEO 1","0","12","REPUBLICAN","0"
"37","0","HENRY","0","Under Votes","400","16TH CONGRESS","GENESEO 2","0","12","REPUBLICAN","28"
"37","0","HENRY","385","DARIN LaHOOD","400","16TH CONGRESS","GENESEO 2","0","12","REPUBLICAN","127"
"37","0","HENRY","0","Over Votes","400","16TH CONGRESS","GENESEO 2","0","12","REPUBLICAN","0"
"37","0","HENRY","0","Under Votes","400","16TH CONGRESS","GENESEO 3","0","12","REPUBLICAN","12"
"37","0","HENRY","385","DARIN LaHOOD","400","16TH CONGRESS","GENESEO 3","0","12","REPUBLICAN","79"
"37","0","HENRY","0","Over Votes","400","16TH CONGRESS","GENESEO 3","0","12","REPUBLICAN","0"
"37","0","HENRY","0","Under Votes","400","16TH CONGRESS","ALBA","0","12","REPUBLICAN","5"
"37","0","HENRY","385","DARIN LaHOOD","400","16TH CONGRESS","ALBA","0","12","REPUBLICAN","19"
"37","0","HENRY","0","Over Votes","400","16TH CONGRESS","ALBA","0","12","REPUBLICAN","0"
"37","0","HENRY","0","Under Votes","400","16TH CONGRESS","WESTERN 1","0","12","REPUBLICAN","5"
"37","0","HENRY","385","DARIN LaHOOD","400","16TH CONGRESS","WESTERN 1","0","12","REPUBLICAN","32"
"37","0","HENRY","0","Over Votes","400","16TH CONGRESS","WESTERN 1","0","12","REPUBLICAN","0"
"37","0","HENRY","0","Under Votes","400","16TH CONGRESS","WESTERN 2","0","12","REPUBLICAN","7"
"37","0","HENRY","385","DARIN LaHOOD","400","16TH CONGRESS","WESTERN 2","0","12","REPUBLICAN","33"
"37","0","HENRY","0","Over Votes","400","16TH CONGRESS","WESTERN 2","0","12","REPUBLICAN","0"
"37","0","HENRY","0","Under Votes","400","16TH CONGRESS","WESTERN 3","0","12","REPUBLICAN","11"
"37","0","HENRY","385","DARIN LaHOOD","400","16TH CONGRESS","WESTERN 3","0","12","REPUBLICAN","68"
"37","0","HENRY","0","Over Votes","400","16TH CONGRESS","WESTERN 3","0","12","REPUBLICAN","0"
"37","0","HENRY","0","Under Votes","400","16TH CONGRESS","LYNN","0","12","REPUBLICAN","2"
"37","0","HENRY","385","DARIN LaHOOD","400","16TH CONGRESS","LYNN","0","12","REPUBLICAN","46"
"90","0","TAZEWELL","0","Blank Ballots","400","16TH CONGRESS","FONDULAC 4","1387","12","REPUBLICAN","0"
"90","0","TAZEWELL","385","DARIN LaHOOD","400","16TH CONGRESS","FONDULAC 4","1387","12","REPUBLICAN","122"
"90","0","TAZEWELL","0","Blank Ballots","400","16TH CONGRESS","FONDULAC 5","912","12","REPUBLICAN","0"
"90","0","TAZEWELL","0","Under Votes","400","16TH CONGRESS","FONDULAC 5","912","12","REPUBLICAN","6"
"90","0","TAZEWELL","385","DARIN LaHOOD","400","16TH CONGRESS","FONDULAC 5","912","12","REPUBLICAN","58"
"90","0","TAZEWELL","0","Over Votes","400","16TH CONGRESS","FONDULAC 5","912","12","REPUBLICAN","0"
"90","0","TAZEWELL","0","Blank Ballots","400","16TH CONGRESS","GROVELAND 5","838","12","REPUBLICAN","0"
"90","0","TAZEWELL","0","Under Votes","400","16TH CONGRESS","GROVELAND 5","838","12","REPUBLICAN","7"
"90","0","TAZEWELL","385","DARIN LaHOOD","400","16TH CONGRESS","GROVELAND 5","838","12","REPUBLICAN","76"
"90","0","TAZEWELL","0","Over Votes","400","16TH CONGRESS","GROVELAND 5","838","12","REPUBLICAN","0"
"90","0","TAZEWELL","0","Blank Ballots","400","16TH CONGRESS","GROVELAND 9","945","12","REPUBLICAN","0"
"90","0","TAZEWELL","0","Under Votes","400","16TH CONGRESS","GROVELAND 9","945","12","REPUBLICAN","8"
"90","0","TAZEWELL","385","DARIN LaHOOD","400","16TH CONGRESS","GROVELAND 9","945","12","REPUBLICAN","107"
"90","0","TAZEWELL","0","Over Votes","400","16TH CONGRESS","GROVELAND 9","945","12","REPUBLICAN","0"
"90","0","TAZEWELL","0","Blank Ballots","400","16TH CONGRESS","MACKINAW 1","936","12","REPUBLICAN","0"
"90","0","TAZEWELL","0","Under Votes","400","16TH CONGRESS","MACKINAW 1","936","12","REPUBLICAN","11"
"90","0","TAZEWELL","385","DARIN LaHOOD","400","16TH CONGRESS","MACKINAW 1","936","12","REPUBLICAN","139"
"90","0","TAZEWELL","0","Over Votes","400","16TH CONGRESS","MACKINAW 1","936","12","REPUBLICAN","0"
"90","0","TAZEWELL","0","Blank Ballots","400","16TH CONGRESS","MORTON 4","1379","12","REPUBLICAN","0"
"90","0","TAZEWELL","0","Under Votes","400","16TH CONGRESS","MORTON 4","1379","12","REPUBLICAN","18"
"90","0","TAZEWELL","385","DARIN LaHOOD","400","16TH CONGRESS","MORTON 4","1379","12","REPUBLICAN","209"
"90","0","TAZEWELL","0","Over Votes","400","16TH CONGRESS","MORTON 4","1379","12","REPUBLICAN","0"
"90","0","TAZEWELL","0","Blank Ballots","400","16TH CONGRESS","MORTON 8","1382","12","REPUBLICAN","0"
"90","0","TAZEWELL","0","Under Votes","400","16TH CONGRESS","MORTON 8","1382","12","REPUBLICAN","16"
"90","0","TAZEWELL","385","DARIN LaHOOD","400","16TH CONGRESS","MORTON 8","1382","12","REPUBLICAN","159"
"90","0","TAZEWELL","0","Over Votes","400","16TH CONGRESS","MORTON 8","1382","12","REPUBLICAN","0"
"90","0","TAZEWELL","0","Blank Ballots","400","16TH CONGRESS","TREMONT 2","779","12","REPUBLICAN","0"
"90","0","TAZEWELL","0","Under Votes","400","16TH CONGRESS","TREMONT 2","779","12","REPUBLICAN","26"
"90","0","TAZEWELL","385","DARIN LaHOOD","400","16TH CONGRESS","TREMONT 2","779","12","REPUBLICAN","174"
"90","0","TAZEWELL","0","Over Votes","400","16TH CONGRESS","TREMONT 2","779","12","REPUBLICAN","0"
"90","0","TAZEWELL","0","Blank Ballots","400","16TH CONGRESS","WASHINGTON 7","763","12","REPUBLICAN","0"
"90","0","TAZEWELL","0","Blank Ballots","400","16TH CONGRESS","CINCINNATI 1","1155","12","REPUBLICAN","0"
"90","0","TAZEWELL","0","Under Votes","400","16TH CONGRESS","CINCINNATI 1","1155","12","REPUBLICAN","1"
"90","0","TAZEWELL","385","DARIN LaHOOD","400","16TH CONGRESS","CINCINNATI 1","1155","12","REPUBLICAN","11"
"90","0","TAZEWELL","0","Over Votes","400","16TH CONGRESS","CINCINNATI 1","1155","12","REPUBLICAN","0"
"90","0","TAZEWELL","385","DARIN LaHOOD","400","16TH CONGRESS","FONDULAC 2","985","12","REPUBLICAN","44"
"90","0","TAZEWELL","0","Over Votes","400","16TH CONGRESS","FONDULAC 2","985","12","REPUBLICAN","0"
"90","0","TAZEWELL","0","Blank Ballots","400","16TH CONGRESS","FONDULAC 2","985","12","REPUBLICAN","0"
"90","0","TAZEWELL","0","Under Votes","400","16TH CONGRESS","FONDULAC 2","985","12","REPUBLICAN","9"
"90","0","TAZEWELL","0","Blank Ballots","400","16TH CONGRESS","GROVELAND 2","1179","12","REPUBLICAN","0"
"90","0","TAZEWELL","0","Under Votes","400","16TH CONGRESS","GROVELAND 2","1179","12","REPUBLICAN","8"
"90","0","TAZEWELL","385","DARIN LaHOOD","400","16TH CONGRESS","GROVELAND 2","1179","12","REPUBLICAN","46"
"37","0","HENRY","0","Blank Ballots","400","16TH CONGRESS","GENESEO 5","0","11","DEMOCRATIC","60"
"37","0","HENRY","0","Over Votes","400","16TH CONGRESS","GENESEO 5","0","11","DEMOCRATIC","0"
"37","0","HENRY","0","Blank Ballots","400","16TH CONGRESS","GENESEO 4","0","11","DEMOCRATIC","43"
"37","0","HENRY","0","Over Votes","400","16TH CONGRESS","GENESEO 4","0","11","DEMOCRATIC","0"
"37","0","HENRY","0","Blank Ballots","400","16TH CONGRESS","BURNS","0","11","DEMOCRATIC","4"
"37","0","HENRY","0","Over Votes","400","16TH CONGRESS","BURNS","0","11","DEMOCRATIC","0"
"37","0","HENRY","0","Blank Ballots","400","16TH CONGRESS","HANNA 2","0","11","DEMOCRATIC","32"
"37","0","HENRY","0","Over Votes","400","16TH CONGRESS","HANNA 2","0","11","DEMOCRATIC","0"
"37","0","HENRY","0","Blank Ballots","400","16TH CONGRESS","PHENIX","0","11","DEMOCRATIC","54"
"37","0","HENRY","0","Over Votes","400","16TH CONGRESS","PHENIX","0","11","DEMOCRATIC","0"
"37","0","HENRY","0","Blank Ballots","400","16TH CONGRESS","LORAINE","0","11","DEMOCRATIC","1"
"37","0","HENRY","0","Over Votes","400","16TH CONGRESS","LORAINE","0","11","DEMOCRATIC","0"
"37","0","HENRY","0","Blank Ballots","400","16TH CONGRESS","EDFORD","0","11","DEMOCRATIC","14"
"37","0","HENRY","0","Over Votes","400","16TH CONGRESS","EDFORD","0","11","DEMOCRATIC","0"
"37","0","HENRY","0","Blank Ballots","400","16TH CONGRESS","GENESEO 1","0","11","DEMOCRATIC","68"
"37","0","HENRY","0","Over Votes","400","16TH CONGRESS","GENESEO 1","0","11","DEMOCRATIC","0"
"37","0","HENRY","0","Blank Ballots","400","16TH CONGRESS","GENESEO 2","0","11","DEMOCRATIC","51"
"37","0","HENRY","0","Over Votes","400","16TH CONGRESS","GENESEO 2","0","11","DEMOCRATIC","0"
"37","0","HENRY","0","Blank Ballots","400","16TH CONGRESS","GENESEO 3","0","11","DEMOCRATIC","30"
"37","0","HENRY","0","Over Votes","400","16TH CONGRESS","GENESEO 3","0","11","DEMOCRATIC","0"
"37","0","HENRY","0","Blank Ballots","400","16TH CONGRESS","ALBA","0","11","DEMOCRATIC","4"
"37","0","HENRY","0","Over Votes","400","16TH CONGRESS","ALBA","0","11","DEMOCRATIC","0"
"37","0","HENRY","0","Blank Ballots","400","16TH CONGRESS","WESTERN 1","0","11","DEMOCRATIC","27"
"37","0","HENRY","0","Over Votes","400","16TH CONGRESS","WESTERN 1","0","11","DEMOCRATIC","0"
"37","0","HENRY","0","Blank Ballots","400","16TH CONGRESS","WESTERN 2","0","11","DEMOCRATIC","17"
"37","0","HENRY","0","Over Votes","400","16TH CONGRESS","WESTERN 2","0","11","DEMOCRATIC","0"
"37","0","HENRY","0","Blank Ballots","400","16TH CONGRESS","WESTERN 3","0","11","DEMOCRATIC","21"
"37","0","HENRY","0","Over Votes","400","16TH CONGRESS","WESTERN 3","0","11","DEMOCRATIC","0"
"37","0","HENRY","0","Blank Ballots","400","16TH CONGRESS","LYNN","0","11","DEMOCRATIC","15"
"37","0","HENRY","0","Over Votes","400","16TH CONGRESS","LYNN","0","11","DEMOCRATIC","0"
"37","0","HENRY","0","Blank Ballots","400","16TH CONGRESS","ANDOVER","0","11","DEMOCRATIC","23"
"37","0","HENRY","0","Over Votes","400","16TH CONGRESS","ANDOVER","0","11","DEMOCRATIC","0"
"37","0","HENRY","0","Blank Ballots","400","16TH CONGRESS","CAMBRIDGE 1","0","11","DEMOCRATIC","14"
"37","0","HENRY","0","Over Votes","400","16TH CONGRESS","CAMBRIDGE 1","0","11","DEMOCRATIC","0"
"37","0","HENRY","0","Blank Ballots","400","16TH CONGRESS","CAMBRIDGE 2","0","11","DEMOCRATIC","18"
"37","0","HENRY","0","Over Votes","400","16TH CONGRESS","CAMBRIDGE 2","0","11","DEMOCRATIC","0"
"37","0","HENRY","0","Blank Ballots","400","16TH CONGRESS","HANNA 1","0","11","DEMOCRATIC","34"
"37","0","HENRY","0","Over Votes","400","16TH CONGRESS","HANNA 1","0","11","DEMOCRATIC","0"
"37","0","HENRY","0","Blank Ballots","400","16TH CONGRESS","ATKINSON","0","11","DEMOCRATIC","39"
"37","0","HENRY","0","Over Votes","400","16TH CONGRESS","ATKINSON","0","11","DEMOCRATIC","0"
"37","0","HENRY","0","Blank Ballots","400","16TH CONGRESS","YORKTOWN","0","11","DEMOCRATIC","7"
"37","0","HENRY","0","Over Votes","400","16TH CONGRESS","YORKTOWN","0","11","DEMOCRATIC","0"
"37","0","HENRY","0","Blank Ballots","400","16TH CONGRESS","COLONA 1","0","11","DEMOCRATIC","25"
"37","0","HENRY","0","Over Votes","400","16TH CONGRESS","COLONA 1","0","11","DEMOCRATIC","0"
"37","0","HENRY","0","Blank Ballots","400","16TH CONGRESS","GENESEO 6","0","11","DEMOCRATIC","21"
"19","0","DeKALB","0","Blank Ballots","400","16TH CONGRESS","MAYFIELD 1","630","11","DEMOCRATIC","45"
"19","0","DeKALB","0","Over Votes","400","16TH CONGRESS","MAYFIELD 1","630","11","DEMOCRATIC","0"
"19","0","DeKALB","0","Blank Ballots","400","16TH CONGRESS","SOUTH GROVE 1","323","11","DEMOCRATIC","21"
"19","0","DeKALB","0","Over Votes","400","16TH CONGRESS","SOUTH GROVE 1","323","11","DEMOCRATIC","0"
"19","0","DeKALB","0","Blank Ballots","400","16TH CONGRESS","FRANKLIN 2","1008","11","DEMOCRATIC","36"
"19","0","DeKALB","0","Over Votes","400","16TH CONGRESS","FRANKLIN 2","1008","11","DEMOCRATIC","0"
"19","0","DeKALB","0","Blank Ballots","400","16TH CONGRESS","FRANKLIN 1","503","11","DEMOCRATIC","28"
"19","0","DeKALB","0","Over Votes","400","16TH CONGRESS","FRANKLIN 1","503","11","DEMOCRATIC","0"
"102","0","WOODFORD","385","DARIN LaHOOD","400","16TH CONGRESS","WORTH 4","716","12","REPUBLICAN","112"
"102","0","WOODFORD","0","Under Votes","400","16TH CONGRESS","WORTH 4","716","12","REPUBLICAN","6"
"102","0","WOODFORD","0","Over Votes","400","16TH CONGRESS","WORTH 4","716","12","REPUBLICAN","0"
"102","0","WOODFORD","385","DARIN LaHOOD","400","16TH CONGRESS","WORTH 7","1091","12","REPUBLICAN","149"
"102","0","WOODFORD","0","Under Votes","400","16TH CONGRESS","WORTH 7","1091","12","REPUBLICAN","26"
"102","0","WOODFORD","0","Over Votes","400","16TH CONGRESS","WORTH 7","1091","12","REPUBLICAN","0"
"102","0","WOODFORD","0","Under Votes","400","16TH CONGRESS","OLIO 2","631","12","REPUBLICAN","18"
"102","0","WOODFORD","0","Over Votes","400","16TH CONGRESS","OLIO 2","631","12","REPUBLICAN","0"
"102","0","WOODFORD","385","DARIN LaHOOD","400","16TH CONGRESS","OLIO 2","631","12","REPUBLICAN","80"
"102","0","WOODFORD","385","DARIN LaHOOD","400","16TH CONGRESS","OLIO 3","788","12","REPUBLICAN","152"
"102","0","WOODFORD","0","Under Votes","400","16TH CONGRESS","OLIO 3","788","12","REPUBLICAN","24"
"102","0","WOODFORD","0","Over Votes","400","16TH CONGRESS","OLIO 3","788","12","REPUBLICAN","0"
"102","0","WOODFORD","0","Under Votes","400","16TH CONGRESS","PARTRIDGE","462","12","REPUBLICAN","16"
"102","0","WOODFORD","0","Over Votes","400","16TH CONGRESS","PARTRIDGE","462","12","REPUBLICAN","0"
"102","0","WOODFORD","385","DARIN LaHOOD","400","16TH CONGRESS","PARTRIDGE","462","12","REPUBLICAN","114"
"102","0","WOODFORD","0","Under Votes","400","16TH CONGRESS","LINN","162","12","REPUBLICAN","10"
"102","0","WOODFORD","0","Over Votes","400","16TH CONGRESS","LINN","162","12","REPUBLICAN","0"
"102","0","WOODFORD","385","DARIN LaHOOD","400","16TH CONGRESS","LINN","162","12","REPUBLICAN","45"
"102","0","WOODFORD","0","Under Votes","400","16TH CONGRESS","WORTH 9","1255","12","REPUBLICAN","33"
"102","0","WOODFORD","0","Over Votes","400","16TH CONGRESS","WORTH 9","1255","12","REPUBLICAN","0"
"102","0","WOODFORD","385","DARIN LaHOOD","400","16TH CONGRESS","WORTH 9","1255","12","REPUBLICAN","368"
"102","0","WOODFORD","0","Under Votes","400","16TH CONGRESS","METAMORA 1","582","12","REPUBLICAN","15"
"102","0","WOODFORD","0","Over Votes","400","16TH CONGRESS","METAMORA 1","582","12","REPUBLICAN","0"
"102","0","WOODFORD","385","DARIN LaHOOD","400","16TH CONGRESS","METAMORA 1","582","12","REPUBLICAN","145"
"102","0","WOODFORD","0","Under Votes","400","16TH CONGRESS","METAMORA 4","992","12","REPUBLICAN","44"
"102","0","WOODFORD","0","Over Votes","400","16TH CONGRESS","METAMORA 4","992","12","REPUBLICAN","0"
"102","0","WOODFORD","385","DARIN LaHOOD","400","16TH CONGRESS","METAMORA 4","992","12","REPUBLICAN","309"
"102","0","WOODFORD","385","DARIN LaHOOD","400","16TH CONGRESS","OLIO 4","614","12","REPUBLICAN","71"
"102","0","WOODFORD","0","Under Votes","400","16TH CONGRESS","OLIO 4","614","12","REPUBLICAN","12"
"102","0","WOODFORD","0","Over Votes","400","16TH CONGRESS","OLIO 4","614","12","REPUBLICAN","0"
"102","0","WOODFORD","385","DARIN LaHOOD","400","16TH CONGRESS","PALESTINE","753","12","REPUBLICAN","117"
"102","0","WOODFORD","0","Under Votes","400","16TH CONGRESS","PALESTINE","753","12","REPUBLICAN","21"
"102","0","WOODFORD","0","Over Votes","400","16TH CONGRESS","PALESTINE","753","12","REPUBLICAN","0"
"102","0","WOODFORD","0","Under Votes","400","16TH CONGRESS","EL PASO 1","623","12","REPUBLICAN","11"
"102","0","WOODFORD","0","Over Votes","400","16TH CONGRESS","EL PASO 1","623","12","REPUBLICAN","0"
"102","0","WOODFORD","385","DARIN LaHOOD","400","16TH CONGRESS","EL PASO 1","623","12","REPUBLICAN","124"
"90","0","TAZEWELL","0","Over Votes","400","16TH CONGRESS","MORTON 1","1130","11","DEMOCRATIC","0"
"90","0","TAZEWELL","0","Under Votes","400","16TH CONGRESS","WASHINGTON 4","1208","11","DEMOCRATIC","0"
"90","0","TAZEWELL","0","Blank Ballots","400","16TH CONGRESS","WASHINGTON 4","1208","11","DEMOCRATIC","0"
"90","0","TAZEWELL","0","Over Votes","400","16TH CONGRESS","WASHINGTON 4","1208","11","DEMOCRATIC","0"
"90","0","TAZEWELL","0","Under Votes","400","16TH CONGRESS","WASHINGTON 11","1106","11","DEMOCRATIC","0"
"90","0","TAZEWELL","0","Blank Ballots","400","16TH CONGRESS","WASHINGTON 11","1106","11","DEMOCRATIC","0"
"90","0","TAZEWELL","0","Over Votes","400","16TH CONGRESS","WASHINGTON 11","1106","11","DEMOCRATIC","0"
"90","0","TAZEWELL","0","Under Votes","400","16TH CONGRESS","PEKIN 1","1169","11","DEMOCRATIC","0"
"90","0","TAZEWELL","0","Blank Ballots","400","16TH CONGRESS","PEKIN 1","1169","11","DEMOCRATIC","0"
"90","0","TAZEWELL","0","Over Votes","400","16TH CONGRESS","PEKIN 1","1169","11","DEMOCRATIC","0"
"90","0","TAZEWELL","0","Under Votes","400","16TH CONGRESS","PEKIN 8","1016","11","DEMOCRATIC","0"
"90","0","TAZEWELL","0","Blank Ballots","400","16TH CONGRESS","PEKIN 8","1016","11","DEMOCRATIC","0"
"90","0","TAZEWELL","0","Over Votes","400","16TH CONGRESS","PEKIN 8","1016","11","DEMOCRATIC","0"
"90","0","TAZEWELL","0","Under Votes","400","16TH CONGRESS","PEKIN 15","829","11","DEMOCRATIC","0"
"90","0","TAZEWELL","0","Blank Ballots","400","16TH CONGRESS","PEKIN 15","829","11","DEMOCRATIC","0"
"90","0","TAZEWELL","0","Over Votes","400","16TH CONGRESS","PEKIN 15","829","11","DEMOCRATIC","0"
"90","0","TAZEWELL","0","Under Votes","400","16TH CONGRESS","CINCINNATI 2","1180","11","DEMOCRATIC","0"
"90","0","TAZEWELL","0","Blank Ballots","400","16TH CONGRESS","CINCINNATI 2","1180","11","DEMOCRATIC","0"
"90","0","TAZEWELL","0","Over Votes","400","16TH CONGRESS","CINCINNATI 2","1180","11","DEMOCRATIC","0"
"90","0","TAZEWELL","0","Under Votes","400","16TH CONGRESS","ELM GROVE 1","1241","11","DEMOCRATIC","0"
"90","0","TAZEWELL","0","Blank Ballots","400","16TH CONGRESS","ELM GROVE 1","1241","11","DEMOCRATIC","0"
"90","0","TAZEWELL","0","Over Votes","400","16TH CONGRESS","ELM GROVE 1","1241","11","DEMOCRATIC","0"
"90","0","TAZEWELL","0","Under Votes","400","16TH CONGRESS","GROVELAND 3","1006","11","DEMOCRATIC","0"
"90","0","TAZEWELL","0","Blank Ballots","400","16TH CONGRESS","GROVELAND 3","1006","11","DEMOCRATIC","0"
"90","0","TAZEWELL","0","Over Votes","400","16TH CONGRESS","GROVELAND 3","1006","11","DEMOCRATIC","0"
"90","0","TAZEWELL","0","Under Votes","400","16TH CONGRESS","GROVELAND 10","1239","11","DEMOCRATIC","0"
"90","0","TAZEWELL","0","Blank Ballots","400","16TH CONGRESS","GROVELAND 10","1239","11","DEMOCRATIC","0"
"90","0","TAZEWELL","0","Over Votes","400","16TH CONGRESS","GROVELAND 10","1239","11","DEMOCRATIC","0"
"90","0","TAZEWELL","0","Under Votes","400","16TH CONGRESS","MORTON 2","1535","11","DEMOCRATIC","0"
"90","0","TAZEWELL","0","Blank Ballots","400","16TH CONGRESS","MORTON 2","1535","11","DEMOCRATIC","0"
"90","0","TAZEWELL","0","Over Votes","400","16TH CONGRESS","MORTON 2","1535","11","DEMOCRATIC","0"
"90","0","TAZEWELL","0","Under Votes","400","16TH CONGRESS","MORTON 9","792","11","DEMOCRATIC","0"
"90","0","TAZEWELL","0","Blank Ballots","400","16TH CONGRESS","MORTON 9","792","11","DEMOCRATIC","0"
"90","0","TAZEWELL","0","Over Votes","400","16TH CONGRESS","MORTON 9","792","11","DEMOCRATIC","0"
"90","0","TAZEWELL","0","Under Votes","400","16TH CONGRESS","WASHINGTON 5","1224","11","DEMOCRATIC","0"
"90","0","TAZEWELL","0","Blank Ballots","400","16TH CONGRESS","WASHINGTON 5","1224","11","DEMOCRATIC","0"
"90","0","TAZEWELL","0","Over Votes","400","16TH CONGRESS","WASHINGTON 5","1224","11","DEMOCRATIC","0"
"90","0","TAZEWELL","0","Under Votes","400","16TH CONGRESS","WASHINGTON 12","1250","11","DEMOCRATIC","0"
"90","0","TAZEWELL","0","Blank Ballots","400","16TH CONGRESS","WASHINGTON 12","1250","11","DEMOCRATIC","0"
"90","0","TAZEWELL","0","Over Votes","400","16TH CONGRESS","WASHINGTON 12","1250","11","DEMOCRATIC","0"
"90","0","TAZEWELL","0","Under Votes","400","16TH CONGRESS","PEKIN 9","1132","11","DEMOCRATIC","0"
"90","0","TAZEWELL","0","Blank Ballots","400","16TH CONGRESS","PEKIN 9","1132","11","DEMOCRATIC","0"
"90","0","TAZEWELL","0","Over Votes","400","16TH CONGRESS","PEKIN 9","1132","11","DEMOCRATIC","0"
"102","0","WOODFORD","0","Over Votes","400","16TH CONGRESS","MINONK 2","999","11","DEMOCRATIC","0"
"102","0","WOODFORD","0","Blank Ballots","400","16TH CONGRESS","MINONK 2","999","11","DEMOCRATIC","30"
"102","0","WOODFORD","0","Over Votes","400","16TH CONGRESS","SPRING BAY 1","904","11","DEMOCRATIC","0"
"102","0","WOODFORD","0","Blank Ballots","400","16TH CONGRESS","SPRING BAY 1","904","11","DEMOCRATIC","39"
"102","0","WOODFORD","0","Over Votes","400","16TH CONGRESS","GREENE","327","11","DEMOCRATIC","0"
"102","0","WOODFORD","0","Blank Ballots","400","16TH CONGRESS","GREENE","327","11","DEMOCRATIC","5"
"102","0","WOODFORD","0","Over Votes","400","16TH CONGRESS","PARTRIDGE","462","11","DEMOCRATIC","0"
"102","0","WOODFORD","0","Blank Ballots","400","16TH CONGRESS","PARTRIDGE","462","11","DEMOCRATIC","27"
"102","0","WOODFORD","0","Over Votes","400","16TH CONGRESS","LINN","162","11","DEMOCRATIC","0"
"102","0","WOODFORD","0","Blank Ballots","400","16TH CONGRESS","LINN","162","11","DEMOCRATIC","2"
"102","0","WOODFORD","0","Over Votes","400","16TH CONGRESS","WORTH 9","1255","11","DEMOCRATIC","0"
"102","0","WOODFORD","0","Blank Ballots","400","16TH CONGRESS","WORTH 9","1255","11","DEMOCRATIC","71"
"102","0","WOODFORD","0","Over Votes","400","16TH CONGRESS","METAMORA 1","582","11","DEMOCRATIC","0"
"102","0","WOODFORD","0","Blank Ballots","400","16TH CONGRESS","METAMORA 1","582","11","DEMOCRATIC","63"
"102","0","WOODFORD","0","Over Votes","400","16TH CONGRESS","METAMORA 4","992","11","DEMOCRATIC","0"
"102","0","WOODFORD","0","Blank Ballots","400","16TH CONGRESS","METAMORA 4","992","11","DEMOCRATIC","97"
"102","0","WOODFORD","0","Over Votes","400","16TH CONGRESS","OLIO 4","614","11","DEMOCRATIC","0"
"102","0","WOODFORD","0","Blank Ballots","400","16TH CONGRESS","OLIO 4","614","11","DEMOCRATIC","11"
"102","0","WOODFORD","0","Over Votes","400","16TH CONGRESS","PALESTINE","753","11","DEMOCRATIC","0"
"102","0","WOODFORD","0","Blank Ballots","400","16TH CONGRESS","PALESTINE","753","11","DEMOCRATIC","25"
"102","0","WOODFORD","0","Over Votes","400","16TH CONGRESS","EL PASO 1","623","11","DEMOCRATIC","0"
"102","0","WOODFORD","0","Blank Ballots","400","16TH CONGRESS","EL PASO 1","623","11","DEMOCRATIC","17"
"102","0","WOODFORD","0","Over Votes","400","16TH CONGRESS","WORTH 4","716","11","DEMOCRATIC","0"
"102","0","WOODFORD","0","Blank Ballots","400","16TH CONGRESS","WORTH 4","716","11","DEMOCRATIC","30"
"102","0","WOODFORD","0","Over Votes","400","16TH CONGRESS","WORTH 7","1091","11","DEMOCRATIC","0"
"102","0","WOODFORD","0","Blank Ballots","400","16TH CONGRESS","WORTH 7","1091","11","DEMOCRATIC","47"
"102","0","WOODFORD","0","Over Votes","400","16TH CONGRESS","OLIO 2","631","11","DEMOCRATIC","0"
"102","0","WOODFORD","0","Blank Ballots","400","16TH CONGRESS","OLIO 2","631","11","DEMOCRATIC","24"
"102","0","WOODFORD","0","Over Votes","400","16TH CONGRESS","OLIO 3","788","11","DEMOCRATIC","0"
"102","0","WOODFORD","0","Blank Ballots","400","16TH CONGRESS","OLIO 3","788","11","DEMOCRATIC","24"
"27","0","FORD","0","Over Votes","400","16TH CONGRESS","DRUMMER 4","733","12","REPUBLICAN","0"
"27","0","FORD","385","DARIN LaHOOD","400","16TH CONGRESS","DRUMMER 4","733","12","REPUBLICAN","187"
"27","0","FORD","0","Under Votes","400","16TH CONGRESS","DRUMMER 4","733","12","REPUBLICAN","25"
"27","0","FORD","0","Blank Ballots","400","16TH CONGRESS","DRUMMER 4","733","12","REPUBLICAN","0"
"27","0","FORD","0","Over Votes","400","16TH CONGRESS","DRUMMER 2","456","12","REPUBLICAN","0"
"27","0","FORD","385","DARIN LaHOOD","400","16TH CONGRESS","DRUMMER 2","456","12","REPUBLICAN","81"
"27","0","FORD","0","Under Votes","400","16TH CONGRESS","DRUMMER 2","456","12","REPUBLICAN","8"
"27","0","FORD","0","Blank Ballots","400","16TH CONGRESS","DRUMMER 2","456","12","REPUBLICAN","0"
"27","0","FORD","0","Over Votes","400","16TH CONGRESS","DRUMMER 1","471","12","REPUBLICAN","0"
"27","0","FORD","385","DARIN LaHOOD","400","16TH CONGRESS","DRUMMER 1","471","12","REPUBLICAN","139"
"27","0","FORD","0","Under Votes","400","16TH CONGRESS","DRUMMER 1","471","12","REPUBLICAN","16"
"27","0","FORD","0","Blank Ballots","400","16TH CONGRESS","DRUMMER 1","471","12","REPUBLICAN","0"
"27","0","FORD","0","Over Votes","400","16TH CONGRESS","DRUMMER 3","551","12","REPUBLICAN","0"
"27","0","FORD","385","DARIN LaHOOD","400","16TH CONGRESS","DRUMMER 3","551","12","REPUBLICAN","166"
"37","0","HENRY","0","Over Votes","400","16TH CONGRESS","LYNN","0","12","REPUBLICAN","0"
"37","0","HENRY","0","Under Votes","400","16TH CONGRESS","ANDOVER","0","12","REPUBLICAN","7"
"37","0","HENRY","385","DARIN LaHOOD","400","16TH CONGRESS","ANDOVER","0","12","REPUBLICAN","62"
"37","0","HENRY","0","Over Votes","400","16TH CONGRESS","ANDOVER","0","12","REPUBLICAN","0"
"37","0","HENRY","0","Under Votes","400","16TH CONGRESS","CAMBRIDGE 1","0","12","REPUBLICAN","9"
"37","0","HENRY","385","DARIN LaHOOD","400","16TH CONGRESS","CAMBRIDGE 1","0","12","REPUBLICAN","73"
"37","0","HENRY","0","Over Votes","400","16TH CONGRESS","CAMBRIDGE 1","0","12","REPUBLICAN","0"
"37","0","HENRY","0","Under Votes","400","16TH CONGRESS","CAMBRIDGE 2","0","12","REPUBLICAN","9"
"37","0","HENRY","385","DARIN LaHOOD","400","16TH CONGRESS","CAMBRIDGE 2","0","12","REPUBLICAN","57"
"37","0","HENRY","0","Over Votes","400","16TH CONGRESS","CAMBRIDGE 2","0","12","REPUBLICAN","0"
"37","0","HENRY","0","Under Votes","400","16TH CONGRESS","HANNA 1","0","12","REPUBLICAN","11"
"37","0","HENRY","385","DARIN LaHOOD","400","16TH CONGRESS","HANNA 1","0","12","REPUBLICAN","59"
"37","0","HENRY","0","Over Votes","400","16TH CONGRESS","HANNA 1","0","12","REPUBLICAN","0"
"37","0","HENRY","0","Under Votes","400","16TH CONGRESS","ATKINSON","0","12","REPUBLICAN","19"
"37","0","HENRY","385","DARIN LaHOOD","400","16TH CONGRESS","ATKINSON","0","12","REPUBLICAN","105"
"37","0","HENRY","0","Over Votes","400","16TH CONGRESS","ATKINSON","0","12","REPUBLICAN","0"
"37","0","HENRY","0","Under Votes","400","16TH CONGRESS","YORKTOWN","0","12","REPUBLICAN","8"
"37","0","HENRY","385","DARIN LaHOOD","400","16TH CONGRESS","YORKTOWN","0","12","REPUBLICAN","43"
"37","0","HENRY","0","Over Votes","400","16TH CONGRESS","YORKTOWN","0","12","REPUBLICAN","0"
"37","0","HENRY","0","Under Votes","400","16TH CONGRESS","COLONA 1","0","12","REPUBLICAN","4"
"37","0","HENRY","385","DARIN LaHOOD","400","16TH CONGRESS","COLONA 1","0","12","REPUBLICAN","40"
"37","0","HENRY","0","Over Votes","400","16TH CONGRESS","COLONA 1","0","12","REPUBLICAN","0"
"37","0","HENRY","0","Under Votes","400","16TH CONGRESS","GENESEO 6","0","12","REPUBLICAN","17"
"37","0","HENRY","385","DARIN LaHOOD","400","16TH CONGRESS","GENESEO 6","0","12","REPUBLICAN","185"
"37","0","HENRY","0","Over Votes","400","16TH CONGRESS","GENESEO 6","0","12","REPUBLICAN","0"
"37","0","HENRY","0","Under Votes","400","16TH CONGRESS","OSCO","0","12","REPUBLICAN","7"
"37","0","HENRY","385","DARIN LaHOOD","400","16TH CONGRESS","OSCO","0","12","REPUBLICAN","39"
"37","0","HENRY","0","Over Votes","400","16TH CONGRESS","OSCO","0","12","REPUBLICAN","0"
"37","0","HENRY","0","Under Votes","400","16TH CONGRESS","MUNSON","0","12","REPUBLICAN","7"
"37","0","HENRY","385","DARIN LaHOOD","400","16TH CONGRESS","MUNSON","0","12","REPUBLICAN","44"
"37","0","HENRY","0","Over Votes","400","16TH CONGRESS","MUNSON","0","12","REPUBLICAN","0"
"37","0","HENRY","0","Under Votes","400","16TH CONGRESS","CORNWALL","0","12","REPUBLICAN","5"
"37","0","HENRY","385","DARIN LaHOOD","400","16TH CONGRESS","CORNWALL","0","12","REPUBLICAN","29"
"37","0","HENRY","0","Over Votes","400","16TH CONGRESS","CORNWALL","0","12","REPUBLICAN","0"
"37","0","HENRY","0","Under Votes","400","16TH CONGRESS","ANNAWAN","0","12","REPUBLICAN","9"
"37","0","HENRY","385","DARIN LaHOOD","400","16TH CONGRESS","ANNAWAN","0","12","REPUBLICAN","50"
"37","0","HENRY","0","Over Votes","400","16TH CONGRESS","ANNAWAN","0","12","REPUBLICAN","0"
"37","0","HENRY","0","Under Votes","400","16TH CONGRESS","OXFORD","0","12","REPUBLICAN","6"
"37","0","HENRY","385","DARIN LaHOOD","400","16TH CONGRESS","OXFORD","0","12","REPUBLICAN","57"
"37","0","HENRY","0","Over Votes","400","16TH CONGRESS","OXFORD","0","12","REPUBLICAN","0"
"37","0","HENRY","0","Under Votes","400","16TH CONGRESS","CLOVER","0","12","REPUBLICAN","2"
"37","0","HENRY","385","DARIN LaHOOD","400","16TH CONGRESS","CLOVER","0","12","REPUBLICAN","46"
"37","0","HENRY","0","Over Votes","400","16TH CONGRESS","CLOVER","0","12","REPUBLICAN","0"
"37","0","HENRY","0","Under Votes","400","16TH CONGRESS","WELLER","0","12","REPUBLICAN","4"
"110","101","CITY OF ROCKFORD","0","Blank Ballots","400","16TH CONGRESS","WARD 6 PRECINCT 1","1161","11","DEMOCRATIC","38"
"110","101","CITY OF ROCKFORD","0","Over Votes","400","16TH CONGRESS","WARD 5 PRECINCT 3","1088","11","DEMOCRATIC","0"
"110","101","CITY OF ROCKFORD","0","Blank Ballots","400","16TH CONGRESS","WARD 5 PRECINCT 3","1088","11","DEMOCRATIC","8"
"110","101","CITY OF ROCKFORD","0","Over Votes","400","16TH CONGRESS","WARD 12 PRECINCT 2","954","11","DEMOCRATIC","0"
"110","101","CITY OF ROCKFORD","0","Blank Ballots","400","16TH CONGRESS","WARD 12 PRECINCT 2","954","11","DEMOCRATIC","2"
"110","101","CITY OF ROCKFORD","0","Over Votes","400","16TH CONGRESS","WARD 1 PRECINCT 3","1002","11","DEMOCRATIC","0"
"110","101","CITY OF ROCKFORD","0","Blank Ballots","400","16TH CONGRESS","WARD 1 PRECINCT 3","1002","11","DEMOCRATIC","57"
"110","101","CITY OF ROCKFORD","0","Over Votes","400","16TH CONGRESS","WARD 4 PRECINCT 2","1271","11","DEMOCRATIC","0"
"110","101","CITY OF ROCKFORD","0","Blank Ballots","400","16TH CONGRESS","WARD 4 PRECINCT 2","1271","11","DEMOCRATIC","77"
"110","101","CITY OF ROCKFORD","0","Over Votes","400","16TH CONGRESS","WARD 1 PRECINCT 4","1119","11","DEMOCRATIC","0"
"110","101","CITY OF ROCKFORD","0","Blank Ballots","400","16TH CONGRESS","WARD 1 PRECINCT 4","1119","11","DEMOCRATIC","75"
"110","101","CITY OF ROCKFORD","0","Over Votes","400","16TH CONGRESS","WARD 1 PRECINCT 5","1222","11","DEMOCRATIC","0"
"110","101","CITY OF ROCKFORD","0","Blank Ballots","400","16TH CONGRESS","WARD 1 PRECINCT 5","1222","11","DEMOCRATIC","23"
"110","101","CITY OF ROCKFORD","0","Over Votes","400","16TH CONGRESS","WARD 4 PRECINCT 1","924","11","DEMOCRATIC","0"
"110","101","CITY OF ROCKFORD","0","Blank Ballots","400","16TH CONGRESS","WARD 4 PRECINCT 1","924","11","DEMOCRATIC","59"
"110","101","CITY OF ROCKFORD","0","Over Votes","400","16TH CONGRESS","WARD 7 PRECINCT 4","947","11","DEMOCRATIC","0"
"110","101","CITY OF ROCKFORD","0","Blank Ballots","400","16TH CONGRESS","WARD 7 PRECINCT 4","947","11","DEMOCRATIC","2"
"110","101","CITY OF ROCKFORD","0","Over Votes","400","16TH CONGRESS","WARD 9 PRECINCT 3","845","11","DEMOCRATIC","0"
"110","101","CITY OF ROCKFORD","0","Blank Ballots","400","16TH CONGRESS","WARD 9 PRECINCT 3","845","11","DEMOCRATIC","1"
"110","101","CITY OF ROCKFORD","0","Over Votes","400","16TH CONGRESS","WARD 14 PRECINCT 2","1088","11","DEMOCRATIC","0"
"110","101","CITY OF ROCKFORD","0","Blank Ballots","400","16TH CONGRESS","WARD 14 PRECINCT 2","1088","11","DEMOCRATIC","117"
"110","101","CITY OF ROCKFORD","0","Over Votes","400","16TH CONGRESS","WARD 4 PRECINCT 8","834","11","DEMOCRATIC","0"
"110","101","CITY OF ROCKFORD","0","Blank Ballots","400","16TH CONGRESS","WARD 4 PRECINCT 8","834","11","DEMOCRATIC","0"
"110","101","CITY OF ROCKFORD","0","Over Votes","400","16TH CONGRESS","WARD 1 PRECINCT 2","956","11","DEMOCRATIC","0"
"110","101","CITY OF ROCKFORD","0","Blank Ballots","400","16TH CONGRESS","WARD 1 PRECINCT 2","956","11","DEMOCRATIC","86"
"43","0","JoDAVIESS","0","Over Votes","400","16TH CONGRESS","STOCKTON 2","902","12","REPUBLICAN","0"
"43","0","JoDAVIESS","385","DARIN LaHOOD","400","16TH CONGRESS","STOCKTON 2","902","12","REPUBLICAN","91"
"43","0","JoDAVIESS","0","Under Votes","400","16TH CONGRESS","STOCKTON 2","902","12","REPUBLICAN","15"
"43","0","JoDAVIESS","0","Over Votes","400","16TH CONGRESS","VINEGAR HILL","288","12","REPUBLICAN","0"
"43","0","JoDAVIESS","385","DARIN LaHOOD","400","16TH CONGRESS","VINEGAR HILL","288","12","REPUBLICAN","60"
"43","0","JoDAVIESS","0","Under Votes","400","16TH CONGRESS","VINEGAR HILL","288","12","REPUBLICAN","21"
"43","0","JoDAVIESS","0","Over Votes","400","16TH CONGRESS","STOCKTON 1","743","12","REPUBLICAN","0"
"43","0","JoDAVIESS","385","DARIN LaHOOD","400","16TH CONGRESS","STOCKTON 1","743","12","REPUBLICAN","72"
"43","0","JoDAVIESS","0","Under Votes","400","16TH CONGRESS","STOCKTON 1","743","12","REPUBLICAN","7"
"43","0","JoDAVIESS","0","Over Votes","400","16TH CONGRESS","DUNLEITH 1","824","12","REPUBLICAN","0"
"43","0","JoDAVIESS","385","DARIN LaHOOD","400","16TH CONGRESS","DUNLEITH 1","824","12","REPUBLICAN","29"
"43","0","JoDAVIESS","0","Under Votes","400","16TH CONGRESS","DUNLEITH 1","824","12","REPUBLICAN","7"
"43","0","JoDAVIESS","0","Over Votes","400","16TH CONGRESS","WARDS GROVE","167","12","REPUBLICAN","0"
"43","0","JoDAVIESS","385","DARIN LaHOOD","400","16TH CONGRESS","WARDS GROVE","167","12","REPUBLICAN","22"
"43","0","JoDAVIESS","0","Under Votes","400","16TH CONGRESS","WARDS GROVE","167","12","REPUBLICAN","4"
"27","0","FORD","0","Under Votes","400","16TH CONGRESS","DRUMMER 3","551","12","REPUBLICAN","17"
"27","0","FORD","0","Blank Ballots","400","16TH CONGRESS","DRUMMER 3","551","12","REPUBLICAN","0"
"72","0","PEORIA","0","Under Votes","400","16TH CONGRESS","CH03 - 5","0","12","","15"
"72","0","PEORIA","385","DARIN LaHOOD","400","16TH CONGRESS","CH03 - 5","0","12","","76"
"72","0","PEORIA","0","Over Votes","400","16TH CONGRESS","CH03 - 5","0","12","","0"
"72","0","PEORIA","0","Under Votes","400","16TH CONGRESS","CH06 - 8","0","12","","20"
"72","0","PEORIA","385","DARIN LaHOOD","400","16TH CONGRESS","CH06 - 8","0","12","","116"
"72","0","PEORIA","0","Over Votes","400","16TH CONGRESS","CH06 - 8","0","12","","0"
"72","0","PEORIA","0","Under Votes","400","16TH CONGRESS","PE47 - 127","0","12","","0"
"72","0","PEORIA","385","DARIN LaHOOD","400","16TH CONGRESS","PE47 - 127","0","12","","4"
"72","0","PEORIA","0","Over Votes","400","16TH CONGRESS","PE47 - 127","0","12","","0"
"72","0","PEORIA","0","Under Votes","400","16TH CONGRESS","PE47 - 130","0","12","","1"
"72","0","PEORIA","385","DARIN LaHOOD","400","16TH CONGRESS","PE47 - 130","0","12","","26"
"72","0","PEORIA","0","Over Votes","400","16TH CONGRESS","PE47 - 130","0","12","","0"
"72","0","PEORIA","0","Under Votes","400","16TH CONGRESS","PE48 - 133","0","12","","6"
"72","0","PEORIA","385","DARIN LaHOOD","400","16TH CONGRESS","PE48 - 133","0","12","","27"
"72","0","PEORIA","0","Over Votes","400","16TH CONGRESS","PE48 - 133","0","12","","0"
"72","0","PEORIA","0","Under Votes","400","16TH CONGRESS","PE49 - 136","0","12","","1"
"72","0","PEORIA","385","DARIN LaHOOD","400","16TH CONGRESS","PE49 - 136","0","12","","2"
"72","0","PEORIA","0","Over Votes","400","16TH CONGRESS","PE49 - 136","0","12","","0"
"72","0","PEORIA","0","Under Votes","400","16TH CONGRESS","PE58 - 156","0","12","","15"
"72","0","PEORIA","385","DARIN LaHOOD","400","16TH CONGRESS","PE58 - 156","0","12","","59"
"72","0","PEORIA","0","Over Votes","400","16TH CONGRESS","PE58 - 156","0","12","","0"
"72","0","PEORIA","0","Under Votes","400","16TH CONGRESS","PE59 - 159","0","12","","6"
"72","0","PEORIA","385","DARIN LaHOOD","400","16TH CONGRESS","PE59 - 159","0","12","","32"
"72","0","PEORIA","0","Over Votes","400","16TH CONGRESS","PE59 - 159","0","12","","0"
"72","0","PEORIA","0","Under Votes","400","16TH CONGRESS","PE62 - 162","0","12","","16"
"72","0","PEORIA","385","DARIN LaHOOD","400","16TH CONGRESS","PE62 - 162","0","12","","72"
"72","0","PEORIA","0","Over Votes","400","16TH CONGRESS","PE62 - 162","0","12","","0"
"72","0","PEORIA","0","Under Votes","400","16TH CONGRESS","PE64 - 165","0","12","","26"
"72","0","PEORIA","385","DARIN LaHOOD","400","16TH CONGRESS","PE64 - 165","0","12","","73"
"72","0","PEORIA","0","Over Votes","400","16TH CONGRESS","PE64 - 165","0","12","","0"
"72","0","PEORIA","0","Under Votes","400","16TH CONGRESS","JU02 - 17","0","12","","13"
"72","0","PEORIA","385","DARIN LaHOOD","400","16TH CONGRESS","JU02 - 17","0","12","","47"
"72","0","PEORIA","0","Over Votes","400","16TH CONGRESS","JU02 - 17","0","12","","0"
"72","0","PEORIA","0","Under Votes","400","16TH CONGRESS","KI01 - 20","0","12","","0"
"72","0","PEORIA","385","DARIN LaHOOD","400","16TH CONGRESS","KI01 - 20","0","12","","0"
"72","0","PEORIA","0","Over Votes","400","16TH CONGRESS","KI01 - 20","0","12","","0"
"72","0","PEORIA","0","Under Votes","400","16TH CONGRESS","KI01 - 23","0","12","","1"
"72","0","PEORIA","385","DARIN LaHOOD","400","16TH CONGRESS","KI01 - 23","0","12","","9"
"72","0","PEORIA","0","Over Votes","400","16TH CONGRESS","KI01 - 23","0","12","","0"
"72","0","PEORIA","0","Under Votes","400","16TH CONGRESS","KI02 - 26","0","12","","1"
"72","0","PEORIA","385","DARIN LaHOOD","400","16TH CONGRESS","KI02 - 26","0","12","","6"
"72","0","PEORIA","0","Over Votes","400","16TH CONGRESS","KI02 - 26","0","12","","0"
"72","0","PEORIA","0","Under Votes","400","16TH CONGRESS","ME02 - 55","0","12","","17"
"72","0","PEORIA","385","DARIN LaHOOD","400","16TH CONGRESS","ME02 - 55","0","12","","96"
"72","0","PEORIA","0","Over Votes","400","16TH CONGRESS","ME02 - 55","0","12","","0"
"72","0","PEORIA","0","Under Votes","400","16TH CONGRESS","PE51 - 139","0","12","","0"
"72","0","PEORIA","385","DARIN LaHOOD","400","16TH CONGRESS","PE51 - 139","0","12","","2"
"90","0","TAZEWELL","0","Under Votes","400","16TH CONGRESS","PEKIN 16","1256","11","DEMOCRATIC","0"
"90","0","TAZEWELL","0","Blank Ballots","400","16TH CONGRESS","PEKIN 16","1256","11","DEMOCRATIC","0"
"90","0","TAZEWELL","0","Over Votes","400","16TH CONGRESS","PEKIN 16","1256","11","DEMOCRATIC","0"
"90","0","TAZEWELL","0","Over Votes","400","16TH CONGRESS","GROVELAND 8","1373","11","DEMOCRATIC","0"
"90","0","TAZEWELL","0","Under Votes","400","16TH CONGRESS","LT MACKINAW 1","996","11","DEMOCRATIC","0"
"90","0","TAZEWELL","0","Blank Ballots","400","16TH CONGRESS","LT MACKINAW 1","996","11","DEMOCRATIC","0"
"90","0","TAZEWELL","0","Over Votes","400","16TH CONGRESS","LT MACKINAW 1","996","11","DEMOCRATIC","0"
"90","0","TAZEWELL","0","Under Votes","400","16TH CONGRESS","MORTON 7","1051","11","DEMOCRATIC","0"
"90","0","TAZEWELL","0","Blank Ballots","400","16TH CONGRESS","MORTON 7","1051","11","DEMOCRATIC","0"
"90","0","TAZEWELL","0","Over Votes","400","16TH CONGRESS","MORTON 7","1051","11","DEMOCRATIC","0"
"90","0","TAZEWELL","0","Under Votes","400","16TH CONGRESS","TREMONT 1","1176","11","DEMOCRATIC","0"
"90","0","TAZEWELL","0","Blank Ballots","400","16TH CONGRESS","TREMONT 1","1176","11","DEMOCRATIC","0"
"90","0","TAZEWELL","0","Over Votes","400","16TH CONGRESS","TREMONT 1","1176","11","DEMOCRATIC","0"
"90","0","TAZEWELL","0","Under Votes","400","16TH CONGRESS","WASHINGTON 10","1552","11","DEMOCRATIC","0"
"90","0","TAZEWELL","0","Blank Ballots","400","16TH CONGRESS","WASHINGTON 10","1552","11","DEMOCRATIC","0"
"90","0","TAZEWELL","0","Over Votes","400","16TH CONGRESS","WASHINGTON 10","1552","11","DEMOCRATIC","0"
"90","0","TAZEWELL","0","Blank Ballots","400","16TH CONGRESS","PEKIN 3","1033","11","DEMOCRATIC","0"
"90","0","TAZEWELL","0","Under Votes","400","16TH CONGRESS","PEKIN 3","1033","11","DEMOCRATIC","0"
"90","0","TAZEWELL","0","Over Votes","400","16TH CONGRESS","PEKIN 3","1033","11","DEMOCRATIC","0"
"90","0","TAZEWELL","0","Under Votes","400","16TH CONGRESS","PEKIN 14","1157","11","DEMOCRATIC","0"
"90","0","TAZEWELL","0","Blank Ballots","400","16TH CONGRESS","PEKIN 14","1157","11","DEMOCRATIC","0"
"90","0","TAZEWELL","0","Over Votes","400","16TH CONGRESS","PEKIN 14","1157","11","DEMOCRATIC","0"
"90","0","TAZEWELL","0","Under Votes","400","16TH CONGRESS","CINCINNATI 3","617","11","DEMOCRATIC","0"
"90","0","TAZEWELL","0","Blank Ballots","400","16TH CONGRESS","CINCINNATI 3","617","11","DEMOCRATIC","0"
"90","0","TAZEWELL","0","Over Votes","400","16TH CONGRESS","CINCINNATI 3","617","11","DEMOCRATIC","0"
"90","0","TAZEWELL","0","Under Votes","400","16TH CONGRESS","ELM GROVE 2","1047","11","DEMOCRATIC","0"
"90","0","TAZEWELL","0","Blank Ballots","400","16TH CONGRESS","ELM GROVE 2","1047","11","DEMOCRATIC","0"
"90","0","TAZEWELL","0","Over Votes","400","16TH CONGRESS","ELM GROVE 2","1047","11","DEMOCRATIC","0"
"90","0","TAZEWELL","0","Under Votes","400","16TH CONGRESS","GROVELAND 4","1065","11","DEMOCRATIC","0"
"90","0","TAZEWELL","0","Blank Ballots","400","16TH CONGRESS","GROVELAND 4","1065","11","DEMOCRATIC","0"
"90","0","TAZEWELL","0","Over Votes","400","16TH CONGRESS","GROVELAND 4","1065","11","DEMOCRATIC","0"
"90","0","TAZEWELL","0","Under Votes","400","16TH CONGRESS","GROVELAND 11","982","11","DEMOCRATIC","0"
"90","0","TAZEWELL","0","Blank Ballots","400","16TH CONGRESS","GROVELAND 11","982","11","DEMOCRATIC","0"
"90","0","TAZEWELL","0","Over Votes","400","16TH CONGRESS","GROVELAND 11","982","11","DEMOCRATIC","0"
"90","0","TAZEWELL","0","Under Votes","400","16TH CONGRESS","MORTON 3","1171","11","DEMOCRATIC","0"
"90","0","TAZEWELL","0","Blank Ballots","400","16TH CONGRESS","MORTON 3","1171","11","DEMOCRATIC","0"
"90","0","TAZEWELL","0","Over Votes","400","16TH CONGRESS","MORTON 3","1171","11","DEMOCRATIC","0"
"90","0","TAZEWELL","0","Under Votes","400","16TH CONGRESS","MORTON 10","969","11","DEMOCRATIC","0"
"90","0","TAZEWELL","0","Blank Ballots","400","16TH CONGRESS","MORTON 10","969","11","DEMOCRATIC","0"
"90","0","TAZEWELL","0","Over Votes","400","16TH CONGRESS","MORTON 10","969","11","DEMOCRATIC","0"
"90","0","TAZEWELL","0","Blank Ballots","400","16TH CONGRESS","WASHINGTON 6","1231","11","DEMOCRATIC","0"
"90","0","TAZEWELL","0","Under Votes","400","16TH CONGRESS","WASHINGTON 6","1231","11","DEMOCRATIC","0"
"90","0","TAZEWELL","0","Over Votes","400","16TH CONGRESS","WASHINGTON 6","1231","11","DEMOCRATIC","0"
"102","0","WOODFORD","0","Under Votes","400","16TH CONGRESS","CLAYTON","457","12","REPUBLICAN","21"
"102","0","WOODFORD","0","Over Votes","400","16TH CONGRESS","CLAYTON","457","12","REPUBLICAN","0"
"102","0","WOODFORD","385","DARIN LaHOOD","400","16TH CONGRESS","CLAYTON","457","12","REPUBLICAN","91"
"102","0","WOODFORD","0","Under Votes","400","16TH CONGRESS","SPRING BAY 2","868","12","REPUBLICAN","10"
"102","0","WOODFORD","0","Over Votes","400","16TH CONGRESS","SPRING BAY 2","868","12","REPUBLICAN","0"
"102","0","WOODFORD","385","DARIN LaHOOD","400","16TH CONGRESS","SPRING BAY 2","868","12","REPUBLICAN","106"
"102","0","WOODFORD","0","Under Votes","400","16TH CONGRESS","ROANOKE 1","436","12","REPUBLICAN","12"
"102","0","WOODFORD","0","Over Votes","400","16TH CONGRESS","ROANOKE 1","436","12","REPUBLICAN","0"
"102","0","WOODFORD","385","DARIN LaHOOD","400","16TH CONGRESS","ROANOKE 1","436","12","REPUBLICAN","84"
"102","0","WOODFORD","0","Under Votes","400","16TH CONGRESS","EL PASO 2","474","12","REPUBLICAN","14"
"102","0","WOODFORD","0","Over Votes","400","16TH CONGRESS","EL PASO 2","474","12","REPUBLICAN","0"
"102","0","WOODFORD","385","DARIN LaHOOD","400","16TH CONGRESS","EL PASO 2","474","12","REPUBLICAN","79"
"102","0","WOODFORD","0","Under Votes","400","16TH CONGRESS","EL PASO 3","1179","12","REPUBLICAN","11"
"102","0","WOODFORD","0","Over Votes","400","16TH CONGRESS","EL PASO 3","1179","12","REPUBLICAN","0"
"102","0","WOODFORD","385","DARIN LaHOOD","400","16TH CONGRESS","EL PASO 3","1179","12","REPUBLICAN","157"
"102","0","WOODFORD","0","Under Votes","400","16TH CONGRESS","MONTGOMERY 1","679","12","REPUBLICAN","12"
"102","0","WOODFORD","0","Over Votes","400","16TH CONGRESS","MONTGOMERY 1","679","12","REPUBLICAN","0"
"102","0","WOODFORD","385","DARIN LaHOOD","400","16TH CONGRESS","MONTGOMERY 1","679","12","REPUBLICAN","99"
"102","0","WOODFORD","0","Under Votes","400","16TH CONGRESS","MINONK 2","999","12","REPUBLICAN","19"
"102","0","WOODFORD","0","Over Votes","400","16TH CONGRESS","MINONK 2","999","12","REPUBLICAN","0"
"102","0","WOODFORD","385","DARIN LaHOOD","400","16TH CONGRESS","MINONK 2","999","12","REPUBLICAN","155"
"102","0","WOODFORD","0","Under Votes","400","16TH CONGRESS","SPRING BAY 1","904","12","REPUBLICAN","13"
"102","0","WOODFORD","0","Over Votes","400","16TH CONGRESS","SPRING BAY 1","904","12","REPUBLICAN","0"
"102","0","WOODFORD","385","DARIN LaHOOD","400","16TH CONGRESS","SPRING BAY 1","904","12","REPUBLICAN","82"
"102","0","WOODFORD","0","Under Votes","400","16TH CONGRESS","GREENE","327","12","REPUBLICAN","7"
"102","0","WOODFORD","0","Over Votes","400","16TH CONGRESS","GREENE","327","12","REPUBLICAN","0"
"102","0","WOODFORD","385","DARIN LaHOOD","400","16TH CONGRESS","GREENE","327","12","REPUBLICAN","80"
"102","0","WOODFORD","385","DARIN LaHOOD","400","16TH CONGRESS","CAZENOVIA 3","389","12","REPUBLICAN","70"
"102","0","WOODFORD","0","Under Votes","400","16TH CONGRESS","CAZENOVIA 3","389","12","REPUBLICAN","9"
"102","0","WOODFORD","0","Over Votes","400","16TH CONGRESS","CAZENOVIA 3","389","12","REPUBLICAN","0"
"102","0","WOODFORD","0","Under Votes","400","16TH CONGRESS","MINONK 1","426","12","REPUBLICAN","17"
"102","0","WOODFORD","0","Over Votes","400","16TH CONGRESS","MINONK 1","426","12","REPUBLICAN","0"
"102","0","WOODFORD","385","DARIN LaHOOD","400","16TH CONGRESS","MINONK 1","426","12","REPUBLICAN","52"
"102","0","WOODFORD","385","DARIN LaHOOD","400","16TH CONGRESS","METAMORA 3","698","12","REPUBLICAN","210"
"102","0","WOODFORD","0","Under Votes","400","16TH CONGRESS","METAMORA 3","698","12","REPUBLICAN","22"
"102","0","WOODFORD","0","Over Votes","400","16TH CONGRESS","METAMORA 3","698","12","REPUBLICAN","0"
"102","0","WOODFORD","0","Under Votes","400","16TH CONGRESS","ROANOKE 2","1242","12","REPUBLICAN","28"
"102","0","WOODFORD","0","Over Votes","400","16TH CONGRESS","ROANOKE 2","1242","12","REPUBLICAN","0"
"102","0","WOODFORD","385","DARIN LaHOOD","400","16TH CONGRESS","ROANOKE 2","1242","12","REPUBLICAN","246"
"102","0","WOODFORD","0","Under Votes","400","16TH CONGRESS","WORTH 5","696","12","REPUBLICAN","12"
"102","0","WOODFORD","0","Over Votes","400","16TH CONGRESS","WORTH 5","696","12","REPUBLICAN","0"
"102","0","WOODFORD","385","DARIN LaHOOD","400","16TH CONGRESS","WORTH 5","696","12","REPUBLICAN","96"
"102","0","WOODFORD","0","Under Votes","400","16TH CONGRESS","PANOLA","261","12","REPUBLICAN","14"
"90","0","TAZEWELL","0","Over Votes","400","16TH CONGRESS","GROVELAND 2","1179","12","REPUBLICAN","0"
"90","0","TAZEWELL","0","Blank Ballots","400","16TH CONGRESS","MORTON 1","1130","12","REPUBLICAN","0"
"90","0","TAZEWELL","0","Under Votes","400","16TH CONGRESS","MORTON 1","1130","12","REPUBLICAN","19"
"90","0","TAZEWELL","385","DARIN LaHOOD","400","16TH CONGRESS","MORTON 1","1130","12","REPUBLICAN","153"
"90","0","TAZEWELL","0","Over Votes","400","16TH CONGRESS","MORTON 1","1130","12","REPUBLICAN","0"
"90","0","TAZEWELL","0","Blank Ballots","400","16TH CONGRESS","WASHINGTON 4","1208","12","REPUBLICAN","0"
"90","0","TAZEWELL","0","Under Votes","400","16TH CONGRESS","WASHINGTON 4","1208","12","REPUBLICAN","10"
"90","0","TAZEWELL","385","DARIN LaHOOD","400","16TH CONGRESS","WASHINGTON 4","1208","12","REPUBLICAN","105"
"90","0","TAZEWELL","0","Over Votes","400","16TH CONGRESS","WASHINGTON 4","1208","12","REPUBLICAN","0"
"90","0","TAZEWELL","0","Blank Ballots","400","16TH CONGRESS","WASHINGTON 11","1106","12","REPUBLICAN","0"
"90","0","TAZEWELL","0","Under Votes","400","16TH CONGRESS","WASHINGTON 11","1106","12","REPUBLICAN","24"
"90","0","TAZEWELL","385","DARIN LaHOOD","400","16TH CONGRESS","WASHINGTON 11","1106","12","REPUBLICAN","117"
"90","0","TAZEWELL","0","Over Votes","400","16TH CONGRESS","WASHINGTON 11","1106","12","REPUBLICAN","0"
"90","0","TAZEWELL","0","Blank Ballots","400","16TH CONGRESS","PEKIN 1","1169","12","REPUBLICAN","0"
"90","0","TAZEWELL","0","Under Votes","400","16TH CONGRESS","PEKIN 1","1169","12","REPUBLICAN","4"
"90","0","TAZEWELL","385","DARIN LaHOOD","400","16TH CONGRESS","PEKIN 1","1169","12","REPUBLICAN","54"
"90","0","TAZEWELL","0","Over Votes","400","16TH CONGRESS","PEKIN 1","1169","12","REPUBLICAN","0"
"90","0","TAZEWELL","0","Blank Ballots","400","16TH CONGRESS","PEKIN 8","1016","12","REPUBLICAN","0"
"90","0","TAZEWELL","0","Under Votes","400","16TH CONGRESS","PEKIN 8","1016","12","REPUBLICAN","7"
"90","0","TAZEWELL","385","DARIN LaHOOD","400","16TH CONGRESS","PEKIN 8","1016","12","REPUBLICAN","57"
"90","0","TAZEWELL","0","Over Votes","400","16TH CONGRESS","PEKIN 8","1016","12","REPUBLICAN","0"
"90","0","TAZEWELL","0","Blank Ballots","400","16TH CONGRESS","PEKIN 15","829","12","REPUBLICAN","0"
"90","0","TAZEWELL","0","Under Votes","400","16TH CONGRESS","PEKIN 15","829","12","REPUBLICAN","6"
"90","0","TAZEWELL","385","DARIN LaHOOD","400","16TH CONGRESS","PEKIN 15","829","12","REPUBLICAN","71"
"90","0","TAZEWELL","0","Over Votes","400","16TH CONGRESS","PEKIN 15","829","12","REPUBLICAN","0"
"90","0","TAZEWELL","0","Blank Ballots","400","16TH CONGRESS","CINCINNATI 3","617","12","REPUBLICAN","0"
"90","0","TAZEWELL","0","Under Votes","400","16TH CONGRESS","CINCINNATI 3","617","12","REPUBLICAN","2"
"90","0","TAZEWELL","385","DARIN LaHOOD","400","16TH CONGRESS","CINCINNATI 3","617","12","REPUBLICAN","0"
"90","0","TAZEWELL","0","Over Votes","400","16TH CONGRESS","CINCINNATI 3","617","12","REPUBLICAN","0"
"90","0","TAZEWELL","0","Blank Ballots","400","16TH CONGRESS","ELM GROVE 2","1047","12","REPUBLICAN","0"
"90","0","TAZEWELL","0","Under Votes","400","16TH CONGRESS","ELM GROVE 2","1047","12","REPUBLICAN","15"
"90","0","TAZEWELL","385","DARIN LaHOOD","400","16TH CONGRESS","ELM GROVE 2","1047","12","REPUBLICAN","102"
"90","0","TAZEWELL","0","Over Votes","400","16TH CONGRESS","ELM GROVE 2","1047","12","REPUBLICAN","0"
"90","0","TAZEWELL","0","Blank Ballots","400","16TH CONGRESS","GROVELAND 4","1065","12","REPUBLICAN","0"
"90","0","TAZEWELL","385","DARIN LaHOOD","400","16TH CONGRESS","GROVELAND 4","1065","12","REPUBLICAN","48"
"90","0","TAZEWELL","0","Over Votes","400","16TH CONGRESS","GROVELAND 4","1065","12","REPUBLICAN","0"
"90","0","TAZEWELL","0","Under Votes","400","16TH CONGRESS","GROVELAND 4","1065","12","REPUBLICAN","7"
"90","0","TAZEWELL","0","Blank Ballots","400","16TH CONGRESS","GROVELAND 11","982","12","REPUBLICAN","0"
"90","0","TAZEWELL","0","Under Votes","400","16TH CONGRESS","GROVELAND 11","982","12","REPUBLICAN","5"
"90","0","TAZEWELL","385","DARIN LaHOOD","400","16TH CONGRESS","GROVELAND 11","982","12","REPUBLICAN","81"
"90","0","TAZEWELL","0","Over Votes","400","16TH CONGRESS","GROVELAND 11","982","12","REPUBLICAN","0"
"90","0","TAZEWELL","0","Blank Ballots","400","16TH CONGRESS","MORTON 3","1171","12","REPUBLICAN","0"
"90","0","TAZEWELL","0","Under Votes","400","16TH CONGRESS","MORTON 3","1171","12","REPUBLICAN","15"
"37","0","HENRY","0","Over Votes","400","16TH CONGRESS","GENESEO 6","0","11","DEMOCRATIC","0"
"37","0","HENRY","0","Blank Ballots","400","16TH CONGRESS","OSCO","0","11","DEMOCRATIC","8"
"37","0","HENRY","0","Over Votes","400","16TH CONGRESS","OSCO","0","11","DEMOCRATIC","0"
"37","0","HENRY","0","Blank Ballots","400","16TH CONGRESS","MUNSON","0","11","DEMOCRATIC","14"
"37","0","HENRY","0","Over Votes","400","16TH CONGRESS","MUNSON","0","11","DEMOCRATIC","0"
"37","0","HENRY","0","Blank Ballots","400","16TH CONGRESS","CORNWALL","0","11","DEMOCRATIC","1"
"37","0","HENRY","0","Over Votes","400","16TH CONGRESS","CORNWALL","0","11","DEMOCRATIC","0"
"37","0","HENRY","0","Blank Ballots","400","16TH CONGRESS","ANNAWAN","0","11","DEMOCRATIC","31"
"37","0","HENRY","0","Over Votes","400","16TH CONGRESS","ANNAWAN","0","11","DEMOCRATIC","0"
"37","0","HENRY","0","Blank Ballots","400","16TH CONGRESS","OXFORD","0","11","DEMOCRATIC","33"
"37","0","HENRY","0","Over Votes","400","16TH CONGRESS","OXFORD","0","11","DEMOCRATIC","0"
"37","0","HENRY","0","Blank Ballots","400","16TH CONGRESS","CLOVER","0","11","DEMOCRATIC","21"
"37","0","HENRY","0","Over Votes","400","16TH CONGRESS","CLOVER","0","11","DEMOCRATIC","0"
"37","0","HENRY","0","Blank Ballots","400","16TH CONGRESS","WELLER","0","11","DEMOCRATIC","14"
"37","0","HENRY","0","Over Votes","400","16TH CONGRESS","WELLER","0","11","DEMOCRATIC","0"
"89","0","STEPHENSON","0","Over Votes","400","16TH CONGRESS","BUCKEYE","810","12","REPUBLICAN","0"
"89","0","STEPHENSON","0","Under Votes","400","16TH CONGRESS","BUCKEYE","810","12","REPUBLICAN","13"
"89","0","STEPHENSON","385","DARIN LaHOOD","400","16TH CONGRESS","BUCKEYE","810","12","REPUBLICAN","105"
"89","0","STEPHENSON","0","Blank Ballots","400","16TH CONGRESS","BUCKEYE","810","12","REPUBLICAN","0"
"89","0","STEPHENSON","0","Over Votes","400","16TH CONGRESS","WADDAMS","534","12","REPUBLICAN","0"
"89","0","STEPHENSON","0","Under Votes","400","16TH CONGRESS","WADDAMS","534","12","REPUBLICAN","17"
"89","0","STEPHENSON","385","DARIN LaHOOD","400","16TH CONGRESS","WADDAMS","534","12","REPUBLICAN","73"
"89","0","STEPHENSON","0","Blank Ballots","400","16TH CONGRESS","WADDAMS","534","12","REPUBLICAN","0"
"89","0","STEPHENSON","0","Over Votes","400","16TH CONGRESS","ONECO","786","12","REPUBLICAN","0"
"89","0","STEPHENSON","0","Under Votes","400","16TH CONGRESS","ONECO","786","12","REPUBLICAN","9"
"89","0","STEPHENSON","385","DARIN LaHOOD","400","16TH CONGRESS","ONECO","786","12","REPUBLICAN","84"
"89","0","STEPHENSON","0","Blank Ballots","400","16TH CONGRESS","ONECO","786","12","REPUBLICAN","0"
"89","0","STEPHENSON","0","Over Votes","400","16TH CONGRESS","ROCK RUN 1","678","12","REPUBLICAN","0"
"89","0","STEPHENSON","0","Under Votes","400","16TH CONGRESS","ROCK RUN 1","678","12","REPUBLICAN","19"
"89","0","STEPHENSON","385","DARIN LaHOOD","400","16TH CONGRESS","ROCK RUN 1","678","12","REPUBLICAN","100"
"89","0","STEPHENSON","0","Blank Ballots","400","16TH CONGRESS","ROCK RUN 1","678","12","REPUBLICAN","0"
"89","0","STEPHENSON","0","Over Votes","400","16TH CONGRESS","DAKOTA","469","12","REPUBLICAN","0"
"89","0","STEPHENSON","0","Under Votes","400","16TH CONGRESS","DAKOTA","469","12","REPUBLICAN","11"
"89","0","STEPHENSON","385","DARIN LaHOOD","400","16TH CONGRESS","DAKOTA","469","12","REPUBLICAN","61"
"89","0","STEPHENSON","0","Blank Ballots","400","16TH CONGRESS","DAKOTA","469","12","REPUBLICAN","0"
"89","0","STEPHENSON","0","Over Votes","400","16TH CONGRESS","WEST POINT 1","1120","12","REPUBLICAN","0"
"89","0","STEPHENSON","0","Under Votes","400","16TH CONGRESS","WEST POINT 1","1120","12","REPUBLICAN","10"
"89","0","STEPHENSON","385","DARIN LaHOOD","400","16TH CONGRESS","WEST POINT 1","1120","12","REPUBLICAN","141"
"89","0","STEPHENSON","0","Blank Ballots","400","16TH CONGRESS","WEST POINT 1","1120","12","REPUBLICAN","0"
"89","0","STEPHENSON","0","Over Votes","400","16TH CONGRESS","WINSLOW","335","12","REPUBLICAN","0"
"89","0","STEPHENSON","0","Under Votes","400","16TH CONGRESS","WINSLOW","335","12","REPUBLICAN","5"
"89","0","STEPHENSON","385","DARIN LaHOOD","400","16TH CONGRESS","WINSLOW","335","12","REPUBLICAN","54"
"89","0","STEPHENSON","0","Blank Ballots","400","16TH CONGRESS","WINSLOW","335","12","REPUBLICAN","0"
"89","0","STEPHENSON","0","Over Votes","400","16TH CONGRESS","WEST POINT 2","996","12","REPUBLICAN","0"
"27","0","FORD","0","Under Votes","400","16TH CONGRESS","DRUMMER 3","551","11","DEMOCRATIC","0"
"27","0","FORD","0","Blank Ballots","400","16TH CONGRESS","DRUMMER 3","551","11","DEMOCRATIC","0"
"27","0","FORD","0","Over Votes","400","16TH CONGRESS","DRUMMER 3","551","11","DEMOCRATIC","0"
"27","0","FORD","0","Under Votes","400","16TH CONGRESS","DRUMMER 1","471","11","DEMOCRATIC","0"
"27","0","FORD","0","Blank Ballots","400","16TH CONGRESS","DRUMMER 1","471","11","DEMOCRATIC","0"
"27","0","FORD","0","Over Votes","400","16TH CONGRESS","DRUMMER 1","471","11","DEMOCRATIC","0"
"27","0","FORD","0","Under Votes","400","16TH CONGRESS","DRUMMER 2","456","11","DEMOCRATIC","0"
"27","0","FORD","0","Blank Ballots","400","16TH CONGRESS","DRUMMER 2","456","11","DEMOCRATIC","0"
"27","0","FORD","0","Over Votes","400","16TH CONGRESS","DRUMMER 2","456","11","DEMOCRATIC","0"
"27","0","FORD","0","Under Votes","400","16TH CONGRESS","DRUMMER 4","733","11","DEMOCRATIC","0"
"27","0","FORD","0","Blank Ballots","400","16TH CONGRESS","DRUMMER 4","733","11","DEMOCRATIC","0"
"27","0","FORD","0","Over Votes","400","16TH CONGRESS","DRUMMER 4","733","11","DEMOCRATIC","0"
"59","0","MARSHALL","385","DARIN LaHOOD","400","16TH CONGRESS","ROBERTS","681","12","REPUBLICAN","101"
"59","0","MARSHALL","385","DARIN LaHOOD","400","16TH CONGRESS","WHITEFIELD","214","12","REPUBLICAN","35"
"59","0","MARSHALL","385","DARIN LaHOOD","400","16TH CONGRESS","EVANS","776","12","REPUBLICAN","120"
"59","0","MARSHALL","385","DARIN LaHOOD","400","16TH CONGRESS","HOPEWELL","420","12","REPUBLICAN","52"
"59","0","MARSHALL","385","DARIN LaHOOD","400","16TH CONGRESS","La PRAIRIE","246","12","REPUBLICAN","38"
"59","0","MARSHALL","385","DARIN LaHOOD","400","16TH CONGRESS","SARATOGA","176","12","REPUBLICAN","32"
"59","0","MARSHALL","0","Under Votes","400","16TH CONGRESS","","0","12","REPUBLICAN","168"
"59","0","MARSHALL","0","Over Votes","400","16TH CONGRESS","","0","12","REPUBLICAN","0"
"59","0","MARSHALL","385","DARIN LaHOOD","400","16TH CONGRESS","BELL PLAIN","259","12","REPUBLICAN","39"
"59","0","MARSHALL","385","DARIN LaHOOD","400","16TH CONGRESS","HENRY 1","969","12","REPUBLICAN","108"
"59","0","MARSHALL","385","DARIN LaHOOD","400","16TH CONGRESS","LACON 1","937","12","REPUBLICAN","120"
"59","0","MARSHALL","385","DARIN LaHOOD","400","16TH CONGRESS","RICHLAND","290","12","REPUBLICAN","40"
"59","0","MARSHALL","385","DARIN LaHOOD","400","16TH CONGRESS","STEUBEN","793","12","REPUBLICAN","123"
"59","0","MARSHALL","385","DARIN LaHOOD","400","16TH CONGRESS","BENNINGTON","1019","12","REPUBLICAN","171"
"59","0","MARSHALL","385","DARIN LaHOOD","400","16TH CONGRESS","HENRY 2","793","12","REPUBLICAN","81"
"59","0","MARSHALL","385","DARIN LaHOOD","400","16TH CONGRESS","LACON 2","691","12","REPUBLICAN","72"
"53","0","LIVINGSTON","0","Blank Ballots","400","16TH CONGRESS","PONTIAC 9","802","12","REPUBLICAN","0"
"53","0","LIVINGSTON","385","DARIN LaHOOD","400","16TH CONGRESS","PONTIAC 9","802","12","REPUBLICAN","5"
"53","0","LIVINGSTON","0","Over Votes","400","16TH CONGRESS","PONTIAC 9","802","12","REPUBLICAN","0"
"53","0","LIVINGSTON","0","Under Votes","400","16TH CONGRESS","PONTIAC 9","802","12","REPUBLICAN","1"
"53","0","LIVINGSTON","0","Blank Ballots","400","16TH CONGRESS","AMITY","517","12","REPUBLICAN","0"
"53","0","LIVINGSTON","385","DARIN LaHOOD","400","16TH CONGRESS","AMITY","517","12","REPUBLICAN","164"
"53","0","LIVINGSTON","0","Over Votes","400","16TH CONGRESS","AMITY","517","12","REPUBLICAN","0"
"53","0","LIVINGSTON","0","Under Votes","400","16TH CONGRESS","AMITY","517","12","REPUBLICAN","20"
"53","0","LIVINGSTON","0","Blank Ballots","400","16TH CONGRESS","PIKE","151","12","REPUBLICAN","0"
"53","0","LIVINGSTON","385","DARIN LaHOOD","400","16TH CONGRESS","PIKE","151","12","REPUBLICAN","53"
"53","0","LIVINGSTON","0","Over Votes","400","16TH CONGRESS","PIKE","151","12","REPUBLICAN","0"
"53","0","LIVINGSTON","0","Under Votes","400","16TH CONGRESS","PIKE","151","12","REPUBLICAN","9"
"53","0","LIVINGSTON","0","Blank Ballots","400","16TH CONGRESS","PONTIAC 10","696","12","REPUBLICAN","0"
"53","0","LIVINGSTON","385","DARIN LaHOOD","400","16TH CONGRESS","PONTIAC 10","696","12","REPUBLICAN","102"
"53","0","LIVINGSTON","0","Over Votes","400","16TH CONGRESS","PONTIAC 10","696","12","REPUBLICAN","0"
"53","0","LIVINGSTON","0","Under Votes","400","16TH CONGRESS","PONTIAC 10","696","12","REPUBLICAN","9"
"37","0","HENRY","385","DARIN LaHOOD","400","16TH CONGRESS","WELLER","0","12","REPUBLICAN","42"
"37","0","HENRY","0","Over Votes","400","16TH CONGRESS","WELLER","0","12","REPUBLICAN","0"
"64","0","McLEAN","0","Over Votes","400","16TH CONGRESS","DANVERS 01","591","12","REPUBLICAN","0"
"64","0","McLEAN","385","DARIN LaHOOD","400","16TH CONGRESS","DANVERS 01","591","12","REPUBLICAN","152"
"64","0","McLEAN","0","Under Votes","400","16TH CONGRESS","DANVERS 01","591","12","REPUBLICAN","9"
"64","0","McLEAN","0","Over Votes","400","16TH CONGRESS","DAWSON 01","468","12","REPUBLICAN","0"
"64","0","McLEAN","385","DARIN LaHOOD","400","16TH CONGRESS","DAWSON 01","468","12","REPUBLICAN","89"
"64","0","McLEAN","0","Under Votes","400","16TH CONGRESS","DAWSON 01","468","12","REPUBLICAN","4"
"64","0","McLEAN","0","Over Votes","400","16TH CONGRESS","DRY GROVE 02","632","12","REPUBLICAN","0"
"64","0","McLEAN","385","DARIN LaHOOD","400","16TH CONGRESS","DRY GROVE 02","632","12","REPUBLICAN","89"
"64","0","McLEAN","0","Under Votes","400","16TH CONGRESS","DRY GROVE 02","632","12","REPUBLICAN","11"
"64","0","McLEAN","0","Over Votes","400","16TH CONGRESS","HUDSON 02","991","12","REPUBLICAN","0"
"64","0","McLEAN","385","DARIN LaHOOD","400","16TH CONGRESS","HUDSON 02","991","12","REPUBLICAN","154"
"64","0","McLEAN","0","Under Votes","400","16TH CONGRESS","HUDSON 02","991","12","REPUBLICAN","14"
"64","0","McLEAN","0","Over Votes","400","16TH CONGRESS","RANDOLPH 01","161","12","REPUBLICAN","0"
"64","0","McLEAN","385","DARIN LaHOOD","400","16TH CONGRESS","RANDOLPH 01","161","12","REPUBLICAN","20"
"64","0","McLEAN","0","Under Votes","400","16TH CONGRESS","RANDOLPH 01","161","12","REPUBLICAN","1"
"64","0","McLEAN","0","Over Votes","400","16TH CONGRESS","RANDOLPH 02","1086","12","REPUBLICAN","0"
"64","0","McLEAN","385","DARIN LaHOOD","400","16TH CONGRESS","RANDOLPH 02","1086","12","REPUBLICAN","156"
"64","0","McLEAN","0","Under Votes","400","16TH CONGRESS","RANDOLPH 02","1086","12","REPUBLICAN","20"
"64","0","McLEAN","0","Over Votes","400","16TH CONGRESS","TOWANDA 02","753","12","REPUBLICAN","0"
"64","0","McLEAN","385","DARIN LaHOOD","400","16TH CONGRESS","TOWANDA 02","753","12","REPUBLICAN","129"
"64","0","McLEAN","0","Under Votes","400","16TH CONGRESS","TOWANDA 02","753","12","REPUBLICAN","12"
"64","0","McLEAN","0","Over Votes","400","16TH CONGRESS","NORMAL 27","963","12","REPUBLICAN","0"
"64","0","McLEAN","385","DARIN LaHOOD","400","16TH CONGRESS","NORMAL 27","963","12","REPUBLICAN","99"
"64","0","McLEAN","0","Under Votes","400","16TH CONGRESS","NORMAL 27","963","12","REPUBLICAN","16"
"64","0","McLEAN","0","Over Votes","400","16TH CONGRESS","BLOOMINGTON 01","430","12","REPUBLICAN","0"
"64","0","McLEAN","385","DARIN LaHOOD","400","16TH CONGRESS","BLOOMINGTON 01","430","12","REPUBLICAN","34"
"64","0","McLEAN","0","Under Votes","400","16TH CONGRESS","BLOOMINGTON 01","430","12","REPUBLICAN","4"
"64","0","McLEAN","0","Over Votes","400","16TH CONGRESS","CHENOA 02","647","12","REPUBLICAN","0"
"64","0","McLEAN","385","DARIN LaHOOD","400","16TH CONGRESS","CHENOA 02","647","12","REPUBLICAN","93"
"64","0","McLEAN","0","Under Votes","400","16TH CONGRESS","CHENOA 02","647","12","REPUBLICAN","8"
"64","0","McLEAN","0","Over Votes","400","16TH CONGRESS","CROPSEY 01","125","12","REPUBLICAN","0"
"64","0","McLEAN","385","DARIN LaHOOD","400","16TH CONGRESS","CROPSEY 01","125","12","REPUBLICAN","33"
"64","0","McLEAN","0","Under Votes","400","16TH CONGRESS","CROPSEY 01","125","12","REPUBLICAN","3"
"64","0","McLEAN","0","Over Votes","400","16TH CONGRESS","EMPIRE 02","1061","12","REPUBLICAN","0"
"64","0","McLEAN","385","DARIN LaHOOD","400","16TH CONGRESS","EMPIRE 02","1061","12","REPUBLICAN","143"
"64","0","McLEAN","0","Under Votes","400","16TH CONGRESS","EMPIRE 02","1061","12","REPUBLICAN","8"
"64","0","McLEAN","0","Over Votes","400","16TH CONGRESS","GRIDLEY 01","564","12","REPUBLICAN","0"
"64","0","McLEAN","385","DARIN LaHOOD","400","16TH CONGRESS","GRIDLEY 01","564","12","REPUBLICAN","117"
"64","0","McLEAN","0","Under Votes","400","16TH CONGRESS","GRIDLEY 01","564","12","REPUBLICAN","5"
"64","0","McLEAN","0","Over Votes","400","16TH CONGRESS","GRIDLEY 02","762","12","REPUBLICAN","0"
"64","0","McLEAN","385","DARIN LaHOOD","400","16TH CONGRESS","GRIDLEY 02","762","12","REPUBLICAN","209"
"102","0","WOODFORD","0","Over Votes","400","16TH CONGRESS","PANOLA","261","12","REPUBLICAN","0"
"102","0","WOODFORD","385","DARIN LaHOOD","400","16TH CONGRESS","PANOLA","261","12","REPUBLICAN","66"
"102","0","WOODFORD","0","Under Votes","400","16TH CONGRESS","WORTH 1","1127","12","REPUBLICAN","34"
"102","0","WOODFORD","0","Over Votes","400","16TH CONGRESS","WORTH 1","1127","12","REPUBLICAN","0"
"102","0","WOODFORD","385","DARIN LaHOOD","400","16TH CONGRESS","WORTH 1","1127","12","REPUBLICAN","271"
"102","0","WOODFORD","0","Under Votes","400","16TH CONGRESS","WORTH 3","855","12","REPUBLICAN","15"
"102","0","WOODFORD","0","Over Votes","400","16TH CONGRESS","WORTH 3","855","12","REPUBLICAN","0"
"102","0","WOODFORD","385","DARIN LaHOOD","400","16TH CONGRESS","WORTH 3","855","12","REPUBLICAN","137"
"102","0","WOODFORD","0","Under Votes","400","16TH CONGRESS","CRUGER 1","786","12","REPUBLICAN","18"
"102","0","WOODFORD","0","Over Votes","400","16TH CONGRESS","CRUGER 1","786","12","REPUBLICAN","0"
"102","0","WOODFORD","385","DARIN LaHOOD","400","16TH CONGRESS","CRUGER 1","786","12","REPUBLICAN","123"
"102","0","WOODFORD","0","Under Votes","400","16TH CONGRESS","CRUGER 2","518","12","REPUBLICAN","6"
"102","0","WOODFORD","0","Over Votes","400","16TH CONGRESS","CRUGER 2","518","12","REPUBLICAN","0"
"102","0","WOODFORD","385","DARIN LaHOOD","400","16TH CONGRESS","CRUGER 2","518","12","REPUBLICAN","107"
"102","0","WOODFORD","0","Under Votes","400","16TH CONGRESS","MONTGOMERY 2","980","12","REPUBLICAN","20"
"102","0","WOODFORD","0","Over Votes","400","16TH CONGRESS","MONTGOMERY 2","980","12","REPUBLICAN","0"
"102","0","WOODFORD","385","DARIN LaHOOD","400","16TH CONGRESS","MONTGOMERY 2","980","12","REPUBLICAN","146"
"102","0","WOODFORD","0","Under Votes","400","16TH CONGRESS","KANSAS","380","12","REPUBLICAN","13"
"102","0","WOODFORD","0","Over Votes","400","16TH CONGRESS","KANSAS","380","12","REPUBLICAN","0"
"102","0","WOODFORD","385","DARIN LaHOOD","400","16TH CONGRESS","KANSAS","380","12","REPUBLICAN","60"
"102","0","WOODFORD","385","DARIN LaHOOD","400","16TH CONGRESS","CAZENOVIA 1","691","12","REPUBLICAN","85"
"102","0","WOODFORD","0","Under Votes","400","16TH CONGRESS","CAZENOVIA 1","691","12","REPUBLICAN","9"
"102","0","WOODFORD","0","Over Votes","400","16TH CONGRESS","CAZENOVIA 1","691","12","REPUBLICAN","0"
"102","0","WOODFORD","0","Under Votes","400","16TH CONGRESS","WORTH 6","681","12","REPUBLICAN","4"
"102","0","WOODFORD","0","Over Votes","400","16TH CONGRESS","WORTH 6","681","12","REPUBLICAN","0"
"102","0","WOODFORD","385","DARIN LaHOOD","400","16TH CONGRESS","WORTH 6","681","12","REPUBLICAN","75"
"102","0","WOODFORD","0","Under Votes","400","16TH CONGRESS","METAMORA 2","880","12","REPUBLICAN","25"
"102","0","WOODFORD","0","Over Votes","400","16TH CONGRESS","METAMORA 2","880","12","REPUBLICAN","0"
"102","0","WOODFORD","385","DARIN LaHOOD","400","16TH CONGRESS","METAMORA 2","880","12","REPUBLICAN","241"
"102","0","WOODFORD","0","Under Votes","400","16TH CONGRESS","OLIO 1","722","12","REPUBLICAN","22"
"102","0","WOODFORD","0","Over Votes","400","16TH CONGRESS","OLIO 1","722","12","REPUBLICAN","0"
"102","0","WOODFORD","385","DARIN LaHOOD","400","16TH CONGRESS","OLIO 1","722","12","REPUBLICAN","103"
"59","0","MARSHALL","0","Under Votes","400","16TH CONGRESS","","0","11","DEMOCRATIC","296"
"59","0","MARSHALL","0","Over Votes","400","16TH CONGRESS","","0","11","DEMOCRATIC","0"
"87","0","STARK","0","Blank Ballots","400","16TH CONGRESS","ESSEX","398","11","DEMOCRATIC","12"
"87","0","STARK","0","Over Votes","400","16TH CONGRESS","ESSEX","398","11","DEMOCRATIC","0"
"87","0","STARK","0","Blank Ballots","400","16TH CONGRESS","ELMIRA","220","11","DEMOCRATIC","3"
"87","0","STARK","0","Over Votes","400","16TH CONGRESS","ELMIRA","220","11","DEMOCRATIC","0"
"87","0","STARK","0","Blank Ballots","400","16TH CONGRESS","PENN","196","11","DEMOCRATIC","0"
"87","0","STARK","0","Over Votes","400","16TH CONGRESS","PENN","196","11","DEMOCRATIC","0"
"87","0","STARK","0","Blank Ballots","400","16TH CONGRESS","VALLEY","174","11","DEMOCRATIC","4"
"87","0","STARK","0","Over Votes","400","16TH CONGRESS","VALLEY","174","11","DEMOCRATIC","0"
"87","0","STARK","0","Blank Ballots","400","16TH CONGRESS","OSCEOLA","612","11","DEMOCRATIC","15"
"87","0","STARK","0","Over Votes","400","16TH CONGRESS","OSCEOLA","612","11","DEMOCRATIC","0"
"72","0","PEORIA","0","Over Votes","400","16TH CONGRESS","PE51 - 139","0","12","","0"
"72","0","PEORIA","0","Under Votes","400","16TH CONGRESS","PE51 - 142","0","12","","2"
"72","0","PEORIA","385","DARIN LaHOOD","400","16TH CONGRESS","PE51 - 142","0","12","","13"
"72","0","PEORIA","0","Over Votes","400","16TH CONGRESS","PE51 - 142","0","12","","0"
"72","0","PEORIA","0","Under Votes","400","16TH CONGRESS","PE52 - 145","0","12","","7"
"72","0","PEORIA","385","DARIN LaHOOD","400","16TH CONGRESS","PE52 - 145","0","12","","37"
"72","0","PEORIA","0","Over Votes","400","16TH CONGRESS","PE52 - 145","0","12","","0"
"72","0","PEORIA","0","Under Votes","400","16TH CONGRESS","PE65 - 168","0","12","","6"
"72","0","PEORIA","385","DARIN LaHOOD","400","16TH CONGRESS","PE65 - 168","0","12","","24"
"72","0","PEORIA","0","Over Votes","400","16TH CONGRESS","PE65 - 168","0","12","","0"
"72","0","PEORIA","0","Under Votes","400","16TH CONGRESS","RA01 - 171","0","12","","21"
"72","0","PEORIA","385","DARIN LaHOOD","400","16TH CONGRESS","RA01 - 171","0","12","","117"
"72","0","PEORIA","0","Over Votes","400","16TH CONGRESS","RA01 - 171","0","12","","0"
"72","0","PEORIA","0","Under Votes","400","16TH CONGRESS","RA02 - 174","0","12","","9"
"72","0","PEORIA","385","DARIN LaHOOD","400","16TH CONGRESS","RA02 - 174","0","12","","50"
"72","0","PEORIA","0","Over Votes","400","16TH CONGRESS","RA02 - 174","0","12","","0"
"72","0","PEORIA","0","Over Votes","400","16TH CONGRESS","HA01 - 12","0","12","","0"
"72","0","PEORIA","0","Under Votes","400","16TH CONGRESS","HA01 - 12","0","12","","30"
"72","0","PEORIA","385","DARIN LaHOOD","400","16TH CONGRESS","HA01 - 12","0","12","","184"
"72","0","PEORIA","0","Over Votes","400","16TH CONGRESS","JU01 - 15","0","12","","0"
"72","0","PEORIA","0","Under Votes","400","16TH CONGRESS","JU01 - 15","0","12","","13"
"72","0","PEORIA","385","DARIN LaHOOD","400","16TH CONGRESS","JU01 - 15","0","12","","65"
"72","0","PEORIA","0","Under Votes","400","16TH CONGRESS","KI01 - 18","0","12","","19"
"72","0","PEORIA","385","DARIN LaHOOD","400","16TH CONGRESS","KI01 - 18","0","12","","100"
"72","0","PEORIA","0","Over Votes","400","16TH CONGRESS","KI01 - 18","0","12","","0"
"72","0","PEORIA","0","Under Votes","400","16TH CONGRESS","PE47 - 131","0","12","","3"
"72","0","PEORIA","385","DARIN LaHOOD","400","16TH CONGRESS","PE47 - 131","0","12","","1"
"72","0","PEORIA","0","Over Votes","400","16TH CONGRESS","PE47 - 131","0","12","","0"
"72","0","PEORIA","0","Under Votes","400","16TH CONGRESS","PE49 - 134","0","12","","0"
"72","0","PEORIA","0","Over Votes","400","16TH CONGRESS","PE49 - 134","0","12","","0"
"72","0","PEORIA","385","DARIN LaHOOD","400","16TH CONGRESS","PE49 - 134","0","12","","1"
"72","0","PEORIA","0","Over Votes","400","16TH CONGRESS","PE50 - 137","0","12","","0"
"72","0","PEORIA","0","Under Votes","400","16TH CONGRESS","PE50 - 137","0","12","","15"
"72","0","PEORIA","385","DARIN LaHOOD","400","16TH CONGRESS","PE50 - 137","0","12","","51"
"72","0","PEORIA","0","Over Votes","400","16TH CONGRESS","PE51 - 140","0","12","","0"
"72","0","PEORIA","0","Under Votes","400","16TH CONGRESS","PE51 - 140","0","12","","0"
"72","0","PEORIA","385","DARIN LaHOOD","400","16TH CONGRESS","PE51 - 140","0","12","","0"
"72","0","PEORIA","0","Under Votes","400","16TH CONGRESS","PE60 - 160","0","12","","29"
"72","0","PEORIA","385","DARIN LaHOOD","400","16TH CONGRESS","PE60 - 160","0","12","","139"
"72","0","PEORIA","0","Over Votes","400","16TH CONGRESS","PE60 - 160","0","12","","0"
"72","0","PEORIA","0","Over Votes","400","16TH CONGRESS","PE63 - 163","0","12","","0"
"72","0","PEORIA","0","Under Votes","400","16TH CONGRESS","PE63 - 163","0","12","","8"
"72","0","PEORIA","385","DARIN LaHOOD","400","16TH CONGRESS","PE63 - 163","0","12","","60"
"72","0","PEORIA","0","Over Votes","400","16TH CONGRESS","PE65 - 166","0","12","","0"
"72","0","PEORIA","0","Under Votes","400","16TH CONGRESS","PE65 - 166","0","12","","2"
"72","0","PEORIA","385","DARIN LaHOOD","400","16TH CONGRESS","PE65 - 166","0","12","","6"
"72","0","PEORIA","0","Over Votes","400","16TH CONGRESS","PR01 - 169","0","12","","0"
"72","0","PEORIA","0","Under Votes","400","16TH CONGRESS","PR01 - 169","0","12","","10"
"72","0","PEORIA","385","DARIN LaHOOD","400","16TH CONGRESS","PR01 - 169","0","12","","44"
"87","0","STARK","0","Blank Ballots","400","16TH CONGRESS","EAST TOULON","768","11","DEMOCRATIC","25"
"87","0","STARK","0","Over Votes","400","16TH CONGRESS","EAST TOULON","768","11","DEMOCRATIC","0"
"87","0","STARK","0","Blank Ballots","400","16TH CONGRESS","GOSHEN","441","11","DEMOCRATIC","14"
"87","0","STARK","0","Over Votes","400","16TH CONGRESS","GOSHEN","441","11","DEMOCRATIC","0"
"87","0","STARK","0","Blank Ballots","400","16TH CONGRESS","WEST TOULON","696","11","DEMOCRATIC","18"
"87","0","STARK","0","Over Votes","400","16TH CONGRESS","WEST TOULON","696","11","DEMOCRATIC","0"
"87","0","STARK","0","Blank Ballots","400","16TH CONGRESS","WEST JERSEY","172","11","DEMOCRATIC","2"
"87","0","STARK","0","Over Votes","400","16TH CONGRESS","WEST JERSEY","172","11","DEMOCRATIC","0"
"63","0","McHENRY","385","DARIN LaHOOD","400","16TH CONGRESS","Chemung CHE 02","842","12","REPUBLICAN","75"
"63","0","McHENRY","0","Over Votes","400","16TH CONGRESS","Chemung CHE 02","842","12","REPUBLICAN","0"
"63","0","McHENRY","0","Under Votes","400","16TH CONGRESS","Chemung CHE 02","842","12","REPUBLICAN","11"
"63","0","McHENRY","385","DARIN LaHOOD","400","16TH CONGRESS","Dunham DUN 02","670","12","REPUBLICAN","94"
"63","0","McHENRY","0","Over Votes","400","16TH CONGRESS","Dunham DUN 02","670","12","REPUBLICAN","0"
"63","0","McHENRY","0","Under Votes","400","16TH CONGRESS","Dunham DUN 02","670","12","REPUBLICAN","33"
"63","0","McHENRY","385","DARIN LaHOOD","400","16TH CONGRESS","Alden ALD 01","971","12","REPUBLICAN","129"
"63","0","McHENRY","0","Over Votes","400","16TH CONGRESS","Alden ALD 01","971","12","REPUBLICAN","0"
"63","0","McHENRY","0","Under Votes","400","16TH CONGRESS","Alden ALD 01","971","12","REPUBLICAN","33"
"63","0","McHENRY","385","DARIN LaHOOD","400","16TH CONGRESS","Chemung CHE 05","697","12","REPUBLICAN","104"
"63","0","McHENRY","0","Over Votes","400","16TH CONGRESS","Chemung CHE 05","697","12","REPUBLICAN","0"
"63","0","McHENRY","0","Under Votes","400","16TH CONGRESS","Chemung CHE 05","697","12","REPUBLICAN","21"
"63","0","McHENRY","385","DARIN LaHOOD","400","16TH CONGRESS","Hartland HAR 02","696","12","REPUBLICAN","82"
"63","0","McHENRY","0","Over Votes","400","16TH CONGRESS","Hartland HAR 02","696","12","REPUBLICAN","0"
"63","0","McHENRY","0","Under Votes","400","16TH CONGRESS","Hartland HAR 02","696","12","REPUBLICAN","28"
"63","0","McHENRY","385","DARIN LaHOOD","400","16TH CONGRESS","Chemung CHE 01","778","12","REPUBLICAN","58"
"63","0","McHENRY","0","Over Votes","400","16TH CONGRESS","Chemung CHE 01","778","12","REPUBLICAN","0"
"63","0","McHENRY","0","Under Votes","400","16TH CONGRESS","Chemung CHE 01","778","12","REPUBLICAN","22"
"63","0","McHENRY","385","DARIN LaHOOD","400","16TH CONGRESS","Chemung CHE 04","747","12","REPUBLICAN","67"
"63","0","McHENRY","0","Over Votes","400","16TH CONGRESS","Chemung CHE 04","747","12","REPUBLICAN","0"
"63","0","McHENRY","0","Under Votes","400","16TH CONGRESS","Chemung CHE 04","747","12","REPUBLICAN","20"
"63","0","McHENRY","385","DARIN LaHOOD","400","16TH CONGRESS","Dunham DUN 01","644","12","REPUBLICAN","45"
"63","0","McHENRY","0","Over Votes","400","16TH CONGRESS","Dunham DUN 01","644","12","REPUBLICAN","0"
"63","0","McHENRY","0","Under Votes","400","16TH CONGRESS","Dunham DUN 01","644","12","REPUBLICAN","14"
"63","0","McHENRY","385","DARIN LaHOOD","400","16TH CONGRESS","Chemung CHE 03","669","12","REPUBLICAN","53"
"63","0","McHENRY","0","Over Votes","400","16TH CONGRESS","Chemung CHE 03","669","12","REPUBLICAN","0"
"63","0","McHENRY","0","Under Votes","400","16TH CONGRESS","Chemung CHE 03","669","12","REPUBLICAN","12"
"63","0","McHENRY","385","DARIN LaHOOD","400","16TH CONGRESS","Hartland HAR 01","687","12","REPUBLICAN","41"
"63","0","McHENRY","0","Over Votes","400","16TH CONGRESS","Hartland HAR 01","687","12","REPUBLICAN","0"
"63","0","McHENRY","0","Under Votes","400","16TH CONGRESS","Hartland HAR 01","687","12","REPUBLICAN","14"
"78","0","PUTNAM","0","Over Votes","400","16TH CONGRESS","HENNEPIN 1","917","12","REPUBLICAN","0"
"78","0","PUTNAM","385","DARIN LaHOOD","400","16TH CONGRESS","HENNEPIN 1","917","12","REPUBLICAN","28"
"78","0","PUTNAM","0","Blank Ballots","400","16TH CONGRESS","HENNEPIN 1","917","12","REPUBLICAN","0"
"43","0","JoDAVIESS","0","Over Votes","400","16TH CONGRESS","BERREMAN","112","12","REPUBLICAN","0"
"43","0","JoDAVIESS","385","DARIN LaHOOD","400","16TH CONGRESS","BERREMAN","112","12","REPUBLICAN","14"
"43","0","JoDAVIESS","0","Under Votes","400","16TH CONGRESS","BERREMAN","112","12","REPUBLICAN","5"
"43","0","JoDAVIESS","0","Over Votes","400","16TH CONGRESS","COUNCIL HILL","107","12","REPUBLICAN","0"
"43","0","JoDAVIESS","385","DARIN LaHOOD","400","16TH CONGRESS","COUNCIL HILL","107","12","REPUBLICAN","13"
"43","0","JoDAVIESS","0","Under Votes","400","16TH CONGRESS","COUNCIL HILL","107","12","REPUBLICAN","5"
"43","0","JoDAVIESS","0","Over Votes","400","16TH CONGRESS","PLEASANT VALLEY","167","12","REPUBLICAN","0"
"43","0","JoDAVIESS","385","DARIN LaHOOD","400","16TH CONGRESS","PLEASANT VALLEY","167","12","REPUBLICAN","33"
"43","0","JoDAVIESS","0","Under Votes","400","16TH CONGRESS","PLEASANT VALLEY","167","12","REPUBLICAN","9"
"43","0","JoDAVIESS","0","Over Votes","400","16TH CONGRESS","RAWLINS","411","12","REPUBLICAN","0"
"43","0","JoDAVIESS","385","DARIN LaHOOD","400","16TH CONGRESS","RAWLINS","411","12","REPUBLICAN","91"
"43","0","JoDAVIESS","0","Under Votes","400","16TH CONGRESS","RAWLINS","411","12","REPUBLICAN","26"
"43","0","JoDAVIESS","0","Over Votes","400","16TH CONGRESS","WARREN","959","12","REPUBLICAN","0"
"43","0","JoDAVIESS","385","DARIN LaHOOD","400","16TH CONGRESS","WARREN","959","12","REPUBLICAN","64"
"43","0","JoDAVIESS","0","Under Votes","400","16TH CONGRESS","WARREN","959","12","REPUBLICAN","13"
"43","0","JoDAVIESS","0","Over Votes","400","16TH CONGRESS","WEST GALENA 1","957","12","REPUBLICAN","0"
"43","0","JoDAVIESS","385","DARIN LaHOOD","400","16TH CONGRESS","WEST GALENA 1","957","12","REPUBLICAN","155"
"43","0","JoDAVIESS","0","Under Votes","400","16TH CONGRESS","WEST GALENA 1","957","12","REPUBLICAN","51"
"43","0","JoDAVIESS","0","Over Votes","400","16TH CONGRESS","APPLE RIVER","277","12","REPUBLICAN","0"
"43","0","JoDAVIESS","385","DARIN LaHOOD","400","16TH CONGRESS","APPLE RIVER","277","12","REPUBLICAN","20"
"43","0","JoDAVIESS","0","Under Votes","400","16TH CONGRESS","APPLE RIVER","277","12","REPUBLICAN","1"
"43","0","JoDAVIESS","0","Over Votes","400","16TH CONGRESS","MENOMINEE","755","12","REPUBLICAN","0"
"43","0","JoDAVIESS","385","DARIN LaHOOD","400","16TH CONGRESS","MENOMINEE","755","12","REPUBLICAN","110"
"43","0","JoDAVIESS","0","Under Votes","400","16TH CONGRESS","MENOMINEE","755","12","REPUBLICAN","35"
"43","0","JoDAVIESS","0","Over Votes","400","16TH CONGRESS","NORA","227","12","REPUBLICAN","0"
"43","0","JoDAVIESS","385","DARIN LaHOOD","400","16TH CONGRESS","NORA","227","12","REPUBLICAN","34"
"43","0","JoDAVIESS","0","Under Votes","400","16TH CONGRESS","NORA","227","12","REPUBLICAN","9"
"43","0","JoDAVIESS","0","Over Votes","400","16TH CONGRESS","THOMPSON","730","12","REPUBLICAN","0"
"43","0","JoDAVIESS","385","DARIN LaHOOD","400","16TH CONGRESS","THOMPSON","730","12","REPUBLICAN","91"
"43","0","JoDAVIESS","0","Under Votes","400","16TH CONGRESS","THOMPSON","730","12","REPUBLICAN","16"
"43","0","JoDAVIESS","0","Over Votes","400","16TH CONGRESS","DERINDA","207","12","REPUBLICAN","0"
"43","0","JoDAVIESS","385","DARIN LaHOOD","400","16TH CONGRESS","DERINDA","207","12","REPUBLICAN","46"
"43","0","JoDAVIESS","0","Under Votes","400","16TH CONGRESS","DERINDA","207","12","REPUBLICAN","8"
"43","0","JoDAVIESS","0","Over Votes","400","16TH CONGRESS","DUNLEITH 3","927","12","REPUBLICAN","0"
"43","0","JoDAVIESS","385","DARIN LaHOOD","400","16TH CONGRESS","DUNLEITH 3","927","12","REPUBLICAN","66"
"43","0","JoDAVIESS","0","Under Votes","400","16TH CONGRESS","DUNLEITH 3","927","12","REPUBLICAN","14"
"43","0","JoDAVIESS","0","Over Votes","400","16TH CONGRESS","WEST GALENA 3","732","12","REPUBLICAN","0"
"43","0","JoDAVIESS","385","DARIN LaHOOD","400","16TH CONGRESS","WEST GALENA 3","732","12","REPUBLICAN","96"
"43","0","JoDAVIESS","0","Under Votes","400","16TH CONGRESS","WEST GALENA 3","732","12","REPUBLICAN","35"
"43","0","JoDAVIESS","0","Over Votes","400","16TH CONGRESS","DUNLEITH 2","624","12","REPUBLICAN","0"
"43","0","JoDAVIESS","385","DARIN LaHOOD","400","16TH CONGRESS","DUNLEITH 2","624","12","REPUBLICAN","16"
"43","0","JoDAVIESS","0","Under Votes","400","16TH CONGRESS","DUNLEITH 2","624","12","REPUBLICAN","4"
"90","0","TAZEWELL","385","DARIN LaHOOD","400","16TH CONGRESS","MORTON 3","1171","12","REPUBLICAN","142"
"90","0","TAZEWELL","0","Over Votes","400","16TH CONGRESS","MORTON 3","1171","12","REPUBLICAN","0"
"90","0","TAZEWELL","0","Blank Ballots","400","16TH CONGRESS","MORTON 10","969","12","REPUBLICAN","0"
"90","0","TAZEWELL","0","Under Votes","400","16TH CONGRESS","MORTON 10","969","12","REPUBLICAN","14"
"90","0","TAZEWELL","385","DARIN LaHOOD","400","16TH CONGRESS","MORTON 10","969","12","REPUBLICAN","158"
"90","0","TAZEWELL","0","Over Votes","400","16TH CONGRESS","MORTON 10","969","12","REPUBLICAN","0"
"90","0","TAZEWELL","0","Blank Ballots","400","16TH CONGRESS","WASHINGTON 6","1231","12","REPUBLICAN","0"
"90","0","TAZEWELL","0","Under Votes","400","16TH CONGRESS","WASHINGTON 6","1231","12","REPUBLICAN","10"
"90","0","TAZEWELL","385","DARIN LaHOOD","400","16TH CONGRESS","WASHINGTON 6","1231","12","REPUBLICAN","100"
"90","0","TAZEWELL","0","Over Votes","400","16TH CONGRESS","WASHINGTON 6","1231","12","REPUBLICAN","0"
"90","0","TAZEWELL","0","Blank Ballots","400","16TH CONGRESS","WASHINGTON 13","1315","12","REPUBLICAN","0"
"90","0","TAZEWELL","0","Under Votes","400","16TH CONGRESS","WASHINGTON 13","1315","12","REPUBLICAN","15"
"90","0","TAZEWELL","385","DARIN LaHOOD","400","16TH CONGRESS","WASHINGTON 13","1315","12","REPUBLICAN","122"
"90","0","TAZEWELL","0","Over Votes","400","16TH CONGRESS","WASHINGTON 13","1315","12","REPUBLICAN","0"
"90","0","TAZEWELL","0","Blank Ballots","400","16TH CONGRESS","PEKIN 6","1023","12","REPUBLICAN","0"
"90","0","TAZEWELL","0","Under Votes","400","16TH CONGRESS","PEKIN 6","1023","12","REPUBLICAN","3"
"90","0","TAZEWELL","385","DARIN LaHOOD","400","16TH CONGRESS","PEKIN 6","1023","12","REPUBLICAN","64"
"90","0","TAZEWELL","0","Over Votes","400","16TH CONGRESS","PEKIN 6","1023","12","REPUBLICAN","0"
"90","0","TAZEWELL","0","Blank Ballots","400","16TH CONGRESS","PEKIN 10","970","12","REPUBLICAN","0"
"90","0","TAZEWELL","0","Under Votes","400","16TH CONGRESS","PEKIN 10","970","12","REPUBLICAN","3"
"90","0","TAZEWELL","0","Over Votes","400","16TH CONGRESS","FONDULAC 4","1387","12","REPUBLICAN","0"
"90","0","TAZEWELL","0","Under Votes","400","16TH CONGRESS","FONDULAC 4","1387","12","REPUBLICAN","17"
"90","0","TAZEWELL","0","Blank Ballots","400","16TH CONGRESS","GROVELAND 8","1373","12","REPUBLICAN","0"
"90","0","TAZEWELL","0","Under Votes","400","16TH CONGRESS","GROVELAND 8","1373","12","REPUBLICAN","23"
"90","0","TAZEWELL","385","DARIN LaHOOD","400","16TH CONGRESS","GROVELAND 8","1373","12","REPUBLICAN","164"
"90","0","TAZEWELL","0","Over Votes","400","16TH CONGRESS","GROVELAND 8","1373","12","REPUBLICAN","0"
"90","0","TAZEWELL","0","Blank Ballots","400","16TH CONGRESS","LT MACKINAW 1","996","12","REPUBLICAN","0"
"90","0","TAZEWELL","0","Under Votes","400","16TH CONGRESS","LT MACKINAW 1","996","12","REPUBLICAN","21"
"90","0","TAZEWELL","385","DARIN LaHOOD","400","16TH CONGRESS","LT MACKINAW 1","996","12","REPUBLICAN","213"
"90","0","TAZEWELL","0","Over Votes","400","16TH CONGRESS","LT MACKINAW 1","996","12","REPUBLICAN","0"
"90","0","TAZEWELL","385","DARIN LaHOOD","400","16TH CONGRESS","MORTON 7","1051","12","REPUBLICAN","73"
"90","0","TAZEWELL","0","Over Votes","400","16TH CONGRESS","MORTON 7","1051","12","REPUBLICAN","0"
"90","0","TAZEWELL","0","Blank Ballots","400","16TH CONGRESS","MORTON 7","1051","12","REPUBLICAN","0"
"90","0","TAZEWELL","0","Under Votes","400","16TH CONGRESS","MORTON 7","1051","12","REPUBLICAN","8"
"90","0","TAZEWELL","0","Blank Ballots","400","16TH CONGRESS","TREMONT 1","1176","12","REPUBLICAN","0"
"90","0","TAZEWELL","0","Under Votes","400","16TH CONGRESS","TREMONT 1","1176","12","REPUBLICAN","35"
"90","0","TAZEWELL","385","DARIN LaHOOD","400","16TH CONGRESS","TREMONT 1","1176","12","REPUBLICAN","289"
"90","0","TAZEWELL","0","Over Votes","400","16TH CONGRESS","TREMONT 1","1176","12","REPUBLICAN","0"
"90","0","TAZEWELL","0","Blank Ballots","400","16TH CONGRESS","WASHINGTON 10","1552","12","REPUBLICAN","0"
"90","0","TAZEWELL","0","Under Votes","400","16TH CONGRESS","WASHINGTON 10","1552","12","REPUBLICAN","29"
"90","0","TAZEWELL","385","DARIN LaHOOD","400","16TH CONGRESS","WASHINGTON 10","1552","12","REPUBLICAN","185"
"90","0","TAZEWELL","0","Over Votes","400","16TH CONGRESS","WASHINGTON 10","1552","12","REPUBLICAN","0"
"90","0","TAZEWELL","385","DARIN LaHOOD","400","16TH CONGRESS","PEKIN 3","1033","12","REPUBLICAN","108"
"90","0","TAZEWELL","0","Blank Ballots","400","16TH CONGRESS","WASHINGTON 13","1315","11","DEMOCRATIC","0"
"90","0","TAZEWELL","0","Under Votes","400","16TH CONGRESS","WASHINGTON 13","1315","11","DEMOCRATIC","0"
"90","0","TAZEWELL","0","Over Votes","400","16TH CONGRESS","WASHINGTON 13","1315","11","DEMOCRATIC","0"
"90","0","TAZEWELL","0","Under Votes","400","16TH CONGRESS","PEKIN 6","1023","11","DEMOCRATIC","0"
"90","0","TAZEWELL","0","Blank Ballots","400","16TH CONGRESS","PEKIN 6","1023","11","DEMOCRATIC","0"
"90","0","TAZEWELL","0","Over Votes","400","16TH CONGRESS","PEKIN 6","1023","11","DEMOCRATIC","0"
"90","0","TAZEWELL","0","Blank Ballots","400","16TH CONGRESS","PEKIN 10","970","11","DEMOCRATIC","0"
"90","0","TAZEWELL","0","Under Votes","400","16TH CONGRESS","PEKIN 10","970","11","DEMOCRATIC","0"
"90","0","TAZEWELL","0","Over Votes","400","16TH CONGRESS","PEKIN 10","970","11","DEMOCRATIC","0"
"90","0","TAZEWELL","0","Blank Ballots","400","16TH CONGRESS","CINCINNATI 4","1272","11","DEMOCRATIC","0"
"90","0","TAZEWELL","0","Under Votes","400","16TH CONGRESS","CINCINNATI 4","1272","11","DEMOCRATIC","0"
"90","0","TAZEWELL","0","Over Votes","400","16TH CONGRESS","CINCINNATI 4","1272","11","DEMOCRATIC","0"
"90","0","TAZEWELL","0","Under Votes","400","16TH CONGRESS","FONDULAC 1","1118","11","DEMOCRATIC","0"
"90","0","TAZEWELL","0","Blank Ballots","400","16TH CONGRESS","FONDULAC 1","1118","11","DEMOCRATIC","0"
"90","0","TAZEWELL","0","Over Votes","400","16TH CONGRESS","FONDULAC 1","1118","11","DEMOCRATIC","0"
"90","0","TAZEWELL","0","Under Votes","400","16TH CONGRESS","GROVELAND 1","1054","11","DEMOCRATIC","0"
"90","0","TAZEWELL","0","Blank Ballots","400","16TH CONGRESS","GROVELAND 1","1054","11","DEMOCRATIC","0"
"90","0","TAZEWELL","0","Over Votes","400","16TH CONGRESS","GROVELAND 1","1054","11","DEMOCRATIC","0"
"90","0","TAZEWELL","0","Under Votes","400","16TH CONGRESS","GROVELAND 12","1509","11","DEMOCRATIC","0"
"90","0","TAZEWELL","0","Blank Ballots","400","16TH CONGRESS","GROVELAND 12","1509","11","DEMOCRATIC","0"
"90","0","TAZEWELL","0","Over Votes","400","16TH CONGRESS","GROVELAND 12","1509","11","DEMOCRATIC","0"
"90","0","TAZEWELL","0","Under Votes","400","16TH CONGRESS","MORTON 11","1197","11","DEMOCRATIC","0"
"90","0","TAZEWELL","0","Blank Ballots","400","16TH CONGRESS","MORTON 11","1197","11","DEMOCRATIC","0"
"90","0","TAZEWELL","0","Over Votes","400","16TH CONGRESS","MORTON 11","1197","11","DEMOCRATIC","0"
"90","0","TAZEWELL","0","Under Votes","400","16TH CONGRESS","WASHINGTON 3","688","11","DEMOCRATIC","0"
"90","0","TAZEWELL","0","Blank Ballots","400","16TH CONGRESS","WASHINGTON 3","688","11","DEMOCRATIC","0"
"90","0","TAZEWELL","0","Over Votes","400","16TH CONGRESS","WASHINGTON 3","688","11","DEMOCRATIC","0"
"90","0","TAZEWELL","0","Under Votes","400","16TH CONGRESS","WASHINGTON 14","1178","11","DEMOCRATIC","0"
"90","0","TAZEWELL","0","Blank Ballots","400","16TH CONGRESS","WASHINGTON 14","1178","11","DEMOCRATIC","0"
"90","0","TAZEWELL","0","Over Votes","400","16TH CONGRESS","WASHINGTON 14","1178","11","DEMOCRATIC","0"
"90","0","TAZEWELL","0","Under Votes","400","16TH CONGRESS","PEKIN 7","1202","11","DEMOCRATIC","0"
"90","0","TAZEWELL","0","Blank Ballots","400","16TH CONGRESS","PEKIN 7","1202","11","DEMOCRATIC","0"
"90","0","TAZEWELL","0","Over Votes","400","16TH CONGRESS","PEKIN 7","1202","11","DEMOCRATIC","0"
"90","0","TAZEWELL","0","Under Votes","400","16TH CONGRESS","CINCINNATI 5","996","11","DEMOCRATIC","0"
"90","0","TAZEWELL","0","Blank Ballots","400","16TH CONGRESS","CINCINNATI 5","996","11","DEMOCRATIC","0"
"90","0","TAZEWELL","0","Over Votes","400","16TH CONGRESS","CINCINNATI 5","996","11","DEMOCRATIC","0"
"90","0","TAZEWELL","0","Under Votes","400","16TH CONGRESS","FONDULAC 6","1257","11","DEMOCRATIC","0"
"90","0","TAZEWELL","0","Blank Ballots","400","16TH CONGRESS","FONDULAC 6","1257","11","DEMOCRATIC","0"
"90","0","TAZEWELL","0","Over Votes","400","16TH CONGRESS","FONDULAC 6","1257","11","DEMOCRATIC","0"
"90","0","TAZEWELL","0","Under Votes","400","16TH CONGRESS","GROVELAND 6","968","11","DEMOCRATIC","0"
"90","0","TAZEWELL","0","Blank Ballots","400","16TH CONGRESS","GROVELAND 6","968","11","DEMOCRATIC","0"
"90","0","TAZEWELL","0","Over Votes","400","16TH CONGRESS","GROVELAND 6","968","11","DEMOCRATIC","0"
"90","0","TAZEWELL","0","Under Votes","400","16TH CONGRESS","MACKINAW 2","919","11","DEMOCRATIC","0"
"89","0","STEPHENSON","0","Under Votes","400","16TH CONGRESS","WEST POINT 2","996","12","REPUBLICAN","15"
"89","0","STEPHENSON","385","DARIN LaHOOD","400","16TH CONGRESS","WEST POINT 2","996","12","REPUBLICAN","105"
"89","0","STEPHENSON","0","Blank Ballots","400","16TH CONGRESS","WEST POINT 2","996","12","REPUBLICAN","0"
"89","0","STEPHENSON","0","Over Votes","400","16TH CONGRESS","ROCK RUN 2","814","12","REPUBLICAN","0"
"89","0","STEPHENSON","0","Under Votes","400","16TH CONGRESS","ROCK RUN 2","814","12","REPUBLICAN","12"
"89","0","STEPHENSON","385","DARIN LaHOOD","400","16TH CONGRESS","ROCK RUN 2","814","12","REPUBLICAN","77"
"89","0","STEPHENSON","0","Blank Ballots","400","16TH CONGRESS","ROCK RUN 2","814","12","REPUBLICAN","0"
"89","0","STEPHENSON","0","Over Votes","400","16TH CONGRESS","ROCK GROVE","1038","12","REPUBLICAN","0"
"89","0","STEPHENSON","0","Under Votes","400","16TH CONGRESS","ROCK GROVE","1038","12","REPUBLICAN","18"
"89","0","STEPHENSON","385","DARIN LaHOOD","400","16TH CONGRESS","ROCK GROVE","1038","12","REPUBLICAN","100"
"89","0","STEPHENSON","0","Blank Ballots","400","16TH CONGRESS","ROCK GROVE","1038","12","REPUBLICAN","0"
"64","0","McLEAN","0","Over Votes","400","16TH CONGRESS","BLUE MOUND 01","293","11","DEMOCRATIC","0"
"64","0","McLEAN","0","Blank Ballots","400","16TH CONGRESS","BLUE MOUND 01","293","11","DEMOCRATIC","7"
"64","0","McLEAN","0","Over Votes","400","16TH CONGRESS","EMPIRE 01","962","11","DEMOCRATIC","0"
"64","0","McLEAN","0","Blank Ballots","400","16TH CONGRESS","EMPIRE 01","962","11","DEMOCRATIC","29"
"64","0","McLEAN","0","Over Votes","400","16TH CONGRESS","LEXINGTON 02","898","11","DEMOCRATIC","0"
"64","0","McLEAN","0","Blank Ballots","400","16TH CONGRESS","LEXINGTON 02","898","11","DEMOCRATIC","30"
"64","0","McLEAN","0","Over Votes","400","16TH CONGRESS","MARTIN 01","833","11","DEMOCRATIC","0"
"64","0","McLEAN","0","Blank Ballots","400","16TH CONGRESS","MARTIN 01","833","11","DEMOCRATIC","24"
"64","0","McLEAN","0","Over Votes","400","16TH CONGRESS","WHITE OAK 01","653","11","DEMOCRATIC","0"
"64","0","McLEAN","0","Blank Ballots","400","16TH CONGRESS","WHITE OAK 01","653","11","DEMOCRATIC","19"
"64","0","McLEAN","0","Over Votes","400","16TH CONGRESS","YATES 01","178","11","DEMOCRATIC","0"
"64","0","McLEAN","0","Blank Ballots","400","16TH CONGRESS","YATES 01","178","11","DEMOCRATIC","1"
"64","0","McLEAN","0","Over Votes","400","16TH CONGRESS","NORMAL 13","1058","11","DEMOCRATIC","0"
"64","0","McLEAN","0","Blank Ballots","400","16TH CONGRESS","NORMAL 13","1058","11","DEMOCRATIC","100"
"64","0","McLEAN","0","Over Votes","400","16TH CONGRESS","NORMAL 23","1031","11","DEMOCRATIC","0"
"64","0","McLEAN","0","Blank Ballots","400","16TH CONGRESS","NORMAL 23","1031","11","DEMOCRATIC","39"
"64","0","McLEAN","0","Over Votes","400","16TH CONGRESS","BELLFLOWER 01","393","11","DEMOCRATIC","0"
"64","0","McLEAN","0","Blank Ballots","400","16TH CONGRESS","BELLFLOWER 01","393","11","DEMOCRATIC","10"
"64","0","McLEAN","0","Over Votes","400","16TH CONGRESS","RANDOLPH 04","1063","11","DEMOCRATIC","0"
"64","0","McLEAN","0","Blank Ballots","400","16TH CONGRESS","RANDOLPH 04","1063","11","DEMOCRATIC","29"
"64","0","McLEAN","0","Over Votes","400","16TH CONGRESS","NORMAL 35","642","11","DEMOCRATIC","0"
"64","0","McLEAN","0","Blank Ballots","400","16TH CONGRESS","NORMAL 35","642","11","DEMOCRATIC","40"
"64","0","McLEAN","0","Over Votes","400","16TH CONGRESS","ALLIN 01","621","11","DEMOCRATIC","0"
"64","0","McLEAN","0","Blank Ballots","400","16TH CONGRESS","ALLIN 01","621","11","DEMOCRATIC","25"
"64","0","McLEAN","0","Over Votes","400","16TH CONGRESS","ANCHOR 01","186","11","DEMOCRATIC","0"
"64","0","McLEAN","0","Blank Ballots","400","16TH CONGRESS","ANCHOR 01","186","11","DEMOCRATIC","5"
"64","0","McLEAN","0","Over Votes","400","16TH CONGRESS","ARROWSMITH 01","311","11","DEMOCRATIC","0"
"64","0","McLEAN","0","Blank Ballots","400","16TH CONGRESS","ARROWSMITH 01","311","11","DEMOCRATIC","11"
"64","0","McLEAN","0","Over Votes","400","16TH CONGRESS","DALE 01","1005","11","DEMOCRATIC","0"
"64","0","McLEAN","0","Blank Ballots","400","16TH CONGRESS","DALE 01","1005","11","DEMOCRATIC","38"
"64","0","McLEAN","0","Over Votes","400","16TH CONGRESS","EMPIRE 03","855","11","DEMOCRATIC","0"
"64","0","McLEAN","0","Blank Ballots","400","16TH CONGRESS","EMPIRE 03","855","11","DEMOCRATIC","29"
"64","0","McLEAN","0","Under Votes","400","16TH CONGRESS","GRIDLEY 02","762","12","REPUBLICAN","19"
"64","0","McLEAN","0","Over Votes","400","16TH CONGRESS","NORMAL 24","403","12","REPUBLICAN","0"
"64","0","McLEAN","385","DARIN LaHOOD","400","16TH CONGRESS","NORMAL 24","403","12","REPUBLICAN","38"
"64","0","McLEAN","0","Under Votes","400","16TH CONGRESS","NORMAL 24","403","12","REPUBLICAN","1"
"64","0","McLEAN","0","Over Votes","400","16TH CONGRESS","NORMAL 25","1053","12","REPUBLICAN","0"
"64","0","McLEAN","385","DARIN LaHOOD","400","16TH CONGRESS","NORMAL 25","1053","12","REPUBLICAN","138"
"64","0","McLEAN","0","Under Votes","400","16TH CONGRESS","NORMAL 25","1053","12","REPUBLICAN","11"
"64","0","McLEAN","0","Over Votes","400","16TH CONGRESS","NORMAL 26","610","12","REPUBLICAN","0"
"64","0","McLEAN","385","DARIN LaHOOD","400","16TH CONGRESS","NORMAL 26","610","12","REPUBLICAN","71"
"64","0","McLEAN","0","Under Votes","400","16TH CONGRESS","NORMAL 26","610","12","REPUBLICAN","8"
"64","0","McLEAN","0","Over Votes","400","16TH CONGRESS","NORMAL 36","935","12","REPUBLICAN","0"
"64","0","McLEAN","385","DARIN LaHOOD","400","16TH CONGRESS","NORMAL 36","935","12","REPUBLICAN","76"
"64","0","McLEAN","0","Under Votes","400","16TH CONGRESS","NORMAL 36","935","12","REPUBLICAN","3"
"64","0","McLEAN","0","Over Votes","400","16TH CONGRESS","CHENEYS GROVE 01","650","12","REPUBLICAN","0"
"64","0","McLEAN","385","DARIN LaHOOD","400","16TH CONGRESS","CHENEYS GROVE 01","650","12","REPUBLICAN","126"
"64","0","McLEAN","0","Under Votes","400","16TH CONGRESS","CHENEYS GROVE 01","650","12","REPUBLICAN","14"
"64","0","McLEAN","0","Over Votes","400","16TH CONGRESS","CHENOA 01","723","12","REPUBLICAN","0"
"64","0","McLEAN","385","DARIN LaHOOD","400","16TH CONGRESS","CHENOA 01","723","12","REPUBLICAN","104"
"64","0","McLEAN","0","Under Votes","400","16TH CONGRESS","CHENOA 01","723","12","REPUBLICAN","9"
"64","0","McLEAN","0","Over Votes","400","16TH CONGRESS","MONEY CREEK 01","881","12","REPUBLICAN","0"
"64","0","McLEAN","385","DARIN LaHOOD","400","16TH CONGRESS","MONEY CREEK 01","881","12","REPUBLICAN","153"
"64","0","McLEAN","0","Under Votes","400","16TH CONGRESS","MONEY CREEK 01","881","12","REPUBLICAN","16"
"64","0","McLEAN","0","Over Votes","400","16TH CONGRESS","NORMAL 12","1039","12","REPUBLICAN","0"
"64","0","McLEAN","385","DARIN LaHOOD","400","16TH CONGRESS","NORMAL 12","1039","12","REPUBLICAN","103"
"64","0","McLEAN","0","Under Votes","400","16TH CONGRESS","NORMAL 12","1039","12","REPUBLICAN","15"
"64","0","McLEAN","0","Over Votes","400","16TH CONGRESS","OLD TOWN 03","813","12","REPUBLICAN","0"
"64","0","McLEAN","385","DARIN LaHOOD","400","16TH CONGRESS","OLD TOWN 03","813","12","REPUBLICAN","102"
"64","0","McLEAN","0","Under Votes","400","16TH CONGRESS","OLD TOWN 03","813","12","REPUBLICAN","9"
"64","0","McLEAN","0","Over Votes","400","16TH CONGRESS","NORMAL 20","645","12","REPUBLICAN","0"
"64","0","McLEAN","385","DARIN LaHOOD","400","16TH CONGRESS","NORMAL 20","645","12","REPUBLICAN","63"
"64","0","McLEAN","0","Under Votes","400","16TH CONGRESS","NORMAL 20","645","12","REPUBLICAN","15"
"64","0","McLEAN","0","Over Votes","400","16TH CONGRESS","BLOOMINGTON 02","770","12","REPUBLICAN","0"
"64","0","McLEAN","385","DARIN LaHOOD","400","16TH CONGRESS","BLOOMINGTON 02","770","12","REPUBLICAN","123"
"64","0","McLEAN","0","Under Votes","400","16TH CONGRESS","BLOOMINGTON 02","770","12","REPUBLICAN","17"
"64","0","McLEAN","0","Over Votes","400","16TH CONGRESS","DANVERS 02","773","12","REPUBLICAN","0"
"64","0","McLEAN","385","DARIN LaHOOD","400","16TH CONGRESS","DANVERS 02","773","12","REPUBLICAN","155"
"64","0","McLEAN","0","Under Votes","400","16TH CONGRESS","DANVERS 02","773","12","REPUBLICAN","12"
"64","0","McLEAN","0","Over Votes","400","16TH CONGRESS","HUDSON 01","937","12","REPUBLICAN","0"
"64","0","McLEAN","385","DARIN LaHOOD","400","16TH CONGRESS","HUDSON 01","937","12","REPUBLICAN","158"
"64","0","McLEAN","0","Under Votes","400","16TH CONGRESS","HUDSON 01","937","12","REPUBLICAN","14"
"64","0","McLEAN","0","Over Votes","400","16TH CONGRESS","LAWNDALE 01","123","12","REPUBLICAN","0"
"64","0","McLEAN","385","DARIN LaHOOD","400","16TH CONGRESS","LAWNDALE 01","123","12","REPUBLICAN","33"
"72","0","PEORIA","0","Under Votes","400","16TH CONGRESS","CH01 - 3","0","12","","16"
"72","0","PEORIA","385","DARIN LaHOOD","400","16TH CONGRESS","CH01 - 3","0","12","","82"
"72","0","PEORIA","0","Over Votes","400","16TH CONGRESS","CH01 - 3","0","12","","0"
"72","0","PEORIA","0","Under Votes","400","16TH CONGRESS","CH04 - 6","0","12","","13"
"72","0","PEORIA","385","DARIN LaHOOD","400","16TH CONGRESS","CH04 - 6","0","12","","101"
"72","0","PEORIA","0","Over Votes","400","16TH CONGRESS","CH04 - 6","0","12","","0"
"72","0","PEORIA","0","Under Votes","400","16TH CONGRESS","LI02 - 29","0","12","","11"
"72","0","PEORIA","385","DARIN LaHOOD","400","16TH CONGRESS","LI02 - 29","0","12","","51"
"72","0","PEORIA","0","Over Votes","400","16TH CONGRESS","LI02 - 29","0","12","","0"
"72","0","PEORIA","0","Under Votes","400","16TH CONGRESS","ME03 - 58","0","12","","1"
"72","0","PEORIA","385","DARIN LaHOOD","400","16TH CONGRESS","ME03 - 58","0","12","","25"
"72","0","PEORIA","0","Over Votes","400","16TH CONGRESS","ME03 - 58","0","12","","0"
"72","0","PEORIA","0","Under Votes","400","16TH CONGRESS","MI01 - 61","0","12","","1"
"72","0","PEORIA","385","DARIN LaHOOD","400","16TH CONGRESS","MI01 - 61","0","12","","3"
"72","0","PEORIA","0","Over Votes","400","16TH CONGRESS","MI01 - 61","0","12","","0"
"72","0","PEORIA","0","Under Votes","400","16TH CONGRESS","PE44 - 122","0","12","","15"
"72","0","PEORIA","385","DARIN LaHOOD","400","16TH CONGRESS","PE44 - 122","0","12","","54"
"72","0","PEORIA","0","Over Votes","400","16TH CONGRESS","PE44 - 122","0","12","","0"
"72","0","PEORIA","0","Under Votes","400","16TH CONGRESS","PE45 - 125","0","12","","19"
"72","0","PEORIA","385","DARIN LaHOOD","400","16TH CONGRESS","PE45 - 125","0","12","","51"
"72","0","PEORIA","0","Over Votes","400","16TH CONGRESS","PE45 - 125","0","12","","0"
"72","0","PEORIA","0","Under Votes","400","16TH CONGRESS","PE47 - 128","0","12","","8"
"72","0","PEORIA","385","DARIN LaHOOD","400","16TH CONGRESS","PE47 - 128","0","12","","41"
"72","0","PEORIA","0","Over Votes","400","16TH CONGRESS","PE47 - 128","0","12","","0"
"72","0","PEORIA","0","Under Votes","400","16TH CONGRESS","PE57 - 154","0","12","","21"
"72","0","PEORIA","385","DARIN LaHOOD","400","16TH CONGRESS","PE57 - 154","0","12","","73"
"72","0","PEORIA","0","Over Votes","400","16TH CONGRESS","PE57 - 154","0","12","","0"
"72","0","PEORIA","0","Under Votes","400","16TH CONGRESS","PE58 - 157","0","12","","13"
"72","0","PEORIA","385","DARIN LaHOOD","400","16TH CONGRESS","PE58 - 157","0","12","","48"
"72","0","PEORIA","0","Over Votes","400","16TH CONGRESS","PE58 - 157","0","12","","0"
"72","0","PEORIA","0","Under Votes","400","16TH CONGRESS","KI01 - 24","0","12","","2"
"72","0","PEORIA","385","DARIN LaHOOD","400","16TH CONGRESS","KI01 - 24","0","12","","5"
"72","0","PEORIA","0","Over Votes","400","16TH CONGRESS","KI01 - 24","0","12","","0"
"72","0","PEORIA","0","Under Votes","400","16TH CONGRESS","LI02 - 30","0","12","","3"
"72","0","PEORIA","385","DARIN LaHOOD","400","16TH CONGRESS","LI02 - 30","0","12","","27"
"72","0","PEORIA","0","Over Votes","400","16TH CONGRESS","LI02 - 30","0","12","","0"
"72","0","PEORIA","0","Under Votes","400","16TH CONGRESS","ME01 - 53","0","12","","17"
"72","0","PEORIA","385","DARIN LaHOOD","400","16TH CONGRESS","ME01 - 53","0","12","","94"
"72","0","PEORIA","0","Over Votes","400","16TH CONGRESS","ME01 - 53","0","12","","0"
"72","0","PEORIA","0","Under Votes","400","16TH CONGRESS","ME02 - 56","0","12","","9"
"72","0","PEORIA","385","DARIN LaHOOD","400","16TH CONGRESS","ME02 - 56","0","12","","64"
"72","0","PEORIA","0","Over Votes","400","16TH CONGRESS","ME02 - 56","0","12","","0"
"72","0","PEORIA","0","Under Votes","400","16TH CONGRESS","ME04 - 59","0","12","","23"
"72","0","PEORIA","385","DARIN LaHOOD","400","16TH CONGRESS","ME04 - 59","0","12","","105"
"72","0","PEORIA","0","Over Votes","400","16TH CONGRESS","ME04 - 59","0","12","","0"
"72","0","PEORIA","0","Under Votes","400","16TH CONGRESS","PE52 - 143","0","12","","2"
"72","0","PEORIA","385","DARIN LaHOOD","400","16TH CONGRESS","PE52 - 143","0","12","","10"
"72","0","PEORIA","0","Over Votes","400","16TH CONGRESS","PE52 - 143","0","12","","0"
"72","0","PEORIA","0","Under Votes","400","16TH CONGRESS","PE52 - 146","0","12","","0"
"78","0","PUTNAM","0","Under Votes","400","16TH CONGRESS","HENNEPIN 1","917","12","REPUBLICAN","4"
"78","0","PUTNAM","0","Over Votes","400","16TH CONGRESS","MAGNOLIA 1","309","12","REPUBLICAN","0"
"78","0","PUTNAM","385","DARIN LaHOOD","400","16TH CONGRESS","MAGNOLIA 1","309","12","REPUBLICAN","34"
"78","0","PUTNAM","0","Blank Ballots","400","16TH CONGRESS","MAGNOLIA 1","309","12","REPUBLICAN","0"
"78","0","PUTNAM","0","Under Votes","400","16TH CONGRESS","MAGNOLIA 1","309","12","REPUBLICAN","7"
"78","0","PUTNAM","0","Over Votes","400","16TH CONGRESS","SENACHWINE 1","501","12","REPUBLICAN","0"
"78","0","PUTNAM","385","DARIN LaHOOD","400","16TH CONGRESS","SENACHWINE 1","501","12","REPUBLICAN","83"
"78","0","PUTNAM","0","Blank Ballots","400","16TH CONGRESS","SENACHWINE 1","501","12","REPUBLICAN","0"
"78","0","PUTNAM","0","Under Votes","400","16TH CONGRESS","SENACHWINE 1","501","12","REPUBLICAN","6"
"78","0","PUTNAM","0","Over Votes","400","16TH CONGRESS","MAGNOLIA 2","378","12","REPUBLICAN","0"
"78","0","PUTNAM","385","DARIN LaHOOD","400","16TH CONGRESS","MAGNOLIA 2","378","12","REPUBLICAN","49"
"78","0","PUTNAM","0","Blank Ballots","400","16TH CONGRESS","MAGNOLIA 2","378","12","REPUBLICAN","0"
"78","0","PUTNAM","0","Under Votes","400","16TH CONGRESS","MAGNOLIA 2","378","12","REPUBLICAN","12"
"90","0","TAZEWELL","0","Over Votes","400","16TH CONGRESS","PEKIN 3","1033","12","REPUBLICAN","0"
"90","0","TAZEWELL","0","Blank Ballots","400","16TH CONGRESS","PEKIN 3","1033","12","REPUBLICAN","0"
"90","0","TAZEWELL","0","Under Votes","400","16TH CONGRESS","PEKIN 3","1033","12","REPUBLICAN","14"
"90","0","TAZEWELL","0","Blank Ballots","400","16TH CONGRESS","PEKIN 14","1157","12","REPUBLICAN","0"
"90","0","TAZEWELL","0","Under Votes","400","16TH CONGRESS","PEKIN 14","1157","12","REPUBLICAN","10"
"90","0","TAZEWELL","385","DARIN LaHOOD","400","16TH CONGRESS","PEKIN 14","1157","12","REPUBLICAN","69"
"90","0","TAZEWELL","0","Over Votes","400","16TH CONGRESS","PEKIN 14","1157","12","REPUBLICAN","0"
"90","0","TAZEWELL","0","Blank Ballots","400","16TH CONGRESS","CINCINNATI 2","1180","12","REPUBLICAN","0"
"90","0","TAZEWELL","0","Under Votes","400","16TH CONGRESS","CINCINNATI 2","1180","12","REPUBLICAN","21"
"90","0","TAZEWELL","385","DARIN LaHOOD","400","16TH CONGRESS","CINCINNATI 2","1180","12","REPUBLICAN","134"
"90","0","TAZEWELL","0","Over Votes","400","16TH CONGRESS","CINCINNATI 2","1180","12","REPUBLICAN","0"
"90","0","TAZEWELL","385","DARIN LaHOOD","400","16TH CONGRESS","ELM GROVE 1","1241","12","REPUBLICAN","275"
"90","0","TAZEWELL","0","Blank Ballots","400","16TH CONGRESS","ELM GROVE 1","1241","12","REPUBLICAN","0"
"90","0","TAZEWELL","0","Under Votes","400","16TH CONGRESS","ELM GROVE 1","1241","12","REPUBLICAN","23"
"90","0","TAZEWELL","0","Over Votes","400","16TH CONGRESS","ELM GROVE 1","1241","12","REPUBLICAN","0"
"90","0","TAZEWELL","0","Blank Ballots","400","16TH CONGRESS","GROVELAND 3","1006","12","REPUBLICAN","0"
"90","0","TAZEWELL","0","Under Votes","400","16TH CONGRESS","GROVELAND 3","1006","12","REPUBLICAN","4"
"90","0","TAZEWELL","385","DARIN LaHOOD","400","16TH CONGRESS","GROVELAND 3","1006","12","REPUBLICAN","75"
"90","0","TAZEWELL","0","Over Votes","400","16TH CONGRESS","GROVELAND 3","1006","12","REPUBLICAN","0"
"90","0","TAZEWELL","385","DARIN LaHOOD","400","16TH CONGRESS","GROVELAND 10","1239","12","REPUBLICAN","93"
"90","0","TAZEWELL","0","Blank Ballots","400","16TH CONGRESS","GROVELAND 10","1239","12","REPUBLICAN","0"
"90","0","TAZEWELL","0","Under Votes","400","16TH CONGRESS","GROVELAND 10","1239","12","REPUBLICAN","14"
"90","0","TAZEWELL","0","Over Votes","400","16TH CONGRESS","GROVELAND 10","1239","12","REPUBLICAN","0"
"90","0","TAZEWELL","0","Blank Ballots","400","16TH CONGRESS","MORTON 2","1535","12","REPUBLICAN","0"
"90","0","TAZEWELL","0","Under Votes","400","16TH CONGRESS","MORTON 2","1535","12","REPUBLICAN","17"
"90","0","TAZEWELL","385","DARIN LaHOOD","400","16TH CONGRESS","MORTON 2","1535","12","REPUBLICAN","193"
"90","0","TAZEWELL","0","Over Votes","400","16TH CONGRESS","MORTON 2","1535","12","REPUBLICAN","0"
"90","0","TAZEWELL","0","Blank Ballots","400","16TH CONGRESS","MORTON 9","792","12","REPUBLICAN","0"
"90","0","TAZEWELL","0","Under Votes","400","16TH CONGRESS","MORTON 9","792","12","REPUBLICAN","8"
"90","0","TAZEWELL","385","DARIN LaHOOD","400","16TH CONGRESS","MORTON 9","792","12","REPUBLICAN","77"
"90","0","TAZEWELL","0","Over Votes","400","16TH CONGRESS","MORTON 9","792","12","REPUBLICAN","0"
"90","0","TAZEWELL","0","Blank Ballots","400","16TH CONGRESS","WASHINGTON 5","1224","12","REPUBLICAN","0"
"90","0","TAZEWELL","0","Under Votes","400","16TH CONGRESS","WASHINGTON 5","1224","12","REPUBLICAN","3"
"90","0","TAZEWELL","385","DARIN LaHOOD","400","16TH CONGRESS","WASHINGTON 5","1224","12","REPUBLICAN","70"
"90","0","TAZEWELL","0","Over Votes","400","16TH CONGRESS","WASHINGTON 5","1224","12","REPUBLICAN","0"
"90","0","TAZEWELL","0","Blank Ballots","400","16TH CONGRESS","WASHINGTON 12","1250","12","REPUBLICAN","0"
"90","0","TAZEWELL","0","Under Votes","400","16TH CONGRESS","WASHINGTON 12","1250","12","REPUBLICAN","9"
"90","0","TAZEWELL","385","DARIN LaHOOD","400","16TH CONGRESS","WASHINGTON 12","1250","12","REPUBLICAN","71"
"90","0","TAZEWELL","0","Over Votes","400","16TH CONGRESS","WASHINGTON 12","1250","12","REPUBLICAN","0"
"90","0","TAZEWELL","0","Blank Ballots","400","16TH CONGRESS","PEKIN 9","1132","12","REPUBLICAN","0"
"90","0","TAZEWELL","0","Under Votes","400","16TH CONGRESS","PEKIN 9","1132","12","REPUBLICAN","8"
"90","0","TAZEWELL","385","DARIN LaHOOD","400","16TH CONGRESS","PEKIN 9","1132","12","REPUBLICAN","61"
"90","0","TAZEWELL","0","Over Votes","400","16TH CONGRESS","PEKIN 9","1132","12","REPUBLICAN","0"
"43","0","JoDAVIESS","0","Over Votes","400","16TH CONGRESS","GUILFORD","1448","12","REPUBLICAN","0"
"43","0","JoDAVIESS","385","DARIN LaHOOD","400","16TH CONGRESS","GUILFORD","1448","12","REPUBLICAN","171"
"43","0","JoDAVIESS","0","Under Votes","400","16TH CONGRESS","GUILFORD","1448","12","REPUBLICAN","40"
"43","0","JoDAVIESS","0","Over Votes","400","16TH CONGRESS","RICE","256","12","REPUBLICAN","0"
"43","0","JoDAVIESS","385","DARIN LaHOOD","400","16TH CONGRESS","RICE","256","12","REPUBLICAN","43"
"43","0","JoDAVIESS","0","Under Votes","400","16TH CONGRESS","RICE","256","12","REPUBLICAN","11"
"43","0","JoDAVIESS","0","Over Votes","400","16TH CONGRESS","RUSH","299","12","REPUBLICAN","0"
"43","0","JoDAVIESS","385","DARIN LaHOOD","400","16TH CONGRESS","RUSH","299","12","REPUBLICAN","48"
"43","0","JoDAVIESS","0","Under Votes","400","16TH CONGRESS","RUSH","299","12","REPUBLICAN","7"
"43","0","JoDAVIESS","0","Over Votes","400","16TH CONGRESS","SCALES MOUND","434","12","REPUBLICAN","0"
"43","0","JoDAVIESS","385","DARIN LaHOOD","400","16TH CONGRESS","SCALES MOUND","434","12","REPUBLICAN","38"
"43","0","JoDAVIESS","0","Under Votes","400","16TH CONGRESS","SCALES MOUND","434","12","REPUBLICAN","10"
"43","0","JoDAVIESS","0","Over Votes","400","16TH CONGRESS","WEST GALENA 2","564","12","REPUBLICAN","0"
"43","0","JoDAVIESS","385","DARIN LaHOOD","400","16TH CONGRESS","WEST GALENA 2","564","12","REPUBLICAN","74"
"43","0","JoDAVIESS","0","Under Votes","400","16TH CONGRESS","WEST GALENA 2","564","12","REPUBLICAN","22"
"43","0","JoDAVIESS","0","Over Votes","400","16TH CONGRESS","EAST GALENA","1097","12","REPUBLICAN","0"
"43","0","JoDAVIESS","385","DARIN LaHOOD","400","16TH CONGRESS","EAST GALENA","1097","12","REPUBLICAN","184"
"43","0","JoDAVIESS","0","Under Votes","400","16TH CONGRESS","EAST GALENA","1097","12","REPUBLICAN","51"
"43","0","JoDAVIESS","0","Over Votes","400","16TH CONGRESS","ELIZABETH","745","12","REPUBLICAN","0"
"43","0","JoDAVIESS","385","DARIN LaHOOD","400","16TH CONGRESS","ELIZABETH","745","12","REPUBLICAN","177"
"43","0","JoDAVIESS","0","Under Votes","400","16TH CONGRESS","ELIZABETH","745","12","REPUBLICAN","40"
"43","0","JoDAVIESS","0","Over Votes","400","16TH CONGRESS","HANOVER","740","12","REPUBLICAN","0"
"43","0","JoDAVIESS","385","DARIN LaHOOD","400","16TH CONGRESS","HANOVER","740","12","REPUBLICAN","69"
"43","0","JoDAVIESS","0","Under Votes","400","16TH CONGRESS","HANOVER","740","12","REPUBLICAN","15"
"43","0","JoDAVIESS","0","Over Votes","400","16TH CONGRESS","WOODBINE","405","12","REPUBLICAN","0"
"43","0","JoDAVIESS","385","DARIN LaHOOD","400","16TH CONGRESS","WOODBINE","405","12","REPUBLICAN","118"
"43","0","JoDAVIESS","0","Under Votes","400","16TH CONGRESS","WOODBINE","405","12","REPUBLICAN","23"
"90","0","TAZEWELL","0","Blank Ballots","400","16TH CONGRESS","MACKINAW 2","919","11","DEMOCRATIC","0"
"90","0","TAZEWELL","0","Over Votes","400","16TH CONGRESS","MACKINAW 2","919","11","DEMOCRATIC","0"
"90","0","TAZEWELL","0","Under Votes","400","16TH CONGRESS","MORTON 5","994","11","DEMOCRATIC","0"
"90","0","TAZEWELL","0","Blank Ballots","400","16TH CONGRESS","MORTON 5","994","11","DEMOCRATIC","0"
"90","0","TAZEWELL","0","Over Votes","400","16TH CONGRESS","MORTON 5","994","11","DEMOCRATIC","0"
"90","0","TAZEWELL","0","Under Votes","400","16TH CONGRESS","WASHINGTON 1","972","11","DEMOCRATIC","0"
"90","0","TAZEWELL","0","Blank Ballots","400","16TH CONGRESS","WASHINGTON 1","972","11","DEMOCRATIC","0"
"90","0","TAZEWELL","0","Over Votes","400","16TH CONGRESS","WASHINGTON 1","972","11","DEMOCRATIC","0"
"90","0","TAZEWELL","0","Under Votes","400","16TH CONGRESS","WASHINGTON 8","1346","11","DEMOCRATIC","0"
"90","0","TAZEWELL","0","Blank Ballots","400","16TH CONGRESS","WASHINGTON 8","1346","11","DEMOCRATIC","0"
"90","0","TAZEWELL","0","Over Votes","400","16TH CONGRESS","WASHINGTON 8","1346","11","DEMOCRATIC","0"
"90","0","TAZEWELL","0","Under Votes","400","16TH CONGRESS","PEKIN 5","1130","11","DEMOCRATIC","0"
"90","0","TAZEWELL","0","Blank Ballots","400","16TH CONGRESS","PEKIN 5","1130","11","DEMOCRATIC","0"
"90","0","TAZEWELL","0","Over Votes","400","16TH CONGRESS","PEKIN 5","1130","11","DEMOCRATIC","0"
"90","0","TAZEWELL","0","Under Votes","400","16TH CONGRESS","PEKIN 12","1283","11","DEMOCRATIC","0"
"90","0","TAZEWELL","0","Blank Ballots","400","16TH CONGRESS","PEKIN 12","1283","11","DEMOCRATIC","0"
"90","0","TAZEWELL","0","Over Votes","400","16TH CONGRESS","PEKIN 12","1283","11","DEMOCRATIC","0"
"90","0","TAZEWELL","0","Under Votes","400","16TH CONGRESS","PEKIN 11","1178","11","DEMOCRATIC","0"
"90","0","TAZEWELL","0","Blank Ballots","400","16TH CONGRESS","PEKIN 11","1178","11","DEMOCRATIC","0"
"90","0","TAZEWELL","0","Over Votes","400","16TH CONGRESS","PEKIN 11","1178","11","DEMOCRATIC","0"
"90","0","TAZEWELL","0","Under Votes","400","16TH CONGRESS","DEER CREEK","980","11","DEMOCRATIC","0"
"90","0","TAZEWELL","0","Blank Ballots","400","16TH CONGRESS","DEER CREEK","980","11","DEMOCRATIC","0"
"90","0","TAZEWELL","0","Over Votes","400","16TH CONGRESS","DEER CREEK","980","11","DEMOCRATIC","0"
"90","0","TAZEWELL","0","Under Votes","400","16TH CONGRESS","FONDULAC 3","1190","11","DEMOCRATIC","0"
"90","0","TAZEWELL","0","Blank Ballots","400","16TH CONGRESS","FONDULAC 3","1190","11","DEMOCRATIC","0"
"90","0","TAZEWELL","0","Over Votes","400","16TH CONGRESS","FONDULAC 3","1190","11","DEMOCRATIC","0"
"90","0","TAZEWELL","0","Under Votes","400","16TH CONGRESS","FONDULAC 7","1313","11","DEMOCRATIC","0"
"90","0","TAZEWELL","0","Blank Ballots","400","16TH CONGRESS","FONDULAC 7","1313","11","DEMOCRATIC","0"
"90","0","TAZEWELL","0","Over Votes","400","16TH CONGRESS","FONDULAC 7","1313","11","DEMOCRATIC","0"
"90","0","TAZEWELL","0","Under Votes","400","16TH CONGRESS","GROVELAND 7","882","11","DEMOCRATIC","0"
"90","0","TAZEWELL","0","Blank Ballots","400","16TH CONGRESS","GROVELAND 7","882","11","DEMOCRATIC","0"
"90","0","TAZEWELL","0","Over Votes","400","16TH CONGRESS","GROVELAND 7","882","11","DEMOCRATIC","0"
"90","0","TAZEWELL","0","Under Votes","400","16TH CONGRESS","HOPEDALE 1","1318","11","DEMOCRATIC","0"
"90","0","TAZEWELL","0","Blank Ballots","400","16TH CONGRESS","HOPEDALE 1","1318","11","DEMOCRATIC","0"
"90","0","TAZEWELL","0","Over Votes","400","16TH CONGRESS","HOPEDALE 1","1318","11","DEMOCRATIC","0"
"90","0","TAZEWELL","0","Under Votes","400","16TH CONGRESS","MACKINAW 3","1020","11","DEMOCRATIC","0"
"90","0","TAZEWELL","0","Blank Ballots","400","16TH CONGRESS","MACKINAW 3","1020","11","DEMOCRATIC","0"
"90","0","TAZEWELL","0","Over Votes","400","16TH CONGRESS","MACKINAW 3","1020","11","DEMOCRATIC","0"
"90","0","TAZEWELL","0","Under Votes","400","16TH CONGRESS","MORTON 6","1048","11","DEMOCRATIC","0"
"90","0","TAZEWELL","0","Blank Ballots","400","16TH CONGRESS","MORTON 6","1048","11","DEMOCRATIC","0"
"90","0","TAZEWELL","0","Over Votes","400","16TH CONGRESS","MORTON 6","1048","11","DEMOCRATIC","0"
"90","0","TAZEWELL","0","Under Votes","400","16TH CONGRESS","WASHINGTON 2","1224","11","DEMOCRATIC","0"
"90","0","TAZEWELL","0","Blank Ballots","400","16TH CONGRESS","WASHINGTON 2","1224","11","DEMOCRATIC","0"
"64","0","McLEAN","0","Over Votes","400","16TH CONGRESS","OLD TOWN 01","675","11","DEMOCRATIC","0"
"64","0","McLEAN","0","Blank Ballots","400","16TH CONGRESS","OLD TOWN 01","675","11","DEMOCRATIC","23"
"64","0","McLEAN","0","Blank Ballots","400","16TH CONGRESS","OLD TOWN 02","1121","11","DEMOCRATIC","34"
"64","0","McLEAN","0","Over Votes","400","16TH CONGRESS","OLD TOWN 02","1121","11","DEMOCRATIC","0"
"64","0","McLEAN","0","Over Votes","400","16TH CONGRESS","WEST 01","148","11","DEMOCRATIC","0"
"64","0","McLEAN","0","Blank Ballots","400","16TH CONGRESS","WEST 01","148","11","DEMOCRATIC","2"
"64","0","McLEAN","0","Over Votes","400","16TH CONGRESS","NORMAL 34","667","11","DEMOCRATIC","0"
"64","0","McLEAN","0","Blank Ballots","400","16TH CONGRESS","NORMAL 34","667","11","DEMOCRATIC","35"
"64","0","McLEAN","0","Over Votes","400","16TH CONGRESS","BLOOMINGTON 03","745","11","DEMOCRATIC","0"
"64","0","McLEAN","0","Blank Ballots","400","16TH CONGRESS","BLOOMINGTON 03","745","11","DEMOCRATIC","45"
"64","0","McLEAN","0","Over Votes","400","16TH CONGRESS","DOWNS 01","935","11","DEMOCRATIC","0"
"64","0","McLEAN","0","Blank Ballots","400","16TH CONGRESS","DOWNS 01","935","11","DEMOCRATIC","42"
"64","0","McLEAN","0","Over Votes","400","16TH CONGRESS","DRY GROVE 01","690","11","DEMOCRATIC","0"
"64","0","McLEAN","0","Blank Ballots","400","16TH CONGRESS","DRY GROVE 01","690","11","DEMOCRATIC","35"
"64","0","McLEAN","0","Over Votes","400","16TH CONGRESS","RANDOLPH 03","774","11","DEMOCRATIC","0"
"64","0","McLEAN","0","Blank Ballots","400","16TH CONGRESS","RANDOLPH 03","774","11","DEMOCRATIC","37"
"64","0","McLEAN","0","Over Votes","400","16TH CONGRESS","TOWANDA 01","756","11","DEMOCRATIC","0"
"64","0","McLEAN","0","Blank Ballots","400","16TH CONGRESS","TOWANDA 01","756","11","DEMOCRATIC","42"
"64","0","McLEAN","0","Over Votes","400","16TH CONGRESS","NORMAL 18","977","11","DEMOCRATIC","0"
"64","0","McLEAN","0","Blank Ballots","400","16TH CONGRESS","NORMAL 18","977","11","DEMOCRATIC","56"
"64","0","McLEAN","0","Over Votes","400","16TH CONGRESS","NORMAL 31","99","11","DEMOCRATIC","0"
"64","0","McLEAN","0","Blank Ballots","400","16TH CONGRESS","NORMAL 31","99","11","DEMOCRATIC","0"
"64","0","McLEAN","0","Over Votes","400","16TH CONGRESS","CHENEYS GROVE 01","650","11","DEMOCRATIC","0"
"64","0","McLEAN","0","Blank Ballots","400","16TH CONGRESS","CHENEYS GROVE 01","650","11","DEMOCRATIC","19"
"64","0","McLEAN","0","Over Votes","400","16TH CONGRESS","CHENOA 01","723","11","DEMOCRATIC","0"
"64","0","McLEAN","0","Blank Ballots","400","16TH CONGRESS","CHENOA 01","723","11","DEMOCRATIC","18"
"64","0","McLEAN","0","Over Votes","400","16TH CONGRESS","MONEY CREEK 01","881","11","DEMOCRATIC","0"
"64","0","McLEAN","0","Blank Ballots","400","16TH CONGRESS","MONEY CREEK 01","881","11","DEMOCRATIC","36"
"64","0","McLEAN","0","Over Votes","400","16TH CONGRESS","NORMAL 12","1039","11","DEMOCRATIC","0"
"64","0","McLEAN","0","Blank Ballots","400","16TH CONGRESS","NORMAL 12","1039","11","DEMOCRATIC","86"
"64","0","McLEAN","0","Over Votes","400","16TH CONGRESS","BLOOMINGTON 02","770","11","DEMOCRATIC","0"
"64","0","McLEAN","0","Blank Ballots","400","16TH CONGRESS","BLOOMINGTON 02","770","11","DEMOCRATIC","37"
"64","0","McLEAN","0","Over Votes","400","16TH CONGRESS","DANVERS 02","773","11","DEMOCRATIC","0"
"64","0","McLEAN","0","Blank Ballots","400","16TH CONGRESS","DANVERS 02","773","11","DEMOCRATIC","53"
"64","0","McLEAN","0","Over Votes","400","16TH CONGRESS","HUDSON 01","937","11","DEMOCRATIC","0"
"64","0","McLEAN","0","Blank Ballots","400","16TH CONGRESS","HUDSON 01","937","11","DEMOCRATIC","27"
"64","0","McLEAN","0","Over Votes","400","16TH CONGRESS","LAWNDALE 01","123","11","DEMOCRATIC","0"
"64","0","McLEAN","0","Blank Ballots","400","16TH CONGRESS","LAWNDALE 01","123","11","DEMOCRATIC","3"
"64","0","McLEAN","0","Over Votes","400","16TH CONGRESS","LEXINGTON 01","834","11","DEMOCRATIC","0"
"64","0","McLEAN","0","Blank Ballots","400","16TH CONGRESS","LEXINGTON 01","834","11","DEMOCRATIC","37"
"64","0","McLEAN","0","Over Votes","400","16TH CONGRESS","OLD TOWN 03","813","11","DEMOCRATIC","0"
"64","0","McLEAN","0","Blank Ballots","400","16TH CONGRESS","OLD TOWN 03","813","11","DEMOCRATIC","25"
"64","0","McLEAN","0","Over Votes","400","16TH CONGRESS","NORMAL 20","645","11","DEMOCRATIC","0"
"64","0","McLEAN","0","Blank Ballots","400","16TH CONGRESS","NORMAL 20","645","11","DEMOCRATIC","33"
"64","0","McLEAN","0","Blank Ballots","400","16TH CONGRESS","BLOOMINGTON 01","430","11","DEMOCRATIC","16"
"64","0","McLEAN","0","Over Votes","400","16TH CONGRESS","BLOOMINGTON 01","430","11","DEMOCRATIC","0"
"64","0","McLEAN","0","Over Votes","400","16TH CONGRESS","CHENOA 02","647","11","DEMOCRATIC","0"
"64","0","McLEAN","0","Blank Ballots","400","16TH CONGRESS","CHENOA 02","647","11","DEMOCRATIC","23"
"64","0","McLEAN","0","Over Votes","400","16TH CONGRESS","CROPSEY 01","125","11","DEMOCRATIC","0"
"64","0","McLEAN","0","Blank Ballots","400","16TH CONGRESS","CROPSEY 01","125","11","DEMOCRATIC","3"
"64","0","McLEAN","0","Over Votes","400","16TH CONGRESS","EMPIRE 02","1061","11","DEMOCRATIC","0"
"64","0","McLEAN","0","Blank Ballots","400","16TH CONGRESS","EMPIRE 02","1061","11","DEMOCRATIC","36"
"64","0","McLEAN","0","Over Votes","400","16TH CONGRESS","GRIDLEY 01","564","11","DEMOCRATIC","0"
"64","0","McLEAN","0","Blank Ballots","400","16TH CONGRESS","GRIDLEY 01","564","11","DEMOCRATIC","10"
"64","0","McLEAN","0","Over Votes","400","16TH CONGRESS","GRIDLEY 02","762","11","DEMOCRATIC","0"
"64","0","McLEAN","0","Blank Ballots","400","16TH CONGRESS","GRIDLEY 02","762","11","DEMOCRATIC","15"
"64","0","McLEAN","0","Over Votes","400","16TH CONGRESS","NORMAL 24","403","11","DEMOCRATIC","0"
"64","0","McLEAN","0","Blank Ballots","400","16TH CONGRESS","NORMAL 24","403","11","DEMOCRATIC","18"
"64","0","McLEAN","0","Over Votes","400","16TH CONGRESS","NORMAL 25","1053","11","DEMOCRATIC","0"
"64","0","McLEAN","0","Blank Ballots","400","16TH CONGRESS","NORMAL 25","1053","11","DEMOCRATIC","60"
"64","0","McLEAN","0","Over Votes","400","16TH CONGRESS","NORMAL 26","610","11","DEMOCRATIC","0"
"64","0","McLEAN","0","Blank Ballots","400","16TH CONGRESS","NORMAL 26","610","11","DEMOCRATIC","41"
"64","0","McLEAN","0","Over Votes","400","16TH CONGRESS","NORMAL 36","935","11","DEMOCRATIC","0"
"64","0","McLEAN","0","Blank Ballots","400","16TH CONGRESS","NORMAL 36","935","11","DEMOCRATIC","41"
"64","0","McLEAN","0","Over Votes","400","16TH CONGRESS","DANVERS 01","591","11","DEMOCRATIC","0"
"64","0","McLEAN","0","Blank Ballots","400","16TH CONGRESS","DANVERS 01","591","11","DEMOCRATIC","44"
"64","0","McLEAN","0","Over Votes","400","16TH CONGRESS","DAWSON 01","468","11","DEMOCRATIC","0"
"64","0","McLEAN","0","Blank Ballots","400","16TH CONGRESS","DAWSON 01","468","11","DEMOCRATIC","19"
"64","0","McLEAN","0","Over Votes","400","16TH CONGRESS","DRY GROVE 02","632","11","DEMOCRATIC","0"
"64","0","McLEAN","0","Blank Ballots","400","16TH CONGRESS","DRY GROVE 02","632","11","DEMOCRATIC","35"
"64","0","McLEAN","0","Over Votes","400","16TH CONGRESS","HUDSON 02","991","11","DEMOCRATIC","0"
"64","0","McLEAN","0","Blank Ballots","400","16TH CONGRESS","HUDSON 02","991","11","DEMOCRATIC","59"
"64","0","McLEAN","0","Over Votes","400","16TH CONGRESS","RANDOLPH 01","161","11","DEMOCRATIC","0"
"64","0","McLEAN","0","Blank Ballots","400","16TH CONGRESS","RANDOLPH 01","161","11","DEMOCRATIC","3"
"64","0","McLEAN","0","Over Votes","400","16TH CONGRESS","RANDOLPH 02","1086","11","DEMOCRATIC","0"
"64","0","McLEAN","0","Blank Ballots","400","16TH CONGRESS","RANDOLPH 02","1086","11","DEMOCRATIC","28"
"64","0","McLEAN","0","Over Votes","400","16TH CONGRESS","TOWANDA 02","753","11","DEMOCRATIC","0"
"64","0","McLEAN","0","Blank Ballots","400","16TH CONGRESS","TOWANDA 02","753","11","DEMOCRATIC","30"
"64","0","McLEAN","0","Over Votes","400","16TH CONGRESS","NORMAL 27","963","11","DEMOCRATIC","0"
"64","0","McLEAN","0","Blank Ballots","400","16TH CONGRESS","NORMAL 27","963","11","DEMOCRATIC","85"
"71","0","OGLE","0","Under Votes","400","16TH CONGRESS","BUFFALO 2","528","11","DEMOCRATIC","0"
"71","0","OGLE","0","Over Votes","400","16TH CONGRESS","BUFFALO 2","528","11","DEMOCRATIC","0"
"71","0","OGLE","0","Blank Ballots","400","16TH CONGRESS","BUFFALO 2","528","11","DEMOCRATIC","0"
"71","0","OGLE","0","Blank Ballots","400","16TH CONGRESS","EAGLE POINT","158","11","DEMOCRATIC","0"
"71","0","OGLE","0","Under Votes","400","16TH CONGRESS","EAGLE POINT","158","11","DEMOCRATIC","0"
"71","0","OGLE","0","Over Votes","400","16TH CONGRESS","EAGLE POINT","158","11","DEMOCRATIC","0"
"71","0","OGLE","0","Under Votes","400","16TH CONGRESS","FLAGG 11","482","11","DEMOCRATIC","0"
"64","0","McLEAN","0","Under Votes","400","16TH CONGRESS","LAWNDALE 01","123","12","REPUBLICAN","1"
"64","0","McLEAN","0","Over Votes","400","16TH CONGRESS","LEXINGTON 01","834","12","REPUBLICAN","0"
"64","0","McLEAN","385","DARIN LaHOOD","400","16TH CONGRESS","LEXINGTON 01","834","12","REPUBLICAN","127"
"64","0","McLEAN","0","Under Votes","400","16TH CONGRESS","LEXINGTON 01","834","12","REPUBLICAN","16"
"64","0","McLEAN","0","Over Votes","400","16TH CONGRESS","ALLIN 01","621","12","REPUBLICAN","0"
"64","0","McLEAN","385","DARIN LaHOOD","400","16TH CONGRESS","ALLIN 01","621","12","REPUBLICAN","101"
"64","0","McLEAN","0","Under Votes","400","16TH CONGRESS","ALLIN 01","621","12","REPUBLICAN","8"
"64","0","McLEAN","0","Over Votes","400","16TH CONGRESS","ANCHOR 01","186","12","REPUBLICAN","0"
"64","0","McLEAN","385","DARIN LaHOOD","400","16TH CONGRESS","ANCHOR 01","186","12","REPUBLICAN","56"
"64","0","McLEAN","0","Under Votes","400","16TH CONGRESS","ANCHOR 01","186","12","REPUBLICAN","5"
"64","0","McLEAN","0","Over Votes","400","16TH CONGRESS","ARROWSMITH 01","311","12","REPUBLICAN","0"
"64","0","McLEAN","385","DARIN LaHOOD","400","16TH CONGRESS","ARROWSMITH 01","311","12","REPUBLICAN","63"
"64","0","McLEAN","0","Under Votes","400","16TH CONGRESS","ARROWSMITH 01","311","12","REPUBLICAN","7"
"64","0","McLEAN","0","Over Votes","400","16TH CONGRESS","DALE 01","1005","12","REPUBLICAN","0"
"64","0","McLEAN","385","DARIN LaHOOD","400","16TH CONGRESS","DALE 01","1005","12","REPUBLICAN","79"
"64","0","McLEAN","0","Under Votes","400","16TH CONGRESS","DALE 01","1005","12","REPUBLICAN","7"
"64","0","McLEAN","0","Over Votes","400","16TH CONGRESS","EMPIRE 03","855","12","REPUBLICAN","0"
"64","0","McLEAN","385","DARIN LaHOOD","400","16TH CONGRESS","EMPIRE 03","855","12","REPUBLICAN","112"
"64","0","McLEAN","0","Under Votes","400","16TH CONGRESS","EMPIRE 03","855","12","REPUBLICAN","12"
"64","0","McLEAN","0","Over Votes","400","16TH CONGRESS","OLD TOWN 01","675","12","REPUBLICAN","0"
"64","0","McLEAN","385","DARIN LaHOOD","400","16TH CONGRESS","OLD TOWN 01","675","12","REPUBLICAN","50"
"64","0","McLEAN","0","Under Votes","400","16TH CONGRESS","OLD TOWN 01","675","12","REPUBLICAN","4"
"64","0","McLEAN","0","Over Votes","400","16TH CONGRESS","OLD TOWN 02","1121","12","REPUBLICAN","0"
"64","0","McLEAN","385","DARIN LaHOOD","400","16TH CONGRESS","OLD TOWN 02","1121","12","REPUBLICAN","157"
"64","0","McLEAN","0","Under Votes","400","16TH CONGRESS","OLD TOWN 02","1121","12","REPUBLICAN","12"
"64","0","McLEAN","0","Over Votes","400","16TH CONGRESS","WEST 01","148","12","REPUBLICAN","0"
"64","0","McLEAN","385","DARIN LaHOOD","400","16TH CONGRESS","WEST 01","148","12","REPUBLICAN","35"
"64","0","McLEAN","0","Under Votes","400","16TH CONGRESS","WEST 01","148","12","REPUBLICAN","0"
"64","0","McLEAN","0","Over Votes","400","16TH CONGRESS","NORMAL 34","667","12","REPUBLICAN","0"
"64","0","McLEAN","385","DARIN LaHOOD","400","16TH CONGRESS","NORMAL 34","667","12","REPUBLICAN","16"
"64","0","McLEAN","0","Under Votes","400","16TH CONGRESS","NORMAL 34","667","12","REPUBLICAN","0"
"64","0","McLEAN","0","Over Votes","400","16TH CONGRESS","BLOOMINGTON 03","745","12","REPUBLICAN","0"
"64","0","McLEAN","385","DARIN LaHOOD","400","16TH CONGRESS","BLOOMINGTON 03","745","12","REPUBLICAN","122"
"64","0","McLEAN","0","Under Votes","400","16TH CONGRESS","BLOOMINGTON 03","745","12","REPUBLICAN","16"
"64","0","McLEAN","0","Over Votes","400","16TH CONGRESS","DOWNS 01","935","12","REPUBLICAN","0"
"64","0","McLEAN","385","DARIN LaHOOD","400","16TH CONGRESS","DOWNS 01","935","12","REPUBLICAN","147"
"64","0","McLEAN","0","Under Votes","400","16TH CONGRESS","DOWNS 01","935","12","REPUBLICAN","17"
"64","0","McLEAN","0","Over Votes","400","16TH CONGRESS","DRY GROVE 01","690","12","REPUBLICAN","0"
"64","0","McLEAN","385","DARIN LaHOOD","400","16TH CONGRESS","DRY GROVE 01","690","12","REPUBLICAN","153"
"64","0","McLEAN","0","Under Votes","400","16TH CONGRESS","DRY GROVE 01","690","12","REPUBLICAN","8"
"64","0","McLEAN","0","Over Votes","400","16TH CONGRESS","RANDOLPH 03","774","12","REPUBLICAN","0"
"64","0","McLEAN","385","DARIN LaHOOD","400","16TH CONGRESS","RANDOLPH 03","774","12","REPUBLICAN","111"
"64","0","McLEAN","0","Under Votes","400","16TH CONGRESS","RANDOLPH 03","774","12","REPUBLICAN","16"
"72","0","PEORIA","385","DARIN LaHOOD","400","16TH CONGRESS","PE52 - 146","0","12","","8"
"72","0","PEORIA","0","Over Votes","400","16TH CONGRESS","PE52 - 146","0","12","","0"
"72","0","PEORIA","0","Over Votes","400","16TH CONGRESS","RA01 - 172","0","12","","0"
"72","0","PEORIA","0","Under Votes","400","16TH CONGRESS","RA01 - 172","0","12","","0"
"72","0","PEORIA","385","DARIN LaHOOD","400","16TH CONGRESS","RA01 - 172","0","12","","4"
"72","0","PEORIA","0","Over Votes","400","16TH CONGRESS","RA02 - 175","0","12","","0"
"72","0","PEORIA","0","Under Votes","400","16TH CONGRESS","RA02 - 175","0","12","","2"
"72","0","PEORIA","385","DARIN LaHOOD","400","16TH CONGRESS","RA02 - 175","0","12","","7"
"72","0","PEORIA","0","Over Votes","400","16TH CONGRESS","RI01 - 178","0","12","","0"
"72","0","PEORIA","0","Under Votes","400","16TH CONGRESS","RI01 - 178","0","12","","2"
"72","0","PEORIA","385","DARIN LaHOOD","400","16TH CONGRESS","RI01 - 178","0","12","","14"
"72","0","PEORIA","0","Under Votes","400","16TH CONGRESS","RI03 - 181","0","12","","0"
"72","0","PEORIA","385","DARIN LaHOOD","400","16TH CONGRESS","RI03 - 181","0","12","","2"
"72","0","PEORIA","0","Over Votes","400","16TH CONGRESS","RI03 - 181","0","12","","0"
"72","0","PEORIA","0","Under Votes","400","16TH CONGRESS","JU02 - 16","0","12","","3"
"72","0","PEORIA","0","Over Votes","400","16TH CONGRESS","JU02 - 16","0","12","","0"
"72","0","PEORIA","385","DARIN LaHOOD","400","16TH CONGRESS","JU02 - 16","0","12","","23"
"72","0","PEORIA","0","Under Votes","400","16TH CONGRESS","KI01 - 22","0","12","","0"
"72","0","PEORIA","0","Over Votes","400","16TH CONGRESS","KI01 - 22","0","12","","0"
"72","0","PEORIA","385","DARIN LaHOOD","400","16TH CONGRESS","KI01 - 22","0","12","","3"
"72","0","PEORIA","0","Under Votes","400","16TH CONGRESS","PE49 - 135","0","12","","8"
"72","0","PEORIA","0","Over Votes","400","16TH CONGRESS","PE49 - 135","0","12","","0"
"72","0","PEORIA","385","DARIN LaHOOD","400","16TH CONGRESS","PE49 - 135","0","12","","77"
"72","0","PEORIA","0","Under Votes","400","16TH CONGRESS","PE51 - 138","0","12","","3"
"72","0","PEORIA","0","Over Votes","400","16TH CONGRESS","PE51 - 138","0","12","","0"
"72","0","PEORIA","385","DARIN LaHOOD","400","16TH CONGRESS","PE51 - 138","0","12","","23"
"72","0","PEORIA","0","Under Votes","400","16TH CONGRESS","PE51 - 141","0","12","","0"
"72","0","PEORIA","0","Over Votes","400","16TH CONGRESS","PE51 - 141","0","12","","0"
"72","0","PEORIA","385","DARIN LaHOOD","400","16TH CONGRESS","PE51 - 141","0","12","","0"
"72","0","PEORIA","0","Under Votes","400","16TH CONGRESS","PE63 - 164","0","12","","1"
"72","0","PEORIA","385","DARIN LaHOOD","400","16TH CONGRESS","PE63 - 164","0","12","","8"
"72","0","PEORIA","0","Over Votes","400","16TH CONGRESS","PE63 - 164","0","12","","0"
"72","0","PEORIA","0","Under Votes","400","16TH CONGRESS","PE65 - 167","0","12","","12"
"72","0","PEORIA","0","Over Votes","400","16TH CONGRESS","PE65 - 167","0","12","","0"
"72","0","PEORIA","385","DARIN LaHOOD","400","16TH CONGRESS","PE65 - 167","0","12","","49"
"72","0","PEORIA","0","Under Votes","400","16TH CONGRESS","PR01 - 170","0","12","","9"
"72","0","PEORIA","0","Over Votes","400","16TH CONGRESS","PR01 - 170","0","12","","0"
"72","0","PEORIA","385","DARIN LaHOOD","400","16TH CONGRESS","PR01 - 170","0","12","","58"
"72","0","PEORIA","0","Under Votes","400","16TH CONGRESS","RA02 - 173","0","12","","24"
"72","0","PEORIA","0","Over Votes","400","16TH CONGRESS","RA02 - 173","0","12","","0"
"72","0","PEORIA","385","DARIN LaHOOD","400","16TH CONGRESS","RA02 - 173","0","12","","71"
"72","0","PEORIA","0","Under Votes","400","16TH CONGRESS","AK01 - 1","0","12","","22"
"72","0","PEORIA","385","DARIN LaHOOD","400","16TH CONGRESS","AK01 - 1","0","12","","107"
"72","0","PEORIA","0","Over Votes","400","16TH CONGRESS","AK01 - 1","0","12","","0"
"72","0","PEORIA","0","Over Votes","400","16TH CONGRESS","CH02 - 4","0","12","","0"
"72","0","PEORIA","0","Under Votes","400","16TH CONGRESS","CH02 - 4","0","12","","10"
"72","0","PEORIA","385","DARIN LaHOOD","400","16TH CONGRESS","CH02 - 4","0","12","","52"
"72","0","PEORIA","0","Over Votes","400","16TH CONGRESS","CH05 - 7","0","12","","0"
"72","0","PEORIA","0","Under Votes","400","16TH CONGRESS","CH05 - 7","0","12","","13"
"90","0","TAZEWELL","0","Blank Ballots","400","16TH CONGRESS","CINCINNATI 4","1272","12","REPUBLICAN","0"
"90","0","TAZEWELL","0","Under Votes","400","16TH CONGRESS","CINCINNATI 4","1272","12","REPUBLICAN","8"
"90","0","TAZEWELL","385","DARIN LaHOOD","400","16TH CONGRESS","CINCINNATI 4","1272","12","REPUBLICAN","108"
"90","0","TAZEWELL","0","Over Votes","400","16TH CONGRESS","CINCINNATI 4","1272","12","REPUBLICAN","0"
"90","0","TAZEWELL","0","Blank Ballots","400","16TH CONGRESS","FONDULAC 1","1118","12","REPUBLICAN","0"
"90","0","TAZEWELL","0","Under Votes","400","16TH CONGRESS","FONDULAC 1","1118","12","REPUBLICAN","9"
"90","0","TAZEWELL","385","DARIN LaHOOD","400","16TH CONGRESS","FONDULAC 1","1118","12","REPUBLICAN","96"
"90","0","TAZEWELL","0","Over Votes","400","16TH CONGRESS","FONDULAC 1","1118","12","REPUBLICAN","0"
"90","0","TAZEWELL","0","Blank Ballots","400","16TH CONGRESS","GROVELAND 1","1054","12","REPUBLICAN","0"
"90","0","TAZEWELL","0","Under Votes","400","16TH CONGRESS","GROVELAND 1","1054","12","REPUBLICAN","13"
"90","0","TAZEWELL","385","DARIN LaHOOD","400","16TH CONGRESS","GROVELAND 1","1054","12","REPUBLICAN","105"
"90","0","TAZEWELL","0","Over Votes","400","16TH CONGRESS","GROVELAND 1","1054","12","REPUBLICAN","0"
"90","0","TAZEWELL","0","Blank Ballots","400","16TH CONGRESS","GROVELAND 12","1509","12","REPUBLICAN","0"
"90","0","TAZEWELL","0","Under Votes","400","16TH CONGRESS","GROVELAND 12","1509","12","REPUBLICAN","15"
"90","0","TAZEWELL","385","DARIN LaHOOD","400","16TH CONGRESS","GROVELAND 12","1509","12","REPUBLICAN","96"
"90","0","TAZEWELL","0","Over Votes","400","16TH CONGRESS","GROVELAND 12","1509","12","REPUBLICAN","0"
"90","0","TAZEWELL","0","Blank Ballots","400","16TH CONGRESS","MORTON 11","1197","12","REPUBLICAN","0"
"90","0","TAZEWELL","0","Under Votes","400","16TH CONGRESS","MORTON 11","1197","12","REPUBLICAN","13"
"90","0","TAZEWELL","385","DARIN LaHOOD","400","16TH CONGRESS","MORTON 11","1197","12","REPUBLICAN","136"
"90","0","TAZEWELL","0","Over Votes","400","16TH CONGRESS","MORTON 11","1197","12","REPUBLICAN","0"
"90","0","TAZEWELL","0","Blank Ballots","400","16TH CONGRESS","WASHINGTON 3","688","12","REPUBLICAN","0"
"90","0","TAZEWELL","0","Under Votes","400","16TH CONGRESS","WASHINGTON 3","688","12","REPUBLICAN","10"
"90","0","TAZEWELL","385","DARIN LaHOOD","400","16TH CONGRESS","WASHINGTON 3","688","12","REPUBLICAN","72"
"90","0","TAZEWELL","0","Over Votes","400","16TH CONGRESS","WASHINGTON 3","688","12","REPUBLICAN","0"
"90","0","TAZEWELL","0","Blank Ballots","400","16TH CONGRESS","WASHINGTON 14","1178","12","REPUBLICAN","0"
"90","0","TAZEWELL","0","Under Votes","400","16TH CONGRESS","WASHINGTON 14","1178","12","REPUBLICAN","13"
"90","0","TAZEWELL","385","DARIN LaHOOD","400","16TH CONGRESS","WASHINGTON 14","1178","12","REPUBLICAN","144"
"90","0","TAZEWELL","0","Over Votes","400","16TH CONGRESS","WASHINGTON 14","1178","12","REPUBLICAN","0"
"90","0","TAZEWELL","0","Blank Ballots","400","16TH CONGRESS","PEKIN 7","1202","12","REPUBLICAN","0"
"90","0","TAZEWELL","0","Under Votes","400","16TH CONGRESS","PEKIN 7","1202","12","REPUBLICAN","7"
"90","0","TAZEWELL","385","DARIN LaHOOD","400","16TH CONGRESS","PEKIN 7","1202","12","REPUBLICAN","73"
"90","0","TAZEWELL","0","Over Votes","400","16TH CONGRESS","PEKIN 7","1202","12","REPUBLICAN","0"
"90","0","TAZEWELL","0","Blank Ballots","400","16TH CONGRESS","CINCINNATI 5","996","12","REPUBLICAN","0"
"90","0","TAZEWELL","0","Under Votes","400","16TH CONGRESS","CINCINNATI 5","996","12","REPUBLICAN","8"
"90","0","TAZEWELL","385","DARIN LaHOOD","400","16TH CONGRESS","CINCINNATI 5","996","12","REPUBLICAN","108"
"90","0","TAZEWELL","0","Over Votes","400","16TH CONGRESS","CINCINNATI 5","996","12","REPUBLICAN","0"
"90","0","TAZEWELL","385","DARIN LaHOOD","400","16TH CONGRESS","FONDULAC 6","1257","12","REPUBLICAN","71"
"90","0","TAZEWELL","0","Blank Ballots","400","16TH CONGRESS","FONDULAC 6","1257","12","REPUBLICAN","0"
"90","0","TAZEWELL","0","Under Votes","400","16TH CONGRESS","FONDULAC 6","1257","12","REPUBLICAN","10"
"90","0","TAZEWELL","0","Over Votes","400","16TH CONGRESS","FONDULAC 6","1257","12","REPUBLICAN","0"
"90","0","TAZEWELL","385","DARIN LaHOOD","400","16TH CONGRESS","GROVELAND 6","968","12","REPUBLICAN","50"
"90","0","TAZEWELL","0","Blank Ballots","400","16TH CONGRESS","GROVELAND 6","968","12","REPUBLICAN","0"
"90","0","TAZEWELL","0","Over Votes","400","16TH CONGRESS","WASHINGTON 2","1224","11","DEMOCRATIC","0"
"90","0","TAZEWELL","0","Under Votes","400","16TH CONGRESS","WASHINGTON 9","1425","11","DEMOCRATIC","0"
"90","0","TAZEWELL","0","Blank Ballots","400","16TH CONGRESS","WASHINGTON 9","1425","11","DEMOCRATIC","0"
"90","0","TAZEWELL","0","Over Votes","400","16TH CONGRESS","WASHINGTON 9","1425","11","DEMOCRATIC","0"
"90","0","TAZEWELL","0","Under Votes","400","16TH CONGRESS","PEKIN 2","1111","11","DEMOCRATIC","0"
"90","0","TAZEWELL","0","Blank Ballots","400","16TH CONGRESS","PEKIN 2","1111","11","DEMOCRATIC","0"
"90","0","TAZEWELL","0","Over Votes","400","16TH CONGRESS","PEKIN 2","1111","11","DEMOCRATIC","0"
"90","0","TAZEWELL","0","Under Votes","400","16TH CONGRESS","PEKIN 13","915","11","DEMOCRATIC","0"
"90","0","TAZEWELL","0","Blank Ballots","400","16TH CONGRESS","PEKIN 13","915","11","DEMOCRATIC","0"
"90","0","TAZEWELL","0","Over Votes","400","16TH CONGRESS","PEKIN 13","915","11","DEMOCRATIC","0"
"53","0","LIVINGSTON","0","Blank Ballots","400","16TH CONGRESS","ESMEN","201","11","DEMOCRATIC","0"
"53","0","LIVINGSTON","0","Over Votes","400","16TH CONGRESS","ESMEN","201","11","DEMOCRATIC","0"
"53","0","LIVINGSTON","0","Under Votes","400","16TH CONGRESS","ESMEN","201","11","DEMOCRATIC","0"
"53","0","LIVINGSTON","0","Blank Ballots","400","16TH CONGRESS","NEWTOWN","474","11","DEMOCRATIC","0"
"53","0","LIVINGSTON","0","Over Votes","400","16TH CONGRESS","NEWTOWN","474","11","DEMOCRATIC","0"
"53","0","LIVINGSTON","0","Under Votes","400","16TH CONGRESS","NEWTOWN","474","11","DEMOCRATIC","0"
"53","0","LIVINGSTON","0","Blank Ballots","400","16TH CONGRESS","NEBRASKA 1","862","11","DEMOCRATIC","0"
"53","0","LIVINGSTON","0","Over Votes","400","16TH CONGRESS","NEBRASKA 1","862","11","DEMOCRATIC","0"
"53","0","LIVINGSTON","0","Under Votes","400","16TH CONGRESS","NEBRASKA 1","862","11","DEMOCRATIC","0"
"53","0","LIVINGSTON","0","Blank Ballots","400","16TH CONGRESS","READING 2","764","11","DEMOCRATIC","0"
"53","0","LIVINGSTON","0","Over Votes","400","16TH CONGRESS","READING 2","764","11","DEMOCRATIC","0"
"53","0","LIVINGSTON","0","Under Votes","400","16TH CONGRESS","READING 2","764","11","DEMOCRATIC","0"
"53","0","LIVINGSTON","0","Blank Ballots","400","16TH CONGRESS","LONG POINT","298","11","DEMOCRATIC","0"
"53","0","LIVINGSTON","0","Over Votes","400","16TH CONGRESS","LONG POINT","298","11","DEMOCRATIC","0"
"53","0","LIVINGSTON","0","Under Votes","400","16TH CONGRESS","LONG POINT","298","11","DEMOCRATIC","0"
"53","0","LIVINGSTON","0","Blank Ballots","400","16TH CONGRESS","READING 1","576","11","DEMOCRATIC","0"
"53","0","LIVINGSTON","0","Over Votes","400","16TH CONGRESS","READING 1","576","11","DEMOCRATIC","0"
"53","0","LIVINGSTON","0","Under Votes","400","16TH CONGRESS","READING 1","576","11","DEMOCRATIC","0"
"53","0","LIVINGSTON","0","Blank Ballots","400","16TH CONGRESS","AMITY","517","11","DEMOCRATIC","0"
"53","0","LIVINGSTON","0","Over Votes","400","16TH CONGRESS","AMITY","517","11","DEMOCRATIC","0"
"53","0","LIVINGSTON","0","Under Votes","400","16TH CONGRESS","AMITY","517","11","DEMOCRATIC","0"
"53","0","LIVINGSTON","0","Blank Ballots","400","16TH CONGRESS","PIKE","151","11","DEMOCRATIC","0"
"53","0","LIVINGSTON","0","Over Votes","400","16TH CONGRESS","PIKE","151","11","DEMOCRATIC","0"
"53","0","LIVINGSTON","0","Under Votes","400","16TH CONGRESS","PIKE","151","11","DEMOCRATIC","0"
"53","0","LIVINGSTON","0","Blank Ballots","400","16TH CONGRESS","PONTIAC 10","696","11","DEMOCRATIC","0"
"53","0","LIVINGSTON","0","Over Votes","400","16TH CONGRESS","PONTIAC 10","696","11","DEMOCRATIC","0"
"53","0","LIVINGSTON","0","Under Votes","400","16TH CONGRESS","PONTIAC 10","696","11","DEMOCRATIC","0"
"53","0","LIVINGSTON","0","Blank Ballots","400","16TH CONGRESS","SUNBURY","150","11","DEMOCRATIC","0"
"53","0","LIVINGSTON","0","Over Votes","400","16TH CONGRESS","SUNBURY","150","11","DEMOCRATIC","0"
"53","0","LIVINGSTON","0","Under Votes","400","16TH CONGRESS","SUNBURY","150","11","DEMOCRATIC","0"
"53","0","LIVINGSTON","0","Blank Ballots","400","16TH CONGRESS","DWIGHT 3","616","11","DEMOCRATIC","0"
"53","0","LIVINGSTON","0","Over Votes","400","16TH CONGRESS","DWIGHT 3","616","11","DEMOCRATIC","0"
"53","0","LIVINGSTON","0","Under Votes","400","16TH CONGRESS","DWIGHT 3","616","11","DEMOCRATIC","0"
"53","0","LIVINGSTON","0","Blank Ballots","400","16TH CONGRESS","EPPARDS POINT","223","11","DEMOCRATIC","0"
"71","0","OGLE","0","Over Votes","400","16TH CONGRESS","FLAGG 11","482","11","DEMOCRATIC","0"
"71","0","OGLE","0","Blank Ballots","400","16TH CONGRESS","FLAGG 11","482","11","DEMOCRATIC","0"
"71","0","OGLE","0","Blank Ballots","400","16TH CONGRESS","LYNNVILLE","373","11","DEMOCRATIC","0"
"71","0","OGLE","0","Under Votes","400","16TH CONGRESS","LYNNVILLE","373","11","DEMOCRATIC","0"
"71","0","OGLE","0","Over Votes","400","16TH CONGRESS","LYNNVILLE","373","11","DEMOCRATIC","0"
"71","0","OGLE","0","Blank Ballots","400","16TH CONGRESS","OREGON-NASHUA 2","419","11","DEMOCRATIC","0"
"71","0","OGLE","0","Under Votes","400","16TH CONGRESS","OREGON-NASHUA 2","419","11","DEMOCRATIC","0"
"71","0","OGLE","0","Over Votes","400","16TH CONGRESS","OREGON-NASHUA 2","419","11","DEMOCRATIC","0"
"71","0","OGLE","0","Blank Ballots","400","16TH CONGRESS","ROCKVALE 1","730","11","DEMOCRATIC","0"
"71","0","OGLE","0","Under Votes","400","16TH CONGRESS","ROCKVALE 1","730","11","DEMOCRATIC","0"
"71","0","OGLE","0","Over Votes","400","16TH CONGRESS","ROCKVALE 1","730","11","DEMOCRATIC","0"
"71","0","OGLE","0","Blank Ballots","400","16TH CONGRESS","BUFFALO 1","598","11","DEMOCRATIC","0"
"71","0","OGLE","0","Under Votes","400","16TH CONGRESS","BUFFALO 1","598","11","DEMOCRATIC","0"
"71","0","OGLE","0","Over Votes","400","16TH CONGRESS","BUFFALO 1","598","11","DEMOCRATIC","0"
"71","0","OGLE","0","Under Votes","400","16TH CONGRESS","DEMENT","492","11","DEMOCRATIC","0"
"71","0","OGLE","0","Over Votes","400","16TH CONGRESS","DEMENT","492","11","DEMOCRATIC","0"
"71","0","OGLE","0","Blank Ballots","400","16TH CONGRESS","DEMENT","492","11","DEMOCRATIC","0"
"71","0","OGLE","0","Under Votes","400","16TH CONGRESS","FLAGG 10","322","11","DEMOCRATIC","0"
"71","0","OGLE","0","Over Votes","400","16TH CONGRESS","FLAGG 10","322","11","DEMOCRATIC","0"
"71","0","OGLE","0","Blank Ballots","400","16TH CONGRESS","FLAGG 10","322","11","DEMOCRATIC","0"
"71","0","OGLE","0","Under Votes","400","16TH CONGRESS","LINCOLN","296","11","DEMOCRATIC","0"
"71","0","OGLE","0","Over Votes","400","16TH CONGRESS","LINCOLN","296","11","DEMOCRATIC","0"
"71","0","OGLE","0","Blank Ballots","400","16TH CONGRESS","LINCOLN","296","11","DEMOCRATIC","0"
"71","0","OGLE","0","Under Votes","400","16TH CONGRESS","OREGON-NASHUA 1","503","11","DEMOCRATIC","0"
"71","0","OGLE","0","Over Votes","400","16TH CONGRESS","OREGON-NASHUA 1","503","11","DEMOCRATIC","0"
"71","0","OGLE","0","Blank Ballots","400","16TH CONGRESS","OREGON-NASHUA 1","503","11","DEMOCRATIC","0"
"71","0","OGLE","0","Under Votes","400","16TH CONGRESS","PINE ROCK","674","11","DEMOCRATIC","0"
"71","0","OGLE","0","Over Votes","400","16TH CONGRESS","PINE ROCK","674","11","DEMOCRATIC","0"
"71","0","OGLE","0","Blank Ballots","400","16TH CONGRESS","PINE ROCK","674","11","DEMOCRATIC","0"
"71","0","OGLE","0","Over Votes","400","16TH CONGRESS","GRAND DETOUR","478","11","DEMOCRATIC","0"
"71","0","OGLE","0","Blank Ballots","400","16TH CONGRESS","GRAND DETOUR","478","11","DEMOCRATIC","0"
"71","0","OGLE","0","Under Votes","400","16TH CONGRESS","MARION 3","675","11","DEMOCRATIC","0"
"71","0","OGLE","0","Over Votes","400","16TH CONGRESS","MARION 3","675","11","DEMOCRATIC","0"
"71","0","OGLE","0","Blank Ballots","400","16TH CONGRESS","MARION 3","675","11","DEMOCRATIC","0"
"71","0","OGLE","0","Blank Ballots","400","16TH CONGRESS","MT. MORRIS 2","319","11","DEMOCRATIC","0"
"71","0","OGLE","0","Under Votes","400","16TH CONGRESS","MT. MORRIS 2","319","11","DEMOCRATIC","0"
"71","0","OGLE","0","Over Votes","400","16TH CONGRESS","MT. MORRIS 2","319","11","DEMOCRATIC","0"
"71","0","OGLE","0","Blank Ballots","400","16TH CONGRESS","OREGON-NASHUA 5","396","11","DEMOCRATIC","0"
"71","0","OGLE","0","Under Votes","400","16TH CONGRESS","OREGON-NASHUA 5","396","11","DEMOCRATIC","0"
"71","0","OGLE","0","Over Votes","400","16TH CONGRESS","OREGON-NASHUA 5","396","11","DEMOCRATIC","0"
"71","0","OGLE","0","Under Votes","400","16TH CONGRESS","TAYLOR","730","11","DEMOCRATIC","0"
"71","0","OGLE","0","Over Votes","400","16TH CONGRESS","TAYLOR","730","11","DEMOCRATIC","0"
"71","0","OGLE","0","Blank Ballots","400","16TH CONGRESS","TAYLOR","730","11","DEMOCRATIC","0"
"71","0","OGLE","0","Over Votes","400","16TH CONGRESS","FLAGG 2","506","11","DEMOCRATIC","0"
"71","0","OGLE","0","Blank Ballots","400","16TH CONGRESS","FLAGG 2","506","11","DEMOCRATIC","0"
"71","0","OGLE","0","Under Votes","400","16TH CONGRESS","FLAGG 9","494","11","DEMOCRATIC","0"
"71","0","OGLE","0","Over Votes","400","16TH CONGRESS","FLAGG 9","494","11","DEMOCRATIC","0"
"71","0","OGLE","0","Blank Ballots","400","16TH CONGRESS","FLAGG 9","494","11","DEMOCRATIC","0"
"71","0","OGLE","0","Under Votes","400","16TH CONGRESS","MARION 2","1322","11","DEMOCRATIC","0"
"71","0","OGLE","0","Over Votes","400","16TH CONGRESS","MARION 2","1322","11","DEMOCRATIC","0"
"71","0","OGLE","0","Blank Ballots","400","16TH CONGRESS","MARION 2","1322","11","DEMOCRATIC","0"
"71","0","OGLE","0","Under Votes","400","16TH CONGRESS","MT. MORRIS 4","768","11","DEMOCRATIC","0"
"71","0","OGLE","0","Over Votes","400","16TH CONGRESS","MT. MORRIS 4","768","11","DEMOCRATIC","0"
"71","0","OGLE","0","Blank Ballots","400","16TH CONGRESS","MT. MORRIS 4","768","11","DEMOCRATIC","0"
"71","0","OGLE","0","Under Votes","400","16TH CONGRESS","SCOTT","1979","11","DEMOCRATIC","0"
"71","0","OGLE","0","Over Votes","400","16TH CONGRESS","SCOTT","1979","11","DEMOCRATIC","0"
"71","0","OGLE","0","Blank Ballots","400","16TH CONGRESS","SCOTT","1979","11","DEMOCRATIC","0"
"71","0","OGLE","0","Under Votes","400","16TH CONGRESS","BYRON 1","1089","11","DEMOCRATIC","0"
"71","0","OGLE","0","Over Votes","400","16TH CONGRESS","BYRON 1","1089","11","DEMOCRATIC","0"
"71","0","OGLE","0","Blank Ballots","400","16TH CONGRESS","BYRON 1","1089","11","DEMOCRATIC","0"
"71","0","OGLE","0","Over Votes","400","16TH CONGRESS","MARION 1","779","11","DEMOCRATIC","0"
"71","0","OGLE","0","Blank Ballots","400","16TH CONGRESS","MARION 1","779","11","DEMOCRATIC","0"
"71","0","OGLE","0","Blank Ballots","400","16TH CONGRESS","MT. MORRIS 3","535","11","DEMOCRATIC","0"
"71","0","OGLE","0","Under Votes","400","16TH CONGRESS","MT. MORRIS 3","535","11","DEMOCRATIC","0"
"71","0","OGLE","0","Over Votes","400","16TH CONGRESS","MT. MORRIS 3","535","11","DEMOCRATIC","0"
"71","0","OGLE","0","Under Votes","400","16TH CONGRESS","ROCKVALE 2","530","11","DEMOCRATIC","0"
"71","0","OGLE","0","Over Votes","400","16TH CONGRESS","ROCKVALE 2","530","11","DEMOCRATIC","0"
"71","0","OGLE","0","Blank Ballots","400","16TH CONGRESS","ROCKVALE 2","530","11","DEMOCRATIC","0"
"71","0","OGLE","0","Blank Ballots","400","16TH CONGRESS","BYRON 2","1073","11","DEMOCRATIC","0"
"71","0","OGLE","0","Under Votes","400","16TH CONGRESS","BYRON 2","1073","11","DEMOCRATIC","0"
"71","0","OGLE","0","Over Votes","400","16TH CONGRESS","BYRON 2","1073","11","DEMOCRATIC","0"
"71","0","OGLE","0","Blank Ballots","400","16TH CONGRESS","FLAGG 3","879","11","DEMOCRATIC","0"
"71","0","OGLE","0","Under Votes","400","16TH CONGRESS","FLAGG 3","879","11","DEMOCRATIC","0"
"71","0","OGLE","0","Over Votes","400","16TH CONGRESS","FLAGG 3","879","11","DEMOCRATIC","0"
"71","0","OGLE","0","Blank Ballots","400","16TH CONGRESS","FLAGG 7","647","11","DEMOCRATIC","0"
"71","0","OGLE","0","Under Votes","400","16TH CONGRESS","FLAGG 7","647","11","DEMOCRATIC","0"
"71","0","OGLE","0","Over Votes","400","16TH CONGRESS","FLAGG 7","647","11","DEMOCRATIC","0"
"71","0","OGLE","0","Under Votes","400","16TH CONGRESS","GRAND DETOUR","478","11","DEMOCRATIC","0"
"71","0","OGLE","0","Under Votes","400","16TH CONGRESS","FLAGG 6","596","11","DEMOCRATIC","0"
"71","0","OGLE","0","Over Votes","400","16TH CONGRESS","FLAGG 6","596","11","DEMOCRATIC","0"
"71","0","OGLE","0","Blank Ballots","400","16TH CONGRESS","FLAGG 6","596","11","DEMOCRATIC","0"
"71","0","OGLE","0","Under Votes","400","16TH CONGRESS","FORRESTON 2","585","11","DEMOCRATIC","0"
"71","0","OGLE","0","Over Votes","400","16TH CONGRESS","FORRESTON 2","585","11","DEMOCRATIC","0"
"71","0","OGLE","0","Blank Ballots","400","16TH CONGRESS","FORRESTON 2","585","11","DEMOCRATIC","0"
"71","0","OGLE","0","Under Votes","400","16TH CONGRESS","MT. MORRIS 1","489","11","DEMOCRATIC","0"
"71","0","OGLE","0","Over Votes","400","16TH CONGRESS","MT. MORRIS 1","489","11","DEMOCRATIC","0"
"71","0","OGLE","0","Blank Ballots","400","16TH CONGRESS","MT. MORRIS 1","489","11","DEMOCRATIC","0"
"71","0","OGLE","0","Under Votes","400","16TH CONGRESS","OREGON-NASHUA 4","619","11","DEMOCRATIC","0"
"71","0","OGLE","0","Over Votes","400","16TH CONGRESS","OREGON-NASHUA 4","619","11","DEMOCRATIC","0"
"64","0","McLEAN","0","Over Votes","400","16TH CONGRESS","TOWANDA 01","756","12","REPUBLICAN","0"
"64","0","McLEAN","385","DARIN LaHOOD","400","16TH CONGRESS","TOWANDA 01","756","12","REPUBLICAN","37"
"64","0","McLEAN","0","Under Votes","400","16TH CONGRESS","TOWANDA 01","756","12","REPUBLICAN","3"
"64","0","McLEAN","0","Over Votes","400","16TH CONGRESS","NORMAL 18","977","12","REPUBLICAN","0"
"64","0","McLEAN","385","DARIN LaHOOD","400","16TH CONGRESS","NORMAL 18","977","12","REPUBLICAN","56"
"64","0","McLEAN","0","Under Votes","400","16TH CONGRESS","NORMAL 18","977","12","REPUBLICAN","7"
"64","0","McLEAN","0","Over Votes","400","16TH CONGRESS","NORMAL 31","99","12","REPUBLICAN","0"
"64","0","McLEAN","385","DARIN LaHOOD","400","16TH CONGRESS","NORMAL 31","99","12","REPUBLICAN","13"
"64","0","McLEAN","0","Under Votes","400","16TH CONGRESS","NORMAL 31","99","12","REPUBLICAN","0"
"64","0","McLEAN","0","Over Votes","400","16TH CONGRESS","BELLFLOWER 01","393","12","REPUBLICAN","0"
"64","0","McLEAN","385","DARIN LaHOOD","400","16TH CONGRESS","BELLFLOWER 01","393","12","REPUBLICAN","74"
"64","0","McLEAN","0","Under Votes","400","16TH CONGRESS","BELLFLOWER 01","393","12","REPUBLICAN","6"
"64","0","McLEAN","0","Over Votes","400","16TH CONGRESS","RANDOLPH 04","1063","12","REPUBLICAN","0"
"64","0","McLEAN","385","DARIN LaHOOD","400","16TH CONGRESS","RANDOLPH 04","1063","12","REPUBLICAN","131"
"64","0","McLEAN","0","Under Votes","400","16TH CONGRESS","RANDOLPH 04","1063","12","REPUBLICAN","7"
"64","0","McLEAN","0","Over Votes","400","16TH CONGRESS","NORMAL 35","642","12","REPUBLICAN","0"
"64","0","McLEAN","385","DARIN LaHOOD","400","16TH CONGRESS","NORMAL 35","642","12","REPUBLICAN","68"
"64","0","McLEAN","0","Under Votes","400","16TH CONGRESS","NORMAL 35","642","12","REPUBLICAN","8"
"64","0","McLEAN","0","Over Votes","400","16TH CONGRESS","BLUE MOUND 01","293","12","REPUBLICAN","0"
"64","0","McLEAN","385","DARIN LaHOOD","400","16TH CONGRESS","BLUE MOUND 01","293","12","REPUBLICAN","48"
"64","0","McLEAN","0","Under Votes","400","16TH CONGRESS","BLUE MOUND 01","293","12","REPUBLICAN","6"
"64","0","McLEAN","0","Over Votes","400","16TH CONGRESS","EMPIRE 01","962","12","REPUBLICAN","0"
"64","0","McLEAN","385","DARIN LaHOOD","400","16TH CONGRESS","EMPIRE 01","962","12","REPUBLICAN","162"
"64","0","McLEAN","0","Under Votes","400","16TH CONGRESS","EMPIRE 01","962","12","REPUBLICAN","11"
"64","0","McLEAN","0","Over Votes","400","16TH CONGRESS","LEXINGTON 02","898","12","REPUBLICAN","0"
"64","0","McLEAN","385","DARIN LaHOOD","400","16TH CONGRESS","LEXINGTON 02","898","12","REPUBLICAN","148"
"64","0","McLEAN","0","Under Votes","400","16TH CONGRESS","LEXINGTON 02","898","12","REPUBLICAN","17"
"64","0","McLEAN","0","Over Votes","400","16TH CONGRESS","MARTIN 01","833","12","REPUBLICAN","0"
"64","0","McLEAN","385","DARIN LaHOOD","400","16TH CONGRESS","MARTIN 01","833","12","REPUBLICAN","139"
"64","0","McLEAN","0","Under Votes","400","16TH CONGRESS","MARTIN 01","833","12","REPUBLICAN","6"
"64","0","McLEAN","0","Over Votes","400","16TH CONGRESS","WHITE OAK 01","653","12","REPUBLICAN","0"
"64","0","McLEAN","385","DARIN LaHOOD","400","16TH CONGRESS","WHITE OAK 01","653","12","REPUBLICAN","107"
"64","0","McLEAN","0","Under Votes","400","16TH CONGRESS","WHITE OAK 01","653","12","REPUBLICAN","12"
"64","0","McLEAN","0","Over Votes","400","16TH CONGRESS","YATES 01","178","12","REPUBLICAN","0"
"64","0","McLEAN","385","DARIN LaHOOD","400","16TH CONGRESS","YATES 01","178","12","REPUBLICAN","39"
"64","0","McLEAN","0","Under Votes","400","16TH CONGRESS","YATES 01","178","12","REPUBLICAN","12"
"64","0","McLEAN","0","Over Votes","400","16TH CONGRESS","NORMAL 13","1058","12","REPUBLICAN","0"
"64","0","McLEAN","385","DARIN LaHOOD","400","16TH CONGRESS","NORMAL 13","1058","12","REPUBLICAN","100"
"64","0","McLEAN","0","Under Votes","400","16TH CONGRESS","NORMAL 13","1058","12","REPUBLICAN","10"
"64","0","McLEAN","0","Over Votes","400","16TH CONGRESS","NORMAL 23","1031","12","REPUBLICAN","0"
"64","0","McLEAN","385","DARIN LaHOOD","400","16TH CONGRESS","NORMAL 23","1031","12","REPUBLICAN","33"
"64","0","McLEAN","0","Under Votes","400","16TH CONGRESS","NORMAL 23","1031","12","REPUBLICAN","3"
"87","0","STARK","0","Under Votes","400","16TH CONGRESS","GOSHEN","441","12","REPUBLICAN","7"
"90","0","TAZEWELL","0","Under Votes","400","16TH CONGRESS","GROVELAND 6","968","12","REPUBLICAN","6"
"90","0","TAZEWELL","0","Over Votes","400","16TH CONGRESS","GROVELAND 6","968","12","REPUBLICAN","0"
"90","0","TAZEWELL","0","Blank Ballots","400","16TH CONGRESS","MACKINAW 2","919","12","REPUBLICAN","0"
"90","0","TAZEWELL","0","Under Votes","400","16TH CONGRESS","MACKINAW 2","919","12","REPUBLICAN","15"
"90","0","TAZEWELL","385","DARIN LaHOOD","400","16TH CONGRESS","MACKINAW 2","919","12","REPUBLICAN","109"
"90","0","TAZEWELL","0","Over Votes","400","16TH CONGRESS","MACKINAW 2","919","12","REPUBLICAN","0"
"90","0","TAZEWELL","0","Blank Ballots","400","16TH CONGRESS","MORTON 5","994","12","REPUBLICAN","0"
"90","0","TAZEWELL","0","Under Votes","400","16TH CONGRESS","MORTON 5","994","12","REPUBLICAN","13"
"90","0","TAZEWELL","385","DARIN LaHOOD","400","16TH CONGRESS","MORTON 5","994","12","REPUBLICAN","93"
"90","0","TAZEWELL","0","Over Votes","400","16TH CONGRESS","MORTON 5","994","12","REPUBLICAN","0"
"90","0","TAZEWELL","0","Blank Ballots","400","16TH CONGRESS","WASHINGTON 1","972","12","REPUBLICAN","0"
"90","0","TAZEWELL","0","Under Votes","400","16TH CONGRESS","WASHINGTON 1","972","12","REPUBLICAN","10"
"90","0","TAZEWELL","385","DARIN LaHOOD","400","16TH CONGRESS","WASHINGTON 1","972","12","REPUBLICAN","89"
"90","0","TAZEWELL","0","Over Votes","400","16TH CONGRESS","WASHINGTON 1","972","12","REPUBLICAN","0"
"90","0","TAZEWELL","0","Blank Ballots","400","16TH CONGRESS","WASHINGTON 8","1346","12","REPUBLICAN","0"
"90","0","TAZEWELL","0","Under Votes","400","16TH CONGRESS","WASHINGTON 8","1346","12","REPUBLICAN","19"
"90","0","TAZEWELL","385","DARIN LaHOOD","400","16TH CONGRESS","WASHINGTON 8","1346","12","REPUBLICAN","137"
"90","0","TAZEWELL","0","Over Votes","400","16TH CONGRESS","WASHINGTON 8","1346","12","REPUBLICAN","0"
"90","0","TAZEWELL","0","Blank Ballots","400","16TH CONGRESS","PEKIN 5","1130","12","REPUBLICAN","0"
"90","0","TAZEWELL","0","Under Votes","400","16TH CONGRESS","PEKIN 5","1130","12","REPUBLICAN","9"
"90","0","TAZEWELL","385","DARIN LaHOOD","400","16TH CONGRESS","PEKIN 5","1130","12","REPUBLICAN","60"
"90","0","TAZEWELL","0","Over Votes","400","16TH CONGRESS","PEKIN 5","1130","12","REPUBLICAN","0"
"90","0","TAZEWELL","0","Blank Ballots","400","16TH CONGRESS","PEKIN 12","1283","12","REPUBLICAN","0"
"90","0","TAZEWELL","0","Under Votes","400","16TH CONGRESS","PEKIN 12","1283","12","REPUBLICAN","11"
"90","0","TAZEWELL","385","DARIN LaHOOD","400","16TH CONGRESS","PEKIN 12","1283","12","REPUBLICAN","78"
"90","0","TAZEWELL","0","Over Votes","400","16TH CONGRESS","PEKIN 12","1283","12","REPUBLICAN","0"
"90","0","TAZEWELL","0","Under Votes","400","16TH CONGRESS","WASHINGTON 7","763","12","REPUBLICAN","18"
"90","0","TAZEWELL","385","DARIN LaHOOD","400","16TH CONGRESS","WASHINGTON 7","763","12","REPUBLICAN","103"
"90","0","TAZEWELL","0","Over Votes","400","16TH CONGRESS","WASHINGTON 7","763","12","REPUBLICAN","0"
"90","0","TAZEWELL","0","Blank Ballots","400","16TH CONGRESS","PEKIN 4","1308","12","REPUBLICAN","0"
"90","0","TAZEWELL","0","Under Votes","400","16TH CONGRESS","PEKIN 4","1308","12","REPUBLICAN","2"
"90","0","TAZEWELL","385","DARIN LaHOOD","400","16TH CONGRESS","PEKIN 4","1308","12","REPUBLICAN","53"
"90","0","TAZEWELL","0","Over Votes","400","16TH CONGRESS","PEKIN 4","1308","12","REPUBLICAN","0"
"90","0","TAZEWELL","0","Blank Ballots","400","16TH CONGRESS","PEKIN 11","1178","12","REPUBLICAN","0"
"90","0","TAZEWELL","0","Under Votes","400","16TH CONGRESS","PEKIN 11","1178","12","REPUBLICAN","13"
"90","0","TAZEWELL","385","DARIN LaHOOD","400","16TH CONGRESS","PEKIN 11","1178","12","REPUBLICAN","66"
"90","0","TAZEWELL","0","Over Votes","400","16TH CONGRESS","PEKIN 11","1178","12","REPUBLICAN","0"
"90","0","TAZEWELL","0","Blank Ballots","400","16TH CONGRESS","PEKIN 16","1256","12","REPUBLICAN","0"
"90","0","TAZEWELL","0","Under Votes","400","16TH CONGRESS","PEKIN 16","1256","12","REPUBLICAN","9"
"90","0","TAZEWELL","385","DARIN LaHOOD","400","16TH CONGRESS","PEKIN 16","1256","12","REPUBLICAN","90"
"90","0","TAZEWELL","0","Over Votes","400","16TH CONGRESS","PEKIN 16","1256","12","REPUBLICAN","0"
"90","0","TAZEWELL","0","Blank Ballots","400","16TH CONGRESS","DEER CREEK","980","12","REPUBLICAN","0"
"90","0","TAZEWELL","0","Under Votes","400","16TH CONGRESS","DEER CREEK","980","12","REPUBLICAN","19"
"72","0","PEORIA","385","DARIN LaHOOD","400","16TH CONGRESS","CH05 - 7","0","12","","63"
"72","0","PEORIA","0","Under Votes","400","16TH CONGRESS","PE44 - 123","0","12","","1"
"72","0","PEORIA","385","DARIN LaHOOD","400","16TH CONGRESS","PE44 - 123","0","12","","12"
"72","0","PEORIA","0","Over Votes","400","16TH CONGRESS","PE44 - 123","0","12","","0"
"72","0","PEORIA","0","Over Votes","400","16TH CONGRESS","PE47 - 129","0","12","","0"
"72","0","PEORIA","0","Under Votes","400","16TH CONGRESS","PE47 - 129","0","12","","1"
"72","0","PEORIA","385","DARIN LaHOOD","400","16TH CONGRESS","PE47 - 129","0","12","","18"
"72","0","PEORIA","0","Over Votes","400","16TH CONGRESS","PE48 - 132","0","12","","0"
"72","0","PEORIA","0","Under Votes","400","16TH CONGRESS","PE48 - 132","0","12","","11"
"72","0","PEORIA","385","DARIN LaHOOD","400","16TH CONGRESS","PE48 - 132","0","12","","39"
"72","0","PEORIA","0","Over Votes","400","16TH CONGRESS","PE57 - 155","0","12","","0"
"72","0","PEORIA","0","Under Votes","400","16TH CONGRESS","PE57 - 155","0","12","","18"
"72","0","PEORIA","385","DARIN LaHOOD","400","16TH CONGRESS","PE57 - 155","0","12","","104"
"72","0","PEORIA","0","Under Votes","400","16TH CONGRESS","PE59 - 158","0","12","","23"
"72","0","PEORIA","385","DARIN LaHOOD","400","16TH CONGRESS","PE59 - 158","0","12","","73"
"72","0","PEORIA","0","Over Votes","400","16TH CONGRESS","PE59 - 158","0","12","","0"
"72","0","PEORIA","0","Under Votes","400","16TH CONGRESS","PE61 - 161","0","12","","16"
"72","0","PEORIA","385","DARIN LaHOOD","400","16TH CONGRESS","PE61 - 161","0","12","","92"
"72","0","PEORIA","0","Over Votes","400","16TH CONGRESS","PE61 - 161","0","12","","0"
"72","0","PEORIA","0","Under Votes","400","16TH CONGRESS","RO01 - 184","0","12","","6"
"72","0","PEORIA","385","DARIN LaHOOD","400","16TH CONGRESS","RO01 - 184","0","12","","58"
"72","0","PEORIA","0","Over Votes","400","16TH CONGRESS","RO01 - 184","0","12","","0"
"72","0","PEORIA","0","Under Votes","400","16TH CONGRESS","BR01 - 2","0","12","","14"
"72","0","PEORIA","385","DARIN LaHOOD","400","16TH CONGRESS","BR01 - 2","0","12","","55"
"72","0","PEORIA","0","Over Votes","400","16TH CONGRESS","BR01 - 2","0","12","","0"
"72","0","PEORIA","0","Under Votes","400","16TH CONGRESS","KI02 - 25","0","12","","13"
"72","0","PEORIA","0","Over Votes","400","16TH CONGRESS","KI02 - 25","0","12","","0"
"72","0","PEORIA","385","DARIN LaHOOD","400","16TH CONGRESS","KI02 - 25","0","12","","65"
"72","0","PEORIA","0","Under Votes","400","16TH CONGRESS","LI01 - 28","0","12","","2"
"72","0","PEORIA","385","DARIN LaHOOD","400","16TH CONGRESS","LI01 - 28","0","12","","10"
"72","0","PEORIA","0","Over Votes","400","16TH CONGRESS","LI01 - 28","0","12","","0"
"72","0","PEORIA","0","Under Votes","400","16TH CONGRESS","LI02 - 31","0","12","","2"
"72","0","PEORIA","385","DARIN LaHOOD","400","16TH CONGRESS","LI02 - 31","0","12","","1"
"72","0","PEORIA","0","Over Votes","400","16TH CONGRESS","LI02 - 31","0","12","","0"
"72","0","PEORIA","0","Under Votes","400","16TH CONGRESS","ME01 - 54","0","12","","1"
"72","0","PEORIA","0","Over Votes","400","16TH CONGRESS","ME01 - 54","0","12","","0"
"72","0","PEORIA","385","DARIN LaHOOD","400","16TH CONGRESS","ME01 - 54","0","12","","1"
"72","0","PEORIA","0","Under Votes","400","16TH CONGRESS","ME03 - 57","0","12","","28"
"72","0","PEORIA","385","DARIN LaHOOD","400","16TH CONGRESS","ME03 - 57","0","12","","98"
"72","0","PEORIA","0","Over Votes","400","16TH CONGRESS","ME03 - 57","0","12","","0"
"72","0","PEORIA","0","Under Votes","400","16TH CONGRESS","MI01 - 60","0","12","","6"
"72","0","PEORIA","385","DARIN LaHOOD","400","16TH CONGRESS","MI01 - 60","0","12","","20"
"72","0","PEORIA","0","Over Votes","400","16TH CONGRESS","MI01 - 60","0","12","","0"
"72","0","PEORIA","0","Under Votes","400","16TH CONGRESS","PE45 - 124","0","12","","1"
"72","0","PEORIA","385","DARIN LaHOOD","400","16TH CONGRESS","PE45 - 124","0","12","","4"
"72","0","PEORIA","0","Over Votes","400","16TH CONGRESS","PE45 - 124","0","12","","0"
"72","0","PEORIA","0","Under Votes","400","16TH CONGRESS","PE52 - 144","0","12","","0"
"72","0","PEORIA","0","Over Votes","400","16TH CONGRESS","PE52 - 144","0","12","","0"
"72","0","PEORIA","385","DARIN LaHOOD","400","16TH CONGRESS","PE52 - 144","0","12","","2"
"53","0","LIVINGSTON","0","Over Votes","400","16TH CONGRESS","EPPARDS POINT","223","11","DEMOCRATIC","0"
"53","0","LIVINGSTON","0","Under Votes","400","16TH CONGRESS","EPPARDS POINT","223","11","DEMOCRATIC","0"
"53","0","LIVINGSTON","0","Blank Ballots","400","16TH CONGRESS","ROOKS CREEK","416","11","DEMOCRATIC","0"
"53","0","LIVINGSTON","0","Over Votes","400","16TH CONGRESS","ROOKS CREEK","416","11","DEMOCRATIC","0"
"53","0","LIVINGSTON","0","Under Votes","400","16TH CONGRESS","ROOKS CREEK","416","11","DEMOCRATIC","0"
"53","0","LIVINGSTON","0","Blank Ballots","400","16TH CONGRESS","WALDO","189","11","DEMOCRATIC","0"
"53","0","LIVINGSTON","0","Over Votes","400","16TH CONGRESS","WALDO","189","11","DEMOCRATIC","0"
"53","0","LIVINGSTON","0","Under Votes","400","16TH CONGRESS","WALDO","189","11","DEMOCRATIC","0"
"53","0","LIVINGSTON","0","Blank Ballots","400","16TH CONGRESS","PONTIAC 9","802","11","DEMOCRATIC","0"
"53","0","LIVINGSTON","0","Over Votes","400","16TH CONGRESS","PONTIAC 9","802","11","DEMOCRATIC","0"
"53","0","LIVINGSTON","0","Under Votes","400","16TH CONGRESS","PONTIAC 9","802","11","DEMOCRATIC","0"
"6","0","BUREAU","0","Blank Ballots","400","16TH CONGRESS","ARISPIE","522","11","DEMOCRATIC","0"
"6","0","BUREAU","0","Under Votes","400","16TH CONGRESS","ARISPIE","522","11","DEMOCRATIC","0"
"6","0","BUREAU","0","Over Votes","400","16TH CONGRESS","ARISPIE","522","11","DEMOCRATIC","0"
"6","0","BUREAU","0","Blank Ballots","400","16TH CONGRESS","OHIO 1","382","11","DEMOCRATIC","0"
"6","0","BUREAU","0","Under Votes","400","16TH CONGRESS","OHIO 1","382","11","DEMOCRATIC","0"
"6","0","BUREAU","0","Over Votes","400","16TH CONGRESS","OHIO 1","382","11","DEMOCRATIC","0"
"6","0","BUREAU","0","Blank Ballots","400","16TH CONGRESS","PRINCETON 6","783","11","DEMOCRATIC","0"
"6","0","BUREAU","0","Under Votes","400","16TH CONGRESS","PRINCETON 6","783","11","DEMOCRATIC","0"
"6","0","BUREAU","0","Over Votes","400","16TH CONGRESS","PRINCETON 6","783","11","DEMOCRATIC","0"
"6","0","BUREAU","0","Blank Ballots","400","16TH CONGRESS","WALNUT 1","600","11","DEMOCRATIC","0"
"6","0","BUREAU","0","Under Votes","400","16TH CONGRESS","WALNUT 1","600","11","DEMOCRATIC","0"
"6","0","BUREAU","0","Over Votes","400","16TH CONGRESS","WALNUT 1","600","11","DEMOCRATIC","0"
"6","0","BUREAU","0","Blank Ballots","400","16TH CONGRESS","WHEATLAND","94","11","DEMOCRATIC","0"
"6","0","BUREAU","0","Under Votes","400","16TH CONGRESS","WHEATLAND","94","11","DEMOCRATIC","0"
"6","0","BUREAU","0","Over Votes","400","16TH CONGRESS","WHEATLAND","94","11","DEMOCRATIC","0"
"6","0","BUREAU","0","Under Votes","400","16TH CONGRESS","BERLIN","476","11","DEMOCRATIC","0"
"6","0","BUREAU","0","Over Votes","400","16TH CONGRESS","BERLIN","476","11","DEMOCRATIC","0"
"6","0","BUREAU","0","Blank Ballots","400","16TH CONGRESS","BERLIN","476","11","DEMOCRATIC","0"
"6","0","BUREAU","0","Blank Ballots","400","16TH CONGRESS","GOLD","124","11","DEMOCRATIC","0"
"6","0","BUREAU","0","Under Votes","400","16TH CONGRESS","GOLD","124","11","DEMOCRATIC","0"
"6","0","BUREAU","0","Over Votes","400","16TH CONGRESS","GOLD","124","11","DEMOCRATIC","0"
"6","0","BUREAU","0","Blank Ballots","400","16TH CONGRESS","MILO","137","11","DEMOCRATIC","0"
"6","0","BUREAU","0","Under Votes","400","16TH CONGRESS","MILO","137","11","DEMOCRATIC","0"
"6","0","BUREAU","0","Over Votes","400","16TH CONGRESS","MILO","137","11","DEMOCRATIC","0"
"6","0","BUREAU","0","Blank Ballots","400","16TH CONGRESS","CLARION","244","11","DEMOCRATIC","0"
"6","0","BUREAU","0","Under Votes","400","16TH CONGRESS","CLARION","244","11","DEMOCRATIC","0"
"6","0","BUREAU","0","Over Votes","400","16TH CONGRESS","CLARION","244","11","DEMOCRATIC","0"
"6","0","BUREAU","0","Blank Ballots","400","16TH CONGRESS","FAIRFIELD","136","11","DEMOCRATIC","0"
"6","0","BUREAU","0","Under Votes","400","16TH CONGRESS","FAIRFIELD","136","11","DEMOCRATIC","0"
"6","0","BUREAU","0","Over Votes","400","16TH CONGRESS","FAIRFIELD","136","11","DEMOCRATIC","0"
"6","0","BUREAU","0","Blank Ballots","400","16TH CONGRESS","LA MOILLE 1","542","11","DEMOCRATIC","0"
"6","0","BUREAU","0","Under Votes","400","16TH CONGRESS","LA MOILLE 1","542","11","DEMOCRATIC","0"
"6","0","BUREAU","0","Over Votes","400","16TH CONGRESS","LA MOILLE 1","542","11","DEMOCRATIC","0"
"6","0","BUREAU","0","Blank Ballots","400","16TH CONGRESS","MANLIUS","397","11","DEMOCRATIC","0"
"90","0","TAZEWELL","385","DARIN LaHOOD","400","16TH CONGRESS","DEER CREEK","980","12","REPUBLICAN","153"
"90","0","TAZEWELL","0","Over Votes","400","16TH CONGRESS","DEER CREEK","980","12","REPUBLICAN","0"
"90","0","TAZEWELL","0","Blank Ballots","400","16TH CONGRESS","FONDULAC 3","1190","12","REPUBLICAN","0"
"90","0","TAZEWELL","0","Under Votes","400","16TH CONGRESS","FONDULAC 3","1190","12","REPUBLICAN","8"
"90","0","TAZEWELL","385","DARIN LaHOOD","400","16TH CONGRESS","FONDULAC 3","1190","12","REPUBLICAN","100"
"90","0","TAZEWELL","0","Over Votes","400","16TH CONGRESS","FONDULAC 3","1190","12","REPUBLICAN","0"
"90","0","TAZEWELL","0","Blank Ballots","400","16TH CONGRESS","FONDULAC 7","1313","12","REPUBLICAN","0"
"90","0","TAZEWELL","0","Under Votes","400","16TH CONGRESS","FONDULAC 7","1313","12","REPUBLICAN","13"
"90","0","TAZEWELL","385","DARIN LaHOOD","400","16TH CONGRESS","FONDULAC 7","1313","12","REPUBLICAN","105"
"90","0","TAZEWELL","0","Over Votes","400","16TH CONGRESS","FONDULAC 7","1313","12","REPUBLICAN","0"
"90","0","TAZEWELL","0","Blank Ballots","400","16TH CONGRESS","GROVELAND 7","882","12","REPUBLICAN","0"
"90","0","TAZEWELL","0","Under Votes","400","16TH CONGRESS","GROVELAND 7","882","12","REPUBLICAN","13"
"90","0","TAZEWELL","385","DARIN LaHOOD","400","16TH CONGRESS","GROVELAND 7","882","12","REPUBLICAN","59"
"90","0","TAZEWELL","0","Over Votes","400","16TH CONGRESS","GROVELAND 7","882","12","REPUBLICAN","0"
"90","0","TAZEWELL","0","Blank Ballots","400","16TH CONGRESS","HOPEDALE 1","1318","12","REPUBLICAN","0"
"90","0","TAZEWELL","0","Under Votes","400","16TH CONGRESS","HOPEDALE 1","1318","12","REPUBLICAN","24"
"90","0","TAZEWELL","385","DARIN LaHOOD","400","16TH CONGRESS","HOPEDALE 1","1318","12","REPUBLICAN","258"
"90","0","TAZEWELL","0","Over Votes","400","16TH CONGRESS","HOPEDALE 1","1318","12","REPUBLICAN","0"
"90","0","TAZEWELL","0","Blank Ballots","400","16TH CONGRESS","MACKINAW 3","1020","12","REPUBLICAN","0"
"90","0","TAZEWELL","0","Under Votes","400","16TH CONGRESS","MACKINAW 3","1020","12","REPUBLICAN","9"
"90","0","TAZEWELL","385","DARIN LaHOOD","400","16TH CONGRESS","MACKINAW 3","1020","12","REPUBLICAN","99"
"90","0","TAZEWELL","0","Over Votes","400","16TH CONGRESS","MACKINAW 3","1020","12","REPUBLICAN","0"
"90","0","TAZEWELL","0","Blank Ballots","400","16TH CONGRESS","MORTON 6","1048","12","REPUBLICAN","0"
"90","0","TAZEWELL","0","Under Votes","400","16TH CONGRESS","MORTON 6","1048","12","REPUBLICAN","14"
"90","0","TAZEWELL","385","DARIN LaHOOD","400","16TH CONGRESS","MORTON 6","1048","12","REPUBLICAN","118"
"90","0","TAZEWELL","0","Over Votes","400","16TH CONGRESS","MORTON 6","1048","12","REPUBLICAN","0"
"90","0","TAZEWELL","0","Blank Ballots","400","16TH CONGRESS","WASHINGTON 2","1224","12","REPUBLICAN","0"
"90","0","TAZEWELL","0","Under Votes","400","16TH CONGRESS","WASHINGTON 2","1224","12","REPUBLICAN","18"
"90","0","TAZEWELL","385","DARIN LaHOOD","400","16TH CONGRESS","WASHINGTON 2","1224","12","REPUBLICAN","147"
"90","0","TAZEWELL","0","Over Votes","400","16TH CONGRESS","WASHINGTON 2","1224","12","REPUBLICAN","0"
"90","0","TAZEWELL","0","Blank Ballots","400","16TH CONGRESS","WASHINGTON 9","1425","12","REPUBLICAN","0"
"90","0","TAZEWELL","0","Under Votes","400","16TH CONGRESS","WASHINGTON 9","1425","12","REPUBLICAN","15"
"90","0","TAZEWELL","385","DARIN LaHOOD","400","16TH CONGRESS","WASHINGTON 9","1425","12","REPUBLICAN","143"
"90","0","TAZEWELL","0","Over Votes","400","16TH CONGRESS","WASHINGTON 9","1425","12","REPUBLICAN","0"
"90","0","TAZEWELL","0","Blank Ballots","400","16TH CONGRESS","PEKIN 2","1111","12","REPUBLICAN","0"
"90","0","TAZEWELL","0","Under Votes","400","16TH CONGRESS","PEKIN 2","1111","12","REPUBLICAN","9"
"90","0","TAZEWELL","385","DARIN LaHOOD","400","16TH CONGRESS","PEKIN 2","1111","12","REPUBLICAN","98"
"90","0","TAZEWELL","0","Over Votes","400","16TH CONGRESS","PEKIN 2","1111","12","REPUBLICAN","0"
"90","0","TAZEWELL","0","Blank Ballots","400","16TH CONGRESS","PEKIN 13","915","12","REPUBLICAN","0"
"90","0","TAZEWELL","385","DARIN LaHOOD","400","16TH CONGRESS","PEKIN 13","915","12","REPUBLICAN","4"
"90","0","TAZEWELL","0","Over Votes","400","16TH CONGRESS","PEKIN 13","915","12","REPUBLICAN","0"
"90","0","TAZEWELL","0","Under Votes","400","16TH CONGRESS","PEKIN 13","915","12","REPUBLICAN","0"
"71","0","OGLE","0","Blank Ballots","400","16TH CONGRESS","OREGON-NASHUA 4","619","11","DEMOCRATIC","0"
"71","0","OGLE","0","Under Votes","400","16TH CONGRESS","OREGON-NASHUA 6","654","11","DEMOCRATIC","0"
"71","0","OGLE","0","Over Votes","400","16TH CONGRESS","OREGON-NASHUA 6","654","11","DEMOCRATIC","0"
"71","0","OGLE","0","Blank Ballots","400","16TH CONGRESS","WHITE ROCK","477","11","DEMOCRATIC","0"
"71","0","OGLE","0","Under Votes","400","16TH CONGRESS","WHITE ROCK","477","11","DEMOCRATIC","0"
"71","0","OGLE","0","Over Votes","400","16TH CONGRESS","WHITE ROCK","477","11","DEMOCRATIC","0"
"71","0","OGLE","0","Under Votes","400","16TH CONGRESS","BUFFALO 3","590","11","DEMOCRATIC","0"
"71","0","OGLE","0","Over Votes","400","16TH CONGRESS","BUFFALO 3","590","11","DEMOCRATIC","0"
"71","0","OGLE","0","Blank Ballots","400","16TH CONGRESS","BUFFALO 3","590","11","DEMOCRATIC","0"
"71","0","OGLE","0","Under Votes","400","16TH CONGRESS","FLAGG 1","544","11","DEMOCRATIC","0"
"71","0","OGLE","0","Over Votes","400","16TH CONGRESS","FLAGG 1","544","11","DEMOCRATIC","0"
"71","0","OGLE","0","Blank Ballots","400","16TH CONGRESS","FLAGG 1","544","11","DEMOCRATIC","0"
"71","0","OGLE","0","Under Votes","400","16TH CONGRESS","FLAGG 8","869","11","DEMOCRATIC","0"
"71","0","OGLE","0","Over Votes","400","16TH CONGRESS","FLAGG 8","869","11","DEMOCRATIC","0"
"71","0","OGLE","0","Blank Ballots","400","16TH CONGRESS","FLAGG 8","869","11","DEMOCRATIC","0"
"71","0","OGLE","0","Under Votes","400","16TH CONGRESS","MARION 1","779","11","DEMOCRATIC","0"
"71","0","OGLE","0","Under Votes","400","16TH CONGRESS","BYRON 3","942","11","DEMOCRATIC","0"
"71","0","OGLE","0","Over Votes","400","16TH CONGRESS","BYRON 3","942","11","DEMOCRATIC","0"
"71","0","OGLE","0","Blank Ballots","400","16TH CONGRESS","BYRON 3","942","11","DEMOCRATIC","0"
"71","0","OGLE","0","Under Votes","400","16TH CONGRESS","FLAGG 4","1027","11","DEMOCRATIC","0"
"71","0","OGLE","0","Over Votes","400","16TH CONGRESS","FLAGG 4","1027","11","DEMOCRATIC","0"
"71","0","OGLE","0","Blank Ballots","400","16TH CONGRESS","FLAGG 4","1027","11","DEMOCRATIC","0"
"71","0","OGLE","0","Blank Ballots","400","16TH CONGRESS","LAFAYETTE","103","11","DEMOCRATIC","0"
"71","0","OGLE","0","Under Votes","400","16TH CONGRESS","LAFAYETTE","103","11","DEMOCRATIC","0"
"71","0","OGLE","0","Over Votes","400","16TH CONGRESS","LAFAYETTE","103","11","DEMOCRATIC","0"
"71","0","OGLE","0","Blank Ballots","400","16TH CONGRESS","MARYLAND","357","11","DEMOCRATIC","0"
"71","0","OGLE","0","Under Votes","400","16TH CONGRESS","MARYLAND","357","11","DEMOCRATIC","0"
"71","0","OGLE","0","Over Votes","400","16TH CONGRESS","MARYLAND","357","11","DEMOCRATIC","0"
"71","0","OGLE","0","Blank Ballots","400","16TH CONGRESS","OREGON-NASHUA 6","654","11","DEMOCRATIC","0"
"71","0","OGLE","0","Under Votes","400","16TH CONGRESS","BYRON 4","1079","11","DEMOCRATIC","0"
"71","0","OGLE","0","Over Votes","400","16TH CONGRESS","BYRON 4","1079","11","DEMOCRATIC","0"
"71","0","OGLE","0","Blank Ballots","400","16TH CONGRESS","BYRON 4","1079","11","DEMOCRATIC","0"
"71","0","OGLE","0","Under Votes","400","16TH CONGRESS","FLAGG 5","893","11","DEMOCRATIC","0"
"71","0","OGLE","0","Over Votes","400","16TH CONGRESS","FLAGG 5","893","11","DEMOCRATIC","0"
"71","0","OGLE","0","Blank Ballots","400","16TH CONGRESS","FLAGG 5","893","11","DEMOCRATIC","0"
"71","0","OGLE","0","Over Votes","400","16TH CONGRESS","FORRESTON 1","622","11","DEMOCRATIC","0"
"71","0","OGLE","0","Under Votes","400","16TH CONGRESS","FORRESTON 1","622","11","DEMOCRATIC","0"
"71","0","OGLE","0","Blank Ballots","400","16TH CONGRESS","FORRESTON 1","622","11","DEMOCRATIC","0"
"71","0","OGLE","0","Under Votes","400","16TH CONGRESS","LEAF RIVER","723","11","DEMOCRATIC","0"
"71","0","OGLE","0","Over Votes","400","16TH CONGRESS","LEAF RIVER","723","11","DEMOCRATIC","0"
"71","0","OGLE","0","Blank Ballots","400","16TH CONGRESS","LEAF RIVER","723","11","DEMOCRATIC","0"
"71","0","OGLE","0","Under Votes","400","16TH CONGRESS","MONROE","1030","11","DEMOCRATIC","0"
"71","0","OGLE","0","Over Votes","400","16TH CONGRESS","MONROE","1030","11","DEMOCRATIC","0"
"71","0","OGLE","0","Blank Ballots","400","16TH CONGRESS","MONROE","1030","11","DEMOCRATIC","0"
"71","0","OGLE","0","Under Votes","400","16TH CONGRESS","OREGON-NASHUA 3","449","11","DEMOCRATIC","0"
"71","0","OGLE","0","Over Votes","400","16TH CONGRESS","OREGON-NASHUA 3","449","11","DEMOCRATIC","0"
"71","0","OGLE","0","Blank Ballots","400","16TH CONGRESS","OREGON-NASHUA 3","449","11","DEMOCRATIC","0"
"71","0","OGLE","0","Under Votes","400","16TH CONGRESS","PINE CREEK","501","11","DEMOCRATIC","0"
"71","0","OGLE","0","Over Votes","400","16TH CONGRESS","PINE CREEK","501","11","DEMOCRATIC","0"
"71","0","OGLE","0","Blank Ballots","400","16TH CONGRESS","PINE CREEK","501","11","DEMOCRATIC","0"
"71","0","OGLE","0","Under Votes","400","16TH CONGRESS","WOOSUNG","250","11","DEMOCRATIC","0"
"71","0","OGLE","0","Over Votes","400","16TH CONGRESS","WOOSUNG","250","11","DEMOCRATIC","0"
"71","0","OGLE","0","Blank Ballots","400","16TH CONGRESS","WOOSUNG","250","11","DEMOCRATIC","0"
"71","0","OGLE","0","Under Votes","400","16TH CONGRESS","BROOKVILLE","155","11","DEMOCRATIC","0"
"71","0","OGLE","0","Over Votes","400","16TH CONGRESS","BROOKVILLE","155","11","DEMOCRATIC","0"
"71","0","OGLE","0","Blank Ballots","400","16TH CONGRESS","BROOKVILLE","155","11","DEMOCRATIC","0"
"71","0","OGLE","0","Under Votes","400","16TH CONGRESS","FLAGG 2","506","11","DEMOCRATIC","0"
"4","0","BOONE","0","Over Votes","400","16TH CONGRESS","BELVIDERE 15","351","11","DEMOCRATIC","0"
"4","0","BOONE","0","Blank Ballots","400","16TH CONGRESS","BELVIDERE 15","351","11","DEMOCRATIC","0"
"4","0","BOONE","0","Under Votes","400","16TH CONGRESS","BELVIDERE 15","351","11","DEMOCRATIC","0"
"4","0","BOONE","0","Over Votes","400","16TH CONGRESS","CALEDONIA 1","206","11","DEMOCRATIC","0"
"4","0","BOONE","0","Blank Ballots","400","16TH CONGRESS","CALEDONIA 1","206","11","DEMOCRATIC","0"
"4","0","BOONE","0","Under Votes","400","16TH CONGRESS","CALEDONIA 1","206","11","DEMOCRATIC","0"
"4","0","BOONE","0","Over Votes","400","16TH CONGRESS","POPLAR GROVE 1","161","11","DEMOCRATIC","0"
"4","0","BOONE","0","Blank Ballots","400","16TH CONGRESS","POPLAR GROVE 1","161","11","DEMOCRATIC","0"
"4","0","BOONE","0","Under Votes","400","16TH CONGRESS","POPLAR GROVE 1","161","11","DEMOCRATIC","0"
"4","0","BOONE","0","Over Votes","400","16TH CONGRESS","BELVIDERE 16","1477","11","DEMOCRATIC","0"
"4","0","BOONE","0","Blank Ballots","400","16TH CONGRESS","BELVIDERE 16","1477","11","DEMOCRATIC","0"
"4","0","BOONE","0","Under Votes","400","16TH CONGRESS","BELVIDERE 16","1477","11","DEMOCRATIC","0"
"4","0","BOONE","0","Over Votes","400","16TH CONGRESS","CALEDONIA 2","1357","11","DEMOCRATIC","0"
"4","0","BOONE","0","Blank Ballots","400","16TH CONGRESS","CALEDONIA 2","1357","11","DEMOCRATIC","0"
"4","0","BOONE","0","Under Votes","400","16TH CONGRESS","CALEDONIA 2","1357","11","DEMOCRATIC","0"
"4","0","BOONE","0","Over Votes","400","16TH CONGRESS","BELVIDERE 14","1464","11","DEMOCRATIC","0"
"4","0","BOONE","0","Blank Ballots","400","16TH CONGRESS","BELVIDERE 14","1464","11","DEMOCRATIC","0"
"4","0","BOONE","0","Under Votes","400","16TH CONGRESS","BELVIDERE 14","1464","11","DEMOCRATIC","0"
"4","0","BOONE","0","Over Votes","400","16TH CONGRESS","LE ROY","335","11","DEMOCRATIC","0"
"4","0","BOONE","0","Blank Ballots","400","16TH CONGRESS","LE ROY","335","11","DEMOCRATIC","0"
"4","0","BOONE","0","Under Votes","400","16TH CONGRESS","LE ROY","335","11","DEMOCRATIC","0"
"4","0","BOONE","0","Over Votes","400","16TH CONGRESS","FLORA 2","523","11","DEMOCRATIC","0"
"4","0","BOONE","0","Blank Ballots","400","16TH CONGRESS","FLORA 2","523","11","DEMOCRATIC","0"
"4","0","BOONE","0","Under Votes","400","16TH CONGRESS","FLORA 2","523","11","DEMOCRATIC","0"
"4","0","BOONE","0","Over Votes","400","16TH CONGRESS","MANCHESTER","655","11","DEMOCRATIC","0"
"4","0","BOONE","0","Blank Ballots","400","16TH CONGRESS","MANCHESTER","655","11","DEMOCRATIC","0"
"4","0","BOONE","0","Under Votes","400","16TH CONGRESS","MANCHESTER","655","11","DEMOCRATIC","0"
"4","0","BOONE","0","Over Votes","400","16TH CONGRESS","POPLAR GROVE 2","1449","11","DEMOCRATIC","0"
"4","0","BOONE","0","Blank Ballots","400","16TH CONGRESS","POPLAR GROVE 2","1449","11","DEMOCRATIC","0"
"4","0","BOONE","0","Under Votes","400","16TH CONGRESS","POPLAR GROVE 2","1449","11","DEMOCRATIC","0"
"4","0","BOONE","0","Over Votes","400","16TH CONGRESS","FLORA 1","1072","11","DEMOCRATIC","0"
"4","0","BOONE","0","Blank Ballots","400","16TH CONGRESS","FLORA 1","1072","11","DEMOCRATIC","0"
"87","0","STARK","385","DARIN LaHOOD","400","16TH CONGRESS","GOSHEN","441","12","REPUBLICAN","52"
"87","0","STARK","0","Over Votes","400","16TH CONGRESS","GOSHEN","441","12","REPUBLICAN","0"
"87","0","STARK","0","Under Votes","400","16TH CONGRESS","PENN","196","12","REPUBLICAN","3"
"87","0","STARK","385","DARIN LaHOOD","400","16TH CONGRESS","PENN","196","12","REPUBLICAN","25"
"87","0","STARK","0","Over Votes","400","16TH CONGRESS","PENN","196","12","REPUBLICAN","0"
"87","0","STARK","0","Under Votes","400","16TH CONGRESS","VALLEY","174","12","REPUBLICAN","6"
"87","0","STARK","385","DARIN LaHOOD","400","16TH CONGRESS","VALLEY","174","12","REPUBLICAN","38"
"87","0","STARK","0","Over Votes","400","16TH CONGRESS","VALLEY","174","12","REPUBLICAN","0"
"87","0","STARK","0","Under Votes","400","16TH CONGRESS","ELMIRA","220","12","REPUBLICAN","3"
"87","0","STARK","385","DARIN LaHOOD","400","16TH CONGRESS","ELMIRA","220","12","REPUBLICAN","25"
"87","0","STARK","0","Over Votes","400","16TH CONGRESS","ELMIRA","220","12","REPUBLICAN","0"
"87","0","STARK","0","Under Votes","400","16TH CONGRESS","OSCEOLA","612","12","REPUBLICAN","10"
"87","0","STARK","385","DARIN LaHOOD","400","16TH CONGRESS","OSCEOLA","612","12","REPUBLICAN","72"
"87","0","STARK","0","Over Votes","400","16TH CONGRESS","OSCEOLA","612","12","REPUBLICAN","0"
"87","0","STARK","0","Under Votes","400","16TH CONGRESS","EAST TOULON","768","12","REPUBLICAN","10"
"87","0","STARK","385","DARIN LaHOOD","400","16TH CONGRESS","EAST TOULON","768","12","REPUBLICAN","82"
"87","0","STARK","0","Over Votes","400","16TH CONGRESS","EAST TOULON","768","12","REPUBLICAN","0"
"87","0","STARK","0","Under Votes","400","16TH CONGRESS","WEST TOULON","696","12","REPUBLICAN","15"
"87","0","STARK","385","DARIN LaHOOD","400","16TH CONGRESS","WEST TOULON","696","12","REPUBLICAN","85"
"87","0","STARK","0","Over Votes","400","16TH CONGRESS","WEST TOULON","696","12","REPUBLICAN","0"
"87","0","STARK","0","Under Votes","400","16TH CONGRESS","WEST JERSEY","172","12","REPUBLICAN","3"
"87","0","STARK","385","DARIN LaHOOD","400","16TH CONGRESS","WEST JERSEY","172","12","REPUBLICAN","29"
"87","0","STARK","0","Over Votes","400","16TH CONGRESS","WEST JERSEY","172","12","REPUBLICAN","0"
"87","0","STARK","0","Under Votes","400","16TH CONGRESS","ESSEX","398","12","REPUBLICAN","6"
"87","0","STARK","385","DARIN LaHOOD","400","16TH CONGRESS","ESSEX","398","12","REPUBLICAN","37"
"87","0","STARK","0","Over Votes","400","16TH CONGRESS","ESSEX","398","12","REPUBLICAN","0"
"52","0","LEE","0","Over Votes","400","16TH CONGRESS","DIXON 1","418","12","REPUBLICAN","0"
"52","0","LEE","0","Under Votes","400","16TH CONGRESS","DIXON 1","418","12","REPUBLICAN","15"
"52","0","LEE","0","Blank Ballots","400","16TH CONGRESS","DIXON 1","418","12","REPUBLICAN","0"
"52","0","LEE","385","DARIN LaHOOD","400","16TH CONGRESS","DIXON 1","418","12","REPUBLICAN","102"
"52","0","LEE","0","Over Votes","400","16TH CONGRESS","DIXON 8","565","12","REPUBLICAN","0"
"52","0","LEE","0","Under Votes","400","16TH CONGRESS","DIXON 8","565","12","REPUBLICAN","6"
"52","0","LEE","0","Blank Ballots","400","16TH CONGRESS","DIXON 8","565","12","REPUBLICAN","0"
"52","0","LEE","385","DARIN LaHOOD","400","16TH CONGRESS","DIXON 8","565","12","REPUBLICAN","63"
"52","0","LEE","0","Over Votes","400","16TH CONGRESS","FRANKLIN GROVE 1","404","12","REPUBLICAN","0"
"52","0","LEE","0","Under Votes","400","16TH CONGRESS","FRANKLIN GROVE 1","404","12","REPUBLICAN","16"
"52","0","LEE","0","Blank Ballots","400","16TH CONGRESS","FRANKLIN GROVE 1","404","12","REPUBLICAN","0"
"52","0","LEE","385","DARIN LaHOOD","400","16TH CONGRESS","FRANKLIN GROVE 1","404","12","REPUBLICAN","65"
"52","0","LEE","0","Over Votes","400","16TH CONGRESS","NACHUSA","300","12","REPUBLICAN","0"
"52","0","LEE","0","Under Votes","400","16TH CONGRESS","NACHUSA","300","12","REPUBLICAN","8"
"52","0","LEE","0","Blank Ballots","400","16TH CONGRESS","NACHUSA","300","12","REPUBLICAN","0"
"52","0","LEE","385","DARIN LaHOOD","400","16TH CONGRESS","NACHUSA","300","12","REPUBLICAN","66"
"52","0","LEE","0","Over Votes","400","16TH CONGRESS","WYOMING 2","377","12","REPUBLICAN","0"
"52","0","LEE","0","Under Votes","400","16TH CONGRESS","WYOMING 2","377","12","REPUBLICAN","5"
"6","0","BUREAU","0","Under Votes","400","16TH CONGRESS","MANLIUS","397","11","DEMOCRATIC","0"
"6","0","BUREAU","0","Over Votes","400","16TH CONGRESS","MANLIUS","397","11","DEMOCRATIC","0"
"6","0","BUREAU","0","Blank Ballots","400","16TH CONGRESS","PRINCETON 2","724","11","DEMOCRATIC","0"
"6","0","BUREAU","0","Under Votes","400","16TH CONGRESS","PRINCETON 2","724","11","DEMOCRATIC","0"
"6","0","BUREAU","0","Over Votes","400","16TH CONGRESS","PRINCETON 2","724","11","DEMOCRATIC","0"
"6","0","BUREAU","0","Blank Ballots","400","16TH CONGRESS","PRINCETON 9","806","11","DEMOCRATIC","0"
"6","0","BUREAU","0","Under Votes","400","16TH CONGRESS","PRINCETON 9","806","11","DEMOCRATIC","0"
"6","0","BUREAU","0","Over Votes","400","16TH CONGRESS","PRINCETON 9","806","11","DEMOCRATIC","0"
"6","0","BUREAU","0","Blank Ballots","400","16TH CONGRESS","BUREAU","187","11","DEMOCRATIC","0"
"6","0","BUREAU","0","Under Votes","400","16TH CONGRESS","BUREAU","187","11","DEMOCRATIC","0"
"6","0","BUREAU","0","Over Votes","400","16TH CONGRESS","BUREAU","187","11","DEMOCRATIC","0"
"6","0","BUREAU","0","Blank Ballots","400","16TH CONGRESS","NEPONSET","431","11","DEMOCRATIC","0"
"6","0","BUREAU","0","Under Votes","400","16TH CONGRESS","NEPONSET","431","11","DEMOCRATIC","0"
"6","0","BUREAU","0","Over Votes","400","16TH CONGRESS","NEPONSET","431","11","DEMOCRATIC","0"
"6","0","BUREAU","0","Blank Ballots","400","16TH CONGRESS","PRINCETON 5","566","11","DEMOCRATIC","0"
"6","0","BUREAU","0","Under Votes","400","16TH CONGRESS","PRINCETON 5","566","11","DEMOCRATIC","0"
"6","0","BUREAU","0","Over Votes","400","16TH CONGRESS","PRINCETON 5","566","11","DEMOCRATIC","0"
"6","0","BUREAU","0","Blank Ballots","400","16TH CONGRESS","PRINCETON 7","646","11","DEMOCRATIC","0"
"6","0","BUREAU","0","Under Votes","400","16TH CONGRESS","PRINCETON 7","646","11","DEMOCRATIC","0"
"6","0","BUREAU","0","Over Votes","400","16TH CONGRESS","PRINCETON 7","646","11","DEMOCRATIC","0"
"6","0","BUREAU","0","Blank Ballots","400","16TH CONGRESS","WALNUT 2","537","11","DEMOCRATIC","0"
"6","0","BUREAU","0","Under Votes","400","16TH CONGRESS","WALNUT 2","537","11","DEMOCRATIC","0"
"6","0","BUREAU","0","Over Votes","400","16TH CONGRESS","WALNUT 2","537","11","DEMOCRATIC","0"
"6","0","BUREAU","0","Blank Ballots","400","16TH CONGRESS","CONCORD 2","383","11","DEMOCRATIC","0"
"6","0","BUREAU","0","Under Votes","400","16TH CONGRESS","CONCORD 2","383","11","DEMOCRATIC","0"
"6","0","BUREAU","0","Over Votes","400","16TH CONGRESS","CONCORD 2","383","11","DEMOCRATIC","0"
"6","0","BUREAU","0","Blank Ballots","400","16TH CONGRESS","OHIO 2","137","11","DEMOCRATIC","0"
"6","0","BUREAU","0","Under Votes","400","16TH CONGRESS","OHIO 2","137","11","DEMOCRATIC","0"
"6","0","BUREAU","0","Over Votes","400","16TH CONGRESS","OHIO 2","137","11","DEMOCRATIC","0"
"6","0","BUREAU","0","Blank Ballots","400","16TH CONGRESS","PRINCETON 4","674","11","DEMOCRATIC","0"
"6","0","BUREAU","0","Under Votes","400","16TH CONGRESS","PRINCETON 4","674","11","DEMOCRATIC","0"
"6","0","BUREAU","0","Over Votes","400","16TH CONGRESS","PRINCETON 4","674","11","DEMOCRATIC","0"
"6","0","BUREAU","0","Under Votes","400","16TH CONGRESS","SELBY 2","420","11","DEMOCRATIC","0"
"6","0","BUREAU","0","Over Votes","400","16TH CONGRESS","SELBY 2","420","11","DEMOCRATIC","0"
"6","0","BUREAU","0","Blank Ballots","400","16TH CONGRESS","SELBY 2","420","11","DEMOCRATIC","0"
"6","0","BUREAU","0","Blank Ballots","400","16TH CONGRESS","WYANET 1","469","11","DEMOCRATIC","0"
"6","0","BUREAU","0","Under Votes","400","16TH CONGRESS","WYANET 1","469","11","DEMOCRATIC","0"
"6","0","BUREAU","0","Over Votes","400","16TH CONGRESS","WYANET 1","469","11","DEMOCRATIC","0"
"6","0","BUREAU","0","Blank Ballots","400","16TH CONGRESS","CONCORD 1","598","11","DEMOCRATIC","0"
"6","0","BUREAU","0","Under Votes","400","16TH CONGRESS","CONCORD 1","598","11","DEMOCRATIC","0"
"6","0","BUREAU","0","Over Votes","400","16TH CONGRESS","CONCORD 1","598","11","DEMOCRATIC","0"
"6","0","BUREAU","0","Blank Ballots","400","16TH CONGRESS","LA MOILLE 2","158","11","DEMOCRATIC","0"
"6","0","BUREAU","0","Under Votes","400","16TH CONGRESS","LA MOILLE 2","158","11","DEMOCRATIC","0"
"6","0","BUREAU","0","Over Votes","400","16TH CONGRESS","LA MOILLE 2","158","11","DEMOCRATIC","0"
"90","0","TAZEWELL","385","DARIN LaHOOD","400","16TH CONGRESS","PEKIN 10","970","12","REPUBLICAN","50"
"90","0","TAZEWELL","0","Over Votes","400","16TH CONGRESS","PEKIN 10","970","12","REPUBLICAN","0"
"89","0","STEPHENSON","0","Blank Ballots","400","16TH CONGRESS","BUCKEYE","810","11","DEMOCRATIC","0"
"89","0","STEPHENSON","0","Over Votes","400","16TH CONGRESS","BUCKEYE","810","11","DEMOCRATIC","0"
"89","0","STEPHENSON","0","Under Votes","400","16TH CONGRESS","BUCKEYE","810","11","DEMOCRATIC","0"
"89","0","STEPHENSON","0","Over Votes","400","16TH CONGRESS","WADDAMS","534","11","DEMOCRATIC","0"
"89","0","STEPHENSON","0","Under Votes","400","16TH CONGRESS","WADDAMS","534","11","DEMOCRATIC","0"
"89","0","STEPHENSON","0","Blank Ballots","400","16TH CONGRESS","ONECO","786","11","DEMOCRATIC","0"
"89","0","STEPHENSON","0","Over Votes","400","16TH CONGRESS","ONECO","786","11","DEMOCRATIC","0"
"89","0","STEPHENSON","0","Under Votes","400","16TH CONGRESS","ONECO","786","11","DEMOCRATIC","0"
"89","0","STEPHENSON","0","Blank Ballots","400","16TH CONGRESS","ROCK RUN 2","814","11","DEMOCRATIC","0"
"89","0","STEPHENSON","0","Over Votes","400","16TH CONGRESS","ROCK RUN 2","814","11","DEMOCRATIC","0"
"89","0","STEPHENSON","0","Under Votes","400","16TH CONGRESS","ROCK RUN 2","814","11","DEMOCRATIC","0"
"89","0","STEPHENSON","0","Blank Ballots","400","16TH CONGRESS","ROCK GROVE","1038","11","DEMOCRATIC","0"
"89","0","STEPHENSON","0","Over Votes","400","16TH CONGRESS","ROCK GROVE","1038","11","DEMOCRATIC","0"
"89","0","STEPHENSON","0","Under Votes","400","16TH CONGRESS","ROCK GROVE","1038","11","DEMOCRATIC","0"
"89","0","STEPHENSON","0","Blank Ballots","400","16TH CONGRESS","WADDAMS","534","11","DEMOCRATIC","0"
"89","0","STEPHENSON","0","Blank Ballots","400","16TH CONGRESS","WEST POINT 1","1120","11","DEMOCRATIC","0"
"89","0","STEPHENSON","0","Over Votes","400","16TH CONGRESS","WEST POINT 1","1120","11","DEMOCRATIC","0"
"89","0","STEPHENSON","0","Under Votes","400","16TH CONGRESS","WEST POINT 1","1120","11","DEMOCRATIC","0"
"89","0","STEPHENSON","0","Blank Ballots","400","16TH CONGRESS","WINSLOW","335","11","DEMOCRATIC","0"
"89","0","STEPHENSON","0","Over Votes","400","16TH CONGRESS","WINSLOW","335","11","DEMOCRATIC","0"
"89","0","STEPHENSON","0","Under Votes","400","16TH CONGRESS","WINSLOW","335","11","DEMOCRATIC","0"
"89","0","STEPHENSON","0","Blank Ballots","400","16TH CONGRESS","ROCK RUN 1","678","11","DEMOCRATIC","0"
"89","0","STEPHENSON","0","Over Votes","400","16TH CONGRESS","ROCK RUN 1","678","11","DEMOCRATIC","0"
"89","0","STEPHENSON","0","Under Votes","400","16TH CONGRESS","ROCK RUN 1","678","11","DEMOCRATIC","0"
"89","0","STEPHENSON","0","Blank Ballots","400","16TH CONGRESS","DAKOTA","469","11","DEMOCRATIC","0"
"89","0","STEPHENSON","0","Over Votes","400","16TH CONGRESS","DAKOTA","469","11","DEMOCRATIC","0"
"89","0","STEPHENSON","0","Under Votes","400","16TH CONGRESS","DAKOTA","469","11","DEMOCRATIC","0"
"89","0","STEPHENSON","0","Blank Ballots","400","16TH CONGRESS","WEST POINT 2","996","11","DEMOCRATIC","0"
"89","0","STEPHENSON","0","Over Votes","400","16TH CONGRESS","WEST POINT 2","996","11","DEMOCRATIC","0"
"89","0","STEPHENSON","0","Under Votes","400","16TH CONGRESS","WEST POINT 2","996","11","DEMOCRATIC","0"
"52","0","LEE","0","Over Votes","400","16TH CONGRESS","ASHTON 1","425","11","DEMOCRATIC","0"
"52","0","LEE","0","Over Votes","400","16TH CONGRESS","AMBOY 1","576","11","DEMOCRATIC","0"
"52","0","LEE","0","Under Votes","400","16TH CONGRESS","AMBOY 1","576","11","DEMOCRATIC","0"
"52","0","LEE","0","Blank Ballots","400","16TH CONGRESS","AMBOY 1","576","11","DEMOCRATIC","0"
"52","0","LEE","0","Over Votes","400","16TH CONGRESS","BROOKLYN 2","268","11","DEMOCRATIC","0"
"52","0","LEE","0","Under Votes","400","16TH CONGRESS","BROOKLYN 2","268","11","DEMOCRATIC","0"
"52","0","LEE","0","Blank Ballots","400","16TH CONGRESS","BROOKLYN 2","268","11","DEMOCRATIC","0"
"52","0","LEE","0","Over Votes","400","16TH CONGRESS","DIXON 7","576","11","DEMOCRATIC","0"
"52","0","LEE","0","Under Votes","400","16TH CONGRESS","DIXON 7","576","11","DEMOCRATIC","0"
"52","0","LEE","0","Blank Ballots","400","16TH CONGRESS","DIXON 7","576","11","DEMOCRATIC","0"
"52","0","LEE","0","Over Votes","400","16TH CONGRESS","DIXON 11","644","11","DEMOCRATIC","0"
"52","0","LEE","0","Under Votes","400","16TH CONGRESS","DIXON 11","644","11","DEMOCRATIC","0"
"52","0","LEE","0","Blank Ballots","400","16TH CONGRESS","DIXON 11","644","11","DEMOCRATIC","0"
"52","0","LEE","0","Over Votes","400","16TH CONGRESS","EAST GROVE","186","11","DEMOCRATIC","0"
"52","0","LEE","0","Over Votes","400","16TH CONGRESS","ASHTON 2","301","11","DEMOCRATIC","0"
"52","0","LEE","0","Under Votes","400","16TH CONGRESS","ASHTON 2","301","11","DEMOCRATIC","0"
"52","0","LEE","0","Blank Ballots","400","16TH CONGRESS","ASHTON 2","301","11","DEMOCRATIC","0"
"52","0","LEE","0","Over Votes","400","16TH CONGRESS","DIXON 4","654","11","DEMOCRATIC","0"
"52","0","LEE","0","Under Votes","400","16TH CONGRESS","DIXON 4","654","11","DEMOCRATIC","0"
"52","0","LEE","0","Over Votes","400","16TH CONGRESS","ALTO","362","11","DEMOCRATIC","0"
"52","0","LEE","0","Under Votes","400","16TH CONGRESS","ALTO","362","11","DEMOCRATIC","0"
"52","0","LEE","0","Blank Ballots","400","16TH CONGRESS","ALTO","362","11","DEMOCRATIC","0"
"52","0","LEE","0","Over Votes","400","16TH CONGRESS","BROOKLYN 1","181","11","DEMOCRATIC","0"
"52","0","LEE","0","Under Votes","400","16TH CONGRESS","BROOKLYN 1","181","11","DEMOCRATIC","0"
"52","0","LEE","0","Blank Ballots","400","16TH CONGRESS","BROOKLYN 1","181","11","DEMOCRATIC","0"
"52","0","LEE","0","Over Votes","400","16TH CONGRESS","DIXON 10","568","11","DEMOCRATIC","0"
"52","0","LEE","0","Under Votes","400","16TH CONGRESS","DIXON 10","568","11","DEMOCRATIC","0"
"52","0","LEE","0","Blank Ballots","400","16TH CONGRESS","DIXON 10","568","11","DEMOCRATIC","0"
"52","0","LEE","0","Over Votes","400","16TH CONGRESS","DIXON 17","654","11","DEMOCRATIC","0"
"52","0","LEE","0","Under Votes","400","16TH CONGRESS","DIXON 17","654","11","DEMOCRATIC","0"
"52","0","LEE","0","Blank Ballots","400","16TH CONGRESS","DIXON 17","654","11","DEMOCRATIC","0"
"52","0","LEE","0","Over Votes","400","16TH CONGRESS","PALMYRA 1","580","11","DEMOCRATIC","0"
"52","0","LEE","0","Under Votes","400","16TH CONGRESS","PALMYRA 1","580","11","DEMOCRATIC","0"
"52","0","LEE","0","Blank Ballots","400","16TH CONGRESS","PALMYRA 1","580","11","DEMOCRATIC","0"
"52","0","LEE","0","Over Votes","400","16TH CONGRESS","WILLOW CREEK","444","11","DEMOCRATIC","0"
"52","0","LEE","0","Under Votes","400","16TH CONGRESS","WILLOW CREEK","444","11","DEMOCRATIC","0"
"52","0","LEE","0","Blank Ballots","400","16TH CONGRESS","WILLOW CREEK","444","11","DEMOCRATIC","0"
"52","0","LEE","0","Over Votes","400","16TH CONGRESS","DIXON 2","431","11","DEMOCRATIC","0"
"52","0","LEE","0","Under Votes","400","16TH CONGRESS","DIXON 2","431","11","DEMOCRATIC","0"
"52","0","LEE","0","Blank Ballots","400","16TH CONGRESS","DIXON 2","431","11","DEMOCRATIC","0"
"52","0","LEE","0","Over Votes","400","16TH CONGRESS","DIXON 9","600","11","DEMOCRATIC","0"
"52","0","LEE","0","Under Votes","400","16TH CONGRESS","DIXON 9","600","11","DEMOCRATIC","0"
"52","0","LEE","0","Blank Ballots","400","16TH CONGRESS","DIXON 9","600","11","DEMOCRATIC","0"
"52","0","LEE","0","Over Votes","400","16TH CONGRESS","DIXON 16","630","11","DEMOCRATIC","0"
"52","0","LEE","0","Under Votes","400","16TH CONGRESS","DIXON 16","630","11","DEMOCRATIC","0"
"52","0","LEE","0","Blank Ballots","400","16TH CONGRESS","DIXON 16","630","11","DEMOCRATIC","0"
"52","0","LEE","0","Over Votes","400","16TH CONGRESS","FRANKLIN GROVE 2","346","11","DEMOCRATIC","0"
"52","0","LEE","0","Under Votes","400","16TH CONGRESS","FRANKLIN GROVE 2","346","11","DEMOCRATIC","0"
"52","0","LEE","0","Blank Ballots","400","16TH CONGRESS","FRANKLIN GROVE 2","346","11","DEMOCRATIC","0"
"52","0","LEE","0","Over Votes","400","16TH CONGRESS","NELSON","564","11","DEMOCRATIC","0"
"52","0","LEE","0","Under Votes","400","16TH CONGRESS","NELSON","564","11","DEMOCRATIC","0"
"52","0","LEE","0","Blank Ballots","400","16TH CONGRESS","NELSON","564","11","DEMOCRATIC","0"
"52","0","LEE","0","Over Votes","400","16TH CONGRESS","VIOLA","210","11","DEMOCRATIC","0"
"52","0","LEE","0","Under Votes","400","16TH CONGRESS","VIOLA","210","11","DEMOCRATIC","0"
"52","0","LEE","0","Blank Ballots","400","16TH CONGRESS","VIOLA","210","11","DEMOCRATIC","0"
"52","0","LEE","0","Over Votes","400","16TH CONGRESS","AMBOY 3","684","11","DEMOCRATIC","0"
"52","0","LEE","0","Under Votes","400","16TH CONGRESS","AMBOY 3","684","11","DEMOCRATIC","0"
"4","0","BOONE","0","Under Votes","400","16TH CONGRESS","FLORA 1","1072","11","DEMOCRATIC","0"
"4","0","BOONE","0","Over Votes","400","16TH CONGRESS","CALEDONIA 5","1057","11","DEMOCRATIC","0"
"4","0","BOONE","0","Blank Ballots","400","16TH CONGRESS","CALEDONIA 5","1057","11","DEMOCRATIC","0"
"4","0","BOONE","0","Under Votes","400","16TH CONGRESS","CALEDONIA 5","1057","11","DEMOCRATIC","0"
"4","0","BOONE","0","Over Votes","400","16TH CONGRESS","POPLAR GROVE 5","449","11","DEMOCRATIC","0"
"4","0","BOONE","0","Blank Ballots","400","16TH CONGRESS","POPLAR GROVE 5","449","11","DEMOCRATIC","0"
"4","0","BOONE","0","Under Votes","400","16TH CONGRESS","POPLAR GROVE 5","449","11","DEMOCRATIC","0"
"4","0","BOONE","0","Over Votes","400","16TH CONGRESS","BELVIDERE 13","1288","11","DEMOCRATIC","0"
"4","0","BOONE","0","Blank Ballots","400","16TH CONGRESS","BELVIDERE 13","1288","11","DEMOCRATIC","0"
"4","0","BOONE","0","Under Votes","400","16TH CONGRESS","BELVIDERE 13","1288","11","DEMOCRATIC","0"
"4","0","BOONE","0","Over Votes","400","16TH CONGRESS","CALEDONIA 3","1204","11","DEMOCRATIC","0"
"4","0","BOONE","0","Blank Ballots","400","16TH CONGRESS","CALEDONIA 3","1204","11","DEMOCRATIC","0"
"4","0","BOONE","0","Under Votes","400","16TH CONGRESS","CALEDONIA 3","1204","11","DEMOCRATIC","0"
"4","0","BOONE","0","Over Votes","400","16TH CONGRESS","BOONE 1","1057","11","DEMOCRATIC","0"
"4","0","BOONE","0","Blank Ballots","400","16TH CONGRESS","BOONE 1","1057","11","DEMOCRATIC","0"
"4","0","BOONE","0","Under Votes","400","16TH CONGRESS","BOONE 1","1057","11","DEMOCRATIC","0"
"4","0","BOONE","0","Blank Ballots","400","16TH CONGRESS","BELVIDERE 18","1462","11","DEMOCRATIC","0"
"4","0","BOONE","0","Under Votes","400","16TH CONGRESS","BELVIDERE 18","1462","11","DEMOCRATIC","0"
"4","0","BOONE","0","Over Votes","400","16TH CONGRESS","BELVIDERE 18","1462","11","DEMOCRATIC","0"
"4","0","BOONE","0","Over Votes","400","16TH CONGRESS","CALEDONIA 4","1106","11","DEMOCRATIC","0"
"4","0","BOONE","0","Blank Ballots","400","16TH CONGRESS","CALEDONIA 4","1106","11","DEMOCRATIC","0"
"4","0","BOONE","0","Under Votes","400","16TH CONGRESS","CALEDONIA 4","1106","11","DEMOCRATIC","0"
"4","0","BOONE","0","Over Votes","400","16TH CONGRESS","POPLAR GROVE 4","149","11","DEMOCRATIC","0"
"4","0","BOONE","0","Blank Ballots","400","16TH CONGRESS","POPLAR GROVE 4","149","11","DEMOCRATIC","0"
"4","0","BOONE","0","Under Votes","400","16TH CONGRESS","POPLAR GROVE 4","149","11","DEMOCRATIC","0"
"4","0","BOONE","0","Over Votes","400","16TH CONGRESS","BELVIDERE 17","1531","11","DEMOCRATIC","0"
"4","0","BOONE","0","Blank Ballots","400","16TH CONGRESS","BELVIDERE 17","1531","11","DEMOCRATIC","0"
"4","0","BOONE","0","Under Votes","400","16TH CONGRESS","BELVIDERE 17","1531","11","DEMOCRATIC","0"
"4","0","BOONE","0","Over Votes","400","16TH CONGRESS","POPLAR GROVE 3","824","11","DEMOCRATIC","0"
"4","0","BOONE","0","Blank Ballots","400","16TH CONGRESS","POPLAR GROVE 3","824","11","DEMOCRATIC","0"
"4","0","BOONE","0","Under Votes","400","16TH CONGRESS","POPLAR GROVE 3","824","11","DEMOCRATIC","0"
"43","0","JoDAVIESS","0","Over Votes","400","16TH CONGRESS","STOCKTON 1","743","11","DEMOCRATIC","0"
"43","0","JoDAVIESS","0","Blank Ballots","400","16TH CONGRESS","STOCKTON 1","743","11","DEMOCRATIC","29"
"43","0","JoDAVIESS","0","Over Votes","400","16TH CONGRESS","STOCKTON 2","902","11","DEMOCRATIC","0"
"43","0","JoDAVIESS","0","Blank Ballots","400","16TH CONGRESS","STOCKTON 2","902","11","DEMOCRATIC","45"
"43","0","JoDAVIESS","0","Over Votes","400","16TH CONGRESS","VINEGAR HILL","288","11","DEMOCRATIC","0"
"43","0","JoDAVIESS","0","Blank Ballots","400","16TH CONGRESS","VINEGAR HILL","288","11","DEMOCRATIC","32"
"43","0","JoDAVIESS","0","Over Votes","400","16TH CONGRESS","BERREMAN","112","11","DEMOCRATIC","0"
"43","0","JoDAVIESS","0","Blank Ballots","400","16TH CONGRESS","BERREMAN","112","11","DEMOCRATIC","7"
"43","0","JoDAVIESS","0","Over Votes","400","16TH CONGRESS","COUNCIL HILL","107","11","DEMOCRATIC","0"
"43","0","JoDAVIESS","0","Blank Ballots","400","16TH CONGRESS","COUNCIL HILL","107","11","DEMOCRATIC","7"
"43","0","JoDAVIESS","0","Over Votes","400","16TH CONGRESS","PLEASANT VALLEY","167","11","DEMOCRATIC","0"
"43","0","JoDAVIESS","0","Blank Ballots","400","16TH CONGRESS","PLEASANT VALLEY","167","11","DEMOCRATIC","10"
"52","0","LEE","0","Blank Ballots","400","16TH CONGRESS","WYOMING 2","377","12","REPUBLICAN","0"
"52","0","LEE","385","DARIN LaHOOD","400","16TH CONGRESS","WYOMING 2","377","12","REPUBLICAN","35"
"52","0","LEE","0","Under Votes","400","16TH CONGRESS","DIXON 2","431","12","REPUBLICAN","14"
"52","0","LEE","0","Blank Ballots","400","16TH CONGRESS","DIXON 2","431","12","REPUBLICAN","0"
"52","0","LEE","385","DARIN LaHOOD","400","16TH CONGRESS","DIXON 2","431","12","REPUBLICAN","110"
"52","0","LEE","0","Over Votes","400","16TH CONGRESS","DIXON 2","431","12","REPUBLICAN","0"
"52","0","LEE","0","Under Votes","400","16TH CONGRESS","DIXON 9","600","12","REPUBLICAN","10"
"52","0","LEE","0","Blank Ballots","400","16TH CONGRESS","DIXON 9","600","12","REPUBLICAN","0"
"52","0","LEE","385","DARIN LaHOOD","400","16TH CONGRESS","DIXON 9","600","12","REPUBLICAN","48"
"52","0","LEE","0","Over Votes","400","16TH CONGRESS","DIXON 9","600","12","REPUBLICAN","0"
"52","0","LEE","0","Under Votes","400","16TH CONGRESS","DIXON 16","630","12","REPUBLICAN","20"
"52","0","LEE","0","Blank Ballots","400","16TH CONGRESS","DIXON 16","630","12","REPUBLICAN","0"
"52","0","LEE","385","DARIN LaHOOD","400","16TH CONGRESS","DIXON 16","630","12","REPUBLICAN","78"
"52","0","LEE","0","Over Votes","400","16TH CONGRESS","DIXON 16","630","12","REPUBLICAN","0"
"52","0","LEE","0","Under Votes","400","16TH CONGRESS","FRANKLIN GROVE 2","346","12","REPUBLICAN","15"
"52","0","LEE","0","Blank Ballots","400","16TH CONGRESS","FRANKLIN GROVE 2","346","12","REPUBLICAN","0"
"52","0","LEE","385","DARIN LaHOOD","400","16TH CONGRESS","FRANKLIN GROVE 2","346","12","REPUBLICAN","70"
"52","0","LEE","0","Over Votes","400","16TH CONGRESS","FRANKLIN GROVE 2","346","12","REPUBLICAN","0"
"52","0","LEE","0","Under Votes","400","16TH CONGRESS","NELSON","564","12","REPUBLICAN","14"
"52","0","LEE","0","Blank Ballots","400","16TH CONGRESS","NELSON","564","12","REPUBLICAN","0"
"52","0","LEE","385","DARIN LaHOOD","400","16TH CONGRESS","NELSON","564","12","REPUBLICAN","72"
"52","0","LEE","0","Over Votes","400","16TH CONGRESS","NELSON","564","12","REPUBLICAN","0"
"52","0","LEE","0","Under Votes","400","16TH CONGRESS","VIOLA","210","12","REPUBLICAN","4"
"52","0","LEE","0","Blank Ballots","400","16TH CONGRESS","VIOLA","210","12","REPUBLICAN","0"
"52","0","LEE","385","DARIN LaHOOD","400","16TH CONGRESS","VIOLA","210","12","REPUBLICAN","52"
"52","0","LEE","0","Over Votes","400","16TH CONGRESS","VIOLA","210","12","REPUBLICAN","0"
"52","0","LEE","0","Over Votes","400","16TH CONGRESS","AMBOY 2","578","12","REPUBLICAN","0"
"52","0","LEE","0","Under Votes","400","16TH CONGRESS","AMBOY 2","578","12","REPUBLICAN","12"
"52","0","LEE","0","Blank Ballots","400","16TH CONGRESS","AMBOY 2","578","12","REPUBLICAN","0"
"52","0","LEE","385","DARIN LaHOOD","400","16TH CONGRESS","AMBOY 2","578","12","REPUBLICAN","60"
"52","0","LEE","0","Over Votes","400","16TH CONGRESS","BRADFORD","187","12","REPUBLICAN","0"
"52","0","LEE","0","Under Votes","400","16TH CONGRESS","BRADFORD","187","12","REPUBLICAN","4"
"52","0","LEE","0","Blank Ballots","400","16TH CONGRESS","BRADFORD","187","12","REPUBLICAN","0"
"52","0","LEE","385","DARIN LaHOOD","400","16TH CONGRESS","BRADFORD","187","12","REPUBLICAN","57"
"52","0","LEE","0","Over Votes","400","16TH CONGRESS","DIXON 5","633","12","REPUBLICAN","0"
"52","0","LEE","0","Under Votes","400","16TH CONGRESS","DIXON 5","633","12","REPUBLICAN","14"
"52","0","LEE","0","Blank Ballots","400","16TH CONGRESS","DIXON 5","633","12","REPUBLICAN","0"
"52","0","LEE","385","DARIN LaHOOD","400","16TH CONGRESS","DIXON 5","633","12","REPUBLICAN","80"
"52","0","LEE","0","Over Votes","400","16TH CONGRESS","DIXON 12","570","12","REPUBLICAN","0"
"52","0","LEE","0","Under Votes","400","16TH CONGRESS","DIXON 12","570","12","REPUBLICAN","26"
"52","0","LEE","0","Blank Ballots","400","16TH CONGRESS","DIXON 12","570","12","REPUBLICAN","0"
"52","0","LEE","385","DARIN LaHOOD","400","16TH CONGRESS","DIXON 12","570","12","REPUBLICAN","76"
"52","0","LEE","0","Under Votes","400","16TH CONGRESS","LEE CENTER","404","12","REPUBLICAN","7"
"52","0","LEE","0","Blank Ballots","400","16TH CONGRESS","LEE CENTER","404","12","REPUBLICAN","0"
"52","0","LEE","0","Under Votes","400","16TH CONGRESS","AMBOY 3","684","12","REPUBLICAN","15"
"72","0","PEORIA","0","Under Votes","400","16TH CONGRESS","PE56 - 153","0","12","","18"
"72","0","PEORIA","385","DARIN LaHOOD","400","16TH CONGRESS","PE56 - 153","0","12","","92"
"72","0","PEORIA","0","Over Votes","400","16TH CONGRESS","PE56 - 153","0","12","","0"
"72","0","PEORIA","0","Under Votes","400","16TH CONGRESS","RA02 - 176","0","12","","0"
"72","0","PEORIA","0","Over Votes","400","16TH CONGRESS","RA02 - 176","0","12","","0"
"72","0","PEORIA","385","DARIN LaHOOD","400","16TH CONGRESS","RA02 - 176","0","12","","1"
"6","0","BUREAU","385","DARIN LaHOOD","400","16TH CONGRESS","DOVER","370","12","REPUBLICAN","72"
"6","0","BUREAU","0","Over Votes","400","16TH CONGRESS","DOVER","370","12","REPUBLICAN","0"
"6","0","BUREAU","0","Blank Ballots","400","16TH CONGRESS","DOVER","370","12","REPUBLICAN","0"
"6","0","BUREAU","0","Under Votes","400","16TH CONGRESS","DOVER","370","12","REPUBLICAN","9"
"6","0","BUREAU","385","DARIN LaHOOD","400","16TH CONGRESS","MACON","133","12","REPUBLICAN","31"
"6","0","BUREAU","0","Over Votes","400","16TH CONGRESS","MACON","133","12","REPUBLICAN","0"
"6","0","BUREAU","0","Blank Ballots","400","16TH CONGRESS","MACON","133","12","REPUBLICAN","0"
"6","0","BUREAU","0","Under Votes","400","16TH CONGRESS","MACON","133","12","REPUBLICAN","2"
"6","0","BUREAU","385","DARIN LaHOOD","400","16TH CONGRESS","PRINCETON 1","760","12","REPUBLICAN","107"
"6","0","BUREAU","0","Over Votes","400","16TH CONGRESS","PRINCETON 1","760","12","REPUBLICAN","0"
"6","0","BUREAU","0","Blank Ballots","400","16TH CONGRESS","PRINCETON 1","760","12","REPUBLICAN","0"
"6","0","BUREAU","0","Under Votes","400","16TH CONGRESS","PRINCETON 1","760","12","REPUBLICAN","17"
"6","0","BUREAU","385","DARIN LaHOOD","400","16TH CONGRESS","WYANET 2","384","12","REPUBLICAN","61"
"6","0","BUREAU","0","Over Votes","400","16TH CONGRESS","WYANET 2","384","12","REPUBLICAN","0"
"6","0","BUREAU","0","Blank Ballots","400","16TH CONGRESS","WYANET 2","384","12","REPUBLICAN","0"
"6","0","BUREAU","0","Under Votes","400","16TH CONGRESS","WYANET 2","384","12","REPUBLICAN","8"
"6","0","BUREAU","0","Under Votes","400","16TH CONGRESS","INDIANTOWN","436","12","REPUBLICAN","8"
"6","0","BUREAU","385","DARIN LaHOOD","400","16TH CONGRESS","MINERAL","310","12","REPUBLICAN","45"
"6","0","BUREAU","0","Over Votes","400","16TH CONGRESS","MINERAL","310","12","REPUBLICAN","0"
"6","0","BUREAU","0","Blank Ballots","400","16TH CONGRESS","MINERAL","310","12","REPUBLICAN","0"
"6","0","BUREAU","0","Under Votes","400","16TH CONGRESS","MINERAL","310","12","REPUBLICAN","5"
"6","0","BUREAU","385","DARIN LaHOOD","400","16TH CONGRESS","PRINCETON 8","699","12","REPUBLICAN","74"
"6","0","BUREAU","0","Over Votes","400","16TH CONGRESS","PRINCETON 8","699","12","REPUBLICAN","0"
"6","0","BUREAU","0","Blank Ballots","400","16TH CONGRESS","PRINCETON 8","699","12","REPUBLICAN","0"
"6","0","BUREAU","0","Under Votes","400","16TH CONGRESS","PRINCETON 8","699","12","REPUBLICAN","15"
"6","0","BUREAU","385","DARIN LaHOOD","400","16TH CONGRESS","CONCORD 2","383","12","REPUBLICAN","54"
"6","0","BUREAU","0","Over Votes","400","16TH CONGRESS","CONCORD 2","383","12","REPUBLICAN","0"
"6","0","BUREAU","0","Blank Ballots","400","16TH CONGRESS","CONCORD 2","383","12","REPUBLICAN","0"
"6","0","BUREAU","0","Under Votes","400","16TH CONGRESS","CONCORD 2","383","12","REPUBLICAN","5"
"6","0","BUREAU","385","DARIN LaHOOD","400","16TH CONGRESS","OHIO 2","137","12","REPUBLICAN","28"
"6","0","BUREAU","0","Over Votes","400","16TH CONGRESS","OHIO 2","137","12","REPUBLICAN","0"
"6","0","BUREAU","0","Blank Ballots","400","16TH CONGRESS","OHIO 2","137","12","REPUBLICAN","0"
"6","0","BUREAU","0","Under Votes","400","16TH CONGRESS","OHIO 2","137","12","REPUBLICAN","3"
"6","0","BUREAU","385","DARIN LaHOOD","400","16TH CONGRESS","PRINCETON 4","674","12","REPUBLICAN","59"
"6","0","BUREAU","0","Over Votes","400","16TH CONGRESS","PRINCETON 4","674","12","REPUBLICAN","0"
"6","0","BUREAU","0","Blank Ballots","400","16TH CONGRESS","PRINCETON 4","674","12","REPUBLICAN","0"
"6","0","BUREAU","0","Under Votes","400","16TH CONGRESS","PRINCETON 4","674","12","REPUBLICAN","9"
"6","0","BUREAU","385","DARIN LaHOOD","400","16TH CONGRESS","SELBY 2","420","12","REPUBLICAN","0"
"6","0","BUREAU","0","Blank Ballots","400","16TH CONGRESS","PRINCETON 3","793","11","DEMOCRATIC","0"
"6","0","BUREAU","0","Under Votes","400","16TH CONGRESS","PRINCETON 3","793","11","DEMOCRATIC","0"
"6","0","BUREAU","0","Over Votes","400","16TH CONGRESS","PRINCETON 3","793","11","DEMOCRATIC","0"
"6","0","BUREAU","0","Blank Ballots","400","16TH CONGRESS","SELBY 1","249","11","DEMOCRATIC","0"
"6","0","BUREAU","0","Under Votes","400","16TH CONGRESS","SELBY 1","249","11","DEMOCRATIC","0"
"6","0","BUREAU","0","Over Votes","400","16TH CONGRESS","SELBY 1","249","11","DEMOCRATIC","0"
"6","0","BUREAU","0","Blank Ballots","400","16TH CONGRESS","GREENVILLE","217","11","DEMOCRATIC","0"
"6","0","BUREAU","0","Under Votes","400","16TH CONGRESS","GREENVILLE","217","11","DEMOCRATIC","0"
"6","0","BUREAU","0","Over Votes","400","16TH CONGRESS","GREENVILLE","217","11","DEMOCRATIC","0"
"6","0","BUREAU","0","Blank Ballots","400","16TH CONGRESS","INDIANTOWN","436","11","DEMOCRATIC","0"
"6","0","BUREAU","0","Under Votes","400","16TH CONGRESS","INDIANTOWN","436","11","DEMOCRATIC","0"
"6","0","BUREAU","0","Over Votes","400","16TH CONGRESS","INDIANTOWN","436","11","DEMOCRATIC","0"
"6","0","BUREAU","0","Blank Ballots","400","16TH CONGRESS","MINERAL","310","11","DEMOCRATIC","0"
"6","0","BUREAU","0","Under Votes","400","16TH CONGRESS","MINERAL","310","11","DEMOCRATIC","0"
"6","0","BUREAU","0","Over Votes","400","16TH CONGRESS","MINERAL","310","11","DEMOCRATIC","0"
"6","0","BUREAU","0","Blank Ballots","400","16TH CONGRESS","PRINCETON 8","699","11","DEMOCRATIC","0"
"6","0","BUREAU","0","Under Votes","400","16TH CONGRESS","PRINCETON 8","699","11","DEMOCRATIC","0"
"6","0","BUREAU","0","Over Votes","400","16TH CONGRESS","PRINCETON 8","699","11","DEMOCRATIC","0"
"6","0","BUREAU","0","Blank Ballots","400","16TH CONGRESS","DOVER","370","11","DEMOCRATIC","0"
"6","0","BUREAU","0","Under Votes","400","16TH CONGRESS","DOVER","370","11","DEMOCRATIC","0"
"6","0","BUREAU","0","Over Votes","400","16TH CONGRESS","DOVER","370","11","DEMOCRATIC","0"
"6","0","BUREAU","0","Blank Ballots","400","16TH CONGRESS","MACON","133","11","DEMOCRATIC","0"
"6","0","BUREAU","0","Under Votes","400","16TH CONGRESS","MACON","133","11","DEMOCRATIC","0"
"6","0","BUREAU","0","Over Votes","400","16TH CONGRESS","MACON","133","11","DEMOCRATIC","0"
"6","0","BUREAU","0","Blank Ballots","400","16TH CONGRESS","PRINCETON 1","760","11","DEMOCRATIC","0"
"6","0","BUREAU","0","Under Votes","400","16TH CONGRESS","PRINCETON 1","760","11","DEMOCRATIC","0"
"6","0","BUREAU","0","Over Votes","400","16TH CONGRESS","PRINCETON 1","760","11","DEMOCRATIC","0"
"6","0","BUREAU","0","Blank Ballots","400","16TH CONGRESS","WYANET 2","384","11","DEMOCRATIC","0"
"6","0","BUREAU","0","Under Votes","400","16TH CONGRESS","WYANET 2","384","11","DEMOCRATIC","0"
"6","0","BUREAU","0","Over Votes","400","16TH CONGRESS","WYANET 2","384","11","DEMOCRATIC","0"
"104","64","CITY OF BLOOMINGTON","0","Blank Ballots","400","16TH CONGRESS","PRECINCT 10","243","11","DEMOCRATIC","13"
"104","64","CITY OF BLOOMINGTON","0","Over Votes","400","16TH CONGRESS","PRECINCT 10","243","11","DEMOCRATIC","0"
"104","64","CITY OF BLOOMINGTON","0","Blank Ballots","400","16TH CONGRESS","PRECINCT 34","649","11","DEMOCRATIC","20"
"104","64","CITY OF BLOOMINGTON","0","Over Votes","400","16TH CONGRESS","PRECINCT 34","649","11","DEMOCRATIC","0"
"104","64","CITY OF BLOOMINGTON","0","Blank Ballots","400","16TH CONGRESS","PRECINCT 60","776","11","DEMOCRATIC","51"
"104","64","CITY OF BLOOMINGTON","0","Over Votes","400","16TH CONGRESS","PRECINCT 60","776","11","DEMOCRATIC","0"
"104","64","CITY OF BLOOMINGTON","0","Blank Ballots","400","16TH CONGRESS","PRECINCT 56","514","11","DEMOCRATIC","26"
"104","64","CITY OF BLOOMINGTON","0","Over Votes","400","16TH CONGRESS","PRECINCT 56","514","11","DEMOCRATIC","0"
"104","64","CITY OF BLOOMINGTON","0","Blank Ballots","400","16TH CONGRESS","PRECINCT 33","1039","11","DEMOCRATIC","78"
"104","64","CITY OF BLOOMINGTON","0","Over Votes","400","16TH CONGRESS","PRECINCT 33","1039","11","DEMOCRATIC","0"
"104","64","CITY OF BLOOMINGTON","0","Blank Ballots","400","16TH CONGRESS","PRECINCT 47","620","11","DEMOCRATIC","22"
"104","64","CITY OF BLOOMINGTON","0","Over Votes","400","16TH CONGRESS","PRECINCT 47","620","11","DEMOCRATIC","0"
"104","64","CITY OF BLOOMINGTON","0","Blank Ballots","400","16TH CONGRESS","PRECINCT 48","1223","11","DEMOCRATIC","69"
"52","0","LEE","0","Blank Ballots","400","16TH CONGRESS","AMBOY 3","684","11","DEMOCRATIC","0"
"52","0","LEE","0","Over Votes","400","16TH CONGRESS","DIXON 6","566","11","DEMOCRATIC","0"
"52","0","LEE","0","Under Votes","400","16TH CONGRESS","DIXON 6","566","11","DEMOCRATIC","0"
"52","0","LEE","0","Blank Ballots","400","16TH CONGRESS","DIXON 6","566","11","DEMOCRATIC","0"
"52","0","LEE","0","Over Votes","400","16TH CONGRESS","DIXON 13","555","11","DEMOCRATIC","0"
"52","0","LEE","0","Under Votes","400","16TH CONGRESS","DIXON 13","555","11","DEMOCRATIC","0"
"52","0","LEE","0","Blank Ballots","400","16TH CONGRESS","DIXON 13","555","11","DEMOCRATIC","0"
"52","0","LEE","0","Over Votes","400","16TH CONGRESS","MARION","159","11","DEMOCRATIC","0"
"52","0","LEE","0","Under Votes","400","16TH CONGRESS","MARION","159","11","DEMOCRATIC","0"
"52","0","LEE","0","Blank Ballots","400","16TH CONGRESS","MARION","159","11","DEMOCRATIC","0"
"52","0","LEE","0","Over Votes","400","16TH CONGRESS","REYNOLDS","195","11","DEMOCRATIC","0"
"52","0","LEE","0","Under Votes","400","16TH CONGRESS","REYNOLDS","195","11","DEMOCRATIC","0"
"52","0","LEE","0","Blank Ballots","400","16TH CONGRESS","REYNOLDS","195","11","DEMOCRATIC","0"
"52","0","LEE","0","Under Votes","400","16TH CONGRESS","ASHTON 1","425","11","DEMOCRATIC","0"
"52","0","LEE","0","Blank Ballots","400","16TH CONGRESS","ASHTON 1","425","11","DEMOCRATIC","0"
"52","0","LEE","0","Over Votes","400","16TH CONGRESS","DIXON 3","679","11","DEMOCRATIC","0"
"52","0","LEE","0","Under Votes","400","16TH CONGRESS","DIXON 3","679","11","DEMOCRATIC","0"
"52","0","LEE","0","Blank Ballots","400","16TH CONGRESS","DIXON 3","679","11","DEMOCRATIC","0"
"52","0","LEE","0","Over Votes","400","16TH CONGRESS","DIXON 14","610","11","DEMOCRATIC","0"
"52","0","LEE","0","Under Votes","400","16TH CONGRESS","DIXON 14","610","11","DEMOCRATIC","0"
"52","0","LEE","0","Blank Ballots","400","16TH CONGRESS","DIXON 14","610","11","DEMOCRATIC","0"
"52","0","LEE","0","Over Votes","400","16TH CONGRESS","HAMILTON","92","11","DEMOCRATIC","0"
"52","0","LEE","0","Under Votes","400","16TH CONGRESS","HAMILTON","92","11","DEMOCRATIC","0"
"52","0","LEE","0","Blank Ballots","400","16TH CONGRESS","HAMILTON","92","11","DEMOCRATIC","0"
"52","0","LEE","0","Over Votes","400","16TH CONGRESS","SOUTH DIXON","711","11","DEMOCRATIC","0"
"52","0","LEE","0","Under Votes","400","16TH CONGRESS","SOUTH DIXON","711","11","DEMOCRATIC","0"
"52","0","LEE","0","Blank Ballots","400","16TH CONGRESS","SOUTH DIXON","711","11","DEMOCRATIC","0"
"52","0","LEE","0","Under Votes","400","16TH CONGRESS","EAST GROVE","186","11","DEMOCRATIC","0"
"52","0","LEE","0","Blank Ballots","400","16TH CONGRESS","EAST GROVE","186","11","DEMOCRATIC","0"
"52","0","LEE","0","Over Votes","400","16TH CONGRESS","MAY","173","11","DEMOCRATIC","0"
"52","0","LEE","0","Under Votes","400","16TH CONGRESS","MAY","173","11","DEMOCRATIC","0"
"52","0","LEE","0","Blank Ballots","400","16TH CONGRESS","MAY","173","11","DEMOCRATIC","0"
"52","0","LEE","0","Over Votes","400","16TH CONGRESS","PALMYRA 2","810","11","DEMOCRATIC","0"
"52","0","LEE","0","Under Votes","400","16TH CONGRESS","PALMYRA 2","810","11","DEMOCRATIC","0"
"52","0","LEE","0","Blank Ballots","400","16TH CONGRESS","PALMYRA 2","810","11","DEMOCRATIC","0"
"52","0","LEE","0","Over Votes","400","16TH CONGRESS","WYOMING 1","473","11","DEMOCRATIC","0"
"52","0","LEE","0","Under Votes","400","16TH CONGRESS","WYOMING 1","473","11","DEMOCRATIC","0"
"52","0","LEE","0","Blank Ballots","400","16TH CONGRESS","WYOMING 1","473","11","DEMOCRATIC","0"
"52","0","LEE","0","Over Votes","400","16TH CONGRESS","DIXON 1","418","11","DEMOCRATIC","0"
"52","0","LEE","0","Under Votes","400","16TH CONGRESS","DIXON 1","418","11","DEMOCRATIC","0"
"52","0","LEE","0","Blank Ballots","400","16TH CONGRESS","DIXON 1","418","11","DEMOCRATIC","0"
"52","0","LEE","0","Over Votes","400","16TH CONGRESS","DIXON 8","565","11","DEMOCRATIC","0"
"52","0","LEE","0","Under Votes","400","16TH CONGRESS","DIXON 8","565","11","DEMOCRATIC","0"
"52","0","LEE","0","Blank Ballots","400","16TH CONGRESS","DIXON 8","565","11","DEMOCRATIC","0"
"52","0","LEE","0","Over Votes","400","16TH CONGRESS","FRANKLIN GROVE 1","404","11","DEMOCRATIC","0"
"43","0","JoDAVIESS","0","Over Votes","400","16TH CONGRESS","RAWLINS","411","11","DEMOCRATIC","0"
"43","0","JoDAVIESS","0","Blank Ballots","400","16TH CONGRESS","RAWLINS","411","11","DEMOCRATIC","63"
"43","0","JoDAVIESS","0","Over Votes","400","16TH CONGRESS","WARREN","959","11","DEMOCRATIC","0"
"43","0","JoDAVIESS","0","Blank Ballots","400","16TH CONGRESS","WARREN","959","11","DEMOCRATIC","36"
"43","0","JoDAVIESS","0","Over Votes","400","16TH CONGRESS","WEST GALENA 1","957","11","DEMOCRATIC","0"
"43","0","JoDAVIESS","0","Blank Ballots","400","16TH CONGRESS","WEST GALENA 1","957","11","DEMOCRATIC","191"
"43","0","JoDAVIESS","0","Over Votes","400","16TH CONGRESS","DUNLEITH 1","824","11","DEMOCRATIC","0"
"43","0","JoDAVIESS","0","Blank Ballots","400","16TH CONGRESS","DUNLEITH 1","824","11","DEMOCRATIC","29"
"43","0","JoDAVIESS","0","Over Votes","400","16TH CONGRESS","WARDS GROVE","167","11","DEMOCRATIC","0"
"43","0","JoDAVIESS","0","Blank Ballots","400","16TH CONGRESS","WARDS GROVE","167","11","DEMOCRATIC","3"
"43","0","JoDAVIESS","0","Over Votes","400","16TH CONGRESS","DUNLEITH 2","624","11","DEMOCRATIC","0"
"43","0","JoDAVIESS","0","Blank Ballots","400","16TH CONGRESS","DUNLEITH 2","624","11","DEMOCRATIC","24"
"43","0","JoDAVIESS","0","Over Votes","400","16TH CONGRESS","GUILFORD","1448","11","DEMOCRATIC","0"
"43","0","JoDAVIESS","0","Blank Ballots","400","16TH CONGRESS","GUILFORD","1448","11","DEMOCRATIC","156"
"43","0","JoDAVIESS","0","Over Votes","400","16TH CONGRESS","RICE","256","11","DEMOCRATIC","0"
"43","0","JoDAVIESS","0","Blank Ballots","400","16TH CONGRESS","RICE","256","11","DEMOCRATIC","38"
"43","0","JoDAVIESS","0","Over Votes","400","16TH CONGRESS","RUSH","299","11","DEMOCRATIC","0"
"43","0","JoDAVIESS","0","Blank Ballots","400","16TH CONGRESS","RUSH","299","11","DEMOCRATIC","8"
"43","0","JoDAVIESS","0","Over Votes","400","16TH CONGRESS","SCALES MOUND","434","11","DEMOCRATIC","0"
"43","0","JoDAVIESS","0","Blank Ballots","400","16TH CONGRESS","SCALES MOUND","434","11","DEMOCRATIC","31"
"43","0","JoDAVIESS","0","Over Votes","400","16TH CONGRESS","WEST GALENA 2","564","11","DEMOCRATIC","0"
"43","0","JoDAVIESS","0","Blank Ballots","400","16TH CONGRESS","WEST GALENA 2","564","11","DEMOCRATIC","115"
"43","0","JoDAVIESS","0","Over Votes","400","16TH CONGRESS","DERINDA","207","11","DEMOCRATIC","0"
"43","0","JoDAVIESS","0","Blank Ballots","400","16TH CONGRESS","DERINDA","207","11","DEMOCRATIC","5"
"43","0","JoDAVIESS","0","Over Votes","400","16TH CONGRESS","DUNLEITH 3","927","11","DEMOCRATIC","0"
"43","0","JoDAVIESS","0","Blank Ballots","400","16TH CONGRESS","DUNLEITH 3","927","11","DEMOCRATIC","42"
"43","0","JoDAVIESS","0","Over Votes","400","16TH CONGRESS","WEST GALENA 3","732","11","DEMOCRATIC","0"
"43","0","JoDAVIESS","0","Blank Ballots","400","16TH CONGRESS","WEST GALENA 3","732","11","DEMOCRATIC","126"
"43","0","JoDAVIESS","0","Over Votes","400","16TH CONGRESS","APPLE RIVER","277","11","DEMOCRATIC","0"
"43","0","JoDAVIESS","0","Blank Ballots","400","16TH CONGRESS","APPLE RIVER","277","11","DEMOCRATIC","7"
"43","0","JoDAVIESS","0","Over Votes","400","16TH CONGRESS","MENOMINEE","755","11","DEMOCRATIC","0"
"43","0","JoDAVIESS","0","Blank Ballots","400","16TH CONGRESS","MENOMINEE","755","11","DEMOCRATIC","48"
"43","0","JoDAVIESS","0","Over Votes","400","16TH CONGRESS","NORA","227","11","DEMOCRATIC","0"
"43","0","JoDAVIESS","0","Blank Ballots","400","16TH CONGRESS","NORA","227","11","DEMOCRATIC","13"
"43","0","JoDAVIESS","0","Over Votes","400","16TH CONGRESS","THOMPSON","730","11","DEMOCRATIC","0"
"43","0","JoDAVIESS","0","Blank Ballots","400","16TH CONGRESS","THOMPSON","730","11","DEMOCRATIC","34"
"43","0","JoDAVIESS","0","Over Votes","400","16TH CONGRESS","EAST GALENA","1097","11","DEMOCRATIC","0"
"43","0","JoDAVIESS","0","Blank Ballots","400","16TH CONGRESS","EAST GALENA","1097","11","DEMOCRATIC","218"
"43","0","JoDAVIESS","0","Over Votes","400","16TH CONGRESS","ELIZABETH","745","11","DEMOCRATIC","0"
"43","0","JoDAVIESS","0","Blank Ballots","400","16TH CONGRESS","ELIZABETH","745","11","DEMOCRATIC","56"
"43","0","JoDAVIESS","0","Over Votes","400","16TH CONGRESS","HANOVER","740","11","DEMOCRATIC","0"
"43","0","JoDAVIESS","0","Blank Ballots","400","16TH CONGRESS","HANOVER","740","11","DEMOCRATIC","58"
"43","0","JoDAVIESS","0","Over Votes","400","16TH CONGRESS","WOODBINE","405","11","DEMOCRATIC","0"
"52","0","LEE","0","Blank Ballots","400","16TH CONGRESS","AMBOY 3","684","12","REPUBLICAN","0"
"52","0","LEE","385","DARIN LaHOOD","400","16TH CONGRESS","AMBOY 3","684","12","REPUBLICAN","93"
"52","0","LEE","0","Over Votes","400","16TH CONGRESS","AMBOY 3","684","12","REPUBLICAN","0"
"52","0","LEE","0","Under Votes","400","16TH CONGRESS","DIXON 6","566","12","REPUBLICAN","19"
"52","0","LEE","0","Blank Ballots","400","16TH CONGRESS","DIXON 6","566","12","REPUBLICAN","0"
"52","0","LEE","385","DARIN LaHOOD","400","16TH CONGRESS","DIXON 6","566","12","REPUBLICAN","62"
"52","0","LEE","0","Over Votes","400","16TH CONGRESS","DIXON 6","566","12","REPUBLICAN","0"
"52","0","LEE","0","Under Votes","400","16TH CONGRESS","DIXON 13","555","12","REPUBLICAN","23"
"52","0","LEE","0","Blank Ballots","400","16TH CONGRESS","DIXON 13","555","12","REPUBLICAN","0"
"52","0","LEE","385","DARIN LaHOOD","400","16TH CONGRESS","DIXON 13","555","12","REPUBLICAN","75"
"52","0","LEE","0","Over Votes","400","16TH CONGRESS","DIXON 13","555","12","REPUBLICAN","0"
"52","0","LEE","0","Under Votes","400","16TH CONGRESS","MARION","159","12","REPUBLICAN","7"
"52","0","LEE","0","Blank Ballots","400","16TH CONGRESS","MARION","159","12","REPUBLICAN","0"
"52","0","LEE","385","DARIN LaHOOD","400","16TH CONGRESS","MARION","159","12","REPUBLICAN","30"
"52","0","LEE","0","Over Votes","400","16TH CONGRESS","MARION","159","12","REPUBLICAN","0"
"52","0","LEE","0","Under Votes","400","16TH CONGRESS","REYNOLDS","195","12","REPUBLICAN","5"
"52","0","LEE","0","Blank Ballots","400","16TH CONGRESS","REYNOLDS","195","12","REPUBLICAN","0"
"52","0","LEE","385","DARIN LaHOOD","400","16TH CONGRESS","REYNOLDS","195","12","REPUBLICAN","41"
"52","0","LEE","0","Over Votes","400","16TH CONGRESS","REYNOLDS","195","12","REPUBLICAN","0"
"52","0","LEE","0","Over Votes","400","16TH CONGRESS","SUBLETTE","480","12","REPUBLICAN","0"
"52","0","LEE","0","Under Votes","400","16TH CONGRESS","SUBLETTE","480","12","REPUBLICAN","16"
"52","0","LEE","0","Blank Ballots","400","16TH CONGRESS","SUBLETTE","480","12","REPUBLICAN","0"
"52","0","LEE","385","DARIN LaHOOD","400","16TH CONGRESS","SUBLETTE","480","12","REPUBLICAN","80"
"52","0","LEE","385","DARIN LaHOOD","400","16TH CONGRESS","LEE CENTER","404","12","REPUBLICAN","73"
"52","0","LEE","0","Over Votes","400","16TH CONGRESS","LEE CENTER","404","12","REPUBLICAN","0"
"52","0","LEE","0","Over Votes","400","16TH CONGRESS","PALMYRA 3","729","12","REPUBLICAN","0"
"52","0","LEE","0","Under Votes","400","16TH CONGRESS","PALMYRA 3","729","12","REPUBLICAN","13"
"52","0","LEE","0","Blank Ballots","400","16TH CONGRESS","PALMYRA 3","729","12","REPUBLICAN","0"
"52","0","LEE","385","DARIN LaHOOD","400","16TH CONGRESS","PALMYRA 3","729","12","REPUBLICAN","92"
"52","0","LEE","0","Over Votes","400","16TH CONGRESS","ASHTON 2","301","12","REPUBLICAN","0"
"52","0","LEE","0","Under Votes","400","16TH CONGRESS","ASHTON 2","301","12","REPUBLICAN","12"
"52","0","LEE","0","Blank Ballots","400","16TH CONGRESS","ASHTON 2","301","12","REPUBLICAN","0"
"52","0","LEE","385","DARIN LaHOOD","400","16TH CONGRESS","ASHTON 2","301","12","REPUBLICAN","52"
"52","0","LEE","0","Over Votes","400","16TH CONGRESS","DIXON 4","654","12","REPUBLICAN","0"
"52","0","LEE","0","Under Votes","400","16TH CONGRESS","DIXON 4","654","12","REPUBLICAN","38"
"52","0","LEE","0","Blank Ballots","400","16TH CONGRESS","DIXON 4","654","12","REPUBLICAN","0"
"52","0","LEE","385","DARIN LaHOOD","400","16TH CONGRESS","DIXON 4","654","12","REPUBLICAN","91"
"52","0","LEE","0","Over Votes","400","16TH CONGRESS","DIXON 15","592","12","REPUBLICAN","0"
"52","0","LEE","0","Under Votes","400","16TH CONGRESS","DIXON 15","592","12","REPUBLICAN","26"
"52","0","LEE","0","Blank Ballots","400","16TH CONGRESS","DIXON 15","592","12","REPUBLICAN","0"
"52","0","LEE","385","DARIN LaHOOD","400","16TH CONGRESS","DIXON 15","592","12","REPUBLICAN","94"
"52","0","LEE","0","Over Votes","400","16TH CONGRESS","HARMON","252","12","REPUBLICAN","0"
"52","0","LEE","0","Under Votes","400","16TH CONGRESS","HARMON","252","12","REPUBLICAN","9"
"52","0","LEE","0","Blank Ballots","400","16TH CONGRESS","HARMON","252","12","REPUBLICAN","0"
"52","0","LEE","385","DARIN LaHOOD","400","16TH CONGRESS","HARMON","252","12","REPUBLICAN","23"
"52","0","LEE","0","Under Votes","400","16TH CONGRESS","FRANKLIN GROVE 1","404","11","DEMOCRATIC","0"
"52","0","LEE","0","Blank Ballots","400","16TH CONGRESS","FRANKLIN GROVE 1","404","11","DEMOCRATIC","0"
"52","0","LEE","0","Over Votes","400","16TH CONGRESS","NACHUSA","300","11","DEMOCRATIC","0"
"52","0","LEE","0","Under Votes","400","16TH CONGRESS","NACHUSA","300","11","DEMOCRATIC","0"
"52","0","LEE","0","Blank Ballots","400","16TH CONGRESS","NACHUSA","300","11","DEMOCRATIC","0"
"52","0","LEE","0","Over Votes","400","16TH CONGRESS","WYOMING 2","377","11","DEMOCRATIC","0"
"52","0","LEE","0","Under Votes","400","16TH CONGRESS","WYOMING 2","377","11","DEMOCRATIC","0"
"52","0","LEE","0","Blank Ballots","400","16TH CONGRESS","WYOMING 2","377","11","DEMOCRATIC","0"
"52","0","LEE","0","Over Votes","400","16TH CONGRESS","AMBOY 2","578","11","DEMOCRATIC","0"
"52","0","LEE","0","Under Votes","400","16TH CONGRESS","AMBOY 2","578","11","DEMOCRATIC","0"
"52","0","LEE","0","Blank Ballots","400","16TH CONGRESS","AMBOY 2","578","11","DEMOCRATIC","0"
"52","0","LEE","0","Over Votes","400","16TH CONGRESS","BRADFORD","187","11","DEMOCRATIC","0"
"52","0","LEE","0","Under Votes","400","16TH CONGRESS","BRADFORD","187","11","DEMOCRATIC","0"
"52","0","LEE","0","Blank Ballots","400","16TH CONGRESS","BRADFORD","187","11","DEMOCRATIC","0"
"52","0","LEE","0","Over Votes","400","16TH CONGRESS","DIXON 5","633","11","DEMOCRATIC","0"
"52","0","LEE","0","Under Votes","400","16TH CONGRESS","DIXON 5","633","11","DEMOCRATIC","0"
"52","0","LEE","0","Blank Ballots","400","16TH CONGRESS","DIXON 5","633","11","DEMOCRATIC","0"
"52","0","LEE","0","Over Votes","400","16TH CONGRESS","DIXON 12","570","11","DEMOCRATIC","0"
"52","0","LEE","0","Under Votes","400","16TH CONGRESS","DIXON 12","570","11","DEMOCRATIC","0"
"52","0","LEE","0","Blank Ballots","400","16TH CONGRESS","DIXON 12","570","11","DEMOCRATIC","0"
"52","0","LEE","0","Over Votes","400","16TH CONGRESS","LEE CENTER","404","11","DEMOCRATIC","0"
"52","0","LEE","0","Under Votes","400","16TH CONGRESS","LEE CENTER","404","11","DEMOCRATIC","0"
"52","0","LEE","0","Blank Ballots","400","16TH CONGRESS","LEE CENTER","404","11","DEMOCRATIC","0"
"52","0","LEE","0","Under Votes","400","16TH CONGRESS","PALMYRA 3","729","11","DEMOCRATIC","0"
"52","0","LEE","0","Blank Ballots","400","16TH CONGRESS","PALMYRA 3","729","11","DEMOCRATIC","0"
"52","0","LEE","0","Over Votes","400","16TH CONGRESS","PALMYRA 3","729","11","DEMOCRATIC","0"
"52","0","LEE","0","Blank Ballots","400","16TH CONGRESS","DIXON 4","654","11","DEMOCRATIC","0"
"52","0","LEE","0","Over Votes","400","16TH CONGRESS","DIXON 15","592","11","DEMOCRATIC","0"
"52","0","LEE","0","Under Votes","400","16TH CONGRESS","DIXON 15","592","11","DEMOCRATIC","0"
"52","0","LEE","0","Blank Ballots","400","16TH CONGRESS","DIXON 15","592","11","DEMOCRATIC","0"
"52","0","LEE","0","Over Votes","400","16TH CONGRESS","HARMON","252","11","DEMOCRATIC","0"
"52","0","LEE","0","Under Votes","400","16TH CONGRESS","HARMON","252","11","DEMOCRATIC","0"
"52","0","LEE","0","Blank Ballots","400","16TH CONGRESS","HARMON","252","11","DEMOCRATIC","0"
"52","0","LEE","0","Over Votes","400","16TH CONGRESS","SUBLETTE","480","11","DEMOCRATIC","0"
"52","0","LEE","0","Under Votes","400","16TH CONGRESS","SUBLETTE","480","11","DEMOCRATIC","0"
"52","0","LEE","0","Blank Ballots","400","16TH CONGRESS","SUBLETTE","480","11","DEMOCRATIC","0"
"50","0","LaSALLE","0","Blank Ballots","400","16TH CONGRESS","BRUCE 4","363","12","REPUBLICAN","0"
"50","0","LaSALLE","385","DARIN LaHOOD","400","16TH CONGRESS","BRUCE 4","363","12","REPUBLICAN","32"
"50","0","LaSALLE","0","Under Votes","400","16TH CONGRESS","BRUCE 4","363","12","REPUBLICAN","4"
"50","0","LaSALLE","0","Over Votes","400","16TH CONGRESS","BRUCE 4","363","12","REPUBLICAN","0"
"50","0","LaSALLE","0","Over Votes","400","16TH CONGRESS","DEER PARK","377","12","REPUBLICAN","0"
"50","0","LaSALLE","0","Blank Ballots","400","16TH CONGRESS","DEER PARK","377","12","REPUBLICAN","0"
"50","0","LaSALLE","385","DARIN LaHOOD","400","16TH CONGRESS","DEER PARK","377","12","REPUBLICAN","43"
"50","0","LaSALLE","0","Under Votes","400","16TH CONGRESS","DEER PARK","377","12","REPUBLICAN","4"
"50","0","LaSALLE","0","Blank Ballots","400","16TH CONGRESS","EDEN 1","644","12","REPUBLICAN","0"
"6","0","BUREAU","0","Over Votes","400","16TH CONGRESS","SELBY 2","420","12","REPUBLICAN","0"
"6","0","BUREAU","0","Blank Ballots","400","16TH CONGRESS","SELBY 2","420","12","REPUBLICAN","0"
"6","0","BUREAU","0","Under Votes","400","16TH CONGRESS","SELBY 2","420","12","REPUBLICAN","0"
"6","0","BUREAU","385","DARIN LaHOOD","400","16TH CONGRESS","WYANET 1","469","12","REPUBLICAN","58"
"6","0","BUREAU","0","Over Votes","400","16TH CONGRESS","WYANET 1","469","12","REPUBLICAN","0"
"6","0","BUREAU","0","Blank Ballots","400","16TH CONGRESS","WYANET 1","469","12","REPUBLICAN","0"
"6","0","BUREAU","0","Under Votes","400","16TH CONGRESS","WYANET 1","469","12","REPUBLICAN","8"
"6","0","BUREAU","385","DARIN LaHOOD","400","16TH CONGRESS","BUREAU","187","12","REPUBLICAN","27"
"6","0","BUREAU","0","Over Votes","400","16TH CONGRESS","BUREAU","187","12","REPUBLICAN","0"
"6","0","BUREAU","0","Blank Ballots","400","16TH CONGRESS","BUREAU","187","12","REPUBLICAN","0"
"6","0","BUREAU","0","Under Votes","400","16TH CONGRESS","BUREAU","187","12","REPUBLICAN","5"
"6","0","BUREAU","385","DARIN LaHOOD","400","16TH CONGRESS","GREENVILLE","217","12","REPUBLICAN","33"
"6","0","BUREAU","0","Over Votes","400","16TH CONGRESS","GREENVILLE","217","12","REPUBLICAN","0"
"6","0","BUREAU","0","Blank Ballots","400","16TH CONGRESS","GREENVILLE","217","12","REPUBLICAN","0"
"6","0","BUREAU","0","Under Votes","400","16TH CONGRESS","GREENVILLE","217","12","REPUBLICAN","5"
"6","0","BUREAU","385","DARIN LaHOOD","400","16TH CONGRESS","INDIANTOWN","436","12","REPUBLICAN","74"
"6","0","BUREAU","0","Over Votes","400","16TH CONGRESS","INDIANTOWN","436","12","REPUBLICAN","0"
"6","0","BUREAU","0","Blank Ballots","400","16TH CONGRESS","INDIANTOWN","436","12","REPUBLICAN","0"
"6","0","BUREAU","0","Blank Ballots","400","16TH CONGRESS","PRINCETON 5","566","12","REPUBLICAN","0"
"6","0","BUREAU","0","Under Votes","400","16TH CONGRESS","PRINCETON 5","566","12","REPUBLICAN","17"
"6","0","BUREAU","0","Blank Ballots","400","16TH CONGRESS","MILO","137","12","REPUBLICAN","0"
"6","0","BUREAU","0","Under Votes","400","16TH CONGRESS","MILO","137","12","REPUBLICAN","3"
"6","0","BUREAU","385","DARIN LaHOOD","400","16TH CONGRESS","MILO","137","12","REPUBLICAN","17"
"6","0","BUREAU","0","Over Votes","400","16TH CONGRESS","MILO","137","12","REPUBLICAN","0"
"6","0","BUREAU","385","DARIN LaHOOD","400","16TH CONGRESS","PRINCETON 7","646","12","REPUBLICAN","53"
"6","0","BUREAU","0","Over Votes","400","16TH CONGRESS","PRINCETON 7","646","12","REPUBLICAN","0"
"6","0","BUREAU","0","Blank Ballots","400","16TH CONGRESS","PRINCETON 7","646","12","REPUBLICAN","0"
"6","0","BUREAU","0","Under Votes","400","16TH CONGRESS","PRINCETON 7","646","12","REPUBLICAN","9"
"6","0","BUREAU","385","DARIN LaHOOD","400","16TH CONGRESS","WALNUT 2","537","12","REPUBLICAN","82"
"6","0","BUREAU","0","Over Votes","400","16TH CONGRESS","WALNUT 2","537","12","REPUBLICAN","0"
"6","0","BUREAU","0","Blank Ballots","400","16TH CONGRESS","WALNUT 2","537","12","REPUBLICAN","0"
"6","0","BUREAU","0","Under Votes","400","16TH CONGRESS","WALNUT 2","537","12","REPUBLICAN","9"
"6","0","BUREAU","0","Under Votes","400","16TH CONGRESS","CONCORD 1","598","12","REPUBLICAN","6"
"6","0","BUREAU","385","DARIN LaHOOD","400","16TH CONGRESS","LA MOILLE 2","158","12","REPUBLICAN","38"
"6","0","BUREAU","0","Over Votes","400","16TH CONGRESS","LA MOILLE 2","158","12","REPUBLICAN","0"
"6","0","BUREAU","0","Blank Ballots","400","16TH CONGRESS","LA MOILLE 2","158","12","REPUBLICAN","0"
"6","0","BUREAU","0","Under Votes","400","16TH CONGRESS","LA MOILLE 2","158","12","REPUBLICAN","6"
"6","0","BUREAU","385","DARIN LaHOOD","400","16TH CONGRESS","PRINCETON 3","793","12","REPUBLICAN","106"
"6","0","BUREAU","0","Over Votes","400","16TH CONGRESS","PRINCETON 3","793","12","REPUBLICAN","0"
"6","0","BUREAU","0","Blank Ballots","400","16TH CONGRESS","PRINCETON 3","793","12","REPUBLICAN","0"
"6","0","BUREAU","0","Under Votes","400","16TH CONGRESS","PRINCETON 3","793","12","REPUBLICAN","21"
"6","0","BUREAU","385","DARIN LaHOOD","400","16TH CONGRESS","SELBY 1","249","12","REPUBLICAN","0"
"6","0","BUREAU","0","Over Votes","400","16TH CONGRESS","SELBY 1","249","12","REPUBLICAN","0"
"6","0","BUREAU","0","Blank Ballots","400","16TH CONGRESS","SELBY 1","249","12","REPUBLICAN","0"
"43","0","JoDAVIESS","0","Blank Ballots","400","16TH CONGRESS","WOODBINE","405","11","DEMOCRATIC","22"
"104","64","CITY OF BLOOMINGTON","0","Over Votes","400","16TH CONGRESS","PRECINCT 25","1254","12","REPUBLICAN","0"
"104","64","CITY OF BLOOMINGTON","385","DARIN LaHOOD","400","16TH CONGRESS","PRECINCT 25","1254","12","REPUBLICAN","111"
"104","64","CITY OF BLOOMINGTON","0","Under Votes","400","16TH CONGRESS","PRECINCT 25","1254","12","REPUBLICAN","16"
"104","64","CITY OF BLOOMINGTON","0","Over Votes","400","16TH CONGRESS","PRECINCT 36","924","12","REPUBLICAN","0"
"104","64","CITY OF BLOOMINGTON","385","DARIN LaHOOD","400","16TH CONGRESS","PRECINCT 36","924","12","REPUBLICAN","92"
"104","64","CITY OF BLOOMINGTON","0","Under Votes","400","16TH CONGRESS","PRECINCT 36","924","12","REPUBLICAN","14"
"104","64","CITY OF BLOOMINGTON","0","Over Votes","400","16TH CONGRESS","PRECINCT 50","565","12","REPUBLICAN","0"
"104","64","CITY OF BLOOMINGTON","385","DARIN LaHOOD","400","16TH CONGRESS","PRECINCT 50","565","12","REPUBLICAN","68"
"104","64","CITY OF BLOOMINGTON","0","Under Votes","400","16TH CONGRESS","PRECINCT 50","565","12","REPUBLICAN","16"
"104","64","CITY OF BLOOMINGTON","0","Over Votes","400","16TH CONGRESS","PRECINCT 54","528","12","REPUBLICAN","0"
"104","64","CITY OF BLOOMINGTON","385","DARIN LaHOOD","400","16TH CONGRESS","PRECINCT 54","528","12","REPUBLICAN","41"
"104","64","CITY OF BLOOMINGTON","0","Under Votes","400","16TH CONGRESS","PRECINCT 54","528","12","REPUBLICAN","9"
"104","64","CITY OF BLOOMINGTON","0","Over Votes","400","16TH CONGRESS","PRECINCT 3","840","12","REPUBLICAN","0"
"104","64","CITY OF BLOOMINGTON","385","DARIN LaHOOD","400","16TH CONGRESS","PRECINCT 3","840","12","REPUBLICAN","111"
"104","64","CITY OF BLOOMINGTON","0","Under Votes","400","16TH CONGRESS","PRECINCT 3","840","12","REPUBLICAN","22"
"104","64","CITY OF BLOOMINGTON","0","Over Votes","400","16TH CONGRESS","PRECINCT 37","709","12","REPUBLICAN","0"
"104","64","CITY OF BLOOMINGTON","385","DARIN LaHOOD","400","16TH CONGRESS","PRECINCT 37","709","12","REPUBLICAN","72"
"104","64","CITY OF BLOOMINGTON","0","Under Votes","400","16TH CONGRESS","PRECINCT 37","709","12","REPUBLICAN","12"
"104","64","CITY OF BLOOMINGTON","0","Over Votes","400","16TH CONGRESS","PRECINCT 40","1174","12","REPUBLICAN","0"
"104","64","CITY OF BLOOMINGTON","385","DARIN LaHOOD","400","16TH CONGRESS","PRECINCT 40","1174","12","REPUBLICAN","91"
"104","64","CITY OF BLOOMINGTON","0","Under Votes","400","16TH CONGRESS","PRECINCT 40","1174","12","REPUBLICAN","15"
"104","64","CITY OF BLOOMINGTON","0","Over Votes","400","16TH CONGRESS","PRECINCT 51","1181","12","REPUBLICAN","0"
"104","64","CITY OF BLOOMINGTON","385","DARIN LaHOOD","400","16TH CONGRESS","PRECINCT 51","1181","12","REPUBLICAN","81"
"104","64","CITY OF BLOOMINGTON","0","Under Votes","400","16TH CONGRESS","PRECINCT 51","1181","12","REPUBLICAN","10"
"104","64","CITY OF BLOOMINGTON","0","Over Votes","400","16TH CONGRESS","PRECINCT 52","1138","12","REPUBLICAN","0"
"104","64","CITY OF BLOOMINGTON","385","DARIN LaHOOD","400","16TH CONGRESS","PRECINCT 52","1138","12","REPUBLICAN","22"
"104","64","CITY OF BLOOMINGTON","0","Under Votes","400","16TH CONGRESS","PRECINCT 52","1138","12","REPUBLICAN","1"
"104","64","CITY OF BLOOMINGTON","0","Over Votes","400","16TH CONGRESS","PRECINCT 55","1277","12","REPUBLICAN","0"
"104","64","CITY OF BLOOMINGTON","385","DARIN LaHOOD","400","16TH CONGRESS","PRECINCT 55","1277","12","REPUBLICAN","150"
"104","64","CITY OF BLOOMINGTON","0","Under Votes","400","16TH CONGRESS","PRECINCT 55","1277","12","REPUBLICAN","18"
"104","64","CITY OF BLOOMINGTON","0","Over Votes","400","16TH CONGRESS","PRECINCT 33","1039","12","REPUBLICAN","0"
"104","64","CITY OF BLOOMINGTON","385","DARIN LaHOOD","400","16TH CONGRESS","PRECINCT 33","1039","12","REPUBLICAN","133"
"104","64","CITY OF BLOOMINGTON","0","Under Votes","400","16TH CONGRESS","PRECINCT 33","1039","12","REPUBLICAN","22"
"104","64","CITY OF BLOOMINGTON","0","Over Votes","400","16TH CONGRESS","PRECINCT 47","620","12","REPUBLICAN","0"
"104","64","CITY OF BLOOMINGTON","385","DARIN LaHOOD","400","16TH CONGRESS","PRECINCT 47","620","12","REPUBLICAN","31"
"104","64","CITY OF BLOOMINGTON","0","Under Votes","400","16TH CONGRESS","PRECINCT 47","620","12","REPUBLICAN","2"
"104","64","CITY OF BLOOMINGTON","0","Over Votes","400","16TH CONGRESS","PRECINCT 48","1223","12","REPUBLICAN","0"
"104","64","CITY OF BLOOMINGTON","385","DARIN LaHOOD","400","16TH CONGRESS","PRECINCT 48","1223","12","REPUBLICAN","107"
"104","64","CITY OF BLOOMINGTON","0","Under Votes","400","16TH CONGRESS","PRECINCT 48","1223","12","REPUBLICAN","16"
"50","0","LaSALLE","385","DARIN LaHOOD","400","16TH CONGRESS","EDEN 1","644","12","REPUBLICAN","61"
"50","0","LaSALLE","0","Under Votes","400","16TH CONGRESS","EDEN 1","644","12","REPUBLICAN","10"
"50","0","LaSALLE","0","Over Votes","400","16TH CONGRESS","EDEN 1","644","12","REPUBLICAN","0"
"50","0","LaSALLE","0","Over Votes","400","16TH CONGRESS","BRUCE 5","667","12","REPUBLICAN","0"
"50","0","LaSALLE","0","Blank Ballots","400","16TH CONGRESS","BRUCE 5","667","12","REPUBLICAN","0"
"50","0","LaSALLE","385","DARIN LaHOOD","400","16TH CONGRESS","BRUCE 5","667","12","REPUBLICAN","55"
"50","0","LaSALLE","0","Under Votes","400","16TH CONGRESS","BRUCE 5","667","12","REPUBLICAN","9"
"50","0","LaSALLE","0","Over Votes","400","16TH CONGRESS","OTTER CREEK 3","688","12","REPUBLICAN","0"
"50","0","LaSALLE","0","Blank Ballots","400","16TH CONGRESS","OTTER CREEK 3","688","12","REPUBLICAN","0"
"50","0","LaSALLE","385","DARIN LaHOOD","400","16TH CONGRESS","OTTER CREEK 3","688","12","REPUBLICAN","81"
"50","0","LaSALLE","0","Under Votes","400","16TH CONGRESS","OTTER CREEK 3","688","12","REPUBLICAN","7"
"50","0","LaSALLE","0","Over Votes","400","16TH CONGRESS","VERMILLION","275","12","REPUBLICAN","0"
"50","0","LaSALLE","0","Blank Ballots","400","16TH CONGRESS","VERMILLION","275","12","REPUBLICAN","0"
"50","0","LaSALLE","385","DARIN LaHOOD","400","16TH CONGRESS","VERMILLION","275","12","REPUBLICAN","40"
"50","0","LaSALLE","0","Under Votes","400","16TH CONGRESS","VERMILLION","275","12","REPUBLICAN","4"
"50","0","LaSALLE","0","Over Votes","400","16TH CONGRESS","BRUCE 2","576","12","REPUBLICAN","0"
"50","0","LaSALLE","0","Blank Ballots","400","16TH CONGRESS","BRUCE 2","576","12","REPUBLICAN","0"
"50","0","LaSALLE","385","DARIN LaHOOD","400","16TH CONGRESS","BRUCE 2","576","12","REPUBLICAN","51"
"50","0","LaSALLE","0","Under Votes","400","16TH CONGRESS","BRUCE 2","576","12","REPUBLICAN","7"
"50","0","LaSALLE","0","Over Votes","400","16TH CONGRESS","BRUCE 9","629","12","REPUBLICAN","0"
"50","0","LaSALLE","0","Blank Ballots","400","16TH CONGRESS","BRUCE 9","629","12","REPUBLICAN","0"
"50","0","LaSALLE","385","DARIN LaHOOD","400","16TH CONGRESS","BRUCE 9","629","12","REPUBLICAN","70"
"50","0","LaSALLE","0","Under Votes","400","16TH CONGRESS","BRUCE 9","629","12","REPUBLICAN","9"
"50","0","LaSALLE","0","Over Votes","400","16TH CONGRESS","GRAND RAPIDS","206","12","REPUBLICAN","0"
"50","0","LaSALLE","0","Blank Ballots","400","16TH CONGRESS","GRAND RAPIDS","206","12","REPUBLICAN","0"
"50","0","LaSALLE","385","DARIN LaHOOD","400","16TH CONGRESS","GRAND RAPIDS","206","12","REPUBLICAN","37"
"50","0","LaSALLE","0","Under Votes","400","16TH CONGRESS","GRAND RAPIDS","206","12","REPUBLICAN","2"
"50","0","LaSALLE","0","Over Votes","400","16TH CONGRESS","BRUCE 1","555","12","REPUBLICAN","0"
"50","0","LaSALLE","0","Blank Ballots","400","16TH CONGRESS","BRUCE 1","555","12","REPUBLICAN","0"
"50","0","LaSALLE","385","DARIN LaHOOD","400","16TH CONGRESS","BRUCE 1","555","12","REPUBLICAN","39"
"50","0","LaSALLE","0","Under Votes","400","16TH CONGRESS","BRUCE 1","555","12","REPUBLICAN","3"
"50","0","LaSALLE","0","Over Votes","400","16TH CONGRESS","BRUCE 8","412","12","REPUBLICAN","0"
"50","0","LaSALLE","0","Blank Ballots","400","16TH CONGRESS","BRUCE 8","412","12","REPUBLICAN","0"
"50","0","LaSALLE","385","DARIN LaHOOD","400","16TH CONGRESS","BRUCE 8","412","12","REPUBLICAN","21"
"50","0","LaSALLE","0","Under Votes","400","16TH CONGRESS","BRUCE 8","412","12","REPUBLICAN","8"
"50","0","LaSALLE","0","Over Votes","400","16TH CONGRESS","BRUCE 12","519","12","REPUBLICAN","0"
"50","0","LaSALLE","0","Blank Ballots","400","16TH CONGRESS","BRUCE 12","519","12","REPUBLICAN","0"
"50","0","LaSALLE","385","DARIN LaHOOD","400","16TH CONGRESS","BRUCE 12","519","12","REPUBLICAN","52"
"50","0","LaSALLE","0","Under Votes","400","16TH CONGRESS","BRUCE 12","519","12","REPUBLICAN","6"
"50","0","LaSALLE","0","Over Votes","400","16TH CONGRESS","EAGLE 3","220","12","REPUBLICAN","0"
"50","0","LaSALLE","0","Blank Ballots","400","16TH CONGRESS","EAGLE 3","220","12","REPUBLICAN","0"
"50","0","LaSALLE","385","DARIN LaHOOD","400","16TH CONGRESS","EAGLE 3","220","12","REPUBLICAN","30"
"50","0","LaSALLE","0","Under Votes","400","16TH CONGRESS","EAGLE 3","220","12","REPUBLICAN","3"
"104","64","CITY OF BLOOMINGTON","0","Over Votes","400","16TH CONGRESS","PRECINCT 15","1170","12","REPUBLICAN","0"
"104","64","CITY OF BLOOMINGTON","385","DARIN LaHOOD","400","16TH CONGRESS","PRECINCT 15","1170","12","REPUBLICAN","3"
"104","64","CITY OF BLOOMINGTON","0","Under Votes","400","16TH CONGRESS","PRECINCT 15","1170","12","REPUBLICAN","0"
"104","64","CITY OF BLOOMINGTON","0","Over Votes","400","16TH CONGRESS","PRECINCT 39","907","12","REPUBLICAN","0"
"104","64","CITY OF BLOOMINGTON","385","DARIN LaHOOD","400","16TH CONGRESS","PRECINCT 39","907","12","REPUBLICAN","120"
"104","64","CITY OF BLOOMINGTON","0","Under Votes","400","16TH CONGRESS","PRECINCT 39","907","12","REPUBLICAN","24"
"104","64","CITY OF BLOOMINGTON","0","Over Votes","400","16TH CONGRESS","PRECINCT 42","820","12","REPUBLICAN","0"
"104","64","CITY OF BLOOMINGTON","385","DARIN LaHOOD","400","16TH CONGRESS","PRECINCT 42","820","12","REPUBLICAN","78"
"104","64","CITY OF BLOOMINGTON","0","Under Votes","400","16TH CONGRESS","PRECINCT 42","820","12","REPUBLICAN","7"
"104","64","CITY OF BLOOMINGTON","0","Over Votes","400","16TH CONGRESS","PRECINCT 2","949","12","REPUBLICAN","0"
"104","64","CITY OF BLOOMINGTON","385","DARIN LaHOOD","400","16TH CONGRESS","PRECINCT 2","949","12","REPUBLICAN","79"
"104","64","CITY OF BLOOMINGTON","0","Under Votes","400","16TH CONGRESS","PRECINCT 2","949","12","REPUBLICAN","4"
"104","64","CITY OF BLOOMINGTON","0","Over Votes","400","16TH CONGRESS","PRECINCT 11","1221","12","REPUBLICAN","0"
"104","64","CITY OF BLOOMINGTON","385","DARIN LaHOOD","400","16TH CONGRESS","PRECINCT 11","1221","12","REPUBLICAN","146"
"104","64","CITY OF BLOOMINGTON","0","Under Votes","400","16TH CONGRESS","PRECINCT 11","1221","12","REPUBLICAN","11"
"104","64","CITY OF BLOOMINGTON","0","Over Votes","400","16TH CONGRESS","PRECINCT 14","710","12","REPUBLICAN","0"
"104","64","CITY OF BLOOMINGTON","385","DARIN LaHOOD","400","16TH CONGRESS","PRECINCT 14","710","12","REPUBLICAN","80"
"104","64","CITY OF BLOOMINGTON","0","Under Votes","400","16TH CONGRESS","PRECINCT 14","710","12","REPUBLICAN","12"
"104","64","CITY OF BLOOMINGTON","0","Over Votes","400","16TH CONGRESS","PRECINCT 35","971","12","REPUBLICAN","0"
"104","64","CITY OF BLOOMINGTON","385","DARIN LaHOOD","400","16TH CONGRESS","PRECINCT 35","971","12","REPUBLICAN","73"
"104","64","CITY OF BLOOMINGTON","0","Under Votes","400","16TH CONGRESS","PRECINCT 35","971","12","REPUBLICAN","11"
"104","64","CITY OF BLOOMINGTON","0","Over Votes","400","16TH CONGRESS","PRECINCT 38","1179","12","REPUBLICAN","0"
"104","64","CITY OF BLOOMINGTON","385","DARIN LaHOOD","400","16TH CONGRESS","PRECINCT 38","1179","12","REPUBLICAN","85"
"104","64","CITY OF BLOOMINGTON","0","Under Votes","400","16TH CONGRESS","PRECINCT 38","1179","12","REPUBLICAN","10"
"104","64","CITY OF BLOOMINGTON","0","Over Votes","400","16TH CONGRESS","PRECINCT 49","808","12","REPUBLICAN","0"
"104","64","CITY OF BLOOMINGTON","385","DARIN LaHOOD","400","16TH CONGRESS","PRECINCT 49","808","12","REPUBLICAN","60"
"104","64","CITY OF BLOOMINGTON","0","Under Votes","400","16TH CONGRESS","PRECINCT 49","808","12","REPUBLICAN","16"
"104","64","CITY OF BLOOMINGTON","0","Over Votes","400","16TH CONGRESS","PRECINCT 53","768","12","REPUBLICAN","0"
"104","64","CITY OF BLOOMINGTON","385","DARIN LaHOOD","400","16TH CONGRESS","PRECINCT 53","768","12","REPUBLICAN","66"
"104","64","CITY OF BLOOMINGTON","0","Under Votes","400","16TH CONGRESS","PRECINCT 53","768","12","REPUBLICAN","9"
"104","64","CITY OF BLOOMINGTON","0","Over Votes","400","16TH CONGRESS","PRECINCT 17","994","12","REPUBLICAN","0"
"104","64","CITY OF BLOOMINGTON","385","DARIN LaHOOD","400","16TH CONGRESS","PRECINCT 17","994","12","REPUBLICAN","6"
"104","64","CITY OF BLOOMINGTON","0","Under Votes","400","16TH CONGRESS","PRECINCT 17","994","12","REPUBLICAN","0"
"104","64","CITY OF BLOOMINGTON","0","Over Votes","400","16TH CONGRESS","PRECINCT 43","1011","12","REPUBLICAN","0"
"104","64","CITY OF BLOOMINGTON","385","DARIN LaHOOD","400","16TH CONGRESS","PRECINCT 43","1011","12","REPUBLICAN","94"
"104","64","CITY OF BLOOMINGTON","0","Under Votes","400","16TH CONGRESS","PRECINCT 43","1011","12","REPUBLICAN","18"
"104","64","CITY OF BLOOMINGTON","0","Over Votes","400","16TH CONGRESS","PRECINCT 44","901","12","REPUBLICAN","0"
"104","64","CITY OF BLOOMINGTON","385","DARIN LaHOOD","400","16TH CONGRESS","PRECINCT 44","901","12","REPUBLICAN","114"
"104","64","CITY OF BLOOMINGTON","0","Under Votes","400","16TH CONGRESS","PRECINCT 44","901","12","REPUBLICAN","11"
"104","64","CITY OF BLOOMINGTON","0","Over Votes","400","16TH CONGRESS","PRECINCT 45","800","12","REPUBLICAN","0"
"104","64","CITY OF BLOOMINGTON","0","Over Votes","400","16TH CONGRESS","PRECINCT 48","1223","11","DEMOCRATIC","0"
"104","64","CITY OF BLOOMINGTON","0","Blank Ballots","400","16TH CONGRESS","PRECINCT 2","949","11","DEMOCRATIC","47"
"104","64","CITY OF BLOOMINGTON","0","Over Votes","400","16TH CONGRESS","PRECINCT 2","949","11","DEMOCRATIC","0"
"104","64","CITY OF BLOOMINGTON","0","Blank Ballots","400","16TH CONGRESS","PRECINCT 11","1221","11","DEMOCRATIC","70"
"104","64","CITY OF BLOOMINGTON","0","Over Votes","400","16TH CONGRESS","PRECINCT 11","1221","11","DEMOCRATIC","0"
"104","64","CITY OF BLOOMINGTON","0","Blank Ballots","400","16TH CONGRESS","PRECINCT 14","710","11","DEMOCRATIC","45"
"104","64","CITY OF BLOOMINGTON","0","Over Votes","400","16TH CONGRESS","PRECINCT 14","710","11","DEMOCRATIC","0"
"104","64","CITY OF BLOOMINGTON","0","Blank Ballots","400","16TH CONGRESS","PRECINCT 35","971","11","DEMOCRATIC","64"
"104","64","CITY OF BLOOMINGTON","0","Over Votes","400","16TH CONGRESS","PRECINCT 35","971","11","DEMOCRATIC","0"
"104","64","CITY OF BLOOMINGTON","0","Blank Ballots","400","16TH CONGRESS","PRECINCT 38","1179","11","DEMOCRATIC","51"
"104","64","CITY OF BLOOMINGTON","0","Over Votes","400","16TH CONGRESS","PRECINCT 38","1179","11","DEMOCRATIC","0"
"104","64","CITY OF BLOOMINGTON","0","Blank Ballots","400","16TH CONGRESS","PRECINCT 49","808","11","DEMOCRATIC","36"
"104","64","CITY OF BLOOMINGTON","0","Over Votes","400","16TH CONGRESS","PRECINCT 49","808","11","DEMOCRATIC","0"
"104","64","CITY OF BLOOMINGTON","0","Blank Ballots","400","16TH CONGRESS","PRECINCT 53","768","11","DEMOCRATIC","50"
"104","64","CITY OF BLOOMINGTON","0","Over Votes","400","16TH CONGRESS","PRECINCT 53","768","11","DEMOCRATIC","0"
"104","64","CITY OF BLOOMINGTON","0","Blank Ballots","400","16TH CONGRESS","PRECINCT 3","840","11","DEMOCRATIC","80"
"104","64","CITY OF BLOOMINGTON","0","Over Votes","400","16TH CONGRESS","PRECINCT 3","840","11","DEMOCRATIC","0"
"104","64","CITY OF BLOOMINGTON","0","Blank Ballots","400","16TH CONGRESS","PRECINCT 37","709","11","DEMOCRATIC","42"
"104","64","CITY OF BLOOMINGTON","0","Over Votes","400","16TH CONGRESS","PRECINCT 37","709","11","DEMOCRATIC","0"
"104","64","CITY OF BLOOMINGTON","0","Blank Ballots","400","16TH CONGRESS","PRECINCT 40","1174","11","DEMOCRATIC","57"
"104","64","CITY OF BLOOMINGTON","0","Over Votes","400","16TH CONGRESS","PRECINCT 40","1174","11","DEMOCRATIC","0"
"104","64","CITY OF BLOOMINGTON","0","Blank Ballots","400","16TH CONGRESS","PRECINCT 51","1181","11","DEMOCRATIC","46"
"104","64","CITY OF BLOOMINGTON","0","Over Votes","400","16TH CONGRESS","PRECINCT 51","1181","11","DEMOCRATIC","0"
"104","64","CITY OF BLOOMINGTON","0","Blank Ballots","400","16TH CONGRESS","PRECINCT 52","1138","11","DEMOCRATIC","7"
"104","64","CITY OF BLOOMINGTON","0","Over Votes","400","16TH CONGRESS","PRECINCT 52","1138","11","DEMOCRATIC","0"
"104","64","CITY OF BLOOMINGTON","0","Blank Ballots","400","16TH CONGRESS","PRECINCT 55","1277","11","DEMOCRATIC","87"
"104","64","CITY OF BLOOMINGTON","0","Over Votes","400","16TH CONGRESS","PRECINCT 55","1277","11","DEMOCRATIC","0"
"104","64","CITY OF BLOOMINGTON","0","Blank Ballots","400","16TH CONGRESS","PRECINCT 25","1254","11","DEMOCRATIC","88"
"104","64","CITY OF BLOOMINGTON","0","Over Votes","400","16TH CONGRESS","PRECINCT 25","1254","11","DEMOCRATIC","0"
"104","64","CITY OF BLOOMINGTON","0","Blank Ballots","400","16TH CONGRESS","PRECINCT 36","924","11","DEMOCRATIC","59"
"104","64","CITY OF BLOOMINGTON","0","Over Votes","400","16TH CONGRESS","PRECINCT 36","924","11","DEMOCRATIC","0"
"104","64","CITY OF BLOOMINGTON","0","Blank Ballots","400","16TH CONGRESS","PRECINCT 50","565","11","DEMOCRATIC","19"
"104","64","CITY OF BLOOMINGTON","0","Over Votes","400","16TH CONGRESS","PRECINCT 50","565","11","DEMOCRATIC","0"
"104","64","CITY OF BLOOMINGTON","0","Blank Ballots","400","16TH CONGRESS","PRECINCT 54","528","11","DEMOCRATIC","22"
"104","64","CITY OF BLOOMINGTON","0","Over Votes","400","16TH CONGRESS","PRECINCT 54","528","11","DEMOCRATIC","0"
"104","64","CITY OF BLOOMINGTON","0","Blank Ballots","400","16TH CONGRESS","PRECINCT 15","1170","11","DEMOCRATIC","3"
"104","64","CITY OF BLOOMINGTON","0","Over Votes","400","16TH CONGRESS","PRECINCT 15","1170","11","DEMOCRATIC","0"
"104","64","CITY OF BLOOMINGTON","0","Blank Ballots","400","16TH CONGRESS","PRECINCT 39","907","11","DEMOCRATIC","58"
"104","64","CITY OF BLOOMINGTON","0","Over Votes","400","16TH CONGRESS","PRECINCT 39","907","11","DEMOCRATIC","0"
"104","64","CITY OF BLOOMINGTON","0","Blank Ballots","400","16TH CONGRESS","PRECINCT 42","820","11","DEMOCRATIC","49"
"52","0","LEE","0","Blank Ballots","400","16TH CONGRESS","MAY","173","12","REPUBLICAN","0"
"52","0","LEE","385","DARIN LaHOOD","400","16TH CONGRESS","MAY","173","12","REPUBLICAN","22"
"52","0","LEE","0","Under Votes","400","16TH CONGRESS","PALMYRA 2","810","12","REPUBLICAN","37"
"52","0","LEE","0","Blank Ballots","400","16TH CONGRESS","PALMYRA 2","810","12","REPUBLICAN","0"
"52","0","LEE","385","DARIN LaHOOD","400","16TH CONGRESS","PALMYRA 2","810","12","REPUBLICAN","171"
"52","0","LEE","0","Over Votes","400","16TH CONGRESS","PALMYRA 2","810","12","REPUBLICAN","0"
"52","0","LEE","0","Under Votes","400","16TH CONGRESS","WYOMING 1","473","12","REPUBLICAN","9"
"52","0","LEE","0","Blank Ballots","400","16TH CONGRESS","WYOMING 1","473","12","REPUBLICAN","0"
"52","0","LEE","385","DARIN LaHOOD","400","16TH CONGRESS","WYOMING 1","473","12","REPUBLICAN","62"
"52","0","LEE","0","Over Votes","400","16TH CONGRESS","WYOMING 1","473","12","REPUBLICAN","0"
"52","0","LEE","0","Under Votes","400","16TH CONGRESS","ALTO","362","12","REPUBLICAN","11"
"52","0","LEE","0","Blank Ballots","400","16TH CONGRESS","ALTO","362","12","REPUBLICAN","0"
"52","0","LEE","385","DARIN LaHOOD","400","16TH CONGRESS","ALTO","362","12","REPUBLICAN","57"
"52","0","LEE","0","Over Votes","400","16TH CONGRESS","ALTO","362","12","REPUBLICAN","0"
"52","0","LEE","0","Under Votes","400","16TH CONGRESS","BROOKLYN 1","181","12","REPUBLICAN","6"
"52","0","LEE","0","Blank Ballots","400","16TH CONGRESS","BROOKLYN 1","181","12","REPUBLICAN","0"
"52","0","LEE","385","DARIN LaHOOD","400","16TH CONGRESS","BROOKLYN 1","181","12","REPUBLICAN","23"
"52","0","LEE","0","Over Votes","400","16TH CONGRESS","BROOKLYN 1","181","12","REPUBLICAN","0"
"52","0","LEE","0","Under Votes","400","16TH CONGRESS","DIXON 10","568","12","REPUBLICAN","25"
"52","0","LEE","0","Blank Ballots","400","16TH CONGRESS","DIXON 10","568","12","REPUBLICAN","0"
"52","0","LEE","385","DARIN LaHOOD","400","16TH CONGRESS","DIXON 10","568","12","REPUBLICAN","99"
"52","0","LEE","0","Over Votes","400","16TH CONGRESS","DIXON 10","568","12","REPUBLICAN","0"
"52","0","LEE","0","Under Votes","400","16TH CONGRESS","DIXON 17","654","12","REPUBLICAN","15"
"52","0","LEE","0","Blank Ballots","400","16TH CONGRESS","DIXON 17","654","12","REPUBLICAN","0"
"52","0","LEE","385","DARIN LaHOOD","400","16TH CONGRESS","DIXON 17","654","12","REPUBLICAN","74"
"52","0","LEE","0","Over Votes","400","16TH CONGRESS","DIXON 17","654","12","REPUBLICAN","0"
"52","0","LEE","0","Under Votes","400","16TH CONGRESS","PALMYRA 1","580","12","REPUBLICAN","30"
"52","0","LEE","0","Blank Ballots","400","16TH CONGRESS","PALMYRA 1","580","12","REPUBLICAN","0"
"52","0","LEE","385","DARIN LaHOOD","400","16TH CONGRESS","PALMYRA 1","580","12","REPUBLICAN","90"
"52","0","LEE","0","Over Votes","400","16TH CONGRESS","PALMYRA 1","580","12","REPUBLICAN","0"
"52","0","LEE","0","Over Votes","400","16TH CONGRESS","WILLOW CREEK","444","12","REPUBLICAN","0"
"52","0","LEE","0","Under Votes","400","16TH CONGRESS","WILLOW CREEK","444","12","REPUBLICAN","4"
"52","0","LEE","0","Over Votes","400","16TH CONGRESS","ASHTON 1","425","12","REPUBLICAN","0"
"52","0","LEE","0","Under Votes","400","16TH CONGRESS","ASHTON 1","425","12","REPUBLICAN","12"
"52","0","LEE","0","Blank Ballots","400","16TH CONGRESS","ASHTON 1","425","12","REPUBLICAN","0"
"52","0","LEE","385","DARIN LaHOOD","400","16TH CONGRESS","ASHTON 1","425","12","REPUBLICAN","61"
"52","0","LEE","0","Under Votes","400","16TH CONGRESS","DIXON 3","679","12","REPUBLICAN","26"
"52","0","LEE","0","Blank Ballots","400","16TH CONGRESS","DIXON 3","679","12","REPUBLICAN","0"
"52","0","LEE","385","DARIN LaHOOD","400","16TH CONGRESS","DIXON 3","679","12","REPUBLICAN","81"
"52","0","LEE","0","Over Votes","400","16TH CONGRESS","DIXON 3","679","12","REPUBLICAN","0"
"52","0","LEE","0","Over Votes","400","16TH CONGRESS","DIXON 14","610","12","REPUBLICAN","0"
"52","0","LEE","0","Under Votes","400","16TH CONGRESS","DIXON 14","610","12","REPUBLICAN","21"
"52","0","LEE","0","Blank Ballots","400","16TH CONGRESS","DIXON 14","610","12","REPUBLICAN","0"
"52","0","LEE","385","DARIN LaHOOD","400","16TH CONGRESS","DIXON 14","610","12","REPUBLICAN","102"
"52","0","LEE","0","Under Votes","400","16TH CONGRESS","HAMILTON","92","12","REPUBLICAN","1"
"6","0","BUREAU","0","Under Votes","400","16TH CONGRESS","SELBY 1","249","12","REPUBLICAN","0"
"6","0","BUREAU","385","DARIN LaHOOD","400","16TH CONGRESS","BERLIN","476","12","REPUBLICAN","0"
"6","0","BUREAU","0","Over Votes","400","16TH CONGRESS","BERLIN","476","12","REPUBLICAN","0"
"6","0","BUREAU","0","Blank Ballots","400","16TH CONGRESS","BERLIN","476","12","REPUBLICAN","0"
"6","0","BUREAU","0","Under Votes","400","16TH CONGRESS","BERLIN","476","12","REPUBLICAN","0"
"6","0","BUREAU","385","DARIN LaHOOD","400","16TH CONGRESS","GOLD","124","12","REPUBLICAN","23"
"6","0","BUREAU","0","Over Votes","400","16TH CONGRESS","GOLD","124","12","REPUBLICAN","0"
"6","0","BUREAU","0","Blank Ballots","400","16TH CONGRESS","GOLD","124","12","REPUBLICAN","0"
"6","0","BUREAU","0","Under Votes","400","16TH CONGRESS","GOLD","124","12","REPUBLICAN","4"
"6","0","BUREAU","0","Under Votes","400","16TH CONGRESS","CLARION","244","12","REPUBLICAN","3"
"6","0","BUREAU","385","DARIN LaHOOD","400","16TH CONGRESS","FAIRFIELD","136","12","REPUBLICAN","27"
"6","0","BUREAU","0","Over Votes","400","16TH CONGRESS","FAIRFIELD","136","12","REPUBLICAN","0"
"6","0","BUREAU","0","Blank Ballots","400","16TH CONGRESS","FAIRFIELD","136","12","REPUBLICAN","0"
"6","0","BUREAU","0","Under Votes","400","16TH CONGRESS","FAIRFIELD","136","12","REPUBLICAN","1"
"6","0","BUREAU","385","DARIN LaHOOD","400","16TH CONGRESS","LA MOILLE 1","542","12","REPUBLICAN","57"
"6","0","BUREAU","0","Over Votes","400","16TH CONGRESS","LA MOILLE 1","542","12","REPUBLICAN","0"
"6","0","BUREAU","0","Blank Ballots","400","16TH CONGRESS","LA MOILLE 1","542","12","REPUBLICAN","0"
"6","0","BUREAU","0","Under Votes","400","16TH CONGRESS","LA MOILLE 1","542","12","REPUBLICAN","8"
"6","0","BUREAU","385","DARIN LaHOOD","400","16TH CONGRESS","MANLIUS","397","12","REPUBLICAN","39"
"6","0","BUREAU","0","Over Votes","400","16TH CONGRESS","MANLIUS","397","12","REPUBLICAN","0"
"6","0","BUREAU","0","Blank Ballots","400","16TH CONGRESS","MANLIUS","397","12","REPUBLICAN","0"
"6","0","BUREAU","0","Under Votes","400","16TH CONGRESS","MANLIUS","397","12","REPUBLICAN","6"
"6","0","BUREAU","385","DARIN LaHOOD","400","16TH CONGRESS","PRINCETON 2","724","12","REPUBLICAN","78"
"6","0","BUREAU","0","Over Votes","400","16TH CONGRESS","PRINCETON 2","724","12","REPUBLICAN","0"
"6","0","BUREAU","0","Blank Ballots","400","16TH CONGRESS","PRINCETON 2","724","12","REPUBLICAN","0"
"6","0","BUREAU","0","Under Votes","400","16TH CONGRESS","PRINCETON 2","724","12","REPUBLICAN","9"
"6","0","BUREAU","385","DARIN LaHOOD","400","16TH CONGRESS","PRINCETON 9","806","12","REPUBLICAN","130"
"6","0","BUREAU","0","Over Votes","400","16TH CONGRESS","PRINCETON 9","806","12","REPUBLICAN","0"
"6","0","BUREAU","0","Blank Ballots","400","16TH CONGRESS","PRINCETON 9","806","12","REPUBLICAN","0"
"6","0","BUREAU","0","Under Votes","400","16TH CONGRESS","PRINCETON 9","806","12","REPUBLICAN","14"
"6","0","BUREAU","385","DARIN LaHOOD","400","16TH CONGRESS","ARISPIE","522","12","REPUBLICAN","62"
"6","0","BUREAU","0","Over Votes","400","16TH CONGRESS","ARISPIE","522","12","REPUBLICAN","0"
"6","0","BUREAU","0","Blank Ballots","400","16TH CONGRESS","ARISPIE","522","12","REPUBLICAN","0"
"6","0","BUREAU","0","Under Votes","400","16TH CONGRESS","ARISPIE","522","12","REPUBLICAN","9"
"6","0","BUREAU","385","DARIN LaHOOD","400","16TH CONGRESS","OHIO 1","382","12","REPUBLICAN","29"
"6","0","BUREAU","0","Over Votes","400","16TH CONGRESS","OHIO 1","382","12","REPUBLICAN","0"
"6","0","BUREAU","0","Blank Ballots","400","16TH CONGRESS","OHIO 1","382","12","REPUBLICAN","0"
"6","0","BUREAU","0","Under Votes","400","16TH CONGRESS","OHIO 1","382","12","REPUBLICAN","1"
"6","0","BUREAU","385","DARIN LaHOOD","400","16TH CONGRESS","PRINCETON 6","783","12","REPUBLICAN","110"
"6","0","BUREAU","0","Over Votes","400","16TH CONGRESS","PRINCETON 6","783","12","REPUBLICAN","0"
"6","0","BUREAU","0","Blank Ballots","400","16TH CONGRESS","PRINCETON 6","783","12","REPUBLICAN","0"
"6","0","BUREAU","385","DARIN LaHOOD","400","16TH CONGRESS","CONCORD 1","598","12","REPUBLICAN","66"
"6","0","BUREAU","0","Over Votes","400","16TH CONGRESS","CONCORD 1","598","12","REPUBLICAN","0"
"6","0","BUREAU","0","Blank Ballots","400","16TH CONGRESS","CONCORD 1","598","12","REPUBLICAN","0"
"50","0","LaSALLE","0","Over Votes","400","16TH CONGRESS","BRUCE 7","403","12","REPUBLICAN","0"
"50","0","LaSALLE","0","Blank Ballots","400","16TH CONGRESS","BRUCE 7","403","12","REPUBLICAN","0"
"50","0","LaSALLE","385","DARIN LaHOOD","400","16TH CONGRESS","BRUCE 7","403","12","REPUBLICAN","26"
"50","0","LaSALLE","0","Under Votes","400","16TH CONGRESS","BRUCE 7","403","12","REPUBLICAN","3"
"50","0","LaSALLE","0","Over Votes","400","16TH CONGRESS","FARM RIDGE","603","12","REPUBLICAN","0"
"50","0","LaSALLE","0","Blank Ballots","400","16TH CONGRESS","FARM RIDGE","603","12","REPUBLICAN","0"
"50","0","LaSALLE","385","DARIN LaHOOD","400","16TH CONGRESS","FARM RIDGE","603","12","REPUBLICAN","78"
"50","0","LaSALLE","0","Under Votes","400","16TH CONGRESS","FARM RIDGE","603","12","REPUBLICAN","17"
"50","0","LaSALLE","0","Over Votes","400","16TH CONGRESS","OSAGE","135","12","REPUBLICAN","0"
"50","0","LaSALLE","0","Blank Ballots","400","16TH CONGRESS","OSAGE","135","12","REPUBLICAN","0"
"50","0","LaSALLE","385","DARIN LaHOOD","400","16TH CONGRESS","OSAGE","135","12","REPUBLICAN","38"
"50","0","LaSALLE","0","Under Votes","400","16TH CONGRESS","OSAGE","135","12","REPUBLICAN","4"
"50","0","LaSALLE","0","Blank Ballots","400","16TH CONGRESS","BRUCE 6","856","12","REPUBLICAN","0"
"50","0","LaSALLE","385","DARIN LaHOOD","400","16TH CONGRESS","BRUCE 6","856","12","REPUBLICAN","63"
"50","0","LaSALLE","0","Under Votes","400","16TH CONGRESS","BRUCE 6","856","12","REPUBLICAN","9"
"50","0","LaSALLE","0","Over Votes","400","16TH CONGRESS","BRUCE 6","856","12","REPUBLICAN","0"
"50","0","LaSALLE","0","Blank Ballots","400","16TH CONGRESS","FALL RIVER","574","12","REPUBLICAN","0"
"50","0","LaSALLE","385","DARIN LaHOOD","400","16TH CONGRESS","FALL RIVER","574","12","REPUBLICAN","61"
"50","0","LaSALLE","0","Under Votes","400","16TH CONGRESS","FALL RIVER","574","12","REPUBLICAN","9"
"50","0","LaSALLE","0","Over Votes","400","16TH CONGRESS","FALL RIVER","574","12","REPUBLICAN","0"
"50","0","LaSALLE","0","Blank Ballots","400","16TH CONGRESS","RICHLAND","235","12","REPUBLICAN","0"
"50","0","LaSALLE","385","DARIN LaHOOD","400","16TH CONGRESS","RICHLAND","235","12","REPUBLICAN","26"
"50","0","LaSALLE","0","Under Votes","400","16TH CONGRESS","RICHLAND","235","12","REPUBLICAN","4"
"50","0","LaSALLE","0","Over Votes","400","16TH CONGRESS","RICHLAND","235","12","REPUBLICAN","0"
"50","0","LaSALLE","385","DARIN LaHOOD","400","16TH CONGRESS","HOPE","399","12","REPUBLICAN","58"
"50","0","LaSALLE","0","Under Votes","400","16TH CONGRESS","HOPE","399","12","REPUBLICAN","9"
"50","0","LaSALLE","0","Over Votes","400","16TH CONGRESS","OTTER CREEK 2","806","12","REPUBLICAN","0"
"50","0","LaSALLE","0","Blank Ballots","400","16TH CONGRESS","OTTER CREEK 2","806","12","REPUBLICAN","0"
"50","0","LaSALLE","385","DARIN LaHOOD","400","16TH CONGRESS","OTTER CREEK 2","806","12","REPUBLICAN","81"
"50","0","LaSALLE","0","Under Votes","400","16TH CONGRESS","OTTER CREEK 2","806","12","REPUBLICAN","19"
"50","0","LaSALLE","0","Blank Ballots","400","16TH CONGRESS","ALLEN","357","12","REPUBLICAN","0"
"50","0","LaSALLE","385","DARIN LaHOOD","400","16TH CONGRESS","ALLEN","357","12","REPUBLICAN","38"
"50","0","LaSALLE","0","Under Votes","400","16TH CONGRESS","ALLEN","357","12","REPUBLICAN","4"
"50","0","LaSALLE","0","Over Votes","400","16TH CONGRESS","ALLEN","357","12","REPUBLICAN","0"
"50","0","LaSALLE","0","Over Votes","400","16TH CONGRESS","BRUCE 3","544","12","REPUBLICAN","0"
"50","0","LaSALLE","0","Blank Ballots","400","16TH CONGRESS","BRUCE 3","544","12","REPUBLICAN","0"
"50","0","LaSALLE","385","DARIN LaHOOD","400","16TH CONGRESS","BRUCE 3","544","12","REPUBLICAN","45"
"50","0","LaSALLE","0","Under Votes","400","16TH CONGRESS","BRUCE 3","544","12","REPUBLICAN","3"
"50","0","LaSALLE","0","Over Votes","400","16TH CONGRESS","BRUCE 10","1198","12","REPUBLICAN","0"
"50","0","LaSALLE","0","Blank Ballots","400","16TH CONGRESS","BRUCE 10","1198","12","REPUBLICAN","0"
"50","0","LaSALLE","385","DARIN LaHOOD","400","16TH CONGRESS","BRUCE 10","1198","12","REPUBLICAN","125"
"50","0","LaSALLE","0","Under Votes","400","16TH CONGRESS","BRUCE 10","1198","12","REPUBLICAN","15"
"50","0","LaSALLE","0","Blank Ballots","400","16TH CONGRESS","EAGLE 1","579","12","REPUBLICAN","0"
"50","0","LaSALLE","385","DARIN LaHOOD","400","16TH CONGRESS","EAGLE 1","579","12","REPUBLICAN","54"
"104","64","CITY OF BLOOMINGTON","385","DARIN LaHOOD","400","16TH CONGRESS","PRECINCT 45","800","12","REPUBLICAN","81"
"104","64","CITY OF BLOOMINGTON","0","Under Votes","400","16TH CONGRESS","PRECINCT 45","800","12","REPUBLICAN","6"
"104","64","CITY OF BLOOMINGTON","0","Over Votes","400","16TH CONGRESS","PRECINCT 56","514","12","REPUBLICAN","0"
"104","64","CITY OF BLOOMINGTON","385","DARIN LaHOOD","400","16TH CONGRESS","PRECINCT 56","514","12","REPUBLICAN","48"
"104","64","CITY OF BLOOMINGTON","0","Under Votes","400","16TH CONGRESS","PRECINCT 56","514","12","REPUBLICAN","8"
"104","64","CITY OF BLOOMINGTON","0","Over Votes","400","16TH CONGRESS","PRECINCT 10","243","12","REPUBLICAN","0"
"104","64","CITY OF BLOOMINGTON","385","DARIN LaHOOD","400","16TH CONGRESS","PRECINCT 10","243","12","REPUBLICAN","25"
"104","64","CITY OF BLOOMINGTON","0","Under Votes","400","16TH CONGRESS","PRECINCT 10","243","12","REPUBLICAN","4"
"104","64","CITY OF BLOOMINGTON","0","Over Votes","400","16TH CONGRESS","PRECINCT 34","649","12","REPUBLICAN","0"
"104","64","CITY OF BLOOMINGTON","385","DARIN LaHOOD","400","16TH CONGRESS","PRECINCT 34","649","12","REPUBLICAN","64"
"104","64","CITY OF BLOOMINGTON","0","Under Votes","400","16TH CONGRESS","PRECINCT 34","649","12","REPUBLICAN","9"
"104","64","CITY OF BLOOMINGTON","0","Over Votes","400","16TH CONGRESS","PRECINCT 60","776","12","REPUBLICAN","0"
"104","64","CITY OF BLOOMINGTON","385","DARIN LaHOOD","400","16TH CONGRESS","PRECINCT 60","776","12","REPUBLICAN","39"
"104","64","CITY OF BLOOMINGTON","0","Under Votes","400","16TH CONGRESS","PRECINCT 60","776","12","REPUBLICAN","2"
"104","64","CITY OF BLOOMINGTON","0","Over Votes","400","16TH CONGRESS","PRECINCT 42","820","11","DEMOCRATIC","0"
"104","64","CITY OF BLOOMINGTON","0","Blank Ballots","400","16TH CONGRESS","PRECINCT 17","994","11","DEMOCRATIC","2"
"104","64","CITY OF BLOOMINGTON","0","Over Votes","400","16TH CONGRESS","PRECINCT 17","994","11","DEMOCRATIC","0"
"104","64","CITY OF BLOOMINGTON","0","Blank Ballots","400","16TH CONGRESS","PRECINCT 43","1011","11","DEMOCRATIC","53"
"104","64","CITY OF BLOOMINGTON","0","Over Votes","400","16TH CONGRESS","PRECINCT 43","1011","11","DEMOCRATIC","0"
"104","64","CITY OF BLOOMINGTON","0","Blank Ballots","400","16TH CONGRESS","PRECINCT 44","901","11","DEMOCRATIC","44"
"104","64","CITY OF BLOOMINGTON","0","Over Votes","400","16TH CONGRESS","PRECINCT 44","901","11","DEMOCRATIC","0"
"104","64","CITY OF BLOOMINGTON","0","Blank Ballots","400","16TH CONGRESS","PRECINCT 45","800","11","DEMOCRATIC","63"
"104","64","CITY OF BLOOMINGTON","0","Over Votes","400","16TH CONGRESS","PRECINCT 45","800","11","DEMOCRATIC","0"
"32","0","GRUNDY","0","Blank Ballots","400","16TH CONGRESS","BRACEVILLE 01-011","0","11","Democratic Party","170"
"32","0","GRUNDY","0","Blank Ballots","400","16TH CONGRESS","BRACEVILLE 02-013","0","11","Democratic Party","15"
"32","0","GRUNDY","0","Blank Ballots","400","16TH CONGRESS","BRACEVILLE 04-015","0","11","Democratic Party","158"
"32","0","GRUNDY","0","Blank Ballots","400","16TH CONGRESS","GREENFIELD 01-026","0","11","Democratic Party","134"
"32","0","GRUNDY","0","Blank Ballots","400","16TH CONGRESS","MORRIS 02-032","0","11","Democratic Party","137"
"32","0","GRUNDY","0","Blank Ballots","400","16TH CONGRESS","MORRIS 05-035","0","11","Democratic Party","102"
"32","0","GRUNDY","0","Blank Ballots","400","16TH CONGRESS","SARATOGA 01-038","0","11","Democratic Party","146"
"32","0","GRUNDY","0","Blank Ballots","400","16TH CONGRESS","SARATOGA 03-041","0","11","Democratic Party","150"
"32","0","GRUNDY","0","Blank Ballots","400","16TH CONGRESS","FELIX 02-F16","0","11","Democratic Party","0"
"32","0","GRUNDY","0","Blank Ballots","400","16TH CONGRESS","GARFIELD 01-F16","0","11","Democratic Party","0"
"32","0","GRUNDY","0","Blank Ballots","400","16TH CONGRESS","GOOSE LAKE 02-F16","0","11","Democratic Party","0"
"32","0","GRUNDY","0","Blank Ballots","400","16TH CONGRESS","MAINE 01-F16","0","11","Democratic Party","0"
"32","0","GRUNDY","0","Blank Ballots","400","16TH CONGRESS","BRACEVILLE 03-014","0","11","Democratic Party","152"
"32","0","GRUNDY","0","Blank Ballots","400","16TH CONGRESS","ERIENNA 02-017","0","11","Democratic Party","153"
"32","0","GRUNDY","0","Blank Ballots","400","16TH CONGRESS","FELIX 03-020","0","11","Democratic Party","79"
"32","0","GRUNDY","0","Blank Ballots","400","16TH CONGRESS","SARATOGA 05-043","0","11","Democratic Party","137"
"32","0","GRUNDY","0","Blank Ballots","400","16TH CONGRESS","WAUPONSEE 02-046","0","11","Democratic Party","163"
"32","0","GRUNDY","0","Blank Ballots","400","16TH CONGRESS","AUX SABLE 03-F16","0","11","Democratic Party","0"
"32","0","GRUNDY","0","Blank Ballots","400","16TH CONGRESS","HIGHLAND 01-F16","0","11","Democratic Party","0"
"32","0","GRUNDY","0","Blank Ballots","400","16TH CONGRESS","MORRIS 01-F16","0","11","Democratic Party","0"
"32","0","GRUNDY","0","Blank Ballots","400","16TH CONGRESS","MORRIS 04-F16","0","11","Democratic Party","0"
"32","0","GRUNDY","0","Blank Ballots","400","16TH CONGRESS","NORMAN 01-F16","0","11","Democratic Party","0"
"32","0","GRUNDY","0","Blank Ballots","400","16TH CONGRESS","AUX SABLE 04-005","0","11","Democratic Party","223"
"32","0","GRUNDY","0","Blank Ballots","400","16TH CONGRESS","AUX SABLE 07-010","0","11","Democratic Party","7"
"32","0","GRUNDY","0","Blank Ballots","400","16TH CONGRESS","BRACEVILLE 02-012","0","11","Democratic Party","120"
"32","0","GRUNDY","0","Blank Ballots","400","16TH CONGRESS","GOOSE LAKE 01-024","0","11","Democratic Party","133"
"32","0","GRUNDY","0","Blank Ballots","400","16TH CONGRESS","AUX SABLE 06-F16","0","11","Democratic Party","0"
"32","0","GRUNDY","0","Blank Ballots","400","16TH CONGRESS","BRACEVILLE 02-F16","0","11","Democratic Party","0"
"32","0","GRUNDY","0","Blank Ballots","400","16TH CONGRESS","ERIENNA 01-F16","0","11","Democratic Party","0"
"32","0","GRUNDY","0","Blank Ballots","400","16TH CONGRESS","SARATOGA 03-F16","0","11","Democratic Party","0"
"52","0","LEE","0","Blank Ballots","400","16TH CONGRESS","HAMILTON","92","12","REPUBLICAN","0"
"52","0","LEE","385","DARIN LaHOOD","400","16TH CONGRESS","HAMILTON","92","12","REPUBLICAN","12"
"52","0","LEE","0","Over Votes","400","16TH CONGRESS","HAMILTON","92","12","REPUBLICAN","0"
"52","0","LEE","0","Over Votes","400","16TH CONGRESS","SOUTH DIXON","711","12","REPUBLICAN","0"
"52","0","LEE","0","Under Votes","400","16TH CONGRESS","SOUTH DIXON","711","12","REPUBLICAN","29"
"52","0","LEE","0","Blank Ballots","400","16TH CONGRESS","SOUTH DIXON","711","12","REPUBLICAN","0"
"52","0","LEE","385","DARIN LaHOOD","400","16TH CONGRESS","SOUTH DIXON","711","12","REPUBLICAN","144"
"52","0","LEE","0","Under Votes","400","16TH CONGRESS","AMBOY 1","576","12","REPUBLICAN","17"
"52","0","LEE","0","Blank Ballots","400","16TH CONGRESS","AMBOY 1","576","12","REPUBLICAN","0"
"52","0","LEE","385","DARIN LaHOOD","400","16TH CONGRESS","AMBOY 1","576","12","REPUBLICAN","78"
"52","0","LEE","0","Over Votes","400","16TH CONGRESS","AMBOY 1","576","12","REPUBLICAN","0"
"52","0","LEE","0","Under Votes","400","16TH CONGRESS","BROOKLYN 2","268","12","REPUBLICAN","3"
"52","0","LEE","0","Blank Ballots","400","16TH CONGRESS","BROOKLYN 2","268","12","REPUBLICAN","0"
"52","0","LEE","385","DARIN LaHOOD","400","16TH CONGRESS","BROOKLYN 2","268","12","REPUBLICAN","36"
"52","0","LEE","0","Over Votes","400","16TH CONGRESS","BROOKLYN 2","268","12","REPUBLICAN","0"
"52","0","LEE","0","Over Votes","400","16TH CONGRESS","DIXON 7","576","12","REPUBLICAN","0"
"52","0","LEE","0","Under Votes","400","16TH CONGRESS","DIXON 7","576","12","REPUBLICAN","6"
"52","0","LEE","0","Blank Ballots","400","16TH CONGRESS","DIXON 7","576","12","REPUBLICAN","0"
"52","0","LEE","385","DARIN LaHOOD","400","16TH CONGRESS","DIXON 7","576","12","REPUBLICAN","52"
"52","0","LEE","0","Under Votes","400","16TH CONGRESS","DIXON 11","644","12","REPUBLICAN","25"
"52","0","LEE","0","Blank Ballots","400","16TH CONGRESS","DIXON 11","644","12","REPUBLICAN","0"
"52","0","LEE","385","DARIN LaHOOD","400","16TH CONGRESS","DIXON 11","644","12","REPUBLICAN","96"
"52","0","LEE","0","Over Votes","400","16TH CONGRESS","DIXON 11","644","12","REPUBLICAN","0"
"52","0","LEE","0","Under Votes","400","16TH CONGRESS","EAST GROVE","186","12","REPUBLICAN","3"
"52","0","LEE","0","Blank Ballots","400","16TH CONGRESS","EAST GROVE","186","12","REPUBLICAN","0"
"52","0","LEE","385","DARIN LaHOOD","400","16TH CONGRESS","EAST GROVE","186","12","REPUBLICAN","20"
"52","0","LEE","0","Over Votes","400","16TH CONGRESS","EAST GROVE","186","12","REPUBLICAN","0"
"52","0","LEE","0","Over Votes","400","16TH CONGRESS","MAY","173","12","REPUBLICAN","0"
"52","0","LEE","0","Under Votes","400","16TH CONGRESS","MAY","173","12","REPUBLICAN","10"
"52","0","LEE","0","Blank Ballots","400","16TH CONGRESS","WILLOW CREEK","444","12","REPUBLICAN","0"
"52","0","LEE","385","DARIN LaHOOD","400","16TH CONGRESS","WILLOW CREEK","444","12","REPUBLICAN","58"
"71","0","OGLE","385","DARIN LaHOOD","400","16TH CONGRESS","BROOKVILLE","155","12","REPUBLICAN","52"
"71","0","OGLE","0","Under Votes","400","16TH CONGRESS","BROOKVILLE","155","12","REPUBLICAN","13"
"71","0","OGLE","0","Over Votes","400","16TH CONGRESS","BROOKVILLE","155","12","REPUBLICAN","0"
"71","0","OGLE","0","Blank Ballots","400","16TH CONGRESS","BROOKVILLE","155","12","REPUBLICAN","0"
"71","0","OGLE","385","DARIN LaHOOD","400","16TH CONGRESS","FLAGG 2","506","12","REPUBLICAN","74"
"71","0","OGLE","0","Under Votes","400","16TH CONGRESS","FLAGG 2","506","12","REPUBLICAN","12"
"71","0","OGLE","0","Over Votes","400","16TH CONGRESS","FLAGG 2","506","12","REPUBLICAN","0"
"71","0","OGLE","0","Blank Ballots","400","16TH CONGRESS","FLAGG 2","506","12","REPUBLICAN","0"
"71","0","OGLE","385","DARIN LaHOOD","400","16TH CONGRESS","FLAGG 9","494","12","REPUBLICAN","86"
"71","0","OGLE","0","Under Votes","400","16TH CONGRESS","FLAGG 9","494","12","REPUBLICAN","15"
"71","0","OGLE","0","Over Votes","400","16TH CONGRESS","FLAGG 9","494","12","REPUBLICAN","0"
"71","0","OGLE","0","Blank Ballots","400","16TH CONGRESS","FLAGG 9","494","12","REPUBLICAN","0"
"71","0","OGLE","385","DARIN LaHOOD","400","16TH CONGRESS","MARION 2","1322","12","REPUBLICAN","259"
"50","0","LaSALLE","0","Under Votes","400","16TH CONGRESS","EAGLE 1","579","12","REPUBLICAN","8"
"50","0","LaSALLE","0","Over Votes","400","16TH CONGRESS","EAGLE 1","579","12","REPUBLICAN","0"
"50","0","LaSALLE","0","Blank Ballots","400","16TH CONGRESS","GROVELAND","375","12","REPUBLICAN","0"
"50","0","LaSALLE","385","DARIN LaHOOD","400","16TH CONGRESS","GROVELAND","375","12","REPUBLICAN","48"
"50","0","LaSALLE","0","Under Votes","400","16TH CONGRESS","GROVELAND","375","12","REPUBLICAN","4"
"50","0","LaSALLE","0","Over Votes","400","16TH CONGRESS","GROVELAND","375","12","REPUBLICAN","0"
"50","0","LaSALLE","0","Over Votes","400","16TH CONGRESS","OTTER CREEK 1","291","12","REPUBLICAN","0"
"50","0","LaSALLE","0","Blank Ballots","400","16TH CONGRESS","OTTER CREEK 1","291","12","REPUBLICAN","0"
"50","0","LaSALLE","385","DARIN LaHOOD","400","16TH CONGRESS","OTTER CREEK 1","291","12","REPUBLICAN","65"
"50","0","LaSALLE","0","Under Votes","400","16TH CONGRESS","OTTER CREEK 1","291","12","REPUBLICAN","7"
"50","0","LaSALLE","0","Over Votes","400","16TH CONGRESS","BROOKFIELD","694","12","REPUBLICAN","0"
"50","0","LaSALLE","0","Blank Ballots","400","16TH CONGRESS","BROOKFIELD","694","12","REPUBLICAN","0"
"50","0","LaSALLE","385","DARIN LaHOOD","400","16TH CONGRESS","BROOKFIELD","694","12","REPUBLICAN","75"
"50","0","LaSALLE","0","Under Votes","400","16TH CONGRESS","BROOKFIELD","694","12","REPUBLICAN","8"
"50","0","LaSALLE","0","Blank Ballots","400","16TH CONGRESS","BRUCE 11","327","12","REPUBLICAN","0"
"50","0","LaSALLE","385","DARIN LaHOOD","400","16TH CONGRESS","BRUCE 11","327","12","REPUBLICAN","62"
"50","0","LaSALLE","0","Under Votes","400","16TH CONGRESS","BRUCE 11","327","12","REPUBLICAN","9"
"50","0","LaSALLE","0","Over Votes","400","16TH CONGRESS","BRUCE 11","327","12","REPUBLICAN","0"
"50","0","LaSALLE","0","Blank Ballots","400","16TH CONGRESS","EAGLE 2","256","12","REPUBLICAN","0"
"50","0","LaSALLE","385","DARIN LaHOOD","400","16TH CONGRESS","EAGLE 2","256","12","REPUBLICAN","44"
"50","0","LaSALLE","0","Under Votes","400","16TH CONGRESS","EAGLE 2","256","12","REPUBLICAN","5"
"50","0","LaSALLE","0","Over Votes","400","16TH CONGRESS","EAGLE 2","256","12","REPUBLICAN","0"
"50","0","LaSALLE","0","Over Votes","400","16TH CONGRESS","HOPE","399","12","REPUBLICAN","0"
"50","0","LaSALLE","0","Blank Ballots","400","16TH CONGRESS","HOPE","399","12","REPUBLICAN","0"
"32","0","GRUNDY","385","DARIN LaHOOD","400","16TH CONGRESS","ERIENNA 01-016","0","12","Republican Party","162"
"32","0","GRUNDY","0","Under Votes","400","16TH CONGRESS","ERIENNA 01-016","0","12","Republican Party","29"
"32","0","GRUNDY","0","Over Votes","400","16TH CONGRESS","ERIENNA 01-016","0","12","Republican Party","0"
"32","0","GRUNDY","0","Under Votes","400","16TH CONGRESS","FELIX 02-019","0","12","Republican Party","15"
"32","0","GRUNDY","385","DARIN LaHOOD","400","16TH CONGRESS","FELIX 02-019","0","12","Republican Party","93"
"32","0","GRUNDY","0","Over Votes","400","16TH CONGRESS","FELIX 02-019","0","12","Republican Party","0"
"32","0","GRUNDY","385","DARIN LaHOOD","400","16TH CONGRESS","NETTLE CREEK 01-036","0","12","Republican Party","50"
"32","0","GRUNDY","0","Under Votes","400","16TH CONGRESS","NETTLE CREEK 01-036","0","12","Republican Party","9"
"32","0","GRUNDY","0","Over Votes","400","16TH CONGRESS","NETTLE CREEK 01-036","0","12","Republican Party","0"
"32","0","GRUNDY","385","DARIN LaHOOD","400","16TH CONGRESS","SARATOGA 02-039","0","12","Republican Party","39"
"32","0","GRUNDY","0","Under Votes","400","16TH CONGRESS","SARATOGA 02-039","0","12","Republican Party","9"
"32","0","GRUNDY","0","Over Votes","400","16TH CONGRESS","SARATOGA 02-039","0","12","Republican Party","0"
"32","0","GRUNDY","0","Under Votes","400","16TH CONGRESS","SARATOGA 04-042","0","12","Republican Party","22"
"32","0","GRUNDY","385","DARIN LaHOOD","400","16TH CONGRESS","SARATOGA 04-042","0","12","Republican Party","137"
"32","0","GRUNDY","0","Over Votes","400","16TH CONGRESS","SARATOGA 04-042","0","12","Republican Party","0"
"32","0","GRUNDY","0","Over Votes","400","16TH CONGRESS","WAUPONSEE 01-045","0","12","Republican Party","0"
"32","0","GRUNDY","0","Under Votes","400","16TH CONGRESS","WAUPONSEE 01-045","0","12","Republican Party","17"
"32","0","GRUNDY","385","DARIN LaHOOD","400","16TH CONGRESS","WAUPONSEE 01-045","0","12","Republican Party","113"
"32","0","GRUNDY","385","DARIN LaHOOD","400","16TH CONGRESS","GOODFARM 01-F16","0","12","Republican Party","0"
"32","0","GRUNDY","0","Under Votes","400","16TH CONGRESS","GOODFARM 01-F16","0","12","Republican Party","0"
"32","0","GRUNDY","0","Over Votes","400","16TH CONGRESS","GOODFARM 01-F16","0","12","Republican Party","0"
"32","0","GRUNDY","385","DARIN LaHOOD","400","16TH CONGRESS","GREENFIELD 01-F16","0","12","Republican Party","0"
"32","0","GRUNDY","0","Over Votes","400","16TH CONGRESS","GREENFIELD 01-F16","0","12","Republican Party","0"
"32","0","GRUNDY","0","Under Votes","400","16TH CONGRESS","GREENFIELD 01-F16","0","12","Republican Party","0"
"32","0","GRUNDY","385","DARIN LaHOOD","400","16TH CONGRESS","MAZON 01-F16","0","12","Republican Party","0"
"32","0","GRUNDY","0","Over Votes","400","16TH CONGRESS","MAZON 01-F16","0","12","Republican Party","0"
"32","0","GRUNDY","0","Under Votes","400","16TH CONGRESS","MAZON 01-F16","0","12","Republican Party","0"
"32","0","GRUNDY","0","Under Votes","400","16TH CONGRESS","MORRIS 03-F16","0","12","Republican Party","0"
"32","0","GRUNDY","385","DARIN LaHOOD","400","16TH CONGRESS","MORRIS 03-F16","0","12","Republican Party","0"
"32","0","GRUNDY","0","Over Votes","400","16TH CONGRESS","MORRIS 03-F16","0","12","Republican Party","0"
"32","0","GRUNDY","0","Over Votes","400","16TH CONGRESS","AUX SABLE 01-001","0","12","Republican Party","0"
"32","0","GRUNDY","0","Under Votes","400","16TH CONGRESS","AUX SABLE 01-001","0","12","Republican Party","16"
"32","0","GRUNDY","385","DARIN LaHOOD","400","16TH CONGRESS","AUX SABLE 01-001","0","12","Republican Party","99"
"32","0","GRUNDY","0","Under Votes","400","16TH CONGRESS","AUX SABLE 05-006","0","12","Republican Party","10"
"32","0","GRUNDY","385","DARIN LaHOOD","400","16TH CONGRESS","AUX SABLE 05-006","0","12","Republican Party","64"
"32","0","GRUNDY","0","Over Votes","400","16TH CONGRESS","AUX SABLE 05-006","0","12","Republican Party","0"
"32","0","GRUNDY","0","Over Votes","400","16TH CONGRESS","GARFIELD 01-022","0","12","Republican Party","0"
"32","0","GRUNDY","0","Under Votes","400","16TH CONGRESS","GARFIELD 01-022","0","12","Republican Party","21"
"32","0","GRUNDY","385","DARIN LaHOOD","400","16TH CONGRESS","GARFIELD 01-022","0","12","Republican Party","99"
"32","0","GRUNDY","0","Over Votes","400","16TH CONGRESS","GOODFARM 01-023","0","12","Republican Party","0"
"32","0","GRUNDY","0","Under Votes","400","16TH CONGRESS","GOODFARM 01-023","0","12","Republican Party","12"
"32","0","GRUNDY","385","DARIN LaHOOD","400","16TH CONGRESS","GOODFARM 01-023","0","12","Republican Party","46"
"32","0","GRUNDY","0","Over Votes","400","16TH CONGRESS","AUX SABLE 02-F16","0","12","Republican Party","0"
"32","0","GRUNDY","0","Under Votes","400","16TH CONGRESS","AUX SABLE 02-F16","0","12","Republican Party","0"
"32","0","GRUNDY","385","DARIN LaHOOD","400","16TH CONGRESS","AUX SABLE 02-F16","0","12","Republican Party","0"
"32","0","GRUNDY","0","Over Votes","400","16TH CONGRESS","AUX SABLE 05-F16","0","12","Republican Party","0"
"32","0","GRUNDY","0","Under Votes","400","16TH CONGRESS","AUX SABLE 05-F16","0","12","Republican Party","0"
"32","0","GRUNDY","385","DARIN LaHOOD","400","16TH CONGRESS","AUX SABLE 05-F16","0","12","Republican Party","0"
"32","0","GRUNDY","0","Over Votes","400","16TH CONGRESS","BRACEVILLE 01-F16","0","12","Republican Party","0"
"32","0","GRUNDY","0","Under Votes","400","16TH CONGRESS","BRACEVILLE 01-F16","0","12","Republican Party","0"
"32","0","GRUNDY","385","DARIN LaHOOD","400","16TH CONGRESS","BRACEVILLE 01-F16","0","12","Republican Party","0"
"32","0","GRUNDY","0","Over Votes","400","16TH CONGRESS","NETTLE CREEK 01-F16","0","12","Republican Party","0"
"32","0","GRUNDY","0","Under Votes","400","16TH CONGRESS","NETTLE CREEK 01-F16","0","12","Republican Party","0"
"32","0","GRUNDY","385","DARIN LaHOOD","400","16TH CONGRESS","NETTLE CREEK 01-F16","0","12","Republican Party","0"
"32","0","GRUNDY","0","Over Votes","400","16TH CONGRESS","SARATOGA 02-F16","0","12","Republican Party","0"
"6","0","BUREAU","0","Under Votes","400","16TH CONGRESS","PRINCETON 6","783","12","REPUBLICAN","15"
"6","0","BUREAU","385","DARIN LaHOOD","400","16TH CONGRESS","WALNUT 1","600","12","REPUBLICAN","82"
"6","0","BUREAU","0","Over Votes","400","16TH CONGRESS","WALNUT 1","600","12","REPUBLICAN","0"
"6","0","BUREAU","0","Blank Ballots","400","16TH CONGRESS","WALNUT 1","600","12","REPUBLICAN","0"
"6","0","BUREAU","0","Under Votes","400","16TH CONGRESS","WALNUT 1","600","12","REPUBLICAN","10"
"6","0","BUREAU","385","DARIN LaHOOD","400","16TH CONGRESS","WHEATLAND","94","12","REPUBLICAN","14"
"6","0","BUREAU","0","Over Votes","400","16TH CONGRESS","WHEATLAND","94","12","REPUBLICAN","0"
"6","0","BUREAU","0","Blank Ballots","400","16TH CONGRESS","WHEATLAND","94","12","REPUBLICAN","0"
"6","0","BUREAU","0","Under Votes","400","16TH CONGRESS","WHEATLAND","94","12","REPUBLICAN","2"
"6","0","BUREAU","385","DARIN LaHOOD","400","16TH CONGRESS","CLARION","244","12","REPUBLICAN","35"
"6","0","BUREAU","0","Over Votes","400","16TH CONGRESS","CLARION","244","12","REPUBLICAN","0"
"6","0","BUREAU","0","Blank Ballots","400","16TH CONGRESS","CLARION","244","12","REPUBLICAN","0"
"6","0","BUREAU","385","DARIN LaHOOD","400","16TH CONGRESS","NEPONSET","431","12","REPUBLICAN","55"
"6","0","BUREAU","0","Over Votes","400","16TH CONGRESS","NEPONSET","431","12","REPUBLICAN","0"
"6","0","BUREAU","0","Blank Ballots","400","16TH CONGRESS","NEPONSET","431","12","REPUBLICAN","0"
"6","0","BUREAU","0","Under Votes","400","16TH CONGRESS","NEPONSET","431","12","REPUBLICAN","2"
"6","0","BUREAU","385","DARIN LaHOOD","400","16TH CONGRESS","PRINCETON 5","566","12","REPUBLICAN","63"
"6","0","BUREAU","0","Over Votes","400","16TH CONGRESS","PRINCETON 5","566","12","REPUBLICAN","0"
"110","101","CITY OF ROCKFORD","0","Over Votes","400","16TH CONGRESS","WARD 1 PRECINCT 1","971","12","REPUBLICAN","0"
"110","101","CITY OF ROCKFORD","385","DARIN LaHOOD","400","16TH CONGRESS","WARD 1 PRECINCT 1","971","12","REPUBLICAN","72"
"110","101","CITY OF ROCKFORD","0","Under Votes","400","16TH CONGRESS","WARD 1 PRECINCT 1","971","12","REPUBLICAN","17"
"110","101","CITY OF ROCKFORD","0","Over Votes","400","16TH CONGRESS","WARD 6 PRECINCT 3","1427","12","REPUBLICAN","0"
"110","101","CITY OF ROCKFORD","385","DARIN LaHOOD","400","16TH CONGRESS","WARD 6 PRECINCT 3","1427","12","REPUBLICAN","6"
"110","101","CITY OF ROCKFORD","0","Under Votes","400","16TH CONGRESS","WARD 6 PRECINCT 3","1427","12","REPUBLICAN","2"
"110","101","CITY OF ROCKFORD","0","Over Votes","400","16TH CONGRESS","WARD 9 PRECINCT 6","1152","12","REPUBLICAN","0"
"110","101","CITY OF ROCKFORD","385","DARIN LaHOOD","400","16TH CONGRESS","WARD 9 PRECINCT 6","1152","12","REPUBLICAN","139"
"110","101","CITY OF ROCKFORD","0","Under Votes","400","16TH CONGRESS","WARD 9 PRECINCT 6","1152","12","REPUBLICAN","33"
"110","101","CITY OF ROCKFORD","0","Over Votes","400","16TH CONGRESS","WARD 12 PRECINCT 5","951","12","REPUBLICAN","0"
"110","101","CITY OF ROCKFORD","385","DARIN LaHOOD","400","16TH CONGRESS","WARD 12 PRECINCT 5","951","12","REPUBLICAN","1"
"110","101","CITY OF ROCKFORD","0","Under Votes","400","16TH CONGRESS","WARD 12 PRECINCT 5","951","12","REPUBLICAN","1"
"110","101","CITY OF ROCKFORD","0","Over Votes","400","16TH CONGRESS","WARD 1 PRECINCT 4","1119","12","REPUBLICAN","0"
"110","101","CITY OF ROCKFORD","385","DARIN LaHOOD","400","16TH CONGRESS","WARD 1 PRECINCT 4","1119","12","REPUBLICAN","88"
"110","101","CITY OF ROCKFORD","0","Under Votes","400","16TH CONGRESS","WARD 1 PRECINCT 4","1119","12","REPUBLICAN","16"
"110","101","CITY OF ROCKFORD","0","Over Votes","400","16TH CONGRESS","WARD 1 PRECINCT 5","1222","12","REPUBLICAN","0"
"110","101","CITY OF ROCKFORD","385","DARIN LaHOOD","400","16TH CONGRESS","WARD 1 PRECINCT 5","1222","12","REPUBLICAN","42"
"110","101","CITY OF ROCKFORD","0","Under Votes","400","16TH CONGRESS","WARD 1 PRECINCT 5","1222","12","REPUBLICAN","6"
"110","101","CITY OF ROCKFORD","0","Over Votes","400","16TH CONGRESS","WARD 4 PRECINCT 1","924","12","REPUBLICAN","0"
"110","101","CITY OF ROCKFORD","385","DARIN LaHOOD","400","16TH CONGRESS","WARD 4 PRECINCT 1","924","12","REPUBLICAN","137"
"110","101","CITY OF ROCKFORD","0","Under Votes","400","16TH CONGRESS","WARD 4 PRECINCT 1","924","12","REPUBLICAN","43"
"110","101","CITY OF ROCKFORD","0","Over Votes","400","16TH CONGRESS","WARD 7 PRECINCT 4","947","12","REPUBLICAN","0"
"32","0","GRUNDY","0","Blank Ballots","400","16TH CONGRESS","VIENNA 01-F16","0","11","Democratic Party","0"
"32","0","GRUNDY","0","Blank Ballots","400","16TH CONGRESS","AUX SABLE 02-002","0","11","Democratic Party","127"
"32","0","GRUNDY","0","Blank Ballots","400","16TH CONGRESS","AUX SABLE 03-004","0","11","Democratic Party","136"
"32","0","GRUNDY","0","Blank Ballots","400","16TH CONGRESS","FELIX 01-018","0","11","Democratic Party","158"
"32","0","GRUNDY","0","Blank Ballots","400","16TH CONGRESS","FELIX 04-021","0","11","Democratic Party","111"
"32","0","GRUNDY","0","Blank Ballots","400","16TH CONGRESS","GOOSE LAKE 02-025","0","11","Democratic Party","186"
"32","0","GRUNDY","0","Blank Ballots","400","16TH CONGRESS","VIENNA 01-044","0","11","Democratic Party","93"
"32","0","GRUNDY","0","Blank Ballots","400","16TH CONGRESS","AUX SABLE 01-F16","0","11","Democratic Party","0"
"32","0","GRUNDY","0","Blank Ballots","400","16TH CONGRESS","AUX SABLE 04-F16","0","11","Democratic Party","0"
"32","0","GRUNDY","0","Blank Ballots","400","16TH CONGRESS","MORRIS 02-F16","0","11","Democratic Party","0"
"32","0","GRUNDY","0","Blank Ballots","400","16TH CONGRESS","MORRIS 05-F16","0","11","Democratic Party","0"
"32","0","GRUNDY","0","Blank Ballots","400","16TH CONGRESS","SARATOGA 01-F16","0","11","Democratic Party","0"
"32","0","GRUNDY","0","Blank Ballots","400","16TH CONGRESS","SARATOGA 04-F16","0","11","Democratic Party","0"
"32","0","GRUNDY","0","Blank Ballots","400","16TH CONGRESS","AUX SABLE 01-001","0","11","Democratic Party","159"
"32","0","GRUNDY","0","Blank Ballots","400","16TH CONGRESS","AUX SABLE 05-006","0","11","Democratic Party","124"
"32","0","GRUNDY","0","Blank Ballots","400","16TH CONGRESS","GARFIELD 01-022","0","11","Democratic Party","188"
"32","0","GRUNDY","0","Blank Ballots","400","16TH CONGRESS","GOODFARM 01-023","0","11","Democratic Party","68"
"32","0","GRUNDY","0","Blank Ballots","400","16TH CONGRESS","AUX SABLE 02-F16","0","11","Democratic Party","0"
"32","0","GRUNDY","0","Blank Ballots","400","16TH CONGRESS","AUX SABLE 05-F16","0","11","Democratic Party","0"
"32","0","GRUNDY","0","Blank Ballots","400","16TH CONGRESS","BRACEVILLE 01-F16","0","11","Democratic Party","0"
"32","0","GRUNDY","0","Blank Ballots","400","16TH CONGRESS","NETTLE CREEK 01-F16","0","11","Democratic Party","0"
"32","0","GRUNDY","0","Blank Ballots","400","16TH CONGRESS","SARATOGA 02-F16","0","11","Democratic Party","0"
"32","0","GRUNDY","0","Blank Ballots","400","16TH CONGRESS","SARATOGA 05-F16","0","11","Democratic Party","0"
"32","0","GRUNDY","0","Blank Ballots","400","16TH CONGRESS","WAUPONSEE 02-F16","0","11","Democratic Party","0"
"32","0","GRUNDY","0","Blank Ballots","400","16TH CONGRESS","AUX SABLE 02-003","0","11","Democratic Party","6"
"32","0","GRUNDY","0","Blank Ballots","400","16TH CONGRESS","GREENFIELD 01-027","0","11","Democratic Party","0"
"32","0","GRUNDY","0","Blank Ballots","400","16TH CONGRESS","HIGHLAND 01-028","0","11","Democratic Party","37"
"32","0","GRUNDY","0","Blank Ballots","400","16TH CONGRESS","MAZON 01-030","0","11","Democratic Party","190"
"32","0","GRUNDY","0","Blank Ballots","400","16TH CONGRESS","MORRIS 03-033","0","11","Democratic Party","111"
"32","0","GRUNDY","0","Blank Ballots","400","16TH CONGRESS","SARATOGA 02-040","0","11","Democratic Party","44"
"32","0","GRUNDY","0","Blank Ballots","400","16TH CONGRESS","AUX SABLE 07-F16","0","11","Democratic Party","1"
"32","0","GRUNDY","0","Blank Ballots","400","16TH CONGRESS","BRACEVILLE 03-F16","0","11","Democratic Party","0"
"32","0","GRUNDY","0","Blank Ballots","400","16TH CONGRESS","ERIENNA 02-F16","0","11","Democratic Party","0"
"32","0","GRUNDY","0","Blank Ballots","400","16TH CONGRESS","FELIX 03-F16","0","11","Democratic Party","0"
"32","0","GRUNDY","0","Blank Ballots","400","16TH CONGRESS","WAUPONSEE 01-F16","0","11","Democratic Party","0"
"32","0","GRUNDY","0","Blank Ballots","400","16TH CONGRESS","ERIENNA 01-016","0","11","Democratic Party","279"
"32","0","GRUNDY","0","Blank Ballots","400","16TH CONGRESS","FELIX 02-019","0","11","Democratic Party","154"
"32","0","GRUNDY","0","Blank Ballots","400","16TH CONGRESS","NETTLE CREEK 01-036","0","11","Democratic Party","74"
"32","0","GRUNDY","0","Blank Ballots","400","16TH CONGRESS","SARATOGA 02-039","0","11","Democratic Party","59"
"32","0","GRUNDY","0","Under Votes","400","16TH CONGRESS","SARATOGA 02-F16","0","12","Republican Party","0"
"32","0","GRUNDY","385","DARIN LaHOOD","400","16TH CONGRESS","SARATOGA 02-F16","0","12","Republican Party","0"
"32","0","GRUNDY","0","Over Votes","400","16TH CONGRESS","SARATOGA 05-F16","0","12","Republican Party","0"
"32","0","GRUNDY","0","Under Votes","400","16TH CONGRESS","SARATOGA 05-F16","0","12","Republican Party","0"
"32","0","GRUNDY","385","DARIN LaHOOD","400","16TH CONGRESS","SARATOGA 05-F16","0","12","Republican Party","0"
"32","0","GRUNDY","0","Under Votes","400","16TH CONGRESS","WAUPONSEE 02-F16","0","12","Republican Party","0"
"32","0","GRUNDY","385","DARIN LaHOOD","400","16TH CONGRESS","WAUPONSEE 02-F16","0","12","Republican Party","0"
"32","0","GRUNDY","0","Over Votes","400","16TH CONGRESS","WAUPONSEE 02-F16","0","12","Republican Party","0"
"32","0","GRUNDY","0","Under Votes","400","16TH CONGRESS","AUX SABLE 02-003","0","12","Republican Party","1"
"32","0","GRUNDY","385","DARIN LaHOOD","400","16TH CONGRESS","AUX SABLE 02-003","0","12","Republican Party","5"
"32","0","GRUNDY","0","Over Votes","400","16TH CONGRESS","AUX SABLE 02-003","0","12","Republican Party","0"
"32","0","GRUNDY","0","Under Votes","400","16TH CONGRESS","GREENFIELD 01-027","0","12","Republican Party","0"
"32","0","GRUNDY","385","DARIN LaHOOD","400","16TH CONGRESS","GREENFIELD 01-027","0","12","Republican Party","0"
"32","0","GRUNDY","0","Over Votes","400","16TH CONGRESS","GREENFIELD 01-027","0","12","Republican Party","0"
"32","0","GRUNDY","385","DARIN LaHOOD","400","16TH CONGRESS","HIGHLAND 01-028","0","12","Republican Party","23"
"32","0","GRUNDY","0","Over Votes","400","16TH CONGRESS","HIGHLAND 01-028","0","12","Republican Party","0"
"32","0","GRUNDY","0","Under Votes","400","16TH CONGRESS","HIGHLAND 01-028","0","12","Republican Party","4"
"32","0","GRUNDY","0","Under Votes","400","16TH CONGRESS","MAZON 01-030","0","12","Republican Party","31"
"32","0","GRUNDY","385","DARIN LaHOOD","400","16TH CONGRESS","MAZON 01-030","0","12","Republican Party","119"
"32","0","GRUNDY","0","Over Votes","400","16TH CONGRESS","MAZON 01-030","0","12","Republican Party","0"
"32","0","GRUNDY","385","DARIN LaHOOD","400","16TH CONGRESS","MORRIS 03-033","0","12","Republican Party","66"
"32","0","GRUNDY","0","Over Votes","400","16TH CONGRESS","MORRIS 03-033","0","12","Republican Party","0"
"32","0","GRUNDY","0","Under Votes","400","16TH CONGRESS","MORRIS 03-033","0","12","Republican Party","10"
"32","0","GRUNDY","0","Under Votes","400","16TH CONGRESS","SARATOGA 02-040","0","12","Republican Party","4"
"32","0","GRUNDY","385","DARIN LaHOOD","400","16TH CONGRESS","SARATOGA 02-040","0","12","Republican Party","24"
"32","0","GRUNDY","0","Over Votes","400","16TH CONGRESS","SARATOGA 02-040","0","12","Republican Party","0"
"32","0","GRUNDY","0","Under Votes","400","16TH CONGRESS","AUX SABLE 07-F16","0","12","Republican Party","0"
"32","0","GRUNDY","385","DARIN LaHOOD","400","16TH CONGRESS","AUX SABLE 07-F16","0","12","Republican Party","0"
"32","0","GRUNDY","0","Over Votes","400","16TH CONGRESS","AUX SABLE 07-F16","0","12","Republican Party","0"
"32","0","GRUNDY","385","DARIN LaHOOD","400","16TH CONGRESS","BRACEVILLE 03-F16","0","12","Republican Party","0"
"32","0","GRUNDY","0","Over Votes","400","16TH CONGRESS","BRACEVILLE 03-F16","0","12","Republican Party","0"
"32","0","GRUNDY","0","Under Votes","400","16TH CONGRESS","BRACEVILLE 03-F16","0","12","Republican Party","0"
"32","0","GRUNDY","0","Under Votes","400","16TH CONGRESS","ERIENNA 02-F16","0","12","Republican Party","0"
"32","0","GRUNDY","385","DARIN LaHOOD","400","16TH CONGRESS","ERIENNA 02-F16","0","12","Republican Party","0"
"32","0","GRUNDY","0","Over Votes","400","16TH CONGRESS","ERIENNA 02-F16","0","12","Republican Party","0"
"32","0","GRUNDY","385","DARIN LaHOOD","400","16TH CONGRESS","FELIX 03-F16","0","12","Republican Party","0"
"32","0","GRUNDY","0","Over Votes","400","16TH CONGRESS","FELIX 03-F16","0","12","Republican Party","0"
"32","0","GRUNDY","0","Under Votes","400","16TH CONGRESS","FELIX 03-F16","0","12","Republican Party","0"
"71","0","OGLE","0","Under Votes","400","16TH CONGRESS","MARION 2","1322","12","REPUBLICAN","43"
"71","0","OGLE","0","Over Votes","400","16TH CONGRESS","MARION 2","1322","12","REPUBLICAN","0"
"71","0","OGLE","0","Blank Ballots","400","16TH CONGRESS","MARION 2","1322","12","REPUBLICAN","0"
"71","0","OGLE","385","DARIN LaHOOD","400","16TH CONGRESS","MT. MORRIS 4","768","12","REPUBLICAN","137"
"71","0","OGLE","0","Under Votes","400","16TH CONGRESS","MT. MORRIS 4","768","12","REPUBLICAN","34"
"71","0","OGLE","0","Over Votes","400","16TH CONGRESS","MT. MORRIS 4","768","12","REPUBLICAN","0"
"71","0","OGLE","0","Blank Ballots","400","16TH CONGRESS","MT. MORRIS 4","768","12","REPUBLICAN","0"
"71","0","OGLE","385","DARIN LaHOOD","400","16TH CONGRESS","SCOTT","1979","12","REPUBLICAN","331"
"71","0","OGLE","0","Under Votes","400","16TH CONGRESS","SCOTT","1979","12","REPUBLICAN","49"
"71","0","OGLE","0","Over Votes","400","16TH CONGRESS","SCOTT","1979","12","REPUBLICAN","0"
"71","0","OGLE","0","Blank Ballots","400","16TH CONGRESS","SCOTT","1979","12","REPUBLICAN","0"
"71","0","OGLE","385","DARIN LaHOOD","400","16TH CONGRESS","BYRON 4","1079","12","REPUBLICAN","161"
"71","0","OGLE","0","Under Votes","400","16TH CONGRESS","BYRON 4","1079","12","REPUBLICAN","28"
"71","0","OGLE","0","Over Votes","400","16TH CONGRESS","BYRON 4","1079","12","REPUBLICAN","0"
"71","0","OGLE","0","Blank Ballots","400","16TH CONGRESS","BYRON 4","1079","12","REPUBLICAN","0"
"71","0","OGLE","385","DARIN LaHOOD","400","16TH CONGRESS","FLAGG 5","893","12","REPUBLICAN","224"
"71","0","OGLE","0","Under Votes","400","16TH CONGRESS","FLAGG 5","893","12","REPUBLICAN","63"
"71","0","OGLE","0","Over Votes","400","16TH CONGRESS","FLAGG 5","893","12","REPUBLICAN","0"
"71","0","OGLE","0","Blank Ballots","400","16TH CONGRESS","FLAGG 5","893","12","REPUBLICAN","0"
"71","0","OGLE","385","DARIN LaHOOD","400","16TH CONGRESS","FORRESTON 1","622","12","REPUBLICAN","127"
"71","0","OGLE","0","Under Votes","400","16TH CONGRESS","FORRESTON 1","622","12","REPUBLICAN","13"
"71","0","OGLE","0","Over Votes","400","16TH CONGRESS","FORRESTON 1","622","12","REPUBLICAN","0"
"71","0","OGLE","0","Blank Ballots","400","16TH CONGRESS","FORRESTON 1","622","12","REPUBLICAN","0"
"71","0","OGLE","385","DARIN LaHOOD","400","16TH CONGRESS","LEAF RIVER","723","12","REPUBLICAN","142"
"71","0","OGLE","0","Under Votes","400","16TH CONGRESS","LEAF RIVER","723","12","REPUBLICAN","33"
"71","0","OGLE","0","Over Votes","400","16TH CONGRESS","LEAF RIVER","723","12","REPUBLICAN","0"
"71","0","OGLE","0","Blank Ballots","400","16TH CONGRESS","LEAF RIVER","723","12","REPUBLICAN","0"
"71","0","OGLE","385","DARIN LaHOOD","400","16TH CONGRESS","MONROE","1030","12","REPUBLICAN","192"
"71","0","OGLE","0","Under Votes","400","16TH CONGRESS","MONROE","1030","12","REPUBLICAN","31"
"71","0","OGLE","0","Over Votes","400","16TH CONGRESS","MONROE","1030","12","REPUBLICAN","0"
"71","0","OGLE","0","Blank Ballots","400","16TH CONGRESS","MONROE","1030","12","REPUBLICAN","0"
"71","0","OGLE","385","DARIN LaHOOD","400","16TH CONGRESS","OREGON-NASHUA 3","449","12","REPUBLICAN","70"
"71","0","OGLE","0","Under Votes","400","16TH CONGRESS","OREGON-NASHUA 3","449","12","REPUBLICAN","23"
"71","0","OGLE","0","Over Votes","400","16TH CONGRESS","OREGON-NASHUA 3","449","12","REPUBLICAN","0"
"71","0","OGLE","0","Blank Ballots","400","16TH CONGRESS","OREGON-NASHUA 3","449","12","REPUBLICAN","0"
"71","0","OGLE","385","DARIN LaHOOD","400","16TH CONGRESS","PINE CREEK","501","12","REPUBLICAN","139"
"71","0","OGLE","0","Under Votes","400","16TH CONGRESS","PINE CREEK","501","12","REPUBLICAN","31"
"71","0","OGLE","0","Over Votes","400","16TH CONGRESS","PINE CREEK","501","12","REPUBLICAN","0"
"71","0","OGLE","0","Blank Ballots","400","16TH CONGRESS","PINE CREEK","501","12","REPUBLICAN","0"
"71","0","OGLE","385","DARIN LaHOOD","400","16TH CONGRESS","WOOSUNG","250","12","REPUBLICAN","68"
"71","0","OGLE","0","Under Votes","400","16TH CONGRESS","WOOSUNG","250","12","REPUBLICAN","9"
"71","0","OGLE","0","Over Votes","400","16TH CONGRESS","WOOSUNG","250","12","REPUBLICAN","0"
"71","0","OGLE","0","Blank Ballots","400","16TH CONGRESS","WOOSUNG","250","12","REPUBLICAN","0"
"71","0","OGLE","0","Under Votes","400","16TH CONGRESS","BUFFALO 3","590","12","REPUBLICAN","31"
"32","0","GRUNDY","0","Under Votes","400","16TH CONGRESS","WAUPONSEE 01-F16","0","12","Republican Party","0"
"32","0","GRUNDY","385","DARIN LaHOOD","400","16TH CONGRESS","WAUPONSEE 01-F16","0","12","Republican Party","0"
"32","0","GRUNDY","0","Over Votes","400","16TH CONGRESS","WAUPONSEE 01-F16","0","12","Republican Party","0"
"32","0","GRUNDY","0","Under Votes","400","16TH CONGRESS","AUX SABLE 02-002","0","12","Republican Party","15"
"32","0","GRUNDY","385","DARIN LaHOOD","400","16TH CONGRESS","AUX SABLE 02-002","0","12","Republican Party","65"
"32","0","GRUNDY","0","Over Votes","400","16TH CONGRESS","AUX SABLE 02-002","0","12","Republican Party","0"
"32","0","GRUNDY","0","Under Votes","400","16TH CONGRESS","AUX SABLE 03-004","0","12","Republican Party","28"
"32","0","GRUNDY","385","DARIN LaHOOD","400","16TH CONGRESS","AUX SABLE 03-004","0","12","Republican Party","68"
"32","0","GRUNDY","0","Over Votes","400","16TH CONGRESS","AUX SABLE 03-004","0","12","Republican Party","0"
"32","0","GRUNDY","0","Under Votes","400","16TH CONGRESS","FELIX 01-018","0","12","Republican Party","35"
"32","0","GRUNDY","385","DARIN LaHOOD","400","16TH CONGRESS","FELIX 01-018","0","12","Republican Party","80"
"32","0","GRUNDY","0","Over Votes","400","16TH CONGRESS","FELIX 01-018","0","12","Republican Party","0"
"32","0","GRUNDY","0","Under Votes","400","16TH CONGRESS","FELIX 04-021","0","12","Republican Party","15"
"32","0","GRUNDY","385","DARIN LaHOOD","400","16TH CONGRESS","FELIX 04-021","0","12","Republican Party","54"
"32","0","GRUNDY","0","Over Votes","400","16TH CONGRESS","FELIX 04-021","0","12","Republican Party","0"
"32","0","GRUNDY","385","DARIN LaHOOD","400","16TH CONGRESS","GOOSE LAKE 02-025","0","12","Republican Party","124"
"32","0","GRUNDY","0","Over Votes","400","16TH CONGRESS","GOOSE LAKE 02-025","0","12","Republican Party","0"
"32","0","GRUNDY","0","Under Votes","400","16TH CONGRESS","GOOSE LAKE 02-025","0","12","Republican Party","23"
"32","0","GRUNDY","0","Under Votes","400","16TH CONGRESS","VIENNA 01-044","0","12","Republican Party","10"
"32","0","GRUNDY","385","DARIN LaHOOD","400","16TH CONGRESS","VIENNA 01-044","0","12","Republican Party","63"
"32","0","GRUNDY","0","Over Votes","400","16TH CONGRESS","VIENNA 01-044","0","12","Republican Party","0"
"32","0","GRUNDY","0","Under Votes","400","16TH CONGRESS","AUX SABLE 01-F16","0","12","Republican Party","0"
"32","0","GRUNDY","385","DARIN LaHOOD","400","16TH CONGRESS","AUX SABLE 01-F16","0","12","Republican Party","0"
"32","0","GRUNDY","0","Over Votes","400","16TH CONGRESS","AUX SABLE 01-F16","0","12","Republican Party","0"
"32","0","GRUNDY","385","DARIN LaHOOD","400","16TH CONGRESS","AUX SABLE 04-F16","0","12","Republican Party","0"
"32","0","GRUNDY","0","Over Votes","400","16TH CONGRESS","AUX SABLE 04-F16","0","12","Republican Party","0"
"32","0","GRUNDY","0","Under Votes","400","16TH CONGRESS","AUX SABLE 04-F16","0","12","Republican Party","0"
"32","0","GRUNDY","0","Under Votes","400","16TH CONGRESS","MORRIS 02-F16","0","12","Republican Party","0"
"32","0","GRUNDY","385","DARIN LaHOOD","400","16TH CONGRESS","MORRIS 02-F16","0","12","Republican Party","0"
"32","0","GRUNDY","0","Over Votes","400","16TH CONGRESS","MORRIS 02-F16","0","12","Republican Party","0"
"32","0","GRUNDY","0","Under Votes","400","16TH CONGRESS","MORRIS 05-F16","0","12","Republican Party","0"
"32","0","GRUNDY","385","DARIN LaHOOD","400","16TH CONGRESS","MORRIS 05-F16","0","12","Republican Party","0"
"32","0","GRUNDY","0","Over Votes","400","16TH CONGRESS","MORRIS 05-F16","0","12","Republican Party","0"
"32","0","GRUNDY","0","Over Votes","400","16TH CONGRESS","SARATOGA 01-F16","0","12","Republican Party","0"
"32","0","GRUNDY","0","Under Votes","400","16TH CONGRESS","SARATOGA 01-F16","0","12","Republican Party","0"
"32","0","GRUNDY","385","DARIN LaHOOD","400","16TH CONGRESS","SARATOGA 01-F16","0","12","Republican Party","0"
"32","0","GRUNDY","0","Over Votes","400","16TH CONGRESS","SARATOGA 04-F16","0","12","Republican Party","0"
"32","0","GRUNDY","0","Under Votes","400","16TH CONGRESS","SARATOGA 04-F16","0","12","Republican Party","0"
"110","101","CITY OF ROCKFORD","385","DARIN LaHOOD","400","16TH CONGRESS","WARD 7 PRECINCT 4","947","12","REPUBLICAN","2"
"110","101","CITY OF ROCKFORD","0","Under Votes","400","16TH CONGRESS","WARD 7 PRECINCT 4","947","12","REPUBLICAN","3"
"110","101","CITY OF ROCKFORD","0","Over Votes","400","16TH CONGRESS","WARD 9 PRECINCT 3","845","12","REPUBLICAN","0"
"110","101","CITY OF ROCKFORD","385","DARIN LaHOOD","400","16TH CONGRESS","WARD 9 PRECINCT 3","845","12","REPUBLICAN","0"
"110","101","CITY OF ROCKFORD","0","Under Votes","400","16TH CONGRESS","WARD 9 PRECINCT 3","845","12","REPUBLICAN","0"
"110","101","CITY OF ROCKFORD","0","Over Votes","400","16TH CONGRESS","WARD 14 PRECINCT 2","1088","12","REPUBLICAN","0"
"110","101","CITY OF ROCKFORD","385","DARIN LaHOOD","400","16TH CONGRESS","WARD 14 PRECINCT 2","1088","12","REPUBLICAN","102"
"110","101","CITY OF ROCKFORD","0","Under Votes","400","16TH CONGRESS","WARD 14 PRECINCT 2","1088","12","REPUBLICAN","16"
"110","101","CITY OF ROCKFORD","0","Over Votes","400","16TH CONGRESS","WARD 1 PRECINCT 6","1240","12","REPUBLICAN","0"
"110","101","CITY OF ROCKFORD","385","DARIN LaHOOD","400","16TH CONGRESS","WARD 1 PRECINCT 6","1240","12","REPUBLICAN","69"
"110","101","CITY OF ROCKFORD","0","Under Votes","400","16TH CONGRESS","WARD 1 PRECINCT 6","1240","12","REPUBLICAN","11"
"110","101","CITY OF ROCKFORD","0","Over Votes","400","16TH CONGRESS","WARD 1 PRECINCT 7","1151","12","REPUBLICAN","0"
"110","101","CITY OF ROCKFORD","385","DARIN LaHOOD","400","16TH CONGRESS","WARD 1 PRECINCT 7","1151","12","REPUBLICAN","66"
"110","101","CITY OF ROCKFORD","0","Under Votes","400","16TH CONGRESS","WARD 1 PRECINCT 7","1151","12","REPUBLICAN","9"
"110","101","CITY OF ROCKFORD","0","Over Votes","400","16TH CONGRESS","WARD 1 PRECINCT 8","1005","12","REPUBLICAN","0"
"110","101","CITY OF ROCKFORD","385","DARIN LaHOOD","400","16TH CONGRESS","WARD 1 PRECINCT 8","1005","12","REPUBLICAN","80"
"110","101","CITY OF ROCKFORD","0","Under Votes","400","16TH CONGRESS","WARD 1 PRECINCT 8","1005","12","REPUBLICAN","14"
"110","101","CITY OF ROCKFORD","0","Over Votes","400","16TH CONGRESS","WARD 4 PRECINCT 4","1062","12","REPUBLICAN","0"
"110","101","CITY OF ROCKFORD","385","DARIN LaHOOD","400","16TH CONGRESS","WARD 4 PRECINCT 4","1062","12","REPUBLICAN","27"
"110","101","CITY OF ROCKFORD","0","Under Votes","400","16TH CONGRESS","WARD 4 PRECINCT 4","1062","12","REPUBLICAN","6"
"110","101","CITY OF ROCKFORD","0","Over Votes","400","16TH CONGRESS","WARD 6 PRECINCT 1","1161","12","REPUBLICAN","0"
"110","101","CITY OF ROCKFORD","385","DARIN LaHOOD","400","16TH CONGRESS","WARD 6 PRECINCT 1","1161","12","REPUBLICAN","26"
"110","101","CITY OF ROCKFORD","0","Under Votes","400","16TH CONGRESS","WARD 6 PRECINCT 1","1161","12","REPUBLICAN","9"
"110","101","CITY OF ROCKFORD","0","Over Votes","400","16TH CONGRESS","WARD 5 PRECINCT 3","1088","12","REPUBLICAN","0"
"110","101","CITY OF ROCKFORD","385","DARIN LaHOOD","400","16TH CONGRESS","WARD 5 PRECINCT 3","1088","12","REPUBLICAN","5"
"110","101","CITY OF ROCKFORD","0","Under Votes","400","16TH CONGRESS","WARD 5 PRECINCT 3","1088","12","REPUBLICAN","4"
"110","101","CITY OF ROCKFORD","0","Over Votes","400","16TH CONGRESS","WARD 12 PRECINCT 2","954","12","REPUBLICAN","0"
"110","101","CITY OF ROCKFORD","385","DARIN LaHOOD","400","16TH CONGRESS","WARD 12 PRECINCT 2","954","12","REPUBLICAN","7"
"110","101","CITY OF ROCKFORD","0","Under Votes","400","16TH CONGRESS","WARD 12 PRECINCT 2","954","12","REPUBLICAN","1"
"110","101","CITY OF ROCKFORD","0","Over Votes","400","16TH CONGRESS","WARD 1 PRECINCT 2","956","12","REPUBLICAN","0"
"110","101","CITY OF ROCKFORD","385","DARIN LaHOOD","400","16TH CONGRESS","WARD 1 PRECINCT 2","956","12","REPUBLICAN","64"
"110","101","CITY OF ROCKFORD","0","Under Votes","400","16TH CONGRESS","WARD 1 PRECINCT 2","956","12","REPUBLICAN","25"
"110","101","CITY OF ROCKFORD","0","Over Votes","400","16TH CONGRESS","WARD 1 PRECINCT 3","1002","12","REPUBLICAN","0"
"110","101","CITY OF ROCKFORD","385","DARIN LaHOOD","400","16TH CONGRESS","WARD 1 PRECINCT 3","1002","12","REPUBLICAN","88"
"110","101","CITY OF ROCKFORD","0","Under Votes","400","16TH CONGRESS","WARD 1 PRECINCT 3","1002","12","REPUBLICAN","20"
"110","101","CITY OF ROCKFORD","0","Over Votes","400","16TH CONGRESS","WARD 4 PRECINCT 2","1271","12","REPUBLICAN","0"
"110","101","CITY OF ROCKFORD","385","DARIN LaHOOD","400","16TH CONGRESS","WARD 4 PRECINCT 2","1271","12","REPUBLICAN","89"
"110","101","CITY OF ROCKFORD","0","Under Votes","400","16TH CONGRESS","WARD 4 PRECINCT 2","1271","12","REPUBLICAN","24"
"32","0","GRUNDY","385","DARIN LaHOOD","400","16TH CONGRESS","SARATOGA 04-F16","0","12","Republican Party","0"
"32","0","GRUNDY","0","Under Votes","400","16TH CONGRESS","BRACEVILLE 03-014","0","12","Republican Party","20"
"32","0","GRUNDY","385","DARIN LaHOOD","400","16TH CONGRESS","BRACEVILLE 03-014","0","12","Republican Party","76"
"32","0","GRUNDY","0","Over Votes","400","16TH CONGRESS","BRACEVILLE 03-014","0","12","Republican Party","0"
"32","0","GRUNDY","0","Under Votes","400","16TH CONGRESS","ERIENNA 02-017","0","12","Republican Party","16"
"32","0","GRUNDY","0","Over Votes","400","16TH CONGRESS","ERIENNA 02-017","0","12","Republican Party","0"
"32","0","GRUNDY","385","DARIN LaHOOD","400","16TH CONGRESS","ERIENNA 02-017","0","12","Republican Party","90"
"32","0","GRUNDY","0","Under Votes","400","16TH CONGRESS","FELIX 03-020","0","12","Republican Party","8"
"32","0","GRUNDY","385","DARIN LaHOOD","400","16TH CONGRESS","FELIX 03-020","0","12","Republican Party","39"
"32","0","GRUNDY","0","Over Votes","400","16TH CONGRESS","FELIX 03-020","0","12","Republican Party","0"
"32","0","GRUNDY","0","Under Votes","400","16TH CONGRESS","SARATOGA 05-043","0","12","Republican Party","19"
"32","0","GRUNDY","385","DARIN LaHOOD","400","16TH CONGRESS","SARATOGA 05-043","0","12","Republican Party","95"
"32","0","GRUNDY","0","Over Votes","400","16TH CONGRESS","SARATOGA 05-043","0","12","Republican Party","0"
"32","0","GRUNDY","0","Under Votes","400","16TH CONGRESS","WAUPONSEE 02-046","0","12","Republican Party","13"
"32","0","GRUNDY","385","DARIN LaHOOD","400","16TH CONGRESS","WAUPONSEE 02-046","0","12","Republican Party","104"
"32","0","GRUNDY","0","Over Votes","400","16TH CONGRESS","WAUPONSEE 02-046","0","12","Republican Party","0"
"32","0","GRUNDY","0","Under Votes","400","16TH CONGRESS","AUX SABLE 03-F16","0","12","Republican Party","0"
"32","0","GRUNDY","0","Over Votes","400","16TH CONGRESS","AUX SABLE 03-F16","0","12","Republican Party","0"
"32","0","GRUNDY","385","DARIN LaHOOD","400","16TH CONGRESS","AUX SABLE 03-F16","0","12","Republican Party","0"
"32","0","GRUNDY","385","DARIN LaHOOD","400","16TH CONGRESS","HIGHLAND 01-F16","0","12","Republican Party","0"
"32","0","GRUNDY","0","Over Votes","400","16TH CONGRESS","HIGHLAND 01-F16","0","12","Republican Party","0"
"32","0","GRUNDY","0","Under Votes","400","16TH CONGRESS","HIGHLAND 01-F16","0","12","Republican Party","0"
"32","0","GRUNDY","0","Over Votes","400","16TH CONGRESS","MORRIS 01-F16","0","12","Republican Party","0"
"32","0","GRUNDY","385","DARIN LaHOOD","400","16TH CONGRESS","MORRIS 01-F16","0","12","Republican Party","0"
"32","0","GRUNDY","0","Under Votes","400","16TH CONGRESS","MORRIS 01-F16","0","12","Republican Party","0"
"32","0","GRUNDY","0","Over Votes","400","16TH CONGRESS","MORRIS 04-F16","0","12","Republican Party","0"
"32","0","GRUNDY","385","DARIN LaHOOD","400","16TH CONGRESS","MORRIS 04-F16","0","12","Republican Party","0"
"32","0","GRUNDY","0","Under Votes","400","16TH CONGRESS","MORRIS 04-F16","0","12","Republican Party","0"
"32","0","GRUNDY","0","Under Votes","400","16TH CONGRESS","NORMAN 01-F16","0","12","Republican Party","0"
"32","0","GRUNDY","0","Over Votes","400","16TH CONGRESS","NORMAN 01-F16","0","12","Republican Party","0"
"32","0","GRUNDY","385","DARIN LaHOOD","400","16TH CONGRESS","NORMAN 01-F16","0","12","Republican Party","0"
"32","0","GRUNDY","0","Over Votes","400","16TH CONGRESS","BRACEVILLE 01-011","0","12","Republican Party","0"
"32","0","GRUNDY","385","DARIN LaHOOD","400","16TH CONGRESS","BRACEVILLE 01-011","0","12","Republican Party","101"
"32","0","GRUNDY","0","Under Votes","400","16TH CONGRESS","BRACEVILLE 01-011","0","12","Republican Party","13"
"32","0","GRUNDY","0","Under Votes","400","16TH CONGRESS","BRACEVILLE 02-013","0","12","Republican Party","2"
"32","0","GRUNDY","385","DARIN LaHOOD","400","16TH CONGRESS","BRACEVILLE 02-013","0","12","Republican Party","10"
"32","0","GRUNDY","0","Over Votes","400","16TH CONGRESS","BRACEVILLE 02-013","0","12","Republican Party","0"
"32","0","GRUNDY","0","Under Votes","400","16TH CONGRESS","BRACEVILLE 04-015","0","12","Republican Party","16"
"32","0","GRUNDY","0","Blank Ballots","400","16TH CONGRESS","SARATOGA 04-042","0","11","Democratic Party","226"
"32","0","GRUNDY","0","Blank Ballots","400","16TH CONGRESS","WAUPONSEE 01-045","0","11","Democratic Party","187"
"32","0","GRUNDY","0","Blank Ballots","400","16TH CONGRESS","GOODFARM 01-F16","0","11","Democratic Party","0"
"32","0","GRUNDY","0","Blank Ballots","400","16TH CONGRESS","GREENFIELD 01-F16","0","11","Democratic Party","0"
"32","0","GRUNDY","0","Blank Ballots","400","16TH CONGRESS","MAZON 01-F16","0","11","Democratic Party","0"
"32","0","GRUNDY","0","Blank Ballots","400","16TH CONGRESS","MORRIS 03-F16","0","11","Democratic Party","0"
"32","0","GRUNDY","0","Blank Ballots","400","16TH CONGRESS","AUX SABLE 05-007","0","11","Democratic Party","51"
"32","0","GRUNDY","0","Blank Ballots","400","16TH CONGRESS","AUX SABLE 06-008","0","11","Democratic Party","330"
"32","0","GRUNDY","0","Blank Ballots","400","16TH CONGRESS","AUX SABLE 07-009","0","11","Democratic Party","136"
"32","0","GRUNDY","0","Blank Ballots","400","16TH CONGRESS","MAINE 01-029","0","11","Democratic Party","44"
"32","0","GRUNDY","0","Blank Ballots","400","16TH CONGRESS","MORRIS 01-031","0","11","Democratic Party","149"
"32","0","GRUNDY","0","Blank Ballots","400","16TH CONGRESS","MORRIS 04-034","0","11","Democratic Party","151"
"32","0","GRUNDY","0","Blank Ballots","400","16TH CONGRESS","NORMAN 01-037","0","11","Democratic Party","64"
"32","0","GRUNDY","0","Blank Ballots","400","16TH CONGRESS","BRACEVILLE 04-F16","0","11","Democratic Party","0"
"32","0","GRUNDY","0","Blank Ballots","400","16TH CONGRESS","FELIX 01-F16","0","11","Democratic Party","0"
"32","0","GRUNDY","0","Blank Ballots","400","16TH CONGRESS","FELIX 04-F16","0","11","Democratic Party","0"
"32","0","GRUNDY","0","Blank Ballots","400","16TH CONGRESS","GOOSE LAKE 01-F16","0","11","Democratic Party","0"
"101","0","WINNEBAGO","385","DARIN LaHOOD","400","16TH CONGRESS","HARLEM 10","1187","12","REPUBLICAN","66"
"101","0","WINNEBAGO","0","Under Votes","400","16TH CONGRESS","HARLEM 10","1187","12","REPUBLICAN","10"
"101","0","WINNEBAGO","0","Over Votes","400","16TH CONGRESS","HARLEM 10","1187","12","REPUBLICAN","0"
"101","0","WINNEBAGO","385","DARIN LaHOOD","400","16TH CONGRESS","HARLEM 12","1117","12","REPUBLICAN","74"
"101","0","WINNEBAGO","0","Under Votes","400","16TH CONGRESS","HARLEM 12","1117","12","REPUBLICAN","10"
"101","0","WINNEBAGO","0","Over Votes","400","16TH CONGRESS","HARLEM 12","1117","12","REPUBLICAN","0"
"101","0","WINNEBAGO","385","DARIN LaHOOD","400","16TH CONGRESS","HARLEM 17","1064","12","REPUBLICAN","92"
"101","0","WINNEBAGO","0","Under Votes","400","16TH CONGRESS","HARLEM 17","1064","12","REPUBLICAN","18"
"101","0","WINNEBAGO","0","Over Votes","400","16TH CONGRESS","HARLEM 17","1064","12","REPUBLICAN","0"
"101","0","WINNEBAGO","385","DARIN LaHOOD","400","16TH CONGRESS","HARLEM 18","999","12","REPUBLICAN","51"
"101","0","WINNEBAGO","0","Under Votes","400","16TH CONGRESS","HARLEM 18","999","12","REPUBLICAN","7"
"101","0","WINNEBAGO","0","Over Votes","400","16TH CONGRESS","HARLEM 18","999","12","REPUBLICAN","0"
"101","0","WINNEBAGO","385","DARIN LaHOOD","400","16TH CONGRESS","HARLEM 19","1055","12","REPUBLICAN","104"
"101","0","WINNEBAGO","0","Under Votes","400","16TH CONGRESS","HARLEM 19","1055","12","REPUBLICAN","16"
"101","0","WINNEBAGO","0","Over Votes","400","16TH CONGRESS","HARLEM 19","1055","12","REPUBLICAN","0"
"101","0","WINNEBAGO","385","DARIN LaHOOD","400","16TH CONGRESS","HARLEM 21","1140","12","REPUBLICAN","102"
"101","0","WINNEBAGO","0","Under Votes","400","16TH CONGRESS","HARLEM 21","1140","12","REPUBLICAN","24"
"101","0","WINNEBAGO","0","Over Votes","400","16TH CONGRESS","HARLEM 21","1140","12","REPUBLICAN","0"
"101","0","WINNEBAGO","385","DARIN LaHOOD","400","16TH CONGRESS","LAONA 1","973","12","REPUBLICAN","98"
"101","0","WINNEBAGO","0","Under Votes","400","16TH CONGRESS","LAONA 1","973","12","REPUBLICAN","15"
"101","0","WINNEBAGO","0","Over Votes","400","16TH CONGRESS","LAONA 1","973","12","REPUBLICAN","0"
"101","0","WINNEBAGO","385","DARIN LaHOOD","400","16TH CONGRESS","ROCKTON 3","1119","12","REPUBLICAN","94"
"101","0","WINNEBAGO","0","Under Votes","400","16TH CONGRESS","ROCKTON 3","1119","12","REPUBLICAN","26"
"101","0","WINNEBAGO","0","Over Votes","400","16TH CONGRESS","ROCKTON 3","1119","12","REPUBLICAN","0"
"71","0","OGLE","0","Over Votes","400","16TH CONGRESS","BUFFALO 3","590","12","REPUBLICAN","0"
"71","0","OGLE","0","Blank Ballots","400","16TH CONGRESS","BUFFALO 3","590","12","REPUBLICAN","0"
"71","0","OGLE","385","DARIN LaHOOD","400","16TH CONGRESS","BUFFALO 3","590","12","REPUBLICAN","165"
"71","0","OGLE","385","DARIN LaHOOD","400","16TH CONGRESS","FLAGG 1","544","12","REPUBLICAN","67"
"71","0","OGLE","0","Under Votes","400","16TH CONGRESS","FLAGG 1","544","12","REPUBLICAN","19"
"71","0","OGLE","0","Over Votes","400","16TH CONGRESS","FLAGG 1","544","12","REPUBLICAN","0"
"71","0","OGLE","0","Blank Ballots","400","16TH CONGRESS","FLAGG 1","544","12","REPUBLICAN","0"
"71","0","OGLE","385","DARIN LaHOOD","400","16TH CONGRESS","FLAGG 8","869","12","REPUBLICAN","131"
"71","0","OGLE","0","Under Votes","400","16TH CONGRESS","FLAGG 8","869","12","REPUBLICAN","32"
"71","0","OGLE","0","Over Votes","400","16TH CONGRESS","FLAGG 8","869","12","REPUBLICAN","0"
"71","0","OGLE","0","Blank Ballots","400","16TH CONGRESS","FLAGG 8","869","12","REPUBLICAN","0"
"71","0","OGLE","385","DARIN LaHOOD","400","16TH CONGRESS","MARION 1","779","12","REPUBLICAN","191"
"71","0","OGLE","0","Under Votes","400","16TH CONGRESS","MARION 1","779","12","REPUBLICAN","43"
"71","0","OGLE","0","Over Votes","400","16TH CONGRESS","MARION 1","779","12","REPUBLICAN","0"
"71","0","OGLE","0","Blank Ballots","400","16TH CONGRESS","MARION 1","779","12","REPUBLICAN","0"
"71","0","OGLE","385","DARIN LaHOOD","400","16TH CONGRESS","MT. MORRIS 3","535","12","REPUBLICAN","109"
"71","0","OGLE","0","Under Votes","400","16TH CONGRESS","MT. MORRIS 3","535","12","REPUBLICAN","28"
"71","0","OGLE","0","Over Votes","400","16TH CONGRESS","MT. MORRIS 3","535","12","REPUBLICAN","0"
"71","0","OGLE","0","Blank Ballots","400","16TH CONGRESS","MT. MORRIS 3","535","12","REPUBLICAN","0"
"71","0","OGLE","385","DARIN LaHOOD","400","16TH CONGRESS","ROCKVALE 2","530","12","REPUBLICAN","109"
"71","0","OGLE","0","Under Votes","400","16TH CONGRESS","ROCKVALE 2","530","12","REPUBLICAN","14"
"71","0","OGLE","0","Over Votes","400","16TH CONGRESS","ROCKVALE 2","530","12","REPUBLICAN","0"
"71","0","OGLE","0","Blank Ballots","400","16TH CONGRESS","ROCKVALE 2","530","12","REPUBLICAN","0"
"71","0","OGLE","385","DARIN LaHOOD","400","16TH CONGRESS","BYRON 2","1073","12","REPUBLICAN","134"
"71","0","OGLE","0","Under Votes","400","16TH CONGRESS","BYRON 2","1073","12","REPUBLICAN","40"
"71","0","OGLE","0","Over Votes","400","16TH CONGRESS","BYRON 2","1073","12","REPUBLICAN","0"
"71","0","OGLE","0","Blank Ballots","400","16TH CONGRESS","BYRON 2","1073","12","REPUBLICAN","0"
"71","0","OGLE","385","DARIN LaHOOD","400","16TH CONGRESS","FLAGG 3","879","12","REPUBLICAN","82"
"71","0","OGLE","0","Under Votes","400","16TH CONGRESS","FLAGG 3","879","12","REPUBLICAN","11"
"71","0","OGLE","0","Over Votes","400","16TH CONGRESS","FLAGG 3","879","12","REPUBLICAN","0"
"71","0","OGLE","0","Blank Ballots","400","16TH CONGRESS","FLAGG 3","879","12","REPUBLICAN","0"
"71","0","OGLE","385","DARIN LaHOOD","400","16TH CONGRESS","FLAGG 7","647","12","REPUBLICAN","69"
"71","0","OGLE","0","Under Votes","400","16TH CONGRESS","FLAGG 7","647","12","REPUBLICAN","9"
"71","0","OGLE","0","Over Votes","400","16TH CONGRESS","FLAGG 7","647","12","REPUBLICAN","0"
"71","0","OGLE","0","Blank Ballots","400","16TH CONGRESS","FLAGG 7","647","12","REPUBLICAN","0"
"71","0","OGLE","385","DARIN LaHOOD","400","16TH CONGRESS","GRAND DETOUR","478","12","REPUBLICAN","105"
"71","0","OGLE","0","Under Votes","400","16TH CONGRESS","GRAND DETOUR","478","12","REPUBLICAN","25"
"71","0","OGLE","0","Over Votes","400","16TH CONGRESS","GRAND DETOUR","478","12","REPUBLICAN","0"
"71","0","OGLE","0","Blank Ballots","400","16TH CONGRESS","GRAND DETOUR","478","12","REPUBLICAN","0"
"71","0","OGLE","385","DARIN LaHOOD","400","16TH CONGRESS","MARION 3","675","12","REPUBLICAN","145"
"71","0","OGLE","0","Under Votes","400","16TH CONGRESS","MARION 3","675","12","REPUBLICAN","21"
"71","0","OGLE","0","Over Votes","400","16TH CONGRESS","MARION 3","675","12","REPUBLICAN","0"
"71","0","OGLE","0","Blank Ballots","400","16TH CONGRESS","MARION 3","675","12","REPUBLICAN","0"
"71","0","OGLE","385","DARIN LaHOOD","400","16TH CONGRESS","MT. MORRIS 2","319","12","REPUBLICAN","76"
"71","0","OGLE","0","Under Votes","400","16TH CONGRESS","MT. MORRIS 2","319","12","REPUBLICAN","8"
"71","0","OGLE","0","Over Votes","400","16TH CONGRESS","MT. MORRIS 2","319","12","REPUBLICAN","0"
"71","0","OGLE","0","Blank Ballots","400","16TH CONGRESS","MT. MORRIS 2","319","12","REPUBLICAN","0"
"71","0","OGLE","0","Under Votes","400","16TH CONGRESS","OREGON-NASHUA 5","396","12","REPUBLICAN","15"
"71","0","OGLE","0","Over Votes","400","16TH CONGRESS","OREGON-NASHUA 5","396","12","REPUBLICAN","0"
"71","0","OGLE","0","Blank Ballots","400","16TH CONGRESS","OREGON-NASHUA 5","396","12","REPUBLICAN","0"
"71","0","OGLE","385","DARIN LaHOOD","400","16TH CONGRESS","OREGON-NASHUA 5","396","12","REPUBLICAN","69"
"71","0","OGLE","0","Under Votes","400","16TH CONGRESS","TAYLOR","730","12","REPUBLICAN","25"
"71","0","OGLE","0","Over Votes","400","16TH CONGRESS","TAYLOR","730","12","REPUBLICAN","0"
"71","0","OGLE","0","Blank Ballots","400","16TH CONGRESS","TAYLOR","730","12","REPUBLICAN","0"
"71","0","OGLE","385","DARIN LaHOOD","400","16TH CONGRESS","TAYLOR","730","12","REPUBLICAN","154"
"71","0","OGLE","385","DARIN LaHOOD","400","16TH CONGRESS","BYRON 3","942","12","REPUBLICAN","143"
"71","0","OGLE","0","Under Votes","400","16TH CONGRESS","BYRON 3","942","12","REPUBLICAN","24"
"71","0","OGLE","0","Over Votes","400","16TH CONGRESS","BYRON 3","942","12","REPUBLICAN","0"
"71","0","OGLE","0","Blank Ballots","400","16TH CONGRESS","BYRON 3","942","12","REPUBLICAN","0"
"71","0","OGLE","385","DARIN LaHOOD","400","16TH CONGRESS","FLAGG 4","1027","12","REPUBLICAN","283"
"71","0","OGLE","0","Under Votes","400","16TH CONGRESS","FLAGG 4","1027","12","REPUBLICAN","54"
"71","0","OGLE","0","Over Votes","400","16TH CONGRESS","FLAGG 4","1027","12","REPUBLICAN","0"
"71","0","OGLE","0","Blank Ballots","400","16TH CONGRESS","FLAGG 4","1027","12","REPUBLICAN","0"
"71","0","OGLE","385","DARIN LaHOOD","400","16TH CONGRESS","LAFAYETTE","103","12","REPUBLICAN","43"
"71","0","OGLE","0","Under Votes","400","16TH CONGRESS","LAFAYETTE","103","12","REPUBLICAN","7"
"71","0","OGLE","0","Over Votes","400","16TH CONGRESS","LAFAYETTE","103","12","REPUBLICAN","0"
"71","0","OGLE","0","Blank Ballots","400","16TH CONGRESS","LAFAYETTE","103","12","REPUBLICAN","0"
"71","0","OGLE","385","DARIN LaHOOD","400","16TH CONGRESS","MARYLAND","357","12","REPUBLICAN","82"
"71","0","OGLE","0","Under Votes","400","16TH CONGRESS","MARYLAND","357","12","REPUBLICAN","8"
"71","0","OGLE","0","Over Votes","400","16TH CONGRESS","MARYLAND","357","12","REPUBLICAN","0"
"71","0","OGLE","0","Blank Ballots","400","16TH CONGRESS","MARYLAND","357","12","REPUBLICAN","0"
"71","0","OGLE","385","DARIN LaHOOD","400","16TH CONGRESS","OREGON-NASHUA 6","654","12","REPUBLICAN","161"
"71","0","OGLE","0","Under Votes","400","16TH CONGRESS","OREGON-NASHUA 6","654","12","REPUBLICAN","48"
"71","0","OGLE","0","Over Votes","400","16TH CONGRESS","OREGON-NASHUA 6","654","12","REPUBLICAN","0"
"71","0","OGLE","0","Blank Ballots","400","16TH CONGRESS","OREGON-NASHUA 6","654","12","REPUBLICAN","0"
"71","0","OGLE","385","DARIN LaHOOD","400","16TH CONGRESS","WHITE ROCK","477","12","REPUBLICAN","125"
"71","0","OGLE","0","Under Votes","400","16TH CONGRESS","WHITE ROCK","477","12","REPUBLICAN","23"
"71","0","OGLE","0","Over Votes","400","16TH CONGRESS","WHITE ROCK","477","12","REPUBLICAN","0"
"71","0","OGLE","0","Blank Ballots","400","16TH CONGRESS","WHITE ROCK","477","12","REPUBLICAN","0"
"71","0","OGLE","385","DARIN LaHOOD","400","16TH CONGRESS","BYRON 1","1089","12","REPUBLICAN","156"
"71","0","OGLE","0","Under Votes","400","16TH CONGRESS","BYRON 1","1089","12","REPUBLICAN","28"
"71","0","OGLE","0","Over Votes","400","16TH CONGRESS","BYRON 1","1089","12","REPUBLICAN","0"
"71","0","OGLE","0","Blank Ballots","400","16TH CONGRESS","BYRON 1","1089","12","REPUBLICAN","0"
"71","0","OGLE","385","DARIN LaHOOD","400","16TH CONGRESS","FLAGG 6","596","12","REPUBLICAN","107"
"71","0","OGLE","0","Under Votes","400","16TH CONGRESS","FLAGG 6","596","12","REPUBLICAN","23"
"71","0","OGLE","0","Over Votes","400","16TH CONGRESS","FLAGG 6","596","12","REPUBLICAN","0"
"71","0","OGLE","0","Blank Ballots","400","16TH CONGRESS","FLAGG 6","596","12","REPUBLICAN","0"
"71","0","OGLE","385","DARIN LaHOOD","400","16TH CONGRESS","FORRESTON 2","585","12","REPUBLICAN","114"
"32","0","GRUNDY","385","DARIN LaHOOD","400","16TH CONGRESS","BRACEVILLE 04-015","0","12","Republican Party","101"
"32","0","GRUNDY","0","Over Votes","400","16TH CONGRESS","BRACEVILLE 04-015","0","12","Republican Party","0"
"32","0","GRUNDY","0","Under Votes","400","16TH CONGRESS","GREENFIELD 01-026","0","12","Republican Party","7"
"32","0","GRUNDY","385","DARIN LaHOOD","400","16TH CONGRESS","GREENFIELD 01-026","0","12","Republican Party","44"
"32","0","GRUNDY","0","Over Votes","400","16TH CONGRESS","GREENFIELD 01-026","0","12","Republican Party","0"
"32","0","GRUNDY","0","Over Votes","400","16TH CONGRESS","MORRIS 02-032","0","12","Republican Party","0"
"32","0","GRUNDY","385","DARIN LaHOOD","400","16TH CONGRESS","MORRIS 02-032","0","12","Republican Party","81"
"32","0","GRUNDY","0","Under Votes","400","16TH CONGRESS","MORRIS 02-032","0","12","Republican Party","12"
"32","0","GRUNDY","385","DARIN LaHOOD","400","16TH CONGRESS","MORRIS 05-035","0","12","Republican Party","56"
"32","0","GRUNDY","0","Over Votes","400","16TH CONGRESS","MORRIS 05-035","0","12","Republican Party","0"
"32","0","GRUNDY","0","Under Votes","400","16TH CONGRESS","MORRIS 05-035","0","12","Republican Party","6"
"32","0","GRUNDY","0","Under Votes","400","16TH CONGRESS","SARATOGA 01-038","0","12","Republican Party","21"
"32","0","GRUNDY","385","DARIN LaHOOD","400","16TH CONGRESS","SARATOGA 01-038","0","12","Republican Party","81"
"32","0","GRUNDY","0","Over Votes","400","16TH CONGRESS","SARATOGA 01-038","0","12","Republican Party","0"
"32","0","GRUNDY","0","Under Votes","400","16TH CONGRESS","SARATOGA 03-041","0","12","Republican Party","11"
"32","0","GRUNDY","385","DARIN LaHOOD","400","16TH CONGRESS","SARATOGA 03-041","0","12","Republican Party","90"
"32","0","GRUNDY","0","Over Votes","400","16TH CONGRESS","SARATOGA 03-041","0","12","Republican Party","0"
"32","0","GRUNDY","385","DARIN LaHOOD","400","16TH CONGRESS","FELIX 02-F16","0","12","Republican Party","0"
"32","0","GRUNDY","0","Over Votes","400","16TH CONGRESS","FELIX 02-F16","0","12","Republican Party","0"
"32","0","GRUNDY","0","Under Votes","400","16TH CONGRESS","FELIX 02-F16","0","12","Republican Party","0"
"32","0","GRUNDY","385","DARIN LaHOOD","400","16TH CONGRESS","GARFIELD 01-F16","0","12","Republican Party","0"
"32","0","GRUNDY","0","Over Votes","400","16TH CONGRESS","GARFIELD 01-F16","0","12","Republican Party","0"
"32","0","GRUNDY","0","Under Votes","400","16TH CONGRESS","GARFIELD 01-F16","0","12","Republican Party","0"
"32","0","GRUNDY","385","DARIN LaHOOD","400","16TH CONGRESS","GOOSE LAKE 02-F16","0","12","Republican Party","0"
"32","0","GRUNDY","0","Over Votes","400","16TH CONGRESS","GOOSE LAKE 02-F16","0","12","Republican Party","0"
"32","0","GRUNDY","0","Under Votes","400","16TH CONGRESS","GOOSE LAKE 02-F16","0","12","Republican Party","0"
"32","0","GRUNDY","0","Under Votes","400","16TH CONGRESS","MAINE 01-F16","0","12","Republican Party","0"
"32","0","GRUNDY","385","DARIN LaHOOD","400","16TH CONGRESS","MAINE 01-F16","0","12","Republican Party","0"
"32","0","GRUNDY","0","Over Votes","400","16TH CONGRESS","MAINE 01-F16","0","12","Republican Party","0"
"32","0","GRUNDY","0","Under Votes","400","16TH CONGRESS","AUX SABLE 04-005","0","12","Republican Party","23"
"32","0","GRUNDY","0","Over Votes","400","16TH CONGRESS","AUX SABLE 04-005","0","12","Republican Party","0"
"32","0","GRUNDY","385","DARIN LaHOOD","400","16TH CONGRESS","AUX SABLE 04-005","0","12","Republican Party","113"
"32","0","GRUNDY","0","Over Votes","400","16TH CONGRESS","AUX SABLE 07-010","0","12","Republican Party","0"
"32","0","GRUNDY","385","DARIN LaHOOD","400","16TH CONGRESS","AUX SABLE 07-010","0","12","Republican Party","2"
"32","0","GRUNDY","0","Under Votes","400","16TH CONGRESS","AUX SABLE 07-010","0","12","Republican Party","0"
"32","0","GRUNDY","0","Under Votes","400","16TH CONGRESS","BRACEVILLE 02-012","0","12","Republican Party","15"
"32","0","GRUNDY","385","DARIN LaHOOD","400","16TH CONGRESS","BRACEVILLE 02-012","0","12","Republican Party","66"
"32","0","GRUNDY","0","Over Votes","400","16TH CONGRESS","BRACEVILLE 02-012","0","12","Republican Party","0"
"110","101","CITY OF ROCKFORD","0","Over Votes","400","16TH CONGRESS","WARD 4 PRECINCT 8","834","12","REPUBLICAN","0"
"110","101","CITY OF ROCKFORD","385","DARIN LaHOOD","400","16TH CONGRESS","WARD 4 PRECINCT 8","834","12","REPUBLICAN","0"
"110","101","CITY OF ROCKFORD","0","Under Votes","400","16TH CONGRESS","WARD 4 PRECINCT 8","834","12","REPUBLICAN","0"
"32","0","GRUNDY","0","Under Votes","400","16TH CONGRESS","GOOSE LAKE 01-024","0","12","Republican Party","13"
"32","0","GRUNDY","0","Over Votes","400","16TH CONGRESS","GOOSE LAKE 01-024","0","12","Republican Party","0"
"32","0","GRUNDY","385","DARIN LaHOOD","400","16TH CONGRESS","GOOSE LAKE 01-024","0","12","Republican Party","79"
"32","0","GRUNDY","0","Under Votes","400","16TH CONGRESS","AUX SABLE 06-F16","0","12","Republican Party","0"
"32","0","GRUNDY","0","Over Votes","400","16TH CONGRESS","AUX SABLE 06-F16","0","12","Republican Party","0"
"32","0","GRUNDY","385","DARIN LaHOOD","400","16TH CONGRESS","AUX SABLE 06-F16","0","12","Republican Party","0"
"32","0","GRUNDY","0","Under Votes","400","16TH CONGRESS","BRACEVILLE 02-F16","0","12","Republican Party","0"
"32","0","GRUNDY","0","Over Votes","400","16TH CONGRESS","BRACEVILLE 02-F16","0","12","Republican Party","0"
"32","0","GRUNDY","385","DARIN LaHOOD","400","16TH CONGRESS","BRACEVILLE 02-F16","0","12","Republican Party","0"
"32","0","GRUNDY","0","Over Votes","400","16TH CONGRESS","ERIENNA 01-F16","0","12","Republican Party","0"
"32","0","GRUNDY","385","DARIN LaHOOD","400","16TH CONGRESS","ERIENNA 01-F16","0","12","Republican Party","0"
"32","0","GRUNDY","0","Under Votes","400","16TH CONGRESS","ERIENNA 01-F16","0","12","Republican Party","0"
"32","0","GRUNDY","0","Under Votes","400","16TH CONGRESS","SARATOGA 03-F16","0","12","Republican Party","0"
"32","0","GRUNDY","0","Over Votes","400","16TH CONGRESS","SARATOGA 03-F16","0","12","Republican Party","0"
"32","0","GRUNDY","385","DARIN LaHOOD","400","16TH CONGRESS","SARATOGA 03-F16","0","12","Republican Party","0"
"32","0","GRUNDY","0","Under Votes","400","16TH CONGRESS","VIENNA 01-F16","0","12","Republican Party","0"
"32","0","GRUNDY","385","DARIN LaHOOD","400","16TH CONGRESS","VIENNA 01-F16","0","12","Republican Party","0"
"32","0","GRUNDY","0","Over Votes","400","16TH CONGRESS","VIENNA 01-F16","0","12","Republican Party","0"
"32","0","GRUNDY","0","Over Votes","400","16TH CONGRESS","AUX SABLE 05-007","0","12","Republican Party","0"
"32","0","GRUNDY","385","DARIN LaHOOD","400","16TH CONGRESS","AUX SABLE 05-007","0","12","Republican Party","31"
"32","0","GRUNDY","0","Under Votes","400","16TH CONGRESS","AUX SABLE 05-007","0","12","Republican Party","6"
"32","0","GRUNDY","0","Under Votes","400","16TH CONGRESS","AUX SABLE 06-008","0","12","Republican Party","37"
"32","0","GRUNDY","385","DARIN LaHOOD","400","16TH CONGRESS","AUX SABLE 06-008","0","12","Republican Party","213"
"32","0","GRUNDY","0","Over Votes","400","16TH CONGRESS","AUX SABLE 06-008","0","12","Republican Party","0"
"32","0","GRUNDY","0","Under Votes","400","16TH CONGRESS","AUX SABLE 07-009","0","12","Republican Party","17"
"32","0","GRUNDY","385","DARIN LaHOOD","400","16TH CONGRESS","AUX SABLE 07-009","0","12","Republican Party","77"
"32","0","GRUNDY","0","Over Votes","400","16TH CONGRESS","AUX SABLE 07-009","0","12","Republican Party","0"
"32","0","GRUNDY","0","Under Votes","400","16TH CONGRESS","MAINE 01-029","0","12","Republican Party","4"
"32","0","GRUNDY","385","DARIN LaHOOD","400","16TH CONGRESS","MAINE 01-029","0","12","Republican Party","30"
"32","0","GRUNDY","0","Over Votes","400","16TH CONGRESS","MAINE 01-029","0","12","Republican Party","0"
"32","0","GRUNDY","0","Under Votes","400","16TH CONGRESS","MORRIS 01-031","0","12","Republican Party","19"
"32","0","GRUNDY","385","DARIN LaHOOD","400","16TH CONGRESS","MORRIS 01-031","0","12","Republican Party","70"
"32","0","GRUNDY","0","Over Votes","400","16TH CONGRESS","MORRIS 01-031","0","12","Republican Party","0"
"32","0","GRUNDY","0","Under Votes","400","16TH CONGRESS","MORRIS 04-034","0","12","Republican Party","10"
"32","0","GRUNDY","385","DARIN LaHOOD","400","16TH CONGRESS","MORRIS 04-034","0","12","Republican Party","90"
"32","0","GRUNDY","0","Over Votes","400","16TH CONGRESS","MORRIS 04-034","0","12","Republican Party","0"
"32","0","GRUNDY","0","Under Votes","400","16TH CONGRESS","NORMAN 01-037","0","12","Republican Party","6"
"32","0","GRUNDY","385","DARIN LaHOOD","400","16TH CONGRESS","NORMAN 01-037","0","12","Republican Party","46"
"101","0","WINNEBAGO","385","DARIN LaHOOD","400","16TH CONGRESS","ROSCOE 7","901","12","REPUBLICAN","65"
"101","0","WINNEBAGO","0","Under Votes","400","16TH CONGRESS","ROSCOE 7","901","12","REPUBLICAN","17"
"101","0","WINNEBAGO","0","Over Votes","400","16TH CONGRESS","ROSCOE 7","901","12","REPUBLICAN","0"
"101","0","WINNEBAGO","385","DARIN LaHOOD","400","16TH CONGRESS","WINNEBAGO 2","984","12","REPUBLICAN","6"
"101","0","WINNEBAGO","0","Under Votes","400","16TH CONGRESS","WINNEBAGO 2","984","12","REPUBLICAN","3"
"101","0","WINNEBAGO","0","Over Votes","400","16TH CONGRESS","WINNEBAGO 2","984","12","REPUBLICAN","0"
"101","0","WINNEBAGO","385","DARIN LaHOOD","400","16TH CONGRESS","OWEN 3","510","12","REPUBLICAN","57"
"101","0","WINNEBAGO","0","Under Votes","400","16TH CONGRESS","OWEN 3","510","12","REPUBLICAN","6"
"101","0","WINNEBAGO","0","Over Votes","400","16TH CONGRESS","OWEN 3","510","12","REPUBLICAN","0"
"101","0","WINNEBAGO","385","DARIN LaHOOD","400","16TH CONGRESS","ROCKTON 8","1001","12","REPUBLICAN","63"
"101","0","WINNEBAGO","0","Under Votes","400","16TH CONGRESS","ROCKTON 8","1001","12","REPUBLICAN","9"
"101","0","WINNEBAGO","0","Over Votes","400","16TH CONGRESS","ROCKTON 8","1001","12","REPUBLICAN","0"
"101","0","WINNEBAGO","385","DARIN LaHOOD","400","16TH CONGRESS","ROSCOE 3","731","12","REPUBLICAN","66"
"101","0","WINNEBAGO","0","Under Votes","400","16TH CONGRESS","ROSCOE 3","731","12","REPUBLICAN","6"
"101","0","WINNEBAGO","0","Over Votes","400","16TH CONGRESS","ROSCOE 3","731","12","REPUBLICAN","0"
"101","0","WINNEBAGO","385","DARIN LaHOOD","400","16TH CONGRESS","ROSCOE 4","850","12","REPUBLICAN","66"
"101","0","WINNEBAGO","0","Under Votes","400","16TH CONGRESS","ROSCOE 4","850","12","REPUBLICAN","10"
"101","0","WINNEBAGO","0","Over Votes","400","16TH CONGRESS","ROSCOE 4","850","12","REPUBLICAN","0"
"101","0","WINNEBAGO","0","Over Votes","400","16TH CONGRESS","ROCKFORD 1","858","12","REPUBLICAN","0"
"101","0","WINNEBAGO","385","DARIN LaHOOD","400","16TH CONGRESS","ROCKFORD 13","1034","12","REPUBLICAN","90"
"101","0","WINNEBAGO","0","Under Votes","400","16TH CONGRESS","ROCKFORD 13","1034","12","REPUBLICAN","11"
"101","0","WINNEBAGO","0","Over Votes","400","16TH CONGRESS","ROCKFORD 13","1034","12","REPUBLICAN","0"
"101","0","WINNEBAGO","0","Under Votes","400","16TH CONGRESS","ROCKFORD 30","1130","12","REPUBLICAN","18"
"101","0","WINNEBAGO","385","DARIN LaHOOD","400","16TH CONGRESS","ROCKFORD 30","1130","12","REPUBLICAN","79"
"101","0","WINNEBAGO","0","Over Votes","400","16TH CONGRESS","ROCKFORD 30","1130","12","REPUBLICAN","0"
"101","0","WINNEBAGO","0","Under Votes","400","16TH CONGRESS","CHERRY VALLEY 5","959","12","REPUBLICAN","25"
"101","0","WINNEBAGO","385","DARIN LaHOOD","400","16TH CONGRESS","CHERRY VALLEY 5","959","12","REPUBLICAN","122"
"101","0","WINNEBAGO","0","Over Votes","400","16TH CONGRESS","CHERRY VALLEY 5","959","12","REPUBLICAN","0"
"101","0","WINNEBAGO","0","Under Votes","400","16TH CONGRESS","HARLEM 4","1080","12","REPUBLICAN","16"
"101","0","WINNEBAGO","385","DARIN LaHOOD","400","16TH CONGRESS","HARLEM 4","1080","12","REPUBLICAN","109"
"101","0","WINNEBAGO","0","Over Votes","400","16TH CONGRESS","HARLEM 4","1080","12","REPUBLICAN","0"
"101","0","WINNEBAGO","385","DARIN LaHOOD","400","16TH CONGRESS","ROCKTON 5","1127","12","REPUBLICAN","49"
"101","0","WINNEBAGO","0","Under Votes","400","16TH CONGRESS","ROCKTON 5","1127","12","REPUBLICAN","13"
"101","0","WINNEBAGO","0","Over Votes","400","16TH CONGRESS","ROCKTON 5","1127","12","REPUBLICAN","0"
"101","0","WINNEBAGO","0","Under Votes","400","16TH CONGRESS","ROCKTON 6","1098","12","REPUBLICAN","28"
"101","0","WINNEBAGO","385","DARIN LaHOOD","400","16TH CONGRESS","ROCKTON 6","1098","12","REPUBLICAN","89"
"101","0","WINNEBAGO","0","Over Votes","400","16TH CONGRESS","ROCKTON 6","1098","12","REPUBLICAN","0"
"101","0","WINNEBAGO","385","DARIN LaHOOD","400","16TH CONGRESS","ROSCOE 1","1140","12","REPUBLICAN","78"
"101","0","WINNEBAGO","0","Under Votes","400","16TH CONGRESS","ROSCOE 1","1140","12","REPUBLICAN","14"
"101","0","WINNEBAGO","0","Over Votes","400","16TH CONGRESS","ROSCOE 1","1140","12","REPUBLICAN","0"
"101","0","WINNEBAGO","385","DARIN LaHOOD","400","16TH CONGRESS","ROSCOE 2","1035","12","REPUBLICAN","76"
"101","0","WINNEBAGO","0","Under Votes","400","16TH CONGRESS","ROSCOE 2","1035","12","REPUBLICAN","13"
"32","0","GRUNDY","0","Over Votes","400","16TH CONGRESS","NORMAN 01-037","0","12","Republican Party","0"
"32","0","GRUNDY","0","Under Votes","400","16TH CONGRESS","BRACEVILLE 04-F16","0","12","Republican Party","0"
"32","0","GRUNDY","385","DARIN LaHOOD","400","16TH CONGRESS","BRACEVILLE 04-F16","0","12","Republican Party","0"
"32","0","GRUNDY","0","Over Votes","400","16TH CONGRESS","BRACEVILLE 04-F16","0","12","Republican Party","0"
"32","0","GRUNDY","0","Under Votes","400","16TH CONGRESS","FELIX 01-F16","0","12","Republican Party","0"
"32","0","GRUNDY","385","DARIN LaHOOD","400","16TH CONGRESS","FELIX 01-F16","0","12","Republican Party","0"
"32","0","GRUNDY","0","Over Votes","400","16TH CONGRESS","FELIX 01-F16","0","12","Republican Party","0"
"32","0","GRUNDY","0","Under Votes","400","16TH CONGRESS","FELIX 04-F16","0","12","Republican Party","0"
"32","0","GRUNDY","385","DARIN LaHOOD","400","16TH CONGRESS","FELIX 04-F16","0","12","Republican Party","0"
"32","0","GRUNDY","0","Over Votes","400","16TH CONGRESS","FELIX 04-F16","0","12","Republican Party","0"
"32","0","GRUNDY","0","Under Votes","400","16TH CONGRESS","GOOSE LAKE 01-F16","0","12","Republican Party","0"
"32","0","GRUNDY","385","DARIN LaHOOD","400","16TH CONGRESS","GOOSE LAKE 01-F16","0","12","Republican Party","0"
"32","0","GRUNDY","0","Over Votes","400","16TH CONGRESS","GOOSE LAKE 01-F16","0","12","Republican Party","0"
"101","0","WINNEBAGO","0","Over Votes","400","16TH CONGRESS","HARLEM 10","1187","11","DEMOCRATIC","0"
"101","0","WINNEBAGO","0","Blank Ballots","400","16TH CONGRESS","HARLEM 10","1187","11","DEMOCRATIC","45"
"101","0","WINNEBAGO","0","Over Votes","400","16TH CONGRESS","HARLEM 12","1117","11","DEMOCRATIC","0"
"101","0","WINNEBAGO","0","Blank Ballots","400","16TH CONGRESS","HARLEM 12","1117","11","DEMOCRATIC","47"
"101","0","WINNEBAGO","0","Over Votes","400","16TH CONGRESS","HARLEM 17","1064","11","DEMOCRATIC","0"
"101","0","WINNEBAGO","0","Blank Ballots","400","16TH CONGRESS","HARLEM 17","1064","11","DEMOCRATIC","60"
"101","0","WINNEBAGO","0","Over Votes","400","16TH CONGRESS","HARLEM 18","999","11","DEMOCRATIC","0"
"101","0","WINNEBAGO","0","Blank Ballots","400","16TH CONGRESS","HARLEM 18","999","11","DEMOCRATIC","30"
"101","0","WINNEBAGO","0","Over Votes","400","16TH CONGRESS","HARLEM 19","1055","11","DEMOCRATIC","0"
"101","0","WINNEBAGO","0","Blank Ballots","400","16TH CONGRESS","HARLEM 19","1055","11","DEMOCRATIC","70"
"101","0","WINNEBAGO","0","Over Votes","400","16TH CONGRESS","HARLEM 21","1140","11","DEMOCRATIC","0"
"101","0","WINNEBAGO","0","Blank Ballots","400","16TH CONGRESS","HARLEM 21","1140","11","DEMOCRATIC","73"
"101","0","WINNEBAGO","0","Over Votes","400","16TH CONGRESS","LAONA 1","973","11","DEMOCRATIC","0"
"101","0","WINNEBAGO","0","Blank Ballots","400","16TH CONGRESS","LAONA 1","973","11","DEMOCRATIC","68"
"101","0","WINNEBAGO","0","Over Votes","400","16TH CONGRESS","ROCKTON 3","1119","11","DEMOCRATIC","0"
"101","0","WINNEBAGO","0","Blank Ballots","400","16TH CONGRESS","ROCKTON 3","1119","11","DEMOCRATIC","79"
"101","0","WINNEBAGO","0","Over Votes","400","16TH CONGRESS","ROSCOE 7","901","11","DEMOCRATIC","0"
"101","0","WINNEBAGO","0","Blank Ballots","400","16TH CONGRESS","ROSCOE 7","901","11","DEMOCRATIC","41"
"101","0","WINNEBAGO","0","Over Votes","400","16TH CONGRESS","WINNEBAGO 2","984","11","DEMOCRATIC","0"
"101","0","WINNEBAGO","0","Blank Ballots","400","16TH CONGRESS","WINNEBAGO 2","984","11","DEMOCRATIC","5"
"101","0","WINNEBAGO","0","Over Votes","400","16TH CONGRESS","CHERRY VALLEY 3","1128","11","DEMOCRATIC","0"
"101","0","WINNEBAGO","0","Blank Ballots","400","16TH CONGRESS","CHERRY VALLEY 3","1128","11","DEMOCRATIC","58"
"101","0","WINNEBAGO","0","Over Votes","400","16TH CONGRESS","DURAND 2","737","11","DEMOCRATIC","0"
"101","0","WINNEBAGO","0","Blank Ballots","400","16TH CONGRESS","DURAND 2","737","11","DEMOCRATIC","37"
"101","0","WINNEBAGO","0","Over Votes","400","16TH CONGRESS","HARLEM 27","1136","11","DEMOCRATIC","0"
"101","0","WINNEBAGO","0","Blank Ballots","400","16TH CONGRESS","HARLEM 27","1136","11","DEMOCRATIC","67"
"101","0","WINNEBAGO","0","Over Votes","400","16TH CONGRESS","ROCKTON 11","1010","11","DEMOCRATIC","0"
"101","0","WINNEBAGO","0","Blank Ballots","400","16TH CONGRESS","ROCKTON 11","1010","11","DEMOCRATIC","72"
"71","0","OGLE","0","Under Votes","400","16TH CONGRESS","FORRESTON 2","585","12","REPUBLICAN","13"
"71","0","OGLE","0","Over Votes","400","16TH CONGRESS","FORRESTON 2","585","12","REPUBLICAN","0"
"71","0","OGLE","0","Blank Ballots","400","16TH CONGRESS","FORRESTON 2","585","12","REPUBLICAN","0"
"71","0","OGLE","385","DARIN LaHOOD","400","16TH CONGRESS","MT. MORRIS 1","489","12","REPUBLICAN","107"
"71","0","OGLE","0","Under Votes","400","16TH CONGRESS","MT. MORRIS 1","489","12","REPUBLICAN","24"
"71","0","OGLE","0","Over Votes","400","16TH CONGRESS","MT. MORRIS 1","489","12","REPUBLICAN","0"
"71","0","OGLE","0","Blank Ballots","400","16TH CONGRESS","MT. MORRIS 1","489","12","REPUBLICAN","0"
"71","0","OGLE","385","DARIN LaHOOD","400","16TH CONGRESS","OREGON-NASHUA 4","619","12","REPUBLICAN","142"
"71","0","OGLE","0","Under Votes","400","16TH CONGRESS","OREGON-NASHUA 4","619","12","REPUBLICAN","24"
"71","0","OGLE","0","Over Votes","400","16TH CONGRESS","OREGON-NASHUA 4","619","12","REPUBLICAN","0"
"71","0","OGLE","0","Blank Ballots","400","16TH CONGRESS","OREGON-NASHUA 4","619","12","REPUBLICAN","0"
"71","0","OGLE","385","DARIN LaHOOD","400","16TH CONGRESS","BUFFALO 1","598","12","REPUBLICAN","188"
"71","0","OGLE","0","Under Votes","400","16TH CONGRESS","BUFFALO 1","598","12","REPUBLICAN","24"
"71","0","OGLE","0","Over Votes","400","16TH CONGRESS","BUFFALO 1","598","12","REPUBLICAN","0"
"71","0","OGLE","0","Blank Ballots","400","16TH CONGRESS","BUFFALO 1","598","12","REPUBLICAN","0"
"71","0","OGLE","385","DARIN LaHOOD","400","16TH CONGRESS","DEMENT","492","12","REPUBLICAN","93"
"71","0","OGLE","0","Under Votes","400","16TH CONGRESS","DEMENT","492","12","REPUBLICAN","27"
"71","0","OGLE","0","Over Votes","400","16TH CONGRESS","DEMENT","492","12","REPUBLICAN","0"
"71","0","OGLE","0","Blank Ballots","400","16TH CONGRESS","DEMENT","492","12","REPUBLICAN","0"
"71","0","OGLE","385","DARIN LaHOOD","400","16TH CONGRESS","FLAGG 10","322","12","REPUBLICAN","60"
"71","0","OGLE","0","Under Votes","400","16TH CONGRESS","FLAGG 10","322","12","REPUBLICAN","16"
"71","0","OGLE","0","Over Votes","400","16TH CONGRESS","FLAGG 10","322","12","REPUBLICAN","0"
"71","0","OGLE","0","Blank Ballots","400","16TH CONGRESS","FLAGG 10","322","12","REPUBLICAN","0"
"71","0","OGLE","385","DARIN LaHOOD","400","16TH CONGRESS","LINCOLN","296","12","REPUBLICAN","101"
"71","0","OGLE","0","Under Votes","400","16TH CONGRESS","LINCOLN","296","12","REPUBLICAN","19"
"71","0","OGLE","0","Over Votes","400","16TH CONGRESS","LINCOLN","296","12","REPUBLICAN","0"
"71","0","OGLE","0","Blank Ballots","400","16TH CONGRESS","LINCOLN","296","12","REPUBLICAN","0"
"71","0","OGLE","385","DARIN LaHOOD","400","16TH CONGRESS","OREGON-NASHUA 1","503","12","REPUBLICAN","75"
"71","0","OGLE","0","Under Votes","400","16TH CONGRESS","OREGON-NASHUA 1","503","12","REPUBLICAN","31"
"71","0","OGLE","0","Over Votes","400","16TH CONGRESS","OREGON-NASHUA 1","503","12","REPUBLICAN","0"
"71","0","OGLE","0","Blank Ballots","400","16TH CONGRESS","OREGON-NASHUA 1","503","12","REPUBLICAN","0"
"71","0","OGLE","385","DARIN LaHOOD","400","16TH CONGRESS","PINE ROCK","674","12","REPUBLICAN","190"
"71","0","OGLE","0","Under Votes","400","16TH CONGRESS","PINE ROCK","674","12","REPUBLICAN","43"
"71","0","OGLE","0","Over Votes","400","16TH CONGRESS","PINE ROCK","674","12","REPUBLICAN","0"
"71","0","OGLE","0","Blank Ballots","400","16TH CONGRESS","PINE ROCK","674","12","REPUBLICAN","0"
"71","0","OGLE","385","DARIN LaHOOD","400","16TH CONGRESS","BUFFALO 2","528","12","REPUBLICAN","133"
"71","0","OGLE","0","Under Votes","400","16TH CONGRESS","BUFFALO 2","528","12","REPUBLICAN","22"
"71","0","OGLE","0","Over Votes","400","16TH CONGRESS","BUFFALO 2","528","12","REPUBLICAN","0"
"71","0","OGLE","0","Blank Ballots","400","16TH CONGRESS","BUFFALO 2","528","12","REPUBLICAN","0"
"71","0","OGLE","385","DARIN LaHOOD","400","16TH CONGRESS","EAGLE POINT","158","12","REPUBLICAN","50"
"71","0","OGLE","0","Under Votes","400","16TH CONGRESS","EAGLE POINT","158","12","REPUBLICAN","5"
"71","0","OGLE","0","Over Votes","400","16TH CONGRESS","EAGLE POINT","158","12","REPUBLICAN","0"
"71","0","OGLE","0","Blank Ballots","400","16TH CONGRESS","EAGLE POINT","158","12","REPUBLICAN","0"
"71","0","OGLE","385","DARIN LaHOOD","400","16TH CONGRESS","FLAGG 11","482","12","REPUBLICAN","85"
"101","0","WINNEBAGO","0","Over Votes","400","16TH CONGRESS","ROSCOE 2","1035","12","REPUBLICAN","0"
"101","0","WINNEBAGO","0","Under Votes","400","16TH CONGRESS","ROSCOE 9","1141","12","REPUBLICAN","20"
"101","0","WINNEBAGO","385","DARIN LaHOOD","400","16TH CONGRESS","ROSCOE 9","1141","12","REPUBLICAN","94"
"101","0","WINNEBAGO","0","Over Votes","400","16TH CONGRESS","ROSCOE 9","1141","12","REPUBLICAN","0"
"101","0","WINNEBAGO","385","DARIN LaHOOD","400","16TH CONGRESS","ROSCOE 10","970","12","REPUBLICAN","60"
"101","0","WINNEBAGO","0","Under Votes","400","16TH CONGRESS","ROSCOE 10","970","12","REPUBLICAN","14"
"101","0","WINNEBAGO","0","Over Votes","400","16TH CONGRESS","ROSCOE 10","970","12","REPUBLICAN","0"
"101","0","WINNEBAGO","385","DARIN LaHOOD","400","16TH CONGRESS","ROSCOE 11","1107","12","REPUBLICAN","102"
"101","0","WINNEBAGO","0","Under Votes","400","16TH CONGRESS","ROSCOE 11","1107","12","REPUBLICAN","20"
"101","0","WINNEBAGO","0","Over Votes","400","16TH CONGRESS","ROSCOE 11","1107","12","REPUBLICAN","0"
"101","0","WINNEBAGO","0","Under Votes","400","16TH CONGRESS","ROSCOE 12","1108","12","REPUBLICAN","12"
"101","0","WINNEBAGO","385","DARIN LaHOOD","400","16TH CONGRESS","ROSCOE 12","1108","12","REPUBLICAN","61"
"101","0","WINNEBAGO","0","Over Votes","400","16TH CONGRESS","ROSCOE 12","1108","12","REPUBLICAN","0"
"101","0","WINNEBAGO","0","Under Votes","400","16TH CONGRESS","ROCKFORD 9","1149","12","REPUBLICAN","19"
"101","0","WINNEBAGO","385","DARIN LaHOOD","400","16TH CONGRESS","ROCKFORD 9","1149","12","REPUBLICAN","98"
"101","0","WINNEBAGO","0","Over Votes","400","16TH CONGRESS","ROCKFORD 9","1149","12","REPUBLICAN","0"
"101","0","WINNEBAGO","0","Under Votes","400","16TH CONGRESS","ROCKFORD 27","961","12","REPUBLICAN","12"
"101","0","WINNEBAGO","385","DARIN LaHOOD","400","16TH CONGRESS","ROCKFORD 27","961","12","REPUBLICAN","58"
"101","0","WINNEBAGO","385","DARIN LaHOOD","400","16TH CONGRESS","DURAND 1","809","12","REPUBLICAN","108"
"101","0","WINNEBAGO","0","Under Votes","400","16TH CONGRESS","DURAND 1","809","12","REPUBLICAN","14"
"101","0","WINNEBAGO","0","Over Votes","400","16TH CONGRESS","DURAND 1","809","12","REPUBLICAN","0"
"101","0","WINNEBAGO","385","DARIN LaHOOD","400","16TH CONGRESS","HARLEM 8","1046","12","REPUBLICAN","64"
"101","0","WINNEBAGO","0","Under Votes","400","16TH CONGRESS","HARLEM 8","1046","12","REPUBLICAN","13"
"101","0","WINNEBAGO","0","Over Votes","400","16TH CONGRESS","HARLEM 8","1046","12","REPUBLICAN","0"
"101","0","WINNEBAGO","0","Under Votes","400","16TH CONGRESS","HARLEM 24","975","12","REPUBLICAN","17"
"101","0","WINNEBAGO","385","DARIN LaHOOD","400","16TH CONGRESS","HARLEM 24","975","12","REPUBLICAN","92"
"101","0","WINNEBAGO","0","Over Votes","400","16TH CONGRESS","HARLEM 24","975","12","REPUBLICAN","0"
"101","0","WINNEBAGO","385","DARIN LaHOOD","400","16TH CONGRESS","HARLEM 25","1088","12","REPUBLICAN","43"
"101","0","WINNEBAGO","0","Under Votes","400","16TH CONGRESS","HARLEM 25","1088","12","REPUBLICAN","2"
"101","0","WINNEBAGO","0","Over Votes","400","16TH CONGRESS","HARLEM 25","1088","12","REPUBLICAN","0"
"101","0","WINNEBAGO","385","DARIN LaHOOD","400","16TH CONGRESS","HARLEM 26","867","12","REPUBLICAN","72"
"101","0","WINNEBAGO","0","Under Votes","400","16TH CONGRESS","HARLEM 26","867","12","REPUBLICAN","13"
"101","0","WINNEBAGO","0","Over Votes","400","16TH CONGRESS","HARLEM 26","867","12","REPUBLICAN","0"
"101","0","WINNEBAGO","385","DARIN LaHOOD","400","16TH CONGRESS","ROCKTON 10","903","12","REPUBLICAN","58"
"101","0","WINNEBAGO","0","Under Votes","400","16TH CONGRESS","ROCKTON 10","903","12","REPUBLICAN","6"
"101","0","WINNEBAGO","0","Over Votes","400","16TH CONGRESS","ROCKTON 10","903","12","REPUBLICAN","0"
"101","0","WINNEBAGO","385","DARIN LaHOOD","400","16TH CONGRESS","ROSCOE 6","1086","12","REPUBLICAN","89"
"101","0","WINNEBAGO","0","Under Votes","400","16TH CONGRESS","ROSCOE 6","1086","12","REPUBLICAN","13"
"101","0","WINNEBAGO","0","Over Votes","400","16TH CONGRESS","ROSCOE 6","1086","12","REPUBLICAN","0"
"101","0","WINNEBAGO","0","Under Votes","400","16TH CONGRESS","ROSCOE 14","703","12","REPUBLICAN","9"
"101","0","WINNEBAGO","385","DARIN LaHOOD","400","16TH CONGRESS","ROSCOE 14","703","12","REPUBLICAN","60"
"101","0","WINNEBAGO","0","Over Votes","400","16TH CONGRESS","ROSCOE 14","703","12","REPUBLICAN","0"
"101","0","WINNEBAGO","0","Over Votes","400","16TH CONGRESS","SHIRLAND 1","735","11","DEMOCRATIC","0"
"101","0","WINNEBAGO","0","Blank Ballots","400","16TH CONGRESS","SHIRLAND 1","735","11","DEMOCRATIC","27"
"101","0","WINNEBAGO","0","Over Votes","400","16TH CONGRESS","ROCKFORD 15","829","11","DEMOCRATIC","0"
"101","0","WINNEBAGO","0","Blank Ballots","400","16TH CONGRESS","ROCKFORD 15","829","11","DEMOCRATIC","2"
"101","0","WINNEBAGO","0","Over Votes","400","16TH CONGRESS","ROCKFORD 31","1113","11","DEMOCRATIC","0"
"101","0","WINNEBAGO","0","Blank Ballots","400","16TH CONGRESS","ROCKFORD 31","1113","11","DEMOCRATIC","1"
"101","0","WINNEBAGO","0","Over Votes","400","16TH CONGRESS","ROCKFORD 52","965","11","DEMOCRATIC","0"
"101","0","WINNEBAGO","0","Blank Ballots","400","16TH CONGRESS","ROCKFORD 52","965","11","DEMOCRATIC","34"
"101","0","WINNEBAGO","0","Over Votes","400","16TH CONGRESS","HARLEM 1","1125","11","DEMOCRATIC","0"
"101","0","WINNEBAGO","0","Blank Ballots","400","16TH CONGRESS","HARLEM 1","1125","11","DEMOCRATIC","2"
"101","0","WINNEBAGO","0","Over Votes","400","16TH CONGRESS","HARRISON 1","443","11","DEMOCRATIC","0"
"101","0","WINNEBAGO","0","Blank Ballots","400","16TH CONGRESS","HARRISON 1","443","11","DEMOCRATIC","26"
"101","0","WINNEBAGO","0","Over Votes","400","16TH CONGRESS","PECATONICA 3","853","11","DEMOCRATIC","0"
"101","0","WINNEBAGO","0","Blank Ballots","400","16TH CONGRESS","PECATONICA 3","853","11","DEMOCRATIC","42"
"101","0","WINNEBAGO","0","Over Votes","400","16TH CONGRESS","PECATONICA 4","1104","11","DEMOCRATIC","0"
"101","0","WINNEBAGO","0","Blank Ballots","400","16TH CONGRESS","PECATONICA 4","1104","11","DEMOCRATIC","49"
"101","0","WINNEBAGO","0","Over Votes","400","16TH CONGRESS","ROCKTON 1","1090","11","DEMOCRATIC","0"
"101","0","WINNEBAGO","0","Over Votes","400","16TH CONGRESS","CHERRY VALLEY 4","681","11","DEMOCRATIC","0"
"101","0","WINNEBAGO","0","Blank Ballots","400","16TH CONGRESS","CHERRY VALLEY 4","681","11","DEMOCRATIC","38"
"101","0","WINNEBAGO","0","Over Votes","400","16TH CONGRESS","HARLEM 2","1148","11","DEMOCRATIC","0"
"101","0","WINNEBAGO","0","Blank Ballots","400","16TH CONGRESS","HARLEM 2","1148","11","DEMOCRATIC","47"
"101","0","WINNEBAGO","0","Over Votes","400","16TH CONGRESS","HARLEM 11","1127","11","DEMOCRATIC","0"
"101","0","WINNEBAGO","0","Blank Ballots","400","16TH CONGRESS","HARLEM 11","1127","11","DEMOCRATIC","69"
"101","0","WINNEBAGO","0","Over Votes","400","16TH CONGRESS","HARLEM 13","1024","11","DEMOCRATIC","0"
"101","0","WINNEBAGO","0","Blank Ballots","400","16TH CONGRESS","HARLEM 13","1024","11","DEMOCRATIC","51"
"101","0","WINNEBAGO","0","Over Votes","400","16TH CONGRESS","ROCKTON 13","869","11","DEMOCRATIC","0"
"101","0","WINNEBAGO","0","Blank Ballots","400","16TH CONGRESS","ROCKTON 13","869","11","DEMOCRATIC","52"
"101","0","WINNEBAGO","0","Over Votes","400","16TH CONGRESS","ROSCOE 8","1102","11","DEMOCRATIC","0"
"101","0","WINNEBAGO","0","Blank Ballots","400","16TH CONGRESS","ROSCOE 8","1102","11","DEMOCRATIC","36"
"101","0","WINNEBAGO","0","Over Votes","400","16TH CONGRESS","WINNEBAGO 1","1020","11","DEMOCRATIC","0"
"101","0","WINNEBAGO","0","Blank Ballots","400","16TH CONGRESS","WINNEBAGO 1","1020","11","DEMOCRATIC","2"
"101","0","WINNEBAGO","0","Over Votes","400","16TH CONGRESS","ROCKFORD 8","1135","11","DEMOCRATIC","0"
"101","0","WINNEBAGO","0","Blank Ballots","400","16TH CONGRESS","ROCKFORD 8","1135","11","DEMOCRATIC","65"
"101","0","WINNEBAGO","0","Over Votes","400","16TH CONGRESS","BURRITT 10.","765","11","DEMOCRATIC","0"
"101","0","WINNEBAGO","0","Blank Ballots","400","16TH CONGRESS","BURRITT 10.","765","11","DEMOCRATIC","32"
"101","0","WINNEBAGO","0","Over Votes","400","16TH CONGRESS","CHERRY VALLEY 1","978","11","DEMOCRATIC","0"
"101","0","WINNEBAGO","0","Blank Ballots","400","16TH CONGRESS","CHERRY VALLEY 1","978","11","DEMOCRATIC","54"
"101","0","WINNEBAGO","0","Over Votes","400","16TH CONGRESS","CHERRY VALLEY 2","603","11","DEMOCRATIC","0"
"101","0","WINNEBAGO","0","Blank Ballots","400","16TH CONGRESS","CHERRY VALLEY 2","603","11","DEMOCRATIC","18"
"101","0","WINNEBAGO","0","Over Votes","400","16TH CONGRESS","CHERRY VALLEY 9","713","11","DEMOCRATIC","0"
"101","0","WINNEBAGO","0","Blank Ballots","400","16TH CONGRESS","CHERRY VALLEY 9","713","11","DEMOCRATIC","43"
"101","0","WINNEBAGO","0","Over Votes","400","16TH CONGRESS","CHERRY VALLEY 11","881","11","DEMOCRATIC","0"
"101","0","WINNEBAGO","0","Over Votes","400","16TH CONGRESS","DURAND 1","809","11","DEMOCRATIC","0"
"101","0","WINNEBAGO","0","Blank Ballots","400","16TH CONGRESS","DURAND 1","809","11","DEMOCRATIC","40"
"101","0","WINNEBAGO","0","Over Votes","400","16TH CONGRESS","HARLEM 8","1046","11","DEMOCRATIC","0"
"101","0","WINNEBAGO","0","Blank Ballots","400","16TH CONGRESS","HARLEM 8","1046","11","DEMOCRATIC","33"
"101","0","WINNEBAGO","0","Over Votes","400","16TH CONGRESS","HARLEM 24","975","11","DEMOCRATIC","0"
"101","0","WINNEBAGO","0","Blank Ballots","400","16TH CONGRESS","HARLEM 24","975","11","DEMOCRATIC","72"
"101","0","WINNEBAGO","0","Over Votes","400","16TH CONGRESS","HARLEM 25","1088","11","DEMOCRATIC","0"
"101","0","WINNEBAGO","0","Blank Ballots","400","16TH CONGRESS","HARLEM 25","1088","11","DEMOCRATIC","45"
"101","0","WINNEBAGO","0","Over Votes","400","16TH CONGRESS","HARLEM 26","867","11","DEMOCRATIC","0"
"101","0","WINNEBAGO","0","Blank Ballots","400","16TH CONGRESS","HARLEM 26","867","11","DEMOCRATIC","63"
"101","0","WINNEBAGO","0","Over Votes","400","16TH CONGRESS","ROCKTON 10","903","11","DEMOCRATIC","0"
"101","0","WINNEBAGO","0","Blank Ballots","400","16TH CONGRESS","ROCKTON 10","903","11","DEMOCRATIC","46"
"101","0","WINNEBAGO","0","Over Votes","400","16TH CONGRESS","ROSCOE 6","1086","11","DEMOCRATIC","0"
"101","0","WINNEBAGO","0","Blank Ballots","400","16TH CONGRESS","CHERRY VALLEY 11","881","11","DEMOCRATIC","63"
"101","0","WINNEBAGO","0","Over Votes","400","16TH CONGRESS","HARLEM 7","1186","11","DEMOCRATIC","0"
"101","0","WINNEBAGO","0","Blank Ballots","400","16TH CONGRESS","HARLEM 7","1186","11","DEMOCRATIC","45"
"101","0","WINNEBAGO","0","Over Votes","400","16TH CONGRESS","HARLEM 14","1032","11","DEMOCRATIC","0"
"101","0","WINNEBAGO","0","Blank Ballots","400","16TH CONGRESS","HARLEM 14","1032","11","DEMOCRATIC","52"
"101","0","WINNEBAGO","0","Over Votes","400","16TH CONGRESS","HARLEM 15","926","11","DEMOCRATIC","0"
"101","0","WINNEBAGO","0","Blank Ballots","400","16TH CONGRESS","HARLEM 15","926","11","DEMOCRATIC","63"
"101","0","WINNEBAGO","0","Over Votes","400","16TH CONGRESS","HARLEM 16","1110","11","DEMOCRATIC","0"
"101","0","WINNEBAGO","0","Blank Ballots","400","16TH CONGRESS","HARLEM 16","1110","11","DEMOCRATIC","80"
"101","0","WINNEBAGO","0","Over Votes","400","16TH CONGRESS","PECATONICA 2","974","11","DEMOCRATIC","0"
"101","0","WINNEBAGO","0","Blank Ballots","400","16TH CONGRESS","PECATONICA 2","974","11","DEMOCRATIC","36"
"101","0","WINNEBAGO","0","Over Votes","400","16TH CONGRESS","ROCKTON 9","732","11","DEMOCRATIC","0"
"101","0","WINNEBAGO","0","Blank Ballots","400","16TH CONGRESS","ROCKTON 9","732","11","DEMOCRATIC","38"
"101","0","WINNEBAGO","0","Over Votes","400","16TH CONGRESS","ROSCOE 5","930","11","DEMOCRATIC","0"
"101","0","WINNEBAGO","0","Blank Ballots","400","16TH CONGRESS","ROSCOE 5","930","11","DEMOCRATIC","42"
"101","0","WINNEBAGO","0","Over Votes","400","16TH CONGRESS","ROCKFORD 2","1156","11","DEMOCRATIC","0"
"101","0","WINNEBAGO","0","Blank Ballots","400","16TH CONGRESS","ROCKFORD 2","1156","11","DEMOCRATIC","41"
"101","0","WINNEBAGO","0","Over Votes","400","16TH CONGRESS","ROCKFORD 51","960","11","DEMOCRATIC","0"
"101","0","WINNEBAGO","0","Blank Ballots","400","16TH CONGRESS","ROCKFORD 51","960","11","DEMOCRATIC","40"
"101","0","WINNEBAGO","0","Over Votes","400","16TH CONGRESS","CHERRY VALLEY 6","1018","11","DEMOCRATIC","0"
"101","0","WINNEBAGO","0","Blank Ballots","400","16TH CONGRESS","CHERRY VALLEY 6","1018","11","DEMOCRATIC","47"
"101","0","WINNEBAGO","0","Over Votes","400","16TH CONGRESS","HARLEM 5","1069","11","DEMOCRATIC","0"
"101","0","WINNEBAGO","0","Blank Ballots","400","16TH CONGRESS","HARLEM 5","1069","11","DEMOCRATIC","56"
"101","0","WINNEBAGO","0","Over Votes","400","16TH CONGRESS","HARLEM 6","1049","11","DEMOCRATIC","0"
"101","0","WINNEBAGO","0","Blank Ballots","400","16TH CONGRESS","HARLEM 6","1049","11","DEMOCRATIC","48"
"101","0","WINNEBAGO","0","Over Votes","400","16TH CONGRESS","HARLEM 22","1068","11","DEMOCRATIC","0"
"101","0","WINNEBAGO","0","Blank Ballots","400","16TH CONGRESS","HARLEM 22","1068","11","DEMOCRATIC","70"
"101","0","WINNEBAGO","0","Over Votes","400","16TH CONGRESS","HARLEM 23","1159","11","DEMOCRATIC","0"
"101","0","WINNEBAGO","0","Blank Ballots","400","16TH CONGRESS","HARLEM 23","1159","11","DEMOCRATIC","52"
"101","0","WINNEBAGO","0","Over Votes","400","16TH CONGRESS","OWEN 1","1121","11","DEMOCRATIC","0"
"101","0","WINNEBAGO","0","Blank Ballots","400","16TH CONGRESS","OWEN 1","1121","11","DEMOCRATIC","81"
"101","0","WINNEBAGO","0","Blank Ballots","400","16TH CONGRESS","ROCKTON 1","1090","11","DEMOCRATIC","59"
"101","0","WINNEBAGO","0","Over Votes","400","16TH CONGRESS","ROCKTON 2","1083","11","DEMOCRATIC","0"
"101","0","WINNEBAGO","0","Blank Ballots","400","16TH CONGRESS","ROCKTON 2","1083","11","DEMOCRATIC","42"
"101","0","WINNEBAGO","0","Over Votes","400","16TH CONGRESS","ROCKFORD 5","1070","11","DEMOCRATIC","0"
"101","0","WINNEBAGO","0","Blank Ballots","400","16TH CONGRESS","ROCKFORD 5","1070","11","DEMOCRATIC","75"
"101","0","WINNEBAGO","0","Over Votes","400","16TH CONGRESS","ROCKFORD 32","990","11","DEMOCRATIC","0"
"101","0","WINNEBAGO","0","Blank Ballots","400","16TH CONGRESS","ROCKFORD 32","990","11","DEMOCRATIC","21"
"101","0","WINNEBAGO","0","Over Votes","400","16TH CONGRESS","CHERRY VALLEY 5","959","11","DEMOCRATIC","0"
"101","0","WINNEBAGO","0","Blank Ballots","400","16TH CONGRESS","CHERRY VALLEY 5","959","11","DEMOCRATIC","66"
"101","0","WINNEBAGO","0","Over Votes","400","16TH CONGRESS","HARLEM 4","1080","11","DEMOCRATIC","0"
"101","0","WINNEBAGO","0","Blank Ballots","400","16TH CONGRESS","HARLEM 4","1080","11","DEMOCRATIC","61"
"101","0","WINNEBAGO","0","Over Votes","400","16TH CONGRESS","ROCKTON 5","1127","11","DEMOCRATIC","0"
"101","0","WINNEBAGO","0","Blank Ballots","400","16TH CONGRESS","ROCKTON 5","1127","11","DEMOCRATIC","57"
"101","0","WINNEBAGO","0","Over Votes","400","16TH CONGRESS","ROCKTON 6","1098","11","DEMOCRATIC","0"
"101","0","WINNEBAGO","0","Blank Ballots","400","16TH CONGRESS","ROCKTON 6","1098","11","DEMOCRATIC","73"
"101","0","WINNEBAGO","0","Over Votes","400","16TH CONGRESS","ROSCOE 1","1140","11","DEMOCRATIC","0"
"101","0","WINNEBAGO","0","Blank Ballots","400","16TH CONGRESS","ROSCOE 1","1140","11","DEMOCRATIC","41"
"101","0","WINNEBAGO","0","Over Votes","400","16TH CONGRESS","ROSCOE 2","1035","11","DEMOCRATIC","0"
"101","0","WINNEBAGO","0","Blank Ballots","400","16TH CONGRESS","ROSCOE 2","1035","11","DEMOCRATIC","67"
"101","0","WINNEBAGO","0","Over Votes","400","16TH CONGRESS","ROSCOE 9","1141","11","DEMOCRATIC","0"
"101","0","WINNEBAGO","0","Blank Ballots","400","16TH CONGRESS","ROSCOE 9","1141","11","DEMOCRATIC","56"
"101","0","WINNEBAGO","0","Over Votes","400","16TH CONGRESS","ROSCOE 10","970","11","DEMOCRATIC","0"
"101","0","WINNEBAGO","0","Blank Ballots","400","16TH CONGRESS","ROSCOE 10","970","11","DEMOCRATIC","45"
"101","0","WINNEBAGO","0","Blank Ballots","400","16TH CONGRESS","ROSCOE 6","1086","11","DEMOCRATIC","77"
"101","0","WINNEBAGO","0","Over Votes","400","16TH CONGRESS","ROSCOE 14","703","11","DEMOCRATIC","0"
"101","0","WINNEBAGO","0","Blank Ballots","400","16TH CONGRESS","ROSCOE 14","703","11","DEMOCRATIC","37"
"101","0","WINNEBAGO","0","Over Votes","400","16TH CONGRESS","ROSCOE 15","1072","11","DEMOCRATIC","0"
"101","0","WINNEBAGO","0","Blank Ballots","400","16TH CONGRESS","ROSCOE 15","1072","11","DEMOCRATIC","46"
"101","0","WINNEBAGO","0","Over Votes","400","16TH CONGRESS","ROCKFORD 1","858","11","DEMOCRATIC","0"
"101","0","WINNEBAGO","0","Blank Ballots","400","16TH CONGRESS","ROCKFORD 1","858","11","DEMOCRATIC","34"
"101","0","WINNEBAGO","0","Over Votes","400","16TH CONGRESS","ROCKFORD 13","1034","11","DEMOCRATIC","0"
"101","0","WINNEBAGO","0","Blank Ballots","400","16TH CONGRESS","ROCKFORD 13","1034","11","DEMOCRATIC","73"
"101","0","WINNEBAGO","0","Over Votes","400","16TH CONGRESS","ROCKFORD 30","1130","11","DEMOCRATIC","0"
"101","0","WINNEBAGO","0","Blank Ballots","400","16TH CONGRESS","ROCKFORD 30","1130","11","DEMOCRATIC","49"
"101","0","WINNEBAGO","0","Over Votes","400","16TH CONGRESS","ROCKFORD 25","1036","11","DEMOCRATIC","0"
"101","0","WINNEBAGO","0","Blank Ballots","400","16TH CONGRESS","ROCKFORD 25","1036","11","DEMOCRATIC","46"
"101","0","WINNEBAGO","0","Over Votes","400","16TH CONGRESS","ROCKFORD 26","1033","11","DEMOCRATIC","0"
"101","0","WINNEBAGO","0","Blank Ballots","400","16TH CONGRESS","ROCKFORD 26","1033","11","DEMOCRATIC","63"
"101","0","WINNEBAGO","0","Over Votes","400","16TH CONGRESS","ROSCOE 11","1107","11","DEMOCRATIC","0"
"101","0","WINNEBAGO","0","Blank Ballots","400","16TH CONGRESS","ROSCOE 11","1107","11","DEMOCRATIC","53"
"101","0","WINNEBAGO","0","Over Votes","400","16TH CONGRESS","ROSCOE 12","1108","11","DEMOCRATIC","0"
"101","0","WINNEBAGO","0","Blank Ballots","400","16TH CONGRESS","ROSCOE 12","1108","11","DEMOCRATIC","37"
"71","0","OGLE","0","Under Votes","400","16TH CONGRESS","FLAGG 11","482","12","REPUBLICAN","23"
"71","0","OGLE","0","Over Votes","400","16TH CONGRESS","FLAGG 11","482","12","REPUBLICAN","0"
"71","0","OGLE","0","Blank Ballots","400","16TH CONGRESS","FLAGG 11","482","12","REPUBLICAN","0"
"71","0","OGLE","385","DARIN LaHOOD","400","16TH CONGRESS","LYNNVILLE","373","12","REPUBLICAN","99"
"71","0","OGLE","0","Under Votes","400","16TH CONGRESS","LYNNVILLE","373","12","REPUBLICAN","12"
"71","0","OGLE","0","Over Votes","400","16TH CONGRESS","LYNNVILLE","373","12","REPUBLICAN","0"
"71","0","OGLE","0","Blank Ballots","400","16TH CONGRESS","LYNNVILLE","373","12","REPUBLICAN","0"
"71","0","OGLE","385","DARIN LaHOOD","400","16TH CONGRESS","OREGON-NASHUA 2","419","12","REPUBLICAN","46"
"71","0","OGLE","0","Under Votes","400","16TH CONGRESS","OREGON-NASHUA 2","419","12","REPUBLICAN","11"
"71","0","OGLE","0","Over Votes","400","16TH CONGRESS","OREGON-NASHUA 2","419","12","REPUBLICAN","0"
"71","0","OGLE","0","Blank Ballots","400","16TH CONGRESS","OREGON-NASHUA 2","419","12","REPUBLICAN","0"
"71","0","OGLE","385","DARIN LaHOOD","400","16TH CONGRESS","ROCKVALE 1","730","12","REPUBLICAN","176"
"71","0","OGLE","0","Under Votes","400","16TH CONGRESS","ROCKVALE 1","730","12","REPUBLICAN","31"
"71","0","OGLE","0","Over Votes","400","16TH CONGRESS","ROCKVALE 1","730","12","REPUBLICAN","0"
"71","0","OGLE","0","Blank Ballots","400","16TH CONGRESS","ROCKVALE 1","730","12","REPUBLICAN","0"
"4","0","BOONE","385","DARIN LaHOOD","400","16TH CONGRESS","BELVIDERE 17","1531","12","REPUBLICAN","158"
"4","0","BOONE","0","Over Votes","400","16TH CONGRESS","BELVIDERE 17","1531","12","REPUBLICAN","0"
"4","0","BOONE","0","Blank Ballots","400","16TH CONGRESS","BELVIDERE 17","1531","12","REPUBLICAN","0"
"4","0","BOONE","0","Under Votes","400","16TH CONGRESS","BELVIDERE 17","1531","12","REPUBLICAN","22"
"4","0","BOONE","385","DARIN LaHOOD","400","16TH CONGRESS","POPLAR GROVE 3","824","12","REPUBLICAN","48"
"4","0","BOONE","0","Over Votes","400","16TH CONGRESS","POPLAR GROVE 3","824","12","REPUBLICAN","0"
"4","0","BOONE","0","Blank Ballots","400","16TH CONGRESS","POPLAR GROVE 3","824","12","REPUBLICAN","0"
"4","0","BOONE","0","Under Votes","400","16TH CONGRESS","POPLAR GROVE 3","824","12","REPUBLICAN","5"
"4","0","BOONE","385","DARIN LaHOOD","400","16TH CONGRESS","BELVIDERE 18","1462","12","REPUBLICAN","154"
"4","0","BOONE","0","Over Votes","400","16TH CONGRESS","BELVIDERE 18","1462","12","REPUBLICAN","0"
"4","0","BOONE","0","Blank Ballots","400","16TH CONGRESS","BELVIDERE 18","1462","12","REPUBLICAN","0"
"4","0","BOONE","0","Under Votes","400","16TH CONGRESS","BELVIDERE 18","1462","12","REPUBLICAN","21"
"4","0","BOONE","385","DARIN LaHOOD","400","16TH CONGRESS","CALEDONIA 4","1106","12","REPUBLICAN","117"
"4","0","BOONE","0","Over Votes","400","16TH CONGRESS","CALEDONIA 4","1106","12","REPUBLICAN","0"
"4","0","BOONE","0","Blank Ballots","400","16TH CONGRESS","CALEDONIA 4","1106","12","REPUBLICAN","0"
"4","0","BOONE","0","Under Votes","400","16TH CONGRESS","CALEDONIA 4","1106","12","REPUBLICAN","14"
"4","0","BOONE","385","DARIN LaHOOD","400","16TH CONGRESS","POPLAR GROVE 4","149","12","REPUBLICAN","8"
"4","0","BOONE","0","Over Votes","400","16TH CONGRESS","POPLAR GROVE 4","149","12","REPUBLICAN","0"
"4","0","BOONE","0","Blank Ballots","400","16TH CONGRESS","POPLAR GROVE 4","149","12","REPUBLICAN","0"
"4","0","BOONE","0","Under Votes","400","16TH CONGRESS","POPLAR GROVE 4","149","12","REPUBLICAN","1"
"4","0","BOONE","385","DARIN LaHOOD","400","16TH CONGRESS","BELVIDERE 16","1477","12","REPUBLICAN","130"
"4","0","BOONE","0","Over Votes","400","16TH CONGRESS","BELVIDERE 16","1477","12","REPUBLICAN","0"
"4","0","BOONE","0","Blank Ballots","400","16TH CONGRESS","BELVIDERE 16","1477","12","REPUBLICAN","0"
"4","0","BOONE","0","Under Votes","400","16TH CONGRESS","BELVIDERE 16","1477","12","REPUBLICAN","20"
"4","0","BOONE","385","DARIN LaHOOD","400","16TH CONGRESS","CALEDONIA 2","1357","12","REPUBLICAN","62"
"4","0","BOONE","0","Over Votes","400","16TH CONGRESS","CALEDONIA 2","1357","12","REPUBLICAN","0"
"4","0","BOONE","0","Blank Ballots","400","16TH CONGRESS","CALEDONIA 2","1357","12","REPUBLICAN","0"
"4","0","BOONE","0","Under Votes","400","16TH CONGRESS","CALEDONIA 2","1357","12","REPUBLICAN","12"
"101","0","WINNEBAGO","0","Over Votes","400","16TH CONGRESS","ROCKFORD 9","1149","11","DEMOCRATIC","0"
"101","0","WINNEBAGO","0","Blank Ballots","400","16TH CONGRESS","ROCKFORD 9","1149","11","DEMOCRATIC","58"
"101","0","WINNEBAGO","0","Blank Ballots","400","16TH CONGRESS","ROCKFORD 27","961","11","DEMOCRATIC","36"
"101","0","WINNEBAGO","0","Over Votes","400","16TH CONGRESS","ROCKFORD 27","961","11","DEMOCRATIC","0"
"101","0","WINNEBAGO","0","Over Votes","400","16TH CONGRESS","ROCKFORD 33","1081","11","DEMOCRATIC","0"
"101","0","WINNEBAGO","0","Blank Ballots","400","16TH CONGRESS","ROCKFORD 33","1081","11","DEMOCRATIC","36"
"101","0","WINNEBAGO","0","Over Votes","400","16TH CONGRESS","OWEN 2","794","11","DEMOCRATIC","0"
"101","0","WINNEBAGO","0","Blank Ballots","400","16TH CONGRESS","OWEN 2","794","11","DEMOCRATIC","45"
"101","0","WINNEBAGO","0","Over Votes","400","16TH CONGRESS","OWEN 3","510","11","DEMOCRATIC","0"
"101","0","WINNEBAGO","0","Blank Ballots","400","16TH CONGRESS","OWEN 3","510","11","DEMOCRATIC","32"
"101","0","WINNEBAGO","0","Over Votes","400","16TH CONGRESS","ROCKTON 8","1001","11","DEMOCRATIC","0"
"101","0","WINNEBAGO","0","Blank Ballots","400","16TH CONGRESS","ROCKTON 8","1001","11","DEMOCRATIC","55"
"101","0","WINNEBAGO","0","Over Votes","400","16TH CONGRESS","ROSCOE 3","731","11","DEMOCRATIC","0"
"101","0","WINNEBAGO","0","Blank Ballots","400","16TH CONGRESS","ROSCOE 3","731","11","DEMOCRATIC","47"
"101","0","WINNEBAGO","0","Over Votes","400","16TH CONGRESS","ROSCOE 4","850","11","DEMOCRATIC","0"
"101","0","WINNEBAGO","0","Blank Ballots","400","16TH CONGRESS","ROSCOE 4","850","11","DEMOCRATIC","50"
"101","0","WINNEBAGO","385","DARIN LaHOOD","400","16TH CONGRESS","ROSCOE 15","1072","12","REPUBLICAN","46"
"101","0","WINNEBAGO","0","Under Votes","400","16TH CONGRESS","ROSCOE 15","1072","12","REPUBLICAN","5"
"101","0","WINNEBAGO","0","Over Votes","400","16TH CONGRESS","ROSCOE 15","1072","12","REPUBLICAN","0"
"101","0","WINNEBAGO","0","Under Votes","400","16TH CONGRESS","ROCKFORD 1","858","12","REPUBLICAN","7"
"101","0","WINNEBAGO","385","DARIN LaHOOD","400","16TH CONGRESS","ROCKFORD 1","858","12","REPUBLICAN","27"
"101","0","WINNEBAGO","385","DARIN LaHOOD","400","16TH CONGRESS","CHERRY VALLEY 6","1018","12","REPUBLICAN","70"
"101","0","WINNEBAGO","0","Under Votes","400","16TH CONGRESS","CHERRY VALLEY 6","1018","12","REPUBLICAN","12"
"101","0","WINNEBAGO","0","Over Votes","400","16TH CONGRESS","CHERRY VALLEY 6","1018","12","REPUBLICAN","0"
"101","0","WINNEBAGO","385","DARIN LaHOOD","400","16TH CONGRESS","HARLEM 5","1069","12","REPUBLICAN","57"
"101","0","WINNEBAGO","0","Under Votes","400","16TH CONGRESS","HARLEM 5","1069","12","REPUBLICAN","13"
"101","0","WINNEBAGO","0","Over Votes","400","16TH CONGRESS","HARLEM 5","1069","12","REPUBLICAN","0"
"101","0","WINNEBAGO","385","DARIN LaHOOD","400","16TH CONGRESS","HARLEM 6","1049","12","REPUBLICAN","52"
"101","0","WINNEBAGO","0","Under Votes","400","16TH CONGRESS","HARLEM 6","1049","12","REPUBLICAN","12"
"101","0","WINNEBAGO","0","Over Votes","400","16TH CONGRESS","HARLEM 6","1049","12","REPUBLICAN","0"
"101","0","WINNEBAGO","385","DARIN LaHOOD","400","16TH CONGRESS","HARLEM 22","1068","12","REPUBLICAN","83"
"101","0","WINNEBAGO","0","Under Votes","400","16TH CONGRESS","HARLEM 22","1068","12","REPUBLICAN","12"
"101","0","WINNEBAGO","0","Over Votes","400","16TH CONGRESS","HARLEM 22","1068","12","REPUBLICAN","0"
"101","0","WINNEBAGO","385","DARIN LaHOOD","400","16TH CONGRESS","HARLEM 23","1159","12","REPUBLICAN","72"
"101","0","WINNEBAGO","0","Under Votes","400","16TH CONGRESS","HARLEM 23","1159","12","REPUBLICAN","13"
"101","0","WINNEBAGO","0","Over Votes","400","16TH CONGRESS","HARLEM 23","1159","12","REPUBLICAN","0"
"101","0","WINNEBAGO","385","DARIN LaHOOD","400","16TH CONGRESS","OWEN 1","1121","12","REPUBLICAN","105"
"101","0","WINNEBAGO","0","Under Votes","400","16TH CONGRESS","OWEN 1","1121","12","REPUBLICAN","27"
"101","0","WINNEBAGO","0","Over Votes","400","16TH CONGRESS","OWEN 1","1121","12","REPUBLICAN","0"
"101","0","WINNEBAGO","385","DARIN LaHOOD","400","16TH CONGRESS","OWEN 2","794","12","REPUBLICAN","60"
"101","0","WINNEBAGO","0","Under Votes","400","16TH CONGRESS","OWEN 2","794","12","REPUBLICAN","6"
"101","0","WINNEBAGO","0","Over Votes","400","16TH CONGRESS","OWEN 2","794","12","REPUBLICAN","0"
"101","0","WINNEBAGO","385","DARIN LaHOOD","400","16TH CONGRESS","HARLEM 15","926","12","REPUBLICAN","93"
"101","0","WINNEBAGO","0","Under Votes","400","16TH CONGRESS","HARLEM 15","926","12","REPUBLICAN","14"
"101","0","WINNEBAGO","0","Over Votes","400","16TH CONGRESS","HARLEM 15","926","12","REPUBLICAN","0"
"101","0","WINNEBAGO","385","DARIN LaHOOD","400","16TH CONGRESS","HARLEM 16","1110","12","REPUBLICAN","59"
"101","0","WINNEBAGO","0","Under Votes","400","16TH CONGRESS","HARLEM 16","1110","12","REPUBLICAN","10"
"101","0","WINNEBAGO","0","Over Votes","400","16TH CONGRESS","HARLEM 16","1110","12","REPUBLICAN","0"
"101","0","WINNEBAGO","385","DARIN LaHOOD","400","16TH CONGRESS","PECATONICA 2","974","12","REPUBLICAN","98"
"101","0","WINNEBAGO","0","Under Votes","400","16TH CONGRESS","PECATONICA 2","974","12","REPUBLICAN","15"
"101","0","WINNEBAGO","0","Over Votes","400","16TH CONGRESS","PECATONICA 2","974","12","REPUBLICAN","0"
"101","0","WINNEBAGO","385","DARIN LaHOOD","400","16TH CONGRESS","ROCKTON 9","732","12","REPUBLICAN","53"
"101","0","WINNEBAGO","0","Under Votes","400","16TH CONGRESS","ROCKTON 9","732","12","REPUBLICAN","9"
"101","0","WINNEBAGO","0","Over Votes","400","16TH CONGRESS","ROCKTON 9","732","12","REPUBLICAN","0"
"101","0","WINNEBAGO","385","DARIN LaHOOD","400","16TH CONGRESS","ROSCOE 5","930","12","REPUBLICAN","71"
"101","0","WINNEBAGO","0","Under Votes","400","16TH CONGRESS","ROSCOE 5","930","12","REPUBLICAN","13"
"101","0","WINNEBAGO","0","Over Votes","400","16TH CONGRESS","ROSCOE 5","930","12","REPUBLICAN","0"
"101","0","WINNEBAGO","385","DARIN LaHOOD","400","16TH CONGRESS","ROCKFORD 2","1156","12","REPUBLICAN","69"
"4","0","BOONE","385","DARIN LaHOOD","400","16TH CONGRESS","BELVIDERE 13","1288","12","REPUBLICAN","148"
"4","0","BOONE","0","Over Votes","400","16TH CONGRESS","BELVIDERE 13","1288","12","REPUBLICAN","0"
"4","0","BOONE","0","Blank Ballots","400","16TH CONGRESS","BELVIDERE 13","1288","12","REPUBLICAN","0"
"4","0","BOONE","0","Under Votes","400","16TH CONGRESS","BELVIDERE 13","1288","12","REPUBLICAN","21"
"4","0","BOONE","385","DARIN LaHOOD","400","16TH CONGRESS","CALEDONIA 3","1204","12","REPUBLICAN","71"
"4","0","BOONE","0","Over Votes","400","16TH CONGRESS","CALEDONIA 3","1204","12","REPUBLICAN","0"
"4","0","BOONE","0","Blank Ballots","400","16TH CONGRESS","CALEDONIA 3","1204","12","REPUBLICAN","0"
"4","0","BOONE","0","Under Votes","400","16TH CONGRESS","CALEDONIA 3","1204","12","REPUBLICAN","14"
"4","0","BOONE","385","DARIN LaHOOD","400","16TH CONGRESS","BOONE 1","1057","12","REPUBLICAN","102"
"4","0","BOONE","0","Over Votes","400","16TH CONGRESS","BOONE 1","1057","12","REPUBLICAN","0"
"4","0","BOONE","0","Blank Ballots","400","16TH CONGRESS","BOONE 1","1057","12","REPUBLICAN","0"
"4","0","BOONE","385","DARIN LaHOOD","400","16TH CONGRESS","BELVIDERE 14","1464","12","REPUBLICAN","134"
"4","0","BOONE","0","Over Votes","400","16TH CONGRESS","BELVIDERE 14","1464","12","REPUBLICAN","0"
"4","0","BOONE","0","Blank Ballots","400","16TH CONGRESS","BELVIDERE 14","1464","12","REPUBLICAN","0"
"4","0","BOONE","0","Under Votes","400","16TH CONGRESS","BELVIDERE 14","1464","12","REPUBLICAN","28"
"4","0","BOONE","385","DARIN LaHOOD","400","16TH CONGRESS","LE ROY","335","12","REPUBLICAN","46"
"4","0","BOONE","0","Over Votes","400","16TH CONGRESS","LE ROY","335","12","REPUBLICAN","0"
"4","0","BOONE","0","Blank Ballots","400","16TH CONGRESS","LE ROY","335","12","REPUBLICAN","0"
"4","0","BOONE","0","Under Votes","400","16TH CONGRESS","LE ROY","335","12","REPUBLICAN","8"
"4","0","BOONE","385","DARIN LaHOOD","400","16TH CONGRESS","FLORA 2","523","12","REPUBLICAN","53"
"4","0","BOONE","0","Over Votes","400","16TH CONGRESS","FLORA 2","523","12","REPUBLICAN","0"
"4","0","BOONE","0","Blank Ballots","400","16TH CONGRESS","FLORA 2","523","12","REPUBLICAN","0"
"4","0","BOONE","0","Under Votes","400","16TH CONGRESS","FLORA 2","523","12","REPUBLICAN","22"
"4","0","BOONE","385","DARIN LaHOOD","400","16TH CONGRESS","MANCHESTER","655","12","REPUBLICAN","150"
"4","0","BOONE","0","Over Votes","400","16TH CONGRESS","MANCHESTER","655","12","REPUBLICAN","0"
"4","0","BOONE","0","Blank Ballots","400","16TH CONGRESS","MANCHESTER","655","12","REPUBLICAN","0"
"4","0","BOONE","0","Under Votes","400","16TH CONGRESS","MANCHESTER","655","12","REPUBLICAN","48"
"4","0","BOONE","385","DARIN LaHOOD","400","16TH CONGRESS","POPLAR GROVE 2","1449","12","REPUBLICAN","123"
"4","0","BOONE","0","Over Votes","400","16TH CONGRESS","POPLAR GROVE 2","1449","12","REPUBLICAN","0"
"4","0","BOONE","0","Blank Ballots","400","16TH CONGRESS","POPLAR GROVE 2","1449","12","REPUBLICAN","0"
"4","0","BOONE","0","Under Votes","400","16TH CONGRESS","POPLAR GROVE 2","1449","12","REPUBLICAN","30"
"4","0","BOONE","385","DARIN LaHOOD","400","16TH CONGRESS","BELVIDERE 15","351","12","REPUBLICAN","22"
"4","0","BOONE","0","Over Votes","400","16TH CONGRESS","BELVIDERE 15","351","12","REPUBLICAN","0"
"4","0","BOONE","0","Blank Ballots","400","16TH CONGRESS","BELVIDERE 15","351","12","REPUBLICAN","0"
"4","0","BOONE","0","Under Votes","400","16TH CONGRESS","BELVIDERE 15","351","12","REPUBLICAN","3"
"4","0","BOONE","385","DARIN LaHOOD","400","16TH CONGRESS","CALEDONIA 1","206","12","REPUBLICAN","26"
"4","0","BOONE","0","Over Votes","400","16TH CONGRESS","CALEDONIA 1","206","12","REPUBLICAN","0"
"4","0","BOONE","0","Blank Ballots","400","16TH CONGRESS","CALEDONIA 1","206","12","REPUBLICAN","0"
"4","0","BOONE","0","Under Votes","400","16TH CONGRESS","CALEDONIA 1","206","12","REPUBLICAN","8"
"4","0","BOONE","385","DARIN LaHOOD","400","16TH CONGRESS","POPLAR GROVE 1","161","12","REPUBLICAN","16"
"4","0","BOONE","0","Over Votes","400","16TH CONGRESS","POPLAR GROVE 1","161","12","REPUBLICAN","0"
"4","0","BOONE","0","Blank Ballots","400","16TH CONGRESS","POPLAR GROVE 1","161","12","REPUBLICAN","0"
"4","0","BOONE","0","Under Votes","400","16TH CONGRESS","POPLAR GROVE 1","161","12","REPUBLICAN","1"
"4","0","BOONE","385","DARIN LaHOOD","400","16TH CONGRESS","FLORA 1","1072","12","REPUBLICAN","15"
"4","0","BOONE","0","Over Votes","400","16TH CONGRESS","FLORA 1","1072","12","REPUBLICAN","0"
"4","0","BOONE","0","Blank Ballots","400","16TH CONGRESS","FLORA 1","1072","12","REPUBLICAN","0"
"4","0","BOONE","0","Under Votes","400","16TH CONGRESS","FLORA 1","1072","12","REPUBLICAN","0"
"4","0","BOONE","385","DARIN LaHOOD","400","16TH CONGRESS","CALEDONIA 5","1057","12","REPUBLICAN","66"
"4","0","BOONE","0","Over Votes","400","16TH CONGRESS","CALEDONIA 5","1057","12","REPUBLICAN","0"
"4","0","BOONE","0","Blank Ballots","400","16TH CONGRESS","CALEDONIA 5","1057","12","REPUBLICAN","0"
"4","0","BOONE","0","Under Votes","400","16TH CONGRESS","CALEDONIA 5","1057","12","REPUBLICAN","9"
"4","0","BOONE","385","DARIN LaHOOD","400","16TH CONGRESS","POPLAR GROVE 5","449","12","REPUBLICAN","51"
"4","0","BOONE","0","Over Votes","400","16TH CONGRESS","POPLAR GROVE 5","449","12","REPUBLICAN","0"
"4","0","BOONE","0","Blank Ballots","400","16TH CONGRESS","POPLAR GROVE 5","449","12","REPUBLICAN","0"
"4","0","BOONE","0","Under Votes","400","16TH CONGRESS","POPLAR GROVE 5","449","12","REPUBLICAN","10"
"4","0","BOONE","0","Under Votes","400","16TH CONGRESS","BOONE 1","1057","12","REPUBLICAN","11"
"101","0","WINNEBAGO","0","Under Votes","400","16TH CONGRESS","ROCKFORD 2","1156","12","REPUBLICAN","11"
"101","0","WINNEBAGO","0","Over Votes","400","16TH CONGRESS","ROCKFORD 2","1156","12","REPUBLICAN","0"
"101","0","WINNEBAGO","385","DARIN LaHOOD","400","16TH CONGRESS","ROCKFORD 51","960","12","REPUBLICAN","47"
"101","0","WINNEBAGO","0","Under Votes","400","16TH CONGRESS","ROCKFORD 51","960","12","REPUBLICAN","7"
"101","0","WINNEBAGO","0","Over Votes","400","16TH CONGRESS","ROCKFORD 51","960","12","REPUBLICAN","0"
"101","0","WINNEBAGO","0","Under Votes","400","16TH CONGRESS","BURRITT 10.","765","12","REPUBLICAN","7"
"101","0","WINNEBAGO","385","DARIN LaHOOD","400","16TH CONGRESS","BURRITT 10.","765","12","REPUBLICAN","110"
"101","0","WINNEBAGO","0","Over Votes","400","16TH CONGRESS","BURRITT 10.","765","12","REPUBLICAN","0"
"101","0","WINNEBAGO","0","Under Votes","400","16TH CONGRESS","CHERRY VALLEY 1","978","12","REPUBLICAN","14"
"101","0","WINNEBAGO","385","DARIN LaHOOD","400","16TH CONGRESS","CHERRY VALLEY 1","978","12","REPUBLICAN","79"
"101","0","WINNEBAGO","0","Over Votes","400","16TH CONGRESS","CHERRY VALLEY 1","978","12","REPUBLICAN","0"
"101","0","WINNEBAGO","385","DARIN LaHOOD","400","16TH CONGRESS","CHERRY VALLEY 2","603","12","REPUBLICAN","18"
"101","0","WINNEBAGO","0","Under Votes","400","16TH CONGRESS","CHERRY VALLEY 2","603","12","REPUBLICAN","1"
"101","0","WINNEBAGO","0","Over Votes","400","16TH CONGRESS","CHERRY VALLEY 2","603","12","REPUBLICAN","0"
"101","0","WINNEBAGO","385","DARIN LaHOOD","400","16TH CONGRESS","CHERRY VALLEY 9","713","12","REPUBLICAN","81"
"101","0","WINNEBAGO","0","Under Votes","400","16TH CONGRESS","CHERRY VALLEY 9","713","12","REPUBLICAN","14"
"101","0","WINNEBAGO","0","Over Votes","400","16TH CONGRESS","CHERRY VALLEY 9","713","12","REPUBLICAN","0"
"101","0","WINNEBAGO","0","Under Votes","400","16TH CONGRESS","CHERRY VALLEY 11","881","12","REPUBLICAN","10"
"101","0","WINNEBAGO","385","DARIN LaHOOD","400","16TH CONGRESS","CHERRY VALLEY 11","881","12","REPUBLICAN","98"
"101","0","WINNEBAGO","0","Over Votes","400","16TH CONGRESS","CHERRY VALLEY 11","881","12","REPUBLICAN","0"
"101","0","WINNEBAGO","385","DARIN LaHOOD","400","16TH CONGRESS","HARLEM 7","1186","12","REPUBLICAN","50"
"101","0","WINNEBAGO","0","Under Votes","400","16TH CONGRESS","HARLEM 7","1186","12","REPUBLICAN","8"
"101","0","WINNEBAGO","0","Over Votes","400","16TH CONGRESS","HARLEM 7","1186","12","REPUBLICAN","0"
"101","0","WINNEBAGO","385","DARIN LaHOOD","400","16TH CONGRESS","HARLEM 14","1032","12","REPUBLICAN","99"
"101","0","WINNEBAGO","0","Under Votes","400","16TH CONGRESS","HARLEM 14","1032","12","REPUBLICAN","14"
"101","0","WINNEBAGO","0","Over Votes","400","16TH CONGRESS","HARLEM 14","1032","12","REPUBLICAN","0"
"101","0","WINNEBAGO","385","DARIN LaHOOD","400","16TH CONGRESS","CHERRY VALLEY 3","1128","12","REPUBLICAN","97"
"101","0","WINNEBAGO","0","Under Votes","400","16TH CONGRESS","CHERRY VALLEY 3","1128","12","REPUBLICAN","19"
"101","0","WINNEBAGO","0","Over Votes","400","16TH CONGRESS","CHERRY VALLEY 3","1128","12","REPUBLICAN","0"
"101","0","WINNEBAGO","385","DARIN LaHOOD","400","16TH CONGRESS","DURAND 2","737","12","REPUBLICAN","72"
"101","0","WINNEBAGO","0","Under Votes","400","16TH CONGRESS","DURAND 2","737","12","REPUBLICAN","15"
"101","0","WINNEBAGO","0","Over Votes","400","16TH CONGRESS","DURAND 2","737","12","REPUBLICAN","0"
"101","0","WINNEBAGO","385","DARIN LaHOOD","400","16TH CONGRESS","HARLEM 27","1136","12","REPUBLICAN","81"
"101","0","WINNEBAGO","0","Under Votes","400","16TH CONGRESS","HARLEM 27","1136","12","REPUBLICAN","13"
"101","0","WINNEBAGO","0","Over Votes","400","16TH CONGRESS","HARLEM 27","1136","12","REPUBLICAN","0"
"101","0","WINNEBAGO","385","DARIN LaHOOD","400","16TH CONGRESS","ROCKTON 11","1010","12","REPUBLICAN","82"
"101","0","WINNEBAGO","0","Under Votes","400","16TH CONGRESS","ROCKTON 11","1010","12","REPUBLICAN","8"
"101","0","WINNEBAGO","0","Over Votes","400","16TH CONGRESS","ROCKTON 11","1010","12","REPUBLICAN","0"
"101","0","WINNEBAGO","385","DARIN LaHOOD","400","16TH CONGRESS","SHIRLAND 1","735","12","REPUBLICAN","76"
"101","0","WINNEBAGO","0","Under Votes","400","16TH CONGRESS","SHIRLAND 1","735","12","REPUBLICAN","23"
"101","0","WINNEBAGO","0","Over Votes","400","16TH CONGRESS","SHIRLAND 1","735","12","REPUBLICAN","0"
"101","0","WINNEBAGO","0","Under Votes","400","16TH CONGRESS","ROCKFORD 15","829","12","REPUBLICAN","0"
"101","0","WINNEBAGO","385","DARIN LaHOOD","400","16TH CONGRESS","ROCKFORD 15","829","12","REPUBLICAN","0"
"101","0","WINNEBAGO","0","Over Votes","400","16TH CONGRESS","ROCKFORD 15","829","12","REPUBLICAN","0"
"101","0","WINNEBAGO","385","DARIN LaHOOD","400","16TH CONGRESS","ROCKFORD 31","1113","12","REPUBLICAN","8"
"101","0","WINNEBAGO","0","Under Votes","400","16TH CONGRESS","ROCKFORD 31","1113","12","REPUBLICAN","0"
"101","0","WINNEBAGO","0","Over Votes","400","16TH CONGRESS","ROCKFORD 31","1113","12","REPUBLICAN","0"
"101","0","WINNEBAGO","385","DARIN LaHOOD","400","16TH CONGRESS","ROCKFORD 52","965","12","REPUBLICAN","49"
"101","0","WINNEBAGO","0","Under Votes","400","16TH CONGRESS","ROCKFORD 52","965","12","REPUBLICAN","8"
"101","0","WINNEBAGO","0","Over Votes","400","16TH CONGRESS","ROCKFORD 52","965","12","REPUBLICAN","0"
"101","0","WINNEBAGO","385","DARIN LaHOOD","400","16TH CONGRESS","CHERRY VALLEY 4","681","12","REPUBLICAN","69"
"101","0","WINNEBAGO","0","Under Votes","400","16TH CONGRESS","CHERRY VALLEY 4","681","12","REPUBLICAN","16"
"101","0","WINNEBAGO","0","Over Votes","400","16TH CONGRESS","CHERRY VALLEY 4","681","12","REPUBLICAN","0"
"101","0","WINNEBAGO","385","DARIN LaHOOD","400","16TH CONGRESS","HARLEM 2","1148","12","REPUBLICAN","46"
"101","0","WINNEBAGO","0","Under Votes","400","16TH CONGRESS","HARLEM 2","1148","12","REPUBLICAN","7"
"101","0","WINNEBAGO","0","Over Votes","400","16TH CONGRESS","HARLEM 2","1148","12","REPUBLICAN","0"
"101","0","WINNEBAGO","385","DARIN LaHOOD","400","16TH CONGRESS","HARLEM 11","1127","12","REPUBLICAN","87"
"101","0","WINNEBAGO","0","Under Votes","400","16TH CONGRESS","HARLEM 11","1127","12","REPUBLICAN","15"
"101","0","WINNEBAGO","0","Over Votes","400","16TH CONGRESS","HARLEM 11","1127","12","REPUBLICAN","0"
"101","0","WINNEBAGO","385","DARIN LaHOOD","400","16TH CONGRESS","HARLEM 13","1024","12","REPUBLICAN","46"
"101","0","WINNEBAGO","0","Under Votes","400","16TH CONGRESS","HARLEM 13","1024","12","REPUBLICAN","6"
"101","0","WINNEBAGO","0","Over Votes","400","16TH CONGRESS","HARLEM 13","1024","12","REPUBLICAN","0"
"101","0","WINNEBAGO","385","DARIN LaHOOD","400","16TH CONGRESS","ROCKTON 13","869","12","REPUBLICAN","67"
"101","0","WINNEBAGO","0","Under Votes","400","16TH CONGRESS","ROCKTON 13","869","12","REPUBLICAN","14"
"101","0","WINNEBAGO","0","Over Votes","400","16TH CONGRESS","ROCKTON 13","869","12","REPUBLICAN","0"
"101","0","WINNEBAGO","385","DARIN LaHOOD","400","16TH CONGRESS","ROSCOE 8","1102","12","REPUBLICAN","66"
"101","0","WINNEBAGO","0","Under Votes","400","16TH CONGRESS","ROSCOE 8","1102","12","REPUBLICAN","13"
"101","0","WINNEBAGO","0","Over Votes","400","16TH CONGRESS","ROSCOE 8","1102","12","REPUBLICAN","0"
"101","0","WINNEBAGO","385","DARIN LaHOOD","400","16TH CONGRESS","WINNEBAGO 1","1020","12","REPUBLICAN","1"
"101","0","WINNEBAGO","0","Under Votes","400","16TH CONGRESS","WINNEBAGO 1","1020","12","REPUBLICAN","0"
"101","0","WINNEBAGO","0","Over Votes","400","16TH CONGRESS","WINNEBAGO 1","1020","12","REPUBLICAN","0"
"101","0","WINNEBAGO","0","Under Votes","400","16TH CONGRESS","ROCKFORD 8","1135","12","REPUBLICAN","12"
"101","0","WINNEBAGO","385","DARIN LaHOOD","400","16TH CONGRESS","ROCKFORD 8","1135","12","REPUBLICAN","101"
"101","0","WINNEBAGO","0","Over Votes","400","16TH CONGRESS","ROCKFORD 8","1135","12","REPUBLICAN","0"
"101","0","WINNEBAGO","0","Under Votes","400","16TH CONGRESS","ROCKFORD 25","1036","12","REPUBLICAN","10"
"101","0","WINNEBAGO","385","DARIN LaHOOD","400","16TH CONGRESS","ROCKFORD 25","1036","12","REPUBLICAN","56"
"101","0","WINNEBAGO","0","Over Votes","400","16TH CONGRESS","ROCKFORD 25","1036","12","REPUBLICAN","0"
"101","0","WINNEBAGO","385","DARIN LaHOOD","400","16TH CONGRESS","ROCKFORD 26","1033","12","REPUBLICAN","85"
"101","0","WINNEBAGO","0","Under Votes","400","16TH CONGRESS","ROCKFORD 26","1033","12","REPUBLICAN","20"
"101","0","WINNEBAGO","0","Over Votes","400","16TH CONGRESS","ROCKFORD 26","1033","12","REPUBLICAN","0"
"101","0","WINNEBAGO","0","Under Votes","400","16TH CONGRESS","HARLEM 1","1125","12","REPUBLICAN","0"
"101","0","WINNEBAGO","385","DARIN LaHOOD","400","16TH CONGRESS","HARLEM 1","1125","12","REPUBLICAN","2"
"101","0","WINNEBAGO","0","Over Votes","400","16TH CONGRESS","HARLEM 1","1125","12","REPUBLICAN","0"
"101","0","WINNEBAGO","0","Under Votes","400","16TH CONGRESS","HARRISON 1","443","12","REPUBLICAN","7"
"101","0","WINNEBAGO","385","DARIN LaHOOD","400","16TH CONGRESS","HARRISON 1","443","12","REPUBLICAN","38"
"101","0","WINNEBAGO","0","Over Votes","400","16TH CONGRESS","HARRISON 1","443","12","REPUBLICAN","0"
"101","0","WINNEBAGO","385","DARIN LaHOOD","400","16TH CONGRESS","PECATONICA 3","853","12","REPUBLICAN","72"
"101","0","WINNEBAGO","0","Under Votes","400","16TH CONGRESS","PECATONICA 3","853","12","REPUBLICAN","13"
"101","0","WINNEBAGO","0","Over Votes","400","16TH CONGRESS","PECATONICA 3","853","12","REPUBLICAN","0"
"101","0","WINNEBAGO","385","DARIN LaHOOD","400","16TH CONGRESS","PECATONICA 4","1104","12","REPUBLICAN","112"
"101","0","WINNEBAGO","0","Under Votes","400","16TH CONGRESS","PECATONICA 4","1104","12","REPUBLICAN","11"
"101","0","WINNEBAGO","0","Over Votes","400","16TH CONGRESS","PECATONICA 4","1104","12","REPUBLICAN","0"
"101","0","WINNEBAGO","0","Under Votes","400","16TH CONGRESS","ROCKTON 1","1090","12","REPUBLICAN","18"
"101","0","WINNEBAGO","385","DARIN LaHOOD","400","16TH CONGRESS","ROCKTON 1","1090","12","REPUBLICAN","89"
"101","0","WINNEBAGO","0","Over Votes","400","16TH CONGRESS","ROCKTON 1","1090","12","REPUBLICAN","0"
"101","0","WINNEBAGO","0","Under Votes","400","16TH CONGRESS","ROCKTON 2","1083","12","REPUBLICAN","11"
"101","0","WINNEBAGO","385","DARIN LaHOOD","400","16TH CONGRESS","ROCKTON 2","1083","12","REPUBLICAN","85"
"101","0","WINNEBAGO","0","Over Votes","400","16TH CONGRESS","ROCKTON 2","1083","12","REPUBLICAN","0"
"101","0","WINNEBAGO","385","DARIN LaHOOD","400","16TH CONGRESS","ROCKFORD 5","1070","12","REPUBLICAN","89"
"101","0","WINNEBAGO","0","Under Votes","400","16TH CONGRESS","ROCKFORD 5","1070","12","REPUBLICAN","17"
"101","0","WINNEBAGO","0","Over Votes","400","16TH CONGRESS","ROCKFORD 5","1070","12","REPUBLICAN","0"
"101","0","WINNEBAGO","385","DARIN LaHOOD","400","16TH CONGRESS","ROCKFORD 32","990","12","REPUBLICAN","19"
"101","0","WINNEBAGO","0","Under Votes","400","16TH CONGRESS","ROCKFORD 32","990","12","REPUBLICAN","1"
"101","0","WINNEBAGO","0","Over Votes","400","16TH CONGRESS","ROCKFORD 32","990","12","REPUBLICAN","0"
"101","0","WINNEBAGO","0","Over Votes","400","16TH CONGRESS","ROCKFORD 27","961","12","REPUBLICAN","0"
"101","0","WINNEBAGO","385","DARIN LaHOOD","400","16TH CONGRESS","ROCKFORD 33","1081","12","REPUBLICAN","53"
"101","0","WINNEBAGO","0","Under Votes","400","16TH CONGRESS","ROCKFORD 33","1081","12","REPUBLICAN","4"
"101","0","WINNEBAGO","0","Over Votes","400","16TH CONGRESS","ROCKFORD 33","1081","12","REPUBLICAN","0"
"53","0","LIVINGSTON","0","Blank Ballots","400","16TH CONGRESS","SUNBURY","150","12","REPUBLICAN","0"
"53","0","LIVINGSTON","385","DARIN LaHOOD","400","16TH CONGRESS","SUNBURY","150","12","REPUBLICAN","33"
"53","0","LIVINGSTON","0","Over Votes","400","16TH CONGRESS","SUNBURY","150","12","REPUBLICAN","0"
"53","0","LIVINGSTON","0","Under Votes","400","16TH CONGRESS","SUNBURY","150","12","REPUBLICAN","4"
"53","0","LIVINGSTON","0","Blank Ballots","400","16TH CONGRESS","EPPARDS POINT","223","12","REPUBLICAN","0"
"53","0","LIVINGSTON","385","DARIN LaHOOD","400","16TH CONGRESS","EPPARDS POINT","223","12","REPUBLICAN","65"
"53","0","LIVINGSTON","0","Over Votes","400","16TH CONGRESS","EPPARDS POINT","223","12","REPUBLICAN","0"
"53","0","LIVINGSTON","0","Under Votes","400","16TH CONGRESS","EPPARDS POINT","223","12","REPUBLICAN","3"
"53","0","LIVINGSTON","0","Blank Ballots","400","16TH CONGRESS","ROOKS CREEK","416","12","REPUBLICAN","0"
"53","0","LIVINGSTON","385","DARIN LaHOOD","400","16TH CONGRESS","ROOKS CREEK","416","12","REPUBLICAN","138"
"53","0","LIVINGSTON","0","Over Votes","400","16TH CONGRESS","ROOKS CREEK","416","12","REPUBLICAN","0"
"53","0","LIVINGSTON","0","Under Votes","400","16TH CONGRESS","ROOKS CREEK","416","12","REPUBLICAN","16"
"53","0","LIVINGSTON","0","Blank Ballots","400","16TH CONGRESS","WALDO","189","12","REPUBLICAN","0"
"53","0","LIVINGSTON","385","DARIN LaHOOD","400","16TH CONGRESS","WALDO","189","12","REPUBLICAN","47"
"53","0","LIVINGSTON","0","Over Votes","400","16TH CONGRESS","WALDO","189","12","REPUBLICAN","0"
"53","0","LIVINGSTON","0","Under Votes","400","16TH CONGRESS","WALDO","189","12","REPUBLICAN","1"
"53","0","LIVINGSTON","0","Blank Ballots","400","16TH CONGRESS","NEBRASKA 1","862","12","REPUBLICAN","0"
"53","0","LIVINGSTON","385","DARIN LaHOOD","400","16TH CONGRESS","NEBRASKA 1","862","12","REPUBLICAN","206"
"53","0","LIVINGSTON","0","Over Votes","400","16TH CONGRESS","NEBRASKA 1","862","12","REPUBLICAN","0"
"53","0","LIVINGSTON","0","Under Votes","400","16TH CONGRESS","NEBRASKA 1","862","12","REPUBLICAN","17"
"53","0","LIVINGSTON","0","Blank Ballots","400","16TH CONGRESS","READING 2","764","12","REPUBLICAN","0"
"53","0","LIVINGSTON","385","DARIN LaHOOD","400","16TH CONGRESS","READING 2","764","12","REPUBLICAN","96"
"53","0","LIVINGSTON","0","Over Votes","400","16TH CONGRESS","READING 2","764","12","REPUBLICAN","0"
"53","0","LIVINGSTON","0","Under Votes","400","16TH CONGRESS","READING 2","764","12","REPUBLICAN","6"
"53","0","LIVINGSTON","0","Blank Ballots","400","16TH CONGRESS","DWIGHT 3","616","12","REPUBLICAN","0"
"53","0","LIVINGSTON","385","DARIN LaHOOD","400","16TH CONGRESS","DWIGHT 3","616","12","REPUBLICAN","0"
"53","0","LIVINGSTON","0","Over Votes","400","16TH CONGRESS","DWIGHT 3","616","12","REPUBLICAN","0"
"53","0","LIVINGSTON","0","Under Votes","400","16TH CONGRESS","DWIGHT 3","616","12","REPUBLICAN","0"
"53","0","LIVINGSTON","0","Blank Ballots","400","16TH CONGRESS","ESMEN","201","12","REPUBLICAN","0"
"53","0","LIVINGSTON","385","DARIN LaHOOD","400","16TH CONGRESS","ESMEN","201","12","REPUBLICAN","61"
"53","0","LIVINGSTON","0","Over Votes","400","16TH CONGRESS","ESMEN","201","12","REPUBLICAN","0"
"53","0","LIVINGSTON","0","Under Votes","400","16TH CONGRESS","ESMEN","201","12","REPUBLICAN","8"
"53","0","LIVINGSTON","0","Blank Ballots","400","16TH CONGRESS","NEWTOWN","474","12","REPUBLICAN","0"
"53","0","LIVINGSTON","385","DARIN LaHOOD","400","16TH CONGRESS","NEWTOWN","474","12","REPUBLICAN","84"
"53","0","LIVINGSTON","0","Over Votes","400","16TH CONGRESS","NEWTOWN","474","12","REPUBLICAN","0"
"53","0","LIVINGSTON","0","Under Votes","400","16TH CONGRESS","NEWTOWN","474","12","REPUBLICAN","13"
"53","0","LIVINGSTON","0","Blank Ballots","400","16TH CONGRESS","LONG POINT","298","12","REPUBLICAN","0"
"53","0","LIVINGSTON","385","DARIN LaHOOD","400","16TH CONGRESS","LONG POINT","298","12","REPUBLICAN","90"
"53","0","LIVINGSTON","0","Over Votes","400","16TH CONGRESS","LONG POINT","298","12","REPUBLICAN","0"
"53","0","LIVINGSTON","0","Under Votes","400","16TH CONGRESS","LONG POINT","298","12","REPUBLICAN","8"
"53","0","LIVINGSTON","0","Blank Ballots","400","16TH CONGRESS","READING 1","576","12","REPUBLICAN","0"
"53","0","LIVINGSTON","385","DARIN LaHOOD","400","16TH CONGRESS","READING 1","576","12","REPUBLICAN","77"
"53","0","LIVINGSTON","0","Over Votes","400","16TH CONGRESS","READING 1","576","12","REPUBLICAN","0"
"53","0","LIVINGSTON","0","Under Votes","400","16TH CONGRESS","READING 1","576","12","REPUBLICAN","11"
"72","0","PEORIA","0","Over Votes","400","16TH CONGRESS","AK01 - 1","0","11","","0"
"72","0","PEORIA","0","Under Votes","400","16TH CONGRESS","AK01 - 1","0","11","","0"
"72","0","PEORIA","0","Over Votes","400","16TH CONGRESS","CH02 - 4","0","11","","0"
"72","0","PEORIA","0","Under Votes","400","16TH CONGRESS","CH02 - 4","0","11","","0"
"72","0","PEORIA","0","Under Votes","400","16TH CONGRESS","CH05 - 7","0","11","","0"
"72","0","PEORIA","0","Over Votes","400","16TH CONGRESS","CH05 - 7","0","11","","0"
"72","0","PEORIA","0","Over Votes","400","16TH CONGRESS","PE44 - 123","0","11","","0"
"72","0","PEORIA","0","Under Votes","400","16TH CONGRESS","PE44 - 123","0","11","","0"
"72","0","PEORIA","0","Under Votes","400","16TH CONGRESS","PE47 - 129","0","11","","0"
"72","0","PEORIA","0","Over Votes","400","16TH CONGRESS","PE47 - 129","0","11","","0"
"72","0","PEORIA","0","Under Votes","400","16TH CONGRESS","PE48 - 132","0","11","","0"
"72","0","PEORIA","0","Over Votes","400","16TH CONGRESS","PE48 - 132","0","11","","0"
"72","0","PEORIA","0","Over Votes","400","16TH CONGRESS","PE57 - 155","0","11","","0"
"72","0","PEORIA","0","Under Votes","400","16TH CONGRESS","PE57 - 155","0","11","","0"
"72","0","PEORIA","0","Over Votes","400","16TH CONGRESS","PE59 - 158","0","11","","0"
"72","0","PEORIA","0","Under Votes","400","16TH CONGRESS","PE59 - 158","0","11","","0"
"72","0","PEORIA","0","Over Votes","400","16TH CONGRESS","PE61 - 161","0","11","","0"
"72","0","PEORIA","0","Under Votes","400","16TH CONGRESS","PE61 - 161","0","11","","0"
"72","0","PEORIA","0","Over Votes","400","16TH CONGRESS","RO01 - 184","0","11","","0"
"72","0","PEORIA","0","Under Votes","400","16TH CONGRESS","RO01 - 184","0","11","","0"
"72","0","PEORIA","0","Over Votes","400","16TH CONGRESS","BR01 - 2","0","11","","0"
"72","0","PEORIA","0","Under Votes","400","16TH CONGRESS","BR01 - 2","0","11","","0"
"72","0","PEORIA","0","Over Votes","400","16TH CONGRESS","KI02 - 25","0","11","","0"
"72","0","PEORIA","0","Under Votes","400","16TH CONGRESS","KI02 - 25","0","11","","0"
"72","0","PEORIA","0","Under Votes","400","16TH CONGRESS","LI01 - 28","0","11","","0"
"72","0","PEORIA","0","Over Votes","400","16TH CONGRESS","LI01 - 28","0","11","","0"
"72","0","PEORIA","0","Over Votes","400","16TH CONGRESS","LI02 - 31","0","11","","0"
"72","0","PEORIA","0","Under Votes","400","16TH CONGRESS","LI02 - 31","0","11","","0"
"72","0","PEORIA","0","Over Votes","400","16TH CONGRESS","ME01 - 54","0","11","","0"
"72","0","PEORIA","0","Under Votes","400","16TH CONGRESS","ME01 - 54","0","11","","0"
"72","0","PEORIA","0","Under Votes","400","16TH CONGRESS","ME03 - 57","0","11","","0"
"72","0","PEORIA","0","Over Votes","400","16TH CONGRESS","ME03 - 57","0","11","","0"
"72","0","PEORIA","0","Over Votes","400","16TH CONGRESS","MI01 - 60","0","11","","0"
"72","0","PEORIA","0","Under Votes","400","16TH CONGRESS","MI01 - 60","0","11","","0"
"72","0","PEORIA","0","Over Votes","400","16TH CONGRESS","PE45 - 124","0","11","","0"
"72","0","PEORIA","0","Under Votes","400","16TH CONGRESS","PE45 - 124","0","11","","0"
"72","0","PEORIA","0","Over Votes","400","16TH CONGRESS","PE52 - 144","0","11","","0"
"72","0","PEORIA","0","Under Votes","400","16TH CONGRESS","PE52 - 144","0","11","","0"
"72","0","PEORIA","0","Over Votes","400","16TH CONGRESS","PE56 - 153","0","11","","0"
"72","0","PEORIA","0","Under Votes","400","16TH CONGRESS","PE56 - 153","0","11","","0"
"72","0","PEORIA","0","Under Votes","400","16TH CONGRESS","RA02 - 176","0","11","","0"
"72","0","PEORIA","0","Over Votes","400","16TH CONGRESS","RA02 - 176","0","11","","0"
"72","0","PEORIA","0","Under Votes","400","16TH CONGRESS","JU02 - 16","0","11","","0"
"72","0","PEORIA","0","Over Votes","400","16TH CONGRESS","JU02 - 16","0","11","","0"
"72","0","PEORIA","0","Over Votes","400","16TH CONGRESS","KI01 - 22","0","11","","0"
"72","0","PEORIA","0","Under Votes","400","16TH CONGRESS","KI01 - 22","0","11","","0"
"72","0","PEORIA","0","Over Votes","400","16TH CONGRESS","PE49 - 135","0","11","","0"
"72","0","PEORIA","0","Under Votes","400","16TH CONGRESS","PE49 - 135","0","11","","0"
"72","0","PEORIA","0","Under Votes","400","16TH CONGRESS","PE51 - 138","0","11","","0"
"72","0","PEORIA","0","Over Votes","400","16TH CONGRESS","PE51 - 138","0","11","","0"
"72","0","PEORIA","0","Over Votes","400","16TH CONGRESS","PE51 - 141","0","11","","0"
"72","0","PEORIA","0","Under Votes","400","16TH CONGRESS","PE51 - 141","0","11","","0"
"72","0","PEORIA","0","Over Votes","400","16TH CONGRESS","PE63 - 164","0","11","","0"
"72","0","PEORIA","0","Under Votes","400","16TH CONGRESS","PE63 - 164","0","11","","0"
"72","0","PEORIA","0","Over Votes","400","16TH CONGRESS","PE65 - 167","0","11","","0"
"72","0","PEORIA","0","Under Votes","400","16TH CONGRESS","PE65 - 167","0","11","","0"
"72","0","PEORIA","0","Over Votes","400","16TH CONGRESS","PR01 - 170","0","11","","0"
"72","0","PEORIA","0","Under Votes","400","16TH CONGRESS","PR01 - 170","0","11","","0"
"72","0","PEORIA","0","Under Votes","400","16TH CONGRESS","RA02 - 173","0","11","","0"
"72","0","PEORIA","0","Over Votes","400","16TH CONGRESS","RA02 - 173","0","11","","0"
"72","0","PEORIA","0","Over Votes","400","16TH CONGRESS","HA01 - 12","0","11","","0"
"72","0","PEORIA","0","Under Votes","400","16TH CONGRESS","HA01 - 12","0","11","","0"
"72","0","PEORIA","0","Over Votes","400","16TH CONGRESS","JU01 - 15","0","11","","0"
"72","0","PEORIA","0","Under Votes","400","16TH CONGRESS","JU01 - 15","0","11","","0"
"72","0","PEORIA","0","Over Votes","400","16TH CONGRESS","KI01 - 18","0","11","","0"
"72","0","PEORIA","0","Under Votes","400","16TH CONGRESS","KI01 - 18","0","11","","0"
"72","0","PEORIA","0","Over Votes","400","16TH CONGRESS","PE47 - 131","0","11","","0"
"72","0","PEORIA","0","Under Votes","400","16TH CONGRESS","PE47 - 131","0","11","","0"
"72","0","PEORIA","0","Over Votes","400","16TH CONGRESS","PE49 - 134","0","11","","0"
"72","0","PEORIA","0","Under Votes","400","16TH CONGRESS","PE49 - 134","0","11","","0"
"72","0","PEORIA","0","Over Votes","400","16TH CONGRESS","PE50 - 137","0","11","","0"
"72","0","PEORIA","0","Under Votes","400","16TH CONGRESS","PE50 - 137","0","11","","0"
"72","0","PEORIA","0","Over Votes","400","16TH CONGRESS","PE51 - 140","0","11","","0"
"72","0","PEORIA","0","Under Votes","400","16TH CONGRESS","PE51 - 140","0","11","","0"
"72","0","PEORIA","0","Over Votes","400","16TH CONGRESS","PE60 - 160","0","11","","0"
"72","0","PEORIA","0","Under Votes","400","16TH CONGRESS","PE60 - 160","0","11","","0"
"72","0","PEORIA","0","Over Votes","400","16TH CONGRESS","PE63 - 163","0","11","","0"
"72","0","PEORIA","0","Under Votes","400","16TH CONGRESS","PE63 - 163","0","11","","0"
"72","0","PEORIA","0","Over Votes","400","16TH CONGRESS","PE65 - 166","0","11","","0"
"72","0","PEORIA","0","Under Votes","400","16TH CONGRESS","PE65 - 166","0","11","","0"
"72","0","PEORIA","0","Over Votes","400","16TH CONGRESS","PR01 - 169","0","11","","0"
"72","0","PEORIA","0","Under Votes","400","16TH CONGRESS","PR01 - 169","0","11","","0"
"72","0","PEORIA","0","Over Votes","400","16TH CONGRESS","KI01 - 24","0","11","","0"
"72","0","PEORIA","0","Under Votes","400","16TH CONGRESS","KI01 - 24","0","11","","0"
"72","0","PEORIA","0","Over Votes","400","16TH CONGRESS","LI02 - 30","0","11","","0"
"72","0","PEORIA","0","Under Votes","400","16TH CONGRESS","LI02 - 30","0","11","","0"
"72","0","PEORIA","0","Over Votes","400","16TH CONGRESS","ME01 - 53","0","11","","0"
"72","0","PEORIA","0","Under Votes","400","16TH CONGRESS","ME01 - 53","0","11","","0"
"72","0","PEORIA","0","Over Votes","400","16TH CONGRESS","ME02 - 56","0","11","","0"
"72","0","PEORIA","0","Under Votes","400","16TH CONGRESS","ME02 - 56","0","11","","0"
"72","0","PEORIA","0","Over Votes","400","16TH CONGRESS","ME04 - 59","0","11","","0"
"72","0","PEORIA","0","Under Votes","400","16TH CONGRESS","ME04 - 59","0","11","","0"
"72","0","PEORIA","0","Over Votes","400","16TH CONGRESS","PE52 - 143","0","11","","0"
"72","0","PEORIA","0","Under Votes","400","16TH CONGRESS","PE52 - 143","0","11","","0"
"72","0","PEORIA","0","Over Votes","400","16TH CONGRESS","PE52 - 146","0","11","","0"
"72","0","PEORIA","0","Under Votes","400","16TH CONGRESS","PE52 - 146","0","11","","0"
"72","0","PEORIA","0","Over Votes","400","16TH CONGRESS","RA01 - 172","0","11","","0"
"72","0","PEORIA","0","Under Votes","400","16TH CONGRESS","RA01 - 172","0","11","","0"
"72","0","PEORIA","0","Over Votes","400","16TH CONGRESS","RA02 - 175","0","11","","0"
"72","0","PEORIA","0","Under Votes","400","16TH CONGRESS","RA02 - 175","0","11","","0"
"72","0","PEORIA","0","Over Votes","400","16TH CONGRESS","RI01 - 178","0","11","","0"
"72","0","PEORIA","0","Under Votes","400","16TH CONGRESS","RI01 - 178","0","11","","0"
"72","0","PEORIA","0","Over Votes","400","16TH CONGRESS","RI03 - 181","0","11","","0"
"72","0","PEORIA","0","Under Votes","400","16TH CONGRESS","RI03 - 181","0","11","","0"
"72","0","PEORIA","0","Over Votes","400","16TH CONGRESS","JU02 - 17","0","11","","0"
"72","0","PEORIA","0","Under Votes","400","16TH CONGRESS","JU02 - 17","0","11","","0"
"72","0","PEORIA","0","Over Votes","400","16TH CONGRESS","KI01 - 20","0","11","","0"
"72","0","PEORIA","0","Under Votes","400","16TH CONGRESS","KI01 - 20","0","11","","0"
"72","0","PEORIA","0","Over Votes","400","16TH CONGRESS","KI01 - 23","0","11","","0"
"72","0","PEORIA","0","Under Votes","400","16TH CONGRESS","KI01 - 23","0","11","","0"
"72","0","PEORIA","0","Over Votes","400","16TH CONGRESS","KI02 - 26","0","11","","0"
"72","0","PEORIA","0","Under Votes","400","16TH CONGRESS","KI02 - 26","0","11","","0"
"72","0","PEORIA","0","Over Votes","400","16TH CONGRESS","ME02 - 55","0","11","","0"
"72","0","PEORIA","0","Under Votes","400","16TH CONGRESS","ME02 - 55","0","11","","0"
"72","0","PEORIA","0","Over Votes","400","16TH CONGRESS","PE51 - 139","0","11","","0"
"72","0","PEORIA","0","Under Votes","400","16TH CONGRESS","PE51 - 139","0","11","","0"
"72","0","PEORIA","0","Over Votes","400","16TH CONGRESS","PE51 - 142","0","11","","0"
"72","0","PEORIA","0","Under Votes","400","16TH CONGRESS","PE51 - 142","0","11","","0"
"72","0","PEORIA","0","Over Votes","400","16TH CONGRESS","PE52 - 145","0","11","","0"
"72","0","PEORIA","0","Under Votes","400","16TH CONGRESS","PE52 - 145","0","11","","0"
"72","0","PEORIA","0","Over Votes","400","16TH CONGRESS","PE65 - 168","0","11","","0"
"72","0","PEORIA","0","Under Votes","400","16TH CONGRESS","PE65 - 168","0","11","","0"
"72","0","PEORIA","0","Over Votes","400","16TH CONGRESS","RA01 - 171","0","11","","0"
"72","0","PEORIA","0","Under Votes","400","16TH CONGRESS","RA01 - 171","0","11","","0"
"72","0","PEORIA","0","Over Votes","400","16TH CONGRESS","RA02 - 174","0","11","","0"
"72","0","PEORIA","0","Under Votes","400","16TH CONGRESS","RA02 - 174","0","11","","0"
"72","0","PEORIA","0","Over Votes","400","16TH CONGRESS","CH03 - 5","0","11","","0"
"72","0","PEORIA","0","Under Votes","400","16TH CONGRESS","CH03 - 5","0","11","","0"
"72","0","PEORIA","0","Over Votes","400","16TH CONGRESS","CH06 - 8","0","11","","0"
"72","0","PEORIA","0","Under Votes","400","16TH CONGRESS","CH06 - 8","0","11","","0"
"72","0","PEORIA","0","Over Votes","400","16TH CONGRESS","PE47 - 127","0","11","","0"
"72","0","PEORIA","0","Under Votes","400","16TH CONGRESS","PE47 - 127","0","11","","0"
"72","0","PEORIA","0","Over Votes","400","16TH CONGRESS","PE47 - 130","0","11","","0"
"72","0","PEORIA","0","Under Votes","400","16TH CONGRESS","PE47 - 130","0","11","","0"
"72","0","PEORIA","0","Over Votes","400","16TH CONGRESS","PE48 - 133","0","11","","0"
"72","0","PEORIA","0","Under Votes","400","16TH CONGRESS","PE48 - 133","0","11","","0"
"72","0","PEORIA","0","Over Votes","400","16TH CONGRESS","PE49 - 136","0","11","","0"
"72","0","PEORIA","0","Under Votes","400","16TH CONGRESS","PE49 - 136","0","11","","0"
"72","0","PEORIA","0","Over Votes","400","16TH CONGRESS","PE58 - 156","0","11","","0"
"72","0","PEORIA","0","Under Votes","400","16TH CONGRESS","PE58 - 156","0","11","","0"
"72","0","PEORIA","0","Over Votes","400","16TH CONGRESS","PE59 - 159","0","11","","0"
"72","0","PEORIA","0","Under Votes","400","16TH CONGRESS","PE59 - 159","0","11","","0"
"72","0","PEORIA","0","Over Votes","400","16TH CONGRESS","PE62 - 162","0","11","","0"
"72","0","PEORIA","0","Under Votes","400","16TH CONGRESS","PE62 - 162","0","11","","0"
"72","0","PEORIA","0","Over Votes","400","16TH CONGRESS","PE64 - 165","0","11","","0"
"72","0","PEORIA","0","Under Votes","400","16TH CONGRESS","PE64 - 165","0","11","","0"
"72","0","PEORIA","0","Over Votes","400","16TH CONGRESS","CH01 - 3","0","11","","0"
"72","0","PEORIA","0","Under Votes","400","16TH CONGRESS","CH01 - 3","0","11","","0"
"72","0","PEORIA","0","Over Votes","400","16TH CONGRESS","CH04 - 6","0","11","","0"
"72","0","PEORIA","0","Under Votes","400","16TH CONGRESS","CH04 - 6","0","11","","0"
"72","0","PEORIA","0","Over Votes","400","16TH CONGRESS","LI02 - 29","0","11","","0"
"72","0","PEORIA","0","Under Votes","400","16TH CONGRESS","LI02 - 29","0","11","","0"
"72","0","PEORIA","0","Over Votes","400","16TH CONGRESS","ME03 - 58","0","11","","0"
"72","0","PEORIA","0","Under Votes","400","16TH CONGRESS","ME03 - 58","0","11","","0"
"72","0","PEORIA","0","Over Votes","400","16TH CONGRESS","MI01 - 61","0","11","","0"
"72","0","PEORIA","0","Under Votes","400","16TH CONGRESS","MI01 - 61","0","11","","0"
"72","0","PEORIA","0","Over Votes","400","16TH CONGRESS","PE44 - 122","0","11","","0"
"72","0","PEORIA","0","Under Votes","400","16TH CONGRESS","PE44 - 122","0","11","","0"
"72","0","PEORIA","0","Over Votes","400","16TH CONGRESS","PE45 - 125","0","11","","0"
"72","0","PEORIA","0","Under Votes","400","16TH CONGRESS","PE45 - 125","0","11","","0"
"72","0","PEORIA","0","Over Votes","400","16TH CONGRESS","PE47 - 128","0","11","","0"
"72","0","PEORIA","0","Under Votes","400","16TH CONGRESS","PE47 - 128","0","11","","0"
"72","0","PEORIA","0","Over Votes","400","16TH CONGRESS","PE57 - 154","0","11","","0"
"72","0","PEORIA","0","Under Votes","400","16TH CONGRESS","PE57 - 154","0","11","","0"
"72","0","PEORIA","0","Over Votes","400","16TH CONGRESS","PE58 - 157","0","11","","0"
"72","0","PEORIA","0","Under Votes","400","16TH CONGRESS","PE58 - 157","0","11","","0"
"63","0","McHENRY","0","Blank Ballots","400","16TH CONGRESS","Chemung CHE 01","778","11","DEMOCRATIC","74"
"63","0","McHENRY","0","Over Votes","400","16TH CONGRESS","Chemung CHE 01","778","11","DEMOCRATIC","0"
"63","0","McHENRY","0","Blank Ballots","400","16TH CONGRESS","Chemung CHE 04","747","11","DEMOCRATIC","29"
"63","0","McHENRY","0","Over Votes","400","16TH CONGRESS","Chemung CHE 04","747","11","DEMOCRATIC","0"
"63","0","McHENRY","0","Blank Ballots","400","16TH CONGRESS","Dunham DUN 01","644","11","DEMOCRATIC","53"
"63","0","McHENRY","0","Over Votes","400","16TH CONGRESS","Dunham DUN 01","644","11","DEMOCRATIC","0"
"63","0","McHENRY","0","Blank Ballots","400","16TH CONGRESS","Chemung CHE 05","697","11","DEMOCRATIC","46"
"63","0","McHENRY","0","Over Votes","400","16TH CONGRESS","Chemung CHE 05","697","11","DEMOCRATIC","0"
"63","0","McHENRY","0","Blank Ballots","400","16TH CONGRESS","Hartland HAR 02","696","11","DEMOCRATIC","73"
"63","0","McHENRY","0","Over Votes","400","16TH CONGRESS","Hartland HAR 02","696","11","DEMOCRATIC","0"
"63","0","McHENRY","0","Blank Ballots","400","16TH CONGRESS","Dunham DUN 02","670","11","DEMOCRATIC","63"
"63","0","McHENRY","0","Over Votes","400","16TH CONGRESS","Dunham DUN 02","670","11","DEMOCRATIC","0"
"63","0","McHENRY","0","Blank Ballots","400","16TH CONGRESS","Alden ALD 01","971","11","DEMOCRATIC","85"
"63","0","McHENRY","0","Over Votes","400","16TH CONGRESS","Alden ALD 01","971","11","DEMOCRATIC","0"
"63","0","McHENRY","0","Blank Ballots","400","16TH CONGRESS","Chemung CHE 03","669","11","DEMOCRATIC","38"
"63","0","McHENRY","0","Over Votes","400","16TH CONGRESS","Chemung CHE 03","669","11","DEMOCRATIC","0"
"63","0","McHENRY","0","Blank Ballots","400","16TH CONGRESS","Hartland HAR 01","687","11","DEMOCRATIC","30"
"63","0","McHENRY","0","Over Votes","400","16TH CONGRESS","Hartland HAR 01","687","11","DEMOCRATIC","0"
"63","0","McHENRY","0","Blank Ballots","400","16TH CONGRESS","Chemung CHE 02","842","11","DEMOCRATIC","28"
"63","0","McHENRY","0","Over Votes","400","16TH CONGRESS","Chemung CHE 02","842","11","DEMOCRATIC","0"
"50","0","LaSALLE","0","Under Votes","400","16TH CONGRESS","ALLEN","357","11","DEMOCRATIC","0"
"50","0","LaSALLE","0","Blank Ballots","400","16TH CONGRESS","ALLEN","357","11","DEMOCRATIC","0"
"50","0","LaSALLE","0","Over Votes","400","16TH CONGRESS","ALLEN","357","11","DEMOCRATIC","0"
"50","0","LaSALLE","0","Blank Ballots","400","16TH CONGRESS","BRUCE 3","544","11","DEMOCRATIC","0"
"50","0","LaSALLE","0","Over Votes","400","16TH CONGRESS","BRUCE 3","544","11","DEMOCRATIC","0"
"50","0","LaSALLE","0","Under Votes","400","16TH CONGRESS","BRUCE 3","544","11","DEMOCRATIC","0"
"50","0","LaSALLE","0","Blank Ballots","400","16TH CONGRESS","BRUCE 10","1198","11","DEMOCRATIC","0"
"50","0","LaSALLE","0","Over Votes","400","16TH CONGRESS","BRUCE 10","1198","11","DEMOCRATIC","0"
"50","0","LaSALLE","0","Under Votes","400","16TH CONGRESS","BRUCE 10","1198","11","DEMOCRATIC","0"
"50","0","LaSALLE","0","Under Votes","400","16TH CONGRESS","EAGLE 1","579","11","DEMOCRATIC","0"
"50","0","LaSALLE","0","Blank Ballots","400","16TH CONGRESS","EAGLE 1","579","11","DEMOCRATIC","0"
"50","0","LaSALLE","0","Over Votes","400","16TH CONGRESS","EAGLE 1","579","11","DEMOCRATIC","0"
"50","0","LaSALLE","0","Blank Ballots","400","16TH CONGRESS","GROVELAND","375","11","DEMOCRATIC","0"
"50","0","LaSALLE","0","Over Votes","400","16TH CONGRESS","GROVELAND","375","11","DEMOCRATIC","0"
"50","0","LaSALLE","0","Under Votes","400","16TH CONGRESS","GROVELAND","375","11","DEMOCRATIC","0"
"50","0","LaSALLE","0","Blank Ballots","400","16TH CONGRESS","OTTER CREEK 1","291","11","DEMOCRATIC","0"
"50","0","LaSALLE","0","Over Votes","400","16TH CONGRESS","OTTER CREEK 1","291","11","DEMOCRATIC","0"
"50","0","LaSALLE","0","Under Votes","400","16TH CONGRESS","OTTER CREEK 1","291","11","DEMOCRATIC","0"
"50","0","LaSALLE","0","Blank Ballots","400","16TH CONGRESS","BRUCE 2","576","11","DEMOCRATIC","0"
"50","0","LaSALLE","0","Over Votes","400","16TH CONGRESS","BRUCE 2","576","11","DEMOCRATIC","0"
"50","0","LaSALLE","0","Under Votes","400","16TH CONGRESS","BRUCE 2","576","11","DEMOCRATIC","0"
"50","0","LaSALLE","0","Blank Ballots","400","16TH CONGRESS","BRUCE 9","629","11","DEMOCRATIC","0"
"50","0","LaSALLE","0","Over Votes","400","16TH CONGRESS","BRUCE 9","629","11","DEMOCRATIC","0"
"50","0","LaSALLE","0","Under Votes","400","16TH CONGRESS","BRUCE 9","629","11","DEMOCRATIC","0"
"50","0","LaSALLE","0","Blank Ballots","400","16TH CONGRESS","GRAND RAPIDS","206","11","DEMOCRATIC","0"
"50","0","LaSALLE","0","Over Votes","400","16TH CONGRESS","GRAND RAPIDS","206","11","DEMOCRATIC","0"
"50","0","LaSALLE","0","Under Votes","400","16TH CONGRESS","GRAND RAPIDS","206","11","DEMOCRATIC","0"
"50","0","LaSALLE","0","Blank Ballots","400","16TH CONGRESS","BRUCE 5","667","11","DEMOCRATIC","0"
"50","0","LaSALLE","0","Over Votes","400","16TH CONGRESS","BRUCE 5","667","11","DEMOCRATIC","0"
"50","0","LaSALLE","0","Under Votes","400","16TH CONGRESS","BRUCE 5","667","11","DEMOCRATIC","0"
"50","0","LaSALLE","0","Under Votes","400","16TH CONGRESS","OTTER CREEK 3","688","11","DEMOCRATIC","0"
"50","0","LaSALLE","0","Blank Ballots","400","16TH CONGRESS","OTTER CREEK 3","688","11","DEMOCRATIC","0"
"50","0","LaSALLE","0","Over Votes","400","16TH CONGRESS","OTTER CREEK 3","688","11","DEMOCRATIC","0"
"50","0","LaSALLE","0","Blank Ballots","400","16TH CONGRESS","VERMILLION","275","11","DEMOCRATIC","0"
"50","0","LaSALLE","0","Over Votes","400","16TH CONGRESS","VERMILLION","275","11","DEMOCRATIC","0"
"50","0","LaSALLE","0","Under Votes","400","16TH CONGRESS","VERMILLION","275","11","DEMOCRATIC","0"
"50","0","LaSALLE","0","Blank Ballots","400","16TH CONGRESS","BROOKFIELD","694","11","DEMOCRATIC","0"
"50","0","LaSALLE","0","Over Votes","400","16TH CONGRESS","BROOKFIELD","694","11","DEMOCRATIC","0"
"50","0","LaSALLE","0","Under Votes","400","16TH CONGRESS","BROOKFIELD","694","11","DEMOCRATIC","0"
"50","0","LaSALLE","0","Under Votes","400","16TH CONGRESS","BRUCE 11","327","11","DEMOCRATIC","0"
"50","0","LaSALLE","0","Blank Ballots","400","16TH CONGRESS","BRUCE 11","327","11","DEMOCRATIC","0"
"50","0","LaSALLE","0","Over Votes","400","16TH CONGRESS","BRUCE 11","327","11","DEMOCRATIC","0"
"50","0","LaSALLE","0","Under Votes","400","16TH CONGRESS","EAGLE 2","256","11","DEMOCRATIC","0"
"50","0","LaSALLE","0","Blank Ballots","400","16TH CONGRESS","EAGLE 2","256","11","DEMOCRATIC","0"
"50","0","LaSALLE","0","Over Votes","400","16TH CONGRESS","EAGLE 2","256","11","DEMOCRATIC","0"
"50","0","LaSALLE","0","Under Votes","400","16TH CONGRESS","HOPE","399","11","DEMOCRATIC","0"
"50","0","LaSALLE","0","Blank Ballots","400","16TH CONGRESS","HOPE","399","11","DEMOCRATIC","0"
"50","0","LaSALLE","0","Over Votes","400","16TH CONGRESS","HOPE","399","11","DEMOCRATIC","0"
"50","0","LaSALLE","0","Under Votes","400","16TH CONGRESS","OTTER CREEK 2","806","11","DEMOCRATIC","0"
"50","0","LaSALLE","0","Blank Ballots","400","16TH CONGRESS","OTTER CREEK 2","806","11","DEMOCRATIC","0"
"50","0","LaSALLE","0","Over Votes","400","16TH CONGRESS","OTTER CREEK 2","806","11","DEMOCRATIC","0"
"50","0","LaSALLE","0","Under Votes","400","16TH CONGRESS","BRUCE 6","856","11","DEMOCRATIC","0"
"50","0","LaSALLE","0","Blank Ballots","400","16TH CONGRESS","BRUCE 6","856","11","DEMOCRATIC","0"
"50","0","LaSALLE","0","Over Votes","400","16TH CONGRESS","BRUCE 6","856","11","DEMOCRATIC","0"
"50","0","LaSALLE","0","Under Votes","400","16TH CONGRESS","FALL RIVER","574","11","DEMOCRATIC","0"
"50","0","LaSALLE","0","Blank Ballots","400","16TH CONGRESS","FALL RIVER","574","11","DEMOCRATIC","0"
"50","0","LaSALLE","0","Over Votes","400","16TH CONGRESS","FALL RIVER","574","11","DEMOCRATIC","0"
"50","0","LaSALLE","0","Blank Ballots","400","16TH CONGRESS","RICHLAND","235","11","DEMOCRATIC","0"
"50","0","LaSALLE","0","Over Votes","400","16TH CONGRESS","RICHLAND","235","11","DEMOCRATIC","0"
"50","0","LaSALLE","0","Under Votes","400","16TH CONGRESS","RICHLAND","235","11","DEMOCRATIC","0"
"50","0","LaSALLE","0","Under Votes","400","16TH CONGRESS","BRUCE 1","555","11","DEMOCRATIC","0"
"50","0","LaSALLE","0","Blank Ballots","400","16TH CONGRESS","BRUCE 1","555","11","DEMOCRATIC","0"
"50","0","LaSALLE","0","Over Votes","400","16TH CONGRESS","BRUCE 1","555","11","DEMOCRATIC","0"
"50","0","LaSALLE","0","Under Votes","400","16TH CONGRESS","BRUCE 8","412","11","DEMOCRATIC","0"
"50","0","LaSALLE","0","Blank Ballots","400","16TH CONGRESS","BRUCE 8","412","11","DEMOCRATIC","0"
"50","0","LaSALLE","0","Over Votes","400","16TH CONGRESS","BRUCE 8","412","11","DEMOCRATIC","0"
"50","0","LaSALLE","0","Under Votes","400","16TH CONGRESS","BRUCE 12","519","11","DEMOCRATIC","0"
"50","0","LaSALLE","0","Blank Ballots","400","16TH CONGRESS","BRUCE 12","519","11","DEMOCRATIC","0"
"50","0","LaSALLE","0","Over Votes","400","16TH CONGRESS","BRUCE 12","519","11","DEMOCRATIC","0"
"50","0","LaSALLE","0","Under Votes","400","16TH CONGRESS","EAGLE 3","220","11","DEMOCRATIC","0"
"50","0","LaSALLE","0","Blank Ballots","400","16TH CONGRESS","EAGLE 3","220","11","DEMOCRATIC","0"
"50","0","LaSALLE","0","Over Votes","400","16TH CONGRESS","EAGLE 3","220","11","DEMOCRATIC","0"
"50","0","LaSALLE","0","Blank Ballots","400","16TH CONGRESS","EDEN 1","644","11","DEMOCRATIC","0"
"50","0","LaSALLE","0","Over Votes","400","16TH CONGRESS","EDEN 1","644","11","DEMOCRATIC","0"
"50","0","LaSALLE","0","Blank Ballots","400","16TH CONGRESS","BRUCE 7","403","11","DEMOCRATIC","0"
"50","0","LaSALLE","0","Over Votes","400","16TH CONGRESS","BRUCE 7","403","11","DEMOCRATIC","0"
"50","0","LaSALLE","0","Under Votes","400","16TH CONGRESS","BRUCE 7","403","11","DEMOCRATIC","0"
"50","0","LaSALLE","0","Blank Ballots","400","16TH CONGRESS","FARM RIDGE","603","11","DEMOCRATIC","0"
"50","0","LaSALLE","0","Over Votes","400","16TH CONGRESS","FARM RIDGE","603","11","DEMOCRATIC","0"
"50","0","LaSALLE","0","Under Votes","400","16TH CONGRESS","FARM RIDGE","603","11","DEMOCRATIC","0"
"50","0","LaSALLE","0","Blank Ballots","400","16TH CONGRESS","OSAGE","135","11","DEMOCRATIC","0"
"50","0","LaSALLE","0","Over Votes","400","16TH CONGRESS","OSAGE","135","11","DEMOCRATIC","0"
"50","0","LaSALLE","0","Under Votes","400","16TH CONGRESS","OSAGE","135","11","DEMOCRATIC","0"
"50","0","LaSALLE","0","Under Votes","400","16TH CONGRESS","BRUCE 4","363","11","DEMOCRATIC","0"
"50","0","LaSALLE","0","Blank Ballots","400","16TH CONGRESS","BRUCE 4","363","11","DEMOCRATIC","0"
"50","0","LaSALLE","0","Over Votes","400","16TH CONGRESS","BRUCE 4","363","11","DEMOCRATIC","0"
"50","0","LaSALLE","0","Under Votes","400","16TH CONGRESS","DEER PARK","377","11","DEMOCRATIC","0"
"50","0","LaSALLE","0","Blank Ballots","400","16TH CONGRESS","DEER PARK","377","11","DEMOCRATIC","0"
"50","0","LaSALLE","0","Over Votes","400","16TH CONGRESS","DEER PARK","377","11","DEMOCRATIC","0"
"50","0","LaSALLE","0","Under Votes","400","16TH CONGRESS","EDEN 1","644","11","DEMOCRATIC","0"
