level	page_num	par_num	block_num	line_num	word_num	left	top	width	height	conf	text
1	1	0	0	0	0	0.000000	0.000000	792.000000	612.000000	-1	###PAGE###
3	1	0	0	0	0	270.479880	216.146188	251.100141	32.390776	-1	###FLOW###
4	1	0	0	0	0	299.759876	216.146188	192.558297	15.950760	-1	###LINE###
5	1	0	0	0	0	299.76	216.15	106.69	15.95	100	Commonwealth
5	1	0	0	0	1	410.40	216.15	13.50	15.95	100	of
5	1	0	0	0	2	427.92	216.15	64.40	15.95	100	Kentucky
4	1	0	0	1	0	270.479880	232.586204	251.100141	15.950760	-1	###LINE###
5	1	0	0	1	0	270.48	232.59	52.29	15.95	100	Michael
5	1	0	0	1	1	326.63	232.59	15.09	15.95	100	G.
5	1	0	0	1	2	345.60	232.59	51.06	15.95	100	Adams,
5	1	0	0	1	3	400.56	232.59	64.88	15.95	100	Secretary
5	1	0	0	1	4	469.19	232.59	13.50	15.95	100	of
5	1	0	0	1	5	486.60	232.59	34.98	15.95	100	State
3	1	0	1	0	0	267.959877	281.906191	256.152775	32.390746	-1	###FLOW###
4	1	0	1	0	0	352.439851	281.906191	87.154350	15.950760	-1	###LINE###
5	1	0	1	0	0	352.44	281.91	27.84	15.95	100	May
5	1	0	1	0	1	384.00	281.91	19.88	15.95	100	19,
5	1	0	1	0	2	407.76	281.91	31.83	15.95	100	2026
4	1	0	1	1	0	267.959877	298.346177	256.152775	15.950760	-1	###LINE###
5	1	0	1	1	0	267.96	298.35	48.47	15.95	100	Official
5	1	0	1	1	1	320.40	298.35	31.83	15.95	100	2026
5	1	0	1	1	2	356.04	298.35	53.12	15.95	100	Primary
5	1	0	1	1	3	412.91	298.35	55.61	15.95	100	Election
5	1	0	1	1	4	472.44	298.35	51.67	15.95	100	Results
3	1	0	2	0	0	321.719866	347.666194	148.530249	32.390746	-1	###FLOW###
4	1	0	2	0	0	341.879862	347.666194	108.051928	15.950760	-1	###LINE###
5	1	0	2	0	0	341.88	347.67	23.03	15.95	100	For
5	1	0	2	0	1	368.87	347.67	21.46	15.95	100	the
5	1	0	2	0	2	394.32	347.67	38.15	15.95	100	office
5	1	0	2	0	3	436.43	347.67	13.50	15.95	100	of
4	1	0	2	1	0	321.719866	364.106180	148.530249	15.950760	-1	###LINE###
5	1	0	2	1	0	321.72	364.11	44.49	15.95	100	United
5	1	0	2	1	1	370.20	364.11	42.94	15.95	100	States
5	1	0	2	1	2	417.00	364.11	53.25	15.95	100	Senator
1	2	0	0	0	0	0.000000	0.000000	792.000000	612.000000	-1	###PAGE###
3	2	0	0	0	0	35.999984	54.115290	161.717484	13.404001	-1	###FLOW###
4	2	0	0	0	0	35.999984	54.115290	161.717484	13.404001	-1	###LINE###
5	2	0	0	0	0	36.00	54.12	89.61	13.40	100	Commonwealth
5	2	0	0	0	1	128.96	54.12	11.34	13.40	100	of
5	2	0	0	0	2	143.60	54.12	54.11	13.40	100	Kentucky
3	2	1	0	0	0	289.919866	54.115290	212.006871	13.404001	-1	###FLOW###
4	2	1	0	0	0	289.919866	54.115290	212.006871	13.404001	-1	###LINE###
5	2	1	0	0	0	289.92	54.12	44.08	13.40	100	Michael
5	2	1	0	0	1	337.41	54.12	12.68	13.40	100	G.
5	2	1	0	0	2	353.49	54.12	43.05	13.40	100	Adams,
5	2	1	0	0	3	399.93	54.12	54.93	13.40	100	Secretary
5	2	1	0	0	4	457.88	54.12	11.34	13.40	100	of
5	2	1	0	0	5	472.53	54.12	29.40	13.40	100	State
3	2	2	0	0	0	584.279730	54.115290	171.664703	13.404001	-1	###FLOW###
4	2	2	0	0	0	584.279730	54.115290	171.664703	13.404001	-1	###LINE###
5	2	2	0	0	0	584.28	54.12	26.75	13.40	100	2026
5	2	2	0	0	1	614.48	54.12	44.77	13.40	100	Primary
5	2	2	0	0	2	662.37	54.12	46.85	13.40	100	Election
5	2	2	0	0	3	712.52	54.12	43.42	13.40	100	Results
3	2	3	0	0	0	333.479840	111.955306	124.875487	27.204012	-1	###FLOW###
4	2	3	0	0	0	333.479840	111.955306	124.875487	13.404001	-1	###LINE###
5	2	3	0	0	0	333.48	111.96	37.38	13.40	100	United
5	2	3	0	0	1	374.12	111.96	36.08	13.40	100	States
5	2	3	0	0	2	413.61	111.96	44.74	13.40	100	Senator
4	2	3	0	1	0	347.039839	125.755316	98.197214	13.404001	-1	###LINE###
5	2	3	0	1	0	347.04	125.76	64.76	13.40	100	Republican
5	2	3	0	1	1	415.17	125.76	30.07	13.40	100	Party
3	2	4	0	0	0	134.114399	195.240022	24.202638	24.854041	-1	###FLOW###
4	2	4	0	0	0	147.434396	196.320016	10.882642	22.696201	-1	###LINE###
5	2	4	0	0	0	147.43	196.32	10.88	22.70	100	Andy
4	2	4	0	1	0	134.114399	195.240022	10.882642	24.854041	-1	###LINE###
5	2	4	0	1	0	134.11	195.24	10.88	24.85	100	BARR
3	2	5	0	0	0	192.914366	171.720021	24.202637	46.973763	-1	###FLOW###
4	2	5	0	0	0	206.234362	191.400024	10.882642	27.293761	-1	###LINE###
5	2	5	0	0	0	206.23	191.40	10.88	27.29	100	Daniel
4	2	5	0	1	0	192.914366	171.720021	10.882642	46.772641	-1	###LINE###
5	2	5	0	1	0	192.91	171.72	10.88	46.77	100	CAMERON
3	2	6	0	0	0	251.714347	155.040014	24.202637	64.472762	-1	###FLOW###
4	2	6	0	0	0	265.034342	155.040014	10.882642	64.472762	-1	###LINE###
5	2	6	0	0	0	265.03	155.04	10.88	33.76	100	Michael
5	2	6	0	0	1	265.03	192.51	10.88	27.00	100	James
4	2	6	0	1	0	251.714347	194.040029	10.882642	24.741092	-1	###LINE###
5	2	6	0	1	0	251.71	194.04	10.88	9.90	100	FA
5	2	6	0	1	1	251.71	205.17	10.88	13.61	100	RIS
3	2	7	0	0	0	310.514312	153.960019	24.202638	65.211730	-1	###FLOW###
4	2	7	0	0	0	323.834308	186.600027	10.882642	32.571721	-1	###LINE###
5	2	7	0	0	0	323.83	186.60	10.88	32.57	100	George
4	2	7	0	1	0	310.514312	153.960019	10.882642	64.492202	-1	###LINE###
5	2	7	0	1	0	310.51	153.96	10.88	64.49	100	WASHINGTON
3	2	8	0	0	0	369.314278	150.600005	24.202637	69.021123	-1	###FLOW###
4	2	8	0	0	0	382.634274	150.600005	10.882642	67.845602	-1	###LINE###
5	2	8	0	0	0	382.63	150.60	10.88	29.94	100	Valerie
5	2	8	0	0	1	382.63	183.75	10.88	14.08	100	"Dr
5	2	8	0	0	2	382.63	201.47	10.88	16.97	100	Val"
4	2	8	0	1	0	369.314278	175.920007	10.882642	43.701121	-1	###LINE###
5	2	8	0	1	0	369.31	175.92	10.88	43.70	100	FREDRICK
3	2	9	0	0	0	428.114275	181.320015	24.202637	37.989138	-1	###FLOW###
4	2	9	0	0	0	441.434270	191.160032	10.882642	28.149121	-1	###LINE###
5	2	9	0	0	0	441.43	191.16	10.88	28.15	100	Anissa
4	2	9	0	1	0	428.114275	181.320015	10.882642	37.126996	-1	###LINE###
5	2	9	0	1	0	428.11	181.32	10.88	11.22	100	CA
5	2	9	0	1	1	428.11	193.77	10.88	24.68	100	TLETT
3	2	10	0	0	0	486.914240	177.840007	24.202638	41.671822	-1	###FLOW###
4	2	10	0	0	0	500.234236	180.000027	10.882642	39.511801	-1	###LINE###
5	2	10	0	0	0	500.23	180.00	10.88	27.00	100	James
5	2	10	0	0	1	500.23	209.80	10.88	9.71	100	D.
4	2	10	0	1	0	486.914240	177.840007	10.882642	40.658761	-1	###LINE###
5	2	10	0	1	0	486.91	177.84	10.88	40.66	100	DUNCAN
3	2	11	0	0	0	545.714176	164.760033	24.202637	55.095233	-1	###FLOW###
4	2	11	0	0	0	559.034172	164.760033	10.882642	54.645842	-1	###LINE###
5	2	11	0	0	0	559.03	164.76	10.88	39.40	100	Jonathan
5	2	11	0	0	1	559.03	207.86	10.88	11.55	100	M.
4	2	11	0	1	0	545.714176	173.520025	10.882642	46.335241	-1	###LINE###
5	2	11	0	1	0	545.71	173.52	10.88	46.34	100	HOLLIDAY
3	2	12	0	0	0	604.514171	181.680034	24.202638	37.191470	-1	###FLOW###
4	2	12	0	0	0	617.834168	187.680022	10.882642	31.191481	-1	###LINE###
5	2	12	0	0	0	617.83	187.68	10.88	9.03	100	A.
5	2	12	0	0	1	617.83	199.65	10.88	19.23	100	Nick
4	2	12	0	1	0	604.514171	181.680034	10.882642	36.835201	-1	###LINE###
5	2	12	0	1	0	604.51	181.68	10.88	10.81	100	SH
5	2	12	0	1	1	604.51	194.00	10.88	24.51	100	ELLEY
3	2	13	0	0	0	663.314169	158.520022	24.202637	61.123325	-1	###FLOW###
4	2	13	0	0	0	676.634164	158.520022	10.882642	59.875202	-1	###LINE###
5	2	13	0	0	0	676.63	158.52	10.88	24.90	100	Other
5	2	13	0	0	1	676.63	187.13	10.88	31.27	100	Donald
4	2	13	0	1	0	663.314169	181.920027	10.882642	37.723321	-1	###LINE###
5	2	13	0	1	0	663.31	181.92	10.88	37.72	100	WENZEL
3	2	14	0	0	0	722.114104	183.000022	24.202637	36.508321	-1	###FLOW###
4	2	14	0	0	0	735.434100	183.000022	10.882642	36.508321	-1	###LINE###
5	2	14	0	0	0	735.43	183.00	10.88	27.72	100	Jimmy
5	2	14	0	0	1	735.43	214.12	10.88	5.38	100	I.
4	2	14	0	1	0	722.114104	194.280022	10.882642	24.261121	-1	###LINE###
5	2	14	0	1	0	722.11	194.28	10.88	24.26	100	LEON
3	2	15	0	0	0	46.319981	229.420579	15.640347	7.506241	-1	###FLOW###
4	2	15	0	0	0	46.319981	229.420579	15.640347	7.506241	-1	###LINE###
5	2	15	0	0	0	46.32	229.42	15.64	7.51	100	Adair
3	2	16	0	0	0	140.879939	229.420579	16.846042	7.506241	-1	###FLOW###
4	2	16	0	0	0	140.879939	229.420579	16.846042	7.506241	-1	###LINE###
5	2	16	0	0	0	140.88	229.42	16.85	7.51	100	2,757
3	2	17	0	0	0	199.679905	229.420579	16.846042	7.506241	-1	###FLOW###
4	2	17	0	0	0	199.679905	229.420579	16.846042	7.506241	-1	###LINE###
5	2	17	0	0	0	199.68	229.42	16.85	7.51	100	1,271
3	2	18	0	0	0	267.839875	229.420579	7.490123	7.506241	-1	###FLOW###
4	2	18	0	0	0	267.839875	229.420579	7.490123	7.506241	-1	###LINE###
5	2	18	0	0	0	267.84	229.42	7.49	7.51	100	47
3	2	19	0	0	0	326.639840	229.420579	7.490123	7.506241	-1	###FLOW###
4	2	19	0	0	0	326.639840	229.420579	7.490123	7.506241	-1	###LINE###
5	2	19	0	0	0	326.64	229.42	7.49	7.51	100	62
3	2	20	0	0	0	385.439837	229.420579	7.490123	7.506241	-1	###FLOW###
4	2	20	0	0	0	385.439837	229.420579	7.490123	7.506241	-1	###LINE###
5	2	20	0	0	0	385.44	229.42	7.49	7.51	100	21
3	2	21	0	0	0	444.239803	229.420579	7.490123	7.506241	-1	###FLOW###
4	2	21	0	0	0	444.239803	229.420579	7.490123	7.506241	-1	###LINE###
5	2	21	0	0	0	444.24	229.42	7.49	7.51	100	24
3	2	22	0	0	0	503.039768	229.420579	7.490123	7.506241	-1	###FLOW###
4	2	22	0	0	0	503.039768	229.420579	7.490123	7.506241	-1	###LINE###
5	2	22	0	0	0	503.04	229.42	7.49	7.51	100	32
3	2	23	0	0	0	561.839734	229.420579	7.490123	7.506241	-1	###FLOW###
4	2	23	0	0	0	561.839734	229.420579	7.490123	7.506241	-1	###LINE###
5	2	23	0	0	0	561.84	229.42	7.49	7.51	100	27
3	2	24	0	0	0	620.639731	229.420579	7.490123	7.506241	-1	###FLOW###
4	2	24	0	0	0	620.639731	229.420579	7.490123	7.506241	-1	###LINE###
5	2	24	0	0	0	620.64	229.42	7.49	7.51	100	22
3	2	25	0	0	0	679.439666	229.420579	7.490123	7.506241	-1	###FLOW###
4	2	25	0	0	0	679.439666	229.420579	7.490123	7.506241	-1	###LINE###
5	2	25	0	0	0	679.44	229.42	7.49	7.51	100	16
3	2	26	0	0	0	741.959651	229.420579	3.745062	7.506241	-1	###FLOW###
4	2	26	0	0	0	741.959651	229.420579	3.745062	7.506241	-1	###LINE###
5	2	26	0	0	0	741.96	229.42	3.75	7.51	100	6
3	2	27	0	0	0	46.319981	241.660578	14.569368	7.506241	-1	###FLOW###
4	2	27	0	0	0	46.319981	241.660578	14.569368	7.506241	-1	###LINE###
5	2	27	0	0	0	46.32	241.66	14.57	7.51	100	Allen
3	2	28	0	0	0	140.879939	241.660578	16.846042	7.506241	-1	###FLOW###
4	2	28	0	0	0	140.879939	241.660578	16.846042	7.506241	-1	###LINE###
5	2	28	0	0	0	140.88	241.66	16.85	7.51	100	1,906
3	2	29	0	0	0	199.679905	241.660578	16.846042	7.506241	-1	###FLOW###
4	2	29	0	0	0	199.679905	241.660578	16.846042	7.506241	-1	###LINE###
5	2	29	0	0	0	199.68	241.66	16.85	7.51	100	1,084
3	2	30	0	0	0	267.839875	241.660578	7.490123	7.506241	-1	###FLOW###
4	2	30	0	0	0	267.839875	241.660578	7.490123	7.506241	-1	###LINE###
5	2	30	0	0	0	267.84	241.66	7.49	7.51	100	51
3	2	31	0	0	0	326.639840	241.660578	7.490123	7.506241	-1	###FLOW###
4	2	31	0	0	0	326.639840	241.660578	7.490123	7.506241	-1	###LINE###
5	2	31	0	0	0	326.64	241.66	7.49	7.51	100	43
3	2	32	0	0	0	385.439837	241.660578	7.490123	7.506241	-1	###FLOW###
4	2	32	0	0	0	385.439837	241.660578	7.490123	7.506241	-1	###LINE###
5	2	32	0	0	0	385.44	241.66	7.49	7.51	100	31
3	2	33	0	0	0	444.239803	241.660578	7.490123	7.506241	-1	###FLOW###
4	2	33	0	0	0	444.239803	241.660578	7.490123	7.506241	-1	###LINE###
5	2	33	0	0	0	444.24	241.66	7.49	7.51	100	28
3	2	34	0	0	0	503.039768	241.660578	7.490123	7.506241	-1	###FLOW###
4	2	34	0	0	0	503.039768	241.660578	7.490123	7.506241	-1	###LINE###
5	2	34	0	0	0	503.04	241.66	7.49	7.51	100	25
3	2	35	0	0	0	561.839734	241.660578	7.490123	7.506241	-1	###FLOW###
4	2	35	0	0	0	561.839734	241.660578	7.490123	7.506241	-1	###LINE###
5	2	35	0	0	0	561.84	241.66	7.49	7.51	100	28
3	2	36	0	0	0	624.359720	241.660578	3.745062	7.506241	-1	###FLOW###
4	2	36	0	0	0	624.359720	241.660578	3.745062	7.506241	-1	###LINE###
5	2	36	0	0	0	624.36	241.66	3.75	7.51	100	6
3	2	37	0	0	0	683.159716	241.660578	3.745062	7.506241	-1	###FLOW###
4	2	37	0	0	0	683.159716	241.660578	3.745062	7.506241	-1	###LINE###
5	2	37	0	0	0	683.16	241.66	3.75	7.51	100	9
3	2	38	0	0	0	741.959651	241.660578	3.745062	7.506241	-1	###FLOW###
4	2	38	0	0	0	741.959651	241.660578	3.745062	7.506241	-1	###LINE###
5	2	38	0	0	0	741.96	241.66	3.75	7.51	100	8
3	2	39	0	0	0	46.319981	254.020605	28.748063	7.506241	-1	###FLOW###
4	2	39	0	0	0	46.319981	254.020605	28.748063	7.506241	-1	###LINE###
5	2	39	0	0	0	46.32	254.02	28.75	7.51	100	Anderson
3	2	40	0	0	0	140.879939	254.020605	16.846042	7.506241	-1	###FLOW###
4	2	40	0	0	0	140.879939	254.020605	16.846042	7.506241	-1	###LINE###
5	2	40	0	0	0	140.88	254.02	16.85	7.51	100	2,625
3	2	41	0	0	0	205.319905	254.020605	11.235185	7.506241	-1	###FLOW###
4	2	41	0	0	0	205.319905	254.020605	11.235185	7.506241	-1	###LINE###
5	2	41	0	0	0	205.32	254.02	11.24	7.51	100	912
3	2	42	0	0	0	267.839875	254.020605	7.490123	7.506241	-1	###FLOW###
4	2	42	0	0	0	267.839875	254.020605	7.490123	7.506241	-1	###LINE###
5	2	42	0	0	0	267.84	254.02	7.49	7.51	100	51
3	2	43	0	0	0	326.639840	254.020605	7.490123	7.506241	-1	###FLOW###
4	2	43	0	0	0	326.639840	254.020605	7.490123	7.506241	-1	###LINE###
5	2	43	0	0	0	326.64	254.02	7.49	7.51	100	51
3	2	44	0	0	0	385.439837	254.020605	7.490123	7.506241	-1	###FLOW###
4	2	44	0	0	0	385.439837	254.020605	7.490123	7.506241	-1	###LINE###
5	2	44	0	0	0	385.44	254.02	7.49	7.51	100	37
3	2	45	0	0	0	444.239803	254.020605	7.490123	7.506241	-1	###FLOW###
4	2	45	0	0	0	444.239803	254.020605	7.490123	7.506241	-1	###LINE###
5	2	45	0	0	0	444.24	254.02	7.49	7.51	100	37
3	2	46	0	0	0	503.039768	254.020605	7.490123	7.506241	-1	###FLOW###
4	2	46	0	0	0	503.039768	254.020605	7.490123	7.506241	-1	###LINE###
5	2	46	0	0	0	503.04	254.02	7.49	7.51	100	31
3	2	47	0	0	0	561.839734	254.020605	7.490123	7.506241	-1	###FLOW###
4	2	47	0	0	0	561.839734	254.020605	7.490123	7.506241	-1	###LINE###
5	2	47	0	0	0	561.84	254.02	7.49	7.51	100	22
3	2	48	0	0	0	620.639731	254.020605	7.490123	7.506241	-1	###FLOW###
4	2	48	0	0	0	620.639731	254.020605	7.490123	7.506241	-1	###LINE###
5	2	48	0	0	0	620.64	254.02	7.49	7.51	100	26
3	2	49	0	0	0	683.159716	254.020605	3.745062	7.506241	-1	###FLOW###
4	2	49	0	0	0	683.159716	254.020605	3.745062	7.506241	-1	###LINE###
5	2	49	0	0	0	683.16	254.02	3.75	7.51	100	9
3	2	50	0	0	0	741.959651	254.020605	3.745062	7.506241	-1	###FLOW###
4	2	50	0	0	0	741.959651	254.020605	3.745062	7.506241	-1	###LINE###
5	2	50	0	0	0	741.96	254.02	3.75	7.51	100	7
3	2	51	0	0	0	46.319981	266.260574	20.530482	7.506241	-1	###FLOW###
4	2	51	0	0	0	46.319981	266.260574	20.530482	7.506241	-1	###LINE###
5	2	51	0	0	0	46.32	266.26	20.53	7.51	100	Ballard
3	2	52	0	0	0	146.519939	266.260574	11.235185	7.506241	-1	###FLOW###
4	2	52	0	0	0	146.519939	266.260574	11.235185	7.506241	-1	###LINE###
5	2	52	0	0	0	146.52	266.26	11.24	7.51	100	578
3	2	53	0	0	0	205.319905	266.260574	11.235185	7.506241	-1	###FLOW###
4	2	53	0	0	0	205.319905	266.260574	11.235185	7.506241	-1	###LINE###
5	2	53	0	0	0	205.32	266.26	11.24	7.51	100	247
3	2	54	0	0	0	267.839875	266.260574	7.490123	7.506241	-1	###FLOW###
4	2	54	0	0	0	267.839875	266.260574	7.490123	7.506241	-1	###LINE###
5	2	54	0	0	0	267.84	266.26	7.49	7.51	100	13
3	2	55	0	0	0	326.639840	266.260574	7.490123	7.506241	-1	###FLOW###
4	2	55	0	0	0	326.639840	266.260574	7.490123	7.506241	-1	###LINE###
5	2	55	0	0	0	326.64	266.26	7.49	7.51	100	14
3	2	56	0	0	0	389.159825	266.260574	3.745062	7.506241	-1	###FLOW###
4	2	56	0	0	0	389.159825	266.260574	3.745062	7.506241	-1	###LINE###
5	2	56	0	0	0	389.16	266.26	3.75	7.51	100	3
3	2	57	0	0	0	447.959792	266.260574	3.745062	7.506241	-1	###FLOW###
4	2	57	0	0	0	447.959792	266.260574	3.745062	7.506241	-1	###LINE###
5	2	57	0	0	0	447.96	266.26	3.75	7.51	100	8
3	2	58	0	0	0	506.759788	266.260574	3.745062	7.506241	-1	###FLOW###
4	2	58	0	0	0	506.759788	266.260574	3.745062	7.506241	-1	###LINE###
5	2	58	0	0	0	506.76	266.26	3.75	7.51	100	7
3	2	59	0	0	0	565.559723	266.260574	3.745062	7.506241	-1	###FLOW###
4	2	59	0	0	0	565.559723	266.260574	3.745062	7.506241	-1	###LINE###
5	2	59	0	0	0	565.56	266.26	3.75	7.51	100	4
3	2	60	0	0	0	624.359720	266.260574	3.745062	7.506241	-1	###FLOW###
4	2	60	0	0	0	624.359720	266.260574	3.745062	7.506241	-1	###LINE###
5	2	60	0	0	0	624.36	266.26	3.75	7.51	100	3
3	2	61	0	0	0	683.159716	266.260574	3.745062	7.506241	-1	###FLOW###
4	2	61	0	0	0	683.159716	266.260574	3.745062	7.506241	-1	###LINE###
5	2	61	0	0	0	683.16	266.26	3.75	7.51	100	7
3	2	62	0	0	0	741.959651	266.260574	3.745062	7.506241	-1	###FLOW###
4	2	62	0	0	0	741.959651	266.260574	3.745062	7.506241	-1	###LINE###
5	2	62	0	0	0	741.96	266.26	3.75	7.51	100	1
3	2	63	0	0	0	46.319981	278.620570	20.207167	7.506241	-1	###FLOW###
4	2	63	0	0	0	46.319981	278.620570	20.207167	7.506241	-1	###LINE###
5	2	63	0	0	0	46.32	278.62	20.21	7.51	100	Barren
3	2	64	0	0	0	140.879939	278.620570	16.846042	7.506241	-1	###FLOW###
4	2	64	0	0	0	140.879939	278.620570	16.846042	7.506241	-1	###LINE###
5	2	64	0	0	0	140.88	278.62	16.85	7.51	100	3,168
3	2	65	0	0	0	199.679905	278.620570	16.846042	7.506241	-1	###FLOW###
4	2	65	0	0	0	199.679905	278.620570	16.846042	7.506241	-1	###LINE###
5	2	65	0	0	0	199.68	278.62	16.85	7.51	100	1,670
3	2	66	0	0	0	264.119885	278.620570	11.235185	7.506241	-1	###FLOW###
4	2	66	0	0	0	264.119885	278.620570	11.235185	7.506241	-1	###LINE###
5	2	66	0	0	0	264.12	278.62	11.24	7.51	100	132
3	2	67	0	0	0	326.639840	278.620570	7.490123	7.506241	-1	###FLOW###
4	2	67	0	0	0	326.639840	278.620570	7.490123	7.506241	-1	###LINE###
5	2	67	0	0	0	326.64	278.62	7.49	7.51	100	43
3	2	68	0	0	0	385.439837	278.620570	7.490123	7.506241	-1	###FLOW###
4	2	68	0	0	0	385.439837	278.620570	7.490123	7.506241	-1	###LINE###
5	2	68	0	0	0	385.44	278.62	7.49	7.51	100	56
3	2	69	0	0	0	444.239803	278.620570	7.490123	7.506241	-1	###FLOW###
4	2	69	0	0	0	444.239803	278.620570	7.490123	7.506241	-1	###LINE###
5	2	69	0	0	0	444.24	278.62	7.49	7.51	100	31
3	2	70	0	0	0	503.039768	278.620570	7.490123	7.506241	-1	###FLOW###
4	2	70	0	0	0	503.039768	278.620570	7.490123	7.506241	-1	###LINE###
5	2	70	0	0	0	503.04	278.62	7.49	7.51	100	54
3	2	71	0	0	0	561.839734	278.620570	7.490123	7.506241	-1	###FLOW###
4	2	71	0	0	0	561.839734	278.620570	7.490123	7.506241	-1	###LINE###
5	2	71	0	0	0	561.84	278.62	7.49	7.51	100	27
3	2	72	0	0	0	620.639731	278.620570	7.490123	7.506241	-1	###FLOW###
4	2	72	0	0	0	620.639731	278.620570	7.490123	7.506241	-1	###LINE###
5	2	72	0	0	0	620.64	278.62	7.49	7.51	100	24
3	2	73	0	0	0	683.159716	278.620570	3.745062	7.506241	-1	###FLOW###
4	2	73	0	0	0	683.159716	278.620570	3.745062	7.506241	-1	###LINE###
5	2	73	0	0	0	683.16	278.62	3.75	7.51	100	7
3	2	74	0	0	0	738.239662	278.620570	7.490123	7.506241	-1	###FLOW###
4	2	74	0	0	0	738.239662	278.620570	7.490123	7.506241	-1	###LINE###
5	2	74	0	0	0	738.24	278.62	7.49	7.51	100	11
3	2	75	0	0	0	46.319981	290.860569	13.767817	7.506241	-1	###FLOW###
4	2	75	0	0	0	46.319981	290.860569	13.767817	7.506241	-1	###LINE###
5	2	75	0	0	0	46.32	290.86	13.77	7.51	100	Bath
3	2	76	0	0	0	146.519939	290.860569	11.235185	7.506241	-1	###FLOW###
4	2	76	0	0	0	146.519939	290.860569	11.235185	7.506241	-1	###LINE###
5	2	76	0	0	0	146.52	290.86	11.24	7.51	100	728
3	2	77	0	0	0	205.319905	290.860569	11.235185	7.506241	-1	###FLOW###
4	2	77	0	0	0	205.319905	290.860569	11.235185	7.506241	-1	###LINE###
5	2	77	0	0	0	205.32	290.86	11.24	7.51	100	183
3	2	78	0	0	0	267.839875	290.860569	7.490123	7.506241	-1	###FLOW###
4	2	78	0	0	0	267.839875	290.860569	7.490123	7.506241	-1	###LINE###
5	2	78	0	0	0	267.84	290.86	7.49	7.51	100	25
3	2	79	0	0	0	326.639840	290.860569	7.490123	7.506241	-1	###FLOW###
4	2	79	0	0	0	326.639840	290.860569	7.490123	7.506241	-1	###LINE###
5	2	79	0	0	0	326.64	290.86	7.49	7.51	100	13
3	2	80	0	0	0	389.159825	290.860569	3.745062	7.506241	-1	###FLOW###
4	2	80	0	0	0	389.159825	290.860569	3.745062	7.506241	-1	###LINE###
5	2	80	0	0	0	389.16	290.86	3.75	7.51	100	5
3	2	81	0	0	0	447.959792	290.860569	3.745062	7.506241	-1	###FLOW###
4	2	81	0	0	0	447.959792	290.860569	3.745062	7.506241	-1	###LINE###
5	2	81	0	0	0	447.96	290.86	3.75	7.51	100	4
3	2	82	0	0	0	506.759788	290.860569	3.745062	7.506241	-1	###FLOW###
4	2	82	0	0	0	506.759788	290.860569	3.745062	7.506241	-1	###LINE###
5	2	82	0	0	0	506.76	290.86	3.75	7.51	100	5
3	2	83	0	0	0	565.559723	290.860569	3.745062	7.506241	-1	###FLOW###
4	2	83	0	0	0	565.559723	290.860569	3.745062	7.506241	-1	###LINE###
5	2	83	0	0	0	565.56	290.86	3.75	7.51	100	6
3	2	84	0	0	0	624.359720	290.860569	3.745062	7.506241	-1	###FLOW###
4	2	84	0	0	0	624.359720	290.860569	3.745062	7.506241	-1	###LINE###
5	2	84	0	0	0	624.36	290.86	3.75	7.51	100	7
3	2	85	0	0	0	683.159716	290.860569	3.745062	7.506241	-1	###FLOW###
4	2	85	0	0	0	683.159716	290.860569	3.745062	7.506241	-1	###LINE###
5	2	85	0	0	0	683.16	290.86	3.75	7.51	100	2
3	2	86	0	0	0	741.959651	290.860569	3.745062	7.506241	-1	###FLOW###
4	2	86	0	0	0	741.959651	290.860569	3.745062	7.506241	-1	###LINE###
5	2	86	0	0	0	741.96	290.86	3.75	7.51	100	3
3	2	87	0	0	0	46.319981	303.220565	10.972492	7.506241	-1	###FLOW###
4	2	87	0	0	0	46.319981	303.220565	10.972492	7.506241	-1	###LINE###
5	2	87	0	0	0	46.32	303.22	10.97	7.51	100	Bell
3	2	88	0	0	0	140.879939	303.220565	16.846042	7.506241	-1	###FLOW###
4	2	88	0	0	0	140.879939	303.220565	16.846042	7.506241	-1	###LINE###
5	2	88	0	0	0	140.88	303.22	16.85	7.51	100	3,071
3	2	89	0	0	0	205.319905	303.220565	11.235185	7.506241	-1	###FLOW###
4	2	89	0	0	0	205.319905	303.220565	11.235185	7.506241	-1	###LINE###
5	2	89	0	0	0	205.32	303.22	11.24	7.51	100	982
3	2	90	0	0	0	267.839875	303.220565	7.490123	7.506241	-1	###FLOW###
4	2	90	0	0	0	267.839875	303.220565	7.490123	7.506241	-1	###LINE###
5	2	90	0	0	0	267.84	303.22	7.49	7.51	100	33
3	2	91	0	0	0	322.919852	303.220565	11.235185	7.506241	-1	###FLOW###
4	2	91	0	0	0	322.919852	303.220565	11.235185	7.506241	-1	###LINE###
5	2	91	0	0	0	322.92	303.22	11.24	7.51	100	123
3	2	92	0	0	0	385.439837	303.220565	7.490123	7.506241	-1	###FLOW###
4	2	92	0	0	0	385.439837	303.220565	7.490123	7.506241	-1	###LINE###
5	2	92	0	0	0	385.44	303.22	7.49	7.51	100	39
3	2	93	0	0	0	444.239803	303.220565	7.490123	7.506241	-1	###FLOW###
4	2	93	0	0	0	444.239803	303.220565	7.490123	7.506241	-1	###LINE###
5	2	93	0	0	0	444.24	303.22	7.49	7.51	100	21
3	2	94	0	0	0	503.039768	303.220565	7.490123	7.506241	-1	###FLOW###
4	2	94	0	0	0	503.039768	303.220565	7.490123	7.506241	-1	###LINE###
5	2	94	0	0	0	503.04	303.22	7.49	7.51	100	35
3	2	95	0	0	0	561.839734	303.220565	7.490123	7.506241	-1	###FLOW###
4	2	95	0	0	0	561.839734	303.220565	7.490123	7.506241	-1	###LINE###
5	2	95	0	0	0	561.84	303.22	7.49	7.51	100	29
3	2	96	0	0	0	620.639731	303.220565	7.490123	7.506241	-1	###FLOW###
4	2	96	0	0	0	620.639731	303.220565	7.490123	7.506241	-1	###LINE###
5	2	96	0	0	0	620.64	303.22	7.49	7.51	100	16
3	2	97	0	0	0	683.159716	303.220565	3.745062	7.506241	-1	###FLOW###
4	2	97	0	0	0	683.159716	303.220565	3.745062	7.506241	-1	###LINE###
5	2	97	0	0	0	683.16	303.22	3.75	7.51	100	6
3	2	98	0	0	0	741.959651	303.220565	3.745062	7.506241	-1	###FLOW###
4	2	98	0	0	0	741.959651	303.220565	3.745062	7.506241	-1	###LINE###
5	2	98	0	0	0	741.96	303.22	3.75	7.51	100	7
3	2	99	0	0	0	46.319981	315.460565	19.392145	7.506241	-1	###FLOW###
4	2	99	0	0	0	46.319981	315.460565	19.392145	7.506241	-1	###LINE###
5	2	99	0	0	0	46.32	315.46	19.39	7.51	100	Boone
3	2	100	0	0	0	137.159935	315.460565	20.591103	7.506241	-1	###FLOW###
4	2	100	0	0	0	137.159935	315.460565	20.591103	7.506241	-1	###LINE###
5	2	100	0	0	0	137.16	315.46	20.59	7.51	100	10,434
3	2	101	0	0	0	199.679905	315.460565	16.846042	7.506241	-1	###FLOW###
4	2	101	0	0	0	199.679905	315.460565	16.846042	7.506241	-1	###LINE###
5	2	101	0	0	0	199.68	315.46	16.85	7.51	100	5,772
3	2	102	0	0	0	258.479870	315.460565	16.846042	7.506241	-1	###FLOW###
4	2	102	0	0	0	258.479870	315.460565	16.846042	7.506241	-1	###LINE###
5	2	102	0	0	0	258.48	315.46	16.85	7.51	100	1,376
3	2	103	0	0	0	322.919852	315.460565	11.235185	7.506241	-1	###FLOW###
4	2	103	0	0	0	322.919852	315.460565	11.235185	7.506241	-1	###LINE###
5	2	103	0	0	0	322.92	315.46	11.24	7.51	100	317
3	2	104	0	0	0	381.719817	315.460565	11.235185	7.506241	-1	###FLOW###
4	2	104	0	0	0	381.719817	315.460565	11.235185	7.506241	-1	###LINE###
5	2	104	0	0	0	381.72	315.46	11.24	7.51	100	270
3	2	105	0	0	0	440.519813	315.460565	11.235185	7.506241	-1	###FLOW###
4	2	105	0	0	0	440.519813	315.460565	11.235185	7.506241	-1	###LINE###
5	2	105	0	0	0	440.52	315.46	11.24	7.51	100	251
3	2	106	0	0	0	503.039768	315.460565	7.490123	7.506241	-1	###FLOW###
4	2	106	0	0	0	503.039768	315.460565	7.490123	7.506241	-1	###LINE###
5	2	106	0	0	0	503.04	315.46	7.49	7.51	100	99
3	2	107	0	0	0	558.119746	315.460565	11.235185	7.506241	-1	###FLOW###
4	2	107	0	0	0	558.119746	315.460565	11.235185	7.506241	-1	###LINE###
5	2	107	0	0	0	558.12	315.46	11.24	7.51	100	109
3	2	108	0	0	0	616.919742	315.460565	11.235185	7.506241	-1	###FLOW###
4	2	108	0	0	0	616.919742	315.460565	11.235185	7.506241	-1	###LINE###
5	2	108	0	0	0	616.92	315.46	11.24	7.51	100	157
3	2	109	0	0	0	679.439666	315.460565	7.490123	7.506241	-1	###FLOW###
4	2	109	0	0	0	679.439666	315.460565	7.490123	7.506241	-1	###LINE###
5	2	109	0	0	0	679.44	315.46	7.49	7.51	100	29
3	2	110	0	0	0	738.239662	315.460565	7.490123	7.506241	-1	###FLOW###
4	2	110	0	0	0	738.239662	315.460565	7.490123	7.506241	-1	###LINE###
5	2	110	0	0	0	738.24	315.46	7.49	7.51	100	31
3	2	111	0	0	0	46.319981	327.820590	25.380202	7.506241	-1	###FLOW###
4	2	111	0	0	0	46.319981	327.820590	25.380202	7.506241	-1	###LINE###
5	2	111	0	0	0	46.32	327.82	25.38	7.51	100	Bourbon
3	2	112	0	0	0	140.879939	327.820590	16.846042	7.506241	-1	###FLOW###
4	2	112	0	0	0	140.879939	327.820590	16.846042	7.506241	-1	###LINE###
5	2	112	0	0	0	140.88	327.82	16.85	7.51	100	1,534
3	2	113	0	0	0	205.319905	327.820590	11.235185	7.506241	-1	###FLOW###
4	2	113	0	0	0	205.319905	327.820590	11.235185	7.506241	-1	###LINE###
5	2	113	0	0	0	205.32	327.82	11.24	7.51	100	398
3	2	114	0	0	0	267.839875	327.820590	7.490123	7.506241	-1	###FLOW###
4	2	114	0	0	0	267.839875	327.820590	7.490123	7.506241	-1	###LINE###
5	2	114	0	0	0	267.84	327.82	7.49	7.51	100	24
3	2	115	0	0	0	326.639840	327.820590	7.490123	7.506241	-1	###FLOW###
4	2	115	0	0	0	326.639840	327.820590	7.490123	7.506241	-1	###LINE###
5	2	115	0	0	0	326.64	327.82	7.49	7.51	100	28
3	2	116	0	0	0	385.439837	327.820590	7.490123	7.506241	-1	###FLOW###
4	2	116	0	0	0	385.439837	327.820590	7.490123	7.506241	-1	###LINE###
5	2	116	0	0	0	385.44	327.82	7.49	7.51	100	35
3	2	117	0	0	0	444.239803	327.820590	7.490123	7.506241	-1	###FLOW###
4	2	117	0	0	0	444.239803	327.820590	7.490123	7.506241	-1	###LINE###
5	2	117	0	0	0	444.24	327.82	7.49	7.51	100	16
3	2	118	0	0	0	506.759788	327.820590	3.745062	7.506241	-1	###FLOW###
4	2	118	0	0	0	506.759788	327.820590	3.745062	7.506241	-1	###LINE###
5	2	118	0	0	0	506.76	327.82	3.75	7.51	100	8
3	2	119	0	0	0	561.839734	327.820590	7.490123	7.506241	-1	###FLOW###
4	2	119	0	0	0	561.839734	327.820590	7.490123	7.506241	-1	###LINE###
5	2	119	0	0	0	561.84	327.82	7.49	7.51	100	10
3	2	120	0	0	0	620.639731	327.820590	7.490123	7.506241	-1	###FLOW###
4	2	120	0	0	0	620.639731	327.820590	7.490123	7.506241	-1	###LINE###
5	2	120	0	0	0	620.64	327.82	7.49	7.51	100	16
3	2	121	0	0	0	683.159716	327.820590	3.745062	7.506241	-1	###FLOW###
4	2	121	0	0	0	683.159716	327.820590	3.745062	7.506241	-1	###LINE###
5	2	121	0	0	0	683.16	327.82	3.75	7.51	100	5
3	2	122	0	0	0	741.959651	327.820590	3.745062	7.506241	-1	###FLOW###
4	2	122	0	0	0	741.959651	327.820590	3.745062	7.506241	-1	###LINE###
5	2	122	0	0	0	741.96	327.82	3.75	7.51	100	5
3	2	123	0	0	0	46.319981	340.060591	15.141904	7.506241	-1	###FLOW###
4	2	123	0	0	0	46.319981	340.060591	15.141904	7.506241	-1	###LINE###
5	2	123	0	0	0	46.32	340.06	15.14	7.51	100	Boyd
3	2	124	0	0	0	140.879939	340.060591	16.846042	7.506241	-1	###FLOW###
4	2	124	0	0	0	140.879939	340.060591	16.846042	7.506241	-1	###LINE###
5	2	124	0	0	0	140.88	340.06	16.85	7.51	100	2,244
3	2	125	0	0	0	199.679905	340.060591	16.846042	7.506241	-1	###FLOW###
4	2	125	0	0	0	199.679905	340.060591	16.846042	7.506241	-1	###LINE###
5	2	125	0	0	0	199.68	340.06	16.85	7.51	100	1,553
3	2	126	0	0	0	267.839875	340.060591	7.490123	7.506241	-1	###FLOW###
4	2	126	0	0	0	267.839875	340.060591	7.490123	7.506241	-1	###LINE###
5	2	126	0	0	0	267.84	340.06	7.49	7.51	100	85
3	2	127	0	0	0	326.639840	340.060591	7.490123	7.506241	-1	###FLOW###
4	2	127	0	0	0	326.639840	340.060591	7.490123	7.506241	-1	###LINE###
5	2	127	0	0	0	326.64	340.06	7.49	7.51	100	86
3	2	128	0	0	0	385.439837	340.060591	7.490123	7.506241	-1	###FLOW###
4	2	128	0	0	0	385.439837	340.060591	7.490123	7.506241	-1	###LINE###
5	2	128	0	0	0	385.44	340.06	7.49	7.51	100	80
3	2	129	0	0	0	444.239803	340.060591	7.490123	7.506241	-1	###FLOW###
4	2	129	0	0	0	444.239803	340.060591	7.490123	7.506241	-1	###LINE###
5	2	129	0	0	0	444.24	340.06	7.49	7.51	100	35
3	2	130	0	0	0	503.039768	340.060591	7.490123	7.506241	-1	###FLOW###
4	2	130	0	0	0	503.039768	340.060591	7.490123	7.506241	-1	###LINE###
5	2	130	0	0	0	503.04	340.06	7.49	7.51	100	58
3	2	131	0	0	0	561.839734	340.060591	7.490123	7.506241	-1	###FLOW###
4	2	131	0	0	0	561.839734	340.060591	7.490123	7.506241	-1	###LINE###
5	2	131	0	0	0	561.84	340.06	7.49	7.51	100	46
3	2	132	0	0	0	620.639731	340.060591	7.490123	7.506241	-1	###FLOW###
4	2	132	0	0	0	620.639731	340.060591	7.490123	7.506241	-1	###LINE###
5	2	132	0	0	0	620.64	340.06	7.49	7.51	100	20
3	2	133	0	0	0	683.159716	340.060591	3.745062	7.506241	-1	###FLOW###
4	2	133	0	0	0	683.159716	340.060591	3.745062	7.506241	-1	###LINE###
5	2	133	0	0	0	683.16	340.06	3.75	7.51	100	5
3	2	134	0	0	0	741.959651	340.060591	3.745062	7.506241	-1	###FLOW###
4	2	134	0	0	0	741.959651	340.060591	3.745062	7.506241	-1	###LINE###
5	2	134	0	0	0	741.96	340.06	3.75	7.51	100	7
3	2	135	0	0	0	46.319981	352.420571	16.462106	7.506241	-1	###FLOW###
4	2	135	0	0	0	46.319981	352.420571	16.462106	7.506241	-1	###LINE###
5	2	135	0	0	0	46.32	352.42	16.46	7.51	100	Boyle
3	2	136	0	0	0	140.879939	352.420571	16.846042	7.506241	-1	###FLOW###
4	2	136	0	0	0	140.879939	352.420571	16.846042	7.506241	-1	###LINE###
5	2	136	0	0	0	140.88	352.42	16.85	7.51	100	1,890
3	2	137	0	0	0	205.319905	352.420571	11.235185	7.506241	-1	###FLOW###
4	2	137	0	0	0	205.319905	352.420571	11.235185	7.506241	-1	###LINE###
5	2	137	0	0	0	205.32	352.42	11.24	7.51	100	842
3	2	138	0	0	0	267.839875	352.420571	7.490123	7.506241	-1	###FLOW###
4	2	138	0	0	0	267.839875	352.420571	7.490123	7.506241	-1	###LINE###
5	2	138	0	0	0	267.84	352.42	7.49	7.51	100	53
3	2	139	0	0	0	326.639840	352.420571	7.490123	7.506241	-1	###FLOW###
4	2	139	0	0	0	326.639840	352.420571	7.490123	7.506241	-1	###LINE###
5	2	139	0	0	0	326.64	352.42	7.49	7.51	100	29
3	2	140	0	0	0	385.439837	352.420571	7.490123	7.506241	-1	###FLOW###
4	2	140	0	0	0	385.439837	352.420571	7.490123	7.506241	-1	###LINE###
5	2	140	0	0	0	385.44	352.42	7.49	7.51	100	29
3	2	141	0	0	0	444.239803	352.420571	7.490123	7.506241	-1	###FLOW###
4	2	141	0	0	0	444.239803	352.420571	7.490123	7.506241	-1	###LINE###
5	2	141	0	0	0	444.24	352.42	7.49	7.51	100	30
3	2	142	0	0	0	503.039768	352.420571	7.490123	7.506241	-1	###FLOW###
4	2	142	0	0	0	503.039768	352.420571	7.490123	7.506241	-1	###LINE###
5	2	142	0	0	0	503.04	352.42	7.49	7.51	100	26
3	2	143	0	0	0	561.839734	352.420571	7.490123	7.506241	-1	###FLOW###
4	2	143	0	0	0	561.839734	352.420571	7.490123	7.506241	-1	###LINE###
5	2	143	0	0	0	561.84	352.42	7.49	7.51	100	30
3	2	144	0	0	0	620.639731	352.420571	7.490123	7.506241	-1	###FLOW###
4	2	144	0	0	0	620.639731	352.420571	7.490123	7.506241	-1	###LINE###
5	2	144	0	0	0	620.64	352.42	7.49	7.51	100	10
3	2	145	0	0	0	683.159716	352.420571	3.745062	7.506241	-1	###FLOW###
4	2	145	0	0	0	683.159716	352.420571	3.745062	7.506241	-1	###LINE###
5	2	145	0	0	0	683.16	352.42	3.75	7.51	100	7
3	2	146	0	0	0	741.959651	352.420571	3.745062	7.506241	-1	###FLOW###
4	2	146	0	0	0	741.959651	352.420571	3.745062	7.506241	-1	###LINE###
5	2	146	0	0	0	741.96	352.42	3.75	7.51	100	3
3	2	147	0	0	0	46.319981	364.660571	24.619065	7.506241	-1	###FLOW###
4	2	147	0	0	0	46.319981	364.660571	24.619065	7.506241	-1	###LINE###
5	2	147	0	0	0	46.32	364.66	24.62	7.51	100	Bracken
3	2	148	0	0	0	146.519939	364.660571	11.235185	7.506241	-1	###FLOW###
4	2	148	0	0	0	146.519939	364.660571	11.235185	7.506241	-1	###LINE###
5	2	148	0	0	0	146.52	364.66	11.24	7.51	100	629
3	2	149	0	0	0	205.319905	364.660571	11.235185	7.506241	-1	###FLOW###
4	2	149	0	0	0	205.319905	364.660571	11.235185	7.506241	-1	###LINE###
5	2	149	0	0	0	205.32	364.66	11.24	7.51	100	337
3	2	150	0	0	0	267.839875	364.660571	7.490123	7.506241	-1	###FLOW###
4	2	150	0	0	0	267.839875	364.660571	7.490123	7.506241	-1	###LINE###
5	2	150	0	0	0	267.84	364.66	7.49	7.51	100	61
3	2	151	0	0	0	326.639840	364.660571	7.490123	7.506241	-1	###FLOW###
4	2	151	0	0	0	326.639840	364.660571	7.490123	7.506241	-1	###LINE###
5	2	151	0	0	0	326.64	364.66	7.49	7.51	100	20
3	2	152	0	0	0	385.439837	364.660571	7.490123	7.506241	-1	###FLOW###
4	2	152	0	0	0	385.439837	364.660571	7.490123	7.506241	-1	###LINE###
5	2	152	0	0	0	385.44	364.66	7.49	7.51	100	15
3	2	153	0	0	0	447.959792	364.660571	3.745062	7.506241	-1	###FLOW###
4	2	153	0	0	0	447.959792	364.660571	3.745062	7.506241	-1	###LINE###
5	2	153	0	0	0	447.96	364.66	3.75	7.51	100	6
3	2	154	0	0	0	506.759788	364.660571	3.745062	7.506241	-1	###FLOW###
4	2	154	0	0	0	506.759788	364.660571	3.745062	7.506241	-1	###LINE###
5	2	154	0	0	0	506.76	364.66	3.75	7.51	100	3
3	2	155	0	0	0	565.559723	364.660571	3.745062	7.506241	-1	###FLOW###
4	2	155	0	0	0	565.559723	364.660571	3.745062	7.506241	-1	###LINE###
5	2	155	0	0	0	565.56	364.66	3.75	7.51	100	9
3	2	156	0	0	0	620.639731	364.660571	7.490123	7.506241	-1	###FLOW###
4	2	156	0	0	0	620.639731	364.660571	7.490123	7.506241	-1	###LINE###
5	2	156	0	0	0	620.64	364.66	7.49	7.51	100	23
3	2	157	0	0	0	683.159716	364.660571	3.745062	7.506241	-1	###FLOW###
4	2	157	0	0	0	683.159716	364.660571	3.745062	7.506241	-1	###LINE###
5	2	157	0	0	0	683.16	364.66	3.75	7.51	100	4
3	2	158	0	0	0	741.959651	364.660571	3.745062	7.506241	-1	###FLOW###
4	2	158	0	0	0	741.959651	364.660571	3.745062	7.506241	-1	###LINE###
5	2	158	0	0	0	741.96	364.66	3.75	7.51	100	1
3	2	159	0	0	0	46.319981	377.020566	25.144452	7.506241	-1	###FLOW###
4	2	159	0	0	0	46.319981	377.020566	25.144452	7.506241	-1	###LINE###
5	2	159	0	0	0	46.32	377.02	25.14	7.51	100	Breathitt
3	2	160	0	0	0	146.519939	377.020566	11.235185	7.506241	-1	###FLOW###
4	2	160	0	0	0	146.519939	377.020566	11.235185	7.506241	-1	###LINE###
5	2	160	0	0	0	146.52	377.02	11.24	7.51	100	274
3	2	161	0	0	0	205.319905	377.020566	11.235185	7.506241	-1	###FLOW###
4	2	161	0	0	0	205.319905	377.020566	11.235185	7.506241	-1	###LINE###
5	2	161	0	0	0	205.32	377.02	11.24	7.51	100	153
3	2	162	0	0	0	271.559864	377.020566	3.745062	7.506241	-1	###FLOW###
4	2	162	0	0	0	271.559864	377.020566	3.745062	7.506241	-1	###LINE###
5	2	162	0	0	0	271.56	377.02	3.75	7.51	100	8
3	2	163	0	0	0	326.639840	377.020566	7.490123	7.506241	-1	###FLOW###
4	2	163	0	0	0	326.639840	377.020566	7.490123	7.506241	-1	###LINE###
5	2	163	0	0	0	326.64	377.02	7.49	7.51	100	10
3	2	164	0	0	0	389.159825	377.020566	3.745062	7.506241	-1	###FLOW###
4	2	164	0	0	0	389.159825	377.020566	3.745062	7.506241	-1	###LINE###
5	2	164	0	0	0	389.16	377.02	3.75	7.51	100	6
3	2	165	0	0	0	447.959792	377.020566	3.745062	7.506241	-1	###FLOW###
4	2	165	0	0	0	447.959792	377.020566	3.745062	7.506241	-1	###LINE###
5	2	165	0	0	0	447.96	377.02	3.75	7.51	100	3
3	2	166	0	0	0	506.759788	377.020566	3.745062	7.506241	-1	###FLOW###
4	2	166	0	0	0	506.759788	377.020566	3.745062	7.506241	-1	###LINE###
5	2	166	0	0	0	506.76	377.02	3.75	7.51	100	3
3	2	167	0	0	0	565.559723	377.020566	3.745062	7.506241	-1	###FLOW###
4	2	167	0	0	0	565.559723	377.020566	3.745062	7.506241	-1	###LINE###
5	2	167	0	0	0	565.56	377.02	3.75	7.51	100	7
3	2	168	0	0	0	624.359720	377.020566	3.745062	7.506241	-1	###FLOW###
4	2	168	0	0	0	624.359720	377.020566	3.745062	7.506241	-1	###LINE###
5	2	168	0	0	0	624.36	377.02	3.75	7.51	100	0
3	2	169	0	0	0	683.159716	377.020566	3.745062	7.506241	-1	###FLOW###
4	2	169	0	0	0	683.159716	377.020566	3.745062	7.506241	-1	###LINE###
5	2	169	0	0	0	683.16	377.02	3.75	7.51	100	0
3	2	170	0	0	0	741.959651	377.020566	3.745062	7.506241	-1	###FLOW###
4	2	170	0	0	0	741.959651	377.020566	3.745062	7.506241	-1	###LINE###
5	2	170	0	0	0	741.96	377.02	3.75	7.51	100	0
3	2	171	0	0	0	46.319981	389.260566	37.511238	7.506241	-1	###FLOW###
4	2	171	0	0	0	46.319981	389.260566	37.511238	7.506241	-1	###LINE###
5	2	171	0	0	0	46.32	389.26	37.51	7.51	100	Breckinridge
3	2	172	0	0	0	140.879939	389.260566	16.846042	7.506241	-1	###FLOW###
4	2	172	0	0	0	140.879939	389.260566	16.846042	7.506241	-1	###LINE###
5	2	172	0	0	0	140.88	389.26	16.85	7.51	100	2,044
3	2	173	0	0	0	199.679905	389.260566	16.846042	7.506241	-1	###FLOW###
4	2	173	0	0	0	199.679905	389.260566	16.846042	7.506241	-1	###LINE###
5	2	173	0	0	0	199.68	389.26	16.85	7.51	100	1,446
3	2	174	0	0	0	264.119885	389.260566	11.235185	7.506241	-1	###FLOW###
4	2	174	0	0	0	264.119885	389.260566	11.235185	7.506241	-1	###LINE###
5	2	174	0	0	0	264.12	389.26	11.24	7.51	100	130
3	2	175	0	0	0	326.639840	389.260566	7.490123	7.506241	-1	###FLOW###
4	2	175	0	0	0	326.639840	389.260566	7.490123	7.506241	-1	###LINE###
5	2	175	0	0	0	326.64	389.26	7.49	7.51	100	66
3	2	176	0	0	0	385.439837	389.260566	7.490123	7.506241	-1	###FLOW###
4	2	176	0	0	0	385.439837	389.260566	7.490123	7.506241	-1	###LINE###
5	2	176	0	0	0	385.44	389.26	7.49	7.51	100	37
3	2	177	0	0	0	444.239803	389.260566	7.490123	7.506241	-1	###FLOW###
4	2	177	0	0	0	444.239803	389.260566	7.490123	7.506241	-1	###LINE###
5	2	177	0	0	0	444.24	389.26	7.49	7.51	100	46
3	2	178	0	0	0	503.039768	389.260566	7.490123	7.506241	-1	###FLOW###
4	2	178	0	0	0	503.039768	389.260566	7.490123	7.506241	-1	###LINE###
5	2	178	0	0	0	503.04	389.26	7.49	7.51	100	60
3	2	179	0	0	0	561.839734	389.260566	7.490123	7.506241	-1	###FLOW###
4	2	179	0	0	0	561.839734	389.260566	7.490123	7.506241	-1	###LINE###
5	2	179	0	0	0	561.84	389.26	7.49	7.51	100	35
3	2	180	0	0	0	620.639731	389.260566	7.490123	7.506241	-1	###FLOW###
4	2	180	0	0	0	620.639731	389.260566	7.490123	7.506241	-1	###LINE###
5	2	180	0	0	0	620.64	389.26	7.49	7.51	100	26
3	2	181	0	0	0	683.159716	389.260566	3.745062	7.506241	-1	###FLOW###
4	2	181	0	0	0	683.159716	389.260566	3.745062	7.506241	-1	###LINE###
5	2	181	0	0	0	683.16	389.26	3.75	7.51	100	4
3	2	182	0	0	0	741.959651	389.260566	3.745062	7.506241	-1	###FLOW###
4	2	182	0	0	0	741.959651	389.260566	3.745062	7.506241	-1	###LINE###
5	2	182	0	0	0	741.96	389.26	3.75	7.51	100	8
3	2	183	0	0	0	46.319981	401.620562	16.145527	7.506241	-1	###FLOW###
4	2	183	0	0	0	46.319981	401.620562	16.145527	7.506241	-1	###LINE###
5	2	183	0	0	0	46.32	401.62	16.15	7.51	100	Bullitt
3	2	184	0	0	0	140.879939	401.620562	16.846042	7.506241	-1	###FLOW###
4	2	184	0	0	0	140.879939	401.620562	16.846042	7.506241	-1	###LINE###
5	2	184	0	0	0	140.88	401.62	16.85	7.51	100	4,624
3	2	185	0	0	0	199.679905	401.620562	16.846042	7.506241	-1	###FLOW###
4	2	185	0	0	0	199.679905	401.620562	16.846042	7.506241	-1	###LINE###
5	2	185	0	0	0	199.68	401.62	16.85	7.51	100	3,109
3	2	186	0	0	0	264.119885	401.620562	11.235185	7.506241	-1	###FLOW###
4	2	186	0	0	0	264.119885	401.620562	11.235185	7.506241	-1	###LINE###
5	2	186	0	0	0	264.12	401.62	11.24	7.51	100	184
3	2	187	0	0	0	326.639840	401.620562	7.490123	7.506241	-1	###FLOW###
4	2	187	0	0	0	326.639840	401.620562	7.490123	7.506241	-1	###LINE###
5	2	187	0	0	0	326.64	401.62	7.49	7.51	100	88
3	2	188	0	0	0	385.439837	401.620562	7.490123	7.506241	-1	###FLOW###
4	2	188	0	0	0	385.439837	401.620562	7.490123	7.506241	-1	###LINE###
5	2	188	0	0	0	385.44	401.62	7.49	7.51	100	76
3	2	189	0	0	0	444.239803	401.620562	7.490123	7.506241	-1	###FLOW###
4	2	189	0	0	0	444.239803	401.620562	7.490123	7.506241	-1	###LINE###
5	2	189	0	0	0	444.24	401.62	7.49	7.51	100	69
3	2	190	0	0	0	503.039768	401.620562	7.490123	7.506241	-1	###FLOW###
4	2	190	0	0	0	503.039768	401.620562	7.490123	7.506241	-1	###LINE###
5	2	190	0	0	0	503.04	401.62	7.49	7.51	100	51
3	2	191	0	0	0	561.839734	401.620562	7.490123	7.506241	-1	###FLOW###
4	2	191	0	0	0	561.839734	401.620562	7.490123	7.506241	-1	###LINE###
5	2	191	0	0	0	561.84	401.62	7.49	7.51	100	43
3	2	192	0	0	0	620.639731	401.620562	7.490123	7.506241	-1	###FLOW###
4	2	192	0	0	0	620.639731	401.620562	7.490123	7.506241	-1	###LINE###
5	2	192	0	0	0	620.64	401.62	7.49	7.51	100	35
3	2	193	0	0	0	679.439666	401.620562	7.490123	7.506241	-1	###FLOW###
4	2	193	0	0	0	679.439666	401.620562	7.490123	7.506241	-1	###LINE###
5	2	193	0	0	0	679.44	401.62	7.49	7.51	100	10
3	2	194	0	0	0	738.239662	401.620562	7.490123	7.506241	-1	###FLOW###
4	2	194	0	0	0	738.239662	401.620562	7.490123	7.506241	-1	###LINE###
5	2	194	0	0	0	738.24	401.62	7.49	7.51	100	13
3	2	195	0	0	0	46.319981	413.860561	17.384900	7.506241	-1	###FLOW###
4	2	195	0	0	0	46.319981	413.860561	17.384900	7.506241	-1	###LINE###
5	2	195	0	0	0	46.32	413.86	17.38	7.51	100	Butler
3	2	196	0	0	0	140.879939	413.860561	16.846042	7.506241	-1	###FLOW###
4	2	196	0	0	0	140.879939	413.860561	16.846042	7.506241	-1	###LINE###
5	2	196	0	0	0	140.88	413.86	16.85	7.51	100	1,534
3	2	197	0	0	0	205.319905	413.860561	11.235185	7.506241	-1	###FLOW###
4	2	197	0	0	0	205.319905	413.860561	11.235185	7.506241	-1	###LINE###
5	2	197	0	0	0	205.32	413.86	11.24	7.51	100	702
3	2	198	0	0	0	264.119885	413.860561	11.235185	7.506241	-1	###FLOW###
4	2	198	0	0	0	264.119885	413.860561	11.235185	7.506241	-1	###LINE###
5	2	198	0	0	0	264.12	413.86	11.24	7.51	100	339
3	2	199	0	0	0	326.639840	413.860561	7.490123	7.506241	-1	###FLOW###
4	2	199	0	0	0	326.639840	413.860561	7.490123	7.506241	-1	###LINE###
5	2	199	0	0	0	326.64	413.86	7.49	7.51	100	51
3	2	200	0	0	0	385.439837	413.860561	7.490123	7.506241	-1	###FLOW###
4	2	200	0	0	0	385.439837	413.860561	7.490123	7.506241	-1	###LINE###
5	2	200	0	0	0	385.44	413.86	7.49	7.51	100	34
3	2	201	0	0	0	444.239803	413.860561	7.490123	7.506241	-1	###FLOW###
4	2	201	0	0	0	444.239803	413.860561	7.490123	7.506241	-1	###LINE###
5	2	201	0	0	0	444.24	413.86	7.49	7.51	100	39
3	2	202	0	0	0	503.039768	413.860561	7.490123	7.506241	-1	###FLOW###
4	2	202	0	0	0	503.039768	413.860561	7.490123	7.506241	-1	###LINE###
5	2	202	0	0	0	503.04	413.86	7.49	7.51	100	27
3	2	203	0	0	0	561.839734	413.860561	7.490123	7.506241	-1	###FLOW###
4	2	203	0	0	0	561.839734	413.860561	7.490123	7.506241	-1	###LINE###
5	2	203	0	0	0	561.84	413.86	7.49	7.51	100	21
3	2	204	0	0	0	620.639731	413.860561	7.490123	7.506241	-1	###FLOW###
4	2	204	0	0	0	620.639731	413.860561	7.490123	7.506241	-1	###LINE###
5	2	204	0	0	0	620.64	413.86	7.49	7.51	100	17
3	2	205	0	0	0	683.159716	413.860561	3.745062	7.506241	-1	###FLOW###
4	2	205	0	0	0	683.159716	413.860561	3.745062	7.506241	-1	###LINE###
5	2	205	0	0	0	683.16	413.86	3.75	7.51	100	4
3	2	206	0	0	0	741.959651	413.860561	3.745062	7.506241	-1	###FLOW###
4	2	206	0	0	0	741.959651	413.860561	3.745062	7.506241	-1	###LINE###
5	2	206	0	0	0	741.96	413.86	3.75	7.51	100	7
3	2	207	0	0	0	46.319981	426.220558	24.773987	7.506241	-1	###FLOW###
4	2	207	0	0	0	46.319981	426.220558	24.773987	7.506241	-1	###LINE###
5	2	207	0	0	0	46.32	426.22	24.77	7.51	100	Caldwell
3	2	208	0	0	0	140.879939	426.220558	16.846042	7.506241	-1	###FLOW###
4	2	208	0	0	0	140.879939	426.220558	16.846042	7.506241	-1	###LINE###
5	2	208	0	0	0	140.88	426.22	16.85	7.51	100	1,155
3	2	209	0	0	0	205.319905	426.220558	11.235185	7.506241	-1	###FLOW###
4	2	209	0	0	0	205.319905	426.220558	11.235185	7.506241	-1	###LINE###
5	2	209	0	0	0	205.32	426.22	11.24	7.51	100	418
3	2	210	0	0	0	267.839875	426.220558	7.490123	7.506241	-1	###FLOW###
4	2	210	0	0	0	267.839875	426.220558	7.490123	7.506241	-1	###LINE###
5	2	210	0	0	0	267.84	426.22	7.49	7.51	100	23
3	2	211	0	0	0	326.639840	426.220558	7.490123	7.506241	-1	###FLOW###
4	2	211	0	0	0	326.639840	426.220558	7.490123	7.506241	-1	###LINE###
5	2	211	0	0	0	326.64	426.22	7.49	7.51	100	18
3	2	212	0	0	0	385.439837	426.220558	7.490123	7.506241	-1	###FLOW###
4	2	212	0	0	0	385.439837	426.220558	7.490123	7.506241	-1	###LINE###
5	2	212	0	0	0	385.44	426.22	7.49	7.51	100	12
3	2	213	0	0	0	447.959792	426.220558	3.745062	7.506241	-1	###FLOW###
4	2	213	0	0	0	447.959792	426.220558	3.745062	7.506241	-1	###LINE###
5	2	213	0	0	0	447.96	426.22	3.75	7.51	100	9
3	2	214	0	0	0	503.039768	426.220558	7.490123	7.506241	-1	###FLOW###
4	2	214	0	0	0	503.039768	426.220558	7.490123	7.506241	-1	###LINE###
5	2	214	0	0	0	503.04	426.22	7.49	7.51	100	20
3	2	215	0	0	0	561.839734	426.220558	7.490123	7.506241	-1	###FLOW###
4	2	215	0	0	0	561.839734	426.220558	7.490123	7.506241	-1	###LINE###
5	2	215	0	0	0	561.84	426.22	7.49	7.51	100	15
3	2	216	0	0	0	624.359720	426.220558	3.745062	7.506241	-1	###FLOW###
4	2	216	0	0	0	624.359720	426.220558	3.745062	7.506241	-1	###LINE###
5	2	216	0	0	0	624.36	426.22	3.75	7.51	100	4
3	2	217	0	0	0	679.439666	426.220558	7.490123	7.506241	-1	###FLOW###
4	2	217	0	0	0	679.439666	426.220558	7.490123	7.506241	-1	###LINE###
5	2	217	0	0	0	679.44	426.22	7.49	7.51	100	13
3	2	218	0	0	0	741.959651	426.220558	3.745062	7.506241	-1	###FLOW###
4	2	218	0	0	0	741.959651	426.220558	3.745062	7.506241	-1	###LINE###
5	2	218	0	0	0	741.96	426.22	3.75	7.51	100	3
3	2	219	0	0	0	46.319981	438.460557	26.666725	7.506241	-1	###FLOW###
4	2	219	0	0	0	46.319981	438.460557	26.666725	7.506241	-1	###LINE###
5	2	219	0	0	0	46.32	438.46	26.67	7.51	100	Calloway
3	2	220	0	0	0	140.879939	438.460557	16.846042	7.506241	-1	###FLOW###
4	2	220	0	0	0	140.879939	438.460557	16.846042	7.506241	-1	###LINE###
5	2	220	0	0	0	140.88	438.46	16.85	7.51	100	1,868
3	2	221	0	0	0	205.319905	438.460557	11.235185	7.506241	-1	###FLOW###
4	2	221	0	0	0	205.319905	438.460557	11.235185	7.506241	-1	###LINE###
5	2	221	0	0	0	205.32	438.46	11.24	7.51	100	848
3	2	222	0	0	0	267.839875	438.460557	7.490123	7.506241	-1	###FLOW###
4	2	222	0	0	0	267.839875	438.460557	7.490123	7.506241	-1	###LINE###
5	2	222	0	0	0	267.84	438.46	7.49	7.51	100	34
3	2	223	0	0	0	326.639840	438.460557	7.490123	7.506241	-1	###FLOW###
4	2	223	0	0	0	326.639840	438.460557	7.490123	7.506241	-1	###LINE###
5	2	223	0	0	0	326.64	438.46	7.49	7.51	100	23
3	2	224	0	0	0	385.439837	438.460557	7.490123	7.506241	-1	###FLOW###
4	2	224	0	0	0	385.439837	438.460557	7.490123	7.506241	-1	###LINE###
5	2	224	0	0	0	385.44	438.46	7.49	7.51	100	46
3	2	225	0	0	0	444.239803	438.460557	7.490123	7.506241	-1	###FLOW###
4	2	225	0	0	0	444.239803	438.460557	7.490123	7.506241	-1	###LINE###
5	2	225	0	0	0	444.24	438.46	7.49	7.51	100	20
3	2	226	0	0	0	503.039768	438.460557	7.490123	7.506241	-1	###FLOW###
4	2	226	0	0	0	503.039768	438.460557	7.490123	7.506241	-1	###LINE###
5	2	226	0	0	0	503.04	438.46	7.49	7.51	100	32
3	2	227	0	0	0	561.839734	438.460557	7.490123	7.506241	-1	###FLOW###
4	2	227	0	0	0	561.839734	438.460557	7.490123	7.506241	-1	###LINE###
5	2	227	0	0	0	561.84	438.46	7.49	7.51	100	17
3	2	228	0	0	0	624.359720	438.460557	3.745062	7.506241	-1	###FLOW###
4	2	228	0	0	0	624.359720	438.460557	3.745062	7.506241	-1	###LINE###
5	2	228	0	0	0	624.36	438.46	3.75	7.51	100	0
3	2	229	0	0	0	683.159716	438.460557	3.745062	7.506241	-1	###FLOW###
4	2	229	0	0	0	683.159716	438.460557	3.745062	7.506241	-1	###LINE###
5	2	229	0	0	0	683.16	438.46	3.75	7.51	100	9
3	2	230	0	0	0	741.959651	438.460557	3.745062	7.506241	-1	###FLOW###
4	2	230	0	0	0	741.959651	438.460557	3.745062	7.506241	-1	###LINE###
5	2	230	0	0	0	741.96	438.46	3.75	7.51	100	5
3	2	231	0	0	0	46.319981	450.820584	28.135113	7.506241	-1	###FLOW###
4	2	231	0	0	0	46.319981	450.820584	28.135113	7.506241	-1	###LINE###
5	2	231	0	0	0	46.32	450.82	28.14	7.51	100	Campbell
3	2	232	0	0	0	140.879939	450.820584	16.846042	7.506241	-1	###FLOW###
4	2	232	0	0	0	140.879939	450.820584	16.846042	7.506241	-1	###LINE###
5	2	232	0	0	0	140.88	450.82	16.85	7.51	100	6,679
3	2	233	0	0	0	199.679905	450.820584	16.846042	7.506241	-1	###FLOW###
4	2	233	0	0	0	199.679905	450.820584	16.846042	7.506241	-1	###LINE###
5	2	233	0	0	0	199.68	450.82	16.85	7.51	100	3,641
3	2	234	0	0	0	264.119885	450.820584	11.235185	7.506241	-1	###FLOW###
4	2	234	0	0	0	264.119885	450.820584	11.235185	7.506241	-1	###LINE###
5	2	234	0	0	0	264.12	450.82	11.24	7.51	100	467
3	2	235	0	0	0	322.919852	450.820584	11.235185	7.506241	-1	###FLOW###
4	2	235	0	0	0	322.919852	450.820584	11.235185	7.506241	-1	###LINE###
5	2	235	0	0	0	322.92	450.82	11.24	7.51	100	250
3	2	236	0	0	0	381.719817	450.820584	11.235185	7.506241	-1	###FLOW###
4	2	236	0	0	0	381.719817	450.820584	11.235185	7.506241	-1	###LINE###
5	2	236	0	0	0	381.72	450.82	11.24	7.51	100	198
3	2	237	0	0	0	440.519813	450.820584	11.235185	7.506241	-1	###FLOW###
4	2	237	0	0	0	440.519813	450.820584	11.235185	7.506241	-1	###LINE###
5	2	237	0	0	0	440.52	450.82	11.24	7.51	100	157
3	2	238	0	0	0	499.319780	450.820584	11.235185	7.506241	-1	###FLOW###
4	2	238	0	0	0	499.319780	450.820584	11.235185	7.506241	-1	###LINE###
5	2	238	0	0	0	499.32	450.82	11.24	7.51	100	101
3	2	239	0	0	0	561.839734	450.820584	7.490123	7.506241	-1	###FLOW###
4	2	239	0	0	0	561.839734	450.820584	7.490123	7.506241	-1	###LINE###
5	2	239	0	0	0	561.84	450.82	7.49	7.51	100	61
3	2	240	0	0	0	616.919742	450.820584	11.235185	7.506241	-1	###FLOW###
4	2	240	0	0	0	616.919742	450.820584	11.235185	7.506241	-1	###LINE###
5	2	240	0	0	0	616.92	450.82	11.24	7.51	100	151
3	2	241	0	0	0	679.439666	450.820584	7.490123	7.506241	-1	###FLOW###
4	2	241	0	0	0	679.439666	450.820584	7.490123	7.506241	-1	###LINE###
5	2	241	0	0	0	679.44	450.82	7.49	7.51	100	24
3	2	242	0	0	0	738.239662	450.820584	7.490123	7.506241	-1	###FLOW###
4	2	242	0	0	0	738.239662	450.820584	7.490123	7.506241	-1	###LINE###
5	2	242	0	0	0	738.24	450.82	7.49	7.51	100	16
3	2	243	0	0	0	46.319981	463.060583	22.099905	7.506241	-1	###FLOW###
4	2	243	0	0	0	46.319981	463.060583	22.099905	7.506241	-1	###LINE###
5	2	243	0	0	0	46.32	463.06	22.10	7.51	100	Carlisle
3	2	244	0	0	0	146.519939	463.060583	11.235185	7.506241	-1	###FLOW###
4	2	244	0	0	0	146.519939	463.060583	11.235185	7.506241	-1	###LINE###
5	2	244	0	0	0	146.52	463.06	11.24	7.51	100	429
3	2	245	0	0	0	205.319905	463.060583	11.235185	7.506241	-1	###FLOW###
4	2	245	0	0	0	205.319905	463.060583	11.235185	7.506241	-1	###LINE###
5	2	245	0	0	0	205.32	463.06	11.24	7.51	100	313
3	2	246	0	0	0	267.839875	463.060583	7.490123	7.506241	-1	###FLOW###
4	2	246	0	0	0	267.839875	463.060583	7.490123	7.506241	-1	###LINE###
5	2	246	0	0	0	267.84	463.06	7.49	7.51	100	16
3	2	247	0	0	0	330.359860	463.060583	3.745062	7.506241	-1	###FLOW###
4	2	247	0	0	0	330.359860	463.060583	3.745062	7.506241	-1	###LINE###
5	2	247	0	0	0	330.36	463.06	3.75	7.51	100	6
3	2	248	0	0	0	389.159825	463.060583	3.745062	7.506241	-1	###FLOW###
4	2	248	0	0	0	389.159825	463.060583	3.745062	7.506241	-1	###LINE###
5	2	248	0	0	0	389.16	463.06	3.75	7.51	100	2
3	2	249	0	0	0	447.959792	463.060583	3.745062	7.506241	-1	###FLOW###
4	2	249	0	0	0	447.959792	463.060583	3.745062	7.506241	-1	###LINE###
5	2	249	0	0	0	447.96	463.06	3.75	7.51	100	4
3	2	250	0	0	0	506.759788	463.060583	3.745062	7.506241	-1	###FLOW###
4	2	250	0	0	0	506.759788	463.060583	3.745062	7.506241	-1	###LINE###
5	2	250	0	0	0	506.76	463.06	3.75	7.51	100	8
3	2	251	0	0	0	565.559723	463.060583	3.745062	7.506241	-1	###FLOW###
4	2	251	0	0	0	565.559723	463.060583	3.745062	7.506241	-1	###LINE###
5	2	251	0	0	0	565.56	463.06	3.75	7.51	100	2
3	2	252	0	0	0	624.359720	463.060583	3.745062	7.506241	-1	###FLOW###
4	2	252	0	0	0	624.359720	463.060583	3.745062	7.506241	-1	###LINE###
5	2	252	0	0	0	624.36	463.06	3.75	7.51	100	1
3	2	253	0	0	0	683.159716	463.060583	3.745062	7.506241	-1	###FLOW###
4	2	253	0	0	0	683.159716	463.060583	3.745062	7.506241	-1	###LINE###
5	2	253	0	0	0	683.16	463.06	3.75	7.51	100	0
3	2	254	0	0	0	741.959651	463.060583	3.745062	7.506241	-1	###FLOW###
4	2	254	0	0	0	741.959651	463.060583	3.745062	7.506241	-1	###LINE###
5	2	254	0	0	0	741.96	463.06	3.75	7.51	100	0
3	2	255	0	0	0	46.319981	475.420579	19.614424	7.506241	-1	###FLOW###
4	2	255	0	0	0	46.319981	475.420579	19.614424	7.506241	-1	###LINE###
5	2	255	0	0	0	46.32	475.42	19.61	7.51	100	Carroll
3	2	256	0	0	0	146.519939	475.420579	11.235185	7.506241	-1	###FLOW###
4	2	256	0	0	0	146.519939	475.420579	11.235185	7.506241	-1	###LINE###
5	2	256	0	0	0	146.52	475.42	11.24	7.51	100	453
3	2	257	0	0	0	205.319905	475.420579	11.235185	7.506241	-1	###FLOW###
4	2	257	0	0	0	205.319905	475.420579	11.235185	7.506241	-1	###LINE###
5	2	257	0	0	0	205.32	475.42	11.24	7.51	100	367
3	2	258	0	0	0	267.839875	475.420579	7.490123	7.506241	-1	###FLOW###
4	2	258	0	0	0	267.839875	475.420579	7.490123	7.506241	-1	###LINE###
5	2	258	0	0	0	267.84	475.42	7.49	7.51	100	22
3	2	259	0	0	0	326.639840	475.420579	7.490123	7.506241	-1	###FLOW###
4	2	259	0	0	0	326.639840	475.420579	7.490123	7.506241	-1	###LINE###
5	2	259	0	0	0	326.64	475.42	7.49	7.51	100	29
3	2	260	0	0	0	385.439837	475.420579	7.490123	7.506241	-1	###FLOW###
4	2	260	0	0	0	385.439837	475.420579	7.490123	7.506241	-1	###LINE###
5	2	260	0	0	0	385.44	475.42	7.49	7.51	100	11
3	2	261	0	0	0	444.239803	475.420579	7.490123	7.506241	-1	###FLOW###
4	2	261	0	0	0	444.239803	475.420579	7.490123	7.506241	-1	###LINE###
5	2	261	0	0	0	444.24	475.42	7.49	7.51	100	11
3	2	262	0	0	0	506.759788	475.420579	3.745062	7.506241	-1	###FLOW###
4	2	262	0	0	0	506.759788	475.420579	3.745062	7.506241	-1	###LINE###
5	2	262	0	0	0	506.76	475.42	3.75	7.51	100	7
3	2	263	0	0	0	565.559723	475.420579	3.745062	7.506241	-1	###FLOW###
4	2	263	0	0	0	565.559723	475.420579	3.745062	7.506241	-1	###LINE###
5	2	263	0	0	0	565.56	475.42	3.75	7.51	100	7
3	2	264	0	0	0	624.359720	475.420579	3.745062	7.506241	-1	###FLOW###
4	2	264	0	0	0	624.359720	475.420579	3.745062	7.506241	-1	###LINE###
5	2	264	0	0	0	624.36	475.42	3.75	7.51	100	5
3	2	265	0	0	0	683.159716	475.420579	3.745062	7.506241	-1	###FLOW###
4	2	265	0	0	0	683.159716	475.420579	3.745062	7.506241	-1	###LINE###
5	2	265	0	0	0	683.16	475.42	3.75	7.51	100	2
3	2	266	0	0	0	741.959651	475.420579	3.745062	7.506241	-1	###FLOW###
4	2	266	0	0	0	741.959651	475.420579	3.745062	7.506241	-1	###LINE###
5	2	266	0	0	0	741.96	475.42	3.75	7.51	100	1
3	2	267	0	0	0	46.319981	487.660579	18.705101	7.506241	-1	###FLOW###
4	2	267	0	0	0	46.319981	487.660579	18.705101	7.506241	-1	###LINE###
5	2	267	0	0	0	46.32	487.66	18.71	7.51	100	Carter
3	2	268	0	0	0	140.879939	487.660579	16.846042	7.506241	-1	###FLOW###
4	2	268	0	0	0	140.879939	487.660579	16.846042	7.506241	-1	###LINE###
5	2	268	0	0	0	140.88	487.66	16.85	7.51	100	1,246
3	2	269	0	0	0	205.319905	487.660579	11.235185	7.506241	-1	###FLOW###
4	2	269	0	0	0	205.319905	487.660579	11.235185	7.506241	-1	###LINE###
5	2	269	0	0	0	205.32	487.66	11.24	7.51	100	495
3	2	270	0	0	0	267.839875	487.660579	7.490123	7.506241	-1	###FLOW###
4	2	270	0	0	0	267.839875	487.660579	7.490123	7.506241	-1	###LINE###
5	2	270	0	0	0	267.84	487.66	7.49	7.51	100	34
3	2	271	0	0	0	326.639840	487.660579	7.490123	7.506241	-1	###FLOW###
4	2	271	0	0	0	326.639840	487.660579	7.490123	7.506241	-1	###LINE###
5	2	271	0	0	0	326.64	487.66	7.49	7.51	100	38
3	2	272	0	0	0	385.439837	487.660579	7.490123	7.506241	-1	###FLOW###
4	2	272	0	0	0	385.439837	487.660579	7.490123	7.506241	-1	###LINE###
5	2	272	0	0	0	385.44	487.66	7.49	7.51	100	19
3	2	273	0	0	0	447.959792	487.660579	3.745062	7.506241	-1	###FLOW###
4	2	273	0	0	0	447.959792	487.660579	3.745062	7.506241	-1	###LINE###
5	2	273	0	0	0	447.96	487.66	3.75	7.51	100	9
3	2	274	0	0	0	503.039768	487.660579	7.490123	7.506241	-1	###FLOW###
4	2	274	0	0	0	503.039768	487.660579	7.490123	7.506241	-1	###LINE###
5	2	274	0	0	0	503.04	487.66	7.49	7.51	100	24
3	2	275	0	0	0	561.839734	487.660579	7.490123	7.506241	-1	###FLOW###
4	2	275	0	0	0	561.839734	487.660579	7.490123	7.506241	-1	###LINE###
5	2	275	0	0	0	561.84	487.66	7.49	7.51	100	27
3	2	276	0	0	0	620.639731	487.660579	7.490123	7.506241	-1	###FLOW###
4	2	276	0	0	0	620.639731	487.660579	7.490123	7.506241	-1	###LINE###
5	2	276	0	0	0	620.64	487.66	7.49	7.51	100	20
3	2	277	0	0	0	683.159716	487.660579	3.745062	7.506241	-1	###FLOW###
4	2	277	0	0	0	683.159716	487.660579	3.745062	7.506241	-1	###LINE###
5	2	277	0	0	0	683.16	487.66	3.75	7.51	100	1
3	2	278	0	0	0	741.959651	487.660579	3.745062	7.506241	-1	###FLOW###
4	2	278	0	0	0	741.959651	487.660579	3.745062	7.506241	-1	###LINE###
5	2	278	0	0	0	741.96	487.66	3.75	7.51	100	3
3	2	279	0	0	0	46.319981	500.020575	19.021680	7.506241	-1	###FLOW###
4	2	279	0	0	0	46.319981	500.020575	19.021680	7.506241	-1	###LINE###
5	2	279	0	0	0	46.32	500.02	19.02	7.51	100	Casey
3	2	280	0	0	0	140.879939	500.020575	16.846042	7.506241	-1	###FLOW###
4	2	280	0	0	0	140.879939	500.020575	16.846042	7.506241	-1	###LINE###
5	2	280	0	0	0	140.88	500.02	16.85	7.51	100	2,608
3	2	281	0	0	0	199.679905	500.020575	16.846042	7.506241	-1	###FLOW###
4	2	281	0	0	0	199.679905	500.020575	16.846042	7.506241	-1	###LINE###
5	2	281	0	0	0	199.68	500.02	16.85	7.51	100	1,274
3	2	282	0	0	0	267.839875	500.020575	7.490123	7.506241	-1	###FLOW###
4	2	282	0	0	0	267.839875	500.020575	7.490123	7.506241	-1	###LINE###
5	2	282	0	0	0	267.84	500.02	7.49	7.51	100	49
3	2	283	0	0	0	326.639840	500.020575	7.490123	7.506241	-1	###FLOW###
4	2	283	0	0	0	326.639840	500.020575	7.490123	7.506241	-1	###LINE###
5	2	283	0	0	0	326.64	500.02	7.49	7.51	100	71
3	2	284	0	0	0	385.439837	500.020575	7.490123	7.506241	-1	###FLOW###
4	2	284	0	0	0	385.439837	500.020575	7.490123	7.506241	-1	###LINE###
5	2	284	0	0	0	385.44	500.02	7.49	7.51	100	39
3	2	285	0	0	0	444.239803	500.020575	7.490123	7.506241	-1	###FLOW###
4	2	285	0	0	0	444.239803	500.020575	7.490123	7.506241	-1	###LINE###
5	2	285	0	0	0	444.24	500.02	7.49	7.51	100	23
3	2	286	0	0	0	503.039768	500.020575	7.490123	7.506241	-1	###FLOW###
4	2	286	0	0	0	503.039768	500.020575	7.490123	7.506241	-1	###LINE###
5	2	286	0	0	0	503.04	500.02	7.49	7.51	100	18
3	2	287	0	0	0	561.839734	500.020575	7.490123	7.506241	-1	###FLOW###
4	2	287	0	0	0	561.839734	500.020575	7.490123	7.506241	-1	###LINE###
5	2	287	0	0	0	561.84	500.02	7.49	7.51	100	30
3	2	288	0	0	0	624.359720	500.020575	3.745062	7.506241	-1	###FLOW###
4	2	288	0	0	0	624.359720	500.020575	3.745062	7.506241	-1	###LINE###
5	2	288	0	0	0	624.36	500.02	3.75	7.51	100	7
3	2	289	0	0	0	679.439666	500.020575	7.490123	7.506241	-1	###FLOW###
4	2	289	0	0	0	679.439666	500.020575	7.490123	7.506241	-1	###LINE###
5	2	289	0	0	0	679.44	500.02	7.49	7.51	100	11
3	2	290	0	0	0	741.959651	500.020575	3.745062	7.506241	-1	###FLOW###
4	2	290	0	0	0	741.959651	500.020575	3.745062	7.506241	-1	###LINE###
5	2	290	0	0	0	741.96	500.02	3.75	7.51	100	9
3	2	291	0	0	0	46.319981	512.260513	26.686932	7.506241	-1	###FLOW###
4	2	291	0	0	0	46.319981	512.260513	26.686932	7.506241	-1	###LINE###
5	2	291	0	0	0	46.32	512.26	26.69	7.51	100	Christian
3	2	292	0	0	0	140.879939	512.260513	16.846042	7.506241	-1	###FLOW###
4	2	292	0	0	0	140.879939	512.260513	16.846042	7.506241	-1	###LINE###
5	2	292	0	0	0	140.88	512.26	16.85	7.51	100	2,738
3	2	293	0	0	0	199.679905	512.260513	16.846042	7.506241	-1	###FLOW###
4	2	293	0	0	0	199.679905	512.260513	16.846042	7.506241	-1	###LINE###
5	2	293	0	0	0	199.68	512.26	16.85	7.51	100	1,058
3	2	294	0	0	0	267.839875	512.260513	7.490123	7.506241	-1	###FLOW###
4	2	294	0	0	0	267.839875	512.260513	7.490123	7.506241	-1	###LINE###
5	2	294	0	0	0	267.84	512.26	7.49	7.51	100	55
3	2	295	0	0	0	326.639840	512.260513	7.490123	7.506241	-1	###FLOW###
4	2	295	0	0	0	326.639840	512.260513	7.490123	7.506241	-1	###LINE###
5	2	295	0	0	0	326.64	512.26	7.49	7.51	100	80
3	2	296	0	0	0	385.439837	512.260513	7.490123	7.506241	-1	###FLOW###
4	2	296	0	0	0	385.439837	512.260513	7.490123	7.506241	-1	###LINE###
5	2	296	0	0	0	385.44	512.26	7.49	7.51	100	51
3	2	297	0	0	0	444.239803	512.260513	7.490123	7.506241	-1	###FLOW###
4	2	297	0	0	0	444.239803	512.260513	7.490123	7.506241	-1	###LINE###
5	2	297	0	0	0	444.24	512.26	7.49	7.51	100	39
3	2	298	0	0	0	503.039768	512.260513	7.490123	7.506241	-1	###FLOW###
4	2	298	0	0	0	503.039768	512.260513	7.490123	7.506241	-1	###LINE###
5	2	298	0	0	0	503.04	512.26	7.49	7.51	100	84
3	2	299	0	0	0	561.839734	512.260513	7.490123	7.506241	-1	###FLOW###
4	2	299	0	0	0	561.839734	512.260513	7.490123	7.506241	-1	###LINE###
5	2	299	0	0	0	561.84	512.26	7.49	7.51	100	34
3	2	300	0	0	0	620.639731	512.260513	7.490123	7.506241	-1	###FLOW###
4	2	300	0	0	0	620.639731	512.260513	7.490123	7.506241	-1	###LINE###
5	2	300	0	0	0	620.64	512.26	7.49	7.51	100	18
3	2	301	0	0	0	679.439666	512.260513	7.490123	7.506241	-1	###FLOW###
4	2	301	0	0	0	679.439666	512.260513	7.490123	7.506241	-1	###LINE###
5	2	301	0	0	0	679.44	512.26	7.49	7.51	100	21
3	2	302	0	0	0	741.959651	512.260513	3.745062	7.506241	-1	###FLOW###
4	2	302	0	0	0	741.959651	512.260513	3.745062	7.506241	-1	###LINE###
5	2	302	0	0	0	741.96	512.26	3.75	7.51	100	6
3	2	303	0	0	0	46.319981	524.620509	15.471954	7.506241	-1	###FLOW###
4	2	303	0	0	0	46.319981	524.620509	15.471954	7.506241	-1	###LINE###
5	2	303	0	0	0	46.32	524.62	15.47	7.51	100	Clark
3	2	304	0	0	0	140.879939	524.620509	16.846042	7.506241	-1	###FLOW###
4	2	304	0	0	0	140.879939	524.620509	16.846042	7.506241	-1	###LINE###
5	2	304	0	0	0	140.88	524.62	16.85	7.51	100	3,022
3	2	305	0	0	0	205.319905	524.620509	11.235185	7.506241	-1	###FLOW###
4	2	305	0	0	0	205.319905	524.620509	11.235185	7.506241	-1	###LINE###
5	2	305	0	0	0	205.32	524.62	11.24	7.51	100	786
3	2	306	0	0	0	267.839875	524.620509	7.490123	7.506241	-1	###FLOW###
4	2	306	0	0	0	267.839875	524.620509	7.490123	7.506241	-1	###LINE###
5	2	306	0	0	0	267.84	524.62	7.49	7.51	100	57
3	2	307	0	0	0	326.639840	524.620509	7.490123	7.506241	-1	###FLOW###
4	2	307	0	0	0	326.639840	524.620509	7.490123	7.506241	-1	###LINE###
5	2	307	0	0	0	326.64	524.62	7.49	7.51	100	34
3	2	308	0	0	0	385.439837	524.620509	7.490123	7.506241	-1	###FLOW###
4	2	308	0	0	0	385.439837	524.620509	7.490123	7.506241	-1	###LINE###
5	2	308	0	0	0	385.44	524.62	7.49	7.51	100	39
3	2	309	0	0	0	444.239803	524.620509	7.490123	7.506241	-1	###FLOW###
4	2	309	0	0	0	444.239803	524.620509	7.490123	7.506241	-1	###LINE###
5	2	309	0	0	0	444.24	524.62	7.49	7.51	100	40
3	2	310	0	0	0	503.039768	524.620509	7.490123	7.506241	-1	###FLOW###
4	2	310	0	0	0	503.039768	524.620509	7.490123	7.506241	-1	###LINE###
5	2	310	0	0	0	503.04	524.62	7.49	7.51	100	22
3	2	311	0	0	0	561.839734	524.620509	7.490123	7.506241	-1	###FLOW###
4	2	311	0	0	0	561.839734	524.620509	7.490123	7.506241	-1	###LINE###
5	2	311	0	0	0	561.84	524.62	7.49	7.51	100	12
3	2	312	0	0	0	620.639731	524.620509	7.490123	7.506241	-1	###FLOW###
4	2	312	0	0	0	620.639731	524.620509	7.490123	7.506241	-1	###LINE###
5	2	312	0	0	0	620.64	524.62	7.49	7.51	100	22
3	2	313	0	0	0	683.159716	524.620509	3.745062	7.506241	-1	###FLOW###
4	2	313	0	0	0	683.159716	524.620509	3.745062	7.506241	-1	###LINE###
5	2	313	0	0	0	683.16	524.62	3.75	7.51	100	6
3	2	314	0	0	0	741.959651	524.620509	3.745062	7.506241	-1	###FLOW###
4	2	314	0	0	0	741.959651	524.620509	3.745062	7.506241	-1	###LINE###
5	2	314	0	0	0	741.96	524.62	3.75	7.51	100	8
3	2	315	0	0	0	46.319981	536.980566	13.228959	7.506241	-1	###FLOW###
4	2	315	0	0	0	46.319981	536.980566	13.228959	7.506241	-1	###LINE###
5	2	315	0	0	0	46.32	536.98	13.23	7.51	100	Clay
3	2	316	0	0	0	140.879939	536.980566	16.846042	7.506241	-1	###FLOW###
4	2	316	0	0	0	140.879939	536.980566	16.846042	7.506241	-1	###LINE###
5	2	316	0	0	0	140.88	536.98	16.85	7.51	100	2,723
3	2	317	0	0	0	205.319905	536.980566	11.235185	7.506241	-1	###FLOW###
4	2	317	0	0	0	205.319905	536.980566	11.235185	7.506241	-1	###LINE###
5	2	317	0	0	0	205.32	536.98	11.24	7.51	100	997
3	2	318	0	0	0	267.839875	536.980566	7.490123	7.506241	-1	###FLOW###
4	2	318	0	0	0	267.839875	536.980566	7.490123	7.506241	-1	###LINE###
5	2	318	0	0	0	267.84	536.98	7.49	7.51	100	37
3	2	319	0	0	0	326.639840	536.980566	7.490123	7.506241	-1	###FLOW###
4	2	319	0	0	0	326.639840	536.980566	7.490123	7.506241	-1	###LINE###
5	2	319	0	0	0	326.64	536.98	7.49	7.51	100	68
3	2	320	0	0	0	385.439837	536.980566	7.490123	7.506241	-1	###FLOW###
4	2	320	0	0	0	385.439837	536.980566	7.490123	7.506241	-1	###LINE###
5	2	320	0	0	0	385.44	536.98	7.49	7.51	100	28
3	2	321	0	0	0	444.239803	536.980566	7.490123	7.506241	-1	###FLOW###
4	2	321	0	0	0	444.239803	536.980566	7.490123	7.506241	-1	###LINE###
5	2	321	0	0	0	444.24	536.98	7.49	7.51	100	16
3	2	322	0	0	0	503.039768	536.980566	7.490123	7.506241	-1	###FLOW###
4	2	322	0	0	0	503.039768	536.980566	7.490123	7.506241	-1	###LINE###
5	2	322	0	0	0	503.04	536.98	7.49	7.51	100	21
3	2	323	0	0	0	561.839734	536.980566	7.490123	7.506241	-1	###FLOW###
4	2	323	0	0	0	561.839734	536.980566	7.490123	7.506241	-1	###LINE###
5	2	323	0	0	0	561.84	536.98	7.49	7.51	100	36
3	2	324	0	0	0	624.359720	536.980566	3.745062	7.506241	-1	###FLOW###
4	2	324	0	0	0	624.359720	536.980566	3.745062	7.506241	-1	###LINE###
5	2	324	0	0	0	624.36	536.98	3.75	7.51	100	9
3	2	325	0	0	0	683.159716	536.980566	3.745062	7.506241	-1	###FLOW###
4	2	325	0	0	0	683.159716	536.980566	3.745062	7.506241	-1	###LINE###
5	2	325	0	0	0	683.16	536.98	3.75	7.51	100	7
3	2	326	0	0	0	738.239662	536.980566	7.490123	7.506241	-1	###FLOW###
4	2	326	0	0	0	738.239662	536.980566	7.490123	7.506241	-1	###LINE###
5	2	326	0	0	0	738.24	536.98	7.49	7.51	100	11
1	3	0	0	0	0	0.000000	0.000000	792.000000	612.000000	-1	###PAGE###
3	3	0	0	0	0	35.999984	54.115290	161.717484	13.404001	-1	###FLOW###
4	3	0	0	0	0	35.999984	54.115290	161.717484	13.404001	-1	###LINE###
5	3	0	0	0	0	36.00	54.12	89.61	13.40	100	Commonwealth
5	3	0	0	0	1	128.96	54.12	11.34	13.40	100	of
5	3	0	0	0	2	143.60	54.12	54.11	13.40	100	Kentucky
3	3	1	0	0	0	289.919866	54.115290	212.006871	13.404001	-1	###FLOW###
4	3	1	0	0	0	289.919866	54.115290	212.006871	13.404001	-1	###LINE###
5	3	1	0	0	0	289.92	54.12	44.08	13.40	100	Michael
5	3	1	0	0	1	337.41	54.12	12.68	13.40	100	G.
5	3	1	0	0	2	353.49	54.12	43.05	13.40	100	Adams,
5	3	1	0	0	3	399.93	54.12	54.93	13.40	100	Secretary
5	3	1	0	0	4	457.88	54.12	11.34	13.40	100	of
5	3	1	0	0	5	472.53	54.12	29.40	13.40	100	State
3	3	2	0	0	0	584.279730	54.115290	171.664703	13.404001	-1	###FLOW###
4	3	2	0	0	0	584.279730	54.115290	171.664703	13.404001	-1	###LINE###
5	3	2	0	0	0	584.28	54.12	26.75	13.40	100	2026
5	3	2	0	0	1	614.48	54.12	44.77	13.40	100	Primary
5	3	2	0	0	2	662.37	54.12	46.85	13.40	100	Election
5	3	2	0	0	3	712.52	54.12	43.42	13.40	100	Results
3	3	3	0	0	0	134.114399	134.640003	24.202638	24.854041	-1	###FLOW###
4	3	3	0	0	0	147.434396	135.720030	10.882642	22.696201	-1	###LINE###
5	3	3	0	0	0	147.43	135.72	10.88	22.70	100	Andy
4	3	3	0	1	0	134.114399	134.640003	10.882642	24.854041	-1	###LINE###
5	3	3	0	1	0	134.11	134.64	10.88	24.85	100	BARR
3	3	4	0	0	0	192.914365	111.120034	24.202638	46.973733	-1	###FLOW###
4	3	4	0	0	0	206.234362	130.800006	10.882642	27.293761	-1	###LINE###
5	3	4	0	0	0	206.23	130.80	10.88	27.29	100	Daniel
4	3	4	0	1	0	192.914365	111.120034	10.882642	46.772641	-1	###LINE###
5	3	4	0	1	0	192.91	111.12	10.88	46.77	100	CAMERON
3	3	5	0	0	0	251.714347	94.440026	24.202637	64.472762	-1	###FLOW###
4	3	5	0	0	0	265.034342	94.440026	10.882642	64.472762	-1	###LINE###
5	3	5	0	0	0	265.03	94.44	10.88	33.76	100	Michael
5	3	5	0	0	1	265.03	131.91	10.88	27.00	100	James
4	3	5	0	1	0	251.714347	133.440012	10.882642	24.741092	-1	###LINE###
5	3	5	0	1	0	251.71	133.44	10.88	9.90	100	FA
5	3	5	0	1	1	251.71	144.57	10.88	13.61	100	RIS
3	3	6	0	0	0	310.514312	93.360031	24.202638	65.211700	-1	###FLOW###
4	3	6	0	0	0	323.834308	126.000009	10.882642	32.571721	-1	###LINE###
5	3	6	0	0	0	323.83	126.00	10.88	32.57	100	George
4	3	6	0	1	0	310.514312	93.360031	10.882642	64.492202	-1	###LINE###
5	3	6	0	1	0	310.51	93.36	10.88	64.49	100	WASHINGTON
3	3	7	0	0	0	369.314278	90.000018	24.202606	69.021123	-1	###FLOW###
4	3	7	0	0	0	382.634243	90.000018	10.882642	67.845602	-1	###LINE###
5	3	7	0	0	0	382.63	90.00	10.88	29.94	100	Valerie
5	3	7	0	0	1	382.63	123.15	10.88	14.08	100	"Dr
5	3	7	0	0	2	382.63	140.87	10.88	16.97	100	Val"
4	3	7	0	1	0	369.314278	115.320019	10.882642	43.701121	-1	###LINE###
5	3	7	0	1	0	369.31	115.32	10.88	43.70	100	FREDRICK
3	3	8	0	0	0	428.114275	120.720028	24.202637	37.989108	-1	###FLOW###
4	3	8	0	0	0	441.434270	130.560014	10.882642	28.149121	-1	###LINE###
5	3	8	0	0	0	441.43	130.56	10.88	28.15	100	Anissa
4	3	8	0	1	0	428.114275	120.720028	10.882642	37.126996	-1	###LINE###
5	3	8	0	1	0	428.11	120.72	10.88	11.22	100	CA
5	3	8	0	1	1	428.11	133.17	10.88	24.68	100	TLETT
3	3	9	0	0	0	486.914241	117.240019	24.202637	41.671792	-1	###FLOW###
4	3	9	0	0	0	500.234236	119.400009	10.882642	39.511801	-1	###LINE###
5	3	9	0	0	0	500.23	119.40	10.88	27.00	100	James
5	3	9	0	0	1	500.23	149.20	10.88	9.71	100	D.
4	3	9	0	1	0	486.914241	117.240019	10.882642	40.658761	-1	###LINE###
5	3	9	0	1	0	486.91	117.24	10.88	40.66	100	DUNCAN
3	3	10	0	0	0	545.714176	104.160015	24.202637	55.095263	-1	###FLOW###
4	3	10	0	0	0	559.034172	104.160015	10.882642	54.645842	-1	###LINE###
5	3	10	0	0	0	559.03	104.16	10.88	39.40	100	Jonathan
5	3	10	0	0	1	559.03	147.26	10.88	11.55	100	M.
4	3	10	0	1	0	545.714176	112.920037	10.882642	46.335241	-1	###LINE###
5	3	10	0	1	0	545.71	112.92	10.88	46.34	100	HOLLIDAY
3	3	11	0	0	0	604.514171	121.080016	24.202638	37.191500	-1	###FLOW###
4	3	11	0	0	0	617.834168	127.080035	10.882642	31.191481	-1	###LINE###
5	3	11	0	0	0	617.83	127.08	10.88	9.03	100	A.
5	3	11	0	0	1	617.83	139.05	10.88	19.23	100	Nick
4	3	11	0	1	0	604.514171	121.080016	10.882642	36.835201	-1	###LINE###
5	3	11	0	1	0	604.51	121.08	10.88	10.81	100	SH
5	3	11	0	1	1	604.51	133.40	10.88	24.51	100	ELLEY
3	3	12	0	0	0	663.314169	97.920065	24.202637	61.123264	-1	###FLOW###
4	3	12	0	0	0	676.634164	97.920065	10.882642	59.875202	-1	###LINE###
5	3	12	0	0	0	676.63	97.92	10.88	24.90	100	Other
5	3	12	0	0	1	676.63	126.53	10.88	31.27	100	Donald
4	3	12	0	1	0	663.314169	121.320008	10.882642	37.723321	-1	###LINE###
5	3	12	0	1	0	663.31	121.32	10.88	37.72	100	WENZEL
3	3	13	0	0	0	722.114104	122.400034	24.202637	36.508321	-1	###FLOW###
4	3	13	0	0	0	735.434100	122.400034	10.882642	36.508321	-1	###LINE###
5	3	13	0	0	0	735.43	122.40	10.88	27.72	100	Jimmy
5	3	13	0	0	1	735.43	153.52	10.88	5.38	100	I.
4	3	13	0	1	0	722.114104	133.680005	10.882642	24.261121	-1	###LINE###
5	3	13	0	1	0	722.11	133.68	10.88	24.26	100	LEON
3	3	14	0	0	0	46.319981	162.940568	20.779704	7.506241	-1	###FLOW###
4	3	14	0	0	0	46.319981	162.940568	20.779704	7.506241	-1	###LINE###
5	3	14	0	0	0	46.32	162.94	20.78	7.51	100	Clinton
3	3	15	0	0	0	140.879939	162.940568	16.846042	7.506241	-1	###FLOW###
4	3	15	0	0	0	140.879939	162.940568	16.846042	7.506241	-1	###LINE###
5	3	15	0	0	0	140.88	162.94	16.85	7.51	100	2,009
3	3	16	0	0	0	205.319905	162.940568	11.235185	7.506241	-1	###FLOW###
4	3	16	0	0	0	205.319905	162.940568	11.235185	7.506241	-1	###LINE###
5	3	16	0	0	0	205.32	162.94	11.24	7.51	100	516
3	3	17	0	0	0	267.839875	162.940568	7.490123	7.506241	-1	###FLOW###
4	3	17	0	0	0	267.839875	162.940568	7.490123	7.506241	-1	###LINE###
5	3	17	0	0	0	267.84	162.94	7.49	7.51	100	37
3	3	18	0	0	0	326.639840	162.940568	7.490123	7.506241	-1	###FLOW###
4	3	18	0	0	0	326.639840	162.940568	7.490123	7.506241	-1	###LINE###
5	3	18	0	0	0	326.64	162.94	7.49	7.51	100	74
3	3	19	0	0	0	385.439837	162.940568	7.490123	7.506241	-1	###FLOW###
4	3	19	0	0	0	385.439837	162.940568	7.490123	7.506241	-1	###LINE###
5	3	19	0	0	0	385.44	162.94	7.49	7.51	100	31
3	3	20	0	0	0	444.239803	162.940568	7.490123	7.506241	-1	###FLOW###
4	3	20	0	0	0	444.239803	162.940568	7.490123	7.506241	-1	###LINE###
5	3	20	0	0	0	444.24	162.94	7.49	7.51	100	27
3	3	21	0	0	0	503.039768	162.940568	7.490123	7.506241	-1	###FLOW###
4	3	21	0	0	0	503.039768	162.940568	7.490123	7.506241	-1	###LINE###
5	3	21	0	0	0	503.04	162.94	7.49	7.51	100	43
3	3	22	0	0	0	561.839734	162.940568	7.490123	7.506241	-1	###FLOW###
4	3	22	0	0	0	561.839734	162.940568	7.490123	7.506241	-1	###LINE###
5	3	22	0	0	0	561.84	162.94	7.49	7.51	100	33
3	3	23	0	0	0	620.639731	162.940568	7.490123	7.506241	-1	###FLOW###
4	3	23	0	0	0	620.639731	162.940568	7.490123	7.506241	-1	###LINE###
5	3	23	0	0	0	620.64	162.94	7.49	7.51	100	25
3	3	24	0	0	0	679.439666	162.940568	7.490123	7.506241	-1	###FLOW###
4	3	24	0	0	0	679.439666	162.940568	7.490123	7.506241	-1	###LINE###
5	3	24	0	0	0	679.44	162.94	7.49	7.51	100	15
3	3	25	0	0	0	738.239662	162.940568	7.490123	7.506241	-1	###FLOW###
4	3	25	0	0	0	738.239662	162.940568	7.490123	7.506241	-1	###LINE###
5	3	25	0	0	0	738.24	162.94	7.49	7.51	100	10
3	3	26	0	0	0	46.319981	175.300595	31.125773	7.506241	-1	###FLOW###
4	3	26	0	0	0	46.319981	175.300595	31.125773	7.506241	-1	###LINE###
5	3	26	0	0	0	46.32	175.30	31.13	7.51	100	Crittenden
3	3	27	0	0	0	140.879939	175.300595	16.846042	7.506241	-1	###FLOW###
4	3	27	0	0	0	140.879939	175.300595	16.846042	7.506241	-1	###LINE###
5	3	27	0	0	0	140.88	175.30	16.85	7.51	100	1,223
3	3	28	0	0	0	205.319905	175.300595	11.235185	7.506241	-1	###FLOW###
4	3	28	0	0	0	205.319905	175.300595	11.235185	7.506241	-1	###LINE###
5	3	28	0	0	0	205.32	175.30	11.24	7.51	100	367
3	3	29	0	0	0	267.839875	175.300595	7.490123	7.506241	-1	###FLOW###
4	3	29	0	0	0	267.839875	175.300595	7.490123	7.506241	-1	###LINE###
5	3	29	0	0	0	267.84	175.30	7.49	7.51	100	71
3	3	30	0	0	0	326.639840	175.300595	7.490123	7.506241	-1	###FLOW###
4	3	30	0	0	0	326.639840	175.300595	7.490123	7.506241	-1	###LINE###
5	3	30	0	0	0	326.64	175.30	7.49	7.51	100	27
3	3	31	0	0	0	385.439837	175.300595	7.490123	7.506241	-1	###FLOW###
4	3	31	0	0	0	385.439837	175.300595	7.490123	7.506241	-1	###LINE###
5	3	31	0	0	0	385.44	175.30	7.49	7.51	100	13
3	3	32	0	0	0	447.959792	175.300595	3.745062	7.506241	-1	###FLOW###
4	3	32	0	0	0	447.959792	175.300595	3.745062	7.506241	-1	###LINE###
5	3	32	0	0	0	447.96	175.30	3.75	7.51	100	9
3	3	33	0	0	0	503.039768	175.300595	7.490123	7.506241	-1	###FLOW###
4	3	33	0	0	0	503.039768	175.300595	7.490123	7.506241	-1	###LINE###
5	3	33	0	0	0	503.04	175.30	7.49	7.51	100	70
3	3	34	0	0	0	561.839734	175.300595	7.490123	7.506241	-1	###FLOW###
4	3	34	0	0	0	561.839734	175.300595	7.490123	7.506241	-1	###LINE###
5	3	34	0	0	0	561.84	175.30	7.49	7.51	100	10
3	3	35	0	0	0	624.359720	175.300595	3.745062	7.506241	-1	###FLOW###
4	3	35	0	0	0	624.359720	175.300595	3.745062	7.506241	-1	###LINE###
5	3	35	0	0	0	624.36	175.30	3.75	7.51	100	5
3	3	36	0	0	0	683.159716	175.300595	3.745062	7.506241	-1	###FLOW###
4	3	36	0	0	0	683.159716	175.300595	3.745062	7.506241	-1	###LINE###
5	3	36	0	0	0	683.16	175.30	3.75	7.51	100	5
3	3	37	0	0	0	741.959651	175.300595	3.745062	7.506241	-1	###FLOW###
4	3	37	0	0	0	741.959651	175.300595	3.745062	7.506241	-1	###LINE###
5	3	37	0	0	0	741.96	175.30	3.75	7.51	100	1
3	3	38	0	0	0	46.319981	187.540594	36.433523	7.506241	-1	###FLOW###
4	3	38	0	0	0	46.319981	187.540594	36.433523	7.506241	-1	###LINE###
5	3	38	0	0	0	46.32	187.54	36.43	7.51	100	Cumberland
3	3	39	0	0	0	140.879939	187.540594	16.846042	7.506241	-1	###FLOW###
4	3	39	0	0	0	140.879939	187.540594	16.846042	7.506241	-1	###LINE###
5	3	39	0	0	0	140.88	187.54	16.85	7.51	100	1,240
3	3	40	0	0	0	205.319905	187.540594	11.235185	7.506241	-1	###FLOW###
4	3	40	0	0	0	205.319905	187.540594	11.235185	7.506241	-1	###LINE###
5	3	40	0	0	0	205.32	187.54	11.24	7.51	100	507
3	3	41	0	0	0	267.839875	187.540594	7.490123	7.506241	-1	###FLOW###
4	3	41	0	0	0	267.839875	187.540594	7.490123	7.506241	-1	###LINE###
5	3	41	0	0	0	267.84	187.54	7.49	7.51	100	40
3	3	42	0	0	0	326.639840	187.540594	7.490123	7.506241	-1	###FLOW###
4	3	42	0	0	0	326.639840	187.540594	7.490123	7.506241	-1	###LINE###
5	3	42	0	0	0	326.64	187.54	7.49	7.51	100	51
3	3	43	0	0	0	385.439837	187.540594	7.490123	7.506241	-1	###FLOW###
4	3	43	0	0	0	385.439837	187.540594	7.490123	7.506241	-1	###LINE###
5	3	43	0	0	0	385.44	187.54	7.49	7.51	100	19
3	3	44	0	0	0	444.239803	187.540594	7.490123	7.506241	-1	###FLOW###
4	3	44	0	0	0	444.239803	187.540594	7.490123	7.506241	-1	###LINE###
5	3	44	0	0	0	444.24	187.54	7.49	7.51	100	19
3	3	45	0	0	0	503.039768	187.540594	7.490123	7.506241	-1	###FLOW###
4	3	45	0	0	0	503.039768	187.540594	7.490123	7.506241	-1	###LINE###
5	3	45	0	0	0	503.04	187.54	7.49	7.51	100	41
3	3	46	0	0	0	561.839734	187.540594	7.490123	7.506241	-1	###FLOW###
4	3	46	0	0	0	561.839734	187.540594	7.490123	7.506241	-1	###LINE###
5	3	46	0	0	0	561.84	187.54	7.49	7.51	100	37
3	3	47	0	0	0	620.639731	187.540594	7.490123	7.506241	-1	###FLOW###
4	3	47	0	0	0	620.639731	187.540594	7.490123	7.506241	-1	###LINE###
5	3	47	0	0	0	620.64	187.54	7.49	7.51	100	11
3	3	48	0	0	0	679.439666	187.540594	7.490123	7.506241	-1	###FLOW###
4	3	48	0	0	0	679.439666	187.540594	7.490123	7.506241	-1	###LINE###
5	3	48	0	0	0	679.44	187.54	7.49	7.51	100	14
3	3	49	0	0	0	741.959651	187.540594	3.745062	7.506241	-1	###FLOW###
4	3	49	0	0	0	741.959651	187.540594	3.745062	7.506241	-1	###LINE###
5	3	49	0	0	0	741.96	187.54	3.75	7.51	100	7
3	3	50	0	0	0	46.319981	199.900589	24.039793	7.506241	-1	###FLOW###
4	3	50	0	0	0	46.319981	199.900589	24.039793	7.506241	-1	###LINE###
5	3	50	0	0	0	46.32	199.90	24.04	7.51	100	Daviess
3	3	51	0	0	0	140.879939	199.900589	16.846042	7.506241	-1	###FLOW###
4	3	51	0	0	0	140.879939	199.900589	16.846042	7.506241	-1	###LINE###
5	3	51	0	0	0	140.88	199.90	16.85	7.51	100	4,330
3	3	52	0	0	0	199.679905	199.900589	16.846042	7.506241	-1	###FLOW###
4	3	52	0	0	0	199.679905	199.900589	16.846042	7.506241	-1	###LINE###
5	3	52	0	0	0	199.68	199.90	16.85	7.51	100	2,625
3	3	53	0	0	0	264.119885	199.900589	11.235185	7.506241	-1	###FLOW###
4	3	53	0	0	0	264.119885	199.900589	11.235185	7.506241	-1	###LINE###
5	3	53	0	0	0	264.12	199.90	11.24	7.51	100	308
3	3	54	0	0	0	326.639840	199.900589	7.490123	7.506241	-1	###FLOW###
4	3	54	0	0	0	326.639840	199.900589	7.490123	7.506241	-1	###LINE###
5	3	54	0	0	0	326.64	199.90	7.49	7.51	100	83
3	3	55	0	0	0	381.719817	199.900589	11.235185	7.506241	-1	###FLOW###
4	3	55	0	0	0	381.719817	199.900589	11.235185	7.506241	-1	###LINE###
5	3	55	0	0	0	381.72	199.90	11.24	7.51	100	113
3	3	56	0	0	0	440.519813	199.900589	11.235185	7.506241	-1	###FLOW###
4	3	56	0	0	0	440.519813	199.900589	11.235185	7.506241	-1	###LINE###
5	3	56	0	0	0	440.52	199.90	11.24	7.51	100	100
3	3	57	0	0	0	503.039768	199.900589	7.490123	7.506241	-1	###FLOW###
4	3	57	0	0	0	503.039768	199.900589	7.490123	7.506241	-1	###LINE###
5	3	57	0	0	0	503.04	199.90	7.49	7.51	100	75
3	3	58	0	0	0	561.839734	199.900589	7.490123	7.506241	-1	###FLOW###
4	3	58	0	0	0	561.839734	199.900589	7.490123	7.506241	-1	###LINE###
5	3	58	0	0	0	561.84	199.90	7.49	7.51	100	43
3	3	59	0	0	0	620.639731	199.900589	7.490123	7.506241	-1	###FLOW###
4	3	59	0	0	0	620.639731	199.900589	7.490123	7.506241	-1	###LINE###
5	3	59	0	0	0	620.64	199.90	7.49	7.51	100	33
3	3	60	0	0	0	679.439666	199.900589	7.490123	7.506241	-1	###FLOW###
4	3	60	0	0	0	679.439666	199.900589	7.490123	7.506241	-1	###LINE###
5	3	60	0	0	0	679.44	199.90	7.49	7.51	100	22
3	3	61	0	0	0	738.239662	199.900589	7.490123	7.506241	-1	###FLOW###
4	3	61	0	0	0	738.239662	199.900589	7.490123	7.506241	-1	###LINE###
5	3	61	0	0	0	738.24	199.90	7.49	7.51	100	15
3	3	62	0	0	0	46.319981	212.140590	32.115925	7.506241	-1	###FLOW###
4	3	62	0	0	0	46.319981	212.140590	32.115925	7.506241	-1	###LINE###
5	3	62	0	0	0	46.32	212.14	32.12	7.51	100	Edmonson
3	3	63	0	0	0	140.879939	212.140590	16.846042	7.506241	-1	###FLOW###
4	3	63	0	0	0	140.879939	212.140590	16.846042	7.506241	-1	###LINE###
5	3	63	0	0	0	140.88	212.14	16.85	7.51	100	1,051
3	3	64	0	0	0	205.319905	212.140590	11.235185	7.506241	-1	###FLOW###
4	3	64	0	0	0	205.319905	212.140590	11.235185	7.506241	-1	###LINE###
5	3	64	0	0	0	205.32	212.14	11.24	7.51	100	308
3	3	65	0	0	0	267.839875	212.140590	7.490123	7.506241	-1	###FLOW###
4	3	65	0	0	0	267.839875	212.140590	7.490123	7.506241	-1	###LINE###
5	3	65	0	0	0	267.84	212.14	7.49	7.51	100	22
3	3	66	0	0	0	326.639840	212.140590	7.490123	7.506241	-1	###FLOW###
4	3	66	0	0	0	326.639840	212.140590	7.490123	7.506241	-1	###LINE###
5	3	66	0	0	0	326.64	212.14	7.49	7.51	100	16
3	3	67	0	0	0	385.439837	212.140590	7.490123	7.506241	-1	###FLOW###
4	3	67	0	0	0	385.439837	212.140590	7.490123	7.506241	-1	###LINE###
5	3	67	0	0	0	385.44	212.14	7.49	7.51	100	14
3	3	68	0	0	0	444.239803	212.140590	7.490123	7.506241	-1	###FLOW###
4	3	68	0	0	0	444.239803	212.140590	7.490123	7.506241	-1	###LINE###
5	3	68	0	0	0	444.24	212.14	7.49	7.51	100	13
3	3	69	0	0	0	506.759788	212.140590	3.745062	7.506241	-1	###FLOW###
4	3	69	0	0	0	506.759788	212.140590	3.745062	7.506241	-1	###LINE###
5	3	69	0	0	0	506.76	212.14	3.75	7.51	100	6
3	3	70	0	0	0	565.559723	212.140590	3.745062	7.506241	-1	###FLOW###
4	3	70	0	0	0	565.559723	212.140590	3.745062	7.506241	-1	###LINE###
5	3	70	0	0	0	565.56	212.14	3.75	7.51	100	5
3	3	71	0	0	0	624.359720	212.140590	3.745062	7.506241	-1	###FLOW###
4	3	71	0	0	0	624.359720	212.140590	3.745062	7.506241	-1	###LINE###
5	3	71	0	0	0	624.36	212.14	3.75	7.51	100	3
3	3	72	0	0	0	683.159716	212.140590	3.745062	7.506241	-1	###FLOW###
4	3	72	0	0	0	683.159716	212.140590	3.745062	7.506241	-1	###LINE###
5	3	72	0	0	0	683.16	212.14	3.75	7.51	100	1
3	3	73	0	0	0	741.959651	212.140590	3.745062	7.506241	-1	###FLOW###
4	3	73	0	0	0	741.959651	212.140590	3.745062	7.506241	-1	###LINE###
5	3	73	0	0	0	741.96	212.14	3.75	7.51	100	0
3	3	74	0	0	0	46.319981	224.500585	16.145527	7.506241	-1	###FLOW###
4	3	74	0	0	0	46.319981	224.500585	16.145527	7.506241	-1	###LINE###
5	3	74	0	0	0	46.32	224.50	16.15	7.51	100	Elliott
3	3	75	0	0	0	146.519939	224.500585	11.235185	7.506241	-1	###FLOW###
4	3	75	0	0	0	146.519939	224.500585	11.235185	7.506241	-1	###LINE###
5	3	75	0	0	0	146.52	224.50	11.24	7.51	100	159
3	3	76	0	0	0	209.039909	224.500585	7.490123	7.506241	-1	###FLOW###
4	3	76	0	0	0	209.039909	224.500585	7.490123	7.506241	-1	###LINE###
5	3	76	0	0	0	209.04	224.50	7.49	7.51	100	36
3	3	77	0	0	0	271.559864	224.500585	3.745062	7.506241	-1	###FLOW###
4	3	77	0	0	0	271.559864	224.500585	3.745062	7.506241	-1	###LINE###
5	3	77	0	0	0	271.56	224.50	3.75	7.51	100	4
3	3	78	0	0	0	330.359860	224.500585	3.745062	7.506241	-1	###FLOW###
4	3	78	0	0	0	330.359860	224.500585	3.745062	7.506241	-1	###LINE###
5	3	78	0	0	0	330.36	224.50	3.75	7.51	100	7
3	3	79	0	0	0	389.159825	224.500585	3.745062	7.506241	-1	###FLOW###
4	3	79	0	0	0	389.159825	224.500585	3.745062	7.506241	-1	###LINE###
5	3	79	0	0	0	389.16	224.50	3.75	7.51	100	2
3	3	80	0	0	0	447.959792	224.500585	3.745062	7.506241	-1	###FLOW###
4	3	80	0	0	0	447.959792	224.500585	3.745062	7.506241	-1	###LINE###
5	3	80	0	0	0	447.96	224.50	3.75	7.51	100	0
3	3	81	0	0	0	506.759788	224.500585	3.745062	7.506241	-1	###FLOW###
4	3	81	0	0	0	506.759788	224.500585	3.745062	7.506241	-1	###LINE###
5	3	81	0	0	0	506.76	224.50	3.75	7.51	100	0
3	3	82	0	0	0	565.559723	224.500585	3.745062	7.506241	-1	###FLOW###
4	3	82	0	0	0	565.559723	224.500585	3.745062	7.506241	-1	###LINE###
5	3	82	0	0	0	565.56	224.50	3.75	7.51	100	3
3	3	83	0	0	0	624.359720	224.500585	3.745062	7.506241	-1	###FLOW###
4	3	83	0	0	0	624.359720	224.500585	3.745062	7.506241	-1	###LINE###
5	3	83	0	0	0	624.36	224.50	3.75	7.51	100	4
3	3	84	0	0	0	683.159716	224.500585	3.745062	7.506241	-1	###FLOW###
4	3	84	0	0	0	683.159716	224.500585	3.745062	7.506241	-1	###LINE###
5	3	84	0	0	0	683.16	224.50	3.75	7.51	100	1
3	3	85	0	0	0	741.959651	224.500585	3.745062	7.506241	-1	###FLOW###
4	3	85	0	0	0	741.959651	224.500585	3.745062	7.506241	-1	###LINE###
5	3	85	0	0	0	741.96	224.50	3.75	7.51	100	1
3	3	86	0	0	0	46.319981	236.740585	14.091131	7.506241	-1	###FLOW###
4	3	86	0	0	0	46.319981	236.740585	14.091131	7.506241	-1	###LINE###
5	3	86	0	0	0	46.32	236.74	14.09	7.51	100	Estill
3	3	87	0	0	0	140.879939	236.740585	16.846042	7.506241	-1	###FLOW###
4	3	87	0	0	0	140.879939	236.740585	16.846042	7.506241	-1	###LINE###
5	3	87	0	0	0	140.88	236.74	16.85	7.51	100	1,897
3	3	88	0	0	0	205.319905	236.740585	11.235185	7.506241	-1	###FLOW###
4	3	88	0	0	0	205.319905	236.740585	11.235185	7.506241	-1	###LINE###
5	3	88	0	0	0	205.32	236.74	11.24	7.51	100	395
3	3	89	0	0	0	267.839875	236.740585	7.490123	7.506241	-1	###FLOW###
4	3	89	0	0	0	267.839875	236.740585	7.490123	7.506241	-1	###LINE###
5	3	89	0	0	0	267.84	236.74	7.49	7.51	100	48
3	3	90	0	0	0	326.639840	236.740585	7.490123	7.506241	-1	###FLOW###
4	3	90	0	0	0	326.639840	236.740585	7.490123	7.506241	-1	###LINE###
5	3	90	0	0	0	326.64	236.74	7.49	7.51	100	25
3	3	91	0	0	0	385.439837	236.740585	7.490123	7.506241	-1	###FLOW###
4	3	91	0	0	0	385.439837	236.740585	7.490123	7.506241	-1	###LINE###
5	3	91	0	0	0	385.44	236.74	7.49	7.51	100	18
3	3	92	0	0	0	444.239803	236.740585	7.490123	7.506241	-1	###FLOW###
4	3	92	0	0	0	444.239803	236.740585	7.490123	7.506241	-1	###LINE###
5	3	92	0	0	0	444.24	236.74	7.49	7.51	100	20
3	3	93	0	0	0	503.039768	236.740585	7.490123	7.506241	-1	###FLOW###
4	3	93	0	0	0	503.039768	236.740585	7.490123	7.506241	-1	###LINE###
5	3	93	0	0	0	503.04	236.74	7.49	7.51	100	13
3	3	94	0	0	0	565.559723	236.740585	3.745062	7.506241	-1	###FLOW###
4	3	94	0	0	0	565.559723	236.740585	3.745062	7.506241	-1	###LINE###
5	3	94	0	0	0	565.56	236.74	3.75	7.51	100	8
3	3	95	0	0	0	624.359720	236.740585	3.745062	7.506241	-1	###FLOW###
4	3	95	0	0	0	624.359720	236.740585	3.745062	7.506241	-1	###LINE###
5	3	95	0	0	0	624.36	236.74	3.75	7.51	100	7
3	3	96	0	0	0	683.159716	236.740585	3.745062	7.506241	-1	###FLOW###
4	3	96	0	0	0	683.159716	236.740585	3.745062	7.506241	-1	###LINE###
5	3	96	0	0	0	683.16	236.74	3.75	7.51	100	4
3	3	97	0	0	0	741.959651	236.740585	3.745062	7.506241	-1	###FLOW###
4	3	97	0	0	0	741.959651	236.740585	3.745062	7.506241	-1	###LINE###
5	3	97	0	0	0	741.96	236.74	3.75	7.51	100	6
3	3	98	0	0	0	46.319981	249.100581	22.342391	7.506241	-1	###FLOW###
4	3	98	0	0	0	46.319981	249.100581	22.342391	7.506241	-1	###LINE###
5	3	98	0	0	0	46.32	249.10	22.34	7.51	100	Fayette
3	3	99	0	0	0	137.159935	249.100581	20.591103	7.506241	-1	###FLOW###
4	3	99	0	0	0	137.159935	249.100581	20.591103	7.506241	-1	###LINE###
5	3	99	0	0	0	137.16	249.10	20.59	7.51	100	12,299
3	3	100	0	0	0	199.679905	249.100581	16.846042	7.506241	-1	###FLOW###
4	3	100	0	0	0	199.679905	249.100581	16.846042	7.506241	-1	###LINE###
5	3	100	0	0	0	199.68	249.10	16.85	7.51	100	3,799
3	3	101	0	0	0	264.119885	249.100581	11.235185	7.506241	-1	###FLOW###
4	3	101	0	0	0	264.119885	249.100581	11.235185	7.506241	-1	###LINE###
5	3	101	0	0	0	264.12	249.10	11.24	7.51	100	253
3	3	102	0	0	0	322.919852	249.100581	11.235185	7.506241	-1	###FLOW###
4	3	102	0	0	0	322.919852	249.100581	11.235185	7.506241	-1	###LINE###
5	3	102	0	0	0	322.92	249.10	11.24	7.51	100	188
3	3	103	0	0	0	381.719817	249.100581	11.235185	7.506241	-1	###FLOW###
4	3	103	0	0	0	381.719817	249.100581	11.235185	7.506241	-1	###LINE###
5	3	103	0	0	0	381.72	249.10	11.24	7.51	100	268
3	3	104	0	0	0	440.519813	249.100581	11.235185	7.506241	-1	###FLOW###
4	3	104	0	0	0	440.519813	249.100581	11.235185	7.506241	-1	###LINE###
5	3	104	0	0	0	440.52	249.10	11.24	7.51	100	351
3	3	105	0	0	0	499.319780	249.100581	11.235185	7.506241	-1	###FLOW###
4	3	105	0	0	0	499.319780	249.100581	11.235185	7.506241	-1	###LINE###
5	3	105	0	0	0	499.32	249.10	11.24	7.51	100	151
3	3	106	0	0	0	558.119746	249.100581	11.235185	7.506241	-1	###FLOW###
4	3	106	0	0	0	558.119746	249.100581	11.235185	7.506241	-1	###LINE###
5	3	106	0	0	0	558.12	249.10	11.24	7.51	100	159
3	3	107	0	0	0	616.919742	249.100581	11.235185	7.506241	-1	###FLOW###
4	3	107	0	0	0	616.919742	249.100581	11.235185	7.506241	-1	###LINE###
5	3	107	0	0	0	616.92	249.10	11.24	7.51	100	102
3	3	108	0	0	0	679.439666	249.100581	7.490123	7.506241	-1	###FLOW###
4	3	108	0	0	0	679.439666	249.100581	7.490123	7.506241	-1	###LINE###
5	3	108	0	0	0	679.44	249.10	7.49	7.51	100	40
3	3	109	0	0	0	738.239662	249.100581	7.490123	7.506241	-1	###FLOW###
4	3	109	0	0	0	738.239662	249.100581	7.490123	7.506241	-1	###LINE###
5	3	109	0	0	0	738.24	249.10	7.49	7.51	100	51
3	3	110	0	0	0	46.319981	261.340581	23.804043	7.506241	-1	###FLOW###
4	3	110	0	0	0	46.319981	261.340581	23.804043	7.506241	-1	###LINE###
5	3	110	0	0	0	46.32	261.34	23.80	7.51	100	Fleming
3	3	111	0	0	0	140.879939	261.340581	16.846042	7.506241	-1	###FLOW###
4	3	111	0	0	0	140.879939	261.340581	16.846042	7.506241	-1	###LINE###
5	3	111	0	0	0	140.88	261.34	16.85	7.51	100	1,537
3	3	112	0	0	0	205.319905	261.340581	11.235185	7.506241	-1	###FLOW###
4	3	112	0	0	0	205.319905	261.340581	11.235185	7.506241	-1	###LINE###
5	3	112	0	0	0	205.32	261.34	11.24	7.51	100	474
3	3	113	0	0	0	267.839875	261.340581	7.490123	7.506241	-1	###FLOW###
4	3	113	0	0	0	267.839875	261.340581	7.490123	7.506241	-1	###LINE###
5	3	113	0	0	0	267.84	261.34	7.49	7.51	100	29
3	3	114	0	0	0	326.639840	261.340581	7.490123	7.506241	-1	###FLOW###
4	3	114	0	0	0	326.639840	261.340581	7.490123	7.506241	-1	###LINE###
5	3	114	0	0	0	326.64	261.34	7.49	7.51	100	18
3	3	115	0	0	0	385.439837	261.340581	7.490123	7.506241	-1	###FLOW###
4	3	115	0	0	0	385.439837	261.340581	7.490123	7.506241	-1	###LINE###
5	3	115	0	0	0	385.44	261.34	7.49	7.51	100	10
3	3	116	0	0	0	447.959792	261.340581	3.745062	7.506241	-1	###FLOW###
4	3	116	0	0	0	447.959792	261.340581	3.745062	7.506241	-1	###LINE###
5	3	116	0	0	0	447.96	261.34	3.75	7.51	100	7
3	3	117	0	0	0	503.039768	261.340581	7.490123	7.506241	-1	###FLOW###
4	3	117	0	0	0	503.039768	261.340581	7.490123	7.506241	-1	###LINE###
5	3	117	0	0	0	503.04	261.34	7.49	7.51	100	19
3	3	118	0	0	0	565.559723	261.340581	3.745062	7.506241	-1	###FLOW###
4	3	118	0	0	0	565.559723	261.340581	3.745062	7.506241	-1	###LINE###
5	3	118	0	0	0	565.56	261.34	3.75	7.51	100	3
3	3	119	0	0	0	620.639731	261.340581	7.490123	7.506241	-1	###FLOW###
4	3	119	0	0	0	620.639731	261.340581	7.490123	7.506241	-1	###LINE###
5	3	119	0	0	0	620.64	261.34	7.49	7.51	100	93
3	3	120	0	0	0	683.159716	261.340581	3.745062	7.506241	-1	###FLOW###
4	3	120	0	0	0	683.159716	261.340581	3.745062	7.506241	-1	###LINE###
5	3	120	0	0	0	683.16	261.34	3.75	7.51	100	3
3	3	121	0	0	0	741.959651	261.340581	3.745062	7.506241	-1	###FLOW###
4	3	121	0	0	0	741.959651	261.340581	3.745062	7.506241	-1	###LINE###
5	3	121	0	0	0	741.96	261.34	3.75	7.51	100	1
3	3	122	0	0	0	46.319981	273.700576	16.098377	7.506241	-1	###FLOW###
4	3	122	0	0	0	46.319981	273.700576	16.098377	7.506241	-1	###LINE###
5	3	122	0	0	0	46.32	273.70	16.10	7.51	100	Floyd
3	3	123	0	0	0	140.879939	273.700576	16.846042	7.506241	-1	###FLOW###
4	3	123	0	0	0	140.879939	273.700576	16.846042	7.506241	-1	###LINE###
5	3	123	0	0	0	140.88	273.70	16.85	7.51	100	1,188
3	3	124	0	0	0	205.319905	273.700576	11.235185	7.506241	-1	###FLOW###
4	3	124	0	0	0	205.319905	273.700576	11.235185	7.506241	-1	###LINE###
5	3	124	0	0	0	205.32	273.70	11.24	7.51	100	735
3	3	125	0	0	0	267.839875	273.700576	7.490123	7.506241	-1	###FLOW###
4	3	125	0	0	0	267.839875	273.700576	7.490123	7.506241	-1	###LINE###
5	3	125	0	0	0	267.84	273.70	7.49	7.51	100	21
3	3	126	0	0	0	326.639840	273.700576	7.490123	7.506241	-1	###FLOW###
4	3	126	0	0	0	326.639840	273.700576	7.490123	7.506241	-1	###LINE###
5	3	126	0	0	0	326.64	273.70	7.49	7.51	100	48
3	3	127	0	0	0	385.439837	273.700576	7.490123	7.506241	-1	###FLOW###
4	3	127	0	0	0	385.439837	273.700576	7.490123	7.506241	-1	###LINE###
5	3	127	0	0	0	385.44	273.70	7.49	7.51	100	19
3	3	128	0	0	0	447.959792	273.700576	3.745062	7.506241	-1	###FLOW###
4	3	128	0	0	0	447.959792	273.700576	3.745062	7.506241	-1	###LINE###
5	3	128	0	0	0	447.96	273.70	3.75	7.51	100	6
3	3	129	0	0	0	503.039768	273.700576	7.490123	7.506241	-1	###FLOW###
4	3	129	0	0	0	503.039768	273.700576	7.490123	7.506241	-1	###LINE###
5	3	129	0	0	0	503.04	273.70	7.49	7.51	100	12
3	3	130	0	0	0	561.839734	273.700576	7.490123	7.506241	-1	###FLOW###
4	3	130	0	0	0	561.839734	273.700576	7.490123	7.506241	-1	###LINE###
5	3	130	0	0	0	561.84	273.70	7.49	7.51	100	24
3	3	131	0	0	0	620.639731	273.700576	7.490123	7.506241	-1	###FLOW###
4	3	131	0	0	0	620.639731	273.700576	7.490123	7.506241	-1	###LINE###
5	3	131	0	0	0	620.64	273.70	7.49	7.51	100	10
3	3	132	0	0	0	683.159716	273.700576	3.745062	7.506241	-1	###FLOW###
4	3	132	0	0	0	683.159716	273.700576	3.745062	7.506241	-1	###LINE###
5	3	132	0	0	0	683.16	273.70	3.75	7.51	100	6
3	3	133	0	0	0	741.959651	273.700576	3.745062	7.506241	-1	###FLOW###
4	3	133	0	0	0	741.959651	273.700576	3.745062	7.506241	-1	###LINE###
5	3	133	0	0	0	741.96	273.70	3.75	7.51	100	4
3	3	134	0	0	0	46.319981	285.940576	23.783836	7.506241	-1	###FLOW###
4	3	134	0	0	0	46.319981	285.940576	23.783836	7.506241	-1	###LINE###
5	3	134	0	0	0	46.32	285.94	23.78	7.51	100	Franklin
3	3	135	0	0	0	140.879939	285.940576	16.846042	7.506241	-1	###FLOW###
4	3	135	0	0	0	140.879939	285.940576	16.846042	7.506241	-1	###LINE###
5	3	135	0	0	0	140.88	285.94	16.85	7.51	100	2,548
3	3	136	0	0	0	199.679905	285.940576	16.846042	7.506241	-1	###FLOW###
4	3	136	0	0	0	199.679905	285.940576	16.846042	7.506241	-1	###LINE###
5	3	136	0	0	0	199.68	285.94	16.85	7.51	100	1,114
3	3	137	0	0	0	267.839875	285.940576	7.490123	7.506241	-1	###FLOW###
4	3	137	0	0	0	267.839875	285.940576	7.490123	7.506241	-1	###LINE###
5	3	137	0	0	0	267.84	285.94	7.49	7.51	100	82
3	3	138	0	0	0	326.639840	285.940576	7.490123	7.506241	-1	###FLOW###
4	3	138	0	0	0	326.639840	285.940576	7.490123	7.506241	-1	###LINE###
5	3	138	0	0	0	326.64	285.94	7.49	7.51	100	48
3	3	139	0	0	0	385.439837	285.940576	7.490123	7.506241	-1	###FLOW###
4	3	139	0	0	0	385.439837	285.940576	7.490123	7.506241	-1	###LINE###
5	3	139	0	0	0	385.44	285.94	7.49	7.51	100	46
3	3	140	0	0	0	444.239803	285.940576	7.490123	7.506241	-1	###FLOW###
4	3	140	0	0	0	444.239803	285.940576	7.490123	7.506241	-1	###LINE###
5	3	140	0	0	0	444.24	285.94	7.49	7.51	100	69
3	3	141	0	0	0	503.039768	285.940576	7.490123	7.506241	-1	###FLOW###
4	3	141	0	0	0	503.039768	285.940576	7.490123	7.506241	-1	###LINE###
5	3	141	0	0	0	503.04	285.94	7.49	7.51	100	30
3	3	142	0	0	0	561.839734	285.940576	7.490123	7.506241	-1	###FLOW###
4	3	142	0	0	0	561.839734	285.940576	7.490123	7.506241	-1	###LINE###
5	3	142	0	0	0	561.84	285.94	7.49	7.51	100	46
3	3	143	0	0	0	620.639731	285.940576	7.490123	7.506241	-1	###FLOW###
4	3	143	0	0	0	620.639731	285.940576	7.490123	7.506241	-1	###LINE###
5	3	143	0	0	0	620.64	285.94	7.49	7.51	100	10
3	3	144	0	0	0	679.439666	285.940576	7.490123	7.506241	-1	###FLOW###
4	3	144	0	0	0	679.439666	285.940576	7.490123	7.506241	-1	###LINE###
5	3	144	0	0	0	679.44	285.94	7.49	7.51	100	18
3	3	145	0	0	0	741.959651	285.940576	3.745062	7.506241	-1	###FLOW###
4	3	145	0	0	0	741.959651	285.940576	3.745062	7.506241	-1	###LINE###
5	3	145	0	0	0	741.96	285.94	3.75	7.51	100	7
3	3	146	0	0	0	46.319981	298.300572	18.469351	7.506241	-1	###FLOW###
4	3	146	0	0	0	46.319981	298.300572	18.469351	7.506241	-1	###LINE###
5	3	146	0	0	0	46.32	298.30	18.47	7.51	100	Fulton
3	3	147	0	0	0	146.519939	298.300572	11.235185	7.506241	-1	###FLOW###
4	3	147	0	0	0	146.519939	298.300572	11.235185	7.506241	-1	###LINE###
5	3	147	0	0	0	146.52	298.30	11.24	7.51	100	231
3	3	148	0	0	0	209.039909	298.300572	7.490123	7.506241	-1	###FLOW###
4	3	148	0	0	0	209.039909	298.300572	7.490123	7.506241	-1	###LINE###
5	3	148	0	0	0	209.04	298.30	7.49	7.51	100	53
3	3	149	0	0	0	271.559864	298.300572	3.745062	7.506241	-1	###FLOW###
4	3	149	0	0	0	271.559864	298.300572	3.745062	7.506241	-1	###LINE###
5	3	149	0	0	0	271.56	298.30	3.75	7.51	100	1
3	3	150	0	0	0	330.359860	298.300572	3.745062	7.506241	-1	###FLOW###
4	3	150	0	0	0	330.359860	298.300572	3.745062	7.506241	-1	###LINE###
5	3	150	0	0	0	330.36	298.30	3.75	7.51	100	2
3	3	151	0	0	0	389.159825	298.300572	3.745062	7.506241	-1	###FLOW###
4	3	151	0	0	0	389.159825	298.300572	3.745062	7.506241	-1	###LINE###
5	3	151	0	0	0	389.16	298.30	3.75	7.51	100	2
3	3	152	0	0	0	447.959792	298.300572	3.745062	7.506241	-1	###FLOW###
4	3	152	0	0	0	447.959792	298.300572	3.745062	7.506241	-1	###LINE###
5	3	152	0	0	0	447.96	298.30	3.75	7.51	100	0
3	3	153	0	0	0	506.759788	298.300572	3.745062	7.506241	-1	###FLOW###
4	3	153	0	0	0	506.759788	298.300572	3.745062	7.506241	-1	###LINE###
5	3	153	0	0	0	506.76	298.30	3.75	7.51	100	5
3	3	154	0	0	0	565.559723	298.300572	3.745062	7.506241	-1	###FLOW###
4	3	154	0	0	0	565.559723	298.300572	3.745062	7.506241	-1	###LINE###
5	3	154	0	0	0	565.56	298.30	3.75	7.51	100	4
3	3	155	0	0	0	624.359720	298.300572	3.745062	7.506241	-1	###FLOW###
4	3	155	0	0	0	624.359720	298.300572	3.745062	7.506241	-1	###LINE###
5	3	155	0	0	0	624.36	298.30	3.75	7.51	100	0
3	3	156	0	0	0	683.159716	298.300572	3.745062	7.506241	-1	###FLOW###
4	3	156	0	0	0	683.159716	298.300572	3.745062	7.506241	-1	###LINE###
5	3	156	0	0	0	683.16	298.30	3.75	7.51	100	0
3	3	157	0	0	0	741.959651	298.300572	3.745062	7.506241	-1	###FLOW###
4	3	157	0	0	0	741.959651	298.300572	3.745062	7.506241	-1	###LINE###
5	3	157	0	0	0	741.96	298.30	3.75	7.51	100	0
3	3	158	0	0	0	46.319981	310.540571	22.584877	7.506241	-1	###FLOW###
4	3	158	0	0	0	46.319981	310.540571	22.584877	7.506241	-1	###LINE###
5	3	158	0	0	0	46.32	310.54	22.58	7.51	100	Gallatin
3	3	159	0	0	0	146.519939	310.540571	11.235185	7.506241	-1	###FLOW###
4	3	159	0	0	0	146.519939	310.540571	11.235185	7.506241	-1	###LINE###
5	3	159	0	0	0	146.52	310.54	11.24	7.51	100	551
3	3	160	0	0	0	205.319905	310.540571	11.235185	7.506241	-1	###FLOW###
4	3	160	0	0	0	205.319905	310.540571	11.235185	7.506241	-1	###LINE###
5	3	160	0	0	0	205.32	310.54	11.24	7.51	100	343
3	3	161	0	0	0	267.839875	310.540571	7.490123	7.506241	-1	###FLOW###
4	3	161	0	0	0	267.839875	310.540571	7.490123	7.506241	-1	###LINE###
5	3	161	0	0	0	267.84	310.54	7.49	7.51	100	46
3	3	162	0	0	0	326.639840	310.540571	7.490123	7.506241	-1	###FLOW###
4	3	162	0	0	0	326.639840	310.540571	7.490123	7.506241	-1	###LINE###
5	3	162	0	0	0	326.64	310.54	7.49	7.51	100	34
3	3	163	0	0	0	385.439837	310.540571	7.490123	7.506241	-1	###FLOW###
4	3	163	0	0	0	385.439837	310.540571	7.490123	7.506241	-1	###LINE###
5	3	163	0	0	0	385.44	310.54	7.49	7.51	100	11
3	3	164	0	0	0	447.959792	310.540571	3.745062	7.506241	-1	###FLOW###
4	3	164	0	0	0	447.959792	310.540571	3.745062	7.506241	-1	###LINE###
5	3	164	0	0	0	447.96	310.54	3.75	7.51	100	6
3	3	165	0	0	0	506.759788	310.540571	3.745062	7.506241	-1	###FLOW###
4	3	165	0	0	0	506.759788	310.540571	3.745062	7.506241	-1	###LINE###
5	3	165	0	0	0	506.76	310.54	3.75	7.51	100	5
3	3	166	0	0	0	565.559723	310.540571	3.745062	7.506241	-1	###FLOW###
4	3	166	0	0	0	565.559723	310.540571	3.745062	7.506241	-1	###LINE###
5	3	166	0	0	0	565.56	310.54	3.75	7.51	100	5
3	3	167	0	0	0	620.639731	310.540571	7.490123	7.506241	-1	###FLOW###
4	3	167	0	0	0	620.639731	310.540571	7.490123	7.506241	-1	###LINE###
5	3	167	0	0	0	620.64	310.54	7.49	7.51	100	12
3	3	168	0	0	0	683.159716	310.540571	3.745062	7.506241	-1	###FLOW###
4	3	168	0	0	0	683.159716	310.540571	3.745062	7.506241	-1	###LINE###
5	3	168	0	0	0	683.16	310.54	3.75	7.51	100	0
3	3	169	0	0	0	741.959651	310.540571	3.745062	7.506241	-1	###FLOW###
4	3	169	0	0	0	741.959651	310.540571	3.745062	7.506241	-1	###LINE###
5	3	169	0	0	0	741.96	310.54	3.75	7.51	100	0
3	3	170	0	0	0	46.319981	322.900567	23.292128	7.506241	-1	###FLOW###
4	3	170	0	0	0	46.319981	322.900567	23.292128	7.506241	-1	###LINE###
5	3	170	0	0	0	46.32	322.90	23.29	7.51	100	Garrard
3	3	171	0	0	0	140.879939	322.900567	16.846042	7.506241	-1	###FLOW###
4	3	171	0	0	0	140.879939	322.900567	16.846042	7.506241	-1	###LINE###
5	3	171	0	0	0	140.88	322.90	16.85	7.51	100	1,818
3	3	172	0	0	0	205.319905	322.900567	11.235185	7.506241	-1	###FLOW###
4	3	172	0	0	0	205.319905	322.900567	11.235185	7.506241	-1	###LINE###
5	3	172	0	0	0	205.32	322.90	11.24	7.51	100	498
3	3	173	0	0	0	267.839875	322.900567	7.490123	7.506241	-1	###FLOW###
4	3	173	0	0	0	267.839875	322.900567	7.490123	7.506241	-1	###LINE###
5	3	173	0	0	0	267.84	322.90	7.49	7.51	100	31
3	3	174	0	0	0	326.639840	322.900567	7.490123	7.506241	-1	###FLOW###
4	3	174	0	0	0	326.639840	322.900567	7.490123	7.506241	-1	###LINE###
5	3	174	0	0	0	326.64	322.90	7.49	7.51	100	22
3	3	175	0	0	0	385.439837	322.900567	7.490123	7.506241	-1	###FLOW###
4	3	175	0	0	0	385.439837	322.900567	7.490123	7.506241	-1	###LINE###
5	3	175	0	0	0	385.44	322.90	7.49	7.51	100	19
3	3	176	0	0	0	444.239803	322.900567	7.490123	7.506241	-1	###FLOW###
4	3	176	0	0	0	444.239803	322.900567	7.490123	7.506241	-1	###LINE###
5	3	176	0	0	0	444.24	322.90	7.49	7.51	100	19
3	3	177	0	0	0	503.039768	322.900567	7.490123	7.506241	-1	###FLOW###
4	3	177	0	0	0	503.039768	322.900567	7.490123	7.506241	-1	###LINE###
5	3	177	0	0	0	503.04	322.90	7.49	7.51	100	16
3	3	178	0	0	0	561.839734	322.900567	7.490123	7.506241	-1	###FLOW###
4	3	178	0	0	0	561.839734	322.900567	7.490123	7.506241	-1	###LINE###
5	3	178	0	0	0	561.84	322.90	7.49	7.51	100	13
3	3	179	0	0	0	624.359720	322.900567	3.745062	7.506241	-1	###FLOW###
4	3	179	0	0	0	624.359720	322.900567	3.745062	7.506241	-1	###LINE###
5	3	179	0	0	0	624.36	322.90	3.75	7.51	100	9
3	3	180	0	0	0	683.159716	322.900567	3.745062	7.506241	-1	###FLOW###
4	3	180	0	0	0	683.159716	322.900567	3.745062	7.506241	-1	###LINE###
5	3	180	0	0	0	683.16	322.90	3.75	7.51	100	1
3	3	181	0	0	0	741.959651	322.900567	3.745062	7.506241	-1	###FLOW###
4	3	181	0	0	0	741.959651	322.900567	3.745062	7.506241	-1	###LINE###
5	3	181	0	0	0	741.96	322.90	3.75	7.51	100	3
3	3	182	0	0	0	46.319981	335.140567	16.913399	7.506241	-1	###FLOW###
4	3	182	0	0	0	46.319981	335.140567	16.913399	7.506241	-1	###LINE###
5	3	182	0	0	0	46.32	335.14	16.91	7.51	100	Grant
3	3	183	0	0	0	140.879939	335.140567	16.846042	7.506241	-1	###FLOW###
4	3	183	0	0	0	140.879939	335.140567	16.846042	7.506241	-1	###LINE###
5	3	183	0	0	0	140.88	335.14	16.85	7.51	100	1,896
3	3	184	0	0	0	199.679905	335.140567	16.846042	7.506241	-1	###FLOW###
4	3	184	0	0	0	199.679905	335.140567	16.846042	7.506241	-1	###LINE###
5	3	184	0	0	0	199.68	335.14	16.85	7.51	100	1,082
3	3	185	0	0	0	264.119885	335.140567	11.235185	7.506241	-1	###FLOW###
4	3	185	0	0	0	264.119885	335.140567	11.235185	7.506241	-1	###LINE###
5	3	185	0	0	0	264.12	335.14	11.24	7.51	100	120
3	3	186	0	0	0	326.639840	335.140567	7.490123	7.506241	-1	###FLOW###
4	3	186	0	0	0	326.639840	335.140567	7.490123	7.506241	-1	###LINE###
5	3	186	0	0	0	326.64	335.14	7.49	7.51	100	64
3	3	187	0	0	0	385.439837	335.140567	7.490123	7.506241	-1	###FLOW###
4	3	187	0	0	0	385.439837	335.140567	7.490123	7.506241	-1	###LINE###
5	3	187	0	0	0	385.44	335.14	7.49	7.51	100	28
3	3	188	0	0	0	444.239803	335.140567	7.490123	7.506241	-1	###FLOW###
4	3	188	0	0	0	444.239803	335.140567	7.490123	7.506241	-1	###LINE###
5	3	188	0	0	0	444.24	335.14	7.49	7.51	100	32
3	3	189	0	0	0	503.039768	335.140567	7.490123	7.506241	-1	###FLOW###
4	3	189	0	0	0	503.039768	335.140567	7.490123	7.506241	-1	###LINE###
5	3	189	0	0	0	503.04	335.14	7.49	7.51	100	17
3	3	190	0	0	0	561.839734	335.140567	7.490123	7.506241	-1	###FLOW###
4	3	190	0	0	0	561.839734	335.140567	7.490123	7.506241	-1	###LINE###
5	3	190	0	0	0	561.84	335.14	7.49	7.51	100	28
3	3	191	0	0	0	620.639731	335.140567	7.490123	7.506241	-1	###FLOW###
4	3	191	0	0	0	620.639731	335.140567	7.490123	7.506241	-1	###LINE###
5	3	191	0	0	0	620.64	335.14	7.49	7.51	100	34
3	3	192	0	0	0	683.159716	335.140567	3.745062	7.506241	-1	###FLOW###
4	3	192	0	0	0	683.159716	335.140567	3.745062	7.506241	-1	###LINE###
5	3	192	0	0	0	683.16	335.14	3.75	7.51	100	3
3	3	193	0	0	0	741.959651	335.140567	3.745062	7.506241	-1	###FLOW###
4	3	193	0	0	0	741.959651	335.140567	3.745062	7.506241	-1	###LINE###
5	3	193	0	0	0	741.96	335.14	3.75	7.51	100	8
3	3	194	0	0	0	46.319981	347.500593	21.870891	7.506241	-1	###FLOW###
4	3	194	0	0	0	46.319981	347.500593	21.870891	7.506241	-1	###LINE###
5	3	194	0	0	0	46.32	347.50	21.87	7.51	100	Graves
3	3	195	0	0	0	140.879939	347.500593	16.846042	7.506241	-1	###FLOW###
4	3	195	0	0	0	140.879939	347.500593	16.846042	7.506241	-1	###LINE###
5	3	195	0	0	0	140.88	347.50	16.85	7.51	100	2,611
3	3	196	0	0	0	199.679905	347.500593	16.846042	7.506241	-1	###FLOW###
4	3	196	0	0	0	199.679905	347.500593	16.846042	7.506241	-1	###LINE###
5	3	196	0	0	0	199.68	347.50	16.85	7.51	100	1,214
3	3	197	0	0	0	267.839875	347.500593	7.490123	7.506241	-1	###FLOW###
4	3	197	0	0	0	267.839875	347.500593	7.490123	7.506241	-1	###LINE###
5	3	197	0	0	0	267.84	347.50	7.49	7.51	100	53
3	3	198	0	0	0	326.639840	347.500593	7.490123	7.506241	-1	###FLOW###
4	3	198	0	0	0	326.639840	347.500593	7.490123	7.506241	-1	###LINE###
5	3	198	0	0	0	326.64	347.50	7.49	7.51	100	38
3	3	199	0	0	0	385.439837	347.500593	7.490123	7.506241	-1	###FLOW###
4	3	199	0	0	0	385.439837	347.500593	7.490123	7.506241	-1	###LINE###
5	3	199	0	0	0	385.44	347.50	7.49	7.51	100	27
3	3	200	0	0	0	444.239803	347.500593	7.490123	7.506241	-1	###FLOW###
4	3	200	0	0	0	444.239803	347.500593	7.490123	7.506241	-1	###LINE###
5	3	200	0	0	0	444.24	347.50	7.49	7.51	100	11
3	3	201	0	0	0	503.039768	347.500593	7.490123	7.506241	-1	###FLOW###
4	3	201	0	0	0	503.039768	347.500593	7.490123	7.506241	-1	###LINE###
5	3	201	0	0	0	503.04	347.50	7.49	7.51	100	16
3	3	202	0	0	0	561.839734	347.500593	7.490123	7.506241	-1	###FLOW###
4	3	202	0	0	0	561.839734	347.500593	7.490123	7.506241	-1	###LINE###
5	3	202	0	0	0	561.84	347.50	7.49	7.51	100	29
3	3	203	0	0	0	624.359720	347.500593	3.745062	7.506241	-1	###FLOW###
4	3	203	0	0	0	624.359720	347.500593	3.745062	7.506241	-1	###LINE###
5	3	203	0	0	0	624.36	347.50	3.75	7.51	100	8
3	3	204	0	0	0	679.439666	347.500593	7.490123	7.506241	-1	###FLOW###
4	3	204	0	0	0	679.439666	347.500593	7.490123	7.506241	-1	###LINE###
5	3	204	0	0	0	679.44	347.50	7.49	7.51	100	11
3	3	205	0	0	0	741.959651	347.500593	3.745062	7.506241	-1	###FLOW###
4	3	205	0	0	0	741.959651	347.500593	3.745062	7.506241	-1	###LINE###
5	3	205	0	0	0	741.96	347.50	3.75	7.51	100	5
3	3	206	0	0	0	46.319981	359.740578	25.373466	7.506241	-1	###FLOW###
4	3	206	0	0	0	46.319981	359.740578	25.373466	7.506241	-1	###LINE###
5	3	206	0	0	0	46.32	359.74	25.37	7.51	100	Grayson
3	3	207	0	0	0	140.879939	359.740578	16.846042	7.506241	-1	###FLOW###
4	3	207	0	0	0	140.879939	359.740578	16.846042	7.506241	-1	###LINE###
5	3	207	0	0	0	140.88	359.74	16.85	7.51	100	2,154
3	3	208	0	0	0	199.679905	359.740578	16.846042	7.506241	-1	###FLOW###
4	3	208	0	0	0	199.679905	359.740578	16.846042	7.506241	-1	###LINE###
5	3	208	0	0	0	199.68	359.74	16.85	7.51	100	1,866
3	3	209	0	0	0	264.119885	359.740578	11.235185	7.506241	-1	###FLOW###
4	3	209	0	0	0	264.119885	359.740578	11.235185	7.506241	-1	###LINE###
5	3	209	0	0	0	264.12	359.74	11.24	7.51	100	254
3	3	210	0	0	0	326.639840	359.740578	7.490123	7.506241	-1	###FLOW###
4	3	210	0	0	0	326.639840	359.740578	7.490123	7.506241	-1	###LINE###
5	3	210	0	0	0	326.64	359.74	7.49	7.51	100	83
3	3	211	0	0	0	385.439837	359.740578	7.490123	7.506241	-1	###FLOW###
4	3	211	0	0	0	385.439837	359.740578	7.490123	7.506241	-1	###LINE###
5	3	211	0	0	0	385.44	359.74	7.49	7.51	100	42
3	3	212	0	0	0	444.239803	359.740578	7.490123	7.506241	-1	###FLOW###
4	3	212	0	0	0	444.239803	359.740578	7.490123	7.506241	-1	###LINE###
5	3	212	0	0	0	444.24	359.74	7.49	7.51	100	48
3	3	213	0	0	0	503.039768	359.740578	7.490123	7.506241	-1	###FLOW###
4	3	213	0	0	0	503.039768	359.740578	7.490123	7.506241	-1	###LINE###
5	3	213	0	0	0	503.04	359.74	7.49	7.51	100	58
3	3	214	0	0	0	561.839734	359.740578	7.490123	7.506241	-1	###FLOW###
4	3	214	0	0	0	561.839734	359.740578	7.490123	7.506241	-1	###LINE###
5	3	214	0	0	0	561.84	359.74	7.49	7.51	100	34
3	3	215	0	0	0	620.639731	359.740578	7.490123	7.506241	-1	###FLOW###
4	3	215	0	0	0	620.639731	359.740578	7.490123	7.506241	-1	###LINE###
5	3	215	0	0	0	620.64	359.74	7.49	7.51	100	26
3	3	216	0	0	0	683.159716	359.740578	3.745062	7.506241	-1	###FLOW###
4	3	216	0	0	0	683.159716	359.740578	3.745062	7.506241	-1	###LINE###
5	3	216	0	0	0	683.16	359.74	3.75	7.51	100	9
3	3	217	0	0	0	741.959651	359.740578	3.745062	7.506241	-1	###FLOW###
4	3	217	0	0	0	741.959651	359.740578	3.745062	7.506241	-1	###LINE###
5	3	217	0	0	0	741.96	359.74	3.75	7.51	100	9
3	3	218	0	0	0	46.319981	372.100574	18.792666	7.506241	-1	###FLOW###
4	3	218	0	0	0	46.319981	372.100574	18.792666	7.506241	-1	###LINE###
5	3	218	0	0	0	46.32	372.10	18.79	7.51	100	Green
3	3	219	0	0	0	140.879939	372.100574	16.846042	7.506241	-1	###FLOW###
4	3	219	0	0	0	140.879939	372.100574	16.846042	7.506241	-1	###LINE###
5	3	219	0	0	0	140.88	372.10	16.85	7.51	100	1,356
3	3	220	0	0	0	199.679905	372.100574	16.846042	7.506241	-1	###FLOW###
4	3	220	0	0	0	199.679905	372.100574	16.846042	7.506241	-1	###LINE###
5	3	220	0	0	0	199.68	372.10	16.85	7.51	100	1,027
3	3	221	0	0	0	267.839875	372.100574	7.490123	7.506241	-1	###FLOW###
4	3	221	0	0	0	267.839875	372.100574	7.490123	7.506241	-1	###LINE###
5	3	221	0	0	0	267.84	372.10	7.49	7.51	100	62
3	3	222	0	0	0	326.639840	372.100574	7.490123	7.506241	-1	###FLOW###
4	3	222	0	0	0	326.639840	372.100574	7.490123	7.506241	-1	###LINE###
5	3	222	0	0	0	326.64	372.10	7.49	7.51	100	27
3	3	223	0	0	0	385.439837	372.100574	7.490123	7.506241	-1	###FLOW###
4	3	223	0	0	0	385.439837	372.100574	7.490123	7.506241	-1	###LINE###
5	3	223	0	0	0	385.44	372.10	7.49	7.51	100	22
3	3	224	0	0	0	444.239803	372.100574	7.490123	7.506241	-1	###FLOW###
4	3	224	0	0	0	444.239803	372.100574	7.490123	7.506241	-1	###LINE###
5	3	224	0	0	0	444.24	372.10	7.49	7.51	100	23
3	3	225	0	0	0	503.039768	372.100574	7.490123	7.506241	-1	###FLOW###
4	3	225	0	0	0	503.039768	372.100574	7.490123	7.506241	-1	###LINE###
5	3	225	0	0	0	503.04	372.10	7.49	7.51	100	26
3	3	226	0	0	0	561.839734	372.100574	7.490123	7.506241	-1	###FLOW###
4	3	226	0	0	0	561.839734	372.100574	7.490123	7.506241	-1	###LINE###
5	3	226	0	0	0	561.84	372.10	7.49	7.51	100	20
3	3	227	0	0	0	620.639731	372.100574	7.490123	7.506241	-1	###FLOW###
4	3	227	0	0	0	620.639731	372.100574	7.490123	7.506241	-1	###LINE###
5	3	227	0	0	0	620.64	372.10	7.49	7.51	100	10
3	3	228	0	0	0	683.159716	372.100574	3.745062	7.506241	-1	###FLOW###
4	3	228	0	0	0	683.159716	372.100574	3.745062	7.506241	-1	###LINE###
5	3	228	0	0	0	683.16	372.10	3.75	7.51	100	2
3	3	229	0	0	0	741.959651	372.100574	3.745062	7.506241	-1	###FLOW###
4	3	229	0	0	0	741.959651	372.100574	3.745062	7.506241	-1	###LINE###
5	3	229	0	0	0	741.96	372.10	3.75	7.51	100	4
3	3	230	0	0	0	46.319981	384.340573	26.208696	7.506241	-1	###FLOW###
4	3	230	0	0	0	46.319981	384.340573	26.208696	7.506241	-1	###LINE###
5	3	230	0	0	0	46.32	384.34	26.21	7.51	100	Greenup
3	3	231	0	0	0	140.879939	384.340573	16.846042	7.506241	-1	###FLOW###
4	3	231	0	0	0	140.879939	384.340573	16.846042	7.506241	-1	###LINE###
5	3	231	0	0	0	140.88	384.34	16.85	7.51	100	2,302
3	3	232	0	0	0	199.679905	384.340573	16.846042	7.506241	-1	###FLOW###
4	3	232	0	0	0	199.679905	384.340573	16.846042	7.506241	-1	###LINE###
5	3	232	0	0	0	199.68	384.34	16.85	7.51	100	1,341
3	3	233	0	0	0	267.839875	384.340573	7.490123	7.506241	-1	###FLOW###
4	3	233	0	0	0	267.839875	384.340573	7.490123	7.506241	-1	###LINE###
5	3	233	0	0	0	267.84	384.34	7.49	7.51	100	59
3	3	234	0	0	0	326.639840	384.340573	7.490123	7.506241	-1	###FLOW###
4	3	234	0	0	0	326.639840	384.340573	7.490123	7.506241	-1	###LINE###
5	3	234	0	0	0	326.64	384.34	7.49	7.51	100	80
3	3	235	0	0	0	385.439837	384.340573	7.490123	7.506241	-1	###FLOW###
4	3	235	0	0	0	385.439837	384.340573	7.490123	7.506241	-1	###LINE###
5	3	235	0	0	0	385.44	384.34	7.49	7.51	100	55
3	3	236	0	0	0	444.239803	384.340573	7.490123	7.506241	-1	###FLOW###
4	3	236	0	0	0	444.239803	384.340573	7.490123	7.506241	-1	###LINE###
5	3	236	0	0	0	444.24	384.34	7.49	7.51	100	25
3	3	237	0	0	0	503.039768	384.340573	7.490123	7.506241	-1	###FLOW###
4	3	237	0	0	0	503.039768	384.340573	7.490123	7.506241	-1	###LINE###
5	3	237	0	0	0	503.04	384.34	7.49	7.51	100	23
3	3	238	0	0	0	561.839734	384.340573	7.490123	7.506241	-1	###FLOW###
4	3	238	0	0	0	561.839734	384.340573	7.490123	7.506241	-1	###LINE###
5	3	238	0	0	0	561.84	384.34	7.49	7.51	100	16
3	3	239	0	0	0	620.639731	384.340573	7.490123	7.506241	-1	###FLOW###
4	3	239	0	0	0	620.639731	384.340573	7.490123	7.506241	-1	###LINE###
5	3	239	0	0	0	620.64	384.34	7.49	7.51	100	46
3	3	240	0	0	0	683.159716	384.340573	3.745062	7.506241	-1	###FLOW###
4	3	240	0	0	0	683.159716	384.340573	3.745062	7.506241	-1	###LINE###
5	3	240	0	0	0	683.16	384.34	3.75	7.51	100	7
3	3	241	0	0	0	738.239662	384.340573	7.490123	7.506241	-1	###FLOW###
4	3	241	0	0	0	738.239662	384.340573	7.490123	7.506241	-1	###LINE###
5	3	241	0	0	0	738.24	384.34	7.49	7.51	100	10
3	3	242	0	0	0	46.319981	396.700569	26.053774	7.506241	-1	###FLOW###
4	3	242	0	0	0	46.319981	396.700569	26.053774	7.506241	-1	###LINE###
5	3	242	0	0	0	46.32	396.70	26.05	7.51	100	Hancock
3	3	243	0	0	0	146.519939	396.700569	11.235185	7.506241	-1	###FLOW###
4	3	243	0	0	0	146.519939	396.700569	11.235185	7.506241	-1	###LINE###
5	3	243	0	0	0	146.52	396.70	11.24	7.51	100	808
3	3	244	0	0	0	205.319905	396.700569	11.235185	7.506241	-1	###FLOW###
4	3	244	0	0	0	205.319905	396.700569	11.235185	7.506241	-1	###LINE###
5	3	244	0	0	0	205.32	396.70	11.24	7.51	100	374
3	3	245	0	0	0	267.839875	396.700569	7.490123	7.506241	-1	###FLOW###
4	3	245	0	0	0	267.839875	396.700569	7.490123	7.506241	-1	###LINE###
5	3	245	0	0	0	267.84	396.70	7.49	7.51	100	63
3	3	246	0	0	0	326.639840	396.700569	7.490123	7.506241	-1	###FLOW###
4	3	246	0	0	0	326.639840	396.700569	7.490123	7.506241	-1	###LINE###
5	3	246	0	0	0	326.64	396.70	7.49	7.51	100	28
3	3	247	0	0	0	385.439837	396.700569	7.490123	7.506241	-1	###FLOW###
4	3	247	0	0	0	385.439837	396.700569	7.490123	7.506241	-1	###LINE###
5	3	247	0	0	0	385.44	396.70	7.49	7.51	100	11
3	3	248	0	0	0	444.239803	396.700569	7.490123	7.506241	-1	###FLOW###
4	3	248	0	0	0	444.239803	396.700569	7.490123	7.506241	-1	###LINE###
5	3	248	0	0	0	444.24	396.70	7.49	7.51	100	17
3	3	249	0	0	0	503.039768	396.700569	7.490123	7.506241	-1	###FLOW###
4	3	249	0	0	0	503.039768	396.700569	7.490123	7.506241	-1	###LINE###
5	3	249	0	0	0	503.04	396.70	7.49	7.51	100	23
3	3	250	0	0	0	565.559723	396.700569	3.745062	7.506241	-1	###FLOW###
4	3	250	0	0	0	565.559723	396.700569	3.745062	7.506241	-1	###LINE###
5	3	250	0	0	0	565.56	396.70	3.75	7.51	100	9
3	3	251	0	0	0	624.359720	396.700569	3.745062	7.506241	-1	###FLOW###
4	3	251	0	0	0	624.359720	396.700569	3.745062	7.506241	-1	###LINE###
5	3	251	0	0	0	624.36	396.70	3.75	7.51	100	8
3	3	252	0	0	0	683.159716	396.700569	3.745062	7.506241	-1	###FLOW###
4	3	252	0	0	0	683.159716	396.700569	3.745062	7.506241	-1	###LINE###
5	3	252	0	0	0	683.16	396.70	3.75	7.51	100	7
3	3	253	0	0	0	741.959651	396.700569	3.745062	7.506241	-1	###FLOW###
4	3	253	0	0	0	741.959651	396.700569	3.745062	7.506241	-1	###LINE###
5	3	253	0	0	0	741.96	396.70	3.75	7.51	100	2
3	3	254	0	0	0	46.319981	408.940569	19.769345	7.506241	-1	###FLOW###
4	3	254	0	0	0	46.319981	408.940569	19.769345	7.506241	-1	###LINE###
5	3	254	0	0	0	46.32	408.94	19.77	7.51	100	Hardin
3	3	255	0	0	0	140.879939	408.940569	16.846042	7.506241	-1	###FLOW###
4	3	255	0	0	0	140.879939	408.940569	16.846042	7.506241	-1	###LINE###
5	3	255	0	0	0	140.88	408.94	16.85	7.51	100	3,497
3	3	256	0	0	0	199.679905	408.940569	16.846042	7.506241	-1	###FLOW###
4	3	256	0	0	0	199.679905	408.940569	16.846042	7.506241	-1	###LINE###
5	3	256	0	0	0	199.68	408.94	16.85	7.51	100	4,098
3	3	257	0	0	0	264.119885	408.940569	11.235185	7.506241	-1	###FLOW###
4	3	257	0	0	0	264.119885	408.940569	11.235185	7.506241	-1	###LINE###
5	3	257	0	0	0	264.12	408.94	11.24	7.51	100	505
3	3	258	0	0	0	326.639840	408.940569	7.490123	7.506241	-1	###FLOW###
4	3	258	0	0	0	326.639840	408.940569	7.490123	7.506241	-1	###LINE###
5	3	258	0	0	0	326.64	408.94	7.49	7.51	100	70
3	3	259	0	0	0	385.439837	408.940569	7.490123	7.506241	-1	###FLOW###
4	3	259	0	0	0	385.439837	408.940569	7.490123	7.506241	-1	###LINE###
5	3	259	0	0	0	385.44	408.94	7.49	7.51	100	83
3	3	260	0	0	0	440.519813	408.940569	11.235185	7.506241	-1	###FLOW###
4	3	260	0	0	0	440.519813	408.940569	11.235185	7.506241	-1	###LINE###
5	3	260	0	0	0	440.52	408.94	11.24	7.51	100	148
3	3	261	0	0	0	503.039768	408.940569	7.490123	7.506241	-1	###FLOW###
4	3	261	0	0	0	503.039768	408.940569	7.490123	7.506241	-1	###LINE###
5	3	261	0	0	0	503.04	408.94	7.49	7.51	100	79
3	3	262	0	0	0	561.839734	408.940569	7.490123	7.506241	-1	###FLOW###
4	3	262	0	0	0	561.839734	408.940569	7.490123	7.506241	-1	###LINE###
5	3	262	0	0	0	561.84	408.94	7.49	7.51	100	52
3	3	263	0	0	0	620.639731	408.940569	7.490123	7.506241	-1	###FLOW###
4	3	263	0	0	0	620.639731	408.940569	7.490123	7.506241	-1	###LINE###
5	3	263	0	0	0	620.64	408.94	7.49	7.51	100	27
3	3	264	0	0	0	679.439666	408.940569	7.490123	7.506241	-1	###FLOW###
4	3	264	0	0	0	679.439666	408.940569	7.490123	7.506241	-1	###LINE###
5	3	264	0	0	0	679.44	408.94	7.49	7.51	100	11
3	3	265	0	0	0	738.239662	408.940569	7.490123	7.506241	-1	###FLOW###
4	3	265	0	0	0	738.239662	408.940569	7.490123	7.506241	-1	###LINE###
5	3	265	0	0	0	738.24	408.94	7.49	7.51	100	15
3	3	266	0	0	0	46.319981	421.300565	19.607688	7.506241	-1	###FLOW###
4	3	266	0	0	0	46.319981	421.300565	19.607688	7.506241	-1	###LINE###
5	3	266	0	0	0	46.32	421.30	19.61	7.51	100	Harlan
3	3	267	0	0	0	140.879939	421.300565	16.846042	7.506241	-1	###FLOW###
4	3	267	0	0	0	140.879939	421.300565	16.846042	7.506241	-1	###LINE###
5	3	267	0	0	0	140.88	421.30	16.85	7.51	100	2,837
3	3	268	0	0	0	199.679905	421.300565	16.846042	7.506241	-1	###FLOW###
4	3	268	0	0	0	199.679905	421.300565	16.846042	7.506241	-1	###LINE###
5	3	268	0	0	0	199.68	421.30	16.85	7.51	100	1,189
3	3	269	0	0	0	267.839875	421.300565	7.490123	7.506241	-1	###FLOW###
4	3	269	0	0	0	267.839875	421.300565	7.490123	7.506241	-1	###LINE###
5	3	269	0	0	0	267.84	421.30	7.49	7.51	100	66
3	3	270	0	0	0	326.639840	421.300565	7.490123	7.506241	-1	###FLOW###
4	3	270	0	0	0	326.639840	421.300565	7.490123	7.506241	-1	###LINE###
5	3	270	0	0	0	326.64	421.30	7.49	7.51	100	95
3	3	271	0	0	0	385.439837	421.300565	7.490123	7.506241	-1	###FLOW###
4	3	271	0	0	0	385.439837	421.300565	7.490123	7.506241	-1	###LINE###
5	3	271	0	0	0	385.44	421.30	7.49	7.51	100	34
3	3	272	0	0	0	444.239803	421.300565	7.490123	7.506241	-1	###FLOW###
4	3	272	0	0	0	444.239803	421.300565	7.490123	7.506241	-1	###LINE###
5	3	272	0	0	0	444.24	421.30	7.49	7.51	100	23
3	3	273	0	0	0	503.039768	421.300565	7.490123	7.506241	-1	###FLOW###
4	3	273	0	0	0	503.039768	421.300565	7.490123	7.506241	-1	###LINE###
5	3	273	0	0	0	503.04	421.30	7.49	7.51	100	28
3	3	274	0	0	0	561.839734	421.300565	7.490123	7.506241	-1	###FLOW###
4	3	274	0	0	0	561.839734	421.300565	7.490123	7.506241	-1	###LINE###
5	3	274	0	0	0	561.84	421.30	7.49	7.51	100	38
3	3	275	0	0	0	620.639731	421.300565	7.490123	7.506241	-1	###FLOW###
4	3	275	0	0	0	620.639731	421.300565	7.490123	7.506241	-1	###LINE###
5	3	275	0	0	0	620.64	421.30	7.49	7.51	100	10
3	3	276	0	0	0	679.439666	421.300565	7.490123	7.506241	-1	###FLOW###
4	3	276	0	0	0	679.439666	421.300565	7.490123	7.506241	-1	###LINE###
5	3	276	0	0	0	679.44	421.30	7.49	7.51	100	12
3	3	277	0	0	0	741.959651	421.300565	3.745062	7.506241	-1	###FLOW###
4	3	277	0	0	0	741.959651	421.300565	3.745062	7.506241	-1	###LINE###
5	3	277	0	0	0	741.96	421.30	3.75	7.51	100	4
3	3	278	0	0	0	46.319981	433.540564	25.494709	7.506241	-1	###FLOW###
4	3	278	0	0	0	46.319981	433.540564	25.494709	7.506241	-1	###LINE###
5	3	278	0	0	0	46.32	433.54	25.49	7.51	100	Harrison
3	3	279	0	0	0	140.879939	433.540564	16.846042	7.506241	-1	###FLOW###
4	3	279	0	0	0	140.879939	433.540564	16.846042	7.506241	-1	###LINE###
5	3	279	0	0	0	140.88	433.54	16.85	7.51	100	1,385
3	3	280	0	0	0	205.319905	433.540564	11.235185	7.506241	-1	###FLOW###
4	3	280	0	0	0	205.319905	433.540564	11.235185	7.506241	-1	###LINE###
5	3	280	0	0	0	205.32	433.54	11.24	7.51	100	487
3	3	281	0	0	0	267.839875	433.540564	7.490123	7.506241	-1	###FLOW###
4	3	281	0	0	0	267.839875	433.540564	7.490123	7.506241	-1	###LINE###
5	3	281	0	0	0	267.84	433.54	7.49	7.51	100	40
3	3	282	0	0	0	326.639840	433.540564	7.490123	7.506241	-1	###FLOW###
4	3	282	0	0	0	326.639840	433.540564	7.490123	7.506241	-1	###LINE###
5	3	282	0	0	0	326.64	433.54	7.49	7.51	100	25
3	3	283	0	0	0	385.439837	433.540564	7.490123	7.506241	-1	###FLOW###
4	3	283	0	0	0	385.439837	433.540564	7.490123	7.506241	-1	###LINE###
5	3	283	0	0	0	385.44	433.54	7.49	7.51	100	12
3	3	284	0	0	0	447.959792	433.540564	3.745062	7.506241	-1	###FLOW###
4	3	284	0	0	0	447.959792	433.540564	3.745062	7.506241	-1	###LINE###
5	3	284	0	0	0	447.96	433.54	3.75	7.51	100	9
3	3	285	0	0	0	503.039768	433.540564	7.490123	7.506241	-1	###FLOW###
4	3	285	0	0	0	503.039768	433.540564	7.490123	7.506241	-1	###LINE###
5	3	285	0	0	0	503.04	433.54	7.49	7.51	100	11
3	3	286	0	0	0	561.839734	433.540564	7.490123	7.506241	-1	###FLOW###
4	3	286	0	0	0	561.839734	433.540564	7.490123	7.506241	-1	###LINE###
5	3	286	0	0	0	561.84	433.54	7.49	7.51	100	11
3	3	287	0	0	0	620.639731	433.540564	7.490123	7.506241	-1	###FLOW###
4	3	287	0	0	0	620.639731	433.540564	7.490123	7.506241	-1	###LINE###
5	3	287	0	0	0	620.64	433.54	7.49	7.51	100	15
3	3	288	0	0	0	683.159716	433.540564	3.745062	7.506241	-1	###FLOW###
4	3	288	0	0	0	683.159716	433.540564	3.745062	7.506241	-1	###LINE###
5	3	288	0	0	0	683.16	433.54	3.75	7.51	100	6
3	3	289	0	0	0	741.959651	433.540564	3.745062	7.506241	-1	###FLOW###
4	3	289	0	0	0	741.959651	433.540564	3.745062	7.506241	-1	###LINE###
5	3	289	0	0	0	741.96	433.54	3.75	7.51	100	1
3	3	290	0	0	0	146.519939	445.900561	11.235185	7.506241	-1	###FLOW###
4	3	290	0	0	0	146.519939	445.900561	11.235185	7.506241	-1	###LINE###
5	3	290	0	0	0	146.52	445.90	11.24	7.51	100	897
3	3	291	0	0	0	205.319905	445.900561	11.235185	7.506241	-1	###FLOW###
4	3	291	0	0	0	205.319905	445.900561	11.235185	7.506241	-1	###LINE###
5	3	291	0	0	0	205.32	445.90	11.24	7.51	100	579
3	3	292	0	0	0	264.119885	445.900561	11.235185	7.506241	-1	###FLOW###
4	3	292	0	0	0	264.119885	445.900561	11.235185	7.506241	-1	###LINE###
5	3	292	0	0	0	264.12	445.90	11.24	7.51	100	148
3	3	293	0	0	0	326.639840	445.900561	7.490123	7.506241	-1	###FLOW###
4	3	293	0	0	0	326.639840	445.900561	7.490123	7.506241	-1	###LINE###
5	3	293	0	0	0	326.64	445.90	7.49	7.51	100	19
3	3	294	0	0	0	385.439837	445.900561	7.490123	7.506241	-1	###FLOW###
4	3	294	0	0	0	385.439837	445.900561	7.490123	7.506241	-1	###LINE###
5	3	294	0	0	0	385.44	445.90	7.49	7.51	100	11
3	3	295	0	0	0	444.239803	445.900561	7.490123	7.506241	-1	###FLOW###
4	3	295	0	0	0	444.239803	445.900561	7.490123	7.506241	-1	###LINE###
5	3	295	0	0	0	444.24	445.90	7.49	7.51	100	16
3	3	296	0	0	0	506.759788	445.900561	3.745062	7.506241	-1	###FLOW###
4	3	296	0	0	0	506.759788	445.900561	3.745062	7.506241	-1	###LINE###
5	3	296	0	0	0	506.76	445.90	3.75	7.51	100	8
3	3	297	0	0	0	561.839734	445.900561	7.490123	7.506241	-1	###FLOW###
4	3	297	0	0	0	561.839734	445.900561	7.490123	7.506241	-1	###LINE###
5	3	297	0	0	0	561.84	445.90	7.49	7.51	100	10
3	3	298	0	0	0	624.359720	445.900561	3.745062	7.506241	-1	###FLOW###
4	3	298	0	0	0	624.359720	445.900561	3.745062	7.506241	-1	###LINE###
5	3	298	0	0	0	624.36	445.90	3.75	7.51	100	9
3	3	299	0	0	0	683.159716	445.900561	3.745062	7.506241	-1	###FLOW###
4	3	299	0	0	0	683.159716	445.900561	3.745062	7.506241	-1	###LINE###
5	3	299	0	0	0	683.16	445.90	3.75	7.51	100	1
3	3	300	0	0	0	741.959651	445.900561	3.745062	7.506241	-1	###FLOW###
4	3	300	0	0	0	741.959651	445.900561	3.745062	7.506241	-1	###LINE###
5	3	300	0	0	0	741.96	445.90	3.75	7.51	100	4
3	3	301	0	0	0	46.319981	445.900561	12.649687	7.506241	-1	###FLOW###
4	3	301	0	0	0	46.319981	445.900561	12.649687	7.506241	-1	###LINE###
5	3	301	0	0	0	46.32	445.90	12.65	7.51	100	Hart
3	3	301	1	0	0	46.319981	458.140560	32.802968	7.506241	-1	###FLOW###
4	3	301	1	0	0	46.319981	458.140560	32.802968	7.506241	-1	###LINE###
5	3	301	1	0	0	46.32	458.14	32.80	7.51	100	Henderson
3	3	302	0	0	0	140.879939	458.140560	16.846042	7.506241	-1	###FLOW###
4	3	302	0	0	0	140.879939	458.140560	16.846042	7.506241	-1	###LINE###
5	3	302	0	0	0	140.88	458.14	16.85	7.51	100	1,799
3	3	303	0	0	0	205.319905	458.140560	11.235185	7.506241	-1	###FLOW###
4	3	303	0	0	0	205.319905	458.140560	11.235185	7.506241	-1	###LINE###
5	3	303	0	0	0	205.32	458.14	11.24	7.51	100	898
3	3	304	0	0	0	267.839875	458.140560	7.490123	7.506241	-1	###FLOW###
4	3	304	0	0	0	267.839875	458.140560	7.490123	7.506241	-1	###LINE###
5	3	304	0	0	0	267.84	458.14	7.49	7.51	100	59
3	3	305	0	0	0	326.639840	458.140560	7.490123	7.506241	-1	###FLOW###
4	3	305	0	0	0	326.639840	458.140560	7.490123	7.506241	-1	###LINE###
5	3	305	0	0	0	326.64	458.14	7.49	7.51	100	51
3	3	306	0	0	0	385.439837	458.140560	7.490123	7.506241	-1	###FLOW###
4	3	306	0	0	0	385.439837	458.140560	7.490123	7.506241	-1	###LINE###
5	3	306	0	0	0	385.44	458.14	7.49	7.51	100	40
3	3	307	0	0	0	444.239803	458.140560	7.490123	7.506241	-1	###FLOW###
4	3	307	0	0	0	444.239803	458.140560	7.490123	7.506241	-1	###LINE###
5	3	307	0	0	0	444.24	458.14	7.49	7.51	100	31
3	3	308	0	0	0	503.039768	458.140560	7.490123	7.506241	-1	###FLOW###
4	3	308	0	0	0	503.039768	458.140560	7.490123	7.506241	-1	###LINE###
5	3	308	0	0	0	503.04	458.14	7.49	7.51	100	43
3	3	309	0	0	0	561.839734	458.140560	7.490123	7.506241	-1	###FLOW###
4	3	309	0	0	0	561.839734	458.140560	7.490123	7.506241	-1	###LINE###
5	3	309	0	0	0	561.84	458.14	7.49	7.51	100	25
3	3	310	0	0	0	620.639731	458.140560	7.490123	7.506241	-1	###FLOW###
4	3	310	0	0	0	620.639731	458.140560	7.490123	7.506241	-1	###LINE###
5	3	310	0	0	0	620.64	458.14	7.49	7.51	100	15
3	3	311	0	0	0	683.159716	458.140560	3.745062	7.506241	-1	###FLOW###
4	3	311	0	0	0	683.159716	458.140560	3.745062	7.506241	-1	###LINE###
5	3	311	0	0	0	683.16	458.14	3.75	7.51	100	8
3	3	312	0	0	0	741.959651	458.140560	3.745062	7.506241	-1	###FLOW###
4	3	312	0	0	0	741.959651	458.140560	3.745062	7.506241	-1	###LINE###
5	3	312	0	0	0	741.96	458.14	3.75	7.51	100	4
3	3	313	0	0	0	46.319981	470.500587	17.896814	7.506241	-1	###FLOW###
4	3	313	0	0	0	46.319981	470.500587	17.896814	7.506241	-1	###LINE###
5	3	313	0	0	0	46.32	470.50	17.90	7.51	100	Henry
3	3	314	0	0	0	140.879939	470.500587	16.846042	7.506241	-1	###FLOW###
4	3	314	0	0	0	140.879939	470.500587	16.846042	7.506241	-1	###LINE###
5	3	314	0	0	0	140.88	470.50	16.85	7.51	100	1,039
3	3	315	0	0	0	199.679905	470.500587	16.846042	7.506241	-1	###FLOW###
4	3	315	0	0	0	199.679905	470.500587	16.846042	7.506241	-1	###LINE###
5	3	315	0	0	0	199.68	470.50	16.85	7.51	100	1,012
3	3	316	0	0	0	267.839875	470.500587	7.490123	7.506241	-1	###FLOW###
4	3	316	0	0	0	267.839875	470.500587	7.490123	7.506241	-1	###LINE###
5	3	316	0	0	0	267.84	470.50	7.49	7.51	100	41
3	3	317	0	0	0	326.639840	470.500587	7.490123	7.506241	-1	###FLOW###
4	3	317	0	0	0	326.639840	470.500587	7.490123	7.506241	-1	###LINE###
5	3	317	0	0	0	326.64	470.50	7.49	7.51	100	43
3	3	318	0	0	0	385.439837	470.500587	7.490123	7.506241	-1	###FLOW###
4	3	318	0	0	0	385.439837	470.500587	7.490123	7.506241	-1	###LINE###
5	3	318	0	0	0	385.44	470.50	7.49	7.51	100	15
3	3	319	0	0	0	444.239803	470.500587	7.490123	7.506241	-1	###FLOW###
4	3	319	0	0	0	444.239803	470.500587	7.490123	7.506241	-1	###LINE###
5	3	319	0	0	0	444.24	470.50	7.49	7.51	100	14
3	3	320	0	0	0	503.039768	470.500587	7.490123	7.506241	-1	###FLOW###
4	3	320	0	0	0	503.039768	470.500587	7.490123	7.506241	-1	###LINE###
5	3	320	0	0	0	503.04	470.50	7.49	7.51	100	11
3	3	321	0	0	0	561.839734	470.500587	7.490123	7.506241	-1	###FLOW###
4	3	321	0	0	0	561.839734	470.500587	7.490123	7.506241	-1	###LINE###
5	3	321	0	0	0	561.84	470.50	7.49	7.51	100	12
3	3	322	0	0	0	620.639731	470.500587	7.490123	7.506241	-1	###FLOW###
4	3	322	0	0	0	620.639731	470.500587	7.490123	7.506241	-1	###LINE###
5	3	322	0	0	0	620.64	470.50	7.49	7.51	100	24
3	3	323	0	0	0	683.159716	470.500587	3.745062	7.506241	-1	###FLOW###
4	3	323	0	0	0	683.159716	470.500587	3.745062	7.506241	-1	###LINE###
5	3	323	0	0	0	683.16	470.50	3.75	7.51	100	0
3	3	324	0	0	0	741.959651	470.500587	3.745062	7.506241	-1	###FLOW###
4	3	324	0	0	0	741.959651	470.500587	3.745062	7.506241	-1	###LINE###
5	3	324	0	0	0	741.96	470.50	3.75	7.51	100	3
3	3	325	0	0	0	46.319981	482.740586	26.195224	7.506241	-1	###FLOW###
4	3	325	0	0	0	46.319981	482.740586	26.195224	7.506241	-1	###LINE###
5	3	325	0	0	0	46.32	482.74	26.20	7.51	100	Hickman
3	3	326	0	0	0	146.519939	482.740586	11.235185	7.506241	-1	###FLOW###
4	3	326	0	0	0	146.519939	482.740586	11.235185	7.506241	-1	###LINE###
5	3	326	0	0	0	146.52	482.74	11.24	7.51	100	464
3	3	327	0	0	0	205.319905	482.740586	11.235185	7.506241	-1	###FLOW###
4	3	327	0	0	0	205.319905	482.740586	11.235185	7.506241	-1	###LINE###
5	3	327	0	0	0	205.32	482.74	11.24	7.51	100	222
3	3	328	0	0	0	271.559864	482.740586	3.745062	7.506241	-1	###FLOW###
4	3	328	0	0	0	271.559864	482.740586	3.745062	7.506241	-1	###LINE###
5	3	328	0	0	0	271.56	482.74	3.75	7.51	100	9
3	3	329	0	0	0	326.639840	482.740586	7.490123	7.506241	-1	###FLOW###
4	3	329	0	0	0	326.639840	482.740586	7.490123	7.506241	-1	###LINE###
5	3	329	0	0	0	326.64	482.74	7.49	7.51	100	11
3	3	330	0	0	0	389.159825	482.740586	3.745062	7.506241	-1	###FLOW###
4	3	330	0	0	0	389.159825	482.740586	3.745062	7.506241	-1	###LINE###
5	3	330	0	0	0	389.16	482.74	3.75	7.51	100	3
3	3	331	0	0	0	447.959792	482.740586	3.745062	7.506241	-1	###FLOW###
4	3	331	0	0	0	447.959792	482.740586	3.745062	7.506241	-1	###LINE###
5	3	331	0	0	0	447.96	482.74	3.75	7.51	100	2
3	3	332	0	0	0	503.039768	482.740586	7.490123	7.506241	-1	###FLOW###
4	3	332	0	0	0	503.039768	482.740586	7.490123	7.506241	-1	###LINE###
5	3	332	0	0	0	503.04	482.74	7.49	7.51	100	11
3	3	333	0	0	0	565.559723	482.740586	3.745062	7.506241	-1	###FLOW###
4	3	333	0	0	0	565.559723	482.740586	3.745062	7.506241	-1	###LINE###
5	3	333	0	0	0	565.56	482.74	3.75	7.51	100	3
3	3	334	0	0	0	624.359720	482.740586	3.745062	7.506241	-1	###FLOW###
4	3	334	0	0	0	624.359720	482.740586	3.745062	7.506241	-1	###LINE###
5	3	334	0	0	0	624.36	482.74	3.75	7.51	100	0
3	3	335	0	0	0	683.159716	482.740586	3.745062	7.506241	-1	###FLOW###
4	3	335	0	0	0	683.159716	482.740586	3.745062	7.506241	-1	###LINE###
5	3	335	0	0	0	683.16	482.74	3.75	7.51	100	3
3	3	336	0	0	0	741.959651	482.740586	3.745062	7.506241	-1	###FLOW###
4	3	336	0	0	0	741.959651	482.740586	3.745062	7.506241	-1	###LINE###
5	3	336	0	0	0	741.96	482.74	3.75	7.51	100	0
3	3	337	0	0	0	46.319981	495.100581	24.262072	7.506241	-1	###FLOW###
4	3	337	0	0	0	46.319981	495.100581	24.262072	7.506241	-1	###LINE###
5	3	337	0	0	0	46.32	495.10	24.26	7.51	100	Hopkins
3	3	338	0	0	0	140.879939	495.100581	16.846042	7.506241	-1	###FLOW###
4	3	338	0	0	0	140.879939	495.100581	16.846042	7.506241	-1	###LINE###
5	3	338	0	0	0	140.88	495.10	16.85	7.51	100	1,943
3	3	339	0	0	0	205.319905	495.100581	11.235185	7.506241	-1	###FLOW###
4	3	339	0	0	0	205.319905	495.100581	11.235185	7.506241	-1	###LINE###
5	3	339	0	0	0	205.32	495.10	11.24	7.51	100	830
3	3	340	0	0	0	267.839875	495.100581	7.490123	7.506241	-1	###FLOW###
4	3	340	0	0	0	267.839875	495.100581	7.490123	7.506241	-1	###LINE###
5	3	340	0	0	0	267.84	495.10	7.49	7.51	100	47
3	3	341	0	0	0	326.639840	495.100581	7.490123	7.506241	-1	###FLOW###
4	3	341	0	0	0	326.639840	495.100581	7.490123	7.506241	-1	###LINE###
5	3	341	0	0	0	326.64	495.10	7.49	7.51	100	40
3	3	342	0	0	0	385.439837	495.100581	7.490123	7.506241	-1	###FLOW###
4	3	342	0	0	0	385.439837	495.100581	7.490123	7.506241	-1	###LINE###
5	3	342	0	0	0	385.44	495.10	7.49	7.51	100	35
3	3	343	0	0	0	444.239803	495.100581	7.490123	7.506241	-1	###FLOW###
4	3	343	0	0	0	444.239803	495.100581	7.490123	7.506241	-1	###LINE###
5	3	343	0	0	0	444.24	495.10	7.49	7.51	100	33
3	3	344	0	0	0	503.039768	495.100581	7.490123	7.506241	-1	###FLOW###
4	3	344	0	0	0	503.039768	495.100581	7.490123	7.506241	-1	###LINE###
5	3	344	0	0	0	503.04	495.10	7.49	7.51	100	40
3	3	345	0	0	0	561.839734	495.100581	7.490123	7.506241	-1	###FLOW###
4	3	345	0	0	0	561.839734	495.100581	7.490123	7.506241	-1	###LINE###
5	3	345	0	0	0	561.84	495.10	7.49	7.51	100	14
3	3	346	0	0	0	624.359720	495.100581	3.745062	7.506241	-1	###FLOW###
4	3	346	0	0	0	624.359720	495.100581	3.745062	7.506241	-1	###LINE###
5	3	346	0	0	0	624.36	495.10	3.75	7.51	100	5
3	3	347	0	0	0	679.439666	495.100581	7.490123	7.506241	-1	###FLOW###
4	3	347	0	0	0	679.439666	495.100581	7.490123	7.506241	-1	###LINE###
5	3	347	0	0	0	679.44	495.10	7.49	7.51	100	14
3	3	348	0	0	0	741.959651	495.100581	3.745062	7.506241	-1	###FLOW###
4	3	348	0	0	0	741.959651	495.100581	3.745062	7.506241	-1	###LINE###
5	3	348	0	0	0	741.96	495.10	3.75	7.51	100	9
3	3	349	0	0	0	46.319981	507.340582	24.619065	7.506241	-1	###FLOW###
4	3	349	0	0	0	46.319981	507.340582	24.619065	7.506241	-1	###LINE###
5	3	349	0	0	0	46.32	507.34	24.62	7.51	100	Jackson
3	3	350	0	0	0	140.879939	507.340582	16.846042	7.506241	-1	###FLOW###
4	3	350	0	0	0	140.879939	507.340582	16.846042	7.506241	-1	###LINE###
5	3	350	0	0	0	140.88	507.34	16.85	7.51	100	1,837
3	3	351	0	0	0	205.319905	507.340582	11.235185	7.506241	-1	###FLOW###
4	3	351	0	0	0	205.319905	507.340582	11.235185	7.506241	-1	###LINE###
5	3	351	0	0	0	205.32	507.34	11.24	7.51	100	960
3	3	352	0	0	0	267.839875	507.340582	7.490123	7.506241	-1	###FLOW###
4	3	352	0	0	0	267.839875	507.340582	7.490123	7.506241	-1	###LINE###
5	3	352	0	0	0	267.84	507.34	7.49	7.51	100	22
3	3	353	0	0	0	326.639840	507.340582	7.490123	7.506241	-1	###FLOW###
4	3	353	0	0	0	326.639840	507.340582	7.490123	7.506241	-1	###LINE###
5	3	353	0	0	0	326.64	507.34	7.49	7.51	100	50
3	3	354	0	0	0	385.439837	507.340582	7.490123	7.506241	-1	###FLOW###
4	3	354	0	0	0	385.439837	507.340582	7.490123	7.506241	-1	###LINE###
5	3	354	0	0	0	385.44	507.34	7.49	7.51	100	20
3	3	355	0	0	0	444.239803	507.340582	7.490123	7.506241	-1	###FLOW###
4	3	355	0	0	0	444.239803	507.340582	7.490123	7.506241	-1	###LINE###
5	3	355	0	0	0	444.24	507.34	7.49	7.51	100	11
3	3	356	0	0	0	503.039768	507.340582	7.490123	7.506241	-1	###FLOW###
4	3	356	0	0	0	503.039768	507.340582	7.490123	7.506241	-1	###LINE###
5	3	356	0	0	0	503.04	507.34	7.49	7.51	100	15
3	3	357	0	0	0	561.839734	507.340582	7.490123	7.506241	-1	###FLOW###
4	3	357	0	0	0	561.839734	507.340582	7.490123	7.506241	-1	###LINE###
5	3	357	0	0	0	561.84	507.34	7.49	7.51	100	29
3	3	358	0	0	0	624.359720	507.340582	3.745062	7.506241	-1	###FLOW###
4	3	358	0	0	0	624.359720	507.340582	3.745062	7.506241	-1	###LINE###
5	3	358	0	0	0	624.36	507.34	3.75	7.51	100	5
3	3	359	0	0	0	683.159716	507.340582	3.745062	7.506241	-1	###FLOW###
4	3	359	0	0	0	683.159716	507.340582	3.745062	7.506241	-1	###LINE###
5	3	359	0	0	0	683.16	507.34	3.75	7.51	100	5
3	3	360	0	0	0	741.959651	507.340582	3.745062	7.506241	-1	###FLOW###
4	3	360	0	0	0	741.959651	507.340582	3.745062	7.506241	-1	###LINE###
5	3	360	0	0	0	741.96	507.34	3.75	7.51	100	3
3	3	361	0	0	0	46.319981	519.700516	27.764648	7.506241	-1	###FLOW###
4	3	361	0	0	0	46.319981	519.700516	27.764648	7.506241	-1	###LINE###
5	3	361	0	0	0	46.32	519.70	27.76	7.51	100	Jefferson
3	3	362	0	0	0	137.159935	519.700516	20.591103	7.506241	-1	###FLOW###
4	3	362	0	0	0	137.159935	519.700516	20.591103	7.506241	-1	###LINE###
5	3	362	0	0	0	137.16	519.70	20.59	7.51	100	23,195
3	3	363	0	0	0	195.959916	519.700516	20.591103	7.506241	-1	###FLOW###
4	3	363	0	0	0	195.959916	519.700516	20.591103	7.506241	-1	###LINE###
5	3	363	0	0	0	195.96	519.70	20.59	7.51	100	15,482
3	3	364	0	0	0	264.119885	519.700516	11.235185	7.506241	-1	###FLOW###
4	3	364	0	0	0	264.119885	519.700516	11.235185	7.506241	-1	###LINE###
5	3	364	0	0	0	264.12	519.70	11.24	7.51	100	580
3	3	365	0	0	0	322.919852	519.700516	11.235185	7.506241	-1	###FLOW###
4	3	365	0	0	0	322.919852	519.700516	11.235185	7.506241	-1	###LINE###
5	3	365	0	0	0	322.92	519.70	11.24	7.51	100	452
3	3	366	0	0	0	381.719817	519.700516	11.235185	7.506241	-1	###FLOW###
4	3	366	0	0	0	381.719817	519.700516	11.235185	7.506241	-1	###LINE###
5	3	366	0	0	0	381.72	519.70	11.24	7.51	100	603
3	3	367	0	0	0	440.519813	519.700516	11.235185	7.506241	-1	###FLOW###
4	3	367	0	0	0	440.519813	519.700516	11.235185	7.506241	-1	###LINE###
5	3	367	0	0	0	440.52	519.70	11.24	7.51	100	849
3	3	368	0	0	0	499.319780	519.700516	11.235185	7.506241	-1	###FLOW###
4	3	368	0	0	0	499.319780	519.700516	11.235185	7.506241	-1	###LINE###
5	3	368	0	0	0	499.32	519.70	11.24	7.51	100	268
3	3	369	0	0	0	558.119746	519.700516	11.235185	7.506241	-1	###FLOW###
4	3	369	0	0	0	558.119746	519.700516	11.235185	7.506241	-1	###LINE###
5	3	369	0	0	0	558.12	519.70	11.24	7.51	100	514
3	3	370	0	0	0	616.919742	519.700516	11.235185	7.506241	-1	###FLOW###
4	3	370	0	0	0	616.919742	519.700516	11.235185	7.506241	-1	###LINE###
5	3	370	0	0	0	616.92	519.70	11.24	7.51	100	171
3	3	371	0	0	0	675.719677	519.700516	11.235185	7.506241	-1	###FLOW###
4	3	371	0	0	0	675.719677	519.700516	11.235185	7.506241	-1	###LINE###
5	3	371	0	0	0	675.72	519.70	11.24	7.51	100	118
3	3	372	0	0	0	734.519674	519.700516	11.235185	7.506241	-1	###FLOW###
4	3	372	0	0	0	734.519674	519.700516	11.235185	7.506241	-1	###LINE###
5	3	372	0	0	0	734.52	519.70	11.24	7.51	100	101
3	3	373	0	0	0	46.319981	531.940547	32.203489	7.506241	-1	###FLOW###
4	3	373	0	0	0	46.319981	531.940547	32.203489	7.506241	-1	###LINE###
5	3	373	0	0	0	46.32	531.94	32.20	7.51	100	Jessamine
3	3	374	0	0	0	140.879939	531.940547	16.846042	7.506241	-1	###FLOW###
4	3	374	0	0	0	140.879939	531.940547	16.846042	7.506241	-1	###LINE###
5	3	374	0	0	0	140.88	531.94	16.85	7.51	100	4,045
3	3	375	0	0	0	199.679905	531.940547	16.846042	7.506241	-1	###FLOW###
4	3	375	0	0	0	199.679905	531.940547	16.846042	7.506241	-1	###LINE###
5	3	375	0	0	0	199.68	531.94	16.85	7.51	100	1,479
3	3	376	0	0	0	267.839875	531.940547	7.490123	7.506241	-1	###FLOW###
4	3	376	0	0	0	267.839875	531.940547	7.490123	7.506241	-1	###LINE###
5	3	376	0	0	0	267.84	531.94	7.49	7.51	100	95
3	3	377	0	0	0	326.639840	531.940547	7.490123	7.506241	-1	###FLOW###
4	3	377	0	0	0	326.639840	531.940547	7.490123	7.506241	-1	###LINE###
5	3	377	0	0	0	326.64	531.94	7.49	7.51	100	57
3	3	378	0	0	0	385.439837	531.940547	7.490123	7.506241	-1	###FLOW###
4	3	378	0	0	0	385.439837	531.940547	7.490123	7.506241	-1	###LINE###
5	3	378	0	0	0	385.44	531.94	7.49	7.51	100	63
3	3	379	0	0	0	444.239803	531.940547	7.490123	7.506241	-1	###FLOW###
4	3	379	0	0	0	444.239803	531.940547	7.490123	7.506241	-1	###LINE###
5	3	379	0	0	0	444.24	531.94	7.49	7.51	100	64
3	3	380	0	0	0	503.039768	531.940547	7.490123	7.506241	-1	###FLOW###
4	3	380	0	0	0	503.039768	531.940547	7.490123	7.506241	-1	###LINE###
5	3	380	0	0	0	503.04	531.94	7.49	7.51	100	56
3	3	381	0	0	0	561.839734	531.940547	7.490123	7.506241	-1	###FLOW###
4	3	381	0	0	0	561.839734	531.940547	7.490123	7.506241	-1	###LINE###
5	3	381	0	0	0	561.84	531.94	7.49	7.51	100	41
3	3	382	0	0	0	620.639731	531.940547	7.490123	7.506241	-1	###FLOW###
4	3	382	0	0	0	620.639731	531.940547	7.490123	7.506241	-1	###LINE###
5	3	382	0	0	0	620.64	531.94	7.49	7.51	100	31
3	3	383	0	0	0	679.439666	531.940547	7.490123	7.506241	-1	###FLOW###
4	3	383	0	0	0	679.439666	531.940547	7.490123	7.506241	-1	###LINE###
5	3	383	0	0	0	679.44	531.94	7.49	7.51	100	12
3	3	384	0	0	0	738.239662	531.940547	7.490123	7.506241	-1	###FLOW###
4	3	384	0	0	0	738.239662	531.940547	7.490123	7.506241	-1	###LINE###
5	3	384	0	0	0	738.24	531.94	7.49	7.51	100	13
3	3	385	0	0	0	46.319981	544.300542	25.373466	7.506241	-1	###FLOW###
4	3	385	0	0	0	46.319981	544.300542	25.373466	7.506241	-1	###LINE###
5	3	385	0	0	0	46.32	544.30	25.37	7.51	100	Johnson
3	3	386	0	0	0	140.879939	544.300542	16.846042	7.506241	-1	###FLOW###
4	3	386	0	0	0	140.879939	544.300542	16.846042	7.506241	-1	###LINE###
5	3	386	0	0	0	140.88	544.30	16.85	7.51	100	2,400
3	3	387	0	0	0	199.679905	544.300542	16.846042	7.506241	-1	###FLOW###
4	3	387	0	0	0	199.679905	544.300542	16.846042	7.506241	-1	###LINE###
5	3	387	0	0	0	199.68	544.30	16.85	7.51	100	1,151
3	3	388	0	0	0	267.839875	544.300542	7.490123	7.506241	-1	###FLOW###
4	3	388	0	0	0	267.839875	544.300542	7.490123	7.506241	-1	###LINE###
5	3	388	0	0	0	267.84	544.30	7.49	7.51	100	26
3	3	389	0	0	0	326.639840	544.300542	7.490123	7.506241	-1	###FLOW###
4	3	389	0	0	0	326.639840	544.300542	7.490123	7.506241	-1	###LINE###
5	3	389	0	0	0	326.64	544.30	7.49	7.51	100	79
3	3	390	0	0	0	385.439837	544.300542	7.490123	7.506241	-1	###FLOW###
4	3	390	0	0	0	385.439837	544.300542	7.490123	7.506241	-1	###LINE###
5	3	390	0	0	0	385.44	544.30	7.49	7.51	100	42
3	3	391	0	0	0	444.239803	544.300542	7.490123	7.506241	-1	###FLOW###
4	3	391	0	0	0	444.239803	544.300542	7.490123	7.506241	-1	###LINE###
5	3	391	0	0	0	444.24	544.30	7.49	7.51	100	14
3	3	392	0	0	0	503.039768	544.300542	7.490123	7.506241	-1	###FLOW###
4	3	392	0	0	0	503.039768	544.300542	7.490123	7.506241	-1	###LINE###
5	3	392	0	0	0	503.04	544.30	7.49	7.51	100	25
3	3	393	0	0	0	561.839734	544.300542	7.490123	7.506241	-1	###FLOW###
4	3	393	0	0	0	561.839734	544.300542	7.490123	7.506241	-1	###LINE###
5	3	393	0	0	0	561.84	544.30	7.49	7.51	100	47
3	3	394	0	0	0	620.639731	544.300542	7.490123	7.506241	-1	###FLOW###
4	3	394	0	0	0	620.639731	544.300542	7.490123	7.506241	-1	###LINE###
5	3	394	0	0	0	620.64	544.30	7.49	7.51	100	16
3	3	395	0	0	0	683.159716	544.300542	3.745062	7.506241	-1	###FLOW###
4	3	395	0	0	0	683.159716	544.300542	3.745062	7.506241	-1	###LINE###
5	3	395	0	0	0	683.16	544.30	3.75	7.51	100	8
3	3	396	0	0	0	738.239662	544.300542	7.490123	7.506241	-1	###FLOW###
4	3	396	0	0	0	738.239662	544.300542	7.490123	7.506241	-1	###LINE###
5	3	396	0	0	0	738.24	544.30	7.49	7.51	100	10
1	4	0	0	0	0	0.000000	0.000000	792.000000	612.000000	-1	###PAGE###
3	4	0	0	0	0	35.999984	54.115290	161.717484	13.404001	-1	###FLOW###
4	4	0	0	0	0	35.999984	54.115290	161.717484	13.404001	-1	###LINE###
5	4	0	0	0	0	36.00	54.12	89.61	13.40	100	Commonwealth
5	4	0	0	0	1	128.96	54.12	11.34	13.40	100	of
5	4	0	0	0	2	143.60	54.12	54.11	13.40	100	Kentucky
3	4	1	0	0	0	289.919866	54.115290	212.006871	13.404001	-1	###FLOW###
4	4	1	0	0	0	289.919866	54.115290	212.006871	13.404001	-1	###LINE###
5	4	1	0	0	0	289.92	54.12	44.08	13.40	100	Michael
5	4	1	0	0	1	337.41	54.12	12.68	13.40	100	G.
5	4	1	0	0	2	353.49	54.12	43.05	13.40	100	Adams,
5	4	1	0	0	3	399.93	54.12	54.93	13.40	100	Secretary
5	4	1	0	0	4	457.88	54.12	11.34	13.40	100	of
5	4	1	0	0	5	472.53	54.12	29.40	13.40	100	State
3	4	2	0	0	0	584.279730	54.115290	171.664703	13.404001	-1	###FLOW###
4	4	2	0	0	0	584.279730	54.115290	171.664703	13.404001	-1	###LINE###
5	4	2	0	0	0	584.28	54.12	26.75	13.40	100	2026
5	4	2	0	0	1	614.48	54.12	44.77	13.40	100	Primary
5	4	2	0	0	2	662.37	54.12	46.85	13.40	100	Election
5	4	2	0	0	3	712.52	54.12	43.42	13.40	100	Results
3	4	3	0	0	0	134.114399	134.640003	24.202638	24.854041	-1	###FLOW###
4	4	3	0	0	0	147.434396	135.720030	10.882642	22.696201	-1	###LINE###
5	4	3	0	0	0	147.43	135.72	10.88	22.70	100	Andy
4	4	3	0	1	0	134.114399	134.640003	10.882642	24.854041	-1	###LINE###
5	4	3	0	1	0	134.11	134.64	10.88	24.85	100	BARR
3	4	4	0	0	0	192.914365	111.120034	24.202638	46.973733	-1	###FLOW###
4	4	4	0	0	0	206.234362	130.800006	10.882642	27.293761	-1	###LINE###
5	4	4	0	0	0	206.23	130.80	10.88	27.29	100	Daniel
4	4	4	0	1	0	192.914365	111.120034	10.882642	46.772641	-1	###LINE###
5	4	4	0	1	0	192.91	111.12	10.88	46.77	100	CAMERON
3	4	5	0	0	0	251.714347	94.440026	24.202637	64.472762	-1	###FLOW###
4	4	5	0	0	0	265.034342	94.440026	10.882642	64.472762	-1	###LINE###
5	4	5	0	0	0	265.03	94.44	10.88	33.76	100	Michael
5	4	5	0	0	1	265.03	131.91	10.88	27.00	100	James
4	4	5	0	1	0	251.714347	133.440012	10.882642	24.741092	-1	###LINE###
5	4	5	0	1	0	251.71	133.44	10.88	9.90	100	FA
5	4	5	0	1	1	251.71	144.57	10.88	13.61	100	RIS
3	4	6	0	0	0	310.514312	93.360031	24.202638	65.211700	-1	###FLOW###
4	4	6	0	0	0	323.834308	126.000009	10.882642	32.571721	-1	###LINE###
5	4	6	0	0	0	323.83	126.00	10.88	32.57	100	George
4	4	6	0	1	0	310.514312	93.360031	10.882642	64.492202	-1	###LINE###
5	4	6	0	1	0	310.51	93.36	10.88	64.49	100	WASHINGTON
3	4	7	0	0	0	369.314278	90.000018	24.202606	69.021123	-1	###FLOW###
4	4	7	0	0	0	382.634243	90.000018	10.882642	67.845602	-1	###LINE###
5	4	7	0	0	0	382.63	90.00	10.88	29.94	100	Valerie
5	4	7	0	0	1	382.63	123.15	10.88	14.08	100	"Dr
5	4	7	0	0	2	382.63	140.87	10.88	16.97	100	Val"
4	4	7	0	1	0	369.314278	115.320019	10.882642	43.701121	-1	###LINE###
5	4	7	0	1	0	369.31	115.32	10.88	43.70	100	FREDRICK
3	4	8	0	0	0	428.114275	120.720028	24.202637	37.989108	-1	###FLOW###
4	4	8	0	0	0	441.434270	130.560014	10.882642	28.149121	-1	###LINE###
5	4	8	0	0	0	441.43	130.56	10.88	28.15	100	Anissa
4	4	8	0	1	0	428.114275	120.720028	10.882642	37.126996	-1	###LINE###
5	4	8	0	1	0	428.11	120.72	10.88	11.22	100	CA
5	4	8	0	1	1	428.11	133.17	10.88	24.68	100	TLETT
3	4	9	0	0	0	486.914241	117.240019	24.202637	41.671792	-1	###FLOW###
4	4	9	0	0	0	500.234236	119.400009	10.882642	39.511801	-1	###LINE###
5	4	9	0	0	0	500.23	119.40	10.88	27.00	100	James
5	4	9	0	0	1	500.23	149.20	10.88	9.71	100	D.
4	4	9	0	1	0	486.914241	117.240019	10.882642	40.658761	-1	###LINE###
5	4	9	0	1	0	486.91	117.24	10.88	40.66	100	DUNCAN
3	4	10	0	0	0	545.714176	104.160015	24.202637	55.095263	-1	###FLOW###
4	4	10	0	0	0	559.034172	104.160015	10.882642	54.645842	-1	###LINE###
5	4	10	0	0	0	559.03	104.16	10.88	39.40	100	Jonathan
5	4	10	0	0	1	559.03	147.26	10.88	11.55	100	M.
4	4	10	0	1	0	545.714176	112.920037	10.882642	46.335241	-1	###LINE###
5	4	10	0	1	0	545.71	112.92	10.88	46.34	100	HOLLIDAY
3	4	11	0	0	0	604.514171	121.080016	24.202638	37.191500	-1	###FLOW###
4	4	11	0	0	0	617.834168	127.080035	10.882642	31.191481	-1	###LINE###
5	4	11	0	0	0	617.83	127.08	10.88	9.03	100	A.
5	4	11	0	0	1	617.83	139.05	10.88	19.23	100	Nick
4	4	11	0	1	0	604.514171	121.080016	10.882642	36.835201	-1	###LINE###
5	4	11	0	1	0	604.51	121.08	10.88	10.81	100	SH
5	4	11	0	1	1	604.51	133.40	10.88	24.51	100	ELLEY
3	4	12	0	0	0	663.314169	97.920065	24.202637	61.123264	-1	###FLOW###
4	4	12	0	0	0	676.634164	97.920065	10.882642	59.875202	-1	###LINE###
5	4	12	0	0	0	676.63	97.92	10.88	24.90	100	Other
5	4	12	0	0	1	676.63	126.53	10.88	31.27	100	Donald
4	4	12	0	1	0	663.314169	121.320008	10.882642	37.723321	-1	###LINE###
5	4	12	0	1	0	663.31	121.32	10.88	37.72	100	WENZEL
3	4	13	0	0	0	722.114104	122.400034	24.202637	36.508321	-1	###FLOW###
4	4	13	0	0	0	735.434100	122.400034	10.882642	36.508321	-1	###LINE###
5	4	13	0	0	0	735.43	122.40	10.88	27.72	100	Jimmy
5	4	13	0	0	1	735.43	153.52	10.88	5.38	100	I.
4	4	13	0	1	0	722.114104	133.680005	10.882642	24.261121	-1	###LINE###
5	4	13	0	1	0	722.11	133.68	10.88	24.26	100	LEON
3	4	14	0	0	0	46.319981	162.940568	21.257940	7.506241	-1	###FLOW###
4	4	14	0	0	0	46.319981	162.940568	21.257940	7.506241	-1	###LINE###
5	4	14	0	0	0	46.32	162.94	21.26	7.51	100	Kenton
3	4	15	0	0	0	137.159935	162.940568	20.591103	7.506241	-1	###FLOW###
4	4	15	0	0	0	137.159935	162.940568	20.591103	7.506241	-1	###LINE###
5	4	15	0	0	0	137.16	162.94	20.59	7.51	100	10,416
3	4	16	0	0	0	199.679905	162.940568	16.846042	7.506241	-1	###FLOW###
4	4	16	0	0	0	199.679905	162.940568	16.846042	7.506241	-1	###LINE###
5	4	16	0	0	0	199.68	162.94	16.85	7.51	100	5,811
3	4	17	0	0	0	264.119885	162.940568	11.235185	7.506241	-1	###FLOW###
4	4	17	0	0	0	264.119885	162.940568	11.235185	7.506241	-1	###LINE###
5	4	17	0	0	0	264.12	162.94	11.24	7.51	100	667
3	4	18	0	0	0	322.919852	162.940568	11.235185	7.506241	-1	###FLOW###
4	4	18	0	0	0	322.919852	162.940568	11.235185	7.506241	-1	###LINE###
5	4	18	0	0	0	322.92	162.94	11.24	7.51	100	369
3	4	19	0	0	0	381.719817	162.940568	11.235185	7.506241	-1	###FLOW###
4	4	19	0	0	0	381.719817	162.940568	11.235185	7.506241	-1	###LINE###
5	4	19	0	0	0	381.72	162.94	11.24	7.51	100	242
3	4	20	0	0	0	440.519813	162.940568	11.235185	7.506241	-1	###FLOW###
4	4	20	0	0	0	440.519813	162.940568	11.235185	7.506241	-1	###LINE###
5	4	20	0	0	0	440.52	162.94	11.24	7.51	100	317
3	4	21	0	0	0	499.319780	162.940568	11.235185	7.506241	-1	###FLOW###
4	4	21	0	0	0	499.319780	162.940568	11.235185	7.506241	-1	###LINE###
5	4	21	0	0	0	499.32	162.94	11.24	7.51	100	186
3	4	22	0	0	0	558.119746	162.940568	11.235185	7.506241	-1	###FLOW###
4	4	22	0	0	0	558.119746	162.940568	11.235185	7.506241	-1	###LINE###
5	4	22	0	0	0	558.12	162.94	11.24	7.51	100	118
3	4	23	0	0	0	616.919742	162.940568	11.235185	7.506241	-1	###FLOW###
4	4	23	0	0	0	616.919742	162.940568	11.235185	7.506241	-1	###LINE###
5	4	23	0	0	0	616.92	162.94	11.24	7.51	100	330
3	4	24	0	0	0	679.439666	162.940568	7.490123	7.506241	-1	###FLOW###
4	4	24	0	0	0	679.439666	162.940568	7.490123	7.506241	-1	###LINE###
5	4	24	0	0	0	679.44	162.94	7.49	7.51	100	51
3	4	25	0	0	0	738.239662	162.940568	7.490123	7.506241	-1	###FLOW###
4	4	25	0	0	0	738.239662	162.940568	7.490123	7.506241	-1	###LINE###
5	4	25	0	0	0	738.24	162.94	7.49	7.51	100	39
3	4	26	0	0	0	46.319981	175.300595	15.633612	7.506241	-1	###FLOW###
4	4	26	0	0	0	46.319981	175.300595	15.633612	7.506241	-1	###LINE###
5	4	26	0	0	0	46.32	175.30	15.63	7.51	100	Knott
3	4	27	0	0	0	146.519939	175.300595	11.235185	7.506241	-1	###FLOW###
4	4	27	0	0	0	146.519939	175.300595	11.235185	7.506241	-1	###LINE###
5	4	27	0	0	0	146.52	175.30	11.24	7.51	100	453
3	4	28	0	0	0	205.319905	175.300595	11.235185	7.506241	-1	###FLOW###
4	4	28	0	0	0	205.319905	175.300595	11.235185	7.506241	-1	###LINE###
5	4	28	0	0	0	205.32	175.30	11.24	7.51	100	188
3	4	29	0	0	0	271.559864	175.300595	3.745062	7.506241	-1	###FLOW###
4	4	29	0	0	0	271.559864	175.300595	3.745062	7.506241	-1	###LINE###
5	4	29	0	0	0	271.56	175.30	3.75	7.51	100	3
3	4	30	0	0	0	326.639840	175.300595	7.490123	7.506241	-1	###FLOW###
4	4	30	0	0	0	326.639840	175.300595	7.490123	7.506241	-1	###LINE###
5	4	30	0	0	0	326.64	175.30	7.49	7.51	100	14
3	4	31	0	0	0	389.159825	175.300595	3.745062	7.506241	-1	###FLOW###
4	4	31	0	0	0	389.159825	175.300595	3.745062	7.506241	-1	###LINE###
5	4	31	0	0	0	389.16	175.30	3.75	7.51	100	2
3	4	32	0	0	0	447.959792	175.300595	3.745062	7.506241	-1	###FLOW###
4	4	32	0	0	0	447.959792	175.300595	3.745062	7.506241	-1	###LINE###
5	4	32	0	0	0	447.96	175.30	3.75	7.51	100	2
3	4	33	0	0	0	506.759788	175.300595	3.745062	7.506241	-1	###FLOW###
4	4	33	0	0	0	506.759788	175.300595	3.745062	7.506241	-1	###LINE###
5	4	33	0	0	0	506.76	175.30	3.75	7.51	100	3
3	4	34	0	0	0	561.839734	175.300595	7.490123	7.506241	-1	###FLOW###
4	4	34	0	0	0	561.839734	175.300595	7.490123	7.506241	-1	###LINE###
5	4	34	0	0	0	561.84	175.30	7.49	7.51	100	12
3	4	35	0	0	0	624.359720	175.300595	3.745062	7.506241	-1	###FLOW###
4	4	35	0	0	0	624.359720	175.300595	3.745062	7.506241	-1	###LINE###
5	4	35	0	0	0	624.36	175.30	3.75	7.51	100	0
3	4	36	0	0	0	683.159716	175.300595	3.745062	7.506241	-1	###FLOW###
4	4	36	0	0	0	683.159716	175.300595	3.745062	7.506241	-1	###LINE###
5	4	36	0	0	0	683.16	175.30	3.75	7.51	100	1
3	4	37	0	0	0	741.959651	175.300595	3.745062	7.506241	-1	###FLOW###
4	4	37	0	0	0	741.959651	175.300595	3.745062	7.506241	-1	###LINE###
5	4	37	0	0	0	741.96	175.30	3.75	7.51	100	0
3	4	38	0	0	0	46.319981	187.540594	15.269883	7.506241	-1	###FLOW###
4	4	38	0	0	0	46.319981	187.540594	15.269883	7.506241	-1	###LINE###
5	4	38	0	0	0	46.32	187.54	15.27	7.51	100	Knox
3	4	39	0	0	0	140.879939	187.540594	16.846042	7.506241	-1	###FLOW###
4	4	39	0	0	0	140.879939	187.540594	16.846042	7.506241	-1	###LINE###
5	4	39	0	0	0	140.88	187.54	16.85	7.51	100	4,027
3	4	40	0	0	0	199.679905	187.540594	16.846042	7.506241	-1	###FLOW###
4	4	40	0	0	0	199.679905	187.540594	16.846042	7.506241	-1	###LINE###
5	4	40	0	0	0	199.68	187.54	16.85	7.51	100	1,506
3	4	41	0	0	0	267.839875	187.540594	7.490123	7.506241	-1	###FLOW###
4	4	41	0	0	0	267.839875	187.540594	7.490123	7.506241	-1	###LINE###
5	4	41	0	0	0	267.84	187.54	7.49	7.51	100	61
3	4	42	0	0	0	322.919852	187.540594	11.235185	7.506241	-1	###FLOW###
4	4	42	0	0	0	322.919852	187.540594	11.235185	7.506241	-1	###LINE###
5	4	42	0	0	0	322.92	187.54	11.24	7.51	100	137
3	4	43	0	0	0	385.439837	187.540594	7.490123	7.506241	-1	###FLOW###
4	4	43	0	0	0	385.439837	187.540594	7.490123	7.506241	-1	###LINE###
5	4	43	0	0	0	385.44	187.54	7.49	7.51	100	56
3	4	44	0	0	0	444.239803	187.540594	7.490123	7.506241	-1	###FLOW###
4	4	44	0	0	0	444.239803	187.540594	7.490123	7.506241	-1	###LINE###
5	4	44	0	0	0	444.24	187.54	7.49	7.51	100	31
3	4	45	0	0	0	503.039768	187.540594	7.490123	7.506241	-1	###FLOW###
4	4	45	0	0	0	503.039768	187.540594	7.490123	7.506241	-1	###LINE###
5	4	45	0	0	0	503.04	187.54	7.49	7.51	100	31
3	4	46	0	0	0	561.839734	187.540594	7.490123	7.506241	-1	###FLOW###
4	4	46	0	0	0	561.839734	187.540594	7.490123	7.506241	-1	###LINE###
5	4	46	0	0	0	561.84	187.54	7.49	7.51	100	78
3	4	47	0	0	0	620.639731	187.540594	7.490123	7.506241	-1	###FLOW###
4	4	47	0	0	0	620.639731	187.540594	7.490123	7.506241	-1	###LINE###
5	4	47	0	0	0	620.64	187.54	7.49	7.51	100	20
3	4	48	0	0	0	683.159716	187.540594	3.745062	7.506241	-1	###FLOW###
4	4	48	0	0	0	683.159716	187.540594	3.745062	7.506241	-1	###LINE###
5	4	48	0	0	0	683.16	187.54	3.75	7.51	100	6
3	4	49	0	0	0	741.959651	187.540594	3.745062	7.506241	-1	###FLOW###
4	4	49	0	0	0	741.959651	187.540594	3.745062	7.506241	-1	###LINE###
5	4	49	0	0	0	741.96	187.54	3.75	7.51	100	8
3	4	50	0	0	0	46.319981	199.900589	17.223242	7.506241	-1	###FLOW###
4	4	50	0	0	0	46.319981	199.900589	17.223242	7.506241	-1	###LINE###
5	4	50	0	0	0	46.32	199.90	17.22	7.51	100	Larue
3	4	51	0	0	0	146.519939	199.900589	11.235185	7.506241	-1	###FLOW###
4	4	51	0	0	0	146.519939	199.900589	11.235185	7.506241	-1	###LINE###
5	4	51	0	0	0	146.52	199.90	11.24	7.51	100	869
3	4	52	0	0	0	199.679905	199.900589	16.846042	7.506241	-1	###FLOW###
4	4	52	0	0	0	199.679905	199.900589	16.846042	7.506241	-1	###LINE###
5	4	52	0	0	0	199.68	199.90	16.85	7.51	100	1,253
3	4	53	0	0	0	264.119885	199.900589	11.235185	7.506241	-1	###FLOW###
4	4	53	0	0	0	264.119885	199.900589	11.235185	7.506241	-1	###LINE###
5	4	53	0	0	0	264.12	199.90	11.24	7.51	100	108
3	4	54	0	0	0	326.639840	199.900589	7.490123	7.506241	-1	###FLOW###
4	4	54	0	0	0	326.639840	199.900589	7.490123	7.506241	-1	###LINE###
5	4	54	0	0	0	326.64	199.90	7.49	7.51	100	28
3	4	55	0	0	0	385.439837	199.900589	7.490123	7.506241	-1	###FLOW###
4	4	55	0	0	0	385.439837	199.900589	7.490123	7.506241	-1	###LINE###
5	4	55	0	0	0	385.44	199.90	7.49	7.51	100	17
3	4	56	0	0	0	444.239803	199.900589	7.490123	7.506241	-1	###FLOW###
4	4	56	0	0	0	444.239803	199.900589	7.490123	7.506241	-1	###LINE###
5	4	56	0	0	0	444.24	199.90	7.49	7.51	100	22
3	4	57	0	0	0	503.039768	199.900589	7.490123	7.506241	-1	###FLOW###
4	4	57	0	0	0	503.039768	199.900589	7.490123	7.506241	-1	###LINE###
5	4	57	0	0	0	503.04	199.90	7.49	7.51	100	29
3	4	58	0	0	0	561.839734	199.900589	7.490123	7.506241	-1	###FLOW###
4	4	58	0	0	0	561.839734	199.900589	7.490123	7.506241	-1	###LINE###
5	4	58	0	0	0	561.84	199.90	7.49	7.51	100	10
3	4	59	0	0	0	624.359720	199.900589	3.745062	7.506241	-1	###FLOW###
4	4	59	0	0	0	624.359720	199.900589	3.745062	7.506241	-1	###LINE###
5	4	59	0	0	0	624.36	199.90	3.75	7.51	100	3
3	4	60	0	0	0	679.439666	199.900589	7.490123	7.506241	-1	###FLOW###
4	4	60	0	0	0	679.439666	199.900589	7.490123	7.506241	-1	###LINE###
5	4	60	0	0	0	679.44	199.90	7.49	7.51	100	10
3	4	61	0	0	0	741.959651	199.900589	3.745062	7.506241	-1	###FLOW###
4	4	61	0	0	0	741.959651	199.900589	3.745062	7.506241	-1	###LINE###
5	4	61	0	0	0	741.96	199.90	3.75	7.51	100	8
3	4	62	0	0	0	46.319981	212.140590	18.637744	7.506241	-1	###FLOW###
4	4	62	0	0	0	46.319981	212.140590	18.637744	7.506241	-1	###LINE###
5	4	62	0	0	0	46.32	212.14	18.64	7.51	100	Laurel
3	4	63	0	0	0	140.879939	212.140590	16.846042	7.506241	-1	###FLOW###
4	4	63	0	0	0	140.879939	212.140590	16.846042	7.506241	-1	###LINE###
5	4	63	0	0	0	140.88	212.14	16.85	7.51	100	7,793
3	4	64	0	0	0	199.679905	212.140590	16.846042	7.506241	-1	###FLOW###
4	4	64	0	0	0	199.679905	212.140590	16.846042	7.506241	-1	###LINE###
5	4	64	0	0	0	199.68	212.14	16.85	7.51	100	3,284
3	4	65	0	0	0	264.119885	212.140590	11.235185	7.506241	-1	###FLOW###
4	4	65	0	0	0	264.119885	212.140590	11.235185	7.506241	-1	###LINE###
5	4	65	0	0	0	264.12	212.14	11.24	7.51	100	125
3	4	66	0	0	0	322.919852	212.140590	11.235185	7.506241	-1	###FLOW###
4	4	66	0	0	0	322.919852	212.140590	11.235185	7.506241	-1	###LINE###
5	4	66	0	0	0	322.92	212.14	11.24	7.51	100	149
3	4	67	0	0	0	385.439837	212.140590	7.490123	7.506241	-1	###FLOW###
4	4	67	0	0	0	385.439837	212.140590	7.490123	7.506241	-1	###LINE###
5	4	67	0	0	0	385.44	212.14	7.49	7.51	100	93
3	4	68	0	0	0	444.239803	212.140590	7.490123	7.506241	-1	###FLOW###
4	4	68	0	0	0	444.239803	212.140590	7.490123	7.506241	-1	###LINE###
5	4	68	0	0	0	444.24	212.14	7.49	7.51	100	78
3	4	69	0	0	0	503.039768	212.140590	7.490123	7.506241	-1	###FLOW###
4	4	69	0	0	0	503.039768	212.140590	7.490123	7.506241	-1	###LINE###
5	4	69	0	0	0	503.04	212.14	7.49	7.51	100	63
3	4	70	0	0	0	558.119746	212.140590	11.235185	7.506241	-1	###FLOW###
4	4	70	0	0	0	558.119746	212.140590	11.235185	7.506241	-1	###LINE###
5	4	70	0	0	0	558.12	212.14	11.24	7.51	100	132
3	4	71	0	0	0	620.639731	212.140590	7.490123	7.506241	-1	###FLOW###
4	4	71	0	0	0	620.639731	212.140590	7.490123	7.506241	-1	###LINE###
5	4	71	0	0	0	620.64	212.14	7.49	7.51	100	39
3	4	72	0	0	0	679.439666	212.140590	7.490123	7.506241	-1	###FLOW###
4	4	72	0	0	0	679.439666	212.140590	7.490123	7.506241	-1	###LINE###
5	4	72	0	0	0	679.44	212.14	7.49	7.51	100	34
3	4	73	0	0	0	738.239662	212.140590	7.490123	7.506241	-1	###FLOW###
4	4	73	0	0	0	738.239662	212.140590	7.490123	7.506241	-1	###LINE###
5	4	73	0	0	0	738.24	212.14	7.49	7.51	100	35
3	4	74	0	0	0	46.319981	224.500585	28.963606	7.506241	-1	###FLOW###
4	4	74	0	0	0	46.319981	224.500585	28.963606	7.506241	-1	###LINE###
5	4	74	0	0	0	46.32	224.50	28.96	7.51	100	Lawrence
3	4	75	0	0	0	140.879939	224.500585	16.846042	7.506241	-1	###FLOW###
4	4	75	0	0	0	140.879939	224.500585	16.846042	7.506241	-1	###LINE###
5	4	75	0	0	0	140.88	224.50	16.85	7.51	100	1,275
3	4	76	0	0	0	205.319905	224.500585	11.235185	7.506241	-1	###FLOW###
4	4	76	0	0	0	205.319905	224.500585	11.235185	7.506241	-1	###LINE###
5	4	76	0	0	0	205.32	224.50	11.24	7.51	100	636
3	4	77	0	0	0	267.839875	224.500585	7.490123	7.506241	-1	###FLOW###
4	4	77	0	0	0	267.839875	224.500585	7.490123	7.506241	-1	###LINE###
5	4	77	0	0	0	267.84	224.50	7.49	7.51	100	28
3	4	78	0	0	0	326.639840	224.500585	7.490123	7.506241	-1	###FLOW###
4	4	78	0	0	0	326.639840	224.500585	7.490123	7.506241	-1	###LINE###
5	4	78	0	0	0	326.64	224.50	7.49	7.51	100	78
3	4	79	0	0	0	385.439837	224.500585	7.490123	7.506241	-1	###FLOW###
4	4	79	0	0	0	385.439837	224.500585	7.490123	7.506241	-1	###LINE###
5	4	79	0	0	0	385.44	224.50	7.49	7.51	100	37
3	4	80	0	0	0	444.239803	224.500585	7.490123	7.506241	-1	###FLOW###
4	4	80	0	0	0	444.239803	224.500585	7.490123	7.506241	-1	###LINE###
5	4	80	0	0	0	444.24	224.50	7.49	7.51	100	15
3	4	81	0	0	0	503.039768	224.500585	7.490123	7.506241	-1	###FLOW###
4	4	81	0	0	0	503.039768	224.500585	7.490123	7.506241	-1	###LINE###
5	4	81	0	0	0	503.04	224.50	7.49	7.51	100	33
3	4	82	0	0	0	561.839734	224.500585	7.490123	7.506241	-1	###FLOW###
4	4	82	0	0	0	561.839734	224.500585	7.490123	7.506241	-1	###LINE###
5	4	82	0	0	0	561.84	224.50	7.49	7.51	100	36
3	4	83	0	0	0	620.639731	224.500585	7.490123	7.506241	-1	###FLOW###
4	4	83	0	0	0	620.639731	224.500585	7.490123	7.506241	-1	###LINE###
5	4	83	0	0	0	620.64	224.50	7.49	7.51	100	16
3	4	84	0	0	0	683.159716	224.500585	3.745062	7.506241	-1	###FLOW###
4	4	84	0	0	0	683.159716	224.500585	3.745062	7.506241	-1	###LINE###
5	4	84	0	0	0	683.16	224.50	3.75	7.51	100	2
3	4	85	0	0	0	741.959651	224.500585	3.745062	7.506241	-1	###FLOW###
4	4	85	0	0	0	741.959651	224.500585	3.745062	7.506241	-1	###LINE###
5	4	85	0	0	0	741.96	224.50	3.75	7.51	100	9
3	4	86	0	0	0	46.319981	236.740585	11.235185	7.506241	-1	###FLOW###
4	4	86	0	0	0	46.319981	236.740585	11.235185	7.506241	-1	###LINE###
5	4	86	0	0	0	46.32	236.74	11.24	7.51	100	Lee
3	4	87	0	0	0	140.879939	236.740585	16.846042	7.506241	-1	###FLOW###
4	4	87	0	0	0	140.879939	236.740585	16.846042	7.506241	-1	###LINE###
5	4	87	0	0	0	140.88	236.74	16.85	7.51	100	1,179
3	4	88	0	0	0	205.319905	236.740585	11.235185	7.506241	-1	###FLOW###
4	4	88	0	0	0	205.319905	236.740585	11.235185	7.506241	-1	###LINE###
5	4	88	0	0	0	205.32	236.74	11.24	7.51	100	277
3	4	89	0	0	0	267.839875	236.740585	7.490123	7.506241	-1	###FLOW###
4	4	89	0	0	0	267.839875	236.740585	7.490123	7.506241	-1	###LINE###
5	4	89	0	0	0	267.84	236.74	7.49	7.51	100	16
3	4	90	0	0	0	326.639840	236.740585	7.490123	7.506241	-1	###FLOW###
4	4	90	0	0	0	326.639840	236.740585	7.490123	7.506241	-1	###LINE###
5	4	90	0	0	0	326.64	236.74	7.49	7.51	100	31
3	4	91	0	0	0	385.439837	236.740585	7.490123	7.506241	-1	###FLOW###
4	4	91	0	0	0	385.439837	236.740585	7.490123	7.506241	-1	###LINE###
5	4	91	0	0	0	385.44	236.74	7.49	7.51	100	18
3	4	92	0	0	0	447.959792	236.740585	3.745062	7.506241	-1	###FLOW###
4	4	92	0	0	0	447.959792	236.740585	3.745062	7.506241	-1	###LINE###
5	4	92	0	0	0	447.96	236.74	3.75	7.51	100	9
3	4	93	0	0	0	506.759788	236.740585	3.745062	7.506241	-1	###FLOW###
4	4	93	0	0	0	506.759788	236.740585	3.745062	7.506241	-1	###LINE###
5	4	93	0	0	0	506.76	236.74	3.75	7.51	100	6
3	4	94	0	0	0	561.839734	236.740585	7.490123	7.506241	-1	###FLOW###
4	4	94	0	0	0	561.839734	236.740585	7.490123	7.506241	-1	###LINE###
5	4	94	0	0	0	561.84	236.74	7.49	7.51	100	11
3	4	95	0	0	0	624.359720	236.740585	3.745062	7.506241	-1	###FLOW###
4	4	95	0	0	0	624.359720	236.740585	3.745062	7.506241	-1	###LINE###
5	4	95	0	0	0	624.36	236.74	3.75	7.51	100	7
3	4	96	0	0	0	683.159716	236.740585	3.745062	7.506241	-1	###FLOW###
4	4	96	0	0	0	683.159716	236.740585	3.745062	7.506241	-1	###LINE###
5	4	96	0	0	0	683.16	236.74	3.75	7.51	100	1
3	4	97	0	0	0	741.959651	236.740585	3.745062	7.506241	-1	###FLOW###
4	4	97	0	0	0	741.959651	236.740585	3.745062	7.506241	-1	###LINE###
5	4	97	0	0	0	741.96	236.74	3.75	7.51	100	3
3	4	98	0	0	0	46.319981	249.100581	17.357957	7.506241	-1	###FLOW###
4	4	98	0	0	0	46.319981	249.100581	17.357957	7.506241	-1	###LINE###
5	4	98	0	0	0	46.32	249.10	17.36	7.51	100	Leslie
3	4	99	0	0	0	140.879939	249.100581	16.846042	7.506241	-1	###FLOW###
4	4	99	0	0	0	140.879939	249.100581	16.846042	7.506241	-1	###LINE###
5	4	99	0	0	0	140.88	249.10	16.85	7.51	100	1,602
3	4	100	0	0	0	205.319905	249.100581	11.235185	7.506241	-1	###FLOW###
4	4	100	0	0	0	205.319905	249.100581	11.235185	7.506241	-1	###LINE###
5	4	100	0	0	0	205.32	249.10	11.24	7.51	100	449
3	4	101	0	0	0	267.839875	249.100581	7.490123	7.506241	-1	###FLOW###
4	4	101	0	0	0	267.839875	249.100581	7.490123	7.506241	-1	###LINE###
5	4	101	0	0	0	267.84	249.10	7.49	7.51	100	15
3	4	102	0	0	0	326.639840	249.100581	7.490123	7.506241	-1	###FLOW###
4	4	102	0	0	0	326.639840	249.100581	7.490123	7.506241	-1	###LINE###
5	4	102	0	0	0	326.64	249.10	7.49	7.51	100	26
3	4	103	0	0	0	385.439837	249.100581	7.490123	7.506241	-1	###FLOW###
4	4	103	0	0	0	385.439837	249.100581	7.490123	7.506241	-1	###LINE###
5	4	103	0	0	0	385.44	249.10	7.49	7.51	100	20
3	4	104	0	0	0	444.239803	249.100581	7.490123	7.506241	-1	###FLOW###
4	4	104	0	0	0	444.239803	249.100581	7.490123	7.506241	-1	###LINE###
5	4	104	0	0	0	444.24	249.10	7.49	7.51	100	13
3	4	105	0	0	0	503.039768	249.100581	7.490123	7.506241	-1	###FLOW###
4	4	105	0	0	0	503.039768	249.100581	7.490123	7.506241	-1	###LINE###
5	4	105	0	0	0	503.04	249.10	7.49	7.51	100	12
3	4	106	0	0	0	561.839734	249.100581	7.490123	7.506241	-1	###FLOW###
4	4	106	0	0	0	561.839734	249.100581	7.490123	7.506241	-1	###LINE###
5	4	106	0	0	0	561.84	249.10	7.49	7.51	100	30
3	4	107	0	0	0	624.359720	249.100581	3.745062	7.506241	-1	###FLOW###
4	4	107	0	0	0	624.359720	249.100581	3.745062	7.506241	-1	###LINE###
5	4	107	0	0	0	624.36	249.10	3.75	7.51	100	6
3	4	108	0	0	0	683.159716	249.100581	3.745062	7.506241	-1	###FLOW###
4	4	108	0	0	0	683.159716	249.100581	3.745062	7.506241	-1	###LINE###
5	4	108	0	0	0	683.16	249.10	3.75	7.51	100	4
3	4	109	0	0	0	741.959651	249.100581	3.745062	7.506241	-1	###FLOW###
4	4	109	0	0	0	741.959651	249.100581	3.745062	7.506241	-1	###LINE###
5	4	109	0	0	0	741.96	249.10	3.75	7.51	100	3
3	4	110	0	0	0	46.319981	261.340581	22.456899	7.506241	-1	###FLOW###
4	4	110	0	0	0	46.319981	261.340581	22.456899	7.506241	-1	###LINE###
5	4	110	0	0	0	46.32	261.34	22.46	7.51	100	Letcher
3	4	111	0	0	0	140.879939	261.340581	16.846042	7.506241	-1	###FLOW###
4	4	111	0	0	0	140.879939	261.340581	16.846042	7.506241	-1	###LINE###
5	4	111	0	0	0	140.88	261.34	16.85	7.51	100	1,091
3	4	112	0	0	0	205.319905	261.340581	11.235185	7.506241	-1	###FLOW###
4	4	112	0	0	0	205.319905	261.340581	11.235185	7.506241	-1	###LINE###
5	4	112	0	0	0	205.32	261.34	11.24	7.51	100	373
3	4	113	0	0	0	267.839875	261.340581	7.490123	7.506241	-1	###FLOW###
4	4	113	0	0	0	267.839875	261.340581	7.490123	7.506241	-1	###LINE###
5	4	113	0	0	0	267.84	261.34	7.49	7.51	100	28
3	4	114	0	0	0	326.639840	261.340581	7.490123	7.506241	-1	###FLOW###
4	4	114	0	0	0	326.639840	261.340581	7.490123	7.506241	-1	###LINE###
5	4	114	0	0	0	326.64	261.34	7.49	7.51	100	42
3	4	115	0	0	0	385.439837	261.340581	7.490123	7.506241	-1	###FLOW###
4	4	115	0	0	0	385.439837	261.340581	7.490123	7.506241	-1	###LINE###
5	4	115	0	0	0	385.44	261.34	7.49	7.51	100	22
3	4	116	0	0	0	447.959792	261.340581	3.745062	7.506241	-1	###FLOW###
4	4	116	0	0	0	447.959792	261.340581	3.745062	7.506241	-1	###LINE###
5	4	116	0	0	0	447.96	261.34	3.75	7.51	100	5
3	4	117	0	0	0	503.039768	261.340581	7.490123	7.506241	-1	###FLOW###
4	4	117	0	0	0	503.039768	261.340581	7.490123	7.506241	-1	###LINE###
5	4	117	0	0	0	503.04	261.34	7.49	7.51	100	14
3	4	118	0	0	0	561.839734	261.340581	7.490123	7.506241	-1	###FLOW###
4	4	118	0	0	0	561.839734	261.340581	7.490123	7.506241	-1	###LINE###
5	4	118	0	0	0	561.84	261.34	7.49	7.51	100	30
3	4	119	0	0	0	624.359720	261.340581	3.745062	7.506241	-1	###FLOW###
4	4	119	0	0	0	624.359720	261.340581	3.745062	7.506241	-1	###LINE###
5	4	119	0	0	0	624.36	261.34	3.75	7.51	100	8
3	4	120	0	0	0	683.159716	261.340581	3.745062	7.506241	-1	###FLOW###
4	4	120	0	0	0	683.159716	261.340581	3.745062	7.506241	-1	###LINE###
5	4	120	0	0	0	683.16	261.34	3.75	7.51	100	3
3	4	121	0	0	0	741.959651	261.340581	3.745062	7.506241	-1	###FLOW###
4	4	121	0	0	0	741.959651	261.340581	3.745062	7.506241	-1	###LINE###
5	4	121	0	0	0	741.96	261.34	3.75	7.51	100	1
3	4	122	0	0	0	46.319981	273.700576	16.980756	7.506241	-1	###FLOW###
4	4	122	0	0	0	46.319981	273.700576	16.980756	7.506241	-1	###LINE###
5	4	122	0	0	0	46.32	273.70	16.98	7.51	100	Lewis
3	4	123	0	0	0	140.879939	273.700576	16.846042	7.506241	-1	###FLOW###
4	4	123	0	0	0	140.879939	273.700576	16.846042	7.506241	-1	###LINE###
5	4	123	0	0	0	140.88	273.70	16.85	7.51	100	1,537
3	4	124	0	0	0	205.319905	273.700576	11.235185	7.506241	-1	###FLOW###
4	4	124	0	0	0	205.319905	273.700576	11.235185	7.506241	-1	###LINE###
5	4	124	0	0	0	205.32	273.70	11.24	7.51	100	718
3	4	125	0	0	0	264.119885	273.700576	11.235185	7.506241	-1	###FLOW###
4	4	125	0	0	0	264.119885	273.700576	11.235185	7.506241	-1	###LINE###
5	4	125	0	0	0	264.12	273.70	11.24	7.51	100	128
3	4	126	0	0	0	326.639840	273.700576	7.490123	7.506241	-1	###FLOW###
4	4	126	0	0	0	326.639840	273.700576	7.490123	7.506241	-1	###LINE###
5	4	126	0	0	0	326.64	273.70	7.49	7.51	100	98
3	4	127	0	0	0	385.439837	273.700576	7.490123	7.506241	-1	###FLOW###
4	4	127	0	0	0	385.439837	273.700576	7.490123	7.506241	-1	###LINE###
5	4	127	0	0	0	385.44	273.70	7.49	7.51	100	45
3	4	128	0	0	0	444.239803	273.700576	7.490123	7.506241	-1	###FLOW###
4	4	128	0	0	0	444.239803	273.700576	7.490123	7.506241	-1	###LINE###
5	4	128	0	0	0	444.24	273.70	7.49	7.51	100	14
3	4	129	0	0	0	503.039768	273.700576	7.490123	7.506241	-1	###FLOW###
4	4	129	0	0	0	503.039768	273.700576	7.490123	7.506241	-1	###LINE###
5	4	129	0	0	0	503.04	273.70	7.49	7.51	100	23
3	4	130	0	0	0	565.559723	273.700576	3.745062	7.506241	-1	###FLOW###
4	4	130	0	0	0	565.559723	273.700576	3.745062	7.506241	-1	###LINE###
5	4	130	0	0	0	565.56	273.70	3.75	7.51	100	9
3	4	131	0	0	0	620.639731	273.700576	7.490123	7.506241	-1	###FLOW###
4	4	131	0	0	0	620.639731	273.700576	7.490123	7.506241	-1	###LINE###
5	4	131	0	0	0	620.64	273.70	7.49	7.51	100	44
3	4	132	0	0	0	683.159716	273.700576	3.745062	7.506241	-1	###FLOW###
4	4	132	0	0	0	683.159716	273.700576	3.745062	7.506241	-1	###LINE###
5	4	132	0	0	0	683.16	273.70	3.75	7.51	100	5
3	4	133	0	0	0	738.239662	273.700576	7.490123	7.506241	-1	###FLOW###
4	4	133	0	0	0	738.239662	273.700576	7.490123	7.506241	-1	###LINE###
5	4	133	0	0	0	738.24	273.70	7.49	7.51	100	10
3	4	134	0	0	0	46.319981	285.940576	21.143433	7.506241	-1	###FLOW###
4	4	134	0	0	0	46.319981	285.940576	21.143433	7.506241	-1	###LINE###
5	4	134	0	0	0	46.32	285.94	21.14	7.51	100	Lincoln
3	4	135	0	0	0	140.879939	285.940576	16.846042	7.506241	-1	###FLOW###
4	4	135	0	0	0	140.879939	285.940576	16.846042	7.506241	-1	###LINE###
5	4	135	0	0	0	140.88	285.94	16.85	7.51	100	1,763
3	4	136	0	0	0	205.319905	285.940576	11.235185	7.506241	-1	###FLOW###
4	4	136	0	0	0	205.319905	285.940576	11.235185	7.506241	-1	###LINE###
5	4	136	0	0	0	205.32	285.94	11.24	7.51	100	927
3	4	137	0	0	0	267.839875	285.940576	7.490123	7.506241	-1	###FLOW###
4	4	137	0	0	0	267.839875	285.940576	7.490123	7.506241	-1	###LINE###
5	4	137	0	0	0	267.84	285.94	7.49	7.51	100	60
3	4	138	0	0	0	326.639840	285.940576	7.490123	7.506241	-1	###FLOW###
4	4	138	0	0	0	326.639840	285.940576	7.490123	7.506241	-1	###LINE###
5	4	138	0	0	0	326.64	285.94	7.49	7.51	100	37
3	4	139	0	0	0	385.439837	285.940576	7.490123	7.506241	-1	###FLOW###
4	4	139	0	0	0	385.439837	285.940576	7.490123	7.506241	-1	###LINE###
5	4	139	0	0	0	385.44	285.94	7.49	7.51	100	27
3	4	140	0	0	0	444.239803	285.940576	7.490123	7.506241	-1	###FLOW###
4	4	140	0	0	0	444.239803	285.940576	7.490123	7.506241	-1	###LINE###
5	4	140	0	0	0	444.24	285.94	7.49	7.51	100	16
3	4	141	0	0	0	503.039768	285.940576	7.490123	7.506241	-1	###FLOW###
4	4	141	0	0	0	503.039768	285.940576	7.490123	7.506241	-1	###LINE###
5	4	141	0	0	0	503.04	285.94	7.49	7.51	100	13
3	4	142	0	0	0	561.839734	285.940576	7.490123	7.506241	-1	###FLOW###
4	4	142	0	0	0	561.839734	285.940576	7.490123	7.506241	-1	###LINE###
5	4	142	0	0	0	561.84	285.94	7.49	7.51	100	16
3	4	143	0	0	0	624.359720	285.940576	3.745062	7.506241	-1	###FLOW###
4	4	143	0	0	0	624.359720	285.940576	3.745062	7.506241	-1	###LINE###
5	4	143	0	0	0	624.36	285.94	3.75	7.51	100	6
3	4	144	0	0	0	683.159716	285.940576	3.745062	7.506241	-1	###FLOW###
4	4	144	0	0	0	683.159716	285.940576	3.745062	7.506241	-1	###LINE###
5	4	144	0	0	0	683.16	285.94	3.75	7.51	100	2
3	4	145	0	0	0	741.959651	285.940576	3.745062	7.506241	-1	###FLOW###
4	4	145	0	0	0	741.959651	285.940576	3.745062	7.506241	-1	###LINE###
5	4	145	0	0	0	741.96	285.94	3.75	7.51	100	1
3	4	146	0	0	0	46.319981	298.300572	30.533030	7.506241	-1	###FLOW###
4	4	146	0	0	0	46.319981	298.300572	30.533030	7.506241	-1	###LINE###
5	4	146	0	0	0	46.32	298.30	30.53	7.51	100	Livingston
3	4	147	0	0	0	140.879939	298.300572	16.846042	7.506241	-1	###FLOW###
4	4	147	0	0	0	140.879939	298.300572	16.846042	7.506241	-1	###LINE###
5	4	147	0	0	0	140.88	298.30	16.85	7.51	100	1,204
3	4	148	0	0	0	205.319905	298.300572	11.235185	7.506241	-1	###FLOW###
4	4	148	0	0	0	205.319905	298.300572	11.235185	7.506241	-1	###LINE###
5	4	148	0	0	0	205.32	298.30	11.24	7.51	100	346
3	4	149	0	0	0	267.839875	298.300572	7.490123	7.506241	-1	###FLOW###
4	4	149	0	0	0	267.839875	298.300572	7.490123	7.506241	-1	###LINE###
5	4	149	0	0	0	267.84	298.30	7.49	7.51	100	51
3	4	150	0	0	0	326.639840	298.300572	7.490123	7.506241	-1	###FLOW###
4	4	150	0	0	0	326.639840	298.300572	7.490123	7.506241	-1	###LINE###
5	4	150	0	0	0	326.64	298.30	7.49	7.51	100	19
3	4	151	0	0	0	385.439837	298.300572	7.490123	7.506241	-1	###FLOW###
4	4	151	0	0	0	385.439837	298.300572	7.490123	7.506241	-1	###LINE###
5	4	151	0	0	0	385.44	298.30	7.49	7.51	100	14
3	4	152	0	0	0	447.959792	298.300572	3.745062	7.506241	-1	###FLOW###
4	4	152	0	0	0	447.959792	298.300572	3.745062	7.506241	-1	###LINE###
5	4	152	0	0	0	447.96	298.30	3.75	7.51	100	9
3	4	153	0	0	0	503.039768	298.300572	7.490123	7.506241	-1	###FLOW###
4	4	153	0	0	0	503.039768	298.300572	7.490123	7.506241	-1	###LINE###
5	4	153	0	0	0	503.04	298.30	7.49	7.51	100	21
3	4	154	0	0	0	565.559723	298.300572	3.745062	7.506241	-1	###FLOW###
4	4	154	0	0	0	565.559723	298.300572	3.745062	7.506241	-1	###LINE###
5	4	154	0	0	0	565.56	298.30	3.75	7.51	100	5
3	4	155	0	0	0	624.359720	298.300572	3.745062	7.506241	-1	###FLOW###
4	4	155	0	0	0	624.359720	298.300572	3.745062	7.506241	-1	###LINE###
5	4	155	0	0	0	624.36	298.30	3.75	7.51	100	2
3	4	156	0	0	0	683.159716	298.300572	3.745062	7.506241	-1	###FLOW###
4	4	156	0	0	0	683.159716	298.300572	3.745062	7.506241	-1	###LINE###
5	4	156	0	0	0	683.16	298.30	3.75	7.51	100	9
3	4	157	0	0	0	741.959651	298.300572	3.745062	7.506241	-1	###FLOW###
4	4	157	0	0	0	741.959651	298.300572	3.745062	7.506241	-1	###LINE###
5	4	157	0	0	0	741.96	298.30	3.75	7.51	100	2
3	4	158	0	0	0	46.319981	310.540571	18.644480	7.506241	-1	###FLOW###
4	4	158	0	0	0	46.319981	310.540571	18.644480	7.506241	-1	###LINE###
5	4	158	0	0	0	46.32	310.54	18.64	7.51	100	Logan
3	4	159	0	0	0	140.879939	310.540571	16.846042	7.506241	-1	###FLOW###
4	4	159	0	0	0	140.879939	310.540571	16.846042	7.506241	-1	###LINE###
5	4	159	0	0	0	140.88	310.54	16.85	7.51	100	1,238
3	4	160	0	0	0	205.319905	310.540571	11.235185	7.506241	-1	###FLOW###
4	4	160	0	0	0	205.319905	310.540571	11.235185	7.506241	-1	###LINE###
5	4	160	0	0	0	205.32	310.54	11.24	7.51	100	694
3	4	161	0	0	0	267.839875	310.540571	7.490123	7.506241	-1	###FLOW###
4	4	161	0	0	0	267.839875	310.540571	7.490123	7.506241	-1	###LINE###
5	4	161	0	0	0	267.84	310.54	7.49	7.51	100	76
3	4	162	0	0	0	326.639840	310.540571	7.490123	7.506241	-1	###FLOW###
4	4	162	0	0	0	326.639840	310.540571	7.490123	7.506241	-1	###LINE###
5	4	162	0	0	0	326.64	310.54	7.49	7.51	100	43
3	4	163	0	0	0	385.439837	310.540571	7.490123	7.506241	-1	###FLOW###
4	4	163	0	0	0	385.439837	310.540571	7.490123	7.506241	-1	###LINE###
5	4	163	0	0	0	385.44	310.54	7.49	7.51	100	24
3	4	164	0	0	0	444.239803	310.540571	7.490123	7.506241	-1	###FLOW###
4	4	164	0	0	0	444.239803	310.540571	7.490123	7.506241	-1	###LINE###
5	4	164	0	0	0	444.24	310.54	7.49	7.51	100	16
3	4	165	0	0	0	503.039768	310.540571	7.490123	7.506241	-1	###FLOW###
4	4	165	0	0	0	503.039768	310.540571	7.490123	7.506241	-1	###LINE###
5	4	165	0	0	0	503.04	310.54	7.49	7.51	100	32
3	4	166	0	0	0	561.839734	310.540571	7.490123	7.506241	-1	###FLOW###
4	4	166	0	0	0	561.839734	310.540571	7.490123	7.506241	-1	###LINE###
5	4	166	0	0	0	561.84	310.54	7.49	7.51	100	37
3	4	167	0	0	0	620.639731	310.540571	7.490123	7.506241	-1	###FLOW###
4	4	167	0	0	0	620.639731	310.540571	7.490123	7.506241	-1	###LINE###
5	4	167	0	0	0	620.64	310.54	7.49	7.51	100	10
3	4	168	0	0	0	683.159716	310.540571	3.745062	7.506241	-1	###FLOW###
4	4	168	0	0	0	683.159716	310.540571	3.745062	7.506241	-1	###LINE###
5	4	168	0	0	0	683.16	310.54	3.75	7.51	100	7
3	4	169	0	0	0	741.959651	310.540571	3.745062	7.506241	-1	###FLOW###
4	4	169	0	0	0	741.959651	310.540571	3.745062	7.506241	-1	###LINE###
5	4	169	0	0	0	741.96	310.54	3.75	7.51	100	2
3	4	170	0	0	0	46.319981	322.900567	14.448125	7.506241	-1	###FLOW###
4	4	170	0	0	0	46.319981	322.900567	14.448125	7.506241	-1	###LINE###
5	4	170	0	0	0	46.32	322.90	14.45	7.51	100	Lyon
3	4	171	0	0	0	146.519939	322.900567	11.235185	7.506241	-1	###FLOW###
4	4	171	0	0	0	146.519939	322.900567	11.235185	7.506241	-1	###LINE###
5	4	171	0	0	0	146.52	322.90	11.24	7.51	100	571
3	4	172	0	0	0	205.319905	322.900567	11.235185	7.506241	-1	###FLOW###
4	4	172	0	0	0	205.319905	322.900567	11.235185	7.506241	-1	###LINE###
5	4	172	0	0	0	205.32	322.90	11.24	7.51	100	153
3	4	173	0	0	0	267.839875	322.900567	7.490123	7.506241	-1	###FLOW###
4	4	173	0	0	0	267.839875	322.900567	7.490123	7.506241	-1	###LINE###
5	4	173	0	0	0	267.84	322.90	7.49	7.51	100	10
3	4	174	0	0	0	330.359860	322.900567	3.745062	7.506241	-1	###FLOW###
4	4	174	0	0	0	330.359860	322.900567	3.745062	7.506241	-1	###LINE###
5	4	174	0	0	0	330.36	322.90	3.75	7.51	100	6
3	4	175	0	0	0	389.159825	322.900567	3.745062	7.506241	-1	###FLOW###
4	4	175	0	0	0	389.159825	322.900567	3.745062	7.506241	-1	###LINE###
5	4	175	0	0	0	389.16	322.90	3.75	7.51	100	6
3	4	176	0	0	0	447.959792	322.900567	3.745062	7.506241	-1	###FLOW###
4	4	176	0	0	0	447.959792	322.900567	3.745062	7.506241	-1	###LINE###
5	4	176	0	0	0	447.96	322.90	3.75	7.51	100	7
3	4	177	0	0	0	506.759788	322.900567	3.745062	7.506241	-1	###FLOW###
4	4	177	0	0	0	506.759788	322.900567	3.745062	7.506241	-1	###LINE###
5	4	177	0	0	0	506.76	322.90	3.75	7.51	100	5
3	4	178	0	0	0	565.559723	322.900567	3.745062	7.506241	-1	###FLOW###
4	4	178	0	0	0	565.559723	322.900567	3.745062	7.506241	-1	###LINE###
5	4	178	0	0	0	565.56	322.90	3.75	7.51	100	5
3	4	179	0	0	0	624.359720	322.900567	3.745062	7.506241	-1	###FLOW###
4	4	179	0	0	0	624.359720	322.900567	3.745062	7.506241	-1	###LINE###
5	4	179	0	0	0	624.36	322.90	3.75	7.51	100	1
3	4	180	0	0	0	683.159716	322.900567	3.745062	7.506241	-1	###FLOW###
4	4	180	0	0	0	683.159716	322.900567	3.745062	7.506241	-1	###LINE###
5	4	180	0	0	0	683.16	322.90	3.75	7.51	100	0
3	4	181	0	0	0	741.959651	322.900567	3.745062	7.506241	-1	###FLOW###
4	4	181	0	0	0	741.959651	322.900567	3.745062	7.506241	-1	###LINE###
5	4	181	0	0	0	741.96	322.90	3.75	7.51	100	0
3	4	182	0	0	0	46.319981	335.140567	25.454295	7.506241	-1	###FLOW###
4	4	182	0	0	0	46.319981	335.140567	25.454295	7.506241	-1	###LINE###
5	4	182	0	0	0	46.32	335.14	25.45	7.51	100	Madison
3	4	183	0	0	0	140.879939	335.140567	16.846042	7.506241	-1	###FLOW###
4	4	183	0	0	0	140.879939	335.140567	16.846042	7.506241	-1	###LINE###
5	4	183	0	0	0	140.88	335.14	16.85	7.51	100	6,732
3	4	184	0	0	0	199.679905	335.140567	16.846042	7.506241	-1	###FLOW###
4	4	184	0	0	0	199.679905	335.140567	16.846042	7.506241	-1	###LINE###
5	4	184	0	0	0	199.68	335.14	16.85	7.51	100	2,242
3	4	185	0	0	0	264.119885	335.140567	11.235185	7.506241	-1	###FLOW###
4	4	185	0	0	0	264.119885	335.140567	11.235185	7.506241	-1	###LINE###
5	4	185	0	0	0	264.12	335.14	11.24	7.51	100	133
3	4	186	0	0	0	326.639840	335.140567	7.490123	7.506241	-1	###FLOW###
4	4	186	0	0	0	326.639840	335.140567	7.490123	7.506241	-1	###LINE###
5	4	186	0	0	0	326.64	335.14	7.49	7.51	100	75
3	4	187	0	0	0	381.719817	335.140567	11.235185	7.506241	-1	###FLOW###
4	4	187	0	0	0	381.719817	335.140567	11.235185	7.506241	-1	###LINE###
5	4	187	0	0	0	381.72	335.14	11.24	7.51	100	110
3	4	188	0	0	0	440.519813	335.140567	11.235185	7.506241	-1	###FLOW###
4	4	188	0	0	0	440.519813	335.140567	11.235185	7.506241	-1	###LINE###
5	4	188	0	0	0	440.52	335.14	11.24	7.51	100	103
3	4	189	0	0	0	503.039768	335.140567	7.490123	7.506241	-1	###FLOW###
4	4	189	0	0	0	503.039768	335.140567	7.490123	7.506241	-1	###LINE###
5	4	189	0	0	0	503.04	335.14	7.49	7.51	100	59
3	4	190	0	0	0	561.839734	335.140567	7.490123	7.506241	-1	###FLOW###
4	4	190	0	0	0	561.839734	335.140567	7.490123	7.506241	-1	###LINE###
5	4	190	0	0	0	561.84	335.14	7.49	7.51	100	69
3	4	191	0	0	0	620.639731	335.140567	7.490123	7.506241	-1	###FLOW###
4	4	191	0	0	0	620.639731	335.140567	7.490123	7.506241	-1	###LINE###
5	4	191	0	0	0	620.64	335.14	7.49	7.51	100	63
3	4	192	0	0	0	679.439666	335.140567	7.490123	7.506241	-1	###FLOW###
4	4	192	0	0	0	679.439666	335.140567	7.490123	7.506241	-1	###LINE###
5	4	192	0	0	0	679.44	335.14	7.49	7.51	100	19
3	4	193	0	0	0	738.239662	335.140567	7.490123	7.506241	-1	###FLOW###
4	4	193	0	0	0	738.239662	335.140567	7.490123	7.506241	-1	###LINE###
5	4	193	0	0	0	738.24	335.14	7.49	7.51	100	22
3	4	194	0	0	0	46.319981	347.500593	25.939267	7.506241	-1	###FLOW###
4	4	194	0	0	0	46.319981	347.500593	25.939267	7.506241	-1	###LINE###
5	4	194	0	0	0	46.32	347.50	25.94	7.51	100	Magoffin
3	4	195	0	0	0	140.879939	347.500593	16.846042	7.506241	-1	###FLOW###
4	4	195	0	0	0	140.879939	347.500593	16.846042	7.506241	-1	###LINE###
5	4	195	0	0	0	140.88	347.50	16.85	7.51	100	1,049
3	4	196	0	0	0	205.319905	347.500593	11.235185	7.506241	-1	###FLOW###
4	4	196	0	0	0	205.319905	347.500593	11.235185	7.506241	-1	###LINE###
5	4	196	0	0	0	205.32	347.50	11.24	7.51	100	344
3	4	197	0	0	0	267.839875	347.500593	7.490123	7.506241	-1	###FLOW###
4	4	197	0	0	0	267.839875	347.500593	7.490123	7.506241	-1	###LINE###
5	4	197	0	0	0	267.84	347.50	7.49	7.51	100	13
3	4	198	0	0	0	326.639840	347.500593	7.490123	7.506241	-1	###FLOW###
4	4	198	0	0	0	326.639840	347.500593	7.490123	7.506241	-1	###LINE###
5	4	198	0	0	0	326.64	347.50	7.49	7.51	100	32
3	4	199	0	0	0	385.439837	347.500593	7.490123	7.506241	-1	###FLOW###
4	4	199	0	0	0	385.439837	347.500593	7.490123	7.506241	-1	###LINE###
5	4	199	0	0	0	385.44	347.50	7.49	7.51	100	23
3	4	200	0	0	0	447.959792	347.500593	3.745062	7.506241	-1	###FLOW###
4	4	200	0	0	0	447.959792	347.500593	3.745062	7.506241	-1	###LINE###
5	4	200	0	0	0	447.96	347.50	3.75	7.51	100	7
3	4	201	0	0	0	503.039768	347.500593	7.490123	7.506241	-1	###FLOW###
4	4	201	0	0	0	503.039768	347.500593	7.490123	7.506241	-1	###LINE###
5	4	201	0	0	0	503.04	347.50	7.49	7.51	100	13
3	4	202	0	0	0	561.839734	347.500593	7.490123	7.506241	-1	###FLOW###
4	4	202	0	0	0	561.839734	347.500593	7.490123	7.506241	-1	###LINE###
5	4	202	0	0	0	561.84	347.50	7.49	7.51	100	36
3	4	203	0	0	0	624.359720	347.500593	3.745062	7.506241	-1	###FLOW###
4	4	203	0	0	0	624.359720	347.500593	3.745062	7.506241	-1	###LINE###
5	4	203	0	0	0	624.36	347.50	3.75	7.51	100	5
3	4	204	0	0	0	679.439666	347.500593	7.490123	7.506241	-1	###FLOW###
4	4	204	0	0	0	679.439666	347.500593	7.490123	7.506241	-1	###LINE###
5	4	204	0	0	0	679.44	347.50	7.49	7.51	100	11
3	4	205	0	0	0	738.239662	347.500593	7.490123	7.506241	-1	###FLOW###
4	4	205	0	0	0	738.239662	347.500593	7.490123	7.506241	-1	###LINE###
5	4	205	0	0	0	738.24	347.50	7.49	7.51	100	10
3	4	206	0	0	0	46.319981	359.740578	20.685404	7.506241	-1	###FLOW###
4	4	206	0	0	0	46.319981	359.740578	20.685404	7.506241	-1	###LINE###
5	4	206	0	0	0	46.32	359.74	20.69	7.51	100	Marion
3	4	207	0	0	0	146.519939	359.740578	11.235185	7.506241	-1	###FLOW###
4	4	207	0	0	0	146.519939	359.740578	11.235185	7.506241	-1	###LINE###
5	4	207	0	0	0	146.52	359.74	11.24	7.51	100	925
3	4	208	0	0	0	205.319905	359.740578	11.235185	7.506241	-1	###FLOW###
4	4	208	0	0	0	205.319905	359.740578	11.235185	7.506241	-1	###LINE###
5	4	208	0	0	0	205.32	359.74	11.24	7.51	100	498
3	4	209	0	0	0	267.839875	359.740578	7.490123	7.506241	-1	###FLOW###
4	4	209	0	0	0	267.839875	359.740578	7.490123	7.506241	-1	###LINE###
5	4	209	0	0	0	267.84	359.74	7.49	7.51	100	35
3	4	210	0	0	0	326.639840	359.740578	7.490123	7.506241	-1	###FLOW###
4	4	210	0	0	0	326.639840	359.740578	7.490123	7.506241	-1	###LINE###
5	4	210	0	0	0	326.64	359.74	7.49	7.51	100	16
3	4	211	0	0	0	385.439837	359.740578	7.490123	7.506241	-1	###FLOW###
4	4	211	0	0	0	385.439837	359.740578	7.490123	7.506241	-1	###LINE###
5	4	211	0	0	0	385.44	359.74	7.49	7.51	100	19
3	4	212	0	0	0	444.239803	359.740578	7.490123	7.506241	-1	###FLOW###
4	4	212	0	0	0	444.239803	359.740578	7.490123	7.506241	-1	###LINE###
5	4	212	0	0	0	444.24	359.74	7.49	7.51	100	15
3	4	213	0	0	0	503.039768	359.740578	7.490123	7.506241	-1	###FLOW###
4	4	213	0	0	0	503.039768	359.740578	7.490123	7.506241	-1	###LINE###
5	4	213	0	0	0	503.04	359.74	7.49	7.51	100	13
3	4	214	0	0	0	561.839734	359.740578	7.490123	7.506241	-1	###FLOW###
4	4	214	0	0	0	561.839734	359.740578	7.490123	7.506241	-1	###LINE###
5	4	214	0	0	0	561.84	359.74	7.49	7.51	100	13
3	4	215	0	0	0	624.359720	359.740578	3.745062	7.506241	-1	###FLOW###
4	4	215	0	0	0	624.359720	359.740578	3.745062	7.506241	-1	###LINE###
5	4	215	0	0	0	624.36	359.74	3.75	7.51	100	5
3	4	216	0	0	0	683.159716	359.740578	3.745062	7.506241	-1	###FLOW###
4	4	216	0	0	0	683.159716	359.740578	3.745062	7.506241	-1	###LINE###
5	4	216	0	0	0	683.16	359.74	3.75	7.51	100	6
3	4	217	0	0	0	741.959651	359.740578	3.745062	7.506241	-1	###FLOW###
4	4	217	0	0	0	741.959651	359.740578	3.745062	7.506241	-1	###LINE###
5	4	217	0	0	0	741.96	359.74	3.75	7.51	100	2
3	4	218	0	0	0	46.319981	372.100574	25.252223	7.506241	-1	###FLOW###
4	4	218	0	0	0	46.319981	372.100574	25.252223	7.506241	-1	###LINE###
5	4	218	0	0	0	46.32	372.10	25.25	7.51	100	Marshall
3	4	219	0	0	0	140.879939	372.100574	16.846042	7.506241	-1	###FLOW###
4	4	219	0	0	0	140.879939	372.100574	16.846042	7.506241	-1	###LINE###
5	4	219	0	0	0	140.88	372.10	16.85	7.51	100	2,554
3	4	220	0	0	0	199.679905	372.100574	16.846042	7.506241	-1	###FLOW###
4	4	220	0	0	0	199.679905	372.100574	16.846042	7.506241	-1	###LINE###
5	4	220	0	0	0	199.68	372.10	16.85	7.51	100	1,222
3	4	221	0	0	0	267.839875	372.100574	7.490123	7.506241	-1	###FLOW###
4	4	221	0	0	0	267.839875	372.100574	7.490123	7.506241	-1	###LINE###
5	4	221	0	0	0	267.84	372.10	7.49	7.51	100	41
3	4	222	0	0	0	326.639840	372.100574	7.490123	7.506241	-1	###FLOW###
4	4	222	0	0	0	326.639840	372.100574	7.490123	7.506241	-1	###LINE###
5	4	222	0	0	0	326.64	372.10	7.49	7.51	100	51
3	4	223	0	0	0	385.439837	372.100574	7.490123	7.506241	-1	###FLOW###
4	4	223	0	0	0	385.439837	372.100574	7.490123	7.506241	-1	###LINE###
5	4	223	0	0	0	385.44	372.10	7.49	7.51	100	34
3	4	224	0	0	0	444.239803	372.100574	7.490123	7.506241	-1	###FLOW###
4	4	224	0	0	0	444.239803	372.100574	7.490123	7.506241	-1	###LINE###
5	4	224	0	0	0	444.24	372.10	7.49	7.51	100	28
3	4	225	0	0	0	503.039768	372.100574	7.490123	7.506241	-1	###FLOW###
4	4	225	0	0	0	503.039768	372.100574	7.490123	7.506241	-1	###LINE###
5	4	225	0	0	0	503.04	372.10	7.49	7.51	100	43
3	4	226	0	0	0	561.839734	372.100574	7.490123	7.506241	-1	###FLOW###
4	4	226	0	0	0	561.839734	372.100574	7.490123	7.506241	-1	###LINE###
5	4	226	0	0	0	561.84	372.10	7.49	7.51	100	34
3	4	227	0	0	0	624.359720	372.100574	3.745062	7.506241	-1	###FLOW###
4	4	227	0	0	0	624.359720	372.100574	3.745062	7.506241	-1	###LINE###
5	4	227	0	0	0	624.36	372.10	3.75	7.51	100	7
3	4	228	0	0	0	679.439666	372.100574	7.490123	7.506241	-1	###FLOW###
4	4	228	0	0	0	679.439666	372.100574	7.490123	7.506241	-1	###LINE###
5	4	228	0	0	0	679.44	372.10	7.49	7.51	100	10
3	4	229	0	0	0	741.959651	372.100574	3.745062	7.506241	-1	###FLOW###
4	4	229	0	0	0	741.959651	372.100574	3.745062	7.506241	-1	###LINE###
5	4	229	0	0	0	741.96	372.10	3.75	7.51	100	6
3	4	230	0	0	0	46.319981	384.340573	18.799401	7.506241	-1	###FLOW###
4	4	230	0	0	0	46.319981	384.340573	18.799401	7.506241	-1	###LINE###
5	4	230	0	0	0	46.32	384.34	18.80	7.51	100	Martin
3	4	231	0	0	0	140.879939	384.340573	16.846042	7.506241	-1	###FLOW###
4	4	231	0	0	0	140.879939	384.340573	16.846042	7.506241	-1	###LINE###
5	4	231	0	0	0	140.88	384.34	16.85	7.51	100	1,164
3	4	232	0	0	0	205.319905	384.340573	11.235185	7.506241	-1	###FLOW###
4	4	232	0	0	0	205.319905	384.340573	11.235185	7.506241	-1	###LINE###
5	4	232	0	0	0	205.32	384.34	11.24	7.51	100	586
3	4	233	0	0	0	267.839875	384.340573	7.490123	7.506241	-1	###FLOW###
4	4	233	0	0	0	267.839875	384.340573	7.490123	7.506241	-1	###LINE###
5	4	233	0	0	0	267.84	384.34	7.49	7.51	100	13
3	4	234	0	0	0	326.639840	384.340573	7.490123	7.506241	-1	###FLOW###
4	4	234	0	0	0	326.639840	384.340573	7.490123	7.506241	-1	###LINE###
5	4	234	0	0	0	326.64	384.34	7.49	7.51	100	86
3	4	235	0	0	0	385.439837	384.340573	7.490123	7.506241	-1	###FLOW###
4	4	235	0	0	0	385.439837	384.340573	7.490123	7.506241	-1	###LINE###
5	4	235	0	0	0	385.44	384.34	7.49	7.51	100	33
3	4	236	0	0	0	444.239803	384.340573	7.490123	7.506241	-1	###FLOW###
4	4	236	0	0	0	444.239803	384.340573	7.490123	7.506241	-1	###LINE###
5	4	236	0	0	0	444.24	384.34	7.49	7.51	100	11
3	4	237	0	0	0	503.039768	384.340573	7.490123	7.506241	-1	###FLOW###
4	4	237	0	0	0	503.039768	384.340573	7.490123	7.506241	-1	###LINE###
5	4	237	0	0	0	503.04	384.34	7.49	7.51	100	48
3	4	238	0	0	0	561.839734	384.340573	7.490123	7.506241	-1	###FLOW###
4	4	238	0	0	0	561.839734	384.340573	7.490123	7.506241	-1	###LINE###
5	4	238	0	0	0	561.84	384.34	7.49	7.51	100	41
3	4	239	0	0	0	620.639731	384.340573	7.490123	7.506241	-1	###FLOW###
4	4	239	0	0	0	620.639731	384.340573	7.490123	7.506241	-1	###LINE###
5	4	239	0	0	0	620.64	384.34	7.49	7.51	100	19
3	4	240	0	0	0	683.159716	384.340573	3.745062	7.506241	-1	###FLOW###
4	4	240	0	0	0	683.159716	384.340573	3.745062	7.506241	-1	###LINE###
5	4	240	0	0	0	683.16	384.34	3.75	7.51	100	1
3	4	241	0	0	0	741.959651	384.340573	3.745062	7.506241	-1	###FLOW###
4	4	241	0	0	0	741.959651	384.340573	3.745062	7.506241	-1	###LINE###
5	4	241	0	0	0	741.96	384.34	3.75	7.51	100	7
3	4	242	0	0	0	46.319981	396.700569	20.213903	7.506241	-1	###FLOW###
4	4	242	0	0	0	46.319981	396.700569	20.213903	7.506241	-1	###LINE###
5	4	242	0	0	0	46.32	396.70	20.21	7.51	100	Mason
3	4	243	0	0	0	140.879939	396.700569	16.846042	7.506241	-1	###FLOW###
4	4	243	0	0	0	140.879939	396.700569	16.846042	7.506241	-1	###LINE###
5	4	243	0	0	0	140.88	396.70	16.85	7.51	100	1,133
3	4	244	0	0	0	205.319905	396.700569	11.235185	7.506241	-1	###FLOW###
4	4	244	0	0	0	205.319905	396.700569	11.235185	7.506241	-1	###LINE###
5	4	244	0	0	0	205.32	396.70	11.24	7.51	100	624
3	4	245	0	0	0	267.839875	396.700569	7.490123	7.506241	-1	###FLOW###
4	4	245	0	0	0	267.839875	396.700569	7.490123	7.506241	-1	###LINE###
5	4	245	0	0	0	267.84	396.70	7.49	7.51	100	63
3	4	246	0	0	0	326.639840	396.700569	7.490123	7.506241	-1	###FLOW###
4	4	246	0	0	0	326.639840	396.700569	7.490123	7.506241	-1	###LINE###
5	4	246	0	0	0	326.64	396.70	7.49	7.51	100	37
3	4	247	0	0	0	385.439837	396.700569	7.490123	7.506241	-1	###FLOW###
4	4	247	0	0	0	385.439837	396.700569	7.490123	7.506241	-1	###LINE###
5	4	247	0	0	0	385.44	396.70	7.49	7.51	100	14
3	4	248	0	0	0	444.239803	396.700569	7.490123	7.506241	-1	###FLOW###
4	4	248	0	0	0	444.239803	396.700569	7.490123	7.506241	-1	###LINE###
5	4	248	0	0	0	444.24	396.70	7.49	7.51	100	17
3	4	249	0	0	0	506.759788	396.700569	3.745062	7.506241	-1	###FLOW###
4	4	249	0	0	0	506.759788	396.700569	3.745062	7.506241	-1	###LINE###
5	4	249	0	0	0	506.76	396.70	3.75	7.51	100	8
3	4	250	0	0	0	565.559723	396.700569	3.745062	7.506241	-1	###FLOW###
4	4	250	0	0	0	565.559723	396.700569	3.745062	7.506241	-1	###LINE###
5	4	250	0	0	0	565.56	396.70	3.75	7.51	100	8
3	4	251	0	0	0	620.639731	396.700569	7.490123	7.506241	-1	###FLOW###
4	4	251	0	0	0	620.639731	396.700569	7.490123	7.506241	-1	###LINE###
5	4	251	0	0	0	620.64	396.70	7.49	7.51	100	24
3	4	252	0	0	0	683.159716	396.700569	3.745062	7.506241	-1	###FLOW###
4	4	252	0	0	0	683.159716	396.700569	3.745062	7.506241	-1	###LINE###
5	4	252	0	0	0	683.16	396.70	3.75	7.51	100	2
3	4	253	0	0	0	741.959651	396.700569	3.745062	7.506241	-1	###FLOW###
4	4	253	0	0	0	741.959651	396.700569	3.745062	7.506241	-1	###LINE###
5	4	253	0	0	0	741.96	396.70	3.75	7.51	100	0
3	4	254	0	0	0	46.319981	408.940569	33.981720	7.506241	-1	###FLOW###
4	4	254	0	0	0	46.319981	408.940569	33.981720	7.506241	-1	###LINE###
5	4	254	0	0	0	46.32	408.94	33.98	7.51	100	McCracken
3	4	255	0	0	0	140.879939	408.940569	16.846042	7.506241	-1	###FLOW###
4	4	255	0	0	0	140.879939	408.940569	16.846042	7.506241	-1	###LINE###
5	4	255	0	0	0	140.88	408.94	16.85	7.51	100	4,009
3	4	256	0	0	0	199.679905	408.940569	16.846042	7.506241	-1	###FLOW###
4	4	256	0	0	0	199.679905	408.940569	16.846042	7.506241	-1	###LINE###
5	4	256	0	0	0	199.68	408.94	16.85	7.51	100	1,432
3	4	257	0	0	0	267.839875	408.940569	7.490123	7.506241	-1	###FLOW###
4	4	257	0	0	0	267.839875	408.940569	7.490123	7.506241	-1	###LINE###
5	4	257	0	0	0	267.84	408.94	7.49	7.51	100	52
3	4	258	0	0	0	326.639840	408.940569	7.490123	7.506241	-1	###FLOW###
4	4	258	0	0	0	326.639840	408.940569	7.490123	7.506241	-1	###LINE###
5	4	258	0	0	0	326.64	408.94	7.49	7.51	100	42
3	4	259	0	0	0	385.439837	408.940569	7.490123	7.506241	-1	###FLOW###
4	4	259	0	0	0	385.439837	408.940569	7.490123	7.506241	-1	###LINE###
5	4	259	0	0	0	385.44	408.94	7.49	7.51	100	36
3	4	260	0	0	0	444.239803	408.940569	7.490123	7.506241	-1	###FLOW###
4	4	260	0	0	0	444.239803	408.940569	7.490123	7.506241	-1	###LINE###
5	4	260	0	0	0	444.24	408.94	7.49	7.51	100	52
3	4	261	0	0	0	503.039768	408.940569	7.490123	7.506241	-1	###FLOW###
4	4	261	0	0	0	503.039768	408.940569	7.490123	7.506241	-1	###LINE###
5	4	261	0	0	0	503.04	408.94	7.49	7.51	100	33
3	4	262	0	0	0	561.839734	408.940569	7.490123	7.506241	-1	###FLOW###
4	4	262	0	0	0	561.839734	408.940569	7.490123	7.506241	-1	###LINE###
5	4	262	0	0	0	561.84	408.94	7.49	7.51	100	35
3	4	263	0	0	0	620.639731	408.940569	7.490123	7.506241	-1	###FLOW###
4	4	263	0	0	0	620.639731	408.940569	7.490123	7.506241	-1	###LINE###
5	4	263	0	0	0	620.64	408.94	7.49	7.51	100	15
3	4	264	0	0	0	679.439666	408.940569	7.490123	7.506241	-1	###FLOW###
4	4	264	0	0	0	679.439666	408.940569	7.490123	7.506241	-1	###LINE###
5	4	264	0	0	0	679.44	408.94	7.49	7.51	100	11
3	4	265	0	0	0	741.959651	408.940569	3.745062	7.506241	-1	###FLOW###
4	4	265	0	0	0	741.959651	408.940569	3.745062	7.506241	-1	###LINE###
5	4	265	0	0	0	741.96	408.94	3.75	7.51	100	6
3	4	266	0	0	0	46.319981	421.300565	29.185885	7.506241	-1	###FLOW###
4	4	266	0	0	0	46.319981	421.300565	29.185885	7.506241	-1	###LINE###
5	4	266	0	0	0	46.32	421.30	29.19	7.51	100	McCreary
3	4	267	0	0	0	140.879939	421.300565	16.846042	7.506241	-1	###FLOW###
4	4	267	0	0	0	140.879939	421.300565	16.846042	7.506241	-1	###LINE###
5	4	267	0	0	0	140.88	421.30	16.85	7.51	100	1,762
3	4	268	0	0	0	205.319905	421.300565	11.235185	7.506241	-1	###FLOW###
4	4	268	0	0	0	205.319905	421.300565	11.235185	7.506241	-1	###LINE###
5	4	268	0	0	0	205.32	421.30	11.24	7.51	100	772
3	4	269	0	0	0	267.839875	421.300565	7.490123	7.506241	-1	###FLOW###
4	4	269	0	0	0	267.839875	421.300565	7.490123	7.506241	-1	###LINE###
5	4	269	0	0	0	267.84	421.30	7.49	7.51	100	12
3	4	270	0	0	0	326.639840	421.300565	7.490123	7.506241	-1	###FLOW###
4	4	270	0	0	0	326.639840	421.300565	7.490123	7.506241	-1	###LINE###
5	4	270	0	0	0	326.64	421.30	7.49	7.51	100	66
3	4	271	0	0	0	385.439837	421.300565	7.490123	7.506241	-1	###FLOW###
4	4	271	0	0	0	385.439837	421.300565	7.490123	7.506241	-1	###LINE###
5	4	271	0	0	0	385.44	421.30	7.49	7.51	100	33
3	4	272	0	0	0	444.239803	421.300565	7.490123	7.506241	-1	###FLOW###
4	4	272	0	0	0	444.239803	421.300565	7.490123	7.506241	-1	###LINE###
5	4	272	0	0	0	444.24	421.30	7.49	7.51	100	12
3	4	273	0	0	0	503.039768	421.300565	7.490123	7.506241	-1	###FLOW###
4	4	273	0	0	0	503.039768	421.300565	7.490123	7.506241	-1	###LINE###
5	4	273	0	0	0	503.04	421.30	7.49	7.51	100	49
3	4	274	0	0	0	561.839734	421.300565	7.490123	7.506241	-1	###FLOW###
4	4	274	0	0	0	561.839734	421.300565	7.490123	7.506241	-1	###LINE###
5	4	274	0	0	0	561.84	421.30	7.49	7.51	100	21
3	4	275	0	0	0	620.639731	421.300565	7.490123	7.506241	-1	###FLOW###
4	4	275	0	0	0	620.639731	421.300565	7.490123	7.506241	-1	###LINE###
5	4	275	0	0	0	620.64	421.30	7.49	7.51	100	13
3	4	276	0	0	0	683.159716	421.300565	3.745062	7.506241	-1	###FLOW###
4	4	276	0	0	0	683.159716	421.300565	3.745062	7.506241	-1	###LINE###
5	4	276	0	0	0	683.16	421.30	3.75	7.51	100	2
3	4	277	0	0	0	741.959651	421.300565	3.745062	7.506241	-1	###FLOW###
4	4	277	0	0	0	741.959651	421.300565	3.745062	7.506241	-1	###LINE###
5	4	277	0	0	0	741.96	421.30	3.75	7.51	100	9
3	4	278	0	0	0	46.319981	433.540564	23.958965	7.506241	-1	###FLOW###
4	4	278	0	0	0	46.319981	433.540564	23.958965	7.506241	-1	###LINE###
5	4	278	0	0	0	46.32	433.54	23.96	7.51	100	McLean
3	4	279	0	0	0	146.519939	433.540564	11.235185	7.506241	-1	###FLOW###
4	4	279	0	0	0	146.519939	433.540564	11.235185	7.506241	-1	###LINE###
5	4	279	0	0	0	146.52	433.54	11.24	7.51	100	536
3	4	280	0	0	0	205.319905	433.540564	11.235185	7.506241	-1	###FLOW###
4	4	280	0	0	0	205.319905	433.540564	11.235185	7.506241	-1	###LINE###
5	4	280	0	0	0	205.32	433.54	11.24	7.51	100	230
3	4	281	0	0	0	267.839875	433.540564	7.490123	7.506241	-1	###FLOW###
4	4	281	0	0	0	267.839875	433.540564	7.490123	7.506241	-1	###LINE###
5	4	281	0	0	0	267.84	433.54	7.49	7.51	100	16
3	4	282	0	0	0	326.639840	433.540564	7.490123	7.506241	-1	###FLOW###
4	4	282	0	0	0	326.639840	433.540564	7.490123	7.506241	-1	###LINE###
5	4	282	0	0	0	326.64	433.54	7.49	7.51	100	15
3	4	283	0	0	0	389.159825	433.540564	3.745062	7.506241	-1	###FLOW###
4	4	283	0	0	0	389.159825	433.540564	3.745062	7.506241	-1	###LINE###
5	4	283	0	0	0	389.16	433.54	3.75	7.51	100	4
3	4	284	0	0	0	447.959792	433.540564	3.745062	7.506241	-1	###FLOW###
4	4	284	0	0	0	447.959792	433.540564	3.745062	7.506241	-1	###LINE###
5	4	284	0	0	0	447.96	433.54	3.75	7.51	100	4
3	4	285	0	0	0	506.759788	433.540564	3.745062	7.506241	-1	###FLOW###
4	4	285	0	0	0	506.759788	433.540564	3.745062	7.506241	-1	###LINE###
5	4	285	0	0	0	506.76	433.54	3.75	7.51	100	4
3	4	286	0	0	0	565.559723	433.540564	3.745062	7.506241	-1	###FLOW###
4	4	286	0	0	0	565.559723	433.540564	3.745062	7.506241	-1	###LINE###
5	4	286	0	0	0	565.56	433.54	3.75	7.51	100	1
3	4	287	0	0	0	624.359720	433.540564	3.745062	7.506241	-1	###FLOW###
4	4	287	0	0	0	624.359720	433.540564	3.745062	7.506241	-1	###LINE###
5	4	287	0	0	0	624.36	433.54	3.75	7.51	100	5
3	4	288	0	0	0	683.159716	433.540564	3.745062	7.506241	-1	###FLOW###
4	4	288	0	0	0	683.159716	433.540564	3.745062	7.506241	-1	###LINE###
5	4	288	0	0	0	683.16	433.54	3.75	7.51	100	1
3	4	289	0	0	0	741.959651	433.540564	3.745062	7.506241	-1	###FLOW###
4	4	289	0	0	0	741.959651	433.540564	3.745062	7.506241	-1	###LINE###
5	4	289	0	0	0	741.96	433.54	3.75	7.51	100	0
3	4	290	0	0	0	46.319981	445.900561	20.591103	7.506241	-1	###FLOW###
4	4	290	0	0	0	46.319981	445.900561	20.591103	7.506241	-1	###LINE###
5	4	290	0	0	0	46.32	445.90	20.59	7.51	100	Meade
3	4	291	0	0	0	140.879939	445.900561	16.846042	7.506241	-1	###FLOW###
4	4	291	0	0	0	140.879939	445.900561	16.846042	7.506241	-1	###LINE###
5	4	291	0	0	0	140.88	445.90	16.85	7.51	100	1,495
3	4	292	0	0	0	199.679905	445.900561	16.846042	7.506241	-1	###FLOW###
4	4	292	0	0	0	199.679905	445.900561	16.846042	7.506241	-1	###LINE###
5	4	292	0	0	0	199.68	445.90	16.85	7.51	100	1,232
3	4	293	0	0	0	264.119885	445.900561	11.235185	7.506241	-1	###FLOW###
4	4	293	0	0	0	264.119885	445.900561	11.235185	7.506241	-1	###LINE###
5	4	293	0	0	0	264.12	445.90	11.24	7.51	100	102
3	4	294	0	0	0	326.639840	445.900561	7.490123	7.506241	-1	###FLOW###
4	4	294	0	0	0	326.639840	445.900561	7.490123	7.506241	-1	###LINE###
5	4	294	0	0	0	326.64	445.90	7.49	7.51	100	46
3	4	295	0	0	0	385.439837	445.900561	7.490123	7.506241	-1	###FLOW###
4	4	295	0	0	0	385.439837	445.900561	7.490123	7.506241	-1	###LINE###
5	4	295	0	0	0	385.44	445.90	7.49	7.51	100	30
3	4	296	0	0	0	444.239803	445.900561	7.490123	7.506241	-1	###FLOW###
4	4	296	0	0	0	444.239803	445.900561	7.490123	7.506241	-1	###LINE###
5	4	296	0	0	0	444.24	445.90	7.49	7.51	100	28
3	4	297	0	0	0	503.039768	445.900561	7.490123	7.506241	-1	###FLOW###
4	4	297	0	0	0	503.039768	445.900561	7.490123	7.506241	-1	###LINE###
5	4	297	0	0	0	503.04	445.90	7.49	7.51	100	21
3	4	298	0	0	0	561.839734	445.900561	7.490123	7.506241	-1	###FLOW###
4	4	298	0	0	0	561.839734	445.900561	7.490123	7.506241	-1	###LINE###
5	4	298	0	0	0	561.84	445.90	7.49	7.51	100	13
3	4	299	0	0	0	620.639731	445.900561	7.490123	7.506241	-1	###FLOW###
4	4	299	0	0	0	620.639731	445.900561	7.490123	7.506241	-1	###LINE###
5	4	299	0	0	0	620.64	445.90	7.49	7.51	100	15
3	4	300	0	0	0	683.159716	445.900561	3.745062	7.506241	-1	###FLOW###
4	4	300	0	0	0	683.159716	445.900561	3.745062	7.506241	-1	###LINE###
5	4	300	0	0	0	683.16	445.90	3.75	7.51	100	5
3	4	301	0	0	0	741.959651	445.900561	3.745062	7.506241	-1	###FLOW###
4	4	301	0	0	0	741.959651	445.900561	3.745062	7.506241	-1	###LINE###
5	4	301	0	0	0	741.96	445.90	3.75	7.51	100	6
3	4	302	0	0	0	46.319981	458.140560	24.046529	7.506241	-1	###FLOW###
4	4	302	0	0	0	46.319981	458.140560	24.046529	7.506241	-1	###LINE###
5	4	302	0	0	0	46.32	458.14	24.05	7.51	100	Menifee
3	4	303	0	0	0	146.519939	458.140560	11.235185	7.506241	-1	###FLOW###
4	4	303	0	0	0	146.519939	458.140560	11.235185	7.506241	-1	###LINE###
5	4	303	0	0	0	146.52	458.14	11.24	7.51	100	647
3	4	304	0	0	0	205.319905	458.140560	11.235185	7.506241	-1	###FLOW###
4	4	304	0	0	0	205.319905	458.140560	11.235185	7.506241	-1	###LINE###
5	4	304	0	0	0	205.32	458.14	11.24	7.51	100	180
3	4	305	0	0	0	267.839875	458.140560	7.490123	7.506241	-1	###FLOW###
4	4	305	0	0	0	267.839875	458.140560	7.490123	7.506241	-1	###LINE###
5	4	305	0	0	0	267.84	458.14	7.49	7.51	100	19
3	4	306	0	0	0	326.639840	458.140560	7.490123	7.506241	-1	###FLOW###
4	4	306	0	0	0	326.639840	458.140560	7.490123	7.506241	-1	###LINE###
5	4	306	0	0	0	326.64	458.14	7.49	7.51	100	15
3	4	307	0	0	0	389.159825	458.140560	3.745062	7.506241	-1	###FLOW###
4	4	307	0	0	0	389.159825	458.140560	3.745062	7.506241	-1	###LINE###
5	4	307	0	0	0	389.16	458.14	3.75	7.51	100	5
3	4	308	0	0	0	447.959792	458.140560	3.745062	7.506241	-1	###FLOW###
4	4	308	0	0	0	447.959792	458.140560	3.745062	7.506241	-1	###LINE###
5	4	308	0	0	0	447.96	458.14	3.75	7.51	100	3
3	4	309	0	0	0	506.759788	458.140560	3.745062	7.506241	-1	###FLOW###
4	4	309	0	0	0	506.759788	458.140560	3.745062	7.506241	-1	###LINE###
5	4	309	0	0	0	506.76	458.14	3.75	7.51	100	2
3	4	310	0	0	0	565.559723	458.140560	3.745062	7.506241	-1	###FLOW###
4	4	310	0	0	0	565.559723	458.140560	3.745062	7.506241	-1	###LINE###
5	4	310	0	0	0	565.56	458.14	3.75	7.51	100	4
3	4	311	0	0	0	624.359720	458.140560	3.745062	7.506241	-1	###FLOW###
4	4	311	0	0	0	624.359720	458.140560	3.745062	7.506241	-1	###LINE###
5	4	311	0	0	0	624.36	458.14	3.75	7.51	100	1
3	4	312	0	0	0	683.159716	458.140560	3.745062	7.506241	-1	###FLOW###
4	4	312	0	0	0	683.159716	458.140560	3.745062	7.506241	-1	###LINE###
5	4	312	0	0	0	683.16	458.14	3.75	7.51	100	1
3	4	313	0	0	0	741.959651	458.140560	3.745062	7.506241	-1	###FLOW###
4	4	313	0	0	0	741.959651	458.140560	3.745062	7.506241	-1	###LINE###
5	4	313	0	0	0	741.96	458.14	3.75	7.51	100	0
3	4	314	0	0	0	46.319981	470.500587	20.954832	7.506241	-1	###FLOW###
4	4	314	0	0	0	46.319981	470.500587	20.954832	7.506241	-1	###LINE###
5	4	314	0	0	0	46.32	470.50	20.95	7.51	100	Mercer
3	4	315	0	0	0	140.879939	470.500587	16.846042	7.506241	-1	###FLOW###
4	4	315	0	0	0	140.879939	470.500587	16.846042	7.506241	-1	###LINE###
5	4	315	0	0	0	140.88	470.50	16.85	7.51	100	1,565
3	4	316	0	0	0	205.319905	470.500587	11.235185	7.506241	-1	###FLOW###
4	4	316	0	0	0	205.319905	470.500587	11.235185	7.506241	-1	###LINE###
5	4	316	0	0	0	205.32	470.50	11.24	7.51	100	654
3	4	317	0	0	0	267.839875	470.500587	7.490123	7.506241	-1	###FLOW###
4	4	317	0	0	0	267.839875	470.500587	7.490123	7.506241	-1	###LINE###
5	4	317	0	0	0	267.84	470.50	7.49	7.51	100	43
3	4	318	0	0	0	326.639840	470.500587	7.490123	7.506241	-1	###FLOW###
4	4	318	0	0	0	326.639840	470.500587	7.490123	7.506241	-1	###LINE###
5	4	318	0	0	0	326.64	470.50	7.49	7.51	100	21
3	4	319	0	0	0	385.439837	470.500587	7.490123	7.506241	-1	###FLOW###
4	4	319	0	0	0	385.439837	470.500587	7.490123	7.506241	-1	###LINE###
5	4	319	0	0	0	385.44	470.50	7.49	7.51	100	19
3	4	320	0	0	0	444.239803	470.500587	7.490123	7.506241	-1	###FLOW###
4	4	320	0	0	0	444.239803	470.500587	7.490123	7.506241	-1	###LINE###
5	4	320	0	0	0	444.24	470.50	7.49	7.51	100	27
3	4	321	0	0	0	503.039768	470.500587	7.490123	7.506241	-1	###FLOW###
4	4	321	0	0	0	503.039768	470.500587	7.490123	7.506241	-1	###LINE###
5	4	321	0	0	0	503.04	470.50	7.49	7.51	100	16
3	4	322	0	0	0	561.839734	470.500587	7.490123	7.506241	-1	###FLOW###
4	4	322	0	0	0	561.839734	470.500587	7.490123	7.506241	-1	###LINE###
5	4	322	0	0	0	561.84	470.50	7.49	7.51	100	38
3	4	323	0	0	0	620.639731	470.500587	7.490123	7.506241	-1	###FLOW###
4	4	323	0	0	0	620.639731	470.500587	7.490123	7.506241	-1	###LINE###
5	4	323	0	0	0	620.64	470.50	7.49	7.51	100	11
3	4	324	0	0	0	683.159716	470.500587	3.745062	7.506241	-1	###FLOW###
4	4	324	0	0	0	683.159716	470.500587	3.745062	7.506241	-1	###LINE###
5	4	324	0	0	0	683.16	470.50	3.75	7.51	100	3
3	4	325	0	0	0	741.959651	470.500587	3.745062	7.506241	-1	###FLOW###
4	4	325	0	0	0	741.959651	470.500587	3.745062	7.506241	-1	###LINE###
5	4	325	0	0	0	741.96	470.50	3.75	7.51	100	4
3	4	326	0	0	0	46.319981	482.740586	25.285902	7.506241	-1	###FLOW###
4	4	326	0	0	0	46.319981	482.740586	25.285902	7.506241	-1	###LINE###
5	4	326	0	0	0	46.32	482.74	25.29	7.51	100	Metcalfe
3	4	327	0	0	0	146.519939	482.740586	11.235185	7.506241	-1	###FLOW###
4	4	327	0	0	0	146.519939	482.740586	11.235185	7.506241	-1	###LINE###
5	4	327	0	0	0	146.52	482.74	11.24	7.51	100	938
3	4	328	0	0	0	205.319905	482.740586	11.235185	7.506241	-1	###FLOW###
4	4	328	0	0	0	205.319905	482.740586	11.235185	7.506241	-1	###LINE###
5	4	328	0	0	0	205.32	482.74	11.24	7.51	100	463
3	4	329	0	0	0	267.839875	482.740586	7.490123	7.506241	-1	###FLOW###
4	4	329	0	0	0	267.839875	482.740586	7.490123	7.506241	-1	###LINE###
5	4	329	0	0	0	267.84	482.74	7.49	7.51	100	29
3	4	330	0	0	0	326.639840	482.740586	7.490123	7.506241	-1	###FLOW###
4	4	330	0	0	0	326.639840	482.740586	7.490123	7.506241	-1	###LINE###
5	4	330	0	0	0	326.64	482.74	7.49	7.51	100	33
3	4	331	0	0	0	385.439837	482.740586	7.490123	7.506241	-1	###FLOW###
4	4	331	0	0	0	385.439837	482.740586	7.490123	7.506241	-1	###LINE###
5	4	331	0	0	0	385.44	482.74	7.49	7.51	100	12
3	4	332	0	0	0	444.239803	482.740586	7.490123	7.506241	-1	###FLOW###
4	4	332	0	0	0	444.239803	482.740586	7.490123	7.506241	-1	###LINE###
5	4	332	0	0	0	444.24	482.74	7.49	7.51	100	16
3	4	333	0	0	0	503.039768	482.740586	7.490123	7.506241	-1	###FLOW###
4	4	333	0	0	0	503.039768	482.740586	7.490123	7.506241	-1	###LINE###
5	4	333	0	0	0	503.04	482.74	7.49	7.51	100	22
3	4	334	0	0	0	561.839734	482.740586	7.490123	7.506241	-1	###FLOW###
4	4	334	0	0	0	561.839734	482.740586	7.490123	7.506241	-1	###LINE###
5	4	334	0	0	0	561.84	482.74	7.49	7.51	100	24
3	4	335	0	0	0	620.639731	482.740586	7.490123	7.506241	-1	###FLOW###
4	4	335	0	0	0	620.639731	482.740586	7.490123	7.506241	-1	###LINE###
5	4	335	0	0	0	620.64	482.74	7.49	7.51	100	11
3	4	336	0	0	0	679.439666	482.740586	7.490123	7.506241	-1	###FLOW###
4	4	336	0	0	0	679.439666	482.740586	7.490123	7.506241	-1	###LINE###
5	4	336	0	0	0	679.44	482.74	7.49	7.51	100	11
3	4	337	0	0	0	741.959651	482.740586	3.745062	7.506241	-1	###FLOW###
4	4	337	0	0	0	741.959651	482.740586	3.745062	7.506241	-1	###LINE###
5	4	337	0	0	0	741.96	482.74	3.75	7.51	100	1
3	4	338	0	0	0	46.319981	495.100581	22.834099	7.506241	-1	###FLOW###
4	4	338	0	0	0	46.319981	495.100581	22.834099	7.506241	-1	###LINE###
5	4	338	0	0	0	46.32	495.10	22.83	7.51	100	Monroe
3	4	339	0	0	0	140.879939	495.100581	16.846042	7.506241	-1	###FLOW###
4	4	339	0	0	0	140.879939	495.100581	16.846042	7.506241	-1	###LINE###
5	4	339	0	0	0	140.88	495.10	16.85	7.51	100	2,380
3	4	340	0	0	0	205.319905	495.100581	11.235185	7.506241	-1	###FLOW###
4	4	340	0	0	0	205.319905	495.100581	11.235185	7.506241	-1	###LINE###
5	4	340	0	0	0	205.32	495.10	11.24	7.51	100	682
3	4	341	0	0	0	267.839875	495.100581	7.490123	7.506241	-1	###FLOW###
4	4	341	0	0	0	267.839875	495.100581	7.490123	7.506241	-1	###LINE###
5	4	341	0	0	0	267.84	495.10	7.49	7.51	100	45
3	4	342	0	0	0	322.919852	495.100581	11.235185	7.506241	-1	###FLOW###
4	4	342	0	0	0	322.919852	495.100581	11.235185	7.506241	-1	###LINE###
5	4	342	0	0	0	322.92	495.10	11.24	7.51	100	119
3	4	343	0	0	0	385.439837	495.100581	7.490123	7.506241	-1	###FLOW###
4	4	343	0	0	0	385.439837	495.100581	7.490123	7.506241	-1	###LINE###
5	4	343	0	0	0	385.44	495.10	7.49	7.51	100	37
3	4	344	0	0	0	444.239803	495.100581	7.490123	7.506241	-1	###FLOW###
4	4	344	0	0	0	444.239803	495.100581	7.490123	7.506241	-1	###LINE###
5	4	344	0	0	0	444.24	495.10	7.49	7.51	100	32
3	4	345	0	0	0	503.039768	495.100581	7.490123	7.506241	-1	###FLOW###
4	4	345	0	0	0	503.039768	495.100581	7.490123	7.506241	-1	###LINE###
5	4	345	0	0	0	503.04	495.10	7.49	7.51	100	51
3	4	346	0	0	0	561.839734	495.100581	7.490123	7.506241	-1	###FLOW###
4	4	346	0	0	0	561.839734	495.100581	7.490123	7.506241	-1	###LINE###
5	4	346	0	0	0	561.84	495.10	7.49	7.51	100	51
3	4	347	0	0	0	620.639731	495.100581	7.490123	7.506241	-1	###FLOW###
4	4	347	0	0	0	620.639731	495.100581	7.490123	7.506241	-1	###LINE###
5	4	347	0	0	0	620.64	495.10	7.49	7.51	100	19
3	4	348	0	0	0	679.439666	495.100581	7.490123	7.506241	-1	###FLOW###
4	4	348	0	0	0	679.439666	495.100581	7.490123	7.506241	-1	###LINE###
5	4	348	0	0	0	679.44	495.10	7.49	7.51	100	19
3	4	349	0	0	0	738.239662	495.100581	7.490123	7.506241	-1	###FLOW###
4	4	349	0	0	0	738.239662	495.100581	7.490123	7.506241	-1	###LINE###
5	4	349	0	0	0	738.24	495.10	7.49	7.51	100	11
3	4	350	0	0	0	46.319981	507.340582	37.423674	7.506241	-1	###FLOW###
4	4	350	0	0	0	46.319981	507.340582	37.423674	7.506241	-1	###LINE###
5	4	350	0	0	0	46.32	507.34	37.42	7.51	100	Montgomery
3	4	351	0	0	0	140.879939	507.340582	16.846042	7.506241	-1	###FLOW###
4	4	351	0	0	0	140.879939	507.340582	16.846042	7.506241	-1	###LINE###
5	4	351	0	0	0	140.88	507.34	16.85	7.51	100	2,130
3	4	352	0	0	0	205.319905	507.340582	11.235185	7.506241	-1	###FLOW###
4	4	352	0	0	0	205.319905	507.340582	11.235185	7.506241	-1	###LINE###
5	4	352	0	0	0	205.32	507.34	11.24	7.51	100	631
3	4	353	0	0	0	267.839875	507.340582	7.490123	7.506241	-1	###FLOW###
4	4	353	0	0	0	267.839875	507.340582	7.490123	7.506241	-1	###LINE###
5	4	353	0	0	0	267.84	507.34	7.49	7.51	100	78
3	4	354	0	0	0	326.639840	507.340582	7.490123	7.506241	-1	###FLOW###
4	4	354	0	0	0	326.639840	507.340582	7.490123	7.506241	-1	###LINE###
5	4	354	0	0	0	326.64	507.34	7.49	7.51	100	26
3	4	355	0	0	0	385.439837	507.340582	7.490123	7.506241	-1	###FLOW###
4	4	355	0	0	0	385.439837	507.340582	7.490123	7.506241	-1	###LINE###
5	4	355	0	0	0	385.44	507.34	7.49	7.51	100	15
3	4	356	0	0	0	444.239803	507.340582	7.490123	7.506241	-1	###FLOW###
4	4	356	0	0	0	444.239803	507.340582	7.490123	7.506241	-1	###LINE###
5	4	356	0	0	0	444.24	507.34	7.49	7.51	100	24
3	4	357	0	0	0	503.039768	507.340582	7.490123	7.506241	-1	###FLOW###
4	4	357	0	0	0	503.039768	507.340582	7.490123	7.506241	-1	###LINE###
5	4	357	0	0	0	503.04	507.34	7.49	7.51	100	14
3	4	358	0	0	0	561.839734	507.340582	7.490123	7.506241	-1	###FLOW###
4	4	358	0	0	0	561.839734	507.340582	7.490123	7.506241	-1	###LINE###
5	4	358	0	0	0	561.84	507.34	7.49	7.51	100	10
3	4	359	0	0	0	620.639731	507.340582	7.490123	7.506241	-1	###FLOW###
4	4	359	0	0	0	620.639731	507.340582	7.490123	7.506241	-1	###LINE###
5	4	359	0	0	0	620.64	507.34	7.49	7.51	100	16
3	4	360	0	0	0	683.159716	507.340582	3.745062	7.506241	-1	###FLOW###
4	4	360	0	0	0	683.159716	507.340582	3.745062	7.506241	-1	###LINE###
5	4	360	0	0	0	683.16	507.34	3.75	7.51	100	1
3	4	361	0	0	0	741.959651	507.340582	3.745062	7.506241	-1	###FLOW###
4	4	361	0	0	0	741.959651	507.340582	3.745062	7.506241	-1	###LINE###
5	4	361	0	0	0	741.96	507.34	3.75	7.51	100	4
3	4	362	0	0	0	146.519939	519.700516	11.235185	7.506241	-1	###FLOW###
4	4	362	0	0	0	146.519939	519.700516	11.235185	7.506241	-1	###LINE###
5	4	362	0	0	0	146.52	519.70	11.24	7.51	100	760
3	4	363	0	0	0	205.319905	519.700516	11.235185	7.506241	-1	###FLOW###
4	4	363	0	0	0	205.319905	519.700516	11.235185	7.506241	-1	###LINE###
5	4	363	0	0	0	205.32	519.70	11.24	7.51	100	254
3	4	364	0	0	0	267.839875	519.700516	7.490123	7.506241	-1	###FLOW###
4	4	364	0	0	0	267.839875	519.700516	7.490123	7.506241	-1	###LINE###
5	4	364	0	0	0	267.84	519.70	7.49	7.51	100	18
3	4	365	0	0	0	326.639840	519.700516	7.490123	7.506241	-1	###FLOW###
4	4	365	0	0	0	326.639840	519.700516	7.490123	7.506241	-1	###LINE###
5	4	365	0	0	0	326.64	519.70	7.49	7.51	100	11
3	4	366	0	0	0	389.159825	519.700516	3.745062	7.506241	-1	###FLOW###
4	4	366	0	0	0	389.159825	519.700516	3.745062	7.506241	-1	###LINE###
5	4	366	0	0	0	389.16	519.70	3.75	7.51	100	9
3	4	367	0	0	0	447.959792	519.700516	3.745062	7.506241	-1	###FLOW###
4	4	367	0	0	0	447.959792	519.700516	3.745062	7.506241	-1	###LINE###
5	4	367	0	0	0	447.96	519.70	3.75	7.51	100	2
3	4	368	0	0	0	506.759788	519.700516	3.745062	7.506241	-1	###FLOW###
4	4	368	0	0	0	506.759788	519.700516	3.745062	7.506241	-1	###LINE###
5	4	368	0	0	0	506.76	519.70	3.75	7.51	100	6
3	4	369	0	0	0	561.839734	519.700516	7.490123	7.506241	-1	###FLOW###
4	4	369	0	0	0	561.839734	519.700516	7.490123	7.506241	-1	###LINE###
5	4	369	0	0	0	561.84	519.70	7.49	7.51	100	12
3	4	370	0	0	0	624.359720	519.700516	3.745062	7.506241	-1	###FLOW###
4	4	370	0	0	0	624.359720	519.700516	3.745062	7.506241	-1	###LINE###
5	4	370	0	0	0	624.36	519.70	3.75	7.51	100	4
3	4	371	0	0	0	683.159716	519.700516	3.745062	7.506241	-1	###FLOW###
4	4	371	0	0	0	683.159716	519.700516	3.745062	7.506241	-1	###LINE###
5	4	371	0	0	0	683.16	519.70	3.75	7.51	100	1
3	4	372	0	0	0	741.959651	519.700516	3.745062	7.506241	-1	###FLOW###
4	4	372	0	0	0	741.959651	519.700516	3.745062	7.506241	-1	###LINE###
5	4	372	0	0	0	741.96	519.70	3.75	7.51	100	3
3	4	373	0	0	0	46.319981	531.940547	35.288450	7.506241	-1	###FLOW###
4	4	373	0	0	0	46.319981	531.940547	35.288450	7.506241	-1	###LINE###
5	4	373	0	0	0	46.32	531.94	35.29	7.51	100	Muhlenberg
3	4	374	0	0	0	140.879939	531.940547	16.846042	7.506241	-1	###FLOW###
4	4	374	0	0	0	140.879939	531.940547	16.846042	7.506241	-1	###LINE###
5	4	374	0	0	0	140.88	531.94	16.85	7.51	100	1,377
3	4	375	0	0	0	205.319905	531.940547	11.235185	7.506241	-1	###FLOW###
4	4	375	0	0	0	205.319905	531.940547	11.235185	7.506241	-1	###LINE###
5	4	375	0	0	0	205.32	531.94	11.24	7.51	100	706
3	4	376	0	0	0	264.119885	531.940547	11.235185	7.506241	-1	###FLOW###
4	4	376	0	0	0	264.119885	531.940547	11.235185	7.506241	-1	###LINE###
5	4	376	0	0	0	264.12	531.94	11.24	7.51	100	172
3	4	377	0	0	0	326.639840	531.940547	7.490123	7.506241	-1	###FLOW###
4	4	377	0	0	0	326.639840	531.940547	7.490123	7.506241	-1	###LINE###
5	4	377	0	0	0	326.64	531.94	7.49	7.51	100	32
3	4	378	0	0	0	385.439837	531.940547	7.490123	7.506241	-1	###FLOW###
4	4	378	0	0	0	385.439837	531.940547	7.490123	7.506241	-1	###LINE###
5	4	378	0	0	0	385.44	531.94	7.49	7.51	100	16
3	4	379	0	0	0	444.239803	531.940547	7.490123	7.506241	-1	###FLOW###
4	4	379	0	0	0	444.239803	531.940547	7.490123	7.506241	-1	###LINE###
5	4	379	0	0	0	444.24	531.94	7.49	7.51	100	16
3	4	380	0	0	0	503.039768	531.940547	7.490123	7.506241	-1	###FLOW###
4	4	380	0	0	0	503.039768	531.940547	7.490123	7.506241	-1	###LINE###
5	4	380	0	0	0	503.04	531.94	7.49	7.51	100	12
3	4	381	0	0	0	561.839734	531.940547	7.490123	7.506241	-1	###FLOW###
4	4	381	0	0	0	561.839734	531.940547	7.490123	7.506241	-1	###LINE###
5	4	381	0	0	0	561.84	531.94	7.49	7.51	100	17
3	4	382	0	0	0	624.359720	531.940547	3.745062	7.506241	-1	###FLOW###
4	4	382	0	0	0	624.359720	531.940547	3.745062	7.506241	-1	###LINE###
5	4	382	0	0	0	624.36	531.94	3.75	7.51	100	9
3	4	383	0	0	0	683.159716	531.940547	3.745062	7.506241	-1	###FLOW###
4	4	383	0	0	0	683.159716	531.940547	3.745062	7.506241	-1	###LINE###
5	4	383	0	0	0	683.16	531.94	3.75	7.51	100	4
3	4	384	0	0	0	741.959651	531.940547	3.745062	7.506241	-1	###FLOW###
4	4	384	0	0	0	741.959651	531.940547	3.745062	7.506241	-1	###LINE###
5	4	384	0	0	0	741.96	531.94	3.75	7.51	100	3
3	4	385	0	0	0	46.319981	544.300542	20.692139	7.506241	-1	###FLOW###
4	4	385	0	0	0	46.319981	544.300542	20.692139	7.506241	-1	###LINE###
5	4	385	0	0	0	46.32	544.30	20.69	7.51	100	Nelson
3	4	386	0	0	0	140.879939	544.300542	16.846042	7.506241	-1	###FLOW###
4	4	386	0	0	0	140.879939	544.300542	16.846042	7.506241	-1	###LINE###
5	4	386	0	0	0	140.88	544.30	16.85	7.51	100	2,376
3	4	387	0	0	0	199.679905	544.300542	16.846042	7.506241	-1	###FLOW###
4	4	387	0	0	0	199.679905	544.300542	16.846042	7.506241	-1	###LINE###
5	4	387	0	0	0	199.68	544.30	16.85	7.51	100	2,199
3	4	388	0	0	0	264.119885	544.300542	11.235185	7.506241	-1	###FLOW###
4	4	388	0	0	0	264.119885	544.300542	11.235185	7.506241	-1	###LINE###
5	4	388	0	0	0	264.12	544.30	11.24	7.51	100	126
3	4	389	0	0	0	326.639840	544.300542	7.490123	7.506241	-1	###FLOW###
4	4	389	0	0	0	326.639840	544.300542	7.490123	7.506241	-1	###LINE###
5	4	389	0	0	0	326.64	544.30	7.49	7.51	100	70
3	4	390	0	0	0	385.439837	544.300542	7.490123	7.506241	-1	###FLOW###
4	4	390	0	0	0	385.439837	544.300542	7.490123	7.506241	-1	###LINE###
5	4	390	0	0	0	385.44	544.30	7.49	7.51	100	62
3	4	391	0	0	0	444.239803	544.300542	7.490123	7.506241	-1	###FLOW###
4	4	391	0	0	0	444.239803	544.300542	7.490123	7.506241	-1	###LINE###
5	4	391	0	0	0	444.24	544.30	7.49	7.51	100	48
3	4	392	0	0	0	503.039768	544.300542	7.490123	7.506241	-1	###FLOW###
4	4	392	0	0	0	503.039768	544.300542	7.490123	7.506241	-1	###LINE###
5	4	392	0	0	0	503.04	544.30	7.49	7.51	100	30
3	4	393	0	0	0	561.839734	544.300542	7.490123	7.506241	-1	###FLOW###
4	4	393	0	0	0	561.839734	544.300542	7.490123	7.506241	-1	###LINE###
5	4	393	0	0	0	561.84	544.30	7.49	7.51	100	33
3	4	394	0	0	0	620.639731	544.300542	7.490123	7.506241	-1	###FLOW###
4	4	394	0	0	0	620.639731	544.300542	7.490123	7.506241	-1	###LINE###
5	4	394	0	0	0	620.64	544.30	7.49	7.51	100	41
3	4	395	0	0	0	683.159716	544.300542	3.745062	7.506241	-1	###FLOW###
4	4	395	0	0	0	683.159716	544.300542	3.745062	7.506241	-1	###LINE###
5	4	395	0	0	0	683.16	544.30	3.75	7.51	100	9
3	4	396	0	0	0	741.959651	544.300542	3.745062	7.506241	-1	###FLOW###
4	4	396	0	0	0	741.959651	544.300542	3.745062	7.506241	-1	###LINE###
5	4	396	0	0	0	741.96	544.30	3.75	7.51	100	7
3	4	397	0	0	0	46.319981	519.700516	22.834099	7.506241	-1	###FLOW###
4	4	397	0	0	0	46.319981	519.700516	22.834099	7.506241	-1	###LINE###
5	4	397	0	0	0	46.32	519.70	22.83	7.51	100	Morgan
1	5	0	0	0	0	0.000000	0.000000	792.000000	612.000000	-1	###PAGE###
3	5	0	0	0	0	35.999984	54.115290	161.717484	13.404001	-1	###FLOW###
4	5	0	0	0	0	35.999984	54.115290	161.717484	13.404001	-1	###LINE###
5	5	0	0	0	0	36.00	54.12	89.61	13.40	100	Commonwealth
5	5	0	0	0	1	128.96	54.12	11.34	13.40	100	of
5	5	0	0	0	2	143.60	54.12	54.11	13.40	100	Kentucky
3	5	1	0	0	0	289.919866	54.115290	212.006871	13.404001	-1	###FLOW###
4	5	1	0	0	0	289.919866	54.115290	212.006871	13.404001	-1	###LINE###
5	5	1	0	0	0	289.92	54.12	44.08	13.40	100	Michael
5	5	1	0	0	1	337.41	54.12	12.68	13.40	100	G.
5	5	1	0	0	2	353.49	54.12	43.05	13.40	100	Adams,
5	5	1	0	0	3	399.93	54.12	54.93	13.40	100	Secretary
5	5	1	0	0	4	457.88	54.12	11.34	13.40	100	of
5	5	1	0	0	5	472.53	54.12	29.40	13.40	100	State
3	5	2	0	0	0	584.279730	54.115290	171.664703	13.404001	-1	###FLOW###
4	5	2	0	0	0	584.279730	54.115290	171.664703	13.404001	-1	###LINE###
5	5	2	0	0	0	584.28	54.12	26.75	13.40	100	2026
5	5	2	0	0	1	614.48	54.12	44.77	13.40	100	Primary
5	5	2	0	0	2	662.37	54.12	46.85	13.40	100	Election
5	5	2	0	0	3	712.52	54.12	43.42	13.40	100	Results
3	5	3	0	0	0	722.114104	122.400034	24.202637	36.508321	-1	###FLOW###
4	5	3	0	0	0	735.434100	122.400034	10.882642	36.508321	-1	###LINE###
5	5	3	0	0	0	735.43	122.40	10.88	27.72	100	Jimmy
5	5	3	0	0	1	735.43	153.52	10.88	5.38	100	I.
4	5	3	0	1	0	722.114104	133.680005	10.882642	24.261121	-1	###LINE###
5	5	3	0	1	0	722.11	133.68	10.88	24.26	100	LEON
3	5	4	0	0	0	506.759788	162.940568	3.745062	7.506241	-1	###FLOW###
4	5	4	0	0	0	506.759788	162.940568	3.745062	7.506241	-1	###LINE###
5	5	4	0	0	0	506.76	162.94	3.75	7.51	100	4
3	5	5	0	0	0	565.559723	162.940568	3.745062	7.506241	-1	###FLOW###
4	5	5	0	0	0	565.559723	162.940568	3.745062	7.506241	-1	###LINE###
5	5	5	0	0	0	565.56	162.94	3.75	7.51	100	0
3	5	6	0	0	0	624.359720	162.940568	3.745062	7.506241	-1	###FLOW###
4	5	6	0	0	0	624.359720	162.940568	3.745062	7.506241	-1	###LINE###
5	5	6	0	0	0	624.36	162.94	3.75	7.51	100	4
3	5	7	0	0	0	683.159716	162.940568	3.745062	7.506241	-1	###FLOW###
4	5	7	0	0	0	683.159716	162.940568	3.745062	7.506241	-1	###LINE###
5	5	7	0	0	0	683.16	162.94	3.75	7.51	100	2
3	5	8	0	0	0	741.959651	162.940568	3.745062	7.506241	-1	###FLOW###
4	5	8	0	0	0	741.959651	162.940568	3.745062	7.506241	-1	###LINE###
5	5	8	0	0	0	741.96	162.94	3.75	7.51	100	0
3	5	9	0	0	0	444.239803	175.300595	7.490123	7.506241	-1	###FLOW###
4	5	9	0	0	0	444.239803	175.300595	7.490123	7.506241	-1	###LINE###
5	5	9	0	0	0	444.24	175.30	7.49	7.51	100	41
3	5	10	0	0	0	503.039768	175.300595	7.490123	7.506241	-1	###FLOW###
4	5	10	0	0	0	503.039768	175.300595	7.490123	7.506241	-1	###LINE###
5	5	10	0	0	0	503.04	175.30	7.49	7.51	100	44
3	5	11	0	0	0	561.839734	175.300595	7.490123	7.506241	-1	###FLOW###
4	5	11	0	0	0	561.839734	175.300595	7.490123	7.506241	-1	###LINE###
5	5	11	0	0	0	561.84	175.30	7.49	7.51	100	24
3	5	12	0	0	0	620.639731	175.300595	7.490123	7.506241	-1	###FLOW###
4	5	12	0	0	0	620.639731	175.300595	7.490123	7.506241	-1	###LINE###
5	5	12	0	0	0	620.64	175.30	7.49	7.51	100	36
3	5	13	0	0	0	679.439666	175.300595	7.490123	7.506241	-1	###FLOW###
4	5	13	0	0	0	679.439666	175.300595	7.490123	7.506241	-1	###LINE###
5	5	13	0	0	0	679.44	175.30	7.49	7.51	100	13
3	5	14	0	0	0	741.959651	175.300595	3.745062	7.506241	-1	###FLOW###
4	5	14	0	0	0	741.959651	175.300595	3.745062	7.506241	-1	###LINE###
5	5	14	0	0	0	741.96	175.30	3.75	7.51	100	3
3	5	15	0	0	0	46.319981	187.540594	23.366221	7.506241	-1	###FLOW###
4	5	15	0	0	0	46.319981	187.540594	23.366221	7.506241	-1	###LINE###
5	5	15	0	0	0	46.32	187.54	23.37	7.51	100	Oldham
3	5	16	0	0	0	140.879939	187.540594	16.846042	7.506241	-1	###FLOW###
4	5	16	0	0	0	140.879939	187.540594	16.846042	7.506241	-1	###LINE###
5	5	16	0	0	0	140.88	187.54	16.85	7.51	100	4,614
3	5	17	0	0	0	199.679905	187.540594	16.846042	7.506241	-1	###FLOW###
4	5	17	0	0	0	199.679905	187.540594	16.846042	7.506241	-1	###LINE###
5	5	17	0	0	0	199.68	187.54	16.85	7.51	100	5,727
3	5	18	0	0	0	264.119885	187.540594	11.235185	7.506241	-1	###FLOW###
4	5	18	0	0	0	264.119885	187.540594	11.235185	7.506241	-1	###LINE###
5	5	18	0	0	0	264.12	187.54	11.24	7.51	100	132
3	5	19	0	0	0	322.919852	187.540594	11.235185	7.506241	-1	###FLOW###
4	5	19	0	0	0	322.919852	187.540594	11.235185	7.506241	-1	###LINE###
5	5	19	0	0	0	322.92	187.54	11.24	7.51	100	163
3	5	20	0	0	0	381.719817	187.540594	11.235185	7.506241	-1	###FLOW###
4	5	20	0	0	0	381.719817	187.540594	11.235185	7.506241	-1	###LINE###
5	5	20	0	0	0	381.72	187.54	11.24	7.51	100	172
3	5	21	0	0	0	440.519813	187.540594	11.235185	7.506241	-1	###FLOW###
4	5	21	0	0	0	440.519813	187.540594	11.235185	7.506241	-1	###LINE###
5	5	21	0	0	0	440.52	187.54	11.24	7.51	100	145
3	5	22	0	0	0	503.039768	187.540594	7.490123	7.506241	-1	###FLOW###
4	5	22	0	0	0	503.039768	187.540594	7.490123	7.506241	-1	###LINE###
5	5	22	0	0	0	503.04	187.54	7.49	7.51	100	50
3	5	23	0	0	0	561.839734	187.540594	7.490123	7.506241	-1	###FLOW###
4	5	23	0	0	0	561.839734	187.540594	7.490123	7.506241	-1	###LINE###
5	5	23	0	0	0	561.84	187.54	7.49	7.51	100	62
3	5	24	0	0	0	620.639731	187.540594	7.490123	7.506241	-1	###FLOW###
4	5	24	0	0	0	620.639731	187.540594	7.490123	7.506241	-1	###LINE###
5	5	24	0	0	0	620.64	187.54	7.49	7.51	100	64
3	5	25	0	0	0	679.439666	187.540594	7.490123	7.506241	-1	###FLOW###
4	5	25	0	0	0	679.439666	187.540594	7.490123	7.506241	-1	###LINE###
5	5	25	0	0	0	679.44	187.54	7.49	7.51	100	17
3	5	26	0	0	0	738.239662	187.540594	7.490123	7.506241	-1	###FLOW###
4	5	26	0	0	0	738.239662	187.540594	7.490123	7.506241	-1	###LINE###
5	5	26	0	0	0	738.24	187.54	7.49	7.51	100	12
3	5	27	0	0	0	46.319981	199.900589	17.445521	7.506241	-1	###FLOW###
4	5	27	0	0	0	46.319981	199.900589	17.445521	7.506241	-1	###LINE###
5	5	27	0	0	0	46.32	199.90	17.45	7.51	100	Owen
3	5	28	0	0	0	140.879939	199.900589	16.846042	7.506241	-1	###FLOW###
4	5	28	0	0	0	140.879939	199.900589	16.846042	7.506241	-1	###LINE###
5	5	28	0	0	0	140.88	199.90	16.85	7.51	100	1,060
3	5	29	0	0	0	205.319905	199.900589	11.235185	7.506241	-1	###FLOW###
4	5	29	0	0	0	205.319905	199.900589	11.235185	7.506241	-1	###LINE###
5	5	29	0	0	0	205.32	199.90	11.24	7.51	100	733
3	5	30	0	0	0	267.839875	199.900589	7.490123	7.506241	-1	###FLOW###
4	5	30	0	0	0	267.839875	199.900589	7.490123	7.506241	-1	###LINE###
5	5	30	0	0	0	267.84	199.90	7.49	7.51	100	55
3	5	31	0	0	0	326.639840	199.900589	7.490123	7.506241	-1	###FLOW###
4	5	31	0	0	0	326.639840	199.900589	7.490123	7.506241	-1	###LINE###
5	5	31	0	0	0	326.64	199.90	7.49	7.51	100	39
3	5	32	0	0	0	385.439837	199.900589	7.490123	7.506241	-1	###FLOW###
4	5	32	0	0	0	385.439837	199.900589	7.490123	7.506241	-1	###LINE###
5	5	32	0	0	0	385.44	199.90	7.49	7.51	100	24
3	5	33	0	0	0	444.239803	199.900589	7.490123	7.506241	-1	###FLOW###
4	5	33	0	0	0	444.239803	199.900589	7.490123	7.506241	-1	###LINE###
5	5	33	0	0	0	444.24	199.90	7.49	7.51	100	10
3	5	34	0	0	0	506.759788	199.900589	3.745062	7.506241	-1	###FLOW###
4	5	34	0	0	0	506.759788	199.900589	3.745062	7.506241	-1	###LINE###
5	5	34	0	0	0	506.76	199.90	3.75	7.51	100	9
3	5	35	0	0	0	565.559723	199.900589	3.745062	7.506241	-1	###FLOW###
4	5	35	0	0	0	565.559723	199.900589	3.745062	7.506241	-1	###LINE###
5	5	35	0	0	0	565.56	199.90	3.75	7.51	100	7
3	5	36	0	0	0	620.639731	199.900589	7.490123	7.506241	-1	###FLOW###
4	5	36	0	0	0	620.639731	199.900589	7.490123	7.506241	-1	###LINE###
5	5	36	0	0	0	620.64	199.90	7.49	7.51	100	13
3	5	37	0	0	0	683.159716	199.900589	3.745062	7.506241	-1	###FLOW###
4	5	37	0	0	0	683.159716	199.900589	3.745062	7.506241	-1	###LINE###
5	5	37	0	0	0	683.16	199.90	3.75	7.51	100	3
3	5	38	0	0	0	741.959651	199.900589	3.745062	7.506241	-1	###FLOW###
4	5	38	0	0	0	741.959651	199.900589	3.745062	7.506241	-1	###LINE###
5	5	38	0	0	0	741.96	199.90	3.75	7.51	100	1
3	5	39	0	0	0	46.319981	212.140590	21.749648	7.506241	-1	###FLOW###
4	5	39	0	0	0	46.319981	212.140590	21.749648	7.506241	-1	###LINE###
5	5	39	0	0	0	46.32	212.14	21.75	7.51	100	Owsley
3	5	40	0	0	0	140.879939	212.140590	16.846042	7.506241	-1	###FLOW###
4	5	40	0	0	0	140.879939	212.140590	16.846042	7.506241	-1	###LINE###
5	5	40	0	0	0	140.88	212.14	16.85	7.51	100	1,004
3	5	41	0	0	0	205.319905	212.140590	11.235185	7.506241	-1	###FLOW###
4	5	41	0	0	0	205.319905	212.140590	11.235185	7.506241	-1	###LINE###
5	5	41	0	0	0	205.32	212.14	11.24	7.51	100	185
3	5	42	0	0	0	271.559864	212.140590	3.745062	7.506241	-1	###FLOW###
4	5	42	0	0	0	271.559864	212.140590	3.745062	7.506241	-1	###LINE###
5	5	42	0	0	0	271.56	212.14	3.75	7.51	100	7
3	5	43	0	0	0	326.639840	212.140590	7.490123	7.506241	-1	###FLOW###
4	5	43	0	0	0	326.639840	212.140590	7.490123	7.506241	-1	###LINE###
5	5	43	0	0	0	326.64	212.14	7.49	7.51	100	45
3	5	44	0	0	0	385.439837	212.140590	7.490123	7.506241	-1	###FLOW###
4	5	44	0	0	0	385.439837	212.140590	7.490123	7.506241	-1	###LINE###
5	5	44	0	0	0	385.44	212.14	7.49	7.51	100	12
3	5	45	0	0	0	447.959792	212.140590	3.745062	7.506241	-1	###FLOW###
4	5	45	0	0	0	447.959792	212.140590	3.745062	7.506241	-1	###LINE###
5	5	45	0	0	0	447.96	212.14	3.75	7.51	100	4
3	5	46	0	0	0	506.759788	212.140590	3.745062	7.506241	-1	###FLOW###
4	5	46	0	0	0	506.759788	212.140590	3.745062	7.506241	-1	###LINE###
5	5	46	0	0	0	506.76	212.14	3.75	7.51	100	6
3	5	47	0	0	0	565.559723	212.140590	3.745062	7.506241	-1	###FLOW###
4	5	47	0	0	0	565.559723	212.140590	3.745062	7.506241	-1	###LINE###
5	5	47	0	0	0	565.56	212.14	3.75	7.51	100	9
3	5	48	0	0	0	624.359720	212.140590	3.745062	7.506241	-1	###FLOW###
4	5	48	0	0	0	624.359720	212.140590	3.745062	7.506241	-1	###LINE###
5	5	48	0	0	0	624.36	212.14	3.75	7.51	100	6
3	5	49	0	0	0	683.159716	212.140590	3.745062	7.506241	-1	###FLOW###
4	5	49	0	0	0	683.159716	212.140590	3.745062	7.506241	-1	###LINE###
5	5	49	0	0	0	683.16	212.14	3.75	7.51	100	1
3	5	50	0	0	0	741.959651	212.140590	3.745062	7.506241	-1	###FLOW###
4	5	50	0	0	0	741.959651	212.140590	3.745062	7.506241	-1	###LINE###
5	5	50	0	0	0	741.96	212.14	3.75	7.51	100	3
3	5	51	0	0	0	46.319981	224.500585	30.014379	7.506241	-1	###FLOW###
4	5	51	0	0	0	46.319981	224.500585	30.014379	7.506241	-1	###LINE###
5	5	51	0	0	0	46.32	224.50	30.01	7.51	100	Pendleton
3	5	52	0	0	0	140.879939	224.500585	16.846042	7.506241	-1	###FLOW###
4	5	52	0	0	0	140.879939	224.500585	16.846042	7.506241	-1	###LINE###
5	5	52	0	0	0	140.88	224.50	16.85	7.51	100	1,453
3	5	53	0	0	0	205.319905	224.500585	11.235185	7.506241	-1	###FLOW###
4	5	53	0	0	0	205.319905	224.500585	11.235185	7.506241	-1	###LINE###
5	5	53	0	0	0	205.32	224.50	11.24	7.51	100	654
3	5	54	0	0	0	264.119885	224.500585	11.235185	7.506241	-1	###FLOW###
4	5	54	0	0	0	264.119885	224.500585	11.235185	7.506241	-1	###LINE###
5	5	54	0	0	0	264.12	224.50	11.24	7.51	100	114
3	5	55	0	0	0	326.639840	224.500585	7.490123	7.506241	-1	###FLOW###
4	5	55	0	0	0	326.639840	224.500585	7.490123	7.506241	-1	###LINE###
5	5	55	0	0	0	326.64	224.50	7.49	7.51	100	68
3	5	56	0	0	0	385.439837	224.500585	7.490123	7.506241	-1	###FLOW###
4	5	56	0	0	0	385.439837	224.500585	7.490123	7.506241	-1	###LINE###
5	5	56	0	0	0	385.44	224.50	7.49	7.51	100	35
3	5	57	0	0	0	444.239803	224.500585	7.490123	7.506241	-1	###FLOW###
4	5	57	0	0	0	444.239803	224.500585	7.490123	7.506241	-1	###LINE###
5	5	57	0	0	0	444.24	224.50	7.49	7.51	100	15
3	5	58	0	0	0	506.759788	224.500585	3.745062	7.506241	-1	###FLOW###
4	5	58	0	0	0	506.759788	224.500585	3.745062	7.506241	-1	###LINE###
5	5	58	0	0	0	506.76	224.50	3.75	7.51	100	8
3	5	59	0	0	0	561.839734	224.500585	7.490123	7.506241	-1	###FLOW###
4	5	59	0	0	0	561.839734	224.500585	7.490123	7.506241	-1	###LINE###
5	5	59	0	0	0	561.84	224.50	7.49	7.51	100	17
3	5	60	0	0	0	620.639731	224.500585	7.490123	7.506241	-1	###FLOW###
4	5	60	0	0	0	620.639731	224.500585	7.490123	7.506241	-1	###LINE###
5	5	60	0	0	0	620.64	224.50	7.49	7.51	100	37
3	5	61	0	0	0	679.439666	224.500585	7.490123	7.506241	-1	###FLOW###
4	5	61	0	0	0	679.439666	224.500585	7.490123	7.506241	-1	###LINE###
5	5	61	0	0	0	679.44	224.50	7.49	7.51	100	30
3	5	62	0	0	0	741.959651	224.500585	3.745062	7.506241	-1	###FLOW###
4	5	62	0	0	0	741.959651	224.500585	3.745062	7.506241	-1	###LINE###
5	5	62	0	0	0	741.96	224.50	3.75	7.51	100	3
3	5	63	0	0	0	46.319981	236.740585	16.084905	7.506241	-1	###FLOW###
4	5	63	0	0	0	46.319981	236.740585	16.084905	7.506241	-1	###LINE###
5	5	63	0	0	0	46.32	236.74	16.08	7.51	100	Perry
3	5	64	0	0	0	140.879939	236.740585	16.846042	7.506241	-1	###FLOW###
4	5	64	0	0	0	140.879939	236.740585	16.846042	7.506241	-1	###LINE###
5	5	64	0	0	0	140.88	236.74	16.85	7.51	100	1,476
3	5	65	0	0	0	205.319905	236.740585	11.235185	7.506241	-1	###FLOW###
4	5	65	0	0	0	205.319905	236.740585	11.235185	7.506241	-1	###LINE###
5	5	65	0	0	0	205.32	236.74	11.24	7.51	100	480
3	5	66	0	0	0	267.839875	236.740585	7.490123	7.506241	-1	###FLOW###
4	5	66	0	0	0	267.839875	236.740585	7.490123	7.506241	-1	###LINE###
5	5	66	0	0	0	267.84	236.74	7.49	7.51	100	22
3	5	67	0	0	0	326.639840	236.740585	7.490123	7.506241	-1	###FLOW###
4	5	67	0	0	0	326.639840	236.740585	7.490123	7.506241	-1	###LINE###
5	5	67	0	0	0	326.64	236.74	7.49	7.51	100	47
3	5	68	0	0	0	385.439837	236.740585	7.490123	7.506241	-1	###FLOW###
4	5	68	0	0	0	385.439837	236.740585	7.490123	7.506241	-1	###LINE###
5	5	68	0	0	0	385.44	236.74	7.49	7.51	100	20
3	5	69	0	0	0	444.239803	236.740585	7.490123	7.506241	-1	###FLOW###
4	5	69	0	0	0	444.239803	236.740585	7.490123	7.506241	-1	###LINE###
5	5	69	0	0	0	444.24	236.74	7.49	7.51	100	10
3	5	70	0	0	0	506.759788	236.740585	3.745062	7.506241	-1	###FLOW###
4	5	70	0	0	0	506.759788	236.740585	3.745062	7.506241	-1	###LINE###
5	5	70	0	0	0	506.76	236.74	3.75	7.51	100	9
3	5	71	0	0	0	561.839734	236.740585	7.490123	7.506241	-1	###FLOW###
4	5	71	0	0	0	561.839734	236.740585	7.490123	7.506241	-1	###LINE###
5	5	71	0	0	0	561.84	236.74	7.49	7.51	100	36
3	5	72	0	0	0	624.359720	236.740585	3.745062	7.506241	-1	###FLOW###
4	5	72	0	0	0	624.359720	236.740585	3.745062	7.506241	-1	###LINE###
5	5	72	0	0	0	624.36	236.74	3.75	7.51	100	4
3	5	73	0	0	0	683.159716	236.740585	3.745062	7.506241	-1	###FLOW###
4	5	73	0	0	0	683.159716	236.740585	3.745062	7.506241	-1	###LINE###
5	5	73	0	0	0	683.16	236.74	3.75	7.51	100	2
3	5	74	0	0	0	741.959651	236.740585	3.745062	7.506241	-1	###FLOW###
4	5	74	0	0	0	741.959651	236.740585	3.745062	7.506241	-1	###LINE###
5	5	74	0	0	0	741.96	236.74	3.75	7.51	100	5
3	5	75	0	0	0	46.319981	249.100581	13.094244	7.506241	-1	###FLOW###
4	5	75	0	0	0	46.319981	249.100581	13.094244	7.506241	-1	###LINE###
5	5	75	0	0	0	46.32	249.10	13.09	7.51	100	Pike
3	5	76	0	0	0	140.879939	249.100581	16.846042	7.506241	-1	###FLOW###
4	5	76	0	0	0	140.879939	249.100581	16.846042	7.506241	-1	###LINE###
5	5	76	0	0	0	140.88	249.10	16.85	7.51	100	3,475
3	5	77	0	0	0	199.679905	249.100581	16.846042	7.506241	-1	###FLOW###
4	5	77	0	0	0	199.679905	249.100581	16.846042	7.506241	-1	###LINE###
5	5	77	0	0	0	199.68	249.10	16.85	7.51	100	1,857
3	5	78	0	0	0	264.119885	249.100581	11.235185	7.506241	-1	###FLOW###
4	5	78	0	0	0	264.119885	249.100581	11.235185	7.506241	-1	###LINE###
5	5	78	0	0	0	264.12	249.10	11.24	7.51	100	104
3	5	79	0	0	0	322.919852	249.100581	11.235185	7.506241	-1	###FLOW###
4	5	79	0	0	0	322.919852	249.100581	11.235185	7.506241	-1	###LINE###
5	5	79	0	0	0	322.92	249.10	11.24	7.51	100	115
3	5	80	0	0	0	385.439837	249.100581	7.490123	7.506241	-1	###FLOW###
4	5	80	0	0	0	385.439837	249.100581	7.490123	7.506241	-1	###LINE###
5	5	80	0	0	0	385.44	249.10	7.49	7.51	100	62
3	5	81	0	0	0	444.239803	249.100581	7.490123	7.506241	-1	###FLOW###
4	5	81	0	0	0	444.239803	249.100581	7.490123	7.506241	-1	###LINE###
5	5	81	0	0	0	444.24	249.10	7.49	7.51	100	30
3	5	82	0	0	0	503.039768	249.100581	7.490123	7.506241	-1	###FLOW###
4	5	82	0	0	0	503.039768	249.100581	7.490123	7.506241	-1	###LINE###
5	5	82	0	0	0	503.04	249.10	7.49	7.51	100	30
3	5	83	0	0	0	561.839734	249.100581	7.490123	7.506241	-1	###FLOW###
4	5	83	0	0	0	561.839734	249.100581	7.490123	7.506241	-1	###LINE###
5	5	83	0	0	0	561.84	249.10	7.49	7.51	100	42
3	5	84	0	0	0	620.639731	249.100581	7.490123	7.506241	-1	###FLOW###
4	5	84	0	0	0	620.639731	249.100581	7.490123	7.506241	-1	###LINE###
5	5	84	0	0	0	620.64	249.10	7.49	7.51	100	16
3	5	85	0	0	0	683.159716	249.100581	3.745062	7.506241	-1	###FLOW###
4	5	85	0	0	0	683.159716	249.100581	3.745062	7.506241	-1	###LINE###
5	5	85	0	0	0	683.16	249.10	3.75	7.51	100	3
3	5	86	0	0	0	741.959651	249.100581	3.745062	7.506241	-1	###FLOW###
4	5	86	0	0	0	741.959651	249.100581	3.745062	7.506241	-1	###LINE###
5	5	86	0	0	0	741.96	249.10	3.75	7.51	100	7
3	5	87	0	0	0	46.319981	261.340581	19.371938	7.506241	-1	###FLOW###
4	5	87	0	0	0	46.319981	261.340581	19.371938	7.506241	-1	###LINE###
5	5	87	0	0	0	46.32	261.34	19.37	7.51	100	Powell
3	5	88	0	0	0	140.879939	261.340581	16.846042	7.506241	-1	###FLOW###
4	5	88	0	0	0	140.879939	261.340581	16.846042	7.506241	-1	###LINE###
5	5	88	0	0	0	140.88	261.34	16.85	7.51	100	1,288
3	5	89	0	0	0	205.319905	261.340581	11.235185	7.506241	-1	###FLOW###
4	5	89	0	0	0	205.319905	261.340581	11.235185	7.506241	-1	###LINE###
5	5	89	0	0	0	205.32	261.34	11.24	7.51	100	358
3	5	90	0	0	0	264.119885	261.340581	11.235185	7.506241	-1	###FLOW###
4	5	90	0	0	0	264.119885	261.340581	11.235185	7.506241	-1	###LINE###
5	5	90	0	0	0	264.12	261.34	11.24	7.51	100	140
3	5	91	0	0	0	326.639840	261.340581	7.490123	7.506241	-1	###FLOW###
4	5	91	0	0	0	326.639840	261.340581	7.490123	7.506241	-1	###LINE###
5	5	91	0	0	0	326.64	261.34	7.49	7.51	100	26
3	5	92	0	0	0	385.439837	261.340581	7.490123	7.506241	-1	###FLOW###
4	5	92	0	0	0	385.439837	261.340581	7.490123	7.506241	-1	###LINE###
5	5	92	0	0	0	385.44	261.34	7.49	7.51	100	14
3	5	93	0	0	0	444.239803	261.340581	7.490123	7.506241	-1	###FLOW###
4	5	93	0	0	0	444.239803	261.340581	7.490123	7.506241	-1	###LINE###
5	5	93	0	0	0	444.24	261.34	7.49	7.51	100	23
3	5	94	0	0	0	503.039768	261.340581	7.490123	7.506241	-1	###FLOW###
4	5	94	0	0	0	503.039768	261.340581	7.490123	7.506241	-1	###LINE###
5	5	94	0	0	0	503.04	261.34	7.49	7.51	100	12
3	5	95	0	0	0	565.559723	261.340581	3.745062	7.506241	-1	###FLOW###
4	5	95	0	0	0	565.559723	261.340581	3.745062	7.506241	-1	###LINE###
5	5	95	0	0	0	565.56	261.34	3.75	7.51	100	8
3	5	96	0	0	0	620.639731	261.340581	7.490123	7.506241	-1	###FLOW###
4	5	96	0	0	0	620.639731	261.340581	7.490123	7.506241	-1	###LINE###
5	5	96	0	0	0	620.64	261.34	7.49	7.51	100	10
3	5	97	0	0	0	683.159716	261.340581	3.745062	7.506241	-1	###FLOW###
4	5	97	0	0	0	683.159716	261.340581	3.745062	7.506241	-1	###LINE###
5	5	97	0	0	0	683.16	261.34	3.75	7.51	100	2
3	5	98	0	0	0	741.959651	261.340581	3.745062	7.506241	-1	###FLOW###
4	5	98	0	0	0	741.959651	261.340581	3.745062	7.506241	-1	###LINE###
5	5	98	0	0	0	741.96	261.34	3.75	7.51	100	2
3	5	99	0	0	0	46.319981	273.700576	21.453276	7.506241	-1	###FLOW###
4	5	99	0	0	0	46.319981	273.700576	21.453276	7.506241	-1	###LINE###
5	5	99	0	0	0	46.32	273.70	21.45	7.51	100	Pulaski
3	5	100	0	0	0	140.879939	273.700576	16.846042	7.506241	-1	###FLOW###
4	5	100	0	0	0	140.879939	273.700576	16.846042	7.506241	-1	###LINE###
5	5	100	0	0	0	140.88	273.70	16.85	7.51	100	7,991
3	5	101	0	0	0	199.679905	273.700576	16.846042	7.506241	-1	###FLOW###
4	5	101	0	0	0	199.679905	273.700576	16.846042	7.506241	-1	###LINE###
5	5	101	0	0	0	199.68	273.70	16.85	7.51	100	4,154
3	5	102	0	0	0	264.119885	273.700576	11.235185	7.506241	-1	###FLOW###
4	5	102	0	0	0	264.119885	273.700576	11.235185	7.506241	-1	###LINE###
5	5	102	0	0	0	264.12	273.70	11.24	7.51	100	132
3	5	103	0	0	0	322.919852	273.700576	11.235185	7.506241	-1	###FLOW###
4	5	103	0	0	0	322.919852	273.700576	11.235185	7.506241	-1	###LINE###
5	5	103	0	0	0	322.92	273.70	11.24	7.51	100	202
3	5	104	0	0	0	381.719817	273.700576	11.235185	7.506241	-1	###FLOW###
4	5	104	0	0	0	381.719817	273.700576	11.235185	7.506241	-1	###LINE###
5	5	104	0	0	0	381.72	273.70	11.24	7.51	100	122
3	5	105	0	0	0	444.239803	273.700576	7.490123	7.506241	-1	###FLOW###
4	5	105	0	0	0	444.239803	273.700576	7.490123	7.506241	-1	###LINE###
5	5	105	0	0	0	444.24	273.70	7.49	7.51	100	55
3	5	106	0	0	0	503.039768	273.700576	7.490123	7.506241	-1	###FLOW###
4	5	106	0	0	0	503.039768	273.700576	7.490123	7.506241	-1	###LINE###
5	5	106	0	0	0	503.04	273.70	7.49	7.51	100	81
3	5	107	0	0	0	561.839734	273.700576	7.490123	7.506241	-1	###FLOW###
4	5	107	0	0	0	561.839734	273.700576	7.490123	7.506241	-1	###LINE###
5	5	107	0	0	0	561.84	273.70	7.49	7.51	100	98
3	5	108	0	0	0	620.639731	273.700576	7.490123	7.506241	-1	###FLOW###
4	5	108	0	0	0	620.639731	273.700576	7.490123	7.506241	-1	###LINE###
5	5	108	0	0	0	620.64	273.70	7.49	7.51	100	28
3	5	109	0	0	0	679.439666	273.700576	7.490123	7.506241	-1	###FLOW###
4	5	109	0	0	0	679.439666	273.700576	7.490123	7.506241	-1	###LINE###
5	5	109	0	0	0	679.44	273.70	7.49	7.51	100	10
3	5	110	0	0	0	738.239662	273.700576	7.490123	7.506241	-1	###FLOW###
4	5	110	0	0	0	738.239662	273.700576	7.490123	7.506241	-1	###LINE###
5	5	110	0	0	0	738.24	273.70	7.49	7.51	100	17
3	5	111	0	0	0	604.514171	121.080016	24.202638	37.191500	-1	###FLOW###
4	5	111	0	0	0	617.834168	127.080035	10.882642	31.191481	-1	###LINE###
5	5	111	0	0	0	617.83	127.08	10.88	9.03	100	A.
5	5	111	0	0	1	617.83	139.05	10.88	19.23	100	Nick
4	5	111	0	1	0	604.514171	121.080016	10.882642	36.835201	-1	###LINE###
5	5	111	0	1	0	604.51	121.08	10.88	10.81	100	SH
5	5	111	0	1	1	604.51	133.40	10.88	24.51	100	ELLEY
3	5	112	0	0	0	447.959792	162.940568	3.745062	7.506241	-1	###FLOW###
4	5	112	0	0	0	447.959792	162.940568	3.745062	7.506241	-1	###LINE###
5	5	112	0	0	0	447.96	162.94	3.75	7.51	100	3
3	5	113	0	0	0	385.439837	175.300595	7.490123	7.506241	-1	###FLOW###
4	5	113	0	0	0	385.439837	175.300595	7.490123	7.506241	-1	###LINE###
5	5	113	0	0	0	385.44	175.30	7.49	7.51	100	38
3	5	114	0	0	0	545.714176	104.160015	24.202637	55.095263	-1	###FLOW###
4	5	114	0	0	0	559.034172	104.160015	10.882642	54.645842	-1	###LINE###
5	5	114	0	0	0	559.03	104.16	10.88	39.40	100	Jonathan
5	5	114	0	0	1	559.03	147.26	10.88	11.55	100	M.
4	5	114	0	1	0	545.714176	112.920037	10.882642	46.335241	-1	###LINE###
5	5	114	0	1	0	545.71	112.92	10.88	46.34	100	HOLLIDAY
3	5	115	0	0	0	389.159825	162.940568	3.745062	7.506241	-1	###FLOW###
4	5	115	0	0	0	389.159825	162.940568	3.745062	7.506241	-1	###LINE###
5	5	115	0	0	0	389.16	162.94	3.75	7.51	100	5
3	5	116	0	0	0	326.639840	175.300595	7.490123	7.506241	-1	###FLOW###
4	5	116	0	0	0	326.639840	175.300595	7.490123	7.506241	-1	###LINE###
5	5	116	0	0	0	326.64	175.30	7.49	7.51	100	92
3	5	117	0	0	0	486.914241	117.240019	24.202637	41.671792	-1	###FLOW###
4	5	117	0	0	0	500.234236	119.400009	10.882642	39.511801	-1	###LINE###
5	5	117	0	0	0	500.23	119.40	10.88	27.00	100	James
5	5	117	0	0	1	500.23	149.20	10.88	9.71	100	D.
4	5	117	0	1	0	486.914241	117.240019	10.882642	40.658761	-1	###LINE###
5	5	117	0	1	0	486.91	117.24	10.88	40.66	100	DUNCAN
3	5	118	0	0	0	330.359860	162.940568	3.745062	7.506241	-1	###FLOW###
4	5	118	0	0	0	330.359860	162.940568	3.745062	7.506241	-1	###LINE###
5	5	118	0	0	0	330.36	162.94	3.75	7.51	100	5
3	5	119	0	0	0	264.119885	175.300595	11.235185	7.506241	-1	###FLOW###
4	5	119	0	0	0	264.119885	175.300595	11.235185	7.506241	-1	###LINE###
5	5	119	0	0	0	264.12	175.30	11.24	7.51	100	229
3	5	120	0	0	0	428.114275	120.720028	24.202637	37.989108	-1	###FLOW###
4	5	120	0	0	0	441.434270	130.560014	10.882642	28.149121	-1	###LINE###
5	5	120	0	0	0	441.43	130.56	10.88	28.15	100	Anissa
4	5	120	0	1	0	428.114275	120.720028	10.882642	37.126996	-1	###LINE###
5	5	120	0	1	0	428.11	120.72	10.88	11.22	100	CA
5	5	120	0	1	1	428.11	133.17	10.88	24.68	100	TLETT
3	5	121	0	0	0	663.314169	97.920065	24.202637	61.123264	-1	###FLOW###
4	5	121	0	0	0	676.634164	97.920065	10.882642	59.875202	-1	###LINE###
5	5	121	0	0	0	676.63	97.92	10.88	24.90	100	Other
5	5	121	0	0	1	676.63	126.53	10.88	31.27	100	Donald
4	5	121	0	1	0	663.314169	121.320008	10.882642	37.723321	-1	###LINE###
5	5	121	0	1	0	663.31	121.32	10.88	37.72	100	WENZEL
3	5	122	0	0	0	369.314278	90.000018	24.202606	69.021123	-1	###FLOW###
4	5	122	0	0	0	382.634243	90.000018	10.882642	67.845602	-1	###LINE###
5	5	122	0	0	0	382.63	90.00	10.88	29.94	100	Valerie
5	5	122	0	0	1	382.63	123.15	10.88	14.08	100	"Dr
5	5	122	0	0	2	382.63	140.87	10.88	16.97	100	Val"
4	5	122	0	1	0	369.314278	115.320019	10.882642	43.701121	-1	###LINE###
5	5	122	0	1	0	369.31	115.32	10.88	43.70	100	FREDRICK
3	5	123	0	0	0	310.514312	93.360031	24.202638	65.211700	-1	###FLOW###
4	5	123	0	0	0	323.834308	126.000009	10.882642	32.571721	-1	###LINE###
5	5	123	0	0	0	323.83	126.00	10.88	32.57	100	George
4	5	123	0	1	0	310.514312	93.360031	10.882642	64.492202	-1	###LINE###
5	5	123	0	1	0	310.51	93.36	10.88	64.49	100	WASHINGTON
3	5	124	0	0	0	251.714347	94.440026	24.202637	64.472762	-1	###FLOW###
4	5	124	0	0	0	265.034342	94.440026	10.882642	64.472762	-1	###LINE###
5	5	124	0	0	0	265.03	94.44	10.88	33.76	100	Michael
5	5	124	0	0	1	265.03	131.91	10.88	27.00	100	James
4	5	124	0	1	0	251.714347	133.440012	10.882642	24.741092	-1	###LINE###
5	5	124	0	1	0	251.71	133.44	10.88	9.90	100	FA
5	5	124	0	1	1	251.71	144.57	10.88	13.61	100	RIS
3	5	124	1	0	0	271.559864	162.940568	3.745062	7.506241	-1	###FLOW###
4	5	124	1	0	0	271.559864	162.940568	3.745062	7.506241	-1	###LINE###
5	5	124	1	0	0	271.56	162.94	3.75	7.51	100	5
3	5	125	0	0	0	205.319905	175.300595	11.235185	7.506241	-1	###FLOW###
4	5	125	0	0	0	205.319905	175.300595	11.235185	7.506241	-1	###LINE###
5	5	125	0	0	0	205.32	175.30	11.24	7.51	100	925
3	5	126	0	0	0	192.914365	111.120034	24.202638	46.973733	-1	###FLOW###
4	5	126	0	0	0	206.234362	130.800006	10.882642	27.293761	-1	###LINE###
5	5	126	0	0	0	206.23	130.80	10.88	27.29	100	Daniel
4	5	126	0	1	0	192.914365	111.120034	10.882642	46.772641	-1	###LINE###
5	5	126	0	1	0	192.91	111.12	10.88	46.77	100	CAMERON
3	5	126	1	0	0	209.039909	162.940568	7.490123	7.506241	-1	###FLOW###
4	5	126	1	0	0	209.039909	162.940568	7.490123	7.506241	-1	###LINE###
5	5	126	1	0	0	209.04	162.94	7.49	7.51	100	83
3	5	127	0	0	0	140.879939	175.300595	16.846042	7.506241	-1	###FLOW###
4	5	127	0	0	0	140.879939	175.300595	16.846042	7.506241	-1	###LINE###
5	5	127	0	0	0	140.88	175.30	16.85	7.51	100	2,219
3	5	128	0	0	0	134.114399	134.640003	24.202638	24.854041	-1	###FLOW###
4	5	128	0	0	0	147.434396	135.720030	10.882642	22.696201	-1	###LINE###
5	5	128	0	0	0	147.43	135.72	10.88	22.70	100	Andy
4	5	128	0	1	0	134.114399	134.640003	10.882642	24.854041	-1	###LINE###
5	5	128	0	1	0	134.11	134.64	10.88	24.85	100	BARR
3	5	128	1	0	0	146.519939	162.940568	11.235185	7.506241	-1	###FLOW###
4	5	128	1	0	0	146.519939	162.940568	11.235185	7.506241	-1	###LINE###
5	5	128	1	0	0	146.52	162.94	11.24	7.51	100	364
3	5	129	0	0	0	46.319981	175.300595	14.299939	7.506241	-1	###FLOW###
4	5	129	0	0	0	46.319981	175.300595	14.299939	7.506241	-1	###LINE###
5	5	129	0	0	0	46.32	175.30	14.30	7.51	100	Ohio
3	5	130	0	0	0	46.319981	162.940568	25.589009	7.506241	-1	###FLOW###
4	5	130	0	0	0	46.319981	162.940568	25.589009	7.506241	-1	###LINE###
5	5	130	0	0	0	46.32	162.94	25.59	7.51	100	Nicholas
3	5	131	0	0	0	46.319981	285.940576	31.011266	7.506241	-1	###FLOW###
4	5	131	0	0	0	46.319981	285.940576	31.011266	7.506241	-1	###LINE###
5	5	131	0	0	0	46.32	285.94	31.01	7.51	100	Robertson
3	5	132	0	0	0	146.519939	285.940576	11.235185	7.506241	-1	###FLOW###
4	5	132	0	0	0	146.519939	285.940576	11.235185	7.506241	-1	###LINE###
5	5	132	0	0	0	146.52	285.94	11.24	7.51	100	172
3	5	133	0	0	0	209.039909	285.940576	7.490123	7.506241	-1	###FLOW###
4	5	133	0	0	0	209.039909	285.940576	7.490123	7.506241	-1	###LINE###
5	5	133	0	0	0	209.04	285.94	7.49	7.51	100	43
3	5	134	0	0	0	271.559864	285.940576	3.745062	7.506241	-1	###FLOW###
4	5	134	0	0	0	271.559864	285.940576	3.745062	7.506241	-1	###LINE###
5	5	134	0	0	0	271.56	285.94	3.75	7.51	100	2
3	5	135	0	0	0	330.359860	285.940576	3.745062	7.506241	-1	###FLOW###
4	5	135	0	0	0	330.359860	285.940576	3.745062	7.506241	-1	###LINE###
5	5	135	0	0	0	330.36	285.94	3.75	7.51	100	4
3	5	136	0	0	0	389.159825	285.940576	3.745062	7.506241	-1	###FLOW###
4	5	136	0	0	0	389.159825	285.940576	3.745062	7.506241	-1	###LINE###
5	5	136	0	0	0	389.16	285.94	3.75	7.51	100	0
3	5	137	0	0	0	447.959792	285.940576	3.745062	7.506241	-1	###FLOW###
4	5	137	0	0	0	447.959792	285.940576	3.745062	7.506241	-1	###LINE###
5	5	137	0	0	0	447.96	285.94	3.75	7.51	100	0
3	5	138	0	0	0	506.759788	285.940576	3.745062	7.506241	-1	###FLOW###
4	5	138	0	0	0	506.759788	285.940576	3.745062	7.506241	-1	###LINE###
5	5	138	0	0	0	506.76	285.94	3.75	7.51	100	1
3	5	139	0	0	0	565.559723	285.940576	3.745062	7.506241	-1	###FLOW###
4	5	139	0	0	0	565.559723	285.940576	3.745062	7.506241	-1	###LINE###
5	5	139	0	0	0	565.56	285.94	3.75	7.51	100	0
3	5	140	0	0	0	624.359720	285.940576	3.745062	7.506241	-1	###FLOW###
4	5	140	0	0	0	624.359720	285.940576	3.745062	7.506241	-1	###LINE###
5	5	140	0	0	0	624.36	285.94	3.75	7.51	100	1
3	5	141	0	0	0	683.159716	285.940576	3.745062	7.506241	-1	###FLOW###
4	5	141	0	0	0	683.159716	285.940576	3.745062	7.506241	-1	###LINE###
5	5	141	0	0	0	683.16	285.94	3.75	7.51	100	0
3	5	142	0	0	0	741.959651	285.940576	3.745062	7.506241	-1	###FLOW###
4	5	142	0	0	0	741.959651	285.940576	3.745062	7.506241	-1	###LINE###
5	5	142	0	0	0	741.96	285.94	3.75	7.51	100	0
3	5	143	0	0	0	46.319981	298.300572	32.661518	7.506241	-1	###FLOW###
4	5	143	0	0	0	46.319981	298.300572	32.661518	7.506241	-1	###LINE###
5	5	143	0	0	0	46.32	298.30	32.66	7.51	100	Rockcastle
3	5	144	0	0	0	140.879939	298.300572	16.846042	7.506241	-1	###FLOW###
4	5	144	0	0	0	140.879939	298.300572	16.846042	7.506241	-1	###LINE###
5	5	144	0	0	0	140.88	298.30	16.85	7.51	100	2,364
3	5	145	0	0	0	199.679905	298.300572	16.846042	7.506241	-1	###FLOW###
4	5	145	0	0	0	199.679905	298.300572	16.846042	7.506241	-1	###LINE###
5	5	145	0	0	0	199.68	298.30	16.85	7.51	100	1,111
3	5	146	0	0	0	267.839875	298.300572	7.490123	7.506241	-1	###FLOW###
4	5	146	0	0	0	267.839875	298.300572	7.490123	7.506241	-1	###LINE###
5	5	146	0	0	0	267.84	298.30	7.49	7.51	100	32
3	5	147	0	0	0	326.639840	298.300572	7.490123	7.506241	-1	###FLOW###
4	5	147	0	0	0	326.639840	298.300572	7.490123	7.506241	-1	###LINE###
5	5	147	0	0	0	326.64	298.30	7.49	7.51	100	49
3	5	148	0	0	0	385.439837	298.300572	7.490123	7.506241	-1	###FLOW###
4	5	148	0	0	0	385.439837	298.300572	7.490123	7.506241	-1	###LINE###
5	5	148	0	0	0	385.44	298.30	7.49	7.51	100	32
3	5	149	0	0	0	444.239803	298.300572	7.490123	7.506241	-1	###FLOW###
4	5	149	0	0	0	444.239803	298.300572	7.490123	7.506241	-1	###LINE###
5	5	149	0	0	0	444.24	298.30	7.49	7.51	100	21
3	5	150	0	0	0	503.039768	298.300572	7.490123	7.506241	-1	###FLOW###
4	5	150	0	0	0	503.039768	298.300572	7.490123	7.506241	-1	###LINE###
5	5	150	0	0	0	503.04	298.30	7.49	7.51	100	20
3	5	151	0	0	0	561.839734	298.300572	7.490123	7.506241	-1	###FLOW###
4	5	151	0	0	0	561.839734	298.300572	7.490123	7.506241	-1	###LINE###
5	5	151	0	0	0	561.84	298.30	7.49	7.51	100	42
3	5	152	0	0	0	620.639731	298.300572	7.490123	7.506241	-1	###FLOW###
4	5	152	0	0	0	620.639731	298.300572	7.490123	7.506241	-1	###LINE###
5	5	152	0	0	0	620.64	298.30	7.49	7.51	100	10
3	5	153	0	0	0	683.159716	298.300572	3.745062	7.506241	-1	###FLOW###
4	5	153	0	0	0	683.159716	298.300572	3.745062	7.506241	-1	###LINE###
5	5	153	0	0	0	683.16	298.30	3.75	7.51	100	2
3	5	154	0	0	0	741.959651	298.300572	3.745062	7.506241	-1	###FLOW###
4	5	154	0	0	0	741.959651	298.300572	3.745062	7.506241	-1	###LINE###
5	5	154	0	0	0	741.96	298.30	3.75	7.51	100	4
3	5	155	0	0	0	46.319981	310.540571	20.685404	7.506241	-1	###FLOW###
4	5	155	0	0	0	46.319981	310.540571	20.685404	7.506241	-1	###LINE###
5	5	155	0	0	0	46.32	310.54	20.69	7.51	100	Rowan
3	5	156	0	0	0	146.519939	310.540571	11.235185	7.506241	-1	###FLOW###
4	5	156	0	0	0	146.519939	310.540571	11.235185	7.506241	-1	###LINE###
5	5	156	0	0	0	146.52	310.54	11.24	7.51	100	895
3	5	157	0	0	0	205.319905	310.540571	11.235185	7.506241	-1	###FLOW###
4	5	157	0	0	0	205.319905	310.540571	11.235185	7.506241	-1	###LINE###
5	5	157	0	0	0	205.32	310.54	11.24	7.51	100	308
3	5	158	0	0	0	267.839875	310.540571	7.490123	7.506241	-1	###FLOW###
4	5	158	0	0	0	267.839875	310.540571	7.490123	7.506241	-1	###LINE###
5	5	158	0	0	0	267.84	310.54	7.49	7.51	100	23
3	5	159	0	0	0	326.639840	310.540571	7.490123	7.506241	-1	###FLOW###
4	5	159	0	0	0	326.639840	310.540571	7.490123	7.506241	-1	###LINE###
5	5	159	0	0	0	326.64	310.54	7.49	7.51	100	18
3	5	160	0	0	0	385.439837	310.540571	7.490123	7.506241	-1	###FLOW###
4	5	160	0	0	0	385.439837	310.540571	7.490123	7.506241	-1	###LINE###
5	5	160	0	0	0	385.44	310.54	7.49	7.51	100	17
3	5	161	0	0	0	444.239803	310.540571	7.490123	7.506241	-1	###FLOW###
4	5	161	0	0	0	444.239803	310.540571	7.490123	7.506241	-1	###LINE###
5	5	161	0	0	0	444.24	310.54	7.49	7.51	100	13
3	5	162	0	0	0	503.039768	310.540571	7.490123	7.506241	-1	###FLOW###
4	5	162	0	0	0	503.039768	310.540571	7.490123	7.506241	-1	###LINE###
5	5	162	0	0	0	503.04	310.54	7.49	7.51	100	15
3	5	163	0	0	0	565.559723	310.540571	3.745062	7.506241	-1	###FLOW###
4	5	163	0	0	0	565.559723	310.540571	3.745062	7.506241	-1	###LINE###
5	5	163	0	0	0	565.56	310.54	3.75	7.51	100	6
3	5	164	0	0	0	620.639731	310.540571	7.490123	7.506241	-1	###FLOW###
4	5	164	0	0	0	620.639731	310.540571	7.490123	7.506241	-1	###LINE###
5	5	164	0	0	0	620.64	310.54	7.49	7.51	100	12
3	5	165	0	0	0	683.159716	310.540571	3.745062	7.506241	-1	###FLOW###
4	5	165	0	0	0	683.159716	310.540571	3.745062	7.506241	-1	###LINE###
5	5	165	0	0	0	683.16	310.54	3.75	7.51	100	3
3	5	166	0	0	0	741.959651	310.540571	3.745062	7.506241	-1	###FLOW###
4	5	166	0	0	0	741.959651	310.540571	3.745062	7.506241	-1	###LINE###
5	5	166	0	0	0	741.96	310.54	3.75	7.51	100	2
3	5	167	0	0	0	46.319981	322.900567	21.769855	7.506241	-1	###FLOW###
4	5	167	0	0	0	46.319981	322.900567	21.769855	7.506241	-1	###LINE###
5	5	167	0	0	0	46.32	322.90	21.77	7.51	100	Russell
3	5	168	0	0	0	140.879939	322.900567	16.846042	7.506241	-1	###FLOW###
4	5	168	0	0	0	140.879939	322.900567	16.846042	7.506241	-1	###LINE###
5	5	168	0	0	0	140.88	322.90	16.85	7.51	100	3,111
3	5	169	0	0	0	199.679905	322.900567	16.846042	7.506241	-1	###FLOW###
4	5	169	0	0	0	199.679905	322.900567	16.846042	7.506241	-1	###LINE###
5	5	169	0	0	0	199.68	322.90	16.85	7.51	100	1,286
3	5	170	0	0	0	267.839875	322.900567	7.490123	7.506241	-1	###FLOW###
4	5	170	0	0	0	267.839875	322.900567	7.490123	7.506241	-1	###LINE###
5	5	170	0	0	0	267.84	322.90	7.49	7.51	100	38
3	5	171	0	0	0	326.639840	322.900567	7.490123	7.506241	-1	###FLOW###
4	5	171	0	0	0	326.639840	322.900567	7.490123	7.506241	-1	###LINE###
5	5	171	0	0	0	326.64	322.90	7.49	7.51	100	75
3	5	172	0	0	0	385.439837	322.900567	7.490123	7.506241	-1	###FLOW###
4	5	172	0	0	0	385.439837	322.900567	7.490123	7.506241	-1	###LINE###
5	5	172	0	0	0	385.44	322.90	7.49	7.51	100	38
3	5	173	0	0	0	444.239803	322.900567	7.490123	7.506241	-1	###FLOW###
4	5	173	0	0	0	444.239803	322.900567	7.490123	7.506241	-1	###LINE###
5	5	173	0	0	0	444.24	322.90	7.49	7.51	100	45
3	5	174	0	0	0	503.039768	322.900567	7.490123	7.506241	-1	###FLOW###
4	5	174	0	0	0	503.039768	322.900567	7.490123	7.506241	-1	###LINE###
5	5	174	0	0	0	503.04	322.90	7.49	7.51	100	34
3	5	175	0	0	0	561.839734	322.900567	7.490123	7.506241	-1	###FLOW###
4	5	175	0	0	0	561.839734	322.900567	7.490123	7.506241	-1	###LINE###
5	5	175	0	0	0	561.84	322.90	7.49	7.51	100	31
3	5	176	0	0	0	620.639731	322.900567	7.490123	7.506241	-1	###FLOW###
4	5	176	0	0	0	620.639731	322.900567	7.490123	7.506241	-1	###LINE###
5	5	176	0	0	0	620.64	322.90	7.49	7.51	100	18
3	5	177	0	0	0	679.439666	322.900567	7.490123	7.506241	-1	###FLOW###
4	5	177	0	0	0	679.439666	322.900567	7.490123	7.506241	-1	###LINE###
5	5	177	0	0	0	679.44	322.90	7.49	7.51	100	15
3	5	178	0	0	0	738.239662	322.900567	7.490123	7.506241	-1	###FLOW###
4	5	178	0	0	0	738.239662	322.900567	7.490123	7.506241	-1	###LINE###
5	5	178	0	0	0	738.24	322.90	7.49	7.51	100	12
3	5	179	0	0	0	46.319981	335.140567	15.249676	7.506241	-1	###FLOW###
4	5	179	0	0	0	46.319981	335.140567	15.249676	7.506241	-1	###LINE###
5	5	179	0	0	0	46.32	335.14	15.25	7.51	100	Scott
3	5	180	0	0	0	140.879939	335.140567	16.846042	7.506241	-1	###FLOW###
4	5	180	0	0	0	140.879939	335.140567	16.846042	7.506241	-1	###LINE###
5	5	180	0	0	0	140.88	335.14	16.85	7.51	100	4,027
3	5	181	0	0	0	199.679905	335.140567	16.846042	7.506241	-1	###FLOW###
4	5	181	0	0	0	199.679905	335.140567	16.846042	7.506241	-1	###LINE###
5	5	181	0	0	0	199.68	335.14	16.85	7.51	100	1,387
3	5	182	0	0	0	264.119885	335.140567	11.235185	7.506241	-1	###FLOW###
4	5	182	0	0	0	264.119885	335.140567	11.235185	7.506241	-1	###LINE###
5	5	182	0	0	0	264.12	335.14	11.24	7.51	100	111
3	5	183	0	0	0	326.639840	335.140567	7.490123	7.506241	-1	###FLOW###
4	5	183	0	0	0	326.639840	335.140567	7.490123	7.506241	-1	###LINE###
5	5	183	0	0	0	326.64	335.14	7.49	7.51	100	64
3	5	184	0	0	0	385.439837	335.140567	7.490123	7.506241	-1	###FLOW###
4	5	184	0	0	0	385.439837	335.140567	7.490123	7.506241	-1	###LINE###
5	5	184	0	0	0	385.44	335.14	7.49	7.51	100	71
3	5	185	0	0	0	444.239803	335.140567	7.490123	7.506241	-1	###FLOW###
4	5	185	0	0	0	444.239803	335.140567	7.490123	7.506241	-1	###LINE###
5	5	185	0	0	0	444.24	335.14	7.49	7.51	100	76
3	5	186	0	0	0	503.039768	335.140567	7.490123	7.506241	-1	###FLOW###
4	5	186	0	0	0	503.039768	335.140567	7.490123	7.506241	-1	###LINE###
5	5	186	0	0	0	503.04	335.14	7.49	7.51	100	54
3	5	187	0	0	0	561.839734	335.140567	7.490123	7.506241	-1	###FLOW###
4	5	187	0	0	0	561.839734	335.140567	7.490123	7.506241	-1	###LINE###
5	5	187	0	0	0	561.84	335.14	7.49	7.51	100	56
3	5	188	0	0	0	620.639731	335.140567	7.490123	7.506241	-1	###FLOW###
4	5	188	0	0	0	620.639731	335.140567	7.490123	7.506241	-1	###LINE###
5	5	188	0	0	0	620.64	335.14	7.49	7.51	100	32
3	5	189	0	0	0	683.159716	335.140567	3.745062	7.506241	-1	###FLOW###
4	5	189	0	0	0	683.159716	335.140567	3.745062	7.506241	-1	###LINE###
5	5	189	0	0	0	683.16	335.14	3.75	7.51	100	9
3	5	190	0	0	0	741.959651	335.140567	3.745062	7.506241	-1	###FLOW###
4	5	190	0	0	0	741.959651	335.140567	3.745062	7.506241	-1	###LINE###
5	5	190	0	0	0	741.96	335.14	3.75	7.51	100	8
3	5	191	0	0	0	46.319981	347.500593	20.308203	7.506241	-1	###FLOW###
4	5	191	0	0	0	46.319981	347.500593	20.308203	7.506241	-1	###LINE###
5	5	191	0	0	0	46.32	347.50	20.31	7.51	100	Shelby
3	5	192	0	0	0	140.879939	347.500593	16.846042	7.506241	-1	###FLOW###
4	5	192	0	0	0	140.879939	347.500593	16.846042	7.506241	-1	###LINE###
5	5	192	0	0	0	140.88	347.50	16.85	7.51	100	3,761
3	5	193	0	0	0	199.679905	347.500593	16.846042	7.506241	-1	###FLOW###
4	5	193	0	0	0	199.679905	347.500593	16.846042	7.506241	-1	###LINE###
5	5	193	0	0	0	199.68	347.50	16.85	7.51	100	3,507
3	5	194	0	0	0	264.119885	347.500593	11.235185	7.506241	-1	###FLOW###
4	5	194	0	0	0	264.119885	347.500593	11.235185	7.506241	-1	###LINE###
5	5	194	0	0	0	264.12	347.50	11.24	7.51	100	159
3	5	195	0	0	0	322.919852	347.500593	11.235185	7.506241	-1	###FLOW###
4	5	195	0	0	0	322.919852	347.500593	11.235185	7.506241	-1	###LINE###
5	5	195	0	0	0	322.92	347.50	11.24	7.51	100	117
3	5	196	0	0	0	385.439837	347.500593	7.490123	7.506241	-1	###FLOW###
4	5	196	0	0	0	385.439837	347.500593	7.490123	7.506241	-1	###LINE###
5	5	196	0	0	0	385.44	347.50	7.49	7.51	100	64
3	5	197	0	0	0	444.239803	347.500593	7.490123	7.506241	-1	###FLOW###
4	5	197	0	0	0	444.239803	347.500593	7.490123	7.506241	-1	###LINE###
5	5	197	0	0	0	444.24	347.50	7.49	7.51	100	65
3	5	198	0	0	0	503.039768	347.500593	7.490123	7.506241	-1	###FLOW###
4	5	198	0	0	0	503.039768	347.500593	7.490123	7.506241	-1	###LINE###
5	5	198	0	0	0	503.04	347.50	7.49	7.51	100	29
3	5	199	0	0	0	561.839734	347.500593	7.490123	7.506241	-1	###FLOW###
4	5	199	0	0	0	561.839734	347.500593	7.490123	7.506241	-1	###LINE###
5	5	199	0	0	0	561.84	347.50	7.49	7.51	100	40
3	5	200	0	0	0	620.639731	347.500593	7.490123	7.506241	-1	###FLOW###
4	5	200	0	0	0	620.639731	347.500593	7.490123	7.506241	-1	###LINE###
5	5	200	0	0	0	620.64	347.50	7.49	7.51	100	54
3	5	201	0	0	0	683.159716	347.500593	3.745062	7.506241	-1	###FLOW###
4	5	201	0	0	0	683.159716	347.500593	3.745062	7.506241	-1	###LINE###
5	5	201	0	0	0	683.16	347.50	3.75	7.51	100	8
3	5	202	0	0	0	738.239662	347.500593	7.490123	7.506241	-1	###FLOW###
4	5	202	0	0	0	738.239662	347.500593	7.490123	7.506241	-1	###LINE###
5	5	202	0	0	0	738.24	347.50	7.49	7.51	100	10
3	5	203	0	0	0	46.319981	359.740578	26.195224	7.506241	-1	###FLOW###
4	5	203	0	0	0	46.319981	359.740578	26.195224	7.506241	-1	###LINE###
5	5	203	0	0	0	46.32	359.74	26.20	7.51	100	Simpson
3	5	204	0	0	0	140.879939	359.740578	16.846042	7.506241	-1	###FLOW###
4	5	204	0	0	0	140.879939	359.740578	16.846042	7.506241	-1	###LINE###
5	5	204	0	0	0	140.88	359.74	16.85	7.51	100	1,331
3	5	205	0	0	0	205.319905	359.740578	11.235185	7.506241	-1	###FLOW###
4	5	205	0	0	0	205.319905	359.740578	11.235185	7.506241	-1	###LINE###
5	5	205	0	0	0	205.32	359.74	11.24	7.51	100	694
3	5	206	0	0	0	264.119885	359.740578	11.235185	7.506241	-1	###FLOW###
4	5	206	0	0	0	264.119885	359.740578	11.235185	7.506241	-1	###LINE###
5	5	206	0	0	0	264.12	359.74	11.24	7.51	100	251
3	5	207	0	0	0	326.639840	359.740578	7.490123	7.506241	-1	###FLOW###
4	5	207	0	0	0	326.639840	359.740578	7.490123	7.506241	-1	###LINE###
5	5	207	0	0	0	326.64	359.74	7.49	7.51	100	45
3	5	208	0	0	0	385.439837	359.740578	7.490123	7.506241	-1	###FLOW###
4	5	208	0	0	0	385.439837	359.740578	7.490123	7.506241	-1	###LINE###
5	5	208	0	0	0	385.44	359.74	7.49	7.51	100	33
3	5	209	0	0	0	444.239803	359.740578	7.490123	7.506241	-1	###FLOW###
4	5	209	0	0	0	444.239803	359.740578	7.490123	7.506241	-1	###LINE###
5	5	209	0	0	0	444.24	359.74	7.49	7.51	100	19
3	5	210	0	0	0	503.039768	359.740578	7.490123	7.506241	-1	###FLOW###
4	5	210	0	0	0	503.039768	359.740578	7.490123	7.506241	-1	###LINE###
5	5	210	0	0	0	503.04	359.74	7.49	7.51	100	39
3	5	211	0	0	0	561.839734	359.740578	7.490123	7.506241	-1	###FLOW###
4	5	211	0	0	0	561.839734	359.740578	7.490123	7.506241	-1	###LINE###
5	5	211	0	0	0	561.84	359.74	7.49	7.51	100	22
3	5	212	0	0	0	620.639731	359.740578	7.490123	7.506241	-1	###FLOW###
4	5	212	0	0	0	620.639731	359.740578	7.490123	7.506241	-1	###LINE###
5	5	212	0	0	0	620.64	359.74	7.49	7.51	100	10
3	5	213	0	0	0	679.439666	359.740578	7.490123	7.506241	-1	###FLOW###
4	5	213	0	0	0	679.439666	359.740578	7.490123	7.506241	-1	###LINE###
5	5	213	0	0	0	679.44	359.74	7.49	7.51	100	13
3	5	214	0	0	0	741.959651	359.740578	3.745062	7.506241	-1	###FLOW###
4	5	214	0	0	0	741.959651	359.740578	3.745062	7.506241	-1	###LINE###
5	5	214	0	0	0	741.96	359.74	3.75	7.51	100	5
3	5	215	0	0	0	46.319981	372.100574	24.922173	7.506241	-1	###FLOW###
4	5	215	0	0	0	46.319981	372.100574	24.922173	7.506241	-1	###LINE###
5	5	215	0	0	0	46.32	372.10	24.92	7.51	100	Spencer
3	5	216	0	0	0	140.879939	372.100574	16.846042	7.506241	-1	###FLOW###
4	5	216	0	0	0	140.879939	372.100574	16.846042	7.506241	-1	###LINE###
5	5	216	0	0	0	140.88	372.10	16.85	7.51	100	1,777
3	5	217	0	0	0	199.679905	372.100574	16.846042	7.506241	-1	###FLOW###
4	5	217	0	0	0	199.679905	372.100574	16.846042	7.506241	-1	###LINE###
5	5	217	0	0	0	199.68	372.10	16.85	7.51	100	1,406
3	5	218	0	0	0	267.839875	372.100574	7.490123	7.506241	-1	###FLOW###
4	5	218	0	0	0	267.839875	372.100574	7.490123	7.506241	-1	###LINE###
5	5	218	0	0	0	267.84	372.10	7.49	7.51	100	73
3	5	219	0	0	0	326.639840	372.100574	7.490123	7.506241	-1	###FLOW###
4	5	219	0	0	0	326.639840	372.100574	7.490123	7.506241	-1	###LINE###
5	5	219	0	0	0	326.64	372.10	7.49	7.51	100	56
3	5	220	0	0	0	385.439837	372.100574	7.490123	7.506241	-1	###FLOW###
4	5	220	0	0	0	385.439837	372.100574	7.490123	7.506241	-1	###LINE###
5	5	220	0	0	0	385.44	372.10	7.49	7.51	100	24
3	5	221	0	0	0	444.239803	372.100574	7.490123	7.506241	-1	###FLOW###
4	5	221	0	0	0	444.239803	372.100574	7.490123	7.506241	-1	###LINE###
5	5	221	0	0	0	444.24	372.10	7.49	7.51	100	19
3	5	222	0	0	0	503.039768	372.100574	7.490123	7.506241	-1	###FLOW###
4	5	222	0	0	0	503.039768	372.100574	7.490123	7.506241	-1	###LINE###
5	5	222	0	0	0	503.04	372.10	7.49	7.51	100	18
3	5	223	0	0	0	561.839734	372.100574	7.490123	7.506241	-1	###FLOW###
4	5	223	0	0	0	561.839734	372.100574	7.490123	7.506241	-1	###LINE###
5	5	223	0	0	0	561.84	372.10	7.49	7.51	100	20
3	5	224	0	0	0	620.639731	372.100574	7.490123	7.506241	-1	###FLOW###
4	5	224	0	0	0	620.639731	372.100574	7.490123	7.506241	-1	###LINE###
5	5	224	0	0	0	620.64	372.10	7.49	7.51	100	47
3	5	225	0	0	0	683.159716	372.100574	3.745062	7.506241	-1	###FLOW###
4	5	225	0	0	0	683.159716	372.100574	3.745062	7.506241	-1	###LINE###
5	5	225	0	0	0	683.16	372.10	3.75	7.51	100	2
3	5	226	0	0	0	741.959651	372.100574	3.745062	7.506241	-1	###FLOW###
4	5	226	0	0	0	741.959651	372.100574	3.745062	7.506241	-1	###LINE###
5	5	226	0	0	0	741.96	372.10	3.75	7.51	100	4
3	5	227	0	0	0	46.319981	384.340573	18.462615	7.506241	-1	###FLOW###
4	5	227	0	0	0	46.319981	384.340573	18.462615	7.506241	-1	###LINE###
5	5	227	0	0	0	46.32	384.34	18.46	7.51	100	Taylor
3	5	228	0	0	0	140.879939	384.340573	16.846042	7.506241	-1	###FLOW###
4	5	228	0	0	0	140.879939	384.340573	16.846042	7.506241	-1	###LINE###
5	5	228	0	0	0	140.88	384.34	16.85	7.51	100	2,300
3	5	229	0	0	0	199.679905	384.340573	16.846042	7.506241	-1	###FLOW###
4	5	229	0	0	0	199.679905	384.340573	16.846042	7.506241	-1	###LINE###
5	5	229	0	0	0	199.68	384.34	16.85	7.51	100	1,384
3	5	230	0	0	0	267.839875	384.340573	7.490123	7.506241	-1	###FLOW###
4	5	230	0	0	0	267.839875	384.340573	7.490123	7.506241	-1	###LINE###
5	5	230	0	0	0	267.84	384.34	7.49	7.51	100	45
3	5	231	0	0	0	326.639840	384.340573	7.490123	7.506241	-1	###FLOW###
4	5	231	0	0	0	326.639840	384.340573	7.490123	7.506241	-1	###LINE###
5	5	231	0	0	0	326.64	384.34	7.49	7.51	100	34
3	5	232	0	0	0	385.439837	384.340573	7.490123	7.506241	-1	###FLOW###
4	5	232	0	0	0	385.439837	384.340573	7.490123	7.506241	-1	###LINE###
5	5	232	0	0	0	385.44	384.34	7.49	7.51	100	38
3	5	233	0	0	0	444.239803	384.340573	7.490123	7.506241	-1	###FLOW###
4	5	233	0	0	0	444.239803	384.340573	7.490123	7.506241	-1	###LINE###
5	5	233	0	0	0	444.24	384.34	7.49	7.51	100	24
3	5	234	0	0	0	503.039768	384.340573	7.490123	7.506241	-1	###FLOW###
4	5	234	0	0	0	503.039768	384.340573	7.490123	7.506241	-1	###LINE###
5	5	234	0	0	0	503.04	384.34	7.49	7.51	100	19
3	5	235	0	0	0	561.839734	384.340573	7.490123	7.506241	-1	###FLOW###
4	5	235	0	0	0	561.839734	384.340573	7.490123	7.506241	-1	###LINE###
5	5	235	0	0	0	561.84	384.34	7.49	7.51	100	34
3	5	236	0	0	0	620.639731	384.340573	7.490123	7.506241	-1	###FLOW###
4	5	236	0	0	0	620.639731	384.340573	7.490123	7.506241	-1	###LINE###
5	5	236	0	0	0	620.64	384.34	7.49	7.51	100	14
3	5	237	0	0	0	683.159716	384.340573	3.745062	7.506241	-1	###FLOW###
4	5	237	0	0	0	683.159716	384.340573	3.745062	7.506241	-1	###LINE###
5	5	237	0	0	0	683.16	384.34	3.75	7.51	100	7
3	5	238	0	0	0	741.959651	384.340573	3.745062	7.506241	-1	###FLOW###
4	5	238	0	0	0	741.959651	384.340573	3.745062	7.506241	-1	###LINE###
5	5	238	0	0	0	741.96	384.34	3.75	7.51	100	7
3	5	239	0	0	0	46.319981	396.700569	15.431540	7.506241	-1	###FLOW###
4	5	239	0	0	0	46.319981	396.700569	15.431540	7.506241	-1	###LINE###
5	5	239	0	0	0	46.32	396.70	15.43	7.51	100	Todd
3	5	240	0	0	0	146.519939	396.700569	11.235185	7.506241	-1	###FLOW###
4	5	240	0	0	0	146.519939	396.700569	11.235185	7.506241	-1	###LINE###
5	5	240	0	0	0	146.52	396.70	11.24	7.51	100	617
3	5	241	0	0	0	205.319905	396.700569	11.235185	7.506241	-1	###FLOW###
4	5	241	0	0	0	205.319905	396.700569	11.235185	7.506241	-1	###LINE###
5	5	241	0	0	0	205.32	396.70	11.24	7.51	100	215
3	5	242	0	0	0	267.839875	396.700569	7.490123	7.506241	-1	###FLOW###
4	5	242	0	0	0	267.839875	396.700569	7.490123	7.506241	-1	###LINE###
5	5	242	0	0	0	267.84	396.70	7.49	7.51	100	21
3	5	243	0	0	0	326.639840	396.700569	7.490123	7.506241	-1	###FLOW###
4	5	243	0	0	0	326.639840	396.700569	7.490123	7.506241	-1	###LINE###
5	5	243	0	0	0	326.64	396.70	7.49	7.51	100	26
3	5	244	0	0	0	385.439837	396.700569	7.490123	7.506241	-1	###FLOW###
4	5	244	0	0	0	385.439837	396.700569	7.490123	7.506241	-1	###LINE###
5	5	244	0	0	0	385.44	396.70	7.49	7.51	100	12
3	5	245	0	0	0	447.959792	396.700569	3.745062	7.506241	-1	###FLOW###
4	5	245	0	0	0	447.959792	396.700569	3.745062	7.506241	-1	###LINE###
5	5	245	0	0	0	447.96	396.70	3.75	7.51	100	6
3	5	246	0	0	0	503.039768	396.700569	7.490123	7.506241	-1	###FLOW###
4	5	246	0	0	0	503.039768	396.700569	7.490123	7.506241	-1	###LINE###
5	5	246	0	0	0	503.04	396.70	7.49	7.51	100	23
3	5	247	0	0	0	561.839734	396.700569	7.490123	7.506241	-1	###FLOW###
4	5	247	0	0	0	561.839734	396.700569	7.490123	7.506241	-1	###LINE###
5	5	247	0	0	0	561.84	396.70	7.49	7.51	100	12
3	5	248	0	0	0	624.359720	396.700569	3.745062	7.506241	-1	###FLOW###
4	5	248	0	0	0	624.359720	396.700569	3.745062	7.506241	-1	###LINE###
5	5	248	0	0	0	624.36	396.70	3.75	7.51	100	6
3	5	249	0	0	0	683.159716	396.700569	3.745062	7.506241	-1	###FLOW###
4	5	249	0	0	0	683.159716	396.700569	3.745062	7.506241	-1	###LINE###
5	5	249	0	0	0	683.16	396.70	3.75	7.51	100	2
3	5	250	0	0	0	741.959651	396.700569	3.745062	7.506241	-1	###FLOW###
4	5	250	0	0	0	741.959651	396.700569	3.745062	7.506241	-1	###LINE###
5	5	250	0	0	0	741.96	396.70	3.75	7.51	100	3
3	5	251	0	0	0	46.319981	408.940569	15.525840	7.506241	-1	###FLOW###
4	5	251	0	0	0	46.319981	408.940569	15.525840	7.506241	-1	###LINE###
5	5	251	0	0	0	46.32	408.94	15.53	7.51	100	Trigg
3	5	252	0	0	0	140.879939	408.940569	16.846042	7.506241	-1	###FLOW###
4	5	252	0	0	0	140.879939	408.940569	16.846042	7.506241	-1	###LINE###
5	5	252	0	0	0	140.88	408.94	16.85	7.51	100	1,506
3	5	253	0	0	0	205.319905	408.940569	11.235185	7.506241	-1	###FLOW###
4	5	253	0	0	0	205.319905	408.940569	11.235185	7.506241	-1	###LINE###
5	5	253	0	0	0	205.32	408.94	11.24	7.51	100	615
3	5	254	0	0	0	267.839875	408.940569	7.490123	7.506241	-1	###FLOW###
4	5	254	0	0	0	267.839875	408.940569	7.490123	7.506241	-1	###LINE###
5	5	254	0	0	0	267.84	408.94	7.49	7.51	100	29
3	5	255	0	0	0	326.639840	408.940569	7.490123	7.506241	-1	###FLOW###
4	5	255	0	0	0	326.639840	408.940569	7.490123	7.506241	-1	###LINE###
5	5	255	0	0	0	326.64	408.94	7.49	7.51	100	33
3	5	256	0	0	0	385.439837	408.940569	7.490123	7.506241	-1	###FLOW###
4	5	256	0	0	0	385.439837	408.940569	7.490123	7.506241	-1	###LINE###
5	5	256	0	0	0	385.44	408.94	7.49	7.51	100	47
3	5	257	0	0	0	444.239803	408.940569	7.490123	7.506241	-1	###FLOW###
4	5	257	0	0	0	444.239803	408.940569	7.490123	7.506241	-1	###LINE###
5	5	257	0	0	0	444.24	408.94	7.49	7.51	100	35
3	5	258	0	0	0	503.039768	408.940569	7.490123	7.506241	-1	###FLOW###
4	5	258	0	0	0	503.039768	408.940569	7.490123	7.506241	-1	###LINE###
5	5	258	0	0	0	503.04	408.94	7.49	7.51	100	53
3	5	259	0	0	0	561.839734	408.940569	7.490123	7.506241	-1	###FLOW###
4	5	259	0	0	0	561.839734	408.940569	7.490123	7.506241	-1	###LINE###
5	5	259	0	0	0	561.84	408.94	7.49	7.51	100	20
3	5	260	0	0	0	620.639731	408.940569	7.490123	7.506241	-1	###FLOW###
4	5	260	0	0	0	620.639731	408.940569	7.490123	7.506241	-1	###LINE###
5	5	260	0	0	0	620.64	408.94	7.49	7.51	100	11
3	5	261	0	0	0	683.159716	408.940569	3.745062	7.506241	-1	###FLOW###
4	5	261	0	0	0	683.159716	408.940569	3.745062	7.506241	-1	###LINE###
5	5	261	0	0	0	683.16	408.94	3.75	7.51	100	4
3	5	262	0	0	0	741.959651	408.940569	3.745062	7.506241	-1	###FLOW###
4	5	262	0	0	0	741.959651	408.940569	3.745062	7.506241	-1	###LINE###
5	5	262	0	0	0	741.96	408.94	3.75	7.51	100	4
3	5	263	0	0	0	46.319981	421.300565	22.463634	7.506241	-1	###FLOW###
4	5	263	0	0	0	46.319981	421.300565	22.463634	7.506241	-1	###LINE###
5	5	263	0	0	0	46.32	421.30	22.46	7.51	100	Trimble
3	5	264	0	0	0	146.519939	421.300565	11.235185	7.506241	-1	###FLOW###
4	5	264	0	0	0	146.519939	421.300565	11.235185	7.506241	-1	###LINE###
5	5	264	0	0	0	146.52	421.30	11.24	7.51	100	522
3	5	265	0	0	0	205.319905	421.300565	11.235185	7.506241	-1	###FLOW###
4	5	265	0	0	0	205.319905	421.300565	11.235185	7.506241	-1	###LINE###
5	5	265	0	0	0	205.32	421.30	11.24	7.51	100	589
3	5	266	0	0	0	267.839875	421.300565	7.490123	7.506241	-1	###FLOW###
4	5	266	0	0	0	267.839875	421.300565	7.490123	7.506241	-1	###LINE###
5	5	266	0	0	0	267.84	421.30	7.49	7.51	100	36
3	5	267	0	0	0	326.639840	421.300565	7.490123	7.506241	-1	###FLOW###
4	5	267	0	0	0	326.639840	421.300565	7.490123	7.506241	-1	###LINE###
5	5	267	0	0	0	326.64	421.30	7.49	7.51	100	30
3	5	268	0	0	0	385.439837	421.300565	7.490123	7.506241	-1	###FLOW###
4	5	268	0	0	0	385.439837	421.300565	7.490123	7.506241	-1	###LINE###
5	5	268	0	0	0	385.44	421.30	7.49	7.51	100	26
3	5	269	0	0	0	447.959792	421.300565	3.745062	7.506241	-1	###FLOW###
4	5	269	0	0	0	447.959792	421.300565	3.745062	7.506241	-1	###LINE###
5	5	269	0	0	0	447.96	421.30	3.75	7.51	100	9
3	5	270	0	0	0	503.039768	421.300565	7.490123	7.506241	-1	###FLOW###
4	5	270	0	0	0	503.039768	421.300565	7.490123	7.506241	-1	###LINE###
5	5	270	0	0	0	503.04	421.30	7.49	7.51	100	10
3	5	271	0	0	0	565.559723	421.300565	3.745062	7.506241	-1	###FLOW###
4	5	271	0	0	0	565.559723	421.300565	3.745062	7.506241	-1	###LINE###
5	5	271	0	0	0	565.56	421.30	3.75	7.51	100	5
3	5	272	0	0	0	620.639731	421.300565	7.490123	7.506241	-1	###FLOW###
4	5	272	0	0	0	620.639731	421.300565	7.490123	7.506241	-1	###LINE###
5	5	272	0	0	0	620.64	421.30	7.49	7.51	100	19
3	5	273	0	0	0	683.159716	421.300565	3.745062	7.506241	-1	###FLOW###
4	5	273	0	0	0	683.159716	421.300565	3.745062	7.506241	-1	###LINE###
5	5	273	0	0	0	683.16	421.30	3.75	7.51	100	0
3	5	274	0	0	0	741.959651	421.300565	3.745062	7.506241	-1	###FLOW###
4	5	274	0	0	0	741.959651	421.300565	3.745062	7.506241	-1	###LINE###
5	5	274	0	0	0	741.96	421.30	3.75	7.51	100	0
3	5	275	0	0	0	46.319981	433.540564	17.526350	7.506241	-1	###FLOW###
4	5	275	0	0	0	46.319981	433.540564	17.526350	7.506241	-1	###LINE###
5	5	275	0	0	0	46.32	433.54	17.53	7.51	100	Union
3	5	276	0	0	0	146.519939	433.540564	11.235185	7.506241	-1	###FLOW###
4	5	276	0	0	0	146.519939	433.540564	11.235185	7.506241	-1	###LINE###
5	5	276	0	0	0	146.52	433.54	11.24	7.51	100	988
3	5	277	0	0	0	205.319905	433.540564	11.235185	7.506241	-1	###FLOW###
4	5	277	0	0	0	205.319905	433.540564	11.235185	7.506241	-1	###LINE###
5	5	277	0	0	0	205.32	433.54	11.24	7.51	100	347
3	5	278	0	0	0	267.839875	433.540564	7.490123	7.506241	-1	###FLOW###
4	5	278	0	0	0	267.839875	433.540564	7.490123	7.506241	-1	###LINE###
5	5	278	0	0	0	267.84	433.54	7.49	7.51	100	16
3	5	279	0	0	0	326.639840	433.540564	7.490123	7.506241	-1	###FLOW###
4	5	279	0	0	0	326.639840	433.540564	7.490123	7.506241	-1	###LINE###
5	5	279	0	0	0	326.64	433.54	7.49	7.51	100	23
3	5	280	0	0	0	385.439837	433.540564	7.490123	7.506241	-1	###FLOW###
4	5	280	0	0	0	385.439837	433.540564	7.490123	7.506241	-1	###LINE###
5	5	280	0	0	0	385.44	433.54	7.49	7.51	100	15
3	5	281	0	0	0	444.239803	433.540564	7.490123	7.506241	-1	###FLOW###
4	5	281	0	0	0	444.239803	433.540564	7.490123	7.506241	-1	###LINE###
5	5	281	0	0	0	444.24	433.54	7.49	7.51	100	13
3	5	282	0	0	0	503.039768	433.540564	7.490123	7.506241	-1	###FLOW###
4	5	282	0	0	0	503.039768	433.540564	7.490123	7.506241	-1	###LINE###
5	5	282	0	0	0	503.04	433.54	7.49	7.51	100	16
3	5	283	0	0	0	561.839734	433.540564	7.490123	7.506241	-1	###FLOW###
4	5	283	0	0	0	561.839734	433.540564	7.490123	7.506241	-1	###LINE###
5	5	283	0	0	0	561.84	433.54	7.49	7.51	100	10
3	5	284	0	0	0	624.359720	433.540564	3.745062	7.506241	-1	###FLOW###
4	5	284	0	0	0	624.359720	433.540564	3.745062	7.506241	-1	###LINE###
5	5	284	0	0	0	624.36	433.54	3.75	7.51	100	7
3	5	285	0	0	0	683.159716	433.540564	3.745062	7.506241	-1	###FLOW###
4	5	285	0	0	0	683.159716	433.540564	3.745062	7.506241	-1	###LINE###
5	5	285	0	0	0	683.16	433.54	3.75	7.51	100	4
3	5	286	0	0	0	741.959651	433.540564	3.745062	7.506241	-1	###FLOW###
4	5	286	0	0	0	741.959651	433.540564	3.745062	7.506241	-1	###LINE###
5	5	286	0	0	0	741.96	433.54	3.75	7.51	100	6
3	5	287	0	0	0	46.319981	445.900561	22.436691	7.506241	-1	###FLOW###
4	5	287	0	0	0	46.319981	445.900561	22.436691	7.506241	-1	###LINE###
5	5	287	0	0	0	46.32	445.90	22.44	7.51	100	Warren
3	5	288	0	0	0	140.879939	445.900561	16.846042	7.506241	-1	###FLOW###
4	5	288	0	0	0	140.879939	445.900561	16.846042	7.506241	-1	###LINE###
5	5	288	0	0	0	140.88	445.90	16.85	7.51	100	5,724
3	5	289	0	0	0	199.679905	445.900561	16.846042	7.506241	-1	###FLOW###
4	5	289	0	0	0	199.679905	445.900561	16.846042	7.506241	-1	###LINE###
5	5	289	0	0	0	199.68	445.90	16.85	7.51	100	2,522
3	5	290	0	0	0	264.119885	445.900561	11.235185	7.506241	-1	###FLOW###
4	5	290	0	0	0	264.119885	445.900561	11.235185	7.506241	-1	###LINE###
5	5	290	0	0	0	264.12	445.90	11.24	7.51	100	232
3	5	291	0	0	0	326.639840	445.900561	7.490123	7.506241	-1	###FLOW###
4	5	291	0	0	0	326.639840	445.900561	7.490123	7.506241	-1	###LINE###
5	5	291	0	0	0	326.64	445.90	7.49	7.51	100	75
3	5	292	0	0	0	381.719817	445.900561	11.235185	7.506241	-1	###FLOW###
4	5	292	0	0	0	381.719817	445.900561	11.235185	7.506241	-1	###LINE###
5	5	292	0	0	0	381.72	445.90	11.24	7.51	100	107
3	5	293	0	0	0	440.519813	445.900561	11.235185	7.506241	-1	###FLOW###
4	5	293	0	0	0	440.519813	445.900561	11.235185	7.506241	-1	###LINE###
5	5	293	0	0	0	440.52	445.90	11.24	7.51	100	106
3	5	294	0	0	0	503.039768	445.900561	7.490123	7.506241	-1	###FLOW###
4	5	294	0	0	0	503.039768	445.900561	7.490123	7.506241	-1	###LINE###
5	5	294	0	0	0	503.04	445.90	7.49	7.51	100	69
3	5	295	0	0	0	561.839734	445.900561	7.490123	7.506241	-1	###FLOW###
4	5	295	0	0	0	561.839734	445.900561	7.490123	7.506241	-1	###LINE###
5	5	295	0	0	0	561.84	445.90	7.49	7.51	100	33
3	5	296	0	0	0	620.639731	445.900561	7.490123	7.506241	-1	###FLOW###
4	5	296	0	0	0	620.639731	445.900561	7.490123	7.506241	-1	###LINE###
5	5	296	0	0	0	620.64	445.90	7.49	7.51	100	34
3	5	297	0	0	0	683.159716	445.900561	3.745062	7.506241	-1	###FLOW###
4	5	297	0	0	0	683.159716	445.900561	3.745062	7.506241	-1	###LINE###
5	5	297	0	0	0	683.16	445.90	3.75	7.51	100	6
3	5	298	0	0	0	738.239662	445.900561	7.490123	7.506241	-1	###FLOW###
4	5	298	0	0	0	738.239662	445.900561	7.490123	7.506241	-1	###LINE###
5	5	298	0	0	0	738.24	445.90	7.49	7.51	100	13
3	5	299	0	0	0	46.319981	458.140560	35.914872	7.506241	-1	###FLOW###
4	5	299	0	0	0	46.319981	458.140560	35.914872	7.506241	-1	###LINE###
5	5	299	0	0	0	46.32	458.14	35.91	7.51	100	Washington
3	5	300	0	0	0	146.519939	458.140560	11.235185	7.506241	-1	###FLOW###
4	5	300	0	0	0	146.519939	458.140560	11.235185	7.506241	-1	###LINE###
5	5	300	0	0	0	146.52	458.14	11.24	7.51	100	716
3	5	301	0	0	0	205.319905	458.140560	11.235185	7.506241	-1	###FLOW###
4	5	301	0	0	0	205.319905	458.140560	11.235185	7.506241	-1	###LINE###
5	5	301	0	0	0	205.32	458.14	11.24	7.51	100	662
3	5	302	0	0	0	267.839875	458.140560	7.490123	7.506241	-1	###FLOW###
4	5	302	0	0	0	267.839875	458.140560	7.490123	7.506241	-1	###LINE###
5	5	302	0	0	0	267.84	458.14	7.49	7.51	100	51
3	5	303	0	0	0	326.639840	458.140560	7.490123	7.506241	-1	###FLOW###
4	5	303	0	0	0	326.639840	458.140560	7.490123	7.506241	-1	###LINE###
5	5	303	0	0	0	326.64	458.14	7.49	7.51	100	10
3	5	304	0	0	0	385.439837	458.140560	7.490123	7.506241	-1	###FLOW###
4	5	304	0	0	0	385.439837	458.140560	7.490123	7.506241	-1	###LINE###
5	5	304	0	0	0	385.44	458.14	7.49	7.51	100	13
3	5	305	0	0	0	444.239803	458.140560	7.490123	7.506241	-1	###FLOW###
4	5	305	0	0	0	444.239803	458.140560	7.490123	7.506241	-1	###LINE###
5	5	305	0	0	0	444.24	458.14	7.49	7.51	100	13
3	5	306	0	0	0	503.039768	458.140560	7.490123	7.506241	-1	###FLOW###
4	5	306	0	0	0	503.039768	458.140560	7.490123	7.506241	-1	###LINE###
5	5	306	0	0	0	503.04	458.14	7.49	7.51	100	10
3	5	307	0	0	0	561.839734	458.140560	7.490123	7.506241	-1	###FLOW###
4	5	307	0	0	0	561.839734	458.140560	7.490123	7.506241	-1	###LINE###
5	5	307	0	0	0	561.84	458.14	7.49	7.51	100	14
3	5	308	0	0	0	624.359720	458.140560	3.745062	7.506241	-1	###FLOW###
4	5	308	0	0	0	624.359720	458.140560	3.745062	7.506241	-1	###LINE###
5	5	308	0	0	0	624.36	458.14	3.75	7.51	100	2
3	5	309	0	0	0	683.159716	458.140560	3.745062	7.506241	-1	###FLOW###
4	5	309	0	0	0	683.159716	458.140560	3.745062	7.506241	-1	###LINE###
5	5	309	0	0	0	683.16	458.14	3.75	7.51	100	3
3	5	310	0	0	0	741.959651	458.140560	3.745062	7.506241	-1	###FLOW###
4	5	310	0	0	0	741.959651	458.140560	3.745062	7.506241	-1	###LINE###
5	5	310	0	0	0	741.96	458.14	3.75	7.51	100	2
3	5	311	0	0	0	46.319981	470.500587	21.163640	7.506241	-1	###FLOW###
4	5	311	0	0	0	46.319981	470.500587	21.163640	7.506241	-1	###LINE###
5	5	311	0	0	0	46.32	470.50	21.16	7.51	100	Wayne
3	5	312	0	0	0	140.879939	470.500587	16.846042	7.506241	-1	###FLOW###
4	5	312	0	0	0	140.879939	470.500587	16.846042	7.506241	-1	###LINE###
5	5	312	0	0	0	140.88	470.50	16.85	7.51	100	2,407
3	5	313	0	0	0	199.679905	470.500587	16.846042	7.506241	-1	###FLOW###
4	5	313	0	0	0	199.679905	470.500587	16.846042	7.506241	-1	###LINE###
5	5	313	0	0	0	199.68	470.50	16.85	7.51	100	1,064
3	5	314	0	0	0	267.839875	470.500587	7.490123	7.506241	-1	###FLOW###
4	5	314	0	0	0	267.839875	470.500587	7.490123	7.506241	-1	###LINE###
5	5	314	0	0	0	267.84	470.50	7.49	7.51	100	24
3	5	315	0	0	0	326.639840	470.500587	7.490123	7.506241	-1	###FLOW###
4	5	315	0	0	0	326.639840	470.500587	7.490123	7.506241	-1	###LINE###
5	5	315	0	0	0	326.64	470.50	7.49	7.51	100	84
3	5	316	0	0	0	385.439837	470.500587	7.490123	7.506241	-1	###FLOW###
4	5	316	0	0	0	385.439837	470.500587	7.490123	7.506241	-1	###LINE###
5	5	316	0	0	0	385.44	470.50	7.49	7.51	100	44
3	5	317	0	0	0	444.239803	470.500587	7.490123	7.506241	-1	###FLOW###
4	5	317	0	0	0	444.239803	470.500587	7.490123	7.506241	-1	###LINE###
5	5	317	0	0	0	444.24	470.50	7.49	7.51	100	22
3	5	318	0	0	0	503.039768	470.500587	7.490123	7.506241	-1	###FLOW###
4	5	318	0	0	0	503.039768	470.500587	7.490123	7.506241	-1	###LINE###
5	5	318	0	0	0	503.04	470.50	7.49	7.51	100	24
3	5	319	0	0	0	561.839734	470.500587	7.490123	7.506241	-1	###FLOW###
4	5	319	0	0	0	561.839734	470.500587	7.490123	7.506241	-1	###LINE###
5	5	319	0	0	0	561.84	470.50	7.49	7.51	100	31
3	5	320	0	0	0	620.639731	470.500587	7.490123	7.506241	-1	###FLOW###
4	5	320	0	0	0	620.639731	470.500587	7.490123	7.506241	-1	###LINE###
5	5	320	0	0	0	620.64	470.50	7.49	7.51	100	15
3	5	321	0	0	0	683.159716	470.500587	3.745062	7.506241	-1	###FLOW###
4	5	321	0	0	0	683.159716	470.500587	3.745062	7.506241	-1	###LINE###
5	5	321	0	0	0	683.16	470.50	3.75	7.51	100	5
3	5	322	0	0	0	741.959651	470.500587	3.745062	7.506241	-1	###FLOW###
4	5	322	0	0	0	741.959651	470.500587	3.745062	7.506241	-1	###LINE###
5	5	322	0	0	0	741.96	470.50	3.75	7.51	100	7
3	5	323	0	0	0	46.319981	482.740586	25.427352	7.506241	-1	###FLOW###
4	5	323	0	0	0	46.319981	482.740586	25.427352	7.506241	-1	###LINE###
5	5	323	0	0	0	46.32	482.74	25.43	7.51	100	Webster
3	5	324	0	0	0	146.519939	482.740586	11.235185	7.506241	-1	###FLOW###
4	5	324	0	0	0	146.519939	482.740586	11.235185	7.506241	-1	###LINE###
5	5	324	0	0	0	146.52	482.74	11.24	7.51	100	635
3	5	325	0	0	0	205.319905	482.740586	11.235185	7.506241	-1	###FLOW###
4	5	325	0	0	0	205.319905	482.740586	11.235185	7.506241	-1	###LINE###
5	5	325	0	0	0	205.32	482.74	11.24	7.51	100	318
3	5	326	0	0	0	267.839875	482.740586	7.490123	7.506241	-1	###FLOW###
4	5	326	0	0	0	267.839875	482.740586	7.490123	7.506241	-1	###LINE###
5	5	326	0	0	0	267.84	482.74	7.49	7.51	100	16
3	5	327	0	0	0	326.639840	482.740586	7.490123	7.506241	-1	###FLOW###
4	5	327	0	0	0	326.639840	482.740586	7.490123	7.506241	-1	###LINE###
5	5	327	0	0	0	326.64	482.74	7.49	7.51	100	16
3	5	328	0	0	0	385.439837	482.740586	7.490123	7.506241	-1	###FLOW###
4	5	328	0	0	0	385.439837	482.740586	7.490123	7.506241	-1	###LINE###
5	5	328	0	0	0	385.44	482.74	7.49	7.51	100	20
3	5	329	0	0	0	447.959792	482.740586	3.745062	7.506241	-1	###FLOW###
4	5	329	0	0	0	447.959792	482.740586	3.745062	7.506241	-1	###LINE###
5	5	329	0	0	0	447.96	482.74	3.75	7.51	100	9
3	5	330	0	0	0	506.759788	482.740586	3.745062	7.506241	-1	###FLOW###
4	5	330	0	0	0	506.759788	482.740586	3.745062	7.506241	-1	###LINE###
5	5	330	0	0	0	506.76	482.74	3.75	7.51	100	9
3	5	331	0	0	0	561.839734	482.740586	7.490123	7.506241	-1	###FLOW###
4	5	331	0	0	0	561.839734	482.740586	7.490123	7.506241	-1	###LINE###
5	5	331	0	0	0	561.84	482.74	7.49	7.51	100	11
3	5	332	0	0	0	624.359720	482.740586	3.745062	7.506241	-1	###FLOW###
4	5	332	0	0	0	624.359720	482.740586	3.745062	7.506241	-1	###LINE###
5	5	332	0	0	0	624.36	482.74	3.75	7.51	100	3
3	5	333	0	0	0	683.159716	482.740586	3.745062	7.506241	-1	###FLOW###
4	5	333	0	0	0	683.159716	482.740586	3.745062	7.506241	-1	###LINE###
5	5	333	0	0	0	683.16	482.74	3.75	7.51	100	4
3	5	334	0	0	0	741.959651	482.740586	3.745062	7.506241	-1	###FLOW###
4	5	334	0	0	0	741.959651	482.740586	3.745062	7.506241	-1	###LINE###
5	5	334	0	0	0	741.96	482.74	3.75	7.51	100	0
3	5	335	0	0	0	46.319981	495.100581	22.349127	7.506241	-1	###FLOW###
4	5	335	0	0	0	46.319981	495.100581	22.349127	7.506241	-1	###LINE###
5	5	335	0	0	0	46.32	495.10	22.35	7.51	100	Whitley
3	5	336	0	0	0	140.879939	495.100581	16.846042	7.506241	-1	###FLOW###
4	5	336	0	0	0	140.879939	495.100581	16.846042	7.506241	-1	###LINE###
5	5	336	0	0	0	140.88	495.10	16.85	7.51	100	3,810
3	5	337	0	0	0	199.679905	495.100581	16.846042	7.506241	-1	###FLOW###
4	5	337	0	0	0	199.679905	495.100581	16.846042	7.506241	-1	###LINE###
5	5	337	0	0	0	199.68	495.10	16.85	7.51	100	1,823
3	5	338	0	0	0	267.839875	495.100581	7.490123	7.506241	-1	###FLOW###
4	5	338	0	0	0	267.839875	495.100581	7.490123	7.506241	-1	###LINE###
5	5	338	0	0	0	267.84	495.10	7.49	7.51	100	43
3	5	339	0	0	0	322.919852	495.100581	11.235185	7.506241	-1	###FLOW###
4	5	339	0	0	0	322.919852	495.100581	11.235185	7.506241	-1	###LINE###
5	5	339	0	0	0	322.92	495.10	11.24	7.51	100	111
3	5	340	0	0	0	385.439837	495.100581	7.490123	7.506241	-1	###FLOW###
4	5	340	0	0	0	385.439837	495.100581	7.490123	7.506241	-1	###LINE###
5	5	340	0	0	0	385.44	495.10	7.49	7.51	100	53
3	5	341	0	0	0	444.239803	495.100581	7.490123	7.506241	-1	###FLOW###
4	5	341	0	0	0	444.239803	495.100581	7.490123	7.506241	-1	###LINE###
5	5	341	0	0	0	444.24	495.10	7.49	7.51	100	19
3	5	342	0	0	0	503.039768	495.100581	7.490123	7.506241	-1	###FLOW###
4	5	342	0	0	0	503.039768	495.100581	7.490123	7.506241	-1	###LINE###
5	5	342	0	0	0	503.04	495.10	7.49	7.51	100	21
3	5	343	0	0	0	561.839734	495.100581	7.490123	7.506241	-1	###FLOW###
4	5	343	0	0	0	561.839734	495.100581	7.490123	7.506241	-1	###LINE###
5	5	343	0	0	0	561.84	495.10	7.49	7.51	100	43
3	5	344	0	0	0	620.639731	495.100581	7.490123	7.506241	-1	###FLOW###
4	5	344	0	0	0	620.639731	495.100581	7.490123	7.506241	-1	###LINE###
5	5	344	0	0	0	620.64	495.10	7.49	7.51	100	44
3	5	345	0	0	0	683.159716	495.100581	3.745062	7.506241	-1	###FLOW###
4	5	345	0	0	0	683.159716	495.100581	3.745062	7.506241	-1	###LINE###
5	5	345	0	0	0	683.16	495.10	3.75	7.51	100	1
3	5	346	0	0	0	741.959651	495.100581	3.745062	7.506241	-1	###FLOW###
4	5	346	0	0	0	741.959651	495.100581	3.745062	7.506241	-1	###LINE###
5	5	346	0	0	0	741.96	495.10	3.75	7.51	100	8
3	5	347	0	0	0	46.319981	507.340582	17.364692	7.506241	-1	###FLOW###
4	5	347	0	0	0	46.319981	507.340582	17.364692	7.506241	-1	###LINE###
5	5	347	0	0	0	46.32	507.34	17.36	7.51	100	Wolfe
3	5	348	0	0	0	146.519939	507.340582	11.235185	7.506241	-1	###FLOW###
4	5	348	0	0	0	146.519939	507.340582	11.235185	7.506241	-1	###LINE###
5	5	348	0	0	0	146.52	507.34	11.24	7.51	100	180
3	5	349	0	0	0	209.039909	507.340582	7.490123	7.506241	-1	###FLOW###
4	5	349	0	0	0	209.039909	507.340582	7.490123	7.506241	-1	###LINE###
5	5	349	0	0	0	209.04	507.34	7.49	7.51	100	49
3	5	350	0	0	0	271.559864	507.340582	3.745062	7.506241	-1	###FLOW###
4	5	350	0	0	0	271.559864	507.340582	3.745062	7.506241	-1	###LINE###
5	5	350	0	0	0	271.56	507.34	3.75	7.51	100	5
3	5	351	0	0	0	330.359860	507.340582	3.745062	7.506241	-1	###FLOW###
4	5	351	0	0	0	330.359860	507.340582	3.745062	7.506241	-1	###LINE###
5	5	351	0	0	0	330.36	507.34	3.75	7.51	100	4
3	5	352	0	0	0	389.159825	507.340582	3.745062	7.506241	-1	###FLOW###
4	5	352	0	0	0	389.159825	507.340582	3.745062	7.506241	-1	###LINE###
5	5	352	0	0	0	389.16	507.34	3.75	7.51	100	2
3	5	353	0	0	0	447.959792	507.340582	3.745062	7.506241	-1	###FLOW###
4	5	353	0	0	0	447.959792	507.340582	3.745062	7.506241	-1	###LINE###
5	5	353	0	0	0	447.96	507.34	3.75	7.51	100	0
3	5	354	0	0	0	506.759788	507.340582	3.745062	7.506241	-1	###FLOW###
4	5	354	0	0	0	506.759788	507.340582	3.745062	7.506241	-1	###LINE###
5	5	354	0	0	0	506.76	507.34	3.75	7.51	100	4
3	5	355	0	0	0	565.559723	507.340582	3.745062	7.506241	-1	###FLOW###
4	5	355	0	0	0	565.559723	507.340582	3.745062	7.506241	-1	###LINE###
5	5	355	0	0	0	565.56	507.34	3.75	7.51	100	1
3	5	356	0	0	0	624.359720	507.340582	3.745062	7.506241	-1	###FLOW###
4	5	356	0	0	0	624.359720	507.340582	3.745062	7.506241	-1	###LINE###
5	5	356	0	0	0	624.36	507.34	3.75	7.51	100	1
3	5	357	0	0	0	683.159716	507.340582	3.745062	7.506241	-1	###FLOW###
4	5	357	0	0	0	683.159716	507.340582	3.745062	7.506241	-1	###LINE###
5	5	357	0	0	0	683.16	507.34	3.75	7.51	100	2
3	5	358	0	0	0	741.959651	507.340582	3.745062	7.506241	-1	###FLOW###
4	5	358	0	0	0	741.959651	507.340582	3.745062	7.506241	-1	###LINE###
5	5	358	0	0	0	741.96	507.34	3.75	7.51	100	0
3	5	359	0	0	0	46.319981	519.700516	29.542879	7.506241	-1	###FLOW###
4	5	359	0	0	0	46.319981	519.700516	29.542879	7.506241	-1	###LINE###
5	5	359	0	0	0	46.32	519.70	29.54	7.51	100	Woodford
3	5	360	0	0	0	140.879939	519.700516	16.846042	7.506241	-1	###FLOW###
4	5	360	0	0	0	140.879939	519.700516	16.846042	7.506241	-1	###LINE###
5	5	360	0	0	0	140.88	519.70	16.85	7.51	100	1,989
3	5	361	0	0	0	205.319905	519.700516	11.235185	7.506241	-1	###FLOW###
4	5	361	0	0	0	205.319905	519.700516	11.235185	7.506241	-1	###LINE###
5	5	361	0	0	0	205.32	519.70	11.24	7.51	100	621
3	5	362	0	0	0	267.839875	519.700516	7.490123	7.506241	-1	###FLOW###
4	5	362	0	0	0	267.839875	519.700516	7.490123	7.506241	-1	###LINE###
5	5	362	0	0	0	267.84	519.70	7.49	7.51	100	38
3	5	363	0	0	0	326.639840	519.700516	7.490123	7.506241	-1	###FLOW###
4	5	363	0	0	0	326.639840	519.700516	7.490123	7.506241	-1	###LINE###
5	5	363	0	0	0	326.64	519.70	7.49	7.51	100	28
3	5	364	0	0	0	385.439837	519.700516	7.490123	7.506241	-1	###FLOW###
4	5	364	0	0	0	385.439837	519.700516	7.490123	7.506241	-1	###LINE###
5	5	364	0	0	0	385.44	519.70	7.49	7.51	100	23
3	5	365	0	0	0	444.239803	519.700516	7.490123	7.506241	-1	###FLOW###
4	5	365	0	0	0	444.239803	519.700516	7.490123	7.506241	-1	###LINE###
5	5	365	0	0	0	444.24	519.70	7.49	7.51	100	51
3	5	366	0	0	0	503.039768	519.700516	7.490123	7.506241	-1	###FLOW###
4	5	366	0	0	0	503.039768	519.700516	7.490123	7.506241	-1	###LINE###
5	5	366	0	0	0	503.04	519.70	7.49	7.51	100	32
3	5	367	0	0	0	561.839734	519.700516	7.490123	7.506241	-1	###FLOW###
4	5	367	0	0	0	561.839734	519.700516	7.490123	7.506241	-1	###LINE###
5	5	367	0	0	0	561.84	519.70	7.49	7.51	100	15
3	5	368	0	0	0	624.359720	519.700516	3.745062	7.506241	-1	###FLOW###
4	5	368	0	0	0	624.359720	519.700516	3.745062	7.506241	-1	###LINE###
5	5	368	0	0	0	624.36	519.70	3.75	7.51	100	9
3	5	369	0	0	0	683.159716	519.700516	3.745062	7.506241	-1	###FLOW###
4	5	369	0	0	0	683.159716	519.700516	3.745062	7.506241	-1	###LINE###
5	5	369	0	0	0	683.16	519.70	3.75	7.51	100	4
3	5	370	0	0	0	741.959651	519.700516	3.745062	7.506241	-1	###FLOW###
4	5	370	0	0	0	741.959651	519.700516	3.745062	7.506241	-1	###LINE###
5	5	370	0	0	0	741.96	519.70	3.75	7.51	100	3
3	5	371	0	0	0	46.319981	532.060512	36.393108	7.506241	-1	###FLOW###
4	5	371	0	0	0	46.319981	532.060512	36.393108	7.506241	-1	###LINE###
5	5	371	0	0	0	46.32	532.06	16.16	7.51	100	Total
5	5	371	0	0	1	64.39	532.06	18.33	7.51	100	Votes
3	5	372	0	0	0	133.439946	532.060512	24.255336	7.506241	-1	###FLOW###
4	5	372	0	0	0	133.439946	532.060512	24.255336	7.506241	-1	###LINE###
5	5	372	0	0	0	133.44	532.06	24.26	7.51	100	283,833
3	5	373	0	0	0	192.239912	532.060512	24.255336	7.506241	-1	###FLOW###
4	5	373	0	0	0	192.239912	532.060512	24.255336	7.506241	-1	###LINE###
5	5	373	0	0	0	192.24	532.06	24.26	7.51	100	144,592
3	5	374	0	0	0	254.759897	532.060512	20.591103	7.506241	-1	###FLOW###
4	5	374	0	0	0	254.759897	532.060512	20.591103	7.506241	-1	###LINE###
5	5	374	0	0	0	254.76	532.06	20.59	7.51	100	11,219
3	5	375	0	0	0	317.279868	532.060512	16.846042	7.506241	-1	###FLOW###
4	5	375	0	0	0	317.279868	532.060512	16.846042	7.506241	-1	###LINE###
5	5	375	0	0	0	317.28	532.06	16.85	7.51	100	7,190
3	5	376	0	0	0	376.079833	532.060512	16.846042	7.506241	-1	###FLOW###
4	5	376	0	0	0	376.079833	532.060512	16.846042	7.506241	-1	###LINE###
5	5	376	0	0	0	376.08	532.06	16.85	7.51	100	5,267
3	5	377	0	0	0	434.879799	532.060512	16.846042	7.506241	-1	###FLOW###
4	5	377	0	0	0	434.879799	532.060512	16.846042	7.506241	-1	###LINE###
5	5	377	0	0	0	434.88	532.06	16.85	7.51	100	4,892
3	5	378	0	0	0	493.679796	532.060512	16.846042	7.506241	-1	###FLOW###
4	5	378	0	0	0	493.679796	532.060512	16.846042	7.506241	-1	###LINE###
5	5	378	0	0	0	493.68	532.06	16.85	7.51	100	3,773
3	5	379	0	0	0	552.479731	532.060512	16.846042	7.506241	-1	###FLOW###
4	5	379	0	0	0	552.479731	532.060512	16.846042	7.506241	-1	###LINE###
5	5	379	0	0	0	552.48	532.06	16.85	7.51	100	3,757
3	5	380	0	0	0	611.279727	532.060512	16.846042	7.506241	-1	###FLOW###
4	5	380	0	0	0	611.279727	532.060512	16.846042	7.506241	-1	###LINE###
5	5	380	0	0	0	611.28	532.06	16.85	7.51	100	2,771
3	5	381	0	0	0	670.079724	532.060512	16.846042	7.506241	-1	###FLOW###
4	5	381	0	0	0	670.079724	532.060512	16.846042	7.506241	-1	###LINE###
5	5	381	0	0	0	670.08	532.06	16.85	7.51	100	1,014
3	5	382	0	0	0	734.519674	532.060512	11.235185	7.506241	-1	###FLOW###
4	5	382	0	0	0	734.519674	532.060512	11.235185	7.506241	-1	###LINE###
5	5	382	0	0	0	734.52	532.06	11.24	7.51	100	864
1	6	0	0	0	0	0.000000	0.000000	792.000000	612.000000	-1	###PAGE###
3	6	0	0	0	0	35.999984	54.115290	161.717484	13.404001	-1	###FLOW###
4	6	0	0	0	0	35.999984	54.115290	161.717484	13.404001	-1	###LINE###
5	6	0	0	0	0	36.00	54.12	89.61	13.40	100	Commonwealth
5	6	0	0	0	1	128.96	54.12	11.34	13.40	100	of
5	6	0	0	0	2	143.60	54.12	54.11	13.40	100	Kentucky
3	6	1	0	0	0	289.919866	54.115290	212.006871	13.404001	-1	###FLOW###
4	6	1	0	0	0	289.919866	54.115290	212.006871	13.404001	-1	###LINE###
5	6	1	0	0	0	289.92	54.12	44.08	13.40	100	Michael
5	6	1	0	0	1	337.41	54.12	12.68	13.40	100	G.
5	6	1	0	0	2	353.49	54.12	43.05	13.40	100	Adams,
5	6	1	0	0	3	399.93	54.12	54.93	13.40	100	Secretary
5	6	1	0	0	4	457.88	54.12	11.34	13.40	100	of
5	6	1	0	0	5	472.53	54.12	29.40	13.40	100	State
3	6	2	0	0	0	584.279730	54.115290	171.664703	13.404001	-1	###FLOW###
4	6	2	0	0	0	584.279730	54.115290	171.664703	13.404001	-1	###LINE###
5	6	2	0	0	0	584.28	54.12	26.75	13.40	100	2026
5	6	2	0	0	1	614.48	54.12	44.77	13.40	100	Primary
5	6	2	0	0	2	662.37	54.12	46.85	13.40	100	Election
5	6	2	0	0	3	712.52	54.12	43.42	13.40	100	Results
3	6	3	0	0	0	333.479840	111.955306	124.875487	27.204012	-1	###FLOW###
4	6	3	0	0	0	333.479840	111.955306	124.875487	13.404001	-1	###LINE###
5	6	3	0	0	0	333.48	111.96	37.38	13.40	100	United
5	6	3	0	0	1	374.12	111.96	36.08	13.40	100	States
5	6	3	0	0	2	413.61	111.96	44.74	13.40	100	Senator
4	6	3	0	1	0	346.679835	125.755316	98.918899	13.404001	-1	###LINE###
5	6	3	0	1	0	346.68	125.76	65.48	13.40	100	Democratic
5	6	3	0	1	1	415.53	125.76	30.07	13.40	100	Party
3	6	3	1	0	0	219.359910	150.700569	22.948606	7.506241	-1	###FLOW###
4	6	3	1	0	0	219.359910	150.700569	22.948606	7.506241	-1	###LINE###
5	6	3	1	0	0	219.36	150.70	22.95	7.51	100	Charles
3	6	4	0	0	0	300.959861	150.700569	13.464709	7.506241	-1	###FLOW###
4	6	4	0	0	0	300.959861	150.700569	13.464709	7.506241	-1	###LINE###
5	6	4	0	0	0	300.96	150.70	13.46	7.51	100	Amy
3	6	5	0	0	0	363.719851	150.700569	22.584877	7.506241	-1	###FLOW###
4	6	5	0	0	0	363.719851	150.700569	22.584877	7.506241	-1	###LINE###
5	6	5	0	0	0	363.72	150.70	22.58	7.51	100	Pamela
3	6	6	0	0	0	425.759798	150.700569	32.526804	7.506241	-1	###FLOW###
4	6	6	0	0	0	425.759798	150.700569	32.526804	7.506241	-1	###LINE###
5	6	6	0	0	0	425.76	150.70	13.58	7.51	100	Dale
5	6	6	0	0	1	441.18	150.70	17.10	7.51	100	Lewis
3	6	7	0	0	0	511.679793	150.700569	18.644480	7.506241	-1	###FLOW###
4	6	7	0	0	0	511.679793	150.700569	18.644480	7.506241	-1	###LINE###
5	6	7	0	0	0	511.68	150.70	18.64	7.51	100	Logan
3	6	8	0	0	0	199.799907	158.604416	42.634234	10.857240	-1	###FLOW###
4	6	8	0	0	0	199.799907	158.604416	42.634234	10.857240	-1	###LINE###
5	6	8	0	0	0	199.80	158.60	42.63	10.86	100	BOOKER
3	6	9	0	0	0	266.879892	158.604416	47.534833	10.857240	-1	###FLOW###
4	6	9	0	0	0	266.879892	158.604416	47.534833	10.857240	-1	###LINE###
5	6	9	0	0	0	266.88	158.60	47.53	10.86	100	McGRATH
3	6	10	0	0	0	326.519839	158.604416	59.830172	10.857240	-1	###FLOW###
4	6	10	0	0	0	326.519839	158.604416	59.830172	10.857240	-1	###LINE###
5	6	10	0	0	0	326.52	158.60	59.83	10.86	100	STEVENSON
3	6	11	0	0	0	415.679816	158.604416	42.673205	10.857240	-1	###FLOW###
4	6	11	0	0	0	415.679816	158.604416	42.673205	10.857240	-1	###LINE###
5	6	11	0	0	0	415.68	158.60	42.67	10.86	100	ROMANS
3	6	12	0	0	0	477.719794	158.604416	52.562088	10.857240	-1	###FLOW###
4	6	12	0	0	0	477.719794	158.604416	52.562088	10.857240	-1	###LINE###
5	6	12	0	0	0	477.72	158.60	52.56	10.86	100	FORSYTHE
3	6	13	0	0	0	553.919750	150.700569	48.503937	7.506241	-1	###FLOW###
4	6	13	0	0	0	553.919750	150.700569	48.503937	7.506241	-1	###LINE###
5	6	13	0	0	0	553.92	150.70	22.19	7.51	100	Vincent
5	6	13	0	0	1	577.87	150.70	24.56	7.51	100	Anthony
3	6	14	0	0	0	652.679733	150.700569	21.648612	7.506241	-1	###FLOW###
4	6	14	0	0	0	652.679733	150.700569	21.648612	7.506241	-1	###LINE###
5	6	14	0	0	0	652.68	150.70	21.65	7.51	100	Joshua
3	6	15	0	0	0	117.719948	174.340595	15.640347	7.506241	-1	###FLOW###
4	6	15	0	0	0	117.719948	174.340595	15.640347	7.506241	-1	###LINE###
5	6	15	0	0	0	117.72	174.34	15.64	7.51	100	Adair
3	6	16	0	0	0	231.119901	174.340595	11.235185	7.506241	-1	###FLOW###
4	6	16	0	0	0	231.119901	174.340595	11.235185	7.506241	-1	###LINE###
5	6	16	0	0	0	231.12	174.34	11.24	7.51	100	183
3	6	17	0	0	0	303.119860	174.340595	11.235185	7.506241	-1	###FLOW###
4	6	17	0	0	0	303.119860	174.340595	11.235185	7.506241	-1	###LINE###
5	6	17	0	0	0	303.12	174.34	11.24	7.51	100	266
3	6	18	0	0	0	378.839840	174.340595	7.490123	7.506241	-1	###FLOW###
4	6	18	0	0	0	378.839840	174.340595	7.490123	7.506241	-1	###LINE###
5	6	18	0	0	0	378.84	174.34	7.49	7.51	100	37
3	6	19	0	0	0	450.839800	174.340595	7.490123	7.506241	-1	###FLOW###
4	6	19	0	0	0	450.839800	174.340595	7.490123	7.506241	-1	###LINE###
5	6	19	0	0	0	450.84	174.34	7.49	7.51	100	22
3	6	20	0	0	0	522.839760	174.340595	7.490123	7.506241	-1	###FLOW###
4	6	20	0	0	0	522.839760	174.340595	7.490123	7.506241	-1	###LINE###
5	6	20	0	0	0	522.84	174.34	7.49	7.51	100	18
3	6	21	0	0	0	594.839750	174.340595	7.490123	7.506241	-1	###FLOW###
4	6	21	0	0	0	594.839750	174.340595	7.490123	7.506241	-1	###LINE###
5	6	21	0	0	0	594.84	174.34	7.49	7.51	100	11
3	6	22	0	0	0	666.839679	174.340595	7.490123	7.506241	-1	###FLOW###
4	6	22	0	0	0	666.839679	174.340595	7.490123	7.506241	-1	###LINE###
5	6	22	0	0	0	666.84	174.34	7.49	7.51	100	15
3	6	23	0	0	0	117.719948	186.700590	14.569368	7.506241	-1	###FLOW###
4	6	23	0	0	0	117.719948	186.700590	14.569368	7.506241	-1	###LINE###
5	6	23	0	0	0	117.72	186.70	14.57	7.51	100	Allen
3	6	24	0	0	0	231.119901	186.700590	11.235185	7.506241	-1	###FLOW###
4	6	24	0	0	0	231.119901	186.700590	11.235185	7.506241	-1	###LINE###
5	6	24	0	0	0	231.12	186.70	11.24	7.51	100	194
3	6	25	0	0	0	303.119860	186.700590	11.235185	7.506241	-1	###FLOW###
4	6	25	0	0	0	303.119860	186.700590	11.235185	7.506241	-1	###LINE###
5	6	25	0	0	0	303.12	186.70	11.24	7.51	100	272
3	6	26	0	0	0	378.839840	186.700590	7.490123	7.506241	-1	###FLOW###
4	6	26	0	0	0	378.839840	186.700590	7.490123	7.506241	-1	###LINE###
5	6	26	0	0	0	378.84	186.70	7.49	7.51	100	20
3	6	27	0	0	0	454.559789	186.700590	3.745062	7.506241	-1	###FLOW###
4	6	27	0	0	0	454.559789	186.700590	3.745062	7.506241	-1	###LINE###
5	6	27	0	0	0	454.56	186.70	3.75	7.51	100	9
3	6	28	0	0	0	522.839760	186.700590	7.490123	7.506241	-1	###FLOW###
4	6	28	0	0	0	522.839760	186.700590	7.490123	7.506241	-1	###LINE###
5	6	28	0	0	0	522.84	186.70	7.49	7.51	100	19
3	6	29	0	0	0	594.839750	186.700590	7.490123	7.506241	-1	###FLOW###
4	6	29	0	0	0	594.839750	186.700590	7.490123	7.506241	-1	###LINE###
5	6	29	0	0	0	594.84	186.70	7.49	7.51	100	41
3	6	30	0	0	0	666.839679	186.700590	7.490123	7.506241	-1	###FLOW###
4	6	30	0	0	0	666.839679	186.700590	7.490123	7.506241	-1	###LINE###
5	6	30	0	0	0	666.84	186.70	7.49	7.51	100	18
3	6	31	0	0	0	117.719948	198.940591	28.748063	7.506241	-1	###FLOW###
4	6	31	0	0	0	117.719948	198.940591	28.748063	7.506241	-1	###LINE###
5	6	31	0	0	0	117.72	198.94	28.75	7.51	100	Anderson
3	6	32	0	0	0	231.119901	198.940591	11.235185	7.506241	-1	###FLOW###
4	6	32	0	0	0	231.119901	198.940591	11.235185	7.506241	-1	###LINE###
5	6	32	0	0	0	231.12	198.94	11.24	7.51	100	764
3	6	33	0	0	0	303.119860	198.940591	11.235185	7.506241	-1	###FLOW###
4	6	33	0	0	0	303.119860	198.940591	11.235185	7.506241	-1	###LINE###
5	6	33	0	0	0	303.12	198.94	11.24	7.51	100	796
3	6	34	0	0	0	375.119820	198.940591	11.235185	7.506241	-1	###FLOW###
4	6	34	0	0	0	375.119820	198.940591	11.235185	7.506241	-1	###LINE###
5	6	34	0	0	0	375.12	198.94	11.24	7.51	100	259
3	6	35	0	0	0	447.119811	198.940591	11.235185	7.506241	-1	###FLOW###
4	6	35	0	0	0	447.119811	198.940591	11.235185	7.506241	-1	###LINE###
5	6	35	0	0	0	447.12	198.94	11.24	7.51	100	123
3	6	36	0	0	0	522.839760	198.940591	7.490123	7.506241	-1	###FLOW###
4	6	36	0	0	0	522.839760	198.940591	7.490123	7.506241	-1	###LINE###
5	6	36	0	0	0	522.84	198.94	7.49	7.51	100	92
3	6	37	0	0	0	594.839750	198.940591	7.490123	7.506241	-1	###FLOW###
4	6	37	0	0	0	594.839750	198.940591	7.490123	7.506241	-1	###LINE###
5	6	37	0	0	0	594.84	198.94	7.49	7.51	100	48
3	6	38	0	0	0	666.839679	198.940591	7.490123	7.506241	-1	###FLOW###
4	6	38	0	0	0	666.839679	198.940591	7.490123	7.506241	-1	###LINE###
5	6	38	0	0	0	666.84	198.94	7.49	7.51	100	53
3	6	39	0	0	0	117.719948	211.300586	20.530482	7.506241	-1	###FLOW###
4	6	39	0	0	0	117.719948	211.300586	20.530482	7.506241	-1	###LINE###
5	6	39	0	0	0	117.72	211.30	20.53	7.51	100	Ballard
3	6	40	0	0	0	231.119901	211.300586	11.235185	7.506241	-1	###FLOW###
4	6	40	0	0	0	231.119901	211.300586	11.235185	7.506241	-1	###LINE###
5	6	40	0	0	0	231.12	211.30	11.24	7.51	100	208
3	6	41	0	0	0	303.119860	211.300586	11.235185	7.506241	-1	###FLOW###
4	6	41	0	0	0	303.119860	211.300586	11.235185	7.506241	-1	###LINE###
5	6	41	0	0	0	303.12	211.30	11.24	7.51	100	300
3	6	42	0	0	0	378.839840	211.300586	7.490123	7.506241	-1	###FLOW###
4	6	42	0	0	0	378.839840	211.300586	7.490123	7.506241	-1	###LINE###
5	6	42	0	0	0	378.84	211.30	7.49	7.51	100	65
3	6	43	0	0	0	450.839800	211.300586	7.490123	7.506241	-1	###FLOW###
4	6	43	0	0	0	450.839800	211.300586	7.490123	7.506241	-1	###LINE###
5	6	43	0	0	0	450.84	211.30	7.49	7.51	100	27
3	6	44	0	0	0	522.839760	211.300586	7.490123	7.506241	-1	###FLOW###
4	6	44	0	0	0	522.839760	211.300586	7.490123	7.506241	-1	###LINE###
5	6	44	0	0	0	522.84	211.30	7.49	7.51	100	32
3	6	45	0	0	0	594.839750	211.300586	7.490123	7.506241	-1	###FLOW###
4	6	45	0	0	0	594.839750	211.300586	7.490123	7.506241	-1	###LINE###
5	6	45	0	0	0	594.84	211.30	7.49	7.51	100	32
3	6	46	0	0	0	666.839679	211.300586	7.490123	7.506241	-1	###FLOW###
4	6	46	0	0	0	666.839679	211.300586	7.490123	7.506241	-1	###LINE###
5	6	46	0	0	0	666.84	211.30	7.49	7.51	100	43
3	6	47	0	0	0	117.719948	223.540586	20.207167	7.506241	-1	###FLOW###
4	6	47	0	0	0	117.719948	223.540586	20.207167	7.506241	-1	###LINE###
5	6	47	0	0	0	117.72	223.54	20.21	7.51	100	Barren
3	6	48	0	0	0	231.119901	223.540586	11.235185	7.506241	-1	###FLOW###
4	6	48	0	0	0	231.119901	223.540586	11.235185	7.506241	-1	###LINE###
5	6	48	0	0	0	231.12	223.54	11.24	7.51	100	868
3	6	49	0	0	0	297.479876	223.540586	16.846042	7.506241	-1	###FLOW###
4	6	49	0	0	0	297.479876	223.540586	16.846042	7.506241	-1	###LINE###
5	6	49	0	0	0	297.48	223.54	16.85	7.51	100	1,041
3	6	50	0	0	0	375.119820	223.540586	11.235185	7.506241	-1	###FLOW###
4	6	50	0	0	0	375.119820	223.540586	11.235185	7.506241	-1	###LINE###
5	6	50	0	0	0	375.12	223.54	11.24	7.51	100	110
3	6	51	0	0	0	450.839800	223.540586	7.490123	7.506241	-1	###FLOW###
4	6	51	0	0	0	450.839800	223.540586	7.490123	7.506241	-1	###LINE###
5	6	51	0	0	0	450.84	223.54	7.49	7.51	100	54
3	6	52	0	0	0	522.839760	223.540586	7.490123	7.506241	-1	###FLOW###
4	6	52	0	0	0	522.839760	223.540586	7.490123	7.506241	-1	###LINE###
5	6	52	0	0	0	522.84	223.54	7.49	7.51	100	89
3	6	53	0	0	0	594.839750	223.540586	7.490123	7.506241	-1	###FLOW###
4	6	53	0	0	0	594.839750	223.540586	7.490123	7.506241	-1	###LINE###
5	6	53	0	0	0	594.84	223.54	7.49	7.51	100	46
3	6	54	0	0	0	666.839679	223.540586	7.490123	7.506241	-1	###FLOW###
4	6	54	0	0	0	666.839679	223.540586	7.490123	7.506241	-1	###LINE###
5	6	54	0	0	0	666.84	223.54	7.49	7.51	100	47
3	6	55	0	0	0	117.719948	235.900582	13.767817	7.506241	-1	###FLOW###
4	6	55	0	0	0	117.719948	235.900582	13.767817	7.506241	-1	###LINE###
5	6	55	0	0	0	117.72	235.90	13.77	7.51	100	Bath
3	6	56	0	0	0	231.119901	235.900582	11.235185	7.506241	-1	###FLOW###
4	6	56	0	0	0	231.119901	235.900582	11.235185	7.506241	-1	###LINE###
5	6	56	0	0	0	231.12	235.90	11.24	7.51	100	437
3	6	57	0	0	0	303.119860	235.900582	11.235185	7.506241	-1	###FLOW###
4	6	57	0	0	0	303.119860	235.900582	11.235185	7.506241	-1	###LINE###
5	6	57	0	0	0	303.12	235.90	11.24	7.51	100	704
3	6	58	0	0	0	375.119820	235.900582	11.235185	7.506241	-1	###FLOW###
4	6	58	0	0	0	375.119820	235.900582	11.235185	7.506241	-1	###LINE###
5	6	58	0	0	0	375.12	235.90	11.24	7.51	100	103
3	6	59	0	0	0	450.839800	235.900582	7.490123	7.506241	-1	###FLOW###
4	6	59	0	0	0	450.839800	235.900582	7.490123	7.506241	-1	###LINE###
5	6	59	0	0	0	450.84	235.90	7.49	7.51	100	84
3	6	60	0	0	0	522.839760	235.900582	7.490123	7.506241	-1	###FLOW###
4	6	60	0	0	0	522.839760	235.900582	7.490123	7.506241	-1	###LINE###
5	6	60	0	0	0	522.84	235.90	7.49	7.51	100	68
3	6	61	0	0	0	594.839750	235.900582	7.490123	7.506241	-1	###FLOW###
4	6	61	0	0	0	594.839750	235.900582	7.490123	7.506241	-1	###LINE###
5	6	61	0	0	0	594.84	235.90	7.49	7.51	100	86
3	6	62	0	0	0	666.839679	235.900582	7.490123	7.506241	-1	###FLOW###
4	6	62	0	0	0	666.839679	235.900582	7.490123	7.506241	-1	###LINE###
5	6	62	0	0	0	666.84	235.90	7.49	7.51	100	47
3	6	63	0	0	0	117.719948	248.140582	10.972492	7.506241	-1	###FLOW###
4	6	63	0	0	0	117.719948	248.140582	10.972492	7.506241	-1	###LINE###
5	6	63	0	0	0	117.72	248.14	10.97	7.51	100	Bell
3	6	64	0	0	0	231.119901	248.140582	11.235185	7.506241	-1	###FLOW###
4	6	64	0	0	0	231.119901	248.140582	11.235185	7.506241	-1	###LINE###
5	6	64	0	0	0	231.12	248.14	11.24	7.51	100	227
3	6	65	0	0	0	303.119860	248.140582	11.235185	7.506241	-1	###FLOW###
4	6	65	0	0	0	303.119860	248.140582	11.235185	7.506241	-1	###LINE###
5	6	65	0	0	0	303.12	248.14	11.24	7.51	100	338
3	6	66	0	0	0	378.839840	248.140582	7.490123	7.506241	-1	###FLOW###
4	6	66	0	0	0	378.839840	248.140582	7.490123	7.506241	-1	###LINE###
5	6	66	0	0	0	378.84	248.14	7.49	7.51	100	30
3	6	67	0	0	0	450.839800	248.140582	7.490123	7.506241	-1	###FLOW###
4	6	67	0	0	0	450.839800	248.140582	7.490123	7.506241	-1	###LINE###
5	6	67	0	0	0	450.84	248.14	7.49	7.51	100	13
3	6	68	0	0	0	522.839760	248.140582	7.490123	7.506241	-1	###FLOW###
4	6	68	0	0	0	522.839760	248.140582	7.490123	7.506241	-1	###LINE###
5	6	68	0	0	0	522.84	248.14	7.49	7.51	100	43
3	6	69	0	0	0	594.839750	248.140582	7.490123	7.506241	-1	###FLOW###
4	6	69	0	0	0	594.839750	248.140582	7.490123	7.506241	-1	###LINE###
5	6	69	0	0	0	594.84	248.14	7.49	7.51	100	60
3	6	70	0	0	0	666.839679	248.140582	7.490123	7.506241	-1	###FLOW###
4	6	70	0	0	0	666.839679	248.140582	7.490123	7.506241	-1	###LINE###
5	6	70	0	0	0	666.84	248.14	7.49	7.51	100	38
3	6	71	0	0	0	117.719948	260.500577	19.392145	7.506241	-1	###FLOW###
4	6	71	0	0	0	117.719948	260.500577	19.392145	7.506241	-1	###LINE###
5	6	71	0	0	0	117.72	260.50	19.39	7.51	100	Boone
3	6	72	0	0	0	225.479901	260.500577	16.846042	7.506241	-1	###FLOW###
4	6	72	0	0	0	225.479901	260.500577	16.846042	7.506241	-1	###LINE###
5	6	72	0	0	0	225.48	260.50	16.85	7.51	100	2,109
3	6	73	0	0	0	297.479876	260.500577	16.846042	7.506241	-1	###FLOW###
4	6	73	0	0	0	297.479876	260.500577	16.846042	7.506241	-1	###LINE###
5	6	73	0	0	0	297.48	260.50	16.85	7.51	100	2,620
3	6	74	0	0	0	375.119820	260.500577	11.235185	7.506241	-1	###FLOW###
4	6	74	0	0	0	375.119820	260.500577	11.235185	7.506241	-1	###LINE###
5	6	74	0	0	0	375.12	260.50	11.24	7.51	100	308
3	6	75	0	0	0	447.119811	260.500577	11.235185	7.506241	-1	###FLOW###
4	6	75	0	0	0	447.119811	260.500577	11.235185	7.506241	-1	###LINE###
5	6	75	0	0	0	447.12	260.50	11.24	7.51	100	108
3	6	76	0	0	0	519.119770	260.500577	11.235185	7.506241	-1	###FLOW###
4	6	76	0	0	0	519.119770	260.500577	11.235185	7.506241	-1	###LINE###
5	6	76	0	0	0	519.12	260.50	11.24	7.51	100	152
3	6	77	0	0	0	594.839750	260.500577	7.490123	7.506241	-1	###FLOW###
4	6	77	0	0	0	594.839750	260.500577	7.490123	7.506241	-1	###LINE###
5	6	77	0	0	0	594.84	260.50	7.49	7.51	100	81
3	6	78	0	0	0	666.839679	260.500577	7.490123	7.506241	-1	###FLOW###
4	6	78	0	0	0	666.839679	260.500577	7.490123	7.506241	-1	###LINE###
5	6	78	0	0	0	666.84	260.50	7.49	7.51	100	63
3	6	79	0	0	0	117.719948	272.740577	25.380202	7.506241	-1	###FLOW###
4	6	79	0	0	0	117.719948	272.740577	25.380202	7.506241	-1	###LINE###
5	6	79	0	0	0	117.72	272.74	25.38	7.51	100	Bourbon
3	6	80	0	0	0	231.119901	272.740577	11.235185	7.506241	-1	###FLOW###
4	6	80	0	0	0	231.119901	272.740577	11.235185	7.506241	-1	###LINE###
5	6	80	0	0	0	231.12	272.74	11.24	7.51	100	584
3	6	81	0	0	0	303.119860	272.740577	11.235185	7.506241	-1	###FLOW###
4	6	81	0	0	0	303.119860	272.740577	11.235185	7.506241	-1	###LINE###
5	6	81	0	0	0	303.12	272.74	11.24	7.51	100	755
3	6	82	0	0	0	375.119820	272.740577	11.235185	7.506241	-1	###FLOW###
4	6	82	0	0	0	375.119820	272.740577	11.235185	7.506241	-1	###LINE###
5	6	82	0	0	0	375.12	272.74	11.24	7.51	100	174
3	6	83	0	0	0	447.119811	272.740577	11.235185	7.506241	-1	###FLOW###
4	6	83	0	0	0	447.119811	272.740577	11.235185	7.506241	-1	###LINE###
5	6	83	0	0	0	447.12	272.74	11.24	7.51	100	132
3	6	84	0	0	0	522.839760	272.740577	7.490123	7.506241	-1	###FLOW###
4	6	84	0	0	0	522.839760	272.740577	7.490123	7.506241	-1	###LINE###
5	6	84	0	0	0	522.84	272.74	7.49	7.51	100	77
3	6	85	0	0	0	594.839750	272.740577	7.490123	7.506241	-1	###FLOW###
4	6	85	0	0	0	594.839750	272.740577	7.490123	7.506241	-1	###LINE###
5	6	85	0	0	0	594.84	272.74	7.49	7.51	100	33
3	6	86	0	0	0	666.839679	272.740577	7.490123	7.506241	-1	###FLOW###
4	6	86	0	0	0	666.839679	272.740577	7.490123	7.506241	-1	###LINE###
5	6	86	0	0	0	666.84	272.74	7.49	7.51	100	24
3	6	87	0	0	0	117.719948	285.100573	15.141904	7.506241	-1	###FLOW###
4	6	87	0	0	0	117.719948	285.100573	15.141904	7.506241	-1	###LINE###
5	6	87	0	0	0	117.72	285.10	15.14	7.51	100	Boyd
3	6	88	0	0	0	231.119901	285.100573	11.235185	7.506241	-1	###FLOW###
4	6	88	0	0	0	231.119901	285.100573	11.235185	7.506241	-1	###LINE###
5	6	88	0	0	0	231.12	285.10	11.24	7.51	100	903
3	6	89	0	0	0	297.479876	285.100573	16.846042	7.506241	-1	###FLOW###
4	6	89	0	0	0	297.479876	285.100573	16.846042	7.506241	-1	###LINE###
5	6	89	0	0	0	297.48	285.10	16.85	7.51	100	1,149
3	6	90	0	0	0	378.839840	285.100573	7.490123	7.506241	-1	###FLOW###
4	6	90	0	0	0	378.839840	285.100573	7.490123	7.506241	-1	###LINE###
5	6	90	0	0	0	378.84	285.10	7.49	7.51	100	80
3	6	91	0	0	0	450.839800	285.100573	7.490123	7.506241	-1	###FLOW###
4	6	91	0	0	0	450.839800	285.100573	7.490123	7.506241	-1	###LINE###
5	6	91	0	0	0	450.84	285.10	7.49	7.51	100	43
3	6	92	0	0	0	522.839760	285.100573	7.490123	7.506241	-1	###FLOW###
4	6	92	0	0	0	522.839760	285.100573	7.490123	7.506241	-1	###LINE###
5	6	92	0	0	0	522.84	285.10	7.49	7.51	100	90
3	6	93	0	0	0	591.119762	285.100573	11.235185	7.506241	-1	###FLOW###
4	6	93	0	0	0	591.119762	285.100573	11.235185	7.506241	-1	###LINE###
5	6	93	0	0	0	591.12	285.10	11.24	7.51	100	124
3	6	94	0	0	0	663.119691	285.100573	11.235185	7.506241	-1	###FLOW###
4	6	94	0	0	0	663.119691	285.100573	11.235185	7.506241	-1	###LINE###
5	6	94	0	0	0	663.12	285.10	11.24	7.51	100	204
3	6	95	0	0	0	117.719948	297.340572	16.462106	7.506241	-1	###FLOW###
4	6	95	0	0	0	117.719948	297.340572	16.462106	7.506241	-1	###LINE###
5	6	95	0	0	0	117.72	297.34	16.46	7.51	100	Boyle
3	6	96	0	0	0	225.479901	297.340572	16.846042	7.506241	-1	###FLOW###
4	6	96	0	0	0	225.479901	297.340572	16.846042	7.506241	-1	###LINE###
5	6	96	0	0	0	225.48	297.34	16.85	7.51	100	1,049
3	6	97	0	0	0	303.119860	297.340572	11.235185	7.506241	-1	###FLOW###
4	6	97	0	0	0	303.119860	297.340572	11.235185	7.506241	-1	###LINE###
5	6	97	0	0	0	303.12	297.34	11.24	7.51	100	706
3	6	98	0	0	0	375.119820	297.340572	11.235185	7.506241	-1	###FLOW###
4	6	98	0	0	0	375.119820	297.340572	11.235185	7.506241	-1	###LINE###
5	6	98	0	0	0	375.12	297.34	11.24	7.51	100	121
3	6	99	0	0	0	447.119811	297.340572	11.235185	7.506241	-1	###FLOW###
4	6	99	0	0	0	447.119811	297.340572	11.235185	7.506241	-1	###LINE###
5	6	99	0	0	0	447.12	297.34	11.24	7.51	100	101
3	6	100	0	0	0	522.839760	297.340572	7.490123	7.506241	-1	###FLOW###
4	6	100	0	0	0	522.839760	297.340572	7.490123	7.506241	-1	###LINE###
5	6	100	0	0	0	522.84	297.34	7.49	7.51	100	71
3	6	101	0	0	0	594.839750	297.340572	7.490123	7.506241	-1	###FLOW###
4	6	101	0	0	0	594.839750	297.340572	7.490123	7.506241	-1	###LINE###
5	6	101	0	0	0	594.84	297.34	7.49	7.51	100	26
3	6	102	0	0	0	666.839679	297.340572	7.490123	7.506241	-1	###FLOW###
4	6	102	0	0	0	666.839679	297.340572	7.490123	7.506241	-1	###LINE###
5	6	102	0	0	0	666.84	297.34	7.49	7.51	100	63
3	6	103	0	0	0	117.719948	309.700568	24.619065	7.506241	-1	###FLOW###
4	6	103	0	0	0	117.719948	309.700568	24.619065	7.506241	-1	###LINE###
5	6	103	0	0	0	117.72	309.70	24.62	7.51	100	Bracken
3	6	104	0	0	0	231.119901	309.700568	11.235185	7.506241	-1	###FLOW###
4	6	104	0	0	0	231.119901	309.700568	11.235185	7.506241	-1	###LINE###
5	6	104	0	0	0	231.12	309.70	11.24	7.51	100	167
3	6	105	0	0	0	303.119860	309.700568	11.235185	7.506241	-1	###FLOW###
4	6	105	0	0	0	303.119860	309.700568	11.235185	7.506241	-1	###LINE###
5	6	105	0	0	0	303.12	309.70	11.24	7.51	100	321
3	6	106	0	0	0	378.839840	309.700568	7.490123	7.506241	-1	###FLOW###
4	6	106	0	0	0	378.839840	309.700568	7.490123	7.506241	-1	###LINE###
5	6	106	0	0	0	378.84	309.70	7.49	7.51	100	38
3	6	107	0	0	0	450.839800	309.700568	7.490123	7.506241	-1	###FLOW###
4	6	107	0	0	0	450.839800	309.700568	7.490123	7.506241	-1	###LINE###
5	6	107	0	0	0	450.84	309.70	7.49	7.51	100	22
3	6	108	0	0	0	522.839760	309.700568	7.490123	7.506241	-1	###FLOW###
4	6	108	0	0	0	522.839760	309.700568	7.490123	7.506241	-1	###LINE###
5	6	108	0	0	0	522.84	309.70	7.49	7.51	100	22
3	6	109	0	0	0	594.839750	309.700568	7.490123	7.506241	-1	###FLOW###
4	6	109	0	0	0	594.839750	309.700568	7.490123	7.506241	-1	###LINE###
5	6	109	0	0	0	594.84	309.70	7.49	7.51	100	42
3	6	110	0	0	0	666.839679	309.700568	7.490123	7.506241	-1	###FLOW###
4	6	110	0	0	0	666.839679	309.700568	7.490123	7.506241	-1	###LINE###
5	6	110	0	0	0	666.84	309.70	7.49	7.51	100	22
3	6	111	0	0	0	117.719948	321.940568	25.144452	7.506241	-1	###FLOW###
4	6	111	0	0	0	117.719948	321.940568	25.144452	7.506241	-1	###LINE###
5	6	111	0	0	0	117.72	321.94	25.14	7.51	100	Breathitt
3	6	112	0	0	0	231.119901	321.940568	11.235185	7.506241	-1	###FLOW###
4	6	112	0	0	0	231.119901	321.940568	11.235185	7.506241	-1	###LINE###
5	6	112	0	0	0	231.12	321.94	11.24	7.51	100	699
3	6	113	0	0	0	297.479876	321.940568	16.846042	7.506241	-1	###FLOW###
4	6	113	0	0	0	297.479876	321.940568	16.846042	7.506241	-1	###LINE###
5	6	113	0	0	0	297.48	321.94	16.85	7.51	100	1,098
3	6	114	0	0	0	375.119820	321.940568	11.235185	7.506241	-1	###FLOW###
4	6	114	0	0	0	375.119820	321.940568	11.235185	7.506241	-1	###LINE###
5	6	114	0	0	0	375.12	321.94	11.24	7.51	100	227
3	6	115	0	0	0	450.839800	321.940568	7.490123	7.506241	-1	###FLOW###
4	6	115	0	0	0	450.839800	321.940568	7.490123	7.506241	-1	###LINE###
5	6	115	0	0	0	450.84	321.94	7.49	7.51	100	90
3	6	116	0	0	0	519.119770	321.940568	11.235185	7.506241	-1	###FLOW###
4	6	116	0	0	0	519.119770	321.940568	11.235185	7.506241	-1	###LINE###
5	6	116	0	0	0	519.12	321.94	11.24	7.51	100	119
3	6	117	0	0	0	591.119762	321.940568	11.235185	7.506241	-1	###FLOW###
4	6	117	0	0	0	591.119762	321.940568	11.235185	7.506241	-1	###LINE###
5	6	117	0	0	0	591.12	321.94	11.24	7.51	100	271
3	6	118	0	0	0	663.119691	321.940568	11.235185	7.506241	-1	###FLOW###
4	6	118	0	0	0	663.119691	321.940568	11.235185	7.506241	-1	###LINE###
5	6	118	0	0	0	663.12	321.94	11.24	7.51	100	221
3	6	119	0	0	0	117.719948	334.300594	37.511238	7.506241	-1	###FLOW###
4	6	119	0	0	0	117.719948	334.300594	37.511238	7.506241	-1	###LINE###
5	6	119	0	0	0	117.72	334.30	37.51	7.51	100	Breckinridge
3	6	120	0	0	0	231.119901	334.300594	11.235185	7.506241	-1	###FLOW###
4	6	120	0	0	0	231.119901	334.300594	11.235185	7.506241	-1	###LINE###
5	6	120	0	0	0	231.12	334.30	11.24	7.51	100	296
3	6	121	0	0	0	303.119860	334.300594	11.235185	7.506241	-1	###FLOW###
4	6	121	0	0	0	303.119860	334.300594	11.235185	7.506241	-1	###LINE###
5	6	121	0	0	0	303.12	334.30	11.24	7.51	100	519
3	6	122	0	0	0	378.839840	334.300594	7.490123	7.506241	-1	###FLOW###
4	6	122	0	0	0	378.839840	334.300594	7.490123	7.506241	-1	###LINE###
5	6	122	0	0	0	378.84	334.30	7.49	7.51	100	55
3	6	123	0	0	0	450.839800	334.300594	7.490123	7.506241	-1	###FLOW###
4	6	123	0	0	0	450.839800	334.300594	7.490123	7.506241	-1	###LINE###
5	6	123	0	0	0	450.84	334.30	7.49	7.51	100	64
3	6	124	0	0	0	522.839760	334.300594	7.490123	7.506241	-1	###FLOW###
4	6	124	0	0	0	522.839760	334.300594	7.490123	7.506241	-1	###LINE###
5	6	124	0	0	0	522.84	334.30	7.49	7.51	100	42
3	6	125	0	0	0	594.839750	334.300594	7.490123	7.506241	-1	###FLOW###
4	6	125	0	0	0	594.839750	334.300594	7.490123	7.506241	-1	###LINE###
5	6	125	0	0	0	594.84	334.30	7.49	7.51	100	21
3	6	126	0	0	0	666.839679	334.300594	7.490123	7.506241	-1	###FLOW###
4	6	126	0	0	0	666.839679	334.300594	7.490123	7.506241	-1	###LINE###
5	6	126	0	0	0	666.84	334.30	7.49	7.51	100	24
3	6	127	0	0	0	117.719948	346.540594	16.145527	7.506241	-1	###FLOW###
4	6	127	0	0	0	117.719948	346.540594	16.145527	7.506241	-1	###LINE###
5	6	127	0	0	0	117.72	346.54	16.15	7.51	100	Bullitt
3	6	128	0	0	0	225.479901	346.540594	16.846042	7.506241	-1	###FLOW###
4	6	128	0	0	0	225.479901	346.540594	16.846042	7.506241	-1	###LINE###
5	6	128	0	0	0	225.48	346.54	16.85	7.51	100	1,402
3	6	129	0	0	0	297.479876	346.540594	16.846042	7.506241	-1	###FLOW###
4	6	129	0	0	0	297.479876	346.540594	16.846042	7.506241	-1	###LINE###
5	6	129	0	0	0	297.48	346.54	16.85	7.51	100	1,779
3	6	130	0	0	0	375.119820	346.540594	11.235185	7.506241	-1	###FLOW###
4	6	130	0	0	0	375.119820	346.540594	11.235185	7.506241	-1	###LINE###
5	6	130	0	0	0	375.12	346.54	11.24	7.51	100	177
3	6	131	0	0	0	447.119811	346.540594	11.235185	7.506241	-1	###FLOW###
4	6	131	0	0	0	447.119811	346.540594	11.235185	7.506241	-1	###LINE###
5	6	131	0	0	0	447.12	346.54	11.24	7.51	100	303
3	6	132	0	0	0	519.119770	346.540594	11.235185	7.506241	-1	###FLOW###
4	6	132	0	0	0	519.119770	346.540594	11.235185	7.506241	-1	###LINE###
5	6	132	0	0	0	519.12	346.54	11.24	7.51	100	146
3	6	133	0	0	0	591.119762	346.540594	11.235185	7.506241	-1	###FLOW###
4	6	133	0	0	0	591.119762	346.540594	11.235185	7.506241	-1	###LINE###
5	6	133	0	0	0	591.12	346.54	11.24	7.51	100	123
3	6	134	0	0	0	666.839679	346.540594	7.490123	7.506241	-1	###FLOW###
4	6	134	0	0	0	666.839679	346.540594	7.490123	7.506241	-1	###LINE###
5	6	134	0	0	0	666.84	346.54	7.49	7.51	100	81
3	6	135	0	0	0	117.719948	358.900575	17.384900	7.506241	-1	###FLOW###
4	6	135	0	0	0	117.719948	358.900575	17.384900	7.506241	-1	###LINE###
5	6	135	0	0	0	117.72	358.90	17.38	7.51	100	Butler
3	6	136	0	0	0	234.839904	358.900575	7.490123	7.506241	-1	###FLOW###
4	6	136	0	0	0	234.839904	358.900575	7.490123	7.506241	-1	###LINE###
5	6	136	0	0	0	234.84	358.90	7.49	7.51	100	95
3	6	137	0	0	0	303.119860	358.900575	11.235185	7.506241	-1	###FLOW###
4	6	137	0	0	0	303.119860	358.900575	11.235185	7.506241	-1	###LINE###
5	6	137	0	0	0	303.12	358.90	11.24	7.51	100	136
3	6	138	0	0	0	378.839840	358.900575	7.490123	7.506241	-1	###FLOW###
4	6	138	0	0	0	378.839840	358.900575	7.490123	7.506241	-1	###LINE###
5	6	138	0	0	0	378.84	358.90	7.49	7.51	100	16
3	6	139	0	0	0	454.559789	358.900575	3.745062	7.506241	-1	###FLOW###
4	6	139	0	0	0	454.559789	358.900575	3.745062	7.506241	-1	###LINE###
5	6	139	0	0	0	454.56	358.90	3.75	7.51	100	6
3	6	140	0	0	0	522.839760	358.900575	7.490123	7.506241	-1	###FLOW###
4	6	140	0	0	0	522.839760	358.900575	7.490123	7.506241	-1	###LINE###
5	6	140	0	0	0	522.84	358.90	7.49	7.51	100	18
3	6	141	0	0	0	594.839750	358.900575	7.490123	7.506241	-1	###FLOW###
4	6	141	0	0	0	594.839750	358.900575	7.490123	7.506241	-1	###LINE###
5	6	141	0	0	0	594.84	358.90	7.49	7.51	100	13
3	6	142	0	0	0	670.559669	358.900575	3.745062	7.506241	-1	###FLOW###
4	6	142	0	0	0	670.559669	358.900575	3.745062	7.506241	-1	###LINE###
5	6	142	0	0	0	670.56	358.90	3.75	7.51	100	5
3	6	143	0	0	0	117.719948	371.140574	24.773987	7.506241	-1	###FLOW###
4	6	143	0	0	0	117.719948	371.140574	24.773987	7.506241	-1	###LINE###
5	6	143	0	0	0	117.72	371.14	24.77	7.51	100	Caldwell
3	6	144	0	0	0	231.119901	371.140574	11.235185	7.506241	-1	###FLOW###
4	6	144	0	0	0	231.119901	371.140574	11.235185	7.506241	-1	###LINE###
5	6	144	0	0	0	231.12	371.14	11.24	7.51	100	251
3	6	145	0	0	0	303.119860	371.140574	11.235185	7.506241	-1	###FLOW###
4	6	145	0	0	0	303.119860	371.140574	11.235185	7.506241	-1	###LINE###
5	6	145	0	0	0	303.12	371.14	11.24	7.51	100	305
3	6	146	0	0	0	378.839840	371.140574	7.490123	7.506241	-1	###FLOW###
4	6	146	0	0	0	378.839840	371.140574	7.490123	7.506241	-1	###LINE###
5	6	146	0	0	0	378.84	371.14	7.49	7.51	100	45
3	6	147	0	0	0	450.839800	371.140574	7.490123	7.506241	-1	###FLOW###
4	6	147	0	0	0	450.839800	371.140574	7.490123	7.506241	-1	###LINE###
5	6	147	0	0	0	450.84	371.14	7.49	7.51	100	17
3	6	148	0	0	0	522.839760	371.140574	7.490123	7.506241	-1	###FLOW###
4	6	148	0	0	0	522.839760	371.140574	7.490123	7.506241	-1	###LINE###
5	6	148	0	0	0	522.84	371.14	7.49	7.51	100	97
3	6	149	0	0	0	594.839750	371.140574	7.490123	7.506241	-1	###FLOW###
4	6	149	0	0	0	594.839750	371.140574	7.490123	7.506241	-1	###LINE###
5	6	149	0	0	0	594.84	371.14	7.49	7.51	100	22
3	6	150	0	0	0	666.839679	371.140574	7.490123	7.506241	-1	###FLOW###
4	6	150	0	0	0	666.839679	371.140574	7.490123	7.506241	-1	###LINE###
5	6	150	0	0	0	666.84	371.14	7.49	7.51	100	31
3	6	151	0	0	0	546.359771	158.604416	127.874768	10.857240	-1	###FLOW###
4	6	151	0	0	0	546.359771	158.604416	127.874768	10.857240	-1	###LINE###
5	6	151	0	0	0	546.36	158.60	56.00	10.86	100	THOMPSON
5	6	151	0	0	1	608.52	158.60	46.88	10.86	100	BLANTON
5	6	151	0	0	2	658.01	158.60	16.22	10.86	100	SR.
3	6	152	0	0	0	117.719948	383.500570	26.666725	7.506241	-1	###FLOW###
4	6	152	0	0	0	117.719948	383.500570	26.666725	7.506241	-1	###LINE###
5	6	152	0	0	0	117.72	383.50	26.67	7.51	100	Calloway
3	6	153	0	0	0	231.119901	383.500570	11.235185	7.506241	-1	###FLOW###
4	6	153	0	0	0	231.119901	383.500570	11.235185	7.506241	-1	###LINE###
5	6	153	0	0	0	231.12	383.50	11.24	7.51	100	692
3	6	154	0	0	0	303.119860	383.500570	11.235185	7.506241	-1	###FLOW###
4	6	154	0	0	0	303.119860	383.500570	11.235185	7.506241	-1	###LINE###
5	6	154	0	0	0	303.12	383.50	11.24	7.51	100	867
3	6	155	0	0	0	375.119820	383.500570	11.235185	7.506241	-1	###FLOW###
4	6	155	0	0	0	375.119820	383.500570	11.235185	7.506241	-1	###LINE###
5	6	155	0	0	0	375.12	383.50	11.24	7.51	100	110
3	6	156	0	0	0	450.839800	383.500570	7.490123	7.506241	-1	###FLOW###
4	6	156	0	0	0	450.839800	383.500570	7.490123	7.506241	-1	###LINE###
5	6	156	0	0	0	450.84	383.50	7.49	7.51	100	37
3	6	157	0	0	0	522.839760	383.500570	7.490123	7.506241	-1	###FLOW###
4	6	157	0	0	0	522.839760	383.500570	7.490123	7.506241	-1	###LINE###
5	6	157	0	0	0	522.84	383.50	7.49	7.51	100	85
3	6	158	0	0	0	594.839750	383.500570	7.490123	7.506241	-1	###FLOW###
4	6	158	0	0	0	594.839750	383.500570	7.490123	7.506241	-1	###LINE###
5	6	158	0	0	0	594.84	383.50	7.49	7.51	100	35
3	6	159	0	0	0	666.839679	383.500570	7.490123	7.506241	-1	###FLOW###
4	6	159	0	0	0	666.839679	383.500570	7.490123	7.506241	-1	###LINE###
5	6	159	0	0	0	666.84	383.50	7.49	7.51	100	63
3	6	160	0	0	0	117.719948	395.740570	28.135113	7.506241	-1	###FLOW###
4	6	160	0	0	0	117.719948	395.740570	28.135113	7.506241	-1	###LINE###
5	6	160	0	0	0	117.72	395.74	28.14	7.51	100	Campbell
3	6	161	0	0	0	225.479901	395.740570	16.846042	7.506241	-1	###FLOW###
4	6	161	0	0	0	225.479901	395.740570	16.846042	7.506241	-1	###LINE###
5	6	161	0	0	0	225.48	395.74	16.85	7.51	100	2,649
3	6	162	0	0	0	297.479876	395.740570	16.846042	7.506241	-1	###FLOW###
4	6	162	0	0	0	297.479876	395.740570	16.846042	7.506241	-1	###LINE###
5	6	162	0	0	0	297.48	395.74	16.85	7.51	100	3,018
3	6	163	0	0	0	375.119820	395.740570	11.235185	7.506241	-1	###FLOW###
4	6	163	0	0	0	375.119820	395.740570	11.235185	7.506241	-1	###LINE###
5	6	163	0	0	0	375.12	395.74	11.24	7.51	100	259
3	6	164	0	0	0	450.839800	395.740570	7.490123	7.506241	-1	###FLOW###
4	6	164	0	0	0	450.839800	395.740570	7.490123	7.506241	-1	###LINE###
5	6	164	0	0	0	450.84	395.74	7.49	7.51	100	85
3	6	165	0	0	0	519.119770	395.740570	11.235185	7.506241	-1	###FLOW###
4	6	165	0	0	0	519.119770	395.740570	11.235185	7.506241	-1	###LINE###
5	6	165	0	0	0	519.12	395.74	11.24	7.51	100	157
3	6	166	0	0	0	594.839750	395.740570	7.490123	7.506241	-1	###FLOW###
4	6	166	0	0	0	594.839750	395.740570	7.490123	7.506241	-1	###LINE###
5	6	166	0	0	0	594.84	395.74	7.49	7.51	100	77
3	6	167	0	0	0	666.839679	395.740570	7.490123	7.506241	-1	###FLOW###
4	6	167	0	0	0	666.839679	395.740570	7.490123	7.506241	-1	###LINE###
5	6	167	0	0	0	666.84	395.74	7.49	7.51	100	75
3	6	168	0	0	0	117.719948	408.100566	22.099905	7.506241	-1	###FLOW###
4	6	168	0	0	0	117.719948	408.100566	22.099905	7.506241	-1	###LINE###
5	6	168	0	0	0	117.72	408.10	22.10	7.51	100	Carlisle
3	6	169	0	0	0	234.839904	408.100566	7.490123	7.506241	-1	###FLOW###
4	6	169	0	0	0	234.839904	408.100566	7.490123	7.506241	-1	###LINE###
5	6	169	0	0	0	234.84	408.10	7.49	7.51	100	83
3	6	170	0	0	0	303.119860	408.100566	11.235185	7.506241	-1	###FLOW###
4	6	170	0	0	0	303.119860	408.100566	11.235185	7.506241	-1	###LINE###
5	6	170	0	0	0	303.12	408.10	11.24	7.51	100	163
3	6	171	0	0	0	378.839840	408.100566	7.490123	7.506241	-1	###FLOW###
4	6	171	0	0	0	378.839840	408.100566	7.490123	7.506241	-1	###LINE###
5	6	171	0	0	0	378.84	408.10	7.49	7.51	100	21
3	6	172	0	0	0	454.559789	408.100566	3.745062	7.506241	-1	###FLOW###
4	6	172	0	0	0	454.559789	408.100566	3.745062	7.506241	-1	###LINE###
5	6	172	0	0	0	454.56	408.10	3.75	7.51	100	6
3	6	173	0	0	0	522.839760	408.100566	7.490123	7.506241	-1	###FLOW###
4	6	173	0	0	0	522.839760	408.100566	7.490123	7.506241	-1	###LINE###
5	6	173	0	0	0	522.84	408.10	7.49	7.51	100	26
3	6	174	0	0	0	594.839750	408.100566	7.490123	7.506241	-1	###FLOW###
4	6	174	0	0	0	594.839750	408.100566	7.490123	7.506241	-1	###LINE###
5	6	174	0	0	0	594.84	408.10	7.49	7.51	100	22
3	6	175	0	0	0	666.839679	408.100566	7.490123	7.506241	-1	###FLOW###
4	6	175	0	0	0	666.839679	408.100566	7.490123	7.506241	-1	###LINE###
5	6	175	0	0	0	666.84	408.10	7.49	7.51	100	22
3	6	176	0	0	0	117.719948	420.340565	19.614424	7.506241	-1	###FLOW###
4	6	176	0	0	0	117.719948	420.340565	19.614424	7.506241	-1	###LINE###
5	6	176	0	0	0	117.72	420.34	19.61	7.51	100	Carroll
3	6	177	0	0	0	231.119901	420.340565	11.235185	7.506241	-1	###FLOW###
4	6	177	0	0	0	231.119901	420.340565	11.235185	7.506241	-1	###LINE###
5	6	177	0	0	0	231.12	420.34	11.24	7.51	100	231
3	6	178	0	0	0	303.119860	420.340565	11.235185	7.506241	-1	###FLOW###
4	6	178	0	0	0	303.119860	420.340565	11.235185	7.506241	-1	###LINE###
5	6	178	0	0	0	303.12	420.34	11.24	7.51	100	287
3	6	179	0	0	0	378.839840	420.340565	7.490123	7.506241	-1	###FLOW###
4	6	179	0	0	0	378.839840	420.340565	7.490123	7.506241	-1	###LINE###
5	6	179	0	0	0	378.84	420.34	7.49	7.51	100	36
3	6	180	0	0	0	450.839800	420.340565	7.490123	7.506241	-1	###FLOW###
4	6	180	0	0	0	450.839800	420.340565	7.490123	7.506241	-1	###LINE###
5	6	180	0	0	0	450.84	420.34	7.49	7.51	100	54
3	6	181	0	0	0	522.839760	420.340565	7.490123	7.506241	-1	###FLOW###
4	6	181	0	0	0	522.839760	420.340565	7.490123	7.506241	-1	###LINE###
5	6	181	0	0	0	522.84	420.34	7.49	7.51	100	24
3	6	182	0	0	0	594.839750	420.340565	7.490123	7.506241	-1	###FLOW###
4	6	182	0	0	0	594.839750	420.340565	7.490123	7.506241	-1	###LINE###
5	6	182	0	0	0	594.84	420.34	7.49	7.51	100	17
3	6	183	0	0	0	666.839679	420.340565	7.490123	7.506241	-1	###FLOW###
4	6	183	0	0	0	666.839679	420.340565	7.490123	7.506241	-1	###LINE###
5	6	183	0	0	0	666.84	420.34	7.49	7.51	100	15
3	6	184	0	0	0	117.719948	432.700561	18.705101	7.506241	-1	###FLOW###
4	6	184	0	0	0	117.719948	432.700561	18.705101	7.506241	-1	###LINE###
5	6	184	0	0	0	117.72	432.70	18.71	7.51	100	Carter
3	6	185	0	0	0	231.119901	432.700561	11.235185	7.506241	-1	###FLOW###
4	6	185	0	0	0	231.119901	432.700561	11.235185	7.506241	-1	###LINE###
5	6	185	0	0	0	231.12	432.70	11.24	7.51	100	347
3	6	186	0	0	0	303.119860	432.700561	11.235185	7.506241	-1	###FLOW###
4	6	186	0	0	0	303.119860	432.700561	11.235185	7.506241	-1	###LINE###
5	6	186	0	0	0	303.12	432.70	11.24	7.51	100	447
3	6	187	0	0	0	378.839840	432.700561	7.490123	7.506241	-1	###FLOW###
4	6	187	0	0	0	378.839840	432.700561	7.490123	7.506241	-1	###LINE###
5	6	187	0	0	0	378.84	432.70	7.49	7.51	100	52
3	6	188	0	0	0	450.839800	432.700561	7.490123	7.506241	-1	###FLOW###
4	6	188	0	0	0	450.839800	432.700561	7.490123	7.506241	-1	###LINE###
5	6	188	0	0	0	450.84	432.70	7.49	7.51	100	31
3	6	189	0	0	0	522.839760	432.700561	7.490123	7.506241	-1	###FLOW###
4	6	189	0	0	0	522.839760	432.700561	7.490123	7.506241	-1	###LINE###
5	6	189	0	0	0	522.84	432.70	7.49	7.51	100	40
3	6	190	0	0	0	594.839750	432.700561	7.490123	7.506241	-1	###FLOW###
4	6	190	0	0	0	594.839750	432.700561	7.490123	7.506241	-1	###LINE###
5	6	190	0	0	0	594.84	432.70	7.49	7.51	100	59
3	6	191	0	0	0	666.839679	432.700561	7.490123	7.506241	-1	###FLOW###
4	6	191	0	0	0	666.839679	432.700561	7.490123	7.506241	-1	###LINE###
5	6	191	0	0	0	666.84	432.70	7.49	7.51	100	30
3	6	192	0	0	0	117.719948	444.940561	19.021680	7.506241	-1	###FLOW###
4	6	192	0	0	0	117.719948	444.940561	19.021680	7.506241	-1	###LINE###
5	6	192	0	0	0	117.72	444.94	19.02	7.51	100	Casey
3	6	193	0	0	0	231.119901	444.940561	11.235185	7.506241	-1	###FLOW###
4	6	193	0	0	0	231.119901	444.940561	11.235185	7.506241	-1	###LINE###
5	6	193	0	0	0	231.12	444.94	11.24	7.51	100	111
3	6	194	0	0	0	303.119860	444.940561	11.235185	7.506241	-1	###FLOW###
4	6	194	0	0	0	303.119860	444.940561	11.235185	7.506241	-1	###LINE###
5	6	194	0	0	0	303.12	444.94	11.24	7.51	100	104
3	6	195	0	0	0	378.839840	444.940561	7.490123	7.506241	-1	###FLOW###
4	6	195	0	0	0	378.839840	444.940561	7.490123	7.506241	-1	###LINE###
5	6	195	0	0	0	378.84	444.94	7.49	7.51	100	17
3	6	196	0	0	0	454.559789	444.940561	3.745062	7.506241	-1	###FLOW###
4	6	196	0	0	0	454.559789	444.940561	3.745062	7.506241	-1	###LINE###
5	6	196	0	0	0	454.56	444.94	3.75	7.51	100	5
3	6	197	0	0	0	522.839760	444.940561	7.490123	7.506241	-1	###FLOW###
4	6	197	0	0	0	522.839760	444.940561	7.490123	7.506241	-1	###LINE###
5	6	197	0	0	0	522.84	444.94	7.49	7.51	100	28
3	6	198	0	0	0	598.559739	444.940561	3.745062	7.506241	-1	###FLOW###
4	6	198	0	0	0	598.559739	444.940561	3.745062	7.506241	-1	###LINE###
5	6	198	0	0	0	598.56	444.94	3.75	7.51	100	4
3	6	199	0	0	0	670.559669	444.940561	3.745062	7.506241	-1	###FLOW###
4	6	199	0	0	0	670.559669	444.940561	3.745062	7.506241	-1	###LINE###
5	6	199	0	0	0	670.56	444.94	3.75	7.51	100	7
3	6	200	0	0	0	117.719948	457.300588	26.686932	7.506241	-1	###FLOW###
4	6	200	0	0	0	117.719948	457.300588	26.686932	7.506241	-1	###LINE###
5	6	200	0	0	0	117.72	457.30	26.69	7.51	100	Christian
3	6	201	0	0	0	225.479901	457.300588	16.846042	7.506241	-1	###FLOW###
4	6	201	0	0	0	225.479901	457.300588	16.846042	7.506241	-1	###LINE###
5	6	201	0	0	0	225.48	457.30	16.85	7.51	100	1,287
3	6	202	0	0	0	303.119860	457.300588	11.235185	7.506241	-1	###FLOW###
4	6	202	0	0	0	303.119860	457.300588	11.235185	7.506241	-1	###LINE###
5	6	202	0	0	0	303.12	457.30	11.24	7.51	100	882
3	6	203	0	0	0	375.119820	457.300588	11.235185	7.506241	-1	###FLOW###
4	6	203	0	0	0	375.119820	457.300588	11.235185	7.506241	-1	###LINE###
5	6	203	0	0	0	375.12	457.30	11.24	7.51	100	281
3	6	204	0	0	0	450.839800	457.300588	7.490123	7.506241	-1	###FLOW###
4	6	204	0	0	0	450.839800	457.300588	7.490123	7.506241	-1	###LINE###
5	6	204	0	0	0	450.84	457.30	7.49	7.51	100	41
3	6	205	0	0	0	522.839760	457.300588	7.490123	7.506241	-1	###FLOW###
4	6	205	0	0	0	522.839760	457.300588	7.490123	7.506241	-1	###LINE###
5	6	205	0	0	0	522.84	457.30	7.49	7.51	100	91
3	6	206	0	0	0	591.119762	457.300588	11.235185	7.506241	-1	###FLOW###
4	6	206	0	0	0	591.119762	457.300588	11.235185	7.506241	-1	###LINE###
5	6	206	0	0	0	591.12	457.30	11.24	7.51	100	101
3	6	207	0	0	0	663.119691	457.300588	11.235185	7.506241	-1	###FLOW###
4	6	207	0	0	0	663.119691	457.300588	11.235185	7.506241	-1	###LINE###
5	6	207	0	0	0	663.12	457.30	11.24	7.51	100	192
3	6	208	0	0	0	117.719948	469.540587	15.471954	7.506241	-1	###FLOW###
4	6	208	0	0	0	117.719948	469.540587	15.471954	7.506241	-1	###LINE###
5	6	208	0	0	0	117.72	469.54	15.47	7.51	100	Clark
3	6	209	0	0	0	225.479901	469.540587	16.846042	7.506241	-1	###FLOW###
4	6	209	0	0	0	225.479901	469.540587	16.846042	7.506241	-1	###LINE###
5	6	209	0	0	0	225.48	469.54	16.85	7.51	100	1,283
3	6	210	0	0	0	297.479876	469.540587	16.846042	7.506241	-1	###FLOW###
4	6	210	0	0	0	297.479876	469.540587	16.846042	7.506241	-1	###LINE###
5	6	210	0	0	0	297.48	469.54	16.85	7.51	100	1,089
3	6	211	0	0	0	375.119820	469.540587	11.235185	7.506241	-1	###FLOW###
4	6	211	0	0	0	375.119820	469.540587	11.235185	7.506241	-1	###LINE###
5	6	211	0	0	0	375.12	469.54	11.24	7.51	100	315
3	6	212	0	0	0	447.119811	469.540587	11.235185	7.506241	-1	###FLOW###
4	6	212	0	0	0	447.119811	469.540587	11.235185	7.506241	-1	###LINE###
5	6	212	0	0	0	447.12	469.54	11.24	7.51	100	163
3	6	213	0	0	0	522.839760	469.540587	7.490123	7.506241	-1	###FLOW###
4	6	213	0	0	0	522.839760	469.540587	7.490123	7.506241	-1	###LINE###
5	6	213	0	0	0	522.84	469.54	7.49	7.51	100	67
3	6	214	0	0	0	594.839750	469.540587	7.490123	7.506241	-1	###FLOW###
4	6	214	0	0	0	594.839750	469.540587	7.490123	7.506241	-1	###LINE###
5	6	214	0	0	0	594.84	469.54	7.49	7.51	100	48
3	6	215	0	0	0	666.839679	469.540587	7.490123	7.506241	-1	###FLOW###
4	6	215	0	0	0	666.839679	469.540587	7.490123	7.506241	-1	###LINE###
5	6	215	0	0	0	666.84	469.54	7.49	7.51	100	63
3	6	216	0	0	0	117.719948	481.900582	13.228959	7.506241	-1	###FLOW###
4	6	216	0	0	0	117.719948	481.900582	13.228959	7.506241	-1	###LINE###
5	6	216	0	0	0	117.72	481.90	13.23	7.51	100	Clay
3	6	217	0	0	0	234.839904	481.900582	7.490123	7.506241	-1	###FLOW###
4	6	217	0	0	0	234.839904	481.900582	7.490123	7.506241	-1	###LINE###
5	6	217	0	0	0	234.84	481.90	7.49	7.51	100	78
3	6	218	0	0	0	306.839849	481.900582	7.490123	7.506241	-1	###FLOW###
4	6	218	0	0	0	306.839849	481.900582	7.490123	7.506241	-1	###LINE###
5	6	218	0	0	0	306.84	481.90	7.49	7.51	100	75
3	6	219	0	0	0	382.559828	481.900582	3.745062	7.506241	-1	###FLOW###
4	6	219	0	0	0	382.559828	481.900582	3.745062	7.506241	-1	###LINE###
5	6	219	0	0	0	382.56	481.90	3.75	7.51	100	4
3	6	220	0	0	0	454.559789	481.900582	3.745062	7.506241	-1	###FLOW###
4	6	220	0	0	0	454.559789	481.900582	3.745062	7.506241	-1	###LINE###
5	6	220	0	0	0	454.56	481.90	3.75	7.51	100	4
3	6	221	0	0	0	526.559749	481.900582	3.745062	7.506241	-1	###FLOW###
4	6	221	0	0	0	526.559749	481.900582	3.745062	7.506241	-1	###LINE###
5	6	221	0	0	0	526.56	481.90	3.75	7.51	100	8
3	6	222	0	0	0	594.839750	481.900582	7.490123	7.506241	-1	###FLOW###
4	6	222	0	0	0	594.839750	481.900582	7.490123	7.506241	-1	###LINE###
5	6	222	0	0	0	594.84	481.90	7.49	7.51	100	10
3	6	223	0	0	0	670.559669	481.900582	3.745062	7.506241	-1	###FLOW###
4	6	223	0	0	0	670.559669	481.900582	3.745062	7.506241	-1	###LINE###
5	6	223	0	0	0	670.56	481.90	3.75	7.51	100	2
3	6	224	0	0	0	117.719948	494.140583	20.779704	7.506241	-1	###FLOW###
4	6	224	0	0	0	117.719948	494.140583	20.779704	7.506241	-1	###LINE###
5	6	224	0	0	0	117.72	494.14	20.78	7.51	100	Clinton
3	6	225	0	0	0	234.839904	494.140583	7.490123	7.506241	-1	###FLOW###
4	6	225	0	0	0	234.839904	494.140583	7.490123	7.506241	-1	###LINE###
5	6	225	0	0	0	234.84	494.14	7.49	7.51	100	38
3	6	226	0	0	0	306.839849	494.140583	7.490123	7.506241	-1	###FLOW###
4	6	226	0	0	0	306.839849	494.140583	7.490123	7.506241	-1	###LINE###
5	6	226	0	0	0	306.84	494.14	7.49	7.51	100	55
3	6	227	0	0	0	382.559828	494.140583	3.745062	7.506241	-1	###FLOW###
4	6	227	0	0	0	382.559828	494.140583	3.745062	7.506241	-1	###LINE###
5	6	227	0	0	0	382.56	494.14	3.75	7.51	100	9
3	6	228	0	0	0	454.559789	494.140583	3.745062	7.506241	-1	###FLOW###
4	6	228	0	0	0	454.559789	494.140583	3.745062	7.506241	-1	###LINE###
5	6	228	0	0	0	454.56	494.14	3.75	7.51	100	2
3	6	229	0	0	0	526.559749	494.140583	3.745062	7.506241	-1	###FLOW###
4	6	229	0	0	0	526.559749	494.140583	3.745062	7.506241	-1	###LINE###
5	6	229	0	0	0	526.56	494.14	3.75	7.51	100	3
3	6	230	0	0	0	598.559739	494.140583	3.745062	7.506241	-1	###FLOW###
4	6	230	0	0	0	598.559739	494.140583	3.745062	7.506241	-1	###LINE###
5	6	230	0	0	0	598.56	494.14	3.75	7.51	100	4
3	6	231	0	0	0	670.559669	494.140583	3.745062	7.506241	-1	###FLOW###
4	6	231	0	0	0	670.559669	494.140583	3.745062	7.506241	-1	###LINE###
5	6	231	0	0	0	670.56	494.14	3.75	7.51	100	6
3	6	232	0	0	0	117.719948	506.500578	31.125773	7.506241	-1	###FLOW###
4	6	232	0	0	0	117.719948	506.500578	31.125773	7.506241	-1	###LINE###
5	6	232	0	0	0	117.72	506.50	31.13	7.51	100	Crittenden
3	6	233	0	0	0	234.839904	506.500578	7.490123	7.506241	-1	###FLOW###
4	6	233	0	0	0	234.839904	506.500578	7.490123	7.506241	-1	###LINE###
5	6	233	0	0	0	234.84	506.50	7.49	7.51	100	79
3	6	234	0	0	0	303.119860	506.500578	11.235185	7.506241	-1	###FLOW###
4	6	234	0	0	0	303.119860	506.500578	11.235185	7.506241	-1	###LINE###
5	6	234	0	0	0	303.12	506.50	11.24	7.51	100	151
3	6	235	0	0	0	378.839840	506.500578	7.490123	7.506241	-1	###FLOW###
4	6	235	0	0	0	378.839840	506.500578	7.490123	7.506241	-1	###LINE###
5	6	235	0	0	0	378.84	506.50	7.49	7.51	100	27
3	6	236	0	0	0	454.559789	506.500578	3.745062	7.506241	-1	###FLOW###
4	6	236	0	0	0	454.559789	506.500578	3.745062	7.506241	-1	###LINE###
5	6	236	0	0	0	454.56	506.50	3.75	7.51	100	3
3	6	237	0	0	0	522.839760	506.500578	7.490123	7.506241	-1	###FLOW###
4	6	237	0	0	0	522.839760	506.500578	7.490123	7.506241	-1	###LINE###
5	6	237	0	0	0	522.84	506.50	7.49	7.51	100	21
3	6	238	0	0	0	598.559739	506.500578	3.745062	7.506241	-1	###FLOW###
4	6	238	0	0	0	598.559739	506.500578	3.745062	7.506241	-1	###LINE###
5	6	238	0	0	0	598.56	506.50	3.75	7.51	100	6
3	6	239	0	0	0	666.839679	506.500578	7.490123	7.506241	-1	###FLOW###
4	6	239	0	0	0	666.839679	506.500578	7.490123	7.506241	-1	###LINE###
5	6	239	0	0	0	666.84	506.50	7.49	7.51	100	21
3	6	240	0	0	0	117.719948	518.740548	36.433523	7.506241	-1	###FLOW###
4	6	240	0	0	0	117.719948	518.740548	36.433523	7.506241	-1	###LINE###
5	6	240	0	0	0	117.72	518.74	36.43	7.51	100	Cumberland
3	6	241	0	0	0	234.839904	518.740548	7.490123	7.506241	-1	###FLOW###
4	6	241	0	0	0	234.839904	518.740548	7.490123	7.506241	-1	###LINE###
5	6	241	0	0	0	234.84	518.74	7.49	7.51	100	25
3	6	242	0	0	0	306.839849	518.740548	7.490123	7.506241	-1	###FLOW###
4	6	242	0	0	0	306.839849	518.740548	7.490123	7.506241	-1	###LINE###
5	6	242	0	0	0	306.84	518.74	7.49	7.51	100	48
3	6	243	0	0	0	382.559828	518.740548	3.745062	7.506241	-1	###FLOW###
4	6	243	0	0	0	382.559828	518.740548	3.745062	7.506241	-1	###LINE###
5	6	243	0	0	0	382.56	518.74	3.75	7.51	100	7
3	6	244	0	0	0	454.559789	518.740548	3.745062	7.506241	-1	###FLOW###
4	6	244	0	0	0	454.559789	518.740548	3.745062	7.506241	-1	###LINE###
5	6	244	0	0	0	454.56	518.74	3.75	7.51	100	0
3	6	245	0	0	0	526.559749	518.740548	3.745062	7.506241	-1	###FLOW###
4	6	245	0	0	0	526.559749	518.740548	3.745062	7.506241	-1	###LINE###
5	6	245	0	0	0	526.56	518.74	3.75	7.51	100	6
3	6	246	0	0	0	598.559739	518.740548	3.745062	7.506241	-1	###FLOW###
4	6	246	0	0	0	598.559739	518.740548	3.745062	7.506241	-1	###LINE###
5	6	246	0	0	0	598.56	518.74	3.75	7.51	100	0
3	6	247	0	0	0	670.559669	518.740548	3.745062	7.506241	-1	###FLOW###
4	6	247	0	0	0	670.559669	518.740548	3.745062	7.506241	-1	###LINE###
5	6	247	0	0	0	670.56	518.74	3.75	7.51	100	3
3	6	248	0	0	0	117.719948	531.100543	24.039793	7.506241	-1	###FLOW###
4	6	248	0	0	0	117.719948	531.100543	24.039793	7.506241	-1	###LINE###
5	6	248	0	0	0	117.72	531.10	24.04	7.51	100	Daviess
3	6	249	0	0	0	225.479901	531.100543	16.846042	7.506241	-1	###FLOW###
4	6	249	0	0	0	225.479901	531.100543	16.846042	7.506241	-1	###LINE###
5	6	249	0	0	0	225.48	531.10	16.85	7.51	100	2,596
3	6	250	0	0	0	297.479876	531.100543	16.846042	7.506241	-1	###FLOW###
4	6	250	0	0	0	297.479876	531.100543	16.846042	7.506241	-1	###LINE###
5	6	250	0	0	0	297.48	531.10	16.85	7.51	100	3,176
3	6	251	0	0	0	375.119820	531.100543	11.235185	7.506241	-1	###FLOW###
4	6	251	0	0	0	375.119820	531.100543	11.235185	7.506241	-1	###LINE###
5	6	251	0	0	0	375.12	531.10	11.24	7.51	100	321
3	6	252	0	0	0	447.119811	531.100543	11.235185	7.506241	-1	###FLOW###
4	6	252	0	0	0	447.119811	531.100543	11.235185	7.506241	-1	###LINE###
5	6	252	0	0	0	447.12	531.10	11.24	7.51	100	112
3	6	253	0	0	0	519.119770	531.100543	11.235185	7.506241	-1	###FLOW###
4	6	253	0	0	0	519.119770	531.100543	11.235185	7.506241	-1	###LINE###
5	6	253	0	0	0	519.12	531.10	11.24	7.51	100	231
3	6	254	0	0	0	591.119762	531.100543	11.235185	7.506241	-1	###FLOW###
4	6	254	0	0	0	591.119762	531.100543	11.235185	7.506241	-1	###LINE###
5	6	254	0	0	0	591.12	531.10	11.24	7.51	100	157
3	6	255	0	0	0	663.119691	531.100543	11.235185	7.506241	-1	###FLOW###
4	6	255	0	0	0	663.119691	531.100543	11.235185	7.506241	-1	###LINE###
5	6	255	0	0	0	663.12	531.10	11.24	7.51	100	108
3	6	256	0	0	0	117.719948	543.460539	32.115925	7.506241	-1	###FLOW###
4	6	256	0	0	0	117.719948	543.460539	32.115925	7.506241	-1	###LINE###
5	6	256	0	0	0	117.72	543.46	32.12	7.51	100	Edmonson
3	6	257	0	0	0	231.119901	543.460539	11.235185	7.506241	-1	###FLOW###
4	6	257	0	0	0	231.119901	543.460539	11.235185	7.506241	-1	###LINE###
5	6	257	0	0	0	231.12	543.46	11.24	7.51	100	119
3	6	258	0	0	0	303.119860	543.460539	11.235185	7.506241	-1	###FLOW###
4	6	258	0	0	0	303.119860	543.460539	11.235185	7.506241	-1	###LINE###
5	6	258	0	0	0	303.12	543.46	11.24	7.51	100	157
3	6	259	0	0	0	378.839840	543.460539	7.490123	7.506241	-1	###FLOW###
4	6	259	0	0	0	378.839840	543.460539	7.490123	7.506241	-1	###LINE###
5	6	259	0	0	0	378.84	543.46	7.49	7.51	100	11
3	6	260	0	0	0	454.559789	543.460539	3.745062	7.506241	-1	###FLOW###
4	6	260	0	0	0	454.559789	543.460539	3.745062	7.506241	-1	###LINE###
5	6	260	0	0	0	454.56	543.46	3.75	7.51	100	9
3	6	261	0	0	0	522.839760	543.460539	7.490123	7.506241	-1	###FLOW###
4	6	261	0	0	0	522.839760	543.460539	7.490123	7.506241	-1	###LINE###
5	6	261	0	0	0	522.84	543.46	7.49	7.51	100	11
3	6	262	0	0	0	598.559739	543.460539	3.745062	7.506241	-1	###FLOW###
4	6	262	0	0	0	598.559739	543.460539	3.745062	7.506241	-1	###LINE###
5	6	262	0	0	0	598.56	543.46	3.75	7.51	100	7
3	6	263	0	0	0	670.559669	543.460539	3.745062	7.506241	-1	###FLOW###
4	6	263	0	0	0	670.559669	543.460539	3.745062	7.506241	-1	###LINE###
5	6	263	0	0	0	670.56	543.46	3.75	7.51	100	7
1	7	0	0	0	0	0.000000	0.000000	792.000000	612.000000	-1	###PAGE###
3	7	0	0	0	0	35.999984	54.115290	161.717484	13.404001	-1	###FLOW###
4	7	0	0	0	0	35.999984	54.115290	161.717484	13.404001	-1	###LINE###
5	7	0	0	0	0	36.00	54.12	89.61	13.40	100	Commonwealth
5	7	0	0	0	1	128.96	54.12	11.34	13.40	100	of
5	7	0	0	0	2	143.60	54.12	54.11	13.40	100	Kentucky
3	7	1	0	0	0	117.719948	113.740577	16.145527	7.506241	-1	###FLOW###
4	7	1	0	0	0	117.719948	113.740577	16.145527	7.506241	-1	###LINE###
5	7	1	0	0	0	117.72	113.74	16.15	7.51	100	Elliott
3	7	2	0	0	0	289.919866	54.115290	212.006871	13.404001	-1	###FLOW###
4	7	2	0	0	0	289.919866	54.115290	212.006871	13.404001	-1	###LINE###
5	7	2	0	0	0	289.92	54.12	44.08	13.40	100	Michael
5	7	2	0	0	1	337.41	54.12	12.68	13.40	100	G.
5	7	2	0	0	2	353.49	54.12	43.05	13.40	100	Adams,
5	7	2	0	0	3	399.93	54.12	54.93	13.40	100	Secretary
5	7	2	0	0	4	457.88	54.12	11.34	13.40	100	of
5	7	2	0	0	5	472.53	54.12	29.40	13.40	100	State
3	7	3	0	0	0	584.279730	54.115290	171.664703	13.404001	-1	###FLOW###
4	7	3	0	0	0	584.279730	54.115290	171.664703	13.404001	-1	###LINE###
5	7	3	0	0	0	584.28	54.12	26.75	13.40	100	2026
5	7	3	0	0	1	614.48	54.12	44.77	13.40	100	Primary
5	7	3	0	0	2	662.37	54.12	46.85	13.40	100	Election
5	7	3	0	0	3	712.52	54.12	43.42	13.40	100	Results
3	7	4	0	0	0	219.359910	90.100612	22.948606	7.506241	-1	###FLOW###
4	7	4	0	0	0	219.359910	90.100612	22.948606	7.506241	-1	###LINE###
5	7	4	0	0	0	219.36	90.10	22.95	7.51	100	Charles
3	7	5	0	0	0	300.959861	90.100612	13.464709	7.506241	-1	###FLOW###
4	7	5	0	0	0	300.959861	90.100612	13.464709	7.506241	-1	###LINE###
5	7	5	0	0	0	300.96	90.10	13.46	7.51	100	Amy
3	7	6	0	0	0	363.719851	90.100612	22.584877	7.506241	-1	###FLOW###
4	7	6	0	0	0	363.719851	90.100612	22.584877	7.506241	-1	###LINE###
5	7	6	0	0	0	363.72	90.10	22.58	7.51	100	Pamela
3	7	7	0	0	0	425.759798	90.100612	32.526804	7.506241	-1	###FLOW###
4	7	7	0	0	0	425.759798	90.100612	32.526804	7.506241	-1	###LINE###
5	7	7	0	0	0	425.76	90.10	13.58	7.51	100	Dale
5	7	7	0	0	1	441.18	90.10	17.10	7.51	100	Lewis
3	7	8	0	0	0	511.679793	90.100612	18.644480	7.506241	-1	###FLOW###
4	7	8	0	0	0	511.679793	90.100612	18.644480	7.506241	-1	###LINE###
5	7	8	0	0	0	511.68	90.10	18.64	7.51	100	Logan
3	7	9	0	0	0	199.799907	98.004428	42.634234	10.857240	-1	###FLOW###
4	7	9	0	0	0	199.799907	98.004428	42.634234	10.857240	-1	###LINE###
5	7	9	0	0	0	199.80	98.00	42.63	10.86	100	BOOKER
3	7	10	0	0	0	266.879892	98.004428	47.534833	10.857240	-1	###FLOW###
4	7	10	0	0	0	266.879892	98.004428	47.534833	10.857240	-1	###LINE###
5	7	10	0	0	0	266.88	98.00	47.53	10.86	100	McGRATH
3	7	11	0	0	0	326.519839	98.004428	59.830172	10.857240	-1	###FLOW###
4	7	11	0	0	0	326.519839	98.004428	59.830172	10.857240	-1	###LINE###
5	7	11	0	0	0	326.52	98.00	59.83	10.86	100	STEVENSON
3	7	12	0	0	0	415.679816	98.004428	42.673205	10.857240	-1	###FLOW###
4	7	12	0	0	0	415.679816	98.004428	42.673205	10.857240	-1	###LINE###
5	7	12	0	0	0	415.68	98.00	42.67	10.86	100	ROMANS
3	7	13	0	0	0	477.719794	98.004428	52.562088	10.857240	-1	###FLOW###
4	7	13	0	0	0	477.719794	98.004428	52.562088	10.857240	-1	###LINE###
5	7	13	0	0	0	477.72	98.00	52.56	10.86	100	FORSYTHE
3	7	14	0	0	0	234.839904	113.740577	7.490123	7.506241	-1	###FLOW###
4	7	14	0	0	0	234.839904	113.740577	7.490123	7.506241	-1	###LINE###
5	7	14	0	0	0	234.84	113.74	7.49	7.51	100	94
3	7	15	0	0	0	303.119860	113.740577	11.235185	7.506241	-1	###FLOW###
4	7	15	0	0	0	303.119860	113.740577	11.235185	7.506241	-1	###LINE###
5	7	15	0	0	0	303.12	113.74	11.24	7.51	100	164
3	7	16	0	0	0	378.839840	113.740577	7.490123	7.506241	-1	###FLOW###
4	7	16	0	0	0	378.839840	113.740577	7.490123	7.506241	-1	###LINE###
5	7	16	0	0	0	378.84	113.74	7.49	7.51	100	12
3	7	17	0	0	0	450.839800	113.740577	7.490123	7.506241	-1	###FLOW###
4	7	17	0	0	0	450.839800	113.740577	7.490123	7.506241	-1	###LINE###
5	7	17	0	0	0	450.84	113.74	7.49	7.51	100	15
3	7	18	0	0	0	522.839760	113.740577	7.490123	7.506241	-1	###FLOW###
4	7	18	0	0	0	522.839760	113.740577	7.490123	7.506241	-1	###LINE###
5	7	18	0	0	0	522.84	113.74	7.49	7.51	100	22
3	7	19	0	0	0	553.919750	90.100612	48.503937	7.506241	-1	###FLOW###
4	7	19	0	0	0	553.919750	90.100612	48.503937	7.506241	-1	###LINE###
5	7	19	0	0	0	553.92	90.10	22.19	7.51	100	Vincent
5	7	19	0	0	1	577.87	90.10	24.56	7.51	100	Anthony
3	7	20	0	0	0	652.679733	90.100612	21.648612	7.506241	-1	###FLOW###
4	7	20	0	0	0	652.679733	90.100612	21.648612	7.506241	-1	###LINE###
5	7	20	0	0	0	652.68	90.10	21.65	7.51	100	Joshua
3	7	21	0	0	0	546.359771	98.004428	127.874768	10.857240	-1	###FLOW###
4	7	21	0	0	0	546.359771	98.004428	127.874768	10.857240	-1	###LINE###
5	7	21	0	0	0	546.36	98.00	56.00	10.86	100	THOMPSON
5	7	21	0	0	1	608.52	98.00	46.88	10.86	100	BLANTON
5	7	21	0	0	2	658.01	98.00	16.22	10.86	100	SR.
3	7	21	1	0	0	594.839750	113.740577	7.490123	7.506241	-1	###FLOW###
4	7	21	1	0	0	594.839750	113.740577	7.490123	7.506241	-1	###LINE###
5	7	21	1	0	0	594.84	113.74	7.49	7.51	100	26
3	7	22	0	0	0	666.839679	113.740577	7.490123	7.506241	-1	###FLOW###
4	7	22	0	0	0	666.839679	113.740577	7.490123	7.506241	-1	###LINE###
5	7	22	0	0	0	666.84	113.74	7.49	7.51	100	16
3	7	23	0	0	0	117.719948	126.100573	14.091131	7.506241	-1	###FLOW###
4	7	23	0	0	0	117.719948	126.100573	14.091131	7.506241	-1	###LINE###
5	7	23	0	0	0	117.72	126.10	14.09	7.51	100	Estill
3	7	24	0	0	0	231.119901	126.100573	11.235185	7.506241	-1	###FLOW###
4	7	24	0	0	0	231.119901	126.100573	11.235185	7.506241	-1	###LINE###
5	7	24	0	0	0	231.12	126.10	11.24	7.51	100	219
3	7	25	0	0	0	303.119860	126.100573	11.235185	7.506241	-1	###FLOW###
4	7	25	0	0	0	303.119860	126.100573	11.235185	7.506241	-1	###LINE###
5	7	25	0	0	0	303.12	126.10	11.24	7.51	100	237
3	7	26	0	0	0	378.839840	126.100573	7.490123	7.506241	-1	###FLOW###
4	7	26	0	0	0	378.839840	126.100573	7.490123	7.506241	-1	###LINE###
5	7	26	0	0	0	378.84	126.10	7.49	7.51	100	56
3	7	27	0	0	0	450.839800	126.100573	7.490123	7.506241	-1	###FLOW###
4	7	27	0	0	0	450.839800	126.100573	7.490123	7.506241	-1	###LINE###
5	7	27	0	0	0	450.84	126.10	7.49	7.51	100	24
3	7	28	0	0	0	522.839760	126.100573	7.490123	7.506241	-1	###FLOW###
4	7	28	0	0	0	522.839760	126.100573	7.490123	7.506241	-1	###LINE###
5	7	28	0	0	0	522.84	126.10	7.49	7.51	100	23
3	7	29	0	0	0	594.839750	126.100573	7.490123	7.506241	-1	###FLOW###
4	7	29	0	0	0	594.839750	126.100573	7.490123	7.506241	-1	###LINE###
5	7	29	0	0	0	594.84	126.10	7.49	7.51	100	14
3	7	30	0	0	0	666.839679	126.100573	7.490123	7.506241	-1	###FLOW###
4	7	30	0	0	0	666.839679	126.100573	7.490123	7.506241	-1	###LINE###
5	7	30	0	0	0	666.84	126.10	7.49	7.51	100	10
3	7	31	0	0	0	117.719948	138.340573	22.342391	7.506241	-1	###FLOW###
4	7	31	0	0	0	117.719948	138.340573	22.342391	7.506241	-1	###LINE###
5	7	31	0	0	0	117.72	138.34	22.34	7.51	100	Fayette
3	7	32	0	0	0	221.759896	138.340573	20.591103	7.506241	-1	###FLOW###
4	7	32	0	0	0	221.759896	138.340573	20.591103	7.506241	-1	###LINE###
5	7	32	0	0	0	221.76	138.34	20.59	7.51	100	21,347
3	7	33	0	0	0	297.479876	138.340573	16.846042	7.506241	-1	###FLOW###
4	7	33	0	0	0	297.479876	138.340573	16.846042	7.506241	-1	###LINE###
5	7	33	0	0	0	297.48	138.34	16.85	7.51	100	9,504
3	7	34	0	0	0	369.479836	138.340573	16.846042	7.506241	-1	###FLOW###
4	7	34	0	0	0	369.479836	138.340573	16.846042	7.506241	-1	###LINE###
5	7	34	0	0	0	369.48	138.34	16.85	7.51	100	2,923
3	7	35	0	0	0	441.479796	138.340573	16.846042	7.506241	-1	###FLOW###
4	7	35	0	0	0	441.479796	138.340573	16.846042	7.506241	-1	###LINE###
5	7	35	0	0	0	441.48	138.34	16.85	7.51	100	1,276
3	7	36	0	0	0	519.119770	138.340573	11.235185	7.506241	-1	###FLOW###
4	7	36	0	0	0	519.119770	138.340573	11.235185	7.506241	-1	###LINE###
5	7	36	0	0	0	519.12	138.34	11.24	7.51	100	860
3	7	37	0	0	0	591.119762	138.340573	11.235185	7.506241	-1	###FLOW###
4	7	37	0	0	0	591.119762	138.340573	11.235185	7.506241	-1	###LINE###
5	7	37	0	0	0	591.12	138.34	11.24	7.51	100	211
3	7	38	0	0	0	663.119691	138.340573	11.235185	7.506241	-1	###FLOW###
4	7	38	0	0	0	663.119691	138.340573	11.235185	7.506241	-1	###LINE###
5	7	38	0	0	0	663.12	138.34	11.24	7.51	100	211
3	7	39	0	0	0	117.719948	150.700569	23.804043	7.506241	-1	###FLOW###
4	7	39	0	0	0	117.719948	150.700569	23.804043	7.506241	-1	###LINE###
5	7	39	0	0	0	117.72	150.70	23.80	7.51	100	Fleming
3	7	40	0	0	0	231.119901	150.700569	11.235185	7.506241	-1	###FLOW###
4	7	40	0	0	0	231.119901	150.700569	11.235185	7.506241	-1	###LINE###
5	7	40	0	0	0	231.12	150.70	11.24	7.51	100	254
3	7	41	0	0	0	303.119860	150.700569	11.235185	7.506241	-1	###FLOW###
4	7	41	0	0	0	303.119860	150.700569	11.235185	7.506241	-1	###LINE###
5	7	41	0	0	0	303.12	150.70	11.24	7.51	100	457
3	7	42	0	0	0	375.119820	150.700569	11.235185	7.506241	-1	###FLOW###
4	7	42	0	0	0	375.119820	150.700569	11.235185	7.506241	-1	###LINE###
5	7	42	0	0	0	375.12	150.70	11.24	7.51	100	112
3	7	43	0	0	0	450.839800	150.700569	7.490123	7.506241	-1	###FLOW###
4	7	43	0	0	0	450.839800	150.700569	7.490123	7.506241	-1	###LINE###
5	7	43	0	0	0	450.84	150.70	7.49	7.51	100	73
3	7	44	0	0	0	522.839760	150.700569	7.490123	7.506241	-1	###FLOW###
4	7	44	0	0	0	522.839760	150.700569	7.490123	7.506241	-1	###LINE###
5	7	44	0	0	0	522.84	150.70	7.49	7.51	100	42
3	7	45	0	0	0	594.839750	150.700569	7.490123	7.506241	-1	###FLOW###
4	7	45	0	0	0	594.839750	150.700569	7.490123	7.506241	-1	###LINE###
5	7	45	0	0	0	594.84	150.70	7.49	7.51	100	37
3	7	46	0	0	0	666.839679	150.700569	7.490123	7.506241	-1	###FLOW###
4	7	46	0	0	0	666.839679	150.700569	7.490123	7.506241	-1	###LINE###
5	7	46	0	0	0	666.84	150.70	7.49	7.51	100	33
3	7	47	0	0	0	117.719948	162.940568	16.098377	7.506241	-1	###FLOW###
4	7	47	0	0	0	117.719948	162.940568	16.098377	7.506241	-1	###LINE###
5	7	47	0	0	0	117.72	162.94	16.10	7.51	100	Floyd
3	7	48	0	0	0	225.479901	162.940568	16.846042	7.506241	-1	###FLOW###
4	7	48	0	0	0	225.479901	162.940568	16.846042	7.506241	-1	###LINE###
5	7	48	0	0	0	225.48	162.94	16.85	7.51	100	1,121
3	7	49	0	0	0	297.479876	162.940568	16.846042	7.506241	-1	###FLOW###
4	7	49	0	0	0	297.479876	162.940568	16.846042	7.506241	-1	###LINE###
5	7	49	0	0	0	297.48	162.94	16.85	7.51	100	1,645
3	7	50	0	0	0	375.119820	162.940568	11.235185	7.506241	-1	###FLOW###
4	7	50	0	0	0	375.119820	162.940568	11.235185	7.506241	-1	###LINE###
5	7	50	0	0	0	375.12	162.94	11.24	7.51	100	184
3	7	51	0	0	0	447.119811	162.940568	11.235185	7.506241	-1	###FLOW###
4	7	51	0	0	0	447.119811	162.940568	11.235185	7.506241	-1	###LINE###
5	7	51	0	0	0	447.12	162.94	11.24	7.51	100	158
3	7	52	0	0	0	519.119770	162.940568	11.235185	7.506241	-1	###FLOW###
4	7	52	0	0	0	519.119770	162.940568	11.235185	7.506241	-1	###LINE###
5	7	52	0	0	0	519.12	162.94	11.24	7.51	100	122
3	7	53	0	0	0	591.119762	162.940568	11.235185	7.506241	-1	###FLOW###
4	7	53	0	0	0	591.119762	162.940568	11.235185	7.506241	-1	###LINE###
5	7	53	0	0	0	591.12	162.94	11.24	7.51	100	297
3	7	54	0	0	0	663.119691	162.940568	11.235185	7.506241	-1	###FLOW###
4	7	54	0	0	0	663.119691	162.940568	11.235185	7.506241	-1	###LINE###
5	7	54	0	0	0	663.12	162.94	11.24	7.51	100	211
3	7	55	0	0	0	117.719948	175.300595	23.783836	7.506241	-1	###FLOW###
4	7	55	0	0	0	117.719948	175.300595	23.783836	7.506241	-1	###LINE###
5	7	55	0	0	0	117.72	175.30	23.78	7.51	100	Franklin
3	7	56	0	0	0	225.479901	175.300595	16.846042	7.506241	-1	###FLOW###
4	7	56	0	0	0	225.479901	175.300595	16.846042	7.506241	-1	###LINE###
5	7	56	0	0	0	225.48	175.30	16.85	7.51	100	3,981
3	7	57	0	0	0	297.479876	175.300595	16.846042	7.506241	-1	###FLOW###
4	7	57	0	0	0	297.479876	175.300595	16.846042	7.506241	-1	###LINE###
5	7	57	0	0	0	297.48	175.30	16.85	7.51	100	2,879
3	7	58	0	0	0	375.119820	175.300595	11.235185	7.506241	-1	###FLOW###
4	7	58	0	0	0	375.119820	175.300595	11.235185	7.506241	-1	###LINE###
5	7	58	0	0	0	375.12	175.30	11.24	7.51	100	523
3	7	59	0	0	0	447.119811	175.300595	11.235185	7.506241	-1	###FLOW###
4	7	59	0	0	0	447.119811	175.300595	11.235185	7.506241	-1	###LINE###
5	7	59	0	0	0	447.12	175.30	11.24	7.51	100	427
3	7	60	0	0	0	519.119770	175.300595	11.235185	7.506241	-1	###FLOW###
4	7	60	0	0	0	519.119770	175.300595	11.235185	7.506241	-1	###LINE###
5	7	60	0	0	0	519.12	175.30	11.24	7.51	100	281
3	7	61	0	0	0	591.119762	175.300595	11.235185	7.506241	-1	###FLOW###
4	7	61	0	0	0	591.119762	175.300595	11.235185	7.506241	-1	###LINE###
5	7	61	0	0	0	591.12	175.30	11.24	7.51	100	135
3	7	62	0	0	0	663.119691	175.300595	11.235185	7.506241	-1	###FLOW###
4	7	62	0	0	0	663.119691	175.300595	11.235185	7.506241	-1	###LINE###
5	7	62	0	0	0	663.12	175.30	11.24	7.51	100	268
3	7	63	0	0	0	117.719948	187.540594	18.469351	7.506241	-1	###FLOW###
4	7	63	0	0	0	117.719948	187.540594	18.469351	7.506241	-1	###LINE###
5	7	63	0	0	0	117.72	187.54	18.47	7.51	100	Fulton
3	7	64	0	0	0	231.119901	187.540594	11.235185	7.506241	-1	###FLOW###
4	7	64	0	0	0	231.119901	187.540594	11.235185	7.506241	-1	###LINE###
5	7	64	0	0	0	231.12	187.54	11.24	7.51	100	188
3	7	65	0	0	0	303.119860	187.540594	11.235185	7.506241	-1	###FLOW###
4	7	65	0	0	0	303.119860	187.540594	11.235185	7.506241	-1	###LINE###
5	7	65	0	0	0	303.12	187.54	11.24	7.51	100	252
3	7	66	0	0	0	378.839840	187.540594	7.490123	7.506241	-1	###FLOW###
4	7	66	0	0	0	378.839840	187.540594	7.490123	7.506241	-1	###LINE###
5	7	66	0	0	0	378.84	187.54	7.49	7.51	100	43
3	7	67	0	0	0	450.839800	187.540594	7.490123	7.506241	-1	###FLOW###
4	7	67	0	0	0	450.839800	187.540594	7.490123	7.506241	-1	###LINE###
5	7	67	0	0	0	450.84	187.54	7.49	7.51	100	18
3	7	68	0	0	0	522.839760	187.540594	7.490123	7.506241	-1	###FLOW###
4	7	68	0	0	0	522.839760	187.540594	7.490123	7.506241	-1	###LINE###
5	7	68	0	0	0	522.84	187.54	7.49	7.51	100	23
3	7	69	0	0	0	594.839750	187.540594	7.490123	7.506241	-1	###FLOW###
4	7	69	0	0	0	594.839750	187.540594	7.490123	7.506241	-1	###LINE###
5	7	69	0	0	0	594.84	187.54	7.49	7.51	100	14
3	7	70	0	0	0	666.839679	187.540594	7.490123	7.506241	-1	###FLOW###
4	7	70	0	0	0	666.839679	187.540594	7.490123	7.506241	-1	###LINE###
5	7	70	0	0	0	666.84	187.54	7.49	7.51	100	41
3	7	71	0	0	0	117.719948	199.900589	22.584877	7.506241	-1	###FLOW###
4	7	71	0	0	0	117.719948	199.900589	22.584877	7.506241	-1	###LINE###
5	7	71	0	0	0	117.72	199.90	22.58	7.51	100	Gallatin
3	7	72	0	0	0	231.119901	199.900589	11.235185	7.506241	-1	###FLOW###
4	7	72	0	0	0	231.119901	199.900589	11.235185	7.506241	-1	###LINE###
5	7	72	0	0	0	231.12	199.90	11.24	7.51	100	115
3	7	73	0	0	0	303.119860	199.900589	11.235185	7.506241	-1	###FLOW###
4	7	73	0	0	0	303.119860	199.900589	11.235185	7.506241	-1	###LINE###
5	7	73	0	0	0	303.12	199.90	11.24	7.51	100	169
3	7	74	0	0	0	378.839840	199.900589	7.490123	7.506241	-1	###FLOW###
4	7	74	0	0	0	378.839840	199.900589	7.490123	7.506241	-1	###LINE###
5	7	74	0	0	0	378.84	199.90	7.49	7.51	100	21
3	7	75	0	0	0	450.839800	199.900589	7.490123	7.506241	-1	###FLOW###
4	7	75	0	0	0	450.839800	199.900589	7.490123	7.506241	-1	###LINE###
5	7	75	0	0	0	450.84	199.90	7.49	7.51	100	23
3	7	76	0	0	0	522.839760	199.900589	7.490123	7.506241	-1	###FLOW###
4	7	76	0	0	0	522.839760	199.900589	7.490123	7.506241	-1	###LINE###
5	7	76	0	0	0	522.84	199.90	7.49	7.51	100	18
3	7	77	0	0	0	594.839750	199.900589	7.490123	7.506241	-1	###FLOW###
4	7	77	0	0	0	594.839750	199.900589	7.490123	7.506241	-1	###LINE###
5	7	77	0	0	0	594.84	199.90	7.49	7.51	100	12
3	7	78	0	0	0	666.839679	199.900589	7.490123	7.506241	-1	###FLOW###
4	7	78	0	0	0	666.839679	199.900589	7.490123	7.506241	-1	###LINE###
5	7	78	0	0	0	666.84	199.90	7.49	7.51	100	16
3	7	79	0	0	0	117.719948	212.140590	23.292128	7.506241	-1	###FLOW###
4	7	79	0	0	0	117.719948	212.140590	23.292128	7.506241	-1	###LINE###
5	7	79	0	0	0	117.72	212.14	23.29	7.51	100	Garrard
3	7	80	0	0	0	231.119901	212.140590	11.235185	7.506241	-1	###FLOW###
4	7	80	0	0	0	231.119901	212.140590	11.235185	7.506241	-1	###LINE###
5	7	80	0	0	0	231.12	212.14	11.24	7.51	100	268
3	7	81	0	0	0	303.119860	212.140590	11.235185	7.506241	-1	###FLOW###
4	7	81	0	0	0	303.119860	212.140590	11.235185	7.506241	-1	###LINE###
5	7	81	0	0	0	303.12	212.14	11.24	7.51	100	243
3	7	82	0	0	0	378.839840	212.140590	7.490123	7.506241	-1	###FLOW###
4	7	82	0	0	0	378.839840	212.140590	7.490123	7.506241	-1	###LINE###
5	7	82	0	0	0	378.84	212.14	7.49	7.51	100	41
3	7	83	0	0	0	450.839800	212.140590	7.490123	7.506241	-1	###FLOW###
4	7	83	0	0	0	450.839800	212.140590	7.490123	7.506241	-1	###LINE###
5	7	83	0	0	0	450.84	212.14	7.49	7.51	100	15
3	7	84	0	0	0	522.839760	212.140590	7.490123	7.506241	-1	###FLOW###
4	7	84	0	0	0	522.839760	212.140590	7.490123	7.506241	-1	###LINE###
5	7	84	0	0	0	522.84	212.14	7.49	7.51	100	16
3	7	85	0	0	0	598.559739	212.140590	3.745062	7.506241	-1	###FLOW###
4	7	85	0	0	0	598.559739	212.140590	3.745062	7.506241	-1	###LINE###
5	7	85	0	0	0	598.56	212.14	3.75	7.51	100	7
3	7	86	0	0	0	666.839679	212.140590	7.490123	7.506241	-1	###FLOW###
4	7	86	0	0	0	666.839679	212.140590	7.490123	7.506241	-1	###LINE###
5	7	86	0	0	0	666.84	212.14	7.49	7.51	100	10
3	7	87	0	0	0	117.719948	224.500585	16.913399	7.506241	-1	###FLOW###
4	7	87	0	0	0	117.719948	224.500585	16.913399	7.506241	-1	###LINE###
5	7	87	0	0	0	117.72	224.50	16.91	7.51	100	Grant
3	7	88	0	0	0	231.119901	224.500585	11.235185	7.506241	-1	###FLOW###
4	7	88	0	0	0	231.119901	224.500585	11.235185	7.506241	-1	###LINE###
5	7	88	0	0	0	231.12	224.50	11.24	7.51	100	332
3	7	89	0	0	0	303.119860	224.500585	11.235185	7.506241	-1	###FLOW###
4	7	89	0	0	0	303.119860	224.500585	11.235185	7.506241	-1	###LINE###
5	7	89	0	0	0	303.12	224.50	11.24	7.51	100	457
3	7	90	0	0	0	378.839840	224.500585	7.490123	7.506241	-1	###FLOW###
4	7	90	0	0	0	378.839840	224.500585	7.490123	7.506241	-1	###LINE###
5	7	90	0	0	0	378.84	224.50	7.49	7.51	100	48
3	7	91	0	0	0	450.839800	224.500585	7.490123	7.506241	-1	###FLOW###
4	7	91	0	0	0	450.839800	224.500585	7.490123	7.506241	-1	###LINE###
5	7	91	0	0	0	450.84	224.50	7.49	7.51	100	32
3	7	92	0	0	0	522.839760	224.500585	7.490123	7.506241	-1	###FLOW###
4	7	92	0	0	0	522.839760	224.500585	7.490123	7.506241	-1	###LINE###
5	7	92	0	0	0	522.84	224.50	7.49	7.51	100	36
3	7	93	0	0	0	594.839750	224.500585	7.490123	7.506241	-1	###FLOW###
4	7	93	0	0	0	594.839750	224.500585	7.490123	7.506241	-1	###LINE###
5	7	93	0	0	0	594.84	224.50	7.49	7.51	100	29
3	7	94	0	0	0	666.839679	224.500585	7.490123	7.506241	-1	###FLOW###
4	7	94	0	0	0	666.839679	224.500585	7.490123	7.506241	-1	###LINE###
5	7	94	0	0	0	666.84	224.50	7.49	7.51	100	27
3	7	95	0	0	0	117.719948	236.740585	21.870891	7.506241	-1	###FLOW###
4	7	95	0	0	0	117.719948	236.740585	21.870891	7.506241	-1	###LINE###
5	7	95	0	0	0	117.72	236.74	21.87	7.51	100	Graves
3	7	96	0	0	0	231.119901	236.740585	11.235185	7.506241	-1	###FLOW###
4	7	96	0	0	0	231.119901	236.740585	11.235185	7.506241	-1	###LINE###
5	7	96	0	0	0	231.12	236.74	11.24	7.51	100	620
3	7	97	0	0	0	303.119860	236.740585	11.235185	7.506241	-1	###FLOW###
4	7	97	0	0	0	303.119860	236.740585	11.235185	7.506241	-1	###LINE###
5	7	97	0	0	0	303.12	236.74	11.24	7.51	100	838
3	7	98	0	0	0	378.839840	236.740585	7.490123	7.506241	-1	###FLOW###
4	7	98	0	0	0	378.839840	236.740585	7.490123	7.506241	-1	###LINE###
5	7	98	0	0	0	378.84	236.74	7.49	7.51	100	85
3	7	99	0	0	0	450.839800	236.740585	7.490123	7.506241	-1	###FLOW###
4	7	99	0	0	0	450.839800	236.740585	7.490123	7.506241	-1	###LINE###
5	7	99	0	0	0	450.84	236.74	7.49	7.51	100	57
3	7	100	0	0	0	522.839760	236.740585	7.490123	7.506241	-1	###FLOW###
4	7	100	0	0	0	522.839760	236.740585	7.490123	7.506241	-1	###LINE###
5	7	100	0	0	0	522.84	236.74	7.49	7.51	100	86
3	7	101	0	0	0	594.839750	236.740585	7.490123	7.506241	-1	###FLOW###
4	7	101	0	0	0	594.839750	236.740585	7.490123	7.506241	-1	###LINE###
5	7	101	0	0	0	594.84	236.74	7.49	7.51	100	77
3	7	102	0	0	0	666.839679	236.740585	7.490123	7.506241	-1	###FLOW###
4	7	102	0	0	0	666.839679	236.740585	7.490123	7.506241	-1	###LINE###
5	7	102	0	0	0	666.84	236.74	7.49	7.51	100	91
3	7	103	0	0	0	117.719948	249.100581	25.373466	7.506241	-1	###FLOW###
4	7	103	0	0	0	117.719948	249.100581	25.373466	7.506241	-1	###LINE###
5	7	103	0	0	0	117.72	249.10	25.37	7.51	100	Grayson
3	7	104	0	0	0	231.119901	249.100581	11.235185	7.506241	-1	###FLOW###
4	7	104	0	0	0	231.119901	249.100581	11.235185	7.506241	-1	###LINE###
5	7	104	0	0	0	231.12	249.10	11.24	7.51	100	265
3	7	105	0	0	0	303.119860	249.100581	11.235185	7.506241	-1	###FLOW###
4	7	105	0	0	0	303.119860	249.100581	11.235185	7.506241	-1	###LINE###
5	7	105	0	0	0	303.12	249.10	11.24	7.51	100	470
3	7	106	0	0	0	378.839840	249.100581	7.490123	7.506241	-1	###FLOW###
4	7	106	0	0	0	378.839840	249.100581	7.490123	7.506241	-1	###LINE###
5	7	106	0	0	0	378.84	249.10	7.49	7.51	100	48
3	7	107	0	0	0	450.839800	249.100581	7.490123	7.506241	-1	###FLOW###
4	7	107	0	0	0	450.839800	249.100581	7.490123	7.506241	-1	###LINE###
5	7	107	0	0	0	450.84	249.10	7.49	7.51	100	48
3	7	108	0	0	0	522.839760	249.100581	7.490123	7.506241	-1	###FLOW###
4	7	108	0	0	0	522.839760	249.100581	7.490123	7.506241	-1	###LINE###
5	7	108	0	0	0	522.84	249.10	7.49	7.51	100	42
3	7	109	0	0	0	594.839750	249.100581	7.490123	7.506241	-1	###FLOW###
4	7	109	0	0	0	594.839750	249.100581	7.490123	7.506241	-1	###LINE###
5	7	109	0	0	0	594.84	249.10	7.49	7.51	100	23
3	7	110	0	0	0	666.839679	249.100581	7.490123	7.506241	-1	###FLOW###
4	7	110	0	0	0	666.839679	249.100581	7.490123	7.506241	-1	###LINE###
5	7	110	0	0	0	666.84	249.10	7.49	7.51	100	22
3	7	111	0	0	0	117.719948	261.340581	18.792666	7.506241	-1	###FLOW###
4	7	111	0	0	0	117.719948	261.340581	18.792666	7.506241	-1	###LINE###
5	7	111	0	0	0	117.72	261.34	18.79	7.51	100	Green
3	7	112	0	0	0	231.119901	261.340581	11.235185	7.506241	-1	###FLOW###
4	7	112	0	0	0	231.119901	261.340581	11.235185	7.506241	-1	###LINE###
5	7	112	0	0	0	231.12	261.34	11.24	7.51	100	110
3	7	113	0	0	0	303.119860	261.340581	11.235185	7.506241	-1	###FLOW###
4	7	113	0	0	0	303.119860	261.340581	11.235185	7.506241	-1	###LINE###
5	7	113	0	0	0	303.12	261.34	11.24	7.51	100	172
3	7	114	0	0	0	378.839840	261.340581	7.490123	7.506241	-1	###FLOW###
4	7	114	0	0	0	378.839840	261.340581	7.490123	7.506241	-1	###LINE###
5	7	114	0	0	0	378.84	261.34	7.49	7.51	100	10
3	7	115	0	0	0	450.839800	261.340581	7.490123	7.506241	-1	###FLOW###
4	7	115	0	0	0	450.839800	261.340581	7.490123	7.506241	-1	###LINE###
5	7	115	0	0	0	450.84	261.34	7.49	7.51	100	12
3	7	116	0	0	0	522.839760	261.340581	7.490123	7.506241	-1	###FLOW###
4	7	116	0	0	0	522.839760	261.340581	7.490123	7.506241	-1	###LINE###
5	7	116	0	0	0	522.84	261.34	7.49	7.51	100	20
3	7	117	0	0	0	594.839750	261.340581	7.490123	7.506241	-1	###FLOW###
4	7	117	0	0	0	594.839750	261.340581	7.490123	7.506241	-1	###LINE###
5	7	117	0	0	0	594.84	261.34	7.49	7.51	100	11
3	7	118	0	0	0	670.559669	261.340581	3.745062	7.506241	-1	###FLOW###
4	7	118	0	0	0	670.559669	261.340581	3.745062	7.506241	-1	###LINE###
5	7	118	0	0	0	670.56	261.34	3.75	7.51	100	7
3	7	119	0	0	0	117.719948	273.700576	26.208696	7.506241	-1	###FLOW###
4	7	119	0	0	0	117.719948	273.700576	26.208696	7.506241	-1	###LINE###
5	7	119	0	0	0	117.72	273.70	26.21	7.51	100	Greenup
3	7	120	0	0	0	231.119901	273.700576	11.235185	7.506241	-1	###FLOW###
4	7	120	0	0	0	231.119901	273.700576	11.235185	7.506241	-1	###LINE###
5	7	120	0	0	0	231.12	273.70	11.24	7.51	100	586
3	7	121	0	0	0	303.119860	273.700576	11.235185	7.506241	-1	###FLOW###
4	7	121	0	0	0	303.119860	273.700576	11.235185	7.506241	-1	###LINE###
5	7	121	0	0	0	303.12	273.70	11.24	7.51	100	794
3	7	122	0	0	0	378.839840	273.700576	7.490123	7.506241	-1	###FLOW###
4	7	122	0	0	0	378.839840	273.700576	7.490123	7.506241	-1	###LINE###
5	7	122	0	0	0	378.84	273.70	7.49	7.51	100	60
3	7	123	0	0	0	450.839800	273.700576	7.490123	7.506241	-1	###FLOW###
4	7	123	0	0	0	450.839800	273.700576	7.490123	7.506241	-1	###LINE###
5	7	123	0	0	0	450.84	273.70	7.49	7.51	100	35
3	7	124	0	0	0	522.839760	273.700576	7.490123	7.506241	-1	###FLOW###
4	7	124	0	0	0	522.839760	273.700576	7.490123	7.506241	-1	###LINE###
5	7	124	0	0	0	522.84	273.70	7.49	7.51	100	59
3	7	125	0	0	0	594.839750	273.700576	7.490123	7.506241	-1	###FLOW###
4	7	125	0	0	0	594.839750	273.700576	7.490123	7.506241	-1	###LINE###
5	7	125	0	0	0	594.84	273.70	7.49	7.51	100	71
3	7	126	0	0	0	666.839679	273.700576	7.490123	7.506241	-1	###FLOW###
4	7	126	0	0	0	666.839679	273.700576	7.490123	7.506241	-1	###LINE###
5	7	126	0	0	0	666.84	273.70	7.49	7.51	100	62
3	7	127	0	0	0	117.719948	285.940576	26.053774	7.506241	-1	###FLOW###
4	7	127	0	0	0	117.719948	285.940576	26.053774	7.506241	-1	###LINE###
5	7	127	0	0	0	117.72	285.94	26.05	7.51	100	Hancock
3	7	128	0	0	0	231.119901	285.940576	11.235185	7.506241	-1	###FLOW###
4	7	128	0	0	0	231.119901	285.940576	11.235185	7.506241	-1	###LINE###
5	7	128	0	0	0	231.12	285.94	11.24	7.51	100	231
3	7	129	0	0	0	303.119860	285.940576	11.235185	7.506241	-1	###FLOW###
4	7	129	0	0	0	303.119860	285.940576	11.235185	7.506241	-1	###LINE###
5	7	129	0	0	0	303.12	285.94	11.24	7.51	100	479
3	7	130	0	0	0	378.839840	285.940576	7.490123	7.506241	-1	###FLOW###
4	7	130	0	0	0	378.839840	285.940576	7.490123	7.506241	-1	###LINE###
5	7	130	0	0	0	378.84	285.94	7.49	7.51	100	32
3	7	131	0	0	0	450.839800	285.940576	7.490123	7.506241	-1	###FLOW###
4	7	131	0	0	0	450.839800	285.940576	7.490123	7.506241	-1	###LINE###
5	7	131	0	0	0	450.84	285.94	7.49	7.51	100	47
3	7	132	0	0	0	522.839760	285.940576	7.490123	7.506241	-1	###FLOW###
4	7	132	0	0	0	522.839760	285.940576	7.490123	7.506241	-1	###LINE###
5	7	132	0	0	0	522.84	285.94	7.49	7.51	100	52
3	7	133	0	0	0	594.839750	285.940576	7.490123	7.506241	-1	###FLOW###
4	7	133	0	0	0	594.839750	285.940576	7.490123	7.506241	-1	###LINE###
5	7	133	0	0	0	594.84	285.94	7.49	7.51	100	33
3	7	134	0	0	0	666.839679	285.940576	7.490123	7.506241	-1	###FLOW###
4	7	134	0	0	0	666.839679	285.940576	7.490123	7.506241	-1	###LINE###
5	7	134	0	0	0	666.84	285.94	7.49	7.51	100	17
3	7	135	0	0	0	117.719948	298.300572	19.769345	7.506241	-1	###FLOW###
4	7	135	0	0	0	117.719948	298.300572	19.769345	7.506241	-1	###LINE###
5	7	135	0	0	0	117.72	298.30	19.77	7.51	100	Hardin
3	7	136	0	0	0	225.479901	298.300572	16.846042	7.506241	-1	###FLOW###
4	7	136	0	0	0	225.479901	298.300572	16.846042	7.506241	-1	###LINE###
5	7	136	0	0	0	225.48	298.30	16.85	7.51	100	2,769
3	7	137	0	0	0	297.479876	298.300572	16.846042	7.506241	-1	###FLOW###
4	7	137	0	0	0	297.479876	298.300572	16.846042	7.506241	-1	###LINE###
5	7	137	0	0	0	297.48	298.30	16.85	7.51	100	2,525
3	7	138	0	0	0	375.119820	298.300572	11.235185	7.506241	-1	###FLOW###
4	7	138	0	0	0	375.119820	298.300572	11.235185	7.506241	-1	###LINE###
5	7	138	0	0	0	375.12	298.30	11.24	7.51	100	527
3	7	139	0	0	0	447.119811	298.300572	11.235185	7.506241	-1	###FLOW###
4	7	139	0	0	0	447.119811	298.300572	11.235185	7.506241	-1	###LINE###
5	7	139	0	0	0	447.12	298.30	11.24	7.51	100	261
3	7	140	0	0	0	519.119770	298.300572	11.235185	7.506241	-1	###FLOW###
4	7	140	0	0	0	519.119770	298.300572	11.235185	7.506241	-1	###LINE###
5	7	140	0	0	0	519.12	298.30	11.24	7.51	100	211
3	7	141	0	0	0	591.119762	298.300572	11.235185	7.506241	-1	###FLOW###
4	7	141	0	0	0	591.119762	298.300572	11.235185	7.506241	-1	###LINE###
5	7	141	0	0	0	591.12	298.30	11.24	7.51	100	163
3	7	142	0	0	0	663.119691	298.300572	11.235185	7.506241	-1	###FLOW###
4	7	142	0	0	0	663.119691	298.300572	11.235185	7.506241	-1	###LINE###
5	7	142	0	0	0	663.12	298.30	11.24	7.51	100	105
3	7	143	0	0	0	117.719948	310.540571	19.607688	7.506241	-1	###FLOW###
4	7	143	0	0	0	117.719948	310.540571	19.607688	7.506241	-1	###LINE###
5	7	143	0	0	0	117.72	310.54	19.61	7.51	100	Harlan
3	7	144	0	0	0	231.119901	310.540571	11.235185	7.506241	-1	###FLOW###
4	7	144	0	0	0	231.119901	310.540571	11.235185	7.506241	-1	###LINE###
5	7	144	0	0	0	231.12	310.54	11.24	7.51	100	240
3	7	145	0	0	0	303.119860	310.540571	11.235185	7.506241	-1	###FLOW###
4	7	145	0	0	0	303.119860	310.540571	11.235185	7.506241	-1	###LINE###
5	7	145	0	0	0	303.12	310.54	11.24	7.51	100	265
3	7	146	0	0	0	378.839840	310.540571	7.490123	7.506241	-1	###FLOW###
4	7	146	0	0	0	378.839840	310.540571	7.490123	7.506241	-1	###LINE###
5	7	146	0	0	0	378.84	310.54	7.49	7.51	100	24
3	7	147	0	0	0	450.839800	310.540571	7.490123	7.506241	-1	###FLOW###
4	7	147	0	0	0	450.839800	310.540571	7.490123	7.506241	-1	###LINE###
5	7	147	0	0	0	450.84	310.54	7.49	7.51	100	26
3	7	148	0	0	0	522.839760	310.540571	7.490123	7.506241	-1	###FLOW###
4	7	148	0	0	0	522.839760	310.540571	7.490123	7.506241	-1	###LINE###
5	7	148	0	0	0	522.84	310.54	7.49	7.51	100	44
3	7	149	0	0	0	594.839750	310.540571	7.490123	7.506241	-1	###FLOW###
4	7	149	0	0	0	594.839750	310.540571	7.490123	7.506241	-1	###LINE###
5	7	149	0	0	0	594.84	310.54	7.49	7.51	100	61
3	7	150	0	0	0	666.839679	310.540571	7.490123	7.506241	-1	###FLOW###
4	7	150	0	0	0	666.839679	310.540571	7.490123	7.506241	-1	###LINE###
5	7	150	0	0	0	666.84	310.54	7.49	7.51	100	56
3	7	151	0	0	0	117.719948	322.900567	25.494709	7.506241	-1	###FLOW###
4	7	151	0	0	0	117.719948	322.900567	25.494709	7.506241	-1	###LINE###
5	7	151	0	0	0	117.72	322.90	25.49	7.51	100	Harrison
3	7	152	0	0	0	231.119901	322.900567	11.235185	7.506241	-1	###FLOW###
4	7	152	0	0	0	231.119901	322.900567	11.235185	7.506241	-1	###LINE###
5	7	152	0	0	0	231.12	322.90	11.24	7.51	100	525
3	7	153	0	0	0	303.119860	322.900567	11.235185	7.506241	-1	###FLOW###
4	7	153	0	0	0	303.119860	322.900567	11.235185	7.506241	-1	###LINE###
5	7	153	0	0	0	303.12	322.90	11.24	7.51	100	571
3	7	154	0	0	0	378.839840	322.900567	7.490123	7.506241	-1	###FLOW###
4	7	154	0	0	0	378.839840	322.900567	7.490123	7.506241	-1	###LINE###
5	7	154	0	0	0	378.84	322.90	7.49	7.51	100	82
3	7	155	0	0	0	450.839800	322.900567	7.490123	7.506241	-1	###FLOW###
4	7	155	0	0	0	450.839800	322.900567	7.490123	7.506241	-1	###LINE###
5	7	155	0	0	0	450.84	322.90	7.49	7.51	100	71
3	7	156	0	0	0	522.839760	322.900567	7.490123	7.506241	-1	###FLOW###
4	7	156	0	0	0	522.839760	322.900567	7.490123	7.506241	-1	###LINE###
5	7	156	0	0	0	522.84	322.90	7.49	7.51	100	82
3	7	157	0	0	0	594.839750	322.900567	7.490123	7.506241	-1	###FLOW###
4	7	157	0	0	0	594.839750	322.900567	7.490123	7.506241	-1	###LINE###
5	7	157	0	0	0	594.84	322.90	7.49	7.51	100	51
3	7	158	0	0	0	666.839679	322.900567	7.490123	7.506241	-1	###FLOW###
4	7	158	0	0	0	666.839679	322.900567	7.490123	7.506241	-1	###LINE###
5	7	158	0	0	0	666.84	322.90	7.49	7.51	100	52
3	7	159	0	0	0	117.719948	335.140567	12.649687	7.506241	-1	###FLOW###
4	7	159	0	0	0	117.719948	335.140567	12.649687	7.506241	-1	###LINE###
5	7	159	0	0	0	117.72	335.14	12.65	7.51	100	Hart
3	7	160	0	0	0	231.119901	335.140567	11.235185	7.506241	-1	###FLOW###
4	7	160	0	0	0	231.119901	335.140567	11.235185	7.506241	-1	###LINE###
5	7	160	0	0	0	231.12	335.14	11.24	7.51	100	260
3	7	161	0	0	0	303.119860	335.140567	11.235185	7.506241	-1	###FLOW###
4	7	161	0	0	0	303.119860	335.140567	11.235185	7.506241	-1	###LINE###
5	7	161	0	0	0	303.12	335.14	11.24	7.51	100	406
3	7	162	0	0	0	378.839840	335.140567	7.490123	7.506241	-1	###FLOW###
4	7	162	0	0	0	378.839840	335.140567	7.490123	7.506241	-1	###LINE###
5	7	162	0	0	0	378.84	335.14	7.49	7.51	100	43
3	7	163	0	0	0	450.839800	335.140567	7.490123	7.506241	-1	###FLOW###
4	7	163	0	0	0	450.839800	335.140567	7.490123	7.506241	-1	###LINE###
5	7	163	0	0	0	450.84	335.14	7.49	7.51	100	34
3	7	164	0	0	0	522.839760	335.140567	7.490123	7.506241	-1	###FLOW###
4	7	164	0	0	0	522.839760	335.140567	7.490123	7.506241	-1	###LINE###
5	7	164	0	0	0	522.84	335.14	7.49	7.51	100	41
3	7	165	0	0	0	594.839750	335.140567	7.490123	7.506241	-1	###FLOW###
4	7	165	0	0	0	594.839750	335.140567	7.490123	7.506241	-1	###LINE###
5	7	165	0	0	0	594.84	335.14	7.49	7.51	100	48
3	7	166	0	0	0	666.839679	335.140567	7.490123	7.506241	-1	###FLOW###
4	7	166	0	0	0	666.839679	335.140567	7.490123	7.506241	-1	###LINE###
5	7	166	0	0	0	666.84	335.14	7.49	7.51	100	16
3	7	167	0	0	0	225.479901	347.500593	16.846042	7.506241	-1	###FLOW###
4	7	167	0	0	0	225.479901	347.500593	16.846042	7.506241	-1	###LINE###
5	7	167	0	0	0	225.48	347.50	16.85	7.51	100	1,265
3	7	168	0	0	0	297.479876	347.500593	16.846042	7.506241	-1	###FLOW###
4	7	168	0	0	0	297.479876	347.500593	16.846042	7.506241	-1	###LINE###
5	7	168	0	0	0	297.48	347.50	16.85	7.51	100	1,812
3	7	169	0	0	0	375.119820	347.500593	11.235185	7.506241	-1	###FLOW###
4	7	169	0	0	0	375.119820	347.500593	11.235185	7.506241	-1	###LINE###
5	7	169	0	0	0	375.12	347.50	11.24	7.51	100	165
3	7	170	0	0	0	450.839800	347.500593	7.490123	7.506241	-1	###FLOW###
4	7	170	0	0	0	450.839800	347.500593	7.490123	7.506241	-1	###LINE###
5	7	170	0	0	0	450.84	347.50	7.49	7.51	100	95
3	7	171	0	0	0	519.119770	347.500593	11.235185	7.506241	-1	###FLOW###
4	7	171	0	0	0	519.119770	347.500593	11.235185	7.506241	-1	###LINE###
5	7	171	0	0	0	519.12	347.50	11.24	7.51	100	120
3	7	172	0	0	0	591.119762	347.500593	11.235185	7.506241	-1	###FLOW###
4	7	172	0	0	0	591.119762	347.500593	11.235185	7.506241	-1	###LINE###
5	7	172	0	0	0	591.12	347.50	11.24	7.51	100	112
3	7	173	0	0	0	663.119691	347.500593	11.235185	7.506241	-1	###FLOW###
4	7	173	0	0	0	663.119691	347.500593	11.235185	7.506241	-1	###LINE###
5	7	173	0	0	0	663.12	347.50	11.24	7.51	100	129
3	7	174	0	0	0	117.719948	359.740578	17.896814	7.506241	-1	###FLOW###
4	7	174	0	0	0	117.719948	359.740578	17.896814	7.506241	-1	###LINE###
5	7	174	0	0	0	117.72	359.74	17.90	7.51	100	Henry
3	7	175	0	0	0	231.119901	359.740578	11.235185	7.506241	-1	###FLOW###
4	7	175	0	0	0	231.119901	359.740578	11.235185	7.506241	-1	###LINE###
5	7	175	0	0	0	231.12	359.74	11.24	7.51	100	396
3	7	176	0	0	0	303.119860	359.740578	11.235185	7.506241	-1	###FLOW###
4	7	176	0	0	0	303.119860	359.740578	11.235185	7.506241	-1	###LINE###
5	7	176	0	0	0	303.12	359.74	11.24	7.51	100	459
3	7	177	0	0	0	378.839840	359.740578	7.490123	7.506241	-1	###FLOW###
4	7	177	0	0	0	378.839840	359.740578	7.490123	7.506241	-1	###LINE###
5	7	177	0	0	0	378.84	359.74	7.49	7.51	100	62
3	7	178	0	0	0	450.839800	359.740578	7.490123	7.506241	-1	###FLOW###
4	7	178	0	0	0	450.839800	359.740578	7.490123	7.506241	-1	###LINE###
5	7	178	0	0	0	450.84	359.74	7.49	7.51	100	78
3	7	179	0	0	0	522.839760	359.740578	7.490123	7.506241	-1	###FLOW###
4	7	179	0	0	0	522.839760	359.740578	7.490123	7.506241	-1	###LINE###
5	7	179	0	0	0	522.84	359.74	7.49	7.51	100	36
3	7	180	0	0	0	594.839750	359.740578	7.490123	7.506241	-1	###FLOW###
4	7	180	0	0	0	594.839750	359.740578	7.490123	7.506241	-1	###LINE###
5	7	180	0	0	0	594.84	359.74	7.49	7.51	100	25
3	7	181	0	0	0	666.839679	359.740578	7.490123	7.506241	-1	###FLOW###
4	7	181	0	0	0	666.839679	359.740578	7.490123	7.506241	-1	###LINE###
5	7	181	0	0	0	666.84	359.74	7.49	7.51	100	23
3	7	182	0	0	0	117.719948	372.100574	26.195224	7.506241	-1	###FLOW###
4	7	182	0	0	0	117.719948	372.100574	26.195224	7.506241	-1	###LINE###
5	7	182	0	0	0	117.72	372.10	26.20	7.51	100	Hickman
3	7	183	0	0	0	234.839904	372.100574	7.490123	7.506241	-1	###FLOW###
4	7	183	0	0	0	234.839904	372.100574	7.490123	7.506241	-1	###LINE###
5	7	183	0	0	0	234.84	372.10	7.49	7.51	100	71
3	7	184	0	0	0	306.839849	372.100574	7.490123	7.506241	-1	###FLOW###
4	7	184	0	0	0	306.839849	372.100574	7.490123	7.506241	-1	###LINE###
5	7	184	0	0	0	306.84	372.10	7.49	7.51	100	83
3	7	185	0	0	0	378.839840	372.100574	7.490123	7.506241	-1	###FLOW###
4	7	185	0	0	0	378.839840	372.100574	7.490123	7.506241	-1	###LINE###
5	7	185	0	0	0	378.84	372.10	7.49	7.51	100	12
3	7	186	0	0	0	454.559789	372.100574	3.745062	7.506241	-1	###FLOW###
4	7	186	0	0	0	454.559789	372.100574	3.745062	7.506241	-1	###LINE###
5	7	186	0	0	0	454.56	372.10	3.75	7.51	100	4
3	7	187	0	0	0	526.559749	372.100574	3.745062	7.506241	-1	###FLOW###
4	7	187	0	0	0	526.559749	372.100574	3.745062	7.506241	-1	###LINE###
5	7	187	0	0	0	526.56	372.10	3.75	7.51	100	6
3	7	188	0	0	0	598.559739	372.100574	3.745062	7.506241	-1	###FLOW###
4	7	188	0	0	0	598.559739	372.100574	3.745062	7.506241	-1	###LINE###
5	7	188	0	0	0	598.56	372.10	3.75	7.51	100	7
3	7	189	0	0	0	666.839679	372.100574	7.490123	7.506241	-1	###FLOW###
4	7	189	0	0	0	666.839679	372.100574	7.490123	7.506241	-1	###LINE###
5	7	189	0	0	0	666.84	372.10	7.49	7.51	100	15
3	7	190	0	0	0	117.719948	384.340573	24.262072	7.506241	-1	###FLOW###
4	7	190	0	0	0	117.719948	384.340573	24.262072	7.506241	-1	###LINE###
5	7	190	0	0	0	117.72	384.34	24.26	7.51	100	Hopkins
3	7	191	0	0	0	231.119901	384.340573	11.235185	7.506241	-1	###FLOW###
4	7	191	0	0	0	231.119901	384.340573	11.235185	7.506241	-1	###LINE###
5	7	191	0	0	0	231.12	384.34	11.24	7.51	100	984
3	7	192	0	0	0	297.479876	384.340573	16.846042	7.506241	-1	###FLOW###
4	7	192	0	0	0	297.479876	384.340573	16.846042	7.506241	-1	###LINE###
5	7	192	0	0	0	297.48	384.34	16.85	7.51	100	1,089
3	7	193	0	0	0	375.119820	384.340573	11.235185	7.506241	-1	###FLOW###
4	7	193	0	0	0	375.119820	384.340573	11.235185	7.506241	-1	###LINE###
5	7	193	0	0	0	375.12	384.34	11.24	7.51	100	119
3	7	194	0	0	0	450.839800	384.340573	7.490123	7.506241	-1	###FLOW###
4	7	194	0	0	0	450.839800	384.340573	7.490123	7.506241	-1	###LINE###
5	7	194	0	0	0	450.84	384.34	7.49	7.51	100	82
3	7	195	0	0	0	519.119770	384.340573	11.235185	7.506241	-1	###FLOW###
4	7	195	0	0	0	519.119770	384.340573	11.235185	7.506241	-1	###LINE###
5	7	195	0	0	0	519.12	384.34	11.24	7.51	100	125
3	7	196	0	0	0	594.839750	384.340573	7.490123	7.506241	-1	###FLOW###
4	7	196	0	0	0	594.839750	384.340573	7.490123	7.506241	-1	###LINE###
5	7	196	0	0	0	594.84	384.34	7.49	7.51	100	68
3	7	197	0	0	0	663.119691	384.340573	11.235185	7.506241	-1	###FLOW###
4	7	197	0	0	0	663.119691	384.340573	11.235185	7.506241	-1	###LINE###
5	7	197	0	0	0	663.12	384.34	11.24	7.51	100	118
3	7	198	0	0	0	117.719948	347.500593	32.802968	7.506241	-1	###FLOW###
4	7	198	0	0	0	117.719948	347.500593	32.802968	7.506241	-1	###LINE###
5	7	198	0	0	0	117.72	347.50	32.80	7.51	100	Henderson
3	7	199	0	0	0	117.719948	396.700569	24.619065	7.506241	-1	###FLOW###
4	7	199	0	0	0	117.719948	396.700569	24.619065	7.506241	-1	###LINE###
5	7	199	0	0	0	117.72	396.70	24.62	7.51	100	Jackson
3	7	200	0	0	0	234.839904	396.700569	7.490123	7.506241	-1	###FLOW###
4	7	200	0	0	0	234.839904	396.700569	7.490123	7.506241	-1	###LINE###
5	7	200	0	0	0	234.84	396.70	7.49	7.51	100	49
3	7	201	0	0	0	306.839849	396.700569	7.490123	7.506241	-1	###FLOW###
4	7	201	0	0	0	306.839849	396.700569	7.490123	7.506241	-1	###LINE###
5	7	201	0	0	0	306.84	396.70	7.49	7.51	100	47
3	7	202	0	0	0	382.559828	396.700569	3.745062	7.506241	-1	###FLOW###
4	7	202	0	0	0	382.559828	396.700569	3.745062	7.506241	-1	###LINE###
5	7	202	0	0	0	382.56	396.70	3.75	7.51	100	6
3	7	203	0	0	0	454.559789	396.700569	3.745062	7.506241	-1	###FLOW###
4	7	203	0	0	0	454.559789	396.700569	3.745062	7.506241	-1	###LINE###
5	7	203	0	0	0	454.56	396.70	3.75	7.51	100	2
3	7	204	0	0	0	526.559749	396.700569	3.745062	7.506241	-1	###FLOW###
4	7	204	0	0	0	526.559749	396.700569	3.745062	7.506241	-1	###LINE###
5	7	204	0	0	0	526.56	396.70	3.75	7.51	100	6
3	7	205	0	0	0	598.559739	396.700569	3.745062	7.506241	-1	###FLOW###
4	7	205	0	0	0	598.559739	396.700569	3.745062	7.506241	-1	###LINE###
5	7	205	0	0	0	598.56	396.70	3.75	7.51	100	9
3	7	206	0	0	0	670.559669	396.700569	3.745062	7.506241	-1	###FLOW###
4	7	206	0	0	0	670.559669	396.700569	3.745062	7.506241	-1	###LINE###
5	7	206	0	0	0	670.56	396.70	3.75	7.51	100	1
3	7	207	0	0	0	117.719948	408.940569	27.764648	7.506241	-1	###FLOW###
4	7	207	0	0	0	117.719948	408.940569	27.764648	7.506241	-1	###LINE###
5	7	207	0	0	0	117.72	408.94	27.76	7.51	100	Jefferson
3	7	208	0	0	0	221.759896	408.940569	20.591103	7.506241	-1	###FLOW###
4	7	208	0	0	0	221.759896	408.940569	20.591103	7.506241	-1	###LINE###
5	7	208	0	0	0	221.76	408.94	20.59	7.51	100	57,558
3	7	209	0	0	0	293.759856	408.940569	20.591103	7.506241	-1	###FLOW###
4	7	209	0	0	0	293.759856	408.940569	20.591103	7.506241	-1	###LINE###
5	7	209	0	0	0	293.76	408.94	20.59	7.51	100	27,018
3	7	210	0	0	0	369.479836	408.940569	16.846042	7.506241	-1	###FLOW###
4	7	210	0	0	0	369.479836	408.940569	16.846042	7.506241	-1	###LINE###
5	7	210	0	0	0	369.48	408.94	16.85	7.51	100	5,876
3	7	211	0	0	0	441.479796	408.940569	16.846042	7.506241	-1	###FLOW###
4	7	211	0	0	0	441.479796	408.940569	16.846042	7.506241	-1	###LINE###
5	7	211	0	0	0	441.48	408.94	16.85	7.51	100	4,718
3	7	212	0	0	0	513.479756	408.940569	16.846042	7.506241	-1	###FLOW###
4	7	212	0	0	0	513.479756	408.940569	16.846042	7.506241	-1	###LINE###
5	7	212	0	0	0	513.48	408.94	16.85	7.51	100	1,335
3	7	213	0	0	0	591.119762	408.940569	11.235185	7.506241	-1	###FLOW###
4	7	213	0	0	0	591.119762	408.940569	11.235185	7.506241	-1	###LINE###
5	7	213	0	0	0	591.12	408.94	11.24	7.51	100	729
3	7	214	0	0	0	663.119691	408.940569	11.235185	7.506241	-1	###FLOW###
4	7	214	0	0	0	663.119691	408.940569	11.235185	7.506241	-1	###LINE###
5	7	214	0	0	0	663.12	408.94	11.24	7.51	100	861
3	7	215	0	0	0	117.719948	421.300565	32.203489	7.506241	-1	###FLOW###
4	7	215	0	0	0	117.719948	421.300565	32.203489	7.506241	-1	###LINE###
5	7	215	0	0	0	117.72	421.30	32.20	7.51	100	Jessamine
3	7	216	0	0	0	225.479901	421.300565	16.846042	7.506241	-1	###FLOW###
4	7	216	0	0	0	225.479901	421.300565	16.846042	7.506241	-1	###LINE###
5	7	216	0	0	0	225.48	421.30	16.85	7.51	100	1,387
3	7	217	0	0	0	297.479876	421.300565	16.846042	7.506241	-1	###FLOW###
4	7	217	0	0	0	297.479876	421.300565	16.846042	7.506241	-1	###LINE###
5	7	217	0	0	0	297.48	421.30	16.85	7.51	100	1,279
3	7	218	0	0	0	375.119820	421.300565	11.235185	7.506241	-1	###FLOW###
4	7	218	0	0	0	375.119820	421.300565	11.235185	7.506241	-1	###LINE###
5	7	218	0	0	0	375.12	421.30	11.24	7.51	100	323
3	7	219	0	0	0	447.119811	421.300565	11.235185	7.506241	-1	###FLOW###
4	7	219	0	0	0	447.119811	421.300565	11.235185	7.506241	-1	###LINE###
5	7	219	0	0	0	447.12	421.30	11.24	7.51	100	172
3	7	220	0	0	0	522.839760	421.300565	7.490123	7.506241	-1	###FLOW###
4	7	220	0	0	0	522.839760	421.300565	7.490123	7.506241	-1	###LINE###
5	7	220	0	0	0	522.84	421.30	7.49	7.51	100	85
3	7	221	0	0	0	594.839750	421.300565	7.490123	7.506241	-1	###FLOW###
4	7	221	0	0	0	594.839750	421.300565	7.490123	7.506241	-1	###LINE###
5	7	221	0	0	0	594.84	421.30	7.49	7.51	100	38
3	7	222	0	0	0	666.839679	421.300565	7.490123	7.506241	-1	###FLOW###
4	7	222	0	0	0	666.839679	421.300565	7.490123	7.506241	-1	###LINE###
5	7	222	0	0	0	666.84	421.30	7.49	7.51	100	41
3	7	223	0	0	0	117.719948	433.540564	25.373466	7.506241	-1	###FLOW###
4	7	223	0	0	0	117.719948	433.540564	25.373466	7.506241	-1	###LINE###
5	7	223	0	0	0	117.72	433.54	25.37	7.51	100	Johnson
3	7	224	0	0	0	231.119901	433.540564	11.235185	7.506241	-1	###FLOW###
4	7	224	0	0	0	231.119901	433.540564	11.235185	7.506241	-1	###LINE###
5	7	224	0	0	0	231.12	433.54	11.24	7.51	100	206
3	7	225	0	0	0	303.119860	433.540564	11.235185	7.506241	-1	###FLOW###
4	7	225	0	0	0	303.119860	433.540564	11.235185	7.506241	-1	###LINE###
5	7	225	0	0	0	303.12	433.54	11.24	7.51	100	246
3	7	226	0	0	0	378.839840	433.540564	7.490123	7.506241	-1	###FLOW###
4	7	226	0	0	0	378.839840	433.540564	7.490123	7.506241	-1	###LINE###
5	7	226	0	0	0	378.84	433.54	7.49	7.51	100	20
3	7	227	0	0	0	450.839800	433.540564	7.490123	7.506241	-1	###FLOW###
4	7	227	0	0	0	450.839800	433.540564	7.490123	7.506241	-1	###LINE###
5	7	227	0	0	0	450.84	433.54	7.49	7.51	100	11
3	7	228	0	0	0	522.839760	433.540564	7.490123	7.506241	-1	###FLOW###
4	7	228	0	0	0	522.839760	433.540564	7.490123	7.506241	-1	###LINE###
5	7	228	0	0	0	522.84	433.54	7.49	7.51	100	30
3	7	229	0	0	0	594.839750	433.540564	7.490123	7.506241	-1	###FLOW###
4	7	229	0	0	0	594.839750	433.540564	7.490123	7.506241	-1	###LINE###
5	7	229	0	0	0	594.84	433.54	7.49	7.51	100	49
3	7	230	0	0	0	666.839679	433.540564	7.490123	7.506241	-1	###FLOW###
4	7	230	0	0	0	666.839679	433.540564	7.490123	7.506241	-1	###LINE###
5	7	230	0	0	0	666.84	433.54	7.49	7.51	100	37
3	7	231	0	0	0	117.719948	445.900561	21.257940	7.506241	-1	###FLOW###
4	7	231	0	0	0	117.719948	445.900561	21.257940	7.506241	-1	###LINE###
5	7	231	0	0	0	117.72	445.90	21.26	7.51	100	Kenton
3	7	232	0	0	0	225.479901	445.900561	16.846042	7.506241	-1	###FLOW###
4	7	232	0	0	0	225.479901	445.900561	16.846042	7.506241	-1	###LINE###
5	7	232	0	0	0	225.48	445.90	16.85	7.51	100	4,157
3	7	233	0	0	0	297.479876	445.900561	16.846042	7.506241	-1	###FLOW###
4	7	233	0	0	0	297.479876	445.900561	16.846042	7.506241	-1	###LINE###
5	7	233	0	0	0	297.48	445.90	16.85	7.51	100	4,477
3	7	234	0	0	0	375.119820	445.900561	11.235185	7.506241	-1	###FLOW###
4	7	234	0	0	0	375.119820	445.900561	11.235185	7.506241	-1	###LINE###
5	7	234	0	0	0	375.12	445.90	11.24	7.51	100	458
3	7	235	0	0	0	447.119811	445.900561	11.235185	7.506241	-1	###FLOW###
4	7	235	0	0	0	447.119811	445.900561	11.235185	7.506241	-1	###LINE###
5	7	235	0	0	0	447.12	445.90	11.24	7.51	100	169
3	7	236	0	0	0	519.119770	445.900561	11.235185	7.506241	-1	###FLOW###
4	7	236	0	0	0	519.119770	445.900561	11.235185	7.506241	-1	###LINE###
5	7	236	0	0	0	519.12	445.90	11.24	7.51	100	253
3	7	237	0	0	0	591.119762	445.900561	11.235185	7.506241	-1	###FLOW###
4	7	237	0	0	0	591.119762	445.900561	11.235185	7.506241	-1	###LINE###
5	7	237	0	0	0	591.12	445.90	11.24	7.51	100	125
3	7	238	0	0	0	663.119691	445.900561	11.235185	7.506241	-1	###FLOW###
4	7	238	0	0	0	663.119691	445.900561	11.235185	7.506241	-1	###LINE###
5	7	238	0	0	0	663.12	445.90	11.24	7.51	100	110
3	7	239	0	0	0	117.719948	458.140560	15.633612	7.506241	-1	###FLOW###
4	7	239	0	0	0	117.719948	458.140560	15.633612	7.506241	-1	###LINE###
5	7	239	0	0	0	117.72	458.14	15.63	7.51	100	Knott
3	7	240	0	0	0	231.119901	458.140560	11.235185	7.506241	-1	###FLOW###
4	7	240	0	0	0	231.119901	458.140560	11.235185	7.506241	-1	###LINE###
5	7	240	0	0	0	231.12	458.14	11.24	7.51	100	311
3	7	241	0	0	0	303.119860	458.140560	11.235185	7.506241	-1	###FLOW###
4	7	241	0	0	0	303.119860	458.140560	11.235185	7.506241	-1	###LINE###
5	7	241	0	0	0	303.12	458.14	11.24	7.51	100	434
3	7	242	0	0	0	375.119820	458.140560	11.235185	7.506241	-1	###FLOW###
4	7	242	0	0	0	375.119820	458.140560	11.235185	7.506241	-1	###LINE###
5	7	242	0	0	0	375.12	458.14	11.24	7.51	100	103
3	7	243	0	0	0	450.839800	458.140560	7.490123	7.506241	-1	###FLOW###
4	7	243	0	0	0	450.839800	458.140560	7.490123	7.506241	-1	###LINE###
5	7	243	0	0	0	450.84	458.14	7.49	7.51	100	56
3	7	244	0	0	0	522.839760	458.140560	7.490123	7.506241	-1	###FLOW###
4	7	244	0	0	0	522.839760	458.140560	7.490123	7.506241	-1	###LINE###
5	7	244	0	0	0	522.84	458.14	7.49	7.51	100	45
3	7	245	0	0	0	591.119762	458.140560	11.235185	7.506241	-1	###FLOW###
4	7	245	0	0	0	591.119762	458.140560	11.235185	7.506241	-1	###LINE###
5	7	245	0	0	0	591.12	458.14	11.24	7.51	100	102
3	7	246	0	0	0	663.119691	458.140560	11.235185	7.506241	-1	###FLOW###
4	7	246	0	0	0	663.119691	458.140560	11.235185	7.506241	-1	###LINE###
5	7	246	0	0	0	663.12	458.14	11.24	7.51	100	186
3	7	247	0	0	0	117.719948	470.500587	15.269883	7.506241	-1	###FLOW###
4	7	247	0	0	0	117.719948	470.500587	15.269883	7.506241	-1	###LINE###
5	7	247	0	0	0	117.72	470.50	15.27	7.51	100	Knox
3	7	248	0	0	0	231.119901	470.500587	11.235185	7.506241	-1	###FLOW###
4	7	248	0	0	0	231.119901	470.500587	11.235185	7.506241	-1	###LINE###
5	7	248	0	0	0	231.12	470.50	11.24	7.51	100	254
3	7	249	0	0	0	303.119860	470.500587	11.235185	7.506241	-1	###FLOW###
4	7	249	0	0	0	303.119860	470.500587	11.235185	7.506241	-1	###LINE###
5	7	249	0	0	0	303.12	470.50	11.24	7.51	100	272
3	7	250	0	0	0	378.839840	470.500587	7.490123	7.506241	-1	###FLOW###
4	7	250	0	0	0	378.839840	470.500587	7.490123	7.506241	-1	###LINE###
5	7	250	0	0	0	378.84	470.50	7.49	7.51	100	37
3	7	251	0	0	0	450.839800	470.500587	7.490123	7.506241	-1	###FLOW###
4	7	251	0	0	0	450.839800	470.500587	7.490123	7.506241	-1	###LINE###
5	7	251	0	0	0	450.84	470.50	7.49	7.51	100	20
3	7	252	0	0	0	522.839760	470.500587	7.490123	7.506241	-1	###FLOW###
4	7	252	0	0	0	522.839760	470.500587	7.490123	7.506241	-1	###LINE###
5	7	252	0	0	0	522.84	470.50	7.49	7.51	100	26
3	7	253	0	0	0	594.839750	470.500587	7.490123	7.506241	-1	###FLOW###
4	7	253	0	0	0	594.839750	470.500587	7.490123	7.506241	-1	###LINE###
5	7	253	0	0	0	594.84	470.50	7.49	7.51	100	44
3	7	254	0	0	0	666.839679	470.500587	7.490123	7.506241	-1	###FLOW###
4	7	254	0	0	0	666.839679	470.500587	7.490123	7.506241	-1	###LINE###
5	7	254	0	0	0	666.84	470.50	7.49	7.51	100	20
3	7	255	0	0	0	117.719948	482.740586	17.223242	7.506241	-1	###FLOW###
4	7	255	0	0	0	117.719948	482.740586	17.223242	7.506241	-1	###LINE###
5	7	255	0	0	0	117.72	482.74	17.22	7.51	100	Larue
3	7	256	0	0	0	231.119901	482.740586	11.235185	7.506241	-1	###FLOW###
4	7	256	0	0	0	231.119901	482.740586	11.235185	7.506241	-1	###LINE###
5	7	256	0	0	0	231.12	482.74	11.24	7.51	100	335
3	7	257	0	0	0	303.119860	482.740586	11.235185	7.506241	-1	###FLOW###
4	7	257	0	0	0	303.119860	482.740586	11.235185	7.506241	-1	###LINE###
5	7	257	0	0	0	303.12	482.74	11.24	7.51	100	369
3	7	258	0	0	0	378.839840	482.740586	7.490123	7.506241	-1	###FLOW###
4	7	258	0	0	0	378.839840	482.740586	7.490123	7.506241	-1	###LINE###
5	7	258	0	0	0	378.84	482.74	7.49	7.51	100	60
3	7	259	0	0	0	450.839800	482.740586	7.490123	7.506241	-1	###FLOW###
4	7	259	0	0	0	450.839800	482.740586	7.490123	7.506241	-1	###LINE###
5	7	259	0	0	0	450.84	482.74	7.49	7.51	100	59
3	7	260	0	0	0	522.839760	482.740586	7.490123	7.506241	-1	###FLOW###
4	7	260	0	0	0	522.839760	482.740586	7.490123	7.506241	-1	###LINE###
5	7	260	0	0	0	522.84	482.74	7.49	7.51	100	49
3	7	261	0	0	0	594.839750	482.740586	7.490123	7.506241	-1	###FLOW###
4	7	261	0	0	0	594.839750	482.740586	7.490123	7.506241	-1	###LINE###
5	7	261	0	0	0	594.84	482.74	7.49	7.51	100	36
3	7	262	0	0	0	666.839679	482.740586	7.490123	7.506241	-1	###FLOW###
4	7	262	0	0	0	666.839679	482.740586	7.490123	7.506241	-1	###LINE###
5	7	262	0	0	0	666.84	482.74	7.49	7.51	100	28
3	7	263	0	0	0	117.719948	495.100581	18.637744	7.506241	-1	###FLOW###
4	7	263	0	0	0	117.719948	495.100581	18.637744	7.506241	-1	###LINE###
5	7	263	0	0	0	117.72	495.10	18.64	7.51	100	Laurel
3	7	264	0	0	0	231.119901	495.100581	11.235185	7.506241	-1	###FLOW###
4	7	264	0	0	0	231.119901	495.100581	11.235185	7.506241	-1	###LINE###
5	7	264	0	0	0	231.12	495.10	11.24	7.51	100	629
3	7	265	0	0	0	303.119860	495.100581	11.235185	7.506241	-1	###FLOW###
4	7	265	0	0	0	303.119860	495.100581	11.235185	7.506241	-1	###LINE###
5	7	265	0	0	0	303.12	495.10	11.24	7.51	100	599
3	7	266	0	0	0	378.839840	495.100581	7.490123	7.506241	-1	###FLOW###
4	7	266	0	0	0	378.839840	495.100581	7.490123	7.506241	-1	###LINE###
5	7	266	0	0	0	378.84	495.10	7.49	7.51	100	54
3	7	267	0	0	0	450.839800	495.100581	7.490123	7.506241	-1	###FLOW###
4	7	267	0	0	0	450.839800	495.100581	7.490123	7.506241	-1	###LINE###
5	7	267	0	0	0	450.84	495.10	7.49	7.51	100	42
3	7	268	0	0	0	522.839760	495.100581	7.490123	7.506241	-1	###FLOW###
4	7	268	0	0	0	522.839760	495.100581	7.490123	7.506241	-1	###LINE###
5	7	268	0	0	0	522.84	495.10	7.49	7.51	100	50
3	7	269	0	0	0	594.839750	495.100581	7.490123	7.506241	-1	###FLOW###
4	7	269	0	0	0	594.839750	495.100581	7.490123	7.506241	-1	###LINE###
5	7	269	0	0	0	594.84	495.10	7.49	7.51	100	61
3	7	270	0	0	0	666.839679	495.100581	7.490123	7.506241	-1	###FLOW###
4	7	270	0	0	0	666.839679	495.100581	7.490123	7.506241	-1	###LINE###
5	7	270	0	0	0	666.84	495.10	7.49	7.51	100	32
3	7	271	0	0	0	117.719948	507.340582	28.963606	7.506241	-1	###FLOW###
4	7	271	0	0	0	117.719948	507.340582	28.963606	7.506241	-1	###LINE###
5	7	271	0	0	0	117.72	507.34	28.96	7.51	100	Lawrence
3	7	272	0	0	0	231.119901	507.340582	11.235185	7.506241	-1	###FLOW###
4	7	272	0	0	0	231.119901	507.340582	11.235185	7.506241	-1	###LINE###
5	7	272	0	0	0	231.12	507.34	11.24	7.51	100	202
3	7	273	0	0	0	303.119860	507.340582	11.235185	7.506241	-1	###FLOW###
4	7	273	0	0	0	303.119860	507.340582	11.235185	7.506241	-1	###LINE###
5	7	273	0	0	0	303.12	507.34	11.24	7.51	100	240
3	7	274	0	0	0	378.839840	507.340582	7.490123	7.506241	-1	###FLOW###
4	7	274	0	0	0	378.839840	507.340582	7.490123	7.506241	-1	###LINE###
5	7	274	0	0	0	378.84	507.34	7.49	7.51	100	25
3	7	275	0	0	0	450.839800	507.340582	7.490123	7.506241	-1	###FLOW###
4	7	275	0	0	0	450.839800	507.340582	7.490123	7.506241	-1	###LINE###
5	7	275	0	0	0	450.84	507.34	7.49	7.51	100	10
3	7	276	0	0	0	522.839760	507.340582	7.490123	7.506241	-1	###FLOW###
4	7	276	0	0	0	522.839760	507.340582	7.490123	7.506241	-1	###LINE###
5	7	276	0	0	0	522.84	507.34	7.49	7.51	100	16
3	7	277	0	0	0	594.839750	507.340582	7.490123	7.506241	-1	###FLOW###
4	7	277	0	0	0	594.839750	507.340582	7.490123	7.506241	-1	###LINE###
5	7	277	0	0	0	594.84	507.34	7.49	7.51	100	43
3	7	278	0	0	0	666.839679	507.340582	7.490123	7.506241	-1	###FLOW###
4	7	278	0	0	0	666.839679	507.340582	7.490123	7.506241	-1	###LINE###
5	7	278	0	0	0	666.84	507.34	7.49	7.51	100	22
3	7	279	0	0	0	117.719948	519.700516	11.235185	7.506241	-1	###FLOW###
4	7	279	0	0	0	117.719948	519.700516	11.235185	7.506241	-1	###LINE###
5	7	279	0	0	0	117.72	519.70	11.24	7.51	100	Lee
3	7	280	0	0	0	234.839904	519.700516	7.490123	7.506241	-1	###FLOW###
4	7	280	0	0	0	234.839904	519.700516	7.490123	7.506241	-1	###LINE###
5	7	280	0	0	0	234.84	519.70	7.49	7.51	100	70
3	7	281	0	0	0	306.839849	519.700516	7.490123	7.506241	-1	###FLOW###
4	7	281	0	0	0	306.839849	519.700516	7.490123	7.506241	-1	###LINE###
5	7	281	0	0	0	306.84	519.70	7.49	7.51	100	79
3	7	282	0	0	0	382.559828	519.700516	3.745062	7.506241	-1	###FLOW###
4	7	282	0	0	0	382.559828	519.700516	3.745062	7.506241	-1	###LINE###
5	7	282	0	0	0	382.56	519.70	3.75	7.51	100	5
3	7	283	0	0	0	454.559789	519.700516	3.745062	7.506241	-1	###FLOW###
4	7	283	0	0	0	454.559789	519.700516	3.745062	7.506241	-1	###LINE###
5	7	283	0	0	0	454.56	519.70	3.75	7.51	100	8
3	7	284	0	0	0	522.839760	519.700516	7.490123	7.506241	-1	###FLOW###
4	7	284	0	0	0	522.839760	519.700516	7.490123	7.506241	-1	###LINE###
5	7	284	0	0	0	522.84	519.70	7.49	7.51	100	10
3	7	285	0	0	0	594.839750	519.700516	7.490123	7.506241	-1	###FLOW###
4	7	285	0	0	0	594.839750	519.700516	7.490123	7.506241	-1	###LINE###
5	7	285	0	0	0	594.84	519.70	7.49	7.51	100	12
3	7	286	0	0	0	670.559669	519.700516	3.745062	7.506241	-1	###FLOW###
4	7	286	0	0	0	670.559669	519.700516	3.745062	7.506241	-1	###LINE###
5	7	286	0	0	0	670.56	519.70	3.75	7.51	100	9
3	7	287	0	0	0	117.719948	531.940547	17.357957	7.506241	-1	###FLOW###
4	7	287	0	0	0	117.719948	531.940547	17.357957	7.506241	-1	###LINE###
5	7	287	0	0	0	117.72	531.94	17.36	7.51	100	Leslie
3	7	288	0	0	0	234.839904	531.940547	7.490123	7.506241	-1	###FLOW###
4	7	288	0	0	0	234.839904	531.940547	7.490123	7.506241	-1	###LINE###
5	7	288	0	0	0	234.84	531.94	7.49	7.51	100	23
3	7	289	0	0	0	306.839849	531.940547	7.490123	7.506241	-1	###FLOW###
4	7	289	0	0	0	306.839849	531.940547	7.490123	7.506241	-1	###LINE###
5	7	289	0	0	0	306.84	531.94	7.49	7.51	100	27
3	7	290	0	0	0	382.559828	531.940547	3.745062	7.506241	-1	###FLOW###
4	7	290	0	0	0	382.559828	531.940547	3.745062	7.506241	-1	###LINE###
5	7	290	0	0	0	382.56	531.94	3.75	7.51	100	7
3	7	291	0	0	0	454.559789	531.940547	3.745062	7.506241	-1	###FLOW###
4	7	291	0	0	0	454.559789	531.940547	3.745062	7.506241	-1	###LINE###
5	7	291	0	0	0	454.56	531.94	3.75	7.51	100	2
3	7	292	0	0	0	526.559749	531.940547	3.745062	7.506241	-1	###FLOW###
4	7	292	0	0	0	526.559749	531.940547	3.745062	7.506241	-1	###LINE###
5	7	292	0	0	0	526.56	531.94	3.75	7.51	100	4
3	7	293	0	0	0	598.559739	531.940547	3.745062	7.506241	-1	###FLOW###
4	7	293	0	0	0	598.559739	531.940547	3.745062	7.506241	-1	###LINE###
5	7	293	0	0	0	598.56	531.94	3.75	7.51	100	4
3	7	294	0	0	0	670.559669	531.940547	3.745062	7.506241	-1	###FLOW###
4	7	294	0	0	0	670.559669	531.940547	3.745062	7.506241	-1	###LINE###
5	7	294	0	0	0	670.56	531.94	3.75	7.51	100	2
3	7	295	0	0	0	117.719948	544.300542	22.456899	7.506241	-1	###FLOW###
4	7	295	0	0	0	117.719948	544.300542	22.456899	7.506241	-1	###LINE###
5	7	295	0	0	0	117.72	544.30	22.46	7.51	100	Letcher
3	7	296	0	0	0	231.119901	544.300542	11.235185	7.506241	-1	###FLOW###
4	7	296	0	0	0	231.119901	544.300542	11.235185	7.506241	-1	###LINE###
5	7	296	0	0	0	231.12	544.30	11.24	7.51	100	455
3	7	297	0	0	0	303.119860	544.300542	11.235185	7.506241	-1	###FLOW###
4	7	297	0	0	0	303.119860	544.300542	11.235185	7.506241	-1	###LINE###
5	7	297	0	0	0	303.12	544.30	11.24	7.51	100	445
3	7	298	0	0	0	378.839840	544.300542	7.490123	7.506241	-1	###FLOW###
4	7	298	0	0	0	378.839840	544.300542	7.490123	7.506241	-1	###LINE###
5	7	298	0	0	0	378.84	544.30	7.49	7.51	100	41
3	7	299	0	0	0	450.839800	544.300542	7.490123	7.506241	-1	###FLOW###
4	7	299	0	0	0	450.839800	544.300542	7.490123	7.506241	-1	###LINE###
5	7	299	0	0	0	450.84	544.30	7.49	7.51	100	33
3	7	300	0	0	0	522.839760	544.300542	7.490123	7.506241	-1	###FLOW###
4	7	300	0	0	0	522.839760	544.300542	7.490123	7.506241	-1	###LINE###
5	7	300	0	0	0	522.84	544.30	7.49	7.51	100	46
3	7	301	0	0	0	594.839750	544.300542	7.490123	7.506241	-1	###FLOW###
4	7	301	0	0	0	594.839750	544.300542	7.490123	7.506241	-1	###LINE###
5	7	301	0	0	0	594.84	544.30	7.49	7.51	100	81
3	7	302	0	0	0	666.839679	544.300542	7.490123	7.506241	-1	###FLOW###
4	7	302	0	0	0	666.839679	544.300542	7.490123	7.506241	-1	###LINE###
5	7	302	0	0	0	666.84	544.30	7.49	7.51	100	46
1	8	0	0	0	0	0.000000	0.000000	792.000000	612.000000	-1	###PAGE###
3	8	0	0	0	0	35.999984	54.115290	161.717484	13.404001	-1	###FLOW###
4	8	0	0	0	0	35.999984	54.115290	161.717484	13.404001	-1	###LINE###
5	8	0	0	0	0	36.00	54.12	89.61	13.40	100	Commonwealth
5	8	0	0	0	1	128.96	54.12	11.34	13.40	100	of
5	8	0	0	0	2	143.60	54.12	54.11	13.40	100	Kentucky
3	8	1	0	0	0	289.919866	54.115290	212.006871	13.404001	-1	###FLOW###
4	8	1	0	0	0	289.919866	54.115290	212.006871	13.404001	-1	###LINE###
5	8	1	0	0	0	289.92	54.12	44.08	13.40	100	Michael
5	8	1	0	0	1	337.41	54.12	12.68	13.40	100	G.
5	8	1	0	0	2	353.49	54.12	43.05	13.40	100	Adams,
5	8	1	0	0	3	399.93	54.12	54.93	13.40	100	Secretary
5	8	1	0	0	4	457.88	54.12	11.34	13.40	100	of
5	8	1	0	0	5	472.53	54.12	29.40	13.40	100	State
3	8	2	0	0	0	584.279730	54.115290	171.664703	13.404001	-1	###FLOW###
4	8	2	0	0	0	584.279730	54.115290	171.664703	13.404001	-1	###LINE###
5	8	2	0	0	0	584.28	54.12	26.75	13.40	100	2026
5	8	2	0	0	1	614.48	54.12	44.77	13.40	100	Primary
5	8	2	0	0	2	662.37	54.12	46.85	13.40	100	Election
5	8	2	0	0	3	712.52	54.12	43.42	13.40	100	Results
3	8	3	0	0	0	219.359910	90.100612	22.948606	7.506241	-1	###FLOW###
4	8	3	0	0	0	219.359910	90.100612	22.948606	7.506241	-1	###LINE###
5	8	3	0	0	0	219.36	90.10	22.95	7.51	100	Charles
3	8	4	0	0	0	300.959861	90.100612	13.464709	7.506241	-1	###FLOW###
4	8	4	0	0	0	300.959861	90.100612	13.464709	7.506241	-1	###LINE###
5	8	4	0	0	0	300.96	90.10	13.46	7.51	100	Amy
3	8	5	0	0	0	363.719851	90.100612	22.584877	7.506241	-1	###FLOW###
4	8	5	0	0	0	363.719851	90.100612	22.584877	7.506241	-1	###LINE###
5	8	5	0	0	0	363.72	90.10	22.58	7.51	100	Pamela
3	8	6	0	0	0	425.759798	90.100612	32.526804	7.506241	-1	###FLOW###
4	8	6	0	0	0	425.759798	90.100612	32.526804	7.506241	-1	###LINE###
5	8	6	0	0	0	425.76	90.10	13.58	7.51	100	Dale
5	8	6	0	0	1	441.18	90.10	17.10	7.51	100	Lewis
3	8	7	0	0	0	511.679793	90.100612	18.644480	7.506241	-1	###FLOW###
4	8	7	0	0	0	511.679793	90.100612	18.644480	7.506241	-1	###LINE###
5	8	7	0	0	0	511.68	90.10	18.64	7.51	100	Logan
3	8	8	0	0	0	199.799907	98.004428	42.634234	10.857240	-1	###FLOW###
4	8	8	0	0	0	199.799907	98.004428	42.634234	10.857240	-1	###LINE###
5	8	8	0	0	0	199.80	98.00	42.63	10.86	100	BOOKER
3	8	9	0	0	0	266.879892	98.004428	47.534833	10.857240	-1	###FLOW###
4	8	9	0	0	0	266.879892	98.004428	47.534833	10.857240	-1	###LINE###
5	8	9	0	0	0	266.88	98.00	47.53	10.86	100	McGRATH
3	8	10	0	0	0	326.519839	98.004428	59.830172	10.857240	-1	###FLOW###
4	8	10	0	0	0	326.519839	98.004428	59.830172	10.857240	-1	###LINE###
5	8	10	0	0	0	326.52	98.00	59.83	10.86	100	STEVENSON
3	8	11	0	0	0	415.679816	98.004428	42.673205	10.857240	-1	###FLOW###
4	8	11	0	0	0	415.679816	98.004428	42.673205	10.857240	-1	###LINE###
5	8	11	0	0	0	415.68	98.00	42.67	10.86	100	ROMANS
3	8	12	0	0	0	477.719794	98.004428	52.562088	10.857240	-1	###FLOW###
4	8	12	0	0	0	477.719794	98.004428	52.562088	10.857240	-1	###LINE###
5	8	12	0	0	0	477.72	98.00	52.56	10.86	100	FORSYTHE
3	8	13	0	0	0	553.919750	90.100612	48.503937	7.506241	-1	###FLOW###
4	8	13	0	0	0	553.919750	90.100612	48.503937	7.506241	-1	###LINE###
5	8	13	0	0	0	553.92	90.10	22.19	7.51	100	Vincent
5	8	13	0	0	1	577.87	90.10	24.56	7.51	100	Anthony
3	8	14	0	0	0	652.679733	90.100612	21.648612	7.506241	-1	###FLOW###
4	8	14	0	0	0	652.679733	90.100612	21.648612	7.506241	-1	###LINE###
5	8	14	0	0	0	652.68	90.10	21.65	7.51	100	Joshua
3	8	15	0	0	0	117.719948	113.740577	16.980756	7.506241	-1	###FLOW###
4	8	15	0	0	0	117.719948	113.740577	16.980756	7.506241	-1	###LINE###
5	8	15	0	0	0	117.72	113.74	16.98	7.51	100	Lewis
3	8	16	0	0	0	234.839904	113.740577	7.490123	7.506241	-1	###FLOW###
4	8	16	0	0	0	234.839904	113.740577	7.490123	7.506241	-1	###LINE###
5	8	16	0	0	0	234.84	113.74	7.49	7.51	100	69
3	8	17	0	0	0	303.119860	113.740577	11.235185	7.506241	-1	###FLOW###
4	8	17	0	0	0	303.119860	113.740577	11.235185	7.506241	-1	###LINE###
5	8	17	0	0	0	303.12	113.74	11.24	7.51	100	104
3	8	18	0	0	0	378.839840	113.740577	7.490123	7.506241	-1	###FLOW###
4	8	18	0	0	0	378.839840	113.740577	7.490123	7.506241	-1	###LINE###
5	8	18	0	0	0	378.84	113.74	7.49	7.51	100	15
3	8	19	0	0	0	454.559789	113.740577	3.745062	7.506241	-1	###FLOW###
4	8	19	0	0	0	454.559789	113.740577	3.745062	7.506241	-1	###LINE###
5	8	19	0	0	0	454.56	113.74	3.75	7.51	100	6
3	8	20	0	0	0	526.559749	113.740577	3.745062	7.506241	-1	###FLOW###
4	8	20	0	0	0	526.559749	113.740577	3.745062	7.506241	-1	###LINE###
5	8	20	0	0	0	526.56	113.74	3.75	7.51	100	3
3	8	21	0	0	0	598.559739	113.740577	3.745062	7.506241	-1	###FLOW###
4	8	21	0	0	0	598.559739	113.740577	3.745062	7.506241	-1	###LINE###
5	8	21	0	0	0	598.56	113.74	3.75	7.51	100	4
3	8	22	0	0	0	670.559669	113.740577	3.745062	7.506241	-1	###FLOW###
4	8	22	0	0	0	670.559669	113.740577	3.745062	7.506241	-1	###LINE###
5	8	22	0	0	0	670.56	113.74	3.75	7.51	100	3
3	8	23	0	0	0	117.719948	126.100573	21.143433	7.506241	-1	###FLOW###
4	8	23	0	0	0	117.719948	126.100573	21.143433	7.506241	-1	###LINE###
5	8	23	0	0	0	117.72	126.10	21.14	7.51	100	Lincoln
3	8	24	0	0	0	231.119901	126.100573	11.235185	7.506241	-1	###FLOW###
4	8	24	0	0	0	231.119901	126.100573	11.235185	7.506241	-1	###LINE###
5	8	24	0	0	0	231.12	126.10	11.24	7.51	100	322
3	8	25	0	0	0	303.119860	126.100573	11.235185	7.506241	-1	###FLOW###
4	8	25	0	0	0	303.119860	126.100573	11.235185	7.506241	-1	###LINE###
5	8	25	0	0	0	303.12	126.10	11.24	7.51	100	357
3	8	26	0	0	0	378.839840	126.100573	7.490123	7.506241	-1	###FLOW###
4	8	26	0	0	0	378.839840	126.100573	7.490123	7.506241	-1	###LINE###
5	8	26	0	0	0	378.84	126.10	7.49	7.51	100	53
3	8	27	0	0	0	450.839800	126.100573	7.490123	7.506241	-1	###FLOW###
4	8	27	0	0	0	450.839800	126.100573	7.490123	7.506241	-1	###LINE###
5	8	27	0	0	0	450.84	126.10	7.49	7.51	100	33
3	8	28	0	0	0	522.839760	126.100573	7.490123	7.506241	-1	###FLOW###
4	8	28	0	0	0	522.839760	126.100573	7.490123	7.506241	-1	###LINE###
5	8	28	0	0	0	522.84	126.10	7.49	7.51	100	49
3	8	29	0	0	0	594.839750	126.100573	7.490123	7.506241	-1	###FLOW###
4	8	29	0	0	0	594.839750	126.100573	7.490123	7.506241	-1	###LINE###
5	8	29	0	0	0	594.84	126.10	7.49	7.51	100	26
3	8	30	0	0	0	666.839679	126.100573	7.490123	7.506241	-1	###FLOW###
4	8	30	0	0	0	666.839679	126.100573	7.490123	7.506241	-1	###LINE###
5	8	30	0	0	0	666.84	126.10	7.49	7.51	100	20
3	8	31	0	0	0	117.719948	138.340573	30.533030	7.506241	-1	###FLOW###
4	8	31	0	0	0	117.719948	138.340573	30.533030	7.506241	-1	###LINE###
5	8	31	0	0	0	117.72	138.34	30.53	7.51	100	Livingston
3	8	32	0	0	0	231.119901	138.340573	11.235185	7.506241	-1	###FLOW###
4	8	32	0	0	0	231.119901	138.340573	11.235185	7.506241	-1	###LINE###
5	8	32	0	0	0	231.12	138.34	11.24	7.51	100	115
3	8	33	0	0	0	303.119860	138.340573	11.235185	7.506241	-1	###FLOW###
4	8	33	0	0	0	303.119860	138.340573	11.235185	7.506241	-1	###LINE###
5	8	33	0	0	0	303.12	138.34	11.24	7.51	100	230
3	8	34	0	0	0	378.839840	138.340573	7.490123	7.506241	-1	###FLOW###
4	8	34	0	0	0	378.839840	138.340573	7.490123	7.506241	-1	###LINE###
5	8	34	0	0	0	378.84	138.34	7.49	7.51	100	31
3	8	35	0	0	0	454.559789	138.340573	3.745062	7.506241	-1	###FLOW###
4	8	35	0	0	0	454.559789	138.340573	3.745062	7.506241	-1	###LINE###
5	8	35	0	0	0	454.56	138.34	3.75	7.51	100	7
3	8	36	0	0	0	522.839760	138.340573	7.490123	7.506241	-1	###FLOW###
4	8	36	0	0	0	522.839760	138.340573	7.490123	7.506241	-1	###LINE###
5	8	36	0	0	0	522.84	138.34	7.49	7.51	100	47
3	8	37	0	0	0	594.839750	138.340573	7.490123	7.506241	-1	###FLOW###
4	8	37	0	0	0	594.839750	138.340573	7.490123	7.506241	-1	###LINE###
5	8	37	0	0	0	594.84	138.34	7.49	7.51	100	21
3	8	38	0	0	0	666.839679	138.340573	7.490123	7.506241	-1	###FLOW###
4	8	38	0	0	0	666.839679	138.340573	7.490123	7.506241	-1	###LINE###
5	8	38	0	0	0	666.84	138.34	7.49	7.51	100	33
3	8	39	0	0	0	117.719948	150.700569	18.644480	7.506241	-1	###FLOW###
4	8	39	0	0	0	117.719948	150.700569	18.644480	7.506241	-1	###LINE###
5	8	39	0	0	0	117.72	150.70	18.64	7.51	100	Logan
3	8	40	0	0	0	231.119901	150.700569	11.235185	7.506241	-1	###FLOW###
4	8	40	0	0	0	231.119901	150.700569	11.235185	7.506241	-1	###LINE###
5	8	40	0	0	0	231.12	150.70	11.24	7.51	100	434
3	8	41	0	0	0	303.119860	150.700569	11.235185	7.506241	-1	###FLOW###
4	8	41	0	0	0	303.119860	150.700569	11.235185	7.506241	-1	###LINE###
5	8	41	0	0	0	303.12	150.70	11.24	7.51	100	610
3	8	42	0	0	0	378.839840	150.700569	7.490123	7.506241	-1	###FLOW###
4	8	42	0	0	0	378.839840	150.700569	7.490123	7.506241	-1	###LINE###
5	8	42	0	0	0	378.84	150.70	7.49	7.51	100	62
3	8	43	0	0	0	450.839800	150.700569	7.490123	7.506241	-1	###FLOW###
4	8	43	0	0	0	450.839800	150.700569	7.490123	7.506241	-1	###LINE###
5	8	43	0	0	0	450.84	150.70	7.49	7.51	100	39
3	8	44	0	0	0	522.839760	150.700569	7.490123	7.506241	-1	###FLOW###
4	8	44	0	0	0	522.839760	150.700569	7.490123	7.506241	-1	###LINE###
5	8	44	0	0	0	522.84	150.70	7.49	7.51	100	62
3	8	45	0	0	0	594.839750	150.700569	7.490123	7.506241	-1	###FLOW###
4	8	45	0	0	0	594.839750	150.700569	7.490123	7.506241	-1	###LINE###
5	8	45	0	0	0	594.84	150.70	7.49	7.51	100	40
3	8	46	0	0	0	666.839679	150.700569	7.490123	7.506241	-1	###FLOW###
4	8	46	0	0	0	666.839679	150.700569	7.490123	7.506241	-1	###LINE###
5	8	46	0	0	0	666.84	150.70	7.49	7.51	100	81
3	8	47	0	0	0	117.719948	162.940568	14.448125	7.506241	-1	###FLOW###
4	8	47	0	0	0	117.719948	162.940568	14.448125	7.506241	-1	###LINE###
5	8	47	0	0	0	117.72	162.94	14.45	7.51	100	Lyon
3	8	48	0	0	0	231.119901	162.940568	11.235185	7.506241	-1	###FLOW###
4	8	48	0	0	0	231.119901	162.940568	11.235185	7.506241	-1	###LINE###
5	8	48	0	0	0	231.12	162.94	11.24	7.51	100	111
3	8	49	0	0	0	303.119860	162.940568	11.235185	7.506241	-1	###FLOW###
4	8	49	0	0	0	303.119860	162.940568	11.235185	7.506241	-1	###LINE###
5	8	49	0	0	0	303.12	162.94	11.24	7.51	100	193
3	8	50	0	0	0	378.839840	162.940568	7.490123	7.506241	-1	###FLOW###
4	8	50	0	0	0	378.839840	162.940568	7.490123	7.506241	-1	###LINE###
5	8	50	0	0	0	378.84	162.94	7.49	7.51	100	12
3	8	51	0	0	0	454.559789	162.940568	3.745062	7.506241	-1	###FLOW###
4	8	51	0	0	0	454.559789	162.940568	3.745062	7.506241	-1	###LINE###
5	8	51	0	0	0	454.56	162.94	3.75	7.51	100	6
3	8	52	0	0	0	519.119770	162.940568	11.235185	7.506241	-1	###FLOW###
4	8	52	0	0	0	519.119770	162.940568	11.235185	7.506241	-1	###LINE###
5	8	52	0	0	0	519.12	162.94	11.24	7.51	100	162
3	8	53	0	0	0	598.559739	162.940568	3.745062	7.506241	-1	###FLOW###
4	8	53	0	0	0	598.559739	162.940568	3.745062	7.506241	-1	###LINE###
5	8	53	0	0	0	598.56	162.94	3.75	7.51	100	9
3	8	54	0	0	0	666.839679	162.940568	7.490123	7.506241	-1	###FLOW###
4	8	54	0	0	0	666.839679	162.940568	7.490123	7.506241	-1	###LINE###
5	8	54	0	0	0	666.84	162.94	7.49	7.51	100	10
3	8	55	0	0	0	117.719948	175.300595	25.454295	7.506241	-1	###FLOW###
4	8	55	0	0	0	117.719948	175.300595	25.454295	7.506241	-1	###LINE###
5	8	55	0	0	0	117.72	175.30	25.45	7.51	100	Madison
3	8	56	0	0	0	225.479901	175.300595	16.846042	7.506241	-1	###FLOW###
4	8	56	0	0	0	225.479901	175.300595	16.846042	7.506241	-1	###LINE###
5	8	56	0	0	0	225.48	175.30	16.85	7.51	100	3,270
3	8	57	0	0	0	297.479876	175.300595	16.846042	7.506241	-1	###FLOW###
4	8	57	0	0	0	297.479876	175.300595	16.846042	7.506241	-1	###LINE###
5	8	57	0	0	0	297.48	175.30	16.85	7.51	100	2,102
3	8	58	0	0	0	375.119820	175.300595	11.235185	7.506241	-1	###FLOW###
4	8	58	0	0	0	375.119820	175.300595	11.235185	7.506241	-1	###LINE###
5	8	58	0	0	0	375.12	175.30	11.24	7.51	100	561
3	8	59	0	0	0	447.119811	175.300595	11.235185	7.506241	-1	###FLOW###
4	8	59	0	0	0	447.119811	175.300595	11.235185	7.506241	-1	###LINE###
5	8	59	0	0	0	447.12	175.30	11.24	7.51	100	271
3	8	60	0	0	0	519.119770	175.300595	11.235185	7.506241	-1	###FLOW###
4	8	60	0	0	0	519.119770	175.300595	11.235185	7.506241	-1	###LINE###
5	8	60	0	0	0	519.12	175.30	11.24	7.51	100	172
3	8	61	0	0	0	591.119762	175.300595	11.235185	7.506241	-1	###FLOW###
4	8	61	0	0	0	591.119762	175.300595	11.235185	7.506241	-1	###LINE###
5	8	61	0	0	0	591.12	175.30	11.24	7.51	100	105
3	8	62	0	0	0	666.839679	175.300595	7.490123	7.506241	-1	###FLOW###
4	8	62	0	0	0	666.839679	175.300595	7.490123	7.506241	-1	###LINE###
5	8	62	0	0	0	666.84	175.30	7.49	7.51	100	82
3	8	63	0	0	0	117.719948	187.540594	25.939267	7.506241	-1	###FLOW###
4	8	63	0	0	0	117.719948	187.540594	25.939267	7.506241	-1	###LINE###
5	8	63	0	0	0	117.72	187.54	25.94	7.51	100	Magoffin
3	8	64	0	0	0	231.119901	187.540594	11.235185	7.506241	-1	###FLOW###
4	8	64	0	0	0	231.119901	187.540594	11.235185	7.506241	-1	###LINE###
5	8	64	0	0	0	231.12	187.54	11.24	7.51	100	299
3	8	65	0	0	0	303.119860	187.540594	11.235185	7.506241	-1	###FLOW###
4	8	65	0	0	0	303.119860	187.540594	11.235185	7.506241	-1	###LINE###
5	8	65	0	0	0	303.12	187.54	11.24	7.51	100	402
3	8	66	0	0	0	378.839840	187.540594	7.490123	7.506241	-1	###FLOW###
4	8	66	0	0	0	378.839840	187.540594	7.490123	7.506241	-1	###LINE###
5	8	66	0	0	0	378.84	187.54	7.49	7.51	100	31
3	8	67	0	0	0	450.839800	187.540594	7.490123	7.506241	-1	###FLOW###
4	8	67	0	0	0	450.839800	187.540594	7.490123	7.506241	-1	###LINE###
5	8	67	0	0	0	450.84	187.54	7.49	7.51	100	25
3	8	68	0	0	0	522.839760	187.540594	7.490123	7.506241	-1	###FLOW###
4	8	68	0	0	0	522.839760	187.540594	7.490123	7.506241	-1	###LINE###
5	8	68	0	0	0	522.84	187.54	7.49	7.51	100	32
3	8	69	0	0	0	594.839750	187.540594	7.490123	7.506241	-1	###FLOW###
4	8	69	0	0	0	594.839750	187.540594	7.490123	7.506241	-1	###LINE###
5	8	69	0	0	0	594.84	187.54	7.49	7.51	100	70
3	8	70	0	0	0	663.119691	187.540594	11.235185	7.506241	-1	###FLOW###
4	8	70	0	0	0	663.119691	187.540594	11.235185	7.506241	-1	###LINE###
5	8	70	0	0	0	663.12	187.54	11.24	7.51	100	166
3	8	71	0	0	0	117.719948	199.900589	20.685404	7.506241	-1	###FLOW###
4	8	71	0	0	0	117.719948	199.900589	20.685404	7.506241	-1	###LINE###
5	8	71	0	0	0	117.72	199.90	20.69	7.51	100	Marion
3	8	72	0	0	0	231.119901	199.900589	11.235185	7.506241	-1	###FLOW###
4	8	72	0	0	0	231.119901	199.900589	11.235185	7.506241	-1	###LINE###
5	8	72	0	0	0	231.12	199.90	11.24	7.51	100	848
3	8	73	0	0	0	297.479876	199.900589	16.846042	7.506241	-1	###FLOW###
4	8	73	0	0	0	297.479876	199.900589	16.846042	7.506241	-1	###LINE###
5	8	73	0	0	0	297.48	199.90	16.85	7.51	100	1,274
3	8	74	0	0	0	375.119820	199.900589	11.235185	7.506241	-1	###FLOW###
4	8	74	0	0	0	375.119820	199.900589	11.235185	7.506241	-1	###LINE###
5	8	74	0	0	0	375.12	199.90	11.24	7.51	100	103
3	8	75	0	0	0	447.119811	199.900589	11.235185	7.506241	-1	###FLOW###
4	8	75	0	0	0	447.119811	199.900589	11.235185	7.506241	-1	###LINE###
5	8	75	0	0	0	447.12	199.90	11.24	7.51	100	196
3	8	76	0	0	0	522.839760	199.900589	7.490123	7.506241	-1	###FLOW###
4	8	76	0	0	0	522.839760	199.900589	7.490123	7.506241	-1	###LINE###
5	8	76	0	0	0	522.84	199.90	7.49	7.51	100	65
3	8	77	0	0	0	591.119762	199.900589	11.235185	7.506241	-1	###FLOW###
4	8	77	0	0	0	591.119762	199.900589	11.235185	7.506241	-1	###LINE###
5	8	77	0	0	0	591.12	199.90	11.24	7.51	100	159
3	8	78	0	0	0	663.119691	199.900589	11.235185	7.506241	-1	###FLOW###
4	8	78	0	0	0	663.119691	199.900589	11.235185	7.506241	-1	###LINE###
5	8	78	0	0	0	663.12	199.90	11.24	7.51	100	109
3	8	79	0	0	0	117.719948	212.140590	25.252223	7.506241	-1	###FLOW###
4	8	79	0	0	0	117.719948	212.140590	25.252223	7.506241	-1	###LINE###
5	8	79	0	0	0	117.72	212.14	25.25	7.51	100	Marshall
3	8	80	0	0	0	231.119901	212.140590	11.235185	7.506241	-1	###FLOW###
4	8	80	0	0	0	231.119901	212.140590	11.235185	7.506241	-1	###LINE###
5	8	80	0	0	0	231.12	212.14	11.24	7.51	100	519
3	8	81	0	0	0	303.119860	212.140590	11.235185	7.506241	-1	###FLOW###
4	8	81	0	0	0	303.119860	212.140590	11.235185	7.506241	-1	###LINE###
5	8	81	0	0	0	303.12	212.14	11.24	7.51	100	852
3	8	82	0	0	0	375.119820	212.140590	11.235185	7.506241	-1	###FLOW###
4	8	82	0	0	0	375.119820	212.140590	11.235185	7.506241	-1	###LINE###
5	8	82	0	0	0	375.12	212.14	11.24	7.51	100	120
3	8	83	0	0	0	450.839800	212.140590	7.490123	7.506241	-1	###FLOW###
4	8	83	0	0	0	450.839800	212.140590	7.490123	7.506241	-1	###LINE###
5	8	83	0	0	0	450.84	212.14	7.49	7.51	100	33
3	8	84	0	0	0	519.119770	212.140590	11.235185	7.506241	-1	###FLOW###
4	8	84	0	0	0	519.119770	212.140590	11.235185	7.506241	-1	###LINE###
5	8	84	0	0	0	519.12	212.14	11.24	7.51	100	185
3	8	85	0	0	0	594.839750	212.140590	7.490123	7.506241	-1	###FLOW###
4	8	85	0	0	0	594.839750	212.140590	7.490123	7.506241	-1	###LINE###
5	8	85	0	0	0	594.84	212.14	7.49	7.51	100	50
3	8	86	0	0	0	666.839679	212.140590	7.490123	7.506241	-1	###FLOW###
4	8	86	0	0	0	666.839679	212.140590	7.490123	7.506241	-1	###LINE###
5	8	86	0	0	0	666.84	212.14	7.49	7.51	100	81
3	8	87	0	0	0	117.719948	224.500585	18.799401	7.506241	-1	###FLOW###
4	8	87	0	0	0	117.719948	224.500585	18.799401	7.506241	-1	###LINE###
5	8	87	0	0	0	117.72	224.50	18.80	7.51	100	Martin
3	8	88	0	0	0	234.839904	224.500585	7.490123	7.506241	-1	###FLOW###
4	8	88	0	0	0	234.839904	224.500585	7.490123	7.506241	-1	###LINE###
5	8	88	0	0	0	234.84	224.50	7.49	7.51	100	35
3	8	89	0	0	0	306.839849	224.500585	7.490123	7.506241	-1	###FLOW###
4	8	89	0	0	0	306.839849	224.500585	7.490123	7.506241	-1	###LINE###
5	8	89	0	0	0	306.84	224.50	7.49	7.51	100	55
3	8	90	0	0	0	378.839840	224.500585	7.490123	7.506241	-1	###FLOW###
4	8	90	0	0	0	378.839840	224.500585	7.490123	7.506241	-1	###LINE###
5	8	90	0	0	0	378.84	224.50	7.49	7.51	100	11
3	8	91	0	0	0	454.559789	224.500585	3.745062	7.506241	-1	###FLOW###
4	8	91	0	0	0	454.559789	224.500585	3.745062	7.506241	-1	###LINE###
5	8	91	0	0	0	454.56	224.50	3.75	7.51	100	4
3	8	92	0	0	0	526.559749	224.500585	3.745062	7.506241	-1	###FLOW###
4	8	92	0	0	0	526.559749	224.500585	3.745062	7.506241	-1	###LINE###
5	8	92	0	0	0	526.56	224.50	3.75	7.51	100	3
3	8	93	0	0	0	598.559739	224.500585	3.745062	7.506241	-1	###FLOW###
4	8	93	0	0	0	598.559739	224.500585	3.745062	7.506241	-1	###LINE###
5	8	93	0	0	0	598.56	224.50	3.75	7.51	100	9
3	8	94	0	0	0	670.559669	224.500585	3.745062	7.506241	-1	###FLOW###
4	8	94	0	0	0	670.559669	224.500585	3.745062	7.506241	-1	###LINE###
5	8	94	0	0	0	670.56	224.50	3.75	7.51	100	3
3	8	95	0	0	0	117.719948	236.740585	20.213903	7.506241	-1	###FLOW###
4	8	95	0	0	0	117.719948	236.740585	20.213903	7.506241	-1	###LINE###
5	8	95	0	0	0	117.72	236.74	20.21	7.51	100	Mason
3	8	96	0	0	0	231.119901	236.740585	11.235185	7.506241	-1	###FLOW###
4	8	96	0	0	0	231.119901	236.740585	11.235185	7.506241	-1	###LINE###
5	8	96	0	0	0	231.12	236.74	11.24	7.51	100	629
3	8	97	0	0	0	303.119860	236.740585	11.235185	7.506241	-1	###FLOW###
4	8	97	0	0	0	303.119860	236.740585	11.235185	7.506241	-1	###LINE###
5	8	97	0	0	0	303.12	236.74	11.24	7.51	100	652
3	8	98	0	0	0	378.839840	236.740585	7.490123	7.506241	-1	###FLOW###
4	8	98	0	0	0	378.839840	236.740585	7.490123	7.506241	-1	###LINE###
5	8	98	0	0	0	378.84	236.74	7.49	7.51	100	78
3	8	99	0	0	0	450.839800	236.740585	7.490123	7.506241	-1	###FLOW###
4	8	99	0	0	0	450.839800	236.740585	7.490123	7.506241	-1	###LINE###
5	8	99	0	0	0	450.84	236.74	7.49	7.51	100	54
3	8	100	0	0	0	522.839760	236.740585	7.490123	7.506241	-1	###FLOW###
4	8	100	0	0	0	522.839760	236.740585	7.490123	7.506241	-1	###LINE###
5	8	100	0	0	0	522.84	236.74	7.49	7.51	100	49
3	8	101	0	0	0	594.839750	236.740585	7.490123	7.506241	-1	###FLOW###
4	8	101	0	0	0	594.839750	236.740585	7.490123	7.506241	-1	###LINE###
5	8	101	0	0	0	594.84	236.74	7.49	7.51	100	38
3	8	102	0	0	0	666.839679	236.740585	7.490123	7.506241	-1	###FLOW###
4	8	102	0	0	0	666.839679	236.740585	7.490123	7.506241	-1	###LINE###
5	8	102	0	0	0	666.84	236.74	7.49	7.51	100	42
3	8	103	0	0	0	117.719948	249.100581	33.981720	7.506241	-1	###FLOW###
4	8	103	0	0	0	117.719948	249.100581	33.981720	7.506241	-1	###LINE###
5	8	103	0	0	0	117.72	249.10	33.98	7.51	100	McCracken
3	8	104	0	0	0	225.479901	249.100581	16.846042	7.506241	-1	###FLOW###
4	8	104	0	0	0	225.479901	249.100581	16.846042	7.506241	-1	###LINE###
5	8	104	0	0	0	225.48	249.10	16.85	7.51	100	1,935
3	8	105	0	0	0	297.479876	249.100581	16.846042	7.506241	-1	###FLOW###
4	8	105	0	0	0	297.479876	249.100581	16.846042	7.506241	-1	###LINE###
5	8	105	0	0	0	297.48	249.10	16.85	7.51	100	1,502
3	8	106	0	0	0	375.119820	249.100581	11.235185	7.506241	-1	###FLOW###
4	8	106	0	0	0	375.119820	249.100581	11.235185	7.506241	-1	###LINE###
5	8	106	0	0	0	375.12	249.10	11.24	7.51	100	231
3	8	107	0	0	0	450.839800	249.100581	7.490123	7.506241	-1	###FLOW###
4	8	107	0	0	0	450.839800	249.100581	7.490123	7.506241	-1	###LINE###
5	8	107	0	0	0	450.84	249.10	7.49	7.51	100	64
3	8	108	0	0	0	519.119770	249.100581	11.235185	7.506241	-1	###FLOW###
4	8	108	0	0	0	519.119770	249.100581	11.235185	7.506241	-1	###LINE###
5	8	108	0	0	0	519.12	249.10	11.24	7.51	100	130
3	8	109	0	0	0	594.839750	249.100581	7.490123	7.506241	-1	###FLOW###
4	8	109	0	0	0	594.839750	249.100581	7.490123	7.506241	-1	###LINE###
5	8	109	0	0	0	594.84	249.10	7.49	7.51	100	53
3	8	110	0	0	0	663.119691	249.100581	11.235185	7.506241	-1	###FLOW###
4	8	110	0	0	0	663.119691	249.100581	11.235185	7.506241	-1	###LINE###
5	8	110	0	0	0	663.12	249.10	11.24	7.51	100	104
3	8	111	0	0	0	117.719948	261.340581	29.185885	7.506241	-1	###FLOW###
4	8	111	0	0	0	117.719948	261.340581	29.185885	7.506241	-1	###LINE###
5	8	111	0	0	0	117.72	261.34	29.19	7.51	100	McCreary
3	8	112	0	0	0	234.839904	261.340581	7.490123	7.506241	-1	###FLOW###
4	8	112	0	0	0	234.839904	261.340581	7.490123	7.506241	-1	###LINE###
5	8	112	0	0	0	234.84	261.34	7.49	7.51	100	58
3	8	113	0	0	0	306.839849	261.340581	7.490123	7.506241	-1	###FLOW###
4	8	113	0	0	0	306.839849	261.340581	7.490123	7.506241	-1	###LINE###
5	8	113	0	0	0	306.84	261.34	7.49	7.51	100	80
3	8	114	0	0	0	382.559828	261.340581	3.745062	7.506241	-1	###FLOW###
4	8	114	0	0	0	382.559828	261.340581	3.745062	7.506241	-1	###LINE###
5	8	114	0	0	0	382.56	261.34	3.75	7.51	100	9
3	8	115	0	0	0	454.559789	261.340581	3.745062	7.506241	-1	###FLOW###
4	8	115	0	0	0	454.559789	261.340581	3.745062	7.506241	-1	###LINE###
5	8	115	0	0	0	454.56	261.34	3.75	7.51	100	5
3	8	116	0	0	0	522.839760	261.340581	7.490123	7.506241	-1	###FLOW###
4	8	116	0	0	0	522.839760	261.340581	7.490123	7.506241	-1	###LINE###
5	8	116	0	0	0	522.84	261.34	7.49	7.51	100	15
3	8	117	0	0	0	594.839750	261.340581	7.490123	7.506241	-1	###FLOW###
4	8	117	0	0	0	594.839750	261.340581	7.490123	7.506241	-1	###LINE###
5	8	117	0	0	0	594.84	261.34	7.49	7.51	100	14
3	8	118	0	0	0	666.839679	261.340581	7.490123	7.506241	-1	###FLOW###
4	8	118	0	0	0	666.839679	261.340581	7.490123	7.506241	-1	###LINE###
5	8	118	0	0	0	666.84	261.34	7.49	7.51	100	16
3	8	119	0	0	0	117.719948	273.700576	23.958965	7.506241	-1	###FLOW###
4	8	119	0	0	0	117.719948	273.700576	23.958965	7.506241	-1	###LINE###
5	8	119	0	0	0	117.72	273.70	23.96	7.51	100	McLean
3	8	120	0	0	0	231.119901	273.700576	11.235185	7.506241	-1	###FLOW###
4	8	120	0	0	0	231.119901	273.700576	11.235185	7.506241	-1	###LINE###
5	8	120	0	0	0	231.12	273.70	11.24	7.51	100	174
3	8	121	0	0	0	303.119860	273.700576	11.235185	7.506241	-1	###FLOW###
4	8	121	0	0	0	303.119860	273.700576	11.235185	7.506241	-1	###LINE###
5	8	121	0	0	0	303.12	273.70	11.24	7.51	100	298
3	8	122	0	0	0	378.839840	273.700576	7.490123	7.506241	-1	###FLOW###
4	8	122	0	0	0	378.839840	273.700576	7.490123	7.506241	-1	###LINE###
5	8	122	0	0	0	378.84	273.70	7.49	7.51	100	27
3	8	123	0	0	0	450.839800	273.700576	7.490123	7.506241	-1	###FLOW###
4	8	123	0	0	0	450.839800	273.700576	7.490123	7.506241	-1	###LINE###
5	8	123	0	0	0	450.84	273.70	7.49	7.51	100	15
3	8	124	0	0	0	522.839760	273.700576	7.490123	7.506241	-1	###FLOW###
4	8	124	0	0	0	522.839760	273.700576	7.490123	7.506241	-1	###LINE###
5	8	124	0	0	0	522.84	273.70	7.49	7.51	100	25
3	8	125	0	0	0	594.839750	273.700576	7.490123	7.506241	-1	###FLOW###
4	8	125	0	0	0	594.839750	273.700576	7.490123	7.506241	-1	###LINE###
5	8	125	0	0	0	594.84	273.70	7.49	7.51	100	17
3	8	126	0	0	0	666.839679	273.700576	7.490123	7.506241	-1	###FLOW###
4	8	126	0	0	0	666.839679	273.700576	7.490123	7.506241	-1	###LINE###
5	8	126	0	0	0	666.84	273.70	7.49	7.51	100	14
3	8	127	0	0	0	117.719948	285.940576	20.591103	7.506241	-1	###FLOW###
4	8	127	0	0	0	117.719948	285.940576	20.591103	7.506241	-1	###LINE###
5	8	127	0	0	0	117.72	285.94	20.59	7.51	100	Meade
3	8	128	0	0	0	231.119901	285.940576	11.235185	7.506241	-1	###FLOW###
4	8	128	0	0	0	231.119901	285.940576	11.235185	7.506241	-1	###LINE###
5	8	128	0	0	0	231.12	285.94	11.24	7.51	100	488
3	8	129	0	0	0	303.119860	285.940576	11.235185	7.506241	-1	###FLOW###
4	8	129	0	0	0	303.119860	285.940576	11.235185	7.506241	-1	###LINE###
5	8	129	0	0	0	303.12	285.94	11.24	7.51	100	742
3	8	130	0	0	0	378.839840	285.940576	7.490123	7.506241	-1	###FLOW###
4	8	130	0	0	0	378.839840	285.940576	7.490123	7.506241	-1	###LINE###
5	8	130	0	0	0	378.84	285.94	7.49	7.51	100	77
3	8	131	0	0	0	450.839800	285.940576	7.490123	7.506241	-1	###FLOW###
4	8	131	0	0	0	450.839800	285.940576	7.490123	7.506241	-1	###LINE###
5	8	131	0	0	0	450.84	285.94	7.49	7.51	100	94
3	8	132	0	0	0	522.839760	285.940576	7.490123	7.506241	-1	###FLOW###
4	8	132	0	0	0	522.839760	285.940576	7.490123	7.506241	-1	###LINE###
5	8	132	0	0	0	522.84	285.94	7.49	7.51	100	86
3	8	133	0	0	0	594.839750	285.940576	7.490123	7.506241	-1	###FLOW###
4	8	133	0	0	0	594.839750	285.940576	7.490123	7.506241	-1	###LINE###
5	8	133	0	0	0	594.84	285.94	7.49	7.51	100	33
3	8	134	0	0	0	666.839679	285.940576	7.490123	7.506241	-1	###FLOW###
4	8	134	0	0	0	666.839679	285.940576	7.490123	7.506241	-1	###LINE###
5	8	134	0	0	0	666.84	285.94	7.49	7.51	100	32
3	8	135	0	0	0	117.719948	298.300572	24.046529	7.506241	-1	###FLOW###
4	8	135	0	0	0	117.719948	298.300572	24.046529	7.506241	-1	###LINE###
5	8	135	0	0	0	117.72	298.30	24.05	7.51	100	Menifee
3	8	136	0	0	0	231.119901	298.300572	11.235185	7.506241	-1	###FLOW###
4	8	136	0	0	0	231.119901	298.300572	11.235185	7.506241	-1	###LINE###
5	8	136	0	0	0	231.12	298.30	11.24	7.51	100	204
3	8	137	0	0	0	303.119860	298.300572	11.235185	7.506241	-1	###FLOW###
4	8	137	0	0	0	303.119860	298.300572	11.235185	7.506241	-1	###LINE###
5	8	137	0	0	0	303.12	298.30	11.24	7.51	100	337
3	8	138	0	0	0	378.839840	298.300572	7.490123	7.506241	-1	###FLOW###
4	8	138	0	0	0	378.839840	298.300572	7.490123	7.506241	-1	###LINE###
5	8	138	0	0	0	378.84	298.30	7.49	7.51	100	36
3	8	139	0	0	0	450.839800	298.300572	7.490123	7.506241	-1	###FLOW###
4	8	139	0	0	0	450.839800	298.300572	7.490123	7.506241	-1	###LINE###
5	8	139	0	0	0	450.84	298.30	7.49	7.51	100	33
3	8	140	0	0	0	522.839760	298.300572	7.490123	7.506241	-1	###FLOW###
4	8	140	0	0	0	522.839760	298.300572	7.490123	7.506241	-1	###LINE###
5	8	140	0	0	0	522.84	298.30	7.49	7.51	100	43
3	8	141	0	0	0	594.839750	298.300572	7.490123	7.506241	-1	###FLOW###
4	8	141	0	0	0	594.839750	298.300572	7.490123	7.506241	-1	###LINE###
5	8	141	0	0	0	594.84	298.30	7.49	7.51	100	46
3	8	142	0	0	0	666.839679	298.300572	7.490123	7.506241	-1	###FLOW###
4	8	142	0	0	0	666.839679	298.300572	7.490123	7.506241	-1	###LINE###
5	8	142	0	0	0	666.84	298.30	7.49	7.51	100	33
3	8	143	0	0	0	117.719948	310.540571	20.954832	7.506241	-1	###FLOW###
4	8	143	0	0	0	117.719948	310.540571	20.954832	7.506241	-1	###LINE###
5	8	143	0	0	0	117.72	310.54	20.95	7.51	100	Mercer
3	8	144	0	0	0	231.119901	310.540571	11.235185	7.506241	-1	###FLOW###
4	8	144	0	0	0	231.119901	310.540571	11.235185	7.506241	-1	###LINE###
5	8	144	0	0	0	231.12	310.54	11.24	7.51	100	633
3	8	145	0	0	0	303.119860	310.540571	11.235185	7.506241	-1	###FLOW###
4	8	145	0	0	0	303.119860	310.540571	11.235185	7.506241	-1	###LINE###
5	8	145	0	0	0	303.12	310.54	11.24	7.51	100	604
3	8	146	0	0	0	375.119820	310.540571	11.235185	7.506241	-1	###FLOW###
4	8	146	0	0	0	375.119820	310.540571	11.235185	7.506241	-1	###LINE###
5	8	146	0	0	0	375.12	310.54	11.24	7.51	100	182
3	8	147	0	0	0	447.119811	310.540571	11.235185	7.506241	-1	###FLOW###
4	8	147	0	0	0	447.119811	310.540571	11.235185	7.506241	-1	###LINE###
5	8	147	0	0	0	447.12	310.54	11.24	7.51	100	100
3	8	148	0	0	0	522.839760	310.540571	7.490123	7.506241	-1	###FLOW###
4	8	148	0	0	0	522.839760	310.540571	7.490123	7.506241	-1	###LINE###
5	8	148	0	0	0	522.84	310.54	7.49	7.51	100	60
3	8	149	0	0	0	594.839750	310.540571	7.490123	7.506241	-1	###FLOW###
4	8	149	0	0	0	594.839750	310.540571	7.490123	7.506241	-1	###LINE###
5	8	149	0	0	0	594.84	310.54	7.49	7.51	100	36
3	8	150	0	0	0	666.839679	310.540571	7.490123	7.506241	-1	###FLOW###
4	8	150	0	0	0	666.839679	310.540571	7.490123	7.506241	-1	###LINE###
5	8	150	0	0	0	666.84	310.54	7.49	7.51	100	25
3	8	151	0	0	0	117.719948	322.900567	25.285902	7.506241	-1	###FLOW###
4	8	151	0	0	0	117.719948	322.900567	25.285902	7.506241	-1	###LINE###
5	8	151	0	0	0	117.72	322.90	25.29	7.51	100	Metcalfe
3	8	152	0	0	0	231.119901	322.900567	11.235185	7.506241	-1	###FLOW###
4	8	152	0	0	0	231.119901	322.900567	11.235185	7.506241	-1	###LINE###
5	8	152	0	0	0	231.12	322.90	11.24	7.51	100	237
3	8	153	0	0	0	303.119860	322.900567	11.235185	7.506241	-1	###FLOW###
4	8	153	0	0	0	303.119860	322.900567	11.235185	7.506241	-1	###LINE###
5	8	153	0	0	0	303.12	322.90	11.24	7.51	100	486
3	8	154	0	0	0	378.839840	322.900567	7.490123	7.506241	-1	###FLOW###
4	8	154	0	0	0	378.839840	322.900567	7.490123	7.506241	-1	###LINE###
5	8	154	0	0	0	378.84	322.90	7.49	7.51	100	34
3	8	155	0	0	0	450.839800	322.900567	7.490123	7.506241	-1	###FLOW###
4	8	155	0	0	0	450.839800	322.900567	7.490123	7.506241	-1	###LINE###
5	8	155	0	0	0	450.84	322.90	7.49	7.51	100	17
3	8	156	0	0	0	522.839760	322.900567	7.490123	7.506241	-1	###FLOW###
4	8	156	0	0	0	522.839760	322.900567	7.490123	7.506241	-1	###LINE###
5	8	156	0	0	0	522.84	322.90	7.49	7.51	100	31
3	8	157	0	0	0	594.839750	322.900567	7.490123	7.506241	-1	###FLOW###
4	8	157	0	0	0	594.839750	322.900567	7.490123	7.506241	-1	###LINE###
5	8	157	0	0	0	594.84	322.90	7.49	7.51	100	44
3	8	158	0	0	0	666.839679	322.900567	7.490123	7.506241	-1	###FLOW###
4	8	158	0	0	0	666.839679	322.900567	7.490123	7.506241	-1	###LINE###
5	8	158	0	0	0	666.84	322.90	7.49	7.51	100	64
3	8	159	0	0	0	117.719948	335.140567	22.834099	7.506241	-1	###FLOW###
4	8	159	0	0	0	117.719948	335.140567	22.834099	7.506241	-1	###LINE###
5	8	159	0	0	0	117.72	335.14	22.83	7.51	100	Monroe
3	8	160	0	0	0	234.839904	335.140567	7.490123	7.506241	-1	###FLOW###
4	8	160	0	0	0	234.839904	335.140567	7.490123	7.506241	-1	###LINE###
5	8	160	0	0	0	234.84	335.14	7.49	7.51	100	19
3	8	161	0	0	0	306.839849	335.140567	7.490123	7.506241	-1	###FLOW###
4	8	161	0	0	0	306.839849	335.140567	7.490123	7.506241	-1	###LINE###
5	8	161	0	0	0	306.84	335.14	7.49	7.51	100	50
3	8	162	0	0	0	382.559828	335.140567	3.745062	7.506241	-1	###FLOW###
4	8	162	0	0	0	382.559828	335.140567	3.745062	7.506241	-1	###LINE###
5	8	162	0	0	0	382.56	335.14	3.75	7.51	100	7
3	8	163	0	0	0	454.559789	335.140567	3.745062	7.506241	-1	###FLOW###
4	8	163	0	0	0	454.559789	335.140567	3.745062	7.506241	-1	###LINE###
5	8	163	0	0	0	454.56	335.14	3.75	7.51	100	4
3	8	164	0	0	0	526.559749	335.140567	3.745062	7.506241	-1	###FLOW###
4	8	164	0	0	0	526.559749	335.140567	3.745062	7.506241	-1	###LINE###
5	8	164	0	0	0	526.56	335.14	3.75	7.51	100	4
3	8	165	0	0	0	598.559739	335.140567	3.745062	7.506241	-1	###FLOW###
4	8	165	0	0	0	598.559739	335.140567	3.745062	7.506241	-1	###LINE###
5	8	165	0	0	0	598.56	335.14	3.75	7.51	100	5
3	8	166	0	0	0	670.559669	335.140567	3.745062	7.506241	-1	###FLOW###
4	8	166	0	0	0	670.559669	335.140567	3.745062	7.506241	-1	###LINE###
5	8	166	0	0	0	670.56	335.14	3.75	7.51	100	5
3	8	167	0	0	0	117.719948	347.500593	37.423674	7.506241	-1	###FLOW###
4	8	167	0	0	0	117.719948	347.500593	37.423674	7.506241	-1	###LINE###
5	8	167	0	0	0	117.72	347.50	37.42	7.51	100	Montgomery
3	8	168	0	0	0	231.119901	347.500593	11.235185	7.506241	-1	###FLOW###
4	8	168	0	0	0	231.119901	347.500593	11.235185	7.506241	-1	###LINE###
5	8	168	0	0	0	231.12	347.50	11.24	7.51	100	701
3	8	169	0	0	0	303.119860	347.500593	11.235185	7.506241	-1	###FLOW###
4	8	169	0	0	0	303.119860	347.500593	11.235185	7.506241	-1	###LINE###
5	8	169	0	0	0	303.12	347.50	11.24	7.51	100	751
3	8	170	0	0	0	375.119820	347.500593	11.235185	7.506241	-1	###FLOW###
4	8	170	0	0	0	375.119820	347.500593	11.235185	7.506241	-1	###LINE###
5	8	170	0	0	0	375.12	347.50	11.24	7.51	100	177
3	8	171	0	0	0	447.119811	347.500593	11.235185	7.506241	-1	###FLOW###
4	8	171	0	0	0	447.119811	347.500593	11.235185	7.506241	-1	###LINE###
5	8	171	0	0	0	447.12	347.50	11.24	7.51	100	119
3	8	172	0	0	0	522.839760	347.500593	7.490123	7.506241	-1	###FLOW###
4	8	172	0	0	0	522.839760	347.500593	7.490123	7.506241	-1	###LINE###
5	8	172	0	0	0	522.84	347.50	7.49	7.51	100	60
3	8	173	0	0	0	594.839750	347.500593	7.490123	7.506241	-1	###FLOW###
4	8	173	0	0	0	594.839750	347.500593	7.490123	7.506241	-1	###LINE###
5	8	173	0	0	0	594.84	347.50	7.49	7.51	100	58
3	8	174	0	0	0	666.839679	347.500593	7.490123	7.506241	-1	###FLOW###
4	8	174	0	0	0	666.839679	347.500593	7.490123	7.506241	-1	###LINE###
5	8	174	0	0	0	666.84	347.50	7.49	7.51	100	42
3	8	175	0	0	0	117.719948	359.740578	22.834099	7.506241	-1	###FLOW###
4	8	175	0	0	0	117.719948	359.740578	22.834099	7.506241	-1	###LINE###
5	8	175	0	0	0	117.72	359.74	22.83	7.51	100	Morgan
3	8	176	0	0	0	231.119901	359.740578	11.235185	7.506241	-1	###FLOW###
4	8	176	0	0	0	231.119901	359.740578	11.235185	7.506241	-1	###LINE###
5	8	176	0	0	0	231.12	359.74	11.24	7.51	100	352
3	8	177	0	0	0	303.119860	359.740578	11.235185	7.506241	-1	###FLOW###
4	8	177	0	0	0	303.119860	359.740578	11.235185	7.506241	-1	###LINE###
5	8	177	0	0	0	303.12	359.74	11.24	7.51	100	493
3	8	178	0	0	0	378.839840	359.740578	7.490123	7.506241	-1	###FLOW###
4	8	178	0	0	0	378.839840	359.740578	7.490123	7.506241	-1	###LINE###
5	8	178	0	0	0	378.84	359.74	7.49	7.51	100	77
3	8	179	0	0	0	450.839800	359.740578	7.490123	7.506241	-1	###FLOW###
4	8	179	0	0	0	450.839800	359.740578	7.490123	7.506241	-1	###LINE###
5	8	179	0	0	0	450.84	359.74	7.49	7.51	100	61
3	8	180	0	0	0	522.839760	359.740578	7.490123	7.506241	-1	###FLOW###
4	8	180	0	0	0	522.839760	359.740578	7.490123	7.506241	-1	###LINE###
5	8	180	0	0	0	522.84	359.74	7.49	7.51	100	59
3	8	181	0	0	0	594.839750	359.740578	7.490123	7.506241	-1	###FLOW###
4	8	181	0	0	0	594.839750	359.740578	7.490123	7.506241	-1	###LINE###
5	8	181	0	0	0	594.84	359.74	7.49	7.51	100	95
3	8	182	0	0	0	666.839679	359.740578	7.490123	7.506241	-1	###FLOW###
4	8	182	0	0	0	666.839679	359.740578	7.490123	7.506241	-1	###LINE###
5	8	182	0	0	0	666.84	359.74	7.49	7.51	100	81
3	8	183	0	0	0	117.719948	372.100574	35.288450	7.506241	-1	###FLOW###
4	8	183	0	0	0	117.719948	372.100574	35.288450	7.506241	-1	###LINE###
5	8	183	0	0	0	117.72	372.10	35.29	7.51	100	Muhlenberg
3	8	184	0	0	0	231.119901	372.100574	11.235185	7.506241	-1	###FLOW###
4	8	184	0	0	0	231.119901	372.100574	11.235185	7.506241	-1	###LINE###
5	8	184	0	0	0	231.12	372.10	11.24	7.51	100	902
3	8	185	0	0	0	303.119860	372.100574	11.235185	7.506241	-1	###FLOW###
4	8	185	0	0	0	303.119860	372.100574	11.235185	7.506241	-1	###LINE###
5	8	185	0	0	0	303.12	372.10	11.24	7.51	100	981
3	8	186	0	0	0	375.119820	372.100574	11.235185	7.506241	-1	###FLOW###
4	8	186	0	0	0	375.119820	372.100574	11.235185	7.506241	-1	###LINE###
5	8	186	0	0	0	375.12	372.10	11.24	7.51	100	106
3	8	187	0	0	0	450.839800	372.100574	7.490123	7.506241	-1	###FLOW###
4	8	187	0	0	0	450.839800	372.100574	7.490123	7.506241	-1	###LINE###
5	8	187	0	0	0	450.84	372.10	7.49	7.51	100	64
3	8	188	0	0	0	519.119770	372.100574	11.235185	7.506241	-1	###FLOW###
4	8	188	0	0	0	519.119770	372.100574	11.235185	7.506241	-1	###LINE###
5	8	188	0	0	0	519.12	372.10	11.24	7.51	100	154
3	8	189	0	0	0	594.839750	372.100574	7.490123	7.506241	-1	###FLOW###
4	8	189	0	0	0	594.839750	372.100574	7.490123	7.506241	-1	###LINE###
5	8	189	0	0	0	594.84	372.10	7.49	7.51	100	94
3	8	190	0	0	0	666.839679	372.100574	7.490123	7.506241	-1	###FLOW###
4	8	190	0	0	0	666.839679	372.100574	7.490123	7.506241	-1	###LINE###
5	8	190	0	0	0	666.84	372.10	7.49	7.51	100	66
3	8	191	0	0	0	117.719948	384.340573	20.692139	7.506241	-1	###FLOW###
4	8	191	0	0	0	117.719948	384.340573	20.692139	7.506241	-1	###LINE###
5	8	191	0	0	0	117.72	384.34	20.69	7.51	100	Nelson
3	8	192	0	0	0	225.479901	384.340573	16.846042	7.506241	-1	###FLOW###
4	8	192	0	0	0	225.479901	384.340573	16.846042	7.506241	-1	###LINE###
5	8	192	0	0	0	225.48	384.34	16.85	7.51	100	1,521
3	8	193	0	0	0	297.479876	384.340573	16.846042	7.506241	-1	###FLOW###
4	8	193	0	0	0	297.479876	384.340573	16.846042	7.506241	-1	###LINE###
5	8	193	0	0	0	297.48	384.34	16.85	7.51	100	1,712
3	8	194	0	0	0	375.119820	384.340573	11.235185	7.506241	-1	###FLOW###
4	8	194	0	0	0	375.119820	384.340573	11.235185	7.506241	-1	###LINE###
5	8	194	0	0	0	375.12	384.34	11.24	7.51	100	195
3	8	195	0	0	0	447.119811	384.340573	11.235185	7.506241	-1	###FLOW###
4	8	195	0	0	0	447.119811	384.340573	11.235185	7.506241	-1	###LINE###
5	8	195	0	0	0	447.12	384.34	11.24	7.51	100	277
3	8	196	0	0	0	519.119770	384.340573	11.235185	7.506241	-1	###FLOW###
4	8	196	0	0	0	519.119770	384.340573	11.235185	7.506241	-1	###LINE###
5	8	196	0	0	0	519.12	384.34	11.24	7.51	100	102
3	8	197	0	0	0	591.119762	384.340573	11.235185	7.506241	-1	###FLOW###
4	8	197	0	0	0	591.119762	384.340573	11.235185	7.506241	-1	###LINE###
5	8	197	0	0	0	591.12	384.34	11.24	7.51	100	124
3	8	198	0	0	0	666.839679	384.340573	7.490123	7.506241	-1	###FLOW###
4	8	198	0	0	0	666.839679	384.340573	7.490123	7.506241	-1	###LINE###
5	8	198	0	0	0	666.84	384.34	7.49	7.51	100	73
3	8	199	0	0	0	117.719948	396.700569	25.589009	7.506241	-1	###FLOW###
4	8	199	0	0	0	117.719948	396.700569	25.589009	7.506241	-1	###LINE###
5	8	199	0	0	0	117.72	396.70	25.59	7.51	100	Nicholas
3	8	200	0	0	0	231.119901	396.700569	11.235185	7.506241	-1	###FLOW###
4	8	200	0	0	0	231.119901	396.700569	11.235185	7.506241	-1	###LINE###
5	8	200	0	0	0	231.12	396.70	11.24	7.51	100	281
3	8	201	0	0	0	303.119860	396.700569	11.235185	7.506241	-1	###FLOW###
4	8	201	0	0	0	303.119860	396.700569	11.235185	7.506241	-1	###LINE###
5	8	201	0	0	0	303.12	396.70	11.24	7.51	100	380
3	8	202	0	0	0	375.119820	396.700569	11.235185	7.506241	-1	###FLOW###
4	8	202	0	0	0	375.119820	396.700569	11.235185	7.506241	-1	###LINE###
5	8	202	0	0	0	375.12	396.70	11.24	7.51	100	103
3	8	203	0	0	0	450.839800	396.700569	7.490123	7.506241	-1	###FLOW###
4	8	203	0	0	0	450.839800	396.700569	7.490123	7.506241	-1	###LINE###
5	8	203	0	0	0	450.84	396.70	7.49	7.51	100	59
3	8	204	0	0	0	522.839760	396.700569	7.490123	7.506241	-1	###FLOW###
4	8	204	0	0	0	522.839760	396.700569	7.490123	7.506241	-1	###LINE###
5	8	204	0	0	0	522.84	396.70	7.49	7.51	100	43
3	8	205	0	0	0	594.839750	396.700569	7.490123	7.506241	-1	###FLOW###
4	8	205	0	0	0	594.839750	396.700569	7.490123	7.506241	-1	###LINE###
5	8	205	0	0	0	594.84	396.70	7.49	7.51	100	40
3	8	206	0	0	0	666.839679	396.700569	7.490123	7.506241	-1	###FLOW###
4	8	206	0	0	0	666.839679	396.700569	7.490123	7.506241	-1	###LINE###
5	8	206	0	0	0	666.84	396.70	7.49	7.51	100	32
3	8	207	0	0	0	117.719948	408.940569	14.299939	7.506241	-1	###FLOW###
4	8	207	0	0	0	117.719948	408.940569	14.299939	7.506241	-1	###LINE###
5	8	207	0	0	0	117.72	408.94	14.30	7.51	100	Ohio
3	8	208	0	0	0	231.119901	408.940569	11.235185	7.506241	-1	###FLOW###
4	8	208	0	0	0	231.119901	408.940569	11.235185	7.506241	-1	###LINE###
5	8	208	0	0	0	231.12	408.94	11.24	7.51	100	286
3	8	209	0	0	0	303.119860	408.940569	11.235185	7.506241	-1	###FLOW###
4	8	209	0	0	0	303.119860	408.940569	11.235185	7.506241	-1	###LINE###
5	8	209	0	0	0	303.12	408.94	11.24	7.51	100	466
3	8	210	0	0	0	378.839840	408.940569	7.490123	7.506241	-1	###FLOW###
4	8	210	0	0	0	378.839840	408.940569	7.490123	7.506241	-1	###LINE###
5	8	210	0	0	0	378.84	408.94	7.49	7.51	100	51
3	8	211	0	0	0	450.839800	408.940569	7.490123	7.506241	-1	###FLOW###
4	8	211	0	0	0	450.839800	408.940569	7.490123	7.506241	-1	###LINE###
5	8	211	0	0	0	450.84	408.94	7.49	7.51	100	33
3	8	212	0	0	0	522.839760	408.940569	7.490123	7.506241	-1	###FLOW###
4	8	212	0	0	0	522.839760	408.940569	7.490123	7.506241	-1	###LINE###
5	8	212	0	0	0	522.84	408.94	7.49	7.51	100	45
3	8	213	0	0	0	594.839750	408.940569	7.490123	7.506241	-1	###FLOW###
4	8	213	0	0	0	594.839750	408.940569	7.490123	7.506241	-1	###LINE###
5	8	213	0	0	0	594.84	408.94	7.49	7.51	100	43
3	8	214	0	0	0	666.839679	408.940569	7.490123	7.506241	-1	###FLOW###
4	8	214	0	0	0	666.839679	408.940569	7.490123	7.506241	-1	###LINE###
5	8	214	0	0	0	666.84	408.94	7.49	7.51	100	14
3	8	215	0	0	0	117.719948	421.300565	23.366221	7.506241	-1	###FLOW###
4	8	215	0	0	0	117.719948	421.300565	23.366221	7.506241	-1	###LINE###
5	8	215	0	0	0	117.72	421.30	23.37	7.51	100	Oldham
3	8	216	0	0	0	225.479901	421.300565	16.846042	7.506241	-1	###FLOW###
4	8	216	0	0	0	225.479901	421.300565	16.846042	7.506241	-1	###LINE###
5	8	216	0	0	0	225.48	421.30	16.85	7.51	100	2,527
3	8	217	0	0	0	297.479876	421.300565	16.846042	7.506241	-1	###FLOW###
4	8	217	0	0	0	297.479876	421.300565	16.846042	7.506241	-1	###LINE###
5	8	217	0	0	0	297.48	421.30	16.85	7.51	100	1,942
3	8	218	0	0	0	375.119820	421.300565	11.235185	7.506241	-1	###FLOW###
4	8	218	0	0	0	375.119820	421.300565	11.235185	7.506241	-1	###LINE###
5	8	218	0	0	0	375.12	421.30	11.24	7.51	100	208
3	8	219	0	0	0	447.119811	421.300565	11.235185	7.506241	-1	###FLOW###
4	8	219	0	0	0	447.119811	421.300565	11.235185	7.506241	-1	###LINE###
5	8	219	0	0	0	447.12	421.30	11.24	7.51	100	286
3	8	220	0	0	0	522.839760	421.300565	7.490123	7.506241	-1	###FLOW###
4	8	220	0	0	0	522.839760	421.300565	7.490123	7.506241	-1	###LINE###
5	8	220	0	0	0	522.84	421.30	7.49	7.51	100	83
3	8	221	0	0	0	594.839750	421.300565	7.490123	7.506241	-1	###FLOW###
4	8	221	0	0	0	594.839750	421.300565	7.490123	7.506241	-1	###LINE###
5	8	221	0	0	0	594.84	421.30	7.49	7.51	100	39
3	8	222	0	0	0	666.839679	421.300565	7.490123	7.506241	-1	###FLOW###
4	8	222	0	0	0	666.839679	421.300565	7.490123	7.506241	-1	###LINE###
5	8	222	0	0	0	666.84	421.30	7.49	7.51	100	30
3	8	223	0	0	0	117.719948	433.540564	17.445521	7.506241	-1	###FLOW###
4	8	223	0	0	0	117.719948	433.540564	17.445521	7.506241	-1	###LINE###
5	8	223	0	0	0	117.72	433.54	17.45	7.51	100	Owen
3	8	224	0	0	0	231.119901	433.540564	11.235185	7.506241	-1	###FLOW###
4	8	224	0	0	0	231.119901	433.540564	11.235185	7.506241	-1	###LINE###
5	8	224	0	0	0	231.12	433.54	11.24	7.51	100	222
3	8	225	0	0	0	303.119860	433.540564	11.235185	7.506241	-1	###FLOW###
4	8	225	0	0	0	303.119860	433.540564	11.235185	7.506241	-1	###LINE###
5	8	225	0	0	0	303.12	433.54	11.24	7.51	100	246
3	8	226	0	0	0	378.839840	433.540564	7.490123	7.506241	-1	###FLOW###
4	8	226	0	0	0	378.839840	433.540564	7.490123	7.506241	-1	###LINE###
5	8	226	0	0	0	378.84	433.54	7.49	7.51	100	37
3	8	227	0	0	0	450.839800	433.540564	7.490123	7.506241	-1	###FLOW###
4	8	227	0	0	0	450.839800	433.540564	7.490123	7.506241	-1	###LINE###
5	8	227	0	0	0	450.84	433.54	7.49	7.51	100	46
3	8	228	0	0	0	522.839760	433.540564	7.490123	7.506241	-1	###FLOW###
4	8	228	0	0	0	522.839760	433.540564	7.490123	7.506241	-1	###LINE###
5	8	228	0	0	0	522.84	433.54	7.49	7.51	100	49
3	8	229	0	0	0	594.839750	433.540564	7.490123	7.506241	-1	###FLOW###
4	8	229	0	0	0	594.839750	433.540564	7.490123	7.506241	-1	###LINE###
5	8	229	0	0	0	594.84	433.54	7.49	7.51	100	15
3	8	230	0	0	0	666.839679	433.540564	7.490123	7.506241	-1	###FLOW###
4	8	230	0	0	0	666.839679	433.540564	7.490123	7.506241	-1	###LINE###
5	8	230	0	0	0	666.84	433.54	7.49	7.51	100	17
3	8	231	0	0	0	117.719948	445.900561	21.749648	7.506241	-1	###FLOW###
4	8	231	0	0	0	117.719948	445.900561	21.749648	7.506241	-1	###LINE###
5	8	231	0	0	0	117.72	445.90	21.75	7.51	100	Owsley
3	8	232	0	0	0	234.839904	445.900561	7.490123	7.506241	-1	###FLOW###
4	8	232	0	0	0	234.839904	445.900561	7.490123	7.506241	-1	###LINE###
5	8	232	0	0	0	234.84	445.90	7.49	7.51	100	55
3	8	233	0	0	0	306.839849	445.900561	7.490123	7.506241	-1	###FLOW###
4	8	233	0	0	0	306.839849	445.900561	7.490123	7.506241	-1	###LINE###
5	8	233	0	0	0	306.84	445.90	7.49	7.51	100	67
3	8	234	0	0	0	378.839840	445.900561	7.490123	7.506241	-1	###FLOW###
4	8	234	0	0	0	378.839840	445.900561	7.490123	7.506241	-1	###LINE###
5	8	234	0	0	0	378.84	445.90	7.49	7.51	100	14
3	8	235	0	0	0	450.839800	445.900561	7.490123	7.506241	-1	###FLOW###
4	8	235	0	0	0	450.839800	445.900561	7.490123	7.506241	-1	###LINE###
5	8	235	0	0	0	450.84	445.90	7.49	7.51	100	11
3	8	236	0	0	0	526.559749	445.900561	3.745062	7.506241	-1	###FLOW###
4	8	236	0	0	0	526.559749	445.900561	3.745062	7.506241	-1	###LINE###
5	8	236	0	0	0	526.56	445.90	3.75	7.51	100	7
3	8	237	0	0	0	598.559739	445.900561	3.745062	7.506241	-1	###FLOW###
4	8	237	0	0	0	598.559739	445.900561	3.745062	7.506241	-1	###LINE###
5	8	237	0	0	0	598.56	445.90	3.75	7.51	100	9
3	8	238	0	0	0	670.559669	445.900561	3.745062	7.506241	-1	###FLOW###
4	8	238	0	0	0	670.559669	445.900561	3.745062	7.506241	-1	###LINE###
5	8	238	0	0	0	670.56	445.90	3.75	7.51	100	5
3	8	239	0	0	0	117.719948	458.140560	30.014379	7.506241	-1	###FLOW###
4	8	239	0	0	0	117.719948	458.140560	30.014379	7.506241	-1	###LINE###
5	8	239	0	0	0	117.72	458.14	30.01	7.51	100	Pendleton
3	8	240	0	0	0	231.119901	458.140560	11.235185	7.506241	-1	###FLOW###
4	8	240	0	0	0	231.119901	458.140560	11.235185	7.506241	-1	###LINE###
5	8	240	0	0	0	231.12	458.14	11.24	7.51	100	143
3	8	241	0	0	0	303.119860	458.140560	11.235185	7.506241	-1	###FLOW###
4	8	241	0	0	0	303.119860	458.140560	11.235185	7.506241	-1	###LINE###
5	8	241	0	0	0	303.12	458.14	11.24	7.51	100	301
3	8	242	0	0	0	378.839840	458.140560	7.490123	7.506241	-1	###FLOW###
4	8	242	0	0	0	378.839840	458.140560	7.490123	7.506241	-1	###LINE###
5	8	242	0	0	0	378.84	458.14	7.49	7.51	100	24
3	8	243	0	0	0	450.839800	458.140560	7.490123	7.506241	-1	###FLOW###
4	8	243	0	0	0	450.839800	458.140560	7.490123	7.506241	-1	###LINE###
5	8	243	0	0	0	450.84	458.14	7.49	7.51	100	20
3	8	244	0	0	0	522.839760	458.140560	7.490123	7.506241	-1	###FLOW###
4	8	244	0	0	0	522.839760	458.140560	7.490123	7.506241	-1	###LINE###
5	8	244	0	0	0	522.84	458.14	7.49	7.51	100	28
3	8	245	0	0	0	594.839750	458.140560	7.490123	7.506241	-1	###FLOW###
4	8	245	0	0	0	594.839750	458.140560	7.490123	7.506241	-1	###LINE###
5	8	245	0	0	0	594.84	458.14	7.49	7.51	100	20
3	8	246	0	0	0	666.839679	458.140560	7.490123	7.506241	-1	###FLOW###
4	8	246	0	0	0	666.839679	458.140560	7.490123	7.506241	-1	###LINE###
5	8	246	0	0	0	666.84	458.14	7.49	7.51	100	14
3	8	247	0	0	0	117.719948	470.500587	16.084905	7.506241	-1	###FLOW###
4	8	247	0	0	0	117.719948	470.500587	16.084905	7.506241	-1	###LINE###
5	8	247	0	0	0	117.72	470.50	16.08	7.51	100	Perry
3	8	248	0	0	0	231.119901	470.500587	11.235185	7.506241	-1	###FLOW###
4	8	248	0	0	0	231.119901	470.500587	11.235185	7.506241	-1	###LINE###
5	8	248	0	0	0	231.12	470.50	11.24	7.51	100	856
3	8	249	0	0	0	303.119860	470.500587	11.235185	7.506241	-1	###FLOW###
4	8	249	0	0	0	303.119860	470.500587	11.235185	7.506241	-1	###LINE###
5	8	249	0	0	0	303.12	470.50	11.24	7.51	100	961
3	8	250	0	0	0	375.119820	470.500587	11.235185	7.506241	-1	###FLOW###
4	8	250	0	0	0	375.119820	470.500587	11.235185	7.506241	-1	###LINE###
5	8	250	0	0	0	375.12	470.50	11.24	7.51	100	148
3	8	251	0	0	0	450.839800	470.500587	7.490123	7.506241	-1	###FLOW###
4	8	251	0	0	0	450.839800	470.500587	7.490123	7.506241	-1	###LINE###
5	8	251	0	0	0	450.84	470.50	7.49	7.51	100	75
3	8	252	0	0	0	519.119770	470.500587	11.235185	7.506241	-1	###FLOW###
4	8	252	0	0	0	519.119770	470.500587	11.235185	7.506241	-1	###LINE###
5	8	252	0	0	0	519.12	470.50	11.24	7.51	100	143
3	8	253	0	0	0	591.119762	470.500587	11.235185	7.506241	-1	###FLOW###
4	8	253	0	0	0	591.119762	470.500587	11.235185	7.506241	-1	###LINE###
5	8	253	0	0	0	591.12	470.50	11.24	7.51	100	138
3	8	254	0	0	0	663.119691	470.500587	11.235185	7.506241	-1	###FLOW###
4	8	254	0	0	0	663.119691	470.500587	11.235185	7.506241	-1	###LINE###
5	8	254	0	0	0	663.12	470.50	11.24	7.51	100	111
3	8	255	0	0	0	117.719948	482.740586	13.094244	7.506241	-1	###FLOW###
4	8	255	0	0	0	117.719948	482.740586	13.094244	7.506241	-1	###LINE###
5	8	255	0	0	0	117.72	482.74	13.09	7.51	100	Pike
3	8	256	0	0	0	225.479901	482.740586	16.846042	7.506241	-1	###FLOW###
4	8	256	0	0	0	225.479901	482.740586	16.846042	7.506241	-1	###LINE###
5	8	256	0	0	0	225.48	482.74	16.85	7.51	100	1,025
3	8	257	0	0	0	297.479876	482.740586	16.846042	7.506241	-1	###FLOW###
4	8	257	0	0	0	297.479876	482.740586	16.846042	7.506241	-1	###LINE###
5	8	257	0	0	0	297.48	482.74	16.85	7.51	100	1,340
3	8	258	0	0	0	375.119820	482.740586	11.235185	7.506241	-1	###FLOW###
4	8	258	0	0	0	375.119820	482.740586	11.235185	7.506241	-1	###LINE###
5	8	258	0	0	0	375.12	482.74	11.24	7.51	100	141
3	8	259	0	0	0	450.839800	482.740586	7.490123	7.506241	-1	###FLOW###
4	8	259	0	0	0	450.839800	482.740586	7.490123	7.506241	-1	###LINE###
5	8	259	0	0	0	450.84	482.74	7.49	7.51	100	95
3	8	260	0	0	0	519.119770	482.740586	11.235185	7.506241	-1	###FLOW###
4	8	260	0	0	0	519.119770	482.740586	11.235185	7.506241	-1	###LINE###
5	8	260	0	0	0	519.12	482.74	11.24	7.51	100	141
3	8	261	0	0	0	591.119762	482.740586	11.235185	7.506241	-1	###FLOW###
4	8	261	0	0	0	591.119762	482.740586	11.235185	7.506241	-1	###LINE###
5	8	261	0	0	0	591.12	482.74	11.24	7.51	100	188
3	8	262	0	0	0	663.119691	482.740586	11.235185	7.506241	-1	###FLOW###
4	8	262	0	0	0	663.119691	482.740586	11.235185	7.506241	-1	###LINE###
5	8	262	0	0	0	663.12	482.74	11.24	7.51	100	159
3	8	263	0	0	0	117.719948	495.100581	19.371938	7.506241	-1	###FLOW###
4	8	263	0	0	0	117.719948	495.100581	19.371938	7.506241	-1	###LINE###
5	8	263	0	0	0	117.72	495.10	19.37	7.51	100	Powell
3	8	264	0	0	0	231.119901	495.100581	11.235185	7.506241	-1	###FLOW###
4	8	264	0	0	0	231.119901	495.100581	11.235185	7.506241	-1	###LINE###
5	8	264	0	0	0	231.12	495.10	11.24	7.51	100	313
3	8	265	0	0	0	303.119860	495.100581	11.235185	7.506241	-1	###FLOW###
4	8	265	0	0	0	303.119860	495.100581	11.235185	7.506241	-1	###LINE###
5	8	265	0	0	0	303.12	495.10	11.24	7.51	100	397
3	8	266	0	0	0	378.839840	495.100581	7.490123	7.506241	-1	###FLOW###
4	8	266	0	0	0	378.839840	495.100581	7.490123	7.506241	-1	###LINE###
5	8	266	0	0	0	378.84	495.10	7.49	7.51	100	87
3	8	267	0	0	0	450.839800	495.100581	7.490123	7.506241	-1	###FLOW###
4	8	267	0	0	0	450.839800	495.100581	7.490123	7.506241	-1	###LINE###
5	8	267	0	0	0	450.84	495.10	7.49	7.51	100	46
3	8	268	0	0	0	522.839760	495.100581	7.490123	7.506241	-1	###FLOW###
4	8	268	0	0	0	522.839760	495.100581	7.490123	7.506241	-1	###LINE###
5	8	268	0	0	0	522.84	495.10	7.49	7.51	100	54
3	8	269	0	0	0	594.839750	495.100581	7.490123	7.506241	-1	###FLOW###
4	8	269	0	0	0	594.839750	495.100581	7.490123	7.506241	-1	###LINE###
5	8	269	0	0	0	594.84	495.10	7.49	7.51	100	27
3	8	270	0	0	0	666.839679	495.100581	7.490123	7.506241	-1	###FLOW###
4	8	270	0	0	0	666.839679	495.100581	7.490123	7.506241	-1	###LINE###
5	8	270	0	0	0	666.84	495.10	7.49	7.51	100	23
3	8	271	0	0	0	117.719948	507.340582	21.453276	7.506241	-1	###FLOW###
4	8	271	0	0	0	117.719948	507.340582	21.453276	7.506241	-1	###LINE###
5	8	271	0	0	0	117.72	507.34	21.45	7.51	100	Pulaski
3	8	272	0	0	0	231.119901	507.340582	11.235185	7.506241	-1	###FLOW###
4	8	272	0	0	0	231.119901	507.340582	11.235185	7.506241	-1	###LINE###
5	8	272	0	0	0	231.12	507.34	11.24	7.51	100	726
3	8	273	0	0	0	303.119860	507.340582	11.235185	7.506241	-1	###FLOW###
4	8	273	0	0	0	303.119860	507.340582	11.235185	7.506241	-1	###LINE###
5	8	273	0	0	0	303.12	507.34	11.24	7.51	100	590
3	8	274	0	0	0	378.839840	507.340582	7.490123	7.506241	-1	###FLOW###
4	8	274	0	0	0	378.839840	507.340582	7.490123	7.506241	-1	###LINE###
5	8	274	0	0	0	378.84	507.34	7.49	7.51	100	69
3	8	275	0	0	0	450.839800	507.340582	7.490123	7.506241	-1	###FLOW###
4	8	275	0	0	0	450.839800	507.340582	7.490123	7.506241	-1	###LINE###
5	8	275	0	0	0	450.84	507.34	7.49	7.51	100	36
3	8	276	0	0	0	522.839760	507.340582	7.490123	7.506241	-1	###FLOW###
4	8	276	0	0	0	522.839760	507.340582	7.490123	7.506241	-1	###LINE###
5	8	276	0	0	0	522.84	507.34	7.49	7.51	100	63
3	8	277	0	0	0	594.839750	507.340582	7.490123	7.506241	-1	###FLOW###
4	8	277	0	0	0	594.839750	507.340582	7.490123	7.506241	-1	###LINE###
5	8	277	0	0	0	594.84	507.34	7.49	7.51	100	56
3	8	278	0	0	0	666.839679	507.340582	7.490123	7.506241	-1	###FLOW###
4	8	278	0	0	0	666.839679	507.340582	7.490123	7.506241	-1	###LINE###
5	8	278	0	0	0	666.84	507.34	7.49	7.51	100	25
3	8	279	0	0	0	117.719948	519.700516	31.011266	7.506241	-1	###FLOW###
4	8	279	0	0	0	117.719948	519.700516	31.011266	7.506241	-1	###LINE###
5	8	279	0	0	0	117.72	519.70	31.01	7.51	100	Robertson
3	8	280	0	0	0	231.119901	519.700516	11.235185	7.506241	-1	###FLOW###
4	8	280	0	0	0	231.119901	519.700516	11.235185	7.506241	-1	###LINE###
5	8	280	0	0	0	231.12	519.70	11.24	7.51	100	109
3	8	281	0	0	0	303.119860	519.700516	11.235185	7.506241	-1	###FLOW###
4	8	281	0	0	0	303.119860	519.700516	11.235185	7.506241	-1	###LINE###
5	8	281	0	0	0	303.12	519.70	11.24	7.51	100	162
3	8	282	0	0	0	378.839840	519.700516	7.490123	7.506241	-1	###FLOW###
4	8	282	0	0	0	378.839840	519.700516	7.490123	7.506241	-1	###LINE###
5	8	282	0	0	0	378.84	519.70	7.49	7.51	100	17
3	8	283	0	0	0	450.839800	519.700516	7.490123	7.506241	-1	###FLOW###
4	8	283	0	0	0	450.839800	519.700516	7.490123	7.506241	-1	###LINE###
5	8	283	0	0	0	450.84	519.70	7.49	7.51	100	11
3	8	284	0	0	0	522.839760	519.700516	7.490123	7.506241	-1	###FLOW###
4	8	284	0	0	0	522.839760	519.700516	7.490123	7.506241	-1	###LINE###
5	8	284	0	0	0	522.84	519.70	7.49	7.51	100	17
3	8	285	0	0	0	594.839750	519.700516	7.490123	7.506241	-1	###FLOW###
4	8	285	0	0	0	594.839750	519.700516	7.490123	7.506241	-1	###LINE###
5	8	285	0	0	0	594.84	519.70	7.49	7.51	100	17
3	8	286	0	0	0	666.839679	519.700516	7.490123	7.506241	-1	###FLOW###
4	8	286	0	0	0	666.839679	519.700516	7.490123	7.506241	-1	###LINE###
5	8	286	0	0	0	666.84	519.70	7.49	7.51	100	12
3	8	287	0	0	0	117.719948	531.940547	32.661518	7.506241	-1	###FLOW###
4	8	287	0	0	0	117.719948	531.940547	32.661518	7.506241	-1	###LINE###
5	8	287	0	0	0	117.72	531.94	32.66	7.51	100	Rockcastle
3	8	288	0	0	0	231.119901	531.940547	11.235185	7.506241	-1	###FLOW###
4	8	288	0	0	0	231.119901	531.940547	11.235185	7.506241	-1	###LINE###
5	8	288	0	0	0	231.12	531.94	11.24	7.51	100	106
3	8	289	0	0	0	306.839849	531.940547	7.490123	7.506241	-1	###FLOW###
4	8	289	0	0	0	306.839849	531.940547	7.490123	7.506241	-1	###LINE###
5	8	289	0	0	0	306.84	531.94	7.49	7.51	100	95
3	8	290	0	0	0	378.839840	531.940547	7.490123	7.506241	-1	###FLOW###
4	8	290	0	0	0	378.839840	531.940547	7.490123	7.506241	-1	###LINE###
5	8	290	0	0	0	378.84	531.94	7.49	7.51	100	10
3	8	291	0	0	0	454.559789	531.940547	3.745062	7.506241	-1	###FLOW###
4	8	291	0	0	0	454.559789	531.940547	3.745062	7.506241	-1	###LINE###
5	8	291	0	0	0	454.56	531.94	3.75	7.51	100	5
3	8	292	0	0	0	522.839760	531.940547	7.490123	7.506241	-1	###FLOW###
4	8	292	0	0	0	522.839760	531.940547	7.490123	7.506241	-1	###LINE###
5	8	292	0	0	0	522.84	531.94	7.49	7.51	100	15
3	8	293	0	0	0	594.839750	531.940547	7.490123	7.506241	-1	###FLOW###
4	8	293	0	0	0	594.839750	531.940547	7.490123	7.506241	-1	###LINE###
5	8	293	0	0	0	594.84	531.94	7.49	7.51	100	12
3	8	294	0	0	0	670.559669	531.940547	3.745062	7.506241	-1	###FLOW###
4	8	294	0	0	0	670.559669	531.940547	3.745062	7.506241	-1	###LINE###
5	8	294	0	0	0	670.56	531.94	3.75	7.51	100	5
3	8	295	0	0	0	117.719948	544.300542	20.685404	7.506241	-1	###FLOW###
4	8	295	0	0	0	117.719948	544.300542	20.685404	7.506241	-1	###LINE###
5	8	295	0	0	0	117.72	544.30	20.69	7.51	100	Rowan
3	8	296	0	0	0	231.119901	544.300542	11.235185	7.506241	-1	###FLOW###
4	8	296	0	0	0	231.119901	544.300542	11.235185	7.506241	-1	###LINE###
5	8	296	0	0	0	231.12	544.30	11.24	7.51	100	870
3	8	297	0	0	0	303.119860	544.300542	11.235185	7.506241	-1	###FLOW###
4	8	297	0	0	0	303.119860	544.300542	11.235185	7.506241	-1	###LINE###
5	8	297	0	0	0	303.12	544.30	11.24	7.51	100	861
3	8	298	0	0	0	378.839840	544.300542	7.490123	7.506241	-1	###FLOW###
4	8	298	0	0	0	378.839840	544.300542	7.490123	7.506241	-1	###LINE###
5	8	298	0	0	0	378.84	544.30	7.49	7.51	100	95
3	8	299	0	0	0	450.839800	544.300542	7.490123	7.506241	-1	###FLOW###
4	8	299	0	0	0	450.839800	544.300542	7.490123	7.506241	-1	###LINE###
5	8	299	0	0	0	450.84	544.30	7.49	7.51	100	54
3	8	300	0	0	0	522.839760	544.300542	7.490123	7.506241	-1	###FLOW###
4	8	300	0	0	0	522.839760	544.300542	7.490123	7.506241	-1	###LINE###
5	8	300	0	0	0	522.84	544.30	7.49	7.51	100	94
3	8	301	0	0	0	594.839750	544.300542	7.490123	7.506241	-1	###FLOW###
4	8	301	0	0	0	594.839750	544.300542	7.490123	7.506241	-1	###LINE###
5	8	301	0	0	0	594.84	544.30	7.49	7.51	100	53
3	8	302	0	0	0	666.839679	544.300542	7.490123	7.506241	-1	###FLOW###
4	8	302	0	0	0	666.839679	544.300542	7.490123	7.506241	-1	###LINE###
5	8	302	0	0	0	666.84	544.30	7.49	7.51	100	44
3	8	303	0	0	0	546.359771	98.004428	127.874768	10.857240	-1	###FLOW###
4	8	303	0	0	0	546.359771	98.004428	127.874768	10.857240	-1	###LINE###
5	8	303	0	0	0	546.36	98.00	56.00	10.86	100	THOMPSON
5	8	303	0	0	1	608.52	98.00	46.88	10.86	100	BLANTON
5	8	303	0	0	2	658.01	98.00	16.22	10.86	100	SR.
1	9	0	0	0	0	0.000000	0.000000	792.000000	612.000000	-1	###PAGE###
3	9	0	0	0	0	35.999984	54.115290	161.717484	13.404001	-1	###FLOW###
4	9	0	0	0	0	35.999984	54.115290	161.717484	13.404001	-1	###LINE###
5	9	0	0	0	0	36.00	54.12	89.61	13.40	100	Commonwealth
5	9	0	0	0	1	128.96	54.12	11.34	13.40	100	of
5	9	0	0	0	2	143.60	54.12	54.11	13.40	100	Kentucky
3	9	1	0	0	0	289.919866	54.115290	212.006871	13.404001	-1	###FLOW###
4	9	1	0	0	0	289.919866	54.115290	212.006871	13.404001	-1	###LINE###
5	9	1	0	0	0	289.92	54.12	44.08	13.40	100	Michael
5	9	1	0	0	1	337.41	54.12	12.68	13.40	100	G.
5	9	1	0	0	2	353.49	54.12	43.05	13.40	100	Adams,
5	9	1	0	0	3	399.93	54.12	54.93	13.40	100	Secretary
5	9	1	0	0	4	457.88	54.12	11.34	13.40	100	of
5	9	1	0	0	5	472.53	54.12	29.40	13.40	100	State
3	9	2	0	0	0	584.279730	54.115290	171.664703	13.404001	-1	###FLOW###
4	9	2	0	0	0	584.279730	54.115290	171.664703	13.404001	-1	###LINE###
5	9	2	0	0	0	584.28	54.12	26.75	13.40	100	2026
5	9	2	0	0	1	614.48	54.12	44.77	13.40	100	Primary
5	9	2	0	0	2	662.37	54.12	46.85	13.40	100	Election
5	9	2	0	0	3	712.52	54.12	43.42	13.40	100	Results
3	9	3	0	0	0	219.359910	90.100612	22.948606	7.506241	-1	###FLOW###
4	9	3	0	0	0	219.359910	90.100612	22.948606	7.506241	-1	###LINE###
5	9	3	0	0	0	219.36	90.10	22.95	7.51	100	Charles
3	9	4	0	0	0	300.959861	90.100612	13.464709	7.506241	-1	###FLOW###
4	9	4	0	0	0	300.959861	90.100612	13.464709	7.506241	-1	###LINE###
5	9	4	0	0	0	300.96	90.10	13.46	7.51	100	Amy
3	9	5	0	0	0	363.719851	90.100612	22.584877	7.506241	-1	###FLOW###
4	9	5	0	0	0	363.719851	90.100612	22.584877	7.506241	-1	###LINE###
5	9	5	0	0	0	363.72	90.10	22.58	7.51	100	Pamela
3	9	6	0	0	0	425.759798	90.100612	32.526804	7.506241	-1	###FLOW###
4	9	6	0	0	0	425.759798	90.100612	32.526804	7.506241	-1	###LINE###
5	9	6	0	0	0	425.76	90.10	13.58	7.51	100	Dale
5	9	6	0	0	1	441.18	90.10	17.10	7.51	100	Lewis
3	9	7	0	0	0	511.679793	90.100612	18.644480	7.506241	-1	###FLOW###
4	9	7	0	0	0	511.679793	90.100612	18.644480	7.506241	-1	###LINE###
5	9	7	0	0	0	511.68	90.10	18.64	7.51	100	Logan
3	9	8	0	0	0	199.799907	98.004428	42.634234	10.857240	-1	###FLOW###
4	9	8	0	0	0	199.799907	98.004428	42.634234	10.857240	-1	###LINE###
5	9	8	0	0	0	199.80	98.00	42.63	10.86	100	BOOKER
3	9	9	0	0	0	266.879892	98.004428	47.534833	10.857240	-1	###FLOW###
4	9	9	0	0	0	266.879892	98.004428	47.534833	10.857240	-1	###LINE###
5	9	9	0	0	0	266.88	98.00	47.53	10.86	100	McGRATH
3	9	10	0	0	0	326.519839	98.004428	59.830172	10.857240	-1	###FLOW###
4	9	10	0	0	0	326.519839	98.004428	59.830172	10.857240	-1	###LINE###
5	9	10	0	0	0	326.52	98.00	59.83	10.86	100	STEVENSON
3	9	11	0	0	0	415.679816	98.004428	42.673205	10.857240	-1	###FLOW###
4	9	11	0	0	0	415.679816	98.004428	42.673205	10.857240	-1	###LINE###
5	9	11	0	0	0	415.68	98.00	42.67	10.86	100	ROMANS
3	9	12	0	0	0	477.719794	98.004428	52.562088	10.857240	-1	###FLOW###
4	9	12	0	0	0	477.719794	98.004428	52.562088	10.857240	-1	###LINE###
5	9	12	0	0	0	477.72	98.00	52.56	10.86	100	FORSYTHE
3	9	13	0	0	0	553.919750	90.100612	48.503937	7.506241	-1	###FLOW###
4	9	13	0	0	0	553.919750	90.100612	48.503937	7.506241	-1	###LINE###
5	9	13	0	0	0	553.92	90.10	22.19	7.51	100	Vincent
5	9	13	0	0	1	577.87	90.10	24.56	7.51	100	Anthony
3	9	14	0	0	0	652.679733	90.100612	21.648612	7.506241	-1	###FLOW###
4	9	14	0	0	0	652.679733	90.100612	21.648612	7.506241	-1	###LINE###
5	9	14	0	0	0	652.68	90.10	21.65	7.51	100	Joshua
3	9	15	0	0	0	117.719948	113.740577	21.769855	7.506241	-1	###FLOW###
4	9	15	0	0	0	117.719948	113.740577	21.769855	7.506241	-1	###LINE###
5	9	15	0	0	0	117.72	113.74	21.77	7.51	100	Russell
3	9	16	0	0	0	231.119901	113.740577	11.235185	7.506241	-1	###FLOW###
4	9	16	0	0	0	231.119901	113.740577	11.235185	7.506241	-1	###LINE###
5	9	16	0	0	0	231.12	113.74	11.24	7.51	100	142
3	9	17	0	0	0	303.119860	113.740577	11.235185	7.506241	-1	###FLOW###
4	9	17	0	0	0	303.119860	113.740577	11.235185	7.506241	-1	###LINE###
5	9	17	0	0	0	303.12	113.74	11.24	7.51	100	197
3	9	18	0	0	0	378.839840	113.740577	7.490123	7.506241	-1	###FLOW###
4	9	18	0	0	0	378.839840	113.740577	7.490123	7.506241	-1	###LINE###
5	9	18	0	0	0	378.84	113.74	7.49	7.51	100	31
3	9	19	0	0	0	450.839800	113.740577	7.490123	7.506241	-1	###FLOW###
4	9	19	0	0	0	450.839800	113.740577	7.490123	7.506241	-1	###LINE###
5	9	19	0	0	0	450.84	113.74	7.49	7.51	100	19
3	9	20	0	0	0	522.839760	113.740577	7.490123	7.506241	-1	###FLOW###
4	9	20	0	0	0	522.839760	113.740577	7.490123	7.506241	-1	###LINE###
5	9	20	0	0	0	522.84	113.74	7.49	7.51	100	18
3	9	21	0	0	0	598.559739	113.740577	3.745062	7.506241	-1	###FLOW###
4	9	21	0	0	0	598.559739	113.740577	3.745062	7.506241	-1	###LINE###
5	9	21	0	0	0	598.56	113.74	3.75	7.51	100	8
3	9	22	0	0	0	666.839679	113.740577	7.490123	7.506241	-1	###FLOW###
4	9	22	0	0	0	666.839679	113.740577	7.490123	7.506241	-1	###LINE###
5	9	22	0	0	0	666.84	113.74	7.49	7.51	100	18
3	9	23	0	0	0	117.719948	126.100573	15.249676	7.506241	-1	###FLOW###
4	9	23	0	0	0	117.719948	126.100573	15.249676	7.506241	-1	###LINE###
5	9	23	0	0	0	117.72	126.10	15.25	7.51	100	Scott
3	9	24	0	0	0	225.479901	126.100573	16.846042	7.506241	-1	###FLOW###
4	9	24	0	0	0	225.479901	126.100573	16.846042	7.506241	-1	###LINE###
5	9	24	0	0	0	225.48	126.10	16.85	7.51	100	2,337
3	9	25	0	0	0	297.479876	126.100573	16.846042	7.506241	-1	###FLOW###
4	9	25	0	0	0	297.479876	126.100573	16.846042	7.506241	-1	###LINE###
5	9	25	0	0	0	297.48	126.10	16.85	7.51	100	1,793
3	9	26	0	0	0	375.119820	126.100573	11.235185	7.506241	-1	###FLOW###
4	9	26	0	0	0	375.119820	126.100573	11.235185	7.506241	-1	###LINE###
5	9	26	0	0	0	375.12	126.10	11.24	7.51	100	473
3	9	27	0	0	0	447.119811	126.100573	11.235185	7.506241	-1	###FLOW###
4	9	27	0	0	0	447.119811	126.100573	11.235185	7.506241	-1	###LINE###
5	9	27	0	0	0	447.12	126.10	11.24	7.51	100	239
3	9	28	0	0	0	519.119770	126.100573	11.235185	7.506241	-1	###FLOW###
4	9	28	0	0	0	519.119770	126.100573	11.235185	7.506241	-1	###LINE###
5	9	28	0	0	0	519.12	126.10	11.24	7.51	100	148
3	9	29	0	0	0	594.839750	126.100573	7.490123	7.506241	-1	###FLOW###
4	9	29	0	0	0	594.839750	126.100573	7.490123	7.506241	-1	###LINE###
5	9	29	0	0	0	594.84	126.10	7.49	7.51	100	54
3	9	30	0	0	0	666.839679	126.100573	7.490123	7.506241	-1	###FLOW###
4	9	30	0	0	0	666.839679	126.100573	7.490123	7.506241	-1	###LINE###
5	9	30	0	0	0	666.84	126.10	7.49	7.51	100	59
3	9	31	0	0	0	117.719948	138.340573	20.308203	7.506241	-1	###FLOW###
4	9	31	0	0	0	117.719948	138.340573	20.308203	7.506241	-1	###LINE###
5	9	31	0	0	0	117.72	138.34	20.31	7.51	100	Shelby
3	9	32	0	0	0	225.479901	138.340573	16.846042	7.506241	-1	###FLOW###
4	9	32	0	0	0	225.479901	138.340573	16.846042	7.506241	-1	###LINE###
5	9	32	0	0	0	225.48	138.34	16.85	7.51	100	1,612
3	9	33	0	0	0	297.479876	138.340573	16.846042	7.506241	-1	###FLOW###
4	9	33	0	0	0	297.479876	138.340573	16.846042	7.506241	-1	###LINE###
5	9	33	0	0	0	297.48	138.34	16.85	7.51	100	1,319
3	9	34	0	0	0	375.119820	138.340573	11.235185	7.506241	-1	###FLOW###
4	9	34	0	0	0	375.119820	138.340573	11.235185	7.506241	-1	###LINE###
5	9	34	0	0	0	375.12	138.34	11.24	7.51	100	184
3	9	35	0	0	0	447.119811	138.340573	11.235185	7.506241	-1	###FLOW###
4	9	35	0	0	0	447.119811	138.340573	11.235185	7.506241	-1	###LINE###
5	9	35	0	0	0	447.12	138.34	11.24	7.51	100	295
3	9	36	0	0	0	522.839760	138.340573	7.490123	7.506241	-1	###FLOW###
4	9	36	0	0	0	522.839760	138.340573	7.490123	7.506241	-1	###LINE###
5	9	36	0	0	0	522.84	138.34	7.49	7.51	100	79
3	9	37	0	0	0	594.839750	138.340573	7.490123	7.506241	-1	###FLOW###
4	9	37	0	0	0	594.839750	138.340573	7.490123	7.506241	-1	###LINE###
5	9	37	0	0	0	594.84	138.34	7.49	7.51	100	43
3	9	38	0	0	0	666.839679	138.340573	7.490123	7.506241	-1	###FLOW###
4	9	38	0	0	0	666.839679	138.340573	7.490123	7.506241	-1	###LINE###
5	9	38	0	0	0	666.84	138.34	7.49	7.51	100	68
3	9	39	0	0	0	117.719948	150.700569	26.195224	7.506241	-1	###FLOW###
4	9	39	0	0	0	117.719948	150.700569	26.195224	7.506241	-1	###LINE###
5	9	39	0	0	0	117.72	150.70	26.20	7.51	100	Simpson
3	9	40	0	0	0	231.119901	150.700569	11.235185	7.506241	-1	###FLOW###
4	9	40	0	0	0	231.119901	150.700569	11.235185	7.506241	-1	###LINE###
5	9	40	0	0	0	231.12	150.70	11.24	7.51	100	360
3	9	41	0	0	0	303.119860	150.700569	11.235185	7.506241	-1	###FLOW###
4	9	41	0	0	0	303.119860	150.700569	11.235185	7.506241	-1	###LINE###
5	9	41	0	0	0	303.12	150.70	11.24	7.51	100	342
3	9	42	0	0	0	378.839840	150.700569	7.490123	7.506241	-1	###FLOW###
4	9	42	0	0	0	378.839840	150.700569	7.490123	7.506241	-1	###LINE###
5	9	42	0	0	0	378.84	150.70	7.49	7.51	100	31
3	9	43	0	0	0	450.839800	150.700569	7.490123	7.506241	-1	###FLOW###
4	9	43	0	0	0	450.839800	150.700569	7.490123	7.506241	-1	###LINE###
5	9	43	0	0	0	450.84	150.70	7.49	7.51	100	11
3	9	44	0	0	0	522.839760	150.700569	7.490123	7.506241	-1	###FLOW###
4	9	44	0	0	0	522.839760	150.700569	7.490123	7.506241	-1	###LINE###
5	9	44	0	0	0	522.84	150.70	7.49	7.51	100	40
3	9	45	0	0	0	594.839750	150.700569	7.490123	7.506241	-1	###FLOW###
4	9	45	0	0	0	594.839750	150.700569	7.490123	7.506241	-1	###LINE###
5	9	45	0	0	0	594.84	150.70	7.49	7.51	100	36
3	9	46	0	0	0	666.839679	150.700569	7.490123	7.506241	-1	###FLOW###
4	9	46	0	0	0	666.839679	150.700569	7.490123	7.506241	-1	###LINE###
5	9	46	0	0	0	666.84	150.70	7.49	7.51	100	60
3	9	47	0	0	0	117.719948	162.940568	24.922173	7.506241	-1	###FLOW###
4	9	47	0	0	0	117.719948	162.940568	24.922173	7.506241	-1	###LINE###
5	9	47	0	0	0	117.72	162.94	24.92	7.51	100	Spencer
3	9	48	0	0	0	231.119901	162.940568	11.235185	7.506241	-1	###FLOW###
4	9	48	0	0	0	231.119901	162.940568	11.235185	7.506241	-1	###LINE###
5	9	48	0	0	0	231.12	162.94	11.24	7.51	100	394
3	9	49	0	0	0	303.119860	162.940568	11.235185	7.506241	-1	###FLOW###
4	9	49	0	0	0	303.119860	162.940568	11.235185	7.506241	-1	###LINE###
5	9	49	0	0	0	303.12	162.94	11.24	7.51	100	406
3	9	50	0	0	0	378.839840	162.940568	7.490123	7.506241	-1	###FLOW###
4	9	50	0	0	0	378.839840	162.940568	7.490123	7.506241	-1	###LINE###
5	9	50	0	0	0	378.84	162.94	7.49	7.51	100	51
3	9	51	0	0	0	447.119811	162.940568	11.235185	7.506241	-1	###FLOW###
4	9	51	0	0	0	447.119811	162.940568	11.235185	7.506241	-1	###LINE###
5	9	51	0	0	0	447.12	162.94	11.24	7.51	100	102
3	9	52	0	0	0	522.839760	162.940568	7.490123	7.506241	-1	###FLOW###
4	9	52	0	0	0	522.839760	162.940568	7.490123	7.506241	-1	###LINE###
5	9	52	0	0	0	522.84	162.94	7.49	7.51	100	35
3	9	53	0	0	0	594.839750	162.940568	7.490123	7.506241	-1	###FLOW###
4	9	53	0	0	0	594.839750	162.940568	7.490123	7.506241	-1	###LINE###
5	9	53	0	0	0	594.84	162.94	7.49	7.51	100	23
3	9	54	0	0	0	666.839679	162.940568	7.490123	7.506241	-1	###FLOW###
4	9	54	0	0	0	666.839679	162.940568	7.490123	7.506241	-1	###LINE###
5	9	54	0	0	0	666.84	162.94	7.49	7.51	100	28
3	9	55	0	0	0	117.719948	175.300595	18.462615	7.506241	-1	###FLOW###
4	9	55	0	0	0	117.719948	175.300595	18.462615	7.506241	-1	###LINE###
5	9	55	0	0	0	117.72	175.30	18.46	7.51	100	Taylor
3	9	56	0	0	0	231.119901	175.300595	11.235185	7.506241	-1	###FLOW###
4	9	56	0	0	0	231.119901	175.300595	11.235185	7.506241	-1	###LINE###
5	9	56	0	0	0	231.12	175.30	11.24	7.51	100	449
3	9	57	0	0	0	303.119860	175.300595	11.235185	7.506241	-1	###FLOW###
4	9	57	0	0	0	303.119860	175.300595	11.235185	7.506241	-1	###LINE###
5	9	57	0	0	0	303.12	175.30	11.24	7.51	100	536
3	9	58	0	0	0	378.839840	175.300595	7.490123	7.506241	-1	###FLOW###
4	9	58	0	0	0	378.839840	175.300595	7.490123	7.506241	-1	###LINE###
5	9	58	0	0	0	378.84	175.30	7.49	7.51	100	48
3	9	59	0	0	0	450.839800	175.300595	7.490123	7.506241	-1	###FLOW###
4	9	59	0	0	0	450.839800	175.300595	7.490123	7.506241	-1	###LINE###
5	9	59	0	0	0	450.84	175.30	7.49	7.51	100	72
3	9	60	0	0	0	522.839760	175.300595	7.490123	7.506241	-1	###FLOW###
4	9	60	0	0	0	522.839760	175.300595	7.490123	7.506241	-1	###LINE###
5	9	60	0	0	0	522.84	175.30	7.49	7.51	100	33
3	9	61	0	0	0	594.839750	175.300595	7.490123	7.506241	-1	###FLOW###
4	9	61	0	0	0	594.839750	175.300595	7.490123	7.506241	-1	###LINE###
5	9	61	0	0	0	594.84	175.30	7.49	7.51	100	32
3	9	62	0	0	0	666.839679	175.300595	7.490123	7.506241	-1	###FLOW###
4	9	62	0	0	0	666.839679	175.300595	7.490123	7.506241	-1	###LINE###
5	9	62	0	0	0	666.84	175.30	7.49	7.51	100	35
3	9	63	0	0	0	117.719948	187.540594	15.431540	7.506241	-1	###FLOW###
4	9	63	0	0	0	117.719948	187.540594	15.431540	7.506241	-1	###LINE###
5	9	63	0	0	0	117.72	187.54	15.43	7.51	100	Todd
3	9	64	0	0	0	231.119901	187.540594	11.235185	7.506241	-1	###FLOW###
4	9	64	0	0	0	231.119901	187.540594	11.235185	7.506241	-1	###LINE###
5	9	64	0	0	0	231.12	187.54	11.24	7.51	100	168
3	9	65	0	0	0	303.119860	187.540594	11.235185	7.506241	-1	###FLOW###
4	9	65	0	0	0	303.119860	187.540594	11.235185	7.506241	-1	###LINE###
5	9	65	0	0	0	303.12	187.54	11.24	7.51	100	261
3	9	66	0	0	0	378.839840	187.540594	7.490123	7.506241	-1	###FLOW###
4	9	66	0	0	0	378.839840	187.540594	7.490123	7.506241	-1	###LINE###
5	9	66	0	0	0	378.84	187.54	7.49	7.51	100	43
3	9	67	0	0	0	450.839800	187.540594	7.490123	7.506241	-1	###FLOW###
4	9	67	0	0	0	450.839800	187.540594	7.490123	7.506241	-1	###LINE###
5	9	67	0	0	0	450.84	187.54	7.49	7.51	100	16
3	9	68	0	0	0	522.839760	187.540594	7.490123	7.506241	-1	###FLOW###
4	9	68	0	0	0	522.839760	187.540594	7.490123	7.506241	-1	###LINE###
5	9	68	0	0	0	522.84	187.54	7.49	7.51	100	41
3	9	69	0	0	0	594.839750	187.540594	7.490123	7.506241	-1	###FLOW###
4	9	69	0	0	0	594.839750	187.540594	7.490123	7.506241	-1	###LINE###
5	9	69	0	0	0	594.84	187.54	7.49	7.51	100	28
3	9	70	0	0	0	666.839679	187.540594	7.490123	7.506241	-1	###FLOW###
4	9	70	0	0	0	666.839679	187.540594	7.490123	7.506241	-1	###LINE###
5	9	70	0	0	0	666.84	187.54	7.49	7.51	100	55
3	9	71	0	0	0	117.719948	199.900589	15.525840	7.506241	-1	###FLOW###
4	9	71	0	0	0	117.719948	199.900589	15.525840	7.506241	-1	###LINE###
5	9	71	0	0	0	117.72	199.90	15.53	7.51	100	Trigg
3	9	72	0	0	0	231.119901	199.900589	11.235185	7.506241	-1	###FLOW###
4	9	72	0	0	0	231.119901	199.900589	11.235185	7.506241	-1	###LINE###
5	9	72	0	0	0	231.12	199.90	11.24	7.51	100	235
3	9	73	0	0	0	303.119860	199.900589	11.235185	7.506241	-1	###FLOW###
4	9	73	0	0	0	303.119860	199.900589	11.235185	7.506241	-1	###LINE###
5	9	73	0	0	0	303.12	199.90	11.24	7.51	100	362
3	9	74	0	0	0	378.839840	199.900589	7.490123	7.506241	-1	###FLOW###
4	9	74	0	0	0	378.839840	199.900589	7.490123	7.506241	-1	###LINE###
5	9	74	0	0	0	378.84	199.90	7.49	7.51	100	64
3	9	75	0	0	0	450.839800	199.900589	7.490123	7.506241	-1	###FLOW###
4	9	75	0	0	0	450.839800	199.900589	7.490123	7.506241	-1	###LINE###
5	9	75	0	0	0	450.84	199.90	7.49	7.51	100	27
3	9	76	0	0	0	522.839760	199.900589	7.490123	7.506241	-1	###FLOW###
4	9	76	0	0	0	522.839760	199.900589	7.490123	7.506241	-1	###LINE###
5	9	76	0	0	0	522.84	199.90	7.49	7.51	100	34
3	9	77	0	0	0	594.839750	199.900589	7.490123	7.506241	-1	###FLOW###
4	9	77	0	0	0	594.839750	199.900589	7.490123	7.506241	-1	###LINE###
5	9	77	0	0	0	594.84	199.90	7.49	7.51	100	38
3	9	78	0	0	0	666.839679	199.900589	7.490123	7.506241	-1	###FLOW###
4	9	78	0	0	0	666.839679	199.900589	7.490123	7.506241	-1	###LINE###
5	9	78	0	0	0	666.84	199.90	7.49	7.51	100	54
3	9	79	0	0	0	117.719948	212.140590	22.463634	7.506241	-1	###FLOW###
4	9	79	0	0	0	117.719948	212.140590	22.463634	7.506241	-1	###LINE###
5	9	79	0	0	0	117.72	212.14	22.46	7.51	100	Trimble
3	9	80	0	0	0	231.119901	212.140590	11.235185	7.506241	-1	###FLOW###
4	9	80	0	0	0	231.119901	212.140590	11.235185	7.506241	-1	###LINE###
5	9	80	0	0	0	231.12	212.14	11.24	7.51	100	177
3	9	81	0	0	0	303.119860	212.140590	11.235185	7.506241	-1	###FLOW###
4	9	81	0	0	0	303.119860	212.140590	11.235185	7.506241	-1	###LINE###
5	9	81	0	0	0	303.12	212.14	11.24	7.51	100	318
3	9	82	0	0	0	378.839840	212.140590	7.490123	7.506241	-1	###FLOW###
4	9	82	0	0	0	378.839840	212.140590	7.490123	7.506241	-1	###LINE###
5	9	82	0	0	0	378.84	212.14	7.49	7.51	100	33
3	9	83	0	0	0	450.839800	212.140590	7.490123	7.506241	-1	###FLOW###
4	9	83	0	0	0	450.839800	212.140590	7.490123	7.506241	-1	###LINE###
5	9	83	0	0	0	450.84	212.14	7.49	7.51	100	81
3	9	84	0	0	0	522.839760	212.140590	7.490123	7.506241	-1	###FLOW###
4	9	84	0	0	0	522.839760	212.140590	7.490123	7.506241	-1	###LINE###
5	9	84	0	0	0	522.84	212.14	7.49	7.51	100	33
3	9	85	0	0	0	594.839750	212.140590	7.490123	7.506241	-1	###FLOW###
4	9	85	0	0	0	594.839750	212.140590	7.490123	7.506241	-1	###LINE###
5	9	85	0	0	0	594.84	212.14	7.49	7.51	100	15
3	9	86	0	0	0	666.839679	212.140590	7.490123	7.506241	-1	###FLOW###
4	9	86	0	0	0	666.839679	212.140590	7.490123	7.506241	-1	###LINE###
5	9	86	0	0	0	666.84	212.14	7.49	7.51	100	25
3	9	87	0	0	0	117.719948	224.500585	17.526350	7.506241	-1	###FLOW###
4	9	87	0	0	0	117.719948	224.500585	17.526350	7.506241	-1	###LINE###
5	9	87	0	0	0	117.72	224.50	17.53	7.51	100	Union
3	9	88	0	0	0	231.119901	224.500585	11.235185	7.506241	-1	###FLOW###
4	9	88	0	0	0	231.119901	224.500585	11.235185	7.506241	-1	###LINE###
5	9	88	0	0	0	231.12	224.50	11.24	7.51	100	226
3	9	89	0	0	0	303.119860	224.500585	11.235185	7.506241	-1	###FLOW###
4	9	89	0	0	0	303.119860	224.500585	11.235185	7.506241	-1	###LINE###
5	9	89	0	0	0	303.12	224.50	11.24	7.51	100	413
3	9	90	0	0	0	378.839840	224.500585	7.490123	7.506241	-1	###FLOW###
4	9	90	0	0	0	378.839840	224.500585	7.490123	7.506241	-1	###LINE###
5	9	90	0	0	0	378.84	224.50	7.49	7.51	100	30
3	9	91	0	0	0	450.839800	224.500585	7.490123	7.506241	-1	###FLOW###
4	9	91	0	0	0	450.839800	224.500585	7.490123	7.506241	-1	###LINE###
5	9	91	0	0	0	450.84	224.50	7.49	7.51	100	19
3	9	92	0	0	0	522.839760	224.500585	7.490123	7.506241	-1	###FLOW###
4	9	92	0	0	0	522.839760	224.500585	7.490123	7.506241	-1	###LINE###
5	9	92	0	0	0	522.84	224.50	7.49	7.51	100	32
3	9	93	0	0	0	594.839750	224.500585	7.490123	7.506241	-1	###FLOW###
4	9	93	0	0	0	594.839750	224.500585	7.490123	7.506241	-1	###LINE###
5	9	93	0	0	0	594.84	224.50	7.49	7.51	100	84
3	9	94	0	0	0	666.839679	224.500585	7.490123	7.506241	-1	###FLOW###
4	9	94	0	0	0	666.839679	224.500585	7.490123	7.506241	-1	###LINE###
5	9	94	0	0	0	666.84	224.50	7.49	7.51	100	38
3	9	95	0	0	0	117.719948	236.740585	22.436691	7.506241	-1	###FLOW###
4	9	95	0	0	0	117.719948	236.740585	22.436691	7.506241	-1	###LINE###
5	9	95	0	0	0	117.72	236.74	22.44	7.51	100	Warren
3	9	96	0	0	0	225.479901	236.740585	16.846042	7.506241	-1	###FLOW###
4	9	96	0	0	0	225.479901	236.740585	16.846042	7.506241	-1	###LINE###
5	9	96	0	0	0	225.48	236.74	16.85	7.51	100	3,396
3	9	97	0	0	0	297.479876	236.740585	16.846042	7.506241	-1	###FLOW###
4	9	97	0	0	0	297.479876	236.740585	16.846042	7.506241	-1	###LINE###
5	9	97	0	0	0	297.48	236.74	16.85	7.51	100	2,642
3	9	98	0	0	0	375.119820	236.740585	11.235185	7.506241	-1	###FLOW###
4	9	98	0	0	0	375.119820	236.740585	11.235185	7.506241	-1	###LINE###
5	9	98	0	0	0	375.12	236.74	11.24	7.51	100	295
3	9	99	0	0	0	450.839800	236.740585	7.490123	7.506241	-1	###FLOW###
4	9	99	0	0	0	450.839800	236.740585	7.490123	7.506241	-1	###LINE###
5	9	99	0	0	0	450.84	236.74	7.49	7.51	100	90
3	9	100	0	0	0	519.119770	236.740585	11.235185	7.506241	-1	###FLOW###
4	9	100	0	0	0	519.119770	236.740585	11.235185	7.506241	-1	###LINE###
5	9	100	0	0	0	519.12	236.74	11.24	7.51	100	215
3	9	101	0	0	0	594.839750	236.740585	7.490123	7.506241	-1	###FLOW###
4	9	101	0	0	0	594.839750	236.740585	7.490123	7.506241	-1	###LINE###
5	9	101	0	0	0	594.84	236.74	7.49	7.51	100	59
3	9	102	0	0	0	666.839679	236.740585	7.490123	7.506241	-1	###FLOW###
4	9	102	0	0	0	666.839679	236.740585	7.490123	7.506241	-1	###LINE###
5	9	102	0	0	0	666.84	236.74	7.49	7.51	100	88
3	9	103	0	0	0	117.719948	249.100581	35.914872	7.506241	-1	###FLOW###
4	9	103	0	0	0	117.719948	249.100581	35.914872	7.506241	-1	###LINE###
5	9	103	0	0	0	117.72	249.10	35.91	7.51	100	Washington
3	9	104	0	0	0	231.119901	249.100581	11.235185	7.506241	-1	###FLOW###
4	9	104	0	0	0	231.119901	249.100581	11.235185	7.506241	-1	###LINE###
5	9	104	0	0	0	231.12	249.10	11.24	7.51	100	348
3	9	105	0	0	0	303.119860	249.100581	11.235185	7.506241	-1	###FLOW###
4	9	105	0	0	0	303.119860	249.100581	11.235185	7.506241	-1	###LINE###
5	9	105	0	0	0	303.12	249.10	11.24	7.51	100	441
3	9	106	0	0	0	378.839840	249.100581	7.490123	7.506241	-1	###FLOW###
4	9	106	0	0	0	378.839840	249.100581	7.490123	7.506241	-1	###LINE###
5	9	106	0	0	0	378.84	249.10	7.49	7.51	100	39
3	9	107	0	0	0	450.839800	249.100581	7.490123	7.506241	-1	###FLOW###
4	9	107	0	0	0	450.839800	249.100581	7.490123	7.506241	-1	###LINE###
5	9	107	0	0	0	450.84	249.10	7.49	7.51	100	75
3	9	108	0	0	0	522.839760	249.100581	7.490123	7.506241	-1	###FLOW###
4	9	108	0	0	0	522.839760	249.100581	7.490123	7.506241	-1	###LINE###
5	9	108	0	0	0	522.84	249.10	7.49	7.51	100	28
3	9	109	0	0	0	594.839750	249.100581	7.490123	7.506241	-1	###FLOW###
4	9	109	0	0	0	594.839750	249.100581	7.490123	7.506241	-1	###LINE###
5	9	109	0	0	0	594.84	249.10	7.49	7.51	100	24
3	9	110	0	0	0	666.839679	249.100581	7.490123	7.506241	-1	###FLOW###
4	9	110	0	0	0	666.839679	249.100581	7.490123	7.506241	-1	###LINE###
5	9	110	0	0	0	666.84	249.10	7.49	7.51	100	29
3	9	111	0	0	0	117.719948	261.340581	21.163640	7.506241	-1	###FLOW###
4	9	111	0	0	0	117.719948	261.340581	21.163640	7.506241	-1	###LINE###
5	9	111	0	0	0	117.72	261.34	21.16	7.51	100	Wayne
3	9	112	0	0	0	231.119901	261.340581	11.235185	7.506241	-1	###FLOW###
4	9	112	0	0	0	231.119901	261.340581	11.235185	7.506241	-1	###LINE###
5	9	112	0	0	0	231.12	261.34	11.24	7.51	100	171
3	9	113	0	0	0	303.119860	261.340581	11.235185	7.506241	-1	###FLOW###
4	9	113	0	0	0	303.119860	261.340581	11.235185	7.506241	-1	###LINE###
5	9	113	0	0	0	303.12	261.34	11.24	7.51	100	235
3	9	114	0	0	0	378.839840	261.340581	7.490123	7.506241	-1	###FLOW###
4	9	114	0	0	0	378.839840	261.340581	7.490123	7.506241	-1	###LINE###
5	9	114	0	0	0	378.84	261.34	7.49	7.51	100	22
3	9	115	0	0	0	450.839800	261.340581	7.490123	7.506241	-1	###FLOW###
4	9	115	0	0	0	450.839800	261.340581	7.490123	7.506241	-1	###LINE###
5	9	115	0	0	0	450.84	261.34	7.49	7.51	100	13
3	9	116	0	0	0	522.839760	261.340581	7.490123	7.506241	-1	###FLOW###
4	9	116	0	0	0	522.839760	261.340581	7.490123	7.506241	-1	###LINE###
5	9	116	0	0	0	522.84	261.34	7.49	7.51	100	26
3	9	117	0	0	0	594.839750	261.340581	7.490123	7.506241	-1	###FLOW###
4	9	117	0	0	0	594.839750	261.340581	7.490123	7.506241	-1	###LINE###
5	9	117	0	0	0	594.84	261.34	7.49	7.51	100	18
3	9	118	0	0	0	666.839679	261.340581	7.490123	7.506241	-1	###FLOW###
4	9	118	0	0	0	666.839679	261.340581	7.490123	7.506241	-1	###LINE###
5	9	118	0	0	0	666.84	261.34	7.49	7.51	100	11
3	9	119	0	0	0	117.719948	273.700576	25.427352	7.506241	-1	###FLOW###
4	9	119	0	0	0	117.719948	273.700576	25.427352	7.506241	-1	###LINE###
5	9	119	0	0	0	117.72	273.70	25.43	7.51	100	Webster
3	9	120	0	0	0	231.119901	273.700576	11.235185	7.506241	-1	###FLOW###
4	9	120	0	0	0	231.119901	273.700576	11.235185	7.506241	-1	###LINE###
5	9	120	0	0	0	231.12	273.70	11.24	7.51	100	201
3	9	121	0	0	0	303.119860	273.700576	11.235185	7.506241	-1	###FLOW###
4	9	121	0	0	0	303.119860	273.700576	11.235185	7.506241	-1	###LINE###
5	9	121	0	0	0	303.12	273.70	11.24	7.51	100	338
3	9	122	0	0	0	378.839840	273.700576	7.490123	7.506241	-1	###FLOW###
4	9	122	0	0	0	378.839840	273.700576	7.490123	7.506241	-1	###LINE###
5	9	122	0	0	0	378.84	273.70	7.49	7.51	100	45
3	9	123	0	0	0	450.839800	273.700576	7.490123	7.506241	-1	###FLOW###
4	9	123	0	0	0	450.839800	273.700576	7.490123	7.506241	-1	###LINE###
5	9	123	0	0	0	450.84	273.70	7.49	7.51	100	19
3	9	124	0	0	0	522.839760	273.700576	7.490123	7.506241	-1	###FLOW###
4	9	124	0	0	0	522.839760	273.700576	7.490123	7.506241	-1	###LINE###
5	9	124	0	0	0	522.84	273.70	7.49	7.51	100	21
3	9	125	0	0	0	594.839750	273.700576	7.490123	7.506241	-1	###FLOW###
4	9	125	0	0	0	594.839750	273.700576	7.490123	7.506241	-1	###LINE###
5	9	125	0	0	0	594.84	273.70	7.49	7.51	100	22
3	9	126	0	0	0	666.839679	273.700576	7.490123	7.506241	-1	###FLOW###
4	9	126	0	0	0	666.839679	273.700576	7.490123	7.506241	-1	###LINE###
5	9	126	0	0	0	666.84	273.70	7.49	7.51	100	44
3	9	127	0	0	0	117.719948	285.940576	22.349127	7.506241	-1	###FLOW###
4	9	127	0	0	0	117.719948	285.940576	22.349127	7.506241	-1	###LINE###
5	9	127	0	0	0	117.72	285.94	22.35	7.51	100	Whitley
3	9	128	0	0	0	231.119901	285.940576	11.235185	7.506241	-1	###FLOW###
4	9	128	0	0	0	231.119901	285.940576	11.235185	7.506241	-1	###LINE###
5	9	128	0	0	0	231.12	285.94	11.24	7.51	100	219
3	9	129	0	0	0	303.119860	285.940576	11.235185	7.506241	-1	###FLOW###
4	9	129	0	0	0	303.119860	285.940576	11.235185	7.506241	-1	###LINE###
5	9	129	0	0	0	303.12	285.94	11.24	7.51	100	264
3	9	130	0	0	0	378.839840	285.940576	7.490123	7.506241	-1	###FLOW###
4	9	130	0	0	0	378.839840	285.940576	7.490123	7.506241	-1	###LINE###
5	9	130	0	0	0	378.84	285.94	7.49	7.51	100	14
3	9	131	0	0	0	454.559789	285.940576	3.745062	7.506241	-1	###FLOW###
4	9	131	0	0	0	454.559789	285.940576	3.745062	7.506241	-1	###LINE###
5	9	131	0	0	0	454.56	285.94	3.75	7.51	100	6
3	9	132	0	0	0	522.839760	285.940576	7.490123	7.506241	-1	###FLOW###
4	9	132	0	0	0	522.839760	285.940576	7.490123	7.506241	-1	###LINE###
5	9	132	0	0	0	522.84	285.94	7.49	7.51	100	11
3	9	133	0	0	0	594.839750	285.940576	7.490123	7.506241	-1	###FLOW###
4	9	133	0	0	0	594.839750	285.940576	7.490123	7.506241	-1	###LINE###
5	9	133	0	0	0	594.84	285.94	7.49	7.51	100	13
3	9	134	0	0	0	670.559669	285.940576	3.745062	7.506241	-1	###FLOW###
4	9	134	0	0	0	670.559669	285.940576	3.745062	7.506241	-1	###LINE###
5	9	134	0	0	0	670.56	285.94	3.75	7.51	100	5
3	9	135	0	0	0	117.719948	298.300572	17.364692	7.506241	-1	###FLOW###
4	9	135	0	0	0	117.719948	298.300572	17.364692	7.506241	-1	###LINE###
5	9	135	0	0	0	117.72	298.30	17.36	7.51	100	Wolfe
3	9	136	0	0	0	231.119901	298.300572	11.235185	7.506241	-1	###FLOW###
4	9	136	0	0	0	231.119901	298.300572	11.235185	7.506241	-1	###LINE###
5	9	136	0	0	0	231.12	298.30	11.24	7.51	100	265
3	9	137	0	0	0	303.119860	298.300572	11.235185	7.506241	-1	###FLOW###
4	9	137	0	0	0	303.119860	298.300572	11.235185	7.506241	-1	###LINE###
5	9	137	0	0	0	303.12	298.30	11.24	7.51	100	449
3	9	138	0	0	0	378.839840	298.300572	7.490123	7.506241	-1	###FLOW###
4	9	138	0	0	0	378.839840	298.300572	7.490123	7.506241	-1	###LINE###
5	9	138	0	0	0	378.84	298.30	7.49	7.51	100	41
3	9	139	0	0	0	450.839800	298.300572	7.490123	7.506241	-1	###FLOW###
4	9	139	0	0	0	450.839800	298.300572	7.490123	7.506241	-1	###LINE###
5	9	139	0	0	0	450.84	298.30	7.49	7.51	100	53
3	9	140	0	0	0	522.839760	298.300572	7.490123	7.506241	-1	###FLOW###
4	9	140	0	0	0	522.839760	298.300572	7.490123	7.506241	-1	###LINE###
5	9	140	0	0	0	522.84	298.30	7.49	7.51	100	63
3	9	141	0	0	0	591.119762	298.300572	11.235185	7.506241	-1	###FLOW###
4	9	141	0	0	0	591.119762	298.300572	11.235185	7.506241	-1	###LINE###
5	9	141	0	0	0	591.12	298.30	11.24	7.51	100	121
3	9	142	0	0	0	666.839679	298.300572	7.490123	7.506241	-1	###FLOW###
4	9	142	0	0	0	666.839679	298.300572	7.490123	7.506241	-1	###LINE###
5	9	142	0	0	0	666.84	298.30	7.49	7.51	100	56
3	9	143	0	0	0	546.359771	98.004428	127.874768	10.857240	-1	###FLOW###
4	9	143	0	0	0	546.359771	98.004428	127.874768	10.857240	-1	###LINE###
5	9	143	0	0	0	546.36	98.00	56.00	10.86	100	THOMPSON
5	9	143	0	0	1	608.52	98.00	46.88	10.86	100	BLANTON
5	9	143	0	0	2	658.01	98.00	16.22	10.86	100	SR.
3	9	144	0	0	0	117.719948	310.540571	29.542879	7.506241	-1	###FLOW###
4	9	144	0	0	0	117.719948	310.540571	29.542879	7.506241	-1	###LINE###
5	9	144	0	0	0	117.72	310.54	29.54	7.51	100	Woodford
3	9	145	0	0	0	225.479901	310.540571	16.846042	7.506241	-1	###FLOW###
4	9	145	0	0	0	225.479901	310.540571	16.846042	7.506241	-1	###LINE###
5	9	145	0	0	0	225.48	310.54	16.85	7.51	100	1,552
3	9	146	0	0	0	297.479876	310.540571	16.846042	7.506241	-1	###FLOW###
4	9	146	0	0	0	297.479876	310.540571	16.846042	7.506241	-1	###LINE###
5	9	146	0	0	0	297.48	310.54	16.85	7.51	100	1,179
3	9	147	0	0	0	375.119820	310.540571	11.235185	7.506241	-1	###FLOW###
4	9	147	0	0	0	375.119820	310.540571	11.235185	7.506241	-1	###LINE###
5	9	147	0	0	0	375.12	310.54	11.24	7.51	100	345
3	9	148	0	0	0	447.119811	310.540571	11.235185	7.506241	-1	###FLOW###
4	9	148	0	0	0	447.119811	310.540571	11.235185	7.506241	-1	###LINE###
5	9	148	0	0	0	447.12	310.54	11.24	7.51	100	272
3	9	149	0	0	0	522.839760	310.540571	7.490123	7.506241	-1	###FLOW###
4	9	149	0	0	0	522.839760	310.540571	7.490123	7.506241	-1	###LINE###
5	9	149	0	0	0	522.84	310.54	7.49	7.51	100	96
3	9	150	0	0	0	594.839750	310.540571	7.490123	7.506241	-1	###FLOW###
4	9	150	0	0	0	594.839750	310.540571	7.490123	7.506241	-1	###LINE###
5	9	150	0	0	0	594.84	310.54	7.49	7.51	100	45
3	9	151	0	0	0	666.839679	310.540571	7.490123	7.506241	-1	###FLOW###
4	9	151	0	0	0	666.839679	310.540571	7.490123	7.506241	-1	###LINE###
5	9	151	0	0	0	666.84	310.54	7.49	7.51	100	35
3	9	152	0	0	0	117.719948	322.900567	36.393108	7.506241	-1	###FLOW###
4	9	152	0	0	0	117.719948	322.900567	36.393108	7.506241	-1	###LINE###
5	9	152	0	0	0	117.72	322.90	16.16	7.51	100	Total
5	9	152	0	0	1	135.79	322.90	18.33	7.51	100	Votes
3	9	153	0	0	0	218.039907	322.900567	24.255336	7.506241	-1	###FLOW###
4	9	153	0	0	0	218.039907	322.900567	24.255336	7.506241	-1	###LINE###
5	9	153	0	0	0	218.04	322.90	24.26	7.51	100	155,577
3	9	154	0	0	0	290.039868	322.900567	24.255336	7.506241	-1	###FLOW###
4	9	154	0	0	0	290.039868	322.900567	24.255336	7.506241	-1	###LINE###
5	9	154	0	0	0	290.04	322.90	24.26	7.51	100	119,296
3	9	155	0	0	0	365.759847	322.900567	20.591103	7.506241	-1	###FLOW###
4	9	155	0	0	0	365.759847	322.900567	20.591103	7.506241	-1	###LINE###
5	9	155	0	0	0	365.76	322.90	20.59	7.51	100	20,610
3	9	156	0	0	0	437.759808	322.900567	20.591103	7.506241	-1	###FLOW###
4	9	156	0	0	0	437.759808	322.900567	20.591103	7.506241	-1	###LINE###
5	9	156	0	0	0	437.76	322.90	20.59	7.51	100	13,696
3	9	157	0	0	0	513.479756	322.900567	16.846042	7.506241	-1	###FLOW###
4	9	157	0	0	0	513.479756	322.900567	16.846042	7.506241	-1	###LINE###
5	9	157	0	0	0	513.48	322.90	16.85	7.51	100	9,648
3	9	158	0	0	0	585.479747	322.900567	16.846042	7.506241	-1	###FLOW###
4	9	158	0	0	0	585.479747	322.900567	16.846042	7.506241	-1	###LINE###
5	9	158	0	0	0	585.48	322.90	16.85	7.51	100	6,962
3	9	159	0	0	0	657.479676	322.900567	16.846042	7.506241	-1	###FLOW###
4	9	159	0	0	0	657.479676	322.900567	16.846042	7.506241	-1	###LINE###
5	9	159	0	0	0	657.48	322.90	16.85	7.51	100	6,948
1	10	0	0	0	0	0.000000	0.000000	792.000000	612.000000	-1	###PAGE###
3	10	0	0	0	0	270.479880	216.146188	251.100141	32.390776	-1	###FLOW###
4	10	0	0	0	0	299.759876	216.146188	192.558297	15.950760	-1	###LINE###
5	10	0	0	0	0	299.76	216.15	106.69	15.95	100	Commonwealth
5	10	0	0	0	1	410.40	216.15	13.50	15.95	100	of
5	10	0	0	0	2	427.92	216.15	64.40	15.95	100	Kentucky
4	10	0	0	1	0	270.479880	232.586204	251.100141	15.950760	-1	###LINE###
5	10	0	0	1	0	270.48	232.59	52.29	15.95	100	Michael
5	10	0	0	1	1	326.63	232.59	15.09	15.95	100	G.
5	10	0	0	1	2	345.60	232.59	51.06	15.95	100	Adams,
5	10	0	0	1	3	400.56	232.59	64.88	15.95	100	Secretary
5	10	0	0	1	4	469.19	232.59	13.50	15.95	100	of
5	10	0	0	1	5	486.60	232.59	34.98	15.95	100	State
3	10	0	1	0	0	267.959877	281.906191	256.152775	32.390746	-1	###FLOW###
4	10	0	1	0	0	352.439851	281.906191	87.154350	15.950760	-1	###LINE###
5	10	0	1	0	0	352.44	281.91	27.84	15.95	100	May
5	10	0	1	0	1	384.00	281.91	19.88	15.95	100	19,
5	10	0	1	0	2	407.76	281.91	31.83	15.95	100	2026
4	10	0	1	1	0	267.959877	298.346177	256.152775	15.950760	-1	###LINE###
5	10	0	1	1	0	267.96	298.35	48.47	15.95	100	Official
5	10	0	1	1	1	320.40	298.35	31.83	15.95	100	2026
5	10	0	1	1	2	356.04	298.35	53.12	15.95	100	Primary
5	10	0	1	1	3	412.91	298.35	55.61	15.95	100	Election
5	10	0	1	1	4	472.44	298.35	51.67	15.95	100	Results
3	10	0	2	0	0	254.039888	347.666194	284.006669	32.390746	-1	###FLOW###
4	10	0	2	0	0	341.879862	347.666194	108.051928	15.950760	-1	###LINE###
5	10	0	2	0	0	341.88	347.67	23.03	15.95	100	For
5	10	0	2	0	1	368.87	347.67	21.46	15.95	100	the
5	10	0	2	0	2	394.32	347.67	38.15	15.95	100	office
5	10	0	2	0	3	436.43	347.67	13.50	15.95	100	of
4	10	0	2	1	0	254.039888	364.106180	284.006669	15.950760	-1	###LINE###
5	10	0	2	1	0	254.04	364.11	44.49	15.95	100	United
5	10	0	2	1	1	302.52	364.11	42.94	15.95	100	States
5	10	0	2	1	2	349.32	364.11	102.14	15.95	100	Representative
5	10	0	2	1	3	455.40	364.11	12.70	15.95	100	in
5	10	0	2	1	4	472.08	364.11	65.97	15.95	100	Congress
1	11	0	0	0	0	0.000000	0.000000	792.000000	612.000000	-1	###PAGE###
3	11	0	0	0	0	35.999984	54.115290	161.717484	13.404001	-1	###FLOW###
4	11	0	0	0	0	35.999984	54.115290	161.717484	13.404001	-1	###LINE###
5	11	0	0	0	0	36.00	54.12	89.61	13.40	100	Commonwealth
5	11	0	0	0	1	128.96	54.12	11.34	13.40	100	of
5	11	0	0	0	2	143.60	54.12	54.11	13.40	100	Kentucky
3	11	1	0	0	0	289.919866	54.115290	212.006871	13.404001	-1	###FLOW###
4	11	1	0	0	0	289.919866	54.115290	212.006871	13.404001	-1	###LINE###
5	11	1	0	0	0	289.92	54.12	44.08	13.40	100	Michael
5	11	1	0	0	1	337.41	54.12	12.68	13.40	100	G.
5	11	1	0	0	2	353.49	54.12	43.05	13.40	100	Adams,
5	11	1	0	0	3	399.93	54.12	54.93	13.40	100	Secretary
5	11	1	0	0	4	457.88	54.12	11.34	13.40	100	of
5	11	1	0	0	5	472.53	54.12	29.40	13.40	100	State
3	11	2	0	0	0	584.279730	54.115290	171.664703	13.404001	-1	###FLOW###
4	11	2	0	0	0	584.279730	54.115290	171.664703	13.404001	-1	###LINE###
5	11	2	0	0	0	584.28	54.12	26.75	13.40	100	2026
5	11	2	0	0	1	614.48	54.12	44.77	13.40	100	Primary
5	11	2	0	0	2	662.37	54.12	46.85	13.40	100	Election
5	11	2	0	0	3	712.52	54.12	43.42	13.40	100	Results
3	11	3	0	0	0	276.479869	111.955306	238.997874	41.003991	-1	###FLOW###
4	11	3	0	0	0	276.479869	111.955306	238.997874	13.404001	-1	###LINE###
5	11	3	0	0	0	276.48	111.96	37.38	13.40	100	United
5	11	3	0	0	1	317.12	111.96	36.08	13.40	100	States
5	11	3	0	0	2	356.61	111.96	86.02	13.40	100	Representative
5	11	3	0	0	3	446.00	111.96	10.67	13.40	100	in
5	11	3	0	0	4	460.04	111.96	55.44	13.40	100	Congress
4	11	3	0	1	0	321.479863	125.755316	149.015836	13.404001	-1	###LINE###
5	11	3	0	1	0	321.48	125.76	17.38	13.40	100	1st
5	11	3	0	1	1	342.20	125.76	83.46	13.40	100	Congressional
5	11	3	0	1	2	429.08	125.76	41.41	13.40	100	District
4	11	3	0	2	0	347.039839	139.555296	98.197214	13.404001	-1	###LINE###
5	11	3	0	2	0	347.04	139.56	64.76	13.40	100	Republican
5	11	3	0	2	1	415.17	139.56	30.07	13.40	100	Party
3	11	3	1	0	0	304.439848	164.364412	41.237378	22.017245	-1	###FLOW###
4	11	3	1	0	0	304.439848	164.364412	41.104624	10.857240	-1	###LINE###
5	11	3	1	0	0	304.44	164.36	28.69	10.86	100	James
5	11	3	1	0	1	335.81	164.36	9.73	10.86	100	R.
4	11	3	1	1	0	309.599856	175.524417	36.077370	10.857240	-1	###LINE###
5	11	3	1	1	0	309.60	175.52	36.08	10.86	100	COMER
3	11	4	0	0	0	414.359829	164.364412	24.871757	22.017245	-1	###FLOW###
4	11	4	0	0	0	414.359829	164.364412	24.805019	10.857240	-1	###LINE###
5	11	4	0	0	0	414.36	164.36	24.81	10.86	100	David
4	11	4	0	1	0	415.439812	175.524417	23.791773	10.857240	-1	###LINE###
5	11	4	0	1	0	415.44	175.52	23.79	10.86	100	SIMS
3	11	5	0	0	0	472.199781	164.364412	60.794347	22.017245	-1	###FLOW###
4	11	5	0	0	0	472.199781	164.364412	60.560878	10.857240	-1	###LINE###
5	11	5	0	0	0	472.20	164.36	29.13	10.86	100	Robert
5	11	5	0	0	1	504.05	164.36	28.71	10.86	100	James
4	11	5	0	1	0	479.759791	175.524417	53.234337	10.857240	-1	###LINE###
5	11	5	0	1	0	479.76	175.52	53.23	10.86	100	SUTHERBY
3	11	6	0	0	0	591.839710	164.364412	34.810963	22.017245	-1	###FLOW###
4	11	6	0	0	0	599.039745	164.364412	27.610928	10.857240	-1	###LINE###
5	11	6	0	0	0	599.04	164.36	27.61	10.86	100	Penny
4	11	6	0	1	0	591.839710	175.524417	34.576988	10.857240	-1	###LINE###
5	11	6	0	1	0	591.84	175.52	34.58	10.86	100	ARCOS
3	11	7	0	0	0	165.599921	191.124398	22.729815	10.857240	-1	###FLOW###
4	11	7	0	0	0	165.599921	191.124398	22.729815	10.857240	-1	###LINE###
5	11	7	0	0	0	165.60	191.12	22.73	10.86	100	Adair
3	11	8	0	0	0	321.239860	191.124398	24.366595	10.857240	-1	###FLOW###
4	11	8	0	0	0	321.239860	191.124398	24.366595	10.857240	-1	###LINE###
5	11	8	0	0	0	321.24	191.12	24.37	10.86	100	3,779
3	11	9	0	0	0	422.999822	191.124398	16.250892	10.857240	-1	###FLOW###
4	11	9	0	0	0	422.999822	191.124398	16.250892	10.857240	-1	###LINE###
5	11	9	0	0	0	423.00	191.12	16.25	10.86	100	211
3	11	10	0	0	0	516.599737	191.124398	16.250892	10.857240	-1	###FLOW###
4	11	10	0	0	0	516.599737	191.124398	16.250892	10.857240	-1	###LINE###
5	11	10	0	0	0	516.60	191.12	16.25	10.86	100	133
3	11	11	0	0	0	610.199713	191.124398	16.250892	10.857240	-1	###FLOW###
4	11	11	0	0	0	610.199713	191.124398	16.250892	10.857240	-1	###LINE###
5	11	11	0	0	0	610.20	191.12	16.25	10.86	100	127
3	11	12	0	0	0	165.599921	206.604415	21.648370	10.857240	-1	###FLOW###
4	11	12	0	0	0	165.599921	206.604415	21.648370	10.857240	-1	###LINE###
5	11	12	0	0	0	165.60	206.60	21.65	10.86	100	Allen
3	11	13	0	0	0	321.239860	206.604415	24.366595	10.857240	-1	###FLOW###
4	11	13	0	0	0	321.239860	206.604415	24.366595	10.857240	-1	###LINE###
5	11	13	0	0	0	321.24	206.60	24.37	10.86	100	2,893
3	11	14	0	0	0	422.999822	206.604415	16.250892	10.857240	-1	###FLOW###
4	11	14	0	0	0	422.999822	206.604415	16.250892	10.857240	-1	###LINE###
5	11	14	0	0	0	423.00	206.60	16.25	10.86	100	177
3	11	15	0	0	0	516.599737	206.604415	16.250892	10.857240	-1	###FLOW###
4	11	15	0	0	0	516.599737	206.604415	16.250892	10.857240	-1	###LINE###
5	11	15	0	0	0	516.60	206.60	16.25	10.86	100	100
3	11	16	0	0	0	615.599724	206.604415	10.833928	10.857240	-1	###FLOW###
4	11	16	0	0	0	615.599724	206.604415	10.833928	10.857240	-1	###LINE###
5	11	16	0	0	0	615.60	206.60	10.83	10.86	100	90
3	11	17	0	0	0	165.599921	221.964406	41.689189	10.857240	-1	###FLOW###
4	11	17	0	0	0	165.599921	221.964406	41.689189	10.857240	-1	###LINE###
5	11	17	0	0	0	165.60	221.96	41.69	10.86	100	Anderson
3	11	18	0	0	0	329.399847	221.964406	16.250892	10.857240	-1	###FLOW###
4	11	18	0	0	0	329.399847	221.964406	16.250892	10.857240	-1	###LINE###
5	11	18	0	0	0	329.40	221.96	16.25	10.86	100	607
3	11	19	0	0	0	428.399803	221.964406	10.833928	10.857240	-1	###FLOW###
4	11	19	0	0	0	428.399803	221.964406	10.833928	10.857240	-1	###LINE###
5	11	19	0	0	0	428.40	221.96	10.83	10.86	100	65
3	11	20	0	0	0	521.999749	221.964406	10.833928	10.857240	-1	###FLOW###
4	11	20	0	0	0	521.999749	221.964406	10.833928	10.857240	-1	###LINE###
5	11	20	0	0	0	522.00	221.96	10.83	10.86	100	37
3	11	21	0	0	0	615.599724	221.964406	10.833928	10.857240	-1	###FLOW###
4	11	21	0	0	0	615.599724	221.964406	10.833928	10.857240	-1	###LINE###
5	11	21	0	0	0	615.60	221.96	10.83	10.86	100	25
3	11	22	0	0	0	165.599921	237.444392	30.309667	10.857240	-1	###FLOW###
4	11	22	0	0	0	165.599921	237.444392	30.309667	10.857240	-1	###LINE###
5	11	22	0	0	0	165.60	237.44	30.31	10.86	100	Ballard
3	11	23	0	0	0	329.399847	237.444392	16.250892	10.857240	-1	###FLOW###
4	11	23	0	0	0	329.399847	237.444392	16.250892	10.857240	-1	###LINE###
5	11	23	0	0	0	329.40	237.44	16.25	10.86	100	808
3	11	24	0	0	0	428.399803	237.444392	10.833928	10.857240	-1	###FLOW###
4	11	24	0	0	0	428.399803	237.444392	10.833928	10.857240	-1	###LINE###
5	11	24	0	0	0	428.40	237.44	10.83	10.86	100	62
3	11	25	0	0	0	521.999749	237.444392	10.833928	10.857240	-1	###FLOW###
4	11	25	0	0	0	521.999749	237.444392	10.833928	10.857240	-1	###LINE###
5	11	25	0	0	0	522.00	237.44	10.83	10.86	100	23
3	11	26	0	0	0	615.599724	237.444392	10.833928	10.857240	-1	###FLOW###
4	11	26	0	0	0	615.599724	237.444392	10.833928	10.857240	-1	###LINE###
5	11	26	0	0	0	615.60	237.44	10.83	10.86	100	21
3	11	27	0	0	0	165.599921	252.804412	24.132769	10.857240	-1	###FLOW###
4	11	27	0	0	0	165.599921	252.804412	24.132769	10.857240	-1	###LINE###
5	11	27	0	0	0	165.60	252.80	24.13	10.86	100	Boyle
3	11	28	0	0	0	321.239860	252.804412	24.366595	10.857240	-1	###FLOW###
4	11	28	0	0	0	321.239860	252.804412	24.366595	10.857240	-1	###LINE###
5	11	28	0	0	0	321.24	252.80	24.37	10.86	100	2,466
3	11	29	0	0	0	422.999822	252.804412	16.250892	10.857240	-1	###FLOW###
4	11	29	0	0	0	422.999822	252.804412	16.250892	10.857240	-1	###LINE###
5	11	29	0	0	0	423.00	252.80	16.25	10.86	100	208
3	11	30	0	0	0	516.599737	252.804412	16.250892	10.857240	-1	###FLOW###
4	11	30	0	0	0	516.599737	252.804412	16.250892	10.857240	-1	###LINE###
5	11	30	0	0	0	516.60	252.80	16.25	10.86	100	105
3	11	31	0	0	0	610.199713	252.804412	16.250892	10.857240	-1	###FLOW###
4	11	31	0	0	0	610.199713	252.804412	16.250892	10.857240	-1	###LINE###
5	11	31	0	0	0	610.20	252.80	16.25	10.86	100	124
3	11	32	0	0	0	165.599921	268.284398	36.496308	10.857240	-1	###FLOW###
4	11	32	0	0	0	165.599921	268.284398	36.496308	10.857240	-1	###LINE###
5	11	32	0	0	0	165.60	268.28	36.50	10.86	100	Caldwell
3	11	33	0	0	0	321.239860	268.284398	24.366595	10.857240	-1	###FLOW###
4	11	33	0	0	0	321.239860	268.284398	24.366595	10.857240	-1	###LINE###
5	11	33	0	0	0	321.24	268.28	24.37	10.86	100	1,494
3	11	34	0	0	0	422.999822	268.284398	16.250892	10.857240	-1	###FLOW###
4	11	34	0	0	0	422.999822	268.284398	16.250892	10.857240	-1	###LINE###
5	11	34	0	0	0	423.00	268.28	16.25	10.86	100	165
3	11	35	0	0	0	521.999749	268.284398	10.833928	10.857240	-1	###FLOW###
4	11	35	0	0	0	521.999749	268.284398	10.833928	10.857240	-1	###LINE###
5	11	35	0	0	0	522.00	268.28	10.83	10.86	100	39
3	11	36	0	0	0	615.599724	268.284398	10.833928	10.857240	-1	###FLOW###
4	11	36	0	0	0	615.599724	268.284398	10.833928	10.857240	-1	###LINE###
5	11	36	0	0	0	615.60	268.28	10.83	10.86	100	36
3	11	37	0	0	0	165.599921	283.644388	39.204790	10.857240	-1	###FLOW###
4	11	37	0	0	0	165.599921	283.644388	39.204790	10.857240	-1	###LINE###
5	11	37	0	0	0	165.60	283.64	39.20	10.86	100	Calloway
3	11	38	0	0	0	321.239860	283.644388	24.366595	10.857240	-1	###FLOW###
4	11	38	0	0	0	321.239860	283.644388	24.366595	10.857240	-1	###LINE###
5	11	38	0	0	0	321.24	283.64	24.37	10.86	100	2,645
3	11	39	0	0	0	422.999822	283.644388	16.250892	10.857240	-1	###FLOW###
4	11	39	0	0	0	422.999822	283.644388	16.250892	10.857240	-1	###LINE###
5	11	39	0	0	0	423.00	283.64	16.25	10.86	100	131
3	11	40	0	0	0	521.999749	283.644388	10.833928	10.857240	-1	###FLOW###
4	11	40	0	0	0	521.999749	283.644388	10.833928	10.857240	-1	###LINE###
5	11	40	0	0	0	522.00	283.64	10.83	10.86	100	96
3	11	41	0	0	0	615.599724	283.644388	10.833928	10.857240	-1	###FLOW###
4	11	41	0	0	0	615.599724	283.644388	10.833928	10.857240	-1	###LINE###
5	11	41	0	0	0	615.60	283.64	10.83	10.86	100	75
3	11	42	0	0	0	165.599921	299.124375	32.375128	10.857240	-1	###FLOW###
4	11	42	0	0	0	165.599921	299.124375	32.375128	10.857240	-1	###LINE###
5	11	42	0	0	0	165.60	299.12	32.38	10.86	100	Carlisle
3	11	43	0	0	0	329.399847	299.124375	16.250892	10.857240	-1	###FLOW###
4	11	43	0	0	0	329.399847	299.124375	16.250892	10.857240	-1	###LINE###
5	11	43	0	0	0	329.40	299.12	16.25	10.86	100	754
3	11	44	0	0	0	428.399803	299.124375	10.833928	10.857240	-1	###FLOW###
4	11	44	0	0	0	428.399803	299.124375	10.833928	10.857240	-1	###LINE###
5	11	44	0	0	0	428.40	299.12	10.83	10.86	100	24
3	11	45	0	0	0	521.999749	299.124375	10.833928	10.857240	-1	###FLOW###
4	11	45	0	0	0	521.999749	299.124375	10.833928	10.857240	-1	###LINE###
5	11	45	0	0	0	522.00	299.12	10.83	10.86	100	17
3	11	46	0	0	0	615.599724	299.124375	10.833928	10.857240	-1	###FLOW###
4	11	46	0	0	0	615.599724	299.124375	10.833928	10.857240	-1	###LINE###
5	11	46	0	0	0	615.60	299.12	10.83	10.86	100	10
3	11	47	0	0	0	165.599921	314.484395	27.513500	10.857240	-1	###FLOW###
4	11	47	0	0	0	165.599921	314.484395	27.513500	10.857240	-1	###LINE###
5	11	47	0	0	0	165.60	314.48	27.51	10.86	100	Casey
3	11	48	0	0	0	321.239860	314.484395	24.366595	10.857240	-1	###FLOW###
4	11	48	0	0	0	321.239860	314.484395	24.366595	10.857240	-1	###LINE###
5	11	48	0	0	0	321.24	314.48	24.37	10.86	100	3,698
3	11	49	0	0	0	422.999822	314.484395	16.250892	10.857240	-1	###FLOW###
4	11	49	0	0	0	422.999822	314.484395	16.250892	10.857240	-1	###LINE###
5	11	49	0	0	0	423.00	314.48	16.25	10.86	100	248
3	11	50	0	0	0	516.599737	314.484395	16.250892	10.857240	-1	###FLOW###
4	11	50	0	0	0	516.599737	314.484395	16.250892	10.857240	-1	###LINE###
5	11	50	0	0	0	516.60	314.48	16.25	10.86	100	110
3	11	51	0	0	0	610.199713	314.484395	16.250892	10.857240	-1	###FLOW###
4	11	51	0	0	0	610.199713	314.484395	16.250892	10.857240	-1	###LINE###
5	11	51	0	0	0	610.20	314.48	16.25	10.86	100	117
3	11	52	0	0	0	165.599921	329.964381	38.435113	10.857240	-1	###FLOW###
4	11	52	0	0	0	165.599921	329.964381	38.435113	10.857240	-1	###LINE###
5	11	52	0	0	0	165.60	329.96	38.44	10.86	100	Christian
3	11	53	0	0	0	321.239860	329.964381	24.366595	10.857240	-1	###FLOW###
4	11	53	0	0	0	321.239860	329.964381	24.366595	10.857240	-1	###LINE###
5	11	53	0	0	0	321.24	329.96	24.37	10.86	100	3,772
3	11	54	0	0	0	422.999822	329.964381	16.250892	10.857240	-1	###FLOW###
4	11	54	0	0	0	422.999822	329.964381	16.250892	10.857240	-1	###LINE###
5	11	54	0	0	0	423.00	329.96	16.25	10.86	100	266
3	11	55	0	0	0	516.599737	329.964381	16.250892	10.857240	-1	###FLOW###
4	11	55	0	0	0	516.599737	329.964381	16.250892	10.857240	-1	###LINE###
5	11	55	0	0	0	516.60	329.96	16.25	10.86	100	214
3	11	56	0	0	0	610.199713	329.964381	16.250892	10.857240	-1	###FLOW###
4	11	56	0	0	0	610.199713	329.964381	16.250892	10.857240	-1	###LINE###
5	11	56	0	0	0	610.20	329.96	16.25	10.86	100	135
3	11	57	0	0	0	165.599921	345.324402	30.212240	10.857240	-1	###FLOW###
4	11	57	0	0	0	165.599921	345.324402	30.212240	10.857240	-1	###LINE###
5	11	57	0	0	0	165.60	345.32	30.21	10.86	100	Clinton
3	11	58	0	0	0	321.239860	345.324402	24.366595	10.857240	-1	###FLOW###
4	11	58	0	0	0	321.239860	345.324402	24.366595	10.857240	-1	###LINE###
5	11	58	0	0	0	321.24	345.32	24.37	10.86	100	2,545
3	11	59	0	0	0	422.999822	345.324402	16.250892	10.857240	-1	###FLOW###
4	11	59	0	0	0	422.999822	345.324402	16.250892	10.857240	-1	###LINE###
5	11	59	0	0	0	423.00	345.32	16.25	10.86	100	171
3	11	60	0	0	0	521.999749	345.324402	10.833928	10.857240	-1	###FLOW###
4	11	60	0	0	0	521.999749	345.324402	10.833928	10.857240	-1	###LINE###
5	11	60	0	0	0	522.00	345.32	10.83	10.86	100	56
3	11	61	0	0	0	615.599724	345.324402	10.833928	10.857240	-1	###FLOW###
4	11	61	0	0	0	615.599724	345.324402	10.833928	10.857240	-1	###LINE###
5	11	61	0	0	0	615.60	345.32	10.83	10.86	100	85
3	11	62	0	0	0	165.599921	360.804373	44.923779	10.857240	-1	###FLOW###
4	11	62	0	0	0	165.599921	360.804373	44.923779	10.857240	-1	###LINE###
5	11	62	0	0	0	165.60	360.80	44.92	10.86	100	Crittenden
3	11	63	0	0	0	321.239860	360.804373	24.366595	10.857240	-1	###FLOW###
4	11	63	0	0	0	321.239860	360.804373	24.366595	10.857240	-1	###LINE###
5	11	63	0	0	0	321.24	360.80	24.37	10.86	100	1,600
3	11	64	0	0	0	422.999822	360.804373	16.250892	10.857240	-1	###FLOW###
4	11	64	0	0	0	422.999822	360.804373	16.250892	10.857240	-1	###LINE###
5	11	64	0	0	0	423.00	360.80	16.25	10.86	100	114
3	11	65	0	0	0	521.999749	360.804373	10.833928	10.857240	-1	###FLOW###
4	11	65	0	0	0	521.999749	360.804373	10.833928	10.857240	-1	###LINE###
5	11	65	0	0	0	522.00	360.80	10.83	10.86	100	61
3	11	66	0	0	0	615.599724	360.804373	10.833928	10.857240	-1	###FLOW###
4	11	66	0	0	0	615.599724	360.804373	10.833928	10.857240	-1	###LINE###
5	11	66	0	0	0	615.60	360.80	10.83	10.86	100	46
3	11	67	0	0	0	165.599921	376.164393	52.854370	10.857240	-1	###FLOW###
4	11	67	0	0	0	165.599921	376.164393	52.854370	10.857240	-1	###LINE###
5	11	67	0	0	0	165.60	376.16	52.85	10.86	100	Cumberland
3	11	68	0	0	0	321.239860	376.164393	24.366595	10.857240	-1	###FLOW###
4	11	68	0	0	0	321.239860	376.164393	24.366595	10.857240	-1	###LINE###
5	11	68	0	0	0	321.24	376.16	24.37	10.86	100	1,967
3	11	69	0	0	0	428.399803	376.164393	10.833928	10.857240	-1	###FLOW###
4	11	69	0	0	0	428.399803	376.164393	10.833928	10.857240	-1	###LINE###
5	11	69	0	0	0	428.40	376.16	10.83	10.86	100	95
3	11	70	0	0	0	521.999749	376.164393	10.833928	10.857240	-1	###FLOW###
4	11	70	0	0	0	521.999749	376.164393	10.833928	10.857240	-1	###LINE###
5	11	70	0	0	0	522.00	376.16	10.83	10.86	100	63
3	11	71	0	0	0	615.599724	376.164393	10.833928	10.857240	-1	###FLOW###
4	11	71	0	0	0	615.599724	376.164393	10.833928	10.857240	-1	###LINE###
5	11	71	0	0	0	615.60	376.16	10.83	10.86	100	56
3	11	72	0	0	0	165.599921	391.644379	34.528274	10.857240	-1	###FLOW###
4	11	72	0	0	0	165.599921	391.644379	34.528274	10.857240	-1	###LINE###
5	11	72	0	0	0	165.60	391.64	34.53	10.86	100	Franklin
3	11	73	0	0	0	321.239860	391.644379	24.366595	10.857240	-1	###FLOW###
4	11	73	0	0	0	321.239860	391.644379	24.366595	10.857240	-1	###LINE###
5	11	73	0	0	0	321.24	391.64	24.37	10.86	100	3,342
3	11	74	0	0	0	422.999822	391.644379	16.250892	10.857240	-1	###FLOW###
4	11	74	0	0	0	422.999822	391.644379	16.250892	10.857240	-1	###LINE###
5	11	74	0	0	0	423.00	391.64	16.25	10.86	100	265
3	11	75	0	0	0	516.599737	391.644379	16.250892	10.857240	-1	###FLOW###
4	11	75	0	0	0	516.599737	391.644379	16.250892	10.857240	-1	###LINE###
5	11	75	0	0	0	516.60	391.64	16.25	10.86	100	220
3	11	76	0	0	0	610.199713	391.644379	16.250892	10.857240	-1	###FLOW###
4	11	76	0	0	0	610.199713	391.644379	16.250892	10.857240	-1	###LINE###
5	11	76	0	0	0	610.20	391.64	16.25	10.86	100	185
3	11	77	0	0	0	165.599921	407.004370	27.055592	10.857240	-1	###FLOW###
4	11	77	0	0	0	165.599921	407.004370	27.055592	10.857240	-1	###LINE###
5	11	77	0	0	0	165.60	407.00	27.06	10.86	100	Fulton
3	11	78	0	0	0	329.399847	407.004370	16.250892	10.857240	-1	###FLOW###
4	11	78	0	0	0	329.399847	407.004370	16.250892	10.857240	-1	###LINE###
5	11	78	0	0	0	329.40	407.00	16.25	10.86	100	285
3	11	79	0	0	0	428.399803	407.004370	10.833928	10.857240	-1	###FLOW###
4	11	79	0	0	0	428.399803	407.004370	10.833928	10.857240	-1	###LINE###
5	11	79	0	0	0	428.40	407.00	10.83	10.86	100	11
3	11	80	0	0	0	527.399760	407.004370	5.416964	10.857240	-1	###FLOW###
4	11	80	0	0	0	527.399760	407.004370	5.416964	10.857240	-1	###LINE###
5	11	80	0	0	0	527.40	407.00	5.42	10.86	100	4
3	11	81	0	0	0	615.599724	407.004370	10.833928	10.857240	-1	###FLOW###
4	11	81	0	0	0	615.599724	407.004370	10.833928	10.857240	-1	###LINE###
5	11	81	0	0	0	615.60	407.00	10.83	10.86	100	10
3	11	82	0	0	0	165.599921	422.484386	31.391111	10.857240	-1	###FLOW###
4	11	82	0	0	0	165.599921	422.484386	31.391111	10.857240	-1	###LINE###
5	11	82	0	0	0	165.60	422.48	31.39	10.86	100	Graves
3	11	83	0	0	0	321.239860	422.484386	24.366595	10.857240	-1	###FLOW###
4	11	83	0	0	0	321.239860	422.484386	24.366595	10.857240	-1	###LINE###
5	11	83	0	0	0	321.24	422.48	24.37	10.86	100	3,789
3	11	84	0	0	0	422.999822	422.484386	16.250892	10.857240	-1	###FLOW###
4	11	84	0	0	0	422.999822	422.484386	16.250892	10.857240	-1	###LINE###
5	11	84	0	0	0	423.00	422.48	16.25	10.86	100	212
3	11	85	0	0	0	521.999749	422.484386	10.833928	10.857240	-1	###FLOW###
4	11	85	0	0	0	521.999749	422.484386	10.833928	10.857240	-1	###LINE###
5	11	85	0	0	0	522.00	422.48	10.83	10.86	100	84
3	11	86	0	0	0	615.599724	422.484386	10.833928	10.857240	-1	###FLOW###
4	11	86	0	0	0	615.599724	422.484386	10.833928	10.857240	-1	###LINE###
5	11	86	0	0	0	615.60	422.48	10.83	10.86	100	75
3	11	87	0	0	0	165.599921	437.844376	47.554319	10.857240	-1	###FLOW###
4	11	87	0	0	0	165.599921	437.844376	47.554319	10.857240	-1	###LINE###
5	11	87	0	0	0	165.60	437.84	47.55	10.86	100	Henderson
3	11	88	0	0	0	321.239860	437.844376	24.366595	10.857240	-1	###FLOW###
4	11	88	0	0	0	321.239860	437.844376	24.366595	10.857240	-1	###LINE###
5	11	88	0	0	0	321.24	437.84	24.37	10.86	100	2,640
3	11	89	0	0	0	422.999822	437.844376	16.250892	10.857240	-1	###FLOW###
4	11	89	0	0	0	422.999822	437.844376	16.250892	10.857240	-1	###LINE###
5	11	89	0	0	0	423.00	437.84	16.25	10.86	100	169
3	11	90	0	0	0	516.599737	437.844376	16.250892	10.857240	-1	###FLOW###
4	11	90	0	0	0	516.599737	437.844376	16.250892	10.857240	-1	###LINE###
5	11	90	0	0	0	516.60	437.84	16.25	10.86	100	114
3	11	91	0	0	0	610.199713	437.844376	16.250892	10.857240	-1	###FLOW###
4	11	91	0	0	0	610.199713	437.844376	16.250892	10.857240	-1	###LINE###
5	11	91	0	0	0	610.20	437.84	16.25	10.86	100	107
3	11	92	0	0	0	165.599921	453.324392	37.889520	10.857240	-1	###FLOW###
4	11	92	0	0	0	165.599921	453.324392	37.889520	10.857240	-1	###LINE###
5	11	92	0	0	0	165.60	453.32	37.89	10.86	100	Hickman
3	11	93	0	0	0	329.399847	453.324392	16.250892	10.857240	-1	###FLOW###
4	11	93	0	0	0	329.399847	453.324392	16.250892	10.857240	-1	###LINE###
5	11	93	0	0	0	329.40	453.32	16.25	10.86	100	672
3	11	94	0	0	0	428.399803	453.324392	10.833928	10.857240	-1	###FLOW###
4	11	94	0	0	0	428.399803	453.324392	10.833928	10.857240	-1	###LINE###
5	11	94	0	0	0	428.40	453.32	10.83	10.86	100	32
3	11	95	0	0	0	521.999749	453.324392	10.833928	10.857240	-1	###FLOW###
4	11	95	0	0	0	521.999749	453.324392	10.833928	10.857240	-1	###LINE###
5	11	95	0	0	0	522.00	453.32	10.83	10.86	100	14
3	11	96	0	0	0	615.599724	453.324392	10.833928	10.857240	-1	###FLOW###
4	11	96	0	0	0	615.599724	453.324392	10.833928	10.857240	-1	###LINE###
5	11	96	0	0	0	615.60	453.32	10.83	10.86	100	13
3	11	97	0	0	0	165.599921	468.684383	35.093353	10.857240	-1	###FLOW###
4	11	97	0	0	0	165.599921	468.684383	35.093353	10.857240	-1	###LINE###
5	11	97	0	0	0	165.60	468.68	35.09	10.86	100	Hopkins
3	11	98	0	0	0	321.239860	468.684383	24.366595	10.857240	-1	###FLOW###
4	11	98	0	0	0	321.239860	468.684383	24.366595	10.857240	-1	###LINE###
5	11	98	0	0	0	321.24	468.68	24.37	10.86	100	2,619
3	11	99	0	0	0	422.999822	468.684383	16.250892	10.857240	-1	###FLOW###
4	11	99	0	0	0	422.999822	468.684383	16.250892	10.857240	-1	###LINE###
5	11	99	0	0	0	423.00	468.68	16.25	10.86	100	183
3	11	100	0	0	0	516.599737	468.684383	16.250892	10.857240	-1	###FLOW###
4	11	100	0	0	0	516.599737	468.684383	16.250892	10.857240	-1	###LINE###
5	11	100	0	0	0	516.60	468.68	16.25	10.86	100	110
3	11	101	0	0	0	610.199713	468.684383	16.250892	10.857240	-1	###FLOW###
4	11	101	0	0	0	610.199713	468.684383	16.250892	10.857240	-1	###LINE###
5	11	101	0	0	0	610.20	468.68	16.25	10.86	100	108
3	11	102	0	0	0	165.599921	484.164399	43.949504	10.857240	-1	###FLOW###
4	11	102	0	0	0	165.599921	484.164399	43.949504	10.857240	-1	###LINE###
5	11	102	0	0	0	165.60	484.16	43.95	10.86	100	Livingston
3	11	103	0	0	0	321.239860	484.164399	24.366595	10.857240	-1	###FLOW###
4	11	103	0	0	0	321.239860	484.164399	24.366595	10.857240	-1	###LINE###
5	11	103	0	0	0	321.24	484.16	24.37	10.86	100	1,504
3	11	104	0	0	0	422.999822	484.164399	16.250892	10.857240	-1	###FLOW###
4	11	104	0	0	0	422.999822	484.164399	16.250892	10.857240	-1	###LINE###
5	11	104	0	0	0	423.00	484.16	16.25	10.86	100	109
3	11	105	0	0	0	521.999749	484.164399	10.833928	10.857240	-1	###FLOW###
4	11	105	0	0	0	521.999749	484.164399	10.833928	10.857240	-1	###LINE###
5	11	105	0	0	0	522.00	484.16	10.83	10.86	100	54
3	11	106	0	0	0	615.599724	484.164399	10.833928	10.857240	-1	###FLOW###
4	11	106	0	0	0	615.599724	484.164399	10.833928	10.857240	-1	###LINE###
5	11	106	0	0	0	615.60	484.16	10.83	10.86	100	37
3	11	107	0	0	0	165.599921	499.524389	27.084820	10.857240	-1	###FLOW###
4	11	107	0	0	0	165.599921	499.524389	27.084820	10.857240	-1	###LINE###
5	11	107	0	0	0	165.60	499.52	27.08	10.86	100	Logan
3	11	108	0	0	0	321.239860	499.524389	24.366595	10.857240	-1	###FLOW###
4	11	108	0	0	0	321.239860	499.524389	24.366595	10.857240	-1	###LINE###
5	11	108	0	0	0	321.24	499.52	24.37	10.86	100	1,733
3	11	109	0	0	0	422.999822	499.524389	16.250892	10.857240	-1	###FLOW###
4	11	109	0	0	0	422.999822	499.524389	16.250892	10.857240	-1	###LINE###
5	11	109	0	0	0	423.00	499.52	16.25	10.86	100	120
3	11	110	0	0	0	521.999749	499.524389	10.833928	10.857240	-1	###FLOW###
4	11	110	0	0	0	521.999749	499.524389	10.833928	10.857240	-1	###LINE###
5	11	110	0	0	0	522.00	499.52	10.83	10.86	100	78
3	11	111	0	0	0	615.599724	499.524389	10.833928	10.857240	-1	###FLOW###
4	11	111	0	0	0	615.599724	499.524389	10.833928	10.857240	-1	###LINE###
5	11	111	0	0	0	615.60	499.52	10.83	10.86	100	69
3	11	112	0	0	0	165.599921	515.004345	20.907922	10.857240	-1	###FLOW###
4	11	112	0	0	0	165.599921	515.004345	20.907922	10.857240	-1	###LINE###
5	11	112	0	0	0	165.60	515.00	20.91	10.86	100	Lyon
3	11	113	0	0	0	329.399847	515.004345	16.250892	10.857240	-1	###FLOW###
4	11	113	0	0	0	329.399847	515.004345	16.250892	10.857240	-1	###LINE###
5	11	113	0	0	0	329.40	515.00	16.25	10.86	100	700
3	11	114	0	0	0	428.399803	515.004345	10.833928	10.857240	-1	###FLOW###
4	11	114	0	0	0	428.399803	515.004345	10.833928	10.857240	-1	###LINE###
5	11	114	0	0	0	428.40	515.00	10.83	10.86	100	40
3	11	115	0	0	0	521.999749	515.004345	10.833928	10.857240	-1	###FLOW###
4	11	115	0	0	0	521.999749	515.004345	10.833928	10.857240	-1	###LINE###
5	11	115	0	0	0	522.00	515.00	10.83	10.86	100	13
3	11	116	0	0	0	615.599724	515.004345	10.833928	10.857240	-1	###FLOW###
4	11	116	0	0	0	615.599724	515.004345	10.833928	10.857240	-1	###LINE###
5	11	116	0	0	0	615.60	515.00	10.83	10.86	100	22
3	11	117	0	0	0	165.599921	530.484362	29.676389	10.857240	-1	###FLOW###
4	11	117	0	0	0	165.599921	530.484362	29.676389	10.857240	-1	###LINE###
5	11	117	0	0	0	165.60	530.48	29.68	10.86	100	Marion
3	11	118	0	0	0	321.239860	530.484362	24.366595	10.857240	-1	###FLOW###
4	11	118	0	0	0	321.239860	530.484362	24.366595	10.857240	-1	###LINE###
5	11	118	0	0	0	321.24	530.48	24.37	10.86	100	1,306
3	11	119	0	0	0	422.999822	530.484362	16.250892	10.857240	-1	###FLOW###
4	11	119	0	0	0	422.999822	530.484362	16.250892	10.857240	-1	###LINE###
5	11	119	0	0	0	423.00	530.48	16.25	10.86	100	145
3	11	120	0	0	0	521.999749	530.484362	10.833928	10.857240	-1	###FLOW###
4	11	120	0	0	0	521.999749	530.484362	10.833928	10.857240	-1	###LINE###
5	11	120	0	0	0	522.00	530.48	10.83	10.86	100	54
3	11	121	0	0	0	615.599724	530.484362	10.833928	10.857240	-1	###FLOW###
4	11	121	0	0	0	615.599724	530.484362	10.833928	10.857240	-1	###LINE###
5	11	121	0	0	0	615.60	530.48	10.83	10.86	100	41
1	12	0	0	0	0	0.000000	0.000000	792.000000	612.000000	-1	###PAGE###
3	12	0	0	0	0	35.999984	54.115290	161.717484	13.404001	-1	###FLOW###
4	12	0	0	0	0	35.999984	54.115290	161.717484	13.404001	-1	###LINE###
5	12	0	0	0	0	36.00	54.12	89.61	13.40	100	Commonwealth
5	12	0	0	0	1	128.96	54.12	11.34	13.40	100	of
5	12	0	0	0	2	143.60	54.12	54.11	13.40	100	Kentucky
3	12	1	0	0	0	289.919866	54.115290	212.006871	13.404001	-1	###FLOW###
4	12	1	0	0	0	289.919866	54.115290	212.006871	13.404001	-1	###LINE###
5	12	1	0	0	0	289.92	54.12	44.08	13.40	100	Michael
5	12	1	0	0	1	337.41	54.12	12.68	13.40	100	G.
5	12	1	0	0	2	353.49	54.12	43.05	13.40	100	Adams,
5	12	1	0	0	3	399.93	54.12	54.93	13.40	100	Secretary
5	12	1	0	0	4	457.88	54.12	11.34	13.40	100	of
5	12	1	0	0	5	472.53	54.12	29.40	13.40	100	State
3	12	2	0	0	0	584.279730	54.115290	171.664703	13.404001	-1	###FLOW###
4	12	2	0	0	0	584.279730	54.115290	171.664703	13.404001	-1	###LINE###
5	12	2	0	0	0	584.28	54.12	26.75	13.40	100	2026
5	12	2	0	0	1	614.48	54.12	44.77	13.40	100	Primary
5	12	2	0	0	2	662.37	54.12	46.85	13.40	100	Election
5	12	2	0	0	3	712.52	54.12	43.42	13.40	100	Results
3	12	3	0	0	0	304.439848	89.964445	41.237378	22.017214	-1	###FLOW###
4	12	3	0	0	0	304.439848	89.964445	41.104624	10.857240	-1	###LINE###
5	12	3	0	0	0	304.44	89.96	28.69	10.86	100	James
5	12	3	0	0	1	335.81	89.96	9.73	10.86	100	R.
4	12	3	0	1	0	309.599856	101.124419	36.077370	10.857240	-1	###LINE###
5	12	3	0	1	0	309.60	101.12	36.08	10.86	100	COMER
3	12	4	0	0	0	414.359829	89.964445	24.871757	22.017214	-1	###FLOW###
4	12	4	0	0	0	414.359829	89.964445	24.805019	10.857240	-1	###LINE###
5	12	4	0	0	0	414.36	89.96	24.81	10.86	100	David
4	12	4	0	1	0	415.439812	101.124419	23.791773	10.857240	-1	###LINE###
5	12	4	0	1	0	415.44	101.12	23.79	10.86	100	SIMS
3	12	5	0	0	0	472.199781	89.964445	60.794347	22.017214	-1	###FLOW###
4	12	5	0	0	0	472.199781	89.964445	60.560878	10.857240	-1	###LINE###
5	12	5	0	0	0	472.20	89.96	29.13	10.86	100	Robert
5	12	5	0	0	1	504.05	89.96	28.71	10.86	100	James
4	12	5	0	1	0	479.759791	101.124419	53.234337	10.857240	-1	###LINE###
5	12	5	0	1	0	479.76	101.12	53.23	10.86	100	SUTHERBY
3	12	6	0	0	0	591.839710	89.964445	34.810963	22.017214	-1	###FLOW###
4	12	6	0	0	0	599.039745	89.964445	27.610928	10.857240	-1	###LINE###
5	12	6	0	0	0	599.04	89.96	27.61	10.86	100	Penny
4	12	6	0	1	0	591.839710	101.124419	34.576988	10.857240	-1	###LINE###
5	12	6	0	1	0	591.84	101.12	34.58	10.86	100	ARCOS
3	12	7	0	0	0	165.599921	116.964393	36.710648	10.857240	-1	###FLOW###
4	12	7	0	0	0	165.599921	116.964393	36.710648	10.857240	-1	###LINE###
5	12	7	0	0	0	165.60	116.96	36.71	10.86	100	Marshall
3	12	8	0	0	0	321.239860	116.964393	24.366595	10.857240	-1	###FLOW###
4	12	8	0	0	0	321.239860	116.964393	24.366595	10.857240	-1	###LINE###
5	12	8	0	0	0	321.24	116.96	24.37	10.86	100	3,613
3	12	9	0	0	0	422.999822	116.964393	16.250892	10.857240	-1	###FLOW###
4	12	9	0	0	0	422.999822	116.964393	16.250892	10.857240	-1	###LINE###
5	12	9	0	0	0	423.00	116.96	16.25	10.86	100	199
3	12	10	0	0	0	516.599737	116.964393	16.250892	10.857240	-1	###FLOW###
4	12	10	0	0	0	516.599737	116.964393	16.250892	10.857240	-1	###LINE###
5	12	10	0	0	0	516.60	116.96	16.25	10.86	100	103
3	12	11	0	0	0	610.199713	116.964393	16.250892	10.857240	-1	###FLOW###
4	12	11	0	0	0	610.199713	116.964393	16.250892	10.857240	-1	###LINE###
5	12	11	0	0	0	610.20	116.96	16.25	10.86	100	121
3	12	12	0	0	0	165.599921	132.324413	49.152128	10.857240	-1	###FLOW###
4	12	12	0	0	0	165.599921	132.324413	49.152128	10.857240	-1	###LINE###
5	12	12	0	0	0	165.60	132.32	49.15	10.86	100	McCracken
3	12	13	0	0	0	321.239860	132.324413	24.366595	10.857240	-1	###FLOW###
4	12	13	0	0	0	321.239860	132.324413	24.366595	10.857240	-1	###LINE###
5	12	13	0	0	0	321.24	132.32	24.37	10.86	100	5,182
3	12	14	0	0	0	422.999822	132.324413	16.250892	10.857240	-1	###FLOW###
4	12	14	0	0	0	422.999822	132.324413	16.250892	10.857240	-1	###LINE###
5	12	14	0	0	0	423.00	132.32	16.25	10.86	100	332
3	12	15	0	0	0	516.599737	132.324413	16.250892	10.857240	-1	###FLOW###
4	12	15	0	0	0	516.599737	132.324413	16.250892	10.857240	-1	###LINE###
5	12	15	0	0	0	516.60	132.32	16.25	10.86	100	132
3	12	16	0	0	0	610.199713	132.324413	16.250892	10.857240	-1	###FLOW###
4	12	16	0	0	0	610.199713	132.324413	16.250892	10.857240	-1	###LINE###
5	12	16	0	0	0	610.20	132.32	16.25	10.86	100	162
3	12	17	0	0	0	165.599921	147.804399	36.808075	10.857240	-1	###FLOW###
4	12	17	0	0	0	165.599921	147.804399	36.808075	10.857240	-1	###LINE###
5	12	17	0	0	0	165.60	147.80	36.81	10.86	100	Metcalfe
3	12	18	0	0	0	321.239860	147.804399	24.366595	10.857240	-1	###FLOW###
4	12	18	0	0	0	321.239860	147.804399	24.366595	10.857240	-1	###LINE###
5	12	18	0	0	0	321.24	147.80	24.37	10.86	100	1,474
3	12	19	0	0	0	428.399803	147.804399	10.833928	10.857240	-1	###FLOW###
4	12	19	0	0	0	428.399803	147.804399	10.833928	10.857240	-1	###LINE###
5	12	19	0	0	0	428.40	147.80	10.83	10.86	100	84
3	12	20	0	0	0	521.999749	147.804399	10.833928	10.857240	-1	###FLOW###
4	12	20	0	0	0	521.999749	147.804399	10.833928	10.857240	-1	###LINE###
5	12	20	0	0	0	522.00	147.80	10.83	10.86	100	54
3	12	21	0	0	0	615.599724	147.804399	10.833928	10.857240	-1	###FLOW###
4	12	21	0	0	0	615.599724	147.804399	10.833928	10.857240	-1	###LINE###
5	12	21	0	0	0	615.60	147.80	10.83	10.86	100	32
3	12	22	0	0	0	165.599921	163.164390	32.930464	10.857240	-1	###FLOW###
4	12	22	0	0	0	165.599921	163.164390	32.930464	10.857240	-1	###LINE###
5	12	22	0	0	0	165.60	163.16	32.93	10.86	100	Monroe
3	12	23	0	0	0	321.239860	163.164390	24.366595	10.857240	-1	###FLOW###
4	12	23	0	0	0	321.239860	163.164390	24.366595	10.857240	-1	###LINE###
5	12	23	0	0	0	321.24	163.16	24.37	10.86	100	3,599
3	12	24	0	0	0	422.999822	163.164390	16.250892	10.857240	-1	###FLOW###
4	12	24	0	0	0	422.999822	163.164390	16.250892	10.857240	-1	###LINE###
5	12	24	0	0	0	423.00	163.16	16.25	10.86	100	104
3	12	25	0	0	0	521.999749	163.164390	10.833928	10.857240	-1	###FLOW###
4	12	25	0	0	0	521.999749	163.164390	10.833928	10.857240	-1	###LINE###
5	12	25	0	0	0	522.00	163.16	10.83	10.86	100	63
3	12	26	0	0	0	615.599724	163.164390	10.833928	10.857240	-1	###FLOW###
4	12	26	0	0	0	615.599724	163.164390	10.833928	10.857240	-1	###LINE###
5	12	26	0	0	0	615.60	163.16	10.83	10.86	100	66
3	12	27	0	0	0	165.599921	178.644407	31.936705	10.857240	-1	###FLOW###
4	12	27	0	0	0	165.599921	178.644407	31.936705	10.857240	-1	###LINE###
5	12	27	0	0	0	165.60	178.64	31.94	10.86	100	Russell
3	12	28	0	0	0	321.239860	178.644407	24.366595	10.857240	-1	###FLOW###
4	12	28	0	0	0	321.239860	178.644407	24.366595	10.857240	-1	###LINE###
5	12	28	0	0	0	321.24	178.64	24.37	10.86	100	4,189
3	12	29	0	0	0	422.999822	178.644407	16.250892	10.857240	-1	###FLOW###
4	12	29	0	0	0	422.999822	178.644407	16.250892	10.857240	-1	###LINE###
5	12	29	0	0	0	423.00	178.64	16.25	10.86	100	243
3	12	30	0	0	0	516.599737	178.644407	16.250892	10.857240	-1	###FLOW###
4	12	30	0	0	0	516.599737	178.644407	16.250892	10.857240	-1	###LINE###
5	12	30	0	0	0	516.60	178.64	16.25	10.86	100	115
3	12	31	0	0	0	610.199713	178.644407	16.250892	10.857240	-1	###FLOW###
4	12	31	0	0	0	610.199713	178.644407	16.250892	10.857240	-1	###LINE###
5	12	31	0	0	0	610.20	178.64	16.25	10.86	100	184
3	12	32	0	0	0	165.599921	194.004396	37.782349	10.857240	-1	###FLOW###
4	12	32	0	0	0	165.599921	194.004396	37.782349	10.857240	-1	###LINE###
5	12	32	0	0	0	165.60	194.00	37.78	10.86	100	Simpson
3	12	33	0	0	0	321.239860	194.004396	24.366595	10.857240	-1	###FLOW###
4	12	33	0	0	0	321.239860	194.004396	24.366595	10.857240	-1	###LINE###
5	12	33	0	0	0	321.24	194.00	24.37	10.86	100	2,183
3	12	34	0	0	0	422.999822	194.004396	16.250892	10.857240	-1	###FLOW###
4	12	34	0	0	0	422.999822	194.004396	16.250892	10.857240	-1	###LINE###
5	12	34	0	0	0	423.00	194.00	16.25	10.86	100	184
3	12	35	0	0	0	516.599737	194.004396	16.250892	10.857240	-1	###FLOW###
4	12	35	0	0	0	516.599737	194.004396	16.250892	10.857240	-1	###LINE###
5	12	35	0	0	0	516.60	194.00	16.25	10.86	100	101
3	12	36	0	0	0	615.599724	194.004396	10.833928	10.857240	-1	###FLOW###
4	12	36	0	0	0	615.599724	194.004396	10.833928	10.857240	-1	###LINE###
5	12	36	0	0	0	615.60	194.00	10.83	10.86	100	91
3	12	37	0	0	0	165.599921	209.484413	26.899708	10.857240	-1	###FLOW###
4	12	37	0	0	0	165.599921	209.484413	26.899708	10.857240	-1	###LINE###
5	12	37	0	0	0	165.60	209.48	26.90	10.86	100	Taylor
3	12	38	0	0	0	321.239860	209.484413	24.366595	10.857240	-1	###FLOW###
4	12	38	0	0	0	321.239860	209.484413	24.366595	10.857240	-1	###LINE###
5	12	38	0	0	0	321.24	209.48	24.37	10.86	100	3,497
3	12	39	0	0	0	422.999822	209.484413	16.250892	10.857240	-1	###FLOW###
4	12	39	0	0	0	422.999822	209.484413	16.250892	10.857240	-1	###LINE###
5	12	39	0	0	0	423.00	209.48	16.25	10.86	100	203
3	12	40	0	0	0	516.599737	209.484413	16.250892	10.857240	-1	###FLOW###
4	12	40	0	0	0	516.599737	209.484413	16.250892	10.857240	-1	###LINE###
5	12	40	0	0	0	516.60	209.48	16.25	10.86	100	106
3	12	41	0	0	0	610.199713	209.484413	16.250892	10.857240	-1	###FLOW###
4	12	41	0	0	0	610.199713	209.484413	16.250892	10.857240	-1	###LINE###
5	12	41	0	0	0	610.20	209.48	16.25	10.86	100	110
3	12	42	0	0	0	165.599921	224.844403	22.193964	10.857240	-1	###FLOW###
4	12	42	0	0	0	165.599921	224.844403	22.193964	10.857240	-1	###LINE###
5	12	42	0	0	0	165.60	224.84	22.19	10.86	100	Todd
3	12	43	0	0	0	329.399847	224.844403	16.250892	10.857240	-1	###FLOW###
4	12	43	0	0	0	329.399847	224.844403	16.250892	10.857240	-1	###LINE###
5	12	43	0	0	0	329.40	224.84	16.25	10.86	100	856
3	12	44	0	0	0	428.399803	224.844403	10.833928	10.857240	-1	###FLOW###
4	12	44	0	0	0	428.399803	224.844403	10.833928	10.857240	-1	###LINE###
5	12	44	0	0	0	428.40	224.84	10.83	10.86	100	59
3	12	45	0	0	0	521.999749	224.844403	10.833928	10.857240	-1	###FLOW###
4	12	45	0	0	0	521.999749	224.844403	10.833928	10.857240	-1	###LINE###
5	12	45	0	0	0	522.00	224.84	10.83	10.86	100	47
3	12	46	0	0	0	615.599724	224.844403	10.833928	10.857240	-1	###FLOW###
4	12	46	0	0	0	615.599724	224.844403	10.833928	10.857240	-1	###LINE###
5	12	46	0	0	0	615.60	224.84	10.83	10.86	100	28
3	12	47	0	0	0	165.599921	240.324420	22.184221	10.857240	-1	###FLOW###
4	12	47	0	0	0	165.599921	240.324420	22.184221	10.857240	-1	###LINE###
5	12	47	0	0	0	165.60	240.32	22.18	10.86	100	Trigg
3	12	48	0	0	0	321.239860	240.324420	24.366595	10.857240	-1	###FLOW###
4	12	48	0	0	0	321.239860	240.324420	24.366595	10.857240	-1	###LINE###
5	12	48	0	0	0	321.24	240.32	24.37	10.86	100	2,091
3	12	49	0	0	0	422.999822	240.324420	16.250892	10.857240	-1	###FLOW###
4	12	49	0	0	0	422.999822	240.324420	16.250892	10.857240	-1	###LINE###
5	12	49	0	0	0	423.00	240.32	16.25	10.86	100	141
3	12	50	0	0	0	516.599737	240.324420	16.250892	10.857240	-1	###FLOW###
4	12	50	0	0	0	516.599737	240.324420	16.250892	10.857240	-1	###LINE###
5	12	50	0	0	0	516.60	240.32	16.25	10.86	100	111
3	12	51	0	0	0	610.199713	240.324420	16.250892	10.857240	-1	###FLOW###
4	12	51	0	0	0	610.199713	240.324420	16.250892	10.857240	-1	###LINE###
5	12	51	0	0	0	610.20	240.32	16.25	10.86	100	107
3	12	52	0	0	0	165.599921	255.684379	25.350612	10.857240	-1	###FLOW###
4	12	52	0	0	0	165.599921	255.684379	25.350612	10.857240	-1	###LINE###
5	12	52	0	0	0	165.60	255.68	25.35	10.86	100	Union
3	12	53	0	0	0	321.239860	255.684379	24.366595	10.857240	-1	###FLOW###
4	12	53	0	0	0	321.239860	255.684379	24.366595	10.857240	-1	###LINE###
5	12	53	0	0	0	321.24	255.68	24.37	10.86	100	1,273
3	12	54	0	0	0	428.399803	255.684379	10.833928	10.857240	-1	###FLOW###
4	12	54	0	0	0	428.399803	255.684379	10.833928	10.857240	-1	###LINE###
5	12	54	0	0	0	428.40	255.68	10.83	10.86	100	96
3	12	55	0	0	0	521.999749	255.684379	10.833928	10.857240	-1	###FLOW###
4	12	55	0	0	0	521.999749	255.684379	10.833928	10.857240	-1	###LINE###
5	12	55	0	0	0	522.00	255.68	10.83	10.86	100	48
3	12	56	0	0	0	615.599724	255.684379	10.833928	10.857240	-1	###FLOW###
4	12	56	0	0	0	615.599724	255.684379	10.833928	10.857240	-1	###LINE###
5	12	56	0	0	0	615.60	255.68	10.83	10.86	100	52
3	12	57	0	0	0	165.599921	271.164396	51.948295	10.857240	-1	###FLOW###
4	12	57	0	0	0	165.599921	271.164396	51.948295	10.857240	-1	###LINE###
5	12	57	0	0	0	165.60	271.16	51.95	10.86	100	Washington
3	12	58	0	0	0	321.239860	271.164396	24.366595	10.857240	-1	###FLOW###
4	12	58	0	0	0	321.239860	271.164396	24.366595	10.857240	-1	###LINE###
5	12	58	0	0	0	321.24	271.16	24.37	10.86	100	1,193
3	12	59	0	0	0	422.999822	271.164396	16.250892	10.857240	-1	###FLOW###
4	12	59	0	0	0	422.999822	271.164396	16.250892	10.857240	-1	###LINE###
5	12	59	0	0	0	423.00	271.16	16.25	10.86	100	137
3	12	60	0	0	0	521.999749	271.164396	10.833928	10.857240	-1	###FLOW###
4	12	60	0	0	0	521.999749	271.164396	10.833928	10.857240	-1	###LINE###
5	12	60	0	0	0	522.00	271.16	10.83	10.86	100	59
3	12	61	0	0	0	615.599724	271.164396	10.833928	10.857240	-1	###FLOW###
4	12	61	0	0	0	615.599724	271.164396	10.833928	10.857240	-1	###LINE###
5	12	61	0	0	0	615.60	271.16	10.83	10.86	100	44
3	12	62	0	0	0	329.399847	286.524386	16.250892	10.857240	-1	###FLOW###
4	12	62	0	0	0	329.399847	286.524386	16.250892	10.857240	-1	###LINE###
5	12	62	0	0	0	329.40	286.52	16.25	10.86	100	910
3	12	63	0	0	0	428.399803	286.524386	10.833928	10.857240	-1	###FLOW###
4	12	63	0	0	0	428.399803	286.524386	10.833928	10.857240	-1	###LINE###
5	12	63	0	0	0	428.40	286.52	10.83	10.86	100	63
3	12	64	0	0	0	521.999749	286.524386	10.833928	10.857240	-1	###FLOW###
4	12	64	0	0	0	521.999749	286.524386	10.833928	10.857240	-1	###LINE###
5	12	64	0	0	0	522.00	286.52	10.83	10.86	100	36
3	12	65	0	0	0	615.599724	286.524386	10.833928	10.857240	-1	###FLOW###
4	12	65	0	0	0	615.599724	286.524386	10.833928	10.857240	-1	###LINE###
5	12	65	0	0	0	615.60	286.52	10.83	10.86	100	34
3	12	66	0	0	0	315.839848	302.124399	29.783559	10.857240	-1	###FLOW###
4	12	66	0	0	0	315.839848	302.124399	29.783559	10.857240	-1	###LINE###
5	12	66	0	0	0	315.84	302.12	29.78	10.86	100	77,678
3	12	67	0	0	0	414.839804	302.124399	24.366595	10.857240	-1	###FLOW###
4	12	67	0	0	0	414.839804	302.124399	24.366595	10.857240	-1	###LINE###
5	12	67	0	0	0	414.84	302.12	24.37	10.86	100	5,068
3	12	68	0	0	0	508.439780	302.124399	24.366595	10.857240	-1	###FLOW###
4	12	68	0	0	0	508.439780	302.124399	24.366595	10.857240	-1	###LINE###
5	12	68	0	0	0	508.44	302.12	24.37	10.86	100	2,774
3	12	69	0	0	0	602.039725	302.124399	24.366595	10.857240	-1	###FLOW###
4	12	69	0	0	0	602.039725	302.124399	24.366595	10.857240	-1	###LINE###
5	12	69	0	0	0	602.04	302.12	24.37	10.86	100	2,645
3	12	70	0	0	0	165.599921	286.524386	36.778847	10.857240	-1	###FLOW###
4	12	70	0	0	0	165.599921	286.524386	36.778847	10.857240	-1	###LINE###
5	12	70	0	0	0	165.60	286.52	36.78	10.86	100	Webster
3	12	70	1	0	0	165.599921	302.124399	52.367233	10.857240	-1	###FLOW###
4	12	70	1	0	0	165.599921	302.124399	52.367233	10.857240	-1	###LINE###
5	12	70	1	0	0	165.60	302.12	23.12	10.86	100	Total
5	12	70	1	0	1	191.46	302.12	26.51	10.86	100	Votes
1	13	0	0	0	0	0.000000	0.000000	792.000000	612.000000	-1	###PAGE###
3	13	0	0	0	0	35.999984	54.115290	161.717484	13.404001	-1	###FLOW###
4	13	0	0	0	0	35.999984	54.115290	161.717484	13.404001	-1	###LINE###
5	13	0	0	0	0	36.00	54.12	89.61	13.40	100	Commonwealth
5	13	0	0	0	1	128.96	54.12	11.34	13.40	100	of
5	13	0	0	0	2	143.60	54.12	54.11	13.40	100	Kentucky
3	13	1	0	0	0	289.919866	54.115290	212.006871	13.404001	-1	###FLOW###
4	13	1	0	0	0	289.919866	54.115290	212.006871	13.404001	-1	###LINE###
5	13	1	0	0	0	289.92	54.12	44.08	13.40	100	Michael
5	13	1	0	0	1	337.41	54.12	12.68	13.40	100	G.
5	13	1	0	0	2	353.49	54.12	43.05	13.40	100	Adams,
5	13	1	0	0	3	399.93	54.12	54.93	13.40	100	Secretary
5	13	1	0	0	4	457.88	54.12	11.34	13.40	100	of
5	13	1	0	0	5	472.53	54.12	29.40	13.40	100	State
3	13	2	0	0	0	584.279730	54.115290	171.664703	13.404001	-1	###FLOW###
4	13	2	0	0	0	584.279730	54.115290	171.664703	13.404001	-1	###LINE###
5	13	2	0	0	0	584.28	54.12	26.75	13.40	100	2026
5	13	2	0	0	1	614.48	54.12	44.77	13.40	100	Primary
5	13	2	0	0	2	662.37	54.12	46.85	13.40	100	Election
5	13	2	0	0	3	712.52	54.12	43.42	13.40	100	Results
3	13	3	0	0	0	319.439866	111.955306	152.973073	41.003991	-1	###FLOW###
4	13	3	0	0	0	342.959846	111.955306	106.039520	13.404001	-1	###LINE###
5	13	3	0	0	0	342.96	111.96	16.69	13.40	100	US
5	13	3	0	0	1	362.96	111.96	86.04	13.40	100	Representative
4	13	3	0	1	0	319.439866	125.755316	152.973073	13.404001	-1	###LINE###
5	13	3	0	1	0	319.44	125.76	21.36	13.40	100	2nd
5	13	3	0	1	1	344.12	125.76	83.46	13.40	100	Congressional
5	13	3	0	1	2	431.00	125.76	41.41	13.40	100	District
4	13	3	0	2	0	347.039839	139.555296	98.197214	13.404001	-1	###LINE###
5	13	3	0	2	0	347.04	139.56	64.76	13.40	100	Republican
5	13	3	0	2	1	415.17	139.56	30.07	13.40	100	Party
3	13	3	1	0	0	341.639859	164.364412	43.501338	22.017245	-1	###FLOW###
4	13	3	1	0	0	352.559853	164.364412	32.482298	10.857240	-1	###LINE###
5	13	3	1	0	0	352.56	164.36	9.19	10.86	100	S.
5	13	3	1	0	1	364.49	164.36	20.55	10.86	100	Brett
4	13	3	1	1	0	341.639859	175.524417	43.501338	10.857240	-1	###LINE###
5	13	3	1	1	0	341.64	175.52	43.50	10.86	100	GUTHRIE
3	13	4	0	0	0	438.359815	164.364412	54.919831	22.017245	-1	###FLOW###
4	13	4	0	0	0	448.199795	164.364412	44.953007	10.857240	-1	###LINE###
5	13	4	0	0	0	448.20	164.36	31.41	10.86	100	Joshua
5	13	4	0	0	1	482.34	164.36	10.81	10.86	100	M.
4	13	4	0	1	0	438.359815	175.524417	54.919831	10.857240	-1	###LINE###
5	13	4	0	1	0	438.36	175.52	54.92	10.86	100	FERGUSON
3	13	5	0	0	0	510.239773	164.364412	91.104371	22.017245	-1	###FLOW###
4	13	5	0	0	0	559.199760	164.364412	41.961985	10.857240	-1	###LINE###
5	13	5	0	0	0	559.20	164.36	10.27	10.86	100	G.
5	13	5	0	0	1	572.22	164.36	28.95	10.86	100	"Shay"
4	13	5	0	1	0	510.239773	175.524417	91.104371	10.857240	-1	###LINE###
5	13	5	0	1	0	510.24	175.52	91.10	10.86	100	PERRY-ADELMANN
3	13	6	0	0	0	190.799908	191.124398	29.228223	10.857240	-1	###FLOW###
4	13	6	0	0	0	190.799908	191.124398	29.228223	10.857240	-1	###LINE###
5	13	6	0	0	0	190.80	191.12	29.23	10.86	100	Barren
3	13	7	0	0	0	360.839842	191.124398	24.366595	10.857240	-1	###FLOW###
4	13	7	0	0	0	360.839842	191.124398	24.366595	10.857240	-1	###LINE###
5	13	7	0	0	0	360.84	191.12	24.37	10.86	100	4,826
3	13	8	0	0	0	476.999785	191.124398	16.250892	10.857240	-1	###FLOW###
4	13	8	0	0	0	476.999785	191.124398	16.250892	10.857240	-1	###LINE###
5	13	8	0	0	0	477.00	191.12	16.25	10.86	100	382
3	13	9	0	0	0	584.999740	191.124398	16.250892	10.857240	-1	###FLOW###
4	13	9	0	0	0	584.999740	191.124398	16.250892	10.857240	-1	###LINE###
5	13	9	0	0	0	585.00	191.12	16.25	10.86	100	175
3	13	10	0	0	0	190.799908	206.604415	54.130669	10.857240	-1	###FLOW###
4	13	10	0	0	0	190.799908	206.604415	54.130669	10.857240	-1	###LINE###
5	13	10	0	0	0	190.80	206.60	54.13	10.86	100	Breckinridge
3	13	11	0	0	0	360.839842	206.604415	24.366595	10.857240	-1	###FLOW###
4	13	11	0	0	0	360.839842	206.604415	24.366595	10.857240	-1	###LINE###
5	13	11	0	0	0	360.84	206.60	24.37	10.86	100	3,404
3	13	12	0	0	0	476.999785	206.604415	16.250892	10.857240	-1	###FLOW###
4	13	12	0	0	0	476.999785	206.604415	16.250892	10.857240	-1	###LINE###
5	13	12	0	0	0	477.00	206.60	16.25	10.86	100	394
3	13	13	0	0	0	584.999740	206.604415	16.250892	10.857240	-1	###FLOW###
4	13	13	0	0	0	584.999740	206.604415	16.250892	10.857240	-1	###LINE###
5	13	13	0	0	0	585.00	206.60	16.25	10.86	100	201
3	13	14	0	0	0	190.799908	221.964406	23.791773	10.857240	-1	###FLOW###
4	13	14	0	0	0	190.799908	221.964406	23.791773	10.857240	-1	###LINE###
5	13	14	0	0	0	190.80	221.96	23.79	10.86	100	Bullitt
3	13	15	0	0	0	360.839842	221.964406	24.366595	10.857240	-1	###FLOW###
4	13	15	0	0	0	360.839842	221.964406	24.366595	10.857240	-1	###LINE###
5	13	15	0	0	0	360.84	221.96	24.37	10.86	100	6,701
3	13	16	0	0	0	476.999785	221.964406	16.250892	10.857240	-1	###FLOW###
4	13	16	0	0	0	476.999785	221.964406	16.250892	10.857240	-1	###LINE###
5	13	16	0	0	0	477.00	221.96	16.25	10.86	100	919
3	13	17	0	0	0	584.999740	221.964406	16.250892	10.857240	-1	###FLOW###
4	13	17	0	0	0	584.999740	221.964406	16.250892	10.857240	-1	###LINE###
5	13	17	0	0	0	585.00	221.96	16.25	10.86	100	514
3	13	18	0	0	0	190.799908	237.444392	25.428554	10.857240	-1	###FLOW###
4	13	18	0	0	0	190.799908	237.444392	25.428554	10.857240	-1	###LINE###
5	13	18	0	0	0	190.80	237.44	25.43	10.86	100	Butler
3	13	19	0	0	0	360.839842	237.444392	24.366595	10.857240	-1	###FLOW###
4	13	19	0	0	0	360.839842	237.444392	24.366595	10.857240	-1	###LINE###
5	13	19	0	0	0	360.84	237.44	24.37	10.86	100	2,554
3	13	20	0	0	0	476.999785	237.444392	16.250892	10.857240	-1	###FLOW###
4	13	20	0	0	0	476.999785	237.444392	16.250892	10.857240	-1	###LINE###
5	13	20	0	0	0	477.00	237.44	16.25	10.86	100	245
3	13	21	0	0	0	584.999740	237.444392	16.250892	10.857240	-1	###FLOW###
4	13	21	0	0	0	584.999740	237.444392	16.250892	10.857240	-1	###LINE###
5	13	21	0	0	0	585.00	237.44	16.25	10.86	100	128
3	13	22	0	0	0	190.799908	252.804412	34.547759	10.857240	-1	###FLOW###
4	13	22	0	0	0	190.799908	252.804412	34.547759	10.857240	-1	###LINE###
5	13	22	0	0	0	190.80	252.80	34.55	10.86	100	Daviess
3	13	23	0	0	0	360.839842	252.804412	24.366595	10.857240	-1	###FLOW###
4	13	23	0	0	0	360.839842	252.804412	24.366595	10.857240	-1	###LINE###
5	13	23	0	0	0	360.84	252.80	24.37	10.86	100	6,549
3	13	24	0	0	0	476.999785	252.804412	16.250892	10.857240	-1	###FLOW###
4	13	24	0	0	0	476.999785	252.804412	16.250892	10.857240	-1	###LINE###
5	13	24	0	0	0	477.00	252.80	16.25	10.86	100	745
3	13	25	0	0	0	584.999740	252.804412	16.250892	10.857240	-1	###FLOW###
4	13	25	0	0	0	584.999740	252.804412	16.250892	10.857240	-1	###LINE###
5	13	25	0	0	0	585.00	252.80	16.25	10.86	100	535
3	13	26	0	0	0	190.799908	268.284398	46.453389	10.857240	-1	###FLOW###
4	13	26	0	0	0	190.799908	268.284398	46.453389	10.857240	-1	###LINE###
5	13	26	0	0	0	190.80	268.28	46.45	10.86	100	Edmonson
3	13	27	0	0	0	360.839842	268.284398	24.366595	10.857240	-1	###FLOW###
4	13	27	0	0	0	360.839842	268.284398	24.366595	10.857240	-1	###LINE###
5	13	27	0	0	0	360.84	268.28	24.37	10.86	100	1,338
3	13	28	0	0	0	482.399796	268.284398	10.833928	10.857240	-1	###FLOW###
4	13	28	0	0	0	482.399796	268.284398	10.833928	10.857240	-1	###LINE###
5	13	28	0	0	0	482.40	268.28	10.83	10.86	100	78
3	13	29	0	0	0	590.399752	268.284398	10.833928	10.857240	-1	###FLOW###
4	13	29	0	0	0	590.399752	268.284398	10.833928	10.857240	-1	###LINE###
5	13	29	0	0	0	590.40	268.28	10.83	10.86	100	44
3	13	30	0	0	0	190.799908	283.644388	36.583992	10.857240	-1	###FLOW###
4	13	30	0	0	0	190.799908	283.644388	36.583992	10.857240	-1	###LINE###
5	13	30	0	0	0	190.80	283.64	36.58	10.86	100	Grayson
3	13	31	0	0	0	360.839842	283.644388	24.366595	10.857240	-1	###FLOW###
4	13	31	0	0	0	360.839842	283.644388	24.366595	10.857240	-1	###LINE###
5	13	31	0	0	0	360.84	283.64	24.37	10.86	100	3,881
3	13	32	0	0	0	476.999785	283.644388	16.250892	10.857240	-1	###FLOW###
4	13	32	0	0	0	476.999785	283.644388	16.250892	10.857240	-1	###LINE###
5	13	32	0	0	0	477.00	283.64	16.25	10.86	100	440
3	13	33	0	0	0	584.999740	283.644388	16.250892	10.857240	-1	###FLOW###
4	13	33	0	0	0	584.999740	283.644388	16.250892	10.857240	-1	###LINE###
5	13	33	0	0	0	585.00	283.64	16.25	10.86	100	284
3	13	34	0	0	0	190.799908	299.124375	27.065334	10.857240	-1	###FLOW###
4	13	34	0	0	0	190.799908	299.124375	27.065334	10.857240	-1	###LINE###
5	13	34	0	0	0	190.80	299.12	27.07	10.86	100	Green
3	13	35	0	0	0	360.839842	299.124375	24.366595	10.857240	-1	###FLOW###
4	13	35	0	0	0	360.839842	299.124375	24.366595	10.857240	-1	###LINE###
5	13	35	0	0	0	360.84	299.12	24.37	10.86	100	2,228
3	13	36	0	0	0	476.999785	299.124375	16.250892	10.857240	-1	###FLOW###
4	13	36	0	0	0	476.999785	299.124375	16.250892	10.857240	-1	###LINE###
5	13	36	0	0	0	477.00	299.12	16.25	10.86	100	243
3	13	37	0	0	0	590.399752	299.124375	10.833928	10.857240	-1	###FLOW###
4	13	37	0	0	0	590.399752	299.124375	10.833928	10.857240	-1	###LINE###
5	13	37	0	0	0	590.40	299.12	10.83	10.86	100	90
3	13	38	0	0	0	190.799908	314.484395	37.801835	10.857240	-1	###FLOW###
4	13	38	0	0	0	190.799908	314.484395	37.801835	10.857240	-1	###LINE###
5	13	38	0	0	0	190.80	314.48	37.80	10.86	100	Hancock
3	13	39	0	0	0	360.839842	314.484395	24.366595	10.857240	-1	###FLOW###
4	13	39	0	0	0	360.839842	314.484395	24.366595	10.857240	-1	###LINE###
5	13	39	0	0	0	360.84	314.48	24.37	10.86	100	1,193
3	13	40	0	0	0	476.999785	314.484395	16.250892	10.857240	-1	###FLOW###
4	13	40	0	0	0	476.999785	314.484395	16.250892	10.857240	-1	###LINE###
5	13	40	0	0	0	477.00	314.48	16.25	10.86	100	154
3	13	41	0	0	0	590.399752	314.484395	10.833928	10.857240	-1	###FLOW###
4	13	41	0	0	0	590.399752	314.484395	10.833928	10.857240	-1	###LINE###
5	13	41	0	0	0	590.40	314.48	10.83	10.86	100	60
3	13	42	0	0	0	190.799908	329.964381	28.594945	10.857240	-1	###FLOW###
4	13	42	0	0	0	190.799908	329.964381	28.594945	10.857240	-1	###LINE###
5	13	42	0	0	0	190.80	329.96	28.59	10.86	100	Hardin
3	13	43	0	0	0	360.839842	329.964381	24.366595	10.857240	-1	###FLOW###
4	13	43	0	0	0	360.839842	329.964381	24.366595	10.857240	-1	###LINE###
5	13	43	0	0	0	360.84	329.96	24.37	10.86	100	7,179
3	13	44	0	0	0	476.999785	329.964381	16.250892	10.857240	-1	###FLOW###
4	13	44	0	0	0	476.999785	329.964381	16.250892	10.857240	-1	###LINE###
5	13	44	0	0	0	477.00	329.96	16.25	10.86	100	892
3	13	45	0	0	0	584.999740	329.964381	16.250892	10.857240	-1	###FLOW###
4	13	45	0	0	0	584.999740	329.964381	16.250892	10.857240	-1	###LINE###
5	13	45	0	0	0	585.00	329.96	16.25	10.86	100	481
3	13	46	0	0	0	190.799908	345.324402	18.296868	10.857240	-1	###FLOW###
4	13	46	0	0	0	190.799908	345.324402	18.296868	10.857240	-1	###LINE###
5	13	46	0	0	0	190.80	345.32	18.30	10.86	100	Hart
3	13	47	0	0	0	360.839842	345.324402	24.366595	10.857240	-1	###FLOW###
4	13	47	0	0	0	360.839842	345.324402	24.366595	10.857240	-1	###LINE###
5	13	47	0	0	0	360.84	345.32	24.37	10.86	100	1,483
3	13	48	0	0	0	476.999785	345.324402	16.250892	10.857240	-1	###FLOW###
4	13	48	0	0	0	476.999785	345.324402	16.250892	10.857240	-1	###LINE###
5	13	48	0	0	0	477.00	345.32	16.25	10.86	100	173
3	13	49	0	0	0	590.399752	345.324402	10.833928	10.857240	-1	###FLOW###
4	13	49	0	0	0	590.399752	345.324402	10.833928	10.857240	-1	###LINE###
5	13	49	0	0	0	590.40	345.32	10.83	10.86	100	79
3	13	50	0	0	0	190.799908	360.804373	40.198549	10.857240	-1	###FLOW###
4	13	50	0	0	0	190.799908	360.804373	40.198549	10.857240	-1	###LINE###
5	13	50	0	0	0	190.80	360.80	40.20	10.86	100	Jefferson
3	13	51	0	0	0	360.839842	360.804373	24.366595	10.857240	-1	###FLOW###
4	13	51	0	0	0	360.839842	360.804373	24.366595	10.857240	-1	###LINE###
5	13	51	0	0	0	360.84	360.80	24.37	10.86	100	3,559
3	13	52	0	0	0	476.999785	360.804373	16.250892	10.857240	-1	###FLOW###
4	13	52	0	0	0	476.999785	360.804373	16.250892	10.857240	-1	###LINE###
5	13	52	0	0	0	477.00	360.80	16.25	10.86	100	364
3	13	53	0	0	0	584.999740	360.804373	16.250892	10.857240	-1	###FLOW###
4	13	53	0	0	0	584.999740	360.804373	16.250892	10.857240	-1	###LINE###
5	13	53	0	0	0	585.00	360.80	16.25	10.86	100	281
3	13	54	0	0	0	190.799908	376.164393	24.912189	10.857240	-1	###FLOW###
4	13	54	0	0	0	190.799908	376.164393	24.912189	10.857240	-1	###LINE###
5	13	54	0	0	0	190.80	376.16	24.91	10.86	100	Larue
3	13	55	0	0	0	360.839842	376.164393	24.366595	10.857240	-1	###FLOW###
4	13	55	0	0	0	360.839842	376.164393	24.366595	10.857240	-1	###LINE###
5	13	55	0	0	0	360.84	376.16	24.37	10.86	100	2,049
3	13	56	0	0	0	476.999785	376.164393	16.250892	10.857240	-1	###FLOW###
4	13	56	0	0	0	476.999785	376.164393	16.250892	10.857240	-1	###LINE###
5	13	56	0	0	0	477.00	376.16	16.25	10.86	100	212
3	13	57	0	0	0	584.999740	376.164393	16.250892	10.857240	-1	###FLOW###
4	13	57	0	0	0	584.999740	376.164393	16.250892	10.857240	-1	###LINE###
5	13	57	0	0	0	585.00	376.16	16.25	10.86	100	109
3	13	58	0	0	0	190.799908	391.644379	27.084820	10.857240	-1	###FLOW###
4	13	58	0	0	0	190.799908	391.644379	27.084820	10.857240	-1	###LINE###
5	13	58	0	0	0	190.80	391.64	27.08	10.86	100	Logan
3	13	59	0	0	0	368.999830	391.644379	16.250892	10.857240	-1	###FLOW###
4	13	59	0	0	0	368.999830	391.644379	16.250892	10.857240	-1	###LINE###
5	13	59	0	0	0	369.00	391.64	16.25	10.86	100	208
3	13	60	0	0	0	482.399796	391.644379	10.833928	10.857240	-1	###FLOW###
4	13	60	0	0	0	482.399796	391.644379	10.833928	10.857240	-1	###LINE###
5	13	60	0	0	0	482.40	391.64	10.83	10.86	100	25
3	13	61	0	0	0	595.799702	391.644379	5.416964	10.857240	-1	###FLOW###
4	13	61	0	0	0	595.799702	391.644379	5.416964	10.857240	-1	###LINE###
5	13	61	0	0	0	595.80	391.64	5.42	10.86	100	8
3	13	62	0	0	0	190.799908	407.004370	34.654930	10.857240	-1	###FLOW###
4	13	62	0	0	0	190.799908	407.004370	34.654930	10.857240	-1	###LINE###
5	13	62	0	0	0	190.80	407.00	34.65	10.86	100	McLean
3	13	63	0	0	0	368.999830	407.004370	16.250892	10.857240	-1	###FLOW###
4	13	63	0	0	0	368.999830	407.004370	16.250892	10.857240	-1	###LINE###
5	13	63	0	0	0	369.00	407.00	16.25	10.86	100	729
3	13	64	0	0	0	482.399796	407.004370	10.833928	10.857240	-1	###FLOW###
4	13	64	0	0	0	482.399796	407.004370	10.833928	10.857240	-1	###LINE###
5	13	64	0	0	0	482.40	407.00	10.83	10.86	100	64
3	13	65	0	0	0	590.399752	407.004370	10.833928	10.857240	-1	###FLOW###
4	13	65	0	0	0	590.399752	407.004370	10.833928	10.857240	-1	###LINE###
5	13	65	0	0	0	590.40	407.00	10.83	10.86	100	30
3	13	66	0	0	0	190.799908	422.484386	29.686132	10.857240	-1	###FLOW###
4	13	66	0	0	0	190.799908	422.484386	29.686132	10.857240	-1	###LINE###
5	13	66	0	0	0	190.80	422.48	29.69	10.86	100	Meade
3	13	67	0	0	0	360.839842	422.484386	24.366595	10.857240	-1	###FLOW###
4	13	67	0	0	0	360.839842	422.484386	24.366595	10.857240	-1	###LINE###
5	13	67	0	0	0	360.84	422.48	24.37	10.86	100	2,466
3	13	68	0	0	0	476.999785	422.484386	16.250892	10.857240	-1	###FLOW###
4	13	68	0	0	0	476.999785	422.484386	16.250892	10.857240	-1	###LINE###
5	13	68	0	0	0	477.00	422.48	16.25	10.86	100	391
3	13	69	0	0	0	584.999740	422.484386	16.250892	10.857240	-1	###FLOW###
4	13	69	0	0	0	584.999740	422.484386	16.250892	10.857240	-1	###LINE###
5	13	69	0	0	0	585.00	422.48	16.25	10.86	100	158
3	13	70	0	0	0	190.799908	437.844376	51.344245	10.857240	-1	###FLOW###
4	13	70	0	0	0	190.799908	437.844376	51.344245	10.857240	-1	###LINE###
5	13	70	0	0	0	190.80	437.84	51.34	10.86	100	Muhlenberg
3	13	71	0	0	0	360.839842	437.844376	24.366595	10.857240	-1	###FLOW###
4	13	71	0	0	0	360.839842	437.844376	24.366595	10.857240	-1	###LINE###
5	13	71	0	0	0	360.84	437.84	24.37	10.86	100	1,957
3	13	72	0	0	0	476.999785	437.844376	16.250892	10.857240	-1	###FLOW###
4	13	72	0	0	0	476.999785	437.844376	16.250892	10.857240	-1	###LINE###
5	13	72	0	0	0	477.00	437.84	16.25	10.86	100	262
3	13	73	0	0	0	584.999740	437.844376	16.250892	10.857240	-1	###FLOW###
4	13	73	0	0	0	584.999740	437.844376	16.250892	10.857240	-1	###LINE###
5	13	73	0	0	0	585.00	437.84	16.25	10.86	100	104
3	13	74	0	0	0	190.799908	453.324392	30.221982	10.857240	-1	###FLOW###
4	13	74	0	0	0	190.799908	453.324392	30.221982	10.857240	-1	###LINE###
5	13	74	0	0	0	190.80	453.32	30.22	10.86	100	Nelson
3	13	75	0	0	0	360.839842	453.324392	24.366595	10.857240	-1	###FLOW###
4	13	75	0	0	0	360.839842	453.324392	24.366595	10.857240	-1	###LINE###
5	13	75	0	0	0	360.84	453.32	24.37	10.86	100	1,593
3	13	76	0	0	0	476.999785	453.324392	16.250892	10.857240	-1	###FLOW###
4	13	76	0	0	0	476.999785	453.324392	16.250892	10.857240	-1	###LINE###
5	13	76	0	0	0	477.00	453.32	16.25	10.86	100	184
3	13	77	0	0	0	584.999740	453.324392	16.250892	10.857240	-1	###FLOW###
4	13	77	0	0	0	584.999740	453.324392	16.250892	10.857240	-1	###LINE###
5	13	77	0	0	0	585.00	453.32	16.25	10.86	100	113
3	13	78	0	0	0	190.799908	468.684383	20.566926	10.857240	-1	###FLOW###
4	13	78	0	0	0	190.799908	468.684383	20.566926	10.857240	-1	###LINE###
5	13	78	0	0	0	190.80	468.68	20.57	10.86	100	Ohio
3	13	79	0	0	0	360.839842	468.684383	24.366595	10.857240	-1	###FLOW###
4	13	79	0	0	0	360.839842	468.684383	24.366595	10.857240	-1	###LINE###
5	13	79	0	0	0	360.84	468.68	24.37	10.86	100	3,120
3	13	80	0	0	0	476.999785	468.684383	16.250892	10.857240	-1	###FLOW###
4	13	80	0	0	0	476.999785	468.684383	16.250892	10.857240	-1	###LINE###
5	13	80	0	0	0	477.00	468.68	16.25	10.86	100	471
3	13	81	0	0	0	584.999740	468.684383	16.250892	10.857240	-1	###FLOW###
4	13	81	0	0	0	584.999740	468.684383	16.250892	10.857240	-1	###LINE###
5	13	81	0	0	0	585.00	468.68	16.25	10.86	100	231
3	13	82	0	0	0	190.799908	484.164399	32.453070	10.857240	-1	###FLOW###
4	13	82	0	0	0	190.799908	484.164399	32.453070	10.857240	-1	###LINE###
5	13	82	0	0	0	190.80	484.16	32.45	10.86	100	Warren
3	13	83	0	0	0	360.839842	484.164399	24.366595	10.857240	-1	###FLOW###
4	13	83	0	0	0	360.839842	484.164399	24.366595	10.857240	-1	###LINE###
5	13	83	0	0	0	360.84	484.16	24.37	10.86	100	8,159
3	13	84	0	0	0	476.999785	484.164399	16.250892	10.857240	-1	###FLOW###
4	13	84	0	0	0	476.999785	484.164399	16.250892	10.857240	-1	###LINE###
5	13	84	0	0	0	477.00	484.16	16.25	10.86	100	549
3	13	85	0	0	0	584.999740	484.164399	16.250892	10.857240	-1	###FLOW###
4	13	85	0	0	0	584.999740	484.164399	16.250892	10.857240	-1	###LINE###
5	13	85	0	0	0	585.00	484.16	16.25	10.86	100	338
3	13	86	0	0	0	190.799908	499.884408	52.367233	10.857240	-1	###FLOW###
4	13	86	0	0	0	190.799908	499.884408	52.367233	10.857240	-1	###LINE###
5	13	86	0	0	0	190.80	499.88	23.12	10.86	100	Total
5	13	86	0	0	1	216.66	499.88	26.51	10.86	100	Votes
3	13	87	0	0	0	355.439831	499.884408	29.783559	10.857240	-1	###FLOW###
4	13	87	0	0	0	355.439831	499.884408	29.783559	10.857240	-1	###LINE###
5	13	87	0	0	0	355.44	499.88	29.78	10.86	100	65,176
3	13	88	0	0	0	468.839797	499.884408	24.366595	10.857240	-1	###FLOW###
4	13	88	0	0	0	468.839797	499.884408	24.366595	10.857240	-1	###LINE###
5	13	88	0	0	0	468.84	499.88	24.37	10.86	100	7,187
3	13	89	0	0	0	576.839753	499.884408	24.366595	10.857240	-1	###FLOW###
4	13	89	0	0	0	576.839753	499.884408	24.366595	10.857240	-1	###LINE###
5	13	89	0	0	0	576.84	499.88	24.37	10.86	100	3,963
1	14	0	0	0	0	0.000000	0.000000	792.000000	612.000000	-1	###PAGE###
3	14	0	0	0	0	35.999984	54.115290	161.717484	13.404001	-1	###FLOW###
4	14	0	0	0	0	35.999984	54.115290	161.717484	13.404001	-1	###LINE###
5	14	0	0	0	0	36.00	54.12	89.61	13.40	100	Commonwealth
5	14	0	0	0	1	128.96	54.12	11.34	13.40	100	of
5	14	0	0	0	2	143.60	54.12	54.11	13.40	100	Kentucky
3	14	1	0	0	0	289.919866	54.115290	212.006871	13.404001	-1	###FLOW###
4	14	1	0	0	0	289.919866	54.115290	212.006871	13.404001	-1	###LINE###
5	14	1	0	0	0	289.92	54.12	44.08	13.40	100	Michael
5	14	1	0	0	1	337.41	54.12	12.68	13.40	100	G.
5	14	1	0	0	2	353.49	54.12	43.05	13.40	100	Adams,
5	14	1	0	0	3	399.93	54.12	54.93	13.40	100	Secretary
5	14	1	0	0	4	457.88	54.12	11.34	13.40	100	of
5	14	1	0	0	5	472.53	54.12	29.40	13.40	100	State
3	14	2	0	0	0	584.279730	54.115290	171.664703	13.404001	-1	###FLOW###
4	14	2	0	0	0	584.279730	54.115290	171.664703	13.404001	-1	###LINE###
5	14	2	0	0	0	584.28	54.12	26.75	13.40	100	2026
5	14	2	0	0	1	614.48	54.12	44.77	13.40	100	Primary
5	14	2	0	0	2	662.37	54.12	46.85	13.40	100	Election
5	14	2	0	0	3	712.52	54.12	43.42	13.40	100	Results
3	14	3	0	0	0	319.439866	111.955306	152.973073	41.003991	-1	###FLOW###
4	14	3	0	0	0	342.959846	111.955306	106.039520	13.404001	-1	###LINE###
5	14	3	0	0	0	342.96	111.96	16.69	13.40	100	US
5	14	3	0	0	1	362.96	111.96	86.04	13.40	100	Representative
4	14	3	0	1	0	319.439866	125.755316	152.973073	13.404001	-1	###LINE###
5	14	3	0	1	0	319.44	125.76	21.36	13.40	100	2nd
5	14	3	0	1	1	344.12	125.76	83.46	13.40	100	Congressional
5	14	3	0	1	2	431.00	125.76	41.41	13.40	100	District
4	14	3	0	2	0	346.679835	139.555296	98.918899	13.404001	-1	###LINE###
5	14	3	0	2	0	346.68	139.56	65.48	13.40	100	Democratic
5	14	3	0	2	1	415.53	139.56	30.07	13.40	100	Party
3	14	3	1	0	0	291.119882	164.364412	54.559349	22.017245	-1	###FLOW###
4	14	3	1	0	0	315.959850	164.364412	29.686132	10.857240	-1	###LINE###
5	14	3	1	0	0	315.96	164.36	29.69	10.86	100	Megan
4	14	3	1	1	0	291.119882	175.524417	54.559349	10.857240	-1	###LINE###
5	14	3	1	1	0	291.12	175.52	54.56	10.86	100	WINGFIELD
3	14	4	0	0	0	381.599815	164.364412	57.667284	22.017245	-1	###FLOW###
4	14	4	0	0	0	416.519827	164.364412	22.642130	10.857240	-1	###LINE###
5	14	4	0	0	0	416.52	164.36	22.64	10.86	100	Hank
4	14	4	0	1	0	381.599815	175.524417	57.667284	10.857240	-1	###LINE###
5	14	4	0	1	0	381.60	175.52	57.67	10.86	100	LINDERMAN
3	14	5	0	0	0	485.399776	164.364412	47.476377	22.017245	-1	###FLOW###
4	14	5	0	0	0	495.959796	164.364412	36.720391	10.857240	-1	###LINE###
5	14	5	0	0	0	495.96	164.36	24.81	10.86	100	David
5	14	5	0	0	1	523.49	164.36	9.19	10.86	100	S.
4	14	5	0	1	0	485.399776	175.524417	47.476377	10.857240	-1	###LINE###
5	14	5	0	1	0	485.40	175.52	47.48	10.86	100	HATFIELD
3	14	6	0	0	0	560.999723	164.364412	65.550583	22.017245	-1	###FLOW###
4	14	6	0	0	0	560.999723	164.364412	65.344564	10.857240	-1	###LINE###
5	14	6	0	0	0	561.00	164.36	31.90	10.86	100	William
5	14	6	0	0	1	595.49	164.36	30.86	10.86	100	Dakota
4	14	6	0	1	0	576.959755	175.524417	49.590552	10.857240	-1	###LINE###
5	14	6	0	1	0	576.96	175.52	49.59	10.86	100	COMPTON
3	14	7	0	0	0	165.599921	191.124398	29.228223	10.857240	-1	###FLOW###
4	14	7	0	0	0	165.599921	191.124398	29.228223	10.857240	-1	###LINE###
5	14	7	0	0	0	165.60	191.12	29.23	10.86	100	Barren
3	14	8	0	0	0	329.399847	191.124398	16.250892	10.857240	-1	###FLOW###
4	14	8	0	0	0	329.399847	191.124398	16.250892	10.857240	-1	###LINE###
5	14	8	0	0	0	329.40	191.12	16.25	10.86	100	808
3	14	9	0	0	0	422.999822	191.124398	16.250892	10.857240	-1	###FLOW###
4	14	9	0	0	0	422.999822	191.124398	16.250892	10.857240	-1	###LINE###
5	14	9	0	0	0	423.00	191.12	16.25	10.86	100	399
3	14	10	0	0	0	516.599737	191.124398	16.250892	10.857240	-1	###FLOW###
4	14	10	0	0	0	516.599737	191.124398	16.250892	10.857240	-1	###LINE###
5	14	10	0	0	0	516.60	191.12	16.25	10.86	100	471
3	14	11	0	0	0	610.199713	191.124398	16.250892	10.857240	-1	###FLOW###
4	14	11	0	0	0	610.199713	191.124398	16.250892	10.857240	-1	###LINE###
5	14	11	0	0	0	610.20	191.12	16.25	10.86	100	373
3	14	12	0	0	0	165.599921	206.604415	54.130669	10.857240	-1	###FLOW###
4	14	12	0	0	0	165.599921	206.604415	54.130669	10.857240	-1	###LINE###
5	14	12	0	0	0	165.60	206.60	54.13	10.86	100	Breckinridge
3	14	13	0	0	0	329.399847	206.604415	16.250892	10.857240	-1	###FLOW###
4	14	13	0	0	0	329.399847	206.604415	16.250892	10.857240	-1	###LINE###
5	14	13	0	0	0	329.40	206.60	16.25	10.86	100	340
3	14	14	0	0	0	422.999822	206.604415	16.250892	10.857240	-1	###FLOW###
4	14	14	0	0	0	422.999822	206.604415	16.250892	10.857240	-1	###LINE###
5	14	14	0	0	0	423.00	206.60	16.25	10.86	100	262
3	14	15	0	0	0	516.599737	206.604415	16.250892	10.857240	-1	###FLOW###
4	14	15	0	0	0	516.599737	206.604415	16.250892	10.857240	-1	###LINE###
5	14	15	0	0	0	516.60	206.60	16.25	10.86	100	199
3	14	16	0	0	0	610.199713	206.604415	16.250892	10.857240	-1	###FLOW###
4	14	16	0	0	0	610.199713	206.604415	16.250892	10.857240	-1	###LINE###
5	14	16	0	0	0	610.20	206.60	16.25	10.86	100	175
3	14	17	0	0	0	165.599921	221.964406	23.791773	10.857240	-1	###FLOW###
4	14	17	0	0	0	165.599921	221.964406	23.791773	10.857240	-1	###LINE###
5	14	17	0	0	0	165.60	221.96	23.79	10.86	100	Bullitt
3	14	18	0	0	0	321.239860	221.964406	24.366595	10.857240	-1	###FLOW###
4	14	18	0	0	0	321.239860	221.964406	24.366595	10.857240	-1	###LINE###
5	14	18	0	0	0	321.24	221.96	24.37	10.86	100	1,480
3	14	19	0	0	0	422.999822	221.964406	16.250892	10.857240	-1	###FLOW###
4	14	19	0	0	0	422.999822	221.964406	16.250892	10.857240	-1	###LINE###
5	14	19	0	0	0	423.00	221.96	16.25	10.86	100	760
3	14	20	0	0	0	508.439780	221.964406	24.366595	10.857240	-1	###FLOW###
4	14	20	0	0	0	508.439780	221.964406	24.366595	10.857240	-1	###LINE###
5	14	20	0	0	0	508.44	221.96	24.37	10.86	100	1,011
3	14	21	0	0	0	610.199713	221.964406	16.250892	10.857240	-1	###FLOW###
4	14	21	0	0	0	610.199713	221.964406	16.250892	10.857240	-1	###LINE###
5	14	21	0	0	0	610.20	221.96	16.25	10.86	100	599
3	14	22	0	0	0	165.599921	237.444392	25.428554	10.857240	-1	###FLOW###
4	14	22	0	0	0	165.599921	237.444392	25.428554	10.857240	-1	###LINE###
5	14	22	0	0	0	165.60	237.44	25.43	10.86	100	Butler
3	14	23	0	0	0	329.399847	237.444392	16.250892	10.857240	-1	###FLOW###
4	14	23	0	0	0	329.399847	237.444392	16.250892	10.857240	-1	###LINE###
5	14	23	0	0	0	329.40	237.44	16.25	10.86	100	131
3	14	24	0	0	0	428.399803	237.444392	10.833928	10.857240	-1	###FLOW###
4	14	24	0	0	0	428.399803	237.444392	10.833928	10.857240	-1	###LINE###
5	14	24	0	0	0	428.40	237.44	10.83	10.86	100	46
3	14	25	0	0	0	521.999749	237.444392	10.833928	10.857240	-1	###FLOW###
4	14	25	0	0	0	521.999749	237.444392	10.833928	10.857240	-1	###LINE###
5	14	25	0	0	0	522.00	237.44	10.83	10.86	100	44
3	14	26	0	0	0	615.599724	237.444392	10.833928	10.857240	-1	###FLOW###
4	14	26	0	0	0	615.599724	237.444392	10.833928	10.857240	-1	###LINE###
5	14	26	0	0	0	615.60	237.44	10.83	10.86	100	61
3	14	27	0	0	0	165.599921	252.804412	34.547759	10.857240	-1	###FLOW###
4	14	27	0	0	0	165.599921	252.804412	34.547759	10.857240	-1	###LINE###
5	14	27	0	0	0	165.60	252.80	34.55	10.86	100	Daviess
3	14	28	0	0	0	321.239860	252.804412	24.366595	10.857240	-1	###FLOW###
4	14	28	0	0	0	321.239860	252.804412	24.366595	10.857240	-1	###LINE###
5	14	28	0	0	0	321.24	252.80	24.37	10.86	100	2,431
3	14	29	0	0	0	414.839804	252.804412	24.366595	10.857240	-1	###FLOW###
4	14	29	0	0	0	414.839804	252.804412	24.366595	10.857240	-1	###LINE###
5	14	29	0	0	0	414.84	252.80	24.37	10.86	100	1,571
3	14	30	0	0	0	508.439780	252.804412	24.366595	10.857240	-1	###FLOW###
4	14	30	0	0	0	508.439780	252.804412	24.366595	10.857240	-1	###LINE###
5	14	30	0	0	0	508.44	252.80	24.37	10.86	100	1,219
3	14	31	0	0	0	610.199713	252.804412	16.250892	10.857240	-1	###FLOW###
4	14	31	0	0	0	610.199713	252.804412	16.250892	10.857240	-1	###LINE###
5	14	31	0	0	0	610.20	252.80	16.25	10.86	100	986
3	14	32	0	0	0	165.599921	268.284398	46.453389	10.857240	-1	###FLOW###
4	14	32	0	0	0	165.599921	268.284398	46.453389	10.857240	-1	###LINE###
5	14	32	0	0	0	165.60	268.28	46.45	10.86	100	Edmonson
3	14	33	0	0	0	329.399847	268.284398	16.250892	10.857240	-1	###FLOW###
4	14	33	0	0	0	329.399847	268.284398	16.250892	10.857240	-1	###LINE###
5	14	33	0	0	0	329.40	268.28	16.25	10.86	100	136
3	14	34	0	0	0	428.399803	268.284398	10.833928	10.857240	-1	###FLOW###
4	14	34	0	0	0	428.399803	268.284398	10.833928	10.857240	-1	###LINE###
5	14	34	0	0	0	428.40	268.28	10.83	10.86	100	58
3	14	35	0	0	0	521.999749	268.284398	10.833928	10.857240	-1	###FLOW###
4	14	35	0	0	0	521.999749	268.284398	10.833928	10.857240	-1	###LINE###
5	14	35	0	0	0	522.00	268.28	10.83	10.86	100	50
3	14	36	0	0	0	615.599724	268.284398	10.833928	10.857240	-1	###FLOW###
4	14	36	0	0	0	615.599724	268.284398	10.833928	10.857240	-1	###LINE###
5	14	36	0	0	0	615.60	268.28	10.83	10.86	100	57
3	14	37	0	0	0	165.599921	283.644388	36.583992	10.857240	-1	###FLOW###
4	14	37	0	0	0	165.599921	283.644388	36.583992	10.857240	-1	###LINE###
5	14	37	0	0	0	165.60	283.64	36.58	10.86	100	Grayson
3	14	38	0	0	0	329.399847	283.644388	16.250892	10.857240	-1	###FLOW###
4	14	38	0	0	0	329.399847	283.644388	16.250892	10.857240	-1	###LINE###
5	14	38	0	0	0	329.40	283.64	16.25	10.86	100	326
3	14	39	0	0	0	422.999822	283.644388	16.250892	10.857240	-1	###FLOW###
4	14	39	0	0	0	422.999822	283.644388	16.250892	10.857240	-1	###LINE###
5	14	39	0	0	0	423.00	283.64	16.25	10.86	100	235
3	14	40	0	0	0	516.599737	283.644388	16.250892	10.857240	-1	###FLOW###
4	14	40	0	0	0	516.599737	283.644388	16.250892	10.857240	-1	###LINE###
5	14	40	0	0	0	516.60	283.64	16.25	10.86	100	203
3	14	41	0	0	0	610.199713	283.644388	16.250892	10.857240	-1	###FLOW###
4	14	41	0	0	0	610.199713	283.644388	16.250892	10.857240	-1	###LINE###
5	14	41	0	0	0	610.20	283.64	16.25	10.86	100	122
3	14	42	0	0	0	165.599921	299.124375	27.065334	10.857240	-1	###FLOW###
4	14	42	0	0	0	165.599921	299.124375	27.065334	10.857240	-1	###LINE###
5	14	42	0	0	0	165.60	299.12	27.07	10.86	100	Green
3	14	43	0	0	0	329.399847	299.124375	16.250892	10.857240	-1	###FLOW###
4	14	43	0	0	0	329.399847	299.124375	16.250892	10.857240	-1	###LINE###
5	14	43	0	0	0	329.40	299.12	16.25	10.86	100	129
3	14	44	0	0	0	428.399803	299.124375	10.833928	10.857240	-1	###FLOW###
4	14	44	0	0	0	428.399803	299.124375	10.833928	10.857240	-1	###LINE###
5	14	44	0	0	0	428.40	299.12	10.83	10.86	100	62
3	14	45	0	0	0	521.999749	299.124375	10.833928	10.857240	-1	###FLOW###
4	14	45	0	0	0	521.999749	299.124375	10.833928	10.857240	-1	###LINE###
5	14	45	0	0	0	522.00	299.12	10.83	10.86	100	77
3	14	46	0	0	0	615.599724	299.124375	10.833928	10.857240	-1	###FLOW###
4	14	46	0	0	0	615.599724	299.124375	10.833928	10.857240	-1	###LINE###
5	14	46	0	0	0	615.60	299.12	10.83	10.86	100	58
3	14	47	0	0	0	165.599921	314.484395	37.801835	10.857240	-1	###FLOW###
4	14	47	0	0	0	165.599921	314.484395	37.801835	10.857240	-1	###LINE###
5	14	47	0	0	0	165.60	314.48	37.80	10.86	100	Hancock
3	14	48	0	0	0	329.399847	314.484395	16.250892	10.857240	-1	###FLOW###
4	14	48	0	0	0	329.399847	314.484395	16.250892	10.857240	-1	###LINE###
5	14	48	0	0	0	329.40	314.48	16.25	10.86	100	322
3	14	49	0	0	0	422.999822	314.484395	16.250892	10.857240	-1	###FLOW###
4	14	49	0	0	0	422.999822	314.484395	16.250892	10.857240	-1	###LINE###
5	14	49	0	0	0	423.00	314.48	16.25	10.86	100	205
3	14	50	0	0	0	516.599737	314.484395	16.250892	10.857240	-1	###FLOW###
4	14	50	0	0	0	516.599737	314.484395	16.250892	10.857240	-1	###LINE###
5	14	50	0	0	0	516.60	314.48	16.25	10.86	100	193
3	14	51	0	0	0	610.199713	314.484395	16.250892	10.857240	-1	###FLOW###
4	14	51	0	0	0	610.199713	314.484395	16.250892	10.857240	-1	###LINE###
5	14	51	0	0	0	610.20	314.48	16.25	10.86	100	121
3	14	52	0	0	0	165.599921	329.964381	28.594945	10.857240	-1	###FLOW###
4	14	52	0	0	0	165.599921	329.964381	28.594945	10.857240	-1	###LINE###
5	14	52	0	0	0	165.60	329.96	28.59	10.86	100	Hardin
3	14	53	0	0	0	321.239860	329.964381	24.366595	10.857240	-1	###FLOW###
4	14	53	0	0	0	321.239860	329.964381	24.366595	10.857240	-1	###LINE###
5	14	53	0	0	0	321.24	329.96	24.37	10.86	100	2,830
3	14	54	0	0	0	414.839804	329.964381	24.366595	10.857240	-1	###FLOW###
4	14	54	0	0	0	414.839804	329.964381	24.366595	10.857240	-1	###LINE###
5	14	54	0	0	0	414.84	329.96	24.37	10.86	100	1,300
3	14	55	0	0	0	508.439780	329.964381	24.366595	10.857240	-1	###FLOW###
4	14	55	0	0	0	508.439780	329.964381	24.366595	10.857240	-1	###LINE###
5	14	55	0	0	0	508.44	329.96	24.37	10.86	100	1,043
3	14	56	0	0	0	602.039725	329.964381	24.366595	10.857240	-1	###FLOW###
4	14	56	0	0	0	602.039725	329.964381	24.366595	10.857240	-1	###LINE###
5	14	56	0	0	0	602.04	329.96	24.37	10.86	100	1,029
3	14	57	0	0	0	165.599921	345.324402	18.296868	10.857240	-1	###FLOW###
4	14	57	0	0	0	165.599921	345.324402	18.296868	10.857240	-1	###LINE###
5	14	57	0	0	0	165.60	345.32	18.30	10.86	100	Hart
3	14	58	0	0	0	329.399847	345.324402	16.250892	10.857240	-1	###FLOW###
4	14	58	0	0	0	329.399847	345.324402	16.250892	10.857240	-1	###LINE###
5	14	58	0	0	0	329.40	345.32	16.25	10.86	100	274
3	14	59	0	0	0	422.999822	345.324402	16.250892	10.857240	-1	###FLOW###
4	14	59	0	0	0	422.999822	345.324402	16.250892	10.857240	-1	###LINE###
5	14	59	0	0	0	423.00	345.32	16.25	10.86	100	227
3	14	60	0	0	0	516.599737	345.324402	16.250892	10.857240	-1	###FLOW###
4	14	60	0	0	0	516.599737	345.324402	16.250892	10.857240	-1	###LINE###
5	14	60	0	0	0	516.60	345.32	16.25	10.86	100	155
3	14	61	0	0	0	610.199713	345.324402	16.250892	10.857240	-1	###FLOW###
4	14	61	0	0	0	610.199713	345.324402	16.250892	10.857240	-1	###LINE###
5	14	61	0	0	0	610.20	345.32	16.25	10.86	100	157
3	14	62	0	0	0	321.239860	360.804373	24.366595	10.857240	-1	###FLOW###
4	14	62	0	0	0	321.239860	360.804373	24.366595	10.857240	-1	###LINE###
5	14	62	0	0	0	321.24	360.80	24.37	10.86	100	1,446
3	14	63	0	0	0	422.999822	360.804373	16.250892	10.857240	-1	###FLOW###
4	14	63	0	0	0	422.999822	360.804373	16.250892	10.857240	-1	###LINE###
5	14	63	0	0	0	423.00	360.80	16.25	10.86	100	423
3	14	64	0	0	0	516.599737	360.804373	16.250892	10.857240	-1	###FLOW###
4	14	64	0	0	0	516.599737	360.804373	16.250892	10.857240	-1	###LINE###
5	14	64	0	0	0	516.60	360.80	16.25	10.86	100	485
3	14	65	0	0	0	610.199713	360.804373	16.250892	10.857240	-1	###FLOW###
4	14	65	0	0	0	610.199713	360.804373	16.250892	10.857240	-1	###LINE###
5	14	65	0	0	0	610.20	360.80	16.25	10.86	100	688
3	14	66	0	0	0	329.399847	376.164393	16.250892	10.857240	-1	###FLOW###
4	14	66	0	0	0	329.399847	376.164393	16.250892	10.857240	-1	###LINE###
5	14	66	0	0	0	329.40	376.16	16.25	10.86	100	289
3	14	67	0	0	0	422.999822	376.164393	16.250892	10.857240	-1	###FLOW###
4	14	67	0	0	0	422.999822	376.164393	16.250892	10.857240	-1	###LINE###
5	14	67	0	0	0	423.00	376.16	16.25	10.86	100	185
3	14	68	0	0	0	516.599737	376.164393	16.250892	10.857240	-1	###FLOW###
4	14	68	0	0	0	516.599737	376.164393	16.250892	10.857240	-1	###LINE###
5	14	68	0	0	0	516.60	376.16	16.25	10.86	100	231
3	14	69	0	0	0	610.199713	376.164393	16.250892	10.857240	-1	###FLOW###
4	14	69	0	0	0	610.199713	376.164393	16.250892	10.857240	-1	###LINE###
5	14	69	0	0	0	610.20	376.16	16.25	10.86	100	182
3	14	70	0	0	0	165.599921	391.644379	27.084820	10.857240	-1	###FLOW###
4	14	70	0	0	0	165.599921	391.644379	27.084820	10.857240	-1	###LINE###
5	14	70	0	0	0	165.60	391.64	27.08	10.86	100	Logan
3	14	71	0	0	0	334.799859	391.644379	10.833928	10.857240	-1	###FLOW###
4	14	71	0	0	0	334.799859	391.644379	10.833928	10.857240	-1	###LINE###
5	14	71	0	0	0	334.80	391.64	10.83	10.86	100	42
3	14	72	0	0	0	428.399803	391.644379	10.833928	10.857240	-1	###FLOW###
4	14	72	0	0	0	428.399803	391.644379	10.833928	10.857240	-1	###LINE###
5	14	72	0	0	0	428.40	391.64	10.83	10.86	100	10
3	14	73	0	0	0	521.999749	391.644379	10.833928	10.857240	-1	###FLOW###
4	14	73	0	0	0	521.999749	391.644379	10.833928	10.857240	-1	###LINE###
5	14	73	0	0	0	522.00	391.64	10.83	10.86	100	28
3	14	74	0	0	0	615.599724	391.644379	10.833928	10.857240	-1	###FLOW###
4	14	74	0	0	0	615.599724	391.644379	10.833928	10.857240	-1	###LINE###
5	14	74	0	0	0	615.60	391.64	10.83	10.86	100	29
3	14	75	0	0	0	165.599921	407.004370	34.654930	10.857240	-1	###FLOW###
4	14	75	0	0	0	165.599921	407.004370	34.654930	10.857240	-1	###LINE###
5	14	75	0	0	0	165.60	407.00	34.65	10.86	100	McLean
3	14	76	0	0	0	329.399847	407.004370	16.250892	10.857240	-1	###FLOW###
4	14	76	0	0	0	329.399847	407.004370	16.250892	10.857240	-1	###LINE###
5	14	76	0	0	0	329.40	407.00	16.25	10.86	100	180
3	14	77	0	0	0	428.399803	407.004370	10.833928	10.857240	-1	###FLOW###
4	14	77	0	0	0	428.399803	407.004370	10.833928	10.857240	-1	###LINE###
5	14	77	0	0	0	428.40	407.00	10.83	10.86	100	64
3	14	78	0	0	0	516.599737	407.004370	16.250892	10.857240	-1	###FLOW###
4	14	78	0	0	0	516.599737	407.004370	16.250892	10.857240	-1	###LINE###
5	14	78	0	0	0	516.60	407.00	16.25	10.86	100	249
3	14	79	0	0	0	615.599724	407.004370	10.833928	10.857240	-1	###FLOW###
4	14	79	0	0	0	615.599724	407.004370	10.833928	10.857240	-1	###LINE###
5	14	79	0	0	0	615.60	407.00	10.83	10.86	100	62
3	14	80	0	0	0	165.599921	422.484386	29.686132	10.857240	-1	###FLOW###
4	14	80	0	0	0	165.599921	422.484386	29.686132	10.857240	-1	###LINE###
5	14	80	0	0	0	165.60	422.48	29.69	10.86	100	Meade
3	14	81	0	0	0	329.399847	422.484386	16.250892	10.857240	-1	###FLOW###
4	14	81	0	0	0	329.399847	422.484386	16.250892	10.857240	-1	###LINE###
5	14	81	0	0	0	329.40	422.48	16.25	10.86	100	587
3	14	82	0	0	0	422.999822	422.484386	16.250892	10.857240	-1	###FLOW###
4	14	82	0	0	0	422.999822	422.484386	16.250892	10.857240	-1	###LINE###
5	14	82	0	0	0	423.00	422.48	16.25	10.86	100	369
3	14	83	0	0	0	516.599737	422.484386	16.250892	10.857240	-1	###FLOW###
4	14	83	0	0	0	516.599737	422.484386	16.250892	10.857240	-1	###LINE###
5	14	83	0	0	0	516.60	422.48	16.25	10.86	100	262
3	14	84	0	0	0	610.199713	422.484386	16.250892	10.857240	-1	###FLOW###
4	14	84	0	0	0	610.199713	422.484386	16.250892	10.857240	-1	###LINE###
5	14	84	0	0	0	610.20	422.48	16.25	10.86	100	283
3	14	85	0	0	0	165.599921	437.844376	51.344245	10.857240	-1	###FLOW###
4	14	85	0	0	0	165.599921	437.844376	51.344245	10.857240	-1	###LINE###
5	14	85	0	0	0	165.60	437.84	51.34	10.86	100	Muhlenberg
3	14	86	0	0	0	329.399847	437.844376	16.250892	10.857240	-1	###FLOW###
4	14	86	0	0	0	329.399847	437.844376	16.250892	10.857240	-1	###LINE###
5	14	86	0	0	0	329.40	437.84	16.25	10.86	100	768
3	14	87	0	0	0	422.999822	437.844376	16.250892	10.857240	-1	###FLOW###
4	14	87	0	0	0	422.999822	437.844376	16.250892	10.857240	-1	###LINE###
5	14	87	0	0	0	423.00	437.84	16.25	10.86	100	309
3	14	88	0	0	0	516.599737	437.844376	16.250892	10.857240	-1	###FLOW###
4	14	88	0	0	0	516.599737	437.844376	16.250892	10.857240	-1	###LINE###
5	14	88	0	0	0	516.60	437.84	16.25	10.86	100	785
3	14	89	0	0	0	610.199713	437.844376	16.250892	10.857240	-1	###FLOW###
4	14	89	0	0	0	610.199713	437.844376	16.250892	10.857240	-1	###LINE###
5	14	89	0	0	0	610.20	437.84	16.25	10.86	100	351
3	14	90	0	0	0	165.599921	453.324392	30.221982	10.857240	-1	###FLOW###
4	14	90	0	0	0	165.599921	453.324392	30.221982	10.857240	-1	###LINE###
5	14	90	0	0	0	165.60	453.32	30.22	10.86	100	Nelson
3	14	91	0	0	0	329.399847	453.324392	16.250892	10.857240	-1	###FLOW###
4	14	91	0	0	0	329.399847	453.324392	16.250892	10.857240	-1	###LINE###
5	14	91	0	0	0	329.40	453.32	16.25	10.86	100	627
3	14	92	0	0	0	422.999822	453.324392	16.250892	10.857240	-1	###FLOW###
4	14	92	0	0	0	422.999822	453.324392	16.250892	10.857240	-1	###LINE###
5	14	92	0	0	0	423.00	453.32	16.25	10.86	100	432
3	14	93	0	0	0	516.599737	453.324392	16.250892	10.857240	-1	###FLOW###
4	14	93	0	0	0	516.599737	453.324392	16.250892	10.857240	-1	###LINE###
5	14	93	0	0	0	516.60	453.32	16.25	10.86	100	421
3	14	94	0	0	0	610.199713	453.324392	16.250892	10.857240	-1	###FLOW###
4	14	94	0	0	0	610.199713	453.324392	16.250892	10.857240	-1	###LINE###
5	14	94	0	0	0	610.20	453.32	16.25	10.86	100	208
3	14	95	0	0	0	165.599921	468.684383	20.566926	10.857240	-1	###FLOW###
4	14	95	0	0	0	165.599921	468.684383	20.566926	10.857240	-1	###LINE###
5	14	95	0	0	0	165.60	468.68	20.57	10.86	100	Ohio
3	14	96	0	0	0	329.399847	468.684383	16.250892	10.857240	-1	###FLOW###
4	14	96	0	0	0	329.399847	468.684383	16.250892	10.857240	-1	###LINE###
5	14	96	0	0	0	329.40	468.68	16.25	10.86	100	339
3	14	97	0	0	0	422.999822	468.684383	16.250892	10.857240	-1	###FLOW###
4	14	97	0	0	0	422.999822	468.684383	16.250892	10.857240	-1	###LINE###
5	14	97	0	0	0	423.00	468.68	16.25	10.86	100	132
3	14	98	0	0	0	516.599737	468.684383	16.250892	10.857240	-1	###FLOW###
4	14	98	0	0	0	516.599737	468.684383	16.250892	10.857240	-1	###LINE###
5	14	98	0	0	0	516.60	468.68	16.25	10.86	100	296
3	14	99	0	0	0	610.199713	468.684383	16.250892	10.857240	-1	###FLOW###
4	14	99	0	0	0	610.199713	468.684383	16.250892	10.857240	-1	###LINE###
5	14	99	0	0	0	610.20	468.68	16.25	10.86	100	136
3	14	100	0	0	0	165.599921	484.164399	32.453070	10.857240	-1	###FLOW###
4	14	100	0	0	0	165.599921	484.164399	32.453070	10.857240	-1	###LINE###
5	14	100	0	0	0	165.60	484.16	32.45	10.86	100	Warren
3	14	101	0	0	0	321.239860	484.164399	24.366595	10.857240	-1	###FLOW###
4	14	101	0	0	0	321.239860	484.164399	24.366595	10.857240	-1	###LINE###
5	14	101	0	0	0	321.24	484.16	24.37	10.86	100	2,845
3	14	102	0	0	0	414.839804	484.164399	24.366595	10.857240	-1	###FLOW###
4	14	102	0	0	0	414.839804	484.164399	24.366595	10.857240	-1	###LINE###
5	14	102	0	0	0	414.84	484.16	24.37	10.86	100	1,352
3	14	103	0	0	0	516.599737	484.164399	16.250892	10.857240	-1	###FLOW###
4	14	103	0	0	0	516.599737	484.164399	16.250892	10.857240	-1	###LINE###
5	14	103	0	0	0	516.60	484.16	16.25	10.86	100	832
3	14	104	0	0	0	602.039725	484.164399	24.366595	10.857240	-1	###FLOW###
4	14	104	0	0	0	602.039725	484.164399	24.366595	10.857240	-1	###LINE###
5	14	104	0	0	0	602.04	484.16	24.37	10.86	100	1,449
3	14	105	0	0	0	165.599921	499.884408	52.367233	10.857240	-1	###FLOW###
4	14	105	0	0	0	165.599921	499.884408	52.367233	10.857240	-1	###LINE###
5	14	105	0	0	0	165.60	499.88	23.12	10.86	100	Total
5	14	105	0	0	1	191.46	499.88	26.51	10.86	100	Votes
3	14	106	0	0	0	315.839848	499.884408	29.783559	10.857240	-1	###FLOW###
4	14	106	0	0	0	315.839848	499.884408	29.783559	10.857240	-1	###LINE###
5	14	106	0	0	0	315.84	499.88	29.78	10.86	100	16,330
3	14	107	0	0	0	414.839804	499.884408	24.366595	10.857240	-1	###FLOW###
4	14	107	0	0	0	414.839804	499.884408	24.366595	10.857240	-1	###LINE###
5	14	107	0	0	0	414.84	499.88	24.37	10.86	100	8,401
3	14	108	0	0	0	508.439780	499.884408	24.366595	10.857240	-1	###FLOW###
4	14	108	0	0	0	508.439780	499.884408	24.366595	10.857240	-1	###LINE###
5	14	108	0	0	0	508.44	499.88	24.37	10.86	100	8,254
3	14	109	0	0	0	602.039725	499.884408	24.366595	10.857240	-1	###FLOW###
4	14	109	0	0	0	602.039725	499.884408	24.366595	10.857240	-1	###LINE###
5	14	109	0	0	0	602.04	499.88	24.37	10.86	100	7,126
3	14	110	0	0	0	165.599921	360.804373	40.198549	10.857240	-1	###FLOW###
4	14	110	0	0	0	165.599921	360.804373	40.198549	10.857240	-1	###LINE###
5	14	110	0	0	0	165.60	360.80	40.20	10.86	100	Jefferson
3	14	110	1	0	0	165.599921	376.164393	24.912189	10.857240	-1	###FLOW###
4	14	110	1	0	0	165.599921	376.164393	24.912189	10.857240	-1	###LINE###
5	14	110	1	0	0	165.60	376.16	24.91	10.86	100	Larue
1	15	0	0	0	0	0.000000	0.000000	792.000000	612.000000	-1	###PAGE###
3	15	0	0	0	0	35.999984	54.115290	161.717484	13.404001	-1	###FLOW###
4	15	0	0	0	0	35.999984	54.115290	161.717484	13.404001	-1	###LINE###
5	15	0	0	0	0	36.00	54.12	89.61	13.40	100	Commonwealth
5	15	0	0	0	1	128.96	54.12	11.34	13.40	100	of
5	15	0	0	0	2	143.60	54.12	54.11	13.40	100	Kentucky
3	15	1	0	0	0	289.919866	54.115290	212.006871	13.404001	-1	###FLOW###
4	15	1	0	0	0	289.919866	54.115290	212.006871	13.404001	-1	###LINE###
5	15	1	0	0	0	289.92	54.12	44.08	13.40	100	Michael
5	15	1	0	0	1	337.41	54.12	12.68	13.40	100	G.
5	15	1	0	0	2	353.49	54.12	43.05	13.40	100	Adams,
5	15	1	0	0	3	399.93	54.12	54.93	13.40	100	Secretary
5	15	1	0	0	4	457.88	54.12	11.34	13.40	100	of
5	15	1	0	0	5	472.53	54.12	29.40	13.40	100	State
3	15	2	0	0	0	584.279730	54.115290	171.664703	13.404001	-1	###FLOW###
4	15	2	0	0	0	584.279730	54.115290	171.664703	13.404001	-1	###LINE###
5	15	2	0	0	0	584.28	54.12	26.75	13.40	100	2026
5	15	2	0	0	1	614.48	54.12	44.77	13.40	100	Primary
5	15	2	0	0	2	662.37	54.12	46.85	13.40	100	Election
5	15	2	0	0	3	712.52	54.12	43.42	13.40	100	Results
3	15	3	0	0	0	320.759853	111.955306	150.338924	41.003991	-1	###FLOW###
4	15	3	0	0	0	342.959846	111.955306	106.039520	13.404001	-1	###LINE###
5	15	3	0	0	0	342.96	111.96	16.69	13.40	100	US
5	15	3	0	0	1	362.96	111.96	86.04	13.40	100	Representative
4	15	3	0	1	0	320.759853	125.755316	150.338924	13.404001	-1	###LINE###
5	15	3	0	1	0	320.76	125.76	18.70	13.40	100	3rd
5	15	3	0	1	1	342.81	125.76	83.46	13.40	100	Congressional
5	15	3	0	1	2	429.69	125.76	41.41	13.40	100	District
4	15	3	0	2	0	347.039839	139.555296	98.197214	13.404001	-1	###LINE###
5	15	3	0	2	0	347.04	139.56	64.76	13.40	100	Republican
5	15	3	0	2	1	415.17	139.56	30.07	13.40	100	Party
3	15	3	1	0	0	287.519864	164.364412	58.144678	22.017245	-1	###FLOW###
4	15	3	1	0	0	289.439859	164.364412	56.127931	10.857240	-1	###LINE###
5	15	3	1	0	0	289.44	164.36	23.77	10.86	100	Maria
5	15	3	1	0	1	315.77	164.36	29.79	10.86	100	Teresa
4	15	3	1	1	0	287.519864	175.524417	58.144678	10.857240	-1	###LINE###
5	15	3	1	1	0	287.52	175.52	58.14	10.86	100	RODRIGUEZ
3	15	4	0	0	0	380.159827	164.364412	59.181888	22.017245	-1	###FLOW###
4	15	4	0	0	0	380.159827	164.364412	59.050753	10.857240	-1	###LINE###
5	15	4	0	0	0	380.16	164.36	24.81	10.86	100	David
5	15	4	0	0	1	407.69	164.36	31.52	10.86	100	Joseph
4	15	4	0	1	0	396.239829	175.524417	43.101886	10.857240	-1	###LINE###
5	15	4	0	1	0	396.24	175.52	43.10	10.86	100	NICHTER
3	15	5	0	0	0	491.999773	164.364412	40.833496	22.017245	-1	###FLOW###
4	15	5	0	0	0	505.319768	164.364412	27.513500	10.857240	-1	###LINE###
5	15	5	0	0	0	505.32	164.36	27.51	10.86	100	Daniel
4	15	5	0	1	0	491.999773	175.524417	40.802599	10.857240	-1	###LINE###
5	15	5	0	1	0	492.00	175.52	40.80	10.86	100	COBBLE
3	15	6	0	0	0	595.679701	164.364412	30.843454	22.017245	-1	###FLOW###
4	15	6	0	0	0	595.679701	164.364412	30.767576	10.857240	-1	###LINE###
5	15	6	0	0	0	595.68	164.36	30.77	10.86	100	Donald
4	15	6	0	1	0	606.959730	175.524417	19.563424	10.857240	-1	###LINE###
5	15	6	0	1	0	606.96	175.52	19.56	10.86	100	PAY
3	15	7	0	0	0	165.599921	191.124398	40.198549	10.857240	-1	###FLOW###
4	15	7	0	0	0	165.599921	191.124398	40.198549	10.857240	-1	###LINE###
5	15	7	0	0	0	165.60	191.12	40.20	10.86	100	Jefferson
3	15	8	0	0	0	315.839848	191.124398	29.783559	10.857240	-1	###FLOW###
4	15	8	0	0	0	315.839848	191.124398	29.783559	10.857240	-1	###LINE###
5	15	8	0	0	0	315.84	191.12	29.78	10.86	100	15,855
3	15	9	0	0	0	414.839804	191.124398	24.366595	10.857240	-1	###FLOW###
4	15	9	0	0	0	414.839804	191.124398	24.366595	10.857240	-1	###LINE###
5	15	9	0	0	0	414.84	191.12	24.37	10.86	100	6,807
3	15	10	0	0	0	508.439780	191.124398	24.366595	10.857240	-1	###FLOW###
4	15	10	0	0	0	508.439780	191.124398	24.366595	10.857240	-1	###LINE###
5	15	10	0	0	0	508.44	191.12	24.37	10.86	100	5,893
3	15	11	0	0	0	602.039725	191.124398	24.366595	10.857240	-1	###FLOW###
4	15	11	0	0	0	602.039725	191.124398	24.366595	10.857240	-1	###LINE###
5	15	11	0	0	0	602.04	191.12	24.37	10.86	100	4,313
3	15	12	0	0	0	165.599921	206.844407	52.367233	10.857240	-1	###FLOW###
4	15	12	0	0	0	165.599921	206.844407	52.367233	10.857240	-1	###LINE###
5	15	12	0	0	0	165.60	206.84	23.12	10.86	100	Total
5	15	12	0	0	1	191.46	206.84	26.51	10.86	100	Votes
3	15	13	0	0	0	315.839848	206.844407	29.783559	10.857240	-1	###FLOW###
4	15	13	0	0	0	315.839848	206.844407	29.783559	10.857240	-1	###LINE###
5	15	13	0	0	0	315.84	206.84	29.78	10.86	100	15,855
3	15	14	0	0	0	414.839804	206.844407	24.366595	10.857240	-1	###FLOW###
4	15	14	0	0	0	414.839804	206.844407	24.366595	10.857240	-1	###LINE###
5	15	14	0	0	0	414.84	206.84	24.37	10.86	100	6,807
3	15	15	0	0	0	508.439780	206.844407	24.366595	10.857240	-1	###FLOW###
4	15	15	0	0	0	508.439780	206.844407	24.366595	10.857240	-1	###LINE###
5	15	15	0	0	0	508.44	206.84	24.37	10.86	100	5,893
3	15	16	0	0	0	602.039725	206.844407	24.366595	10.857240	-1	###FLOW###
4	15	16	0	0	0	602.039725	206.844407	24.366595	10.857240	-1	###LINE###
5	15	16	0	0	0	602.04	206.84	24.37	10.86	100	4,313
1	16	0	0	0	0	0.000000	0.000000	792.000000	612.000000	-1	###PAGE###
3	16	0	0	0	0	35.999984	54.115290	161.717484	13.404001	-1	###FLOW###
4	16	0	0	0	0	35.999984	54.115290	161.717484	13.404001	-1	###LINE###
5	16	0	0	0	0	36.00	54.12	89.61	13.40	100	Commonwealth
5	16	0	0	0	1	128.96	54.12	11.34	13.40	100	of
5	16	0	0	0	2	143.60	54.12	54.11	13.40	100	Kentucky
3	16	1	0	0	0	289.919866	54.115290	212.006871	13.404001	-1	###FLOW###
4	16	1	0	0	0	289.919866	54.115290	212.006871	13.404001	-1	###LINE###
5	16	1	0	0	0	289.92	54.12	44.08	13.40	100	Michael
5	16	1	0	0	1	337.41	54.12	12.68	13.40	100	G.
5	16	1	0	0	2	353.49	54.12	43.05	13.40	100	Adams,
5	16	1	0	0	3	399.93	54.12	54.93	13.40	100	Secretary
5	16	1	0	0	4	457.88	54.12	11.34	13.40	100	of
5	16	1	0	0	5	472.53	54.12	29.40	13.40	100	State
3	16	2	0	0	0	584.279730	54.115290	171.664703	13.404001	-1	###FLOW###
4	16	2	0	0	0	584.279730	54.115290	171.664703	13.404001	-1	###LINE###
5	16	2	0	0	0	584.28	54.12	26.75	13.40	100	2026
5	16	2	0	0	1	614.48	54.12	44.77	13.40	100	Primary
5	16	2	0	0	2	662.37	54.12	46.85	13.40	100	Election
5	16	2	0	0	3	712.52	54.12	43.42	13.40	100	Results
3	16	3	0	0	0	321.119858	111.955306	149.617240	41.003991	-1	###FLOW###
4	16	3	0	0	0	342.959846	111.955306	106.039520	13.404001	-1	###LINE###
5	16	3	0	0	0	342.96	111.96	16.69	13.40	100	US
5	16	3	0	0	1	362.96	111.96	86.04	13.40	100	Representative
4	16	3	0	1	0	321.119858	125.755316	149.617240	13.404001	-1	###LINE###
5	16	3	0	1	0	321.12	125.76	18.03	13.40	100	4th
5	16	3	0	1	1	342.45	125.76	83.46	13.40	100	Congressional
5	16	3	0	1	2	429.32	125.76	41.41	13.40	100	District
4	16	3	0	2	0	347.039839	139.555296	98.197214	13.404001	-1	###LINE###
5	16	3	0	2	0	347.04	139.56	64.76	13.40	100	Republican
5	16	3	0	2	1	415.17	139.56	30.07	13.40	100	Party
3	16	3	1	0	0	390.119838	164.364412	49.171614	22.017245	-1	###FLOW###
4	16	3	1	0	0	427.319819	164.364412	11.905629	10.857240	-1	###LINE###
5	16	3	1	0	0	427.32	164.36	11.91	10.86	100	Ed
4	16	3	1	1	0	390.119838	175.524417	49.171614	10.857240	-1	###LINE###
5	16	3	1	1	0	390.12	175.52	49.17	10.86	100	GALLREIN
3	16	4	0	0	0	510.359775	164.364412	36.861030	22.017245	-1	###FLOW###
4	16	4	0	0	0	512.039767	164.364412	35.181038	10.857240	-1	###LINE###
5	16	4	0	0	0	512.04	164.36	35.18	10.86	100	Thomas
4	16	4	0	1	0	510.359775	175.524417	36.798333	10.857240	-1	###LINE###
5	16	4	0	1	0	510.36	175.52	36.80	10.86	100	MASSIE
3	16	5	0	0	0	244.799901	191.124398	28.156521	10.857240	-1	###FLOW###
4	16	5	0	0	0	244.799901	191.124398	28.156521	10.857240	-1	###LINE###
5	16	5	0	0	0	244.80	191.12	28.16	10.86	100	Boone
3	16	6	0	0	0	409.439824	191.124398	29.783559	10.857240	-1	###FLOW###
4	16	6	0	0	0	409.439824	191.124398	29.783559	10.857240	-1	###LINE###
5	16	6	0	0	0	409.44	191.12	29.78	10.86	100	10,947
3	16	7	0	0	0	522.839760	191.124398	24.366595	10.857240	-1	###FLOW###
4	16	7	0	0	0	522.839760	191.124398	24.366595	10.857240	-1	###LINE###
5	16	7	0	0	0	522.84	191.12	24.37	10.86	100	8,962
3	16	8	0	0	0	244.799901	206.604415	35.726631	10.857240	-1	###FLOW###
4	16	8	0	0	0	244.799901	206.604415	35.726631	10.857240	-1	###LINE###
5	16	8	0	0	0	244.80	206.60	35.73	10.86	100	Bracken
3	16	9	0	0	0	422.999822	206.604415	16.250892	10.857240	-1	###FLOW###
4	16	9	0	0	0	422.999822	206.604415	16.250892	10.857240	-1	###LINE###
5	16	9	0	0	0	423.00	206.60	16.25	10.86	100	657
3	16	10	0	0	0	530.999747	206.604415	16.250892	10.857240	-1	###FLOW###
4	16	10	0	0	0	530.999747	206.604415	16.250892	10.857240	-1	###LINE###
5	16	10	0	0	0	531.00	206.60	16.25	10.86	100	510
3	16	11	0	0	0	244.799901	221.964406	40.938998	10.857240	-1	###FLOW###
4	16	11	0	0	0	244.799901	221.964406	40.938998	10.857240	-1	###LINE###
5	16	11	0	0	0	244.80	221.96	40.94	10.86	100	Campbell
3	16	12	0	0	0	414.839804	221.964406	24.366595	10.857240	-1	###FLOW###
4	16	12	0	0	0	414.839804	221.964406	24.366595	10.857240	-1	###LINE###
5	16	12	0	0	0	414.84	221.96	24.37	10.86	100	6,584
3	16	13	0	0	0	522.839760	221.964406	24.366595	10.857240	-1	###FLOW###
4	16	13	0	0	0	522.839760	221.964406	24.366595	10.857240	-1	###LINE###
5	16	13	0	0	0	522.84	221.96	24.37	10.86	100	5,983
3	16	14	0	0	0	244.799901	237.444392	28.585202	10.857240	-1	###FLOW###
4	16	14	0	0	0	244.799901	237.444392	28.585202	10.857240	-1	###LINE###
5	16	14	0	0	0	244.80	237.44	28.59	10.86	100	Carroll
3	16	15	0	0	0	422.999822	237.444392	16.250892	10.857240	-1	###FLOW###
4	16	15	0	0	0	422.999822	237.444392	16.250892	10.857240	-1	###LINE###
5	16	15	0	0	0	423.00	237.44	16.25	10.86	100	557
3	16	16	0	0	0	530.999747	237.444392	16.250892	10.857240	-1	###FLOW###
4	16	16	0	0	0	530.999747	237.444392	16.250892	10.857240	-1	###LINE###
5	16	16	0	0	0	531.00	237.44	16.25	10.86	100	412
3	16	17	0	0	0	244.799901	252.804412	26.958164	10.857240	-1	###FLOW###
4	16	17	0	0	0	244.799901	252.804412	26.958164	10.857240	-1	###LINE###
5	16	17	0	0	0	244.80	252.80	26.96	10.86	100	Carter
3	16	18	0	0	0	422.999822	252.804412	16.250892	10.857240	-1	###FLOW###
4	16	18	0	0	0	422.999822	252.804412	16.250892	10.857240	-1	###LINE###
5	16	18	0	0	0	423.00	252.80	16.25	10.86	100	214
3	16	19	0	0	0	530.999747	252.804412	16.250892	10.857240	-1	###FLOW###
4	16	19	0	0	0	530.999747	252.804412	16.250892	10.857240	-1	###LINE###
5	16	19	0	0	0	531.00	252.80	16.25	10.86	100	116
3	16	20	0	0	0	244.799901	268.284398	33.008406	10.857240	-1	###FLOW###
4	16	20	0	0	0	244.799901	268.284398	33.008406	10.857240	-1	###LINE###
5	16	20	0	0	0	244.80	268.28	33.01	10.86	100	Gallatin
3	16	21	0	0	0	422.999822	268.284398	16.250892	10.857240	-1	###FLOW###
4	16	21	0	0	0	422.999822	268.284398	16.250892	10.857240	-1	###LINE###
5	16	21	0	0	0	423.00	268.28	16.25	10.86	100	663
3	16	22	0	0	0	530.999747	268.284398	16.250892	10.857240	-1	###FLOW###
4	16	22	0	0	0	530.999747	268.284398	16.250892	10.857240	-1	###LINE###
5	16	22	0	0	0	531.00	268.28	16.25	10.86	100	430
3	16	23	0	0	0	244.799901	283.644388	24.347110	10.857240	-1	###FLOW###
4	16	23	0	0	0	244.799901	283.644388	24.347110	10.857240	-1	###LINE###
5	16	23	0	0	0	244.80	283.64	24.35	10.86	100	Grant
3	16	24	0	0	0	414.839804	283.644388	24.366595	10.857240	-1	###FLOW###
4	16	24	0	0	0	414.839804	283.644388	24.366595	10.857240	-1	###LINE###
5	16	24	0	0	0	414.84	283.64	24.37	10.86	100	2,133
3	16	25	0	0	0	522.839760	283.644388	24.366595	10.857240	-1	###FLOW###
4	16	25	0	0	0	522.839760	283.644388	24.366595	10.857240	-1	###LINE###
5	16	25	0	0	0	522.84	283.64	24.37	10.86	100	1,340
3	16	26	0	0	0	244.799901	299.124375	37.899262	10.857240	-1	###FLOW###
4	16	26	0	0	0	244.799901	299.124375	37.899262	10.857240	-1	###LINE###
5	16	26	0	0	0	244.80	299.12	37.90	10.86	100	Greenup
3	16	27	0	0	0	414.839804	299.124375	24.366595	10.857240	-1	###FLOW###
4	16	27	0	0	0	414.839804	299.124375	24.366595	10.857240	-1	###LINE###
5	16	27	0	0	0	414.84	299.12	24.37	10.86	100	2,483
3	16	28	0	0	0	522.839760	299.124375	24.366595	10.857240	-1	###FLOW###
4	16	28	0	0	0	522.839760	299.124375	24.366595	10.857240	-1	###LINE###
5	16	28	0	0	0	522.84	299.12	24.37	10.86	100	1,668
3	16	29	0	0	0	244.799901	314.484395	36.710648	10.857240	-1	###FLOW###
4	16	29	0	0	0	244.799901	314.484395	36.710648	10.857240	-1	###LINE###
5	16	29	0	0	0	244.80	314.48	36.71	10.86	100	Harrison
3	16	30	0	0	0	414.839804	314.484395	24.366595	10.857240	-1	###FLOW###
4	16	30	0	0	0	414.839804	314.484395	24.366595	10.857240	-1	###LINE###
5	16	30	0	0	0	414.84	314.48	24.37	10.86	100	1,159
3	16	31	0	0	0	530.999747	314.484395	16.250892	10.857240	-1	###FLOW###
4	16	31	0	0	0	530.999747	314.484395	16.250892	10.857240	-1	###LINE###
5	16	31	0	0	0	531.00	314.48	16.25	10.86	100	898
3	16	32	0	0	0	244.799901	329.964381	25.886463	10.857240	-1	###FLOW###
4	16	32	0	0	0	244.799901	329.964381	25.886463	10.857240	-1	###LINE###
5	16	32	0	0	0	244.80	329.96	25.89	10.86	100	Henry
3	16	33	0	0	0	414.839804	329.964381	24.366595	10.857240	-1	###FLOW###
4	16	33	0	0	0	414.839804	329.964381	24.366595	10.857240	-1	###LINE###
5	16	33	0	0	0	414.84	329.96	24.37	10.86	100	1,336
3	16	34	0	0	0	530.999747	329.964381	16.250892	10.857240	-1	###FLOW###
4	16	34	0	0	0	530.999747	329.964381	16.250892	10.857240	-1	###LINE###
5	16	34	0	0	0	531.00	329.96	16.25	10.86	100	964
3	16	35	0	0	0	244.799901	345.324402	30.855261	10.857240	-1	###FLOW###
4	16	35	0	0	0	244.799901	345.324402	30.855261	10.857240	-1	###LINE###
5	16	35	0	0	0	244.80	345.32	30.86	10.86	100	Kenton
3	16	36	0	0	0	409.439824	345.324402	29.783559	10.857240	-1	###FLOW###
4	16	36	0	0	0	409.439824	345.324402	29.783559	10.857240	-1	###LINE###
5	16	36	0	0	0	409.44	345.32	29.78	10.86	100	10,542
3	16	37	0	0	0	522.839760	345.324402	24.366595	10.857240	-1	###FLOW###
4	16	37	0	0	0	522.839760	345.324402	24.366595	10.857240	-1	###LINE###
5	16	37	0	0	0	522.84	345.32	24.37	10.86	100	9,402
3	16	38	0	0	0	244.799901	360.804373	24.668620	10.857240	-1	###FLOW###
4	16	38	0	0	0	244.799901	360.804373	24.668620	10.857240	-1	###LINE###
5	16	38	0	0	0	244.80	360.80	24.67	10.86	100	Lewis
3	16	39	0	0	0	414.839804	360.804373	24.366595	10.857240	-1	###FLOW###
4	16	39	0	0	0	414.839804	360.804373	24.366595	10.857240	-1	###LINE###
5	16	39	0	0	0	414.84	360.80	24.37	10.86	100	1,061
3	16	40	0	0	0	522.839760	360.804373	24.366595	10.857240	-1	###FLOW###
4	16	40	0	0	0	522.839760	360.804373	24.366595	10.857240	-1	###LINE###
5	16	40	0	0	0	522.84	360.80	24.37	10.86	100	1,804
3	16	41	0	0	0	244.799901	376.164393	29.140538	10.857240	-1	###FLOW###
4	16	41	0	0	0	244.799901	376.164393	29.140538	10.857240	-1	###LINE###
5	16	41	0	0	0	244.80	376.16	29.14	10.86	100	Mason
3	16	42	0	0	0	414.839804	376.164393	24.366595	10.857240	-1	###FLOW###
4	16	42	0	0	0	414.839804	376.164393	24.366595	10.857240	-1	###LINE###
5	16	42	0	0	0	414.84	376.16	24.37	10.86	100	1,001
3	16	43	0	0	0	522.839760	376.164393	24.366595	10.857240	-1	###FLOW###
4	16	43	0	0	0	522.839760	376.164393	24.366595	10.857240	-1	###LINE###
5	16	43	0	0	0	522.84	376.16	24.37	10.86	100	1,034
3	16	44	0	0	0	244.799901	391.644379	30.221982	10.857240	-1	###FLOW###
4	16	44	0	0	0	244.799901	391.644379	30.221982	10.857240	-1	###LINE###
5	16	44	0	0	0	244.80	391.64	30.22	10.86	100	Nelson
3	16	45	0	0	0	414.839804	391.644379	24.366595	10.857240	-1	###FLOW###
4	16	45	0	0	0	414.839804	391.644379	24.366595	10.857240	-1	###LINE###
5	16	45	0	0	0	414.84	391.64	24.37	10.86	100	1,978
3	16	46	0	0	0	522.839760	391.644379	24.366595	10.857240	-1	###FLOW###
4	16	46	0	0	0	522.839760	391.644379	24.366595	10.857240	-1	###LINE###
5	16	46	0	0	0	522.84	391.64	24.37	10.86	100	1,223
3	16	47	0	0	0	244.799901	407.004370	34.099593	10.857240	-1	###FLOW###
4	16	47	0	0	0	244.799901	407.004370	34.099593	10.857240	-1	###LINE###
5	16	47	0	0	0	244.80	407.00	34.10	10.86	100	Oldham
3	16	48	0	0	0	414.839804	407.004370	24.366595	10.857240	-1	###FLOW###
4	16	48	0	0	0	414.839804	407.004370	24.366595	10.857240	-1	###LINE###
5	16	48	0	0	0	414.84	407.00	24.37	10.86	100	6,004
3	16	49	0	0	0	522.839760	407.004370	24.366595	10.857240	-1	###FLOW###
4	16	49	0	0	0	522.839760	407.004370	24.366595	10.857240	-1	###LINE###
5	16	49	0	0	0	522.84	407.00	24.37	10.86	100	5,470
3	16	50	0	0	0	244.799901	422.484386	25.233699	10.857240	-1	###FLOW###
4	16	50	0	0	0	244.799901	422.484386	25.233699	10.857240	-1	###LINE###
5	16	50	0	0	0	244.80	422.48	25.23	10.86	100	Owen
3	16	51	0	0	0	414.839804	422.484386	24.366595	10.857240	-1	###FLOW###
4	16	51	0	0	0	414.839804	422.484386	24.366595	10.857240	-1	###LINE###
5	16	51	0	0	0	414.84	422.48	24.37	10.86	100	1,155
3	16	52	0	0	0	530.999747	422.484386	16.250892	10.857240	-1	###FLOW###
4	16	52	0	0	0	530.999747	422.484386	16.250892	10.857240	-1	###LINE###
5	16	52	0	0	0	531.00	422.48	16.25	10.86	100	878
3	16	53	0	0	0	244.799901	437.844376	43.852077	10.857240	-1	###FLOW###
4	16	53	0	0	0	244.799901	437.844376	43.852077	10.857240	-1	###LINE###
5	16	53	0	0	0	244.80	437.84	43.85	10.86	100	Pendleton
3	16	54	0	0	0	414.839804	437.844376	24.366595	10.857240	-1	###FLOW###
4	16	54	0	0	0	414.839804	437.844376	24.366595	10.857240	-1	###LINE###
5	16	54	0	0	0	414.84	437.84	24.37	10.86	100	1,543
3	16	55	0	0	0	522.839760	437.844376	24.366595	10.857240	-1	###FLOW###
4	16	55	0	0	0	522.839760	437.844376	24.366595	10.857240	-1	###LINE###
5	16	55	0	0	0	522.84	437.84	24.37	10.86	100	1,134
3	16	56	0	0	0	244.799901	453.324392	44.836094	10.857240	-1	###FLOW###
4	16	56	0	0	0	244.799901	453.324392	44.836094	10.857240	-1	###LINE###
5	16	56	0	0	0	244.80	453.32	44.84	10.86	100	Robertson
3	16	57	0	0	0	422.999822	453.324392	16.250892	10.857240	-1	###FLOW###
4	16	57	0	0	0	422.999822	453.324392	16.250892	10.857240	-1	###LINE###
5	16	57	0	0	0	423.00	453.32	16.25	10.86	100	137
3	16	58	0	0	0	536.399759	453.324392	10.833928	10.857240	-1	###FLOW###
4	16	58	0	0	0	536.399759	453.324392	10.833928	10.857240	-1	###LINE###
5	16	58	0	0	0	536.40	453.32	10.83	10.86	100	91
3	16	59	0	0	0	244.799901	468.684383	29.773816	10.857240	-1	###FLOW###
4	16	59	0	0	0	244.799901	468.684383	29.773816	10.857240	-1	###LINE###
5	16	59	0	0	0	244.80	468.68	29.77	10.86	100	Shelby
3	16	60	0	0	0	414.839804	468.684383	24.366595	10.857240	-1	###FLOW###
4	16	60	0	0	0	414.839804	468.684383	24.366595	10.857240	-1	###LINE###
5	16	60	0	0	0	414.84	468.68	24.37	10.86	100	4,648
3	16	61	0	0	0	522.839760	468.684383	24.366595	10.857240	-1	###FLOW###
4	16	61	0	0	0	522.839760	468.684383	24.366595	10.857240	-1	###LINE###
5	16	61	0	0	0	522.84	468.68	24.37	10.86	100	3,387
3	16	62	0	0	0	244.799901	484.164399	36.272225	10.857240	-1	###FLOW###
4	16	62	0	0	0	244.799901	484.164399	36.272225	10.857240	-1	###LINE###
5	16	62	0	0	0	244.80	484.16	36.27	10.86	100	Spencer
3	16	63	0	0	0	414.839804	484.164399	24.366595	10.857240	-1	###FLOW###
4	16	63	0	0	0	414.839804	484.164399	24.366595	10.857240	-1	###LINE###
5	16	63	0	0	0	414.84	484.16	24.37	10.86	100	2,251
3	16	64	0	0	0	522.839760	484.164399	24.366595	10.857240	-1	###FLOW###
4	16	64	0	0	0	522.839760	484.164399	24.366595	10.857240	-1	###LINE###
5	16	64	0	0	0	522.84	484.16	24.37	10.86	100	1,312
3	16	65	0	0	0	244.799901	499.524389	32.462813	10.857240	-1	###FLOW###
4	16	65	0	0	0	244.799901	499.524389	32.462813	10.857240	-1	###LINE###
5	16	65	0	0	0	244.80	499.52	32.46	10.86	100	Trimble
3	16	66	0	0	0	422.999822	499.524389	16.250892	10.857240	-1	###FLOW###
4	16	66	0	0	0	422.999822	499.524389	16.250892	10.857240	-1	###LINE###
5	16	66	0	0	0	423.00	499.52	16.25	10.86	100	769
3	16	67	0	0	0	530.999747	499.524389	16.250892	10.857240	-1	###FLOW###
4	16	67	0	0	0	530.999747	499.524389	16.250892	10.857240	-1	###LINE###
5	16	67	0	0	0	531.00	499.52	16.25	10.86	100	521
3	16	68	0	0	0	409.439824	515.244398	29.783559	10.857240	-1	###FLOW###
4	16	68	0	0	0	409.439824	515.244398	29.783559	10.857240	-1	###LINE###
5	16	68	0	0	0	409.44	515.24	29.78	10.86	100	57,822
3	16	69	0	0	0	517.439748	515.244398	29.783559	10.857240	-1	###FLOW###
4	16	69	0	0	0	517.439748	515.244398	29.783559	10.857240	-1	###LINE###
5	16	69	0	0	0	517.44	515.24	29.78	10.86	100	47,539
3	16	70	0	0	0	244.799901	515.244398	52.367233	10.857240	-1	###FLOW###
4	16	70	0	0	0	244.799901	515.244398	52.367233	10.857240	-1	###LINE###
5	16	70	0	0	0	244.80	515.24	23.12	10.86	100	Total
5	16	70	0	0	1	270.66	515.24	26.51	10.86	100	Votes
1	17	0	0	0	0	0.000000	0.000000	792.000000	612.000000	-1	###PAGE###
3	17	0	0	0	0	35.999984	54.115290	161.717484	13.404001	-1	###FLOW###
4	17	0	0	0	0	35.999984	54.115290	161.717484	13.404001	-1	###LINE###
5	17	0	0	0	0	36.00	54.12	89.61	13.40	100	Commonwealth
5	17	0	0	0	1	128.96	54.12	11.34	13.40	100	of
5	17	0	0	0	2	143.60	54.12	54.11	13.40	100	Kentucky
3	17	1	0	0	0	289.919866	54.115290	212.006871	13.404001	-1	###FLOW###
4	17	1	0	0	0	289.919866	54.115290	212.006871	13.404001	-1	###LINE###
5	17	1	0	0	0	289.92	54.12	44.08	13.40	100	Michael
5	17	1	0	0	1	337.41	54.12	12.68	13.40	100	G.
5	17	1	0	0	2	353.49	54.12	43.05	13.40	100	Adams,
5	17	1	0	0	3	399.93	54.12	54.93	13.40	100	Secretary
5	17	1	0	0	4	457.88	54.12	11.34	13.40	100	of
5	17	1	0	0	5	472.53	54.12	29.40	13.40	100	State
3	17	2	0	0	0	584.279730	54.115290	171.664703	13.404001	-1	###FLOW###
4	17	2	0	0	0	584.279730	54.115290	171.664703	13.404001	-1	###LINE###
5	17	2	0	0	0	584.28	54.12	26.75	13.40	100	2026
5	17	2	0	0	1	614.48	54.12	44.77	13.40	100	Primary
5	17	2	0	0	2	662.37	54.12	46.85	13.40	100	Election
5	17	2	0	0	3	712.52	54.12	43.42	13.40	100	Results
3	17	3	0	0	0	321.119858	111.955306	149.617240	41.003991	-1	###FLOW###
4	17	3	0	0	0	342.959846	111.955306	106.039520	13.404001	-1	###LINE###
5	17	3	0	0	0	342.96	111.96	16.69	13.40	100	US
5	17	3	0	0	1	362.96	111.96	86.04	13.40	100	Representative
4	17	3	0	1	0	321.119858	125.755316	149.617240	13.404001	-1	###LINE###
5	17	3	0	1	0	321.12	125.76	18.03	13.40	100	4th
5	17	3	0	1	1	342.45	125.76	83.46	13.40	100	Congressional
5	17	3	0	1	2	429.32	125.76	41.41	13.40	100	District
4	17	3	0	2	0	346.679835	139.555296	98.918899	13.404001	-1	###LINE###
5	17	3	0	2	0	346.68	139.56	65.48	13.40	100	Democratic
5	17	3	0	2	1	415.53	139.56	30.07	13.40	100	Party
3	17	3	1	0	0	378.119830	164.364412	61.168732	22.017245	-1	###FLOW###
4	17	3	1	0	0	378.119830	164.364412	61.135700	10.857240	-1	###LINE###
5	17	3	1	0	0	378.12	164.36	32.92	10.86	100	Melissa
5	17	3	1	0	1	413.82	164.36	25.44	10.86	100	Claire
4	17	3	1	1	0	392.279837	175.524417	47.008725	10.857240	-1	###LINE###
5	17	3	1	1	0	392.28	175.52	47.01	10.86	100	STRANGE
3	17	4	0	0	0	486.959797	164.364412	60.271615	22.017245	-1	###FLOW###
4	17	4	0	0	0	486.959797	164.364412	60.190654	10.857240	-1	###LINE###
5	17	4	0	0	0	486.96	164.36	25.57	10.86	100	Jesse
5	17	4	0	0	1	515.21	164.36	31.94	10.86	100	Russell
4	17	4	0	1	0	504.119783	175.524417	43.111629	10.857240	-1	###LINE###
5	17	4	0	1	0	504.12	175.52	43.11	10.86	100	BREWER
3	17	5	0	0	0	244.799901	191.124398	28.156521	10.857240	-1	###FLOW###
4	17	5	0	0	0	244.799901	191.124398	28.156521	10.857240	-1	###LINE###
5	17	5	0	0	0	244.80	191.12	28.16	10.86	100	Boone
3	17	6	0	0	0	414.839804	191.124398	24.366595	10.857240	-1	###FLOW###
4	17	6	0	0	0	414.839804	191.124398	24.366595	10.857240	-1	###LINE###
5	17	6	0	0	0	414.84	191.12	24.37	10.86	100	4,001
3	17	7	0	0	0	522.839760	191.124398	24.366595	10.857240	-1	###FLOW###
4	17	7	0	0	0	522.839760	191.124398	24.366595	10.857240	-1	###LINE###
5	17	7	0	0	0	522.84	191.12	24.37	10.86	100	1,297
3	17	8	0	0	0	244.799901	206.604415	35.726631	10.857240	-1	###FLOW###
4	17	8	0	0	0	244.799901	206.604415	35.726631	10.857240	-1	###LINE###
5	17	8	0	0	0	244.80	206.60	35.73	10.86	100	Bracken
3	17	9	0	0	0	422.999822	206.604415	16.250892	10.857240	-1	###FLOW###
4	17	9	0	0	0	422.999822	206.604415	16.250892	10.857240	-1	###LINE###
5	17	9	0	0	0	423.00	206.60	16.25	10.86	100	381
3	17	10	0	0	0	530.999747	206.604415	16.250892	10.857240	-1	###FLOW###
4	17	10	0	0	0	530.999747	206.604415	16.250892	10.857240	-1	###LINE###
5	17	10	0	0	0	531.00	206.60	16.25	10.86	100	239
3	17	11	0	0	0	244.799901	221.964406	40.938998	10.857240	-1	###FLOW###
4	17	11	0	0	0	244.799901	221.964406	40.938998	10.857240	-1	###LINE###
5	17	11	0	0	0	244.80	221.96	40.94	10.86	100	Campbell
3	17	12	0	0	0	414.839804	221.964406	24.366595	10.857240	-1	###FLOW###
4	17	12	0	0	0	414.839804	221.964406	24.366595	10.857240	-1	###LINE###
5	17	12	0	0	0	414.84	221.96	24.37	10.86	100	4,724
3	17	13	0	0	0	522.839760	221.964406	24.366595	10.857240	-1	###FLOW###
4	17	13	0	0	0	522.839760	221.964406	24.366595	10.857240	-1	###LINE###
5	17	13	0	0	0	522.84	221.96	24.37	10.86	100	1,351
3	17	14	0	0	0	244.799901	237.444392	28.585202	10.857240	-1	###FLOW###
4	17	14	0	0	0	244.799901	237.444392	28.585202	10.857240	-1	###LINE###
5	17	14	0	0	0	244.80	237.44	28.59	10.86	100	Carroll
3	17	15	0	0	0	422.999822	237.444392	16.250892	10.857240	-1	###FLOW###
4	17	15	0	0	0	422.999822	237.444392	16.250892	10.857240	-1	###LINE###
5	17	15	0	0	0	423.00	237.44	16.25	10.86	100	375
3	17	16	0	0	0	530.999747	237.444392	16.250892	10.857240	-1	###FLOW###
4	17	16	0	0	0	530.999747	237.444392	16.250892	10.857240	-1	###LINE###
5	17	16	0	0	0	531.00	237.44	16.25	10.86	100	261
3	17	17	0	0	0	244.799901	252.804412	26.958164	10.857240	-1	###FLOW###
4	17	17	0	0	0	244.799901	252.804412	26.958164	10.857240	-1	###LINE###
5	17	17	0	0	0	244.80	252.80	26.96	10.86	100	Carter
3	17	18	0	0	0	428.399803	252.804412	10.833928	10.857240	-1	###FLOW###
4	17	18	0	0	0	428.399803	252.804412	10.833928	10.857240	-1	###LINE###
5	17	18	0	0	0	428.40	252.80	10.83	10.86	100	50
3	17	19	0	0	0	536.399759	252.804412	10.833928	10.857240	-1	###FLOW###
4	17	19	0	0	0	536.399759	252.804412	10.833928	10.857240	-1	###LINE###
5	17	19	0	0	0	536.40	252.80	10.83	10.86	100	44
3	17	20	0	0	0	244.799901	268.284398	33.008406	10.857240	-1	###FLOW###
4	17	20	0	0	0	244.799901	268.284398	33.008406	10.857240	-1	###LINE###
5	17	20	0	0	0	244.80	268.28	33.01	10.86	100	Gallatin
3	17	21	0	0	0	422.999822	268.284398	16.250892	10.857240	-1	###FLOW###
4	17	21	0	0	0	422.999822	268.284398	16.250892	10.857240	-1	###LINE###
5	17	21	0	0	0	423.00	268.28	16.25	10.86	100	191
3	17	22	0	0	0	530.999747	268.284398	16.250892	10.857240	-1	###FLOW###
4	17	22	0	0	0	530.999747	268.284398	16.250892	10.857240	-1	###LINE###
5	17	22	0	0	0	531.00	268.28	16.25	10.86	100	180
3	17	23	0	0	0	244.799901	283.644388	24.347110	10.857240	-1	###FLOW###
4	17	23	0	0	0	244.799901	283.644388	24.347110	10.857240	-1	###LINE###
5	17	23	0	0	0	244.80	283.64	24.35	10.86	100	Grant
3	17	24	0	0	0	422.999822	283.644388	16.250892	10.857240	-1	###FLOW###
4	17	24	0	0	0	422.999822	283.644388	16.250892	10.857240	-1	###LINE###
5	17	24	0	0	0	423.00	283.64	16.25	10.86	100	585
3	17	25	0	0	0	530.999747	283.644388	16.250892	10.857240	-1	###FLOW###
4	17	25	0	0	0	530.999747	283.644388	16.250892	10.857240	-1	###LINE###
5	17	25	0	0	0	531.00	283.64	16.25	10.86	100	343
3	17	26	0	0	0	244.799901	299.124375	37.899262	10.857240	-1	###FLOW###
4	17	26	0	0	0	244.799901	299.124375	37.899262	10.857240	-1	###LINE###
5	17	26	0	0	0	244.80	299.12	37.90	10.86	100	Greenup
3	17	27	0	0	0	422.999822	299.124375	16.250892	10.857240	-1	###FLOW###
4	17	27	0	0	0	422.999822	299.124375	16.250892	10.857240	-1	###LINE###
5	17	27	0	0	0	423.00	299.12	16.25	10.86	100	937
3	17	28	0	0	0	530.999747	299.124375	16.250892	10.857240	-1	###FLOW###
4	17	28	0	0	0	530.999747	299.124375	16.250892	10.857240	-1	###LINE###
5	17	28	0	0	0	531.00	299.12	16.25	10.86	100	662
3	17	29	0	0	0	244.799901	314.484395	36.710648	10.857240	-1	###FLOW###
4	17	29	0	0	0	244.799901	314.484395	36.710648	10.857240	-1	###LINE###
5	17	29	0	0	0	244.80	314.48	36.71	10.86	100	Harrison
3	17	30	0	0	0	422.999822	314.484395	16.250892	10.857240	-1	###FLOW###
4	17	30	0	0	0	422.999822	314.484395	16.250892	10.857240	-1	###LINE###
5	17	30	0	0	0	423.00	314.48	16.25	10.86	100	845
3	17	31	0	0	0	530.999747	314.484395	16.250892	10.857240	-1	###FLOW###
4	17	31	0	0	0	530.999747	314.484395	16.250892	10.857240	-1	###LINE###
5	17	31	0	0	0	531.00	314.48	16.25	10.86	100	513
3	17	32	0	0	0	244.799901	329.964381	25.886463	10.857240	-1	###FLOW###
4	17	32	0	0	0	244.799901	329.964381	25.886463	10.857240	-1	###LINE###
5	17	32	0	0	0	244.80	329.96	25.89	10.86	100	Henry
3	17	33	0	0	0	422.999822	329.964381	16.250892	10.857240	-1	###FLOW###
4	17	33	0	0	0	422.999822	329.964381	16.250892	10.857240	-1	###LINE###
5	17	33	0	0	0	423.00	329.96	16.25	10.86	100	647
3	17	34	0	0	0	530.999747	329.964381	16.250892	10.857240	-1	###FLOW###
4	17	34	0	0	0	530.999747	329.964381	16.250892	10.857240	-1	###LINE###
5	17	34	0	0	0	531.00	329.96	16.25	10.86	100	358
3	17	35	0	0	0	244.799901	345.324402	30.855261	10.857240	-1	###FLOW###
4	17	35	0	0	0	244.799901	345.324402	30.855261	10.857240	-1	###LINE###
5	17	35	0	0	0	244.80	345.32	30.86	10.86	100	Kenton
3	17	36	0	0	0	414.839804	345.324402	24.366595	10.857240	-1	###FLOW###
4	17	36	0	0	0	414.839804	345.324402	24.366595	10.857240	-1	###LINE###
5	17	36	0	0	0	414.84	345.32	24.37	10.86	100	7,002
3	17	37	0	0	0	522.839760	345.324402	24.366595	10.857240	-1	###FLOW###
4	17	37	0	0	0	522.839760	345.324402	24.366595	10.857240	-1	###LINE###
5	17	37	0	0	0	522.84	345.32	24.37	10.86	100	2,014
3	17	38	0	0	0	244.799901	360.804373	24.668620	10.857240	-1	###FLOW###
4	17	38	0	0	0	244.799901	360.804373	24.668620	10.857240	-1	###LINE###
5	17	38	0	0	0	244.80	360.80	24.67	10.86	100	Lewis
3	17	39	0	0	0	422.999822	360.804373	16.250892	10.857240	-1	###FLOW###
4	17	39	0	0	0	422.999822	360.804373	16.250892	10.857240	-1	###LINE###
5	17	39	0	0	0	423.00	360.80	16.25	10.86	100	135
3	17	40	0	0	0	536.399759	360.804373	10.833928	10.857240	-1	###FLOW###
4	17	40	0	0	0	536.399759	360.804373	10.833928	10.857240	-1	###LINE###
5	17	40	0	0	0	536.40	360.80	10.83	10.86	100	59
3	17	41	0	0	0	244.799901	376.164393	29.140538	10.857240	-1	###FLOW###
4	17	41	0	0	0	244.799901	376.164393	29.140538	10.857240	-1	###LINE###
5	17	41	0	0	0	244.80	376.16	29.14	10.86	100	Mason
3	17	42	0	0	0	422.999822	376.164393	16.250892	10.857240	-1	###FLOW###
4	17	42	0	0	0	422.999822	376.164393	16.250892	10.857240	-1	###LINE###
5	17	42	0	0	0	423.00	376.16	16.25	10.86	100	848
3	17	43	0	0	0	530.999747	376.164393	16.250892	10.857240	-1	###FLOW###
4	17	43	0	0	0	530.999747	376.164393	16.250892	10.857240	-1	###LINE###
5	17	43	0	0	0	531.00	376.16	16.25	10.86	100	458
3	17	44	0	0	0	244.799901	391.644379	30.221982	10.857240	-1	###FLOW###
4	17	44	0	0	0	244.799901	391.644379	30.221982	10.857240	-1	###LINE###
5	17	44	0	0	0	244.80	391.64	30.22	10.86	100	Nelson
3	17	45	0	0	0	414.839804	391.644379	24.366595	10.857240	-1	###FLOW###
4	17	45	0	0	0	414.839804	391.644379	24.366595	10.857240	-1	###LINE###
5	17	45	0	0	0	414.84	391.64	24.37	10.86	100	1,286
3	17	46	0	0	0	530.999747	391.644379	16.250892	10.857240	-1	###FLOW###
4	17	46	0	0	0	530.999747	391.644379	16.250892	10.857240	-1	###LINE###
5	17	46	0	0	0	531.00	391.64	16.25	10.86	100	607
3	17	47	0	0	0	244.799901	407.004370	34.099593	10.857240	-1	###FLOW###
4	17	47	0	0	0	244.799901	407.004370	34.099593	10.857240	-1	###LINE###
5	17	47	0	0	0	244.80	407.00	34.10	10.86	100	Oldham
3	17	48	0	0	0	414.839804	407.004370	24.366595	10.857240	-1	###FLOW###
4	17	48	0	0	0	414.839804	407.004370	24.366595	10.857240	-1	###LINE###
5	17	48	0	0	0	414.84	407.00	24.37	10.86	100	3,735
3	17	49	0	0	0	530.999747	407.004370	16.250892	10.857240	-1	###FLOW###
4	17	49	0	0	0	530.999747	407.004370	16.250892	10.857240	-1	###LINE###
5	17	49	0	0	0	531.00	407.00	16.25	10.86	100	974
3	17	50	0	0	0	244.799901	422.484386	25.233699	10.857240	-1	###FLOW###
4	17	50	0	0	0	244.799901	422.484386	25.233699	10.857240	-1	###LINE###
5	17	50	0	0	0	244.80	422.48	25.23	10.86	100	Owen
3	17	51	0	0	0	422.999822	422.484386	16.250892	10.857240	-1	###FLOW###
4	17	51	0	0	0	422.999822	422.484386	16.250892	10.857240	-1	###LINE###
5	17	51	0	0	0	423.00	422.48	16.25	10.86	100	347
3	17	52	0	0	0	530.999747	422.484386	16.250892	10.857240	-1	###FLOW###
4	17	52	0	0	0	530.999747	422.484386	16.250892	10.857240	-1	###LINE###
5	17	52	0	0	0	531.00	422.48	16.25	10.86	100	262
3	17	53	0	0	0	244.799901	437.844376	43.852077	10.857240	-1	###FLOW###
4	17	53	0	0	0	244.799901	437.844376	43.852077	10.857240	-1	###LINE###
5	17	53	0	0	0	244.80	437.84	43.85	10.86	100	Pendleton
3	17	54	0	0	0	422.999822	437.844376	16.250892	10.857240	-1	###FLOW###
4	17	54	0	0	0	422.999822	437.844376	16.250892	10.857240	-1	###LINE###
5	17	54	0	0	0	423.00	437.84	16.25	10.86	100	295
3	17	55	0	0	0	530.999747	437.844376	16.250892	10.857240	-1	###FLOW###
4	17	55	0	0	0	530.999747	437.844376	16.250892	10.857240	-1	###LINE###
5	17	55	0	0	0	531.00	437.84	16.25	10.86	100	247
3	17	56	0	0	0	244.799901	453.324392	44.836094	10.857240	-1	###FLOW###
4	17	56	0	0	0	244.799901	453.324392	44.836094	10.857240	-1	###LINE###
5	17	56	0	0	0	244.80	453.32	44.84	10.86	100	Robertson
3	17	57	0	0	0	422.999822	453.324392	16.250892	10.857240	-1	###FLOW###
4	17	57	0	0	0	422.999822	453.324392	16.250892	10.857240	-1	###LINE###
5	17	57	0	0	0	423.00	453.32	16.25	10.86	100	177
3	17	58	0	0	0	530.999747	453.324392	16.250892	10.857240	-1	###FLOW###
4	17	58	0	0	0	530.999747	453.324392	16.250892	10.857240	-1	###LINE###
5	17	58	0	0	0	531.00	453.32	16.25	10.86	100	142
3	17	59	0	0	0	244.799901	468.684383	29.773816	10.857240	-1	###FLOW###
4	17	59	0	0	0	244.799901	468.684383	29.773816	10.857240	-1	###LINE###
5	17	59	0	0	0	244.80	468.68	29.77	10.86	100	Shelby
3	17	60	0	0	0	414.839804	468.684383	24.366595	10.857240	-1	###FLOW###
4	17	60	0	0	0	414.839804	468.684383	24.366595	10.857240	-1	###LINE###
5	17	60	0	0	0	414.84	468.68	24.37	10.86	100	2,544
3	17	61	0	0	0	530.999747	468.684383	16.250892	10.857240	-1	###FLOW###
4	17	61	0	0	0	530.999747	468.684383	16.250892	10.857240	-1	###LINE###
5	17	61	0	0	0	531.00	468.68	16.25	10.86	100	843
3	17	62	0	0	0	244.799901	484.164399	36.272225	10.857240	-1	###FLOW###
4	17	62	0	0	0	244.799901	484.164399	36.272225	10.857240	-1	###LINE###
5	17	62	0	0	0	244.80	484.16	36.27	10.86	100	Spencer
3	17	63	0	0	0	422.999822	484.164399	16.250892	10.857240	-1	###FLOW###
4	17	63	0	0	0	422.999822	484.164399	16.250892	10.857240	-1	###LINE###
5	17	63	0	0	0	423.00	484.16	16.25	10.86	100	641
3	17	64	0	0	0	530.999747	484.164399	16.250892	10.857240	-1	###FLOW###
4	17	64	0	0	0	530.999747	484.164399	16.250892	10.857240	-1	###LINE###
5	17	64	0	0	0	531.00	484.16	16.25	10.86	100	330
3	17	65	0	0	0	244.799901	499.524389	32.462813	10.857240	-1	###FLOW###
4	17	65	0	0	0	244.799901	499.524389	32.462813	10.857240	-1	###LINE###
5	17	65	0	0	0	244.80	499.52	32.46	10.86	100	Trimble
3	17	66	0	0	0	422.999822	499.524389	16.250892	10.857240	-1	###FLOW###
4	17	66	0	0	0	422.999822	499.524389	16.250892	10.857240	-1	###LINE###
5	17	66	0	0	0	423.00	499.52	16.25	10.86	100	362
3	17	67	0	0	0	530.999747	499.524389	16.250892	10.857240	-1	###FLOW###
4	17	67	0	0	0	530.999747	499.524389	16.250892	10.857240	-1	###LINE###
5	17	67	0	0	0	531.00	499.52	16.25	10.86	100	277
3	17	68	0	0	0	409.439824	515.244398	29.783559	10.857240	-1	###FLOW###
4	17	68	0	0	0	409.439824	515.244398	29.783559	10.857240	-1	###LINE###
5	17	68	0	0	0	409.44	515.24	29.78	10.86	100	30,108
3	17	69	0	0	0	517.439748	515.244398	29.783559	10.857240	-1	###FLOW###
4	17	69	0	0	0	517.439748	515.244398	29.783559	10.857240	-1	###LINE###
5	17	69	0	0	0	517.44	515.24	29.78	10.86	100	11,461
3	17	70	0	0	0	244.799901	515.244398	52.367233	10.857240	-1	###FLOW###
4	17	70	0	0	0	244.799901	515.244398	52.367233	10.857240	-1	###LINE###
5	17	70	0	0	0	244.80	515.24	23.12	10.86	100	Total
5	17	70	0	0	1	270.66	515.24	26.51	10.86	100	Votes
1	18	0	0	0	0	0.000000	0.000000	792.000000	612.000000	-1	###PAGE###
3	18	0	0	0	0	35.999984	54.115290	161.717484	13.404001	-1	###FLOW###
4	18	0	0	0	0	35.999984	54.115290	161.717484	13.404001	-1	###LINE###
5	18	0	0	0	0	36.00	54.12	89.61	13.40	100	Commonwealth
5	18	0	0	0	1	128.96	54.12	11.34	13.40	100	of
5	18	0	0	0	2	143.60	54.12	54.11	13.40	100	Kentucky
3	18	1	0	0	0	289.919866	54.115290	212.006871	13.404001	-1	###FLOW###
4	18	1	0	0	0	289.919866	54.115290	212.006871	13.404001	-1	###LINE###
5	18	1	0	0	0	289.92	54.12	44.08	13.40	100	Michael
5	18	1	0	0	1	337.41	54.12	12.68	13.40	100	G.
5	18	1	0	0	2	353.49	54.12	43.05	13.40	100	Adams,
5	18	1	0	0	3	399.93	54.12	54.93	13.40	100	Secretary
5	18	1	0	0	4	457.88	54.12	11.34	13.40	100	of
5	18	1	0	0	5	472.53	54.12	29.40	13.40	100	State
3	18	2	0	0	0	584.279730	54.115290	171.664703	13.404001	-1	###FLOW###
4	18	2	0	0	0	584.279730	54.115290	171.664703	13.404001	-1	###LINE###
5	18	2	0	0	0	584.28	54.12	26.75	13.40	100	2026
5	18	2	0	0	1	614.48	54.12	44.77	13.40	100	Primary
5	18	2	0	0	2	662.37	54.12	46.85	13.40	100	Election
5	18	2	0	0	3	712.52	54.12	43.42	13.40	100	Results
3	18	3	0	0	0	321.119858	111.955306	149.617240	41.003991	-1	###FLOW###
4	18	3	0	0	0	342.959846	111.955306	106.039520	13.404001	-1	###LINE###
5	18	3	0	0	0	342.96	111.96	16.69	13.40	100	US
5	18	3	0	0	1	362.96	111.96	86.04	13.40	100	Representative
4	18	3	0	1	0	321.119858	125.755316	149.617240	13.404001	-1	###LINE###
5	18	3	0	1	0	321.12	125.76	18.03	13.40	100	5th
5	18	3	0	1	1	342.45	125.76	83.46	13.40	100	Congressional
5	18	3	0	1	2	429.32	125.76	41.41	13.40	100	District
4	18	3	0	2	0	347.039839	139.555296	98.197214	13.404001	-1	###LINE###
5	18	3	0	2	0	347.04	139.56	64.76	13.40	100	Republican
5	18	3	0	2	1	415.17	139.56	30.07	13.40	100	Party
3	18	3	1	0	0	256.799879	164.364412	42.088641	22.017245	-1	###FLOW###
4	18	3	1	0	0	284.279882	164.364412	14.516684	10.857240	-1	###LINE###
5	18	3	1	0	0	284.28	164.36	14.52	10.86	100	Hal
4	18	3	1	1	0	256.799879	175.524417	42.088641	10.857240	-1	###LINE###
5	18	3	1	1	0	256.80	175.52	42.09	10.86	100	ROGERS
3	18	4	0	0	0	362.279831	164.364412	30.280439	22.017245	-1	###FLOW###
4	18	4	0	0	0	368.039848	164.364412	24.356852	10.857240	-1	###LINE###
5	18	4	0	0	0	368.04	164.36	24.36	10.86	100	Kevin
4	18	4	0	1	0	362.279831	175.524417	30.280439	10.857240	-1	###LINE###
5	18	4	0	1	0	362.28	175.52	30.28	10.86	100	SMITH
3	18	5	0	0	0	445.679792	164.364412	40.450907	22.017245	-1	###FLOW###
4	18	5	0	0	0	445.679792	164.364412	40.334948	10.857240	-1	###LINE###
5	18	5	0	0	0	445.68	164.36	40.33	10.86	100	Benjamin
4	18	5	0	1	0	446.399801	175.524417	39.730898	10.857240	-1	###LINE###
5	18	5	0	1	0	446.40	175.52	39.73	10.86	100	HURLEY
3	18	6	0	0	0	517.319747	164.364412	62.421741	22.017245	-1	###FLOW###
4	18	6	0	0	0	530.399739	164.364412	49.142385	10.857240	-1	###LINE###
5	18	6	0	0	0	530.40	164.36	36.82	10.86	100	Brandon
5	18	6	0	0	1	569.81	164.36	9.73	10.86	100	R.
4	18	6	0	1	0	517.319747	175.524417	62.421741	10.857240	-1	###LINE###
5	18	6	0	1	0	517.32	175.52	62.42	10.86	100	MONHOLLEN
3	18	7	0	0	0	626.999694	164.364412	46.278020	22.017245	-1	###FLOW###
4	18	7	0	0	0	632.759710	164.364412	40.422632	10.857240	-1	###LINE###
5	18	7	0	0	0	632.76	164.36	21.65	10.86	100	Jerry
5	18	7	0	0	1	656.93	164.36	16.25	10.86	100	Lee
4	18	7	0	1	0	626.999694	175.524417	46.278020	10.857240	-1	###LINE###
5	18	7	0	1	0	627.00	175.52	46.28	10.86	100	SHELTON
3	18	8	0	0	0	118.799948	191.124398	20.021333	10.857240	-1	###FLOW###
4	18	8	0	0	0	118.799948	191.124398	20.021333	10.857240	-1	###LINE###
5	18	8	0	0	0	118.80	191.12	20.02	10.86	100	Bath
3	18	9	0	0	0	282.599859	191.124398	16.250892	10.857240	-1	###FLOW###
4	18	9	0	0	0	282.599859	191.124398	16.250892	10.857240	-1	###LINE###
5	18	9	0	0	0	282.60	191.12	16.25	10.86	100	441
3	18	10	0	0	0	381.599815	191.124398	10.833928	10.857240	-1	###FLOW###
4	18	10	0	0	0	381.599815	191.124398	10.833928	10.857240	-1	###LINE###
5	18	10	0	0	0	381.60	191.12	10.83	10.86	100	65
3	18	11	0	0	0	475.199791	191.124398	10.833928	10.857240	-1	###FLOW###
4	18	11	0	0	0	475.199791	191.124398	10.833928	10.857240	-1	###LINE###
5	18	11	0	0	0	475.20	191.12	10.83	10.86	100	49
3	18	12	0	0	0	568.799766	191.124398	10.833928	10.857240	-1	###FLOW###
4	18	12	0	0	0	568.799766	191.124398	10.833928	10.857240	-1	###LINE###
5	18	12	0	0	0	568.80	191.12	10.83	10.86	100	30
3	18	13	0	0	0	662.399681	191.124398	10.833928	10.857240	-1	###FLOW###
4	18	13	0	0	0	662.399681	191.124398	10.833928	10.857240	-1	###LINE###
5	18	13	0	0	0	662.40	191.12	10.83	10.86	100	30
3	18	14	0	0	0	118.799948	206.604415	16.231406	10.857240	-1	###FLOW###
4	18	14	0	0	0	118.799948	206.604415	16.231406	10.857240	-1	###LINE###
5	18	14	0	0	0	118.80	206.60	16.23	10.86	100	Bell
3	18	15	0	0	0	274.439872	206.604415	24.366595	10.857240	-1	###FLOW###
4	18	15	0	0	0	274.439872	206.604415	24.366595	10.857240	-1	###LINE###
5	18	15	0	0	0	274.44	206.60	24.37	10.86	100	3,800
3	18	16	0	0	0	376.199835	206.604415	16.250892	10.857240	-1	###FLOW###
4	18	16	0	0	0	376.199835	206.604415	16.250892	10.857240	-1	###LINE###
5	18	16	0	0	0	376.20	206.60	16.25	10.86	100	434
3	18	17	0	0	0	469.799810	206.604415	16.250892	10.857240	-1	###FLOW###
4	18	17	0	0	0	469.799810	206.604415	16.250892	10.857240	-1	###LINE###
5	18	17	0	0	0	469.80	206.60	16.25	10.86	100	140
3	18	18	0	0	0	563.399755	206.604415	16.250892	10.857240	-1	###FLOW###
4	18	18	0	0	0	563.399755	206.604415	16.250892	10.857240	-1	###LINE###
5	18	18	0	0	0	563.40	206.60	16.25	10.86	100	143
3	18	19	0	0	0	662.399681	206.604415	10.833928	10.857240	-1	###FLOW###
4	18	19	0	0	0	662.399681	206.604415	10.833928	10.857240	-1	###LINE###
5	18	19	0	0	0	662.40	206.60	10.83	10.86	100	69
3	18	20	0	0	0	118.799948	221.964406	21.969881	10.857240	-1	###FLOW###
4	18	20	0	0	0	118.799948	221.964406	21.969881	10.857240	-1	###LINE###
5	18	20	0	0	0	118.80	221.96	21.97	10.86	100	Boyd
3	18	21	0	0	0	274.439872	221.964406	24.366595	10.857240	-1	###FLOW###
4	18	21	0	0	0	274.439872	221.964406	24.366595	10.857240	-1	###LINE###
5	18	21	0	0	0	274.44	221.96	24.37	10.86	100	2,613
3	18	22	0	0	0	376.199835	221.964406	16.250892	10.857240	-1	###FLOW###
4	18	22	0	0	0	376.199835	221.964406	16.250892	10.857240	-1	###LINE###
5	18	22	0	0	0	376.20	221.96	16.25	10.86	100	863
3	18	23	0	0	0	469.799810	221.964406	16.250892	10.857240	-1	###FLOW###
4	18	23	0	0	0	469.799810	221.964406	16.250892	10.857240	-1	###LINE###
5	18	23	0	0	0	469.80	221.96	16.25	10.86	100	405
3	18	24	0	0	0	563.399755	221.964406	16.250892	10.857240	-1	###FLOW###
4	18	24	0	0	0	563.399755	221.964406	16.250892	10.857240	-1	###LINE###
5	18	24	0	0	0	563.40	221.96	16.25	10.86	100	151
3	18	25	0	0	0	656.999730	221.964406	16.250892	10.857240	-1	###FLOW###
4	18	25	0	0	0	656.999730	221.964406	16.250892	10.857240	-1	###LINE###
5	18	25	0	0	0	657.00	221.96	16.25	10.86	100	168
3	18	26	0	0	0	118.799948	237.444392	36.242996	10.857240	-1	###FLOW###
4	18	26	0	0	0	118.799948	237.444392	36.242996	10.857240	-1	###LINE###
5	18	26	0	0	0	118.80	237.44	36.24	10.86	100	Breathitt
3	18	27	0	0	0	282.599859	237.444392	16.250892	10.857240	-1	###FLOW###
4	18	27	0	0	0	282.599859	237.444392	16.250892	10.857240	-1	###LINE###
5	18	27	0	0	0	282.60	237.44	16.25	10.86	100	360
3	18	28	0	0	0	381.599815	237.444392	10.833928	10.857240	-1	###FLOW###
4	18	28	0	0	0	381.599815	237.444392	10.833928	10.857240	-1	###LINE###
5	18	28	0	0	0	381.60	237.44	10.83	10.86	100	62
3	18	29	0	0	0	475.199791	237.444392	10.833928	10.857240	-1	###FLOW###
4	18	29	0	0	0	475.199791	237.444392	10.833928	10.857240	-1	###LINE###
5	18	29	0	0	0	475.20	237.44	10.83	10.86	100	29
3	18	30	0	0	0	574.199717	237.444392	5.416964	10.857240	-1	###FLOW###
4	18	30	0	0	0	574.199717	237.444392	5.416964	10.857240	-1	###LINE###
5	18	30	0	0	0	574.20	237.44	5.42	10.86	100	9
3	18	31	0	0	0	662.399681	237.444392	10.833928	10.857240	-1	###FLOW###
4	18	31	0	0	0	662.399681	237.444392	10.833928	10.857240	-1	###LINE###
5	18	31	0	0	0	662.40	237.44	10.83	10.86	100	11
3	18	32	0	0	0	118.799948	252.804412	26.958164	10.857240	-1	###FLOW###
4	18	32	0	0	0	118.799948	252.804412	26.958164	10.857240	-1	###LINE###
5	18	32	0	0	0	118.80	252.80	26.96	10.86	100	Carter
3	18	33	0	0	0	274.439872	252.804412	24.366595	10.857240	-1	###FLOW###
4	18	33	0	0	0	274.439872	252.804412	24.366595	10.857240	-1	###LINE###
5	18	33	0	0	0	274.44	252.80	24.37	10.86	100	1,272
3	18	34	0	0	0	376.199835	252.804412	16.250892	10.857240	-1	###FLOW###
4	18	34	0	0	0	376.199835	252.804412	16.250892	10.857240	-1	###LINE###
5	18	34	0	0	0	376.20	252.80	16.25	10.86	100	145
3	18	35	0	0	0	469.799810	252.804412	16.250892	10.857240	-1	###FLOW###
4	18	35	0	0	0	469.799810	252.804412	16.250892	10.857240	-1	###LINE###
5	18	35	0	0	0	469.80	252.80	16.25	10.86	100	120
3	18	36	0	0	0	568.799766	252.804412	10.833928	10.857240	-1	###FLOW###
4	18	36	0	0	0	568.799766	252.804412	10.833928	10.857240	-1	###LINE###
5	18	36	0	0	0	568.80	252.80	10.83	10.86	100	63
3	18	37	0	0	0	662.399681	252.804412	10.833928	10.857240	-1	###FLOW###
4	18	37	0	0	0	662.399681	252.804412	10.833928	10.857240	-1	###LINE###
5	18	37	0	0	0	662.40	252.80	10.83	10.86	100	58
3	18	38	0	0	0	118.799948	268.284398	19.388055	10.857240	-1	###FLOW###
4	18	38	0	0	0	118.799948	268.284398	19.388055	10.857240	-1	###LINE###
5	18	38	0	0	0	118.80	268.28	19.39	10.86	100	Clay
3	18	39	0	0	0	274.439872	268.284398	24.366595	10.857240	-1	###FLOW###
4	18	39	0	0	0	274.439872	268.284398	24.366595	10.857240	-1	###LINE###
5	18	39	0	0	0	274.44	268.28	24.37	10.86	100	2,935
3	18	40	0	0	0	376.199835	268.284398	16.250892	10.857240	-1	###FLOW###
4	18	40	0	0	0	376.199835	268.284398	16.250892	10.857240	-1	###LINE###
5	18	40	0	0	0	376.20	268.28	16.25	10.86	100	809
3	18	41	0	0	0	469.799810	268.284398	16.250892	10.857240	-1	###FLOW###
4	18	41	0	0	0	469.799810	268.284398	16.250892	10.857240	-1	###LINE###
5	18	41	0	0	0	469.80	268.28	16.25	10.86	100	117
3	18	42	0	0	0	563.399755	268.284398	16.250892	10.857240	-1	###FLOW###
4	18	42	0	0	0	563.399755	268.284398	16.250892	10.857240	-1	###LINE###
5	18	42	0	0	0	563.40	268.28	16.25	10.86	100	106
3	18	43	0	0	0	662.399681	268.284398	10.833928	10.857240	-1	###FLOW###
4	18	43	0	0	0	662.399681	268.284398	10.833928	10.857240	-1	###LINE###
5	18	43	0	0	0	662.40	268.28	10.83	10.86	100	50
3	18	44	0	0	0	118.799948	283.644388	23.791773	10.857240	-1	###FLOW###
4	18	44	0	0	0	118.799948	283.644388	23.791773	10.857240	-1	###LINE###
5	18	44	0	0	0	118.80	283.64	23.79	10.86	100	Elliott
3	18	45	0	0	0	282.599859	283.644388	16.250892	10.857240	-1	###FLOW###
4	18	45	0	0	0	282.599859	283.644388	16.250892	10.857240	-1	###LINE###
5	18	45	0	0	0	282.60	283.64	16.25	10.86	100	162
3	18	46	0	0	0	381.599815	283.644388	10.833928	10.857240	-1	###FLOW###
4	18	46	0	0	0	381.599815	283.644388	10.833928	10.857240	-1	###LINE###
5	18	46	0	0	0	381.60	283.64	10.83	10.86	100	22
3	18	47	0	0	0	475.199791	283.644388	10.833928	10.857240	-1	###FLOW###
4	18	47	0	0	0	475.199791	283.644388	10.833928	10.857240	-1	###LINE###
5	18	47	0	0	0	475.20	283.64	10.83	10.86	100	17
3	18	48	0	0	0	568.799766	283.644388	10.833928	10.857240	-1	###FLOW###
4	18	48	0	0	0	568.799766	283.644388	10.833928	10.857240	-1	###LINE###
5	18	48	0	0	0	568.80	283.64	10.83	10.86	100	11
3	18	49	0	0	0	667.799692	283.644388	5.416964	10.857240	-1	###FLOW###
4	18	49	0	0	0	667.799692	283.644388	5.416964	10.857240	-1	###LINE###
5	18	49	0	0	0	667.80	283.64	5.42	10.86	100	4
3	18	50	0	0	0	118.799948	299.124375	23.528719	10.857240	-1	###FLOW###
4	18	50	0	0	0	118.799948	299.124375	23.528719	10.857240	-1	###LINE###
5	18	50	0	0	0	118.80	299.12	23.53	10.86	100	Floyd
3	18	51	0	0	0	274.439872	299.124375	24.366595	10.857240	-1	###FLOW###
4	18	51	0	0	0	274.439872	299.124375	24.366595	10.857240	-1	###LINE###
5	18	51	0	0	0	274.44	299.12	24.37	10.86	100	1,723
3	18	52	0	0	0	376.199835	299.124375	16.250892	10.857240	-1	###FLOW###
4	18	52	0	0	0	376.199835	299.124375	16.250892	10.857240	-1	###LINE###
5	18	52	0	0	0	376.20	299.12	16.25	10.86	100	168
3	18	53	0	0	0	469.799810	299.124375	16.250892	10.857240	-1	###FLOW###
4	18	53	0	0	0	469.799810	299.124375	16.250892	10.857240	-1	###LINE###
5	18	53	0	0	0	469.80	299.12	16.25	10.86	100	125
3	18	54	0	0	0	568.799766	299.124375	10.833928	10.857240	-1	###FLOW###
4	18	54	0	0	0	568.799766	299.124375	10.833928	10.857240	-1	###LINE###
5	18	54	0	0	0	568.80	299.12	10.83	10.86	100	71
3	18	55	0	0	0	662.399681	299.124375	10.833928	10.857240	-1	###FLOW###
4	18	55	0	0	0	662.399681	299.124375	10.833928	10.857240	-1	###LINE###
5	18	55	0	0	0	662.40	299.12	10.83	10.86	100	37
3	18	56	0	0	0	118.799948	314.484395	28.594945	10.857240	-1	###FLOW###
4	18	56	0	0	0	118.799948	314.484395	28.594945	10.857240	-1	###LINE###
5	18	56	0	0	0	118.80	314.48	28.59	10.86	100	Harlan
3	18	57	0	0	0	274.439872	314.484395	24.366595	10.857240	-1	###FLOW###
4	18	57	0	0	0	274.439872	314.484395	24.366595	10.857240	-1	###LINE###
5	18	57	0	0	0	274.44	314.48	24.37	10.86	100	3,554
3	18	58	0	0	0	376.199835	314.484395	16.250892	10.857240	-1	###FLOW###
4	18	58	0	0	0	376.199835	314.484395	16.250892	10.857240	-1	###LINE###
5	18	58	0	0	0	376.20	314.48	16.25	10.86	100	403
3	18	59	0	0	0	469.799810	314.484395	16.250892	10.857240	-1	###FLOW###
4	18	59	0	0	0	469.799810	314.484395	16.250892	10.857240	-1	###LINE###
5	18	59	0	0	0	469.80	314.48	16.25	10.86	100	200
3	18	60	0	0	0	563.399755	314.484395	16.250892	10.857240	-1	###FLOW###
4	18	60	0	0	0	563.399755	314.484395	16.250892	10.857240	-1	###LINE###
5	18	60	0	0	0	563.40	314.48	16.25	10.86	100	242
3	18	61	0	0	0	662.399681	314.484395	10.833928	10.857240	-1	###FLOW###
4	18	61	0	0	0	662.399681	314.484395	10.833928	10.857240	-1	###LINE###
5	18	61	0	0	0	662.40	314.48	10.83	10.86	100	81
3	18	62	0	0	0	118.799948	329.964381	35.863029	10.857240	-1	###FLOW###
4	18	62	0	0	0	118.799948	329.964381	35.863029	10.857240	-1	###LINE###
5	18	62	0	0	0	118.80	329.96	35.86	10.86	100	Jackson
3	18	63	0	0	0	274.439872	329.964381	24.366595	10.857240	-1	###FLOW###
4	18	63	0	0	0	274.439872	329.964381	24.366595	10.857240	-1	###LINE###
5	18	63	0	0	0	274.44	329.96	24.37	10.86	100	2,298
3	18	64	0	0	0	376.199835	329.964381	16.250892	10.857240	-1	###FLOW###
4	18	64	0	0	0	376.199835	329.964381	16.250892	10.857240	-1	###LINE###
5	18	64	0	0	0	376.20	329.96	16.25	10.86	100	305
3	18	65	0	0	0	469.799810	329.964381	16.250892	10.857240	-1	###FLOW###
4	18	65	0	0	0	469.799810	329.964381	16.250892	10.857240	-1	###LINE###
5	18	65	0	0	0	469.80	329.96	16.25	10.86	100	166
3	18	66	0	0	0	563.399755	329.964381	16.250892	10.857240	-1	###FLOW###
4	18	66	0	0	0	563.399755	329.964381	16.250892	10.857240	-1	###LINE###
5	18	66	0	0	0	563.40	329.96	16.25	10.86	100	100
3	18	67	0	0	0	662.399681	329.964381	10.833928	10.857240	-1	###FLOW###
4	18	67	0	0	0	662.399681	329.964381	10.833928	10.857240	-1	###LINE###
5	18	67	0	0	0	662.40	329.96	10.83	10.86	100	52
3	18	68	0	0	0	118.799948	345.324402	36.827561	10.857240	-1	###FLOW###
4	18	68	0	0	0	118.799948	345.324402	36.827561	10.857240	-1	###LINE###
5	18	68	0	0	0	118.80	345.32	36.83	10.86	100	Johnson
3	18	69	0	0	0	274.439872	345.324402	24.366595	10.857240	-1	###FLOW###
4	18	69	0	0	0	274.439872	345.324402	24.366595	10.857240	-1	###LINE###
5	18	69	0	0	0	274.44	345.32	24.37	10.86	100	3,344
3	18	70	0	0	0	376.199835	345.324402	16.250892	10.857240	-1	###FLOW###
4	18	70	0	0	0	376.199835	345.324402	16.250892	10.857240	-1	###LINE###
5	18	70	0	0	0	376.20	345.32	16.25	10.86	100	354
3	18	71	0	0	0	469.799810	345.324402	16.250892	10.857240	-1	###FLOW###
4	18	71	0	0	0	469.799810	345.324402	16.250892	10.857240	-1	###LINE###
5	18	71	0	0	0	469.80	345.32	16.25	10.86	100	174
3	18	72	0	0	0	563.399755	345.324402	16.250892	10.857240	-1	###FLOW###
4	18	72	0	0	0	563.399755	345.324402	16.250892	10.857240	-1	###LINE###
5	18	72	0	0	0	563.40	345.32	16.25	10.86	100	103
3	18	73	0	0	0	662.399681	345.324402	10.833928	10.857240	-1	###FLOW###
4	18	73	0	0	0	662.399681	345.324402	10.833928	10.857240	-1	###LINE###
5	18	73	0	0	0	662.40	345.32	10.83	10.86	100	61
3	18	74	0	0	0	118.799948	360.804373	22.720072	10.857240	-1	###FLOW###
4	18	74	0	0	0	118.799948	360.804373	22.720072	10.857240	-1	###LINE###
5	18	74	0	0	0	118.80	360.80	22.72	10.86	100	Knott
3	18	75	0	0	0	282.599859	360.804373	16.250892	10.857240	-1	###FLOW###
4	18	75	0	0	0	282.599859	360.804373	16.250892	10.857240	-1	###LINE###
5	18	75	0	0	0	282.60	360.80	16.25	10.86	100	558
3	18	76	0	0	0	381.599815	360.804373	10.833928	10.857240	-1	###FLOW###
4	18	76	0	0	0	381.599815	360.804373	10.833928	10.857240	-1	###LINE###
5	18	76	0	0	0	381.60	360.80	10.83	10.86	100	64
3	18	77	0	0	0	475.199791	360.804373	10.833928	10.857240	-1	###FLOW###
4	18	77	0	0	0	475.199791	360.804373	10.833928	10.857240	-1	###LINE###
5	18	77	0	0	0	475.20	360.80	10.83	10.86	100	43
3	18	78	0	0	0	568.799766	360.804373	10.833928	10.857240	-1	###FLOW###
4	18	78	0	0	0	568.799766	360.804373	10.833928	10.857240	-1	###LINE###
5	18	78	0	0	0	568.80	360.80	10.83	10.86	100	18
3	18	79	0	0	0	667.799692	360.804373	5.416964	10.857240	-1	###FLOW###
4	18	79	0	0	0	667.799692	360.804373	5.416964	10.857240	-1	###LINE###
5	18	79	0	0	0	667.80	360.80	5.42	10.86	100	8
3	18	80	0	0	0	118.799948	376.164393	22.193964	10.857240	-1	###FLOW###
4	18	80	0	0	0	118.799948	376.164393	22.193964	10.857240	-1	###LINE###
5	18	80	0	0	0	118.80	376.16	22.19	10.86	100	Knox
3	18	81	0	0	0	274.439872	376.164393	24.366595	10.857240	-1	###FLOW###
4	18	81	0	0	0	274.439872	376.164393	24.366595	10.857240	-1	###LINE###
5	18	81	0	0	0	274.44	376.16	24.37	10.86	100	4,899
3	18	82	0	0	0	376.199835	376.164393	16.250892	10.857240	-1	###FLOW###
4	18	82	0	0	0	376.199835	376.164393	16.250892	10.857240	-1	###LINE###
5	18	82	0	0	0	376.20	376.16	16.25	10.86	100	692
3	18	83	0	0	0	469.799810	376.164393	16.250892	10.857240	-1	###FLOW###
4	18	83	0	0	0	469.799810	376.164393	16.250892	10.857240	-1	###LINE###
5	18	83	0	0	0	469.80	376.16	16.25	10.86	100	183
3	18	84	0	0	0	563.399755	376.164393	16.250892	10.857240	-1	###FLOW###
4	18	84	0	0	0	563.399755	376.164393	16.250892	10.857240	-1	###LINE###
5	18	84	0	0	0	563.40	376.16	16.25	10.86	100	234
3	18	85	0	0	0	656.999730	376.164393	16.250892	10.857240	-1	###FLOW###
4	18	85	0	0	0	656.999730	376.164393	16.250892	10.857240	-1	###LINE###
5	18	85	0	0	0	657.00	376.16	16.25	10.86	100	112
3	18	86	0	0	0	118.799948	391.644379	27.075077	10.857240	-1	###FLOW###
4	18	86	0	0	0	118.799948	391.644379	27.075077	10.857240	-1	###LINE###
5	18	86	0	0	0	118.80	391.64	27.08	10.86	100	Laurel
3	18	87	0	0	0	274.439872	391.644379	24.366595	10.857240	-1	###FLOW###
4	18	87	0	0	0	274.439872	391.644379	24.366595	10.857240	-1	###LINE###
5	18	87	0	0	0	274.44	391.64	24.37	10.86	100	8,778
3	18	88	0	0	0	368.039848	391.644379	24.366595	10.857240	-1	###FLOW###
4	18	88	0	0	0	368.039848	391.644379	24.366595	10.857240	-1	###LINE###
5	18	88	0	0	0	368.04	391.64	24.37	10.86	100	2,003
3	18	89	0	0	0	469.799810	391.644379	16.250892	10.857240	-1	###FLOW###
4	18	89	0	0	0	469.799810	391.644379	16.250892	10.857240	-1	###LINE###
5	18	89	0	0	0	469.80	391.64	16.25	10.86	100	505
3	18	90	0	0	0	563.399755	391.644379	16.250892	10.857240	-1	###FLOW###
4	18	90	0	0	0	563.399755	391.644379	16.250892	10.857240	-1	###LINE###
5	18	90	0	0	0	563.40	391.64	16.25	10.86	100	670
3	18	91	0	0	0	656.999730	391.644379	16.250892	10.857240	-1	###FLOW###
4	18	91	0	0	0	656.999730	391.644379	16.250892	10.857240	-1	###LINE###
5	18	91	0	0	0	657.00	391.64	16.25	10.86	100	145
3	18	92	0	0	0	118.799948	407.004370	42.000956	10.857240	-1	###FLOW###
4	18	92	0	0	0	118.799948	407.004370	42.000956	10.857240	-1	###LINE###
5	18	92	0	0	0	118.80	407.00	42.00	10.86	100	Lawrence
3	18	93	0	0	0	274.439872	407.004370	24.366595	10.857240	-1	###FLOW###
4	18	93	0	0	0	274.439872	407.004370	24.366595	10.857240	-1	###LINE###
5	18	93	0	0	0	274.44	407.00	24.37	10.86	100	1,807
3	18	94	0	0	0	376.199835	407.004370	16.250892	10.857240	-1	###FLOW###
4	18	94	0	0	0	376.199835	407.004370	16.250892	10.857240	-1	###LINE###
5	18	94	0	0	0	376.20	407.00	16.25	10.86	100	253
3	18	95	0	0	0	469.799810	407.004370	16.250892	10.857240	-1	###FLOW###
4	18	95	0	0	0	469.799810	407.004370	16.250892	10.857240	-1	###LINE###
5	18	95	0	0	0	469.80	407.00	16.25	10.86	100	139
3	18	96	0	0	0	568.799766	407.004370	10.833928	10.857240	-1	###FLOW###
4	18	96	0	0	0	568.799766	407.004370	10.833928	10.857240	-1	###LINE###
5	18	96	0	0	0	568.80	407.00	10.83	10.86	100	75
3	18	97	0	0	0	662.399681	407.004370	10.833928	10.857240	-1	###FLOW###
4	18	97	0	0	0	662.399681	407.004370	10.833928	10.857240	-1	###LINE###
5	18	97	0	0	0	662.40	407.00	10.83	10.86	100	52
3	18	98	0	0	0	118.799948	422.484386	16.250892	10.857240	-1	###FLOW###
4	18	98	0	0	0	118.799948	422.484386	16.250892	10.857240	-1	###LINE###
5	18	98	0	0	0	118.80	422.48	16.25	10.86	100	Lee
3	18	99	0	0	0	274.439872	422.484386	24.366595	10.857240	-1	###FLOW###
4	18	99	0	0	0	274.439872	422.484386	24.366595	10.857240	-1	###LINE###
5	18	99	0	0	0	274.44	422.48	24.37	10.86	100	1,212
3	18	100	0	0	0	376.199835	422.484386	16.250892	10.857240	-1	###FLOW###
4	18	100	0	0	0	376.199835	422.484386	16.250892	10.857240	-1	###LINE###
5	18	100	0	0	0	376.20	422.48	16.25	10.86	100	217
3	18	101	0	0	0	475.199791	422.484386	10.833928	10.857240	-1	###FLOW###
4	18	101	0	0	0	475.199791	422.484386	10.833928	10.857240	-1	###LINE###
5	18	101	0	0	0	475.20	422.48	10.83	10.86	100	49
3	18	102	0	0	0	568.799766	422.484386	10.833928	10.857240	-1	###FLOW###
4	18	102	0	0	0	568.799766	422.484386	10.833928	10.857240	-1	###LINE###
5	18	102	0	0	0	568.80	422.48	10.83	10.86	100	41
3	18	103	0	0	0	662.399681	422.484386	10.833928	10.857240	-1	###FLOW###
4	18	103	0	0	0	662.399681	422.484386	10.833928	10.857240	-1	###LINE###
5	18	103	0	0	0	662.40	422.48	10.83	10.86	100	43
3	18	104	0	0	0	118.799948	437.844376	25.448039	10.857240	-1	###FLOW###
4	18	104	0	0	0	118.799948	437.844376	25.448039	10.857240	-1	###LINE###
5	18	104	0	0	0	118.80	437.84	25.45	10.86	100	Leslie
3	18	105	0	0	0	274.439872	437.844376	24.366595	10.857240	-1	###FLOW###
4	18	105	0	0	0	274.439872	437.844376	24.366595	10.857240	-1	###LINE###
5	18	105	0	0	0	274.44	437.84	24.37	10.86	100	1,794
3	18	106	0	0	0	376.199835	437.844376	16.250892	10.857240	-1	###FLOW###
4	18	106	0	0	0	376.199835	437.844376	16.250892	10.857240	-1	###LINE###
5	18	106	0	0	0	376.20	437.84	16.25	10.86	100	248
3	18	107	0	0	0	475.199791	437.844376	10.833928	10.857240	-1	###FLOW###
4	18	107	0	0	0	475.199791	437.844376	10.833928	10.857240	-1	###LINE###
5	18	107	0	0	0	475.20	437.84	10.83	10.86	100	60
3	18	108	0	0	0	568.799766	437.844376	10.833928	10.857240	-1	###FLOW###
4	18	108	0	0	0	568.799766	437.844376	10.833928	10.857240	-1	###LINE###
5	18	108	0	0	0	568.80	437.84	10.83	10.86	100	48
3	18	109	0	0	0	662.399681	437.844376	10.833928	10.857240	-1	###FLOW###
4	18	109	0	0	0	662.399681	437.844376	10.833928	10.857240	-1	###LINE###
5	18	109	0	0	0	662.40	437.84	10.83	10.86	100	35
3	18	110	0	0	0	118.799948	453.324392	32.482298	10.857240	-1	###FLOW###
4	18	110	0	0	0	118.799948	453.324392	32.482298	10.857240	-1	###LINE###
5	18	110	0	0	0	118.80	453.32	32.48	10.86	100	Letcher
3	18	111	0	0	0	274.439872	453.324392	24.366595	10.857240	-1	###FLOW###
4	18	111	0	0	0	274.439872	453.324392	24.366595	10.857240	-1	###LINE###
5	18	111	0	0	0	274.44	453.32	24.37	10.86	100	1,244
3	18	112	0	0	0	376.199835	453.324392	16.250892	10.857240	-1	###FLOW###
4	18	112	0	0	0	376.199835	453.324392	16.250892	10.857240	-1	###LINE###
5	18	112	0	0	0	376.20	453.32	16.25	10.86	100	244
3	18	113	0	0	0	469.799810	453.324392	16.250892	10.857240	-1	###FLOW###
4	18	113	0	0	0	469.799810	453.324392	16.250892	10.857240	-1	###LINE###
5	18	113	0	0	0	469.80	453.32	16.25	10.86	100	108
3	18	114	0	0	0	568.799766	453.324392	10.833928	10.857240	-1	###FLOW###
4	18	114	0	0	0	568.799766	453.324392	10.833928	10.857240	-1	###LINE###
5	18	114	0	0	0	568.80	453.32	10.83	10.86	100	64
3	18	115	0	0	0	662.399681	453.324392	10.833928	10.857240	-1	###FLOW###
4	18	115	0	0	0	662.399681	453.324392	10.833928	10.857240	-1	###LINE###
5	18	115	0	0	0	662.40	453.32	10.83	10.86	100	38
3	18	116	0	0	0	118.799948	468.684383	30.865003	10.857240	-1	###FLOW###
4	18	116	0	0	0	118.799948	468.684383	30.865003	10.857240	-1	###LINE###
5	18	116	0	0	0	118.80	468.68	30.87	10.86	100	Lincoln
3	18	117	0	0	0	274.439872	468.684383	24.366595	10.857240	-1	###FLOW###
4	18	117	0	0	0	274.439872	468.684383	24.366595	10.857240	-1	###LINE###
5	18	117	0	0	0	274.44	468.68	24.37	10.86	100	2,029
3	18	118	0	0	0	376.199835	468.684383	16.250892	10.857240	-1	###FLOW###
4	18	118	0	0	0	376.199835	468.684383	16.250892	10.857240	-1	###LINE###
5	18	118	0	0	0	376.20	468.68	16.25	10.86	100	264
3	18	119	0	0	0	469.799810	468.684383	16.250892	10.857240	-1	###FLOW###
4	18	119	0	0	0	469.799810	468.684383	16.250892	10.857240	-1	###LINE###
5	18	119	0	0	0	469.80	468.68	16.25	10.86	100	135
3	18	120	0	0	0	568.799766	468.684383	10.833928	10.857240	-1	###FLOW###
4	18	120	0	0	0	568.799766	468.684383	10.833928	10.857240	-1	###LINE###
5	18	120	0	0	0	568.80	468.68	10.83	10.86	100	67
3	18	121	0	0	0	656.999730	468.684383	16.250892	10.857240	-1	###FLOW###
4	18	121	0	0	0	656.999730	468.684383	16.250892	10.857240	-1	###LINE###
5	18	121	0	0	0	657.00	468.68	16.25	10.86	100	370
3	18	122	0	0	0	118.799948	484.164399	37.246499	10.857240	-1	###FLOW###
4	18	122	0	0	0	118.799948	484.164399	37.246499	10.857240	-1	###LINE###
5	18	122	0	0	0	118.80	484.16	37.25	10.86	100	Magoffin
3	18	123	0	0	0	274.439872	484.164399	24.366595	10.857240	-1	###FLOW###
4	18	123	0	0	0	274.439872	484.164399	24.366595	10.857240	-1	###LINE###
5	18	123	0	0	0	274.44	484.16	24.37	10.86	100	1,282
3	18	124	0	0	0	376.199835	484.164399	16.250892	10.857240	-1	###FLOW###
4	18	124	0	0	0	376.199835	484.164399	16.250892	10.857240	-1	###LINE###
5	18	124	0	0	0	376.20	484.16	16.25	10.86	100	158
3	18	125	0	0	0	475.199791	484.164399	10.833928	10.857240	-1	###FLOW###
4	18	125	0	0	0	475.199791	484.164399	10.833928	10.857240	-1	###LINE###
5	18	125	0	0	0	475.20	484.16	10.83	10.86	100	61
3	18	126	0	0	0	568.799766	484.164399	10.833928	10.857240	-1	###FLOW###
4	18	126	0	0	0	568.799766	484.164399	10.833928	10.857240	-1	###LINE###
5	18	126	0	0	0	568.80	484.16	10.83	10.86	100	37
3	18	127	0	0	0	662.399681	484.164399	10.833928	10.857240	-1	###FLOW###
4	18	127	0	0	0	662.399681	484.164399	10.833928	10.857240	-1	###LINE###
5	18	127	0	0	0	662.40	484.16	10.83	10.86	100	29
3	18	128	0	0	0	118.799948	499.524389	26.958164	10.857240	-1	###FLOW###
4	18	128	0	0	0	118.799948	499.524389	26.958164	10.857240	-1	###LINE###
5	18	128	0	0	0	118.80	499.52	26.96	10.86	100	Martin
3	18	129	0	0	0	274.439872	499.524389	24.366595	10.857240	-1	###FLOW###
4	18	129	0	0	0	274.439872	499.524389	24.366595	10.857240	-1	###LINE###
5	18	129	0	0	0	274.44	499.52	24.37	10.86	100	1,751
3	18	130	0	0	0	376.199835	499.524389	16.250892	10.857240	-1	###FLOW###
4	18	130	0	0	0	376.199835	499.524389	16.250892	10.857240	-1	###LINE###
5	18	130	0	0	0	376.20	499.52	16.25	10.86	100	227
3	18	131	0	0	0	469.799810	499.524389	16.250892	10.857240	-1	###FLOW###
4	18	131	0	0	0	469.799810	499.524389	16.250892	10.857240	-1	###LINE###
5	18	131	0	0	0	469.80	499.52	16.25	10.86	100	100
3	18	132	0	0	0	568.799766	499.524389	10.833928	10.857240	-1	###FLOW###
4	18	132	0	0	0	568.799766	499.524389	10.833928	10.857240	-1	###LINE###
5	18	132	0	0	0	568.80	499.52	10.83	10.86	100	42
3	18	133	0	0	0	662.399681	499.524389	10.833928	10.857240	-1	###FLOW###
4	18	133	0	0	0	662.399681	499.524389	10.833928	10.857240	-1	###LINE###
5	18	133	0	0	0	662.40	499.52	10.83	10.86	100	55
3	18	134	0	0	0	118.799948	515.004345	42.108126	10.857240	-1	###FLOW###
4	18	134	0	0	0	118.799948	515.004345	42.108126	10.857240	-1	###LINE###
5	18	134	0	0	0	118.80	515.00	42.11	10.86	100	McCreary
3	18	135	0	0	0	274.439872	515.004345	24.366595	10.857240	-1	###FLOW###
4	18	135	0	0	0	274.439872	515.004345	24.366595	10.857240	-1	###LINE###
5	18	135	0	0	0	274.44	515.00	24.37	10.86	100	2,366
3	18	136	0	0	0	376.199835	515.004345	16.250892	10.857240	-1	###FLOW###
4	18	136	0	0	0	376.199835	515.004345	16.250892	10.857240	-1	###LINE###
5	18	136	0	0	0	376.20	515.00	16.25	10.86	100	299
3	18	137	0	0	0	469.799810	515.004345	16.250892	10.857240	-1	###FLOW###
4	18	137	0	0	0	469.799810	515.004345	16.250892	10.857240	-1	###LINE###
5	18	137	0	0	0	469.80	515.00	16.25	10.86	100	116
3	18	138	0	0	0	568.799766	515.004345	10.833928	10.857240	-1	###FLOW###
4	18	138	0	0	0	568.799766	515.004345	10.833928	10.857240	-1	###LINE###
5	18	138	0	0	0	568.80	515.00	10.83	10.86	100	96
3	18	139	0	0	0	662.399681	515.004345	10.833928	10.857240	-1	###FLOW###
4	18	139	0	0	0	662.399681	515.004345	10.833928	10.857240	-1	###LINE###
5	18	139	0	0	0	662.40	515.00	10.83	10.86	100	70
3	18	140	0	0	0	118.799948	530.484362	34.547759	10.857240	-1	###FLOW###
4	18	140	0	0	0	118.799948	530.484362	34.547759	10.857240	-1	###LINE###
5	18	140	0	0	0	118.80	530.48	34.55	10.86	100	Menifee
3	18	141	0	0	0	282.599859	530.484362	16.250892	10.857240	-1	###FLOW###
4	18	141	0	0	0	282.599859	530.484362	16.250892	10.857240	-1	###LINE###
5	18	141	0	0	0	282.60	530.48	16.25	10.86	100	673
3	18	142	0	0	0	381.599815	530.484362	10.833928	10.857240	-1	###FLOW###
4	18	142	0	0	0	381.599815	530.484362	10.833928	10.857240	-1	###LINE###
5	18	142	0	0	0	381.60	530.48	10.83	10.86	100	60
3	18	143	0	0	0	475.199791	530.484362	10.833928	10.857240	-1	###FLOW###
4	18	143	0	0	0	475.199791	530.484362	10.833928	10.857240	-1	###LINE###
5	18	143	0	0	0	475.20	530.48	10.83	10.86	100	44
3	18	144	0	0	0	568.799766	530.484362	10.833928	10.857240	-1	###FLOW###
4	18	144	0	0	0	568.799766	530.484362	10.833928	10.857240	-1	###LINE###
5	18	144	0	0	0	568.80	530.48	10.83	10.86	100	41
3	18	145	0	0	0	662.399681	530.484362	10.833928	10.857240	-1	###FLOW###
4	18	145	0	0	0	662.399681	530.484362	10.833928	10.857240	-1	###LINE###
5	18	145	0	0	0	662.40	530.48	10.83	10.86	100	22
1	19	0	0	0	0	0.000000	0.000000	792.000000	612.000000	-1	###PAGE###
3	19	0	0	0	0	35.999984	54.115290	161.717484	13.404001	-1	###FLOW###
4	19	0	0	0	0	35.999984	54.115290	161.717484	13.404001	-1	###LINE###
5	19	0	0	0	0	36.00	54.12	89.61	13.40	100	Commonwealth
5	19	0	0	0	1	128.96	54.12	11.34	13.40	100	of
5	19	0	0	0	2	143.60	54.12	54.11	13.40	100	Kentucky
3	19	1	0	0	0	289.919866	54.115290	212.006871	13.404001	-1	###FLOW###
4	19	1	0	0	0	289.919866	54.115290	212.006871	13.404001	-1	###LINE###
5	19	1	0	0	0	289.92	54.12	44.08	13.40	100	Michael
5	19	1	0	0	1	337.41	54.12	12.68	13.40	100	G.
5	19	1	0	0	2	353.49	54.12	43.05	13.40	100	Adams,
5	19	1	0	0	3	399.93	54.12	54.93	13.40	100	Secretary
5	19	1	0	0	4	457.88	54.12	11.34	13.40	100	of
5	19	1	0	0	5	472.53	54.12	29.40	13.40	100	State
3	19	2	0	0	0	584.279730	54.115290	171.664703	13.404001	-1	###FLOW###
4	19	2	0	0	0	584.279730	54.115290	171.664703	13.404001	-1	###LINE###
5	19	2	0	0	0	584.28	54.12	26.75	13.40	100	2026
5	19	2	0	0	1	614.48	54.12	44.77	13.40	100	Primary
5	19	2	0	0	2	662.37	54.12	46.85	13.40	100	Election
5	19	2	0	0	3	712.52	54.12	43.42	13.40	100	Results
3	19	3	0	0	0	256.799879	89.964445	42.088641	22.017214	-1	###FLOW###
4	19	3	0	0	0	284.279882	89.964445	14.516684	10.857240	-1	###LINE###
5	19	3	0	0	0	284.28	89.96	14.52	10.86	100	Hal
4	19	3	0	1	0	256.799879	101.124419	42.088641	10.857240	-1	###LINE###
5	19	3	0	1	0	256.80	101.12	42.09	10.86	100	ROGERS
3	19	4	0	0	0	362.279831	89.964445	30.280439	22.017214	-1	###FLOW###
4	19	4	0	0	0	368.039848	89.964445	24.356852	10.857240	-1	###LINE###
5	19	4	0	0	0	368.04	89.96	24.36	10.86	100	Kevin
4	19	4	0	1	0	362.279831	101.124419	30.280439	10.857240	-1	###LINE###
5	19	4	0	1	0	362.28	101.12	30.28	10.86	100	SMITH
3	19	5	0	0	0	445.679792	89.964445	40.450907	22.017214	-1	###FLOW###
4	19	5	0	0	0	445.679792	89.964445	40.334948	10.857240	-1	###LINE###
5	19	5	0	0	0	445.68	89.96	40.33	10.86	100	Benjamin
4	19	5	0	1	0	446.399801	101.124419	39.730898	10.857240	-1	###LINE###
5	19	5	0	1	0	446.40	101.12	39.73	10.86	100	HURLEY
3	19	6	0	0	0	517.319747	89.964445	62.421741	22.017214	-1	###FLOW###
4	19	6	0	0	0	530.399739	89.964445	49.142385	10.857240	-1	###LINE###
5	19	6	0	0	0	530.40	89.96	36.82	10.86	100	Brandon
5	19	6	0	0	1	569.81	89.96	9.73	10.86	100	R.
4	19	6	0	1	0	517.319747	101.124419	62.421741	10.857240	-1	###LINE###
5	19	6	0	1	0	517.32	101.12	62.42	10.86	100	MONHOLLEN
3	19	7	0	0	0	626.999694	89.964445	46.278020	22.017214	-1	###FLOW###
4	19	7	0	0	0	632.759710	89.964445	40.422632	10.857240	-1	###LINE###
5	19	7	0	0	0	632.76	89.96	21.65	10.86	100	Jerry
5	19	7	0	0	1	656.93	89.96	16.25	10.86	100	Lee
4	19	7	0	1	0	626.999694	101.124419	46.278020	10.857240	-1	###LINE###
5	19	7	0	1	0	627.00	101.12	46.28	10.86	100	SHELTON
3	19	8	0	0	0	118.799948	116.964393	32.930464	10.857240	-1	###FLOW###
4	19	8	0	0	0	118.799948	116.964393	32.930464	10.857240	-1	###LINE###
5	19	8	0	0	0	118.80	116.96	32.93	10.86	100	Morgan
3	19	9	0	0	0	282.599859	116.964393	16.250892	10.857240	-1	###FLOW###
4	19	9	0	0	0	282.599859	116.964393	16.250892	10.857240	-1	###LINE###
5	19	9	0	0	0	282.60	116.96	16.25	10.86	100	845
3	19	10	0	0	0	376.199835	116.964393	16.250892	10.857240	-1	###FLOW###
4	19	10	0	0	0	376.199835	116.964393	16.250892	10.857240	-1	###LINE###
5	19	10	0	0	0	376.20	116.96	16.25	10.86	100	153
3	19	11	0	0	0	475.199791	116.964393	10.833928	10.857240	-1	###FLOW###
4	19	11	0	0	0	475.199791	116.964393	10.833928	10.857240	-1	###LINE###
5	19	11	0	0	0	475.20	116.96	10.83	10.86	100	39
3	19	12	0	0	0	568.799766	116.964393	10.833928	10.857240	-1	###FLOW###
4	19	12	0	0	0	568.799766	116.964393	10.833928	10.857240	-1	###LINE###
5	19	12	0	0	0	568.80	116.96	10.83	10.86	100	31
3	19	13	0	0	0	662.399681	116.964393	10.833928	10.857240	-1	###FLOW###
4	19	13	0	0	0	662.399681	116.964393	10.833928	10.857240	-1	###LINE###
5	19	13	0	0	0	662.40	116.96	10.83	10.86	100	13
3	19	14	0	0	0	118.799948	132.324413	31.722365	10.857240	-1	###FLOW###
4	19	14	0	0	0	118.799948	132.324413	31.722365	10.857240	-1	###LINE###
5	19	14	0	0	0	118.80	132.32	31.72	10.86	100	Owsley
3	19	15	0	0	0	274.439872	132.324413	24.366595	10.857240	-1	###FLOW###
4	19	15	0	0	0	274.439872	132.324413	24.366595	10.857240	-1	###LINE###
5	19	15	0	0	0	274.44	132.32	24.37	10.86	100	1,067
3	19	16	0	0	0	376.199835	132.324413	16.250892	10.857240	-1	###FLOW###
4	19	16	0	0	0	376.199835	132.324413	16.250892	10.857240	-1	###LINE###
5	19	16	0	0	0	376.20	132.32	16.25	10.86	100	123
3	19	17	0	0	0	475.199791	132.324413	10.833928	10.857240	-1	###FLOW###
4	19	17	0	0	0	475.199791	132.324413	10.833928	10.857240	-1	###LINE###
5	19	17	0	0	0	475.20	132.32	10.83	10.86	100	43
3	19	18	0	0	0	568.799766	132.324413	10.833928	10.857240	-1	###FLOW###
4	19	18	0	0	0	568.799766	132.324413	10.833928	10.857240	-1	###LINE###
5	19	18	0	0	0	568.80	132.32	10.83	10.86	100	35
3	19	19	0	0	0	662.399681	132.324413	10.833928	10.857240	-1	###FLOW###
4	19	19	0	0	0	662.399681	132.324413	10.833928	10.857240	-1	###LINE###
5	19	19	0	0	0	662.40	132.32	10.83	10.86	100	43
3	19	20	0	0	0	118.799948	147.804399	23.265665	10.857240	-1	###FLOW###
4	19	20	0	0	0	118.799948	147.804399	23.265665	10.857240	-1	###LINE###
5	19	20	0	0	0	118.80	147.80	23.27	10.86	100	Perry
3	19	21	0	0	0	274.439872	147.804399	24.366595	10.857240	-1	###FLOW###
4	19	21	0	0	0	274.439872	147.804399	24.366595	10.857240	-1	###LINE###
5	19	21	0	0	0	274.44	147.80	24.37	10.86	100	1,803
3	19	22	0	0	0	376.199835	147.804399	16.250892	10.857240	-1	###FLOW###
4	19	22	0	0	0	376.199835	147.804399	16.250892	10.857240	-1	###LINE###
5	19	22	0	0	0	376.20	147.80	16.25	10.86	100	221
3	19	23	0	0	0	469.799810	147.804399	16.250892	10.857240	-1	###FLOW###
4	19	23	0	0	0	469.799810	147.804399	16.250892	10.857240	-1	###LINE###
5	19	23	0	0	0	469.80	147.80	16.25	10.86	100	119
3	19	24	0	0	0	568.799766	147.804399	10.833928	10.857240	-1	###FLOW###
4	19	24	0	0	0	568.799766	147.804399	10.833928	10.857240	-1	###LINE###
5	19	24	0	0	0	568.80	147.80	10.83	10.86	100	48
3	19	25	0	0	0	662.399681	147.804399	10.833928	10.857240	-1	###FLOW###
4	19	25	0	0	0	662.399681	147.804399	10.833928	10.857240	-1	###LINE###
5	19	25	0	0	0	662.40	147.80	10.83	10.86	100	26
3	19	26	0	0	0	118.799948	163.164390	18.939888	10.857240	-1	###FLOW###
4	19	26	0	0	0	118.799948	163.164390	18.939888	10.857240	-1	###LINE###
5	19	26	0	0	0	118.80	163.16	18.94	10.86	100	Pike
3	19	27	0	0	0	274.439872	163.164390	24.366595	10.857240	-1	###FLOW###
4	19	27	0	0	0	274.439872	163.164390	24.366595	10.857240	-1	###LINE###
5	19	27	0	0	0	274.44	163.16	24.37	10.86	100	4,336
3	19	28	0	0	0	376.199835	163.164390	16.250892	10.857240	-1	###FLOW###
4	19	28	0	0	0	376.199835	163.164390	16.250892	10.857240	-1	###LINE###
5	19	28	0	0	0	376.20	163.16	16.25	10.86	100	508
3	19	29	0	0	0	461.639792	163.164390	24.366595	10.857240	-1	###FLOW###
4	19	29	0	0	0	461.639792	163.164390	24.366595	10.857240	-1	###LINE###
5	19	29	0	0	0	461.64	163.16	24.37	10.86	100	1,072
3	19	30	0	0	0	568.799766	163.164390	10.833928	10.857240	-1	###FLOW###
4	19	30	0	0	0	568.799766	163.164390	10.833928	10.857240	-1	###LINE###
5	19	30	0	0	0	568.80	163.16	10.83	10.86	100	99
3	19	31	0	0	0	662.399681	163.164390	10.833928	10.857240	-1	###FLOW###
4	19	31	0	0	0	662.399681	163.164390	10.833928	10.857240	-1	###LINE###
5	19	31	0	0	0	662.40	163.16	10.83	10.86	100	84
3	19	32	0	0	0	118.799948	178.644407	31.391111	10.857240	-1	###FLOW###
4	19	32	0	0	0	118.799948	178.644407	31.391111	10.857240	-1	###LINE###
5	19	32	0	0	0	118.80	178.64	31.39	10.86	100	Pulaski
3	19	33	0	0	0	269.039890	178.644407	29.783559	10.857240	-1	###FLOW###
4	19	33	0	0	0	269.039890	178.644407	29.783559	10.857240	-1	###LINE###
5	19	33	0	0	0	269.04	178.64	29.78	10.86	100	10,605
3	19	34	0	0	0	368.039848	178.644407	24.366595	10.857240	-1	###FLOW###
4	19	34	0	0	0	368.039848	178.644407	24.366595	10.857240	-1	###LINE###
5	19	34	0	0	0	368.04	178.64	24.37	10.86	100	1,375
3	19	35	0	0	0	469.799810	178.644407	16.250892	10.857240	-1	###FLOW###
4	19	35	0	0	0	469.799810	178.644407	16.250892	10.857240	-1	###LINE###
5	19	35	0	0	0	469.80	178.64	16.25	10.86	100	627
3	19	36	0	0	0	563.399755	178.644407	16.250892	10.857240	-1	###FLOW###
4	19	36	0	0	0	563.399755	178.644407	16.250892	10.857240	-1	###LINE###
5	19	36	0	0	0	563.40	178.64	16.25	10.86	100	289
3	19	37	0	0	0	656.999730	178.644407	16.250892	10.857240	-1	###FLOW###
4	19	37	0	0	0	656.999730	178.644407	16.250892	10.857240	-1	###LINE###
5	19	37	0	0	0	657.00	178.64	16.25	10.86	100	264
3	19	38	0	0	0	118.799948	194.004396	47.778402	10.857240	-1	###FLOW###
4	19	38	0	0	0	118.799948	194.004396	47.778402	10.857240	-1	###LINE###
5	19	38	0	0	0	118.80	194.00	47.78	10.86	100	Rockcastle
3	19	39	0	0	0	274.439872	194.004396	24.366595	10.857240	-1	###FLOW###
4	19	39	0	0	0	274.439872	194.004396	24.366595	10.857240	-1	###LINE###
5	19	39	0	0	0	274.44	194.00	24.37	10.86	100	3,016
3	19	40	0	0	0	376.199835	194.004396	16.250892	10.857240	-1	###FLOW###
4	19	40	0	0	0	376.199835	194.004396	16.250892	10.857240	-1	###LINE###
5	19	40	0	0	0	376.20	194.00	16.25	10.86	100	302
3	19	41	0	0	0	469.799810	194.004396	16.250892	10.857240	-1	###FLOW###
4	19	41	0	0	0	469.799810	194.004396	16.250892	10.857240	-1	###LINE###
5	19	41	0	0	0	469.80	194.00	16.25	10.86	100	117
3	19	42	0	0	0	568.799766	194.004396	10.833928	10.857240	-1	###FLOW###
4	19	42	0	0	0	568.799766	194.004396	10.833928	10.857240	-1	###LINE###
5	19	42	0	0	0	568.80	194.00	10.83	10.86	100	83
3	19	43	0	0	0	656.999730	194.004396	16.250892	10.857240	-1	###FLOW###
4	19	43	0	0	0	656.999730	194.004396	16.250892	10.857240	-1	###LINE###
5	19	43	0	0	0	657.00	194.00	16.25	10.86	100	182
3	19	44	0	0	0	118.799948	209.484413	30.027128	10.857240	-1	###FLOW###
4	19	44	0	0	0	118.799948	209.484413	30.027128	10.857240	-1	###LINE###
5	19	44	0	0	0	118.80	209.48	30.03	10.86	100	Rowan
3	19	45	0	0	0	274.439872	209.484413	24.366595	10.857240	-1	###FLOW###
4	19	45	0	0	0	274.439872	209.484413	24.366595	10.857240	-1	###LINE###
5	19	45	0	0	0	274.44	209.48	24.37	10.86	100	1,028
3	19	46	0	0	0	376.199835	209.484413	16.250892	10.857240	-1	###FLOW###
4	19	46	0	0	0	376.199835	209.484413	16.250892	10.857240	-1	###LINE###
5	19	46	0	0	0	376.20	209.48	16.25	10.86	100	150
3	19	47	0	0	0	475.199791	209.484413	10.833928	10.857240	-1	###FLOW###
4	19	47	0	0	0	475.199791	209.484413	10.833928	10.857240	-1	###LINE###
5	19	47	0	0	0	475.20	209.48	10.83	10.86	100	70
3	19	48	0	0	0	568.799766	209.484413	10.833928	10.857240	-1	###FLOW###
4	19	48	0	0	0	568.799766	209.484413	10.833928	10.857240	-1	###LINE###
5	19	48	0	0	0	568.80	209.48	10.83	10.86	100	43
3	19	49	0	0	0	662.399681	209.484413	10.833928	10.857240	-1	###FLOW###
4	19	49	0	0	0	662.399681	209.484413	10.833928	10.857240	-1	###LINE###
5	19	49	0	0	0	662.40	209.48	10.83	10.86	100	32
3	19	50	0	0	0	118.799948	224.844403	30.631178	10.857240	-1	###FLOW###
4	19	50	0	0	0	118.799948	224.844403	30.631178	10.857240	-1	###LINE###
5	19	50	0	0	0	118.80	224.84	30.63	10.86	100	Wayne
3	19	51	0	0	0	274.439872	224.844403	24.366595	10.857240	-1	###FLOW###
4	19	51	0	0	0	274.439872	224.844403	24.366595	10.857240	-1	###LINE###
5	19	51	0	0	0	274.44	224.84	24.37	10.86	100	3,001
3	19	52	0	0	0	376.199835	224.844403	16.250892	10.857240	-1	###FLOW###
4	19	52	0	0	0	376.199835	224.844403	16.250892	10.857240	-1	###LINE###
5	19	52	0	0	0	376.20	224.84	16.25	10.86	100	495
3	19	53	0	0	0	469.799810	224.844403	16.250892	10.857240	-1	###FLOW###
4	19	53	0	0	0	469.799810	224.844403	16.250892	10.857240	-1	###LINE###
5	19	53	0	0	0	469.80	224.84	16.25	10.86	100	125
3	19	54	0	0	0	568.799766	224.844403	10.833928	10.857240	-1	###FLOW###
4	19	54	0	0	0	568.799766	224.844403	10.833928	10.857240	-1	###LINE###
5	19	54	0	0	0	568.80	224.84	10.83	10.86	100	60
3	19	55	0	0	0	656.999730	224.844403	16.250892	10.857240	-1	###FLOW###
4	19	55	0	0	0	656.999730	224.844403	16.250892	10.857240	-1	###LINE###
5	19	55	0	0	0	657.00	224.84	16.25	10.86	100	100
3	19	56	0	0	0	118.799948	240.324420	32.443327	10.857240	-1	###FLOW###
4	19	56	0	0	0	118.799948	240.324420	32.443327	10.857240	-1	###LINE###
5	19	56	0	0	0	118.80	240.32	32.44	10.86	100	Whitley
3	19	57	0	0	0	274.439872	240.324420	24.366595	10.857240	-1	###FLOW###
4	19	57	0	0	0	274.439872	240.324420	24.366595	10.857240	-1	###LINE###
5	19	57	0	0	0	274.44	240.32	24.37	10.86	100	4,776
3	19	58	0	0	0	376.199835	240.324420	16.250892	10.857240	-1	###FLOW###
4	19	58	0	0	0	376.199835	240.324420	16.250892	10.857240	-1	###LINE###
5	19	58	0	0	0	376.20	240.32	16.25	10.86	100	605
3	19	59	0	0	0	469.799810	240.324420	16.250892	10.857240	-1	###FLOW###
4	19	59	0	0	0	469.799810	240.324420	16.250892	10.857240	-1	###LINE###
5	19	59	0	0	0	469.80	240.32	16.25	10.86	100	227
3	19	60	0	0	0	563.399755	240.324420	16.250892	10.857240	-1	###FLOW###
4	19	60	0	0	0	563.399755	240.324420	16.250892	10.857240	-1	###LINE###
5	19	60	0	0	0	563.40	240.32	16.25	10.86	100	300
3	19	61	0	0	0	656.999730	240.324420	16.250892	10.857240	-1	###FLOW###
4	19	61	0	0	0	656.999730	240.324420	16.250892	10.857240	-1	###LINE###
5	19	61	0	0	0	657.00	240.32	16.25	10.86	100	109
3	19	62	0	0	0	118.799948	255.684379	25.409068	10.857240	-1	###FLOW###
4	19	62	0	0	0	118.799948	255.684379	25.409068	10.857240	-1	###LINE###
5	19	62	0	0	0	118.80	255.68	25.41	10.86	100	Wolfe
3	19	63	0	0	0	282.599859	255.684379	16.250892	10.857240	-1	###FLOW###
4	19	63	0	0	0	282.599859	255.684379	16.250892	10.857240	-1	###LINE###
5	19	63	0	0	0	282.60	255.68	16.25	10.86	100	182
3	19	64	0	0	0	381.599815	255.684379	10.833928	10.857240	-1	###FLOW###
4	19	64	0	0	0	381.599815	255.684379	10.833928	10.857240	-1	###LINE###
5	19	64	0	0	0	381.60	255.68	10.83	10.86	100	21
3	19	65	0	0	0	475.199791	255.684379	10.833928	10.857240	-1	###FLOW###
4	19	65	0	0	0	475.199791	255.684379	10.833928	10.857240	-1	###LINE###
5	19	65	0	0	0	475.20	255.68	10.83	10.86	100	13
3	19	66	0	0	0	574.199717	255.684379	5.416964	10.857240	-1	###FLOW###
4	19	66	0	0	0	574.199717	255.684379	5.416964	10.857240	-1	###LINE###
5	19	66	0	0	0	574.20	255.68	5.42	10.86	100	8
3	19	67	0	0	0	662.399681	255.684379	10.833928	10.857240	-1	###FLOW###
4	19	67	0	0	0	662.399681	255.684379	10.833928	10.857240	-1	###LINE###
5	19	67	0	0	0	662.40	255.68	10.83	10.86	100	11
3	19	68	0	0	0	269.039890	271.284392	29.783559	10.857240	-1	###FLOW###
4	19	68	0	0	0	269.039890	271.284392	29.783559	10.857240	-1	###LINE###
5	19	68	0	0	0	269.04	271.28	29.78	10.86	100	81,554
3	19	69	0	0	0	362.639836	271.284392	29.783559	10.857240	-1	###FLOW###
4	19	69	0	0	0	362.639836	271.284392	29.783559	10.857240	-1	###LINE###
5	19	69	0	0	0	362.64	271.28	29.78	10.86	100	12,312
3	19	70	0	0	0	461.639792	271.284392	24.366595	10.857240	-1	###FLOW###
4	19	70	0	0	0	461.639792	271.284392	24.366595	10.857240	-1	###LINE###
5	19	70	0	0	0	461.64	271.28	24.37	10.86	100	5,537
3	19	71	0	0	0	555.239768	271.284392	24.366595	10.857240	-1	###FLOW###
4	19	71	0	0	0	555.239768	271.284392	24.366595	10.857240	-1	###LINE###
5	19	71	0	0	0	555.24	271.28	24.37	10.86	100	3,458
3	19	72	0	0	0	648.839682	271.284392	24.366595	10.857240	-1	###FLOW###
4	19	72	0	0	0	648.839682	271.284392	24.366595	10.857240	-1	###LINE###
5	19	72	0	0	0	648.84	271.28	24.37	10.86	100	2,464
3	19	73	0	0	0	118.799948	271.284392	52.367233	10.857240	-1	###FLOW###
4	19	73	0	0	0	118.799948	271.284392	52.367233	10.857240	-1	###LINE###
5	19	73	0	0	0	118.80	271.28	23.12	10.86	100	Total
5	19	73	0	0	1	144.66	271.28	26.51	10.86	100	Votes
1	20	0	0	0	0	0.000000	0.000000	792.000000	612.000000	-1	###PAGE###
3	20	0	0	0	0	35.999984	54.115290	161.717484	13.404001	-1	###FLOW###
4	20	0	0	0	0	35.999984	54.115290	161.717484	13.404001	-1	###LINE###
5	20	0	0	0	0	36.00	54.12	89.61	13.40	100	Commonwealth
5	20	0	0	0	1	128.96	54.12	11.34	13.40	100	of
5	20	0	0	0	2	143.60	54.12	54.11	13.40	100	Kentucky
3	20	1	0	0	0	289.919866	54.115290	212.006871	13.404001	-1	###FLOW###
4	20	1	0	0	0	289.919866	54.115290	212.006871	13.404001	-1	###LINE###
5	20	1	0	0	0	289.92	54.12	44.08	13.40	100	Michael
5	20	1	0	0	1	337.41	54.12	12.68	13.40	100	G.
5	20	1	0	0	2	353.49	54.12	43.05	13.40	100	Adams,
5	20	1	0	0	3	399.93	54.12	54.93	13.40	100	Secretary
5	20	1	0	0	4	457.88	54.12	11.34	13.40	100	of
5	20	1	0	0	5	472.53	54.12	29.40	13.40	100	State
3	20	2	0	0	0	584.279730	54.115290	171.664703	13.404001	-1	###FLOW###
4	20	2	0	0	0	584.279730	54.115290	171.664703	13.404001	-1	###LINE###
5	20	2	0	0	0	584.28	54.12	26.75	13.40	100	2026
5	20	2	0	0	1	614.48	54.12	44.77	13.40	100	Primary
5	20	2	0	0	2	662.37	54.12	46.85	13.40	100	Election
5	20	2	0	0	3	712.52	54.12	43.42	13.40	100	Results
3	20	3	0	0	0	321.119858	111.955306	149.617240	41.003991	-1	###FLOW###
4	20	3	0	0	0	342.959846	111.955306	106.039520	13.404001	-1	###LINE###
5	20	3	0	0	0	342.96	111.96	16.69	13.40	100	US
5	20	3	0	0	1	362.96	111.96	86.04	13.40	100	Representative
4	20	3	0	1	0	321.119858	125.755316	149.617240	13.404001	-1	###LINE###
5	20	3	0	1	0	321.12	125.76	18.03	13.40	100	6th
5	20	3	0	1	1	342.45	125.76	83.46	13.40	100	Congressional
5	20	3	0	1	2	429.32	125.76	41.41	13.40	100	District
4	20	3	0	2	0	347.039839	139.555296	98.197214	13.404001	-1	###LINE###
5	20	3	0	2	0	347.04	139.56	64.76	13.40	100	Republican
5	20	3	0	2	1	415.17	139.56	30.07	13.40	100	Party
3	20	3	1	0	0	245.159890	164.364412	53.721474	22.017245	-1	###FLOW###
4	20	3	1	0	0	273.479889	164.364412	25.350612	10.857240	-1	###LINE###
5	20	3	1	0	0	273.48	164.36	25.35	10.86	100	Ralph
4	20	3	1	1	0	245.159890	175.524417	53.721474	10.857240	-1	###LINE###
5	20	3	1	1	0	245.16	175.52	53.72	10.86	100	ALVARADO
3	20	4	0	0	0	350.999832	164.364412	41.484591	22.017245	-1	###FLOW###
4	20	4	0	0	0	369.959843	164.364412	22.466761	10.857240	-1	###LINE###
5	20	4	0	0	0	369.96	164.36	22.47	10.86	100	Ryan
4	20	4	0	1	0	350.999832	175.524417	41.484591	10.857240	-1	###LINE###
5	20	4	0	1	0	351.00	175.52	41.48	10.86	100	DOTSON
3	20	5	0	0	0	415.919819	164.364412	70.099021	22.017245	-1	###FLOW###
4	20	5	0	0	0	415.919819	164.364412	70.099021	10.857240	-1	###LINE###
5	20	5	0	0	0	415.92	164.36	35.18	10.86	100	Gregory
5	20	5	0	0	1	453.54	164.36	32.48	10.86	100	George
4	20	5	0	1	0	433.799815	175.524417	52.211349	10.857240	-1	###LINE###
5	20	5	0	1	0	433.80	175.52	52.21	10.86	100	PLUCINSKI
3	20	6	0	0	0	531.119749	164.364412	48.557821	22.017245	-1	###FLOW###
4	20	6	0	0	0	554.639759	164.364412	24.892703	10.857240	-1	###LINE###
5	20	6	0	0	0	554.64	164.36	24.89	10.86	100	Steve
4	20	6	0	1	0	531.119749	175.524417	48.557821	10.857240	-1	###LINE###
5	20	6	0	1	0	531.12	175.52	48.56	10.86	100	SHANNON
3	20	7	0	0	0	619.799719	164.364412	53.448677	22.017245	-1	###FLOW###
4	20	7	0	0	0	619.799719	164.364412	53.448677	10.857240	-1	###LINE###
5	20	7	0	0	0	619.80	164.36	25.44	10.86	100	Adam
5	20	7	0	0	1	647.81	164.36	25.44	10.86	100	Perez
4	20	7	0	1	0	620.399728	175.524417	52.805656	10.857240	-1	###LINE###
5	20	7	0	1	0	620.40	175.52	52.81	10.86	100	ARQUETTE
3	20	8	0	0	0	274.439872	191.124398	24.366595	10.857240	-1	###FLOW###
4	20	8	0	0	0	274.439872	191.124398	24.366595	10.857240	-1	###LINE###
5	20	8	0	0	0	274.44	191.12	24.37	10.86	100	1,776
3	20	9	0	0	0	376.199835	191.124398	16.250892	10.857240	-1	###FLOW###
4	20	9	0	0	0	376.199835	191.124398	16.250892	10.857240	-1	###LINE###
5	20	9	0	0	0	376.20	191.12	16.25	10.86	100	754
3	20	10	0	0	0	469.799810	191.124398	16.250892	10.857240	-1	###FLOW###
4	20	10	0	0	0	469.799810	191.124398	16.250892	10.857240	-1	###LINE###
5	20	10	0	0	0	469.80	191.12	16.25	10.86	100	182
3	20	11	0	0	0	563.399755	191.124398	16.250892	10.857240	-1	###FLOW###
4	20	11	0	0	0	563.399755	191.124398	16.250892	10.857240	-1	###LINE###
5	20	11	0	0	0	563.40	191.12	16.25	10.86	100	187
3	20	12	0	0	0	662.399681	191.124398	10.833928	10.857240	-1	###FLOW###
4	20	12	0	0	0	662.399681	191.124398	10.833928	10.857240	-1	###LINE###
5	20	12	0	0	0	662.40	191.12	10.83	10.86	100	68
3	20	13	0	0	0	282.599859	206.604415	16.250892	10.857240	-1	###FLOW###
4	20	13	0	0	0	282.599859	206.604415	16.250892	10.857240	-1	###LINE###
5	20	13	0	0	0	282.60	206.60	16.25	10.86	100	206
3	20	14	0	0	0	381.599815	206.604415	10.833928	10.857240	-1	###FLOW###
4	20	14	0	0	0	381.599815	206.604415	10.833928	10.857240	-1	###LINE###
5	20	14	0	0	0	381.60	206.60	10.83	10.86	100	81
3	20	15	0	0	0	475.199791	206.604415	10.833928	10.857240	-1	###FLOW###
4	20	15	0	0	0	475.199791	206.604415	10.833928	10.857240	-1	###LINE###
5	20	15	0	0	0	475.20	206.60	10.83	10.86	100	14
3	20	16	0	0	0	568.799766	206.604415	10.833928	10.857240	-1	###FLOW###
4	20	16	0	0	0	568.799766	206.604415	10.833928	10.857240	-1	###LINE###
5	20	16	0	0	0	568.80	206.60	10.83	10.86	100	37
3	20	17	0	0	0	667.799692	206.604415	5.416964	10.857240	-1	###FLOW###
4	20	17	0	0	0	667.799692	206.604415	5.416964	10.857240	-1	###LINE###
5	20	17	0	0	0	667.80	206.60	5.42	10.86	100	2
3	20	18	0	0	0	118.799948	221.964406	36.817818	10.857240	-1	###FLOW###
4	20	18	0	0	0	118.799948	221.964406	36.817818	10.857240	-1	###LINE###
5	20	18	0	0	0	118.80	221.96	36.82	10.86	100	Bourbon
3	20	19	0	0	0	274.439872	221.964406	24.366595	10.857240	-1	###FLOW###
4	20	19	0	0	0	274.439872	221.964406	24.366595	10.857240	-1	###LINE###
5	20	19	0	0	0	274.44	221.96	24.37	10.86	100	1,070
3	20	20	0	0	0	376.199835	221.964406	16.250892	10.857240	-1	###FLOW###
4	20	20	0	0	0	376.199835	221.964406	16.250892	10.857240	-1	###LINE###
5	20	20	0	0	0	376.20	221.96	16.25	10.86	100	715
3	20	21	0	0	0	469.799810	221.964406	16.250892	10.857240	-1	###FLOW###
4	20	21	0	0	0	469.799810	221.964406	16.250892	10.857240	-1	###LINE###
5	20	21	0	0	0	469.80	221.96	16.25	10.86	100	103
3	20	22	0	0	0	563.399755	221.964406	16.250892	10.857240	-1	###FLOW###
4	20	22	0	0	0	563.399755	221.964406	16.250892	10.857240	-1	###LINE###
5	20	22	0	0	0	563.40	221.96	16.25	10.86	100	112
3	20	23	0	0	0	662.399681	221.964406	10.833928	10.857240	-1	###FLOW###
4	20	23	0	0	0	662.399681	221.964406	10.833928	10.857240	-1	###LINE###
5	20	23	0	0	0	662.40	221.96	10.83	10.86	100	59
3	20	24	0	0	0	118.799948	237.444392	22.632387	10.857240	-1	###FLOW###
4	20	24	0	0	0	118.799948	237.444392	22.632387	10.857240	-1	###LINE###
5	20	24	0	0	0	118.80	237.44	22.63	10.86	100	Clark
3	20	25	0	0	0	274.439872	237.444392	24.366595	10.857240	-1	###FLOW###
4	20	25	0	0	0	274.439872	237.444392	24.366595	10.857240	-1	###LINE###
5	20	25	0	0	0	274.44	237.44	24.37	10.86	100	2,393
3	20	26	0	0	0	368.039848	237.444392	24.366595	10.857240	-1	###FLOW###
4	20	26	0	0	0	368.039848	237.444392	24.366595	10.857240	-1	###LINE###
5	20	26	0	0	0	368.04	237.44	24.37	10.86	100	1,366
3	20	27	0	0	0	469.799810	237.444392	16.250892	10.857240	-1	###FLOW###
4	20	27	0	0	0	469.799810	237.444392	16.250892	10.857240	-1	###LINE###
5	20	27	0	0	0	469.80	237.44	16.25	10.86	100	147
3	20	28	0	0	0	563.399755	237.444392	16.250892	10.857240	-1	###FLOW###
4	20	28	0	0	0	563.399755	237.444392	16.250892	10.857240	-1	###LINE###
5	20	28	0	0	0	563.40	237.44	16.25	10.86	100	154
3	20	29	0	0	0	662.399681	237.444392	10.833928	10.857240	-1	###FLOW###
4	20	29	0	0	0	662.399681	237.444392	10.833928	10.857240	-1	###LINE###
5	20	29	0	0	0	662.40	237.44	10.83	10.86	100	51
3	20	30	0	0	0	118.799948	252.804412	20.644868	10.857240	-1	###FLOW###
4	20	30	0	0	0	118.799948	252.804412	20.644868	10.857240	-1	###LINE###
5	20	30	0	0	0	118.80	252.80	20.64	10.86	100	Estill
3	20	31	0	0	0	274.439872	252.804412	24.366595	10.857240	-1	###FLOW###
4	20	31	0	0	0	274.439872	252.804412	24.366595	10.857240	-1	###LINE###
5	20	31	0	0	0	274.44	252.80	24.37	10.86	100	1,069
3	20	32	0	0	0	376.199835	252.804412	16.250892	10.857240	-1	###FLOW###
4	20	32	0	0	0	376.199835	252.804412	16.250892	10.857240	-1	###LINE###
5	20	32	0	0	0	376.20	252.80	16.25	10.86	100	923
3	20	33	0	0	0	475.199791	252.804412	10.833928	10.857240	-1	###FLOW###
4	20	33	0	0	0	475.199791	252.804412	10.833928	10.857240	-1	###LINE###
5	20	33	0	0	0	475.20	252.80	10.83	10.86	100	90
3	20	34	0	0	0	563.399755	252.804412	16.250892	10.857240	-1	###FLOW###
4	20	34	0	0	0	563.399755	252.804412	16.250892	10.857240	-1	###LINE###
5	20	34	0	0	0	563.40	252.80	16.25	10.86	100	158
3	20	35	0	0	0	662.399681	252.804412	10.833928	10.857240	-1	###FLOW###
4	20	35	0	0	0	662.399681	252.804412	10.833928	10.857240	-1	###LINE###
5	20	35	0	0	0	662.40	252.80	10.83	10.86	100	49
3	20	36	0	0	0	118.799948	268.284398	32.287444	10.857240	-1	###FLOW###
4	20	36	0	0	0	118.799948	268.284398	32.287444	10.857240	-1	###LINE###
5	20	36	0	0	0	118.80	268.28	32.29	10.86	100	Fayette
3	20	37	0	0	0	269.039890	268.284398	29.783559	10.857240	-1	###FLOW###
4	20	37	0	0	0	269.039890	268.284398	29.783559	10.857240	-1	###LINE###
5	20	37	0	0	0	269.04	268.28	29.78	10.86	100	10,449
3	20	38	0	0	0	368.039848	268.284398	24.366595	10.857240	-1	###FLOW###
4	20	38	0	0	0	368.039848	268.284398	24.366595	10.857240	-1	###LINE###
5	20	38	0	0	0	368.04	268.28	24.37	10.86	100	3,472
3	20	39	0	0	0	461.639792	268.284398	24.366595	10.857240	-1	###FLOW###
4	20	39	0	0	0	461.639792	268.284398	24.366595	10.857240	-1	###LINE###
5	20	39	0	0	0	461.64	268.28	24.37	10.86	100	1,474
3	20	40	0	0	0	555.239768	268.284398	24.366595	10.857240	-1	###FLOW###
4	20	40	0	0	0	555.239768	268.284398	24.366595	10.857240	-1	###LINE###
5	20	40	0	0	0	555.24	268.28	24.37	10.86	100	1,237
3	20	41	0	0	0	656.999730	268.284398	16.250892	10.857240	-1	###FLOW###
4	20	41	0	0	0	656.999730	268.284398	16.250892	10.857240	-1	###LINE###
5	20	41	0	0	0	657.00	268.28	16.25	10.86	100	439
3	20	42	0	0	0	118.799948	283.644388	34.469818	10.857240	-1	###FLOW###
4	20	42	0	0	0	118.799948	283.644388	34.469818	10.857240	-1	###LINE###
5	20	42	0	0	0	118.80	283.64	34.47	10.86	100	Fleming
3	20	43	0	0	0	274.439872	283.644388	24.366595	10.857240	-1	###FLOW###
4	20	43	0	0	0	274.439872	283.644388	24.366595	10.857240	-1	###LINE###
5	20	43	0	0	0	274.44	283.64	24.37	10.86	100	1,086
3	20	44	0	0	0	376.199835	283.644388	16.250892	10.857240	-1	###FLOW###
4	20	44	0	0	0	376.199835	283.644388	16.250892	10.857240	-1	###LINE###
5	20	44	0	0	0	376.20	283.64	16.25	10.86	100	558
3	20	45	0	0	0	469.799810	283.644388	16.250892	10.857240	-1	###FLOW###
4	20	45	0	0	0	469.799810	283.644388	16.250892	10.857240	-1	###LINE###
5	20	45	0	0	0	469.80	283.64	16.25	10.86	100	170
3	20	46	0	0	0	563.399755	283.644388	16.250892	10.857240	-1	###FLOW###
4	20	46	0	0	0	563.399755	283.644388	16.250892	10.857240	-1	###LINE###
5	20	46	0	0	0	563.40	283.64	16.25	10.86	100	206
3	20	47	0	0	0	662.399681	283.644388	10.833928	10.857240	-1	###FLOW###
4	20	47	0	0	0	662.399681	283.644388	10.833928	10.857240	-1	###LINE###
5	20	47	0	0	0	662.40	283.64	10.83	10.86	100	46
3	20	48	0	0	0	118.799948	299.124375	33.554000	10.857240	-1	###FLOW###
4	20	48	0	0	0	118.799948	299.124375	33.554000	10.857240	-1	###LINE###
5	20	48	0	0	0	118.80	299.12	33.55	10.86	100	Garrard
3	20	49	0	0	0	274.439872	299.124375	24.366595	10.857240	-1	###FLOW###
4	20	49	0	0	0	274.439872	299.124375	24.366595	10.857240	-1	###LINE###
5	20	49	0	0	0	274.44	299.12	24.37	10.86	100	1,464
3	20	50	0	0	0	376.199835	299.124375	16.250892	10.857240	-1	###FLOW###
4	20	50	0	0	0	376.199835	299.124375	16.250892	10.857240	-1	###LINE###
5	20	50	0	0	0	376.20	299.12	16.25	10.86	100	559
3	20	51	0	0	0	469.799810	299.124375	16.250892	10.857240	-1	###FLOW###
4	20	51	0	0	0	469.799810	299.124375	16.250892	10.857240	-1	###LINE###
5	20	51	0	0	0	469.80	299.12	16.25	10.86	100	188
3	20	52	0	0	0	563.399755	299.124375	16.250892	10.857240	-1	###FLOW###
4	20	52	0	0	0	563.399755	299.124375	16.250892	10.857240	-1	###LINE###
5	20	52	0	0	0	563.40	299.12	16.25	10.86	100	113
3	20	53	0	0	0	662.399681	299.124375	10.833928	10.857240	-1	###FLOW###
4	20	53	0	0	0	662.399681	299.124375	10.833928	10.857240	-1	###LINE###
5	20	53	0	0	0	662.40	299.12	10.83	10.86	100	46
3	20	54	0	0	0	118.799948	314.484395	46.589787	10.857240	-1	###FLOW###
4	20	54	0	0	0	118.799948	314.484395	46.589787	10.857240	-1	###LINE###
5	20	54	0	0	0	118.80	314.48	46.59	10.86	100	Jessamine
3	20	55	0	0	0	274.439872	314.484395	24.366595	10.857240	-1	###FLOW###
4	20	55	0	0	0	274.439872	314.484395	24.366595	10.857240	-1	###LINE###
5	20	55	0	0	0	274.44	314.48	24.37	10.86	100	2,760
3	20	56	0	0	0	368.039848	314.484395	24.366595	10.857240	-1	###FLOW###
4	20	56	0	0	0	368.039848	314.484395	24.366595	10.857240	-1	###LINE###
5	20	56	0	0	0	368.04	314.48	24.37	10.86	100	1,282
3	20	57	0	0	0	461.639792	314.484395	24.366595	10.857240	-1	###FLOW###
4	20	57	0	0	0	461.639792	314.484395	24.366595	10.857240	-1	###LINE###
5	20	57	0	0	0	461.64	314.48	24.37	10.86	100	1,226
3	20	58	0	0	0	563.399755	314.484395	16.250892	10.857240	-1	###FLOW###
4	20	58	0	0	0	563.399755	314.484395	16.250892	10.857240	-1	###LINE###
5	20	58	0	0	0	563.40	314.48	16.25	10.86	100	282
3	20	59	0	0	0	656.999730	314.484395	16.250892	10.857240	-1	###FLOW###
4	20	59	0	0	0	656.999730	314.484395	16.250892	10.857240	-1	###LINE###
5	20	59	0	0	0	657.00	314.48	16.25	10.86	100	114
3	20	60	0	0	0	118.799948	329.964381	36.720391	10.857240	-1	###FLOW###
4	20	60	0	0	0	118.799948	329.964381	36.720391	10.857240	-1	###LINE###
5	20	60	0	0	0	118.80	329.96	36.72	10.86	100	Madison
3	20	61	0	0	0	274.439872	329.964381	24.366595	10.857240	-1	###FLOW###
4	20	61	0	0	0	274.439872	329.964381	24.366595	10.857240	-1	###LINE###
5	20	61	0	0	0	274.44	329.96	24.37	10.86	100	4,946
3	20	62	0	0	0	368.039848	329.964381	24.366595	10.857240	-1	###FLOW###
4	20	62	0	0	0	368.039848	329.964381	24.366595	10.857240	-1	###LINE###
5	20	62	0	0	0	368.04	329.96	24.37	10.86	100	2,535
3	20	63	0	0	0	469.799810	329.964381	16.250892	10.857240	-1	###FLOW###
4	20	63	0	0	0	469.799810	329.964381	16.250892	10.857240	-1	###LINE###
5	20	63	0	0	0	469.80	329.96	16.25	10.86	100	838
3	20	64	0	0	0	563.399755	329.964381	16.250892	10.857240	-1	###FLOW###
4	20	64	0	0	0	563.399755	329.964381	16.250892	10.857240	-1	###LINE###
5	20	64	0	0	0	563.40	329.96	16.25	10.86	100	641
3	20	65	0	0	0	656.999730	329.964381	16.250892	10.857240	-1	###FLOW###
4	20	65	0	0	0	656.999730	329.964381	16.250892	10.857240	-1	###LINE###
5	20	65	0	0	0	657.00	329.96	16.25	10.86	100	193
3	20	66	0	0	0	118.799948	345.324402	30.212240	10.857240	-1	###FLOW###
4	20	66	0	0	0	118.799948	345.324402	30.212240	10.857240	-1	###LINE###
5	20	66	0	0	0	118.80	345.32	30.21	10.86	100	Mercer
3	20	67	0	0	0	274.439872	345.324402	24.366595	10.857240	-1	###FLOW###
4	20	67	0	0	0	274.439872	345.324402	24.366595	10.857240	-1	###LINE###
5	20	67	0	0	0	274.44	345.32	24.37	10.86	100	1,392
3	20	68	0	0	0	376.199835	345.324402	16.250892	10.857240	-1	###FLOW###
4	20	68	0	0	0	376.199835	345.324402	16.250892	10.857240	-1	###LINE###
5	20	68	0	0	0	376.20	345.32	16.25	10.86	100	559
3	20	69	0	0	0	469.799810	345.324402	16.250892	10.857240	-1	###FLOW###
4	20	69	0	0	0	469.799810	345.324402	16.250892	10.857240	-1	###LINE###
5	20	69	0	0	0	469.80	345.32	16.25	10.86	100	191
3	20	70	0	0	0	563.399755	345.324402	16.250892	10.857240	-1	###FLOW###
4	20	70	0	0	0	563.399755	345.324402	16.250892	10.857240	-1	###LINE###
5	20	70	0	0	0	563.40	345.32	16.25	10.86	100	136
3	20	71	0	0	0	662.399681	345.324402	10.833928	10.857240	-1	###FLOW###
4	20	71	0	0	0	662.399681	345.324402	10.833928	10.857240	-1	###LINE###
5	20	71	0	0	0	662.40	345.32	10.83	10.86	100	49
3	20	72	0	0	0	118.799948	360.804373	54.033241	10.857240	-1	###FLOW###
4	20	72	0	0	0	118.799948	360.804373	54.033241	10.857240	-1	###LINE###
5	20	72	0	0	0	118.80	360.80	54.03	10.86	100	Montgomery
3	20	73	0	0	0	274.439872	360.804373	24.366595	10.857240	-1	###FLOW###
4	20	73	0	0	0	274.439872	360.804373	24.366595	10.857240	-1	###LINE###
5	20	73	0	0	0	274.44	360.80	24.37	10.86	100	1,829
3	20	74	0	0	0	376.199835	360.804373	16.250892	10.857240	-1	###FLOW###
4	20	74	0	0	0	376.199835	360.804373	16.250892	10.857240	-1	###LINE###
5	20	74	0	0	0	376.20	360.80	16.25	10.86	100	874
3	20	75	0	0	0	469.799810	360.804373	16.250892	10.857240	-1	###FLOW###
4	20	75	0	0	0	469.799810	360.804373	16.250892	10.857240	-1	###LINE###
5	20	75	0	0	0	469.80	360.80	16.25	10.86	100	138
3	20	76	0	0	0	568.799766	360.804373	10.833928	10.857240	-1	###FLOW###
4	20	76	0	0	0	568.799766	360.804373	10.833928	10.857240	-1	###LINE###
5	20	76	0	0	0	568.80	360.80	10.83	10.86	100	98
3	20	77	0	0	0	662.399681	360.804373	10.833928	10.857240	-1	###FLOW###
4	20	77	0	0	0	662.399681	360.804373	10.833928	10.857240	-1	###LINE###
5	20	77	0	0	0	662.40	360.80	10.83	10.86	100	30
3	20	78	0	0	0	282.599859	376.164393	16.250892	10.857240	-1	###FLOW###
4	20	78	0	0	0	282.599859	376.164393	16.250892	10.857240	-1	###LINE###
5	20	78	0	0	0	282.60	376.16	16.25	10.86	100	238
3	20	79	0	0	0	376.199835	376.164393	16.250892	10.857240	-1	###FLOW###
4	20	79	0	0	0	376.199835	376.164393	16.250892	10.857240	-1	###LINE###
5	20	79	0	0	0	376.20	376.16	16.25	10.86	100	180
3	20	80	0	0	0	475.199791	376.164393	10.833928	10.857240	-1	###FLOW###
4	20	80	0	0	0	475.199791	376.164393	10.833928	10.857240	-1	###LINE###
5	20	80	0	0	0	475.20	376.16	10.83	10.86	100	13
3	20	81	0	0	0	568.799766	376.164393	10.833928	10.857240	-1	###FLOW###
4	20	81	0	0	0	568.799766	376.164393	10.833928	10.857240	-1	###LINE###
5	20	81	0	0	0	568.80	376.16	10.83	10.86	100	28
3	20	82	0	0	0	667.799692	376.164393	5.416964	10.857240	-1	###FLOW###
4	20	82	0	0	0	667.799692	376.164393	5.416964	10.857240	-1	###LINE###
5	20	82	0	0	0	667.80	376.16	5.42	10.86	100	4
3	20	83	0	0	0	118.799948	191.124398	41.689189	10.857240	-1	###FLOW###
4	20	83	0	0	0	118.799948	191.124398	41.689189	10.857240	-1	###LINE###
5	20	83	0	0	0	118.80	191.12	41.69	10.86	100	Anderson
3	20	83	1	0	0	118.799948	206.604415	20.021333	10.857240	-1	###FLOW###
4	20	83	1	0	0	118.799948	206.604415	20.021333	10.857240	-1	###LINE###
5	20	83	1	0	0	118.80	206.60	20.02	10.86	100	Bath
3	20	84	0	0	0	118.799948	376.164393	37.353669	10.857240	-1	###FLOW###
4	20	84	0	0	0	118.799948	376.164393	37.353669	10.857240	-1	###LINE###
5	20	84	0	0	0	118.80	376.16	37.35	10.86	100	Nicholas
3	20	84	1	0	0	118.799948	391.644379	28.458546	10.857240	-1	###FLOW###
4	20	84	1	0	0	118.799948	391.644379	28.458546	10.857240	-1	###LINE###
5	20	84	1	0	0	118.80	391.64	28.46	10.86	100	Powell
3	20	85	0	0	0	282.599859	391.644379	16.250892	10.857240	-1	###FLOW###
4	20	85	0	0	0	282.599859	391.644379	16.250892	10.857240	-1	###LINE###
5	20	85	0	0	0	282.60	391.64	16.25	10.86	100	919
3	20	86	0	0	0	376.199835	391.644379	16.250892	10.857240	-1	###FLOW###
4	20	86	0	0	0	376.199835	391.644379	16.250892	10.857240	-1	###LINE###
5	20	86	0	0	0	376.20	391.64	16.25	10.86	100	742
3	20	87	0	0	0	475.199791	391.644379	10.833928	10.857240	-1	###FLOW###
4	20	87	0	0	0	475.199791	391.644379	10.833928	10.857240	-1	###LINE###
5	20	87	0	0	0	475.20	391.64	10.83	10.86	100	58
3	20	88	0	0	0	568.799766	391.644379	10.833928	10.857240	-1	###FLOW###
4	20	88	0	0	0	568.799766	391.644379	10.833928	10.857240	-1	###LINE###
5	20	88	0	0	0	568.80	391.64	10.83	10.86	100	93
3	20	89	0	0	0	662.399681	391.644379	10.833928	10.857240	-1	###FLOW###
4	20	89	0	0	0	662.399681	391.644379	10.833928	10.857240	-1	###LINE###
5	20	89	0	0	0	662.40	391.64	10.83	10.86	100	28
3	20	90	0	0	0	118.799948	407.004370	22.174478	10.857240	-1	###FLOW###
4	20	90	0	0	0	118.799948	407.004370	22.174478	10.857240	-1	###LINE###
5	20	90	0	0	0	118.80	407.00	22.17	10.86	100	Scott
3	20	91	0	0	0	274.439872	407.004370	24.366595	10.857240	-1	###FLOW###
4	20	91	0	0	0	274.439872	407.004370	24.366595	10.857240	-1	###LINE###
5	20	91	0	0	0	274.44	407.00	24.37	10.86	100	3,097
3	20	92	0	0	0	368.039848	407.004370	24.366595	10.857240	-1	###FLOW###
4	20	92	0	0	0	368.039848	407.004370	24.366595	10.857240	-1	###LINE###
5	20	92	0	0	0	368.04	407.00	24.37	10.86	100	1,373
3	20	93	0	0	0	469.799810	407.004370	16.250892	10.857240	-1	###FLOW###
4	20	93	0	0	0	469.799810	407.004370	16.250892	10.857240	-1	###LINE###
5	20	93	0	0	0	469.80	407.00	16.25	10.86	100	661
3	20	94	0	0	0	563.399755	407.004370	16.250892	10.857240	-1	###FLOW###
4	20	94	0	0	0	563.399755	407.004370	16.250892	10.857240	-1	###LINE###
5	20	94	0	0	0	563.40	407.00	16.25	10.86	100	351
3	20	95	0	0	0	656.999730	407.004370	16.250892	10.857240	-1	###FLOW###
4	20	95	0	0	0	656.999730	407.004370	16.250892	10.857240	-1	###LINE###
5	20	95	0	0	0	657.00	407.00	16.25	10.86	100	109
3	20	96	0	0	0	118.799948	422.484386	42.741405	10.857240	-1	###FLOW###
4	20	96	0	0	0	118.799948	422.484386	42.741405	10.857240	-1	###LINE###
5	20	96	0	0	0	118.80	422.48	42.74	10.86	100	Woodford
3	20	97	0	0	0	274.439872	422.484386	24.366595	10.857240	-1	###FLOW###
4	20	97	0	0	0	274.439872	422.484386	24.366595	10.857240	-1	###LINE###
5	20	97	0	0	0	274.44	422.48	24.37	10.86	100	1,523
3	20	98	0	0	0	376.199835	422.484386	16.250892	10.857240	-1	###FLOW###
4	20	98	0	0	0	376.199835	422.484386	16.250892	10.857240	-1	###LINE###
5	20	98	0	0	0	376.20	422.48	16.25	10.86	100	924
3	20	99	0	0	0	469.799810	422.484386	16.250892	10.857240	-1	###FLOW###
4	20	99	0	0	0	469.799810	422.484386	16.250892	10.857240	-1	###LINE###
5	20	99	0	0	0	469.80	422.48	16.25	10.86	100	177
3	20	100	0	0	0	563.399755	422.484386	16.250892	10.857240	-1	###FLOW###
4	20	100	0	0	0	563.399755	422.484386	16.250892	10.857240	-1	###LINE###
5	20	100	0	0	0	563.40	422.48	16.25	10.86	100	147
3	20	101	0	0	0	662.399681	422.484386	10.833928	10.857240	-1	###FLOW###
4	20	101	0	0	0	662.399681	422.484386	10.833928	10.857240	-1	###LINE###
5	20	101	0	0	0	662.40	422.48	10.83	10.86	100	45
3	20	102	0	0	0	118.799948	438.204394	52.367233	10.857240	-1	###FLOW###
4	20	102	0	0	0	118.799948	438.204394	52.367233	10.857240	-1	###LINE###
5	20	102	0	0	0	118.80	438.20	23.12	10.86	100	Total
5	20	102	0	0	1	144.66	438.20	26.51	10.86	100	Votes
3	20	103	0	0	0	269.039890	438.204394	29.783559	10.857240	-1	###FLOW###
4	20	103	0	0	0	269.039890	438.204394	29.783559	10.857240	-1	###LINE###
5	20	103	0	0	0	269.04	438.20	29.78	10.86	100	36,217
3	20	104	0	0	0	362.639836	438.204394	29.783559	10.857240	-1	###FLOW###
4	20	104	0	0	0	362.639836	438.204394	29.783559	10.857240	-1	###LINE###
5	20	104	0	0	0	362.64	438.20	29.78	10.86	100	16,897
3	20	105	0	0	0	461.639792	438.204394	24.366595	10.857240	-1	###FLOW###
4	20	105	0	0	0	461.639792	438.204394	24.366595	10.857240	-1	###LINE###
5	20	105	0	0	0	461.64	438.20	24.37	10.86	100	5,670
3	20	106	0	0	0	555.239768	438.204394	24.366595	10.857240	-1	###FLOW###
4	20	106	0	0	0	555.239768	438.204394	24.366595	10.857240	-1	###LINE###
5	20	106	0	0	0	555.24	438.20	24.37	10.86	100	3,980
3	20	107	0	0	0	648.839682	438.204394	24.366595	10.857240	-1	###FLOW###
4	20	107	0	0	0	648.839682	438.204394	24.366595	10.857240	-1	###LINE###
5	20	107	0	0	0	648.84	438.20	24.37	10.86	100	1,332
1	21	0	0	0	0	0.000000	0.000000	792.000000	612.000000	-1	###PAGE###
3	21	0	0	0	0	35.999984	54.115290	161.717484	13.404001	-1	###FLOW###
4	21	0	0	0	0	35.999984	54.115290	161.717484	13.404001	-1	###LINE###
5	21	0	0	0	0	36.00	54.12	89.61	13.40	100	Commonwealth
5	21	0	0	0	1	128.96	54.12	11.34	13.40	100	of
5	21	0	0	0	2	143.60	54.12	54.11	13.40	100	Kentucky
3	21	1	0	0	0	289.919866	54.115290	212.006871	13.404001	-1	###FLOW###
4	21	1	0	0	0	289.919866	54.115290	212.006871	13.404001	-1	###LINE###
5	21	1	0	0	0	289.92	54.12	44.08	13.40	100	Michael
5	21	1	0	0	1	337.41	54.12	12.68	13.40	100	G.
5	21	1	0	0	2	353.49	54.12	43.05	13.40	100	Adams,
5	21	1	0	0	3	399.93	54.12	54.93	13.40	100	Secretary
5	21	1	0	0	4	457.88	54.12	11.34	13.40	100	of
5	21	1	0	0	5	472.53	54.12	29.40	13.40	100	State
3	21	2	0	0	0	584.279730	54.115290	171.664703	13.404001	-1	###FLOW###
4	21	2	0	0	0	584.279730	54.115290	171.664703	13.404001	-1	###LINE###
5	21	2	0	0	0	584.28	54.12	26.75	13.40	100	2026
5	21	2	0	0	1	614.48	54.12	44.77	13.40	100	Primary
5	21	2	0	0	2	662.37	54.12	46.85	13.40	100	Election
5	21	2	0	0	3	712.52	54.12	43.42	13.40	100	Results
3	21	3	0	0	0	321.119858	111.955306	149.617240	41.003991	-1	###FLOW###
4	21	3	0	0	0	342.959846	111.955306	106.039520	13.404001	-1	###LINE###
5	21	3	0	0	0	342.96	111.96	16.69	13.40	100	US
5	21	3	0	0	1	362.96	111.96	86.04	13.40	100	Representative
4	21	3	0	1	0	321.119858	125.755316	149.617240	13.404001	-1	###LINE###
5	21	3	0	1	0	321.12	125.76	18.03	13.40	100	6th
5	21	3	0	1	1	342.45	125.76	83.46	13.40	100	Congressional
5	21	3	0	1	2	429.32	125.76	41.41	13.40	100	District
4	21	3	0	2	0	346.679835	139.555296	98.918899	13.404001	-1	###LINE###
5	21	3	0	2	0	346.68	139.56	65.48	13.40	100	Democratic
5	21	3	0	2	1	415.53	139.56	30.07	13.40	100	Party
3	21	3	1	0	0	227.399896	164.500579	14.899418	7.506241	-1	###FLOW###
4	21	3	1	0	0	227.399896	164.500579	14.899418	7.506241	-1	###LINE###
5	21	3	1	0	0	227.40	164.50	14.90	7.51	100	Zach
3	21	4	0	0	0	287.759867	164.500579	26.565689	7.506241	-1	###FLOW###
4	21	4	0	0	0	287.759867	164.500579	26.565689	7.506241	-1	###LINE###
5	21	4	0	0	0	287.76	164.50	26.57	7.51	100	Cherlynn
3	21	5	0	0	0	374.279840	164.500579	11.969379	7.506241	-1	###FLOW###
4	21	5	0	0	0	374.279840	164.500579	11.969379	7.506241	-1	###LINE###
5	21	5	0	0	0	374.28	164.50	11.97	7.51	100	Erin
3	21	6	0	0	0	440.999820	164.500579	17.304071	7.506241	-1	###FLOW###
4	21	6	0	0	0	440.999820	164.500579	17.304071	7.506241	-1	###LINE###
5	21	6	0	0	0	441.00	164.50	17.30	7.51	100	David
3	21	7	0	0	0	206.279902	172.404395	36.077370	10.857240	-1	###FLOW###
4	21	7	0	0	0	206.279902	172.404395	36.077370	10.857240	-1	###LINE###
5	21	7	0	0	0	206.28	172.40	36.08	10.86	100	DEMBO
3	21	8	0	0	0	254.519895	172.404395	59.830172	10.857240	-1	###FLOW###
4	21	8	0	0	0	254.519895	172.404395	59.830172	10.857240	-1	###LINE###
5	21	8	0	0	0	254.52	172.40	59.83	10.86	100	STEVENSON
3	21	9	0	0	0	347.639847	172.404395	38.776109	10.857240	-1	###FLOW###
4	21	9	0	0	0	347.639847	172.404395	38.776109	10.857240	-1	###LINE###
5	21	9	0	0	0	347.64	172.40	38.78	10.86	100	PETREY
3	21	10	0	0	0	414.719803	172.404395	43.657222	10.857240	-1	###FLOW###
4	21	10	0	0	0	414.719803	172.404395	43.657222	10.857240	-1	###LINE###
5	21	10	0	0	0	414.72	172.40	43.66	10.86	100	KLOIBER
3	21	11	0	0	0	512.519773	164.500579	17.896814	7.506241	-1	###FLOW###
4	21	11	0	0	0	512.519773	164.500579	17.896814	7.506241	-1	###LINE###
5	21	11	0	0	0	512.52	164.50	17.90	7.51	100	Corey
3	21	12	0	0	0	581.039748	164.500579	21.392654	7.506241	-1	###FLOW###
4	21	12	0	0	0	581.039748	164.500579	21.392654	7.506241	-1	###LINE###
5	21	12	0	0	0	581.04	164.50	21.39	7.51	100	Harvey
3	21	13	0	0	0	633.959726	164.500579	40.367184	7.506241	-1	###FLOW###
4	21	13	0	0	0	633.959726	164.500579	40.367184	7.506241	-1	###LINE###
5	21	13	0	0	0	633.96	164.50	19.53	7.51	100	Jimmy
5	21	13	0	0	1	655.26	164.50	19.06	7.51	100	Clifton
3	21	14	0	0	0	117.719948	188.140574	28.748063	7.506241	-1	###FLOW###
4	21	14	0	0	0	117.719948	188.140574	28.748063	7.506241	-1	###LINE###
5	21	14	0	0	0	117.72	188.14	28.75	7.51	100	Anderson
3	21	15	0	0	0	231.119901	188.140574	11.235185	7.506241	-1	###FLOW###
4	21	15	0	0	0	231.119901	188.140574	11.235185	7.506241	-1	###LINE###
5	21	15	0	0	0	231.12	188.14	11.24	7.51	100	647
3	21	16	0	0	0	303.119860	188.140574	11.235185	7.506241	-1	###FLOW###
4	21	16	0	0	0	303.119860	188.140574	11.235185	7.506241	-1	###LINE###
5	21	16	0	0	0	303.12	188.14	11.24	7.51	100	540
3	21	17	0	0	0	375.119820	188.140574	11.235185	7.506241	-1	###FLOW###
4	21	17	0	0	0	375.119820	188.140574	11.235185	7.506241	-1	###LINE###
5	21	17	0	0	0	375.12	188.14	11.24	7.51	100	183
3	21	18	0	0	0	447.119811	188.140574	11.235185	7.506241	-1	###FLOW###
4	21	18	0	0	0	447.119811	188.140574	11.235185	7.506241	-1	###LINE###
5	21	18	0	0	0	447.12	188.14	11.24	7.51	100	105
3	21	19	0	0	0	519.119770	188.140574	11.235185	7.506241	-1	###FLOW###
4	21	19	0	0	0	519.119770	188.140574	11.235185	7.506241	-1	###LINE###
5	21	19	0	0	0	519.12	188.14	11.24	7.51	100	106
3	21	20	0	0	0	591.119762	188.140574	11.235185	7.506241	-1	###FLOW###
4	21	20	0	0	0	591.119762	188.140574	11.235185	7.506241	-1	###LINE###
5	21	20	0	0	0	591.12	188.14	11.24	7.51	100	120
3	21	21	0	0	0	666.839679	188.140574	7.490123	7.506241	-1	###FLOW###
4	21	21	0	0	0	666.839679	188.140574	7.490123	7.506241	-1	###LINE###
5	21	21	0	0	0	666.84	188.14	7.49	7.51	100	44
3	21	22	0	0	0	117.719948	200.500571	13.767817	7.506241	-1	###FLOW###
4	21	22	0	0	0	117.719948	200.500571	13.767817	7.506241	-1	###LINE###
5	21	22	0	0	0	117.72	200.50	13.77	7.51	100	Bath
3	21	23	0	0	0	231.119901	200.500571	11.235185	7.506241	-1	###FLOW###
4	21	23	0	0	0	231.119901	200.500571	11.235185	7.506241	-1	###LINE###
5	21	23	0	0	0	231.12	200.50	11.24	7.51	100	123
3	21	24	0	0	0	306.839849	200.500571	7.490123	7.506241	-1	###FLOW###
4	21	24	0	0	0	306.839849	200.500571	7.490123	7.506241	-1	###LINE###
5	21	24	0	0	0	306.84	200.50	7.49	7.51	100	96
3	21	25	0	0	0	378.839840	200.500571	7.490123	7.506241	-1	###FLOW###
4	21	25	0	0	0	378.839840	200.500571	7.490123	7.506241	-1	###LINE###
5	21	25	0	0	0	378.84	200.50	7.49	7.51	100	51
3	21	26	0	0	0	450.839800	200.500571	7.490123	7.506241	-1	###FLOW###
4	21	26	0	0	0	450.839800	200.500571	7.490123	7.506241	-1	###LINE###
5	21	26	0	0	0	450.84	200.50	7.49	7.51	100	27
3	21	27	0	0	0	522.839760	200.500571	7.490123	7.506241	-1	###FLOW###
4	21	27	0	0	0	522.839760	200.500571	7.490123	7.506241	-1	###LINE###
5	21	27	0	0	0	522.84	200.50	7.49	7.51	100	24
3	21	28	0	0	0	594.839750	200.500571	7.490123	7.506241	-1	###FLOW###
4	21	28	0	0	0	594.839750	200.500571	7.490123	7.506241	-1	###LINE###
5	21	28	0	0	0	594.84	200.50	7.49	7.51	100	26
3	21	29	0	0	0	666.839679	200.500571	7.490123	7.506241	-1	###FLOW###
4	21	29	0	0	0	666.839679	200.500571	7.490123	7.506241	-1	###LINE###
5	21	29	0	0	0	666.84	200.50	7.49	7.51	100	13
3	21	30	0	0	0	117.719948	212.740601	25.380202	7.506241	-1	###FLOW###
4	21	30	0	0	0	117.719948	212.740601	25.380202	7.506241	-1	###LINE###
5	21	30	0	0	0	117.72	212.74	25.38	7.51	100	Bourbon
3	21	31	0	0	0	231.119901	212.740601	11.235185	7.506241	-1	###FLOW###
4	21	31	0	0	0	231.119901	212.740601	11.235185	7.506241	-1	###LINE###
5	21	31	0	0	0	231.12	212.74	11.24	7.51	100	781
3	21	32	0	0	0	303.119860	212.740601	11.235185	7.506241	-1	###FLOW###
4	21	32	0	0	0	303.119860	212.740601	11.235185	7.506241	-1	###LINE###
5	21	32	0	0	0	303.12	212.74	11.24	7.51	100	442
3	21	33	0	0	0	375.119820	212.740601	11.235185	7.506241	-1	###FLOW###
4	21	33	0	0	0	375.119820	212.740601	11.235185	7.506241	-1	###LINE###
5	21	33	0	0	0	375.12	212.74	11.24	7.51	100	227
3	21	34	0	0	0	450.839800	212.740601	7.490123	7.506241	-1	###FLOW###
4	21	34	0	0	0	450.839800	212.740601	7.490123	7.506241	-1	###LINE###
5	21	34	0	0	0	450.84	212.74	7.49	7.51	100	89
3	21	35	0	0	0	522.839760	212.740601	7.490123	7.506241	-1	###FLOW###
4	21	35	0	0	0	522.839760	212.740601	7.490123	7.506241	-1	###LINE###
5	21	35	0	0	0	522.84	212.74	7.49	7.51	100	87
3	21	36	0	0	0	594.839750	212.740601	7.490123	7.506241	-1	###FLOW###
4	21	36	0	0	0	594.839750	212.740601	7.490123	7.506241	-1	###LINE###
5	21	36	0	0	0	594.84	212.74	7.49	7.51	100	71
3	21	37	0	0	0	666.839679	212.740601	7.490123	7.506241	-1	###FLOW###
4	21	37	0	0	0	666.839679	212.740601	7.490123	7.506241	-1	###LINE###
5	21	37	0	0	0	666.84	212.74	7.49	7.51	100	40
3	21	38	0	0	0	117.719948	225.100597	15.471954	7.506241	-1	###FLOW###
4	21	38	0	0	0	117.719948	225.100597	15.471954	7.506241	-1	###LINE###
5	21	38	0	0	0	117.72	225.10	15.47	7.51	100	Clark
3	21	39	0	0	0	225.479901	225.100597	16.846042	7.506241	-1	###FLOW###
4	21	39	0	0	0	225.479901	225.100597	16.846042	7.506241	-1	###LINE###
5	21	39	0	0	0	225.48	225.10	16.85	7.51	100	1,178
3	21	40	0	0	0	303.119860	225.100597	11.235185	7.506241	-1	###FLOW###
4	21	40	0	0	0	303.119860	225.100597	11.235185	7.506241	-1	###LINE###
5	21	40	0	0	0	303.12	225.10	11.24	7.51	100	886
3	21	41	0	0	0	375.119820	225.100597	11.235185	7.506241	-1	###FLOW###
4	21	41	0	0	0	375.119820	225.100597	11.235185	7.506241	-1	###LINE###
5	21	41	0	0	0	375.12	225.10	11.24	7.51	100	401
3	21	42	0	0	0	447.119811	225.100597	11.235185	7.506241	-1	###FLOW###
4	21	42	0	0	0	447.119811	225.100597	11.235185	7.506241	-1	###LINE###
5	21	42	0	0	0	447.12	225.10	11.24	7.51	100	122
3	21	43	0	0	0	519.119770	225.100597	11.235185	7.506241	-1	###FLOW###
4	21	43	0	0	0	519.119770	225.100597	11.235185	7.506241	-1	###LINE###
5	21	43	0	0	0	519.12	225.10	11.24	7.51	100	176
3	21	44	0	0	0	594.839750	225.100597	7.490123	7.506241	-1	###FLOW###
4	21	44	0	0	0	594.839750	225.100597	7.490123	7.506241	-1	###LINE###
5	21	44	0	0	0	594.84	225.10	7.49	7.51	100	92
3	21	45	0	0	0	666.839679	225.100597	7.490123	7.506241	-1	###FLOW###
4	21	45	0	0	0	666.839679	225.100597	7.490123	7.506241	-1	###LINE###
5	21	45	0	0	0	666.84	225.10	7.49	7.51	100	57
3	21	46	0	0	0	117.719948	237.340596	14.091131	7.506241	-1	###FLOW###
4	21	46	0	0	0	117.719948	237.340596	14.091131	7.506241	-1	###LINE###
5	21	46	0	0	0	117.72	237.34	14.09	7.51	100	Estill
3	21	47	0	0	0	231.119901	237.340596	11.235185	7.506241	-1	###FLOW###
4	21	47	0	0	0	231.119901	237.340596	11.235185	7.506241	-1	###LINE###
5	21	47	0	0	0	231.12	237.34	11.24	7.51	100	229
3	21	48	0	0	0	303.119860	237.340596	11.235185	7.506241	-1	###FLOW###
4	21	48	0	0	0	303.119860	237.340596	11.235185	7.506241	-1	###LINE###
5	21	48	0	0	0	303.12	237.34	11.24	7.51	100	167
3	21	49	0	0	0	378.839840	237.340596	7.490123	7.506241	-1	###FLOW###
4	21	49	0	0	0	378.839840	237.340596	7.490123	7.506241	-1	###LINE###
5	21	49	0	0	0	378.84	237.34	7.49	7.51	100	56
3	21	50	0	0	0	450.839800	237.340596	7.490123	7.506241	-1	###FLOW###
4	21	50	0	0	0	450.839800	237.340596	7.490123	7.506241	-1	###LINE###
5	21	50	0	0	0	450.84	237.34	7.49	7.51	100	22
3	21	51	0	0	0	522.839760	237.340596	7.490123	7.506241	-1	###FLOW###
4	21	51	0	0	0	522.839760	237.340596	7.490123	7.506241	-1	###LINE###
5	21	51	0	0	0	522.84	237.34	7.49	7.51	100	27
3	21	52	0	0	0	594.839750	237.340596	7.490123	7.506241	-1	###FLOW###
4	21	52	0	0	0	594.839750	237.340596	7.490123	7.506241	-1	###LINE###
5	21	52	0	0	0	594.84	237.34	7.49	7.51	100	65
3	21	53	0	0	0	666.839679	237.340596	7.490123	7.506241	-1	###FLOW###
4	21	53	0	0	0	666.839679	237.340596	7.490123	7.506241	-1	###LINE###
5	21	53	0	0	0	666.84	237.34	7.49	7.51	100	13
3	21	54	0	0	0	117.719948	249.700592	22.342391	7.506241	-1	###FLOW###
4	21	54	0	0	0	117.719948	249.700592	22.342391	7.506241	-1	###LINE###
5	21	54	0	0	0	117.72	249.70	22.34	7.51	100	Fayette
3	21	55	0	0	0	221.759896	249.700592	20.591103	7.506241	-1	###FLOW###
4	21	55	0	0	0	221.759896	249.700592	20.591103	7.506241	-1	###LINE###
5	21	55	0	0	0	221.76	249.70	20.59	7.51	100	13,871
3	21	56	0	0	0	293.759856	249.700592	20.591103	7.506241	-1	###FLOW###
4	21	56	0	0	0	293.759856	249.700592	20.591103	7.506241	-1	###LINE###
5	21	56	0	0	0	293.76	249.70	20.59	7.51	100	11,994
3	21	57	0	0	0	369.479836	249.700592	16.846042	7.506241	-1	###FLOW###
4	21	57	0	0	0	369.479836	249.700592	16.846042	7.506241	-1	###LINE###
5	21	57	0	0	0	369.48	249.70	16.85	7.51	100	6,076
3	21	58	0	0	0	441.479796	249.700592	16.846042	7.506241	-1	###FLOW###
4	21	58	0	0	0	441.479796	249.700592	16.846042	7.506241	-1	###LINE###
5	21	58	0	0	0	441.48	249.70	16.85	7.51	100	1,513
3	21	59	0	0	0	513.479756	249.700592	16.846042	7.506241	-1	###FLOW###
4	21	59	0	0	0	513.479756	249.700592	16.846042	7.506241	-1	###LINE###
5	21	59	0	0	0	513.48	249.70	16.85	7.51	100	1,285
3	21	60	0	0	0	591.119762	249.700592	11.235185	7.506241	-1	###FLOW###
4	21	60	0	0	0	591.119762	249.700592	11.235185	7.506241	-1	###LINE###
5	21	60	0	0	0	591.12	249.70	11.24	7.51	100	528
3	21	61	0	0	0	663.119691	249.700592	11.235185	7.506241	-1	###FLOW###
4	21	61	0	0	0	663.119691	249.700592	11.235185	7.506241	-1	###LINE###
5	21	61	0	0	0	663.12	249.70	11.24	7.51	100	348
3	21	62	0	0	0	117.719948	261.940561	23.804043	7.506241	-1	###FLOW###
4	21	62	0	0	0	117.719948	261.940561	23.804043	7.506241	-1	###LINE###
5	21	62	0	0	0	117.72	261.94	23.80	7.51	100	Fleming
3	21	63	0	0	0	231.119901	261.940561	11.235185	7.506241	-1	###FLOW###
4	21	63	0	0	0	231.119901	261.940561	11.235185	7.506241	-1	###LINE###
5	21	63	0	0	0	231.12	261.94	11.24	7.51	100	342
3	21	64	0	0	0	303.119860	261.940561	11.235185	7.506241	-1	###FLOW###
4	21	64	0	0	0	303.119860	261.940561	11.235185	7.506241	-1	###LINE###
5	21	64	0	0	0	303.12	261.94	11.24	7.51	100	258
3	21	65	0	0	0	378.839840	261.940561	7.490123	7.506241	-1	###FLOW###
4	21	65	0	0	0	378.839840	261.940561	7.490123	7.506241	-1	###LINE###
5	21	65	0	0	0	378.84	261.94	7.49	7.51	100	95
3	21	66	0	0	0	450.839800	261.940561	7.490123	7.506241	-1	###FLOW###
4	21	66	0	0	0	450.839800	261.940561	7.490123	7.506241	-1	###LINE###
5	21	66	0	0	0	450.84	261.94	7.49	7.51	100	69
3	21	67	0	0	0	522.839760	261.940561	7.490123	7.506241	-1	###FLOW###
4	21	67	0	0	0	522.839760	261.940561	7.490123	7.506241	-1	###LINE###
5	21	67	0	0	0	522.84	261.94	7.49	7.51	100	82
3	21	68	0	0	0	594.839750	261.940561	7.490123	7.506241	-1	###FLOW###
4	21	68	0	0	0	594.839750	261.940561	7.490123	7.506241	-1	###LINE###
5	21	68	0	0	0	594.84	261.94	7.49	7.51	100	90
3	21	69	0	0	0	666.839679	261.940561	7.490123	7.506241	-1	###FLOW###
4	21	69	0	0	0	666.839679	261.940561	7.490123	7.506241	-1	###LINE###
5	21	69	0	0	0	666.84	261.94	7.49	7.51	100	27
3	21	70	0	0	0	117.719948	274.300588	23.292128	7.506241	-1	###FLOW###
4	21	70	0	0	0	117.719948	274.300588	23.292128	7.506241	-1	###LINE###
5	21	70	0	0	0	117.72	274.30	23.29	7.51	100	Garrard
3	21	71	0	0	0	231.119901	274.300588	11.235185	7.506241	-1	###FLOW###
4	21	71	0	0	0	231.119901	274.300588	11.235185	7.506241	-1	###LINE###
5	21	71	0	0	0	231.12	274.30	11.24	7.51	100	277
3	21	72	0	0	0	303.119860	274.300588	11.235185	7.506241	-1	###FLOW###
4	21	72	0	0	0	303.119860	274.300588	11.235185	7.506241	-1	###LINE###
5	21	72	0	0	0	303.12	274.30	11.24	7.51	100	149
3	21	73	0	0	0	378.839840	274.300588	7.490123	7.506241	-1	###FLOW###
4	21	73	0	0	0	378.839840	274.300588	7.490123	7.506241	-1	###LINE###
5	21	73	0	0	0	378.84	274.30	7.49	7.51	100	81
3	21	74	0	0	0	450.839800	274.300588	7.490123	7.506241	-1	###FLOW###
4	21	74	0	0	0	450.839800	274.300588	7.490123	7.506241	-1	###LINE###
5	21	74	0	0	0	450.84	274.30	7.49	7.51	100	18
3	21	75	0	0	0	522.839760	274.300588	7.490123	7.506241	-1	###FLOW###
4	21	75	0	0	0	522.839760	274.300588	7.490123	7.506241	-1	###LINE###
5	21	75	0	0	0	522.84	274.30	7.49	7.51	100	27
3	21	76	0	0	0	594.839750	274.300588	7.490123	7.506241	-1	###FLOW###
4	21	76	0	0	0	594.839750	274.300588	7.490123	7.506241	-1	###LINE###
5	21	76	0	0	0	594.84	274.30	7.49	7.51	100	24
3	21	77	0	0	0	670.559669	274.300588	3.745062	7.506241	-1	###FLOW###
4	21	77	0	0	0	670.559669	274.300588	3.745062	7.506241	-1	###LINE###
5	21	77	0	0	0	670.56	274.30	3.75	7.51	100	5
3	21	78	0	0	0	117.719948	286.540587	32.203489	7.506241	-1	###FLOW###
4	21	78	0	0	0	117.719948	286.540587	32.203489	7.506241	-1	###LINE###
5	21	78	0	0	0	117.72	286.54	32.20	7.51	100	Jessamine
3	21	79	0	0	0	225.479901	286.540587	16.846042	7.506241	-1	###FLOW###
4	21	79	0	0	0	225.479901	286.540587	16.846042	7.506241	-1	###LINE###
5	21	79	0	0	0	225.48	286.54	16.85	7.51	100	1,370
3	21	80	0	0	0	303.119860	286.540587	11.235185	7.506241	-1	###FLOW###
4	21	80	0	0	0	303.119860	286.540587	11.235185	7.506241	-1	###LINE###
5	21	80	0	0	0	303.12	286.54	11.24	7.51	100	884
3	21	81	0	0	0	375.119820	286.540587	11.235185	7.506241	-1	###FLOW###
4	21	81	0	0	0	375.119820	286.540587	11.235185	7.506241	-1	###LINE###
5	21	81	0	0	0	375.12	286.54	11.24	7.51	100	539
3	21	82	0	0	0	447.119811	286.540587	11.235185	7.506241	-1	###FLOW###
4	21	82	0	0	0	447.119811	286.540587	11.235185	7.506241	-1	###LINE###
5	21	82	0	0	0	447.12	286.54	11.24	7.51	100	151
3	21	83	0	0	0	519.119770	286.540587	11.235185	7.506241	-1	###FLOW###
4	21	83	0	0	0	519.119770	286.540587	11.235185	7.506241	-1	###LINE###
5	21	83	0	0	0	519.12	286.54	11.24	7.51	100	126
3	21	84	0	0	0	591.119762	286.540587	11.235185	7.506241	-1	###FLOW###
4	21	84	0	0	0	591.119762	286.540587	11.235185	7.506241	-1	###LINE###
5	21	84	0	0	0	591.12	286.54	11.24	7.51	100	100
3	21	85	0	0	0	666.839679	286.540587	7.490123	7.506241	-1	###FLOW###
4	21	85	0	0	0	666.839679	286.540587	7.490123	7.506241	-1	###LINE###
5	21	85	0	0	0	666.84	286.54	7.49	7.51	100	59
3	21	86	0	0	0	117.719948	298.900582	25.454295	7.506241	-1	###FLOW###
4	21	86	0	0	0	117.719948	298.900582	25.454295	7.506241	-1	###LINE###
5	21	86	0	0	0	117.72	298.90	25.45	7.51	100	Madison
3	21	87	0	0	0	225.479901	298.900582	16.846042	7.506241	-1	###FLOW###
4	21	87	0	0	0	225.479901	298.900582	16.846042	7.506241	-1	###LINE###
5	21	87	0	0	0	225.48	298.90	16.85	7.51	100	2,525
3	21	88	0	0	0	297.479876	298.900582	16.846042	7.506241	-1	###FLOW###
4	21	88	0	0	0	297.479876	298.900582	16.846042	7.506241	-1	###LINE###
5	21	88	0	0	0	297.48	298.90	16.85	7.51	100	1,815
3	21	89	0	0	0	369.479836	298.900582	16.846042	7.506241	-1	###FLOW###
4	21	89	0	0	0	369.479836	298.900582	16.846042	7.506241	-1	###LINE###
5	21	89	0	0	0	369.48	298.90	16.85	7.51	100	1,068
3	21	90	0	0	0	447.119811	298.900582	11.235185	7.506241	-1	###FLOW###
4	21	90	0	0	0	447.119811	298.900582	11.235185	7.506241	-1	###LINE###
5	21	90	0	0	0	447.12	298.90	11.24	7.51	100	247
3	21	91	0	0	0	519.119770	298.900582	11.235185	7.506241	-1	###FLOW###
4	21	91	0	0	0	519.119770	298.900582	11.235185	7.506241	-1	###LINE###
5	21	91	0	0	0	519.12	298.90	11.24	7.51	100	346
3	21	92	0	0	0	591.119762	298.900582	11.235185	7.506241	-1	###FLOW###
4	21	92	0	0	0	591.119762	298.900582	11.235185	7.506241	-1	###LINE###
5	21	92	0	0	0	591.12	298.90	11.24	7.51	100	241
3	21	93	0	0	0	663.119691	298.900582	11.235185	7.506241	-1	###FLOW###
4	21	93	0	0	0	663.119691	298.900582	11.235185	7.506241	-1	###LINE###
5	21	93	0	0	0	663.12	298.90	11.24	7.51	100	101
3	21	94	0	0	0	117.719948	311.140583	20.954832	7.506241	-1	###FLOW###
4	21	94	0	0	0	117.719948	311.140583	20.954832	7.506241	-1	###LINE###
5	21	94	0	0	0	117.72	311.14	20.95	7.51	100	Mercer
3	21	95	0	0	0	231.119901	311.140583	11.235185	7.506241	-1	###FLOW###
4	21	95	0	0	0	231.119901	311.140583	11.235185	7.506241	-1	###LINE###
5	21	95	0	0	0	231.12	311.14	11.24	7.51	100	595
3	21	96	0	0	0	303.119860	311.140583	11.235185	7.506241	-1	###FLOW###
4	21	96	0	0	0	303.119860	311.140583	11.235185	7.506241	-1	###LINE###
5	21	96	0	0	0	303.12	311.14	11.24	7.51	100	427
3	21	97	0	0	0	375.119820	311.140583	11.235185	7.506241	-1	###FLOW###
4	21	97	0	0	0	375.119820	311.140583	11.235185	7.506241	-1	###LINE###
5	21	97	0	0	0	375.12	311.14	11.24	7.51	100	319
3	21	98	0	0	0	450.839800	311.140583	7.490123	7.506241	-1	###FLOW###
4	21	98	0	0	0	450.839800	311.140583	7.490123	7.506241	-1	###LINE###
5	21	98	0	0	0	450.84	311.14	7.49	7.51	100	81
3	21	99	0	0	0	522.839760	311.140583	7.490123	7.506241	-1	###FLOW###
4	21	99	0	0	0	522.839760	311.140583	7.490123	7.506241	-1	###LINE###
5	21	99	0	0	0	522.84	311.14	7.49	7.51	100	86
3	21	100	0	0	0	594.839750	311.140583	7.490123	7.506241	-1	###FLOW###
4	21	100	0	0	0	594.839750	311.140583	7.490123	7.506241	-1	###LINE###
5	21	100	0	0	0	594.84	311.14	7.49	7.51	100	69
3	21	101	0	0	0	666.839679	311.140583	7.490123	7.506241	-1	###FLOW###
4	21	101	0	0	0	666.839679	311.140583	7.490123	7.506241	-1	###LINE###
5	21	101	0	0	0	666.84	311.14	7.49	7.51	100	35
3	21	102	0	0	0	117.719948	323.500578	37.423674	7.506241	-1	###FLOW###
4	21	102	0	0	0	117.719948	323.500578	37.423674	7.506241	-1	###LINE###
5	21	102	0	0	0	117.72	323.50	37.42	7.51	100	Montgomery
3	21	103	0	0	0	231.119901	323.500578	11.235185	7.506241	-1	###FLOW###
4	21	103	0	0	0	231.119901	323.500578	11.235185	7.506241	-1	###LINE###
5	21	103	0	0	0	231.12	323.50	11.24	7.51	100	822
3	21	104	0	0	0	303.119860	323.500578	11.235185	7.506241	-1	###FLOW###
4	21	104	0	0	0	303.119860	323.500578	11.235185	7.506241	-1	###LINE###
5	21	104	0	0	0	303.12	323.50	11.24	7.51	100	449
3	21	105	0	0	0	375.119820	323.500578	11.235185	7.506241	-1	###FLOW###
4	21	105	0	0	0	375.119820	323.500578	11.235185	7.506241	-1	###LINE###
5	21	105	0	0	0	375.12	323.50	11.24	7.51	100	214
3	21	106	0	0	0	447.119811	323.500578	11.235185	7.506241	-1	###FLOW###
4	21	106	0	0	0	447.119811	323.500578	11.235185	7.506241	-1	###LINE###
5	21	106	0	0	0	447.12	323.50	11.24	7.51	100	111
3	21	107	0	0	0	522.839760	323.500578	7.490123	7.506241	-1	###FLOW###
4	21	107	0	0	0	522.839760	323.500578	7.490123	7.506241	-1	###LINE###
5	21	107	0	0	0	522.84	323.50	7.49	7.51	100	99
3	21	108	0	0	0	591.119762	323.500578	11.235185	7.506241	-1	###FLOW###
4	21	108	0	0	0	591.119762	323.500578	11.235185	7.506241	-1	###LINE###
5	21	108	0	0	0	591.12	323.50	11.24	7.51	100	129
3	21	109	0	0	0	666.839679	323.500578	7.490123	7.506241	-1	###FLOW###
4	21	109	0	0	0	666.839679	323.500578	7.490123	7.506241	-1	###LINE###
5	21	109	0	0	0	666.84	323.50	7.49	7.51	100	43
3	21	110	0	0	0	117.719948	335.740579	25.589009	7.506241	-1	###FLOW###
4	21	110	0	0	0	117.719948	335.740579	25.589009	7.506241	-1	###LINE###
5	21	110	0	0	0	117.72	335.74	25.59	7.51	100	Nicholas
3	21	111	0	0	0	231.119901	335.740579	11.235185	7.506241	-1	###FLOW###
4	21	111	0	0	0	231.119901	335.740579	11.235185	7.506241	-1	###LINE###
5	21	111	0	0	0	231.12	335.74	11.24	7.51	100	335
3	21	112	0	0	0	303.119860	335.740579	11.235185	7.506241	-1	###FLOW###
4	21	112	0	0	0	303.119860	335.740579	11.235185	7.506241	-1	###LINE###
5	21	112	0	0	0	303.12	335.74	11.24	7.51	100	211
3	21	113	0	0	0	378.839840	335.740579	7.490123	7.506241	-1	###FLOW###
4	21	113	0	0	0	378.839840	335.740579	7.490123	7.506241	-1	###LINE###
5	21	113	0	0	0	378.84	335.74	7.49	7.51	100	90
3	21	114	0	0	0	450.839800	335.740579	7.490123	7.506241	-1	###FLOW###
4	21	114	0	0	0	450.839800	335.740579	7.490123	7.506241	-1	###LINE###
5	21	114	0	0	0	450.84	335.74	7.49	7.51	100	95
3	21	115	0	0	0	522.839760	335.740579	7.490123	7.506241	-1	###FLOW###
4	21	115	0	0	0	522.839760	335.740579	7.490123	7.506241	-1	###LINE###
5	21	115	0	0	0	522.84	335.74	7.49	7.51	100	74
3	21	116	0	0	0	594.839750	335.740579	7.490123	7.506241	-1	###FLOW###
4	21	116	0	0	0	594.839750	335.740579	7.490123	7.506241	-1	###LINE###
5	21	116	0	0	0	594.84	335.74	7.49	7.51	100	77
3	21	117	0	0	0	666.839679	335.740579	7.490123	7.506241	-1	###FLOW###
4	21	117	0	0	0	666.839679	335.740579	7.490123	7.506241	-1	###LINE###
5	21	117	0	0	0	666.84	335.74	7.49	7.51	100	22
3	21	118	0	0	0	117.719948	348.100574	19.371938	7.506241	-1	###FLOW###
4	21	118	0	0	0	117.719948	348.100574	19.371938	7.506241	-1	###LINE###
5	21	118	0	0	0	117.72	348.10	19.37	7.51	100	Powell
3	21	119	0	0	0	231.119901	348.100574	11.235185	7.506241	-1	###FLOW###
4	21	119	0	0	0	231.119901	348.100574	11.235185	7.506241	-1	###LINE###
5	21	119	0	0	0	231.12	348.10	11.24	7.51	100	291
3	21	120	0	0	0	303.119860	348.100574	11.235185	7.506241	-1	###FLOW###
4	21	120	0	0	0	303.119860	348.100574	11.235185	7.506241	-1	###LINE###
5	21	120	0	0	0	303.12	348.10	11.24	7.51	100	253
3	21	121	0	0	0	375.119820	348.100574	11.235185	7.506241	-1	###FLOW###
4	21	121	0	0	0	375.119820	348.100574	11.235185	7.506241	-1	###LINE###
5	21	121	0	0	0	375.12	348.10	11.24	7.51	100	103
3	21	122	0	0	0	450.839800	348.100574	7.490123	7.506241	-1	###FLOW###
4	21	122	0	0	0	450.839800	348.100574	7.490123	7.506241	-1	###LINE###
5	21	122	0	0	0	450.84	348.10	7.49	7.51	100	53
3	21	123	0	0	0	522.839760	348.100574	7.490123	7.506241	-1	###FLOW###
4	21	123	0	0	0	522.839760	348.100574	7.490123	7.506241	-1	###LINE###
5	21	123	0	0	0	522.84	348.10	7.49	7.51	100	98
3	21	124	0	0	0	594.839750	348.100574	7.490123	7.506241	-1	###FLOW###
4	21	124	0	0	0	594.839750	348.100574	7.490123	7.506241	-1	###LINE###
5	21	124	0	0	0	594.84	348.10	7.49	7.51	100	89
3	21	125	0	0	0	666.839679	348.100574	7.490123	7.506241	-1	###FLOW###
4	21	125	0	0	0	666.839679	348.100574	7.490123	7.506241	-1	###LINE###
5	21	125	0	0	0	666.84	348.10	7.49	7.51	100	17
3	21	126	0	0	0	117.719948	360.340559	15.249676	7.506241	-1	###FLOW###
4	21	126	0	0	0	117.719948	360.340559	15.249676	7.506241	-1	###LINE###
5	21	126	0	0	0	117.72	360.34	15.25	7.51	100	Scott
3	21	127	0	0	0	225.479901	360.340559	16.846042	7.506241	-1	###FLOW###
4	21	127	0	0	0	225.479901	360.340559	16.846042	7.506241	-1	###LINE###
5	21	127	0	0	0	225.48	360.34	16.85	7.51	100	1,731
3	21	128	0	0	0	297.479876	360.340559	16.846042	7.506241	-1	###FLOW###
4	21	128	0	0	0	297.479876	360.340559	16.846042	7.506241	-1	###LINE###
5	21	128	0	0	0	297.48	360.34	16.85	7.51	100	1,923
3	21	129	0	0	0	375.119820	360.340559	11.235185	7.506241	-1	###FLOW###
4	21	129	0	0	0	375.119820	360.340559	11.235185	7.506241	-1	###LINE###
5	21	129	0	0	0	375.12	360.34	11.24	7.51	100	693
3	21	130	0	0	0	447.119811	360.340559	11.235185	7.506241	-1	###FLOW###
4	21	130	0	0	0	447.119811	360.340559	11.235185	7.506241	-1	###LINE###
5	21	130	0	0	0	447.12	360.34	11.24	7.51	100	219
3	21	131	0	0	0	519.119770	360.340559	11.235185	7.506241	-1	###FLOW###
4	21	131	0	0	0	519.119770	360.340559	11.235185	7.506241	-1	###LINE###
5	21	131	0	0	0	519.12	360.34	11.24	7.51	100	179
3	21	132	0	0	0	591.119762	360.340559	11.235185	7.506241	-1	###FLOW###
4	21	132	0	0	0	591.119762	360.340559	11.235185	7.506241	-1	###LINE###
5	21	132	0	0	0	591.12	360.34	11.24	7.51	100	127
3	21	133	0	0	0	666.839679	360.340559	7.490123	7.506241	-1	###FLOW###
4	21	133	0	0	0	666.839679	360.340559	7.490123	7.506241	-1	###LINE###
5	21	133	0	0	0	666.84	360.34	7.49	7.51	100	64
3	21	134	0	0	0	117.719948	372.700554	29.542879	7.506241	-1	###FLOW###
4	21	134	0	0	0	117.719948	372.700554	29.542879	7.506241	-1	###LINE###
5	21	134	0	0	0	117.72	372.70	29.54	7.51	100	Woodford
3	21	135	0	0	0	225.479901	372.700554	16.846042	7.506241	-1	###FLOW###
4	21	135	0	0	0	225.479901	372.700554	16.846042	7.506241	-1	###LINE###
5	21	135	0	0	0	225.48	372.70	16.85	7.51	100	1,741
3	21	136	0	0	0	303.119860	372.700554	11.235185	7.506241	-1	###FLOW###
4	21	136	0	0	0	303.119860	372.700554	11.235185	7.506241	-1	###LINE###
5	21	136	0	0	0	303.12	372.70	11.24	7.51	100	818
3	21	137	0	0	0	375.119820	372.700554	11.235185	7.506241	-1	###FLOW###
4	21	137	0	0	0	375.119820	372.700554	11.235185	7.506241	-1	###LINE###
5	21	137	0	0	0	375.12	372.70	11.24	7.51	100	507
3	21	138	0	0	0	447.119811	372.700554	11.235185	7.506241	-1	###FLOW###
4	21	138	0	0	0	447.119811	372.700554	11.235185	7.506241	-1	###LINE###
5	21	138	0	0	0	447.12	372.70	11.24	7.51	100	119
3	21	139	0	0	0	519.119770	372.700554	11.235185	7.506241	-1	###FLOW###
4	21	139	0	0	0	519.119770	372.700554	11.235185	7.506241	-1	###LINE###
5	21	139	0	0	0	519.12	372.70	11.24	7.51	100	130
3	21	140	0	0	0	591.119762	372.700554	11.235185	7.506241	-1	###FLOW###
4	21	140	0	0	0	591.119762	372.700554	11.235185	7.506241	-1	###LINE###
5	21	140	0	0	0	591.12	372.70	11.24	7.51	100	110
3	21	141	0	0	0	666.839679	372.700554	7.490123	7.506241	-1	###FLOW###
4	21	141	0	0	0	666.839679	372.700554	7.490123	7.506241	-1	###LINE###
5	21	141	0	0	0	666.84	372.70	7.49	7.51	100	52
3	21	142	0	0	0	117.719948	385.060581	36.393108	7.506241	-1	###FLOW###
4	21	142	0	0	0	117.719948	385.060581	36.393108	7.506241	-1	###LINE###
5	21	142	0	0	0	117.72	385.06	16.16	7.51	100	Total
5	21	142	0	0	1	135.79	385.06	18.33	7.51	100	Votes
3	21	143	0	0	0	221.759896	385.060581	20.591103	7.506241	-1	###FLOW###
4	21	143	0	0	0	221.759896	385.060581	20.591103	7.506241	-1	###LINE###
5	21	143	0	0	0	221.76	385.06	20.59	7.51	100	26,858
3	21	144	0	0	0	293.759856	385.060581	20.591103	7.506241	-1	###FLOW###
4	21	144	0	0	0	293.759856	385.060581	20.591103	7.506241	-1	###LINE###
5	21	144	0	0	0	293.76	385.06	20.59	7.51	100	21,312
3	21	145	0	0	0	365.759847	385.060581	20.591103	7.506241	-1	###FLOW###
4	21	145	0	0	0	365.759847	385.060581	20.591103	7.506241	-1	###LINE###
5	21	145	0	0	0	365.76	385.06	20.59	7.51	100	10,703
3	21	146	0	0	0	441.479796	385.060581	16.846042	7.506241	-1	###FLOW###
4	21	146	0	0	0	441.479796	385.060581	16.846042	7.506241	-1	###LINE###
5	21	146	0	0	0	441.48	385.06	16.85	7.51	100	3,041
3	21	147	0	0	0	513.479756	385.060581	16.846042	7.506241	-1	###FLOW###
4	21	147	0	0	0	513.479756	385.060581	16.846042	7.506241	-1	###LINE###
5	21	147	0	0	0	513.48	385.06	16.85	7.51	100	2,952
3	21	148	0	0	0	585.479747	385.060581	16.846042	7.506241	-1	###FLOW###
4	21	148	0	0	0	585.479747	385.060581	16.846042	7.506241	-1	###LINE###
5	21	148	0	0	0	585.48	385.06	16.85	7.51	100	1,958
3	21	149	0	0	0	663.119691	385.060581	11.235185	7.506241	-1	###FLOW###
4	21	149	0	0	0	663.119691	385.060581	11.235185	7.506241	-1	###LINE###
5	21	149	0	0	0	663.12	385.06	11.24	7.51	100	940
3	21	150	0	0	0	480.599802	172.404395	193.757042	10.857240	-1	###FLOW###
4	21	150	0	0	0	480.599802	172.404395	193.757042	10.857240	-1	###LINE###
5	21	150	0	0	0	480.60	172.40	49.69	10.86	100	EDWARDS
5	21	150	0	0	1	537.60	172.40	46.93	10.86	100	CARROLL
5	21	150	0	0	2	587.09	172.40	15.15	10.86	100	JR.
5	21	150	0	0	3	611.76	172.40	62.60	10.86	100	AUSBROOKS
1	22	0	0	0	0	0.000000	0.000000	792.000000	612.000000	-1	###PAGE###
3	22	0	0	0	0	270.479880	216.146188	251.100141	32.390776	-1	###FLOW###
4	22	0	0	0	0	299.759876	216.146188	192.558297	15.950760	-1	###LINE###
5	22	0	0	0	0	299.76	216.15	106.69	15.95	100	Commonwealth
5	22	0	0	0	1	410.40	216.15	13.50	15.95	100	of
5	22	0	0	0	2	427.92	216.15	64.40	15.95	100	Kentucky
4	22	0	0	1	0	270.479880	232.586204	251.100141	15.950760	-1	###LINE###
5	22	0	0	1	0	270.48	232.59	52.29	15.95	100	Michael
5	22	0	0	1	1	326.63	232.59	15.09	15.95	100	G.
5	22	0	0	1	2	345.60	232.59	51.06	15.95	100	Adams,
5	22	0	0	1	3	400.56	232.59	64.88	15.95	100	Secretary
5	22	0	0	1	4	469.19	232.59	13.50	15.95	100	of
5	22	0	0	1	5	486.60	232.59	34.98	15.95	100	State
3	22	0	1	0	0	267.959877	281.906191	256.152775	32.390746	-1	###FLOW###
4	22	0	1	0	0	352.439851	281.906191	87.154350	15.950760	-1	###LINE###
5	22	0	1	0	0	352.44	281.91	27.84	15.95	100	May
5	22	0	1	0	1	384.00	281.91	19.88	15.95	100	19,
5	22	0	1	0	2	407.76	281.91	31.83	15.95	100	2026
4	22	0	1	1	0	267.959877	298.346177	256.152775	15.950760	-1	###LINE###
5	22	0	1	1	0	267.96	298.35	48.47	15.95	100	Official
5	22	0	1	1	1	320.40	298.35	31.83	15.95	100	2026
5	22	0	1	1	2	356.04	298.35	53.12	15.95	100	Primary
5	22	0	1	1	3	412.91	298.35	55.61	15.95	100	Election
5	22	0	1	1	4	472.44	298.35	51.67	15.95	100	Results
3	22	0	2	0	0	341.879862	347.666194	108.051928	32.390746	-1	###FLOW###
4	22	0	2	0	0	341.879862	347.666194	108.051928	15.950760	-1	###LINE###
5	22	0	2	0	0	341.88	347.67	23.03	15.95	100	For
5	22	0	2	0	1	368.87	347.67	21.46	15.95	100	the
5	22	0	2	0	2	394.32	347.67	38.15	15.95	100	office
5	22	0	2	0	3	436.43	347.67	13.50	15.95	100	of
4	22	0	2	1	0	349.919848	364.106180	92.121103	15.950760	-1	###LINE###
5	22	0	2	1	0	349.92	364.11	34.98	15.95	100	State
5	22	0	2	1	1	388.80	364.11	53.25	15.95	100	Senator
1	23	0	0	0	0	0.000000	0.000000	792.000000	612.000000	-1	###PAGE###
3	23	0	0	0	0	35.999984	54.115290	161.717484	13.404001	-1	###FLOW###
4	23	0	0	0	0	35.999984	54.115290	161.717484	13.404001	-1	###LINE###
5	23	0	0	0	0	36.00	54.12	89.61	13.40	100	Commonwealth
5	23	0	0	0	1	128.96	54.12	11.34	13.40	100	of
5	23	0	0	0	2	143.60	54.12	54.11	13.40	100	Kentucky
3	23	1	0	0	0	289.919866	54.115290	212.006871	13.404001	-1	###FLOW###
4	23	1	0	0	0	289.919866	54.115290	212.006871	13.404001	-1	###LINE###
5	23	1	0	0	0	289.92	54.12	44.08	13.40	100	Michael
5	23	1	0	0	1	337.41	54.12	12.68	13.40	100	G.
5	23	1	0	0	2	353.49	54.12	43.05	13.40	100	Adams,
5	23	1	0	0	3	399.93	54.12	54.93	13.40	100	Secretary
5	23	1	0	0	4	457.88	54.12	11.34	13.40	100	of
5	23	1	0	0	5	472.53	54.12	29.40	13.40	100	State
3	23	2	0	0	0	584.279730	54.115290	171.664703	13.404001	-1	###FLOW###
4	23	2	0	0	0	584.279730	54.115290	171.664703	13.404001	-1	###LINE###
5	23	2	0	0	0	584.28	54.12	26.75	13.40	100	2026
5	23	2	0	0	1	614.48	54.12	44.77	13.40	100	Primary
5	23	2	0	0	2	662.37	54.12	46.85	13.40	100	Election
5	23	2	0	0	3	712.52	54.12	43.42	13.40	100	Results
3	23	3	0	0	0	333.839845	111.955306	124.298139	41.003991	-1	###FLOW###
4	23	3	0	0	0	357.239854	111.955306	77.472839	13.404001	-1	###LINE###
5	23	3	0	0	0	357.24	111.96	29.40	13.40	100	State
5	23	3	0	0	1	389.97	111.96	44.74	13.40	100	Senator
4	23	3	0	1	0	333.839845	125.755316	124.298139	13.404001	-1	###LINE###
5	23	3	0	1	0	333.84	125.76	18.03	13.40	100	6th
5	23	3	0	1	1	355.17	125.76	58.10	13.40	100	Senatorial
5	23	3	0	1	2	416.73	125.76	41.41	13.40	100	District
4	23	3	0	2	0	346.679835	139.555296	98.918899	13.404001	-1	###LINE###
5	23	3	0	2	0	346.68	139.56	65.48	13.40	100	Democratic
5	23	3	0	2	1	415.53	139.56	30.07	13.40	100	Party
3	23	3	1	0	0	397.799820	164.364412	41.465106	22.017245	-1	###FLOW###
4	23	3	1	0	0	400.799830	164.364412	38.435113	10.857240	-1	###LINE###
5	23	3	1	0	0	400.80	164.36	38.44	10.86	100	Christian
4	23	3	1	1	0	397.799820	175.524417	41.465106	10.857240	-1	###LINE###
5	23	3	1	1	0	397.80	175.52	41.47	10.86	100	FURMAN
3	23	4	0	0	0	507.839772	164.364412	39.442142	22.017245	-1	###FLOW###
4	23	4	0	0	0	524.639784	164.364412	22.642130	10.857240	-1	###LINE###
5	23	4	0	0	0	524.64	164.36	22.64	10.86	100	Chaz
4	23	4	0	1	0	507.839772	175.524417	39.370416	10.857240	-1	###LINE###
5	23	4	0	1	0	507.84	175.52	39.37	10.86	100	STOESS
3	23	5	0	0	0	244.799901	191.124398	40.198549	10.857240	-1	###FLOW###
4	23	5	0	0	0	244.799901	191.124398	40.198549	10.857240	-1	###LINE###
5	23	5	0	0	0	244.80	191.12	40.20	10.86	100	Jefferson
3	23	6	0	0	0	414.839804	191.124398	24.366595	10.857240	-1	###FLOW###
4	23	6	0	0	0	414.839804	191.124398	24.366595	10.857240	-1	###LINE###
5	23	6	0	0	0	414.84	191.12	24.37	10.86	100	4,276
3	23	7	0	0	0	522.839760	191.124398	24.366595	10.857240	-1	###FLOW###
4	23	7	0	0	0	522.839760	191.124398	24.366595	10.857240	-1	###LINE###
5	23	7	0	0	0	522.84	191.12	24.37	10.86	100	1,174
3	23	8	0	0	0	244.799901	206.604415	34.099593	10.857240	-1	###FLOW###
4	23	8	0	0	0	244.799901	206.604415	34.099593	10.857240	-1	###LINE###
5	23	8	0	0	0	244.80	206.60	34.10	10.86	100	Oldham
3	23	9	0	0	0	414.839804	206.604415	24.366595	10.857240	-1	###FLOW###
4	23	9	0	0	0	414.839804	206.604415	24.366595	10.857240	-1	###LINE###
5	23	9	0	0	0	414.84	206.60	24.37	10.86	100	3,667
3	23	10	0	0	0	522.839760	206.604415	24.366595	10.857240	-1	###FLOW###
4	23	10	0	0	0	522.839760	206.604415	24.366595	10.857240	-1	###LINE###
5	23	10	0	0	0	522.84	206.60	24.37	10.86	100	1,234
3	23	11	0	0	0	244.799901	221.964406	32.462813	10.857240	-1	###FLOW###
4	23	11	0	0	0	244.799901	221.964406	32.462813	10.857240	-1	###LINE###
5	23	11	0	0	0	244.80	221.96	32.46	10.86	100	Trimble
3	23	12	0	0	0	422.999822	221.964406	16.250892	10.857240	-1	###FLOW###
4	23	12	0	0	0	422.999822	221.964406	16.250892	10.857240	-1	###LINE###
5	23	12	0	0	0	423.00	221.96	16.25	10.86	100	482
3	23	13	0	0	0	530.999747	221.964406	16.250892	10.857240	-1	###FLOW###
4	23	13	0	0	0	530.999747	221.964406	16.250892	10.857240	-1	###LINE###
5	23	13	0	0	0	531.00	221.96	16.25	10.86	100	183
3	23	14	0	0	0	414.839804	237.684413	24.366595	10.857240	-1	###FLOW###
4	23	14	0	0	0	414.839804	237.684413	24.366595	10.857240	-1	###LINE###
5	23	14	0	0	0	414.84	237.68	24.37	10.86	100	8,425
3	23	15	0	0	0	522.839760	237.684413	24.366595	10.857240	-1	###FLOW###
4	23	15	0	0	0	522.839760	237.684413	24.366595	10.857240	-1	###LINE###
5	23	15	0	0	0	522.84	237.68	24.37	10.86	100	2,591
3	23	16	0	0	0	244.799901	237.684413	52.367233	10.857240	-1	###FLOW###
4	23	16	0	0	0	244.799901	237.684413	52.367233	10.857240	-1	###LINE###
5	23	16	0	0	0	244.80	237.68	23.12	10.86	100	Total
5	23	16	0	0	1	270.66	237.68	26.51	10.86	100	Votes
3	23	17	0	0	0	330.479862	286.555288	131.021834	41.003991	-1	###FLOW###
4	23	17	0	0	0	357.239854	286.555288	77.472839	13.404001	-1	###LINE###
5	23	17	0	0	0	357.24	286.56	29.40	13.40	100	State
5	23	17	0	0	1	389.97	286.56	44.74	13.40	100	Senator
4	23	17	0	1	0	330.479862	300.355268	131.021834	13.404001	-1	###LINE###
5	23	17	0	1	0	330.48	300.36	24.72	13.40	100	10th
5	23	17	0	1	1	358.53	300.36	58.10	13.40	100	Senatorial
5	23	17	0	1	2	420.09	300.36	41.41	13.40	100	District
4	23	17	0	2	0	347.039839	314.155277	98.197214	13.404001	-1	###LINE###
5	23	17	0	2	0	347.04	314.16	64.76	13.40	100	Republican
5	23	17	0	2	1	415.17	314.16	30.07	13.40	100	Party
3	23	17	1	0	0	398.879834	338.964394	40.403147	22.017229	-1	###FLOW###
4	23	17	1	0	0	420.239816	338.964394	18.832718	10.857240	-1	###LINE###
5	23	17	1	0	0	420.24	338.96	18.83	10.86	100	Matt
4	23	17	1	1	0	398.879834	350.124383	40.403147	10.857240	-1	###LINE###
5	23	17	1	1	0	398.88	350.12	40.40	10.86	100	DENEEN
3	23	18	0	0	0	509.519795	338.964394	37.762864	22.017229	-1	###FLOW###
4	23	18	0	0	0	523.919774	338.964394	23.285151	10.857240	-1	###LINE###
5	23	18	0	0	0	523.92	338.96	23.29	10.86	100	Louis
4	23	18	0	1	0	509.519795	350.124383	37.762864	10.857240	-1	###LINE###
5	23	18	0	1	0	509.52	350.12	37.76	10.86	100	GRIDER
3	23	19	0	0	0	244.799901	365.724365	28.594945	10.857240	-1	###FLOW###
4	23	19	0	0	0	244.799901	365.724365	28.594945	10.857240	-1	###LINE###
5	23	19	0	0	0	244.80	365.72	28.59	10.86	100	Hardin
3	23	20	0	0	0	414.839804	365.724365	24.366595	10.857240	-1	###FLOW###
4	23	20	0	0	0	414.839804	365.724365	24.366595	10.857240	-1	###LINE###
5	23	20	0	0	0	414.84	365.72	24.37	10.86	100	6,790
3	23	21	0	0	0	522.839760	365.724365	24.366595	10.857240	-1	###FLOW###
4	23	21	0	0	0	522.839760	365.724365	24.366595	10.857240	-1	###LINE###
5	23	21	0	0	0	522.84	365.72	24.37	10.86	100	1,370
3	23	22	0	0	0	244.799901	381.204382	40.198549	10.857240	-1	###FLOW###
4	23	22	0	0	0	244.799901	381.204382	40.198549	10.857240	-1	###LINE###
5	23	22	0	0	0	244.80	381.20	40.20	10.86	100	Jefferson
3	23	23	0	0	0	428.399803	381.204382	10.833928	10.857240	-1	###FLOW###
4	23	23	0	0	0	428.399803	381.204382	10.833928	10.857240	-1	###LINE###
5	23	23	0	0	0	428.40	381.20	10.83	10.86	100	82
3	23	24	0	0	0	536.399759	381.204382	10.833928	10.857240	-1	###FLOW###
4	23	24	0	0	0	536.399759	381.204382	10.833928	10.857240	-1	###LINE###
5	23	24	0	0	0	536.40	381.20	10.83	10.86	100	24
3	23	25	0	0	0	244.799901	396.924391	52.367233	10.857240	-1	###FLOW###
4	23	25	0	0	0	244.799901	396.924391	52.367233	10.857240	-1	###LINE###
5	23	25	0	0	0	244.80	396.92	23.12	10.86	100	Total
5	23	25	0	0	1	270.66	396.92	26.51	10.86	100	Votes
3	23	26	0	0	0	414.839804	396.924391	24.366595	10.857240	-1	###FLOW###
4	23	26	0	0	0	414.839804	396.924391	24.366595	10.857240	-1	###LINE###
5	23	26	0	0	0	414.84	396.92	24.37	10.86	100	6,872
3	23	27	0	0	0	522.839760	396.924391	24.366595	10.857240	-1	###FLOW###
4	23	27	0	0	0	522.839760	396.924391	24.366595	10.857240	-1	###LINE###
5	23	27	0	0	0	522.84	396.92	24.37	10.86	100	1,394
1	24	0	0	0	0	0.000000	0.000000	792.000000	612.000000	-1	###PAGE###
3	24	0	0	0	0	35.999984	54.115290	161.717484	13.404001	-1	###FLOW###
4	24	0	0	0	0	35.999984	54.115290	161.717484	13.404001	-1	###LINE###
5	24	0	0	0	0	36.00	54.12	89.61	13.40	100	Commonwealth
5	24	0	0	0	1	128.96	54.12	11.34	13.40	100	of
5	24	0	0	0	2	143.60	54.12	54.11	13.40	100	Kentucky
3	24	1	0	0	0	289.919866	54.115290	212.006871	13.404001	-1	###FLOW###
4	24	1	0	0	0	289.919866	54.115290	212.006871	13.404001	-1	###LINE###
5	24	1	0	0	0	289.92	54.12	44.08	13.40	100	Michael
5	24	1	0	0	1	337.41	54.12	12.68	13.40	100	G.
5	24	1	0	0	2	353.49	54.12	43.05	13.40	100	Adams,
5	24	1	0	0	3	399.93	54.12	54.93	13.40	100	Secretary
5	24	1	0	0	4	457.88	54.12	11.34	13.40	100	of
5	24	1	0	0	5	472.53	54.12	29.40	13.40	100	State
3	24	2	0	0	0	584.279730	54.115290	171.664703	13.404001	-1	###FLOW###
4	24	2	0	0	0	584.279730	54.115290	171.664703	13.404001	-1	###LINE###
5	24	2	0	0	0	584.28	54.12	26.75	13.40	100	2026
5	24	2	0	0	1	614.48	54.12	44.77	13.40	100	Primary
5	24	2	0	0	2	662.37	54.12	46.85	13.40	100	Election
5	24	2	0	0	3	712.52	54.12	43.42	13.40	100	Results
3	24	3	0	0	0	330.479862	111.955306	131.021834	41.003991	-1	###FLOW###
4	24	3	0	0	0	357.239854	111.955306	77.472839	13.404001	-1	###LINE###
5	24	3	0	0	0	357.24	111.96	29.40	13.40	100	State
5	24	3	0	0	1	389.97	111.96	44.74	13.40	100	Senator
4	24	3	0	1	0	330.479862	125.755316	131.021834	13.404001	-1	###LINE###
5	24	3	0	1	0	330.48	125.76	24.72	13.40	100	14th
5	24	3	0	1	1	358.53	125.76	58.10	13.40	100	Senatorial
5	24	3	0	1	2	420.09	125.76	41.41	13.40	100	District
4	24	3	0	2	0	347.039839	139.555296	98.197214	13.404001	-1	###LINE###
5	24	3	0	2	0	347.04	139.56	64.76	13.40	100	Republican
5	24	3	0	2	1	415.17	139.56	30.07	13.40	100	Party
3	24	3	1	0	0	230.399906	164.500579	11.902022	7.506241	-1	###FLOW###
4	24	3	1	0	0	230.399906	164.500579	11.902022	7.506241	-1	###LINE###
5	24	3	1	0	0	230.40	164.50	11.90	7.51	100	Ben
3	24	4	0	0	0	296.039856	164.500579	18.267279	7.506241	-1	###FLOW###
4	24	4	0	0	0	296.039856	164.500579	18.267279	7.506241	-1	###LINE###
5	24	4	0	0	0	296.04	164.50	18.27	7.51	100	Dallas
3	24	5	0	0	0	366.479826	164.500579	19.836703	7.506241	-1	###FLOW###
4	24	5	0	0	0	366.479826	164.500579	19.836703	7.506241	-1	###LINE###
5	24	5	0	0	0	366.48	164.50	19.84	7.51	100	James
3	24	6	0	0	0	433.319808	164.500579	25.009737	7.506241	-1	###FLOW###
4	24	6	0	0	0	433.319808	164.500579	25.009737	7.506241	-1	###LINE###
5	24	6	0	0	0	433.32	164.50	25.01	7.51	100	Stephen
3	24	7	0	0	0	516.119792	164.500579	14.178696	7.506241	-1	###FLOW###
4	24	7	0	0	0	516.119792	164.500579	14.178696	7.506241	-1	###LINE###
5	24	7	0	0	0	516.12	164.50	14.18	7.51	100	Lynn
3	24	8	0	0	0	586.559761	164.500579	15.714440	7.506241	-1	###FLOW###
4	24	8	0	0	0	586.559761	164.500579	15.714440	7.506241	-1	###LINE###
5	24	8	0	0	0	586.56	164.50	15.71	7.51	100	Brian
3	24	9	0	0	0	636.119695	164.500579	38.292582	7.506241	-1	###FLOW###
4	24	9	0	0	0	636.119695	164.500579	38.292582	7.506241	-1	###LINE###
5	24	9	0	0	0	636.12	164.50	19.01	7.51	100	Peggy
5	24	9	0	0	1	656.83	164.50	17.59	7.51	100	Brady
3	24	10	0	0	0	213.359906	172.404395	29.062596	10.857240	-1	###FLOW###
4	24	10	0	0	0	213.359906	172.404395	29.062596	10.857240	-1	###LINE###
5	24	10	0	0	0	213.36	172.40	29.06	10.86	100	MUDD
3	24	11	0	0	0	262.079889	172.404395	52.299034	10.857240	-1	###FLOW###
4	24	11	0	0	0	262.079889	172.404395	52.299034	10.857240	-1	###LINE###
5	24	11	0	0	0	262.08	172.40	52.30	10.86	100	ROBINSON
3	24	12	0	0	0	344.399834	172.404395	42.078898	10.857240	-1	###FLOW###
4	24	12	0	0	0	344.399834	172.404395	42.078898	10.857240	-1	###LINE###
5	24	12	0	0	0	344.40	172.40	42.08	10.86	100	VICTERY
3	24	13	0	0	0	417.959816	172.404395	40.451860	10.857240	-1	###FLOW###
4	24	13	0	0	0	417.959816	172.404395	40.451860	10.857240	-1	###LINE###
5	24	13	0	0	0	417.96	172.40	40.45	10.86	100	CARNEY
3	24	14	0	0	0	470.159784	172.404395	60.200396	10.857240	-1	###FLOW###
4	24	14	0	0	0	470.159784	172.404395	60.200396	10.857240	-1	###LINE###
5	24	14	0	0	0	470.16	172.40	60.20	10.86	100	SHELBURNE
3	24	15	0	0	0	562.439743	172.404395	39.925752	10.857240	-1	###FLOW###
4	24	15	0	0	0	562.439743	172.404395	39.925752	10.857240	-1	###LINE###
5	24	15	0	0	0	562.44	172.40	39.93	10.86	100	BAYERS
3	24	16	0	0	0	644.159680	172.404395	30.280439	10.857240	-1	###FLOW###
4	24	16	0	0	0	644.159680	172.404395	30.280439	10.857240	-1	###LINE###
5	24	16	0	0	0	644.16	172.40	30.28	10.86	100	SMITH
3	24	17	0	0	0	117.719948	188.140574	17.223242	7.506241	-1	###FLOW###
4	24	17	0	0	0	117.719948	188.140574	17.223242	7.506241	-1	###LINE###
5	24	17	0	0	0	117.72	188.14	17.22	7.51	100	Larue
3	24	18	0	0	0	231.119901	188.140574	11.235185	7.506241	-1	###FLOW###
4	24	18	0	0	0	231.119901	188.140574	11.235185	7.506241	-1	###LINE###
5	24	18	0	0	0	231.12	188.14	11.24	7.51	100	565
3	24	19	0	0	0	297.479876	188.140574	16.846042	7.506241	-1	###FLOW###
4	24	19	0	0	0	297.479876	188.140574	16.846042	7.506241	-1	###LINE###
5	24	19	0	0	0	297.48	188.14	16.85	7.51	100	1,102
3	24	20	0	0	0	375.119820	188.140574	11.235185	7.506241	-1	###FLOW###
4	24	20	0	0	0	375.119820	188.140574	11.235185	7.506241	-1	###LINE###
5	24	20	0	0	0	375.12	188.14	11.24	7.51	100	378
3	24	21	0	0	0	447.119811	188.140574	11.235185	7.506241	-1	###FLOW###
4	24	21	0	0	0	447.119811	188.140574	11.235185	7.506241	-1	###LINE###
5	24	21	0	0	0	447.12	188.14	11.24	7.51	100	109
3	24	22	0	0	0	522.839760	188.140574	7.490123	7.506241	-1	###FLOW###
4	24	22	0	0	0	522.839760	188.140574	7.490123	7.506241	-1	###LINE###
5	24	22	0	0	0	522.84	188.14	7.49	7.51	100	59
3	24	23	0	0	0	594.839750	188.140574	7.490123	7.506241	-1	###FLOW###
4	24	23	0	0	0	594.839750	188.140574	7.490123	7.506241	-1	###LINE###
5	24	23	0	0	0	594.84	188.14	7.49	7.51	100	73
3	24	24	0	0	0	666.839679	188.140574	7.490123	7.506241	-1	###FLOW###
4	24	24	0	0	0	666.839679	188.140574	7.490123	7.506241	-1	###LINE###
5	24	24	0	0	0	666.84	188.14	7.49	7.51	100	58
3	24	25	0	0	0	117.719948	200.500571	20.685404	7.506241	-1	###FLOW###
4	24	25	0	0	0	117.719948	200.500571	20.685404	7.506241	-1	###LINE###
5	24	25	0	0	0	117.72	200.50	20.69	7.51	100	Marion
3	24	26	0	0	0	225.479901	200.500571	16.846042	7.506241	-1	###FLOW###
4	24	26	0	0	0	225.479901	200.500571	16.846042	7.506241	-1	###LINE###
5	24	26	0	0	0	225.48	200.50	16.85	7.51	100	1,038
3	24	27	0	0	0	303.119860	200.500571	11.235185	7.506241	-1	###FLOW###
4	24	27	0	0	0	303.119860	200.500571	11.235185	7.506241	-1	###LINE###
5	24	27	0	0	0	303.12	200.50	11.24	7.51	100	251
3	24	28	0	0	0	378.839840	200.500571	7.490123	7.506241	-1	###FLOW###
4	24	28	0	0	0	378.839840	200.500571	7.490123	7.506241	-1	###LINE###
5	24	28	0	0	0	378.84	200.50	7.49	7.51	100	92
3	24	29	0	0	0	447.119811	200.500571	11.235185	7.506241	-1	###FLOW###
4	24	29	0	0	0	447.119811	200.500571	11.235185	7.506241	-1	###LINE###
5	24	29	0	0	0	447.12	200.50	11.24	7.51	100	186
3	24	30	0	0	0	522.839760	200.500571	7.490123	7.506241	-1	###FLOW###
4	24	30	0	0	0	522.839760	200.500571	7.490123	7.506241	-1	###LINE###
5	24	30	0	0	0	522.84	200.50	7.49	7.51	100	16
3	24	31	0	0	0	598.559739	200.500571	3.745062	7.506241	-1	###FLOW###
4	24	31	0	0	0	598.559739	200.500571	3.745062	7.506241	-1	###LINE###
5	24	31	0	0	0	598.56	200.50	3.75	7.51	100	9
3	24	32	0	0	0	666.839679	200.500571	7.490123	7.506241	-1	###FLOW###
4	24	32	0	0	0	666.839679	200.500571	7.490123	7.506241	-1	###LINE###
5	24	32	0	0	0	666.84	200.50	7.49	7.51	100	54
3	24	33	0	0	0	117.719948	212.740601	20.692139	7.506241	-1	###FLOW###
4	24	33	0	0	0	117.719948	212.740601	20.692139	7.506241	-1	###LINE###
5	24	33	0	0	0	117.72	212.74	20.69	7.51	100	Nelson
3	24	34	0	0	0	225.479901	212.740601	16.846042	7.506241	-1	###FLOW###
4	24	34	0	0	0	225.479901	212.740601	16.846042	7.506241	-1	###LINE###
5	24	34	0	0	0	225.48	212.74	16.85	7.51	100	1,408
3	24	35	0	0	0	297.479876	212.740601	16.846042	7.506241	-1	###FLOW###
4	24	35	0	0	0	297.479876	212.740601	16.846042	7.506241	-1	###LINE###
5	24	35	0	0	0	297.48	212.74	16.85	7.51	100	1,450
3	24	36	0	0	0	369.479836	212.740601	16.846042	7.506241	-1	###FLOW###
4	24	36	0	0	0	369.479836	212.740601	16.846042	7.506241	-1	###LINE###
5	24	36	0	0	0	369.48	212.74	16.85	7.51	100	1,300
3	24	37	0	0	0	447.119811	212.740601	11.235185	7.506241	-1	###FLOW###
4	24	37	0	0	0	447.119811	212.740601	11.235185	7.506241	-1	###LINE###
5	24	37	0	0	0	447.12	212.74	11.24	7.51	100	249
3	24	38	0	0	0	519.119770	212.740601	11.235185	7.506241	-1	###FLOW###
4	24	38	0	0	0	519.119770	212.740601	11.235185	7.506241	-1	###LINE###
5	24	38	0	0	0	519.12	212.74	11.24	7.51	100	307
3	24	39	0	0	0	591.119762	212.740601	11.235185	7.506241	-1	###FLOW###
4	24	39	0	0	0	591.119762	212.740601	11.235185	7.506241	-1	###LINE###
5	24	39	0	0	0	591.12	212.74	11.24	7.51	100	102
3	24	40	0	0	0	663.119691	212.740601	11.235185	7.506241	-1	###FLOW###
4	24	40	0	0	0	663.119691	212.740601	11.235185	7.506241	-1	###LINE###
5	24	40	0	0	0	663.12	212.74	11.24	7.51	100	153
3	24	41	0	0	0	117.719948	225.100597	24.922173	7.506241	-1	###FLOW###
4	24	41	0	0	0	117.719948	225.100597	24.922173	7.506241	-1	###LINE###
5	24	41	0	0	0	117.72	225.10	24.92	7.51	100	Spencer
3	24	42	0	0	0	231.119901	225.100597	11.235185	7.506241	-1	###FLOW###
4	24	42	0	0	0	231.119901	225.100597	11.235185	7.506241	-1	###LINE###
5	24	42	0	0	0	231.12	225.10	11.24	7.51	100	695
3	24	43	0	0	0	303.119860	225.100597	11.235185	7.506241	-1	###FLOW###
4	24	43	0	0	0	303.119860	225.100597	11.235185	7.506241	-1	###LINE###
5	24	43	0	0	0	303.12	225.10	11.24	7.51	100	737
3	24	44	0	0	0	375.119820	225.100597	11.235185	7.506241	-1	###FLOW###
4	24	44	0	0	0	375.119820	225.100597	11.235185	7.506241	-1	###LINE###
5	24	44	0	0	0	375.12	225.10	11.24	7.51	100	251
3	24	45	0	0	0	447.119811	225.100597	11.235185	7.506241	-1	###FLOW###
4	24	45	0	0	0	447.119811	225.100597	11.235185	7.506241	-1	###LINE###
5	24	45	0	0	0	447.12	225.10	11.24	7.51	100	260
3	24	46	0	0	0	519.119770	225.100597	11.235185	7.506241	-1	###FLOW###
4	24	46	0	0	0	519.119770	225.100597	11.235185	7.506241	-1	###LINE###
5	24	46	0	0	0	519.12	225.10	11.24	7.51	100	973
3	24	47	0	0	0	591.119762	225.100597	11.235185	7.506241	-1	###FLOW###
4	24	47	0	0	0	591.119762	225.100597	11.235185	7.506241	-1	###LINE###
5	24	47	0	0	0	591.12	225.10	11.24	7.51	100	255
3	24	48	0	0	0	666.839679	225.100597	7.490123	7.506241	-1	###FLOW###
4	24	48	0	0	0	666.839679	225.100597	7.490123	7.506241	-1	###LINE###
5	24	48	0	0	0	666.84	225.10	7.49	7.51	100	80
3	24	49	0	0	0	117.719948	237.340596	35.914872	7.506241	-1	###FLOW###
4	24	49	0	0	0	117.719948	237.340596	35.914872	7.506241	-1	###LINE###
5	24	49	0	0	0	117.72	237.34	35.91	7.51	100	Washington
3	24	50	0	0	0	231.119901	237.340596	11.235185	7.506241	-1	###FLOW###
4	24	50	0	0	0	231.119901	237.340596	11.235185	7.506241	-1	###LINE###
5	24	50	0	0	0	231.12	237.34	11.24	7.51	100	416
3	24	51	0	0	0	303.119860	237.340596	11.235185	7.506241	-1	###FLOW###
4	24	51	0	0	0	303.119860	237.340596	11.235185	7.506241	-1	###LINE###
5	24	51	0	0	0	303.12	237.34	11.24	7.51	100	219
3	24	52	0	0	0	378.839840	237.340596	7.490123	7.506241	-1	###FLOW###
4	24	52	0	0	0	378.839840	237.340596	7.490123	7.506241	-1	###LINE###
5	24	52	0	0	0	378.84	237.34	7.49	7.51	100	67
3	24	53	0	0	0	447.119811	237.340596	11.235185	7.506241	-1	###FLOW###
4	24	53	0	0	0	447.119811	237.340596	11.235185	7.506241	-1	###LINE###
5	24	53	0	0	0	447.12	237.34	11.24	7.51	100	772
3	24	54	0	0	0	522.839760	237.340596	7.490123	7.506241	-1	###FLOW###
4	24	54	0	0	0	522.839760	237.340596	7.490123	7.506241	-1	###LINE###
5	24	54	0	0	0	522.84	237.34	7.49	7.51	100	35
3	24	55	0	0	0	594.839750	237.340596	7.490123	7.506241	-1	###FLOW###
4	24	55	0	0	0	594.839750	237.340596	7.490123	7.506241	-1	###LINE###
5	24	55	0	0	0	594.84	237.34	7.49	7.51	100	13
3	24	56	0	0	0	666.839679	237.340596	7.490123	7.506241	-1	###FLOW###
4	24	56	0	0	0	666.839679	237.340596	7.490123	7.506241	-1	###LINE###
5	24	56	0	0	0	666.84	237.34	7.49	7.51	100	23
3	24	57	0	0	0	117.719948	249.700592	36.393108	7.506241	-1	###FLOW###
4	24	57	0	0	0	117.719948	249.700592	36.393108	7.506241	-1	###LINE###
5	24	57	0	0	0	117.72	249.70	16.16	7.51	100	Total
5	24	57	0	0	1	135.79	249.70	18.33	7.51	100	Votes
3	24	58	0	0	0	225.479901	249.700592	16.846042	7.506241	-1	###FLOW###
4	24	58	0	0	0	225.479901	249.700592	16.846042	7.506241	-1	###LINE###
5	24	58	0	0	0	225.48	249.70	16.85	7.51	100	4,122
3	24	59	0	0	0	297.479876	249.700592	16.846042	7.506241	-1	###FLOW###
4	24	59	0	0	0	297.479876	249.700592	16.846042	7.506241	-1	###LINE###
5	24	59	0	0	0	297.48	249.70	16.85	7.51	100	3,759
3	24	60	0	0	0	369.479836	249.700592	16.846042	7.506241	-1	###FLOW###
4	24	60	0	0	0	369.479836	249.700592	16.846042	7.506241	-1	###LINE###
5	24	60	0	0	0	369.48	249.70	16.85	7.51	100	2,088
3	24	61	0	0	0	441.479796	249.700592	16.846042	7.506241	-1	###FLOW###
4	24	61	0	0	0	441.479796	249.700592	16.846042	7.506241	-1	###LINE###
5	24	61	0	0	0	441.48	249.70	16.85	7.51	100	1,576
3	24	62	0	0	0	513.479756	249.700592	16.846042	7.506241	-1	###FLOW###
4	24	62	0	0	0	513.479756	249.700592	16.846042	7.506241	-1	###LINE###
5	24	62	0	0	0	513.48	249.70	16.85	7.51	100	1,390
3	24	63	0	0	0	591.119762	249.700592	11.235185	7.506241	-1	###FLOW###
4	24	63	0	0	0	591.119762	249.700592	11.235185	7.506241	-1	###LINE###
5	24	63	0	0	0	591.12	249.70	11.24	7.51	100	452
3	24	64	0	0	0	663.119691	249.700592	11.235185	7.506241	-1	###FLOW###
4	24	64	0	0	0	663.119691	249.700592	11.235185	7.506241	-1	###LINE###
5	24	64	0	0	0	663.12	249.70	11.24	7.51	100	368
3	24	65	0	0	0	330.479862	295.075286	131.021834	41.003991	-1	###FLOW###
4	24	65	0	0	0	357.239854	295.075286	77.472839	13.404001	-1	###LINE###
5	24	65	0	0	0	357.24	295.08	29.40	13.40	100	State
5	24	65	0	0	1	389.97	295.08	44.74	13.40	100	Senator
4	24	65	0	1	0	330.479862	308.875266	131.021834	13.404001	-1	###LINE###
5	24	65	0	1	0	330.48	308.88	24.72	13.40	100	14th
5	24	65	0	1	1	358.53	308.88	58.10	13.40	100	Senatorial
5	24	65	0	1	2	420.09	308.88	41.41	13.40	100	District
4	24	65	0	2	0	346.679835	322.675276	98.918899	13.404001	-1	###LINE###
5	24	65	0	2	0	346.68	322.68	65.48	13.40	100	Democratic
5	24	65	0	2	1	415.53	322.68	30.07	13.40	100	Party
3	24	65	1	0	0	373.799833	347.484377	65.530323	22.017244	-1	###FLOW###
4	24	65	1	0	0	373.799833	347.484377	65.354306	10.857240	-1	###LINE###
5	24	65	1	0	0	373.80	347.48	26.42	10.86	100	Carrie
5	24	65	1	0	1	402.89	347.48	36.26	10.86	100	Gribbins
4	24	65	1	1	0	404.879824	358.644381	34.450332	10.857240	-1	###LINE###
5	24	65	1	1	0	404.88	358.64	34.45	10.86	100	TRUITT
3	24	66	0	0	0	496.319770	347.484377	50.891491	22.017244	-1	###FLOW###
4	24	66	0	0	0	496.319770	347.484377	50.818137	10.857240	-1	###LINE###
5	24	66	0	0	0	496.32	347.48	35.92	10.86	100	Malcolm
5	24	66	0	0	1	534.66	347.48	12.48	10.86	100	W.
4	24	66	0	1	0	514.319767	358.644381	32.891494	10.857240	-1	###LINE###
5	24	66	0	1	0	514.32	358.64	32.89	10.86	100	JONES
3	24	67	0	0	0	244.799901	374.244394	24.912189	10.857240	-1	###FLOW###
4	24	67	0	0	0	244.799901	374.244394	24.912189	10.857240	-1	###LINE###
5	24	67	0	0	0	244.80	374.24	24.91	10.86	100	Larue
3	24	68	0	0	0	422.999822	374.244394	16.250892	10.857240	-1	###FLOW###
4	24	68	0	0	0	422.999822	374.244394	16.250892	10.857240	-1	###LINE###
5	24	68	0	0	0	423.00	374.24	16.25	10.86	100	461
3	24	69	0	0	0	530.999747	374.244394	16.250892	10.857240	-1	###FLOW###
4	24	69	0	0	0	530.999747	374.244394	16.250892	10.857240	-1	###LINE###
5	24	69	0	0	0	531.00	374.24	16.25	10.86	100	447
3	24	70	0	0	0	244.799901	389.724380	29.676389	10.857240	-1	###FLOW###
4	24	70	0	0	0	244.799901	389.724380	29.676389	10.857240	-1	###LINE###
5	24	70	0	0	0	244.80	389.72	29.68	10.86	100	Marion
3	24	71	0	0	0	414.839804	389.724380	24.366595	10.857240	-1	###FLOW###
4	24	71	0	0	0	414.839804	389.724380	24.366595	10.857240	-1	###LINE###
5	24	71	0	0	0	414.84	389.72	24.37	10.86	100	2,453
3	24	72	0	0	0	530.999747	389.724380	16.250892	10.857240	-1	###FLOW###
4	24	72	0	0	0	530.999747	389.724380	16.250892	10.857240	-1	###LINE###
5	24	72	0	0	0	531.00	389.72	16.25	10.86	100	417
3	24	73	0	0	0	244.799901	405.084370	30.221982	10.857240	-1	###FLOW###
4	24	73	0	0	0	244.799901	405.084370	30.221982	10.857240	-1	###LINE###
5	24	73	0	0	0	244.80	405.08	30.22	10.86	100	Nelson
3	24	74	0	0	0	414.839804	405.084370	24.366595	10.857240	-1	###FLOW###
4	24	74	0	0	0	414.839804	405.084370	24.366595	10.857240	-1	###LINE###
5	24	74	0	0	0	414.84	405.08	24.37	10.86	100	2,511
3	24	75	0	0	0	522.839760	405.084370	24.366595	10.857240	-1	###FLOW###
4	24	75	0	0	0	522.839760	405.084370	24.366595	10.857240	-1	###LINE###
5	24	75	0	0	0	522.84	405.08	24.37	10.86	100	1,083
3	24	76	0	0	0	244.799901	420.564387	36.272225	10.857240	-1	###FLOW###
4	24	76	0	0	0	244.799901	420.564387	36.272225	10.857240	-1	###LINE###
5	24	76	0	0	0	244.80	420.56	36.27	10.86	100	Spencer
3	24	77	0	0	0	422.999822	420.564387	16.250892	10.857240	-1	###FLOW###
4	24	77	0	0	0	422.999822	420.564387	16.250892	10.857240	-1	###LINE###
5	24	77	0	0	0	423.00	420.56	16.25	10.86	100	685
3	24	78	0	0	0	530.999747	420.564387	16.250892	10.857240	-1	###FLOW###
4	24	78	0	0	0	530.999747	420.564387	16.250892	10.857240	-1	###LINE###
5	24	78	0	0	0	531.00	420.56	16.25	10.86	100	282
3	24	79	0	0	0	244.799901	435.924377	51.948295	10.857240	-1	###FLOW###
4	24	79	0	0	0	244.799901	435.924377	51.948295	10.857240	-1	###LINE###
5	24	79	0	0	0	244.80	435.92	51.95	10.86	100	Washington
3	24	80	0	0	0	422.999822	435.924377	16.250892	10.857240	-1	###FLOW###
4	24	80	0	0	0	422.999822	435.924377	16.250892	10.857240	-1	###LINE###
5	24	80	0	0	0	423.00	435.92	16.25	10.86	100	698
3	24	81	0	0	0	530.999747	435.924377	16.250892	10.857240	-1	###FLOW###
4	24	81	0	0	0	530.999747	435.924377	16.250892	10.857240	-1	###LINE###
5	24	81	0	0	0	531.00	435.92	16.25	10.86	100	240
3	24	82	0	0	0	244.799901	451.644386	52.367233	10.857240	-1	###FLOW###
4	24	82	0	0	0	244.799901	451.644386	52.367233	10.857240	-1	###LINE###
5	24	82	0	0	0	244.80	451.64	23.12	10.86	100	Total
5	24	82	0	0	1	270.66	451.64	26.51	10.86	100	Votes
3	24	83	0	0	0	414.839804	451.644386	24.366595	10.857240	-1	###FLOW###
4	24	83	0	0	0	414.839804	451.644386	24.366595	10.857240	-1	###LINE###
5	24	83	0	0	0	414.84	451.64	24.37	10.86	100	6,808
3	24	84	0	0	0	522.839760	451.644386	24.366595	10.857240	-1	###FLOW###
4	24	84	0	0	0	522.839760	451.644386	24.366595	10.857240	-1	###LINE###
5	24	84	0	0	0	522.84	451.64	24.37	10.86	100	2,469
1	25	0	0	0	0	0.000000	0.000000	792.000000	612.000000	-1	###PAGE###
3	25	0	0	0	0	35.999984	54.115290	161.717484	13.404001	-1	###FLOW###
4	25	0	0	0	0	35.999984	54.115290	161.717484	13.404001	-1	###LINE###
5	25	0	0	0	0	36.00	54.12	89.61	13.40	100	Commonwealth
5	25	0	0	0	1	128.96	54.12	11.34	13.40	100	of
5	25	0	0	0	2	143.60	54.12	54.11	13.40	100	Kentucky
3	25	1	0	0	0	289.919866	54.115290	212.006871	13.404001	-1	###FLOW###
4	25	1	0	0	0	289.919866	54.115290	212.006871	13.404001	-1	###LINE###
5	25	1	0	0	0	289.92	54.12	44.08	13.40	100	Michael
5	25	1	0	0	1	337.41	54.12	12.68	13.40	100	G.
5	25	1	0	0	2	353.49	54.12	43.05	13.40	100	Adams,
5	25	1	0	0	3	399.93	54.12	54.93	13.40	100	Secretary
5	25	1	0	0	4	457.88	54.12	11.34	13.40	100	of
5	25	1	0	0	5	472.53	54.12	29.40	13.40	100	State
3	25	2	0	0	0	584.279730	54.115290	171.664703	13.404001	-1	###FLOW###
4	25	2	0	0	0	584.279730	54.115290	171.664703	13.404001	-1	###LINE###
5	25	2	0	0	0	584.28	54.12	26.75	13.40	100	2026
5	25	2	0	0	1	614.48	54.12	44.77	13.40	100	Primary
5	25	2	0	0	2	662.37	54.12	46.85	13.40	100	Election
5	25	2	0	0	3	712.52	54.12	43.42	13.40	100	Results
3	25	3	0	0	0	330.479862	111.955306	131.021834	41.003991	-1	###FLOW###
4	25	3	0	0	0	357.239854	111.955306	77.472839	13.404001	-1	###LINE###
5	25	3	0	0	0	357.24	111.96	29.40	13.40	100	State
5	25	3	0	0	1	389.97	111.96	44.74	13.40	100	Senator
4	25	3	0	1	0	330.479862	125.755316	131.021834	13.404001	-1	###LINE###
5	25	3	0	1	0	330.48	125.76	24.72	13.40	100	26th
5	25	3	0	1	1	358.53	125.76	58.10	13.40	100	Senatorial
5	25	3	0	1	2	420.09	125.76	41.41	13.40	100	District
4	25	3	0	2	0	347.039839	139.555296	98.197214	13.404001	-1	###LINE###
5	25	3	0	2	0	347.04	139.56	64.76	13.40	100	Republican
5	25	3	0	2	1	415.17	139.56	30.07	13.40	100	Party
3	25	3	1	0	0	395.759823	164.364412	43.633416	22.017245	-1	###FLOW###
4	25	3	1	0	0	395.759823	164.364412	43.384426	10.857240	-1	###LINE###
5	25	3	1	0	0	395.76	164.36	30.84	10.86	100	Everett
5	25	3	1	0	1	429.41	164.36	9.73	10.86	100	C.
4	25	3	1	1	0	398.999835	175.524417	40.393404	10.857240	-1	###LINE###
5	25	3	1	1	0	399.00	175.52	40.39	10.86	100	CORLEY
3	25	4	0	0	0	513.719760	164.364412	33.664488	22.017245	-1	###FLOW###
4	25	4	0	0	0	513.719760	164.364412	33.573485	10.857240	-1	###LINE###
5	25	4	0	0	0	513.72	164.36	33.57	10.86	100	Sheeba
4	25	4	0	1	0	516.119792	175.524417	31.264456	10.857240	-1	###LINE###
5	25	4	0	1	0	516.12	175.52	31.26	10.86	100	JOLLY
3	25	5	0	0	0	244.799901	191.124398	40.198549	10.857240	-1	###FLOW###
4	25	5	0	0	0	244.799901	191.124398	40.198549	10.857240	-1	###LINE###
5	25	5	0	0	0	244.80	191.12	40.20	10.86	100	Jefferson
3	25	6	0	0	0	414.839804	191.124398	24.366595	10.857240	-1	###FLOW###
4	25	6	0	0	0	414.839804	191.124398	24.366595	10.857240	-1	###LINE###
5	25	6	0	0	0	414.84	191.12	24.37	10.86	100	4,960
3	25	7	0	0	0	522.839760	191.124398	24.366595	10.857240	-1	###FLOW###
4	25	7	0	0	0	522.839760	191.124398	24.366595	10.857240	-1	###LINE###
5	25	7	0	0	0	522.84	191.12	24.37	10.86	100	1,058
3	25	8	0	0	0	244.799901	206.844407	52.367233	10.857240	-1	###FLOW###
4	25	8	0	0	0	244.799901	206.844407	52.367233	10.857240	-1	###LINE###
5	25	8	0	0	0	244.80	206.84	23.12	10.86	100	Total
5	25	8	0	0	1	270.66	206.84	26.51	10.86	100	Votes
3	25	9	0	0	0	414.839804	206.844407	24.366595	10.857240	-1	###FLOW###
4	25	9	0	0	0	414.839804	206.844407	24.366595	10.857240	-1	###LINE###
5	25	9	0	0	0	414.84	206.84	24.37	10.86	100	4,960
3	25	10	0	0	0	522.839760	206.844407	24.366595	10.857240	-1	###FLOW###
4	25	10	0	0	0	522.839760	206.844407	24.366595	10.857240	-1	###LINE###
5	25	10	0	0	0	522.84	206.84	24.37	10.86	100	1,058
3	25	11	0	0	0	330.479862	255.715281	131.021834	41.003991	-1	###FLOW###
4	25	11	0	0	0	357.239854	255.715281	77.472839	13.404001	-1	###LINE###
5	25	11	0	0	0	357.24	255.72	29.40	13.40	100	State
5	25	11	0	0	1	389.97	255.72	44.74	13.40	100	Senator
4	25	11	0	1	0	330.479862	269.515261	131.021834	13.404001	-1	###LINE###
5	25	11	0	1	0	330.48	269.52	24.72	13.40	100	30th
5	25	11	0	1	1	358.53	269.52	58.10	13.40	100	Senatorial
5	25	11	0	1	2	420.09	269.52	41.41	13.40	100	District
4	25	11	0	2	0	347.039839	283.315271	98.197214	13.404001	-1	###LINE###
5	25	11	0	2	0	347.04	283.32	64.76	13.40	100	Republican
5	25	11	0	2	1	415.17	283.32	30.07	13.40	100	Party
3	25	11	1	0	0	389.999837	308.124387	49.360421	22.017245	-1	###FLOW###
4	25	11	1	0	0	389.999837	308.124387	49.142385	10.857240	-1	###LINE###
5	25	11	1	0	0	390.00	308.12	36.82	10.86	100	Brandon
5	25	11	1	0	1	429.41	308.12	9.73	10.86	100	D.
4	25	11	1	1	0	409.079819	319.284392	30.280439	10.857240	-1	###LINE###
5	25	11	1	1	0	409.08	319.28	30.28	10.86	100	SMITH
3	25	12	0	0	0	506.279781	308.124387	41.128648	22.017245	-1	###FLOW###
4	25	12	0	0	0	529.559728	308.124387	17.848701	10.857240	-1	###LINE###
5	25	12	0	0	0	529.56	308.12	17.85	10.86	100	Billy
4	25	12	0	1	0	506.279781	319.284392	41.085139	10.857240	-1	###LINE###
5	25	12	0	1	0	506.28	319.28	41.09	10.86	100	WESLEY
3	25	13	0	0	0	244.799901	334.884404	36.242996	10.857240	-1	###FLOW###
4	25	13	0	0	0	244.799901	334.884404	36.242996	10.857240	-1	###LINE###
5	25	13	0	0	0	244.80	334.88	36.24	10.86	100	Breathitt
3	25	14	0	0	0	422.999822	334.884404	16.250892	10.857240	-1	###FLOW###
4	25	14	0	0	0	422.999822	334.884404	16.250892	10.857240	-1	###LINE###
5	25	14	0	0	0	423.00	334.88	16.25	10.86	100	209
3	25	15	0	0	0	530.999747	334.884404	16.250892	10.857240	-1	###FLOW###
4	25	15	0	0	0	530.999747	334.884404	16.250892	10.857240	-1	###LINE###
5	25	15	0	0	0	531.00	334.88	16.25	10.86	100	269
3	25	16	0	0	0	244.799901	350.364375	20.644868	10.857240	-1	###FLOW###
4	25	16	0	0	0	244.799901	350.364375	20.644868	10.857240	-1	###LINE###
5	25	16	0	0	0	244.80	350.36	20.64	10.86	100	Estill
3	25	17	0	0	0	422.999822	350.364375	16.250892	10.857240	-1	###FLOW###
4	25	17	0	0	0	422.999822	350.364375	16.250892	10.857240	-1	###LINE###
5	25	17	0	0	0	423.00	350.36	16.25	10.86	100	664
3	25	18	0	0	0	522.839760	350.364375	24.366595	10.857240	-1	###FLOW###
4	25	18	0	0	0	522.839760	350.364375	24.366595	10.857240	-1	###LINE###
5	25	18	0	0	0	522.84	350.36	24.37	10.86	100	1,889
3	25	19	0	0	0	244.799901	365.724365	16.250892	10.857240	-1	###FLOW###
4	25	19	0	0	0	244.799901	365.724365	16.250892	10.857240	-1	###LINE###
5	25	19	0	0	0	244.80	365.72	16.25	10.86	100	Lee
3	25	20	0	0	0	422.999822	365.724365	16.250892	10.857240	-1	###FLOW###
4	25	20	0	0	0	422.999822	365.724365	16.250892	10.857240	-1	###LINE###
5	25	20	0	0	0	423.00	365.72	16.25	10.86	100	555
3	25	21	0	0	0	522.839760	365.724365	24.366595	10.857240	-1	###FLOW###
4	25	21	0	0	0	522.839760	365.724365	24.366595	10.857240	-1	###LINE###
5	25	21	0	0	0	522.84	365.72	24.37	10.86	100	1,031
3	25	22	0	0	0	244.799901	381.204382	25.448039	10.857240	-1	###FLOW###
4	25	22	0	0	0	244.799901	381.204382	25.448039	10.857240	-1	###LINE###
5	25	22	0	0	0	244.80	381.20	25.45	10.86	100	Leslie
3	25	23	0	0	0	414.839804	381.204382	24.366595	10.857240	-1	###FLOW###
4	25	23	0	0	0	414.839804	381.204382	24.366595	10.857240	-1	###LINE###
5	25	23	0	0	0	414.84	381.20	24.37	10.86	100	1,746
3	25	24	0	0	0	530.999747	381.204382	16.250892	10.857240	-1	###FLOW###
4	25	24	0	0	0	530.999747	381.204382	16.250892	10.857240	-1	###LINE###
5	25	24	0	0	0	531.00	381.20	16.25	10.86	100	373
3	25	25	0	0	0	244.799901	396.564372	37.246499	10.857240	-1	###FLOW###
4	25	25	0	0	0	244.799901	396.564372	37.246499	10.857240	-1	###LINE###
5	25	25	0	0	0	244.80	396.56	37.25	10.86	100	Magoffin
3	25	26	0	0	0	414.839804	396.564372	24.366595	10.857240	-1	###FLOW###
4	25	26	0	0	0	414.839804	396.564372	24.366595	10.857240	-1	###LINE###
5	25	26	0	0	0	414.84	396.56	24.37	10.86	100	1,003
3	25	27	0	0	0	530.999747	396.564372	16.250892	10.857240	-1	###FLOW###
4	25	27	0	0	0	530.999747	396.564372	16.250892	10.857240	-1	###LINE###
5	25	27	0	0	0	531.00	396.56	16.25	10.86	100	406
3	25	28	0	0	0	244.799901	412.044388	32.930464	10.857240	-1	###FLOW###
4	25	28	0	0	0	244.799901	412.044388	32.930464	10.857240	-1	###LINE###
5	25	28	0	0	0	244.80	412.04	32.93	10.86	100	Morgan
3	25	29	0	0	0	422.999822	412.044388	16.250892	10.857240	-1	###FLOW###
4	25	29	0	0	0	422.999822	412.044388	16.250892	10.857240	-1	###LINE###
5	25	29	0	0	0	423.00	412.04	16.25	10.86	100	567
3	25	30	0	0	0	530.999747	412.044388	16.250892	10.857240	-1	###FLOW###
4	25	30	0	0	0	530.999747	412.044388	16.250892	10.857240	-1	###LINE###
5	25	30	0	0	0	531.00	412.04	16.25	10.86	100	494
3	25	31	0	0	0	244.799901	427.404379	23.265665	10.857240	-1	###FLOW###
4	25	31	0	0	0	244.799901	427.404379	23.265665	10.857240	-1	###LINE###
5	25	31	0	0	0	244.80	427.40	23.27	10.86	100	Perry
3	25	32	0	0	0	414.839804	427.404379	24.366595	10.857240	-1	###FLOW###
4	25	32	0	0	0	414.839804	427.404379	24.366595	10.857240	-1	###LINE###
5	25	32	0	0	0	414.84	427.40	24.37	10.86	100	1,635
3	25	33	0	0	0	530.999747	427.404379	16.250892	10.857240	-1	###FLOW###
4	25	33	0	0	0	530.999747	427.404379	16.250892	10.857240	-1	###LINE###
5	25	33	0	0	0	531.00	427.40	16.25	10.86	100	615
3	25	34	0	0	0	244.799901	442.884396	28.458546	10.857240	-1	###FLOW###
4	25	34	0	0	0	244.799901	442.884396	28.458546	10.857240	-1	###LINE###
5	25	34	0	0	0	244.80	442.88	28.46	10.86	100	Powell
3	25	35	0	0	0	422.999822	442.884396	16.250892	10.857240	-1	###FLOW###
4	25	35	0	0	0	422.999822	442.884396	16.250892	10.857240	-1	###LINE###
5	25	35	0	0	0	423.00	442.88	16.25	10.86	100	766
3	25	36	0	0	0	522.839760	442.884396	24.366595	10.857240	-1	###FLOW###
4	25	36	0	0	0	522.839760	442.884396	24.366595	10.857240	-1	###LINE###
5	25	36	0	0	0	522.84	442.88	24.37	10.86	100	1,061
3	25	37	0	0	0	244.799901	458.244385	25.409068	10.857240	-1	###FLOW###
4	25	37	0	0	0	244.799901	458.244385	25.409068	10.857240	-1	###LINE###
5	25	37	0	0	0	244.80	458.24	25.41	10.86	100	Wolfe
3	25	38	0	0	0	422.999822	458.244385	16.250892	10.857240	-1	###FLOW###
4	25	38	0	0	0	422.999822	458.244385	16.250892	10.857240	-1	###LINE###
5	25	38	0	0	0	423.00	458.24	16.25	10.86	100	130
3	25	39	0	0	0	530.999747	458.244385	16.250892	10.857240	-1	###FLOW###
4	25	39	0	0	0	530.999747	458.244385	16.250892	10.857240	-1	###LINE###
5	25	39	0	0	0	531.00	458.24	16.25	10.86	100	110
3	25	40	0	0	0	414.839804	473.964394	24.366595	10.857240	-1	###FLOW###
4	25	40	0	0	0	414.839804	473.964394	24.366595	10.857240	-1	###LINE###
5	25	40	0	0	0	414.84	473.96	24.37	10.86	100	7,275
3	25	41	0	0	0	522.839760	473.964394	24.366595	10.857240	-1	###FLOW###
4	25	41	0	0	0	522.839760	473.964394	24.366595	10.857240	-1	###LINE###
5	25	41	0	0	0	522.84	473.96	24.37	10.86	100	6,248
3	25	42	0	0	0	244.799901	473.964394	52.367233	10.857240	-1	###FLOW###
4	25	42	0	0	0	244.799901	473.964394	52.367233	10.857240	-1	###LINE###
5	25	42	0	0	0	244.80	473.96	23.12	10.86	100	Total
5	25	42	0	0	1	270.66	473.96	26.51	10.86	100	Votes
1	26	0	0	0	0	0.000000	0.000000	792.000000	612.000000	-1	###PAGE###
3	26	0	0	0	0	35.999984	54.115290	161.717484	13.404001	-1	###FLOW###
4	26	0	0	0	0	35.999984	54.115290	161.717484	13.404001	-1	###LINE###
5	26	0	0	0	0	36.00	54.12	89.61	13.40	100	Commonwealth
5	26	0	0	0	1	128.96	54.12	11.34	13.40	100	of
5	26	0	0	0	2	143.60	54.12	54.11	13.40	100	Kentucky
3	26	1	0	0	0	289.919866	54.115290	212.006871	13.404001	-1	###FLOW###
4	26	1	0	0	0	289.919866	54.115290	212.006871	13.404001	-1	###LINE###
5	26	1	0	0	0	289.92	54.12	44.08	13.40	100	Michael
5	26	1	0	0	1	337.41	54.12	12.68	13.40	100	G.
5	26	1	0	0	2	353.49	54.12	43.05	13.40	100	Adams,
5	26	1	0	0	3	399.93	54.12	54.93	13.40	100	Secretary
5	26	1	0	0	4	457.88	54.12	11.34	13.40	100	of
5	26	1	0	0	5	472.53	54.12	29.40	13.40	100	State
3	26	2	0	0	0	584.279730	54.115290	171.664703	13.404001	-1	###FLOW###
4	26	2	0	0	0	584.279730	54.115290	171.664703	13.404001	-1	###LINE###
5	26	2	0	0	0	584.28	54.12	26.75	13.40	100	2026
5	26	2	0	0	1	614.48	54.12	44.77	13.40	100	Primary
5	26	2	0	0	2	662.37	54.12	46.85	13.40	100	Election
5	26	2	0	0	3	712.52	54.12	43.42	13.40	100	Results
3	26	3	0	0	0	330.479862	111.955306	131.021834	41.003991	-1	###FLOW###
4	26	3	0	0	0	357.239854	111.955306	77.472839	13.404001	-1	###LINE###
5	26	3	0	0	0	357.24	111.96	29.40	13.40	100	State
5	26	3	0	0	1	389.97	111.96	44.74	13.40	100	Senator
4	26	3	0	1	0	330.479862	125.755316	131.021834	13.404001	-1	###LINE###
5	26	3	0	1	0	330.48	125.76	24.72	13.40	100	36th
5	26	3	0	1	1	358.53	125.76	58.10	13.40	100	Senatorial
5	26	3	0	1	2	420.09	125.76	41.41	13.40	100	District
4	26	3	0	2	0	347.039839	139.555296	98.197214	13.404001	-1	###LINE###
5	26	3	0	2	0	347.04	139.56	64.76	13.40	100	Republican
5	26	3	0	2	1	415.17	139.56	30.07	13.40	100	Party
3	26	3	1	0	0	387.839838	164.364412	51.442080	22.017245	-1	###FLOW###
4	26	3	1	0	0	387.839838	164.364412	51.431930	10.857240	-1	###LINE###
5	26	3	1	0	0	387.84	164.36	20.03	10.86	100	Julie
5	26	3	1	0	1	410.57	164.36	28.70	10.86	100	Raque
4	26	3	1	1	0	404.519819	175.524417	34.762100	10.857240	-1	###LINE###
5	26	3	1	1	0	404.52	175.52	34.76	10.86	100	ADAMS
3	26	4	0	0	0	509.039788	164.364412	38.288972	22.017245	-1	###FLOW###
4	26	4	0	0	0	511.919765	164.364412	35.210266	10.857240	-1	###LINE###
5	26	4	0	0	0	511.92	164.36	24.81	10.86	100	David
5	26	4	0	0	1	539.45	164.36	7.68	10.86	100	J.
4	26	4	0	1	0	509.039788	175.524417	38.288972	10.857240	-1	###LINE###
5	26	4	0	1	0	509.04	175.52	38.29	10.86	100	FARLEY
3	26	5	0	0	0	244.799901	191.124398	40.198549	10.857240	-1	###FLOW###
4	26	5	0	0	0	244.799901	191.124398	40.198549	10.857240	-1	###LINE###
5	26	5	0	0	0	244.80	191.12	40.20	10.86	100	Jefferson
3	26	6	0	0	0	414.839804	191.124398	24.366595	10.857240	-1	###FLOW###
4	26	6	0	0	0	414.839804	191.124398	24.366595	10.857240	-1	###LINE###
5	26	6	0	0	0	414.84	191.12	24.37	10.86	100	9,126
3	26	7	0	0	0	522.839760	191.124398	24.366595	10.857240	-1	###FLOW###
4	26	7	0	0	0	522.839760	191.124398	24.366595	10.857240	-1	###LINE###
5	26	7	0	0	0	522.84	191.12	24.37	10.86	100	2,220
3	26	8	0	0	0	244.799901	206.844407	52.367233	10.857240	-1	###FLOW###
4	26	8	0	0	0	244.799901	206.844407	52.367233	10.857240	-1	###LINE###
5	26	8	0	0	0	244.80	206.84	23.12	10.86	100	Total
5	26	8	0	0	1	270.66	206.84	26.51	10.86	100	Votes
3	26	9	0	0	0	414.839804	206.844407	24.366595	10.857240	-1	###FLOW###
4	26	9	0	0	0	414.839804	206.844407	24.366595	10.857240	-1	###LINE###
5	26	9	0	0	0	414.84	206.84	24.37	10.86	100	9,126
3	26	10	0	0	0	522.839760	206.844407	24.366595	10.857240	-1	###FLOW###
4	26	10	0	0	0	522.839760	206.844407	24.366595	10.857240	-1	###LINE###
5	26	10	0	0	0	522.84	206.84	24.37	10.86	100	2,220
3	26	11	0	0	0	330.479862	255.715281	131.021834	41.003991	-1	###FLOW###
4	26	11	0	0	0	357.239854	255.715281	77.472839	13.404001	-1	###LINE###
5	26	11	0	0	0	357.24	255.72	29.40	13.40	100	State
5	26	11	0	0	1	389.97	255.72	44.74	13.40	100	Senator
4	26	11	0	1	0	330.479862	269.515261	131.021834	13.404001	-1	###LINE###
5	26	11	0	1	0	330.48	269.52	24.72	13.40	100	36th
5	26	11	0	1	1	358.53	269.52	58.10	13.40	100	Senatorial
5	26	11	0	1	2	420.09	269.52	41.41	13.40	100	District
4	26	11	0	2	0	346.679835	283.315271	98.918899	13.404001	-1	###LINE###
5	26	11	0	2	0	346.68	283.32	65.48	13.40	100	Democratic
5	26	11	0	2	1	415.53	283.32	30.07	13.40	100	Party
3	26	11	1	0	0	389.159825	308.124387	50.106917	22.017245	-1	###FLOW###
4	26	11	1	0	0	390.599815	308.124387	48.645506	10.857240	-1	###LINE###
5	26	11	1	0	0	390.60	308.12	25.98	10.86	100	Sarah
5	26	11	1	0	1	419.21	308.12	20.03	10.86	100	Cole
4	26	11	1	1	0	389.159825	319.284392	50.106917	10.857240	-1	###LINE###
5	26	11	1	1	0	389.16	319.28	50.11	10.86	100	McINTOSH
3	26	12	0	0	0	488.879792	308.124387	58.388247	22.017245	-1	###FLOW###
4	26	12	0	0	0	526.079742	308.124387	21.122262	10.857240	-1	###LINE###
5	26	12	0	0	0	526.08	308.12	21.12	10.86	100	Luke
4	26	12	0	1	0	488.879792	319.284392	58.388247	10.857240	-1	###LINE###
5	26	12	0	1	0	488.88	319.28	58.39	10.86	100	WHITEHEAD
3	26	13	0	0	0	244.799901	334.884404	40.198549	10.857240	-1	###FLOW###
4	26	13	0	0	0	244.799901	334.884404	40.198549	10.857240	-1	###LINE###
5	26	13	0	0	0	244.80	334.88	40.20	10.86	100	Jefferson
3	26	14	0	0	0	414.839804	334.884404	24.366595	10.857240	-1	###FLOW###
4	26	14	0	0	0	414.839804	334.884404	24.366595	10.857240	-1	###LINE###
5	26	14	0	0	0	414.84	334.88	24.37	10.86	100	7,411
3	26	15	0	0	0	522.839760	334.884404	24.366595	10.857240	-1	###FLOW###
4	26	15	0	0	0	522.839760	334.884404	24.366595	10.857240	-1	###LINE###
5	26	15	0	0	0	522.84	334.88	24.37	10.86	100	5,391
3	26	16	0	0	0	244.799901	350.604398	52.367233	10.857240	-1	###FLOW###
4	26	16	0	0	0	244.799901	350.604398	52.367233	10.857240	-1	###LINE###
5	26	16	0	0	0	244.80	350.60	23.12	10.86	100	Total
5	26	16	0	0	1	270.66	350.60	26.51	10.86	100	Votes
3	26	17	0	0	0	414.839804	350.604398	24.366595	10.857240	-1	###FLOW###
4	26	17	0	0	0	414.839804	350.604398	24.366595	10.857240	-1	###LINE###
5	26	17	0	0	0	414.84	350.60	24.37	10.86	100	7,411
3	26	18	0	0	0	522.839760	350.604398	24.366595	10.857240	-1	###FLOW###
4	26	18	0	0	0	522.839760	350.604398	24.366595	10.857240	-1	###LINE###
5	26	18	0	0	0	522.84	350.60	24.37	10.86	100	5,391
1	27	0	0	0	0	0.000000	0.000000	792.000000	612.000000	-1	###PAGE###
3	27	0	0	0	0	270.479880	216.146188	251.100141	32.390776	-1	###FLOW###
4	27	0	0	0	0	299.759876	216.146188	192.558297	15.950760	-1	###LINE###
5	27	0	0	0	0	299.76	216.15	106.69	15.95	100	Commonwealth
5	27	0	0	0	1	410.40	216.15	13.50	15.95	100	of
5	27	0	0	0	2	427.92	216.15	64.40	15.95	100	Kentucky
4	27	0	0	1	0	270.479880	232.586204	251.100141	15.950760	-1	###LINE###
5	27	0	0	1	0	270.48	232.59	52.29	15.95	100	Michael
5	27	0	0	1	1	326.63	232.59	15.09	15.95	100	G.
5	27	0	0	1	2	345.60	232.59	51.06	15.95	100	Adams,
5	27	0	0	1	3	400.56	232.59	64.88	15.95	100	Secretary
5	27	0	0	1	4	469.19	232.59	13.50	15.95	100	of
5	27	0	0	1	5	486.60	232.59	34.98	15.95	100	State
3	27	0	1	0	0	267.959877	281.906191	256.152775	32.390746	-1	###FLOW###
4	27	0	1	0	0	352.439851	281.906191	87.154350	15.950760	-1	###LINE###
5	27	0	1	0	0	352.44	281.91	27.84	15.95	100	May
5	27	0	1	0	1	384.00	281.91	19.88	15.95	100	19,
5	27	0	1	0	2	407.76	281.91	31.83	15.95	100	2026
4	27	0	1	1	0	267.959877	298.346177	256.152775	15.950760	-1	###LINE###
5	27	0	1	1	0	267.96	298.35	48.47	15.95	100	Official
5	27	0	1	1	1	320.40	298.35	31.83	15.95	100	2026
5	27	0	1	1	2	356.04	298.35	53.12	15.95	100	Primary
5	27	0	1	1	3	412.91	298.35	55.61	15.95	100	Election
5	27	0	1	1	4	472.44	298.35	51.67	15.95	100	Results
3	27	0	2	0	0	325.439855	347.666194	141.030023	32.390746	-1	###FLOW###
4	27	0	2	0	0	341.879862	347.666194	108.051928	15.950760	-1	###LINE###
5	27	0	2	0	0	341.88	347.67	23.03	15.95	100	For
5	27	0	2	0	1	368.87	347.67	21.46	15.95	100	the
5	27	0	2	0	2	394.32	347.67	38.15	15.95	100	office
5	27	0	2	0	3	436.43	347.67	13.50	15.95	100	of
4	27	0	2	1	0	325.439855	364.106180	141.030023	15.950760	-1	###LINE###
5	27	0	2	1	0	325.44	364.11	34.98	15.95	100	State
5	27	0	2	1	1	364.32	364.11	102.15	15.95	100	Representative
1	28	0	0	0	0	0.000000	0.000000	792.000000	612.000000	-1	###PAGE###
3	28	0	0	0	0	35.999984	54.115290	161.717484	13.404001	-1	###FLOW###
4	28	0	0	0	0	35.999984	54.115290	161.717484	13.404001	-1	###LINE###
5	28	0	0	0	0	36.00	54.12	89.61	13.40	100	Commonwealth
5	28	0	0	0	1	128.96	54.12	11.34	13.40	100	of
5	28	0	0	0	2	143.60	54.12	54.11	13.40	100	Kentucky
3	28	1	0	0	0	289.919866	54.115290	212.006871	13.404001	-1	###FLOW###
4	28	1	0	0	0	289.919866	54.115290	212.006871	13.404001	-1	###LINE###
5	28	1	0	0	0	289.92	54.12	44.08	13.40	100	Michael
5	28	1	0	0	1	337.41	54.12	12.68	13.40	100	G.
5	28	1	0	0	2	353.49	54.12	43.05	13.40	100	Adams,
5	28	1	0	0	3	399.93	54.12	54.93	13.40	100	Secretary
5	28	1	0	0	4	457.88	54.12	11.34	13.40	100	of
5	28	1	0	0	5	472.53	54.12	29.40	13.40	100	State
3	28	2	0	0	0	584.279730	54.115290	171.664703	13.404001	-1	###FLOW###
4	28	2	0	0	0	584.279730	54.115290	171.664703	13.404001	-1	###LINE###
5	28	2	0	0	0	584.28	54.12	26.75	13.40	100	2026
5	28	2	0	0	1	614.48	54.12	44.77	13.40	100	Primary
5	28	2	0	0	2	662.37	54.12	46.85	13.40	100	Election
5	28	2	0	0	3	712.52	54.12	43.42	13.40	100	Results
3	28	3	0	0	0	318.239850	111.955306	155.498969	41.003991	-1	###FLOW###
4	28	3	0	0	0	336.599852	111.955306	118.765224	13.404001	-1	###LINE###
5	28	3	0	0	0	336.60	111.96	29.40	13.40	100	State
5	28	3	0	0	1	369.33	111.96	86.04	13.40	100	Representative
4	28	3	0	1	0	318.239850	125.755316	155.498969	13.404001	-1	###LINE###
5	28	3	0	1	0	318.24	125.76	21.36	13.40	100	2nd
5	28	3	0	1	1	342.92	125.76	86.04	13.40	100	Representative
5	28	3	0	1	2	432.33	125.76	41.41	13.40	100	District
4	28	3	0	2	0	347.039839	139.555296	98.197214	13.404001	-1	###LINE###
5	28	3	0	2	0	347.04	139.56	64.76	13.40	100	Republican
5	28	3	0	2	1	415.17	139.56	30.07	13.40	100	Party
3	28	3	1	0	0	329.159844	164.364412	56.166902	22.017245	-1	###FLOW###
4	28	3	1	0	0	368.519823	164.364412	16.767257	10.857240	-1	###LINE###
5	28	3	1	0	0	368.52	164.36	16.77	10.86	100	Kim
4	28	3	1	1	0	329.159844	175.524417	56.166902	10.857240	-1	###LINE###
5	28	3	1	1	0	329.16	175.52	56.17	10.86	100	HOLLOWAY
3	28	4	0	0	0	459.719797	164.364412	33.608415	22.017245	-1	###FLOW###
4	28	4	0	0	0	459.719797	164.364412	33.563743	10.857240	-1	###LINE###
5	28	4	0	0	0	459.72	164.36	33.56	10.86	100	Richard
4	28	4	0	1	0	460.319805	175.524417	33.008406	10.857240	-1	###LINE###
5	28	4	0	1	0	460.32	175.52	33.01	10.86	100	HEATH
3	28	5	0	0	0	580.199737	164.364412	21.093034	22.017245	-1	###FLOW###
4	28	5	0	0	0	580.679743	164.364412	20.469499	10.857240	-1	###LINE###
5	28	5	0	0	0	580.68	164.36	20.47	10.86	100	Nate
4	28	5	0	1	0	580.199737	175.524417	21.093034	10.857240	-1	###LINE###
5	28	5	0	1	0	580.20	175.52	21.09	10.86	100	COX
3	28	6	0	0	0	360.839842	191.124398	24.366595	10.857240	-1	###FLOW###
4	28	6	0	0	0	360.839842	191.124398	24.366595	10.857240	-1	###LINE###
5	28	6	0	0	0	360.84	191.12	24.37	10.86	100	2,415
3	28	7	0	0	0	468.839797	191.124398	24.366595	10.857240	-1	###FLOW###
4	28	7	0	0	0	468.839797	191.124398	24.366595	10.857240	-1	###LINE###
5	28	7	0	0	0	468.84	191.12	24.37	10.86	100	1,389
3	28	8	0	0	0	584.999740	191.124398	16.250892	10.857240	-1	###FLOW###
4	28	8	0	0	0	584.999740	191.124398	16.250892	10.857240	-1	###LINE###
5	28	8	0	0	0	585.00	191.12	16.25	10.86	100	521
3	28	9	0	0	0	190.799908	206.604415	49.152128	10.857240	-1	###FLOW###
4	28	9	0	0	0	190.799908	206.604415	49.152128	10.857240	-1	###LINE###
5	28	9	0	0	0	190.80	206.60	49.15	10.86	100	McCracken
3	28	10	0	0	0	368.999830	206.604415	16.250892	10.857240	-1	###FLOW###
4	28	10	0	0	0	368.999830	206.604415	16.250892	10.857240	-1	###LINE###
5	28	10	0	0	0	369.00	206.60	16.25	10.86	100	611
3	28	11	0	0	0	476.999785	206.604415	16.250892	10.857240	-1	###FLOW###
4	28	11	0	0	0	476.999785	206.604415	16.250892	10.857240	-1	###LINE###
5	28	11	0	0	0	477.00	206.60	16.25	10.86	100	351
3	28	12	0	0	0	590.399752	206.604415	10.833928	10.857240	-1	###FLOW###
4	28	12	0	0	0	590.399752	206.604415	10.833928	10.857240	-1	###LINE###
5	28	12	0	0	0	590.40	206.60	10.83	10.86	100	45
3	28	13	0	0	0	190.799908	222.324393	52.367233	10.857240	-1	###FLOW###
4	28	13	0	0	0	190.799908	222.324393	52.367233	10.857240	-1	###LINE###
5	28	13	0	0	0	190.80	222.32	23.12	10.86	100	Total
5	28	13	0	0	1	216.66	222.32	26.51	10.86	100	Votes
3	28	14	0	0	0	360.839842	222.324393	24.366595	10.857240	-1	###FLOW###
4	28	14	0	0	0	360.839842	222.324393	24.366595	10.857240	-1	###LINE###
5	28	14	0	0	0	360.84	222.32	24.37	10.86	100	3,026
3	28	15	0	0	0	468.839797	222.324393	24.366595	10.857240	-1	###FLOW###
4	28	15	0	0	0	468.839797	222.324393	24.366595	10.857240	-1	###LINE###
5	28	15	0	0	0	468.84	222.32	24.37	10.86	100	1,740
3	28	16	0	0	0	584.999740	222.324393	16.250892	10.857240	-1	###FLOW###
4	28	16	0	0	0	584.999740	222.324393	16.250892	10.857240	-1	###LINE###
5	28	16	0	0	0	585.00	222.32	16.25	10.86	100	566
3	28	17	0	0	0	190.799908	191.124398	31.391111	10.857240	-1	###FLOW###
4	28	17	0	0	0	190.799908	191.124398	31.391111	10.857240	-1	###LINE###
5	28	17	0	0	0	190.80	191.12	31.39	10.86	100	Graves
3	28	18	0	0	0	316.559858	271.075272	158.854802	41.004021	-1	###FLOW###
4	28	18	0	0	0	336.599852	271.075272	118.765224	13.404001	-1	###LINE###
5	28	18	0	0	0	336.60	271.08	29.40	13.40	100	State
5	28	18	0	0	1	369.33	271.08	86.04	13.40	100	Representative
4	28	18	0	1	0	316.559858	284.875281	158.854802	13.404001	-1	###LINE###
5	28	18	0	1	0	316.56	284.88	24.72	13.40	100	10th
5	28	18	0	1	1	344.61	284.88	86.04	13.40	100	Representative
5	28	18	0	1	2	434.00	284.88	41.41	13.40	100	District
4	28	18	0	2	0	347.039839	298.675291	98.197214	13.404001	-1	###LINE###
5	28	18	0	2	0	347.04	298.68	64.76	13.40	100	Republican
5	28	18	0	2	1	415.17	298.68	30.07	13.40	100	Party
3	28	18	1	0	0	384.119819	323.484378	55.202370	22.017275	-1	###FLOW###
4	28	18	1	0	0	418.559824	323.484378	20.576669	10.857240	-1	###LINE###
5	28	18	1	0	0	418.56	323.48	20.58	10.86	100	Josh
4	28	18	1	1	0	384.119819	334.644412	55.202370	10.857240	-1	###LINE###
5	28	18	1	1	0	384.12	334.64	55.20	10.86	100	CALLOWAY
3	28	19	0	0	0	493.319791	323.484378	53.955299	22.017275	-1	###FLOW###
4	28	19	0	0	0	527.159757	323.484378	20.031075	10.857240	-1	###LINE###
5	28	19	0	0	0	527.16	323.48	20.03	10.86	100	Julie
4	28	19	0	1	0	493.319791	334.644412	53.955299	10.857240	-1	###LINE###
5	28	19	0	1	0	493.32	334.64	53.96	10.86	100	CANTWELL
3	28	20	0	0	0	244.799901	350.244379	54.130669	10.857240	-1	###FLOW###
4	28	20	0	0	0	244.799901	350.244379	54.130669	10.857240	-1	###LINE###
5	28	20	0	0	0	244.80	350.24	54.13	10.86	100	Breckinridge
3	28	21	0	0	0	414.839804	350.244379	24.366595	10.857240	-1	###FLOW###
4	28	21	0	0	0	414.839804	350.244379	24.366595	10.857240	-1	###LINE###
5	28	21	0	0	0	414.84	350.24	24.37	10.86	100	2,503
3	28	22	0	0	0	522.839760	350.244379	24.366595	10.857240	-1	###FLOW###
4	28	22	0	0	0	522.839760	350.244379	24.366595	10.857240	-1	###LINE###
5	28	22	0	0	0	522.84	350.24	24.37	10.86	100	1,622
3	28	23	0	0	0	244.799901	365.724365	28.594945	10.857240	-1	###FLOW###
4	28	23	0	0	0	244.799901	365.724365	28.594945	10.857240	-1	###LINE###
5	28	23	0	0	0	244.80	365.72	28.59	10.86	100	Hardin
3	28	24	0	0	0	414.839804	365.724365	24.366595	10.857240	-1	###FLOW###
4	28	24	0	0	0	414.839804	365.724365	24.366595	10.857240	-1	###LINE###
5	28	24	0	0	0	414.84	365.72	24.37	10.86	100	1,812
3	28	25	0	0	0	530.999747	365.724365	16.250892	10.857240	-1	###FLOW###
4	28	25	0	0	0	530.999747	365.724365	16.250892	10.857240	-1	###LINE###
5	28	25	0	0	0	531.00	365.72	16.25	10.86	100	731
3	28	26	0	0	0	244.799901	381.444374	52.367233	10.857240	-1	###FLOW###
4	28	26	0	0	0	244.799901	381.444374	52.367233	10.857240	-1	###LINE###
5	28	26	0	0	0	244.80	381.44	23.12	10.86	100	Total
5	28	26	0	0	1	270.66	381.44	26.51	10.86	100	Votes
3	28	27	0	0	0	414.839804	381.444374	24.366595	10.857240	-1	###FLOW###
4	28	27	0	0	0	414.839804	381.444374	24.366595	10.857240	-1	###LINE###
5	28	27	0	0	0	414.84	381.44	24.37	10.86	100	4,315
3	28	28	0	0	0	522.839760	381.444374	24.366595	10.857240	-1	###FLOW###
4	28	28	0	0	0	522.839760	381.444374	24.366595	10.857240	-1	###LINE###
5	28	28	0	0	0	522.84	381.44	24.37	10.86	100	2,353
1	29	0	0	0	0	0.000000	0.000000	792.000000	612.000000	-1	###PAGE###
3	29	0	0	0	0	35.999984	54.115290	161.717484	13.404001	-1	###FLOW###
4	29	0	0	0	0	35.999984	54.115290	161.717484	13.404001	-1	###LINE###
5	29	0	0	0	0	36.00	54.12	89.61	13.40	100	Commonwealth
5	29	0	0	0	1	128.96	54.12	11.34	13.40	100	of
5	29	0	0	0	2	143.60	54.12	54.11	13.40	100	Kentucky
3	29	1	0	0	0	289.919866	54.115290	212.006871	13.404001	-1	###FLOW###
4	29	1	0	0	0	289.919866	54.115290	212.006871	13.404001	-1	###LINE###
5	29	1	0	0	0	289.92	54.12	44.08	13.40	100	Michael
5	29	1	0	0	1	337.41	54.12	12.68	13.40	100	G.
5	29	1	0	0	2	353.49	54.12	43.05	13.40	100	Adams,
5	29	1	0	0	3	399.93	54.12	54.93	13.40	100	Secretary
5	29	1	0	0	4	457.88	54.12	11.34	13.40	100	of
5	29	1	0	0	5	472.53	54.12	29.40	13.40	100	State
3	29	2	0	0	0	584.279730	54.115290	171.664703	13.404001	-1	###FLOW###
4	29	2	0	0	0	584.279730	54.115290	171.664703	13.404001	-1	###LINE###
5	29	2	0	0	0	584.28	54.12	26.75	13.40	100	2026
5	29	2	0	0	1	614.48	54.12	44.77	13.40	100	Primary
5	29	2	0	0	2	662.37	54.12	46.85	13.40	100	Election
5	29	2	0	0	3	712.52	54.12	43.42	13.40	100	Results
3	29	3	0	0	0	316.559858	111.955306	158.854802	41.003991	-1	###FLOW###
4	29	3	0	0	0	336.599852	111.955306	118.765224	13.404001	-1	###LINE###
5	29	3	0	0	0	336.60	111.96	29.40	13.40	100	State
5	29	3	0	0	1	369.33	111.96	86.04	13.40	100	Representative
4	29	3	0	1	0	316.559858	125.755316	158.854802	13.404001	-1	###LINE###
5	29	3	0	1	0	316.56	125.76	24.72	13.40	100	14th
5	29	3	0	1	1	344.61	125.76	86.04	13.40	100	Representative
5	29	3	0	1	2	434.00	125.76	41.41	13.40	100	District
4	29	3	0	2	0	347.039839	139.555296	98.197214	13.404001	-1	###LINE###
5	29	3	0	2	0	347.04	139.56	64.76	13.40	100	Republican
5	29	3	0	2	1	415.17	139.56	30.07	13.40	100	Party
3	29	3	1	0	0	413.759821	164.364412	25.506496	22.017245	-1	###FLOW###
4	29	3	1	0	0	419.279803	164.364412	19.884934	10.857240	-1	###LINE###
5	29	3	1	0	0	419.28	164.36	19.88	10.86	100	Wes
4	29	3	1	1	0	413.759821	175.524417	25.506496	10.857240	-1	###LINE###
5	29	3	1	1	0	413.76	175.52	25.51	10.86	100	PATE
3	29	4	0	0	0	493.319791	164.364412	54.023499	22.017245	-1	###FLOW###
4	29	4	0	0	0	523.079763	164.364412	24.249682	10.857240	-1	###LINE###
5	29	4	0	0	0	523.08	164.36	24.25	10.86	100	Marty
4	29	4	0	1	0	493.319791	175.524417	54.023499	10.857240	-1	###LINE###
5	29	4	0	1	0	493.32	175.52	54.02	10.86	100	SHEPHARD
3	29	5	0	0	0	244.799901	191.124398	34.547759	10.857240	-1	###FLOW###
4	29	5	0	0	0	244.799901	191.124398	34.547759	10.857240	-1	###LINE###
5	29	5	0	0	0	244.80	191.12	34.55	10.86	100	Daviess
3	29	6	0	0	0	422.999822	191.124398	16.250892	10.857240	-1	###FLOW###
4	29	6	0	0	0	422.999822	191.124398	16.250892	10.857240	-1	###LINE###
5	29	6	0	0	0	423.00	191.12	16.25	10.86	100	796
3	29	7	0	0	0	530.999747	191.124398	16.250892	10.857240	-1	###FLOW###
4	29	7	0	0	0	530.999747	191.124398	16.250892	10.857240	-1	###LINE###
5	29	7	0	0	0	531.00	191.12	16.25	10.86	100	296
3	29	8	0	0	0	244.799901	206.604415	37.801835	10.857240	-1	###FLOW###
4	29	8	0	0	0	244.799901	206.604415	37.801835	10.857240	-1	###LINE###
5	29	8	0	0	0	244.80	206.60	37.80	10.86	100	Hancock
3	29	9	0	0	0	414.839804	206.604415	24.366595	10.857240	-1	###FLOW###
4	29	9	0	0	0	414.839804	206.604415	24.366595	10.857240	-1	###LINE###
5	29	9	0	0	0	414.84	206.60	24.37	10.86	100	1,312
3	29	10	0	0	0	530.999747	206.604415	16.250892	10.857240	-1	###FLOW###
4	29	10	0	0	0	530.999747	206.604415	16.250892	10.857240	-1	###LINE###
5	29	10	0	0	0	531.00	206.60	16.25	10.86	100	161
3	29	11	0	0	0	244.799901	221.964406	20.566926	10.857240	-1	###FLOW###
4	29	11	0	0	0	244.799901	221.964406	20.566926	10.857240	-1	###LINE###
5	29	11	0	0	0	244.80	221.96	20.57	10.86	100	Ohio
3	29	12	0	0	0	414.839804	221.964406	24.366595	10.857240	-1	###FLOW###
4	29	12	0	0	0	414.839804	221.964406	24.366595	10.857240	-1	###LINE###
5	29	12	0	0	0	414.84	221.96	24.37	10.86	100	1,745
3	29	13	0	0	0	522.839760	221.964406	24.366595	10.857240	-1	###FLOW###
4	29	13	0	0	0	522.839760	221.964406	24.366595	10.857240	-1	###LINE###
5	29	13	0	0	0	522.84	221.96	24.37	10.86	100	2,375
3	29	14	0	0	0	244.799901	237.684413	52.367233	10.857240	-1	###FLOW###
4	29	14	0	0	0	244.799901	237.684413	52.367233	10.857240	-1	###LINE###
5	29	14	0	0	0	244.80	237.68	23.12	10.86	100	Total
5	29	14	0	0	1	270.66	237.68	26.51	10.86	100	Votes
3	29	15	0	0	0	414.839804	237.684413	24.366595	10.857240	-1	###FLOW###
4	29	15	0	0	0	414.839804	237.684413	24.366595	10.857240	-1	###LINE###
5	29	15	0	0	0	414.84	237.68	24.37	10.86	100	3,853
3	29	16	0	0	0	522.839760	237.684413	24.366595	10.857240	-1	###FLOW###
4	29	16	0	0	0	522.839760	237.684413	24.366595	10.857240	-1	###LINE###
5	29	16	0	0	0	522.84	237.68	24.37	10.86	100	2,832
3	29	17	0	0	0	316.559858	286.555288	158.854802	41.003991	-1	###FLOW###
4	29	17	0	0	0	336.599852	286.555288	118.765224	13.404001	-1	###LINE###
5	29	17	0	0	0	336.60	286.56	29.40	13.40	100	State
5	29	17	0	0	1	369.33	286.56	86.04	13.40	100	Representative
4	29	17	0	1	0	316.559858	300.355268	158.854802	13.404001	-1	###LINE###
5	29	17	0	1	0	316.56	300.36	24.72	13.40	100	24th
5	29	17	0	1	1	344.61	300.36	86.04	13.40	100	Representative
5	29	17	0	1	2	434.00	300.36	41.41	13.40	100	District
4	29	17	0	2	0	347.039839	314.155277	98.197214	13.404001	-1	###LINE###
5	29	17	0	2	0	347.04	314.16	64.76	13.40	100	Republican
5	29	17	0	2	1	415.17	314.16	30.07	13.40	100	Party
3	29	17	1	0	0	394.079830	338.964394	45.167347	22.017229	-1	###FLOW###
4	29	17	1	0	0	394.079830	338.964394	45.167347	10.857240	-1	###LINE###
5	29	17	1	0	0	394.08	338.96	22.47	10.86	100	Ryan
5	29	17	1	0	1	419.22	338.96	20.03	10.86	100	Dale
4	29	17	1	1	0	403.079830	350.124383	36.126084	10.857240	-1	###LINE###
5	29	17	1	1	0	403.08	350.12	36.13	10.86	100	BIVENS
3	29	18	0	0	0	506.519785	338.964394	40.763718	22.017229	-1	###FLOW###
4	29	18	0	0	0	506.519785	338.964394	40.617487	10.857240	-1	###LINE###
5	29	18	0	0	0	506.52	338.96	29.53	10.86	100	Steven
5	29	18	0	0	1	538.61	338.96	8.52	10.86	100	T.
4	29	18	0	1	0	513.719760	350.124383	33.563743	10.857240	-1	###LINE###
5	29	18	0	1	0	513.72	350.12	33.56	10.86	100	CAVEN
3	29	19	0	0	0	244.799901	365.724365	27.065334	10.857240	-1	###FLOW###
4	29	19	0	0	0	244.799901	365.724365	27.065334	10.857240	-1	###LINE###
5	29	19	0	0	0	244.80	365.72	27.07	10.86	100	Green
3	29	20	0	0	0	414.839804	365.724365	24.366595	10.857240	-1	###FLOW###
4	29	20	0	0	0	414.839804	365.724365	24.366595	10.857240	-1	###LINE###
5	29	20	0	0	0	414.84	365.72	24.37	10.86	100	1,407
3	29	21	0	0	0	522.839760	365.724365	24.366595	10.857240	-1	###FLOW###
4	29	21	0	0	0	522.839760	365.724365	24.366595	10.857240	-1	###LINE###
5	29	21	0	0	0	522.84	365.72	24.37	10.86	100	1,280
3	29	22	0	0	0	244.799901	381.204382	18.296868	10.857240	-1	###FLOW###
4	29	22	0	0	0	244.799901	381.204382	18.296868	10.857240	-1	###LINE###
5	29	22	0	0	0	244.80	381.20	18.30	10.86	100	Hart
3	29	23	0	0	0	414.839804	381.204382	24.366595	10.857240	-1	###FLOW###
4	29	23	0	0	0	414.839804	381.204382	24.366595	10.857240	-1	###LINE###
5	29	23	0	0	0	414.84	381.20	24.37	10.86	100	1,084
3	29	24	0	0	0	530.999747	381.204382	16.250892	10.857240	-1	###FLOW###
4	29	24	0	0	0	530.999747	381.204382	16.250892	10.857240	-1	###LINE###
5	29	24	0	0	0	531.00	381.20	16.25	10.86	100	671
3	29	25	0	0	0	244.799901	396.564372	24.912189	10.857240	-1	###FLOW###
4	29	25	0	0	0	244.799901	396.564372	24.912189	10.857240	-1	###LINE###
5	29	25	0	0	0	244.80	396.56	24.91	10.86	100	Larue
3	29	26	0	0	0	414.839804	396.564372	24.366595	10.857240	-1	###FLOW###
4	29	26	0	0	0	414.839804	396.564372	24.366595	10.857240	-1	###LINE###
5	29	26	0	0	0	414.84	396.56	24.37	10.86	100	1,987
3	29	27	0	0	0	530.999747	396.564372	16.250892	10.857240	-1	###FLOW###
4	29	27	0	0	0	530.999747	396.564372	16.250892	10.857240	-1	###LINE###
5	29	27	0	0	0	531.00	396.56	16.25	10.86	100	433
3	29	28	0	0	0	244.799901	412.284381	52.367233	10.857240	-1	###FLOW###
4	29	28	0	0	0	244.799901	412.284381	52.367233	10.857240	-1	###LINE###
5	29	28	0	0	0	244.80	412.28	23.12	10.86	100	Total
5	29	28	0	0	1	270.66	412.28	26.51	10.86	100	Votes
3	29	29	0	0	0	414.839804	412.284381	24.366595	10.857240	-1	###FLOW###
4	29	29	0	0	0	414.839804	412.284381	24.366595	10.857240	-1	###LINE###
5	29	29	0	0	0	414.84	412.28	24.37	10.86	100	4,478
3	29	30	0	0	0	522.839760	412.284381	24.366595	10.857240	-1	###FLOW###
4	29	30	0	0	0	522.839760	412.284381	24.366595	10.857240	-1	###LINE###
5	29	30	0	0	0	522.84	412.28	24.37	10.86	100	2,384
1	30	0	0	0	0	0.000000	0.000000	792.000000	612.000000	-1	###PAGE###
3	30	0	0	0	0	35.999984	54.115290	161.717484	13.404001	-1	###FLOW###
4	30	0	0	0	0	35.999984	54.115290	161.717484	13.404001	-1	###LINE###
5	30	0	0	0	0	36.00	54.12	89.61	13.40	100	Commonwealth
5	30	0	0	0	1	128.96	54.12	11.34	13.40	100	of
5	30	0	0	0	2	143.60	54.12	54.11	13.40	100	Kentucky
3	30	1	0	0	0	289.919866	54.115290	212.006871	13.404001	-1	###FLOW###
4	30	1	0	0	0	289.919866	54.115290	212.006871	13.404001	-1	###LINE###
5	30	1	0	0	0	289.92	54.12	44.08	13.40	100	Michael
5	30	1	0	0	1	337.41	54.12	12.68	13.40	100	G.
5	30	1	0	0	2	353.49	54.12	43.05	13.40	100	Adams,
5	30	1	0	0	3	399.93	54.12	54.93	13.40	100	Secretary
5	30	1	0	0	4	457.88	54.12	11.34	13.40	100	of
5	30	1	0	0	5	472.53	54.12	29.40	13.40	100	State
3	30	2	0	0	0	584.279730	54.115290	171.664703	13.404001	-1	###FLOW###
4	30	2	0	0	0	584.279730	54.115290	171.664703	13.404001	-1	###LINE###
5	30	2	0	0	0	584.28	54.12	26.75	13.40	100	2026
5	30	2	0	0	1	614.48	54.12	44.77	13.40	100	Primary
5	30	2	0	0	2	662.37	54.12	46.85	13.40	100	Election
5	30	2	0	0	3	712.52	54.12	43.42	13.40	100	Results
3	30	3	0	0	0	316.559858	111.955306	158.854802	41.003991	-1	###FLOW###
4	30	3	0	0	0	336.599852	111.955306	118.765224	13.404001	-1	###LINE###
5	30	3	0	0	0	336.60	111.96	29.40	13.40	100	State
5	30	3	0	0	1	369.33	111.96	86.04	13.40	100	Representative
4	30	3	0	1	0	316.559858	125.755316	158.854802	13.404001	-1	###LINE###
5	30	3	0	1	0	316.56	125.76	24.72	13.40	100	27th
5	30	3	0	1	1	344.61	125.76	86.04	13.40	100	Representative
5	30	3	0	1	2	434.00	125.76	41.41	13.40	100	District
4	30	3	0	2	0	347.039839	139.555296	98.197214	13.404001	-1	###LINE###
5	30	3	0	2	0	347.04	139.56	64.76	13.40	100	Republican
5	30	3	0	2	1	415.17	139.56	30.07	13.40	100	Party
3	30	3	1	0	0	302.639853	164.364412	43.111629	22.017245	-1	###FLOW###
4	30	3	1	0	0	314.159856	164.364412	31.410597	10.857240	-1	###LINE###
5	30	3	1	0	0	314.16	164.36	31.41	10.86	100	Joseph
4	30	3	1	1	0	302.639853	175.524417	43.111629	10.857240	-1	###LINE###
5	30	3	1	1	0	302.64	175.52	43.11	10.86	100	REDMON
3	30	4	0	0	0	397.679818	164.364412	41.601504	22.017245	-1	###FLOW###
4	30	4	0	0	0	401.399837	164.364412	37.801835	10.857240	-1	###LINE###
5	30	4	0	0	0	401.40	164.36	37.80	10.86	100	Rachelle
4	30	4	0	1	0	397.679818	175.524417	41.601504	10.857240	-1	###LINE###
5	30	4	0	1	0	397.68	175.52	41.60	10.86	100	FRAZIER
3	30	5	0	0	0	502.679794	164.364412	30.280439	22.017245	-1	###FLOW###
4	30	5	0	0	0	513.359755	164.364412	19.485482	10.857240	-1	###LINE###
5	30	5	0	0	0	513.36	164.36	19.49	10.86	100	Paul
4	30	5	0	1	0	502.679794	175.524417	30.280439	10.857240	-1	###LINE###
5	30	5	0	1	0	502.68	175.52	30.28	10.86	100	SMITH
3	30	6	0	0	0	586.559761	164.364412	39.920846	22.017245	-1	###FLOW###
4	30	6	0	0	0	595.079754	164.364412	31.400854	10.857240	-1	###LINE###
5	30	6	0	0	0	595.08	164.36	31.40	10.86	100	Sandra
4	30	6	0	1	0	586.559761	175.524417	39.916010	10.857240	-1	###LINE###
5	30	6	0	1	0	586.56	175.52	39.92	10.86	100	CARTER
3	30	7	0	0	0	165.599921	191.124398	28.594945	10.857240	-1	###FLOW###
4	30	7	0	0	0	165.599921	191.124398	28.594945	10.857240	-1	###LINE###
5	30	7	0	0	0	165.60	191.12	28.59	10.86	100	Hardin
3	30	8	0	0	0	329.399847	191.124398	16.250892	10.857240	-1	###FLOW###
4	30	8	0	0	0	329.399847	191.124398	16.250892	10.857240	-1	###LINE###
5	30	8	0	0	0	329.40	191.12	16.25	10.86	100	276
3	30	9	0	0	0	422.999822	191.124398	16.250892	10.857240	-1	###FLOW###
4	30	9	0	0	0	422.999822	191.124398	16.250892	10.857240	-1	###LINE###
5	30	9	0	0	0	423.00	191.12	16.25	10.86	100	139
3	30	10	0	0	0	516.599737	191.124398	16.250892	10.857240	-1	###FLOW###
4	30	10	0	0	0	516.599737	191.124398	16.250892	10.857240	-1	###LINE###
5	30	10	0	0	0	516.60	191.12	16.25	10.86	100	110
3	30	11	0	0	0	615.599724	191.124398	10.833928	10.857240	-1	###FLOW###
4	30	11	0	0	0	615.599724	191.124398	10.833928	10.857240	-1	###LINE###
5	30	11	0	0	0	615.60	191.12	10.83	10.86	100	90
3	30	12	0	0	0	165.599921	206.604415	29.686132	10.857240	-1	###FLOW###
4	30	12	0	0	0	165.599921	206.604415	29.686132	10.857240	-1	###LINE###
5	30	12	0	0	0	165.60	206.60	29.69	10.86	100	Meade
3	30	13	0	0	0	321.239860	206.604415	24.366595	10.857240	-1	###FLOW###
4	30	13	0	0	0	321.239860	206.604415	24.366595	10.857240	-1	###LINE###
5	30	13	0	0	0	321.24	206.60	24.37	10.86	100	1,282
3	30	14	0	0	0	422.999822	206.604415	16.250892	10.857240	-1	###FLOW###
4	30	14	0	0	0	422.999822	206.604415	16.250892	10.857240	-1	###LINE###
5	30	14	0	0	0	423.00	206.60	16.25	10.86	100	915
3	30	15	0	0	0	516.599737	206.604415	16.250892	10.857240	-1	###FLOW###
4	30	15	0	0	0	516.599737	206.604415	16.250892	10.857240	-1	###LINE###
5	30	15	0	0	0	516.60	206.60	16.25	10.86	100	460
3	30	16	0	0	0	610.199713	206.604415	16.250892	10.857240	-1	###FLOW###
4	30	16	0	0	0	610.199713	206.604415	16.250892	10.857240	-1	###LINE###
5	30	16	0	0	0	610.20	206.60	16.25	10.86	100	353
3	30	17	0	0	0	165.599921	222.324393	52.367233	10.857240	-1	###FLOW###
4	30	17	0	0	0	165.599921	222.324393	52.367233	10.857240	-1	###LINE###
5	30	17	0	0	0	165.60	222.32	23.12	10.86	100	Total
5	30	17	0	0	1	191.46	222.32	26.51	10.86	100	Votes
3	30	18	0	0	0	321.239860	222.324393	24.366595	10.857240	-1	###FLOW###
4	30	18	0	0	0	321.239860	222.324393	24.366595	10.857240	-1	###LINE###
5	30	18	0	0	0	321.24	222.32	24.37	10.86	100	1,558
3	30	19	0	0	0	414.839804	222.324393	24.366595	10.857240	-1	###FLOW###
4	30	19	0	0	0	414.839804	222.324393	24.366595	10.857240	-1	###LINE###
5	30	19	0	0	0	414.84	222.32	24.37	10.86	100	1,054
3	30	20	0	0	0	516.599737	222.324393	16.250892	10.857240	-1	###FLOW###
4	30	20	0	0	0	516.599737	222.324393	16.250892	10.857240	-1	###LINE###
5	30	20	0	0	0	516.60	222.32	16.25	10.86	100	570
3	30	21	0	0	0	610.199713	222.324393	16.250892	10.857240	-1	###FLOW###
4	30	21	0	0	0	610.199713	222.324393	16.250892	10.857240	-1	###LINE###
5	30	21	0	0	0	610.20	222.32	16.25	10.86	100	443
3	30	22	0	0	0	316.559858	271.075272	158.854802	41.004021	-1	###FLOW###
4	30	22	0	0	0	336.599852	271.075272	118.765224	13.404001	-1	###LINE###
5	30	22	0	0	0	336.60	271.08	29.40	13.40	100	State
5	30	22	0	0	1	369.33	271.08	86.04	13.40	100	Representative
4	30	22	0	1	0	316.559858	284.875281	158.854802	13.404001	-1	###LINE###
5	30	22	0	1	0	316.56	284.88	24.72	13.40	100	30th
5	30	22	0	1	1	344.61	284.88	86.04	13.40	100	Representative
5	30	22	0	1	2	434.00	284.88	41.41	13.40	100	District
4	30	22	0	2	0	346.679835	298.675291	98.918899	13.404001	-1	###LINE###
5	30	22	0	2	0	346.68	298.68	65.48	13.40	100	Democratic
5	30	22	0	2	1	415.53	298.68	30.07	13.40	100	Party
3	30	22	1	0	0	348.599831	323.484378	36.638646	22.017275	-1	###FLOW###
4	30	22	1	0	0	363.599849	323.484378	21.638628	10.857240	-1	###LINE###
5	30	22	1	0	0	363.60	323.48	21.64	10.86	100	Mitra
4	30	22	1	1	0	348.599831	334.644412	36.613221	10.857240	-1	###LINE###
5	30	22	1	1	0	348.60	334.64	36.61	10.86	100	SUBEDI
3	30	23	0	0	0	462.119799	323.484378	31.157286	22.017275	-1	###FLOW###
4	30	23	0	0	0	463.439786	323.484378	29.773816	10.857240	-1	###LINE###
5	30	23	0	0	0	463.44	323.48	29.77	10.86	100	Cassie
4	30	23	0	1	0	462.119799	334.644412	31.157286	10.857240	-1	###LINE###
5	30	23	0	1	0	462.12	334.64	31.16	10.86	100	LYLES
3	30	24	0	0	0	538.199722	323.484378	63.084248	22.017275	-1	###FLOW###
4	30	24	0	0	0	573.719710	323.484378	27.513500	10.857240	-1	###LINE###
5	30	24	0	0	0	573.72	323.48	27.51	10.86	100	Daniel
4	30	24	0	1	0	538.199722	334.644412	63.084248	10.857240	-1	###LINE###
5	30	24	0	1	0	538.20	334.64	63.08	10.86	100	GROSSBERG
3	30	25	0	0	0	190.799908	350.244379	40.198549	10.857240	-1	###FLOW###
4	30	25	0	0	0	190.799908	350.244379	40.198549	10.857240	-1	###LINE###
5	30	25	0	0	0	190.80	350.24	40.20	10.86	100	Jefferson
3	30	26	0	0	0	360.839842	350.244379	24.366595	10.857240	-1	###FLOW###
4	30	26	0	0	0	360.839842	350.244379	24.366595	10.857240	-1	###LINE###
5	30	26	0	0	0	360.84	350.24	24.37	10.86	100	2,095
3	30	27	0	0	0	468.839797	350.244379	24.366595	10.857240	-1	###FLOW###
4	30	27	0	0	0	468.839797	350.244379	24.366595	10.857240	-1	###LINE###
5	30	27	0	0	0	468.84	350.24	24.37	10.86	100	1,495
3	30	28	0	0	0	576.839753	350.244379	24.366595	10.857240	-1	###FLOW###
4	30	28	0	0	0	576.839753	350.244379	24.366595	10.857240	-1	###LINE###
5	30	28	0	0	0	576.84	350.24	24.37	10.86	100	1,096
3	30	29	0	0	0	190.799908	365.964388	52.367233	10.857240	-1	###FLOW###
4	30	29	0	0	0	190.799908	365.964388	52.367233	10.857240	-1	###LINE###
5	30	29	0	0	0	190.80	365.96	23.12	10.86	100	Total
5	30	29	0	0	1	216.66	365.96	26.51	10.86	100	Votes
3	30	30	0	0	0	360.839842	365.964388	24.366595	10.857240	-1	###FLOW###
4	30	30	0	0	0	360.839842	365.964388	24.366595	10.857240	-1	###LINE###
5	30	30	0	0	0	360.84	365.96	24.37	10.86	100	2,095
3	30	31	0	0	0	468.839797	365.964388	24.366595	10.857240	-1	###FLOW###
4	30	31	0	0	0	468.839797	365.964388	24.366595	10.857240	-1	###LINE###
5	30	31	0	0	0	468.84	365.96	24.37	10.86	100	1,495
3	30	32	0	0	0	576.839753	365.964388	24.366595	10.857240	-1	###FLOW###
4	30	32	0	0	0	576.839753	365.964388	24.366595	10.857240	-1	###LINE###
5	30	32	0	0	0	576.84	365.96	24.37	10.86	100	1,096
1	31	0	0	0	0	0.000000	0.000000	792.000000	612.000000	-1	###PAGE###
3	31	0	0	0	0	35.999984	54.115290	161.717484	13.404001	-1	###FLOW###
4	31	0	0	0	0	35.999984	54.115290	161.717484	13.404001	-1	###LINE###
5	31	0	0	0	0	36.00	54.12	89.61	13.40	100	Commonwealth
5	31	0	0	0	1	128.96	54.12	11.34	13.40	100	of
5	31	0	0	0	2	143.60	54.12	54.11	13.40	100	Kentucky
3	31	1	0	0	0	289.919866	54.115290	212.006871	13.404001	-1	###FLOW###
4	31	1	0	0	0	289.919866	54.115290	212.006871	13.404001	-1	###LINE###
5	31	1	0	0	0	289.92	54.12	44.08	13.40	100	Michael
5	31	1	0	0	1	337.41	54.12	12.68	13.40	100	G.
5	31	1	0	0	2	353.49	54.12	43.05	13.40	100	Adams,
5	31	1	0	0	3	399.93	54.12	54.93	13.40	100	Secretary
5	31	1	0	0	4	457.88	54.12	11.34	13.40	100	of
5	31	1	0	0	5	472.53	54.12	29.40	13.40	100	State
3	31	2	0	0	0	584.279730	54.115290	171.664703	13.404001	-1	###FLOW###
4	31	2	0	0	0	584.279730	54.115290	171.664703	13.404001	-1	###LINE###
5	31	2	0	0	0	584.28	54.12	26.75	13.40	100	2026
5	31	2	0	0	1	614.48	54.12	44.77	13.40	100	Primary
5	31	2	0	0	2	662.37	54.12	46.85	13.40	100	Election
5	31	2	0	0	3	712.52	54.12	43.42	13.40	100	Results
3	31	3	0	0	0	316.199853	111.955306	159.576487	41.003991	-1	###FLOW###
4	31	3	0	0	0	336.599852	111.955306	118.765224	13.404001	-1	###LINE###
5	31	3	0	0	0	336.60	111.96	29.40	13.40	100	State
5	31	3	0	0	1	369.33	111.96	86.04	13.40	100	Representative
4	31	3	0	1	0	316.199853	125.755316	159.576487	13.404001	-1	###LINE###
5	31	3	0	1	0	316.20	125.76	25.39	13.40	100	33rd
5	31	3	0	1	1	344.97	125.76	86.02	13.40	100	Representative
5	31	3	0	1	2	434.36	125.76	41.41	13.40	100	District
4	31	3	0	2	0	346.679835	139.555296	98.918899	13.404001	-1	###LINE###
5	31	3	0	2	0	346.68	139.56	65.48	13.40	100	Democratic
5	31	3	0	2	1	415.53	139.56	30.07	13.40	100	Party
3	31	3	1	0	0	401.999815	164.364412	37.207528	22.017245	-1	###FLOW###
4	31	3	1	0	0	404.519819	164.364412	34.645187	10.857240	-1	###LINE###
5	31	3	1	0	0	404.52	164.36	34.65	10.86	100	Jennifer
4	31	3	1	1	0	401.999815	175.524417	37.207528	10.857240	-1	###LINE###
5	31	3	1	1	0	402.00	175.52	37.21	10.86	100	HARDIN
3	31	4	0	0	0	489.359799	164.364412	57.987374	22.017245	-1	###FLOW###
4	31	4	0	0	0	489.359799	164.364412	57.803682	10.857240	-1	###LINE###
5	31	4	0	0	0	489.36	164.36	24.97	10.86	100	Tarah
5	31	4	0	0	1	516.89	164.36	30.27	10.86	100	Combs
4	31	4	0	1	0	502.559793	175.524417	44.787380	10.857240	-1	###LINE###
5	31	4	0	1	0	502.56	175.52	44.79	10.86	100	LeBLANC
3	31	5	0	0	0	244.799901	191.124398	40.198549	10.857240	-1	###FLOW###
4	31	5	0	0	0	244.799901	191.124398	40.198549	10.857240	-1	###LINE###
5	31	5	0	0	0	244.80	191.12	40.20	10.86	100	Jefferson
3	31	6	0	0	0	414.839804	191.124398	24.366595	10.857240	-1	###FLOW###
4	31	6	0	0	0	414.839804	191.124398	24.366595	10.857240	-1	###LINE###
5	31	6	0	0	0	414.84	191.12	24.37	10.86	100	2,220
3	31	7	0	0	0	522.839760	191.124398	24.366595	10.857240	-1	###FLOW###
4	31	7	0	0	0	522.839760	191.124398	24.366595	10.857240	-1	###LINE###
5	31	7	0	0	0	522.84	191.12	24.37	10.86	100	1,208
3	31	8	0	0	0	244.799901	206.604415	34.099593	10.857240	-1	###FLOW###
4	31	8	0	0	0	244.799901	206.604415	34.099593	10.857240	-1	###LINE###
5	31	8	0	0	0	244.80	206.60	34.10	10.86	100	Oldham
3	31	9	0	0	0	422.999822	206.604415	16.250892	10.857240	-1	###FLOW###
4	31	9	0	0	0	422.999822	206.604415	16.250892	10.857240	-1	###LINE###
5	31	9	0	0	0	423.00	206.60	16.25	10.86	100	614
3	31	10	0	0	0	530.999747	206.604415	16.250892	10.857240	-1	###FLOW###
4	31	10	0	0	0	530.999747	206.604415	16.250892	10.857240	-1	###LINE###
5	31	10	0	0	0	531.00	206.60	16.25	10.86	100	309
3	31	11	0	0	0	244.799901	221.964406	29.773816	10.857240	-1	###FLOW###
4	31	11	0	0	0	244.799901	221.964406	29.773816	10.857240	-1	###LINE###
5	31	11	0	0	0	244.80	221.96	29.77	10.86	100	Shelby
3	31	12	0	0	0	428.399803	221.964406	10.833928	10.857240	-1	###FLOW###
4	31	12	0	0	0	428.399803	221.964406	10.833928	10.857240	-1	###LINE###
5	31	12	0	0	0	428.40	221.96	10.83	10.86	100	96
3	31	13	0	0	0	536.399759	221.964406	10.833928	10.857240	-1	###FLOW###
4	31	13	0	0	0	536.399759	221.964406	10.833928	10.857240	-1	###LINE###
5	31	13	0	0	0	536.40	221.96	10.83	10.86	100	27
3	31	14	0	0	0	414.839804	237.684413	24.366595	10.857240	-1	###FLOW###
4	31	14	0	0	0	414.839804	237.684413	24.366595	10.857240	-1	###LINE###
5	31	14	0	0	0	414.84	237.68	24.37	10.86	100	2,930
3	31	15	0	0	0	522.839760	237.684413	24.366595	10.857240	-1	###FLOW###
4	31	15	0	0	0	522.839760	237.684413	24.366595	10.857240	-1	###LINE###
5	31	15	0	0	0	522.84	237.68	24.37	10.86	100	1,544
3	31	16	0	0	0	244.799901	237.684413	52.367233	10.857240	-1	###FLOW###
4	31	16	0	0	0	244.799901	237.684413	52.367233	10.857240	-1	###LINE###
5	31	16	0	0	0	244.80	237.68	23.12	10.86	100	Total
5	31	16	0	0	1	270.66	237.68	26.51	10.86	100	Votes
3	31	17	0	0	0	316.559858	286.555288	158.854802	41.003991	-1	###FLOW###
4	31	17	0	0	0	336.599852	286.555288	118.765224	13.404001	-1	###LINE###
5	31	17	0	0	0	336.60	286.56	29.40	13.40	100	State
5	31	17	0	0	1	369.33	286.56	86.04	13.40	100	Representative
4	31	17	0	1	0	316.559858	300.355268	158.854802	13.404001	-1	###LINE###
5	31	17	0	1	0	316.56	300.36	24.72	13.40	100	35th
5	31	17	0	1	1	344.61	300.36	86.04	13.40	100	Representative
5	31	17	0	1	2	434.00	300.36	41.41	13.40	100	District
4	31	17	0	2	0	347.039839	314.155277	98.197214	13.404001	-1	###LINE###
5	31	17	0	2	0	347.04	314.16	64.76	13.40	100	Republican
5	31	17	0	2	1	415.17	314.16	30.07	13.40	100	Party
3	31	17	1	0	0	401.159834	338.964394	38.094117	22.017229	-1	###FLOW###
4	31	17	1	0	0	421.319800	338.964394	17.848701	10.857240	-1	###LINE###
5	31	17	1	0	0	421.32	338.96	17.85	10.86	100	Bret
4	31	17	1	1	0	401.159834	350.124383	38.094117	10.857240	-1	###LINE###
5	31	17	1	1	0	401.16	350.12	38.09	10.86	100	SHULTZ
3	31	18	0	0	0	494.039801	338.964394	53.302536	22.017229	-1	###FLOW###
4	31	18	0	0	0	513.719760	338.964394	33.466315	10.857240	-1	###LINE###
5	31	18	0	0	0	513.72	338.96	33.47	10.86	100	Charles
4	31	18	0	1	0	494.039801	350.124383	53.302536	10.857240	-1	###LINE###
5	31	18	0	1	0	494.04	350.12	53.30	10.86	100	JUNGBERT
3	31	19	0	0	0	244.799901	365.724365	40.198549	10.857240	-1	###FLOW###
4	31	19	0	0	0	244.799901	365.724365	40.198549	10.857240	-1	###LINE###
5	31	19	0	0	0	244.80	365.72	40.20	10.86	100	Jefferson
3	31	20	0	0	0	422.999822	365.724365	16.250892	10.857240	-1	###FLOW###
4	31	20	0	0	0	422.999822	365.724365	16.250892	10.857240	-1	###LINE###
5	31	20	0	0	0	423.00	365.72	16.25	10.86	100	931
3	31	21	0	0	0	530.999747	365.724365	16.250892	10.857240	-1	###FLOW###
4	31	21	0	0	0	530.999747	365.724365	16.250892	10.857240	-1	###LINE###
5	31	21	0	0	0	531.00	365.72	16.25	10.86	100	342
3	31	22	0	0	0	244.799901	381.444374	52.367233	10.857240	-1	###FLOW###
4	31	22	0	0	0	244.799901	381.444374	52.367233	10.857240	-1	###LINE###
5	31	22	0	0	0	244.80	381.44	23.12	10.86	100	Total
5	31	22	0	0	1	270.66	381.44	26.51	10.86	100	Votes
3	31	23	0	0	0	422.999822	381.444374	16.250892	10.857240	-1	###FLOW###
4	31	23	0	0	0	422.999822	381.444374	16.250892	10.857240	-1	###LINE###
5	31	23	0	0	0	423.00	381.44	16.25	10.86	100	931
3	31	24	0	0	0	530.999747	381.444374	16.250892	10.857240	-1	###FLOW###
4	31	24	0	0	0	530.999747	381.444374	16.250892	10.857240	-1	###LINE###
5	31	24	0	0	0	531.00	381.44	16.25	10.86	100	342
3	31	25	0	0	0	316.559858	430.315294	158.854802	41.003991	-1	###FLOW###
4	31	25	0	0	0	336.599852	430.315294	118.765224	13.404001	-1	###LINE###
5	31	25	0	0	0	336.60	430.32	29.40	13.40	100	State
5	31	25	0	0	1	369.33	430.32	86.04	13.40	100	Representative
4	31	25	0	1	0	316.559858	444.115304	158.854802	13.404001	-1	###LINE###
5	31	25	0	1	0	316.56	444.12	24.72	13.40	100	36th
5	31	25	0	1	1	344.61	444.12	86.04	13.40	100	Representative
5	31	25	0	1	2	434.00	444.12	41.41	13.40	100	District
4	31	25	0	2	0	347.039839	457.915284	98.197214	13.404001	-1	###LINE###
5	31	25	0	2	0	347.04	457.92	64.76	13.40	100	Republican
5	31	25	0	2	1	415.17	457.92	30.07	13.40	100	Party
3	31	25	1	0	0	389.159825	482.724385	50.136145	22.017244	-1	###FLOW###
4	31	25	1	0	0	404.999825	482.724385	34.138564	10.857240	-1	###LINE###
5	31	25	1	0	0	405.00	482.72	20.65	10.86	100	John
5	31	25	1	0	1	430.73	482.72	8.41	10.86	100	F.
4	31	25	1	1	0	389.159825	493.884389	50.136145	10.857240	-1	###LINE###
5	31	25	1	1	0	389.16	493.88	50.14	10.86	100	HODGSON
3	31	26	0	0	0	514.439769	482.724385	32.842780	22.017244	-1	###FLOW###
4	31	26	0	0	0	529.919732	482.724385	17.225166	10.857240	-1	###LINE###
5	31	26	0	0	0	529.92	482.72	17.23	10.86	100	Rex
4	31	26	0	1	0	514.439769	493.884389	32.842780	10.857240	-1	###LINE###
5	31	26	0	1	0	514.44	493.88	32.84	10.86	100	TOLER
3	31	27	0	0	0	244.799901	509.484402	40.198549	10.857240	-1	###FLOW###
4	31	27	0	0	0	244.799901	509.484402	40.198549	10.857240	-1	###LINE###
5	31	27	0	0	0	244.80	509.48	40.20	10.86	100	Jefferson
3	31	28	0	0	0	414.839804	509.484402	24.366595	10.857240	-1	###FLOW###
4	31	28	0	0	0	414.839804	509.484402	24.366595	10.857240	-1	###LINE###
5	31	28	0	0	0	414.84	509.48	24.37	10.86	100	3,576
3	31	29	0	0	0	530.999747	509.484402	16.250892	10.857240	-1	###FLOW###
4	31	29	0	0	0	530.999747	509.484402	16.250892	10.857240	-1	###LINE###
5	31	29	0	0	0	531.00	509.48	16.25	10.86	100	815
3	31	30	0	0	0	244.799901	525.204411	52.367233	10.857240	-1	###FLOW###
4	31	30	0	0	0	244.799901	525.204411	52.367233	10.857240	-1	###LINE###
5	31	30	0	0	0	244.80	525.20	23.12	10.86	100	Total
5	31	30	0	0	1	270.66	525.20	26.51	10.86	100	Votes
3	31	31	0	0	0	414.839804	525.204411	24.366595	10.857240	-1	###FLOW###
4	31	31	0	0	0	414.839804	525.204411	24.366595	10.857240	-1	###LINE###
5	31	31	0	0	0	414.84	525.20	24.37	10.86	100	3,576
3	31	32	0	0	0	530.999747	525.204411	16.250892	10.857240	-1	###FLOW###
4	31	32	0	0	0	530.999747	525.204411	16.250892	10.857240	-1	###LINE###
5	31	32	0	0	0	531.00	525.20	16.25	10.86	100	815
1	32	0	0	0	0	0.000000	0.000000	792.000000	612.000000	-1	###PAGE###
3	32	0	0	0	0	35.999984	54.115290	161.717484	13.404001	-1	###FLOW###
4	32	0	0	0	0	35.999984	54.115290	161.717484	13.404001	-1	###LINE###
5	32	0	0	0	0	36.00	54.12	89.61	13.40	100	Commonwealth
5	32	0	0	0	1	128.96	54.12	11.34	13.40	100	of
5	32	0	0	0	2	143.60	54.12	54.11	13.40	100	Kentucky
3	32	1	0	0	0	289.919866	54.115290	212.006871	13.404001	-1	###FLOW###
4	32	1	0	0	0	289.919866	54.115290	212.006871	13.404001	-1	###LINE###
5	32	1	0	0	0	289.92	54.12	44.08	13.40	100	Michael
5	32	1	0	0	1	337.41	54.12	12.68	13.40	100	G.
5	32	1	0	0	2	353.49	54.12	43.05	13.40	100	Adams,
5	32	1	0	0	3	399.93	54.12	54.93	13.40	100	Secretary
5	32	1	0	0	4	457.88	54.12	11.34	13.40	100	of
5	32	1	0	0	5	472.53	54.12	29.40	13.40	100	State
3	32	2	0	0	0	584.279730	54.115290	171.664703	13.404001	-1	###FLOW###
4	32	2	0	0	0	584.279730	54.115290	171.664703	13.404001	-1	###LINE###
5	32	2	0	0	0	584.28	54.12	26.75	13.40	100	2026
5	32	2	0	0	1	614.48	54.12	44.77	13.40	100	Primary
5	32	2	0	0	2	662.37	54.12	46.85	13.40	100	Election
5	32	2	0	0	3	712.52	54.12	43.42	13.40	100	Results
3	32	3	0	0	0	316.559858	111.955306	158.854802	41.003991	-1	###FLOW###
4	32	3	0	0	0	336.599852	111.955306	118.765224	13.404001	-1	###LINE###
5	32	3	0	0	0	336.60	111.96	29.40	13.40	100	State
5	32	3	0	0	1	369.33	111.96	86.04	13.40	100	Representative
4	32	3	0	1	0	316.559858	125.755316	158.854802	13.404001	-1	###LINE###
5	32	3	0	1	0	316.56	125.76	24.72	13.40	100	40th
5	32	3	0	1	1	344.61	125.76	86.04	13.40	100	Representative
5	32	3	0	1	2	434.00	125.76	41.41	13.40	100	District
4	32	3	0	2	0	346.679835	139.555296	98.918899	13.404001	-1	###LINE###
5	32	3	0	2	0	346.68	139.56	65.48	13.40	100	Democratic
5	32	3	0	2	1	415.53	139.56	30.07	13.40	100	Party
3	32	3	1	0	0	389.159825	164.364412	50.053934	22.017245	-1	###FLOW###
4	32	3	1	0	0	416.639829	164.364412	22.573931	10.857240	-1	###LINE###
5	32	3	1	0	0	416.64	164.36	22.57	10.86	100	Nima
4	32	3	1	1	0	389.159825	175.524417	49.970518	10.857240	-1	###LINE###
5	32	3	1	1	0	389.16	175.52	49.97	10.86	100	KULKARNI
3	32	4	0	0	0	486.599792	164.364412	60.668057	22.017245	-1	###FLOW###
4	32	4	0	0	0	486.599792	164.364412	60.570621	10.857240	-1	###LINE###
5	32	4	0	0	0	486.60	164.36	29.75	10.86	100	Patrick
5	32	4	0	0	1	519.17	164.36	28.00	10.86	100	Bryant
4	32	4	0	1	0	498.719771	175.524417	48.548078	10.857240	-1	###LINE###
5	32	4	0	1	0	498.72	175.52	48.55	10.86	100	DUNEGAN
3	32	5	0	0	0	244.799901	191.124398	40.198549	10.857240	-1	###FLOW###
4	32	5	0	0	0	244.799901	191.124398	40.198549	10.857240	-1	###LINE###
5	32	5	0	0	0	244.80	191.12	40.20	10.86	100	Jefferson
3	32	6	0	0	0	414.839804	191.124398	24.366595	10.857240	-1	###FLOW###
4	32	6	0	0	0	414.839804	191.124398	24.366595	10.857240	-1	###LINE###
5	32	6	0	0	0	414.84	191.12	24.37	10.86	100	3,271
3	32	7	0	0	0	530.999747	191.124398	16.250892	10.857240	-1	###FLOW###
4	32	7	0	0	0	530.999747	191.124398	16.250892	10.857240	-1	###LINE###
5	32	7	0	0	0	531.00	191.12	16.25	10.86	100	954
3	32	8	0	0	0	244.799901	206.844407	52.367233	10.857240	-1	###FLOW###
4	32	8	0	0	0	244.799901	206.844407	52.367233	10.857240	-1	###LINE###
5	32	8	0	0	0	244.80	206.84	23.12	10.86	100	Total
5	32	8	0	0	1	270.66	206.84	26.51	10.86	100	Votes
3	32	9	0	0	0	414.839804	206.844407	24.366595	10.857240	-1	###FLOW###
4	32	9	0	0	0	414.839804	206.844407	24.366595	10.857240	-1	###LINE###
5	32	9	0	0	0	414.84	206.84	24.37	10.86	100	3,271
3	32	10	0	0	0	530.999747	206.844407	16.250892	10.857240	-1	###FLOW###
4	32	10	0	0	0	530.999747	206.844407	16.250892	10.857240	-1	###LINE###
5	32	10	0	0	0	531.00	206.84	16.25	10.86	100	954
3	32	11	0	0	0	316.199853	255.715281	159.576487	41.003991	-1	###FLOW###
4	32	11	0	0	0	336.599852	255.715281	118.765224	13.404001	-1	###LINE###
5	32	11	0	0	0	336.60	255.72	29.40	13.40	100	State
5	32	11	0	0	1	369.33	255.72	86.04	13.40	100	Representative
4	32	11	0	1	0	316.199853	269.515261	159.576487	13.404001	-1	###LINE###
5	32	11	0	1	0	316.20	269.52	25.39	13.40	100	43rd
5	32	11	0	1	1	344.97	269.52	86.02	13.40	100	Representative
5	32	11	0	1	2	434.36	269.52	41.41	13.40	100	District
4	32	11	0	2	0	346.679835	283.315271	98.918899	13.404001	-1	###LINE###
5	32	11	0	2	0	346.68	283.32	65.48	13.40	100	Democratic
5	32	11	0	2	1	415.53	283.32	30.07	13.40	100	Party
3	32	11	1	0	0	371.999839	308.124387	67.262912	22.017245	-1	###FLOW###
4	32	11	1	0	0	371.999839	308.124387	67.108000	10.857240	-1	###LINE###
5	32	11	1	0	0	372.00	308.12	28.86	10.86	100	Robert
5	32	11	1	0	1	403.62	308.12	35.49	10.86	100	LeVertis
4	32	11	1	1	0	413.999824	319.284392	25.262927	10.857240	-1	###LINE###
5	32	11	1	1	0	414.00	319.28	25.26	10.86	100	BELL
3	32	12	0	0	0	508.319778	308.124387	38.951478	22.017245	-1	###FLOW###
4	32	12	0	0	0	534.719736	308.124387	12.451223	10.857240	-1	###LINE###
5	32	12	0	0	0	534.72	308.12	12.45	10.86	100	Joi
4	32	12	0	1	0	508.319778	319.284392	38.951478	10.857240	-1	###LINE###
5	32	12	0	1	0	508.32	319.28	38.95	10.86	100	McATEE
3	32	13	0	0	0	244.799901	334.884404	40.198549	10.857240	-1	###FLOW###
4	32	13	0	0	0	244.799901	334.884404	40.198549	10.857240	-1	###LINE###
5	32	13	0	0	0	244.80	334.88	40.20	10.86	100	Jefferson
3	32	14	0	0	0	414.839804	334.884404	24.366595	10.857240	-1	###FLOW###
4	32	14	0	0	0	414.839804	334.884404	24.366595	10.857240	-1	###LINE###
5	32	14	0	0	0	414.84	334.88	24.37	10.86	100	2,938
3	32	15	0	0	0	522.839760	334.884404	24.366595	10.857240	-1	###FLOW###
4	32	15	0	0	0	522.839760	334.884404	24.366595	10.857240	-1	###LINE###
5	32	15	0	0	0	522.84	334.88	24.37	10.86	100	2,447
3	32	16	0	0	0	244.799901	350.604398	52.367233	10.857240	-1	###FLOW###
4	32	16	0	0	0	244.799901	350.604398	52.367233	10.857240	-1	###LINE###
5	32	16	0	0	0	244.80	350.60	23.12	10.86	100	Total
5	32	16	0	0	1	270.66	350.60	26.51	10.86	100	Votes
3	32	17	0	0	0	414.839804	350.604398	24.366595	10.857240	-1	###FLOW###
4	32	17	0	0	0	414.839804	350.604398	24.366595	10.857240	-1	###LINE###
5	32	17	0	0	0	414.84	350.60	24.37	10.86	100	2,938
3	32	18	0	0	0	522.839760	350.604398	24.366595	10.857240	-1	###FLOW###
4	32	18	0	0	0	522.839760	350.604398	24.366595	10.857240	-1	###LINE###
5	32	18	0	0	0	522.84	350.60	24.37	10.86	100	2,447
3	32	19	0	0	0	316.559858	399.475288	158.854802	41.003991	-1	###FLOW###
4	32	19	0	0	0	336.599852	399.475288	118.765224	13.404001	-1	###LINE###
5	32	19	0	0	0	336.60	399.48	29.40	13.40	100	State
5	32	19	0	0	1	369.33	399.48	86.04	13.40	100	Representative
4	32	19	0	1	0	316.559858	413.275298	158.854802	13.404001	-1	###LINE###
5	32	19	0	1	0	316.56	413.28	24.72	13.40	100	44th
5	32	19	0	1	1	344.61	413.28	86.04	13.40	100	Representative
5	32	19	0	1	2	434.00	413.28	41.41	13.40	100	District
4	32	19	0	2	0	346.679835	427.075277	98.918899	13.404001	-1	###LINE###
5	32	19	0	2	0	346.68	427.08	65.48	13.40	100	Democratic
5	32	19	0	2	1	415.53	427.08	30.07	13.40	100	Party
3	32	19	1	0	0	355.919837	451.884378	29.354879	22.017244	-1	###FLOW###
4	32	19	1	0	0	357.839832	451.884378	27.367359	10.857240	-1	###LINE###
5	32	19	1	0	0	357.84	451.88	27.37	10.86	100	Kenya
4	32	19	1	1	0	355.919837	463.044382	29.354879	10.857240	-1	###LINE###
5	32	19	1	1	0	355.92	463.04	29.35	10.86	100	WADE
3	32	20	0	0	0	402.479822	451.884378	90.912547	22.017244	-1	###FLOW###
4	32	20	0	0	0	460.919813	451.884378	32.472556	10.857240	-1	###LINE###
5	32	20	0	0	0	460.92	451.88	32.47	10.86	100	Beverly
4	32	20	0	1	0	402.479822	463.044382	90.802346	10.857240	-1	###LINE###
5	32	20	0	1	0	402.48	463.04	90.80	10.86	100	CHESTER-BURTON
3	32	21	0	0	0	560.399715	451.884378	40.746826	22.017244	-1	###FLOW###
4	32	21	0	0	0	560.399715	451.884378	40.685686	10.857240	-1	###LINE###
5	32	21	0	0	0	560.40	451.88	28.83	10.86	100	Jesten
5	32	21	0	0	1	591.90	451.88	9.19	10.86	100	S.
4	32	21	0	1	0	572.999763	463.044382	28.146779	10.857240	-1	###LINE###
5	32	21	0	1	0	573.00	463.04	28.15	10.86	100	SLAW
3	32	22	0	0	0	190.799908	478.644395	40.198549	10.857240	-1	###FLOW###
4	32	22	0	0	0	190.799908	478.644395	40.198549	10.857240	-1	###LINE###
5	32	22	0	0	0	190.80	478.64	40.20	10.86	100	Jefferson
3	32	23	0	0	0	360.839842	478.644395	24.366595	10.857240	-1	###FLOW###
4	32	23	0	0	0	360.839842	478.644395	24.366595	10.857240	-1	###LINE###
5	32	23	0	0	0	360.84	478.64	24.37	10.86	100	2,465
3	32	24	0	0	0	468.839797	478.644395	24.366595	10.857240	-1	###FLOW###
4	32	24	0	0	0	468.839797	478.644395	24.366595	10.857240	-1	###LINE###
5	32	24	0	0	0	468.84	478.64	24.37	10.86	100	2,460
3	32	25	0	0	0	584.999740	478.644395	16.250892	10.857240	-1	###FLOW###
4	32	25	0	0	0	584.999740	478.644395	16.250892	10.857240	-1	###LINE###
5	32	25	0	0	0	585.00	478.64	16.25	10.86	100	711
3	32	26	0	0	0	190.799908	494.364404	52.367233	10.857240	-1	###FLOW###
4	32	26	0	0	0	190.799908	494.364404	52.367233	10.857240	-1	###LINE###
5	32	26	0	0	0	190.80	494.36	23.12	10.86	100	Total
5	32	26	0	0	1	216.66	494.36	26.51	10.86	100	Votes
3	32	27	0	0	0	360.839842	494.364404	24.366595	10.857240	-1	###FLOW###
4	32	27	0	0	0	360.839842	494.364404	24.366595	10.857240	-1	###LINE###
5	32	27	0	0	0	360.84	494.36	24.37	10.86	100	2,465
3	32	28	0	0	0	468.839797	494.364404	24.366595	10.857240	-1	###FLOW###
4	32	28	0	0	0	468.839797	494.364404	24.366595	10.857240	-1	###LINE###
5	32	28	0	0	0	468.84	494.36	24.37	10.86	100	2,460
3	32	29	0	0	0	584.999740	494.364404	16.250892	10.857240	-1	###FLOW###
4	32	29	0	0	0	584.999740	494.364404	16.250892	10.857240	-1	###LINE###
5	32	29	0	0	0	585.00	494.36	16.25	10.86	100	711
1	33	0	0	0	0	0.000000	0.000000	792.000000	612.000000	-1	###PAGE###
3	33	0	0	0	0	35.999984	54.115290	161.717484	13.404001	-1	###FLOW###
4	33	0	0	0	0	35.999984	54.115290	161.717484	13.404001	-1	###LINE###
5	33	0	0	0	0	36.00	54.12	89.61	13.40	100	Commonwealth
5	33	0	0	0	1	128.96	54.12	11.34	13.40	100	of
5	33	0	0	0	2	143.60	54.12	54.11	13.40	100	Kentucky
3	33	1	0	0	0	289.919866	54.115290	212.006871	13.404001	-1	###FLOW###
4	33	1	0	0	0	289.919866	54.115290	212.006871	13.404001	-1	###LINE###
5	33	1	0	0	0	289.92	54.12	44.08	13.40	100	Michael
5	33	1	0	0	1	337.41	54.12	12.68	13.40	100	G.
5	33	1	0	0	2	353.49	54.12	43.05	13.40	100	Adams,
5	33	1	0	0	3	399.93	54.12	54.93	13.40	100	Secretary
5	33	1	0	0	4	457.88	54.12	11.34	13.40	100	of
5	33	1	0	0	5	472.53	54.12	29.40	13.40	100	State
3	33	2	0	0	0	584.279730	54.115290	171.664703	13.404001	-1	###FLOW###
4	33	2	0	0	0	584.279730	54.115290	171.664703	13.404001	-1	###LINE###
5	33	2	0	0	0	584.28	54.12	26.75	13.40	100	2026
5	33	2	0	0	1	614.48	54.12	44.77	13.40	100	Primary
5	33	2	0	0	2	662.37	54.12	46.85	13.40	100	Election
5	33	2	0	0	3	712.52	54.12	43.42	13.40	100	Results
3	33	3	0	0	0	316.559858	111.955306	158.854802	41.003991	-1	###FLOW###
4	33	3	0	0	0	336.599852	111.955306	118.765224	13.404001	-1	###LINE###
5	33	3	0	0	0	336.60	111.96	29.40	13.40	100	State
5	33	3	0	0	1	369.33	111.96	86.04	13.40	100	Representative
4	33	3	0	1	0	316.559858	125.755316	158.854802	13.404001	-1	###LINE###
5	33	3	0	1	0	316.56	125.76	24.72	13.40	100	47th
5	33	3	0	1	1	344.61	125.76	86.04	13.40	100	Representative
5	33	3	0	1	2	434.00	125.76	41.41	13.40	100	District
4	33	3	0	2	0	347.039839	139.555296	98.197214	13.404001	-1	###LINE###
5	33	3	0	2	0	347.04	139.56	64.76	13.40	100	Republican
5	33	3	0	2	1	415.17	139.56	30.07	13.40	100	Party
3	33	3	1	0	0	390.239840	164.364412	49.103414	22.017245	-1	###FLOW###
4	33	3	1	0	0	411.119816	164.364412	28.137036	10.857240	-1	###LINE###
5	33	3	1	0	0	411.12	164.36	28.14	10.86	100	Felicia
4	33	3	1	1	0	390.239840	175.524417	49.103414	10.857240	-1	###LINE###
5	33	3	1	1	0	390.24	175.52	49.10	10.86	100	RABOURN
3	33	4	0	0	0	500.279793	164.364412	47.037953	22.017245	-1	###FLOW###
4	33	4	0	0	0	514.079764	164.364412	32.998664	10.857240	-1	###LINE###
5	33	4	0	0	0	514.08	164.36	21.19	10.86	100	Mark
5	33	4	0	0	1	537.89	164.36	9.19	10.86	100	A.
4	33	4	0	1	0	500.279793	175.524417	47.037953	10.857240	-1	###LINE###
5	33	4	0	1	0	500.28	175.52	47.04	10.86	100	GILKISON
3	33	5	0	0	0	244.799901	191.124398	28.585202	10.857240	-1	###FLOW###
4	33	5	0	0	0	244.799901	191.124398	28.585202	10.857240	-1	###LINE###
5	33	5	0	0	0	244.80	191.12	28.59	10.86	100	Carroll
3	33	6	0	0	0	422.999822	191.124398	16.250892	10.857240	-1	###FLOW###
4	33	6	0	0	0	422.999822	191.124398	16.250892	10.857240	-1	###LINE###
5	33	6	0	0	0	423.00	191.12	16.25	10.86	100	528
3	33	7	0	0	0	530.999747	191.124398	16.250892	10.857240	-1	###FLOW###
4	33	7	0	0	0	530.999747	191.124398	16.250892	10.857240	-1	###LINE###
5	33	7	0	0	0	531.00	191.12	16.25	10.86	100	434
3	33	8	0	0	0	244.799901	206.604415	25.886463	10.857240	-1	###FLOW###
4	33	8	0	0	0	244.799901	206.604415	25.886463	10.857240	-1	###LINE###
5	33	8	0	0	0	244.80	206.60	25.89	10.86	100	Henry
3	33	9	0	0	0	414.839804	206.604415	24.366595	10.857240	-1	###FLOW###
4	33	9	0	0	0	414.839804	206.604415	24.366595	10.857240	-1	###LINE###
5	33	9	0	0	0	414.84	206.60	24.37	10.86	100	1,285
3	33	10	0	0	0	530.999747	206.604415	16.250892	10.857240	-1	###FLOW###
4	33	10	0	0	0	530.999747	206.604415	16.250892	10.857240	-1	###LINE###
5	33	10	0	0	0	531.00	206.60	16.25	10.86	100	943
3	33	11	0	0	0	244.799901	222.084401	25.233699	10.857240	-1	###FLOW###
4	33	11	0	0	0	244.799901	222.084401	25.233699	10.857240	-1	###LINE###
5	33	11	0	0	0	244.80	222.08	25.23	10.86	100	Owen
3	33	12	0	0	0	414.839804	222.084401	24.366595	10.857240	-1	###FLOW###
4	33	12	0	0	0	414.839804	222.084401	24.366595	10.857240	-1	###LINE###
5	33	12	0	0	0	414.84	222.08	24.37	10.86	100	1,090
3	33	13	0	0	0	530.999747	222.084401	16.250892	10.857240	-1	###FLOW###
4	33	13	0	0	0	530.999747	222.084401	16.250892	10.857240	-1	###LINE###
5	33	13	0	0	0	531.00	222.08	16.25	10.86	100	843
3	33	14	0	0	0	244.799901	237.444392	32.462813	10.857240	-1	###FLOW###
4	33	14	0	0	0	244.799901	237.444392	32.462813	10.857240	-1	###LINE###
5	33	14	0	0	0	244.80	237.44	32.46	10.86	100	Trimble
3	33	15	0	0	0	422.999822	237.444392	16.250892	10.857240	-1	###FLOW###
4	33	15	0	0	0	422.999822	237.444392	16.250892	10.857240	-1	###LINE###
5	33	15	0	0	0	423.00	237.44	16.25	10.86	100	804
3	33	16	0	0	0	530.999747	237.444392	16.250892	10.857240	-1	###FLOW###
4	33	16	0	0	0	530.999747	237.444392	16.250892	10.857240	-1	###LINE###
5	33	16	0	0	0	531.00	237.44	16.25	10.86	100	459
3	33	17	0	0	0	414.839804	253.164400	24.366595	10.857240	-1	###FLOW###
4	33	17	0	0	0	414.839804	253.164400	24.366595	10.857240	-1	###LINE###
5	33	17	0	0	0	414.84	253.16	24.37	10.86	100	3,707
3	33	18	0	0	0	522.839760	253.164400	24.366595	10.857240	-1	###FLOW###
4	33	18	0	0	0	522.839760	253.164400	24.366595	10.857240	-1	###LINE###
5	33	18	0	0	0	522.84	253.16	24.37	10.86	100	2,679
3	33	19	0	0	0	244.799901	253.164400	52.367233	10.857240	-1	###FLOW###
4	33	19	0	0	0	244.799901	253.164400	52.367233	10.857240	-1	###LINE###
5	33	19	0	0	0	244.80	253.16	23.12	10.86	100	Total
5	33	19	0	0	1	270.66	253.16	26.51	10.86	100	Votes
3	33	20	0	0	0	316.559858	301.915278	158.854802	41.003991	-1	###FLOW###
4	33	20	0	0	0	336.599852	301.915278	118.765224	13.404001	-1	###LINE###
5	33	20	0	0	0	336.60	301.92	29.40	13.40	100	State
5	33	20	0	0	1	369.33	301.92	86.04	13.40	100	Representative
4	33	20	0	1	0	316.559858	315.715289	158.854802	13.404001	-1	###LINE###
5	33	20	0	1	0	316.56	315.72	24.72	13.40	100	48th
5	33	20	0	1	1	344.61	315.72	86.04	13.40	100	Representative
5	33	20	0	1	2	434.00	315.72	41.41	13.40	100	District
4	33	20	0	2	0	346.679835	329.515268	98.918899	13.404001	-1	###LINE###
5	33	20	0	2	0	346.68	329.52	65.48	13.40	100	Democratic
5	33	20	0	2	1	415.53	329.52	30.07	13.40	100	Party
3	33	20	1	0	0	389.159825	354.324369	50.050925	22.017244	-1	###FLOW###
4	33	20	1	0	0	411.599822	354.324369	27.610928	10.857240	-1	###LINE###
5	33	20	1	0	0	411.60	354.32	27.61	10.86	100	Suhas
4	33	20	1	1	0	389.159825	365.484373	49.970518	10.857240	-1	###LINE###
5	33	20	1	1	0	389.16	365.48	49.97	10.86	100	KULKARNI
3	33	21	0	0	0	498.719771	354.324369	48.509107	22.017244	-1	###FLOW###
4	33	21	0	0	0	515.879788	354.324369	31.303427	10.857240	-1	###LINE###
5	33	21	0	0	0	515.88	354.32	31.30	10.86	100	Nathan
4	33	21	0	1	0	498.719771	365.484373	48.509107	10.857240	-1	###LINE###
5	33	21	0	1	0	498.72	365.48	48.51	10.86	100	BELLOWS
3	33	22	0	0	0	244.799901	381.084385	40.198549	10.857240	-1	###FLOW###
4	33	22	0	0	0	244.799901	381.084385	40.198549	10.857240	-1	###LINE###
5	33	22	0	0	0	244.80	381.08	40.20	10.86	100	Jefferson
3	33	23	0	0	0	414.839804	381.084385	24.366595	10.857240	-1	###FLOW###
4	33	23	0	0	0	414.839804	381.084385	24.366595	10.857240	-1	###LINE###
5	33	23	0	0	0	414.84	381.08	24.37	10.86	100	3,743
3	33	24	0	0	0	522.839760	381.084385	24.366595	10.857240	-1	###FLOW###
4	33	24	0	0	0	522.839760	381.084385	24.366595	10.857240	-1	###LINE###
5	33	24	0	0	0	522.84	381.08	24.37	10.86	100	1,393
3	33	25	0	0	0	244.799901	396.564372	34.099593	10.857240	-1	###FLOW###
4	33	25	0	0	0	244.799901	396.564372	34.099593	10.857240	-1	###LINE###
5	33	25	0	0	0	244.80	396.56	34.10	10.86	100	Oldham
3	33	26	0	0	0	422.999822	396.564372	16.250892	10.857240	-1	###FLOW###
4	33	26	0	0	0	422.999822	396.564372	16.250892	10.857240	-1	###LINE###
5	33	26	0	0	0	423.00	396.56	16.25	10.86	100	427
3	33	27	0	0	0	530.999747	396.564372	16.250892	10.857240	-1	###FLOW###
4	33	27	0	0	0	530.999747	396.564372	16.250892	10.857240	-1	###LINE###
5	33	27	0	0	0	531.00	396.56	16.25	10.86	100	220
3	33	28	0	0	0	414.839804	412.284381	24.366595	10.857240	-1	###FLOW###
4	33	28	0	0	0	414.839804	412.284381	24.366595	10.857240	-1	###LINE###
5	33	28	0	0	0	414.84	412.28	24.37	10.86	100	4,170
3	33	29	0	0	0	522.839760	412.284381	24.366595	10.857240	-1	###FLOW###
4	33	29	0	0	0	522.839760	412.284381	24.366595	10.857240	-1	###LINE###
5	33	29	0	0	0	522.84	412.28	24.37	10.86	100	1,613
3	33	30	0	0	0	244.799901	412.284381	52.367233	10.857240	-1	###FLOW###
4	33	30	0	0	0	244.799901	412.284381	52.367233	10.857240	-1	###LINE###
5	33	30	0	0	0	244.80	412.28	23.12	10.86	100	Total
5	33	30	0	0	1	270.66	412.28	26.51	10.86	100	Votes
1	34	0	0	0	0	0.000000	0.000000	792.000000	612.000000	-1	###PAGE###
3	34	0	0	0	0	35.999984	54.115290	161.717484	13.404001	-1	###FLOW###
4	34	0	0	0	0	35.999984	54.115290	161.717484	13.404001	-1	###LINE###
5	34	0	0	0	0	36.00	54.12	89.61	13.40	100	Commonwealth
5	34	0	0	0	1	128.96	54.12	11.34	13.40	100	of
5	34	0	0	0	2	143.60	54.12	54.11	13.40	100	Kentucky
3	34	1	0	0	0	289.919866	54.115290	212.006871	13.404001	-1	###FLOW###
4	34	1	0	0	0	289.919866	54.115290	212.006871	13.404001	-1	###LINE###
5	34	1	0	0	0	289.92	54.12	44.08	13.40	100	Michael
5	34	1	0	0	1	337.41	54.12	12.68	13.40	100	G.
5	34	1	0	0	2	353.49	54.12	43.05	13.40	100	Adams,
5	34	1	0	0	3	399.93	54.12	54.93	13.40	100	Secretary
5	34	1	0	0	4	457.88	54.12	11.34	13.40	100	of
5	34	1	0	0	5	472.53	54.12	29.40	13.40	100	State
3	34	2	0	0	0	584.279730	54.115290	171.664703	13.404001	-1	###FLOW###
4	34	2	0	0	0	584.279730	54.115290	171.664703	13.404001	-1	###LINE###
5	34	2	0	0	0	584.28	54.12	26.75	13.40	100	2026
5	34	2	0	0	1	614.48	54.12	44.77	13.40	100	Primary
5	34	2	0	0	2	662.37	54.12	46.85	13.40	100	Election
5	34	2	0	0	3	712.52	54.12	43.42	13.40	100	Results
3	34	3	0	0	0	314.879865	111.955306	162.222663	41.003991	-1	###FLOW###
4	34	3	0	0	0	336.599852	111.955306	118.765224	13.404001	-1	###LINE###
5	34	3	0	0	0	336.60	111.96	29.40	13.40	100	State
5	34	3	0	0	1	369.33	111.96	86.04	13.40	100	Representative
4	34	3	0	1	0	314.879865	125.755316	162.222663	13.404001	-1	###LINE###
5	34	3	0	1	0	314.88	125.76	28.05	13.40	100	52nd
5	34	3	0	1	1	346.29	125.76	86.04	13.40	100	Representative
5	34	3	0	1	2	435.69	125.76	41.41	13.40	100	District
4	34	3	0	2	0	347.039839	139.555296	98.197214	13.404001	-1	###LINE###
5	34	3	0	2	0	347.04	139.56	64.76	13.40	100	Republican
5	34	3	0	2	1	415.17	139.56	30.07	13.40	100	Party
3	34	3	1	0	0	401.759812	164.364412	37.451494	22.017245	-1	###FLOW###
4	34	3	1	0	0	401.759812	164.364412	37.324441	10.857240	-1	###LINE###
5	34	3	1	0	0	401.76	164.36	24.36	10.86	100	Kevin
5	34	3	1	0	1	428.82	164.36	10.27	10.86	100	G.
4	34	3	1	1	0	406.319812	175.524417	32.891494	10.857240	-1	###LINE###
5	34	3	1	1	0	406.32	175.52	32.89	10.86	100	JONES
3	34	4	0	0	0	484.439794	164.364412	62.821194	22.017245	-1	###FLOW###
4	34	4	0	0	0	484.439794	164.364412	62.821194	10.857240	-1	###LINE###
5	34	4	0	0	0	484.44	164.36	33.56	10.86	100	Michael
5	34	4	0	0	1	520.61	164.36	26.65	10.86	100	Jonah
4	34	4	0	1	0	521.279739	175.524417	25.974147	10.857240	-1	###LINE###
5	34	4	0	1	0	521.28	175.52	25.97	10.86	100	NEAL
3	34	5	0	0	0	244.799901	191.124398	42.108126	10.857240	-1	###FLOW###
4	34	5	0	0	0	244.799901	191.124398	42.108126	10.857240	-1	###LINE###
5	34	5	0	0	0	244.80	191.12	42.11	10.86	100	McCreary
3	34	6	0	0	0	414.839804	191.124398	24.366595	10.857240	-1	###FLOW###
4	34	6	0	0	0	414.839804	191.124398	24.366595	10.857240	-1	###LINE###
5	34	6	0	0	0	414.84	191.12	24.37	10.86	100	1,150
3	34	7	0	0	0	522.839760	191.124398	24.366595	10.857240	-1	###FLOW###
4	34	7	0	0	0	522.839760	191.124398	24.366595	10.857240	-1	###LINE###
5	34	7	0	0	0	522.84	191.12	24.37	10.86	100	1,592
3	34	8	0	0	0	244.799901	206.604415	31.391111	10.857240	-1	###FLOW###
4	34	8	0	0	0	244.799901	206.604415	31.391111	10.857240	-1	###LINE###
5	34	8	0	0	0	244.80	206.60	31.39	10.86	100	Pulaski
3	34	9	0	0	0	414.839804	206.604415	24.366595	10.857240	-1	###FLOW###
4	34	9	0	0	0	414.839804	206.604415	24.366595	10.857240	-1	###LINE###
5	34	9	0	0	0	414.84	206.60	24.37	10.86	100	1,279
3	34	10	0	0	0	530.999747	206.604415	16.250892	10.857240	-1	###FLOW###
4	34	10	0	0	0	530.999747	206.604415	16.250892	10.857240	-1	###LINE###
5	34	10	0	0	0	531.00	206.60	16.25	10.86	100	528
3	34	11	0	0	0	244.799901	221.964406	30.631178	10.857240	-1	###FLOW###
4	34	11	0	0	0	244.799901	221.964406	30.631178	10.857240	-1	###LINE###
5	34	11	0	0	0	244.80	221.96	30.63	10.86	100	Wayne
3	34	12	0	0	0	414.839804	221.964406	24.366595	10.857240	-1	###FLOW###
4	34	12	0	0	0	414.839804	221.964406	24.366595	10.857240	-1	###LINE###
5	34	12	0	0	0	414.84	221.96	24.37	10.86	100	3,000
3	34	13	0	0	0	530.999747	221.964406	16.250892	10.857240	-1	###FLOW###
4	34	13	0	0	0	530.999747	221.964406	16.250892	10.857240	-1	###LINE###
5	34	13	0	0	0	531.00	221.96	16.25	10.86	100	802
3	34	14	0	0	0	244.799901	237.684413	52.367233	10.857240	-1	###FLOW###
4	34	14	0	0	0	244.799901	237.684413	52.367233	10.857240	-1	###LINE###
5	34	14	0	0	0	244.80	237.68	23.12	10.86	100	Total
5	34	14	0	0	1	270.66	237.68	26.51	10.86	100	Votes
3	34	15	0	0	0	414.839804	237.684413	24.366595	10.857240	-1	###FLOW###
4	34	15	0	0	0	414.839804	237.684413	24.366595	10.857240	-1	###LINE###
5	34	15	0	0	0	414.84	237.68	24.37	10.86	100	5,429
3	34	16	0	0	0	522.839760	237.684413	24.366595	10.857240	-1	###FLOW###
4	34	16	0	0	0	522.839760	237.684413	24.366595	10.857240	-1	###LINE###
5	34	16	0	0	0	522.84	237.68	24.37	10.86	100	2,922
3	34	17	0	0	0	316.559858	286.555288	158.854802	41.003991	-1	###FLOW###
4	34	17	0	0	0	336.599852	286.555288	118.765224	13.404001	-1	###LINE###
5	34	17	0	0	0	336.60	286.56	29.40	13.40	100	State
5	34	17	0	0	1	369.33	286.56	86.04	13.40	100	Representative
4	34	17	0	1	0	316.559858	300.355268	158.854802	13.404001	-1	###LINE###
5	34	17	0	1	0	316.56	300.36	24.72	13.40	100	55th
5	34	17	0	1	1	344.61	300.36	86.04	13.40	100	Representative
5	34	17	0	1	2	434.00	300.36	41.41	13.40	100	District
4	34	17	0	2	0	346.679835	314.155277	98.918899	13.404001	-1	###LINE###
5	34	17	0	2	0	346.68	314.16	65.48	13.40	100	Democratic
5	34	17	0	2	1	415.53	314.16	30.07	13.40	100	Party
3	34	17	1	0	0	396.839837	338.964394	42.435983	22.017229	-1	###FLOW###
4	34	17	1	0	0	396.839837	338.964394	42.244525	10.857240	-1	###LINE###
5	34	17	1	0	0	396.84	338.96	30.50	10.86	100	Katrina
5	34	17	1	0	1	429.90	338.96	9.19	10.86	100	A.
4	34	17	1	1	0	399.359810	350.124383	39.916010	10.857240	-1	###LINE###
5	34	17	1	1	0	399.36	350.12	39.92	10.86	100	SEXTON
3	34	18	0	0	0	499.199778	338.964394	48.090169	22.017229	-1	###FLOW###
4	34	18	0	0	0	515.879788	338.964394	31.303427	10.857240	-1	###LINE###
5	34	18	0	0	0	515.88	338.96	31.30	10.86	100	Nathan
4	34	18	0	1	0	499.199778	350.124383	48.090169	10.857240	-1	###LINE###
5	34	18	0	1	0	499.20	350.12	48.09	10.86	100	SAUCEDO
3	34	19	0	0	0	244.799901	365.724365	46.589787	10.857240	-1	###FLOW###
4	34	19	0	0	0	244.799901	365.724365	46.589787	10.857240	-1	###LINE###
5	34	19	0	0	0	244.80	365.72	46.59	10.86	100	Jessamine
3	34	20	0	0	0	422.999822	365.724365	16.250892	10.857240	-1	###FLOW###
4	34	20	0	0	0	422.999822	365.724365	16.250892	10.857240	-1	###LINE###
5	34	20	0	0	0	423.00	365.72	16.25	10.86	100	417
3	34	21	0	0	0	530.999747	365.724365	16.250892	10.857240	-1	###FLOW###
4	34	21	0	0	0	530.999747	365.724365	16.250892	10.857240	-1	###LINE###
5	34	21	0	0	0	531.00	365.72	16.25	10.86	100	127
3	34	22	0	0	0	244.799901	381.204382	30.212240	10.857240	-1	###FLOW###
4	34	22	0	0	0	244.799901	381.204382	30.212240	10.857240	-1	###LINE###
5	34	22	0	0	0	244.80	381.20	30.21	10.86	100	Mercer
3	34	23	0	0	0	422.999822	381.204382	16.250892	10.857240	-1	###FLOW###
4	34	23	0	0	0	422.999822	381.204382	16.250892	10.857240	-1	###LINE###
5	34	23	0	0	0	423.00	381.20	16.25	10.86	100	889
3	34	24	0	0	0	530.999747	381.204382	16.250892	10.857240	-1	###FLOW###
4	34	24	0	0	0	530.999747	381.204382	16.250892	10.857240	-1	###LINE###
5	34	24	0	0	0	531.00	381.20	16.25	10.86	100	802
3	34	25	0	0	0	244.799901	396.564372	51.948295	10.857240	-1	###FLOW###
4	34	25	0	0	0	244.799901	396.564372	51.948295	10.857240	-1	###LINE###
5	34	25	0	0	0	244.80	396.56	51.95	10.86	100	Washington
3	34	26	0	0	0	422.999822	396.564372	16.250892	10.857240	-1	###FLOW###
4	34	26	0	0	0	422.999822	396.564372	16.250892	10.857240	-1	###LINE###
5	34	26	0	0	0	423.00	396.56	16.25	10.86	100	525
3	34	27	0	0	0	530.999747	396.564372	16.250892	10.857240	-1	###FLOW###
4	34	27	0	0	0	530.999747	396.564372	16.250892	10.857240	-1	###LINE###
5	34	27	0	0	0	531.00	396.56	16.25	10.86	100	418
3	34	28	0	0	0	244.799901	412.284381	52.367233	10.857240	-1	###FLOW###
4	34	28	0	0	0	244.799901	412.284381	52.367233	10.857240	-1	###LINE###
5	34	28	0	0	0	244.80	412.28	23.12	10.86	100	Total
5	34	28	0	0	1	270.66	412.28	26.51	10.86	100	Votes
3	34	29	0	0	0	414.839804	412.284381	24.366595	10.857240	-1	###FLOW###
4	34	29	0	0	0	414.839804	412.284381	24.366595	10.857240	-1	###LINE###
5	34	29	0	0	0	414.84	412.28	24.37	10.86	100	1,831
3	34	30	0	0	0	522.839760	412.284381	24.366595	10.857240	-1	###FLOW###
4	34	30	0	0	0	522.839760	412.284381	24.366595	10.857240	-1	###LINE###
5	34	30	0	0	0	522.84	412.28	24.37	10.86	100	1,347
1	35	0	0	0	0	0.000000	0.000000	792.000000	612.000000	-1	###PAGE###
3	35	0	0	0	0	35.999984	54.115290	161.717484	13.404001	-1	###FLOW###
4	35	0	0	0	0	35.999984	54.115290	161.717484	13.404001	-1	###LINE###
5	35	0	0	0	0	36.00	54.12	89.61	13.40	100	Commonwealth
5	35	0	0	0	1	128.96	54.12	11.34	13.40	100	of
5	35	0	0	0	2	143.60	54.12	54.11	13.40	100	Kentucky
3	35	1	0	0	0	289.919866	54.115290	212.006871	13.404001	-1	###FLOW###
4	35	1	0	0	0	289.919866	54.115290	212.006871	13.404001	-1	###LINE###
5	35	1	0	0	0	289.92	54.12	44.08	13.40	100	Michael
5	35	1	0	0	1	337.41	54.12	12.68	13.40	100	G.
5	35	1	0	0	2	353.49	54.12	43.05	13.40	100	Adams,
5	35	1	0	0	3	399.93	54.12	54.93	13.40	100	Secretary
5	35	1	0	0	4	457.88	54.12	11.34	13.40	100	of
5	35	1	0	0	5	472.53	54.12	29.40	13.40	100	State
3	35	2	0	0	0	584.279730	54.115290	171.664703	13.404001	-1	###FLOW###
4	35	2	0	0	0	584.279730	54.115290	171.664703	13.404001	-1	###LINE###
5	35	2	0	0	0	584.28	54.12	26.75	13.40	100	2026
5	35	2	0	0	1	614.48	54.12	44.77	13.40	100	Primary
5	35	2	0	0	2	662.37	54.12	46.85	13.40	100	Election
5	35	2	0	0	3	712.52	54.12	43.42	13.40	100	Results
3	35	3	0	0	0	316.559858	111.955306	158.854802	41.003991	-1	###FLOW###
4	35	3	0	0	0	336.599852	111.955306	118.765224	13.404001	-1	###LINE###
5	35	3	0	0	0	336.60	111.96	29.40	13.40	100	State
5	35	3	0	0	1	369.33	111.96	86.04	13.40	100	Representative
4	35	3	0	1	0	316.559858	125.755316	158.854802	13.404001	-1	###LINE###
5	35	3	0	1	0	316.56	125.76	24.72	13.40	100	59th
5	35	3	0	1	1	344.61	125.76	86.04	13.40	100	Representative
5	35	3	0	1	2	434.00	125.76	41.41	13.40	100	District
4	35	3	0	2	0	346.679835	139.555296	98.918899	13.404001	-1	###LINE###
5	35	3	0	2	0	346.68	139.56	65.48	13.40	100	Democratic
5	35	3	0	2	1	415.53	139.56	30.07	13.40	100	Party
3	35	3	1	0	0	395.399818	164.364412	43.852077	22.017245	-1	###FLOW###
4	35	3	1	0	0	395.399818	164.364412	43.852077	10.857240	-1	###LINE###
5	35	3	1	0	0	395.40	164.36	43.85	10.86	100	Stephanie
4	35	3	1	1	0	407.879833	175.524417	31.352140	10.857240	-1	###LINE###
5	35	3	1	1	0	407.88	175.52	31.35	10.86	100	WHITE
3	35	4	0	0	0	510.479777	164.364412	36.817818	22.017245	-1	###FLOW###
4	35	4	0	0	0	510.479777	164.364412	36.817818	10.857240	-1	###LINE###
5	35	4	0	0	0	510.48	164.36	36.82	10.86	100	Pandora
4	35	4	0	1	0	514.199765	175.524417	33.076606	10.857240	-1	###LINE###
5	35	4	0	1	0	514.20	175.52	33.08	10.86	100	SEARS
3	35	5	0	0	0	244.799901	191.124398	34.099593	10.857240	-1	###FLOW###
4	35	5	0	0	0	244.799901	191.124398	34.099593	10.857240	-1	###LINE###
5	35	5	0	0	0	244.80	191.12	34.10	10.86	100	Oldham
3	35	6	0	0	0	414.839804	191.124398	24.366595	10.857240	-1	###FLOW###
4	35	6	0	0	0	414.839804	191.124398	24.366595	10.857240	-1	###LINE###
5	35	6	0	0	0	414.84	191.12	24.37	10.86	100	2,635
3	35	7	0	0	0	530.999747	191.124398	16.250892	10.857240	-1	###FLOW###
4	35	7	0	0	0	530.999747	191.124398	16.250892	10.857240	-1	###LINE###
5	35	7	0	0	0	531.00	191.12	16.25	10.86	100	637
3	35	8	0	0	0	244.799901	206.844407	52.367233	10.857240	-1	###FLOW###
4	35	8	0	0	0	244.799901	206.844407	52.367233	10.857240	-1	###LINE###
5	35	8	0	0	0	244.80	206.84	23.12	10.86	100	Total
5	35	8	0	0	1	270.66	206.84	26.51	10.86	100	Votes
3	35	9	0	0	0	414.839804	206.844407	24.366595	10.857240	-1	###FLOW###
4	35	9	0	0	0	414.839804	206.844407	24.366595	10.857240	-1	###LINE###
5	35	9	0	0	0	414.84	206.84	24.37	10.86	100	2,635
3	35	10	0	0	0	530.999747	206.844407	16.250892	10.857240	-1	###FLOW###
4	35	10	0	0	0	530.999747	206.844407	16.250892	10.857240	-1	###LINE###
5	35	10	0	0	0	531.00	206.84	16.25	10.86	100	637
3	35	11	0	0	0	316.199853	255.715281	159.576487	41.003991	-1	###FLOW###
4	35	11	0	0	0	336.599852	255.715281	118.765224	13.404001	-1	###LINE###
5	35	11	0	0	0	336.60	255.72	29.40	13.40	100	State
5	35	11	0	0	1	369.33	255.72	86.04	13.40	100	Representative
4	35	11	0	1	0	316.199853	269.515261	159.576487	13.404001	-1	###LINE###
5	35	11	0	1	0	316.20	269.52	25.39	13.40	100	63rd
5	35	11	0	1	1	344.97	269.52	86.02	13.40	100	Representative
5	35	11	0	1	2	434.36	269.52	41.41	13.40	100	District
4	35	11	0	2	0	347.039839	283.315271	98.197214	13.404001	-1	###LINE###
5	35	11	0	2	0	347.04	283.32	64.76	13.40	100	Republican
5	35	11	0	2	1	415.17	283.32	30.07	13.40	100	Party
3	35	11	1	0	0	348.719832	308.124387	36.622963	22.017245	-1	###FLOW###
4	35	11	1	0	0	365.279841	308.124387	19.933648	10.857240	-1	###LINE###
5	35	11	1	0	0	365.28	308.12	19.93	10.86	100	Cole
4	35	11	1	1	0	348.719832	319.284392	36.622963	10.857240	-1	###LINE###
5	35	11	1	1	0	348.72	319.28	36.62	10.86	100	CUZICK
3	35	12	0	0	0	460.199803	308.124387	33.427344	22.017245	-1	###FLOW###
4	35	12	0	0	0	476.519779	308.124387	16.767257	10.857240	-1	###LINE###
5	35	12	0	0	0	476.52	308.12	16.77	10.86	100	Kim
4	35	12	0	1	0	460.199803	319.284392	33.427344	10.857240	-1	###LINE###
5	35	12	0	1	0	460.20	319.28	33.43	10.86	100	BANTA
3	35	13	0	0	0	541.799770	308.124387	59.576861	22.017245	-1	###FLOW###
4	35	13	0	0	0	541.799770	308.124387	59.576861	10.857240	-1	###LINE###
5	35	13	0	0	0	541.80	308.12	20.02	10.86	100	Seth
5	35	13	0	0	1	564.53	308.12	36.85	10.86	100	Winslow
4	35	13	0	1	0	565.799726	319.284392	35.405121	10.857240	-1	###LINE###
5	35	13	0	1	0	565.80	319.28	35.41	10.86	100	YOUNG
3	35	14	0	0	0	190.799908	334.884404	28.156521	10.857240	-1	###FLOW###
4	35	14	0	0	0	190.799908	334.884404	28.156521	10.857240	-1	###LINE###
5	35	14	0	0	0	190.80	334.88	28.16	10.86	100	Boone
3	35	15	0	0	0	368.999830	334.884404	16.250892	10.857240	-1	###FLOW###
4	35	15	0	0	0	368.999830	334.884404	16.250892	10.857240	-1	###LINE###
5	35	15	0	0	0	369.00	334.88	16.25	10.86	100	371
3	35	16	0	0	0	476.999785	334.884404	16.250892	10.857240	-1	###FLOW###
4	35	16	0	0	0	476.999785	334.884404	16.250892	10.857240	-1	###LINE###
5	35	16	0	0	0	477.00	334.88	16.25	10.86	100	382
3	35	17	0	0	0	590.399752	334.884404	10.833928	10.857240	-1	###FLOW###
4	35	17	0	0	0	590.399752	334.884404	10.833928	10.857240	-1	###LINE###
5	35	17	0	0	0	590.40	334.88	10.83	10.86	100	98
3	35	18	0	0	0	190.799908	350.364375	30.855261	10.857240	-1	###FLOW###
4	35	18	0	0	0	190.799908	350.364375	30.855261	10.857240	-1	###LINE###
5	35	18	0	0	0	190.80	350.36	30.86	10.86	100	Kenton
3	35	19	0	0	0	360.839842	350.364375	24.366595	10.857240	-1	###FLOW###
4	35	19	0	0	0	360.839842	350.364375	24.366595	10.857240	-1	###LINE###
5	35	19	0	0	0	360.84	350.36	24.37	10.86	100	1,849
3	35	20	0	0	0	468.839797	350.364375	24.366595	10.857240	-1	###FLOW###
4	35	20	0	0	0	468.839797	350.364375	24.366595	10.857240	-1	###LINE###
5	35	20	0	0	0	468.84	350.36	24.37	10.86	100	1,825
3	35	21	0	0	0	584.999740	350.364375	16.250892	10.857240	-1	###FLOW###
4	35	21	0	0	0	584.999740	350.364375	16.250892	10.857240	-1	###LINE###
5	35	21	0	0	0	585.00	350.36	16.25	10.86	100	337
3	35	22	0	0	0	190.799908	366.084384	52.367233	10.857240	-1	###FLOW###
4	35	22	0	0	0	190.799908	366.084384	52.367233	10.857240	-1	###LINE###
5	35	22	0	0	0	190.80	366.08	23.12	10.86	100	Total
5	35	22	0	0	1	216.66	366.08	26.51	10.86	100	Votes
3	35	23	0	0	0	360.839842	366.084384	24.366595	10.857240	-1	###FLOW###
4	35	23	0	0	0	360.839842	366.084384	24.366595	10.857240	-1	###LINE###
5	35	23	0	0	0	360.84	366.08	24.37	10.86	100	2,220
3	35	24	0	0	0	468.839797	366.084384	24.366595	10.857240	-1	###FLOW###
4	35	24	0	0	0	468.839797	366.084384	24.366595	10.857240	-1	###LINE###
5	35	24	0	0	0	468.84	366.08	24.37	10.86	100	2,207
3	35	25	0	0	0	584.999740	366.084384	16.250892	10.857240	-1	###FLOW###
4	35	25	0	0	0	584.999740	366.084384	16.250892	10.857240	-1	###LINE###
5	35	25	0	0	0	585.00	366.08	16.25	10.86	100	435
3	35	26	0	0	0	316.559858	414.955274	158.854802	41.004021	-1	###FLOW###
4	35	26	0	0	0	336.599852	414.955274	118.765224	13.404001	-1	###LINE###
5	35	26	0	0	0	336.60	414.96	29.40	13.40	100	State
5	35	26	0	0	1	369.33	414.96	86.04	13.40	100	Representative
4	35	26	0	1	0	316.559858	428.755284	158.854802	13.404001	-1	###LINE###
5	35	26	0	1	0	316.56	428.76	24.72	13.40	100	64th
5	35	26	0	1	1	344.61	428.76	86.04	13.40	100	Representative
5	35	26	0	1	2	434.00	428.76	41.41	13.40	100	District
4	35	26	0	2	0	347.039839	442.555293	98.197214	13.404001	-1	###LINE###
5	35	26	0	2	0	347.04	442.56	64.76	13.40	100	Republican
5	35	26	0	2	1	415.17	442.56	30.07	13.40	100	Party
3	35	26	1	0	0	372.959822	467.364394	66.319961	22.017245	-1	###FLOW###
4	35	26	1	0	0	372.959822	467.364394	66.240896	10.857240	-1	###LINE###
5	35	26	1	0	0	372.96	467.36	37.77	10.86	100	Kimberly
5	35	26	1	0	1	413.22	467.36	25.98	10.86	100	Poore
4	35	26	1	1	0	403.679807	478.524399	35.599975	10.857240	-1	###LINE###
5	35	26	1	1	0	403.68	478.52	35.60	10.86	100	MOSER
3	35	27	0	0	0	505.799775	467.364394	41.484591	22.017245	-1	###FLOW###
4	35	27	0	0	0	524.879787	467.364394	22.174478	10.857240	-1	###LINE###
5	35	27	0	0	0	524.88	467.36	22.17	10.86	100	Scott
4	35	27	0	1	0	505.799775	478.524399	41.484591	10.857240	-1	###LINE###
5	35	27	0	1	0	505.80	478.52	41.48	10.86	100	BERGER
3	35	28	0	0	0	244.799901	494.124382	30.855261	10.857240	-1	###FLOW###
4	35	28	0	0	0	244.799901	494.124382	30.855261	10.857240	-1	###LINE###
5	35	28	0	0	0	244.80	494.12	30.86	10.86	100	Kenton
3	35	29	0	0	0	414.839804	494.124382	24.366595	10.857240	-1	###FLOW###
4	35	29	0	0	0	414.839804	494.124382	24.366595	10.857240	-1	###LINE###
5	35	29	0	0	0	414.84	494.12	24.37	10.86	100	2,835
3	35	30	0	0	0	522.839760	494.124382	24.366595	10.857240	-1	###FLOW###
4	35	30	0	0	0	522.839760	494.124382	24.366595	10.857240	-1	###LINE###
5	35	30	0	0	0	522.84	494.12	24.37	10.86	100	2,469
3	35	31	0	0	0	244.799901	509.844390	52.367233	10.857240	-1	###FLOW###
4	35	31	0	0	0	244.799901	509.844390	52.367233	10.857240	-1	###LINE###
5	35	31	0	0	0	244.80	509.84	23.12	10.86	100	Total
5	35	31	0	0	1	270.66	509.84	26.51	10.86	100	Votes
3	35	32	0	0	0	414.839804	509.844390	24.366595	10.857240	-1	###FLOW###
4	35	32	0	0	0	414.839804	509.844390	24.366595	10.857240	-1	###LINE###
5	35	32	0	0	0	414.84	509.84	24.37	10.86	100	2,835
3	35	33	0	0	0	522.839760	509.844390	24.366595	10.857240	-1	###FLOW###
4	35	33	0	0	0	522.839760	509.844390	24.366595	10.857240	-1	###LINE###
5	35	33	0	0	0	522.84	509.84	24.37	10.86	100	2,469
1	36	0	0	0	0	0.000000	0.000000	792.000000	612.000000	-1	###PAGE###
3	36	0	0	0	0	35.999984	54.115290	161.717484	13.404001	-1	###FLOW###
4	36	0	0	0	0	35.999984	54.115290	161.717484	13.404001	-1	###LINE###
5	36	0	0	0	0	36.00	54.12	89.61	13.40	100	Commonwealth
5	36	0	0	0	1	128.96	54.12	11.34	13.40	100	of
5	36	0	0	0	2	143.60	54.12	54.11	13.40	100	Kentucky
3	36	1	0	0	0	289.919866	54.115290	212.006871	13.404001	-1	###FLOW###
4	36	1	0	0	0	289.919866	54.115290	212.006871	13.404001	-1	###LINE###
5	36	1	0	0	0	289.92	54.12	44.08	13.40	100	Michael
5	36	1	0	0	1	337.41	54.12	12.68	13.40	100	G.
5	36	1	0	0	2	353.49	54.12	43.05	13.40	100	Adams,
5	36	1	0	0	3	399.93	54.12	54.93	13.40	100	Secretary
5	36	1	0	0	4	457.88	54.12	11.34	13.40	100	of
5	36	1	0	0	5	472.53	54.12	29.40	13.40	100	State
3	36	2	0	0	0	584.279730	54.115290	171.664703	13.404001	-1	###FLOW###
4	36	2	0	0	0	584.279730	54.115290	171.664703	13.404001	-1	###LINE###
5	36	2	0	0	0	584.28	54.12	26.75	13.40	100	2026
5	36	2	0	0	1	614.48	54.12	44.77	13.40	100	Primary
5	36	2	0	0	2	662.37	54.12	46.85	13.40	100	Election
5	36	2	0	0	3	712.52	54.12	43.42	13.40	100	Results
3	36	3	0	0	0	316.559858	111.955306	158.854802	41.003991	-1	###FLOW###
4	36	3	0	0	0	336.599852	111.955306	118.765224	13.404001	-1	###LINE###
5	36	3	0	0	0	336.60	111.96	29.40	13.40	100	State
5	36	3	0	0	1	369.33	111.96	86.04	13.40	100	Representative
4	36	3	0	1	0	316.559858	125.755316	158.854802	13.404001	-1	###LINE###
5	36	3	0	1	0	316.56	125.76	24.72	13.40	100	64th
5	36	3	0	1	1	344.61	125.76	86.04	13.40	100	Representative
5	36	3	0	1	2	434.00	125.76	41.41	13.40	100	District
4	36	3	0	2	0	346.679835	139.555296	98.918899	13.404001	-1	###LINE###
5	36	3	0	2	0	346.68	139.56	65.48	13.40	100	Democratic
5	36	3	0	2	1	415.53	139.56	30.07	13.40	100	Party
3	36	3	1	0	0	385.679840	164.364412	53.663981	22.017245	-1	###FLOW###
4	36	3	1	0	0	385.679840	164.364412	53.429191	10.857240	-1	###LINE###
5	36	3	1	0	0	385.68	164.36	31.90	10.86	100	William
5	36	3	1	0	1	420.17	164.36	18.94	10.86	100	Nick
4	36	3	1	1	0	397.079810	175.524417	42.264010	10.857240	-1	###LINE###
5	36	3	1	1	0	397.08	175.52	42.26	10.86	100	WHALEN
3	36	4	0	0	0	492.239776	164.364412	54.968545	22.017245	-1	###FLOW###
4	36	4	0	0	0	497.399784	164.364412	49.746435	10.857240	-1	###LINE###
5	36	4	0	0	0	497.40	164.36	37.35	10.86	100	Nicholas
5	36	4	0	0	1	537.41	164.36	9.73	10.86	100	C.
4	36	4	0	1	0	492.239776	175.524417	54.968545	10.857240	-1	###LINE###
5	36	4	0	1	0	492.24	175.52	54.97	10.86	100	McHARGUE
3	36	5	0	0	0	244.799901	191.124398	30.855261	10.857240	-1	###FLOW###
4	36	5	0	0	0	244.799901	191.124398	30.855261	10.857240	-1	###LINE###
5	36	5	0	0	0	244.80	191.12	30.86	10.86	100	Kenton
3	36	6	0	0	0	414.839804	191.124398	24.366595	10.857240	-1	###FLOW###
4	36	6	0	0	0	414.839804	191.124398	24.366595	10.857240	-1	###LINE###
5	36	6	0	0	0	414.84	191.12	24.37	10.86	100	1,400
3	36	7	0	0	0	530.999747	191.124398	16.250892	10.857240	-1	###FLOW###
4	36	7	0	0	0	530.999747	191.124398	16.250892	10.857240	-1	###LINE###
5	36	7	0	0	0	531.00	191.12	16.25	10.86	100	791
3	36	8	0	0	0	244.799901	206.844407	52.367233	10.857240	-1	###FLOW###
4	36	8	0	0	0	244.799901	206.844407	52.367233	10.857240	-1	###LINE###
5	36	8	0	0	0	244.80	206.84	23.12	10.86	100	Total
5	36	8	0	0	1	270.66	206.84	26.51	10.86	100	Votes
3	36	9	0	0	0	414.839804	206.844407	24.366595	10.857240	-1	###FLOW###
4	36	9	0	0	0	414.839804	206.844407	24.366595	10.857240	-1	###LINE###
5	36	9	0	0	0	414.84	206.84	24.37	10.86	100	1,400
3	36	10	0	0	0	530.999747	206.844407	16.250892	10.857240	-1	###FLOW###
4	36	10	0	0	0	530.999747	206.844407	16.250892	10.857240	-1	###LINE###
5	36	10	0	0	0	531.00	206.84	16.25	10.86	100	791
3	36	11	0	0	0	316.559858	255.715281	158.854802	41.003991	-1	###FLOW###
4	36	11	0	0	0	336.599852	255.715281	118.765224	13.404001	-1	###LINE###
5	36	11	0	0	0	336.60	255.72	29.40	13.40	100	State
5	36	11	0	0	1	369.33	255.72	86.04	13.40	100	Representative
4	36	11	0	1	0	316.559858	269.515261	158.854802	13.404001	-1	###LINE###
5	36	11	0	1	0	316.56	269.52	24.72	13.40	100	69th
5	36	11	0	1	1	344.61	269.52	86.04	13.40	100	Representative
5	36	11	0	1	2	434.00	269.52	41.41	13.40	100	District
4	36	11	0	2	0	347.039839	283.315271	98.197214	13.404001	-1	###LINE###
5	36	11	0	2	0	347.04	283.32	64.76	13.40	100	Republican
5	36	11	0	2	1	415.17	283.32	30.07	13.40	100	Party
3	36	11	1	0	0	408.839815	308.124387	30.426779	22.017245	-1	###FLOW###
4	36	11	1	0	0	408.839815	308.124387	30.309667	10.857240	-1	###LINE###
5	36	11	1	0	0	408.84	308.12	30.31	10.86	100	Steven
4	36	11	1	1	0	411.119816	319.284392	28.146779	10.857240	-1	###LINE###
5	36	11	1	1	0	411.12	319.28	28.15	10.86	100	DOAN
3	36	12	0	0	0	498.719771	308.124387	48.548078	22.017245	-1	###FLOW###
4	36	12	0	0	0	521.639744	308.124387	25.574695	10.857240	-1	###LINE###
5	36	12	0	0	0	521.64	308.12	25.57	10.86	100	Jesse
4	36	12	0	1	0	498.719771	319.284392	48.548078	10.857240	-1	###LINE###
5	36	12	0	1	0	498.72	319.28	48.55	10.86	100	FOREMAN
3	36	13	0	0	0	244.799901	334.884404	28.156521	10.857240	-1	###FLOW###
4	36	13	0	0	0	244.799901	334.884404	28.156521	10.857240	-1	###LINE###
5	36	13	0	0	0	244.80	334.88	28.16	10.86	100	Boone
3	36	14	0	0	0	422.999822	334.884404	16.250892	10.857240	-1	###FLOW###
4	36	14	0	0	0	422.999822	334.884404	16.250892	10.857240	-1	###LINE###
5	36	14	0	0	0	423.00	334.88	16.25	10.86	100	946
3	36	15	0	0	0	530.999747	334.884404	16.250892	10.857240	-1	###FLOW###
4	36	15	0	0	0	530.999747	334.884404	16.250892	10.857240	-1	###LINE###
5	36	15	0	0	0	531.00	334.88	16.25	10.86	100	292
3	36	16	0	0	0	244.799901	350.364375	30.855261	10.857240	-1	###FLOW###
4	36	16	0	0	0	244.799901	350.364375	30.855261	10.857240	-1	###LINE###
5	36	16	0	0	0	244.80	350.36	30.86	10.86	100	Kenton
3	36	17	0	0	0	414.839804	350.364375	24.366595	10.857240	-1	###FLOW###
4	36	17	0	0	0	414.839804	350.364375	24.366595	10.857240	-1	###LINE###
5	36	17	0	0	0	414.84	350.36	24.37	10.86	100	1,781
3	36	18	0	0	0	530.999747	350.364375	16.250892	10.857240	-1	###FLOW###
4	36	18	0	0	0	530.999747	350.364375	16.250892	10.857240	-1	###LINE###
5	36	18	0	0	0	531.00	350.36	16.25	10.86	100	466
3	36	19	0	0	0	244.799901	366.084384	52.367233	10.857240	-1	###FLOW###
4	36	19	0	0	0	244.799901	366.084384	52.367233	10.857240	-1	###LINE###
5	36	19	0	0	0	244.80	366.08	23.12	10.86	100	Total
5	36	19	0	0	1	270.66	366.08	26.51	10.86	100	Votes
3	36	20	0	0	0	414.839804	366.084384	24.366595	10.857240	-1	###FLOW###
4	36	20	0	0	0	414.839804	366.084384	24.366595	10.857240	-1	###LINE###
5	36	20	0	0	0	414.84	366.08	24.37	10.86	100	2,727
3	36	21	0	0	0	530.999747	366.084384	16.250892	10.857240	-1	###FLOW###
4	36	21	0	0	0	530.999747	366.084384	16.250892	10.857240	-1	###LINE###
5	36	21	0	0	0	531.00	366.08	16.25	10.86	100	758
3	36	22	0	0	0	316.559858	414.955274	158.854802	41.004021	-1	###FLOW###
4	36	22	0	0	0	336.599852	414.955274	118.765224	13.404001	-1	###LINE###
5	36	22	0	0	0	336.60	414.96	29.40	13.40	100	State
5	36	22	0	0	1	369.33	414.96	86.04	13.40	100	Representative
4	36	22	0	1	0	316.559858	428.755284	158.854802	13.404001	-1	###LINE###
5	36	22	0	1	0	316.56	428.76	24.72	13.40	100	69th
5	36	22	0	1	1	344.61	428.76	86.04	13.40	100	Representative
5	36	22	0	1	2	434.00	428.76	41.41	13.40	100	District
4	36	22	0	2	0	346.679835	442.555293	98.918899	13.404001	-1	###LINE###
5	36	22	0	2	0	346.68	442.56	65.48	13.40	100	Democratic
5	36	22	0	2	1	415.53	442.56	30.07	13.40	100	Party
3	36	22	1	0	0	393.359822	467.364394	45.907160	22.017245	-1	###FLOW###
4	36	22	1	0	0	403.559836	467.364394	35.707146	10.857240	-1	###LINE###
5	36	22	1	0	0	403.56	467.36	35.71	10.86	100	Wilanne
4	36	22	1	1	0	393.359822	478.524399	45.898053	10.857240	-1	###LINE###
5	36	22	1	1	0	393.36	478.52	45.90	10.86	100	STANGEL
3	36	23	0	0	0	508.919786	467.364394	38.288385	22.017245	-1	###FLOW###
4	36	23	0	0	0	508.919786	467.364394	38.162316	10.857240	-1	###LINE###
5	36	23	0	0	0	508.92	467.36	25.23	10.86	100	Bryan
5	36	23	0	0	1	536.81	467.36	10.27	10.86	100	G.
4	36	23	0	1	0	514.199765	478.524399	33.008406	10.857240	-1	###LINE###
5	36	23	0	1	0	514.20	478.52	33.01	10.86	100	SNAPP
3	36	24	0	0	0	244.799901	494.124382	28.156521	10.857240	-1	###FLOW###
4	36	24	0	0	0	244.799901	494.124382	28.156521	10.857240	-1	###LINE###
5	36	24	0	0	0	244.80	494.12	28.16	10.86	100	Boone
3	36	25	0	0	0	422.999822	494.124382	16.250892	10.857240	-1	###FLOW###
4	36	25	0	0	0	422.999822	494.124382	16.250892	10.857240	-1	###LINE###
5	36	25	0	0	0	423.00	494.12	16.25	10.86	100	320
3	36	26	0	0	0	530.999747	494.124382	16.250892	10.857240	-1	###FLOW###
4	36	26	0	0	0	530.999747	494.124382	16.250892	10.857240	-1	###LINE###
5	36	26	0	0	0	531.00	494.12	16.25	10.86	100	276
3	36	27	0	0	0	244.799901	509.604398	30.855261	10.857240	-1	###FLOW###
4	36	27	0	0	0	244.799901	509.604398	30.855261	10.857240	-1	###LINE###
5	36	27	0	0	0	244.80	509.60	30.86	10.86	100	Kenton
3	36	28	0	0	0	422.999822	509.604398	16.250892	10.857240	-1	###FLOW###
4	36	28	0	0	0	422.999822	509.604398	16.250892	10.857240	-1	###LINE###
5	36	28	0	0	0	423.00	509.60	16.25	10.86	100	709
3	36	29	0	0	0	530.999747	509.604398	16.250892	10.857240	-1	###FLOW###
4	36	29	0	0	0	530.999747	509.604398	16.250892	10.857240	-1	###LINE###
5	36	29	0	0	0	531.00	509.60	16.25	10.86	100	620
3	36	30	0	0	0	414.839804	525.324377	24.366595	10.857240	-1	###FLOW###
4	36	30	0	0	0	414.839804	525.324377	24.366595	10.857240	-1	###LINE###
5	36	30	0	0	0	414.84	525.32	24.37	10.86	100	1,029
3	36	31	0	0	0	530.999747	525.324377	16.250892	10.857240	-1	###FLOW###
4	36	31	0	0	0	530.999747	525.324377	16.250892	10.857240	-1	###LINE###
5	36	31	0	0	0	531.00	525.32	16.25	10.86	100	896
3	36	32	0	0	0	244.799901	525.324377	52.367233	10.857240	-1	###FLOW###
4	36	32	0	0	0	244.799901	525.324377	52.367233	10.857240	-1	###LINE###
5	36	32	0	0	0	244.80	525.32	23.12	10.86	100	Total
5	36	32	0	0	1	270.66	525.32	26.51	10.86	100	Votes
1	37	0	0	0	0	0.000000	0.000000	792.000000	612.000000	-1	###PAGE###
3	37	0	0	0	0	35.999984	54.115290	161.717484	13.404001	-1	###FLOW###
4	37	0	0	0	0	35.999984	54.115290	161.717484	13.404001	-1	###LINE###
5	37	0	0	0	0	36.00	54.12	89.61	13.40	100	Commonwealth
5	37	0	0	0	1	128.96	54.12	11.34	13.40	100	of
5	37	0	0	0	2	143.60	54.12	54.11	13.40	100	Kentucky
3	37	1	0	0	0	289.919866	54.115290	212.006871	13.404001	-1	###FLOW###
4	37	1	0	0	0	289.919866	54.115290	212.006871	13.404001	-1	###LINE###
5	37	1	0	0	0	289.92	54.12	44.08	13.40	100	Michael
5	37	1	0	0	1	337.41	54.12	12.68	13.40	100	G.
5	37	1	0	0	2	353.49	54.12	43.05	13.40	100	Adams,
5	37	1	0	0	3	399.93	54.12	54.93	13.40	100	Secretary
5	37	1	0	0	4	457.88	54.12	11.34	13.40	100	of
5	37	1	0	0	5	472.53	54.12	29.40	13.40	100	State
3	37	2	0	0	0	584.279730	54.115290	171.664703	13.404001	-1	###FLOW###
4	37	2	0	0	0	584.279730	54.115290	171.664703	13.404001	-1	###LINE###
5	37	2	0	0	0	584.28	54.12	26.75	13.40	100	2026
5	37	2	0	0	1	614.48	54.12	44.77	13.40	100	Primary
5	37	2	0	0	2	662.37	54.12	46.85	13.40	100	Election
5	37	2	0	0	3	712.52	54.12	43.42	13.40	100	Results
3	37	3	0	0	0	316.559858	111.955306	158.854802	41.003991	-1	###FLOW###
4	37	3	0	0	0	336.599852	111.955306	118.765224	13.404001	-1	###LINE###
5	37	3	0	0	0	336.60	111.96	29.40	13.40	100	State
5	37	3	0	0	1	369.33	111.96	86.04	13.40	100	Representative
4	37	3	0	1	0	316.559858	125.755316	158.854802	13.404001	-1	###LINE###
5	37	3	0	1	0	316.56	125.76	24.72	13.40	100	70th
5	37	3	0	1	1	344.61	125.76	86.04	13.40	100	Representative
5	37	3	0	1	2	434.00	125.76	41.41	13.40	100	District
4	37	3	0	2	0	347.039839	139.555296	98.197214	13.404001	-1	###LINE###
5	37	3	0	2	0	347.04	139.56	64.76	13.40	100	Republican
5	37	3	0	2	1	415.17	139.56	30.07	13.40	100	Party
3	37	3	1	0	0	403.679807	164.364412	35.590233	22.017245	-1	###FLOW###
4	37	3	1	0	0	418.679826	164.364412	20.566926	10.857240	-1	###LINE###
5	37	3	1	0	0	418.68	164.36	20.57	10.86	100	Mike
4	37	3	1	1	0	403.679807	175.524417	35.590233	10.857240	-1	###LINE###
5	37	3	1	1	0	403.68	175.52	35.59	10.86	100	FISHER
3	37	4	0	0	0	512.879778	164.364412	34.469818	22.017245	-1	###FLOW###
4	37	4	0	0	0	520.919734	164.364412	26.305401	10.857240	-1	###LINE###
5	37	4	0	0	0	520.92	164.36	26.31	10.86	100	Travis
4	37	4	0	1	0	512.879778	175.524417	34.469818	10.857240	-1	###LINE###
5	37	4	0	1	0	512.88	175.52	34.47	10.86	100	HUBER
3	37	5	0	0	0	244.799901	191.124398	35.726631	10.857240	-1	###FLOW###
4	37	5	0	0	0	244.799901	191.124398	35.726631	10.857240	-1	###LINE###
5	37	5	0	0	0	244.80	191.12	35.73	10.86	100	Bracken
3	37	6	0	0	0	422.999822	191.124398	16.250892	10.857240	-1	###FLOW###
4	37	6	0	0	0	422.999822	191.124398	16.250892	10.857240	-1	###LINE###
5	37	6	0	0	0	423.00	191.12	16.25	10.86	100	682
3	37	7	0	0	0	530.999747	191.124398	16.250892	10.857240	-1	###FLOW###
4	37	7	0	0	0	530.999747	191.124398	16.250892	10.857240	-1	###LINE###
5	37	7	0	0	0	531.00	191.12	16.25	10.86	100	415
3	37	8	0	0	0	244.799901	206.604415	36.710648	10.857240	-1	###FLOW###
4	37	8	0	0	0	244.799901	206.604415	36.710648	10.857240	-1	###LINE###
5	37	8	0	0	0	244.80	206.60	36.71	10.86	100	Harrison
3	37	9	0	0	0	414.839804	206.604415	24.366595	10.857240	-1	###FLOW###
4	37	9	0	0	0	414.839804	206.604415	24.366595	10.857240	-1	###LINE###
5	37	9	0	0	0	414.84	206.60	24.37	10.86	100	1,501
3	37	10	0	0	0	530.999747	206.604415	16.250892	10.857240	-1	###FLOW###
4	37	10	0	0	0	530.999747	206.604415	16.250892	10.857240	-1	###LINE###
5	37	10	0	0	0	531.00	206.60	16.25	10.86	100	486
3	37	11	0	0	0	244.799901	222.084401	29.140538	10.857240	-1	###FLOW###
4	37	11	0	0	0	244.799901	222.084401	29.140538	10.857240	-1	###LINE###
5	37	11	0	0	0	244.80	222.08	29.14	10.86	100	Mason
3	37	12	0	0	0	422.999822	222.084401	16.250892	10.857240	-1	###FLOW###
4	37	12	0	0	0	422.999822	222.084401	16.250892	10.857240	-1	###LINE###
5	37	12	0	0	0	423.00	222.08	16.25	10.86	100	701
3	37	13	0	0	0	522.839760	222.084401	24.366595	10.857240	-1	###FLOW###
4	37	13	0	0	0	522.839760	222.084401	24.366595	10.857240	-1	###LINE###
5	37	13	0	0	0	522.84	222.08	24.37	10.86	100	1,215
3	37	14	0	0	0	244.799901	237.444392	44.836094	10.857240	-1	###FLOW###
4	37	14	0	0	0	244.799901	237.444392	44.836094	10.857240	-1	###LINE###
5	37	14	0	0	0	244.80	237.44	44.84	10.86	100	Robertson
3	37	15	0	0	0	422.999822	237.444392	16.250892	10.857240	-1	###FLOW###
4	37	15	0	0	0	422.999822	237.444392	16.250892	10.857240	-1	###LINE###
5	37	15	0	0	0	423.00	237.44	16.25	10.86	100	136
3	37	16	0	0	0	536.399759	237.444392	10.833928	10.857240	-1	###FLOW###
4	37	16	0	0	0	536.399759	237.444392	10.833928	10.857240	-1	###LINE###
5	37	16	0	0	0	536.40	237.44	10.83	10.86	100	80
3	37	17	0	0	0	244.799901	253.164400	52.367233	10.857240	-1	###FLOW###
4	37	17	0	0	0	244.799901	253.164400	52.367233	10.857240	-1	###LINE###
5	37	17	0	0	0	244.80	253.16	23.12	10.86	100	Total
5	37	17	0	0	1	270.66	253.16	26.51	10.86	100	Votes
3	37	18	0	0	0	414.839804	253.164400	24.366595	10.857240	-1	###FLOW###
4	37	18	0	0	0	414.839804	253.164400	24.366595	10.857240	-1	###LINE###
5	37	18	0	0	0	414.84	253.16	24.37	10.86	100	3,020
3	37	19	0	0	0	522.839760	253.164400	24.366595	10.857240	-1	###FLOW###
4	37	19	0	0	0	522.839760	253.164400	24.366595	10.857240	-1	###LINE###
5	37	19	0	0	0	522.84	253.16	24.37	10.86	100	2,196
3	37	20	0	0	0	316.199853	301.915278	159.576487	41.003991	-1	###FLOW###
4	37	20	0	0	0	336.599852	301.915278	118.765224	13.404001	-1	###LINE###
5	37	20	0	0	0	336.60	301.92	29.40	13.40	100	State
5	37	20	0	0	1	369.33	301.92	86.04	13.40	100	Representative
4	37	20	0	1	0	316.199853	315.715289	159.576487	13.404001	-1	###LINE###
5	37	20	0	1	0	316.20	315.72	25.39	13.40	100	73rd
5	37	20	0	1	1	344.97	315.72	86.02	13.40	100	Representative
5	37	20	0	1	2	434.36	315.72	41.41	13.40	100	District
4	37	20	0	2	0	347.039839	329.515268	98.197214	13.404001	-1	###LINE###
5	37	20	0	2	0	347.04	329.52	64.76	13.40	100	Republican
5	37	20	0	2	1	415.17	329.52	30.07	13.40	100	Party
3	37	20	1	0	0	337.439864	354.324369	101.840871	22.017244	-1	###FLOW###
4	37	20	1	0	0	411.719824	354.324369	27.513500	10.857240	-1	###LINE###
5	37	20	1	0	0	411.72	354.32	27.51	10.86	100	Daniel
4	37	20	1	1	0	337.439864	365.484373	101.840871	10.857240	-1	###LINE###
5	37	20	1	1	0	337.44	365.48	101.84	10.86	100	KONSTANTOPOULOS
3	37	21	0	0	0	515.399782	354.324369	31.878248	22.017244	-1	###FLOW###
4	37	21	0	0	0	531.479754	354.324369	15.705298	10.857240	-1	###LINE###
5	37	21	0	0	0	531.48	354.32	15.71	10.86	100	Les
4	37	21	0	1	0	515.399782	365.484373	31.878248	10.857240	-1	###LINE###
5	37	21	0	1	0	515.40	365.48	31.88	10.86	100	YATES
3	37	22	0	0	0	244.799901	381.084385	22.632387	10.857240	-1	###FLOW###
4	37	22	0	0	0	244.799901	381.084385	22.632387	10.857240	-1	###LINE###
5	37	22	0	0	0	244.80	381.08	22.63	10.86	100	Clark
3	37	23	0	0	0	414.839804	381.084385	24.366595	10.857240	-1	###FLOW###
4	37	23	0	0	0	414.839804	381.084385	24.366595	10.857240	-1	###LINE###
5	37	23	0	0	0	414.84	381.08	24.37	10.86	100	2,558
3	37	24	0	0	0	522.839760	381.084385	24.366595	10.857240	-1	###FLOW###
4	37	24	0	0	0	522.839760	381.084385	24.366595	10.857240	-1	###LINE###
5	37	24	0	0	0	522.84	381.08	24.37	10.86	100	1,444
3	37	25	0	0	0	244.799901	396.564372	32.287444	10.857240	-1	###FLOW###
4	37	25	0	0	0	244.799901	396.564372	32.287444	10.857240	-1	###LINE###
5	37	25	0	0	0	244.80	396.56	32.29	10.86	100	Fayette
3	37	26	0	0	0	422.999822	396.564372	16.250892	10.857240	-1	###FLOW###
4	37	26	0	0	0	422.999822	396.564372	16.250892	10.857240	-1	###LINE###
5	37	26	0	0	0	423.00	396.56	16.25	10.86	100	313
3	37	27	0	0	0	530.999747	396.564372	16.250892	10.857240	-1	###FLOW###
4	37	27	0	0	0	530.999747	396.564372	16.250892	10.857240	-1	###LINE###
5	37	27	0	0	0	531.00	396.56	16.25	10.86	100	223
3	37	28	0	0	0	414.839804	412.284381	24.366595	10.857240	-1	###FLOW###
4	37	28	0	0	0	414.839804	412.284381	24.366595	10.857240	-1	###LINE###
5	37	28	0	0	0	414.84	412.28	24.37	10.86	100	2,871
3	37	29	0	0	0	522.839760	412.284381	24.366595	10.857240	-1	###FLOW###
4	37	29	0	0	0	522.839760	412.284381	24.366595	10.857240	-1	###LINE###
5	37	29	0	0	0	522.84	412.28	24.37	10.86	100	1,667
3	37	30	0	0	0	244.799901	412.284381	52.367233	10.857240	-1	###FLOW###
4	37	30	0	0	0	244.799901	412.284381	52.367233	10.857240	-1	###LINE###
5	37	30	0	0	0	244.80	412.28	23.12	10.86	100	Total
5	37	30	0	0	1	270.66	412.28	26.51	10.86	100	Votes
1	38	0	0	0	0	0.000000	0.000000	792.000000	612.000000	-1	###PAGE###
3	38	0	0	0	0	35.999984	54.115290	161.717484	13.404001	-1	###FLOW###
4	38	0	0	0	0	35.999984	54.115290	161.717484	13.404001	-1	###LINE###
5	38	0	0	0	0	36.00	54.12	89.61	13.40	100	Commonwealth
5	38	0	0	0	1	128.96	54.12	11.34	13.40	100	of
5	38	0	0	0	2	143.60	54.12	54.11	13.40	100	Kentucky
3	38	1	0	0	0	289.919866	54.115290	212.006871	13.404001	-1	###FLOW###
4	38	1	0	0	0	289.919866	54.115290	212.006871	13.404001	-1	###LINE###
5	38	1	0	0	0	289.92	54.12	44.08	13.40	100	Michael
5	38	1	0	0	1	337.41	54.12	12.68	13.40	100	G.
5	38	1	0	0	2	353.49	54.12	43.05	13.40	100	Adams,
5	38	1	0	0	3	399.93	54.12	54.93	13.40	100	Secretary
5	38	1	0	0	4	457.88	54.12	11.34	13.40	100	of
5	38	1	0	0	5	472.53	54.12	29.40	13.40	100	State
3	38	2	0	0	0	584.279730	54.115290	171.664703	13.404001	-1	###FLOW###
4	38	2	0	0	0	584.279730	54.115290	171.664703	13.404001	-1	###LINE###
5	38	2	0	0	0	584.28	54.12	26.75	13.40	100	2026
5	38	2	0	0	1	614.48	54.12	44.77	13.40	100	Primary
5	38	2	0	0	2	662.37	54.12	46.85	13.40	100	Election
5	38	2	0	0	3	712.52	54.12	43.42	13.40	100	Results
3	38	3	0	0	0	316.199853	111.955306	159.576487	41.003991	-1	###FLOW###
4	38	3	0	0	0	336.599852	111.955306	118.765224	13.404001	-1	###LINE###
5	38	3	0	0	0	336.60	111.96	29.40	13.40	100	State
5	38	3	0	0	1	369.33	111.96	86.04	13.40	100	Representative
4	38	3	0	1	0	316.199853	125.755316	159.576487	13.404001	-1	###LINE###
5	38	3	0	1	0	316.20	125.76	25.39	13.40	100	73rd
5	38	3	0	1	1	344.97	125.76	86.02	13.40	100	Representative
5	38	3	0	1	2	434.36	125.76	41.41	13.40	100	District
4	38	3	0	2	0	346.679835	139.555296	98.918899	13.404001	-1	###LINE###
5	38	3	0	2	0	346.68	139.56	65.48	13.40	100	Democratic
5	38	3	0	2	1	415.53	139.56	30.07	13.40	100	Party
3	38	3	1	0	0	403.559836	164.364412	35.801495	22.017245	-1	###FLOW###
4	38	3	1	0	0	403.559836	164.364412	35.638946	10.857240	-1	###LINE###
5	38	3	1	0	0	403.56	164.36	35.64	10.86	100	Chelsea
4	38	3	1	1	0	415.559814	175.524417	23.801516	10.857240	-1	###LINE###
5	38	3	1	1	0	415.56	175.52	23.80	10.86	100	KIRK
3	38	4	0	0	0	496.559773	164.364412	50.829479	22.017245	-1	###FLOW###
4	38	4	0	0	0	526.919754	164.364412	20.469499	10.857240	-1	###LINE###
5	38	4	0	0	0	526.92	164.36	20.47	10.86	100	Rory
4	38	4	0	1	0	496.559773	175.524417	50.710967	10.857240	-1	###LINE###
5	38	4	0	1	0	496.56	175.52	50.71	10.86	100	HOULIHAN
3	38	5	0	0	0	244.799901	191.124398	22.632387	10.857240	-1	###FLOW###
4	38	5	0	0	0	244.799901	191.124398	22.632387	10.857240	-1	###LINE###
5	38	5	0	0	0	244.80	191.12	22.63	10.86	100	Clark
3	38	6	0	0	0	414.839804	191.124398	24.366595	10.857240	-1	###FLOW###
4	38	6	0	0	0	414.839804	191.124398	24.366595	10.857240	-1	###LINE###
5	38	6	0	0	0	414.84	191.12	24.37	10.86	100	1,701
3	38	7	0	0	0	522.839760	191.124398	24.366595	10.857240	-1	###FLOW###
4	38	7	0	0	0	522.839760	191.124398	24.366595	10.857240	-1	###LINE###
5	38	7	0	0	0	522.84	191.12	24.37	10.86	100	1,215
3	38	8	0	0	0	244.799901	206.604415	32.287444	10.857240	-1	###FLOW###
4	38	8	0	0	0	244.799901	206.604415	32.287444	10.857240	-1	###LINE###
5	38	8	0	0	0	244.80	206.60	32.29	10.86	100	Fayette
3	38	9	0	0	0	422.999822	206.604415	16.250892	10.857240	-1	###FLOW###
4	38	9	0	0	0	422.999822	206.604415	16.250892	10.857240	-1	###LINE###
5	38	9	0	0	0	423.00	206.60	16.25	10.86	100	525
3	38	10	0	0	0	530.999747	206.604415	16.250892	10.857240	-1	###FLOW###
4	38	10	0	0	0	530.999747	206.604415	16.250892	10.857240	-1	###LINE###
5	38	10	0	0	0	531.00	206.60	16.25	10.86	100	162
3	38	11	0	0	0	414.839804	222.324393	24.366595	10.857240	-1	###FLOW###
4	38	11	0	0	0	414.839804	222.324393	24.366595	10.857240	-1	###LINE###
5	38	11	0	0	0	414.84	222.32	24.37	10.86	100	2,226
3	38	12	0	0	0	522.839760	222.324393	24.366595	10.857240	-1	###FLOW###
4	38	12	0	0	0	522.839760	222.324393	24.366595	10.857240	-1	###LINE###
5	38	12	0	0	0	522.84	222.32	24.37	10.86	100	1,377
3	38	13	0	0	0	244.799901	222.324393	52.367233	10.857240	-1	###FLOW###
4	38	13	0	0	0	244.799901	222.324393	52.367233	10.857240	-1	###LINE###
5	38	13	0	0	0	244.80	222.32	23.12	10.86	100	Total
5	38	13	0	0	1	270.66	222.32	26.51	10.86	100	Votes
3	38	14	0	0	0	316.559858	271.075272	158.854802	41.004021	-1	###FLOW###
4	38	14	0	0	0	336.599852	271.075272	118.765224	13.404001	-1	###LINE###
5	38	14	0	0	0	336.60	271.08	29.40	13.40	100	State
5	38	14	0	0	1	369.33	271.08	86.04	13.40	100	Representative
4	38	14	0	1	0	316.559858	284.875281	158.854802	13.404001	-1	###LINE###
5	38	14	0	1	0	316.56	284.88	24.72	13.40	100	74th
5	38	14	0	1	1	344.61	284.88	86.04	13.40	100	Representative
5	38	14	0	1	2	434.00	284.88	41.41	13.40	100	District
4	38	14	0	2	0	347.039839	298.675291	98.197214	13.404001	-1	###LINE###
5	38	14	0	2	0	347.04	298.68	64.76	13.40	100	Republican
5	38	14	0	2	1	415.17	298.68	30.07	13.40	100	Party
3	38	14	1	0	0	338.879852	323.484378	46.336476	22.017275	-1	###FLOW###
4	38	14	1	0	0	350.039849	323.484378	35.093353	10.857240	-1	###LINE###
5	38	14	1	0	0	350.04	323.48	24.25	10.86	100	David
5	38	14	1	0	1	376.73	323.48	8.40	10.86	100	F.
4	38	14	1	1	0	338.879852	334.644412	46.336476	10.857240	-1	###LINE###
5	38	14	1	1	0	338.88	334.64	46.34	10.86	100	CHARLES
3	38	15	0	0	0	436.199816	323.484378	57.160661	22.017275	-1	###FLOW###
4	38	15	0	0	0	454.319816	323.484378	38.893022	10.857240	-1	###LINE###
5	38	15	0	0	0	454.32	323.48	38.89	10.86	100	Shannon
4	38	15	0	1	0	436.199816	334.644412	57.160661	10.857240	-1	###LINE###
5	38	15	0	1	0	436.20	334.64	57.16	10.86	100	DENNISTON
3	38	16	0	0	0	553.559745	323.484378	47.719945	22.017275	-1	###FLOW###
4	38	16	0	0	0	575.279732	323.484378	25.983890	10.857240	-1	###LINE###
5	38	16	0	0	0	575.28	323.48	25.98	10.86	100	Aaron
4	38	16	0	1	0	553.559745	334.644412	47.719945	10.857240	-1	###LINE###
5	38	16	0	1	0	553.56	334.64	47.72	10.86	100	WILLIAMS
3	38	17	0	0	0	190.799908	350.244379	20.021333	10.857240	-1	###FLOW###
4	38	17	0	0	0	190.799908	350.244379	20.021333	10.857240	-1	###LINE###
5	38	17	0	0	0	190.80	350.24	20.02	10.86	100	Bath
3	38	18	0	0	0	368.999830	350.244379	16.250892	10.857240	-1	###FLOW###
4	38	18	0	0	0	368.999830	350.244379	16.250892	10.857240	-1	###LINE###
5	38	18	0	0	0	369.00	350.24	16.25	10.86	100	637
3	38	19	0	0	0	476.999785	350.244379	16.250892	10.857240	-1	###FLOW###
4	38	19	0	0	0	476.999785	350.244379	16.250892	10.857240	-1	###LINE###
5	38	19	0	0	0	477.00	350.24	16.25	10.86	100	221
3	38	20	0	0	0	584.999740	350.244379	16.250892	10.857240	-1	###FLOW###
4	38	20	0	0	0	584.999740	350.244379	16.250892	10.857240	-1	###LINE###
5	38	20	0	0	0	585.00	350.24	16.25	10.86	100	146
3	38	21	0	0	0	190.799908	365.724365	34.547759	10.857240	-1	###FLOW###
4	38	21	0	0	0	190.799908	365.724365	34.547759	10.857240	-1	###LINE###
5	38	21	0	0	0	190.80	365.72	34.55	10.86	100	Menifee
3	38	22	0	0	0	368.999830	365.724365	16.250892	10.857240	-1	###FLOW###
4	38	22	0	0	0	368.999830	365.724365	16.250892	10.857240	-1	###LINE###
5	38	22	0	0	0	369.00	365.72	16.25	10.86	100	490
3	38	23	0	0	0	476.999785	365.724365	16.250892	10.857240	-1	###FLOW###
4	38	23	0	0	0	476.999785	365.724365	16.250892	10.857240	-1	###LINE###
5	38	23	0	0	0	477.00	365.72	16.25	10.86	100	275
3	38	24	0	0	0	584.999740	365.724365	16.250892	10.857240	-1	###FLOW###
4	38	24	0	0	0	584.999740	365.724365	16.250892	10.857240	-1	###LINE###
5	38	24	0	0	0	585.00	365.72	16.25	10.86	100	136
3	38	25	0	0	0	190.799908	381.084385	54.033241	10.857240	-1	###FLOW###
4	38	25	0	0	0	190.799908	381.084385	54.033241	10.857240	-1	###LINE###
5	38	25	0	0	0	190.80	381.08	54.03	10.86	100	Montgomery
3	38	26	0	0	0	360.839842	381.084385	24.366595	10.857240	-1	###FLOW###
4	38	26	0	0	0	360.839842	381.084385	24.366595	10.857240	-1	###LINE###
5	38	26	0	0	0	360.84	381.08	24.37	10.86	100	2,097
3	38	27	0	0	0	476.999785	381.084385	16.250892	10.857240	-1	###FLOW###
4	38	27	0	0	0	476.999785	381.084385	16.250892	10.857240	-1	###LINE###
5	38	27	0	0	0	477.00	381.08	16.25	10.86	100	602
3	38	28	0	0	0	584.999740	381.084385	16.250892	10.857240	-1	###FLOW###
4	38	28	0	0	0	584.999740	381.084385	16.250892	10.857240	-1	###LINE###
5	38	28	0	0	0	585.00	381.08	16.25	10.86	100	317
3	38	29	0	0	0	190.799908	396.804394	52.367233	10.857240	-1	###FLOW###
4	38	29	0	0	0	190.799908	396.804394	52.367233	10.857240	-1	###LINE###
5	38	29	0	0	0	190.80	396.80	23.12	10.86	100	Total
5	38	29	0	0	1	216.66	396.80	26.51	10.86	100	Votes
3	38	30	0	0	0	360.839842	396.804394	24.366595	10.857240	-1	###FLOW###
4	38	30	0	0	0	360.839842	396.804394	24.366595	10.857240	-1	###LINE###
5	38	30	0	0	0	360.84	396.80	24.37	10.86	100	3,224
3	38	31	0	0	0	468.839797	396.804394	24.366595	10.857240	-1	###FLOW###
4	38	31	0	0	0	468.839797	396.804394	24.366595	10.857240	-1	###LINE###
5	38	31	0	0	0	468.84	396.80	24.37	10.86	100	1,098
3	38	32	0	0	0	584.999740	396.804394	16.250892	10.857240	-1	###FLOW###
4	38	32	0	0	0	584.999740	396.804394	16.250892	10.857240	-1	###LINE###
5	38	32	0	0	0	585.00	396.80	16.25	10.86	100	599
1	39	0	0	0	0	0.000000	0.000000	792.000000	612.000000	-1	###PAGE###
3	39	0	0	0	0	35.999984	54.115290	161.717484	13.404001	-1	###FLOW###
4	39	0	0	0	0	35.999984	54.115290	161.717484	13.404001	-1	###LINE###
5	39	0	0	0	0	36.00	54.12	89.61	13.40	100	Commonwealth
5	39	0	0	0	1	128.96	54.12	11.34	13.40	100	of
5	39	0	0	0	2	143.60	54.12	54.11	13.40	100	Kentucky
3	39	1	0	0	0	289.919866	54.115290	212.006871	13.404001	-1	###FLOW###
4	39	1	0	0	0	289.919866	54.115290	212.006871	13.404001	-1	###LINE###
5	39	1	0	0	0	289.92	54.12	44.08	13.40	100	Michael
5	39	1	0	0	1	337.41	54.12	12.68	13.40	100	G.
5	39	1	0	0	2	353.49	54.12	43.05	13.40	100	Adams,
5	39	1	0	0	3	399.93	54.12	54.93	13.40	100	Secretary
5	39	1	0	0	4	457.88	54.12	11.34	13.40	100	of
5	39	1	0	0	5	472.53	54.12	29.40	13.40	100	State
3	39	2	0	0	0	584.279730	54.115290	171.664703	13.404001	-1	###FLOW###
4	39	2	0	0	0	584.279730	54.115290	171.664703	13.404001	-1	###LINE###
5	39	2	0	0	0	584.28	54.12	26.75	13.40	100	2026
5	39	2	0	0	1	614.48	54.12	44.77	13.40	100	Primary
5	39	2	0	0	2	662.37	54.12	46.85	13.40	100	Election
5	39	2	0	0	3	712.52	54.12	43.42	13.40	100	Results
3	39	3	0	0	0	316.559858	111.955306	158.854802	41.003991	-1	###FLOW###
4	39	3	0	0	0	336.599852	111.955306	118.765224	13.404001	-1	###LINE###
5	39	3	0	0	0	336.60	111.96	29.40	13.40	100	State
5	39	3	0	0	1	369.33	111.96	86.04	13.40	100	Representative
4	39	3	0	1	0	316.559858	125.755316	158.854802	13.404001	-1	###LINE###
5	39	3	0	1	0	316.56	125.76	24.72	13.40	100	76th
5	39	3	0	1	1	344.61	125.76	86.04	13.40	100	Representative
5	39	3	0	1	2	434.00	125.76	41.41	13.40	100	District
4	39	3	0	2	0	346.679835	139.555296	98.918899	13.404001	-1	###LINE###
5	39	3	0	2	0	346.68	139.56	65.48	13.40	100	Democratic
5	39	3	0	2	1	415.53	139.56	30.07	13.40	100	Party
3	39	3	1	0	0	381.119840	164.364412	58.228529	22.017245	-1	###FLOW###
4	39	3	1	0	0	396.119827	164.364412	43.228542	10.857240	-1	###LINE###
5	39	3	1	0	0	396.12	164.36	22.74	10.86	100	Anne
5	39	3	1	0	1	421.49	164.36	17.86	10.86	100	Gay
4	39	3	1	1	0	381.119840	175.524417	58.144678	10.857240	-1	###LINE###
5	39	3	1	1	0	381.12	175.52	58.14	10.86	100	DONWORTH
3	39	4	0	0	0	498.719771	164.364412	48.543858	22.017245	-1	###FLOW###
4	39	4	0	0	0	521.279739	164.364412	25.983890	10.857240	-1	###LINE###
5	39	4	0	0	0	521.28	164.36	25.98	10.86	100	Jamie
4	39	4	0	1	0	498.719771	175.524417	48.489622	10.857240	-1	###LINE###
5	39	4	0	1	0	498.72	175.52	48.49	10.86	100	PALUMBO
3	39	5	0	0	0	244.799901	191.124398	32.287444	10.857240	-1	###FLOW###
4	39	5	0	0	0	244.799901	191.124398	32.287444	10.857240	-1	###LINE###
5	39	5	0	0	0	244.80	191.12	32.29	10.86	100	Fayette
3	39	6	0	0	0	414.839804	191.124398	24.366595	10.857240	-1	###FLOW###
4	39	6	0	0	0	414.839804	191.124398	24.366595	10.857240	-1	###LINE###
5	39	6	0	0	0	414.84	191.12	24.37	10.86	100	3,715
3	39	7	0	0	0	522.839760	191.124398	24.366595	10.857240	-1	###FLOW###
4	39	7	0	0	0	522.839760	191.124398	24.366595	10.857240	-1	###LINE###
5	39	7	0	0	0	522.84	191.12	24.37	10.86	100	2,366
3	39	8	0	0	0	244.799901	206.844407	52.367233	10.857240	-1	###FLOW###
4	39	8	0	0	0	244.799901	206.844407	52.367233	10.857240	-1	###LINE###
5	39	8	0	0	0	244.80	206.84	23.12	10.86	100	Total
5	39	8	0	0	1	270.66	206.84	26.51	10.86	100	Votes
3	39	9	0	0	0	414.839804	206.844407	24.366595	10.857240	-1	###FLOW###
4	39	9	0	0	0	414.839804	206.844407	24.366595	10.857240	-1	###LINE###
5	39	9	0	0	0	414.84	206.84	24.37	10.86	100	3,715
3	39	10	0	0	0	522.839760	206.844407	24.366595	10.857240	-1	###FLOW###
4	39	10	0	0	0	522.839760	206.844407	24.366595	10.857240	-1	###LINE###
5	39	10	0	0	0	522.84	206.84	24.37	10.86	100	2,366
3	39	11	0	0	0	316.559858	255.715281	158.854802	41.003991	-1	###FLOW###
4	39	11	0	0	0	336.599852	255.715281	118.765224	13.404001	-1	###LINE###
5	39	11	0	0	0	336.60	255.72	29.40	13.40	100	State
5	39	11	0	0	1	369.33	255.72	86.04	13.40	100	Representative
4	39	11	0	1	0	316.559858	269.515261	158.854802	13.404001	-1	###LINE###
5	39	11	0	1	0	316.56	269.52	24.72	13.40	100	78th
5	39	11	0	1	1	344.61	269.52	86.04	13.40	100	Representative
5	39	11	0	1	2	434.00	269.52	41.41	13.40	100	District
4	39	11	0	2	0	347.039839	283.315271	98.197214	13.404001	-1	###LINE###
5	39	11	0	2	0	347.04	283.32	64.76	13.40	100	Republican
5	39	11	0	2	1	415.17	283.32	30.07	13.40	100	Party
3	39	11	1	0	0	412.799807	308.124387	26.529484	22.017245	-1	###FLOW###
4	39	11	1	0	0	417.599811	308.124387	21.550943	10.857240	-1	###LINE###
5	39	11	1	0	0	417.60	308.12	21.55	10.86	100	Mark
4	39	11	1	1	0	412.799807	319.284392	26.529484	10.857240	-1	###LINE###
5	39	11	1	1	0	412.80	319.28	26.53	10.86	100	HART
3	39	12	0	0	0	497.639788	308.124387	49.639265	22.017245	-1	###FLOW###
4	39	12	0	0	0	497.999793	308.124387	49.142385	10.857240	-1	###LINE###
5	39	12	0	0	0	498.00	308.12	36.82	10.86	100	Brandon
5	39	12	0	0	1	537.41	308.12	9.73	10.86	100	N.
4	39	12	0	1	0	497.639788	319.284392	49.639265	10.857240	-1	###LINE###
5	39	12	0	1	0	497.64	319.28	49.64	10.86	100	MONTANO
3	39	13	0	0	0	244.799901	334.884404	28.156521	10.857240	-1	###FLOW###
4	39	13	0	0	0	244.799901	334.884404	28.156521	10.857240	-1	###LINE###
5	39	13	0	0	0	244.80	334.88	28.16	10.86	100	Boone
3	39	14	0	0	0	422.999822	334.884404	16.250892	10.857240	-1	###FLOW###
4	39	14	0	0	0	422.999822	334.884404	16.250892	10.857240	-1	###LINE###
5	39	14	0	0	0	423.00	334.88	16.25	10.86	100	598
3	39	15	0	0	0	530.999747	334.884404	16.250892	10.857240	-1	###FLOW###
4	39	15	0	0	0	530.999747	334.884404	16.250892	10.857240	-1	###LINE###
5	39	15	0	0	0	531.00	334.88	16.25	10.86	100	244
3	39	16	0	0	0	244.799901	350.364375	40.938998	10.857240	-1	###FLOW###
4	39	16	0	0	0	244.799901	350.364375	40.938998	10.857240	-1	###LINE###
5	39	16	0	0	0	244.80	350.36	40.94	10.86	100	Campbell
3	39	17	0	0	0	422.999822	350.364375	16.250892	10.857240	-1	###FLOW###
4	39	17	0	0	0	422.999822	350.364375	16.250892	10.857240	-1	###LINE###
5	39	17	0	0	0	423.00	350.36	16.25	10.86	100	866
3	39	18	0	0	0	530.999747	350.364375	16.250892	10.857240	-1	###FLOW###
4	39	18	0	0	0	530.999747	350.364375	16.250892	10.857240	-1	###LINE###
5	39	18	0	0	0	531.00	350.36	16.25	10.86	100	223
3	39	19	0	0	0	244.799901	365.844392	30.855261	10.857240	-1	###FLOW###
4	39	19	0	0	0	244.799901	365.844392	30.855261	10.857240	-1	###LINE###
5	39	19	0	0	0	244.80	365.84	30.86	10.86	100	Kenton
3	39	20	0	0	0	414.839804	365.844392	24.366595	10.857240	-1	###FLOW###
4	39	20	0	0	0	414.839804	365.844392	24.366595	10.857240	-1	###LINE###
5	39	20	0	0	0	414.84	365.84	24.37	10.86	100	1,406
3	39	21	0	0	0	530.999747	365.844392	16.250892	10.857240	-1	###FLOW###
4	39	21	0	0	0	530.999747	365.844392	16.250892	10.857240	-1	###LINE###
5	39	21	0	0	0	531.00	365.84	16.25	10.86	100	645
3	39	22	0	0	0	244.799901	381.204382	43.852077	10.857240	-1	###FLOW###
4	39	22	0	0	0	244.799901	381.204382	43.852077	10.857240	-1	###LINE###
5	39	22	0	0	0	244.80	381.20	43.85	10.86	100	Pendleton
3	39	23	0	0	0	414.839804	381.204382	24.366595	10.857240	-1	###FLOW###
4	39	23	0	0	0	414.839804	381.204382	24.366595	10.857240	-1	###LINE###
5	39	23	0	0	0	414.84	381.20	24.37	10.86	100	1,982
3	39	24	0	0	0	530.999747	381.204382	16.250892	10.857240	-1	###FLOW###
4	39	24	0	0	0	530.999747	381.204382	16.250892	10.857240	-1	###LINE###
5	39	24	0	0	0	531.00	381.20	16.25	10.86	100	571
3	39	25	0	0	0	244.799901	396.924391	52.367233	10.857240	-1	###FLOW###
4	39	25	0	0	0	244.799901	396.924391	52.367233	10.857240	-1	###LINE###
5	39	25	0	0	0	244.80	396.92	23.12	10.86	100	Total
5	39	25	0	0	1	270.66	396.92	26.51	10.86	100	Votes
3	39	26	0	0	0	414.839804	396.924391	24.366595	10.857240	-1	###FLOW###
4	39	26	0	0	0	414.839804	396.924391	24.366595	10.857240	-1	###LINE###
5	39	26	0	0	0	414.84	396.92	24.37	10.86	100	4,852
3	39	27	0	0	0	522.839760	396.924391	24.366595	10.857240	-1	###FLOW###
4	39	27	0	0	0	522.839760	396.924391	24.366595	10.857240	-1	###LINE###
5	39	27	0	0	0	522.84	396.92	24.37	10.86	100	1,683
1	40	0	0	0	0	0.000000	0.000000	792.000000	612.000000	-1	###PAGE###
3	40	0	0	0	0	35.999984	54.115290	161.717484	13.404001	-1	###FLOW###
4	40	0	0	0	0	35.999984	54.115290	161.717484	13.404001	-1	###LINE###
5	40	0	0	0	0	36.00	54.12	89.61	13.40	100	Commonwealth
5	40	0	0	0	1	128.96	54.12	11.34	13.40	100	of
5	40	0	0	0	2	143.60	54.12	54.11	13.40	100	Kentucky
3	40	1	0	0	0	289.919866	54.115290	212.006871	13.404001	-1	###FLOW###
4	40	1	0	0	0	289.919866	54.115290	212.006871	13.404001	-1	###LINE###
5	40	1	0	0	0	289.92	54.12	44.08	13.40	100	Michael
5	40	1	0	0	1	337.41	54.12	12.68	13.40	100	G.
5	40	1	0	0	2	353.49	54.12	43.05	13.40	100	Adams,
5	40	1	0	0	3	399.93	54.12	54.93	13.40	100	Secretary
5	40	1	0	0	4	457.88	54.12	11.34	13.40	100	of
5	40	1	0	0	5	472.53	54.12	29.40	13.40	100	State
3	40	2	0	0	0	584.279730	54.115290	171.664703	13.404001	-1	###FLOW###
4	40	2	0	0	0	584.279730	54.115290	171.664703	13.404001	-1	###LINE###
5	40	2	0	0	0	584.28	54.12	26.75	13.40	100	2026
5	40	2	0	0	1	614.48	54.12	44.77	13.40	100	Primary
5	40	2	0	0	2	662.37	54.12	46.85	13.40	100	Election
5	40	2	0	0	3	712.52	54.12	43.42	13.40	100	Results
3	40	3	0	0	0	316.799861	111.955306	158.253398	41.003991	-1	###FLOW###
4	40	3	0	0	0	336.599852	111.955306	118.765224	13.404001	-1	###LINE###
5	40	3	0	0	0	336.60	111.96	29.40	13.40	100	State
5	40	3	0	0	1	369.33	111.96	86.04	13.40	100	Representative
4	40	3	0	1	0	316.799861	125.755316	158.253398	13.404001	-1	###LINE###
5	40	3	0	1	0	316.80	125.76	24.07	13.40	100	81st
5	40	3	0	1	1	344.25	125.76	86.04	13.40	100	Representative
5	40	3	0	1	2	433.64	125.76	41.41	13.40	100	District
4	40	3	0	2	0	347.039839	139.555296	98.197214	13.404001	-1	###LINE###
5	40	3	0	2	0	347.04	139.56	64.76	13.40	100	Republican
5	40	3	0	2	1	415.17	139.56	30.07	13.40	100	Party
3	40	3	1	0	0	372.359844	164.364412	66.995656	22.017245	-1	###FLOW###
4	40	3	1	0	0	372.359844	164.364412	66.854689	10.857240	-1	###LINE###
5	40	3	1	0	0	372.36	164.36	34.02	10.86	100	Deanna
5	40	3	1	0	1	409.01	164.36	30.20	10.86	100	Frazier
4	40	3	1	1	0	395.639822	175.524417	43.715679	10.857240	-1	###LINE###
5	40	3	1	1	0	395.64	175.52	43.72	10.86	100	GORDON
3	40	4	0	0	0	502.439791	164.364412	45.018127	22.017245	-1	###FLOW###
4	40	4	0	0	0	514.439769	164.364412	33.018149	10.857240	-1	###LINE###
5	40	4	0	0	0	514.44	164.36	33.02	10.86	100	Andrew
4	40	4	0	1	0	502.439791	175.524417	44.884808	10.857240	-1	###LINE###
5	40	4	0	1	0	502.44	175.52	44.88	10.86	100	SIMPSON
3	40	5	0	0	0	244.799901	191.124398	36.720391	10.857240	-1	###FLOW###
4	40	5	0	0	0	244.799901	191.124398	36.720391	10.857240	-1	###LINE###
5	40	5	0	0	0	244.80	191.12	36.72	10.86	100	Madison
3	40	6	0	0	0	414.839804	191.124398	24.366595	10.857240	-1	###FLOW###
4	40	6	0	0	0	414.839804	191.124398	24.366595	10.857240	-1	###LINE###
5	40	6	0	0	0	414.84	191.12	24.37	10.86	100	3,212
3	40	7	0	0	0	522.839760	191.124398	24.366595	10.857240	-1	###FLOW###
4	40	7	0	0	0	522.839760	191.124398	24.366595	10.857240	-1	###LINE###
5	40	7	0	0	0	522.84	191.12	24.37	10.86	100	1,682
3	40	8	0	0	0	244.799901	206.844407	52.367233	10.857240	-1	###FLOW###
4	40	8	0	0	0	244.799901	206.844407	52.367233	10.857240	-1	###LINE###
5	40	8	0	0	0	244.80	206.84	23.12	10.86	100	Total
5	40	8	0	0	1	270.66	206.84	26.51	10.86	100	Votes
3	40	9	0	0	0	414.839804	206.844407	24.366595	10.857240	-1	###FLOW###
4	40	9	0	0	0	414.839804	206.844407	24.366595	10.857240	-1	###LINE###
5	40	9	0	0	0	414.84	206.84	24.37	10.86	100	3,212
3	40	10	0	0	0	522.839760	206.844407	24.366595	10.857240	-1	###FLOW###
4	40	10	0	0	0	522.839760	206.844407	24.366595	10.857240	-1	###LINE###
5	40	10	0	0	0	522.84	206.84	24.37	10.86	100	1,682
3	40	11	0	0	0	316.799861	255.715281	158.253398	41.003991	-1	###FLOW###
4	40	11	0	0	0	336.599852	255.715281	118.765224	13.404001	-1	###LINE###
5	40	11	0	0	0	336.60	255.72	29.40	13.40	100	State
5	40	11	0	0	1	369.33	255.72	86.04	13.40	100	Representative
4	40	11	0	1	0	316.799861	269.515261	158.253398	13.404001	-1	###LINE###
5	40	11	0	1	0	316.80	269.52	24.07	13.40	100	91st
5	40	11	0	1	1	344.25	269.52	86.04	13.40	100	Representative
5	40	11	0	1	2	433.64	269.52	41.41	13.40	100	District
4	40	11	0	2	0	347.039839	283.315271	98.197214	13.404001	-1	###LINE###
5	40	11	0	2	0	347.04	283.32	64.76	13.40	100	Republican
5	40	11	0	2	1	415.17	283.32	30.07	13.40	100	Party
3	40	11	1	0	0	393.959829	308.124387	45.265182	22.017245	-1	###FLOW###
4	40	11	1	0	0	410.639809	308.124387	28.585202	10.857240	-1	###LINE###
5	40	11	1	0	0	410.64	308.12	28.59	10.86	100	Darrell
4	40	11	1	1	0	393.959829	319.284392	45.264775	10.857240	-1	###LINE###
5	40	11	1	1	0	393.96	319.28	45.26	10.86	100	BILLINGS
3	40	12	0	0	0	501.599780	308.124387	45.800625	22.017245	-1	###FLOW###
4	40	12	0	0	0	531.479754	308.124387	15.588386	10.857240	-1	###LINE###
5	40	12	0	0	0	531.48	308.12	15.59	10.86	100	Jeff
4	40	12	0	1	0	501.599780	319.284392	45.800625	10.857240	-1	###LINE###
5	40	12	0	1	0	501.60	319.28	45.80	10.86	100	HENSLEY
3	40	13	0	0	0	244.799901	334.884404	20.644868	10.857240	-1	###FLOW###
4	40	13	0	0	0	244.799901	334.884404	20.644868	10.857240	-1	###LINE###
5	40	13	0	0	0	244.80	334.88	20.64	10.86	100	Estill
3	40	14	0	0	0	422.999822	334.884404	16.250892	10.857240	-1	###FLOW###
4	40	14	0	0	0	422.999822	334.884404	16.250892	10.857240	-1	###LINE###
5	40	14	0	0	0	423.00	334.88	16.25	10.86	100	696
3	40	15	0	0	0	522.839760	334.884404	24.366595	10.857240	-1	###FLOW###
4	40	15	0	0	0	522.839760	334.884404	24.366595	10.857240	-1	###LINE###
5	40	15	0	0	0	522.84	334.88	24.37	10.86	100	1,841
3	40	16	0	0	0	244.799901	350.364375	36.720391	10.857240	-1	###FLOW###
4	40	16	0	0	0	244.799901	350.364375	36.720391	10.857240	-1	###LINE###
5	40	16	0	0	0	244.80	350.36	36.72	10.86	100	Madison
3	40	17	0	0	0	422.999822	350.364375	16.250892	10.857240	-1	###FLOW###
4	40	17	0	0	0	422.999822	350.364375	16.250892	10.857240	-1	###LINE###
5	40	17	0	0	0	423.00	350.36	16.25	10.86	100	713
3	40	18	0	0	0	530.999747	350.364375	16.250892	10.857240	-1	###FLOW###
4	40	18	0	0	0	530.999747	350.364375	16.250892	10.857240	-1	###LINE###
5	40	18	0	0	0	531.00	350.36	16.25	10.86	100	482
3	40	19	0	0	0	244.799901	365.724365	28.458546	10.857240	-1	###FLOW###
4	40	19	0	0	0	244.799901	365.724365	28.458546	10.857240	-1	###LINE###
5	40	19	0	0	0	244.80	365.72	28.46	10.86	100	Powell
3	40	20	0	0	0	414.839804	365.724365	24.366595	10.857240	-1	###FLOW###
4	40	20	0	0	0	414.839804	365.724365	24.366595	10.857240	-1	###LINE###
5	40	20	0	0	0	414.84	365.72	24.37	10.86	100	1,472
3	40	21	0	0	0	530.999747	365.724365	16.250892	10.857240	-1	###FLOW###
4	40	21	0	0	0	530.999747	365.724365	16.250892	10.857240	-1	###LINE###
5	40	21	0	0	0	531.00	365.72	16.25	10.86	100	460
3	40	22	0	0	0	244.799901	381.444374	52.367233	10.857240	-1	###FLOW###
4	40	22	0	0	0	244.799901	381.444374	52.367233	10.857240	-1	###LINE###
5	40	22	0	0	0	244.80	381.44	23.12	10.86	100	Total
5	40	22	0	0	1	270.66	381.44	26.51	10.86	100	Votes
3	40	23	0	0	0	414.839804	381.444374	24.366595	10.857240	-1	###FLOW###
4	40	23	0	0	0	414.839804	381.444374	24.366595	10.857240	-1	###LINE###
5	40	23	0	0	0	414.84	381.44	24.37	10.86	100	2,881
3	40	24	0	0	0	522.839760	381.444374	24.366595	10.857240	-1	###FLOW###
4	40	24	0	0	0	522.839760	381.444374	24.366595	10.857240	-1	###LINE###
5	40	24	0	0	0	522.84	381.44	24.37	10.86	100	2,783
1	41	0	0	0	0	0.000000	0.000000	792.000000	612.000000	-1	###PAGE###
3	41	0	0	0	0	35.999984	54.115290	161.717484	13.404001	-1	###FLOW###
4	41	0	0	0	0	35.999984	54.115290	161.717484	13.404001	-1	###LINE###
5	41	0	0	0	0	36.00	54.12	89.61	13.40	100	Commonwealth
5	41	0	0	0	1	128.96	54.12	11.34	13.40	100	of
5	41	0	0	0	2	143.60	54.12	54.11	13.40	100	Kentucky
3	41	1	0	0	0	289.919866	54.115290	212.006871	13.404001	-1	###FLOW###
4	41	1	0	0	0	289.919866	54.115290	212.006871	13.404001	-1	###LINE###
5	41	1	0	0	0	289.92	54.12	44.08	13.40	100	Michael
5	41	1	0	0	1	337.41	54.12	12.68	13.40	100	G.
5	41	1	0	0	2	353.49	54.12	43.05	13.40	100	Adams,
5	41	1	0	0	3	399.93	54.12	54.93	13.40	100	Secretary
5	41	1	0	0	4	457.88	54.12	11.34	13.40	100	of
5	41	1	0	0	5	472.53	54.12	29.40	13.40	100	State
3	41	2	0	0	0	584.279730	54.115290	171.664703	13.404001	-1	###FLOW###
4	41	2	0	0	0	584.279730	54.115290	171.664703	13.404001	-1	###LINE###
5	41	2	0	0	0	584.28	54.12	26.75	13.40	100	2026
5	41	2	0	0	1	614.48	54.12	44.77	13.40	100	Primary
5	41	2	0	0	2	662.37	54.12	46.85	13.40	100	Election
5	41	2	0	0	3	712.52	54.12	43.42	13.40	100	Results
3	41	3	0	0	0	316.559858	111.955306	158.854802	41.003991	-1	###FLOW###
4	41	3	0	0	0	336.599852	111.955306	118.765224	13.404001	-1	###LINE###
5	41	3	0	0	0	336.60	111.96	29.40	13.40	100	State
5	41	3	0	0	1	369.33	111.96	86.04	13.40	100	Representative
4	41	3	0	1	0	316.559858	125.755316	158.854802	13.404001	-1	###LINE###
5	41	3	0	1	0	316.56	125.76	24.72	13.40	100	95th
5	41	3	0	1	1	344.61	125.76	86.04	13.40	100	Representative
5	41	3	0	1	2	434.00	125.76	41.41	13.40	100	District
4	41	3	0	2	0	347.039839	139.555296	98.197214	13.404001	-1	###LINE###
5	41	3	0	2	0	347.04	139.56	64.76	13.40	100	Republican
5	41	3	0	2	1	415.17	139.56	30.07	13.40	100	Party
3	41	3	1	0	0	371.999839	164.364412	67.205427	22.017245	-1	###FLOW###
4	41	3	1	0	0	409.439824	164.364412	29.764074	10.857240	-1	###LINE###
5	41	3	1	0	0	409.44	164.36	29.76	10.86	100	Tanner
4	41	3	1	1	0	371.999839	175.524417	67.205427	10.857240	-1	###LINE###
5	41	3	1	1	0	372.00	175.52	67.21	10.86	100	HESTERBERG
3	41	4	0	0	0	495.839794	164.364412	51.382005	22.017245	-1	###FLOW###
4	41	4	0	0	0	523.439768	164.364412	23.782031	10.857240	-1	###LINE###
5	41	4	0	0	0	523.44	164.36	23.78	10.86	100	Willie
4	41	4	0	1	0	495.839794	175.524417	51.324759	10.857240	-1	###LINE###
5	41	4	0	1	0	495.84	175.52	33.50	10.86	100	CRASE
5	41	4	0	1	1	532.01	175.52	15.15	10.86	100	JR.
3	41	5	0	0	0	244.799901	191.124398	23.528719	10.857240	-1	###FLOW###
4	41	5	0	0	0	244.799901	191.124398	23.528719	10.857240	-1	###LINE###
5	41	5	0	0	0	244.80	191.12	23.53	10.86	100	Floyd
3	41	6	0	0	0	414.839804	191.124398	24.366595	10.857240	-1	###FLOW###
4	41	6	0	0	0	414.839804	191.124398	24.366595	10.857240	-1	###LINE###
5	41	6	0	0	0	414.84	191.12	24.37	10.86	100	1,378
3	41	7	0	0	0	530.999747	191.124398	16.250892	10.857240	-1	###FLOW###
4	41	7	0	0	0	530.999747	191.124398	16.250892	10.857240	-1	###LINE###
5	41	7	0	0	0	531.00	191.12	16.25	10.86	100	816
3	41	8	0	0	0	244.799901	206.604415	18.939888	10.857240	-1	###FLOW###
4	41	8	0	0	0	244.799901	206.604415	18.939888	10.857240	-1	###LINE###
5	41	8	0	0	0	244.80	206.60	18.94	10.86	100	Pike
3	41	9	0	0	0	422.999822	206.604415	16.250892	10.857240	-1	###FLOW###
4	41	9	0	0	0	422.999822	206.604415	16.250892	10.857240	-1	###LINE###
5	41	9	0	0	0	423.00	206.60	16.25	10.86	100	781
3	41	10	0	0	0	530.999747	206.604415	16.250892	10.857240	-1	###FLOW###
4	41	10	0	0	0	530.999747	206.604415	16.250892	10.857240	-1	###LINE###
5	41	10	0	0	0	531.00	206.60	16.25	10.86	100	276
3	41	11	0	0	0	414.839804	222.324393	24.366595	10.857240	-1	###FLOW###
4	41	11	0	0	0	414.839804	222.324393	24.366595	10.857240	-1	###LINE###
5	41	11	0	0	0	414.84	222.32	24.37	10.86	100	2,159
3	41	12	0	0	0	522.839760	222.324393	24.366595	10.857240	-1	###FLOW###
4	41	12	0	0	0	522.839760	222.324393	24.366595	10.857240	-1	###LINE###
5	41	12	0	0	0	522.84	222.32	24.37	10.86	100	1,092
3	41	13	0	0	0	244.799901	222.324393	52.367233	10.857240	-1	###FLOW###
4	41	13	0	0	0	244.799901	222.324393	52.367233	10.857240	-1	###LINE###
5	41	13	0	0	0	244.80	222.32	23.12	10.86	100	Total
5	41	13	0	0	1	270.66	222.32	26.51	10.86	100	Votes
1	42	0	0	0	0	0.000000	0.000000	792.000000	612.000000	-1	###PAGE###
3	42	0	0	0	0	270.479880	216.146188	251.100141	32.390776	-1	###FLOW###
4	42	0	0	0	0	299.759876	216.146188	192.558297	15.950760	-1	###LINE###
5	42	0	0	0	0	299.76	216.15	106.69	15.95	100	Commonwealth
5	42	0	0	0	1	410.40	216.15	13.50	15.95	100	of
5	42	0	0	0	2	427.92	216.15	64.40	15.95	100	Kentucky
4	42	0	0	1	0	270.479880	232.586204	251.100141	15.950760	-1	###LINE###
5	42	0	0	1	0	270.48	232.59	52.29	15.95	100	Michael
5	42	0	0	1	1	326.63	232.59	15.09	15.95	100	G.
5	42	0	0	1	2	345.60	232.59	51.06	15.95	100	Adams,
5	42	0	0	1	3	400.56	232.59	64.88	15.95	100	Secretary
5	42	0	0	1	4	469.19	232.59	13.50	15.95	100	of
5	42	0	0	1	5	486.60	232.59	34.98	15.95	100	State
3	42	0	1	0	0	267.959877	281.906191	256.152775	32.390746	-1	###FLOW###
4	42	0	1	0	0	352.439851	281.906191	87.154350	15.950760	-1	###LINE###
5	42	0	1	0	0	352.44	281.91	27.84	15.95	100	May
5	42	0	1	0	1	384.00	281.91	19.88	15.95	100	19,
5	42	0	1	0	2	407.76	281.91	31.83	15.95	100	2026
4	42	0	1	1	0	267.959877	298.346177	256.152775	15.950760	-1	###LINE###
5	42	0	1	1	0	267.96	298.35	48.47	15.95	100	Official
5	42	0	1	1	1	320.40	298.35	31.83	15.95	100	2026
5	42	0	1	1	2	356.04	298.35	53.12	15.95	100	Primary
5	42	0	1	1	3	412.91	298.35	55.61	15.95	100	Election
5	42	0	1	1	4	472.44	298.35	51.67	15.95	100	Results
3	42	0	2	0	0	341.879862	347.666194	108.051928	32.390746	-1	###FLOW###
4	42	0	2	0	0	341.879862	347.666194	108.051928	15.950760	-1	###LINE###
5	42	0	2	0	0	341.88	347.67	23.03	15.95	100	For
5	42	0	2	0	1	368.87	347.67	21.46	15.95	100	the
5	42	0	2	0	2	394.32	347.67	38.15	15.95	100	office
5	42	0	2	0	3	436.43	347.67	13.50	15.95	100	of
4	42	0	2	1	0	348.359857	364.106180	95.270053	15.950760	-1	###LINE###
5	42	0	2	1	0	348.36	364.11	49.28	15.95	100	District
5	42	0	2	1	1	401.52	364.11	42.11	15.95	100	Judge
1	43	0	0	0	0	0.000000	0.000000	792.000000	612.000000	-1	###PAGE###
3	43	0	0	0	0	35.999984	54.115290	161.717484	13.404001	-1	###FLOW###
4	43	0	0	0	0	35.999984	54.115290	161.717484	13.404001	-1	###LINE###
5	43	0	0	0	0	36.00	54.12	89.61	13.40	100	Commonwealth
5	43	0	0	0	1	128.96	54.12	11.34	13.40	100	of
5	43	0	0	0	2	143.60	54.12	54.11	13.40	100	Kentucky
3	43	1	0	0	0	289.919866	54.115290	212.006871	13.404001	-1	###FLOW###
4	43	1	0	0	0	289.919866	54.115290	212.006871	13.404001	-1	###LINE###
5	43	1	0	0	0	289.92	54.12	44.08	13.40	100	Michael
5	43	1	0	0	1	337.41	54.12	12.68	13.40	100	G.
5	43	1	0	0	2	353.49	54.12	43.05	13.40	100	Adams,
5	43	1	0	0	3	399.93	54.12	54.93	13.40	100	Secretary
5	43	1	0	0	4	457.88	54.12	11.34	13.40	100	of
5	43	1	0	0	5	472.53	54.12	29.40	13.40	100	State
3	43	2	0	0	0	584.279730	54.115290	171.664703	13.404001	-1	###FLOW###
4	43	2	0	0	0	584.279730	54.115290	171.664703	13.404001	-1	###LINE###
5	43	2	0	0	0	584.28	54.12	26.75	13.40	100	2026
5	43	2	0	0	1	614.48	54.12	44.77	13.40	100	Primary
5	43	2	0	0	2	662.37	54.12	46.85	13.40	100	Election
5	43	2	0	0	3	712.52	54.12	43.42	13.40	100	Results
3	43	3	0	0	0	340.439842	111.955306	110.983059	54.804002	-1	###FLOW###
4	43	3	0	0	0	355.919837	111.955306	80.106987	13.404001	-1	###LINE###
5	43	3	0	0	0	355.92	111.96	41.41	13.40	100	District
5	43	3	0	0	1	400.64	111.96	35.39	13.40	100	Judge
4	43	3	0	1	0	340.439842	125.755316	110.983059	13.404001	-1	###LINE###
5	43	3	0	1	0	340.44	125.76	18.03	13.40	100	6th
5	43	3	0	1	1	361.77	125.76	44.85	13.40	100	Judicial
5	43	3	0	1	2	410.01	125.76	41.41	13.40	100	District
4	43	3	0	2	0	362.279831	139.555296	67.261002	13.404001	-1	###LINE###
5	43	3	0	2	0	362.28	139.56	17.38	13.40	100	1st
5	43	3	0	2	1	383.00	139.56	46.54	13.40	100	Division
4	43	3	0	3	0	360.959844	153.355306	70.111656	13.404001	-1	###LINE###
5	43	3	0	3	0	360.96	153.36	70.11	13.40	100	Nonpartisan
3	43	3	1	0	0	312.719867	178.164392	32.959693	22.017244	-1	###FLOW###
4	43	3	1	0	0	316.199853	178.164392	29.315908	10.857240	-1	###LINE###
5	43	3	1	0	0	316.20	178.16	7.57	10.86	100	J.
5	43	3	1	0	1	326.58	178.16	18.94	10.86	100	Nick
4	43	3	1	1	0	312.719867	189.324396	32.959693	10.857240	-1	###LINE###
5	43	3	1	1	0	312.72	189.32	32.96	10.86	100	PAYNE
3	43	4	0	0	0	397.199812	178.164392	42.088641	22.017244	-1	###FLOW###
4	43	4	0	0	0	415.439812	178.164392	23.830744	10.857240	-1	###LINE###
5	43	4	0	0	0	415.44	178.16	23.83	10.86	100	Lelah
4	43	4	0	1	0	397.199812	189.324396	42.088641	10.857240	-1	###LINE###
5	43	4	0	1	0	397.20	189.32	42.09	10.86	100	ROGERS
3	43	5	0	0	0	486.119786	178.164392	46.864372	22.017244	-1	###FLOW###
4	43	5	0	0	0	486.119786	178.164392	46.716443	10.857240	-1	###LINE###
5	43	5	0	0	0	486.12	178.16	12.30	10.86	100	W.
5	43	5	0	0	1	501.17	178.16	31.66	10.86	100	Russell
4	43	5	0	1	0	506.639786	189.324396	26.344372	10.857240	-1	###LINE###
5	43	5	0	1	0	506.64	189.32	26.34	10.86	100	DUTY
3	43	6	0	0	0	570.479728	178.164392	56.127931	22.017244	-1	###FLOW###
4	43	6	0	0	0	582.119763	178.164392	44.222301	10.857240	-1	###LINE###
5	43	6	0	0	0	582.12	178.16	31.90	10.86	100	William
5	43	6	0	0	1	616.61	178.16	9.73	10.86	100	C.
4	43	6	0	1	0	570.479728	189.324396	56.127931	10.857240	-1	###LINE###
5	43	6	0	1	0	570.48	189.32	56.13	10.86	100	MATTINGLY
3	43	7	0	0	0	165.599921	204.924408	34.547759	10.857240	-1	###FLOW###
4	43	7	0	0	0	165.599921	204.924408	34.547759	10.857240	-1	###LINE###
5	43	7	0	0	0	165.60	204.92	34.55	10.86	100	Daviess
3	43	8	0	0	0	321.239860	204.924408	24.366595	10.857240	-1	###FLOW###
4	43	8	0	0	0	321.239860	204.924408	24.366595	10.857240	-1	###LINE###
5	43	8	0	0	0	321.24	204.92	24.37	10.86	100	4,568
3	43	9	0	0	0	414.839804	204.924408	24.366595	10.857240	-1	###FLOW###
4	43	9	0	0	0	414.839804	204.924408	24.366595	10.857240	-1	###LINE###
5	43	9	0	0	0	414.84	204.92	24.37	10.86	100	4,458
3	43	10	0	0	0	508.439780	204.924408	24.366595	10.857240	-1	###FLOW###
4	43	10	0	0	0	508.439780	204.924408	24.366595	10.857240	-1	###LINE###
5	43	10	0	0	0	508.44	204.92	24.37	10.86	100	2,889
3	43	11	0	0	0	602.039725	204.924408	24.366595	10.857240	-1	###FLOW###
4	43	11	0	0	0	602.039725	204.924408	24.366595	10.857240	-1	###LINE###
5	43	11	0	0	0	602.04	204.92	24.37	10.86	100	2,540
3	43	12	0	0	0	165.599921	220.644417	52.367233	10.857240	-1	###FLOW###
4	43	12	0	0	0	165.599921	220.644417	52.367233	10.857240	-1	###LINE###
5	43	12	0	0	0	165.60	220.64	23.12	10.86	100	Total
5	43	12	0	0	1	191.46	220.64	26.51	10.86	100	Votes
3	43	13	0	0	0	321.239860	220.644417	24.366595	10.857240	-1	###FLOW###
4	43	13	0	0	0	321.239860	220.644417	24.366595	10.857240	-1	###LINE###
5	43	13	0	0	0	321.24	220.64	24.37	10.86	100	4,568
3	43	14	0	0	0	414.839804	220.644417	24.366595	10.857240	-1	###FLOW###
4	43	14	0	0	0	414.839804	220.644417	24.366595	10.857240	-1	###LINE###
5	43	14	0	0	0	414.84	220.64	24.37	10.86	100	4,458
3	43	15	0	0	0	508.439780	220.644417	24.366595	10.857240	-1	###FLOW###
4	43	15	0	0	0	508.439780	220.644417	24.366595	10.857240	-1	###LINE###
5	43	15	0	0	0	508.44	220.64	24.37	10.86	100	2,889
3	43	16	0	0	0	602.039725	220.644417	24.366595	10.857240	-1	###FLOW###
4	43	16	0	0	0	602.039725	220.644417	24.366595	10.857240	-1	###LINE###
5	43	16	0	0	0	602.04	220.64	24.37	10.86	100	2,540
3	43	17	0	0	0	335.399836	269.515261	121.062587	54.804033	-1	###FLOW###
4	43	17	0	0	0	355.919837	269.515261	80.106987	13.404001	-1	###LINE###
5	43	17	0	0	0	355.92	269.52	41.41	13.40	100	District
5	43	17	0	0	1	400.64	269.52	35.39	13.40	100	Judge
4	43	17	0	1	0	335.399836	283.315271	121.062587	13.404001	-1	###LINE###
5	43	17	0	1	0	335.40	283.32	28.05	13.40	100	22nd
5	43	17	0	1	1	366.81	283.32	44.85	13.40	100	Judicial
5	43	17	0	1	2	415.05	283.32	41.41	13.40	100	District
4	43	17	0	2	0	360.359836	297.115281	71.218239	13.404001	-1	###LINE###
5	43	17	0	2	0	360.36	297.12	21.36	13.40	100	2nd
5	43	17	0	2	1	385.04	297.12	46.54	13.40	100	Division
4	43	17	0	3	0	360.959844	310.915292	70.111656	13.404001	-1	###LINE###
5	43	17	0	3	0	360.96	310.92	70.11	13.40	100	Nonpartisan
3	43	17	1	0	0	342.719842	335.724377	42.575778	22.017275	-1	###FLOW###
4	43	17	1	0	0	346.319830	335.724377	38.893022	10.857240	-1	###LINE###
5	43	17	1	0	0	346.32	335.72	38.89	10.86	100	Shannon
4	43	17	1	1	0	342.719842	346.884412	42.575778	10.857240	-1	###LINE###
5	43	17	1	1	0	342.72	346.88	42.58	10.86	100	BROOKS
3	43	18	0	0	0	455.759805	335.724377	37.811578	22.017275	-1	###FLOW###
4	43	18	0	0	0	474.239779	335.724377	18.939888	10.857240	-1	###LINE###
5	43	18	0	0	0	474.24	335.72	18.94	10.86	100	Alex
4	43	18	0	1	0	455.759805	346.884412	37.811578	10.857240	-1	###LINE###
5	43	18	0	1	0	455.76	346.88	37.81	10.86	100	GARCIA
3	43	19	0	0	0	560.639718	335.724377	40.568773	22.017275	-1	###FLOW###
4	43	19	0	0	0	564.959715	335.724377	36.174797	10.857240	-1	###LINE###
5	43	19	0	0	0	564.96	335.72	25.33	10.86	100	Aaron
5	43	19	0	0	1	592.74	335.72	8.40	10.86	100	F.
4	43	19	0	1	0	560.639718	346.884412	40.568773	10.857240	-1	###LINE###
5	43	19	0	1	0	560.64	346.88	40.57	10.86	100	FALLAHI
3	43	20	0	0	0	190.799908	362.484379	32.287444	10.857240	-1	###FLOW###
4	43	20	0	0	0	190.799908	362.484379	32.287444	10.857240	-1	###LINE###
5	43	20	0	0	0	190.80	362.48	32.29	10.86	100	Fayette
3	43	21	0	0	0	355.439831	362.484379	29.783559	10.857240	-1	###FLOW###
4	43	21	0	0	0	355.439831	362.484379	29.783559	10.857240	-1	###LINE###
5	43	21	0	0	0	355.44	362.48	29.78	10.86	100	27,793
3	43	22	0	0	0	463.439786	362.484379	29.783559	10.857240	-1	###FLOW###
4	43	22	0	0	0	463.439786	362.484379	29.783559	10.857240	-1	###LINE###
5	43	22	0	0	0	463.44	362.48	29.78	10.86	100	18,350
3	43	23	0	0	0	576.839753	362.484379	24.366595	10.857240	-1	###FLOW###
4	43	23	0	0	0	576.839753	362.484379	24.366595	10.857240	-1	###LINE###
5	43	23	0	0	0	576.84	362.48	24.37	10.86	100	3,123
3	43	24	0	0	0	190.799908	378.204388	52.367233	10.857240	-1	###FLOW###
4	43	24	0	0	0	190.799908	378.204388	52.367233	10.857240	-1	###LINE###
5	43	24	0	0	0	190.80	378.20	23.12	10.86	100	Total
5	43	24	0	0	1	216.66	378.20	26.51	10.86	100	Votes
3	43	25	0	0	0	355.439831	378.204388	29.783559	10.857240	-1	###FLOW###
4	43	25	0	0	0	355.439831	378.204388	29.783559	10.857240	-1	###LINE###
5	43	25	0	0	0	355.44	378.20	29.78	10.86	100	27,793
3	43	26	0	0	0	463.439786	378.204388	29.783559	10.857240	-1	###FLOW###
4	43	26	0	0	0	463.439786	378.204388	29.783559	10.857240	-1	###LINE###
5	43	26	0	0	0	463.44	378.20	29.78	10.86	100	18,350
3	43	27	0	0	0	576.839753	378.204388	24.366595	10.857240	-1	###FLOW###
4	43	27	0	0	0	576.839753	378.204388	24.366595	10.857240	-1	###LINE###
5	43	27	0	0	0	576.84	378.20	24.37	10.86	100	3,123
1	44	0	0	0	0	0.000000	0.000000	792.000000	612.000000	-1	###PAGE###
3	44	0	0	0	0	35.999984	54.115290	161.717484	13.404001	-1	###FLOW###
4	44	0	0	0	0	35.999984	54.115290	161.717484	13.404001	-1	###LINE###
5	44	0	0	0	0	36.00	54.12	89.61	13.40	100	Commonwealth
5	44	0	0	0	1	128.96	54.12	11.34	13.40	100	of
5	44	0	0	0	2	143.60	54.12	54.11	13.40	100	Kentucky
3	44	1	0	0	0	289.919866	54.115290	212.006871	13.404001	-1	###FLOW###
4	44	1	0	0	0	289.919866	54.115290	212.006871	13.404001	-1	###LINE###
5	44	1	0	0	0	289.92	54.12	44.08	13.40	100	Michael
5	44	1	0	0	1	337.41	54.12	12.68	13.40	100	G.
5	44	1	0	0	2	353.49	54.12	43.05	13.40	100	Adams,
5	44	1	0	0	3	399.93	54.12	54.93	13.40	100	Secretary
5	44	1	0	0	4	457.88	54.12	11.34	13.40	100	of
5	44	1	0	0	5	472.53	54.12	29.40	13.40	100	State
3	44	2	0	0	0	584.279730	54.115290	171.664703	13.404001	-1	###FLOW###
4	44	2	0	0	0	584.279730	54.115290	171.664703	13.404001	-1	###LINE###
5	44	2	0	0	0	584.28	54.12	26.75	13.40	100	2026
5	44	2	0	0	1	614.48	54.12	44.77	13.40	100	Primary
5	44	2	0	0	2	662.37	54.12	46.85	13.40	100	Election
5	44	2	0	0	3	712.52	54.12	43.42	13.40	100	Results
3	44	3	0	0	0	337.079859	111.955306	117.694725	54.804002	-1	###FLOW###
4	44	3	0	0	0	355.919837	111.955306	80.106987	13.404001	-1	###LINE###
5	44	3	0	0	0	355.92	111.96	41.41	13.40	100	District
5	44	3	0	0	1	400.64	111.96	35.39	13.40	100	Judge
4	44	3	0	1	0	337.079859	125.755316	117.694725	13.404001	-1	###LINE###
5	44	3	0	1	0	337.08	125.76	24.72	13.40	100	40th
5	44	3	0	1	1	365.13	125.76	44.88	13.40	100	Judicial
5	44	3	0	1	2	413.36	125.76	41.41	13.40	100	District
4	44	3	0	2	0	360.359836	139.555296	71.218239	13.404001	-1	###LINE###
5	44	3	0	2	0	360.36	139.56	21.36	13.40	100	2nd
5	44	3	0	2	1	385.04	139.56	46.54	13.40	100	Division
4	44	3	0	3	0	360.959844	153.355306	70.111656	13.404001	-1	###LINE###
5	44	3	0	3	0	360.96	153.36	70.11	13.40	100	Nonpartisan
3	44	3	1	0	0	319.799870	178.164392	65.480962	22.017244	-1	###FLOW###
4	44	3	1	0	0	319.799870	178.164392	65.480962	10.857240	-1	###LINE###
5	44	3	1	0	0	319.80	178.16	30.86	10.86	100	Athena
5	44	3	1	0	1	353.33	178.16	31.95	10.86	100	Cooper
4	44	3	1	1	0	328.439865	189.324396	56.702752	10.857240	-1	###LINE###
5	44	3	1	1	0	328.44	189.32	56.70	10.86	100	BRADSHAW
3	44	4	0	0	0	446.879808	178.164392	46.404675	22.017244	-1	###FLOW###
4	44	4	0	0	0	474.839786	178.164392	18.433266	10.857240	-1	###LINE###
5	44	4	0	0	0	474.84	178.16	18.43	10.86	100	Tom
4	44	4	0	1	0	446.879808	189.324396	46.404675	10.857240	-1	###LINE###
5	44	4	0	1	0	446.88	189.32	46.40	10.86	100	SIMMONS
3	44	5	0	0	0	528.599777	178.164392	72.650856	22.017244	-1	###FLOW###
4	44	5	0	0	0	584.999740	178.164392	16.250892	10.857240	-1	###LINE###
5	44	5	0	0	0	585.00	178.16	16.25	10.86	100	Lee
4	44	5	0	1	0	528.599777	189.324396	72.602906	10.857240	-1	###LINE###
5	44	5	0	1	0	528.60	189.32	72.60	10.86	100	WHITTENBURG
3	44	6	0	0	0	190.799908	204.924408	30.212240	10.857240	-1	###FLOW###
4	44	6	0	0	0	190.799908	204.924408	30.212240	10.857240	-1	###LINE###
5	44	6	0	0	0	190.80	204.92	30.21	10.86	100	Clinton
3	44	7	0	0	0	360.839842	204.924408	24.366595	10.857240	-1	###FLOW###
4	44	7	0	0	0	360.839842	204.924408	24.366595	10.857240	-1	###LINE###
5	44	7	0	0	0	360.84	204.92	24.37	10.86	100	1,048
3	44	8	0	0	0	468.839797	204.924408	24.366595	10.857240	-1	###FLOW###
4	44	8	0	0	0	468.839797	204.924408	24.366595	10.857240	-1	###LINE###
5	44	8	0	0	0	468.84	204.92	24.37	10.86	100	1,564
3	44	9	0	0	0	584.999740	204.924408	16.250892	10.857240	-1	###FLOW###
4	44	9	0	0	0	584.999740	204.924408	16.250892	10.857240	-1	###LINE###
5	44	9	0	0	0	585.00	204.92	16.25	10.86	100	479
3	44	10	0	0	0	190.799908	220.404394	31.936705	10.857240	-1	###FLOW###
4	44	10	0	0	0	190.799908	220.404394	31.936705	10.857240	-1	###LINE###
5	44	10	0	0	0	190.80	220.40	31.94	10.86	100	Russell
3	44	11	0	0	0	360.839842	220.404394	24.366595	10.857240	-1	###FLOW###
4	44	11	0	0	0	360.839842	220.404394	24.366595	10.857240	-1	###LINE###
5	44	11	0	0	0	360.84	220.40	24.37	10.86	100	4,604
3	44	12	0	0	0	476.999785	220.404394	16.250892	10.857240	-1	###FLOW###
4	44	12	0	0	0	476.999785	220.404394	16.250892	10.857240	-1	###LINE###
5	44	12	0	0	0	477.00	220.40	16.25	10.86	100	512
3	44	13	0	0	0	584.999740	220.404394	16.250892	10.857240	-1	###FLOW###
4	44	13	0	0	0	584.999740	220.404394	16.250892	10.857240	-1	###LINE###
5	44	13	0	0	0	585.00	220.40	16.25	10.86	100	301
3	44	14	0	0	0	190.799908	235.764415	30.631178	10.857240	-1	###FLOW###
4	44	14	0	0	0	190.799908	235.764415	30.631178	10.857240	-1	###LINE###
5	44	14	0	0	0	190.80	235.76	30.63	10.86	100	Wayne
3	44	15	0	0	0	360.839842	235.764415	24.366595	10.857240	-1	###FLOW###
4	44	15	0	0	0	360.839842	235.764415	24.366595	10.857240	-1	###LINE###
5	44	15	0	0	0	360.84	235.76	24.37	10.86	100	1,323
3	44	16	0	0	0	468.839797	235.764415	24.366595	10.857240	-1	###FLOW###
4	44	16	0	0	0	468.839797	235.764415	24.366595	10.857240	-1	###LINE###
5	44	16	0	0	0	468.84	235.76	24.37	10.86	100	2,220
3	44	17	0	0	0	584.999740	235.764415	16.250892	10.857240	-1	###FLOW###
4	44	17	0	0	0	584.999740	235.764415	16.250892	10.857240	-1	###LINE###
5	44	17	0	0	0	585.00	235.76	16.25	10.86	100	959
3	44	18	0	0	0	190.799908	251.484394	52.367233	10.857240	-1	###FLOW###
4	44	18	0	0	0	190.799908	251.484394	52.367233	10.857240	-1	###LINE###
5	44	18	0	0	0	190.80	251.48	23.12	10.86	100	Total
5	44	18	0	0	1	216.66	251.48	26.51	10.86	100	Votes
3	44	19	0	0	0	360.839842	251.484394	24.366595	10.857240	-1	###FLOW###
4	44	19	0	0	0	360.839842	251.484394	24.366595	10.857240	-1	###LINE###
5	44	19	0	0	0	360.84	251.48	24.37	10.86	100	6,975
3	44	20	0	0	0	468.839797	251.484394	24.366595	10.857240	-1	###FLOW###
4	44	20	0	0	0	468.839797	251.484394	24.366595	10.857240	-1	###LINE###
5	44	20	0	0	0	468.84	251.48	24.37	10.86	100	4,296
3	44	21	0	0	0	576.839753	251.484394	24.366595	10.857240	-1	###FLOW###
4	44	21	0	0	0	576.839753	251.484394	24.366595	10.857240	-1	###LINE###
5	44	21	0	0	0	576.84	251.48	24.37	10.86	100	1,739
