level	page_num	par_num	block_num	line_num	word_num	left	top	width	height	conf	text
1	1	0	0	0	0	0.000000	0.000000	792.000000	612.000000	-1	###PAGE###
3	1	0	0	0	0	270.479967	216.146188	251.051264	32.390776	-1	###FLOW###
4	1	0	0	0	0	299.759939	216.146188	192.474066	15.950760	-1	###LINE###
5	1	0	0	0	0	299.76	216.15	106.66	15.95	100	Commonwealth
5	1	0	0	0	1	410.39	216.15	13.48	15.95	100	of
5	1	0	0	0	2	427.91	216.15	64.32	15.95	100	Kentucky
4	1	0	0	1	0	270.479967	232.586204	251.051264	15.950760	-1	###LINE###
5	1	0	0	1	0	270.48	232.59	52.24	15.95	100	Michael
5	1	0	0	1	1	326.63	232.59	15.07	15.95	100	G.
5	1	0	0	1	2	345.60	232.59	51.00	15.95	100	Adams,
5	1	0	0	1	3	400.56	232.59	64.83	15.95	100	Secretary
5	1	0	0	1	4	469.19	232.59	13.48	15.95	100	of
5	1	0	0	1	5	486.59	232.59	34.94	15.95	100	State
3	1	0	1	0	0	267.959970	281.906191	256.084014	32.390746	-1	###FLOW###
4	1	0	1	0	0	352.439952	281.906191	87.115175	15.950760	-1	###LINE###
5	1	0	1	0	0	352.44	281.91	27.81	15.95	100	May
5	1	0	1	0	1	383.99	281.91	19.86	15.95	100	21,
5	1	0	1	0	2	407.76	281.91	31.80	15.95	100	2024
4	1	0	1	1	0	267.959970	298.346177	256.084014	15.950760	-1	###LINE###
5	1	0	1	1	0	267.96	298.35	48.41	15.95	100	Official
5	1	0	1	1	1	320.39	298.35	31.80	15.95	100	2024
5	1	0	1	1	2	356.03	298.35	53.07	15.95	100	Primary
5	1	0	1	1	3	412.91	298.35	55.55	15.95	100	Election
5	1	0	1	1	4	472.43	298.35	51.61	15.95	100	Results
3	1	0	2	0	0	294.359941	347.666194	203.325932	32.390746	-1	###FLOW###
4	1	0	2	0	0	341.879938	347.666194	108.032539	15.950760	-1	###LINE###
5	1	0	2	0	0	341.88	347.67	23.00	15.95	100	For
5	1	0	2	0	1	368.87	347.67	21.43	15.95	100	the
5	1	0	2	0	2	394.31	347.67	38.10	15.95	100	office
5	1	0	2	0	3	436.43	347.67	13.48	15.95	100	of
4	1	0	2	1	0	294.359941	364.106180	203.325932	15.950760	-1	###LINE###
5	1	0	2	1	0	294.36	364.11	64.95	15.95	100	President
5	1	0	2	1	1	363.36	364.11	13.48	15.95	100	of
5	1	0	2	1	2	380.87	364.11	21.43	15.95	100	the
5	1	0	2	1	3	406.31	364.11	44.44	15.95	100	United
5	1	0	2	1	4	454.79	364.11	42.89	15.95	100	States
1	2	0	0	0	0	0.000000	0.000000	792.000000	612.000000	-1	###PAGE###
3	2	0	0	0	0	35.999994	54.115290	161.658823	13.404001	-1	###FLOW###
4	2	0	0	0	0	35.999994	54.115290	161.658823	13.404001	-1	###LINE###
5	2	0	0	0	0	36.00	54.12	89.57	13.40	100	Commonwealth
5	2	0	0	0	1	128.96	54.12	11.33	13.40	100	of
5	2	0	0	0	2	143.60	54.12	54.05	13.40	100	Kentucky
3	2	1	0	0	0	289.919964	54.115290	211.964694	13.404001	-1	###FLOW###
4	2	1	0	0	0	289.919964	54.115290	211.964694	13.404001	-1	###LINE###
5	2	1	0	0	0	289.92	54.12	44.03	13.40	100	Michael
5	2	1	0	0	1	337.40	54.12	12.66	13.40	100	G.
5	2	1	0	0	2	353.48	54.12	43.01	13.40	100	Adams,
5	2	1	0	0	3	399.93	54.12	54.90	13.40	100	Secretary
5	2	1	0	0	4	457.89	54.12	11.33	13.40	100	of
5	2	1	0	0	5	472.52	54.12	29.36	13.40	100	State
3	2	2	0	0	0	584.279905	54.115290	171.619073	13.404001	-1	###FLOW###
4	2	2	0	0	0	584.279905	54.115290	171.619073	13.404001	-1	###LINE###
5	2	2	0	0	0	584.28	54.12	26.72	13.40	100	2024
5	2	2	0	0	1	614.49	54.12	44.86	13.40	100	Primary
5	2	2	0	0	2	662.36	54.12	46.82	13.40	100	Election
5	2	2	0	0	3	712.53	54.12	43.37	13.40	100	Results
3	2	3	0	0	0	310.439942	111.955306	170.886172	27.204012	-1	###FLOW###
4	2	3	0	0	0	310.439942	111.955306	170.886172	13.404001	-1	###LINE###
5	2	3	0	0	0	310.44	111.96	54.82	13.40	100	President
5	2	3	0	0	1	368.60	111.96	11.33	13.40	100	of
5	2	3	0	0	2	383.24	111.96	18.01	13.40	100	the
5	2	3	0	0	3	404.60	111.96	37.34	13.40	100	United
5	2	3	0	0	4	445.28	111.96	36.04	13.40	100	States
4	2	3	0	1	0	347.039954	125.755316	98.280875	13.404001	-1	###LINE###
5	2	3	0	1	0	347.04	125.76	64.81	13.40	100	Republican
5	2	3	0	1	1	415.16	125.76	30.16	13.40	100	Party
3	2	3	1	0	0	214.079969	150.700569	28.090547	7.506241	-1	###FLOW###
4	2	3	1	0	0	214.079969	150.700569	28.090547	7.506241	-1	###LINE###
5	2	3	1	0	0	214.08	150.70	21.02	7.51	100	Donald
5	2	3	1	0	1	236.94	150.70	5.23	7.51	100	J.
3	2	4	0	0	0	207.959964	158.604416	34.314921	10.857240	-1	###FLOW###
4	2	4	0	0	0	207.959964	158.604416	34.314921	10.857240	-1	###LINE###
5	2	4	0	0	0	207.96	158.60	34.31	10.86	100	TRUMP
3	2	5	0	0	0	290.999946	150.700569	23.219276	7.506241	-1	###FLOW###
4	2	5	0	0	0	290.999946	150.700569	23.219276	7.506241	-1	###LINE###
5	2	5	0	0	0	291.00	150.70	14.57	7.51	100	Nikki
5	2	5	0	0	1	307.50	150.70	6.72	7.51	100	R.
3	2	6	0	0	0	446.039930	150.700569	12.258917	7.506241	-1	###FLOW###
4	2	6	0	0	0	446.039930	150.700569	12.258917	7.506241	-1	###LINE###
5	2	6	0	0	0	446.04	150.70	12.26	7.51	100	Ron
3	2	7	0	0	0	281.999940	158.604416	104.399444	22.257236	-1	###FLOW###
4	2	7	0	0	0	281.999940	158.604416	104.328570	10.857240	-1	###LINE###
5	2	7	0	0	0	282.00	158.60	32.46	10.86	100	HALEY
5	2	7	0	0	1	316.20	158.60	70.13	10.86	100	"UNCOMMITTE
4	2	7	0	1	0	374.759949	170.004412	11.639434	10.857240	-1	###LINE###
5	2	7	0	1	0	374.76	170.00	11.64	10.86	100	D"
3	2	8	0	0	0	117.719981	185.740592	15.629782	7.506241	-1	###FLOW###
4	2	8	0	0	0	117.719981	185.740592	15.629782	7.506241	-1	###LINE###
5	2	8	0	0	0	117.72	185.74	15.63	7.51	100	Adair
3	2	9	0	0	0	225.479966	185.740592	16.827415	7.506241	-1	###FLOW###
4	2	9	0	0	0	225.479966	185.740592	16.827415	7.506241	-1	###LINE###
5	2	9	0	0	0	225.48	185.74	16.83	7.51	100	1,539
3	2	10	0	0	0	306.839965	185.740592	7.481842	7.506241	-1	###FLOW###
4	2	10	0	0	0	306.839965	185.740592	7.481842	7.506241	-1	###LINE###
5	2	10	0	0	0	306.84	185.74	7.48	7.51	100	40
3	2	11	0	0	0	117.719981	198.100587	14.559987	7.506241	-1	###FLOW###
4	2	11	0	0	0	117.719981	198.100587	14.559987	7.506241	-1	###LINE###
5	2	11	0	0	0	117.72	198.10	14.56	7.51	100	Allen
3	2	12	0	0	0	225.479966	198.100587	16.827415	7.506241	-1	###FLOW###
4	2	12	0	0	0	225.479966	198.100587	16.827415	7.506241	-1	###LINE###
5	2	12	0	0	0	225.48	198.10	16.83	7.51	100	1,252
3	2	13	0	0	0	306.839965	198.100587	7.481842	7.506241	-1	###FLOW###
4	2	13	0	0	0	306.839965	198.100587	7.481842	7.506241	-1	###LINE###
5	2	13	0	0	0	306.84	198.10	7.48	7.51	100	63
3	2	14	0	0	0	117.719981	210.340587	28.723005	7.506241	-1	###FLOW###
4	2	14	0	0	0	117.719981	210.340587	28.723005	7.506241	-1	###LINE###
5	2	14	0	0	0	117.72	210.34	28.72	7.51	100	Anderson
3	2	15	0	0	0	225.479966	210.340587	16.827415	7.506241	-1	###FLOW###
4	2	15	0	0	0	225.479966	210.340587	16.827415	7.506241	-1	###LINE###
5	2	15	0	0	0	225.48	210.34	16.83	7.51	100	2,922
3	2	16	0	0	0	303.119965	210.340587	11.222762	7.506241	-1	###FLOW###
4	2	16	0	0	0	303.119965	210.340587	11.222762	7.506241	-1	###LINE###
5	2	16	0	0	0	303.12	210.34	11.22	7.51	100	149
3	2	17	0	0	0	378.839953	185.740592	7.481842	7.506241	-1	###FLOW###
4	2	17	0	0	0	378.839953	185.740592	7.481842	7.506241	-1	###LINE###
5	2	17	0	0	0	378.84	185.74	7.48	7.51	100	30
3	2	18	0	0	0	410.759943	158.604416	47.453079	10.857240	-1	###FLOW###
4	2	18	0	0	0	410.759943	158.604416	47.453079	10.857240	-1	###LINE###
5	2	18	0	0	0	410.76	158.60	47.45	10.86	100	DeSANTIS
3	2	19	0	0	0	585.839912	150.700569	16.464089	7.506241	-1	###FLOW###
4	2	19	0	0	0	585.839912	150.700569	16.464089	7.506241	-1	###LINE###
5	2	19	0	0	0	585.84	150.70	16.46	7.51	100	Vivek
3	2	20	0	0	0	651.239900	150.700569	22.943417	7.506241	-1	###FLOW###
4	2	20	0	0	0	651.239900	150.700569	22.943417	7.506241	-1	###LINE###
5	2	20	0	0	0	651.24	150.70	15.52	7.51	100	Ryan
5	2	20	0	0	1	668.58	150.70	5.60	7.51	100	L.
3	2	21	0	0	0	485.039947	158.604416	117.426817	10.857240	-1	###FLOW###
4	2	21	0	0	0	485.039947	158.604416	117.426817	10.857240	-1	###LINE###
5	2	21	0	0	0	485.04	158.60	45.23	10.86	100	CHRISTIE
5	2	21	0	0	1	537.36	158.60	65.11	10.86	100	RAMASWAMY
3	2	22	0	0	0	514.559932	150.700569	15.723978	7.506241	-1	###FLOW###
4	2	22	0	0	0	514.559932	150.700569	15.723978	7.506241	-1	###LINE###
5	2	22	0	0	0	514.56	150.70	15.72	7.51	100	Chris
3	2	23	0	0	0	631.919925	158.604416	42.538435	10.857240	-1	###FLOW###
4	2	23	0	0	0	631.919925	158.604416	42.538435	10.857240	-1	###LINE###
5	2	23	0	0	0	631.92	158.60	42.54	10.86	100	BINKLEY
3	2	24	0	0	0	450.839941	185.740592	7.481842	7.506241	-1	###FLOW###
4	2	24	0	0	0	450.839941	185.740592	7.481842	7.506241	-1	###LINE###
5	2	24	0	0	0	450.84	185.74	7.48	7.51	100	29
3	2	25	0	0	0	522.839930	185.740592	7.481842	7.506241	-1	###FLOW###
4	2	25	0	0	0	522.839930	185.740592	7.481842	7.506241	-1	###LINE###
5	2	25	0	0	0	522.84	185.74	7.48	7.51	100	12
3	2	26	0	0	0	598.559887	185.740592	3.740921	7.506241	-1	###FLOW###
4	2	26	0	0	0	598.559887	185.740592	3.740921	7.506241	-1	###LINE###
5	2	26	0	0	0	598.56	185.74	3.74	7.51	100	2
3	2	27	0	0	0	666.839907	185.740592	7.481842	7.506241	-1	###FLOW###
4	2	27	0	0	0	666.839907	185.740592	7.481842	7.506241	-1	###LINE###
5	2	27	0	0	0	666.84	185.74	7.48	7.51	100	10
3	2	28	0	0	0	378.839953	198.100587	7.481842	7.506241	-1	###FLOW###
4	2	28	0	0	0	378.839953	198.100587	7.481842	7.506241	-1	###LINE###
5	2	28	0	0	0	378.84	198.10	7.48	7.51	100	37
3	2	29	0	0	0	450.839941	198.100587	7.481842	7.506241	-1	###FLOW###
4	2	29	0	0	0	450.839941	198.100587	7.481842	7.506241	-1	###LINE###
5	2	29	0	0	0	450.84	198.10	7.48	7.51	100	29
3	2	30	0	0	0	522.839930	198.100587	7.481842	7.506241	-1	###FLOW###
4	2	30	0	0	0	522.839930	198.100587	7.481842	7.506241	-1	###LINE###
5	2	30	0	0	0	522.84	198.10	7.48	7.51	100	19
3	2	31	0	0	0	598.559887	198.100587	3.740921	7.506241	-1	###FLOW###
4	2	31	0	0	0	598.559887	198.100587	3.740921	7.506241	-1	###LINE###
5	2	31	0	0	0	598.56	198.10	3.74	7.51	100	9
3	2	32	0	0	0	670.559876	198.100587	3.740921	7.506241	-1	###FLOW###
4	2	32	0	0	0	670.559876	198.100587	3.740921	7.506241	-1	###LINE###
5	2	32	0	0	0	670.56	198.10	3.74	7.51	100	8
3	2	33	0	0	0	375.119954	210.340587	11.222762	7.506241	-1	###FLOW###
4	2	33	0	0	0	375.119954	210.340587	11.222762	7.506241	-1	###LINE###
5	2	33	0	0	0	375.12	210.34	11.22	7.51	100	136
3	2	34	0	0	0	447.119942	210.340587	11.222762	7.506241	-1	###FLOW###
4	2	34	0	0	0	447.119942	210.340587	11.222762	7.506241	-1	###LINE###
5	2	34	0	0	0	447.12	210.34	11.22	7.51	100	116
3	2	35	0	0	0	522.839930	210.340587	7.481842	7.506241	-1	###FLOW###
4	2	35	0	0	0	522.839930	210.340587	7.481842	7.506241	-1	###LINE###
5	2	35	0	0	0	522.84	210.34	7.48	7.51	100	25
3	2	36	0	0	0	594.839919	210.340587	7.481842	7.506241	-1	###FLOW###
4	2	36	0	0	0	594.839919	210.340587	7.481842	7.506241	-1	###LINE###
5	2	36	0	0	0	594.84	210.34	7.48	7.51	100	23
3	2	37	0	0	0	666.839907	210.340587	7.481842	7.506241	-1	###FLOW###
4	2	37	0	0	0	666.839907	210.340587	7.481842	7.506241	-1	###LINE###
5	2	37	0	0	0	666.84	210.34	7.48	7.51	100	15
3	2	38	0	0	0	117.719981	222.700582	20.521238	7.506241	-1	###FLOW###
4	2	38	0	0	0	117.719981	222.700582	20.521238	7.506241	-1	###LINE###
5	2	38	0	0	0	117.72	222.70	20.52	7.51	100	Ballard
3	2	39	0	0	0	231.119961	222.700582	11.222762	7.506241	-1	###FLOW###
4	2	39	0	0	0	231.119961	222.700582	11.222762	7.506241	-1	###LINE###
5	2	39	0	0	0	231.12	222.70	11.22	7.51	100	293
3	2	40	0	0	0	310.559965	222.700582	3.740921	7.506241	-1	###FLOW###
4	2	40	0	0	0	310.559965	222.700582	3.740921	7.506241	-1	###LINE###
5	2	40	0	0	0	310.56	222.70	3.74	7.51	100	9
3	2	41	0	0	0	382.559953	222.700582	3.740921	7.506241	-1	###FLOW###
4	2	41	0	0	0	382.559953	222.700582	3.740921	7.506241	-1	###LINE###
5	2	41	0	0	0	382.56	222.70	3.74	7.51	100	4
3	2	42	0	0	0	454.559941	222.700582	3.740921	7.506241	-1	###FLOW###
4	2	42	0	0	0	454.559941	222.700582	3.740921	7.506241	-1	###LINE###
5	2	42	0	0	0	454.56	222.70	3.74	7.51	100	6
3	2	43	0	0	0	526.559899	222.700582	3.740921	7.506241	-1	###FLOW###
4	2	43	0	0	0	526.559899	222.700582	3.740921	7.506241	-1	###LINE###
5	2	43	0	0	0	526.56	222.70	3.74	7.51	100	2
3	2	44	0	0	0	598.559887	222.700582	3.740921	7.506241	-1	###FLOW###
4	2	44	0	0	0	598.559887	222.700582	3.740921	7.506241	-1	###LINE###
5	2	44	0	0	0	598.56	222.70	3.74	7.51	100	0
3	2	45	0	0	0	670.559876	222.700582	3.740921	7.506241	-1	###FLOW###
4	2	45	0	0	0	670.559876	222.700582	3.740921	7.506241	-1	###LINE###
5	2	45	0	0	0	670.56	222.70	3.74	7.51	100	1
3	2	46	0	0	0	117.719981	234.940583	20.198281	7.506241	-1	###FLOW###
4	2	46	0	0	0	117.719981	234.940583	20.198281	7.506241	-1	###LINE###
5	2	46	0	0	0	117.72	234.94	20.20	7.51	100	Barren
3	2	47	0	0	0	225.479966	234.940583	16.827415	7.506241	-1	###FLOW###
4	2	47	0	0	0	225.479966	234.940583	16.827415	7.506241	-1	###LINE###
5	2	47	0	0	0	225.48	234.94	16.83	7.51	100	1,953
3	2	48	0	0	0	306.839965	234.940583	7.481842	7.506241	-1	###FLOW###
4	2	48	0	0	0	306.839965	234.940583	7.481842	7.506241	-1	###LINE###
5	2	48	0	0	0	306.84	234.94	7.48	7.51	100	80
3	2	49	0	0	0	378.839953	234.940583	7.481842	7.506241	-1	###FLOW###
4	2	49	0	0	0	378.839953	234.940583	7.481842	7.506241	-1	###LINE###
5	2	49	0	0	0	378.84	234.94	7.48	7.51	100	59
3	2	50	0	0	0	450.839941	234.940583	7.481842	7.506241	-1	###FLOW###
4	2	50	0	0	0	450.839941	234.940583	7.481842	7.506241	-1	###LINE###
5	2	50	0	0	0	450.84	234.94	7.48	7.51	100	61
3	2	51	0	0	0	522.839930	234.940583	7.481842	7.506241	-1	###FLOW###
4	2	51	0	0	0	522.839930	234.940583	7.481842	7.506241	-1	###LINE###
5	2	51	0	0	0	522.84	234.94	7.48	7.51	100	19
3	2	52	0	0	0	598.559887	234.940583	3.740921	7.506241	-1	###FLOW###
4	2	52	0	0	0	598.559887	234.940583	3.740921	7.506241	-1	###LINE###
5	2	52	0	0	0	598.56	234.94	3.74	7.51	100	9
3	2	53	0	0	0	666.839907	234.940583	7.481842	7.506241	-1	###FLOW###
4	2	53	0	0	0	666.839907	234.940583	7.481842	7.506241	-1	###LINE###
5	2	53	0	0	0	666.84	234.94	7.48	7.51	100	11
3	2	53	1	0	0	670.559876	247.300578	3.740921	7.506241	-1	###FLOW###
4	2	53	1	0	0	670.559876	247.300578	3.740921	7.506241	-1	###LINE###
5	2	53	1	0	0	670.56	247.30	3.74	7.51	100	2
3	2	54	0	0	0	117.719981	247.300578	13.759322	7.506241	-1	###FLOW###
4	2	54	0	0	0	117.719981	247.300578	13.759322	7.506241	-1	###LINE###
5	2	54	0	0	0	117.72	247.30	13.76	7.51	100	Bath
3	2	55	0	0	0	231.119961	247.300578	11.222762	7.506241	-1	###FLOW###
4	2	55	0	0	0	231.119961	247.300578	11.222762	7.506241	-1	###LINE###
5	2	55	0	0	0	231.12	247.30	11.22	7.51	100	277
3	2	56	0	0	0	310.559965	247.300578	3.740921	7.506241	-1	###FLOW###
4	2	56	0	0	0	310.559965	247.300578	3.740921	7.506241	-1	###LINE###
5	2	56	0	0	0	310.56	247.30	3.74	7.51	100	7
3	2	57	0	0	0	382.559953	247.300578	3.740921	7.506241	-1	###FLOW###
4	2	57	0	0	0	382.559953	247.300578	3.740921	7.506241	-1	###LINE###
5	2	57	0	0	0	382.56	247.30	3.74	7.51	100	1
3	2	58	0	0	0	450.839941	247.300578	7.481842	7.506241	-1	###FLOW###
4	2	58	0	0	0	450.839941	247.300578	7.481842	7.506241	-1	###LINE###
5	2	58	0	0	0	450.84	247.30	7.48	7.51	100	11
3	2	59	0	0	0	526.559899	247.300578	3.740921	7.506241	-1	###FLOW###
4	2	59	0	0	0	526.559899	247.300578	3.740921	7.506241	-1	###LINE###
5	2	59	0	0	0	526.56	247.30	3.74	7.51	100	1
3	2	60	0	0	0	598.559887	247.300578	3.740921	7.506241	-1	###FLOW###
4	2	60	0	0	0	598.559887	247.300578	3.740921	7.506241	-1	###LINE###
5	2	60	0	0	0	598.56	247.30	3.74	7.51	100	0
3	2	61	0	0	0	117.719981	259.540578	10.967088	7.506241	-1	###FLOW###
4	2	61	0	0	0	117.719981	259.540578	10.967088	7.506241	-1	###LINE###
5	2	61	0	0	0	117.72	259.54	10.97	7.51	100	Bell
3	2	62	0	0	0	225.479966	259.540578	16.827415	7.506241	-1	###FLOW###
4	2	62	0	0	0	225.479966	259.540578	16.827415	7.506241	-1	###LINE###
5	2	62	0	0	0	225.48	259.54	16.83	7.51	100	2,151
3	2	63	0	0	0	306.839965	259.540578	7.481842	7.506241	-1	###FLOW###
4	2	63	0	0	0	306.839965	259.540578	7.481842	7.506241	-1	###LINE###
5	2	63	0	0	0	306.84	259.54	7.48	7.51	100	55
3	2	64	0	0	0	378.839953	259.540578	7.481842	7.506241	-1	###FLOW###
4	2	64	0	0	0	378.839953	259.540578	7.481842	7.506241	-1	###LINE###
5	2	64	0	0	0	378.84	259.54	7.48	7.51	100	58
3	2	65	0	0	0	450.839941	259.540578	7.481842	7.506241	-1	###FLOW###
4	2	65	0	0	0	450.839941	259.540578	7.481842	7.506241	-1	###LINE###
5	2	65	0	0	0	450.84	259.54	7.48	7.51	100	43
3	2	66	0	0	0	522.839930	259.540578	7.481842	7.506241	-1	###FLOW###
4	2	66	0	0	0	522.839930	259.540578	7.481842	7.506241	-1	###LINE###
5	2	66	0	0	0	522.84	259.54	7.48	7.51	100	15
3	2	67	0	0	0	598.559887	259.540578	3.740921	7.506241	-1	###FLOW###
4	2	67	0	0	0	598.559887	259.540578	3.740921	7.506241	-1	###LINE###
5	2	67	0	0	0	598.56	259.54	3.74	7.51	100	4
3	2	68	0	0	0	670.559876	259.540578	3.740921	7.506241	-1	###FLOW###
4	2	68	0	0	0	670.559876	259.540578	3.740921	7.506241	-1	###LINE###
5	2	68	0	0	0	670.56	259.54	3.74	7.51	100	6
3	2	69	0	0	0	117.719981	271.900574	19.377432	7.506241	-1	###FLOW###
4	2	69	0	0	0	117.719981	271.900574	19.377432	7.506241	-1	###LINE###
5	2	69	0	0	0	117.72	271.90	19.38	7.51	100	Boone
3	2	70	0	0	0	225.479966	271.900574	16.827415	7.506241	-1	###FLOW###
4	2	70	0	0	0	225.479966	271.900574	16.827415	7.506241	-1	###LINE###
5	2	70	0	0	0	225.48	271.90	16.83	7.51	100	9,531
3	2	71	0	0	0	303.119965	271.900574	11.222762	7.506241	-1	###FLOW###
4	2	71	0	0	0	303.119965	271.900574	11.222762	7.506241	-1	###LINE###
5	2	71	0	0	0	303.12	271.90	11.22	7.51	100	871
3	2	72	0	0	0	375.119954	271.900574	11.222762	7.506241	-1	###FLOW###
4	2	72	0	0	0	375.119954	271.900574	11.222762	7.506241	-1	###LINE###
5	2	72	0	0	0	375.12	271.90	11.22	7.51	100	470
3	2	73	0	0	0	447.119942	271.900574	11.222762	7.506241	-1	###FLOW###
4	2	73	0	0	0	447.119942	271.900574	11.222762	7.506241	-1	###LINE###
5	2	73	0	0	0	447.12	271.90	11.22	7.51	100	536
3	2	74	0	0	0	519.119900	271.900574	11.222762	7.506241	-1	###FLOW###
4	2	74	0	0	0	519.119900	271.900574	11.222762	7.506241	-1	###LINE###
5	2	74	0	0	0	519.12	271.90	11.22	7.51	100	120
3	2	75	0	0	0	591.119888	271.900574	11.222762	7.506241	-1	###FLOW###
4	2	75	0	0	0	591.119888	271.900574	11.222762	7.506241	-1	###LINE###
5	2	75	0	0	0	591.12	271.90	11.22	7.51	100	118
3	2	76	0	0	0	666.839907	271.900574	7.481842	7.506241	-1	###FLOW###
4	2	76	0	0	0	666.839907	271.900574	7.481842	7.506241	-1	###LINE###
5	2	76	0	0	0	666.84	271.90	7.48	7.51	100	31
3	2	77	0	0	0	117.719981	284.140573	25.358868	7.506241	-1	###FLOW###
4	2	77	0	0	0	117.719981	284.140573	25.358868	7.506241	-1	###LINE###
5	2	77	0	0	0	117.72	284.14	25.36	7.51	100	Bourbon
3	2	78	0	0	0	231.119961	284.140573	11.222762	7.506241	-1	###FLOW###
4	2	78	0	0	0	231.119961	284.140573	11.222762	7.506241	-1	###LINE###
5	2	78	0	0	0	231.12	284.14	11.22	7.51	100	728
3	2	79	0	0	0	306.839965	284.140573	7.481842	7.506241	-1	###FLOW###
4	2	79	0	0	0	306.839965	284.140573	7.481842	7.506241	-1	###LINE###
5	2	79	0	0	0	306.84	284.14	7.48	7.51	100	73
3	2	80	0	0	0	378.839953	284.140573	7.481842	7.506241	-1	###FLOW###
4	2	80	0	0	0	378.839953	284.140573	7.481842	7.506241	-1	###LINE###
5	2	80	0	0	0	378.84	284.14	7.48	7.51	100	45
3	2	81	0	0	0	450.839941	284.140573	7.481842	7.506241	-1	###FLOW###
4	2	81	0	0	0	450.839941	284.140573	7.481842	7.506241	-1	###LINE###
5	2	81	0	0	0	450.84	284.14	7.48	7.51	100	37
3	2	82	0	0	0	522.839930	284.140573	7.481842	7.506241	-1	###FLOW###
4	2	82	0	0	0	522.839930	284.140573	7.481842	7.506241	-1	###LINE###
5	2	82	0	0	0	522.84	284.14	7.48	7.51	100	13
3	2	83	0	0	0	598.559887	284.140573	3.740921	7.506241	-1	###FLOW###
4	2	83	0	0	0	598.559887	284.140573	3.740921	7.506241	-1	###LINE###
5	2	83	0	0	0	598.56	284.14	3.74	7.51	100	7
3	2	84	0	0	0	670.559876	284.140573	3.740921	7.506241	-1	###FLOW###
4	2	84	0	0	0	670.559876	284.140573	3.740921	7.506241	-1	###LINE###
5	2	84	0	0	0	670.56	284.14	3.74	7.51	100	5
3	2	85	0	0	0	117.719981	296.500569	15.138618	7.506241	-1	###FLOW###
4	2	85	0	0	0	117.719981	296.500569	15.138618	7.506241	-1	###LINE###
5	2	85	0	0	0	117.72	296.50	15.14	7.51	100	Boyd
3	2	86	0	0	0	225.479966	296.500569	16.827415	7.506241	-1	###FLOW###
4	2	86	0	0	0	225.479966	296.500569	16.827415	7.506241	-1	###LINE###
5	2	86	0	0	0	225.48	296.50	16.83	7.51	100	2,071
3	2	87	0	0	0	303.119965	296.500569	11.222762	7.506241	-1	###FLOW###
4	2	87	0	0	0	303.119965	296.500569	11.222762	7.506241	-1	###LINE###
5	2	87	0	0	0	303.12	296.50	11.22	7.51	100	130
3	2	88	0	0	0	375.119954	296.500569	11.222762	7.506241	-1	###FLOW###
4	2	88	0	0	0	375.119954	296.500569	11.222762	7.506241	-1	###LINE###
5	2	88	0	0	0	375.12	296.50	11.22	7.51	100	115
3	2	89	0	0	0	450.839941	296.500569	7.481842	7.506241	-1	###FLOW###
4	2	89	0	0	0	450.839941	296.500569	7.481842	7.506241	-1	###LINE###
5	2	89	0	0	0	450.84	296.50	7.48	7.51	100	64
3	2	90	0	0	0	522.839930	296.500569	7.481842	7.506241	-1	###FLOW###
4	2	90	0	0	0	522.839930	296.500569	7.481842	7.506241	-1	###LINE###
5	2	90	0	0	0	522.84	296.50	7.48	7.51	100	23
3	2	91	0	0	0	594.839919	296.500569	7.481842	7.506241	-1	###FLOW###
4	2	91	0	0	0	594.839919	296.500569	7.481842	7.506241	-1	###LINE###
5	2	91	0	0	0	594.84	296.50	7.48	7.51	100	13
3	2	92	0	0	0	670.559876	296.500569	3.740921	7.506241	-1	###FLOW###
4	2	92	0	0	0	670.559876	296.500569	3.740921	7.506241	-1	###LINE###
5	2	92	0	0	0	670.56	296.50	3.74	7.51	100	0
3	2	93	0	0	0	117.719981	308.740569	16.457360	7.506241	-1	###FLOW###
4	2	93	0	0	0	117.719981	308.740569	16.457360	7.506241	-1	###LINE###
5	2	93	0	0	0	117.72	308.74	16.46	7.51	100	Boyle
3	2	94	0	0	0	225.479966	308.740569	16.827415	7.506241	-1	###FLOW###
4	2	94	0	0	0	225.479966	308.740569	16.827415	7.506241	-1	###LINE###
5	2	94	0	0	0	225.48	308.74	16.83	7.51	100	1,255
3	2	95	0	0	0	303.119965	308.740569	11.222762	7.506241	-1	###FLOW###
4	2	95	0	0	0	303.119965	308.740569	11.222762	7.506241	-1	###LINE###
5	2	95	0	0	0	303.12	308.74	11.22	7.51	100	128
3	2	96	0	0	0	378.839953	308.740569	7.481842	7.506241	-1	###FLOW###
4	2	96	0	0	0	378.839953	308.740569	7.481842	7.506241	-1	###LINE###
5	2	96	0	0	0	378.84	308.74	7.48	7.51	100	91
3	2	97	0	0	0	450.839941	308.740569	7.481842	7.506241	-1	###FLOW###
4	2	97	0	0	0	450.839941	308.740569	7.481842	7.506241	-1	###LINE###
5	2	97	0	0	0	450.84	308.74	7.48	7.51	100	24
3	2	98	0	0	0	522.839930	308.740569	7.481842	7.506241	-1	###FLOW###
4	2	98	0	0	0	522.839930	308.740569	7.481842	7.506241	-1	###LINE###
5	2	98	0	0	0	522.84	308.74	7.48	7.51	100	15
3	2	99	0	0	0	594.839919	308.740569	7.481842	7.506241	-1	###FLOW###
4	2	99	0	0	0	594.839919	308.740569	7.481842	7.506241	-1	###LINE###
5	2	99	0	0	0	594.84	308.74	7.48	7.51	100	10
3	2	100	0	0	0	670.559876	308.740569	3.740921	7.506241	-1	###FLOW###
4	2	100	0	0	0	670.559876	308.740569	3.740921	7.506241	-1	###LINE###
5	2	100	0	0	0	670.56	308.74	3.74	7.51	100	5
3	2	101	0	0	0	117.719981	321.100565	24.672584	7.506241	-1	###FLOW###
4	2	101	0	0	0	117.719981	321.100565	24.672584	7.506241	-1	###LINE###
5	2	101	0	0	0	117.72	321.10	24.67	7.51	100	Bracken
3	2	102	0	0	0	231.119961	321.100565	11.222762	7.506241	-1	###FLOW###
4	2	102	0	0	0	231.119961	321.100565	11.222762	7.506241	-1	###LINE###
5	2	102	0	0	0	231.12	321.10	11.22	7.51	100	437
3	2	103	0	0	0	310.559965	321.100565	3.740921	7.506241	-1	###FLOW###
4	2	103	0	0	0	310.559965	321.100565	3.740921	7.506241	-1	###LINE###
5	2	103	0	0	0	310.56	321.10	3.74	7.51	100	9
3	2	104	0	0	0	378.839953	321.100565	7.481842	7.506241	-1	###FLOW###
4	2	104	0	0	0	378.839953	321.100565	7.481842	7.506241	-1	###LINE###
5	2	104	0	0	0	378.84	321.10	7.48	7.51	100	14
3	2	105	0	0	0	450.839941	321.100565	7.481842	7.506241	-1	###FLOW###
4	2	105	0	0	0	450.839941	321.100565	7.481842	7.506241	-1	###LINE###
5	2	105	0	0	0	450.84	321.10	7.48	7.51	100	15
3	2	106	0	0	0	526.559899	321.100565	3.740921	7.506241	-1	###FLOW###
4	2	106	0	0	0	526.559899	321.100565	3.740921	7.506241	-1	###LINE###
5	2	106	0	0	0	526.56	321.10	3.74	7.51	100	3
3	2	107	0	0	0	598.559887	321.100565	3.740921	7.506241	-1	###FLOW###
4	2	107	0	0	0	598.559887	321.100565	3.740921	7.506241	-1	###LINE###
5	2	107	0	0	0	598.56	321.10	3.74	7.51	100	6
3	2	108	0	0	0	670.559876	321.100565	3.740921	7.506241	-1	###FLOW###
4	2	108	0	0	0	670.559876	321.100565	3.740921	7.506241	-1	###LINE###
5	2	108	0	0	0	670.56	321.10	3.74	7.51	100	1
3	2	109	0	0	0	117.719981	333.340595	25.143563	7.506241	-1	###FLOW###
4	2	109	0	0	0	117.719981	333.340595	25.143563	7.506241	-1	###LINE###
5	2	109	0	0	0	117.72	333.34	25.14	7.51	100	Breathitt
3	2	110	0	0	0	231.119961	333.340595	11.222762	7.506241	-1	###FLOW###
4	2	110	0	0	0	231.119961	333.340595	11.222762	7.506241	-1	###LINE###
5	2	110	0	0	0	231.12	333.34	11.22	7.51	100	173
3	2	111	0	0	0	310.559965	333.340595	3.740921	7.506241	-1	###FLOW###
4	2	111	0	0	0	310.559965	333.340595	3.740921	7.506241	-1	###LINE###
5	2	111	0	0	0	310.56	333.34	3.74	7.51	100	9
3	2	112	0	0	0	382.559953	333.340595	3.740921	7.506241	-1	###FLOW###
4	2	112	0	0	0	382.559953	333.340595	3.740921	7.506241	-1	###LINE###
5	2	112	0	0	0	382.56	333.34	3.74	7.51	100	1
3	2	113	0	0	0	450.839941	333.340595	7.481842	7.506241	-1	###FLOW###
4	2	113	0	0	0	450.839941	333.340595	7.481842	7.506241	-1	###LINE###
5	2	113	0	0	0	450.84	333.34	7.48	7.51	100	11
3	2	114	0	0	0	526.559899	333.340595	3.740921	7.506241	-1	###FLOW###
4	2	114	0	0	0	526.559899	333.340595	3.740921	7.506241	-1	###LINE###
5	2	114	0	0	0	526.56	333.34	3.74	7.51	100	2
3	2	115	0	0	0	598.559887	333.340595	3.740921	7.506241	-1	###FLOW###
4	2	115	0	0	0	598.559887	333.340595	3.740921	7.506241	-1	###LINE###
5	2	115	0	0	0	598.56	333.34	3.74	7.51	100	1
3	2	116	0	0	0	670.559876	333.340595	3.740921	7.506241	-1	###FLOW###
4	2	116	0	0	0	670.559876	333.340595	3.740921	7.506241	-1	###LINE###
5	2	116	0	0	0	670.56	333.34	3.74	7.51	100	0
3	2	117	0	0	0	117.719981	345.700591	37.496676	7.506241	-1	###FLOW###
4	2	117	0	0	0	117.719981	345.700591	37.496676	7.506241	-1	###LINE###
5	2	117	0	0	0	117.72	345.70	37.50	7.51	100	Breckinridge
3	2	118	0	0	0	225.479966	345.700591	16.827415	7.506241	-1	###FLOW###
4	2	118	0	0	0	225.479966	345.700591	16.827415	7.506241	-1	###LINE###
5	2	118	0	0	0	225.48	345.70	16.83	7.51	100	1,679
3	2	119	0	0	0	306.839965	345.700591	7.481842	7.506241	-1	###FLOW###
4	2	119	0	0	0	306.839965	345.700591	7.481842	7.506241	-1	###LINE###
5	2	119	0	0	0	306.84	345.70	7.48	7.51	100	72
3	2	120	0	0	0	378.839953	345.700591	7.481842	7.506241	-1	###FLOW###
4	2	120	0	0	0	378.839953	345.700591	7.481842	7.506241	-1	###LINE###
5	2	120	0	0	0	378.84	345.70	7.48	7.51	100	50
3	2	121	0	0	0	450.839941	345.700591	7.481842	7.506241	-1	###FLOW###
4	2	121	0	0	0	450.839941	345.700591	7.481842	7.506241	-1	###LINE###
5	2	121	0	0	0	450.84	345.70	7.48	7.51	100	33
3	2	122	0	0	0	522.839930	345.700591	7.481842	7.506241	-1	###FLOW###
4	2	122	0	0	0	522.839930	345.700591	7.481842	7.506241	-1	###LINE###
5	2	122	0	0	0	522.84	345.70	7.48	7.51	100	20
3	2	123	0	0	0	598.559887	345.700591	3.740921	7.506241	-1	###FLOW###
4	2	123	0	0	0	598.559887	345.700591	3.740921	7.506241	-1	###LINE###
5	2	123	0	0	0	598.56	345.70	3.74	7.51	100	6
3	2	124	0	0	0	670.559876	345.700591	3.740921	7.506241	-1	###FLOW###
4	2	124	0	0	0	670.559876	345.700591	3.740921	7.506241	-1	###LINE###
5	2	124	0	0	0	670.56	345.70	3.74	7.51	100	5
3	2	125	0	0	0	117.719981	357.940575	16.087305	7.506241	-1	###FLOW###
4	2	125	0	0	0	117.719981	357.940575	16.087305	7.506241	-1	###LINE###
5	2	125	0	0	0	117.72	357.94	16.09	7.51	100	Bullitt
3	2	126	0	0	0	225.479966	357.940575	16.827415	7.506241	-1	###FLOW###
4	2	126	0	0	0	225.479966	357.940575	16.827415	7.506241	-1	###LINE###
5	2	126	0	0	0	225.48	357.94	16.83	7.51	100	4,004
3	2	127	0	0	0	303.119965	357.940575	11.222762	7.506241	-1	###FLOW###
4	2	127	0	0	0	303.119965	357.940575	11.222762	7.506241	-1	###LINE###
5	2	127	0	0	0	303.12	357.94	11.22	7.51	100	187
3	2	128	0	0	0	375.119954	357.940575	11.222762	7.506241	-1	###FLOW###
4	2	128	0	0	0	375.119954	357.940575	11.222762	7.506241	-1	###LINE###
5	2	128	0	0	0	375.12	357.94	11.22	7.51	100	130
3	2	129	0	0	0	447.119942	357.940575	11.222762	7.506241	-1	###FLOW###
4	2	129	0	0	0	447.119942	357.940575	11.222762	7.506241	-1	###LINE###
5	2	129	0	0	0	447.12	357.94	11.22	7.51	100	120
3	2	130	0	0	0	522.839930	357.940575	7.481842	7.506241	-1	###FLOW###
4	2	130	0	0	0	522.839930	357.940575	7.481842	7.506241	-1	###LINE###
5	2	130	0	0	0	522.84	357.94	7.48	7.51	100	28
3	2	131	0	0	0	594.839919	357.940575	7.481842	7.506241	-1	###FLOW###
4	2	131	0	0	0	594.839919	357.940575	7.481842	7.506241	-1	###LINE###
5	2	131	0	0	0	594.84	357.94	7.48	7.51	100	21
3	2	132	0	0	0	666.839907	357.940575	7.481842	7.506241	-1	###FLOW###
4	2	132	0	0	0	666.839907	357.940575	7.481842	7.506241	-1	###LINE###
5	2	132	0	0	0	666.84	357.94	7.48	7.51	100	14
3	2	133	0	0	0	117.719981	370.300571	17.379134	7.506241	-1	###FLOW###
4	2	133	0	0	0	117.719981	370.300571	17.379134	7.506241	-1	###LINE###
5	2	133	0	0	0	117.72	370.30	17.38	7.51	100	Butler
3	2	134	0	0	0	225.479966	370.300571	16.827415	7.506241	-1	###FLOW###
4	2	134	0	0	0	225.479966	370.300571	16.827415	7.506241	-1	###LINE###
5	2	134	0	0	0	225.48	370.30	16.83	7.51	100	1,002
3	2	135	0	0	0	306.839965	370.300571	7.481842	7.506241	-1	###FLOW###
4	2	135	0	0	0	306.839965	370.300571	7.481842	7.506241	-1	###LINE###
5	2	135	0	0	0	306.84	370.30	7.48	7.51	100	57
3	2	136	0	0	0	378.839953	370.300571	7.481842	7.506241	-1	###FLOW###
4	2	136	0	0	0	378.839953	370.300571	7.481842	7.506241	-1	###LINE###
5	2	136	0	0	0	378.84	370.30	7.48	7.51	100	59
3	2	137	0	0	0	450.839941	370.300571	7.481842	7.506241	-1	###FLOW###
4	2	137	0	0	0	450.839941	370.300571	7.481842	7.506241	-1	###LINE###
5	2	137	0	0	0	450.84	370.30	7.48	7.51	100	18
3	2	138	0	0	0	522.839930	370.300571	7.481842	7.506241	-1	###FLOW###
4	2	138	0	0	0	522.839930	370.300571	7.481842	7.506241	-1	###LINE###
5	2	138	0	0	0	522.84	370.30	7.48	7.51	100	15
3	2	139	0	0	0	598.559887	370.300571	3.740921	7.506241	-1	###FLOW###
4	2	139	0	0	0	598.559887	370.300571	3.740921	7.506241	-1	###LINE###
5	2	139	0	0	0	598.56	370.30	3.74	7.51	100	4
3	2	140	0	0	0	670.559876	370.300571	3.740921	7.506241	-1	###FLOW###
4	2	140	0	0	0	670.559876	370.300571	3.740921	7.506241	-1	###LINE###
5	2	140	0	0	0	670.56	370.30	3.74	7.51	100	3
3	2	141	0	0	0	117.719981	382.540571	24.773508	7.506241	-1	###FLOW###
4	2	141	0	0	0	117.719981	382.540571	24.773508	7.506241	-1	###LINE###
5	2	141	0	0	0	117.72	382.54	24.77	7.51	100	Caldwell
3	2	142	0	0	0	231.119961	382.540571	11.222762	7.506241	-1	###FLOW###
4	2	142	0	0	0	231.119961	382.540571	11.222762	7.506241	-1	###LINE###
5	2	142	0	0	0	231.12	382.54	11.22	7.51	100	647
3	2	143	0	0	0	306.839965	382.540571	7.481842	7.506241	-1	###FLOW###
4	2	143	0	0	0	306.839965	382.540571	7.481842	7.506241	-1	###LINE###
5	2	143	0	0	0	306.84	382.54	7.48	7.51	100	34
3	2	144	0	0	0	378.839953	382.540571	7.481842	7.506241	-1	###FLOW###
4	2	144	0	0	0	378.839953	382.540571	7.481842	7.506241	-1	###LINE###
5	2	144	0	0	0	378.84	382.54	7.48	7.51	100	13
3	2	145	0	0	0	450.839941	382.540571	7.481842	7.506241	-1	###FLOW###
4	2	145	0	0	0	450.839941	382.540571	7.481842	7.506241	-1	###LINE###
5	2	145	0	0	0	450.84	382.54	7.48	7.51	100	19
3	2	146	0	0	0	526.559899	382.540571	3.740921	7.506241	-1	###FLOW###
4	2	146	0	0	0	526.559899	382.540571	3.740921	7.506241	-1	###LINE###
5	2	146	0	0	0	526.56	382.54	3.74	7.51	100	4
3	2	147	0	0	0	598.559887	382.540571	3.740921	7.506241	-1	###FLOW###
4	2	147	0	0	0	598.559887	382.540571	3.740921	7.506241	-1	###LINE###
5	2	147	0	0	0	598.56	382.54	3.74	7.51	100	5
3	2	148	0	0	0	670.559876	382.540571	3.740921	7.506241	-1	###FLOW###
4	2	148	0	0	0	670.559876	382.540571	3.740921	7.506241	-1	###LINE###
5	2	148	0	0	0	670.56	382.54	3.74	7.51	100	2
3	2	149	0	0	0	117.719981	394.900567	26.664153	7.506241	-1	###FLOW###
4	2	149	0	0	0	117.719981	394.900567	26.664153	7.506241	-1	###LINE###
5	2	149	0	0	0	117.72	394.90	26.66	7.51	100	Calloway
3	2	150	0	0	0	225.479966	394.900567	16.827415	7.506241	-1	###FLOW###
4	2	150	0	0	0	225.479966	394.900567	16.827415	7.506241	-1	###LINE###
5	2	150	0	0	0	225.48	394.90	16.83	7.51	100	1,451
3	2	151	0	0	0	303.119965	394.900567	11.222762	7.506241	-1	###FLOW###
4	2	151	0	0	0	303.119965	394.900567	11.222762	7.506241	-1	###LINE###
5	2	151	0	0	0	303.12	394.90	11.22	7.51	100	156
3	2	152	0	0	0	378.839953	394.900567	7.481842	7.506241	-1	###FLOW###
4	2	152	0	0	0	378.839953	394.900567	7.481842	7.506241	-1	###LINE###
5	2	152	0	0	0	378.84	394.90	7.48	7.51	100	74
3	2	153	0	0	0	450.839941	394.900567	7.481842	7.506241	-1	###FLOW###
4	2	153	0	0	0	450.839941	394.900567	7.481842	7.506241	-1	###LINE###
5	2	153	0	0	0	450.84	394.90	7.48	7.51	100	58
3	2	154	0	0	0	522.839930	394.900567	7.481842	7.506241	-1	###FLOW###
4	2	154	0	0	0	522.839930	394.900567	7.481842	7.506241	-1	###LINE###
5	2	154	0	0	0	522.84	394.90	7.48	7.51	100	20
3	2	155	0	0	0	598.559887	394.900567	3.740921	7.506241	-1	###FLOW###
4	2	155	0	0	0	598.559887	394.900567	3.740921	7.506241	-1	###LINE###
5	2	155	0	0	0	598.56	394.90	3.74	7.51	100	7
3	2	156	0	0	0	670.559876	394.900567	3.740921	7.506241	-1	###FLOW###
4	2	156	0	0	0	670.559876	394.900567	3.740921	7.506241	-1	###LINE###
5	2	156	0	0	0	670.56	394.90	3.74	7.51	100	0
3	2	157	0	0	0	117.719981	407.140566	28.130917	7.506241	-1	###FLOW###
4	2	157	0	0	0	117.719981	407.140566	28.130917	7.506241	-1	###LINE###
5	2	157	0	0	0	117.72	407.14	28.13	7.51	100	Campbell
3	2	158	0	0	0	225.479966	407.140566	16.827415	7.506241	-1	###FLOW###
4	2	158	0	0	0	225.479966	407.140566	16.827415	7.506241	-1	###LINE###
5	2	158	0	0	0	225.48	407.14	16.83	7.51	100	4,325
3	2	159	0	0	0	303.119965	407.140566	11.222762	7.506241	-1	###FLOW###
4	2	159	0	0	0	303.119965	407.140566	11.222762	7.506241	-1	###LINE###
5	2	159	0	0	0	303.12	407.14	11.22	7.51	100	530
3	2	160	0	0	0	375.119954	407.140566	11.222762	7.506241	-1	###FLOW###
4	2	160	0	0	0	375.119954	407.140566	11.222762	7.506241	-1	###LINE###
5	2	160	0	0	0	375.12	407.14	11.22	7.51	100	236
3	2	161	0	0	0	447.119942	407.140566	11.222762	7.506241	-1	###FLOW###
4	2	161	0	0	0	447.119942	407.140566	11.222762	7.506241	-1	###LINE###
5	2	161	0	0	0	447.12	407.14	11.22	7.51	100	182
3	2	162	0	0	0	522.839930	407.140566	7.481842	7.506241	-1	###FLOW###
4	2	162	0	0	0	522.839930	407.140566	7.481842	7.506241	-1	###LINE###
5	2	162	0	0	0	522.84	407.14	7.48	7.51	100	62
3	2	163	0	0	0	594.839919	407.140566	7.481842	7.506241	-1	###FLOW###
4	2	163	0	0	0	594.839919	407.140566	7.481842	7.506241	-1	###LINE###
5	2	163	0	0	0	594.84	407.14	7.48	7.51	100	72
3	2	164	0	0	0	666.839907	407.140566	7.481842	7.506241	-1	###FLOW###
4	2	164	0	0	0	666.839907	407.140566	7.481842	7.506241	-1	###LINE###
5	2	164	0	0	0	666.84	407.14	7.48	7.51	100	14
3	2	165	0	0	0	117.719981	419.500562	22.095655	7.506241	-1	###FLOW###
4	2	165	0	0	0	117.719981	419.500562	22.095655	7.506241	-1	###LINE###
5	2	165	0	0	0	117.72	419.50	22.10	7.51	100	Carlisle
3	2	166	0	0	0	231.119961	419.500562	11.222762	7.506241	-1	###FLOW###
4	2	166	0	0	0	231.119961	419.500562	11.222762	7.506241	-1	###LINE###
5	2	166	0	0	0	231.12	419.50	11.22	7.51	100	252
3	2	167	0	0	0	310.559965	419.500562	3.740921	7.506241	-1	###FLOW###
4	2	167	0	0	0	310.559965	419.500562	3.740921	7.506241	-1	###LINE###
5	2	167	0	0	0	310.56	419.50	3.74	7.51	100	4
3	2	168	0	0	0	382.559953	419.500562	3.740921	7.506241	-1	###FLOW###
4	2	168	0	0	0	382.559953	419.500562	3.740921	7.506241	-1	###LINE###
5	2	168	0	0	0	382.56	419.50	3.74	7.51	100	3
3	2	169	0	0	0	454.559941	419.500562	3.740921	7.506241	-1	###FLOW###
4	2	169	0	0	0	454.559941	419.500562	3.740921	7.506241	-1	###LINE###
5	2	169	0	0	0	454.56	419.50	3.74	7.51	100	3
3	2	170	0	0	0	526.559899	419.500562	3.740921	7.506241	-1	###FLOW###
4	2	170	0	0	0	526.559899	419.500562	3.740921	7.506241	-1	###LINE###
5	2	170	0	0	0	526.56	419.50	3.74	7.51	100	0
3	2	171	0	0	0	598.559887	419.500562	3.740921	7.506241	-1	###FLOW###
4	2	171	0	0	0	598.559887	419.500562	3.740921	7.506241	-1	###LINE###
5	2	171	0	0	0	598.56	419.50	3.74	7.51	100	0
3	2	172	0	0	0	670.559876	419.500562	3.740921	7.506241	-1	###FLOW###
4	2	172	0	0	0	670.559876	419.500562	3.740921	7.506241	-1	###LINE###
5	2	172	0	0	0	670.56	419.50	3.74	7.51	100	0
3	2	173	0	0	0	117.719981	431.740562	19.612921	7.506241	-1	###FLOW###
4	2	173	0	0	0	117.719981	431.740562	19.612921	7.506241	-1	###LINE###
5	2	173	0	0	0	117.72	431.74	19.61	7.51	100	Carroll
3	2	174	0	0	0	231.119961	431.740562	11.222762	7.506241	-1	###FLOW###
4	2	174	0	0	0	231.119961	431.740562	11.222762	7.506241	-1	###LINE###
5	2	174	0	0	0	231.12	431.74	11.22	7.51	100	392
3	2	175	0	0	0	306.839965	431.740562	7.481842	7.506241	-1	###FLOW###
4	2	175	0	0	0	306.839965	431.740562	7.481842	7.506241	-1	###LINE###
5	2	175	0	0	0	306.84	431.74	7.48	7.51	100	13
3	2	176	0	0	0	382.559953	431.740562	3.740921	7.506241	-1	###FLOW###
4	2	176	0	0	0	382.559953	431.740562	3.740921	7.506241	-1	###LINE###
5	2	176	0	0	0	382.56	431.74	3.74	7.51	100	3
3	2	177	0	0	0	450.839941	431.740562	7.481842	7.506241	-1	###FLOW###
4	2	177	0	0	0	450.839941	431.740562	7.481842	7.506241	-1	###LINE###
5	2	177	0	0	0	450.84	431.74	7.48	7.51	100	14
3	2	178	0	0	0	526.559899	431.740562	3.740921	7.506241	-1	###FLOW###
4	2	178	0	0	0	526.559899	431.740562	3.740921	7.506241	-1	###LINE###
5	2	178	0	0	0	526.56	431.74	3.74	7.51	100	3
3	2	179	0	0	0	598.559887	431.740562	3.740921	7.506241	-1	###FLOW###
4	2	179	0	0	0	598.559887	431.740562	3.740921	7.506241	-1	###LINE###
5	2	179	0	0	0	598.56	431.74	3.74	7.51	100	1
3	2	180	0	0	0	670.559876	431.740562	3.740921	7.506241	-1	###FLOW###
4	2	180	0	0	0	670.559876	431.740562	3.740921	7.506241	-1	###LINE###
5	2	180	0	0	0	670.56	431.74	3.74	7.51	100	0
3	2	181	0	0	0	117.719981	444.100588	18.697876	7.506241	-1	###FLOW###
4	2	181	0	0	0	117.719981	444.100588	18.697876	7.506241	-1	###LINE###
5	2	181	0	0	0	117.72	444.10	18.70	7.51	100	Carter
3	2	182	0	0	0	225.479966	444.100588	16.827415	7.506241	-1	###FLOW###
4	2	182	0	0	0	225.479966	444.100588	16.827415	7.506241	-1	###LINE###
5	2	182	0	0	0	225.48	444.10	16.83	7.51	100	1,479
3	2	183	0	0	0	306.839965	444.100588	7.481842	7.506241	-1	###FLOW###
4	2	183	0	0	0	306.839965	444.100588	7.481842	7.506241	-1	###LINE###
5	2	183	0	0	0	306.84	444.10	7.48	7.51	100	36
3	2	184	0	0	0	378.839953	444.100588	7.481842	7.506241	-1	###FLOW###
4	2	184	0	0	0	378.839953	444.100588	7.481842	7.506241	-1	###LINE###
5	2	184	0	0	0	378.84	444.10	7.48	7.51	100	40
3	2	185	0	0	0	450.839941	444.100588	7.481842	7.506241	-1	###FLOW###
4	2	185	0	0	0	450.839941	444.100588	7.481842	7.506241	-1	###LINE###
5	2	185	0	0	0	450.84	444.10	7.48	7.51	100	37
3	2	186	0	0	0	522.839930	444.100588	7.481842	7.506241	-1	###FLOW###
4	2	186	0	0	0	522.839930	444.100588	7.481842	7.506241	-1	###LINE###
5	2	186	0	0	0	522.84	444.10	7.48	7.51	100	12
3	2	187	0	0	0	598.559887	444.100588	3.740921	7.506241	-1	###FLOW###
4	2	187	0	0	0	598.559887	444.100588	3.740921	7.506241	-1	###LINE###
5	2	187	0	0	0	598.56	444.10	3.74	7.51	100	6
3	2	188	0	0	0	670.559876	444.100588	3.740921	7.506241	-1	###FLOW###
4	2	188	0	0	0	670.559876	444.100588	3.740921	7.506241	-1	###LINE###
5	2	188	0	0	0	670.56	444.10	3.74	7.51	100	2
3	2	189	0	0	0	117.719981	456.340588	18.987192	7.506241	-1	###FLOW###
4	2	189	0	0	0	117.719981	456.340588	18.987192	7.506241	-1	###LINE###
5	2	189	0	0	0	117.72	456.34	18.99	7.51	100	Casey
3	2	190	0	0	0	225.479966	456.340588	16.827415	7.506241	-1	###FLOW###
4	2	190	0	0	0	225.479966	456.340588	16.827415	7.506241	-1	###LINE###
5	2	190	0	0	0	225.48	456.34	16.83	7.51	100	1,285
3	2	191	0	0	0	306.839965	456.340588	7.481842	7.506241	-1	###FLOW###
4	2	191	0	0	0	306.839965	456.340588	7.481842	7.506241	-1	###LINE###
5	2	191	0	0	0	306.84	456.34	7.48	7.51	100	23
3	2	192	0	0	0	378.839953	456.340588	7.481842	7.506241	-1	###FLOW###
4	2	192	0	0	0	378.839953	456.340588	7.481842	7.506241	-1	###LINE###
5	2	192	0	0	0	378.84	456.34	7.48	7.51	100	28
3	2	193	0	0	0	450.839941	456.340588	7.481842	7.506241	-1	###FLOW###
4	2	193	0	0	0	450.839941	456.340588	7.481842	7.506241	-1	###LINE###
5	2	193	0	0	0	450.84	456.34	7.48	7.51	100	25
3	2	194	0	0	0	522.839930	456.340588	7.481842	7.506241	-1	###FLOW###
4	2	194	0	0	0	522.839930	456.340588	7.481842	7.506241	-1	###LINE###
5	2	194	0	0	0	522.84	456.34	7.48	7.51	100	10
3	2	195	0	0	0	598.559887	456.340588	3.740921	7.506241	-1	###FLOW###
4	2	195	0	0	0	598.559887	456.340588	3.740921	7.506241	-1	###LINE###
5	2	195	0	0	0	598.56	456.34	3.74	7.51	100	3
3	2	196	0	0	0	670.559876	456.340588	3.740921	7.506241	-1	###FLOW###
4	2	196	0	0	0	670.559876	456.340588	3.740921	7.506241	-1	###LINE###
5	2	196	0	0	0	670.56	456.34	3.74	7.51	100	3
3	2	197	0	0	0	117.719981	468.700583	26.677610	7.506241	-1	###FLOW###
4	2	197	0	0	0	117.719981	468.700583	26.677610	7.506241	-1	###LINE###
5	2	197	0	0	0	117.72	468.70	26.68	7.51	100	Christian
3	2	198	0	0	0	225.479966	468.700583	16.827415	7.506241	-1	###FLOW###
4	2	198	0	0	0	225.479966	468.700583	16.827415	7.506241	-1	###LINE###
5	2	198	0	0	0	225.48	468.70	16.83	7.51	100	1,462
3	2	199	0	0	0	303.119965	468.700583	11.222762	7.506241	-1	###FLOW###
4	2	199	0	0	0	303.119965	468.700583	11.222762	7.506241	-1	###LINE###
5	2	199	0	0	0	303.12	468.70	11.22	7.51	100	100
3	2	200	0	0	0	378.839953	468.700583	7.481842	7.506241	-1	###FLOW###
4	2	200	0	0	0	378.839953	468.700583	7.481842	7.506241	-1	###LINE###
5	2	200	0	0	0	378.84	468.70	7.48	7.51	100	48
3	2	201	0	0	0	450.839941	468.700583	7.481842	7.506241	-1	###FLOW###
4	2	201	0	0	0	450.839941	468.700583	7.481842	7.506241	-1	###LINE###
5	2	201	0	0	0	450.84	468.70	7.48	7.51	100	55
3	2	202	0	0	0	522.839930	468.700583	7.481842	7.506241	-1	###FLOW###
4	2	202	0	0	0	522.839930	468.700583	7.481842	7.506241	-1	###LINE###
5	2	202	0	0	0	522.84	468.70	7.48	7.51	100	20
3	2	203	0	0	0	598.559887	468.700583	3.740921	7.506241	-1	###FLOW###
4	2	203	0	0	0	598.559887	468.700583	3.740921	7.506241	-1	###LINE###
5	2	203	0	0	0	598.56	468.70	3.74	7.51	100	9
3	2	204	0	0	0	670.559876	468.700583	3.740921	7.506241	-1	###FLOW###
4	2	204	0	0	0	670.559876	468.700583	3.740921	7.506241	-1	###LINE###
5	2	204	0	0	0	670.56	468.70	3.74	7.51	100	7
3	2	205	0	0	0	117.719981	480.940584	15.461576	7.506241	-1	###FLOW###
4	2	205	0	0	0	117.719981	480.940584	15.461576	7.506241	-1	###LINE###
5	2	205	0	0	0	117.72	480.94	15.46	7.51	100	Clark
3	2	206	0	0	0	225.479966	480.940584	16.827415	7.506241	-1	###FLOW###
4	2	206	0	0	0	225.479966	480.940584	16.827415	7.506241	-1	###LINE###
5	2	206	0	0	0	225.48	480.94	16.83	7.51	100	1,286
3	2	207	0	0	0	306.839965	480.940584	7.481842	7.506241	-1	###FLOW###
4	2	207	0	0	0	306.839965	480.940584	7.481842	7.506241	-1	###LINE###
5	2	207	0	0	0	306.84	480.94	7.48	7.51	100	91
3	2	208	0	0	0	378.839953	480.940584	7.481842	7.506241	-1	###FLOW###
4	2	208	0	0	0	378.839953	480.940584	7.481842	7.506241	-1	###LINE###
5	2	208	0	0	0	378.84	480.94	7.48	7.51	100	48
3	2	209	0	0	0	450.839941	480.940584	7.481842	7.506241	-1	###FLOW###
4	2	209	0	0	0	450.839941	480.940584	7.481842	7.506241	-1	###LINE###
5	2	209	0	0	0	450.84	480.94	7.48	7.51	100	53
3	2	210	0	0	0	526.559899	480.940584	3.740921	7.506241	-1	###FLOW###
4	2	210	0	0	0	526.559899	480.940584	3.740921	7.506241	-1	###LINE###
5	2	210	0	0	0	526.56	480.94	3.74	7.51	100	8
3	2	211	0	0	0	598.559887	480.940584	3.740921	7.506241	-1	###FLOW###
4	2	211	0	0	0	598.559887	480.940584	3.740921	7.506241	-1	###LINE###
5	2	211	0	0	0	598.56	480.94	3.74	7.51	100	7
3	2	212	0	0	0	670.559876	480.940584	3.740921	7.506241	-1	###FLOW###
4	2	212	0	0	0	670.559876	480.940584	3.740921	7.506241	-1	###LINE###
5	2	212	0	0	0	670.56	480.94	3.74	7.51	100	7
3	2	213	0	0	0	117.719981	493.300579	13.221060	7.506241	-1	###FLOW###
4	2	213	0	0	0	117.719981	493.300579	13.221060	7.506241	-1	###LINE###
5	2	213	0	0	0	117.72	493.30	13.22	7.51	100	Clay
3	2	214	0	0	0	225.479966	493.300579	16.827415	7.506241	-1	###FLOW###
4	2	214	0	0	0	225.479966	493.300579	16.827415	7.506241	-1	###LINE###
5	2	214	0	0	0	225.48	493.30	16.83	7.51	100	2,410
3	2	215	0	0	0	306.839965	493.300579	7.481842	7.506241	-1	###FLOW###
4	2	215	0	0	0	306.839965	493.300579	7.481842	7.506241	-1	###LINE###
5	2	215	0	0	0	306.84	493.30	7.48	7.51	100	89
3	2	216	0	0	0	378.839953	493.300579	7.481842	7.506241	-1	###FLOW###
4	2	216	0	0	0	378.839953	493.300579	7.481842	7.506241	-1	###LINE###
5	2	216	0	0	0	378.84	493.30	7.48	7.51	100	75
3	2	217	0	0	0	450.839941	493.300579	7.481842	7.506241	-1	###FLOW###
4	2	217	0	0	0	450.839941	493.300579	7.481842	7.506241	-1	###LINE###
5	2	217	0	0	0	450.84	493.30	7.48	7.51	100	40
3	2	218	0	0	0	522.839930	493.300579	7.481842	7.506241	-1	###FLOW###
4	2	218	0	0	0	522.839930	493.300579	7.481842	7.506241	-1	###LINE###
5	2	218	0	0	0	522.84	493.30	7.48	7.51	100	12
3	2	219	0	0	0	598.559887	493.300579	3.740921	7.506241	-1	###FLOW###
4	2	219	0	0	0	598.559887	493.300579	3.740921	7.506241	-1	###LINE###
5	2	219	0	0	0	598.56	493.30	3.74	7.51	100	8
3	2	220	0	0	0	670.559876	493.300579	3.740921	7.506241	-1	###FLOW###
4	2	220	0	0	0	670.559876	493.300579	3.740921	7.506241	-1	###LINE###
5	2	220	0	0	0	670.56	493.30	3.74	7.51	100	5
3	2	221	0	0	0	117.719981	505.540579	20.763456	7.506241	-1	###FLOW###
4	2	221	0	0	0	117.719981	505.540579	20.763456	7.506241	-1	###LINE###
5	2	221	0	0	0	117.72	505.54	20.76	7.51	100	Clinton
3	2	222	0	0	0	231.119961	505.540579	11.222762	7.506241	-1	###FLOW###
4	2	222	0	0	0	231.119961	505.540579	11.222762	7.506241	-1	###LINE###
5	2	222	0	0	0	231.12	505.54	11.22	7.51	100	851
3	2	223	0	0	0	306.839965	505.540579	7.481842	7.506241	-1	###FLOW###
4	2	223	0	0	0	306.839965	505.540579	7.481842	7.506241	-1	###LINE###
5	2	223	0	0	0	306.84	505.54	7.48	7.51	100	27
3	2	224	0	0	0	382.559953	505.540579	3.740921	7.506241	-1	###FLOW###
4	2	224	0	0	0	382.559953	505.540579	3.740921	7.506241	-1	###LINE###
5	2	224	0	0	0	382.56	505.54	3.74	7.51	100	8
3	2	225	0	0	0	450.839941	505.540579	7.481842	7.506241	-1	###FLOW###
4	2	225	0	0	0	450.839941	505.540579	7.481842	7.506241	-1	###LINE###
5	2	225	0	0	0	450.84	505.54	7.48	7.51	100	11
3	2	226	0	0	0	526.559899	505.540579	3.740921	7.506241	-1	###FLOW###
4	2	226	0	0	0	526.559899	505.540579	3.740921	7.506241	-1	###LINE###
5	2	226	0	0	0	526.56	505.54	3.74	7.51	100	7
3	2	227	0	0	0	598.559887	505.540579	3.740921	7.506241	-1	###FLOW###
4	2	227	0	0	0	598.559887	505.540579	3.740921	7.506241	-1	###LINE###
5	2	227	0	0	0	598.56	505.54	3.74	7.51	100	1
3	2	228	0	0	0	670.559876	505.540579	3.740921	7.506241	-1	###FLOW###
4	2	228	0	0	0	670.559876	505.540579	3.740921	7.506241	-1	###LINE###
5	2	228	0	0	0	670.56	505.54	3.74	7.51	100	1
3	2	229	0	0	0	117.719981	517.900544	31.124999	7.506241	-1	###FLOW###
4	2	229	0	0	0	117.719981	517.900544	31.124999	7.506241	-1	###LINE###
5	2	229	0	0	0	117.72	517.90	31.12	7.51	100	Crittenden
3	2	230	0	0	0	231.119961	517.900544	11.222762	7.506241	-1	###FLOW###
4	2	230	0	0	0	231.119961	517.900544	11.222762	7.506241	-1	###LINE###
5	2	230	0	0	0	231.12	517.90	11.22	7.51	100	746
3	2	231	0	0	0	306.839965	517.900544	7.481842	7.506241	-1	###FLOW###
4	2	231	0	0	0	306.839965	517.900544	7.481842	7.506241	-1	###LINE###
5	2	231	0	0	0	306.84	517.90	7.48	7.51	100	30
3	2	232	0	0	0	378.839953	517.900544	7.481842	7.506241	-1	###FLOW###
4	2	232	0	0	0	378.839953	517.900544	7.481842	7.506241	-1	###LINE###
5	2	232	0	0	0	378.84	517.90	7.48	7.51	100	22
3	2	233	0	0	0	450.839941	517.900544	7.481842	7.506241	-1	###FLOW###
4	2	233	0	0	0	450.839941	517.900544	7.481842	7.506241	-1	###LINE###
5	2	233	0	0	0	450.84	517.90	7.48	7.51	100	14
3	2	234	0	0	0	526.559899	517.900544	3.740921	7.506241	-1	###FLOW###
4	2	234	0	0	0	526.559899	517.900544	3.740921	7.506241	-1	###LINE###
5	2	234	0	0	0	526.56	517.90	3.74	7.51	100	3
3	2	235	0	0	0	598.559887	517.900544	3.740921	7.506241	-1	###FLOW###
4	2	235	0	0	0	598.559887	517.900544	3.740921	7.506241	-1	###LINE###
5	2	235	0	0	0	598.56	517.90	3.74	7.51	100	6
3	2	236	0	0	0	670.559876	517.900544	3.740921	7.506241	-1	###FLOW###
4	2	236	0	0	0	670.559876	517.900544	3.740921	7.506241	-1	###LINE###
5	2	236	0	0	0	670.56	517.90	3.74	7.51	100	4
3	2	237	0	0	0	117.719981	530.140513	36.420152	7.506241	-1	###FLOW###
4	2	237	0	0	0	117.719981	530.140513	36.420152	7.506241	-1	###LINE###
5	2	237	0	0	0	117.72	530.14	36.42	7.51	100	Cumberland
3	2	237	1	0	0	117.719981	542.500509	24.026669	7.506241	-1	###FLOW###
4	2	237	1	0	0	117.719981	542.500509	24.026669	7.506241	-1	###LINE###
5	2	237	1	0	0	117.72	542.50	24.03	7.51	100	Daviess
3	2	238	0	0	0	231.119961	530.140513	11.222762	7.506241	-1	###FLOW###
4	2	238	0	0	0	231.119961	530.140513	11.222762	7.506241	-1	###LINE###
5	2	238	0	0	0	231.12	530.14	11.22	7.51	100	443
3	2	239	0	0	0	306.839965	530.140513	7.481842	7.506241	-1	###FLOW###
4	2	239	0	0	0	306.839965	530.140513	7.481842	7.506241	-1	###LINE###
5	2	239	0	0	0	306.84	530.14	7.48	7.51	100	22
3	2	240	0	0	0	378.839953	530.140513	7.481842	7.506241	-1	###FLOW###
4	2	240	0	0	0	378.839953	530.140513	7.481842	7.506241	-1	###LINE###
5	2	240	0	0	0	378.84	530.14	7.48	7.51	100	14
3	2	241	0	0	0	450.839941	530.140513	7.481842	7.506241	-1	###FLOW###
4	2	241	0	0	0	450.839941	530.140513	7.481842	7.506241	-1	###LINE###
5	2	241	0	0	0	450.84	530.14	7.48	7.51	100	11
3	2	242	0	0	0	522.839930	530.140513	7.481842	7.506241	-1	###FLOW###
4	2	242	0	0	0	522.839930	530.140513	7.481842	7.506241	-1	###LINE###
5	2	242	0	0	0	522.84	530.14	7.48	7.51	100	10
3	2	243	0	0	0	598.559887	530.140513	3.740921	7.506241	-1	###FLOW###
4	2	243	0	0	0	598.559887	530.140513	3.740921	7.506241	-1	###LINE###
5	2	243	0	0	0	598.56	530.14	3.74	7.51	100	1
3	2	244	0	0	0	670.559876	530.140513	3.740921	7.506241	-1	###FLOW###
4	2	244	0	0	0	670.559876	530.140513	3.740921	7.506241	-1	###LINE###
5	2	244	0	0	0	670.56	530.14	3.74	7.51	100	2
3	2	245	0	0	0	225.479966	542.500509	16.827415	7.506241	-1	###FLOW###
4	2	245	0	0	0	225.479966	542.500509	16.827415	7.506241	-1	###LINE###
5	2	245	0	0	0	225.48	542.50	16.83	7.51	100	3,553
3	2	246	0	0	0	303.119965	542.500509	11.222762	7.506241	-1	###FLOW###
4	2	246	0	0	0	303.119965	542.500509	11.222762	7.506241	-1	###LINE###
5	2	246	0	0	0	303.12	542.50	11.22	7.51	100	479
3	2	247	0	0	0	375.119954	542.500509	11.222762	7.506241	-1	###FLOW###
4	2	247	0	0	0	375.119954	542.500509	11.222762	7.506241	-1	###LINE###
5	2	247	0	0	0	375.12	542.50	11.22	7.51	100	220
3	2	248	0	0	0	447.119942	542.500509	11.222762	7.506241	-1	###FLOW###
4	2	248	0	0	0	447.119942	542.500509	11.222762	7.506241	-1	###LINE###
5	2	248	0	0	0	447.12	542.50	11.22	7.51	100	162
3	2	249	0	0	0	522.839930	542.500509	7.481842	7.506241	-1	###FLOW###
4	2	249	0	0	0	522.839930	542.500509	7.481842	7.506241	-1	###LINE###
5	2	249	0	0	0	522.84	542.50	7.48	7.51	100	56
3	2	250	0	0	0	594.839919	542.500509	7.481842	7.506241	-1	###FLOW###
4	2	250	0	0	0	594.839919	542.500509	7.481842	7.506241	-1	###LINE###
5	2	250	0	0	0	594.84	542.50	7.48	7.51	100	30
3	2	251	0	0	0	666.839907	542.500509	7.481842	7.506241	-1	###FLOW###
4	2	251	0	0	0	666.839907	542.500509	7.481842	7.506241	-1	###LINE###
5	2	251	0	0	0	666.84	542.50	7.48	7.51	100	24
1	3	0	0	0	0	0.000000	0.000000	792.000000	612.000000	-1	###PAGE###
3	3	0	0	0	0	35.999994	54.115290	161.658823	13.404001	-1	###FLOW###
4	3	0	0	0	0	35.999994	54.115290	161.658823	13.404001	-1	###LINE###
5	3	0	0	0	0	36.00	54.12	89.57	13.40	100	Commonwealth
5	3	0	0	0	1	128.96	54.12	11.33	13.40	100	of
5	3	0	0	0	2	143.60	54.12	54.05	13.40	100	Kentucky
3	3	1	0	0	0	289.919964	54.115290	211.964694	13.404001	-1	###FLOW###
4	3	1	0	0	0	289.919964	54.115290	211.964694	13.404001	-1	###LINE###
5	3	1	0	0	0	289.92	54.12	44.03	13.40	100	Michael
5	3	1	0	0	1	337.40	54.12	12.66	13.40	100	G.
5	3	1	0	0	2	353.48	54.12	43.01	13.40	100	Adams,
5	3	1	0	0	3	399.93	54.12	54.90	13.40	100	Secretary
5	3	1	0	0	4	457.89	54.12	11.33	13.40	100	of
5	3	1	0	0	5	472.52	54.12	29.36	13.40	100	State
3	3	1	1	0	0	214.079969	90.100612	28.090547	7.506241	-1	###FLOW###
4	3	1	1	0	0	214.079969	90.100612	28.090547	7.506241	-1	###LINE###
5	3	1	1	0	0	214.08	90.10	21.02	7.51	100	Donald
5	3	1	1	0	1	236.94	90.10	5.23	7.51	100	J.
3	3	2	0	0	0	207.959964	98.004428	34.314921	10.857240	-1	###FLOW###
4	3	2	0	0	0	207.959964	98.004428	34.314921	10.857240	-1	###LINE###
5	3	2	0	0	0	207.96	98.00	34.31	10.86	100	TRUMP
3	3	2	1	0	0	117.719981	125.140574	32.087143	7.506241	-1	###FLOW###
4	3	2	1	0	0	117.719981	125.140574	32.087143	7.506241	-1	###LINE###
5	3	2	1	0	0	117.72	125.14	32.09	7.51	100	Edmonson
3	3	3	0	0	0	290.999946	90.100612	23.219276	7.506241	-1	###FLOW###
4	3	3	0	0	0	290.999946	90.100612	23.219276	7.506241	-1	###LINE###
5	3	3	0	0	0	291.00	90.10	14.57	7.51	100	Nikki
5	3	3	0	0	1	307.50	90.10	6.72	7.51	100	R.
3	3	4	0	0	0	446.039930	90.100612	12.258917	7.506241	-1	###FLOW###
4	3	4	0	0	0	446.039930	90.100612	12.258917	7.506241	-1	###LINE###
5	3	4	0	0	0	446.04	90.10	12.26	7.51	100	Ron
3	3	5	0	0	0	281.999940	98.004428	104.399444	22.257206	-1	###FLOW###
4	3	5	0	0	0	281.999940	98.004428	104.328570	10.857240	-1	###LINE###
5	3	5	0	0	0	282.00	98.00	32.46	10.86	100	HALEY
5	3	5	0	0	1	316.20	98.00	70.13	10.86	100	"UNCOMMITTE
4	3	5	0	1	0	374.759949	109.404394	11.639434	10.857240	-1	###LINE###
5	3	5	0	1	0	374.76	109.40	11.64	10.86	100	D"
3	3	6	0	0	0	410.759943	98.004428	47.453079	10.857240	-1	###FLOW###
4	3	6	0	0	0	410.759943	98.004428	47.453079	10.857240	-1	###LINE###
5	3	6	0	0	0	410.76	98.00	47.45	10.86	100	DeSANTIS
3	3	7	0	0	0	584.279905	54.115290	171.619073	13.404001	-1	###FLOW###
4	3	7	0	0	0	584.279905	54.115290	171.619073	13.404001	-1	###LINE###
5	3	7	0	0	0	584.28	54.12	26.72	13.40	100	2024
5	3	7	0	0	1	614.49	54.12	44.86	13.40	100	Primary
5	3	7	0	0	2	662.36	54.12	46.82	13.40	100	Election
5	3	7	0	0	3	712.53	54.12	43.37	13.40	100	Results
3	3	7	1	0	0	585.839912	90.100612	16.464089	7.506241	-1	###FLOW###
4	3	7	1	0	0	585.839912	90.100612	16.464089	7.506241	-1	###LINE###
5	3	7	1	0	0	585.84	90.10	16.46	7.51	100	Vivek
3	3	8	0	0	0	651.239900	90.100612	22.943417	7.506241	-1	###FLOW###
4	3	8	0	0	0	651.239900	90.100612	22.943417	7.506241	-1	###LINE###
5	3	8	0	0	0	651.24	90.10	15.52	7.51	100	Ryan
5	3	8	0	0	1	668.58	90.10	5.60	7.51	100	L.
3	3	9	0	0	0	485.039947	98.004428	117.426817	10.857240	-1	###FLOW###
4	3	9	0	0	0	485.039947	98.004428	117.426817	10.857240	-1	###LINE###
5	3	9	0	0	0	485.04	98.00	45.23	10.86	100	CHRISTIE
5	3	9	0	0	1	537.36	98.00	65.11	10.86	100	RAMASWAMY
3	3	10	0	0	0	514.559932	90.100612	15.723978	7.506241	-1	###FLOW###
4	3	10	0	0	0	514.559932	90.100612	15.723978	7.506241	-1	###LINE###
5	3	10	0	0	0	514.56	90.10	15.72	7.51	100	Chris
3	3	11	0	0	0	631.919925	98.004428	42.538435	10.857240	-1	###FLOW###
4	3	11	0	0	0	631.919925	98.004428	42.538435	10.857240	-1	###LINE###
5	3	11	0	0	0	631.92	98.00	42.54	10.86	100	BINKLEY
3	3	12	0	0	0	225.479966	125.140574	16.827415	7.506241	-1	###FLOW###
4	3	12	0	0	0	225.479966	125.140574	16.827415	7.506241	-1	###LINE###
5	3	12	0	0	0	225.48	125.14	16.83	7.51	100	1,684
3	3	13	0	0	0	306.839965	125.140574	7.481842	7.506241	-1	###FLOW###
4	3	13	0	0	0	306.839965	125.140574	7.481842	7.506241	-1	###LINE###
5	3	13	0	0	0	306.84	125.14	7.48	7.51	100	66
3	3	14	0	0	0	378.839953	125.140574	7.481842	7.506241	-1	###FLOW###
4	3	14	0	0	0	378.839953	125.140574	7.481842	7.506241	-1	###LINE###
5	3	14	0	0	0	378.84	125.14	7.48	7.51	100	62
3	3	15	0	0	0	450.839941	125.140574	7.481842	7.506241	-1	###FLOW###
4	3	15	0	0	0	450.839941	125.140574	7.481842	7.506241	-1	###LINE###
5	3	15	0	0	0	450.84	125.14	7.48	7.51	100	41
3	3	16	0	0	0	522.839930	125.140574	7.481842	7.506241	-1	###FLOW###
4	3	16	0	0	0	522.839930	125.140574	7.481842	7.506241	-1	###LINE###
5	3	16	0	0	0	522.84	125.14	7.48	7.51	100	18
3	3	17	0	0	0	598.559887	125.140574	3.740921	7.506241	-1	###FLOW###
4	3	17	0	0	0	598.559887	125.140574	3.740921	7.506241	-1	###LINE###
5	3	17	0	0	0	598.56	125.14	3.74	7.51	100	6
3	3	18	0	0	0	670.559876	125.140574	3.740921	7.506241	-1	###FLOW###
4	3	18	0	0	0	670.559876	125.140574	3.740921	7.506241	-1	###LINE###
5	3	18	0	0	0	670.56	125.14	3.74	7.51	100	2
3	3	19	0	0	0	117.719981	137.500570	16.107490	7.506241	-1	###FLOW###
4	3	19	0	0	0	117.719981	137.500570	16.107490	7.506241	-1	###LINE###
5	3	19	0	0	0	117.72	137.50	16.11	7.51	100	Elliott
3	3	20	0	0	0	231.119961	137.500570	11.222762	7.506241	-1	###FLOW###
4	3	20	0	0	0	231.119961	137.500570	11.222762	7.506241	-1	###LINE###
5	3	20	0	0	0	231.12	137.50	11.22	7.51	100	143
3	3	21	0	0	0	310.559965	137.500570	3.740921	7.506241	-1	###FLOW###
4	3	21	0	0	0	310.559965	137.500570	3.740921	7.506241	-1	###LINE###
5	3	21	0	0	0	310.56	137.50	3.74	7.51	100	2
3	3	22	0	0	0	382.559953	137.500570	3.740921	7.506241	-1	###FLOW###
4	3	22	0	0	0	382.559953	137.500570	3.740921	7.506241	-1	###LINE###
5	3	22	0	0	0	382.56	137.50	3.74	7.51	100	1
3	3	23	0	0	0	454.559941	137.500570	3.740921	7.506241	-1	###FLOW###
4	3	23	0	0	0	454.559941	137.500570	3.740921	7.506241	-1	###LINE###
5	3	23	0	0	0	454.56	137.50	3.74	7.51	100	2
3	3	24	0	0	0	526.559899	137.500570	3.740921	7.506241	-1	###FLOW###
4	3	24	0	0	0	526.559899	137.500570	3.740921	7.506241	-1	###LINE###
5	3	24	0	0	0	526.56	137.50	3.74	7.51	100	1
3	3	25	0	0	0	598.559887	137.500570	3.740921	7.506241	-1	###FLOW###
4	3	25	0	0	0	598.559887	137.500570	3.740921	7.506241	-1	###LINE###
5	3	25	0	0	0	598.56	137.50	3.74	7.51	100	1
3	3	26	0	0	0	670.559876	137.500570	3.740921	7.506241	-1	###FLOW###
4	3	26	0	0	0	670.559876	137.500570	3.740921	7.506241	-1	###LINE###
5	3	26	0	0	0	670.56	137.50	3.74	7.51	100	0
3	3	27	0	0	0	117.719981	149.740569	14.089007	7.506241	-1	###FLOW###
4	3	27	0	0	0	117.719981	149.740569	14.089007	7.506241	-1	###LINE###
5	3	27	0	0	0	117.72	149.74	14.09	7.51	100	Estill
3	3	28	0	0	0	225.479966	149.740569	16.827415	7.506241	-1	###FLOW###
4	3	28	0	0	0	225.479966	149.740569	16.827415	7.506241	-1	###LINE###
5	3	28	0	0	0	225.48	149.74	16.83	7.51	100	1,347
3	3	29	0	0	0	306.839965	149.740569	7.481842	7.506241	-1	###FLOW###
4	3	29	0	0	0	306.839965	149.740569	7.481842	7.506241	-1	###LINE###
5	3	29	0	0	0	306.84	149.74	7.48	7.51	100	45
3	3	30	0	0	0	378.839953	149.740569	7.481842	7.506241	-1	###FLOW###
4	3	30	0	0	0	378.839953	149.740569	7.481842	7.506241	-1	###LINE###
5	3	30	0	0	0	378.84	149.74	7.48	7.51	100	32
3	3	31	0	0	0	450.839941	149.740569	7.481842	7.506241	-1	###FLOW###
4	3	31	0	0	0	450.839941	149.740569	7.481842	7.506241	-1	###LINE###
5	3	31	0	0	0	450.84	149.74	7.48	7.51	100	28
3	3	32	0	0	0	526.559899	149.740569	3.740921	7.506241	-1	###FLOW###
4	3	32	0	0	0	526.559899	149.740569	3.740921	7.506241	-1	###LINE###
5	3	32	0	0	0	526.56	149.74	3.74	7.51	100	4
3	3	33	0	0	0	598.559887	149.740569	3.740921	7.506241	-1	###FLOW###
4	3	33	0	0	0	598.559887	149.740569	3.740921	7.506241	-1	###LINE###
5	3	33	0	0	0	598.56	149.74	3.74	7.51	100	5
3	3	34	0	0	0	670.559876	149.740569	3.740921	7.506241	-1	###FLOW###
4	3	34	0	0	0	670.559876	149.740569	3.740921	7.506241	-1	###LINE###
5	3	34	0	0	0	670.56	149.74	3.74	7.51	100	1
3	3	35	0	0	0	117.719981	162.100596	22.337872	7.506241	-1	###FLOW###
4	3	35	0	0	0	117.719981	162.100596	22.337872	7.506241	-1	###LINE###
5	3	35	0	0	0	117.72	162.10	22.34	7.51	100	Fayette
3	3	36	0	0	0	225.479966	162.100596	16.827415	7.506241	-1	###FLOW###
4	3	36	0	0	0	225.479966	162.100596	16.827415	7.506241	-1	###LINE###
5	3	36	0	0	0	225.48	162.10	16.83	7.51	100	7,697
3	3	37	0	0	0	297.479954	162.100596	16.827415	7.506241	-1	###FLOW###
4	3	37	0	0	0	297.479954	162.100596	16.827415	7.506241	-1	###LINE###
5	3	37	0	0	0	297.48	162.10	16.83	7.51	100	1,699
3	3	38	0	0	0	375.119954	162.100596	11.222762	7.506241	-1	###FLOW###
4	3	38	0	0	0	375.119954	162.100596	11.222762	7.506241	-1	###LINE###
5	3	38	0	0	0	375.12	162.10	11.22	7.51	100	758
3	3	39	0	0	0	447.119942	162.100596	11.222762	7.506241	-1	###FLOW###
4	3	39	0	0	0	447.119942	162.100596	11.222762	7.506241	-1	###LINE###
5	3	39	0	0	0	447.12	162.10	11.22	7.51	100	521
3	3	40	0	0	0	519.119900	162.100596	11.222762	7.506241	-1	###FLOW###
4	3	40	0	0	0	519.119900	162.100596	11.222762	7.506241	-1	###LINE###
5	3	40	0	0	0	519.12	162.10	11.22	7.51	100	201
3	3	41	0	0	0	591.119888	162.100596	11.222762	7.506241	-1	###FLOW###
4	3	41	0	0	0	591.119888	162.100596	11.222762	7.506241	-1	###LINE###
5	3	41	0	0	0	591.12	162.10	11.22	7.51	100	141
3	3	42	0	0	0	666.839907	162.100596	7.481842	7.506241	-1	###FLOW###
4	3	42	0	0	0	666.839907	162.100596	7.481842	7.506241	-1	###LINE###
5	3	42	0	0	0	666.84	162.10	7.48	7.51	100	76
3	3	43	0	0	0	117.719981	174.340595	23.797908	7.506241	-1	###FLOW###
4	3	43	0	0	0	117.719981	174.340595	23.797908	7.506241	-1	###LINE###
5	3	43	0	0	0	117.72	174.34	23.80	7.51	100	Fleming
3	3	44	0	0	0	231.119961	174.340595	11.222762	7.506241	-1	###FLOW###
4	3	44	0	0	0	231.119961	174.340595	11.222762	7.506241	-1	###LINE###
5	3	44	0	0	0	231.12	174.34	11.22	7.51	100	847
3	3	45	0	0	0	306.839965	174.340595	7.481842	7.506241	-1	###FLOW###
4	3	45	0	0	0	306.839965	174.340595	7.481842	7.506241	-1	###LINE###
5	3	45	0	0	0	306.84	174.34	7.48	7.51	100	31
3	3	46	0	0	0	378.839953	174.340595	7.481842	7.506241	-1	###FLOW###
4	3	46	0	0	0	378.839953	174.340595	7.481842	7.506241	-1	###LINE###
5	3	46	0	0	0	378.84	174.34	7.48	7.51	100	17
3	3	47	0	0	0	450.839941	174.340595	7.481842	7.506241	-1	###FLOW###
4	3	47	0	0	0	450.839941	174.340595	7.481842	7.506241	-1	###LINE###
5	3	47	0	0	0	450.84	174.34	7.48	7.51	100	23
3	3	48	0	0	0	526.559899	174.340595	3.740921	7.506241	-1	###FLOW###
4	3	48	0	0	0	526.559899	174.340595	3.740921	7.506241	-1	###LINE###
5	3	48	0	0	0	526.56	174.34	3.74	7.51	100	6
3	3	49	0	0	0	598.559887	174.340595	3.740921	7.506241	-1	###FLOW###
4	3	49	0	0	0	598.559887	174.340595	3.740921	7.506241	-1	###LINE###
5	3	49	0	0	0	598.56	174.34	3.74	7.51	100	6
3	3	50	0	0	0	670.559876	174.340595	3.740921	7.506241	-1	###FLOW###
4	3	50	0	0	0	670.559876	174.340595	3.740921	7.506241	-1	###LINE###
5	3	50	0	0	0	670.56	174.34	3.74	7.51	100	4
3	3	51	0	0	0	117.719981	186.700590	16.100762	7.506241	-1	###FLOW###
4	3	51	0	0	0	117.719981	186.700590	16.100762	7.506241	-1	###LINE###
5	3	51	0	0	0	117.72	186.70	16.10	7.51	100	Floyd
3	3	52	0	0	0	225.479966	186.700590	16.827415	7.506241	-1	###FLOW###
4	3	52	0	0	0	225.479966	186.700590	16.827415	7.506241	-1	###LINE###
5	3	52	0	0	0	225.48	186.70	16.83	7.51	100	1,105
3	3	53	0	0	0	306.839965	186.700590	7.481842	7.506241	-1	###FLOW###
4	3	53	0	0	0	306.839965	186.700590	7.481842	7.506241	-1	###LINE###
5	3	53	0	0	0	306.84	186.70	7.48	7.51	100	18
3	3	54	0	0	0	378.839953	186.700590	7.481842	7.506241	-1	###FLOW###
4	3	54	0	0	0	378.839953	186.700590	7.481842	7.506241	-1	###LINE###
5	3	54	0	0	0	378.84	186.70	7.48	7.51	100	15
3	3	55	0	0	0	450.839941	186.700590	7.481842	7.506241	-1	###FLOW###
4	3	55	0	0	0	450.839941	186.700590	7.481842	7.506241	-1	###LINE###
5	3	55	0	0	0	450.84	186.70	7.48	7.51	100	22
3	3	56	0	0	0	526.559899	186.700590	3.740921	7.506241	-1	###FLOW###
4	3	56	0	0	0	526.559899	186.700590	3.740921	7.506241	-1	###LINE###
5	3	56	0	0	0	526.56	186.70	3.74	7.51	100	3
3	3	57	0	0	0	598.559887	186.700590	3.740921	7.506241	-1	###FLOW###
4	3	57	0	0	0	598.559887	186.700590	3.740921	7.506241	-1	###LINE###
5	3	57	0	0	0	598.56	186.70	3.74	7.51	100	2
3	3	58	0	0	0	670.559876	186.700590	3.740921	7.506241	-1	###FLOW###
4	3	58	0	0	0	670.559876	186.700590	3.740921	7.506241	-1	###LINE###
5	3	58	0	0	0	670.56	186.70	3.74	7.51	100	3
3	3	59	0	0	0	117.719981	198.940591	23.777723	7.506241	-1	###FLOW###
4	3	59	0	0	0	117.719981	198.940591	23.777723	7.506241	-1	###LINE###
5	3	59	0	0	0	117.72	198.94	23.78	7.51	100	Franklin
3	3	60	0	0	0	225.479966	198.940591	16.827415	7.506241	-1	###FLOW###
4	3	60	0	0	0	225.479966	198.940591	16.827415	7.506241	-1	###LINE###
5	3	60	0	0	0	225.48	198.94	16.83	7.51	100	2,636
3	3	61	0	0	0	303.119965	198.940591	11.222762	7.506241	-1	###FLOW###
4	3	61	0	0	0	303.119965	198.940591	11.222762	7.506241	-1	###LINE###
5	3	61	0	0	0	303.12	198.94	11.22	7.51	100	309
3	3	62	0	0	0	375.119954	198.940591	11.222762	7.506241	-1	###FLOW###
4	3	62	0	0	0	375.119954	198.940591	11.222762	7.506241	-1	###LINE###
5	3	62	0	0	0	375.12	198.94	11.22	7.51	100	159
3	3	63	0	0	0	447.119942	198.940591	11.222762	7.506241	-1	###FLOW###
4	3	63	0	0	0	447.119942	198.940591	11.222762	7.506241	-1	###LINE###
5	3	63	0	0	0	447.12	198.94	11.22	7.51	100	124
3	3	64	0	0	0	522.839930	198.940591	7.481842	7.506241	-1	###FLOW###
4	3	64	0	0	0	522.839930	198.940591	7.481842	7.506241	-1	###LINE###
5	3	64	0	0	0	522.84	198.94	7.48	7.51	100	40
3	3	65	0	0	0	594.839919	198.940591	7.481842	7.506241	-1	###FLOW###
4	3	65	0	0	0	594.839919	198.940591	7.481842	7.506241	-1	###LINE###
5	3	65	0	0	0	594.84	198.94	7.48	7.51	100	28
3	3	66	0	0	0	666.839907	198.940591	7.481842	7.506241	-1	###FLOW###
4	3	66	0	0	0	666.839907	198.940591	7.481842	7.506241	-1	###LINE###
5	3	66	0	0	0	666.84	198.94	7.48	7.51	100	20
3	3	67	0	0	0	117.719981	211.300586	18.462386	7.506241	-1	###FLOW###
4	3	67	0	0	0	117.719981	211.300586	18.462386	7.506241	-1	###LINE###
5	3	67	0	0	0	117.72	211.30	18.46	7.51	100	Fulton
3	3	68	0	0	0	231.119961	211.300586	11.222762	7.506241	-1	###FLOW###
4	3	68	0	0	0	231.119961	211.300586	11.222762	7.506241	-1	###LINE###
5	3	68	0	0	0	231.12	211.30	11.22	7.51	100	227
3	3	69	0	0	0	306.839965	211.300586	7.481842	7.506241	-1	###FLOW###
4	3	69	0	0	0	306.839965	211.300586	7.481842	7.506241	-1	###LINE###
5	3	69	0	0	0	306.84	211.30	7.48	7.51	100	12
3	3	70	0	0	0	382.559953	211.300586	3.740921	7.506241	-1	###FLOW###
4	3	70	0	0	0	382.559953	211.300586	3.740921	7.506241	-1	###LINE###
5	3	70	0	0	0	382.56	211.30	3.74	7.51	100	3
3	3	71	0	0	0	454.559941	211.300586	3.740921	7.506241	-1	###FLOW###
4	3	71	0	0	0	454.559941	211.300586	3.740921	7.506241	-1	###LINE###
5	3	71	0	0	0	454.56	211.30	3.74	7.51	100	6
3	3	72	0	0	0	526.559899	211.300586	3.740921	7.506241	-1	###FLOW###
4	3	72	0	0	0	526.559899	211.300586	3.740921	7.506241	-1	###LINE###
5	3	72	0	0	0	526.56	211.30	3.74	7.51	100	0
3	3	73	0	0	0	598.559887	211.300586	3.740921	7.506241	-1	###FLOW###
4	3	73	0	0	0	598.559887	211.300586	3.740921	7.506241	-1	###LINE###
5	3	73	0	0	0	598.56	211.30	3.74	7.51	100	2
3	3	74	0	0	0	670.559876	211.300586	3.740921	7.506241	-1	###FLOW###
4	3	74	0	0	0	670.559876	211.300586	3.740921	7.506241	-1	###LINE###
5	3	74	0	0	0	670.56	211.30	3.74	7.51	100	0
3	3	75	0	0	0	117.719981	223.540586	22.580090	7.506241	-1	###FLOW###
4	3	75	0	0	0	117.719981	223.540586	22.580090	7.506241	-1	###LINE###
5	3	75	0	0	0	117.72	223.54	22.58	7.51	100	Gallatin
3	3	76	0	0	0	231.119961	223.540586	11.222762	7.506241	-1	###FLOW###
4	3	76	0	0	0	231.119961	223.540586	11.222762	7.506241	-1	###LINE###
5	3	76	0	0	0	231.12	223.54	11.22	7.51	100	353
3	3	77	0	0	0	306.839965	223.540586	7.481842	7.506241	-1	###FLOW###
4	3	77	0	0	0	306.839965	223.540586	7.481842	7.506241	-1	###LINE###
5	3	77	0	0	0	306.84	223.54	7.48	7.51	100	14
3	3	78	0	0	0	382.559953	223.540586	3.740921	7.506241	-1	###FLOW###
4	3	78	0	0	0	382.559953	223.540586	3.740921	7.506241	-1	###LINE###
5	3	78	0	0	0	382.56	223.54	3.74	7.51	100	7
3	3	79	0	0	0	454.559941	223.540586	3.740921	7.506241	-1	###FLOW###
4	3	79	0	0	0	454.559941	223.540586	3.740921	7.506241	-1	###LINE###
5	3	79	0	0	0	454.56	223.54	3.74	7.51	100	8
3	3	80	0	0	0	526.559899	223.540586	3.740921	7.506241	-1	###FLOW###
4	3	80	0	0	0	526.559899	223.540586	3.740921	7.506241	-1	###LINE###
5	3	80	0	0	0	526.56	223.54	3.74	7.51	100	2
3	3	81	0	0	0	598.559887	223.540586	3.740921	7.506241	-1	###FLOW###
4	3	81	0	0	0	598.559887	223.540586	3.740921	7.506241	-1	###LINE###
5	3	81	0	0	0	598.56	223.54	3.74	7.51	100	5
3	3	82	0	0	0	670.559876	223.540586	3.740921	7.506241	-1	###FLOW###
4	3	82	0	0	0	670.559876	223.540586	3.740921	7.506241	-1	###LINE###
5	3	82	0	0	0	670.56	223.54	3.74	7.51	100	1
3	3	83	0	0	0	117.719981	235.900582	23.239461	7.506241	-1	###FLOW###
4	3	83	0	0	0	117.719981	235.900582	23.239461	7.506241	-1	###LINE###
5	3	83	0	0	0	117.72	235.90	23.24	7.51	100	Garrard
3	3	84	0	0	0	225.479966	235.900582	16.827415	7.506241	-1	###FLOW###
4	3	84	0	0	0	225.479966	235.900582	16.827415	7.506241	-1	###LINE###
5	3	84	0	0	0	225.48	235.90	16.83	7.51	100	1,313
3	3	85	0	0	0	306.839965	235.900582	7.481842	7.506241	-1	###FLOW###
4	3	85	0	0	0	306.839965	235.900582	7.481842	7.506241	-1	###LINE###
5	3	85	0	0	0	306.84	235.90	7.48	7.51	100	63
3	3	86	0	0	0	378.839953	235.900582	7.481842	7.506241	-1	###FLOW###
4	3	86	0	0	0	378.839953	235.900582	7.481842	7.506241	-1	###LINE###
5	3	86	0	0	0	378.84	235.90	7.48	7.51	100	40
3	3	87	0	0	0	450.839941	235.900582	7.481842	7.506241	-1	###FLOW###
4	3	87	0	0	0	450.839941	235.900582	7.481842	7.506241	-1	###LINE###
5	3	87	0	0	0	450.84	235.90	7.48	7.51	100	44
3	3	88	0	0	0	522.839930	235.900582	7.481842	7.506241	-1	###FLOW###
4	3	88	0	0	0	522.839930	235.900582	7.481842	7.506241	-1	###LINE###
5	3	88	0	0	0	522.84	235.90	7.48	7.51	100	18
3	3	89	0	0	0	598.559887	235.900582	3.740921	7.506241	-1	###FLOW###
4	3	89	0	0	0	598.559887	235.900582	3.740921	7.506241	-1	###LINE###
5	3	89	0	0	0	598.56	235.90	3.74	7.51	100	4
3	3	90	0	0	0	670.559876	235.900582	3.740921	7.506241	-1	###FLOW###
4	3	90	0	0	0	670.559876	235.900582	3.740921	7.506241	-1	###LINE###
5	3	90	0	0	0	670.56	235.90	3.74	7.51	100	2
3	3	91	0	0	0	117.719981	248.140582	16.901426	7.506241	-1	###FLOW###
4	3	91	0	0	0	117.719981	248.140582	16.901426	7.506241	-1	###LINE###
5	3	91	0	0	0	117.72	248.14	16.90	7.51	100	Grant
3	3	92	0	0	0	225.479966	248.140582	16.827415	7.506241	-1	###FLOW###
4	3	92	0	0	0	225.479966	248.140582	16.827415	7.506241	-1	###LINE###
5	3	92	0	0	0	225.48	248.14	16.83	7.51	100	1,677
3	3	93	0	0	0	306.839965	248.140582	7.481842	7.506241	-1	###FLOW###
4	3	93	0	0	0	306.839965	248.140582	7.481842	7.506241	-1	###LINE###
5	3	93	0	0	0	306.84	248.14	7.48	7.51	100	57
3	3	94	0	0	0	378.839953	248.140582	7.481842	7.506241	-1	###FLOW###
4	3	94	0	0	0	378.839953	248.140582	7.481842	7.506241	-1	###LINE###
5	3	94	0	0	0	378.84	248.14	7.48	7.51	100	44
3	3	95	0	0	0	450.839941	248.140582	7.481842	7.506241	-1	###FLOW###
4	3	95	0	0	0	450.839941	248.140582	7.481842	7.506241	-1	###LINE###
5	3	95	0	0	0	450.84	248.14	7.48	7.51	100	56
3	3	96	0	0	0	526.559899	248.140582	3.740921	7.506241	-1	###FLOW###
4	3	96	0	0	0	526.559899	248.140582	3.740921	7.506241	-1	###LINE###
5	3	96	0	0	0	526.56	248.14	3.74	7.51	100	7
3	3	97	0	0	0	594.839919	248.140582	7.481842	7.506241	-1	###FLOW###
4	3	97	0	0	0	594.839919	248.140582	7.481842	7.506241	-1	###LINE###
5	3	97	0	0	0	594.84	248.14	7.48	7.51	100	13
3	3	98	0	0	0	670.559876	248.140582	3.740921	7.506241	-1	###FLOW###
4	3	98	0	0	0	670.559876	248.140582	3.740921	7.506241	-1	###LINE###
5	3	98	0	0	0	670.56	248.14	3.74	7.51	100	1
3	3	99	0	0	0	117.719981	260.500577	21.860165	7.506241	-1	###FLOW###
4	3	99	0	0	0	117.719981	260.500577	21.860165	7.506241	-1	###LINE###
5	3	99	0	0	0	117.72	260.50	21.86	7.51	100	Graves
3	3	100	0	0	0	225.479966	260.500577	16.827415	7.506241	-1	###FLOW###
4	3	100	0	0	0	225.479966	260.500577	16.827415	7.506241	-1	###LINE###
5	3	100	0	0	0	225.48	260.50	16.83	7.51	100	2,607
3	3	101	0	0	0	306.839965	260.500577	7.481842	7.506241	-1	###FLOW###
4	3	101	0	0	0	306.839965	260.500577	7.481842	7.506241	-1	###LINE###
5	3	101	0	0	0	306.84	260.50	7.48	7.51	100	98
3	3	102	0	0	0	378.839953	260.500577	7.481842	7.506241	-1	###FLOW###
4	3	102	0	0	0	378.839953	260.500577	7.481842	7.506241	-1	###LINE###
5	3	102	0	0	0	378.84	260.50	7.48	7.51	100	68
3	3	103	0	0	0	450.839941	260.500577	7.481842	7.506241	-1	###FLOW###
4	3	103	0	0	0	450.839941	260.500577	7.481842	7.506241	-1	###LINE###
5	3	103	0	0	0	450.84	260.50	7.48	7.51	100	78
3	3	104	0	0	0	526.559899	260.500577	3.740921	7.506241	-1	###FLOW###
4	3	104	0	0	0	526.559899	260.500577	3.740921	7.506241	-1	###LINE###
5	3	104	0	0	0	526.56	260.50	3.74	7.51	100	6
3	3	105	0	0	0	598.559887	260.500577	3.740921	7.506241	-1	###FLOW###
4	3	105	0	0	0	598.559887	260.500577	3.740921	7.506241	-1	###LINE###
5	3	105	0	0	0	598.56	260.50	3.74	7.51	100	9
3	3	106	0	0	0	670.559876	260.500577	3.740921	7.506241	-1	###FLOW###
4	3	106	0	0	0	670.559876	260.500577	3.740921	7.506241	-1	###LINE###
5	3	106	0	0	0	670.56	260.50	3.74	7.51	100	7
3	3	107	0	0	0	117.719981	272.740577	25.365596	7.506241	-1	###FLOW###
4	3	107	0	0	0	117.719981	272.740577	25.365596	7.506241	-1	###LINE###
5	3	107	0	0	0	117.72	272.74	25.37	7.51	100	Grayson
3	3	108	0	0	0	225.479966	272.740577	16.827415	7.506241	-1	###FLOW###
4	3	108	0	0	0	225.479966	272.740577	16.827415	7.506241	-1	###LINE###
5	3	108	0	0	0	225.48	272.74	16.83	7.51	100	1,839
3	3	109	0	0	0	303.119965	272.740577	11.222762	7.506241	-1	###FLOW###
4	3	109	0	0	0	303.119965	272.740577	11.222762	7.506241	-1	###LINE###
5	3	109	0	0	0	303.12	272.74	11.22	7.51	100	113
3	3	110	0	0	0	378.839953	272.740577	7.481842	7.506241	-1	###FLOW###
4	3	110	0	0	0	378.839953	272.740577	7.481842	7.506241	-1	###LINE###
5	3	110	0	0	0	378.84	272.74	7.48	7.51	100	49
3	3	111	0	0	0	450.839941	272.740577	7.481842	7.506241	-1	###FLOW###
4	3	111	0	0	0	450.839941	272.740577	7.481842	7.506241	-1	###LINE###
5	3	111	0	0	0	450.84	272.74	7.48	7.51	100	57
3	3	112	0	0	0	522.839930	272.740577	7.481842	7.506241	-1	###FLOW###
4	3	112	0	0	0	522.839930	272.740577	7.481842	7.506241	-1	###LINE###
5	3	112	0	0	0	522.84	272.74	7.48	7.51	100	21
3	3	113	0	0	0	598.559887	272.740577	3.740921	7.506241	-1	###FLOW###
4	3	113	0	0	0	598.559887	272.740577	3.740921	7.506241	-1	###LINE###
5	3	113	0	0	0	598.56	272.74	3.74	7.51	100	8
3	3	114	0	0	0	670.559876	272.740577	3.740921	7.506241	-1	###FLOW###
4	3	114	0	0	0	670.559876	272.740577	3.740921	7.506241	-1	###LINE###
5	3	114	0	0	0	670.56	272.74	3.74	7.51	100	8
3	3	115	0	0	0	117.719981	285.100573	18.778615	7.506241	-1	###FLOW###
4	3	115	0	0	0	117.719981	285.100573	18.778615	7.506241	-1	###LINE###
5	3	115	0	0	0	117.72	285.10	18.78	7.51	100	Green
3	3	116	0	0	0	225.479966	285.100573	16.827415	7.506241	-1	###FLOW###
4	3	116	0	0	0	225.479966	285.100573	16.827415	7.506241	-1	###LINE###
5	3	116	0	0	0	225.48	285.10	16.83	7.51	100	1,136
3	3	117	0	0	0	306.839965	285.100573	7.481842	7.506241	-1	###FLOW###
4	3	117	0	0	0	306.839965	285.100573	7.481842	7.506241	-1	###LINE###
5	3	117	0	0	0	306.84	285.10	7.48	7.51	100	30
3	3	118	0	0	0	378.839953	285.100573	7.481842	7.506241	-1	###FLOW###
4	3	118	0	0	0	378.839953	285.100573	7.481842	7.506241	-1	###LINE###
5	3	118	0	0	0	378.84	285.10	7.48	7.51	100	21
3	3	119	0	0	0	450.839941	285.100573	7.481842	7.506241	-1	###FLOW###
4	3	119	0	0	0	450.839941	285.100573	7.481842	7.506241	-1	###LINE###
5	3	119	0	0	0	450.84	285.10	7.48	7.51	100	26
3	3	120	0	0	0	522.839930	285.100573	7.481842	7.506241	-1	###FLOW###
4	3	120	0	0	0	522.839930	285.100573	7.481842	7.506241	-1	###LINE###
5	3	120	0	0	0	522.84	285.10	7.48	7.51	100	11
3	3	121	0	0	0	598.559887	285.100573	3.740921	7.506241	-1	###FLOW###
4	3	121	0	0	0	598.559887	285.100573	3.740921	7.506241	-1	###LINE###
5	3	121	0	0	0	598.56	285.10	3.74	7.51	100	3
3	3	122	0	0	0	670.559876	285.100573	3.740921	7.506241	-1	###FLOW###
4	3	122	0	0	0	670.559876	285.100573	3.740921	7.506241	-1	###LINE###
5	3	122	0	0	0	670.56	285.10	3.74	7.51	100	6
3	3	123	0	0	0	117.719981	297.340572	26.179717	7.506241	-1	###FLOW###
4	3	123	0	0	0	117.719981	297.340572	26.179717	7.506241	-1	###LINE###
5	3	123	0	0	0	117.72	297.34	26.18	7.51	100	Greenup
3	3	124	0	0	0	225.479966	297.340572	16.827415	7.506241	-1	###FLOW###
4	3	124	0	0	0	225.479966	297.340572	16.827415	7.506241	-1	###LINE###
5	3	124	0	0	0	225.48	297.34	16.83	7.51	100	2,760
3	3	125	0	0	0	303.119965	297.340572	11.222762	7.506241	-1	###FLOW###
4	3	125	0	0	0	303.119965	297.340572	11.222762	7.506241	-1	###LINE###
5	3	125	0	0	0	303.12	297.34	11.22	7.51	100	121
3	3	126	0	0	0	375.119954	297.340572	11.222762	7.506241	-1	###FLOW###
4	3	126	0	0	0	375.119954	297.340572	11.222762	7.506241	-1	###LINE###
5	3	126	0	0	0	375.12	297.34	11.22	7.51	100	114
3	3	127	0	0	0	450.839941	297.340572	7.481842	7.506241	-1	###FLOW###
4	3	127	0	0	0	450.839941	297.340572	7.481842	7.506241	-1	###LINE###
5	3	127	0	0	0	450.84	297.34	7.48	7.51	100	82
3	3	128	0	0	0	522.839930	297.340572	7.481842	7.506241	-1	###FLOW###
4	3	128	0	0	0	522.839930	297.340572	7.481842	7.506241	-1	###LINE###
5	3	128	0	0	0	522.84	297.34	7.48	7.51	100	26
3	3	129	0	0	0	594.839919	297.340572	7.481842	7.506241	-1	###FLOW###
4	3	129	0	0	0	594.839919	297.340572	7.481842	7.506241	-1	###LINE###
5	3	129	0	0	0	594.84	297.34	7.48	7.51	100	27
3	3	130	0	0	0	670.559876	297.340572	3.740921	7.506241	-1	###FLOW###
4	3	130	0	0	0	670.559876	297.340572	3.740921	7.506241	-1	###LINE###
5	3	130	0	0	0	670.56	297.34	3.74	7.51	100	5
3	3	131	0	0	0	117.719981	309.700568	26.092250	7.506241	-1	###FLOW###
4	3	131	0	0	0	117.719981	309.700568	26.092250	7.506241	-1	###LINE###
5	3	131	0	0	0	117.72	309.70	26.09	7.51	100	Hancock
3	3	132	0	0	0	231.119961	309.700568	11.222762	7.506241	-1	###FLOW###
4	3	132	0	0	0	231.119961	309.700568	11.222762	7.506241	-1	###LINE###
5	3	132	0	0	0	231.12	309.70	11.22	7.51	100	474
3	3	133	0	0	0	306.839965	309.700568	7.481842	7.506241	-1	###FLOW###
4	3	133	0	0	0	306.839965	309.700568	7.481842	7.506241	-1	###LINE###
5	3	133	0	0	0	306.84	309.70	7.48	7.51	100	22
3	3	134	0	0	0	378.839953	309.700568	7.481842	7.506241	-1	###FLOW###
4	3	134	0	0	0	378.839953	309.700568	7.481842	7.506241	-1	###LINE###
5	3	134	0	0	0	378.84	309.70	7.48	7.51	100	11
3	3	135	0	0	0	450.839941	309.700568	7.481842	7.506241	-1	###FLOW###
4	3	135	0	0	0	450.839941	309.700568	7.481842	7.506241	-1	###LINE###
5	3	135	0	0	0	450.84	309.70	7.48	7.51	100	15
3	3	136	0	0	0	526.559899	309.700568	3.740921	7.506241	-1	###FLOW###
4	3	136	0	0	0	526.559899	309.700568	3.740921	7.506241	-1	###LINE###
5	3	136	0	0	0	526.56	309.70	3.74	7.51	100	3
3	3	137	0	0	0	598.559887	309.700568	3.740921	7.506241	-1	###FLOW###
4	3	137	0	0	0	598.559887	309.700568	3.740921	7.506241	-1	###LINE###
5	3	137	0	0	0	598.56	309.70	3.74	7.51	100	2
3	3	138	0	0	0	670.559876	309.700568	3.740921	7.506241	-1	###FLOW###
4	3	138	0	0	0	670.559876	309.700568	3.740921	7.506241	-1	###LINE###
5	3	138	0	0	0	670.56	309.70	3.74	7.51	100	3
3	3	139	0	0	0	117.719981	321.940568	19.814769	7.506241	-1	###FLOW###
4	3	139	0	0	0	117.719981	321.940568	19.814769	7.506241	-1	###LINE###
5	3	139	0	0	0	117.72	321.94	19.81	7.51	100	Hardin
3	3	140	0	0	0	225.479966	321.940568	16.827415	7.506241	-1	###FLOW###
4	3	140	0	0	0	225.479966	321.940568	16.827415	7.506241	-1	###LINE###
5	3	140	0	0	0	225.48	321.94	16.83	7.51	100	4,071
3	3	141	0	0	0	303.119965	321.940568	11.222762	7.506241	-1	###FLOW###
4	3	141	0	0	0	303.119965	321.940568	11.222762	7.506241	-1	###LINE###
5	3	141	0	0	0	303.12	321.94	11.22	7.51	100	292
3	3	142	0	0	0	375.119954	321.940568	11.222762	7.506241	-1	###FLOW###
4	3	142	0	0	0	375.119954	321.940568	11.222762	7.506241	-1	###LINE###
5	3	142	0	0	0	375.12	321.94	11.22	7.51	100	170
3	3	143	0	0	0	447.119942	321.940568	11.222762	7.506241	-1	###FLOW###
4	3	143	0	0	0	447.119942	321.940568	11.222762	7.506241	-1	###LINE###
5	3	143	0	0	0	447.12	321.94	11.22	7.51	100	147
3	3	144	0	0	0	522.839930	321.940568	7.481842	7.506241	-1	###FLOW###
4	3	144	0	0	0	522.839930	321.940568	7.481842	7.506241	-1	###LINE###
5	3	144	0	0	0	522.84	321.94	7.48	7.51	100	40
3	3	145	0	0	0	594.839919	321.940568	7.481842	7.506241	-1	###FLOW###
4	3	145	0	0	0	594.839919	321.940568	7.481842	7.506241	-1	###LINE###
5	3	145	0	0	0	594.84	321.94	7.48	7.51	100	39
3	3	146	0	0	0	666.839907	321.940568	7.481842	7.506241	-1	###FLOW###
4	3	146	0	0	0	666.839907	321.940568	7.481842	7.506241	-1	###LINE###
5	3	146	0	0	0	666.84	321.94	7.48	7.51	100	16
3	3	147	0	0	0	117.719981	334.300594	19.599465	7.506241	-1	###FLOW###
4	3	147	0	0	0	117.719981	334.300594	19.599465	7.506241	-1	###LINE###
5	3	147	0	0	0	117.72	334.30	19.60	7.51	100	Harlan
3	3	148	0	0	0	225.479966	334.300594	16.827415	7.506241	-1	###FLOW###
4	3	148	0	0	0	225.479966	334.300594	16.827415	7.506241	-1	###LINE###
5	3	148	0	0	0	225.48	334.30	16.83	7.51	100	2,029
3	3	149	0	0	0	306.839965	334.300594	7.481842	7.506241	-1	###FLOW###
4	3	149	0	0	0	306.839965	334.300594	7.481842	7.506241	-1	###LINE###
5	3	149	0	0	0	306.84	334.30	7.48	7.51	100	35
3	3	150	0	0	0	378.839953	334.300594	7.481842	7.506241	-1	###FLOW###
4	3	150	0	0	0	378.839953	334.300594	7.481842	7.506241	-1	###LINE###
5	3	150	0	0	0	378.84	334.30	7.48	7.51	100	35
3	3	151	0	0	0	450.839941	334.300594	7.481842	7.506241	-1	###FLOW###
4	3	151	0	0	0	450.839941	334.300594	7.481842	7.506241	-1	###LINE###
5	3	151	0	0	0	450.84	334.30	7.48	7.51	100	23
3	3	152	0	0	0	526.559899	334.300594	3.740921	7.506241	-1	###FLOW###
4	3	152	0	0	0	526.559899	334.300594	3.740921	7.506241	-1	###LINE###
5	3	152	0	0	0	526.56	334.30	3.74	7.51	100	6
3	3	153	0	0	0	598.559887	334.300594	3.740921	7.506241	-1	###FLOW###
4	3	153	0	0	0	598.559887	334.300594	3.740921	7.506241	-1	###LINE###
5	3	153	0	0	0	598.56	334.30	3.74	7.51	100	4
3	3	154	0	0	0	670.559876	334.300594	3.740921	7.506241	-1	###FLOW###
4	3	154	0	0	0	670.559876	334.300594	3.740921	7.506241	-1	###LINE###
5	3	154	0	0	0	670.56	334.30	3.74	7.51	100	4
3	3	155	0	0	0	117.719981	346.540594	25.419422	7.506241	-1	###FLOW###
4	3	155	0	0	0	117.719981	346.540594	25.419422	7.506241	-1	###LINE###
5	3	155	0	0	0	117.72	346.54	25.42	7.51	100	Harrison
3	3	156	0	0	0	231.119961	346.540594	11.222762	7.506241	-1	###FLOW###
4	3	156	0	0	0	231.119961	346.540594	11.222762	7.506241	-1	###LINE###
5	3	156	0	0	0	231.12	346.54	11.22	7.51	100	755
3	3	157	0	0	0	306.839965	346.540594	7.481842	7.506241	-1	###FLOW###
4	3	157	0	0	0	306.839965	346.540594	7.481842	7.506241	-1	###LINE###
5	3	157	0	0	0	306.84	346.54	7.48	7.51	100	46
3	3	158	0	0	0	378.839953	346.540594	7.481842	7.506241	-1	###FLOW###
4	3	158	0	0	0	378.839953	346.540594	7.481842	7.506241	-1	###LINE###
5	3	158	0	0	0	378.84	346.54	7.48	7.51	100	24
3	3	159	0	0	0	450.839941	346.540594	7.481842	7.506241	-1	###FLOW###
4	3	159	0	0	0	450.839941	346.540594	7.481842	7.506241	-1	###LINE###
5	3	159	0	0	0	450.84	346.54	7.48	7.51	100	36
3	3	160	0	0	0	526.559899	346.540594	3.740921	7.506241	-1	###FLOW###
4	3	160	0	0	0	526.559899	346.540594	3.740921	7.506241	-1	###LINE###
5	3	160	0	0	0	526.56	346.54	3.74	7.51	100	9
3	3	161	0	0	0	598.559887	346.540594	3.740921	7.506241	-1	###FLOW###
4	3	161	0	0	0	598.559887	346.540594	3.740921	7.506241	-1	###LINE###
5	3	161	0	0	0	598.56	346.54	3.74	7.51	100	6
3	3	162	0	0	0	670.559876	346.540594	3.740921	7.506241	-1	###FLOW###
4	3	162	0	0	0	670.559876	346.540594	3.740921	7.506241	-1	###LINE###
5	3	162	0	0	0	670.56	346.54	3.74	7.51	100	2
3	3	163	0	0	0	117.719981	358.900575	12.622244	7.506241	-1	###FLOW###
4	3	163	0	0	0	117.719981	358.900575	12.622244	7.506241	-1	###LINE###
5	3	163	0	0	0	117.72	358.90	12.62	7.51	100	Hart
3	3	164	0	0	0	225.479966	358.900575	16.827415	7.506241	-1	###FLOW###
4	3	164	0	0	0	225.479966	358.900575	16.827415	7.506241	-1	###LINE###
5	3	164	0	0	0	225.48	358.90	16.83	7.51	100	1,157
3	3	165	0	0	0	306.839965	358.900575	7.481842	7.506241	-1	###FLOW###
4	3	165	0	0	0	306.839965	358.900575	7.481842	7.506241	-1	###LINE###
5	3	165	0	0	0	306.84	358.90	7.48	7.51	100	33
3	3	166	0	0	0	378.839953	358.900575	7.481842	7.506241	-1	###FLOW###
4	3	166	0	0	0	378.839953	358.900575	7.481842	7.506241	-1	###LINE###
5	3	166	0	0	0	378.84	358.90	7.48	7.51	100	31
3	3	167	0	0	0	450.839941	358.900575	7.481842	7.506241	-1	###FLOW###
4	3	167	0	0	0	450.839941	358.900575	7.481842	7.506241	-1	###LINE###
5	3	167	0	0	0	450.84	358.90	7.48	7.51	100	24
3	3	168	0	0	0	526.559899	358.900575	3.740921	7.506241	-1	###FLOW###
4	3	168	0	0	0	526.559899	358.900575	3.740921	7.506241	-1	###LINE###
5	3	168	0	0	0	526.56	358.90	3.74	7.51	100	3
3	3	169	0	0	0	598.559887	358.900575	3.740921	7.506241	-1	###FLOW###
4	3	169	0	0	0	598.559887	358.900575	3.740921	7.506241	-1	###LINE###
5	3	169	0	0	0	598.56	358.90	3.74	7.51	100	7
3	3	170	0	0	0	670.559876	358.900575	3.740921	7.506241	-1	###FLOW###
4	3	170	0	0	0	670.559876	358.900575	3.740921	7.506241	-1	###LINE###
5	3	170	0	0	0	670.56	358.90	3.74	7.51	100	3
3	3	171	0	0	0	117.719981	371.140574	32.759970	7.506241	-1	###FLOW###
4	3	171	0	0	0	117.719981	371.140574	32.759970	7.506241	-1	###LINE###
5	3	171	0	0	0	117.72	371.14	32.76	7.51	100	Henderson
3	3	172	0	0	0	225.479966	371.140574	16.827415	7.506241	-1	###FLOW###
4	3	172	0	0	0	225.479966	371.140574	16.827415	7.506241	-1	###LINE###
5	3	172	0	0	0	225.48	371.14	16.83	7.51	100	1,199
3	3	173	0	0	0	306.839965	371.140574	7.481842	7.506241	-1	###FLOW###
4	3	173	0	0	0	306.839965	371.140574	7.481842	7.506241	-1	###LINE###
5	3	173	0	0	0	306.84	371.14	7.48	7.51	100	93
3	3	174	0	0	0	378.839953	371.140574	7.481842	7.506241	-1	###FLOW###
4	3	174	0	0	0	378.839953	371.140574	7.481842	7.506241	-1	###LINE###
5	3	174	0	0	0	378.84	371.14	7.48	7.51	100	29
3	3	175	0	0	0	450.839941	371.140574	7.481842	7.506241	-1	###FLOW###
4	3	175	0	0	0	450.839941	371.140574	7.481842	7.506241	-1	###LINE###
5	3	175	0	0	0	450.84	371.14	7.48	7.51	100	38
3	3	176	0	0	0	526.559899	371.140574	3.740921	7.506241	-1	###FLOW###
4	3	176	0	0	0	526.559899	371.140574	3.740921	7.506241	-1	###LINE###
5	3	176	0	0	0	526.56	371.14	3.74	7.51	100	9
3	3	177	0	0	0	594.839919	371.140574	7.481842	7.506241	-1	###FLOW###
4	3	177	0	0	0	594.839919	371.140574	7.481842	7.506241	-1	###LINE###
5	3	177	0	0	0	594.84	371.14	7.48	7.51	100	11
3	3	178	0	0	0	670.559876	371.140574	3.740921	7.506241	-1	###FLOW###
4	3	178	0	0	0	670.559876	371.140574	3.740921	7.506241	-1	###LINE###
5	3	178	0	0	0	670.56	371.14	3.74	7.51	100	7
3	3	179	0	0	0	117.719981	383.500570	17.863570	7.506241	-1	###FLOW###
4	3	179	0	0	0	117.719981	383.500570	17.863570	7.506241	-1	###LINE###
5	3	179	0	0	0	117.72	383.50	17.86	7.51	100	Henry
3	3	180	0	0	0	225.479966	383.500570	16.827415	7.506241	-1	###FLOW###
4	3	180	0	0	0	225.479966	383.500570	16.827415	7.506241	-1	###LINE###
5	3	180	0	0	0	225.48	383.50	16.83	7.51	100	1,421
3	3	181	0	0	0	306.839965	383.500570	7.481842	7.506241	-1	###FLOW###
4	3	181	0	0	0	306.839965	383.500570	7.481842	7.506241	-1	###LINE###
5	3	181	0	0	0	306.84	383.50	7.48	7.51	100	59
3	3	182	0	0	0	378.839953	383.500570	7.481842	7.506241	-1	###FLOW###
4	3	182	0	0	0	378.839953	383.500570	7.481842	7.506241	-1	###LINE###
5	3	182	0	0	0	378.84	383.50	7.48	7.51	100	49
3	3	183	0	0	0	450.839941	383.500570	7.481842	7.506241	-1	###FLOW###
4	3	183	0	0	0	450.839941	383.500570	7.481842	7.506241	-1	###LINE###
5	3	183	0	0	0	450.84	383.50	7.48	7.51	100	51
3	3	184	0	0	0	522.839930	383.500570	7.481842	7.506241	-1	###FLOW###
4	3	184	0	0	0	522.839930	383.500570	7.481842	7.506241	-1	###LINE###
5	3	184	0	0	0	522.84	383.50	7.48	7.51	100	11
3	3	185	0	0	0	598.559887	383.500570	3.740921	7.506241	-1	###FLOW###
4	3	185	0	0	0	598.559887	383.500570	3.740921	7.506241	-1	###LINE###
5	3	185	0	0	0	598.56	383.50	3.74	7.51	100	5
3	3	186	0	0	0	670.559876	383.500570	3.740921	7.506241	-1	###FLOW###
4	3	186	0	0	0	670.559876	383.500570	3.740921	7.506241	-1	###LINE###
5	3	186	0	0	0	670.56	383.50	3.74	7.51	100	8
3	3	187	0	0	0	117.719981	395.740570	26.166261	7.506241	-1	###FLOW###
4	3	187	0	0	0	117.719981	395.740570	26.166261	7.506241	-1	###LINE###
5	3	187	0	0	0	117.72	395.74	26.17	7.51	100	Hickman
3	3	188	0	0	0	231.119961	395.740570	11.222762	7.506241	-1	###FLOW###
4	3	188	0	0	0	231.119961	395.740570	11.222762	7.506241	-1	###LINE###
5	3	188	0	0	0	231.12	395.74	11.22	7.51	100	329
3	3	189	0	0	0	310.559965	395.740570	3.740921	7.506241	-1	###FLOW###
4	3	189	0	0	0	310.559965	395.740570	3.740921	7.506241	-1	###LINE###
5	3	189	0	0	0	310.56	395.74	3.74	7.51	100	9
3	3	190	0	0	0	378.839953	395.740570	7.481842	7.506241	-1	###FLOW###
4	3	190	0	0	0	378.839953	395.740570	7.481842	7.506241	-1	###LINE###
5	3	190	0	0	0	378.84	395.74	7.48	7.51	100	10
3	3	191	0	0	0	454.559941	395.740570	3.740921	7.506241	-1	###FLOW###
4	3	191	0	0	0	454.559941	395.740570	3.740921	7.506241	-1	###LINE###
5	3	191	0	0	0	454.56	395.74	3.74	7.51	100	9
3	3	192	0	0	0	526.559899	395.740570	3.740921	7.506241	-1	###FLOW###
4	3	192	0	0	0	526.559899	395.740570	3.740921	7.506241	-1	###LINE###
5	3	192	0	0	0	526.56	395.74	3.74	7.51	100	1
3	3	193	0	0	0	598.559887	395.740570	3.740921	7.506241	-1	###FLOW###
4	3	193	0	0	0	598.559887	395.740570	3.740921	7.506241	-1	###LINE###
5	3	193	0	0	0	598.56	395.74	3.74	7.51	100	0
3	3	194	0	0	0	670.559876	395.740570	3.740921	7.506241	-1	###FLOW###
4	3	194	0	0	0	670.559876	395.740570	3.740921	7.506241	-1	###LINE###
5	3	194	0	0	0	670.56	395.74	3.74	7.51	100	3
3	3	195	0	0	0	117.719981	408.100566	24.221789	7.506241	-1	###FLOW###
4	3	195	0	0	0	117.719981	408.100566	24.221789	7.506241	-1	###LINE###
5	3	195	0	0	0	117.72	408.10	24.22	7.51	100	Hopkins
3	3	196	0	0	0	225.479966	408.100566	16.827415	7.506241	-1	###FLOW###
4	3	196	0	0	0	225.479966	408.100566	16.827415	7.506241	-1	###LINE###
5	3	196	0	0	0	225.48	408.10	16.83	7.51	100	1,731
3	3	197	0	0	0	306.839965	408.100566	7.481842	7.506241	-1	###FLOW###
4	3	197	0	0	0	306.839965	408.100566	7.481842	7.506241	-1	###LINE###
5	3	197	0	0	0	306.84	408.10	7.48	7.51	100	96
3	3	198	0	0	0	378.839953	408.100566	7.481842	7.506241	-1	###FLOW###
4	3	198	0	0	0	378.839953	408.100566	7.481842	7.506241	-1	###LINE###
5	3	198	0	0	0	378.84	408.10	7.48	7.51	100	56
3	3	199	0	0	0	450.839941	408.100566	7.481842	7.506241	-1	###FLOW###
4	3	199	0	0	0	450.839941	408.100566	7.481842	7.506241	-1	###LINE###
5	3	199	0	0	0	450.84	408.10	7.48	7.51	100	54
3	3	200	0	0	0	522.839930	408.100566	7.481842	7.506241	-1	###FLOW###
4	3	200	0	0	0	522.839930	408.100566	7.481842	7.506241	-1	###LINE###
5	3	200	0	0	0	522.84	408.10	7.48	7.51	100	16
3	3	201	0	0	0	594.839919	408.100566	7.481842	7.506241	-1	###FLOW###
4	3	201	0	0	0	594.839919	408.100566	7.481842	7.506241	-1	###LINE###
5	3	201	0	0	0	594.84	408.10	7.48	7.51	100	12
3	3	202	0	0	0	670.559876	408.100566	3.740921	7.506241	-1	###FLOW###
4	3	202	0	0	0	670.559876	408.100566	3.740921	7.506241	-1	###LINE###
5	3	202	0	0	0	670.56	408.10	3.74	7.51	100	3
3	3	203	0	0	0	117.719981	420.340565	24.679312	7.506241	-1	###FLOW###
4	3	203	0	0	0	117.719981	420.340565	24.679312	7.506241	-1	###LINE###
5	3	203	0	0	0	117.72	420.34	24.68	7.51	100	Jackson
3	3	204	0	0	0	225.479966	420.340565	16.827415	7.506241	-1	###FLOW###
4	3	204	0	0	0	225.479966	420.340565	16.827415	7.506241	-1	###LINE###
5	3	204	0	0	0	225.48	420.34	16.83	7.51	100	1,617
3	3	205	0	0	0	306.839965	420.340565	7.481842	7.506241	-1	###FLOW###
4	3	205	0	0	0	306.839965	420.340565	7.481842	7.506241	-1	###LINE###
5	3	205	0	0	0	306.84	420.34	7.48	7.51	100	60
3	3	206	0	0	0	378.839953	420.340565	7.481842	7.506241	-1	###FLOW###
4	3	206	0	0	0	378.839953	420.340565	7.481842	7.506241	-1	###LINE###
5	3	206	0	0	0	378.84	420.34	7.48	7.51	100	36
3	3	207	0	0	0	450.839941	420.340565	7.481842	7.506241	-1	###FLOW###
4	3	207	0	0	0	450.839941	420.340565	7.481842	7.506241	-1	###LINE###
5	3	207	0	0	0	450.84	420.34	7.48	7.51	100	30
3	3	208	0	0	0	522.839930	420.340565	7.481842	7.506241	-1	###FLOW###
4	3	208	0	0	0	522.839930	420.340565	7.481842	7.506241	-1	###LINE###
5	3	208	0	0	0	522.84	420.34	7.48	7.51	100	12
3	3	209	0	0	0	598.559887	420.340565	3.740921	7.506241	-1	###FLOW###
4	3	209	0	0	0	598.559887	420.340565	3.740921	7.506241	-1	###LINE###
5	3	209	0	0	0	598.56	420.34	3.74	7.51	100	3
3	3	210	0	0	0	670.559876	420.340565	3.740921	7.506241	-1	###FLOW###
4	3	210	0	0	0	670.559876	420.340565	3.740921	7.506241	-1	###LINE###
5	3	210	0	0	0	670.56	420.34	3.74	7.51	100	6
3	3	211	0	0	0	117.719981	432.700561	27.747405	7.506241	-1	###FLOW###
4	3	211	0	0	0	117.719981	432.700561	27.747405	7.506241	-1	###LINE###
5	3	211	0	0	0	117.72	432.70	27.75	7.51	100	Jefferson
3	3	212	0	0	0	221.759967	432.700561	20.568336	7.506241	-1	###FLOW###
4	3	212	0	0	0	221.759967	432.700561	20.568336	7.506241	-1	###LINE###
5	3	212	0	0	0	221.76	432.70	20.57	7.51	100	20,191
3	3	213	0	0	0	297.479954	432.700561	16.827415	7.506241	-1	###FLOW###
4	3	213	0	0	0	297.479954	432.700561	16.827415	7.506241	-1	###LINE###
5	3	213	0	0	0	297.48	432.70	16.83	7.51	100	2,775
3	3	214	0	0	0	369.479944	432.700561	16.827415	7.506241	-1	###FLOW###
4	3	214	0	0	0	369.479944	432.700561	16.827415	7.506241	-1	###LINE###
5	3	214	0	0	0	369.48	432.70	16.83	7.51	100	1,221
3	3	215	0	0	0	447.119942	432.700561	11.222762	7.506241	-1	###FLOW###
4	3	215	0	0	0	447.119942	432.700561	11.222762	7.506241	-1	###LINE###
5	3	215	0	0	0	447.12	432.70	11.22	7.51	100	958
3	3	216	0	0	0	519.119900	432.700561	11.222762	7.506241	-1	###FLOW###
4	3	216	0	0	0	519.119900	432.700561	11.222762	7.506241	-1	###LINE###
5	3	216	0	0	0	519.12	432.70	11.22	7.51	100	427
3	3	217	0	0	0	591.119888	432.700561	11.222762	7.506241	-1	###FLOW###
4	3	217	0	0	0	591.119888	432.700561	11.222762	7.506241	-1	###LINE###
5	3	217	0	0	0	591.12	432.70	11.22	7.51	100	205
3	3	218	0	0	0	663.119876	432.700561	11.222762	7.506241	-1	###FLOW###
4	3	218	0	0	0	663.119876	432.700561	11.222762	7.506241	-1	###LINE###
5	3	218	0	0	0	663.12	432.70	11.22	7.51	100	147
3	3	219	0	0	0	117.719981	444.940561	32.154425	7.506241	-1	###FLOW###
4	3	219	0	0	0	117.719981	444.940561	32.154425	7.506241	-1	###LINE###
5	3	219	0	0	0	117.72	444.94	32.15	7.51	100	Jessamine
3	3	220	0	0	0	225.479966	444.940561	16.827415	7.506241	-1	###FLOW###
4	3	220	0	0	0	225.479966	444.940561	16.827415	7.506241	-1	###LINE###
5	3	220	0	0	0	225.48	444.94	16.83	7.51	100	2,399
3	3	221	0	0	0	303.119965	444.940561	11.222762	7.506241	-1	###FLOW###
4	3	221	0	0	0	303.119965	444.940561	11.222762	7.506241	-1	###LINE###
5	3	221	0	0	0	303.12	444.94	11.22	7.51	100	281
3	3	222	0	0	0	375.119954	444.940561	11.222762	7.506241	-1	###FLOW###
4	3	222	0	0	0	375.119954	444.940561	11.222762	7.506241	-1	###LINE###
5	3	222	0	0	0	375.12	444.94	11.22	7.51	100	121
3	3	223	0	0	0	447.119942	444.940561	11.222762	7.506241	-1	###FLOW###
4	3	223	0	0	0	447.119942	444.940561	11.222762	7.506241	-1	###LINE###
5	3	223	0	0	0	447.12	444.94	11.22	7.51	100	132
3	3	224	0	0	0	522.839930	444.940561	7.481842	7.506241	-1	###FLOW###
4	3	224	0	0	0	522.839930	444.940561	7.481842	7.506241	-1	###LINE###
5	3	224	0	0	0	522.84	444.94	7.48	7.51	100	32
3	3	225	0	0	0	594.839919	444.940561	7.481842	7.506241	-1	###FLOW###
4	3	225	0	0	0	594.839919	444.940561	7.481842	7.506241	-1	###LINE###
5	3	225	0	0	0	594.84	444.94	7.48	7.51	100	33
3	3	226	0	0	0	666.839907	444.940561	7.481842	7.506241	-1	###FLOW###
4	3	226	0	0	0	666.839907	444.940561	7.481842	7.506241	-1	###LINE###
5	3	226	0	0	0	666.84	444.94	7.48	7.51	100	15
3	3	227	0	0	0	117.719981	457.300588	25.365596	7.506241	-1	###FLOW###
4	3	227	0	0	0	117.719981	457.300588	25.365596	7.506241	-1	###LINE###
5	3	227	0	0	0	117.72	457.30	25.37	7.51	100	Johnson
3	3	228	0	0	0	225.479966	457.300588	16.827415	7.506241	-1	###FLOW###
4	3	228	0	0	0	225.479966	457.300588	16.827415	7.506241	-1	###LINE###
5	3	228	0	0	0	225.48	457.30	16.83	7.51	100	1,833
3	3	229	0	0	0	306.839965	457.300588	7.481842	7.506241	-1	###FLOW###
4	3	229	0	0	0	306.839965	457.300588	7.481842	7.506241	-1	###LINE###
5	3	229	0	0	0	306.84	457.30	7.48	7.51	100	50
3	3	230	0	0	0	378.839953	457.300588	7.481842	7.506241	-1	###FLOW###
4	3	230	0	0	0	378.839953	457.300588	7.481842	7.506241	-1	###LINE###
5	3	230	0	0	0	378.84	457.30	7.48	7.51	100	27
3	3	231	0	0	0	450.839941	457.300588	7.481842	7.506241	-1	###FLOW###
4	3	231	0	0	0	450.839941	457.300588	7.481842	7.506241	-1	###LINE###
5	3	231	0	0	0	450.84	457.30	7.48	7.51	100	35
3	3	232	0	0	0	522.839930	457.300588	7.481842	7.506241	-1	###FLOW###
4	3	232	0	0	0	522.839930	457.300588	7.481842	7.506241	-1	###LINE###
5	3	232	0	0	0	522.84	457.30	7.48	7.51	100	11
3	3	233	0	0	0	598.559887	457.300588	3.740921	7.506241	-1	###FLOW###
4	3	233	0	0	0	598.559887	457.300588	3.740921	7.506241	-1	###LINE###
5	3	233	0	0	0	598.56	457.30	3.74	7.51	100	5
3	3	234	0	0	0	670.559876	457.300588	3.740921	7.506241	-1	###FLOW###
4	3	234	0	0	0	670.559876	457.300588	3.740921	7.506241	-1	###LINE###
5	3	234	0	0	0	670.56	457.30	3.74	7.51	100	7
3	3	235	0	0	0	117.719981	469.540587	21.241164	7.506241	-1	###FLOW###
4	3	235	0	0	0	117.719981	469.540587	21.241164	7.506241	-1	###LINE###
5	3	235	0	0	0	117.72	469.54	21.24	7.51	100	Kenton
3	3	236	0	0	0	225.479966	469.540587	16.827415	7.506241	-1	###FLOW###
4	3	236	0	0	0	225.479966	469.540587	16.827415	7.506241	-1	###LINE###
5	3	236	0	0	0	225.48	469.54	16.83	7.51	100	7,579
3	3	237	0	0	0	303.119965	469.540587	11.222762	7.506241	-1	###FLOW###
4	3	237	0	0	0	303.119965	469.540587	11.222762	7.506241	-1	###LINE###
5	3	237	0	0	0	303.12	469.54	11.22	7.51	100	880
3	3	238	0	0	0	375.119954	469.540587	11.222762	7.506241	-1	###FLOW###
4	3	238	0	0	0	375.119954	469.540587	11.222762	7.506241	-1	###LINE###
5	3	238	0	0	0	375.12	469.54	11.22	7.51	100	402
3	3	239	0	0	0	447.119942	469.540587	11.222762	7.506241	-1	###FLOW###
4	3	239	0	0	0	447.119942	469.540587	11.222762	7.506241	-1	###LINE###
5	3	239	0	0	0	447.12	469.54	11.22	7.51	100	360
3	3	240	0	0	0	519.119900	469.540587	11.222762	7.506241	-1	###FLOW###
4	3	240	0	0	0	519.119900	469.540587	11.222762	7.506241	-1	###LINE###
5	3	240	0	0	0	519.12	469.54	11.22	7.51	100	129
3	3	241	0	0	0	591.119888	469.540587	11.222762	7.506241	-1	###FLOW###
4	3	241	0	0	0	591.119888	469.540587	11.222762	7.506241	-1	###LINE###
5	3	241	0	0	0	591.12	469.54	11.22	7.51	100	107
3	3	242	0	0	0	666.839907	469.540587	7.481842	7.506241	-1	###FLOW###
4	3	242	0	0	0	666.839907	469.540587	7.481842	7.506241	-1	###LINE###
5	3	242	0	0	0	666.84	469.54	7.48	7.51	100	26
3	3	243	0	0	0	117.719981	481.900582	15.623054	7.506241	-1	###FLOW###
4	3	243	0	0	0	117.719981	481.900582	15.623054	7.506241	-1	###LINE###
5	3	243	0	0	0	117.72	481.90	15.62	7.51	100	Knott
3	3	244	0	0	0	231.119961	481.900582	11.222762	7.506241	-1	###FLOW###
4	3	244	0	0	0	231.119961	481.900582	11.222762	7.506241	-1	###LINE###
5	3	244	0	0	0	231.12	481.90	11.22	7.51	100	698
3	3	245	0	0	0	310.559965	481.900582	3.740921	7.506241	-1	###FLOW###
4	3	245	0	0	0	310.559965	481.900582	3.740921	7.506241	-1	###LINE###
5	3	245	0	0	0	310.56	481.90	3.74	7.51	100	9
3	3	246	0	0	0	378.839953	481.900582	7.481842	7.506241	-1	###FLOW###
4	3	246	0	0	0	378.839953	481.900582	7.481842	7.506241	-1	###LINE###
5	3	246	0	0	0	378.84	481.90	7.48	7.51	100	11
3	3	247	0	0	0	450.839941	481.900582	7.481842	7.506241	-1	###FLOW###
4	3	247	0	0	0	450.839941	481.900582	7.481842	7.506241	-1	###LINE###
5	3	247	0	0	0	450.84	481.90	7.48	7.51	100	11
3	3	248	0	0	0	526.559899	481.900582	3.740921	7.506241	-1	###FLOW###
4	3	248	0	0	0	526.559899	481.900582	3.740921	7.506241	-1	###LINE###
5	3	248	0	0	0	526.56	481.90	3.74	7.51	100	1
3	3	249	0	0	0	598.559887	481.900582	3.740921	7.506241	-1	###FLOW###
4	3	249	0	0	0	598.559887	481.900582	3.740921	7.506241	-1	###LINE###
5	3	249	0	0	0	598.56	481.90	3.74	7.51	100	3
3	3	250	0	0	0	670.559876	481.900582	3.740921	7.506241	-1	###FLOW###
4	3	250	0	0	0	670.559876	481.900582	3.740921	7.506241	-1	###LINE###
5	3	250	0	0	0	670.56	481.90	3.74	7.51	100	0
3	3	251	0	0	0	117.719981	494.140583	15.259727	7.506241	-1	###FLOW###
4	3	251	0	0	0	117.719981	494.140583	15.259727	7.506241	-1	###LINE###
5	3	251	0	0	0	117.72	494.14	15.26	7.51	100	Knox
3	3	252	0	0	0	225.479966	494.140583	16.827415	7.506241	-1	###FLOW###
4	3	252	0	0	0	225.479966	494.140583	16.827415	7.506241	-1	###LINE###
5	3	252	0	0	0	225.48	494.14	16.83	7.51	100	3,423
3	3	253	0	0	0	303.119965	494.140583	11.222762	7.506241	-1	###FLOW###
4	3	253	0	0	0	303.119965	494.140583	11.222762	7.506241	-1	###LINE###
5	3	253	0	0	0	303.12	494.14	11.22	7.51	100	114
3	3	254	0	0	0	378.839953	494.140583	7.481842	7.506241	-1	###FLOW###
4	3	254	0	0	0	378.839953	494.140583	7.481842	7.506241	-1	###LINE###
5	3	254	0	0	0	378.84	494.14	7.48	7.51	100	93
3	3	255	0	0	0	450.839941	494.140583	7.481842	7.506241	-1	###FLOW###
4	3	255	0	0	0	450.839941	494.140583	7.481842	7.506241	-1	###LINE###
5	3	255	0	0	0	450.84	494.14	7.48	7.51	100	52
3	3	256	0	0	0	522.839930	494.140583	7.481842	7.506241	-1	###FLOW###
4	3	256	0	0	0	522.839930	494.140583	7.481842	7.506241	-1	###LINE###
5	3	256	0	0	0	522.84	494.14	7.48	7.51	100	37
3	3	257	0	0	0	594.839919	494.140583	7.481842	7.506241	-1	###FLOW###
4	3	257	0	0	0	594.839919	494.140583	7.481842	7.506241	-1	###LINE###
5	3	257	0	0	0	594.84	494.14	7.48	7.51	100	18
3	3	258	0	0	0	670.559876	494.140583	3.740921	7.506241	-1	###FLOW###
4	3	258	0	0	0	670.559876	494.140583	3.740921	7.506241	-1	###LINE###
5	3	258	0	0	0	670.56	494.14	3.74	7.51	100	8
3	3	259	0	0	0	117.719981	506.500578	17.204199	7.506241	-1	###FLOW###
4	3	259	0	0	0	117.719981	506.500578	17.204199	7.506241	-1	###LINE###
5	3	259	0	0	0	117.72	506.50	17.20	7.51	100	Larue
3	3	260	0	0	0	231.119961	506.500578	11.222762	7.506241	-1	###FLOW###
4	3	260	0	0	0	231.119961	506.500578	11.222762	7.506241	-1	###LINE###
5	3	260	0	0	0	231.12	506.50	11.22	7.51	100	972
3	3	261	0	0	0	306.839965	506.500578	7.481842	7.506241	-1	###FLOW###
4	3	261	0	0	0	306.839965	506.500578	7.481842	7.506241	-1	###LINE###
5	3	261	0	0	0	306.84	506.50	7.48	7.51	100	37
3	3	262	0	0	0	378.839953	506.500578	7.481842	7.506241	-1	###FLOW###
4	3	262	0	0	0	378.839953	506.500578	7.481842	7.506241	-1	###LINE###
5	3	262	0	0	0	378.84	506.50	7.48	7.51	100	24
3	3	263	0	0	0	450.839941	506.500578	7.481842	7.506241	-1	###FLOW###
4	3	263	0	0	0	450.839941	506.500578	7.481842	7.506241	-1	###LINE###
5	3	263	0	0	0	450.84	506.50	7.48	7.51	100	29
3	3	264	0	0	0	526.559899	506.500578	3.740921	7.506241	-1	###FLOW###
4	3	264	0	0	0	526.559899	506.500578	3.740921	7.506241	-1	###LINE###
5	3	264	0	0	0	526.56	506.50	3.74	7.51	100	4
3	3	265	0	0	0	598.559887	506.500578	3.740921	7.506241	-1	###FLOW###
4	3	265	0	0	0	598.559887	506.500578	3.740921	7.506241	-1	###LINE###
5	3	265	0	0	0	598.56	506.50	3.74	7.51	100	6
3	3	266	0	0	0	670.559876	506.500578	3.740921	7.506241	-1	###FLOW###
4	3	266	0	0	0	670.559876	506.500578	3.740921	7.506241	-1	###LINE###
5	3	266	0	0	0	670.56	506.50	3.74	7.51	100	8
3	3	267	0	0	0	117.719981	518.740548	18.630593	7.506241	-1	###FLOW###
4	3	267	0	0	0	117.719981	518.740548	18.630593	7.506241	-1	###LINE###
5	3	267	0	0	0	117.72	518.74	18.63	7.51	100	Laurel
3	3	268	0	0	0	225.479966	518.740548	16.827415	7.506241	-1	###FLOW###
4	3	268	0	0	0	225.479966	518.740548	16.827415	7.506241	-1	###LINE###
5	3	268	0	0	0	225.48	518.74	16.83	7.51	100	4,721
3	3	269	0	0	0	303.119965	518.740548	11.222762	7.506241	-1	###FLOW###
4	3	269	0	0	0	303.119965	518.740548	11.222762	7.506241	-1	###LINE###
5	3	269	0	0	0	303.12	518.74	11.22	7.51	100	190
3	3	270	0	0	0	378.839953	518.740548	7.481842	7.506241	-1	###FLOW###
4	3	270	0	0	0	378.839953	518.740548	7.481842	7.506241	-1	###LINE###
5	3	270	0	0	0	378.84	518.74	7.48	7.51	100	90
3	3	271	0	0	0	447.119942	518.740548	11.222762	7.506241	-1	###FLOW###
4	3	271	0	0	0	447.119942	518.740548	11.222762	7.506241	-1	###LINE###
5	3	271	0	0	0	447.12	518.74	11.22	7.51	100	127
3	3	272	0	0	0	522.839930	518.740548	7.481842	7.506241	-1	###FLOW###
4	3	272	0	0	0	522.839930	518.740548	7.481842	7.506241	-1	###LINE###
5	3	272	0	0	0	522.84	518.74	7.48	7.51	100	35
3	3	273	0	0	0	594.839919	518.740548	7.481842	7.506241	-1	###FLOW###
4	3	273	0	0	0	594.839919	518.740548	7.481842	7.506241	-1	###LINE###
5	3	273	0	0	0	594.84	518.74	7.48	7.51	100	23
3	3	274	0	0	0	666.839907	518.740548	7.481842	7.506241	-1	###FLOW###
4	3	274	0	0	0	666.839907	518.740548	7.481842	7.506241	-1	###LINE###
5	3	274	0	0	0	666.84	518.74	7.48	7.51	100	17
3	3	275	0	0	0	117.719981	531.100543	28.945038	7.506241	-1	###FLOW###
4	3	275	0	0	0	117.719981	531.100543	28.945038	7.506241	-1	###LINE###
5	3	275	0	0	0	117.72	531.10	28.95	7.51	100	Lawrence
3	3	276	0	0	0	231.119961	531.100543	11.222762	7.506241	-1	###FLOW###
4	3	276	0	0	0	231.119961	531.100543	11.222762	7.506241	-1	###LINE###
5	3	276	0	0	0	231.12	531.10	11.22	7.51	100	843
3	3	277	0	0	0	306.839965	531.100543	7.481842	7.506241	-1	###FLOW###
4	3	277	0	0	0	306.839965	531.100543	7.481842	7.506241	-1	###LINE###
5	3	277	0	0	0	306.84	531.10	7.48	7.51	100	19
3	3	278	0	0	0	378.839953	531.100543	7.481842	7.506241	-1	###FLOW###
4	3	278	0	0	0	378.839953	531.100543	7.481842	7.506241	-1	###LINE###
5	3	278	0	0	0	378.84	531.10	7.48	7.51	100	27
3	3	279	0	0	0	450.839941	531.100543	7.481842	7.506241	-1	###FLOW###
4	3	279	0	0	0	450.839941	531.100543	7.481842	7.506241	-1	###LINE###
5	3	279	0	0	0	450.84	531.10	7.48	7.51	100	12
3	3	280	0	0	0	526.559899	531.100543	3.740921	7.506241	-1	###FLOW###
4	3	280	0	0	0	526.559899	531.100543	3.740921	7.506241	-1	###LINE###
5	3	280	0	0	0	526.56	531.10	3.74	7.51	100	7
3	3	281	0	0	0	598.559887	531.100543	3.740921	7.506241	-1	###FLOW###
4	3	281	0	0	0	598.559887	531.100543	3.740921	7.506241	-1	###LINE###
5	3	281	0	0	0	598.56	531.10	3.74	7.51	100	0
3	3	282	0	0	0	670.559876	531.100543	3.740921	7.506241	-1	###FLOW###
4	3	282	0	0	0	670.559876	531.100543	3.740921	7.506241	-1	###LINE###
5	3	282	0	0	0	670.56	531.10	3.74	7.51	100	1
3	3	283	0	0	0	117.719981	543.460539	11.222762	7.506241	-1	###FLOW###
4	3	283	0	0	0	117.719981	543.460539	11.222762	7.506241	-1	###LINE###
5	3	283	0	0	0	117.72	543.46	11.22	7.51	100	Lee
3	3	284	0	0	0	231.119961	543.460539	11.222762	7.506241	-1	###FLOW###
4	3	284	0	0	0	231.119961	543.460539	11.222762	7.506241	-1	###LINE###
5	3	284	0	0	0	231.12	543.46	11.22	7.51	100	526
3	3	285	0	0	0	310.559965	543.460539	3.740921	7.506241	-1	###FLOW###
4	3	285	0	0	0	310.559965	543.460539	3.740921	7.506241	-1	###LINE###
5	3	285	0	0	0	310.56	543.46	3.74	7.51	100	9
3	3	286	0	0	0	378.839953	543.460539	7.481842	7.506241	-1	###FLOW###
4	3	286	0	0	0	378.839953	543.460539	7.481842	7.506241	-1	###LINE###
5	3	286	0	0	0	378.84	543.46	7.48	7.51	100	14
3	3	287	0	0	0	454.559941	543.460539	3.740921	7.506241	-1	###FLOW###
4	3	287	0	0	0	454.559941	543.460539	3.740921	7.506241	-1	###LINE###
5	3	287	0	0	0	454.56	543.46	3.74	7.51	100	8
3	3	288	0	0	0	526.559899	543.460539	3.740921	7.506241	-1	###FLOW###
4	3	288	0	0	0	526.559899	543.460539	3.740921	7.506241	-1	###LINE###
5	3	288	0	0	0	526.56	543.46	3.74	7.51	100	3
3	3	289	0	0	0	598.559887	543.460539	3.740921	7.506241	-1	###FLOW###
4	3	289	0	0	0	598.559887	543.460539	3.740921	7.506241	-1	###LINE###
5	3	289	0	0	0	598.56	543.46	3.74	7.51	100	0
3	3	290	0	0	0	670.559876	543.460539	3.740921	7.506241	-1	###FLOW###
4	3	290	0	0	0	670.559876	543.460539	3.740921	7.506241	-1	###LINE###
5	3	290	0	0	0	670.56	543.46	3.74	7.51	100	2
1	4	0	0	0	0	0.000000	0.000000	792.000000	612.000000	-1	###PAGE###
3	4	0	0	0	0	35.999994	54.115290	161.658823	13.404001	-1	###FLOW###
4	4	0	0	0	0	35.999994	54.115290	161.658823	13.404001	-1	###LINE###
5	4	0	0	0	0	36.00	54.12	89.57	13.40	100	Commonwealth
5	4	0	0	0	1	128.96	54.12	11.33	13.40	100	of
5	4	0	0	0	2	143.60	54.12	54.05	13.40	100	Kentucky
3	4	1	0	0	0	289.919964	54.115290	211.964694	13.404001	-1	###FLOW###
4	4	1	0	0	0	289.919964	54.115290	211.964694	13.404001	-1	###LINE###
5	4	1	0	0	0	289.92	54.12	44.03	13.40	100	Michael
5	4	1	0	0	1	337.40	54.12	12.66	13.40	100	G.
5	4	1	0	0	2	353.48	54.12	43.01	13.40	100	Adams,
5	4	1	0	0	3	399.93	54.12	54.90	13.40	100	Secretary
5	4	1	0	0	4	457.89	54.12	11.33	13.40	100	of
5	4	1	0	0	5	472.52	54.12	29.36	13.40	100	State
3	4	1	1	0	0	214.079969	90.100612	28.090547	7.506241	-1	###FLOW###
4	4	1	1	0	0	214.079969	90.100612	28.090547	7.506241	-1	###LINE###
5	4	1	1	0	0	214.08	90.10	21.02	7.51	100	Donald
5	4	1	1	0	1	236.94	90.10	5.23	7.51	100	J.
3	4	2	0	0	0	207.959964	98.004428	34.314921	10.857240	-1	###FLOW###
4	4	2	0	0	0	207.959964	98.004428	34.314921	10.857240	-1	###LINE###
5	4	2	0	0	0	207.96	98.00	34.31	10.86	100	TRUMP
3	4	3	0	0	0	290.999946	90.100612	23.219276	7.506241	-1	###FLOW###
4	4	3	0	0	0	290.999946	90.100612	23.219276	7.506241	-1	###LINE###
5	4	3	0	0	0	291.00	90.10	14.57	7.51	100	Nikki
5	4	3	0	0	1	307.50	90.10	6.72	7.51	100	R.
3	4	4	0	0	0	446.039930	90.100612	12.258917	7.506241	-1	###FLOW###
4	4	4	0	0	0	446.039930	90.100612	12.258917	7.506241	-1	###LINE###
5	4	4	0	0	0	446.04	90.10	12.26	7.51	100	Ron
3	4	5	0	0	0	281.999940	98.004428	104.399444	22.257206	-1	###FLOW###
4	4	5	0	0	0	281.999940	98.004428	104.328570	10.857240	-1	###LINE###
5	4	5	0	0	0	282.00	98.00	32.46	10.86	100	HALEY
5	4	5	0	0	1	316.20	98.00	70.13	10.86	100	"UNCOMMITTE
4	4	5	0	1	0	374.759949	109.404394	11.639434	10.857240	-1	###LINE###
5	4	5	0	1	0	374.76	109.40	11.64	10.86	100	D"
3	4	6	0	0	0	410.759943	98.004428	47.453079	10.857240	-1	###FLOW###
4	4	6	0	0	0	410.759943	98.004428	47.453079	10.857240	-1	###LINE###
5	4	6	0	0	0	410.76	98.00	47.45	10.86	100	DeSANTIS
3	4	7	0	0	0	584.279905	54.115290	171.619073	13.404001	-1	###FLOW###
4	4	7	0	0	0	584.279905	54.115290	171.619073	13.404001	-1	###LINE###
5	4	7	0	0	0	584.28	54.12	26.72	13.40	100	2024
5	4	7	0	0	1	614.49	54.12	44.86	13.40	100	Primary
5	4	7	0	0	2	662.36	54.12	46.82	13.40	100	Election
5	4	7	0	0	3	712.53	54.12	43.37	13.40	100	Results
3	4	7	1	0	0	585.839912	90.100612	16.464089	7.506241	-1	###FLOW###
4	4	7	1	0	0	585.839912	90.100612	16.464089	7.506241	-1	###LINE###
5	4	7	1	0	0	585.84	90.10	16.46	7.51	100	Vivek
3	4	8	0	0	0	651.239900	90.100612	22.943417	7.506241	-1	###FLOW###
4	4	8	0	0	0	651.239900	90.100612	22.943417	7.506241	-1	###LINE###
5	4	8	0	0	0	651.24	90.10	15.52	7.51	100	Ryan
5	4	8	0	0	1	668.58	90.10	5.60	7.51	100	L.
3	4	9	0	0	0	485.039947	98.004428	117.426817	10.857240	-1	###FLOW###
4	4	9	0	0	0	485.039947	98.004428	117.426817	10.857240	-1	###LINE###
5	4	9	0	0	0	485.04	98.00	45.23	10.86	100	CHRISTIE
5	4	9	0	0	1	537.36	98.00	65.11	10.86	100	RAMASWAMY
3	4	10	0	0	0	514.559932	90.100612	15.723978	7.506241	-1	###FLOW###
4	4	10	0	0	0	514.559932	90.100612	15.723978	7.506241	-1	###LINE###
5	4	10	0	0	0	514.56	90.10	15.72	7.51	100	Chris
3	4	11	0	0	0	631.919925	98.004428	42.538435	10.857240	-1	###FLOW###
4	4	11	0	0	0	631.919925	98.004428	42.538435	10.857240	-1	###LINE###
5	4	11	0	0	0	631.92	98.00	42.54	10.86	100	BINKLEY
3	4	12	0	0	0	117.719981	125.140574	17.419504	7.506241	-1	###FLOW###
4	4	12	0	0	0	117.719981	125.140574	17.419504	7.506241	-1	###LINE###
5	4	12	0	0	0	117.72	125.14	17.42	7.51	100	Leslie
3	4	13	0	0	0	225.479966	125.140574	16.827415	7.506241	-1	###FLOW###
4	4	13	0	0	0	225.479966	125.140574	16.827415	7.506241	-1	###LINE###
5	4	13	0	0	0	225.48	125.14	16.83	7.51	100	1,014
3	4	14	0	0	0	306.839965	125.140574	7.481842	7.506241	-1	###FLOW###
4	4	14	0	0	0	306.839965	125.140574	7.481842	7.506241	-1	###LINE###
5	4	14	0	0	0	306.84	125.14	7.48	7.51	100	43
3	4	15	0	0	0	378.839953	125.140574	7.481842	7.506241	-1	###FLOW###
4	4	15	0	0	0	378.839953	125.140574	7.481842	7.506241	-1	###LINE###
5	4	15	0	0	0	378.84	125.14	7.48	7.51	100	21
3	4	16	0	0	0	450.839941	125.140574	7.481842	7.506241	-1	###FLOW###
4	4	16	0	0	0	450.839941	125.140574	7.481842	7.506241	-1	###LINE###
5	4	16	0	0	0	450.84	125.14	7.48	7.51	100	20
3	4	17	0	0	0	526.559899	125.140574	3.740921	7.506241	-1	###FLOW###
4	4	17	0	0	0	526.559899	125.140574	3.740921	7.506241	-1	###LINE###
5	4	17	0	0	0	526.56	125.14	3.74	7.51	100	5
3	4	18	0	0	0	598.559887	125.140574	3.740921	7.506241	-1	###FLOW###
4	4	18	0	0	0	598.559887	125.140574	3.740921	7.506241	-1	###LINE###
5	4	18	0	0	0	598.56	125.14	3.74	7.51	100	4
3	4	19	0	0	0	670.559876	125.140574	3.740921	7.506241	-1	###FLOW###
4	4	19	0	0	0	670.559876	125.140574	3.740921	7.506241	-1	###LINE###
5	4	19	0	0	0	670.56	125.14	3.74	7.51	100	3
3	4	20	0	0	0	117.719981	137.500570	22.432068	7.506241	-1	###FLOW###
4	4	20	0	0	0	117.719981	137.500570	22.432068	7.506241	-1	###LINE###
5	4	20	0	0	0	117.72	137.50	22.43	7.51	100	Letcher
3	4	21	0	0	0	231.119961	137.500570	11.222762	7.506241	-1	###FLOW###
4	4	21	0	0	0	231.119961	137.500570	11.222762	7.506241	-1	###LINE###
5	4	21	0	0	0	231.12	137.50	11.22	7.51	100	879
3	4	22	0	0	0	306.839965	137.500570	7.481842	7.506241	-1	###FLOW###
4	4	22	0	0	0	306.839965	137.500570	7.481842	7.506241	-1	###LINE###
5	4	22	0	0	0	306.84	137.50	7.48	7.51	100	15
3	4	23	0	0	0	378.839953	137.500570	7.481842	7.506241	-1	###FLOW###
4	4	23	0	0	0	378.839953	137.500570	7.481842	7.506241	-1	###LINE###
5	4	23	0	0	0	378.84	137.50	7.48	7.51	100	20
3	4	24	0	0	0	450.839941	137.500570	7.481842	7.506241	-1	###FLOW###
4	4	24	0	0	0	450.839941	137.500570	7.481842	7.506241	-1	###LINE###
5	4	24	0	0	0	450.84	137.50	7.48	7.51	100	10
3	4	25	0	0	0	526.559899	137.500570	3.740921	7.506241	-1	###FLOW###
4	4	25	0	0	0	526.559899	137.500570	3.740921	7.506241	-1	###LINE###
5	4	25	0	0	0	526.56	137.50	3.74	7.51	100	6
3	4	26	0	0	0	598.559887	137.500570	3.740921	7.506241	-1	###FLOW###
4	4	26	0	0	0	598.559887	137.500570	3.740921	7.506241	-1	###LINE###
5	4	26	0	0	0	598.56	137.50	3.74	7.51	100	5
3	4	27	0	0	0	670.559876	137.500570	3.740921	7.506241	-1	###FLOW###
4	4	27	0	0	0	670.559876	137.500570	3.740921	7.506241	-1	###LINE###
5	4	27	0	0	0	670.56	137.50	3.74	7.51	100	3
3	4	28	0	0	0	117.719981	149.740569	17.042720	7.506241	-1	###FLOW###
4	4	28	0	0	0	117.719981	149.740569	17.042720	7.506241	-1	###LINE###
5	4	28	0	0	0	117.72	149.74	17.04	7.51	100	Lewis
3	4	29	0	0	0	225.479966	149.740569	16.827415	7.506241	-1	###FLOW###
4	4	29	0	0	0	225.479966	149.740569	16.827415	7.506241	-1	###LINE###
5	4	29	0	0	0	225.48	149.74	16.83	7.51	100	1,122
3	4	30	0	0	0	306.839965	149.740569	7.481842	7.506241	-1	###FLOW###
4	4	30	0	0	0	306.839965	149.740569	7.481842	7.506241	-1	###LINE###
5	4	30	0	0	0	306.84	149.74	7.48	7.51	100	45
3	4	31	0	0	0	378.839953	149.740569	7.481842	7.506241	-1	###FLOW###
4	4	31	0	0	0	378.839953	149.740569	7.481842	7.506241	-1	###LINE###
5	4	31	0	0	0	378.84	149.74	7.48	7.51	100	30
3	4	32	0	0	0	450.839941	149.740569	7.481842	7.506241	-1	###FLOW###
4	4	32	0	0	0	450.839941	149.740569	7.481842	7.506241	-1	###LINE###
5	4	32	0	0	0	450.84	149.74	7.48	7.51	100	24
3	4	33	0	0	0	526.559899	149.740569	3.740921	7.506241	-1	###FLOW###
4	4	33	0	0	0	526.559899	149.740569	3.740921	7.506241	-1	###LINE###
5	4	33	0	0	0	526.56	149.74	3.74	7.51	100	5
3	4	34	0	0	0	598.559887	149.740569	3.740921	7.506241	-1	###FLOW###
4	4	34	0	0	0	598.559887	149.740569	3.740921	7.506241	-1	###LINE###
5	4	34	0	0	0	598.56	149.74	3.74	7.51	100	7
3	4	35	0	0	0	670.559876	149.740569	3.740921	7.506241	-1	###FLOW###
4	4	35	0	0	0	670.559876	149.740569	3.740921	7.506241	-1	###LINE###
5	4	35	0	0	0	670.56	149.74	3.74	7.51	100	4
3	4	36	0	0	0	117.719981	162.100596	21.140240	7.506241	-1	###FLOW###
4	4	36	0	0	0	117.719981	162.100596	21.140240	7.506241	-1	###LINE###
5	4	36	0	0	0	117.72	162.10	21.14	7.51	100	Lincoln
3	4	37	0	0	0	225.479966	162.100596	16.827415	7.506241	-1	###FLOW###
4	4	37	0	0	0	225.479966	162.100596	16.827415	7.506241	-1	###LINE###
5	4	37	0	0	0	225.48	162.10	16.83	7.51	100	1,686
3	4	38	0	0	0	306.839965	162.100596	7.481842	7.506241	-1	###FLOW###
4	4	38	0	0	0	306.839965	162.100596	7.481842	7.506241	-1	###LINE###
5	4	38	0	0	0	306.84	162.10	7.48	7.51	100	81
3	4	39	0	0	0	378.839953	162.100596	7.481842	7.506241	-1	###FLOW###
4	4	39	0	0	0	378.839953	162.100596	7.481842	7.506241	-1	###LINE###
5	4	39	0	0	0	378.84	162.10	7.48	7.51	100	69
3	4	40	0	0	0	450.839941	162.100596	7.481842	7.506241	-1	###FLOW###
4	4	40	0	0	0	450.839941	162.100596	7.481842	7.506241	-1	###LINE###
5	4	40	0	0	0	450.84	162.10	7.48	7.51	100	50
3	4	41	0	0	0	522.839930	162.100596	7.481842	7.506241	-1	###FLOW###
4	4	41	0	0	0	522.839930	162.100596	7.481842	7.506241	-1	###LINE###
5	4	41	0	0	0	522.84	162.10	7.48	7.51	100	11
3	4	42	0	0	0	598.559887	162.100596	3.740921	7.506241	-1	###FLOW###
4	4	42	0	0	0	598.559887	162.100596	3.740921	7.506241	-1	###LINE###
5	4	42	0	0	0	598.56	162.10	3.74	7.51	100	9
3	4	43	0	0	0	670.559876	162.100596	3.740921	7.506241	-1	###FLOW###
4	4	43	0	0	0	670.559876	162.100596	3.740921	7.506241	-1	###LINE###
5	4	43	0	0	0	670.56	162.10	3.74	7.51	100	4
3	4	44	0	0	0	117.719981	174.340595	30.505998	7.506241	-1	###FLOW###
4	4	44	0	0	0	117.719981	174.340595	30.505998	7.506241	-1	###LINE###
5	4	44	0	0	0	117.72	174.34	30.51	7.51	100	Livingston
3	4	45	0	0	0	231.119961	174.340595	11.222762	7.506241	-1	###FLOW###
4	4	45	0	0	0	231.119961	174.340595	11.222762	7.506241	-1	###LINE###
5	4	45	0	0	0	231.12	174.34	11.22	7.51	100	659
3	4	46	0	0	0	306.839965	174.340595	7.481842	7.506241	-1	###FLOW###
4	4	46	0	0	0	306.839965	174.340595	7.481842	7.506241	-1	###LINE###
5	4	46	0	0	0	306.84	174.34	7.48	7.51	100	22
3	4	47	0	0	0	378.839953	174.340595	7.481842	7.506241	-1	###FLOW###
4	4	47	0	0	0	378.839953	174.340595	7.481842	7.506241	-1	###LINE###
5	4	47	0	0	0	378.84	174.34	7.48	7.51	100	10
3	4	48	0	0	0	450.839941	174.340595	7.481842	7.506241	-1	###FLOW###
4	4	48	0	0	0	450.839941	174.340595	7.481842	7.506241	-1	###LINE###
5	4	48	0	0	0	450.84	174.34	7.48	7.51	100	16
3	4	49	0	0	0	526.559899	174.340595	3.740921	7.506241	-1	###FLOW###
4	4	49	0	0	0	526.559899	174.340595	3.740921	7.506241	-1	###LINE###
5	4	49	0	0	0	526.56	174.34	3.74	7.51	100	2
3	4	50	0	0	0	598.559887	174.340595	3.740921	7.506241	-1	###FLOW###
4	4	50	0	0	0	598.559887	174.340595	3.740921	7.506241	-1	###LINE###
5	4	50	0	0	0	598.56	174.34	3.74	7.51	100	0
3	4	51	0	0	0	670.559876	174.340595	3.740921	7.506241	-1	###FLOW###
4	4	51	0	0	0	670.559876	174.340595	3.740921	7.506241	-1	###LINE###
5	4	51	0	0	0	670.56	174.34	3.74	7.51	100	4
3	4	52	0	0	0	117.719981	186.700590	18.637321	7.506241	-1	###FLOW###
4	4	52	0	0	0	117.719981	186.700590	18.637321	7.506241	-1	###LINE###
5	4	52	0	0	0	117.72	186.70	18.64	7.51	100	Logan
3	4	53	0	0	0	225.479966	186.700590	16.827415	7.506241	-1	###FLOW###
4	4	53	0	0	0	225.479966	186.700590	16.827415	7.506241	-1	###LINE###
5	4	53	0	0	0	225.48	186.70	16.83	7.51	100	1,085
3	4	54	0	0	0	306.839965	186.700590	7.481842	7.506241	-1	###FLOW###
4	4	54	0	0	0	306.839965	186.700590	7.481842	7.506241	-1	###LINE###
5	4	54	0	0	0	306.84	186.70	7.48	7.51	100	56
3	4	55	0	0	0	378.839953	186.700590	7.481842	7.506241	-1	###FLOW###
4	4	55	0	0	0	378.839953	186.700590	7.481842	7.506241	-1	###LINE###
5	4	55	0	0	0	378.84	186.70	7.48	7.51	100	37
3	4	56	0	0	0	450.839941	186.700590	7.481842	7.506241	-1	###FLOW###
4	4	56	0	0	0	450.839941	186.700590	7.481842	7.506241	-1	###LINE###
5	4	56	0	0	0	450.84	186.70	7.48	7.51	100	36
3	4	57	0	0	0	526.559899	186.700590	3.740921	7.506241	-1	###FLOW###
4	4	57	0	0	0	526.559899	186.700590	3.740921	7.506241	-1	###LINE###
5	4	57	0	0	0	526.56	186.70	3.74	7.51	100	7
3	4	58	0	0	0	598.559887	186.700590	3.740921	7.506241	-1	###FLOW###
4	4	58	0	0	0	598.559887	186.700590	3.740921	7.506241	-1	###LINE###
5	4	58	0	0	0	598.56	186.70	3.74	7.51	100	6
3	4	59	0	0	0	670.559876	186.700590	3.740921	7.506241	-1	###FLOW###
4	4	59	0	0	0	670.559876	186.700590	3.740921	7.506241	-1	###LINE###
5	4	59	0	0	0	670.56	186.70	3.74	7.51	100	5
3	4	60	0	0	0	117.719981	198.940591	14.438878	7.506241	-1	###FLOW###
4	4	60	0	0	0	117.719981	198.940591	14.438878	7.506241	-1	###LINE###
5	4	60	0	0	0	117.72	198.94	14.44	7.51	100	Lyon
3	4	61	0	0	0	231.119961	198.940591	11.222762	7.506241	-1	###FLOW###
4	4	61	0	0	0	231.119961	198.940591	11.222762	7.506241	-1	###LINE###
5	4	61	0	0	0	231.12	198.94	11.22	7.51	100	580
3	4	62	0	0	0	306.839965	198.940591	7.481842	7.506241	-1	###FLOW###
4	4	62	0	0	0	306.839965	198.940591	7.481842	7.506241	-1	###LINE###
5	4	62	0	0	0	306.84	198.94	7.48	7.51	100	23
3	4	63	0	0	0	378.839953	198.940591	7.481842	7.506241	-1	###FLOW###
4	4	63	0	0	0	378.839953	198.940591	7.481842	7.506241	-1	###LINE###
5	4	63	0	0	0	378.84	198.94	7.48	7.51	100	23
3	4	64	0	0	0	450.839941	198.940591	7.481842	7.506241	-1	###FLOW###
4	4	64	0	0	0	450.839941	198.940591	7.481842	7.506241	-1	###LINE###
5	4	64	0	0	0	450.84	198.94	7.48	7.51	100	19
3	4	65	0	0	0	526.559899	198.940591	3.740921	7.506241	-1	###FLOW###
4	4	65	0	0	0	526.559899	198.940591	3.740921	7.506241	-1	###LINE###
5	4	65	0	0	0	526.56	198.94	3.74	7.51	100	3
3	4	66	0	0	0	598.559887	198.940591	3.740921	7.506241	-1	###FLOW###
4	4	66	0	0	0	598.559887	198.940591	3.740921	7.506241	-1	###LINE###
5	4	66	0	0	0	598.56	198.94	3.74	7.51	100	2
3	4	67	0	0	0	670.559876	198.940591	3.740921	7.506241	-1	###FLOW###
4	4	67	0	0	0	670.559876	198.940591	3.740921	7.506241	-1	###LINE###
5	4	67	0	0	0	670.56	198.94	3.74	7.51	100	0
3	4	68	0	0	0	117.719981	211.300586	25.426151	7.506241	-1	###FLOW###
4	4	68	0	0	0	117.719981	211.300586	25.426151	7.506241	-1	###LINE###
5	4	68	0	0	0	117.72	211.30	25.43	7.51	100	Madison
3	4	69	0	0	0	225.479966	211.300586	16.827415	7.506241	-1	###FLOW###
4	4	69	0	0	0	225.479966	211.300586	16.827415	7.506241	-1	###LINE###
5	4	69	0	0	0	225.48	211.30	16.83	7.51	100	3,626
3	4	70	0	0	0	303.119965	211.300586	11.222762	7.506241	-1	###FLOW###
4	4	70	0	0	0	303.119965	211.300586	11.222762	7.506241	-1	###LINE###
5	4	70	0	0	0	303.12	211.30	11.22	7.51	100	281
3	4	71	0	0	0	375.119954	211.300586	11.222762	7.506241	-1	###FLOW###
4	4	71	0	0	0	375.119954	211.300586	11.222762	7.506241	-1	###LINE###
5	4	71	0	0	0	375.12	211.30	11.22	7.51	100	139
3	4	72	0	0	0	447.119942	211.300586	11.222762	7.506241	-1	###FLOW###
4	4	72	0	0	0	447.119942	211.300586	11.222762	7.506241	-1	###LINE###
5	4	72	0	0	0	447.12	211.30	11.22	7.51	100	155
3	4	73	0	0	0	522.839930	211.300586	7.481842	7.506241	-1	###FLOW###
4	4	73	0	0	0	522.839930	211.300586	7.481842	7.506241	-1	###LINE###
5	4	73	0	0	0	522.84	211.30	7.48	7.51	100	29
3	4	74	0	0	0	594.839919	211.300586	7.481842	7.506241	-1	###FLOW###
4	4	74	0	0	0	594.839919	211.300586	7.481842	7.506241	-1	###LINE###
5	4	74	0	0	0	594.84	211.30	7.48	7.51	100	25
3	4	75	0	0	0	666.839907	211.300586	7.481842	7.506241	-1	###FLOW###
4	4	75	0	0	0	666.839907	211.300586	7.481842	7.506241	-1	###LINE###
5	4	75	0	0	0	666.84	211.30	7.48	7.51	100	12
3	4	76	0	0	0	117.719981	223.540586	25.937499	7.506241	-1	###FLOW###
4	4	76	0	0	0	117.719981	223.540586	25.937499	7.506241	-1	###LINE###
5	4	76	0	0	0	117.72	223.54	25.94	7.51	100	Magoffin
3	4	77	0	0	0	231.119961	223.540586	11.222762	7.506241	-1	###FLOW###
4	4	77	0	0	0	231.119961	223.540586	11.222762	7.506241	-1	###LINE###
5	4	77	0	0	0	231.12	223.54	11.22	7.51	100	603
3	4	78	0	0	0	306.839965	223.540586	7.481842	7.506241	-1	###FLOW###
4	4	78	0	0	0	306.839965	223.540586	7.481842	7.506241	-1	###LINE###
5	4	78	0	0	0	306.84	223.54	7.48	7.51	100	14
3	4	79	0	0	0	382.559953	223.540586	3.740921	7.506241	-1	###FLOW###
4	4	79	0	0	0	382.559953	223.540586	3.740921	7.506241	-1	###LINE###
5	4	79	0	0	0	382.56	223.54	3.74	7.51	100	4
3	4	80	0	0	0	454.559941	223.540586	3.740921	7.506241	-1	###FLOW###
4	4	80	0	0	0	454.559941	223.540586	3.740921	7.506241	-1	###LINE###
5	4	80	0	0	0	454.56	223.54	3.74	7.51	100	2
3	4	81	0	0	0	526.559899	223.540586	3.740921	7.506241	-1	###FLOW###
4	4	81	0	0	0	526.559899	223.540586	3.740921	7.506241	-1	###LINE###
5	4	81	0	0	0	526.56	223.54	3.74	7.51	100	1
3	4	82	0	0	0	598.559887	223.540586	3.740921	7.506241	-1	###FLOW###
4	4	82	0	0	0	598.559887	223.540586	3.740921	7.506241	-1	###LINE###
5	4	82	0	0	0	598.56	223.54	3.74	7.51	100	1
3	4	83	0	0	0	670.559876	223.540586	3.740921	7.506241	-1	###FLOW###
4	4	83	0	0	0	670.559876	223.540586	3.740921	7.506241	-1	###LINE###
5	4	83	0	0	0	670.56	223.54	3.74	7.51	100	3
3	4	84	0	0	0	117.719981	235.900582	20.675989	7.506241	-1	###FLOW###
4	4	84	0	0	0	117.719981	235.900582	20.675989	7.506241	-1	###LINE###
5	4	84	0	0	0	117.72	235.90	20.68	7.51	100	Marion
3	4	85	0	0	0	231.119961	235.900582	11.222762	7.506241	-1	###FLOW###
4	4	85	0	0	0	231.119961	235.900582	11.222762	7.506241	-1	###LINE###
5	4	85	0	0	0	231.12	235.90	11.22	7.51	100	561
3	4	86	0	0	0	306.839965	235.900582	7.481842	7.506241	-1	###FLOW###
4	4	86	0	0	0	306.839965	235.900582	7.481842	7.506241	-1	###LINE###
5	4	86	0	0	0	306.84	235.90	7.48	7.51	100	17
3	4	87	0	0	0	378.839953	235.900582	7.481842	7.506241	-1	###FLOW###
4	4	87	0	0	0	378.839953	235.900582	7.481842	7.506241	-1	###LINE###
5	4	87	0	0	0	378.84	235.90	7.48	7.51	100	17
3	4	88	0	0	0	450.839941	235.900582	7.481842	7.506241	-1	###FLOW###
4	4	88	0	0	0	450.839941	235.900582	7.481842	7.506241	-1	###LINE###
5	4	88	0	0	0	450.84	235.90	7.48	7.51	100	15
3	4	89	0	0	0	526.559899	235.900582	3.740921	7.506241	-1	###FLOW###
4	4	89	0	0	0	526.559899	235.900582	3.740921	7.506241	-1	###LINE###
5	4	89	0	0	0	526.56	235.90	3.74	7.51	100	2
3	4	90	0	0	0	598.559887	235.900582	3.740921	7.506241	-1	###FLOW###
4	4	90	0	0	0	598.559887	235.900582	3.740921	7.506241	-1	###LINE###
5	4	90	0	0	0	598.56	235.90	3.74	7.51	100	3
3	4	91	0	0	0	670.559876	235.900582	3.740921	7.506241	-1	###FLOW###
4	4	91	0	0	0	670.559876	235.900582	3.740921	7.506241	-1	###LINE###
5	4	91	0	0	0	670.56	235.90	3.74	7.51	100	2
3	4	92	0	0	0	117.719981	248.140582	25.251215	7.506241	-1	###FLOW###
4	4	92	0	0	0	117.719981	248.140582	25.251215	7.506241	-1	###LINE###
5	4	92	0	0	0	117.72	248.14	25.25	7.51	100	Marshall
3	4	93	0	0	0	225.479966	248.140582	16.827415	7.506241	-1	###FLOW###
4	4	93	0	0	0	225.479966	248.140582	16.827415	7.506241	-1	###LINE###
5	4	93	0	0	0	225.48	248.14	16.83	7.51	100	1,364
3	4	94	0	0	0	306.839965	248.140582	7.481842	7.506241	-1	###FLOW###
4	4	94	0	0	0	306.839965	248.140582	7.481842	7.506241	-1	###LINE###
5	4	94	0	0	0	306.84	248.14	7.48	7.51	100	78
3	4	95	0	0	0	378.839953	248.140582	7.481842	7.506241	-1	###FLOW###
4	4	95	0	0	0	378.839953	248.140582	7.481842	7.506241	-1	###LINE###
5	4	95	0	0	0	378.84	248.14	7.48	7.51	100	38
3	4	96	0	0	0	450.839941	248.140582	7.481842	7.506241	-1	###FLOW###
4	4	96	0	0	0	450.839941	248.140582	7.481842	7.506241	-1	###LINE###
5	4	96	0	0	0	450.84	248.14	7.48	7.51	100	40
3	4	97	0	0	0	526.559899	248.140582	3.740921	7.506241	-1	###FLOW###
4	4	97	0	0	0	526.559899	248.140582	3.740921	7.506241	-1	###LINE###
5	4	97	0	0	0	526.56	248.14	3.74	7.51	100	7
3	4	98	0	0	0	598.559887	248.140582	3.740921	7.506241	-1	###FLOW###
4	4	98	0	0	0	598.559887	248.140582	3.740921	7.506241	-1	###LINE###
5	4	98	0	0	0	598.56	248.14	3.74	7.51	100	7
3	4	99	0	0	0	670.559876	248.140582	3.740921	7.506241	-1	###FLOW###
4	4	99	0	0	0	670.559876	248.140582	3.740921	7.506241	-1	###LINE###
5	4	99	0	0	0	670.56	248.14	3.74	7.51	100	7
3	4	100	0	0	0	117.719981	260.500577	18.859354	7.506241	-1	###FLOW###
4	4	100	0	0	0	117.719981	260.500577	18.859354	7.506241	-1	###LINE###
5	4	100	0	0	0	117.72	260.50	18.86	7.51	100	Martin
3	4	101	0	0	0	231.119961	260.500577	11.222762	7.506241	-1	###FLOW###
4	4	101	0	0	0	231.119961	260.500577	11.222762	7.506241	-1	###LINE###
5	4	101	0	0	0	231.12	260.50	11.22	7.51	100	790
3	4	102	0	0	0	306.839965	260.500577	7.481842	7.506241	-1	###FLOW###
4	4	102	0	0	0	306.839965	260.500577	7.481842	7.506241	-1	###LINE###
5	4	102	0	0	0	306.84	260.50	7.48	7.51	100	16
3	4	103	0	0	0	382.559953	260.500577	3.740921	7.506241	-1	###FLOW###
4	4	103	0	0	0	382.559953	260.500577	3.740921	7.506241	-1	###LINE###
5	4	103	0	0	0	382.56	260.50	3.74	7.51	100	4
3	4	104	0	0	0	454.559941	260.500577	3.740921	7.506241	-1	###FLOW###
4	4	104	0	0	0	454.559941	260.500577	3.740921	7.506241	-1	###LINE###
5	4	104	0	0	0	454.56	260.50	3.74	7.51	100	8
3	4	105	0	0	0	526.559899	260.500577	3.740921	7.506241	-1	###FLOW###
4	4	105	0	0	0	526.559899	260.500577	3.740921	7.506241	-1	###LINE###
5	4	105	0	0	0	526.56	260.50	3.74	7.51	100	2
3	4	106	0	0	0	598.559887	260.500577	3.740921	7.506241	-1	###FLOW###
4	4	106	0	0	0	598.559887	260.500577	3.740921	7.506241	-1	###LINE###
5	4	106	0	0	0	598.56	260.50	3.74	7.51	100	4
3	4	107	0	0	0	670.559876	260.500577	3.740921	7.506241	-1	###FLOW###
4	4	107	0	0	0	670.559876	260.500577	3.740921	7.506241	-1	###LINE###
5	4	107	0	0	0	670.56	260.50	3.74	7.51	100	4
3	4	108	0	0	0	117.719981	272.740577	20.191553	7.506241	-1	###FLOW###
4	4	108	0	0	0	117.719981	272.740577	20.191553	7.506241	-1	###LINE###
5	4	108	0	0	0	117.72	272.74	20.19	7.51	100	Mason
3	4	109	0	0	0	231.119961	272.740577	11.222762	7.506241	-1	###FLOW###
4	4	109	0	0	0	231.119961	272.740577	11.222762	7.506241	-1	###LINE###
5	4	109	0	0	0	231.12	272.74	11.22	7.51	100	679
3	4	110	0	0	0	306.839965	272.740577	7.481842	7.506241	-1	###FLOW###
4	4	110	0	0	0	306.839965	272.740577	7.481842	7.506241	-1	###LINE###
5	4	110	0	0	0	306.84	272.74	7.48	7.51	100	40
3	4	111	0	0	0	378.839953	272.740577	7.481842	7.506241	-1	###FLOW###
4	4	111	0	0	0	378.839953	272.740577	7.481842	7.506241	-1	###LINE###
5	4	111	0	0	0	378.84	272.74	7.48	7.51	100	28
3	4	112	0	0	0	450.839941	272.740577	7.481842	7.506241	-1	###FLOW###
4	4	112	0	0	0	450.839941	272.740577	7.481842	7.506241	-1	###LINE###
5	4	112	0	0	0	450.84	272.74	7.48	7.51	100	16
3	4	113	0	0	0	526.559899	272.740577	3.740921	7.506241	-1	###FLOW###
4	4	113	0	0	0	526.559899	272.740577	3.740921	7.506241	-1	###LINE###
5	4	113	0	0	0	526.56	272.74	3.74	7.51	100	5
3	4	114	0	0	0	598.559887	272.740577	3.740921	7.506241	-1	###FLOW###
4	4	114	0	0	0	598.559887	272.740577	3.740921	7.506241	-1	###LINE###
5	4	114	0	0	0	598.56	272.74	3.74	7.51	100	5
3	4	115	0	0	0	670.559876	272.740577	3.740921	7.506241	-1	###FLOW###
4	4	115	0	0	0	670.559876	272.740577	3.740921	7.506241	-1	###LINE###
5	4	115	0	0	0	670.56	272.74	3.74	7.51	100	2
3	4	116	0	0	0	117.719981	285.100573	34.018158	7.506241	-1	###FLOW###
4	4	116	0	0	0	117.719981	285.100573	34.018158	7.506241	-1	###LINE###
5	4	116	0	0	0	117.72	285.10	34.02	7.51	100	McCracken
3	4	117	0	0	0	225.479966	285.100573	16.827415	7.506241	-1	###FLOW###
4	4	117	0	0	0	225.479966	285.100573	16.827415	7.506241	-1	###LINE###
5	4	117	0	0	0	225.48	285.10	16.83	7.51	100	3,864
3	4	118	0	0	0	303.119965	285.100573	11.222762	7.506241	-1	###FLOW###
4	4	118	0	0	0	303.119965	285.100573	11.222762	7.506241	-1	###LINE###
5	4	118	0	0	0	303.12	285.10	11.22	7.51	100	367
3	4	119	0	0	0	375.119954	285.100573	11.222762	7.506241	-1	###FLOW###
4	4	119	0	0	0	375.119954	285.100573	11.222762	7.506241	-1	###LINE###
5	4	119	0	0	0	375.12	285.10	11.22	7.51	100	180
3	4	120	0	0	0	447.119942	285.100573	11.222762	7.506241	-1	###FLOW###
4	4	120	0	0	0	447.119942	285.100573	11.222762	7.506241	-1	###LINE###
5	4	120	0	0	0	447.12	285.10	11.22	7.51	100	171
3	4	121	0	0	0	522.839930	285.100573	7.481842	7.506241	-1	###FLOW###
4	4	121	0	0	0	522.839930	285.100573	7.481842	7.506241	-1	###LINE###
5	4	121	0	0	0	522.84	285.10	7.48	7.51	100	33
3	4	122	0	0	0	594.839919	285.100573	7.481842	7.506241	-1	###FLOW###
4	4	122	0	0	0	594.839919	285.100573	7.481842	7.506241	-1	###LINE###
5	4	122	0	0	0	594.84	285.10	7.48	7.51	100	31
3	4	123	0	0	0	670.559876	285.100573	3.740921	7.506241	-1	###FLOW###
4	4	123	0	0	0	670.559876	285.100573	3.740921	7.506241	-1	###LINE###
5	4	123	0	0	0	670.56	285.10	3.74	7.51	100	5
3	4	124	0	0	0	117.719981	297.340572	29.153615	7.506241	-1	###FLOW###
4	4	124	0	0	0	117.719981	297.340572	29.153615	7.506241	-1	###LINE###
5	4	124	0	0	0	117.72	297.34	29.15	7.51	100	McCreary
3	4	125	0	0	0	231.119961	297.340572	11.222762	7.506241	-1	###FLOW###
4	4	125	0	0	0	231.119961	297.340572	11.222762	7.506241	-1	###LINE###
5	4	125	0	0	0	231.12	297.34	11.22	7.51	100	940
3	4	126	0	0	0	306.839965	297.340572	7.481842	7.506241	-1	###FLOW###
4	4	126	0	0	0	306.839965	297.340572	7.481842	7.506241	-1	###LINE###
5	4	126	0	0	0	306.84	297.34	7.48	7.51	100	14
3	4	127	0	0	0	378.839953	297.340572	7.481842	7.506241	-1	###FLOW###
4	4	127	0	0	0	378.839953	297.340572	7.481842	7.506241	-1	###LINE###
5	4	127	0	0	0	378.84	297.34	7.48	7.51	100	11
3	4	128	0	0	0	454.559941	297.340572	3.740921	7.506241	-1	###FLOW###
4	4	128	0	0	0	454.559941	297.340572	3.740921	7.506241	-1	###LINE###
5	4	128	0	0	0	454.56	297.34	3.74	7.51	100	8
3	4	129	0	0	0	526.559899	297.340572	3.740921	7.506241	-1	###FLOW###
4	4	129	0	0	0	526.559899	297.340572	3.740921	7.506241	-1	###LINE###
5	4	129	0	0	0	526.56	297.34	3.74	7.51	100	6
3	4	130	0	0	0	598.559887	297.340572	3.740921	7.506241	-1	###FLOW###
4	4	130	0	0	0	598.559887	297.340572	3.740921	7.506241	-1	###LINE###
5	4	130	0	0	0	598.56	297.34	3.74	7.51	100	2
3	4	131	0	0	0	670.559876	297.340572	3.740921	7.506241	-1	###FLOW###
4	4	131	0	0	0	670.559876	297.340572	3.740921	7.506241	-1	###LINE###
5	4	131	0	0	0	670.56	297.34	3.74	7.51	100	2
3	4	132	0	0	0	117.719981	309.700568	23.932474	7.506241	-1	###FLOW###
4	4	132	0	0	0	117.719981	309.700568	23.932474	7.506241	-1	###LINE###
5	4	132	0	0	0	117.72	309.70	23.93	7.51	100	McLean
3	4	133	0	0	0	231.119961	309.700568	11.222762	7.506241	-1	###FLOW###
4	4	133	0	0	0	231.119961	309.700568	11.222762	7.506241	-1	###LINE###
5	4	133	0	0	0	231.12	309.70	11.22	7.51	100	383
3	4	134	0	0	0	306.839965	309.700568	7.481842	7.506241	-1	###FLOW###
4	4	134	0	0	0	306.839965	309.700568	7.481842	7.506241	-1	###LINE###
5	4	134	0	0	0	306.84	309.70	7.48	7.51	100	13
3	4	135	0	0	0	378.839953	309.700568	7.481842	7.506241	-1	###FLOW###
4	4	135	0	0	0	378.839953	309.700568	7.481842	7.506241	-1	###LINE###
5	4	135	0	0	0	378.84	309.70	7.48	7.51	100	13
3	4	136	0	0	0	450.839941	309.700568	7.481842	7.506241	-1	###FLOW###
4	4	136	0	0	0	450.839941	309.700568	7.481842	7.506241	-1	###LINE###
5	4	136	0	0	0	450.84	309.70	7.48	7.51	100	15
3	4	137	0	0	0	526.559899	309.700568	3.740921	7.506241	-1	###FLOW###
4	4	137	0	0	0	526.559899	309.700568	3.740921	7.506241	-1	###LINE###
5	4	137	0	0	0	526.56	309.70	3.74	7.51	100	3
3	4	138	0	0	0	598.559887	309.700568	3.740921	7.506241	-1	###FLOW###
4	4	138	0	0	0	598.559887	309.700568	3.740921	7.506241	-1	###LINE###
5	4	138	0	0	0	598.56	309.70	3.74	7.51	100	2
3	4	139	0	0	0	670.559876	309.700568	3.740921	7.506241	-1	###FLOW###
4	4	139	0	0	0	670.559876	309.700568	3.740921	7.506241	-1	###LINE###
5	4	139	0	0	0	670.56	309.70	3.74	7.51	100	1
3	4	140	0	0	0	117.719981	321.940568	20.568336	7.506241	-1	###FLOW###
4	4	140	0	0	0	117.719981	321.940568	20.568336	7.506241	-1	###LINE###
5	4	140	0	0	0	117.72	321.94	20.57	7.51	100	Meade
3	4	141	0	0	0	225.479966	321.940568	16.827415	7.506241	-1	###FLOW###
4	4	141	0	0	0	225.479966	321.940568	16.827415	7.506241	-1	###LINE###
5	4	141	0	0	0	225.48	321.94	16.83	7.51	100	1,509
3	4	142	0	0	0	306.839965	321.940568	7.481842	7.506241	-1	###FLOW###
4	4	142	0	0	0	306.839965	321.940568	7.481842	7.506241	-1	###LINE###
5	4	142	0	0	0	306.84	321.94	7.48	7.51	100	58
3	4	143	0	0	0	378.839953	321.940568	7.481842	7.506241	-1	###FLOW###
4	4	143	0	0	0	378.839953	321.940568	7.481842	7.506241	-1	###LINE###
5	4	143	0	0	0	378.84	321.94	7.48	7.51	100	46
3	4	144	0	0	0	450.839941	321.940568	7.481842	7.506241	-1	###FLOW###
4	4	144	0	0	0	450.839941	321.940568	7.481842	7.506241	-1	###LINE###
5	4	144	0	0	0	450.84	321.94	7.48	7.51	100	37
3	4	145	0	0	0	526.559899	321.940568	3.740921	7.506241	-1	###FLOW###
4	4	145	0	0	0	526.559899	321.940568	3.740921	7.506241	-1	###LINE###
5	4	145	0	0	0	526.56	321.94	3.74	7.51	100	4
3	4	146	0	0	0	598.559887	321.940568	3.740921	7.506241	-1	###FLOW###
4	4	146	0	0	0	598.559887	321.940568	3.740921	7.506241	-1	###LINE###
5	4	146	0	0	0	598.56	321.94	3.74	7.51	100	8
3	4	147	0	0	0	670.559876	321.940568	3.740921	7.506241	-1	###FLOW###
4	4	147	0	0	0	670.559876	321.940568	3.740921	7.506241	-1	###LINE###
5	4	147	0	0	0	670.56	321.94	3.74	7.51	100	6
3	4	148	0	0	0	117.719981	334.300594	24.040126	7.506241	-1	###FLOW###
4	4	148	0	0	0	117.719981	334.300594	24.040126	7.506241	-1	###LINE###
5	4	148	0	0	0	117.72	334.30	24.04	7.51	100	Menifee
3	4	149	0	0	0	231.119961	334.300594	11.222762	7.506241	-1	###FLOW###
4	4	149	0	0	0	231.119961	334.300594	11.222762	7.506241	-1	###LINE###
5	4	149	0	0	0	231.12	334.30	11.22	7.51	100	225
3	4	150	0	0	0	310.559965	334.300594	3.740921	7.506241	-1	###FLOW###
4	4	150	0	0	0	310.559965	334.300594	3.740921	7.506241	-1	###LINE###
5	4	150	0	0	0	310.56	334.30	3.74	7.51	100	3
3	4	151	0	0	0	382.559953	334.300594	3.740921	7.506241	-1	###FLOW###
4	4	151	0	0	0	382.559953	334.300594	3.740921	7.506241	-1	###LINE###
5	4	151	0	0	0	382.56	334.30	3.74	7.51	100	2
3	4	152	0	0	0	454.559941	334.300594	3.740921	7.506241	-1	###FLOW###
4	4	152	0	0	0	454.559941	334.300594	3.740921	7.506241	-1	###LINE###
5	4	152	0	0	0	454.56	334.30	3.74	7.51	100	7
3	4	153	0	0	0	526.559899	334.300594	3.740921	7.506241	-1	###FLOW###
4	4	153	0	0	0	526.559899	334.300594	3.740921	7.506241	-1	###LINE###
5	4	153	0	0	0	526.56	334.30	3.74	7.51	100	1
3	4	154	0	0	0	598.559887	334.300594	3.740921	7.506241	-1	###FLOW###
4	4	154	0	0	0	598.559887	334.300594	3.740921	7.506241	-1	###LINE###
5	4	154	0	0	0	598.56	334.30	3.74	7.51	100	1
3	4	155	0	0	0	670.559876	334.300594	3.740921	7.506241	-1	###FLOW###
4	4	155	0	0	0	670.559876	334.300594	3.740921	7.506241	-1	###LINE###
5	4	155	0	0	0	670.56	334.30	3.74	7.51	100	0
3	4	156	0	0	0	117.719981	346.540594	20.931663	7.506241	-1	###FLOW###
4	4	156	0	0	0	117.719981	346.540594	20.931663	7.506241	-1	###LINE###
5	4	156	0	0	0	117.72	346.54	20.93	7.51	100	Mercer
3	4	157	0	0	0	225.479966	346.540594	16.827415	7.506241	-1	###FLOW###
4	4	157	0	0	0	225.479966	346.540594	16.827415	7.506241	-1	###LINE###
5	4	157	0	0	0	225.48	346.54	16.83	7.51	100	1,223
3	4	158	0	0	0	306.839965	346.540594	7.481842	7.506241	-1	###FLOW###
4	4	158	0	0	0	306.839965	346.540594	7.481842	7.506241	-1	###LINE###
5	4	158	0	0	0	306.84	346.54	7.48	7.51	100	66
3	4	159	0	0	0	378.839953	346.540594	7.481842	7.506241	-1	###FLOW###
4	4	159	0	0	0	378.839953	346.540594	7.481842	7.506241	-1	###LINE###
5	4	159	0	0	0	378.84	346.54	7.48	7.51	100	49
3	4	160	0	0	0	450.839941	346.540594	7.481842	7.506241	-1	###FLOW###
4	4	160	0	0	0	450.839941	346.540594	7.481842	7.506241	-1	###LINE###
5	4	160	0	0	0	450.84	346.54	7.48	7.51	100	36
3	4	161	0	0	0	522.839930	346.540594	7.481842	7.506241	-1	###FLOW###
4	4	161	0	0	0	522.839930	346.540594	7.481842	7.506241	-1	###LINE###
5	4	161	0	0	0	522.84	346.54	7.48	7.51	100	11
3	4	162	0	0	0	598.559887	346.540594	3.740921	7.506241	-1	###FLOW###
4	4	162	0	0	0	598.559887	346.540594	3.740921	7.506241	-1	###LINE###
5	4	162	0	0	0	598.56	346.54	3.74	7.51	100	3
3	4	163	0	0	0	670.559876	346.540594	3.740921	7.506241	-1	###FLOW###
4	4	163	0	0	0	670.559876	346.540594	3.740921	7.506241	-1	###LINE###
5	4	163	0	0	0	670.56	346.54	3.74	7.51	100	7
3	4	164	0	0	0	117.719981	358.900575	25.278129	7.506241	-1	###FLOW###
4	4	164	0	0	0	117.719981	358.900575	25.278129	7.506241	-1	###LINE###
5	4	164	0	0	0	117.72	358.90	25.28	7.51	100	Metcalfe
3	4	165	0	0	0	231.119961	358.900575	11.222762	7.506241	-1	###FLOW###
4	4	165	0	0	0	231.119961	358.900575	11.222762	7.506241	-1	###LINE###
5	4	165	0	0	0	231.12	358.90	11.22	7.51	100	579
3	4	166	0	0	0	306.839965	358.900575	7.481842	7.506241	-1	###FLOW###
4	4	166	0	0	0	306.839965	358.900575	7.481842	7.506241	-1	###LINE###
5	4	166	0	0	0	306.84	358.90	7.48	7.51	100	20
3	4	167	0	0	0	382.559953	358.900575	3.740921	7.506241	-1	###FLOW###
4	4	167	0	0	0	382.559953	358.900575	3.740921	7.506241	-1	###LINE###
5	4	167	0	0	0	382.56	358.90	3.74	7.51	100	9
3	4	168	0	0	0	450.839941	358.900575	7.481842	7.506241	-1	###FLOW###
4	4	168	0	0	0	450.839941	358.900575	7.481842	7.506241	-1	###LINE###
5	4	168	0	0	0	450.84	358.90	7.48	7.51	100	17
3	4	169	0	0	0	526.559899	358.900575	3.740921	7.506241	-1	###FLOW###
4	4	169	0	0	0	526.559899	358.900575	3.740921	7.506241	-1	###LINE###
5	4	169	0	0	0	526.56	358.90	3.74	7.51	100	5
3	4	170	0	0	0	598.559887	358.900575	3.740921	7.506241	-1	###FLOW###
4	4	170	0	0	0	598.559887	358.900575	3.740921	7.506241	-1	###LINE###
5	4	170	0	0	0	598.56	358.90	3.74	7.51	100	1
3	4	171	0	0	0	670.559876	358.900575	3.740921	7.506241	-1	###FLOW###
4	4	171	0	0	0	670.559876	358.900575	3.740921	7.506241	-1	###LINE###
5	4	171	0	0	0	670.56	358.90	3.74	7.51	100	4
3	4	172	0	0	0	117.719981	371.140574	22.808852	7.506241	-1	###FLOW###
4	4	172	0	0	0	117.719981	371.140574	22.808852	7.506241	-1	###LINE###
5	4	172	0	0	0	117.72	371.14	22.81	7.51	100	Monroe
3	4	173	0	0	0	231.119961	371.140574	11.222762	7.506241	-1	###FLOW###
4	4	173	0	0	0	231.119961	371.140574	11.222762	7.506241	-1	###LINE###
5	4	173	0	0	0	231.12	371.14	11.22	7.51	100	949
3	4	174	0	0	0	306.839965	371.140574	7.481842	7.506241	-1	###FLOW###
4	4	174	0	0	0	306.839965	371.140574	7.481842	7.506241	-1	###LINE###
5	4	174	0	0	0	306.84	371.14	7.48	7.51	100	24
3	4	175	0	0	0	378.839953	371.140574	7.481842	7.506241	-1	###FLOW###
4	4	175	0	0	0	378.839953	371.140574	7.481842	7.506241	-1	###LINE###
5	4	175	0	0	0	378.84	371.14	7.48	7.51	100	16
3	4	176	0	0	0	450.839941	371.140574	7.481842	7.506241	-1	###FLOW###
4	4	176	0	0	0	450.839941	371.140574	7.481842	7.506241	-1	###LINE###
5	4	176	0	0	0	450.84	371.14	7.48	7.51	100	11
3	4	177	0	0	0	526.559899	371.140574	3.740921	7.506241	-1	###FLOW###
4	4	177	0	0	0	526.559899	371.140574	3.740921	7.506241	-1	###LINE###
5	4	177	0	0	0	526.56	371.14	3.74	7.51	100	7
3	4	178	0	0	0	598.559887	371.140574	3.740921	7.506241	-1	###FLOW###
4	4	178	0	0	0	598.559887	371.140574	3.740921	7.506241	-1	###LINE###
5	4	178	0	0	0	598.56	371.14	3.74	7.51	100	1
3	4	179	0	0	0	670.559876	371.140574	3.740921	7.506241	-1	###FLOW###
4	4	179	0	0	0	670.559876	371.140574	3.740921	7.506241	-1	###LINE###
5	4	179	0	0	0	670.56	371.14	3.74	7.51	100	2
3	4	180	0	0	0	225.479966	383.500570	16.827415	7.506241	-1	###FLOW###
4	4	180	0	0	0	225.479966	383.500570	16.827415	7.506241	-1	###LINE###
5	4	180	0	0	0	225.48	383.50	16.83	7.51	100	1,202
3	4	181	0	0	0	306.839965	383.500570	7.481842	7.506241	-1	###FLOW###
4	4	181	0	0	0	306.839965	383.500570	7.481842	7.506241	-1	###LINE###
5	4	181	0	0	0	306.84	383.50	7.48	7.51	100	59
3	4	182	0	0	0	378.839953	383.500570	7.481842	7.506241	-1	###FLOW###
4	4	182	0	0	0	378.839953	383.500570	7.481842	7.506241	-1	###LINE###
5	4	182	0	0	0	378.84	383.50	7.48	7.51	100	30
3	4	183	0	0	0	450.839941	383.500570	7.481842	7.506241	-1	###FLOW###
4	4	183	0	0	0	450.839941	383.500570	7.481842	7.506241	-1	###LINE###
5	4	183	0	0	0	450.84	383.50	7.48	7.51	100	38
3	4	184	0	0	0	526.559899	383.500570	3.740921	7.506241	-1	###FLOW###
4	4	184	0	0	0	526.559899	383.500570	3.740921	7.506241	-1	###LINE###
5	4	184	0	0	0	526.56	383.50	3.74	7.51	100	5
3	4	185	0	0	0	598.559887	383.500570	3.740921	7.506241	-1	###FLOW###
4	4	185	0	0	0	598.559887	383.500570	3.740921	7.506241	-1	###LINE###
5	4	185	0	0	0	598.56	383.50	3.74	7.51	100	9
3	4	186	0	0	0	670.559876	383.500570	3.740921	7.506241	-1	###FLOW###
4	4	186	0	0	0	670.559876	383.500570	3.740921	7.506241	-1	###LINE###
5	4	186	0	0	0	670.56	383.50	3.74	7.51	100	3
3	4	187	0	0	0	231.119961	395.740570	11.222762	7.506241	-1	###FLOW###
4	4	187	0	0	0	231.119961	395.740570	11.222762	7.506241	-1	###LINE###
5	4	187	0	0	0	231.12	395.74	11.22	7.51	100	322
3	4	188	0	0	0	310.559965	395.740570	3.740921	7.506241	-1	###FLOW###
4	4	188	0	0	0	310.559965	395.740570	3.740921	7.506241	-1	###LINE###
5	4	188	0	0	0	310.56	395.74	3.74	7.51	100	6
3	4	189	0	0	0	382.559953	395.740570	3.740921	7.506241	-1	###FLOW###
4	4	189	0	0	0	382.559953	395.740570	3.740921	7.506241	-1	###LINE###
5	4	189	0	0	0	382.56	395.74	3.74	7.51	100	4
3	4	190	0	0	0	454.559941	395.740570	3.740921	7.506241	-1	###FLOW###
4	4	190	0	0	0	454.559941	395.740570	3.740921	7.506241	-1	###LINE###
5	4	190	0	0	0	454.56	395.74	3.74	7.51	100	2
3	4	191	0	0	0	526.559899	395.740570	3.740921	7.506241	-1	###FLOW###
4	4	191	0	0	0	526.559899	395.740570	3.740921	7.506241	-1	###LINE###
5	4	191	0	0	0	526.56	395.74	3.74	7.51	100	1
3	4	192	0	0	0	598.559887	395.740570	3.740921	7.506241	-1	###FLOW###
4	4	192	0	0	0	598.559887	395.740570	3.740921	7.506241	-1	###LINE###
5	4	192	0	0	0	598.56	395.74	3.74	7.51	100	0
3	4	193	0	0	0	670.559876	395.740570	3.740921	7.506241	-1	###FLOW###
4	4	193	0	0	0	670.559876	395.740570	3.740921	7.506241	-1	###LINE###
5	4	193	0	0	0	670.56	395.74	3.74	7.51	100	0
3	4	194	0	0	0	117.719981	408.100566	35.276345	7.506241	-1	###FLOW###
4	4	194	0	0	0	117.719981	408.100566	35.276345	7.506241	-1	###LINE###
5	4	194	0	0	0	117.72	408.10	35.28	7.51	100	Muhlenberg
3	4	195	0	0	0	225.479966	408.100566	16.827415	7.506241	-1	###FLOW###
4	4	195	0	0	0	225.479966	408.100566	16.827415	7.506241	-1	###LINE###
5	4	195	0	0	0	225.48	408.10	16.83	7.51	100	1,060
3	4	196	0	0	0	306.839965	408.100566	7.481842	7.506241	-1	###FLOW###
4	4	196	0	0	0	306.839965	408.100566	7.481842	7.506241	-1	###LINE###
5	4	196	0	0	0	306.84	408.10	7.48	7.51	100	29
3	4	197	0	0	0	378.839953	408.100566	7.481842	7.506241	-1	###FLOW###
4	4	197	0	0	0	378.839953	408.100566	7.481842	7.506241	-1	###LINE###
5	4	197	0	0	0	378.84	408.10	7.48	7.51	100	26
3	4	198	0	0	0	450.839941	408.100566	7.481842	7.506241	-1	###FLOW###
4	4	198	0	0	0	450.839941	408.100566	7.481842	7.506241	-1	###LINE###
5	4	198	0	0	0	450.84	408.10	7.48	7.51	100	25
3	4	199	0	0	0	526.559899	408.100566	3.740921	7.506241	-1	###FLOW###
4	4	199	0	0	0	526.559899	408.100566	3.740921	7.506241	-1	###LINE###
5	4	199	0	0	0	526.56	408.10	3.74	7.51	100	5
3	4	200	0	0	0	598.559887	408.100566	3.740921	7.506241	-1	###FLOW###
4	4	200	0	0	0	598.559887	408.100566	3.740921	7.506241	-1	###LINE###
5	4	200	0	0	0	598.56	408.10	3.74	7.51	100	0
3	4	201	0	0	0	670.559876	408.100566	3.740921	7.506241	-1	###FLOW###
4	4	201	0	0	0	670.559876	408.100566	3.740921	7.506241	-1	###LINE###
5	4	201	0	0	0	670.56	408.10	3.74	7.51	100	2
3	4	202	0	0	0	117.719981	420.340565	20.682717	7.506241	-1	###FLOW###
4	4	202	0	0	0	117.719981	420.340565	20.682717	7.506241	-1	###LINE###
5	4	202	0	0	0	117.72	420.34	20.68	7.51	100	Nelson
3	4	203	0	0	0	225.479966	420.340565	16.827415	7.506241	-1	###FLOW###
4	4	203	0	0	0	225.479966	420.340565	16.827415	7.506241	-1	###LINE###
5	4	203	0	0	0	225.48	420.34	16.83	7.51	100	3,011
3	4	204	0	0	0	303.119965	420.340565	11.222762	7.506241	-1	###FLOW###
4	4	204	0	0	0	303.119965	420.340565	11.222762	7.506241	-1	###LINE###
5	4	204	0	0	0	303.12	420.34	11.22	7.51	100	193
3	4	205	0	0	0	375.119954	420.340565	11.222762	7.506241	-1	###FLOW###
4	4	205	0	0	0	375.119954	420.340565	11.222762	7.506241	-1	###LINE###
5	4	205	0	0	0	375.12	420.34	11.22	7.51	100	111
3	4	206	0	0	0	447.119942	420.340565	11.222762	7.506241	-1	###FLOW###
4	4	206	0	0	0	447.119942	420.340565	11.222762	7.506241	-1	###LINE###
5	4	206	0	0	0	447.12	420.34	11.22	7.51	100	114
3	4	207	0	0	0	522.839930	420.340565	7.481842	7.506241	-1	###FLOW###
4	4	207	0	0	0	522.839930	420.340565	7.481842	7.506241	-1	###LINE###
5	4	207	0	0	0	522.84	420.34	7.48	7.51	100	26
3	4	208	0	0	0	594.839919	420.340565	7.481842	7.506241	-1	###FLOW###
4	4	208	0	0	0	594.839919	420.340565	7.481842	7.506241	-1	###LINE###
5	4	208	0	0	0	594.84	420.34	7.48	7.51	100	22
3	4	209	0	0	0	666.839907	420.340565	7.481842	7.506241	-1	###FLOW###
4	4	209	0	0	0	666.839907	420.340565	7.481842	7.506241	-1	###LINE###
5	4	209	0	0	0	666.84	420.34	7.48	7.51	100	11
3	4	209	1	0	0	670.559876	432.700561	3.740921	7.506241	-1	###FLOW###
4	4	209	1	0	0	670.559876	432.700561	3.740921	7.506241	-1	###LINE###
5	4	209	1	0	0	670.56	432.70	3.74	7.51	100	1
3	4	210	0	0	0	117.719981	383.500570	37.382295	7.506241	-1	###FLOW###
4	4	210	0	0	0	117.719981	383.500570	37.382295	7.506241	-1	###LINE###
5	4	210	0	0	0	117.72	383.50	37.38	7.51	100	Montgomery
3	4	210	1	0	0	117.719981	395.740570	22.808852	7.506241	-1	###FLOW###
4	4	210	1	0	0	117.719981	395.740570	22.808852	7.506241	-1	###LINE###
5	4	210	1	0	0	117.72	395.74	22.81	7.51	100	Morgan
3	4	211	0	0	0	117.719981	432.700561	25.580901	7.506241	-1	###FLOW###
4	4	211	0	0	0	117.719981	432.700561	25.580901	7.506241	-1	###LINE###
5	4	211	0	0	0	117.72	432.70	25.58	7.51	100	Nicholas
3	4	212	0	0	0	231.119961	432.700561	11.222762	7.506241	-1	###FLOW###
4	4	212	0	0	0	231.119961	432.700561	11.222762	7.506241	-1	###LINE###
5	4	212	0	0	0	231.12	432.70	11.22	7.51	100	197
3	4	213	0	0	0	310.559965	432.700561	3.740921	7.506241	-1	###FLOW###
4	4	213	0	0	0	310.559965	432.700561	3.740921	7.506241	-1	###LINE###
5	4	213	0	0	0	310.56	432.70	3.74	7.51	100	7
3	4	214	0	0	0	382.559953	432.700561	3.740921	7.506241	-1	###FLOW###
4	4	214	0	0	0	382.559953	432.700561	3.740921	7.506241	-1	###LINE###
5	4	214	0	0	0	382.56	432.70	3.74	7.51	100	4
3	4	215	0	0	0	454.559941	432.700561	3.740921	7.506241	-1	###FLOW###
4	4	215	0	0	0	454.559941	432.700561	3.740921	7.506241	-1	###LINE###
5	4	215	0	0	0	454.56	432.70	3.74	7.51	100	3
3	4	216	0	0	0	526.559899	432.700561	3.740921	7.506241	-1	###FLOW###
4	4	216	0	0	0	526.559899	432.700561	3.740921	7.506241	-1	###LINE###
5	4	216	0	0	0	526.56	432.70	3.74	7.51	100	0
3	4	217	0	0	0	598.559887	432.700561	3.740921	7.506241	-1	###FLOW###
4	4	217	0	0	0	598.559887	432.700561	3.740921	7.506241	-1	###LINE###
5	4	217	0	0	0	598.56	432.70	3.74	7.51	100	1
3	4	218	0	0	0	117.719981	444.940561	14.297584	7.506241	-1	###FLOW###
4	4	218	0	0	0	117.719981	444.940561	14.297584	7.506241	-1	###LINE###
5	4	218	0	0	0	117.72	444.94	14.30	7.51	100	Ohio
3	4	219	0	0	0	225.479966	444.940561	16.827415	7.506241	-1	###FLOW###
4	4	219	0	0	0	225.479966	444.940561	16.827415	7.506241	-1	###LINE###
5	4	219	0	0	0	225.48	444.94	16.83	7.51	100	1,663
3	4	220	0	0	0	306.839965	444.940561	7.481842	7.506241	-1	###FLOW###
4	4	220	0	0	0	306.839965	444.940561	7.481842	7.506241	-1	###LINE###
5	4	220	0	0	0	306.84	444.94	7.48	7.51	100	90
3	4	221	0	0	0	378.839953	444.940561	7.481842	7.506241	-1	###FLOW###
4	4	221	0	0	0	378.839953	444.940561	7.481842	7.506241	-1	###LINE###
5	4	221	0	0	0	378.84	444.94	7.48	7.51	100	59
3	4	222	0	0	0	450.839941	444.940561	7.481842	7.506241	-1	###FLOW###
4	4	222	0	0	0	450.839941	444.940561	7.481842	7.506241	-1	###LINE###
5	4	222	0	0	0	450.84	444.94	7.48	7.51	100	58
3	4	223	0	0	0	522.839930	444.940561	7.481842	7.506241	-1	###FLOW###
4	4	223	0	0	0	522.839930	444.940561	7.481842	7.506241	-1	###LINE###
5	4	223	0	0	0	522.84	444.94	7.48	7.51	100	22
3	4	224	0	0	0	598.559887	444.940561	3.740921	7.506241	-1	###FLOW###
4	4	224	0	0	0	598.559887	444.940561	3.740921	7.506241	-1	###LINE###
5	4	224	0	0	0	598.56	444.94	3.74	7.51	100	8
3	4	225	0	0	0	670.559876	444.940561	3.740921	7.506241	-1	###FLOW###
4	4	225	0	0	0	670.559876	444.940561	3.740921	7.506241	-1	###LINE###
5	4	225	0	0	0	670.56	444.94	3.74	7.51	100	5
3	4	226	0	0	0	117.719981	457.300588	23.421125	7.506241	-1	###FLOW###
4	4	226	0	0	0	117.719981	457.300588	23.421125	7.506241	-1	###LINE###
5	4	226	0	0	0	117.72	457.30	23.42	7.51	100	Oldham
3	4	227	0	0	0	225.479966	457.300588	16.827415	7.506241	-1	###FLOW###
4	4	227	0	0	0	225.479966	457.300588	16.827415	7.506241	-1	###LINE###
5	4	227	0	0	0	225.48	457.30	16.83	7.51	100	3,714
3	4	228	0	0	0	303.119965	457.300588	11.222762	7.506241	-1	###FLOW###
4	4	228	0	0	0	303.119965	457.300588	11.222762	7.506241	-1	###LINE###
5	4	228	0	0	0	303.12	457.30	11.22	7.51	100	573
3	4	229	0	0	0	375.119954	457.300588	11.222762	7.506241	-1	###FLOW###
4	4	229	0	0	0	375.119954	457.300588	11.222762	7.506241	-1	###LINE###
5	4	229	0	0	0	375.12	457.30	11.22	7.51	100	224
3	4	230	0	0	0	447.119942	457.300588	11.222762	7.506241	-1	###FLOW###
4	4	230	0	0	0	447.119942	457.300588	11.222762	7.506241	-1	###LINE###
5	4	230	0	0	0	447.12	457.30	11.22	7.51	100	186
3	4	231	0	0	0	522.839930	457.300588	7.481842	7.506241	-1	###FLOW###
4	4	231	0	0	0	522.839930	457.300588	7.481842	7.506241	-1	###LINE###
5	4	231	0	0	0	522.84	457.30	7.48	7.51	100	66
3	4	232	0	0	0	594.839919	457.300588	7.481842	7.506241	-1	###FLOW###
4	4	232	0	0	0	594.839919	457.300588	7.481842	7.506241	-1	###LINE###
5	4	232	0	0	0	594.84	457.30	7.48	7.51	100	41
3	4	233	0	0	0	666.839907	457.300588	7.481842	7.506241	-1	###FLOW###
4	4	233	0	0	0	666.839907	457.300588	7.481842	7.506241	-1	###LINE###
5	4	233	0	0	0	666.84	457.30	7.48	7.51	100	23
3	4	234	0	0	0	117.719981	469.540587	17.439688	7.506241	-1	###FLOW###
4	4	234	0	0	0	117.719981	469.540587	17.439688	7.506241	-1	###LINE###
5	4	234	0	0	0	117.72	469.54	17.44	7.51	100	Owen
3	4	235	0	0	0	231.119961	469.540587	11.222762	7.506241	-1	###FLOW###
4	4	235	0	0	0	231.119961	469.540587	11.222762	7.506241	-1	###LINE###
5	4	235	0	0	0	231.12	469.54	11.22	7.51	100	893
3	4	236	0	0	0	306.839965	469.540587	7.481842	7.506241	-1	###FLOW###
4	4	236	0	0	0	306.839965	469.540587	7.481842	7.506241	-1	###LINE###
5	4	236	0	0	0	306.84	469.54	7.48	7.51	100	25
3	4	237	0	0	0	378.839953	469.540587	7.481842	7.506241	-1	###FLOW###
4	4	237	0	0	0	378.839953	469.540587	7.481842	7.506241	-1	###LINE###
5	4	237	0	0	0	378.84	469.54	7.48	7.51	100	31
3	4	238	0	0	0	450.839941	469.540587	7.481842	7.506241	-1	###FLOW###
4	4	238	0	0	0	450.839941	469.540587	7.481842	7.506241	-1	###LINE###
5	4	238	0	0	0	450.84	469.54	7.48	7.51	100	29
3	4	239	0	0	0	526.559899	469.540587	3.740921	7.506241	-1	###FLOW###
4	4	239	0	0	0	526.559899	469.540587	3.740921	7.506241	-1	###LINE###
5	4	239	0	0	0	526.56	469.54	3.74	7.51	100	5
3	4	240	0	0	0	598.559887	469.540587	3.740921	7.506241	-1	###FLOW###
4	4	240	0	0	0	598.559887	469.540587	3.740921	7.506241	-1	###LINE###
5	4	240	0	0	0	598.56	469.54	3.74	7.51	100	4
3	4	241	0	0	0	670.559876	469.540587	3.740921	7.506241	-1	###FLOW###
4	4	241	0	0	0	670.559876	469.540587	3.740921	7.506241	-1	###LINE###
5	4	241	0	0	0	670.56	469.54	3.74	7.51	100	2
3	4	242	0	0	0	117.719981	481.900582	21.739056	7.506241	-1	###FLOW###
4	4	242	0	0	0	117.719981	481.900582	21.739056	7.506241	-1	###LINE###
5	4	242	0	0	0	117.72	481.90	21.74	7.51	100	Owsley
3	4	243	0	0	0	231.119961	481.900582	11.222762	7.506241	-1	###FLOW###
4	4	243	0	0	0	231.119961	481.900582	11.222762	7.506241	-1	###LINE###
5	4	243	0	0	0	231.12	481.90	11.22	7.51	100	329
3	4	244	0	0	0	310.559965	481.900582	3.740921	7.506241	-1	###FLOW###
4	4	244	0	0	0	310.559965	481.900582	3.740921	7.506241	-1	###LINE###
5	4	244	0	0	0	310.56	481.90	3.74	7.51	100	6
3	4	245	0	0	0	378.839953	481.900582	7.481842	7.506241	-1	###FLOW###
4	4	245	0	0	0	378.839953	481.900582	7.481842	7.506241	-1	###LINE###
5	4	245	0	0	0	378.84	481.90	7.48	7.51	100	10
3	4	246	0	0	0	454.559941	481.900582	3.740921	7.506241	-1	###FLOW###
4	4	246	0	0	0	454.559941	481.900582	3.740921	7.506241	-1	###LINE###
5	4	246	0	0	0	454.56	481.90	3.74	7.51	100	4
3	4	247	0	0	0	526.559899	481.900582	3.740921	7.506241	-1	###FLOW###
4	4	247	0	0	0	526.559899	481.900582	3.740921	7.506241	-1	###LINE###
5	4	247	0	0	0	526.56	481.90	3.74	7.51	100	3
3	4	248	0	0	0	598.559887	481.900582	3.740921	7.506241	-1	###FLOW###
4	4	248	0	0	0	598.559887	481.900582	3.740921	7.506241	-1	###LINE###
5	4	248	0	0	0	598.56	481.90	3.74	7.51	100	0
3	4	249	0	0	0	670.559876	481.900582	3.740921	7.506241	-1	###FLOW###
4	4	249	0	0	0	670.559876	481.900582	3.740921	7.506241	-1	###LINE###
5	4	249	0	0	0	670.56	481.90	3.74	7.51	100	1
3	4	250	0	0	0	117.719981	494.140583	30.001377	7.506241	-1	###FLOW###
4	4	250	0	0	0	117.719981	494.140583	30.001377	7.506241	-1	###LINE###
5	4	250	0	0	0	117.72	494.14	30.00	7.51	100	Pendleton
3	4	251	0	0	0	231.119961	494.140583	11.222762	7.506241	-1	###FLOW###
4	4	251	0	0	0	231.119961	494.140583	11.222762	7.506241	-1	###LINE###
5	4	251	0	0	0	231.12	494.14	11.22	7.51	100	741
3	4	252	0	0	0	306.839965	494.140583	7.481842	7.506241	-1	###FLOW###
4	4	252	0	0	0	306.839965	494.140583	7.481842	7.506241	-1	###LINE###
5	4	252	0	0	0	306.84	494.14	7.48	7.51	100	26
3	4	253	0	0	0	378.839953	494.140583	7.481842	7.506241	-1	###FLOW###
4	4	253	0	0	0	378.839953	494.140583	7.481842	7.506241	-1	###LINE###
5	4	253	0	0	0	378.84	494.14	7.48	7.51	100	15
3	4	254	0	0	0	450.839941	494.140583	7.481842	7.506241	-1	###FLOW###
4	4	254	0	0	0	450.839941	494.140583	7.481842	7.506241	-1	###LINE###
5	4	254	0	0	0	450.84	494.14	7.48	7.51	100	24
3	4	255	0	0	0	526.559899	494.140583	3.740921	7.506241	-1	###FLOW###
4	4	255	0	0	0	526.559899	494.140583	3.740921	7.506241	-1	###LINE###
5	4	255	0	0	0	526.56	494.14	3.74	7.51	100	8
3	4	256	0	0	0	598.559887	494.140583	3.740921	7.506241	-1	###FLOW###
4	4	256	0	0	0	598.559887	494.140583	3.740921	7.506241	-1	###LINE###
5	4	256	0	0	0	598.56	494.14	3.74	7.51	100	2
3	4	257	0	0	0	670.559876	494.140583	3.740921	7.506241	-1	###FLOW###
4	4	257	0	0	0	670.559876	494.140583	3.740921	7.506241	-1	###LINE###
5	4	257	0	0	0	670.56	494.14	3.74	7.51	100	1
3	4	258	0	0	0	117.719981	506.500578	16.080577	7.506241	-1	###FLOW###
4	4	258	0	0	0	117.719981	506.500578	16.080577	7.506241	-1	###LINE###
5	4	258	0	0	0	117.72	506.50	16.08	7.51	100	Perry
3	4	259	0	0	0	231.119961	506.500578	11.222762	7.506241	-1	###FLOW###
4	4	259	0	0	0	231.119961	506.500578	11.222762	7.506241	-1	###LINE###
5	4	259	0	0	0	231.12	506.50	11.22	7.51	100	864
3	4	260	0	0	0	306.839965	506.500578	7.481842	7.506241	-1	###FLOW###
4	4	260	0	0	0	306.839965	506.500578	7.481842	7.506241	-1	###LINE###
5	4	260	0	0	0	306.84	506.50	7.48	7.51	100	20
3	4	261	0	0	0	378.839953	506.500578	7.481842	7.506241	-1	###FLOW###
4	4	261	0	0	0	378.839953	506.500578	7.481842	7.506241	-1	###LINE###
5	4	261	0	0	0	378.84	506.50	7.48	7.51	100	17
3	4	262	0	0	0	450.839941	506.500578	7.481842	7.506241	-1	###FLOW###
4	4	262	0	0	0	450.839941	506.500578	7.481842	7.506241	-1	###LINE###
5	4	262	0	0	0	450.84	506.50	7.48	7.51	100	18
3	4	263	0	0	0	526.559899	506.500578	3.740921	7.506241	-1	###FLOW###
4	4	263	0	0	0	526.559899	506.500578	3.740921	7.506241	-1	###LINE###
5	4	263	0	0	0	526.56	506.50	3.74	7.51	100	7
3	4	264	0	0	0	598.559887	506.500578	3.740921	7.506241	-1	###FLOW###
4	4	264	0	0	0	598.559887	506.500578	3.740921	7.506241	-1	###LINE###
5	4	264	0	0	0	598.56	506.50	3.74	7.51	100	6
3	4	265	0	0	0	670.559876	506.500578	3.740921	7.506241	-1	###FLOW###
4	4	265	0	0	0	670.559876	506.500578	3.740921	7.506241	-1	###LINE###
5	4	265	0	0	0	670.56	506.50	3.74	7.51	100	3
3	4	266	0	0	0	117.719981	518.740548	13.079766	7.506241	-1	###FLOW###
4	4	266	0	0	0	117.719981	518.740548	13.079766	7.506241	-1	###LINE###
5	4	266	0	0	0	117.72	518.74	13.08	7.51	100	Pike
3	4	267	0	0	0	225.479966	518.740548	16.827415	7.506241	-1	###FLOW###
4	4	267	0	0	0	225.479966	518.740548	16.827415	7.506241	-1	###LINE###
5	4	267	0	0	0	225.48	518.74	16.83	7.51	100	2,081
3	4	268	0	0	0	306.839965	518.740548	7.481842	7.506241	-1	###FLOW###
4	4	268	0	0	0	306.839965	518.740548	7.481842	7.506241	-1	###LINE###
5	4	268	0	0	0	306.84	518.74	7.48	7.51	100	40
3	4	269	0	0	0	378.839953	518.740548	7.481842	7.506241	-1	###FLOW###
4	4	269	0	0	0	378.839953	518.740548	7.481842	7.506241	-1	###LINE###
5	4	269	0	0	0	378.84	518.74	7.48	7.51	100	29
3	4	270	0	0	0	450.839941	518.740548	7.481842	7.506241	-1	###FLOW###
4	4	270	0	0	0	450.839941	518.740548	7.481842	7.506241	-1	###LINE###
5	4	270	0	0	0	450.84	518.74	7.48	7.51	100	38
3	4	271	0	0	0	526.559899	518.740548	3.740921	7.506241	-1	###FLOW###
4	4	271	0	0	0	526.559899	518.740548	3.740921	7.506241	-1	###LINE###
5	4	271	0	0	0	526.56	518.74	3.74	7.51	100	8
3	4	272	0	0	0	598.559887	518.740548	3.740921	7.506241	-1	###FLOW###
4	4	272	0	0	0	598.559887	518.740548	3.740921	7.506241	-1	###LINE###
5	4	272	0	0	0	598.56	518.74	3.74	7.51	100	4
3	4	273	0	0	0	670.559876	518.740548	3.740921	7.506241	-1	###FLOW###
4	4	273	0	0	0	670.559876	518.740548	3.740921	7.506241	-1	###LINE###
5	4	273	0	0	0	670.56	518.74	3.74	7.51	100	4
3	4	274	0	0	0	117.719981	531.100543	19.370703	7.506241	-1	###FLOW###
4	4	274	0	0	0	117.719981	531.100543	19.370703	7.506241	-1	###LINE###
5	4	274	0	0	0	117.72	531.10	19.37	7.51	100	Powell
3	4	275	0	0	0	231.119961	531.100543	11.222762	7.506241	-1	###FLOW###
4	4	275	0	0	0	231.119961	531.100543	11.222762	7.506241	-1	###LINE###
5	4	275	0	0	0	231.12	531.10	11.22	7.51	100	942
3	4	276	0	0	0	306.839965	531.100543	7.481842	7.506241	-1	###FLOW###
4	4	276	0	0	0	306.839965	531.100543	7.481842	7.506241	-1	###LINE###
5	4	276	0	0	0	306.84	531.10	7.48	7.51	100	27
3	4	277	0	0	0	378.839953	531.100543	7.481842	7.506241	-1	###FLOW###
4	4	277	0	0	0	378.839953	531.100543	7.481842	7.506241	-1	###LINE###
5	4	277	0	0	0	378.84	531.10	7.48	7.51	100	29
3	4	278	0	0	0	450.839941	531.100543	7.481842	7.506241	-1	###FLOW###
4	4	278	0	0	0	450.839941	531.100543	7.481842	7.506241	-1	###LINE###
5	4	278	0	0	0	450.84	531.10	7.48	7.51	100	25
3	4	279	0	0	0	526.559899	531.100543	3.740921	7.506241	-1	###FLOW###
4	4	279	0	0	0	526.559899	531.100543	3.740921	7.506241	-1	###LINE###
5	4	279	0	0	0	526.56	531.10	3.74	7.51	100	8
3	4	280	0	0	0	598.559887	531.100543	3.740921	7.506241	-1	###FLOW###
4	4	280	0	0	0	598.559887	531.100543	3.740921	7.506241	-1	###LINE###
5	4	280	0	0	0	598.56	531.10	3.74	7.51	100	1
3	4	281	0	0	0	670.559876	531.100543	3.740921	7.506241	-1	###FLOW###
4	4	281	0	0	0	670.559876	531.100543	3.740921	7.506241	-1	###LINE###
5	4	281	0	0	0	670.56	531.10	3.74	7.51	100	0
3	4	282	0	0	0	117.719981	543.460539	21.436284	7.506241	-1	###FLOW###
4	4	282	0	0	0	117.719981	543.460539	21.436284	7.506241	-1	###LINE###
5	4	282	0	0	0	117.72	543.46	21.44	7.51	100	Pulaski
3	4	283	0	0	0	225.479966	543.460539	16.827415	7.506241	-1	###FLOW###
4	4	283	0	0	0	225.479966	543.460539	16.827415	7.506241	-1	###LINE###
5	4	283	0	0	0	225.48	543.46	16.83	7.51	100	4,936
3	4	284	0	0	0	303.119965	543.460539	11.222762	7.506241	-1	###FLOW###
4	4	284	0	0	0	303.119965	543.460539	11.222762	7.506241	-1	###LINE###
5	4	284	0	0	0	303.12	543.46	11.22	7.51	100	217
3	4	285	0	0	0	375.119954	543.460539	11.222762	7.506241	-1	###FLOW###
4	4	285	0	0	0	375.119954	543.460539	11.222762	7.506241	-1	###LINE###
5	4	285	0	0	0	375.12	543.46	11.22	7.51	100	170
3	4	286	0	0	0	447.119942	543.460539	11.222762	7.506241	-1	###FLOW###
4	4	286	0	0	0	447.119942	543.460539	11.222762	7.506241	-1	###LINE###
5	4	286	0	0	0	447.12	543.46	11.22	7.51	100	124
3	4	287	0	0	0	522.839930	543.460539	7.481842	7.506241	-1	###FLOW###
4	4	287	0	0	0	522.839930	543.460539	7.481842	7.506241	-1	###LINE###
5	4	287	0	0	0	522.84	543.46	7.48	7.51	100	52
3	4	288	0	0	0	594.839919	543.460539	7.481842	7.506241	-1	###FLOW###
4	4	288	0	0	0	594.839919	543.460539	7.481842	7.506241	-1	###LINE###
5	4	288	0	0	0	594.84	543.46	7.48	7.51	100	14
3	4	289	0	0	0	666.839907	543.460539	7.481842	7.506241	-1	###FLOW###
4	4	289	0	0	0	666.839907	543.460539	7.481842	7.506241	-1	###LINE###
5	4	289	0	0	0	666.84	543.46	7.48	7.51	100	18
1	5	0	0	0	0	0.000000	0.000000	792.000000	612.000000	-1	###PAGE###
3	5	0	0	0	0	35.999994	54.115290	161.658823	13.404001	-1	###FLOW###
4	5	0	0	0	0	35.999994	54.115290	161.658823	13.404001	-1	###LINE###
5	5	0	0	0	0	36.00	54.12	89.57	13.40	100	Commonwealth
5	5	0	0	0	1	128.96	54.12	11.33	13.40	100	of
5	5	0	0	0	2	143.60	54.12	54.05	13.40	100	Kentucky
3	5	1	0	0	0	289.919964	54.115290	211.964694	13.404001	-1	###FLOW###
4	5	1	0	0	0	289.919964	54.115290	211.964694	13.404001	-1	###LINE###
5	5	1	0	0	0	289.92	54.12	44.03	13.40	100	Michael
5	5	1	0	0	1	337.40	54.12	12.66	13.40	100	G.
5	5	1	0	0	2	353.48	54.12	43.01	13.40	100	Adams,
5	5	1	0	0	3	399.93	54.12	54.90	13.40	100	Secretary
5	5	1	0	0	4	457.89	54.12	11.33	13.40	100	of
5	5	1	0	0	5	472.52	54.12	29.36	13.40	100	State
3	5	1	1	0	0	214.079969	90.100612	28.090547	7.506241	-1	###FLOW###
4	5	1	1	0	0	214.079969	90.100612	28.090547	7.506241	-1	###LINE###
5	5	1	1	0	0	214.08	90.10	21.02	7.51	100	Donald
5	5	1	1	0	1	236.94	90.10	5.23	7.51	100	J.
3	5	2	0	0	0	207.959964	98.004428	34.314921	10.857240	-1	###FLOW###
4	5	2	0	0	0	207.959964	98.004428	34.314921	10.857240	-1	###LINE###
5	5	2	0	0	0	207.96	98.00	34.31	10.86	100	TRUMP
3	5	3	0	0	0	290.999946	90.100612	23.219276	7.506241	-1	###FLOW###
4	5	3	0	0	0	290.999946	90.100612	23.219276	7.506241	-1	###LINE###
5	5	3	0	0	0	291.00	90.10	14.57	7.51	100	Nikki
5	5	3	0	0	1	307.50	90.10	6.72	7.51	100	R.
3	5	4	0	0	0	446.039930	90.100612	12.258917	7.506241	-1	###FLOW###
4	5	4	0	0	0	446.039930	90.100612	12.258917	7.506241	-1	###LINE###
5	5	4	0	0	0	446.04	90.10	12.26	7.51	100	Ron
3	5	5	0	0	0	281.999940	98.004428	104.399444	22.257206	-1	###FLOW###
4	5	5	0	0	0	281.999940	98.004428	104.328570	10.857240	-1	###LINE###
5	5	5	0	0	0	282.00	98.00	32.46	10.86	100	HALEY
5	5	5	0	0	1	316.20	98.00	70.13	10.86	100	"UNCOMMITTE
4	5	5	0	1	0	374.759949	109.404394	11.639434	10.857240	-1	###LINE###
5	5	5	0	1	0	374.76	109.40	11.64	10.86	100	D"
3	5	6	0	0	0	410.759943	98.004428	47.453079	10.857240	-1	###FLOW###
4	5	6	0	0	0	410.759943	98.004428	47.453079	10.857240	-1	###LINE###
5	5	6	0	0	0	410.76	98.00	47.45	10.86	100	DeSANTIS
3	5	7	0	0	0	584.279905	54.115290	171.619073	13.404001	-1	###FLOW###
4	5	7	0	0	0	584.279905	54.115290	171.619073	13.404001	-1	###LINE###
5	5	7	0	0	0	584.28	54.12	26.72	13.40	100	2024
5	5	7	0	0	1	614.49	54.12	44.86	13.40	100	Primary
5	5	7	0	0	2	662.36	54.12	46.82	13.40	100	Election
5	5	7	0	0	3	712.53	54.12	43.37	13.40	100	Results
3	5	7	1	0	0	585.839912	90.100612	16.464089	7.506241	-1	###FLOW###
4	5	7	1	0	0	585.839912	90.100612	16.464089	7.506241	-1	###LINE###
5	5	7	1	0	0	585.84	90.10	16.46	7.51	100	Vivek
3	5	8	0	0	0	651.239900	90.100612	22.943417	7.506241	-1	###FLOW###
4	5	8	0	0	0	651.239900	90.100612	22.943417	7.506241	-1	###LINE###
5	5	8	0	0	0	651.24	90.10	15.52	7.51	100	Ryan
5	5	8	0	0	1	668.58	90.10	5.60	7.51	100	L.
3	5	9	0	0	0	485.039947	98.004428	117.426817	10.857240	-1	###FLOW###
4	5	9	0	0	0	485.039947	98.004428	117.426817	10.857240	-1	###LINE###
5	5	9	0	0	0	485.04	98.00	45.23	10.86	100	CHRISTIE
5	5	9	0	0	1	537.36	98.00	65.11	10.86	100	RAMASWAMY
3	5	10	0	0	0	514.559932	90.100612	15.723978	7.506241	-1	###FLOW###
4	5	10	0	0	0	514.559932	90.100612	15.723978	7.506241	-1	###LINE###
5	5	10	0	0	0	514.56	90.10	15.72	7.51	100	Chris
3	5	11	0	0	0	631.919925	98.004428	42.538435	10.857240	-1	###FLOW###
4	5	11	0	0	0	631.919925	98.004428	42.538435	10.857240	-1	###LINE###
5	5	11	0	0	0	631.92	98.00	42.54	10.86	100	BINKLEY
3	5	12	0	0	0	117.719981	125.140574	30.950064	7.506241	-1	###FLOW###
4	5	12	0	0	0	117.719981	125.140574	30.950064	7.506241	-1	###LINE###
5	5	12	0	0	0	117.72	125.14	30.95	7.51	100	Robertson
3	5	13	0	0	0	231.119961	125.140574	11.222762	7.506241	-1	###FLOW###
4	5	13	0	0	0	231.119961	125.140574	11.222762	7.506241	-1	###LINE###
5	5	13	0	0	0	231.12	125.14	11.22	7.51	100	105
3	5	14	0	0	0	310.559965	125.140574	3.740921	7.506241	-1	###FLOW###
4	5	14	0	0	0	310.559965	125.140574	3.740921	7.506241	-1	###LINE###
5	5	14	0	0	0	310.56	125.14	3.74	7.51	100	1
3	5	15	0	0	0	382.559953	125.140574	3.740921	7.506241	-1	###FLOW###
4	5	15	0	0	0	382.559953	125.140574	3.740921	7.506241	-1	###LINE###
5	5	15	0	0	0	382.56	125.14	3.74	7.51	100	1
3	5	16	0	0	0	454.559941	125.140574	3.740921	7.506241	-1	###FLOW###
4	5	16	0	0	0	454.559941	125.140574	3.740921	7.506241	-1	###LINE###
5	5	16	0	0	0	454.56	125.14	3.74	7.51	100	5
3	5	17	0	0	0	526.559899	125.140574	3.740921	7.506241	-1	###FLOW###
4	5	17	0	0	0	526.559899	125.140574	3.740921	7.506241	-1	###LINE###
5	5	17	0	0	0	526.56	125.14	3.74	7.51	100	1
3	5	18	0	0	0	598.559887	125.140574	3.740921	7.506241	-1	###FLOW###
4	5	18	0	0	0	598.559887	125.140574	3.740921	7.506241	-1	###LINE###
5	5	18	0	0	0	598.56	125.14	3.74	7.51	100	1
3	5	19	0	0	0	670.559876	125.140574	3.740921	7.506241	-1	###FLOW###
4	5	19	0	0	0	670.559876	125.140574	3.740921	7.506241	-1	###LINE###
5	5	19	0	0	0	670.56	125.14	3.74	7.51	100	0
3	5	20	0	0	0	117.719981	137.500570	32.659046	7.506241	-1	###FLOW###
4	5	20	0	0	0	117.719981	137.500570	32.659046	7.506241	-1	###LINE###
5	5	20	0	0	0	117.72	137.50	32.66	7.51	100	Rockcastle
3	5	21	0	0	0	225.479966	137.500570	16.827415	7.506241	-1	###FLOW###
4	5	21	0	0	0	225.479966	137.500570	16.827415	7.506241	-1	###LINE###
5	5	21	0	0	0	225.48	137.50	16.83	7.51	100	1,413
3	5	22	0	0	0	306.839965	137.500570	7.481842	7.506241	-1	###FLOW###
4	5	22	0	0	0	306.839965	137.500570	7.481842	7.506241	-1	###LINE###
5	5	22	0	0	0	306.84	137.50	7.48	7.51	100	41
3	5	23	0	0	0	378.839953	137.500570	7.481842	7.506241	-1	###FLOW###
4	5	23	0	0	0	378.839953	137.500570	7.481842	7.506241	-1	###LINE###
5	5	23	0	0	0	378.84	137.50	7.48	7.51	100	30
3	5	24	0	0	0	450.839941	137.500570	7.481842	7.506241	-1	###FLOW###
4	5	24	0	0	0	450.839941	137.500570	7.481842	7.506241	-1	###LINE###
5	5	24	0	0	0	450.84	137.50	7.48	7.51	100	33
3	5	25	0	0	0	522.839930	137.500570	7.481842	7.506241	-1	###FLOW###
4	5	25	0	0	0	522.839930	137.500570	7.481842	7.506241	-1	###LINE###
5	5	25	0	0	0	522.84	137.50	7.48	7.51	100	10
3	5	26	0	0	0	598.559887	137.500570	3.740921	7.506241	-1	###FLOW###
4	5	26	0	0	0	598.559887	137.500570	3.740921	7.506241	-1	###LINE###
5	5	26	0	0	0	598.56	137.50	3.74	7.51	100	7
3	5	27	0	0	0	670.559876	137.500570	3.740921	7.506241	-1	###FLOW###
4	5	27	0	0	0	670.559876	137.500570	3.740921	7.506241	-1	###LINE###
5	5	27	0	0	0	670.56	137.50	3.74	7.51	100	7
3	5	28	0	0	0	117.719981	149.740569	20.675989	7.506241	-1	###FLOW###
4	5	28	0	0	0	117.719981	149.740569	20.675989	7.506241	-1	###LINE###
5	5	28	0	0	0	117.72	149.74	20.68	7.51	100	Rowan
3	5	29	0	0	0	231.119961	149.740569	11.222762	7.506241	-1	###FLOW###
4	5	29	0	0	0	231.119961	149.740569	11.222762	7.506241	-1	###LINE###
5	5	29	0	0	0	231.12	149.74	11.22	7.51	100	642
3	5	30	0	0	0	306.839965	149.740569	7.481842	7.506241	-1	###FLOW###
4	5	30	0	0	0	306.839965	149.740569	7.481842	7.506241	-1	###LINE###
5	5	30	0	0	0	306.84	149.74	7.48	7.51	100	33
3	5	31	0	0	0	378.839953	149.740569	7.481842	7.506241	-1	###FLOW###
4	5	31	0	0	0	378.839953	149.740569	7.481842	7.506241	-1	###LINE###
5	5	31	0	0	0	378.84	149.74	7.48	7.51	100	27
3	5	32	0	0	0	450.839941	149.740569	7.481842	7.506241	-1	###FLOW###
4	5	32	0	0	0	450.839941	149.740569	7.481842	7.506241	-1	###LINE###
5	5	32	0	0	0	450.84	149.74	7.48	7.51	100	22
3	5	33	0	0	0	526.559899	149.740569	3.740921	7.506241	-1	###FLOW###
4	5	33	0	0	0	526.559899	149.740569	3.740921	7.506241	-1	###LINE###
5	5	33	0	0	0	526.56	149.74	3.74	7.51	100	2
3	5	34	0	0	0	598.559887	149.740569	3.740921	7.506241	-1	###FLOW###
4	5	34	0	0	0	598.559887	149.740569	3.740921	7.506241	-1	###LINE###
5	5	34	0	0	0	598.56	149.74	3.74	7.51	100	3
3	5	35	0	0	0	670.559876	149.740569	3.740921	7.506241	-1	###FLOW###
4	5	35	0	0	0	670.559876	149.740569	3.740921	7.506241	-1	###LINE###
5	5	35	0	0	0	670.56	149.74	3.74	7.51	100	3
3	5	36	0	0	0	117.719981	162.100596	21.772697	7.506241	-1	###FLOW###
4	5	36	0	0	0	117.719981	162.100596	21.772697	7.506241	-1	###LINE###
5	5	36	0	0	0	117.72	162.10	21.77	7.51	100	Russell
3	5	37	0	0	0	225.479966	162.100596	16.827415	7.506241	-1	###FLOW###
4	5	37	0	0	0	225.479966	162.100596	16.827415	7.506241	-1	###LINE###
5	5	37	0	0	0	225.48	162.10	16.83	7.51	100	2,221
3	5	38	0	0	0	306.839965	162.100596	7.481842	7.506241	-1	###FLOW###
4	5	38	0	0	0	306.839965	162.100596	7.481842	7.506241	-1	###LINE###
5	5	38	0	0	0	306.84	162.10	7.48	7.51	100	88
3	5	39	0	0	0	378.839953	162.100596	7.481842	7.506241	-1	###FLOW###
4	5	39	0	0	0	378.839953	162.100596	7.481842	7.506241	-1	###LINE###
5	5	39	0	0	0	378.84	162.10	7.48	7.51	100	71
3	5	40	0	0	0	450.839941	162.100596	7.481842	7.506241	-1	###FLOW###
4	5	40	0	0	0	450.839941	162.100596	7.481842	7.506241	-1	###LINE###
5	5	40	0	0	0	450.84	162.10	7.48	7.51	100	26
3	5	41	0	0	0	522.839930	162.100596	7.481842	7.506241	-1	###FLOW###
4	5	41	0	0	0	522.839930	162.100596	7.481842	7.506241	-1	###LINE###
5	5	41	0	0	0	522.84	162.10	7.48	7.51	100	27
3	5	42	0	0	0	598.559887	162.100596	3.740921	7.506241	-1	###FLOW###
4	5	42	0	0	0	598.559887	162.100596	3.740921	7.506241	-1	###LINE###
5	5	42	0	0	0	598.56	162.10	3.74	7.51	100	8
3	5	43	0	0	0	670.559876	162.100596	3.740921	7.506241	-1	###FLOW###
4	5	43	0	0	0	670.559876	162.100596	3.740921	7.506241	-1	###LINE###
5	5	43	0	0	0	670.56	162.10	3.74	7.51	100	7
3	5	44	0	0	0	117.719981	174.340595	15.246271	7.506241	-1	###FLOW###
4	5	44	0	0	0	117.719981	174.340595	15.246271	7.506241	-1	###LINE###
5	5	44	0	0	0	117.72	174.34	15.25	7.51	100	Scott
3	5	45	0	0	0	225.479966	174.340595	16.827415	7.506241	-1	###FLOW###
4	5	45	0	0	0	225.479966	174.340595	16.827415	7.506241	-1	###LINE###
5	5	45	0	0	0	225.48	174.34	16.83	7.51	100	4,168
3	5	46	0	0	0	303.119965	174.340595	11.222762	7.506241	-1	###FLOW###
4	5	46	0	0	0	303.119965	174.340595	11.222762	7.506241	-1	###LINE###
5	5	46	0	0	0	303.12	174.34	11.22	7.51	100	435
3	5	47	0	0	0	375.119954	174.340595	11.222762	7.506241	-1	###FLOW###
4	5	47	0	0	0	375.119954	174.340595	11.222762	7.506241	-1	###LINE###
5	5	47	0	0	0	375.12	174.34	11.22	7.51	100	305
3	5	48	0	0	0	447.119942	174.340595	11.222762	7.506241	-1	###FLOW###
4	5	48	0	0	0	447.119942	174.340595	11.222762	7.506241	-1	###LINE###
5	5	48	0	0	0	447.12	174.34	11.22	7.51	100	240
3	5	49	0	0	0	522.839930	174.340595	7.481842	7.506241	-1	###FLOW###
4	5	49	0	0	0	522.839930	174.340595	7.481842	7.506241	-1	###LINE###
5	5	49	0	0	0	522.84	174.34	7.48	7.51	100	60
3	5	50	0	0	0	594.839919	174.340595	7.481842	7.506241	-1	###FLOW###
4	5	50	0	0	0	594.839919	174.340595	7.481842	7.506241	-1	###LINE###
5	5	50	0	0	0	594.84	174.34	7.48	7.51	100	59
3	5	51	0	0	0	666.839907	174.340595	7.481842	7.506241	-1	###FLOW###
4	5	51	0	0	0	666.839907	174.340595	7.481842	7.506241	-1	###LINE###
5	5	51	0	0	0	666.84	174.34	7.48	7.51	100	14
3	5	52	0	0	0	117.719981	186.700590	20.299205	7.506241	-1	###FLOW###
4	5	52	0	0	0	117.719981	186.700590	20.299205	7.506241	-1	###LINE###
5	5	52	0	0	0	117.72	186.70	20.30	7.51	100	Shelby
3	5	53	0	0	0	225.479966	186.700590	16.827415	7.506241	-1	###FLOW###
4	5	53	0	0	0	225.479966	186.700590	16.827415	7.506241	-1	###LINE###
5	5	53	0	0	0	225.48	186.70	16.83	7.51	100	4,324
3	5	54	0	0	0	303.119965	186.700590	11.222762	7.506241	-1	###FLOW###
4	5	54	0	0	0	303.119965	186.700590	11.222762	7.506241	-1	###LINE###
5	5	54	0	0	0	303.12	186.70	11.22	7.51	100	345
3	5	55	0	0	0	375.119954	186.700590	11.222762	7.506241	-1	###FLOW###
4	5	55	0	0	0	375.119954	186.700590	11.222762	7.506241	-1	###LINE###
5	5	55	0	0	0	375.12	186.70	11.22	7.51	100	263
3	5	56	0	0	0	447.119942	186.700590	11.222762	7.506241	-1	###FLOW###
4	5	56	0	0	0	447.119942	186.700590	11.222762	7.506241	-1	###LINE###
5	5	56	0	0	0	447.12	186.70	11.22	7.51	100	269
3	5	57	0	0	0	522.839930	186.700590	7.481842	7.506241	-1	###FLOW###
4	5	57	0	0	0	522.839930	186.700590	7.481842	7.506241	-1	###LINE###
5	5	57	0	0	0	522.84	186.70	7.48	7.51	100	46
3	5	58	0	0	0	594.839919	186.700590	7.481842	7.506241	-1	###FLOW###
4	5	58	0	0	0	594.839919	186.700590	7.481842	7.506241	-1	###LINE###
5	5	58	0	0	0	594.84	186.70	7.48	7.51	100	38
3	5	59	0	0	0	666.839907	186.700590	7.481842	7.506241	-1	###FLOW###
4	5	59	0	0	0	666.839907	186.700590	7.481842	7.506241	-1	###LINE###
5	5	59	0	0	0	666.84	186.70	7.48	7.51	100	25
3	5	60	0	0	0	117.719981	198.940591	26.166261	7.506241	-1	###FLOW###
4	5	60	0	0	0	117.719981	198.940591	26.166261	7.506241	-1	###LINE###
5	5	60	0	0	0	117.72	198.94	26.17	7.51	100	Simpson
3	5	61	0	0	0	231.119961	198.940591	11.222762	7.506241	-1	###FLOW###
4	5	61	0	0	0	231.119961	198.940591	11.222762	7.506241	-1	###LINE###
5	5	61	0	0	0	231.12	198.94	11.22	7.51	100	771
3	5	62	0	0	0	306.839965	198.940591	7.481842	7.506241	-1	###FLOW###
4	5	62	0	0	0	306.839965	198.940591	7.481842	7.506241	-1	###LINE###
5	5	62	0	0	0	306.84	198.94	7.48	7.51	100	54
3	5	63	0	0	0	378.839953	198.940591	7.481842	7.506241	-1	###FLOW###
4	5	63	0	0	0	378.839953	198.940591	7.481842	7.506241	-1	###LINE###
5	5	63	0	0	0	378.84	198.94	7.48	7.51	100	28
3	5	64	0	0	0	450.839941	198.940591	7.481842	7.506241	-1	###FLOW###
4	5	64	0	0	0	450.839941	198.940591	7.481842	7.506241	-1	###LINE###
5	5	64	0	0	0	450.84	198.94	7.48	7.51	100	30
3	5	65	0	0	0	526.559899	198.940591	3.740921	7.506241	-1	###FLOW###
4	5	65	0	0	0	526.559899	198.940591	3.740921	7.506241	-1	###LINE###
5	5	65	0	0	0	526.56	198.94	3.74	7.51	100	7
3	5	66	0	0	0	598.559887	198.940591	3.740921	7.506241	-1	###FLOW###
4	5	66	0	0	0	598.559887	198.940591	3.740921	7.506241	-1	###LINE###
5	5	66	0	0	0	598.56	198.94	3.74	7.51	100	8
3	5	67	0	0	0	670.559876	198.940591	3.740921	7.506241	-1	###FLOW###
4	5	67	0	0	0	670.559876	198.940591	3.740921	7.506241	-1	###LINE###
5	5	67	0	0	0	670.56	198.94	3.74	7.51	100	2
3	5	68	0	0	0	117.719981	211.300586	24.914802	7.506241	-1	###FLOW###
4	5	68	0	0	0	117.719981	211.300586	24.914802	7.506241	-1	###LINE###
5	5	68	0	0	0	117.72	211.30	24.91	7.51	100	Spencer
3	5	69	0	0	0	225.479966	211.300586	16.827415	7.506241	-1	###FLOW###
4	5	69	0	0	0	225.479966	211.300586	16.827415	7.506241	-1	###LINE###
5	5	69	0	0	0	225.48	211.30	16.83	7.51	100	1,342
3	5	70	0	0	0	306.839965	211.300586	7.481842	7.506241	-1	###FLOW###
4	5	70	0	0	0	306.839965	211.300586	7.481842	7.506241	-1	###LINE###
5	5	70	0	0	0	306.84	211.30	7.48	7.51	100	63
3	5	71	0	0	0	378.839953	211.300586	7.481842	7.506241	-1	###FLOW###
4	5	71	0	0	0	378.839953	211.300586	7.481842	7.506241	-1	###LINE###
5	5	71	0	0	0	378.84	211.30	7.48	7.51	100	57
3	5	72	0	0	0	450.839941	211.300586	7.481842	7.506241	-1	###FLOW###
4	5	72	0	0	0	450.839941	211.300586	7.481842	7.506241	-1	###LINE###
5	5	72	0	0	0	450.84	211.30	7.48	7.51	100	58
3	5	73	0	0	0	522.839930	211.300586	7.481842	7.506241	-1	###FLOW###
4	5	73	0	0	0	522.839930	211.300586	7.481842	7.506241	-1	###LINE###
5	5	73	0	0	0	522.84	211.30	7.48	7.51	100	10
3	5	74	0	0	0	598.559887	211.300586	3.740921	7.506241	-1	###FLOW###
4	5	74	0	0	0	598.559887	211.300586	3.740921	7.506241	-1	###LINE###
5	5	74	0	0	0	598.56	211.30	3.74	7.51	100	8
3	5	75	0	0	0	670.559876	211.300586	3.740921	7.506241	-1	###FLOW###
4	5	75	0	0	0	670.559876	211.300586	3.740921	7.506241	-1	###LINE###
5	5	75	0	0	0	670.56	211.30	3.74	7.51	100	5
3	5	76	0	0	0	117.719981	223.540586	18.455658	7.506241	-1	###FLOW###
4	5	76	0	0	0	117.719981	223.540586	18.455658	7.506241	-1	###LINE###
5	5	76	0	0	0	117.72	223.54	18.46	7.51	100	Taylor
3	5	77	0	0	0	225.479966	223.540586	16.827415	7.506241	-1	###FLOW###
4	5	77	0	0	0	225.479966	223.540586	16.827415	7.506241	-1	###LINE###
5	5	77	0	0	0	225.48	223.54	16.83	7.51	100	1,248
3	5	78	0	0	0	306.839965	223.540586	7.481842	7.506241	-1	###FLOW###
4	5	78	0	0	0	306.839965	223.540586	7.481842	7.506241	-1	###LINE###
5	5	78	0	0	0	306.84	223.54	7.48	7.51	100	50
3	5	79	0	0	0	378.839953	223.540586	7.481842	7.506241	-1	###FLOW###
4	5	79	0	0	0	378.839953	223.540586	7.481842	7.506241	-1	###LINE###
5	5	79	0	0	0	378.84	223.54	7.48	7.51	100	27
3	5	80	0	0	0	450.839941	223.540586	7.481842	7.506241	-1	###FLOW###
4	5	80	0	0	0	450.839941	223.540586	7.481842	7.506241	-1	###LINE###
5	5	80	0	0	0	450.84	223.54	7.48	7.51	100	20
3	5	81	0	0	0	522.839930	223.540586	7.481842	7.506241	-1	###FLOW###
4	5	81	0	0	0	522.839930	223.540586	7.481842	7.506241	-1	###LINE###
5	5	81	0	0	0	522.84	223.54	7.48	7.51	100	12
3	5	82	0	0	0	598.559887	223.540586	3.740921	7.506241	-1	###FLOW###
4	5	82	0	0	0	598.559887	223.540586	3.740921	7.506241	-1	###LINE###
5	5	82	0	0	0	598.56	223.54	3.74	7.51	100	3
3	5	83	0	0	0	670.559876	223.540586	3.740921	7.506241	-1	###FLOW###
4	5	83	0	0	0	670.559876	223.540586	3.740921	7.506241	-1	###LINE###
5	5	83	0	0	0	670.56	223.54	3.74	7.51	100	4
3	5	84	0	0	0	117.719981	235.900582	15.421206	7.506241	-1	###FLOW###
4	5	84	0	0	0	117.719981	235.900582	15.421206	7.506241	-1	###LINE###
5	5	84	0	0	0	117.72	235.90	15.42	7.51	100	Todd
3	5	85	0	0	0	231.119961	235.900582	11.222762	7.506241	-1	###FLOW###
4	5	85	0	0	0	231.119961	235.900582	11.222762	7.506241	-1	###LINE###
5	5	85	0	0	0	231.12	235.90	11.22	7.51	100	280
3	5	86	0	0	0	306.839965	235.900582	7.481842	7.506241	-1	###FLOW###
4	5	86	0	0	0	306.839965	235.900582	7.481842	7.506241	-1	###LINE###
5	5	86	0	0	0	306.84	235.90	7.48	7.51	100	11
3	5	87	0	0	0	382.559953	235.900582	3.740921	7.506241	-1	###FLOW###
4	5	87	0	0	0	382.559953	235.900582	3.740921	7.506241	-1	###LINE###
5	5	87	0	0	0	382.56	235.90	3.74	7.51	100	4
3	5	88	0	0	0	454.559941	235.900582	3.740921	7.506241	-1	###FLOW###
4	5	88	0	0	0	454.559941	235.900582	3.740921	7.506241	-1	###LINE###
5	5	88	0	0	0	454.56	235.90	3.74	7.51	100	9
3	5	89	0	0	0	526.559899	235.900582	3.740921	7.506241	-1	###FLOW###
4	5	89	0	0	0	526.559899	235.900582	3.740921	7.506241	-1	###LINE###
5	5	89	0	0	0	526.56	235.90	3.74	7.51	100	2
3	5	90	0	0	0	598.559887	235.900582	3.740921	7.506241	-1	###FLOW###
4	5	90	0	0	0	598.559887	235.900582	3.740921	7.506241	-1	###LINE###
5	5	90	0	0	0	598.56	235.90	3.74	7.51	100	0
3	5	91	0	0	0	670.559876	235.900582	3.740921	7.506241	-1	###FLOW###
4	5	91	0	0	0	670.559876	235.900582	3.740921	7.506241	-1	###LINE###
5	5	91	0	0	0	670.56	235.90	3.74	7.51	100	3
3	5	92	0	0	0	117.719981	248.140582	15.515402	7.506241	-1	###FLOW###
4	5	92	0	0	0	117.719981	248.140582	15.515402	7.506241	-1	###LINE###
5	5	92	0	0	0	117.72	248.14	15.52	7.51	100	Trigg
3	5	93	0	0	0	231.119961	248.140582	11.222762	7.506241	-1	###FLOW###
4	5	93	0	0	0	231.119961	248.140582	11.222762	7.506241	-1	###LINE###
5	5	93	0	0	0	231.12	248.14	11.22	7.51	100	905
3	5	94	0	0	0	306.839965	248.140582	7.481842	7.506241	-1	###FLOW###
4	5	94	0	0	0	306.839965	248.140582	7.481842	7.506241	-1	###LINE###
5	5	94	0	0	0	306.84	248.14	7.48	7.51	100	40
3	5	95	0	0	0	378.839953	248.140582	7.481842	7.506241	-1	###FLOW###
4	5	95	0	0	0	378.839953	248.140582	7.481842	7.506241	-1	###LINE###
5	5	95	0	0	0	378.84	248.14	7.48	7.51	100	29
3	5	96	0	0	0	450.839941	248.140582	7.481842	7.506241	-1	###FLOW###
4	5	96	0	0	0	450.839941	248.140582	7.481842	7.506241	-1	###LINE###
5	5	96	0	0	0	450.84	248.14	7.48	7.51	100	25
3	5	97	0	0	0	526.559899	248.140582	3.740921	7.506241	-1	###FLOW###
4	5	97	0	0	0	526.559899	248.140582	3.740921	7.506241	-1	###LINE###
5	5	97	0	0	0	526.56	248.14	3.74	7.51	100	6
3	5	98	0	0	0	598.559887	248.140582	3.740921	7.506241	-1	###FLOW###
4	5	98	0	0	0	598.559887	248.140582	3.740921	7.506241	-1	###LINE###
5	5	98	0	0	0	598.56	248.14	3.74	7.51	100	1
3	5	99	0	0	0	670.559876	248.140582	3.740921	7.506241	-1	###FLOW###
4	5	99	0	0	0	670.559876	248.140582	3.740921	7.506241	-1	###LINE###
5	5	99	0	0	0	670.56	248.14	3.74	7.51	100	3
3	5	100	0	0	0	117.719981	260.500577	22.458981	7.506241	-1	###FLOW###
4	5	100	0	0	0	117.719981	260.500577	22.458981	7.506241	-1	###LINE###
5	5	100	0	0	0	117.72	260.50	22.46	7.51	100	Trimble
3	5	101	0	0	0	231.119961	260.500577	11.222762	7.506241	-1	###FLOW###
4	5	101	0	0	0	231.119961	260.500577	11.222762	7.506241	-1	###LINE###
5	5	101	0	0	0	231.12	260.50	11.22	7.51	100	532
3	5	102	0	0	0	306.839965	260.500577	7.481842	7.506241	-1	###FLOW###
4	5	102	0	0	0	306.839965	260.500577	7.481842	7.506241	-1	###LINE###
5	5	102	0	0	0	306.84	260.50	7.48	7.51	100	13
3	5	103	0	0	0	382.559953	260.500577	3.740921	7.506241	-1	###FLOW###
4	5	103	0	0	0	382.559953	260.500577	3.740921	7.506241	-1	###LINE###
5	5	103	0	0	0	382.56	260.50	3.74	7.51	100	9
3	5	104	0	0	0	450.839941	260.500577	7.481842	7.506241	-1	###FLOW###
4	5	104	0	0	0	450.839941	260.500577	7.481842	7.506241	-1	###LINE###
5	5	104	0	0	0	450.84	260.50	7.48	7.51	100	15
3	5	105	0	0	0	526.559899	260.500577	3.740921	7.506241	-1	###FLOW###
4	5	105	0	0	0	526.559899	260.500577	3.740921	7.506241	-1	###LINE###
5	5	105	0	0	0	526.56	260.50	3.74	7.51	100	2
3	5	106	0	0	0	598.559887	260.500577	3.740921	7.506241	-1	###FLOW###
4	5	106	0	0	0	598.559887	260.500577	3.740921	7.506241	-1	###LINE###
5	5	106	0	0	0	598.56	260.50	3.74	7.51	100	3
3	5	107	0	0	0	670.559876	260.500577	3.740921	7.506241	-1	###FLOW###
4	5	107	0	0	0	670.559876	260.500577	3.740921	7.506241	-1	###LINE###
5	5	107	0	0	0	670.56	260.50	3.74	7.51	100	3
3	5	108	0	0	0	117.719981	272.740577	17.560797	7.506241	-1	###FLOW###
4	5	108	0	0	0	117.719981	272.740577	17.560797	7.506241	-1	###LINE###
5	5	108	0	0	0	117.72	272.74	17.56	7.51	100	Union
3	5	109	0	0	0	231.119961	272.740577	11.222762	7.506241	-1	###FLOW###
4	5	109	0	0	0	231.119961	272.740577	11.222762	7.506241	-1	###LINE###
5	5	109	0	0	0	231.12	272.74	11.22	7.51	100	947
3	5	110	0	0	0	306.839965	272.740577	7.481842	7.506241	-1	###FLOW###
4	5	110	0	0	0	306.839965	272.740577	7.481842	7.506241	-1	###LINE###
5	5	110	0	0	0	306.84	272.74	7.48	7.51	100	34
3	5	111	0	0	0	378.839953	272.740577	7.481842	7.506241	-1	###FLOW###
4	5	111	0	0	0	378.839953	272.740577	7.481842	7.506241	-1	###LINE###
5	5	111	0	0	0	378.84	272.74	7.48	7.51	100	42
3	5	112	0	0	0	450.839941	272.740577	7.481842	7.506241	-1	###FLOW###
4	5	112	0	0	0	450.839941	272.740577	7.481842	7.506241	-1	###LINE###
5	5	112	0	0	0	450.84	272.74	7.48	7.51	100	19
3	5	113	0	0	0	526.559899	272.740577	3.740921	7.506241	-1	###FLOW###
4	5	113	0	0	0	526.559899	272.740577	3.740921	7.506241	-1	###LINE###
5	5	113	0	0	0	526.56	272.74	3.74	7.51	100	4
3	5	114	0	0	0	598.559887	272.740577	3.740921	7.506241	-1	###FLOW###
4	5	114	0	0	0	598.559887	272.740577	3.740921	7.506241	-1	###LINE###
5	5	114	0	0	0	598.56	272.74	3.74	7.51	100	3
3	5	115	0	0	0	670.559876	272.740577	3.740921	7.506241	-1	###FLOW###
4	5	115	0	0	0	670.559876	272.740577	3.740921	7.506241	-1	###LINE###
5	5	115	0	0	0	670.56	272.74	3.74	7.51	100	1
3	5	116	0	0	0	117.719981	285.100573	22.418612	7.506241	-1	###FLOW###
4	5	116	0	0	0	117.719981	285.100573	22.418612	7.506241	-1	###LINE###
5	5	116	0	0	0	117.72	285.10	22.42	7.51	100	Warren
3	5	117	0	0	0	225.479966	285.100573	16.827415	7.506241	-1	###FLOW###
4	5	117	0	0	0	225.479966	285.100573	16.827415	7.506241	-1	###LINE###
5	5	117	0	0	0	225.48	285.10	16.83	7.51	100	6,252
3	5	118	0	0	0	303.119965	285.100573	11.222762	7.506241	-1	###FLOW###
4	5	118	0	0	0	303.119965	285.100573	11.222762	7.506241	-1	###LINE###
5	5	118	0	0	0	303.12	285.10	11.22	7.51	100	624
3	5	119	0	0	0	375.119954	285.100573	11.222762	7.506241	-1	###FLOW###
4	5	119	0	0	0	375.119954	285.100573	11.222762	7.506241	-1	###LINE###
5	5	119	0	0	0	375.12	285.10	11.22	7.51	100	325
3	5	120	0	0	0	447.119942	285.100573	11.222762	7.506241	-1	###FLOW###
4	5	120	0	0	0	447.119942	285.100573	11.222762	7.506241	-1	###LINE###
5	5	120	0	0	0	447.12	285.10	11.22	7.51	100	345
3	5	121	0	0	0	519.119900	285.100573	11.222762	7.506241	-1	###FLOW###
4	5	121	0	0	0	519.119900	285.100573	11.222762	7.506241	-1	###LINE###
5	5	121	0	0	0	519.12	285.10	11.22	7.51	100	102
3	5	122	0	0	0	594.839919	285.100573	7.481842	7.506241	-1	###FLOW###
4	5	122	0	0	0	594.839919	285.100573	7.481842	7.506241	-1	###LINE###
5	5	122	0	0	0	594.84	285.10	7.48	7.51	100	73
3	5	123	0	0	0	666.839907	285.100573	7.481842	7.506241	-1	###FLOW###
4	5	123	0	0	0	666.839907	285.100573	7.481842	7.506241	-1	###LINE###
5	5	123	0	0	0	666.84	285.10	7.48	7.51	100	27
3	5	124	0	0	0	117.719981	297.340572	35.881890	7.506241	-1	###FLOW###
4	5	124	0	0	0	117.719981	297.340572	35.881890	7.506241	-1	###LINE###
5	5	124	0	0	0	117.72	297.34	35.88	7.51	100	Washington
3	5	125	0	0	0	231.119961	297.340572	11.222762	7.506241	-1	###FLOW###
4	5	125	0	0	0	231.119961	297.340572	11.222762	7.506241	-1	###LINE###
5	5	125	0	0	0	231.12	297.34	11.22	7.51	100	663
3	5	126	0	0	0	306.839965	297.340572	7.481842	7.506241	-1	###FLOW###
4	5	126	0	0	0	306.839965	297.340572	7.481842	7.506241	-1	###LINE###
5	5	126	0	0	0	306.84	297.34	7.48	7.51	100	40
3	5	127	0	0	0	378.839953	297.340572	7.481842	7.506241	-1	###FLOW###
4	5	127	0	0	0	378.839953	297.340572	7.481842	7.506241	-1	###LINE###
5	5	127	0	0	0	378.84	297.34	7.48	7.51	100	16
3	5	128	0	0	0	450.839941	297.340572	7.481842	7.506241	-1	###FLOW###
4	5	128	0	0	0	450.839941	297.340572	7.481842	7.506241	-1	###LINE###
5	5	128	0	0	0	450.84	297.34	7.48	7.51	100	16
3	5	129	0	0	0	526.559899	297.340572	3.740921	7.506241	-1	###FLOW###
4	5	129	0	0	0	526.559899	297.340572	3.740921	7.506241	-1	###LINE###
5	5	129	0	0	0	526.56	297.34	3.74	7.51	100	7
3	5	130	0	0	0	598.559887	297.340572	3.740921	7.506241	-1	###FLOW###
4	5	130	0	0	0	598.559887	297.340572	3.740921	7.506241	-1	###LINE###
5	5	130	0	0	0	598.56	297.34	3.74	7.51	100	1
3	5	131	0	0	0	670.559876	297.340572	3.740921	7.506241	-1	###FLOW###
4	5	131	0	0	0	670.559876	297.340572	3.740921	7.506241	-1	###LINE###
5	5	131	0	0	0	670.56	297.34	3.74	7.51	100	3
3	5	132	0	0	0	225.479966	309.700568	16.827415	7.506241	-1	###FLOW###
4	5	132	0	0	0	225.479966	309.700568	16.827415	7.506241	-1	###LINE###
5	5	132	0	0	0	225.48	309.70	16.83	7.51	100	1,506
3	5	133	0	0	0	306.839965	309.700568	7.481842	7.506241	-1	###FLOW###
4	5	133	0	0	0	306.839965	309.700568	7.481842	7.506241	-1	###LINE###
5	5	133	0	0	0	306.84	309.70	7.48	7.51	100	54
3	5	134	0	0	0	378.839953	309.700568	7.481842	7.506241	-1	###FLOW###
4	5	134	0	0	0	378.839953	309.700568	7.481842	7.506241	-1	###LINE###
5	5	134	0	0	0	378.84	309.70	7.48	7.51	100	34
3	5	135	0	0	0	450.839941	309.700568	7.481842	7.506241	-1	###FLOW###
4	5	135	0	0	0	450.839941	309.700568	7.481842	7.506241	-1	###LINE###
5	5	135	0	0	0	450.84	309.70	7.48	7.51	100	28
3	5	136	0	0	0	526.559899	309.700568	3.740921	7.506241	-1	###FLOW###
4	5	136	0	0	0	526.559899	309.700568	3.740921	7.506241	-1	###LINE###
5	5	136	0	0	0	526.56	309.70	3.74	7.51	100	8
3	5	137	0	0	0	598.559887	309.700568	3.740921	7.506241	-1	###FLOW###
4	5	137	0	0	0	598.559887	309.700568	3.740921	7.506241	-1	###LINE###
5	5	137	0	0	0	598.56	309.70	3.74	7.51	100	7
3	5	138	0	0	0	670.559876	309.700568	3.740921	7.506241	-1	###FLOW###
4	5	138	0	0	0	670.559876	309.700568	3.740921	7.506241	-1	###LINE###
5	5	138	0	0	0	670.56	309.70	3.74	7.51	100	8
3	5	139	0	0	0	117.719981	321.940568	25.405966	7.506241	-1	###FLOW###
4	5	139	0	0	0	117.719981	321.940568	25.405966	7.506241	-1	###LINE###
5	5	139	0	0	0	117.72	321.94	25.41	7.51	100	Webster
3	5	140	0	0	0	231.119961	321.940568	11.222762	7.506241	-1	###FLOW###
4	5	140	0	0	0	231.119961	321.940568	11.222762	7.506241	-1	###LINE###
5	5	140	0	0	0	231.12	321.94	11.22	7.51	100	410
3	5	141	0	0	0	306.839965	321.940568	7.481842	7.506241	-1	###FLOW###
4	5	141	0	0	0	306.839965	321.940568	7.481842	7.506241	-1	###LINE###
5	5	141	0	0	0	306.84	321.94	7.48	7.51	100	15
3	5	142	0	0	0	378.839953	321.940568	7.481842	7.506241	-1	###FLOW###
4	5	142	0	0	0	378.839953	321.940568	7.481842	7.506241	-1	###LINE###
5	5	142	0	0	0	378.84	321.94	7.48	7.51	100	12
3	5	143	0	0	0	454.559941	321.940568	3.740921	7.506241	-1	###FLOW###
4	5	143	0	0	0	454.559941	321.940568	3.740921	7.506241	-1	###LINE###
5	5	143	0	0	0	454.56	321.94	3.74	7.51	100	9
3	5	144	0	0	0	526.559899	321.940568	3.740921	7.506241	-1	###FLOW###
4	5	144	0	0	0	526.559899	321.940568	3.740921	7.506241	-1	###LINE###
5	5	144	0	0	0	526.56	321.94	3.74	7.51	100	4
3	5	145	0	0	0	598.559887	321.940568	3.740921	7.506241	-1	###FLOW###
4	5	145	0	0	0	598.559887	321.940568	3.740921	7.506241	-1	###LINE###
5	5	145	0	0	0	598.56	321.94	3.74	7.51	100	3
3	5	146	0	0	0	670.559876	321.940568	3.740921	7.506241	-1	###FLOW###
4	5	146	0	0	0	670.559876	321.940568	3.740921	7.506241	-1	###LINE###
5	5	146	0	0	0	670.56	321.94	3.74	7.51	100	2
3	5	147	0	0	0	117.719981	334.300594	22.344601	7.506241	-1	###FLOW###
4	5	147	0	0	0	117.719981	334.300594	22.344601	7.506241	-1	###LINE###
5	5	147	0	0	0	117.72	334.30	22.34	7.51	100	Whitley
3	5	148	0	0	0	225.479966	334.300594	16.827415	7.506241	-1	###FLOW###
4	5	148	0	0	0	225.479966	334.300594	16.827415	7.506241	-1	###LINE###
5	5	148	0	0	0	225.48	334.30	16.83	7.51	100	2,290
3	5	149	0	0	0	306.839965	334.300594	7.481842	7.506241	-1	###FLOW###
4	5	149	0	0	0	306.839965	334.300594	7.481842	7.506241	-1	###LINE###
5	5	149	0	0	0	306.84	334.30	7.48	7.51	100	80
3	5	150	0	0	0	378.839953	334.300594	7.481842	7.506241	-1	###FLOW###
4	5	150	0	0	0	378.839953	334.300594	7.481842	7.506241	-1	###LINE###
5	5	150	0	0	0	378.84	334.30	7.48	7.51	100	69
3	5	151	0	0	0	450.839941	334.300594	7.481842	7.506241	-1	###FLOW###
4	5	151	0	0	0	450.839941	334.300594	7.481842	7.506241	-1	###LINE###
5	5	151	0	0	0	450.84	334.30	7.48	7.51	100	39
3	5	152	0	0	0	522.839930	334.300594	7.481842	7.506241	-1	###FLOW###
4	5	152	0	0	0	522.839930	334.300594	7.481842	7.506241	-1	###LINE###
5	5	152	0	0	0	522.84	334.30	7.48	7.51	100	21
3	5	153	0	0	0	594.839919	334.300594	7.481842	7.506241	-1	###FLOW###
4	5	153	0	0	0	594.839919	334.300594	7.481842	7.506241	-1	###LINE###
5	5	153	0	0	0	594.84	334.30	7.48	7.51	100	13
3	5	154	0	0	0	670.559876	334.300594	3.740921	7.506241	-1	###FLOW###
4	5	154	0	0	0	670.559876	334.300594	3.740921	7.506241	-1	###LINE###
5	5	154	0	0	0	670.56	334.30	3.74	7.51	100	9
3	5	155	0	0	0	117.719981	346.540594	17.358949	7.506241	-1	###FLOW###
4	5	155	0	0	0	117.719981	346.540594	17.358949	7.506241	-1	###LINE###
5	5	155	0	0	0	117.72	346.54	17.36	7.51	100	Wolfe
3	5	156	0	0	0	234.839961	346.540594	7.481842	7.506241	-1	###FLOW###
4	5	156	0	0	0	234.839961	346.540594	7.481842	7.506241	-1	###LINE###
5	5	156	0	0	0	234.84	346.54	7.48	7.51	100	90
3	5	157	0	0	0	310.559965	346.540594	3.740921	7.506241	-1	###FLOW###
4	5	157	0	0	0	310.559965	346.540594	3.740921	7.506241	-1	###LINE###
5	5	157	0	0	0	310.56	346.54	3.74	7.51	100	3
3	5	158	0	0	0	382.559953	346.540594	3.740921	7.506241	-1	###FLOW###
4	5	158	0	0	0	382.559953	346.540594	3.740921	7.506241	-1	###LINE###
5	5	158	0	0	0	382.56	346.54	3.74	7.51	100	2
3	5	159	0	0	0	454.559941	346.540594	3.740921	7.506241	-1	###FLOW###
4	5	159	0	0	0	454.559941	346.540594	3.740921	7.506241	-1	###LINE###
5	5	159	0	0	0	454.56	346.54	3.74	7.51	100	6
3	5	160	0	0	0	526.559899	346.540594	3.740921	7.506241	-1	###FLOW###
4	5	160	0	0	0	526.559899	346.540594	3.740921	7.506241	-1	###LINE###
5	5	160	0	0	0	526.56	346.54	3.74	7.51	100	0
3	5	161	0	0	0	598.559887	346.540594	3.740921	7.506241	-1	###FLOW###
4	5	161	0	0	0	598.559887	346.540594	3.740921	7.506241	-1	###LINE###
5	5	161	0	0	0	598.56	346.54	3.74	7.51	100	0
3	5	162	0	0	0	670.559876	346.540594	3.740921	7.506241	-1	###FLOW###
4	5	162	0	0	0	670.559876	346.540594	3.740921	7.506241	-1	###LINE###
5	5	162	0	0	0	670.56	346.54	3.74	7.51	100	0
3	5	163	0	0	0	117.719981	358.900575	29.523670	7.506241	-1	###FLOW###
4	5	163	0	0	0	117.719981	358.900575	29.523670	7.506241	-1	###LINE###
5	5	163	0	0	0	117.72	358.90	29.52	7.51	100	Woodford
3	5	164	0	0	0	225.479966	358.900575	16.827415	7.506241	-1	###FLOW###
4	5	164	0	0	0	225.479966	358.900575	16.827415	7.506241	-1	###LINE###
5	5	164	0	0	0	225.48	358.90	16.83	7.51	100	1,472
3	5	165	0	0	0	303.119965	358.900575	11.222762	7.506241	-1	###FLOW###
4	5	165	0	0	0	303.119965	358.900575	11.222762	7.506241	-1	###LINE###
5	5	165	0	0	0	303.12	358.90	11.22	7.51	100	234
3	5	166	0	0	0	375.119954	358.900575	11.222762	7.506241	-1	###FLOW###
4	5	166	0	0	0	375.119954	358.900575	11.222762	7.506241	-1	###LINE###
5	5	166	0	0	0	375.12	358.90	11.22	7.51	100	105
3	5	167	0	0	0	450.839941	358.900575	7.481842	7.506241	-1	###FLOW###
4	5	167	0	0	0	450.839941	358.900575	7.481842	7.506241	-1	###LINE###
5	5	167	0	0	0	450.84	358.90	7.48	7.51	100	82
3	5	168	0	0	0	522.839930	358.900575	7.481842	7.506241	-1	###FLOW###
4	5	168	0	0	0	522.839930	358.900575	7.481842	7.506241	-1	###LINE###
5	5	168	0	0	0	522.84	358.90	7.48	7.51	100	40
3	5	169	0	0	0	594.839919	358.900575	7.481842	7.506241	-1	###FLOW###
4	5	169	0	0	0	594.839919	358.900575	7.481842	7.506241	-1	###LINE###
5	5	169	0	0	0	594.84	358.90	7.48	7.51	100	24
3	5	170	0	0	0	666.839907	358.900575	7.481842	7.506241	-1	###FLOW###
4	5	170	0	0	0	666.839907	358.900575	7.481842	7.506241	-1	###LINE###
5	5	170	0	0	0	666.84	358.90	7.48	7.51	100	10
3	5	171	0	0	0	117.719981	371.260571	36.366325	7.506241	-1	###FLOW###
4	5	171	0	0	0	117.719981	371.260571	36.366325	7.506241	-1	###LINE###
5	5	171	0	0	0	117.72	371.26	16.15	7.51	100	Total
5	5	171	0	0	1	135.78	371.26	18.31	7.51	100	Votes
3	5	172	0	0	0	218.039967	371.260571	24.241974	7.506241	-1	###FLOW###
4	5	172	0	0	0	218.039967	371.260571	24.241974	7.506241	-1	###LINE###
5	5	172	0	0	0	218.04	371.26	24.24	7.51	100	215,044
3	5	173	0	0	0	293.759955	371.260571	20.568336	7.506241	-1	###FLOW###
4	5	173	0	0	0	293.759955	371.260571	20.568336	7.506241	-1	###LINE###
5	5	173	0	0	0	293.76	371.26	20.57	7.51	100	16,232
3	5	174	0	0	0	369.479944	371.260571	16.827415	7.506241	-1	###FLOW###
4	5	174	0	0	0	369.479944	371.260571	16.827415	7.506241	-1	###LINE###
5	5	174	0	0	0	369.48	371.26	16.83	7.51	100	8,984
3	5	175	0	0	0	441.479932	371.260571	16.827415	7.506241	-1	###FLOW###
4	5	175	0	0	0	441.479932	371.260571	16.827415	7.506241	-1	###LINE###
5	5	175	0	0	0	441.48	371.26	16.83	7.51	100	7,803
3	5	176	0	0	0	513.479889	371.260571	16.827415	7.506241	-1	###FLOW###
4	5	176	0	0	0	513.479889	371.260571	16.827415	7.506241	-1	###LINE###
5	5	176	0	0	0	513.48	371.26	16.83	7.51	100	2,461
3	5	177	0	0	0	585.479878	371.260571	16.827415	7.506241	-1	###FLOW###
4	5	177	0	0	0	585.479878	371.260571	16.827415	7.506241	-1	###LINE###
5	5	177	0	0	0	585.48	371.26	16.83	7.51	100	1,640
3	5	178	0	0	0	663.119876	371.260571	11.222762	7.506241	-1	###FLOW###
4	5	178	0	0	0	663.119876	371.260571	11.222762	7.506241	-1	###LINE###
5	5	178	0	0	0	663.12	371.26	11.22	7.51	100	900
3	5	179	0	0	0	117.719981	309.700568	21.160424	7.506241	-1	###FLOW###
4	5	179	0	0	0	117.719981	309.700568	21.160424	7.506241	-1	###LINE###
5	5	179	0	0	0	117.72	309.70	21.16	7.51	100	Wayne
1	6	0	0	0	0	0.000000	0.000000	792.000000	612.000000	-1	###PAGE###
3	6	0	0	0	0	35.999994	54.115290	161.658823	13.404001	-1	###FLOW###
4	6	0	0	0	0	35.999994	54.115290	161.658823	13.404001	-1	###LINE###
5	6	0	0	0	0	36.00	54.12	89.57	13.40	100	Commonwealth
5	6	0	0	0	1	128.96	54.12	11.33	13.40	100	of
5	6	0	0	0	2	143.60	54.12	54.05	13.40	100	Kentucky
3	6	1	0	0	0	289.919964	54.115290	211.964694	13.404001	-1	###FLOW###
4	6	1	0	0	0	289.919964	54.115290	211.964694	13.404001	-1	###LINE###
5	6	1	0	0	0	289.92	54.12	44.03	13.40	100	Michael
5	6	1	0	0	1	337.40	54.12	12.66	13.40	100	G.
5	6	1	0	0	2	353.48	54.12	43.01	13.40	100	Adams,
5	6	1	0	0	3	399.93	54.12	54.90	13.40	100	Secretary
5	6	1	0	0	4	457.89	54.12	11.33	13.40	100	of
5	6	1	0	0	5	472.52	54.12	29.36	13.40	100	State
3	6	2	0	0	0	584.279905	54.115290	171.619073	13.404001	-1	###FLOW###
4	6	2	0	0	0	584.279905	54.115290	171.619073	13.404001	-1	###LINE###
5	6	2	0	0	0	584.28	54.12	26.72	13.40	100	2024
5	6	2	0	0	1	614.49	54.12	44.86	13.40	100	Primary
5	6	2	0	0	2	662.36	54.12	46.82	13.40	100	Election
5	6	2	0	0	3	712.53	54.12	43.37	13.40	100	Results
3	6	3	0	0	0	310.439942	111.955306	170.886172	27.204012	-1	###FLOW###
4	6	3	0	0	0	310.439942	111.955306	170.886172	13.404001	-1	###LINE###
5	6	3	0	0	0	310.44	111.96	54.82	13.40	100	President
5	6	3	0	0	1	368.60	111.96	11.33	13.40	100	of
5	6	3	0	0	2	383.24	111.96	18.01	13.40	100	the
5	6	3	0	0	3	404.60	111.96	37.34	13.40	100	United
5	6	3	0	0	4	445.28	111.96	36.04	13.40	100	States
4	6	3	0	1	0	346.679950	125.755316	98.881614	13.404001	-1	###LINE###
5	6	3	0	1	0	346.68	125.76	65.41	13.40	100	Democratic
5	6	3	0	1	1	415.52	125.76	30.04	13.40	100	Party
3	6	3	1	0	0	297.599945	150.564402	47.939677	22.017244	-1	###FLOW###
4	6	3	1	0	0	301.679949	150.564402	43.852250	10.857240	-1	###LINE###
5	6	3	1	0	0	301.68	150.56	31.38	10.86	100	Joseph
5	6	3	1	0	1	335.81	150.56	9.72	10.86	100	R.
4	6	3	1	1	0	297.599945	161.724406	47.939677	10.857240	-1	###LINE###
5	6	3	1	1	0	297.60	161.72	30.26	10.86	100	BIDEN
5	6	3	1	1	1	330.41	161.72	15.13	10.86	100	JR.
3	6	4	0	0	0	357.599936	161.724406	81.651216	10.857240	-1	###FLOW###
4	6	4	0	0	0	357.599936	161.724406	81.651216	10.857240	-1	###LINE###
5	6	4	0	0	0	357.60	161.72	81.65	10.86	100	"UNCOMMITTED"
3	6	5	0	0	0	470.639943	150.564402	62.294331	22.017244	-1	###FLOW###
4	6	5	0	0	0	492.359924	150.564402	40.465525	10.857240	-1	###LINE###
5	6	5	0	0	0	492.36	150.56	40.47	10.86	100	Marianne
4	6	5	0	1	0	470.639943	161.724406	62.294331	10.857240	-1	###LINE###
5	6	5	0	1	0	470.64	161.72	62.29	10.86	100	WILLIAMSON
3	6	6	0	0	0	582.719898	150.564402	43.682094	22.017244	-1	###FLOW###
4	6	6	0	0	0	603.239908	150.564402	23.162085	10.857240	-1	###LINE###
5	6	6	0	0	0	603.24	150.56	23.16	10.86	100	Dean
4	6	6	0	1	0	582.719898	161.724406	43.618683	10.857240	-1	###LINE###
5	6	6	0	1	0	582.72	161.72	43.62	10.86	100	PHILLIPS
3	6	7	0	0	0	165.599967	177.324389	22.704683	10.857240	-1	###FLOW###
4	6	7	0	0	0	165.599967	177.324389	22.704683	10.857240	-1	###LINE###
5	6	7	0	0	0	165.60	177.32	22.70	10.86	100	Adair
3	6	8	0	0	0	329.399946	177.324389	16.232924	10.857240	-1	###FLOW###
4	6	8	0	0	0	329.399946	177.324389	16.232924	10.857240	-1	###LINE###
5	6	8	0	0	0	329.40	177.32	16.23	10.86	100	194
3	6	9	0	0	0	428.399953	177.324389	10.821949	10.857240	-1	###FLOW###
4	6	9	0	0	0	428.399953	177.324389	10.821949	10.857240	-1	###LINE###
5	6	9	0	0	0	428.40	177.32	10.82	10.86	100	41
3	6	10	0	0	0	521.999931	177.324389	10.821949	10.857240	-1	###FLOW###
4	6	10	0	0	0	521.999931	177.324389	10.821949	10.857240	-1	###LINE###
5	6	10	0	0	0	522.00	177.32	10.82	10.86	100	11
3	6	11	0	0	0	615.599910	177.324389	10.821949	10.857240	-1	###FLOW###
4	6	11	0	0	0	615.599910	177.324389	10.821949	10.857240	-1	###LINE###
5	6	11	0	0	0	615.60	177.32	10.82	10.86	100	27
3	6	12	0	0	0	165.599967	192.804405	21.624434	10.857240	-1	###FLOW###
4	6	12	0	0	0	165.599967	192.804405	21.624434	10.857240	-1	###LINE###
5	6	12	0	0	0	165.60	192.80	21.62	10.86	100	Allen
3	6	13	0	0	0	329.399946	192.804405	16.232924	10.857240	-1	###FLOW###
4	6	13	0	0	0	329.399946	192.804405	16.232924	10.857240	-1	###LINE###
5	6	13	0	0	0	329.40	192.80	16.23	10.86	100	158
3	6	14	0	0	0	428.399953	192.804405	10.821949	10.857240	-1	###FLOW###
4	6	14	0	0	0	428.399953	192.804405	10.821949	10.857240	-1	###LINE###
5	6	14	0	0	0	428.40	192.80	10.82	10.86	100	40
3	6	15	0	0	0	521.999931	192.804405	10.821949	10.857240	-1	###FLOW###
4	6	15	0	0	0	521.999931	192.804405	10.821949	10.857240	-1	###LINE###
5	6	15	0	0	0	522.00	192.80	10.82	10.86	100	23
3	6	16	0	0	0	615.599910	192.804405	10.821949	10.857240	-1	###FLOW###
4	6	16	0	0	0	615.599910	192.804405	10.821949	10.857240	-1	###LINE###
5	6	16	0	0	0	615.60	192.80	10.82	10.86	100	18
3	6	17	0	0	0	165.599967	208.164395	41.643093	10.857240	-1	###FLOW###
4	6	17	0	0	0	165.599967	208.164395	41.643093	10.857240	-1	###LINE###
5	6	17	0	0	0	165.60	208.16	41.64	10.86	100	Anderson
3	6	18	0	0	0	321.239938	208.164395	24.339653	10.857240	-1	###FLOW###
4	6	18	0	0	0	321.239938	208.164395	24.339653	10.857240	-1	###LINE###
5	6	18	0	0	0	321.24	208.16	24.34	10.86	100	1,005
3	6	19	0	0	0	422.999924	208.164395	16.232924	10.857240	-1	###FLOW###
4	6	19	0	0	0	422.999924	208.164395	16.232924	10.857240	-1	###LINE###
5	6	19	0	0	0	423.00	208.16	16.23	10.86	100	472
3	6	20	0	0	0	516.599903	208.164395	16.232924	10.857240	-1	###FLOW###
4	6	20	0	0	0	516.599903	208.164395	16.232924	10.857240	-1	###LINE###
5	6	20	0	0	0	516.60	208.16	16.23	10.86	100	153
3	6	21	0	0	0	610.199881	208.164395	16.232924	10.857240	-1	###FLOW###
4	6	21	0	0	0	610.199881	208.164395	16.232924	10.857240	-1	###LINE###
5	6	21	0	0	0	610.20	208.16	16.23	10.86	100	134
3	6	22	0	0	0	165.599967	223.644411	30.276154	10.857240	-1	###FLOW###
4	6	22	0	0	0	165.599967	223.644411	30.276154	10.857240	-1	###LINE###
5	6	22	0	0	0	165.60	223.64	30.28	10.86	100	Ballard
3	6	23	0	0	0	329.399946	223.644411	16.232924	10.857240	-1	###FLOW###
4	6	23	0	0	0	329.399946	223.644411	16.232924	10.857240	-1	###LINE###
5	6	23	0	0	0	329.40	223.64	16.23	10.86	100	143
3	6	24	0	0	0	422.999924	223.644411	16.232924	10.857240	-1	###FLOW###
4	6	24	0	0	0	422.999924	223.644411	16.232924	10.857240	-1	###LINE###
5	6	24	0	0	0	423.00	223.64	16.23	10.86	100	166
3	6	25	0	0	0	521.999931	223.644411	10.821949	10.857240	-1	###FLOW###
4	6	25	0	0	0	521.999931	223.644411	10.821949	10.857240	-1	###LINE###
5	6	25	0	0	0	522.00	223.64	10.82	10.86	100	32
3	6	26	0	0	0	615.599910	223.644411	10.821949	10.857240	-1	###FLOW###
4	6	26	0	0	0	615.599910	223.644411	10.821949	10.857240	-1	###LINE###
5	6	26	0	0	0	615.60	223.64	10.82	10.86	100	46
3	6	27	0	0	0	165.599967	239.004402	29.195906	10.857240	-1	###FLOW###
4	6	27	0	0	0	165.599967	239.004402	29.195906	10.857240	-1	###LINE###
5	6	27	0	0	0	165.60	239.00	29.20	10.86	100	Barren
3	6	28	0	0	0	329.399946	239.004402	16.232924	10.857240	-1	###FLOW###
4	6	28	0	0	0	329.399946	239.004402	16.232924	10.857240	-1	###LINE###
5	6	28	0	0	0	329.40	239.00	16.23	10.86	100	732
3	6	29	0	0	0	422.999924	239.004402	16.232924	10.857240	-1	###FLOW###
4	6	29	0	0	0	422.999924	239.004402	16.232924	10.857240	-1	###LINE###
5	6	29	0	0	0	423.00	239.00	16.23	10.86	100	214
3	6	30	0	0	0	521.999931	239.004402	10.821949	10.857240	-1	###FLOW###
4	6	30	0	0	0	521.999931	239.004402	10.821949	10.857240	-1	###LINE###
5	6	30	0	0	0	522.00	239.00	10.82	10.86	100	80
3	6	31	0	0	0	610.199881	239.004402	16.232924	10.857240	-1	###FLOW###
4	6	31	0	0	0	610.199881	239.004402	16.232924	10.857240	-1	###LINE###
5	6	31	0	0	0	610.20	239.00	16.23	10.86	100	102
3	6	32	0	0	0	165.599967	254.484419	19.999195	10.857240	-1	###FLOW###
4	6	32	0	0	0	165.599967	254.484419	19.999195	10.857240	-1	###LINE###
5	6	32	0	0	0	165.60	254.48	20.00	10.86	100	Bath
3	6	33	0	0	0	329.399946	254.484419	16.232924	10.857240	-1	###FLOW###
4	6	33	0	0	0	329.399946	254.484419	16.232924	10.857240	-1	###LINE###
5	6	33	0	0	0	329.40	254.48	16.23	10.86	100	221
3	6	34	0	0	0	422.999924	254.484419	16.232924	10.857240	-1	###FLOW###
4	6	34	0	0	0	422.999924	254.484419	16.232924	10.857240	-1	###LINE###
5	6	34	0	0	0	423.00	254.48	16.23	10.86	100	150
3	6	35	0	0	0	521.999931	254.484419	10.821949	10.857240	-1	###FLOW###
4	6	35	0	0	0	521.999931	254.484419	10.821949	10.857240	-1	###LINE###
5	6	35	0	0	0	522.00	254.48	10.82	10.86	100	52
3	6	36	0	0	0	615.599910	254.484419	10.821949	10.857240	-1	###FLOW###
4	6	36	0	0	0	615.599910	254.484419	10.821949	10.857240	-1	###LINE###
5	6	36	0	0	0	615.60	254.48	10.82	10.86	100	49
3	6	37	0	0	0	165.599967	269.844378	16.213460	10.857240	-1	###FLOW###
4	6	37	0	0	0	165.599967	269.844378	16.213460	10.857240	-1	###LINE###
5	6	37	0	0	0	165.60	269.84	16.21	10.86	100	Bell
3	6	38	0	0	0	329.399946	269.844378	16.232924	10.857240	-1	###FLOW###
4	6	38	0	0	0	329.399946	269.844378	16.232924	10.857240	-1	###LINE###
5	6	38	0	0	0	329.40	269.84	16.23	10.86	100	266
3	6	39	0	0	0	422.999924	269.844378	16.232924	10.857240	-1	###FLOW###
4	6	39	0	0	0	422.999924	269.844378	16.232924	10.857240	-1	###LINE###
5	6	39	0	0	0	423.00	269.84	16.23	10.86	100	143
3	6	40	0	0	0	521.999931	269.844378	10.821949	10.857240	-1	###FLOW###
4	6	40	0	0	0	521.999931	269.844378	10.821949	10.857240	-1	###LINE###
5	6	40	0	0	0	522.00	269.84	10.82	10.86	100	27
3	6	41	0	0	0	615.599910	269.844378	10.821949	10.857240	-1	###FLOW###
4	6	41	0	0	0	615.599910	269.844378	10.821949	10.857240	-1	###LINE###
5	6	41	0	0	0	615.60	269.84	10.82	10.86	100	35
3	6	42	0	0	0	165.599967	285.324394	28.125389	10.857240	-1	###FLOW###
4	6	42	0	0	0	165.599967	285.324394	28.125389	10.857240	-1	###LINE###
5	6	42	0	0	0	165.60	285.32	28.13	10.86	100	Boone
3	6	43	0	0	0	321.239938	285.324394	24.339653	10.857240	-1	###FLOW###
4	6	43	0	0	0	321.239938	285.324394	24.339653	10.857240	-1	###LINE###
5	6	43	0	0	0	321.24	285.32	24.34	10.86	100	1,832
3	6	44	0	0	0	422.999924	285.324394	16.232924	10.857240	-1	###FLOW###
4	6	44	0	0	0	422.999924	285.324394	16.232924	10.857240	-1	###LINE###
5	6	44	0	0	0	423.00	285.32	16.23	10.86	100	346
3	6	45	0	0	0	516.599903	285.324394	16.232924	10.857240	-1	###FLOW###
4	6	45	0	0	0	516.599903	285.324394	16.232924	10.857240	-1	###LINE###
5	6	45	0	0	0	516.60	285.32	16.23	10.86	100	188
3	6	46	0	0	0	615.599910	285.324394	10.821949	10.857240	-1	###FLOW###
4	6	46	0	0	0	615.599910	285.324394	10.821949	10.857240	-1	###LINE###
5	6	46	0	0	0	615.60	285.32	10.82	10.86	100	83
3	6	47	0	0	0	165.599967	300.684385	36.777109	10.857240	-1	###FLOW###
4	6	47	0	0	0	165.599967	300.684385	36.777109	10.857240	-1	###LINE###
5	6	47	0	0	0	165.60	300.68	36.78	10.86	100	Bourbon
3	6	48	0	0	0	329.399946	300.684385	16.232924	10.857240	-1	###FLOW###
4	6	48	0	0	0	329.399946	300.684385	16.232924	10.857240	-1	###LINE###
5	6	48	0	0	0	329.40	300.68	16.23	10.86	100	549
3	6	49	0	0	0	422.999924	300.684385	16.232924	10.857240	-1	###FLOW###
4	6	49	0	0	0	422.999924	300.684385	16.232924	10.857240	-1	###LINE###
5	6	49	0	0	0	423.00	300.68	16.23	10.86	100	201
3	6	50	0	0	0	521.999931	300.684385	10.821949	10.857240	-1	###FLOW###
4	6	50	0	0	0	521.999931	300.684385	10.821949	10.857240	-1	###LINE###
5	6	50	0	0	0	522.00	300.68	10.82	10.86	100	68
3	6	51	0	0	0	615.599910	300.684385	10.821949	10.857240	-1	###FLOW###
4	6	51	0	0	0	615.599910	300.684385	10.821949	10.857240	-1	###LINE###
5	6	51	0	0	0	615.60	300.68	10.82	10.86	100	47
3	6	52	0	0	0	165.599967	316.164402	21.965053	10.857240	-1	###FLOW###
4	6	52	0	0	0	165.599967	316.164402	21.965053	10.857240	-1	###LINE###
5	6	52	0	0	0	165.60	316.16	21.97	10.86	100	Boyd
3	6	53	0	0	0	321.239938	316.164402	24.339653	10.857240	-1	###FLOW###
4	6	53	0	0	0	321.239938	316.164402	24.339653	10.857240	-1	###LINE###
5	6	53	0	0	0	321.24	316.16	24.34	10.86	100	1,322
3	6	54	0	0	0	422.999924	316.164402	16.232924	10.857240	-1	###FLOW###
4	6	54	0	0	0	422.999924	316.164402	16.232924	10.857240	-1	###LINE###
5	6	54	0	0	0	423.00	316.16	16.23	10.86	100	431
3	6	55	0	0	0	521.999931	316.164402	10.821949	10.857240	-1	###FLOW###
4	6	55	0	0	0	521.999931	316.164402	10.821949	10.857240	-1	###LINE###
5	6	55	0	0	0	522.00	316.16	10.82	10.86	100	93
3	6	56	0	0	0	615.599910	316.164402	10.821949	10.857240	-1	###FLOW###
4	6	56	0	0	0	615.599910	316.164402	10.821949	10.857240	-1	###LINE###
5	6	56	0	0	0	615.60	316.16	10.82	10.86	100	70
3	6	57	0	0	0	165.599967	331.524391	24.125550	10.857240	-1	###FLOW###
4	6	57	0	0	0	165.599967	331.524391	24.125550	10.857240	-1	###LINE###
5	6	57	0	0	0	165.60	331.52	24.13	10.86	100	Boyle
3	6	58	0	0	0	329.399946	331.524391	16.232924	10.857240	-1	###FLOW###
4	6	58	0	0	0	329.399946	331.524391	16.232924	10.857240	-1	###LINE###
5	6	58	0	0	0	329.40	331.52	16.23	10.86	100	723
3	6	59	0	0	0	422.999924	331.524391	16.232924	10.857240	-1	###FLOW###
4	6	59	0	0	0	422.999924	331.524391	16.232924	10.857240	-1	###LINE###
5	6	59	0	0	0	423.00	331.52	16.23	10.86	100	193
3	6	60	0	0	0	521.999931	331.524391	10.821949	10.857240	-1	###FLOW###
4	6	60	0	0	0	521.999931	331.524391	10.821949	10.857240	-1	###LINE###
5	6	60	0	0	0	522.00	331.52	10.82	10.86	100	42
3	6	61	0	0	0	615.599910	331.524391	10.821949	10.857240	-1	###FLOW###
4	6	61	0	0	0	615.599910	331.524391	10.821949	10.857240	-1	###LINE###
5	6	61	0	0	0	615.60	331.52	10.82	10.86	100	58
3	6	62	0	0	0	165.599967	347.004377	35.687129	10.857240	-1	###FLOW###
4	6	62	0	0	0	165.599967	347.004377	35.687129	10.857240	-1	###LINE###
5	6	62	0	0	0	165.60	347.00	35.69	10.86	100	Bracken
3	6	63	0	0	0	329.399946	347.004377	16.232924	10.857240	-1	###FLOW###
4	6	63	0	0	0	329.399946	347.004377	16.232924	10.857240	-1	###LINE###
5	6	63	0	0	0	329.40	347.00	16.23	10.86	100	133
3	6	64	0	0	0	428.399953	347.004377	10.821949	10.857240	-1	###FLOW###
4	6	64	0	0	0	428.399953	347.004377	10.821949	10.857240	-1	###LINE###
5	6	64	0	0	0	428.40	347.00	10.82	10.86	100	93
3	6	65	0	0	0	521.999931	347.004377	10.821949	10.857240	-1	###FLOW###
4	6	65	0	0	0	521.999931	347.004377	10.821949	10.857240	-1	###LINE###
5	6	65	0	0	0	522.00	347.00	10.82	10.86	100	50
3	6	66	0	0	0	615.599910	347.004377	10.821949	10.857240	-1	###FLOW###
4	6	66	0	0	0	615.599910	347.004377	10.821949	10.857240	-1	###LINE###
5	6	66	0	0	0	615.60	347.00	10.82	10.86	100	37
3	6	67	0	0	0	165.599967	362.364383	36.202923	10.857240	-1	###FLOW###
4	6	67	0	0	0	165.599967	362.364383	36.202923	10.857240	-1	###LINE###
5	6	67	0	0	0	165.60	362.36	36.20	10.86	100	Breathitt
3	6	68	0	0	0	329.399946	362.364383	16.232924	10.857240	-1	###FLOW###
4	6	68	0	0	0	329.399946	362.364383	16.232924	10.857240	-1	###LINE###
5	6	68	0	0	0	329.40	362.36	16.23	10.86	100	197
3	6	69	0	0	0	422.999924	362.364383	16.232924	10.857240	-1	###FLOW###
4	6	69	0	0	0	422.999924	362.364383	16.232924	10.857240	-1	###LINE###
5	6	69	0	0	0	423.00	362.36	16.23	10.86	100	234
3	6	70	0	0	0	521.999931	362.364383	10.821949	10.857240	-1	###FLOW###
4	6	70	0	0	0	521.999931	362.364383	10.821949	10.857240	-1	###LINE###
5	6	70	0	0	0	522.00	362.36	10.82	10.86	100	56
3	6	71	0	0	0	615.599910	362.364383	10.821949	10.857240	-1	###FLOW###
4	6	71	0	0	0	615.599910	362.364383	10.821949	10.857240	-1	###LINE###
5	6	71	0	0	0	615.60	362.36	10.82	10.86	100	66
3	6	72	0	0	0	165.599967	377.844369	54.070817	10.857240	-1	###FLOW###
4	6	72	0	0	0	165.599967	377.844369	54.070817	10.857240	-1	###LINE###
5	6	72	0	0	0	165.60	377.84	54.07	10.86	100	Breckinridge
3	6	73	0	0	0	329.399946	377.844369	16.232924	10.857240	-1	###FLOW###
4	6	73	0	0	0	329.399946	377.844369	16.232924	10.857240	-1	###LINE###
5	6	73	0	0	0	329.40	377.84	16.23	10.86	100	326
3	6	74	0	0	0	428.399953	377.844369	10.821949	10.857240	-1	###FLOW###
4	6	74	0	0	0	428.399953	377.844369	10.821949	10.857240	-1	###LINE###
5	6	74	0	0	0	428.40	377.84	10.82	10.86	100	96
3	6	75	0	0	0	521.999931	377.844369	10.821949	10.857240	-1	###FLOW###
4	6	75	0	0	0	521.999931	377.844369	10.821949	10.857240	-1	###LINE###
5	6	75	0	0	0	522.00	377.84	10.82	10.86	100	45
3	6	76	0	0	0	615.599910	377.844369	10.821949	10.857240	-1	###FLOW###
4	6	76	0	0	0	615.599910	377.844369	10.821949	10.857240	-1	###LINE###
5	6	76	0	0	0	615.60	377.84	10.82	10.86	100	43
3	6	77	0	0	0	165.599967	393.204389	23.765467	10.857240	-1	###FLOW###
4	6	77	0	0	0	165.599967	393.204389	23.765467	10.857240	-1	###LINE###
5	6	77	0	0	0	165.60	393.20	23.77	10.86	100	Bullitt
3	6	78	0	0	0	321.239938	393.204389	24.339653	10.857240	-1	###FLOW###
4	6	78	0	0	0	321.239938	393.204389	24.339653	10.857240	-1	###LINE###
5	6	78	0	0	0	321.24	393.20	24.34	10.86	100	1,146
3	6	79	0	0	0	422.999924	393.204389	16.232924	10.857240	-1	###FLOW###
4	6	79	0	0	0	422.999924	393.204389	16.232924	10.857240	-1	###LINE###
5	6	79	0	0	0	423.00	393.20	16.23	10.86	100	380
3	6	80	0	0	0	516.599903	393.204389	16.232924	10.857240	-1	###FLOW###
4	6	80	0	0	0	516.599903	393.204389	16.232924	10.857240	-1	###LINE###
5	6	80	0	0	0	516.60	393.20	16.23	10.86	100	162
3	6	81	0	0	0	615.599910	393.204389	10.821949	10.857240	-1	###FLOW###
4	6	81	0	0	0	615.599910	393.204389	10.821949	10.857240	-1	###LINE###
5	6	81	0	0	0	615.60	393.20	10.82	10.86	100	99
3	6	82	0	0	0	165.599967	408.684375	25.400438	10.857240	-1	###FLOW###
4	6	82	0	0	0	165.599967	408.684375	25.400438	10.857240	-1	###LINE###
5	6	82	0	0	0	165.60	408.68	25.40	10.86	100	Butler
3	6	83	0	0	0	329.399946	408.684375	16.232924	10.857240	-1	###FLOW###
4	6	83	0	0	0	329.399946	408.684375	16.232924	10.857240	-1	###LINE###
5	6	83	0	0	0	329.40	408.68	16.23	10.86	100	115
3	6	84	0	0	0	428.399953	408.684375	10.821949	10.857240	-1	###FLOW###
4	6	84	0	0	0	428.399953	408.684375	10.821949	10.857240	-1	###LINE###
5	6	84	0	0	0	428.40	408.68	10.82	10.86	100	15
3	6	85	0	0	0	521.999931	408.684375	10.821949	10.857240	-1	###FLOW###
4	6	85	0	0	0	521.999931	408.684375	10.821949	10.857240	-1	###LINE###
5	6	85	0	0	0	522.00	408.68	10.82	10.86	100	12
3	6	86	0	0	0	620.999877	408.684375	5.410975	10.857240	-1	###FLOW###
4	6	86	0	0	0	620.999877	408.684375	5.410975	10.857240	-1	###LINE###
5	6	86	0	0	0	621.00	408.68	5.41	10.86	100	5
3	6	87	0	0	0	165.599967	424.044397	36.485150	10.857240	-1	###FLOW###
4	6	87	0	0	0	165.599967	424.044397	36.485150	10.857240	-1	###LINE###
5	6	87	0	0	0	165.60	424.04	36.49	10.86	100	Caldwell
3	6	88	0	0	0	329.399946	424.044397	16.232924	10.857240	-1	###FLOW###
4	6	88	0	0	0	329.399946	424.044397	16.232924	10.857240	-1	###LINE###
5	6	88	0	0	0	329.40	424.04	16.23	10.86	100	225
3	6	89	0	0	0	422.999924	424.044397	16.232924	10.857240	-1	###FLOW###
4	6	89	0	0	0	422.999924	424.044397	16.232924	10.857240	-1	###LINE###
5	6	89	0	0	0	423.00	424.04	16.23	10.86	100	113
3	6	90	0	0	0	521.999931	424.044397	10.821949	10.857240	-1	###FLOW###
4	6	90	0	0	0	521.999931	424.044397	10.821949	10.857240	-1	###LINE###
5	6	90	0	0	0	522.00	424.04	10.82	10.86	100	35
3	6	91	0	0	0	615.599910	424.044397	10.821949	10.857240	-1	###FLOW###
4	6	91	0	0	0	615.599910	424.044397	10.821949	10.857240	-1	###LINE###
5	6	91	0	0	0	615.60	424.04	10.82	10.86	100	32
3	6	92	0	0	0	165.599967	439.524383	39.190637	10.857240	-1	###FLOW###
4	6	92	0	0	0	165.599967	439.524383	39.190637	10.857240	-1	###LINE###
5	6	92	0	0	0	165.60	439.52	39.19	10.86	100	Calloway
3	6	93	0	0	0	329.399946	439.524383	16.232924	10.857240	-1	###FLOW###
4	6	93	0	0	0	329.399946	439.524383	16.232924	10.857240	-1	###LINE###
5	6	93	0	0	0	329.40	439.52	16.23	10.86	100	701
3	6	94	0	0	0	422.999924	439.524383	16.232924	10.857240	-1	###FLOW###
4	6	94	0	0	0	422.999924	439.524383	16.232924	10.857240	-1	###LINE###
5	6	94	0	0	0	423.00	439.52	16.23	10.86	100	235
3	6	95	0	0	0	521.999931	439.524383	10.821949	10.857240	-1	###FLOW###
4	6	95	0	0	0	521.999931	439.524383	10.821949	10.857240	-1	###LINE###
5	6	95	0	0	0	522.00	439.52	10.82	10.86	100	69
3	6	96	0	0	0	615.599910	439.524383	10.821949	10.857240	-1	###FLOW###
4	6	96	0	0	0	615.599910	439.524383	10.821949	10.857240	-1	###LINE###
5	6	96	0	0	0	615.60	439.52	10.82	10.86	100	64
3	6	97	0	0	0	165.599967	454.884372	40.952124	10.857240	-1	###FLOW###
4	6	97	0	0	0	165.599967	454.884372	40.952124	10.857240	-1	###LINE###
5	6	97	0	0	0	165.60	454.88	40.95	10.86	100	Campbell
3	6	98	0	0	0	321.239938	454.884372	24.339653	10.857240	-1	###FLOW###
4	6	98	0	0	0	321.239938	454.884372	24.339653	10.857240	-1	###LINE###
5	6	98	0	0	0	321.24	454.88	24.34	10.86	100	1,998
3	6	99	0	0	0	422.999924	454.884372	16.232924	10.857240	-1	###FLOW###
4	6	99	0	0	0	422.999924	454.884372	16.232924	10.857240	-1	###LINE###
5	6	99	0	0	0	423.00	454.88	16.23	10.86	100	397
3	6	100	0	0	0	516.599903	454.884372	16.232924	10.857240	-1	###FLOW###
4	6	100	0	0	0	516.599903	454.884372	16.232924	10.857240	-1	###LINE###
5	6	100	0	0	0	516.60	454.88	16.23	10.86	100	168
3	6	101	0	0	0	615.599910	454.884372	10.821949	10.857240	-1	###FLOW###
4	6	101	0	0	0	615.599910	454.884372	10.821949	10.857240	-1	###LINE###
5	6	101	0	0	0	615.60	454.88	10.82	10.86	100	95
3	6	102	0	0	0	165.599967	470.364389	32.436651	10.857240	-1	###FLOW###
4	6	102	0	0	0	165.599967	470.364389	32.436651	10.857240	-1	###LINE###
5	6	102	0	0	0	165.60	470.36	32.44	10.86	100	Carlisle
3	6	103	0	0	0	334.799943	470.364389	10.821949	10.857240	-1	###FLOW###
4	6	103	0	0	0	334.799943	470.364389	10.821949	10.857240	-1	###LINE###
5	6	103	0	0	0	334.80	470.36	10.82	10.86	100	96
3	6	104	0	0	0	428.399953	470.364389	10.821949	10.857240	-1	###FLOW###
4	6	104	0	0	0	428.399953	470.364389	10.821949	10.857240	-1	###LINE###
5	6	104	0	0	0	428.40	470.36	10.82	10.86	100	86
3	6	105	0	0	0	521.999931	470.364389	10.821949	10.857240	-1	###FLOW###
4	6	105	0	0	0	521.999931	470.364389	10.821949	10.857240	-1	###LINE###
5	6	105	0	0	0	522.00	470.36	10.82	10.86	100	10
3	6	106	0	0	0	615.599910	470.364389	10.821949	10.857240	-1	###FLOW###
4	6	106	0	0	0	615.599910	470.364389	10.821949	10.857240	-1	###LINE###
5	6	106	0	0	0	615.60	470.36	10.82	10.86	100	18
3	6	107	0	0	0	165.599967	485.724379	28.553596	10.857240	-1	###FLOW###
4	6	107	0	0	0	165.599967	485.724379	28.553596	10.857240	-1	###LINE###
5	6	107	0	0	0	165.60	485.72	28.55	10.86	100	Carroll
3	6	108	0	0	0	329.399946	485.724379	16.232924	10.857240	-1	###FLOW###
4	6	108	0	0	0	329.399946	485.724379	16.232924	10.857240	-1	###LINE###
5	6	108	0	0	0	329.40	485.72	16.23	10.86	100	238
3	6	109	0	0	0	422.999924	485.724379	16.232924	10.857240	-1	###FLOW###
4	6	109	0	0	0	422.999924	485.724379	16.232924	10.857240	-1	###LINE###
5	6	109	0	0	0	423.00	485.72	16.23	10.86	100	149
3	6	110	0	0	0	521.999931	485.724379	10.821949	10.857240	-1	###FLOW###
4	6	110	0	0	0	521.999931	485.724379	10.821949	10.857240	-1	###LINE###
5	6	110	0	0	0	522.00	485.72	10.82	10.86	100	48
3	6	111	0	0	0	615.599910	485.724379	10.821949	10.857240	-1	###FLOW###
4	6	111	0	0	0	615.599910	485.724379	10.821949	10.857240	-1	###LINE###
5	6	111	0	0	0	615.60	485.72	10.82	10.86	100	41
3	6	112	0	0	0	165.599967	501.204396	27.025677	10.857240	-1	###FLOW###
4	6	112	0	0	0	165.599967	501.204396	27.025677	10.857240	-1	###LINE###
5	6	112	0	0	0	165.60	501.20	27.03	10.86	100	Carter
3	6	113	0	0	0	329.399946	501.204396	16.232924	10.857240	-1	###FLOW###
4	6	113	0	0	0	329.399946	501.204396	16.232924	10.857240	-1	###LINE###
5	6	113	0	0	0	329.40	501.20	16.23	10.86	100	405
3	6	114	0	0	0	422.999924	501.204396	16.232924	10.857240	-1	###FLOW###
4	6	114	0	0	0	422.999924	501.204396	16.232924	10.857240	-1	###LINE###
5	6	114	0	0	0	423.00	501.20	16.23	10.86	100	219
3	6	115	0	0	0	521.999931	501.204396	10.821949	10.857240	-1	###FLOW###
4	6	115	0	0	0	521.999931	501.204396	10.821949	10.857240	-1	###LINE###
5	6	115	0	0	0	522.00	501.20	10.82	10.86	100	79
3	6	116	0	0	0	615.599910	501.204396	10.821949	10.857240	-1	###FLOW###
4	6	116	0	0	0	615.599910	501.204396	10.821949	10.857240	-1	###LINE###
5	6	116	0	0	0	615.60	501.20	10.82	10.86	100	73
3	6	117	0	0	0	165.599967	516.564386	27.580399	10.857240	-1	###FLOW###
4	6	117	0	0	0	165.599967	516.564386	27.580399	10.857240	-1	###LINE###
5	6	117	0	0	0	165.60	516.56	27.58	10.86	100	Casey
3	6	118	0	0	0	334.799943	516.564386	10.821949	10.857240	-1	###FLOW###
4	6	118	0	0	0	334.799943	516.564386	10.821949	10.857240	-1	###LINE###
5	6	118	0	0	0	334.80	516.56	10.82	10.86	100	86
3	6	119	0	0	0	428.399953	516.564386	10.821949	10.857240	-1	###FLOW###
4	6	119	0	0	0	428.399953	516.564386	10.821949	10.857240	-1	###LINE###
5	6	119	0	0	0	428.40	516.56	10.82	10.86	100	17
3	6	120	0	0	0	521.999931	516.564386	10.821949	10.857240	-1	###FLOW###
4	6	120	0	0	0	521.999931	516.564386	10.821949	10.857240	-1	###LINE###
5	6	120	0	0	0	522.00	516.56	10.82	10.86	100	12
3	6	121	0	0	0	615.599910	516.564386	10.821949	10.857240	-1	###FLOW###
4	6	121	0	0	0	615.599910	516.564386	10.821949	10.857240	-1	###LINE###
5	6	121	0	0	0	615.60	516.56	10.82	10.86	100	11
3	6	122	0	0	0	165.599967	532.044402	38.382884	10.857240	-1	###FLOW###
4	6	122	0	0	0	165.599967	532.044402	38.382884	10.857240	-1	###LINE###
5	6	122	0	0	0	165.60	532.04	38.38	10.86	100	Christian
3	6	123	0	0	0	329.399946	532.044402	16.232924	10.857240	-1	###FLOW###
4	6	123	0	0	0	329.399946	532.044402	16.232924	10.857240	-1	###LINE###
5	6	123	0	0	0	329.40	532.04	16.23	10.86	100	985
3	6	124	0	0	0	422.999924	532.044402	16.232924	10.857240	-1	###FLOW###
4	6	124	0	0	0	422.999924	532.044402	16.232924	10.857240	-1	###LINE###
5	6	124	0	0	0	423.00	532.04	16.23	10.86	100	286
3	6	125	0	0	0	516.599903	532.044402	16.232924	10.857240	-1	###FLOW###
4	6	125	0	0	0	516.599903	532.044402	16.232924	10.857240	-1	###LINE###
5	6	125	0	0	0	516.60	532.04	16.23	10.86	100	118
3	6	126	0	0	0	615.599910	532.044402	10.821949	10.857240	-1	###FLOW###
4	6	126	0	0	0	615.599910	532.044402	10.821949	10.857240	-1	###LINE###
5	6	126	0	0	0	615.60	532.04	10.82	10.86	100	94
1	7	0	0	0	0	0.000000	0.000000	792.000000	612.000000	-1	###PAGE###
3	7	0	0	0	0	35.999994	54.115290	161.658823	13.404001	-1	###FLOW###
4	7	0	0	0	0	35.999994	54.115290	161.658823	13.404001	-1	###LINE###
5	7	0	0	0	0	36.00	54.12	89.57	13.40	100	Commonwealth
5	7	0	0	0	1	128.96	54.12	11.33	13.40	100	of
5	7	0	0	0	2	143.60	54.12	54.05	13.40	100	Kentucky
3	7	1	0	0	0	289.919964	54.115290	211.964694	13.404001	-1	###FLOW###
4	7	1	0	0	0	289.919964	54.115290	211.964694	13.404001	-1	###LINE###
5	7	1	0	0	0	289.92	54.12	44.03	13.40	100	Michael
5	7	1	0	0	1	337.40	54.12	12.66	13.40	100	G.
5	7	1	0	0	2	353.48	54.12	43.01	13.40	100	Adams,
5	7	1	0	0	3	399.93	54.12	54.90	13.40	100	Secretary
5	7	1	0	0	4	457.89	54.12	11.33	13.40	100	of
5	7	1	0	0	5	472.52	54.12	29.36	13.40	100	State
3	7	2	0	0	0	584.279905	54.115290	171.619073	13.404001	-1	###FLOW###
4	7	2	0	0	0	584.279905	54.115290	171.619073	13.404001	-1	###LINE###
5	7	2	0	0	0	584.28	54.12	26.72	13.40	100	2024
5	7	2	0	0	1	614.49	54.12	44.86	13.40	100	Primary
5	7	2	0	0	2	662.36	54.12	46.82	13.40	100	Election
5	7	2	0	0	3	712.53	54.12	43.37	13.40	100	Results
3	7	3	0	0	0	297.599945	89.964445	47.939677	22.017214	-1	###FLOW###
4	7	3	0	0	0	301.679949	89.964445	43.852250	10.857240	-1	###LINE###
5	7	3	0	0	0	301.68	89.96	31.38	10.86	100	Joseph
5	7	3	0	0	1	335.81	89.96	9.72	10.86	100	R.
4	7	3	0	1	0	297.599945	101.124419	47.939677	10.857240	-1	###LINE###
5	7	3	0	1	0	297.60	101.12	30.26	10.86	100	BIDEN
5	7	3	0	1	1	330.41	101.12	15.13	10.86	100	JR.
3	7	4	0	0	0	357.599936	101.124419	81.651216	10.857240	-1	###FLOW###
4	7	4	0	0	0	357.599936	101.124419	81.651216	10.857240	-1	###LINE###
5	7	4	0	0	0	357.60	101.12	81.65	10.86	100	"UNCOMMITTED"
3	7	5	0	0	0	470.639943	89.964445	62.294331	22.017214	-1	###FLOW###
4	7	5	0	0	0	492.359924	89.964445	40.465525	10.857240	-1	###LINE###
5	7	5	0	0	0	492.36	89.96	40.47	10.86	100	Marianne
4	7	5	0	1	0	470.639943	101.124419	62.294331	10.857240	-1	###LINE###
5	7	5	0	1	0	470.64	101.12	62.29	10.86	100	WILLIAMSON
3	7	6	0	0	0	582.719898	89.964445	43.682094	22.017214	-1	###FLOW###
4	7	6	0	0	0	603.239908	89.964445	23.162085	10.857240	-1	###LINE###
5	7	6	0	0	0	603.24	89.96	23.16	10.86	100	Dean
4	7	6	0	1	0	582.719898	101.124419	43.618683	10.857240	-1	###LINE###
5	7	6	0	1	0	582.72	101.12	43.62	10.86	100	PHILLIPS
3	7	7	0	0	0	165.599967	116.964393	22.704683	10.857240	-1	###FLOW###
4	7	7	0	0	0	165.599967	116.964393	22.704683	10.857240	-1	###LINE###
5	7	7	0	0	0	165.60	116.96	22.70	10.86	100	Clark
3	7	8	0	0	0	329.399946	116.964393	16.232924	10.857240	-1	###FLOW###
4	7	8	0	0	0	329.399946	116.964393	16.232924	10.857240	-1	###LINE###
5	7	8	0	0	0	329.40	116.96	16.23	10.86	100	865
3	7	9	0	0	0	422.999924	116.964393	16.232924	10.857240	-1	###FLOW###
4	7	9	0	0	0	422.999924	116.964393	16.232924	10.857240	-1	###LINE###
5	7	9	0	0	0	423.00	116.96	16.23	10.86	100	241
3	7	10	0	0	0	521.999931	116.964393	10.821949	10.857240	-1	###FLOW###
4	7	10	0	0	0	521.999931	116.964393	10.821949	10.857240	-1	###LINE###
5	7	10	0	0	0	522.00	116.96	10.82	10.86	100	88
3	7	11	0	0	0	615.599910	116.964393	10.821949	10.857240	-1	###FLOW###
4	7	11	0	0	0	615.599910	116.964393	10.821949	10.857240	-1	###LINE###
5	7	11	0	0	0	615.60	116.96	10.82	10.86	100	57
3	7	12	0	0	0	165.599967	132.324413	19.463937	10.857240	-1	###FLOW###
4	7	12	0	0	0	165.599967	132.324413	19.463937	10.857240	-1	###LINE###
5	7	12	0	0	0	165.60	132.32	19.46	10.86	100	Clay
3	7	13	0	0	0	334.799943	132.324413	10.821949	10.857240	-1	###FLOW###
4	7	13	0	0	0	334.799943	132.324413	10.821949	10.857240	-1	###LINE###
5	7	13	0	0	0	334.80	132.32	10.82	10.86	100	68
3	7	14	0	0	0	428.399953	132.324413	10.821949	10.857240	-1	###FLOW###
4	7	14	0	0	0	428.399953	132.324413	10.821949	10.857240	-1	###LINE###
5	7	14	0	0	0	428.40	132.32	10.82	10.86	100	45
3	7	15	0	0	0	527.399898	132.324413	5.410975	10.857240	-1	###FLOW###
4	7	15	0	0	0	527.399898	132.324413	5.410975	10.857240	-1	###LINE###
5	7	15	0	0	0	527.40	132.32	5.41	10.86	100	6
3	7	16	0	0	0	615.599910	132.324413	10.821949	10.857240	-1	###FLOW###
4	7	16	0	0	0	615.599910	132.324413	10.821949	10.857240	-1	###LINE###
5	7	16	0	0	0	615.60	132.32	10.82	10.86	100	12
3	7	17	0	0	0	165.599967	147.804399	30.276154	10.857240	-1	###FLOW###
4	7	17	0	0	0	165.599967	147.804399	30.276154	10.857240	-1	###LINE###
5	7	17	0	0	0	165.60	147.80	30.28	10.86	100	Clinton
3	7	18	0	0	0	334.799943	147.804399	10.821949	10.857240	-1	###FLOW###
4	7	18	0	0	0	334.799943	147.804399	10.821949	10.857240	-1	###LINE###
5	7	18	0	0	0	334.80	147.80	10.82	10.86	100	50
3	7	19	0	0	0	433.799949	147.804399	5.410975	10.857240	-1	###FLOW###
4	7	19	0	0	0	433.799949	147.804399	5.410975	10.857240	-1	###LINE###
5	7	19	0	0	0	433.80	147.80	5.41	10.86	100	6
3	7	20	0	0	0	521.999931	147.804399	10.821949	10.857240	-1	###FLOW###
4	7	20	0	0	0	521.999931	147.804399	10.821949	10.857240	-1	###LINE###
5	7	20	0	0	0	522.00	147.80	10.82	10.86	100	10
3	7	21	0	0	0	620.999877	147.804399	5.410975	10.857240	-1	###FLOW###
4	7	21	0	0	0	620.999877	147.804399	5.410975	10.857240	-1	###LINE###
5	7	21	0	0	0	621.00	147.80	5.41	10.86	100	7
3	7	22	0	0	0	165.599967	163.164390	44.874107	10.857240	-1	###FLOW###
4	7	22	0	0	0	165.599967	163.164390	44.874107	10.857240	-1	###LINE###
5	7	22	0	0	0	165.60	163.16	44.87	10.86	100	Crittenden
3	7	23	0	0	0	329.399946	163.164390	16.232924	10.857240	-1	###FLOW###
4	7	23	0	0	0	329.399946	163.164390	16.232924	10.857240	-1	###LINE###
5	7	23	0	0	0	329.40	163.16	16.23	10.86	100	109
3	7	24	0	0	0	428.399953	163.164390	10.821949	10.857240	-1	###FLOW###
4	7	24	0	0	0	428.399953	163.164390	10.821949	10.857240	-1	###LINE###
5	7	24	0	0	0	428.40	163.16	10.82	10.86	100	46
3	7	25	0	0	0	521.999931	163.164390	10.821949	10.857240	-1	###FLOW###
4	7	25	0	0	0	521.999931	163.164390	10.821949	10.857240	-1	###LINE###
5	7	25	0	0	0	522.00	163.16	10.82	10.86	100	13
3	7	26	0	0	0	615.599910	163.164390	10.821949	10.857240	-1	###FLOW###
4	7	26	0	0	0	615.599910	163.164390	10.821949	10.857240	-1	###LINE###
5	7	26	0	0	0	615.60	163.16	10.82	10.86	100	15
3	7	27	0	0	0	165.599967	178.644407	52.854321	10.857240	-1	###FLOW###
4	7	27	0	0	0	165.599967	178.644407	52.854321	10.857240	-1	###LINE###
5	7	27	0	0	0	165.60	178.64	52.85	10.86	100	Cumberland
3	7	28	0	0	0	334.799943	178.644407	10.821949	10.857240	-1	###FLOW###
4	7	28	0	0	0	334.799943	178.644407	10.821949	10.857240	-1	###LINE###
5	7	28	0	0	0	334.80	178.64	10.82	10.86	100	35
3	7	29	0	0	0	433.799949	178.644407	5.410975	10.857240	-1	###FLOW###
4	7	29	0	0	0	433.799949	178.644407	5.410975	10.857240	-1	###LINE###
5	7	29	0	0	0	433.80	178.64	5.41	10.86	100	9
3	7	30	0	0	0	527.399898	178.644407	5.410975	10.857240	-1	###FLOW###
4	7	30	0	0	0	527.399898	178.644407	5.410975	10.857240	-1	###LINE###
5	7	30	0	0	0	527.40	178.64	5.41	10.86	100	3
3	7	31	0	0	0	620.999877	178.644407	5.410975	10.857240	-1	###FLOW###
4	7	31	0	0	0	620.999877	178.644407	5.410975	10.857240	-1	###LINE###
5	7	31	0	0	0	621.00	178.64	5.41	10.86	100	2
3	7	32	0	0	0	165.599967	194.004396	34.606880	10.857240	-1	###FLOW###
4	7	32	0	0	0	165.599967	194.004396	34.606880	10.857240	-1	###LINE###
5	7	32	0	0	0	165.60	194.00	34.61	10.86	100	Daviess
3	7	33	0	0	0	321.239938	194.004396	24.339653	10.857240	-1	###FLOW###
4	7	33	0	0	0	321.239938	194.004396	24.339653	10.857240	-1	###LINE###
5	7	33	0	0	0	321.24	194.00	24.34	10.86	100	3,194
3	7	34	0	0	0	422.999924	194.004396	16.232924	10.857240	-1	###FLOW###
4	7	34	0	0	0	422.999924	194.004396	16.232924	10.857240	-1	###LINE###
5	7	34	0	0	0	423.00	194.00	16.23	10.86	100	788
3	7	35	0	0	0	516.599903	194.004396	16.232924	10.857240	-1	###FLOW###
4	7	35	0	0	0	516.599903	194.004396	16.232924	10.857240	-1	###LINE###
5	7	35	0	0	0	516.60	194.00	16.23	10.86	100	227
3	7	36	0	0	0	610.199881	194.004396	16.232924	10.857240	-1	###FLOW###
4	7	36	0	0	0	610.199881	194.004396	16.232924	10.857240	-1	###LINE###
5	7	36	0	0	0	610.20	194.00	16.23	10.86	100	180
3	7	37	0	0	0	165.599967	209.484413	46.411758	10.857240	-1	###FLOW###
4	7	37	0	0	0	165.599967	209.484413	46.411758	10.857240	-1	###LINE###
5	7	37	0	0	0	165.60	209.48	46.41	10.86	100	Edmonson
3	7	38	0	0	0	329.399946	209.484413	16.232924	10.857240	-1	###FLOW###
4	7	38	0	0	0	329.399946	209.484413	16.232924	10.857240	-1	###LINE###
5	7	38	0	0	0	329.40	209.48	16.23	10.86	100	166
3	7	39	0	0	0	428.399953	209.484413	10.821949	10.857240	-1	###FLOW###
4	7	39	0	0	0	428.399953	209.484413	10.821949	10.857240	-1	###LINE###
5	7	39	0	0	0	428.40	209.48	10.82	10.86	100	53
3	7	40	0	0	0	521.999931	209.484413	10.821949	10.857240	-1	###FLOW###
4	7	40	0	0	0	521.999931	209.484413	10.821949	10.857240	-1	###LINE###
5	7	40	0	0	0	522.00	209.48	10.82	10.86	100	12
3	7	41	0	0	0	615.599910	209.484413	10.821949	10.857240	-1	###FLOW###
4	7	41	0	0	0	615.599910	209.484413	10.821949	10.857240	-1	###LINE###
5	7	41	0	0	0	615.60	209.48	10.82	10.86	100	16
3	7	42	0	0	0	165.599967	224.844403	23.765467	10.857240	-1	###FLOW###
4	7	42	0	0	0	165.599967	224.844403	23.765467	10.857240	-1	###LINE###
5	7	42	0	0	0	165.60	224.84	23.77	10.86	100	Elliott
3	7	43	0	0	0	334.799943	224.844403	10.821949	10.857240	-1	###FLOW###
4	7	43	0	0	0	334.799943	224.844403	10.821949	10.857240	-1	###LINE###
5	7	43	0	0	0	334.80	224.84	10.82	10.86	100	98
3	7	44	0	0	0	428.399953	224.844403	10.821949	10.857240	-1	###FLOW###
4	7	44	0	0	0	428.399953	224.844403	10.821949	10.857240	-1	###LINE###
5	7	44	0	0	0	428.40	224.84	10.82	10.86	100	88
3	7	45	0	0	0	521.999931	224.844403	10.821949	10.857240	-1	###FLOW###
4	7	45	0	0	0	521.999931	224.844403	10.821949	10.857240	-1	###LINE###
5	7	45	0	0	0	522.00	224.84	10.82	10.86	100	13
3	7	46	0	0	0	615.599910	224.844403	10.821949	10.857240	-1	###FLOW###
4	7	46	0	0	0	615.599910	224.844403	10.821949	10.857240	-1	###LINE###
5	7	46	0	0	0	615.60	224.84	10.82	10.86	100	25
3	7	47	0	0	0	165.599967	240.324420	20.631773	10.857240	-1	###FLOW###
4	7	47	0	0	0	165.599967	240.324420	20.631773	10.857240	-1	###LINE###
5	7	47	0	0	0	165.60	240.32	20.63	10.86	100	Estill
3	7	48	0	0	0	329.399946	240.324420	16.232924	10.857240	-1	###FLOW###
4	7	48	0	0	0	329.399946	240.324420	16.232924	10.857240	-1	###LINE###
5	7	48	0	0	0	329.40	240.32	16.23	10.86	100	162
3	7	49	0	0	0	428.399953	240.324420	10.821949	10.857240	-1	###FLOW###
4	7	49	0	0	0	428.399953	240.324420	10.821949	10.857240	-1	###LINE###
5	7	49	0	0	0	428.40	240.32	10.82	10.86	100	75
3	7	50	0	0	0	521.999931	240.324420	10.821949	10.857240	-1	###FLOW###
4	7	50	0	0	0	521.999931	240.324420	10.821949	10.857240	-1	###LINE###
5	7	50	0	0	0	522.00	240.32	10.82	10.86	100	15
3	7	51	0	0	0	615.599910	240.324420	10.821949	10.857240	-1	###FLOW###
4	7	51	0	0	0	615.599910	240.324420	10.821949	10.857240	-1	###LINE###
5	7	51	0	0	0	615.60	240.32	10.82	10.86	100	32
3	7	52	0	0	0	165.599967	255.684379	32.290672	10.857240	-1	###FLOW###
4	7	52	0	0	0	165.599967	255.684379	32.290672	10.857240	-1	###LINE###
5	7	52	0	0	0	165.60	255.68	32.29	10.86	100	Fayette
3	7	53	0	0	0	315.839940	255.684379	29.750628	10.857240	-1	###FLOW###
4	7	53	0	0	0	315.839940	255.684379	29.750628	10.857240	-1	###LINE###
5	7	53	0	0	0	315.84	255.68	29.75	10.86	100	17,164
3	7	54	0	0	0	414.839947	255.684379	24.339653	10.857240	-1	###FLOW###
4	7	54	0	0	0	414.839947	255.684379	24.339653	10.857240	-1	###LINE###
5	7	54	0	0	0	414.84	255.68	24.34	10.86	100	2,369
3	7	55	0	0	0	516.599903	255.684379	16.232924	10.857240	-1	###FLOW###
4	7	55	0	0	0	516.599903	255.684379	16.232924	10.857240	-1	###LINE###
5	7	55	0	0	0	516.60	255.68	16.23	10.86	100	973
3	7	56	0	0	0	610.199881	255.684379	16.232924	10.857240	-1	###FLOW###
4	7	56	0	0	0	610.199881	255.684379	16.232924	10.857240	-1	###LINE###
5	7	56	0	0	0	610.20	255.68	16.23	10.86	100	403
3	7	57	0	0	0	165.599967	271.164396	34.460901	10.857240	-1	###FLOW###
4	7	57	0	0	0	165.599967	271.164396	34.460901	10.857240	-1	###LINE###
5	7	57	0	0	0	165.60	271.16	34.46	10.86	100	Fleming
3	7	58	0	0	0	329.399946	271.164396	16.232924	10.857240	-1	###FLOW###
4	7	58	0	0	0	329.399946	271.164396	16.232924	10.857240	-1	###LINE###
5	7	58	0	0	0	329.40	271.16	16.23	10.86	100	280
3	7	59	0	0	0	422.999924	271.164396	16.232924	10.857240	-1	###FLOW###
4	7	59	0	0	0	422.999924	271.164396	16.232924	10.857240	-1	###LINE###
5	7	59	0	0	0	423.00	271.16	16.23	10.86	100	124
3	7	60	0	0	0	521.999931	271.164396	10.821949	10.857240	-1	###FLOW###
4	7	60	0	0	0	521.999931	271.164396	10.821949	10.857240	-1	###LINE###
5	7	60	0	0	0	522.00	271.16	10.82	10.86	100	40
3	7	61	0	0	0	615.599910	271.164396	10.821949	10.857240	-1	###FLOW###
4	7	61	0	0	0	615.599910	271.164396	10.821949	10.857240	-1	###LINE###
5	7	61	0	0	0	615.60	271.16	10.82	10.86	100	56
3	7	62	0	0	0	165.599967	286.524386	23.522168	10.857240	-1	###FLOW###
4	7	62	0	0	0	165.599967	286.524386	23.522168	10.857240	-1	###LINE###
5	7	62	0	0	0	165.60	286.52	23.52	10.86	100	Floyd
3	7	63	0	0	0	329.399946	286.524386	16.232924	10.857240	-1	###FLOW###
4	7	63	0	0	0	329.399946	286.524386	16.232924	10.857240	-1	###LINE###
5	7	63	0	0	0	329.40	286.52	16.23	10.86	100	692
3	7	64	0	0	0	422.999924	286.524386	16.232924	10.857240	-1	###FLOW###
4	7	64	0	0	0	422.999924	286.524386	16.232924	10.857240	-1	###LINE###
5	7	64	0	0	0	423.00	286.52	16.23	10.86	100	708
3	7	65	0	0	0	516.599903	286.524386	16.232924	10.857240	-1	###FLOW###
4	7	65	0	0	0	516.599903	286.524386	16.232924	10.857240	-1	###LINE###
5	7	65	0	0	0	516.60	286.52	16.23	10.86	100	139
3	7	66	0	0	0	610.199881	286.524386	16.232924	10.857240	-1	###FLOW###
4	7	66	0	0	0	610.199881	286.524386	16.232924	10.857240	-1	###LINE###
5	7	66	0	0	0	610.20	286.52	16.23	10.86	100	252
3	7	67	0	0	0	165.599967	302.004403	34.597148	10.857240	-1	###FLOW###
4	7	67	0	0	0	165.599967	302.004403	34.597148	10.857240	-1	###LINE###
5	7	67	0	0	0	165.60	302.00	34.60	10.86	100	Franklin
3	7	68	0	0	0	321.239938	302.004403	24.339653	10.857240	-1	###FLOW###
4	7	68	0	0	0	321.239938	302.004403	24.339653	10.857240	-1	###LINE###
5	7	68	0	0	0	321.24	302.00	24.34	10.86	100	5,344
3	7	69	0	0	0	414.839947	302.004403	24.339653	10.857240	-1	###FLOW###
4	7	69	0	0	0	414.839947	302.004403	24.339653	10.857240	-1	###LINE###
5	7	69	0	0	0	414.84	302.00	24.34	10.86	100	1,844
3	7	70	0	0	0	516.599903	302.004403	16.232924	10.857240	-1	###FLOW###
4	7	70	0	0	0	516.599903	302.004403	16.232924	10.857240	-1	###LINE###
5	7	70	0	0	0	516.60	302.00	16.23	10.86	100	516
3	7	71	0	0	0	610.199881	302.004403	16.232924	10.857240	-1	###FLOW###
4	7	71	0	0	0	610.199881	302.004403	16.232924	10.857240	-1	###LINE###
5	7	71	0	0	0	610.20	302.00	16.23	10.86	100	405
3	7	72	0	0	0	165.599967	317.364392	27.025677	10.857240	-1	###FLOW###
4	7	72	0	0	0	165.599967	317.364392	27.025677	10.857240	-1	###LINE###
5	7	72	0	0	0	165.60	317.36	27.03	10.86	100	Fulton
3	7	73	0	0	0	329.399946	317.364392	16.232924	10.857240	-1	###FLOW###
4	7	73	0	0	0	329.399946	317.364392	16.232924	10.857240	-1	###LINE###
5	7	73	0	0	0	329.40	317.36	16.23	10.86	100	116
3	7	74	0	0	0	428.399953	317.364392	10.821949	10.857240	-1	###FLOW###
4	7	74	0	0	0	428.399953	317.364392	10.821949	10.857240	-1	###LINE###
5	7	74	0	0	0	428.40	317.36	10.82	10.86	100	95
3	7	75	0	0	0	521.999931	317.364392	10.821949	10.857240	-1	###FLOW###
4	7	75	0	0	0	521.999931	317.364392	10.821949	10.857240	-1	###LINE###
5	7	75	0	0	0	522.00	317.36	10.82	10.86	100	24
3	7	76	0	0	0	615.599910	317.364392	10.821949	10.857240	-1	###FLOW###
4	7	76	0	0	0	615.599910	317.364392	10.821949	10.857240	-1	###LINE###
5	7	76	0	0	0	615.60	317.36	10.82	10.86	100	15
3	7	77	0	0	0	165.599967	332.844379	32.971909	10.857240	-1	###FLOW###
4	7	77	0	0	0	165.599967	332.844379	32.971909	10.857240	-1	###LINE###
5	7	77	0	0	0	165.60	332.84	32.97	10.86	100	Gallatin
3	7	78	0	0	0	329.399946	332.844379	16.232924	10.857240	-1	###FLOW###
4	7	78	0	0	0	329.399946	332.844379	16.232924	10.857240	-1	###LINE###
5	7	78	0	0	0	329.40	332.84	16.23	10.86	100	116
3	7	79	0	0	0	428.399953	332.844379	10.821949	10.857240	-1	###FLOW###
4	7	79	0	0	0	428.399953	332.844379	10.821949	10.857240	-1	###LINE###
5	7	79	0	0	0	428.40	332.84	10.82	10.86	100	67
3	7	80	0	0	0	521.999931	332.844379	10.821949	10.857240	-1	###FLOW###
4	7	80	0	0	0	521.999931	332.844379	10.821949	10.857240	-1	###LINE###
5	7	80	0	0	0	522.00	332.84	10.82	10.86	100	29
3	7	81	0	0	0	615.599910	332.844379	10.821949	10.857240	-1	###FLOW###
4	7	81	0	0	0	615.599910	332.844379	10.821949	10.857240	-1	###LINE###
5	7	81	0	0	0	615.60	332.84	10.82	10.86	100	13
3	7	82	0	0	0	165.599967	348.204384	33.516900	10.857240	-1	###FLOW###
4	7	82	0	0	0	165.599967	348.204384	33.516900	10.857240	-1	###LINE###
5	7	82	0	0	0	165.60	348.20	33.52	10.86	100	Garrard
3	7	83	0	0	0	329.399946	348.204384	16.232924	10.857240	-1	###FLOW###
4	7	83	0	0	0	329.399946	348.204384	16.232924	10.857240	-1	###LINE###
5	7	83	0	0	0	329.40	348.20	16.23	10.86	100	218
3	7	84	0	0	0	428.399953	348.204384	10.821949	10.857240	-1	###FLOW###
4	7	84	0	0	0	428.399953	348.204384	10.821949	10.857240	-1	###LINE###
5	7	84	0	0	0	428.40	348.20	10.82	10.86	100	48
3	7	85	0	0	0	521.999931	348.204384	10.821949	10.857240	-1	###FLOW###
4	7	85	0	0	0	521.999931	348.204384	10.821949	10.857240	-1	###LINE###
5	7	85	0	0	0	522.00	348.20	10.82	10.86	100	24
3	7	86	0	0	0	620.999877	348.204384	5.410975	10.857240	-1	###FLOW###
4	7	86	0	0	0	620.999877	348.204384	5.410975	10.857240	-1	###LINE###
5	7	86	0	0	0	621.00	348.20	5.41	10.86	100	7
3	7	87	0	0	0	165.599967	363.684371	24.320189	10.857240	-1	###FLOW###
4	7	87	0	0	0	165.599967	363.684371	24.320189	10.857240	-1	###LINE###
5	7	87	0	0	0	165.60	363.68	24.32	10.86	100	Grant
3	7	88	0	0	0	329.399946	363.684371	16.232924	10.857240	-1	###FLOW###
4	7	88	0	0	0	329.399946	363.684371	16.232924	10.857240	-1	###LINE###
5	7	88	0	0	0	329.40	363.68	16.23	10.86	100	273
3	7	89	0	0	0	422.999924	363.684371	16.232924	10.857240	-1	###FLOW###
4	7	89	0	0	0	422.999924	363.684371	16.232924	10.857240	-1	###LINE###
5	7	89	0	0	0	423.00	363.68	16.23	10.86	100	121
3	7	90	0	0	0	521.999931	363.684371	10.821949	10.857240	-1	###FLOW###
4	7	90	0	0	0	521.999931	363.684371	10.821949	10.857240	-1	###LINE###
5	7	90	0	0	0	522.00	363.68	10.82	10.86	100	36
3	7	91	0	0	0	615.599910	363.684371	10.821949	10.857240	-1	###FLOW###
4	7	91	0	0	0	615.599910	363.684371	10.821949	10.857240	-1	###LINE###
5	7	91	0	0	0	615.60	363.68	10.82	10.86	100	31
3	7	92	0	0	0	165.599967	379.044391	31.356403	10.857240	-1	###FLOW###
4	7	92	0	0	0	165.599967	379.044391	31.356403	10.857240	-1	###LINE###
5	7	92	0	0	0	165.60	379.04	31.36	10.86	100	Graves
3	7	93	0	0	0	329.399946	379.044391	16.232924	10.857240	-1	###FLOW###
4	7	93	0	0	0	329.399946	379.044391	16.232924	10.857240	-1	###LINE###
5	7	93	0	0	0	329.40	379.04	16.23	10.86	100	514
3	7	94	0	0	0	422.999924	379.044391	16.232924	10.857240	-1	###FLOW###
4	7	94	0	0	0	422.999924	379.044391	16.232924	10.857240	-1	###LINE###
5	7	94	0	0	0	423.00	379.04	16.23	10.86	100	463
3	7	95	0	0	0	521.999931	379.044391	10.821949	10.857240	-1	###FLOW###
4	7	95	0	0	0	521.999931	379.044391	10.821949	10.857240	-1	###LINE###
5	7	95	0	0	0	522.00	379.04	10.82	10.86	100	90
3	7	96	0	0	0	610.199881	379.044391	16.232924	10.857240	-1	###FLOW###
4	7	96	0	0	0	610.199881	379.044391	16.232924	10.857240	-1	###LINE###
5	7	96	0	0	0	610.20	379.04	16.23	10.86	100	120
3	7	97	0	0	0	165.599967	394.524377	36.563006	10.857240	-1	###FLOW###
4	7	97	0	0	0	165.599967	394.524377	36.563006	10.857240	-1	###LINE###
5	7	97	0	0	0	165.60	394.52	36.56	10.86	100	Grayson
3	7	98	0	0	0	329.399946	394.524377	16.232924	10.857240	-1	###FLOW###
4	7	98	0	0	0	329.399946	394.524377	16.232924	10.857240	-1	###LINE###
5	7	98	0	0	0	329.40	394.52	16.23	10.86	100	290
3	7	99	0	0	0	428.399953	394.524377	10.821949	10.857240	-1	###FLOW###
4	7	99	0	0	0	428.399953	394.524377	10.821949	10.857240	-1	###LINE###
5	7	99	0	0	0	428.40	394.52	10.82	10.86	100	63
3	7	100	0	0	0	521.999931	394.524377	10.821949	10.857240	-1	###FLOW###
4	7	100	0	0	0	521.999931	394.524377	10.821949	10.857240	-1	###LINE###
5	7	100	0	0	0	522.00	394.52	10.82	10.86	100	36
3	7	101	0	0	0	615.599910	394.524377	10.821949	10.857240	-1	###FLOW###
4	7	101	0	0	0	615.599910	394.524377	10.821949	10.857240	-1	###LINE###
5	7	101	0	0	0	615.60	394.52	10.82	10.86	100	20
3	7	102	0	0	0	165.599967	409.884367	27.035409	10.857240	-1	###FLOW###
4	7	102	0	0	0	165.599967	409.884367	27.035409	10.857240	-1	###LINE###
5	7	102	0	0	0	165.60	409.88	27.04	10.86	100	Green
3	7	103	0	0	0	329.399946	409.884367	16.232924	10.857240	-1	###FLOW###
4	7	103	0	0	0	329.399946	409.884367	16.232924	10.857240	-1	###LINE###
5	7	103	0	0	0	329.40	409.88	16.23	10.86	100	106
3	7	104	0	0	0	428.399953	409.884367	10.821949	10.857240	-1	###FLOW###
4	7	104	0	0	0	428.399953	409.884367	10.821949	10.857240	-1	###LINE###
5	7	104	0	0	0	428.40	409.88	10.82	10.86	100	26
3	7	105	0	0	0	521.999931	409.884367	10.821949	10.857240	-1	###FLOW###
4	7	105	0	0	0	521.999931	409.884367	10.821949	10.857240	-1	###LINE###
5	7	105	0	0	0	522.00	409.88	10.82	10.86	100	12
3	7	106	0	0	0	615.599910	409.884367	10.821949	10.857240	-1	###FLOW###
4	7	106	0	0	0	615.599910	409.884367	10.821949	10.857240	-1	###LINE###
5	7	106	0	0	0	615.60	409.88	10.82	10.86	100	11
3	7	107	0	0	0	165.599967	425.364384	37.857358	10.857240	-1	###FLOW###
4	7	107	0	0	0	165.599967	425.364384	37.857358	10.857240	-1	###LINE###
5	7	107	0	0	0	165.60	425.36	37.86	10.86	100	Greenup
3	7	108	0	0	0	329.399946	425.364384	16.232924	10.857240	-1	###FLOW###
4	7	108	0	0	0	329.399946	425.364384	16.232924	10.857240	-1	###LINE###
5	7	108	0	0	0	329.40	425.36	16.23	10.86	100	969
3	7	109	0	0	0	422.999924	425.364384	16.232924	10.857240	-1	###FLOW###
4	7	109	0	0	0	422.999924	425.364384	16.232924	10.857240	-1	###LINE###
5	7	109	0	0	0	423.00	425.36	16.23	10.86	100	393
3	7	110	0	0	0	521.999931	425.364384	10.821949	10.857240	-1	###FLOW###
4	7	110	0	0	0	521.999931	425.364384	10.821949	10.857240	-1	###LINE###
5	7	110	0	0	0	522.00	425.36	10.82	10.86	100	89
3	7	111	0	0	0	615.599910	425.364384	10.821949	10.857240	-1	###FLOW###
4	7	111	0	0	0	615.599910	425.364384	10.821949	10.857240	-1	###LINE###
5	7	111	0	0	0	615.60	425.36	10.82	10.86	100	94
3	7	112	0	0	0	165.599967	440.724374	37.857358	10.857240	-1	###FLOW###
4	7	112	0	0	0	165.599967	440.724374	37.857358	10.857240	-1	###LINE###
5	7	112	0	0	0	165.60	440.72	37.86	10.86	100	Hancock
3	7	113	0	0	0	329.399946	440.724374	16.232924	10.857240	-1	###FLOW###
4	7	113	0	0	0	329.399946	440.724374	16.232924	10.857240	-1	###LINE###
5	7	113	0	0	0	329.40	440.72	16.23	10.86	100	232
3	7	114	0	0	0	428.399953	440.724374	10.821949	10.857240	-1	###FLOW###
4	7	114	0	0	0	428.399953	440.724374	10.821949	10.857240	-1	###LINE###
5	7	114	0	0	0	428.40	440.72	10.82	10.86	100	57
3	7	115	0	0	0	521.999931	440.724374	10.821949	10.857240	-1	###FLOW###
4	7	115	0	0	0	521.999931	440.724374	10.821949	10.857240	-1	###LINE###
5	7	115	0	0	0	522.00	440.72	10.82	10.86	100	27
3	7	116	0	0	0	615.599910	440.724374	10.821949	10.857240	-1	###FLOW###
4	7	116	0	0	0	615.599910	440.724374	10.821949	10.857240	-1	###LINE###
5	7	116	0	0	0	615.60	440.72	10.82	10.86	100	16
3	7	117	0	0	0	165.599967	456.204390	28.563328	10.857240	-1	###FLOW###
4	7	117	0	0	0	165.599967	456.204390	28.563328	10.857240	-1	###LINE###
5	7	117	0	0	0	165.60	456.20	28.56	10.86	100	Hardin
3	7	118	0	0	0	321.239938	456.204390	24.339653	10.857240	-1	###FLOW###
4	7	118	0	0	0	321.239938	456.204390	24.339653	10.857240	-1	###LINE###
5	7	118	0	0	0	321.24	456.20	24.34	10.86	100	2,279
3	7	119	0	0	0	422.999924	456.204390	16.232924	10.857240	-1	###FLOW###
4	7	119	0	0	0	422.999924	456.204390	16.232924	10.857240	-1	###LINE###
5	7	119	0	0	0	423.00	456.20	16.23	10.86	100	457
3	7	120	0	0	0	516.599903	456.204390	16.232924	10.857240	-1	###FLOW###
4	7	120	0	0	0	516.599903	456.204390	16.232924	10.857240	-1	###LINE###
5	7	120	0	0	0	516.60	456.20	16.23	10.86	100	212
3	7	121	0	0	0	610.199881	456.204390	16.232924	10.857240	-1	###FLOW###
4	7	121	0	0	0	610.199881	456.204390	16.232924	10.857240	-1	###LINE###
5	7	121	0	0	0	610.20	456.20	16.23	10.86	100	174
3	7	122	0	0	0	165.599967	471.564381	28.563328	10.857240	-1	###FLOW###
4	7	122	0	0	0	165.599967	471.564381	28.563328	10.857240	-1	###LINE###
5	7	122	0	0	0	165.60	471.56	28.56	10.86	100	Harlan
3	7	123	0	0	0	329.399946	471.564381	16.232924	10.857240	-1	###FLOW###
4	7	123	0	0	0	329.399946	471.564381	16.232924	10.857240	-1	###LINE###
5	7	123	0	0	0	329.40	471.56	16.23	10.86	100	217
3	7	124	0	0	0	422.999924	471.564381	16.232924	10.857240	-1	###FLOW###
4	7	124	0	0	0	422.999924	471.564381	16.232924	10.857240	-1	###LINE###
5	7	124	0	0	0	423.00	471.56	16.23	10.86	100	135
3	7	125	0	0	0	521.999931	471.564381	10.821949	10.857240	-1	###FLOW###
4	7	125	0	0	0	521.999931	471.564381	10.821949	10.857240	-1	###LINE###
5	7	125	0	0	0	522.00	471.56	10.82	10.86	100	27
3	7	126	0	0	0	615.599910	471.564381	10.821949	10.857240	-1	###FLOW###
4	7	126	0	0	0	615.599910	471.564381	10.821949	10.857240	-1	###LINE###
5	7	126	0	0	0	615.60	471.56	10.82	10.86	100	53
3	7	127	0	0	0	165.599967	487.044397	36.767377	10.857240	-1	###FLOW###
4	7	127	0	0	0	165.599967	487.044397	36.767377	10.857240	-1	###LINE###
5	7	127	0	0	0	165.60	487.04	36.77	10.86	100	Harrison
3	7	128	0	0	0	329.399946	487.044397	16.232924	10.857240	-1	###FLOW###
4	7	128	0	0	0	329.399946	487.044397	16.232924	10.857240	-1	###LINE###
5	7	128	0	0	0	329.40	487.04	16.23	10.86	100	466
3	7	129	0	0	0	422.999924	487.044397	16.232924	10.857240	-1	###FLOW###
4	7	129	0	0	0	422.999924	487.044397	16.232924	10.857240	-1	###LINE###
5	7	129	0	0	0	423.00	487.04	16.23	10.86	100	179
3	7	130	0	0	0	521.999931	487.044397	10.821949	10.857240	-1	###FLOW###
4	7	130	0	0	0	521.999931	487.044397	10.821949	10.857240	-1	###LINE###
5	7	130	0	0	0	522.00	487.04	10.82	10.86	100	64
3	7	131	0	0	0	615.599910	487.044397	10.821949	10.857240	-1	###FLOW###
4	7	131	0	0	0	615.599910	487.044397	10.821949	10.857240	-1	###LINE###
5	7	131	0	0	0	615.60	487.04	10.82	10.86	100	70
3	7	132	0	0	0	165.599967	502.404387	18.373957	10.857240	-1	###FLOW###
4	7	132	0	0	0	165.599967	502.404387	18.373957	10.857240	-1	###LINE###
5	7	132	0	0	0	165.60	502.40	18.37	10.86	100	Hart
3	7	133	0	0	0	329.399946	502.404387	16.232924	10.857240	-1	###FLOW###
4	7	133	0	0	0	329.399946	502.404387	16.232924	10.857240	-1	###LINE###
5	7	133	0	0	0	329.40	502.40	16.23	10.86	100	361
3	7	134	0	0	0	422.999924	502.404387	16.232924	10.857240	-1	###FLOW###
4	7	134	0	0	0	422.999924	502.404387	16.232924	10.857240	-1	###LINE###
5	7	134	0	0	0	423.00	502.40	16.23	10.86	100	151
3	7	135	0	0	0	521.999931	502.404387	10.821949	10.857240	-1	###FLOW###
4	7	135	0	0	0	521.999931	502.404387	10.821949	10.857240	-1	###LINE###
5	7	135	0	0	0	522.00	502.40	10.82	10.86	100	62
3	7	136	0	0	0	615.599910	502.404387	10.821949	10.857240	-1	###FLOW###
4	7	136	0	0	0	615.599910	502.404387	10.821949	10.857240	-1	###LINE###
5	7	136	0	0	0	615.60	502.40	10.82	10.86	100	59
3	7	137	0	0	0	321.239938	517.764347	24.339653	10.857240	-1	###FLOW###
4	7	137	0	0	0	321.239938	517.764347	24.339653	10.857240	-1	###LINE###
5	7	137	0	0	0	321.24	517.76	24.34	10.86	100	1,183
3	7	138	0	0	0	422.999924	517.764347	16.232924	10.857240	-1	###FLOW###
4	7	138	0	0	0	422.999924	517.764347	16.232924	10.857240	-1	###LINE###
5	7	138	0	0	0	423.00	517.76	16.23	10.86	100	444
3	7	139	0	0	0	516.599903	517.764347	16.232924	10.857240	-1	###FLOW###
4	7	139	0	0	0	516.599903	517.764347	16.232924	10.857240	-1	###LINE###
5	7	139	0	0	0	516.60	517.76	16.23	10.86	100	104
3	7	140	0	0	0	610.199881	517.764347	16.232924	10.857240	-1	###FLOW###
4	7	140	0	0	0	610.199881	517.764347	16.232924	10.857240	-1	###LINE###
5	7	140	0	0	0	610.20	517.76	16.23	10.86	100	115
3	7	141	0	0	0	329.399946	533.124398	16.232924	10.857240	-1	###FLOW###
4	7	141	0	0	0	329.399946	533.124398	16.232924	10.857240	-1	###LINE###
5	7	141	0	0	0	329.40	533.12	16.23	10.86	100	337
3	7	142	0	0	0	422.999924	533.124398	16.232924	10.857240	-1	###FLOW###
4	7	142	0	0	0	422.999924	533.124398	16.232924	10.857240	-1	###LINE###
5	7	142	0	0	0	423.00	533.12	16.23	10.86	100	225
3	7	143	0	0	0	521.999931	533.124398	10.821949	10.857240	-1	###FLOW###
4	7	143	0	0	0	521.999931	533.124398	10.821949	10.857240	-1	###LINE###
5	7	143	0	0	0	522.00	533.12	10.82	10.86	100	73
3	7	144	0	0	0	615.599910	533.124398	10.821949	10.857240	-1	###FLOW###
4	7	144	0	0	0	615.599910	533.124398	10.821949	10.857240	-1	###LINE###
5	7	144	0	0	0	615.60	533.12	10.82	10.86	100	70
3	7	145	0	0	0	165.599967	517.764347	47.501739	10.857240	-1	###FLOW###
4	7	145	0	0	0	165.599967	517.764347	47.501739	10.857240	-1	###LINE###
5	7	145	0	0	0	165.60	517.76	47.50	10.86	100	Henderson
3	7	145	1	0	0	165.599967	533.124398	25.857840	10.857240	-1	###FLOW###
4	7	145	1	0	0	165.599967	533.124398	25.857840	10.857240	-1	###LINE###
5	7	145	1	0	0	165.60	533.12	25.86	10.86	100	Henry
1	8	0	0	0	0	0.000000	0.000000	792.000000	612.000000	-1	###PAGE###
3	8	0	0	0	0	35.999994	54.115290	161.658823	13.404001	-1	###FLOW###
4	8	0	0	0	0	35.999994	54.115290	161.658823	13.404001	-1	###LINE###
5	8	0	0	0	0	36.00	54.12	89.57	13.40	100	Commonwealth
5	8	0	0	0	1	128.96	54.12	11.33	13.40	100	of
5	8	0	0	0	2	143.60	54.12	54.05	13.40	100	Kentucky
3	8	1	0	0	0	289.919964	54.115290	211.964694	13.404001	-1	###FLOW###
4	8	1	0	0	0	289.919964	54.115290	211.964694	13.404001	-1	###LINE###
5	8	1	0	0	0	289.92	54.12	44.03	13.40	100	Michael
5	8	1	0	0	1	337.40	54.12	12.66	13.40	100	G.
5	8	1	0	0	2	353.48	54.12	43.01	13.40	100	Adams,
5	8	1	0	0	3	399.93	54.12	54.90	13.40	100	Secretary
5	8	1	0	0	4	457.89	54.12	11.33	13.40	100	of
5	8	1	0	0	5	472.52	54.12	29.36	13.40	100	State
3	8	2	0	0	0	584.279905	54.115290	171.619073	13.404001	-1	###FLOW###
4	8	2	0	0	0	584.279905	54.115290	171.619073	13.404001	-1	###LINE###
5	8	2	0	0	0	584.28	54.12	26.72	13.40	100	2024
5	8	2	0	0	1	614.49	54.12	44.86	13.40	100	Primary
5	8	2	0	0	2	662.36	54.12	46.82	13.40	100	Election
5	8	2	0	0	3	712.53	54.12	43.37	13.40	100	Results
3	8	3	0	0	0	297.599945	89.964445	47.939677	22.017214	-1	###FLOW###
4	8	3	0	0	0	301.679949	89.964445	43.852250	10.857240	-1	###LINE###
5	8	3	0	0	0	301.68	89.96	31.38	10.86	100	Joseph
5	8	3	0	0	1	335.81	89.96	9.72	10.86	100	R.
4	8	3	0	1	0	297.599945	101.124419	47.939677	10.857240	-1	###LINE###
5	8	3	0	1	0	297.60	101.12	30.26	10.86	100	BIDEN
5	8	3	0	1	1	330.41	101.12	15.13	10.86	100	JR.
3	8	4	0	0	0	357.599936	101.124419	81.651216	10.857240	-1	###FLOW###
4	8	4	0	0	0	357.599936	101.124419	81.651216	10.857240	-1	###LINE###
5	8	4	0	0	0	357.60	101.12	81.65	10.86	100	"UNCOMMITTED"
3	8	5	0	0	0	470.639943	89.964445	62.294331	22.017214	-1	###FLOW###
4	8	5	0	0	0	492.359924	89.964445	40.465525	10.857240	-1	###LINE###
5	8	5	0	0	0	492.36	89.96	40.47	10.86	100	Marianne
4	8	5	0	1	0	470.639943	101.124419	62.294331	10.857240	-1	###LINE###
5	8	5	0	1	0	470.64	101.12	62.29	10.86	100	WILLIAMSON
3	8	6	0	0	0	582.719898	89.964445	43.682094	22.017214	-1	###FLOW###
4	8	6	0	0	0	603.239908	89.964445	23.162085	10.857240	-1	###LINE###
5	8	6	0	0	0	603.24	89.96	23.16	10.86	100	Dean
4	8	6	0	1	0	582.719898	101.124419	43.618683	10.857240	-1	###LINE###
5	8	6	0	1	0	582.72	101.12	43.62	10.86	100	PHILLIPS
3	8	7	0	0	0	165.599967	116.724401	37.847626	10.857240	-1	###FLOW###
4	8	7	0	0	0	165.599967	116.724401	37.847626	10.857240	-1	###LINE###
5	8	7	0	0	0	165.60	116.72	37.85	10.86	100	Hickman
3	8	8	0	0	0	334.799943	116.724401	10.821949	10.857240	-1	###FLOW###
4	8	8	0	0	0	334.799943	116.724401	10.821949	10.857240	-1	###LINE###
5	8	8	0	0	0	334.80	116.72	10.82	10.86	100	73
3	8	9	0	0	0	428.399953	116.724401	10.821949	10.857240	-1	###FLOW###
4	8	9	0	0	0	428.399953	116.724401	10.821949	10.857240	-1	###LINE###
5	8	9	0	0	0	428.40	116.72	10.82	10.86	100	62
3	8	10	0	0	0	521.999931	116.724401	10.821949	10.857240	-1	###FLOW###
4	8	10	0	0	0	521.999931	116.724401	10.821949	10.857240	-1	###LINE###
5	8	10	0	0	0	522.00	116.72	10.82	10.86	100	11
3	8	11	0	0	0	615.599910	116.724401	10.821949	10.857240	-1	###FLOW###
4	8	11	0	0	0	615.599910	116.724401	10.821949	10.857240	-1	###LINE###
5	8	11	0	0	0	615.60	116.72	10.82	10.86	100	11
3	8	12	0	0	0	165.599967	132.204387	35.054551	10.857240	-1	###FLOW###
4	8	12	0	0	0	165.599967	132.204387	35.054551	10.857240	-1	###LINE###
5	8	12	0	0	0	165.60	132.20	35.05	10.86	100	Hopkins
3	8	13	0	0	0	329.399946	132.204387	16.232924	10.857240	-1	###FLOW###
4	8	13	0	0	0	329.399946	132.204387	16.232924	10.857240	-1	###LINE###
5	8	13	0	0	0	329.40	132.20	16.23	10.86	100	982
3	8	14	0	0	0	422.999924	132.204387	16.232924	10.857240	-1	###FLOW###
4	8	14	0	0	0	422.999924	132.204387	16.232924	10.857240	-1	###LINE###
5	8	14	0	0	0	423.00	132.20	16.23	10.86	100	513
3	8	15	0	0	0	516.599903	132.204387	16.232924	10.857240	-1	###FLOW###
4	8	15	0	0	0	516.599903	132.204387	16.232924	10.857240	-1	###LINE###
5	8	15	0	0	0	516.60	132.20	16.23	10.86	100	149
3	8	16	0	0	0	610.199881	132.204387	16.232924	10.857240	-1	###FLOW###
4	8	16	0	0	0	610.199881	132.204387	16.232924	10.857240	-1	###LINE###
5	8	16	0	0	0	610.20	132.20	16.23	10.86	100	152
3	8	17	0	0	0	165.599967	147.564407	35.842840	10.857240	-1	###FLOW###
4	8	17	0	0	0	165.599967	147.564407	35.842840	10.857240	-1	###LINE###
5	8	17	0	0	0	165.60	147.56	35.84	10.86	100	Jackson
3	8	18	0	0	0	334.799943	147.564407	10.821949	10.857240	-1	###FLOW###
4	8	18	0	0	0	334.799943	147.564407	10.821949	10.857240	-1	###LINE###
5	8	18	0	0	0	334.80	147.56	10.82	10.86	100	35
3	8	19	0	0	0	433.799949	147.564407	5.410975	10.857240	-1	###FLOW###
4	8	19	0	0	0	433.799949	147.564407	5.410975	10.857240	-1	###LINE###
5	8	19	0	0	0	433.80	147.56	5.41	10.86	100	8
3	8	20	0	0	0	527.399898	147.564407	5.410975	10.857240	-1	###FLOW###
4	8	20	0	0	0	527.399898	147.564407	5.410975	10.857240	-1	###LINE###
5	8	20	0	0	0	527.40	147.56	5.41	10.86	100	7
3	8	21	0	0	0	620.999877	147.564407	5.410975	10.857240	-1	###FLOW###
4	8	21	0	0	0	620.999877	147.564407	5.410975	10.857240	-1	###LINE###
5	8	21	0	0	0	621.00	147.56	5.41	10.86	100	5
3	8	22	0	0	0	165.599967	163.044393	40.212494	10.857240	-1	###FLOW###
4	8	22	0	0	0	165.599967	163.044393	40.212494	10.857240	-1	###LINE###
5	8	22	0	0	0	165.60	163.04	40.21	10.86	100	Jefferson
3	8	23	0	0	0	315.839940	163.044393	29.750628	10.857240	-1	###FLOW###
4	8	23	0	0	0	315.839940	163.044393	29.750628	10.857240	-1	###LINE###
5	8	23	0	0	0	315.84	163.04	29.75	10.86	100	45,500
3	8	24	0	0	0	414.839947	163.044393	24.339653	10.857240	-1	###FLOW###
4	8	24	0	0	0	414.839947	163.044393	24.339653	10.857240	-1	###LINE###
5	8	24	0	0	0	414.84	163.04	24.34	10.86	100	5,972
3	8	25	0	0	0	508.439927	163.044393	24.339653	10.857240	-1	###FLOW###
4	8	25	0	0	0	508.439927	163.044393	24.339653	10.857240	-1	###LINE###
5	8	25	0	0	0	508.44	163.04	24.34	10.86	100	2,637
3	8	26	0	0	0	602.039875	163.044393	24.339653	10.857240	-1	###FLOW###
4	8	26	0	0	0	602.039875	163.044393	24.339653	10.857240	-1	###LINE###
5	8	26	0	0	0	602.04	163.04	24.34	10.86	100	1,306
3	8	27	0	0	0	165.599967	178.404414	46.655057	10.857240	-1	###FLOW###
4	8	27	0	0	0	165.599967	178.404414	46.655057	10.857240	-1	###LINE###
5	8	27	0	0	0	165.60	178.40	46.66	10.86	100	Jessamine
3	8	28	0	0	0	321.239938	178.404414	24.339653	10.857240	-1	###FLOW###
4	8	28	0	0	0	321.239938	178.404414	24.339653	10.857240	-1	###LINE###
5	8	28	0	0	0	321.24	178.40	24.34	10.86	100	1,025
3	8	29	0	0	0	422.999924	178.404414	16.232924	10.857240	-1	###FLOW###
4	8	29	0	0	0	422.999924	178.404414	16.232924	10.857240	-1	###LINE###
5	8	29	0	0	0	423.00	178.40	16.23	10.86	100	224
3	8	30	0	0	0	521.999931	178.404414	10.821949	10.857240	-1	###FLOW###
4	8	30	0	0	0	521.999931	178.404414	10.821949	10.857240	-1	###LINE###
5	8	30	0	0	0	522.00	178.40	10.82	10.86	100	88
3	8	31	0	0	0	615.599910	178.404414	10.821949	10.857240	-1	###FLOW###
4	8	31	0	0	0	615.599910	178.404414	10.821949	10.857240	-1	###LINE###
5	8	31	0	0	0	615.60	178.40	10.82	10.86	100	57
3	8	32	0	0	0	165.599967	193.884400	36.786841	10.857240	-1	###FLOW###
4	8	32	0	0	0	165.599967	193.884400	36.786841	10.857240	-1	###LINE###
5	8	32	0	0	0	165.60	193.88	36.79	10.86	100	Johnson
3	8	33	0	0	0	329.399946	193.884400	16.232924	10.857240	-1	###FLOW###
4	8	33	0	0	0	329.399946	193.884400	16.232924	10.857240	-1	###LINE###
5	8	33	0	0	0	329.40	193.88	16.23	10.86	100	169
3	8	34	0	0	0	428.399953	193.884400	10.821949	10.857240	-1	###FLOW###
4	8	34	0	0	0	428.399953	193.884400	10.821949	10.857240	-1	###LINE###
5	8	34	0	0	0	428.40	193.88	10.82	10.86	100	86
3	8	35	0	0	0	521.999931	193.884400	10.821949	10.857240	-1	###FLOW###
4	8	35	0	0	0	521.999931	193.884400	10.821949	10.857240	-1	###LINE###
5	8	35	0	0	0	522.00	193.88	10.82	10.86	100	28
3	8	36	0	0	0	615.599910	193.884400	10.821949	10.857240	-1	###FLOW###
4	8	36	0	0	0	615.599910	193.884400	10.821949	10.857240	-1	###LINE###
5	8	36	0	0	0	615.60	193.88	10.82	10.86	100	29
3	8	37	0	0	0	165.599967	209.244390	30.821144	10.857240	-1	###FLOW###
4	8	37	0	0	0	165.599967	209.244390	30.821144	10.857240	-1	###LINE###
5	8	37	0	0	0	165.60	209.24	30.82	10.86	100	Kenton
3	8	38	0	0	0	321.239938	209.244390	24.339653	10.857240	-1	###FLOW###
4	8	38	0	0	0	321.239938	209.244390	24.339653	10.857240	-1	###LINE###
5	8	38	0	0	0	321.24	209.24	24.34	10.86	100	3,174
3	8	39	0	0	0	422.999924	209.244390	16.232924	10.857240	-1	###FLOW###
4	8	39	0	0	0	422.999924	209.244390	16.232924	10.857240	-1	###LINE###
5	8	39	0	0	0	423.00	209.24	16.23	10.86	100	619
3	8	40	0	0	0	516.599903	209.244390	16.232924	10.857240	-1	###FLOW###
4	8	40	0	0	0	516.599903	209.244390	16.232924	10.857240	-1	###LINE###
5	8	40	0	0	0	516.60	209.24	16.23	10.86	100	232
3	8	41	0	0	0	610.199881	209.244390	16.232924	10.857240	-1	###FLOW###
4	8	41	0	0	0	610.199881	209.244390	16.232924	10.857240	-1	###LINE###
5	8	41	0	0	0	610.20	209.24	16.23	10.86	100	110
3	8	42	0	0	0	165.599967	224.724407	22.694951	10.857240	-1	###FLOW###
4	8	42	0	0	0	165.599967	224.724407	22.694951	10.857240	-1	###LINE###
5	8	42	0	0	0	165.60	224.72	22.69	10.86	100	Knott
3	8	43	0	0	0	329.399946	224.724407	16.232924	10.857240	-1	###FLOW###
4	8	43	0	0	0	329.399946	224.724407	16.232924	10.857240	-1	###LINE###
5	8	43	0	0	0	329.40	224.72	16.23	10.86	100	448
3	8	44	0	0	0	422.999924	224.724407	16.232924	10.857240	-1	###FLOW###
4	8	44	0	0	0	422.999924	224.724407	16.232924	10.857240	-1	###LINE###
5	8	44	0	0	0	423.00	224.72	16.23	10.86	100	589
3	8	45	0	0	0	521.999931	224.724407	10.821949	10.857240	-1	###FLOW###
4	8	45	0	0	0	521.999931	224.724407	10.821949	10.857240	-1	###LINE###
5	8	45	0	0	0	522.00	224.72	10.82	10.86	100	97
3	8	46	0	0	0	610.199881	224.724407	16.232924	10.857240	-1	###FLOW###
4	8	46	0	0	0	610.199881	224.724407	16.232924	10.857240	-1	###LINE###
5	8	46	0	0	0	610.20	224.72	16.23	10.86	100	164
3	8	47	0	0	0	165.599967	240.084397	22.169424	10.857240	-1	###FLOW###
4	8	47	0	0	0	165.599967	240.084397	22.169424	10.857240	-1	###LINE###
5	8	47	0	0	0	165.60	240.08	22.17	10.86	100	Knox
3	8	48	0	0	0	329.399946	240.084397	16.232924	10.857240	-1	###FLOW###
4	8	48	0	0	0	329.399946	240.084397	16.232924	10.857240	-1	###LINE###
5	8	48	0	0	0	329.40	240.08	16.23	10.86	100	231
3	8	49	0	0	0	428.399953	240.084397	10.821949	10.857240	-1	###FLOW###
4	8	49	0	0	0	428.399953	240.084397	10.821949	10.857240	-1	###LINE###
5	8	49	0	0	0	428.40	240.08	10.82	10.86	100	89
3	8	50	0	0	0	521.999931	240.084397	10.821949	10.857240	-1	###FLOW###
4	8	50	0	0	0	521.999931	240.084397	10.821949	10.857240	-1	###LINE###
5	8	50	0	0	0	522.00	240.08	10.82	10.86	100	38
3	8	51	0	0	0	615.599910	240.084397	10.821949	10.857240	-1	###FLOW###
4	8	51	0	0	0	615.599910	240.084397	10.821949	10.857240	-1	###LINE###
5	8	51	0	0	0	615.60	240.08	10.82	10.86	100	41
3	8	52	0	0	0	165.599967	255.564383	24.884644	10.857240	-1	###FLOW###
4	8	52	0	0	0	165.599967	255.564383	24.884644	10.857240	-1	###LINE###
5	8	52	0	0	0	165.60	255.56	24.88	10.86	100	Larue
3	8	53	0	0	0	329.399946	255.564383	16.232924	10.857240	-1	###FLOW###
4	8	53	0	0	0	329.399946	255.564383	16.232924	10.857240	-1	###LINE###
5	8	53	0	0	0	329.40	255.56	16.23	10.86	100	210
3	8	54	0	0	0	422.999924	255.564383	16.232924	10.857240	-1	###FLOW###
4	8	54	0	0	0	422.999924	255.564383	16.232924	10.857240	-1	###LINE###
5	8	54	0	0	0	423.00	255.56	16.23	10.86	100	125
3	8	55	0	0	0	521.999931	255.564383	10.821949	10.857240	-1	###FLOW###
4	8	55	0	0	0	521.999931	255.564383	10.821949	10.857240	-1	###LINE###
5	8	55	0	0	0	522.00	255.56	10.82	10.86	100	41
3	8	56	0	0	0	615.599910	255.564383	10.821949	10.857240	-1	###FLOW###
4	8	56	0	0	0	615.599910	255.564383	10.821949	10.857240	-1	###LINE###
5	8	56	0	0	0	615.60	255.56	10.82	10.86	100	37
3	8	57	0	0	0	165.599967	270.924373	27.045141	10.857240	-1	###FLOW###
4	8	57	0	0	0	165.599967	270.924373	27.045141	10.857240	-1	###LINE###
5	8	57	0	0	0	165.60	270.92	27.05	10.86	100	Laurel
3	8	58	0	0	0	329.399946	270.924373	16.232924	10.857240	-1	###FLOW###
4	8	58	0	0	0	329.399946	270.924373	16.232924	10.857240	-1	###LINE###
5	8	58	0	0	0	329.40	270.92	16.23	10.86	100	360
3	8	59	0	0	0	428.399953	270.924373	10.821949	10.857240	-1	###FLOW###
4	8	59	0	0	0	428.399953	270.924373	10.821949	10.857240	-1	###LINE###
5	8	59	0	0	0	428.40	270.92	10.82	10.86	100	89
3	8	60	0	0	0	521.999931	270.924373	10.821949	10.857240	-1	###FLOW###
4	8	60	0	0	0	521.999931	270.924373	10.821949	10.857240	-1	###LINE###
5	8	60	0	0	0	522.00	270.92	10.82	10.86	100	38
3	8	61	0	0	0	615.599910	270.924373	10.821949	10.857240	-1	###FLOW###
4	8	61	0	0	0	615.599910	270.924373	10.821949	10.857240	-1	###LINE###
5	8	61	0	0	0	615.60	270.92	10.82	10.86	100	42
3	8	62	0	0	0	165.599967	286.404390	41.973980	10.857240	-1	###FLOW###
4	8	62	0	0	0	165.599967	286.404390	41.973980	10.857240	-1	###LINE###
5	8	62	0	0	0	165.60	286.40	41.97	10.86	100	Lawrence
3	8	63	0	0	0	329.399946	286.404390	16.232924	10.857240	-1	###FLOW###
4	8	63	0	0	0	329.399946	286.404390	16.232924	10.857240	-1	###LINE###
5	8	63	0	0	0	329.40	286.40	16.23	10.86	100	181
3	8	64	0	0	0	428.399953	286.404390	10.821949	10.857240	-1	###FLOW###
4	8	64	0	0	0	428.399953	286.404390	10.821949	10.857240	-1	###LINE###
5	8	64	0	0	0	428.40	286.40	10.82	10.86	100	60
3	8	65	0	0	0	521.999931	286.404390	10.821949	10.857240	-1	###FLOW###
4	8	65	0	0	0	521.999931	286.404390	10.821949	10.857240	-1	###LINE###
5	8	65	0	0	0	522.00	286.40	10.82	10.86	100	17
3	8	66	0	0	0	615.599910	286.404390	10.821949	10.857240	-1	###FLOW###
4	8	66	0	0	0	615.599910	286.404390	10.821949	10.857240	-1	###LINE###
5	8	66	0	0	0	615.60	286.40	10.82	10.86	100	22
3	8	67	0	0	0	165.599967	301.764380	16.232924	10.857240	-1	###FLOW###
4	8	67	0	0	0	165.599967	301.764380	16.232924	10.857240	-1	###LINE###
5	8	67	0	0	0	165.60	301.76	16.23	10.86	100	Lee
3	8	68	0	0	0	334.799943	301.764380	10.821949	10.857240	-1	###FLOW###
4	8	68	0	0	0	334.799943	301.764380	10.821949	10.857240	-1	###LINE###
5	8	68	0	0	0	334.80	301.76	10.82	10.86	100	55
3	8	69	0	0	0	428.399953	301.764380	10.821949	10.857240	-1	###FLOW###
4	8	69	0	0	0	428.399953	301.764380	10.821949	10.857240	-1	###LINE###
5	8	69	0	0	0	428.40	301.76	10.82	10.86	100	21
3	8	70	0	0	0	527.399898	301.764380	5.410975	10.857240	-1	###FLOW###
4	8	70	0	0	0	527.399898	301.764380	5.410975	10.857240	-1	###LINE###
5	8	70	0	0	0	527.40	301.76	5.41	10.86	100	9
3	8	71	0	0	0	620.999877	301.764380	5.410975	10.857240	-1	###FLOW###
4	8	71	0	0	0	620.999877	301.764380	5.410975	10.857240	-1	###LINE###
5	8	71	0	0	0	621.00	301.76	5.41	10.86	100	8
3	8	72	0	0	0	165.599967	317.244397	25.419902	10.857240	-1	###FLOW###
4	8	72	0	0	0	165.599967	317.244397	25.419902	10.857240	-1	###LINE###
5	8	72	0	0	0	165.60	317.24	25.42	10.86	100	Leslie
3	8	73	0	0	0	334.799943	317.244397	10.821949	10.857240	-1	###FLOW###
4	8	73	0	0	0	334.799943	317.244397	10.821949	10.857240	-1	###LINE###
5	8	73	0	0	0	334.80	317.24	10.82	10.86	100	31
3	8	74	0	0	0	428.399953	317.244397	10.821949	10.857240	-1	###FLOW###
4	8	74	0	0	0	428.399953	317.244397	10.821949	10.857240	-1	###LINE###
5	8	74	0	0	0	428.40	317.24	10.82	10.86	100	14
3	8	75	0	0	0	527.399898	317.244397	5.410975	10.857240	-1	###FLOW###
4	8	75	0	0	0	527.399898	317.244397	5.410975	10.857240	-1	###LINE###
5	8	75	0	0	0	527.40	317.24	5.41	10.86	100	2
3	8	76	0	0	0	620.999877	317.244397	5.410975	10.857240	-1	###FLOW###
4	8	76	0	0	0	620.999877	317.244397	5.410975	10.857240	-1	###LINE###
5	8	76	0	0	0	621.00	317.24	5.41	10.86	100	3
3	8	77	0	0	0	165.599967	332.604386	32.446383	10.857240	-1	###FLOW###
4	8	77	0	0	0	165.599967	332.604386	32.446383	10.857240	-1	###LINE###
5	8	77	0	0	0	165.60	332.60	32.45	10.86	100	Letcher
3	8	78	0	0	0	329.399946	332.604386	16.232924	10.857240	-1	###FLOW###
4	8	78	0	0	0	329.399946	332.604386	16.232924	10.857240	-1	###LINE###
5	8	78	0	0	0	329.40	332.60	16.23	10.86	100	328
3	8	79	0	0	0	422.999924	332.604386	16.232924	10.857240	-1	###FLOW###
4	8	79	0	0	0	422.999924	332.604386	16.232924	10.857240	-1	###LINE###
5	8	79	0	0	0	423.00	332.60	16.23	10.86	100	237
3	8	80	0	0	0	521.999931	332.604386	10.821949	10.857240	-1	###FLOW###
4	8	80	0	0	0	521.999931	332.604386	10.821949	10.857240	-1	###LINE###
5	8	80	0	0	0	522.00	332.60	10.82	10.86	100	39
3	8	81	0	0	0	615.599910	332.604386	10.821949	10.857240	-1	###FLOW###
4	8	81	0	0	0	615.599910	332.604386	10.821949	10.857240	-1	###LINE###
5	8	81	0	0	0	615.60	332.60	10.82	10.86	100	78
3	8	82	0	0	0	165.599967	348.084388	24.660808	10.857240	-1	###FLOW###
4	8	82	0	0	0	165.599967	348.084388	24.660808	10.857240	-1	###LINE###
5	8	82	0	0	0	165.60	348.08	24.66	10.86	100	Lewis
3	8	83	0	0	0	334.799943	348.084388	10.821949	10.857240	-1	###FLOW###
4	8	83	0	0	0	334.799943	348.084388	10.821949	10.857240	-1	###LINE###
5	8	83	0	0	0	334.80	348.08	10.82	10.86	100	64
3	8	84	0	0	0	428.399953	348.084388	10.821949	10.857240	-1	###FLOW###
4	8	84	0	0	0	428.399953	348.084388	10.821949	10.857240	-1	###LINE###
5	8	84	0	0	0	428.40	348.08	10.82	10.86	100	28
3	8	85	0	0	0	527.399898	348.084388	5.410975	10.857240	-1	###FLOW###
4	8	85	0	0	0	527.399898	348.084388	5.410975	10.857240	-1	###LINE###
5	8	85	0	0	0	527.40	348.08	5.41	10.86	100	6
3	8	86	0	0	0	620.999877	348.084388	5.410975	10.857240	-1	###FLOW###
4	8	86	0	0	0	620.999877	348.084388	5.410975	10.857240	-1	###LINE###
5	8	86	0	0	0	621.00	348.08	5.41	10.86	100	9
3	8	87	0	0	0	165.599967	363.444378	30.830876	10.857240	-1	###FLOW###
4	8	87	0	0	0	165.599967	363.444378	30.830876	10.857240	-1	###LINE###
5	8	87	0	0	0	165.60	363.44	30.83	10.86	100	Lincoln
3	8	88	0	0	0	329.399946	363.444378	16.232924	10.857240	-1	###FLOW###
4	8	88	0	0	0	329.399946	363.444378	16.232924	10.857240	-1	###LINE###
5	8	88	0	0	0	329.40	363.44	16.23	10.86	100	286
3	8	89	0	0	0	422.999924	363.444378	16.232924	10.857240	-1	###FLOW###
4	8	89	0	0	0	422.999924	363.444378	16.232924	10.857240	-1	###LINE###
5	8	89	0	0	0	423.00	363.44	16.23	10.86	100	124
3	8	90	0	0	0	521.999931	363.444378	10.821949	10.857240	-1	###FLOW###
4	8	90	0	0	0	521.999931	363.444378	10.821949	10.857240	-1	###LINE###
5	8	90	0	0	0	522.00	363.44	10.82	10.86	100	35
3	8	91	0	0	0	615.599910	363.444378	10.821949	10.857240	-1	###FLOW###
4	8	91	0	0	0	615.599910	363.444378	10.821949	10.857240	-1	###LINE###
5	8	91	0	0	0	615.60	363.44	10.82	10.86	100	37
3	8	92	0	0	0	165.599967	378.924395	43.939838	10.857240	-1	###FLOW###
4	8	92	0	0	0	165.599967	378.924395	43.939838	10.857240	-1	###LINE###
5	8	92	0	0	0	165.60	378.92	43.94	10.86	100	Livingston
3	8	93	0	0	0	329.399946	378.924395	16.232924	10.857240	-1	###FLOW###
4	8	93	0	0	0	329.399946	378.924395	16.232924	10.857240	-1	###LINE###
5	8	93	0	0	0	329.40	378.92	16.23	10.86	100	178
3	8	94	0	0	0	422.999924	378.924395	16.232924	10.857240	-1	###FLOW###
4	8	94	0	0	0	422.999924	378.924395	16.232924	10.857240	-1	###LINE###
5	8	94	0	0	0	423.00	378.92	16.23	10.86	100	100
3	8	95	0	0	0	521.999931	378.924395	10.821949	10.857240	-1	###FLOW###
4	8	95	0	0	0	521.999931	378.924395	10.821949	10.857240	-1	###LINE###
5	8	95	0	0	0	522.00	378.92	10.82	10.86	100	27
3	8	96	0	0	0	615.599910	378.924395	10.821949	10.857240	-1	###FLOW###
4	8	96	0	0	0	615.599910	378.924395	10.821949	10.857240	-1	###LINE###
5	8	96	0	0	0	615.60	378.92	10.82	10.86	100	27
3	8	97	0	0	0	165.599967	394.284385	27.054873	10.857240	-1	###FLOW###
4	8	97	0	0	0	165.599967	394.284385	27.054873	10.857240	-1	###LINE###
5	8	97	0	0	0	165.60	394.28	27.05	10.86	100	Logan
3	8	98	0	0	0	329.399946	394.284385	16.232924	10.857240	-1	###FLOW###
4	8	98	0	0	0	329.399946	394.284385	16.232924	10.857240	-1	###LINE###
5	8	98	0	0	0	329.40	394.28	16.23	10.86	100	448
3	8	99	0	0	0	422.999924	394.284385	16.232924	10.857240	-1	###FLOW###
4	8	99	0	0	0	422.999924	394.284385	16.232924	10.857240	-1	###LINE###
5	8	99	0	0	0	423.00	394.28	16.23	10.86	100	171
3	8	100	0	0	0	521.999931	394.284385	10.821949	10.857240	-1	###FLOW###
4	8	100	0	0	0	521.999931	394.284385	10.821949	10.857240	-1	###LINE###
5	8	100	0	0	0	522.00	394.28	10.82	10.86	100	41
3	8	101	0	0	0	615.599910	394.284385	10.821949	10.857240	-1	###FLOW###
4	8	101	0	0	0	615.599910	394.284385	10.821949	10.857240	-1	###LINE###
5	8	101	0	0	0	615.60	394.28	10.82	10.86	100	52
3	8	102	0	0	0	165.599967	409.764371	20.894536	10.857240	-1	###FLOW###
4	8	102	0	0	0	165.599967	409.764371	20.894536	10.857240	-1	###LINE###
5	8	102	0	0	0	165.60	409.76	20.89	10.86	100	Lyon
3	8	103	0	0	0	329.399946	409.764371	16.232924	10.857240	-1	###FLOW###
4	8	103	0	0	0	329.399946	409.764371	16.232924	10.857240	-1	###LINE###
5	8	103	0	0	0	329.40	409.76	16.23	10.86	100	236
3	8	104	0	0	0	422.999924	409.764371	16.232924	10.857240	-1	###FLOW###
4	8	104	0	0	0	422.999924	409.764371	16.232924	10.857240	-1	###LINE###
5	8	104	0	0	0	423.00	409.76	16.23	10.86	100	117
3	8	105	0	0	0	521.999931	409.764371	10.821949	10.857240	-1	###FLOW###
4	8	105	0	0	0	521.999931	409.764371	10.821949	10.857240	-1	###LINE###
5	8	105	0	0	0	522.00	409.76	10.82	10.86	100	28
3	8	106	0	0	0	615.599910	409.764371	10.821949	10.857240	-1	###FLOW###
4	8	106	0	0	0	615.599910	409.764371	10.821949	10.857240	-1	###LINE###
5	8	106	0	0	0	615.60	409.76	10.82	10.86	100	26
3	8	107	0	0	0	165.599967	425.124392	36.679789	10.857240	-1	###FLOW###
4	8	107	0	0	0	165.599967	425.124392	36.679789	10.857240	-1	###LINE###
5	8	107	0	0	0	165.60	425.12	36.68	10.86	100	Madison
3	8	108	0	0	0	321.239938	425.124392	24.339653	10.857240	-1	###FLOW###
4	8	108	0	0	0	321.239938	425.124392	24.339653	10.857240	-1	###LINE###
5	8	108	0	0	0	321.24	425.12	24.34	10.86	100	2,096
3	8	109	0	0	0	422.999924	425.124392	16.232924	10.857240	-1	###FLOW###
4	8	109	0	0	0	422.999924	425.124392	16.232924	10.857240	-1	###LINE###
5	8	109	0	0	0	423.00	425.12	16.23	10.86	100	456
3	8	110	0	0	0	516.599903	425.124392	16.232924	10.857240	-1	###FLOW###
4	8	110	0	0	0	516.599903	425.124392	16.232924	10.857240	-1	###LINE###
5	8	110	0	0	0	516.60	425.12	16.23	10.86	100	142
3	8	111	0	0	0	615.599910	425.124392	10.821949	10.857240	-1	###FLOW###
4	8	111	0	0	0	615.599910	425.124392	10.821949	10.857240	-1	###LINE###
5	8	111	0	0	0	615.60	425.12	10.82	10.86	100	96
3	8	112	0	0	0	165.599967	440.604378	37.322099	10.857240	-1	###FLOW###
4	8	112	0	0	0	165.599967	440.604378	37.322099	10.857240	-1	###LINE###
5	8	112	0	0	0	165.60	440.60	37.32	10.86	100	Magoffin
3	8	113	0	0	0	329.399946	440.604378	16.232924	10.857240	-1	###FLOW###
4	8	113	0	0	0	329.399946	440.604378	16.232924	10.857240	-1	###LINE###
5	8	113	0	0	0	329.40	440.60	16.23	10.86	100	218
3	8	114	0	0	0	428.399953	440.604378	10.821949	10.857240	-1	###FLOW###
4	8	114	0	0	0	428.399953	440.604378	10.821949	10.857240	-1	###LINE###
5	8	114	0	0	0	428.40	440.60	10.82	10.86	100	87
3	8	115	0	0	0	521.999931	440.604378	10.821949	10.857240	-1	###FLOW###
4	8	115	0	0	0	521.999931	440.604378	10.821949	10.857240	-1	###LINE###
5	8	115	0	0	0	522.00	440.60	10.82	10.86	100	32
3	8	116	0	0	0	615.599910	440.604378	10.821949	10.857240	-1	###FLOW###
4	8	116	0	0	0	615.599910	440.604378	10.821949	10.857240	-1	###LINE###
5	8	116	0	0	0	615.60	440.60	10.82	10.86	100	56
3	8	117	0	0	0	165.599967	455.964398	29.643576	10.857240	-1	###FLOW###
4	8	117	0	0	0	165.599967	455.964398	29.643576	10.857240	-1	###LINE###
5	8	117	0	0	0	165.60	455.96	29.64	10.86	100	Marion
3	8	118	0	0	0	329.399946	455.964398	16.232924	10.857240	-1	###FLOW###
4	8	118	0	0	0	329.399946	455.964398	16.232924	10.857240	-1	###LINE###
5	8	118	0	0	0	329.40	455.96	16.23	10.86	100	864
3	8	119	0	0	0	422.999924	455.964398	16.232924	10.857240	-1	###FLOW###
4	8	119	0	0	0	422.999924	455.964398	16.232924	10.857240	-1	###LINE###
5	8	119	0	0	0	423.00	455.96	16.23	10.86	100	664
3	8	120	0	0	0	516.599903	455.964398	16.232924	10.857240	-1	###FLOW###
4	8	120	0	0	0	516.599903	455.964398	16.232924	10.857240	-1	###LINE###
5	8	120	0	0	0	516.60	455.96	16.23	10.86	100	146
3	8	121	0	0	0	610.199881	455.964398	16.232924	10.857240	-1	###FLOW###
4	8	121	0	0	0	610.199881	455.964398	16.232924	10.857240	-1	###LINE###
5	8	121	0	0	0	610.20	455.96	16.23	10.86	100	185
3	8	122	0	0	0	165.599967	471.444384	36.767377	10.857240	-1	###FLOW###
4	8	122	0	0	0	165.599967	471.444384	36.767377	10.857240	-1	###LINE###
5	8	122	0	0	0	165.60	471.44	36.77	10.86	100	Marshall
3	8	123	0	0	0	329.399946	471.444384	16.232924	10.857240	-1	###FLOW###
4	8	123	0	0	0	329.399946	471.444384	16.232924	10.857240	-1	###LINE###
5	8	123	0	0	0	329.40	471.44	16.23	10.86	100	484
3	8	124	0	0	0	422.999924	471.444384	16.232924	10.857240	-1	###FLOW###
4	8	124	0	0	0	422.999924	471.444384	16.232924	10.857240	-1	###LINE###
5	8	124	0	0	0	423.00	471.44	16.23	10.86	100	215
3	8	125	0	0	0	521.999931	471.444384	10.821949	10.857240	-1	###FLOW###
4	8	125	0	0	0	521.999931	471.444384	10.821949	10.857240	-1	###LINE###
5	8	125	0	0	0	522.00	471.44	10.82	10.86	100	65
3	8	126	0	0	0	615.599910	471.444384	10.821949	10.857240	-1	###FLOW###
4	8	126	0	0	0	615.599910	471.444384	10.821949	10.857240	-1	###LINE###
5	8	126	0	0	0	615.60	471.44	10.82	10.86	100	71
3	8	127	0	0	0	165.599967	486.804375	27.025677	10.857240	-1	###FLOW###
4	8	127	0	0	0	165.599967	486.804375	27.025677	10.857240	-1	###LINE###
5	8	127	0	0	0	165.60	486.80	27.03	10.86	100	Martin
3	8	128	0	0	0	334.799943	486.804375	10.821949	10.857240	-1	###FLOW###
4	8	128	0	0	0	334.799943	486.804375	10.821949	10.857240	-1	###LINE###
5	8	128	0	0	0	334.80	486.80	10.82	10.86	100	45
3	8	129	0	0	0	428.399953	486.804375	10.821949	10.857240	-1	###FLOW###
4	8	129	0	0	0	428.399953	486.804375	10.821949	10.857240	-1	###LINE###
5	8	129	0	0	0	428.40	486.80	10.82	10.86	100	12
3	8	130	0	0	0	527.399898	486.804375	5.410975	10.857240	-1	###FLOW###
4	8	130	0	0	0	527.399898	486.804375	5.410975	10.857240	-1	###LINE###
5	8	130	0	0	0	527.40	486.80	5.41	10.86	100	9
3	8	131	0	0	0	620.999877	486.804375	5.410975	10.857240	-1	###FLOW###
4	8	131	0	0	0	620.999877	486.804375	5.410975	10.857240	-1	###LINE###
5	8	131	0	0	0	621.00	486.80	5.41	10.86	100	4
3	8	132	0	0	0	165.599967	502.284391	29.205638	10.857240	-1	###FLOW###
4	8	132	0	0	0	165.599967	502.284391	29.205638	10.857240	-1	###LINE###
5	8	132	0	0	0	165.60	502.28	29.21	10.86	100	Mason
3	8	133	0	0	0	329.399946	502.284391	16.232924	10.857240	-1	###FLOW###
4	8	133	0	0	0	329.399946	502.284391	16.232924	10.857240	-1	###LINE###
5	8	133	0	0	0	329.40	502.28	16.23	10.86	100	336
3	8	134	0	0	0	422.999924	502.284391	16.232924	10.857240	-1	###FLOW###
4	8	134	0	0	0	422.999924	502.284391	16.232924	10.857240	-1	###LINE###
5	8	134	0	0	0	423.00	502.28	16.23	10.86	100	170
3	8	135	0	0	0	521.999931	502.284391	10.821949	10.857240	-1	###FLOW###
4	8	135	0	0	0	521.999931	502.284391	10.821949	10.857240	-1	###LINE###
5	8	135	0	0	0	522.00	502.28	10.82	10.86	100	51
3	8	136	0	0	0	615.599910	502.284391	10.821949	10.857240	-1	###FLOW###
4	8	136	0	0	0	615.599910	502.284391	10.821949	10.857240	-1	###LINE###
5	8	136	0	0	0	615.60	502.28	10.82	10.86	100	45
3	8	137	0	0	0	165.599967	517.644381	49.214565	10.857240	-1	###FLOW###
4	8	137	0	0	0	165.599967	517.644381	49.214565	10.857240	-1	###LINE###
5	8	137	0	0	0	165.60	517.64	49.21	10.86	100	McCracken
3	8	138	0	0	0	321.239938	517.644381	24.339653	10.857240	-1	###FLOW###
4	8	138	0	0	0	321.239938	517.644381	24.339653	10.857240	-1	###LINE###
5	8	138	0	0	0	321.24	517.64	24.34	10.86	100	2,089
3	8	139	0	0	0	422.999924	517.644381	16.232924	10.857240	-1	###FLOW###
4	8	139	0	0	0	422.999924	517.644381	16.232924	10.857240	-1	###LINE###
5	8	139	0	0	0	423.00	517.64	16.23	10.86	100	660
3	8	140	0	0	0	516.599903	517.644381	16.232924	10.857240	-1	###FLOW###
4	8	140	0	0	0	516.599903	517.644381	16.232924	10.857240	-1	###LINE###
5	8	140	0	0	0	516.60	517.64	16.23	10.86	100	178
3	8	141	0	0	0	610.199881	517.644381	16.232924	10.857240	-1	###FLOW###
4	8	141	0	0	0	610.199881	517.644381	16.232924	10.857240	-1	###LINE###
5	8	141	0	0	0	610.20	517.64	16.23	10.86	100	148
3	8	142	0	0	0	165.599967	533.124398	42.071300	10.857240	-1	###FLOW###
4	8	142	0	0	0	165.599967	533.124398	42.071300	10.857240	-1	###LINE###
5	8	142	0	0	0	165.60	533.12	42.07	10.86	100	McCreary
3	8	143	0	0	0	334.799943	533.124398	10.821949	10.857240	-1	###FLOW###
4	8	143	0	0	0	334.799943	533.124398	10.821949	10.857240	-1	###LINE###
5	8	143	0	0	0	334.80	533.12	10.82	10.86	100	55
3	8	144	0	0	0	428.399953	533.124398	10.821949	10.857240	-1	###FLOW###
4	8	144	0	0	0	428.399953	533.124398	10.821949	10.857240	-1	###LINE###
5	8	144	0	0	0	428.40	533.12	10.82	10.86	100	26
3	8	145	0	0	0	527.399898	533.124398	5.410975	10.857240	-1	###FLOW###
4	8	145	0	0	0	527.399898	533.124398	5.410975	10.857240	-1	###LINE###
5	8	145	0	0	0	527.40	533.12	5.41	10.86	100	8
3	8	146	0	0	0	620.999877	533.124398	5.410975	10.857240	-1	###FLOW###
4	8	146	0	0	0	620.999877	533.124398	5.410975	10.857240	-1	###LINE###
5	8	146	0	0	0	621.00	533.12	5.41	10.86	100	4
1	9	0	0	0	0	0.000000	0.000000	792.000000	612.000000	-1	###PAGE###
3	9	0	0	0	0	35.999994	54.115290	161.658823	13.404001	-1	###FLOW###
4	9	0	0	0	0	35.999994	54.115290	161.658823	13.404001	-1	###LINE###
5	9	0	0	0	0	36.00	54.12	89.57	13.40	100	Commonwealth
5	9	0	0	0	1	128.96	54.12	11.33	13.40	100	of
5	9	0	0	0	2	143.60	54.12	54.05	13.40	100	Kentucky
3	9	1	0	0	0	289.919964	54.115290	211.964694	13.404001	-1	###FLOW###
4	9	1	0	0	0	289.919964	54.115290	211.964694	13.404001	-1	###LINE###
5	9	1	0	0	0	289.92	54.12	44.03	13.40	100	Michael
5	9	1	0	0	1	337.40	54.12	12.66	13.40	100	G.
5	9	1	0	0	2	353.48	54.12	43.01	13.40	100	Adams,
5	9	1	0	0	3	399.93	54.12	54.90	13.40	100	Secretary
5	9	1	0	0	4	457.89	54.12	11.33	13.40	100	of
5	9	1	0	0	5	472.52	54.12	29.36	13.40	100	State
3	9	2	0	0	0	584.279905	54.115290	171.619073	13.404001	-1	###FLOW###
4	9	2	0	0	0	584.279905	54.115290	171.619073	13.404001	-1	###LINE###
5	9	2	0	0	0	584.28	54.12	26.72	13.40	100	2024
5	9	2	0	0	1	614.49	54.12	44.86	13.40	100	Primary
5	9	2	0	0	2	662.36	54.12	46.82	13.40	100	Election
5	9	2	0	0	3	712.53	54.12	43.37	13.40	100	Results
3	9	3	0	0	0	297.599945	89.964445	47.939677	22.017214	-1	###FLOW###
4	9	3	0	0	0	301.679949	89.964445	43.852250	10.857240	-1	###LINE###
5	9	3	0	0	0	301.68	89.96	31.38	10.86	100	Joseph
5	9	3	0	0	1	335.81	89.96	9.72	10.86	100	R.
4	9	3	0	1	0	297.599945	101.124419	47.939677	10.857240	-1	###LINE###
5	9	3	0	1	0	297.60	101.12	30.26	10.86	100	BIDEN
5	9	3	0	1	1	330.41	101.12	15.13	10.86	100	JR.
3	9	4	0	0	0	357.599936	101.124419	81.651216	10.857240	-1	###FLOW###
4	9	4	0	0	0	357.599936	101.124419	81.651216	10.857240	-1	###LINE###
5	9	4	0	0	0	357.60	101.12	81.65	10.86	100	"UNCOMMITTED"
3	9	5	0	0	0	470.639943	89.964445	62.294331	22.017214	-1	###FLOW###
4	9	5	0	0	0	492.359924	89.964445	40.465525	10.857240	-1	###LINE###
5	9	5	0	0	0	492.36	89.96	40.47	10.86	100	Marianne
4	9	5	0	1	0	470.639943	101.124419	62.294331	10.857240	-1	###LINE###
5	9	5	0	1	0	470.64	101.12	62.29	10.86	100	WILLIAMSON
3	9	6	0	0	0	582.719898	89.964445	43.682094	22.017214	-1	###FLOW###
4	9	6	0	0	0	603.239908	89.964445	23.162085	10.857240	-1	###LINE###
5	9	6	0	0	0	603.24	89.96	23.16	10.86	100	Dean
4	9	6	0	1	0	582.719898	101.124419	43.618683	10.857240	-1	###LINE###
5	9	6	0	1	0	582.72	101.12	43.62	10.86	100	PHILLIPS
3	9	7	0	0	0	165.599967	116.724401	34.616612	10.857240	-1	###FLOW###
4	9	7	0	0	0	165.599967	116.724401	34.616612	10.857240	-1	###LINE###
5	9	7	0	0	0	165.60	116.72	34.62	10.86	100	McLean
3	9	8	0	0	0	329.399946	116.724401	16.232924	10.857240	-1	###FLOW###
4	9	8	0	0	0	329.399946	116.724401	16.232924	10.857240	-1	###LINE###
5	9	8	0	0	0	329.40	116.72	16.23	10.86	100	174
3	9	9	0	0	0	428.399953	116.724401	10.821949	10.857240	-1	###FLOW###
4	9	9	0	0	0	428.399953	116.724401	10.821949	10.857240	-1	###LINE###
5	9	9	0	0	0	428.40	116.72	10.82	10.86	100	70
3	9	10	0	0	0	521.999931	116.724401	10.821949	10.857240	-1	###FLOW###
4	9	10	0	0	0	521.999931	116.724401	10.821949	10.857240	-1	###LINE###
5	9	10	0	0	0	522.00	116.72	10.82	10.86	100	20
3	9	11	0	0	0	615.599910	116.724401	10.821949	10.857240	-1	###FLOW###
4	9	11	0	0	0	615.599910	116.724401	10.821949	10.857240	-1	###LINE###
5	9	11	0	0	0	615.60	116.72	10.82	10.86	100	22
3	9	12	0	0	0	165.599967	132.204387	29.653308	10.857240	-1	###FLOW###
4	9	12	0	0	0	165.599967	132.204387	29.653308	10.857240	-1	###LINE###
5	9	12	0	0	0	165.60	132.20	29.65	10.86	100	Meade
3	9	13	0	0	0	329.399946	132.204387	16.232924	10.857240	-1	###FLOW###
4	9	13	0	0	0	329.399946	132.204387	16.232924	10.857240	-1	###LINE###
5	9	13	0	0	0	329.40	132.20	16.23	10.86	100	541
3	9	14	0	0	0	422.999924	132.204387	16.232924	10.857240	-1	###FLOW###
4	9	14	0	0	0	422.999924	132.204387	16.232924	10.857240	-1	###LINE###
5	9	14	0	0	0	423.00	132.20	16.23	10.86	100	207
3	9	15	0	0	0	521.999931	132.204387	10.821949	10.857240	-1	###FLOW###
4	9	15	0	0	0	521.999931	132.204387	10.821949	10.857240	-1	###LINE###
5	9	15	0	0	0	522.00	132.20	10.82	10.86	100	82
3	9	16	0	0	0	615.599910	132.204387	10.821949	10.857240	-1	###FLOW###
4	9	16	0	0	0	615.599910	132.204387	10.821949	10.857240	-1	###LINE###
5	9	16	0	0	0	615.60	132.20	10.82	10.86	100	81
3	9	17	0	0	0	165.599967	147.564407	34.509561	10.857240	-1	###FLOW###
4	9	17	0	0	0	165.599967	147.564407	34.509561	10.857240	-1	###LINE###
5	9	17	0	0	0	165.60	147.56	34.51	10.86	100	Menifee
3	9	18	0	0	0	329.399946	147.564407	16.232924	10.857240	-1	###FLOW###
4	9	18	0	0	0	329.399946	147.564407	16.232924	10.857240	-1	###LINE###
5	9	18	0	0	0	329.40	147.56	16.23	10.86	100	125
3	9	19	0	0	0	428.399953	147.564407	10.821949	10.857240	-1	###FLOW###
4	9	19	0	0	0	428.399953	147.564407	10.821949	10.857240	-1	###LINE###
5	9	19	0	0	0	428.40	147.56	10.82	10.86	100	95
3	9	20	0	0	0	521.999931	147.564407	10.821949	10.857240	-1	###FLOW###
4	9	20	0	0	0	521.999931	147.564407	10.821949	10.857240	-1	###LINE###
5	9	20	0	0	0	522.00	147.56	10.82	10.86	100	19
3	9	21	0	0	0	615.599910	147.564407	10.821949	10.857240	-1	###FLOW###
4	9	21	0	0	0	615.599910	147.564407	10.821949	10.857240	-1	###LINE###
5	9	21	0	0	0	615.60	147.56	10.82	10.86	100	27
3	9	22	0	0	0	165.599967	163.044393	30.276154	10.857240	-1	###FLOW###
4	9	22	0	0	0	165.599967	163.044393	30.276154	10.857240	-1	###LINE###
5	9	22	0	0	0	165.60	163.04	30.28	10.86	100	Mercer
3	9	23	0	0	0	329.399946	163.044393	16.232924	10.857240	-1	###FLOW###
4	9	23	0	0	0	329.399946	163.044393	16.232924	10.857240	-1	###LINE###
5	9	23	0	0	0	329.40	163.04	16.23	10.86	100	477
3	9	24	0	0	0	422.999924	163.044393	16.232924	10.857240	-1	###FLOW###
4	9	24	0	0	0	422.999924	163.044393	16.232924	10.857240	-1	###LINE###
5	9	24	0	0	0	423.00	163.04	16.23	10.86	100	257
3	9	25	0	0	0	521.999931	163.044393	10.821949	10.857240	-1	###FLOW###
4	9	25	0	0	0	521.999931	163.044393	10.821949	10.857240	-1	###LINE###
5	9	25	0	0	0	522.00	163.04	10.82	10.86	100	44
3	9	26	0	0	0	615.599910	163.044393	10.821949	10.857240	-1	###FLOW###
4	9	26	0	0	0	615.599910	163.044393	10.821949	10.857240	-1	###LINE###
5	9	26	0	0	0	615.60	163.04	10.82	10.86	100	59
3	9	27	0	0	0	165.599967	178.404414	36.757645	10.857240	-1	###FLOW###
4	9	27	0	0	0	165.599967	178.404414	36.757645	10.857240	-1	###LINE###
5	9	27	0	0	0	165.60	178.40	36.76	10.86	100	Metcalfe
3	9	28	0	0	0	329.399946	178.404414	16.232924	10.857240	-1	###FLOW###
4	9	28	0	0	0	329.399946	178.404414	16.232924	10.857240	-1	###LINE###
5	9	28	0	0	0	329.40	178.40	16.23	10.86	100	144
3	9	29	0	0	0	428.399953	178.404414	10.821949	10.857240	-1	###FLOW###
4	9	29	0	0	0	428.399953	178.404414	10.821949	10.857240	-1	###LINE###
5	9	29	0	0	0	428.40	178.40	10.82	10.86	100	56
3	9	30	0	0	0	521.999931	178.404414	10.821949	10.857240	-1	###FLOW###
4	9	30	0	0	0	521.999931	178.404414	10.821949	10.857240	-1	###LINE###
5	9	30	0	0	0	522.00	178.40	10.82	10.86	100	26
3	9	31	0	0	0	615.599910	178.404414	10.821949	10.857240	-1	###FLOW###
4	9	31	0	0	0	615.599910	178.404414	10.821949	10.857240	-1	###LINE###
5	9	31	0	0	0	615.60	178.40	10.82	10.86	100	35
3	9	32	0	0	0	165.599967	193.884400	32.894054	10.857240	-1	###FLOW###
4	9	32	0	0	0	165.599967	193.884400	32.894054	10.857240	-1	###LINE###
5	9	32	0	0	0	165.60	193.88	32.89	10.86	100	Monroe
3	9	33	0	0	0	334.799943	193.884400	10.821949	10.857240	-1	###FLOW###
4	9	33	0	0	0	334.799943	193.884400	10.821949	10.857240	-1	###LINE###
5	9	33	0	0	0	334.80	193.88	10.82	10.86	100	43
3	9	34	0	0	0	433.799949	193.884400	5.410975	10.857240	-1	###FLOW###
4	9	34	0	0	0	433.799949	193.884400	5.410975	10.857240	-1	###LINE###
5	9	34	0	0	0	433.80	193.88	5.41	10.86	100	6
3	9	35	0	0	0	527.399898	193.884400	5.410975	10.857240	-1	###FLOW###
4	9	35	0	0	0	527.399898	193.884400	5.410975	10.857240	-1	###LINE###
5	9	35	0	0	0	527.40	193.88	5.41	10.86	100	4
3	9	36	0	0	0	620.999877	193.884400	5.410975	10.857240	-1	###FLOW###
4	9	36	0	0	0	620.999877	193.884400	5.410975	10.857240	-1	###LINE###
5	9	36	0	0	0	621.00	193.88	5.41	10.86	100	4
3	9	37	0	0	0	165.599967	209.244390	53.973498	10.857240	-1	###FLOW###
4	9	37	0	0	0	165.599967	209.244390	53.973498	10.857240	-1	###LINE###
5	9	37	0	0	0	165.60	209.24	53.97	10.86	100	Montgomery
3	9	38	0	0	0	329.399946	209.244390	16.232924	10.857240	-1	###FLOW###
4	9	38	0	0	0	329.399946	209.244390	16.232924	10.857240	-1	###LINE###
5	9	38	0	0	0	329.40	209.24	16.23	10.86	100	677
3	9	39	0	0	0	422.999924	209.244390	16.232924	10.857240	-1	###FLOW###
4	9	39	0	0	0	422.999924	209.244390	16.232924	10.857240	-1	###LINE###
5	9	39	0	0	0	423.00	209.24	16.23	10.86	100	265
3	9	40	0	0	0	521.999931	209.244390	10.821949	10.857240	-1	###FLOW###
4	9	40	0	0	0	521.999931	209.244390	10.821949	10.857240	-1	###LINE###
5	9	40	0	0	0	522.00	209.24	10.82	10.86	100	96
3	9	41	0	0	0	615.599910	209.244390	10.821949	10.857240	-1	###FLOW###
4	9	41	0	0	0	615.599910	209.244390	10.821949	10.857240	-1	###LINE###
5	9	41	0	0	0	615.60	209.24	10.82	10.86	100	67
3	9	42	0	0	0	165.599967	224.724407	32.894054	10.857240	-1	###FLOW###
4	9	42	0	0	0	165.599967	224.724407	32.894054	10.857240	-1	###LINE###
5	9	42	0	0	0	165.60	224.72	32.89	10.86	100	Morgan
3	9	43	0	0	0	329.399946	224.724407	16.232924	10.857240	-1	###FLOW###
4	9	43	0	0	0	329.399946	224.724407	16.232924	10.857240	-1	###LINE###
5	9	43	0	0	0	329.40	224.72	16.23	10.86	100	156
3	9	44	0	0	0	422.999924	224.724407	16.232924	10.857240	-1	###FLOW###
4	9	44	0	0	0	422.999924	224.724407	16.232924	10.857240	-1	###LINE###
5	9	44	0	0	0	423.00	224.72	16.23	10.86	100	140
3	9	45	0	0	0	521.999931	224.724407	10.821949	10.857240	-1	###FLOW###
4	9	45	0	0	0	521.999931	224.724407	10.821949	10.857240	-1	###LINE###
5	9	45	0	0	0	522.00	224.72	10.82	10.86	100	31
3	9	46	0	0	0	615.599910	224.724407	10.821949	10.857240	-1	###FLOW###
4	9	46	0	0	0	615.599910	224.724407	10.821949	10.857240	-1	###LINE###
5	9	46	0	0	0	615.60	224.72	10.82	10.86	100	67
3	9	47	0	0	0	165.599967	240.084397	51.287474	10.857240	-1	###FLOW###
4	9	47	0	0	0	165.599967	240.084397	51.287474	10.857240	-1	###LINE###
5	9	47	0	0	0	165.60	240.08	51.29	10.86	100	Muhlenberg
3	9	48	0	0	0	329.399946	240.084397	16.232924	10.857240	-1	###FLOW###
4	9	48	0	0	0	329.399946	240.084397	16.232924	10.857240	-1	###LINE###
5	9	48	0	0	0	329.40	240.08	16.23	10.86	100	741
3	9	49	0	0	0	422.999924	240.084397	16.232924	10.857240	-1	###FLOW###
4	9	49	0	0	0	422.999924	240.084397	16.232924	10.857240	-1	###LINE###
5	9	49	0	0	0	423.00	240.08	16.23	10.86	100	329
3	9	50	0	0	0	521.999931	240.084397	10.821949	10.857240	-1	###FLOW###
4	9	50	0	0	0	521.999931	240.084397	10.821949	10.857240	-1	###LINE###
5	9	50	0	0	0	522.00	240.08	10.82	10.86	100	90
3	9	51	0	0	0	615.599910	240.084397	10.821949	10.857240	-1	###FLOW###
4	9	51	0	0	0	615.599910	240.084397	10.821949	10.857240	-1	###LINE###
5	9	51	0	0	0	615.60	240.08	10.82	10.86	100	98
3	9	52	0	0	0	165.599967	255.564383	30.285886	10.857240	-1	###FLOW###
4	9	52	0	0	0	165.599967	255.564383	30.285886	10.857240	-1	###LINE###
5	9	52	0	0	0	165.60	255.56	30.29	10.86	100	Nelson
3	9	53	0	0	0	321.239938	255.564383	24.339653	10.857240	-1	###FLOW###
4	9	53	0	0	0	321.239938	255.564383	24.339653	10.857240	-1	###LINE###
5	9	53	0	0	0	321.24	255.56	24.34	10.86	100	1,310
3	9	54	0	0	0	422.999924	255.564383	16.232924	10.857240	-1	###FLOW###
4	9	54	0	0	0	422.999924	255.564383	16.232924	10.857240	-1	###LINE###
5	9	54	0	0	0	423.00	255.56	16.23	10.86	100	420
3	9	55	0	0	0	516.599903	255.564383	16.232924	10.857240	-1	###FLOW###
4	9	55	0	0	0	516.599903	255.564383	16.232924	10.857240	-1	###LINE###
5	9	55	0	0	0	516.60	255.56	16.23	10.86	100	163
3	9	56	0	0	0	610.199881	255.564383	16.232924	10.857240	-1	###FLOW###
4	9	56	0	0	0	610.199881	255.564383	16.232924	10.857240	-1	###LINE###
5	9	56	0	0	0	610.20	255.56	16.23	10.86	100	128
3	9	57	0	0	0	165.599967	270.924373	37.312367	10.857240	-1	###FLOW###
4	9	57	0	0	0	165.599967	270.924373	37.312367	10.857240	-1	###LINE###
5	9	57	0	0	0	165.60	270.92	37.31	10.86	100	Nicholas
3	9	58	0	0	0	329.399946	270.924373	16.232924	10.857240	-1	###FLOW###
4	9	58	0	0	0	329.399946	270.924373	16.232924	10.857240	-1	###LINE###
5	9	58	0	0	0	329.40	270.92	16.23	10.86	100	181
3	9	59	0	0	0	422.999924	270.924373	16.232924	10.857240	-1	###FLOW###
4	9	59	0	0	0	422.999924	270.924373	16.232924	10.857240	-1	###LINE###
5	9	59	0	0	0	423.00	270.92	16.23	10.86	100	142
3	9	60	0	0	0	521.999931	270.924373	10.821949	10.857240	-1	###FLOW###
4	9	60	0	0	0	521.999931	270.924373	10.821949	10.857240	-1	###LINE###
5	9	60	0	0	0	522.00	270.92	10.82	10.86	100	37
3	9	61	0	0	0	615.599910	270.924373	10.821949	10.857240	-1	###FLOW###
4	9	61	0	0	0	615.599910	270.924373	10.821949	10.857240	-1	###LINE###
5	9	61	0	0	0	615.60	270.92	10.82	10.86	100	31
3	9	62	0	0	0	165.599967	286.404390	20.544186	10.857240	-1	###FLOW###
4	9	62	0	0	0	165.599967	286.404390	20.544186	10.857240	-1	###LINE###
5	9	62	0	0	0	165.60	286.40	20.54	10.86	100	Ohio
3	9	63	0	0	0	329.399946	286.404390	16.232924	10.857240	-1	###FLOW###
4	9	63	0	0	0	329.399946	286.404390	16.232924	10.857240	-1	###LINE###
5	9	63	0	0	0	329.40	286.40	16.23	10.86	100	379
3	9	64	0	0	0	422.999924	286.404390	16.232924	10.857240	-1	###FLOW###
4	9	64	0	0	0	422.999924	286.404390	16.232924	10.857240	-1	###LINE###
5	9	64	0	0	0	423.00	286.40	16.23	10.86	100	109
3	9	65	0	0	0	521.999931	286.404390	10.821949	10.857240	-1	###FLOW###
4	9	65	0	0	0	521.999931	286.404390	10.821949	10.857240	-1	###LINE###
5	9	65	0	0	0	522.00	286.40	10.82	10.86	100	49
3	9	66	0	0	0	615.599910	286.404390	10.821949	10.857240	-1	###FLOW###
4	9	66	0	0	0	615.599910	286.404390	10.821949	10.857240	-1	###LINE###
5	9	66	0	0	0	615.60	286.40	10.82	10.86	100	38
3	9	67	0	0	0	165.599967	301.764380	34.061890	10.857240	-1	###FLOW###
4	9	67	0	0	0	165.599967	301.764380	34.061890	10.857240	-1	###LINE###
5	9	67	0	0	0	165.60	301.76	34.06	10.86	100	Oldham
3	9	68	0	0	0	321.239938	301.764380	24.339653	10.857240	-1	###FLOW###
4	9	68	0	0	0	321.239938	301.764380	24.339653	10.857240	-1	###LINE###
5	9	68	0	0	0	321.24	301.76	24.34	10.86	100	1,787
3	9	69	0	0	0	422.999924	301.764380	16.232924	10.857240	-1	###FLOW###
4	9	69	0	0	0	422.999924	301.764380	16.232924	10.857240	-1	###LINE###
5	9	69	0	0	0	423.00	301.76	16.23	10.86	100	256
3	9	70	0	0	0	516.599903	301.764380	16.232924	10.857240	-1	###FLOW###
4	9	70	0	0	0	516.599903	301.764380	16.232924	10.857240	-1	###LINE###
5	9	70	0	0	0	516.60	301.76	16.23	10.86	100	124
3	9	71	0	0	0	615.599910	301.764380	10.821949	10.857240	-1	###FLOW###
4	9	71	0	0	0	615.599910	301.764380	10.821949	10.857240	-1	###LINE###
5	9	71	0	0	0	615.60	301.76	10.82	10.86	100	73
3	9	72	0	0	0	165.599967	317.244397	25.215531	10.857240	-1	###FLOW###
4	9	72	0	0	0	165.599967	317.244397	25.215531	10.857240	-1	###LINE###
5	9	72	0	0	0	165.60	317.24	25.22	10.86	100	Owen
3	9	73	0	0	0	329.399946	317.244397	16.232924	10.857240	-1	###FLOW###
4	9	73	0	0	0	329.399946	317.244397	16.232924	10.857240	-1	###LINE###
5	9	73	0	0	0	329.40	317.24	16.23	10.86	100	193
3	9	74	0	0	0	422.999924	317.244397	16.232924	10.857240	-1	###FLOW###
4	9	74	0	0	0	422.999924	317.244397	16.232924	10.857240	-1	###LINE###
5	9	74	0	0	0	423.00	317.24	16.23	10.86	100	145
3	9	75	0	0	0	521.999931	317.244397	10.821949	10.857240	-1	###FLOW###
4	9	75	0	0	0	521.999931	317.244397	10.821949	10.857240	-1	###LINE###
5	9	75	0	0	0	522.00	317.24	10.82	10.86	100	40
3	9	76	0	0	0	615.599910	317.244397	10.821949	10.857240	-1	###FLOW###
4	9	76	0	0	0	615.599910	317.244397	10.821949	10.857240	-1	###LINE###
5	9	76	0	0	0	615.60	317.24	10.82	10.86	100	46
3	9	77	0	0	0	165.599967	332.604386	31.697022	10.857240	-1	###FLOW###
4	9	77	0	0	0	165.599967	332.604386	31.697022	10.857240	-1	###LINE###
5	9	77	0	0	0	165.60	332.60	31.70	10.86	100	Owsley
3	9	78	0	0	0	334.799943	332.604386	10.821949	10.857240	-1	###FLOW###
4	9	78	0	0	0	334.799943	332.604386	10.821949	10.857240	-1	###LINE###
5	9	78	0	0	0	334.80	332.60	10.82	10.86	100	19
3	9	79	0	0	0	428.399953	332.604386	10.821949	10.857240	-1	###FLOW###
4	9	79	0	0	0	428.399953	332.604386	10.821949	10.857240	-1	###LINE###
5	9	79	0	0	0	428.40	332.60	10.82	10.86	100	16
3	9	80	0	0	0	527.399898	332.604386	5.410975	10.857240	-1	###FLOW###
4	9	80	0	0	0	527.399898	332.604386	5.410975	10.857240	-1	###LINE###
5	9	80	0	0	0	527.40	332.60	5.41	10.86	100	4
3	9	81	0	0	0	615.599910	332.604386	10.821949	10.857240	-1	###FLOW###
4	9	81	0	0	0	615.599910	332.604386	10.821949	10.857240	-1	###LINE###
5	9	81	0	0	0	615.60	332.60	10.82	10.86	100	10
3	9	82	0	0	0	165.599967	348.084388	43.803590	10.857240	-1	###FLOW###
4	9	82	0	0	0	165.599967	348.084388	43.803590	10.857240	-1	###LINE###
5	9	82	0	0	0	165.60	348.08	43.80	10.86	100	Pendleton
3	9	83	0	0	0	329.399946	348.084388	16.232924	10.857240	-1	###FLOW###
4	9	83	0	0	0	329.399946	348.084388	16.232924	10.857240	-1	###LINE###
5	9	83	0	0	0	329.40	348.08	16.23	10.86	100	152
3	9	84	0	0	0	428.399953	348.084388	10.821949	10.857240	-1	###FLOW###
4	9	84	0	0	0	428.399953	348.084388	10.821949	10.857240	-1	###LINE###
5	9	84	0	0	0	428.40	348.08	10.82	10.86	100	77
3	9	85	0	0	0	521.999931	348.084388	10.821949	10.857240	-1	###FLOW###
4	9	85	0	0	0	521.999931	348.084388	10.821949	10.857240	-1	###LINE###
5	9	85	0	0	0	522.00	348.08	10.82	10.86	100	19
3	9	86	0	0	0	615.599910	348.084388	10.821949	10.857240	-1	###FLOW###
4	9	86	0	0	0	615.599910	348.084388	10.821949	10.857240	-1	###LINE###
5	9	86	0	0	0	615.60	348.08	10.82	10.86	100	23
3	9	87	0	0	0	165.599967	363.444378	23.239941	10.857240	-1	###FLOW###
4	9	87	0	0	0	165.599967	363.444378	23.239941	10.857240	-1	###LINE###
5	9	87	0	0	0	165.60	363.44	23.24	10.86	100	Perry
3	9	88	0	0	0	329.399946	363.444378	16.232924	10.857240	-1	###FLOW###
4	9	88	0	0	0	329.399946	363.444378	16.232924	10.857240	-1	###LINE###
5	9	88	0	0	0	329.40	363.44	16.23	10.86	100	341
3	9	89	0	0	0	422.999924	363.444378	16.232924	10.857240	-1	###FLOW###
4	9	89	0	0	0	422.999924	363.444378	16.232924	10.857240	-1	###LINE###
5	9	89	0	0	0	423.00	363.44	16.23	10.86	100	232
3	9	90	0	0	0	521.999931	363.444378	10.821949	10.857240	-1	###FLOW###
4	9	90	0	0	0	521.999931	363.444378	10.821949	10.857240	-1	###LINE###
5	9	90	0	0	0	522.00	363.44	10.82	10.86	100	70
3	9	91	0	0	0	615.599910	363.444378	10.821949	10.857240	-1	###FLOW###
4	9	91	0	0	0	615.599910	363.444378	10.821949	10.857240	-1	###LINE###
5	9	91	0	0	0	615.60	363.44	10.82	10.86	100	75
3	9	92	0	0	0	165.599967	378.924395	18.918947	10.857240	-1	###FLOW###
4	9	92	0	0	0	165.599967	378.924395	18.918947	10.857240	-1	###LINE###
5	9	92	0	0	0	165.60	378.92	18.92	10.86	100	Pike
3	9	93	0	0	0	329.399946	378.924395	16.232924	10.857240	-1	###FLOW###
4	9	93	0	0	0	329.399946	378.924395	16.232924	10.857240	-1	###LINE###
5	9	93	0	0	0	329.40	378.92	16.23	10.86	100	668
3	9	94	0	0	0	422.999924	378.924395	16.232924	10.857240	-1	###FLOW###
4	9	94	0	0	0	422.999924	378.924395	16.232924	10.857240	-1	###LINE###
5	9	94	0	0	0	423.00	378.92	16.23	10.86	100	536
3	9	95	0	0	0	521.999931	378.924395	10.821949	10.857240	-1	###FLOW###
4	9	95	0	0	0	521.999931	378.924395	10.821949	10.857240	-1	###LINE###
5	9	95	0	0	0	522.00	378.92	10.82	10.86	100	96
3	9	96	0	0	0	610.199881	378.924395	16.232924	10.857240	-1	###FLOW###
4	9	96	0	0	0	610.199881	378.924395	16.232924	10.857240	-1	###LINE###
5	9	96	0	0	0	610.20	378.92	16.23	10.86	100	203
3	9	97	0	0	0	165.599967	394.284385	28.446544	10.857240	-1	###FLOW###
4	9	97	0	0	0	165.599967	394.284385	28.446544	10.857240	-1	###LINE###
5	9	97	0	0	0	165.60	394.28	28.45	10.86	100	Powell
3	9	98	0	0	0	329.399946	394.284385	16.232924	10.857240	-1	###FLOW###
4	9	98	0	0	0	329.399946	394.284385	16.232924	10.857240	-1	###LINE###
5	9	98	0	0	0	329.40	394.28	16.23	10.86	100	297
3	9	99	0	0	0	422.999924	394.284385	16.232924	10.857240	-1	###FLOW###
4	9	99	0	0	0	422.999924	394.284385	16.232924	10.857240	-1	###LINE###
5	9	99	0	0	0	423.00	394.28	16.23	10.86	100	177
3	9	100	0	0	0	521.999931	394.284385	10.821949	10.857240	-1	###FLOW###
4	9	100	0	0	0	521.999931	394.284385	10.821949	10.857240	-1	###LINE###
5	9	100	0	0	0	522.00	394.28	10.82	10.86	100	45
3	9	101	0	0	0	615.599910	394.284385	10.821949	10.857240	-1	###FLOW###
4	9	101	0	0	0	615.599910	394.284385	10.821949	10.857240	-1	###LINE###
5	9	101	0	0	0	615.60	394.28	10.82	10.86	100	48
3	9	102	0	0	0	165.599967	409.764371	31.356403	10.857240	-1	###FLOW###
4	9	102	0	0	0	165.599967	409.764371	31.356403	10.857240	-1	###LINE###
5	9	102	0	0	0	165.60	409.76	31.36	10.86	100	Pulaski
3	9	103	0	0	0	329.399946	409.764371	16.232924	10.857240	-1	###FLOW###
4	9	103	0	0	0	329.399946	409.764371	16.232924	10.857240	-1	###LINE###
5	9	103	0	0	0	329.40	409.76	16.23	10.86	100	516
3	9	104	0	0	0	422.999924	409.764371	16.232924	10.857240	-1	###FLOW###
4	9	104	0	0	0	422.999924	409.764371	16.232924	10.857240	-1	###LINE###
5	9	104	0	0	0	423.00	409.76	16.23	10.86	100	114
3	9	105	0	0	0	521.999931	409.764371	10.821949	10.857240	-1	###FLOW###
4	9	105	0	0	0	521.999931	409.764371	10.821949	10.857240	-1	###LINE###
5	9	105	0	0	0	522.00	409.76	10.82	10.86	100	55
3	9	106	0	0	0	615.599910	409.764371	10.821949	10.857240	-1	###FLOW###
4	9	106	0	0	0	615.599910	409.764371	10.821949	10.857240	-1	###LINE###
5	9	106	0	0	0	615.60	409.76	10.82	10.86	100	31
3	9	107	0	0	0	165.599967	425.124392	44.893571	10.857240	-1	###FLOW###
4	9	107	0	0	0	165.599967	425.124392	44.893571	10.857240	-1	###LINE###
5	9	107	0	0	0	165.60	425.12	44.89	10.86	100	Robertson
3	9	108	0	0	0	334.799943	425.124392	10.821949	10.857240	-1	###FLOW###
4	9	108	0	0	0	334.799943	425.124392	10.821949	10.857240	-1	###LINE###
5	9	108	0	0	0	334.80	425.12	10.82	10.86	100	40
3	9	109	0	0	0	428.399953	425.124392	10.821949	10.857240	-1	###FLOW###
4	9	109	0	0	0	428.399953	425.124392	10.821949	10.857240	-1	###LINE###
5	9	109	0	0	0	428.40	425.12	10.82	10.86	100	49
3	9	110	0	0	0	527.399898	425.124392	5.410975	10.857240	-1	###FLOW###
4	9	110	0	0	0	527.399898	425.124392	5.410975	10.857240	-1	###LINE###
5	9	110	0	0	0	527.40	425.12	5.41	10.86	100	7
3	9	111	0	0	0	615.599910	425.124392	10.821949	10.857240	-1	###FLOW###
4	9	111	0	0	0	615.599910	425.124392	10.821949	10.857240	-1	###LINE###
5	9	111	0	0	0	615.60	425.12	10.82	10.86	100	25
3	9	112	0	0	0	165.599967	440.604378	47.706110	10.857240	-1	###FLOW###
4	9	112	0	0	0	165.599967	440.604378	47.706110	10.857240	-1	###LINE###
5	9	112	0	0	0	165.60	440.60	47.71	10.86	100	Rockcastle
3	9	113	0	0	0	334.799943	440.604378	10.821949	10.857240	-1	###FLOW###
4	9	113	0	0	0	334.799943	440.604378	10.821949	10.857240	-1	###LINE###
5	9	113	0	0	0	334.80	440.60	10.82	10.86	100	78
3	9	114	0	0	0	428.399953	440.604378	10.821949	10.857240	-1	###FLOW###
4	9	114	0	0	0	428.399953	440.604378	10.821949	10.857240	-1	###LINE###
5	9	114	0	0	0	428.40	440.60	10.82	10.86	100	15
3	9	115	0	0	0	521.999931	440.604378	10.821949	10.857240	-1	###FLOW###
4	9	115	0	0	0	521.999931	440.604378	10.821949	10.857240	-1	###LINE###
5	9	115	0	0	0	522.00	440.60	10.82	10.86	100	12
3	9	116	0	0	0	620.999877	440.604378	5.410975	10.857240	-1	###FLOW###
4	9	116	0	0	0	620.999877	440.604378	5.410975	10.857240	-1	###LINE###
5	9	116	0	0	0	621.00	440.60	5.41	10.86	100	8
3	9	117	0	0	0	165.599967	455.964398	30.013391	10.857240	-1	###FLOW###
4	9	117	0	0	0	165.599967	455.964398	30.013391	10.857240	-1	###LINE###
5	9	117	0	0	0	165.60	455.96	30.01	10.86	100	Rowan
3	9	118	0	0	0	329.399946	455.964398	16.232924	10.857240	-1	###FLOW###
4	9	118	0	0	0	329.399946	455.964398	16.232924	10.857240	-1	###LINE###
5	9	118	0	0	0	329.40	455.96	16.23	10.86	100	608
3	9	119	0	0	0	422.999924	455.964398	16.232924	10.857240	-1	###FLOW###
4	9	119	0	0	0	422.999924	455.964398	16.232924	10.857240	-1	###LINE###
5	9	119	0	0	0	423.00	455.96	16.23	10.86	100	175
3	9	120	0	0	0	521.999931	455.964398	10.821949	10.857240	-1	###FLOW###
4	9	120	0	0	0	521.999931	455.964398	10.821949	10.857240	-1	###LINE###
5	9	120	0	0	0	522.00	455.96	10.82	10.86	100	60
3	9	121	0	0	0	615.599910	455.964398	10.821949	10.857240	-1	###FLOW###
4	9	121	0	0	0	615.599910	455.964398	10.821949	10.857240	-1	###LINE###
5	9	121	0	0	0	615.60	455.96	10.82	10.86	100	49
3	9	122	0	0	0	165.599967	471.444384	31.901393	10.857240	-1	###FLOW###
4	9	122	0	0	0	165.599967	471.444384	31.901393	10.857240	-1	###LINE###
5	9	122	0	0	0	165.60	471.44	31.90	10.86	100	Russell
3	9	123	0	0	0	329.399946	471.444384	16.232924	10.857240	-1	###FLOW###
4	9	123	0	0	0	329.399946	471.444384	16.232924	10.857240	-1	###LINE###
5	9	123	0	0	0	329.40	471.44	16.23	10.86	100	135
3	9	124	0	0	0	428.399953	471.444384	10.821949	10.857240	-1	###FLOW###
4	9	124	0	0	0	428.399953	471.444384	10.821949	10.857240	-1	###LINE###
5	9	124	0	0	0	428.40	471.44	10.82	10.86	100	39
3	9	125	0	0	0	521.999931	471.444384	10.821949	10.857240	-1	###FLOW###
4	9	125	0	0	0	521.999931	471.444384	10.821949	10.857240	-1	###LINE###
5	9	125	0	0	0	522.00	471.44	10.82	10.86	100	16
3	9	126	0	0	0	615.599910	471.444384	10.821949	10.857240	-1	###FLOW###
4	9	126	0	0	0	615.599910	471.444384	10.821949	10.857240	-1	###LINE###
5	9	126	0	0	0	615.60	471.44	10.82	10.86	100	25
3	9	127	0	0	0	165.599967	486.804375	22.247280	10.857240	-1	###FLOW###
4	9	127	0	0	0	165.599967	486.804375	22.247280	10.857240	-1	###LINE###
5	9	127	0	0	0	165.60	486.80	22.25	10.86	100	Scott
3	9	128	0	0	0	321.239938	486.804375	24.339653	10.857240	-1	###FLOW###
4	9	128	0	0	0	321.239938	486.804375	24.339653	10.857240	-1	###LINE###
5	9	128	0	0	0	321.24	486.80	24.34	10.86	100	2,510
3	9	129	0	0	0	422.999924	486.804375	16.232924	10.857240	-1	###FLOW###
4	9	129	0	0	0	422.999924	486.804375	16.232924	10.857240	-1	###LINE###
5	9	129	0	0	0	423.00	486.80	16.23	10.86	100	600
3	9	130	0	0	0	516.599903	486.804375	16.232924	10.857240	-1	###FLOW###
4	9	130	0	0	0	516.599903	486.804375	16.232924	10.857240	-1	###LINE###
5	9	130	0	0	0	516.60	486.80	16.23	10.86	100	224
3	9	131	0	0	0	610.199881	486.804375	16.232924	10.857240	-1	###FLOW###
4	9	131	0	0	0	610.199881	486.804375	16.232924	10.857240	-1	###LINE###
5	9	131	0	0	0	610.20	486.80	16.23	10.86	100	181
3	9	132	0	0	0	165.599967	502.164395	29.740896	10.857240	-1	###FLOW###
4	9	132	0	0	0	165.599967	502.164395	29.740896	10.857240	-1	###LINE###
5	9	132	0	0	0	165.60	502.16	29.74	10.86	100	Shelby
3	9	133	0	0	0	321.239938	502.164395	24.339653	10.857240	-1	###FLOW###
4	9	133	0	0	0	321.239938	502.164395	24.339653	10.857240	-1	###LINE###
5	9	133	0	0	0	321.24	502.16	24.34	10.86	100	1,282
3	9	134	0	0	0	422.999924	502.164395	16.232924	10.857240	-1	###FLOW###
4	9	134	0	0	0	422.999924	502.164395	16.232924	10.857240	-1	###LINE###
5	9	134	0	0	0	423.00	502.16	16.23	10.86	100	402
3	9	135	0	0	0	516.599903	502.164395	16.232924	10.857240	-1	###FLOW###
4	9	135	0	0	0	516.599903	502.164395	16.232924	10.857240	-1	###LINE###
5	9	135	0	0	0	516.60	502.16	16.23	10.86	100	152
3	9	136	0	0	0	610.199881	502.164395	16.232924	10.857240	-1	###FLOW###
4	9	136	0	0	0	610.199881	502.164395	16.232924	10.857240	-1	###LINE###
5	9	136	0	0	0	610.20	502.16	16.23	10.86	100	154
3	9	137	0	0	0	165.599967	517.644381	37.847626	10.857240	-1	###FLOW###
4	9	137	0	0	0	165.599967	517.644381	37.847626	10.857240	-1	###LINE###
5	9	137	0	0	0	165.60	517.64	37.85	10.86	100	Simpson
3	9	138	0	0	0	329.399946	517.644381	16.232924	10.857240	-1	###FLOW###
4	9	138	0	0	0	329.399946	517.644381	16.232924	10.857240	-1	###LINE###
5	9	138	0	0	0	329.40	517.64	16.23	10.86	100	294
3	9	139	0	0	0	428.399953	517.644381	10.821949	10.857240	-1	###FLOW###
4	9	139	0	0	0	428.399953	517.644381	10.821949	10.857240	-1	###LINE###
5	9	139	0	0	0	428.40	517.64	10.82	10.86	100	61
3	9	140	0	0	0	521.999931	517.644381	10.821949	10.857240	-1	###FLOW###
4	9	140	0	0	0	521.999931	517.644381	10.821949	10.857240	-1	###LINE###
5	9	140	0	0	0	522.00	517.64	10.82	10.86	100	21
3	9	141	0	0	0	615.599910	517.644381	10.821949	10.857240	-1	###FLOW###
4	9	141	0	0	0	615.599910	517.644381	10.821949	10.857240	-1	###LINE###
5	9	141	0	0	0	615.60	517.64	10.82	10.86	100	24
3	9	142	0	0	0	165.599967	533.124398	36.232119	10.857240	-1	###FLOW###
4	9	142	0	0	0	165.599967	533.124398	36.232119	10.857240	-1	###LINE###
5	9	142	0	0	0	165.60	533.12	36.23	10.86	100	Spencer
3	9	143	0	0	0	329.399946	533.124398	16.232924	10.857240	-1	###FLOW###
4	9	143	0	0	0	329.399946	533.124398	16.232924	10.857240	-1	###LINE###
5	9	143	0	0	0	329.40	533.12	16.23	10.86	100	251
3	9	144	0	0	0	428.399953	533.124398	10.821949	10.857240	-1	###FLOW###
4	9	144	0	0	0	428.399953	533.124398	10.821949	10.857240	-1	###LINE###
5	9	144	0	0	0	428.40	533.12	10.82	10.86	100	82
3	9	145	0	0	0	521.999931	533.124398	10.821949	10.857240	-1	###FLOW###
4	9	145	0	0	0	521.999931	533.124398	10.821949	10.857240	-1	###LINE###
5	9	145	0	0	0	522.00	533.12	10.82	10.86	100	39
3	9	146	0	0	0	615.599910	533.124398	10.821949	10.857240	-1	###FLOW###
4	9	146	0	0	0	615.599910	533.124398	10.821949	10.857240	-1	###LINE###
5	9	146	0	0	0	615.60	533.12	10.82	10.86	100	34
1	10	0	0	0	0	0.000000	0.000000	792.000000	612.000000	-1	###PAGE###
3	10	0	0	0	0	35.999994	54.115290	161.658823	13.404001	-1	###FLOW###
4	10	0	0	0	0	35.999994	54.115290	161.658823	13.404001	-1	###LINE###
5	10	0	0	0	0	36.00	54.12	89.57	13.40	100	Commonwealth
5	10	0	0	0	1	128.96	54.12	11.33	13.40	100	of
5	10	0	0	0	2	143.60	54.12	54.05	13.40	100	Kentucky
3	10	1	0	0	0	289.919964	54.115290	211.964694	13.404001	-1	###FLOW###
4	10	1	0	0	0	289.919964	54.115290	211.964694	13.404001	-1	###LINE###
5	10	1	0	0	0	289.92	54.12	44.03	13.40	100	Michael
5	10	1	0	0	1	337.40	54.12	12.66	13.40	100	G.
5	10	1	0	0	2	353.48	54.12	43.01	13.40	100	Adams,
5	10	1	0	0	3	399.93	54.12	54.90	13.40	100	Secretary
5	10	1	0	0	4	457.89	54.12	11.33	13.40	100	of
5	10	1	0	0	5	472.52	54.12	29.36	13.40	100	State
3	10	2	0	0	0	584.279905	54.115290	171.619073	13.404001	-1	###FLOW###
4	10	2	0	0	0	584.279905	54.115290	171.619073	13.404001	-1	###LINE###
5	10	2	0	0	0	584.28	54.12	26.72	13.40	100	2024
5	10	2	0	0	1	614.49	54.12	44.86	13.40	100	Primary
5	10	2	0	0	2	662.36	54.12	46.82	13.40	100	Election
5	10	2	0	0	3	712.53	54.12	43.37	13.40	100	Results
3	10	3	0	0	0	297.599945	89.964445	47.939677	22.017214	-1	###FLOW###
4	10	3	0	0	0	301.679949	89.964445	43.852250	10.857240	-1	###LINE###
5	10	3	0	0	0	301.68	89.96	31.38	10.86	100	Joseph
5	10	3	0	0	1	335.81	89.96	9.72	10.86	100	R.
4	10	3	0	1	0	297.599945	101.124419	47.939677	10.857240	-1	###LINE###
5	10	3	0	1	0	297.60	101.12	30.26	10.86	100	BIDEN
5	10	3	0	1	1	330.41	101.12	15.13	10.86	100	JR.
3	10	4	0	0	0	357.599936	101.124419	81.651216	10.857240	-1	###FLOW###
4	10	4	0	0	0	357.599936	101.124419	81.651216	10.857240	-1	###LINE###
5	10	4	0	0	0	357.60	101.12	81.65	10.86	100	"UNCOMMITTED"
3	10	5	0	0	0	470.639943	89.964445	62.294331	22.017214	-1	###FLOW###
4	10	5	0	0	0	492.359924	89.964445	40.465525	10.857240	-1	###LINE###
5	10	5	0	0	0	492.36	89.96	40.47	10.86	100	Marianne
4	10	5	0	1	0	470.639943	101.124419	62.294331	10.857240	-1	###LINE###
5	10	5	0	1	0	470.64	101.12	62.29	10.86	100	WILLIAMSON
3	10	6	0	0	0	582.719898	89.964445	43.682094	22.017214	-1	###FLOW###
4	10	6	0	0	0	603.239908	89.964445	23.162085	10.857240	-1	###LINE###
5	10	6	0	0	0	603.24	89.96	23.16	10.86	100	Dean
4	10	6	0	1	0	582.719898	101.124419	43.618683	10.857240	-1	###LINE###
5	10	6	0	1	0	582.72	101.12	43.62	10.86	100	PHILLIPS
3	10	7	0	0	0	165.599967	116.724401	26.889429	10.857240	-1	###FLOW###
4	10	7	0	0	0	165.599967	116.724401	26.889429	10.857240	-1	###LINE###
5	10	7	0	0	0	165.60	116.72	26.89	10.86	100	Taylor
3	10	8	0	0	0	329.399946	116.724401	16.232924	10.857240	-1	###FLOW###
4	10	8	0	0	0	329.399946	116.724401	16.232924	10.857240	-1	###LINE###
5	10	8	0	0	0	329.40	116.72	16.23	10.86	100	300
3	10	9	0	0	0	428.399953	116.724401	10.821949	10.857240	-1	###FLOW###
4	10	9	0	0	0	428.399953	116.724401	10.821949	10.857240	-1	###LINE###
5	10	9	0	0	0	428.40	116.72	10.82	10.86	100	79
3	10	10	0	0	0	521.999931	116.724401	10.821949	10.857240	-1	###FLOW###
4	10	10	0	0	0	521.999931	116.724401	10.821949	10.857240	-1	###LINE###
5	10	10	0	0	0	522.00	116.72	10.82	10.86	100	21
3	10	11	0	0	0	615.599910	116.724401	10.821949	10.857240	-1	###FLOW###
4	10	11	0	0	0	615.599910	116.724401	10.821949	10.857240	-1	###LINE###
5	10	11	0	0	0	615.60	116.72	10.82	10.86	100	21
3	10	12	0	0	0	165.599967	132.204387	22.169424	10.857240	-1	###FLOW###
4	10	12	0	0	0	165.599967	132.204387	22.169424	10.857240	-1	###LINE###
5	10	12	0	0	0	165.60	132.20	22.17	10.86	100	Todd
3	10	13	0	0	0	329.399946	132.204387	16.232924	10.857240	-1	###FLOW###
4	10	13	0	0	0	329.399946	132.204387	16.232924	10.857240	-1	###LINE###
5	10	13	0	0	0	329.40	132.20	16.23	10.86	100	102
3	10	14	0	0	0	428.399953	132.204387	10.821949	10.857240	-1	###FLOW###
4	10	14	0	0	0	428.399953	132.204387	10.821949	10.857240	-1	###LINE###
5	10	14	0	0	0	428.40	132.20	10.82	10.86	100	59
3	10	15	0	0	0	521.999931	132.204387	10.821949	10.857240	-1	###FLOW###
4	10	15	0	0	0	521.999931	132.204387	10.821949	10.857240	-1	###LINE###
5	10	15	0	0	0	522.00	132.20	10.82	10.86	100	16
3	10	16	0	0	0	615.599910	132.204387	10.821949	10.857240	-1	###FLOW###
4	10	16	0	0	0	615.599910	132.204387	10.821949	10.857240	-1	###LINE###
5	10	16	0	0	0	615.60	132.20	10.82	10.86	100	25
3	10	17	0	0	0	165.599967	147.564407	22.159692	10.857240	-1	###FLOW###
4	10	17	0	0	0	165.599967	147.564407	22.159692	10.857240	-1	###LINE###
5	10	17	0	0	0	165.60	147.56	22.16	10.86	100	Trigg
3	10	18	0	0	0	329.399946	147.564407	16.232924	10.857240	-1	###FLOW###
4	10	18	0	0	0	329.399946	147.564407	16.232924	10.857240	-1	###LINE###
5	10	18	0	0	0	329.40	147.56	16.23	10.86	100	289
3	10	19	0	0	0	428.399953	147.564407	10.821949	10.857240	-1	###FLOW###
4	10	19	0	0	0	428.399953	147.564407	10.821949	10.857240	-1	###LINE###
5	10	19	0	0	0	428.40	147.56	10.82	10.86	100	91
3	10	20	0	0	0	521.999931	147.564407	10.821949	10.857240	-1	###FLOW###
4	10	20	0	0	0	521.999931	147.564407	10.821949	10.857240	-1	###LINE###
5	10	20	0	0	0	522.00	147.56	10.82	10.86	100	30
3	10	21	0	0	0	615.599910	147.564407	10.821949	10.857240	-1	###FLOW###
4	10	21	0	0	0	615.599910	147.564407	10.821949	10.857240	-1	###LINE###
5	10	21	0	0	0	615.60	147.56	10.82	10.86	100	26
3	10	22	0	0	0	165.599967	163.044393	32.426919	10.857240	-1	###FLOW###
4	10	22	0	0	0	165.599967	163.044393	32.426919	10.857240	-1	###LINE###
5	10	22	0	0	0	165.60	163.04	32.43	10.86	100	Trimble
3	10	23	0	0	0	329.399946	163.044393	16.232924	10.857240	-1	###FLOW###
4	10	23	0	0	0	329.399946	163.044393	16.232924	10.857240	-1	###LINE###
5	10	23	0	0	0	329.40	163.04	16.23	10.86	100	164
3	10	24	0	0	0	422.999924	163.044393	16.232924	10.857240	-1	###FLOW###
4	10	24	0	0	0	422.999924	163.044393	16.232924	10.857240	-1	###LINE###
5	10	24	0	0	0	423.00	163.04	16.23	10.86	100	113
3	10	25	0	0	0	521.999931	163.044393	10.821949	10.857240	-1	###FLOW###
4	10	25	0	0	0	521.999931	163.044393	10.821949	10.857240	-1	###LINE###
5	10	25	0	0	0	522.00	163.04	10.82	10.86	100	38
3	10	26	0	0	0	615.599910	163.044393	10.821949	10.857240	-1	###FLOW###
4	10	26	0	0	0	615.599910	163.044393	10.821949	10.857240	-1	###LINE###
5	10	26	0	0	0	615.60	163.04	10.82	10.86	100	58
3	10	27	0	0	0	165.599967	178.404414	25.322582	10.857240	-1	###FLOW###
4	10	27	0	0	0	165.599967	178.404414	25.322582	10.857240	-1	###LINE###
5	10	27	0	0	0	165.60	178.40	25.32	10.86	100	Union
3	10	28	0	0	0	329.399946	178.404414	16.232924	10.857240	-1	###FLOW###
4	10	28	0	0	0	329.399946	178.404414	16.232924	10.857240	-1	###LINE###
5	10	28	0	0	0	329.40	178.40	16.23	10.86	100	291
3	10	29	0	0	0	422.999924	178.404414	16.232924	10.857240	-1	###FLOW###
4	10	29	0	0	0	422.999924	178.404414	16.232924	10.857240	-1	###LINE###
5	10	29	0	0	0	423.00	178.40	16.23	10.86	100	311
3	10	30	0	0	0	521.999931	178.404414	10.821949	10.857240	-1	###FLOW###
4	10	30	0	0	0	521.999931	178.404414	10.821949	10.857240	-1	###LINE###
5	10	30	0	0	0	522.00	178.40	10.82	10.86	100	67
3	10	31	0	0	0	615.599910	178.404414	10.821949	10.857240	-1	###FLOW###
4	10	31	0	0	0	615.599910	178.404414	10.821949	10.857240	-1	###LINE###
5	10	31	0	0	0	615.60	178.40	10.82	10.86	100	69
3	10	32	0	0	0	165.599967	193.884400	32.426919	10.857240	-1	###FLOW###
4	10	32	0	0	0	165.599967	193.884400	32.426919	10.857240	-1	###LINE###
5	10	32	0	0	0	165.60	193.88	32.43	10.86	100	Warren
3	10	33	0	0	0	321.239938	193.884400	24.339653	10.857240	-1	###FLOW###
4	10	33	0	0	0	321.239938	193.884400	24.339653	10.857240	-1	###LINE###
5	10	33	0	0	0	321.24	193.88	24.34	10.86	100	3,460
3	10	34	0	0	0	422.999924	193.884400	16.232924	10.857240	-1	###FLOW###
4	10	34	0	0	0	422.999924	193.884400	16.232924	10.857240	-1	###LINE###
5	10	34	0	0	0	423.00	193.88	16.23	10.86	100	799
3	10	35	0	0	0	516.599903	193.884400	16.232924	10.857240	-1	###FLOW###
4	10	35	0	0	0	516.599903	193.884400	16.232924	10.857240	-1	###LINE###
5	10	35	0	0	0	516.60	193.88	16.23	10.86	100	305
3	10	36	0	0	0	610.199881	193.884400	16.232924	10.857240	-1	###FLOW###
4	10	36	0	0	0	610.199881	193.884400	16.232924	10.857240	-1	###LINE###
5	10	36	0	0	0	610.20	193.88	16.23	10.86	100	177
3	10	37	0	0	0	165.599967	209.244390	51.900588	10.857240	-1	###FLOW###
4	10	37	0	0	0	165.599967	209.244390	51.900588	10.857240	-1	###LINE###
5	10	37	0	0	0	165.60	209.24	51.90	10.86	100	Washington
3	10	38	0	0	0	329.399946	209.244390	16.232924	10.857240	-1	###FLOW###
4	10	38	0	0	0	329.399946	209.244390	16.232924	10.857240	-1	###LINE###
5	10	38	0	0	0	329.40	209.24	16.23	10.86	100	290
3	10	39	0	0	0	428.399953	209.244390	10.821949	10.857240	-1	###FLOW###
4	10	39	0	0	0	428.399953	209.244390	10.821949	10.857240	-1	###LINE###
5	10	39	0	0	0	428.40	209.24	10.82	10.86	100	78
3	10	40	0	0	0	521.999931	209.244390	10.821949	10.857240	-1	###FLOW###
4	10	40	0	0	0	521.999931	209.244390	10.821949	10.857240	-1	###LINE###
5	10	40	0	0	0	522.00	209.24	10.82	10.86	100	40
3	10	41	0	0	0	615.599910	209.244390	10.821949	10.857240	-1	###FLOW###
4	10	41	0	0	0	615.599910	209.244390	10.821949	10.857240	-1	###LINE###
5	10	41	0	0	0	615.60	209.24	10.82	10.86	100	33
3	10	42	0	0	0	165.599967	224.724407	30.616773	10.857240	-1	###FLOW###
4	10	42	0	0	0	165.599967	224.724407	30.616773	10.857240	-1	###LINE###
5	10	42	0	0	0	165.60	224.72	30.62	10.86	100	Wayne
3	10	43	0	0	0	329.399946	224.724407	16.232924	10.857240	-1	###FLOW###
4	10	43	0	0	0	329.399946	224.724407	16.232924	10.857240	-1	###LINE###
5	10	43	0	0	0	329.40	224.72	16.23	10.86	100	168
3	10	44	0	0	0	428.399953	224.724407	10.821949	10.857240	-1	###FLOW###
4	10	44	0	0	0	428.399953	224.724407	10.821949	10.857240	-1	###LINE###
5	10	44	0	0	0	428.40	224.72	10.82	10.86	100	50
3	10	45	0	0	0	521.999931	224.724407	10.821949	10.857240	-1	###FLOW###
4	10	45	0	0	0	521.999931	224.724407	10.821949	10.857240	-1	###LINE###
5	10	45	0	0	0	522.00	224.72	10.82	10.86	100	17
3	10	46	0	0	0	615.599910	224.724407	10.821949	10.857240	-1	###FLOW###
4	10	46	0	0	0	615.599910	224.724407	10.821949	10.857240	-1	###LINE###
5	10	46	0	0	0	615.60	224.72	10.82	10.86	100	16
3	10	47	0	0	0	165.599967	240.084397	36.845233	10.857240	-1	###FLOW###
4	10	47	0	0	0	165.599967	240.084397	36.845233	10.857240	-1	###LINE###
5	10	47	0	0	0	165.60	240.08	36.85	10.86	100	Webster
3	10	48	0	0	0	329.399946	240.084397	16.232924	10.857240	-1	###FLOW###
4	10	48	0	0	0	329.399946	240.084397	16.232924	10.857240	-1	###LINE###
5	10	48	0	0	0	329.40	240.08	16.23	10.86	100	201
3	10	49	0	0	0	422.999924	240.084397	16.232924	10.857240	-1	###FLOW###
4	10	49	0	0	0	422.999924	240.084397	16.232924	10.857240	-1	###LINE###
5	10	49	0	0	0	423.00	240.08	16.23	10.86	100	103
3	10	50	0	0	0	521.999931	240.084397	10.821949	10.857240	-1	###FLOW###
4	10	50	0	0	0	521.999931	240.084397	10.821949	10.857240	-1	###LINE###
5	10	50	0	0	0	522.00	240.08	10.82	10.86	100	26
3	10	51	0	0	0	615.599910	240.084397	10.821949	10.857240	-1	###FLOW###
4	10	51	0	0	0	615.599910	240.084397	10.821949	10.857240	-1	###LINE###
5	10	51	0	0	0	615.60	240.08	10.82	10.86	100	20
3	10	52	0	0	0	165.599967	255.564383	32.417187	10.857240	-1	###FLOW###
4	10	52	0	0	0	165.599967	255.564383	32.417187	10.857240	-1	###LINE###
5	10	52	0	0	0	165.60	255.56	32.42	10.86	100	Whitley
3	10	53	0	0	0	329.399946	255.564383	16.232924	10.857240	-1	###FLOW###
4	10	53	0	0	0	329.399946	255.564383	16.232924	10.857240	-1	###LINE###
5	10	53	0	0	0	329.40	255.56	16.23	10.86	100	179
3	10	54	0	0	0	428.399953	255.564383	10.821949	10.857240	-1	###FLOW###
4	10	54	0	0	0	428.399953	255.564383	10.821949	10.857240	-1	###LINE###
5	10	54	0	0	0	428.40	255.56	10.82	10.86	100	30
3	10	55	0	0	0	521.999931	255.564383	10.821949	10.857240	-1	###FLOW###
4	10	55	0	0	0	521.999931	255.564383	10.821949	10.857240	-1	###LINE###
5	10	55	0	0	0	522.00	255.56	10.82	10.86	100	22
3	10	56	0	0	0	615.599910	255.564383	10.821949	10.857240	-1	###FLOW###
4	10	56	0	0	0	615.599910	255.564383	10.821949	10.857240	-1	###LINE###
5	10	56	0	0	0	615.60	255.56	10.82	10.86	100	11
3	10	57	0	0	0	165.599967	270.924373	25.390706	10.857240	-1	###FLOW###
4	10	57	0	0	0	165.599967	270.924373	25.390706	10.857240	-1	###LINE###
5	10	57	0	0	0	165.60	270.92	25.39	10.86	100	Wolfe
3	10	58	0	0	0	329.399946	270.924373	16.232924	10.857240	-1	###FLOW###
4	10	58	0	0	0	329.399946	270.924373	16.232924	10.857240	-1	###LINE###
5	10	58	0	0	0	329.40	270.92	16.23	10.86	100	125
3	10	59	0	0	0	422.999924	270.924373	16.232924	10.857240	-1	###FLOW###
4	10	59	0	0	0	422.999924	270.924373	16.232924	10.857240	-1	###LINE###
5	10	59	0	0	0	423.00	270.92	16.23	10.86	100	140
3	10	60	0	0	0	521.999931	270.924373	10.821949	10.857240	-1	###FLOW###
4	10	60	0	0	0	521.999931	270.924373	10.821949	10.857240	-1	###LINE###
5	10	60	0	0	0	522.00	270.92	10.82	10.86	100	22
3	10	61	0	0	0	615.599910	270.924373	10.821949	10.857240	-1	###FLOW###
4	10	61	0	0	0	615.599910	270.924373	10.821949	10.857240	-1	###LINE###
5	10	61	0	0	0	615.60	270.92	10.82	10.86	100	29
3	10	62	0	0	0	165.599967	286.404390	42.703878	10.857240	-1	###FLOW###
4	10	62	0	0	0	165.599967	286.404390	42.703878	10.857240	-1	###LINE###
5	10	62	0	0	0	165.60	286.40	42.70	10.86	100	Woodford
3	10	63	0	0	0	321.239938	286.404390	24.339653	10.857240	-1	###FLOW###
4	10	63	0	0	0	321.239938	286.404390	24.339653	10.857240	-1	###LINE###
5	10	63	0	0	0	321.24	286.40	24.34	10.86	100	1,860
3	10	64	0	0	0	422.999924	286.404390	16.232924	10.857240	-1	###FLOW###
4	10	64	0	0	0	422.999924	286.404390	16.232924	10.857240	-1	###LINE###
5	10	64	0	0	0	423.00	286.40	16.23	10.86	100	408
3	10	65	0	0	0	516.599903	286.404390	16.232924	10.857240	-1	###FLOW###
4	10	65	0	0	0	516.599903	286.404390	16.232924	10.857240	-1	###LINE###
5	10	65	0	0	0	516.60	286.40	16.23	10.86	100	143
3	10	66	0	0	0	615.599910	286.404390	10.821949	10.857240	-1	###FLOW###
4	10	66	0	0	0	615.599910	286.404390	10.821949	10.857240	-1	###LINE###
5	10	66	0	0	0	615.60	286.40	10.82	10.86	100	91
3	10	67	0	0	0	165.599967	302.124399	52.328795	10.857240	-1	###FLOW###
4	10	67	0	0	0	165.599967	302.124399	52.328795	10.857240	-1	###LINE###
5	10	67	0	0	0	165.60	302.12	23.10	10.86	100	Total
5	10	67	0	0	1	191.45	302.12	26.48	10.86	100	Votes
3	10	68	0	0	0	310.439942	302.124399	35.161602	10.857240	-1	###FLOW###
4	10	68	0	0	0	310.439942	302.124399	35.161602	10.857240	-1	###LINE###
5	10	68	0	0	0	310.44	302.12	35.16	10.86	100	131,449
3	10	69	0	0	0	409.439949	302.124399	29.750628	10.857240	-1	###FLOW###
4	10	69	0	0	0	409.439949	302.124399	29.750628	10.857240	-1	###LINE###
5	10	69	0	0	0	409.44	302.12	29.75	10.86	100	32,908
3	10	70	0	0	0	503.039929	302.124399	29.750628	10.857240	-1	###FLOW###
4	10	70	0	0	0	503.039929	302.124399	29.750628	10.857240	-1	###LINE###
5	10	70	0	0	0	503.04	302.12	29.75	10.86	100	11,190
3	10	71	0	0	0	602.039875	302.124399	24.339653	10.857240	-1	###FLOW###
4	10	71	0	0	0	602.039875	302.124399	24.339653	10.857240	-1	###LINE###
5	10	71	0	0	0	602.04	302.12	24.34	10.86	100	8,744
1	11	0	0	0	0	0.000000	0.000000	792.000000	612.000000	-1	###PAGE###
3	11	0	0	0	0	270.479967	216.146188	251.051264	32.390776	-1	###FLOW###
4	11	0	0	0	0	299.759939	216.146188	192.474066	15.950760	-1	###LINE###
5	11	0	0	0	0	299.76	216.15	106.66	15.95	100	Commonwealth
5	11	0	0	0	1	410.39	216.15	13.48	15.95	100	of
5	11	0	0	0	2	427.91	216.15	64.32	15.95	100	Kentucky
4	11	0	0	1	0	270.479967	232.586204	251.051264	15.950760	-1	###LINE###
5	11	0	0	1	0	270.48	232.59	52.24	15.95	100	Michael
5	11	0	0	1	1	326.63	232.59	15.07	15.95	100	G.
5	11	0	0	1	2	345.60	232.59	51.00	15.95	100	Adams,
5	11	0	0	1	3	400.56	232.59	64.83	15.95	100	Secretary
5	11	0	0	1	4	469.19	232.59	13.48	15.95	100	of
5	11	0	0	1	5	486.59	232.59	34.94	15.95	100	State
3	11	0	1	0	0	267.959970	281.906191	256.084014	32.390746	-1	###FLOW###
4	11	0	1	0	0	352.439952	281.906191	87.115175	15.950760	-1	###LINE###
5	11	0	1	0	0	352.44	281.91	27.81	15.95	100	May
5	11	0	1	0	1	383.99	281.91	19.86	15.95	100	21,
5	11	0	1	0	2	407.76	281.91	31.80	15.95	100	2024
4	11	0	1	1	0	267.959970	298.346177	256.084014	15.950760	-1	###LINE###
5	11	0	1	1	0	267.96	298.35	48.41	15.95	100	Official
5	11	0	1	1	1	320.39	298.35	31.80	15.95	100	2024
5	11	0	1	1	2	356.03	298.35	53.07	15.95	100	Primary
5	11	0	1	1	3	412.91	298.35	55.55	15.95	100	Election
5	11	0	1	1	4	472.43	298.35	51.61	15.95	100	Results
3	11	0	2	0	0	254.039961	347.666194	283.935706	32.390746	-1	###FLOW###
4	11	0	2	0	0	341.879938	347.666194	108.032539	15.950760	-1	###LINE###
5	11	0	2	0	0	341.88	347.67	23.00	15.95	100	For
5	11	0	2	0	1	368.87	347.67	21.43	15.95	100	the
5	11	0	2	0	2	394.31	347.67	38.10	15.95	100	office
5	11	0	2	0	3	436.43	347.67	13.48	15.95	100	of
4	11	0	2	1	0	254.039961	364.106180	283.935706	15.950760	-1	###LINE###
5	11	0	2	1	0	254.04	364.11	44.44	15.95	100	United
5	11	0	2	1	1	302.51	364.11	42.89	15.95	100	States
5	11	0	2	1	2	349.32	364.11	102.14	15.95	100	Representative
5	11	0	2	1	3	455.39	364.11	12.68	15.95	100	in
5	11	0	2	1	4	472.08	364.11	65.90	15.95	100	Congress
1	12	0	0	0	0	0.000000	0.000000	792.000000	612.000000	-1	###PAGE###
3	12	0	0	0	0	35.999994	54.115290	161.658823	13.404001	-1	###FLOW###
4	12	0	0	0	0	35.999994	54.115290	161.658823	13.404001	-1	###LINE###
5	12	0	0	0	0	36.00	54.12	89.57	13.40	100	Commonwealth
5	12	0	0	0	1	128.96	54.12	11.33	13.40	100	of
5	12	0	0	0	2	143.60	54.12	54.05	13.40	100	Kentucky
3	12	1	0	0	0	289.919964	54.115290	211.964694	13.404001	-1	###FLOW###
4	12	1	0	0	0	289.919964	54.115290	211.964694	13.404001	-1	###LINE###
5	12	1	0	0	0	289.92	54.12	44.03	13.40	100	Michael
5	12	1	0	0	1	337.40	54.12	12.66	13.40	100	G.
5	12	1	0	0	2	353.48	54.12	43.01	13.40	100	Adams,
5	12	1	0	0	3	399.93	54.12	54.90	13.40	100	Secretary
5	12	1	0	0	4	457.89	54.12	11.33	13.40	100	of
5	12	1	0	0	5	472.52	54.12	29.36	13.40	100	State
3	12	2	0	0	0	584.279905	54.115290	171.619073	13.404001	-1	###FLOW###
4	12	2	0	0	0	584.279905	54.115290	171.619073	13.404001	-1	###LINE###
5	12	2	0	0	0	584.28	54.12	26.72	13.40	100	2024
5	12	2	0	0	1	614.49	54.12	44.86	13.40	100	Primary
5	12	2	0	0	2	662.36	54.12	46.82	13.40	100	Election
5	12	2	0	0	3	712.53	54.12	43.37	13.40	100	Results
3	12	3	0	0	0	276.479951	111.955306	238.937868	41.003991	-1	###FLOW###
4	12	3	0	0	0	276.479951	111.955306	238.937868	13.404001	-1	###LINE###
5	12	3	0	0	0	276.48	111.96	37.34	13.40	100	United
5	12	3	0	0	1	317.13	111.96	36.04	13.40	100	States
5	12	3	0	0	2	356.61	111.96	86.03	13.40	100	Representative
5	12	3	0	0	3	446.00	111.96	10.66	13.40	100	in
5	12	3	0	0	4	460.04	111.96	55.38	13.40	100	Congress
4	12	3	0	1	0	319.439949	125.755316	152.924081	13.404001	-1	###LINE###
5	12	3	0	1	0	319.44	125.76	21.34	13.40	100	2nd
5	12	3	0	1	1	344.12	125.76	83.50	13.40	100	Congressional
5	12	3	0	1	2	431.00	125.76	41.37	13.40	100	District
4	12	3	0	2	0	346.679950	139.555296	98.881614	13.404001	-1	###LINE###
5	12	3	0	2	0	346.68	139.56	65.41	13.40	100	Democratic
5	12	3	0	2	1	415.52	139.56	30.04	13.40	100	Party
3	12	3	1	0	0	381.599932	164.364412	57.661914	22.017245	-1	###FLOW###
4	12	3	1	0	0	416.519945	164.364412	22.617095	10.857240	-1	###LINE###
5	12	3	1	0	0	416.52	164.36	22.62	10.86	100	Hank
4	12	3	1	1	0	381.599932	175.524417	57.661914	10.857240	-1	###LINE###
5	12	3	1	1	0	381.60	175.52	57.66	10.86	100	LINDERMAN
3	12	4	0	0	0	481.799942	164.364412	65.524896	22.017245	-1	###FLOW###
4	12	4	0	0	0	481.799942	164.364412	65.408561	10.857240	-1	###LINE###
5	12	4	0	0	0	481.80	164.36	31.87	10.86	100	William
5	12	4	0	0	1	516.29	164.36	30.92	10.86	100	Dakota
4	12	4	0	1	0	497.759922	175.524417	49.564916	10.857240	-1	###LINE###
5	12	4	0	1	0	497.76	175.52	49.56	10.86	100	COMPTON
3	12	5	0	0	0	244.799973	191.124398	29.195906	10.857240	-1	###FLOW###
4	12	5	0	0	0	244.799973	191.124398	29.195906	10.857240	-1	###LINE###
5	12	5	0	0	0	244.80	191.12	29.20	10.86	100	Barren
3	12	6	0	0	0	422.999924	191.124398	16.232924	10.857240	-1	###FLOW###
4	12	6	0	0	0	422.999924	191.124398	16.232924	10.857240	-1	###LINE###
5	12	6	0	0	0	423.00	191.12	16.23	10.86	100	557
3	12	7	0	0	0	530.999937	191.124398	16.232924	10.857240	-1	###FLOW###
4	12	7	0	0	0	530.999937	191.124398	16.232924	10.857240	-1	###LINE###
5	12	7	0	0	0	531.00	191.12	16.23	10.86	100	490
3	12	8	0	0	0	244.799973	206.604415	54.070817	10.857240	-1	###FLOW###
4	12	8	0	0	0	244.799973	206.604415	54.070817	10.857240	-1	###LINE###
5	12	8	0	0	0	244.80	206.60	54.07	10.86	100	Breckinridge
3	12	9	0	0	0	422.999924	206.604415	16.232924	10.857240	-1	###FLOW###
4	12	9	0	0	0	422.999924	206.604415	16.232924	10.857240	-1	###LINE###
5	12	9	0	0	0	423.00	206.60	16.23	10.86	100	300
3	12	10	0	0	0	530.999937	206.604415	16.232924	10.857240	-1	###FLOW###
4	12	10	0	0	0	530.999937	206.604415	16.232924	10.857240	-1	###LINE###
5	12	10	0	0	0	531.00	206.60	16.23	10.86	100	195
3	12	11	0	0	0	244.799973	221.964406	23.765467	10.857240	-1	###FLOW###
4	12	11	0	0	0	244.799973	221.964406	23.765467	10.857240	-1	###LINE###
5	12	11	0	0	0	244.80	221.96	23.77	10.86	100	Bullitt
3	12	12	0	0	0	414.839947	221.964406	24.339653	10.857240	-1	###FLOW###
4	12	12	0	0	0	414.839947	221.964406	24.339653	10.857240	-1	###LINE###
5	12	12	0	0	0	414.84	221.96	24.34	10.86	100	1,000
3	12	13	0	0	0	530.999937	221.964406	16.232924	10.857240	-1	###FLOW###
4	12	13	0	0	0	530.999937	221.964406	16.232924	10.857240	-1	###LINE###
5	12	13	0	0	0	531.00	221.96	16.23	10.86	100	697
3	12	14	0	0	0	244.799973	237.444392	25.400438	10.857240	-1	###FLOW###
4	12	14	0	0	0	244.799973	237.444392	25.400438	10.857240	-1	###LINE###
5	12	14	0	0	0	244.80	237.44	25.40	10.86	100	Butler
3	12	15	0	0	0	428.399953	237.444392	10.821949	10.857240	-1	###FLOW###
4	12	15	0	0	0	428.399953	237.444392	10.821949	10.857240	-1	###LINE###
5	12	15	0	0	0	428.40	237.44	10.82	10.86	100	75
3	12	16	0	0	0	536.399904	237.444392	10.821949	10.857240	-1	###FLOW###
4	12	16	0	0	0	536.399904	237.444392	10.821949	10.857240	-1	###LINE###
5	12	16	0	0	0	536.40	237.44	10.82	10.86	100	68
3	12	17	0	0	0	244.799973	252.804412	34.606880	10.857240	-1	###FLOW###
4	12	17	0	0	0	244.799973	252.804412	34.606880	10.857240	-1	###LINE###
5	12	17	0	0	0	244.80	252.80	34.61	10.86	100	Daviess
3	12	18	0	0	0	414.839947	252.804412	24.339653	10.857240	-1	###FLOW###
4	12	18	0	0	0	414.839947	252.804412	24.339653	10.857240	-1	###LINE###
5	12	18	0	0	0	414.84	252.80	24.34	10.86	100	2,351
3	12	19	0	0	0	522.839930	252.804412	24.339653	10.857240	-1	###FLOW###
4	12	19	0	0	0	522.839930	252.804412	24.339653	10.857240	-1	###LINE###
5	12	19	0	0	0	522.84	252.80	24.34	10.86	100	1,413
3	12	20	0	0	0	244.799973	268.284398	46.411758	10.857240	-1	###FLOW###
4	12	20	0	0	0	244.799973	268.284398	46.411758	10.857240	-1	###LINE###
5	12	20	0	0	0	244.80	268.28	46.41	10.86	100	Edmonson
3	12	21	0	0	0	422.999924	268.284398	16.232924	10.857240	-1	###FLOW###
4	12	21	0	0	0	422.999924	268.284398	16.232924	10.857240	-1	###LINE###
5	12	21	0	0	0	423.00	268.28	16.23	10.86	100	133
3	12	22	0	0	0	530.999937	268.284398	16.232924	10.857240	-1	###FLOW###
4	12	22	0	0	0	530.999937	268.284398	16.232924	10.857240	-1	###LINE###
5	12	22	0	0	0	531.00	268.28	16.23	10.86	100	104
3	12	23	0	0	0	244.799973	283.644388	36.563006	10.857240	-1	###FLOW###
4	12	23	0	0	0	244.799973	283.644388	36.563006	10.857240	-1	###LINE###
5	12	23	0	0	0	244.80	283.64	36.56	10.86	100	Grayson
3	12	24	0	0	0	422.999924	283.644388	16.232924	10.857240	-1	###FLOW###
4	12	24	0	0	0	422.999924	283.644388	16.232924	10.857240	-1	###LINE###
5	12	24	0	0	0	423.00	283.64	16.23	10.86	100	241
3	12	25	0	0	0	530.999937	283.644388	16.232924	10.857240	-1	###FLOW###
4	12	25	0	0	0	530.999937	283.644388	16.232924	10.857240	-1	###LINE###
5	12	25	0	0	0	531.00	283.64	16.23	10.86	100	141
3	12	26	0	0	0	244.799973	299.124375	27.035409	10.857240	-1	###FLOW###
4	12	26	0	0	0	244.799973	299.124375	27.035409	10.857240	-1	###LINE###
5	12	26	0	0	0	244.80	299.12	27.04	10.86	100	Green
3	12	27	0	0	0	428.399953	299.124375	10.821949	10.857240	-1	###FLOW###
4	12	27	0	0	0	428.399953	299.124375	10.821949	10.857240	-1	###LINE###
5	12	27	0	0	0	428.40	299.12	10.82	10.86	100	68
3	12	28	0	0	0	536.399904	299.124375	10.821949	10.857240	-1	###FLOW###
4	12	28	0	0	0	536.399904	299.124375	10.821949	10.857240	-1	###LINE###
5	12	28	0	0	0	536.40	299.12	10.82	10.86	100	77
3	12	29	0	0	0	244.799973	314.484395	37.857358	10.857240	-1	###FLOW###
4	12	29	0	0	0	244.799973	314.484395	37.857358	10.857240	-1	###LINE###
5	12	29	0	0	0	244.80	314.48	37.86	10.86	100	Hancock
3	12	30	0	0	0	422.999924	314.484395	16.232924	10.857240	-1	###FLOW###
4	12	30	0	0	0	422.999924	314.484395	16.232924	10.857240	-1	###LINE###
5	12	30	0	0	0	423.00	314.48	16.23	10.86	100	202
3	12	31	0	0	0	530.999937	314.484395	16.232924	10.857240	-1	###FLOW###
4	12	31	0	0	0	530.999937	314.484395	16.232924	10.857240	-1	###LINE###
5	12	31	0	0	0	531.00	314.48	16.23	10.86	100	111
3	12	32	0	0	0	244.799973	329.964381	28.563328	10.857240	-1	###FLOW###
4	12	32	0	0	0	244.799973	329.964381	28.563328	10.857240	-1	###LINE###
5	12	32	0	0	0	244.80	329.96	28.56	10.86	100	Hardin
3	12	33	0	0	0	414.839947	329.964381	24.339653	10.857240	-1	###FLOW###
4	12	33	0	0	0	414.839947	329.964381	24.339653	10.857240	-1	###LINE###
5	12	33	0	0	0	414.84	329.96	24.34	10.86	100	1,703
3	12	34	0	0	0	522.839930	329.964381	24.339653	10.857240	-1	###FLOW###
4	12	34	0	0	0	522.839930	329.964381	24.339653	10.857240	-1	###LINE###
5	12	34	0	0	0	522.84	329.96	24.34	10.86	100	1,258
3	12	35	0	0	0	244.799973	345.324402	18.373957	10.857240	-1	###FLOW###
4	12	35	0	0	0	244.799973	345.324402	18.373957	10.857240	-1	###LINE###
5	12	35	0	0	0	244.80	345.32	18.37	10.86	100	Hart
3	12	36	0	0	0	422.999924	345.324402	16.232924	10.857240	-1	###FLOW###
4	12	36	0	0	0	422.999924	345.324402	16.232924	10.857240	-1	###LINE###
5	12	36	0	0	0	423.00	345.32	16.23	10.86	100	331
3	12	37	0	0	0	530.999937	345.324402	16.232924	10.857240	-1	###FLOW###
4	12	37	0	0	0	530.999937	345.324402	16.232924	10.857240	-1	###LINE###
5	12	37	0	0	0	531.00	345.32	16.23	10.86	100	257
3	12	38	0	0	0	244.799973	360.804373	40.212494	10.857240	-1	###FLOW###
4	12	38	0	0	0	244.799973	360.804373	40.212494	10.857240	-1	###LINE###
5	12	38	0	0	0	244.80	360.80	40.21	10.86	100	Jefferson
3	12	39	0	0	0	422.999924	360.804373	16.232924	10.857240	-1	###FLOW###
4	12	39	0	0	0	422.999924	360.804373	16.232924	10.857240	-1	###LINE###
5	12	39	0	0	0	423.00	360.80	16.23	10.86	100	782
3	12	40	0	0	0	530.999937	360.804373	16.232924	10.857240	-1	###FLOW###
4	12	40	0	0	0	530.999937	360.804373	16.232924	10.857240	-1	###LINE###
5	12	40	0	0	0	531.00	360.80	16.23	10.86	100	663
3	12	41	0	0	0	244.799973	376.164393	24.884644	10.857240	-1	###FLOW###
4	12	41	0	0	0	244.799973	376.164393	24.884644	10.857240	-1	###LINE###
5	12	41	0	0	0	244.80	376.16	24.88	10.86	100	Larue
3	12	42	0	0	0	422.999924	376.164393	16.232924	10.857240	-1	###FLOW###
4	12	42	0	0	0	422.999924	376.164393	16.232924	10.857240	-1	###LINE###
5	12	42	0	0	0	423.00	376.16	16.23	10.86	100	202
3	12	43	0	0	0	530.999937	376.164393	16.232924	10.857240	-1	###FLOW###
4	12	43	0	0	0	530.999937	376.164393	16.232924	10.857240	-1	###LINE###
5	12	43	0	0	0	531.00	376.16	16.23	10.86	100	182
3	12	44	0	0	0	244.799973	391.644379	27.054873	10.857240	-1	###FLOW###
4	12	44	0	0	0	244.799973	391.644379	27.054873	10.857240	-1	###LINE###
5	12	44	0	0	0	244.80	391.64	27.05	10.86	100	Logan
3	12	45	0	0	0	428.399953	391.644379	10.821949	10.857240	-1	###FLOW###
4	12	45	0	0	0	428.399953	391.644379	10.821949	10.857240	-1	###LINE###
5	12	45	0	0	0	428.40	391.64	10.82	10.86	100	31
3	12	46	0	0	0	536.399904	391.644379	10.821949	10.857240	-1	###FLOW###
4	12	46	0	0	0	536.399904	391.644379	10.821949	10.857240	-1	###LINE###
5	12	46	0	0	0	536.40	391.64	10.82	10.86	100	33
3	12	47	0	0	0	244.799973	407.004370	34.616612	10.857240	-1	###FLOW###
4	12	47	0	0	0	244.799973	407.004370	34.616612	10.857240	-1	###LINE###
5	12	47	0	0	0	244.80	407.00	34.62	10.86	100	McLean
3	12	48	0	0	0	422.999924	407.004370	16.232924	10.857240	-1	###FLOW###
4	12	48	0	0	0	422.999924	407.004370	16.232924	10.857240	-1	###LINE###
5	12	48	0	0	0	423.00	407.00	16.23	10.86	100	151
3	12	49	0	0	0	530.999937	407.004370	16.232924	10.857240	-1	###FLOW###
4	12	49	0	0	0	530.999937	407.004370	16.232924	10.857240	-1	###LINE###
5	12	49	0	0	0	531.00	407.00	16.23	10.86	100	101
3	12	50	0	0	0	244.799973	422.484386	29.653308	10.857240	-1	###FLOW###
4	12	50	0	0	0	244.799973	422.484386	29.653308	10.857240	-1	###LINE###
5	12	50	0	0	0	244.80	422.48	29.65	10.86	100	Meade
3	12	51	0	0	0	422.999924	422.484386	16.232924	10.857240	-1	###FLOW###
4	12	51	0	0	0	422.999924	422.484386	16.232924	10.857240	-1	###LINE###
5	12	51	0	0	0	423.00	422.48	16.23	10.86	100	498
3	12	52	0	0	0	530.999937	422.484386	16.232924	10.857240	-1	###FLOW###
4	12	52	0	0	0	530.999937	422.484386	16.232924	10.857240	-1	###LINE###
5	12	52	0	0	0	531.00	422.48	16.23	10.86	100	375
3	12	53	0	0	0	244.799973	437.844376	51.287474	10.857240	-1	###FLOW###
4	12	53	0	0	0	244.799973	437.844376	51.287474	10.857240	-1	###LINE###
5	12	53	0	0	0	244.80	437.84	51.29	10.86	100	Muhlenberg
3	12	54	0	0	0	422.999924	437.844376	16.232924	10.857240	-1	###FLOW###
4	12	54	0	0	0	422.999924	437.844376	16.232924	10.857240	-1	###LINE###
5	12	54	0	0	0	423.00	437.84	16.23	10.86	100	647
3	12	55	0	0	0	530.999937	437.844376	16.232924	10.857240	-1	###FLOW###
4	12	55	0	0	0	530.999937	437.844376	16.232924	10.857240	-1	###LINE###
5	12	55	0	0	0	531.00	437.84	16.23	10.86	100	497
3	12	56	0	0	0	244.799973	453.324392	30.285886	10.857240	-1	###FLOW###
4	12	56	0	0	0	244.799973	453.324392	30.285886	10.857240	-1	###LINE###
5	12	56	0	0	0	244.80	453.32	30.29	10.86	100	Nelson
3	12	57	0	0	0	422.999924	453.324392	16.232924	10.857240	-1	###FLOW###
4	12	57	0	0	0	422.999924	453.324392	16.232924	10.857240	-1	###LINE###
5	12	57	0	0	0	423.00	453.32	16.23	10.86	100	545
3	12	58	0	0	0	530.999937	453.324392	16.232924	10.857240	-1	###FLOW###
4	12	58	0	0	0	530.999937	453.324392	16.232924	10.857240	-1	###LINE###
5	12	58	0	0	0	531.00	453.32	16.23	10.86	100	378
3	12	59	0	0	0	244.799973	468.684383	20.544186	10.857240	-1	###FLOW###
4	12	59	0	0	0	244.799973	468.684383	20.544186	10.857240	-1	###LINE###
5	12	59	0	0	0	244.80	468.68	20.54	10.86	100	Ohio
3	12	60	0	0	0	422.999924	468.684383	16.232924	10.857240	-1	###FLOW###
4	12	60	0	0	0	422.999924	468.684383	16.232924	10.857240	-1	###LINE###
5	12	60	0	0	0	423.00	468.68	16.23	10.86	100	295
3	12	61	0	0	0	530.999937	468.684383	16.232924	10.857240	-1	###FLOW###
4	12	61	0	0	0	530.999937	468.684383	16.232924	10.857240	-1	###LINE###
5	12	61	0	0	0	531.00	468.68	16.23	10.86	100	239
3	12	62	0	0	0	244.799973	484.164399	32.426919	10.857240	-1	###FLOW###
4	12	62	0	0	0	244.799973	484.164399	32.426919	10.857240	-1	###LINE###
5	12	62	0	0	0	244.80	484.16	32.43	10.86	100	Warren
3	12	63	0	0	0	414.839947	484.164399	24.339653	10.857240	-1	###FLOW###
4	12	63	0	0	0	414.839947	484.164399	24.339653	10.857240	-1	###LINE###
5	12	63	0	0	0	414.84	484.16	24.34	10.86	100	2,403
3	12	64	0	0	0	522.839930	484.164399	24.339653	10.857240	-1	###FLOW###
4	12	64	0	0	0	522.839930	484.164399	24.339653	10.857240	-1	###LINE###
5	12	64	0	0	0	522.84	484.16	24.34	10.86	100	2,034
3	12	65	0	0	0	244.799973	499.884408	52.328795	10.857240	-1	###FLOW###
4	12	65	0	0	0	244.799973	499.884408	52.328795	10.857240	-1	###LINE###
5	12	65	0	0	0	244.80	499.88	23.10	10.86	100	Total
5	12	65	0	0	1	270.65	499.88	26.48	10.86	100	Votes
3	12	66	0	0	0	409.439949	499.884408	29.750628	10.857240	-1	###FLOW###
4	12	66	0	0	0	409.439949	499.884408	29.750628	10.857240	-1	###LINE###
5	12	66	0	0	0	409.44	499.88	29.75	10.86	100	12,515
3	12	67	0	0	0	522.839930	499.884408	24.339653	10.857240	-1	###FLOW###
4	12	67	0	0	0	522.839930	499.884408	24.339653	10.857240	-1	###LINE###
5	12	67	0	0	0	522.84	499.88	24.34	10.86	100	9,313
1	13	0	0	0	0	0.000000	0.000000	792.000000	612.000000	-1	###PAGE###
3	13	0	0	0	0	35.999994	54.115290	161.658823	13.404001	-1	###FLOW###
4	13	0	0	0	0	35.999994	54.115290	161.658823	13.404001	-1	###LINE###
5	13	0	0	0	0	36.00	54.12	89.57	13.40	100	Commonwealth
5	13	0	0	0	1	128.96	54.12	11.33	13.40	100	of
5	13	0	0	0	2	143.60	54.12	54.05	13.40	100	Kentucky
3	13	1	0	0	0	289.919964	54.115290	211.964694	13.404001	-1	###FLOW###
4	13	1	0	0	0	289.919964	54.115290	211.964694	13.404001	-1	###LINE###
5	13	1	0	0	0	289.92	54.12	44.03	13.40	100	Michael
5	13	1	0	0	1	337.40	54.12	12.66	13.40	100	G.
5	13	1	0	0	2	353.48	54.12	43.01	13.40	100	Adams,
5	13	1	0	0	3	399.93	54.12	54.90	13.40	100	Secretary
5	13	1	0	0	4	457.89	54.12	11.33	13.40	100	of
5	13	1	0	0	5	472.52	54.12	29.36	13.40	100	State
3	13	2	0	0	0	584.279905	54.115290	171.619073	13.404001	-1	###FLOW###
4	13	2	0	0	0	584.279905	54.115290	171.619073	13.404001	-1	###LINE###
5	13	2	0	0	0	584.28	54.12	26.72	13.40	100	2024
5	13	2	0	0	1	614.49	54.12	44.86	13.40	100	Primary
5	13	2	0	0	2	662.36	54.12	46.82	13.40	100	Election
5	13	2	0	0	3	712.53	54.12	43.37	13.40	100	Results
3	13	3	0	0	0	320.759943	111.955306	150.292844	41.003991	-1	###FLOW###
4	13	3	0	0	0	342.959950	111.955306	106.030406	13.404001	-1	###LINE###
5	13	3	0	0	0	342.96	111.96	16.68	13.40	100	US
5	13	3	0	0	1	362.96	111.96	86.03	13.40	100	Representative
4	13	3	0	1	0	320.759943	125.755316	150.292844	13.404001	-1	###LINE###
5	13	3	0	1	0	320.76	125.76	18.68	13.40	100	3rd
5	13	3	0	1	1	342.81	125.76	83.49	13.40	100	Congressional
5	13	3	0	1	2	429.69	125.76	41.37	13.40	100	District
4	13	3	0	2	0	347.039954	139.555296	98.280875	13.404001	-1	###LINE###
5	13	3	0	2	0	347.04	139.56	64.81	13.40	100	Republican
5	13	3	0	2	1	415.16	139.56	30.16	13.40	100	Party
3	13	3	1	0	0	398.759946	164.364412	40.504453	22.017245	-1	###FLOW###
4	13	3	1	0	0	418.679938	164.364412	20.544186	10.857240	-1	###LINE###
5	13	3	1	0	0	418.68	164.36	20.54	10.86	100	Mike
4	13	3	1	1	0	398.759946	175.524417	40.504453	10.857240	-1	###LINE###
5	13	3	1	1	0	398.76	175.52	40.50	10.86	100	CRAVEN
3	13	4	0	0	0	496.679941	164.364412	50.708071	22.017245	-1	###FLOW###
4	13	4	0	0	0	519.359943	164.364412	28.028069	10.857240	-1	###LINE###
5	13	4	0	0	0	519.36	164.36	28.03	10.86	100	Denny
4	13	4	0	1	0	496.679941	175.524417	50.654896	10.857240	-1	###LINE###
5	13	4	0	1	0	496.68	175.52	50.65	10.86	100	ORMEROD
3	13	5	0	0	0	244.799973	191.124398	40.212494	10.857240	-1	###FLOW###
4	13	5	0	0	0	244.799973	191.124398	40.212494	10.857240	-1	###LINE###
5	13	5	0	0	0	244.80	191.12	40.21	10.86	100	Jefferson
3	13	6	0	0	0	409.439949	191.124398	29.750628	10.857240	-1	###FLOW###
4	13	6	0	0	0	409.439949	191.124398	29.750628	10.857240	-1	###LINE###
5	13	6	0	0	0	409.44	191.12	29.75	10.86	100	15,397
3	13	7	0	0	0	522.839930	191.124398	24.339653	10.857240	-1	###FLOW###
4	13	7	0	0	0	522.839930	191.124398	24.339653	10.857240	-1	###LINE###
5	13	7	0	0	0	522.84	191.12	24.34	10.86	100	5,074
3	13	8	0	0	0	244.799973	206.844407	52.328795	10.857240	-1	###FLOW###
4	13	8	0	0	0	244.799973	206.844407	52.328795	10.857240	-1	###LINE###
5	13	8	0	0	0	244.80	206.84	23.10	10.86	100	Total
5	13	8	0	0	1	270.65	206.84	26.48	10.86	100	Votes
3	13	9	0	0	0	409.439949	206.844407	29.750628	10.857240	-1	###FLOW###
4	13	9	0	0	0	409.439949	206.844407	29.750628	10.857240	-1	###LINE###
5	13	9	0	0	0	409.44	206.84	29.75	10.86	100	15,397
3	13	10	0	0	0	522.839930	206.844407	24.339653	10.857240	-1	###FLOW###
4	13	10	0	0	0	522.839930	206.844407	24.339653	10.857240	-1	###LINE###
5	13	10	0	0	0	522.84	206.84	24.34	10.86	100	5,074
3	13	11	0	0	0	320.759943	255.715281	150.292844	41.003991	-1	###FLOW###
4	13	11	0	0	0	342.959950	255.715281	106.030406	13.404001	-1	###LINE###
5	13	11	0	0	0	342.96	255.72	16.68	13.40	100	US
5	13	11	0	0	1	362.96	255.72	86.03	13.40	100	Representative
4	13	11	0	1	0	320.759943	269.515261	150.292844	13.404001	-1	###LINE###
5	13	11	0	1	0	320.76	269.52	18.68	13.40	100	3rd
5	13	11	0	1	1	342.81	269.52	83.49	13.40	100	Congressional
5	13	11	0	1	2	429.69	269.52	41.37	13.40	100	District
4	13	11	0	2	0	346.679950	283.315271	98.881614	13.404001	-1	###LINE###
5	13	11	0	2	0	346.68	283.32	65.41	13.40	100	Democratic
5	13	11	0	2	1	415.52	283.32	30.04	13.40	100	Party
3	13	11	1	0	0	331.319956	308.124387	54.070817	22.017245	-1	###FLOW###
4	13	11	1	0	0	352.319961	308.124387	32.894054	10.857240	-1	###LINE###
5	13	11	1	0	0	352.32	308.12	32.89	10.86	100	Morgan
4	13	11	1	1	0	331.319956	319.284392	54.070817	10.857240	-1	###LINE###
5	13	11	1	1	0	331.32	319.28	54.07	10.86	100	McGARVEY
3	13	12	0	0	0	409.079946	308.124387	84.115170	22.017245	-1	###FLOW###
4	13	12	0	0	0	409.079946	308.124387	84.084208	10.857240	-1	###LINE###
5	13	12	0	0	0	409.08	308.12	37.27	10.86	100	Geoffrey
5	13	12	0	0	1	448.85	308.12	10.68	10.86	100	M.
5	13	12	0	0	2	462.29	308.12	30.87	10.86	100	"Geoff"
4	13	12	0	1	0	457.799946	319.284392	35.395170	10.857240	-1	###LINE###
5	13	12	0	1	0	457.80	319.28	35.40	10.86	100	YOUNG
3	13	13	0	0	0	555.359907	308.124387	45.944624	22.017245	-1	###FLOW###
4	13	13	0	0	0	576.839906	308.124387	24.339653	10.857240	-1	###LINE###
5	13	13	0	0	0	576.84	308.12	24.34	10.86	100	Jared
4	13	13	0	1	0	555.359907	319.284392	45.944624	10.857240	-1	###LINE###
5	13	13	0	1	0	555.36	319.28	45.94	10.86	100	RANDALL
3	13	14	0	0	0	190.799966	334.884404	40.212494	10.857240	-1	###FLOW###
4	13	14	0	0	0	190.799966	334.884404	40.212494	10.857240	-1	###LINE###
5	13	14	0	0	0	190.80	334.88	40.21	10.86	100	Jefferson
3	13	15	0	0	0	355.439943	334.884404	29.750628	10.857240	-1	###FLOW###
4	13	15	0	0	0	355.439943	334.884404	29.750628	10.857240	-1	###LINE###
5	13	15	0	0	0	355.44	334.88	29.75	10.86	100	44,275
3	13	16	0	0	0	468.839924	334.884404	24.339653	10.857240	-1	###FLOW###
4	13	16	0	0	0	468.839924	334.884404	24.339653	10.857240	-1	###LINE###
5	13	16	0	0	0	468.84	334.88	24.34	10.86	100	5,875
3	13	17	0	0	0	576.839906	334.884404	24.339653	10.857240	-1	###FLOW###
4	13	17	0	0	0	576.839906	334.884404	24.339653	10.857240	-1	###LINE###
5	13	17	0	0	0	576.84	334.88	24.34	10.86	100	2,491
3	13	18	0	0	0	190.799966	350.604398	52.328795	10.857240	-1	###FLOW###
4	13	18	0	0	0	190.799966	350.604398	52.328795	10.857240	-1	###LINE###
5	13	18	0	0	0	190.80	350.60	23.10	10.86	100	Total
5	13	18	0	0	1	216.65	350.60	26.48	10.86	100	Votes
3	13	19	0	0	0	355.439943	350.604398	29.750628	10.857240	-1	###FLOW###
4	13	19	0	0	0	355.439943	350.604398	29.750628	10.857240	-1	###LINE###
5	13	19	0	0	0	355.44	350.60	29.75	10.86	100	44,275
3	13	20	0	0	0	468.839924	350.604398	24.339653	10.857240	-1	###FLOW###
4	13	20	0	0	0	468.839924	350.604398	24.339653	10.857240	-1	###LINE###
5	13	20	0	0	0	468.84	350.60	24.34	10.86	100	5,875
3	13	21	0	0	0	576.839906	350.604398	24.339653	10.857240	-1	###FLOW###
4	13	21	0	0	0	576.839906	350.604398	24.339653	10.857240	-1	###LINE###
5	13	21	0	0	0	576.84	350.60	24.34	10.86	100	2,491
1	14	0	0	0	0	0.000000	0.000000	792.000000	612.000000	-1	###PAGE###
3	14	0	0	0	0	35.999994	54.115290	161.658823	13.404001	-1	###FLOW###
4	14	0	0	0	0	35.999994	54.115290	161.658823	13.404001	-1	###LINE###
5	14	0	0	0	0	36.00	54.12	89.57	13.40	100	Commonwealth
5	14	0	0	0	1	128.96	54.12	11.33	13.40	100	of
5	14	0	0	0	2	143.60	54.12	54.05	13.40	100	Kentucky
3	14	1	0	0	0	289.919964	54.115290	211.964694	13.404001	-1	###FLOW###
4	14	1	0	0	0	289.919964	54.115290	211.964694	13.404001	-1	###LINE###
5	14	1	0	0	0	289.92	54.12	44.03	13.40	100	Michael
5	14	1	0	0	1	337.40	54.12	12.66	13.40	100	G.
5	14	1	0	0	2	353.48	54.12	43.01	13.40	100	Adams,
5	14	1	0	0	3	399.93	54.12	54.90	13.40	100	Secretary
5	14	1	0	0	4	457.89	54.12	11.33	13.40	100	of
5	14	1	0	0	5	472.52	54.12	29.36	13.40	100	State
3	14	2	0	0	0	584.279905	54.115290	171.619073	13.404001	-1	###FLOW###
4	14	2	0	0	0	584.279905	54.115290	171.619073	13.404001	-1	###LINE###
5	14	2	0	0	0	584.28	54.12	26.72	13.40	100	2024
5	14	2	0	0	1	614.49	54.12	44.86	13.40	100	Primary
5	14	2	0	0	2	662.36	54.12	46.82	13.40	100	Election
5	14	2	0	0	3	712.53	54.12	43.37	13.40	100	Results
3	14	3	0	0	0	321.119947	111.955306	149.571958	41.003991	-1	###FLOW###
4	14	3	0	0	0	342.959950	111.955306	106.030406	13.404001	-1	###LINE###
5	14	3	0	0	0	342.96	111.96	16.68	13.40	100	US
5	14	3	0	0	1	362.96	111.96	86.03	13.40	100	Representative
4	14	3	0	1	0	321.119947	125.755316	149.571958	13.404001	-1	###LINE###
5	14	3	0	1	0	321.12	125.76	18.01	13.40	100	4th
5	14	3	0	1	1	342.45	125.76	83.49	13.40	100	Congressional
5	14	3	0	1	2	429.33	125.76	41.37	13.40	100	District
4	14	3	0	2	0	347.039954	139.555296	98.280875	13.404001	-1	###LINE###
5	14	3	0	2	0	347.04	139.56	64.81	13.40	100	Republican
5	14	3	0	2	1	415.16	139.56	30.16	13.40	100	Party
3	14	3	1	0	0	348.359948	164.364412	36.822137	22.017245	-1	###FLOW###
4	14	3	1	0	0	350.039946	164.364412	35.142138	10.857240	-1	###LINE###
5	14	3	1	0	0	350.04	164.36	35.14	10.86	100	Thomas
4	14	3	1	1	0	348.359948	175.524417	36.777109	10.857240	-1	###LINE###
5	14	3	1	1	0	348.36	175.52	36.78	10.86	100	MASSIE
3	14	4	0	0	0	446.279943	164.364412	46.966615	22.017245	-1	###FLOW###
4	14	4	0	0	0	459.719927	164.364412	33.526632	10.857240	-1	###LINE###
5	14	4	0	0	0	459.72	164.36	33.53	10.86	100	Michael
4	14	4	0	1	0	446.279943	175.524417	46.849697	10.857240	-1	###LINE###
5	14	4	0	1	0	446.28	175.52	46.85	10.86	100	McGINNIS
3	14	5	0	0	0	561.959907	164.364412	39.307421	22.017245	-1	###FLOW###
4	14	5	0	0	0	584.399896	164.364412	16.748718	10.857240	-1	###LINE###
5	14	5	0	0	0	584.40	164.36	16.75	10.86	100	Eric
4	14	5	0	1	0	561.959907	175.524417	39.307421	10.857240	-1	###LINE###
5	14	5	0	1	0	561.96	175.52	39.31	10.86	100	DETERS
3	14	6	0	0	0	190.799966	191.124398	28.125389	10.857240	-1	###FLOW###
4	14	6	0	0	0	190.799966	191.124398	28.125389	10.857240	-1	###LINE###
5	14	6	0	0	0	190.80	191.12	28.13	10.86	100	Boone
3	14	7	0	0	0	360.839941	191.124398	24.339653	10.857240	-1	###FLOW###
4	14	7	0	0	0	360.839941	191.124398	24.339653	10.857240	-1	###LINE###
5	14	7	0	0	0	360.84	191.12	24.34	10.86	100	8,606
3	14	8	0	0	0	468.839924	191.124398	24.339653	10.857240	-1	###FLOW###
4	14	8	0	0	0	468.839924	191.124398	24.339653	10.857240	-1	###LINE###
5	14	8	0	0	0	468.84	191.12	24.34	10.86	100	1,335
3	14	9	0	0	0	576.839906	191.124398	24.339653	10.857240	-1	###FLOW###
4	14	9	0	0	0	576.839906	191.124398	24.339653	10.857240	-1	###LINE###
5	14	9	0	0	0	576.84	191.12	24.34	10.86	100	1,554
3	14	10	0	0	0	190.799966	206.604415	35.687129	10.857240	-1	###FLOW###
4	14	10	0	0	0	190.799966	206.604415	35.687129	10.857240	-1	###LINE###
5	14	10	0	0	0	190.80	206.60	35.69	10.86	100	Bracken
3	14	11	0	0	0	368.999948	206.604415	16.232924	10.857240	-1	###FLOW###
4	14	11	0	0	0	368.999948	206.604415	16.232924	10.857240	-1	###LINE###
5	14	11	0	0	0	369.00	206.60	16.23	10.86	100	376
3	14	12	0	0	0	482.399928	206.604415	10.821949	10.857240	-1	###FLOW###
4	14	12	0	0	0	482.399928	206.604415	10.821949	10.857240	-1	###LINE###
5	14	12	0	0	0	482.40	206.60	10.82	10.86	100	29
3	14	13	0	0	0	590.399881	206.604415	10.821949	10.857240	-1	###FLOW###
4	14	13	0	0	0	590.399881	206.604415	10.821949	10.857240	-1	###LINE###
5	14	13	0	0	0	590.40	206.60	10.82	10.86	100	73
3	14	14	0	0	0	190.799966	221.964406	40.952124	10.857240	-1	###FLOW###
4	14	14	0	0	0	190.799966	221.964406	40.952124	10.857240	-1	###LINE###
5	14	14	0	0	0	190.80	221.96	40.95	10.86	100	Campbell
3	14	15	0	0	0	360.839941	221.964406	24.339653	10.857240	-1	###FLOW###
4	14	15	0	0	0	360.839941	221.964406	24.339653	10.857240	-1	###LINE###
5	14	15	0	0	0	360.84	221.96	24.34	10.86	100	3,970
3	14	16	0	0	0	476.999931	221.964406	16.232924	10.857240	-1	###FLOW###
4	14	16	0	0	0	476.999931	221.964406	16.232924	10.857240	-1	###LINE###
5	14	16	0	0	0	477.00	221.96	16.23	10.86	100	672
3	14	17	0	0	0	584.999913	221.964406	16.232924	10.857240	-1	###FLOW###
4	14	17	0	0	0	584.999913	221.964406	16.232924	10.857240	-1	###LINE###
5	14	17	0	0	0	585.00	221.96	16.23	10.86	100	713
3	14	18	0	0	0	190.799966	237.444392	28.553596	10.857240	-1	###FLOW###
4	14	18	0	0	0	190.799966	237.444392	28.553596	10.857240	-1	###LINE###
5	14	18	0	0	0	190.80	237.44	28.55	10.86	100	Carroll
3	14	19	0	0	0	368.999948	237.444392	16.232924	10.857240	-1	###FLOW###
4	14	19	0	0	0	368.999948	237.444392	16.232924	10.857240	-1	###LINE###
5	14	19	0	0	0	369.00	237.44	16.23	10.86	100	320
3	14	20	0	0	0	482.399928	237.444392	10.821949	10.857240	-1	###FLOW###
4	14	20	0	0	0	482.399928	237.444392	10.821949	10.857240	-1	###LINE###
5	14	20	0	0	0	482.40	237.44	10.82	10.86	100	52
3	14	21	0	0	0	590.399881	237.444392	10.821949	10.857240	-1	###FLOW###
4	14	21	0	0	0	590.399881	237.444392	10.821949	10.857240	-1	###LINE###
5	14	21	0	0	0	590.40	237.44	10.82	10.86	100	48
3	14	22	0	0	0	190.799966	252.804412	27.025677	10.857240	-1	###FLOW###
4	14	22	0	0	0	190.799966	252.804412	27.025677	10.857240	-1	###LINE###
5	14	22	0	0	0	190.80	252.80	27.03	10.86	100	Carter
3	14	23	0	0	0	368.999948	252.804412	16.232924	10.857240	-1	###FLOW###
4	14	23	0	0	0	368.999948	252.804412	16.232924	10.857240	-1	###LINE###
5	14	23	0	0	0	369.00	252.80	16.23	10.86	100	179
3	14	24	0	0	0	482.399928	252.804412	10.821949	10.857240	-1	###FLOW###
4	14	24	0	0	0	482.399928	252.804412	10.821949	10.857240	-1	###LINE###
5	14	24	0	0	0	482.40	252.80	10.82	10.86	100	27
3	14	25	0	0	0	590.399881	252.804412	10.821949	10.857240	-1	###FLOW###
4	14	25	0	0	0	590.399881	252.804412	10.821949	10.857240	-1	###LINE###
5	14	25	0	0	0	590.40	252.80	10.82	10.86	100	23
3	14	26	0	0	0	190.799966	268.284398	32.971909	10.857240	-1	###FLOW###
4	14	26	0	0	0	190.799966	268.284398	32.971909	10.857240	-1	###LINE###
5	14	26	0	0	0	190.80	268.28	32.97	10.86	100	Gallatin
3	14	27	0	0	0	368.999948	268.284398	16.232924	10.857240	-1	###FLOW###
4	14	27	0	0	0	368.999948	268.284398	16.232924	10.857240	-1	###LINE###
5	14	27	0	0	0	369.00	268.28	16.23	10.86	100	298
3	14	28	0	0	0	482.399928	268.284398	10.821949	10.857240	-1	###FLOW###
4	14	28	0	0	0	482.399928	268.284398	10.821949	10.857240	-1	###LINE###
5	14	28	0	0	0	482.40	268.28	10.82	10.86	100	34
3	14	29	0	0	0	590.399881	268.284398	10.821949	10.857240	-1	###FLOW###
4	14	29	0	0	0	590.399881	268.284398	10.821949	10.857240	-1	###LINE###
5	14	29	0	0	0	590.40	268.28	10.82	10.86	100	55
3	14	30	0	0	0	190.799966	283.644388	24.320189	10.857240	-1	###FLOW###
4	14	30	0	0	0	190.799966	283.644388	24.320189	10.857240	-1	###LINE###
5	14	30	0	0	0	190.80	283.64	24.32	10.86	100	Grant
3	14	31	0	0	0	360.839941	283.644388	24.339653	10.857240	-1	###FLOW###
4	14	31	0	0	0	360.839941	283.644388	24.339653	10.857240	-1	###LINE###
5	14	31	0	0	0	360.84	283.64	24.34	10.86	100	1,351
3	14	32	0	0	0	476.999931	283.644388	16.232924	10.857240	-1	###FLOW###
4	14	32	0	0	0	476.999931	283.644388	16.232924	10.857240	-1	###LINE###
5	14	32	0	0	0	477.00	283.64	16.23	10.86	100	180
3	14	33	0	0	0	584.999913	283.644388	16.232924	10.857240	-1	###FLOW###
4	14	33	0	0	0	584.999913	283.644388	16.232924	10.857240	-1	###LINE###
5	14	33	0	0	0	585.00	283.64	16.23	10.86	100	304
3	14	34	0	0	0	190.799966	299.124375	37.857358	10.857240	-1	###FLOW###
4	14	34	0	0	0	190.799966	299.124375	37.857358	10.857240	-1	###LINE###
5	14	34	0	0	0	190.80	299.12	37.86	10.86	100	Greenup
3	14	35	0	0	0	360.839941	299.124375	24.339653	10.857240	-1	###FLOW###
4	14	35	0	0	0	360.839941	299.124375	24.339653	10.857240	-1	###LINE###
5	14	35	0	0	0	360.84	299.12	24.34	10.86	100	2,374
3	14	36	0	0	0	476.999931	299.124375	16.232924	10.857240	-1	###FLOW###
4	14	36	0	0	0	476.999931	299.124375	16.232924	10.857240	-1	###LINE###
5	14	36	0	0	0	477.00	299.12	16.23	10.86	100	487
3	14	37	0	0	0	584.999913	299.124375	16.232924	10.857240	-1	###FLOW###
4	14	37	0	0	0	584.999913	299.124375	16.232924	10.857240	-1	###LINE###
5	14	37	0	0	0	585.00	299.12	16.23	10.86	100	197
3	14	38	0	0	0	190.799966	314.484395	36.767377	10.857240	-1	###FLOW###
4	14	38	0	0	0	190.799966	314.484395	36.767377	10.857240	-1	###LINE###
5	14	38	0	0	0	190.80	314.48	36.77	10.86	100	Harrison
3	14	39	0	0	0	368.999948	314.484395	16.232924	10.857240	-1	###FLOW###
4	14	39	0	0	0	368.999948	314.484395	16.232924	10.857240	-1	###LINE###
5	14	39	0	0	0	369.00	314.48	16.23	10.86	100	691
3	14	40	0	0	0	482.399928	314.484395	10.821949	10.857240	-1	###FLOW###
4	14	40	0	0	0	482.399928	314.484395	10.821949	10.857240	-1	###LINE###
5	14	40	0	0	0	482.40	314.48	10.82	10.86	100	85
3	14	41	0	0	0	590.399881	314.484395	10.821949	10.857240	-1	###FLOW###
4	14	41	0	0	0	590.399881	314.484395	10.821949	10.857240	-1	###LINE###
5	14	41	0	0	0	590.40	314.48	10.82	10.86	100	85
3	14	42	0	0	0	190.799966	329.964381	25.857840	10.857240	-1	###FLOW###
4	14	42	0	0	0	190.799966	329.964381	25.857840	10.857240	-1	###LINE###
5	14	42	0	0	0	190.80	329.96	25.86	10.86	100	Henry
3	14	43	0	0	0	360.839941	329.964381	24.339653	10.857240	-1	###FLOW###
4	14	43	0	0	0	360.839941	329.964381	24.339653	10.857240	-1	###LINE###
5	14	43	0	0	0	360.84	329.96	24.34	10.86	100	1,262
3	14	44	0	0	0	476.999931	329.964381	16.232924	10.857240	-1	###FLOW###
4	14	44	0	0	0	476.999931	329.964381	16.232924	10.857240	-1	###LINE###
5	14	44	0	0	0	477.00	329.96	16.23	10.86	100	174
3	14	45	0	0	0	584.999913	329.964381	16.232924	10.857240	-1	###FLOW###
4	14	45	0	0	0	584.999913	329.964381	16.232924	10.857240	-1	###LINE###
5	14	45	0	0	0	585.00	329.96	16.23	10.86	100	131
3	14	46	0	0	0	190.799966	345.324402	30.821144	10.857240	-1	###FLOW###
4	14	46	0	0	0	190.799966	345.324402	30.821144	10.857240	-1	###LINE###
5	14	46	0	0	0	190.80	345.32	30.82	10.86	100	Kenton
3	14	47	0	0	0	360.839941	345.324402	24.339653	10.857240	-1	###FLOW###
4	14	47	0	0	0	360.839941	345.324402	24.339653	10.857240	-1	###LINE###
5	14	47	0	0	0	360.84	345.32	24.34	10.86	100	6,887
3	14	48	0	0	0	468.839924	345.324402	24.339653	10.857240	-1	###FLOW###
4	14	48	0	0	0	468.839924	345.324402	24.339653	10.857240	-1	###LINE###
5	14	48	0	0	0	468.84	345.32	24.34	10.86	100	1,218
3	14	49	0	0	0	576.839906	345.324402	24.339653	10.857240	-1	###FLOW###
4	14	49	0	0	0	576.839906	345.324402	24.339653	10.857240	-1	###LINE###
5	14	49	0	0	0	576.84	345.32	24.34	10.86	100	1,172
3	14	50	0	0	0	190.799966	360.804373	24.660808	10.857240	-1	###FLOW###
4	14	50	0	0	0	190.799966	360.804373	24.660808	10.857240	-1	###LINE###
5	14	50	0	0	0	190.80	360.80	24.66	10.86	100	Lewis
3	14	51	0	0	0	368.999948	360.804373	16.232924	10.857240	-1	###FLOW###
4	14	51	0	0	0	368.999948	360.804373	16.232924	10.857240	-1	###LINE###
5	14	51	0	0	0	369.00	360.80	16.23	10.86	100	996
3	14	52	0	0	0	476.999931	360.804373	16.232924	10.857240	-1	###FLOW###
4	14	52	0	0	0	476.999931	360.804373	16.232924	10.857240	-1	###LINE###
5	14	52	0	0	0	477.00	360.80	16.23	10.86	100	129
3	14	53	0	0	0	590.399881	360.804373	10.821949	10.857240	-1	###FLOW###
4	14	53	0	0	0	590.399881	360.804373	10.821949	10.857240	-1	###LINE###
5	14	53	0	0	0	590.40	360.80	10.82	10.86	100	87
3	14	54	0	0	0	190.799966	376.164393	29.205638	10.857240	-1	###FLOW###
4	14	54	0	0	0	190.799966	376.164393	29.205638	10.857240	-1	###LINE###
5	14	54	0	0	0	190.80	376.16	29.21	10.86	100	Mason
3	14	55	0	0	0	368.999948	376.164393	16.232924	10.857240	-1	###FLOW###
4	14	55	0	0	0	368.999948	376.164393	16.232924	10.857240	-1	###LINE###
5	14	55	0	0	0	369.00	376.16	16.23	10.86	100	617
3	14	56	0	0	0	482.399928	376.164393	10.821949	10.857240	-1	###FLOW###
4	14	56	0	0	0	482.399928	376.164393	10.821949	10.857240	-1	###LINE###
5	14	56	0	0	0	482.40	376.16	10.82	10.86	100	62
3	14	57	0	0	0	590.399881	376.164393	10.821949	10.857240	-1	###FLOW###
4	14	57	0	0	0	590.399881	376.164393	10.821949	10.857240	-1	###LINE###
5	14	57	0	0	0	590.40	376.16	10.82	10.86	100	79
3	14	58	0	0	0	190.799966	391.644379	30.285886	10.857240	-1	###FLOW###
4	14	58	0	0	0	190.799966	391.644379	30.285886	10.857240	-1	###LINE###
5	14	58	0	0	0	190.80	391.64	30.29	10.86	100	Nelson
3	14	59	0	0	0	360.839941	391.644379	24.339653	10.857240	-1	###FLOW###
4	14	59	0	0	0	360.839941	391.644379	24.339653	10.857240	-1	###LINE###
5	14	59	0	0	0	360.84	391.64	24.34	10.86	100	1,436
3	14	60	0	0	0	476.999931	391.644379	16.232924	10.857240	-1	###FLOW###
4	14	60	0	0	0	476.999931	391.644379	16.232924	10.857240	-1	###LINE###
5	14	60	0	0	0	477.00	391.64	16.23	10.86	100	252
3	14	61	0	0	0	584.999913	391.644379	16.232924	10.857240	-1	###FLOW###
4	14	61	0	0	0	584.999913	391.644379	16.232924	10.857240	-1	###LINE###
5	14	61	0	0	0	585.00	391.64	16.23	10.86	100	212
3	14	62	0	0	0	190.799966	407.004370	34.061890	10.857240	-1	###FLOW###
4	14	62	0	0	0	190.799966	407.004370	34.061890	10.857240	-1	###LINE###
5	14	62	0	0	0	190.80	407.00	34.06	10.86	100	Oldham
3	14	63	0	0	0	360.839941	407.004370	24.339653	10.857240	-1	###FLOW###
4	14	63	0	0	0	360.839941	407.004370	24.339653	10.857240	-1	###LINE###
5	14	63	0	0	0	360.84	407.00	24.34	10.86	100	3,488
3	14	64	0	0	0	476.999931	407.004370	16.232924	10.857240	-1	###FLOW###
4	14	64	0	0	0	476.999931	407.004370	16.232924	10.857240	-1	###LINE###
5	14	64	0	0	0	477.00	407.00	16.23	10.86	100	704
3	14	65	0	0	0	584.999913	407.004370	16.232924	10.857240	-1	###FLOW###
4	14	65	0	0	0	584.999913	407.004370	16.232924	10.857240	-1	###LINE###
5	14	65	0	0	0	585.00	407.00	16.23	10.86	100	502
3	14	66	0	0	0	190.799966	422.484386	25.215531	10.857240	-1	###FLOW###
4	14	66	0	0	0	190.799966	422.484386	25.215531	10.857240	-1	###LINE###
5	14	66	0	0	0	190.80	422.48	25.22	10.86	100	Owen
3	14	67	0	0	0	368.999948	422.484386	16.232924	10.857240	-1	###FLOW###
4	14	67	0	0	0	368.999948	422.484386	16.232924	10.857240	-1	###LINE###
5	14	67	0	0	0	369.00	422.48	16.23	10.86	100	740
3	14	68	0	0	0	482.399928	422.484386	10.821949	10.857240	-1	###FLOW###
4	14	68	0	0	0	482.399928	422.484386	10.821949	10.857240	-1	###LINE###
5	14	68	0	0	0	482.40	422.48	10.82	10.86	100	90
3	14	69	0	0	0	584.999913	422.484386	16.232924	10.857240	-1	###FLOW###
4	14	69	0	0	0	584.999913	422.484386	16.232924	10.857240	-1	###LINE###
5	14	69	0	0	0	585.00	422.48	16.23	10.86	100	126
3	14	70	0	0	0	190.799966	437.844376	43.803590	10.857240	-1	###FLOW###
4	14	70	0	0	0	190.799966	437.844376	43.803590	10.857240	-1	###LINE###
5	14	70	0	0	0	190.80	437.84	43.80	10.86	100	Pendleton
3	14	71	0	0	0	368.999948	437.844376	16.232924	10.857240	-1	###FLOW###
4	14	71	0	0	0	368.999948	437.844376	16.232924	10.857240	-1	###LINE###
5	14	71	0	0	0	369.00	437.84	16.23	10.86	100	603
3	14	72	0	0	0	482.399928	437.844376	10.821949	10.857240	-1	###FLOW###
4	14	72	0	0	0	482.399928	437.844376	10.821949	10.857240	-1	###LINE###
5	14	72	0	0	0	482.40	437.84	10.82	10.86	100	60
3	14	73	0	0	0	584.999913	437.844376	16.232924	10.857240	-1	###FLOW###
4	14	73	0	0	0	584.999913	437.844376	16.232924	10.857240	-1	###LINE###
5	14	73	0	0	0	585.00	437.84	16.23	10.86	100	145
3	14	74	0	0	0	190.799966	453.324392	44.893571	10.857240	-1	###FLOW###
4	14	74	0	0	0	190.799966	453.324392	44.893571	10.857240	-1	###LINE###
5	14	74	0	0	0	190.80	453.32	44.89	10.86	100	Robertson
3	14	75	0	0	0	374.399946	453.324392	10.821949	10.857240	-1	###FLOW###
4	14	75	0	0	0	374.399946	453.324392	10.821949	10.857240	-1	###LINE###
5	14	75	0	0	0	374.40	453.32	10.82	10.86	100	77
3	14	76	0	0	0	482.399928	453.324392	10.821949	10.857240	-1	###FLOW###
4	14	76	0	0	0	482.399928	453.324392	10.821949	10.857240	-1	###LINE###
5	14	76	0	0	0	482.40	453.32	10.82	10.86	100	16
3	14	77	0	0	0	590.399881	453.324392	10.821949	10.857240	-1	###FLOW###
4	14	77	0	0	0	590.399881	453.324392	10.821949	10.857240	-1	###LINE###
5	14	77	0	0	0	590.40	453.32	10.82	10.86	100	16
3	14	78	0	0	0	190.799966	468.684383	29.740896	10.857240	-1	###FLOW###
4	14	78	0	0	0	190.799966	468.684383	29.740896	10.857240	-1	###LINE###
5	14	78	0	0	0	190.80	468.68	29.74	10.86	100	Shelby
3	14	79	0	0	0	360.839941	468.684383	24.339653	10.857240	-1	###FLOW###
4	14	79	0	0	0	360.839941	468.684383	24.339653	10.857240	-1	###LINE###
5	14	79	0	0	0	360.84	468.68	24.34	10.86	100	4,053
3	14	80	0	0	0	476.999931	468.684383	16.232924	10.857240	-1	###FLOW###
4	14	80	0	0	0	476.999931	468.684383	16.232924	10.857240	-1	###LINE###
5	14	80	0	0	0	477.00	468.68	16.23	10.86	100	725
3	14	81	0	0	0	584.999913	468.684383	16.232924	10.857240	-1	###FLOW###
4	14	81	0	0	0	584.999913	468.684383	16.232924	10.857240	-1	###LINE###
5	14	81	0	0	0	585.00	468.68	16.23	10.86	100	365
3	14	82	0	0	0	190.799966	484.164399	36.232119	10.857240	-1	###FLOW###
4	14	82	0	0	0	190.799966	484.164399	36.232119	10.857240	-1	###LINE###
5	14	82	0	0	0	190.80	484.16	36.23	10.86	100	Spencer
3	14	83	0	0	0	360.839941	484.164399	24.339653	10.857240	-1	###FLOW###
4	14	83	0	0	0	360.839941	484.164399	24.339653	10.857240	-1	###LINE###
5	14	83	0	0	0	360.84	484.16	24.34	10.86	100	1,148
3	14	84	0	0	0	476.999931	484.164399	16.232924	10.857240	-1	###FLOW###
4	14	84	0	0	0	476.999931	484.164399	16.232924	10.857240	-1	###LINE###
5	14	84	0	0	0	477.00	484.16	16.23	10.86	100	211
3	14	85	0	0	0	584.999913	484.164399	16.232924	10.857240	-1	###FLOW###
4	14	85	0	0	0	584.999913	484.164399	16.232924	10.857240	-1	###LINE###
5	14	85	0	0	0	585.00	484.16	16.23	10.86	100	131
3	14	86	0	0	0	190.799966	499.524389	32.426919	10.857240	-1	###FLOW###
4	14	86	0	0	0	190.799966	499.524389	32.426919	10.857240	-1	###LINE###
5	14	86	0	0	0	190.80	499.52	32.43	10.86	100	Trimble
3	14	87	0	0	0	368.999948	499.524389	16.232924	10.857240	-1	###FLOW###
4	14	87	0	0	0	368.999948	499.524389	16.232924	10.857240	-1	###LINE###
5	14	87	0	0	0	369.00	499.52	16.23	10.86	100	457
3	14	88	0	0	0	482.399928	499.524389	10.821949	10.857240	-1	###FLOW###
4	14	88	0	0	0	482.399928	499.524389	10.821949	10.857240	-1	###LINE###
5	14	88	0	0	0	482.40	499.52	10.82	10.86	100	62
3	14	89	0	0	0	590.399881	499.524389	10.821949	10.857240	-1	###FLOW###
4	14	89	0	0	0	590.399881	499.524389	10.821949	10.857240	-1	###LINE###
5	14	89	0	0	0	590.40	499.52	10.82	10.86	100	42
3	14	90	0	0	0	355.439943	515.244398	29.750628	10.857240	-1	###FLOW###
4	14	90	0	0	0	355.439943	515.244398	29.750628	10.857240	-1	###LINE###
5	14	90	0	0	0	355.44	515.24	29.75	10.86	100	39,929
3	14	91	0	0	0	468.839924	515.244398	24.339653	10.857240	-1	###FLOW###
4	14	91	0	0	0	468.839924	515.244398	24.339653	10.857240	-1	###LINE###
5	14	91	0	0	0	468.84	515.24	24.34	10.86	100	6,604
3	14	92	0	0	0	576.839906	515.244398	24.339653	10.857240	-1	###FLOW###
4	14	92	0	0	0	576.839906	515.244398	24.339653	10.857240	-1	###LINE###
5	14	92	0	0	0	576.84	515.24	24.34	10.86	100	6,060
3	14	93	0	0	0	190.799966	515.244398	52.328795	10.857240	-1	###FLOW###
4	14	93	0	0	0	190.799966	515.244398	52.328795	10.857240	-1	###LINE###
5	14	93	0	0	0	190.80	515.24	23.10	10.86	100	Total
5	14	93	0	0	1	216.65	515.24	26.48	10.86	100	Votes
1	15	0	0	0	0	0.000000	0.000000	792.000000	612.000000	-1	###PAGE###
3	15	0	0	0	0	35.999994	54.115290	161.658823	13.404001	-1	###FLOW###
4	15	0	0	0	0	35.999994	54.115290	161.658823	13.404001	-1	###LINE###
5	15	0	0	0	0	36.00	54.12	89.57	13.40	100	Commonwealth
5	15	0	0	0	1	128.96	54.12	11.33	13.40	100	of
5	15	0	0	0	2	143.60	54.12	54.05	13.40	100	Kentucky
3	15	1	0	0	0	289.919964	54.115290	211.964694	13.404001	-1	###FLOW###
4	15	1	0	0	0	289.919964	54.115290	211.964694	13.404001	-1	###LINE###
5	15	1	0	0	0	289.92	54.12	44.03	13.40	100	Michael
5	15	1	0	0	1	337.40	54.12	12.66	13.40	100	G.
5	15	1	0	0	2	353.48	54.12	43.01	13.40	100	Adams,
5	15	1	0	0	3	399.93	54.12	54.90	13.40	100	Secretary
5	15	1	0	0	4	457.89	54.12	11.33	13.40	100	of
5	15	1	0	0	5	472.52	54.12	29.36	13.40	100	State
3	15	2	0	0	0	584.279905	54.115290	171.619073	13.404001	-1	###FLOW###
4	15	2	0	0	0	584.279905	54.115290	171.619073	13.404001	-1	###LINE###
5	15	2	0	0	0	584.28	54.12	26.72	13.40	100	2024
5	15	2	0	0	1	614.49	54.12	44.86	13.40	100	Primary
5	15	2	0	0	2	662.36	54.12	46.82	13.40	100	Election
5	15	2	0	0	3	712.53	54.12	43.37	13.40	100	Results
3	15	3	0	0	0	321.119947	111.955306	149.571958	41.003991	-1	###FLOW###
4	15	3	0	0	0	342.959950	111.955306	106.030406	13.404001	-1	###LINE###
5	15	3	0	0	0	342.96	111.96	16.68	13.40	100	US
5	15	3	0	0	1	362.96	111.96	86.03	13.40	100	Representative
4	15	3	0	1	0	321.119947	125.755316	149.571958	13.404001	-1	###LINE###
5	15	3	0	1	0	321.12	125.76	18.01	13.40	100	5th
5	15	3	0	1	1	342.45	125.76	83.49	13.40	100	Congressional
5	15	3	0	1	2	429.33	125.76	41.37	13.40	100	District
4	15	3	0	2	0	347.039954	139.555296	98.280875	13.404001	-1	###LINE###
5	15	3	0	2	0	347.04	139.56	64.81	13.40	100	Republican
5	15	3	0	2	1	415.16	139.56	30.16	13.40	100	Party
3	15	3	1	0	0	303.599960	164.364412	42.077936	22.017245	-1	###FLOW###
4	15	3	1	0	0	331.079943	164.364412	14.597953	10.857240	-1	###LINE###
5	15	3	1	0	0	331.08	164.36	14.60	10.86	100	Hal
4	15	3	1	1	0	303.599960	175.524417	41.993444	10.857240	-1	###LINE###
5	15	3	1	1	0	303.60	175.52	41.99	10.86	100	ROGERS
3	15	4	0	0	0	389.519958	164.364412	49.682078	22.017245	-1	###FLOW###
4	15	4	0	0	0	416.039950	164.364412	23.162085	10.857240	-1	###LINE###
5	15	4	0	0	0	416.04	164.36	23.16	10.86	100	Dana
4	15	4	0	1	0	389.519958	175.524417	49.671968	10.857240	-1	###LINE###
5	15	4	0	1	0	389.52	175.52	49.67	10.86	100	EDWARDS
3	15	5	0	0	0	470.519921	164.364412	62.401382	22.017245	-1	###FLOW###
4	15	5	0	0	0	496.079924	164.364412	36.777109	10.857240	-1	###LINE###
5	15	5	0	0	0	496.08	164.36	36.78	10.86	100	Brandon
4	15	5	0	1	0	470.519921	175.524417	62.401382	10.857240	-1	###LINE###
5	15	5	0	1	0	470.52	175.52	62.40	10.86	100	MONHOLLEN
3	15	6	0	0	0	548.759907	164.364412	77.583253	22.017245	-1	###FLOW###
4	15	6	0	0	0	589.559881	164.364412	36.708985	10.857240	-1	###LINE###
5	15	6	0	0	0	589.56	164.36	24.87	10.86	100	David
5	15	6	0	0	1	617.09	164.36	9.18	10.86	100	E.
4	15	6	0	1	0	548.759907	175.524417	77.583253	10.857240	-1	###LINE###
5	15	6	0	1	0	548.76	175.52	59.82	10.86	100	KRAFTCHAK
5	15	6	0	1	1	611.21	175.52	15.13	10.86	100	JR.
3	15	7	0	0	0	165.599967	191.124398	19.999195	10.857240	-1	###FLOW###
4	15	7	0	0	0	165.599967	191.124398	19.999195	10.857240	-1	###LINE###
5	15	7	0	0	0	165.60	191.12	20.00	10.86	100	Bath
3	15	8	0	0	0	329.399946	191.124398	16.232924	10.857240	-1	###FLOW###
4	15	8	0	0	0	329.399946	191.124398	16.232924	10.857240	-1	###LINE###
5	15	8	0	0	0	329.40	191.12	16.23	10.86	100	143
3	15	9	0	0	0	428.399953	191.124398	10.821949	10.857240	-1	###FLOW###
4	15	9	0	0	0	428.399953	191.124398	10.821949	10.857240	-1	###LINE###
5	15	9	0	0	0	428.40	191.12	10.82	10.86	100	20
3	15	10	0	0	0	527.399898	191.124398	5.410975	10.857240	-1	###FLOW###
4	15	10	0	0	0	527.399898	191.124398	5.410975	10.857240	-1	###LINE###
5	15	10	0	0	0	527.40	191.12	5.41	10.86	100	6
3	15	11	0	0	0	620.999877	191.124398	5.410975	10.857240	-1	###FLOW###
4	15	11	0	0	0	620.999877	191.124398	5.410975	10.857240	-1	###LINE###
5	15	11	0	0	0	621.00	191.12	5.41	10.86	100	9
3	15	12	0	0	0	165.599967	206.604415	16.213460	10.857240	-1	###FLOW###
4	15	12	0	0	0	165.599967	206.604415	16.213460	10.857240	-1	###LINE###
5	15	12	0	0	0	165.60	206.60	16.21	10.86	100	Bell
3	15	13	0	0	0	321.239938	206.604415	24.339653	10.857240	-1	###FLOW###
4	15	13	0	0	0	321.239938	206.604415	24.339653	10.857240	-1	###LINE###
5	15	13	0	0	0	321.24	206.60	24.34	10.86	100	1,947
3	15	14	0	0	0	422.999924	206.604415	16.232924	10.857240	-1	###FLOW###
4	15	14	0	0	0	422.999924	206.604415	16.232924	10.857240	-1	###LINE###
5	15	14	0	0	0	423.00	206.60	16.23	10.86	100	147
3	15	15	0	0	0	516.599903	206.604415	16.232924	10.857240	-1	###FLOW###
4	15	15	0	0	0	516.599903	206.604415	16.232924	10.857240	-1	###LINE###
5	15	15	0	0	0	516.60	206.60	16.23	10.86	100	131
3	15	16	0	0	0	615.599910	206.604415	10.821949	10.857240	-1	###FLOW###
4	15	16	0	0	0	615.599910	206.604415	10.821949	10.857240	-1	###LINE###
5	15	16	0	0	0	615.60	206.60	10.82	10.86	100	34
3	15	17	0	0	0	165.599967	221.964406	21.965053	10.857240	-1	###FLOW###
4	15	17	0	0	0	165.599967	221.964406	21.965053	10.857240	-1	###LINE###
5	15	17	0	0	0	165.60	221.96	21.97	10.86	100	Boyd
3	15	18	0	0	0	321.239938	221.964406	24.339653	10.857240	-1	###FLOW###
4	15	18	0	0	0	321.239938	221.964406	24.339653	10.857240	-1	###LINE###
5	15	18	0	0	0	321.24	221.96	24.34	10.86	100	1,598
3	15	19	0	0	0	422.999924	221.964406	16.232924	10.857240	-1	###FLOW###
4	15	19	0	0	0	422.999924	221.964406	16.232924	10.857240	-1	###LINE###
5	15	19	0	0	0	423.00	221.96	16.23	10.86	100	342
3	15	20	0	0	0	516.599903	221.964406	16.232924	10.857240	-1	###FLOW###
4	15	20	0	0	0	516.599903	221.964406	16.232924	10.857240	-1	###LINE###
5	15	20	0	0	0	516.60	221.96	16.23	10.86	100	187
3	15	21	0	0	0	615.599910	221.964406	10.821949	10.857240	-1	###FLOW###
4	15	21	0	0	0	615.599910	221.964406	10.821949	10.857240	-1	###LINE###
5	15	21	0	0	0	615.60	221.96	10.82	10.86	100	82
3	15	22	0	0	0	165.599967	237.444392	36.202923	10.857240	-1	###FLOW###
4	15	22	0	0	0	165.599967	237.444392	36.202923	10.857240	-1	###LINE###
5	15	22	0	0	0	165.60	237.44	36.20	10.86	100	Breathitt
3	15	23	0	0	0	329.399946	237.444392	16.232924	10.857240	-1	###FLOW###
4	15	23	0	0	0	329.399946	237.444392	16.232924	10.857240	-1	###LINE###
5	15	23	0	0	0	329.40	237.44	16.23	10.86	100	159
3	15	24	0	0	0	428.399953	237.444392	10.821949	10.857240	-1	###FLOW###
4	15	24	0	0	0	428.399953	237.444392	10.821949	10.857240	-1	###LINE###
5	15	24	0	0	0	428.40	237.44	10.82	10.86	100	19
3	15	25	0	0	0	527.399898	237.444392	5.410975	10.857240	-1	###FLOW###
4	15	25	0	0	0	527.399898	237.444392	5.410975	10.857240	-1	###LINE###
5	15	25	0	0	0	527.40	237.44	5.41	10.86	100	7
3	15	26	0	0	0	620.999877	237.444392	5.410975	10.857240	-1	###FLOW###
4	15	26	0	0	0	620.999877	237.444392	5.410975	10.857240	-1	###LINE###
5	15	26	0	0	0	621.00	237.44	5.41	10.86	100	6
3	15	27	0	0	0	165.599967	252.804412	27.025677	10.857240	-1	###FLOW###
4	15	27	0	0	0	165.599967	252.804412	27.025677	10.857240	-1	###LINE###
5	15	27	0	0	0	165.60	252.80	27.03	10.86	100	Carter
3	15	28	0	0	0	321.239938	252.804412	24.339653	10.857240	-1	###FLOW###
4	15	28	0	0	0	321.239938	252.804412	24.339653	10.857240	-1	###LINE###
5	15	28	0	0	0	321.24	252.80	24.34	10.86	100	1,058
3	15	29	0	0	0	422.999924	252.804412	16.232924	10.857240	-1	###FLOW###
4	15	29	0	0	0	422.999924	252.804412	16.232924	10.857240	-1	###LINE###
5	15	29	0	0	0	423.00	252.80	16.23	10.86	100	122
3	15	30	0	0	0	521.999931	252.804412	10.821949	10.857240	-1	###FLOW###
4	15	30	0	0	0	521.999931	252.804412	10.821949	10.857240	-1	###LINE###
5	15	30	0	0	0	522.00	252.80	10.82	10.86	100	87
3	15	31	0	0	0	615.599910	252.804412	10.821949	10.857240	-1	###FLOW###
4	15	31	0	0	0	615.599910	252.804412	10.821949	10.857240	-1	###LINE###
5	15	31	0	0	0	615.60	252.80	10.82	10.86	100	42
3	15	32	0	0	0	165.599967	268.284398	19.463937	10.857240	-1	###FLOW###
4	15	32	0	0	0	165.599967	268.284398	19.463937	10.857240	-1	###LINE###
5	15	32	0	0	0	165.60	268.28	19.46	10.86	100	Clay
3	15	33	0	0	0	321.239938	268.284398	24.339653	10.857240	-1	###FLOW###
4	15	33	0	0	0	321.239938	268.284398	24.339653	10.857240	-1	###LINE###
5	15	33	0	0	0	321.24	268.28	24.34	10.86	100	1,633
3	15	34	0	0	0	422.999924	268.284398	16.232924	10.857240	-1	###FLOW###
4	15	34	0	0	0	422.999924	268.284398	16.232924	10.857240	-1	###LINE###
5	15	34	0	0	0	423.00	268.28	16.23	10.86	100	858
3	15	35	0	0	0	521.999931	268.284398	10.821949	10.857240	-1	###FLOW###
4	15	35	0	0	0	521.999931	268.284398	10.821949	10.857240	-1	###LINE###
5	15	35	0	0	0	522.00	268.28	10.82	10.86	100	70
3	15	36	0	0	0	615.599910	268.284398	10.821949	10.857240	-1	###FLOW###
4	15	36	0	0	0	615.599910	268.284398	10.821949	10.857240	-1	###LINE###
5	15	36	0	0	0	615.60	268.28	10.82	10.86	100	20
3	15	37	0	0	0	165.599967	283.644388	23.765467	10.857240	-1	###FLOW###
4	15	37	0	0	0	165.599967	283.644388	23.765467	10.857240	-1	###LINE###
5	15	37	0	0	0	165.60	283.64	23.77	10.86	100	Elliott
3	15	38	0	0	0	329.399946	283.644388	16.232924	10.857240	-1	###FLOW###
4	15	38	0	0	0	329.399946	283.644388	16.232924	10.857240	-1	###LINE###
5	15	38	0	0	0	329.40	283.64	16.23	10.86	100	101
3	15	39	0	0	0	428.399953	283.644388	10.821949	10.857240	-1	###FLOW###
4	15	39	0	0	0	428.399953	283.644388	10.821949	10.857240	-1	###LINE###
5	15	39	0	0	0	428.40	283.64	10.82	10.86	100	14
3	15	40	0	0	0	521.999931	283.644388	10.821949	10.857240	-1	###FLOW###
4	15	40	0	0	0	521.999931	283.644388	10.821949	10.857240	-1	###LINE###
5	15	40	0	0	0	522.00	283.64	10.82	10.86	100	19
3	15	41	0	0	0	620.999877	283.644388	5.410975	10.857240	-1	###FLOW###
4	15	41	0	0	0	620.999877	283.644388	5.410975	10.857240	-1	###LINE###
5	15	41	0	0	0	621.00	283.64	5.41	10.86	100	6
3	15	42	0	0	0	165.599967	299.124375	23.522168	10.857240	-1	###FLOW###
4	15	42	0	0	0	165.599967	299.124375	23.522168	10.857240	-1	###LINE###
5	15	42	0	0	0	165.60	299.12	23.52	10.86	100	Floyd
3	15	43	0	0	0	329.399946	299.124375	16.232924	10.857240	-1	###FLOW###
4	15	43	0	0	0	329.399946	299.124375	16.232924	10.857240	-1	###LINE###
5	15	43	0	0	0	329.40	299.12	16.23	10.86	100	944
3	15	44	0	0	0	428.399953	299.124375	10.821949	10.857240	-1	###FLOW###
4	15	44	0	0	0	428.399953	299.124375	10.821949	10.857240	-1	###LINE###
5	15	44	0	0	0	428.40	299.12	10.82	10.86	100	94
3	15	45	0	0	0	521.999931	299.124375	10.821949	10.857240	-1	###FLOW###
4	15	45	0	0	0	521.999931	299.124375	10.821949	10.857240	-1	###LINE###
5	15	45	0	0	0	522.00	299.12	10.82	10.86	100	61
3	15	46	0	0	0	615.599910	299.124375	10.821949	10.857240	-1	###FLOW###
4	15	46	0	0	0	615.599910	299.124375	10.821949	10.857240	-1	###LINE###
5	15	46	0	0	0	615.60	299.12	10.82	10.86	100	27
3	15	47	0	0	0	165.599967	314.484395	28.563328	10.857240	-1	###FLOW###
4	15	47	0	0	0	165.599967	314.484395	28.563328	10.857240	-1	###LINE###
5	15	47	0	0	0	165.60	314.48	28.56	10.86	100	Harlan
3	15	48	0	0	0	321.239938	314.484395	24.339653	10.857240	-1	###FLOW###
4	15	48	0	0	0	321.239938	314.484395	24.339653	10.857240	-1	###LINE###
5	15	48	0	0	0	321.24	314.48	24.34	10.86	100	1,785
3	15	49	0	0	0	422.999924	314.484395	16.232924	10.857240	-1	###FLOW###
4	15	49	0	0	0	422.999924	314.484395	16.232924	10.857240	-1	###LINE###
5	15	49	0	0	0	423.00	314.48	16.23	10.86	100	106
3	15	50	0	0	0	516.599903	314.484395	16.232924	10.857240	-1	###FLOW###
4	15	50	0	0	0	516.599903	314.484395	16.232924	10.857240	-1	###LINE###
5	15	50	0	0	0	516.60	314.48	16.23	10.86	100	160
3	15	51	0	0	0	615.599910	314.484395	10.821949	10.857240	-1	###FLOW###
4	15	51	0	0	0	615.599910	314.484395	10.821949	10.857240	-1	###LINE###
5	15	51	0	0	0	615.60	314.48	10.82	10.86	100	27
3	15	52	0	0	0	165.599967	329.964381	35.842840	10.857240	-1	###FLOW###
4	15	52	0	0	0	165.599967	329.964381	35.842840	10.857240	-1	###LINE###
5	15	52	0	0	0	165.60	329.96	35.84	10.86	100	Jackson
3	15	53	0	0	0	321.239938	329.964381	24.339653	10.857240	-1	###FLOW###
4	15	53	0	0	0	321.239938	329.964381	24.339653	10.857240	-1	###LINE###
5	15	53	0	0	0	321.24	329.96	24.34	10.86	100	1,352
3	15	54	0	0	0	422.999924	329.964381	16.232924	10.857240	-1	###FLOW###
4	15	54	0	0	0	422.999924	329.964381	16.232924	10.857240	-1	###LINE###
5	15	54	0	0	0	423.00	329.96	16.23	10.86	100	244
3	15	55	0	0	0	521.999931	329.964381	10.821949	10.857240	-1	###FLOW###
4	15	55	0	0	0	521.999931	329.964381	10.821949	10.857240	-1	###LINE###
5	15	55	0	0	0	522.00	329.96	10.82	10.86	100	61
3	15	56	0	0	0	615.599910	329.964381	10.821949	10.857240	-1	###FLOW###
4	15	56	0	0	0	615.599910	329.964381	10.821949	10.857240	-1	###LINE###
5	15	56	0	0	0	615.60	329.96	10.82	10.86	100	23
3	15	57	0	0	0	165.599967	345.324402	36.786841	10.857240	-1	###FLOW###
4	15	57	0	0	0	165.599967	345.324402	36.786841	10.857240	-1	###LINE###
5	15	57	0	0	0	165.60	345.32	36.79	10.86	100	Johnson
3	15	58	0	0	0	321.239938	345.324402	24.339653	10.857240	-1	###FLOW###
4	15	58	0	0	0	321.239938	345.324402	24.339653	10.857240	-1	###LINE###
5	15	58	0	0	0	321.24	345.32	24.34	10.86	100	1,610
3	15	59	0	0	0	422.999924	345.324402	16.232924	10.857240	-1	###FLOW###
4	15	59	0	0	0	422.999924	345.324402	16.232924	10.857240	-1	###LINE###
5	15	59	0	0	0	423.00	345.32	16.23	10.86	100	165
3	15	60	0	0	0	521.999931	345.324402	10.821949	10.857240	-1	###FLOW###
4	15	60	0	0	0	521.999931	345.324402	10.821949	10.857240	-1	###LINE###
5	15	60	0	0	0	522.00	345.32	10.82	10.86	100	88
3	15	61	0	0	0	615.599910	345.324402	10.821949	10.857240	-1	###FLOW###
4	15	61	0	0	0	615.599910	345.324402	10.821949	10.857240	-1	###LINE###
5	15	61	0	0	0	615.60	345.32	10.82	10.86	100	30
3	15	62	0	0	0	165.599967	360.804373	22.694951	10.857240	-1	###FLOW###
4	15	62	0	0	0	165.599967	360.804373	22.694951	10.857240	-1	###LINE###
5	15	62	0	0	0	165.60	360.80	22.69	10.86	100	Knott
3	15	63	0	0	0	329.399946	360.804373	16.232924	10.857240	-1	###FLOW###
4	15	63	0	0	0	329.399946	360.804373	16.232924	10.857240	-1	###LINE###
5	15	63	0	0	0	329.40	360.80	16.23	10.86	100	599
3	15	64	0	0	0	428.399953	360.804373	10.821949	10.857240	-1	###FLOW###
4	15	64	0	0	0	428.399953	360.804373	10.821949	10.857240	-1	###LINE###
5	15	64	0	0	0	428.40	360.80	10.82	10.86	100	31
3	15	65	0	0	0	521.999931	360.804373	10.821949	10.857240	-1	###FLOW###
4	15	65	0	0	0	521.999931	360.804373	10.821949	10.857240	-1	###LINE###
5	15	65	0	0	0	522.00	360.80	10.82	10.86	100	33
3	15	66	0	0	0	615.599910	360.804373	10.821949	10.857240	-1	###FLOW###
4	15	66	0	0	0	615.599910	360.804373	10.821949	10.857240	-1	###LINE###
5	15	66	0	0	0	615.60	360.80	10.82	10.86	100	13
3	15	67	0	0	0	165.599967	376.164393	22.169424	10.857240	-1	###FLOW###
4	15	67	0	0	0	165.599967	376.164393	22.169424	10.857240	-1	###LINE###
5	15	67	0	0	0	165.60	376.16	22.17	10.86	100	Knox
3	15	68	0	0	0	321.239938	376.164393	24.339653	10.857240	-1	###FLOW###
4	15	68	0	0	0	321.239938	376.164393	24.339653	10.857240	-1	###LINE###
5	15	68	0	0	0	321.24	376.16	24.34	10.86	100	2,996
3	15	69	0	0	0	422.999924	376.164393	16.232924	10.857240	-1	###FLOW###
4	15	69	0	0	0	422.999924	376.164393	16.232924	10.857240	-1	###LINE###
5	15	69	0	0	0	423.00	376.16	16.23	10.86	100	268
3	15	70	0	0	0	516.599903	376.164393	16.232924	10.857240	-1	###FLOW###
4	15	70	0	0	0	516.599903	376.164393	16.232924	10.857240	-1	###LINE###
5	15	70	0	0	0	516.60	376.16	16.23	10.86	100	233
3	15	71	0	0	0	615.599910	376.164393	10.821949	10.857240	-1	###FLOW###
4	15	71	0	0	0	615.599910	376.164393	10.821949	10.857240	-1	###LINE###
5	15	71	0	0	0	615.60	376.16	10.82	10.86	100	53
3	15	72	0	0	0	165.599967	391.644379	27.045141	10.857240	-1	###FLOW###
4	15	72	0	0	0	165.599967	391.644379	27.045141	10.857240	-1	###LINE###
5	15	72	0	0	0	165.60	391.64	27.05	10.86	100	Laurel
3	15	73	0	0	0	321.239938	391.644379	24.339653	10.857240	-1	###FLOW###
4	15	73	0	0	0	321.239938	391.644379	24.339653	10.857240	-1	###LINE###
5	15	73	0	0	0	321.24	391.64	24.34	10.86	100	3,857
3	15	74	0	0	0	422.999924	391.644379	16.232924	10.857240	-1	###FLOW###
4	15	74	0	0	0	422.999924	391.644379	16.232924	10.857240	-1	###LINE###
5	15	74	0	0	0	423.00	391.64	16.23	10.86	100	583
3	15	75	0	0	0	516.599903	391.644379	16.232924	10.857240	-1	###FLOW###
4	15	75	0	0	0	516.599903	391.644379	16.232924	10.857240	-1	###LINE###
5	15	75	0	0	0	516.60	391.64	16.23	10.86	100	453
3	15	76	0	0	0	610.199881	391.644379	16.232924	10.857240	-1	###FLOW###
4	15	76	0	0	0	610.199881	391.644379	16.232924	10.857240	-1	###LINE###
5	15	76	0	0	0	610.20	391.64	16.23	10.86	100	120
3	15	77	0	0	0	165.599967	407.004370	41.973980	10.857240	-1	###FLOW###
4	15	77	0	0	0	165.599967	407.004370	41.973980	10.857240	-1	###LINE###
5	15	77	0	0	0	165.60	407.00	41.97	10.86	100	Lawrence
3	15	78	0	0	0	329.399946	407.004370	16.232924	10.857240	-1	###FLOW###
4	15	78	0	0	0	329.399946	407.004370	16.232924	10.857240	-1	###LINE###
5	15	78	0	0	0	329.40	407.00	16.23	10.86	100	720
3	15	79	0	0	0	428.399953	407.004370	10.821949	10.857240	-1	###FLOW###
4	15	79	0	0	0	428.399953	407.004370	10.821949	10.857240	-1	###LINE###
5	15	79	0	0	0	428.40	407.00	10.82	10.86	100	89
3	15	80	0	0	0	521.999931	407.004370	10.821949	10.857240	-1	###FLOW###
4	15	80	0	0	0	521.999931	407.004370	10.821949	10.857240	-1	###LINE###
5	15	80	0	0	0	522.00	407.00	10.82	10.86	100	48
3	15	81	0	0	0	615.599910	407.004370	10.821949	10.857240	-1	###FLOW###
4	15	81	0	0	0	615.599910	407.004370	10.821949	10.857240	-1	###LINE###
5	15	81	0	0	0	615.60	407.00	10.82	10.86	100	26
3	15	82	0	0	0	165.599967	422.484386	16.232924	10.857240	-1	###FLOW###
4	15	82	0	0	0	165.599967	422.484386	16.232924	10.857240	-1	###LINE###
5	15	82	0	0	0	165.60	422.48	16.23	10.86	100	Lee
3	15	83	0	0	0	329.399946	422.484386	16.232924	10.857240	-1	###FLOW###
4	15	83	0	0	0	329.399946	422.484386	16.232924	10.857240	-1	###LINE###
5	15	83	0	0	0	329.40	422.48	16.23	10.86	100	464
3	15	84	0	0	0	428.399953	422.484386	10.821949	10.857240	-1	###FLOW###
4	15	84	0	0	0	428.399953	422.484386	10.821949	10.857240	-1	###LINE###
5	15	84	0	0	0	428.40	422.48	10.82	10.86	100	40
3	15	85	0	0	0	521.999931	422.484386	10.821949	10.857240	-1	###FLOW###
4	15	85	0	0	0	521.999931	422.484386	10.821949	10.857240	-1	###LINE###
5	15	85	0	0	0	522.00	422.48	10.82	10.86	100	24
3	15	86	0	0	0	615.599910	422.484386	10.821949	10.857240	-1	###FLOW###
4	15	86	0	0	0	615.599910	422.484386	10.821949	10.857240	-1	###LINE###
5	15	86	0	0	0	615.60	422.48	10.82	10.86	100	12
3	15	87	0	0	0	165.599967	437.844376	25.419902	10.857240	-1	###FLOW###
4	15	87	0	0	0	165.599967	437.844376	25.419902	10.857240	-1	###LINE###
5	15	87	0	0	0	165.60	437.84	25.42	10.86	100	Leslie
3	15	88	0	0	0	329.399946	437.844376	16.232924	10.857240	-1	###FLOW###
4	15	88	0	0	0	329.399946	437.844376	16.232924	10.857240	-1	###LINE###
5	15	88	0	0	0	329.40	437.84	16.23	10.86	100	834
3	15	89	0	0	0	422.999924	437.844376	16.232924	10.857240	-1	###FLOW###
4	15	89	0	0	0	422.999924	437.844376	16.232924	10.857240	-1	###LINE###
5	15	89	0	0	0	423.00	437.84	16.23	10.86	100	200
3	15	90	0	0	0	521.999931	437.844376	10.821949	10.857240	-1	###FLOW###
4	15	90	0	0	0	521.999931	437.844376	10.821949	10.857240	-1	###LINE###
5	15	90	0	0	0	522.00	437.84	10.82	10.86	100	41
3	15	91	0	0	0	615.599910	437.844376	10.821949	10.857240	-1	###FLOW###
4	15	91	0	0	0	615.599910	437.844376	10.821949	10.857240	-1	###LINE###
5	15	91	0	0	0	615.60	437.84	10.82	10.86	100	14
3	15	92	0	0	0	165.599967	453.324392	32.446383	10.857240	-1	###FLOW###
4	15	92	0	0	0	165.599967	453.324392	32.446383	10.857240	-1	###LINE###
5	15	92	0	0	0	165.60	453.32	32.45	10.86	100	Letcher
3	15	93	0	0	0	329.399946	453.324392	16.232924	10.857240	-1	###FLOW###
4	15	93	0	0	0	329.399946	453.324392	16.232924	10.857240	-1	###LINE###
5	15	93	0	0	0	329.40	453.32	16.23	10.86	100	759
3	15	94	0	0	0	428.399953	453.324392	10.821949	10.857240	-1	###FLOW###
4	15	94	0	0	0	428.399953	453.324392	10.821949	10.857240	-1	###LINE###
5	15	94	0	0	0	428.40	453.32	10.82	10.86	100	72
3	15	95	0	0	0	521.999931	453.324392	10.821949	10.857240	-1	###FLOW###
4	15	95	0	0	0	521.999931	453.324392	10.821949	10.857240	-1	###LINE###
5	15	95	0	0	0	522.00	453.32	10.82	10.86	100	43
3	15	96	0	0	0	615.599910	453.324392	10.821949	10.857240	-1	###FLOW###
4	15	96	0	0	0	615.599910	453.324392	10.821949	10.857240	-1	###LINE###
5	15	96	0	0	0	615.60	453.32	10.82	10.86	100	17
3	15	97	0	0	0	165.599967	468.684383	30.830876	10.857240	-1	###FLOW###
4	15	97	0	0	0	165.599967	468.684383	30.830876	10.857240	-1	###LINE###
5	15	97	0	0	0	165.60	468.68	30.83	10.86	100	Lincoln
3	15	98	0	0	0	321.239938	468.684383	24.339653	10.857240	-1	###FLOW###
4	15	98	0	0	0	321.239938	468.684383	24.339653	10.857240	-1	###LINE###
5	15	98	0	0	0	321.24	468.68	24.34	10.86	100	1,570
3	15	99	0	0	0	422.999924	468.684383	16.232924	10.857240	-1	###FLOW###
4	15	99	0	0	0	422.999924	468.684383	16.232924	10.857240	-1	###LINE###
5	15	99	0	0	0	423.00	468.68	16.23	10.86	100	144
3	15	100	0	0	0	516.599903	468.684383	16.232924	10.857240	-1	###FLOW###
4	15	100	0	0	0	516.599903	468.684383	16.232924	10.857240	-1	###LINE###
5	15	100	0	0	0	516.60	468.68	16.23	10.86	100	109
3	15	101	0	0	0	615.599910	468.684383	10.821949	10.857240	-1	###FLOW###
4	15	101	0	0	0	615.599910	468.684383	10.821949	10.857240	-1	###LINE###
5	15	101	0	0	0	615.60	468.68	10.82	10.86	100	52
3	15	102	0	0	0	165.599967	484.164399	37.322099	10.857240	-1	###FLOW###
4	15	102	0	0	0	165.599967	484.164399	37.322099	10.857240	-1	###LINE###
5	15	102	0	0	0	165.60	484.16	37.32	10.86	100	Magoffin
3	15	103	0	0	0	329.399946	484.164399	16.232924	10.857240	-1	###FLOW###
4	15	103	0	0	0	329.399946	484.164399	16.232924	10.857240	-1	###LINE###
5	15	103	0	0	0	329.40	484.16	16.23	10.86	100	542
3	15	104	0	0	0	428.399953	484.164399	10.821949	10.857240	-1	###FLOW###
4	15	104	0	0	0	428.399953	484.164399	10.821949	10.857240	-1	###LINE###
5	15	104	0	0	0	428.40	484.16	10.82	10.86	100	29
3	15	105	0	0	0	521.999931	484.164399	10.821949	10.857240	-1	###FLOW###
4	15	105	0	0	0	521.999931	484.164399	10.821949	10.857240	-1	###LINE###
5	15	105	0	0	0	522.00	484.16	10.82	10.86	100	21
3	15	106	0	0	0	620.999877	484.164399	5.410975	10.857240	-1	###FLOW###
4	15	106	0	0	0	620.999877	484.164399	5.410975	10.857240	-1	###LINE###
5	15	106	0	0	0	621.00	484.16	5.41	10.86	100	9
3	15	107	0	0	0	165.599967	499.524389	27.025677	10.857240	-1	###FLOW###
4	15	107	0	0	0	165.599967	499.524389	27.025677	10.857240	-1	###LINE###
5	15	107	0	0	0	165.60	499.52	27.03	10.86	100	Martin
3	15	108	0	0	0	329.399946	499.524389	16.232924	10.857240	-1	###FLOW###
4	15	108	0	0	0	329.399946	499.524389	16.232924	10.857240	-1	###LINE###
5	15	108	0	0	0	329.40	499.52	16.23	10.86	100	737
3	15	109	0	0	0	428.399953	499.524389	10.821949	10.857240	-1	###FLOW###
4	15	109	0	0	0	428.399953	499.524389	10.821949	10.857240	-1	###LINE###
5	15	109	0	0	0	428.40	499.52	10.82	10.86	100	40
3	15	110	0	0	0	521.999931	499.524389	10.821949	10.857240	-1	###FLOW###
4	15	110	0	0	0	521.999931	499.524389	10.821949	10.857240	-1	###LINE###
5	15	110	0	0	0	522.00	499.52	10.82	10.86	100	20
3	15	111	0	0	0	615.599910	499.524389	10.821949	10.857240	-1	###FLOW###
4	15	111	0	0	0	615.599910	499.524389	10.821949	10.857240	-1	###LINE###
5	15	111	0	0	0	615.60	499.52	10.82	10.86	100	11
3	15	112	0	0	0	165.599967	515.004345	42.071300	10.857240	-1	###FLOW###
4	15	112	0	0	0	165.599967	515.004345	42.071300	10.857240	-1	###LINE###
5	15	112	0	0	0	165.60	515.00	42.07	10.86	100	McCreary
3	15	113	0	0	0	329.399946	515.004345	16.232924	10.857240	-1	###FLOW###
4	15	113	0	0	0	329.399946	515.004345	16.232924	10.857240	-1	###LINE###
5	15	113	0	0	0	329.40	515.00	16.23	10.86	100	791
3	15	114	0	0	0	428.399953	515.004345	10.821949	10.857240	-1	###FLOW###
4	15	114	0	0	0	428.399953	515.004345	10.821949	10.857240	-1	###LINE###
5	15	114	0	0	0	428.40	515.00	10.82	10.86	100	71
3	15	115	0	0	0	521.999931	515.004345	10.821949	10.857240	-1	###FLOW###
4	15	115	0	0	0	521.999931	515.004345	10.821949	10.857240	-1	###LINE###
5	15	115	0	0	0	522.00	515.00	10.82	10.86	100	54
3	15	116	0	0	0	615.599910	515.004345	10.821949	10.857240	-1	###FLOW###
4	15	116	0	0	0	615.599910	515.004345	10.821949	10.857240	-1	###LINE###
5	15	116	0	0	0	615.60	515.00	10.82	10.86	100	20
3	15	117	0	0	0	165.599967	530.484362	34.509561	10.857240	-1	###FLOW###
4	15	117	0	0	0	165.599967	530.484362	34.509561	10.857240	-1	###LINE###
5	15	117	0	0	0	165.60	530.48	34.51	10.86	100	Menifee
3	15	118	0	0	0	329.399946	530.484362	16.232924	10.857240	-1	###FLOW###
4	15	118	0	0	0	329.399946	530.484362	16.232924	10.857240	-1	###LINE###
5	15	118	0	0	0	329.40	530.48	16.23	10.86	100	178
3	15	119	0	0	0	428.399953	530.484362	10.821949	10.857240	-1	###FLOW###
4	15	119	0	0	0	428.399953	530.484362	10.821949	10.857240	-1	###LINE###
5	15	119	0	0	0	428.40	530.48	10.82	10.86	100	21
3	15	120	0	0	0	521.999931	530.484362	10.821949	10.857240	-1	###FLOW###
4	15	120	0	0	0	521.999931	530.484362	10.821949	10.857240	-1	###LINE###
5	15	120	0	0	0	522.00	530.48	10.82	10.86	100	13
3	15	121	0	0	0	615.599910	530.484362	10.821949	10.857240	-1	###FLOW###
4	15	121	0	0	0	615.599910	530.484362	10.821949	10.857240	-1	###LINE###
5	15	121	0	0	0	615.60	530.48	10.82	10.86	100	10
1	16	0	0	0	0	0.000000	0.000000	792.000000	612.000000	-1	###PAGE###
3	16	0	0	0	0	35.999994	54.115290	161.658823	13.404001	-1	###FLOW###
4	16	0	0	0	0	35.999994	54.115290	161.658823	13.404001	-1	###LINE###
5	16	0	0	0	0	36.00	54.12	89.57	13.40	100	Commonwealth
5	16	0	0	0	1	128.96	54.12	11.33	13.40	100	of
5	16	0	0	0	2	143.60	54.12	54.05	13.40	100	Kentucky
3	16	1	0	0	0	289.919964	54.115290	211.964694	13.404001	-1	###FLOW###
4	16	1	0	0	0	289.919964	54.115290	211.964694	13.404001	-1	###LINE###
5	16	1	0	0	0	289.92	54.12	44.03	13.40	100	Michael
5	16	1	0	0	1	337.40	54.12	12.66	13.40	100	G.
5	16	1	0	0	2	353.48	54.12	43.01	13.40	100	Adams,
5	16	1	0	0	3	399.93	54.12	54.90	13.40	100	Secretary
5	16	1	0	0	4	457.89	54.12	11.33	13.40	100	of
5	16	1	0	0	5	472.52	54.12	29.36	13.40	100	State
3	16	2	0	0	0	584.279905	54.115290	171.619073	13.404001	-1	###FLOW###
4	16	2	0	0	0	584.279905	54.115290	171.619073	13.404001	-1	###LINE###
5	16	2	0	0	0	584.28	54.12	26.72	13.40	100	2024
5	16	2	0	0	1	614.49	54.12	44.86	13.40	100	Primary
5	16	2	0	0	2	662.36	54.12	46.82	13.40	100	Election
5	16	2	0	0	3	712.53	54.12	43.37	13.40	100	Results
3	16	3	0	0	0	303.599960	89.964445	42.077936	22.017214	-1	###FLOW###
4	16	3	0	0	0	331.079943	89.964445	14.597953	10.857240	-1	###LINE###
5	16	3	0	0	0	331.08	89.96	14.60	10.86	100	Hal
4	16	3	0	1	0	303.599960	101.124419	41.993444	10.857240	-1	###LINE###
5	16	3	0	1	0	303.60	101.12	41.99	10.86	100	ROGERS
3	16	4	0	0	0	389.519958	89.964445	49.682078	22.017214	-1	###FLOW###
4	16	4	0	0	0	416.039950	89.964445	23.162085	10.857240	-1	###LINE###
5	16	4	0	0	0	416.04	89.96	23.16	10.86	100	Dana
4	16	4	0	1	0	389.519958	101.124419	49.671968	10.857240	-1	###LINE###
5	16	4	0	1	0	389.52	101.12	49.67	10.86	100	EDWARDS
3	16	5	0	0	0	470.519921	89.964445	62.401382	22.017214	-1	###FLOW###
4	16	5	0	0	0	496.079924	89.964445	36.777109	10.857240	-1	###LINE###
5	16	5	0	0	0	496.08	89.96	36.78	10.86	100	Brandon
4	16	5	0	1	0	470.519921	101.124419	62.401382	10.857240	-1	###LINE###
5	16	5	0	1	0	470.52	101.12	62.40	10.86	100	MONHOLLEN
3	16	6	0	0	0	548.759907	89.964445	77.583253	22.017214	-1	###FLOW###
4	16	6	0	0	0	589.559881	89.964445	36.708985	10.857240	-1	###LINE###
5	16	6	0	0	0	589.56	89.96	24.87	10.86	100	David
5	16	6	0	0	1	617.09	89.96	9.18	10.86	100	E.
4	16	6	0	1	0	548.759907	101.124419	77.583253	10.857240	-1	###LINE###
5	16	6	0	1	0	548.76	101.12	59.82	10.86	100	KRAFTCHAK
5	16	6	0	1	1	611.21	101.12	15.13	10.86	100	JR.
3	16	7	0	0	0	165.599967	116.964393	32.894054	10.857240	-1	###FLOW###
4	16	7	0	0	0	165.599967	116.964393	32.894054	10.857240	-1	###LINE###
5	16	7	0	0	0	165.60	116.96	32.89	10.86	100	Morgan
3	16	8	0	0	0	329.399946	116.964393	16.232924	10.857240	-1	###FLOW###
4	16	8	0	0	0	329.399946	116.964393	16.232924	10.857240	-1	###LINE###
5	16	8	0	0	0	329.40	116.96	16.23	10.86	100	272
3	16	9	0	0	0	428.399953	116.964393	10.821949	10.857240	-1	###FLOW###
4	16	9	0	0	0	428.399953	116.964393	10.821949	10.857240	-1	###LINE###
5	16	9	0	0	0	428.40	116.96	10.82	10.86	100	31
3	16	10	0	0	0	521.999931	116.964393	10.821949	10.857240	-1	###FLOW###
4	16	10	0	0	0	521.999931	116.964393	10.821949	10.857240	-1	###LINE###
5	16	10	0	0	0	522.00	116.96	10.82	10.86	100	12
3	16	11	0	0	0	620.999877	116.964393	5.410975	10.857240	-1	###FLOW###
4	16	11	0	0	0	620.999877	116.964393	5.410975	10.857240	-1	###LINE###
5	16	11	0	0	0	621.00	116.96	5.41	10.86	100	6
3	16	12	0	0	0	165.599967	132.324413	31.697022	10.857240	-1	###FLOW###
4	16	12	0	0	0	165.599967	132.324413	31.697022	10.857240	-1	###LINE###
5	16	12	0	0	0	165.60	132.32	31.70	10.86	100	Owsley
3	16	13	0	0	0	329.399946	132.324413	16.232924	10.857240	-1	###FLOW###
4	16	13	0	0	0	329.399946	132.324413	16.232924	10.857240	-1	###LINE###
5	16	13	0	0	0	329.40	132.32	16.23	10.86	100	293
3	16	14	0	0	0	428.399953	132.324413	10.821949	10.857240	-1	###FLOW###
4	16	14	0	0	0	428.399953	132.324413	10.821949	10.857240	-1	###LINE###
5	16	14	0	0	0	428.40	132.32	10.82	10.86	100	31
3	16	15	0	0	0	521.999931	132.324413	10.821949	10.857240	-1	###FLOW###
4	16	15	0	0	0	521.999931	132.324413	10.821949	10.857240	-1	###LINE###
5	16	15	0	0	0	522.00	132.32	10.82	10.86	100	11
3	16	16	0	0	0	615.599910	132.324413	10.821949	10.857240	-1	###FLOW###
4	16	16	0	0	0	615.599910	132.324413	10.821949	10.857240	-1	###LINE###
5	16	16	0	0	0	615.60	132.32	10.82	10.86	100	11
3	16	17	0	0	0	165.599967	147.804399	23.239941	10.857240	-1	###FLOW###
4	16	17	0	0	0	165.599967	147.804399	23.239941	10.857240	-1	###LINE###
5	16	17	0	0	0	165.60	147.80	23.24	10.86	100	Perry
3	16	18	0	0	0	329.399946	147.804399	16.232924	10.857240	-1	###FLOW###
4	16	18	0	0	0	329.399946	147.804399	16.232924	10.857240	-1	###LINE###
5	16	18	0	0	0	329.40	147.80	16.23	10.86	100	766
3	16	19	0	0	0	428.399953	147.804399	10.821949	10.857240	-1	###FLOW###
4	16	19	0	0	0	428.399953	147.804399	10.821949	10.857240	-1	###LINE###
5	16	19	0	0	0	428.40	147.80	10.82	10.86	100	82
3	16	20	0	0	0	521.999931	147.804399	10.821949	10.857240	-1	###FLOW###
4	16	20	0	0	0	521.999931	147.804399	10.821949	10.857240	-1	###LINE###
5	16	20	0	0	0	522.00	147.80	10.82	10.86	100	34
3	16	21	0	0	0	615.599910	147.804399	10.821949	10.857240	-1	###FLOW###
4	16	21	0	0	0	615.599910	147.804399	10.821949	10.857240	-1	###LINE###
5	16	21	0	0	0	615.60	147.80	10.82	10.86	100	17
3	16	22	0	0	0	165.599967	163.164390	18.918947	10.857240	-1	###FLOW###
4	16	22	0	0	0	165.599967	163.164390	18.918947	10.857240	-1	###LINE###
5	16	22	0	0	0	165.60	163.16	18.92	10.86	100	Pike
3	16	23	0	0	0	321.239938	163.164390	24.339653	10.857240	-1	###FLOW###
4	16	23	0	0	0	321.239938	163.164390	24.339653	10.857240	-1	###LINE###
5	16	23	0	0	0	321.24	163.16	24.34	10.86	100	1,892
3	16	24	0	0	0	422.999924	163.164390	16.232924	10.857240	-1	###FLOW###
4	16	24	0	0	0	422.999924	163.164390	16.232924	10.857240	-1	###LINE###
5	16	24	0	0	0	423.00	163.16	16.23	10.86	100	133
3	16	25	0	0	0	521.999931	163.164390	10.821949	10.857240	-1	###FLOW###
4	16	25	0	0	0	521.999931	163.164390	10.821949	10.857240	-1	###LINE###
5	16	25	0	0	0	522.00	163.16	10.82	10.86	100	80
3	16	26	0	0	0	615.599910	163.164390	10.821949	10.857240	-1	###FLOW###
4	16	26	0	0	0	615.599910	163.164390	10.821949	10.857240	-1	###LINE###
5	16	26	0	0	0	615.60	163.16	10.82	10.86	100	37
3	16	27	0	0	0	165.599967	178.644407	31.356403	10.857240	-1	###FLOW###
4	16	27	0	0	0	165.599967	178.644407	31.356403	10.857240	-1	###LINE###
5	16	27	0	0	0	165.60	178.64	31.36	10.86	100	Pulaski
3	16	28	0	0	0	321.239938	178.644407	24.339653	10.857240	-1	###FLOW###
4	16	28	0	0	0	321.239938	178.644407	24.339653	10.857240	-1	###LINE###
5	16	28	0	0	0	321.24	178.64	24.34	10.86	100	4,490
3	16	29	0	0	0	422.999924	178.644407	16.232924	10.857240	-1	###FLOW###
4	16	29	0	0	0	422.999924	178.644407	16.232924	10.857240	-1	###LINE###
5	16	29	0	0	0	423.00	178.64	16.23	10.86	100	557
3	16	30	0	0	0	516.599903	178.644407	16.232924	10.857240	-1	###FLOW###
4	16	30	0	0	0	516.599903	178.644407	16.232924	10.857240	-1	###LINE###
5	16	30	0	0	0	516.60	178.64	16.23	10.86	100	237
3	16	31	0	0	0	610.199881	178.644407	16.232924	10.857240	-1	###FLOW###
4	16	31	0	0	0	610.199881	178.644407	16.232924	10.857240	-1	###LINE###
5	16	31	0	0	0	610.20	178.64	16.23	10.86	100	124
3	16	32	0	0	0	165.599967	194.004396	47.706110	10.857240	-1	###FLOW###
4	16	32	0	0	0	165.599967	194.004396	47.706110	10.857240	-1	###LINE###
5	16	32	0	0	0	165.60	194.00	47.71	10.86	100	Rockcastle
3	16	33	0	0	0	321.239938	194.004396	24.339653	10.857240	-1	###FLOW###
4	16	33	0	0	0	321.239938	194.004396	24.339653	10.857240	-1	###LINE###
5	16	33	0	0	0	321.24	194.00	24.34	10.86	100	1,289
3	16	34	0	0	0	422.999924	194.004396	16.232924	10.857240	-1	###FLOW###
4	16	34	0	0	0	422.999924	194.004396	16.232924	10.857240	-1	###LINE###
5	16	34	0	0	0	423.00	194.00	16.23	10.86	100	120
3	16	35	0	0	0	521.999931	194.004396	10.821949	10.857240	-1	###FLOW###
4	16	35	0	0	0	521.999931	194.004396	10.821949	10.857240	-1	###LINE###
5	16	35	0	0	0	522.00	194.00	10.82	10.86	100	63
3	16	36	0	0	0	615.599910	194.004396	10.821949	10.857240	-1	###FLOW###
4	16	36	0	0	0	615.599910	194.004396	10.821949	10.857240	-1	###LINE###
5	16	36	0	0	0	615.60	194.00	10.82	10.86	100	24
3	16	37	0	0	0	165.599967	209.484413	30.013391	10.857240	-1	###FLOW###
4	16	37	0	0	0	165.599967	209.484413	30.013391	10.857240	-1	###LINE###
5	16	37	0	0	0	165.60	209.48	30.01	10.86	100	Rowan
3	16	38	0	0	0	329.399946	209.484413	16.232924	10.857240	-1	###FLOW###
4	16	38	0	0	0	329.399946	209.484413	16.232924	10.857240	-1	###LINE###
5	16	38	0	0	0	329.40	209.48	16.23	10.86	100	574
3	16	39	0	0	0	428.399953	209.484413	10.821949	10.857240	-1	###FLOW###
4	16	39	0	0	0	428.399953	209.484413	10.821949	10.857240	-1	###LINE###
5	16	39	0	0	0	428.40	209.48	10.82	10.86	100	73
3	16	40	0	0	0	521.999931	209.484413	10.821949	10.857240	-1	###FLOW###
4	16	40	0	0	0	521.999931	209.484413	10.821949	10.857240	-1	###LINE###
5	16	40	0	0	0	522.00	209.48	10.82	10.86	100	37
3	16	41	0	0	0	615.599910	209.484413	10.821949	10.857240	-1	###FLOW###
4	16	41	0	0	0	615.599910	209.484413	10.821949	10.857240	-1	###LINE###
5	16	41	0	0	0	615.60	209.48	10.82	10.86	100	20
3	16	42	0	0	0	165.599967	224.844403	30.616773	10.857240	-1	###FLOW###
4	16	42	0	0	0	165.599967	224.844403	30.616773	10.857240	-1	###LINE###
5	16	42	0	0	0	165.60	224.84	30.62	10.86	100	Wayne
3	16	43	0	0	0	321.239938	224.844403	24.339653	10.857240	-1	###FLOW###
4	16	43	0	0	0	321.239938	224.844403	24.339653	10.857240	-1	###LINE###
5	16	43	0	0	0	321.24	224.84	24.34	10.86	100	1,319
3	16	44	0	0	0	422.999924	224.844403	16.232924	10.857240	-1	###FLOW###
4	16	44	0	0	0	422.999924	224.844403	16.232924	10.857240	-1	###LINE###
5	16	44	0	0	0	423.00	224.84	16.23	10.86	100	146
3	16	45	0	0	0	521.999931	224.844403	10.821949	10.857240	-1	###FLOW###
4	16	45	0	0	0	521.999931	224.844403	10.821949	10.857240	-1	###LINE###
5	16	45	0	0	0	522.00	224.84	10.82	10.86	100	82
3	16	46	0	0	0	615.599910	224.844403	10.821949	10.857240	-1	###FLOW###
4	16	46	0	0	0	615.599910	224.844403	10.821949	10.857240	-1	###LINE###
5	16	46	0	0	0	615.60	224.84	10.82	10.86	100	38
3	16	47	0	0	0	165.599967	240.324420	32.417187	10.857240	-1	###FLOW###
4	16	47	0	0	0	165.599967	240.324420	32.417187	10.857240	-1	###LINE###
5	16	47	0	0	0	165.60	240.32	32.42	10.86	100	Whitley
3	16	48	0	0	0	321.239938	240.324420	24.339653	10.857240	-1	###FLOW###
4	16	48	0	0	0	321.239938	240.324420	24.339653	10.857240	-1	###LINE###
5	16	48	0	0	0	321.24	240.32	24.34	10.86	100	2,071
3	16	49	0	0	0	422.999924	240.324420	16.232924	10.857240	-1	###FLOW###
4	16	49	0	0	0	422.999924	240.324420	16.232924	10.857240	-1	###LINE###
5	16	49	0	0	0	423.00	240.32	16.23	10.86	100	216
3	16	50	0	0	0	516.599903	240.324420	16.232924	10.857240	-1	###FLOW###
4	16	50	0	0	0	516.599903	240.324420	16.232924	10.857240	-1	###LINE###
5	16	50	0	0	0	516.60	240.32	16.23	10.86	100	144
3	16	51	0	0	0	615.599910	240.324420	10.821949	10.857240	-1	###FLOW###
4	16	51	0	0	0	615.599910	240.324420	10.821949	10.857240	-1	###LINE###
5	16	51	0	0	0	615.60	240.32	10.82	10.86	100	56
3	16	52	0	0	0	165.599967	255.684379	25.390706	10.857240	-1	###FLOW###
4	16	52	0	0	0	165.599967	255.684379	25.390706	10.857240	-1	###LINE###
5	16	52	0	0	0	165.60	255.68	25.39	10.86	100	Wolfe
3	16	53	0	0	0	334.799943	255.684379	10.821949	10.857240	-1	###FLOW###
4	16	53	0	0	0	334.799943	255.684379	10.821949	10.857240	-1	###LINE###
5	16	53	0	0	0	334.80	255.68	10.82	10.86	100	80
3	16	54	0	0	0	433.799949	255.684379	5.410975	10.857240	-1	###FLOW###
4	16	54	0	0	0	433.799949	255.684379	5.410975	10.857240	-1	###LINE###
5	16	54	0	0	0	433.80	255.68	5.41	10.86	100	4
3	16	55	0	0	0	527.399898	255.684379	5.410975	10.857240	-1	###FLOW###
4	16	55	0	0	0	527.399898	255.684379	5.410975	10.857240	-1	###LINE###
5	16	55	0	0	0	527.40	255.68	5.41	10.86	100	4
3	16	56	0	0	0	620.999877	255.684379	5.410975	10.857240	-1	###FLOW###
4	16	56	0	0	0	620.999877	255.684379	5.410975	10.857240	-1	###LINE###
5	16	56	0	0	0	621.00	255.68	5.41	10.86	100	1
3	16	57	0	0	0	315.839940	271.284392	29.750628	10.857240	-1	###FLOW###
4	16	57	0	0	0	315.839940	271.284392	29.750628	10.857240	-1	###LINE###
5	16	57	0	0	0	315.84	271.28	29.75	10.86	100	39,423
3	16	58	0	0	0	414.839947	271.284392	24.339653	10.857240	-1	###FLOW###
4	16	58	0	0	0	414.839947	271.284392	24.339653	10.857240	-1	###LINE###
5	16	58	0	0	0	414.84	271.28	24.34	10.86	100	5,112
3	16	59	0	0	0	508.439927	271.284392	24.339653	10.857240	-1	###FLOW###
4	16	59	0	0	0	508.439927	271.284392	24.339653	10.857240	-1	###LINE###
5	16	59	0	0	0	508.44	271.28	24.34	10.86	100	2,673
3	16	60	0	0	0	610.199881	271.284392	16.232924	10.857240	-1	###FLOW###
4	16	60	0	0	0	610.199881	271.284392	16.232924	10.857240	-1	###LINE###
5	16	60	0	0	0	610.20	271.28	16.23	10.86	100	997
3	16	61	0	0	0	165.599967	271.284392	52.328795	10.857240	-1	###FLOW###
4	16	61	0	0	0	165.599967	271.284392	52.328795	10.857240	-1	###LINE###
5	16	61	0	0	0	165.60	271.28	23.10	10.86	100	Total
5	16	61	0	0	1	191.45	271.28	26.48	10.86	100	Votes
1	17	0	0	0	0	0.000000	0.000000	792.000000	612.000000	-1	###PAGE###
3	17	0	0	0	0	35.999994	54.115290	161.658823	13.404001	-1	###FLOW###
4	17	0	0	0	0	35.999994	54.115290	161.658823	13.404001	-1	###LINE###
5	17	0	0	0	0	36.00	54.12	89.57	13.40	100	Commonwealth
5	17	0	0	0	1	128.96	54.12	11.33	13.40	100	of
5	17	0	0	0	2	143.60	54.12	54.05	13.40	100	Kentucky
3	17	1	0	0	0	289.919964	54.115290	211.964694	13.404001	-1	###FLOW###
4	17	1	0	0	0	289.919964	54.115290	211.964694	13.404001	-1	###LINE###
5	17	1	0	0	0	289.92	54.12	44.03	13.40	100	Michael
5	17	1	0	0	1	337.40	54.12	12.66	13.40	100	G.
5	17	1	0	0	2	353.48	54.12	43.01	13.40	100	Adams,
5	17	1	0	0	3	399.93	54.12	54.90	13.40	100	Secretary
5	17	1	0	0	4	457.89	54.12	11.33	13.40	100	of
5	17	1	0	0	5	472.52	54.12	29.36	13.40	100	State
3	17	2	0	0	0	584.279905	54.115290	171.619073	13.404001	-1	###FLOW###
4	17	2	0	0	0	584.279905	54.115290	171.619073	13.404001	-1	###LINE###
5	17	2	0	0	0	584.28	54.12	26.72	13.40	100	2024
5	17	2	0	0	1	614.49	54.12	44.86	13.40	100	Primary
5	17	2	0	0	2	662.36	54.12	46.82	13.40	100	Election
5	17	2	0	0	3	712.53	54.12	43.37	13.40	100	Results
3	17	3	0	0	0	321.119947	111.955306	149.571958	41.003991	-1	###FLOW###
4	17	3	0	0	0	342.959950	111.955306	106.030406	13.404001	-1	###LINE###
5	17	3	0	0	0	342.96	111.96	16.68	13.40	100	US
5	17	3	0	0	1	362.96	111.96	86.03	13.40	100	Representative
4	17	3	0	1	0	321.119947	125.755316	149.571958	13.404001	-1	###LINE###
5	17	3	0	1	0	321.12	125.76	18.01	13.40	100	6th
5	17	3	0	1	1	342.45	125.76	83.49	13.40	100	Congressional
5	17	3	0	1	2	429.33	125.76	41.37	13.40	100	District
4	17	3	0	2	0	346.679950	139.555296	98.881614	13.404001	-1	###LINE###
5	17	3	0	2	0	346.68	139.56	65.41	13.40	100	Democratic
5	17	3	0	2	1	415.52	139.56	30.04	13.40	100	Party
3	17	3	1	0	0	251.879969	164.364412	47.108063	22.017245	-1	###FLOW###
4	17	3	1	0	0	270.959962	164.364412	28.028069	10.857240	-1	###LINE###
5	17	3	1	0	0	270.96	164.36	28.03	10.86	100	Randy
4	17	3	1	1	0	251.879969	175.524417	46.985944	10.857240	-1	###LINE###
5	17	3	1	1	0	251.88	175.52	46.99	10.86	100	CRAVENS
3	17	4	0	0	0	360.839941	164.364412	31.735949	22.017245	-1	###FLOW###
4	17	4	0	0	0	371.279932	164.364412	21.128104	10.857240	-1	###LINE###
5	17	4	0	0	0	371.28	164.36	21.13	10.86	100	Todd
4	17	4	0	1	0	360.839941	175.524417	31.735949	10.857240	-1	###LINE###
5	17	4	0	1	0	360.84	175.52	31.74	10.86	100	KELLY
3	17	5	0	0	0	452.519940	164.364412	33.609688	22.017245	-1	###FLOW###
4	17	5	0	0	0	452.519940	164.364412	33.536364	10.857240	-1	###LINE###
5	17	5	0	0	0	452.52	164.36	33.54	10.86	100	Shauna
4	17	5	0	1	0	458.159949	175.524417	27.969678	10.857240	-1	###LINE###
5	17	5	0	1	0	458.16	175.52	27.97	10.86	100	RUDD
3	17	6	0	0	0	514.439941	164.364412	65.223653	22.017245	-1	###FLOW###
4	17	6	0	0	0	539.519918	164.364412	40.027587	10.857240	-1	###LINE###
5	17	6	0	0	0	539.52	164.36	40.03	10.86	100	Jonathan
4	17	6	0	1	0	514.439941	175.524417	65.223653	10.857240	-1	###LINE###
5	17	6	0	1	0	514.44	175.52	65.22	10.86	100	RICHARDSON
3	17	7	0	0	0	641.399895	164.364412	31.911125	22.017245	-1	###FLOW###
4	17	7	0	0	0	643.439928	164.364412	29.624112	10.857240	-1	###LINE###
5	17	7	0	0	0	643.44	164.36	17.85	10.86	100	Don
5	17	7	0	0	1	663.89	164.36	9.18	10.86	100	B.
4	17	7	0	1	0	641.399895	175.524417	31.911125	10.857240	-1	###LINE###
5	17	7	0	1	0	641.40	175.52	31.91	10.86	100	PRATT
3	17	8	0	0	0	118.799986	191.124398	41.643093	10.857240	-1	###FLOW###
4	17	8	0	0	0	118.799986	191.124398	41.643093	10.857240	-1	###LINE###
5	17	8	0	0	0	118.80	191.12	41.64	10.86	100	Anderson
3	17	9	0	0	0	282.599956	191.124398	16.232924	10.857240	-1	###FLOW###
4	17	9	0	0	0	282.599956	191.124398	16.232924	10.857240	-1	###LINE###
5	17	9	0	0	0	282.60	191.12	16.23	10.86	100	334
3	17	10	0	0	0	376.199934	191.124398	16.232924	10.857240	-1	###FLOW###
4	17	10	0	0	0	376.199934	191.124398	16.232924	10.857240	-1	###LINE###
5	17	10	0	0	0	376.20	191.12	16.23	10.86	100	392
3	17	11	0	0	0	469.799944	191.124398	16.232924	10.857240	-1	###FLOW###
4	17	11	0	0	0	469.799944	191.124398	16.232924	10.857240	-1	###LINE###
5	17	11	0	0	0	469.80	191.12	16.23	10.86	100	329
3	17	12	0	0	0	563.399923	191.124398	16.232924	10.857240	-1	###FLOW###
4	17	12	0	0	0	563.399923	191.124398	16.232924	10.857240	-1	###LINE###
5	17	12	0	0	0	563.40	191.12	16.23	10.86	100	191
3	17	13	0	0	0	656.999902	191.124398	16.232924	10.857240	-1	###FLOW###
4	17	13	0	0	0	656.999902	191.124398	16.232924	10.857240	-1	###LINE###
5	17	13	0	0	0	657.00	191.12	16.23	10.86	100	131
3	17	14	0	0	0	118.799986	206.604415	19.999195	10.857240	-1	###FLOW###
4	17	14	0	0	0	118.799986	206.604415	19.999195	10.857240	-1	###LINE###
5	17	14	0	0	0	118.80	206.60	20.00	10.86	100	Bath
3	17	15	0	0	0	287.999954	206.604415	10.821949	10.857240	-1	###FLOW###
4	17	15	0	0	0	287.999954	206.604415	10.821949	10.857240	-1	###LINE###
5	17	15	0	0	0	288.00	206.60	10.82	10.86	100	20
3	17	16	0	0	0	381.599932	206.604415	10.821949	10.857240	-1	###FLOW###
4	17	16	0	0	0	381.599932	206.604415	10.821949	10.857240	-1	###LINE###
5	17	16	0	0	0	381.60	206.60	10.82	10.86	100	32
3	17	17	0	0	0	475.199941	206.604415	10.821949	10.857240	-1	###FLOW###
4	17	17	0	0	0	475.199941	206.604415	10.821949	10.857240	-1	###LINE###
5	17	17	0	0	0	475.20	206.60	10.82	10.86	100	29
3	17	18	0	0	0	568.799890	206.604415	10.821949	10.857240	-1	###FLOW###
4	17	18	0	0	0	568.799890	206.604415	10.821949	10.857240	-1	###LINE###
5	17	18	0	0	0	568.80	206.60	10.82	10.86	100	33
3	17	19	0	0	0	662.399869	206.604415	10.821949	10.857240	-1	###FLOW###
4	17	19	0	0	0	662.399869	206.604415	10.821949	10.857240	-1	###LINE###
5	17	19	0	0	0	662.40	206.60	10.82	10.86	100	13
3	17	20	0	0	0	118.799986	221.964406	36.777109	10.857240	-1	###FLOW###
4	17	20	0	0	0	118.799986	221.964406	36.777109	10.857240	-1	###LINE###
5	17	20	0	0	0	118.80	221.96	36.78	10.86	100	Bourbon
3	17	21	0	0	0	282.599956	221.964406	16.232924	10.857240	-1	###FLOW###
4	17	21	0	0	0	282.599956	221.964406	16.232924	10.857240	-1	###LINE###
5	17	21	0	0	0	282.60	221.96	16.23	10.86	100	208
3	17	22	0	0	0	376.199934	221.964406	16.232924	10.857240	-1	###FLOW###
4	17	22	0	0	0	376.199934	221.964406	16.232924	10.857240	-1	###LINE###
5	17	22	0	0	0	376.20	221.96	16.23	10.86	100	191
3	17	23	0	0	0	469.799944	221.964406	16.232924	10.857240	-1	###FLOW###
4	17	23	0	0	0	469.799944	221.964406	16.232924	10.857240	-1	###LINE###
5	17	23	0	0	0	469.80	221.96	16.23	10.86	100	180
3	17	24	0	0	0	563.399923	221.964406	16.232924	10.857240	-1	###FLOW###
4	17	24	0	0	0	563.399923	221.964406	16.232924	10.857240	-1	###LINE###
5	17	24	0	0	0	563.40	221.96	16.23	10.86	100	114
3	17	25	0	0	0	656.999902	221.964406	16.232924	10.857240	-1	###FLOW###
4	17	25	0	0	0	656.999902	221.964406	16.232924	10.857240	-1	###LINE###
5	17	25	0	0	0	657.00	221.96	16.23	10.86	100	103
3	17	26	0	0	0	118.799986	237.444392	22.704683	10.857240	-1	###FLOW###
4	17	26	0	0	0	118.799986	237.444392	22.704683	10.857240	-1	###LINE###
5	17	26	0	0	0	118.80	237.44	22.70	10.86	100	Clark
3	17	27	0	0	0	282.599956	237.444392	16.232924	10.857240	-1	###FLOW###
4	17	27	0	0	0	282.599956	237.444392	16.232924	10.857240	-1	###LINE###
5	17	27	0	0	0	282.60	237.44	16.23	10.86	100	293
3	17	28	0	0	0	376.199934	237.444392	16.232924	10.857240	-1	###FLOW###
4	17	28	0	0	0	376.199934	237.444392	16.232924	10.857240	-1	###LINE###
5	17	28	0	0	0	376.20	237.44	16.23	10.86	100	355
3	17	29	0	0	0	469.799944	237.444392	16.232924	10.857240	-1	###FLOW###
4	17	29	0	0	0	469.799944	237.444392	16.232924	10.857240	-1	###LINE###
5	17	29	0	0	0	469.80	237.44	16.23	10.86	100	238
3	17	30	0	0	0	563.399923	237.444392	16.232924	10.857240	-1	###FLOW###
4	17	30	0	0	0	563.399923	237.444392	16.232924	10.857240	-1	###LINE###
5	17	30	0	0	0	563.40	237.44	16.23	10.86	100	155
3	17	31	0	0	0	656.999902	237.444392	16.232924	10.857240	-1	###FLOW###
4	17	31	0	0	0	656.999902	237.444392	16.232924	10.857240	-1	###LINE###
5	17	31	0	0	0	657.00	237.44	16.23	10.86	100	101
3	17	32	0	0	0	118.799986	252.804412	20.631773	10.857240	-1	###FLOW###
4	17	32	0	0	0	118.799986	252.804412	20.631773	10.857240	-1	###LINE###
5	17	32	0	0	0	118.80	252.80	20.63	10.86	100	Estill
3	17	33	0	0	0	287.999954	252.804412	10.821949	10.857240	-1	###FLOW###
4	17	33	0	0	0	287.999954	252.804412	10.821949	10.857240	-1	###LINE###
5	17	33	0	0	0	288.00	252.80	10.82	10.86	100	57
3	17	34	0	0	0	381.599932	252.804412	10.821949	10.857240	-1	###FLOW###
4	17	34	0	0	0	381.599932	252.804412	10.821949	10.857240	-1	###LINE###
5	17	34	0	0	0	381.60	252.80	10.82	10.86	100	72
3	17	35	0	0	0	475.199941	252.804412	10.821949	10.857240	-1	###FLOW###
4	17	35	0	0	0	475.199941	252.804412	10.821949	10.857240	-1	###LINE###
5	17	35	0	0	0	475.20	252.80	10.82	10.86	100	54
3	17	36	0	0	0	568.799890	252.804412	10.821949	10.857240	-1	###FLOW###
4	17	36	0	0	0	568.799890	252.804412	10.821949	10.857240	-1	###LINE###
5	17	36	0	0	0	568.80	252.80	10.82	10.86	100	54
3	17	37	0	0	0	662.399869	252.804412	10.821949	10.857240	-1	###FLOW###
4	17	37	0	0	0	662.399869	252.804412	10.821949	10.857240	-1	###LINE###
5	17	37	0	0	0	662.40	252.80	10.82	10.86	100	27
3	17	38	0	0	0	118.799986	268.284398	32.290672	10.857240	-1	###FLOW###
4	17	38	0	0	0	118.799986	268.284398	32.290672	10.857240	-1	###LINE###
5	17	38	0	0	0	118.80	268.28	32.29	10.86	100	Fayette
3	17	39	0	0	0	274.439948	268.284398	24.339653	10.857240	-1	###FLOW###
4	17	39	0	0	0	274.439948	268.284398	24.339653	10.857240	-1	###LINE###
5	17	39	0	0	0	274.44	268.28	24.34	10.86	100	5,247
3	17	40	0	0	0	368.039958	268.284398	24.339653	10.857240	-1	###FLOW###
4	17	40	0	0	0	368.039958	268.284398	24.339653	10.857240	-1	###LINE###
5	17	40	0	0	0	368.04	268.28	24.34	10.86	100	4,809
3	17	41	0	0	0	461.639937	268.284398	24.339653	10.857240	-1	###FLOW###
4	17	41	0	0	0	461.639937	268.284398	24.339653	10.857240	-1	###LINE###
5	17	41	0	0	0	461.64	268.28	24.34	10.86	100	4,861
3	17	42	0	0	0	555.239915	268.284398	24.339653	10.857240	-1	###FLOW###
4	17	42	0	0	0	555.239915	268.284398	24.339653	10.857240	-1	###LINE###
5	17	42	0	0	0	555.24	268.28	24.34	10.86	100	2,085
3	17	43	0	0	0	648.839894	268.284398	24.339653	10.857240	-1	###FLOW###
4	17	43	0	0	0	648.839894	268.284398	24.339653	10.857240	-1	###LINE###
5	17	43	0	0	0	648.84	268.28	24.34	10.86	100	2,469
3	17	44	0	0	0	118.799986	283.644388	34.460901	10.857240	-1	###FLOW###
4	17	44	0	0	0	118.799986	283.644388	34.460901	10.857240	-1	###LINE###
5	17	44	0	0	0	118.80	283.64	34.46	10.86	100	Fleming
3	17	45	0	0	0	287.999954	283.644388	10.821949	10.857240	-1	###FLOW###
4	17	45	0	0	0	287.999954	283.644388	10.821949	10.857240	-1	###LINE###
5	17	45	0	0	0	288.00	283.64	10.82	10.86	100	78
3	17	46	0	0	0	376.199934	283.644388	16.232924	10.857240	-1	###FLOW###
4	17	46	0	0	0	376.199934	283.644388	16.232924	10.857240	-1	###LINE###
5	17	46	0	0	0	376.20	283.64	16.23	10.86	100	195
3	17	47	0	0	0	475.199941	283.644388	10.821949	10.857240	-1	###FLOW###
4	17	47	0	0	0	475.199941	283.644388	10.821949	10.857240	-1	###LINE###
5	17	47	0	0	0	475.20	283.64	10.82	10.86	100	97
3	17	48	0	0	0	568.799890	283.644388	10.821949	10.857240	-1	###FLOW###
4	17	48	0	0	0	568.799890	283.644388	10.821949	10.857240	-1	###LINE###
5	17	48	0	0	0	568.80	283.64	10.82	10.86	100	69
3	17	49	0	0	0	662.399869	283.644388	10.821949	10.857240	-1	###FLOW###
4	17	49	0	0	0	662.399869	283.644388	10.821949	10.857240	-1	###LINE###
5	17	49	0	0	0	662.40	283.64	10.82	10.86	100	30
3	17	50	0	0	0	118.799986	299.124375	33.516900	10.857240	-1	###FLOW###
4	17	50	0	0	0	118.799986	299.124375	33.516900	10.857240	-1	###LINE###
5	17	50	0	0	0	118.80	299.12	33.52	10.86	100	Garrard
3	17	51	0	0	0	287.999954	299.124375	10.821949	10.857240	-1	###FLOW###
4	17	51	0	0	0	287.999954	299.124375	10.821949	10.857240	-1	###LINE###
5	17	51	0	0	0	288.00	299.12	10.82	10.86	100	68
3	17	52	0	0	0	381.599932	299.124375	10.821949	10.857240	-1	###FLOW###
4	17	52	0	0	0	381.599932	299.124375	10.821949	10.857240	-1	###LINE###
5	17	52	0	0	0	381.60	299.12	10.82	10.86	100	59
3	17	53	0	0	0	475.199941	299.124375	10.821949	10.857240	-1	###FLOW###
4	17	53	0	0	0	475.199941	299.124375	10.821949	10.857240	-1	###LINE###
5	17	53	0	0	0	475.20	299.12	10.82	10.86	100	66
3	17	54	0	0	0	568.799890	299.124375	10.821949	10.857240	-1	###FLOW###
4	17	54	0	0	0	568.799890	299.124375	10.821949	10.857240	-1	###LINE###
5	17	54	0	0	0	568.80	299.12	10.82	10.86	100	35
3	17	55	0	0	0	662.399869	299.124375	10.821949	10.857240	-1	###FLOW###
4	17	55	0	0	0	662.399869	299.124375	10.821949	10.857240	-1	###LINE###
5	17	55	0	0	0	662.40	299.12	10.82	10.86	100	34
3	17	56	0	0	0	118.799986	314.484395	46.655057	10.857240	-1	###FLOW###
4	17	56	0	0	0	118.799986	314.484395	46.655057	10.857240	-1	###LINE###
5	17	56	0	0	0	118.80	314.48	46.66	10.86	100	Jessamine
3	17	57	0	0	0	282.599956	314.484395	16.232924	10.857240	-1	###FLOW###
4	17	57	0	0	0	282.599956	314.484395	16.232924	10.857240	-1	###LINE###
5	17	57	0	0	0	282.60	314.48	16.23	10.86	100	351
3	17	58	0	0	0	376.199934	314.484395	16.232924	10.857240	-1	###FLOW###
4	17	58	0	0	0	376.199934	314.484395	16.232924	10.857240	-1	###LINE###
5	17	58	0	0	0	376.20	314.48	16.23	10.86	100	328
3	17	59	0	0	0	469.799944	314.484395	16.232924	10.857240	-1	###FLOW###
4	17	59	0	0	0	469.799944	314.484395	16.232924	10.857240	-1	###LINE###
5	17	59	0	0	0	469.80	314.48	16.23	10.86	100	314
3	17	60	0	0	0	563.399923	314.484395	16.232924	10.857240	-1	###FLOW###
4	17	60	0	0	0	563.399923	314.484395	16.232924	10.857240	-1	###LINE###
5	17	60	0	0	0	563.40	314.48	16.23	10.86	100	158
3	17	61	0	0	0	656.999902	314.484395	16.232924	10.857240	-1	###FLOW###
4	17	61	0	0	0	656.999902	314.484395	16.232924	10.857240	-1	###LINE###
5	17	61	0	0	0	657.00	314.48	16.23	10.86	100	142
3	17	62	0	0	0	118.799986	329.964381	36.679789	10.857240	-1	###FLOW###
4	17	62	0	0	0	118.799986	329.964381	36.679789	10.857240	-1	###LINE###
5	17	62	0	0	0	118.80	329.96	36.68	10.86	100	Madison
3	17	63	0	0	0	282.599956	329.964381	16.232924	10.857240	-1	###FLOW###
4	17	63	0	0	0	282.599956	329.964381	16.232924	10.857240	-1	###LINE###
5	17	63	0	0	0	282.60	329.96	16.23	10.86	100	746
3	17	64	0	0	0	376.199934	329.964381	16.232924	10.857240	-1	###FLOW###
4	17	64	0	0	0	376.199934	329.964381	16.232924	10.857240	-1	###LINE###
5	17	64	0	0	0	376.20	329.96	16.23	10.86	100	592
3	17	65	0	0	0	469.799944	329.964381	16.232924	10.857240	-1	###FLOW###
4	17	65	0	0	0	469.799944	329.964381	16.232924	10.857240	-1	###LINE###
5	17	65	0	0	0	469.80	329.96	16.23	10.86	100	631
3	17	66	0	0	0	563.399923	329.964381	16.232924	10.857240	-1	###FLOW###
4	17	66	0	0	0	563.399923	329.964381	16.232924	10.857240	-1	###LINE###
5	17	66	0	0	0	563.40	329.96	16.23	10.86	100	411
3	17	67	0	0	0	656.999902	329.964381	16.232924	10.857240	-1	###FLOW###
4	17	67	0	0	0	656.999902	329.964381	16.232924	10.857240	-1	###LINE###
5	17	67	0	0	0	657.00	329.96	16.23	10.86	100	219
3	17	68	0	0	0	118.799986	345.324402	30.276154	10.857240	-1	###FLOW###
4	17	68	0	0	0	118.799986	345.324402	30.276154	10.857240	-1	###LINE###
5	17	68	0	0	0	118.80	345.32	30.28	10.86	100	Mercer
3	17	69	0	0	0	282.599956	345.324402	16.232924	10.857240	-1	###FLOW###
4	17	69	0	0	0	282.599956	345.324402	16.232924	10.857240	-1	###LINE###
5	17	69	0	0	0	282.60	345.32	16.23	10.86	100	199
3	17	70	0	0	0	376.199934	345.324402	16.232924	10.857240	-1	###FLOW###
4	17	70	0	0	0	376.199934	345.324402	16.232924	10.857240	-1	###LINE###
5	17	70	0	0	0	376.20	345.32	16.23	10.86	100	188
3	17	71	0	0	0	469.799944	345.324402	16.232924	10.857240	-1	###FLOW###
4	17	71	0	0	0	469.799944	345.324402	16.232924	10.857240	-1	###LINE###
5	17	71	0	0	0	469.80	345.32	16.23	10.86	100	146
3	17	72	0	0	0	563.399923	345.324402	16.232924	10.857240	-1	###FLOW###
4	17	72	0	0	0	563.399923	345.324402	16.232924	10.857240	-1	###LINE###
5	17	72	0	0	0	563.40	345.32	16.23	10.86	100	127
3	17	73	0	0	0	662.399869	345.324402	10.821949	10.857240	-1	###FLOW###
4	17	73	0	0	0	662.399869	345.324402	10.821949	10.857240	-1	###LINE###
5	17	73	0	0	0	662.40	345.32	10.82	10.86	100	80
3	17	74	0	0	0	118.799986	360.804373	53.973498	10.857240	-1	###FLOW###
4	17	74	0	0	0	118.799986	360.804373	53.973498	10.857240	-1	###LINE###
5	17	74	0	0	0	118.80	360.80	53.97	10.86	100	Montgomery
3	17	75	0	0	0	282.599956	360.804373	16.232924	10.857240	-1	###FLOW###
4	17	75	0	0	0	282.599956	360.804373	16.232924	10.857240	-1	###LINE###
5	17	75	0	0	0	282.60	360.80	16.23	10.86	100	212
3	17	76	0	0	0	376.199934	360.804373	16.232924	10.857240	-1	###FLOW###
4	17	76	0	0	0	376.199934	360.804373	16.232924	10.857240	-1	###LINE###
5	17	76	0	0	0	376.20	360.80	16.23	10.86	100	250
3	17	77	0	0	0	469.799944	360.804373	16.232924	10.857240	-1	###FLOW###
4	17	77	0	0	0	469.799944	360.804373	16.232924	10.857240	-1	###LINE###
5	17	77	0	0	0	469.80	360.80	16.23	10.86	100	276
3	17	78	0	0	0	563.399923	360.804373	16.232924	10.857240	-1	###FLOW###
4	17	78	0	0	0	563.399923	360.804373	16.232924	10.857240	-1	###LINE###
5	17	78	0	0	0	563.40	360.80	16.23	10.86	100	164
3	17	79	0	0	0	662.399869	360.804373	10.821949	10.857240	-1	###FLOW###
4	17	79	0	0	0	662.399869	360.804373	10.821949	10.857240	-1	###LINE###
5	17	79	0	0	0	662.40	360.80	10.82	10.86	100	90
3	17	80	0	0	0	118.799986	376.164393	37.312367	10.857240	-1	###FLOW###
4	17	80	0	0	0	118.799986	376.164393	37.312367	10.857240	-1	###LINE###
5	17	80	0	0	0	118.80	376.16	37.31	10.86	100	Nicholas
3	17	81	0	0	0	287.999954	376.164393	10.821949	10.857240	-1	###FLOW###
4	17	81	0	0	0	287.999954	376.164393	10.821949	10.857240	-1	###LINE###
5	17	81	0	0	0	288.00	376.16	10.82	10.86	100	84
3	17	82	0	0	0	376.199934	376.164393	16.232924	10.857240	-1	###FLOW###
4	17	82	0	0	0	376.199934	376.164393	16.232924	10.857240	-1	###LINE###
5	17	82	0	0	0	376.20	376.16	16.23	10.86	100	109
3	17	83	0	0	0	475.199941	376.164393	10.821949	10.857240	-1	###FLOW###
4	17	83	0	0	0	475.199941	376.164393	10.821949	10.857240	-1	###LINE###
5	17	83	0	0	0	475.20	376.16	10.82	10.86	100	77
3	17	84	0	0	0	568.799890	376.164393	10.821949	10.857240	-1	###FLOW###
4	17	84	0	0	0	568.799890	376.164393	10.821949	10.857240	-1	###LINE###
5	17	84	0	0	0	568.80	376.16	10.82	10.86	100	66
3	17	85	0	0	0	662.399869	376.164393	10.821949	10.857240	-1	###FLOW###
4	17	85	0	0	0	662.399869	376.164393	10.821949	10.857240	-1	###LINE###
5	17	85	0	0	0	662.40	376.16	10.82	10.86	100	29
3	17	86	0	0	0	118.799986	391.644379	28.446544	10.857240	-1	###FLOW###
4	17	86	0	0	0	118.799986	391.644379	28.446544	10.857240	-1	###LINE###
5	17	86	0	0	0	118.80	391.64	28.45	10.86	100	Powell
3	17	87	0	0	0	282.599956	391.644379	16.232924	10.857240	-1	###FLOW###
4	17	87	0	0	0	282.599956	391.644379	16.232924	10.857240	-1	###LINE###
5	17	87	0	0	0	282.60	391.64	16.23	10.86	100	129
3	17	88	0	0	0	376.199934	391.644379	16.232924	10.857240	-1	###FLOW###
4	17	88	0	0	0	376.199934	391.644379	16.232924	10.857240	-1	###LINE###
5	17	88	0	0	0	376.20	391.64	16.23	10.86	100	104
3	17	89	0	0	0	469.799944	391.644379	16.232924	10.857240	-1	###FLOW###
4	17	89	0	0	0	469.799944	391.644379	16.232924	10.857240	-1	###LINE###
5	17	89	0	0	0	469.80	391.64	16.23	10.86	100	113
3	17	90	0	0	0	563.399923	391.644379	16.232924	10.857240	-1	###FLOW###
4	17	90	0	0	0	563.399923	391.644379	16.232924	10.857240	-1	###LINE###
5	17	90	0	0	0	563.40	391.64	16.23	10.86	100	141
3	17	91	0	0	0	662.399869	391.644379	10.821949	10.857240	-1	###FLOW###
4	17	91	0	0	0	662.399869	391.644379	10.821949	10.857240	-1	###LINE###
5	17	91	0	0	0	662.40	391.64	10.82	10.86	100	35
3	17	92	0	0	0	118.799986	407.004370	22.247280	10.857240	-1	###FLOW###
4	17	92	0	0	0	118.799986	407.004370	22.247280	10.857240	-1	###LINE###
5	17	92	0	0	0	118.80	407.00	22.25	10.86	100	Scott
3	17	93	0	0	0	282.599956	407.004370	16.232924	10.857240	-1	###FLOW###
4	17	93	0	0	0	282.599956	407.004370	16.232924	10.857240	-1	###LINE###
5	17	93	0	0	0	282.60	407.00	16.23	10.86	100	727
3	17	94	0	0	0	376.199934	407.004370	16.232924	10.857240	-1	###FLOW###
4	17	94	0	0	0	376.199934	407.004370	16.232924	10.857240	-1	###LINE###
5	17	94	0	0	0	376.20	407.00	16.23	10.86	100	750
3	17	95	0	0	0	469.799944	407.004370	16.232924	10.857240	-1	###FLOW###
4	17	95	0	0	0	469.799944	407.004370	16.232924	10.857240	-1	###LINE###
5	17	95	0	0	0	469.80	407.00	16.23	10.86	100	712
3	17	96	0	0	0	563.399923	407.004370	16.232924	10.857240	-1	###FLOW###
4	17	96	0	0	0	563.399923	407.004370	16.232924	10.857240	-1	###LINE###
5	17	96	0	0	0	563.40	407.00	16.23	10.86	100	383
3	17	97	0	0	0	656.999902	407.004370	16.232924	10.857240	-1	###FLOW###
4	17	97	0	0	0	656.999902	407.004370	16.232924	10.857240	-1	###LINE###
5	17	97	0	0	0	657.00	407.00	16.23	10.86	100	532
3	17	98	0	0	0	118.799986	422.484386	42.703878	10.857240	-1	###FLOW###
4	17	98	0	0	0	118.799986	422.484386	42.703878	10.857240	-1	###LINE###
5	17	98	0	0	0	118.80	422.48	42.70	10.86	100	Woodford
3	17	99	0	0	0	282.599956	422.484386	16.232924	10.857240	-1	###FLOW###
4	17	99	0	0	0	282.599956	422.484386	16.232924	10.857240	-1	###LINE###
5	17	99	0	0	0	282.60	422.48	16.23	10.86	100	552
3	17	100	0	0	0	376.199934	422.484386	16.232924	10.857240	-1	###FLOW###
4	17	100	0	0	0	376.199934	422.484386	16.232924	10.857240	-1	###LINE###
5	17	100	0	0	0	376.20	422.48	16.23	10.86	100	678
3	17	101	0	0	0	469.799944	422.484386	16.232924	10.857240	-1	###FLOW###
4	17	101	0	0	0	469.799944	422.484386	16.232924	10.857240	-1	###LINE###
5	17	101	0	0	0	469.80	422.48	16.23	10.86	100	504
3	17	102	0	0	0	563.399923	422.484386	16.232924	10.857240	-1	###FLOW###
4	17	102	0	0	0	563.399923	422.484386	16.232924	10.857240	-1	###LINE###
5	17	102	0	0	0	563.40	422.48	16.23	10.86	100	247
3	17	103	0	0	0	656.999902	422.484386	16.232924	10.857240	-1	###FLOW###
4	17	103	0	0	0	656.999902	422.484386	16.232924	10.857240	-1	###LINE###
5	17	103	0	0	0	657.00	422.48	16.23	10.86	100	300
3	17	104	0	0	0	118.799986	438.204394	52.328795	10.857240	-1	###FLOW###
4	17	104	0	0	0	118.799986	438.204394	52.328795	10.857240	-1	###LINE###
5	17	104	0	0	0	118.80	438.20	23.10	10.86	100	Total
5	17	104	0	0	1	144.65	438.20	26.48	10.86	100	Votes
3	17	105	0	0	0	274.439948	438.204394	24.339653	10.857240	-1	###FLOW###
4	17	105	0	0	0	274.439948	438.204394	24.339653	10.857240	-1	###LINE###
5	17	105	0	0	0	274.44	438.20	24.34	10.86	100	9,305
3	17	106	0	0	0	368.039958	438.204394	24.339653	10.857240	-1	###FLOW###
4	17	106	0	0	0	368.039958	438.204394	24.339653	10.857240	-1	###LINE###
5	17	106	0	0	0	368.04	438.20	24.34	10.86	100	9,104
3	17	107	0	0	0	461.639937	438.204394	24.339653	10.857240	-1	###FLOW###
4	17	107	0	0	0	461.639937	438.204394	24.339653	10.857240	-1	###LINE###
5	17	107	0	0	0	461.64	438.20	24.34	10.86	100	8,627
3	17	108	0	0	0	555.239915	438.204394	24.339653	10.857240	-1	###FLOW###
4	17	108	0	0	0	555.239915	438.204394	24.339653	10.857240	-1	###LINE###
5	17	108	0	0	0	555.24	438.20	24.34	10.86	100	4,433
3	17	109	0	0	0	648.839894	438.204394	24.339653	10.857240	-1	###FLOW###
4	17	109	0	0	0	648.839894	438.204394	24.339653	10.857240	-1	###LINE###
5	17	109	0	0	0	648.84	438.20	24.34	10.86	100	4,335
1	18	0	0	0	0	0.000000	0.000000	792.000000	612.000000	-1	###PAGE###
3	18	0	0	0	0	270.479967	216.146188	251.051264	32.390776	-1	###FLOW###
4	18	0	0	0	0	299.759939	216.146188	192.474066	15.950760	-1	###LINE###
5	18	0	0	0	0	299.76	216.15	106.66	15.95	100	Commonwealth
5	18	0	0	0	1	410.39	216.15	13.48	15.95	100	of
5	18	0	0	0	2	427.91	216.15	64.32	15.95	100	Kentucky
4	18	0	0	1	0	270.479967	232.586204	251.051264	15.950760	-1	###LINE###
5	18	0	0	1	0	270.48	232.59	52.24	15.95	100	Michael
5	18	0	0	1	1	326.63	232.59	15.07	15.95	100	G.
5	18	0	0	1	2	345.60	232.59	51.00	15.95	100	Adams,
5	18	0	0	1	3	400.56	232.59	64.83	15.95	100	Secretary
5	18	0	0	1	4	469.19	232.59	13.48	15.95	100	of
5	18	0	0	1	5	486.59	232.59	34.94	15.95	100	State
3	18	0	1	0	0	267.959970	281.906191	256.084014	32.390746	-1	###FLOW###
4	18	0	1	0	0	352.439952	281.906191	87.115175	15.950760	-1	###LINE###
5	18	0	1	0	0	352.44	281.91	27.81	15.95	100	May
5	18	0	1	0	1	383.99	281.91	19.86	15.95	100	21,
5	18	0	1	0	2	407.76	281.91	31.80	15.95	100	2024
4	18	0	1	1	0	267.959970	298.346177	256.084014	15.950760	-1	###LINE###
5	18	0	1	1	0	267.96	298.35	48.41	15.95	100	Official
5	18	0	1	1	1	320.39	298.35	31.80	15.95	100	2024
5	18	0	1	1	2	356.03	298.35	53.07	15.95	100	Primary
5	18	0	1	1	3	412.91	298.35	55.55	15.95	100	Election
5	18	0	1	1	4	472.43	298.35	51.61	15.95	100	Results
3	18	0	2	0	0	341.879938	347.666194	108.032539	32.390746	-1	###FLOW###
4	18	0	2	0	0	341.879938	347.666194	108.032539	15.950760	-1	###LINE###
5	18	0	2	0	0	341.88	347.67	23.00	15.95	100	For
5	18	0	2	0	1	368.87	347.67	21.43	15.95	100	the
5	18	0	2	0	2	394.31	347.67	38.10	15.95	100	office
5	18	0	2	0	3	436.43	347.67	13.48	15.95	100	of
4	18	0	2	1	0	349.919955	364.106180	92.062139	15.950760	-1	###LINE###
5	18	0	2	1	0	349.92	364.11	34.94	15.95	100	State
5	18	0	2	1	1	388.80	364.11	53.19	15.95	100	Senator
1	19	0	0	0	0	0.000000	0.000000	792.000000	612.000000	-1	###PAGE###
3	19	0	0	0	0	35.999994	54.115290	161.658823	13.404001	-1	###FLOW###
4	19	0	0	0	0	35.999994	54.115290	161.658823	13.404001	-1	###LINE###
5	19	0	0	0	0	36.00	54.12	89.57	13.40	100	Commonwealth
5	19	0	0	0	1	128.96	54.12	11.33	13.40	100	of
5	19	0	0	0	2	143.60	54.12	54.05	13.40	100	Kentucky
3	19	1	0	0	0	289.919964	54.115290	211.964694	13.404001	-1	###FLOW###
4	19	1	0	0	0	289.919964	54.115290	211.964694	13.404001	-1	###LINE###
5	19	1	0	0	0	289.92	54.12	44.03	13.40	100	Michael
5	19	1	0	0	1	337.40	54.12	12.66	13.40	100	G.
5	19	1	0	0	2	353.48	54.12	43.01	13.40	100	Adams,
5	19	1	0	0	3	399.93	54.12	54.90	13.40	100	Secretary
5	19	1	0	0	4	457.89	54.12	11.33	13.40	100	of
5	19	1	0	0	5	472.52	54.12	29.36	13.40	100	State
3	19	2	0	0	0	584.279905	54.115290	171.619073	13.404001	-1	###FLOW###
4	19	2	0	0	0	584.279905	54.115290	171.619073	13.404001	-1	###LINE###
5	19	2	0	0	0	584.28	54.12	26.72	13.40	100	2024
5	19	2	0	0	1	614.49	54.12	44.86	13.40	100	Primary
5	19	2	0	0	2	662.36	54.12	46.82	13.40	100	Election
5	19	2	0	0	3	712.53	54.12	43.37	13.40	100	Results
3	19	3	0	0	0	334.079935	111.955306	123.644069	41.003991	-1	###FLOW###
4	19	3	0	0	0	357.239932	111.955306	77.531355	13.404001	-1	###LINE###
5	19	3	0	0	0	357.24	111.96	29.36	13.40	100	State
5	19	3	0	0	1	389.96	111.96	44.82	13.40	100	Senator
4	19	3	0	1	0	334.079935	125.755316	123.644069	13.404001	-1	###LINE###
5	19	3	0	1	0	334.08	125.76	17.36	13.40	100	1st
5	19	3	0	1	1	354.81	125.76	58.16	13.40	100	Senatorial
5	19	3	0	1	2	416.36	125.76	41.37	13.40	100	District
4	19	3	0	2	0	347.039954	139.555296	98.280875	13.404001	-1	###LINE###
5	19	3	0	2	0	347.04	139.56	64.81	13.40	100	Republican
5	19	3	0	2	1	415.16	139.56	30.16	13.40	100	Party
3	19	3	1	0	0	397.199939	164.364412	42.119960	22.017245	-1	###FLOW###
4	19	3	1	0	0	400.079940	164.364412	38.986266	10.857240	-1	###LINE###
5	19	3	1	0	0	400.08	164.36	25.96	10.86	100	Jason
5	19	3	1	0	1	428.81	164.36	10.26	10.86	100	G.
4	19	3	1	1	0	397.199939	175.524417	42.119960	10.857240	-1	###LINE###
5	19	3	1	1	0	397.20	175.52	42.12	10.86	100	HOWELL
3	19	4	0	0	0	500.519932	164.364412	46.742645	22.017245	-1	###FLOW###
4	19	4	0	0	0	526.679890	164.364412	20.524722	10.857240	-1	###LINE###
5	19	4	0	0	0	526.68	164.36	20.52	10.86	100	Lynn
4	19	4	0	1	0	500.519932	175.524417	46.742645	10.857240	-1	###LINE###
5	19	4	0	1	0	500.52	175.52	46.74	10.86	100	BECHLER
3	19	5	0	0	0	244.799973	191.124398	39.190637	10.857240	-1	###FLOW###
4	19	5	0	0	0	244.799973	191.124398	39.190637	10.857240	-1	###LINE###
5	19	5	0	0	0	244.80	191.12	39.19	10.86	100	Calloway
3	19	6	0	0	0	414.839947	191.124398	24.339653	10.857240	-1	###FLOW###
4	19	6	0	0	0	414.839947	191.124398	24.339653	10.857240	-1	###LINE###
5	19	6	0	0	0	414.84	191.12	24.34	10.86	100	1,294
3	19	7	0	0	0	530.999937	191.124398	16.232924	10.857240	-1	###FLOW###
4	19	7	0	0	0	530.999937	191.124398	16.232924	10.857240	-1	###LINE###
5	19	7	0	0	0	531.00	191.12	16.23	10.86	100	442
3	19	8	0	0	0	244.799973	206.604415	44.874107	10.857240	-1	###FLOW###
4	19	8	0	0	0	244.799973	206.604415	44.874107	10.857240	-1	###LINE###
5	19	8	0	0	0	244.80	206.60	44.87	10.86	100	Crittenden
3	19	9	0	0	0	422.999924	206.604415	16.232924	10.857240	-1	###FLOW###
4	19	9	0	0	0	422.999924	206.604415	16.232924	10.857240	-1	###LINE###
5	19	9	0	0	0	423.00	206.60	16.23	10.86	100	393
3	19	10	0	0	0	530.999937	206.604415	16.232924	10.857240	-1	###FLOW###
4	19	10	0	0	0	530.999937	206.604415	16.232924	10.857240	-1	###LINE###
5	19	10	0	0	0	531.00	206.60	16.23	10.86	100	428
3	19	11	0	0	0	244.799973	221.964406	27.025677	10.857240	-1	###FLOW###
4	19	11	0	0	0	244.799973	221.964406	27.025677	10.857240	-1	###LINE###
5	19	11	0	0	0	244.80	221.96	27.03	10.86	100	Fulton
3	19	12	0	0	0	422.999924	221.964406	16.232924	10.857240	-1	###FLOW###
4	19	12	0	0	0	422.999924	221.964406	16.232924	10.857240	-1	###LINE###
5	19	12	0	0	0	423.00	221.96	16.23	10.86	100	197
3	19	13	0	0	0	536.399904	221.964406	10.821949	10.857240	-1	###FLOW###
4	19	13	0	0	0	536.399904	221.964406	10.821949	10.857240	-1	###LINE###
5	19	13	0	0	0	536.40	221.96	10.82	10.86	100	54
3	19	14	0	0	0	244.799973	237.444392	31.356403	10.857240	-1	###FLOW###
4	19	14	0	0	0	244.799973	237.444392	31.356403	10.857240	-1	###LINE###
5	19	14	0	0	0	244.80	237.44	31.36	10.86	100	Graves
3	19	15	0	0	0	414.839947	237.444392	24.339653	10.857240	-1	###FLOW###
4	19	15	0	0	0	414.839947	237.444392	24.339653	10.857240	-1	###LINE###
5	19	15	0	0	0	414.84	237.44	24.34	10.86	100	2,045
3	19	16	0	0	0	530.999937	237.444392	16.232924	10.857240	-1	###FLOW###
4	19	16	0	0	0	530.999937	237.444392	16.232924	10.857240	-1	###LINE###
5	19	16	0	0	0	531.00	237.44	16.23	10.86	100	704
3	19	17	0	0	0	244.799973	252.804412	37.847626	10.857240	-1	###FLOW###
4	19	17	0	0	0	244.799973	252.804412	37.847626	10.857240	-1	###LINE###
5	19	17	0	0	0	244.80	252.80	37.85	10.86	100	Hickman
3	19	18	0	0	0	422.999924	252.804412	16.232924	10.857240	-1	###FLOW###
4	19	18	0	0	0	422.999924	252.804412	16.232924	10.857240	-1	###LINE###
5	19	18	0	0	0	423.00	252.80	16.23	10.86	100	233
3	19	19	0	0	0	530.999937	252.804412	16.232924	10.857240	-1	###FLOW###
4	19	19	0	0	0	530.999937	252.804412	16.232924	10.857240	-1	###LINE###
5	19	19	0	0	0	531.00	252.80	16.23	10.86	100	124
3	19	20	0	0	0	244.799973	268.284398	20.894536	10.857240	-1	###FLOW###
4	19	20	0	0	0	244.799973	268.284398	20.894536	10.857240	-1	###LINE###
5	19	20	0	0	0	244.80	268.28	20.89	10.86	100	Lyon
3	19	21	0	0	0	422.999924	268.284398	16.232924	10.857240	-1	###FLOW###
4	19	21	0	0	0	422.999924	268.284398	16.232924	10.857240	-1	###LINE###
5	19	21	0	0	0	423.00	268.28	16.23	10.86	100	416
3	19	22	0	0	0	530.999937	268.284398	16.232924	10.857240	-1	###FLOW###
4	19	22	0	0	0	530.999937	268.284398	16.232924	10.857240	-1	###LINE###
5	19	22	0	0	0	531.00	268.28	16.23	10.86	100	216
3	19	23	0	0	0	244.799973	283.644388	22.159692	10.857240	-1	###FLOW###
4	19	23	0	0	0	244.799973	283.644388	22.159692	10.857240	-1	###LINE###
5	19	23	0	0	0	244.80	283.64	22.16	10.86	100	Trigg
3	19	24	0	0	0	422.999924	283.644388	16.232924	10.857240	-1	###FLOW###
4	19	24	0	0	0	422.999924	283.644388	16.232924	10.857240	-1	###LINE###
5	19	24	0	0	0	423.00	283.64	16.23	10.86	100	688
3	19	25	0	0	0	530.999937	283.644388	16.232924	10.857240	-1	###FLOW###
4	19	25	0	0	0	530.999937	283.644388	16.232924	10.857240	-1	###LINE###
5	19	25	0	0	0	531.00	283.64	16.23	10.86	100	290
3	19	26	0	0	0	414.839947	299.364396	24.339653	10.857240	-1	###FLOW###
4	19	26	0	0	0	414.839947	299.364396	24.339653	10.857240	-1	###LINE###
5	19	26	0	0	0	414.84	299.36	24.34	10.86	100	5,266
3	19	27	0	0	0	522.839930	299.364396	24.339653	10.857240	-1	###FLOW###
4	19	27	0	0	0	522.839930	299.364396	24.339653	10.857240	-1	###LINE###
5	19	27	0	0	0	522.84	299.36	24.34	10.86	100	2,258
3	19	28	0	0	0	244.799973	299.364396	52.328795	10.857240	-1	###FLOW###
4	19	28	0	0	0	244.799973	299.364396	52.328795	10.857240	-1	###LINE###
5	19	28	0	0	0	244.80	299.36	23.10	10.86	100	Total
5	19	28	0	0	1	270.65	299.36	26.48	10.86	100	Votes
3	19	29	0	0	0	333.839953	348.235271	124.244808	41.004022	-1	###FLOW###
4	19	29	0	0	0	357.239932	348.235271	77.531355	13.404001	-1	###LINE###
5	19	29	0	0	0	357.24	348.24	29.36	13.40	100	State
5	19	29	0	0	1	389.96	348.24	44.82	13.40	100	Senator
4	19	29	0	1	0	333.839953	362.035281	124.244808	13.404001	-1	###LINE###
5	19	29	0	1	0	333.84	362.04	18.01	13.40	100	5th
5	19	29	0	1	1	355.17	362.04	58.16	13.40	100	Senatorial
5	19	29	0	1	2	416.72	362.04	41.37	13.40	100	District
4	19	29	0	2	0	347.039954	375.835291	98.280875	13.404001	-1	###LINE###
5	19	29	0	2	0	347.04	375.84	64.81	13.40	100	Republican
5	19	29	0	2	1	415.16	375.84	30.16	13.40	100	Party
3	19	30	0	0	0	244.799973	427.404379	54.070817	10.857240	-1	###FLOW###
4	19	30	0	0	0	244.799973	427.404379	54.070817	10.857240	-1	###LINE###
5	19	30	0	0	0	244.80	427.40	54.07	10.86	100	Breckinridge
3	19	31	0	0	0	388.679928	400.644392	50.645164	22.017244	-1	###FLOW###
4	19	31	0	0	0	402.959941	400.644392	36.232119	10.857240	-1	###LINE###
5	19	31	0	0	0	402.96	400.64	36.23	10.86	100	Stephen
4	19	31	0	1	0	388.679928	411.804396	50.645164	10.857240	-1	###LINE###
5	19	31	0	1	0	388.68	411.80	50.65	10.86	100	MEREDITH
3	19	32	0	0	0	491.159921	400.644392	56.104799	22.017244	-1	###FLOW###
4	19	32	0	0	0	512.039935	400.644392	35.142138	10.857240	-1	###LINE###
5	19	32	0	0	0	512.04	400.64	35.14	10.86	100	Thomas
4	19	32	0	1	0	491.159921	411.804396	56.104799	10.857240	-1	###LINE###
5	19	32	0	1	0	491.16	411.80	56.10	10.86	100	BALLINGER
3	19	33	0	0	0	414.839947	427.404379	24.339653	10.857240	-1	###FLOW###
4	19	33	0	0	0	414.839947	427.404379	24.339653	10.857240	-1	###LINE###
5	19	33	0	0	0	414.84	427.40	24.34	10.86	100	1,420
3	19	34	0	0	0	530.999937	427.404379	16.232924	10.857240	-1	###FLOW###
4	19	34	0	0	0	530.999937	427.404379	16.232924	10.857240	-1	###LINE###
5	19	34	0	0	0	531.00	427.40	16.23	10.86	100	405
3	19	35	0	0	0	244.799973	442.884396	25.400438	10.857240	-1	###FLOW###
4	19	35	0	0	0	244.799973	442.884396	25.400438	10.857240	-1	###LINE###
5	19	35	0	0	0	244.80	442.88	25.40	10.86	100	Butler
3	19	36	0	0	0	422.999924	442.884396	16.232924	10.857240	-1	###FLOW###
4	19	36	0	0	0	422.999924	442.884396	16.232924	10.857240	-1	###LINE###
5	19	36	0	0	0	423.00	442.88	16.23	10.86	100	694
3	19	37	0	0	0	530.999937	442.884396	16.232924	10.857240	-1	###FLOW###
4	19	37	0	0	0	530.999937	442.884396	16.232924	10.857240	-1	###LINE###
5	19	37	0	0	0	531.00	442.88	16.23	10.86	100	446
3	19	38	0	0	0	244.799973	458.244385	36.563006	10.857240	-1	###FLOW###
4	19	38	0	0	0	244.799973	458.244385	36.563006	10.857240	-1	###LINE###
5	19	38	0	0	0	244.80	458.24	36.56	10.86	100	Grayson
3	19	39	0	0	0	414.839947	458.244385	24.339653	10.857240	-1	###FLOW###
4	19	39	0	0	0	414.839947	458.244385	24.339653	10.857240	-1	###LINE###
5	19	39	0	0	0	414.84	458.24	24.34	10.86	100	1,663
3	19	40	0	0	0	530.999937	458.244385	16.232924	10.857240	-1	###FLOW###
4	19	40	0	0	0	530.999937	458.244385	16.232924	10.857240	-1	###LINE###
5	19	40	0	0	0	531.00	458.24	16.23	10.86	100	399
3	19	41	0	0	0	244.799973	473.724371	29.653308	10.857240	-1	###FLOW###
4	19	41	0	0	0	244.799973	473.724371	29.653308	10.857240	-1	###LINE###
5	19	41	0	0	0	244.80	473.72	29.65	10.86	100	Meade
3	19	42	0	0	0	414.839947	473.724371	24.339653	10.857240	-1	###FLOW###
4	19	42	0	0	0	414.839947	473.724371	24.339653	10.857240	-1	###LINE###
5	19	42	0	0	0	414.84	473.72	24.34	10.86	100	1,125
3	19	43	0	0	0	530.999937	473.724371	16.232924	10.857240	-1	###FLOW###
4	19	43	0	0	0	530.999937	473.724371	16.232924	10.857240	-1	###LINE###
5	19	43	0	0	0	531.00	473.72	16.23	10.86	100	500
3	19	44	0	0	0	244.799973	489.084392	20.544186	10.857240	-1	###FLOW###
4	19	44	0	0	0	244.799973	489.084392	20.544186	10.857240	-1	###LINE###
5	19	44	0	0	0	244.80	489.08	20.54	10.86	100	Ohio
3	19	45	0	0	0	414.839947	489.084392	24.339653	10.857240	-1	###FLOW###
4	19	45	0	0	0	414.839947	489.084392	24.339653	10.857240	-1	###LINE###
5	19	45	0	0	0	414.84	489.08	24.34	10.86	100	1,158
3	19	46	0	0	0	530.999937	489.084392	16.232924	10.857240	-1	###FLOW###
4	19	46	0	0	0	530.999937	489.084392	16.232924	10.857240	-1	###LINE###
5	19	46	0	0	0	531.00	489.08	16.23	10.86	100	636
3	19	47	0	0	0	244.799973	504.804401	52.328795	10.857240	-1	###FLOW###
4	19	47	0	0	0	244.799973	504.804401	52.328795	10.857240	-1	###LINE###
5	19	47	0	0	0	244.80	504.80	23.10	10.86	100	Total
5	19	47	0	0	1	270.65	504.80	26.48	10.86	100	Votes
3	19	48	0	0	0	414.839947	504.804401	24.339653	10.857240	-1	###FLOW###
4	19	48	0	0	0	414.839947	504.804401	24.339653	10.857240	-1	###LINE###
5	19	48	0	0	0	414.84	504.80	24.34	10.86	100	6,060
3	19	49	0	0	0	522.839930	504.804401	24.339653	10.857240	-1	###FLOW###
4	19	49	0	0	0	522.839930	504.804401	24.339653	10.857240	-1	###LINE###
5	19	49	0	0	0	522.84	504.80	24.34	10.86	100	2,386
1	20	0	0	0	0	0.000000	0.000000	792.000000	612.000000	-1	###PAGE###
3	20	0	0	0	0	35.999994	54.115290	161.658823	13.404001	-1	###FLOW###
4	20	0	0	0	0	35.999994	54.115290	161.658823	13.404001	-1	###LINE###
5	20	0	0	0	0	36.00	54.12	89.57	13.40	100	Commonwealth
5	20	0	0	0	1	128.96	54.12	11.33	13.40	100	of
5	20	0	0	0	2	143.60	54.12	54.05	13.40	100	Kentucky
3	20	1	0	0	0	289.919964	54.115290	211.964694	13.404001	-1	###FLOW###
4	20	1	0	0	0	289.919964	54.115290	211.964694	13.404001	-1	###LINE###
5	20	1	0	0	0	289.92	54.12	44.03	13.40	100	Michael
5	20	1	0	0	1	337.40	54.12	12.66	13.40	100	G.
5	20	1	0	0	2	353.48	54.12	43.01	13.40	100	Adams,
5	20	1	0	0	3	399.93	54.12	54.90	13.40	100	Secretary
5	20	1	0	0	4	457.89	54.12	11.33	13.40	100	of
5	20	1	0	0	5	472.52	54.12	29.36	13.40	100	State
3	20	2	0	0	0	584.279905	54.115290	171.619073	13.404001	-1	###FLOW###
4	20	2	0	0	0	584.279905	54.115290	171.619073	13.404001	-1	###LINE###
5	20	2	0	0	0	584.28	54.12	26.72	13.40	100	2024
5	20	2	0	0	1	614.49	54.12	44.86	13.40	100	Primary
5	20	2	0	0	2	662.36	54.12	46.82	13.40	100	Election
5	20	2	0	0	3	712.53	54.12	43.37	13.40	100	Results
3	20	3	0	0	0	333.839953	111.955306	124.244808	41.003991	-1	###FLOW###
4	20	3	0	0	0	357.239932	111.955306	77.531355	13.404001	-1	###LINE###
5	20	3	0	0	0	357.24	111.96	29.36	13.40	100	State
5	20	3	0	0	1	389.96	111.96	44.82	13.40	100	Senator
4	20	3	0	1	0	333.839953	125.755316	124.244808	13.404001	-1	###LINE###
5	20	3	0	1	0	333.84	125.76	18.01	13.40	100	7th
5	20	3	0	1	1	355.17	125.76	58.16	13.40	100	Senatorial
5	20	3	0	1	2	416.72	125.76	41.37	13.40	100	District
4	20	3	0	2	0	347.039954	139.555296	98.280875	13.404001	-1	###LINE###
5	20	3	0	2	0	347.04	139.56	64.81	13.40	100	Republican
5	20	3	0	2	1	415.16	139.56	30.16	13.40	100	Party
3	20	3	1	0	0	358.319944	164.364412	27.015945	22.017245	-1	###FLOW###
4	20	3	1	0	0	359.279934	164.364412	25.955160	10.857240	-1	###LINE###
5	20	3	1	0	0	359.28	164.36	25.96	10.86	100	Aaron
4	20	3	1	1	0	358.319944	175.524417	27.015945	10.857240	-1	###LINE###
5	20	3	1	1	0	358.32	175.52	27.02	10.86	100	REED
3	20	4	0	0	0	444.119950	164.364412	49.146441	22.017245	-1	###FLOW###
4	20	4	0	0	0	481.319947	164.364412	11.892466	10.857240	-1	###LINE###
5	20	4	0	0	0	481.32	164.36	11.89	10.86	100	Ed
4	20	4	0	1	0	444.119950	175.524417	49.146441	10.857240	-1	###LINE###
5	20	4	0	1	0	444.12	175.52	49.15	10.86	100	GALLREIN
3	20	5	0	0	0	530.759894	164.364412	70.498380	22.017245	-1	###FLOW###
4	20	5	0	0	0	547.559934	164.364412	53.506363	10.857240	-1	###LINE###
5	20	5	0	0	0	547.56	164.36	38.94	10.86	100	Adrienne
5	20	5	0	0	1	591.89	164.36	9.18	10.86	100	E.
4	20	5	0	1	0	530.759894	175.524417	70.498380	10.857240	-1	###LINE###
5	20	5	0	1	0	530.76	175.52	70.50	10.86	100	SOUTHWORTH
3	20	6	0	0	0	360.839941	191.124398	24.339653	10.857240	-1	###FLOW###
4	20	6	0	0	0	360.839941	191.124398	24.339653	10.857240	-1	###LINE###
5	20	6	0	0	0	360.84	191.12	24.34	10.86	100	1,394
3	20	7	0	0	0	476.999931	191.124398	16.232924	10.857240	-1	###FLOW###
4	20	7	0	0	0	476.999931	191.124398	16.232924	10.857240	-1	###LINE###
5	20	7	0	0	0	477.00	191.12	16.23	10.86	100	727
3	20	8	0	0	0	576.839906	191.124398	24.339653	10.857240	-1	###FLOW###
4	20	8	0	0	0	576.839906	191.124398	24.339653	10.857240	-1	###LINE###
5	20	8	0	0	0	576.84	191.12	24.34	10.86	100	1,253
3	20	9	0	0	0	190.799966	206.604415	25.857840	10.857240	-1	###FLOW###
4	20	9	0	0	0	190.799966	206.604415	25.857840	10.857240	-1	###LINE###
5	20	9	0	0	0	190.80	206.60	25.86	10.86	100	Henry
3	20	10	0	0	0	368.999948	206.604415	16.232924	10.857240	-1	###FLOW###
4	20	10	0	0	0	368.999948	206.604415	16.232924	10.857240	-1	###LINE###
5	20	10	0	0	0	369.00	206.60	16.23	10.86	100	608
3	20	11	0	0	0	476.999931	206.604415	16.232924	10.857240	-1	###FLOW###
4	20	11	0	0	0	476.999931	206.604415	16.232924	10.857240	-1	###LINE###
5	20	11	0	0	0	477.00	206.60	16.23	10.86	100	619
3	20	12	0	0	0	584.999913	206.604415	16.232924	10.857240	-1	###FLOW###
4	20	12	0	0	0	584.999913	206.604415	16.232924	10.857240	-1	###LINE###
5	20	12	0	0	0	585.00	206.60	16.23	10.86	100	365
3	20	13	0	0	0	190.799966	222.084401	40.212494	10.857240	-1	###FLOW###
4	20	13	0	0	0	190.799966	222.084401	40.212494	10.857240	-1	###LINE###
5	20	13	0	0	0	190.80	222.08	40.21	10.86	100	Jefferson
3	20	14	0	0	0	368.999948	222.084401	16.232924	10.857240	-1	###FLOW###
4	20	14	0	0	0	368.999948	222.084401	16.232924	10.857240	-1	###LINE###
5	20	14	0	0	0	369.00	222.08	16.23	10.86	100	546
3	20	15	0	0	0	468.839924	222.084401	24.339653	10.857240	-1	###FLOW###
4	20	15	0	0	0	468.839924	222.084401	24.339653	10.857240	-1	###LINE###
5	20	15	0	0	0	468.84	222.08	24.34	10.86	100	1,086
3	20	16	0	0	0	584.999913	222.084401	16.232924	10.857240	-1	###FLOW###
4	20	16	0	0	0	584.999913	222.084401	16.232924	10.857240	-1	###LINE###
5	20	16	0	0	0	585.00	222.08	16.23	10.86	100	362
3	20	17	0	0	0	190.799966	237.444392	29.740896	10.857240	-1	###FLOW###
4	20	17	0	0	0	190.799966	237.444392	29.740896	10.857240	-1	###LINE###
5	20	17	0	0	0	190.80	237.44	29.74	10.86	100	Shelby
3	20	18	0	0	0	360.839941	237.444392	24.339653	10.857240	-1	###FLOW###
4	20	18	0	0	0	360.839941	237.444392	24.339653	10.857240	-1	###LINE###
5	20	18	0	0	0	360.84	237.44	24.34	10.86	100	2,278
3	20	19	0	0	0	468.839924	237.444392	24.339653	10.857240	-1	###FLOW###
4	20	19	0	0	0	468.839924	237.444392	24.339653	10.857240	-1	###LINE###
5	20	19	0	0	0	468.84	237.44	24.34	10.86	100	2,276
3	20	20	0	0	0	584.999913	237.444392	16.232924	10.857240	-1	###FLOW###
4	20	20	0	0	0	584.999913	237.444392	16.232924	10.857240	-1	###LINE###
5	20	20	0	0	0	585.00	237.44	16.23	10.86	100	767
3	20	21	0	0	0	190.799966	253.164400	52.328795	10.857240	-1	###FLOW###
4	20	21	0	0	0	190.799966	253.164400	52.328795	10.857240	-1	###LINE###
5	20	21	0	0	0	190.80	253.16	23.10	10.86	100	Total
5	20	21	0	0	1	216.65	253.16	26.48	10.86	100	Votes
3	20	22	0	0	0	360.839941	253.164400	24.339653	10.857240	-1	###FLOW###
4	20	22	0	0	0	360.839941	253.164400	24.339653	10.857240	-1	###LINE###
5	20	22	0	0	0	360.84	253.16	24.34	10.86	100	4,826
3	20	23	0	0	0	468.839924	253.164400	24.339653	10.857240	-1	###FLOW###
4	20	23	0	0	0	468.839924	253.164400	24.339653	10.857240	-1	###LINE###
5	20	23	0	0	0	468.84	253.16	24.34	10.86	100	4,708
3	20	24	0	0	0	576.839906	253.164400	24.339653	10.857240	-1	###FLOW###
4	20	24	0	0	0	576.839906	253.164400	24.339653	10.857240	-1	###LINE###
5	20	24	0	0	0	576.84	253.16	24.34	10.86	100	2,747
3	20	25	0	0	0	190.799966	191.124398	41.643093	10.857240	-1	###FLOW###
4	20	25	0	0	0	190.799966	191.124398	41.643093	10.857240	-1	###LINE###
5	20	25	0	0	0	190.80	191.12	41.64	10.86	100	Anderson
3	20	26	0	0	0	330.839961	301.915278	130.360329	41.003991	-1	###FLOW###
4	20	26	0	0	0	357.239932	301.915278	77.531355	13.404001	-1	###LINE###
5	20	26	0	0	0	357.24	301.92	29.36	13.40	100	State
5	20	26	0	0	1	389.96	301.92	44.82	13.40	100	Senator
4	20	26	0	1	0	330.839961	315.715289	130.360329	13.404001	-1	###LINE###
5	20	26	0	1	0	330.84	315.72	24.69	13.40	100	11th
5	20	26	0	1	1	358.76	315.72	57.89	13.40	100	Senatorial
5	20	26	0	1	2	419.97	315.72	41.23	13.40	100	District
4	20	26	0	2	0	347.039954	329.515268	98.280875	13.404001	-1	###LINE###
5	20	26	0	2	0	347.04	329.52	64.81	13.40	100	Republican
5	20	26	0	2	1	415.16	329.52	30.16	13.40	100	Party
3	20	26	1	0	0	386.759948	354.324369	52.442482	22.017244	-1	###FLOW###
4	20	26	1	0	0	414.239931	354.324369	24.962499	10.857240	-1	###LINE###
5	20	26	1	0	0	414.24	354.32	24.96	10.86	100	Steve
4	20	26	1	1	0	386.759948	365.484373	52.435847	10.857240	-1	###LINE###
5	20	26	1	1	0	386.76	365.48	52.44	10.86	100	RAWLINGS
3	20	27	0	0	0	484.319939	354.324369	62.946373	22.017244	-1	###FLOW###
4	20	27	0	0	0	518.639936	354.324369	28.573060	10.857240	-1	###LINE###
5	20	27	0	0	0	518.64	354.32	28.57	10.86	100	Duane
4	20	27	0	1	0	484.319939	365.484373	62.946373	10.857240	-1	###LINE###
5	20	27	0	1	0	484.32	365.48	62.95	10.86	100	FROELICHER
3	20	28	0	0	0	244.799973	381.084385	28.125389	10.857240	-1	###FLOW###
4	20	28	0	0	0	244.799973	381.084385	28.125389	10.857240	-1	###LINE###
5	20	28	0	0	0	244.80	381.08	28.13	10.86	100	Boone
3	20	29	0	0	0	414.839947	381.084385	24.339653	10.857240	-1	###FLOW###
4	20	29	0	0	0	414.839947	381.084385	24.339653	10.857240	-1	###LINE###
5	20	29	0	0	0	414.84	381.08	24.34	10.86	100	7,482
3	20	30	0	0	0	522.839930	381.084385	24.339653	10.857240	-1	###FLOW###
4	20	30	0	0	0	522.839930	381.084385	24.339653	10.857240	-1	###LINE###
5	20	30	0	0	0	522.84	381.08	24.34	10.86	100	2,179
3	20	31	0	0	0	244.799973	396.804394	52.328795	10.857240	-1	###FLOW###
4	20	31	0	0	0	244.799973	396.804394	52.328795	10.857240	-1	###LINE###
5	20	31	0	0	0	244.80	396.80	23.10	10.86	100	Total
5	20	31	0	0	1	270.65	396.80	26.48	10.86	100	Votes
3	20	32	0	0	0	414.839947	396.804394	24.339653	10.857240	-1	###FLOW###
4	20	32	0	0	0	414.839947	396.804394	24.339653	10.857240	-1	###LINE###
5	20	32	0	0	0	414.84	396.80	24.34	10.86	100	7,482
3	20	33	0	0	0	522.839930	396.804394	24.339653	10.857240	-1	###FLOW###
4	20	33	0	0	0	522.839930	396.804394	24.339653	10.857240	-1	###LINE###
5	20	33	0	0	0	522.84	396.80	24.34	10.86	100	2,179
1	21	0	0	0	0	0.000000	0.000000	792.000000	612.000000	-1	###PAGE###
3	21	0	0	0	0	35.999994	54.115290	161.658823	13.404001	-1	###FLOW###
4	21	0	0	0	0	35.999994	54.115290	161.658823	13.404001	-1	###LINE###
5	21	0	0	0	0	36.00	54.12	89.57	13.40	100	Commonwealth
5	21	0	0	0	1	128.96	54.12	11.33	13.40	100	of
5	21	0	0	0	2	143.60	54.12	54.05	13.40	100	Kentucky
3	21	1	0	0	0	289.919964	54.115290	211.964694	13.404001	-1	###FLOW###
4	21	1	0	0	0	289.919964	54.115290	211.964694	13.404001	-1	###LINE###
5	21	1	0	0	0	289.92	54.12	44.03	13.40	100	Michael
5	21	1	0	0	1	337.40	54.12	12.66	13.40	100	G.
5	21	1	0	0	2	353.48	54.12	43.01	13.40	100	Adams,
5	21	1	0	0	3	399.93	54.12	54.90	13.40	100	Secretary
5	21	1	0	0	4	457.89	54.12	11.33	13.40	100	of
5	21	1	0	0	5	472.52	54.12	29.36	13.40	100	State
3	21	2	0	0	0	584.279905	54.115290	171.619073	13.404001	-1	###FLOW###
4	21	2	0	0	0	584.279905	54.115290	171.619073	13.404001	-1	###LINE###
5	21	2	0	0	0	584.28	54.12	26.72	13.40	100	2024
5	21	2	0	0	1	614.49	54.12	44.86	13.40	100	Primary
5	21	2	0	0	2	662.36	54.12	46.82	13.40	100	Election
5	21	2	0	0	3	712.53	54.12	43.37	13.40	100	Results
3	21	3	0	0	0	330.479957	111.955306	130.973083	41.003991	-1	###FLOW###
4	21	3	0	0	0	357.239932	111.955306	77.531355	13.404001	-1	###LINE###
5	21	3	0	0	0	357.24	111.96	29.36	13.40	100	State
5	21	3	0	0	1	389.96	111.96	44.82	13.40	100	Senator
4	21	3	0	1	0	330.479957	125.755316	130.973083	13.404001	-1	###LINE###
5	21	3	0	1	0	330.48	125.76	24.69	13.40	100	17th
5	21	3	0	1	1	358.52	125.76	58.18	13.40	100	Senatorial
5	21	3	0	1	2	420.09	125.76	41.37	13.40	100	District
4	21	3	0	2	0	347.039954	139.555296	98.280875	13.404001	-1	###LINE###
5	21	3	0	2	0	347.04	139.56	64.81	13.40	100	Republican
5	21	3	0	2	1	415.16	139.56	30.16	13.40	100	Party
3	21	3	1	0	0	411.359930	164.364412	27.969678	22.017245	-1	###FLOW###
4	21	3	1	0	0	420.239945	164.364412	18.909215	10.857240	-1	###LINE###
5	21	3	1	0	0	420.24	164.36	18.91	10.86	100	Matt
4	21	3	1	1	0	411.359930	175.524417	27.969678	10.857240	-1	###LINE###
5	21	3	1	1	0	411.36	175.52	27.97	10.86	100	NUNN
3	21	4	0	0	0	499.799923	164.364412	47.530934	22.017245	-1	###FLOW###
4	21	4	0	0	0	527.159916	164.364412	20.008927	10.857240	-1	###LINE###
5	21	4	0	0	0	527.16	164.36	20.01	10.86	100	Julia
4	21	4	0	1	0	499.799923	175.524417	47.530934	10.857240	-1	###LINE###
5	21	4	0	1	0	499.80	175.52	47.53	10.86	100	JADDOCK
3	21	5	0	0	0	244.799973	191.124398	32.290672	10.857240	-1	###FLOW###
4	21	5	0	0	0	244.799973	191.124398	32.290672	10.857240	-1	###LINE###
5	21	5	0	0	0	244.80	191.12	32.29	10.86	100	Fayette
3	21	6	0	0	0	422.999924	191.124398	16.232924	10.857240	-1	###FLOW###
4	21	6	0	0	0	422.999924	191.124398	16.232924	10.857240	-1	###LINE###
5	21	6	0	0	0	423.00	191.12	16.23	10.86	100	215
3	21	7	0	0	0	530.999937	191.124398	16.232924	10.857240	-1	###FLOW###
4	21	7	0	0	0	530.999937	191.124398	16.232924	10.857240	-1	###LINE###
5	21	7	0	0	0	531.00	191.12	16.23	10.86	100	147
3	21	8	0	0	0	244.799973	206.604415	24.320189	10.857240	-1	###FLOW###
4	21	8	0	0	0	244.799973	206.604415	24.320189	10.857240	-1	###LINE###
5	21	8	0	0	0	244.80	206.60	24.32	10.86	100	Grant
3	21	9	0	0	0	414.839947	206.604415	24.339653	10.857240	-1	###FLOW###
4	21	9	0	0	0	414.839947	206.604415	24.339653	10.857240	-1	###LINE###
5	21	9	0	0	0	414.84	206.60	24.34	10.86	100	1,162
3	21	10	0	0	0	530.999937	206.604415	16.232924	10.857240	-1	###FLOW###
4	21	10	0	0	0	530.999937	206.604415	16.232924	10.857240	-1	###LINE###
5	21	10	0	0	0	531.00	206.60	16.23	10.86	100	648
3	21	11	0	0	0	244.799973	222.084401	30.821144	10.857240	-1	###FLOW###
4	21	11	0	0	0	244.799973	222.084401	30.821144	10.857240	-1	###LINE###
5	21	11	0	0	0	244.80	222.08	30.82	10.86	100	Kenton
3	21	12	0	0	0	414.839947	222.084401	24.339653	10.857240	-1	###FLOW###
4	21	12	0	0	0	414.839947	222.084401	24.339653	10.857240	-1	###LINE###
5	21	12	0	0	0	414.84	222.08	24.34	10.86	100	1,362
3	21	13	0	0	0	530.999937	222.084401	16.232924	10.857240	-1	###FLOW###
4	21	13	0	0	0	530.999937	222.084401	16.232924	10.857240	-1	###LINE###
5	21	13	0	0	0	531.00	222.08	16.23	10.86	100	751
3	21	14	0	0	0	244.799973	237.444392	22.247280	10.857240	-1	###FLOW###
4	21	14	0	0	0	244.799973	237.444392	22.247280	10.857240	-1	###LINE###
5	21	14	0	0	0	244.80	237.44	22.25	10.86	100	Scott
3	21	15	0	0	0	414.839947	237.444392	24.339653	10.857240	-1	###FLOW###
4	21	15	0	0	0	414.839947	237.444392	24.339653	10.857240	-1	###LINE###
5	21	15	0	0	0	414.84	237.44	24.34	10.86	100	3,552
3	21	16	0	0	0	522.839930	237.444392	24.339653	10.857240	-1	###FLOW###
4	21	16	0	0	0	522.839930	237.444392	24.339653	10.857240	-1	###LINE###
5	21	16	0	0	0	522.84	237.44	24.34	10.86	100	1,553
3	21	17	0	0	0	244.799973	253.164400	52.328795	10.857240	-1	###FLOW###
4	21	17	0	0	0	244.799973	253.164400	52.328795	10.857240	-1	###LINE###
5	21	17	0	0	0	244.80	253.16	23.10	10.86	100	Total
5	21	17	0	0	1	270.65	253.16	26.48	10.86	100	Votes
3	21	18	0	0	0	414.839947	253.164400	24.339653	10.857240	-1	###FLOW###
4	21	18	0	0	0	414.839947	253.164400	24.339653	10.857240	-1	###LINE###
5	21	18	0	0	0	414.84	253.16	24.34	10.86	100	6,291
3	21	19	0	0	0	522.839930	253.164400	24.339653	10.857240	-1	###FLOW###
4	21	19	0	0	0	522.839930	253.164400	24.339653	10.857240	-1	###LINE###
5	21	19	0	0	0	522.84	253.16	24.34	10.86	100	3,099
3	21	20	0	0	0	330.479957	301.915278	130.973083	41.003991	-1	###FLOW###
4	21	20	0	0	0	357.239932	301.915278	77.531355	13.404001	-1	###LINE###
5	21	20	0	0	0	357.24	301.92	29.36	13.40	100	State
5	21	20	0	0	1	389.96	301.92	44.82	13.40	100	Senator
4	21	20	0	1	0	330.479957	315.715289	130.973083	13.404001	-1	###LINE###
5	21	20	0	1	0	330.48	315.72	24.69	13.40	100	29th
5	21	20	0	1	1	358.52	315.72	58.18	13.40	100	Senatorial
5	21	20	0	1	2	420.09	315.72	41.37	13.40	100	District
4	21	20	0	2	0	347.039954	329.515268	98.280875	13.404001	-1	###LINE###
5	21	20	0	2	0	347.04	329.52	64.81	13.40	100	Republican
5	21	20	0	2	1	415.16	329.52	30.16	13.40	100	Party
3	21	20	1	0	0	340.199940	354.324369	45.061165	22.017244	-1	###FLOW###
4	21	20	1	0	0	340.199940	354.324369	44.874107	10.857240	-1	###LINE###
5	21	20	1	0	0	340.20	354.32	34.08	10.86	100	Johnnie
5	21	20	1	0	1	376.97	354.32	8.11	10.86	100	L.
4	21	20	1	1	0	344.999952	365.484373	40.261154	10.857240	-1	###LINE###
5	21	20	1	1	0	345.00	365.48	40.26	10.86	100	TURNER
3	21	21	0	0	0	437.279937	354.324369	56.108069	22.017244	-1	###FLOW###
4	21	21	0	0	0	465.359936	354.324369	28.028069	10.857240	-1	###LINE###
5	21	21	0	0	0	465.36	354.32	28.03	10.86	100	Randy
4	21	21	0	1	0	437.279937	365.484373	56.056139	10.857240	-1	###LINE###
5	21	21	0	1	0	437.28	365.48	56.06	10.86	100	THOMPSON
3	21	22	0	0	0	536.639886	354.324369	64.756519	22.017244	-1	###FLOW###
4	21	22	0	0	0	536.639886	354.324369	64.756519	10.857240	-1	###LINE###
5	21	22	0	0	0	536.64	354.32	29.28	10.86	100	Shawn
5	21	22	0	0	1	568.61	354.32	32.79	10.86	100	Andrew
4	21	22	0	1	0	566.279893	365.484373	35.093479	10.857240	-1	###LINE###
5	21	22	0	1	0	566.28	365.48	35.09	10.86	100	GILLEY
3	21	23	0	0	0	190.799966	381.084385	16.213460	10.857240	-1	###FLOW###
4	21	23	0	0	0	190.799966	381.084385	16.213460	10.857240	-1	###LINE###
5	21	23	0	0	0	190.80	381.08	16.21	10.86	100	Bell
3	21	24	0	0	0	360.839941	381.084385	24.339653	10.857240	-1	###FLOW###
4	21	24	0	0	0	360.839941	381.084385	24.339653	10.857240	-1	###LINE###
5	21	24	0	0	0	360.84	381.08	24.34	10.86	100	1,551
3	21	25	0	0	0	476.999931	381.084385	16.232924	10.857240	-1	###FLOW###
4	21	25	0	0	0	476.999931	381.084385	16.232924	10.857240	-1	###LINE###
5	21	25	0	0	0	477.00	381.08	16.23	10.86	100	422
3	21	26	0	0	0	584.999913	381.084385	16.232924	10.857240	-1	###FLOW###
4	21	26	0	0	0	584.999913	381.084385	16.232924	10.857240	-1	###LINE###
5	21	26	0	0	0	585.00	381.08	16.23	10.86	100	180
3	21	27	0	0	0	190.799966	396.564372	23.522168	10.857240	-1	###FLOW###
4	21	27	0	0	0	190.799966	396.564372	23.522168	10.857240	-1	###LINE###
5	21	27	0	0	0	190.80	396.56	23.52	10.86	100	Floyd
3	21	28	0	0	0	368.999948	396.564372	16.232924	10.857240	-1	###FLOW###
4	21	28	0	0	0	368.999948	396.564372	16.232924	10.857240	-1	###LINE###
5	21	28	0	0	0	369.00	396.56	16.23	10.86	100	643
3	21	29	0	0	0	476.999931	396.564372	16.232924	10.857240	-1	###FLOW###
4	21	29	0	0	0	476.999931	396.564372	16.232924	10.857240	-1	###LINE###
5	21	29	0	0	0	477.00	396.56	16.23	10.86	100	407
3	21	30	0	0	0	590.399881	396.564372	10.821949	10.857240	-1	###FLOW###
4	21	30	0	0	0	590.399881	396.564372	10.821949	10.857240	-1	###LINE###
5	21	30	0	0	0	590.40	396.56	10.82	10.86	100	60
3	21	31	0	0	0	190.799966	411.924393	28.563328	10.857240	-1	###FLOW###
4	21	31	0	0	0	190.799966	411.924393	28.563328	10.857240	-1	###LINE###
5	21	31	0	0	0	190.80	411.92	28.56	10.86	100	Harlan
3	21	32	0	0	0	360.839941	411.924393	24.339653	10.857240	-1	###FLOW###
4	21	32	0	0	0	360.839941	411.924393	24.339653	10.857240	-1	###LINE###
5	21	32	0	0	0	360.84	411.92	24.34	10.86	100	1,583
3	21	33	0	0	0	476.999931	411.924393	16.232924	10.857240	-1	###FLOW###
4	21	33	0	0	0	476.999931	411.924393	16.232924	10.857240	-1	###LINE###
5	21	33	0	0	0	477.00	411.92	16.23	10.86	100	396
3	21	34	0	0	0	584.999913	411.924393	16.232924	10.857240	-1	###FLOW###
4	21	34	0	0	0	584.999913	411.924393	16.232924	10.857240	-1	###LINE###
5	21	34	0	0	0	585.00	411.92	16.23	10.86	100	123
3	21	35	0	0	0	190.799966	427.404379	22.694951	10.857240	-1	###FLOW###
4	21	35	0	0	0	190.799966	427.404379	22.694951	10.857240	-1	###LINE###
5	21	35	0	0	0	190.80	427.40	22.69	10.86	100	Knott
3	21	36	0	0	0	368.999948	427.404379	16.232924	10.857240	-1	###FLOW###
4	21	36	0	0	0	368.999948	427.404379	16.232924	10.857240	-1	###LINE###
5	21	36	0	0	0	369.00	427.40	16.23	10.86	100	101
3	21	37	0	0	0	476.999931	427.404379	16.232924	10.857240	-1	###FLOW###
4	21	37	0	0	0	476.999931	427.404379	16.232924	10.857240	-1	###LINE###
5	21	37	0	0	0	477.00	427.40	16.23	10.86	100	605
3	21	38	0	0	0	590.399881	427.404379	10.821949	10.857240	-1	###FLOW###
4	21	38	0	0	0	590.399881	427.404379	10.821949	10.857240	-1	###LINE###
5	21	38	0	0	0	590.40	427.40	10.82	10.86	100	12
3	21	39	0	0	0	190.799966	442.764399	32.446383	10.857240	-1	###FLOW###
4	21	39	0	0	0	190.799966	442.764399	32.446383	10.857240	-1	###LINE###
5	21	39	0	0	0	190.80	442.76	32.45	10.86	100	Letcher
3	21	40	0	0	0	368.999948	442.764399	16.232924	10.857240	-1	###FLOW###
4	21	40	0	0	0	368.999948	442.764399	16.232924	10.857240	-1	###LINE###
5	21	40	0	0	0	369.00	442.76	16.23	10.86	100	427
3	21	41	0	0	0	476.999931	442.764399	16.232924	10.857240	-1	###FLOW###
4	21	41	0	0	0	476.999931	442.764399	16.232924	10.857240	-1	###LINE###
5	21	41	0	0	0	477.00	442.76	16.23	10.86	100	351
3	21	42	0	0	0	584.999913	442.764399	16.232924	10.857240	-1	###FLOW###
4	21	42	0	0	0	584.999913	442.764399	16.232924	10.857240	-1	###LINE###
5	21	42	0	0	0	585.00	442.76	16.23	10.86	100	116
3	21	43	0	0	0	360.839941	458.484408	24.339653	10.857240	-1	###FLOW###
4	21	43	0	0	0	360.839941	458.484408	24.339653	10.857240	-1	###LINE###
5	21	43	0	0	0	360.84	458.48	24.34	10.86	100	4,305
3	21	44	0	0	0	468.839924	458.484408	24.339653	10.857240	-1	###FLOW###
4	21	44	0	0	0	468.839924	458.484408	24.339653	10.857240	-1	###LINE###
5	21	44	0	0	0	468.84	458.48	24.34	10.86	100	2,181
3	21	45	0	0	0	584.999913	458.484408	16.232924	10.857240	-1	###FLOW###
4	21	45	0	0	0	584.999913	458.484408	16.232924	10.857240	-1	###LINE###
5	21	45	0	0	0	585.00	458.48	16.23	10.86	100	491
3	21	46	0	0	0	190.799966	458.484408	52.328795	10.857240	-1	###FLOW###
4	21	46	0	0	0	190.799966	458.484408	52.328795	10.857240	-1	###LINE###
5	21	46	0	0	0	190.80	458.48	23.10	10.86	100	Total
5	21	46	0	0	1	216.65	458.48	26.48	10.86	100	Votes
1	22	0	0	0	0	0.000000	0.000000	792.000000	612.000000	-1	###PAGE###
3	22	0	0	0	0	35.999994	54.115290	161.658823	13.404001	-1	###FLOW###
4	22	0	0	0	0	35.999994	54.115290	161.658823	13.404001	-1	###LINE###
5	22	0	0	0	0	36.00	54.12	89.57	13.40	100	Commonwealth
5	22	0	0	0	1	128.96	54.12	11.33	13.40	100	of
5	22	0	0	0	2	143.60	54.12	54.05	13.40	100	Kentucky
3	22	1	0	0	0	289.919964	54.115290	211.964694	13.404001	-1	###FLOW###
4	22	1	0	0	0	289.919964	54.115290	211.964694	13.404001	-1	###LINE###
5	22	1	0	0	0	289.92	54.12	44.03	13.40	100	Michael
5	22	1	0	0	1	337.40	54.12	12.66	13.40	100	G.
5	22	1	0	0	2	353.48	54.12	43.01	13.40	100	Adams,
5	22	1	0	0	3	399.93	54.12	54.90	13.40	100	Secretary
5	22	1	0	0	4	457.89	54.12	11.33	13.40	100	of
5	22	1	0	0	5	472.52	54.12	29.36	13.40	100	State
3	22	2	0	0	0	584.279905	54.115290	171.619073	13.404001	-1	###FLOW###
4	22	2	0	0	0	584.279905	54.115290	171.619073	13.404001	-1	###LINE###
5	22	2	0	0	0	584.28	54.12	26.72	13.40	100	2024
5	22	2	0	0	1	614.49	54.12	44.86	13.40	100	Primary
5	22	2	0	0	2	662.36	54.12	46.82	13.40	100	Election
5	22	2	0	0	3	712.53	54.12	43.37	13.40	100	Results
3	22	3	0	0	0	330.119953	111.955306	131.693970	41.003991	-1	###FLOW###
4	22	3	0	0	0	357.239932	111.955306	77.531355	13.404001	-1	###LINE###
5	22	3	0	0	0	357.24	111.96	29.36	13.40	100	State
5	22	3	0	0	1	389.96	111.96	44.82	13.40	100	Senator
4	22	3	0	1	0	330.119953	125.755316	131.693970	13.404001	-1	###LINE###
5	22	3	0	1	0	330.12	125.76	25.36	13.40	100	33rd
5	22	3	0	1	1	358.88	125.76	58.18	13.40	100	Senatorial
5	22	3	0	1	2	420.45	125.76	41.37	13.40	100	District
4	22	3	0	2	0	346.679950	139.555296	98.881614	13.404001	-1	###LINE###
5	22	3	0	2	0	346.68	139.56	65.41	13.40	100	Democratic
5	22	3	0	2	1	415.52	139.56	30.04	13.40	100	Party
3	22	3	1	0	0	344.519957	164.364412	40.734601	22.017245	-1	###FLOW###
4	22	3	1	0	0	344.519957	164.364412	40.669897	10.857240	-1	###LINE###
5	22	3	1	0	0	344.52	164.36	28.81	10.86	100	Gerald
5	22	3	1	0	1	376.01	164.36	9.18	10.86	100	A.
4	22	3	1	1	0	359.279934	175.524417	25.974624	10.857240	-1	###LINE###
5	22	3	1	1	0	359.28	175.52	25.97	10.86	100	NEAL
3	22	4	0	0	0	424.439940	164.364412	68.816192	22.017245	-1	###FLOW###
4	22	4	0	0	0	424.439940	164.364412	68.756358	10.857240	-1	###LINE###
5	22	4	0	0	0	424.44	164.36	24.31	10.86	100	Attica
5	22	4	0	0	1	451.49	164.36	41.70	10.86	100	Woodson
4	22	4	0	1	0	460.439934	175.524417	32.816198	10.857240	-1	###LINE###
5	22	4	0	1	0	460.44	175.52	32.82	10.86	100	SCOTT
3	22	5	0	0	0	527.039924	164.364412	74.108941	22.017245	-1	###FLOW###
4	22	5	0	0	0	552.959901	164.364412	48.173244	10.857240	-1	###LINE###
5	22	5	0	0	0	552.96	164.36	33.13	10.86	100	Michael
5	22	5	0	0	1	588.65	164.36	12.49	10.86	100	W.
4	22	5	0	1	0	527.039924	175.524417	74.108941	10.857240	-1	###LINE###
5	22	5	0	1	0	527.04	175.52	56.33	10.86	100	CHURCHILL
5	22	5	0	1	1	586.02	175.52	15.13	10.86	100	JR.
3	22	6	0	0	0	190.799966	191.124398	40.212494	10.857240	-1	###FLOW###
4	22	6	0	0	0	190.799966	191.124398	40.212494	10.857240	-1	###LINE###
5	22	6	0	0	0	190.80	191.12	40.21	10.86	100	Jefferson
3	22	7	0	0	0	360.839941	191.124398	24.339653	10.857240	-1	###FLOW###
4	22	7	0	0	0	360.839941	191.124398	24.339653	10.857240	-1	###LINE###
5	22	7	0	0	0	360.84	191.12	24.34	10.86	100	4,854
3	22	8	0	0	0	468.839924	191.124398	24.339653	10.857240	-1	###FLOW###
4	22	8	0	0	0	468.839924	191.124398	24.339653	10.857240	-1	###LINE###
5	22	8	0	0	0	468.84	191.12	24.34	10.86	100	3,460
3	22	9	0	0	0	584.999913	191.124398	16.232924	10.857240	-1	###FLOW###
4	22	9	0	0	0	584.999913	191.124398	16.232924	10.857240	-1	###LINE###
5	22	9	0	0	0	585.00	191.12	16.23	10.86	100	462
3	22	10	0	0	0	190.799966	206.844407	52.328795	10.857240	-1	###FLOW###
4	22	10	0	0	0	190.799966	206.844407	52.328795	10.857240	-1	###LINE###
5	22	10	0	0	0	190.80	206.84	23.10	10.86	100	Total
5	22	10	0	0	1	216.65	206.84	26.48	10.86	100	Votes
3	22	11	0	0	0	360.839941	206.844407	24.339653	10.857240	-1	###FLOW###
4	22	11	0	0	0	360.839941	206.844407	24.339653	10.857240	-1	###LINE###
5	22	11	0	0	0	360.84	206.84	24.34	10.86	100	4,854
3	22	12	0	0	0	468.839924	206.844407	24.339653	10.857240	-1	###FLOW###
4	22	12	0	0	0	468.839924	206.844407	24.339653	10.857240	-1	###LINE###
5	22	12	0	0	0	468.84	206.84	24.34	10.86	100	3,460
3	22	13	0	0	0	584.999913	206.844407	16.232924	10.857240	-1	###FLOW###
4	22	13	0	0	0	584.999913	206.844407	16.232924	10.857240	-1	###LINE###
5	22	13	0	0	0	585.00	206.84	16.23	10.86	100	462
1	23	0	0	0	0	0.000000	0.000000	792.000000	612.000000	-1	###PAGE###
3	23	0	0	0	0	270.479967	216.146188	251.051264	32.390776	-1	###FLOW###
4	23	0	0	0	0	299.759939	216.146188	192.474066	15.950760	-1	###LINE###
5	23	0	0	0	0	299.76	216.15	106.66	15.95	100	Commonwealth
5	23	0	0	0	1	410.39	216.15	13.48	15.95	100	of
5	23	0	0	0	2	427.91	216.15	64.32	15.95	100	Kentucky
4	23	0	0	1	0	270.479967	232.586204	251.051264	15.950760	-1	###LINE###
5	23	0	0	1	0	270.48	232.59	52.24	15.95	100	Michael
5	23	0	0	1	1	326.63	232.59	15.07	15.95	100	G.
5	23	0	0	1	2	345.60	232.59	51.00	15.95	100	Adams,
5	23	0	0	1	3	400.56	232.59	64.83	15.95	100	Secretary
5	23	0	0	1	4	469.19	232.59	13.48	15.95	100	of
5	23	0	0	1	5	486.59	232.59	34.94	15.95	100	State
3	23	0	1	0	0	267.959970	281.906191	256.084014	32.390746	-1	###FLOW###
4	23	0	1	0	0	352.439952	281.906191	87.115175	15.950760	-1	###LINE###
5	23	0	1	0	0	352.44	281.91	27.81	15.95	100	May
5	23	0	1	0	1	383.99	281.91	19.86	15.95	100	21,
5	23	0	1	0	2	407.76	281.91	31.80	15.95	100	2024
4	23	0	1	1	0	267.959970	298.346177	256.084014	15.950760	-1	###LINE###
5	23	0	1	1	0	267.96	298.35	48.41	15.95	100	Official
5	23	0	1	1	1	320.39	298.35	31.80	15.95	100	2024
5	23	0	1	1	2	356.03	298.35	53.07	15.95	100	Primary
5	23	0	1	1	3	412.91	298.35	55.55	15.95	100	Election
5	23	0	1	1	4	472.43	298.35	51.61	15.95	100	Results
3	23	0	2	0	0	325.439963	347.666194	141.017064	32.390746	-1	###FLOW###
4	23	0	2	0	0	341.879938	347.666194	108.032539	15.950760	-1	###LINE###
5	23	0	2	0	0	341.88	347.67	23.00	15.95	100	For
5	23	0	2	0	1	368.87	347.67	21.43	15.95	100	the
5	23	0	2	0	2	394.31	347.67	38.10	15.95	100	office
5	23	0	2	0	3	436.43	347.67	13.48	15.95	100	of
4	23	0	2	1	0	325.439963	364.106180	141.017064	15.950760	-1	###LINE###
5	23	0	2	1	0	325.44	364.11	34.94	15.95	100	State
5	23	0	2	1	1	364.32	364.11	102.14	15.95	100	Representative
1	24	0	0	0	0	0.000000	0.000000	792.000000	612.000000	-1	###PAGE###
3	24	0	0	0	0	35.999994	54.115290	161.658823	13.404001	-1	###FLOW###
4	24	0	0	0	0	35.999994	54.115290	161.658823	13.404001	-1	###LINE###
5	24	0	0	0	0	36.00	54.12	89.57	13.40	100	Commonwealth
5	24	0	0	0	1	128.96	54.12	11.33	13.40	100	of
5	24	0	0	0	2	143.60	54.12	54.05	13.40	100	Kentucky
3	24	1	0	0	0	289.919964	54.115290	211.964694	13.404001	-1	###FLOW###
4	24	1	0	0	0	289.919964	54.115290	211.964694	13.404001	-1	###LINE###
5	24	1	0	0	0	289.92	54.12	44.03	13.40	100	Michael
5	24	1	0	0	1	337.40	54.12	12.66	13.40	100	G.
5	24	1	0	0	2	353.48	54.12	43.01	13.40	100	Adams,
5	24	1	0	0	3	399.93	54.12	54.90	13.40	100	Secretary
5	24	1	0	0	4	457.89	54.12	11.33	13.40	100	of
5	24	1	0	0	5	472.52	54.12	29.36	13.40	100	State
3	24	2	0	0	0	584.279905	54.115290	171.619073	13.404001	-1	###FLOW###
4	24	2	0	0	0	584.279905	54.115290	171.619073	13.404001	-1	###LINE###
5	24	2	0	0	0	584.28	54.12	26.72	13.40	100	2024
5	24	2	0	0	1	614.49	54.12	44.86	13.40	100	Primary
5	24	2	0	0	2	662.36	54.12	46.82	13.40	100	Election
5	24	2	0	0	3	712.53	54.12	43.37	13.40	100	Results
3	24	3	0	0	0	318.239946	111.955306	155.447184	41.003991	-1	###FLOW###
4	24	3	0	0	0	336.599963	111.955306	118.754055	13.404001	-1	###LINE###
5	24	3	0	0	0	336.60	111.96	29.36	13.40	100	State
5	24	3	0	0	1	369.32	111.96	86.04	13.40	100	Representative
4	24	3	0	1	0	318.239946	125.755316	155.447184	13.404001	-1	###LINE###
5	24	3	0	1	0	318.24	125.76	21.34	13.40	100	2nd
5	24	3	0	1	1	342.92	125.76	86.04	13.40	100	Representative
5	24	3	0	1	2	432.32	125.76	41.37	13.40	100	District
4	24	3	0	2	0	347.039954	139.555296	98.280875	13.404001	-1	###LINE###
5	24	3	0	2	0	347.04	139.56	64.81	13.40	100	Republican
5	24	3	0	2	1	415.16	139.56	30.16	13.40	100	Party
3	24	3	1	0	0	383.159939	164.364412	56.220581	22.017245	-1	###FLOW###
4	24	3	1	0	0	401.639946	164.364412	37.740574	10.857240	-1	###LINE###
5	24	3	1	0	0	401.64	164.36	37.74	10.86	100	Kimberly
4	24	3	1	1	0	383.159939	175.524417	56.153459	10.857240	-1	###LINE###
5	24	3	1	1	0	383.16	175.52	56.15	10.86	100	HOLLOWAY
3	24	4	0	0	0	513.719933	164.364412	33.601061	22.017245	-1	###FLOW###
4	24	4	0	0	0	513.719933	164.364412	33.526632	10.857240	-1	###LINE###
5	24	4	0	0	0	513.72	164.36	33.53	10.86	100	Richard
4	24	4	0	1	0	514.319889	175.524417	33.001105	10.857240	-1	###LINE###
5	24	4	0	1	0	514.32	175.52	33.00	10.86	100	HEATH
3	24	5	0	0	0	414.839947	191.124398	24.339653	10.857240	-1	###FLOW###
4	24	5	0	0	0	414.839947	191.124398	24.339653	10.857240	-1	###LINE###
5	24	5	0	0	0	414.84	191.12	24.34	10.86	100	1,504
3	24	6	0	0	0	522.839930	191.124398	24.339653	10.857240	-1	###FLOW###
4	24	6	0	0	0	522.839930	191.124398	24.339653	10.857240	-1	###LINE###
5	24	6	0	0	0	522.84	191.12	24.34	10.86	100	1,336
3	24	7	0	0	0	244.799973	206.604415	49.214565	10.857240	-1	###FLOW###
4	24	7	0	0	0	244.799973	206.604415	49.214565	10.857240	-1	###LINE###
5	24	7	0	0	0	244.80	206.60	49.21	10.86	100	McCracken
3	24	8	0	0	0	422.999924	206.604415	16.232924	10.857240	-1	###FLOW###
4	24	8	0	0	0	422.999924	206.604415	16.232924	10.857240	-1	###LINE###
5	24	8	0	0	0	423.00	206.60	16.23	10.86	100	400
3	24	9	0	0	0	530.999937	206.604415	16.232924	10.857240	-1	###FLOW###
4	24	9	0	0	0	530.999937	206.604415	16.232924	10.857240	-1	###LINE###
5	24	9	0	0	0	531.00	206.60	16.23	10.86	100	407
3	24	10	0	0	0	244.799973	222.324393	52.328795	10.857240	-1	###FLOW###
4	24	10	0	0	0	244.799973	222.324393	52.328795	10.857240	-1	###LINE###
5	24	10	0	0	0	244.80	222.32	23.10	10.86	100	Total
5	24	10	0	0	1	270.65	222.32	26.48	10.86	100	Votes
3	24	11	0	0	0	414.839947	222.324393	24.339653	10.857240	-1	###FLOW###
4	24	11	0	0	0	414.839947	222.324393	24.339653	10.857240	-1	###LINE###
5	24	11	0	0	0	414.84	222.32	24.34	10.86	100	1,904
3	24	12	0	0	0	522.839930	222.324393	24.339653	10.857240	-1	###FLOW###
4	24	12	0	0	0	522.839930	222.324393	24.339653	10.857240	-1	###LINE###
5	24	12	0	0	0	522.84	222.32	24.34	10.86	100	1,743
3	24	13	0	0	0	244.799973	191.124398	31.356403	10.857240	-1	###FLOW###
4	24	13	0	0	0	244.799973	191.124398	31.356403	10.857240	-1	###LINE###
5	24	13	0	0	0	244.80	191.12	31.36	10.86	100	Graves
3	24	14	0	0	0	316.559949	271.075272	158.811321	41.004021	-1	###FLOW###
4	24	14	0	0	0	336.599963	271.075272	118.754055	13.404001	-1	###LINE###
5	24	14	0	0	0	336.60	271.08	29.36	13.40	100	State
5	24	14	0	0	1	369.32	271.08	86.04	13.40	100	Representative
4	24	14	0	1	0	316.559949	284.875281	158.811321	13.404001	-1	###LINE###
5	24	14	0	1	0	316.56	284.88	24.69	13.40	100	10th
5	24	14	0	1	1	344.60	284.88	86.03	13.40	100	Representative
5	24	14	0	1	2	434.00	284.88	41.37	13.40	100	District
4	24	14	0	2	0	347.039954	298.675291	98.280875	13.404001	-1	###LINE###
5	24	14	0	2	0	347.04	298.68	64.81	13.40	100	Republican
5	24	14	0	2	1	415.16	298.68	30.16	13.40	100	Party
3	24	14	1	0	0	384.119929	323.484378	55.199726	22.017275	-1	###FLOW###
4	24	14	1	0	0	418.559947	323.484378	20.553918	10.857240	-1	###LINE###
5	24	14	1	0	0	418.56	323.48	20.55	10.86	100	Josh
4	24	14	1	1	0	384.119929	334.644412	55.199726	10.857240	-1	###LINE###
5	24	14	1	1	0	384.12	334.64	55.20	10.86	100	CALLOWAY
3	24	15	0	0	0	493.319945	323.484378	53.924838	22.017275	-1	###FLOW###
4	24	15	0	0	0	527.159916	323.484378	20.008927	10.857240	-1	###LINE###
5	24	15	0	0	0	527.16	323.48	20.01	10.86	100	Julie
4	24	15	0	1	0	493.319945	334.644412	53.924838	10.857240	-1	###LINE###
5	24	15	0	1	0	493.32	334.64	53.92	10.86	100	CANTWELL
3	24	16	0	0	0	244.799973	350.244379	54.070817	10.857240	-1	###FLOW###
4	24	16	0	0	0	244.799973	350.244379	54.070817	10.857240	-1	###LINE###
5	24	16	0	0	0	244.80	350.24	54.07	10.86	100	Breckinridge
3	24	17	0	0	0	414.839947	350.244379	24.339653	10.857240	-1	###FLOW###
4	24	17	0	0	0	414.839947	350.244379	24.339653	10.857240	-1	###LINE###
5	24	17	0	0	0	414.84	350.24	24.34	10.86	100	1,446
3	24	18	0	0	0	530.999937	350.244379	16.232924	10.857240	-1	###FLOW###
4	24	18	0	0	0	530.999937	350.244379	16.232924	10.857240	-1	###LINE###
5	24	18	0	0	0	531.00	350.24	16.23	10.86	100	411
3	24	19	0	0	0	244.799973	365.724365	28.563328	10.857240	-1	###FLOW###
4	24	19	0	0	0	244.799973	365.724365	28.563328	10.857240	-1	###LINE###
5	24	19	0	0	0	244.80	365.72	28.56	10.86	100	Hardin
3	24	20	0	0	0	414.839947	365.724365	24.339653	10.857240	-1	###FLOW###
4	24	20	0	0	0	414.839947	365.724365	24.339653	10.857240	-1	###LINE###
5	24	20	0	0	0	414.84	365.72	24.34	10.86	100	1,327
3	24	21	0	0	0	530.999937	365.724365	16.232924	10.857240	-1	###FLOW###
4	24	21	0	0	0	530.999937	365.724365	16.232924	10.857240	-1	###LINE###
5	24	21	0	0	0	531.00	365.72	16.23	10.86	100	327
3	24	22	0	0	0	244.799973	381.444374	52.328795	10.857240	-1	###FLOW###
4	24	22	0	0	0	244.799973	381.444374	52.328795	10.857240	-1	###LINE###
5	24	22	0	0	0	244.80	381.44	23.10	10.86	100	Total
5	24	22	0	0	1	270.65	381.44	26.48	10.86	100	Votes
3	24	23	0	0	0	414.839947	381.444374	24.339653	10.857240	-1	###FLOW###
4	24	23	0	0	0	414.839947	381.444374	24.339653	10.857240	-1	###LINE###
5	24	23	0	0	0	414.84	381.44	24.34	10.86	100	2,773
3	24	24	0	0	0	530.999937	381.444374	16.232924	10.857240	-1	###FLOW###
4	24	24	0	0	0	530.999937	381.444374	16.232924	10.857240	-1	###LINE###
5	24	24	0	0	0	531.00	381.44	16.23	10.86	100	738
1	25	0	0	0	0	0.000000	0.000000	792.000000	612.000000	-1	###PAGE###
3	25	0	0	0	0	35.999994	54.115290	161.658823	13.404001	-1	###FLOW###
4	25	0	0	0	0	35.999994	54.115290	161.658823	13.404001	-1	###LINE###
5	25	0	0	0	0	36.00	54.12	89.57	13.40	100	Commonwealth
5	25	0	0	0	1	128.96	54.12	11.33	13.40	100	of
5	25	0	0	0	2	143.60	54.12	54.05	13.40	100	Kentucky
3	25	1	0	0	0	289.919964	54.115290	211.964694	13.404001	-1	###FLOW###
4	25	1	0	0	0	289.919964	54.115290	211.964694	13.404001	-1	###LINE###
5	25	1	0	0	0	289.92	54.12	44.03	13.40	100	Michael
5	25	1	0	0	1	337.40	54.12	12.66	13.40	100	G.
5	25	1	0	0	2	353.48	54.12	43.01	13.40	100	Adams,
5	25	1	0	0	3	399.93	54.12	54.90	13.40	100	Secretary
5	25	1	0	0	4	457.89	54.12	11.33	13.40	100	of
5	25	1	0	0	5	472.52	54.12	29.36	13.40	100	State
3	25	2	0	0	0	584.279905	54.115290	171.619073	13.404001	-1	###FLOW###
4	25	2	0	0	0	584.279905	54.115290	171.619073	13.404001	-1	###LINE###
5	25	2	0	0	0	584.28	54.12	26.72	13.40	100	2024
5	25	2	0	0	1	614.49	54.12	44.86	13.40	100	Primary
5	25	2	0	0	2	662.36	54.12	46.82	13.40	100	Election
5	25	2	0	0	3	712.53	54.12	43.37	13.40	100	Results
3	25	3	0	0	0	316.559949	111.955306	158.811321	41.003991	-1	###FLOW###
4	25	3	0	0	0	336.599963	111.955306	118.754055	13.404001	-1	###LINE###
5	25	3	0	0	0	336.60	111.96	29.36	13.40	100	State
5	25	3	0	0	1	369.32	111.96	86.04	13.40	100	Representative
4	25	3	0	1	0	316.559949	125.755316	158.811321	13.404001	-1	###LINE###
5	25	3	0	1	0	316.56	125.76	24.69	13.40	100	19th
5	25	3	0	1	1	344.60	125.76	86.03	13.40	100	Representative
5	25	3	0	1	2	434.00	125.76	41.37	13.40	100	District
4	25	3	0	2	0	347.039954	139.555296	98.280875	13.404001	-1	###LINE###
5	25	3	0	2	0	347.04	139.56	64.81	13.40	100	Republican
5	25	3	0	2	1	415.16	139.56	30.16	13.40	100	Party
3	25	3	1	0	0	386.759948	164.364412	52.565145	22.017245	-1	###FLOW###
4	25	3	1	0	0	386.759948	164.364412	52.406651	10.857240	-1	###LINE###
5	25	3	1	0	0	386.76	164.36	33.53	10.86	100	Michael
5	25	3	1	0	1	422.93	164.36	16.23	10.86	100	Lee
4	25	3	1	1	0	388.679928	175.524417	50.645164	10.857240	-1	###LINE###
5	25	3	1	1	0	388.68	175.52	50.65	10.86	100	MEREDITH
3	25	4	0	0	0	518.159909	164.364412	29.195906	22.017245	-1	###FLOW###
4	25	4	0	0	0	518.159909	164.364412	29.195906	10.857240	-1	###LINE###
5	25	4	0	0	0	518.16	164.36	29.20	10.86	100	Kelcey
4	25	4	0	1	0	518.759927	175.524417	28.504936	10.857240	-1	###LINE###
5	25	4	0	1	0	518.76	175.52	28.50	10.86	100	ROCK
3	25	5	0	0	0	244.799973	191.124398	46.411758	10.857240	-1	###FLOW###
4	25	5	0	0	0	244.799973	191.124398	46.411758	10.857240	-1	###LINE###
5	25	5	0	0	0	244.80	191.12	46.41	10.86	100	Edmonson
3	25	6	0	0	0	414.839947	191.124398	24.339653	10.857240	-1	###FLOW###
4	25	6	0	0	0	414.839947	191.124398	24.339653	10.857240	-1	###LINE###
5	25	6	0	0	0	414.84	191.12	24.34	10.86	100	1,589
3	25	7	0	0	0	530.999937	191.124398	16.232924	10.857240	-1	###FLOW###
4	25	7	0	0	0	530.999937	191.124398	16.232924	10.857240	-1	###LINE###
5	25	7	0	0	0	531.00	191.12	16.23	10.86	100	294
3	25	8	0	0	0	244.799973	206.604415	32.426919	10.857240	-1	###FLOW###
4	25	8	0	0	0	244.799973	206.604415	32.426919	10.857240	-1	###LINE###
5	25	8	0	0	0	244.80	206.60	32.43	10.86	100	Warren
3	25	9	0	0	0	414.839947	206.604415	24.339653	10.857240	-1	###FLOW###
4	25	9	0	0	0	414.839947	206.604415	24.339653	10.857240	-1	###LINE###
5	25	9	0	0	0	414.84	206.60	24.34	10.86	100	1,745
3	25	10	0	0	0	530.999937	206.604415	16.232924	10.857240	-1	###FLOW###
4	25	10	0	0	0	530.999937	206.604415	16.232924	10.857240	-1	###LINE###
5	25	10	0	0	0	531.00	206.60	16.23	10.86	100	765
3	25	11	0	0	0	244.799973	222.324393	52.328795	10.857240	-1	###FLOW###
4	25	11	0	0	0	244.799973	222.324393	52.328795	10.857240	-1	###LINE###
5	25	11	0	0	0	244.80	222.32	23.10	10.86	100	Total
5	25	11	0	0	1	270.65	222.32	26.48	10.86	100	Votes
3	25	12	0	0	0	414.839947	222.324393	24.339653	10.857240	-1	###FLOW###
4	25	12	0	0	0	414.839947	222.324393	24.339653	10.857240	-1	###LINE###
5	25	12	0	0	0	414.84	222.32	24.34	10.86	100	3,334
3	25	13	0	0	0	522.839930	222.324393	24.339653	10.857240	-1	###FLOW###
4	25	13	0	0	0	522.839930	222.324393	24.339653	10.857240	-1	###LINE###
5	25	13	0	0	0	522.84	222.32	24.34	10.86	100	1,059
3	25	14	0	0	0	316.559949	271.075272	158.811321	41.004021	-1	###FLOW###
4	25	14	0	0	0	336.599963	271.075272	118.754055	13.404001	-1	###LINE###
5	25	14	0	0	0	336.60	271.08	29.36	13.40	100	State
5	25	14	0	0	1	369.32	271.08	86.04	13.40	100	Representative
4	25	14	0	1	0	316.559949	284.875281	158.811321	13.404001	-1	###LINE###
5	25	14	0	1	0	316.56	284.88	24.69	13.40	100	24th
5	25	14	0	1	1	344.60	284.88	86.03	13.40	100	Representative
5	25	14	0	1	2	434.00	284.88	41.37	13.40	100	District
4	25	14	0	2	0	347.039954	298.675291	98.280875	13.404001	-1	###LINE###
5	25	14	0	2	0	347.04	298.68	64.81	13.40	100	Republican
5	25	14	0	2	1	415.16	298.68	30.16	13.40	100	Party
3	25	14	1	0	0	403.079932	323.484378	36.193191	22.017275	-1	###FLOW###
4	25	14	1	0	0	416.759928	323.484378	22.461383	10.857240	-1	###LINE###
5	25	14	1	0	0	416.76	323.48	22.46	10.86	100	Ryan
4	25	14	1	1	0	403.079932	334.644412	36.193191	10.857240	-1	###LINE###
5	25	14	1	1	0	403.08	334.64	36.19	10.86	100	BIVENS
3	25	15	0	0	0	488.279920	323.484378	59.053585	22.017275	-1	###FLOW###
4	25	15	0	0	0	509.159934	323.484378	37.974141	10.857240	-1	###LINE###
5	25	15	0	0	0	509.16	323.48	16.52	10.86	100	Asa
5	25	15	0	0	1	528.17	323.48	7.81	10.86	100	L.
5	25	15	0	0	2	538.61	323.48	8.53	10.86	100	T.
4	25	15	0	1	0	488.279920	334.644412	59.053585	10.857240	-1	###LINE###
5	25	15	0	1	0	488.28	334.64	59.05	10.86	100	WAGGONER
3	25	16	0	0	0	244.799973	350.244379	27.035409	10.857240	-1	###FLOW###
4	25	16	0	0	0	244.799973	350.244379	27.035409	10.857240	-1	###LINE###
5	25	16	0	0	0	244.80	350.24	27.04	10.86	100	Green
3	25	17	0	0	0	414.839947	350.244379	24.339653	10.857240	-1	###FLOW###
4	25	17	0	0	0	414.839947	350.244379	24.339653	10.857240	-1	###LINE###
5	25	17	0	0	0	414.84	350.24	24.34	10.86	100	1,034
3	25	18	0	0	0	530.999937	350.244379	16.232924	10.857240	-1	###FLOW###
4	25	18	0	0	0	530.999937	350.244379	16.232924	10.857240	-1	###LINE###
5	25	18	0	0	0	531.00	350.24	16.23	10.86	100	175
3	25	19	0	0	0	244.799973	365.724365	18.373957	10.857240	-1	###FLOW###
4	25	19	0	0	0	244.799973	365.724365	18.373957	10.857240	-1	###LINE###
5	25	19	0	0	0	244.80	365.72	18.37	10.86	100	Hart
3	25	20	0	0	0	422.999924	365.724365	16.232924	10.857240	-1	###FLOW###
4	25	20	0	0	0	422.999924	365.724365	16.232924	10.857240	-1	###LINE###
5	25	20	0	0	0	423.00	365.72	16.23	10.86	100	713
3	25	21	0	0	0	530.999937	365.724365	16.232924	10.857240	-1	###FLOW###
4	25	21	0	0	0	530.999937	365.724365	16.232924	10.857240	-1	###LINE###
5	25	21	0	0	0	531.00	365.72	16.23	10.86	100	526
3	25	22	0	0	0	244.799973	381.084385	24.884644	10.857240	-1	###FLOW###
4	25	22	0	0	0	244.799973	381.084385	24.884644	10.857240	-1	###LINE###
5	25	22	0	0	0	244.80	381.08	24.88	10.86	100	Larue
3	25	23	0	0	0	422.999924	381.084385	16.232924	10.857240	-1	###FLOW###
4	25	23	0	0	0	422.999924	381.084385	16.232924	10.857240	-1	###LINE###
5	25	23	0	0	0	423.00	381.08	16.23	10.86	100	889
3	25	24	0	0	0	530.999937	381.084385	16.232924	10.857240	-1	###FLOW###
4	25	24	0	0	0	530.999937	381.084385	16.232924	10.857240	-1	###LINE###
5	25	24	0	0	0	531.00	381.08	16.23	10.86	100	177
3	25	25	0	0	0	414.839947	396.804394	24.339653	10.857240	-1	###FLOW###
4	25	25	0	0	0	414.839947	396.804394	24.339653	10.857240	-1	###LINE###
5	25	25	0	0	0	414.84	396.80	24.34	10.86	100	2,636
3	25	26	0	0	0	530.999937	396.804394	16.232924	10.857240	-1	###FLOW###
4	25	26	0	0	0	530.999937	396.804394	16.232924	10.857240	-1	###LINE###
5	25	26	0	0	0	531.00	396.80	16.23	10.86	100	878
3	25	27	0	0	0	244.799973	396.804394	52.328795	10.857240	-1	###FLOW###
4	25	27	0	0	0	244.799973	396.804394	52.328795	10.857240	-1	###LINE###
5	25	27	0	0	0	244.80	396.80	23.10	10.86	100	Total
5	25	27	0	0	1	270.65	396.80	26.48	10.86	100	Votes
1	26	0	0	0	0	0.000000	0.000000	792.000000	612.000000	-1	###PAGE###
3	26	0	0	0	0	35.999994	54.115290	161.658823	13.404001	-1	###FLOW###
4	26	0	0	0	0	35.999994	54.115290	161.658823	13.404001	-1	###LINE###
5	26	0	0	0	0	36.00	54.12	89.57	13.40	100	Commonwealth
5	26	0	0	0	1	128.96	54.12	11.33	13.40	100	of
5	26	0	0	0	2	143.60	54.12	54.05	13.40	100	Kentucky
3	26	1	0	0	0	289.919964	54.115290	211.964694	13.404001	-1	###FLOW###
4	26	1	0	0	0	289.919964	54.115290	211.964694	13.404001	-1	###LINE###
5	26	1	0	0	0	289.92	54.12	44.03	13.40	100	Michael
5	26	1	0	0	1	337.40	54.12	12.66	13.40	100	G.
5	26	1	0	0	2	353.48	54.12	43.01	13.40	100	Adams,
5	26	1	0	0	3	399.93	54.12	54.90	13.40	100	Secretary
5	26	1	0	0	4	457.89	54.12	11.33	13.40	100	of
5	26	1	0	0	5	472.52	54.12	29.36	13.40	100	State
3	26	2	0	0	0	584.279905	54.115290	171.619073	13.404001	-1	###FLOW###
4	26	2	0	0	0	584.279905	54.115290	171.619073	13.404001	-1	###LINE###
5	26	2	0	0	0	584.28	54.12	26.72	13.40	100	2024
5	26	2	0	0	1	614.49	54.12	44.86	13.40	100	Primary
5	26	2	0	0	2	662.36	54.12	46.82	13.40	100	Election
5	26	2	0	0	3	712.53	54.12	43.37	13.40	100	Results
3	26	3	0	0	0	316.559949	111.955306	158.811321	41.003991	-1	###FLOW###
4	26	3	0	0	0	336.599963	111.955306	118.754055	13.404001	-1	###LINE###
5	26	3	0	0	0	336.60	111.96	29.36	13.40	100	State
5	26	3	0	0	1	369.32	111.96	86.04	13.40	100	Representative
4	26	3	0	1	0	316.559949	125.755316	158.811321	13.404001	-1	###LINE###
5	26	3	0	1	0	316.56	125.76	24.69	13.40	100	29th
5	26	3	0	1	1	344.60	125.76	86.03	13.40	100	Representative
5	26	3	0	1	2	434.00	125.76	41.37	13.40	100	District
4	26	3	0	2	0	347.039954	139.555296	98.280875	13.404001	-1	###LINE###
5	26	3	0	2	0	347.04	139.56	64.81	13.40	100	Republican
5	26	3	0	2	1	415.16	139.56	30.16	13.40	100	Party
3	26	3	1	0	0	354.359931	164.364412	30.864690	22.017245	-1	###FLOW###
4	26	3	1	0	0	362.519939	164.364412	22.704683	10.857240	-1	###LINE###
5	26	3	1	0	0	362.52	164.36	22.70	10.86	100	Chris
4	26	3	1	1	0	354.359931	175.524417	30.772485	10.857240	-1	###LINE###
5	26	3	1	1	0	354.36	175.52	30.77	10.86	100	LEWIS
3	26	4	0	0	0	459.839948	164.364412	33.497436	22.017245	-1	###FLOW###
4	26	4	0	0	0	462.479935	164.364412	30.733557	10.857240	-1	###LINE###
5	26	4	0	0	0	462.48	164.36	30.73	10.86	100	Debbie
4	26	4	0	1	0	459.839948	175.524417	33.497436	10.857240	-1	###LINE###
5	26	4	0	1	0	459.84	175.52	33.50	10.86	100	PEDEN
3	26	5	0	0	0	559.079937	164.364412	42.119960	22.017245	-1	###FLOW###
4	26	5	0	0	0	575.999907	164.364412	25.079283	10.857240	-1	###LINE###
5	26	5	0	0	0	576.00	164.36	25.08	10.86	100	Wyatt
4	26	5	0	1	0	559.079937	175.524417	42.119960	10.857240	-1	###LINE###
5	26	5	0	1	0	559.08	175.52	42.12	10.86	100	ALLISON
3	26	6	0	0	0	190.799966	191.124398	40.212494	10.857240	-1	###FLOW###
4	26	6	0	0	0	190.799966	191.124398	40.212494	10.857240	-1	###LINE###
5	26	6	0	0	0	190.80	191.12	40.21	10.86	100	Jefferson
3	26	7	0	0	0	360.839941	191.124398	24.339653	10.857240	-1	###FLOW###
4	26	7	0	0	0	360.839941	191.124398	24.339653	10.857240	-1	###LINE###
5	26	7	0	0	0	360.84	191.12	24.34	10.86	100	2,063
3	26	8	0	0	0	476.999931	191.124398	16.232924	10.857240	-1	###FLOW###
4	26	8	0	0	0	476.999931	191.124398	16.232924	10.857240	-1	###LINE###
5	26	8	0	0	0	477.00	191.12	16.23	10.86	100	822
3	26	9	0	0	0	584.999913	191.124398	16.232924	10.857240	-1	###FLOW###
4	26	9	0	0	0	584.999913	191.124398	16.232924	10.857240	-1	###LINE###
5	26	9	0	0	0	585.00	191.12	16.23	10.86	100	151
3	26	10	0	0	0	190.799966	206.844407	52.328795	10.857240	-1	###FLOW###
4	26	10	0	0	0	190.799966	206.844407	52.328795	10.857240	-1	###LINE###
5	26	10	0	0	0	190.80	206.84	23.10	10.86	100	Total
5	26	10	0	0	1	216.65	206.84	26.48	10.86	100	Votes
3	26	11	0	0	0	360.839941	206.844407	24.339653	10.857240	-1	###FLOW###
4	26	11	0	0	0	360.839941	206.844407	24.339653	10.857240	-1	###LINE###
5	26	11	0	0	0	360.84	206.84	24.34	10.86	100	2,063
3	26	12	0	0	0	476.999931	206.844407	16.232924	10.857240	-1	###FLOW###
4	26	12	0	0	0	476.999931	206.844407	16.232924	10.857240	-1	###LINE###
5	26	12	0	0	0	477.00	206.84	16.23	10.86	100	822
3	26	13	0	0	0	584.999913	206.844407	16.232924	10.857240	-1	###FLOW###
4	26	13	0	0	0	584.999913	206.844407	16.232924	10.857240	-1	###LINE###
5	26	13	0	0	0	585.00	206.84	16.23	10.86	100	151
3	26	14	0	0	0	326.039949	308.124387	59.414394	22.017245	-1	###FLOW###
4	26	14	0	0	0	351.119958	308.124387	34.334385	10.857240	-1	###LINE###
5	26	14	0	0	0	351.12	308.12	34.33	10.86	100	Timothy
4	26	14	0	1	0	326.039949	319.284392	59.102245	10.857240	-1	###LINE###
5	26	14	0	1	0	326.04	319.28	41.46	10.86	100	FINDLEY
5	26	14	0	1	1	370.01	319.28	15.13	10.86	100	JR.
3	26	15	0	0	0	454.799923	308.124387	38.557666	22.017245	-1	###FLOW###
4	26	15	0	0	0	456.599943	308.124387	36.757645	10.857240	-1	###LINE###
5	26	15	0	0	0	456.60	308.12	36.76	10.86	100	Matthew
4	26	15	0	1	0	454.799923	319.284392	38.519132	10.857240	-1	###LINE###
5	26	15	0	1	0	454.80	319.28	38.52	10.86	100	PFAADT
3	26	16	0	0	0	550.799939	308.124387	50.544906	22.017245	-1	###FLOW###
4	26	16	0	0	0	577.559914	308.124387	23.784931	10.857240	-1	###LINE###
5	26	16	0	0	0	577.56	308.12	23.78	10.86	100	Ricky
4	26	16	0	1	0	550.799939	319.284392	50.401865	10.857240	-1	###LINE###
5	26	16	0	1	0	550.80	319.28	50.40	10.86	100	SANTIAGO
3	26	17	0	0	0	190.799966	334.884404	40.212494	10.857240	-1	###FLOW###
4	26	17	0	0	0	190.799966	334.884404	40.212494	10.857240	-1	###LINE###
5	26	17	0	0	0	190.80	334.88	40.21	10.86	100	Jefferson
3	26	18	0	0	0	360.839941	334.884404	24.339653	10.857240	-1	###FLOW###
4	26	18	0	0	0	360.839941	334.884404	24.339653	10.857240	-1	###LINE###
5	26	18	0	0	0	360.84	334.88	24.34	10.86	100	1,027
3	26	19	0	0	0	476.999931	334.884404	16.232924	10.857240	-1	###FLOW###
4	26	19	0	0	0	476.999931	334.884404	16.232924	10.857240	-1	###LINE###
5	26	19	0	0	0	477.00	334.88	16.23	10.86	100	982
3	26	20	0	0	0	584.999913	334.884404	16.232924	10.857240	-1	###FLOW###
4	26	20	0	0	0	584.999913	334.884404	16.232924	10.857240	-1	###LINE###
5	26	20	0	0	0	585.00	334.88	16.23	10.86	100	443
3	26	21	0	0	0	190.799966	350.604398	52.328795	10.857240	-1	###FLOW###
4	26	21	0	0	0	190.799966	350.604398	52.328795	10.857240	-1	###LINE###
5	26	21	0	0	0	190.80	350.60	23.10	10.86	100	Total
5	26	21	0	0	1	216.65	350.60	26.48	10.86	100	Votes
3	26	22	0	0	0	360.839941	350.604398	24.339653	10.857240	-1	###FLOW###
4	26	22	0	0	0	360.839941	350.604398	24.339653	10.857240	-1	###LINE###
5	26	22	0	0	0	360.84	350.60	24.34	10.86	100	1,027
3	26	23	0	0	0	476.999931	350.604398	16.232924	10.857240	-1	###FLOW###
4	26	23	0	0	0	476.999931	350.604398	16.232924	10.857240	-1	###LINE###
5	26	23	0	0	0	477.00	350.60	16.23	10.86	100	982
3	26	24	0	0	0	584.999913	350.604398	16.232924	10.857240	-1	###FLOW###
4	26	24	0	0	0	584.999913	350.604398	16.232924	10.857240	-1	###LINE###
5	26	24	0	0	0	585.00	350.60	16.23	10.86	100	443
3	26	25	0	0	0	316.559949	255.715281	158.811321	41.003991	-1	###FLOW###
4	26	25	0	0	0	336.599963	255.715281	118.754055	13.404001	-1	###LINE###
5	26	25	0	0	0	336.60	255.72	29.36	13.40	100	State
5	26	25	0	0	1	369.32	255.72	86.04	13.40	100	Representative
4	26	25	0	1	0	316.559949	269.515261	158.811321	13.404001	-1	###LINE###
5	26	25	0	1	0	316.56	269.52	24.69	13.40	100	29th
5	26	25	0	1	1	344.60	269.52	86.03	13.40	100	Representative
5	26	25	0	1	2	434.00	269.52	41.37	13.40	100	District
4	26	25	0	2	0	346.679950	283.315271	98.881614	13.404001	-1	###LINE###
5	26	25	0	2	0	346.68	283.32	65.41	13.40	100	Democratic
5	26	25	0	2	1	415.52	283.32	30.04	13.40	100	Party
3	26	26	0	0	0	316.559949	399.475288	158.811321	41.003991	-1	###FLOW###
4	26	26	0	0	0	336.599963	399.475288	118.754055	13.404001	-1	###LINE###
5	26	26	0	0	0	336.60	399.48	29.36	13.40	100	State
5	26	26	0	0	1	369.32	399.48	86.04	13.40	100	Representative
4	26	26	0	1	0	316.559949	413.275298	158.811321	13.404001	-1	###LINE###
5	26	26	0	1	0	316.56	413.28	24.69	13.40	100	30th
5	26	26	0	1	1	344.60	413.28	86.03	13.40	100	Representative
5	26	26	0	1	2	434.00	413.28	41.37	13.40	100	District
4	26	26	0	2	0	346.679950	427.075277	98.881614	13.404001	-1	###LINE###
5	26	26	0	2	0	346.68	427.08	65.41	13.40	100	Democratic
5	26	26	0	2	1	415.52	427.08	30.04	13.40	100	Party
3	26	26	1	0	0	376.199934	451.884378	63.063156	22.017244	-1	###FLOW###
4	26	26	1	0	0	411.719934	451.884378	27.483079	10.857240	-1	###LINE###
5	26	26	1	0	0	411.72	451.88	27.48	10.86	100	Daniel
4	26	26	1	1	0	376.199934	463.044382	63.063156	10.857240	-1	###LINE###
5	26	26	1	1	0	376.20	463.04	63.06	10.86	100	GROSSBERG
3	26	27	0	0	0	510.599919	451.884378	36.614693	22.017244	-1	###FLOW###
4	26	27	0	0	0	525.599909	451.884378	21.614702	10.857240	-1	###LINE###
5	26	27	0	0	0	525.60	451.88	21.61	10.86	100	Mitra
4	26	27	0	1	0	510.599919	463.044382	36.601934	10.857240	-1	###LINE###
5	26	27	0	1	0	510.60	463.04	36.60	10.86	100	SUBEDI
3	26	28	0	0	0	244.799973	478.644395	40.212494	10.857240	-1	###FLOW###
4	26	28	0	0	0	244.799973	478.644395	40.212494	10.857240	-1	###LINE###
5	26	28	0	0	0	244.80	478.64	40.21	10.86	100	Jefferson
3	26	29	0	0	0	414.839947	478.644395	24.339653	10.857240	-1	###FLOW###
4	26	29	0	0	0	414.839947	478.644395	24.339653	10.857240	-1	###LINE###
5	26	29	0	0	0	414.84	478.64	24.34	10.86	100	1,629
3	26	30	0	0	0	522.839930	478.644395	24.339653	10.857240	-1	###FLOW###
4	26	30	0	0	0	522.839930	478.644395	24.339653	10.857240	-1	###LINE###
5	26	30	0	0	0	522.84	478.64	24.34	10.86	100	1,579
3	26	31	0	0	0	244.799973	494.364404	52.328795	10.857240	-1	###FLOW###
4	26	31	0	0	0	244.799973	494.364404	52.328795	10.857240	-1	###LINE###
5	26	31	0	0	0	244.80	494.36	23.10	10.86	100	Total
5	26	31	0	0	1	270.65	494.36	26.48	10.86	100	Votes
3	26	32	0	0	0	414.839947	494.364404	24.339653	10.857240	-1	###FLOW###
4	26	32	0	0	0	414.839947	494.364404	24.339653	10.857240	-1	###LINE###
5	26	32	0	0	0	414.84	494.36	24.34	10.86	100	1,629
3	26	33	0	0	0	522.839930	494.364404	24.339653	10.857240	-1	###FLOW###
4	26	33	0	0	0	522.839930	494.364404	24.339653	10.857240	-1	###LINE###
5	26	33	0	0	0	522.84	494.36	24.34	10.86	100	1,579
1	27	0	0	0	0	0.000000	0.000000	792.000000	612.000000	-1	###PAGE###
3	27	0	0	0	0	36.000000	54.089359	161.662449	13.430068	-1	###FLOW###
4	27	0	0	0	0	36.000000	54.089359	161.662449	13.430068	-1	###LINE###
5	27	0	0	0	0	36.00	54.11	89.57	13.40	100	Commonwealth
5	27	0	0	0	1	128.96	54.09	11.33	13.40	100	of
5	27	0	0	0	2	143.61	54.09	54.06	13.40	100	Kentucky
3	27	1	0	0	0	289.924635	54.089359	211.968731	13.404670	-1	###FLOW###
4	27	1	0	0	0	289.924635	54.089359	211.968731	13.404670	-1	###LINE###
5	27	1	0	0	0	289.92	54.09	44.03	13.40	100	Michael
5	27	1	0	0	1	337.41	54.09	12.66	13.40	100	G.
5	27	1	0	0	2	353.48	54.09	43.01	13.40	100	Adams,
5	27	1	0	0	3	399.93	54.09	54.90	13.40	100	Secretary
5	27	1	0	0	4	457.89	54.09	11.33	13.40	100	of
5	27	1	0	0	5	472.53	54.09	29.36	13.40	100	State
3	27	2	0	0	0	584.288705	54.089359	171.622267	13.404670	-1	###FLOW###
4	27	2	0	0	0	584.288705	54.089359	171.622267	13.404670	-1	###LINE###
5	27	2	0	0	0	584.29	54.09	26.72	13.40	100	2024
5	27	2	0	0	1	614.49	54.09	44.86	13.40	100	Primary
5	27	2	0	0	2	662.37	54.09	46.82	13.40	100	Election
5	27	2	0	0	3	712.54	54.09	43.37	13.40	100	Results
3	27	3	0	0	0	316.804488	111.932788	158.213547	41.005148	-1	###FLOW###
4	27	3	0	0	0	336.600000	111.932788	118.761244	13.426639	-1	###LINE###
5	27	3	0	0	0	336.60	111.95	29.36	13.40	100	State
5	27	3	0	0	1	369.32	111.93	86.04	13.40	100	Representative
4	27	3	0	1	0	316.804488	125.733028	158.213547	13.404670	-1	###LINE###
5	27	3	0	1	0	316.80	125.73	24.04	13.40	100	31st
5	27	3	0	1	1	344.25	125.73	86.04	13.40	100	Representative
5	27	3	0	1	2	433.65	125.73	41.37	13.40	100	District
4	27	3	0	2	0	346.685339	139.533267	98.883451	13.404670	-1	###LINE###
5	27	3	0	2	0	346.69	139.53	65.41	13.40	100	Democratic
5	27	3	0	2	1	415.53	139.53	30.04	13.40	100	Party
3	27	3	1	0	0	372.725353	164.343609	66.496847	22.018070	-1	###FLOW###
4	27	3	1	0	0	372.725353	164.343609	66.496847	10.857302	-1	###LINE###
5	27	3	1	0	0	372.73	164.34	32.89	10.86	100	Colleen
5	27	3	1	0	1	408.29	164.34	30.93	10.86	100	Orsella
4	27	3	1	1	0	409.925516	175.504376	29.214668	10.857302	-1	###LINE###
5	27	3	1	1	0	409.93	175.50	29.21	10.86	100	DAVIS
3	27	4	0	0	0	493.806313	164.343609	53.505046	22.018070	-1	###FLOW###
4	27	4	0	0	0	499.206708	164.343609	47.938443	10.857302	-1	###LINE###
5	27	4	0	0	0	499.21	164.34	29.05	10.86	100	Carma
5	27	4	0	0	1	530.93	164.34	16.21	10.86	100	Bell
4	27	4	0	1	0	493.806313	175.504376	53.505046	10.857302	-1	###LINE###
5	27	4	0	1	0	493.81	175.50	53.51	10.86	100	MARSHALL
3	27	5	0	0	0	244.802558	191.105256	40.211514	10.857302	-1	###FLOW###
4	27	5	0	0	0	244.802558	191.105256	40.211514	10.857302	-1	###LINE###
5	27	5	0	0	0	244.80	191.11	40.21	10.86	100	Jefferson
3	27	6	0	0	0	414.845431	191.105256	24.339037	10.857302	-1	###FLOW###
4	27	6	0	0	0	414.845431	191.105256	24.339037	10.857302	-1	###LINE###
5	27	6	0	0	0	414.85	191.11	24.34	10.86	100	1,889
3	27	7	0	0	0	531.007477	191.105256	16.232512	10.857302	-1	###FLOW###
4	27	7	0	0	0	531.007477	191.105256	16.232512	10.857302	-1	###LINE###
5	27	7	0	0	0	531.01	191.11	16.23	10.86	100	976
3	27	8	0	0	0	244.803559	206.826111	52.327430	10.857302	-1	###FLOW###
4	27	8	0	0	0	244.803559	206.826111	52.327430	10.857302	-1	###LINE###
5	27	8	0	0	0	244.80	206.83	23.10	10.86	100	Total
5	27	8	0	0	1	270.65	206.83	26.48	10.86	100	Votes
3	27	9	0	0	0	414.846432	206.826111	24.339037	10.857302	-1	###FLOW###
4	27	9	0	0	0	414.846432	206.826111	24.339037	10.857302	-1	###LINE###
5	27	9	0	0	0	414.85	206.83	24.34	10.86	100	1,889
3	27	10	0	0	0	531.008478	206.826111	16.232512	10.857302	-1	###FLOW###
4	27	10	0	0	0	531.008478	206.826111	16.232512	10.857302	-1	###LINE###
5	27	10	0	0	0	531.01	206.83	16.23	10.86	100	976
3	27	11	0	0	0	316.564248	255.699029	158.814322	41.005148	-1	###FLOW###
4	27	11	0	0	0	336.600000	255.699029	118.761244	13.420398	-1	###LINE###
5	27	11	0	0	0	336.60	255.71	29.36	13.40	100	State
5	27	11	0	0	1	369.32	255.70	86.04	13.40	100	Representative
4	27	11	0	1	0	316.564248	269.499269	158.814322	13.404670	-1	###LINE###
5	27	11	0	1	0	316.56	269.50	24.69	13.40	100	36th
5	27	11	0	1	1	344.61	269.50	86.03	13.40	100	Representative
5	27	11	0	1	2	434.01	269.50	41.37	13.40	100	District
4	27	11	0	2	0	346.684338	283.299508	98.883451	13.404670	-1	###LINE###
5	27	11	0	2	0	346.68	283.30	65.41	13.40	100	Democratic
5	27	11	0	2	1	415.53	283.30	30.04	13.40	100	Party
3	27	11	1	0	0	367.204838	308.109850	72.064579	22.018070	-1	###FLOW###
4	27	11	1	0	0	367.204838	308.109850	71.956421	10.857302	-1	###LINE###
5	27	11	1	0	0	367.20	308.11	31.75	10.86	100	William
5	27	11	1	0	1	401.58	308.11	37.58	10.86	100	"Woody"
4	27	11	1	1	0	411.845434	319.270617	27.423983	10.857302	-1	###LINE###
5	27	11	1	1	0	411.85	319.27	27.42	10.86	100	ZORN
3	27	12	0	0	0	477.726249	308.109850	69.649954	22.018070	-1	###FLOW###
4	27	12	0	0	0	477.726249	308.109850	69.649954	10.857302	-1	###LINE###
5	27	12	0	0	0	477.73	308.11	22.17	10.86	100	Colin
5	27	12	0	0	1	502.49	308.11	44.88	10.86	100	Daugherty
4	27	12	0	1	0	491.766275	319.270617	55.490318	10.857302	-1	###LINE###
5	27	12	0	1	0	491.77	319.27	55.49	10.86	100	McDOWELL
3	27	13	0	0	0	244.802558	334.871497	40.211514	10.857302	-1	###FLOW###
4	27	13	0	0	0	244.802558	334.871497	40.211514	10.857302	-1	###LINE###
5	27	13	0	0	0	244.80	334.87	40.21	10.86	100	Jefferson
3	27	14	0	0	0	414.845431	334.871497	24.339037	10.857302	-1	###FLOW###
4	27	14	0	0	0	414.845431	334.871497	24.339037	10.857302	-1	###LINE###
5	27	14	0	0	0	414.85	334.87	24.34	10.86	100	1,019
3	27	15	0	0	0	522.847325	334.871497	24.339037	10.857302	-1	###FLOW###
4	27	15	0	0	0	522.847325	334.871497	24.339037	10.857302	-1	###LINE###
5	27	15	0	0	0	522.85	334.87	24.34	10.86	100	1,014
3	27	16	0	0	0	244.803559	350.592352	52.327430	10.857302	-1	###FLOW###
4	27	16	0	0	0	244.803559	350.592352	52.327430	10.857302	-1	###LINE###
5	27	16	0	0	0	244.80	350.59	23.10	10.86	100	Total
5	27	16	0	0	1	270.65	350.59	26.48	10.86	100	Votes
3	27	17	0	0	0	414.846432	350.592352	24.339037	10.857302	-1	###FLOW###
4	27	17	0	0	0	414.846432	350.592352	24.339037	10.857302	-1	###LINE###
5	27	17	0	0	0	414.85	350.59	24.34	10.86	100	1,019
3	27	18	0	0	0	522.848326	350.592352	24.339037	10.857302	-1	###FLOW###
4	27	18	0	0	0	522.848326	350.592352	24.339037	10.857302	-1	###LINE###
5	27	18	0	0	0	522.85	350.59	24.34	10.86	100	1,014
1	28	0	0	0	0	0.000000	0.000000	792.000000	612.000000	-1	###PAGE###
3	28	0	0	0	0	35.999994	54.115290	161.658823	13.404001	-1	###FLOW###
4	28	0	0	0	0	35.999994	54.115290	161.658823	13.404001	-1	###LINE###
5	28	0	0	0	0	36.00	54.12	89.57	13.40	100	Commonwealth
5	28	0	0	0	1	128.96	54.12	11.33	13.40	100	of
5	28	0	0	0	2	143.60	54.12	54.05	13.40	100	Kentucky
3	28	1	0	0	0	289.919964	54.115290	211.964694	13.404001	-1	###FLOW###
4	28	1	0	0	0	289.919964	54.115290	211.964694	13.404001	-1	###LINE###
5	28	1	0	0	0	289.92	54.12	44.03	13.40	100	Michael
5	28	1	0	0	1	337.40	54.12	12.66	13.40	100	G.
5	28	1	0	0	2	353.48	54.12	43.01	13.40	100	Adams,
5	28	1	0	0	3	399.93	54.12	54.90	13.40	100	Secretary
5	28	1	0	0	4	457.89	54.12	11.33	13.40	100	of
5	28	1	0	0	5	472.52	54.12	29.36	13.40	100	State
3	28	2	0	0	0	584.279905	54.115290	171.619073	13.404001	-1	###FLOW###
4	28	2	0	0	0	584.279905	54.115290	171.619073	13.404001	-1	###LINE###
5	28	2	0	0	0	584.28	54.12	26.72	13.40	100	2024
5	28	2	0	0	1	614.49	54.12	44.86	13.40	100	Primary
5	28	2	0	0	2	662.36	54.12	46.82	13.40	100	Election
5	28	2	0	0	3	712.53	54.12	43.37	13.40	100	Results
3	28	3	0	0	0	316.799961	111.955306	158.210582	41.003991	-1	###FLOW###
4	28	3	0	0	0	336.599963	111.955306	118.754055	13.404001	-1	###LINE###
5	28	3	0	0	0	336.60	111.96	29.36	13.40	100	State
5	28	3	0	0	1	369.32	111.96	86.04	13.40	100	Representative
4	28	3	0	1	0	316.799961	125.755316	158.210582	13.404001	-1	###LINE###
5	28	3	0	1	0	316.80	125.76	24.04	13.40	100	41st
5	28	3	0	1	1	344.24	125.76	86.04	13.40	100	Representative
5	28	3	0	1	2	433.64	125.76	41.37	13.40	100	District
4	28	3	0	2	0	346.679950	139.555296	98.881614	13.404001	-1	###LINE###
5	28	3	0	2	0	346.68	139.56	65.41	13.40	100	Democratic
5	28	3	0	2	1	415.52	139.56	30.04	13.40	100	Party
3	28	3	1	0	0	395.399950	164.364412	43.861982	22.017245	-1	###FLOW###
4	28	3	1	0	0	398.879937	164.364412	40.280618	10.857240	-1	###LINE###
5	28	3	1	0	0	398.88	164.36	21.62	10.86	100	Mary
5	28	3	1	0	1	422.93	164.36	16.23	10.86	100	Lou
4	28	3	1	1	0	395.399950	175.524417	43.861982	10.857240	-1	###LINE###
5	28	3	1	1	0	395.40	175.52	43.86	10.86	100	MARZIAN
3	28	4	0	0	0	486.719944	164.364412	60.543083	22.017245	-1	###FLOW###
4	28	4	0	0	0	486.719944	164.364412	60.396597	10.857240	-1	###LINE###
5	28	4	0	0	0	486.72	164.36	31.87	10.86	100	William
5	28	4	0	0	1	521.21	164.36	25.91	10.86	100	"Rick"
4	28	4	0	1	0	512.519899	175.524417	34.743128	10.857240	-1	###LINE###
5	28	4	0	1	0	512.52	175.52	34.74	10.86	100	ADAMS
3	28	5	0	0	0	244.799973	191.124398	40.212494	10.857240	-1	###FLOW###
4	28	5	0	0	0	244.799973	191.124398	40.212494	10.857240	-1	###LINE###
5	28	5	0	0	0	244.80	191.12	40.21	10.86	100	Jefferson
3	28	6	0	0	0	414.839947	191.124398	24.339653	10.857240	-1	###FLOW###
4	28	6	0	0	0	414.839947	191.124398	24.339653	10.857240	-1	###LINE###
5	28	6	0	0	0	414.84	191.12	24.34	10.86	100	4,946
3	28	7	0	0	0	522.839930	191.124398	24.339653	10.857240	-1	###FLOW###
4	28	7	0	0	0	522.839930	191.124398	24.339653	10.857240	-1	###LINE###
5	28	7	0	0	0	522.84	191.12	24.34	10.86	100	2,034
3	28	8	0	0	0	244.799973	206.844407	52.328795	10.857240	-1	###FLOW###
4	28	8	0	0	0	244.799973	206.844407	52.328795	10.857240	-1	###LINE###
5	28	8	0	0	0	244.80	206.84	23.10	10.86	100	Total
5	28	8	0	0	1	270.65	206.84	26.48	10.86	100	Votes
3	28	9	0	0	0	414.839947	206.844407	24.339653	10.857240	-1	###FLOW###
4	28	9	0	0	0	414.839947	206.844407	24.339653	10.857240	-1	###LINE###
5	28	9	0	0	0	414.84	206.84	24.34	10.86	100	4,946
3	28	10	0	0	0	522.839930	206.844407	24.339653	10.857240	-1	###FLOW###
4	28	10	0	0	0	522.839930	206.844407	24.339653	10.857240	-1	###LINE###
5	28	10	0	0	0	522.84	206.84	24.34	10.86	100	2,034
3	28	11	0	0	0	314.879951	255.715281	162.163444	41.003991	-1	###FLOW###
4	28	11	0	0	0	336.599963	255.715281	118.754055	13.404001	-1	###LINE###
5	28	11	0	0	0	336.60	255.72	29.36	13.40	100	State
5	28	11	0	0	1	369.32	255.72	86.04	13.40	100	Representative
4	28	11	0	1	0	314.879951	269.515261	162.163444	13.404001	-1	###LINE###
5	28	11	0	1	0	314.88	269.52	28.02	13.40	100	42nd
5	28	11	0	1	1	346.29	269.52	86.03	13.40	100	Representative
5	28	11	0	1	2	435.68	269.52	41.37	13.40	100	District
4	28	11	0	2	0	346.679950	283.315271	98.881614	13.404001	-1	###LINE###
5	28	11	0	2	0	346.68	283.32	65.41	13.40	100	Democratic
5	28	11	0	2	1	415.52	283.32	30.04	13.40	100	Party
3	28	11	1	0	0	340.319962	308.124387	44.874107	22.017245	-1	###FLOW###
4	28	11	1	0	0	353.759946	308.124387	31.375867	10.857240	-1	###LINE###
5	28	11	1	0	0	353.76	308.12	31.38	10.86	100	Joshua
4	28	11	1	1	0	340.319962	319.284392	44.874107	10.857240	-1	###LINE###
5	28	11	1	1	0	340.32	319.28	44.87	10.86	100	WATKINS
3	28	12	0	0	0	421.559939	308.124387	71.695412	22.017245	-1	###FLOW###
4	28	12	0	0	0	453.119926	308.124387	40.027587	10.857240	-1	###LINE###
5	28	12	0	0	0	453.12	308.12	40.03	10.86	100	Jonathan
4	28	12	0	1	0	421.559939	319.284392	71.695412	10.857240	-1	###LINE###
5	28	12	0	1	0	421.56	319.28	71.70	10.86	100	MUSSELWHITE
3	28	13	0	0	0	559.079937	308.124387	42.178352	22.017245	-1	###FLOW###
4	28	13	0	0	0	566.279893	308.124387	34.850179	10.857240	-1	###LINE###
5	28	13	0	0	0	566.28	308.12	19.80	10.86	100	Jack
5	28	13	0	0	1	588.65	308.12	12.48	10.86	100	W.
4	28	13	0	1	0	559.079937	319.284392	42.178352	10.857240	-1	###LINE###
5	28	13	0	1	0	559.08	319.28	42.18	10.86	100	WALKER
3	28	14	0	0	0	190.799966	334.884404	40.212494	10.857240	-1	###FLOW###
4	28	14	0	0	0	190.799966	334.884404	40.212494	10.857240	-1	###LINE###
5	28	14	0	0	0	190.80	334.88	40.21	10.86	100	Jefferson
3	28	15	0	0	0	360.839941	334.884404	24.339653	10.857240	-1	###FLOW###
4	28	15	0	0	0	360.839941	334.884404	24.339653	10.857240	-1	###LINE###
5	28	15	0	0	0	360.84	334.88	24.34	10.86	100	2,103
3	28	16	0	0	0	476.999931	334.884404	16.232924	10.857240	-1	###FLOW###
4	28	16	0	0	0	476.999931	334.884404	16.232924	10.857240	-1	###LINE###
5	28	16	0	0	0	477.00	334.88	16.23	10.86	100	951
3	28	17	0	0	0	584.999913	334.884404	16.232924	10.857240	-1	###FLOW###
4	28	17	0	0	0	584.999913	334.884404	16.232924	10.857240	-1	###LINE###
5	28	17	0	0	0	585.00	334.88	16.23	10.86	100	914
3	28	18	0	0	0	190.799966	350.604398	52.328795	10.857240	-1	###FLOW###
4	28	18	0	0	0	190.799966	350.604398	52.328795	10.857240	-1	###LINE###
5	28	18	0	0	0	190.80	350.60	23.10	10.86	100	Total
5	28	18	0	0	1	216.65	350.60	26.48	10.86	100	Votes
3	28	19	0	0	0	360.839941	350.604398	24.339653	10.857240	-1	###FLOW###
4	28	19	0	0	0	360.839941	350.604398	24.339653	10.857240	-1	###LINE###
5	28	19	0	0	0	360.84	350.60	24.34	10.86	100	2,103
3	28	20	0	0	0	476.999931	350.604398	16.232924	10.857240	-1	###FLOW###
4	28	20	0	0	0	476.999931	350.604398	16.232924	10.857240	-1	###LINE###
5	28	20	0	0	0	477.00	350.60	16.23	10.86	100	951
3	28	21	0	0	0	584.999913	350.604398	16.232924	10.857240	-1	###FLOW###
4	28	21	0	0	0	584.999913	350.604398	16.232924	10.857240	-1	###LINE###
5	28	21	0	0	0	585.00	350.60	16.23	10.86	100	914
3	28	22	0	0	0	294.479963	451.884378	90.779803	22.017244	-1	###FLOW###
4	28	22	0	0	0	340.439953	451.884378	44.689200	10.857240	-1	###LINE###
5	28	22	0	0	0	340.44	451.88	32.44	10.86	100	Beverly
5	28	22	0	0	1	375.41	451.88	9.72	10.86	100	D.
4	28	22	0	1	0	294.479963	463.044382	90.779803	10.857240	-1	###LINE###
5	28	22	0	1	0	294.48	463.04	90.78	10.86	100	CHESTER-BURTON
3	28	23	0	0	0	449.999943	451.884378	43.258600	22.017244	-1	###FLOW###
4	28	23	0	0	0	459.119940	451.884378	34.061890	10.857240	-1	###LINE###
5	28	23	0	0	0	459.12	451.88	34.06	10.86	100	Shreeta
4	28	23	0	1	0	449.999943	463.044382	43.258600	10.857240	-1	###LINE###
5	28	23	0	1	0	450.00	463.04	43.26	10.86	100	WALDON
3	28	24	0	0	0	530.639903	451.884378	70.669693	22.017244	-1	###FLOW###
4	28	24	0	0	0	530.639903	451.884378	70.566504	10.857240	-1	###LINE###
5	28	24	0	0	0	530.64	451.88	27.48	10.86	100	Daniel
5	28	24	0	0	1	560.81	451.88	40.40	10.86	100	Deshawn
4	28	24	0	1	0	547.559934	463.044382	53.749662	10.857240	-1	###LINE###
5	28	24	0	1	0	547.56	463.04	53.75	10.86	100	COCKRELL
3	28	25	0	0	0	190.799966	478.644395	40.212494	10.857240	-1	###FLOW###
4	28	25	0	0	0	190.799966	478.644395	40.212494	10.857240	-1	###LINE###
5	28	25	0	0	0	190.80	478.64	40.21	10.86	100	Jefferson
3	28	26	0	0	0	360.839941	478.644395	24.339653	10.857240	-1	###FLOW###
4	28	26	0	0	0	360.839941	478.644395	24.339653	10.857240	-1	###LINE###
5	28	26	0	0	0	360.84	478.64	24.34	10.86	100	1,646
3	28	27	0	0	0	476.999931	478.644395	16.232924	10.857240	-1	###FLOW###
4	28	27	0	0	0	476.999931	478.644395	16.232924	10.857240	-1	###LINE###
5	28	27	0	0	0	477.00	478.64	16.23	10.86	100	918
3	28	28	0	0	0	584.999913	478.644395	16.232924	10.857240	-1	###FLOW###
4	28	28	0	0	0	584.999913	478.644395	16.232924	10.857240	-1	###LINE###
5	28	28	0	0	0	585.00	478.64	16.23	10.86	100	684
3	28	29	0	0	0	190.799966	494.364404	52.328795	10.857240	-1	###FLOW###
4	28	29	0	0	0	190.799966	494.364404	52.328795	10.857240	-1	###LINE###
5	28	29	0	0	0	190.80	494.36	23.10	10.86	100	Total
5	28	29	0	0	1	216.65	494.36	26.48	10.86	100	Votes
3	28	30	0	0	0	360.839941	494.364404	24.339653	10.857240	-1	###FLOW###
4	28	30	0	0	0	360.839941	494.364404	24.339653	10.857240	-1	###LINE###
5	28	30	0	0	0	360.84	494.36	24.34	10.86	100	1,646
3	28	31	0	0	0	476.999931	494.364404	16.232924	10.857240	-1	###FLOW###
4	28	31	0	0	0	476.999931	494.364404	16.232924	10.857240	-1	###LINE###
5	28	31	0	0	0	477.00	494.36	16.23	10.86	100	918
3	28	32	0	0	0	584.999913	494.364404	16.232924	10.857240	-1	###FLOW###
4	28	32	0	0	0	584.999913	494.364404	16.232924	10.857240	-1	###LINE###
5	28	32	0	0	0	585.00	494.36	16.23	10.86	100	684
3	28	33	0	0	0	316.559949	399.475288	158.811321	41.003991	-1	###FLOW###
4	28	33	0	0	0	336.599963	399.475288	118.754055	13.404001	-1	###LINE###
5	28	33	0	0	0	336.60	399.48	29.36	13.40	100	State
5	28	33	0	0	1	369.32	399.48	86.04	13.40	100	Representative
4	28	33	0	1	0	316.559949	413.275298	158.811321	13.404001	-1	###LINE###
5	28	33	0	1	0	316.56	413.28	24.69	13.40	100	44th
5	28	33	0	1	1	344.60	413.28	86.03	13.40	100	Representative
5	28	33	0	1	2	434.00	413.28	41.37	13.40	100	District
4	28	33	0	2	0	346.679950	427.075277	98.881614	13.404001	-1	###LINE###
5	28	33	0	2	0	346.68	427.08	65.41	13.40	100	Democratic
5	28	33	0	2	1	415.52	427.08	30.04	13.40	100	Party
1	29	0	0	0	0	0.000000	0.000000	792.000000	612.000000	-1	###PAGE###
3	29	0	0	0	0	35.999994	54.115290	161.658823	13.404001	-1	###FLOW###
4	29	0	0	0	0	35.999994	54.115290	161.658823	13.404001	-1	###LINE###
5	29	0	0	0	0	36.00	54.12	89.57	13.40	100	Commonwealth
5	29	0	0	0	1	128.96	54.12	11.33	13.40	100	of
5	29	0	0	0	2	143.60	54.12	54.05	13.40	100	Kentucky
3	29	1	0	0	0	289.919964	54.115290	211.964694	13.404001	-1	###FLOW###
4	29	1	0	0	0	289.919964	54.115290	211.964694	13.404001	-1	###LINE###
5	29	1	0	0	0	289.92	54.12	44.03	13.40	100	Michael
5	29	1	0	0	1	337.40	54.12	12.66	13.40	100	G.
5	29	1	0	0	2	353.48	54.12	43.01	13.40	100	Adams,
5	29	1	0	0	3	399.93	54.12	54.90	13.40	100	Secretary
5	29	1	0	0	4	457.89	54.12	11.33	13.40	100	of
5	29	1	0	0	5	472.52	54.12	29.36	13.40	100	State
3	29	2	0	0	0	584.279905	54.115290	171.619073	13.404001	-1	###FLOW###
4	29	2	0	0	0	584.279905	54.115290	171.619073	13.404001	-1	###LINE###
5	29	2	0	0	0	584.28	54.12	26.72	13.40	100	2024
5	29	2	0	0	1	614.49	54.12	44.86	13.40	100	Primary
5	29	2	0	0	2	662.36	54.12	46.82	13.40	100	Election
5	29	2	0	0	3	712.53	54.12	43.37	13.40	100	Results
3	29	3	0	0	0	316.559949	111.955306	158.811321	41.003991	-1	###FLOW###
4	29	3	0	0	0	336.599963	111.955306	118.754055	13.404001	-1	###LINE###
5	29	3	0	0	0	336.60	111.96	29.36	13.40	100	State
5	29	3	0	0	1	369.32	111.96	86.04	13.40	100	Representative
4	29	3	0	1	0	316.559949	125.755316	158.811321	13.404001	-1	###LINE###
5	29	3	0	1	0	316.56	125.76	24.69	13.40	100	45th
5	29	3	0	1	1	344.60	125.76	86.03	13.40	100	Representative
5	29	3	0	1	2	434.00	125.76	41.37	13.40	100	District
4	29	3	0	2	0	347.039954	139.555296	98.280875	13.404001	-1	###LINE###
5	29	3	0	2	0	347.04	139.56	64.81	13.40	100	Republican
5	29	3	0	2	1	415.16	139.56	30.16	13.40	100	Party
3	29	3	1	0	0	381.119938	164.364412	58.216636	22.017245	-1	###FLOW###
4	29	3	1	0	0	404.039953	164.364412	35.142138	10.857240	-1	###LINE###
5	29	3	1	0	0	404.04	164.36	35.14	10.86	100	Thomas
4	29	3	1	1	0	381.119938	175.524417	58.216636	10.857240	-1	###LINE###
5	29	3	1	1	0	381.12	175.52	58.22	10.86	100	JEFFERSON
3	29	4	0	0	0	503.159920	164.364412	44.153941	22.017245	-1	###FLOW###
4	29	4	0	0	0	521.279923	164.364412	25.945428	10.857240	-1	###LINE###
5	29	4	0	0	0	521.28	164.36	25.95	10.86	100	Killian
4	29	4	0	1	0	503.159920	175.524417	44.153941	10.857240	-1	###LINE###
5	29	4	0	1	0	503.16	175.52	44.15	10.86	100	TIMONEY
3	29	5	0	0	0	414.839947	191.124398	24.339653	10.857240	-1	###FLOW###
4	29	5	0	0	0	414.839947	191.124398	24.339653	10.857240	-1	###LINE###
5	29	5	0	0	0	414.84	191.12	24.34	10.86	100	2,241
3	29	6	0	0	0	530.999937	191.124398	16.232924	10.857240	-1	###FLOW###
4	29	6	0	0	0	530.999937	191.124398	16.232924	10.857240	-1	###LINE###
5	29	6	0	0	0	531.00	191.12	16.23	10.86	100	948
3	29	7	0	0	0	244.799973	206.604415	46.655057	10.857240	-1	###FLOW###
4	29	7	0	0	0	244.799973	206.604415	46.655057	10.857240	-1	###LINE###
5	29	7	0	0	0	244.80	206.60	46.66	10.86	100	Jessamine
3	29	8	0	0	0	422.999924	206.604415	16.232924	10.857240	-1	###FLOW###
4	29	8	0	0	0	422.999924	206.604415	16.232924	10.857240	-1	###LINE###
5	29	8	0	0	0	423.00	206.60	16.23	10.86	100	532
3	29	9	0	0	0	530.999937	206.604415	16.232924	10.857240	-1	###FLOW###
4	29	9	0	0	0	530.999937	206.604415	16.232924	10.857240	-1	###LINE###
5	29	9	0	0	0	531.00	206.60	16.23	10.86	100	124
3	29	10	0	0	0	244.799973	222.324393	52.328795	10.857240	-1	###FLOW###
4	29	10	0	0	0	244.799973	222.324393	52.328795	10.857240	-1	###LINE###
5	29	10	0	0	0	244.80	222.32	23.10	10.86	100	Total
5	29	10	0	0	1	270.65	222.32	26.48	10.86	100	Votes
3	29	11	0	0	0	414.839947	222.324393	24.339653	10.857240	-1	###FLOW###
4	29	11	0	0	0	414.839947	222.324393	24.339653	10.857240	-1	###LINE###
5	29	11	0	0	0	414.84	222.32	24.34	10.86	100	2,773
3	29	12	0	0	0	522.839930	222.324393	24.339653	10.857240	-1	###FLOW###
4	29	12	0	0	0	522.839930	222.324393	24.339653	10.857240	-1	###LINE###
5	29	12	0	0	0	522.84	222.32	24.34	10.86	100	1,072
3	29	13	0	0	0	244.799973	191.124398	32.290672	10.857240	-1	###FLOW###
4	29	13	0	0	0	244.799973	191.124398	32.290672	10.857240	-1	###LINE###
5	29	13	0	0	0	244.80	191.12	32.29	10.86	100	Fayette
3	29	14	0	0	0	316.559949	271.075272	158.811321	41.004021	-1	###FLOW###
4	29	14	0	0	0	336.599963	271.075272	118.754055	13.404001	-1	###LINE###
5	29	14	0	0	0	336.60	271.08	29.36	13.40	100	State
5	29	14	0	0	1	369.32	271.08	86.04	13.40	100	Representative
4	29	14	0	1	0	316.559949	284.875281	158.811321	13.404001	-1	###LINE###
5	29	14	0	1	0	316.56	284.88	24.69	13.40	100	47th
5	29	14	0	1	1	344.60	284.88	86.03	13.40	100	Representative
5	29	14	0	1	2	434.00	284.88	41.37	13.40	100	District
4	29	14	0	2	0	347.039954	298.675291	98.280875	13.404001	-1	###LINE###
5	29	14	0	2	0	347.04	298.68	64.81	13.40	100	Republican
5	29	14	0	2	1	415.16	298.68	30.16	13.40	100	Party
3	29	14	1	0	0	390.239935	323.484378	49.088049	22.017275	-1	###FLOW###
4	29	14	1	0	0	411.119948	323.484378	28.105925	10.857240	-1	###LINE###
5	29	14	1	0	0	411.12	323.48	28.11	10.86	100	Felicia
4	29	14	1	1	0	390.239935	334.644412	49.088049	10.857240	-1	###LINE###
5	29	14	1	1	0	390.24	334.64	49.09	10.86	100	RABOURN
3	29	15	0	0	0	500.279919	323.484378	46.985944	22.017275	-1	###FLOW###
4	29	15	0	0	0	511.319927	323.484378	35.872036	10.857240	-1	###LINE###
5	29	15	0	0	0	511.32	323.48	21.30	10.86	100	Mark
5	29	15	0	0	1	538.01	323.48	9.18	10.86	100	A.
4	29	15	0	1	0	500.279919	334.644412	46.985944	10.857240	-1	###LINE###
5	29	15	0	1	0	500.28	334.64	46.99	10.86	100	GILKISON
3	29	16	0	0	0	244.799973	350.244379	28.553596	10.857240	-1	###FLOW###
4	29	16	0	0	0	244.799973	350.244379	28.553596	10.857240	-1	###LINE###
5	29	16	0	0	0	244.80	350.24	28.55	10.86	100	Carroll
3	29	17	0	0	0	422.999924	350.244379	16.232924	10.857240	-1	###FLOW###
4	29	17	0	0	0	422.999924	350.244379	16.232924	10.857240	-1	###LINE###
5	29	17	0	0	0	423.00	350.24	16.23	10.86	100	258
3	29	18	0	0	0	530.999937	350.244379	16.232924	10.857240	-1	###FLOW###
4	29	18	0	0	0	530.999937	350.244379	16.232924	10.857240	-1	###LINE###
5	29	18	0	0	0	531.00	350.24	16.23	10.86	100	166
3	29	19	0	0	0	244.799973	365.724365	25.857840	10.857240	-1	###FLOW###
4	29	19	0	0	0	244.799973	365.724365	25.857840	10.857240	-1	###LINE###
5	29	19	0	0	0	244.80	365.72	25.86	10.86	100	Henry
3	29	20	0	0	0	422.999924	365.724365	16.232924	10.857240	-1	###FLOW###
4	29	20	0	0	0	422.999924	365.724365	16.232924	10.857240	-1	###LINE###
5	29	20	0	0	0	423.00	365.72	16.23	10.86	100	847
3	29	21	0	0	0	530.999937	365.724365	16.232924	10.857240	-1	###FLOW###
4	29	21	0	0	0	530.999937	365.724365	16.232924	10.857240	-1	###LINE###
5	29	21	0	0	0	531.00	365.72	16.23	10.86	100	748
3	29	22	0	0	0	244.799973	381.204382	25.215531	10.857240	-1	###FLOW###
4	29	22	0	0	0	244.799973	381.204382	25.215531	10.857240	-1	###LINE###
5	29	22	0	0	0	244.80	381.20	25.22	10.86	100	Owen
3	29	23	0	0	0	422.999924	381.204382	16.232924	10.857240	-1	###FLOW###
4	29	23	0	0	0	422.999924	381.204382	16.232924	10.857240	-1	###LINE###
5	29	23	0	0	0	423.00	381.20	16.23	10.86	100	614
3	29	24	0	0	0	530.999937	381.204382	16.232924	10.857240	-1	###FLOW###
4	29	24	0	0	0	530.999937	381.204382	16.232924	10.857240	-1	###LINE###
5	29	24	0	0	0	531.00	381.20	16.23	10.86	100	346
3	29	25	0	0	0	244.799973	396.564372	32.426919	10.857240	-1	###FLOW###
4	29	25	0	0	0	244.799973	396.564372	32.426919	10.857240	-1	###LINE###
5	29	25	0	0	0	244.80	396.56	32.43	10.86	100	Trimble
3	29	26	0	0	0	422.999924	396.564372	16.232924	10.857240	-1	###FLOW###
4	29	26	0	0	0	422.999924	396.564372	16.232924	10.857240	-1	###LINE###
5	29	26	0	0	0	423.00	396.56	16.23	10.86	100	310
3	29	27	0	0	0	530.999937	396.564372	16.232924	10.857240	-1	###FLOW###
4	29	27	0	0	0	530.999937	396.564372	16.232924	10.857240	-1	###LINE###
5	29	27	0	0	0	531.00	396.56	16.23	10.86	100	258
3	29	28	0	0	0	414.839947	412.284381	24.339653	10.857240	-1	###FLOW###
4	29	28	0	0	0	414.839947	412.284381	24.339653	10.857240	-1	###LINE###
5	29	28	0	0	0	414.84	412.28	24.34	10.86	100	2,029
3	29	29	0	0	0	522.839930	412.284381	24.339653	10.857240	-1	###FLOW###
4	29	29	0	0	0	522.839930	412.284381	24.339653	10.857240	-1	###LINE###
5	29	29	0	0	0	522.84	412.28	24.34	10.86	100	1,518
3	29	30	0	0	0	244.799973	412.284381	52.328795	10.857240	-1	###FLOW###
4	29	30	0	0	0	244.799973	412.284381	52.328795	10.857240	-1	###LINE###
5	29	30	0	0	0	244.80	412.28	23.10	10.86	100	Total
5	29	30	0	0	1	270.65	412.28	26.48	10.86	100	Votes
1	30	0	0	0	0	0.000000	0.000000	792.000000	612.000000	-1	###PAGE###
3	30	0	0	0	0	35.999994	54.115290	161.658823	13.404001	-1	###FLOW###
4	30	0	0	0	0	35.999994	54.115290	161.658823	13.404001	-1	###LINE###
5	30	0	0	0	0	36.00	54.12	89.57	13.40	100	Commonwealth
5	30	0	0	0	1	128.96	54.12	11.33	13.40	100	of
5	30	0	0	0	2	143.60	54.12	54.05	13.40	100	Kentucky
3	30	1	0	0	0	289.919964	54.115290	211.964694	13.404001	-1	###FLOW###
4	30	1	0	0	0	289.919964	54.115290	211.964694	13.404001	-1	###LINE###
5	30	1	0	0	0	289.92	54.12	44.03	13.40	100	Michael
5	30	1	0	0	1	337.40	54.12	12.66	13.40	100	G.
5	30	1	0	0	2	353.48	54.12	43.01	13.40	100	Adams,
5	30	1	0	0	3	399.93	54.12	54.90	13.40	100	Secretary
5	30	1	0	0	4	457.89	54.12	11.33	13.40	100	of
5	30	1	0	0	5	472.52	54.12	29.36	13.40	100	State
3	30	2	0	0	0	584.279905	54.115290	171.619073	13.404001	-1	###FLOW###
4	30	2	0	0	0	584.279905	54.115290	171.619073	13.404001	-1	###LINE###
5	30	2	0	0	0	584.28	54.12	26.72	13.40	100	2024
5	30	2	0	0	1	614.49	54.12	44.86	13.40	100	Primary
5	30	2	0	0	2	662.36	54.12	46.82	13.40	100	Election
5	30	2	0	0	3	712.53	54.12	43.37	13.40	100	Results
3	30	3	0	0	0	316.559949	111.955306	158.811321	41.003991	-1	###FLOW###
4	30	3	0	0	0	336.599963	111.955306	118.754055	13.404001	-1	###LINE###
5	30	3	0	0	0	336.60	111.96	29.36	13.40	100	State
5	30	3	0	0	1	369.32	111.96	86.04	13.40	100	Representative
4	30	3	0	1	0	316.559949	125.755316	158.811321	13.404001	-1	###LINE###
5	30	3	0	1	0	316.56	125.76	24.69	13.40	100	48th
5	30	3	0	1	1	344.60	125.76	86.03	13.40	100	Representative
5	30	3	0	1	2	434.00	125.76	41.37	13.40	100	District
4	30	3	0	2	0	346.679950	139.555296	98.881614	13.404001	-1	###LINE###
5	30	3	0	2	0	346.68	139.56	65.41	13.40	100	Democratic
5	30	3	0	2	1	415.52	139.56	30.04	13.40	100	Party
3	30	3	1	0	0	395.999936	164.364412	43.159193	22.017245	-1	###FLOW###
4	30	3	1	0	0	419.159933	164.364412	19.999195	10.857240	-1	###LINE###
5	30	3	1	0	0	419.16	164.36	20.00	10.86	100	Kate
4	30	3	1	1	0	395.999936	175.524417	43.132085	10.857240	-1	###LINE###
5	30	3	1	1	0	396.00	175.52	43.13	10.86	100	FARROW
3	30	4	0	0	0	491.759938	164.364412	55.501417	22.017245	-1	###FLOW###
4	30	4	0	0	0	516.479912	164.364412	30.733557	10.857240	-1	###LINE###
5	30	4	0	0	0	516.48	164.36	30.73	10.86	100	Debbie
4	30	4	0	1	0	491.759938	175.524417	55.501417	10.857240	-1	###LINE###
5	30	4	0	1	0	491.76	175.52	55.50	10.86	100	WESSLUND
3	30	5	0	0	0	244.799973	191.124398	40.212494	10.857240	-1	###FLOW###
4	30	5	0	0	0	244.799973	191.124398	40.212494	10.857240	-1	###LINE###
5	30	5	0	0	0	244.80	191.12	40.21	10.86	100	Jefferson
3	30	6	0	0	0	414.839947	191.124398	24.339653	10.857240	-1	###FLOW###
4	30	6	0	0	0	414.839947	191.124398	24.339653	10.857240	-1	###LINE###
5	30	6	0	0	0	414.84	191.12	24.34	10.86	100	1,670
3	30	7	0	0	0	522.839930	191.124398	24.339653	10.857240	-1	###FLOW###
4	30	7	0	0	0	522.839930	191.124398	24.339653	10.857240	-1	###LINE###
5	30	7	0	0	0	522.84	191.12	24.34	10.86	100	1,226
3	30	8	0	0	0	244.799973	206.604415	34.061890	10.857240	-1	###FLOW###
4	30	8	0	0	0	244.799973	206.604415	34.061890	10.857240	-1	###LINE###
5	30	8	0	0	0	244.80	206.60	34.06	10.86	100	Oldham
3	30	9	0	0	0	422.999924	206.604415	16.232924	10.857240	-1	###FLOW###
4	30	9	0	0	0	422.999924	206.604415	16.232924	10.857240	-1	###LINE###
5	30	9	0	0	0	423.00	206.60	16.23	10.86	100	242
3	30	10	0	0	0	536.399904	206.604415	10.821949	10.857240	-1	###FLOW###
4	30	10	0	0	0	536.399904	206.604415	10.821949	10.857240	-1	###LINE###
5	30	10	0	0	0	536.40	206.60	10.82	10.86	100	97
3	30	11	0	0	0	414.839947	222.324393	24.339653	10.857240	-1	###FLOW###
4	30	11	0	0	0	414.839947	222.324393	24.339653	10.857240	-1	###LINE###
5	30	11	0	0	0	414.84	222.32	24.34	10.86	100	1,912
3	30	12	0	0	0	522.839930	222.324393	24.339653	10.857240	-1	###FLOW###
4	30	12	0	0	0	522.839930	222.324393	24.339653	10.857240	-1	###LINE###
5	30	12	0	0	0	522.84	222.32	24.34	10.86	100	1,323
3	30	13	0	0	0	244.799973	222.324393	52.328795	10.857240	-1	###FLOW###
4	30	13	0	0	0	244.799973	222.324393	52.328795	10.857240	-1	###LINE###
5	30	13	0	0	0	244.80	222.32	23.10	10.86	100	Total
5	30	13	0	0	1	270.65	222.32	26.48	10.86	100	Votes
3	30	14	0	0	0	316.559949	271.075272	158.811321	41.004021	-1	###FLOW###
4	30	14	0	0	0	336.599963	271.075272	118.754055	13.404001	-1	###LINE###
5	30	14	0	0	0	336.60	271.08	29.36	13.40	100	State
5	30	14	0	0	1	369.32	271.08	86.04	13.40	100	Representative
4	30	14	0	1	0	316.559949	284.875281	158.811321	13.404001	-1	###LINE###
5	30	14	0	1	0	316.56	284.88	24.69	13.40	100	49th
5	30	14	0	1	1	344.60	284.88	86.03	13.40	100	Representative
5	30	14	0	1	2	434.00	284.88	41.37	13.40	100	District
4	30	14	0	2	0	347.039954	298.675291	98.280875	13.404001	-1	###LINE###
5	30	14	0	2	0	347.04	298.68	64.81	13.40	100	Republican
5	30	14	0	2	1	415.16	298.68	30.16	13.40	100	Party
3	30	14	1	0	0	404.039953	323.484378	35.269717	22.017275	-1	###FLOW###
4	30	14	1	0	0	404.039953	323.484378	35.142138	10.857240	-1	###LINE###
5	30	14	1	0	0	404.04	323.48	35.14	10.86	100	Thomas
4	30	14	1	1	0	413.519953	334.644412	25.789717	10.857240	-1	###LINE###
5	30	14	1	1	0	413.52	334.64	25.79	10.86	100	HUFF
3	30	15	0	0	0	506.279933	323.484378	40.992194	22.017275	-1	###FLOW###
4	30	15	0	0	0	515.399930	323.484378	31.872197	10.857240	-1	###LINE###
5	30	15	0	0	0	515.40	323.48	31.87	10.86	100	William
4	30	15	0	1	0	506.279933	334.644412	40.981320	10.857240	-1	###LINE###
5	30	15	0	1	0	506.28	334.64	40.98	10.86	100	HARNED
3	30	16	0	0	0	244.799973	350.244379	23.765467	10.857240	-1	###FLOW###
4	30	16	0	0	0	244.799973	350.244379	23.765467	10.857240	-1	###LINE###
5	30	16	0	0	0	244.80	350.24	23.77	10.86	100	Bullitt
3	30	17	0	0	0	414.839947	350.244379	24.339653	10.857240	-1	###FLOW###
4	30	17	0	0	0	414.839947	350.244379	24.339653	10.857240	-1	###LINE###
5	30	17	0	0	0	414.84	350.24	24.34	10.86	100	1,955
3	30	18	0	0	0	530.999937	350.244379	16.232924	10.857240	-1	###FLOW###
4	30	18	0	0	0	530.999937	350.244379	16.232924	10.857240	-1	###LINE###
5	30	18	0	0	0	531.00	350.24	16.23	10.86	100	647
3	30	19	0	0	0	244.799973	365.964388	52.328795	10.857240	-1	###FLOW###
4	30	19	0	0	0	244.799973	365.964388	52.328795	10.857240	-1	###LINE###
5	30	19	0	0	0	244.80	365.96	23.10	10.86	100	Total
5	30	19	0	0	1	270.65	365.96	26.48	10.86	100	Votes
3	30	20	0	0	0	414.839947	365.964388	24.339653	10.857240	-1	###FLOW###
4	30	20	0	0	0	414.839947	365.964388	24.339653	10.857240	-1	###LINE###
5	30	20	0	0	0	414.84	365.96	24.34	10.86	100	1,955
3	30	21	0	0	0	530.999937	365.964388	16.232924	10.857240	-1	###FLOW###
4	30	21	0	0	0	530.999937	365.964388	16.232924	10.857240	-1	###LINE###
5	30	21	0	0	0	531.00	365.96	16.23	10.86	100	647
3	30	22	0	0	0	316.559949	414.955274	158.811321	41.004021	-1	###FLOW###
4	30	22	0	0	0	336.599963	414.955274	118.754055	13.404001	-1	###LINE###
5	30	22	0	0	0	336.60	414.96	29.36	13.40	100	State
5	30	22	0	0	1	369.32	414.96	86.04	13.40	100	Representative
4	30	22	0	1	0	316.559949	428.755284	158.811321	13.404001	-1	###LINE###
5	30	22	0	1	0	316.56	428.76	24.69	13.40	100	50th
5	30	22	0	1	1	344.60	428.76	86.03	13.40	100	Representative
5	30	22	0	1	2	434.00	428.76	41.37	13.40	100	District
4	30	22	0	2	0	347.039954	442.555293	98.280875	13.404001	-1	###LINE###
5	30	22	0	2	0	347.04	442.56	64.81	13.40	100	Republican
5	30	22	0	2	1	415.16	442.56	30.16	13.40	100	Party
3	30	22	1	0	0	380.759933	467.364394	58.628066	22.017245	-1	###FLOW###
4	30	22	1	0	0	411.359930	467.364394	28.028069	10.857240	-1	###LINE###
5	30	22	1	0	0	411.36	467.36	28.03	10.86	100	Candy
4	30	22	1	1	0	380.759933	478.524399	58.372347	10.857240	-1	###LINE###
5	30	22	1	1	0	380.76	478.52	58.37	10.86	100	MASSARONI
3	30	23	0	0	0	513.839924	467.364394	33.569435	22.017245	-1	###FLOW###
4	30	23	0	0	0	525.239935	467.364394	22.169424	10.857240	-1	###LINE###
5	30	23	0	0	0	525.24	467.36	22.17	10.86	100	Andy
4	30	23	0	1	0	513.839924	478.524399	33.361188	10.857240	-1	###LINE###
5	30	23	0	1	0	513.84	478.52	33.36	10.86	100	STONE
3	30	24	0	0	0	244.799973	494.124382	30.285886	10.857240	-1	###FLOW###
4	30	24	0	0	0	244.799973	494.124382	30.285886	10.857240	-1	###LINE###
5	30	24	0	0	0	244.80	494.12	30.29	10.86	100	Nelson
3	30	25	0	0	0	414.839947	494.124382	24.339653	10.857240	-1	###FLOW###
4	30	25	0	0	0	414.839947	494.124382	24.339653	10.857240	-1	###LINE###
5	30	25	0	0	0	414.84	494.12	24.34	10.86	100	2,183
3	30	26	0	0	0	522.839930	494.124382	24.339653	10.857240	-1	###FLOW###
4	30	26	0	0	0	522.839930	494.124382	24.339653	10.857240	-1	###LINE###
5	30	26	0	0	0	522.84	494.12	24.34	10.86	100	1,208
3	30	27	0	0	0	244.799973	509.844390	52.328795	10.857240	-1	###FLOW###
4	30	27	0	0	0	244.799973	509.844390	52.328795	10.857240	-1	###LINE###
5	30	27	0	0	0	244.80	509.84	23.10	10.86	100	Total
5	30	27	0	0	1	270.65	509.84	26.48	10.86	100	Votes
3	30	28	0	0	0	414.839947	509.844390	24.339653	10.857240	-1	###FLOW###
4	30	28	0	0	0	414.839947	509.844390	24.339653	10.857240	-1	###LINE###
5	30	28	0	0	0	414.84	509.84	24.34	10.86	100	2,183
3	30	29	0	0	0	522.839930	509.844390	24.339653	10.857240	-1	###FLOW###
4	30	29	0	0	0	522.839930	509.844390	24.339653	10.857240	-1	###LINE###
5	30	29	0	0	0	522.84	509.84	24.34	10.86	100	1,208
1	31	0	0	0	0	0.000000	0.000000	792.000000	612.000000	-1	###PAGE###
3	31	0	0	0	0	35.999994	54.115290	161.658823	13.404001	-1	###FLOW###
4	31	0	0	0	0	35.999994	54.115290	161.658823	13.404001	-1	###LINE###
5	31	0	0	0	0	36.00	54.12	89.57	13.40	100	Commonwealth
5	31	0	0	0	1	128.96	54.12	11.33	13.40	100	of
5	31	0	0	0	2	143.60	54.12	54.05	13.40	100	Kentucky
3	31	1	0	0	0	289.919964	54.115290	211.964694	13.404001	-1	###FLOW###
4	31	1	0	0	0	289.919964	54.115290	211.964694	13.404001	-1	###LINE###
5	31	1	0	0	0	289.92	54.12	44.03	13.40	100	Michael
5	31	1	0	0	1	337.40	54.12	12.66	13.40	100	G.
5	31	1	0	0	2	353.48	54.12	43.01	13.40	100	Adams,
5	31	1	0	0	3	399.93	54.12	54.90	13.40	100	Secretary
5	31	1	0	0	4	457.89	54.12	11.33	13.40	100	of
5	31	1	0	0	5	472.52	54.12	29.36	13.40	100	State
3	31	2	0	0	0	584.279905	54.115290	171.619073	13.404001	-1	###FLOW###
4	31	2	0	0	0	584.279905	54.115290	171.619073	13.404001	-1	###LINE###
5	31	2	0	0	0	584.28	54.12	26.72	13.40	100	2024
5	31	2	0	0	1	614.49	54.12	44.86	13.40	100	Primary
5	31	2	0	0	2	662.36	54.12	46.82	13.40	100	Election
5	31	2	0	0	3	712.53	54.12	43.37	13.40	100	Results
3	31	3	0	0	0	316.559949	111.955306	158.811321	41.003991	-1	###FLOW###
4	31	3	0	0	0	336.599963	111.955306	118.754055	13.404001	-1	###LINE###
5	31	3	0	0	0	336.60	111.96	29.36	13.40	100	State
5	31	3	0	0	1	369.32	111.96	86.04	13.40	100	Representative
4	31	3	0	1	0	316.559949	125.755316	158.811321	13.404001	-1	###LINE###
5	31	3	0	1	0	316.56	125.76	24.69	13.40	100	56th
5	31	3	0	1	1	344.60	125.76	86.03	13.40	100	Representative
5	31	3	0	1	2	434.00	125.76	41.37	13.40	100	District
4	31	3	0	2	0	346.679950	139.555296	98.881614	13.404001	-1	###LINE###
5	31	3	0	2	0	346.68	139.56	65.41	13.40	100	Democratic
5	31	3	0	2	1	415.52	139.56	30.04	13.40	100	Party
3	31	3	1	0	0	393.359948	164.364412	45.905696	22.017245	-1	###FLOW###
4	31	3	1	0	0	405.719950	164.364412	33.429312	10.857240	-1	###LINE###
5	31	3	1	0	0	405.72	164.36	33.43	10.86	100	Chantel
4	31	3	1	1	0	393.359948	175.524417	45.905696	10.857240	-1	###LINE###
5	31	3	1	1	0	393.36	175.52	45.91	10.86	100	BINGHAM
3	31	4	0	0	0	488.279920	164.364412	59.046430	22.017245	-1	###FLOW###
4	31	4	0	0	0	488.279920	164.364412	58.888142	10.857240	-1	###LINE###
5	31	4	0	0	0	488.28	164.36	30.19	10.86	100	Dencia
5	31	4	0	0	1	521.21	164.36	25.96	10.86	100	Miche
4	31	4	0	1	0	491.279944	175.524417	56.046407	10.857240	-1	###LINE###
5	31	4	0	1	0	491.28	175.52	56.05	10.86	100	BRANSCUM
3	31	5	0	0	0	244.799973	191.124398	34.597148	10.857240	-1	###FLOW###
4	31	5	0	0	0	244.799973	191.124398	34.597148	10.857240	-1	###LINE###
5	31	5	0	0	0	244.80	191.12	34.60	10.86	100	Franklin
3	31	6	0	0	0	422.999924	191.124398	16.232924	10.857240	-1	###FLOW###
4	31	6	0	0	0	422.999924	191.124398	16.232924	10.857240	-1	###LINE###
5	31	6	0	0	0	423.00	191.12	16.23	10.86	100	677
3	31	7	0	0	0	530.999937	191.124398	16.232924	10.857240	-1	###FLOW###
4	31	7	0	0	0	530.999937	191.124398	16.232924	10.857240	-1	###LINE###
5	31	7	0	0	0	531.00	191.12	16.23	10.86	100	684
3	31	8	0	0	0	244.799973	206.604415	46.655057	10.857240	-1	###FLOW###
4	31	8	0	0	0	244.799973	206.604415	46.655057	10.857240	-1	###LINE###
5	31	8	0	0	0	244.80	206.60	46.66	10.86	100	Jessamine
3	31	9	0	0	0	422.999924	206.604415	16.232924	10.857240	-1	###FLOW###
4	31	9	0	0	0	422.999924	206.604415	16.232924	10.857240	-1	###LINE###
5	31	9	0	0	0	423.00	206.60	16.23	10.86	100	104
3	31	10	0	0	0	536.399904	206.604415	10.821949	10.857240	-1	###FLOW###
4	31	10	0	0	0	536.399904	206.604415	10.821949	10.857240	-1	###LINE###
5	31	10	0	0	0	536.40	206.60	10.82	10.86	100	84
3	31	11	0	0	0	244.799973	221.964406	42.703878	10.857240	-1	###FLOW###
4	31	11	0	0	0	244.799973	221.964406	42.703878	10.857240	-1	###LINE###
5	31	11	0	0	0	244.80	221.96	42.70	10.86	100	Woodford
3	31	12	0	0	0	414.839947	221.964406	24.339653	10.857240	-1	###FLOW###
4	31	12	0	0	0	414.839947	221.964406	24.339653	10.857240	-1	###LINE###
5	31	12	0	0	0	414.84	221.96	24.34	10.86	100	1,828
3	31	13	0	0	0	530.999937	221.964406	16.232924	10.857240	-1	###FLOW###
4	31	13	0	0	0	530.999937	221.964406	16.232924	10.857240	-1	###LINE###
5	31	13	0	0	0	531.00	221.96	16.23	10.86	100	568
3	31	14	0	0	0	244.799973	237.684413	52.328795	10.857240	-1	###FLOW###
4	31	14	0	0	0	244.799973	237.684413	52.328795	10.857240	-1	###LINE###
5	31	14	0	0	0	244.80	237.68	23.10	10.86	100	Total
5	31	14	0	0	1	270.65	237.68	26.48	10.86	100	Votes
3	31	15	0	0	0	414.839947	237.684413	24.339653	10.857240	-1	###FLOW###
4	31	15	0	0	0	414.839947	237.684413	24.339653	10.857240	-1	###LINE###
5	31	15	0	0	0	414.84	237.68	24.34	10.86	100	2,609
3	31	16	0	0	0	522.839930	237.684413	24.339653	10.857240	-1	###FLOW###
4	31	16	0	0	0	522.839930	237.684413	24.339653	10.857240	-1	###LINE###
5	31	16	0	0	0	522.84	237.68	24.34	10.86	100	1,336
3	31	17	0	0	0	316.559949	286.555288	158.811321	41.003991	-1	###FLOW###
4	31	17	0	0	0	336.599963	286.555288	118.754055	13.404001	-1	###LINE###
5	31	17	0	0	0	336.60	286.56	29.36	13.40	100	State
5	31	17	0	0	1	369.32	286.56	86.04	13.40	100	Representative
4	31	17	0	1	0	316.559949	300.355268	158.811321	13.404001	-1	###LINE###
5	31	17	0	1	0	316.56	300.36	24.69	13.40	100	57th
5	31	17	0	1	1	344.60	300.36	86.03	13.40	100	Representative
5	31	17	0	1	2	434.00	300.36	41.37	13.40	100	District
4	31	17	0	2	0	346.679950	314.155277	98.881614	13.404001	-1	###LINE###
5	31	17	0	2	0	346.68	314.16	65.41	13.40	100	Democratic
5	31	17	0	2	1	415.52	314.16	30.04	13.40	100	Party
3	31	17	1	0	0	389.999952	338.964394	49.328033	22.017229	-1	###FLOW###
4	31	17	1	0	0	389.999952	338.964394	49.224297	10.857240	-1	###LINE###
5	31	17	1	0	0	390.00	338.96	22.16	10.86	100	Erika
5	31	17	1	0	1	414.89	338.96	24.33	10.86	100	Marie
4	31	17	1	1	0	390.239935	350.124383	49.088049	10.857240	-1	###LINE###
5	31	17	1	1	0	390.24	350.12	49.09	10.86	100	HANCOCK
3	31	18	0	0	0	517.439902	338.964394	29.762984	22.017229	-1	###FLOW###
4	31	18	0	0	0	520.079890	338.964394	27.122996	10.857240	-1	###LINE###
5	31	18	0	0	0	520.08	338.96	27.12	10.86	100	Kristie
4	31	18	0	1	0	517.439902	350.124383	29.701968	10.857240	-1	###LINE###
5	31	18	0	1	0	517.44	350.12	29.70	10.86	100	POWE
3	31	19	0	0	0	244.799973	365.724365	34.597148	10.857240	-1	###FLOW###
4	31	19	0	0	0	244.799973	365.724365	34.597148	10.857240	-1	###LINE###
5	31	19	0	0	0	244.80	365.72	34.60	10.86	100	Franklin
3	31	20	0	0	0	414.839947	365.724365	24.339653	10.857240	-1	###FLOW###
4	31	20	0	0	0	414.839947	365.724365	24.339653	10.857240	-1	###LINE###
5	31	20	0	0	0	414.84	365.72	24.34	10.86	100	4,467
3	31	21	0	0	0	522.839930	365.724365	24.339653	10.857240	-1	###FLOW###
4	31	21	0	0	0	522.839930	365.724365	24.339653	10.857240	-1	###LINE###
5	31	21	0	0	0	522.84	365.72	24.34	10.86	100	2,168
3	31	22	0	0	0	244.799973	381.444374	52.328795	10.857240	-1	###FLOW###
4	31	22	0	0	0	244.799973	381.444374	52.328795	10.857240	-1	###LINE###
5	31	22	0	0	0	244.80	381.44	23.10	10.86	100	Total
5	31	22	0	0	1	270.65	381.44	26.48	10.86	100	Votes
3	31	23	0	0	0	414.839947	381.444374	24.339653	10.857240	-1	###FLOW###
4	31	23	0	0	0	414.839947	381.444374	24.339653	10.857240	-1	###LINE###
5	31	23	0	0	0	414.84	381.44	24.34	10.86	100	4,467
3	31	24	0	0	0	522.839930	381.444374	24.339653	10.857240	-1	###FLOW###
4	31	24	0	0	0	522.839930	381.444374	24.339653	10.857240	-1	###LINE###
5	31	24	0	0	0	522.84	381.44	24.34	10.86	100	2,168
3	31	25	0	0	0	316.559949	430.315294	158.811321	41.003991	-1	###FLOW###
4	31	25	0	0	0	336.599963	430.315294	118.754055	13.404001	-1	###LINE###
5	31	25	0	0	0	336.60	430.32	29.36	13.40	100	State
5	31	25	0	0	1	369.32	430.32	86.04	13.40	100	Representative
4	31	25	0	1	0	316.559949	444.115304	158.811321	13.404001	-1	###LINE###
5	31	25	0	1	0	316.56	444.12	24.69	13.40	100	60th
5	31	25	0	1	1	344.60	444.12	86.03	13.40	100	Representative
5	31	25	0	1	2	434.00	444.12	41.37	13.40	100	District
4	31	25	0	2	0	347.039954	457.915284	98.280875	13.404001	-1	###LINE###
5	31	25	0	2	0	347.04	457.92	64.81	13.40	100	Republican
5	31	25	0	2	1	415.16	457.92	30.16	13.40	100	Party
3	31	25	1	0	0	390.839952	482.724385	48.484667	22.017244	-1	###FLOW###
4	31	25	1	0	0	398.759946	482.724385	40.465525	10.857240	-1	###LINE###
5	31	25	1	0	0	398.76	482.72	40.47	10.86	100	Marianne
4	31	25	1	1	0	390.839952	493.884389	48.484667	10.857240	-1	###LINE###
5	31	25	1	1	0	390.84	493.88	48.48	10.86	100	PROCTOR
3	31	26	0	0	0	496.919923	482.724385	50.285751	22.017244	-1	###FLOW###
4	31	26	0	0	0	496.919923	482.724385	50.285082	10.857240	-1	###LINE###
5	31	26	0	0	0	496.92	482.72	50.29	10.86	100	Christopher
4	31	26	0	1	0	508.199944	493.884389	39.005730	10.857240	-1	###LINE###
5	31	26	0	1	0	508.20	493.88	39.01	10.86	100	PAVESE
3	31	27	0	0	0	244.799973	509.484402	28.125389	10.857240	-1	###FLOW###
4	31	27	0	0	0	244.799973	509.484402	28.125389	10.857240	-1	###LINE###
5	31	27	0	0	0	244.80	509.48	28.13	10.86	100	Boone
3	31	28	0	0	0	414.839947	509.484402	24.339653	10.857240	-1	###FLOW###
4	31	28	0	0	0	414.839947	509.484402	24.339653	10.857240	-1	###LINE###
5	31	28	0	0	0	414.84	509.48	24.34	10.86	100	3,153
3	31	29	0	0	0	530.999937	509.484402	16.232924	10.857240	-1	###FLOW###
4	31	29	0	0	0	530.999937	509.484402	16.232924	10.857240	-1	###LINE###
5	31	29	0	0	0	531.00	509.48	16.23	10.86	100	970
3	31	30	0	0	0	244.799973	525.204411	52.328795	10.857240	-1	###FLOW###
4	31	30	0	0	0	244.799973	525.204411	52.328795	10.857240	-1	###LINE###
5	31	30	0	0	0	244.80	525.20	23.10	10.86	100	Total
5	31	30	0	0	1	270.65	525.20	26.48	10.86	100	Votes
3	31	31	0	0	0	414.839947	525.204411	24.339653	10.857240	-1	###FLOW###
4	31	31	0	0	0	414.839947	525.204411	24.339653	10.857240	-1	###LINE###
5	31	31	0	0	0	414.84	525.20	24.34	10.86	100	3,153
3	31	32	0	0	0	530.999937	525.204411	16.232924	10.857240	-1	###FLOW###
4	31	32	0	0	0	530.999937	525.204411	16.232924	10.857240	-1	###LINE###
5	31	32	0	0	0	531.00	525.20	16.23	10.86	100	970
1	32	0	0	0	0	0.000000	0.000000	792.000000	612.000000	-1	###PAGE###
3	32	0	0	0	0	35.999994	54.115290	161.658823	13.404001	-1	###FLOW###
4	32	0	0	0	0	35.999994	54.115290	161.658823	13.404001	-1	###LINE###
5	32	0	0	0	0	36.00	54.12	89.57	13.40	100	Commonwealth
5	32	0	0	0	1	128.96	54.12	11.33	13.40	100	of
5	32	0	0	0	2	143.60	54.12	54.05	13.40	100	Kentucky
3	32	1	0	0	0	289.919964	54.115290	211.964694	13.404001	-1	###FLOW###
4	32	1	0	0	0	289.919964	54.115290	211.964694	13.404001	-1	###LINE###
5	32	1	0	0	0	289.92	54.12	44.03	13.40	100	Michael
5	32	1	0	0	1	337.40	54.12	12.66	13.40	100	G.
5	32	1	0	0	2	353.48	54.12	43.01	13.40	100	Adams,
5	32	1	0	0	3	399.93	54.12	54.90	13.40	100	Secretary
5	32	1	0	0	4	457.89	54.12	11.33	13.40	100	of
5	32	1	0	0	5	472.52	54.12	29.36	13.40	100	State
3	32	2	0	0	0	584.279905	54.115290	171.619073	13.404001	-1	###FLOW###
4	32	2	0	0	0	584.279905	54.115290	171.619073	13.404001	-1	###LINE###
5	32	2	0	0	0	584.28	54.12	26.72	13.40	100	2024
5	32	2	0	0	1	614.49	54.12	44.86	13.40	100	Primary
5	32	2	0	0	2	662.36	54.12	46.82	13.40	100	Election
5	32	2	0	0	3	712.53	54.12	43.37	13.40	100	Results
3	32	3	0	0	0	316.799961	111.955306	158.210582	41.003991	-1	###FLOW###
4	32	3	0	0	0	336.599963	111.955306	118.754055	13.404001	-1	###LINE###
5	32	3	0	0	0	336.60	111.96	29.36	13.40	100	State
5	32	3	0	0	1	369.32	111.96	86.04	13.40	100	Representative
4	32	3	0	1	0	316.799961	125.755316	158.210582	13.404001	-1	###LINE###
5	32	3	0	1	0	316.80	125.76	24.04	13.40	100	61st
5	32	3	0	1	1	344.24	125.76	86.04	13.40	100	Representative
5	32	3	0	1	2	433.64	125.76	41.37	13.40	100	District
4	32	3	0	2	0	347.039954	139.555296	98.280875	13.404001	-1	###LINE###
5	32	3	0	2	0	347.04	139.56	64.81	13.40	100	Republican
5	32	3	0	2	1	415.16	139.56	30.16	13.40	100	Party
3	32	3	1	0	0	395.399950	164.364412	43.813322	22.017245	-1	###FLOW###
4	32	3	1	0	0	395.399950	164.364412	43.813322	10.857240	-1	###LINE###
5	32	3	1	0	0	395.40	164.36	43.81	10.86	100	Savannah
4	32	3	1	1	0	396.599953	175.524417	42.596826	10.857240	-1	###LINE###
5	32	3	1	1	0	396.60	175.52	42.60	10.86	100	MADDOX
3	32	4	0	0	0	506.039921	164.364412	41.223294	22.017245	-1	###FLOW###
4	32	4	0	0	0	506.039921	164.364412	41.098103	10.857240	-1	###LINE###
5	32	4	0	0	0	506.04	164.36	27.58	10.86	100	Jarrod
5	32	4	0	0	1	536.34	164.36	10.80	10.86	100	M.
4	32	4	0	1	0	511.799922	175.524417	35.463293	10.857240	-1	###LINE###
5	32	4	0	1	0	511.80	175.52	35.46	10.86	100	LYKINS
3	32	5	0	0	0	244.799973	191.124398	28.125389	10.857240	-1	###FLOW###
4	32	5	0	0	0	244.799973	191.124398	28.125389	10.857240	-1	###LINE###
5	32	5	0	0	0	244.80	191.12	28.13	10.86	100	Boone
3	32	6	0	0	0	422.999924	191.124398	16.232924	10.857240	-1	###FLOW###
4	32	6	0	0	0	422.999924	191.124398	16.232924	10.857240	-1	###LINE###
5	32	6	0	0	0	423.00	191.12	16.23	10.86	100	813
3	32	7	0	0	0	530.999937	191.124398	16.232924	10.857240	-1	###FLOW###
4	32	7	0	0	0	530.999937	191.124398	16.232924	10.857240	-1	###LINE###
5	32	7	0	0	0	531.00	191.12	16.23	10.86	100	162
3	32	8	0	0	0	244.799973	206.604415	32.971909	10.857240	-1	###FLOW###
4	32	8	0	0	0	244.799973	206.604415	32.971909	10.857240	-1	###LINE###
5	32	8	0	0	0	244.80	206.60	32.97	10.86	100	Gallatin
3	32	9	0	0	0	422.999924	206.604415	16.232924	10.857240	-1	###FLOW###
4	32	9	0	0	0	422.999924	206.604415	16.232924	10.857240	-1	###LINE###
5	32	9	0	0	0	423.00	206.60	16.23	10.86	100	335
3	32	10	0	0	0	536.399904	206.604415	10.821949	10.857240	-1	###FLOW###
4	32	10	0	0	0	536.399904	206.604415	10.821949	10.857240	-1	###LINE###
5	32	10	0	0	0	536.40	206.60	10.82	10.86	100	49
3	32	11	0	0	0	244.799973	222.084401	24.320189	10.857240	-1	###FLOW###
4	32	11	0	0	0	244.799973	222.084401	24.320189	10.857240	-1	###LINE###
5	32	11	0	0	0	244.80	222.08	24.32	10.86	100	Grant
3	32	12	0	0	0	414.839947	222.084401	24.339653	10.857240	-1	###FLOW###
4	32	12	0	0	0	414.839947	222.084401	24.339653	10.857240	-1	###LINE###
5	32	12	0	0	0	414.84	222.08	24.34	10.86	100	1,500
3	32	13	0	0	0	530.999937	222.084401	16.232924	10.857240	-1	###FLOW###
4	32	13	0	0	0	530.999937	222.084401	16.232924	10.857240	-1	###LINE###
5	32	13	0	0	0	531.00	222.08	16.23	10.86	100	335
3	32	14	0	0	0	244.799973	237.444392	30.821144	10.857240	-1	###FLOW###
4	32	14	0	0	0	244.799973	237.444392	30.821144	10.857240	-1	###LINE###
5	32	14	0	0	0	244.80	237.44	30.82	10.86	100	Kenton
3	32	15	0	0	0	422.999924	237.444392	16.232924	10.857240	-1	###FLOW###
4	32	15	0	0	0	422.999924	237.444392	16.232924	10.857240	-1	###LINE###
5	32	15	0	0	0	423.00	237.44	16.23	10.86	100	108
3	32	16	0	0	0	536.399904	237.444392	10.821949	10.857240	-1	###FLOW###
4	32	16	0	0	0	536.399904	237.444392	10.821949	10.857240	-1	###LINE###
5	32	16	0	0	0	536.40	237.44	10.82	10.86	100	22
3	32	17	0	0	0	414.839947	253.164400	24.339653	10.857240	-1	###FLOW###
4	32	17	0	0	0	414.839947	253.164400	24.339653	10.857240	-1	###LINE###
5	32	17	0	0	0	414.84	253.16	24.34	10.86	100	2,756
3	32	18	0	0	0	530.999937	253.164400	16.232924	10.857240	-1	###FLOW###
4	32	18	0	0	0	530.999937	253.164400	16.232924	10.857240	-1	###LINE###
5	32	18	0	0	0	531.00	253.16	16.23	10.86	100	568
3	32	19	0	0	0	244.799973	253.164400	52.328795	10.857240	-1	###FLOW###
4	32	19	0	0	0	244.799973	253.164400	52.328795	10.857240	-1	###LINE###
5	32	19	0	0	0	244.80	253.16	23.10	10.86	100	Total
5	32	19	0	0	1	270.65	253.16	26.48	10.86	100	Votes
3	32	20	0	0	0	314.879951	301.915278	162.163444	41.003991	-1	###FLOW###
4	32	20	0	0	0	336.599963	301.915278	118.754055	13.404001	-1	###LINE###
5	32	20	0	0	0	336.60	301.92	29.36	13.40	100	State
5	32	20	0	0	1	369.32	301.92	86.04	13.40	100	Representative
4	32	20	0	1	0	314.879951	315.715289	162.163444	13.404001	-1	###LINE###
5	32	20	0	1	0	314.88	315.72	28.02	13.40	100	62nd
5	32	20	0	1	1	346.29	315.72	86.03	13.40	100	Representative
5	32	20	0	1	2	435.68	315.72	41.37	13.40	100	District
4	32	20	0	2	0	347.039954	329.515268	98.280875	13.404001	-1	###LINE###
5	32	20	0	2	0	347.04	329.52	64.81	13.40	100	Republican
5	32	20	0	2	1	415.16	329.52	30.16	13.40	100	Party
3	32	20	1	0	0	390.719929	354.324369	48.663113	22.017244	-1	###FLOW###
4	32	20	1	0	0	418.799929	354.324369	20.583113	10.857240	-1	###LINE###
5	32	20	1	0	0	418.80	354.32	20.58	10.86	100	Tony
4	32	20	1	1	0	390.719929	365.484373	48.543059	10.857240	-1	###LINE###
5	32	20	1	1	0	390.72	365.48	48.54	10.86	100	HAMPTON
3	32	21	0	0	0	506.759928	354.324369	40.504453	22.017244	-1	###FLOW###
4	32	21	0	0	0	534.239942	354.324369	12.962982	10.857240	-1	###LINE###
5	32	21	0	0	0	534.24	354.32	12.96	10.86	100	Bill
4	32	21	0	1	0	506.759928	365.484373	40.504453	10.857240	-1	###LINE###
5	32	21	0	1	0	506.76	365.48	40.50	10.86	100	PARKER
3	32	22	0	0	0	244.799973	381.084385	22.247280	10.857240	-1	###FLOW###
4	32	22	0	0	0	244.799973	381.084385	22.247280	10.857240	-1	###LINE###
5	32	22	0	0	0	244.80	381.08	22.25	10.86	100	Scott
3	32	23	0	0	0	414.839947	381.084385	24.339653	10.857240	-1	###FLOW###
4	32	23	0	0	0	414.839947	381.084385	24.339653	10.857240	-1	###LINE###
5	32	23	0	0	0	414.84	381.08	24.34	10.86	100	2,895
3	32	24	0	0	0	522.839930	381.084385	24.339653	10.857240	-1	###FLOW###
4	32	24	0	0	0	522.839930	381.084385	24.339653	10.857240	-1	###LINE###
5	32	24	0	0	0	522.84	381.08	24.34	10.86	100	1,232
3	32	25	0	0	0	244.799973	396.804394	52.328795	10.857240	-1	###FLOW###
4	32	25	0	0	0	244.799973	396.804394	52.328795	10.857240	-1	###LINE###
5	32	25	0	0	0	244.80	396.80	23.10	10.86	100	Total
5	32	25	0	0	1	270.65	396.80	26.48	10.86	100	Votes
3	32	26	0	0	0	414.839947	396.804394	24.339653	10.857240	-1	###FLOW###
4	32	26	0	0	0	414.839947	396.804394	24.339653	10.857240	-1	###LINE###
5	32	26	0	0	0	414.84	396.80	24.34	10.86	100	2,895
3	32	27	0	0	0	522.839930	396.804394	24.339653	10.857240	-1	###FLOW###
4	32	27	0	0	0	522.839930	396.804394	24.339653	10.857240	-1	###LINE###
5	32	27	0	0	0	522.84	396.80	24.34	10.86	100	1,232
1	33	0	0	0	0	0.000000	0.000000	792.000000	612.000000	-1	###PAGE###
3	33	0	0	0	0	36.000000	54.089359	161.662449	13.430068	-1	###FLOW###
4	33	0	0	0	0	36.000000	54.089359	161.662449	13.430068	-1	###LINE###
5	33	0	0	0	0	36.00	54.11	89.57	13.40	100	Commonwealth
5	33	0	0	0	1	128.96	54.09	11.33	13.40	100	of
5	33	0	0	0	2	143.61	54.09	54.06	13.40	100	Kentucky
3	33	1	0	0	0	289.924635	54.089359	211.968731	13.404670	-1	###FLOW###
4	33	1	0	0	0	289.924635	54.089359	211.968731	13.404670	-1	###LINE###
5	33	1	0	0	0	289.92	54.09	44.03	13.40	100	Michael
5	33	1	0	0	1	337.41	54.09	12.66	13.40	100	G.
5	33	1	0	0	2	353.48	54.09	43.01	13.40	100	Adams,
5	33	1	0	0	3	399.93	54.09	54.90	13.40	100	Secretary
5	33	1	0	0	4	457.89	54.09	11.33	13.40	100	of
5	33	1	0	0	5	472.53	54.09	29.36	13.40	100	State
3	33	2	0	0	0	584.288705	54.089359	171.622267	13.404670	-1	###FLOW###
4	33	2	0	0	0	584.288705	54.089359	171.622267	13.404670	-1	###LINE###
5	33	2	0	0	0	584.29	54.09	26.72	13.40	100	2024
5	33	2	0	0	1	614.49	54.09	44.86	13.40	100	Primary
5	33	2	0	0	2	662.37	54.09	46.82	13.40	100	Election
5	33	2	0	0	3	712.54	54.09	43.37	13.40	100	Results
3	33	3	0	0	0	316.564248	111.932788	158.814322	41.005148	-1	###FLOW###
4	33	3	0	0	0	336.600000	111.932788	118.761244	13.426639	-1	###LINE###
5	33	3	0	0	0	336.60	111.95	29.36	13.40	100	State
5	33	3	0	0	1	369.32	111.93	86.04	13.40	100	Representative
4	33	3	0	1	0	316.564248	125.733028	158.814322	13.404670	-1	###LINE###
5	33	3	0	1	0	316.56	125.73	24.69	13.40	100	64th
5	33	3	0	1	1	344.61	125.73	86.03	13.40	100	Representative
5	33	3	0	1	2	434.01	125.73	41.37	13.40	100	District
4	33	3	0	2	0	347.044698	139.533267	98.282773	13.404670	-1	###LINE###
5	33	3	0	2	0	347.04	139.53	64.81	13.40	100	Republican
5	33	3	0	2	1	415.17	139.53	30.16	13.40	100	Party
3	33	3	1	0	0	372.964592	164.343609	66.377719	22.018070	-1	###FLOW###
4	33	3	1	0	0	372.964592	164.343609	66.204953	10.857302	-1	###LINE###
5	33	3	1	0	0	372.96	164.34	37.74	10.86	100	Kimberly
5	33	3	1	0	1	413.22	164.34	25.95	10.86	100	Poore
4	33	3	1	1	0	403.685282	175.504376	35.657029	10.857302	-1	###LINE###
5	33	3	1	1	0	403.69	175.50	35.66	10.86	100	MOSER
3	33	4	0	0	0	493.926433	164.343609	53.388178	22.018070	-1	###FLOW###
4	33	4	0	0	0	521.286766	164.343609	25.954503	10.857302	-1	###LINE###
5	33	4	0	0	0	521.29	164.34	25.95	10.86	100	Karen
4	33	4	0	1	0	493.926433	175.504376	53.388178	10.857302	-1	###LINE###
5	33	4	0	1	0	493.93	175.50	53.39	10.86	100	CAMPBELL
3	33	5	0	0	0	244.802558	191.105256	30.820364	10.857302	-1	###FLOW###
4	33	5	0	0	0	244.802558	191.105256	30.820364	10.857302	-1	###LINE###
5	33	5	0	0	0	244.80	191.11	30.82	10.86	100	Kenton
3	33	6	0	0	0	414.845431	191.105256	24.339037	10.857302	-1	###FLOW###
4	33	6	0	0	0	414.845431	191.105256	24.339037	10.857302	-1	###LINE###
5	33	6	0	0	0	414.85	191.11	24.34	10.86	100	1,542
3	33	7	0	0	0	522.847325	191.105256	24.339037	10.857302	-1	###FLOW###
4	33	7	0	0	0	522.847325	191.105256	24.339037	10.857302	-1	###LINE###
5	33	7	0	0	0	522.85	191.11	24.34	10.86	100	1,458
3	33	8	0	0	0	244.803559	206.826111	52.327430	10.857302	-1	###FLOW###
4	33	8	0	0	0	244.803559	206.826111	52.327430	10.857302	-1	###LINE###
5	33	8	0	0	0	244.80	206.83	23.10	10.86	100	Total
5	33	8	0	0	1	270.65	206.83	26.48	10.86	100	Votes
3	33	9	0	0	0	414.846432	206.826111	24.339037	10.857302	-1	###FLOW###
4	33	9	0	0	0	414.846432	206.826111	24.339037	10.857302	-1	###LINE###
5	33	9	0	0	0	414.85	206.83	24.34	10.86	100	1,542
3	33	10	0	0	0	522.848326	206.826111	24.339037	10.857302	-1	###FLOW###
4	33	10	0	0	0	522.848326	206.826111	24.339037	10.857302	-1	###LINE###
5	33	10	0	0	0	522.85	206.83	24.34	10.86	100	1,458
3	33	11	0	0	0	316.564248	255.699029	158.814322	41.005148	-1	###FLOW###
4	33	11	0	0	0	336.600000	255.699029	118.761244	13.420398	-1	###LINE###
5	33	11	0	0	0	336.60	255.71	29.36	13.40	100	State
5	33	11	0	0	1	369.32	255.70	86.04	13.40	100	Representative
4	33	11	0	1	0	316.564248	269.499269	158.814322	13.404670	-1	###LINE###
5	33	11	0	1	0	316.56	269.50	24.69	13.40	100	66th
5	33	11	0	1	1	344.61	269.50	86.03	13.40	100	Representative
5	33	11	0	1	2	434.01	269.50	41.37	13.40	100	District
4	33	11	0	2	0	347.044698	283.299508	98.282773	13.404670	-1	###LINE###
5	33	11	0	2	0	347.04	283.30	64.81	13.40	100	Republican
5	33	11	0	2	1	415.17	283.30	30.16	13.40	100	Party
3	33	11	1	0	0	391.925534	308.109850	47.276705	22.018070	-1	###FLOW###
4	33	11	1	0	0	418.325908	308.109850	20.874573	10.857302	-1	###LINE###
5	33	11	1	0	0	418.33	308.11	8.45	10.86	100	T.
5	33	11	1	0	1	431.64	308.11	7.56	10.86	100	J.
4	33	11	1	1	0	391.925534	319.270617	47.276705	10.857302	-1	###LINE###
5	33	11	1	1	0	391.93	319.27	47.28	10.86	100	ROBERTS
3	33	12	0	0	0	506.759900	308.109850	40.570291	22.031802	-1	###FLOW###
4	33	12	0	0	0	522.847325	308.109850	24.293039	10.871802	-1	###LINE###
5	33	12	0	0	0	522.85	308.11	9.72	10.86	100	C.
5	33	12	0	0	1	535.25	308.12	11.89	10.86	100	Ed
4	33	12	0	1	0	506.759900	319.284350	40.570291	10.857302	-1	###LINE###
5	33	12	0	1	0	506.76	319.28	40.57	10.86	100	MASSEY
3	33	13	0	0	0	244.803559	334.872496	28.124677	10.857302	-1	###FLOW###
4	33	13	0	0	0	244.803559	334.872496	28.124677	10.857302	-1	###LINE###
5	33	13	0	0	0	244.80	334.87	28.12	10.86	100	Boone
3	33	14	0	0	0	414.846432	334.872496	24.339037	10.857302	-1	###FLOW###
4	33	14	0	0	0	414.846432	334.872496	24.339037	10.857302	-1	###LINE###
5	33	14	0	0	0	414.85	334.87	24.34	10.86	100	3,365
3	33	15	0	0	0	522.848326	334.872496	24.339037	10.857302	-1	###FLOW###
4	33	15	0	0	0	522.848326	334.872496	24.339037	10.857302	-1	###LINE###
5	33	15	0	0	0	522.85	334.87	24.34	10.86	100	1,173
3	33	16	0	0	0	244.804560	350.593352	52.327430	10.857302	-1	###FLOW###
4	33	16	0	0	0	244.804560	350.593352	52.327430	10.857302	-1	###LINE###
5	33	16	0	0	0	244.80	350.59	23.10	10.86	100	Total
5	33	16	0	0	1	270.65	350.59	26.48	10.86	100	Votes
3	33	17	0	0	0	414.847433	350.593352	24.339037	10.857302	-1	###FLOW###
4	33	17	0	0	0	414.847433	350.593352	24.339037	10.857302	-1	###LINE###
5	33	17	0	0	0	414.85	350.59	24.34	10.86	100	3,365
3	33	18	0	0	0	522.849327	350.593352	24.339037	10.857302	-1	###FLOW###
4	33	18	0	0	0	522.849327	350.593352	24.339037	10.857302	-1	###LINE###
5	33	18	0	0	0	522.85	350.59	24.34	10.86	100	1,173
3	33	19	0	0	0	316.564248	399.465270	158.814322	41.005148	-1	###FLOW###
4	33	19	0	0	0	336.600000	399.465270	118.761244	13.414157	-1	###LINE###
5	33	19	0	0	0	336.60	399.47	29.36	13.40	100	State
5	33	19	0	0	1	369.32	399.47	86.04	13.40	100	Representative
4	33	19	0	1	0	316.564248	413.265510	158.814322	13.404670	-1	###LINE###
5	33	19	0	1	0	316.56	413.27	24.69	13.40	100	67th
5	33	19	0	1	1	344.61	413.27	86.03	13.40	100	Representative
5	33	19	0	1	2	434.01	413.27	41.37	13.40	100	District
4	33	19	0	2	0	347.044698	427.065749	98.282773	13.404670	-1	###LINE###
5	33	19	0	2	0	347.04	427.07	64.81	13.40	100	Republican
5	33	19	0	2	1	415.17	427.07	30.16	13.40	100	Party
3	33	19	1	0	0	399.365967	451.876091	39.900070	22.018070	-1	###FLOW###
4	33	19	1	0	0	402.965563	451.876091	36.172820	10.857302	-1	###LINE###
5	33	19	1	0	0	402.97	451.88	21.78	10.86	100	Terry
5	33	19	1	0	1	426.84	451.88	12.30	10.86	100	W.
4	33	19	1	1	0	399.365967	463.036858	39.900070	10.857302	-1	###LINE###
5	33	19	1	1	0	399.37	463.04	39.90	10.86	100	HATTON
3	33	20	0	0	0	511.688177	451.876091	35.520795	22.018070	-1	###FLOW###
4	33	20	0	0	0	512.528016	451.876091	34.547584	10.857302	-1	###LINE###
5	33	20	0	0	0	512.53	451.88	22.70	10.86	100	Brian
5	33	20	0	0	1	537.90	451.88	9.18	10.86	100	K.
4	33	20	0	1	0	511.688177	463.036858	35.520795	10.857302	-1	###LINE###
5	33	20	0	1	0	511.69	463.04	35.52	10.86	100	ORMES
3	33	21	0	0	0	244.804560	478.637738	40.951125	10.857302	-1	###FLOW###
4	33	21	0	0	0	244.804560	478.637738	40.951125	10.857302	-1	###LINE###
5	33	21	0	0	0	244.80	478.64	40.95	10.86	100	Campbell
3	33	22	0	0	0	423.007585	478.637738	16.232512	10.857302	-1	###FLOW###
4	33	22	0	0	0	423.007585	478.637738	16.232512	10.857302	-1	###LINE###
5	33	22	0	0	0	423.01	478.64	16.23	10.86	100	909
3	33	23	0	0	0	531.009479	478.637738	16.232512	10.857302	-1	###FLOW###
4	33	23	0	0	0	531.009479	478.637738	16.232512	10.857302	-1	###LINE###
5	33	23	0	0	0	531.01	478.64	16.23	10.86	100	203
3	33	24	0	0	0	244.805561	494.358593	52.327430	10.857302	-1	###FLOW###
4	33	24	0	0	0	244.805561	494.358593	52.327430	10.857302	-1	###LINE###
5	33	24	0	0	0	244.81	494.36	23.10	10.86	100	Total
5	33	24	0	0	1	270.65	494.36	26.48	10.86	100	Votes
3	33	25	0	0	0	423.008586	494.358593	16.232512	10.857302	-1	###FLOW###
4	33	25	0	0	0	423.008586	494.358593	16.232512	10.857302	-1	###LINE###
5	33	25	0	0	0	423.01	494.36	16.23	10.86	100	909
3	33	26	0	0	0	531.010480	494.358593	16.232512	10.857302	-1	###FLOW###
4	33	26	0	0	0	531.010480	494.358593	16.232512	10.857302	-1	###LINE###
5	33	26	0	0	0	531.01	494.36	16.23	10.86	100	203
1	34	0	0	0	0	0.000000	0.000000	792.000000	612.000000	-1	###PAGE###
3	34	0	0	0	0	35.999994	54.115290	161.658823	13.404001	-1	###FLOW###
4	34	0	0	0	0	35.999994	54.115290	161.658823	13.404001	-1	###LINE###
5	34	0	0	0	0	36.00	54.12	89.57	13.40	100	Commonwealth
5	34	0	0	0	1	128.96	54.12	11.33	13.40	100	of
5	34	0	0	0	2	143.60	54.12	54.05	13.40	100	Kentucky
3	34	1	0	0	0	289.919964	54.115290	211.964694	13.404001	-1	###FLOW###
4	34	1	0	0	0	289.919964	54.115290	211.964694	13.404001	-1	###LINE###
5	34	1	0	0	0	289.92	54.12	44.03	13.40	100	Michael
5	34	1	0	0	1	337.40	54.12	12.66	13.40	100	G.
5	34	1	0	0	2	353.48	54.12	43.01	13.40	100	Adams,
5	34	1	0	0	3	399.93	54.12	54.90	13.40	100	Secretary
5	34	1	0	0	4	457.89	54.12	11.33	13.40	100	of
5	34	1	0	0	5	472.52	54.12	29.36	13.40	100	State
3	34	2	0	0	0	584.279905	54.115290	171.619073	13.404001	-1	###FLOW###
4	34	2	0	0	0	584.279905	54.115290	171.619073	13.404001	-1	###LINE###
5	34	2	0	0	0	584.28	54.12	26.72	13.40	100	2024
5	34	2	0	0	1	614.49	54.12	44.86	13.40	100	Primary
5	34	2	0	0	2	662.36	54.12	46.82	13.40	100	Election
5	34	2	0	0	3	712.53	54.12	43.37	13.40	100	Results
3	34	3	0	0	0	316.559949	111.955306	158.811321	41.003991	-1	###FLOW###
4	34	3	0	0	0	336.599963	111.955306	118.754055	13.404001	-1	###LINE###
5	34	3	0	0	0	336.60	111.96	29.36	13.40	100	State
5	34	3	0	0	1	369.32	111.96	86.04	13.40	100	Representative
4	34	3	0	1	0	316.559949	125.755316	158.811321	13.404001	-1	###LINE###
5	34	3	0	1	0	316.56	125.76	24.69	13.40	100	69th
5	34	3	0	1	1	344.60	125.76	86.03	13.40	100	Representative
5	34	3	0	1	2	434.00	125.76	41.37	13.40	100	District
4	34	3	0	2	0	347.039954	139.555296	98.280875	13.404001	-1	###LINE###
5	34	3	0	2	0	347.04	139.56	64.81	13.40	100	Republican
5	34	3	0	2	1	415.16	139.56	30.16	13.40	100	Party
3	34	3	1	0	0	408.839933	164.364412	30.424868	22.017245	-1	###FLOW###
4	34	3	1	0	0	408.839933	164.364412	30.373474	10.857240	-1	###LINE###
5	34	3	1	0	0	408.84	164.36	30.37	10.86	100	Steven
4	34	3	1	1	0	411.119948	175.524417	28.144853	10.857240	-1	###LINE###
5	34	3	1	1	0	411.12	175.52	28.14	10.86	100	DOAN
3	34	4	0	0	0	509.519938	164.364412	37.682584	22.017245	-1	###FLOW###
4	34	4	0	0	0	521.879940	164.364412	25.322582	10.857240	-1	###LINE###
5	34	4	0	0	0	521.88	164.36	25.32	10.86	100	Diane
4	34	4	0	1	0	509.519938	175.524417	37.682182	10.857240	-1	###LINE###
5	34	4	0	1	0	509.52	175.52	37.68	10.86	100	BROWN
3	34	5	0	0	0	244.799973	191.124398	28.125389	10.857240	-1	###FLOW###
4	34	5	0	0	0	244.799973	191.124398	28.125389	10.857240	-1	###LINE###
5	34	5	0	0	0	244.80	191.12	28.13	10.86	100	Boone
3	34	6	0	0	0	422.999924	191.124398	16.232924	10.857240	-1	###FLOW###
4	34	6	0	0	0	422.999924	191.124398	16.232924	10.857240	-1	###LINE###
5	34	6	0	0	0	423.00	191.12	16.23	10.86	100	627
3	34	7	0	0	0	530.999937	191.124398	16.232924	10.857240	-1	###FLOW###
4	34	7	0	0	0	530.999937	191.124398	16.232924	10.857240	-1	###LINE###
5	34	7	0	0	0	531.00	191.12	16.23	10.86	100	219
3	34	8	0	0	0	244.799973	206.604415	30.821144	10.857240	-1	###FLOW###
4	34	8	0	0	0	244.799973	206.604415	30.821144	10.857240	-1	###LINE###
5	34	8	0	0	0	244.80	206.60	30.82	10.86	100	Kenton
3	34	9	0	0	0	414.839947	206.604415	24.339653	10.857240	-1	###FLOW###
4	34	9	0	0	0	414.839947	206.604415	24.339653	10.857240	-1	###LINE###
5	34	9	0	0	0	414.84	206.60	24.34	10.86	100	1,048
3	34	10	0	0	0	530.999937	206.604415	16.232924	10.857240	-1	###FLOW###
4	34	10	0	0	0	530.999937	206.604415	16.232924	10.857240	-1	###LINE###
5	34	10	0	0	0	531.00	206.60	16.23	10.86	100	315
3	34	11	0	0	0	244.799973	222.324393	52.328795	10.857240	-1	###FLOW###
4	34	11	0	0	0	244.799973	222.324393	52.328795	10.857240	-1	###LINE###
5	34	11	0	0	0	244.80	222.32	23.10	10.86	100	Total
5	34	11	0	0	1	270.65	222.32	26.48	10.86	100	Votes
3	34	12	0	0	0	414.839947	222.324393	24.339653	10.857240	-1	###FLOW###
4	34	12	0	0	0	414.839947	222.324393	24.339653	10.857240	-1	###LINE###
5	34	12	0	0	0	414.84	222.32	24.34	10.86	100	1,675
3	34	13	0	0	0	530.999937	222.324393	16.232924	10.857240	-1	###FLOW###
4	34	13	0	0	0	530.999937	222.324393	16.232924	10.857240	-1	###LINE###
5	34	13	0	0	0	531.00	222.32	16.23	10.86	100	534
3	34	14	0	0	0	316.559949	271.075272	158.811321	41.004021	-1	###FLOW###
4	34	14	0	0	0	336.599963	271.075272	118.754055	13.404001	-1	###LINE###
5	34	14	0	0	0	336.60	271.08	29.36	13.40	100	State
5	34	14	0	0	1	369.32	271.08	86.04	13.40	100	Representative
4	34	14	0	1	0	316.559949	284.875281	158.811321	13.404001	-1	###LINE###
5	34	14	0	1	0	316.56	284.88	24.69	13.40	100	76th
5	34	14	0	1	1	344.60	284.88	86.03	13.40	100	Representative
5	34	14	0	1	2	434.00	284.88	41.37	13.40	100	District
4	34	14	0	2	0	346.679950	298.675291	98.881614	13.404001	-1	###LINE###
5	34	14	0	2	0	346.68	298.68	65.41	13.40	100	Democratic
5	34	14	0	2	1	415.52	298.68	30.04	13.40	100	Party
3	34	14	1	0	0	327.119961	323.484378	58.209931	22.017275	-1	###FLOW###
4	34	14	1	0	0	342.119952	323.484378	43.209940	10.857240	-1	###LINE###
5	34	14	1	0	0	342.12	323.48	22.71	10.86	100	Anne
5	34	14	1	0	1	367.49	323.48	17.84	10.86	100	Gay
4	34	14	1	1	0	327.119961	334.644412	58.206904	10.857240	-1	###LINE###
5	34	14	1	1	0	327.12	334.64	58.21	10.86	100	DONWORTH
3	34	15	0	0	0	428.879947	323.484378	64.318580	22.017275	-1	###FLOW###
4	34	15	0	0	0	428.879947	323.484378	64.318580	10.857240	-1	###LINE###
5	34	15	0	0	0	428.88	323.48	28.66	10.86	100	James
5	34	15	0	0	1	460.25	323.48	32.95	10.86	100	"Jamie"
4	34	15	0	1	0	444.719936	334.644412	48.474935	10.857240	-1	###LINE###
5	34	15	0	1	0	444.72	334.64	48.47	10.86	100	PALUMBO
3	34	16	0	0	0	539.519918	323.484378	61.736803	22.017275	-1	###FLOW###
4	34	16	0	0	0	539.519918	323.484378	61.710413	10.857240	-1	###LINE###
5	34	16	0	0	0	539.52	323.48	31.38	10.86	100	Joshua
5	34	16	0	0	1	573.65	323.48	27.58	10.86	100	Daniel
4	34	16	0	1	0	551.759929	334.644412	49.496792	10.857240	-1	###LINE###
5	34	16	0	1	0	551.76	334.64	49.50	10.86	100	BUCKMAN
3	34	17	0	0	0	190.799966	350.244379	32.290672	10.857240	-1	###FLOW###
4	34	17	0	0	0	190.799966	350.244379	32.290672	10.857240	-1	###LINE###
5	34	17	0	0	0	190.80	350.24	32.29	10.86	100	Fayette
3	34	18	0	0	0	360.839941	350.244379	24.339653	10.857240	-1	###FLOW###
4	34	18	0	0	0	360.839941	350.244379	24.339653	10.857240	-1	###LINE###
5	34	18	0	0	0	360.84	350.24	24.34	10.86	100	1,777
3	34	19	0	0	0	468.839924	350.244379	24.339653	10.857240	-1	###FLOW###
4	34	19	0	0	0	468.839924	350.244379	24.339653	10.857240	-1	###LINE###
5	34	19	0	0	0	468.84	350.24	24.34	10.86	100	1,627
3	34	20	0	0	0	584.999913	350.244379	16.232924	10.857240	-1	###FLOW###
4	34	20	0	0	0	584.999913	350.244379	16.232924	10.857240	-1	###LINE###
5	34	20	0	0	0	585.00	350.24	16.23	10.86	100	594
3	34	21	0	0	0	190.799966	365.964388	52.328795	10.857240	-1	###FLOW###
4	34	21	0	0	0	190.799966	365.964388	52.328795	10.857240	-1	###LINE###
5	34	21	0	0	0	190.80	365.96	23.10	10.86	100	Total
5	34	21	0	0	1	216.65	365.96	26.48	10.86	100	Votes
3	34	22	0	0	0	360.839941	365.964388	24.339653	10.857240	-1	###FLOW###
4	34	22	0	0	0	360.839941	365.964388	24.339653	10.857240	-1	###LINE###
5	34	22	0	0	0	360.84	365.96	24.34	10.86	100	1,777
3	34	23	0	0	0	468.839924	365.964388	24.339653	10.857240	-1	###FLOW###
4	34	23	0	0	0	468.839924	365.964388	24.339653	10.857240	-1	###LINE###
5	34	23	0	0	0	468.84	365.96	24.34	10.86	100	1,627
3	34	24	0	0	0	584.999913	365.964388	16.232924	10.857240	-1	###FLOW###
4	34	24	0	0	0	584.999913	365.964388	16.232924	10.857240	-1	###LINE###
5	34	24	0	0	0	585.00	365.96	16.23	10.86	100	594
3	34	25	0	0	0	316.559949	414.955274	158.811321	41.004021	-1	###FLOW###
4	34	25	0	0	0	336.599963	414.955274	118.754055	13.404001	-1	###LINE###
5	34	25	0	0	0	336.60	414.96	29.36	13.40	100	State
5	34	25	0	0	1	369.32	414.96	86.04	13.40	100	Representative
4	34	25	0	1	0	316.559949	428.755284	158.811321	13.404001	-1	###LINE###
5	34	25	0	1	0	316.56	428.76	24.69	13.40	100	77th
5	34	25	0	1	1	344.60	428.76	86.03	13.40	100	Representative
5	34	25	0	1	2	434.00	428.76	41.37	13.40	100	District
4	34	25	0	2	0	346.679950	442.555293	98.881614	13.404001	-1	###LINE###
5	34	25	0	2	0	346.68	442.56	65.41	13.40	100	Democratic
5	34	25	0	2	1	415.52	442.56	30.04	13.40	100	Party
3	34	25	1	0	0	383.639934	467.364394	55.501417	22.017245	-1	###FLOW###
4	34	25	1	0	0	392.519950	467.364394	46.548006	10.857240	-1	###LINE###
5	34	25	1	0	0	392.52	467.36	32.05	10.86	100	George
5	34	25	1	0	1	429.89	467.36	9.18	10.86	100	A.
4	34	25	1	1	0	383.639934	478.524399	55.501417	10.857240	-1	###LINE###
5	34	25	1	1	0	383.64	478.52	37.68	10.86	100	BROWN
5	34	25	1	1	1	424.01	478.52	15.13	10.86	100	JR.
3	34	26	0	0	0	503.639945	467.364394	43.735467	22.017245	-1	###FLOW###
4	34	26	0	0	0	507.719918	467.364394	39.346349	10.857240	-1	###LINE###
5	34	26	0	0	0	507.72	467.36	27.48	10.86	100	Daniel
5	34	26	0	0	1	537.89	467.36	9.18	10.86	100	E.
4	34	26	0	1	0	503.639945	478.524399	43.735467	10.857240	-1	###LINE###
5	34	26	0	1	0	503.64	478.52	43.74	10.86	100	WHITLEY
3	34	27	0	0	0	244.799973	494.124382	32.290672	10.857240	-1	###FLOW###
4	34	27	0	0	0	244.799973	494.124382	32.290672	10.857240	-1	###LINE###
5	34	27	0	0	0	244.80	494.12	32.29	10.86	100	Fayette
3	34	28	0	0	0	414.839947	494.124382	24.339653	10.857240	-1	###FLOW###
4	34	28	0	0	0	414.839947	494.124382	24.339653	10.857240	-1	###LINE###
5	34	28	0	0	0	414.84	494.12	24.34	10.86	100	2,128
3	34	29	0	0	0	522.839930	494.124382	24.339653	10.857240	-1	###FLOW###
4	34	29	0	0	0	522.839930	494.124382	24.339653	10.857240	-1	###LINE###
5	34	29	0	0	0	522.84	494.12	24.34	10.86	100	1,234
3	34	30	0	0	0	244.799973	509.844390	52.328795	10.857240	-1	###FLOW###
4	34	30	0	0	0	244.799973	509.844390	52.328795	10.857240	-1	###LINE###
5	34	30	0	0	0	244.80	509.84	23.10	10.86	100	Total
5	34	30	0	0	1	270.65	509.84	26.48	10.86	100	Votes
3	34	31	0	0	0	414.839947	509.844390	24.339653	10.857240	-1	###FLOW###
4	34	31	0	0	0	414.839947	509.844390	24.339653	10.857240	-1	###LINE###
5	34	31	0	0	0	414.84	509.84	24.34	10.86	100	2,128
3	34	32	0	0	0	522.839930	509.844390	24.339653	10.857240	-1	###FLOW###
4	34	32	0	0	0	522.839930	509.844390	24.339653	10.857240	-1	###LINE###
5	34	32	0	0	0	522.84	509.84	24.34	10.86	100	1,234
1	35	0	0	0	0	0.000000	0.000000	792.000000	612.000000	-1	###PAGE###
3	35	0	0	0	0	35.999994	54.115290	161.658823	13.404001	-1	###FLOW###
4	35	0	0	0	0	35.999994	54.115290	161.658823	13.404001	-1	###LINE###
5	35	0	0	0	0	36.00	54.12	89.57	13.40	100	Commonwealth
5	35	0	0	0	1	128.96	54.12	11.33	13.40	100	of
5	35	0	0	0	2	143.60	54.12	54.05	13.40	100	Kentucky
3	35	1	0	0	0	289.919964	54.115290	211.964694	13.404001	-1	###FLOW###
4	35	1	0	0	0	289.919964	54.115290	211.964694	13.404001	-1	###LINE###
5	35	1	0	0	0	289.92	54.12	44.03	13.40	100	Michael
5	35	1	0	0	1	337.40	54.12	12.66	13.40	100	G.
5	35	1	0	0	2	353.48	54.12	43.01	13.40	100	Adams,
5	35	1	0	0	3	399.93	54.12	54.90	13.40	100	Secretary
5	35	1	0	0	4	457.89	54.12	11.33	13.40	100	of
5	35	1	0	0	5	472.52	54.12	29.36	13.40	100	State
3	35	2	0	0	0	584.279905	54.115290	171.619073	13.404001	-1	###FLOW###
4	35	2	0	0	0	584.279905	54.115290	171.619073	13.404001	-1	###LINE###
5	35	2	0	0	0	584.28	54.12	26.72	13.40	100	2024
5	35	2	0	0	1	614.49	54.12	44.86	13.40	100	Primary
5	35	2	0	0	2	662.36	54.12	46.82	13.40	100	Election
5	35	2	0	0	3	712.53	54.12	43.37	13.40	100	Results
3	35	3	0	0	0	316.559949	111.955306	158.811321	41.003991	-1	###FLOW###
4	35	3	0	0	0	336.599963	111.955306	118.754055	13.404001	-1	###LINE###
5	35	3	0	0	0	336.60	111.96	29.36	13.40	100	State
5	35	3	0	0	1	369.32	111.96	86.04	13.40	100	Representative
4	35	3	0	1	0	316.559949	125.755316	158.811321	13.404001	-1	###LINE###
5	35	3	0	1	0	316.56	125.76	24.69	13.40	100	86th
5	35	3	0	1	1	344.60	125.76	86.03	13.40	100	Representative
5	35	3	0	1	2	434.00	125.76	41.37	13.40	100	District
4	35	3	0	2	0	347.039954	139.555296	98.280875	13.404001	-1	###LINE###
5	35	3	0	2	0	347.04	139.56	64.81	13.40	100	Republican
5	35	3	0	2	1	415.16	139.56	30.16	13.40	100	Party
3	35	3	1	0	0	393.599930	164.364412	45.726974	22.017245	-1	###FLOW###
4	35	3	1	0	0	393.599930	164.364412	45.594273	10.857240	-1	###LINE###
5	35	3	1	0	0	393.60	164.36	19.26	10.86	100	Tom
5	35	3	1	0	1	415.37	164.36	23.82	10.86	100	O'dell
4	35	3	1	1	0	409.079946	175.524417	30.246958	10.857240	-1	###LINE###
5	35	3	1	1	0	409.08	175.52	30.25	10.86	100	SMITH
3	35	4	0	0	0	507.959931	164.364412	39.356081	22.017245	-1	###FLOW###
4	35	4	0	0	0	519.119900	164.364412	28.008606	10.857240	-1	###LINE###
5	35	4	0	0	0	519.12	164.36	17.83	10.86	100	Billy
5	35	4	0	0	1	539.45	164.36	7.68	10.86	100	J.
4	35	4	0	1	0	507.959931	175.524417	39.356081	10.857240	-1	###LINE###
5	35	4	0	1	0	507.96	175.52	39.36	10.86	100	TAYLOR
3	35	5	0	0	0	244.799973	191.124398	22.169424	10.857240	-1	###FLOW###
4	35	5	0	0	0	244.799973	191.124398	22.169424	10.857240	-1	###LINE###
5	35	5	0	0	0	244.80	191.12	22.17	10.86	100	Knox
3	35	6	0	0	0	414.839947	191.124398	24.339653	10.857240	-1	###FLOW###
4	35	6	0	0	0	414.839947	191.124398	24.339653	10.857240	-1	###LINE###
5	35	6	0	0	0	414.84	191.12	24.34	10.86	100	2,237
3	35	7	0	0	0	522.839930	191.124398	24.339653	10.857240	-1	###FLOW###
4	35	7	0	0	0	522.839930	191.124398	24.339653	10.857240	-1	###LINE###
5	35	7	0	0	0	522.84	191.12	24.34	10.86	100	1,456
3	35	8	0	0	0	244.799973	206.604415	27.045141	10.857240	-1	###FLOW###
4	35	8	0	0	0	244.799973	206.604415	27.045141	10.857240	-1	###LINE###
5	35	8	0	0	0	244.80	206.60	27.05	10.86	100	Laurel
3	35	9	0	0	0	422.999924	206.604415	16.232924	10.857240	-1	###FLOW###
4	35	9	0	0	0	422.999924	206.604415	16.232924	10.857240	-1	###LINE###
5	35	9	0	0	0	423.00	206.60	16.23	10.86	100	676
3	35	10	0	0	0	530.999937	206.604415	16.232924	10.857240	-1	###FLOW###
4	35	10	0	0	0	530.999937	206.604415	16.232924	10.857240	-1	###LINE###
5	35	10	0	0	0	531.00	206.60	16.23	10.86	100	254
3	35	11	0	0	0	414.839947	222.324393	24.339653	10.857240	-1	###FLOW###
4	35	11	0	0	0	414.839947	222.324393	24.339653	10.857240	-1	###LINE###
5	35	11	0	0	0	414.84	222.32	24.34	10.86	100	2,913
3	35	12	0	0	0	522.839930	222.324393	24.339653	10.857240	-1	###FLOW###
4	35	12	0	0	0	522.839930	222.324393	24.339653	10.857240	-1	###LINE###
5	35	12	0	0	0	522.84	222.32	24.34	10.86	100	1,710
3	35	13	0	0	0	244.799973	222.324393	52.328795	10.857240	-1	###FLOW###
4	35	13	0	0	0	244.799973	222.324393	52.328795	10.857240	-1	###LINE###
5	35	13	0	0	0	244.80	222.32	23.10	10.86	100	Total
5	35	13	0	0	1	270.65	222.32	26.48	10.86	100	Votes
3	35	14	0	0	0	316.559949	271.075272	158.811321	41.004021	-1	###FLOW###
4	35	14	0	0	0	336.599963	271.075272	118.754055	13.404001	-1	###LINE###
5	35	14	0	0	0	336.60	271.08	29.36	13.40	100	State
5	35	14	0	0	1	369.32	271.08	86.04	13.40	100	Representative
4	35	14	0	1	0	316.559949	284.875281	158.811321	13.404001	-1	###LINE###
5	35	14	0	1	0	316.56	284.88	24.69	13.40	100	89th
5	35	14	0	1	1	344.60	284.88	86.03	13.40	100	Representative
5	35	14	0	1	2	434.00	284.88	41.37	13.40	100	District
4	35	14	0	2	0	347.039954	298.675291	98.280875	13.404001	-1	###LINE###
5	35	14	0	2	0	347.04	298.68	64.81	13.40	100	Republican
5	35	14	0	2	1	415.16	298.68	30.16	13.40	100	Party
3	35	14	1	0	0	401.159952	323.484378	38.286628	22.017275	-1	###FLOW###
4	35	14	1	0	0	410.639952	323.484378	28.806627	10.857240	-1	###LINE###
5	35	14	1	0	0	410.64	323.48	28.81	10.86	100	Timmy
4	35	14	1	1	0	401.159952	334.644412	38.090925	10.857240	-1	###LINE###
5	35	14	1	1	0	401.16	334.64	38.09	10.86	100	TRUETT
3	35	15	0	0	0	500.399941	323.484378	46.927552	22.017275	-1	###FLOW###
4	35	15	0	0	0	523.919911	323.484378	23.249673	10.857240	-1	###LINE###
5	35	15	0	0	0	523.92	323.48	23.25	10.86	100	Idalia
4	35	15	0	1	0	500.399941	334.644412	46.927552	10.857240	-1	###LINE###
5	35	15	0	1	0	500.40	334.64	46.93	10.86	100	HOLLAND
3	35	16	0	0	0	244.799973	350.244379	35.842840	10.857240	-1	###FLOW###
4	35	16	0	0	0	244.799973	350.244379	35.842840	10.857240	-1	###LINE###
5	35	16	0	0	0	244.80	350.24	35.84	10.86	100	Jackson
3	35	17	0	0	0	414.839947	350.244379	24.339653	10.857240	-1	###FLOW###
4	35	17	0	0	0	414.839947	350.244379	24.339653	10.857240	-1	###LINE###
5	35	17	0	0	0	414.84	350.24	24.34	10.86	100	1,542
3	35	18	0	0	0	530.999937	350.244379	16.232924	10.857240	-1	###FLOW###
4	35	18	0	0	0	530.999937	350.244379	16.232924	10.857240	-1	###LINE###
5	35	18	0	0	0	531.00	350.24	16.23	10.86	100	171
3	35	19	0	0	0	244.799973	365.724365	27.045141	10.857240	-1	###FLOW###
4	35	19	0	0	0	244.799973	365.724365	27.045141	10.857240	-1	###LINE###
5	35	19	0	0	0	244.80	365.72	27.05	10.86	100	Laurel
3	35	20	0	0	0	422.999924	365.724365	16.232924	10.857240	-1	###FLOW###
4	35	20	0	0	0	422.999924	365.724365	16.232924	10.857240	-1	###LINE###
5	35	20	0	0	0	423.00	365.72	16.23	10.86	100	435
3	35	21	0	0	0	536.399904	365.724365	10.821949	10.857240	-1	###FLOW###
4	35	21	0	0	0	536.399904	365.724365	10.821949	10.857240	-1	###LINE###
5	35	21	0	0	0	536.40	365.72	10.82	10.86	100	56
3	35	22	0	0	0	244.799973	381.084385	16.232924	10.857240	-1	###FLOW###
4	35	22	0	0	0	244.799973	381.084385	16.232924	10.857240	-1	###LINE###
5	35	22	0	0	0	244.80	381.08	16.23	10.86	100	Lee
3	35	23	0	0	0	422.999924	381.084385	16.232924	10.857240	-1	###FLOW###
4	35	23	0	0	0	422.999924	381.084385	16.232924	10.857240	-1	###LINE###
5	35	23	0	0	0	423.00	381.08	16.23	10.86	100	420
3	35	24	0	0	0	536.399904	381.084385	10.821949	10.857240	-1	###FLOW###
4	35	24	0	0	0	536.399904	381.084385	10.821949	10.857240	-1	###LINE###
5	35	24	0	0	0	536.40	381.08	10.82	10.86	100	67
3	35	25	0	0	0	244.799973	396.564372	36.679789	10.857240	-1	###FLOW###
4	35	25	0	0	0	244.799973	396.564372	36.679789	10.857240	-1	###LINE###
5	35	25	0	0	0	244.80	396.56	36.68	10.86	100	Madison
3	35	26	0	0	0	422.999924	396.564372	16.232924	10.857240	-1	###FLOW###
4	35	26	0	0	0	422.999924	396.564372	16.232924	10.857240	-1	###LINE###
5	35	26	0	0	0	423.00	396.56	16.23	10.86	100	552
3	35	27	0	0	0	536.399904	396.564372	10.821949	10.857240	-1	###FLOW###
4	35	27	0	0	0	536.399904	396.564372	10.821949	10.857240	-1	###LINE###
5	35	27	0	0	0	536.40	396.56	10.82	10.86	100	72
3	35	28	0	0	0	244.799973	411.924393	25.390706	10.857240	-1	###FLOW###
4	35	28	0	0	0	244.799973	411.924393	25.390706	10.857240	-1	###LINE###
5	35	28	0	0	0	244.80	411.92	25.39	10.86	100	Wolfe
3	35	29	0	0	0	428.399953	411.924393	10.821949	10.857240	-1	###FLOW###
4	35	29	0	0	0	428.399953	411.924393	10.821949	10.857240	-1	###LINE###
5	35	29	0	0	0	428.40	411.92	10.82	10.86	100	69
3	35	30	0	0	0	541.799933	411.924393	5.410975	10.857240	-1	###FLOW###
4	35	30	0	0	0	541.799933	411.924393	5.410975	10.857240	-1	###LINE###
5	35	30	0	0	0	541.80	411.92	5.41	10.86	100	8
3	35	31	0	0	0	414.839947	427.644402	24.339653	10.857240	-1	###FLOW###
4	35	31	0	0	0	414.839947	427.644402	24.339653	10.857240	-1	###LINE###
5	35	31	0	0	0	414.84	427.64	24.34	10.86	100	3,018
3	35	32	0	0	0	530.999937	427.644402	16.232924	10.857240	-1	###FLOW###
4	35	32	0	0	0	530.999937	427.644402	16.232924	10.857240	-1	###LINE###
5	35	32	0	0	0	531.00	427.64	16.23	10.86	100	374
3	35	33	0	0	0	244.799973	427.644402	52.328795	10.857240	-1	###FLOW###
4	35	33	0	0	0	244.799973	427.644402	52.328795	10.857240	-1	###LINE###
5	35	33	0	0	0	244.80	427.64	23.10	10.86	100	Total
5	35	33	0	0	1	270.65	427.64	26.48	10.86	100	Votes
1	36	0	0	0	0	0.000000	0.000000	792.000000	612.000000	-1	###PAGE###
3	36	0	0	0	0	35.999994	54.115290	161.658823	13.404001	-1	###FLOW###
4	36	0	0	0	0	35.999994	54.115290	161.658823	13.404001	-1	###LINE###
5	36	0	0	0	0	36.00	54.12	89.57	13.40	100	Commonwealth
5	36	0	0	0	1	128.96	54.12	11.33	13.40	100	of
5	36	0	0	0	2	143.60	54.12	54.05	13.40	100	Kentucky
3	36	1	0	0	0	289.919964	54.115290	211.964694	13.404001	-1	###FLOW###
4	36	1	0	0	0	289.919964	54.115290	211.964694	13.404001	-1	###LINE###
5	36	1	0	0	0	289.92	54.12	44.03	13.40	100	Michael
5	36	1	0	0	1	337.40	54.12	12.66	13.40	100	G.
5	36	1	0	0	2	353.48	54.12	43.01	13.40	100	Adams,
5	36	1	0	0	3	399.93	54.12	54.90	13.40	100	Secretary
5	36	1	0	0	4	457.89	54.12	11.33	13.40	100	of
5	36	1	0	0	5	472.52	54.12	29.36	13.40	100	State
3	36	2	0	0	0	584.279905	54.115290	171.619073	13.404001	-1	###FLOW###
4	36	2	0	0	0	584.279905	54.115290	171.619073	13.404001	-1	###LINE###
5	36	2	0	0	0	584.28	54.12	26.72	13.40	100	2024
5	36	2	0	0	1	614.49	54.12	44.86	13.40	100	Primary
5	36	2	0	0	2	662.36	54.12	46.82	13.40	100	Election
5	36	2	0	0	3	712.53	54.12	43.37	13.40	100	Results
3	36	3	0	0	0	316.799961	111.955306	158.210582	41.003991	-1	###FLOW###
4	36	3	0	0	0	336.599963	111.955306	118.754055	13.404001	-1	###LINE###
5	36	3	0	0	0	336.60	111.96	29.36	13.40	100	State
5	36	3	0	0	1	369.32	111.96	86.04	13.40	100	Representative
4	36	3	0	1	0	316.799961	125.755316	158.210582	13.404001	-1	###LINE###
5	36	3	0	1	0	316.80	125.76	24.04	13.40	100	91st
5	36	3	0	1	1	344.24	125.76	86.04	13.40	100	Representative
5	36	3	0	1	2	433.64	125.76	41.37	13.40	100	District
4	36	3	0	2	0	347.039954	139.555296	98.280875	13.404001	-1	###LINE###
5	36	3	0	2	0	347.04	139.56	64.81	13.40	100	Republican
5	36	3	0	2	1	415.16	139.56	30.16	13.40	100	Party
3	36	3	1	0	0	398.279951	164.364412	41.039711	22.017245	-1	###FLOW###
4	36	3	1	0	0	409.559941	164.364412	29.507329	10.857240	-1	###LINE###
5	36	3	1	0	0	409.56	164.36	17.83	10.86	100	Billy
5	36	3	1	0	1	429.89	164.36	9.18	10.86	100	E.
4	36	3	1	1	0	398.279951	175.524417	41.039711	10.857240	-1	###LINE###
5	36	3	1	1	0	398.28	175.52	41.04	10.86	100	WESLEY
3	36	4	0	0	0	501.959917	164.364412	45.243922	22.017245	-1	###FLOW###
4	36	4	0	0	0	503.879927	164.364412	43.248868	10.857240	-1	###LINE###
5	36	4	0	0	0	503.88	164.36	28.19	10.86	100	Darrell
5	36	4	0	0	1	534.65	164.36	12.48	10.86	100	W.
4	36	4	0	1	0	501.959917	175.524417	45.243922	10.857240	-1	###LINE###
5	36	4	0	1	0	501.96	175.52	45.24	10.86	100	BILLINGS
3	36	5	0	0	0	414.839947	191.124398	24.339653	10.857240	-1	###FLOW###
4	36	5	0	0	0	414.839947	191.124398	24.339653	10.857240	-1	###LINE###
5	36	5	0	0	0	414.84	191.12	24.34	10.86	100	1,055
3	36	6	0	0	0	530.999937	191.124398	16.232924	10.857240	-1	###FLOW###
4	36	6	0	0	0	530.999937	191.124398	16.232924	10.857240	-1	###LINE###
5	36	6	0	0	0	531.00	191.12	16.23	10.86	100	407
3	36	7	0	0	0	244.799973	206.604415	36.679789	10.857240	-1	###FLOW###
4	36	7	0	0	0	244.799973	206.604415	36.679789	10.857240	-1	###LINE###
5	36	7	0	0	0	244.80	206.60	36.68	10.86	100	Madison
3	36	8	0	0	0	422.999924	206.604415	16.232924	10.857240	-1	###FLOW###
4	36	8	0	0	0	422.999924	206.604415	16.232924	10.857240	-1	###LINE###
5	36	8	0	0	0	423.00	206.60	16.23	10.86	100	299
3	36	9	0	0	0	530.999937	206.604415	16.232924	10.857240	-1	###FLOW###
4	36	9	0	0	0	530.999937	206.604415	16.232924	10.857240	-1	###LINE###
5	36	9	0	0	0	531.00	206.60	16.23	10.86	100	346
3	36	10	0	0	0	244.799973	221.964406	28.446544	10.857240	-1	###FLOW###
4	36	10	0	0	0	244.799973	221.964406	28.446544	10.857240	-1	###LINE###
5	36	10	0	0	0	244.80	221.96	28.45	10.86	100	Powell
3	36	11	0	0	0	422.999924	221.964406	16.232924	10.857240	-1	###FLOW###
4	36	11	0	0	0	422.999924	221.964406	16.232924	10.857240	-1	###LINE###
5	36	11	0	0	0	423.00	221.96	16.23	10.86	100	319
3	36	12	0	0	0	530.999937	221.964406	16.232924	10.857240	-1	###FLOW###
4	36	12	0	0	0	530.999937	221.964406	16.232924	10.857240	-1	###LINE###
5	36	12	0	0	0	531.00	221.96	16.23	10.86	100	717
3	36	13	0	0	0	414.839947	237.684413	24.339653	10.857240	-1	###FLOW###
4	36	13	0	0	0	414.839947	237.684413	24.339653	10.857240	-1	###LINE###
5	36	13	0	0	0	414.84	237.68	24.34	10.86	100	1,673
3	36	14	0	0	0	522.839930	237.684413	24.339653	10.857240	-1	###FLOW###
4	36	14	0	0	0	522.839930	237.684413	24.339653	10.857240	-1	###LINE###
5	36	14	0	0	0	522.84	237.68	24.34	10.86	100	1,470
3	36	15	0	0	0	244.799973	191.124398	20.631773	10.857240	-1	###FLOW###
4	36	15	0	0	0	244.799973	191.124398	20.631773	10.857240	-1	###LINE###
5	36	15	0	0	0	244.80	191.12	20.63	10.86	100	Estill
3	36	16	0	0	0	244.799973	237.684413	52.328795	10.857240	-1	###FLOW###
4	36	16	0	0	0	244.799973	237.684413	52.328795	10.857240	-1	###LINE###
5	36	16	0	0	0	244.80	237.68	23.10	10.86	100	Total
5	36	16	0	0	1	270.65	237.68	26.48	10.86	100	Votes
3	36	17	0	0	0	316.199944	286.555288	159.532208	41.003991	-1	###FLOW###
4	36	17	0	0	0	336.599963	286.555288	118.754055	13.404001	-1	###LINE###
5	36	17	0	0	0	336.60	286.56	29.36	13.40	100	State
5	36	17	0	0	1	369.32	286.56	86.04	13.40	100	Representative
4	36	17	0	1	0	316.199944	300.355268	159.532208	13.404001	-1	###LINE###
5	36	17	0	1	0	316.20	300.36	25.36	13.40	100	93rd
5	36	17	0	1	1	344.96	300.36	86.03	13.40	100	Representative
5	36	17	0	1	2	434.37	300.36	41.37	13.40	100	District
4	36	17	0	2	0	346.679950	314.155277	98.881614	13.404001	-1	###LINE###
5	36	17	0	2	0	346.68	314.16	65.41	13.40	100	Democratic
5	36	17	0	2	1	415.52	314.16	30.04	13.40	100	Party
3	36	17	1	0	0	398.279951	338.964394	40.971588	22.017229	-1	###FLOW###
4	36	17	1	0	0	406.799932	338.964394	32.436651	10.857240	-1	###LINE###
5	36	17	1	0	0	406.80	338.96	32.44	10.86	100	Adrielle
4	36	17	1	1	0	398.279951	350.124383	40.971588	10.857240	-1	###LINE###
5	36	17	1	1	0	398.28	350.12	40.97	10.86	100	CAMUEL
3	36	18	0	0	0	512.279917	338.964394	34.986427	22.017229	-1	###FLOW###
4	36	18	0	0	0	521.279923	338.964394	25.955160	10.857240	-1	###LINE###
5	36	18	0	0	0	521.28	338.96	25.96	10.86	100	Sarah
4	36	18	0	1	0	512.279917	350.124383	34.986427	10.857240	-1	###LINE###
5	36	18	0	1	0	512.28	350.12	34.99	10.86	100	RITTER
3	36	19	0	0	0	244.799973	365.724365	32.290672	10.857240	-1	###FLOW###
4	36	19	0	0	0	244.799973	365.724365	32.290672	10.857240	-1	###LINE###
5	36	19	0	0	0	244.80	365.72	32.29	10.86	100	Fayette
3	36	20	0	0	0	414.839947	365.724365	24.339653	10.857240	-1	###FLOW###
4	36	20	0	0	0	414.839947	365.724365	24.339653	10.857240	-1	###LINE###
5	36	20	0	0	0	414.84	365.72	24.34	10.86	100	1,985
3	36	21	0	0	0	530.999937	365.724365	16.232924	10.857240	-1	###FLOW###
4	36	21	0	0	0	530.999937	365.724365	16.232924	10.857240	-1	###LINE###
5	36	21	0	0	0	531.00	365.72	16.23	10.86	100	750
3	36	22	0	0	0	244.799973	381.444374	52.328795	10.857240	-1	###FLOW###
4	36	22	0	0	0	244.799973	381.444374	52.328795	10.857240	-1	###LINE###
5	36	22	0	0	0	244.80	381.44	23.10	10.86	100	Total
5	36	22	0	0	1	270.65	381.44	26.48	10.86	100	Votes
3	36	23	0	0	0	414.839947	381.444374	24.339653	10.857240	-1	###FLOW###
4	36	23	0	0	0	414.839947	381.444374	24.339653	10.857240	-1	###LINE###
5	36	23	0	0	0	414.84	381.44	24.34	10.86	100	1,985
3	36	24	0	0	0	530.999937	381.444374	16.232924	10.857240	-1	###FLOW###
4	36	24	0	0	0	530.999937	381.444374	16.232924	10.857240	-1	###LINE###
5	36	24	0	0	0	531.00	381.44	16.23	10.86	100	750
1	37	0	0	0	0	0.000000	0.000000	792.000000	612.000000	-1	###PAGE###
3	37	0	0	0	0	35.999994	54.115290	161.658823	13.404001	-1	###FLOW###
4	37	0	0	0	0	35.999994	54.115290	161.658823	13.404001	-1	###LINE###
5	37	0	0	0	0	36.00	54.12	89.57	13.40	100	Commonwealth
5	37	0	0	0	1	128.96	54.12	11.33	13.40	100	of
5	37	0	0	0	2	143.60	54.12	54.05	13.40	100	Kentucky
3	37	1	0	0	0	289.919964	54.115290	211.964694	13.404001	-1	###FLOW###
4	37	1	0	0	0	289.919964	54.115290	211.964694	13.404001	-1	###LINE###
5	37	1	0	0	0	289.92	54.12	44.03	13.40	100	Michael
5	37	1	0	0	1	337.40	54.12	12.66	13.40	100	G.
5	37	1	0	0	2	353.48	54.12	43.01	13.40	100	Adams,
5	37	1	0	0	3	399.93	54.12	54.90	13.40	100	Secretary
5	37	1	0	0	4	457.89	54.12	11.33	13.40	100	of
5	37	1	0	0	5	472.52	54.12	29.36	13.40	100	State
3	37	2	0	0	0	584.279905	54.115290	171.619073	13.404001	-1	###FLOW###
4	37	2	0	0	0	584.279905	54.115290	171.619073	13.404001	-1	###LINE###
5	37	2	0	0	0	584.28	54.12	26.72	13.40	100	2024
5	37	2	0	0	1	614.49	54.12	44.86	13.40	100	Primary
5	37	2	0	0	2	662.36	54.12	46.82	13.40	100	Election
5	37	2	0	0	3	712.53	54.12	43.37	13.40	100	Results
3	37	3	0	0	0	316.559949	111.955306	158.811321	41.003991	-1	###FLOW###
4	37	3	0	0	0	336.599963	111.955306	118.754055	13.404001	-1	###LINE###
5	37	3	0	0	0	336.60	111.96	29.36	13.40	100	State
5	37	3	0	0	1	369.32	111.96	86.04	13.40	100	Representative
4	37	3	0	1	0	316.559949	125.755316	158.811321	13.404001	-1	###LINE###
5	37	3	0	1	0	316.56	125.76	24.69	13.40	100	95th
5	37	3	0	1	1	344.60	125.76	86.03	13.40	100	Representative
5	37	3	0	1	2	434.00	125.76	41.37	13.40	100	District
4	37	3	0	2	0	347.039954	139.555296	98.280875	13.404001	-1	###LINE###
5	37	3	0	2	0	347.04	139.56	64.81	13.40	100	Republican
5	37	3	0	2	1	415.16	139.56	30.16	13.40	100	Party
3	37	3	1	0	0	392.399928	164.364412	46.859429	22.017245	-1	###FLOW###
4	37	3	1	0	0	402.479946	164.364412	36.777109	10.857240	-1	###LINE###
5	37	3	1	0	0	402.48	164.36	36.78	10.86	100	Brandon
4	37	3	1	1	0	392.399928	175.524417	46.859429	10.857240	-1	###LINE###
5	37	3	1	1	0	392.40	175.52	46.86	10.86	100	SPENCER
3	37	4	0	0	0	482.639942	164.364412	64.688395	22.017245	-1	###FLOW###
4	37	4	0	0	0	522.359904	164.364412	24.874912	10.857240	-1	###LINE###
5	37	4	0	0	0	522.36	164.36	24.87	10.86	100	David
4	37	4	0	1	0	482.639942	175.524417	64.688395	10.857240	-1	###LINE###
5	37	4	0	1	0	482.64	175.52	64.69	10.86	100	PENNINGTON
3	37	5	0	0	0	244.799973	191.124398	23.522168	10.857240	-1	###FLOW###
4	37	5	0	0	0	244.799973	191.124398	23.522168	10.857240	-1	###LINE###
5	37	5	0	0	0	244.80	191.12	23.52	10.86	100	Floyd
3	37	6	0	0	0	422.999924	191.124398	16.232924	10.857240	-1	###FLOW###
4	37	6	0	0	0	422.999924	191.124398	16.232924	10.857240	-1	###LINE###
5	37	6	0	0	0	423.00	191.12	16.23	10.86	100	720
3	37	7	0	0	0	530.999937	191.124398	16.232924	10.857240	-1	###FLOW###
4	37	7	0	0	0	530.999937	191.124398	16.232924	10.857240	-1	###LINE###
5	37	7	0	0	0	531.00	191.12	16.23	10.86	100	366
3	37	8	0	0	0	244.799973	206.604415	18.918947	10.857240	-1	###FLOW###
4	37	8	0	0	0	244.799973	206.604415	18.918947	10.857240	-1	###LINE###
5	37	8	0	0	0	244.80	206.60	18.92	10.86	100	Pike
3	37	9	0	0	0	422.999924	206.604415	16.232924	10.857240	-1	###FLOW###
4	37	9	0	0	0	422.999924	206.604415	16.232924	10.857240	-1	###LINE###
5	37	9	0	0	0	423.00	206.60	16.23	10.86	100	247
3	37	10	0	0	0	530.999937	206.604415	16.232924	10.857240	-1	###FLOW###
4	37	10	0	0	0	530.999937	206.604415	16.232924	10.857240	-1	###LINE###
5	37	10	0	0	0	531.00	206.60	16.23	10.86	100	112
3	37	11	0	0	0	244.799973	222.324393	52.328795	10.857240	-1	###FLOW###
4	37	11	0	0	0	244.799973	222.324393	52.328795	10.857240	-1	###LINE###
5	37	11	0	0	0	244.80	222.32	23.10	10.86	100	Total
5	37	11	0	0	1	270.65	222.32	26.48	10.86	100	Votes
3	37	12	0	0	0	422.999924	222.324393	16.232924	10.857240	-1	###FLOW###
4	37	12	0	0	0	422.999924	222.324393	16.232924	10.857240	-1	###LINE###
5	37	12	0	0	0	423.00	222.32	16.23	10.86	100	967
3	37	13	0	0	0	530.999937	222.324393	16.232924	10.857240	-1	###FLOW###
4	37	13	0	0	0	530.999937	222.324393	16.232924	10.857240	-1	###LINE###
5	37	13	0	0	0	531.00	222.32	16.23	10.86	100	478
3	37	14	0	0	0	316.559949	271.075272	158.811321	41.004021	-1	###FLOW###
4	37	14	0	0	0	336.599963	271.075272	118.754055	13.404001	-1	###LINE###
5	37	14	0	0	0	336.60	271.08	29.36	13.40	100	State
5	37	14	0	0	1	369.32	271.08	86.04	13.40	100	Representative
4	37	14	0	1	0	316.559949	284.875281	158.811321	13.404001	-1	###LINE###
5	37	14	0	1	0	316.56	284.88	24.69	13.40	100	98th
5	37	14	0	1	1	344.60	284.88	86.03	13.40	100	Representative
5	37	14	0	1	2	434.00	284.88	41.37	13.40	100	District
4	37	14	0	2	0	346.679950	298.675291	98.881614	13.404001	-1	###LINE###
5	37	14	0	2	0	346.68	298.68	65.41	13.40	100	Democratic
5	37	14	0	2	1	415.52	298.68	30.04	13.40	100	Party
3	37	14	1	0	0	300.239964	323.484378	45.487221	22.017275	-1	###FLOW###
4	37	14	1	0	0	311.639945	323.484378	33.964570	10.857240	-1	###LINE###
5	37	14	1	0	0	311.64	323.48	33.96	10.86	100	Tammie
4	37	14	1	1	0	300.239964	334.644412	45.487221	10.857240	-1	###LINE###
5	37	14	1	1	0	300.24	334.64	45.49	10.86	100	WOMACK
3	37	15	0	0	0	405.719950	323.484378	33.487704	22.017275	-1	###FLOW###
4	37	15	0	0	0	423.479949	323.484378	15.687933	10.857240	-1	###LINE###
5	37	15	0	0	0	423.48	323.48	15.69	10.86	100	Joe
4	37	15	0	1	0	405.719950	334.644412	33.487704	10.857240	-1	###LINE###
5	37	15	0	1	0	405.72	334.64	33.49	10.86	100	VIRGIN
3	37	16	0	0	0	490.559935	323.484378	42.304442	22.017275	-1	###FLOW###
4	37	16	0	0	0	490.559935	323.484378	42.168620	10.857240	-1	###LINE###
5	37	16	0	0	0	490.56	323.48	28.66	10.86	100	James
5	37	16	0	0	1	521.93	323.48	10.80	10.86	100	M.
4	37	16	0	1	0	492.359924	334.644412	40.504453	10.857240	-1	###LINE###
5	37	16	0	1	0	492.36	334.64	40.50	10.86	100	RENEAU
3	37	17	0	0	0	549.359923	323.484378	77.106001	22.017275	-1	###FLOW###
4	37	17	0	0	0	549.359923	323.484378	77.018799	10.857240	-1	###LINE###
5	37	17	0	0	0	549.36	323.48	29.53	10.86	100	Shawn
5	37	17	0	0	1	584.33	323.48	42.05	10.86	100	Lawrence
4	37	17	0	1	0	593.279912	334.644412	33.186013	10.857240	-1	###LINE###
5	37	17	0	1	0	593.28	334.64	33.19	10.86	100	ASSAR
3	37	18	0	0	0	165.599967	350.244379	21.965053	10.857240	-1	###FLOW###
4	37	18	0	0	0	165.599967	350.244379	21.965053	10.857240	-1	###LINE###
5	37	18	0	0	0	165.60	350.24	21.97	10.86	100	Boyd
3	37	19	0	0	0	329.399946	350.244379	16.232924	10.857240	-1	###FLOW###
4	37	19	0	0	0	329.399946	350.244379	16.232924	10.857240	-1	###LINE###
5	37	19	0	0	0	329.40	350.24	16.23	10.86	100	199
3	37	20	0	0	0	422.999924	350.244379	16.232924	10.857240	-1	###FLOW###
4	37	20	0	0	0	422.999924	350.244379	16.232924	10.857240	-1	###LINE###
5	37	20	0	0	0	423.00	350.24	16.23	10.86	100	118
3	37	21	0	0	0	521.999931	350.244379	10.821949	10.857240	-1	###FLOW###
4	37	21	0	0	0	521.999931	350.244379	10.821949	10.857240	-1	###LINE###
5	37	21	0	0	0	522.00	350.24	10.82	10.86	100	29
3	37	22	0	0	0	615.599910	350.244379	10.821949	10.857240	-1	###FLOW###
4	37	22	0	0	0	615.599910	350.244379	10.821949	10.857240	-1	###LINE###
5	37	22	0	0	0	615.60	350.24	10.82	10.86	100	27
3	37	23	0	0	0	165.599967	365.724365	37.857358	10.857240	-1	###FLOW###
4	37	23	0	0	0	165.599967	365.724365	37.857358	10.857240	-1	###LINE###
5	37	23	0	0	0	165.60	365.72	37.86	10.86	100	Greenup
3	37	24	0	0	0	329.399946	365.724365	16.232924	10.857240	-1	###FLOW###
4	37	24	0	0	0	329.399946	365.724365	16.232924	10.857240	-1	###LINE###
5	37	24	0	0	0	329.40	365.72	16.23	10.86	100	609
3	37	25	0	0	0	422.999924	365.724365	16.232924	10.857240	-1	###FLOW###
4	37	25	0	0	0	422.999924	365.724365	16.232924	10.857240	-1	###LINE###
5	37	25	0	0	0	423.00	365.72	16.23	10.86	100	648
3	37	26	0	0	0	516.599903	365.724365	16.232924	10.857240	-1	###FLOW###
4	37	26	0	0	0	516.599903	365.724365	16.232924	10.857240	-1	###LINE###
5	37	26	0	0	0	516.60	365.72	16.23	10.86	100	150
3	37	27	0	0	0	610.199881	365.724365	16.232924	10.857240	-1	###FLOW###
4	37	27	0	0	0	610.199881	365.724365	16.232924	10.857240	-1	###LINE###
5	37	27	0	0	0	610.20	365.72	16.23	10.86	100	131
3	37	28	0	0	0	165.599967	381.444374	52.328795	10.857240	-1	###FLOW###
4	37	28	0	0	0	165.599967	381.444374	52.328795	10.857240	-1	###LINE###
5	37	28	0	0	0	165.60	381.44	23.10	10.86	100	Total
5	37	28	0	0	1	191.45	381.44	26.48	10.86	100	Votes
3	37	29	0	0	0	329.399946	381.444374	16.232924	10.857240	-1	###FLOW###
4	37	29	0	0	0	329.399946	381.444374	16.232924	10.857240	-1	###LINE###
5	37	29	0	0	0	329.40	381.44	16.23	10.86	100	808
3	37	30	0	0	0	422.999924	381.444374	16.232924	10.857240	-1	###FLOW###
4	37	30	0	0	0	422.999924	381.444374	16.232924	10.857240	-1	###LINE###
5	37	30	0	0	0	423.00	381.44	16.23	10.86	100	766
3	37	31	0	0	0	516.599903	381.444374	16.232924	10.857240	-1	###FLOW###
4	37	31	0	0	0	516.599903	381.444374	16.232924	10.857240	-1	###LINE###
5	37	31	0	0	0	516.60	381.44	16.23	10.86	100	179
3	37	32	0	0	0	610.199881	381.444374	16.232924	10.857240	-1	###FLOW###
4	37	32	0	0	0	610.199881	381.444374	16.232924	10.857240	-1	###LINE###
5	37	32	0	0	0	610.20	381.44	16.23	10.86	100	158
1	38	0	0	0	0	0.000000	0.000000	792.000000	612.000000	-1	###PAGE###
3	38	0	0	0	0	270.479967	216.146188	251.051264	32.390776	-1	###FLOW###
4	38	0	0	0	0	299.759939	216.146188	192.474066	15.950760	-1	###LINE###
5	38	0	0	0	0	299.76	216.15	106.66	15.95	100	Commonwealth
5	38	0	0	0	1	410.39	216.15	13.48	15.95	100	of
5	38	0	0	0	2	427.91	216.15	64.32	15.95	100	Kentucky
4	38	0	0	1	0	270.479967	232.586204	251.051264	15.950760	-1	###LINE###
5	38	0	0	1	0	270.48	232.59	52.24	15.95	100	Michael
5	38	0	0	1	1	326.63	232.59	15.07	15.95	100	G.
5	38	0	0	1	2	345.60	232.59	51.00	15.95	100	Adams,
5	38	0	0	1	3	400.56	232.59	64.83	15.95	100	Secretary
5	38	0	0	1	4	469.19	232.59	13.48	15.95	100	of
5	38	0	0	1	5	486.59	232.59	34.94	15.95	100	State
3	38	0	1	0	0	267.959970	281.906191	256.084014	32.390746	-1	###FLOW###
4	38	0	1	0	0	352.439952	281.906191	87.115175	15.950760	-1	###LINE###
5	38	0	1	0	0	352.44	281.91	27.81	15.95	100	May
5	38	0	1	0	1	383.99	281.91	19.86	15.95	100	21,
5	38	0	1	0	2	407.76	281.91	31.80	15.95	100	2024
4	38	0	1	1	0	267.959970	298.346177	256.084014	15.950760	-1	###LINE###
5	38	0	1	1	0	267.96	298.35	48.41	15.95	100	Official
5	38	0	1	1	1	320.39	298.35	31.80	15.95	100	2024
5	38	0	1	1	2	356.03	298.35	53.07	15.95	100	Primary
5	38	0	1	1	3	412.91	298.35	55.55	15.95	100	Election
5	38	0	1	1	4	472.43	298.35	51.61	15.95	100	Results
3	38	0	2	0	0	306.239949	347.666194	179.577646	32.390746	-1	###FLOW###
4	38	0	2	0	0	341.879938	347.666194	108.032539	15.950760	-1	###LINE###
5	38	0	2	0	0	341.88	347.67	23.00	15.95	100	For
5	38	0	2	0	1	368.87	347.67	21.43	15.95	100	the
5	38	0	2	0	2	394.31	347.67	38.10	15.95	100	office
5	38	0	2	0	3	436.43	347.67	13.48	15.95	100	of
4	38	0	2	1	0	306.239949	364.106180	179.577646	15.950760	-1	###LINE###
5	38	0	2	1	0	306.24	364.11	117.70	15.95	100	Commonwealth's
5	38	0	2	1	1	427.80	364.11	58.02	15.95	100	Attorney
1	39	0	0	0	0	0.000000	0.000000	792.000000	612.000000	-1	###PAGE###
3	39	0	0	0	0	35.999994	54.115290	161.658823	13.404001	-1	###FLOW###
4	39	0	0	0	0	35.999994	54.115290	161.658823	13.404001	-1	###LINE###
5	39	0	0	0	0	36.00	54.12	89.57	13.40	100	Commonwealth
5	39	0	0	0	1	128.96	54.12	11.33	13.40	100	of
5	39	0	0	0	2	143.60	54.12	54.05	13.40	100	Kentucky
3	39	1	0	0	0	289.919964	54.115290	211.964694	13.404001	-1	###FLOW###
4	39	1	0	0	0	289.919964	54.115290	211.964694	13.404001	-1	###LINE###
5	39	1	0	0	0	289.92	54.12	44.03	13.40	100	Michael
5	39	1	0	0	1	337.40	54.12	12.66	13.40	100	G.
5	39	1	0	0	2	353.48	54.12	43.01	13.40	100	Adams,
5	39	1	0	0	3	399.93	54.12	54.90	13.40	100	Secretary
5	39	1	0	0	4	457.89	54.12	11.33	13.40	100	of
5	39	1	0	0	5	472.52	54.12	29.36	13.40	100	State
3	39	2	0	0	0	584.279905	54.115290	171.619073	13.404001	-1	###FLOW###
4	39	2	0	0	0	584.279905	54.115290	171.619073	13.404001	-1	###LINE###
5	39	2	0	0	0	584.28	54.12	26.72	13.40	100	2024
5	39	2	0	0	1	614.49	54.12	44.86	13.40	100	Primary
5	39	2	0	0	2	662.36	54.12	46.82	13.40	100	Election
5	39	2	0	0	3	712.53	54.12	43.37	13.40	100	Results
3	39	3	0	0	0	320.639952	111.955306	151.085820	41.003991	-1	###FLOW###
4	39	3	0	0	0	320.639952	111.955306	151.085820	13.404001	-1	###LINE###
5	39	3	0	0	0	320.64	111.96	98.86	13.40	100	Commonwealth's
5	39	3	0	0	1	422.84	111.96	48.89	13.40	100	Attorney
4	39	3	0	1	0	338.759955	125.755316	114.296573	13.404001	-1	###LINE###
5	39	3	0	1	0	338.76	125.76	24.69	13.40	100	14th
5	39	3	0	1	1	366.80	125.76	44.80	13.40	100	Judicial
5	39	3	0	1	2	415.04	125.76	38.01	13.40	100	Circuit
4	39	3	0	2	0	347.039954	139.555296	98.280875	13.404001	-1	###LINE###
5	39	3	0	2	0	347.04	139.56	64.81	13.40	100	Republican
5	39	3	0	2	1	415.16	139.56	30.16	13.40	100	Party
3	39	3	1	0	0	338.399952	164.364412	46.917820	22.017245	-1	###FLOW###
4	39	3	1	0	0	366.839955	164.364412	18.373957	10.857240	-1	###LINE###
5	39	3	1	0	0	366.84	164.36	18.37	10.86	100	Kelli
4	39	3	1	1	0	338.399952	175.524417	46.917820	10.857240	-1	###LINE###
5	39	3	1	1	0	338.40	175.52	46.92	10.86	100	KEARNEY
3	39	4	0	0	0	414.599935	164.364412	78.751090	22.017245	-1	###FLOW###
4	39	4	0	0	0	461.879950	164.364412	31.366135	10.857240	-1	###LINE###
5	39	4	0	0	0	461.88	164.36	31.37	10.86	100	Sharon
4	39	4	0	1	0	414.599935	175.524417	78.751090	10.857240	-1	###LINE###
5	39	4	0	1	0	414.60	175.52	27.96	10.86	100	MUSE
5	39	4	0	1	1	445.26	175.52	48.10	10.86	100	JOHNSON
3	39	5	0	0	0	555.479898	164.364412	45.895964	22.017245	-1	###FLOW###
4	39	5	0	0	0	556.079915	164.364412	45.127138	10.857240	-1	###LINE###
5	39	5	0	0	0	556.08	164.36	20.01	10.86	100	Jack
5	39	5	0	0	1	578.93	164.36	22.28	10.86	100	Keith
4	39	5	0	1	0	555.479898	175.524417	45.895964	10.857240	-1	###LINE###
5	39	5	0	1	0	555.48	175.52	45.90	10.86	100	EARDLEY
3	39	6	0	0	0	368.999948	191.124398	16.232924	10.857240	-1	###FLOW###
4	39	6	0	0	0	368.999948	191.124398	16.232924	10.857240	-1	###LINE###
5	39	6	0	0	0	369.00	191.12	16.23	10.86	100	458
3	39	7	0	0	0	476.999931	191.124398	16.232924	10.857240	-1	###FLOW###
4	39	7	0	0	0	476.999931	191.124398	16.232924	10.857240	-1	###LINE###
5	39	7	0	0	0	477.00	191.12	16.23	10.86	100	292
3	39	8	0	0	0	584.999913	191.124398	16.232924	10.857240	-1	###FLOW###
4	39	8	0	0	0	584.999913	191.124398	16.232924	10.857240	-1	###LINE###
5	39	8	0	0	0	585.00	191.12	16.23	10.86	100	125
3	39	9	0	0	0	360.839941	206.604415	24.339653	10.857240	-1	###FLOW###
4	39	9	0	0	0	360.839941	206.604415	24.339653	10.857240	-1	###LINE###
5	39	9	0	0	0	360.84	206.60	24.34	10.86	100	2,058
3	39	10	0	0	0	468.839924	206.604415	24.339653	10.857240	-1	###FLOW###
4	39	10	0	0	0	468.839924	206.604415	24.339653	10.857240	-1	###LINE###
5	39	10	0	0	0	468.84	206.60	24.34	10.86	100	1,810
3	39	11	0	0	0	576.839906	206.604415	24.339653	10.857240	-1	###FLOW###
4	39	11	0	0	0	576.839906	206.604415	24.339653	10.857240	-1	###LINE###
5	39	11	0	0	0	576.84	206.60	24.34	10.86	100	1,206
3	39	12	0	0	0	190.799966	221.964406	42.703878	10.857240	-1	###FLOW###
4	39	12	0	0	0	190.799966	221.964406	42.703878	10.857240	-1	###LINE###
5	39	12	0	0	0	190.80	221.96	42.70	10.86	100	Woodford
3	39	13	0	0	0	368.999948	221.964406	16.232924	10.857240	-1	###FLOW###
4	39	13	0	0	0	368.999948	221.964406	16.232924	10.857240	-1	###LINE###
5	39	13	0	0	0	369.00	221.96	16.23	10.86	100	985
3	39	14	0	0	0	476.999931	221.964406	16.232924	10.857240	-1	###FLOW###
4	39	14	0	0	0	476.999931	221.964406	16.232924	10.857240	-1	###LINE###
5	39	14	0	0	0	477.00	221.96	16.23	10.86	100	490
3	39	15	0	0	0	584.999913	221.964406	16.232924	10.857240	-1	###FLOW###
4	39	15	0	0	0	584.999913	221.964406	16.232924	10.857240	-1	###LINE###
5	39	15	0	0	0	585.00	221.96	16.23	10.86	100	412
3	39	16	0	0	0	190.799966	237.684413	52.328795	10.857240	-1	###FLOW###
4	39	16	0	0	0	190.799966	237.684413	52.328795	10.857240	-1	###LINE###
5	39	16	0	0	0	190.80	237.68	23.10	10.86	100	Total
5	39	16	0	0	1	216.65	237.68	26.48	10.86	100	Votes
3	39	17	0	0	0	360.839941	237.684413	24.339653	10.857240	-1	###FLOW###
4	39	17	0	0	0	360.839941	237.684413	24.339653	10.857240	-1	###LINE###
5	39	17	0	0	0	360.84	237.68	24.34	10.86	100	3,501
3	39	18	0	0	0	468.839924	237.684413	24.339653	10.857240	-1	###FLOW###
4	39	18	0	0	0	468.839924	237.684413	24.339653	10.857240	-1	###LINE###
5	39	18	0	0	0	468.84	237.68	24.34	10.86	100	2,592
3	39	19	0	0	0	576.839906	237.684413	24.339653	10.857240	-1	###FLOW###
4	39	19	0	0	0	576.839906	237.684413	24.339653	10.857240	-1	###LINE###
5	39	19	0	0	0	576.84	237.68	24.34	10.86	100	1,743
3	39	20	0	0	0	190.799966	191.124398	36.777109	10.857240	-1	###FLOW###
4	39	20	0	0	0	190.799966	191.124398	36.777109	10.857240	-1	###LINE###
5	39	20	0	0	0	190.80	191.12	36.78	10.86	100	Bourbon
3	39	20	1	0	0	190.799966	206.604415	22.247280	10.857240	-1	###FLOW###
4	39	20	1	0	0	190.799966	206.604415	22.247280	10.857240	-1	###LINE###
5	39	20	1	0	0	190.80	206.60	22.25	10.86	100	Scott
3	39	21	0	0	0	320.639952	286.555288	151.085820	41.003991	-1	###FLOW###
4	39	21	0	0	0	320.639952	286.555288	151.085820	13.404001	-1	###LINE###
5	39	21	0	0	0	320.64	286.56	98.86	13.40	100	Commonwealth's
5	39	21	0	0	1	422.84	286.56	48.89	13.40	100	Attorney
4	39	21	0	1	0	338.759955	300.355268	114.296573	13.404001	-1	###LINE###
5	39	21	0	1	0	338.76	300.36	24.69	13.40	100	20th
5	39	21	0	1	1	366.80	300.36	44.80	13.40	100	Judicial
5	39	21	0	1	2	415.04	300.36	38.01	13.40	100	Circuit
4	39	21	0	2	0	347.039954	314.155277	98.280875	13.404001	-1	###LINE###
5	39	21	0	2	0	347.04	314.16	64.81	13.40	100	Republican
5	39	21	0	2	1	415.16	314.16	30.16	13.40	100	Party
3	39	21	1	0	0	329.519937	338.964394	55.647396	22.017229	-1	###FLOW###
4	39	21	1	0	0	329.519937	338.964394	55.647396	10.857240	-1	###LINE###
5	39	21	1	0	0	329.52	338.96	28.03	10.86	100	Rhese
5	39	21	1	0	1	360.29	338.96	24.87	10.86	100	David
4	39	21	1	1	0	336.239958	350.124383	48.893410	10.857240	-1	###LINE###
5	39	21	1	1	0	336.24	350.12	48.89	10.86	100	McKENZIE
3	39	22	0	0	0	453.959925	338.964394	39.422778	22.017229	-1	###FLOW###
4	39	22	0	0	0	474.239921	338.964394	19.142782	10.857240	-1	###LINE###
5	39	22	0	0	0	474.24	338.96	19.14	10.86	100	Troy
4	39	22	0	1	0	453.959925	350.124383	39.297689	10.857240	-1	###LINE###
5	39	22	0	1	0	453.96	350.12	39.30	10.86	100	BREEZE
3	39	23	0	0	0	559.319919	338.964394	42.002910	22.017229	-1	###FLOW###
4	39	23	0	0	0	559.319919	338.964394	41.808537	10.857240	-1	###LINE###
5	39	23	0	0	0	559.32	338.96	31.38	10.86	100	Joseph
5	39	23	0	0	1	593.45	338.96	7.68	10.86	100	J.
4	39	23	0	1	0	560.399901	350.124383	40.922928	10.857240	-1	###LINE###
5	39	23	0	1	0	560.40	350.12	40.92	10.86	100	MERKEL
3	39	24	0	0	0	190.799966	365.724365	37.857358	10.857240	-1	###FLOW###
4	39	24	0	0	0	190.799966	365.724365	37.857358	10.857240	-1	###LINE###
5	39	24	0	0	0	190.80	365.72	37.86	10.86	100	Greenup
3	39	25	0	0	0	360.839941	365.724365	24.339653	10.857240	-1	###FLOW###
4	39	25	0	0	0	360.839941	365.724365	24.339653	10.857240	-1	###LINE###
5	39	25	0	0	0	360.84	365.72	24.34	10.86	100	1,989
3	39	26	0	0	0	476.999931	365.724365	16.232924	10.857240	-1	###FLOW###
4	39	26	0	0	0	476.999931	365.724365	16.232924	10.857240	-1	###LINE###
5	39	26	0	0	0	477.00	365.72	16.23	10.86	100	397
3	39	27	0	0	0	584.999913	365.724365	16.232924	10.857240	-1	###FLOW###
4	39	27	0	0	0	584.999913	365.724365	16.232924	10.857240	-1	###LINE###
5	39	27	0	0	0	585.00	365.72	16.23	10.86	100	602
3	39	28	0	0	0	190.799966	381.204382	24.660808	10.857240	-1	###FLOW###
4	39	28	0	0	0	190.799966	381.204382	24.660808	10.857240	-1	###LINE###
5	39	28	0	0	0	190.80	381.20	24.66	10.86	100	Lewis
3	39	29	0	0	0	368.999948	381.204382	16.232924	10.857240	-1	###FLOW###
4	39	29	0	0	0	368.999948	381.204382	16.232924	10.857240	-1	###LINE###
5	39	29	0	0	0	369.00	381.20	16.23	10.86	100	282
3	39	30	0	0	0	476.999931	381.204382	16.232924	10.857240	-1	###FLOW###
4	39	30	0	0	0	476.999931	381.204382	16.232924	10.857240	-1	###LINE###
5	39	30	0	0	0	477.00	381.20	16.23	10.86	100	642
3	39	31	0	0	0	584.999913	381.204382	16.232924	10.857240	-1	###FLOW###
4	39	31	0	0	0	584.999913	381.204382	16.232924	10.857240	-1	###LINE###
5	39	31	0	0	0	585.00	381.20	16.23	10.86	100	221
3	39	32	0	0	0	360.839941	396.924391	24.339653	10.857240	-1	###FLOW###
4	39	32	0	0	0	360.839941	396.924391	24.339653	10.857240	-1	###LINE###
5	39	32	0	0	0	360.84	396.92	24.34	10.86	100	2,271
3	39	33	0	0	0	468.839924	396.924391	24.339653	10.857240	-1	###FLOW###
4	39	33	0	0	0	468.839924	396.924391	24.339653	10.857240	-1	###LINE###
5	39	33	0	0	0	468.84	396.92	24.34	10.86	100	1,039
3	39	34	0	0	0	584.999913	396.924391	16.232924	10.857240	-1	###FLOW###
4	39	34	0	0	0	584.999913	396.924391	16.232924	10.857240	-1	###LINE###
5	39	34	0	0	0	585.00	396.92	16.23	10.86	100	823
3	39	35	0	0	0	190.799966	396.924391	52.328795	10.857240	-1	###FLOW###
4	39	35	0	0	0	190.799966	396.924391	52.328795	10.857240	-1	###LINE###
5	39	35	0	0	0	190.80	396.92	23.10	10.86	100	Total
5	39	35	0	0	1	216.65	396.92	26.48	10.86	100	Votes
1	40	0	0	0	0	0.000000	0.000000	792.000000	612.000000	-1	###PAGE###
3	40	0	0	0	0	35.999994	54.115290	161.658823	13.404001	-1	###FLOW###
4	40	0	0	0	0	35.999994	54.115290	161.658823	13.404001	-1	###LINE###
5	40	0	0	0	0	36.00	54.12	89.57	13.40	100	Commonwealth
5	40	0	0	0	1	128.96	54.12	11.33	13.40	100	of
5	40	0	0	0	2	143.60	54.12	54.05	13.40	100	Kentucky
3	40	1	0	0	0	289.919964	54.115290	211.964694	13.404001	-1	###FLOW###
4	40	1	0	0	0	289.919964	54.115290	211.964694	13.404001	-1	###LINE###
5	40	1	0	0	0	289.92	54.12	44.03	13.40	100	Michael
5	40	1	0	0	1	337.40	54.12	12.66	13.40	100	G.
5	40	1	0	0	2	353.48	54.12	43.01	13.40	100	Adams,
5	40	1	0	0	3	399.93	54.12	54.90	13.40	100	Secretary
5	40	1	0	0	4	457.89	54.12	11.33	13.40	100	of
5	40	1	0	0	5	472.52	54.12	29.36	13.40	100	State
3	40	2	0	0	0	584.279905	54.115290	171.619073	13.404001	-1	###FLOW###
4	40	2	0	0	0	584.279905	54.115290	171.619073	13.404001	-1	###LINE###
5	40	2	0	0	0	584.28	54.12	26.72	13.40	100	2024
5	40	2	0	0	1	614.49	54.12	44.86	13.40	100	Primary
5	40	2	0	0	2	662.36	54.12	46.82	13.40	100	Election
5	40	2	0	0	3	712.53	54.12	43.37	13.40	100	Results
3	40	3	0	0	0	320.639952	111.955306	151.085820	41.003991	-1	###FLOW###
4	40	3	0	0	0	320.639952	111.955306	151.085820	13.404001	-1	###LINE###
5	40	3	0	0	0	320.64	111.96	98.86	13.40	100	Commonwealth's
5	40	3	0	0	1	422.84	111.96	48.89	13.40	100	Attorney
4	40	3	0	1	0	339.119959	125.755316	113.695834	13.404001	-1	###LINE###
5	40	3	0	1	0	339.12	125.76	24.04	13.40	100	41st
5	40	3	0	1	1	366.56	125.76	44.80	13.40	100	Judicial
5	40	3	0	1	2	414.80	125.76	38.01	13.40	100	Circuit
4	40	3	0	2	0	347.039954	139.555296	98.280875	13.404001	-1	###LINE###
5	40	3	0	2	0	347.04	139.56	64.81	13.40	100	Republican
5	40	3	0	2	1	415.16	139.56	30.16	13.40	100	Party
3	40	3	1	0	0	401.519955	164.364412	37.682182	22.017245	-1	###FLOW###
4	40	3	1	0	0	401.519955	164.364412	37.682182	10.857240	-1	###LINE###
5	40	3	1	0	0	401.52	164.36	24.78	10.86	100	Haley
5	40	3	1	0	1	428.81	164.36	10.39	10.86	100	Jo
4	40	3	1	1	0	404.759929	175.524417	34.441437	10.857240	-1	###LINE###
5	40	3	1	1	0	404.76	175.52	34.44	10.86	100	FIELDS
3	40	4	0	0	0	497.759922	164.364412	49.555184	22.017245	-1	###FLOW###
4	40	4	0	0	0	513.839924	164.364412	33.293064	10.857240	-1	###LINE###
5	40	4	0	0	0	513.84	164.36	21.08	10.86	100	Gary
5	40	4	0	0	1	537.41	164.36	9.72	10.86	100	H.
4	40	4	0	1	0	497.759922	175.524417	49.555184	10.857240	-1	###LINE###
5	40	4	0	1	0	497.76	175.52	49.56	10.86	100	GREGORY
3	40	5	0	0	0	414.839947	191.124398	24.339653	10.857240	-1	###FLOW###
4	40	5	0	0	0	414.839947	191.124398	24.339653	10.857240	-1	###LINE###
5	40	5	0	0	0	414.84	191.12	24.34	10.86	100	1,764
3	40	6	0	0	0	530.999937	191.124398	16.232924	10.857240	-1	###FLOW###
4	40	6	0	0	0	530.999937	191.124398	16.232924	10.857240	-1	###LINE###
5	40	6	0	0	0	531.00	191.12	16.23	10.86	100	881
3	40	7	0	0	0	244.799973	206.604415	35.842840	10.857240	-1	###FLOW###
4	40	7	0	0	0	244.799973	206.604415	35.842840	10.857240	-1	###LINE###
5	40	7	0	0	0	244.80	206.60	35.84	10.86	100	Jackson
3	40	8	0	0	0	422.999924	206.604415	16.232924	10.857240	-1	###FLOW###
4	40	8	0	0	0	422.999924	206.604415	16.232924	10.857240	-1	###LINE###
5	40	8	0	0	0	423.00	206.60	16.23	10.86	100	952
3	40	9	0	0	0	530.999937	206.604415	16.232924	10.857240	-1	###FLOW###
4	40	9	0	0	0	530.999937	206.604415	16.232924	10.857240	-1	###LINE###
5	40	9	0	0	0	531.00	206.60	16.23	10.86	100	694
3	40	10	0	0	0	244.799973	221.964406	25.419902	10.857240	-1	###FLOW###
4	40	10	0	0	0	244.799973	221.964406	25.419902	10.857240	-1	###LINE###
5	40	10	0	0	0	244.80	221.96	25.42	10.86	100	Leslie
3	40	11	0	0	0	422.999924	221.964406	16.232924	10.857240	-1	###FLOW###
4	40	11	0	0	0	422.999924	221.964406	16.232924	10.857240	-1	###LINE###
5	40	11	0	0	0	423.00	221.96	16.23	10.86	100	585
3	40	12	0	0	0	530.999937	221.964406	16.232924	10.857240	-1	###FLOW###
4	40	12	0	0	0	530.999937	221.964406	16.232924	10.857240	-1	###LINE###
5	40	12	0	0	0	531.00	221.96	16.23	10.86	100	483
3	40	13	0	0	0	414.839947	237.684413	24.339653	10.857240	-1	###FLOW###
4	40	13	0	0	0	414.839947	237.684413	24.339653	10.857240	-1	###LINE###
5	40	13	0	0	0	414.84	237.68	24.34	10.86	100	3,301
3	40	14	0	0	0	522.839930	237.684413	24.339653	10.857240	-1	###FLOW###
4	40	14	0	0	0	522.839930	237.684413	24.339653	10.857240	-1	###LINE###
5	40	14	0	0	0	522.84	237.68	24.34	10.86	100	2,058
3	40	15	0	0	0	244.799973	191.124398	19.463937	10.857240	-1	###FLOW###
4	40	15	0	0	0	244.799973	191.124398	19.463937	10.857240	-1	###LINE###
5	40	15	0	0	0	244.80	191.12	19.46	10.86	100	Clay
3	40	16	0	0	0	244.799973	237.684413	52.328795	10.857240	-1	###FLOW###
4	40	16	0	0	0	244.799973	237.684413	52.328795	10.857240	-1	###LINE###
5	40	16	0	0	0	244.80	237.68	23.10	10.86	100	Total
5	40	16	0	0	1	270.65	237.68	26.48	10.86	100	Votes
3	40	17	0	0	0	320.639952	286.555288	151.085820	41.003991	-1	###FLOW###
4	40	17	0	0	0	320.639952	286.555288	151.085820	13.404001	-1	###LINE###
5	40	17	0	0	0	320.64	286.56	98.86	13.40	100	Commonwealth's
5	40	17	0	0	1	422.84	286.56	48.89	13.40	100	Attorney
4	40	17	0	1	0	338.759955	300.355268	114.296573	13.404001	-1	###LINE###
5	40	17	0	1	0	338.76	300.36	24.69	13.40	100	49th
5	40	17	0	1	1	366.80	300.36	44.80	13.40	100	Judicial
5	40	17	0	1	2	415.04	300.36	38.01	13.40	100	Circuit
4	40	17	0	2	0	347.039954	314.155277	98.280875	13.404001	-1	###LINE###
5	40	17	0	2	0	347.04	314.16	64.81	13.40	100	Republican
5	40	17	0	2	1	415.16	314.16	30.16	13.40	100	Party
3	40	17	1	0	0	397.319930	338.964394	42.003176	22.017229	-1	###FLOW###
4	40	17	1	0	0	418.679938	338.964394	20.544186	10.857240	-1	###LINE###
5	40	17	1	0	0	418.68	338.96	20.54	10.86	100	Mike
4	40	17	1	1	0	397.319930	350.124383	42.003176	10.857240	-1	###LINE###
5	40	17	1	1	0	397.32	350.12	42.00	10.86	100	LINDSEY
3	40	18	0	0	0	503.519924	338.964394	43.857822	22.017229	-1	###FLOW###
4	40	18	0	0	0	521.519906	338.964394	25.857840	10.857240	-1	###LINE###
5	40	18	0	0	0	521.52	338.96	25.86	10.86	100	Corey
4	40	18	0	1	0	503.519924	350.124383	43.745199	10.857240	-1	###LINE###
5	40	18	0	1	0	503.52	350.12	43.75	10.86	100	MORGAN
3	40	19	0	0	0	244.799973	365.724365	21.624434	10.857240	-1	###FLOW###
4	40	19	0	0	0	244.799973	365.724365	21.624434	10.857240	-1	###LINE###
5	40	19	0	0	0	244.80	365.72	21.62	10.86	100	Allen
3	40	20	0	0	0	422.999924	365.724365	16.232924	10.857240	-1	###FLOW###
4	40	20	0	0	0	422.999924	365.724365	16.232924	10.857240	-1	###LINE###
5	40	20	0	0	0	423.00	365.72	16.23	10.86	100	950
3	40	21	0	0	0	530.999937	365.724365	16.232924	10.857240	-1	###FLOW###
4	40	21	0	0	0	530.999937	365.724365	16.232924	10.857240	-1	###LINE###
5	40	21	0	0	0	531.00	365.72	16.23	10.86	100	422
3	40	22	0	0	0	244.799973	381.204382	37.847626	10.857240	-1	###FLOW###
4	40	22	0	0	0	244.799973	381.204382	37.847626	10.857240	-1	###LINE###
5	40	22	0	0	0	244.80	381.20	37.85	10.86	100	Simpson
3	40	23	0	0	0	422.999924	381.204382	16.232924	10.857240	-1	###FLOW###
4	40	23	0	0	0	422.999924	381.204382	16.232924	10.857240	-1	###LINE###
5	40	23	0	0	0	423.00	381.20	16.23	10.86	100	442
3	40	24	0	0	0	530.999937	381.204382	16.232924	10.857240	-1	###FLOW###
4	40	24	0	0	0	530.999937	381.204382	16.232924	10.857240	-1	###LINE###
5	40	24	0	0	0	531.00	381.20	16.23	10.86	100	443
3	40	25	0	0	0	414.839947	396.924391	24.339653	10.857240	-1	###FLOW###
4	40	25	0	0	0	414.839947	396.924391	24.339653	10.857240	-1	###LINE###
5	40	25	0	0	0	414.84	396.92	24.34	10.86	100	1,392
3	40	26	0	0	0	530.999937	396.924391	16.232924	10.857240	-1	###FLOW###
4	40	26	0	0	0	530.999937	396.924391	16.232924	10.857240	-1	###LINE###
5	40	26	0	0	0	531.00	396.92	16.23	10.86	100	865
3	40	27	0	0	0	244.799973	396.924391	52.328795	10.857240	-1	###FLOW###
4	40	27	0	0	0	244.799973	396.924391	52.328795	10.857240	-1	###LINE###
5	40	27	0	0	0	244.80	396.92	23.10	10.86	100	Total
5	40	27	0	0	1	270.65	396.92	26.48	10.86	100	Votes
1	41	0	0	0	0	0.000000	0.000000	792.000000	612.000000	-1	###PAGE###
3	41	0	0	0	0	35.999994	54.115290	161.658823	13.404001	-1	###FLOW###
4	41	0	0	0	0	35.999994	54.115290	161.658823	13.404001	-1	###LINE###
5	41	0	0	0	0	36.00	54.12	89.57	13.40	100	Commonwealth
5	41	0	0	0	1	128.96	54.12	11.33	13.40	100	of
5	41	0	0	0	2	143.60	54.12	54.05	13.40	100	Kentucky
3	41	1	0	0	0	289.919964	54.115290	211.964694	13.404001	-1	###FLOW###
4	41	1	0	0	0	289.919964	54.115290	211.964694	13.404001	-1	###LINE###
5	41	1	0	0	0	289.92	54.12	44.03	13.40	100	Michael
5	41	1	0	0	1	337.40	54.12	12.66	13.40	100	G.
5	41	1	0	0	2	353.48	54.12	43.01	13.40	100	Adams,
5	41	1	0	0	3	399.93	54.12	54.90	13.40	100	Secretary
5	41	1	0	0	4	457.89	54.12	11.33	13.40	100	of
5	41	1	0	0	5	472.52	54.12	29.36	13.40	100	State
3	41	2	0	0	0	584.279905	54.115290	171.619073	13.404001	-1	###FLOW###
4	41	2	0	0	0	584.279905	54.115290	171.619073	13.404001	-1	###LINE###
5	41	2	0	0	0	584.28	54.12	26.72	13.40	100	2024
5	41	2	0	0	1	614.49	54.12	44.86	13.40	100	Primary
5	41	2	0	0	2	662.36	54.12	46.82	13.40	100	Election
5	41	2	0	0	3	712.53	54.12	43.37	13.40	100	Results
3	41	3	0	0	0	320.639952	111.955306	151.085820	41.003991	-1	###FLOW###
4	41	3	0	0	0	320.639952	111.955306	151.085820	13.404001	-1	###LINE###
5	41	3	0	0	0	320.64	111.96	98.86	13.40	100	Commonwealth's
5	41	3	0	0	1	422.84	111.96	48.89	13.40	100	Attorney
4	41	3	0	1	0	338.759955	125.755316	114.296573	13.404001	-1	###LINE###
5	41	3	0	1	0	338.76	125.76	24.69	13.40	100	50th
5	41	3	0	1	1	366.80	125.76	44.80	13.40	100	Judicial
5	41	3	0	1	2	415.04	125.76	38.01	13.40	100	Circuit
4	41	3	0	2	0	347.039954	139.555296	98.280875	13.404001	-1	###LINE###
5	41	3	0	2	0	347.04	139.56	64.81	13.40	100	Republican
5	41	3	0	2	1	415.16	139.56	30.16	13.40	100	Party
3	41	3	1	0	0	391.319946	164.364412	47.949409	22.017245	-1	###FLOW###
4	41	3	1	0	0	413.639944	164.364412	25.565881	10.857240	-1	###LINE###
5	41	3	1	0	0	413.64	164.36	25.57	10.86	100	Justin
4	41	3	1	1	0	391.319946	175.524417	47.949409	10.857240	-1	###LINE###
5	41	3	1	1	0	391.32	175.52	47.95	10.86	100	JOHNSON
3	41	4	0	0	0	507.479936	164.364412	39.842679	22.017245	-1	###FLOW###
4	41	4	0	0	0	521.279923	164.364412	25.955160	10.857240	-1	###LINE###
5	41	4	0	0	0	521.28	164.36	25.96	10.86	100	Sarah
4	41	4	0	1	0	507.479936	175.524417	39.842679	10.857240	-1	###LINE###
5	41	4	0	1	0	507.48	175.52	39.84	10.86	100	BRYANT
3	41	5	0	0	0	244.799973	191.124398	24.125550	10.857240	-1	###FLOW###
4	41	5	0	0	0	244.799973	191.124398	24.125550	10.857240	-1	###LINE###
5	41	5	0	0	0	244.80	191.12	24.13	10.86	100	Boyle
3	41	6	0	0	0	414.839947	191.124398	24.339653	10.857240	-1	###FLOW###
4	41	6	0	0	0	414.839947	191.124398	24.339653	10.857240	-1	###LINE###
5	41	6	0	0	0	414.84	191.12	24.34	10.86	100	1,042
3	41	7	0	0	0	530.999937	191.124398	16.232924	10.857240	-1	###FLOW###
4	41	7	0	0	0	530.999937	191.124398	16.232924	10.857240	-1	###LINE###
5	41	7	0	0	0	531.00	191.12	16.23	10.86	100	429
3	41	8	0	0	0	244.799973	206.604415	30.276154	10.857240	-1	###FLOW###
4	41	8	0	0	0	244.799973	206.604415	30.276154	10.857240	-1	###LINE###
5	41	8	0	0	0	244.80	206.60	30.28	10.86	100	Mercer
3	41	9	0	0	0	414.839947	206.604415	24.339653	10.857240	-1	###FLOW###
4	41	9	0	0	0	414.839947	206.604415	24.339653	10.857240	-1	###LINE###
5	41	9	0	0	0	414.84	206.60	24.34	10.86	100	1,038
3	41	10	0	0	0	530.999937	206.604415	16.232924	10.857240	-1	###FLOW###
4	41	10	0	0	0	530.999937	206.604415	16.232924	10.857240	-1	###LINE###
5	41	10	0	0	0	531.00	206.60	16.23	10.86	100	281
3	41	11	0	0	0	244.799973	222.324393	52.328795	10.857240	-1	###FLOW###
4	41	11	0	0	0	244.799973	222.324393	52.328795	10.857240	-1	###LINE###
5	41	11	0	0	0	244.80	222.32	23.10	10.86	100	Total
5	41	11	0	0	1	270.65	222.32	26.48	10.86	100	Votes
3	41	12	0	0	0	414.839947	222.324393	24.339653	10.857240	-1	###FLOW###
4	41	12	0	0	0	414.839947	222.324393	24.339653	10.857240	-1	###LINE###
5	41	12	0	0	0	414.84	222.32	24.34	10.86	100	2,080
3	41	13	0	0	0	530.999937	222.324393	16.232924	10.857240	-1	###FLOW###
4	41	13	0	0	0	530.999937	222.324393	16.232924	10.857240	-1	###LINE###
5	41	13	0	0	0	531.00	222.32	16.23	10.86	100	710
3	41	14	0	0	0	320.639952	271.075272	151.085820	41.004021	-1	###FLOW###
4	41	14	0	0	0	320.639952	271.075272	151.085820	13.404001	-1	###LINE###
5	41	14	0	0	0	320.64	271.08	98.86	13.40	100	Commonwealth's
5	41	14	0	0	1	422.84	271.08	48.89	13.40	100	Attorney
4	41	14	0	1	0	338.399952	284.875281	115.017459	13.404001	-1	###LINE###
5	41	14	0	1	0	338.40	284.88	25.36	13.40	100	53rd
5	41	14	0	1	1	367.16	284.88	44.80	13.40	100	Judicial
5	41	14	0	1	2	415.40	284.88	38.01	13.40	100	Circuit
4	41	14	0	2	0	347.039954	298.675291	98.280875	13.404001	-1	###LINE###
5	41	14	0	2	0	347.04	298.68	64.81	13.40	100	Republican
5	41	14	0	2	1	415.16	298.68	30.16	13.40	100	Party
3	41	14	1	0	0	386.999930	323.484378	52.260671	22.017275	-1	###FLOW###
4	41	14	1	0	0	410.519931	323.484378	28.611988	10.857240	-1	###LINE###
5	41	14	1	0	0	410.52	323.48	17.57	10.86	100	Hart
5	41	14	1	0	1	430.61	323.48	8.53	10.86	100	T.
4	41	14	1	1	0	386.999930	334.644412	52.260671	10.857240	-1	###LINE###
5	41	14	1	1	0	387.00	334.64	52.26	10.86	100	MEGIBBEN
3	41	15	0	0	0	489.359932	323.484378	57.967640	22.017275	-1	###FLOW###
4	41	15	0	0	0	489.359932	323.484378	57.856553	10.857240	-1	###LINE###
5	41	15	0	0	0	489.36	323.48	24.68	10.86	100	David
5	41	15	0	0	1	516.65	323.48	30.57	10.86	100	Wayne
4	41	15	0	1	0	500.039937	334.644412	47.287635	10.857240	-1	###LINE###
5	41	15	0	1	0	500.04	334.64	47.29	10.86	100	BULLOCK
3	41	16	0	0	0	244.799973	350.244379	41.643093	10.857240	-1	###FLOW###
4	41	16	0	0	0	244.799973	350.244379	41.643093	10.857240	-1	###LINE###
5	41	16	0	0	0	244.80	350.24	41.64	10.86	100	Anderson
3	41	17	0	0	0	414.839947	350.244379	24.339653	10.857240	-1	###FLOW###
4	41	17	0	0	0	414.839947	350.244379	24.339653	10.857240	-1	###LINE###
5	41	17	0	0	0	414.84	350.24	24.34	10.86	100	1,069
3	41	18	0	0	0	522.839930	350.244379	24.339653	10.857240	-1	###FLOW###
4	41	18	0	0	0	522.839930	350.244379	24.339653	10.857240	-1	###LINE###
5	41	18	0	0	0	522.84	350.24	24.34	10.86	100	1,969
3	41	19	0	0	0	244.799973	365.724365	29.740896	10.857240	-1	###FLOW###
4	41	19	0	0	0	244.799973	365.724365	29.740896	10.857240	-1	###LINE###
5	41	19	0	0	0	244.80	365.72	29.74	10.86	100	Shelby
3	41	20	0	0	0	414.839947	365.724365	24.339653	10.857240	-1	###FLOW###
4	41	20	0	0	0	414.839947	365.724365	24.339653	10.857240	-1	###LINE###
5	41	20	0	0	0	414.84	365.72	24.34	10.86	100	3,207
3	41	21	0	0	0	522.839930	365.724365	24.339653	10.857240	-1	###FLOW###
4	41	21	0	0	0	522.839930	365.724365	24.339653	10.857240	-1	###LINE###
5	41	21	0	0	0	522.84	365.72	24.34	10.86	100	1,727
3	41	22	0	0	0	244.799973	381.084385	36.232119	10.857240	-1	###FLOW###
4	41	22	0	0	0	244.799973	381.084385	36.232119	10.857240	-1	###LINE###
5	41	22	0	0	0	244.80	381.08	36.23	10.86	100	Spencer
3	41	23	0	0	0	422.999924	381.084385	16.232924	10.857240	-1	###FLOW###
4	41	23	0	0	0	422.999924	381.084385	16.232924	10.857240	-1	###LINE###
5	41	23	0	0	0	423.00	381.08	16.23	10.86	100	581
3	41	24	0	0	0	530.999937	381.084385	16.232924	10.857240	-1	###FLOW###
4	41	24	0	0	0	530.999937	381.084385	16.232924	10.857240	-1	###LINE###
5	41	24	0	0	0	531.00	381.08	16.23	10.86	100	772
3	41	25	0	0	0	414.839947	396.804394	24.339653	10.857240	-1	###FLOW###
4	41	25	0	0	0	414.839947	396.804394	24.339653	10.857240	-1	###LINE###
5	41	25	0	0	0	414.84	396.80	24.34	10.86	100	4,857
3	41	26	0	0	0	522.839930	396.804394	24.339653	10.857240	-1	###FLOW###
4	41	26	0	0	0	522.839930	396.804394	24.339653	10.857240	-1	###LINE###
5	41	26	0	0	0	522.84	396.80	24.34	10.86	100	4,468
3	41	27	0	0	0	244.799973	396.804394	52.328795	10.857240	-1	###FLOW###
4	41	27	0	0	0	244.799973	396.804394	52.328795	10.857240	-1	###LINE###
5	41	27	0	0	0	244.80	396.80	23.10	10.86	100	Total
5	41	27	0	0	1	270.65	396.80	26.48	10.86	100	Votes
1	42	0	0	0	0	0.000000	0.000000	792.000000	612.000000	-1	###PAGE###
1	43	0	0	0	0	0.000000	0.000000	792.000000	612.000000	-1	###PAGE###
3	43	0	0	0	0	270.479967	216.146188	251.051264	32.390776	-1	###FLOW###
4	43	0	0	0	0	299.759939	216.146188	192.474066	15.950760	-1	###LINE###
5	43	0	0	0	0	299.76	216.15	106.66	15.95	100	Commonwealth
5	43	0	0	0	1	410.39	216.15	13.48	15.95	100	of
5	43	0	0	0	2	427.91	216.15	64.32	15.95	100	Kentucky
4	43	0	0	1	0	270.479967	232.586204	251.051264	15.950760	-1	###LINE###
5	43	0	0	1	0	270.48	232.59	52.24	15.95	100	Michael
5	43	0	0	1	1	326.63	232.59	15.07	15.95	100	G.
5	43	0	0	1	2	345.60	232.59	51.00	15.95	100	Adams,
5	43	0	0	1	3	400.56	232.59	64.83	15.95	100	Secretary
5	43	0	0	1	4	469.19	232.59	13.48	15.95	100	of
5	43	0	0	1	5	486.59	232.59	34.94	15.95	100	State
3	43	0	1	0	0	267.959970	281.906191	256.084014	32.390746	-1	###FLOW###
4	43	0	1	0	0	352.439952	281.906191	87.115175	15.950760	-1	###LINE###
5	43	0	1	0	0	352.44	281.91	27.81	15.95	100	May
5	43	0	1	0	1	383.99	281.91	19.86	15.95	100	21,
5	43	0	1	0	2	407.76	281.91	31.80	15.95	100	2024
4	43	0	1	1	0	267.959970	298.346177	256.084014	15.950760	-1	###LINE###
5	43	0	1	1	0	267.96	298.35	48.41	15.95	100	Official
5	43	0	1	1	1	320.39	298.35	31.80	15.95	100	2024
5	43	0	1	1	2	356.03	298.35	53.07	15.95	100	Primary
5	43	0	1	1	3	412.91	298.35	55.55	15.95	100	Election
5	43	0	1	1	4	472.43	298.35	51.61	15.95	100	Results
3	43	0	2	0	0	341.879938	347.666194	108.032539	32.390746	-1	###FLOW###
4	43	0	2	0	0	341.879938	347.666194	108.032539	15.950760	-1	###LINE###
5	43	0	2	0	0	341.88	347.67	23.00	15.95	100	For
5	43	0	2	0	1	368.87	347.67	21.43	15.95	100	the
5	43	0	2	0	2	394.31	347.67	38.10	15.95	100	office
5	43	0	2	0	3	436.43	347.67	13.48	15.95	100	of
4	43	0	2	1	0	348.359948	364.106180	95.221905	15.950760	-1	###LINE###
5	43	0	2	1	0	348.36	364.11	49.23	15.95	100	District
5	43	0	2	1	1	401.52	364.11	42.06	15.95	100	Judge
1	44	0	0	0	0	0.000000	0.000000	792.000000	612.000000	-1	###PAGE###
3	44	0	0	0	0	35.999994	54.115290	161.658823	13.404001	-1	###FLOW###
4	44	0	0	0	0	35.999994	54.115290	161.658823	13.404001	-1	###LINE###
5	44	0	0	0	0	36.00	54.12	89.57	13.40	100	Commonwealth
5	44	0	0	0	1	128.96	54.12	11.33	13.40	100	of
5	44	0	0	0	2	143.60	54.12	54.05	13.40	100	Kentucky
3	44	1	0	0	0	289.919964	54.115290	211.964694	13.404001	-1	###FLOW###
4	44	1	0	0	0	289.919964	54.115290	211.964694	13.404001	-1	###LINE###
5	44	1	0	0	0	289.92	54.12	44.03	13.40	100	Michael
5	44	1	0	0	1	337.40	54.12	12.66	13.40	100	G.
5	44	1	0	0	2	353.48	54.12	43.01	13.40	100	Adams,
5	44	1	0	0	3	399.93	54.12	54.90	13.40	100	Secretary
5	44	1	0	0	4	457.89	54.12	11.33	13.40	100	of
5	44	1	0	0	5	472.52	54.12	29.36	13.40	100	State
3	44	2	0	0	0	584.279905	54.115290	171.619073	13.404001	-1	###FLOW###
4	44	2	0	0	0	584.279905	54.115290	171.619073	13.404001	-1	###LINE###
5	44	2	0	0	0	584.28	54.12	26.72	13.40	100	2024
5	44	2	0	0	1	614.49	54.12	44.86	13.40	100	Primary
5	44	2	0	0	2	662.36	54.12	46.82	13.40	100	Election
5	44	2	0	0	3	712.53	54.12	43.37	13.40	100	Results
3	44	3	0	0	0	338.759955	111.955306	114.284558	68.603981	-1	###FLOW###
4	44	3	0	0	0	355.919938	111.955306	80.066473	13.404001	-1	###LINE###
5	44	3	0	0	0	355.92	111.96	41.37	13.40	100	District
5	44	3	0	0	1	400.64	111.96	35.35	13.40	100	Judge
4	44	3	0	1	0	338.759955	125.755316	114.284558	13.404001	-1	###LINE###
5	44	3	0	1	0	338.76	125.76	21.34	13.40	100	2nd
5	44	3	0	1	1	363.44	125.76	44.82	13.40	100	Judicial
5	44	3	0	1	2	411.68	125.76	41.37	13.40	100	District
4	44	3	0	2	0	360.359946	139.555296	71.187553	13.404001	-1	###LINE###
5	44	3	0	2	0	360.36	139.56	21.34	13.40	100	2nd
5	44	3	0	2	1	385.04	139.56	46.51	13.40	100	Division
4	44	3	0	3	0	360.959932	153.355306	70.034135	13.404001	-1	###LINE###
5	44	3	0	3	0	360.96	153.36	70.03	13.40	100	Nonpartisan
4	44	3	0	4	0	350.639931	167.155285	90.711566	13.404001	-1	###LINE###
5	44	3	0	4	0	350.64	167.16	58.37	13.40	100	Unexpired
5	44	3	0	4	1	412.17	167.16	29.18	13.40	100	Term
3	44	3	1	0	0	315.959962	191.964401	29.804883	22.017245	-1	###FLOW###
4	44	3	1	0	0	319.799953	191.964401	25.964892	10.857240	-1	###LINE###
5	44	3	1	0	0	319.80	191.96	25.96	10.86	100	Jenny
4	44	3	1	1	0	315.959962	203.124406	29.711700	10.857240	-1	###LINE###
5	44	3	1	1	0	315.96	203.12	29.71	10.86	100	HINES
3	44	4	0	0	0	410.159927	191.964401	29.040194	22.017245	-1	###FLOW###
4	44	4	0	0	0	410.519931	191.964401	28.660647	10.857240	-1	###LINE###
5	44	4	0	0	0	410.52	191.96	28.66	10.86	100	James
4	44	4	0	1	0	410.159927	203.124406	29.040194	10.857240	-1	###LINE###
5	44	4	0	1	0	410.16	203.12	29.04	10.86	100	MILLS
3	44	5	0	0	0	464.879941	191.964401	67.861017	22.017245	-1	###FLOW###
4	44	5	0	0	0	499.319929	191.964401	33.409848	10.857240	-1	###LINE###
5	44	5	0	0	0	499.32	191.96	22.57	10.86	100	Craig
5	44	5	0	0	1	524.33	191.96	8.40	10.86	100	F.
4	44	5	0	1	0	464.879941	203.124406	67.861017	10.857240	-1	###LINE###
5	44	5	0	1	0	464.88	203.12	50.10	10.86	100	NEWBERN
5	44	5	0	1	1	517.61	203.12	15.13	10.86	100	JR.
3	44	6	0	0	0	582.839889	191.964401	43.686807	22.017245	-1	###FLOW###
4	44	6	0	0	0	592.079878	191.964401	34.198138	10.857240	-1	###LINE###
5	44	6	0	0	0	592.08	191.96	9.18	10.86	100	S.
5	44	6	0	0	1	604.01	191.96	22.27	10.86	100	Scott
4	44	6	0	1	0	582.839889	203.124406	43.686807	10.857240	-1	###LINE###
5	44	6	0	1	0	582.84	203.12	43.69	10.86	100	MARCUM
3	44	7	0	0	0	165.599967	218.724419	49.214565	10.857240	-1	###FLOW###
4	44	7	0	0	0	165.599967	218.724419	49.214565	10.857240	-1	###LINE###
5	44	7	0	0	0	165.60	218.72	49.21	10.86	100	McCracken
3	44	8	0	0	0	321.239938	218.724419	24.339653	10.857240	-1	###FLOW###
4	44	8	0	0	0	321.239938	218.724419	24.339653	10.857240	-1	###LINE###
5	44	8	0	0	0	321.24	218.72	24.34	10.86	100	2,999
3	44	9	0	0	0	414.839947	218.724419	24.339653	10.857240	-1	###FLOW###
4	44	9	0	0	0	414.839947	218.724419	24.339653	10.857240	-1	###LINE###
5	44	9	0	0	0	414.84	218.72	24.34	10.86	100	2,776
3	44	10	0	0	0	508.439927	218.724419	24.339653	10.857240	-1	###FLOW###
4	44	10	0	0	0	508.439927	218.724419	24.339653	10.857240	-1	###LINE###
5	44	10	0	0	0	508.44	218.72	24.34	10.86	100	1,232
3	44	11	0	0	0	610.199881	218.724419	16.232924	10.857240	-1	###FLOW###
4	44	11	0	0	0	610.199881	218.724419	16.232924	10.857240	-1	###LINE###
5	44	11	0	0	0	610.20	218.72	16.23	10.86	100	660
3	44	12	0	0	0	165.599967	234.444397	52.328795	10.857240	-1	###FLOW###
4	44	12	0	0	0	165.599967	234.444397	52.328795	10.857240	-1	###LINE###
5	44	12	0	0	0	165.60	234.44	23.10	10.86	100	Total
5	44	12	0	0	1	191.45	234.44	26.48	10.86	100	Votes
3	44	13	0	0	0	321.239938	234.444397	24.339653	10.857240	-1	###FLOW###
4	44	13	0	0	0	321.239938	234.444397	24.339653	10.857240	-1	###LINE###
5	44	13	0	0	0	321.24	234.44	24.34	10.86	100	2,999
3	44	14	0	0	0	414.839947	234.444397	24.339653	10.857240	-1	###FLOW###
4	44	14	0	0	0	414.839947	234.444397	24.339653	10.857240	-1	###LINE###
5	44	14	0	0	0	414.84	234.44	24.34	10.86	100	2,776
3	44	15	0	0	0	508.439927	234.444397	24.339653	10.857240	-1	###FLOW###
4	44	15	0	0	0	508.439927	234.444397	24.339653	10.857240	-1	###LINE###
5	44	15	0	0	0	508.44	234.44	24.34	10.86	100	1,232
3	44	16	0	0	0	610.199881	234.444397	16.232924	10.857240	-1	###FLOW###
4	44	16	0	0	0	610.199881	234.444397	16.232924	10.857240	-1	###LINE###
5	44	16	0	0	0	610.20	234.44	16.23	10.86	100	660
