GEOID, CDFP
230010101001000,02
230010101001001,02
230010101001002,02
230010101001003,02
230010101001004,02
230010101001005,02
230010101001006,02
230010101001007,02
230010101001008,02
230010101001009,02
230010101001010,02
230010101001011,02
230010101001012,02
230010101001013,02
230010101001014,02
230010101001015,02
230010101001016,02
230010101001017,02
230010101001018,02
230010101001019,02
230010101001020,02
230010101001021,02
230010101001022,02
230010101001023,02
230010101001024,02
230010101001025,02
230010101001026,02
230010101001027,02
230010101001028,02
230010101001029,02
230010101001030,02
230010101001031,02
230010101001032,02
230010101001033,02
230010101001034,02
230010101001035,02
230010101001036,02
230010101001037,02
230010101001038,02
230010101001039,02
230010101001040,02
230010101001041,02
230010101001042,02
230010101001043,02
230010101001044,02
230010101001045,02
230010101001046,02
230010101001047,02
230010102001000,02
230010102001001,02
230010102001002,02
230010102001003,02
230010102001004,02
230010102001005,02
230010102001006,02
230010102001007,02
230010102001008,02
230010102001009,02
230010102001010,02
230010102001011,02
230010102001012,02
230010102001013,02
230010102002000,02
230010102002001,02
230010102002002,02
230010102002003,02
230010102002004,02
230010102002005,02
230010102002006,02
230010102002007,02
230010102002008,02
230010102002009,02
230010102002010,02
230010102002011,02
230010102002012,02
230010102002013,02
230010102002014,02
230010102002015,02
230010102002016,02
230010102002017,02
230010102002018,02
230010102002019,02
230010102002020,02
230010102002021,02
230010102002022,02
230010102002023,02
230010102002024,02
230010102002025,02
230010102002026,02
230010102002027,02
230010102002028,02
230010102002029,02
230010102002030,02
230010102002031,02
230010102002032,02
230010102002033,02
230010102002034,02
230010102002035,02
230010102002036,02
230010102002037,02
230010102002038,02
230010102002039,02
230010102002040,02
230010102002041,02
230010102002042,02
230010102002043,02
230010102002044,02
230010102002045,02
230010102002046,02
230010102002047,02
230010102002048,02
230010102002049,02
230010102002050,02
230010102002051,02
230010102002052,02
230010102002053,02
230010102002054,02
230010102002055,02
230010102003000,02
230010102003001,02
230010102003002,02
230010102003003,02
230010102003004,02
230010102003005,02
230010102003006,02
230010102003007,02
230010102003008,02
230010102003009,02
230010102003010,02
230010102003011,02
230010102003012,02
230010102004000,02
230010102004001,02
230010102004002,02
230010102004003,02
230010102004004,02
230010102004005,02
230010102004006,02
230010102004007,02
230010102004008,02
230010102004009,02
230010102004010,02
230010102004011,02
230010102004012,02
230010102004013,02
230010102004014,02
230010103001000,02
230010103001001,02
230010103001002,02
230010103001003,02
230010103001004,02
230010103001005,02
230010103001006,02
230010103001007,02
230010103001008,02
230010103001009,02
230010103001010,02
230010103001011,02
230010103001012,02
230010103001013,02
230010103001014,02
230010103001015,02
230010103001016,02
230010103001017,02
230010103001018,02
230010103001019,02
230010103001020,02
230010103002000,02
230010103002001,02
230010103002002,02
230010103002003,02
230010103002004,02
230010103002005,02
230010103002006,02
230010103002007,02
230010103002008,02
230010103002009,02
230010103003000,02
230010103003001,02
230010103003002,02
230010103003003,02
230010103003004,02
230010103003005,02
230010103003006,02
230010103003007,02
230010103003008,02
230010103003009,02
230010104001000,02
230010104001001,02
230010104001002,02
230010104001003,02
230010104001004,02
230010104001005,02
230010104001006,02
230010104001007,02
230010104001008,02
230010104001009,02
230010104001010,02
230010104001011,02
230010104001012,02
230010104001013,02
230010104001014,02
230010104001015,02
230010104001016,02
230010104001017,02
230010104001018,02
230010104001019,02
230010104001020,02
230010104001021,02
230010104001022,02
230010104001023,02
230010104002000,02
230010104002001,02
230010104002002,02
230010104002003,02
230010104002004,02
230010104002005,02
230010104002006,02
230010104002007,02
230010104002008,02
230010104002009,02
230010104002010,02
230010104002011,02
230010104002012,02
230010104002013,02
230010104002014,02
230010104002015,02
230010104003000,02
230010104003001,02
230010104003002,02
230010104003003,02
230010104003004,02
230010104003005,02
230010104003006,02
230010104003007,02
230010104003008,02
230010105001000,02
230010105001001,02
230010105001002,02
230010105001003,02
230010105001004,02
230010105001005,02
230010105001006,02
230010105001007,02
230010105001008,02
230010105001009,02
230010105001010,02
230010105001011,02
230010105001012,02
230010105001013,02
230010105001014,02
230010105001015,02
230010105001016,02
230010105001017,02
230010105001018,02
230010105001019,02
230010105001020,02
230010105002000,02
230010105002001,02
230010105002002,02
230010105002003,02
230010105002004,02
230010105002005,02
230010105002006,02
230010105002007,02
230010105002008,02
230010105002009,02
230010105002010,02
230010105002011,02
230010105002012,02
230010105002013,02
230010105002014,02
230010105002015,02
230010105002016,02
230010105002017,02
230010105002018,02
230010105002019,02
230010105002020,02
230010105002021,02
230010105002022,02
230010105002023,02
230010105002024,02
230010105002025,02
230010105002026,02
230010105002027,02
230010105002028,02
230010105002029,02
230010105002030,02
230010106001000,02
230010106001001,02
230010106001002,02
230010106001003,02
230010106001004,02
230010106001005,02
230010106001006,02
230010106001007,02
230010106001008,02
230010106001009,02
230010106001010,02
230010106001011,02
230010106001012,02
230010106001013,02
230010106001014,02
230010106001015,02
230010106001016,02
230010106001017,02
230010106001018,02
230010106001019,02
230010106001020,02
230010106001021,02
230010106001022,02
230010106001023,02
230010106001024,02
230010106001025,02
230010106001026,02
230010106001027,02
230010106001028,02
230010106001029,02
230010106001030,02
230010106001031,02
230010106001032,02
230010106001033,02
230010106001034,02
230010106001035,02
230010106001036,02
230010106001037,02
230010106001038,02
230010106001039,02
230010106001040,02
230010106001041,02
230010106001042,02
230010106001043,02
230010106001044,02
230010106001045,02
230010106001046,02
230010106001047,02
230010106001048,02
230010106001049,02
230010106001050,02
230010106001051,02
230010106001052,02
230010106001053,02
230010106001054,02
230010106001055,02
230010106001056,02
230010106001057,02
230010106001058,02
230010106001059,02
230010106001060,02
230010106001061,02
230010106001062,02
230010106001063,02
230010106001064,02
230010106001065,02
230010106001066,02
230010106001067,02
230010106002000,02
230010106002001,02
230010106002002,02
230010106002003,02
230010106002004,02
230010106002005,02
230010106002006,02
230010106002007,02
230010106002008,02
230010106002009,02
230010106002010,02
230010106002011,02
230010106002012,02
230010106002013,02
230010106002014,02
230010106002015,02
230010106002016,02
230010106002017,02
230010106002018,02
230010106002019,02
230010106002020,02
230010106002021,02
230010106002022,02
230010106002023,02
230010106002024,02
230010106002025,02
230010106002026,02
230010106002027,02
230010106002028,02
230010107001000,02
230010107001001,02
230010107001002,02
230010107001003,02
230010107001004,02
230010107001005,02
230010107001006,02
230010107001007,02
230010107001008,02
230010107001009,02
230010107001010,02
230010107001011,02
230010107001012,02
230010107001013,02
230010107001014,02
230010107001015,02
230010107001016,02
230010107001017,02
230010107001018,02
230010107001019,02
230010107001020,02
230010107001021,02
230010107001022,02
230010107001023,02
230010107001024,02
230010107001025,02
230010107001026,02
230010107001027,02
230010107001028,02
230010107001029,02
230010107001030,02
230010107001031,02
230010107001032,02
230010107001033,02
230010107001034,02
230010107001035,02
230010107001036,02
230010107001037,02
230010107001038,02
230010107001039,02
230010107001040,02
230010107001041,02
230010107001042,02
230010107001043,02
230010107001044,02
230010107001045,02
230010107001046,02
230010107001047,02
230010107001048,02
230010107001049,02
230010107001050,02
230010107001051,02
230010107001052,02
230010107001053,02
230010107002000,02
230010107002001,02
230010107002002,02
230010107002003,02
230010107002004,02
230010107002005,02
230010107002006,02
230010107002007,02
230010107002008,02
230010107002009,02
230010107002010,02
230010107002011,02
230010107002012,02
230010107002013,02
230010107002014,02
230010107002015,02
230010107002016,02
230010107002017,02
230010107002018,02
230010107002019,02
230010107002020,02
230010107002021,02
230010107002022,02
230010107002023,02
230010107002024,02
230010107002025,02
230010107002026,02
230010107002027,02
230010107002028,02
230010107002029,02
230010107002030,02
230010107002031,02
230010107002032,02
230010107002033,02
230010107002034,02
230010107002035,02
230010107002036,02
230010107002037,02
230010107002038,02
230010107002039,02
230010107002040,02
230010107002041,02
230010108001000,02
230010108001001,02
230010108001002,02
230010108001003,02
230010108001004,02
230010108001005,02
230010108001006,02
230010108001007,02
230010108001008,02
230010108001009,02
230010108001010,02
230010108001011,02
230010108001012,02
230010108001013,02
230010108001014,02
230010108001015,02
230010108001016,02
230010108001017,02
230010108001018,02
230010108001019,02
230010108001020,02
230010108002000,02
230010108002001,02
230010108002002,02
230010108002003,02
230010108002004,02
230010108002005,02
230010108002006,02
230010108002007,02
230010108002008,02
230010108002009,02
230010108002010,02
230010108002011,02
230010108002012,02
230010108002013,02
230010108002014,02
230010108002015,02
230010108003000,02
230010108003001,02
230010108003002,02
230010108003003,02
230010108003004,02
230010108003005,02
230010108003006,02
230010108003007,02
230010108003008,02
230010108003009,02
230010108003010,02
230010108003011,02
230010108003012,02
230010108003013,02
230010108003014,02
230010108003015,02
230010108003016,02
230010108003017,02
230010108003018,02
230010108003019,02
230010108003020,02
230010201001000,02
230010201001001,02
230010201001002,02
230010201001003,02
230010201001004,02
230010201001005,02
230010201001006,02
230010201001007,02
230010201001008,02
230010201001009,02
230010201001010,02
230010201001011,02
230010201001012,02
230010201001013,02
230010201001014,02
230010201001015,02
230010201001016,02
230010201001017,02
230010201002000,02
230010201002001,02
230010201002002,02
230010201002003,02
230010201002004,02
230010201002005,02
230010201002006,02
230010201002007,02
230010201002008,02
230010201002009,02
230010201002010,02
230010201002011,02
230010201003000,02
230010201003001,02
230010201003002,02
230010201003003,02
230010201003004,02
230010201003005,02
230010201003006,02
230010201003007,02
230010201003008,02
230010201003009,02
230010201003010,02
230010201003011,02
230010201003012,02
230010201003013,02
230010201003014,02
230010201003015,02
230010201003016,02
230010201003017,02
230010202001000,02
230010202001001,02
230010202001002,02
230010202001003,02
230010202001004,02
230010202001005,02
230010202001006,02
230010202001007,02
230010202001008,02
230010202001009,02
230010202001010,02
230010202001011,02
230010202001012,02
230010202002000,02
230010202002001,02
230010202002002,02
230010202002003,02
230010202002004,02
230010202002005,02
230010202002006,02
230010202002007,02
230010202002008,02
230010202002009,02
230010202002010,02
230010202002011,02
230010202002012,02
230010202002013,02
230010202002014,02
230010202002015,02
230010202002016,02
230010202002017,02
230010202002018,02
230010202002019,02
230010202002020,02
230010202002021,02
230010202002022,02
230010203011000,02
230010203011001,02
230010203012000,02
230010203012001,02
230010203012002,02
230010203012003,02
230010203012004,02
230010203012005,02
230010203012006,02
230010203012007,02
230010203012008,02
230010203012009,02
230010203012010,02
230010203012011,02
230010203013000,02
230010203013001,02
230010203013002,02
230010203013003,02
230010203013004,02
230010203013005,02
230010203013006,02
230010203013007,02
230010203013008,02
230010203013009,02
230010203013010,02
230010203013011,02
230010203013012,02
230010203013013,02
230010203013014,02
230010203021000,02
230010203021001,02
230010203021002,02
230010203021003,02
230010203021004,02
230010203021005,02
230010203021006,02
230010203021007,02
230010203021008,02
230010203021009,02
230010203021010,02
230010203021011,02
230010203021012,02
230010203021013,02
230010203021014,02
230010203021015,02
230010203021016,02
230010203021017,02
230010203021018,02
230010203021019,02
230010203021020,02
230010203021021,02
230010203021022,02
230010203021023,02
230010203021024,02
230010203021025,02
230010203021026,02
230010203021027,02
230010203031000,02
230010203031001,02
230010203031002,02
230010203031003,02
230010203031004,02
230010203031005,02
230010203031006,02
230010203031007,02
230010203031008,02
230010203031009,02
230010203031010,02
230010203031011,02
230010203031012,02
230010203031013,02
230010203031014,02
230010203031015,02
230010203031016,02
230010203031017,02
230010203031018,02
230010203031019,02
230010203031020,02
230010203031021,02
230010203031022,02
230010203031023,02
230010203031024,02
230010203031025,02
230010203031026,02
230010204011000,02
230010204011001,02
230010204011002,02
230010204011003,02
230010204011004,02
230010204011005,02
230010204011006,02
230010204011007,02
230010204021000,02
230010204021001,02
230010204021002,02
230010204021003,02
230010204021004,02
230010204021005,02
230010204021006,02
230010204021007,02
230010204021008,02
230010204021009,02
230010204021010,02
230010204021011,02
230010204021012,02
230010204021013,02
230010204021014,02
230010204021015,02
230010204021016,02
230010204021017,02
230010204022000,02
230010204022001,02
230010204022002,02
230010204022003,02
230010204022004,02
230010204022005,02
230010204022006,02
230010204022007,02
230010204022008,02
230010204022009,02
230010204022010,02
230010204022011,02
230010204022012,02
230010204022013,02
230010204022014,02
230010204022015,02
230010204022016,02
230010204022017,02
230010204022018,02
230010204022019,02
230010204022020,02
230010204022021,02
230010205001000,02
230010205001001,02
230010205001002,02
230010205001003,02
230010205001004,02
230010205001005,02
230010205001006,02
230010205001007,02
230010205001008,02
230010205002000,02
230010205002001,02
230010205002002,02
230010205002003,02
230010205002004,02
230010205002005,02
230010205002006,02
230010205002007,02
230010205002008,02
230010205002009,02
230010205002010,02
230010205002011,02
230010205002012,02
230010205003000,02
230010205003001,02
230010205003002,02
230010205003003,02
230010205003004,02
230010205003005,02
230010205003006,02
230010205003007,02
230010205004000,02
230010205004001,02
230010205004002,02
230010205004003,02
230010205004004,02
230010205004005,02
230010205004006,02
230010205004007,02
230010205004008,02
230010205004009,02
230010205004010,02
230010205004011,02
230010205004012,02
230010205004013,02
230010205004014,02
230010205004015,02
230010205004016,02
230010205004017,02
230010205005000,02
230010205005001,02
230010205005002,02
230010205005003,02
230010205005004,02
230010205005005,02
230010205005006,02
230010205005007,02
230010205005008,02
230010205005009,02
230010205005010,02
230010205005011,02
230010205005012,02
230010205005013,02
230010205005014,02
230010206001000,02
230010206001001,02
230010206001002,02
230010206001003,02
230010206001004,02
230010206001005,02
230010206001006,02
230010206001007,02
230010206001008,02
230010206001009,02
230010206001010,02
230010206001011,02
230010206001012,02
230010206001013,02
230010206001014,02
230010206001015,02
230010206001016,02
230010206001017,02
230010206001018,02
230010206001019,02
230010206001020,02
230010206001021,02
230010206001022,02
230010206001023,02
230010206001024,02
230010206001025,02
230010206001026,02
230010206001027,02
230010206001028,02
230010206001029,02
230010206001030,02
230010206001031,02
230010206001032,02
230010206001033,02
230010206001034,02
230010206001035,02
230010206001036,02
230010206001037,02
230010206001038,02
230010206002000,02
230010206002001,02
230010206002002,02
230010206002003,02
230010206002004,02
230010206002005,02
230010206002006,02
230010206002007,02
230010206002008,02
230010206002009,02
230010206002010,02
230010206002011,02
230010206003000,02
230010206003001,02
230010206003002,02
230010206003003,02
230010206003004,02
230010206003005,02
230010206003006,02
230010206003007,02
230010206003008,02
230010206003009,02
230010206003010,02
230010206003011,02
230010206003012,02
230010206003013,02
230010206003014,02
230010206003015,02
230010206003016,02
230010206003017,02
230010206003018,02
230010206003019,02
230010206003020,02
230010206003021,02
230010206003022,02
230010206003023,02
230010206003024,02
230010206003025,02
230010206003026,02
230010207001000,02
230010207001001,02
230010207001002,02
230010207001003,02
230010207001004,02
230010207001005,02
230010207002000,02
230010207002001,02
230010207002002,02
230010207002003,02
230010207002004,02
230010207002005,02
230010207002006,02
230010207002007,02
230010207002008,02
230010207002009,02
230010207002010,02
230010207002011,02
230010207002012,02
230010207002013,02
230010207003000,02
230010207003001,02
230010207003002,02
230010207003003,02
230010207003004,02
230010207003005,02
230010207003006,02
230010207003007,02
230010207003008,02
230010207003009,02
230010207003010,02
230010207004000,02
230010207004001,02
230010207004002,02
230010207004003,02
230010207004004,02
230010207004005,02
230010207004006,02
230010207004007,02
230010207004008,02
230010207004009,02
230010207004010,02
230010207004011,02
230010207004012,02
230010207004013,02
230010207004014,02
230010207004015,02
230010207004016,02
230010207004017,02
230010207005000,02
230010207005001,02
230010207005002,02
230010207005003,02
230010207005004,02
230010207005005,02
230010207005006,02
230010207005007,02
230010207005008,02
230010207005009,02
230010207005010,02
230010207005011,02
230010207005012,02
230010207005013,02
230010207005014,02
230010207005015,02
230010207005016,02
230010207005017,02
230010208011000,02
230010208011001,02
230010208011002,02
230010208011003,02
230010208011004,02
230010208011005,02
230010208011006,02
230010208011007,02
230010208011008,02
230010208011009,02
230010208011010,02
230010208011011,02
230010208011012,02
230010208012000,02
230010208012001,02
230010208012002,02
230010208013000,02
230010208013001,02
230010208014000,02
230010208014001,02
230010208014002,02
230010208014003,02
230010208014004,02
230010208021000,02
230010208021001,02
230010208021002,02
230010208021003,02
230010208021004,02
230010208021005,02
230010208021006,02
230010208021007,02
230010208021008,02
230010208021009,02
230010208021010,02
230010208021011,02
230010208021012,02
230010208021013,02
230010208021014,02
230010208022000,02
230010208022001,02
230010208022002,02
230010208022003,02
230010208022004,02
230010208022005,02
230010208022006,02
230010208022007,02
230010208022008,02
230010208022009,02
230010208022010,02
230010208022011,02
230010208022012,02
230010208023000,02
230010208023001,02
230010208023002,02
230010208023003,02
230010208023004,02
230010208023005,02
230010208023006,02
230010208023007,02
230010208023008,02
230010208024000,02
230010208024001,02
230010208024002,02
230010208024003,02
230010208024004,02
230010208024005,02
230010208024006,02
230010208024007,02
230010208024008,02
230010208024009,02
230010208024010,02
230010209001000,02
230010209001001,02
230010209001002,02
230010209001003,02
230010209001004,02
230010209001005,02
230010209001006,02
230010209001007,02
230010209001008,02
230010209001009,02
230010209001010,02
230010209001011,02
230010209001012,02
230010209001013,02
230010209001014,02
230010209001015,02
230010209001016,02
230010209001017,02
230010209001018,02
230010209001019,02
230010209002000,02
230010209002001,02
230010209002002,02
230010209002003,02
230010209002004,02
230010209002005,02
230010209002006,02
230010209002007,02
230010209002008,02
230010209002009,02
230010209002010,02
230010209002011,02
230010209002012,02
230010209002013,02
230010209002014,02
230010209002015,02
230010209003000,02
230010209003001,02
230010209003002,02
230010209003003,02
230010209003004,02
230010209003005,02
230010209003006,02
230010209003007,02
230010209003008,02
230010209003009,02
230010209003010,02
230010209003011,02
230010209003012,02
230010209004000,02
230010209004001,02
230010209004002,02
230010209004003,02
230010209004004,02
230010209004005,02
230010209004006,02
230010209004007,02
230010209004008,02
230010209004009,02
230010301001000,02
230010301001001,02
230010301001002,02
230010301001003,02
230010301001004,02
230010301001005,02
230010301001006,02
230010301001007,02
230010301001008,02
230010301001009,02
230010301001010,02
230010301001011,02
230010301002000,02
230010301002001,02
230010301002002,02
230010301002003,02
230010301002004,02
230010301002005,02
230010301002006,02
230010301002007,02
230010301002008,02
230010301002009,02
230010301002010,02
230010301003000,02
230010301003001,02
230010301003002,02
230010301003003,02
230010301003004,02
230010301003005,02
230010301003006,02
230010301003007,02
230010301003008,02
230010301003009,02
230010301003010,02
230010301003011,02
230010301003012,02
230010301003013,02
230010301004000,02
230010301004001,02
230010301004002,02
230010301004003,02
230010301004004,02
230010301004005,02
230010301004006,02
230010301004007,02
230010301004008,02
230010301004009,02
230010301004010,02
230010301004011,02
230010301004012,02
230010301004013,02
230010301004014,02
230010301005000,02
230010301005001,02
230010301005002,02
230010301005003,02
230010301005004,02
230010301005005,02
230010301005006,02
230010301005007,02
230010301005008,02
230010301005009,02
230010301005010,02
230010301005011,02
230010301005012,02
230010301005013,02
230010301005014,02
230010301005015,02
230010301005016,02
230010301006000,02
230010301006001,02
230010301006002,02
230010301006003,02
230010301006004,02
230010301006005,02
230010301006006,02
230010301006007,02
230010301006008,02
230010301006009,02
230010301006010,02
230010301006011,02
230010301006012,02
230010301006013,02
230010301006014,02
230010301006015,02
230010301006016,02
230010301006017,02
230010301006018,02
230010302001000,02
230010302001001,02
230010302001002,02
230010302001003,02
230010302001004,02
230010302001005,02
230010302001006,02
230010302001007,02
230010302001008,02
230010302001009,02
230010302001010,02
230010302001011,02
230010302001012,02
230010302001013,02
230010302001014,02
230010302001015,02
230010302001016,02
230010302001017,02
230010302001018,02
230010302001019,02
230010302001020,02
230010302001021,02
230010302001022,02
230010302001023,02
230010302002000,02
230010302002001,02
230010302002002,02
230010302002003,02
230010302002004,02
230010302002005,02
230010302002006,02
230010302002007,02
230010302002008,02
230010302002009,02
230010302002010,02
230010302002011,02
230010302002012,02
230010302002013,02
230010302002014,02
230010302002015,02
230010302002016,02
230010302002017,02
230010302002018,02
230010302002019,02
230010302002020,02
230010302002021,02
230010302002022,02
230010302002023,02
230010302002024,02
230010302002025,02
230010302002026,02
230010302002027,02
230010302002028,02
230010302002029,02
230010302002030,02
230010302002031,02
230010302002032,02
230010302002033,02
230010302002034,02
230010302002035,02
230010302002036,02
230010302002037,02
230010302002038,02
230010302002039,02
230010302002040,02
230010302002041,02
230010302002042,02
230010302002043,02
230010302002044,02
230010302002045,02
230010302002046,02
230010302002047,02
230010302003000,02
230010302003001,02
230010302003002,02
230010302003003,02
230010302003004,02
230010302003005,02
230010302003006,02
230010302003007,02
230010302003008,02
230010302003009,02
230010302003010,02
230010302003011,02
230010302003012,02
230010302003013,02
230010302003014,02
230010302003015,02
230010302003016,02
230010302003017,02
230010302003018,02
230010302003019,02
230010400001000,02
230010400001001,02
230010400001002,02
230010400001003,02
230010400001004,02
230010400001005,02
230010400001006,02
230010400001007,02
230010400001008,02
230010400001009,02
230010400001010,02
230010400001011,02
230010400001012,02
230010400001013,02
230010400001014,02
230010400001015,02
230010400001016,02
230010400001017,02
230010400001018,02
230010400001019,02
230010400001020,02
230010400001021,02
230010400001022,02
230010400001023,02
230010400001024,02
230010400001025,02
230010400001026,02
230010400002000,02
230010400002001,02
230010400002002,02
230010400002003,02
230010400002004,02
230010400002005,02
230010400002006,02
230010400002007,02
230010400002008,02
230010400002009,02
230010400002010,02
230010400002011,02
230010400002012,02
230010400002013,02
230010400003000,02
230010400003001,02
230010400003002,02
230010400003003,02
230010400003004,02
230010400003005,02
230010400003006,02
230010400003007,02
230010400004000,02
230010400004001,02
230010400004002,02
230010400004003,02
230010400004004,02
230010400004005,02
230010400004006,02
230010400004007,02
230010400004008,02
230010400004009,02
230010400004010,02
230010400004011,02
230010400004012,02
230010400004013,02
230010400004014,02
230010400004015,02
230010400004016,02
230010410001000,02
230010410001001,02
230010410001002,02
230010410001003,02
230010410001004,02
230010410001005,02
230010410001006,02
230010410001007,02
230010410001008,02
230010410001009,02
230010410001010,02
230010410001011,02
230010410001012,02
230010410001013,02
230010410001014,02
230010410001015,02
230010410001016,02
230010410001017,02
230010410001018,02
230010410001019,02
230010410001020,02
230010410002000,02
230010410002001,02
230010410002002,02
230010410002003,02
230010410002004,02
230010410002005,02
230010410002006,02
230010410002007,02
230010410002008,02
230010410002009,02
230010410002010,02
230010410002011,02
230010410002012,02
230010410002013,02
230010410002014,02
230010410002015,02
230010410002016,02
230010410002017,02
230010410003000,02
230010410003001,02
230010410003002,02
230010410003003,02
230010410003004,02
230010410003005,02
230010410003006,02
230010410003007,02
230010410003008,02
230010410003009,02
230010410003010,02
230010410003011,02
230010410003012,02
230010410004000,02
230010410004001,02
230010410004002,02
230010410004003,02
230010410004004,02
230010410004005,02
230010410004006,02
230010410004007,02
230010410004008,02
230010410004009,02
230010410004010,02
230010410004011,02
230010410004012,02
230010410004013,02
230010410004014,02
230010410004015,02
230010410004016,02
230010410004017,02
230010410004018,02
230010410004019,02
230010410005000,02
230010410005001,02
230010410005002,02
230010410005003,02
230010410005004,02
230010410005005,02
230010410005006,02
230010410005007,02
230010410005008,02
230010410005009,02
230010410005010,02
230010410005011,02
230010410005012,02
230010410005013,02
230010410005014,02
230010410005015,02
230010410005016,02
230010410006000,02
230010410006001,02
230010410006002,02
230010410006003,02
230010410006004,02
230010410006005,02
230010410006006,02
230010410006007,02
230010410006008,02
230010410006009,02
230010410006010,02
230010410006011,02
230010410006012,02
230010410006013,02
230010410006014,02
230010410006015,02
230010410006016,02
230010410006017,02
230010410007000,02
230010410007001,02
230010410007002,02
230010410007003,02
230010410007004,02
230010410007005,02
230010410007006,02
230010410007007,02
230010410007008,02
230010410007009,02
230010410007010,02
230010410007011,02
230010410007012,02
230010410007013,02
230010410007014,02
230010410007015,02
230010410007016,02
230010410007017,02
230010410007018,02
230010410007019,02
230010410007020,02
230010410007021,02
230010410007022,02
230010410007023,02
230010415001000,02
230010415001001,02
230010415001002,02
230010415001003,02
230010415001004,02
230010415001005,02
230010415001006,02
230010415001007,02
230010415001008,02
230010415001009,02
230010415001010,02
230010415001011,02
230010415001012,02
230010415001013,02
230010415001014,02
230010415001015,02
230010415001016,02
230010415001017,02
230010415001018,02
230010415001019,02
230010415001020,02
230010415001021,02
230010415001022,02
230010415001023,02
230010415001024,02
230010415001025,02
230010415001026,02
230010415001027,02
230010415001028,02
230010415001029,02
230010415002000,02
230010415002001,02
230010415002002,02
230010415002003,02
230010415002004,02
230010415002005,02
230010415002006,02
230010415002007,02
230010415002008,02
230010415002009,02
230010415002010,02
230010415002011,02
230010415002012,02
230010415002013,02
230010415002014,02
230010415002015,02
230010415002016,02
230010415002017,02
230010415002018,02
230010415002019,02
230010415002020,02
230010415002021,02
230010415002022,02
230010415002023,02
230010415002024,02
230010415002025,02
230010415002026,02
230010415002027,02
230010415002028,02
230010415002029,02
230010415002030,02
230010415002031,02
230010415002032,02
230010415002033,02
230010415002034,02
230010415002035,02
230010415002036,02
230010415002037,02
230010415002038,02
230010415002039,02
230010415002040,02
230010415002041,02
230010415002042,02
230010415003000,02
230010415003001,02
230010415003002,02
230010415003003,02
230010415003004,02
230010415003005,02
230010415003006,02
230010415003007,02
230010415003008,02
230010415003009,02
230010415003010,02
230010415003011,02
230010415003012,02
230010415003013,02
230010415003014,02
230010415003015,02
230010415003016,02
230010415003017,02
230010415003018,02
230010415003019,02
230010415003020,02
230010415003021,02
230010415003022,02
230010415004000,02
230010415004001,02
230010415004002,02
230010415004003,02
230010415004004,02
230010415004005,02
230010415004006,02
230010415004007,02
230010415004008,02
230010415004009,02
230010415004010,02
230010415004011,02
230010415004012,02
230010415004013,02
230010415004014,02
230010415004015,02
230010415004016,02
230010415004017,02
230010415004018,02
230010415004019,02
230010415004020,02
230010415004021,02
230010415004022,02
230010415005000,02
230010415005001,02
230010415005002,02
230010415005003,02
230010415005004,02
230010415005005,02
230010415005006,02
230010415005007,02
230010415005008,02
230010415005009,02
230010415005010,02
230010415005011,02
230010415005012,02
230010415005013,02
230010415005014,02
230010415005015,02
230010415005016,02
230010415005017,02
230010415005018,02
230010415005019,02
230010415005020,02
230010415005021,02
230010415005022,02
230010415005023,02
230010415005024,02
230010415005025,02
230010415005026,02
230010415005027,02
230010415005028,02
230010415005029,02
230010415005030,02
230010415005031,02
230010420001000,02
230010420001001,02
230010420001002,02
230010420001003,02
230010420001004,02
230010420001005,02
230010420001006,02
230010420001007,02
230010420001008,02
230010420001009,02
230010420001010,02
230010420001011,02
230010420001012,02
230010420001013,02
230010420001014,02
230010420001015,02
230010420001016,02
230010420001017,02
230010420001018,02
230010420001019,02
230010420001020,02
230010420001021,02
230010420001022,02
230010420001023,02
230010420001024,02
230010420001025,02
230010420001026,02
230010420001027,02
230010420001028,02
230010420001029,02
230010420001030,02
230010420001031,02
230010420001032,02
230010420002000,02
230010420002001,02
230010420002002,02
230010420002003,02
230010420002004,02
230010420002005,02
230010420002006,02
230010420002007,02
230010420002008,02
230010420002009,02
230010420002010,02
230010420002011,02
230010420002012,02
230010420002013,02
230010420002014,02
230010420002015,02
230010420002016,02
230010420002017,02
230010420002018,02
230010420002019,02
230010420002020,02
230010420002021,02
230010420002022,02
230010420002023,02
230010420002024,02
230010420002025,02
230010420002026,02
230010420002027,02
230010420002028,02
230010420003000,02
230010420003001,02
230010420003002,02
230010420003003,02
230010420003004,02
230010420003005,02
230010420003006,02
230010420003007,02
230010420003008,02
230010420003009,02
230010420003010,02
230010420003011,02
230010420003012,02
230010420003013,02
230010420003014,02
230010420003015,02
230010420003016,02
230010420003017,02
230010420003018,02
230010420003019,02
230010420003020,02
230010420003021,02
230010420003022,02
230010420003023,02
230010420003024,02
230010420003025,02
230010420003026,02
230010420003027,02
230010420003028,02
230010420003029,02
230010420003030,02
230010420003031,02
230010420003032,02
230010420003033,02
230010420003034,02
230010420003035,02
230010420003036,02
230010420003037,02
230010420003038,02
230010420003039,02
230010420003040,02
230010420003041,02
230010420003042,02
230010420003043,02
230010420003044,02
230010420004000,02
230010420004001,02
230010420004002,02
230010420004003,02
230010420004004,02
230010420004005,02
230010420004006,02
230010420004007,02
230010420004008,02
230010420004009,02
230010420004010,02
230010420004011,02
230010420004012,02
230010420004013,02
230010420004014,02
230010420004015,02
230010420004016,02
230010420004017,02
230010420004018,02
230010420004019,02
230010420004020,02
230010420004021,02
230010420004022,02
230010420004023,02
230010420004024,02
230010420004025,02
230010420004026,02
230010420004027,02
230010420004028,02
230010420004029,02
230010420004030,02
230010420004031,02
230010420004032,02
230010420004033,02
230010420004034,02
230010420004035,02
230010420004036,02
230010420004037,02
230010420004038,02
230010420004039,02
230010420004040,02
230010420004041,02
230010420004042,02
230010420004043,02
230010430001000,02
230010430001001,02
230010430001002,02
230010430001003,02
230010430001004,02
230010430001005,02
230010430001006,02
230010430001007,02
230010430001008,02
230010430001009,02
230010430001010,02
230010430001011,02
230010430001012,02
230010430001013,02
230010430001014,02
230010430001015,02
230010430001016,02
230010430001017,02
230010430001018,02
230010430001019,02
230010430001020,02
230010430001021,02
230010430001022,02
230010430001023,02
230010430001024,02
230010430001025,02
230010430001026,02
230010430001027,02
230010430001028,02
230010430001029,02
230010430001030,02
230010430001031,02
230010430001032,02
230010430001033,02
230010430001034,02
230010430001035,02
230010430001036,02
230010430001037,02
230010430001038,02
230010430001039,02
230010430001040,02
230010430001041,02
230010430001042,02
230010430001043,02
230010430001044,02
230010430001045,02
230010430001046,02
230010430001047,02
230010430001048,02
230010430001049,02
230010430002000,02
230010430002001,02
230010430002002,02
230010430002003,02
230010430002004,02
230010430002005,02
230010430002006,02
230010430002007,02
230010430002008,02
230010430002009,02
230010430002010,02
230010430002011,02
230010430002012,02
230010430002013,02
230010430002014,02
230010430002015,02
230010430002016,02
230010430002017,02
230010430002018,02
230010430002019,02
230010430002020,02
230010430002021,02
230010430002022,02
230010430002023,02
230010430002024,02
230010430002025,02
230010430002026,02
230010430002027,02
230010430002028,02
230010430002029,02
230010430002030,02
230010430002031,02
230010440001000,02
230010440001001,02
230010440001002,02
230010440001003,02
230010440001004,02
230010440001005,02
230010440001006,02
230010440001007,02
230010440001008,02
230010440001009,02
230010440001010,02
230010440001011,02
230010440001012,02
230010440001013,02
230010440001014,02
230010440001015,02
230010440001016,02
230010440001017,02
230010440001018,02
230010440001019,02
230010440001020,02
230010440001021,02
230010440001022,02
230010440001023,02
230010440001024,02
230010440001025,02
230010440001026,02
230010440001027,02
230010440001028,02
230010440001029,02
230010440001030,02
230010440001031,02
230010440001032,02
230010440001033,02
230010440001034,02
230010440001035,02
230010440001036,02
230010440001037,02
230010440001038,02
230010440001039,02
230010440001040,02
230010440001041,02
230010440002000,02
230010440002001,02
230010440002002,02
230010440002003,02
230010440002004,02
230010440002005,02
230010440002006,02
230010440002007,02
230010440002008,02
230010440002009,02
230010440002010,02
230010440002011,02
230010440002012,02
230010440002013,02
230010440002014,02
230010440002015,02
230010440002016,02
230010440002017,02
230010440002018,02
230010440002019,02
230010440002020,02
230010440002021,02
230010440002022,02
230010440002023,02
230010440002024,02
230010440002025,02
230010440002026,02
230010440002027,02
230010440002028,02
230010440002029,02
230010440002030,02
230010440002031,02
230010440002032,02
230010440002033,02
230010440002034,02
230010440002035,02
230010440002036,02
230010440002037,02
230010440002038,02
230010440002039,02
230010440002040,02
230010440002041,02
230010440002042,02
230010440002043,02
230010440002044,02
230010440002045,02
230010440002046,02
230010440002047,02
230010440002048,02
230010440002049,02
230010440002050,02
230010440002051,02
230010440002052,02
230010440002053,02
230010440002054,02
230010440002055,02
230010440002056,02
230010440002057,02
230010440002058,02
230010440002059,02
230010440002060,02
230010440002061,02
230010440002062,02
230010440002063,02
230010440002064,02
230010440002065,02
230010440002066,02
230010440002067,02
230010440002068,02
230010440002069,02
230010440002070,02
230010440002071,02
230010440002072,02
230010440002073,02
230010440002074,02
230010440002075,02
230010440002076,02
230010440002077,02
230010440002078,02
230010440002079,02
230010440002080,02
230010440002081,02
230010440002082,02
230010440002083,02
230010440002084,02
230010440002085,02
230010440002086,02
230010440002087,02
230010440002088,02
230010450001000,02
230010450001001,02
230010450001002,02
230010450001003,02
230010450001004,02
230010450001005,02
230010450001006,02
230010450001007,02
230010450001008,02
230010450001009,02
230010450001010,02
230010450001011,02
230010450001012,02
230010450001013,02
230010450001014,02
230010450001015,02
230010450001016,02
230010450001017,02
230010450001018,02
230010450001019,02
230010450001020,02
230010450001021,02
230010450001022,02
230010450001023,02
230010450001024,02
230010450001025,02
230010450001026,02
230010450001027,02
230010450001028,02
230010450001029,02
230010450001030,02
230010450001031,02
230010450001032,02
230010450001033,02
230010450001034,02
230010450001035,02
230010450001036,02
230010450001037,02
230010450001038,02
230010450001039,02
230010450001040,02
230010450001041,02
230010450001042,02
230010450001043,02
230010450001044,02
230010450001045,02
230010450001046,02
230010450001047,02
230010450001048,02
230010450001049,02
230010450001050,02
230010450001051,02
230010450001052,02
230010450001053,02
230010450001054,02
230010450001055,02
230010450001056,02
230010450001057,02
230010450001058,02
230010450001059,02
230010450001060,02
230010450001061,02
230010450001062,02
230010450001063,02
230010450001064,02
230010450001065,02
230010450001066,02
230010450001067,02
230010450001068,02
230010450001069,02
230010450001070,02
230010450001071,02
230010450001072,02
230010450001073,02
230010450001074,02
230010450001075,02
230010450001076,02
230010450001077,02
230010450001078,02
230010450001079,02
230010450001080,02
230010450001081,02
230010450001082,02
230010450001083,02
230010450001084,02
230010450001085,02
230010450001086,02
230010450001087,02
230010450001088,02
230010450001089,02
230010450001090,02
230010450001091,02
230010450001092,02
230010450001093,02
230010460001000,02
230010460001001,02
230010460001002,02
230010460001003,02
230010460001004,02
230010460001005,02
230010460001006,02
230010460001007,02
230010460001008,02
230010460001009,02
230010460001010,02
230010460001011,02
230010460001012,02
230010460001013,02
230010460001014,02
230010460001015,02
230010460001016,02
230010460001017,02
230010460001018,02
230010460001019,02
230010460001020,02
230010460001021,02
230010460002000,02
230010460002001,02
230010460002002,02
230010460002003,02
230010460002004,02
230010460002005,02
230010460002006,02
230010460002007,02
230010460002008,02
230010460002009,02
230010460002010,02
230010460002011,02
230010460002012,02
230010460002013,02
230010460002014,02
230010460002015,02
230010460002016,02
230010460002017,02
230010460002018,02
230010460002019,02
230010460002020,02
230010460002021,02
230010460002022,02
230010460002023,02
230010460002024,02
230010460002025,02
230010460002026,02
230010460002027,02
230010460002028,02
230010460002029,02
230010460002030,02
230010460002031,02
230010460002032,02
230010460002033,02
230010460002034,02
230010460003000,02
230010460003001,02
230010460003002,02
230010460003003,02
230010460003004,02
230010460003005,02
230010460003006,02
230010460003007,02
230010460003008,02
230010460003009,02
230010460003010,02
230010460003011,02
230010460003012,02
230010460003013,02
230010460003014,02
230010460003015,02
230010460003016,02
230010460003017,02
230010460003018,02
230010460003019,02
230010460003020,02
230010460003021,02
230010460003022,02
230010460004000,02
230010460004001,02
230010460004002,02
230010460004003,02
230010460004004,02
230010460004005,02
230010460004006,02
230010460004007,02
230010460004008,02
230010460004009,02
230010460004010,02
230010460004011,02
230010460004012,02
230010460004013,02
230010460004014,02
230010460004015,02
230010460004016,02
230010460004017,02
230010460004018,02
230010460004019,02
230010465001000,02
230010465001001,02
230010465001002,02
230010465001003,02
230010465001004,02
230010465001005,02
230010465001006,02
230010465001007,02
230010465001008,02
230010465001009,02
230010465001010,02
230010465001011,02
230010465001012,02
230010465001013,02
230010465001014,02
230010465001015,02
230010465001016,02
230010465001017,02
230010465001018,02
230010465001019,02
230010465001020,02
230010465001021,02
230010465001022,02
230010465001023,02
230010465001024,02
230010465001025,02
230010465001026,02
230010465001027,02
230010465001028,02
230010465001029,02
230010465001030,02
230010465001031,02
230010465001032,02
230010465001033,02
230010465001034,02
230010465001035,02
230010465001036,02
230010465001037,02
230010465001038,02
230010465001039,02
230010465001040,02
230010465001041,02
230010465001042,02
230010465002000,02
230010465002001,02
230010465002002,02
230010465002003,02
230010465002004,02
230010465002005,02
230010465002006,02
230010465002007,02
230010465002008,02
230010465002009,02
230010465002010,02
230010465002011,02
230010465002012,02
230010465002013,02
230010465002014,02
230010465002015,02
230010465002016,02
230010465002017,02
230010465002018,02
230010465002019,02
230010465002020,02
230010465002021,02
230010465002022,02
230010465002023,02
230010465002024,02
230010465002025,02
230010465002026,02
230010465002027,02
230010465002028,02
230010465002029,02
230010465002030,02
230010465002031,02
230010465002032,02
230010465002033,02
230010465002034,02
230010465002035,02
230010465002036,02
230010465002037,02
230010465002038,02
230010465002039,02
230010465002040,02
230010465002041,02
230010465002042,02
230010465002043,02
230010465003000,02
230010465003001,02
230010465003002,02
230010465003003,02
230010465003004,02
230010465003005,02
230010465003006,02
230010465003007,02
230010465003008,02
230010465003009,02
230010465003010,02
230010465003011,02
230010465003012,02
230010465003013,02
230010465003014,02
230010465003015,02
230010465004000,02
230010465004001,02
230010465004002,02
230010465004003,02
230010465004004,02
230010465004005,02
230010465004006,02
230010465004007,02
230010465004008,02
230010465004009,02
230010465004010,02
230010465004011,02
230010465004012,02
230010465004013,02
230010465004014,02
230010465004015,02
230010465004016,02
230010465004017,02
230010465004018,02
230010465004019,02
230010465004020,02
230010465004021,02
230010465004022,02
230010465005000,02
230010465005001,02
230010465005002,02
230010465005003,02
230010465005004,02
230010465005005,02
230010465005006,02
230010465005007,02
230010465005008,02
230010465005009,02
230010465005010,02
230010465005011,02
230010465005012,02
230010465005013,02
230010465005014,02
230010465005015,02
230039501001000,02
230039501001001,02
230039501001002,02
230039501001003,02
230039501001004,02
230039501001005,02
230039501001006,02
230039501001007,02
230039501001008,02
230039501001009,02
230039501001010,02
230039501001011,02
230039501001012,02
230039501001013,02
230039501001014,02
230039501001015,02
230039501001016,02
230039501001017,02
230039501001018,02
230039501001019,02
230039501001020,02
230039501001021,02
230039501001022,02
230039501001023,02
230039501001024,02
230039501001025,02
230039501001026,02
230039501001027,02
230039501001028,02
230039501001029,02
230039501001030,02
230039501001031,02
230039501001032,02
230039501001033,02
230039501001034,02
230039501001035,02
230039501001036,02
230039501001037,02
230039501001038,02
230039501001039,02
230039501001040,02
230039501001041,02
230039501001042,02
230039501001043,02
230039501001044,02
230039501001045,02
230039501001046,02
230039501001047,02
230039501001048,02
230039501001049,02
230039501001050,02
230039501001051,02
230039501001052,02
230039501001053,02
230039501001054,02
230039501001055,02
230039501001056,02
230039501001057,02
230039501001058,02
230039501001059,02
230039501001060,02
230039501001061,02
230039501001062,02
230039501001063,02
230039501001064,02
230039501001065,02
230039501001066,02
230039501001067,02
230039501001068,02
230039501001069,02
230039501001070,02
230039501001071,02
230039501001072,02
230039501001073,02
230039501001074,02
230039501001075,02
230039501001076,02
230039501001077,02
230039501001078,02
230039501001079,02
230039501001080,02
230039501001081,02
230039501002000,02
230039501002001,02
230039501002002,02
230039501002003,02
230039501002004,02
230039501002005,02
230039501002006,02
230039501002007,02
230039501002008,02
230039501002009,02
230039501002010,02
230039501002011,02
230039501002012,02
230039501002013,02
230039501002014,02
230039501002015,02
230039501002016,02
230039501002017,02
230039501002018,02
230039501002019,02
230039501002020,02
230039501002021,02
230039501002022,02
230039501002023,02
230039501002024,02
230039501002025,02
230039501002026,02
230039501002027,02
230039501002028,02
230039501002029,02
230039501002030,02
230039501002031,02
230039501002032,02
230039501002033,02
230039501002034,02
230039501002035,02
230039501002036,02
230039501002037,02
230039501002038,02
230039501002039,02
230039501002040,02
230039501002041,02
230039501002042,02
230039501002043,02
230039501002044,02
230039501002045,02
230039501002046,02
230039501002047,02
230039501002048,02
230039501002049,02
230039501002050,02
230039501002051,02
230039501002052,02
230039501002053,02
230039501002054,02
230039501002055,02
230039501002056,02
230039501002057,02
230039501002058,02
230039501002059,02
230039501002060,02
230039501002061,02
230039501002062,02
230039501002063,02
230039501002064,02
230039501002065,02
230039501002066,02
230039501002067,02
230039501002068,02
230039501002069,02
230039501002070,02
230039501002071,02
230039501002072,02
230039501002073,02
230039501002074,02
230039501002075,02
230039501002076,02
230039501002077,02
230039501002078,02
230039501002079,02
230039501002080,02
230039501002081,02
230039501002082,02
230039501002083,02
230039501002084,02
230039501002085,02
230039501002086,02
230039501002087,02
230039501002088,02
230039501002089,02
230039501002090,02
230039501002091,02
230039501002092,02
230039501002093,02
230039501002094,02
230039501002095,02
230039501002096,02
230039501002097,02
230039501002098,02
230039501002099,02
230039501002100,02
230039501002101,02
230039501002102,02
230039501002103,02
230039501002104,02
230039501002105,02
230039501002106,02
230039501002107,02
230039501002108,02
230039501002109,02
230039501002110,02
230039501002111,02
230039501002112,02
230039501002113,02
230039501002114,02
230039501002115,02
230039501002116,02
230039501002117,02
230039501002118,02
230039501002119,02
230039501002120,02
230039501002121,02
230039501002122,02
230039501002123,02
230039501002124,02
230039501002125,02
230039501002126,02
230039501002127,02
230039501002128,02
230039501002129,02
230039501002130,02
230039501002131,02
230039501002132,02
230039501002133,02
230039501002134,02
230039501002135,02
230039501002136,02
230039501002137,02
230039501002138,02
230039501002139,02
230039501002140,02
230039501002141,02
230039501002142,02
230039501002143,02
230039501002144,02
230039501002145,02
230039501002146,02
230039501002147,02
230039501002148,02
230039501002149,02
230039501002150,02
230039501002151,02
230039501002152,02
230039501002153,02
230039501002154,02
230039501002155,02
230039501002156,02
230039501002157,02
230039501002158,02
230039501002159,02
230039501002160,02
230039501002161,02
230039501002162,02
230039501002163,02
230039501002164,02
230039501002165,02
230039501002166,02
230039501002167,02
230039501002168,02
230039501002169,02
230039501002170,02
230039501002171,02
230039501002172,02
230039501002173,02
230039501002174,02
230039501002175,02
230039501002176,02
230039501002177,02
230039501002178,02
230039501002179,02
230039501002180,02
230039501002181,02
230039501002182,02
230039501002183,02
230039501002184,02
230039501002185,02
230039501002186,02
230039501002187,02
230039501002188,02
230039501002189,02
230039501002190,02
230039501002191,02
230039501002192,02
230039501002193,02
230039501002194,02
230039501002195,02
230039501002196,02
230039501002197,02
230039501002198,02
230039501002199,02
230039501002200,02
230039501002201,02
230039501002202,02
230039501002203,02
230039501002204,02
230039501002205,02
230039501002206,02
230039501002207,02
230039501002208,02
230039501002209,02
230039501002210,02
230039501002211,02
230039501002212,02
230039501002213,02
230039501002214,02
230039501002215,02
230039501002216,02
230039501002217,02
230039501002218,02
230039501002219,02
230039501002220,02
230039501002221,02
230039501002222,02
230039501002223,02
230039501002224,02
230039501002225,02
230039501002226,02
230039501002227,02
230039501002228,02
230039501002229,02
230039501002230,02
230039501002231,02
230039501002232,02
230039501002233,02
230039501002234,02
230039501003000,02
230039501003001,02
230039501003002,02
230039501003003,02
230039501003004,02
230039501003005,02
230039501003006,02
230039501003007,02
230039501003008,02
230039501003009,02
230039501003010,02
230039501003011,02
230039501003012,02
230039501003013,02
230039501003014,02
230039501003015,02
230039501003016,02
230039501003017,02
230039501003018,02
230039501003019,02
230039501003020,02
230039501003021,02
230039501003022,02
230039501003023,02
230039501003024,02
230039501003025,02
230039501003026,02
230039501003027,02
230039501003028,02
230039501003029,02
230039501003030,02
230039501003031,02
230039501003032,02
230039501003033,02
230039501003034,02
230039501003035,02
230039501003036,02
230039501003037,02
230039501003038,02
230039501003039,02
230039501003040,02
230039501003041,02
230039501003042,02
230039501003043,02
230039501003044,02
230039501003045,02
230039501003046,02
230039501003047,02
230039501003048,02
230039501003049,02
230039501003050,02
230039501003051,02
230039501003052,02
230039501003053,02
230039501003054,02
230039501003055,02
230039501003056,02
230039501003057,02
230039501003058,02
230039501003059,02
230039501003060,02
230039501003061,02
230039501003062,02
230039501003063,02
230039501003064,02
230039501003065,02
230039501003066,02
230039501003067,02
230039501003068,02
230039501003069,02
230039501003070,02
230039501003071,02
230039501003072,02
230039501003073,02
230039501003074,02
230039501003075,02
230039501003076,02
230039501003077,02
230039501003078,02
230039501003079,02
230039501003080,02
230039501003081,02
230039501003082,02
230039501003083,02
230039501003084,02
230039501003085,02
230039501003086,02
230039501003087,02
230039501003088,02
230039501003089,02
230039501003090,02
230039501003091,02
230039501003092,02
230039501003093,02
230039501003094,02
230039501003095,02
230039501003096,02
230039501003097,02
230039501003098,02
230039501003099,02
230039501003100,02
230039501003101,02
230039501003102,02
230039501003103,02
230039501003104,02
230039501003105,02
230039501003106,02
230039501003107,02
230039501003108,02
230039501003109,02
230039501003110,02
230039501003111,02
230039501003112,02
230039501003113,02
230039501003114,02
230039501003115,02
230039501003116,02
230039501003117,02
230039501003118,02
230039501003119,02
230039501003120,02
230039501003121,02
230039501003122,02
230039501003123,02
230039501003124,02
230039501003125,02
230039501003126,02
230039501003127,02
230039501003128,02
230039501003129,02
230039501003130,02
230039501003131,02
230039501003132,02
230039501003133,02
230039501003134,02
230039501003135,02
230039501003136,02
230039501003137,02
230039501003138,02
230039501003139,02
230039501003140,02
230039501003141,02
230039501003142,02
230039501003143,02
230039501003144,02
230039501003145,02
230039501003146,02
230039502001000,02
230039502001001,02
230039502001002,02
230039502001003,02
230039502001004,02
230039502001005,02
230039502001006,02
230039502001007,02
230039502001008,02
230039502001009,02
230039502001010,02
230039502001011,02
230039502001012,02
230039502001013,02
230039502001014,02
230039502001015,02
230039502001016,02
230039502001017,02
230039502001018,02
230039502001019,02
230039502001020,02
230039502001021,02
230039502001022,02
230039502001023,02
230039502001024,02
230039502001025,02
230039502001026,02
230039502002000,02
230039502002001,02
230039502002002,02
230039502002003,02
230039502002004,02
230039502002005,02
230039502002006,02
230039502002007,02
230039502002008,02
230039502002009,02
230039502002010,02
230039502002011,02
230039502002012,02
230039502002013,02
230039502002014,02
230039502002015,02
230039502002016,02
230039502003000,02
230039502003001,02
230039502003002,02
230039502003003,02
230039502003004,02
230039502003005,02
230039502003006,02
230039502003007,02
230039502003008,02
230039502003009,02
230039502003010,02
230039502003011,02
230039502003012,02
230039502003013,02
230039502003014,02
230039502003015,02
230039502003016,02
230039502003017,02
230039502003018,02
230039502003019,02
230039502003020,02
230039502003021,02
230039502003022,02
230039502003023,02
230039502003024,02
230039502003025,02
230039502003026,02
230039502003027,02
230039502003028,02
230039502003029,02
230039502003030,02
230039502003031,02
230039502003032,02
230039502003033,02
230039502003034,02
230039502003035,02
230039502003036,02
230039502003037,02
230039502003038,02
230039502003039,02
230039502003040,02
230039502003041,02
230039502003042,02
230039502003043,02
230039502003044,02
230039502003045,02
230039502003046,02
230039502003047,02
230039502003048,02
230039502003049,02
230039502003050,02
230039502003051,02
230039502003052,02
230039502003053,02
230039502003054,02
230039502003055,02
230039502003056,02
230039502003057,02
230039502003058,02
230039502003059,02
230039502003060,02
230039502003061,02
230039502003062,02
230039502003063,02
230039502003064,02
230039502003065,02
230039502003066,02
230039502003067,02
230039502003068,02
230039502003069,02
230039502003070,02
230039502003071,02
230039502003072,02
230039502003073,02
230039502003074,02
230039502003075,02
230039502003076,02
230039502003077,02
230039502003078,02
230039502003079,02
230039502003080,02
230039502003081,02
230039502003082,02
230039502003083,02
230039502003084,02
230039502003085,02
230039502003086,02
230039502003087,02
230039502003088,02
230039502003089,02
230039503001000,02
230039503001001,02
230039503001002,02
230039503001003,02
230039503001004,02
230039503001005,02
230039503001006,02
230039503001007,02
230039503001008,02
230039503001009,02
230039503001010,02
230039503001011,02
230039503001012,02
230039503001013,02
230039503001014,02
230039503001015,02
230039503001016,02
230039503001017,02
230039503001018,02
230039503001019,02
230039503001020,02
230039503001021,02
230039503001022,02
230039503001023,02
230039503001024,02
230039503001025,02
230039503001026,02
230039503002000,02
230039503002001,02
230039503002002,02
230039503002003,02
230039503002004,02
230039503002005,02
230039503002006,02
230039503002007,02
230039503002008,02
230039503002009,02
230039503002010,02
230039503002011,02
230039503002012,02
230039503002013,02
230039503002014,02
230039503002015,02
230039503002016,02
230039503002017,02
230039503002018,02
230039503002019,02
230039503002020,02
230039503002021,02
230039503002022,02
230039503002023,02
230039503003000,02
230039503003001,02
230039503003002,02
230039503003003,02
230039503003004,02
230039503003005,02
230039503003006,02
230039503003007,02
230039503003008,02
230039503003009,02
230039503003010,02
230039503003011,02
230039503003012,02
230039503003013,02
230039503003014,02
230039503003015,02
230039503003016,02
230039503003017,02
230039503003018,02
230039503003019,02
230039503003020,02
230039503003021,02
230039503003022,02
230039503003023,02
230039503003024,02
230039503003025,02
230039503003026,02
230039503003027,02
230039503003028,02
230039503004000,02
230039503004001,02
230039503004002,02
230039503004003,02
230039503004004,02
230039503004005,02
230039503004006,02
230039503004007,02
230039503004008,02
230039503004009,02
230039503004010,02
230039503004011,02
230039503005000,02
230039503005001,02
230039503005002,02
230039503005003,02
230039503005004,02
230039503005005,02
230039503005006,02
230039503005007,02
230039503005008,02
230039503005009,02
230039503005010,02
230039503005011,02
230039503005012,02
230039503005013,02
230039503005014,02
230039503005015,02
230039503005016,02
230039503005017,02
230039503005018,02
230039503005019,02
230039503005020,02
230039503005021,02
230039503005022,02
230039503005023,02
230039503005024,02
230039503005025,02
230039503005026,02
230039503005027,02
230039503005028,02
230039503005029,02
230039503005030,02
230039503005031,02
230039503005032,02
230039503005033,02
230039503005034,02
230039503005035,02
230039503005036,02
230039503005037,02
230039503005038,02
230039503005039,02
230039503005040,02
230039503005041,02
230039503005042,02
230039503005043,02
230039503005044,02
230039503005045,02
230039503005046,02
230039503005047,02
230039503005048,02
230039503005049,02
230039503005050,02
230039503005051,02
230039503005052,02
230039503005053,02
230039503005054,02
230039503005055,02
230039503005056,02
230039503005057,02
230039503005058,02
230039503005059,02
230039503005060,02
230039503005061,02
230039503005062,02
230039504001000,02
230039504001001,02
230039504001002,02
230039504001003,02
230039504001004,02
230039504001005,02
230039504001006,02
230039504001007,02
230039504001008,02
230039504001009,02
230039504001010,02
230039504001011,02
230039504001012,02
230039504001013,02
230039504001014,02
230039504001015,02
230039504001016,02
230039504001017,02
230039504001018,02
230039504001019,02
230039504001020,02
230039504001021,02
230039504001022,02
230039504001023,02
230039504001024,02
230039504001025,02
230039504001026,02
230039504001027,02
230039504001028,02
230039504001029,02
230039504001030,02
230039504001031,02
230039504001032,02
230039504001033,02
230039504001034,02
230039504001035,02
230039504001036,02
230039504001037,02
230039504001038,02
230039504001039,02
230039504001040,02
230039504001041,02
230039504001042,02
230039504001043,02
230039504001044,02
230039504002000,02
230039504002001,02
230039504002002,02
230039504002003,02
230039504002004,02
230039504002005,02
230039504002006,02
230039504002007,02
230039504002008,02
230039504002009,02
230039504002010,02
230039504002011,02
230039504002012,02
230039504002013,02
230039504002014,02
230039504002015,02
230039504002016,02
230039504002017,02
230039504002018,02
230039504002019,02
230039504002020,02
230039504002021,02
230039504002022,02
230039504002023,02
230039504002024,02
230039504002025,02
230039504002026,02
230039504002027,02
230039504002028,02
230039504002029,02
230039504002030,02
230039504002031,02
230039504002032,02
230039504002033,02
230039504002034,02
230039504002035,02
230039504002036,02
230039504002037,02
230039504002038,02
230039504002039,02
230039504002040,02
230039504002041,02
230039504002042,02
230039504002043,02
230039504002044,02
230039504002045,02
230039504002046,02
230039504002047,02
230039504002048,02
230039504002049,02
230039504002050,02
230039504002051,02
230039504002052,02
230039504002053,02
230039504002054,02
230039504002055,02
230039504002056,02
230039504002057,02
230039504002058,02
230039506001000,02
230039506001001,02
230039506001002,02
230039506001003,02
230039506001004,02
230039506001005,02
230039506001006,02
230039506001007,02
230039506001008,02
230039506001009,02
230039506001010,02
230039506001011,02
230039506001012,02
230039506001013,02
230039506001014,02
230039506001015,02
230039506001016,02
230039506001017,02
230039506001018,02
230039506001019,02
230039506001020,02
230039506001021,02
230039506001022,02
230039506001023,02
230039506001024,02
230039506001025,02
230039506001026,02
230039506001027,02
230039506001028,02
230039506001029,02
230039506001030,02
230039506001031,02
230039506001032,02
230039506001033,02
230039506001034,02
230039506001035,02
230039506001036,02
230039506001037,02
230039506001038,02
230039506001039,02
230039506001040,02
230039506001041,02
230039506001042,02
230039506001043,02
230039506002000,02
230039506002001,02
230039506002002,02
230039506002003,02
230039506002004,02
230039506002005,02
230039506002006,02
230039506002007,02
230039506002008,02
230039506002009,02
230039506002010,02
230039506002011,02
230039506002012,02
230039506002013,02
230039506002014,02
230039506002015,02
230039506002016,02
230039506002017,02
230039506002018,02
230039506002019,02
230039506002020,02
230039506002021,02
230039506002022,02
230039506002023,02
230039506002024,02
230039506002025,02
230039506002026,02
230039506002027,02
230039506002028,02
230039506002029,02
230039506002030,02
230039506002031,02
230039506002032,02
230039506002033,02
230039506002034,02
230039506002035,02
230039506002036,02
230039506002037,02
230039506002038,02
230039506002039,02
230039506002040,02
230039506002041,02
230039506002042,02
230039506002043,02
230039506002044,02
230039506002045,02
230039506002046,02
230039506002047,02
230039506002048,02
230039506003000,02
230039506003001,02
230039506003002,02
230039506003003,02
230039506003004,02
230039506003005,02
230039506003006,02
230039506003007,02
230039506003008,02
230039506003009,02
230039506003010,02
230039506003011,02
230039506003012,02
230039506003013,02
230039506003014,02
230039506003015,02
230039506003016,02
230039506003017,02
230039506003018,02
230039506003019,02
230039506003020,02
230039506003021,02
230039506003022,02
230039506003023,02
230039506004000,02
230039506004001,02
230039506004002,02
230039506004003,02
230039506004004,02
230039506004005,02
230039506004006,02
230039506004007,02
230039506004008,02
230039506004009,02
230039506004010,02
230039506004011,02
230039506004012,02
230039506004013,02
230039506004014,02
230039506004015,02
230039506004016,02
230039506004017,02
230039506004018,02
230039506004019,02
230039506004020,02
230039506004021,02
230039506004022,02
230039506004023,02
230039506004024,02
230039506004025,02
230039506004026,02
230039506004027,02
230039506004028,02
230039506004029,02
230039506004030,02
230039506004031,02
230039506004032,02
230039506004033,02
230039506004034,02
230039506004035,02
230039506004036,02
230039506004037,02
230039506004038,02
230039506004039,02
230039507001000,02
230039507001001,02
230039507001002,02
230039507001003,02
230039507001004,02
230039507001005,02
230039507001006,02
230039507001007,02
230039507001008,02
230039507001009,02
230039507001010,02
230039507001011,02
230039507001012,02
230039507001013,02
230039507001014,02
230039507001015,02
230039507001016,02
230039507001017,02
230039507001018,02
230039507001019,02
230039507001020,02
230039507001021,02
230039507001022,02
230039507001023,02
230039507001024,02
230039507001025,02
230039507001026,02
230039507001027,02
230039507001028,02
230039507001029,02
230039507001030,02
230039507001031,02
230039507001032,02
230039507001033,02
230039507001034,02
230039507001035,02
230039507001036,02
230039507001037,02
230039507001038,02
230039507001039,02
230039507001040,02
230039507001041,02
230039507001042,02
230039507001043,02
230039507001044,02
230039507001045,02
230039507001046,02
230039507001047,02
230039507001048,02
230039507001049,02
230039507001050,02
230039507001051,02
230039507001052,02
230039507001053,02
230039507001054,02
230039507001055,02
230039507001056,02
230039507001057,02
230039507001058,02
230039507001059,02
230039507001060,02
230039507001061,02
230039507001062,02
230039507001063,02
230039507001064,02
230039507001065,02
230039507001066,02
230039507001067,02
230039507001068,02
230039507001069,02
230039507001070,02
230039507001071,02
230039507001072,02
230039507001073,02
230039507001074,02
230039507001075,02
230039507001076,02
230039507001077,02
230039507001078,02
230039507001079,02
230039507001080,02
230039507001081,02
230039507001082,02
230039507001083,02
230039507001084,02
230039507001085,02
230039507001086,02
230039507001087,02
230039507001088,02
230039507001089,02
230039507001090,02
230039507001091,02
230039507001092,02
230039507001093,02
230039507001094,02
230039507001095,02
230039507002000,02
230039507002001,02
230039507002002,02
230039507002003,02
230039507002004,02
230039507002005,02
230039507002006,02
230039507002007,02
230039507002008,02
230039507002009,02
230039507002010,02
230039507002011,02
230039507002012,02
230039507002013,02
230039507002014,02
230039507002015,02
230039507002016,02
230039507002017,02
230039507002018,02
230039507002019,02
230039507002020,02
230039507002021,02
230039507002022,02
230039507002023,02
230039507002024,02
230039507002025,02
230039507002026,02
230039507002027,02
230039507002028,02
230039507002029,02
230039507002030,02
230039507002031,02
230039507002032,02
230039507002033,02
230039507002034,02
230039507002035,02
230039507002036,02
230039507002037,02
230039507002038,02
230039507002039,02
230039507002040,02
230039507002041,02
230039507002042,02
230039507002043,02
230039507002044,02
230039507002045,02
230039507002046,02
230039507002047,02
230039507002048,02
230039507002049,02
230039507002050,02
230039507002051,02
230039507002052,02
230039507002053,02
230039507002054,02
230039507002055,02
230039507002056,02
230039507002057,02
230039507002058,02
230039507002059,02
230039507002060,02
230039507002061,02
230039507002062,02
230039507002063,02
230039507002064,02
230039507002065,02
230039507002066,02
230039507002067,02
230039507002068,02
230039507002069,02
230039507002070,02
230039507002071,02
230039507002072,02
230039507002073,02
230039507002074,02
230039507002075,02
230039507002076,02
230039507002077,02
230039507002078,02
230039507002079,02
230039507002080,02
230039507002081,02
230039507002082,02
230039507002083,02
230039507002084,02
230039507002085,02
230039507002086,02
230039507002087,02
230039507002088,02
230039507002089,02
230039507002090,02
230039507002091,02
230039507002092,02
230039507002093,02
230039507002094,02
230039507002095,02
230039507002096,02
230039507002097,02
230039507002098,02
230039507002099,02
230039507002100,02
230039507002101,02
230039507002102,02
230039507002103,02
230039507002104,02
230039507002105,02
230039507002106,02
230039507002107,02
230039507002108,02
230039507002109,02
230039507002110,02
230039507002111,02
230039507002112,02
230039507002113,02
230039507002114,02
230039507002115,02
230039507002116,02
230039507002117,02
230039507002118,02
230039507002119,02
230039507002120,02
230039507002121,02
230039507002122,02
230039507002123,02
230039507002124,02
230039507002125,02
230039507002126,02
230039507002127,02
230039507002128,02
230039507002129,02
230039507002130,02
230039507002131,02
230039507002132,02
230039507002133,02
230039507002134,02
230039507002135,02
230039507002136,02
230039507002137,02
230039507002138,02
230039507002139,02
230039507002140,02
230039507002141,02
230039507002142,02
230039507002143,02
230039507002144,02
230039507002145,02
230039507002146,02
230039507002147,02
230039507002148,02
230039507002149,02
230039507002150,02
230039507002151,02
230039507002152,02
230039507002153,02
230039507002154,02
230039507002155,02
230039507002156,02
230039507002157,02
230039507002158,02
230039507002159,02
230039507002160,02
230039507002161,02
230039507002162,02
230039507002163,02
230039507002164,02
230039507002165,02
230039507002166,02
230039507002167,02
230039507002168,02
230039507002169,02
230039507002170,02
230039507002171,02
230039507002172,02
230039507002173,02
230039507002174,02
230039507002175,02
230039507002176,02
230039507002177,02
230039507002178,02
230039507002179,02
230039507002180,02
230039507002181,02
230039507002182,02
230039507002183,02
230039507002184,02
230039507002185,02
230039507002186,02
230039507002187,02
230039507002188,02
230039507002189,02
230039507002190,02
230039507002191,02
230039507002192,02
230039507002193,02
230039507002194,02
230039507002195,02
230039507002196,02
230039507002197,02
230039507002198,02
230039507002199,02
230039507002200,02
230039507002201,02
230039507002202,02
230039507002203,02
230039507002204,02
230039507002205,02
230039507002206,02
230039507002207,02
230039507002208,02
230039507002209,02
230039507002210,02
230039507002211,02
230039507002212,02
230039507002213,02
230039507002214,02
230039507002215,02
230039507002216,02
230039507002217,02
230039507002218,02
230039507002219,02
230039507002220,02
230039507002221,02
230039507002222,02
230039507002223,02
230039507002224,02
230039507002225,02
230039507002226,02
230039507002227,02
230039507002228,02
230039507002229,02
230039507002230,02
230039507002231,02
230039507002232,02
230039507002233,02
230039507002234,02
230039507002235,02
230039507002236,02
230039507002237,02
230039507002238,02
230039507002239,02
230039507002240,02
230039507002241,02
230039507002242,02
230039507002243,02
230039507002244,02
230039507002245,02
230039507002246,02
230039507002247,02
230039507002248,02
230039507002249,02
230039507002250,02
230039507002251,02
230039507002252,02
230039507002253,02
230039507002254,02
230039507002255,02
230039507002256,02
230039507002257,02
230039507002258,02
230039507002259,02
230039507002260,02
230039507002261,02
230039507002262,02
230039507002263,02
230039507002264,02
230039507002265,02
230039507002266,02
230039507002267,02
230039507002268,02
230039507002269,02
230039507002270,02
230039507002271,02
230039507002272,02
230039507002273,02
230039507002274,02
230039507002275,02
230039507002276,02
230039507002277,02
230039507002278,02
230039507002279,02
230039507002280,02
230039507002281,02
230039507002282,02
230039507002283,02
230039507002284,02
230039507002285,02
230039507002286,02
230039507002287,02
230039507002288,02
230039507002289,02
230039507002290,02
230039507002291,02
230039507002292,02
230039507002293,02
230039507002294,02
230039507002295,02
230039507002296,02
230039507002297,02
230039507002298,02
230039507002299,02
230039507002300,02
230039507002301,02
230039507002302,02
230039507002303,02
230039507002304,02
230039507002305,02
230039507002306,02
230039507002307,02
230039507002308,02
230039507002309,02
230039507002310,02
230039507002311,02
230039507002312,02
230039507002313,02
230039507002314,02
230039507002315,02
230039507002316,02
230039507002317,02
230039507002318,02
230039507002319,02
230039507002320,02
230039507002321,02
230039507002322,02
230039507002323,02
230039507002324,02
230039507002325,02
230039507002326,02
230039507002327,02
230039507002328,02
230039507002329,02
230039507002330,02
230039507002331,02
230039507002332,02
230039507002333,02
230039507002334,02
230039507002335,02
230039507002336,02
230039507002337,02
230039507002338,02
230039507002339,02
230039507002340,02
230039507002341,02
230039507002342,02
230039507002343,02
230039507002344,02
230039507002345,02
230039507002346,02
230039507002347,02
230039507002348,02
230039507002349,02
230039507002350,02
230039507002351,02
230039507002352,02
230039507002353,02
230039507002354,02
230039507002355,02
230039507002356,02
230039507002357,02
230039507002358,02
230039507002359,02
230039507002360,02
230039507002361,02
230039507002362,02
230039507002363,02
230039507002364,02
230039507002365,02
230039507002366,02
230039507002367,02
230039507002368,02
230039507002369,02
230039507002370,02
230039507002371,02
230039507002372,02
230039507002373,02
230039507002374,02
230039507002375,02
230039507002376,02
230039507002377,02
230039507002378,02
230039507002379,02
230039507002380,02
230039507002381,02
230039507002382,02
230039507002383,02
230039507002384,02
230039507002385,02
230039507002386,02
230039507002387,02
230039507002388,02
230039507002389,02
230039507002390,02
230039507002391,02
230039507002392,02
230039507002393,02
230039507002394,02
230039507002395,02
230039507002396,02
230039507002397,02
230039507002398,02
230039507002399,02
230039507002400,02
230039507002401,02
230039507002402,02
230039507002403,02
230039507002404,02
230039507002405,02
230039507002406,02
230039507002407,02
230039507002408,02
230039507002409,02
230039507002410,02
230039507002411,02
230039507002412,02
230039507002413,02
230039507002414,02
230039507002415,02
230039507002416,02
230039507002417,02
230039507002418,02
230039507002419,02
230039507002420,02
230039507002421,02
230039507002422,02
230039507002423,02
230039507002424,02
230039507002425,02
230039507002426,02
230039507002427,02
230039507002428,02
230039507002429,02
230039507002430,02
230039507002431,02
230039507002432,02
230039507002433,02
230039507002434,02
230039507002435,02
230039507002436,02
230039507002437,02
230039507002438,02
230039507002439,02
230039507002440,02
230039507002441,02
230039507002442,02
230039507002443,02
230039507002444,02
230039507002445,02
230039507002446,02
230039507002447,02
230039507002448,02
230039507002449,02
230039507002450,02
230039507002451,02
230039507002452,02
230039507002453,02
230039507002454,02
230039507002455,02
230039507002456,02
230039507002457,02
230039507002458,02
230039507002459,02
230039507002460,02
230039507002461,02
230039507002462,02
230039507002463,02
230039507002464,02
230039507002465,02
230039507002466,02
230039507002467,02
230039507002468,02
230039507002469,02
230039507002470,02
230039507002471,02
230039507002472,02
230039507002473,02
230039507002474,02
230039507002475,02
230039507002476,02
230039507002477,02
230039507002478,02
230039507002479,02
230039507002480,02
230039507002481,02
230039507002482,02
230039507002483,02
230039507002484,02
230039507002485,02
230039507002486,02
230039507002487,02
230039507002488,02
230039507002489,02
230039507002490,02
230039507002491,02
230039507002492,02
230039507002493,02
230039507002494,02
230039507002495,02
230039507002496,02
230039507002497,02
230039507002498,02
230039507002499,02
230039507002500,02
230039507002501,02
230039507002502,02
230039507002503,02
230039507002504,02
230039507002505,02
230039507002506,02
230039507002507,02
230039507002508,02
230039507002509,02
230039507002510,02
230039507002511,02
230039507002512,02
230039507002513,02
230039507002514,02
230039507002515,02
230039507002516,02
230039507002517,02
230039507002518,02
230039507002519,02
230039507002520,02
230039507002521,02
230039507002522,02
230039507002523,02
230039507002524,02
230039507002525,02
230039507002526,02
230039507002527,02
230039507002528,02
230039507002529,02
230039507002530,02
230039507002531,02
230039507002532,02
230039507002533,02
230039507002534,02
230039507002535,02
230039507002536,02
230039507002537,02
230039507002538,02
230039507002539,02
230039507002540,02
230039507002541,02
230039507002542,02
230039507002543,02
230039507002544,02
230039507002545,02
230039507002546,02
230039507002547,02
230039507002548,02
230039507002549,02
230039507002550,02
230039507002551,02
230039507002552,02
230039507002553,02
230039507002554,02
230039507002555,02
230039507002556,02
230039507002557,02
230039507002558,02
230039507002559,02
230039507002560,02
230039507002561,02
230039507002562,02
230039507002563,02
230039507002564,02
230039507002565,02
230039507002566,02
230039507002567,02
230039507002568,02
230039507002569,02
230039507002570,02
230039507002571,02
230039507002572,02
230039507002573,02
230039507002574,02
230039507002575,02
230039507002576,02
230039507002577,02
230039507002578,02
230039507002579,02
230039507002580,02
230039507002581,02
230039507002582,02
230039507002583,02
230039507002584,02
230039507002585,02
230039507002586,02
230039507002587,02
230039507002588,02
230039507002589,02
230039507002590,02
230039507002591,02
230039507002592,02
230039507002593,02
230039507002594,02
230039507002595,02
230039507002596,02
230039507002597,02
230039507002598,02
230039507002599,02
230039507002600,02
230039507002601,02
230039507002602,02
230039507002603,02
230039507002604,02
230039507002605,02
230039507002606,02
230039507002607,02
230039507002608,02
230039507002609,02
230039507002610,02
230039507002611,02
230039507002612,02
230039507002613,02
230039507002614,02
230039507002615,02
230039507002616,02
230039507002617,02
230039507002618,02
230039507002619,02
230039507002620,02
230039507002621,02
230039507002622,02
230039507002623,02
230039507002624,02
230039507002625,02
230039507002626,02
230039507002627,02
230039507002628,02
230039507002629,02
230039507002630,02
230039507002631,02
230039507002632,02
230039507002633,02
230039507002634,02
230039507002635,02
230039507002636,02
230039507002637,02
230039507002638,02
230039507002639,02
230039507002640,02
230039507002641,02
230039507002642,02
230039507002643,02
230039507002644,02
230039507002645,02
230039507002646,02
230039507002647,02
230039507002648,02
230039507002649,02
230039507002650,02
230039507002651,02
230039507002652,02
230039507002653,02
230039507002654,02
230039507002655,02
230039507002656,02
230039507002657,02
230039507002658,02
230039507002659,02
230039507002660,02
230039507002661,02
230039507002662,02
230039507002663,02
230039507002664,02
230039507002665,02
230039507002666,02
230039507002667,02
230039507002668,02
230039507002669,02
230039507002670,02
230039507002671,02
230039507002672,02
230039507002673,02
230039507002674,02
230039507002675,02
230039507002676,02
230039507002677,02
230039507002678,02
230039507002679,02
230039507002680,02
230039507002681,02
230039507002682,02
230039507002683,02
230039507002684,02
230039507002685,02
230039507002686,02
230039507002687,02
230039507002688,02
230039507002689,02
230039507002690,02
230039507002691,02
230039507002692,02
230039507002693,02
230039507002694,02
230039507002695,02
230039507002696,02
230039507002697,02
230039507002698,02
230039507002699,02
230039507002700,02
230039507002701,02
230039507002702,02
230039507002703,02
230039507002704,02
230039507002705,02
230039507002706,02
230039507002707,02
230039507002708,02
230039507002709,02
230039507002710,02
230039507002711,02
230039507002712,02
230039507002713,02
230039507002714,02
230039507002715,02
230039507002716,02
230039507002717,02
230039507002718,02
230039507002719,02
230039507002720,02
230039507002721,02
230039507002722,02
230039507002723,02
230039507002724,02
230039507002725,02
230039507002726,02
230039507002727,02
230039507002728,02
230039507002729,02
230039507002730,02
230039507002731,02
230039507002732,02
230039507002733,02
230039507002734,02
230039507002735,02
230039507002736,02
230039507002737,02
230039507002738,02
230039507002739,02
230039507002740,02
230039507002741,02
230039507002742,02
230039507002743,02
230039507002744,02
230039507002745,02
230039507002746,02
230039507002747,02
230039507002748,02
230039507002749,02
230039507002750,02
230039507002751,02
230039507002752,02
230039507002753,02
230039507002754,02
230039507002755,02
230039507002756,02
230039507002757,02
230039507002758,02
230039507002759,02
230039507002760,02
230039507002761,02
230039507002762,02
230039507002763,02
230039507002764,02
230039507002765,02
230039507002766,02
230039507002767,02
230039507002768,02
230039507002769,02
230039507002770,02
230039507002771,02
230039507002772,02
230039507002773,02
230039507002774,02
230039507002775,02
230039507002776,02
230039507002777,02
230039507002778,02
230039507002779,02
230039507002780,02
230039507002781,02
230039507002782,02
230039507002783,02
230039507002784,02
230039507002785,02
230039507002786,02
230039507002787,02
230039507002788,02
230039507002789,02
230039507002790,02
230039507002791,02
230039507002792,02
230039507002793,02
230039507002794,02
230039507002795,02
230039507002796,02
230039507002797,02
230039507002798,02
230039507002799,02
230039507002800,02
230039507002801,02
230039507002802,02
230039507002803,02
230039507002804,02
230039507002805,02
230039507002806,02
230039507002807,02
230039507002808,02
230039507002809,02
230039507002810,02
230039507002811,02
230039507002812,02
230039507002813,02
230039507002814,02
230039507002815,02
230039507002816,02
230039507002817,02
230039507002818,02
230039507002819,02
230039507002820,02
230039507002821,02
230039507002822,02
230039507002823,02
230039507002824,02
230039507002825,02
230039507002826,02
230039507002827,02
230039507002828,02
230039507002829,02
230039507002830,02
230039507002831,02
230039507002832,02
230039507002833,02
230039507002834,02
230039507002835,02
230039507002836,02
230039507002837,02
230039507002838,02
230039507002839,02
230039507002840,02
230039507002841,02
230039507002842,02
230039507002843,02
230039507002844,02
230039507002845,02
230039507002846,02
230039507002847,02
230039507002848,02
230039507002849,02
230039507002850,02
230039507002851,02
230039507002852,02
230039507002853,02
230039507002854,02
230039507002855,02
230039507002856,02
230039507002857,02
230039507002858,02
230039507002859,02
230039507002860,02
230039507002861,02
230039507002862,02
230039507002863,02
230039507002864,02
230039507002865,02
230039507002866,02
230039507002867,02
230039507002868,02
230039507002869,02
230039507002870,02
230039507002871,02
230039507002872,02
230039507002873,02
230039507002874,02
230039507002875,02
230039507002876,02
230039507002877,02
230039507002878,02
230039507002879,02
230039507002880,02
230039507002881,02
230039507002882,02
230039507002883,02
230039507002884,02
230039507002885,02
230039507002886,02
230039507002887,02
230039507002888,02
230039507002889,02
230039507002890,02
230039507002891,02
230039507002892,02
230039507002893,02
230039507002894,02
230039507002895,02
230039507002896,02
230039507002897,02
230039507002898,02
230039507002899,02
230039507002900,02
230039507002901,02
230039507002902,02
230039507002903,02
230039507002904,02
230039507002905,02
230039507002906,02
230039507002907,02
230039507002908,02
230039507002909,02
230039507002910,02
230039507002911,02
230039507002912,02
230039507002913,02
230039507002914,02
230039507002915,02
230039507002916,02
230039507002917,02
230039507002918,02
230039507002919,02
230039507002920,02
230039507002921,02
230039507002922,02
230039507002923,02
230039507002924,02
230039507002925,02
230039507002926,02
230039507002927,02
230039507002928,02
230039507002929,02
230039507002930,02
230039507002931,02
230039507002932,02
230039507002933,02
230039507002934,02
230039507002935,02
230039507002936,02
230039507002937,02
230039507002938,02
230039507002939,02
230039507002940,02
230039507002941,02
230039507002942,02
230039507002943,02
230039507002944,02
230039507002945,02
230039507002946,02
230039507002947,02
230039507002948,02
230039507002949,02
230039507002950,02
230039507002951,02
230039507002952,02
230039507002953,02
230039507002954,02
230039507002955,02
230039507002956,02
230039507002957,02
230039507002958,02
230039507002959,02
230039507002960,02
230039507002961,02
230039507002962,02
230039507002963,02
230039507002964,02
230039507002965,02
230039507002966,02
230039507002967,02
230039507002968,02
230039507002969,02
230039507002970,02
230039507002971,02
230039507002972,02
230039507002973,02
230039507002974,02
230039507002975,02
230039507002976,02
230039507002977,02
230039507002978,02
230039507002979,02
230039507002980,02
230039507002981,02
230039507002982,02
230039507002983,02
230039507002984,02
230039507002985,02
230039507002986,02
230039507002987,02
230039507002988,02
230039507002989,02
230039507002990,02
230039507002991,02
230039507002992,02
230039507002993,02
230039507002994,02
230039507002995,02
230039507002996,02
230039507002997,02
230039507002998,02
230039507002999,02
230039507003000,02
230039507003001,02
230039507003002,02
230039507003003,02
230039507003004,02
230039507003005,02
230039507003006,02
230039507003007,02
230039507003008,02
230039507003009,02
230039507003010,02
230039507003011,02
230039507003012,02
230039507003013,02
230039507003014,02
230039507003015,02
230039507003016,02
230039507003017,02
230039507003018,02
230039507003019,02
230039507003020,02
230039507003021,02
230039507003022,02
230039507003023,02
230039507003024,02
230039507003025,02
230039507003026,02
230039507003027,02
230039507003028,02
230039507003029,02
230039507003030,02
230039507003031,02
230039507003032,02
230039507003033,02
230039507003034,02
230039507003035,02
230039507003036,02
230039507003037,02
230039507003038,02
230039507003039,02
230039507003040,02
230039507003041,02
230039507003042,02
230039507003043,02
230039507003044,02
230039507003045,02
230039507003046,02
230039507003047,02
230039507003048,02
230039507003049,02
230039507003050,02
230039507003051,02
230039507003052,02
230039507003053,02
230039507003054,02
230039507003055,02
230039507003056,02
230039507003057,02
230039507003058,02
230039507003059,02
230039507003060,02
230039507003061,02
230039507003062,02
230039507003063,02
230039507003064,02
230039507003065,02
230039507003066,02
230039507003067,02
230039507003068,02
230039507003069,02
230039507003070,02
230039507003071,02
230039507003072,02
230039507003073,02
230039507003074,02
230039507003075,02
230039507003076,02
230039507003077,02
230039507003078,02
230039507003079,02
230039507003080,02
230039507003081,02
230039507003082,02
230039507003083,02
230039507003084,02
230039507003085,02
230039507003086,02
230039507003087,02
230039507003088,02
230039507003089,02
230039507003090,02
230039509001000,02
230039509001001,02
230039509001002,02
230039509001003,02
230039509001004,02
230039509001005,02
230039509001006,02
230039509001007,02
230039509001008,02
230039509001009,02
230039509001010,02
230039509001011,02
230039509001012,02
230039509001013,02
230039509001014,02
230039509001015,02
230039509001016,02
230039509001017,02
230039509001018,02
230039509001019,02
230039509001020,02
230039509001021,02
230039509001022,02
230039509001023,02
230039509001024,02
230039509001025,02
230039509001026,02
230039509001027,02
230039509001028,02
230039509001029,02
230039509001030,02
230039509001031,02
230039509001032,02
230039509001033,02
230039509001034,02
230039509001035,02
230039509001036,02
230039509001037,02
230039509001038,02
230039509001039,02
230039509001040,02
230039509001041,02
230039509001042,02
230039509001043,02
230039509001044,02
230039509001045,02
230039509001046,02
230039509001047,02
230039509001048,02
230039509001049,02
230039509001050,02
230039509001051,02
230039509001052,02
230039509001053,02
230039509001054,02
230039509001055,02
230039509001056,02
230039509001057,02
230039509001058,02
230039509001059,02
230039509001060,02
230039509001061,02
230039509001062,02
230039509001063,02
230039509001064,02
230039509001065,02
230039509001066,02
230039509001067,02
230039509001068,02
230039509001069,02
230039509001070,02
230039509001071,02
230039509001072,02
230039509001073,02
230039509001074,02
230039509001075,02
230039509001076,02
230039509001077,02
230039509001078,02
230039509001079,02
230039509001080,02
230039509001081,02
230039509001082,02
230039509001083,02
230039509001084,02
230039509001085,02
230039509001086,02
230039509001087,02
230039509001088,02
230039509001089,02
230039509001090,02
230039509001091,02
230039509001092,02
230039509001093,02
230039509001094,02
230039509001095,02
230039509001096,02
230039509001097,02
230039509001098,02
230039509001099,02
230039509001100,02
230039509001101,02
230039509001102,02
230039509001103,02
230039509001104,02
230039509001105,02
230039509001106,02
230039509001107,02
230039509001108,02
230039509001109,02
230039509001110,02
230039509001111,02
230039509001112,02
230039509001113,02
230039509001114,02
230039509001115,02
230039509001116,02
230039509001117,02
230039509001118,02
230039509001119,02
230039509001120,02
230039509001121,02
230039509001122,02
230039509001123,02
230039509001124,02
230039509001125,02
230039509001126,02
230039509001127,02
230039509001128,02
230039509001129,02
230039509001130,02
230039509001131,02
230039509001132,02
230039509001133,02
230039509001134,02
230039509001135,02
230039509002000,02
230039509002001,02
230039509002002,02
230039509002003,02
230039509002004,02
230039509002005,02
230039509002006,02
230039509002007,02
230039509002008,02
230039509002009,02
230039509002010,02
230039509002011,02
230039509002012,02
230039509002013,02
230039509002014,02
230039509002015,02
230039509002016,02
230039509002017,02
230039509002018,02
230039509002019,02
230039509002020,02
230039509002021,02
230039509002022,02
230039509002023,02
230039509002024,02
230039509002025,02
230039509002026,02
230039509002027,02
230039509002028,02
230039509002029,02
230039509002030,02
230039509002031,02
230039509002032,02
230039509002033,02
230039509002034,02
230039509002035,02
230039509002036,02
230039509002037,02
230039509002038,02
230039509002039,02
230039509002040,02
230039509002041,02
230039509002042,02
230039509002043,02
230039509002044,02
230039509002045,02
230039509002046,02
230039509002047,02
230039509002048,02
230039509002049,02
230039509002050,02
230039509002051,02
230039509002052,02
230039509002053,02
230039509002054,02
230039509002055,02
230039509002056,02
230039509002057,02
230039509002058,02
230039509002059,02
230039509002060,02
230039509002061,02
230039509002062,02
230039509002063,02
230039509002064,02
230039509002065,02
230039509002066,02
230039509002067,02
230039509002068,02
230039509002069,02
230039509002070,02
230039509002071,02
230039509002072,02
230039509002073,02
230039509002074,02
230039509002075,02
230039509002076,02
230039509002077,02
230039509002078,02
230039509002079,02
230039509002080,02
230039509002081,02
230039509002082,02
230039509002083,02
230039509002084,02
230039509002085,02
230039509002086,02
230039509002087,02
230039510001000,02
230039510001001,02
230039510001002,02
230039510001003,02
230039510001004,02
230039510001005,02
230039510001006,02
230039510001007,02
230039510001008,02
230039510001009,02
230039510001010,02
230039510001011,02
230039510001012,02
230039510001013,02
230039510001014,02
230039510001015,02
230039510001016,02
230039510001017,02
230039510001018,02
230039510001019,02
230039510001020,02
230039510001021,02
230039510001022,02
230039510001023,02
230039510001024,02
230039510001025,02
230039510001026,02
230039510001027,02
230039510001028,02
230039510001029,02
230039510001030,02
230039510001031,02
230039510001032,02
230039510001033,02
230039510001034,02
230039510001035,02
230039510001036,02
230039510001037,02
230039510001038,02
230039510001039,02
230039510001040,02
230039510001041,02
230039510001042,02
230039510001043,02
230039510001044,02
230039510001045,02
230039510001046,02
230039510001047,02
230039510001048,02
230039510001049,02
230039510001050,02
230039510002000,02
230039510002001,02
230039510002002,02
230039510002003,02
230039510002004,02
230039510002005,02
230039510002006,02
230039510002007,02
230039510002008,02
230039510002009,02
230039510002010,02
230039510002011,02
230039510002012,02
230039510002013,02
230039510002014,02
230039510002015,02
230039510002016,02
230039510002017,02
230039510002018,02
230039510002019,02
230039510002020,02
230039510002021,02
230039510002022,02
230039510002023,02
230039510002024,02
230039510002025,02
230039510002026,02
230039510002027,02
230039510002028,02
230039510002029,02
230039510002030,02
230039510002031,02
230039510002032,02
230039510002033,02
230039510002034,02
230039510002035,02
230039510002036,02
230039510002037,02
230039510002038,02
230039510002039,02
230039510002040,02
230039510002041,02
230039510002042,02
230039510002043,02
230039510002044,02
230039510002045,02
230039510002046,02
230039510002047,02
230039510002048,02
230039510002049,02
230039510002050,02
230039510002051,02
230039510002052,02
230039510002053,02
230039510003000,02
230039510003001,02
230039510003002,02
230039510003003,02
230039510003004,02
230039510003005,02
230039510003006,02
230039510003007,02
230039510003008,02
230039510003009,02
230039510003010,02
230039510003011,02
230039510003012,02
230039510003013,02
230039510003014,02
230039510003015,02
230039510003016,02
230039510003017,02
230039510003018,02
230039510003019,02
230039510003020,02
230039510003021,02
230039510003022,02
230039510003023,02
230039510003024,02
230039510003025,02
230039510004000,02
230039510004001,02
230039510004002,02
230039510004003,02
230039510004004,02
230039510004005,02
230039510004006,02
230039510004007,02
230039510004008,02
230039510004009,02
230039510004010,02
230039510004011,02
230039510004012,02
230039510004013,02
230039510004014,02
230039510004015,02
230039510004016,02
230039510004017,02
230039510004018,02
230039510004019,02
230039510004020,02
230039510004021,02
230039510004022,02
230039510004023,02
230039510004024,02
230039510004025,02
230039510004026,02
230039510004027,02
230039510004028,02
230039510004029,02
230039510004030,02
230039510004031,02
230039510004032,02
230039510004033,02
230039510004034,02
230039510004035,02
230039510004036,02
230039510004037,02
230039510004038,02
230039510004039,02
230039510004040,02
230039510004041,02
230039510004042,02
230039510004043,02
230039510004044,02
230039510004045,02
230039510004046,02
230039510004047,02
230039510004048,02
230039510004049,02
230039511001000,02
230039511001001,02
230039511001002,02
230039511001003,02
230039511001004,02
230039511001005,02
230039511001006,02
230039511001007,02
230039511001008,02
230039511001009,02
230039511001010,02
230039511001011,02
230039511001012,02
230039511001013,02
230039511001014,02
230039511001015,02
230039511001016,02
230039511001017,02
230039511001018,02
230039511001019,02
230039511001020,02
230039511001021,02
230039511001022,02
230039511001023,02
230039511001024,02
230039511001025,02
230039511001026,02
230039511001027,02
230039511001028,02
230039511001029,02
230039511001030,02
230039511002000,02
230039511002001,02
230039511002002,02
230039511002003,02
230039511002004,02
230039511002005,02
230039511002006,02
230039511002007,02
230039511002008,02
230039511002009,02
230039511002010,02
230039511002011,02
230039511002012,02
230039511002013,02
230039511002014,02
230039511002015,02
230039511002016,02
230039511002017,02
230039511002018,02
230039511002019,02
230039511002020,02
230039511002021,02
230039511002022,02
230039511002023,02
230039511002024,02
230039511002025,02
230039511002026,02
230039511002027,02
230039511002028,02
230039511002029,02
230039511002030,02
230039511002031,02
230039511002032,02
230039511002033,02
230039511002034,02
230039511002035,02
230039511002036,02
230039511002037,02
230039511002038,02
230039511002039,02
230039511002040,02
230039511002041,02
230039511002042,02
230039511002043,02
230039511002044,02
230039511002045,02
230039511002046,02
230039511002047,02
230039511002048,02
230039511003000,02
230039511003001,02
230039511003002,02
230039511003003,02
230039511003004,02
230039511003005,02
230039511003006,02
230039511003007,02
230039511003008,02
230039511003009,02
230039511003010,02
230039511003011,02
230039511003012,02
230039511003013,02
230039511003014,02
230039511003015,02
230039511003016,02
230039511003017,02
230039511003018,02
230039511003019,02
230039511003020,02
230039511003021,02
230039511003022,02
230039511003023,02
230039511003024,02
230039511003025,02
230039511003026,02
230039511003027,02
230039511003028,02
230039511003029,02
230039511003030,02
230039511003031,02
230039511003032,02
230039511003033,02
230039511003034,02
230039511003035,02
230039511003036,02
230039511003037,02
230039511003038,02
230039511003039,02
230039511003040,02
230039511003041,02
230039511003042,02
230039511003043,02
230039511003044,02
230039511003045,02
230039511003046,02
230039511003047,02
230039511003048,02
230039512001000,02
230039512001001,02
230039512001002,02
230039512001003,02
230039512001004,02
230039512001005,02
230039512001006,02
230039512001007,02
230039512001008,02
230039512001009,02
230039512001010,02
230039512001011,02
230039512001012,02
230039512001013,02
230039512001014,02
230039512001015,02
230039512001016,02
230039512002000,02
230039512002001,02
230039512002002,02
230039512002003,02
230039512002004,02
230039512002005,02
230039512002006,02
230039512002007,02
230039512002008,02
230039512002009,02
230039512002010,02
230039512002011,02
230039512002012,02
230039512002013,02
230039512002014,02
230039512002015,02
230039512002016,02
230039512002017,02
230039512002018,02
230039512002019,02
230039512003000,02
230039512003001,02
230039512003002,02
230039512003003,02
230039512003004,02
230039512003005,02
230039512003006,02
230039512003007,02
230039512003008,02
230039512003009,02
230039512003010,02
230039512003011,02
230039512003012,02
230039512003013,02
230039512003014,02
230039512003015,02
230039512003016,02
230039512003017,02
230039512003018,02
230039512003019,02
230039512003020,02
230039512003021,02
230039512003022,02
230039513001000,02
230039513001001,02
230039513001002,02
230039513001003,02
230039513001004,02
230039513001005,02
230039513001006,02
230039513001007,02
230039513001008,02
230039513001009,02
230039513001010,02
230039513001011,02
230039513001012,02
230039513001013,02
230039513001014,02
230039513001015,02
230039513001016,02
230039513001017,02
230039513001018,02
230039513001019,02
230039513001020,02
230039513001021,02
230039513001022,02
230039513001023,02
230039513001024,02
230039513001025,02
230039513001026,02
230039513001027,02
230039513001028,02
230039513001029,02
230039513001030,02
230039513001031,02
230039513001032,02
230039513001033,02
230039513001034,02
230039513001035,02
230039513001036,02
230039513001037,02
230039513002000,02
230039513002001,02
230039513002002,02
230039513002003,02
230039513002004,02
230039513002005,02
230039513002006,02
230039513002007,02
230039513002008,02
230039513002009,02
230039513002010,02
230039513002011,02
230039513002012,02
230039513002013,02
230039513002014,02
230039513002015,02
230039513002016,02
230039513002017,02
230039513002018,02
230039513002019,02
230039513003000,02
230039513003001,02
230039513003002,02
230039513003003,02
230039513003004,02
230039513003005,02
230039513003006,02
230039513003007,02
230039513003008,02
230039513003009,02
230039513003010,02
230039513003011,02
230039513003012,02
230039513003013,02
230039513003014,02
230039513003015,02
230039513003016,02
230039513003017,02
230039513003018,02
230039513003019,02
230039513004000,02
230039513004001,02
230039513004002,02
230039513004003,02
230039513004004,02
230039513004005,02
230039513004006,02
230039513004007,02
230039513004008,02
230039513004009,02
230039513004010,02
230039513004011,02
230039513004012,02
230039513004013,02
230039513004014,02
230039513004015,02
230039513004016,02
230039513004017,02
230039513004018,02
230039513004019,02
230039513004020,02
230039513004021,02
230039513004022,02
230039513004023,02
230039513004024,02
230039513004025,02
230039513004026,02
230039513004027,02
230039513004028,02
230039513004029,02
230039513004030,02
230039514001000,02
230039514001001,02
230039514001002,02
230039514001003,02
230039514001004,02
230039514001005,02
230039514001006,02
230039514001007,02
230039514001008,02
230039514001009,02
230039514001010,02
230039514001011,02
230039514001012,02
230039514001013,02
230039514001014,02
230039514001015,02
230039514001016,02
230039514001017,02
230039514001018,02
230039514001019,02
230039514001020,02
230039514001021,02
230039514001022,02
230039514001023,02
230039514001024,02
230039514001025,02
230039514001026,02
230039514001027,02
230039514001028,02
230039514001029,02
230039514001030,02
230039514001031,02
230039514001032,02
230039514001033,02
230039514001034,02
230039514001035,02
230039514001036,02
230039514001037,02
230039514001038,02
230039514001039,02
230039514001040,02
230039514001041,02
230039514001042,02
230039514001043,02
230039514001044,02
230039514001045,02
230039514001046,02
230039514001047,02
230039514001048,02
230039514001049,02
230039514001050,02
230039514001051,02
230039514001052,02
230039514002000,02
230039514002001,02
230039514002002,02
230039514002003,02
230039514002004,02
230039514002005,02
230039514002006,02
230039514002007,02
230039514002008,02
230039514002009,02
230039514002010,02
230039514002011,02
230039514002012,02
230039514002013,02
230039514002014,02
230039514002015,02
230039514002016,02
230039514002017,02
230039514002018,02
230039514002019,02
230039514002020,02
230039514002021,02
230039514002022,02
230039516001000,02
230039516001001,02
230039516001002,02
230039516001003,02
230039516001004,02
230039516001005,02
230039516001006,02
230039516001007,02
230039516001008,02
230039516001009,02
230039516001010,02
230039516001011,02
230039516001012,02
230039516001013,02
230039516001014,02
230039516001015,02
230039516001016,02
230039516001017,02
230039516001018,02
230039516001019,02
230039516001020,02
230039516001021,02
230039516001022,02
230039516001023,02
230039516001024,02
230039516001025,02
230039516001026,02
230039516001027,02
230039516001028,02
230039516001029,02
230039516002000,02
230039516002001,02
230039516002002,02
230039516002003,02
230039516002004,02
230039516002005,02
230039516002006,02
230039516002007,02
230039516002008,02
230039516002009,02
230039516002010,02
230039516002011,02
230039516002012,02
230039516002013,02
230039516002014,02
230039516002015,02
230039516002016,02
230039516002017,02
230039516002018,02
230039516002019,02
230039516002020,02
230039516002021,02
230039516002022,02
230039516002023,02
230039516002024,02
230039516002025,02
230039516002026,02
230039516002027,02
230039516002028,02
230039516002029,02
230039516002030,02
230039516002031,02
230039516002032,02
230039516002033,02
230039516003000,02
230039516003001,02
230039516003002,02
230039516003003,02
230039516003004,02
230039516003005,02
230039516003006,02
230039516003007,02
230039516003008,02
230039516003009,02
230039516003010,02
230039516003011,02
230039516003012,02
230039516003013,02
230039516003014,02
230039516003015,02
230039516003016,02
230039516003017,02
230039516003018,02
230039516003019,02
230039516003020,02
230039516003021,02
230039516003022,02
230039516003023,02
230039516003024,02
230039516003025,02
230039516003026,02
230039516003027,02
230039516003028,02
230039516003029,02
230039516003030,02
230039516003031,02
230039516003032,02
230039516003033,02
230039516003034,02
230039516003035,02
230039516003036,02
230039516003037,02
230039516003038,02
230039516003039,02
230039516003040,02
230039516003041,02
230039516003042,02
230039516003043,02
230039516003044,02
230039516003045,02
230039516003046,02
230039516003047,02
230039516003048,02
230039516003049,02
230039516003050,02
230039516003051,02
230039516003052,02
230039516003053,02
230039516003054,02
230039516003055,02
230039516003056,02
230039516003057,02
230039516003058,02
230039516003059,02
230039516003060,02
230039516003061,02
230039516003062,02
230039516003063,02
230039516003064,02
230039516003065,02
230039516003066,02
230039516003067,02
230039516003068,02
230039516003069,02
230039516003070,02
230039516003071,02
230039516003072,02
230039516003073,02
230039516003074,02
230039516003075,02
230039516003076,02
230039516003077,02
230039516003078,02
230039516003079,02
230039516003080,02
230039516003081,02
230039516003082,02
230039516003083,02
230039517001000,02
230039517001001,02
230039517001002,02
230039517001003,02
230039517001004,02
230039517001005,02
230039517001006,02
230039517001007,02
230039517001008,02
230039517001009,02
230039517001010,02
230039517001011,02
230039517001012,02
230039517001013,02
230039517001014,02
230039517001015,02
230039517001016,02
230039517001017,02
230039517001018,02
230039517001019,02
230039517001020,02
230039517001021,02
230039517001022,02
230039517001023,02
230039517001024,02
230039517001025,02
230039517001026,02
230039517001027,02
230039517001028,02
230039517001029,02
230039517001030,02
230039517001031,02
230039517001032,02
230039517001033,02
230039517001034,02
230039517001035,02
230039517001036,02
230039517001037,02
230039517001038,02
230039517001039,02
230039517001040,02
230039517001041,02
230039517001042,02
230039517001043,02
230039517001044,02
230039517001045,02
230039517001046,02
230039517001047,02
230039517002000,02
230039517002001,02
230039517002002,02
230039517002003,02
230039517002004,02
230039517002005,02
230039517002006,02
230039517002007,02
230039517002008,02
230039517002009,02
230039517002010,02
230039517002011,02
230039517002012,02
230039517002013,02
230039517002014,02
230039517002015,02
230039517002016,02
230039517002017,02
230039517002018,02
230039517002019,02
230039517002020,02
230039517002021,02
230039517002022,02
230039517002023,02
230039517002024,02
230039517002025,02
230039517002026,02
230039517002027,02
230039517002028,02
230039517002029,02
230039517002030,02
230039517002031,02
230039517002032,02
230039517002033,02
230039517002034,02
230039517002035,02
230039517002036,02
230039517002037,02
230039517003000,02
230039517003001,02
230039517003002,02
230039517003003,02
230039517003004,02
230039517003005,02
230039517003006,02
230039517003007,02
230039517003008,02
230039517003009,02
230039517003010,02
230039517003011,02
230039517003012,02
230039517003013,02
230039517003014,02
230039517003015,02
230039517003016,02
230039517003017,02
230039517003018,02
230039517003019,02
230039517003020,02
230039517003021,02
230039517003022,02
230039517003023,02
230039517003024,02
230039517003025,02
230039517003026,02
230039517003027,02
230039517003028,02
230039517003029,02
230039517003030,02
230039517003031,02
230039517003032,02
230039517003033,02
230039517003034,02
230039517003035,02
230039517003036,02
230039517003037,02
230039517003038,02
230039517003039,02
230039517003040,02
230039517003041,02
230039517003042,02
230039517003043,02
230039517003044,02
230039517003045,02
230039517003046,02
230039517003047,02
230039517003048,02
230039517003049,02
230039517003050,02
230039517003051,02
230039517003052,02
230039517003053,02
230039517003054,02
230039517003055,02
230039517003056,02
230039517003057,02
230039517003058,02
230039517004000,02
230039517004001,02
230039517004002,02
230039517004003,02
230039517004004,02
230039517004005,02
230039517004006,02
230039517004007,02
230039517004008,02
230039517004009,02
230039517004010,02
230039517004011,02
230039517004012,02
230039517004013,02
230039517004014,02
230039517004015,02
230039517004016,02
230039517004017,02
230039517004018,02
230039517004019,02
230039517004020,02
230039517004021,02
230039517004022,02
230039517004023,02
230039517004024,02
230039517004025,02
230039517004026,02
230039517004027,02
230039517004028,02
230039517004029,02
230039517004030,02
230039517004031,02
230039517004032,02
230039517004033,02
230039517005000,02
230039517005001,02
230039517005002,02
230039517005003,02
230039517005004,02
230039517005005,02
230039517005006,02
230039517005007,02
230039517005008,02
230039517005009,02
230039517005010,02
230039517005011,02
230039517005012,02
230039517005013,02
230039517005014,02
230039517005015,02
230039517005016,02
230039517005017,02
230039517005018,02
230039517005019,02
230039517005020,02
230039517005021,02
230039517005022,02
230039517005023,02
230039517005024,02
230039517005025,02
230039517005026,02
230039517005027,02
230039517005028,02
230039517005029,02
230039517005030,02
230039518001000,02
230039518001001,02
230039518001002,02
230039518001003,02
230039518001004,02
230039518001005,02
230039518001006,02
230039518001007,02
230039518001008,02
230039518001009,02
230039518001010,02
230039518001011,02
230039518001012,02
230039518001013,02
230039518001014,02
230039518001015,02
230039518001016,02
230039518001017,02
230039518001018,02
230039518001019,02
230039518001020,02
230039518001021,02
230039518001022,02
230039518001023,02
230039518001024,02
230039518001025,02
230039518001026,02
230039518001027,02
230039518001028,02
230039518001029,02
230039518001030,02
230039518001031,02
230039518001032,02
230039518002000,02
230039518002001,02
230039518002002,02
230039518002003,02
230039518002004,02
230039518002005,02
230039518002006,02
230039518002007,02
230039518002008,02
230039518002009,02
230039518002010,02
230039518002011,02
230039518002012,02
230039518002013,02
230039518002014,02
230039518002015,02
230039518002016,02
230039518002017,02
230039518003000,02
230039518003001,02
230039518003002,02
230039518003003,02
230039518003004,02
230039518003005,02
230039518003006,02
230039518003007,02
230039518003008,02
230039518003009,02
230039518003010,02
230039518003011,02
230039518003012,02
230039518003013,02
230039518003014,02
230039518003015,02
230039518003016,02
230039518003017,02
230039518003018,02
230039518003019,02
230039518003020,02
230039518003021,02
230039518003022,02
230039518003023,02
230039518003024,02
230039518003025,02
230039518003026,02
230039518004000,02
230039518004001,02
230039518004002,02
230039518004003,02
230039518004004,02
230039518004005,02
230039518004006,02
230039518004007,02
230039518004008,02
230039518004009,02
230039518004010,02
230039518004011,02
230039518004012,02
230039518004013,02
230039518004014,02
230039518004015,02
230039518004016,02
230039518004017,02
230039518004018,02
230039518004019,02
230039518004020,02
230039518004021,02
230039518004022,02
230039518004023,02
230039519001000,02
230039519001001,02
230039519001002,02
230039519001003,02
230039519001004,02
230039519001005,02
230039519001006,02
230039519001007,02
230039519001008,02
230039519001009,02
230039519001010,02
230039519001011,02
230039519001012,02
230039519001013,02
230039519001014,02
230039519001015,02
230039519001016,02
230039519001017,02
230039519001018,02
230039519001019,02
230039519001020,02
230039519001021,02
230039519001022,02
230039519001023,02
230039519001024,02
230039519001025,02
230039519001026,02
230039519001027,02
230039519001028,02
230039519001029,02
230039519001030,02
230039519001031,02
230039519001032,02
230039519001033,02
230039519002000,02
230039519002001,02
230039519002002,02
230039519002003,02
230039519002004,02
230039519002005,02
230039519002006,02
230039519002007,02
230039519002008,02
230039519002009,02
230039519002010,02
230039519002011,02
230039519002012,02
230039519002013,02
230039519002014,02
230039519002015,02
230039519002016,02
230039519002017,02
230039519002018,02
230039519002019,02
230039519002020,02
230039519002021,02
230039520001000,02
230039520001001,02
230039520001002,02
230039520001003,02
230039520001004,02
230039520001005,02
230039520001006,02
230039520001007,02
230039520001008,02
230039520001009,02
230039520001010,02
230039520001011,02
230039520001012,02
230039520001013,02
230039520001014,02
230039520001015,02
230039520001016,02
230039520001017,02
230039520001018,02
230039520001019,02
230039520001020,02
230039520001021,02
230039520001022,02
230039520001023,02
230039520001024,02
230039520001025,02
230039520001026,02
230039520001027,02
230039520001028,02
230039520001029,02
230039520001030,02
230039520001031,02
230039520001032,02
230039520001033,02
230039520001034,02
230039520001035,02
230039520001036,02
230039520001037,02
230039520001038,02
230039520001039,02
230039520001040,02
230039520001041,02
230039520001042,02
230039520001043,02
230039520001044,02
230039520001045,02
230039520001046,02
230039520001047,02
230039520001048,02
230039520001049,02
230039520001050,02
230039520001051,02
230039520001052,02
230039520002000,02
230039520002001,02
230039520002002,02
230039520002003,02
230039520002004,02
230039520002005,02
230039520002006,02
230039520002007,02
230039520002008,02
230039520002009,02
230039520002010,02
230039520002011,02
230039520002012,02
230039520002013,02
230039520002014,02
230039520002015,02
230039520002016,02
230039520002017,02
230039520002018,02
230039520002019,02
230039520002020,02
230039520002021,02
230039520002022,02
230039520002023,02
230039520002024,02
230039520002025,02
230039520002026,02
230039520002027,02
230039520002028,02
230039520002029,02
230039520002030,02
230039520002031,02
230039520002032,02
230039520002033,02
230039520002034,02
230039520002035,02
230039520002036,02
230039520002037,02
230039520002038,02
230039520002039,02
230039520002040,02
230039520002041,02
230039520002042,02
230039520002043,02
230039520002044,02
230039520002045,02
230039521001000,02
230039521001001,02
230039521001002,02
230039521001003,02
230039521001004,02
230039521001005,02
230039521001006,02
230039521001007,02
230039521001008,02
230039521001009,02
230039521001010,02
230039521001011,02
230039521001012,02
230039521001013,02
230039521001014,02
230039521001015,02
230039521001016,02
230039521001017,02
230039521001018,02
230039521001019,02
230039521001020,02
230039521001021,02
230039521001022,02
230039521001023,02
230039521001024,02
230039521001025,02
230039521001026,02
230039521001027,02
230039521001028,02
230039521001029,02
230039521001030,02
230039521001031,02
230039521001032,02
230039521002000,02
230039521002001,02
230039521002002,02
230039521002003,02
230039521002004,02
230039521002005,02
230039521002006,02
230039521002007,02
230039521002008,02
230039521002009,02
230039521002010,02
230039521002011,02
230039521002012,02
230039521002013,02
230039521002014,02
230039521002015,02
230039521002016,02
230039521002017,02
230039521002018,02
230039521002019,02
230039521002020,02
230039521002021,02
230039521002022,02
230039521002023,02
230039521002024,02
230039521002025,02
230039521002026,02
230039521002027,02
230039521002028,02
230039521002029,02
230039521002030,02
230039521002031,02
230039521002032,02
230039521002033,02
230039521002034,02
230039521002035,02
230039521002036,02
230039521002037,02
230039521003000,02
230039521003001,02
230039521003002,02
230039521003003,02
230039521003004,02
230039521003005,02
230039521003006,02
230039521003007,02
230039521003008,02
230039521003009,02
230039521003010,02
230039521003011,02
230039521003012,02
230039521003013,02
230039521003014,02
230039521003015,02
230039521003016,02
230039521003017,02
230039521003018,02
230039521003019,02
230039521003020,02
230039521003021,02
230039521003022,02
230039521003023,02
230039521003024,02
230039521003025,02
230039521003026,02
230039521003027,02
230039521003028,02
230039521003029,02
230039521003030,02
230039521003031,02
230039521003032,02
230039521003033,02
230039521003034,02
230039521003035,02
230039521003036,02
230039521003037,02
230039521003038,02
230039521003039,02
230039521003040,02
230039521003041,02
230039521003042,02
230039521003043,02
230039521003044,02
230039521003045,02
230039521003046,02
230039521003047,02
230039521003048,02
230039521003049,02
230039521003050,02
230039521003051,02
230039523001000,02
230039523001001,02
230039523001002,02
230039523001003,02
230039523001004,02
230039523001005,02
230039523001006,02
230039523001007,02
230039523001008,02
230039523001009,02
230039523001010,02
230039523001011,02
230039523001012,02
230039523001013,02
230039523001014,02
230039523001015,02
230039523001016,02
230039523001017,02
230039523001018,02
230039523001019,02
230039523001020,02
230039523001021,02
230039523001022,02
230039523001023,02
230039523001024,02
230039523001025,02
230039523001026,02
230039523001027,02
230039523001028,02
230039523001029,02
230039523001030,02
230039523001031,02
230039523001032,02
230039523001033,02
230039523001034,02
230039523001035,02
230039523001036,02
230039523001037,02
230039523002000,02
230039523002001,02
230039523002002,02
230039523002003,02
230039523002004,02
230039523002005,02
230039523002006,02
230039523002007,02
230039523002008,02
230039523002009,02
230039523002010,02
230039523002011,02
230039523002012,02
230039523002013,02
230039523002014,02
230039523002015,02
230039523002016,02
230039523002017,02
230039523002018,02
230039523002019,02
230039523002020,02
230039523002021,02
230039523002022,02
230039523002023,02
230039523002024,02
230039523002025,02
230039523002026,02
230039523002027,02
230039523002028,02
230039523002029,02
230039523002030,02
230039523002031,02
230039523002032,02
230039523002033,02
230039523002034,02
230039523002035,02
230039523002036,02
230039523002037,02
230039523002038,02
230039523002039,02
230039523002040,02
230039523002041,02
230039523002042,02
230039523002043,02
230039523002044,02
230039523002045,02
230039523002046,02
230039523002047,02
230039523002048,02
230039523002049,02
230039523002050,02
230039523002051,02
230039523002052,02
230039523002053,02
230039523002054,02
230039523002055,02
230039523002056,02
230039523002057,02
230039523002058,02
230039523002059,02
230039523002060,02
230039523003000,02
230039523003001,02
230039523003002,02
230039523003003,02
230039523003004,02
230039523003005,02
230039523003006,02
230039523003007,02
230039523003008,02
230039523003009,02
230039523003010,02
230039523003011,02
230039523003012,02
230039523003013,02
230039523003014,02
230039523003015,02
230039523003016,02
230039523003017,02
230039523003018,02
230039523003019,02
230039523003020,02
230039523003021,02
230039523003022,02
230039523003023,02
230039523003024,02
230039523003025,02
230039523003026,02
230039523003027,02
230039523003028,02
230039523003029,02
230039523003030,02
230039523003031,02
230039523003032,02
230039523003033,02
230039523003034,02
230039523003035,02
230039523003036,02
230039523003037,02
230039523003038,02
230039523003039,02
230039523003040,02
230039523003041,02
230039523003042,02
230039523003043,02
230039523003044,02
230039523003045,02
230039523003046,02
230039523003047,02
230039523003048,02
230039523003049,02
230039523003050,02
230039523003051,02
230039523003052,02
230039523003053,02
230039523003054,02
230039523003055,02
230039523003056,02
230039523003057,02
230039523003058,02
230039523003059,02
230039523003060,02
230039523003061,02
230039523003062,02
230039523003063,02
230039523003064,02
230039523003065,02
230039523003066,02
230039523003067,02
230039523003068,02
230039523003069,02
230039523003070,02
230039523003071,02
230039523003072,02
230039523003073,02
230039523003074,02
230039523003075,02
230039523003076,02
230039523003077,02
230039523003078,02
230039523003079,02
230039523003080,02
230039523003081,02
230039523003082,02
230039523003083,02
230039523003084,02
230039523003085,02
230039523003086,02
230039523003087,02
230039523003088,02
230039523003089,02
230039523003090,02
230039523003091,02
230039523003092,02
230039523003093,02
230039523003094,02
230039523003095,02
230039523003096,02
230039523003097,02
230039523003098,02
230039523003099,02
230039523003100,02
230039523003101,02
230039523003102,02
230039523003103,02
230039523003104,02
230039523003105,02
230039523003106,02
230039523003107,02
230039523003108,02
230039523003109,02
230039523003110,02
230039523003111,02
230039523003112,02
230039523003113,02
230039523003114,02
230039523003115,02
230039523003116,02
230039523003117,02
230039523003118,02
230039523003119,02
230039523003120,02
230039523003121,02
230039523003122,02
230039523003123,02
230039523003124,02
230039523003125,02
230039523003126,02
230039523003127,02
230039523003128,02
230039523003129,02
230039523003130,02
230039523003131,02
230039523003132,02
230039523003133,02
230039523003134,02
230039523003135,02
230039523003136,02
230039523003137,02
230039523003138,02
230039523003139,02
230039523003140,02
230039523003141,02
230039523003142,02
230039523003143,02
230039523003144,02
230039523003145,02
230039523003146,02
230039523003147,02
230039523003148,02
230039523003149,02
230039523003150,02
230039523003151,02
230039523003152,02
230039523003153,02
230039523003154,02
230039523003155,02
230039523003156,02
230039523003157,02
230039523003158,02
230039523003159,02
230039523003160,02
230039523003161,02
230039523003162,02
230039523003163,02
230039523003164,02
230039523003165,02
230039523003166,02
230039523003167,02
230039523003168,02
230039523003169,02
230039523003170,02
230039523003171,02
230039523003172,02
230039523003173,02
230039523003174,02
230039523003175,02
230039523003176,02
230039523003177,02
230039523003178,02
230039523003179,02
230039523003180,02
230039523003181,02
230039523003182,02
230039523003183,02
230039523003184,02
230039523003185,02
230039523003186,02
230039523003187,02
230039523003188,02
230039523003189,02
230039523003190,02
230039523003191,02
230039523003192,02
230039523003193,02
230039523003194,02
230039523003195,02
230039523003196,02
230039523003197,02
230039523003198,02
230039523003199,02
230039523003200,02
230039523003201,02
230039523003202,02
230039523003203,02
230039523003204,02
230039523003205,02
230039523003206,02
230039523003207,02
230039523003208,02
230039523003209,02
230039523003210,02
230039523003211,02
230039523003212,02
230039523003213,02
230039523003214,02
230039523003215,02
230039523003216,02
230039523003217,02
230039523003218,02
230039523003219,02
230039523003220,02
230039523003221,02
230039523003222,02
230039523003223,02
230039523003224,02
230039523003225,02
230039523003226,02
230039523003227,02
230039523003228,02
230039523003229,02
230039523003230,02
230039523003231,02
230039523003232,02
230039523003233,02
230039523003234,02
230039523003235,02
230039523003236,02
230039523003237,02
230039523003238,02
230039523003239,02
230039523003240,02
230039523003241,02
230039523003242,02
230039523003243,02
230039523003244,02
230039523003245,02
230039523003246,02
230039523003247,02
230039523003248,02
230039523003249,02
230039523003250,02
230039523003251,02
230039523003252,02
230039523003253,02
230039523003254,02
230039523003255,02
230039523003256,02
230039523003257,02
230039523003258,02
230039523003259,02
230039523003260,02
230039523003261,02
230039523003262,02
230039523003263,02
230039523003264,02
230039523003265,02
230039523003266,02
230039523003267,02
230039523003268,02
230039523003269,02
230039523003270,02
230039523003271,02
230039523003272,02
230039523003273,02
230039523003274,02
230039523003275,02
230039523003276,02
230039523003277,02
230039523003278,02
230039523003279,02
230039523003280,02
230039523003281,02
230039523003282,02
230039523003283,02
230039523003284,02
230039523003285,02
230039523003286,02
230039523003287,02
230039523003288,02
230039523003289,02
230039523003290,02
230039523003291,02
230039523003292,02
230039523003293,02
230039523003294,02
230039523003295,02
230039523003296,02
230039523003297,02
230039523003298,02
230039523003299,02
230039523003300,02
230039523003301,02
230039523003302,02
230039523003303,02
230039523003304,02
230039523003305,02
230039523003306,02
230039523003307,02
230039523003308,02
230039523003309,02
230039523003310,02
230039523003311,02
230039523003312,02
230039523003313,02
230039523003314,02
230039523003315,02
230039523003316,02
230039523003317,02
230039523003318,02
230039523003319,02
230039523003320,02
230039523003321,02
230039523003322,02
230039523003323,02
230039523003324,02
230039523003325,02
230039523003326,02
230039523003327,02
230039523003328,02
230039523003329,02
230039523003330,02
230039523003331,02
230039523003332,02
230039523003333,02
230039523003334,02
230039523003335,02
230039523003336,02
230039523003337,02
230039523003338,02
230039523003339,02
230039523003340,02
230039523003341,02
230039523003342,02
230039523003343,02
230039523003344,02
230039523003345,02
230039523003346,02
230039523003347,02
230039523003348,02
230039523003349,02
230039523003350,02
230039523003351,02
230039523003352,02
230039523003353,02
230039523003354,02
230039523003355,02
230039523003356,02
230039523003357,02
230039523003358,02
230039523003359,02
230039523003360,02
230039523003361,02
230039523003362,02
230039523003363,02
230039523003364,02
230039523003365,02
230039523003366,02
230039523003367,02
230039523003368,02
230039523003369,02
230039523003370,02
230039523003371,02
230039523003372,02
230039523003373,02
230039523003374,02
230039523003375,02
230039523003376,02
230039523003377,02
230039523003378,02
230039523003379,02
230039523003380,02
230039523003381,02
230039523003382,02
230039523003383,02
230039523003384,02
230039523003385,02
230039523003386,02
230039523003387,02
230039523003388,02
230039523003389,02
230039523003390,02
230039523003391,02
230039523003392,02
230039523003393,02
230039523003394,02
230039523003395,02
230039523003396,02
230039523003397,02
230039523003398,02
230039523003399,02
230039523003400,02
230039523003401,02
230039523003402,02
230039523003403,02
230039523003404,02
230039524001000,02
230039524001001,02
230039524001002,02
230039524001003,02
230039524001004,02
230039524001005,02
230039524001006,02
230039524001007,02
230039524001008,02
230039524001009,02
230039524001010,02
230039524001011,02
230039524001012,02
230039524001013,02
230039524001014,02
230039524001015,02
230039524001016,02
230039524001017,02
230039524001018,02
230039524001019,02
230039524001020,02
230039524001021,02
230039524001022,02
230039524001023,02
230039524001024,02
230039524001025,02
230039524001026,02
230039524001027,02
230039524001028,02
230039524001029,02
230039524001030,02
230039524001031,02
230039524001032,02
230039524001033,02
230039524001034,02
230039524001035,02
230039524001036,02
230039524001037,02
230039524001038,02
230039524001039,02
230039524001040,02
230039524001041,02
230039524001042,02
230039524001043,02
230039524001044,02
230039524001045,02
230039524001046,02
230039524001047,02
230039524001048,02
230039524001049,02
230039524001050,02
230039524001051,02
230039524001052,02
230039524001053,02
230039524001054,02
230039524001055,02
230039524001056,02
230039524002000,02
230039524002001,02
230039524002002,02
230039524002003,02
230039524002004,02
230039524002005,02
230039524002006,02
230039524002007,02
230039524002008,02
230039524002009,02
230039524002010,02
230039524002011,02
230039524002012,02
230039524002013,02
230039524002014,02
230039524002015,02
230039524002016,02
230039524002017,02
230039524002018,02
230039524003000,02
230039524003001,02
230039524003002,02
230039524003003,02
230039524003004,02
230039524003005,02
230039524003006,02
230039524003007,02
230039524003008,02
230039524003009,02
230039524003010,02
230039524003011,02
230039524003012,02
230039524003013,02
230039524003014,02
230039524003015,02
230039524004000,02
230039524004001,02
230039524004002,02
230039524004003,02
230039524004004,02
230039524004005,02
230039524004006,02
230039524004007,02
230039524004008,02
230039524004009,02
230039524004010,02
230039524004011,02
230039524004012,02
230039524004013,02
230039524004014,02
230039524004015,02
230039524004016,02
230039524004017,02
230039524004018,02
230039524004019,02
230039524004020,02
230039524004021,02
230039524004022,02
230039524004023,02
230039524004024,02
230039524004025,02
230039524004026,02
230039524004027,02
230039524004028,02
230039524004029,02
230039524004030,02
230039524004031,02
230039524004032,02
230039524004033,02
230039524004034,02
230039524004035,02
230039524004036,02
230039524004037,02
230039524004038,02
230039524004039,02
230039524004040,02
230039525001000,02
230039525001001,02
230039525001002,02
230039525001003,02
230039525001004,02
230039525001005,02
230039525001006,02
230039525001007,02
230039525001008,02
230039525001009,02
230039525001010,02
230039525001011,02
230039525001012,02
230039525001013,02
230039525001014,02
230039525001015,02
230039525001016,02
230039525001017,02
230039525001018,02
230039525001019,02
230039525001020,02
230039525001021,02
230039525001022,02
230039525001023,02
230039525001024,02
230039525001025,02
230039525001026,02
230039525001027,02
230039525001028,02
230039525001029,02
230039525001030,02
230039525001031,02
230039525001032,02
230039525001033,02
230039525001034,02
230039525001035,02
230039525001036,02
230039525001037,02
230039525001038,02
230039525001039,02
230039525001040,02
230039525001041,02
230039525001042,02
230039525001043,02
230039525001044,02
230039525001045,02
230039525001046,02
230039525001047,02
230039525001048,02
230039525001049,02
230039525001050,02
230039525001051,02
230039525001052,02
230039525001053,02
230039525001054,02
230039525001055,02
230039525001056,02
230039525001057,02
230039525001058,02
230039525001059,02
230039525001060,02
230039525001061,02
230039525001062,02
230039525001063,02
230039525001064,02
230039525001065,02
230039525001066,02
230039525001067,02
230039525001068,02
230039525001069,02
230039525001070,02
230039525001071,02
230039525001072,02
230039525001073,02
230039525001074,02
230039525002000,02
230039525002001,02
230039525002002,02
230039525002003,02
230039525002004,02
230039525002005,02
230039525002006,02
230039525002007,02
230039525002008,02
230039525002009,02
230039525002010,02
230039525002011,02
230039525002012,02
230039525002013,02
230039525002014,02
230039525002015,02
230039525002016,02
230039525002017,02
230039525002018,02
230039525002019,02
230039525002020,02
230039525002021,02
230039525002022,02
230039525002023,02
230039525002024,02
230039525002025,02
230039525002026,02
230039525002027,02
230039525002028,02
230039525002029,02
230039525002030,02
230039525002031,02
230039525002032,02
230039525002033,02
230039525002034,02
230039525002035,02
230039525002036,02
230039525002037,02
230039525002038,02
230039525002039,02
230039525002040,02
230039525002041,02
230039525002042,02
230039525002043,02
230039525002044,02
230039525002045,02
230039525002046,02
230039526001000,02
230039526001001,02
230039526001002,02
230039526001003,02
230039526001004,02
230039526001005,02
230039526001006,02
230039526001007,02
230039526001008,02
230039526001009,02
230039526001010,02
230039526001011,02
230039526001012,02
230039526001013,02
230039526001014,02
230039526001015,02
230039526001016,02
230039526001017,02
230039526001018,02
230039526001019,02
230039526001020,02
230039526001021,02
230039526001022,02
230039526001023,02
230039526001024,02
230039526001025,02
230039526001026,02
230039526001027,02
230039526001028,02
230039526001029,02
230039526001030,02
230039526001031,02
230039526001032,02
230039526001033,02
230039526001034,02
230039526001035,02
230039526001036,02
230039526001037,02
230039526001038,02
230039526001039,02
230039526001040,02
230039526001041,02
230039526001042,02
230039526001043,02
230039526001044,02
230039526001045,02
230039526001046,02
230039526001047,02
230039526001048,02
230039526001049,02
230039526001050,02
230039526001051,02
230039526001052,02
230039526001053,02
230039526001054,02
230039526001055,02
230039526001056,02
230039526001057,02
230039526001058,02
230039526001059,02
230039526001060,02
230039526001061,02
230039526001062,02
230039526001063,02
230039526001064,02
230039526001065,02
230039526001066,02
230039526001067,02
230039526001068,02
230039526001069,02
230039526001070,02
230039526001071,02
230039526001072,02
230039526001073,02
230039526001074,02
230039526001075,02
230039526001076,02
230039526001077,02
230039526001078,02
230039526001079,02
230039526001080,02
230039526001081,02
230039526001082,02
230039526001083,02
230039526001084,02
230039526001085,02
230039526001086,02
230039526002000,02
230039526002001,02
230039526002002,02
230039526002003,02
230039526002004,02
230039526002005,02
230039526002006,02
230039526002007,02
230039526002008,02
230039526002009,02
230039526002010,02
230039526002011,02
230039526002012,02
230039526002013,02
230039526002014,02
230039526002015,02
230039526002016,02
230039526002017,02
230039526002018,02
230039526002019,02
230039526002020,02
230039526002021,02
230039526002022,02
230039526002023,02
230039526002024,02
230039526002025,02
230039526002026,02
230039526002027,02
230039526002028,02
230039526002029,02
230039526002030,02
230039526002031,02
230039526002032,02
230039526002033,02
230039526002034,02
230039526002035,02
230039526002036,02
230039526002037,02
230039526002038,02
230039526002039,02
230039526002040,02
230039526002041,02
230039526002042,02
230039526002043,02
230039526002044,02
230039526002045,02
230039526002046,02
230039526002047,02
230039526002048,02
230039526002049,02
230039526002050,02
230039526002051,02
230039526002052,02
230039526002053,02
230039526002054,02
230039526002055,02
230039526002056,02
230039526002057,02
230039526002058,02
230039526002059,02
230039526002060,02
230039526002061,02
230039526002062,02
230039526002063,02
230039526003000,02
230039526003001,02
230039526003002,02
230039526003003,02
230039526003004,02
230039526003005,02
230039526003006,02
230039526003007,02
230039526003008,02
230039526003009,02
230039526003010,02
230039526003011,02
230039526003012,02
230039526003013,02
230039526003014,02
230039526003015,02
230039526003016,02
230039526003017,02
230039526003018,02
230039526003019,02
230039526003020,02
230039526003021,02
230039526003022,02
230039526003023,02
230039526003024,02
230039526003025,02
230039526003026,02
230039526003027,02
230039526003028,02
230039526003029,02
230039526003030,02
230039526003031,02
230039526003032,02
230039526003033,02
230039526003034,02
230039526003035,02
230039526003036,02
230039526003037,02
230039526003038,02
230039526003039,02
230039526003040,02
230039526003041,02
230039526003042,02
230039526003043,02
230039526003044,02
230039526003045,02
230039526003046,02
230039526003047,02
230039526003048,02
230039526003049,02
230039526003050,02
230039526003051,02
230039526003052,02
230039526003053,02
230039526003054,02
230039526003055,02
230039526003056,02
230039526003057,02
230039526003058,02
230039526003059,02
230039526003060,02
230039526003061,02
230039526003062,02
230039526003063,02
230039526003064,02
230039526003065,02
230039526003066,02
230039526003067,02
230039526003068,02
230039526003069,02
230039526003070,02
230039526003071,02
230039526003072,02
230039526003073,02
230039526003074,02
230039526003075,02
230039526003076,02
230039526003077,02
230039526003078,02
230039526003079,02
230039526003080,02
230039526003081,02
230039526003082,02
230039526003083,02
230039526003084,02
230039526003085,02
230039526003086,02
230039526003087,02
230039526003088,02
230039526003089,02
230039526003090,02
230039526003091,02
230039526003092,02
230039526003093,02
230039526003094,02
230039526003095,02
230039526003096,02
230039526003097,02
230039526003098,02
230039526003099,02
230039526003100,02
230039526003101,02
230039526003102,02
230039526003103,02
230039527001000,02
230039527001001,02
230039527001002,02
230039527001003,02
230039527001004,02
230039527001005,02
230039527001006,02
230039527001007,02
230039527001008,02
230039527001009,02
230039527001010,02
230039527001011,02
230039527001012,02
230039527001013,02
230039527001014,02
230039527001015,02
230039527001016,02
230039527001017,02
230039527001018,02
230039527001019,02
230039527001020,02
230039527001021,02
230039527001022,02
230039527001023,02
230039527001024,02
230039527001025,02
230039527001026,02
230039527001027,02
230039527001028,02
230039527001029,02
230039527001030,02
230039527001031,02
230039527001032,02
230039527001033,02
230039527001034,02
230039527001035,02
230039527001036,02
230039527001037,02
230039527001038,02
230039527001039,02
230039527001040,02
230039527001041,02
230039527001042,02
230039527001043,02
230039527001044,02
230039527001045,02
230039527001046,02
230039527001047,02
230039527001048,02
230039527001049,02
230039527001050,02
230039527001051,02
230039527001052,02
230039527001053,02
230039527001054,02
230039527001055,02
230039527001056,02
230039527001057,02
230039527001058,02
230039527001059,02
230039527001060,02
230039527001061,02
230039527001062,02
230039527001063,02
230039527001064,02
230039527001065,02
230039527001066,02
230039527001067,02
230039527001068,02
230039527001069,02
230039527001070,02
230039527001071,02
230039527001072,02
230039527001073,02
230039527001074,02
230039527001075,02
230039527001076,02
230039527001077,02
230039527001078,02
230039527001079,02
230039527001080,02
230039527001081,02
230039527001082,02
230039527001083,02
230039527001084,02
230039527001085,02
230039527001086,02
230039527001087,02
230039527001088,02
230039527001089,02
230039527001090,02
230039527001091,02
230039527001092,02
230039527001093,02
230039527001094,02
230039527001095,02
230039527001096,02
230039527001097,02
230039527001098,02
230039527001099,02
230039527001100,02
230039527001101,02
230039527001102,02
230039527001103,02
230039527001104,02
230039527001105,02
230039527001106,02
230039527001107,02
230039527001108,02
230039527001109,02
230039527001110,02
230039527001111,02
230039527001112,02
230039527001113,02
230039527001114,02
230039527001115,02
230039527001116,02
230039527001117,02
230039527001118,02
230039527001119,02
230039527001120,02
230039527001121,02
230039527001122,02
230039527001123,02
230039527002000,02
230039527002001,02
230039527002002,02
230039527002003,02
230039527002004,02
230039527002005,02
230039527002006,02
230039527002007,02
230039527002008,02
230039527002009,02
230039527002010,02
230039527002011,02
230039527002012,02
230039527002013,02
230039527002014,02
230039527002015,02
230039527002016,02
230039527002017,02
230039527002018,02
230039527002019,02
230039527002020,02
230039527002021,02
230039527002022,02
230039527002023,02
230039527002024,02
230039527002025,02
230039527002026,02
230039527002027,02
230039527002028,02
230039527002029,02
230039527002030,02
230039527002031,02
230039527002032,02
230039527002033,02
230039527002034,02
230039527002035,02
230039527002036,02
230039527002037,02
230039527002038,02
230039527002039,02
230039527002040,02
230039527002041,02
230039527002042,02
230039527002043,02
230039527002044,02
230039527002045,02
230039527002046,02
230039527002047,02
230039527002048,02
230039527002049,02
230039527002050,02
230039527002051,02
230039527002052,02
230039527002053,02
230039527002054,02
230039527002055,02
230039527002056,02
230039527002057,02
230039527002058,02
230039527002059,02
230039527002060,02
230039527002061,02
230039527002062,02
230039527002063,02
230039527002064,02
230039527002065,02
230039527002066,02
230039527002067,02
230039527002068,02
230039527002069,02
230039527002070,02
230039527002071,02
230039527002072,02
230039527002073,02
230039527002074,02
230039527002075,02
230039527002076,02
230039527002077,02
230039527002078,02
230039527002079,02
230039527002080,02
230039527002081,02
230039527002082,02
230039527002083,02
230039527002084,02
230039527002085,02
230039527002086,02
230039527002087,02
230039527002088,02
230039527002089,02
230039527002090,02
230039527002091,02
230039527002092,02
230039527002093,02
230039527002094,02
230039527002095,02
230039527002096,02
230039527002097,02
230039527002098,02
230039527002099,02
230039527002100,02
230039527002101,02
230039527002102,02
230039527002103,02
230039527002104,02
230039527002105,02
230039527002106,02
230039527002107,02
230039527002108,02
230039527002109,02
230039527002110,02
230039527002111,02
230039527002112,02
230039527002113,02
230039527002114,02
230039527002115,02
230039527002116,02
230039527002117,02
230039527002118,02
230039527002119,02
230039527002120,02
230039527002121,02
230039527002122,02
230039527002123,02
230039527002124,02
230039527003000,02
230039527003001,02
230039527003002,02
230039527003003,02
230039527003004,02
230039527003005,02
230039527003006,02
230039527003007,02
230039527003008,02
230039527003009,02
230039527003010,02
230039527003011,02
230039527003012,02
230039527003013,02
230039527003014,02
230039527003015,02
230039527003016,02
230039527003017,02
230039527003018,02
230039527003019,02
230039527003020,02
230039527003021,02
230039527003022,02
230039527003023,02
230039527003024,02
230039527003025,02
230039527003026,02
230039527003027,02
230039527003028,02
230039527003029,02
230039527003030,02
230039527003031,02
230039527003032,02
230039527003033,02
230039527003034,02
230039527003035,02
230039527003036,02
230039527003037,02
230039527003038,02
230039527003039,02
230039527003040,02
230039527003041,02
230039527003042,02
230039527003043,02
230039527003044,02
230039527003045,02
230039527003046,02
230039527003047,02
230039527003048,02
230039527003049,02
230039527003050,02
230039529001000,02
230039529001001,02
230039529001002,02
230039529001003,02
230039529001004,02
230039529001005,02
230039529001006,02
230039529001007,02
230039529001008,02
230039529001009,02
230039529001010,02
230039529001011,02
230039529001012,02
230039529001013,02
230039529001014,02
230039529001015,02
230039529001016,02
230039529001017,02
230039529001018,02
230039529001019,02
230039529001020,02
230039529001021,02
230039529001022,02
230039529001023,02
230039529001024,02
230039529001025,02
230039529001026,02
230039529001027,02
230039529001028,02
230039529001029,02
230039529001030,02
230039529001031,02
230039529001032,02
230039529001033,02
230039529001034,02
230039529001035,02
230039529001036,02
230039529001037,02
230039529001038,02
230039529001039,02
230039529001040,02
230039529001041,02
230039529001042,02
230039529001043,02
230039529001044,02
230039529001045,02
230039529001046,02
230039529001047,02
230039529001048,02
230039529001049,02
230039529001050,02
230039529001051,02
230039529001052,02
230039529001053,02
230039529001054,02
230039529001055,02
230039529001056,02
230039529001057,02
230039529001058,02
230039529001059,02
230039529001060,02
230039529001061,02
230039529001062,02
230039529001063,02
230039529001064,02
230039529001065,02
230039529001066,02
230039529001067,02
230039529001068,02
230039529002000,02
230039529002001,02
230039529002002,02
230039529002003,02
230039529002004,02
230039529002005,02
230039529002006,02
230039529002007,02
230039529002008,02
230039529002009,02
230039529002010,02
230039529002011,02
230039529002012,02
230039529002013,02
230039529002014,02
230039529002015,02
230039529002016,02
230039529002017,02
230039529002018,02
230039529002019,02
230039529002020,02
230039529002021,02
230039529002022,02
230039529002023,02
230039529002024,02
230039529002025,02
230039529002026,02
230039529002027,02
230039529002028,02
230039529002029,02
230039529002030,02
230039529002031,02
230039529002032,02
230039529002033,02
230039529002034,02
230039529002035,02
230039529002036,02
230039529002037,02
230039529002038,02
230039529002039,02
230039529002040,02
230039529002041,02
230039529002042,02
230039529002043,02
230039529002044,02
230039529002045,02
230039529002046,02
230039529002047,02
230039529002048,02
230039529002049,02
230039529002050,02
230039529002051,02
230039529002052,02
230039529002053,02
230039529002054,02
230039529002055,02
230039529002056,02
230039529002057,02
230039529002058,02
230039529002059,02
230039529002060,02
230039529002061,02
230039529002062,02
230039529002063,02
230039529002064,02
230039529002065,02
230039529002066,02
230039529002067,02
230039529002068,02
230039529002069,02
230039529003000,02
230039529003001,02
230039529003002,02
230039529003003,02
230039529003004,02
230039529003005,02
230039529003006,02
230039529003007,02
230039529003008,02
230039529003009,02
230039529003010,02
230039529003011,02
230039529003012,02
230039529003013,02
230039529003014,02
230039529003015,02
230039529003016,02
230039529003017,02
230039529003018,02
230039529003019,02
230039529003020,02
230039529003021,02
230039529003022,02
230039529003023,02
230039529003024,02
230039529003025,02
230039529003026,02
230039529003027,02
230039529003028,02
230039529003029,02
230039529003030,02
230039529003031,02
230039529003032,02
230039529003033,02
230039529003034,02
230039529003035,02
230039529003036,02
230039529003037,02
230039529003038,02
230039529003039,02
230039529003040,02
230039529003041,02
230039529003042,02
230039529003043,02
230039529003044,02
230039529003045,02
230039529003046,02
230039529003047,02
230039529003048,02
230039529003049,02
230039529003050,02
230039529003051,02
230039529003052,02
230039529003053,02
230039529003054,02
230039529003055,02
230039529003056,02
230039529003057,02
230039529003058,02
230039529003059,02
230039529003060,02
230039529003061,02
230039529003062,02
230039529003063,02
230039529003064,02
230039529003065,02
230039529003066,02
230039529003067,02
230039529003068,02
230039529003069,02
230039529003070,02
230039529003071,02
230039529003072,02
230039529003073,02
230039529003074,02
230039529003075,02
230039529003076,02
230039529003077,02
230039529003078,02
230039529003079,02
230039529003080,02
230039529003081,02
230039529003082,02
230039529003083,02
230039529003084,02
230039529003085,02
230039529003086,02
230039529003087,02
230039529003088,02
230039529003089,02
230039529003090,02
230039529003091,02
230039529003092,02
230039529003093,02
230039529003094,02
230039529003095,02
230039529003096,02
230039529003097,02
230039529003098,02
230039529003099,02
230039529003100,02
230039529003101,02
230039529003102,02
230039529003103,02
230039529003104,02
230039529003105,02
230039529003106,02
230039529003107,02
230039529003108,02
230039529003109,02
230039529003110,02
230039529003111,02
230039529003112,02
230039529003113,02
230039529003114,02
230039529003115,02
230039529003116,02
230039529003117,02
230039529003118,02
230039529003119,02
230039529003120,02
230039529003121,02
230039529003122,02
230039529003123,02
230039529003124,02
230039529003125,02
230039529003126,02
230039529003127,02
230039529003128,02
230039529003129,02
230039529003130,02
230039529003131,02
230039529003132,02
230039529003133,02
230039529003134,02
230039529003135,02
230039529003136,02
230039529003137,02
230039529003138,02
230039529003139,02
230039529003140,02
230039529003141,02
230039529003142,02
230039529003143,02
230039529003144,02
230039529003145,02
230039529003146,02
230039529003147,02
230039529003148,02
230039529003149,02
230039529003150,02
230039529003151,02
230039529003152,02
230039529003153,02
230039529003154,02
230039529003155,02
230039529003156,02
230039529003157,02
230039529003158,02
230039529003159,02
230039529003160,02
230039529003161,02
230039529003162,02
230039529003163,02
230039529003164,02
230039529003165,02
230039529003166,02
230039529003167,02
230039529003168,02
230039529003169,02
230039529003170,02
230039529003171,02
230039529003172,02
230039529003173,02
230039529003174,02
230039529003175,02
230039529003176,02
230039529003177,02
230039529003178,02
230039529003179,02
230039529003180,02
230039529003181,02
230039529003182,02
230039529003183,02
230039529003184,02
230039529003185,02
230039529003186,02
230039529003187,02
230039529003188,02
230039529003189,02
230039529003190,02
230039529003191,02
230039529003192,02
230039529003193,02
230039529003194,02
230039529003195,02
230039529003196,02
230039529003197,02
230039529003198,02
230039529003199,02
230039529003200,02
230039529003201,02
230039529003202,02
230039529003203,02
230039529003204,02
230039529003205,02
230039529003206,02
230039529003207,02
230039529003208,02
230039529003209,02
230039529003210,02
230039529003211,02
230039529003212,02
230039529003213,02
230039529003214,02
230039529003215,02
230039529003216,02
230039529003217,02
230039529003218,02
230039529003219,02
230039529003220,02
230039529003221,02
230039529003222,02
230039529003223,02
230039529003224,02
230039529003225,02
230039529003226,02
230039529003227,02
230039529003228,02
230039529003229,02
230039529003230,02
230039529003231,02
230039529003232,02
230039529003233,02
230039529003234,02
230039529003235,02
230039529003236,02
230039529003237,02
230039529003238,02
230039529003239,02
230039529003240,02
230039529003241,02
230039529003242,02
230039529003243,02
230039529003244,02
230039529003245,02
230039529003246,02
230039529003247,02
230039529003248,02
230039529003249,02
230039529003250,02
230039529003251,02
230039529003252,02
230039529003253,02
230039529003254,02
230039529003255,02
230039529003256,02
230039529003257,02
230039529003258,02
230039529003259,02
230039529003260,02
230039529003261,02
230039529003262,02
230039529003263,02
230039529003264,02
230039529003265,02
230039529003266,02
230039529003267,02
230039529003268,02
230039529003269,02
230039529003270,02
230039529003271,02
230039529003272,02
230039529003273,02
230039529003274,02
230039529003275,02
230039529003276,02
230039529003277,02
230039529003278,02
230039529003279,02
230039529003280,02
230039529003281,02
230039529003282,02
230039529003283,02
230039529003284,02
230039529003285,02
230039529003286,02
230039529003287,02
230039529003288,02
230039529003289,02
230039529003290,02
230039529003291,02
230039529003292,02
230039529003293,02
230039529003294,02
230039529003295,02
230039529003296,02
230039529003297,02
230039529003298,02
230039529003299,02
230039529003300,02
230039529003301,02
230039529003302,02
230039529003303,02
230039529003304,02
230039529003305,02
230039529003306,02
230039529003307,02
230039529003308,02
230039529003309,02
230039529003310,02
230039529003311,02
230039529003312,02
230039529003313,02
230039529003314,02
230039529003315,02
230039529003316,02
230039529003317,02
230039529003318,02
230039529003319,02
230039529003320,02
230039529003321,02
230039529003322,02
230039529003323,02
230039529003324,02
230039529003325,02
230039529003326,02
230039529003327,02
230039529003328,02
230039529003329,02
230039529003330,02
230039529003331,02
230039529003332,02
230039529003333,02
230039529003334,02
230039529003335,02
230039529003336,02
230039529003337,02
230039529003338,02
230039529003339,02
230039529003340,02
230039529003341,02
230039529003342,02
230039529003343,02
230039529003344,02
230039529003345,02
230039529003346,02
230039529003347,02
230039529003348,02
230039529003349,02
230039529003350,02
230039529003351,02
230039529003352,02
230039529003353,02
230039529003354,02
230039529003355,02
230039529003356,02
230039529003357,02
230039529003358,02
230039529003359,02
230039529003360,02
230039529003361,02
230039529003362,02
230039529003363,02
230039529003364,02
230039529003365,02
230039529003366,02
230039529003367,02
230039529003368,02
230039529003369,02
230039529003370,02
230039529003371,02
230039529003372,02
230039529003373,02
230039529003374,02
230039529003375,02
230039529003376,02
230039529003377,02
230039529003378,02
230039529003379,02
230039529003380,02
230039529003381,02
230039529003382,02
230039529003383,02
230039529003384,02
230039529003385,02
230039529003386,02
230039529003387,02
230039529003388,02
230039529003389,02
230039529003390,02
230039529003391,02
230050001001000,01
230050001001001,01
230050001001002,01
230050001001003,01
230050001001004,01
230050001001005,01
230050001001006,01
230050001001007,01
230050001001008,01
230050001001009,01
230050001002000,01
230050001002001,01
230050001002002,01
230050001002003,01
230050001002004,01
230050001002005,01
230050001002006,01
230050001002007,01
230050001002008,01
230050001003000,01
230050001003001,01
230050001003002,01
230050001003003,01
230050001003004,01
230050001003005,01
230050001003006,01
230050001003007,01
230050001003008,01
230050002001000,01
230050002001001,01
230050002001002,01
230050002001003,01
230050002001004,01
230050002001005,01
230050002001006,01
230050002001007,01
230050002001008,01
230050002001009,01
230050002002000,01
230050002002001,01
230050002002002,01
230050002002003,01
230050002002004,01
230050002002005,01
230050002002006,01
230050002002007,01
230050002003000,01
230050002003001,01
230050002003002,01
230050002003003,01
230050002003004,01
230050002003005,01
230050002003006,01
230050002003007,01
230050002003008,01
230050002003009,01
230050002003010,01
230050002003011,01
230050003001000,01
230050003001001,01
230050003001002,01
230050003001003,01
230050003001004,01
230050003001005,01
230050003001006,01
230050003001007,01
230050003001008,01
230050003001009,01
230050003001010,01
230050003001011,01
230050003001012,01
230050003001013,01
230050003001014,01
230050003001015,01
230050003001016,01
230050003001017,01
230050003001018,01
230050003001019,01
230050003001020,01
230050003001021,01
230050003001022,01
230050003001023,01
230050003001024,01
230050003001025,01
230050003001026,01
230050003001027,01
230050003001028,01
230050003001029,01
230050003001030,01
230050003001031,01
230050003001032,01
230050003001033,01
230050003001034,01
230050003001035,01
230050003001036,01
230050003001037,01
230050003001038,01
230050003001039,01
230050003001040,01
230050003001041,01
230050003001042,01
230050003001043,01
230050003001044,01
230050003001045,01
230050003001046,01
230050003001047,01
230050003001048,01
230050003001049,01
230050003001050,01
230050003001051,01
230050003001052,01
230050003001053,01
230050003001054,01
230050003001055,01
230050003001056,01
230050003001057,01
230050003001058,01
230050003001059,01
230050003001060,01
230050003001061,01
230050003001062,01
230050003001063,01
230050003001064,01
230050003001065,01
230050003001066,01
230050003001067,01
230050003001068,01
230050003001069,01
230050003001070,01
230050003001071,01
230050003001072,01
230050003001073,01
230050003001074,01
230050003001075,01
230050003002000,01
230050003002001,01
230050003002002,01
230050003002003,01
230050003002004,01
230050003002005,01
230050003002006,01
230050003002007,01
230050003002008,01
230050003002009,01
230050003002010,01
230050003003000,01
230050003003001,01
230050003003002,01
230050003003003,01
230050003003004,01
230050003003005,01
230050003003006,01
230050003003007,01
230050003003008,01
230050005001000,01
230050005001001,01
230050005001002,01
230050005001003,01
230050005001004,01
230050005001005,01
230050005001006,01
230050005001007,01
230050005001008,01
230050005001009,01
230050005001010,01
230050005001011,01
230050005001012,01
230050005001013,01
230050005001014,01
230050005001015,01
230050005001016,01
230050005001017,01
230050005001018,01
230050005001019,01
230050005001020,01
230050005001021,01
230050005001022,01
230050005002000,01
230050005002001,01
230050005002002,01
230050005002003,01
230050005002004,01
230050005002005,01
230050005002006,01
230050005002007,01
230050005002008,01
230050005002009,01
230050005002010,01
230050005002011,01
230050005002012,01
230050005002013,01
230050005002014,01
230050005002015,01
230050005002016,01
230050005002017,01
230050005002018,01
230050005002019,01
230050006001000,01
230050006001001,01
230050006001002,01
230050006001003,01
230050006001004,01
230050006001005,01
230050006001006,01
230050006001007,01
230050006001008,01
230050006001009,01
230050006001010,01
230050006001011,01
230050006001012,01
230050006001013,01
230050006001014,01
230050006001015,01
230050006001016,01
230050006001017,01
230050006001018,01
230050006001019,01
230050006001020,01
230050006001021,01
230050006001022,01
230050006001023,01
230050006002000,01
230050006002001,01
230050006002002,01
230050006002003,01
230050006002004,01
230050006002005,01
230050006002006,01
230050006002007,01
230050006002008,01
230050006002009,01
230050006002010,01
230050006002011,01
230050006002012,01
230050006002013,01
230050006002014,01
230050006002015,01
230050006002016,01
230050006002017,01
230050006002018,01
230050006002019,01
230050006003000,01
230050006003001,01
230050006003002,01
230050006003003,01
230050006003004,01
230050006003005,01
230050010001000,01
230050010001001,01
230050010001002,01
230050010001003,01
230050010001004,01
230050010001005,01
230050010001006,01
230050010001007,01
230050010001008,01
230050010001009,01
230050010002000,01
230050010002001,01
230050010002002,01
230050010002003,01
230050010002004,01
230050010002005,01
230050010002006,01
230050010002007,01
230050010002008,01
230050010002009,01
230050010002010,01
230050011001000,01
230050011001001,01
230050011001002,01
230050011001003,01
230050011001004,01
230050011001005,01
230050011001006,01
230050011001007,01
230050011001008,01
230050011001009,01
230050011001010,01
230050011001011,01
230050011001012,01
230050011002000,01
230050011002001,01
230050011002002,01
230050011002003,01
230050011002004,01
230050011002005,01
230050011003000,01
230050011003001,01
230050011003002,01
230050011003003,01
230050011003004,01
230050011003005,01
230050011003006,01
230050011003007,01
230050012001000,01
230050012001001,01
230050012001002,01
230050012001003,01
230050012001004,01
230050012001005,01
230050012001006,01
230050012002000,01
230050012002001,01
230050012002002,01
230050012002003,01
230050012002004,01
230050013001000,01
230050013001001,01
230050013001002,01
230050013001003,01
230050013001004,01
230050013001005,01
230050013001006,01
230050013001007,01
230050013001008,01
230050013001009,01
230050013001010,01
230050013001011,01
230050013001012,01
230050013001013,01
230050013001014,01
230050013001015,01
230050013001016,01
230050013001017,01
230050013001018,01
230050013001019,01
230050013001020,01
230050013001021,01
230050013001022,01
230050013001023,01
230050013002000,01
230050013002001,01
230050013002002,01
230050013002003,01
230050013002004,01
230050013002005,01
230050013002006,01
230050013002007,01
230050013002008,01
230050013002009,01
230050013002010,01
230050013002011,01
230050013002012,01
230050013002013,01
230050013002014,01
230050013002015,01
230050013002016,01
230050013002017,01
230050013002018,01
230050013002019,01
230050013002020,01
230050013002021,01
230050013002022,01
230050013002023,01
230050013002024,01
230050013003000,01
230050013003001,01
230050013003002,01
230050013003003,01
230050013003004,01
230050013003005,01
230050013003006,01
230050013003007,01
230050013003008,01
230050013003009,01
230050013003010,01
230050013003011,01
230050015001000,01
230050015001001,01
230050015001002,01
230050015001003,01
230050015001004,01
230050015001005,01
230050015001006,01
230050015001007,01
230050015001008,01
230050015001009,01
230050015001010,01
230050015001011,01
230050015001012,01
230050015001013,01
230050015001014,01
230050015001015,01
230050015001016,01
230050015001017,01
230050015001018,01
230050015001019,01
230050015001020,01
230050015002000,01
230050015002001,01
230050015002002,01
230050015002003,01
230050015002004,01
230050015002005,01
230050015002006,01
230050015002007,01
230050015002008,01
230050015002009,01
230050015002010,01
230050015002011,01
230050015002012,01
230050015002013,01
230050015002014,01
230050015002015,01
230050015002016,01
230050015002017,01
230050015002018,01
230050015002019,01
230050015002020,01
230050015002021,01
230050015002022,01
230050015002023,01
230050015002024,01
230050015002025,01
230050015002026,01
230050015002027,01
230050015002028,01
230050015002029,01
230050015002030,01
230050015002031,01
230050015002032,01
230050015003000,01
230050015003001,01
230050015003002,01
230050015003003,01
230050015003004,01
230050015003005,01
230050015003006,01
230050015003007,01
230050015003008,01
230050015003009,01
230050015003010,01
230050015003011,01
230050015003012,01
230050015003013,01
230050015003014,01
230050015003015,01
230050015003016,01
230050017001000,01
230050017001001,01
230050017001002,01
230050017001003,01
230050017001004,01
230050017001005,01
230050017001006,01
230050017001007,01
230050017001008,01
230050017001009,01
230050017001010,01
230050017001011,01
230050017001012,01
230050017001013,01
230050017001014,01
230050017001015,01
230050017001016,01
230050017001017,01
230050017001018,01
230050017001019,01
230050017001020,01
230050017001021,01
230050017001022,01
230050017002000,01
230050017002001,01
230050017002002,01
230050017002003,01
230050017002004,01
230050017002005,01
230050017002006,01
230050017002007,01
230050017002008,01
230050017002009,01
230050017002010,01
230050017003000,01
230050017003001,01
230050017003002,01
230050017003003,01
230050017003004,01
230050017003005,01
230050017003006,01
230050017003007,01
230050017003008,01
230050017003009,01
230050017003010,01
230050017004000,01
230050017004001,01
230050017004002,01
230050017004003,01
230050017004004,01
230050017004005,01
230050017004006,01
230050017004007,01
230050017004008,01
230050017004009,01
230050017004010,01
230050017004011,01
230050017004012,01
230050017004013,01
230050017004014,01
230050017004015,01
230050018001000,01
230050018001001,01
230050018001002,01
230050018001003,01
230050018001004,01
230050018001005,01
230050018001006,01
230050018001007,01
230050018001008,01
230050018001009,01
230050018001010,01
230050018001011,01
230050018001012,01
230050018001013,01
230050018001014,01
230050018002000,01
230050018002001,01
230050018002002,01
230050018002003,01
230050018002004,01
230050018002005,01
230050018002006,01
230050018002007,01
230050018002008,01
230050018002009,01
230050018002010,01
230050018002011,01
230050018002012,01
230050018002013,01
230050018002014,01
230050018002015,01
230050018002016,01
230050018002017,01
230050018002018,01
230050018002019,01
230050018002020,01
230050018002021,01
230050018002022,01
230050018002023,01
230050018002024,01
230050018002025,01
230050018002026,01
230050018003000,01
230050018003001,01
230050018003002,01
230050018003003,01
230050018003004,01
230050018004000,01
230050018004001,01
230050018004002,01
230050018004003,01
230050018004004,01
230050018004005,01
230050018004006,01
230050018004007,01
230050019001000,01
230050019001001,01
230050019001002,01
230050019001003,01
230050019001004,01
230050019001005,01
230050019001006,01
230050019001007,01
230050019001008,01
230050019001009,01
230050019001010,01
230050019001011,01
230050019001012,01
230050019001013,01
230050019001014,01
230050019002000,01
230050019002001,01
230050019002002,01
230050019002003,01
230050019002004,01
230050019002005,01
230050019002006,01
230050019002007,01
230050019002008,01
230050019002009,01
230050019002010,01
230050019002011,01
230050019002012,01
230050019002013,01
230050019002014,01
230050019003000,01
230050019003001,01
230050019003002,01
230050019003003,01
230050019003004,01
230050019003005,01
230050019003006,01
230050019003007,01
230050019003008,01
230050019003009,01
230050019003010,01
230050019003011,01
230050019003012,01
230050019003013,01
230050019003014,01
230050019003015,01
230050019003016,01
230050019003017,01
230050019003018,01
230050019003019,01
230050019003020,01
230050019004000,01
230050019004001,01
230050019004002,01
230050019004003,01
230050019004004,01
230050019004005,01
230050019004006,01
230050019004007,01
230050019004008,01
230050019004009,01
230050019004010,01
230050020011000,01
230050020011001,01
230050020011002,01
230050020011003,01
230050020011004,01
230050020011005,01
230050020011006,01
230050020011007,01
230050020011008,01
230050020011009,01
230050020011010,01
230050020011011,01
230050020011012,01
230050020011013,01
230050020011014,01
230050020011015,01
230050020011016,01
230050020011017,01
230050020012000,01
230050020012001,01
230050020012002,01
230050020012003,01
230050020012004,01
230050020012005,01
230050020012006,01
230050020012007,01
230050020012008,01
230050020012009,01
230050020012010,01
230050020012011,01
230050020012012,01
230050020012013,01
230050020012014,01
230050020012015,01
230050020012016,01
230050020013000,01
230050020013001,01
230050020013002,01
230050020013003,01
230050020013004,01
230050020013005,01
230050020013006,01
230050020013007,01
230050020013008,01
230050020013009,01
230050020013010,01
230050020013011,01
230050020013012,01
230050020013013,01
230050020013014,01
230050020013015,01
230050020013016,01
230050020013017,01
230050020013018,01
230050020013019,01
230050020013020,01
230050020021000,01
230050020021001,01
230050020021002,01
230050020021003,01
230050020021004,01
230050020021005,01
230050020021006,01
230050020021007,01
230050020021008,01
230050020021009,01
230050020021010,01
230050020021011,01
230050020021012,01
230050020021013,01
230050020021014,01
230050020021015,01
230050020021016,01
230050020021017,01
230050020021018,01
230050020021019,01
230050020021020,01
230050020021021,01
230050020021022,01
230050020021023,01
230050020021024,01
230050020021025,01
230050020021026,01
230050020021027,01
230050020021028,01
230050020021029,01
230050020021030,01
230050020021031,01
230050020021032,01
230050020021033,01
230050020021034,01
230050020021035,01
230050020021036,01
230050020021037,01
230050020021038,01
230050020021039,01
230050020021040,01
230050020021041,01
230050020021042,01
230050020021043,01
230050020021044,01
230050020021045,01
230050020021046,01
230050020021047,01
230050020021048,01
230050020022000,01
230050020022001,01
230050020022002,01
230050020022003,01
230050020022004,01
230050020022005,01
230050020022006,01
230050020022007,01
230050020022008,01
230050020022009,01
230050020022010,01
230050020022011,01
230050020022012,01
230050020022013,01
230050020022014,01
230050020022015,01
230050020022016,01
230050020022017,01
230050020022018,01
230050020022019,01
230050020022020,01
230050020022021,01
230050020022022,01
230050020022023,01
230050020022024,01
230050020022025,01
230050020022026,01
230050020022027,01
230050020022028,01
230050020022029,01
230050020022030,01
230050020022031,01
230050021011000,01
230050021011001,01
230050021011002,01
230050021011003,01
230050021011004,01
230050021011005,01
230050021011006,01
230050021011007,01
230050021011008,01
230050021011009,01
230050021011010,01
230050021011011,01
230050021011012,01
230050021011013,01
230050021011014,01
230050021011015,01
230050021011016,01
230050021011017,01
230050021012000,01
230050021012001,01
230050021012002,01
230050021012003,01
230050021012004,01
230050021012005,01
230050021012006,01
230050021012007,01
230050021012008,01
230050021012009,01
230050021012010,01
230050021012011,01
230050021012012,01
230050021012013,01
230050021012014,01
230050021012015,01
230050021012016,01
230050021013000,01
230050021013001,01
230050021013002,01
230050021013003,01
230050021013004,01
230050021013005,01
230050021013006,01
230050021013007,01
230050021013008,01
230050021013009,01
230050021013010,01
230050021014000,01
230050021014001,01
230050021014002,01
230050021014003,01
230050021014004,01
230050021014005,01
230050021014006,01
230050021014007,01
230050021014008,01
230050021014009,01
230050021014010,01
230050021014011,01
230050021021000,01
230050021021001,01
230050021021002,01
230050021021003,01
230050021021004,01
230050021021005,01
230050021021006,01
230050021021007,01
230050021021008,01
230050021021009,01
230050021021010,01
230050021021011,01
230050021021012,01
230050021021013,01
230050021021014,01
230050021021015,01
230050021021016,01
230050021021017,01
230050021021018,01
230050021021019,01
230050021021020,01
230050021021021,01
230050021021022,01
230050021021023,01
230050021021024,01
230050021021025,01
230050021021026,01
230050021022000,01
230050021022001,01
230050021022002,01
230050021022003,01
230050021022004,01
230050021022005,01
230050021022006,01
230050021023000,01
230050021023001,01
230050021023002,01
230050021023003,01
230050021023004,01
230050021023005,01
230050021023006,01
230050021023007,01
230050021023008,01
230050021023009,01
230050021023010,01
230050021023011,01
230050021023012,01
230050021023013,01
230050021023014,01
230050021024000,01
230050021024001,01
230050021024002,01
230050021024003,01
230050021024004,01
230050021024005,01
230050021024006,01
230050021024007,01
230050021024008,01
230050021024009,01
230050021024010,01
230050021024011,01
230050021024012,01
230050021024013,01
230050022001000,01
230050022001001,01
230050022001002,01
230050022001003,01
230050022001004,01
230050022001005,01
230050022001006,01
230050022001007,01
230050022001008,01
230050022001009,01
230050022001010,01
230050022001011,01
230050022001012,01
230050022001013,01
230050022002000,01
230050022002001,01
230050022002002,01
230050022002003,01
230050022002004,01
230050022002005,01
230050022002006,01
230050022002007,01
230050022002008,01
230050022002009,01
230050022002010,01
230050022003000,01
230050022003001,01
230050022003002,01
230050022003003,01
230050022003004,01
230050022003005,01
230050022003006,01
230050022003007,01
230050022003008,01
230050022003009,01
230050022004000,01
230050022004001,01
230050022004002,01
230050022004003,01
230050022004004,01
230050022004005,01
230050022004006,01
230050022004007,01
230050022004008,01
230050022004009,01
230050023001000,01
230050023001001,01
230050023001002,01
230050023001003,01
230050023001004,01
230050023001005,01
230050023001006,01
230050023001007,01
230050023001008,01
230050023001009,01
230050023001010,01
230050023001011,01
230050023001012,01
230050023001013,01
230050023001014,01
230050023001015,01
230050023001016,01
230050023001017,01
230050023001018,01
230050023001019,01
230050023001020,01
230050023001021,01
230050023001022,01
230050023001023,01
230050023001024,01
230050023001025,01
230050023001026,01
230050023001027,01
230050023001028,01
230050023001029,01
230050023001030,01
230050023001031,01
230050023001032,01
230050023001033,01
230050023001034,01
230050023002000,01
230050023002001,01
230050023002002,01
230050023002003,01
230050023002004,01
230050023002005,01
230050023002006,01
230050023002007,01
230050023002008,01
230050023002009,01
230050023002010,01
230050023002011,01
230050023002012,01
230050023002013,01
230050023002014,01
230050023003000,01
230050023003001,01
230050023003002,01
230050023003003,01
230050023003004,01
230050023003005,01
230050023003006,01
230050023003007,01
230050023003008,01
230050023003009,01
230050023003010,01
230050023003011,01
230050023003012,01
230050024001000,01
230050024001001,01
230050024001002,01
230050024001003,01
230050024001004,01
230050024001005,01
230050024001006,01
230050024001007,01
230050024001008,01
230050024001009,01
230050024001010,01
230050024001011,01
230050024001012,01
230050024001013,01
230050024001014,01
230050024001015,01
230050024001016,01
230050024001017,01
230050024001018,01
230050024001019,01
230050024001020,01
230050024001021,01
230050024001022,01
230050024001023,01
230050024001024,01
230050024001025,01
230050024001026,01
230050024001027,01
230050024001028,01
230050024001029,01
230050024001030,01
230050024001031,01
230050024001032,01
230050024001033,01
230050024001034,01
230050024001035,01
230050024001036,01
230050024001037,01
230050024001038,01
230050024001039,01
230050024001040,01
230050024001041,01
230050024001042,01
230050024001043,01
230050024001044,01
230050024001045,01
230050024001046,01
230050024001047,01
230050024001048,01
230050024001049,01
230050024001050,01
230050024001051,01
230050024001052,01
230050024001053,01
230050024001054,01
230050024002000,01
230050024002001,01
230050024002002,01
230050024002003,01
230050024002004,01
230050024002005,01
230050024002006,01
230050024002007,01
230050024002008,01
230050024002009,01
230050024002010,01
230050024002011,01
230050024002012,01
230050024002013,01
230050024002014,01
230050024002015,01
230050024002016,01
230050024002017,01
230050024002018,01
230050024002019,01
230050024002020,01
230050024002021,01
230050024002022,01
230050024002023,01
230050024002024,01
230050024002025,01
230050024002026,01
230050024003000,01
230050024003001,01
230050024003002,01
230050024003003,01
230050024003004,01
230050024003005,01
230050024003006,01
230050024003007,01
230050024003008,01
230050024003009,01
230050024003010,01
230050024003011,01
230050024003012,01
230050024003013,01
230050024003014,01
230050024003015,01
230050024003016,01
230050024003017,01
230050024003018,01
230050024003019,01
230050024003020,01
230050024003021,01
230050024003022,01
230050024003023,01
230050024003024,01
230050024003025,01
230050024003026,01
230050024003027,01
230050024003028,01
230050024003029,01
230050024003030,01
230050024003031,01
230050024003032,01
230050024003033,01
230050025011000,01
230050025011001,01
230050025011002,01
230050025011003,01
230050025011004,01
230050025011005,01
230050025011006,01
230050025011007,01
230050025011008,01
230050025011009,01
230050025011010,01
230050025011011,01
230050025011012,01
230050025011013,01
230050025011014,01
230050025011015,01
230050025011016,01
230050025011017,01
230050025011018,01
230050025011019,01
230050025011020,01
230050025011021,01
230050025011022,01
230050025011023,01
230050025011024,01
230050025011025,01
230050025011026,01
230050025011027,01
230050025011028,01
230050025011029,01
230050025011030,01
230050025011031,01
230050025011032,01
230050025012000,01
230050025012001,01
230050025012002,01
230050025012003,01
230050025012004,01
230050025012005,01
230050025012006,01
230050025012007,01
230050025012008,01
230050025012009,01
230050025012010,01
230050025012011,01
230050025012012,01
230050025012013,01
230050025012014,01
230050025012015,01
230050025012016,01
230050025012017,01
230050025031000,01
230050025031001,01
230050025031002,01
230050025031003,01
230050025031004,01
230050025031005,01
230050025031006,01
230050025031007,01
230050025031008,01
230050025031009,01
230050025031010,01
230050025031011,01
230050025031012,01
230050025031013,01
230050025031014,01
230050025031015,01
230050025031016,01
230050025031017,01
230050025031018,01
230050025031019,01
230050025031020,01
230050025031021,01
230050025031022,01
230050025031023,01
230050025031024,01
230050025031025,01
230050025031026,01
230050025031027,01
230050025031028,01
230050025031029,01
230050025031030,01
230050025032000,01
230050025032001,01
230050025032002,01
230050025032003,01
230050025032004,01
230050025032005,01
230050025032006,01
230050025032007,01
230050025032008,01
230050025032009,01
230050025032010,01
230050025032011,01
230050025032012,01
230050025032013,01
230050025032014,01
230050025032015,01
230050025032016,01
230050025032017,01
230050025032018,01
230050025033000,01
230050025033001,01
230050025033002,01
230050025033003,01
230050025033004,01
230050025033005,01
230050025033006,01
230050025033007,01
230050025033008,01
230050025033009,01
230050025033010,01
230050025033011,01
230050025033012,01
230050025033013,01
230050025033014,01
230050025033015,01
230050025033016,01
230050025033017,01
230050025033018,01
230050025033019,01
230050025033020,01
230050025033021,01
230050025033022,01
230050025041000,01
230050025041001,01
230050025041002,01
230050025041003,01
230050025041004,01
230050025041005,01
230050025041006,01
230050025041007,01
230050025041008,01
230050025041009,01
230050025041010,01
230050025041011,01
230050025041012,01
230050025041013,01
230050025041014,01
230050025041015,01
230050025041016,01
230050025041017,01
230050025041018,01
230050025041019,01
230050025041020,01
230050025041021,01
230050025041022,01
230050025041023,01
230050025041024,01
230050025041025,01
230050025041026,01
230050025041027,01
230050025041028,01
230050025041029,01
230050025041030,01
230050025041031,01
230050025041032,01
230050025041033,01
230050025041034,01
230050025041035,01
230050025041036,01
230050025041037,01
230050025041038,01
230050025041039,01
230050025041040,01
230050025041041,01
230050025041042,01
230050025042000,01
230050025042001,01
230050025042002,01
230050025042003,01
230050025042004,01
230050025042005,01
230050025042006,01
230050025042007,01
230050025042008,01
230050025042009,01
230050025042010,01
230050025042011,01
230050025042012,01
230050025042013,01
230050025042014,01
230050025042015,01
230050025042016,01
230050025042017,01
230050025042018,01
230050025042019,01
230050025042020,01
230050025042021,01
230050025042022,01
230050025042023,01
230050025042024,01
230050025042025,01
230050025042026,01
230050025042027,01
230050025042028,01
230050025042029,01
230050025042030,01
230050025042031,01
230050026001000,01
230050026001001,01
230050026001002,01
230050026001003,01
230050026001004,01
230050026001005,01
230050026001006,01
230050026001007,01
230050026001008,01
230050026001009,01
230050026001010,01
230050026001011,01
230050026001012,01
230050026001013,01
230050026001014,01
230050026001015,01
230050026001016,01
230050026001017,01
230050026001018,01
230050026001019,01
230050026001020,01
230050026001021,01
230050026001022,01
230050026001023,01
230050026001024,01
230050026001025,01
230050026001026,01
230050026001027,01
230050026001028,01
230050026001029,01
230050026001030,01
230050026001031,01
230050026001032,01
230050026001033,01
230050026001034,01
230050026002000,01
230050026002001,01
230050026002002,01
230050026002003,01
230050026002004,01
230050026002005,01
230050026002006,01
230050026002007,01
230050026002008,01
230050026002009,01
230050026002010,01
230050026002011,01
230050026002012,01
230050026002013,01
230050026002014,01
230050026002015,01
230050026002016,01
230050027001000,01
230050027001001,01
230050027001002,01
230050027001003,01
230050027001004,01
230050027001005,01
230050027001006,01
230050027001007,01
230050027001008,01
230050027001009,01
230050027001010,01
230050027001011,01
230050027001012,01
230050027001013,01
230050027001014,01
230050027001015,01
230050027001016,01
230050027001017,01
230050027001018,01
230050027001019,01
230050027002000,01
230050027002001,01
230050027002002,01
230050027002003,01
230050027002004,01
230050027002005,01
230050027002006,01
230050027002007,01
230050027002008,01
230050027002009,01
230050027002010,01
230050027002011,01
230050027002012,01
230050027002013,01
230050027002014,01
230050027002015,01
230050027003000,01
230050027003001,01
230050027003002,01
230050027003003,01
230050027003004,01
230050027003005,01
230050027003006,01
230050027003007,01
230050027003008,01
230050027003009,01
230050027003010,01
230050027003011,01
230050027003012,01
230050027003013,01
230050027003014,01
230050027003015,01
230050027003016,01
230050027003017,01
230050027003018,01
230050027003019,01
230050028001000,01
230050028001001,01
230050028001002,01
230050028001003,01
230050028001004,01
230050028001005,01
230050028001006,01
230050028001007,01
230050028001008,01
230050028001009,01
230050028001010,01
230050028001011,01
230050028001012,01
230050028001013,01
230050028001014,01
230050028001015,01
230050028001016,01
230050028001017,01
230050028001018,01
230050028001019,01
230050028001020,01
230050028001021,01
230050028001022,01
230050028001023,01
230050028001024,01
230050028001025,01
230050028001026,01
230050028001027,01
230050028002000,01
230050028002001,01
230050028002002,01
230050028002003,01
230050028002004,01
230050028002005,01
230050028002006,01
230050028002007,01
230050028002008,01
230050028002009,01
230050028002010,01
230050028002011,01
230050028002012,01
230050028002013,01
230050028002014,01
230050028002015,01
230050028002016,01
230050028002017,01
230050028002018,01
230050028002019,01
230050028002020,01
230050028002021,01
230050028002022,01
230050028002023,01
230050028002024,01
230050028002025,01
230050028002026,01
230050028002027,01
230050029011000,01
230050029011001,01
230050029011002,01
230050029011003,01
230050029011004,01
230050029011005,01
230050029011006,01
230050029011007,01
230050029011008,01
230050029011009,01
230050029011010,01
230050029011011,01
230050029011012,01
230050029011013,01
230050029012000,01
230050029012001,01
230050029012002,01
230050029012003,01
230050029012004,01
230050029012005,01
230050029012006,01
230050029012007,01
230050029012008,01
230050029012009,01
230050029012010,01
230050029012011,01
230050029012012,01
230050029012013,01
230050029012014,01
230050029012015,01
230050029012016,01
230050029012017,01
230050029012018,01
230050029012019,01
230050029012020,01
230050029012021,01
230050029012022,01
230050029012023,01
230050029012024,01
230050029021000,01
230050029021001,01
230050029021002,01
230050029021003,01
230050029021004,01
230050029021005,01
230050029021006,01
230050029021007,01
230050029021008,01
230050029021009,01
230050029021010,01
230050029021011,01
230050029021012,01
230050029021013,01
230050029021014,01
230050029021015,01
230050029021016,01
230050029021017,01
230050029022000,01
230050029022001,01
230050029022002,01
230050029022003,01
230050029022004,01
230050029022005,01
230050029022006,01
230050029022007,01
230050029022008,01
230050029022009,01
230050029022010,01
230050029022011,01
230050029022012,01
230050029022013,01
230050029022014,01
230050029023000,01
230050029023001,01
230050029023002,01
230050029023003,01
230050029023004,01
230050029023005,01
230050029023006,01
230050029023007,01
230050029023008,01
230050029023009,01
230050029023010,01
230050029023011,01
230050029023012,01
230050029023013,01
230050029023014,01
230050029023015,01
230050029023016,01
230050030011000,01
230050030011001,01
230050030011002,01
230050030011003,01
230050030011004,01
230050030011005,01
230050030011006,01
230050030011007,01
230050030011008,01
230050030011009,01
230050030011010,01
230050030011011,01
230050030011012,01
230050030011013,01
230050030011014,01
230050030011015,01
230050030011016,01
230050030011017,01
230050030011018,01
230050030011019,01
230050030011020,01
230050030011021,01
230050030011022,01
230050030011023,01
230050030011024,01
230050030011025,01
230050030011026,01
230050030012000,01
230050030012001,01
230050030012002,01
230050030012003,01
230050030012004,01
230050030012005,01
230050030012006,01
230050030012007,01
230050030012008,01
230050030012009,01
230050030012010,01
230050030012011,01
230050030012012,01
230050030012013,01
230050030012014,01
230050030012015,01
230050030012016,01
230050030012017,01
230050030012018,01
230050030012019,01
230050030012020,01
230050030012021,01
230050030012022,01
230050030012023,01
230050030012024,01
230050030013000,01
230050030013001,01
230050030013002,01
230050030013003,01
230050030013004,01
230050030013005,01
230050030013006,01
230050030013007,01
230050030013008,01
230050030013009,01
230050030013010,01
230050030013011,01
230050030013012,01
230050030013013,01
230050030013014,01
230050030013015,01
230050030013016,01
230050030013017,01
230050030013018,01
230050030013019,01
230050030013020,01
230050030021000,01
230050030021001,01
230050030021002,01
230050030021003,01
230050030021004,01
230050030021005,01
230050030021006,01
230050030021007,01
230050030021008,01
230050030021009,01
230050030021010,01
230050030021011,01
230050030021012,01
230050030021013,01
230050030021014,01
230050030021015,01
230050030021016,01
230050030021017,01
230050030021018,01
230050030021019,01
230050030021020,01
230050030021021,01
230050030021022,01
230050030021023,01
230050030021024,01
230050030021025,01
230050030021026,01
230050030021027,01
230050030021028,01
230050030021029,01
230050030021030,01
230050030021031,01
230050030021032,01
230050030022000,01
230050030022001,01
230050030022002,01
230050030022003,01
230050030022004,01
230050030022005,01
230050030022006,01
230050030022007,01
230050030022008,01
230050030022009,01
230050030022010,01
230050030022011,01
230050030022012,01
230050030022013,01
230050030022014,01
230050030022015,01
230050030022016,01
230050030022017,01
230050030022018,01
230050030022019,01
230050030022020,01
230050030022021,01
230050030022022,01
230050030022023,01
230050030022024,01
230050030022025,01
230050030022026,01
230050030022027,01
230050030022028,01
230050030022029,01
230050030022030,01
230050030022031,01
230050030022032,01
230050030022033,01
230050030022034,01
230050030022035,01
230050030022036,01
230050031001000,01
230050031001001,01
230050031001002,01
230050031001003,01
230050031001004,01
230050031001005,01
230050031001006,01
230050031001007,01
230050031002000,01
230050031002001,01
230050031002002,01
230050031002003,01
230050031002004,01
230050031002005,01
230050031002006,01
230050031002007,01
230050031002008,01
230050031002009,01
230050031002010,01
230050031002011,01
230050031002012,01
230050031002013,01
230050031002014,01
230050031003000,01
230050031003001,01
230050031003002,01
230050031003003,01
230050031003004,01
230050031003005,01
230050031004000,01
230050031004001,01
230050031004002,01
230050031004003,01
230050031004004,01
230050031004005,01
230050031004006,01
230050031004007,01
230050031004008,01
230050031004009,01
230050031004010,01
230050031004011,01
230050031004012,01
230050031004013,01
230050031004014,01
230050031004015,01
230050031004016,01
230050031004017,01
230050031004018,01
230050031004019,01
230050032001000,01
230050032001001,01
230050032001002,01
230050032001003,01
230050032001004,01
230050032001005,01
230050032001006,01
230050032001007,01
230050032001008,01
230050032001009,01
230050032001010,01
230050032002000,01
230050032002001,01
230050032002002,01
230050032002003,01
230050032002004,01
230050032002005,01
230050032002006,01
230050032002007,01
230050032002008,01
230050032002009,01
230050032002010,01
230050032002011,01
230050032002012,01
230050032002013,01
230050032002014,01
230050032003000,01
230050032003001,01
230050032003002,01
230050032003003,01
230050032003004,01
230050032003005,01
230050032003006,01
230050032003007,01
230050032003008,01
230050032003009,01
230050032003010,01
230050032003011,01
230050032003012,01
230050032003013,01
230050032003014,01
230050032003015,01
230050032003016,01
230050032003017,01
230050032003018,01
230050032003019,01
230050032003020,01
230050032003021,01
230050032003022,01
230050032003023,01
230050033001000,01
230050033001001,01
230050033001002,01
230050033001003,01
230050033001004,01
230050033001005,01
230050033001006,01
230050033001007,01
230050033001008,01
230050033001009,01
230050033001010,01
230050033001011,01
230050033001012,01
230050033001013,01
230050033001014,01
230050033001015,01
230050033001016,01
230050033001017,01
230050033001018,01
230050033002000,01
230050033002001,01
230050033002002,01
230050033002003,01
230050033002004,01
230050033002005,01
230050033002006,01
230050033002007,01
230050033002008,01
230050033002009,01
230050033002010,01
230050033002011,01
230050033002012,01
230050033002013,01
230050033002014,01
230050033002015,01
230050033002016,01
230050033002017,01
230050033002018,01
230050033002019,01
230050033002020,01
230050033002021,01
230050033002022,01
230050033002023,01
230050033002024,01
230050033002025,01
230050033002026,01
230050033002027,01
230050033002028,01
230050033002029,01
230050033002030,01
230050034001000,01
230050034001001,01
230050034001002,01
230050034001003,01
230050034001004,01
230050034001005,01
230050034001006,01
230050034001007,01
230050034001008,01
230050034001009,01
230050034001010,01
230050034001011,01
230050034001012,01
230050034001013,01
230050034001014,01
230050034001015,01
230050034001016,01
230050034002000,01
230050034002001,01
230050034002002,01
230050034002003,01
230050034002004,01
230050034002005,01
230050034002006,01
230050034002007,01
230050034002008,01
230050034002009,01
230050034002010,01
230050034003000,01
230050034003001,01
230050034003002,01
230050034003003,01
230050034003004,01
230050034003005,01
230050034003006,01
230050034003007,01
230050034003008,01
230050034003009,01
230050034003010,01
230050034003011,01
230050034003012,01
230050034003013,01
230050034003014,01
230050034003015,01
230050034003016,01
230050034003017,01
230050034003018,01
230050034004000,01
230050034004001,01
230050034004002,01
230050034004003,01
230050034004004,01
230050034004005,01
230050034004006,01
230050034004007,01
230050034004008,01
230050034005000,01
230050034005001,01
230050034005002,01
230050034005003,01
230050034005004,01
230050034005005,01
230050034005006,01
230050034005007,01
230050034005008,01
230050034005009,01
230050034005010,01
230050034005011,01
230050034005012,01
230050034005013,01
230050034005014,01
230050034005015,01
230050034005016,01
230050034005017,01
230050035001000,01
230050035001001,01
230050035001002,01
230050035001003,01
230050035001004,01
230050035001005,01
230050035001006,01
230050035001007,01
230050035001008,01
230050035001009,01
230050035001010,01
230050035001011,01
230050035001012,01
230050035001013,01
230050035001014,01
230050035001015,01
230050035001016,01
230050035001017,01
230050035001018,01
230050035001019,01
230050035001020,01
230050035001021,01
230050035001022,01
230050035001023,01
230050035001024,01
230050035001025,01
230050035002000,01
230050035002001,01
230050035002002,01
230050035002003,01
230050035002004,01
230050035002005,01
230050035002006,01
230050035002007,01
230050035002008,01
230050035002009,01
230050035002010,01
230050035002011,01
230050035002012,01
230050035002013,01
230050035002014,01
230050035002015,01
230050035002016,01
230050035002017,01
230050035002018,01
230050035002019,01
230050035002020,01
230050035002021,01
230050035002022,01
230050035002023,01
230050035002024,01
230050035002025,01
230050035002026,01
230050035002027,01
230050035002028,01
230050035002029,01
230050035002030,01
230050035003000,01
230050035003001,01
230050035003002,01
230050035003003,01
230050035003004,01
230050035003005,01
230050035003006,01
230050035003007,01
230050035003008,01
230050035003009,01
230050035003010,01
230050035003011,01
230050035003012,01
230050035003013,01
230050035003014,01
230050035003015,01
230050035003016,01
230050035003017,01
230050035003018,01
230050035003019,01
230050035003020,01
230050035003021,01
230050035003022,01
230050035003023,01
230050035003024,01
230050037011000,01
230050037011001,01
230050037011002,01
230050037011003,01
230050037011004,01
230050037011005,01
230050037011006,01
230050037011007,01
230050037011008,01
230050037011009,01
230050037011010,01
230050037011011,01
230050037011012,01
230050037011013,01
230050037011014,01
230050037011015,01
230050037011016,01
230050037011017,01
230050037011018,01
230050037011019,01
230050037011020,01
230050037011021,01
230050037011022,01
230050037011023,01
230050037011024,01
230050037011025,01
230050037011026,01
230050037011027,01
230050037011028,01
230050037011029,01
230050037011030,01
230050037011031,01
230050037012000,01
230050037012001,01
230050037012002,01
230050037012003,01
230050037012004,01
230050037012005,01
230050037012006,01
230050037012007,01
230050037012008,01
230050037012009,01
230050037012010,01
230050037012011,01
230050037012012,01
230050037012013,01
230050037012014,01
230050037012015,01
230050037012016,01
230050037012017,01
230050037012018,01
230050037012019,01
230050037012020,01
230050037021000,01
230050037021001,01
230050037021002,01
230050037021003,01
230050037021004,01
230050037021005,01
230050037021006,01
230050037021007,01
230050037021008,01
230050037021009,01
230050037021010,01
230050037021011,01
230050037021012,01
230050037021013,01
230050037021014,01
230050037021015,01
230050037021016,01
230050037021017,01
230050037021018,01
230050037021019,01
230050037021020,01
230050037021021,01
230050037022000,01
230050037022001,01
230050037022002,01
230050037022003,01
230050037022004,01
230050037022005,01
230050037022006,01
230050037022007,01
230050037022008,01
230050037022009,01
230050037022010,01
230050037022011,01
230050037022012,01
230050037022013,01
230050037022014,01
230050037022015,01
230050037022016,01
230050037022017,01
230050037022018,01
230050037022019,01
230050037022020,01
230050037022021,01
230050037022022,01
230050037022023,01
230050037022024,01
230050037022025,01
230050037023000,01
230050037023001,01
230050037023002,01
230050037023003,01
230050037023004,01
230050037023005,01
230050037023006,01
230050037023007,01
230050037023008,01
230050037023009,01
230050037023010,01
230050037023011,01
230050037023012,01
230050037023013,01
230050037023014,01
230050037023015,01
230050037023016,01
230050037023017,01
230050037023018,01
230050037023019,01
230050037023020,01
230050037023021,01
230050037023022,01
230050037023023,01
230050037023024,01
230050040011000,01
230050040011001,01
230050040011002,01
230050040011003,01
230050040011004,01
230050040011005,01
230050040011006,01
230050040011007,01
230050040011008,01
230050040011009,01
230050040011010,01
230050040011011,01
230050040011012,01
230050040011013,01
230050040011014,01
230050040011015,01
230050040011016,01
230050040011017,01
230050040011018,01
230050040011019,01
230050040011020,01
230050040011021,01
230050040011022,01
230050040011023,01
230050040011024,01
230050040011025,01
230050040011026,01
230050040011027,01
230050040011028,01
230050040011029,01
230050040011030,01
230050040011031,01
230050040011032,01
230050040011033,01
230050040011034,01
230050040011035,01
230050040011036,01
230050040011037,01
230050040011038,01
230050040011039,01
230050040011040,01
230050040012000,01
230050040012001,01
230050040012002,01
230050040012003,01
230050040012004,01
230050040012005,01
230050040012006,01
230050040012007,01
230050040012008,01
230050040012009,01
230050040012010,01
230050040012011,01
230050040012012,01
230050040012013,01
230050040012014,01
230050040012015,01
230050040012016,01
230050040012017,01
230050040012018,01
230050040012019,01
230050040012020,01
230050040012021,01
230050040012022,01
230050040021000,01
230050040021001,01
230050040021002,01
230050040021003,01
230050040021004,01
230050040021005,01
230050040021006,01
230050040021007,01
230050040021008,01
230050040021009,01
230050040021010,01
230050040021011,01
230050040021012,01
230050040021013,01
230050040021014,01
230050040021015,01
230050040021016,01
230050040021017,01
230050040021018,01
230050040021019,01
230050040022000,01
230050040022001,01
230050040022002,01
230050040022003,01
230050040022004,01
230050040022005,01
230050040022006,01
230050040022007,01
230050040022008,01
230050040022009,01
230050040022010,01
230050040022011,01
230050040023000,01
230050040023001,01
230050040023002,01
230050040023003,01
230050040023004,01
230050040023005,01
230050040023006,01
230050040023007,01
230050040023008,01
230050040023009,01
230050040023010,01
230050040023011,01
230050040023012,01
230050040023013,01
230050040023014,01
230050040023015,01
230050040023016,01
230050040023017,01
230050040023018,01
230050040023019,01
230050040023020,01
230050040023021,01
230050040023022,01
230050040023023,01
230050040023024,01
230050040023025,01
230050040023026,01
230050040024000,01
230050040024001,01
230050040024002,01
230050040024003,01
230050040024004,01
230050040024005,01
230050040024006,01
230050040024007,01
230050040024008,01
230050040024009,01
230050040024010,01
230050040024011,01
230050040024012,01
230050040024013,01
230050040024014,01
230050040024015,01
230050040024016,01
230050040024017,01
230050040024018,01
230050040024019,01
230050040024020,01
230050040024021,01
230050040024022,01
230050040024023,01
230050040024024,01
230050040024025,01
230050040024026,01
230050040024027,01
230050041001000,01
230050041001001,01
230050041001002,01
230050041001003,01
230050041001004,01
230050041001005,01
230050041001006,01
230050041001007,01
230050041001008,01
230050041001009,01
230050041001010,01
230050041001011,01
230050041001012,01
230050041001013,01
230050041001014,01
230050041001015,01
230050041001016,01
230050041001017,01
230050041001018,01
230050041001019,01
230050041001020,01
230050041001021,01
230050041001022,01
230050041001023,01
230050041001024,01
230050041001025,01
230050041001026,01
230050041001027,01
230050041001028,01
230050041001029,01
230050041001030,01
230050041001031,01
230050041001032,01
230050041001033,01
230050041001034,01
230050041001035,01
230050041001036,01
230050041001037,01
230050041001038,01
230050041001039,01
230050041001040,01
230050041001041,01
230050041001042,01
230050041001043,01
230050041001044,01
230050041002000,01
230050041002001,01
230050041002002,01
230050041002003,01
230050041002004,01
230050041002005,01
230050041002006,01
230050041002007,01
230050041002008,01
230050041002009,01
230050041002010,01
230050041002011,01
230050041002012,01
230050041002013,01
230050041002014,01
230050041002015,01
230050041002016,01
230050041002017,01
230050041002018,01
230050041002019,01
230050041002020,01
230050041002021,01
230050041002022,01
230050041002023,01
230050041002024,01
230050041002025,01
230050041002026,01
230050041002027,01
230050041002028,01
230050041002029,01
230050041002030,01
230050041002031,01
230050041002032,01
230050041002033,01
230050041002034,01
230050041002035,01
230050041002036,01
230050041002037,01
230050041002038,01
230050041002039,01
230050041003000,01
230050041003001,01
230050041003002,01
230050041003003,01
230050041003004,01
230050041003005,01
230050041003006,01
230050041003007,01
230050041003008,01
230050041003009,01
230050041003010,01
230050041003011,01
230050041003012,01
230050041003013,01
230050041003014,01
230050041003015,01
230050041003016,01
230050041003017,01
230050041003018,01
230050041003019,01
230050041003020,01
230050041003021,01
230050041003022,01
230050041003023,01
230050041003024,01
230050041003025,01
230050041003026,01
230050041003027,01
230050041003028,01
230050041003029,01
230050041003030,01
230050041003031,01
230050041003032,01
230050041003033,01
230050041003034,01
230050041003035,01
230050041003036,01
230050041003037,01
230050041003038,01
230050041003039,01
230050041003040,01
230050041003041,01
230050041003042,01
230050041003043,01
230050042011000,01
230050042011001,01
230050042011002,01
230050042011003,01
230050042011004,01
230050042011005,01
230050042011006,01
230050042011007,01
230050042011008,01
230050042011009,01
230050042011010,01
230050042011011,01
230050042011012,01
230050042011013,01
230050042011014,01
230050042011015,01
230050042011016,01
230050042011017,01
230050042011018,01
230050042011019,01
230050042011020,01
230050042011021,01
230050042011022,01
230050042011023,01
230050042011024,01
230050042011025,01
230050042011026,01
230050042011027,01
230050042011028,01
230050042011029,01
230050042011030,01
230050042012000,01
230050042012001,01
230050042012002,01
230050042012003,01
230050042012004,01
230050042012005,01
230050042012006,01
230050042012007,01
230050042012008,01
230050042012009,01
230050042012010,01
230050042012011,01
230050042012012,01
230050042012013,01
230050042013000,01
230050042013001,01
230050042013002,01
230050042013003,01
230050042013004,01
230050042013005,01
230050042013006,01
230050042013007,01
230050042013008,01
230050042013009,01
230050042013010,01
230050042013011,01
230050042013012,01
230050042013013,01
230050042013014,01
230050042013015,01
230050042021000,01
230050042021001,01
230050042021002,01
230050042021003,01
230050042021004,01
230050042021005,01
230050042021006,01
230050042021007,01
230050042021008,01
230050042021009,01
230050042021010,01
230050042021011,01
230050042021012,01
230050042021013,01
230050042021014,01
230050042021015,01
230050042021016,01
230050042021017,01
230050042021018,01
230050042021019,01
230050042021020,01
230050042021021,01
230050042021022,01
230050042021023,01
230050042021024,01
230050042021025,01
230050042021026,01
230050042021027,01
230050042022000,01
230050042022001,01
230050042022002,01
230050042022003,01
230050042022004,01
230050042022005,01
230050042022006,01
230050042022007,01
230050042022008,01
230050042022009,01
230050042022010,01
230050042022011,01
230050042022012,01
230050042022013,01
230050042022014,01
230050042022015,01
230050042022016,01
230050042022017,01
230050042022018,01
230050042022019,01
230050042022020,01
230050042022021,01
230050042022022,01
230050042022023,01
230050042022024,01
230050042022025,01
230050042022026,01
230050042022027,01
230050042022028,01
230050042022029,01
230050042022030,01
230050042022031,01
230050042022032,01
230050042022033,01
230050042022034,01
230050042022035,01
230050042022036,01
230050042022037,01
230050042022038,01
230050042022039,01
230050042022040,01
230050042022041,01
230050042022042,01
230050042022043,01
230050042022044,01
230050042022045,01
230050042022046,01
230050042022047,01
230050042022048,01
230050042022049,01
230050042022050,01
230050042022051,01
230050042022052,01
230050042022053,01
230050042022054,01
230050042022055,01
230050042022056,01
230050042022057,01
230050042022058,01
230050042022059,01
230050044011000,01
230050044011001,01
230050044011002,01
230050044011003,01
230050044011004,01
230050044011005,01
230050044011006,01
230050044011007,01
230050044011008,01
230050044011009,01
230050044011010,01
230050044011011,01
230050044011012,01
230050044011013,01
230050044011014,01
230050044011015,01
230050044012000,01
230050044012001,01
230050044012002,01
230050044012003,01
230050044012004,01
230050044012005,01
230050044012006,01
230050044012007,01
230050044012008,01
230050044012009,01
230050044012010,01
230050044012011,01
230050044012012,01
230050044012013,01
230050044012014,01
230050044012015,01
230050044012016,01
230050044012017,01
230050044012018,01
230050044012019,01
230050044012020,01
230050044012021,01
230050044012022,01
230050044012023,01
230050044012024,01
230050044012025,01
230050044012026,01
230050044012027,01
230050044012028,01
230050044013000,01
230050044013001,01
230050044013002,01
230050044013003,01
230050044013004,01
230050044013005,01
230050044013006,01
230050044013007,01
230050044013008,01
230050044013009,01
230050044013010,01
230050044013011,01
230050044013012,01
230050044014000,01
230050044014001,01
230050044014002,01
230050044014003,01
230050044014004,01
230050044014005,01
230050044014006,01
230050044014007,01
230050044014008,01
230050044014009,01
230050044014010,01
230050044014011,01
230050044014012,01
230050044014013,01
230050044014014,01
230050044014015,01
230050044014016,01
230050044014017,01
230050044014018,01
230050044014019,01
230050044014020,01
230050044014021,01
230050044014022,01
230050044014023,01
230050044014024,01
230050044014025,01
230050044014026,01
230050044014027,01
230050044015000,01
230050044015001,01
230050044015002,01
230050044015003,01
230050044015004,01
230050044015005,01
230050044015006,01
230050044015007,01
230050044015008,01
230050044015009,01
230050044015010,01
230050044015011,01
230050044015012,01
230050044021000,01
230050044021001,01
230050044021002,01
230050044021003,01
230050044021004,01
230050044021005,01
230050044021006,01
230050044021007,01
230050044021008,01
230050044021009,01
230050044021010,01
230050044021011,01
230050044021012,01
230050044021013,01
230050044021014,01
230050044021015,01
230050044021016,01
230050044021017,01
230050044021018,01
230050044021019,01
230050044021020,01
230050044021021,01
230050044021022,01
230050044021023,01
230050044021024,01
230050044021025,01
230050044021026,01
230050044021027,01
230050044021028,01
230050044021029,01
230050044022000,01
230050044022001,01
230050044022002,01
230050044022003,01
230050044022004,01
230050044022005,01
230050044022006,01
230050044022007,01
230050044022008,01
230050044023000,01
230050044023001,01
230050044023002,01
230050044023003,01
230050044023004,01
230050044023005,01
230050044023006,01
230050044023007,01
230050044023008,01
230050044023009,01
230050044023010,01
230050044023011,01
230050044024000,01
230050044024001,01
230050044024002,01
230050044024003,01
230050044024004,01
230050044024005,01
230050044024006,01
230050044024007,01
230050044024008,01
230050044024009,01
230050044024010,01
230050044024011,01
230050044024012,01
230050044024013,01
230050044024014,01
230050044024015,01
230050044024016,01
230050044024017,01
230050044024018,01
230050045011000,01
230050045011001,01
230050045011002,01
230050045011003,01
230050045011004,01
230050045011005,01
230050045011006,01
230050045011007,01
230050045011008,01
230050045011009,01
230050045011010,01
230050045011011,01
230050045011012,01
230050045011013,01
230050045011014,01
230050045011015,01
230050045011016,01
230050045011017,01
230050045011018,01
230050045011019,01
230050045011020,01
230050045011021,01
230050045011022,01
230050045011023,01
230050045011024,01
230050045011025,01
230050045011026,01
230050045011027,01
230050045011028,01
230050045011029,01
230050045011030,01
230050045012000,01
230050045012001,01
230050045012002,01
230050045012003,01
230050045012004,01
230050045012005,01
230050045012006,01
230050045012007,01
230050045012008,01
230050045012009,01
230050045012010,01
230050045012011,01
230050045012012,01
230050045012013,01
230050045012014,01
230050045012015,01
230050045012016,01
230050045012017,01
230050045021000,01
230050045021001,01
230050045021002,01
230050045021003,01
230050045021004,01
230050045021005,01
230050045021006,01
230050045021007,01
230050045021008,01
230050045021009,01
230050045021010,01
230050045021011,01
230050045021012,01
230050045021013,01
230050045021014,01
230050045021015,01
230050045021016,01
230050045022000,01
230050045022001,01
230050045022002,01
230050045022003,01
230050045022004,01
230050045022005,01
230050045022006,01
230050045022007,01
230050045022008,01
230050045022009,01
230050045022010,01
230050045022011,01
230050045022012,01
230050045022013,01
230050045022014,01
230050045022015,01
230050045022016,01
230050045022017,01
230050045022018,01
230050045022019,01
230050045022020,01
230050045022021,01
230050045022022,01
230050045022023,01
230050045022024,01
230050045023000,01
230050045023001,01
230050045023002,01
230050045023003,01
230050045023004,01
230050045023005,01
230050045023006,01
230050045023007,01
230050045023008,01
230050045023009,01
230050045023010,01
230050045023011,01
230050045023012,01
230050045023013,01
230050045023014,01
230050045023015,01
230050045023016,01
230050045023017,01
230050045024000,01
230050045024001,01
230050045024002,01
230050045024003,01
230050045024004,01
230050045024005,01
230050045024006,01
230050045024007,01
230050045024008,01
230050045024009,01
230050045024010,01
230050045024011,01
230050045024012,01
230050045024013,01
230050045024014,01
230050045024015,01
230050045024016,01
230050045024017,01
230050045024018,01
230050045024019,01
230050045024020,01
230050045024021,01
230050045024022,01
230050045024023,01
230050045024024,01
230050045024025,01
230050045024026,01
230050045024027,01
230050045025000,01
230050045025001,01
230050045025002,01
230050045025003,01
230050045025004,01
230050045025005,01
230050045025006,01
230050045025007,01
230050045025008,01
230050045025009,01
230050045025010,01
230050045025011,01
230050046001000,01
230050046001001,01
230050046001002,01
230050046001003,01
230050046001004,01
230050046001005,01
230050046001006,01
230050046001007,01
230050046001008,01
230050046001009,01
230050046001010,01
230050046001011,01
230050046001012,01
230050046001013,01
230050046001014,01
230050046001015,01
230050046001016,01
230050046001017,01
230050046001018,01
230050046001019,01
230050046001020,01
230050046001021,01
230050046001022,01
230050046001023,01
230050046001024,01
230050046001025,01
230050046001026,01
230050046001027,01
230050046001028,01
230050046001029,01
230050046001030,01
230050046001031,01
230050046001032,01
230050046001033,01
230050046001034,01
230050046001035,01
230050046001036,01
230050046001037,01
230050046001038,01
230050046001039,01
230050046001040,01
230050046001041,01
230050046001042,01
230050046001043,01
230050046001044,01
230050046001045,01
230050046001046,01
230050046001047,01
230050046001048,01
230050046001049,01
230050046001050,01
230050046001051,01
230050046001052,01
230050046001053,01
230050046001054,01
230050046001055,01
230050046001056,01
230050046002000,01
230050046002001,01
230050046002002,01
230050046002003,01
230050046002004,01
230050046002005,01
230050046002006,01
230050046002007,01
230050046002008,01
230050046002009,01
230050046002010,01
230050046002011,01
230050046002012,01
230050046002013,01
230050046002014,01
230050046002015,01
230050046002016,01
230050046002017,01
230050046002018,01
230050046002019,01
230050046002020,01
230050046002021,01
230050046002022,01
230050046002023,01
230050046002024,01
230050046002025,01
230050046002026,01
230050046002027,01
230050046002028,01
230050046002029,01
230050046002030,01
230050046002031,01
230050046002032,01
230050046002033,01
230050046002034,01
230050046002035,01
230050046002036,01
230050047011000,01
230050047011001,01
230050047011002,01
230050047011003,01
230050047011004,01
230050047011005,01
230050047011006,01
230050047011007,01
230050047012000,01
230050047012001,01
230050047012002,01
230050047012003,01
230050047012004,01
230050047012005,01
230050047012006,01
230050047012007,01
230050047012008,01
230050047012009,01
230050047012010,01
230050047013000,01
230050047013001,01
230050047013002,01
230050047013003,01
230050047013004,01
230050047013005,01
230050047013006,01
230050047013007,01
230050047013008,01
230050047013009,01
230050047013010,01
230050047013011,01
230050047013012,01
230050047013013,01
230050047013014,01
230050047013015,01
230050047013016,01
230050047013017,01
230050047013018,01
230050047013019,01
230050047013020,01
230050047021000,01
230050047021001,01
230050047021002,01
230050047021003,01
230050047021004,01
230050047021005,01
230050047021006,01
230050047021007,01
230050047021008,01
230050047021009,01
230050047021010,01
230050047021011,01
230050047021012,01
230050047021013,01
230050047021014,01
230050047021015,01
230050047021016,01
230050047021017,01
230050047021018,01
230050047021019,01
230050047021020,01
230050047021021,01
230050047021022,01
230050047021023,01
230050047021024,01
230050047021025,01
230050047021026,01
230050047021027,01
230050047021028,01
230050047021029,01
230050047021030,01
230050047021031,01
230050047021032,01
230050047021033,01
230050047021034,01
230050047021035,01
230050047021036,01
230050047021037,01
230050047021038,01
230050047021039,01
230050047021040,01
230050047021041,01
230050047021042,01
230050047022000,01
230050047022001,01
230050047022002,01
230050047022003,01
230050047022004,01
230050047022005,01
230050047022006,01
230050047022007,01
230050047022008,01
230050047022009,01
230050047022010,01
230050047022011,01
230050047022012,01
230050047022013,01
230050047022014,01
230050047023000,01
230050047023001,01
230050047023002,01
230050047023003,01
230050047023004,01
230050047023005,01
230050047023006,01
230050047023007,01
230050047023008,01
230050047023009,01
230050047023010,01
230050047023011,01
230050047023012,01
230050047023013,01
230050047023014,01
230050047023015,01
230050047023016,01
230050047023017,01
230050047023018,01
230050047023019,01
230050047023020,01
230050047024000,01
230050047024001,01
230050047024002,01
230050047024003,01
230050047024004,01
230050047024005,01
230050047024006,01
230050047024007,01
230050047024008,01
230050047024009,01
230050047024010,01
230050047024011,01
230050047024012,01
230050047024013,01
230050047024014,01
230050047024015,01
230050047024016,01
230050047024017,01
230050047024018,01
230050047024019,01
230050047024020,01
230050047024021,01
230050047024022,01
230050047024023,01
230050047024024,01
230050047024025,01
230050047024026,01
230050047024027,01
230050048021000,01
230050048021001,01
230050048021002,01
230050048021003,01
230050048021004,01
230050048021005,01
230050048021006,01
230050048021007,01
230050048021008,01
230050048021009,01
230050048021010,01
230050048021011,01
230050048021012,01
230050048021013,01
230050048021014,01
230050048021015,01
230050048021016,01
230050048021017,01
230050048021018,01
230050048021019,01
230050048021020,01
230050048021021,01
230050048021022,01
230050048021023,01
230050048021024,01
230050048021025,01
230050048021026,01
230050048021027,01
230050048021028,01
230050048021029,01
230050048021030,01
230050048021031,01
230050048021032,01
230050048021033,01
230050048021034,01
230050048021035,01
230050048021036,01
230050048022000,01
230050048022001,01
230050048022002,01
230050048022003,01
230050048022004,01
230050048022005,01
230050048022006,01
230050048022007,01
230050048022008,01
230050048022009,01
230050048022010,01
230050048022011,01
230050048022012,01
230050048022013,01
230050048022014,01
230050048022015,01
230050048022016,01
230050048022017,01
230050048023000,01
230050048023001,01
230050048023002,01
230050048023003,01
230050048023004,01
230050048023005,01
230050048023006,01
230050048023007,01
230050048023008,01
230050048023009,01
230050048023010,01
230050048023011,01
230050048023012,01
230050048023013,01
230050048023014,01
230050048023015,01
230050048023016,01
230050048023017,01
230050048031000,01
230050048031001,01
230050048031002,01
230050048031003,01
230050048031004,01
230050048031005,01
230050048031006,01
230050048031007,01
230050048031008,01
230050048031009,01
230050048031010,01
230050048031011,01
230050048031012,01
230050048031013,01
230050048031014,01
230050048031015,01
230050048031016,01
230050048031017,01
230050048031018,01
230050048031019,01
230050048031020,01
230050048031021,01
230050048031022,01
230050048031023,01
230050048031024,01
230050048031025,01
230050048031026,01
230050048032000,01
230050048032001,01
230050048032002,01
230050048032003,01
230050048032004,01
230050048032005,01
230050048032006,01
230050048032007,01
230050048032008,01
230050048032009,01
230050048032010,01
230050048032011,01
230050048032012,01
230050048032013,01
230050048032014,01
230050048032015,01
230050048032016,01
230050048032017,01
230050048032018,01
230050048032019,01
230050048032020,01
230050048032021,01
230050048033000,01
230050048033001,01
230050048033002,01
230050048033003,01
230050048033004,01
230050048033005,01
230050048033006,01
230050048033007,01
230050048033008,01
230050048033009,01
230050048033010,01
230050048033011,01
230050048033012,01
230050048033013,01
230050048033014,01
230050048033015,01
230050048033016,01
230050048033017,01
230050048033018,01
230050048033019,01
230050048033020,01
230050048034000,01
230050048034001,01
230050048034002,01
230050048034003,01
230050048034004,01
230050048034005,01
230050048034006,01
230050048034007,01
230050048034008,01
230050048034009,01
230050048034010,01
230050048034011,01
230050048034012,01
230050048034013,01
230050048034014,01
230050048034015,01
230050048034016,01
230050048034017,01
230050048034018,01
230050048034019,01
230050048034020,01
230050048034021,01
230050048034022,01
230050048034023,01
230050048034024,01
230050048034025,01
230050048034026,01
230050048034027,01
230050048041000,01
230050048041001,01
230050048041002,01
230050048041003,01
230050048041004,01
230050048041005,01
230050048041006,01
230050048041007,01
230050048041008,01
230050048041009,01
230050048041010,01
230050048041011,01
230050048041012,01
230050048041013,01
230050048041014,01
230050048041015,01
230050048041016,01
230050048041017,01
230050048041018,01
230050048041019,01
230050048041020,01
230050048041021,01
230050048041022,01
230050048042000,01
230050048042001,01
230050048042002,01
230050048043000,01
230050048043001,01
230050048043002,01
230050048043003,01
230050048043004,01
230050048043005,01
230050048043006,01
230050048043007,01
230050048043008,01
230050048043009,01
230050048043010,01
230050048043011,01
230050048043012,01
230050048043013,01
230050048043014,01
230050048043015,01
230050048043016,01
230050048043017,01
230050048043018,01
230050048043019,01
230050048051000,01
230050048051001,01
230050048051002,01
230050048051003,01
230050048051004,01
230050048051005,01
230050048051006,01
230050048051007,01
230050048051008,01
230050048051009,01
230050048051010,01
230050048051011,01
230050048051012,01
230050048051013,01
230050048051014,01
230050048051015,01
230050048051016,01
230050048051017,01
230050048051018,01
230050048051019,01
230050048051020,01
230050048051021,01
230050048051022,01
230050048051023,01
230050048051024,01
230050048051025,01
230050048051026,01
230050048051027,01
230050048052000,01
230050048052001,01
230050048052002,01
230050048052003,01
230050048052004,01
230050048052005,01
230050048052006,01
230050048052007,01
230050048052008,01
230050048052009,01
230050048052010,01
230050048052011,01
230050048052012,01
230050048052013,01
230050048052014,01
230050048052015,01
230050048052016,01
230050048052017,01
230050048053000,01
230050048053001,01
230050048053002,01
230050048053003,01
230050048053004,01
230050048053005,01
230050048053006,01
230050048053007,01
230050048053008,01
230050048053009,01
230050048053010,01
230050048053011,01
230050111001000,01
230050111001001,01
230050111001002,01
230050111001003,01
230050111001004,01
230050111001005,01
230050111001006,01
230050111001007,01
230050111001008,01
230050111001009,01
230050111001010,01
230050111001011,01
230050111001012,01
230050111001013,01
230050111001014,01
230050111001015,01
230050111001016,01
230050111001017,01
230050111001018,01
230050111001019,01
230050111001020,01
230050111001021,01
230050111001022,01
230050111001023,01
230050111001024,01
230050111001025,01
230050111001026,01
230050111001027,01
230050111001028,01
230050111001029,01
230050111001030,01
230050111001031,01
230050111001032,01
230050111001033,01
230050111001034,01
230050111001035,01
230050111001036,01
230050111001037,01
230050111001038,01
230050111001039,01
230050111001040,01
230050111001041,01
230050111001042,01
230050111001043,01
230050111002000,01
230050111002001,01
230050111002002,01
230050111002003,01
230050111002004,01
230050111002005,01
230050111002006,01
230050111002007,01
230050111002008,01
230050111002009,01
230050111002010,01
230050111002011,01
230050111002012,01
230050111002013,01
230050111002014,01
230050111002015,01
230050111002016,01
230050111002017,01
230050111002018,01
230050111002019,01
230050111002020,01
230050111002021,01
230050111003000,01
230050111003001,01
230050111003002,01
230050111003003,01
230050111003004,01
230050111003005,01
230050111003006,01
230050111003007,01
230050111003008,01
230050111003009,01
230050111003010,01
230050111004000,01
230050111004001,01
230050111004002,01
230050111004003,01
230050111004004,01
230050111004005,01
230050111004006,01
230050111004007,01
230050111004008,01
230050111004009,01
230050111004010,01
230050111004011,01
230050111004012,01
230050111004013,01
230050111004014,01
230050111004015,01
230050111004016,01
230050111004017,01
230050111004018,01
230050111004019,01
230050111004020,01
230050111004021,01
230050111004022,01
230050111004023,01
230050111004024,01
230050111004025,01
230050111004026,01
230050112031000,01
230050112031001,01
230050112031002,01
230050112031003,01
230050112031004,01
230050112031005,01
230050112031006,01
230050112031007,01
230050112031008,01
230050112031009,01
230050112032000,01
230050112032001,01
230050112032002,01
230050112032003,01
230050112032004,01
230050112032005,01
230050112032006,01
230050112032007,01
230050112032008,01
230050112032009,01
230050112032010,01
230050112032011,01
230050112032012,01
230050112032013,01
230050112032014,01
230050112032015,01
230050112032016,01
230050112032017,01
230050112032018,01
230050112032019,01
230050112032020,01
230050112032021,01
230050112032022,01
230050112032023,01
230050112032024,01
230050112033000,01
230050112033001,01
230050112033002,01
230050112033003,01
230050112033004,01
230050112033005,01
230050112033006,01
230050112033007,01
230050112033008,01
230050112033009,01
230050112033010,01
230050112033011,01
230050112033012,01
230050112033013,01
230050112033014,01
230050112033015,01
230050112033016,01
230050112033017,01
230050112033018,01
230050112033019,01
230050112033020,01
230050112033021,01
230050112033022,01
230050112033023,01
230050112041000,01
230050112041001,01
230050112041002,01
230050112041003,01
230050112041004,01
230050112041005,01
230050112041006,01
230050112041007,01
230050112041008,01
230050112041009,01
230050112041010,01
230050112041011,01
230050112041012,01
230050112041013,01
230050112041014,01
230050112041015,01
230050112041016,01
230050112041017,01
230050112041018,01
230050112041019,01
230050112041020,01
230050112041021,01
230050112042000,01
230050112042001,01
230050112042002,01
230050112042003,01
230050112042004,01
230050112042005,01
230050112042006,01
230050112042007,01
230050112042008,01
230050112042009,01
230050112042010,01
230050112043000,01
230050112043001,01
230050112043002,01
230050112043003,01
230050112043004,01
230050112043005,01
230050112043006,01
230050112043007,01
230050112043008,01
230050112043009,01
230050112043010,01
230050112051000,01
230050112051001,01
230050112051002,01
230050112051003,01
230050112051004,01
230050112051005,01
230050112051006,01
230050112051007,01
230050112051008,01
230050112051009,01
230050112051010,01
230050112051011,01
230050112051012,01
230050112051013,01
230050112051014,01
230050112051015,01
230050112051016,01
230050112051017,01
230050112051018,01
230050112051019,01
230050112051020,01
230050112051021,01
230050112051022,01
230050112051023,01
230050112051024,01
230050112051025,01
230050112051026,01
230050112051027,01
230050112051028,01
230050112051029,01
230050112051030,01
230050112051031,01
230050112052000,01
230050112052001,01
230050112052002,01
230050112052003,01
230050112052004,01
230050112052005,01
230050112052006,01
230050112052007,01
230050112052008,01
230050112052009,01
230050112052010,01
230050112052011,01
230050112052012,01
230050112052013,01
230050112052014,01
230050112052015,01
230050112052016,01
230050112052017,01
230050112052018,01
230050112052019,01
230050112052020,01
230050112052021,01
230050112052022,01
230050112052023,01
230050112052024,01
230050112052025,01
230050112052026,01
230050112052027,01
230050112052028,01
230050112052029,01
230050112052030,01
230050112052031,01
230050112052032,01
230050112053000,01
230050112053001,01
230050112053002,01
230050112053003,01
230050112053004,01
230050112053005,01
230050112053006,01
230050112053007,01
230050112053008,01
230050112053009,01
230050112053010,01
230050112053011,01
230050112053012,01
230050112053013,01
230050112053014,01
230050112053015,01
230050112053016,01
230050112053017,01
230050112053018,01
230050112053019,01
230050112053020,01
230050112053021,01
230050112053022,01
230050112053023,01
230050112061000,01
230050112061001,01
230050112061002,01
230050112061003,01
230050112061004,01
230050112061005,01
230050112061006,01
230050112061007,01
230050112061008,01
230050112061009,01
230050112061010,01
230050112061011,01
230050112061012,01
230050112061013,01
230050112061014,01
230050112061015,01
230050112061016,01
230050112061017,01
230050112061018,01
230050112061019,01
230050112061020,01
230050112061021,01
230050112061022,01
230050112061023,01
230050112061024,01
230050112061025,01
230050112061026,01
230050112061027,01
230050112061028,01
230050112061029,01
230050112061030,01
230050112061031,01
230050112061032,01
230050112061033,01
230050112062000,01
230050112062001,01
230050112062002,01
230050112062003,01
230050112062004,01
230050112062005,01
230050112062006,01
230050112062007,01
230050112062008,01
230050112062009,01
230050112062010,01
230050112062011,01
230050112062012,01
230050112062013,01
230050112062014,01
230050112062015,01
230050112062016,01
230050112062017,01
230050112062018,01
230050112062019,01
230050113001000,01
230050113001001,01
230050113001002,01
230050113001003,01
230050113001004,01
230050113001005,01
230050113001006,01
230050113001007,01
230050113001008,01
230050113001009,01
230050113001010,01
230050113001011,01
230050113001012,01
230050113001013,01
230050113001014,01
230050113001015,01
230050113001016,01
230050113001017,01
230050113001018,01
230050113001019,01
230050113001020,01
230050113002000,01
230050113002001,01
230050113002002,01
230050113002003,01
230050113002004,01
230050113002005,01
230050113002006,01
230050113002007,01
230050113002008,01
230050113002009,01
230050113002010,01
230050113002011,01
230050113002012,01
230050113002013,01
230050113002014,01
230050113002015,01
230050113002016,01
230050113002017,01
230050113002018,01
230050113002019,01
230050115001000,01
230050115001001,01
230050115001002,01
230050115001003,01
230050115001004,01
230050115001005,01
230050115001006,01
230050115001007,01
230050115001008,01
230050115001009,01
230050115001010,01
230050115001011,01
230050115001012,01
230050115001013,01
230050115001014,01
230050115001015,01
230050115001016,01
230050115001017,01
230050115001018,01
230050115001019,01
230050115001020,01
230050115001021,01
230050115001022,01
230050115001023,01
230050115001024,01
230050115001025,01
230050115001026,01
230050115001027,01
230050115001028,01
230050115001029,01
230050115001030,01
230050115001031,01
230050115001032,01
230050115001033,01
230050115001034,01
230050115001035,01
230050115001036,01
230050115001037,01
230050115001038,01
230050115001039,01
230050115001040,01
230050115001041,01
230050115001042,01
230050115001043,01
230050115001044,01
230050115002000,01
230050115002001,01
230050115002002,01
230050115002003,01
230050115002004,01
230050115002005,01
230050115002006,01
230050115002007,01
230050115002008,01
230050115002009,01
230050115002010,01
230050115002011,01
230050115002012,01
230050115002013,01
230050115002014,01
230050115002015,01
230050115002016,01
230050115002017,01
230050115002018,01
230050115002019,01
230050115003000,01
230050115003001,01
230050115003002,01
230050115003003,01
230050115003004,01
230050115003005,01
230050115003006,01
230050115003007,01
230050115003008,01
230050115003009,01
230050115003010,01
230050115003011,01
230050115003012,01
230050115003013,01
230050115003014,01
230050115003015,01
230050115003016,01
230050115003017,01
230050115004000,01
230050115004001,01
230050115004002,01
230050115004003,01
230050115004004,01
230050115004005,01
230050115004006,01
230050115004007,01
230050115004008,01
230050115004009,01
230050115004010,01
230050115004011,01
230050115004012,01
230050115004013,01
230050115004014,01
230050115004015,01
230050115004016,01
230050115004017,01
230050115004018,01
230050115004019,01
230050115004020,01
230050115004021,01
230050115004022,01
230050115004023,01
230050115004024,01
230050115004025,01
230050115004026,01
230050115004027,01
230050115004028,01
230050115004029,01
230050115004030,01
230050115004031,01
230050115004032,01
230050115004033,01
230050115004034,01
230050115004035,01
230050115004036,01
230050115004037,01
230050115004038,01
230050115004039,01
230050115005000,01
230050115005001,01
230050115005002,01
230050115005003,01
230050115005004,01
230050115005005,01
230050115005006,01
230050115005007,01
230050115005008,01
230050115005009,01
230050115005010,01
230050115005011,01
230050115005012,01
230050115005013,01
230050115005014,01
230050115005015,01
230050115005016,01
230050115005017,01
230050115005018,01
230050115005019,01
230050115005020,01
230050115005021,01
230050115005022,01
230050115005023,01
230050115005024,01
230050115005025,01
230050115005026,01
230050115005027,01
230050115005028,01
230050115005029,01
230050115005030,01
230050115005031,01
230050115005032,01
230050115005033,01
230050115005034,01
230050115005035,01
230050115005036,01
230050115005037,01
230050115005038,01
230050115005039,01
230050115005040,01
230050115005041,01
230050115005042,01
230050115005043,01
230050115005044,01
230050115005045,01
230050115005046,01
230050115005047,01
230050115005048,01
230050115005049,01
230050115005050,01
230050115005051,01
230050115005052,01
230050115005053,01
230050115005054,01
230050115005055,01
230050115005056,01
230050115005057,01
230050115005058,01
230050115005059,01
230050115005060,01
230050115005061,01
230050115005062,01
230050115005063,01
230050115005064,01
230050115005065,01
230050115005066,01
230050115005067,01
230050115005068,01
230050115005069,01
230050115005070,01
230050115005071,01
230050115005072,01
230050120011000,01
230050120011001,01
230050120011002,01
230050120011003,01
230050120011004,01
230050120011005,01
230050120011006,01
230050120011007,01
230050120011008,01
230050120011009,01
230050120011010,01
230050120011011,01
230050120011012,01
230050120011013,01
230050120011014,01
230050120011015,01
230050120011016,01
230050120011017,01
230050120011018,01
230050120011019,01
230050120011020,01
230050120011021,01
230050120011022,01
230050120011023,01
230050120011024,01
230050120011025,01
230050120011026,01
230050120011027,01
230050120011028,01
230050120011029,01
230050120011030,01
230050120011031,01
230050120011032,01
230050120021000,01
230050120021001,01
230050120021002,01
230050120021003,01
230050120021004,01
230050120021005,01
230050120021006,01
230050120021007,01
230050120021008,01
230050120021009,01
230050120021010,01
230050120021011,01
230050120021012,01
230050120021013,01
230050120021014,01
230050120021015,01
230050120021016,01
230050120021017,01
230050120021018,01
230050120021019,01
230050120021020,01
230050120021021,01
230050120021022,01
230050120021023,01
230050120021024,01
230050120021025,01
230050120021026,01
230050120021027,01
230050120021028,01
230050120021029,01
230050120021030,01
230050120021031,01
230050120021032,01
230050120021033,01
230050120021034,01
230050120021035,01
230050120021036,01
230050120021037,01
230050120021038,01
230050120021039,01
230050120021040,01
230050120022000,01
230050120022001,01
230050120022002,01
230050120022003,01
230050120022004,01
230050120022005,01
230050120022006,01
230050120022007,01
230050120022008,01
230050120022009,01
230050120022010,01
230050120022011,01
230050120022012,01
230050120022013,01
230050120023000,01
230050120023001,01
230050120023002,01
230050120023003,01
230050120023004,01
230050120023005,01
230050120023006,01
230050120023007,01
230050120023008,01
230050120023009,01
230050120023010,01
230050120023011,01
230050120023012,01
230050120023013,01
230050120023014,01
230050120023015,01
230050120023016,01
230050120023017,01
230050120023018,01
230050120023019,01
230050120023020,01
230050120023021,01
230050120023022,01
230050120023023,01
230050120023024,01
230050120023025,01
230050120023026,01
230050120023027,01
230050130011000,01
230050130011001,01
230050130011002,01
230050130011003,01
230050130011004,01
230050130011005,01
230050130011006,01
230050130011007,01
230050130011008,01
230050130011009,01
230050130011010,01
230050130011011,01
230050130011012,01
230050130011013,01
230050130011014,01
230050130011015,01
230050130011016,01
230050130011017,01
230050130011018,01
230050130011019,01
230050130011020,01
230050130012000,01
230050130012001,01
230050130012002,01
230050130012003,01
230050130012004,01
230050130012005,01
230050130012006,01
230050130012007,01
230050130012008,01
230050130012009,01
230050130012010,01
230050130012011,01
230050130012012,01
230050130012013,01
230050130012014,01
230050130012015,01
230050130012016,01
230050130012017,01
230050130012018,01
230050130012019,01
230050130012020,01
230050130012021,01
230050130012022,01
230050130012023,01
230050130012024,01
230050130012025,01
230050130012026,01
230050130012027,01
230050130012028,01
230050130012029,01
230050130012030,01
230050130012031,01
230050130021000,01
230050130021001,01
230050130021002,01
230050130021003,01
230050130021004,01
230050130021005,01
230050130021006,01
230050130021007,01
230050130021008,01
230050130021009,01
230050130021010,01
230050130021011,01
230050130021012,01
230050130021013,01
230050130021014,01
230050130021015,01
230050130021016,01
230050130021017,01
230050130021018,01
230050130021019,01
230050130021020,01
230050130021021,01
230050130021022,01
230050130021023,01
230050130021024,01
230050130021025,01
230050130021026,01
230050130021027,01
230050130021028,01
230050130021029,01
230050130022000,01
230050130022001,01
230050130022002,01
230050130022003,01
230050130022004,01
230050130022005,01
230050130022006,01
230050130022007,01
230050130022008,01
230050130022009,01
230050130022010,01
230050130022011,01
230050130022012,01
230050130022013,01
230050130022014,01
230050130022015,01
230050130022016,01
230050130022017,01
230050130022018,01
230050130022019,01
230050130022020,01
230050130022021,01
230050130022022,01
230050130022023,01
230050130022024,01
230050130022025,01
230050130022026,01
230050130022027,01
230050130022028,01
230050130022029,01
230050130022030,01
230050130022031,01
230050130022032,01
230050140011000,01
230050140011001,01
230050140011002,01
230050140011003,01
230050140011004,01
230050140011005,01
230050140011006,01
230050140011007,01
230050140011008,01
230050140011009,01
230050140011010,01
230050140011011,01
230050140011012,01
230050140011013,01
230050140011014,01
230050140011015,01
230050140011016,01
230050140011017,01
230050140011018,01
230050140011019,01
230050140011020,01
230050140011021,01
230050140011022,01
230050140011023,01
230050140011024,01
230050140011025,01
230050140011026,01
230050140011027,01
230050140011028,01
230050140011029,01
230050140011030,01
230050140011031,01
230050140011032,01
230050140011033,01
230050140011034,01
230050140012000,01
230050140012001,01
230050140012002,01
230050140012003,01
230050140012004,01
230050140012005,01
230050140012006,01
230050140012007,01
230050140012008,01
230050140012009,01
230050140012010,01
230050140012011,01
230050140012012,01
230050140012013,01
230050140012014,01
230050140012015,01
230050140012016,01
230050140012017,01
230050140012018,01
230050140012019,01
230050140012020,01
230050140012021,01
230050140012022,01
230050140012023,01
230050140012024,01
230050140012025,01
230050140012026,01
230050140012027,01
230050140012028,01
230050140012029,01
230050140012030,01
230050140012031,01
230050140012032,01
230050140012033,01
230050140012034,01
230050140012035,01
230050140012036,01
230050140012037,01
230050140012038,01
230050140012039,01
230050140012040,01
230050140012041,01
230050140012042,01
230050140012043,01
230050140012044,01
230050140012045,01
230050140012046,01
230050140012047,01
230050140012048,01
230050140012049,01
230050140012050,01
230050140012051,01
230050140021000,01
230050140021001,01
230050140021002,01
230050140021003,01
230050140021004,01
230050140021005,01
230050140021006,01
230050140021007,01
230050140021008,01
230050140021009,01
230050140021010,01
230050140021011,01
230050140021012,01
230050140021013,01
230050140021014,01
230050140021015,01
230050140021016,01
230050140021017,01
230050140021018,01
230050140021019,01
230050140021020,01
230050140021021,01
230050140021022,01
230050140021023,01
230050140021024,01
230050140021025,01
230050140021026,01
230050140021027,01
230050140021028,01
230050140021029,01
230050140021030,01
230050140022000,01
230050140022001,01
230050140022002,01
230050140022003,01
230050140022004,01
230050140022005,01
230050140022006,01
230050140022007,01
230050140022008,01
230050140022009,01
230050140022010,01
230050140022011,01
230050140022012,01
230050140022013,01
230050140022014,01
230050140022015,01
230050140022016,01
230050140022017,01
230050140022018,01
230050140022019,01
230050140022020,01
230050140022021,01
230050140022022,01
230050140022023,01
230050140022024,01
230050140022025,01
230050150001000,01
230050150001001,01
230050150001002,01
230050150001003,01
230050150001004,01
230050150001005,01
230050150001006,01
230050150001007,01
230050150001008,01
230050150001009,01
230050150001010,01
230050150001011,01
230050150001012,01
230050150001013,01
230050150001014,01
230050150001015,01
230050150001016,01
230050150001017,01
230050150001018,01
230050150001019,01
230050150001020,01
230050150001021,01
230050150001022,01
230050150001023,01
230050150001024,01
230050150001025,01
230050150001026,01
230050150001027,01
230050150002000,01
230050150002001,01
230050150002002,01
230050150002003,01
230050150002004,01
230050150002005,01
230050150002006,01
230050150002007,01
230050150002008,01
230050150002009,01
230050150002010,01
230050150002011,01
230050150002012,01
230050150002013,01
230050150002014,01
230050150002015,01
230050150002016,01
230050150002017,01
230050150002018,01
230050150002019,01
230050150002020,01
230050150002021,01
230050150002022,01
230050150002023,01
230050150002024,01
230050150002025,01
230050150002026,01
230050150002027,01
230050150002028,01
230050150002029,01
230050150002030,01
230050150003000,01
230050150003001,01
230050150003002,01
230050150003003,01
230050150003004,01
230050150003005,01
230050150003006,01
230050150003007,01
230050150003008,01
230050150003009,01
230050150003010,01
230050150003011,01
230050150003012,01
230050150003013,01
230050150003014,01
230050150003015,01
230050150003016,01
230050150003017,01
230050160011000,01
230050160011001,01
230050160011002,01
230050160011003,01
230050160011004,01
230050160011005,01
230050160011006,01
230050160011007,01
230050160011008,01
230050160011009,01
230050160011010,01
230050160011011,01
230050160011012,01
230050160011013,01
230050160011014,01
230050160011015,01
230050160011016,01
230050160011017,01
230050160011018,01
230050160011019,01
230050160011020,01
230050160011021,01
230050160011022,01
230050160011023,01
230050160011024,01
230050160011025,01
230050160011026,01
230050160011027,01
230050160011028,01
230050160011029,01
230050160011030,01
230050160011031,01
230050160011032,01
230050160011033,01
230050160011034,01
230050160011035,01
230050160011036,01
230050160011037,01
230050160011038,01
230050160011039,01
230050160011040,01
230050160011041,01
230050160011042,01
230050160011043,01
230050160012000,01
230050160012001,01
230050160012002,01
230050160012003,01
230050160012004,01
230050160012005,01
230050160012006,01
230050160012007,01
230050160012008,01
230050160012009,01
230050160012010,01
230050160012011,01
230050160012012,01
230050160012013,01
230050160012014,01
230050160012015,01
230050160012016,01
230050160012017,01
230050160012018,01
230050160012019,01
230050160012020,01
230050160012021,01
230050160012022,01
230050160012023,01
230050160012024,01
230050160012025,01
230050160012026,01
230050160012027,01
230050160012028,01
230050160012029,01
230050160012030,01
230050160012031,01
230050160012032,01
230050160012033,01
230050160012034,01
230050160012035,01
230050160012036,01
230050160012037,01
230050160012038,01
230050160012039,01
230050160012040,01
230050160012041,01
230050160012042,01
230050160012043,01
230050160013000,01
230050160013001,01
230050160013002,01
230050160013003,01
230050160013004,01
230050160013005,01
230050160013006,01
230050160013007,01
230050160013008,01
230050160013009,01
230050160013010,01
230050160013011,01
230050160013012,01
230050160013013,01
230050160013014,01
230050160013015,01
230050160013016,01
230050160013017,01
230050160013018,01
230050160013019,01
230050160013020,01
230050160013021,01
230050160013022,01
230050160013023,01
230050160013024,01
230050160013025,01
230050160013026,01
230050160013027,01
230050160014000,01
230050160014001,01
230050160014002,01
230050160014003,01
230050160014004,01
230050160014005,01
230050160014006,01
230050160014007,01
230050160014008,01
230050160014009,01
230050160014010,01
230050160014011,01
230050160021000,01
230050160021001,01
230050160021002,01
230050160021003,01
230050160021004,01
230050160021005,01
230050160021006,01
230050160021007,01
230050160021008,01
230050160021009,01
230050160021010,01
230050160021011,01
230050160021012,01
230050160021013,01
230050160021014,01
230050160021015,01
230050160021016,01
230050160021017,01
230050160021018,01
230050160021019,01
230050160021020,01
230050160021021,01
230050160021022,01
230050160021023,01
230050160021024,01
230050160021025,01
230050160021026,01
230050160021027,01
230050160021028,01
230050160021029,01
230050160021030,01
230050160021031,01
230050160021032,01
230050160021033,01
230050160021034,01
230050160021035,01
230050160021036,01
230050160021037,01
230050160021038,01
230050160021039,01
230050160021040,01
230050160021041,01
230050160021042,01
230050160021043,01
230050160022000,01
230050160022001,01
230050160022002,01
230050160022003,01
230050160022004,01
230050160022005,01
230050160022006,01
230050160022007,01
230050160022008,01
230050160022009,01
230050160022010,01
230050160022011,01
230050160022012,01
230050160022013,01
230050160022014,01
230050160022015,01
230050160022016,01
230050160022017,01
230050160022018,01
230050160022019,01
230050160022020,01
230050160022021,01
230050160022022,01
230050160022023,01
230050160022024,01
230050160023000,01
230050160023001,01
230050160023002,01
230050160023003,01
230050160023004,01
230050160023005,01
230050160023006,01
230050160023007,01
230050160023008,01
230050160023009,01
230050160023010,01
230050160023011,01
230050160023012,01
230050160023013,01
230050160023014,01
230050160023015,01
230050160023016,01
230050160023017,01
230050160023018,01
230050160023019,01
230050160023020,01
230050160023021,01
230050160023022,01
230050160023023,01
230050160023024,01
230050160023025,01
230050160023026,01
230050160023027,01
230050165001000,01
230050165001001,01
230050165001002,01
230050165001003,01
230050165001004,01
230050165001005,01
230050165001006,01
230050165001007,01
230050165001008,01
230050165001009,01
230050165001010,01
230050165001011,01
230050165001012,01
230050165001013,01
230050165001014,01
230050165001015,01
230050165001016,01
230050165001017,01
230050165001018,01
230050165001019,01
230050165001020,01
230050165001021,01
230050165001022,01
230050165001023,01
230050165001024,01
230050165001025,01
230050165001026,01
230050165001027,01
230050165002000,01
230050165002001,01
230050165002002,01
230050165002003,01
230050165002004,01
230050165002005,01
230050165002006,01
230050165002007,01
230050165002008,01
230050165002009,01
230050165002010,01
230050165002011,01
230050165002012,01
230050165002013,01
230050165002014,01
230050165002015,01
230050165002016,01
230050165002017,01
230050165002018,01
230050165002019,01
230050165002020,01
230050165002021,01
230050165002022,01
230050165002023,01
230050165002024,01
230050165002025,01
230050165002026,01
230050165002027,01
230050165002028,01
230050165002029,01
230050165002030,01
230050165002031,01
230050165002032,01
230050165003000,01
230050165003001,01
230050165003002,01
230050165003003,01
230050165003004,01
230050165003005,01
230050165003006,01
230050165003007,01
230050165003008,01
230050165003009,01
230050165003010,01
230050165003011,01
230050165003012,01
230050165003013,01
230050165003014,01
230050165003015,01
230050165003016,01
230050165003017,01
230050165003018,01
230050165003019,01
230050165003020,01
230050165003021,01
230050165003022,01
230050165003023,01
230050165003024,01
230050165003025,01
230050165003026,01
230050165003027,01
230050165003028,01
230050165003029,01
230050165003030,01
230050165003031,01
230050165003032,01
230050165003033,01
230050165003034,01
230050165003035,01
230050165003036,01
230050165003037,01
230050165003038,01
230050165003039,01
230050165003040,01
230050165003041,01
230050165003042,01
230050165003043,01
230050165003044,01
230050165003045,01
230050165003046,01
230050165003047,01
230050165003048,01
230050165003049,01
230050165003050,01
230050165003051,01
230050165003052,01
230050165003053,01
230050165003054,01
230050165003055,01
230050165003056,01
230050165003057,01
230050165003058,01
230050165003059,01
230050165003060,01
230050165003061,01
230050165003062,01
230050165003063,01
230050165003064,01
230050165003065,01
230050165003066,01
230050165003067,01
230050165003068,01
230050165003069,01
230050165003070,01
230050165003071,01
230050165003072,01
230050165003073,01
230050165003074,01
230050165003075,01
230050165003076,01
230050165003077,01
230050165003078,01
230050165003079,01
230050165003080,01
230050165003081,01
230050165003082,01
230050165003083,01
230050170021000,01
230050170021001,01
230050170021002,01
230050170021003,01
230050170021004,01
230050170021005,01
230050170021006,01
230050170021007,01
230050170021008,01
230050170021009,01
230050170021010,01
230050170021011,01
230050170021012,01
230050170021013,01
230050170021014,01
230050170021015,01
230050170021016,01
230050170021017,01
230050170021018,01
230050170021019,01
230050170021020,01
230050170021021,01
230050170021022,01
230050170021023,01
230050170021024,01
230050170021025,01
230050170021026,01
230050170021027,01
230050170021028,01
230050170021029,01
230050170021030,01
230050170021031,01
230050170021032,01
230050170021033,01
230050170021034,01
230050170021035,01
230050170021036,01
230050170021037,01
230050170021038,01
230050170022000,01
230050170022001,01
230050170022002,01
230050170022003,01
230050170022004,01
230050170022005,01
230050170022006,01
230050170022007,01
230050170022008,01
230050170022009,01
230050170022010,01
230050170022011,01
230050170022012,01
230050170022013,01
230050170022014,01
230050170022015,01
230050170022016,01
230050170022017,01
230050170022018,01
230050170022019,01
230050170022020,01
230050170022021,01
230050170022022,01
230050170022023,01
230050170022024,01
230050170022025,01
230050170022026,01
230050170022027,01
230050170022028,01
230050170022029,01
230050170022030,01
230050170022031,01
230050170022032,01
230050170022033,01
230050170022034,01
230050170023000,01
230050170023001,01
230050170023002,01
230050170023003,01
230050170023004,01
230050170023005,01
230050170023006,01
230050170023007,01
230050170023008,01
230050170023009,01
230050170023010,01
230050170023011,01
230050170023012,01
230050170031000,01
230050170031001,01
230050170031002,01
230050170031003,01
230050170031004,01
230050170031005,01
230050170031006,01
230050170031007,01
230050170031008,01
230050170031009,01
230050170031010,01
230050170031011,01
230050170031012,01
230050170031013,01
230050170031014,01
230050170031015,01
230050170031016,01
230050170031017,01
230050170031018,01
230050170031019,01
230050170031020,01
230050170031021,01
230050170031022,01
230050170031023,01
230050170031024,01
230050170032000,01
230050170032001,01
230050170032002,01
230050170032003,01
230050170032004,01
230050170032005,01
230050170032006,01
230050170032007,01
230050170032008,01
230050170032009,01
230050170032010,01
230050170032011,01
230050170032012,01
230050170032013,01
230050170032014,01
230050170032015,01
230050170032016,01
230050170032017,01
230050170032018,01
230050170032019,01
230050170032020,01
230050170032021,01
230050170032022,01
230050170033000,01
230050170033001,01
230050170033002,01
230050170033003,01
230050170033004,01
230050170033005,01
230050170033006,01
230050170033007,01
230050170033008,01
230050170033009,01
230050170033010,01
230050170033011,01
230050170033012,01
230050170033013,01
230050170033014,01
230050170033015,01
230050170033016,01
230050170033017,01
230050170033018,01
230050170033019,01
230050170033020,01
230050170033021,01
230050170033022,01
230050170033023,01
230050170033024,01
230050170033025,01
230050170033026,01
230050170033027,01
230050170033028,01
230050170033029,01
230050170041000,01
230050170041001,01
230050170041002,01
230050170041003,01
230050170041004,01
230050170041005,01
230050170041006,01
230050170041007,01
230050170041008,01
230050170041009,01
230050170041010,01
230050170041011,01
230050170041012,01
230050170041013,01
230050170041014,01
230050170041015,01
230050170041016,01
230050170041017,01
230050170041018,01
230050170041019,01
230050170041020,01
230050170041021,01
230050170041022,01
230050170041023,01
230050170041024,01
230050170041025,01
230050170041026,01
230050170041027,01
230050170041028,01
230050170041029,01
230050170041030,01
230050170042000,01
230050170042001,01
230050170042002,01
230050170042003,01
230050170042004,01
230050170042005,01
230050170042006,01
230050170042007,01
230050170042008,01
230050170042009,01
230050170042010,01
230050170042011,01
230050170042012,01
230050170042013,01
230050170042014,01
230050170042015,01
230050170042016,01
230050170042017,01
230050170042018,01
230050170042019,01
230050170042020,01
230050170042021,01
230050170042022,01
230050170042023,01
230050170042024,01
230050170042025,01
230050170042026,01
230050170042027,01
230050170042028,01
230050170042029,01
230050170042030,01
230050170042031,01
230050170042032,01
230050170042033,01
230050170042034,01
230050170042035,01
230050170042036,01
230050170042037,01
230050170042038,01
230050170042039,01
230050171011000,01
230050171011001,01
230050171011002,01
230050171011003,01
230050171011004,01
230050171011005,01
230050171011006,01
230050171011007,01
230050171011008,01
230050171011009,01
230050171011010,01
230050171011011,01
230050171011012,01
230050171011013,01
230050171011014,01
230050171011015,01
230050171011016,01
230050171012000,01
230050171012001,01
230050171012002,01
230050171012003,01
230050171012004,01
230050171012005,01
230050171012006,01
230050171012007,01
230050171012008,01
230050171012009,01
230050171012010,01
230050171012011,01
230050171012012,01
230050171012013,01
230050171012014,01
230050171012015,01
230050171012016,01
230050171012017,01
230050171012018,01
230050171012019,01
230050171012020,01
230050171012021,01
230050171012022,01
230050171012023,01
230050171021000,01
230050171021001,01
230050171021002,01
230050171021003,01
230050171021004,01
230050171021005,01
230050171021006,01
230050171021007,01
230050171021008,01
230050171021009,01
230050171021010,01
230050171021011,01
230050171021012,01
230050171021013,01
230050171021014,01
230050171021015,01
230050171021016,01
230050171021017,01
230050171021018,01
230050171021019,01
230050171021020,01
230050171021021,01
230050171021022,01
230050171021023,01
230050171021024,01
230050171021025,01
230050171021026,01
230050171022000,01
230050171022001,01
230050171022002,01
230050171022003,01
230050171022004,01
230050171022005,01
230050171022006,01
230050171022007,01
230050171022008,01
230050171022009,01
230050171022010,01
230050171022011,01
230050171022012,01
230050171022013,01
230050171022014,01
230050171022015,01
230050171022016,01
230050171022017,01
230050171022018,01
230050171022019,01
230050171022020,01
230050171022021,01
230050171022022,01
230050171022023,01
230050171022024,01
230050171022025,01
230050171022026,01
230050171022027,01
230050171022028,01
230050171022029,01
230050171023000,01
230050171023001,01
230050171023002,01
230050171023003,01
230050171023004,01
230050171023005,01
230050171023006,01
230050171023007,01
230050171023008,01
230050171023009,01
230050171023010,01
230050171023011,01
230050171023012,01
230050171023013,01
230050171023014,01
230050171023015,01
230050171023016,01
230050171023017,01
230050171023018,01
230050171023019,01
230050173031000,01
230050173031001,01
230050173031002,01
230050173031003,01
230050173031004,01
230050173031005,01
230050173031006,01
230050173031007,01
230050173031008,01
230050173031009,01
230050173031010,01
230050173031011,01
230050173031012,01
230050173031013,01
230050173031014,01
230050173031015,01
230050173031016,01
230050173031017,01
230050173031018,01
230050173031019,01
230050173031020,01
230050173031021,01
230050173031022,01
230050173031023,01
230050173032000,01
230050173032001,01
230050173032002,01
230050173032003,01
230050173032004,01
230050173032005,01
230050173032006,01
230050173032007,01
230050173032008,01
230050173032009,01
230050173032010,01
230050173032011,01
230050173032012,01
230050173032013,01
230050173032014,01
230050173032015,01
230050173032016,01
230050173032017,01
230050173032018,01
230050173032019,01
230050173032020,01
230050173032021,01
230050173032022,01
230050173032023,01
230050173033000,01
230050173033001,01
230050173033002,01
230050173033003,01
230050173033004,01
230050173033005,01
230050173033006,01
230050173033007,01
230050173033008,01
230050173033009,01
230050173033010,01
230050173033011,01
230050173033012,01
230050173033013,01
230050173051000,01
230050173051001,01
230050173051002,01
230050173051003,01
230050173051004,01
230050173051005,01
230050173051006,01
230050173051007,01
230050173051008,01
230050173051009,01
230050173051010,01
230050173051011,01
230050173051012,01
230050173051013,01
230050173051014,01
230050173051015,01
230050173051016,01
230050173051017,01
230050173051018,01
230050173051019,01
230050173051020,01
230050173051021,01
230050173051022,01
230050173051023,01
230050173051024,01
230050173051025,01
230050173051026,01
230050173052000,01
230050173052001,01
230050173052002,01
230050173052003,01
230050173052004,01
230050173052005,01
230050173052006,01
230050173052007,01
230050173052008,01
230050173052009,01
230050173052010,01
230050173052011,01
230050173052012,01
230050173052013,01
230050173052014,01
230050173052015,01
230050173052016,01
230050173052017,01
230050173052018,01
230050173052019,01
230050173052020,01
230050173052021,01
230050173052022,01
230050173052023,01
230050173053000,01
230050173053001,01
230050173053002,01
230050173053003,01
230050173053004,01
230050173053005,01
230050173053006,01
230050173053007,01
230050173053008,01
230050173053009,01
230050173053010,01
230050173053011,01
230050173053012,01
230050173053013,01
230050173053014,01
230050173053015,01
230050173053016,01
230050173053017,01
230050173053018,01
230050173053019,01
230050173053020,01
230050173053021,01
230050173053022,01
230050173053023,01
230050173053024,01
230050173053025,01
230050173053026,01
230050173053027,01
230050173053028,01
230050173053029,01
230050173053030,01
230050173053031,01
230050173053032,01
230050173053033,01
230050173053034,01
230050173053035,01
230050173053036,01
230050173053037,01
230050173053038,01
230050173053039,01
230050173053040,01
230050173053041,01
230050173053042,01
230050173053043,01
230050173053044,01
230050173053045,01
230050173061000,01
230050173061001,01
230050173061002,01
230050173061003,01
230050173061004,01
230050173061005,01
230050173061006,01
230050173061007,01
230050173061008,01
230050173061009,01
230050173061010,01
230050173061011,01
230050173061012,01
230050173061013,01
230050173061014,01
230050173061015,01
230050173061016,01
230050173061017,01
230050173061018,01
230050173061019,01
230050173061020,01
230050173061021,01
230050173061022,01
230050173061023,01
230050173061024,01
230050173061025,01
230050173062000,01
230050173062001,01
230050173062002,01
230050173062003,01
230050173062004,01
230050173062005,01
230050173062006,01
230050173062007,01
230050173062008,01
230050173062009,01
230050173062010,01
230050173062011,01
230050173062012,01
230050173062013,01
230050173062014,01
230050173062015,01
230050173062016,01
230050173062017,01
230050173062018,01
230050173062019,01
230050173062020,01
230050173062021,01
230050173062022,01
230050173062023,01
230050173062024,01
230050173062025,01
230050173062026,01
230050173062027,01
230050173063000,01
230050173063001,01
230050173063002,01
230050173063003,01
230050173063004,01
230050173063005,01
230050173063006,01
230050173063007,01
230050173063008,01
230050173063009,01
230050173063010,01
230050173063011,01
230050173063012,01
230050173063013,01
230050173063014,01
230050173063015,01
230050173063016,01
230050173063017,01
230050173063018,01
230050173063019,01
230050173063020,01
230050173063021,01
230050173063022,01
230050173063023,01
230050173063024,01
230050173063025,01
230050173071000,01
230050173071001,01
230050173071002,01
230050173071003,01
230050173071004,01
230050173071005,01
230050173071006,01
230050173071007,01
230050173071008,01
230050173071009,01
230050173071010,01
230050173071011,01
230050173071012,01
230050173071013,01
230050173071014,01
230050173071015,01
230050173071016,01
230050173071017,01
230050173071018,01
230050173071019,01
230050173071020,01
230050173071021,01
230050173071022,01
230050173071023,01
230050173071024,01
230050173072000,01
230050173072001,01
230050173072002,01
230050173072003,01
230050173072004,01
230050173072005,01
230050173072006,01
230050173072007,01
230050173072008,01
230050173072009,01
230050173072010,01
230050173072011,01
230050173072012,01
230050173072013,01
230050173072014,01
230050173072015,01
230050173072016,01
230050173072017,01
230050173072018,01
230050173072019,01
230050173072020,01
230050173072021,01
230050173072022,01
230050173072023,01
230050173081000,01
230050173081001,01
230050173081002,01
230050173081003,01
230050173081004,01
230050173081005,01
230050173081006,01
230050173081007,01
230050173081008,01
230050173081009,01
230050173081010,01
230050173081011,01
230050173081012,01
230050173081013,01
230050173081014,01
230050173082000,01
230050173082001,01
230050173082002,01
230050173082003,01
230050173082004,01
230050173082005,01
230050173082006,01
230050173082007,01
230050173082008,01
230050173082009,01
230050173082010,01
230050173082011,01
230050173082012,01
230050173082013,01
230050173082014,01
230050173082015,01
230050173082016,01
230050173082017,01
230050173082018,01
230050173082019,01
230050173082020,01
230050173082021,01
230050173082022,01
230050173082023,01
230050173082024,01
230050173082025,01
230050173082026,01
230050173082027,01
230050173082028,01
230050173083000,01
230050173083001,01
230050173083002,01
230050173083003,01
230050173083004,01
230050173083005,01
230050173083006,01
230050173083007,01
230050173083008,01
230050173083009,01
230050173083010,01
230050173083011,01
230050173083012,01
230050173083013,01
230050173083014,01
230050173083015,01
230050173083016,01
230050173083017,01
230050173083018,01
230050173083019,01
230050173083020,01
230050173083021,01
230050173083022,01
230050173083023,01
230050173083024,01
230050173083025,01
230050173083026,01
230050173083027,01
230050173083028,01
230050173083029,01
230050173083030,01
230050173083031,01
230050173083032,01
230050173083033,01
230050173083034,01
230050173083035,01
230050173083036,01
230050173083037,01
230050173083038,01
230050173083039,01
230050173083040,01
230050173083041,01
230050173083042,01
230050173083043,01
230059900000001,01
230059900000002,01
230059900000003,01
230059900000004,01
230059900000005,01
230059900000006,01
230059900000007,01
230059900000008,01
230059900000009,01
230059900000010,01
230059900000011,01
230059900000012,01
230059900000013,01
230059900000014,01
230059900000015,01
230059900000016,01
230059900000017,01
230059900000018,01
230059900000019,01
230059900000020,01
230059900000021,01
230059900000022,01
230059900000023,01
230059900000024,01
230059900000025,01
230079701011000,02
230079701011001,02
230079701011002,02
230079701011003,02
230079701011004,02
230079701011005,02
230079701011006,02
230079701011007,02
230079701011008,02
230079701011009,02
230079701011010,02
230079701011011,02
230079701011012,02
230079701011013,02
230079701011014,02
230079701011015,02
230079701011016,02
230079701011017,02
230079701011018,02
230079701011019,02
230079701011020,02
230079701011021,02
230079701011022,02
230079701011023,02
230079701011024,02
230079701011025,02
230079701011026,02
230079701011027,02
230079701011028,02
230079701011029,02
230079701011030,02
230079701011031,02
230079701011032,02
230079701011033,02
230079701011034,02
230079701011035,02
230079701011036,02
230079701011037,02
230079701011038,02
230079701011039,02
230079701011040,02
230079701011041,02
230079701011042,02
230079701011043,02
230079701011044,02
230079701011045,02
230079701011046,02
230079701011047,02
230079701011048,02
230079701011049,02
230079701011050,02
230079701011051,02
230079701011052,02
230079701011053,02
230079701011054,02
230079701011055,02
230079701012000,02
230079701012001,02
230079701012002,02
230079701012003,02
230079701012004,02
230079701012005,02
230079701012006,02
230079701012007,02
230079701012008,02
230079701012009,02
230079701012010,02
230079701012011,02
230079701012012,02
230079701012013,02
230079701012014,02
230079701012015,02
230079701012016,02
230079701012017,02
230079701012018,02
230079701012019,02
230079701012020,02
230079701012021,02
230079701012022,02
230079701012023,02
230079701012024,02
230079701012025,02
230079701012026,02
230079701012027,02
230079701012028,02
230079701012029,02
230079701012030,02
230079701012031,02
230079701012032,02
230079701012033,02
230079701012034,02
230079701012035,02
230079701012036,02
230079701012037,02
230079701012038,02
230079701012039,02
230079701012040,02
230079701012041,02
230079701012042,02
230079701012043,02
230079701012044,02
230079701012045,02
230079701012046,02
230079701012047,02
230079701012048,02
230079701012049,02
230079701012050,02
230079701012051,02
230079701012052,02
230079701012053,02
230079701012054,02
230079701012055,02
230079701012056,02
230079701012057,02
230079701012058,02
230079701012059,02
230079701012060,02
230079701013000,02
230079701013001,02
230079701013002,02
230079701013003,02
230079701013004,02
230079701013005,02
230079701013006,02
230079701013007,02
230079701013008,02
230079701013009,02
230079701013010,02
230079701013011,02
230079701013012,02
230079701013013,02
230079701013014,02
230079701013015,02
230079701013016,02
230079701013017,02
230079701013018,02
230079701013019,02
230079701013020,02
230079701013021,02
230079701013022,02
230079701013023,02
230079701013024,02
230079701013025,02
230079701013026,02
230079701013027,02
230079701013028,02
230079701013029,02
230079701013030,02
230079701013031,02
230079701013032,02
230079701013033,02
230079701013034,02
230079701013035,02
230079701013036,02
230079701013037,02
230079701013038,02
230079701013039,02
230079701013040,02
230079701013041,02
230079701013042,02
230079701013043,02
230079701013044,02
230079701013045,02
230079701013046,02
230079701013047,02
230079701013048,02
230079701013049,02
230079701013050,02
230079701013051,02
230079701013052,02
230079701013053,02
230079701013054,02
230079701013055,02
230079701013056,02
230079701013057,02
230079701013058,02
230079701013059,02
230079701013060,02
230079701013061,02
230079701013062,02
230079701013063,02
230079701013064,02
230079701013065,02
230079701013066,02
230079701013067,02
230079701013068,02
230079701013069,02
230079701021000,02
230079701021001,02
230079701021002,02
230079701021003,02
230079701021004,02
230079701021005,02
230079701021006,02
230079701021007,02
230079701021008,02
230079701021009,02
230079701021010,02
230079701021011,02
230079701021012,02
230079701021013,02
230079701021014,02
230079701021015,02
230079701021016,02
230079701021017,02
230079701021018,02
230079701021019,02
230079701021020,02
230079701021021,02
230079701021022,02
230079701021023,02
230079701021024,02
230079701021025,02
230079701021026,02
230079701021027,02
230079701021028,02
230079701021029,02
230079701021030,02
230079701021031,02
230079701021032,02
230079701021033,02
230079701021034,02
230079701021035,02
230079701021036,02
230079701021037,02
230079701021038,02
230079701021039,02
230079701021040,02
230079701021041,02
230079701021042,02
230079701021043,02
230079701021044,02
230079701021045,02
230079701021046,02
230079701021047,02
230079701021048,02
230079701022000,02
230079701022001,02
230079701022002,02
230079701022003,02
230079701022004,02
230079701022005,02
230079701022006,02
230079701022007,02
230079701022008,02
230079701022009,02
230079701022010,02
230079701022011,02
230079701022012,02
230079701022013,02
230079701022014,02
230079701022015,02
230079701022016,02
230079701022017,02
230079701022018,02
230079701022019,02
230079701022020,02
230079701022021,02
230079701022022,02
230079701022023,02
230079701022024,02
230079701022025,02
230079701022026,02
230079701022027,02
230079701022028,02
230079701022029,02
230079701022030,02
230079701022031,02
230079701022032,02
230079701022033,02
230079701022034,02
230079701022035,02
230079701022036,02
230079701022037,02
230079701022038,02
230079701022039,02
230079701022040,02
230079701022041,02
230079701022042,02
230079701022043,02
230079701022044,02
230079701022045,02
230079701022046,02
230079701022047,02
230079701022048,02
230079701022049,02
230079701022050,02
230079701022051,02
230079701022052,02
230079701022053,02
230079701022054,02
230079701022055,02
230079701022056,02
230079701022057,02
230079701022058,02
230079701022059,02
230079701022060,02
230079701022061,02
230079701022062,02
230079701022063,02
230079701022064,02
230079701022065,02
230079701022066,02
230079701022067,02
230079701022068,02
230079701022069,02
230079701022070,02
230079701022071,02
230079701022072,02
230079701022073,02
230079701022074,02
230079701022075,02
230079701022076,02
230079701022077,02
230079701022078,02
230079701022079,02
230079701022080,02
230079701022081,02
230079701022082,02
230079701022083,02
230079701022084,02
230079701022085,02
230079701022086,02
230079701022087,02
230079701022088,02
230079701022089,02
230079701022090,02
230079701022091,02
230079701022092,02
230079701022093,02
230079701022094,02
230079701022095,02
230079701022096,02
230079701022097,02
230079701022098,02
230079701022099,02
230079701022100,02
230079701022101,02
230079701022102,02
230079701022103,02
230079701022104,02
230079701022105,02
230079701022106,02
230079701022107,02
230079701022108,02
230079701022109,02
230079701022110,02
230079701022111,02
230079701022112,02
230079701022113,02
230079701022114,02
230079701022115,02
230079701022116,02
230079701022117,02
230079701022118,02
230079701022119,02
230079701022120,02
230079701022121,02
230079701022122,02
230079701022123,02
230079701022124,02
230079701022125,02
230079701022126,02
230079701022127,02
230079701022128,02
230079701022129,02
230079701022130,02
230079701022131,02
230079701022132,02
230079701022133,02
230079701022134,02
230079701022135,02
230079701022136,02
230079701022137,02
230079701022138,02
230079701022139,02
230079701022140,02
230079701022141,02
230079701022142,02
230079701022143,02
230079701022144,02
230079701022145,02
230079701022146,02
230079701022147,02
230079701022148,02
230079701022149,02
230079701022150,02
230079701022151,02
230079701022152,02
230079701022153,02
230079701022154,02
230079701022155,02
230079701022156,02
230079701022157,02
230079701022158,02
230079701022159,02
230079701022160,02
230079701022161,02
230079701022162,02
230079701022163,02
230079701022164,02
230079701022165,02
230079701022166,02
230079701022167,02
230079701022168,02
230079701022169,02
230079701022170,02
230079701022171,02
230079701022172,02
230079701022173,02
230079701022174,02
230079701022175,02
230079701022176,02
230079701022177,02
230079701022178,02
230079701022179,02
230079701022180,02
230079701022181,02
230079701022182,02
230079701022183,02
230079701022184,02
230079701022185,02
230079701022186,02
230079701022187,02
230079701022188,02
230079701022189,02
230079701022190,02
230079701022191,02
230079701022192,02
230079701022193,02
230079701022194,02
230079701022195,02
230079701022196,02
230079701022197,02
230079701022198,02
230079701022199,02
230079701022200,02
230079701022201,02
230079701022202,02
230079701022203,02
230079701022204,02
230079701022205,02
230079701022206,02
230079701022207,02
230079701022208,02
230079701022209,02
230079701022210,02
230079701022211,02
230079701022212,02
230079701022213,02
230079701022214,02
230079701022215,02
230079701022216,02
230079701022217,02
230079701022218,02
230079701022219,02
230079701022220,02
230079701022221,02
230079701022222,02
230079701022223,02
230079701022224,02
230079701022225,02
230079701022226,02
230079701022227,02
230079701022228,02
230079701022229,02
230079701022230,02
230079701022231,02
230079701022232,02
230079701022233,02
230079701022234,02
230079701022235,02
230079701022236,02
230079701022237,02
230079701022238,02
230079701022239,02
230079701022240,02
230079701022241,02
230079701022242,02
230079701022243,02
230079701022244,02
230079701022245,02
230079701022246,02
230079701022247,02
230079701022248,02
230079701022249,02
230079701022250,02
230079701022251,02
230079701022252,02
230079701022253,02
230079701022254,02
230079701022255,02
230079701022256,02
230079701022257,02
230079701022258,02
230079701022259,02
230079701022260,02
230079701022261,02
230079701022262,02
230079701022263,02
230079701022264,02
230079701022265,02
230079701022266,02
230079701022267,02
230079701022268,02
230079701022269,02
230079701022270,02
230079701022271,02
230079701022272,02
230079701023000,02
230079701023001,02
230079701023002,02
230079701023003,02
230079701023004,02
230079701023005,02
230079701023006,02
230079701023007,02
230079701023008,02
230079701023009,02
230079701023010,02
230079701023011,02
230079701023012,02
230079701023013,02
230079701023014,02
230079701023015,02
230079701023016,02
230079701023017,02
230079701023018,02
230079701023019,02
230079701023020,02
230079701023021,02
230079701023022,02
230079701023023,02
230079701023024,02
230079701023025,02
230079701023026,02
230079701023027,02
230079701023028,02
230079701023029,02
230079701023030,02
230079701023031,02
230079701023032,02
230079701023033,02
230079701023034,02
230079701023035,02
230079706011000,02
230079706011001,02
230079706011002,02
230079706011003,02
230079706011004,02
230079706011005,02
230079706011006,02
230079706011007,02
230079706011008,02
230079706011009,02
230079706011010,02
230079706011011,02
230079706011012,02
230079706011013,02
230079706011014,02
230079706011015,02
230079706011016,02
230079706011017,02
230079706011018,02
230079706011019,02
230079706011020,02
230079706011021,02
230079706011022,02
230079706011023,02
230079706011024,02
230079706011025,02
230079706011026,02
230079706011027,02
230079706011028,02
230079706011029,02
230079706011030,02
230079706011031,02
230079706011032,02
230079706011033,02
230079706011034,02
230079706011035,02
230079706011036,02
230079706011037,02
230079706011038,02
230079706011039,02
230079706011040,02
230079706011041,02
230079706011042,02
230079706011043,02
230079706011044,02
230079706011045,02
230079706011046,02
230079706011047,02
230079706011048,02
230079706011049,02
230079706011050,02
230079706011051,02
230079706011052,02
230079706011053,02
230079706011054,02
230079706011055,02
230079706012000,02
230079706012001,02
230079706012002,02
230079706012003,02
230079706012004,02
230079706012005,02
230079706012006,02
230079706012007,02
230079706012008,02
230079706012009,02
230079706012010,02
230079706012011,02
230079706012012,02
230079706012013,02
230079706012014,02
230079706012015,02
230079706012016,02
230079706012017,02
230079706012018,02
230079706012019,02
230079706012020,02
230079706012021,02
230079706012022,02
230079706012023,02
230079706012024,02
230079706012025,02
230079706012026,02
230079706012027,02
230079706012028,02
230079706012029,02
230079706012030,02
230079706012031,02
230079706012032,02
230079706012033,02
230079706012034,02
230079706012035,02
230079706012036,02
230079706012037,02
230079706012038,02
230079706012039,02
230079706013000,02
230079706013001,02
230079706013002,02
230079706013003,02
230079706013004,02
230079706013005,02
230079706013006,02
230079706013007,02
230079706013008,02
230079706013009,02
230079706013010,02
230079706013011,02
230079706013012,02
230079706013013,02
230079706013014,02
230079706013015,02
230079706013016,02
230079706013017,02
230079706013018,02
230079706013019,02
230079706013020,02
230079706013021,02
230079706013022,02
230079706013023,02
230079706013024,02
230079706013025,02
230079706013026,02
230079706013027,02
230079706013028,02
230079706013029,02
230079706013030,02
230079706013031,02
230079706013032,02
230079706013033,02
230079706013034,02
230079706013035,02
230079706013036,02
230079706013037,02
230079706013038,02
230079706013039,02
230079706013040,02
230079706013041,02
230079706013042,02
230079706013043,02
230079706013044,02
230079706013045,02
230079706013046,02
230079706013047,02
230079706013048,02
230079706013049,02
230079706013050,02
230079706013051,02
230079706013052,02
230079706013053,02
230079706013054,02
230079706013055,02
230079706013056,02
230079706013057,02
230079706013058,02
230079706013059,02
230079706013060,02
230079706013061,02
230079706013062,02
230079706013063,02
230079706013064,02
230079706013065,02
230079706013066,02
230079706013067,02
230079706013068,02
230079706013069,02
230079706014000,02
230079706014001,02
230079706014002,02
230079706014003,02
230079706014004,02
230079706014005,02
230079706014006,02
230079706014007,02
230079706014008,02
230079706014009,02
230079706014010,02
230079706014011,02
230079706014012,02
230079706014013,02
230079706014014,02
230079706014015,02
230079706014016,02
230079706014017,02
230079706014018,02
230079706014019,02
230079706014020,02
230079706014021,02
230079706014022,02
230079706014023,02
230079706014024,02
230079706014025,02
230079706014026,02
230079706014027,02
230079706014028,02
230079706014029,02
230079706014030,02
230079706014031,02
230079706014032,02
230079706014033,02
230079706014034,02
230079706014035,02
230079706014036,02
230079706014037,02
230079706014038,02
230079706014039,02
230079706014040,02
230079706014041,02
230079706014042,02
230079706014043,02
230079706014044,02
230079706014045,02
230079706014046,02
230079706014047,02
230079706014048,02
230079706014049,02
230079706014050,02
230079706014051,02
230079706014052,02
230079706014053,02
230079706014054,02
230079706014055,02
230079706014056,02
230079706014057,02
230079706014058,02
230079706021000,02
230079706021001,02
230079706021002,02
230079706021003,02
230079706021004,02
230079706021005,02
230079706021006,02
230079706021007,02
230079706021008,02
230079706021009,02
230079706021010,02
230079706021011,02
230079706021012,02
230079706021013,02
230079706021014,02
230079706021015,02
230079706021016,02
230079706021017,02
230079706021018,02
230079706021019,02
230079706021020,02
230079706021021,02
230079706021022,02
230079706021023,02
230079706021024,02
230079706021025,02
230079706021026,02
230079706021027,02
230079706021028,02
230079706021029,02
230079706021030,02
230079706021031,02
230079706021032,02
230079706021033,02
230079706021034,02
230079706021035,02
230079706021036,02
230079706021037,02
230079706021038,02
230079706021039,02
230079706021040,02
230079706021041,02
230079706021042,02
230079706021043,02
230079706021044,02
230079706021045,02
230079706021046,02
230079706021047,02
230079706021048,02
230079706021049,02
230079706021050,02
230079706021051,02
230079706021052,02
230079706021053,02
230079706021054,02
230079706021055,02
230079706021056,02
230079706021057,02
230079706021058,02
230079706021059,02
230079706021060,02
230079706021061,02
230079706021062,02
230079706021063,02
230079706021064,02
230079706021065,02
230079706021066,02
230079706021067,02
230079706021068,02
230079706021069,02
230079706021070,02
230079706021071,02
230079706021072,02
230079706021073,02
230079706021074,02
230079706021075,02
230079706021076,02
230079706021077,02
230079706021078,02
230079706021079,02
230079706021080,02
230079706021081,02
230079706021082,02
230079706021083,02
230079706021084,02
230079706021085,02
230079706021086,02
230079706021087,02
230079706021088,02
230079706021089,02
230079706021090,02
230079706021091,02
230079706021092,02
230079706021093,02
230079706021094,02
230079706021095,02
230079706021096,02
230079706021097,02
230079706021098,02
230079706021099,02
230079706021100,02
230079706021101,02
230079706021102,02
230079706022000,02
230079706022001,02
230079706022002,02
230079706022003,02
230079706022004,02
230079706022005,02
230079706022006,02
230079706022007,02
230079706022008,02
230079706022009,02
230079706022010,02
230079706022011,02
230079706022012,02
230079706022013,02
230079706022014,02
230079706022015,02
230079706022016,02
230079706022017,02
230079706022018,02
230079706022019,02
230079706022020,02
230079706022021,02
230079706022022,02
230079706022023,02
230079706022024,02
230079706022025,02
230079706022026,02
230079706022027,02
230079706022028,02
230079706022029,02
230079706023000,02
230079706023001,02
230079706023002,02
230079706023003,02
230079706023004,02
230079706023005,02
230079706023006,02
230079706023007,02
230079706023008,02
230079706023009,02
230079706023010,02
230079706023011,02
230079706023012,02
230079706023013,02
230079706023014,02
230079706023015,02
230079706023016,02
230079706023017,02
230079706023018,02
230079706023019,02
230079706023020,02
230079706023021,02
230079706023022,02
230079706023023,02
230079706023024,02
230079706023025,02
230079706023026,02
230079706023027,02
230079706023028,02
230079706023029,02
230079706023030,02
230079706023031,02
230079706023032,02
230079706023033,02
230079706023034,02
230079706023035,02
230079706023036,02
230079706023037,02
230079706023038,02
230079706023039,02
230079706023040,02
230079706023041,02
230079706023042,02
230079706023043,02
230079706023044,02
230079706023045,02
230079706023046,02
230079706023047,02
230079706023048,02
230079706023049,02
230079706023050,02
230079706023051,02
230079706023052,02
230079706023053,02
230079706023054,02
230079706023055,02
230079706023056,02
230079706023057,02
230079706023058,02
230079706023059,02
230079706023060,02
230079706023061,02
230079706023062,02
230079706023063,02
230079706023064,02
230079706023065,02
230079706023066,02
230079706023067,02
230079706023068,02
230079706023069,02
230079706023070,02
230079706023071,02
230079706023072,02
230079710001000,02
230079710001001,02
230079710001002,02
230079710001003,02
230079710001004,02
230079710001005,02
230079710001006,02
230079710001007,02
230079710001008,02
230079710001009,02
230079710001010,02
230079710001011,02
230079710001012,02
230079710001013,02
230079710001014,02
230079710001015,02
230079710001016,02
230079710001017,02
230079710001018,02
230079710001019,02
230079710001020,02
230079710001021,02
230079710001022,02
230079710001023,02
230079710001024,02
230079710001025,02
230079710001026,02
230079710001027,02
230079710001028,02
230079710001029,02
230079710001030,02
230079710001031,02
230079710001032,02
230079710001033,02
230079710001034,02
230079710001035,02
230079710001036,02
230079710001037,02
230079710001038,02
230079710001039,02
230079710001040,02
230079710001041,02
230079710001042,02
230079710001043,02
230079710002000,02
230079710002001,02
230079710002002,02
230079710002003,02
230079710002004,02
230079710002005,02
230079710002006,02
230079710002007,02
230079710002008,02
230079710002009,02
230079710002010,02
230079710002011,02
230079710002012,02
230079710002013,02
230079710002014,02
230079710002015,02
230079710002016,02
230079710002017,02
230079710002018,02
230079710002019,02
230079710002020,02
230079710002021,02
230079710002022,02
230079710002023,02
230079710002024,02
230079710002025,02
230079710002026,02
230079710002027,02
230079710002028,02
230079710002029,02
230079710002030,02
230079710002031,02
230079710002032,02
230079710002033,02
230079710002034,02
230079710002035,02
230079710002036,02
230079710003000,02
230079710003001,02
230079710003002,02
230079710003003,02
230079710003004,02
230079710003005,02
230079710003006,02
230079710003007,02
230079710003008,02
230079710003009,02
230079710003010,02
230079710003011,02
230079710003012,02
230079710003013,02
230079710003014,02
230079710003015,02
230079710003016,02
230079710003017,02
230079710003018,02
230079710003019,02
230079710003020,02
230079710003021,02
230079710003022,02
230079710003023,02
230079710003024,02
230079710003025,02
230079710003026,02
230079710003027,02
230079710003028,02
230079710003029,02
230079710003030,02
230079710003031,02
230079710003032,02
230079710003033,02
230079710003034,02
230079710003035,02
230079710003036,02
230079710003037,02
230079710003038,02
230079710003039,02
230079710003040,02
230079710004000,02
230079710004001,02
230079710004002,02
230079710004003,02
230079710004004,02
230079710004005,02
230079710004006,02
230079710004007,02
230079710004008,02
230079710004009,02
230079710004010,02
230079710004011,02
230079710004012,02
230079710004013,02
230079710004014,02
230079710004015,02
230079710004016,02
230079710004017,02
230079710004018,02
230079710004019,02
230079710004020,02
230079710004021,02
230079710004022,02
230079710004023,02
230079710004024,02
230079710004025,02
230079710004026,02
230079710005000,02
230079710005001,02
230079710005002,02
230079710005003,02
230079710005004,02
230079710005005,02
230079710005006,02
230079710005007,02
230079710005008,02
230079710005009,02
230079710005010,02
230079710005011,02
230079710005012,02
230079710005013,02
230079710005014,02
230079710005015,02
230079710005016,02
230079710005017,02
230079710005018,02
230079710005019,02
230079710005020,02
230079710005021,02
230079710005022,02
230079710005023,02
230079710005024,02
230079710005025,02
230079710005026,02
230079710005027,02
230079710005028,02
230079711001000,02
230079711001001,02
230079711001002,02
230079711001003,02
230079711001004,02
230079711001005,02
230079711001006,02
230079711001007,02
230079711001008,02
230079711001009,02
230079711001010,02
230079711001011,02
230079711001012,02
230079711001013,02
230079711001014,02
230079711001015,02
230079711001016,02
230079711001017,02
230079711001018,02
230079711001019,02
230079711001020,02
230079711001021,02
230079711001022,02
230079711001023,02
230079711001024,02
230079711001025,02
230079711001026,02
230079711001027,02
230079711001028,02
230079711001029,02
230079711001030,02
230079711001031,02
230079711001032,02
230079711001033,02
230079711001034,02
230079711001035,02
230079711001036,02
230079711001037,02
230079711001038,02
230079711001039,02
230079711001040,02
230079711001041,02
230079711001042,02
230079711001043,02
230079711001044,02
230079711001045,02
230079711001046,02
230079711002000,02
230079711002001,02
230079711002002,02
230079711002003,02
230079711002004,02
230079711002005,02
230079711002006,02
230079711002007,02
230079711002008,02
230079711002009,02
230079711002010,02
230079711002011,02
230079711002012,02
230079711002013,02
230079711002014,02
230079711002015,02
230079711002016,02
230079711002017,02
230079711002018,02
230079711002019,02
230079711002020,02
230079711002021,02
230079711003000,02
230079711003001,02
230079711003002,02
230079711003003,02
230079711003004,02
230079711003005,02
230079711003006,02
230079711003007,02
230079711003008,02
230079711003009,02
230079711003010,02
230079711003011,02
230079711003012,02
230079711003013,02
230079711003014,02
230079711003015,02
230079711003016,02
230079711003017,02
230079711003018,02
230079711003019,02
230079711003020,02
230079711003021,02
230079711003022,02
230079711003023,02
230079711003024,02
230079711003025,02
230079711003026,02
230079711003027,02
230079711003028,02
230079711003029,02
230079712011000,02
230079712011001,02
230079712011002,02
230079712011003,02
230079712011004,02
230079712011005,02
230079712011006,02
230079712011007,02
230079712011008,02
230079712011009,02
230079712011010,02
230079712012000,02
230079712012001,02
230079712012002,02
230079712012003,02
230079712012004,02
230079712012005,02
230079712012006,02
230079712012007,02
230079712013000,02
230079712013001,02
230079712013002,02
230079712013003,02
230079712013004,02
230079712013005,02
230079712013006,02
230079712013007,02
230079712013008,02
230079712013009,02
230079712013010,02
230079712013011,02
230079712013012,02
230079712013013,02
230079712014000,02
230079712014001,02
230079712014002,02
230079712014003,02
230079712014004,02
230079712014005,02
230079712014006,02
230079712014007,02
230079712014008,02
230079712014009,02
230079712014010,02
230079712014011,02
230079712014012,02
230079712014013,02
230079712014014,02
230079712014015,02
230079712014016,02
230079712014017,02
230079712014018,02
230079712014019,02
230079712014020,02
230079712014021,02
230079712014022,02
230079712014023,02
230079712014024,02
230079712014025,02
230079712014026,02
230079712014027,02
230079712014028,02
230079712014029,02
230079712014030,02
230079712014031,02
230079712014032,02
230079712014033,02
230079712014034,02
230079712014035,02
230079712014036,02
230079712014037,02
230079712014038,02
230079712014039,02
230079712014040,02
230079712014041,02
230079712014042,02
230079712014043,02
230079712014044,02
230079712014045,02
230079712014046,02
230079712014047,02
230079712014048,02
230079712014049,02
230079712021000,02
230079712021001,02
230079712021002,02
230079712021003,02
230079712021004,02
230079712021005,02
230079712021006,02
230079712021007,02
230079712021008,02
230079712021009,02
230079712021010,02
230079712021011,02
230079712021012,02
230079712021013,02
230079712021014,02
230079712021015,02
230079712021016,02
230079712021017,02
230079712022000,02
230079712022001,02
230079712022002,02
230079712022003,02
230079712022004,02
230079712022005,02
230079712022006,02
230079712022007,02
230079712022008,02
230079712022009,02
230079712022010,02
230079712022011,02
230079712022012,02
230079712022013,02
230079712022014,02
230079712022015,02
230079712022016,02
230079712022017,02
230079712022018,02
230079712022019,02
230079712022020,02
230079712022021,02
230079712023000,02
230079712023001,02
230079712023002,02
230079712023003,02
230079712023004,02
230079712023005,02
230079712023006,02
230079712023007,02
230079712023008,02
230079712023009,02
230079712023010,02
230079712024000,02
230079712024001,02
230079712024002,02
230079712024003,02
230079712024004,02
230079712024005,02
230079712024006,02
230079712024007,02
230079712024008,02
230079712024009,02
230079712024010,02
230079712024011,02
230079712024012,02
230079712024013,02
230079712024014,02
230079712024015,02
230079712024016,02
230079712024017,02
230079712024018,02
230079712024019,02
230079712024020,02
230079712024021,02
230079712024022,02
230079712024023,02
230079712024024,02
230079712024025,02
230079712024026,02
230079712024027,02
230079712024028,02
230079712024029,02
230079712024030,02
230079713001000,02
230079713001001,02
230079713001002,02
230079713001003,02
230079713001004,02
230079713001005,02
230079713001006,02
230079713001007,02
230079713001008,02
230079713001009,02
230079713001010,02
230079713001011,02
230079713001012,02
230079713001013,02
230079713001014,02
230079713001015,02
230079713001016,02
230079713001017,02
230079713001018,02
230079713001019,02
230079713001020,02
230079713001021,02
230079713001022,02
230079713001023,02
230079713001024,02
230079713001025,02
230079713001026,02
230079713001027,02
230079713001028,02
230079713001029,02
230079713001030,02
230079713001031,02
230079713001032,02
230079713001033,02
230079713001034,02
230079713001035,02
230079713001036,02
230079713001037,02
230079713001038,02
230079713001039,02
230079713001040,02
230079713001041,02
230079713001042,02
230079713001043,02
230079713001044,02
230079713001045,02
230079713001046,02
230079713001047,02
230079713001048,02
230079713001049,02
230079713001050,02
230079713001051,02
230079713001052,02
230079713001053,02
230079713001054,02
230079713001055,02
230079713001056,02
230079713001057,02
230079713001058,02
230079713002000,02
230079713002001,02
230079713002002,02
230079713002003,02
230079713002004,02
230079713002005,02
230079713002006,02
230079713002007,02
230079713002008,02
230079713002009,02
230079713002010,02
230079713002011,02
230079713002012,02
230079713002013,02
230079713002014,02
230079713002015,02
230079713002016,02
230079713003000,02
230079713003001,02
230079713003002,02
230079713003003,02
230079713003004,02
230079713003005,02
230079713003006,02
230079713003007,02
230079713003008,02
230079713003009,02
230079713003010,02
230079713003011,02
230079713003012,02
230079713003013,02
230079713003014,02
230079713003015,02
230079713003016,02
230079713003017,02
230079713003018,02
230079713003019,02
230079713003020,02
230079713003021,02
230079713003022,02
230079713003023,02
230079713003024,02
230079713003025,02
230079713003026,02
230079713003027,02
230079713003028,02
230079713003029,02
230079713003030,02
230079713003031,02
230079713003032,02
230079713003033,02
230079713003034,02
230079713003035,02
230079713003036,02
230079713003037,02
230079713003038,02
230079713003039,02
230079714001000,02
230079714001001,02
230079714001002,02
230079714001003,02
230079714001004,02
230079714001005,02
230079714001006,02
230079714001007,02
230079714001008,02
230079714001009,02
230079714001010,02
230079714001011,02
230079714001012,02
230079714001013,02
230079714001014,02
230079714001015,02
230079714001016,02
230079714001017,02
230079714001018,02
230079714001019,02
230079714001020,02
230079714001021,02
230079714001022,02
230079714001023,02
230079714001024,02
230079714001025,02
230079714002000,02
230079714002001,02
230079714002002,02
230079714002003,02
230079714002004,02
230079714002005,02
230079714002006,02
230079714002007,02
230079714002008,02
230079714002009,02
230079714003000,02
230079714003001,02
230079714003002,02
230079714003003,02
230079714003004,02
230079714003005,02
230079714003006,02
230079714003007,02
230079714003008,02
230079714003009,02
230079714003010,02
230079714003011,02
230079714003012,02
230079714003013,02
230079714004000,02
230079714004001,02
230079714004002,02
230079714004003,02
230079714004004,02
230079714004005,02
230079714004006,02
230079714004007,02
230079714004008,02
230079714004009,02
230079714004010,02
230079714004011,02
230079714004012,02
230079714004013,02
230079714004014,02
230079714004015,02
230079714004016,02
230079714004017,02
230079714004018,02
230079714005000,02
230079714005001,02
230079714005002,02
230079714005003,02
230079714005004,02
230079714005005,02
230079714005006,02
230079714005007,02
230079714005008,02
230079714005009,02
230079714005010,02
230079714005011,02
230079714005012,02
230079714005013,02
230079714005014,02
230079714005015,02
230079714005016,02
230079714005017,02
230079714005018,02
230079714005019,02
230079714005020,02
230079714005021,02
230079714005022,02
230079714005023,02
230079714005024,02
230079714005025,02
230079714005026,02
230079714005027,02
230079714005028,02
230079714005029,02
230079714005030,02
230079714005031,02
230079714005032,02
230079714005033,02
230079714005034,02
230079714005035,02
230079714005036,02
230079714005037,02
230079714005038,02
230079714005039,02
230079714005040,02
230079714005041,02
230079714005042,02
230079714005043,02
230079714005044,02
230079714005045,02
230079714005046,02
230079714006000,02
230079714006001,02
230079714006002,02
230079714006003,02
230079714006004,02
230079714006005,02
230079714006006,02
230079714006007,02
230079714006008,02
230079714006009,02
230079714006010,02
230079714006011,02
230079714006012,02
230099651001000,02
230099651001001,02
230099651001002,02
230099651001003,02
230099651001004,02
230099651001005,02
230099651001006,02
230099651001007,02
230099651001008,02
230099651001009,02
230099651001010,02
230099651001011,02
230099651001012,02
230099651001013,02
230099651001014,02
230099651001015,02
230099651001016,02
230099651001017,02
230099651001018,02
230099651001019,02
230099651001020,02
230099651001021,02
230099651001022,02
230099651001023,02
230099651001024,02
230099651001025,02
230099651001026,02
230099651001027,02
230099651001028,02
230099651001029,02
230099651001030,02
230099651001031,02
230099651001032,02
230099651001033,02
230099651001034,02
230099651001035,02
230099651001036,02
230099651001037,02
230099651001038,02
230099651001039,02
230099651001040,02
230099651001041,02
230099651001042,02
230099651001043,02
230099651001044,02
230099651001045,02
230099651001046,02
230099651001047,02
230099651001048,02
230099651001049,02
230099651001050,02
230099651001051,02
230099651001052,02
230099651001053,02
230099651001054,02
230099651001055,02
230099651001056,02
230099651001057,02
230099651001058,02
230099651001059,02
230099651001060,02
230099651001061,02
230099651001062,02
230099651001063,02
230099651001064,02
230099651001065,02
230099651001066,02
230099651001067,02
230099651001068,02
230099651001069,02
230099651001070,02
230099651001071,02
230099651001072,02
230099651001073,02
230099651001074,02
230099651001075,02
230099651001076,02
230099651001077,02
230099651001078,02
230099651001079,02
230099651001080,02
230099651001081,02
230099651001082,02
230099651001083,02
230099651001084,02
230099651001085,02
230099651001086,02
230099651001087,02
230099651001088,02
230099651001089,02
230099651001090,02
230099651001091,02
230099651001092,02
230099651001093,02
230099651001094,02
230099651001095,02
230099651001096,02
230099651001097,02
230099651001098,02
230099651001099,02
230099651001100,02
230099651001101,02
230099651001102,02
230099651001103,02
230099651001104,02
230099651001105,02
230099651001106,02
230099651001107,02
230099651001108,02
230099651001109,02
230099651001110,02
230099651001111,02
230099651001112,02
230099651001113,02
230099651001114,02
230099651001115,02
230099651001116,02
230099651001117,02
230099651001118,02
230099651001119,02
230099651001120,02
230099651001121,02
230099651001122,02
230099651001123,02
230099651001124,02
230099651001125,02
230099651001126,02
230099651001127,02
230099651001128,02
230099651001129,02
230099651001130,02
230099651001131,02
230099651001132,02
230099651001133,02
230099651001134,02
230099651001135,02
230099651001136,02
230099651001137,02
230099651001138,02
230099651001139,02
230099651001140,02
230099651001141,02
230099651001142,02
230099651001143,02
230099651001144,02
230099651001145,02
230099651001146,02
230099651001147,02
230099651001148,02
230099651001149,02
230099651001150,02
230099651001151,02
230099651001152,02
230099651001153,02
230099651001154,02
230099651001155,02
230099651001156,02
230099651001157,02
230099651001158,02
230099651001159,02
230099651001160,02
230099651001161,02
230099651001162,02
230099651001163,02
230099651001164,02
230099651001165,02
230099651001166,02
230099651001167,02
230099651001168,02
230099651001169,02
230099651001170,02
230099651001171,02
230099651001172,02
230099651001173,02
230099651001174,02
230099651001175,02
230099651001176,02
230099651001177,02
230099651001178,02
230099651001179,02
230099651001180,02
230099651001181,02
230099651001182,02
230099651001183,02
230099651001184,02
230099651001185,02
230099651001186,02
230099651001187,02
230099651001188,02
230099651001189,02
230099651001190,02
230099651001191,02
230099651001192,02
230099651001193,02
230099651001194,02
230099651001195,02
230099651001196,02
230099651001197,02
230099651001198,02
230099651001199,02
230099651001200,02
230099651001201,02
230099651001202,02
230099651001203,02
230099651001204,02
230099651001205,02
230099651001206,02
230099651001207,02
230099651001208,02
230099651001209,02
230099651001210,02
230099651001211,02
230099651001212,02
230099651001213,02
230099651001214,02
230099651001215,02
230099651001216,02
230099651001217,02
230099651001218,02
230099651001219,02
230099651001220,02
230099651001221,02
230099651001222,02
230099651001223,02
230099651001224,02
230099651001225,02
230099651001226,02
230099651001227,02
230099651001228,02
230099651001229,02
230099651001230,02
230099651001231,02
230099651001232,02
230099651001233,02
230099651001234,02
230099651001235,02
230099651001236,02
230099651001237,02
230099651001238,02
230099651001239,02
230099651001240,02
230099651001241,02
230099651001242,02
230099651001243,02
230099651001244,02
230099651001245,02
230099651001246,02
230099651001247,02
230099651001248,02
230099651001249,02
230099651001250,02
230099651001251,02
230099651001252,02
230099651001253,02
230099651001254,02
230099651001255,02
230099651001256,02
230099651001257,02
230099651001258,02
230099651001259,02
230099651001260,02
230099651001261,02
230099651001262,02
230099651001263,02
230099651001264,02
230099651001265,02
230099651001266,02
230099651001267,02
230099651001268,02
230099651001269,02
230099651001270,02
230099651001271,02
230099651001272,02
230099651001273,02
230099651001274,02
230099651001275,02
230099651001276,02
230099651001277,02
230099651001278,02
230099651001279,02
230099651001280,02
230099651001281,02
230099651001282,02
230099651001283,02
230099651001284,02
230099651001285,02
230099651001286,02
230099651001287,02
230099651001288,02
230099651001289,02
230099651001290,02
230099651001291,02
230099651001292,02
230099651001293,02
230099651001294,02
230099651001295,02
230099651001296,02
230099651001297,02
230099651001298,02
230099651001299,02
230099651001300,02
230099651001301,02
230099651001302,02
230099651001303,02
230099651001304,02
230099651001305,02
230099651001306,02
230099651001307,02
230099651001308,02
230099651001309,02
230099651001310,02
230099651001311,02
230099651001312,02
230099651001313,02
230099651001314,02
230099651001315,02
230099651001316,02
230099651001317,02
230099651001318,02
230099651001319,02
230099651001320,02
230099651001321,02
230099651001322,02
230099651001323,02
230099651001324,02
230099651001325,02
230099651001326,02
230099651001327,02
230099651001328,02
230099651001329,02
230099651002000,02
230099651002001,02
230099651002002,02
230099651002003,02
230099651002004,02
230099651002005,02
230099651002006,02
230099651002007,02
230099651002008,02
230099651002009,02
230099651002010,02
230099651002011,02
230099651002012,02
230099651002013,02
230099651002014,02
230099651002015,02
230099651002016,02
230099651002017,02
230099651002018,02
230099651002019,02
230099651002020,02
230099651002021,02
230099651002022,02
230099651002023,02
230099651002024,02
230099651002025,02
230099651002026,02
230099651002027,02
230099651002028,02
230099651002029,02
230099651002030,02
230099651002031,02
230099651002032,02
230099651002033,02
230099651002034,02
230099651002035,02
230099651002036,02
230099651002037,02
230099651002038,02
230099651002039,02
230099651002040,02
230099651002041,02
230099651002042,02
230099651002043,02
230099651002044,02
230099651002045,02
230099651002046,02
230099651002047,02
230099651002048,02
230099651002049,02
230099651002050,02
230099651002051,02
230099651002052,02
230099651002053,02
230099651002054,02
230099651002055,02
230099651002056,02
230099651002057,02
230099651002058,02
230099651002059,02
230099651002060,02
230099651002061,02
230099651002062,02
230099651002063,02
230099651002064,02
230099651002065,02
230099651002066,02
230099651002067,02
230099651002068,02
230099651002069,02
230099651002070,02
230099651002071,02
230099651002072,02
230099651002073,02
230099651002074,02
230099651002075,02
230099651002076,02
230099651002077,02
230099651002078,02
230099651002079,02
230099651002080,02
230099651002081,02
230099651002082,02
230099651002083,02
230099651002084,02
230099651002085,02
230099651002086,02
230099651002087,02
230099651002088,02
230099651002089,02
230099651002090,02
230099651002091,02
230099651002092,02
230099651002093,02
230099651002094,02
230099651002095,02
230099651002096,02
230099651002097,02
230099651002098,02
230099651002099,02
230099651002100,02
230099651002101,02
230099651002102,02
230099651002103,02
230099651002104,02
230099651002105,02
230099651002106,02
230099651002107,02
230099651002108,02
230099651002109,02
230099651002110,02
230099651002111,02
230099651002112,02
230099651002113,02
230099651002114,02
230099651002115,02
230099651002116,02
230099651002117,02
230099651002118,02
230099651002119,02
230099651002120,02
230099651002121,02
230099651002122,02
230099651002123,02
230099651002124,02
230099651002125,02
230099651002126,02
230099651002127,02
230099651002128,02
230099651002129,02
230099651002130,02
230099651002131,02
230099651002132,02
230099651002133,02
230099651002134,02
230099651002135,02
230099651002136,02
230099651002137,02
230099651002138,02
230099651002139,02
230099651002140,02
230099651002141,02
230099651002142,02
230099651002143,02
230099651002144,02
230099651002145,02
230099651002146,02
230099651002147,02
230099651002148,02
230099651002149,02
230099651002150,02
230099651002151,02
230099651002152,02
230099651002153,02
230099651002154,02
230099651002155,02
230099651002156,02
230099651002157,02
230099651002158,02
230099651002159,02
230099651002160,02
230099651002161,02
230099651002162,02
230099651002163,02
230099651002164,02
230099651002165,02
230099651002166,02
230099651002167,02
230099651002168,02
230099651002169,02
230099651002170,02
230099651002171,02
230099651002172,02
230099651002173,02
230099651002174,02
230099651002175,02
230099651002176,02
230099651002177,02
230099651002178,02
230099651002179,02
230099651002180,02
230099651002181,02
230099651002182,02
230099651002183,02
230099651002184,02
230099651002185,02
230099651002186,02
230099651002187,02
230099651002188,02
230099651002189,02
230099651002190,02
230099651002191,02
230099651002192,02
230099651002193,02
230099651002194,02
230099651002195,02
230099651002196,02
230099651002197,02
230099651002198,02
230099651003000,02
230099651003001,02
230099651003002,02
230099651003003,02
230099651003004,02
230099651003005,02
230099651003006,02
230099651003007,02
230099651003008,02
230099651003009,02
230099651003010,02
230099651003011,02
230099651003012,02
230099651003013,02
230099651003014,02
230099651003015,02
230099651003016,02
230099651003017,02
230099651003018,02
230099651003019,02
230099651003020,02
230099651003021,02
230099651003022,02
230099651003023,02
230099651003024,02
230099651003025,02
230099651003026,02
230099651003027,02
230099651003028,02
230099651003029,02
230099651003030,02
230099651003031,02
230099651003032,02
230099651003033,02
230099651003034,02
230099651003035,02
230099651003036,02
230099651003037,02
230099651003038,02
230099651003039,02
230099651003040,02
230099651003041,02
230099651003042,02
230099651003043,02
230099651003044,02
230099651003045,02
230099651003046,02
230099651003047,02
230099651003048,02
230099651003049,02
230099651003050,02
230099651003051,02
230099651003052,02
230099651003053,02
230099651003054,02
230099651003055,02
230099651003056,02
230099651003057,02
230099651003058,02
230099651003059,02
230099651003060,02
230099651003061,02
230099651003062,02
230099651003063,02
230099651003064,02
230099651003065,02
230099651003066,02
230099651003067,02
230099651003068,02
230099651003069,02
230099651003070,02
230099651003071,02
230099651003072,02
230099651003073,02
230099651003074,02
230099651003075,02
230099651003076,02
230099651003077,02
230099651003078,02
230099651003079,02
230099651003080,02
230099651003081,02
230099651003082,02
230099651003083,02
230099651003084,02
230099651003085,02
230099651003086,02
230099651003087,02
230099651003088,02
230099651003089,02
230099651003090,02
230099651003091,02
230099651003092,02
230099651003093,02
230099651003094,02
230099651003095,02
230099651003096,02
230099651003097,02
230099651003098,02
230099651003099,02
230099651003100,02
230099651003101,02
230099651003102,02
230099651003103,02
230099651003104,02
230099651003105,02
230099651003106,02
230099651003107,02
230099652001000,02
230099652001001,02
230099652001002,02
230099652001003,02
230099652001004,02
230099652001005,02
230099652001006,02
230099652001007,02
230099652001008,02
230099652001009,02
230099652001010,02
230099652001011,02
230099652001012,02
230099652001013,02
230099652001014,02
230099652001015,02
230099652001016,02
230099652001017,02
230099652001018,02
230099652001019,02
230099652001020,02
230099652001021,02
230099652001022,02
230099652001023,02
230099652001024,02
230099652001025,02
230099652001026,02
230099652001027,02
230099652001028,02
230099652001029,02
230099652001030,02
230099652001031,02
230099652001032,02
230099652001033,02
230099652001034,02
230099652001035,02
230099652001036,02
230099652001037,02
230099652001038,02
230099652001039,02
230099652001040,02
230099652001041,02
230099652001042,02
230099652001043,02
230099652001044,02
230099652001045,02
230099652002000,02
230099652002001,02
230099652002002,02
230099652002003,02
230099652002004,02
230099652002005,02
230099652002006,02
230099652002007,02
230099652002008,02
230099652002009,02
230099652002010,02
230099652002011,02
230099652002012,02
230099652002013,02
230099652002014,02
230099652002015,02
230099652002016,02
230099652002017,02
230099652002018,02
230099652002019,02
230099652002020,02
230099652002021,02
230099652002022,02
230099652002023,02
230099652002024,02
230099652002025,02
230099652002026,02
230099652002027,02
230099652002028,02
230099652002029,02
230099652002030,02
230099652002031,02
230099652002032,02
230099652002033,02
230099652002034,02
230099652002035,02
230099652002036,02
230099652002037,02
230099652002038,02
230099652002039,02
230099652002040,02
230099652002041,02
230099652002042,02
230099652002043,02
230099652002044,02
230099652002045,02
230099652002046,02
230099652002047,02
230099652002048,02
230099652002049,02
230099652002050,02
230099652002051,02
230099652002052,02
230099652002053,02
230099652002054,02
230099652002055,02
230099652002056,02
230099652002057,02
230099652002058,02
230099652002059,02
230099652002060,02
230099652002061,02
230099652002062,02
230099652002063,02
230099652002064,02
230099652002065,02
230099652002066,02
230099652002067,02
230099652002068,02
230099652002069,02
230099652002070,02
230099652002071,02
230099652002072,02
230099652002073,02
230099652002074,02
230099652002075,02
230099652002076,02
230099652002077,02
230099653001000,02
230099653001001,02
230099653001002,02
230099653001003,02
230099653001004,02
230099653001005,02
230099653001006,02
230099653001007,02
230099653001008,02
230099653001009,02
230099653001010,02
230099653001011,02
230099653001012,02
230099653001013,02
230099653001014,02
230099653001015,02
230099653001016,02
230099653001017,02
230099653001018,02
230099653001019,02
230099653001020,02
230099653001021,02
230099653001022,02
230099653001023,02
230099653001024,02
230099653001025,02
230099653001026,02
230099653001027,02
230099653001028,02
230099653001029,02
230099653001030,02
230099653001031,02
230099653001032,02
230099653001033,02
230099653001034,02
230099653001035,02
230099653001036,02
230099653001037,02
230099653001038,02
230099653001039,02
230099653001040,02
230099653001041,02
230099653001042,02
230099653002000,02
230099653002001,02
230099653002002,02
230099653002003,02
230099653002004,02
230099653002005,02
230099653002006,02
230099653002007,02
230099653002008,02
230099653002009,02
230099653002010,02
230099653002011,02
230099653002012,02
230099653002013,02
230099653002014,02
230099653002015,02
230099653002016,02
230099653002017,02
230099653002018,02
230099653002019,02
230099653002020,02
230099653002021,02
230099653002022,02
230099653002023,02
230099653002024,02
230099653002025,02
230099653002026,02
230099653002027,02
230099653003000,02
230099653003001,02
230099653003002,02
230099653003003,02
230099653003004,02
230099653003005,02
230099653003006,02
230099653003007,02
230099653003008,02
230099653003009,02
230099653003010,02
230099653003011,02
230099653003012,02
230099653003013,02
230099653003014,02
230099653003015,02
230099653003016,02
230099653003017,02
230099653003018,02
230099653003019,02
230099653003020,02
230099653003021,02
230099653004000,02
230099653004001,02
230099653004002,02
230099653004003,02
230099653004004,02
230099653004005,02
230099653004006,02
230099653004007,02
230099653004008,02
230099653004009,02
230099653004010,02
230099653004011,02
230099653004012,02
230099653004013,02
230099653004014,02
230099653004015,02
230099653004016,02
230099653004017,02
230099653004018,02
230099653004019,02
230099653004020,02
230099653004021,02
230099653004022,02
230099653004023,02
230099653004024,02
230099653004025,02
230099653004026,02
230099653004027,02
230099653004028,02
230099653004029,02
230099653004030,02
230099653005000,02
230099653005001,02
230099653005002,02
230099653005003,02
230099653005004,02
230099653005005,02
230099653005006,02
230099653005007,02
230099653005008,02
230099653005009,02
230099653005010,02
230099653005011,02
230099653005012,02
230099653005013,02
230099653005014,02
230099653005015,02
230099653005016,02
230099653005017,02
230099653005018,02
230099653005019,02
230099653005020,02
230099653005021,02
230099653005022,02
230099653005023,02
230099653005024,02
230099654001000,02
230099654001001,02
230099654001002,02
230099654001003,02
230099654001004,02
230099654001005,02
230099654001006,02
230099654001007,02
230099654001008,02
230099654001009,02
230099654001010,02
230099654001011,02
230099654001012,02
230099654001013,02
230099654001014,02
230099654001015,02
230099654001016,02
230099654001017,02
230099654001018,02
230099654001019,02
230099654001020,02
230099654001021,02
230099654001022,02
230099654001023,02
230099654001024,02
230099654001025,02
230099654001026,02
230099654001027,02
230099654001028,02
230099654001029,02
230099654001030,02
230099654001031,02
230099654001032,02
230099654001033,02
230099654001034,02
230099654001035,02
230099654001036,02
230099654001037,02
230099654001038,02
230099654001039,02
230099654001040,02
230099654001041,02
230099654001042,02
230099654001043,02
230099654001044,02
230099654001045,02
230099654002000,02
230099654002001,02
230099654002002,02
230099654002003,02
230099654002004,02
230099654002005,02
230099654002006,02
230099654002007,02
230099654002008,02
230099654002009,02
230099654002010,02
230099654002011,02
230099654002012,02
230099654002013,02
230099654002014,02
230099654002015,02
230099654002016,02
230099654002017,02
230099654002018,02
230099654002019,02
230099654002020,02
230099654002021,02
230099654002022,02
230099654002023,02
230099654002024,02
230099654002025,02
230099654002026,02
230099654002027,02
230099654002028,02
230099654002029,02
230099654002030,02
230099654002031,02
230099654002032,02
230099654002033,02
230099654002034,02
230099654002035,02
230099654002036,02
230099654002037,02
230099654002038,02
230099654002039,02
230099654002040,02
230099654003000,02
230099654003001,02
230099654003002,02
230099654003003,02
230099654003004,02
230099654003005,02
230099654003006,02
230099654003007,02
230099654003008,02
230099654003009,02
230099654003010,02
230099655031000,02
230099655031001,02
230099655031002,02
230099655031003,02
230099655031004,02
230099655031005,02
230099655031006,02
230099655031007,02
230099655031008,02
230099655031009,02
230099655031010,02
230099655031011,02
230099655031012,02
230099655031013,02
230099655031014,02
230099655031015,02
230099655031016,02
230099655031017,02
230099655031018,02
230099655031019,02
230099655031020,02
230099655031021,02
230099655031022,02
230099655031023,02
230099655032000,02
230099655032001,02
230099655032002,02
230099655032003,02
230099655032004,02
230099655032005,02
230099655032006,02
230099655032007,02
230099655032008,02
230099655032009,02
230099655032010,02
230099655032011,02
230099655032012,02
230099655032013,02
230099655032014,02
230099655032015,02
230099655032016,02
230099655032017,02
230099655032018,02
230099655032019,02
230099655032020,02
230099655032021,02
230099655032022,02
230099655032023,02
230099655032024,02
230099655032025,02
230099655032026,02
230099655032027,02
230099655032028,02
230099655032029,02
230099655032030,02
230099655032031,02
230099655032032,02
230099655032033,02
230099655032034,02
230099655032035,02
230099655032036,02
230099655032037,02
230099655032038,02
230099655032039,02
230099655032040,02
230099655032041,02
230099655032042,02
230099655032043,02
230099655032044,02
230099655032045,02
230099655032046,02
230099655032047,02
230099655032048,02
230099655032049,02
230099655032050,02
230099655032051,02
230099655032052,02
230099655032053,02
230099655033000,02
230099655033001,02
230099655033002,02
230099655033003,02
230099655033004,02
230099655033005,02
230099655033006,02
230099655033007,02
230099655033008,02
230099655033009,02
230099655033010,02
230099655033011,02
230099655033012,02
230099655033013,02
230099655033014,02
230099655033015,02
230099655033016,02
230099655033017,02
230099655033018,02
230099655033019,02
230099655033020,02
230099655033021,02
230099655033022,02
230099655033023,02
230099655033024,02
230099655033025,02
230099655033026,02
230099655033027,02
230099655033028,02
230099655033029,02
230099655033030,02
230099655033031,02
230099655033032,02
230099655033033,02
230099655041000,02
230099655041001,02
230099655041002,02
230099655041003,02
230099655041004,02
230099655041005,02
230099655041006,02
230099655041007,02
230099655041008,02
230099655041009,02
230099655041010,02
230099655041011,02
230099655041012,02
230099655041013,02
230099655041014,02
230099655041015,02
230099655041016,02
230099655041017,02
230099655041018,02
230099655041019,02
230099655041020,02
230099655041021,02
230099655041022,02
230099655041023,02
230099655041024,02
230099655041025,02
230099655041026,02
230099655041027,02
230099655041028,02
230099655041029,02
230099655041030,02
230099655041031,02
230099655041032,02
230099655041033,02
230099655041034,02
230099655041035,02
230099655041036,02
230099655041037,02
230099655041038,02
230099655041039,02
230099655041040,02
230099655041041,02
230099655041042,02
230099655041043,02
230099655041044,02
230099655041045,02
230099655041046,02
230099655041047,02
230099655041048,02
230099655041049,02
230099655041050,02
230099655041051,02
230099655041052,02
230099655041053,02
230099655041054,02
230099655041055,02
230099655041056,02
230099655041057,02
230099655041058,02
230099655041059,02
230099655041060,02
230099655041061,02
230099655041062,02
230099655041063,02
230099655041064,02
230099655041065,02
230099655042000,02
230099655042001,02
230099655042002,02
230099655042003,02
230099655042004,02
230099655042005,02
230099655042006,02
230099655042007,02
230099655042008,02
230099655042009,02
230099655042010,02
230099655042011,02
230099655042012,02
230099655042013,02
230099655042014,02
230099655042015,02
230099655042016,02
230099655042017,02
230099655042018,02
230099655042019,02
230099655042020,02
230099655042021,02
230099655042022,02
230099655042023,02
230099655042024,02
230099655042025,02
230099655042026,02
230099655042027,02
230099655042028,02
230099655042029,02
230099655042030,02
230099655042031,02
230099655042032,02
230099655042033,02
230099655042034,02
230099655042035,02
230099655042036,02
230099655042037,02
230099655042038,02
230099655042039,02
230099655042040,02
230099655042041,02
230099655042042,02
230099655042043,02
230099655042044,02
230099655042045,02
230099655042046,02
230099655042047,02
230099655042048,02
230099655042049,02
230099655042050,02
230099657001000,02
230099657001001,02
230099657001002,02
230099657001003,02
230099657001004,02
230099657001005,02
230099657001006,02
230099657001007,02
230099657001008,02
230099657001009,02
230099657001010,02
230099657001011,02
230099657001012,02
230099657001013,02
230099657001014,02
230099657001015,02
230099657001016,02
230099657001017,02
230099657001018,02
230099657001019,02
230099657001020,02
230099657001021,02
230099657001022,02
230099657001023,02
230099657001024,02
230099657001025,02
230099657001026,02
230099657001027,02
230099657001028,02
230099657001029,02
230099657001030,02
230099657001031,02
230099657001032,02
230099657001033,02
230099657001034,02
230099657001035,02
230099657001036,02
230099657001037,02
230099657001038,02
230099657001039,02
230099657001040,02
230099657001041,02
230099657001042,02
230099657001043,02
230099657001044,02
230099657001045,02
230099657001046,02
230099657001047,02
230099657001048,02
230099657001049,02
230099657001050,02
230099657001051,02
230099657001052,02
230099657001053,02
230099657001054,02
230099657001055,02
230099657001056,02
230099657001057,02
230099657001058,02
230099657001059,02
230099657001060,02
230099657001061,02
230099657001062,02
230099657001063,02
230099657001064,02
230099657001065,02
230099657001066,02
230099657001067,02
230099657001068,02
230099657001069,02
230099657002000,02
230099657002001,02
230099657002002,02
230099657002003,02
230099657002004,02
230099657002005,02
230099657002006,02
230099657002007,02
230099657002008,02
230099657002009,02
230099657002010,02
230099657002011,02
230099657002012,02
230099657002013,02
230099657002014,02
230099657002015,02
230099657002016,02
230099657002017,02
230099657002018,02
230099657002019,02
230099657002020,02
230099657002021,02
230099657002022,02
230099657002023,02
230099657002024,02
230099657002025,02
230099657002026,02
230099657002027,02
230099657002028,02
230099657002029,02
230099657002030,02
230099657002031,02
230099657002032,02
230099657002033,02
230099657002034,02
230099657002035,02
230099657002036,02
230099657002037,02
230099657002038,02
230099657002039,02
230099657002040,02
230099657002041,02
230099657002042,02
230099657002043,02
230099657002044,02
230099657002045,02
230099657002046,02
230099657002047,02
230099657002048,02
230099657002049,02
230099657002050,02
230099657002051,02
230099657002052,02
230099657002053,02
230099657002054,02
230099657002055,02
230099657002056,02
230099657002057,02
230099657002058,02
230099657002059,02
230099657002060,02
230099657002061,02
230099657002062,02
230099657002063,02
230099657002064,02
230099657002065,02
230099657002066,02
230099657002067,02
230099657002068,02
230099657002069,02
230099657002070,02
230099657002071,02
230099657002072,02
230099657002073,02
230099657002074,02
230099657002075,02
230099657002076,02
230099657002077,02
230099657002078,02
230099657002079,02
230099657002080,02
230099657002081,02
230099657002082,02
230099657002083,02
230099657002084,02
230099658001000,02
230099658001001,02
230099658001002,02
230099658001003,02
230099658001004,02
230099658001005,02
230099658001006,02
230099658001007,02
230099658001008,02
230099658001009,02
230099658001010,02
230099658001011,02
230099658001012,02
230099658001013,02
230099658001014,02
230099658001015,02
230099658001016,02
230099658001017,02
230099658001018,02
230099658001019,02
230099658001020,02
230099658001021,02
230099658001022,02
230099658001023,02
230099658001024,02
230099658001025,02
230099658001026,02
230099658001027,02
230099658001028,02
230099658001029,02
230099658001030,02
230099658001031,02
230099658001032,02
230099658001033,02
230099658001034,02
230099658001035,02
230099658001036,02
230099658001037,02
230099658001038,02
230099658001039,02
230099658001040,02
230099658001041,02
230099658001042,02
230099658001043,02
230099658001044,02
230099658001045,02
230099658001046,02
230099658001047,02
230099658001048,02
230099658002000,02
230099658002001,02
230099658002002,02
230099658002003,02
230099658002004,02
230099658002005,02
230099658002006,02
230099658002007,02
230099658002008,02
230099658002009,02
230099658002010,02
230099658002011,02
230099658002012,02
230099658002013,02
230099658002014,02
230099658002015,02
230099658002016,02
230099658002017,02
230099658002018,02
230099658002019,02
230099658002020,02
230099658002021,02
230099658002022,02
230099658002023,02
230099658002024,02
230099658002025,02
230099658002026,02
230099658002027,02
230099658002028,02
230099658002029,02
230099658002030,02
230099658002031,02
230099658002032,02
230099658002033,02
230099658002034,02
230099658002035,02
230099658002036,02
230099658002037,02
230099658002038,02
230099658002039,02
230099658002040,02
230099658002041,02
230099658003000,02
230099658003001,02
230099658003002,02
230099658003003,02
230099658003004,02
230099658003005,02
230099658003006,02
230099658003007,02
230099658003008,02
230099658003009,02
230099658003010,02
230099658003011,02
230099658003012,02
230099658003013,02
230099658003014,02
230099658003015,02
230099658003016,02
230099658003017,02
230099658003018,02
230099658003019,02
230099658003020,02
230099658003021,02
230099658003022,02
230099658003023,02
230099658003024,02
230099658003025,02
230099658003026,02
230099659001000,02
230099659001001,02
230099659001002,02
230099659001003,02
230099659001004,02
230099659001005,02
230099659001006,02
230099659001007,02
230099659001008,02
230099659001009,02
230099659001010,02
230099659001011,02
230099659001012,02
230099659001013,02
230099659001014,02
230099659001015,02
230099659001016,02
230099659001017,02
230099659001018,02
230099659001019,02
230099659001020,02
230099659001021,02
230099659001022,02
230099659001023,02
230099659001024,02
230099659001025,02
230099659002000,02
230099659002001,02
230099659002002,02
230099659002003,02
230099659002004,02
230099659002005,02
230099659002006,02
230099659002007,02
230099659002008,02
230099659002009,02
230099659002010,02
230099659002011,02
230099659002012,02
230099659002013,02
230099659002014,02
230099659002015,02
230099659002016,02
230099659002017,02
230099659002018,02
230099659002019,02
230099659002020,02
230099659002021,02
230099659002022,02
230099659002023,02
230099659002024,02
230099659002025,02
230099659002026,02
230099659002027,02
230099659002028,02
230099659002029,02
230099659002030,02
230099659002031,02
230099659002032,02
230099659002033,02
230099659002034,02
230099659002035,02
230099659002036,02
230099659002037,02
230099659002038,02
230099659002039,02
230099659002040,02
230099659002041,02
230099659002042,02
230099659002043,02
230099659002044,02
230099659002045,02
230099659002046,02
230099659002047,02
230099659002048,02
230099659002049,02
230099659002050,02
230099659002051,02
230099659002052,02
230099659002053,02
230099659002054,02
230099659002055,02
230099659002056,02
230099659002057,02
230099659002058,02
230099659003000,02
230099659003001,02
230099659003002,02
230099659003003,02
230099659003004,02
230099659003005,02
230099659003006,02
230099659003007,02
230099659003008,02
230099659003009,02
230099659003010,02
230099659003011,02
230099659003012,02
230099659003013,02
230099659003014,02
230099659003015,02
230099659003016,02
230099659003017,02
230099659003018,02
230099659003019,02
230099659003020,02
230099659003021,02
230099659003022,02
230099659003023,02
230099659003024,02
230099659003025,02
230099659003026,02
230099659003027,02
230099659003028,02
230099659003029,02
230099659003030,02
230099659004000,02
230099659004001,02
230099659004002,02
230099659004003,02
230099659004004,02
230099659004005,02
230099659004006,02
230099659004007,02
230099659004008,02
230099659004009,02
230099659004010,02
230099659004011,02
230099659004012,02
230099659004013,02
230099659004014,02
230099659004015,02
230099659004016,02
230099659004017,02
230099659004018,02
230099659004019,02
230099659004020,02
230099659004021,02
230099659004022,02
230099659004023,02
230099659004024,02
230099659004025,02
230099659004026,02
230099659004027,02
230099659004028,02
230099659004029,02
230099659004030,02
230099659004031,02
230099659004032,02
230099659004033,02
230099659004034,02
230099659004035,02
230099659004036,02
230099659004037,02
230099659004038,02
230099659004039,02
230099659004040,02
230099659004041,02
230099659004042,02
230099659004043,02
230099659004044,02
230099659004045,02
230099659005000,02
230099659005001,02
230099659005002,02
230099659005003,02
230099659005004,02
230099659005005,02
230099659005006,02
230099659005007,02
230099659005008,02
230099659005009,02
230099659005010,02
230099659005011,02
230099659005012,02
230099659005013,02
230099659005014,02
230099659005015,02
230099659005016,02
230099659005017,02
230099659005018,02
230099659005019,02
230099659005020,02
230099659005021,02
230099659005022,02
230099659005023,02
230099659005024,02
230099659005025,02
230099659005026,02
230099659005027,02
230099659005028,02
230099659005029,02
230099659005030,02
230099659005031,02
230099659005032,02
230099659005033,02
230099659005034,02
230099659005035,02
230099659005036,02
230099659005037,02
230099659005038,02
230099659005039,02
230099659005040,02
230099659005041,02
230099659005042,02
230099659005043,02
230099659005044,02
230099659005045,02
230099659005046,02
230099659005047,02
230099659005048,02
230099659005049,02
230099659005050,02
230099659005051,02
230099659005052,02
230099659005053,02
230099659005054,02
230099659005055,02
230099659005056,02
230099659005057,02
230099659005058,02
230099659005059,02
230099659005060,02
230099659005061,02
230099659005062,02
230099659005063,02
230099659005064,02
230099659005065,02
230099659005066,02
230099659005067,02
230099659005068,02
230099659005069,02
230099659005070,02
230099659005071,02
230099659005072,02
230099659005073,02
230099660001000,02
230099660001001,02
230099660001002,02
230099660001003,02
230099660001004,02
230099660001005,02
230099660001006,02
230099660001007,02
230099660001008,02
230099660001009,02
230099660001010,02
230099660001011,02
230099660001012,02
230099660001013,02
230099660001014,02
230099660001015,02
230099660001016,02
230099660001017,02
230099660001018,02
230099660001019,02
230099660001020,02
230099660001021,02
230099660001022,02
230099660001023,02
230099660001024,02
230099660001025,02
230099660001026,02
230099660001027,02
230099660001028,02
230099660001029,02
230099660001030,02
230099660001031,02
230099660001032,02
230099660001033,02
230099660001034,02
230099660001035,02
230099660001036,02
230099660001037,02
230099660001038,02
230099660001039,02
230099660001040,02
230099660001041,02
230099660001042,02
230099660001043,02
230099660001044,02
230099660001045,02
230099660001046,02
230099660001047,02
230099660001048,02
230099660001049,02
230099660001050,02
230099660001051,02
230099660001052,02
230099660001053,02
230099660001054,02
230099660001055,02
230099660001056,02
230099660001057,02
230099660001058,02
230099660001059,02
230099660001060,02
230099660001061,02
230099660001062,02
230099660001063,02
230099660001064,02
230099660001065,02
230099660001066,02
230099660001067,02
230099660001068,02
230099660001069,02
230099660001070,02
230099660002000,02
230099660002001,02
230099660002002,02
230099660002003,02
230099660002004,02
230099660002005,02
230099660002006,02
230099660002007,02
230099660002008,02
230099660002009,02
230099660002010,02
230099660002011,02
230099660002012,02
230099660002013,02
230099660002014,02
230099660002015,02
230099660002016,02
230099660002017,02
230099660002018,02
230099660002019,02
230099660002020,02
230099660002021,02
230099660002022,02
230099660002023,02
230099660002024,02
230099660002025,02
230099660002026,02
230099660002027,02
230099660002028,02
230099660002029,02
230099660002030,02
230099660002031,02
230099660002032,02
230099660002033,02
230099660002034,02
230099660002035,02
230099660002036,02
230099660002037,02
230099660002038,02
230099660002039,02
230099660002040,02
230099660002041,02
230099660002042,02
230099660002043,02
230099660002044,02
230099660002045,02
230099660002046,02
230099660002047,02
230099660002048,02
230099660002049,02
230099660002050,02
230099660002051,02
230099660002052,02
230099660002053,02
230099660002054,02
230099660002055,02
230099660002056,02
230099660002057,02
230099660002058,02
230099660002059,02
230099660002060,02
230099660002061,02
230099660002062,02
230099660002063,02
230099660002064,02
230099660002065,02
230099660002066,02
230099660002067,02
230099660002068,02
230099660002069,02
230099660002070,02
230099660002071,02
230099660002072,02
230099660002073,02
230099660002074,02
230099660002075,02
230099660002076,02
230099660002077,02
230099660002078,02
230099660002079,02
230099660002080,02
230099660002081,02
230099660002082,02
230099660002083,02
230099660002084,02
230099660002085,02
230099660002086,02
230099660002087,02
230099660002088,02
230099660002089,02
230099660002090,02
230099660002091,02
230099660002092,02
230099660002093,02
230099660002094,02
230099660002095,02
230099660002096,02
230099661001000,02
230099661001001,02
230099661001002,02
230099661001003,02
230099661001004,02
230099661001005,02
230099661001006,02
230099661001007,02
230099661001008,02
230099661001009,02
230099661001010,02
230099661001011,02
230099661001012,02
230099661001013,02
230099661001014,02
230099661001015,02
230099661001016,02
230099661001017,02
230099661001018,02
230099661001019,02
230099661001020,02
230099661001021,02
230099661001022,02
230099661001023,02
230099661001024,02
230099661001025,02
230099661001026,02
230099661001027,02
230099661001028,02
230099661001029,02
230099661001030,02
230099661001031,02
230099661001032,02
230099661001033,02
230099661001034,02
230099661001035,02
230099661001036,02
230099661001037,02
230099661001038,02
230099661001039,02
230099661001040,02
230099661001041,02
230099661002000,02
230099661002001,02
230099661002002,02
230099661002003,02
230099661002004,02
230099661002005,02
230099661002006,02
230099661002007,02
230099661002008,02
230099661002009,02
230099661002010,02
230099661002011,02
230099661002012,02
230099661002013,02
230099661002014,02
230099661002015,02
230099661002016,02
230099661002017,02
230099661002018,02
230099661002019,02
230099661002020,02
230099661002021,02
230099661002022,02
230099661002023,02
230099661002024,02
230099661002025,02
230099661002026,02
230099661002027,02
230099661002028,02
230099661002029,02
230099661002030,02
230099661002031,02
230099661002032,02
230099661002033,02
230099661002034,02
230099661002035,02
230099661002036,02
230099661002037,02
230099661002038,02
230099661002039,02
230099662001000,02
230099662001001,02
230099662001002,02
230099662001003,02
230099662001004,02
230099662001005,02
230099662001006,02
230099662001007,02
230099662001008,02
230099662001009,02
230099662001010,02
230099662001011,02
230099662001012,02
230099662001013,02
230099662001014,02
230099662001015,02
230099662001016,02
230099662001017,02
230099662001018,02
230099662001019,02
230099662001020,02
230099662001021,02
230099662001022,02
230099662001023,02
230099662001024,02
230099662001025,02
230099662001026,02
230099662001027,02
230099662001028,02
230099662001029,02
230099662001030,02
230099662001031,02
230099662001032,02
230099662001033,02
230099662001034,02
230099662001035,02
230099662001036,02
230099662001037,02
230099662001038,02
230099662001039,02
230099662002000,02
230099662002001,02
230099662002002,02
230099662002003,02
230099662002004,02
230099662002005,02
230099662002006,02
230099662002007,02
230099662002008,02
230099662002009,02
230099662002010,02
230099662002011,02
230099662002012,02
230099662002013,02
230099662002014,02
230099662002015,02
230099662002016,02
230099662002017,02
230099662002018,02
230099662002019,02
230099662002020,02
230099662002021,02
230099662002022,02
230099662002023,02
230099662002024,02
230099662002025,02
230099662002026,02
230099662002027,02
230099662002028,02
230099662002029,02
230099662002030,02
230099662002031,02
230099662002032,02
230099662002033,02
230099662002034,02
230099662002035,02
230099662002036,02
230099662002037,02
230099662002038,02
230099662002039,02
230099662002040,02
230099662002041,02
230099662002042,02
230099662002043,02
230099662002044,02
230099662002045,02
230099662002046,02
230099662002047,02
230099662002048,02
230099662002049,02
230099662002050,02
230099662002051,02
230099662002052,02
230099662002053,02
230099662002054,02
230099662002055,02
230099662002056,02
230099662002057,02
230099662002058,02
230099662002059,02
230099662002060,02
230099662002061,02
230099662002062,02
230099662002063,02
230099662002064,02
230099662002065,02
230099662002066,02
230099662002067,02
230099662002068,02
230099662002069,02
230099662002070,02
230099662002071,02
230099662002072,02
230099662002073,02
230099662002074,02
230099662002075,02
230099662002076,02
230099662002077,02
230099662002078,02
230099662002079,02
230099662002080,02
230099662002081,02
230099662002082,02
230099662002083,02
230099662002084,02
230099662002085,02
230099662002086,02
230099662002087,02
230099662002088,02
230099662002089,02
230099662002090,02
230099662002091,02
230099662002092,02
230099662002093,02
230099663001000,02
230099663001001,02
230099663001002,02
230099663001003,02
230099663001004,02
230099663001005,02
230099663001006,02
230099663001007,02
230099663001008,02
230099663001009,02
230099663001010,02
230099663001011,02
230099663001012,02
230099663001013,02
230099663001014,02
230099663001015,02
230099663001016,02
230099663001017,02
230099663001018,02
230099663001019,02
230099663001020,02
230099663001021,02
230099663001022,02
230099663001023,02
230099663001024,02
230099663001025,02
230099663001026,02
230099663001027,02
230099663001028,02
230099663001029,02
230099663001030,02
230099663001031,02
230099663001032,02
230099663001033,02
230099663001034,02
230099663001035,02
230099663001036,02
230099663001037,02
230099663001038,02
230099663001039,02
230099663001040,02
230099663001041,02
230099663001042,02
230099663001043,02
230099663001044,02
230099663001045,02
230099663001046,02
230099663001047,02
230099663001048,02
230099663002000,02
230099663002001,02
230099663002002,02
230099663002003,02
230099663002004,02
230099663002005,02
230099663002006,02
230099663002007,02
230099663002008,02
230099663002009,02
230099663002010,02
230099663002011,02
230099663002012,02
230099663002013,02
230099663002014,02
230099663002015,02
230099663002016,02
230099663002017,02
230099663002018,02
230099663002019,02
230099663002020,02
230099663002021,02
230099663002022,02
230099663002023,02
230099663002024,02
230099663002025,02
230099663002026,02
230099663002027,02
230099663002028,02
230099663002029,02
230099663002030,02
230099663002031,02
230099663002032,02
230099663002033,02
230099663002034,02
230099663002035,02
230099663002036,02
230099663002037,02
230099663002038,02
230099663002039,02
230099663002040,02
230099663002041,02
230099663002042,02
230099663002043,02
230099663002044,02
230099663002045,02
230099663002046,02
230099663002047,02
230099663002048,02
230099663002049,02
230099663002050,02
230099663003000,02
230099663003001,02
230099663003002,02
230099663003003,02
230099663003004,02
230099663003005,02
230099663003006,02
230099663003007,02
230099663003008,02
230099663003009,02
230099663003010,02
230099663003011,02
230099663003012,02
230099663003013,02
230099663003014,02
230099663003015,02
230099663003016,02
230099663003017,02
230099663003018,02
230099663003019,02
230099663003020,02
230099663003021,02
230099663003022,02
230099663003023,02
230099663003024,02
230099663003025,02
230099663003026,02
230099663003027,02
230099663003028,02
230099663003029,02
230099663003030,02
230099663003031,02
230099663003032,02
230099663003033,02
230099663003034,02
230099663003035,02
230099663003036,02
230099663003037,02
230099663003038,02
230099663003039,02
230099663003040,02
230099663003041,02
230099663003042,02
230099664001000,02
230099664001001,02
230099664001002,02
230099664001003,02
230099664001004,02
230099664001005,02
230099664001006,02
230099664001007,02
230099664001008,02
230099664001009,02
230099664001010,02
230099664001011,02
230099664001012,02
230099664001013,02
230099664001014,02
230099664001015,02
230099664001016,02
230099664001017,02
230099664001018,02
230099664001019,02
230099664001020,02
230099664001021,02
230099664001022,02
230099664001023,02
230099664001024,02
230099664001025,02
230099664001026,02
230099664001027,02
230099664001028,02
230099664001029,02
230099664001030,02
230099664001031,02
230099664001032,02
230099664001033,02
230099664001034,02
230099664001035,02
230099664001036,02
230099664001037,02
230099664001038,02
230099664001039,02
230099664001040,02
230099664001041,02
230099664001042,02
230099664001043,02
230099664001044,02
230099664001045,02
230099664001046,02
230099664001047,02
230099664001048,02
230099664001049,02
230099664001050,02
230099664002000,02
230099664002001,02
230099664002002,02
230099664002003,02
230099664002004,02
230099664002005,02
230099664002006,02
230099664002007,02
230099664002008,02
230099664002009,02
230099664002010,02
230099664002011,02
230099664002012,02
230099664002013,02
230099664002014,02
230099664002015,02
230099664002016,02
230099664002017,02
230099664002018,02
230099664002019,02
230099664002020,02
230099664002021,02
230099664002022,02
230099664002023,02
230099664002024,02
230099664002025,02
230099664002026,02
230099664002027,02
230099664002028,02
230099664002029,02
230099664002030,02
230099664002031,02
230099664002032,02
230099664002033,02
230099664002034,02
230099664002035,02
230099664002036,02
230099664002037,02
230099664002038,02
230099664002039,02
230099664002040,02
230099664002041,02
230099665001000,02
230099665001001,02
230099665001002,02
230099665001003,02
230099665001004,02
230099665001005,02
230099665001006,02
230099665001007,02
230099665001008,02
230099665001009,02
230099665001010,02
230099665001011,02
230099665001012,02
230099665001013,02
230099665001014,02
230099665001015,02
230099665001016,02
230099665001017,02
230099665001018,02
230099665001019,02
230099665001020,02
230099665001021,02
230099665001022,02
230099665001023,02
230099665001024,02
230099665001025,02
230099665001026,02
230099665001027,02
230099665001028,02
230099665001029,02
230099665001030,02
230099665001031,02
230099665001032,02
230099665001033,02
230099665001034,02
230099665001035,02
230099665001036,02
230099665001037,02
230099665001038,02
230099665001039,02
230099665001040,02
230099665001041,02
230099665002000,02
230099665002001,02
230099665002002,02
230099665002003,02
230099665002004,02
230099665002005,02
230099665002006,02
230099665002007,02
230099665002008,02
230099665002009,02
230099665002010,02
230099665002011,02
230099665002012,02
230099665002013,02
230099665002014,02
230099665002015,02
230099665002016,02
230099665002017,02
230099665002018,02
230099665002019,02
230099665002020,02
230099665002021,02
230099665002022,02
230099665002023,02
230099665002024,02
230099665002025,02
230099665002026,02
230099665002027,02
230099665002028,02
230099665002029,02
230099665002030,02
230099665002031,02
230099665002032,02
230099665002033,02
230099665002034,02
230099665002035,02
230099665002036,02
230099665002037,02
230099665002038,02
230099665002039,02
230099665002040,02
230099665002041,02
230099665002042,02
230099665002043,02
230099665002044,02
230099665002045,02
230099665002046,02
230099665003000,02
230099665003001,02
230099665003002,02
230099665003003,02
230099665003004,02
230099665003005,02
230099665003006,02
230099665003007,02
230099665003008,02
230099665003009,02
230099665003010,02
230099665003011,02
230099665003012,02
230099665003013,02
230099665003014,02
230099665003015,02
230099665003016,02
230099665003017,02
230099665003018,02
230099665003019,02
230099665003020,02
230099665003021,02
230099665003022,02
230099665003023,02
230099665003024,02
230099665003025,02
230099665003026,02
230099665003027,02
230099665003028,02
230099665003029,02
230099665003030,02
230099665003031,02
230099665003032,02
230099665003033,02
230099665003034,02
230099665003035,02
230099665003036,02
230099665003037,02
230099665003038,02
230099665003039,02
230099665003040,02
230099665003041,02
230099665003042,02
230099665003043,02
230099665003044,02
230099665003045,02
230099665003046,02
230099665003047,02
230099665003048,02
230099665003049,02
230099665003050,02
230099665003051,02
230099665003052,02
230099665003053,02
230099665003054,02
230099665003055,02
230099666001000,02
230099666001001,02
230099666001002,02
230099666001003,02
230099666001004,02
230099666001005,02
230099666001006,02
230099666001007,02
230099666001008,02
230099666001009,02
230099666001010,02
230099666001011,02
230099666001012,02
230099666001013,02
230099666001014,02
230099666001015,02
230099666001016,02
230099666001017,02
230099666001018,02
230099666001019,02
230099666001020,02
230099666001021,02
230099666001022,02
230099666001023,02
230099666001024,02
230099666001025,02
230099666001026,02
230099666001027,02
230099666001028,02
230099666001029,02
230099666001030,02
230099666001031,02
230099666001032,02
230099666001033,02
230099666001034,02
230099666002000,02
230099666002001,02
230099666002002,02
230099666002003,02
230099666002004,02
230099666002005,02
230099666002006,02
230099666002007,02
230099666002008,02
230099666002009,02
230099666002010,02
230099666002011,02
230099666002012,02
230099666002013,02
230099666002014,02
230099666002015,02
230099666002016,02
230099666002017,02
230099666002018,02
230099666002019,02
230099666002020,02
230099666002021,02
230099666002022,02
230099666002023,02
230099666002024,02
230099666002025,02
230099666002026,02
230099666002027,02
230099666002028,02
230099666002029,02
230099666002030,02
230099666002031,02
230099666002032,02
230099666002033,02
230099666002034,02
230099666002035,02
230099666002036,02
230099666002037,02
230099666002038,02
230099666002039,02
230099666002040,02
230099666002041,02
230099666002042,02
230099666002043,02
230099666002044,02
230099666002045,02
230099666002046,02
230099666002047,02
230099666002048,02
230099666002049,02
230099666002050,02
230099666002051,02
230099666002052,02
230099666002053,02
230099666002054,02
230099666003000,02
230099666003001,02
230099666003002,02
230099666003003,02
230099666003004,02
230099666003005,02
230099666003006,02
230099666003007,02
230099666003008,02
230099666003009,02
230099666003010,02
230099666003011,02
230099666003012,02
230099666003013,02
230099666003014,02
230099666003015,02
230099666003016,02
230099666003017,02
230099666003018,02
230099666003019,02
230099666003020,02
230099666003021,02
230099666003022,02
230099666003023,02
230099666003024,02
230099666003025,02
230099666003026,02
230099666003027,02
230099666003028,02
230099666003029,02
230099666003030,02
230099666003031,02
230099666003032,02
230099666003033,02
230099666003034,02
230099666003035,02
230099666003036,02
230099666003037,02
230099667001000,02
230099667001001,02
230099667001002,02
230099667001003,02
230099667001004,02
230099667001005,02
230099667001006,02
230099667001007,02
230099667001008,02
230099667001009,02
230099667001010,02
230099667001011,02
230099667001012,02
230099667001013,02
230099667001014,02
230099667001015,02
230099667001016,02
230099667001017,02
230099667001018,02
230099667001019,02
230099667001020,02
230099667001021,02
230099667001022,02
230099667001023,02
230099667001024,02
230099667001025,02
230099667001026,02
230099667001027,02
230099667001028,02
230099667001029,02
230099667001030,02
230099667001031,02
230099667001032,02
230099667001033,02
230099667001034,02
230099667001035,02
230099667001036,02
230099667001037,02
230099667002000,02
230099667002001,02
230099667002002,02
230099667002003,02
230099667002004,02
230099667002005,02
230099667002006,02
230099667002007,02
230099667002008,02
230099667002009,02
230099667002010,02
230099667002011,02
230099667002012,02
230099667002013,02
230099667002014,02
230099667002015,02
230099667002016,02
230099667002017,02
230099667002018,02
230099667002019,02
230099667002020,02
230099667002021,02
230099667002022,02
230099667002023,02
230099667002024,02
230099667002025,02
230099667002026,02
230099667002027,02
230099667002028,02
230099667002029,02
230099667002030,02
230099667002031,02
230099667002032,02
230099667002033,02
230099667002034,02
230099667002035,02
230099667002036,02
230099667002037,02
230099667002038,02
230099667002039,02
230099667002040,02
230099667002041,02
230099667002042,02
230099667002043,02
230099667002044,02
230099667002045,02
230099667003000,02
230099667003001,02
230099667003002,02
230099667003003,02
230099667003004,02
230099667003005,02
230099667003006,02
230099667003007,02
230099667003008,02
230099667003009,02
230099667003010,02
230099667003011,02
230099667003012,02
230099667003013,02
230099667003014,02
230099667003015,02
230099667003016,02
230099667003017,02
230099667003018,02
230099667003019,02
230099667003020,02
230099667003021,02
230099667003022,02
230099667003023,02
230099667003024,02
230099667003025,02
230099667003026,02
230099667003027,02
230099667003028,02
230099667003029,02
230099667003030,02
230099667003031,02
230099667003032,02
230099667004000,02
230099667004001,02
230099667004002,02
230099667004003,02
230099667004004,02
230099667004005,02
230099667004006,02
230099667004007,02
230099667004008,02
230099667004009,02
230099667004010,02
230099667004011,02
230099667004012,02
230099667004013,02
230099667004014,02
230099667004015,02
230099667004016,02
230099667004017,02
230099667004018,02
230099667004019,02
230099667004020,02
230099667004021,02
230099667004022,02
230099667004023,02
230099667004024,02
230099667004025,02
230099667004026,02
230099667004027,02
230099900000001,02
230099900000002,02
230099900000003,02
230099900000004,02
230099900000005,02
230099900000006,02
230099900000007,02
230099900000008,02
230110101001000,02
230110101001001,02
230110101001002,02
230110101001003,02
230110101001004,02
230110101001005,02
230110101001006,02
230110101001007,02
230110101001008,02
230110101001009,02
230110101001010,02
230110101001011,02
230110101001012,02
230110101001013,02
230110101001014,02
230110101001015,02
230110101001016,02
230110101001017,02
230110101001018,02
230110101001019,02
230110101001020,02
230110101001021,02
230110101001022,02
230110101001023,02
230110101001024,02
230110101001025,02
230110101002000,02
230110101002001,02
230110101002002,02
230110101002003,02
230110101002004,02
230110101002005,02
230110101002006,02
230110101002007,02
230110101002008,02
230110101002009,02
230110101002010,02
230110101002011,02
230110101002012,02
230110101002013,02
230110101002014,02
230110101003000,02
230110101003001,02
230110101003002,02
230110101003003,02
230110101003004,02
230110101003005,02
230110101003006,02
230110101003007,02
230110101003008,02
230110101003009,02
230110101003010,02
230110101003011,02
230110101003012,02
230110101003013,02
230110101003014,02
230110101003015,02
230110101003016,02
230110101003017,02
230110101003018,02
230110101003019,02
230110101003020,02
230110101003021,02
230110101003022,02
230110101003023,02
230110101003024,02
230110101004000,02
230110101004001,02
230110101004002,02
230110101004003,02
230110101004004,02
230110101004005,02
230110101004006,02
230110101004007,02
230110101004008,02
230110101004009,02
230110101004010,02
230110101004011,02
230110101004012,02
230110101004013,02
230110101004014,02
230110101004015,02
230110101004016,02
230110101005000,02
230110101005001,02
230110101005002,02
230110101005003,02
230110101005004,02
230110101005005,02
230110101005006,02
230110101005007,02
230110101005008,02
230110101005009,02
230110101005010,02
230110101005011,02
230110101005012,02
230110101005013,02
230110101005014,02
230110101005015,02
230110101005016,02
230110101005017,02
230110101005018,02
230110102001000,02
230110102001001,02
230110102001002,02
230110102001003,02
230110102001004,02
230110102001005,02
230110102001006,02
230110102001007,02
230110102001008,02
230110102001009,02
230110102001010,02
230110102001011,02
230110102001012,02
230110102001013,02
230110102001014,02
230110102001015,02
230110102001016,02
230110102001017,02
230110102001018,02
230110102001019,02
230110102001020,02
230110102001021,02
230110102001022,02
230110102001023,02
230110102001024,02
230110102001025,02
230110102001026,02
230110102001027,02
230110102001028,02
230110102001029,02
230110102001030,02
230110102002000,02
230110102002001,02
230110102002002,02
230110102002003,02
230110102002004,02
230110102002005,02
230110102002006,02
230110102002007,02
230110102002008,02
230110102002009,02
230110102002010,02
230110102002011,02
230110102002012,02
230110102002013,02
230110102002014,02
230110102002015,02
230110102002016,02
230110102002017,02
230110102002018,02
230110102002019,02
230110102002020,02
230110102002021,02
230110102002022,02
230110102002023,02
230110102002024,02
230110102003000,02
230110102003001,02
230110102003002,02
230110102003003,02
230110102003004,02
230110102003005,02
230110102003006,02
230110102003007,02
230110102003008,02
230110102003009,02
230110102003010,02
230110102003011,02
230110102004000,02
230110102004001,02
230110102004002,02
230110102004003,02
230110102004004,02
230110102004005,02
230110102004006,02
230110102004007,02
230110102004008,02
230110102004009,02
230110102004010,02
230110102004011,02
230110102004012,02
230110102004013,02
230110102004014,02
230110102004015,02
230110102004016,02
230110103001000,02
230110103001001,02
230110103001002,02
230110103001003,02
230110103001004,02
230110103001005,02
230110103001006,02
230110103001007,02
230110103001008,02
230110103001009,02
230110103001010,02
230110103001011,02
230110103001012,02
230110103001013,02
230110103001014,02
230110103001015,02
230110103001016,02
230110103001017,02
230110103001018,02
230110103001019,02
230110103001020,02
230110103001021,02
230110103002000,02
230110103002001,02
230110103002002,02
230110103002003,02
230110103002004,02
230110103002005,02
230110103002006,02
230110103002007,02
230110103002008,02
230110103002009,02
230110103002010,02
230110103002011,02
230110103002012,02
230110103002013,02
230110103002014,02
230110103003000,02
230110103003001,02
230110103003002,02
230110103003003,02
230110103003004,02
230110103003005,02
230110103003006,02
230110103003007,02
230110103003008,02
230110103003009,02
230110103003010,02
230110103003011,02
230110103003012,02
230110103003013,02
230110103003014,02
230110103003015,02
230110103003016,02
230110103003017,02
230110103003018,02
230110103003019,02
230110103003020,02
230110103003021,02
230110103003022,02
230110103003023,02
230110103003024,02
230110103003025,02
230110103004000,02
230110103004001,02
230110103004002,02
230110103004003,02
230110103004004,02
230110103004005,02
230110103004006,02
230110103004007,02
230110103004008,02
230110103004009,02
230110103004010,02
230110103004011,02
230110103004012,02
230110103004013,02
230110103004014,02
230110103004015,02
230110103004016,02
230110103004017,02
230110103004018,02
230110103004019,02
230110103004020,02
230110103004021,02
230110103004022,02
230110104001000,02
230110104001001,02
230110104001002,02
230110104001003,02
230110104001004,02
230110104001005,02
230110104001006,02
230110104001007,02
230110104001008,02
230110104001009,02
230110104001010,02
230110104001011,02
230110104001012,02
230110104001013,02
230110104001014,02
230110104001015,02
230110104001016,02
230110104001017,02
230110104001018,02
230110104001019,02
230110104001020,02
230110104001021,02
230110104001022,02
230110104001023,02
230110104001024,02
230110104001025,02
230110104001026,02
230110104001027,02
230110104001028,02
230110104002000,02
230110104002001,02
230110104002002,02
230110104002003,02
230110104002004,02
230110104002005,02
230110104002006,02
230110104002007,02
230110104002008,02
230110104002009,02
230110104002010,02
230110104002011,02
230110104002012,02
230110104002013,02
230110104002014,02
230110104002015,02
230110104002016,02
230110104002017,02
230110104002018,02
230110104002019,02
230110104002020,02
230110104002021,02
230110104002022,02
230110104002023,02
230110104002024,02
230110104002025,02
230110104002026,02
230110104002027,02
230110104002028,02
230110104002029,02
230110104002030,02
230110104002031,02
230110104002032,02
230110104002033,02
230110104002034,02
230110104002035,02
230110104002036,02
230110105001000,02
230110105001001,02
230110105001002,02
230110105001003,02
230110105001004,02
230110105001005,02
230110105001006,02
230110105001007,02
230110105001008,02
230110105001009,02
230110105001010,02
230110105001011,02
230110105001012,02
230110105001013,02
230110105001014,02
230110105001015,02
230110105001016,02
230110105001017,02
230110105001018,02
230110105001019,02
230110105001020,02
230110105001021,02
230110105001022,02
230110105001023,02
230110105001024,02
230110105001025,02
230110105002000,02
230110105002001,02
230110105002002,02
230110105002003,02
230110105002004,02
230110105002005,02
230110105002006,02
230110105002007,02
230110105002008,02
230110105002009,02
230110105002010,02
230110105002011,02
230110105002012,02
230110105002013,02
230110105002014,02
230110105002015,02
230110105002016,02
230110105002017,02
230110105002018,02
230110105002019,02
230110105002020,02
230110105002021,02
230110105002022,02
230110105002023,02
230110105002024,02
230110105002025,02
230110105002026,02
230110105002027,02
230110105003000,02
230110105003001,02
230110105003002,02
230110105003003,02
230110105003004,02
230110105003005,02
230110105003006,02
230110105003007,02
230110105003008,02
230110105003009,02
230110105003010,02
230110105003011,02
230110105003012,02
230110105003013,02
230110105003014,02
230110105003015,02
230110105003016,02
230110105003017,02
230110105003018,02
230110105003019,02
230110105003020,02
230110105003021,02
230110105003022,02
230110105003023,02
230110105003024,02
230110105003025,02
230110105003026,02
230110105003027,02
230110105003028,02
230110105003029,02
230110105003030,02
230110105003031,02
230110105003032,02
230110106011000,01
230110106011001,01
230110106011002,01
230110106011003,01
230110106011004,01
230110106011005,01
230110106011006,01
230110106011007,01
230110106011008,01
230110106011009,01
230110106011010,01
230110106011011,01
230110106011012,01
230110106011013,01
230110106011014,01
230110106011015,01
230110106011016,01
230110106011017,01
230110106011018,01
230110106011019,01
230110106011020,01
230110106011021,01
230110106012000,01
230110106012001,01
230110106012002,01
230110106012003,01
230110106012004,01
230110106012005,01
230110106012006,01
230110106012007,01
230110106012008,01
230110106012009,01
230110106012010,01
230110106012011,01
230110106012012,01
230110106012013,01
230110106012014,01
230110106012015,01
230110106012016,01
230110106012017,01
230110106012018,01
230110106012019,01
230110106012020,01
230110106012021,01
230110106012022,01
230110106012023,01
230110106012024,01
230110106012025,01
230110106012026,01
230110106012027,01
230110106012028,01
230110106013000,02
230110106013001,02
230110106013002,02
230110106013003,02
230110106013004,02
230110106013005,02
230110106013006,02
230110106013007,02
230110106013008,02
230110106013009,02
230110106013010,02
230110106013011,02
230110106013012,02
230110106013013,02
230110106013014,02
230110106013015,02
230110106013016,02
230110106013017,02
230110106014000,02
230110106014001,02
230110106014002,02
230110106014003,02
230110106014004,02
230110106014005,02
230110106014006,02
230110106014007,02
230110106014008,02
230110106014009,02
230110106014010,02
230110106014011,02
230110106021000,02
230110106021001,02
230110106021002,02
230110106021003,02
230110106021004,02
230110106021005,02
230110106021006,02
230110106021007,02
230110106021008,02
230110106021009,02
230110106021010,02
230110106021011,02
230110106021012,02
230110106021013,02
230110106021014,02
230110106021015,02
230110106021016,02
230110106021017,02
230110106021018,02
230110106021019,02
230110106021020,02
230110106021021,02
230110106021022,02
230110106021023,02
230110106021024,02
230110106021025,02
230110106021026,02
230110106021027,02
230110106021028,02
230110106021029,02
230110106021030,02
230110106021031,02
230110106021032,02
230110106021033,02
230110106021034,02
230110106022000,02
230110106022001,02
230110106022002,02
230110106022003,02
230110106022004,02
230110106022005,02
230110106022006,02
230110106022007,02
230110106022008,02
230110106022009,02
230110106022010,02
230110106022011,02
230110106022012,02
230110106022013,02
230110106022014,02
230110106022015,02
230110106022016,02
230110106022017,02
230110106022018,02
230110106022019,02
230110106022020,02
230110106022021,02
230110107001000,02
230110107001001,02
230110107001002,02
230110107001003,02
230110107001004,02
230110107001005,02
230110107001006,02
230110107001007,02
230110107001008,02
230110107001009,02
230110107001010,02
230110107001011,02
230110107001012,02
230110107001013,02
230110107001014,02
230110107001015,02
230110107001016,02
230110107001017,02
230110107001018,02
230110107001019,02
230110107001020,02
230110107001021,02
230110107001022,02
230110107001023,02
230110107001024,02
230110107001025,02
230110107002000,02
230110107002001,02
230110107002002,02
230110107002003,02
230110107002004,02
230110107002005,02
230110107002006,02
230110107002007,02
230110107002008,02
230110107002009,02
230110107002010,02
230110107002011,02
230110107002012,02
230110107002013,02
230110107002014,02
230110107002015,02
230110107002016,02
230110107002017,02
230110107002018,02
230110107002019,02
230110107002020,02
230110107002021,02
230110107002022,02
230110107002023,02
230110107002024,02
230110107002025,02
230110107002026,02
230110107002027,02
230110107002028,02
230110107002029,02
230110107003000,02
230110107003001,02
230110107003002,02
230110107003003,02
230110107003004,02
230110107003005,02
230110107003006,02
230110107003007,02
230110107003008,02
230110107003009,02
230110107003010,02
230110107003011,02
230110107003012,02
230110107003013,02
230110107003014,02
230110107003015,02
230110107003016,02
230110107003017,02
230110107003018,02
230110108011000,02
230110108011001,02
230110108011002,02
230110108011003,02
230110108011004,02
230110108011005,02
230110108011006,02
230110108011007,02
230110108011008,02
230110108011009,02
230110108011010,02
230110108011011,02
230110108011012,02
230110108011013,02
230110108011014,02
230110108011015,02
230110108011016,02
230110108011017,02
230110108011018,02
230110108011019,02
230110108011020,02
230110108011021,02
230110108011022,02
230110108011023,02
230110108011024,02
230110108012000,02
230110108012001,02
230110108012002,02
230110108012003,02
230110108012004,02
230110108012005,02
230110108012006,02
230110108012007,02
230110108012008,02
230110108012009,02
230110108012010,02
230110108012011,02
230110108012012,02
230110108012013,02
230110108012014,02
230110108012015,02
230110108012016,02
230110108012017,02
230110108012018,02
230110108012019,02
230110108012020,02
230110108012021,02
230110108012022,02
230110108012023,02
230110108012024,02
230110108012025,02
230110108012026,02
230110108012027,02
230110108012028,02
230110108012029,02
230110108012030,02
230110108012031,02
230110108012032,02
230110108012033,02
230110108012034,02
230110108031000,02
230110108031001,02
230110108031002,02
230110108031003,02
230110108031004,02
230110108031005,02
230110108031006,02
230110108031007,02
230110108031008,02
230110108031009,02
230110108031010,02
230110108031011,02
230110108031012,02
230110108031013,02
230110108031014,02
230110108031015,02
230110108031016,02
230110108031017,02
230110108031018,02
230110108031019,02
230110108031020,02
230110108032000,02
230110108032001,02
230110108032002,02
230110108032003,02
230110108032004,02
230110108032005,02
230110108032006,02
230110108032007,02
230110108032008,02
230110108032009,02
230110108032010,02
230110108032011,02
230110108032012,02
230110108032013,02
230110108032014,02
230110108032015,02
230110108032016,02
230110108032017,02
230110108032018,02
230110108032019,02
230110108032020,02
230110108032021,02
230110108032022,02
230110108032023,02
230110108032024,02
230110108032025,02
230110108032026,02
230110108032027,02
230110108032028,02
230110108032029,02
230110108032030,02
230110108033000,02
230110108033001,02
230110108033002,02
230110108033003,02
230110108033004,02
230110108033005,02
230110108033006,02
230110108033007,02
230110108033008,02
230110108033009,02
230110108033010,02
230110108033011,02
230110108033012,02
230110108033013,02
230110108033014,02
230110108033015,02
230110108033016,02
230110108033017,02
230110108033018,02
230110108033019,02
230110108033020,02
230110108033021,02
230110108041000,01
230110108041001,01
230110108041002,01
230110108041003,01
230110108041004,01
230110108041005,01
230110108041006,01
230110108041007,01
230110108041008,01
230110108041009,01
230110108041010,01
230110108041011,01
230110108041012,01
230110108041013,01
230110108041014,01
230110108041015,01
230110108041016,01
230110108041017,01
230110108041018,01
230110108041019,01
230110108041020,01
230110108041021,01
230110108041022,01
230110108041023,01
230110108042000,01
230110108042001,01
230110108042002,01
230110108042003,01
230110108042004,01
230110108042005,01
230110108042006,01
230110108042007,01
230110108042008,01
230110108042009,01
230110108042010,01
230110108042011,01
230110108042012,01
230110108042013,01
230110108042014,01
230110108042015,01
230110108042016,01
230110108042017,01
230110108042018,01
230110108042019,01
230110108042020,01
230110108042021,01
230110108042022,01
230110108042023,01
230110108042024,01
230110108042025,01
230110108042026,01
230110108042027,01
230110108042028,01
230110108042029,01
230110108042030,01
230110108042031,01
230110108042032,01
230110108042033,01
230110108042034,01
230110108042035,01
230110108042036,01
230110108042037,01
230110108042038,01
230110108042039,01
230110108042040,01
230110108042041,01
230110108042042,01
230110108042043,01
230110108042044,01
230110108042045,01
230110108042046,01
230110108042047,01
230110108042048,01
230110108042049,01
230110108042050,01
230110108042051,01
230110108042052,01
230110108042053,01
230110108042054,01
230110108042055,01
230110108042056,01
230110108042057,01
230110108042058,01
230110108042059,01
230110108042060,01
230110108042061,01
230110108042062,01
230110108042063,01
230110108042064,01
230110109001000,02
230110109001001,02
230110109001002,02
230110109001003,02
230110109001004,02
230110109001005,02
230110109001006,02
230110109001007,02
230110109001008,02
230110109001009,02
230110109001010,02
230110109001011,02
230110109001012,02
230110109001013,02
230110109001014,02
230110109001015,02
230110109001016,02
230110109002000,02
230110109002001,02
230110109002002,02
230110109002003,02
230110109002004,02
230110109002005,02
230110109002006,02
230110109002007,02
230110109002008,02
230110109002009,02
230110109002010,02
230110109002011,02
230110109002012,02
230110109002013,02
230110110001000,02
230110110001001,02
230110110001002,02
230110110001003,02
230110110001004,02
230110110001005,02
230110110001006,02
230110110001007,02
230110110001008,02
230110110001009,02
230110110001010,02
230110110001011,02
230110110001012,02
230110110001013,02
230110110001014,02
230110110001015,02
230110110001016,02
230110110002000,02
230110110002001,02
230110110002002,02
230110110002003,02
230110110002004,02
230110110002005,02
230110110002006,02
230110110002007,02
230110110002008,02
230110110002009,02
230110110002010,02
230110110002011,02
230110110002012,02
230110110002013,02
230110110002014,02
230110110002015,02
230110110002016,02
230110110002017,02
230110110002018,02
230110110002019,02
230110110002020,02
230110110002021,02
230110110002022,02
230110110003000,02
230110110003001,02
230110110003002,02
230110110003003,02
230110110003004,02
230110110003005,02
230110110003006,02
230110110003007,02
230110110003008,02
230110110003009,02
230110110003010,02
230110110003011,02
230110110003012,02
230110110003013,02
230110110003014,02
230110110004000,02
230110110004001,02
230110110004002,02
230110110004003,02
230110110004004,02
230110110004005,02
230110110004006,02
230110110004007,02
230110110004008,02
230110110004009,02
230110110004010,02
230110110004011,02
230110110004012,02
230110110004013,02
230110110004014,02
230110110004015,02
230110110004016,02
230110110004017,02
230110110004018,02
230110110004019,02
230110110005000,02
230110110005001,02
230110110005002,02
230110110005003,02
230110110005004,02
230110110005005,02
230110110005006,02
230110110005007,02
230110110005008,02
230110110005009,02
230110110005010,02
230110110005011,02
230110110005012,02
230110110005013,02
230110110005014,02
230110110005015,02
230110110005016,02
230110110005017,02
230110110005018,02
230110110005019,02
230110110005020,02
230110110005021,02
230110120001000,01
230110120001001,01
230110120001002,01
230110120001003,01
230110120001004,01
230110120001005,01
230110120001006,01
230110120001007,01
230110120001008,01
230110120001009,01
230110120001010,01
230110120001011,01
230110120001012,01
230110120001013,01
230110120001014,01
230110120001015,01
230110120001016,01
230110120001017,01
230110120001018,01
230110120001019,01
230110120001020,01
230110120001021,01
230110120001022,01
230110120001023,01
230110120001024,01
230110120001025,01
230110120001026,01
230110120001027,01
230110120001028,01
230110120001029,01
230110120002000,01
230110120002001,01
230110120002002,01
230110120002003,01
230110120002004,01
230110120002005,01
230110120002006,01
230110120002007,01
230110120002008,01
230110120002009,01
230110120002010,01
230110120002011,01
230110120002012,01
230110120002013,01
230110120002014,01
230110120002015,01
230110120002016,01
230110120002017,01
230110120002018,01
230110120002019,01
230110120002020,01
230110120002021,01
230110120002022,01
230110120002023,01
230110120002024,01
230110120002025,01
230110120002026,01
230110120002027,01
230110120002028,01
230110120002029,01
230110120002030,01
230110120002031,01
230110120003000,01
230110120003001,01
230110120003002,01
230110120003003,01
230110120003004,01
230110120003005,01
230110120003006,01
230110120003007,01
230110120003008,01
230110120003009,01
230110120003010,01
230110120003011,01
230110120003012,01
230110120003013,01
230110120003014,01
230110120003015,01
230110120003016,01
230110120003017,01
230110120003018,01
230110120003019,01
230110120003020,01
230110120003021,01
230110120003022,01
230110120003023,01
230110120003024,01
230110120003025,01
230110120003026,01
230110120003027,01
230110120003028,01
230110120003029,01
230110120003030,01
230110120003031,01
230110120003032,01
230110120003033,01
230110120003034,01
230110120003035,01
230110120003036,01
230110120003037,01
230110120003038,01
230110120003039,01
230110120003040,01
230110130001000,02
230110130001001,02
230110130001002,02
230110130001003,02
230110130001004,02
230110130001005,02
230110130001006,02
230110130001007,02
230110130001008,02
230110130001009,02
230110130001010,02
230110130001011,02
230110130001012,02
230110130001013,02
230110130001014,02
230110130001015,02
230110130001016,02
230110130001017,02
230110130001018,02
230110130001019,02
230110130001020,02
230110130001021,02
230110130001022,02
230110130001023,02
230110130001024,02
230110130001025,02
230110130001026,02
230110130001027,02
230110130001028,02
230110130001029,02
230110130001030,02
230110130001031,02
230110130001032,02
230110130001033,02
230110130001034,02
230110130001035,02
230110130001036,02
230110130001037,02
230110130002000,02
230110130002001,02
230110130002002,02
230110130002003,02
230110130002004,02
230110130002005,02
230110130002006,02
230110130002007,02
230110130002008,02
230110130002009,02
230110130002010,02
230110130002011,02
230110130002012,02
230110130002013,02
230110130002014,02
230110130002015,02
230110130002016,02
230110130002017,02
230110130002018,02
230110130002019,02
230110130002020,02
230110130002021,02
230110130002022,02
230110130002023,02
230110130002024,02
230110130002025,02
230110130002026,02
230110130002027,02
230110130002028,02
230110130002029,02
230110130002030,02
230110130002031,02
230110130002032,02
230110130002033,02
230110130002034,02
230110130002035,02
230110130002036,02
230110130002037,02
230110130002038,02
230110130002039,02
230110130002040,02
230110130002041,02
230110130002042,02
230110130002043,02
230110130002044,02
230110130002045,02
230110130002046,02
230110130002047,02
230110130002048,02
230110130002049,02
230110130002050,02
230110130002051,02
230110130002052,02
230110130003000,02
230110130003001,02
230110130003002,02
230110130003003,02
230110130003004,02
230110130003005,02
230110130003006,02
230110130003007,02
230110130003008,02
230110130003009,02
230110130003010,02
230110130003011,02
230110130003012,02
230110130003013,02
230110130003014,02
230110130003015,02
230110130003016,02
230110130003017,02
230110130003018,02
230110130003019,02
230110130003020,02
230110130003021,02
230110130003022,02
230110130003023,02
230110130003024,02
230110130003025,02
230110130003026,02
230110130003027,02
230110130003028,02
230110130003029,02
230110140011000,02
230110140011001,02
230110140011002,02
230110140011003,02
230110140011004,02
230110140011005,02
230110140011006,02
230110140011007,02
230110140011008,02
230110140011009,02
230110140011010,02
230110140011011,02
230110140011012,02
230110140011013,02
230110140011014,02
230110140011015,02
230110140011016,02
230110140011017,02
230110140011018,02
230110140011019,02
230110140011020,02
230110140011021,02
230110140011022,02
230110140011023,02
230110140011024,02
230110140011025,02
230110140011026,02
230110140011027,02
230110140011028,02
230110140011029,02
230110140011030,02
230110140011031,02
230110140011032,02
230110140011033,02
230110140011034,02
230110140012000,02
230110140012001,02
230110140012002,02
230110140012003,02
230110140012004,02
230110140012005,02
230110140012006,02
230110140012007,02
230110140012008,02
230110140012009,02
230110140012010,02
230110140012011,02
230110140012012,02
230110140012013,02
230110140012014,02
230110140012015,02
230110140012016,02
230110140012017,02
230110140012018,02
230110140013000,02
230110140013001,02
230110140013002,02
230110140013003,02
230110140013004,02
230110140013005,02
230110140013006,02
230110140013007,02
230110140013008,02
230110140013009,02
230110140013010,02
230110140013011,02
230110140013012,02
230110140013013,02
230110140013014,02
230110140013015,02
230110140013016,02
230110140013017,02
230110140013018,02
230110140013019,02
230110140013020,02
230110140021000,02
230110140021001,02
230110140021002,02
230110140021003,02
230110140021004,02
230110140021005,02
230110140021006,02
230110140021007,02
230110140021008,02
230110140021009,02
230110140021010,02
230110140021011,02
230110140021012,02
230110140021013,02
230110140021014,02
230110140021015,02
230110140021016,02
230110140021017,02
230110140021018,02
230110140022000,02
230110140022001,02
230110140022002,02
230110140022003,02
230110140022004,02
230110140022005,02
230110140022006,02
230110140022007,02
230110140022008,02
230110140022009,02
230110140022010,02
230110140022011,02
230110140022012,02
230110140022013,02
230110140022014,02
230110140022015,02
230110140022016,02
230110140022017,02
230110140022018,02
230110140022019,02
230110140022020,02
230110140022021,02
230110140023000,02
230110140023001,02
230110140023002,02
230110140023003,02
230110140023004,02
230110140023005,02
230110140023006,02
230110140023007,02
230110140023008,02
230110140023009,02
230110140023010,02
230110140023011,02
230110140023012,02
230110140023013,02
230110140023014,02
230110140023015,02
230110140023016,02
230110140023017,02
230110140023018,02
230110140023019,02
230110145001000,02
230110145001001,02
230110145001002,02
230110145001003,02
230110145001004,02
230110145001005,02
230110145001006,02
230110145001007,02
230110145001008,02
230110145001009,02
230110145001010,02
230110145001011,02
230110145001012,02
230110145001013,02
230110145001014,02
230110145001015,02
230110145001016,02
230110145001017,02
230110145001018,02
230110145001019,02
230110145001020,02
230110145001021,02
230110145001022,02
230110145001023,02
230110145001024,02
230110145001025,02
230110145001026,02
230110145001027,02
230110145001028,02
230110145001029,02
230110145001030,02
230110145001031,02
230110145001032,02
230110145001033,02
230110145001034,02
230110145001035,02
230110145001036,02
230110145001037,02
230110145001038,02
230110145001039,02
230110145001040,02
230110145002000,02
230110145002001,02
230110145002002,02
230110145002003,02
230110145002004,02
230110145002005,02
230110145002006,02
230110145002007,02
230110145002008,02
230110145002009,02
230110145002010,02
230110145002011,02
230110145002012,02
230110145002013,02
230110145002014,02
230110145002015,02
230110145002016,02
230110145002017,02
230110145002018,02
230110145002019,02
230110145002020,02
230110145002021,02
230110145002022,02
230110145002023,02
230110145002024,02
230110145002025,02
230110145002026,02
230110145002027,02
230110145002028,02
230110145002029,02
230110145002030,02
230110145002031,02
230110145002032,02
230110145002033,02
230110145002034,02
230110145002035,02
230110145002036,02
230110145002037,02
230110145002038,02
230110145002039,02
230110145002040,02
230110145002041,02
230110145002042,02
230110145002043,02
230110145002044,02
230110145002045,02
230110145002046,02
230110145002047,02
230110145002048,02
230110145002049,02
230110145002050,02
230110150001000,02
230110150001001,02
230110150001002,02
230110150001003,02
230110150001004,02
230110150001005,02
230110150001006,02
230110150001007,02
230110150001008,02
230110150001009,02
230110150001010,02
230110150001011,02
230110150001012,02
230110150001013,02
230110150001014,02
230110150001015,02
230110150001016,02
230110150001017,02
230110150001018,02
230110150001019,02
230110150001020,02
230110150001021,02
230110150001022,02
230110150001023,02
230110150001024,02
230110150002000,02
230110150002001,02
230110150002002,02
230110150002003,02
230110150002004,02
230110150002005,02
230110150002006,02
230110150002007,02
230110150002008,02
230110150002009,02
230110150002010,02
230110150002011,02
230110150002012,02
230110150002013,02
230110150002014,02
230110150002015,02
230110150002016,02
230110150002017,02
230110150002018,02
230110150002019,02
230110150002020,02
230110150002021,02
230110150002022,02
230110150002023,02
230110150002024,02
230110150002025,02
230110150002026,02
230110150002027,02
230110150002028,02
230110150002029,02
230110150002030,02
230110150002031,02
230110150002032,02
230110150002033,02
230110155001000,02
230110155001001,02
230110155001002,02
230110155001003,02
230110155001004,02
230110155001005,02
230110155001006,02
230110155001007,02
230110155001008,02
230110155001009,02
230110155001010,02
230110155001011,02
230110155001012,02
230110155001013,02
230110155001014,02
230110155001015,02
230110155001016,02
230110155001017,02
230110155001018,02
230110155001019,02
230110155001020,02
230110155001021,02
230110155001022,02
230110155001023,02
230110155001024,02
230110155001025,02
230110155001026,02
230110155001027,02
230110155001028,02
230110155001029,02
230110155001030,02
230110155001031,02
230110155001032,02
230110155001033,02
230110155001034,02
230110155001035,02
230110155001036,02
230110155002000,02
230110155002001,02
230110155002002,02
230110155002003,02
230110155002004,02
230110155002005,02
230110155002006,02
230110155002007,02
230110155002008,02
230110155002009,02
230110155002010,02
230110155002011,02
230110155002012,02
230110155002013,02
230110155002014,02
230110155002015,02
230110155002016,02
230110155002017,02
230110155002018,02
230110155002019,02
230110155002020,02
230110155002021,02
230110155002022,02
230110155002023,02
230110155002024,02
230110155002025,02
230110155002026,02
230110155002027,02
230110155002028,02
230110155002029,02
230110155002030,02
230110155002031,02
230110155003000,02
230110155003001,02
230110155003002,02
230110155003003,02
230110155003004,02
230110155003005,02
230110155003006,02
230110155003007,02
230110155003008,02
230110155003009,02
230110155003010,02
230110155003011,02
230110155003012,02
230110155003013,02
230110155003014,02
230110155003015,02
230110155003016,02
230110155003017,02
230110155003018,02
230110155003019,02
230110155003020,02
230110155003021,02
230110155003022,02
230110155003023,02
230110155003024,02
230110155003025,02
230110155003026,02
230110155003027,02
230110155003028,02
230110155003029,02
230110155003030,02
230110155003031,02
230110155004000,02
230110155004001,02
230110155004002,02
230110155004003,02
230110155004004,02
230110155004005,02
230110155004006,02
230110155004007,02
230110155004008,02
230110155004009,02
230110155004010,02
230110155004011,02
230110155004012,02
230110155004013,02
230110155004014,02
230110155004015,02
230110155004016,02
230110155004017,02
230110155004018,02
230110155004019,02
230110155004020,02
230110155004021,02
230110155004022,02
230110155004023,02
230110155004024,02
230110155004025,02
230110155004026,02
230110155004027,02
230110155004028,02
230110155004029,02
230110155004030,02
230110155004031,02
230110155004032,02
230110160001000,02
230110160001001,02
230110160001002,02
230110160001003,02
230110160001004,02
230110160001005,02
230110160001006,02
230110160001007,02
230110160001008,02
230110160001009,02
230110160001010,02
230110160001011,02
230110160001012,02
230110160001013,02
230110160001014,02
230110160001015,02
230110160001016,02
230110160001017,02
230110160001018,02
230110160001019,02
230110160001020,02
230110160001021,02
230110160001022,02
230110160002000,02
230110160002001,02
230110160002002,02
230110160002003,02
230110160002004,02
230110160002005,02
230110160002006,02
230110160002007,02
230110160002008,02
230110160002009,02
230110160002010,02
230110160002011,02
230110160002012,02
230110160002013,02
230110160002014,02
230110160002015,02
230110160002016,02
230110160002017,02
230110160002018,02
230110160002019,02
230110160002020,02
230110160002021,02
230110160002022,02
230110160002023,02
230110160002024,02
230110160002025,02
230110160002026,02
230110160002027,02
230110160002028,02
230110160002029,02
230110160002030,02
230110160002031,02
230110160002032,02
230110160002033,02
230110160003000,02
230110160003001,02
230110160003002,02
230110160003003,02
230110160003004,02
230110160003005,02
230110160003006,02
230110160003007,02
230110160003008,02
230110160003009,02
230110160003010,02
230110160003011,02
230110160003012,02
230110160003013,02
230110160003014,02
230110160003015,02
230110160003016,02
230110160003017,02
230110160003018,02
230110160003019,02
230110160003020,02
230110160003021,02
230110160003022,02
230110160003023,02
230110160003024,02
230110160003025,02
230110160003026,02
230110160003027,02
230110160003028,02
230110160003029,02
230110160003030,02
230110160003031,02
230110160003032,02
230110160003033,02
230110160003034,02
230110160003035,02
230110160003036,02
230110170001000,02
230110170001001,02
230110170001002,02
230110170001003,02
230110170001004,02
230110170001005,02
230110170001006,02
230110170001007,02
230110170001008,02
230110170001009,02
230110170001010,02
230110170001011,02
230110170001012,02
230110170001013,02
230110170001014,02
230110170001015,02
230110170001016,02
230110170001017,02
230110170001018,02
230110170001019,02
230110170001020,02
230110170001021,02
230110170002000,02
230110170002001,02
230110170002002,02
230110170002003,02
230110170002004,02
230110170002005,02
230110170002006,02
230110170002007,02
230110170002008,02
230110170002009,02
230110170002010,02
230110170002011,02
230110170002012,02
230110170002013,02
230110170002014,02
230110170002015,02
230110170002016,02
230110170002017,02
230110170002018,02
230110170002019,02
230110170002020,02
230110170002021,02
230110170002022,02
230110170002023,02
230110170002024,02
230110170002025,02
230110170002026,02
230110170002027,02
230110170002028,02
230110170002029,02
230110170002030,02
230110170002031,02
230110170002032,02
230110170002033,02
230110170002034,02
230110170002035,02
230110170002036,02
230110170002037,02
230110170002038,02
230110170002039,02
230110180001000,01
230110180001001,01
230110180001002,01
230110180001003,01
230110180001004,01
230110180001005,01
230110180001006,01
230110180001007,01
230110180001008,01
230110180001009,01
230110180001010,01
230110180001011,01
230110180001012,01
230110180002000,01
230110180002001,01
230110180002002,01
230110180002003,01
230110180002004,01
230110180002005,01
230110180002006,01
230110180002007,01
230110180002008,01
230110180002009,01
230110180002010,01
230110180002011,01
230110180002012,01
230110180002013,01
230110180002014,01
230110180002015,01
230110180002016,01
230110180002017,01
230110180002018,01
230110180002019,01
230110180002020,01
230110180002021,01
230110180002022,01
230110180002023,01
230110180002024,01
230110180002025,01
230110180002026,01
230110180002027,01
230110180002028,01
230110180002029,01
230110180002030,01
230110180002031,01
230110180002032,01
230110180002033,01
230110180002034,01
230110180002035,01
230110180002036,01
230110180002037,01
230110180002038,01
230110180002039,01
230110180003000,01
230110180003001,01
230110180003002,01
230110180003003,01
230110180003004,01
230110180003005,01
230110180003006,01
230110180003007,01
230110180003008,01
230110180003009,01
230110180003010,01
230110180003011,01
230110180003012,01
230110180003013,01
230110180004000,01
230110180004001,01
230110180004002,01
230110180004003,01
230110180004004,01
230110180004005,01
230110180004006,01
230110180004007,01
230110180004008,01
230110180004009,01
230110180004010,01
230110180004011,01
230110180004012,01
230110180004013,01
230110180004014,01
230110180004015,01
230110180004016,01
230110180004017,01
230110180004018,01
230110190001000,01
230110190001001,01
230110190001002,01
230110190001003,01
230110190001004,01
230110190001005,01
230110190001006,01
230110190001007,01
230110190001008,01
230110190001009,01
230110190001010,01
230110190001011,01
230110190001012,01
230110190001013,01
230110190001014,01
230110190001015,01
230110190001016,01
230110190001017,01
230110190001018,01
230110190001019,01
230110190001020,01
230110190001021,01
230110190001022,01
230110190001023,01
230110190001024,01
230110190002000,01
230110190002001,01
230110190002002,01
230110190002003,01
230110190002004,01
230110190002005,01
230110190002006,01
230110190002007,01
230110190002008,01
230110190002009,01
230110190002010,01
230110190002011,01
230110190002012,01
230110190002013,01
230110190002014,01
230110190002015,01
230110190002016,01
230110190002017,01
230110190002018,01
230110190002019,01
230110190002020,01
230110190002021,01
230110190002022,01
230110190002023,01
230110190002024,01
230110190002025,01
230110190002026,01
230110190002027,01
230110190002028,01
230110190002029,01
230110190002030,01
230110190002031,01
230110190002032,01
230110190002033,01
230110190002034,01
230110190002035,01
230110190002036,01
230110190002037,01
230110190002038,01
230110190002039,01
230110190002040,01
230110190002041,01
230110190002042,01
230110190002043,01
230110190002044,01
230110190002045,01
230110190002046,01
230110190002047,01
230110190002048,01
230110190002049,01
230110190002050,01
230110190002051,01
230110190002052,01
230110190002053,01
230110190002054,01
230110190002055,01
230110190002056,01
230110190002057,01
230110190002058,01
230110190002059,01
230110190002060,01
230110190002061,01
230110190002062,01
230110200001000,01
230110200001001,01
230110200001002,01
230110200001003,01
230110200001004,01
230110200001005,01
230110200001006,01
230110200001007,01
230110200001008,01
230110200001009,01
230110200001010,01
230110200001011,01
230110200001012,01
230110200001013,01
230110200001014,01
230110200001015,01
230110200001016,01
230110200001017,01
230110200001018,01
230110200001019,01
230110200001020,01
230110200001021,01
230110200001022,01
230110200001023,01
230110200001024,01
230110200001025,01
230110200001026,01
230110200001027,01
230110200002000,01
230110200002001,01
230110200002002,01
230110200002003,01
230110200002004,01
230110200002005,01
230110200002006,01
230110200002007,01
230110200002008,01
230110200002009,01
230110200002010,01
230110200002011,01
230110200002012,01
230110200002013,01
230110200002014,01
230110200002015,01
230110200002016,01
230110200002017,01
230110200002018,01
230110200002019,01
230110200002020,01
230110200002021,01
230110200002022,01
230110200002023,01
230110200002024,01
230110200002025,01
230110200002026,01
230110200002027,01
230110200002028,01
230110200003000,01
230110200003001,01
230110200003002,01
230110200003003,01
230110200003004,01
230110200003005,01
230110200003006,01
230110200003007,01
230110200003008,01
230110200003009,01
230110200003010,01
230110200003011,01
230110200003012,01
230110200003013,01
230110200003014,01
230110200003015,01
230110200003016,01
230110200003017,01
230110200003018,01
230110200003019,01
230110200003020,01
230110200003021,01
230110200003022,01
230110200003023,01
230110200003024,01
230110200003025,01
230110200003026,01
230110200003027,01
230110200003028,01
230110200003029,01
230110200003030,01
230110200003031,01
230110200003032,01
230110205001000,01
230110205001001,01
230110205001002,01
230110205001003,01
230110205001004,01
230110205001005,01
230110205001006,01
230110205001007,01
230110205001008,01
230110205001009,01
230110205001010,01
230110205001011,01
230110205001012,01
230110205001013,01
230110205001014,01
230110205001015,01
230110205001016,01
230110205001017,01
230110205001018,01
230110205001019,01
230110205001020,01
230110205001021,01
230110205001022,01
230110205001023,01
230110205001024,01
230110205001025,01
230110205001026,01
230110205001027,01
230110205001028,01
230110205002000,01
230110205002001,01
230110205002002,01
230110205002003,01
230110205002004,01
230110205002005,01
230110205002006,01
230110205002007,01
230110205002008,01
230110205002009,01
230110205002010,01
230110205002011,01
230110205002012,01
230110205002013,01
230110205002014,01
230110205002015,01
230110205002016,01
230110205002017,01
230110205002018,01
230110205002019,01
230110205002020,01
230110205002021,01
230110205002022,01
230110205002023,01
230110205002024,01
230110205002025,01
230110205002026,01
230110205002027,01
230110205002028,01
230110205002029,01
230110210001000,01
230110210001001,01
230110210001002,01
230110210001003,01
230110210001004,01
230110210001005,01
230110210001006,01
230110210001007,01
230110210001008,01
230110210001009,01
230110210001010,01
230110210001011,01
230110210001012,01
230110210001013,01
230110210001014,01
230110210001015,01
230110210001016,01
230110210001017,01
230110210001018,01
230110210001019,01
230110210001020,01
230110210001021,01
230110210001022,01
230110210001023,01
230110210001024,01
230110210001025,01
230110210001026,01
230110210001027,01
230110210001028,01
230110210001029,01
230110210001030,01
230110210001031,01
230110210001032,01
230110210001033,01
230110210001034,01
230110210001035,01
230110210001036,01
230110210001037,01
230110210001038,01
230110210001039,01
230110210001040,01
230110210002000,01
230110210002001,01
230110210002002,01
230110210002003,01
230110210002004,01
230110210002005,01
230110210002006,01
230110210002007,01
230110210002008,01
230110210002009,01
230110210002010,01
230110210002011,01
230110210002012,01
230110210002013,01
230110210002014,01
230110210002015,01
230110210002016,01
230110210002017,01
230110210002018,01
230110210002019,01
230110210002020,01
230110210002021,01
230110210002022,01
230110210002023,01
230110210002024,01
230110210002025,01
230110210002026,01
230110210002027,01
230110210002028,01
230110210002029,01
230110210002030,01
230110210002031,01
230110210002032,01
230110210002033,01
230110210002034,01
230110210002035,01
230110210002036,01
230110210002037,01
230110210002038,01
230110210002039,01
230110210002040,01
230110210002041,01
230110210002042,01
230110210002043,01
230110210002044,01
230110210002045,01
230110210002046,01
230110210002047,01
230110210002048,01
230110210002049,01
230110210002050,01
230110210002051,01
230110220001000,01
230110220001001,01
230110220001002,01
230110220001003,01
230110220001004,01
230110220001005,01
230110220001006,01
230110220001007,01
230110220001008,01
230110220001009,01
230110220001010,01
230110220001011,01
230110220001012,01
230110220001013,01
230110220001014,01
230110220001015,01
230110220001016,01
230110220001017,01
230110220001018,01
230110220001019,01
230110220001020,01
230110220001021,01
230110220001022,01
230110220001023,01
230110220001024,01
230110220001025,01
230110220001026,01
230110220001027,01
230110220001028,01
230110220001029,01
230110220001030,01
230110220001031,01
230110220001032,01
230110220001033,01
230110220001034,01
230110220001035,01
230110220001036,01
230110220001037,01
230110220001038,01
230110220001039,01
230110220001040,01
230110220001041,01
230110220001042,01
230110220001043,01
230110220002000,01
230110220002001,01
230110220002002,01
230110220002003,01
230110220002004,01
230110220002005,01
230110220002006,01
230110220002007,01
230110220002008,01
230110220002009,01
230110220002010,01
230110220002011,01
230110220002012,01
230110220002013,01
230110220002014,01
230110220002015,01
230110220002016,01
230110220002017,01
230110220002018,01
230110220002019,01
230110220002020,01
230110220002021,01
230110220002022,01
230110220002023,01
230110220003000,01
230110220003001,01
230110220003002,01
230110220003003,01
230110220003004,01
230110220003005,01
230110220003006,01
230110220003007,01
230110220003008,01
230110220003009,01
230110220003010,01
230110220003011,01
230110220003012,01
230110220003013,01
230110220003014,01
230110220003015,01
230110220003016,01
230110220003017,01
230110220003018,01
230110220003019,01
230110220003020,01
230110220003021,01
230110220003022,01
230110220003023,01
230110220003024,01
230110220003025,01
230110220003026,01
230110230011000,01
230110230011001,01
230110230011002,01
230110230011003,01
230110230011004,01
230110230011005,01
230110230011006,01
230110230012000,01
230110230012001,01
230110230012002,01
230110230012003,01
230110230012004,01
230110230012005,01
230110230012006,01
230110230012007,01
230110230012008,01
230110230012009,01
230110230012010,01
230110230012011,01
230110230012012,01
230110230012013,01
230110230012014,01
230110230012015,01
230110230012016,01
230110230012017,01
230110230012018,01
230110230012019,01
230110230012020,01
230110230012021,01
230110230012022,01
230110230012023,01
230110230012024,01
230110230012025,01
230110230012026,01
230110230013000,01
230110230013001,01
230110230013002,01
230110230013003,01
230110230013004,01
230110230013005,01
230110230013006,01
230110230013007,01
230110230013008,01
230110230013009,01
230110230013010,01
230110230013011,01
230110230013012,01
230110230013013,01
230110230013014,01
230110230013015,01
230110230013016,01
230110230013017,01
230110230014000,01
230110230014001,01
230110230014002,01
230110230014003,01
230110230014004,01
230110230014005,01
230110230014006,01
230110230014007,01
230110230014008,01
230110230014009,01
230110230014010,01
230110230014011,01
230110230021000,01
230110230021001,01
230110230021002,01
230110230021003,01
230110230021004,01
230110230021005,01
230110230021006,01
230110230021007,01
230110230021008,01
230110230021009,01
230110230021010,01
230110230021011,01
230110230021012,01
230110230021013,01
230110230021014,01
230110230021015,01
230110230021016,01
230110230021017,01
230110230021018,01
230110230021019,01
230110230021020,01
230110230021021,01
230110230021022,01
230110230021023,01
230110230021024,01
230110230021025,01
230110230021026,01
230110230021027,01
230110230021028,01
230110230021029,01
230110230022000,01
230110230022001,01
230110230022002,01
230110230022003,01
230110230022004,01
230110230022005,01
230110230022006,01
230110230022007,01
230110230022008,01
230110230022009,01
230110230022010,01
230110230022011,01
230110230022012,01
230110230022013,01
230110230022014,01
230110230022015,01
230110230022016,01
230110230022017,01
230110230022018,01
230110230022019,01
230110230022020,01
230110230022021,01
230110230022022,01
230110230022023,01
230110230022024,01
230110230022025,01
230110230022026,01
230110230022027,01
230110230022028,01
230110230022029,01
230110230022030,01
230110230023000,01
230110230023001,01
230110230023002,01
230110230023003,01
230110230023004,01
230110230023005,01
230110230023006,01
230110230023007,01
230110230023008,01
230110230023009,01
230110230023010,01
230110230023011,01
230110230023012,01
230110230023013,01
230110230023014,01
230110230023015,01
230110230023016,01
230110230023017,01
230110230023018,01
230110230023019,01
230110230023020,01
230110230023021,01
230110230023022,01
230110230023023,01
230110230023024,01
230110230023025,01
230110230023026,01
230110241011000,01
230110241011001,01
230110241011002,01
230110241011003,01
230110241011004,01
230110241011005,01
230110241011006,01
230110241011007,01
230110241011008,01
230110241011009,01
230110241012000,01
230110241012001,01
230110241012002,01
230110241012003,01
230110241012004,01
230110241012005,01
230110241012006,01
230110241012007,01
230110241012008,01
230110241012009,01
230110241012010,01
230110241012011,01
230110241012012,01
230110241012013,01
230110241012014,01
230110241012015,01
230110241012016,01
230110241012017,01
230110241012018,01
230110241013000,01
230110241013001,01
230110241013002,01
230110241013003,01
230110241013004,01
230110241013005,01
230110241013006,01
230110241013007,01
230110241013008,01
230110241013009,01
230110241013010,01
230110241013011,01
230110241013012,01
230110241013013,01
230110241013014,01
230110241013015,01
230110241013016,01
230110241013017,01
230110241013018,01
230110241013019,01
230110241013020,01
230110241013021,01
230110241013022,01
230110241013023,01
230110241014000,01
230110241014001,01
230110241014002,01
230110241014003,01
230110241014004,01
230110241014005,01
230110241014006,01
230110241014007,01
230110241014008,01
230110241014009,01
230110241014010,01
230110241014011,01
230110241014012,01
230110241014013,01
230110241014014,01
230110241021000,01
230110241021001,01
230110241021002,01
230110241021003,01
230110241021004,01
230110241021005,01
230110241021006,01
230110241021007,01
230110241021008,01
230110241021009,01
230110241021010,01
230110241021011,01
230110241021012,01
230110241022000,01
230110241022001,01
230110241022002,01
230110241022003,01
230110241022004,01
230110241022005,01
230110241022006,01
230110241022007,01
230110241022008,01
230110241022009,01
230110241022010,01
230110241022011,01
230110241022012,01
230110241022013,01
230110241022014,01
230110241022015,01
230110241022016,01
230110241022017,01
230110241022018,01
230110241022019,01
230110241022020,01
230110241022021,01
230110241022022,01
230110241022023,01
230110241022024,01
230110241022025,01
230110241022026,01
230110241022027,01
230110241022028,01
230110241022029,01
230110241022030,01
230110241022031,01
230110241022032,01
230110241022033,01
230110241022034,01
230110241022035,01
230110241022036,01
230110241022037,01
230110241022038,01
230110241022039,01
230110241022040,01
230110241022041,01
230110241022042,01
230110241023000,01
230110241023001,01
230110241023002,01
230110241023003,01
230110241023004,01
230110241023005,01
230110241023006,01
230110241023007,01
230110241023008,01
230110241024000,01
230110241024001,01
230110241024002,01
230110241024003,01
230110241024004,01
230110241024005,01
230110241024006,01
230110241024007,01
230110241024008,01
230110241024009,01
230110241024010,01
230110241024011,01
230110241024012,01
230110241024013,01
230110241024014,01
230110241024015,01
230110241024016,01
230110241024017,01
230110241025000,01
230110241025001,01
230110241025002,01
230110241025003,01
230110241025004,01
230110241025005,01
230110241025006,01
230110241025007,01
230110241025008,01
230110241025009,01
230110241025010,01
230110241025011,01
230110241025012,01
230110241025013,01
230110241025014,01
230110241025015,01
230110241025016,01
230110241025017,01
230110241026000,01
230110241026001,01
230110241026002,01
230110241026003,01
230110241026004,01
230110241026005,01
230110241026006,01
230110241026007,01
230110241026008,01
230110241026009,01
230110241026010,01
230110241026011,01
230110241026012,01
230110241026013,01
230110241026014,01
230110241026015,01
230110241026016,01
230110242011000,01
230110242011001,01
230110242011002,01
230110242011003,01
230110242011004,01
230110242011005,01
230110242011006,01
230110242011007,01
230110242011008,01
230110242011009,01
230110242011010,01
230110242011011,01
230110242011012,01
230110242011013,01
230110242011014,01
230110242011015,01
230110242011016,01
230110242011017,01
230110242011018,01
230110242011019,01
230110242011020,01
230110242011021,01
230110242011022,01
230110242011023,01
230110242012000,01
230110242012001,01
230110242012002,01
230110242012003,01
230110242012004,01
230110242012005,01
230110242012006,01
230110242012007,01
230110242012008,01
230110242012009,01
230110242012010,01
230110242012011,01
230110242012012,01
230110242012013,01
230110242012014,01
230110242012015,01
230110242012016,01
230110242012017,01
230110242012018,01
230110242012019,01
230110242012020,01
230110242012021,01
230110242012022,01
230110242012023,01
230110242012024,01
230110242012025,01
230110242012026,01
230110242012027,01
230110242012028,01
230110242012029,01
230110242012030,01
230110242012031,01
230110242012032,01
230110242012033,01
230110242012034,01
230110242012035,01
230110242012036,01
230110242021000,01
230110242021001,01
230110242021002,01
230110242021003,01
230110242021004,01
230110242021005,01
230110242021006,01
230110242021007,01
230110242021008,01
230110242021009,01
230110242021010,01
230110242021011,01
230110242021012,01
230110242021013,01
230110242021014,01
230110242021015,01
230110242021016,01
230110242021017,01
230110242021018,01
230110242022000,01
230110242022001,01
230110242022002,01
230110242022003,01
230110242022004,01
230110242022005,01
230110242022006,01
230110242022007,01
230110242022008,01
230110242022009,01
230110242022010,01
230110242022011,01
230110242022012,01
230110242022013,01
230110242022014,01
230110242022015,01
230110242022016,01
230110242022017,01
230110242022018,01
230110242022019,01
230110242022020,01
230110242022021,01
230110242023000,01
230110242023001,01
230110242023002,01
230110242023003,01
230110242023004,01
230110242023005,01
230110242023006,01
230110242023007,01
230110242023008,01
230110242023009,01
230110242023010,01
230110242023011,01
230110242023012,01
230110242023013,01
230110242023014,01
230110242023015,01
230110242023016,01
230110242023017,01
230110242023018,01
230110242023019,01
230110242023020,01
230110242023021,01
230110242023022,01
230110250011000,02
230110250011001,02
230110250011002,02
230110250011003,02
230110250011004,02
230110250011005,02
230110250011006,02
230110250011007,02
230110250011008,02
230110250011009,02
230110250011010,02
230110250012000,02
230110250012001,02
230110250012002,02
230110250012003,02
230110250012004,02
230110250012005,02
230110250012006,02
230110250012007,02
230110250012008,02
230110250012009,02
230110250012010,02
230110250012011,02
230110250012012,02
230110250012013,02
230110250012014,02
230110250012015,02
230110250012016,02
230110250012017,02
230110250012018,02
230110250012019,02
230110250012020,02
230110250013000,02
230110250013001,02
230110250013002,02
230110250013003,02
230110250013004,02
230110250013005,02
230110250013006,02
230110250013007,02
230110250013008,02
230110250013009,02
230110250013010,02
230110250013011,02
230110250013012,02
230110250013013,02
230110250013014,02
230110250013015,02
230110250013016,02
230110250013017,02
230110250013018,02
230110250013019,02
230110250013020,02
230110250013021,02
230110250013022,02
230110250013023,02
230110250013024,02
230110250013025,02
230110250013026,02
230110250013027,02
230110250013028,02
230110250013029,02
230110250013030,02
230110250013031,02
230110250013032,02
230110250021000,02
230110250021001,02
230110250021002,02
230110250021003,02
230110250021004,02
230110250021005,02
230110250021006,02
230110250021007,02
230110250021008,02
230110250021009,02
230110250021010,02
230110250021011,02
230110250021012,02
230110250021013,02
230110250021014,02
230110250021015,02
230110250021016,02
230110250021017,02
230110250021018,02
230110250021019,02
230110250021020,02
230110250021021,02
230110250021022,02
230110250021023,02
230110250021024,02
230110250022000,02
230110250022001,02
230110250022002,02
230110250022003,02
230110250022004,02
230110250022005,02
230110250022006,02
230110250022007,02
230110250022008,02
230110250022009,02
230110250022010,02
230110250022011,02
230110250022012,02
230110250022013,02
230110250022014,02
230110250022015,02
230110250022016,02
230110250022017,02
230110250022018,02
230139702001000,01
230139702001001,01
230139702001002,01
230139702001003,01
230139702001004,01
230139702001005,01
230139702001006,01
230139702001007,01
230139702001008,01
230139702001009,01
230139702001010,01
230139702001011,01
230139702001012,01
230139702001013,01
230139702001014,01
230139702001015,01
230139702001016,01
230139702001017,01
230139702001018,01
230139702001019,01
230139702001020,01
230139702002000,01
230139702002001,01
230139702002002,01
230139702002003,01
230139702002004,01
230139702002005,01
230139702002006,01
230139702002007,01
230139702002008,01
230139702002009,01
230139702002010,01
230139702002011,01
230139702002012,01
230139702002013,01
230139702002014,01
230139702002015,01
230139702002016,01
230139702002017,01
230139702002018,01
230139702002019,01
230139702002020,01
230139702002021,01
230139702002022,01
230139702002023,01
230139702002024,01
230139702002025,01
230139702002026,01
230139702002027,01
230139702002028,01
230139702002029,01
230139702002030,01
230139702002031,01
230139702002032,01
230139702002033,01
230139702003000,01
230139702003001,01
230139702003002,01
230139702003003,01
230139702003004,01
230139702003005,01
230139702003006,01
230139702003007,01
230139702003008,01
230139702003009,01
230139702003010,01
230139702003011,01
230139702003012,01
230139702003013,01
230139702003014,01
230139702003015,01
230139702003016,01
230139702003017,01
230139702003018,01
230139702003019,01
230139702003020,01
230139702003021,01
230139702003022,01
230139702003023,01
230139702004000,01
230139702004001,01
230139702004002,01
230139702004003,01
230139702004004,01
230139702004005,01
230139702004006,01
230139702004007,01
230139702004008,01
230139702004009,01
230139702004010,01
230139702004011,01
230139702004012,01
230139702004013,01
230139702004014,01
230139702004015,01
230139702004016,01
230139702004017,01
230139702004018,01
230139702004019,01
230139702004020,01
230139702004021,01
230139702004022,01
230139702004023,01
230139702004024,01
230139702004025,01
230139702004026,01
230139702004027,01
230139702004028,01
230139702004029,01
230139702004030,01
230139702004031,01
230139702004032,01
230139702005000,01
230139702005001,01
230139702005002,01
230139702005003,01
230139702005004,01
230139702005005,01
230139702005006,01
230139702005007,01
230139702005008,01
230139702005009,01
230139702005010,01
230139702005011,01
230139702005012,01
230139702005013,01
230139702005014,01
230139702005015,01
230139702005016,01
230139702005017,01
230139702005018,01
230139702005019,01
230139702005020,01
230139702005021,01
230139702005022,01
230139702005023,01
230139702005024,01
230139702005025,01
230139703011000,01
230139703011001,01
230139703011002,01
230139703011003,01
230139703011004,01
230139703011005,01
230139703011006,01
230139703011007,01
230139703011008,01
230139703011009,01
230139703011010,01
230139703011011,01
230139703011012,01
230139703011013,01
230139703011014,01
230139703011015,01
230139703011016,01
230139703011017,01
230139703011018,01
230139703011019,01
230139703011020,01
230139703011021,01
230139703011022,01
230139703011023,01
230139703011024,01
230139703011025,01
230139703011026,01
230139703011027,01
230139703011028,01
230139703011029,01
230139703011030,01
230139703011031,01
230139703011032,01
230139703011033,01
230139703011034,01
230139703011035,01
230139703011036,01
230139703011037,01
230139703011038,01
230139703011039,01
230139703011040,01
230139703011041,01
230139703011042,01
230139703011043,01
230139703011044,01
230139703011045,01
230139703011046,01
230139703011047,01
230139703011048,01
230139703011049,01
230139703012000,01
230139703012001,01
230139703012002,01
230139703012003,01
230139703012004,01
230139703012005,01
230139703012006,01
230139703012007,01
230139703012008,01
230139703012009,01
230139703012010,01
230139703012011,01
230139703012012,01
230139703012013,01
230139703012014,01
230139703012015,01
230139703012016,01
230139703012017,01
230139703012018,01
230139703012019,01
230139703012020,01
230139703012021,01
230139703012022,01
230139703012023,01
230139703012024,01
230139703012025,01
230139703012026,01
230139703012027,01
230139703012028,01
230139703012029,01
230139703012030,01
230139703012031,01
230139703012032,01
230139703012033,01
230139703012034,01
230139703012035,01
230139703012036,01
230139703012037,01
230139703012038,01
230139703012039,01
230139703012040,01
230139703012041,01
230139703012042,01
230139703012043,01
230139703012044,01
230139703012045,01
230139703012046,01
230139703012047,01
230139703012048,01
230139703012049,01
230139703012050,01
230139703012051,01
230139703021000,01
230139703021001,01
230139703021002,01
230139703021003,01
230139703021004,01
230139703021005,01
230139703021006,01
230139703021007,01
230139703021008,01
230139703021009,01
230139703021010,01
230139703021011,01
230139703021012,01
230139703021013,01
230139703021014,01
230139703021015,01
230139703021016,01
230139703021017,01
230139703021018,01
230139703021019,01
230139703021020,01
230139703021021,01
230139703021022,01
230139703021023,01
230139703021024,01
230139703021025,01
230139703021026,01
230139703021027,01
230139703021028,01
230139703021029,01
230139703021030,01
230139703021031,01
230139703021032,01
230139703021033,01
230139703021034,01
230139703021035,01
230139703021036,01
230139703021037,01
230139703021038,01
230139703021039,01
230139703021040,01
230139703021041,01
230139703021042,01
230139703021043,01
230139703021044,01
230139703021045,01
230139703021046,01
230139703021047,01
230139703021048,01
230139703021049,01
230139703021050,01
230139703021051,01
230139703021052,01
230139703021053,01
230139703021054,01
230139703021055,01
230139703021056,01
230139703021057,01
230139703021058,01
230139703021059,01
230139703022000,01
230139703022001,01
230139703022002,01
230139703022003,01
230139703022004,01
230139703022005,01
230139703022006,01
230139703022007,01
230139703022008,01
230139703022009,01
230139703022010,01
230139703022011,01
230139703022012,01
230139703022013,01
230139703022014,01
230139703022015,01
230139703022016,01
230139703022017,01
230139703022018,01
230139703022019,01
230139703022020,01
230139703022021,01
230139703022022,01
230139703022023,01
230139703022024,01
230139703022025,01
230139703022026,01
230139703022027,01
230139703022028,01
230139703022029,01
230139703022030,01
230139703022031,01
230139703022032,01
230139703022033,01
230139703022034,01
230139703022035,01
230139703022036,01
230139703022037,01
230139703022038,01
230139703022039,01
230139703022040,01
230139703022041,01
230139703022042,01
230139703022043,01
230139703022044,01
230139703022045,01
230139703022046,01
230139703022047,01
230139703022048,01
230139703022049,01
230139703022050,01
230139703022051,01
230139703022052,01
230139703022053,01
230139703022054,01
230139703022055,01
230139703022056,01
230139703022057,01
230139703022058,01
230139703022059,01
230139703022060,01
230139703022061,01
230139703022062,01
230139703022063,01
230139703022064,01
230139703022065,01
230139703022066,01
230139703022067,01
230139703023000,01
230139703023001,01
230139703023002,01
230139703023003,01
230139703023004,01
230139703023005,01
230139703023006,01
230139703023007,01
230139703023008,01
230139703023009,01
230139703023010,01
230139703023011,01
230139703023012,01
230139703023013,01
230139703023014,01
230139703023015,01
230139703023016,01
230139703023017,01
230139703023018,01
230139703023019,01
230139703023020,01
230139703023021,01
230139703023022,01
230139703023023,01
230139703023024,01
230139703023025,01
230139703023026,01
230139703023027,01
230139703023028,01
230139703023029,01
230139703023030,01
230139703023031,01
230139703023032,01
230139704011000,01
230139704011001,01
230139704011002,01
230139704011003,01
230139704011004,01
230139704011005,01
230139704011006,01
230139704011007,01
230139704011008,01
230139704011009,01
230139704011010,01
230139704011011,01
230139704011012,01
230139704011013,01
230139704011014,01
230139704011015,01
230139704011016,01
230139704011017,01
230139704011018,01
230139704011019,01
230139704011020,01
230139704011021,01
230139704011022,01
230139704011023,01
230139704011024,01
230139704011025,01
230139704011026,01
230139704011027,01
230139704011028,01
230139704011029,01
230139704011030,01
230139704011031,01
230139704011032,01
230139704011033,01
230139704011034,01
230139704011035,01
230139704011036,01
230139704011037,01
230139704011038,01
230139704011039,01
230139704011040,01
230139704011041,01
230139704011042,01
230139704011043,01
230139704011044,01
230139704011045,01
230139704011046,01
230139704011047,01
230139704011048,01
230139704011049,01
230139704011050,01
230139704011051,01
230139704011052,01
230139704011053,01
230139704011054,01
230139704011055,01
230139704011056,01
230139704011057,01
230139704011058,01
230139704011059,01
230139704011060,01
230139704011061,01
230139704011062,01
230139704011063,01
230139704011064,01
230139704011065,01
230139704011066,01
230139704011067,01
230139704011068,01
230139704011069,01
230139704011070,01
230139704011071,01
230139704011072,01
230139704011073,01
230139704011074,01
230139704011075,01
230139704011076,01
230139704011077,01
230139704011078,01
230139704011079,01
230139704012000,01
230139704012001,01
230139704012002,01
230139704012003,01
230139704012004,01
230139704012005,01
230139704012006,01
230139704012007,01
230139704012008,01
230139704012009,01
230139704012010,01
230139704012011,01
230139704012012,01
230139704012013,01
230139704012014,01
230139704012015,01
230139704012016,01
230139704012017,01
230139704012018,01
230139704012019,01
230139704012020,01
230139704012021,01
230139704012022,01
230139704012023,01
230139704012024,01
230139704012025,01
230139704012026,01
230139704012027,01
230139704012028,01
230139704012029,01
230139704012030,01
230139704012031,01
230139704012032,01
230139704012033,01
230139704012034,01
230139704012035,01
230139704013000,01
230139704013001,01
230139704013002,01
230139704013003,01
230139704013004,01
230139704013005,01
230139704013006,01
230139704013007,01
230139704013008,01
230139704013009,01
230139704013010,01
230139704013011,01
230139704013012,01
230139704013013,01
230139704013014,01
230139704013015,01
230139704013016,01
230139704013017,01
230139704013018,01
230139704021000,01
230139704021001,01
230139704021002,01
230139704021003,01
230139704021004,01
230139704021005,01
230139704021006,01
230139704021007,01
230139704021008,01
230139704021009,01
230139704021010,01
230139704021011,01
230139704021012,01
230139704022000,01
230139704022001,01
230139704022002,01
230139704022003,01
230139704022004,01
230139704022005,01
230139704022006,01
230139704022007,01
230139704022008,01
230139704022009,01
230139704022010,01
230139704022011,01
230139704022012,01
230139704022013,01
230139704022014,01
230139704022015,01
230139704022016,01
230139704022017,01
230139704022018,01
230139704022019,01
230139704022020,01
230139704022021,01
230139704022022,01
230139704022023,01
230139704022024,01
230139704022025,01
230139704022026,01
230139704022027,01
230139704022028,01
230139704022029,01
230139704022030,01
230139704022031,01
230139704022032,01
230139704022033,01
230139704022034,01
230139704022035,01
230139704023000,01
230139704023001,01
230139704023002,01
230139704023003,01
230139704023004,01
230139704023005,01
230139704023006,01
230139704023007,01
230139704023008,01
230139704023009,01
230139704023010,01
230139704023011,01
230139704023012,01
230139704023013,01
230139704023014,01
230139704023015,01
230139704023016,01
230139704023017,01
230139704023018,01
230139704023019,01
230139704023020,01
230139704023021,01
230139704023022,01
230139704023023,01
230139704023024,01
230139704023025,01
230139704023026,01
230139704023027,01
230139704023028,01
230139705001000,01
230139705001001,01
230139705001002,01
230139705001003,01
230139705001004,01
230139705001005,01
230139705001006,01
230139705001007,01
230139705001008,01
230139705001009,01
230139705001010,01
230139705001011,01
230139705001012,01
230139705001013,01
230139705001014,01
230139705001015,01
230139705001016,01
230139705001017,01
230139705001018,01
230139705001019,01
230139705001020,01
230139705001021,01
230139705001022,01
230139705001023,01
230139705001024,01
230139705001025,01
230139705001026,01
230139705001027,01
230139705001028,01
230139705001029,01
230139705001030,01
230139705001031,01
230139705001032,01
230139705001033,01
230139705001034,01
230139705001035,01
230139705001036,01
230139705001037,01
230139705001038,01
230139705001039,01
230139705001040,01
230139705001041,01
230139705001042,01
230139705001043,01
230139705001044,01
230139705001045,01
230139705001046,01
230139705002000,01
230139705002001,01
230139705002002,01
230139705002003,01
230139705002004,01
230139705002005,01
230139705002006,01
230139705002007,01
230139705002008,01
230139705002009,01
230139705002010,01
230139705002011,01
230139705002012,01
230139705002013,01
230139705002014,01
230139705002015,01
230139705002016,01
230139705002017,01
230139705002018,01
230139705002019,01
230139705002020,01
230139705002021,01
230139705002022,01
230139705002023,01
230139705002024,01
230139705002025,01
230139705002026,01
230139705002027,01
230139705002028,01
230139705002029,01
230139705002030,01
230139705002031,01
230139705002032,01
230139705002033,01
230139705002034,01
230139705003000,01
230139705003001,01
230139705003002,01
230139705003003,01
230139705003004,01
230139705003005,01
230139705003006,01
230139705003007,01
230139705003008,01
230139705003009,01
230139705003010,01
230139705003011,01
230139705003012,01
230139705003013,01
230139705003014,01
230139705003015,01
230139705003016,01
230139705003017,01
230139705003018,01
230139705003019,01
230139705003020,01
230139705003021,01
230139705003022,01
230139705003023,01
230139705003024,01
230139705003025,01
230139705003026,01
230139705003027,01
230139705003028,01
230139705003029,01
230139705003030,01
230139705003031,01
230139705003032,01
230139705003033,01
230139705003034,01
230139705003035,01
230139705003036,01
230139705003037,01
230139705003038,01
230139705003039,01
230139705003040,01
230139706001000,01
230139706001001,01
230139706001002,01
230139706001003,01
230139706001004,01
230139706001005,01
230139706001006,01
230139706001007,01
230139706001008,01
230139706001009,01
230139706001010,01
230139706001011,01
230139706001012,01
230139706001013,01
230139706001014,01
230139706001015,01
230139706001016,01
230139706001017,01
230139706001018,01
230139706001019,01
230139706001020,01
230139706001021,01
230139706001022,01
230139706001023,01
230139706001024,01
230139706002000,01
230139706002001,01
230139706002002,01
230139706002003,01
230139706002004,01
230139706002005,01
230139706002006,01
230139706002007,01
230139706002008,01
230139706002009,01
230139706002010,01
230139706002011,01
230139706002012,01
230139706002013,01
230139706002014,01
230139706002015,01
230139706002016,01
230139706002017,01
230139706003000,01
230139706003001,01
230139706003002,01
230139706003003,01
230139706003004,01
230139706003005,01
230139706003006,01
230139706003007,01
230139706003008,01
230139706003009,01
230139706003010,01
230139706003011,01
230139706003012,01
230139706003013,01
230139706003014,01
230139706003015,01
230139706003016,01
230139706003017,01
230139706004000,01
230139706004001,01
230139706004002,01
230139706004003,01
230139706004004,01
230139706004005,01
230139706004006,01
230139706004007,01
230139706004008,01
230139706004009,01
230139706004010,01
230139706004011,01
230139706004012,01
230139706004013,01
230139706004014,01
230139706004015,01
230139706004016,01
230139706004017,01
230139706004018,01
230139706004019,01
230139706004020,01
230139706004021,01
230139706004022,01
230139706004023,01
230139706004024,01
230139706004025,01
230139706004026,01
230139706004027,01
230139706004028,01
230139706004029,01
230139706004030,01
230139707001000,01
230139707001001,01
230139707001002,01
230139707001003,01
230139707001004,01
230139707001005,01
230139707001006,01
230139707001007,01
230139707001008,01
230139707001009,01
230139707001010,01
230139707001011,01
230139707001012,01
230139707001013,01
230139707001014,01
230139707001015,01
230139707001016,01
230139707001017,01
230139707001018,01
230139707001019,01
230139707001020,01
230139707001021,01
230139707001022,01
230139707001023,01
230139707001024,01
230139707001025,01
230139707001026,01
230139707001027,01
230139707001028,01
230139707001029,01
230139707001030,01
230139707001031,01
230139707001032,01
230139707001033,01
230139707001034,01
230139707001035,01
230139707001036,01
230139707001037,01
230139707001038,01
230139707001039,01
230139707001040,01
230139707001041,01
230139707001042,01
230139707001043,01
230139707001044,01
230139707002000,01
230139707002001,01
230139707002002,01
230139707002003,01
230139707002004,01
230139707002005,01
230139707002006,01
230139707002007,01
230139707002008,01
230139707002009,01
230139707002010,01
230139707002011,01
230139707002012,01
230139707002013,01
230139707002014,01
230139707002015,01
230139707002016,01
230139707002017,01
230139707003000,01
230139707003001,01
230139707003002,01
230139707003003,01
230139707003004,01
230139707003005,01
230139707003006,01
230139707003007,01
230139707003008,01
230139707003009,01
230139707003010,01
230139707003011,01
230139707003012,01
230139707003013,01
230139707003014,01
230139707003015,01
230139707003016,01
230139707003017,01
230139707003018,01
230139707003019,01
230139707003020,01
230139707003021,01
230139707003022,01
230139707003023,01
230139707003024,01
230139707003025,01
230139707003026,01
230139707003027,01
230139707003028,01
230139707003029,01
230139707003030,01
230139707003031,01
230139707004000,01
230139707004001,01
230139707004002,01
230139707004003,01
230139707004004,01
230139707004005,01
230139707004006,01
230139707004007,01
230139707004008,01
230139707004009,01
230139707004010,01
230139707004011,01
230139707004012,01
230139707004013,01
230139707004014,01
230139707004015,01
230139707004016,01
230139707004017,01
230139707004018,01
230139707004019,01
230139707004020,01
230139707004021,01
230139708001000,01
230139708001001,01
230139708001002,01
230139708001003,01
230139708001004,01
230139708001005,01
230139708001006,01
230139708001007,01
230139708001008,01
230139708001009,01
230139708001010,01
230139708001011,01
230139708001012,01
230139708001013,01
230139708002000,01
230139708002001,01
230139708002002,01
230139708002003,01
230139708002004,01
230139708002005,01
230139708002006,01
230139708002007,01
230139708002008,01
230139708003000,01
230139708003001,01
230139708003002,01
230139708003003,01
230139708003004,01
230139708003005,01
230139708003006,01
230139708003007,01
230139708003008,01
230139708003009,01
230139708003010,01
230139708003011,01
230139708003012,01
230139708003013,01
230139708003014,01
230139708004000,01
230139708004001,01
230139708004002,01
230139708004003,01
230139708004004,01
230139708004005,01
230139708004006,01
230139708004007,01
230139708004008,01
230139708004009,01
230139708004010,01
230139708004011,01
230139708004012,01
230139708004013,01
230139708004014,01
230139708004015,01
230139709001000,01
230139709001001,01
230139709001002,01
230139709001003,01
230139709001004,01
230139709001005,01
230139709001006,01
230139709001007,01
230139709001008,01
230139709001009,01
230139709001010,01
230139709001011,01
230139709001012,01
230139709001013,01
230139709001014,01
230139709001015,01
230139709001016,01
230139709001017,01
230139709001018,01
230139709001019,01
230139709001020,01
230139709001021,01
230139709001022,01
230139709001023,01
230139709001024,01
230139709001025,01
230139709001026,01
230139709001027,01
230139709001028,01
230139709001029,01
230139709001030,01
230139709001031,01
230139709001032,01
230139709001033,01
230139709001034,01
230139709001035,01
230139709001036,01
230139709001037,01
230139709001038,01
230139709001039,01
230139709001040,01
230139709001041,01
230139709002000,01
230139709002001,01
230139709002002,01
230139709002003,01
230139709002004,01
230139709002005,01
230139709002006,01
230139709002007,01
230139709002008,01
230139709002009,01
230139709002010,01
230139709002011,01
230139709002012,01
230139709002013,01
230139709002014,01
230139709002015,01
230139709002016,01
230139709002017,01
230139709002018,01
230139709003000,01
230139709003001,01
230139709003002,01
230139709003003,01
230139709003004,01
230139709003005,01
230139709003006,01
230139709003007,01
230139709003008,01
230139709003009,01
230139709003010,01
230139709003011,01
230139709003012,01
230139709003013,01
230139709003014,01
230139709003015,01
230139709003016,01
230139710001000,01
230139710001001,01
230139710001002,01
230139710001003,01
230139710001004,01
230139710001005,01
230139710001006,01
230139710001007,01
230139710001008,01
230139710001009,01
230139710001010,01
230139710001011,01
230139710001012,01
230139710001013,01
230139710001014,01
230139710001015,01
230139710001016,01
230139710001017,01
230139710001018,01
230139710001019,01
230139710001020,01
230139710001021,01
230139710001022,01
230139710001023,01
230139710001024,01
230139710001025,01
230139710001026,01
230139710001027,01
230139710001028,01
230139710001029,01
230139710002000,01
230139710002001,01
230139710002002,01
230139710002003,01
230139710002004,01
230139710002005,01
230139710002006,01
230139710002007,01
230139710002008,01
230139710002009,01
230139710002010,01
230139710002011,01
230139710002012,01
230139710002013,01
230139710002014,01
230139710002015,01
230139710002016,01
230139710002017,01
230139710002018,01
230139710002019,01
230139710002020,01
230139710002021,01
230139710002022,01
230139710002023,01
230139710002024,01
230139710002025,01
230139710002026,01
230139710002027,01
230139710002028,01
230139710002029,01
230139710002030,01
230139710002031,01
230139710002032,01
230139710002033,01
230139710002034,01
230139710002035,01
230139710002036,01
230139710002037,01
230139710002038,01
230139711001000,01
230139711001001,01
230139711001002,01
230139711001003,01
230139711001004,01
230139711001005,01
230139711001006,01
230139711001007,01
230139711001008,01
230139711001009,01
230139711001010,01
230139711001011,01
230139711001012,01
230139711001013,01
230139711001014,01
230139711001015,01
230139711001016,01
230139711001017,01
230139711001018,01
230139711001019,01
230139711001020,01
230139711001021,01
230139711001022,01
230139711001023,01
230139711001024,01
230139711001025,01
230139711001026,01
230139711001027,01
230139711001028,01
230139711001029,01
230139711001030,01
230139711001031,01
230139711001032,01
230139711001033,01
230139711001034,01
230139711001035,01
230139711001036,01
230139711001037,01
230139711001038,01
230139711001039,01
230139711001040,01
230139711001041,01
230139711001042,01
230139711001043,01
230139711001044,01
230139711001045,01
230139711001046,01
230139711001047,01
230139711001048,01
230139711001049,01
230139711001050,01
230139711001051,01
230139711001052,01
230139711001053,01
230139711001054,01
230139711001055,01
230139711001056,01
230139711001057,01
230139711001058,01
230139711001059,01
230139711001060,01
230139711001061,01
230139711001062,01
230139711001063,01
230139711001064,01
230139711001065,01
230139711001066,01
230139711001067,01
230139711001068,01
230139711001069,01
230139711001070,01
230139711001071,01
230139711001072,01
230139711001073,01
230139711001074,01
230139711001075,01
230139711002000,01
230139711002001,01
230139711002002,01
230139711002003,01
230139711002004,01
230139711002005,01
230139711002006,01
230139711002007,01
230139711002008,01
230139711002009,01
230139711002010,01
230139711002011,01
230139711002012,01
230139711002013,01
230139711002014,01
230139711002015,01
230139711002016,01
230139711002017,01
230139711002018,01
230139711002019,01
230139711002020,01
230139711002021,01
230139711002022,01
230139711002023,01
230139711002024,01
230139711002025,01
230139711002026,01
230139711002027,01
230139711002028,01
230139711002029,01
230139711002030,01
230139711002031,01
230139711002032,01
230139711002033,01
230139711002034,01
230139711002035,01
230139711002036,01
230139711002037,01
230139711002038,01
230139711002039,01
230139711002040,01
230139711002041,01
230139711002042,01
230139711002043,01
230139711002044,01
230139711002045,01
230139711003000,01
230139711003001,01
230139711003002,01
230139711003003,01
230139711003004,01
230139711003005,01
230139711003006,01
230139711003007,01
230139711003008,01
230139711003009,01
230139711003010,01
230139711003011,01
230139711003012,01
230139711003013,01
230139711003014,01
230139711003015,01
230139711003016,01
230139711003017,01
230139711003018,01
230139711003019,01
230139711003020,01
230139711003021,01
230139711003022,01
230139711003023,01
230139711003024,01
230139711003025,01
230139711003026,01
230139711003027,01
230139711003028,01
230139711003029,01
230139711003030,01
230139711003031,01
230139711003032,01
230139711003033,01
230139711003034,01
230139711003035,01
230139711004000,01
230139711004001,01
230139711004002,01
230139711004003,01
230139711004004,01
230139711004005,01
230139711004006,01
230139711004007,01
230139711004008,01
230139711004009,01
230139711004010,01
230139711004011,01
230139711004012,01
230139711004013,01
230139711004014,01
230139711004015,01
230139711004016,01
230139711004017,01
230139711004018,01
230139711004019,01
230139711004020,01
230139711004021,01
230139711004022,01
230139711004023,01
230139711004024,01
230139711004025,01
230139711004026,01
230139711004027,01
230139711004028,01
230139711004029,01
230139711004030,01
230139711004031,01
230139711004032,01
230139711004033,01
230139711004034,01
230139711004035,01
230139711004036,01
230139711004037,01
230139711004038,01
230139711004039,01
230139711004040,01
230139711004041,01
230139711004042,01
230139711004043,01
230139711004044,01
230139711004045,01
230139711004046,01
230139711004047,01
230139711004048,01
230139711004049,01
230139711004050,01
230139711004051,01
230139711004052,01
230139711004053,01
230139711004054,01
230139711004055,01
230139711004056,01
230139711004057,01
230139711004058,01
230139711004059,01
230139900000001,01
230139900000002,01
230139900000003,01
230139900000004,01
230139900000005,01
230139900000006,01
230139900000007,01
230139900000008,01
230139900000009,01
230139900000010,01
230139900000011,01
230139900000012,01
230139900000013,01
230139900000014,01
230139900000015,01
230139900000016,01
230139900000017,01
230139900000018,01
230139900000019,01
230139900000020,01
230139900000021,01
230139900000022,01
230139900000023,01
230139900000024,01
230139900000025,01
230139900000026,01
230139900000027,01
230139900000028,01
230139900000029,01
230139900000030,01
230139900000031,01
230139900000032,01
230139900000033,01
230139900000034,01
230139900000035,01
230139900000036,01
230139900000037,01
230139900000038,01
230159751001000,01
230159751001001,01
230159751001002,01
230159751001003,01
230159751001004,01
230159751001005,01
230159751001006,01
230159751001007,01
230159751001008,01
230159751001009,01
230159751001010,01
230159751001011,01
230159751001012,01
230159751001013,01
230159751001014,01
230159751001015,01
230159751001016,01
230159751001017,01
230159751001018,01
230159751001019,01
230159751001020,01
230159751001021,01
230159751001022,01
230159751001023,01
230159751001024,01
230159751001025,01
230159751001026,01
230159751001027,01
230159751001028,01
230159751001029,01
230159751001030,01
230159751001031,01
230159751001032,01
230159751001033,01
230159751001034,01
230159751001035,01
230159751001036,01
230159751001037,01
230159751001038,01
230159751001039,01
230159751001040,01
230159751002000,01
230159751002001,01
230159751002002,01
230159751002003,01
230159751002004,01
230159751002005,01
230159751002006,01
230159751002007,01
230159751002008,01
230159751002009,01
230159751002010,01
230159751002011,01
230159751002012,01
230159751002013,01
230159751002014,01
230159751002015,01
230159751002016,01
230159751002017,01
230159751002018,01
230159751002019,01
230159751002020,01
230159751002021,01
230159751002022,01
230159751002023,01
230159751002024,01
230159751002025,01
230159751002026,01
230159751002027,01
230159751002028,01
230159751002029,01
230159751002030,01
230159751002031,01
230159751002032,01
230159751002033,01
230159751002034,01
230159751002035,01
230159751002036,01
230159751002037,01
230159751002038,01
230159751002039,01
230159751002040,01
230159751002041,01
230159751002042,01
230159751002043,01
230159751002044,01
230159751002045,01
230159751002046,01
230159751002047,01
230159751002048,01
230159751002049,01
230159751002050,01
230159751002051,01
230159751002052,01
230159751002053,01
230159751002054,01
230159751002055,01
230159751002056,01
230159751002057,01
230159751002058,01
230159751002059,01
230159751002060,01
230159751002061,01
230159751002062,01
230159751002063,01
230159751003000,01
230159751003001,01
230159751003002,01
230159751003003,01
230159751003004,01
230159751003005,01
230159751003006,01
230159751003007,01
230159751003008,01
230159751003009,01
230159751003010,01
230159751003011,01
230159751003012,01
230159751003013,01
230159751003014,01
230159751003015,01
230159751003016,01
230159751003017,01
230159751003018,01
230159751003019,01
230159751003020,01
230159751003021,01
230159751003022,01
230159751003023,01
230159751003024,01
230159751003025,01
230159751004000,01
230159751004001,01
230159751004002,01
230159751004003,01
230159751004004,01
230159751004005,01
230159751004006,01
230159751004007,01
230159751004008,01
230159751004009,01
230159751004010,01
230159751004011,01
230159751004012,01
230159751004013,01
230159751004014,01
230159751004015,01
230159751004016,01
230159751004017,01
230159751004018,01
230159751004019,01
230159751004020,01
230159751004021,01
230159751004022,01
230159751004023,01
230159751004024,01
230159751004025,01
230159751004026,01
230159751004027,01
230159751004028,01
230159751004029,01
230159751004030,01
230159751004031,01
230159751004032,01
230159751004033,01
230159751004034,01
230159751004035,01
230159751004036,01
230159751004037,01
230159751004038,01
230159751004039,01
230159751004040,01
230159751004041,01
230159751005000,01
230159751005001,01
230159751005002,01
230159751005003,01
230159751005004,01
230159751005005,01
230159751005006,01
230159751005007,01
230159751005008,01
230159751005009,01
230159751005010,01
230159751005011,01
230159751005012,01
230159751005013,01
230159751005014,01
230159751005015,01
230159751005016,01
230159751005017,01
230159751005018,01
230159751005019,01
230159751005020,01
230159751005021,01
230159751005022,01
230159751005023,01
230159751005024,01
230159751005025,01
230159751005026,01
230159751005027,01
230159751005028,01
230159751005029,01
230159751005030,01
230159751005031,01
230159751005032,01
230159751005033,01
230159751005034,01
230159751005035,01
230159751005036,01
230159751005037,01
230159751005038,01
230159751005039,01
230159751005040,01
230159752001000,01
230159752001001,01
230159752001002,01
230159752001003,01
230159752001004,01
230159752001005,01
230159752001006,01
230159752001007,01
230159752001008,01
230159752001009,01
230159752001010,01
230159752001011,01
230159752001012,01
230159752001013,01
230159752001014,01
230159752001015,01
230159752001016,01
230159752001017,01
230159752001018,01
230159752001019,01
230159752001020,01
230159752001021,01
230159752001022,01
230159752001023,01
230159752001024,01
230159752001025,01
230159752001026,01
230159752001027,01
230159752001028,01
230159752001029,01
230159752001030,01
230159752001031,01
230159752001032,01
230159752001033,01
230159752001034,01
230159752001035,01
230159752001036,01
230159752001037,01
230159752001038,01
230159752001039,01
230159752001040,01
230159752001041,01
230159752001042,01
230159752001043,01
230159752001044,01
230159752001045,01
230159752001046,01
230159752001047,01
230159752001048,01
230159752001049,01
230159752001050,01
230159752001051,01
230159752001052,01
230159752001053,01
230159752001054,01
230159752001055,01
230159752001056,01
230159752001057,01
230159752001058,01
230159752001059,01
230159752001060,01
230159752001061,01
230159752001062,01
230159752001063,01
230159752001064,01
230159752001065,01
230159752001066,01
230159752001067,01
230159752001068,01
230159752001069,01
230159752001070,01
230159752001071,01
230159752001072,01
230159752002000,01
230159752002001,01
230159752002002,01
230159752002003,01
230159752002004,01
230159752002005,01
230159752002006,01
230159752002007,01
230159752002008,01
230159752002009,01
230159752002010,01
230159752002011,01
230159752002012,01
230159752002013,01
230159752002014,01
230159752002015,01
230159752002016,01
230159752002017,01
230159752002018,01
230159752002019,01
230159752002020,01
230159752002021,01
230159752002022,01
230159752002023,01
230159752002024,01
230159752002025,01
230159752002026,01
230159752002027,01
230159752002028,01
230159752002029,01
230159752002030,01
230159752002031,01
230159752002032,01
230159752002033,01
230159752002034,01
230159752002035,01
230159752002036,01
230159752003000,01
230159752003001,01
230159752003002,01
230159752003003,01
230159752003004,01
230159752003005,01
230159752003006,01
230159752003007,01
230159752003008,01
230159752003009,01
230159752003010,01
230159752003011,01
230159752003012,01
230159752003013,01
230159752003014,01
230159752003015,01
230159752003016,01
230159752003017,01
230159752003018,01
230159752003019,01
230159752003020,01
230159752003021,01
230159752003022,01
230159752003023,01
230159752003024,01
230159752003025,01
230159752003026,01
230159752003027,01
230159752003028,01
230159752003029,01
230159753001000,01
230159753001001,01
230159753001002,01
230159753001003,01
230159753001004,01
230159753001005,01
230159753001006,01
230159753001007,01
230159753001008,01
230159753001009,01
230159753001010,01
230159753001011,01
230159753001012,01
230159753001013,01
230159753001014,01
230159753001015,01
230159753001016,01
230159753001017,01
230159753001018,01
230159753001019,01
230159753001020,01
230159753001021,01
230159753001022,01
230159753001023,01
230159753001024,01
230159753001025,01
230159753001026,01
230159753001027,01
230159753001028,01
230159753001029,01
230159753001030,01
230159753001031,01
230159753001032,01
230159753001033,01
230159753001034,01
230159753001035,01
230159753001036,01
230159753001037,01
230159753001038,01
230159753001039,01
230159753001040,01
230159753001041,01
230159753001042,01
230159753001043,01
230159753001044,01
230159753001045,01
230159753001046,01
230159753002000,01
230159753002001,01
230159753002002,01
230159753002003,01
230159753002004,01
230159753002005,01
230159753002006,01
230159753002007,01
230159753002008,01
230159753002009,01
230159753002010,01
230159753002011,01
230159753002012,01
230159753002013,01
230159753002014,01
230159753002015,01
230159753002016,01
230159753002017,01
230159753002018,01
230159753002019,01
230159753002020,01
230159753002021,01
230159753002022,01
230159753002023,01
230159753002024,01
230159753002025,01
230159753002026,01
230159753002027,01
230159753002028,01
230159753003000,01
230159753003001,01
230159753003002,01
230159753003003,01
230159753003004,01
230159753003005,01
230159753003006,01
230159753003007,01
230159753003008,01
230159753003009,01
230159753003010,01
230159753003011,01
230159753003012,01
230159753003013,01
230159753003014,01
230159753003015,01
230159753003016,01
230159753003017,01
230159753003018,01
230159753003019,01
230159753003020,01
230159753003021,01
230159753003022,01
230159753003023,01
230159753003024,01
230159753003025,01
230159753003026,01
230159753003027,01
230159753003028,01
230159753003029,01
230159753003030,01
230159753003031,01
230159753003032,01
230159753003033,01
230159753003034,01
230159753003035,01
230159753003036,01
230159753003037,01
230159753003038,01
230159753003039,01
230159753003040,01
230159753003041,01
230159753003042,01
230159753003043,01
230159753003044,01
230159753003045,01
230159753003046,01
230159753004000,01
230159753004001,01
230159753004002,01
230159753004003,01
230159753004004,01
230159753004005,01
230159753004006,01
230159753004007,01
230159753004008,01
230159753004009,01
230159753004010,01
230159753004011,01
230159753004012,01
230159753004013,01
230159753004014,01
230159753004015,01
230159753004016,01
230159754001000,01
230159754001001,01
230159754001002,01
230159754001003,01
230159754001004,01
230159754001005,01
230159754001006,01
230159754001007,01
230159754001008,01
230159754001009,01
230159754001010,01
230159754001011,01
230159754001012,01
230159754001013,01
230159754001014,01
230159754001015,01
230159754001016,01
230159754001017,01
230159754001018,01
230159754001019,01
230159754001020,01
230159754001021,01
230159754001022,01
230159754001023,01
230159754001024,01
230159754001025,01
230159754001026,01
230159754001027,01
230159754001028,01
230159754001029,01
230159754001030,01
230159754001031,01
230159754001032,01
230159754001033,01
230159754001034,01
230159754001035,01
230159754001036,01
230159754001037,01
230159754001038,01
230159754001039,01
230159754001040,01
230159754001041,01
230159754001042,01
230159754001043,01
230159754001044,01
230159754001045,01
230159754002000,01
230159754002001,01
230159754002002,01
230159754002003,01
230159754002004,01
230159754002005,01
230159754002006,01
230159754002007,01
230159754002008,01
230159754002009,01
230159754002010,01
230159754002011,01
230159754002012,01
230159754002013,01
230159754002014,01
230159754002015,01
230159754002016,01
230159754002017,01
230159754002018,01
230159754002019,01
230159754002020,01
230159754002021,01
230159754002022,01
230159754002023,01
230159754002024,01
230159754002025,01
230159754002026,01
230159754002027,01
230159754002028,01
230159754002029,01
230159754002030,01
230159754002031,01
230159754002032,01
230159754002033,01
230159754002034,01
230159754002035,01
230159754002036,01
230159754002037,01
230159754002038,01
230159754002039,01
230159754002040,01
230159754002041,01
230159754002042,01
230159754002043,01
230159754002044,01
230159754002045,01
230159754002046,01
230159754002047,01
230159754002048,01
230159754002049,01
230159754002050,01
230159754002051,01
230159754002052,01
230159754002053,01
230159754002054,01
230159754002055,01
230159754002056,01
230159754002057,01
230159754002058,01
230159754002059,01
230159754002060,01
230159754002061,01
230159754002062,01
230159754002063,01
230159754002064,01
230159754002065,01
230159754002066,01
230159754002067,01
230159754002068,01
230159754002069,01
230159754002070,01
230159754002071,01
230159754002072,01
230159754002073,01
230159754002074,01
230159754002075,01
230159754002076,01
230159754002077,01
230159754002078,01
230159754002079,01
230159754002080,01
230159754002081,01
230159754002082,01
230159754002083,01
230159754002084,01
230159754002085,01
230159754002086,01
230159754002087,01
230159754002088,01
230159754002089,01
230159754002090,01
230159754002091,01
230159754002092,01
230159754002093,01
230159754002094,01
230159754002095,01
230159754002096,01
230159754002097,01
230159754002098,01
230159754002099,01
230159754002100,01
230159754002101,01
230159754002102,01
230159754002103,01
230159754002104,01
230159754002105,01
230159754002106,01
230159754002107,01
230159754002108,01
230159754002109,01
230159754002110,01
230159754003000,01
230159754003001,01
230159754003002,01
230159754003003,01
230159754003004,01
230159754003005,01
230159754003006,01
230159754003007,01
230159754003008,01
230159754003009,01
230159754003010,01
230159754003011,01
230159754003012,01
230159754003013,01
230159754003014,01
230159754003015,01
230159754003016,01
230159754003017,01
230159754003018,01
230159754003019,01
230159754003020,01
230159754003021,01
230159754003022,01
230159754003023,01
230159754003024,01
230159754003025,01
230159754003026,01
230159754003027,01
230159754003028,01
230159754003029,01
230159754003030,01
230159754003031,01
230159754003032,01
230159754003033,01
230159754003034,01
230159755001000,01
230159755001001,01
230159755001002,01
230159755001003,01
230159755001004,01
230159755001005,01
230159755001006,01
230159755001007,01
230159755001008,01
230159755001009,01
230159755001010,01
230159755001011,01
230159755001012,01
230159755001013,01
230159755001014,01
230159755001015,01
230159755001016,01
230159755001017,01
230159755001018,01
230159755001019,01
230159755001020,01
230159755001021,01
230159755001022,01
230159755001023,01
230159755001024,01
230159755001025,01
230159755001026,01
230159755001027,01
230159755001028,01
230159755001029,01
230159755001030,01
230159755001031,01
230159755001032,01
230159755001033,01
230159755001034,01
230159755001035,01
230159755001036,01
230159755001037,01
230159755001038,01
230159755001039,01
230159755001040,01
230159755001041,01
230159755001042,01
230159755001043,01
230159755001044,01
230159755001045,01
230159755001046,01
230159755001047,01
230159755002000,01
230159755002001,01
230159755002002,01
230159755002003,01
230159755002004,01
230159755002005,01
230159755002006,01
230159755002007,01
230159755002008,01
230159755002009,01
230159755002010,01
230159755002011,01
230159755002012,01
230159755002013,01
230159755002014,01
230159755002015,01
230159755002016,01
230159755002017,01
230159755002018,01
230159755002019,01
230159755002020,01
230159755002021,01
230159755002022,01
230159755002023,01
230159755002024,01
230159755002025,01
230159755002026,01
230159755002027,01
230159755002028,01
230159755002029,01
230159755002030,01
230159755002031,01
230159755002032,01
230159755002033,01
230159755002034,01
230159755002035,01
230159755002036,01
230159755002037,01
230159755002038,01
230159755002039,01
230159755002040,01
230159755002041,01
230159755002042,01
230159755002043,01
230159755002044,01
230159755002045,01
230159755002046,01
230159755002047,01
230159755002048,01
230159755003000,01
230159755003001,01
230159755003002,01
230159755003003,01
230159755003004,01
230159755003005,01
230159755003006,01
230159755003007,01
230159755003008,01
230159755003009,01
230159755003010,01
230159755003011,01
230159755003012,01
230159755003013,01
230159755003014,01
230159755003015,01
230159755003016,01
230159755003017,01
230159755003018,01
230159755003019,01
230159755003020,01
230159755003021,01
230159755003022,01
230159755003023,01
230159755003024,01
230159755003025,01
230159755003026,01
230159755003027,01
230159755003028,01
230159755003029,01
230159755003030,01
230159755003031,01
230159755003032,01
230159755003033,01
230159755003034,01
230159755003035,01
230159755003036,01
230159755003037,01
230159755004000,01
230159755004001,01
230159755004002,01
230159755004003,01
230159755004004,01
230159755004005,01
230159755004006,01
230159755004007,01
230159755004008,01
230159755004009,01
230159755004010,01
230159755004011,01
230159755004012,01
230159755004013,01
230159755004014,01
230159755004015,01
230159755004016,01
230159755004017,01
230159755004018,01
230159755004019,01
230159755004020,01
230159755004021,01
230159755004022,01
230159755004023,01
230159755004024,01
230159755004025,01
230159755004026,01
230159755004027,01
230159755004028,01
230159755004029,01
230159755004030,01
230159755004031,01
230159755004032,01
230159755004033,01
230159755004034,01
230159755004035,01
230159755004036,01
230159755004037,01
230159755004038,01
230159755005000,01
230159755005001,01
230159755005002,01
230159755005003,01
230159755005004,01
230159755005005,01
230159755005006,01
230159755005007,01
230159755005008,01
230159755005009,01
230159755005010,01
230159755005011,01
230159755005012,01
230159755005013,01
230159755005014,01
230159755005015,01
230159755005016,01
230159755005017,01
230159755005018,01
230159755005019,01
230159755005020,01
230159756001000,01
230159756001001,01
230159756001002,01
230159756001003,01
230159756001004,01
230159756001005,01
230159756001006,01
230159756001007,01
230159756001008,01
230159756001009,01
230159756001010,01
230159756001011,01
230159756001012,01
230159756001013,01
230159756001014,01
230159756001015,01
230159756001016,01
230159756001017,01
230159756001018,01
230159756001019,01
230159756001020,01
230159756001021,01
230159756001022,01
230159756001023,01
230159756001024,01
230159756001025,01
230159756001026,01
230159756001027,01
230159756001028,01
230159756001029,01
230159756001030,01
230159756001031,01
230159756001032,01
230159756001033,01
230159756001034,01
230159756001035,01
230159756001036,01
230159756001037,01
230159756001038,01
230159756002000,01
230159756002001,01
230159756002002,01
230159756002003,01
230159756002004,01
230159756002005,01
230159756002006,01
230159756002007,01
230159756002008,01
230159756002009,01
230159756002010,01
230159756002011,01
230159756002012,01
230159756002013,01
230159756002014,01
230159756002015,01
230159756002016,01
230159756002017,01
230159756002018,01
230159756002019,01
230159756002020,01
230159756002021,01
230159756002022,01
230159756002023,01
230159756002024,01
230159756002025,01
230159756002026,01
230159756002027,01
230159756002028,01
230159756002029,01
230159756002030,01
230159756002031,01
230159756002032,01
230159756002033,01
230159756002034,01
230159756002035,01
230159756002036,01
230159756002037,01
230159756002038,01
230159756002039,01
230159756002040,01
230159756002041,01
230159756002042,01
230159756002043,01
230159756002044,01
230159756002045,01
230159756002046,01
230159756002047,01
230159756002048,01
230159756002049,01
230159756002050,01
230159756003000,01
230159756003001,01
230159756003002,01
230159756003003,01
230159756003004,01
230159756003005,01
230159756003006,01
230159756003007,01
230159756003008,01
230159756003009,01
230159756003010,01
230159756004000,01
230159756004001,01
230159756004002,01
230159756004003,01
230159756004004,01
230159756004005,01
230159756004006,01
230159756004007,01
230159756004008,01
230159756004009,01
230159756004010,01
230159756004011,01
230159756004012,01
230159756004013,01
230159756004014,01
230159756004015,01
230159756004016,01
230159756004017,01
230159756004018,01
230159756004019,01
230159756004020,01
230159756005000,01
230159756005001,01
230159756005002,01
230159756006000,01
230159756006001,01
230159756006002,01
230159756006003,01
230159756006004,01
230159756006005,01
230159756006006,01
230159756006007,01
230159756006008,01
230159756006009,01
230159756006010,01
230159756006011,01
230159756006012,01
230159756006013,01
230159756006014,01
230159756006015,01
230159756006016,01
230159756006017,01
230159756006018,01
230159756006019,01
230159756006020,01
230159756006021,01
230159756006022,01
230159756006023,01
230159756006024,01
230159756006025,01
230159756006026,01
230159756006027,01
230159757001000,01
230159757001001,01
230159757001002,01
230159757001003,01
230159757001004,01
230159757001005,01
230159757001006,01
230159757001007,01
230159757001008,01
230159757001009,01
230159757001010,01
230159757001011,01
230159757001012,01
230159757001013,01
230159757001014,01
230159757001015,01
230159757001016,01
230159757001017,01
230159757001018,01
230159757001019,01
230159757001020,01
230159757001021,01
230159757001022,01
230159757001023,01
230159757001024,01
230159757001025,01
230159757001026,01
230159757001027,01
230159757001028,01
230159757001029,01
230159757001030,01
230159757001031,01
230159757001032,01
230159757001033,01
230159757001034,01
230159757001035,01
230159757001036,01
230159757001037,01
230159757001038,01
230159757001039,01
230159757001040,01
230159757001041,01
230159757001042,01
230159757001043,01
230159757001044,01
230159757001045,01
230159757001046,01
230159758001000,01
230159758001001,01
230159758001002,01
230159758001003,01
230159758001004,01
230159758001005,01
230159758001006,01
230159758001007,01
230159758001008,01
230159758001009,01
230159758001010,01
230159758001011,01
230159758001012,01
230159758001013,01
230159758001014,01
230159758001015,01
230159758001016,01
230159758001017,01
230159758001018,01
230159758001019,01
230159758001020,01
230159758001021,01
230159758001022,01
230159758001023,01
230159758001024,01
230159758001025,01
230159758001026,01
230159758001027,01
230159758001028,01
230159758001029,01
230159758001030,01
230159758001031,01
230159758001032,01
230159758001033,01
230159758001034,01
230159758001035,01
230159758001036,01
230159758001037,01
230159758002000,01
230159758002001,01
230159758002002,01
230159758002003,01
230159758002004,01
230159758002005,01
230159758002006,01
230159758002007,01
230159758002008,01
230159758002009,01
230159758002010,01
230159758002011,01
230159758002012,01
230159758003000,01
230159758003001,01
230159758003002,01
230159758003003,01
230159758003004,01
230159758003005,01
230159758003006,01
230159758003007,01
230159758003008,01
230159758003009,01
230159758003010,01
230159758003011,01
230159758003012,01
230159758003013,01
230159758003014,01
230159758003015,01
230159758003016,01
230159758003017,01
230159758003018,01
230159758003019,01
230159758003020,01
230159758003021,01
230159758003022,01
230159758003023,01
230159758003024,01
230159758003025,01
230159758003026,01
230159758003027,01
230159758003028,01
230159762001000,01
230159762001001,01
230159762001002,01
230159762001003,01
230159762001004,01
230159762001005,01
230159762001006,01
230159762001007,01
230159762001008,01
230159762001009,01
230159762001010,01
230159762001011,01
230159762001012,01
230159762001013,01
230159762001014,01
230159762001015,01
230159762001016,01
230159762001017,01
230159762001018,01
230159762001019,01
230159762001020,01
230159762001021,01
230159762001022,01
230159762001023,01
230159762001024,01
230159762001025,01
230159762001026,01
230159762001027,01
230159762001028,01
230159762001029,01
230159762001030,01
230159762001031,01
230159762001032,01
230159762001033,01
230159762001034,01
230159762001035,01
230159762001036,01
230159762002000,01
230159762002001,01
230159762002002,01
230159762002003,01
230159762002004,01
230159762002005,01
230159762002006,01
230159762002007,01
230159762002008,01
230159762002009,01
230159762002010,01
230159762002011,01
230159762002012,01
230159762002013,01
230159762002014,01
230159762002015,01
230159762002016,01
230159762002017,01
230159762002018,01
230159762002019,01
230159762003000,01
230159762003001,01
230159762003002,01
230159762003003,01
230159762003004,01
230159762003005,01
230159762003006,01
230159762003007,01
230159762003008,01
230159762003009,01
230159762003010,01
230159762003011,01
230159762003012,01
230159762003013,01
230159762003014,01
230159762003015,01
230159762003016,01
230159762003017,01
230159762003018,01
230159762003019,01
230159762003020,01
230159762003021,01
230159762003022,01
230159762003023,01
230159762003024,01
230159762003025,01
230159762003026,01
230159762003027,01
230159762003028,01
230159762003029,01
230159762003030,01
230159762003031,01
230159762003032,01
230159762003033,01
230159762004000,01
230159762004001,01
230159762004002,01
230159762004003,01
230159762004004,01
230159762004005,01
230159762004006,01
230159762004007,01
230159762004008,01
230159762004009,01
230159762004010,01
230159762004011,01
230159762004012,01
230159762004013,01
230159900000001,01
230159900000002,01
230159900000003,01
230159900000004,01
230159900000005,01
230159900000006,01
230159900000007,01
230159900000008,01
230159900000009,01
230159900000010,01
230159900000011,01
230159900000012,01
230159900000013,01
230159900000014,01
230159900000015,01
230159900000016,01
230159900000017,01
230179651001000,02
230179651001001,02
230179651001002,02
230179651001003,02
230179651001004,02
230179651001005,02
230179651001006,02
230179651001007,02
230179651001008,02
230179651001009,02
230179651001010,02
230179651001011,02
230179651001012,02
230179651001013,02
230179651001014,02
230179651001015,02
230179651001016,02
230179651001017,02
230179651001018,02
230179651001019,02
230179651001020,02
230179651001021,02
230179651001022,02
230179651001023,02
230179651001024,02
230179651001025,02
230179651001026,02
230179651001027,02
230179651001028,02
230179651001029,02
230179651001030,02
230179651001031,02
230179651001032,02
230179651001033,02
230179651001034,02
230179651001035,02
230179651001036,02
230179651001037,02
230179651001038,02
230179651001039,02
230179651001040,02
230179651001041,02
230179651001042,02
230179651001043,02
230179651001044,02
230179651001045,02
230179651001046,02
230179651001047,02
230179651001048,02
230179651001049,02
230179651001050,02
230179651001051,02
230179651001052,02
230179651001053,02
230179651001054,02
230179651001055,02
230179651001056,02
230179651001057,02
230179651001058,02
230179651001059,02
230179651001060,02
230179651001061,02
230179651001062,02
230179651001063,02
230179651001064,02
230179651001065,02
230179651001066,02
230179651001067,02
230179651001068,02
230179651001069,02
230179651001070,02
230179651001071,02
230179651001072,02
230179651001073,02
230179651001074,02
230179651001075,02
230179651001076,02
230179651001077,02
230179651001078,02
230179651001079,02
230179651002000,02
230179651002001,02
230179651002002,02
230179651002003,02
230179651002004,02
230179651002005,02
230179651002006,02
230179651002007,02
230179651002008,02
230179651002009,02
230179651002010,02
230179651002011,02
230179651002012,02
230179651002013,02
230179651002014,02
230179651002015,02
230179651002016,02
230179651002017,02
230179651002018,02
230179651002019,02
230179651002020,02
230179651002021,02
230179651002022,02
230179651002023,02
230179651002024,02
230179651002025,02
230179651002026,02
230179651002027,02
230179651002028,02
230179651002029,02
230179651002030,02
230179651002031,02
230179651002032,02
230179651002033,02
230179651002034,02
230179651002035,02
230179651002036,02
230179651002037,02
230179651002038,02
230179651002039,02
230179651002040,02
230179651003000,02
230179651003001,02
230179651003002,02
230179651003003,02
230179651003004,02
230179651003005,02
230179651003006,02
230179651003007,02
230179651003008,02
230179651003009,02
230179651003010,02
230179651003011,02
230179651003012,02
230179651003013,02
230179651003014,02
230179651003015,02
230179651003016,02
230179651003017,02
230179651003018,02
230179651003019,02
230179651003020,02
230179651003021,02
230179651003022,02
230179651003023,02
230179651003024,02
230179651003025,02
230179651004000,02
230179651004001,02
230179651004002,02
230179651004003,02
230179651004004,02
230179651004005,02
230179651004006,02
230179651004007,02
230179651004008,02
230179651004009,02
230179651004010,02
230179651004011,02
230179651004012,02
230179651004013,02
230179651004014,02
230179651004015,02
230179651004016,02
230179651004017,02
230179651004018,02
230179651004019,02
230179651004020,02
230179651004021,02
230179651005000,02
230179651005001,02
230179651005002,02
230179651005003,02
230179651005004,02
230179651005005,02
230179651005006,02
230179651005007,02
230179651005008,02
230179651005009,02
230179651005010,02
230179651005011,02
230179651005012,02
230179651005013,02
230179651005014,02
230179651005015,02
230179651005016,02
230179651005017,02
230179651005018,02
230179651005019,02
230179651005020,02
230179651005021,02
230179651005022,02
230179651005023,02
230179651005024,02
230179651005025,02
230179651005026,02
230179651005027,02
230179651005028,02
230179651005029,02
230179651005030,02
230179651005031,02
230179651005032,02
230179651005033,02
230179651005034,02
230179651005035,02
230179651005036,02
230179651005037,02
230179651005038,02
230179651005039,02
230179651005040,02
230179651005041,02
230179651005042,02
230179651005043,02
230179651005044,02
230179651005045,02
230179651005046,02
230179651005047,02
230179651005048,02
230179651005049,02
230179651005050,02
230179651005051,02
230179651005052,02
230179651005053,02
230179651005054,02
230179651005055,02
230179651005056,02
230179651005057,02
230179651005058,02
230179651005059,02
230179651005060,02
230179651005061,02
230179651005062,02
230179651005063,02
230179651005064,02
230179651005065,02
230179651005066,02
230179651005067,02
230179651005068,02
230179651005069,02
230179651005070,02
230179651005071,02
230179651005072,02
230179651005073,02
230179651005074,02
230179651005075,02
230179651005076,02
230179651005077,02
230179651005078,02
230179651005079,02
230179651005080,02
230179651005081,02
230179651005082,02
230179651005083,02
230179651005084,02
230179651005085,02
230179651005086,02
230179651005087,02
230179651005088,02
230179651005089,02
230179651005090,02
230179651005091,02
230179651005092,02
230179651005093,02
230179651005094,02
230179651005095,02
230179651005096,02
230179651005097,02
230179651005098,02
230179651005099,02
230179651005100,02
230179651005101,02
230179651005102,02
230179651005103,02
230179651005104,02
230179651005105,02
230179651005106,02
230179651005107,02
230179651005108,02
230179651005109,02
230179651005110,02
230179651005111,02
230179651005112,02
230179651005113,02
230179651005114,02
230179651005115,02
230179651005116,02
230179651005117,02
230179651005118,02
230179651005119,02
230179651005120,02
230179651005121,02
230179651005122,02
230179651005123,02
230179651005124,02
230179651005125,02
230179651005126,02
230179651005127,02
230179651005128,02
230179651005129,02
230179651005130,02
230179651005131,02
230179651005132,02
230179651005133,02
230179651005134,02
230179651005135,02
230179651005136,02
230179651005137,02
230179651005138,02
230179651005139,02
230179651005140,02
230179651005141,02
230179651005142,02
230179651005143,02
230179651005144,02
230179651005145,02
230179651005146,02
230179651005147,02
230179651005148,02
230179651005149,02
230179651005150,02
230179651005151,02
230179651005152,02
230179651005153,02
230179651005154,02
230179651005155,02
230179651005156,02
230179651005157,02
230179651005158,02
230179651005159,02
230179651005160,02
230179651005161,02
230179651005162,02
230179651005163,02
230179651005164,02
230179651005165,02
230179651005166,02
230179651005167,02
230179651005168,02
230179651005169,02
230179651005170,02
230179651005171,02
230179651005172,02
230179651005173,02
230179651005174,02
230179651005175,02
230179651005176,02
230179651005177,02
230179651005178,02
230179651005179,02
230179651005180,02
230179651005181,02
230179651005182,02
230179651005183,02
230179651005184,02
230179651005185,02
230179651005186,02
230179651005187,02
230179651005188,02
230179651005189,02
230179651005190,02
230179651005191,02
230179651005192,02
230179651005193,02
230179651005194,02
230179651005195,02
230179651005196,02
230179651005197,02
230179651005198,02
230179651005199,02
230179651005200,02
230179651005201,02
230179651005202,02
230179651005203,02
230179651005204,02
230179651005205,02
230179651005206,02
230179651005207,02
230179651005208,02
230179651005209,02
230179651005210,02
230179651005211,02
230179651005212,02
230179651005213,02
230179651005214,02
230179651005215,02
230179651005216,02
230179651005217,02
230179651005218,02
230179651005219,02
230179651005220,02
230179651005221,02
230179651005222,02
230179651005223,02
230179651005224,02
230179651005225,02
230179651005226,02
230179651005227,02
230179651005228,02
230179651005229,02
230179651005230,02
230179651005231,02
230179651005232,02
230179651005233,02
230179651005234,02
230179651005235,02
230179651005236,02
230179651005237,02
230179651005238,02
230179651005239,02
230179651005240,02
230179651005241,02
230179651005242,02
230179651005243,02
230179651005244,02
230179651005245,02
230179651005246,02
230179651005247,02
230179651005248,02
230179651005249,02
230179651005250,02
230179651005251,02
230179651005252,02
230179651005253,02
230179651005254,02
230179651005255,02
230179651005256,02
230179651005257,02
230179651005258,02
230179651005259,02
230179651005260,02
230179651005261,02
230179651005262,02
230179651005263,02
230179651005264,02
230179651005265,02
230179651005266,02
230179651005267,02
230179651005268,02
230179651005269,02
230179651005270,02
230179651005271,02
230179651005272,02
230179651005273,02
230179651005274,02
230179651005275,02
230179651005276,02
230179651005277,02
230179651005278,02
230179654001000,02
230179654001001,02
230179654001002,02
230179654001003,02
230179654001004,02
230179654001005,02
230179654001006,02
230179654001007,02
230179654001008,02
230179654001009,02
230179654001010,02
230179654001011,02
230179654001012,02
230179654001013,02
230179654001014,02
230179654001015,02
230179654001016,02
230179654001017,02
230179654001018,02
230179654001019,02
230179654001020,02
230179654001021,02
230179654001022,02
230179654001023,02
230179654001024,02
230179654001025,02
230179654001026,02
230179654001027,02
230179654001028,02
230179654001029,02
230179654001030,02
230179654001031,02
230179654001032,02
230179654001033,02
230179654001034,02
230179654001035,02
230179654001036,02
230179654001037,02
230179654001038,02
230179654001039,02
230179654001040,02
230179654001041,02
230179654001042,02
230179654001043,02
230179654001044,02
230179654001045,02
230179654001046,02
230179654001047,02
230179654001048,02
230179654001049,02
230179654001050,02
230179654001051,02
230179654001052,02
230179654001053,02
230179654001054,02
230179654001055,02
230179654001056,02
230179654001057,02
230179654001058,02
230179654001059,02
230179654001060,02
230179654001061,02
230179654001062,02
230179654001063,02
230179654001064,02
230179654001065,02
230179654001066,02
230179654001067,02
230179654001068,02
230179654001069,02
230179654001070,02
230179654001071,02
230179654001072,02
230179654001073,02
230179654001074,02
230179654001075,02
230179654001076,02
230179654001077,02
230179654001078,02
230179654001079,02
230179654001080,02
230179654001081,02
230179654001082,02
230179654002000,02
230179654002001,02
230179654002002,02
230179654002003,02
230179654002004,02
230179654002005,02
230179654002006,02
230179654002007,02
230179654002008,02
230179654002009,02
230179654002010,02
230179654002011,02
230179654002012,02
230179654002013,02
230179654002014,02
230179654002015,02
230179654002016,02
230179654002017,02
230179654002018,02
230179654002019,02
230179654002020,02
230179654002021,02
230179654002022,02
230179654002023,02
230179654002024,02
230179654002025,02
230179654002026,02
230179654002027,02
230179654002028,02
230179654002029,02
230179654002030,02
230179654002031,02
230179654002032,02
230179654002033,02
230179654002034,02
230179654002035,02
230179654002036,02
230179654002037,02
230179654002038,02
230179654002039,02
230179654002040,02
230179654002041,02
230179654002042,02
230179654003000,02
230179654003001,02
230179654003002,02
230179654003003,02
230179654003004,02
230179654003005,02
230179654003006,02
230179654003007,02
230179654003008,02
230179654003009,02
230179654003010,02
230179654003011,02
230179654003012,02
230179654003013,02
230179654003014,02
230179654003015,02
230179654003016,02
230179654003017,02
230179654003018,02
230179654003019,02
230179655001000,02
230179655001001,02
230179655001002,02
230179655001003,02
230179655001004,02
230179655001005,02
230179655001006,02
230179655001007,02
230179655001008,02
230179655001009,02
230179655001010,02
230179655001011,02
230179655001012,02
230179655001013,02
230179655001014,02
230179655001015,02
230179655001016,02
230179655001017,02
230179655001018,02
230179655001019,02
230179655001020,02
230179655001021,02
230179655001022,02
230179655001023,02
230179655001024,02
230179655001025,02
230179655001026,02
230179655001027,02
230179655001028,02
230179655001029,02
230179655001030,02
230179655001031,02
230179655001032,02
230179655001033,02
230179655001034,02
230179655001035,02
230179655001036,02
230179655001037,02
230179655001038,02
230179655001039,02
230179655001040,02
230179655001041,02
230179655001042,02
230179655001043,02
230179655002000,02
230179655002001,02
230179655002002,02
230179655002003,02
230179655002004,02
230179655002005,02
230179655002006,02
230179655002007,02
230179655002008,02
230179655002009,02
230179655002010,02
230179655002011,02
230179655002012,02
230179655002013,02
230179655002014,02
230179655002015,02
230179655002016,02
230179655002017,02
230179655002018,02
230179655002019,02
230179655002020,02
230179655002021,02
230179655002022,02
230179655002023,02
230179655002024,02
230179655002025,02
230179655002026,02
230179655002027,02
230179655002028,02
230179655002029,02
230179655002030,02
230179655002031,02
230179655002032,02
230179655002033,02
230179655002034,02
230179655002035,02
230179655002036,02
230179655002037,02
230179655002038,02
230179655002039,02
230179655002040,02
230179656001000,02
230179656001001,02
230179656001002,02
230179656001003,02
230179656001004,02
230179656001005,02
230179656001006,02
230179656001007,02
230179656001008,02
230179656001009,02
230179656001010,02
230179656001011,02
230179656001012,02
230179656001013,02
230179656001014,02
230179656001015,02
230179656001016,02
230179656001017,02
230179656001018,02
230179656001019,02
230179656001020,02
230179656001021,02
230179656001022,02
230179656001023,02
230179656001024,02
230179656001025,02
230179656001026,02
230179656001027,02
230179656001028,02
230179656001029,02
230179656001030,02
230179656002000,02
230179656002001,02
230179656002002,02
230179656002003,02
230179656002004,02
230179656002005,02
230179656002006,02
230179656002007,02
230179656002008,02
230179656002009,02
230179656002010,02
230179656002011,02
230179656002012,02
230179656002013,02
230179656002014,02
230179656002015,02
230179656002016,02
230179656002017,02
230179656002018,02
230179656002019,02
230179656002020,02
230179656002021,02
230179656002022,02
230179656003000,02
230179656003001,02
230179656003002,02
230179656003003,02
230179656003004,02
230179656003005,02
230179656003006,02
230179656003007,02
230179656003008,02
230179656003009,02
230179656003010,02
230179656003011,02
230179656003012,02
230179656003013,02
230179656003014,02
230179656003015,02
230179656003016,02
230179656003017,02
230179656003018,02
230179656003019,02
230179656003020,02
230179656003021,02
230179656003022,02
230179656003023,02
230179656003024,02
230179656003025,02
230179656003026,02
230179656003027,02
230179656003028,02
230179656003029,02
230179656003030,02
230179656003031,02
230179656003032,02
230179656003033,02
230179657001000,02
230179657001001,02
230179657001002,02
230179657001003,02
230179657001004,02
230179657001005,02
230179657001006,02
230179657001007,02
230179657001008,02
230179657001009,02
230179657001010,02
230179657001011,02
230179657001012,02
230179657001013,02
230179657001014,02
230179657001015,02
230179657001016,02
230179657001017,02
230179657001018,02
230179657001019,02
230179657001020,02
230179657001021,02
230179657001022,02
230179657001023,02
230179657001024,02
230179657001025,02
230179657001026,02
230179657001027,02
230179657001028,02
230179657001029,02
230179657001030,02
230179657001031,02
230179657001032,02
230179657001033,02
230179657001034,02
230179657001035,02
230179657001036,02
230179657001037,02
230179657001038,02
230179657001039,02
230179657001040,02
230179657001041,02
230179657001042,02
230179657001043,02
230179657001044,02
230179657001045,02
230179657001046,02
230179657002000,02
230179657002001,02
230179657002002,02
230179657002003,02
230179657002004,02
230179657002005,02
230179657002006,02
230179657002007,02
230179657002008,02
230179657002009,02
230179657002010,02
230179657002011,02
230179657002012,02
230179657002013,02
230179657002014,02
230179657002015,02
230179657002016,02
230179657002017,02
230179657002018,02
230179657002019,02
230179657002020,02
230179657002021,02
230179657002022,02
230179657002023,02
230179657002024,02
230179657002025,02
230179657002026,02
230179657002027,02
230179657002028,02
230179657002029,02
230179657002030,02
230179657002031,02
230179657002032,02
230179657002033,02
230179657002034,02
230179657002035,02
230179657002036,02
230179657002037,02
230179657002038,02
230179657002039,02
230179657002040,02
230179657002041,02
230179657002042,02
230179657002043,02
230179657002044,02
230179657002045,02
230179657002046,02
230179657002047,02
230179657002048,02
230179657002049,02
230179657002050,02
230179657002051,02
230179657002052,02
230179657002053,02
230179657002054,02
230179657002055,02
230179657002056,02
230179657002057,02
230179657002058,02
230179657002059,02
230179657002060,02
230179658001000,02
230179658001001,02
230179658001002,02
230179658001003,02
230179658001004,02
230179658001005,02
230179658001006,02
230179658001007,02
230179658001008,02
230179658001009,02
230179658001010,02
230179658001011,02
230179658001012,02
230179658001013,02
230179658001014,02
230179658001015,02
230179658001016,02
230179658001017,02
230179658001018,02
230179658001019,02
230179658001020,02
230179658001021,02
230179658001022,02
230179658001023,02
230179658001024,02
230179658001025,02
230179658002000,02
230179658002001,02
230179658002002,02
230179658002003,02
230179658002004,02
230179658002005,02
230179658002006,02
230179658002007,02
230179658002008,02
230179658002009,02
230179658002010,02
230179658002011,02
230179658002012,02
230179658002013,02
230179658002014,02
230179658002015,02
230179658002016,02
230179658002017,02
230179658002018,02
230179658002019,02
230179658002020,02
230179658002021,02
230179658002022,02
230179658002023,02
230179658002024,02
230179658002025,02
230179658002026,02
230179658002027,02
230179658002028,02
230179658002029,02
230179658002030,02
230179658002031,02
230179658003000,02
230179658003001,02
230179658003002,02
230179658003003,02
230179658003004,02
230179658003005,02
230179658003006,02
230179658003007,02
230179658003008,02
230179658003009,02
230179658003010,02
230179658003011,02
230179658003012,02
230179658003013,02
230179658003014,02
230179658003015,02
230179658003016,02
230179658003017,02
230179658003018,02
230179658003019,02
230179658003020,02
230179658003021,02
230179658003022,02
230179658003023,02
230179658003024,02
230179658003025,02
230179658003026,02
230179658003027,02
230179658003028,02
230179658003029,02
230179658003030,02
230179658003031,02
230179658003032,02
230179658003033,02
230179658003034,02
230179658003035,02
230179658003036,02
230179658003037,02
230179658003038,02
230179658003039,02
230179658003040,02
230179658003041,02
230179658003042,02
230179658003043,02
230179658003044,02
230179658003045,02
230179658003046,02
230179658004000,02
230179658004001,02
230179658004002,02
230179658004003,02
230179658004004,02
230179658004005,02
230179658004006,02
230179658004007,02
230179658004008,02
230179658004009,02
230179658004010,02
230179658004011,02
230179658004012,02
230179658004013,02
230179658004014,02
230179658004015,02
230179658004016,02
230179658004017,02
230179658004018,02
230179658004019,02
230179658004020,02
230179658004021,02
230179658004022,02
230179658004023,02
230179658004024,02
230179658004025,02
230179658004026,02
230179658004027,02
230179658004028,02
230179658004029,02
230179658004030,02
230179658004031,02
230179658004032,02
230179658004033,02
230179658004034,02
230179658004035,02
230179658004036,02
230179658004037,02
230179658004038,02
230179658004039,02
230179658004040,02
230179658004041,02
230179658004042,02
230179658004043,02
230179658004044,02
230179659001000,02
230179659001001,02
230179659001002,02
230179659001003,02
230179659001004,02
230179659001005,02
230179659001006,02
230179659001007,02
230179659001008,02
230179659001009,02
230179659001010,02
230179659001011,02
230179659001012,02
230179659001013,02
230179659001014,02
230179659001015,02
230179659001016,02
230179659001017,02
230179659001018,02
230179659001019,02
230179659001020,02
230179659001021,02
230179659001022,02
230179659001023,02
230179659001024,02
230179659001025,02
230179659001026,02
230179659001027,02
230179659001028,02
230179659001029,02
230179659001030,02
230179659001031,02
230179659001032,02
230179659001033,02
230179659001034,02
230179659001035,02
230179659001036,02
230179659001037,02
230179659001038,02
230179659001039,02
230179659001040,02
230179659001041,02
230179659001042,02
230179659001043,02
230179659001044,02
230179659002000,02
230179659002001,02
230179659002002,02
230179659002003,02
230179659002004,02
230179659002005,02
230179659002006,02
230179659002007,02
230179659002008,02
230179659002009,02
230179659002010,02
230179659002011,02
230179659002012,02
230179659002013,02
230179659002014,02
230179659002015,02
230179659002016,02
230179659002017,02
230179659002018,02
230179659002019,02
230179659002020,02
230179659002021,02
230179659002022,02
230179659002023,02
230179659002024,02
230179659002025,02
230179659002026,02
230179659002027,02
230179659002028,02
230179659002029,02
230179659002030,02
230179659002031,02
230179659002032,02
230179659002033,02
230179659002034,02
230179659002035,02
230179659002036,02
230179659002037,02
230179659002038,02
230179659002039,02
230179659002040,02
230179659003000,02
230179659003001,02
230179659003002,02
230179659003003,02
230179659003004,02
230179659003005,02
230179659003006,02
230179659003007,02
230179659003008,02
230179659003009,02
230179659003010,02
230179659003011,02
230179659003012,02
230179659003013,02
230179659003014,02
230179659003015,02
230179659003016,02
230179659003017,02
230179659003018,02
230179659003019,02
230179659003020,02
230179659003021,02
230179659003022,02
230179659003023,02
230179659003024,02
230179659003025,02
230179659003026,02
230179659003027,02
230179659003028,02
230179659003029,02
230179659003030,02
230179659003031,02
230179659003032,02
230179659003033,02
230179659003034,02
230179659003035,02
230179659003036,02
230179659003037,02
230179659003038,02
230179659003039,02
230179659003040,02
230179659003041,02
230179659003042,02
230179659003043,02
230179659003044,02
230179659003045,02
230179660011000,02
230179660011001,02
230179660011002,02
230179660011003,02
230179660011004,02
230179660011005,02
230179660011006,02
230179660011007,02
230179660011008,02
230179660011009,02
230179660011010,02
230179660011011,02
230179660011012,02
230179660011013,02
230179660011014,02
230179660011015,02
230179660011016,02
230179660011017,02
230179660011018,02
230179660011019,02
230179660011020,02
230179660011021,02
230179660011022,02
230179660011023,02
230179660011024,02
230179660011025,02
230179660011026,02
230179660011027,02
230179660011028,02
230179660011029,02
230179660011030,02
230179660011031,02
230179660011032,02
230179660011033,02
230179660011034,02
230179660011035,02
230179660011036,02
230179660011037,02
230179660011038,02
230179660011039,02
230179660011040,02
230179660011041,02
230179660011042,02
230179660011043,02
230179660011044,02
230179660011045,02
230179660011046,02
230179660011047,02
230179660011048,02
230179660011049,02
230179660011050,02
230179660011051,02
230179660011052,02
230179660011053,02
230179660011054,02
230179660011055,02
230179660011056,02
230179660011057,02
230179660012000,02
230179660012001,02
230179660012002,02
230179660012003,02
230179660012004,02
230179660012005,02
230179660012006,02
230179660012007,02
230179660012008,02
230179660012009,02
230179660012010,02
230179660012011,02
230179660012012,02
230179660012013,02
230179660012014,02
230179660012015,02
230179660012016,02
230179660012017,02
230179660012018,02
230179660012019,02
230179660012020,02
230179660012021,02
230179660012022,02
230179660012023,02
230179660012024,02
230179660012025,02
230179660012026,02
230179660012027,02
230179660012028,02
230179660012029,02
230179660012030,02
230179660012031,02
230179660012032,02
230179660012033,02
230179660012034,02
230179660012035,02
230179660012036,02
230179660012037,02
230179660012038,02
230179660012039,02
230179660012040,02
230179660012041,02
230179660012042,02
230179660012043,02
230179660012044,02
230179660012045,02
230179660012046,02
230179660012047,02
230179660012048,02
230179660012049,02
230179660012050,02
230179660012051,02
230179660012052,02
230179660012053,02
230179660012054,02
230179660012055,02
230179660012056,02
230179660012057,02
230179660012058,02
230179660012059,02
230179660012060,02
230179660012061,02
230179660012062,02
230179660012063,02
230179660012064,02
230179660012065,02
230179660012066,02
230179660012067,02
230179660012068,02
230179660012069,02
230179660012070,02
230179660012071,02
230179660012072,02
230179660012073,02
230179660012074,02
230179660012075,02
230179660012076,02
230179660012077,02
230179660012078,02
230179660012079,02
230179660012080,02
230179660012081,02
230179660012082,02
230179660021000,02
230179660021001,02
230179660021002,02
230179660021003,02
230179660021004,02
230179660021005,02
230179660021006,02
230179660021007,02
230179660021008,02
230179660021009,02
230179660021010,02
230179660021011,02
230179660021012,02
230179660021013,02
230179660021014,02
230179660021015,02
230179660021016,02
230179660021017,02
230179660021018,02
230179660021019,02
230179660021020,02
230179660021021,02
230179660021022,02
230179660021023,02
230179660021024,02
230179660021025,02
230179660021026,02
230179660021027,02
230179660021028,02
230179660021029,02
230179660021030,02
230179660021031,02
230179660021032,02
230179660021033,02
230179660021034,02
230179660021035,02
230179660021036,02
230179660021037,02
230179660021038,02
230179660021039,02
230179660021040,02
230179660021041,02
230179660021042,02
230179660021043,02
230179660021044,02
230179660021045,02
230179660021046,02
230179660021047,02
230179660021048,02
230179660021049,02
230179660021050,02
230179660021051,02
230179660021052,02
230179660021053,02
230179660021054,02
230179660021055,02
230179660021056,02
230179660021057,02
230179660021058,02
230179660021059,02
230179660021060,02
230179660021061,02
230179660021062,02
230179660021063,02
230179660021064,02
230179660021065,02
230179660021066,02
230179660021067,02
230179660021068,02
230179660021069,02
230179660021070,02
230179660021071,02
230179660021072,02
230179660021073,02
230179660021074,02
230179660021075,02
230179660021076,02
230179660021077,02
230179660021078,02
230179660021079,02
230179660021080,02
230179660021081,02
230179660021082,02
230179660021083,02
230179660021084,02
230179660021085,02
230179660021086,02
230179660021087,02
230179660021088,02
230179660021089,02
230179660021090,02
230179660021091,02
230179660021092,02
230179660021093,02
230179660021094,02
230179660021095,02
230179660021096,02
230179660021097,02
230179660021098,02
230179660021099,02
230179660021100,02
230179660021101,02
230179660021102,02
230179660021103,02
230179660021104,02
230179660021105,02
230179660021106,02
230179660021107,02
230179660021108,02
230179660021109,02
230179660021110,02
230179660021111,02
230179660021112,02
230179660021113,02
230179660021114,02
230179660021115,02
230179660021116,02
230179660021117,02
230179660021118,02
230179660021119,02
230179660021120,02
230179660021121,02
230179660021122,02
230179660021123,02
230179660021124,02
230179660021125,02
230179660021126,02
230179660021127,02
230179660021128,02
230179660021129,02
230179661001000,02
230179661001001,02
230179661001002,02
230179661001003,02
230179661001004,02
230179661001005,02
230179661001006,02
230179661001007,02
230179661001008,02
230179661001009,02
230179661001010,02
230179661001011,02
230179661001012,02
230179661001013,02
230179661001014,02
230179661001015,02
230179661001016,02
230179661001017,02
230179661001018,02
230179661001019,02
230179661001020,02
230179661001021,02
230179661001022,02
230179661001023,02
230179661001024,02
230179661001025,02
230179661001026,02
230179661001027,02
230179661001028,02
230179661001029,02
230179661001030,02
230179661001031,02
230179661001032,02
230179661001033,02
230179661001034,02
230179661001035,02
230179661001036,02
230179661001037,02
230179661001038,02
230179661001039,02
230179661001040,02
230179661001041,02
230179661001042,02
230179661001043,02
230179661001044,02
230179661001045,02
230179661001046,02
230179661001047,02
230179662001000,02
230179662001001,02
230179662001002,02
230179662001003,02
230179662001004,02
230179662001005,02
230179662001006,02
230179662001007,02
230179662001008,02
230179662001009,02
230179662001010,02
230179662001011,02
230179662001012,02
230179662001013,02
230179662001014,02
230179662001015,02
230179662001016,02
230179662001017,02
230179662001018,02
230179662001019,02
230179662001020,02
230179662001021,02
230179662001022,02
230179662001023,02
230179662001024,02
230179662002000,02
230179662002001,02
230179662002002,02
230179662002003,02
230179662002004,02
230179662002005,02
230179662002006,02
230179662002007,02
230179662002008,02
230179662002009,02
230179662002010,02
230179662002011,02
230179662002012,02
230179662002013,02
230179662002014,02
230179662002015,02
230179662002016,02
230179662002017,02
230179662002018,02
230179662002019,02
230179662002020,02
230179662002021,02
230179662002022,02
230179662002023,02
230179662002024,02
230179662002025,02
230179662002026,02
230179662002027,02
230179662002028,02
230179662002029,02
230179662002030,02
230179662002031,02
230179662002032,02
230179662003000,02
230179662003001,02
230179662003002,02
230179662003003,02
230179662003004,02
230179662003005,02
230179662003006,02
230179662003007,02
230179662003008,02
230179662003009,02
230179662003010,02
230179662003011,02
230179662003012,02
230179662003013,02
230179662003014,02
230179662003015,02
230179662003016,02
230179662003017,02
230179662003018,02
230179662003019,02
230179662003020,02
230179662003021,02
230179662003022,02
230179662003023,02
230179662003024,02
230179662003025,02
230179662003026,02
230179662003027,02
230179662003028,02
230179662003029,02
230179662003030,02
230179662003031,02
230179662003032,02
230179662003033,02
230179662004000,02
230179662004001,02
230179662004002,02
230179662004003,02
230179662004004,02
230179662004005,02
230179662004006,02
230179662004007,02
230179662004008,02
230179662004009,02
230179662004010,02
230179662004011,02
230179662004012,02
230179662004013,02
230179662004014,02
230179662004015,02
230179662004016,02
230179662004017,02
230179662004018,02
230179662004019,02
230179662004020,02
230179663001000,02
230179663001001,02
230179663001002,02
230179663001003,02
230179663001004,02
230179663001005,02
230179663001006,02
230179663001007,02
230179663001008,02
230179663001009,02
230179663001010,02
230179663001011,02
230179663001012,02
230179663001013,02
230179663001014,02
230179663001015,02
230179663001016,02
230179663002000,02
230179663002001,02
230179663002002,02
230179663002003,02
230179663002004,02
230179663002005,02
230179663002006,02
230179663002007,02
230179663002008,02
230179663002009,02
230179663002010,02
230179663002011,02
230179663002012,02
230179663002013,02
230179663002014,02
230179663002015,02
230179663002016,02
230179663002017,02
230179663002018,02
230179663002019,02
230179663002020,02
230179663002021,02
230179663002022,02
230179663002023,02
230179663002024,02
230179663002025,02
230179663002026,02
230179663002027,02
230179663002028,02
230179663002029,02
230179663002030,02
230179663002031,02
230179663002032,02
230179663002033,02
230179663002034,02
230179663002035,02
230179663002036,02
230179663002037,02
230179663002038,02
230179663002039,02
230179663002040,02
230179663002041,02
230179663003000,02
230179663003001,02
230179663003002,02
230179663003003,02
230179663003004,02
230179663003005,02
230179663003006,02
230179663003007,02
230179663003008,02
230179663003009,02
230179663003010,02
230179663003011,02
230179663003012,02
230179663003013,02
230179663003014,02
230179663003015,02
230179663003016,02
230179663003017,02
230179663003018,02
230179663003019,02
230179663003020,02
230179663003021,02
230179663003022,02
230179663003023,02
230179663003024,02
230179663003025,02
230179663004000,02
230179663004001,02
230179663004002,02
230179663004003,02
230179663004004,02
230179663004005,02
230179663004006,02
230179663004007,02
230179663004008,02
230179663004009,02
230179663004010,02
230179663004011,02
230179663004012,02
230179663004013,02
230179663004014,02
230179663004015,02
230179663004016,02
230179664011000,02
230179664011001,02
230179664011002,02
230179664011003,02
230179664011004,02
230179664011005,02
230179664011006,02
230179664011007,02
230179664011008,02
230179664011009,02
230179664011010,02
230179664011011,02
230179664011012,02
230179664011013,02
230179664011014,02
230179664011015,02
230179664011016,02
230179664011017,02
230179664011018,02
230179664011019,02
230179664011020,02
230179664011021,02
230179664011022,02
230179664011023,02
230179664011024,02
230179664011025,02
230179664011026,02
230179664011027,02
230179664011028,02
230179664011029,02
230179664011030,02
230179664011031,02
230179664011032,02
230179664011033,02
230179664011034,02
230179664011035,02
230179664011036,02
230179664011037,02
230179664011038,02
230179664011039,02
230179664011040,02
230179664011041,02
230179664011042,02
230179664011043,02
230179664011044,02
230179664011045,02
230179664011046,02
230179664011047,02
230179664011048,02
230179664011049,02
230179664011050,02
230179664012000,02
230179664012001,02
230179664012002,02
230179664012003,02
230179664012004,02
230179664012005,02
230179664012006,02
230179664012007,02
230179664012008,02
230179664012009,02
230179664012010,02
230179664012011,02
230179664012012,02
230179664012013,02
230179664012014,02
230179664012015,02
230179664012016,02
230179664012017,02
230179664012018,02
230179664012019,02
230179664012020,02
230179664012021,02
230179664012022,02
230179664012023,02
230179664012024,02
230179664012025,02
230179664012026,02
230179664012027,02
230179664012028,02
230179664012029,02
230179664012030,02
230179664012031,02
230179664013000,02
230179664013001,02
230179664013002,02
230179664013003,02
230179664013004,02
230179664013005,02
230179664013006,02
230179664013007,02
230179664013008,02
230179664013009,02
230179664013010,02
230179664013011,02
230179664013012,02
230179664013013,02
230179664013014,02
230179664013015,02
230179664013016,02
230179664013017,02
230179664013018,02
230179664013019,02
230179664013020,02
230179664021000,02
230179664021001,02
230179664021002,02
230179664021003,02
230179664021004,02
230179664021005,02
230179664021006,02
230179664021007,02
230179664021008,02
230179664021009,02
230179664021010,02
230179664021011,02
230179664021012,02
230179664021013,02
230179664021014,02
230179664021015,02
230179664021016,02
230179664021017,02
230179664021018,02
230179664021019,02
230179664021020,02
230179664021021,02
230179664021022,02
230179664021023,02
230179664021024,02
230179664021025,02
230179664021026,02
230179664021027,02
230179664021028,02
230179664022000,02
230179664022001,02
230179664022002,02
230179664022003,02
230179664022004,02
230179664022005,02
230179664022006,02
230179664022007,02
230179664022008,02
230179664022009,02
230179664022010,02
230179664022011,02
230179664022012,02
230179664022013,02
230179664022014,02
230179664023000,02
230179664023001,02
230179664023002,02
230179664023003,02
230179664023004,02
230179664023005,02
230179664023006,02
230179664023007,02
230179664023008,02
230179664023009,02
230179664023010,02
230179664023011,02
230179664023012,02
230179664023013,02
230179664023014,02
230179664023015,02
230179664023016,02
230179664023017,02
230179665001000,02
230179665001001,02
230179665001002,02
230179665001003,02
230179665001004,02
230179665001005,02
230179665001006,02
230179665001007,02
230179665001008,02
230179665001009,02
230179665001010,02
230179665001011,02
230179665001012,02
230179665001013,02
230179665001014,02
230179665001015,02
230179665002000,02
230179665002001,02
230179665002002,02
230179665002003,02
230179665002004,02
230179665002005,02
230179665002006,02
230179665002007,02
230179665002008,02
230179665002009,02
230179665002010,02
230179665002011,02
230179665002012,02
230179665002013,02
230179665002014,02
230179665002015,02
230179665002016,02
230179665002017,02
230179665002018,02
230179665002019,02
230179665002020,02
230179665002021,02
230179665002022,02
230179665002023,02
230179665002024,02
230179665002025,02
230179665002026,02
230179665002027,02
230179665002028,02
230179665002029,02
230179665003000,02
230179665003001,02
230179665003002,02
230179665003003,02
230179665003004,02
230179665003005,02
230179665003006,02
230179665003007,02
230179665003008,02
230179665003009,02
230179665003010,02
230179665003011,02
230179665003012,02
230179665003013,02
230179665003014,02
230179665003015,02
230179665003016,02
230179665003017,02
230179665004000,02
230179665004001,02
230179665004002,02
230179665004003,02
230179665004004,02
230179665004005,02
230179665004006,02
230179665004007,02
230179665004008,02
230179665004009,02
230179665004010,02
230179665004011,02
230179665004012,02
230179665004013,02
230179665004014,02
230179665004015,02
230179665004016,02
230179665004017,02
230179665004018,02
230179665004019,02
230179665004020,02
230179665004021,02
230179665004022,02
230179665004023,02
230179665004024,02
230179665005000,02
230179665005001,02
230179665005002,02
230179665005003,02
230179665005004,02
230179665005005,02
230179665005006,02
230179665005007,02
230179665005008,02
230179665005009,02
230179665005010,02
230179665005011,02
230179665005012,02
230179665005013,02
230179665005014,02
230179665005015,02
230179665005016,02
230179665005017,02
230179665005018,02
230179665005019,02
230179665005020,02
230179665005021,02
230179665005022,02
230179665005023,02
230179665005024,02
230179665005025,02
230179665005026,02
230179665005027,02
230179665005028,02
230179665005029,02
230179665005030,02
230179665005031,02
230179666001000,02
230179666001001,02
230179666001002,02
230179666001003,02
230179666001004,02
230179666001005,02
230179666001006,02
230179666001007,02
230179666001008,02
230179666001009,02
230179666001010,02
230179666001011,02
230179666001012,02
230179666001013,02
230179666001014,02
230179666001015,02
230179666001016,02
230179666001017,02
230179666001018,02
230179666001019,02
230179666001020,02
230179666001021,02
230179666001022,02
230179666001023,02
230179666001024,02
230179666001025,02
230179666001026,02
230179666001027,02
230179666001028,02
230179666001029,02
230179666001030,02
230179666001031,02
230179666001032,02
230179666001033,02
230179666001034,02
230179666001035,02
230179666001036,02
230179666001037,02
230179666001038,02
230179666001039,02
230179666001040,02
230179666001041,02
230179666001042,02
230179666001043,02
230179666001044,02
230179666001045,02
230179666001046,02
230179666001047,02
230179666001048,02
230179666001049,02
230179666001050,02
230179666001051,02
230179666001052,02
230179666001053,02
230179666001054,02
230179666001055,02
230179666001056,02
230179666001057,02
230179666001058,02
230179666002000,02
230179666002001,02
230179666002002,02
230179666002003,02
230179666002004,02
230179666002005,02
230179666002006,02
230179666002007,02
230179666002008,02
230179666002009,02
230179666002010,02
230179666002011,02
230179666002012,02
230179666002013,02
230179666002014,02
230179666002015,02
230179666002016,02
230179666002017,02
230179666002018,02
230179666002019,02
230179666002020,02
230179666002021,02
230179666002022,02
230179666002023,02
230179666002024,02
230179666002025,02
230179666002026,02
230179666002027,02
230179666002028,02
230179666002029,02
230179666002030,02
230179666002031,02
230179666002032,02
230179666002033,02
230179666002034,02
230179666002035,02
230179666002036,02
230179666002037,02
230179666002038,02
230179666002039,02
230179666002040,02
230179666002041,02
230179666002042,02
230179666002043,02
230179666002044,02
230179666002045,02
230179666002046,02
230179666002047,02
230179666003000,02
230179666003001,02
230179666003002,02
230179666003003,02
230179666003004,02
230179666003005,02
230179666003006,02
230179666003007,02
230179666003008,02
230179666003009,02
230179666003010,02
230179666003011,02
230179666003012,02
230179666003013,02
230179666003014,02
230179666003015,02
230179666003016,02
230179666003017,02
230179666003018,02
230179666003019,02
230179666003020,02
230179666003021,02
230179666003022,02
230179666003023,02
230179666003024,02
230179666003025,02
230179666003026,02
230179666003027,02
230179666003028,02
230179666003029,02
230179666003030,02
230179666003031,02
230179666003032,02
230179666003033,02
230179666003034,02
230179666003035,02
230179666003036,02
230179666003037,02
230179666003038,02
230179666003039,02
230179666003040,02
230179666003041,02
230179666003042,02
230179666003043,02
230179666003044,02
230179666003045,02
230179666003046,02
230179666003047,02
230179666003048,02
230179666003049,02
230179666003050,02
230179666003051,02
230179666003052,02
230179666003053,02
230179666003054,02
230179666003055,02
230179666003056,02
230179666003057,02
230179666003058,02
230179666003059,02
230179666003060,02
230179666003061,02
230179666003062,02
230179666003063,02
230179666003064,02
230179666003065,02
230179666003066,02
230179666003067,02
230179666003068,02
230179666003069,02
230179666003070,02
230179666003071,02
230179666003072,02
230179666003073,02
230179666003074,02
230179666003075,02
230179666004000,02
230179666004001,02
230179666004002,02
230179666004003,02
230179666004004,02
230179666004005,02
230179666004006,02
230179666004007,02
230179666004008,02
230179666004009,02
230179666004010,02
230179666004011,02
230179666004012,02
230179666004013,02
230179666004014,02
230179666004015,02
230179666004016,02
230179666004017,02
230179666004018,02
230179666004019,02
230179666004020,02
230179666004021,02
230179666004022,02
230179666004023,02
230179666004024,02
230179666004025,02
230179666004026,02
230179666004027,02
230179666004028,02
230179666004029,02
230179666004030,02
230179666004031,02
230179666004032,02
230179666004033,02
230179666004034,02
230179666004035,02
230179666004036,02
230179666004037,02
230179666004038,02
230179666004039,02
230179666004040,02
230179666004041,02
230179666004042,02
230179666004043,02
230179666004044,02
230179666004045,02
230179666004046,02
230179666004047,02
230179666004048,02
230179666004049,02
230179666004050,02
230179666004051,02
230179666004052,02
230179666004053,02
230179666004054,02
230179666004055,02
230179666004056,02
230179666004057,02
230179666004058,02
230179667001000,02
230179667001001,02
230179667001002,02
230179667001003,02
230179667001004,02
230179667001005,02
230179667001006,02
230179667001007,02
230179667001008,02
230179667001009,02
230179667001010,02
230179667001011,02
230179667001012,02
230179667001013,02
230179667001014,02
230179667001015,02
230179667001016,02
230179667001017,02
230179667001018,02
230179667001019,02
230179667001020,02
230179667001021,02
230179667001022,02
230179667001023,02
230179667001024,02
230179667001025,02
230179667001026,02
230179667001027,02
230179667001028,02
230179667001029,02
230179667001030,02
230179667001031,02
230179667001032,02
230179667001033,02
230179667001034,02
230179667001035,02
230179667001036,02
230179667001037,02
230179667001038,02
230179667001039,02
230179667001040,02
230179667001041,02
230179667001042,02
230179667001043,02
230179667001044,02
230179667001045,02
230179667001046,02
230179667001047,02
230179667001048,02
230179667001049,02
230179667001050,02
230179667001051,02
230179667001052,02
230179667001053,02
230179667001054,02
230179667001055,02
230179667001056,02
230179667001057,02
230179667001058,02
230179667001059,02
230179667001060,02
230179667001061,02
230179667001062,02
230179667001063,02
230179667001064,02
230179667001065,02
230179667001066,02
230179667001067,02
230179667001068,02
230179667001069,02
230179667001070,02
230179667001071,02
230179667001072,02
230179667001073,02
230179667001074,02
230179667001075,02
230179667001076,02
230179667001077,02
230179667001078,02
230179667002000,02
230179667002001,02
230179667002002,02
230179667002003,02
230179667002004,02
230179667002005,02
230179667002006,02
230179667002007,02
230179667002008,02
230179667002009,02
230179667002010,02
230179667002011,02
230179667002012,02
230179667002013,02
230179667002014,02
230179667002015,02
230179667002016,02
230179667002017,02
230179667002018,02
230179667002019,02
230179667002020,02
230179667002021,02
230179667002022,02
230179667002023,02
230179667002024,02
230179667002025,02
230179667002026,02
230179667002027,02
230179667002028,02
230179667002029,02
230179667002030,02
230179667002031,02
230179667002032,02
230179667002033,02
230179667002034,02
230179667002035,02
230179667002036,02
230179667002037,02
230179667002038,02
230179667002039,02
230179667002040,02
230179667002041,02
230179667002042,02
230179667002043,02
230179667002044,02
230179667003000,02
230179667003001,02
230179667003002,02
230179667003003,02
230179667003004,02
230179667003005,02
230179667003006,02
230179667003007,02
230179667003008,02
230179667003009,02
230179667003010,02
230179667003011,02
230179667003012,02
230179667003013,02
230179667003014,02
230179667003015,02
230179667003016,02
230179667003017,02
230179668001000,02
230179668001001,02
230179668001002,02
230179668001003,02
230179668001004,02
230179668001005,02
230179668001006,02
230179668001007,02
230179668001008,02
230179668001009,02
230179668001010,02
230179668001011,02
230179668001012,02
230179668001013,02
230179668001014,02
230179668001015,02
230179668001016,02
230179668001017,02
230179668001018,02
230179668001019,02
230179668001020,02
230179668001021,02
230179668001022,02
230179668001023,02
230179668001024,02
230179668001025,02
230179668001026,02
230179668001027,02
230179668001028,02
230179668001029,02
230179668001030,02
230179668001031,02
230179668001032,02
230179668001033,02
230179668001034,02
230179668001035,02
230179668001036,02
230179668001037,02
230179668001038,02
230179668001039,02
230179668001040,02
230179668001041,02
230179668001042,02
230179668001043,02
230179668001044,02
230179668001045,02
230179668001046,02
230179668001047,02
230179668001048,02
230179668001049,02
230179668001050,02
230179668001051,02
230179668001052,02
230179668001053,02
230179668001054,02
230179668001055,02
230179668001056,02
230179668001057,02
230179668001058,02
230179668001059,02
230179668001060,02
230179668001061,02
230179668001062,02
230179668001063,02
230179668001064,02
230179668001065,02
230179668001066,02
230179668001067,02
230179668001068,02
230179668001069,02
230179668001070,02
230179668001071,02
230179668002000,02
230179668002001,02
230179668002002,02
230179668002003,02
230179668002004,02
230179668002005,02
230179668002006,02
230179668002007,02
230179668002008,02
230179668002009,02
230179668002010,02
230179668002011,02
230179668002012,02
230179668002013,02
230179668002014,02
230179668002015,02
230179668002016,02
230179668002017,02
230179668002018,02
230179668002019,02
230179668002020,02
230179668002021,02
230179668002022,02
230179668002023,02
230179668002024,02
230179668002025,02
230179668002026,02
230179668002027,02
230179668002028,02
230179668002029,02
230179668002030,02
230179668002031,02
230179668002032,02
230179668002033,02
230179668002034,02
230179668002035,02
230179668002036,02
230179668002037,02
230179668002038,02
230179668002039,02
230179668002040,02
230179668002041,02
230179668002042,02
230179668002043,02
230179668002044,02
230179668002045,02
230179668002046,02
230179668002047,02
230179668002048,02
230179668002049,02
230179668002050,02
230179668002051,02
230179668002052,02
230179668002053,02
230179668002054,02
230179668002055,02
230179668002056,02
230179668002057,02
230179668002058,02
230179668002059,02
230179668002060,02
230179668002061,02
230179668002062,02
230179668002063,02
230179668002064,02
230179668002065,02
230179668002066,02
230179668002067,02
230179668002068,02
230179668002069,02
230179668002070,02
230179668002071,02
230179668002072,02
230179668002073,02
230179668002074,02
230179668002075,02
230179668002076,02
230179668002077,02
230179668002078,02
230179668002079,02
230179668002080,02
230179668002081,02
230179668002082,02
230179668002083,02
230179668002084,02
230179668002085,02
230179668002086,02
230179668002087,02
230179668002088,02
230179669001000,02
230179669001001,02
230179669001002,02
230179669001003,02
230179669001004,02
230179669001005,02
230179669001006,02
230179669001007,02
230179669001008,02
230179669001009,02
230179669001010,02
230179669001011,02
230179669001012,02
230179669001013,02
230179669001014,02
230179669001015,02
230179669001016,02
230179669001017,02
230179669001018,02
230179669001019,02
230179669001020,02
230179669001021,02
230179669001022,02
230179669001023,02
230179669001024,02
230179669001025,02
230179669001026,02
230179669001027,02
230179669001028,02
230179669001029,02
230179669001030,02
230179669001031,02
230179669001032,02
230179669001033,02
230179669001034,02
230179669001035,02
230179669001036,02
230179669001037,02
230179669001038,02
230179669001039,02
230179669001040,02
230179669001041,02
230179669001042,02
230179669001043,02
230179669001044,02
230179669001045,02
230179669001046,02
230179669001047,02
230179669001048,02
230179669001049,02
230179669001050,02
230179669001051,02
230179669001052,02
230179669001053,02
230179669001054,02
230179669001055,02
230179669001056,02
230179669001057,02
230179669001058,02
230179669001059,02
230179669001060,02
230179669001061,02
230179669001062,02
230179669001063,02
230179669001064,02
230179669001065,02
230179669001066,02
230179669001067,02
230179669001068,02
230179669001069,02
230179669001070,02
230179669001071,02
230179669001072,02
230179669001073,02
230179669001074,02
230179669001075,02
230179669001076,02
230179669001077,02
230179669001078,02
230179669001079,02
230179669001080,02
230179669001081,02
230179669001082,02
230179669001083,02
230179669001084,02
230179669001085,02
230179669001086,02
230179669001087,02
230179669002000,02
230179669002001,02
230179669002002,02
230179669002003,02
230179669002004,02
230179669002005,02
230179669002006,02
230179669002007,02
230179669002008,02
230179669002009,02
230179669002010,02
230179669002011,02
230179669002012,02
230179669002013,02
230179669002014,02
230179669002015,02
230179669002016,02
230179669002017,02
230179669002018,02
230179669002019,02
230179669002020,02
230179669002021,02
230179669002022,02
230179669002023,02
230179669002024,02
230179669002025,02
230179669002026,02
230179669002027,02
230179669002028,02
230179669002029,02
230179669002030,02
230179669002031,02
230179669002032,02
230179669002033,02
230179669002034,02
230179669002035,02
230179669002036,02
230179669002037,02
230179669002038,02
230179669002039,02
230179669002040,02
230179669002041,02
230179669002042,02
230179669002043,02
230179669002044,02
230179669002045,02
230179669002046,02
230179669002047,02
230179669002048,02
230179669002049,02
230179669002050,02
230179669002051,02
230179669002052,02
230179669002053,02
230179669002054,02
230179669002055,02
230179669002056,02
230179669002057,02
230179669002058,02
230179669002059,02
230179669002060,02
230179669002061,02
230179669002062,02
230179669002063,02
230179669002064,02
230179669002065,02
230179669002066,02
230179669002067,02
230179669002068,02
230179669002069,02
230179669002070,02
230179669002071,02
230179669002072,02
230179669002073,02
230179669002074,02
230179669002075,02
230179669002076,02
230179669002077,02
230179669002078,02
230179669002079,02
230179669002080,02
230179669002081,02
230179669002082,02
230179669002083,02
230179669002084,02
230190002001000,02
230190002001001,02
230190002001002,02
230190002001003,02
230190002001004,02
230190002001005,02
230190002001006,02
230190002001007,02
230190002001008,02
230190002001009,02
230190002001010,02
230190002001011,02
230190002001012,02
230190002001013,02
230190002001014,02
230190002001015,02
230190002001016,02
230190002001017,02
230190002001018,02
230190002002000,02
230190002002001,02
230190002002002,02
230190002002003,02
230190002002004,02
230190002002005,02
230190002002006,02
230190002002007,02
230190002002008,02
230190002002009,02
230190002002010,02
230190002002011,02
230190002002012,02
230190002002013,02
230190002002014,02
230190002002015,02
230190002002016,02
230190002002017,02
230190002002018,02
230190002002019,02
230190002002020,02
230190002002021,02
230190002002022,02
230190002002023,02
230190002002024,02
230190002002025,02
230190002002026,02
230190002002027,02
230190002002028,02
230190002002029,02
230190002002030,02
230190002002031,02
230190002002032,02
230190002002033,02
230190002002034,02
230190002002035,02
230190002002036,02
230190002002037,02
230190002002038,02
230190002002039,02
230190002002040,02
230190002002041,02
230190002002042,02
230190002003000,02
230190002003001,02
230190002003002,02
230190002003003,02
230190002003004,02
230190002003005,02
230190002003006,02
230190002003007,02
230190002003008,02
230190002003009,02
230190002003010,02
230190002003011,02
230190002003012,02
230190002004000,02
230190002004001,02
230190002004002,02
230190002004003,02
230190002004004,02
230190002004005,02
230190002004006,02
230190002004007,02
230190002004008,02
230190002004009,02
230190002004010,02
230190002004011,02
230190002004012,02
230190002004013,02
230190002004014,02
230190002004015,02
230190002004016,02
230190002004017,02
230190003001000,02
230190003001001,02
230190003001002,02
230190003001003,02
230190003001004,02
230190003001005,02
230190003001006,02
230190003001007,02
230190003001008,02
230190003001009,02
230190003001010,02
230190003001011,02
230190003001012,02
230190003001013,02
230190003001014,02
230190003001015,02
230190003001016,02
230190003001017,02
230190003001018,02
230190003001019,02
230190003001020,02
230190003001021,02
230190003001022,02
230190003001023,02
230190003001024,02
230190003001025,02
230190003001026,02
230190003001027,02
230190003001028,02
230190003001029,02
230190003001030,02
230190003001031,02
230190003002000,02
230190003002001,02
230190003002002,02
230190003002003,02
230190003002004,02
230190003002005,02
230190003002006,02
230190003002007,02
230190003002008,02
230190003002009,02
230190003002010,02
230190003002011,02
230190003003000,02
230190003003001,02
230190003003002,02
230190003003003,02
230190003003004,02
230190003003005,02
230190003003006,02
230190003003007,02
230190003003008,02
230190003003009,02
230190003003010,02
230190003003011,02
230190003003012,02
230190003003013,02
230190004001000,02
230190004001001,02
230190004001002,02
230190004001003,02
230190004001004,02
230190004001005,02
230190004001006,02
230190004001007,02
230190004001008,02
230190004001009,02
230190004001010,02
230190004001011,02
230190004001012,02
230190004001013,02
230190004001014,02
230190004001015,02
230190004001016,02
230190004001017,02
230190004001018,02
230190004001019,02
230190004001020,02
230190004001021,02
230190004001022,02
230190004001023,02
230190004001024,02
230190004001025,02
230190004001026,02
230190004001027,02
230190004001028,02
230190004001029,02
230190004001030,02
230190004001031,02
230190004001032,02
230190004001033,02
230190004001034,02
230190004001035,02
230190004001036,02
230190004001037,02
230190004001038,02
230190004001039,02
230190004001040,02
230190004001041,02
230190004001042,02
230190004001043,02
230190004001044,02
230190004001045,02
230190004001046,02
230190004001047,02
230190004001048,02
230190004001049,02
230190004001050,02
230190004001051,02
230190004001052,02
230190004001053,02
230190004001054,02
230190004001055,02
230190004001056,02
230190005001000,02
230190005001001,02
230190005001002,02
230190005001003,02
230190005001004,02
230190005001005,02
230190005001006,02
230190005001007,02
230190005001008,02
230190005001009,02
230190005002000,02
230190005002001,02
230190005002002,02
230190005002003,02
230190005002004,02
230190005002005,02
230190005002006,02
230190005002007,02
230190005002008,02
230190005002009,02
230190005002010,02
230190005002011,02
230190005002012,02
230190005002013,02
230190005002014,02
230190005003000,02
230190005003001,02
230190005003002,02
230190005003003,02
230190005003004,02
230190005003005,02
230190005003006,02
230190005003007,02
230190005003008,02
230190005003009,02
230190005003010,02
230190005003011,02
230190005003012,02
230190005003013,02
230190005003014,02
230190005003015,02
230190005004000,02
230190005004001,02
230190005004002,02
230190005004003,02
230190005004004,02
230190005005000,02
230190005005001,02
230190005005002,02
230190005005003,02
230190005005004,02
230190005005005,02
230190005005006,02
230190005005007,02
230190005005008,02
230190005005009,02
230190005005010,02
230190006001000,02
230190006001001,02
230190006001002,02
230190006001003,02
230190006001004,02
230190006001005,02
230190006001006,02
230190006001007,02
230190006001008,02
230190006001009,02
230190006001010,02
230190006001011,02
230190006002000,02
230190006002001,02
230190006002002,02
230190006002003,02
230190006002004,02
230190006002005,02
230190006003000,02
230190006003001,02
230190006003002,02
230190006003003,02
230190006003004,02
230190006003005,02
230190006003006,02
230190006003007,02
230190006003008,02
230190006003009,02
230190006003010,02
230190006003011,02
230190006003012,02
230190007001000,02
230190007001001,02
230190007001002,02
230190007001003,02
230190007001004,02
230190007001005,02
230190007001006,02
230190007001007,02
230190007001008,02
230190007001009,02
230190007001010,02
230190007001011,02
230190007001012,02
230190007001013,02
230190007001014,02
230190007001015,02
230190007001016,02
230190007001017,02
230190007001018,02
230190007001019,02
230190007001020,02
230190007001021,02
230190007001022,02
230190007001023,02
230190007001024,02
230190007001025,02
230190007001026,02
230190007001027,02
230190007001028,02
230190007001029,02
230190007001030,02
230190007001031,02
230190007001032,02
230190007001033,02
230190007001034,02
230190007001035,02
230190007001036,02
230190007001037,02
230190007001038,02
230190007001039,02
230190007001040,02
230190007001041,02
230190007001042,02
230190007001043,02
230190007001044,02
230190007001045,02
230190007001046,02
230190007001047,02
230190007001048,02
230190007001049,02
230190007001050,02
230190007001051,02
230190007001052,02
230190007001053,02
230190007001054,02
230190007001055,02
230190007001056,02
230190007001057,02
230190007001058,02
230190007002000,02
230190007002001,02
230190007002002,02
230190007002003,02
230190007002004,02
230190007002005,02
230190007002006,02
230190007002007,02
230190007002008,02
230190007002009,02
230190007002010,02
230190007002011,02
230190007002012,02
230190007002013,02
230190007002014,02
230190007002015,02
230190007002016,02
230190007002017,02
230190007002018,02
230190007002019,02
230190007002020,02
230190007002021,02
230190007002022,02
230190007002023,02
230190007002024,02
230190007002025,02
230190007002026,02
230190007002027,02
230190007002028,02
230190007002029,02
230190007002030,02
230190007002031,02
230190007002032,02
230190007002033,02
230190007002034,02
230190007002035,02
230190007002036,02
230190007002037,02
230190007002038,02
230190007002039,02
230190007002040,02
230190007002041,02
230190007002042,02
230190007002043,02
230190007002044,02
230190007002045,02
230190007002046,02
230190007002047,02
230190007002048,02
230190007002049,02
230190007002050,02
230190007002051,02
230190007002052,02
230190007002053,02
230190007002054,02
230190007002055,02
230190007002056,02
230190007002057,02
230190009001000,02
230190009001001,02
230190009001002,02
230190009001003,02
230190009001004,02
230190009001005,02
230190009001006,02
230190009001007,02
230190009001008,02
230190009001009,02
230190009001010,02
230190009001011,02
230190009001012,02
230190009001013,02
230190009001014,02
230190009001015,02
230190009001016,02
230190009001017,02
230190009001018,02
230190009001019,02
230190009001020,02
230190009001021,02
230190009001022,02
230190009002000,02
230190009002001,02
230190009002002,02
230190009002003,02
230190009002004,02
230190009002005,02
230190009002006,02
230190009002007,02
230190009002008,02
230190009002009,02
230190009002010,02
230190009002011,02
230190009002012,02
230190009002013,02
230190009002014,02
230190009002015,02
230190009002016,02
230190009003000,02
230190009003001,02
230190009003002,02
230190009003003,02
230190009003004,02
230190009003005,02
230190009003006,02
230190009003007,02
230190009003008,02
230190009003009,02
230190009003010,02
230190009003011,02
230190020001000,02
230190020001001,02
230190020001002,02
230190020001003,02
230190020001004,02
230190020001005,02
230190020001006,02
230190020001007,02
230190020001008,02
230190020001009,02
230190020001010,02
230190020001011,02
230190020001012,02
230190020002000,02
230190020002001,02
230190020002002,02
230190020002003,02
230190020002004,02
230190020002005,02
230190020002006,02
230190020002007,02
230190020002008,02
230190020002009,02
230190020002010,02
230190020002011,02
230190020002012,02
230190020002013,02
230190020002014,02
230190020002015,02
230190020002016,02
230190020002017,02
230190020002018,02
230190020002019,02
230190020002020,02
230190020003000,02
230190020003001,02
230190020003002,02
230190020003003,02
230190020003004,02
230190020003005,02
230190020003006,02
230190020003007,02
230190020003008,02
230190020003009,02
230190020003010,02
230190020003011,02
230190020003012,02
230190020003013,02
230190020004000,02
230190020004001,02
230190020004002,02
230190020004003,02
230190020004004,02
230190020004005,02
230190020004006,02
230190020004007,02
230190020004008,02
230190020004009,02
230190020004010,02
230190020004011,02
230190020004012,02
230190020004013,02
230190020004014,02
230190020004015,02
230190020004016,02
230190020004017,02
230190020004018,02
230190020004019,02
230190020004020,02
230190020004021,02
230190020004022,02
230190020004023,02
230190020004024,02
230190020004025,02
230190020004026,02
230190020004027,02
230190020004028,02
230190020005000,02
230190020005001,02
230190020005002,02
230190020005003,02
230190020005004,02
230190020005005,02
230190020005006,02
230190020005007,02
230190020005008,02
230190020005009,02
230190020005010,02
230190020005011,02
230190020005012,02
230190020005013,02
230190020005014,02
230190020005015,02
230190020005016,02
230190020005017,02
230190020005018,02
230190020005019,02
230190020005020,02
230190020005021,02
230190020005022,02
230190030001000,02
230190030001001,02
230190030001002,02
230190030001003,02
230190030001004,02
230190030001005,02
230190030001006,02
230190030001007,02
230190030001008,02
230190030001009,02
230190030001010,02
230190030001011,02
230190030001012,02
230190030001013,02
230190030001014,02
230190030001015,02
230190030001016,02
230190030002000,02
230190030002001,02
230190030002002,02
230190030002003,02
230190030002004,02
230190030002005,02
230190030002006,02
230190030002007,02
230190030002008,02
230190030002009,02
230190030002010,02
230190030002011,02
230190030002012,02
230190030002013,02
230190030002014,02
230190030002015,02
230190030002016,02
230190030003000,02
230190030003001,02
230190030003002,02
230190030003003,02
230190030003004,02
230190030003005,02
230190030003006,02
230190030003007,02
230190030003008,02
230190030003009,02
230190041001000,02
230190041001001,02
230190041001002,02
230190041001003,02
230190041001004,02
230190041001005,02
230190041001006,02
230190041001007,02
230190041001008,02
230190041001009,02
230190041001010,02
230190041001011,02
230190041001012,02
230190041001013,02
230190041002000,02
230190041002001,02
230190041002002,02
230190041002003,02
230190041002004,02
230190041002005,02
230190041002006,02
230190041002007,02
230190041002008,02
230190041002009,02
230190041002010,02
230190041002011,02
230190041002012,02
230190041002013,02
230190041002014,02
230190041002015,02
230190041002016,02
230190041002017,02
230190041002018,02
230190041002019,02
230190041002020,02
230190041002021,02
230190041002022,02
230190041002023,02
230190041002024,02
230190041002025,02
230190041002026,02
230190041002027,02
230190042001000,02
230190042001001,02
230190042001002,02
230190042001003,02
230190042001004,02
230190042001005,02
230190042001006,02
230190042001007,02
230190042001008,02
230190042001009,02
230190042001010,02
230190042001011,02
230190042001012,02
230190042001013,02
230190042001014,02
230190042001015,02
230190042001016,02
230190042001017,02
230190042001018,02
230190042001019,02
230190042001020,02
230190042001021,02
230190042001022,02
230190042001023,02
230190042001024,02
230190042001025,02
230190042001026,02
230190042002000,02
230190042002001,02
230190042002002,02
230190042002003,02
230190042002004,02
230190042002005,02
230190042002006,02
230190042002007,02
230190042002008,02
230190042002009,02
230190042002010,02
230190042002011,02
230190042002012,02
230190042002013,02
230190042002014,02
230190042002015,02
230190042002016,02
230190042002017,02
230190042002018,02
230190042002019,02
230190042002020,02
230190042002021,02
230190042002022,02
230190042002023,02
230190042002024,02
230190042002025,02
230190042002026,02
230190042002027,02
230190042002028,02
230190043001000,02
230190043001001,02
230190043001002,02
230190043001003,02
230190043001004,02
230190043001005,02
230190043001006,02
230190043001007,02
230190043001008,02
230190043001009,02
230190043001010,02
230190043001011,02
230190043001012,02
230190043002000,02
230190043002001,02
230190043002002,02
230190043002003,02
230190043002004,02
230190043002005,02
230190043002006,02
230190043002007,02
230190043002008,02
230190043002009,02
230190043002010,02
230190043002011,02
230190043002012,02
230190043002013,02
230190043002014,02
230190043002015,02
230190043002016,02
230190043002017,02
230190043002018,02
230190043002019,02
230190043002020,02
230190043002021,02
230190043002022,02
230190043002023,02
230190043002024,02
230190043002025,02
230190043002026,02
230190043002027,02
230190043002028,02
230190043002029,02
230190043002030,02
230190043003000,02
230190043003001,02
230190043003002,02
230190043003003,02
230190043003004,02
230190043003005,02
230190043003006,02
230190043003007,02
230190043003008,02
230190043003009,02
230190043003010,02
230190043003011,02
230190043003012,02
230190043003013,02
230190043004000,02
230190043004001,02
230190043004002,02
230190043004003,02
230190043004004,02
230190043004005,02
230190050001000,02
230190050001001,02
230190050001002,02
230190050001003,02
230190050001004,02
230190050001005,02
230190050001006,02
230190050001007,02
230190050001008,02
230190050001009,02
230190050001010,02
230190050001011,02
230190050001012,02
230190050001013,02
230190050001014,02
230190050001015,02
230190050002000,02
230190050002001,02
230190050002002,02
230190050002003,02
230190050002004,02
230190050002005,02
230190050002006,02
230190050002007,02
230190050002008,02
230190050002009,02
230190050002010,02
230190050002011,02
230190050002012,02
230190061001000,02
230190061001001,02
230190061001002,02
230190061001003,02
230190061001004,02
230190061001005,02
230190061001006,02
230190061001007,02
230190061001008,02
230190061001009,02
230190061001010,02
230190061001011,02
230190061001012,02
230190061001013,02
230190061001014,02
230190061001015,02
230190061001016,02
230190061001017,02
230190061001018,02
230190061001019,02
230190061001020,02
230190061001021,02
230190061001022,02
230190061002000,02
230190061002001,02
230190061002002,02
230190061002003,02
230190061002004,02
230190061002005,02
230190061002006,02
230190061002007,02
230190061002008,02
230190061002009,02
230190061002010,02
230190061002011,02
230190061002012,02
230190061002013,02
230190061002014,02
230190061002015,02
230190062001000,02
230190062001001,02
230190062001002,02
230190062001003,02
230190062001004,02
230190062001005,02
230190062001006,02
230190062001007,02
230190062001008,02
230190062001009,02
230190062001010,02
230190062002000,02
230190062002001,02
230190062002002,02
230190062002003,02
230190062002004,02
230190062002005,02
230190062002006,02
230190062002007,02
230190062002008,02
230190062002009,02
230190062002010,02
230190062002011,02
230190062002012,02
230190062002013,02
230190062002014,02
230190062002015,02
230190062003000,02
230190062003001,02
230190062003002,02
230190062003003,02
230190062003004,02
230190062003005,02
230190062003006,02
230190062003007,02
230190062003008,02
230190062003009,02
230190062003010,02
230190063001000,02
230190063001001,02
230190063001002,02
230190063001003,02
230190063001004,02
230190063001005,02
230190063001006,02
230190063001007,02
230190063001008,02
230190063001009,02
230190063001010,02
230190063001011,02
230190063001012,02
230190063001013,02
230190063002000,02
230190063002001,02
230190063002002,02
230190063002003,02
230190063002004,02
230190063002005,02
230190063002006,02
230190063002007,02
230190063002008,02
230190063002009,02
230190063002010,02
230190063002011,02
230190063002012,02
230190063002013,02
230190063002014,02
230190063002015,02
230190063002016,02
230190063002017,02
230190063002018,02
230190063002019,02
230190071001000,02
230190071001001,02
230190071001002,02
230190071001003,02
230190071001004,02
230190071001005,02
230190071001006,02
230190071001007,02
230190071001008,02
230190071001009,02
230190071001010,02
230190071001011,02
230190071001012,02
230190071001013,02
230190071001014,02
230190071001015,02
230190071001016,02
230190071001017,02
230190071001018,02
230190071001019,02
230190071001020,02
230190071001021,02
230190071002000,02
230190071002001,02
230190071002002,02
230190071002003,02
230190071002004,02
230190071002005,02
230190071002006,02
230190071002007,02
230190071002008,02
230190071002009,02
230190071002010,02
230190071002011,02
230190071002012,02
230190071002013,02
230190071002014,02
230190071002015,02
230190071002016,02
230190071002017,02
230190071002018,02
230190071002019,02
230190071002020,02
230190071002021,02
230190071002022,02
230190071002023,02
230190071002024,02
230190071002025,02
230190071002026,02
230190071002027,02
230190071002028,02
230190071002029,02
230190071002030,02
230190071003000,02
230190071003001,02
230190071003002,02
230190071003003,02
230190071003004,02
230190071003005,02
230190071003006,02
230190071003007,02
230190071003008,02
230190071003009,02
230190071003010,02
230190071003011,02
230190071003012,02
230190071003013,02
230190071003014,02
230190071003015,02
230190071003016,02
230190071003017,02
230190071003018,02
230190071004000,02
230190071004001,02
230190071004002,02
230190071004003,02
230190071004004,02
230190071004005,02
230190071004006,02
230190071004007,02
230190071004008,02
230190071004009,02
230190071004010,02
230190071004011,02
230190071005000,02
230190071005001,02
230190071005002,02
230190071005003,02
230190071005004,02
230190071005005,02
230190071005006,02
230190071005007,02
230190071005008,02
230190071005009,02
230190071005010,02
230190071005011,02
230190071005012,02
230190071005013,02
230190071005014,02
230190071005015,02
230190071005016,02
230190071005017,02
230190071005018,02
230190072001000,02
230190072001001,02
230190072001002,02
230190072001003,02
230190072001004,02
230190072001005,02
230190072001006,02
230190072001007,02
230190072001008,02
230190072001009,02
230190072001010,02
230190072001011,02
230190072001012,02
230190072001013,02
230190072001014,02
230190072001015,02
230190072001016,02
230190072001017,02
230190072001018,02
230190072001019,02
230190072001020,02
230190072001021,02
230190072001022,02
230190072001023,02
230190072001024,02
230190072001025,02
230190072001026,02
230190072001027,02
230190072001028,02
230190072001029,02
230190072001030,02
230190072001031,02
230190072002000,02
230190072002001,02
230190072002002,02
230190072002003,02
230190072002004,02
230190072002005,02
230190072002006,02
230190072002007,02
230190072002008,02
230190072002009,02
230190072002010,02
230190072002011,02
230190072002012,02
230190072002013,02
230190072002014,02
230190072002015,02
230190072002016,02
230190072002017,02
230190072002018,02
230190072002019,02
230190072002020,02
230190072002021,02
230190072002022,02
230190072002023,02
230190072002024,02
230190072002025,02
230190072002026,02
230190072002027,02
230190072002028,02
230190072002029,02
230190072002030,02
230190072002031,02
230190080011000,02
230190080011001,02
230190080011002,02
230190080011003,02
230190080011004,02
230190080011005,02
230190080011006,02
230190080011007,02
230190080011008,02
230190080011009,02
230190080011010,02
230190080011011,02
230190080011012,02
230190080011013,02
230190080011014,02
230190080011015,02
230190080011016,02
230190080011017,02
230190080011018,02
230190080011019,02
230190080011020,02
230190080011021,02
230190080011022,02
230190080011023,02
230190080011024,02
230190080011025,02
230190080011026,02
230190080011027,02
230190080011028,02
230190080011029,02
230190080011030,02
230190080011031,02
230190080011032,02
230190080011033,02
230190080011034,02
230190080011035,02
230190080011036,02
230190080011037,02
230190080011038,02
230190080011039,02
230190080011040,02
230190080011041,02
230190080011042,02
230190080011043,02
230190080011044,02
230190080011045,02
230190080011046,02
230190080011047,02
230190080011048,02
230190080011049,02
230190080012000,02
230190080012001,02
230190080012002,02
230190080012003,02
230190080012004,02
230190080012005,02
230190080012006,02
230190080012007,02
230190080012008,02
230190080012009,02
230190080012010,02
230190080012011,02
230190080012012,02
230190080012013,02
230190080012014,02
230190080012015,02
230190080012016,02
230190080012017,02
230190080012018,02
230190080012019,02
230190080012020,02
230190080012021,02
230190080012022,02
230190080012023,02
230190080012024,02
230190080012025,02
230190080012026,02
230190080012027,02
230190080013000,02
230190080013001,02
230190080013002,02
230190080013003,02
230190080013004,02
230190080013005,02
230190080013006,02
230190080013007,02
230190080013008,02
230190080013009,02
230190080013010,02
230190080013011,02
230190080013012,02
230190080013013,02
230190080013014,02
230190080013015,02
230190080013016,02
230190080013017,02
230190080013018,02
230190080013019,02
230190080013020,02
230190080013021,02
230190080013022,02
230190080013023,02
230190080013024,02
230190080013025,02
230190080013026,02
230190080013027,02
230190080013028,02
230190080013029,02
230190080013030,02
230190080013031,02
230190080013032,02
230190080013033,02
230190080013034,02
230190080013035,02
230190080013036,02
230190080013037,02
230190080013038,02
230190080013039,02
230190080013040,02
230190080013041,02
230190080013042,02
230190080013043,02
230190080013044,02
230190080013045,02
230190080013046,02
230190080013047,02
230190080013048,02
230190080013049,02
230190090001000,02
230190090001001,02
230190090001002,02
230190090001003,02
230190090001004,02
230190090001005,02
230190090001006,02
230190090001007,02
230190090001008,02
230190090001009,02
230190090001010,02
230190090001011,02
230190090001012,02
230190090001013,02
230190090001014,02
230190090001015,02
230190090001016,02
230190090001017,02
230190090001018,02
230190090001019,02
230190090001020,02
230190090001021,02
230190090001022,02
230190090001023,02
230190090001024,02
230190090001025,02
230190090001026,02
230190090001027,02
230190090001028,02
230190090001029,02
230190090001030,02
230190090001031,02
230190090001032,02
230190090001033,02
230190090001034,02
230190090001035,02
230190090001036,02
230190090001037,02
230190090001038,02
230190090001039,02
230190090001040,02
230190090001041,02
230190090001042,02
230190090001043,02
230190090001044,02
230190090001045,02
230190090001046,02
230190090001047,02
230190090001048,02
230190090001049,02
230190090002000,02
230190090002001,02
230190090002002,02
230190090002003,02
230190090002004,02
230190090002005,02
230190090002006,02
230190090002007,02
230190090002008,02
230190090002009,02
230190090002010,02
230190090002011,02
230190090002012,02
230190090002013,02
230190090002014,02
230190090002015,02
230190090002016,02
230190090002017,02
230190090002018,02
230190090002019,02
230190090002020,02
230190090003000,02
230190090003001,02
230190090003002,02
230190090003003,02
230190090003004,02
230190090003005,02
230190090003006,02
230190090003007,02
230190090003008,02
230190090003009,02
230190090003010,02
230190090003011,02
230190090003012,02
230190090003013,02
230190090003014,02
230190090003015,02
230190090003016,02
230190090003017,02
230190090004000,02
230190090004001,02
230190090004002,02
230190090004003,02
230190090004004,02
230190090004005,02
230190090004006,02
230190090004007,02
230190090004008,02
230190090004009,02
230190090004010,02
230190090005000,02
230190090005001,02
230190090005002,02
230190090005003,02
230190090005004,02
230190090005005,02
230190090005006,02
230190090005007,02
230190090005008,02
230190090005009,02
230190090005010,02
230190090005011,02
230190090005012,02
230190090006000,02
230190090006001,02
230190090006002,02
230190090006003,02
230190090006004,02
230190090006005,02
230190090006006,02
230190090006007,02
230190090006008,02
230190090006009,02
230190090006010,02
230190090006011,02
230190090006012,02
230190090006013,02
230190090006014,02
230190100001000,02
230190100001001,02
230190100001002,02
230190100001003,02
230190100001004,02
230190100001005,02
230190100001006,02
230190100001007,02
230190100001008,02
230190100001009,02
230190100001010,02
230190100001011,02
230190100002000,02
230190100002001,02
230190100002002,02
230190100002003,02
230190100002004,02
230190100002005,02
230190100002006,02
230190100002007,02
230190100002008,02
230190100002009,02
230190100002010,02
230190100002011,02
230190100002012,02
230190100002013,02
230190100002014,02
230190100002015,02
230190100002016,02
230190100002017,02
230190100002018,02
230190100002019,02
230190100002020,02
230190100002021,02
230190100002022,02
230190100002023,02
230190100002024,02
230190100002025,02
230190100002026,02
230190100002027,02
230190100002028,02
230190100002029,02
230190100002030,02
230190100003000,02
230190100003001,02
230190100003002,02
230190100003003,02
230190100003004,02
230190100003005,02
230190100003006,02
230190100003007,02
230190100003008,02
230190100003009,02
230190100003010,02
230190100003011,02
230190100003012,02
230190100003013,02
230190100003014,02
230190100003015,02
230190100003016,02
230190100003017,02
230190100003018,02
230190100003019,02
230190100003020,02
230190100003021,02
230190110001000,02
230190110001001,02
230190110001002,02
230190110001003,02
230190110001004,02
230190110001005,02
230190110001006,02
230190110001007,02
230190110001008,02
230190110001009,02
230190110001010,02
230190110001011,02
230190110001012,02
230190110001013,02
230190110001014,02
230190110001015,02
230190110001016,02
230190110001017,02
230190110001018,02
230190110001019,02
230190110001020,02
230190110001021,02
230190110001022,02
230190110001023,02
230190110001024,02
230190110001025,02
230190110001026,02
230190110001027,02
230190110001028,02
230190110001029,02
230190110001030,02
230190110001031,02
230190110001032,02
230190110001033,02
230190110001034,02
230190110001035,02
230190110001036,02
230190110001037,02
230190110001038,02
230190110001039,02
230190110001040,02
230190110001041,02
230190110002000,02
230190110002001,02
230190110002002,02
230190110002003,02
230190110002004,02
230190110002005,02
230190110002006,02
230190110002007,02
230190110002008,02
230190110002009,02
230190110002010,02
230190110002011,02
230190110002012,02
230190110002013,02
230190110002014,02
230190110002015,02
230190110002016,02
230190110002017,02
230190110002018,02
230190110002019,02
230190110002020,02
230190110002021,02
230190110002022,02
230190110002023,02
230190110002024,02
230190110002025,02
230190110002026,02
230190110002027,02
230190110002028,02
230190110002029,02
230190110002030,02
230190110002031,02
230190110002032,02
230190110002033,02
230190110002034,02
230190120001000,02
230190120001001,02
230190120001002,02
230190120001003,02
230190120001004,02
230190120001005,02
230190120001006,02
230190120001007,02
230190120001008,02
230190120001009,02
230190120001010,02
230190120001011,02
230190120001012,02
230190120001013,02
230190120001014,02
230190120001015,02
230190120001016,02
230190120001017,02
230190120001018,02
230190120001019,02
230190120001020,02
230190120001021,02
230190120001022,02
230190120001023,02
230190120001024,02
230190120001025,02
230190120001026,02
230190120001027,02
230190120001028,02
230190120001029,02
230190120001030,02
230190120001031,02
230190120001032,02
230190120001033,02
230190120001034,02
230190120001035,02
230190120001036,02
230190120001037,02
230190120001038,02
230190125001000,02
230190125001001,02
230190125001002,02
230190125001003,02
230190125001004,02
230190125001005,02
230190125001006,02
230190125001007,02
230190125001008,02
230190125001009,02
230190125001010,02
230190125001011,02
230190125001012,02
230190125001013,02
230190125001014,02
230190125001015,02
230190125001016,02
230190125001017,02
230190125001018,02
230190125001019,02
230190125001020,02
230190125001021,02
230190125001022,02
230190125001023,02
230190125001024,02
230190125001025,02
230190125001026,02
230190125001027,02
230190125001028,02
230190125001029,02
230190125001030,02
230190125001031,02
230190125001032,02
230190125001033,02
230190125001034,02
230190125001035,02
230190125001036,02
230190125001037,02
230190125001038,02
230190125001039,02
230190125001040,02
230190125001041,02
230190125001042,02
230190125001043,02
230190125001044,02
230190125001045,02
230190125002000,02
230190125002001,02
230190125002002,02
230190125002003,02
230190125002004,02
230190125002005,02
230190125002006,02
230190125002007,02
230190125002008,02
230190125002009,02
230190125002010,02
230190125002011,02
230190125002012,02
230190125002013,02
230190125002014,02
230190125002015,02
230190125002016,02
230190125002017,02
230190125002018,02
230190125002019,02
230190125002020,02
230190125002021,02
230190125002022,02
230190125002023,02
230190125002024,02
230190125002025,02
230190125002026,02
230190125002027,02
230190125002028,02
230190125002029,02
230190125002030,02
230190125002031,02
230190125002032,02
230190125002033,02
230190125002034,02
230190125002035,02
230190125002036,02
230190125002037,02
230190125002038,02
230190125002039,02
230190125002040,02
230190125002041,02
230190125002042,02
230190125002043,02
230190125002044,02
230190125002045,02
230190125002046,02
230190125002047,02
230190130001000,02
230190130001001,02
230190130001002,02
230190130001003,02
230190130001004,02
230190130001005,02
230190130001006,02
230190130001007,02
230190130001008,02
230190130001009,02
230190130001010,02
230190130001011,02
230190130001012,02
230190130001013,02
230190130001014,02
230190130001015,02
230190130001016,02
230190130001017,02
230190130001018,02
230190130001019,02
230190130001020,02
230190130001021,02
230190130001022,02
230190130001023,02
230190130001024,02
230190130001025,02
230190130001026,02
230190130001027,02
230190130001028,02
230190130001029,02
230190130001030,02
230190130001031,02
230190130001032,02
230190130001033,02
230190130001034,02
230190130001035,02
230190130001036,02
230190130001037,02
230190130001038,02
230190130002000,02
230190130002001,02
230190130002002,02
230190130002003,02
230190130002004,02
230190130002005,02
230190130002006,02
230190130002007,02
230190130002008,02
230190130002009,02
230190130002010,02
230190130002011,02
230190130002012,02
230190130002013,02
230190130002014,02
230190130002015,02
230190130002016,02
230190130002017,02
230190130002018,02
230190130002019,02
230190130002020,02
230190130002021,02
230190130002022,02
230190130002023,02
230190130002024,02
230190130002025,02
230190130002026,02
230190130002027,02
230190130002028,02
230190130002029,02
230190130002030,02
230190130002031,02
230190130002032,02
230190130002033,02
230190130002034,02
230190130002035,02
230190130002036,02
230190130002037,02
230190130002038,02
230190130002039,02
230190130002040,02
230190130002041,02
230190130002042,02
230190130002043,02
230190130002044,02
230190130003000,02
230190130003001,02
230190130003002,02
230190130003003,02
230190130003004,02
230190130003005,02
230190130003006,02
230190130003007,02
230190130003008,02
230190130003009,02
230190130003010,02
230190130003011,02
230190130003012,02
230190130003013,02
230190130003014,02
230190130003015,02
230190130003016,02
230190130003017,02
230190130003018,02
230190130003019,02
230190130003020,02
230190130003021,02
230190130003022,02
230190130003023,02
230190130003024,02
230190130003025,02
230190130003026,02
230190130003027,02
230190130003028,02
230190130003029,02
230190130003030,02
230190130003031,02
230190130003032,02
230190130003033,02
230190130003034,02
230190130003035,02
230190130003036,02
230190135001000,02
230190135001001,02
230190135001002,02
230190135001003,02
230190135001004,02
230190135001005,02
230190135001006,02
230190135001007,02
230190135001008,02
230190135001009,02
230190135001010,02
230190135001011,02
230190135001012,02
230190135001013,02
230190135001014,02
230190135001015,02
230190135001016,02
230190135001017,02
230190135001018,02
230190135001019,02
230190135001020,02
230190135001021,02
230190135001022,02
230190135001023,02
230190135001024,02
230190135001025,02
230190135001026,02
230190135001027,02
230190135001028,02
230190135001029,02
230190135001030,02
230190135001031,02
230190135001032,02
230190135002000,02
230190135002001,02
230190135002002,02
230190135002003,02
230190135002004,02
230190135002005,02
230190135002006,02
230190135002007,02
230190135002008,02
230190135002009,02
230190135002010,02
230190135002011,02
230190135002012,02
230190135002013,02
230190135002014,02
230190135002015,02
230190135002016,02
230190135002017,02
230190135002018,02
230190135002019,02
230190135002020,02
230190135002021,02
230190135002022,02
230190135002023,02
230190135002024,02
230190135002025,02
230190135002026,02
230190135002027,02
230190135002028,02
230190135002029,02
230190135002030,02
230190135002031,02
230190135002032,02
230190135002033,02
230190135002034,02
230190135002035,02
230190135002036,02
230190135002037,02
230190140001000,02
230190140001001,02
230190140001002,02
230190140001003,02
230190140001004,02
230190140001005,02
230190140001006,02
230190140001007,02
230190140001008,02
230190140001009,02
230190140001010,02
230190140001011,02
230190140001012,02
230190140001013,02
230190140001014,02
230190140001015,02
230190140001016,02
230190140001017,02
230190140001018,02
230190140001019,02
230190140001020,02
230190140001021,02
230190140001022,02
230190140001023,02
230190140001024,02
230190140001025,02
230190140001026,02
230190140001027,02
230190140001028,02
230190140001029,02
230190140001030,02
230190140001031,02
230190140001032,02
230190140001033,02
230190140001034,02
230190140001035,02
230190140001036,02
230190140001037,02
230190140001038,02
230190140001039,02
230190140001040,02
230190140001041,02
230190140001042,02
230190140001043,02
230190140001044,02
230190140002000,02
230190140002001,02
230190140002002,02
230190140002003,02
230190140002004,02
230190140002005,02
230190140002006,02
230190140002007,02
230190140002008,02
230190140002009,02
230190140002010,02
230190140002011,02
230190140002012,02
230190140002013,02
230190140002014,02
230190140002015,02
230190140002016,02
230190140002017,02
230190140002018,02
230190140002019,02
230190140002020,02
230190140002021,02
230190140002022,02
230190140002023,02
230190140002024,02
230190140002025,02
230190140002026,02
230190140002027,02
230190140002028,02
230190140002029,02
230190140002030,02
230190140002031,02
230190140002032,02
230190140002033,02
230190140002034,02
230190140002035,02
230190140002036,02
230190140002037,02
230190140002038,02
230190140002039,02
230190150001000,02
230190150001001,02
230190150001002,02
230190150001003,02
230190150001004,02
230190150001005,02
230190150001006,02
230190150001007,02
230190150001008,02
230190150001009,02
230190150001010,02
230190150001011,02
230190150001012,02
230190150001013,02
230190150001014,02
230190150001015,02
230190150001016,02
230190150001017,02
230190150001018,02
230190150001019,02
230190150001020,02
230190150001021,02
230190150001022,02
230190150001023,02
230190150001024,02
230190150001025,02
230190150001026,02
230190150001027,02
230190150001028,02
230190150001029,02
230190150001030,02
230190150001031,02
230190150001032,02
230190150001033,02
230190150001034,02
230190150001035,02
230190150001036,02
230190150001037,02
230190150002000,02
230190150002001,02
230190150002002,02
230190150002003,02
230190150002004,02
230190150002005,02
230190150002006,02
230190150002007,02
230190150002008,02
230190150002009,02
230190150002010,02
230190150002011,02
230190150002012,02
230190150002013,02
230190150002014,02
230190150002015,02
230190150002016,02
230190150002017,02
230190150002018,02
230190150002019,02
230190150002020,02
230190150002021,02
230190150003000,02
230190150003001,02
230190150003002,02
230190150003003,02
230190150003004,02
230190150003005,02
230190150003006,02
230190150003007,02
230190150003008,02
230190150003009,02
230190150003010,02
230190150003011,02
230190150003012,02
230190150003013,02
230190150003014,02
230190150003015,02
230190150003016,02
230190150003017,02
230190150003018,02
230190150003019,02
230190150003020,02
230190150003021,02
230190150003022,02
230190150003023,02
230190150003024,02
230190150003025,02
230190150003026,02
230190150003027,02
230190150003028,02
230190150003029,02
230190150003030,02
230190150003031,02
230190150003032,02
230190150003033,02
230190150003034,02
230190150003035,02
230190150003036,02
230190150003037,02
230190150003038,02
230190150003039,02
230190150003040,02
230190150003041,02
230190150003042,02
230190150003043,02
230190150003044,02
230190150003045,02
230190150003046,02
230190150003047,02
230190150003048,02
230190150003049,02
230190150003050,02
230190150003051,02
230190150003052,02
230190150003053,02
230190150003054,02
230190150003055,02
230190150003056,02
230190150003057,02
230190150003058,02
230190150003059,02
230190150003060,02
230190150003061,02
230190150003062,02
230190150003063,02
230190155001000,02
230190155001001,02
230190155001002,02
230190155001003,02
230190155001004,02
230190155001005,02
230190155001006,02
230190155001007,02
230190155001008,02
230190155001009,02
230190155001010,02
230190155001011,02
230190155001012,02
230190155001013,02
230190155001014,02
230190155001015,02
230190155001016,02
230190155001017,02
230190155001018,02
230190155001019,02
230190155001020,02
230190155001021,02
230190155001022,02
230190155001023,02
230190155001024,02
230190155001025,02
230190155001026,02
230190155001027,02
230190155001028,02
230190155001029,02
230190155001030,02
230190155001031,02
230190155001032,02
230190155001033,02
230190155001034,02
230190155001035,02
230190155001036,02
230190155001037,02
230190155001038,02
230190155001039,02
230190155001040,02
230190155001041,02
230190155001042,02
230190155001043,02
230190155001044,02
230190155001045,02
230190155001046,02
230190155001047,02
230190155001048,02
230190155001049,02
230190155001050,02
230190155001051,02
230190155001052,02
230190155001053,02
230190155001054,02
230190155001055,02
230190155001056,02
230190155001057,02
230190155001058,02
230190155002000,02
230190155002001,02
230190155002002,02
230190155002003,02
230190155002004,02
230190155002005,02
230190155002006,02
230190155002007,02
230190155002008,02
230190155002009,02
230190155002010,02
230190155002011,02
230190155002012,02
230190155002013,02
230190155002014,02
230190155002015,02
230190155002016,02
230190155002017,02
230190155002018,02
230190155002019,02
230190155002020,02
230190155002021,02
230190155002022,02
230190155002023,02
230190155002024,02
230190155002025,02
230190155002026,02
230190155002027,02
230190155002028,02
230190155002029,02
230190155002030,02
230190155002031,02
230190155002032,02
230190155002033,02
230190155002034,02
230190155002035,02
230190155002036,02
230190155002037,02
230190155002038,02
230190155002039,02
230190155002040,02
230190155002041,02
230190155002042,02
230190155002043,02
230190155002044,02
230190155002045,02
230190180001000,02
230190180001001,02
230190180001002,02
230190180001003,02
230190180001004,02
230190180001005,02
230190180001006,02
230190180001007,02
230190180001008,02
230190180001009,02
230190180001010,02
230190180001011,02
230190180001012,02
230190180001013,02
230190180001014,02
230190180001015,02
230190180001016,02
230190180001017,02
230190180001018,02
230190180001019,02
230190180001020,02
230190180001021,02
230190180001022,02
230190180001023,02
230190180001024,02
230190180001025,02
230190180001026,02
230190180001027,02
230190180001028,02
230190180001029,02
230190180001030,02
230190180001031,02
230190180001032,02
230190180001033,02
230190180001034,02
230190180001035,02
230190180001036,02
230190180001037,02
230190180001038,02
230190180001039,02
230190180001040,02
230190180001041,02
230190205001000,02
230190205001001,02
230190205001002,02
230190205001003,02
230190205001004,02
230190205001005,02
230190205001006,02
230190205001007,02
230190205001008,02
230190205001009,02
230190205001010,02
230190205001011,02
230190205001012,02
230190205001013,02
230190205001014,02
230190205001015,02
230190205001016,02
230190205001017,02
230190205001018,02
230190205001019,02
230190205001020,02
230190205001021,02
230190205001022,02
230190205001023,02
230190205001024,02
230190205001025,02
230190205001026,02
230190205001027,02
230190205001028,02
230190205001029,02
230190205001030,02
230190205001031,02
230190205001032,02
230190205002000,02
230190205002001,02
230190205002002,02
230190205002003,02
230190205002004,02
230190205002005,02
230190205002006,02
230190205002007,02
230190205002008,02
230190205002009,02
230190205002010,02
230190205002011,02
230190205002012,02
230190205002013,02
230190205002014,02
230190205002015,02
230190205002016,02
230190205002017,02
230190205002018,02
230190205002019,02
230190205002020,02
230190205002021,02
230190205002022,02
230190205002023,02
230190205002024,02
230190205002025,02
230190205002026,02
230190205002027,02
230190205002028,02
230190205002029,02
230190205002030,02
230190205002031,02
230190205002032,02
230190215001000,02
230190215001001,02
230190215001002,02
230190215001003,02
230190215001004,02
230190215001005,02
230190215001006,02
230190215001007,02
230190215001008,02
230190215001009,02
230190215001010,02
230190215001011,02
230190215001012,02
230190215001013,02
230190215001014,02
230190215001015,02
230190215001016,02
230190215001017,02
230190215001018,02
230190215001019,02
230190215001020,02
230190215001021,02
230190215001022,02
230190215001023,02
230190215001024,02
230190215001025,02
230190215001026,02
230190215001027,02
230190215001028,02
230190215001029,02
230190215001030,02
230190215001031,02
230190215001032,02
230190215001033,02
230190215001034,02
230190215001035,02
230190215001036,02
230190215001037,02
230190215001038,02
230190215001039,02
230190215001040,02
230190215001041,02
230190215001042,02
230190215001043,02
230190215001044,02
230190215001045,02
230190215001046,02
230190215001047,02
230190215001048,02
230190215001049,02
230190215001050,02
230190215001051,02
230190215002000,02
230190215002001,02
230190215002002,02
230190215002003,02
230190215002004,02
230190215002005,02
230190215002006,02
230190215002007,02
230190215002008,02
230190215002009,02
230190215002010,02
230190215002011,02
230190215002012,02
230190215002013,02
230190215002014,02
230190215002015,02
230190215002016,02
230190215002017,02
230190215002018,02
230190215002019,02
230190215002020,02
230190215002021,02
230190215002022,02
230190215002023,02
230190215002024,02
230190215002025,02
230190215002026,02
230190215002027,02
230190215002028,02
230190215002029,02
230190215002030,02
230190215002031,02
230190215002032,02
230190215002033,02
230190215002034,02
230190215002035,02
230190215002036,02
230190215002037,02
230190215002038,02
230190215002039,02
230190215002040,02
230190215002041,02
230190215002042,02
230190215002043,02
230190215002044,02
230190215002045,02
230190215002046,02
230190215002047,02
230190215002048,02
230190215002049,02
230190215002050,02
230190225001000,02
230190225001001,02
230190225001002,02
230190225001003,02
230190225001004,02
230190225001005,02
230190225001006,02
230190225001007,02
230190225001008,02
230190225001009,02
230190225001010,02
230190225001011,02
230190225001012,02
230190225001013,02
230190225001014,02
230190225001015,02
230190225001016,02
230190225001017,02
230190225001018,02
230190225001019,02
230190225001020,02
230190225001021,02
230190225001022,02
230190225001023,02
230190225001024,02
230190225001025,02
230190225001026,02
230190225001027,02
230190225001028,02
230190225001029,02
230190225001030,02
230190225001031,02
230190225001032,02
230190225001033,02
230190225001034,02
230190225001035,02
230190225001036,02
230190225001037,02
230190225001038,02
230190225001039,02
230190225001040,02
230190225001041,02
230190225001042,02
230190225001043,02
230190225001044,02
230190225001045,02
230190225001046,02
230190225001047,02
230190225001048,02
230190225001049,02
230190225001050,02
230190225001051,02
230190225001052,02
230190225001053,02
230190225001054,02
230190225001055,02
230190225001056,02
230190225001057,02
230190225001058,02
230190225001059,02
230190225001060,02
230190225001061,02
230190225001062,02
230190225001063,02
230190225001064,02
230190225001065,02
230190225001066,02
230190225001067,02
230190225001068,02
230190225001069,02
230190225001070,02
230190225001071,02
230190225001072,02
230190225001073,02
230190225001074,02
230190225001075,02
230190225001076,02
230190245001000,02
230190245001001,02
230190245001002,02
230190245001003,02
230190245001004,02
230190245001005,02
230190245001006,02
230190245001007,02
230190245001008,02
230190245001009,02
230190245001010,02
230190245001011,02
230190245001012,02
230190245001013,02
230190245001014,02
230190245001015,02
230190245001016,02
230190245001017,02
230190245001018,02
230190245001019,02
230190245001020,02
230190245001021,02
230190245001022,02
230190245001023,02
230190245001024,02
230190245001025,02
230190245001026,02
230190245001027,02
230190245001028,02
230190245001029,02
230190245001030,02
230190245001031,02
230190245001032,02
230190245001033,02
230190245001034,02
230190245001035,02
230190245001036,02
230190245001037,02
230190245001038,02
230190245001039,02
230190245001040,02
230190245001041,02
230190245001042,02
230190245001043,02
230190245001044,02
230190245001045,02
230190245001046,02
230190245001047,02
230190245001048,02
230190245001049,02
230190245001050,02
230190245001051,02
230190245001052,02
230190245001053,02
230190245001054,02
230190245001055,02
230190245001056,02
230190245001057,02
230190245001058,02
230190245001059,02
230190245001060,02
230190245001061,02
230190245001062,02
230190245001063,02
230190245001064,02
230190245001065,02
230190245001066,02
230190245001067,02
230190245001068,02
230190245001069,02
230190245001070,02
230190245001071,02
230190245001072,02
230190245001073,02
230190245001074,02
230190245001075,02
230190245001076,02
230190245001077,02
230190245001078,02
230190245001079,02
230190245001080,02
230190245001081,02
230190245001082,02
230190245001083,02
230190245001084,02
230190245001085,02
230190245001086,02
230190245001087,02
230190245001088,02
230190245001089,02
230190245001090,02
230190245001091,02
230190245001092,02
230190245001093,02
230190245001094,02
230190245001095,02
230190245001096,02
230190245001097,02
230190245001098,02
230190245001099,02
230190245001100,02
230190245001101,02
230190245001102,02
230190245001103,02
230190245001104,02
230190245001105,02
230190245001106,02
230190245001107,02
230190245001108,02
230190245001109,02
230190245002000,02
230190245002001,02
230190245002002,02
230190245002003,02
230190245002004,02
230190245002005,02
230190245002006,02
230190245002007,02
230190245002008,02
230190245002009,02
230190245002010,02
230190245002011,02
230190245002012,02
230190245002013,02
230190245002014,02
230190245002015,02
230190245002016,02
230190245002017,02
230190245002018,02
230190245002019,02
230190245002020,02
230190245002021,02
230190245002022,02
230190245002023,02
230190245002024,02
230190245002025,02
230190245002026,02
230190245002027,02
230190245002028,02
230190245002029,02
230190245002030,02
230190245002031,02
230190245002032,02
230190245002033,02
230190245002034,02
230190245002035,02
230190245002036,02
230190245002037,02
230190245002038,02
230190245002039,02
230190245002040,02
230190245002041,02
230190245002042,02
230190245002043,02
230190245002044,02
230190245002045,02
230190245002046,02
230190245002047,02
230190245002048,02
230190245002049,02
230190245002050,02
230190245002051,02
230190245002052,02
230190245002053,02
230190245002054,02
230190245002055,02
230190245002056,02
230190245002057,02
230190245002058,02
230190245002059,02
230190245002060,02
230190245002061,02
230190245002062,02
230190245002063,02
230190245002064,02
230190245002065,02
230190245002066,02
230190245002067,02
230190245002068,02
230190245002069,02
230190245002070,02
230190245002071,02
230190245002072,02
230190245002073,02
230190245002074,02
230190245002075,02
230190245002076,02
230190245002077,02
230190245002078,02
230190245002079,02
230190245002080,02
230190245002081,02
230190245002082,02
230190245002083,02
230190245002084,02
230190245002085,02
230190245002086,02
230190245002087,02
230190245002088,02
230190245002089,02
230190245002090,02
230190245002091,02
230190245002092,02
230190245002093,02
230190245002094,02
230190245002095,02
230190245002096,02
230190245002097,02
230190245002098,02
230190245002099,02
230190245002100,02
230190255001000,02
230190255001001,02
230190255001002,02
230190255001003,02
230190255001004,02
230190255001005,02
230190255001006,02
230190255001007,02
230190255001008,02
230190255001009,02
230190255001010,02
230190255001011,02
230190255001012,02
230190255001013,02
230190255001014,02
230190255001015,02
230190255001016,02
230190255001017,02
230190255001018,02
230190255001019,02
230190255001020,02
230190255001021,02
230190255001022,02
230190255001023,02
230190255001024,02
230190255001025,02
230190255001026,02
230190255001027,02
230190255001028,02
230190255001029,02
230190255001030,02
230190255001031,02
230190255001032,02
230190255001033,02
230190255001034,02
230190255001035,02
230190255001036,02
230190255001037,02
230190255001038,02
230190255001039,02
230190255001040,02
230190255001041,02
230190255001042,02
230190255001043,02
230190255001044,02
230190255001045,02
230190255001046,02
230190255001047,02
230190255001048,02
230190255001049,02
230190255001050,02
230190255001051,02
230190255001052,02
230190255001053,02
230190255001054,02
230190255001055,02
230190255001056,02
230190255001057,02
230190255001058,02
230190255001059,02
230190255002000,02
230190255002001,02
230190255002002,02
230190255002003,02
230190255002004,02
230190255002005,02
230190255002006,02
230190255002007,02
230190255002008,02
230190255002009,02
230190255002010,02
230190255002011,02
230190255002012,02
230190255002013,02
230190255002014,02
230190255002015,02
230190255002016,02
230190255002017,02
230190255002018,02
230190255002019,02
230190255002020,02
230190255002021,02
230190255002022,02
230190255002023,02
230190255002024,02
230190255002025,02
230190255002026,02
230190255002027,02
230190255002028,02
230190255002029,02
230190255002030,02
230190255002031,02
230190255002032,02
230190255002033,02
230190255002034,02
230190255002035,02
230190255002036,02
230190255002037,02
230190255002038,02
230190255002039,02
230190255002040,02
230190255002041,02
230190255002042,02
230190255002043,02
230190255002044,02
230190255002045,02
230190255002046,02
230190255002047,02
230190255002048,02
230190255002049,02
230190255002050,02
230190255002051,02
230190255002052,02
230190255002053,02
230190255002054,02
230190255002055,02
230190255002056,02
230190255002057,02
230190255002058,02
230190255002059,02
230190255002060,02
230190255002061,02
230190255002062,02
230190255002063,02
230190255002064,02
230190255002065,02
230190255002066,02
230190255002067,02
230190255002068,02
230190255002069,02
230190255002070,02
230190255002071,02
230190255002072,02
230190255002073,02
230190255002074,02
230190255002075,02
230190255002076,02
230190255002077,02
230190255002078,02
230190255002079,02
230190255002080,02
230190255002081,02
230190255002082,02
230190255002083,02
230190255002084,02
230190255002085,02
230190255002086,02
230190255002087,02
230190255002088,02
230190255002089,02
230190255002090,02
230190255002091,02
230190255002092,02
230190255002093,02
230190255002094,02
230190255002095,02
230190255002096,02
230190255002097,02
230190255002098,02
230190255002099,02
230190255002100,02
230190255002101,02
230190255002102,02
230190255002103,02
230190255002104,02
230190255002105,02
230190255002106,02
230190255002107,02
230190255002108,02
230190255002109,02
230190255002110,02
230190255002111,02
230190255002112,02
230190255002113,02
230190255002114,02
230190255002115,02
230190255002116,02
230190255002117,02
230190255002118,02
230190255002119,02
230190255002120,02
230190255002121,02
230190255002122,02
230190255002123,02
230190255002124,02
230190255002125,02
230190255002126,02
230190255002127,02
230190255002128,02
230190255002129,02
230190255002130,02
230190255002131,02
230190255002132,02
230190255002133,02
230190255002134,02
230190255002135,02
230190255002136,02
230190255002137,02
230190255002138,02
230190255002139,02
230190255002140,02
230190255002141,02
230190255002142,02
230190255002143,02
230190255002144,02
230190255002145,02
230190255002146,02
230190255002147,02
230190255002148,02
230190255002149,02
230190255002150,02
230190255002151,02
230190255002152,02
230190255002153,02
230190255002154,02
230190255002155,02
230190255002156,02
230190255002157,02
230190255002158,02
230190255002159,02
230190255002160,02
230190255002161,02
230190255002162,02
230190255002163,02
230190255002164,02
230190255002165,02
230190255002166,02
230190255002167,02
230190255002168,02
230190255002169,02
230190255002170,02
230190255002171,02
230190255002172,02
230190255002173,02
230190255002174,02
230190255002175,02
230190255002176,02
230190255002177,02
230190255002178,02
230190255002179,02
230190255002180,02
230190255002181,02
230190255002182,02
230190255002183,02
230190255002184,02
230190255002185,02
230190255002186,02
230190255002187,02
230190255002188,02
230190255002189,02
230190255002190,02
230190255002191,02
230190255002192,02
230190255002193,02
230190255002194,02
230190255002195,02
230190255002196,02
230190255002197,02
230190255002198,02
230190255002199,02
230190255002200,02
230190255002201,02
230190255002202,02
230190255002203,02
230190255002204,02
230190255002205,02
230190255002206,02
230190255002207,02
230190255002208,02
230190255002209,02
230190255002210,02
230190255002211,02
230190255002212,02
230190255002213,02
230190255002214,02
230190255002215,02
230190255002216,02
230190255002217,02
230190255002218,02
230190255002219,02
230190255002220,02
230190255002221,02
230190255002222,02
230190255002223,02
230190255002224,02
230190255002225,02
230190255002226,02
230190255002227,02
230190255002228,02
230190255002229,02
230190255002230,02
230190255002231,02
230190255002232,02
230190255002233,02
230190255002234,02
230190255002235,02
230190255002236,02
230190255002237,02
230190255002238,02
230190265001000,02
230190265001001,02
230190265001002,02
230190265001003,02
230190265001004,02
230190265001005,02
230190265001006,02
230190265001007,02
230190265001008,02
230190265001009,02
230190265001010,02
230190265001011,02
230190265001012,02
230190265001013,02
230190265001014,02
230190265001015,02
230190265001016,02
230190265001017,02
230190265001018,02
230190265001019,02
230190265001020,02
230190265001021,02
230190265001022,02
230190265001023,02
230190265001024,02
230190265001025,02
230190265001026,02
230190265001027,02
230190265001028,02
230190265001029,02
230190265001030,02
230190265001031,02
230190265001032,02
230190265001033,02
230190265001034,02
230190265001035,02
230190265001036,02
230190265001037,02
230190265001038,02
230190265001039,02
230190265001040,02
230190265001041,02
230190265001042,02
230190265001043,02
230190265001044,02
230190265001045,02
230190265001046,02
230190265001047,02
230190265001048,02
230190265001049,02
230190265001050,02
230190265001051,02
230190265001052,02
230190265001053,02
230190265001054,02
230190265001055,02
230190265001056,02
230190265001057,02
230190265001058,02
230190265001059,02
230190265001060,02
230190265001061,02
230190265001062,02
230190265001063,02
230190265001064,02
230190265001065,02
230190265001066,02
230190265001067,02
230190265001068,02
230190265001069,02
230190265001070,02
230190265001071,02
230190265001072,02
230190265001073,02
230190265001074,02
230190265001075,02
230190265001076,02
230190265001077,02
230190265001078,02
230190265002000,02
230190265002001,02
230190265002002,02
230190265002003,02
230190265002004,02
230190265002005,02
230190265002006,02
230190265002007,02
230190265002008,02
230190265002009,02
230190265002010,02
230190265002011,02
230190265002012,02
230190265002013,02
230190265002014,02
230190265002015,02
230190265002016,02
230190265002017,02
230190265002018,02
230190265002019,02
230190265002020,02
230190265002021,02
230190265002022,02
230190265002023,02
230190265002024,02
230190265002025,02
230190265002026,02
230190265002027,02
230190265002028,02
230190265002029,02
230190265002030,02
230190265002031,02
230190265002032,02
230190265002033,02
230190265002034,02
230190265002035,02
230190265002036,02
230190265002037,02
230190265002038,02
230190265002039,02
230190265002040,02
230190265002041,02
230190265002042,02
230190265002043,02
230190265002044,02
230190265002045,02
230190265002046,02
230190265002047,02
230190265002048,02
230190265002049,02
230190265002050,02
230190270001000,02
230190270001001,02
230190270001002,02
230190270001003,02
230190270001004,02
230190270001005,02
230190270001006,02
230190270001007,02
230190270001008,02
230190270001009,02
230190270001010,02
230190270001011,02
230190270001012,02
230190270001013,02
230190270001014,02
230190270001015,02
230190270001016,02
230190270001017,02
230190270001018,02
230190270001019,02
230190270001020,02
230190270001021,02
230190270001022,02
230190270001023,02
230190270001024,02
230190270001025,02
230190270001026,02
230190270001027,02
230190270001028,02
230190270001029,02
230190270001030,02
230190270001031,02
230190270001032,02
230190270001033,02
230190270001034,02
230190270001035,02
230190270001036,02
230190270001037,02
230190270001038,02
230190270001039,02
230190270001040,02
230190270001041,02
230190270001042,02
230190270001043,02
230190270001044,02
230190270002000,02
230190270002001,02
230190270002002,02
230190270002003,02
230190270002004,02
230190270002005,02
230190270002006,02
230190270002007,02
230190270002008,02
230190270002009,02
230190270002010,02
230190270002011,02
230190270002012,02
230190270002013,02
230190270002014,02
230190270002015,02
230190270003000,02
230190270003001,02
230190270003002,02
230190270003003,02
230190270003004,02
230190270003005,02
230190270003006,02
230190270003007,02
230190270003008,02
230190270003009,02
230190270003010,02
230190270003011,02
230190270003012,02
230190270003013,02
230190270003014,02
230190270003015,02
230190270003016,02
230190270003017,02
230190270003018,02
230190270003019,02
230190270003020,02
230190270003021,02
230190270003022,02
230190270003023,02
230190270003024,02
230190270003025,02
230190270003026,02
230190270003027,02
230190270003028,02
230190270003029,02
230190270003030,02
230190270003031,02
230190270003032,02
230190270003033,02
230190270003034,02
230190270003035,02
230190270003036,02
230190270003037,02
230190270003038,02
230190270003039,02
230190270003040,02
230190270003041,02
230190270003042,02
230190270003043,02
230190270003044,02
230190270003045,02
230190270003046,02
230190270003047,02
230190270003048,02
230190270003049,02
230190280001000,02
230190280001001,02
230190280001002,02
230190280001003,02
230190280001004,02
230190280001005,02
230190280001006,02
230190280001007,02
230190280001008,02
230190280001009,02
230190280001010,02
230190280001011,02
230190280001012,02
230190280001013,02
230190280001014,02
230190280001015,02
230190280001016,02
230190280001017,02
230190280001018,02
230190280001019,02
230190280001020,02
230190280001021,02
230190280001022,02
230190280001023,02
230190280001024,02
230190280001025,02
230190280001026,02
230190280001027,02
230190280001028,02
230190280001029,02
230190280001030,02
230190280001031,02
230190280001032,02
230190280001033,02
230190280001034,02
230190280001035,02
230190280001036,02
230190280001037,02
230190280001038,02
230190280001039,02
230190280001040,02
230190280001041,02
230190280001042,02
230190280001043,02
230190280001044,02
230190280001045,02
230190285001000,02
230190285001001,02
230190285001002,02
230190285001003,02
230190285001004,02
230190285001005,02
230190285001006,02
230190285001007,02
230190285001008,02
230190285001009,02
230190285001010,02
230190285001011,02
230190285001012,02
230190285001013,02
230190285001014,02
230190285001015,02
230190285001016,02
230190285001017,02
230190285001018,02
230190285001019,02
230190285001020,02
230190285001021,02
230190285001022,02
230190285001023,02
230190285001024,02
230190285001025,02
230190285001026,02
230190285001027,02
230190285001028,02
230190285001029,02
230190285001030,02
230190285001031,02
230190285001032,02
230190285001033,02
230190285001034,02
230190285001035,02
230190285001036,02
230190285001037,02
230190285001038,02
230190285001039,02
230190285001040,02
230190285001041,02
230190285001042,02
230190285001043,02
230190285001044,02
230190285001045,02
230190285001046,02
230190285001047,02
230190285001048,02
230190285001049,02
230190285001050,02
230190285001051,02
230190285001052,02
230190285001053,02
230190285001054,02
230190285001055,02
230190285001056,02
230190285001057,02
230190285001058,02
230190285001059,02
230190285001060,02
230190285001061,02
230190285001062,02
230190285001063,02
230190285001064,02
230190285001065,02
230190285001066,02
230190285001067,02
230190285001068,02
230190285001069,02
230190285001070,02
230190285001071,02
230190285001072,02
230190285001073,02
230190285001074,02
230190285001075,02
230190285001076,02
230190285001077,02
230190285001078,02
230190285001079,02
230190285001080,02
230190285001081,02
230190285001082,02
230190285001083,02
230190285001084,02
230190285001085,02
230190285001086,02
230190285001087,02
230190285001088,02
230190285001089,02
230190285001090,02
230190285001091,02
230190285001092,02
230190290001000,02
230190290001001,02
230190290001002,02
230190290001003,02
230190290001004,02
230190290001005,02
230190290001006,02
230190290001007,02
230190290001008,02
230190290001009,02
230190290001010,02
230190290001011,02
230190290001012,02
230190290001013,02
230190290001014,02
230190290001015,02
230190290001016,02
230190290001017,02
230190290001018,02
230190290001019,02
230190290001020,02
230190290001021,02
230190290001022,02
230190290001023,02
230190290001024,02
230190290001025,02
230190290001026,02
230190290001027,02
230190290001028,02
230190290001029,02
230190290001030,02
230190290001031,02
230190290001032,02
230190290001033,02
230190290001034,02
230190290001035,02
230190290001036,02
230190290001037,02
230190290001038,02
230190290001039,02
230190290001040,02
230190290001041,02
230190290001042,02
230190290001043,02
230190290001044,02
230190290001045,02
230190290001046,02
230190290001047,02
230190290001048,02
230190290001049,02
230190290001050,02
230190290001051,02
230190290001052,02
230190290001053,02
230190290001054,02
230190290001055,02
230190290001056,02
230190290001057,02
230190290001058,02
230190290001059,02
230190290001060,02
230190290001061,02
230190290001062,02
230190290001063,02
230190290001064,02
230190290001065,02
230190290001066,02
230190290001067,02
230190290001068,02
230190290001069,02
230190290001070,02
230190290001071,02
230190290001072,02
230190290001073,02
230190290001074,02
230190290001075,02
230190290001076,02
230190290001077,02
230190290001078,02
230190290001079,02
230190290001080,02
230190290001081,02
230190290001082,02
230190290001083,02
230190290001084,02
230190290001085,02
230190290001086,02
230190290001087,02
230190290001088,02
230190290001089,02
230190290001090,02
230190290001091,02
230190290001092,02
230190290001093,02
230190290001094,02
230190290001095,02
230190290001096,02
230190290001097,02
230190290001098,02
230190290001099,02
230190290001100,02
230190290001101,02
230190290001102,02
230190290001103,02
230190290001104,02
230190290001105,02
230190290001106,02
230190290001107,02
230190290001108,02
230190290001109,02
230190290001110,02
230190290001111,02
230190290001112,02
230190290001113,02
230190290001114,02
230190290001115,02
230190290001116,02
230190290001117,02
230190290001118,02
230190290001119,02
230190290001120,02
230190290001121,02
230190290001122,02
230190290001123,02
230190290001124,02
230190290001125,02
230190290001126,02
230190290001127,02
230190290001128,02
230190290001129,02
230190290001130,02
230190290001131,02
230190290001132,02
230190290001133,02
230190290001134,02
230190290001135,02
230190290001136,02
230190290001137,02
230190290001138,02
230190290001139,02
230190290001140,02
230190290001141,02
230190290001142,02
230190290001143,02
230190290001144,02
230190290001145,02
230190290001146,02
230190290001147,02
230190290001148,02
230190290001149,02
230190290001150,02
230190290001151,02
230190290001152,02
230190290001153,02
230190290001154,02
230190290001155,02
230190290001156,02
230190290001157,02
230190290001158,02
230190290001159,02
230190290001160,02
230190290001161,02
230190290001162,02
230190290001163,02
230190290001164,02
230190290001165,02
230190290001166,02
230190290001167,02
230190290001168,02
230190290001169,02
230190290001170,02
230190290001171,02
230190290001172,02
230190290001173,02
230190290001174,02
230190290001175,02
230190290001176,02
230190290001177,02
230190290001178,02
230190290001179,02
230190290001180,02
230190290001181,02
230190290001182,02
230190290001183,02
230190290001184,02
230190290001185,02
230190290001186,02
230190290001187,02
230190290001188,02
230190290001189,02
230190290001190,02
230190290001191,02
230190290001192,02
230190290001193,02
230190290001194,02
230190290001195,02
230190290001196,02
230190290001197,02
230190290001198,02
230190290001199,02
230190290001200,02
230190290001201,02
230190290001202,02
230190290001203,02
230190290001204,02
230190290001205,02
230190290001206,02
230190290001207,02
230190290001208,02
230190290001209,02
230190290001210,02
230190290001211,02
230190290001212,02
230190290001213,02
230190290001214,02
230190290001215,02
230190290001216,02
230190290001217,02
230190290001218,02
230190290001219,02
230190290001220,02
230190290001221,02
230190290001222,02
230190290001223,02
230190290001224,02
230190290001225,02
230190290001226,02
230190290001227,02
230190290001228,02
230190290001229,02
230190290001230,02
230190290001231,02
230190290001232,02
230190290001233,02
230190290001234,02
230190290001235,02
230190290001236,02
230190290001237,02
230190290001238,02
230190290001239,02
230190290001240,02
230190290001241,02
230190290001242,02
230190290001243,02
230190290001244,02
230190290001245,02
230190290001246,02
230190290001247,02
230190290001248,02
230190290001249,02
230190290001250,02
230190290001251,02
230190290001252,02
230190290001253,02
230190290001254,02
230190290001255,02
230190290001256,02
230190290001257,02
230190290001258,02
230190290001259,02
230190290001260,02
230190290001261,02
230190290001262,02
230190290001263,02
230190290001264,02
230190290001265,02
230190290001266,02
230190290001267,02
230190290001268,02
230190290001269,02
230190290001270,02
230190290001271,02
230190290001272,02
230190290001273,02
230190290001274,02
230190290001275,02
230190290001276,02
230190290001277,02
230190290001278,02
230190290001279,02
230190290001280,02
230190290001281,02
230190290001282,02
230190290001283,02
230190290001284,02
230190290001285,02
230190290001286,02
230190290001287,02
230190290001288,02
230190290001289,02
230190290001290,02
230190290001291,02
230190290001292,02
230190290001293,02
230190290001294,02
230190290001295,02
230190290001296,02
230190290001297,02
230190290001298,02
230190290001299,02
230190290001300,02
230190290001301,02
230190290001302,02
230190290001303,02
230190290001304,02
230190290001305,02
230190290001306,02
230190290001307,02
230190290001308,02
230190290001309,02
230190290001310,02
230190290001311,02
230190290001312,02
230190290001313,02
230190290001314,02
230190290001315,02
230190290001316,02
230190290001317,02
230190290001318,02
230190290001319,02
230190290001320,02
230190290001321,02
230190290001322,02
230190290001323,02
230190290001324,02
230190290001325,02
230190290001326,02
230190290001327,02
230190290001328,02
230190290001329,02
230190290001330,02
230190290001331,02
230190290001332,02
230190290001333,02
230190290001334,02
230190290001335,02
230190290001336,02
230190290001337,02
230190290001338,02
230190290001339,02
230190290001340,02
230190290001341,02
230190290001342,02
230190290001343,02
230190290001344,02
230190290001345,02
230190290001346,02
230190290001347,02
230190290001348,02
230190290001349,02
230190290001350,02
230190290001351,02
230190290001352,02
230190290001353,02
230190290001354,02
230190290001355,02
230190290001356,02
230190290001357,02
230190290001358,02
230190290001359,02
230190290001360,02
230190290001361,02
230190290001362,02
230190290001363,02
230190290001364,02
230190290001365,02
230190290001366,02
230190290001367,02
230190290001368,02
230190290001369,02
230190290001370,02
230190290001371,02
230190290001372,02
230190290001373,02
230190290001374,02
230190290001375,02
230190290001376,02
230190290001377,02
230190290001378,02
230190290001379,02
230190290001380,02
230190290001381,02
230190290001382,02
230190290001383,02
230190290001384,02
230190290001385,02
230190290001386,02
230190290001387,02
230190290001388,02
230190290001389,02
230190290001390,02
230190290001391,02
230190290001392,02
230190290001393,02
230190290001394,02
230190290001395,02
230190290001396,02
230190290001397,02
230190290001398,02
230190290001399,02
230190290001400,02
230190290001401,02
230190290001402,02
230190290001403,02
230190290001404,02
230190290001405,02
230190290001406,02
230190290001407,02
230190290001408,02
230190290001409,02
230190290001410,02
230190290001411,02
230190290001412,02
230190290001413,02
230190290001414,02
230190290001415,02
230190290001416,02
230190290001417,02
230190290001418,02
230190290001419,02
230190290001420,02
230190290001421,02
230190290001422,02
230190290001423,02
230190290001424,02
230190290001425,02
230190290001426,02
230190290001427,02
230190290001428,02
230190290001429,02
230190290001430,02
230190290001431,02
230190290001432,02
230190290001433,02
230190290001434,02
230190290001435,02
230190290001436,02
230190290001437,02
230190290001438,02
230190290001439,02
230190290001440,02
230190290001441,02
230190290001442,02
230190290001443,02
230190290001444,02
230190290001445,02
230190290001446,02
230190290001447,02
230190290001448,02
230190290001449,02
230190290001450,02
230190290001451,02
230190290001452,02
230190290001453,02
230190290001454,02
230190290001455,02
230190290001456,02
230190290001457,02
230190290001458,02
230190290001459,02
230190290001460,02
230190290001461,02
230190290001462,02
230190290001463,02
230190290001464,02
230190290001465,02
230190290001466,02
230190290001467,02
230190290001468,02
230190290001469,02
230190290001470,02
230190290001471,02
230190290001472,02
230190290001473,02
230190290001474,02
230190290001475,02
230190290001476,02
230190290001477,02
230190290001478,02
230190290001479,02
230190290001480,02
230190290001481,02
230190290001482,02
230190290001483,02
230190290001484,02
230190290001485,02
230190290001486,02
230190290001487,02
230190290001488,02
230190290001489,02
230190290001490,02
230190290001491,02
230190290001492,02
230190290001493,02
230190290001494,02
230190290001495,02
230190290001496,02
230190290001497,02
230190290001498,02
230190290001499,02
230190290001500,02
230190290001501,02
230190290001502,02
230190290001503,02
230190290001504,02
230190290001505,02
230190290001506,02
230190290001507,02
230190290001508,02
230190290001509,02
230190290001510,02
230190290001511,02
230190290001512,02
230190290001513,02
230190290001514,02
230190290001515,02
230190290001516,02
230190290001517,02
230190290001518,02
230190290001519,02
230190290001520,02
230190290001521,02
230190290001522,02
230190290001523,02
230190290001524,02
230190290001525,02
230190290001526,02
230190290001527,02
230190290001528,02
230190290001529,02
230190290001530,02
230190290001531,02
230190290001532,02
230190290001533,02
230190290001534,02
230190290001535,02
230190290001536,02
230190290001537,02
230190290001538,02
230190290001539,02
230190290001540,02
230190290001541,02
230190290001542,02
230190290001543,02
230190290001544,02
230190290001545,02
230190290001546,02
230190290001547,02
230190290001548,02
230190290001549,02
230190290001550,02
230190290001551,02
230190290001552,02
230190290001553,02
230190290001554,02
230190290001555,02
230190290001556,02
230190290001557,02
230190290001558,02
230190290001559,02
230190290001560,02
230190290001561,02
230190290001562,02
230190290001563,02
230190290001564,02
230190290001565,02
230190290001566,02
230190290001567,02
230190290001568,02
230190290001569,02
230190290001570,02
230190290001571,02
230190290001572,02
230190290001573,02
230190290001574,02
230190290001575,02
230190290001576,02
230190290001577,02
230190290001578,02
230190290001579,02
230190290001580,02
230190290001581,02
230190290001582,02
230190290001583,02
230190290001584,02
230190290001585,02
230190290001586,02
230190290001587,02
230190290001588,02
230190290001589,02
230190290001590,02
230190290001591,02
230190290001592,02
230190290001593,02
230190290001594,02
230190290001595,02
230190290001596,02
230190290001597,02
230190290001598,02
230190290001599,02
230190290001600,02
230190290001601,02
230190290001602,02
230190290001603,02
230190290001604,02
230190290001605,02
230190290001606,02
230190290001607,02
230190290001608,02
230190290001609,02
230190290001610,02
230190290001611,02
230190290001612,02
230190290001613,02
230190290001614,02
230190290001615,02
230190290001616,02
230190290001617,02
230190290001618,02
230190290001619,02
230190290001620,02
230190290001621,02
230190290001622,02
230190290001623,02
230190290001624,02
230190290001625,02
230190290001626,02
230190290001627,02
230190290001628,02
230190290001629,02
230190290001630,02
230190290001631,02
230190290001632,02
230190290001633,02
230190290001634,02
230190290001635,02
230190290001636,02
230190290001637,02
230190290001638,02
230190290001639,02
230190290001640,02
230190290001641,02
230190290001642,02
230190290001643,02
230190290001644,02
230190290001645,02
230190290001646,02
230190290001647,02
230190290001648,02
230190290001649,02
230190290001650,02
230190290001651,02
230190290001652,02
230190290001653,02
230190290001654,02
230190290001655,02
230190290001656,02
230190290001657,02
230190290001658,02
230190290001659,02
230190290001660,02
230190290001661,02
230190290001662,02
230190290001663,02
230190290001664,02
230190290001665,02
230190290001666,02
230190290001667,02
230190290001668,02
230190290001669,02
230190290001670,02
230190290001671,02
230190290002000,02
230190290002001,02
230190290002002,02
230190290002003,02
230190290002004,02
230190290002005,02
230190290002006,02
230190290002007,02
230190290002008,02
230190290002009,02
230190290002010,02
230190290002011,02
230190290002012,02
230190290002013,02
230190290002014,02
230190290002015,02
230190290002016,02
230190290002017,02
230190290002018,02
230190290002019,02
230190290002020,02
230190290002021,02
230190290002022,02
230190290002023,02
230190290002024,02
230190290002025,02
230190290002026,02
230190290002027,02
230190290002028,02
230190290002029,02
230190290002030,02
230190290002031,02
230190290002032,02
230190290002033,02
230190290002034,02
230190290002035,02
230190290002036,02
230190290002037,02
230190290002038,02
230190290002039,02
230190290002040,02
230190290002041,02
230190290002042,02
230190290002043,02
230190290002044,02
230190290002045,02
230190290002046,02
230190290002047,02
230190290002048,02
230190290002049,02
230190290002050,02
230190290002051,02
230190290002052,02
230190290002053,02
230190290002054,02
230190290002055,02
230190290002056,02
230190290002057,02
230190290002058,02
230190290002059,02
230190290002060,02
230190290002061,02
230190290002062,02
230190290002063,02
230190290002064,02
230190290002065,02
230190290002066,02
230190290002067,02
230190290002068,02
230190290002069,02
230190290002070,02
230190290002071,02
230190290002072,02
230190290002073,02
230190290002074,02
230190290002075,02
230190290002076,02
230190290002077,02
230190290002078,02
230190290002079,02
230190290002080,02
230190290002081,02
230190290002082,02
230190290002083,02
230190290002084,02
230190290002085,02
230190290002086,02
230190290002087,02
230190290002088,02
230190290002089,02
230190290002090,02
230190290002091,02
230190290002092,02
230190290002093,02
230190290002094,02
230190290002095,02
230190290002096,02
230190290002097,02
230190290002098,02
230190290002099,02
230190290002100,02
230190290002101,02
230190290002102,02
230190290002103,02
230190290002104,02
230190290002105,02
230190290002106,02
230190290002107,02
230190290002108,02
230190290002109,02
230190290002110,02
230190290002111,02
230190290002112,02
230190290002113,02
230190290002114,02
230190290002115,02
230190290002116,02
230190290002117,02
230190290002118,02
230190290002119,02
230190290002120,02
230190290002121,02
230190290002122,02
230190290002123,02
230190290002124,02
230190290002125,02
230190290002126,02
230190290002127,02
230190290002128,02
230190300001000,02
230190300001001,02
230190300001002,02
230190300001003,02
230190300001004,02
230190300001005,02
230190300001006,02
230190300001007,02
230190300001008,02
230190300001009,02
230190300001010,02
230190300001011,02
230190300001012,02
230190300001013,02
230190300001014,02
230190300001015,02
230190300001016,02
230190300001017,02
230190300001018,02
230190300001019,02
230190300001020,02
230190300001021,02
230190300001022,02
230190300001023,02
230190300001024,02
230190300001025,02
230190300001026,02
230190300001027,02
230190300001028,02
230190300001029,02
230190300001030,02
230190300001031,02
230190300001032,02
230190300001033,02
230190300001034,02
230190300001035,02
230190300001036,02
230190300001037,02
230190300001038,02
230190300002000,02
230190300002001,02
230190300002002,02
230190300002003,02
230190300002004,02
230190300002005,02
230190300002006,02
230190300002007,02
230190300002008,02
230190300002009,02
230190300002010,02
230190300002011,02
230190300002012,02
230190300002013,02
230190300002014,02
230190300002015,02
230190300002016,02
230190300002017,02
230190300002018,02
230190300002019,02
230190300002020,02
230190300002021,02
230190300002022,02
230190300002023,02
230190300002024,02
230190300002025,02
230190300002026,02
230190300003000,02
230190300003001,02
230190300003002,02
230190300003003,02
230190300003004,02
230190300003005,02
230190300003006,02
230190300003007,02
230190300003008,02
230190300003009,02
230190300003010,02
230190300003011,02
230190300003012,02
230190300003013,02
230190300003014,02
230190300003015,02
230190300003016,02
230190300003017,02
230190300003018,02
230190300003019,02
230190300003020,02
230190300003021,02
230190300003022,02
230190300003023,02
230190300003024,02
230190300003025,02
230190300003026,02
230190300003027,02
230190300003028,02
230190300003029,02
230190300003030,02
230190300003031,02
230190300003032,02
230190300003033,02
230190300003034,02
230190300003035,02
230190300003036,02
230190300003037,02
230190300003038,02
230190300003039,02
230190300003040,02
230190300003041,02
230190300003042,02
230190300003043,02
230190300003044,02
230190300003045,02
230190300003046,02
230190300003047,02
230190300004000,02
230190300004001,02
230190300004002,02
230190300004003,02
230190300004004,02
230190300004005,02
230190300004006,02
230190300004007,02
230190300004008,02
230190300004009,02
230190300004010,02
230190300004011,02
230190300004012,02
230190300004013,02
230190300004014,02
230190300004015,02
230190300004016,02
230190300004017,02
230190300004018,02
230190300004019,02
230190300004020,02
230190300004021,02
230190300004022,02
230190300004023,02
230190300004024,02
230190300004025,02
230190300004026,02
230190300004027,02
230190300004028,02
230190300004029,02
230190300004030,02
230190300004031,02
230190300004032,02
230190300004033,02
230190300004034,02
230190300004035,02
230190300004036,02
230190300004037,02
230190300004038,02
230190300004039,02
230190300004040,02
230190300004041,02
230190300004042,02
230190300004043,02
230190300004044,02
230190300004045,02
230190300004046,02
230190300004047,02
230190310001000,02
230190310001001,02
230190310001002,02
230190310001003,02
230190310001004,02
230190310001005,02
230190310001006,02
230190310001007,02
230190310001008,02
230190310001009,02
230190310001010,02
230190310001011,02
230190310001012,02
230190310001013,02
230190310001014,02
230190310001015,02
230190310001016,02
230190310001017,02
230190310001018,02
230190310001019,02
230190310001020,02
230190310001021,02
230190310001022,02
230190310001023,02
230190310001024,02
230190310001025,02
230190310001026,02
230190310001027,02
230190310001028,02
230190310001029,02
230190310001030,02
230190310001031,02
230190310001032,02
230190310001033,02
230190310001034,02
230190310001035,02
230190310001036,02
230190310001037,02
230190310001038,02
230190310001039,02
230190310001040,02
230190310001041,02
230190310001042,02
230190310001043,02
230190310001044,02
230190310001045,02
230190310001046,02
230190310001047,02
230190310001048,02
230190310001049,02
230190310001050,02
230190310001051,02
230190310001052,02
230190310001053,02
230190310001054,02
230190310001055,02
230190310001056,02
230190310001057,02
230190310001058,02
230190310001059,02
230190310001060,02
230190310001061,02
230190310001062,02
230190310001063,02
230190310001064,02
230190310001065,02
230190310001066,02
230190310001067,02
230190310001068,02
230190310001069,02
230190310001070,02
230190310001071,02
230190310001072,02
230190310001073,02
230190310001074,02
230190310001075,02
230190310001076,02
230190310001077,02
230190310001078,02
230190310001079,02
230190310001080,02
230190310001081,02
230190310001082,02
230190311001000,02
230190311001001,02
230190311001002,02
230190311001003,02
230190311001004,02
230190311001005,02
230190311001006,02
230190311001007,02
230190311001008,02
230190311001009,02
230190311001010,02
230190311001011,02
230190311001012,02
230190311001013,02
230190311001014,02
230190311001015,02
230190311001016,02
230190311001017,02
230190311001018,02
230190311001019,02
230190311002000,02
230190311002001,02
230190311002002,02
230190311002003,02
230190311002004,02
230190311002005,02
230190311002006,02
230190311002007,02
230190311002008,02
230190311002009,02
230190311002010,02
230190311003000,02
230190311003001,02
230190311003002,02
230190311003003,02
230190311003004,02
230190311003005,02
230190311003006,02
230190311003007,02
230190311003008,02
230190311003009,02
230190311003010,02
230190311003011,02
230190311003012,02
230190311003013,02
230190311003014,02
230190311003015,02
230190311003016,02
230190311003017,02
230190311003018,02
230190311003019,02
230190311003020,02
230190311003021,02
230190311003022,02
230190311003023,02
230190311004000,02
230190311004001,02
230190311004002,02
230190311004003,02
230190311004004,02
230190311004005,02
230190311004006,02
230190311004007,02
230190311004008,02
230190311004009,02
230190311004010,02
230190311004011,02
230190311004012,02
230190311004013,02
230190311004014,02
230190311004015,02
230190311004016,02
230190311004017,02
230190311004018,02
230190311004019,02
230190311004020,02
230190311004021,02
230190311004022,02
230190311004023,02
230190311004024,02
230190311004025,02
230190311004026,02
230190312001000,02
230190312001001,02
230190312001002,02
230190312001003,02
230190312001004,02
230190312001005,02
230190312001006,02
230190312001007,02
230190312001008,02
230190312001009,02
230190312001010,02
230190312001011,02
230190312001012,02
230190312001013,02
230190312001014,02
230190312001015,02
230190312001016,02
230190312001017,02
230190312001018,02
230190312001019,02
230190312001020,02
230190312001021,02
230190312001022,02
230190312001023,02
230190312001024,02
230190312001025,02
230190312001026,02
230190312001027,02
230190312001028,02
230190312001029,02
230190312001030,02
230190312001031,02
230190312001032,02
230190312001033,02
230190312001034,02
230190312001035,02
230190312001036,02
230190312001037,02
230190312001038,02
230190312001039,02
230190312001040,02
230190312001041,02
230190312001042,02
230190312001043,02
230190312001044,02
230190312001045,02
230190312001046,02
230190312001047,02
230190312001048,02
230190312001049,02
230190312001050,02
230190312001051,02
230190312001052,02
230190312001053,02
230190312001054,02
230190312001055,02
230190312001056,02
230190312001057,02
230190312002000,02
230190312002001,02
230190312002002,02
230190312002003,02
230190312002004,02
230190312002005,02
230190312002006,02
230190312002007,02
230190312002008,02
230190312002009,02
230190312002010,02
230190312002011,02
230190312002012,02
230190312002013,02
230190312002014,02
230190312002015,02
230190312002016,02
230190312002017,02
230190312002018,02
230190312002019,02
230190312002020,02
230190312002021,02
230190312002022,02
230190312002023,02
230190312002024,02
230190312002025,02
230190312002026,02
230190312002027,02
230190312002028,02
230190312002029,02
230190312002030,02
230190312002031,02
230190312002032,02
230190312002033,02
230190312002034,02
230190312002035,02
230190312003000,02
230190312003001,02
230190312003002,02
230190312003003,02
230190312003004,02
230190312003005,02
230190312003006,02
230190312003007,02
230190312003008,02
230190312003009,02
230190312003010,02
230190312003011,02
230190312003012,02
230190312003013,02
230190312003014,02
230190312003015,02
230190312003016,02
230190313001000,02
230190313001001,02
230190313001002,02
230190313001003,02
230190313001004,02
230190313001005,02
230190313001006,02
230190313001007,02
230190313001008,02
230190313001009,02
230190313001010,02
230190313001011,02
230190313001012,02
230190313001013,02
230190313001014,02
230190313001015,02
230190313001016,02
230190313001017,02
230190313001018,02
230190313001019,02
230190313001020,02
230190313001021,02
230190313001022,02
230190313001023,02
230190313001024,02
230190313001025,02
230190313001026,02
230190313001027,02
230190313001028,02
230190313001029,02
230190313001030,02
230190313001031,02
230190313001032,02
230190313002000,02
230190313002001,02
230190313002002,02
230190313002003,02
230190313002004,02
230190313002005,02
230190313002006,02
230190313002007,02
230190313002008,02
230190313002009,02
230190313002010,02
230190313002011,02
230190313002012,02
230190313002013,02
230190313002014,02
230190313002015,02
230190313002016,02
230190313002017,02
230190313002018,02
230190313002019,02
230190313002020,02
230190313002021,02
230190313002022,02
230190313003000,02
230190313003001,02
230190313003002,02
230190313003003,02
230190313003004,02
230190313003005,02
230190313003006,02
230190313003007,02
230190313003008,02
230190313003009,02
230190313003010,02
230190313003011,02
230190313003012,02
230190313003013,02
230190313003014,02
230190313003015,02
230190313003016,02
230190313003017,02
230190313003018,02
230190313003019,02
230190313003020,02
230199400001000,02
230199400001001,02
230199400001002,02
230199400001003,02
230199400001004,02
230199400001005,02
230199400001006,02
230199400001007,02
230199400001008,02
230199400001009,02
230199400001010,02
230199400001011,02
230199400001012,02
230199400001013,02
230199400001014,02
230199400001015,02
230199400001016,02
230199400001017,02
230199400001018,02
230199400001019,02
230199400001020,02
230199400001021,02
230199400001022,02
230199400001023,02
230199400001024,02
230199400001025,02
230199400001026,02
230199400001027,02
230199400001028,02
230199400001029,02
230199400001030,02
230199400001031,02
230199400001032,02
230199400001033,02
230199400001034,02
230199400001035,02
230199400001036,02
230199400001037,02
230199400001038,02
230199400001039,02
230199400001040,02
230199400001041,02
230199400001042,02
230199400001043,02
230219603011000,02
230219603011001,02
230219603011002,02
230219603011003,02
230219603011004,02
230219603011005,02
230219603011006,02
230219603011007,02
230219603011008,02
230219603011009,02
230219603011010,02
230219603011011,02
230219603011012,02
230219603011013,02
230219603011014,02
230219603011015,02
230219603011016,02
230219603011017,02
230219603011018,02
230219603011019,02
230219603011020,02
230219603011021,02
230219603011022,02
230219603011023,02
230219603011024,02
230219603011025,02
230219603011026,02
230219603011027,02
230219603011028,02
230219603011029,02
230219603011030,02
230219603011031,02
230219603011032,02
230219603011033,02
230219603011034,02
230219603011035,02
230219603011036,02
230219603011037,02
230219603011038,02
230219603011039,02
230219603011040,02
230219603011041,02
230219603011042,02
230219603011043,02
230219603011044,02
230219603011045,02
230219603011046,02
230219603011047,02
230219603011048,02
230219603011049,02
230219603011050,02
230219603011051,02
230219603011052,02
230219603011053,02
230219603011054,02
230219603011055,02
230219603011056,02
230219603011057,02
230219603011058,02
230219603011059,02
230219603011060,02
230219603011061,02
230219603012000,02
230219603012001,02
230219603012002,02
230219603012003,02
230219603012004,02
230219603012005,02
230219603012006,02
230219603012007,02
230219603012008,02
230219603012009,02
230219603012010,02
230219603012011,02
230219603012012,02
230219603012013,02
230219603012014,02
230219603012015,02
230219603012016,02
230219603012017,02
230219603012018,02
230219603012019,02
230219603012020,02
230219603012021,02
230219603012022,02
230219603012023,02
230219603012024,02
230219603012025,02
230219603012026,02
230219603012027,02
230219603012028,02
230219603012029,02
230219603012030,02
230219603012031,02
230219603012032,02
230219603012033,02
230219603012034,02
230219603012035,02
230219603012036,02
230219603012037,02
230219603012038,02
230219603012039,02
230219603012040,02
230219603012041,02
230219603012042,02
230219603013000,02
230219603013001,02
230219603013002,02
230219603013003,02
230219603013004,02
230219603013005,02
230219603013006,02
230219603013007,02
230219603013008,02
230219603013009,02
230219603013010,02
230219603013011,02
230219603013012,02
230219603013013,02
230219603013014,02
230219603013015,02
230219603013016,02
230219603013017,02
230219603013018,02
230219603013019,02
230219603013020,02
230219603013021,02
230219603013022,02
230219603013023,02
230219603013024,02
230219603013025,02
230219603013026,02
230219603013027,02
230219603013028,02
230219603013029,02
230219603013030,02
230219603013031,02
230219603013032,02
230219603013033,02
230219603013034,02
230219603013035,02
230219603013036,02
230219603013037,02
230219603013038,02
230219603013039,02
230219603013040,02
230219603013041,02
230219603013042,02
230219603013043,02
230219603013044,02
230219603013045,02
230219603013046,02
230219603021000,02
230219603021001,02
230219603021002,02
230219603021003,02
230219603021004,02
230219603021005,02
230219603021006,02
230219603021007,02
230219603021008,02
230219603021009,02
230219603021010,02
230219603021011,02
230219603021012,02
230219603021013,02
230219603021014,02
230219603021015,02
230219603021016,02
230219603021017,02
230219603021018,02
230219603021019,02
230219603021020,02
230219603021021,02
230219603021022,02
230219603021023,02
230219603021024,02
230219603021025,02
230219603021026,02
230219603021027,02
230219603021028,02
230219603021029,02
230219603021030,02
230219603021031,02
230219603021032,02
230219603021033,02
230219603021034,02
230219603021035,02
230219603021036,02
230219603021037,02
230219603021038,02
230219603021039,02
230219603021040,02
230219603021041,02
230219603021042,02
230219603021043,02
230219603021044,02
230219603021045,02
230219603021046,02
230219603021047,02
230219603021048,02
230219603021049,02
230219603021050,02
230219603021051,02
230219603021052,02
230219603021053,02
230219603021054,02
230219603021055,02
230219603021056,02
230219603021057,02
230219603021058,02
230219603021059,02
230219603021060,02
230219603021061,02
230219603021062,02
230219603021063,02
230219603021064,02
230219603021065,02
230219603021066,02
230219603021067,02
230219603021068,02
230219603021069,02
230219603021070,02
230219603021071,02
230219603021072,02
230219603021073,02
230219603021074,02
230219603021075,02
230219603021076,02
230219603021077,02
230219603021078,02
230219603021079,02
230219603021080,02
230219603021081,02
230219603021082,02
230219603021083,02
230219603021084,02
230219603021085,02
230219603021086,02
230219603021087,02
230219603021088,02
230219603021089,02
230219603021090,02
230219603021091,02
230219603021092,02
230219603021093,02
230219603021094,02
230219603021095,02
230219603021096,02
230219603021097,02
230219603021098,02
230219603021099,02
230219603021100,02
230219603021101,02
230219603021102,02
230219603021103,02
230219603021104,02
230219603021105,02
230219603021106,02
230219603021107,02
230219603021108,02
230219603021109,02
230219603021110,02
230219603021111,02
230219603021112,02
230219603021113,02
230219603021114,02
230219603021115,02
230219603021116,02
230219603021117,02
230219603021118,02
230219603021119,02
230219603021120,02
230219603021121,02
230219603021122,02
230219603021123,02
230219603021124,02
230219603021125,02
230219603021126,02
230219603021127,02
230219603021128,02
230219603021129,02
230219603021130,02
230219603021131,02
230219603021132,02
230219603021133,02
230219603021134,02
230219603021135,02
230219603021136,02
230219603021137,02
230219603021138,02
230219603021139,02
230219603021140,02
230219603021141,02
230219603021142,02
230219603021143,02
230219603021144,02
230219603021145,02
230219603021146,02
230219603021147,02
230219603021148,02
230219603021149,02
230219603021150,02
230219603021151,02
230219603021152,02
230219603021153,02
230219603021154,02
230219603021155,02
230219603021156,02
230219603021157,02
230219603021158,02
230219603021159,02
230219603021160,02
230219603021161,02
230219603021162,02
230219603021163,02
230219603021164,02
230219603021165,02
230219603021166,02
230219603021167,02
230219603021168,02
230219603021169,02
230219603021170,02
230219603021171,02
230219603021172,02
230219603021173,02
230219603021174,02
230219603021175,02
230219603021176,02
230219603021177,02
230219603021178,02
230219603021179,02
230219603021180,02
230219603021181,02
230219603021182,02
230219603021183,02
230219603021184,02
230219603021185,02
230219603021186,02
230219603021187,02
230219603021188,02
230219603021189,02
230219603021190,02
230219603021191,02
230219603021192,02
230219603021193,02
230219603021194,02
230219603021195,02
230219603021196,02
230219603021197,02
230219603021198,02
230219603021199,02
230219603021200,02
230219603021201,02
230219603021202,02
230219603021203,02
230219603021204,02
230219603021205,02
230219603021206,02
230219603021207,02
230219603021208,02
230219603021209,02
230219603021210,02
230219603021211,02
230219603021212,02
230219603021213,02
230219603021214,02
230219603021215,02
230219603021216,02
230219603021217,02
230219603021218,02
230219603021219,02
230219603021220,02
230219603021221,02
230219603021222,02
230219603021223,02
230219603021224,02
230219603021225,02
230219603021226,02
230219603021227,02
230219603021228,02
230219603021229,02
230219603021230,02
230219603021231,02
230219603021232,02
230219603021233,02
230219603021234,02
230219603021235,02
230219603021236,02
230219603021237,02
230219603021238,02
230219603021239,02
230219603021240,02
230219603021241,02
230219603021242,02
230219603021243,02
230219603021244,02
230219603021245,02
230219603021246,02
230219603021247,02
230219603021248,02
230219603021249,02
230219603021250,02
230219603021251,02
230219603021252,02
230219603021253,02
230219603021254,02
230219603021255,02
230219603021256,02
230219603021257,02
230219603021258,02
230219603021259,02
230219603021260,02
230219603021261,02
230219603021262,02
230219603021263,02
230219603021264,02
230219603021265,02
230219603021266,02
230219603021267,02
230219603021268,02
230219603021269,02
230219603021270,02
230219603021271,02
230219603021272,02
230219603021273,02
230219603021274,02
230219603021275,02
230219603021276,02
230219603021277,02
230219603021278,02
230219603021279,02
230219603021280,02
230219603021281,02
230219603021282,02
230219603021283,02
230219603021284,02
230219603021285,02
230219603021286,02
230219603021287,02
230219603021288,02
230219603021289,02
230219603021290,02
230219603021291,02
230219603021292,02
230219603021293,02
230219603021294,02
230219603021295,02
230219603021296,02
230219603021297,02
230219603021298,02
230219603021299,02
230219603021300,02
230219603021301,02
230219603021302,02
230219603021303,02
230219603021304,02
230219603021305,02
230219603021306,02
230219603021307,02
230219603021308,02
230219603021309,02
230219603021310,02
230219603021311,02
230219603021312,02
230219603021313,02
230219603021314,02
230219603021315,02
230219603021316,02
230219603021317,02
230219603021318,02
230219603021319,02
230219603021320,02
230219603021321,02
230219603021322,02
230219603021323,02
230219603021324,02
230219603021325,02
230219603021326,02
230219603021327,02
230219603021328,02
230219603021329,02
230219603021330,02
230219603021331,02
230219603021332,02
230219603021333,02
230219603021334,02
230219603021335,02
230219603021336,02
230219603021337,02
230219603021338,02
230219603021339,02
230219603021340,02
230219603021341,02
230219603021342,02
230219603021343,02
230219603021344,02
230219603021345,02
230219603021346,02
230219603021347,02
230219603021348,02
230219603021349,02
230219603021350,02
230219603021351,02
230219603021352,02
230219603021353,02
230219603021354,02
230219603021355,02
230219603021356,02
230219603021357,02
230219603021358,02
230219603021359,02
230219603021360,02
230219603021361,02
230219603021362,02
230219603021363,02
230219603021364,02
230219603021365,02
230219603021366,02
230219603021367,02
230219603021368,02
230219603021369,02
230219603021370,02
230219603021371,02
230219603021372,02
230219603021373,02
230219603021374,02
230219603021375,02
230219603021376,02
230219603021377,02
230219603021378,02
230219603021379,02
230219603021380,02
230219603021381,02
230219603021382,02
230219603021383,02
230219603021384,02
230219603021385,02
230219603021386,02
230219603021387,02
230219603021388,02
230219603021389,02
230219603021390,02
230219603021391,02
230219603021392,02
230219603021393,02
230219603021394,02
230219603021395,02
230219603021396,02
230219603021397,02
230219603021398,02
230219603021399,02
230219603021400,02
230219603021401,02
230219603021402,02
230219603021403,02
230219603021404,02
230219603021405,02
230219603021406,02
230219603021407,02
230219603021408,02
230219603021409,02
230219603021410,02
230219603021411,02
230219603021412,02
230219603021413,02
230219603021414,02
230219603021415,02
230219603021416,02
230219603021417,02
230219603021418,02
230219603021419,02
230219603021420,02
230219603021421,02
230219603021422,02
230219603021423,02
230219603021424,02
230219603021425,02
230219603021426,02
230219603021427,02
230219603021428,02
230219603021429,02
230219603021430,02
230219603021431,02
230219603021432,02
230219603021433,02
230219603021434,02
230219603021435,02
230219603021436,02
230219603021437,02
230219603021438,02
230219603021439,02
230219603021440,02
230219603021441,02
230219603021442,02
230219603021443,02
230219603021444,02
230219603021445,02
230219603021446,02
230219603021447,02
230219603021448,02
230219603021449,02
230219603021450,02
230219603021451,02
230219603021452,02
230219603021453,02
230219603021454,02
230219603021455,02
230219603021456,02
230219603021457,02
230219603021458,02
230219603021459,02
230219603021460,02
230219603021461,02
230219603021462,02
230219603021463,02
230219603021464,02
230219603021465,02
230219603021466,02
230219603021467,02
230219603021468,02
230219603021469,02
230219603021470,02
230219603021471,02
230219603021472,02
230219603021473,02
230219603021474,02
230219603021475,02
230219603021476,02
230219603021477,02
230219603021478,02
230219603021479,02
230219603021480,02
230219603021481,02
230219603021482,02
230219603021483,02
230219603021484,02
230219603021485,02
230219603021486,02
230219603021487,02
230219603021488,02
230219603021489,02
230219603021490,02
230219603021491,02
230219603021492,02
230219603021493,02
230219603021494,02
230219603021495,02
230219603021496,02
230219603021497,02
230219603021498,02
230219603021499,02
230219603021500,02
230219603021501,02
230219603021502,02
230219603021503,02
230219603021504,02
230219603021505,02
230219603021506,02
230219603021507,02
230219603021508,02
230219603021509,02
230219603021510,02
230219603021511,02
230219603021512,02
230219603021513,02
230219603021514,02
230219603021515,02
230219603021516,02
230219603021517,02
230219603021518,02
230219603021519,02
230219603021520,02
230219603021521,02
230219603021522,02
230219603021523,02
230219603021524,02
230219603021525,02
230219603021526,02
230219603021527,02
230219603021528,02
230219603021529,02
230219603021530,02
230219603021531,02
230219603021532,02
230219603021533,02
230219603021534,02
230219603021535,02
230219603021536,02
230219603021537,02
230219603021538,02
230219603021539,02
230219603021540,02
230219603021541,02
230219603021542,02
230219603021543,02
230219603021544,02
230219603021545,02
230219603021546,02
230219603021547,02
230219603021548,02
230219603021549,02
230219603021550,02
230219603021551,02
230219603021552,02
230219603021553,02
230219603021554,02
230219603021555,02
230219603021556,02
230219603021557,02
230219603021558,02
230219603021559,02
230219603021560,02
230219603021561,02
230219603021562,02
230219603021563,02
230219603021564,02
230219603021565,02
230219603021566,02
230219603021567,02
230219603021568,02
230219603021569,02
230219603021570,02
230219603021571,02
230219603021572,02
230219603021573,02
230219603021574,02
230219603021575,02
230219603021576,02
230219603021577,02
230219603021578,02
230219603021579,02
230219603021580,02
230219603021581,02
230219603021582,02
230219603021583,02
230219603021584,02
230219603021585,02
230219603021586,02
230219603021587,02
230219603021588,02
230219603021589,02
230219603021590,02
230219603021591,02
230219603021592,02
230219603021593,02
230219603021594,02
230219603021595,02
230219603021596,02
230219603021597,02
230219603021598,02
230219603021599,02
230219603021600,02
230219603021601,02
230219603021602,02
230219603021603,02
230219603021604,02
230219603021605,02
230219603021606,02
230219603021607,02
230219603021608,02
230219603021609,02
230219603021610,02
230219603021611,02
230219603021612,02
230219603021613,02
230219603021614,02
230219603021615,02
230219603021616,02
230219603021617,02
230219603021618,02
230219603021619,02
230219603021620,02
230219603021621,02
230219603021622,02
230219603021623,02
230219603021624,02
230219603021625,02
230219603021626,02
230219603021627,02
230219603021628,02
230219603021629,02
230219603021630,02
230219603021631,02
230219603021632,02
230219603021633,02
230219603021634,02
230219603021635,02
230219603021636,02
230219603021637,02
230219603021638,02
230219603021639,02
230219603021640,02
230219603021641,02
230219603021642,02
230219603021643,02
230219603021644,02
230219603021645,02
230219603021646,02
230219603021647,02
230219603021648,02
230219603021649,02
230219603021650,02
230219603021651,02
230219603021652,02
230219603021653,02
230219603021654,02
230219603021655,02
230219603021656,02
230219603021657,02
230219603021658,02
230219603021659,02
230219603021660,02
230219603021661,02
230219603021662,02
230219603021663,02
230219603021664,02
230219603021665,02
230219603021666,02
230219603021667,02
230219603021668,02
230219603021669,02
230219603021670,02
230219603021671,02
230219603021672,02
230219603021673,02
230219603021674,02
230219603021675,02
230219603021676,02
230219603021677,02
230219603021678,02
230219603021679,02
230219603021680,02
230219603021681,02
230219603021682,02
230219603021683,02
230219603021684,02
230219603021685,02
230219603021686,02
230219603021687,02
230219603021688,02
230219603021689,02
230219603021690,02
230219603021691,02
230219603021692,02
230219603021693,02
230219603021694,02
230219603021695,02
230219603021696,02
230219603021697,02
230219603021698,02
230219603021699,02
230219603021700,02
230219603021701,02
230219603021702,02
230219603021703,02
230219603021704,02
230219603021705,02
230219603021706,02
230219603021707,02
230219603021708,02
230219603021709,02
230219603021710,02
230219603021711,02
230219603021712,02
230219603021713,02
230219603021714,02
230219603021715,02
230219603021716,02
230219603021717,02
230219603021718,02
230219603021719,02
230219603021720,02
230219603021721,02
230219603021722,02
230219603021723,02
230219603021724,02
230219603021725,02
230219603021726,02
230219603021727,02
230219603021728,02
230219603021729,02
230219603021730,02
230219603021731,02
230219603021732,02
230219603021733,02
230219603021734,02
230219603021735,02
230219603021736,02
230219603021737,02
230219603021738,02
230219603021739,02
230219603021740,02
230219603021741,02
230219603021742,02
230219603021743,02
230219603021744,02
230219603021745,02
230219603021746,02
230219603021747,02
230219603021748,02
230219603021749,02
230219603021750,02
230219603021751,02
230219603021752,02
230219603021753,02
230219603021754,02
230219603021755,02
230219603021756,02
230219603021757,02
230219603021758,02
230219603021759,02
230219603021760,02
230219603021761,02
230219603021762,02
230219603021763,02
230219603021764,02
230219603021765,02
230219603021766,02
230219603021767,02
230219603021768,02
230219603021769,02
230219603021770,02
230219603021771,02
230219603021772,02
230219603021773,02
230219603021774,02
230219603021775,02
230219603021776,02
230219603021777,02
230219603021778,02
230219603021779,02
230219603021780,02
230219603021781,02
230219603021782,02
230219603021783,02
230219603021784,02
230219603021785,02
230219603021786,02
230219603021787,02
230219603021788,02
230219603021789,02
230219603021790,02
230219603021791,02
230219603021792,02
230219603021793,02
230219603021794,02
230219603021795,02
230219603021796,02
230219603021797,02
230219603021798,02
230219603021799,02
230219603021800,02
230219603021801,02
230219603021802,02
230219603021803,02
230219603021804,02
230219603021805,02
230219603021806,02
230219603021807,02
230219603021808,02
230219603021809,02
230219603021810,02
230219603021811,02
230219603021812,02
230219603021813,02
230219603021814,02
230219603021815,02
230219603021816,02
230219603021817,02
230219603021818,02
230219603021819,02
230219603021820,02
230219603021821,02
230219603021822,02
230219603021823,02
230219603021824,02
230219603021825,02
230219603021826,02
230219603021827,02
230219603021828,02
230219603021829,02
230219603021830,02
230219603021831,02
230219603021832,02
230219603021833,02
230219603021834,02
230219603021835,02
230219603021836,02
230219603021837,02
230219603021838,02
230219603021839,02
230219603021840,02
230219603021841,02
230219603021842,02
230219603021843,02
230219603021844,02
230219603021845,02
230219603021846,02
230219603021847,02
230219603021848,02
230219603021849,02
230219603021850,02
230219603021851,02
230219603021852,02
230219603021853,02
230219603021854,02
230219603021855,02
230219603021856,02
230219603021857,02
230219603021858,02
230219603021859,02
230219603021860,02
230219603021861,02
230219603021862,02
230219603021863,02
230219603021864,02
230219603021865,02
230219603021866,02
230219603021867,02
230219603021868,02
230219603021869,02
230219603021870,02
230219603021871,02
230219603021872,02
230219603021873,02
230219603021874,02
230219603021875,02
230219603021876,02
230219603021877,02
230219603021878,02
230219603021879,02
230219603021880,02
230219603021881,02
230219603021882,02
230219603021883,02
230219603021884,02
230219603021885,02
230219603021886,02
230219603021887,02
230219603021888,02
230219603021889,02
230219603021890,02
230219603021891,02
230219603021892,02
230219603021893,02
230219603021894,02
230219603021895,02
230219603021896,02
230219603021897,02
230219603021898,02
230219603021899,02
230219603021900,02
230219603021901,02
230219603021902,02
230219603021903,02
230219603021904,02
230219603021905,02
230219603021906,02
230219603021907,02
230219603021908,02
230219603021909,02
230219603021910,02
230219603021911,02
230219603021912,02
230219603021913,02
230219603021914,02
230219603021915,02
230219603021916,02
230219603021917,02
230219603021918,02
230219603021919,02
230219603021920,02
230219603021921,02
230219603021922,02
230219603021923,02
230219603021924,02
230219603021925,02
230219603021926,02
230219603021927,02
230219603021928,02
230219603021929,02
230219603021930,02
230219603021931,02
230219603021932,02
230219603021933,02
230219603021934,02
230219603021935,02
230219603021936,02
230219603021937,02
230219603021938,02
230219603021939,02
230219603021940,02
230219603021941,02
230219603021942,02
230219603021943,02
230219603021944,02
230219603021945,02
230219603021946,02
230219603021947,02
230219603021948,02
230219603021949,02
230219603021950,02
230219603021951,02
230219603021952,02
230219603021953,02
230219603021954,02
230219603021955,02
230219603021956,02
230219603021957,02
230219603021958,02
230219603021959,02
230219603021960,02
230219603021961,02
230219603021962,02
230219603021963,02
230219603021964,02
230219603021965,02
230219603021966,02
230219603021967,02
230219603021968,02
230219603021969,02
230219603021970,02
230219603021971,02
230219603021972,02
230219603021973,02
230219603021974,02
230219603021975,02
230219603021976,02
230219603021977,02
230219603021978,02
230219603021979,02
230219603021980,02
230219603021981,02
230219603021982,02
230219603021983,02
230219603021984,02
230219603021985,02
230219603021986,02
230219603021987,02
230219603021988,02
230219603021989,02
230219603021990,02
230219603021991,02
230219603021992,02
230219603021993,02
230219603021994,02
230219603021995,02
230219603021996,02
230219603021997,02
230219603021998,02
230219603021999,02
230219604001000,02
230219604001001,02
230219604001002,02
230219604001003,02
230219604001004,02
230219604001005,02
230219604001006,02
230219604001007,02
230219604001008,02
230219604001009,02
230219604001010,02
230219604001011,02
230219604001012,02
230219604001013,02
230219604001014,02
230219604001015,02
230219604001016,02
230219604001017,02
230219604001018,02
230219604001019,02
230219604001020,02
230219604001021,02
230219604001022,02
230219604001023,02
230219604001024,02
230219604001025,02
230219604001026,02
230219604001027,02
230219604001028,02
230219604001029,02
230219604001030,02
230219604001031,02
230219604001032,02
230219604001033,02
230219604001034,02
230219604001035,02
230219604001036,02
230219604001037,02
230219604001038,02
230219604001039,02
230219604001040,02
230219604001041,02
230219604001042,02
230219604001043,02
230219604001044,02
230219604001045,02
230219604001046,02
230219604001047,02
230219604001048,02
230219604001049,02
230219604001050,02
230219604001051,02
230219604001052,02
230219604001053,02
230219604001054,02
230219604001055,02
230219604001056,02
230219604001057,02
230219604001058,02
230219604001059,02
230219604001060,02
230219604001061,02
230219604001062,02
230219604001063,02
230219604001064,02
230219604001065,02
230219604001066,02
230219604001067,02
230219604001068,02
230219604001069,02
230219604001070,02
230219604001071,02
230219604001072,02
230219604001073,02
230219604001074,02
230219604001075,02
230219604001076,02
230219604001077,02
230219604001078,02
230219604001079,02
230219604001080,02
230219604001081,02
230219604001082,02
230219604001083,02
230219604001084,02
230219604001085,02
230219604001086,02
230219604001087,02
230219604001088,02
230219604001089,02
230219604001090,02
230219604001091,02
230219604001092,02
230219604001093,02
230219604001094,02
230219604001095,02
230219604001096,02
230219604001097,02
230219604001098,02
230219604001099,02
230219604001100,02
230219604001101,02
230219604001102,02
230219604001103,02
230219604001104,02
230219604001105,02
230219604001106,02
230219604001107,02
230219604001108,02
230219604001109,02
230219604001110,02
230219604001111,02
230219604001112,02
230219604001113,02
230219604001114,02
230219604001115,02
230219604001116,02
230219604001117,02
230219604001118,02
230219604001119,02
230219604001120,02
230219604001121,02
230219604001122,02
230219604001123,02
230219604001124,02
230219604001125,02
230219604001126,02
230219604001127,02
230219604001128,02
230219604001129,02
230219604001130,02
230219604001131,02
230219604001132,02
230219604001133,02
230219604001134,02
230219604001135,02
230219604001136,02
230219604001137,02
230219604001138,02
230219604001139,02
230219604001140,02
230219604001141,02
230219604001142,02
230219604001143,02
230219604001144,02
230219604001145,02
230219604001146,02
230219604001147,02
230219604001148,02
230219604001149,02
230219604001150,02
230219604001151,02
230219604001152,02
230219604001153,02
230219604001154,02
230219604001155,02
230219604001156,02
230219604001157,02
230219604001158,02
230219604001159,02
230219604001160,02
230219604001161,02
230219604001162,02
230219604001163,02
230219604001164,02
230219604001165,02
230219604001166,02
230219604001167,02
230219604001168,02
230219604001169,02
230219604001170,02
230219604001171,02
230219604001172,02
230219604001173,02
230219604001174,02
230219604001175,02
230219604001176,02
230219604001177,02
230219604001178,02
230219604001179,02
230219604001180,02
230219604001181,02
230219604001182,02
230219604001183,02
230219604001184,02
230219604001185,02
230219604001186,02
230219604001187,02
230219604001188,02
230219604001189,02
230219604001190,02
230219604001191,02
230219604001192,02
230219604001193,02
230219604001194,02
230219604001195,02
230219604001196,02
230219604001197,02
230219604001198,02
230219604001199,02
230219604001200,02
230219604001201,02
230219604001202,02
230219604001203,02
230219604001204,02
230219604001205,02
230219604001206,02
230219604001207,02
230219604001208,02
230219604001209,02
230219604001210,02
230219604001211,02
230219604001212,02
230219604001213,02
230219604001214,02
230219604001215,02
230219604001216,02
230219604001217,02
230219604001218,02
230219604001219,02
230219604001220,02
230219604001221,02
230219604001222,02
230219604001223,02
230219604001224,02
230219604001225,02
230219604001226,02
230219604001227,02
230219604001228,02
230219604001229,02
230219604001230,02
230219604001231,02
230219604001232,02
230219604001233,02
230219604001234,02
230219604001235,02
230219604001236,02
230219604001237,02
230219604001238,02
230219604001239,02
230219604001240,02
230219604001241,02
230219604002000,02
230219604002001,02
230219604002002,02
230219604002003,02
230219604002004,02
230219604002005,02
230219604002006,02
230219604002007,02
230219604002008,02
230219604002009,02
230219604002010,02
230219604002011,02
230219604002012,02
230219604002013,02
230219604002014,02
230219604002015,02
230219604002016,02
230219604002017,02
230219604002018,02
230219604002019,02
230219604002020,02
230219604002021,02
230219604002022,02
230219604002023,02
230219604002024,02
230219604002025,02
230219604002026,02
230219604002027,02
230219604002028,02
230219604002029,02
230219604002030,02
230219604002031,02
230219604002032,02
230219604002033,02
230219604002034,02
230219604002035,02
230219604002036,02
230219604002037,02
230219604002038,02
230219604002039,02
230219604002040,02
230219604002041,02
230219604002042,02
230219604002043,02
230219604002044,02
230219604002045,02
230219604002046,02
230219604002047,02
230219604002048,02
230219604002049,02
230219604002050,02
230219604002051,02
230219604002052,02
230219604002053,02
230219604002054,02
230219604002055,02
230219604002056,02
230219604002057,02
230219604002058,02
230219604002059,02
230219604002060,02
230219604002061,02
230219604002062,02
230219604002063,02
230219604002064,02
230219604002065,02
230219604002066,02
230219604002067,02
230219604002068,02
230219604002069,02
230219604002070,02
230219604002071,02
230219605001000,02
230219605001001,02
230219605001002,02
230219605001003,02
230219605001004,02
230219605001005,02
230219605001006,02
230219605001007,02
230219605001008,02
230219605001009,02
230219605001010,02
230219605001011,02
230219605001012,02
230219605001013,02
230219605001014,02
230219605001015,02
230219605001016,02
230219605001017,02
230219605001018,02
230219605001019,02
230219605001020,02
230219605001021,02
230219605001022,02
230219605001023,02
230219605001024,02
230219605001025,02
230219605001026,02
230219605001027,02
230219605001028,02
230219605001029,02
230219605001030,02
230219605001031,02
230219605001032,02
230219605001033,02
230219605001034,02
230219605001035,02
230219605001036,02
230219605001037,02
230219605001038,02
230219605001039,02
230219605001040,02
230219605001041,02
230219605001042,02
230219605001043,02
230219605001044,02
230219605001045,02
230219605001046,02
230219605001047,02
230219605001048,02
230219605001049,02
230219605001050,02
230219605001051,02
230219605001052,02
230219605001053,02
230219605001054,02
230219605001055,02
230219605001056,02
230219605001057,02
230219605001058,02
230219605001059,02
230219605001060,02
230219605001061,02
230219605001062,02
230219605001063,02
230219605001064,02
230219605001065,02
230219605001066,02
230219605001067,02
230219605001068,02
230219605001069,02
230219605001070,02
230219605001071,02
230219605001072,02
230219605001073,02
230219605001074,02
230219605001075,02
230219605001076,02
230219605001077,02
230219605001078,02
230219605001079,02
230219605001080,02
230219605002000,02
230219605002001,02
230219605002002,02
230219605002003,02
230219605002004,02
230219605002005,02
230219605002006,02
230219605002007,02
230219605002008,02
230219605002009,02
230219605002010,02
230219605002011,02
230219605002012,02
230219605002013,02
230219605002014,02
230219605002015,02
230219605002016,02
230219605002017,02
230219605002018,02
230219605002019,02
230219605002020,02
230219605002021,02
230219605002022,02
230219605002023,02
230219605002024,02
230219605002025,02
230219605002026,02
230219605002027,02
230219605002028,02
230219605002029,02
230219605002030,02
230219605002031,02
230219605002032,02
230219605002033,02
230219605002034,02
230219605002035,02
230219605002036,02
230219605002037,02
230219605002038,02
230219605002039,02
230219605002040,02
230219605002041,02
230219605002042,02
230219605002043,02
230219605002044,02
230219605002045,02
230219605002046,02
230219605002047,02
230219605002048,02
230219605002049,02
230219605002050,02
230219605002051,02
230219605002052,02
230219605002053,02
230219605002054,02
230219605002055,02
230219605002056,02
230219605002057,02
230219605002058,02
230219605002059,02
230219605002060,02
230219605002061,02
230219605002062,02
230219605002063,02
230219605002064,02
230219605002065,02
230219605002066,02
230219605002067,02
230219605002068,02
230219605002069,02
230219605002070,02
230219605002071,02
230219605002072,02
230219605002073,02
230219605002074,02
230219605002075,02
230219605002076,02
230219605002077,02
230219605002078,02
230219605002079,02
230219605002080,02
230219605002081,02
230219605002082,02
230219605002083,02
230219605002084,02
230219605002085,02
230219605002086,02
230219605002087,02
230219605002088,02
230219605002089,02
230219605002090,02
230219605002091,02
230219605002092,02
230219605002093,02
230219605002094,02
230219605002095,02
230219605002096,02
230219605002097,02
230219605002098,02
230219605002099,02
230219605002100,02
230219605002101,02
230219605002102,02
230219605002103,02
230219605002104,02
230219605002105,02
230219605002106,02
230219605002107,02
230219605002108,02
230219605002109,02
230219605002110,02
230219605002111,02
230219605002112,02
230219605002113,02
230219605002114,02
230219605002115,02
230219605002116,02
230219605002117,02
230219605002118,02
230219605002119,02
230219605002120,02
230219605002121,02
230219605002122,02
230219605002123,02
230219605002124,02
230219605002125,02
230219605002126,02
230219605002127,02
230219605002128,02
230219605002129,02
230219605002130,02
230219605002131,02
230219605002132,02
230219605002133,02
230219605002134,02
230219605002135,02
230219605002136,02
230219605002137,02
230219605002138,02
230219605002139,02
230219605002140,02
230219605002141,02
230219605002142,02
230219605002143,02
230219605002144,02
230219605002145,02
230219605002146,02
230219605002147,02
230219605002148,02
230219605002149,02
230219605002150,02
230219605002151,02
230219605002152,02
230219605002153,02
230219605002154,02
230219605002155,02
230219605002156,02
230219605002157,02
230219605002158,02
230219605002159,02
230219605002160,02
230219605002161,02
230219605002162,02
230219605002163,02
230219605002164,02
230219605002165,02
230219605002166,02
230219605002167,02
230219605002168,02
230219605002169,02
230219605002170,02
230219605002171,02
230219605002172,02
230219605002173,02
230219605002174,02
230219605002175,02
230219605002176,02
230219605002177,02
230219605002178,02
230219605002179,02
230219605002180,02
230219605002181,02
230219605002182,02
230219605002183,02
230219605002184,02
230219605002185,02
230219605002186,02
230219605002187,02
230219605002188,02
230219605002189,02
230219605002190,02
230219605002191,02
230219605002192,02
230219605002193,02
230219605002194,02
230219605002195,02
230219605002196,02
230219605002197,02
230219605002198,02
230219606001000,02
230219606001001,02
230219606001002,02
230219606001003,02
230219606001004,02
230219606001005,02
230219606001006,02
230219606001007,02
230219606001008,02
230219606001009,02
230219606001010,02
230219606001011,02
230219606001012,02
230219606001013,02
230219606001014,02
230219606001015,02
230219606001016,02
230219606001017,02
230219606001018,02
230219606001019,02
230219606001020,02
230219606001021,02
230219606001022,02
230219606001023,02
230219606001024,02
230219606001025,02
230219606001026,02
230219606001027,02
230219606001028,02
230219606001029,02
230219606001030,02
230219606001031,02
230219606001032,02
230219606001033,02
230219606002000,02
230219606002001,02
230219606002002,02
230219606002003,02
230219606002004,02
230219606002005,02
230219606002006,02
230219606002007,02
230219606002008,02
230219606002009,02
230219606002010,02
230219606002011,02
230219606002012,02
230219606002013,02
230219606002014,02
230219606002015,02
230219606002016,02
230219606002017,02
230219606002018,02
230219606002019,02
230219606002020,02
230219606002021,02
230219606002022,02
230219606002023,02
230219606002024,02
230219606002025,02
230219606002026,02
230219606002027,02
230219606002028,02
230219606002029,02
230219606002030,02
230219606002031,02
230219606002032,02
230219606002033,02
230219606002034,02
230219606002035,02
230219606002036,02
230219606002037,02
230219606002038,02
230219606002039,02
230219606002040,02
230219606002041,02
230219606002042,02
230219606002043,02
230219606002044,02
230219606002045,02
230219606002046,02
230219606002047,02
230219606002048,02
230219606002049,02
230219606002050,02
230219606002051,02
230219606002052,02
230219606002053,02
230219606002054,02
230219606002055,02
230219606002056,02
230219606002057,02
230219606002058,02
230219606002059,02
230219606002060,02
230219606002061,02
230219606002062,02
230219606002063,02
230219606002064,02
230219606002065,02
230219606002066,02
230219606002067,02
230219606002068,02
230219606002069,02
230219606002070,02
230219606002071,02
230219606002072,02
230219606002073,02
230219606002074,02
230219606002075,02
230219606003000,02
230219606003001,02
230219606003002,02
230219606003003,02
230219606003004,02
230219606003005,02
230219606003006,02
230219606003007,02
230219606003008,02
230219606003009,02
230219606003010,02
230219606003011,02
230219606003012,02
230219606003013,02
230219606003014,02
230219606003015,02
230219606003016,02
230219606003017,02
230219606003018,02
230219606003019,02
230219606003020,02
230219606003021,02
230219606003022,02
230219606003023,02
230219606003024,02
230219606003025,02
230219606003026,02
230219606003027,02
230219606003028,02
230219606003029,02
230219607001000,02
230219607001001,02
230219607001002,02
230219607001003,02
230219607001004,02
230219607001005,02
230219607001006,02
230219607001007,02
230219607001008,02
230219607001009,02
230219607001010,02
230219607001011,02
230219607001012,02
230219607001013,02
230219607001014,02
230219607001015,02
230219607001016,02
230219607001017,02
230219607001018,02
230219607001019,02
230219607001020,02
230219607001021,02
230219607001022,02
230219607001023,02
230219607001024,02
230219607001025,02
230219607001026,02
230219607001027,02
230219607001028,02
230219607001029,02
230219607001030,02
230219607001031,02
230219607001032,02
230219607001033,02
230219607001034,02
230219607001035,02
230219607001036,02
230219607001037,02
230219607001038,02
230219607001039,02
230219607001040,02
230219607001041,02
230219607001042,02
230219607001043,02
230219607001044,02
230219607001045,02
230219607001046,02
230219607001047,02
230219607001048,02
230219607001049,02
230219607001050,02
230219607001051,02
230219607001052,02
230219607001053,02
230219607001054,02
230219607001055,02
230219607001056,02
230219607001057,02
230219607001058,02
230219607001059,02
230219607001060,02
230219607001061,02
230219607001062,02
230219607001063,02
230219607001064,02
230219607001065,02
230219607001066,02
230219607001067,02
230219607001068,02
230219607001069,02
230219607001070,02
230219607001071,02
230219607001072,02
230219607002000,02
230219607002001,02
230219607002002,02
230219607002003,02
230219607002004,02
230219607002005,02
230219607002006,02
230219607002007,02
230219607002008,02
230219607002009,02
230219607002010,02
230219607002011,02
230219607002012,02
230219607002013,02
230219607002014,02
230219607002015,02
230219607002016,02
230219607002017,02
230219607002018,02
230219607002019,02
230219607002020,02
230219607002021,02
230219607002022,02
230219607002023,02
230219607002024,02
230219607002025,02
230219607002026,02
230219607002027,02
230219607002028,02
230219607002029,02
230219607002030,02
230219607002031,02
230219607002032,02
230219607002033,02
230219607002034,02
230219607002035,02
230219607002036,02
230219607002037,02
230219607002038,02
230219607002039,02
230219607002040,02
230219607002041,02
230219607002042,02
230219607002043,02
230219607002044,02
230219607002045,02
230219607002046,02
230219607002047,02
230219607002048,02
230219607002049,02
230219607002050,02
230219607002051,02
230219607002052,02
230219607002053,02
230219607002054,02
230219607002055,02
230219607002056,02
230219607002057,02
230219607002058,02
230219607002059,02
230219607002060,02
230219607002061,02
230219607002062,02
230219607002063,02
230219607002064,02
230219607002065,02
230219607002066,02
230219607002067,02
230219607002068,02
230219607002069,02
230219607002070,02
230219607002071,02
230219607002072,02
230219607003000,02
230219607003001,02
230219607003002,02
230219607003003,02
230219607003004,02
230219607003005,02
230219607003006,02
230219607003007,02
230219607003008,02
230219607003009,02
230219607003010,02
230219607003011,02
230219607003012,02
230219607003013,02
230219607003014,02
230219607003015,02
230219607003016,02
230219607003017,02
230219607003018,02
230219607003019,02
230219607003020,02
230219607003021,02
230219607003022,02
230219607003023,02
230219607003024,02
230219607003025,02
230219607003026,02
230219607003027,02
230219607003028,02
230219607003029,02
230219607003030,02
230219607003031,02
230219607003032,02
230219607003033,02
230219607003034,02
230219607003035,02
230219607003036,02
230219607003037,02
230219607003038,02
230219607003039,02
230219607003040,02
230219608001000,02
230219608001001,02
230219608001002,02
230219608001003,02
230219608001004,02
230219608001005,02
230219608001006,02
230219608001007,02
230219608001008,02
230219608001009,02
230219608001010,02
230219608001011,02
230219608001012,02
230219608001013,02
230219608001014,02
230219608001015,02
230219608001016,02
230219608001017,02
230219608001018,02
230219608001019,02
230219608001020,02
230219608001021,02
230219608001022,02
230219608001023,02
230219608001024,02
230219608001025,02
230219608001026,02
230219608001027,02
230219608001028,02
230219608001029,02
230219608001030,02
230219608001031,02
230219608001032,02
230219608001033,02
230219608001034,02
230219608001035,02
230219608001036,02
230219608001037,02
230219608001038,02
230219608001039,02
230219608001040,02
230219608001041,02
230219608001042,02
230219608001043,02
230219608001044,02
230219608001045,02
230219608001046,02
230219608001047,02
230219608001048,02
230219608001049,02
230219608001050,02
230219608001051,02
230219608001052,02
230219608001053,02
230219608001054,02
230219608001055,02
230219608001056,02
230219608001057,02
230219608001058,02
230219608001059,02
230219608001060,02
230219608001061,02
230219608001062,02
230219608001063,02
230219608001064,02
230219608001065,02
230219608001066,02
230219608001067,02
230219608001068,02
230219608001069,02
230219608001070,02
230219608001071,02
230219608001072,02
230219608001073,02
230219608001074,02
230219608001075,02
230219608001076,02
230219608001077,02
230219608001078,02
230219608001079,02
230219608001080,02
230219608001081,02
230219608001082,02
230219608001083,02
230219608002000,02
230219608002001,02
230219608002002,02
230219608002003,02
230219608002004,02
230219608002005,02
230219608002006,02
230219608002007,02
230219608002008,02
230219608002009,02
230219608002010,02
230219608002011,02
230219608002012,02
230219608002013,02
230219608002014,02
230219608002015,02
230219608002016,02
230219608002017,02
230219608002018,02
230219608002019,02
230219608002020,02
230219608002021,02
230219608002022,02
230219608002023,02
230219608002024,02
230219608002025,02
230219608002026,02
230219608002027,02
230219608002028,02
230219608002029,02
230219608002030,02
230219608002031,02
230219608002032,02
230219608002033,02
230219608002034,02
230219608002035,02
230219608002036,02
230219608002037,02
230219608002038,02
230219608002039,02
230219608002040,02
230219608002041,02
230219608002042,02
230219608002043,02
230219608002044,02
230219608002045,02
230219608002046,02
230219608002047,02
230219608002048,02
230219608002049,02
230219608002050,02
230219608002051,02
230219608002052,02
230219608002053,02
230219608002054,02
230219608002055,02
230219608002056,02
230219608002057,02
230219608002058,02
230219608003000,02
230219608003001,02
230219608003002,02
230219608003003,02
230219608003004,02
230219608003005,02
230219608003006,02
230219608003007,02
230219608003008,02
230219608003009,02
230219608003010,02
230219608003011,02
230219608003012,02
230219608003013,02
230219608003014,02
230219608003015,02
230219608003016,02
230219608003017,02
230219608003018,02
230219608003019,02
230219608003020,02
230219608003021,02
230219608003022,02
230219608003023,02
230219608003024,02
230219608003025,02
230219608003026,02
230219608003027,02
230219608003028,02
230219608003029,02
230219608003030,02
230219608003031,02
230219608003032,02
230219608003033,02
230219608003034,02
230219608003035,02
230219608004000,02
230219608004001,02
230219608004002,02
230219608004003,02
230219608004004,02
230219608004005,02
230219608004006,02
230219608004007,02
230219608004008,02
230219608004009,02
230219608004010,02
230219608004011,02
230219608004012,02
230219608004013,02
230219608004014,02
230219608004015,02
230219608004016,02
230219608004017,02
230219608004018,02
230219608004019,02
230219608004020,02
230219608004021,02
230219608004022,02
230219608004023,02
230219608005000,02
230219608005001,02
230219608005002,02
230219608005003,02
230219608005004,02
230219608005005,02
230219608005006,02
230219608005007,02
230219608005008,02
230219608005009,02
230219608005010,02
230219608005011,02
230219608005012,02
230219608005013,02
230219608005014,02
230219608005015,02
230219608005016,02
230219608005017,02
230219608005018,02
230219608005019,02
230219608005020,02
230219608005021,02
230219608005022,02
230219608005023,02
230219608005024,02
230219608005025,02
230219608005026,02
230219608005027,02
230219608005028,02
230219608005029,02
230219608005030,02
230219608005031,02
230219608005032,02
230219608005033,02
230219608005034,02
230219608005035,02
230219608005036,02
230219608005037,02
230219608005038,02
230219608005039,02
230219608005040,02
230219608005041,02
230219608005042,02
230219608005043,02
230219608005044,02
230219608005045,02
230219608005046,02
230219608005047,02
230219608005048,02
230219608005049,02
230219608005050,02
230219608005051,02
230219608005052,02
230219608005053,02
230219608005054,02
230219609001000,02
230219609001001,02
230219609001002,02
230219609001003,02
230219609001004,02
230219609001005,02
230219609001006,02
230219609001007,02
230219609001008,02
230219609001009,02
230219609001010,02
230219609001011,02
230219609001012,02
230219609001013,02
230219609001014,02
230219609001015,02
230219609001016,02
230219609001017,02
230219609001018,02
230219609001019,02
230219609001020,02
230219609001021,02
230219609001022,02
230219609001023,02
230219609001024,02
230219609001025,02
230219609001026,02
230219609001027,02
230219609001028,02
230219609001029,02
230219609001030,02
230219609001031,02
230219609001032,02
230219609001033,02
230219609001034,02
230219609001035,02
230219609001036,02
230219609001037,02
230219609001038,02
230219609001039,02
230219609001040,02
230219609001041,02
230219609001042,02
230219609001043,02
230219609001044,02
230219609001045,02
230219609001046,02
230219609001047,02
230219609001048,02
230219609001049,02
230219609001050,02
230219609001051,02
230219609001052,02
230219609001053,02
230219609001054,02
230219609001055,02
230219609001056,02
230219609001057,02
230219609001058,02
230219609001059,02
230219609001060,02
230219609001061,02
230219609001062,02
230219609001063,02
230219609001064,02
230219609001065,02
230219609001066,02
230219609001067,02
230219609001068,02
230219609001069,02
230219609001070,02
230219609001071,02
230219609001072,02
230219609001073,02
230219609001074,02
230219609001075,02
230219609001076,02
230219609001077,02
230219609001078,02
230219609001079,02
230219609001080,02
230219609001081,02
230219609001082,02
230219609001083,02
230219609001084,02
230219609001085,02
230219609001086,02
230219609001087,02
230219609001088,02
230219609001089,02
230219609001090,02
230219609001091,02
230219609001092,02
230219609001093,02
230219609001094,02
230219609001095,02
230219609001096,02
230219609001097,02
230219609001098,02
230219609001099,02
230219609001100,02
230219609001101,02
230219609001102,02
230219609001103,02
230219609001104,02
230219609001105,02
230219609001106,02
230219609001107,02
230219609001108,02
230219609001109,02
230219609001110,02
230219609001111,02
230219609001112,02
230219609001113,02
230219609001114,02
230219609001115,02
230219609001116,02
230219609001117,02
230219609001118,02
230219609001119,02
230219609001120,02
230219609001121,02
230219609001122,02
230219609001123,02
230219609001124,02
230219609001125,02
230219609001126,02
230219609001127,02
230219609001128,02
230219609001129,02
230219609001130,02
230219609001131,02
230219609001132,02
230219609001133,02
230219609001134,02
230219609001135,02
230219609001136,02
230219609001137,02
230219609001138,02
230219609001139,02
230239701001000,01
230239701001001,01
230239701001002,01
230239701001003,01
230239701001004,01
230239701001005,01
230239701001006,01
230239701001007,01
230239701001008,01
230239701001009,01
230239701001010,01
230239701001011,01
230239701001012,01
230239701001013,01
230239701001014,01
230239701001015,01
230239701001016,01
230239701001017,01
230239701001018,01
230239701001019,01
230239701001020,01
230239701001021,01
230239701001022,01
230239701001023,01
230239701001024,01
230239701001025,01
230239701001026,01
230239701001027,01
230239701001028,01
230239701001029,01
230239701001030,01
230239701001031,01
230239701001032,01
230239701001033,01
230239701001034,01
230239701001035,01
230239701001036,01
230239701001037,01
230239701001038,01
230239701001039,01
230239701001040,01
230239701001041,01
230239701001042,01
230239701001043,01
230239701002000,01
230239701002001,01
230239701002002,01
230239701002003,01
230239701002004,01
230239701002005,01
230239701002006,01
230239701002007,01
230239701002008,01
230239701002009,01
230239701002010,01
230239701002011,01
230239701002012,01
230239701002013,01
230239701002014,01
230239701002015,01
230239701002016,01
230239701002017,01
230239701002018,01
230239701002019,01
230239701002020,01
230239701002021,01
230239701002022,01
230239701002023,01
230239701002024,01
230239701002025,01
230239701003000,01
230239701003001,01
230239701003002,01
230239701003003,01
230239701003004,01
230239701003005,01
230239701003006,01
230239701003007,01
230239701003008,01
230239701003009,01
230239701003010,01
230239701003011,01
230239701003012,01
230239701003013,01
230239701003014,01
230239701003015,01
230239701003016,01
230239701003017,01
230239701003018,01
230239701003019,01
230239701003020,01
230239701003021,01
230239701003022,01
230239701003023,01
230239701003024,01
230239701003025,01
230239701003026,01
230239701003027,01
230239701003028,01
230239701003029,01
230239701003030,01
230239702001000,01
230239702001001,01
230239702001002,01
230239702001003,01
230239702001004,01
230239702001005,01
230239702001006,01
230239702001007,01
230239702001008,01
230239702001009,01
230239702001010,01
230239702001011,01
230239702001012,01
230239702001013,01
230239702001014,01
230239702001015,01
230239702001016,01
230239702001017,01
230239702001018,01
230239702001019,01
230239702001020,01
230239702001021,01
230239702001022,01
230239702001023,01
230239702001024,01
230239702001025,01
230239702001026,01
230239702001027,01
230239702001028,01
230239702001029,01
230239702001030,01
230239702001031,01
230239702001032,01
230239702001033,01
230239702001034,01
230239702001035,01
230239702001036,01
230239702001037,01
230239702001038,01
230239702001039,01
230239702001040,01
230239702001041,01
230239702001042,01
230239702001043,01
230239702001044,01
230239702001045,01
230239702001046,01
230239702001047,01
230239702001048,01
230239702001049,01
230239702002000,01
230239702002001,01
230239702002002,01
230239702002003,01
230239702002004,01
230239702002005,01
230239702002006,01
230239702002007,01
230239702002008,01
230239702002009,01
230239702002010,01
230239702002011,01
230239702002012,01
230239702002013,01
230239702002014,01
230239702002015,01
230239702002016,01
230239702002017,01
230239702002018,01
230239702002019,01
230239702002020,01
230239702002021,01
230239702002022,01
230239702002023,01
230239702002024,01
230239702002025,01
230239702002026,01
230239702002027,01
230239702002028,01
230239702002029,01
230239702002030,01
230239702002031,01
230239702002032,01
230239702002033,01
230239702002034,01
230239702002035,01
230239702002036,01
230239702002037,01
230239702002038,01
230239702002039,01
230239702002040,01
230239702002041,01
230239702003000,01
230239702003001,01
230239702003002,01
230239702003003,01
230239702003004,01
230239702003005,01
230239702003006,01
230239702003007,01
230239702003008,01
230239702003009,01
230239702003010,01
230239702003011,01
230239702003012,01
230239702003013,01
230239702003014,01
230239702003015,01
230239702003016,01
230239702003017,01
230239702004000,01
230239702004001,01
230239702004002,01
230239702005000,01
230239702005001,01
230239702005002,01
230239702005003,01
230239702005004,01
230239702005005,01
230239702005006,01
230239702005007,01
230239702005008,01
230239702005009,01
230239702005010,01
230239702005011,01
230239702005012,01
230239702005013,01
230239702005014,01
230239702005015,01
230239702005016,01
230239702005017,01
230239702005018,01
230239702005019,01
230239702005020,01
230239702005021,01
230239702005022,01
230239702005023,01
230239702005024,01
230239702005025,01
230239702005026,01
230239702005027,01
230239702005028,01
230239702005029,01
230239702005030,01
230239702005031,01
230239702005032,01
230239702005033,01
230239703011000,01
230239703011001,01
230239703011002,01
230239703011003,01
230239703011004,01
230239703011005,01
230239703011006,01
230239703011007,01
230239703011008,01
230239703011009,01
230239703011010,01
230239703011011,01
230239703011012,01
230239703011013,01
230239703011014,01
230239703011015,01
230239703011016,01
230239703011017,01
230239703011018,01
230239703011019,01
230239703011020,01
230239703011021,01
230239703011022,01
230239703011023,01
230239703012000,01
230239703012001,01
230239703012002,01
230239703012003,01
230239703012004,01
230239703012005,01
230239703012006,01
230239703012007,01
230239703012008,01
230239703012009,01
230239703012010,01
230239703013000,01
230239703013001,01
230239703013002,01
230239703013003,01
230239703013004,01
230239703013005,01
230239703013006,01
230239703013007,01
230239703013008,01
230239703013009,01
230239703013010,01
230239703013011,01
230239703013012,01
230239703013013,01
230239703013014,01
230239703013015,01
230239703013016,01
230239703013017,01
230239703013018,01
230239703013019,01
230239703013020,01
230239703013021,01
230239703013022,01
230239703013023,01
230239703013024,01
230239703013025,01
230239703013026,01
230239703013027,01
230239703013028,01
230239703013029,01
230239703013030,01
230239703013031,01
230239703013032,01
230239703013033,01
230239703013034,01
230239703014000,01
230239703014001,01
230239703014002,01
230239703014003,01
230239703014004,01
230239703014005,01
230239703014006,01
230239703014007,01
230239703014008,01
230239703014009,01
230239703014010,01
230239703014011,01
230239703014012,01
230239703014013,01
230239703014014,01
230239703014015,01
230239703014016,01
230239703014017,01
230239703014018,01
230239703014019,01
230239703014020,01
230239703014021,01
230239703014022,01
230239703014023,01
230239703014024,01
230239703014025,01
230239703014026,01
230239703014027,01
230239703014028,01
230239703014029,01
230239703014030,01
230239703014031,01
230239703014032,01
230239703014033,01
230239703014034,01
230239703021000,01
230239703021001,01
230239703021002,01
230239703021003,01
230239703021004,01
230239703021005,01
230239703021006,01
230239703021007,01
230239703021008,01
230239703021009,01
230239703021010,01
230239703021011,01
230239703021012,01
230239703021013,01
230239703021014,01
230239703021015,01
230239703021016,01
230239703021017,01
230239703021018,01
230239703022000,01
230239703022001,01
230239703022002,01
230239703022003,01
230239703022004,01
230239703022005,01
230239703022006,01
230239703022007,01
230239703022008,01
230239703022009,01
230239703022010,01
230239703022011,01
230239703022012,01
230239703022013,01
230239703022014,01
230239703022015,01
230239703022016,01
230239703022017,01
230239703022018,01
230239703022019,01
230239703022020,01
230239703022021,01
230239703022022,01
230239703022023,01
230239703022024,01
230239703022025,01
230239703022026,01
230239703022027,01
230239703022028,01
230239703022029,01
230239703022030,01
230239703022031,01
230239703022032,01
230239703022033,01
230239703022034,01
230239703022035,01
230239703022036,01
230239703022037,01
230239703022038,01
230239703022039,01
230239703022040,01
230239703023000,01
230239703023001,01
230239703023002,01
230239703023003,01
230239703023004,01
230239703023005,01
230239703023006,01
230239703023007,01
230239703023008,01
230239703023009,01
230239703023010,01
230239703023011,01
230239703023012,01
230239703023013,01
230239703023014,01
230239703023015,01
230239703023016,01
230239703023017,01
230239703023018,01
230239703024000,01
230239703024001,01
230239703024002,01
230239703024003,01
230239703024004,01
230239703024005,01
230239703024006,01
230239703024007,01
230239703024008,01
230239703024009,01
230239703024010,01
230239703024011,01
230239703024012,01
230239703024013,01
230239703024014,01
230239703024015,01
230239703024016,01
230239704001000,01
230239704001001,01
230239704001002,01
230239704001003,01
230239704001004,01
230239704001005,01
230239704001006,01
230239704001007,01
230239704001008,01
230239704001009,01
230239704001010,01
230239704001011,01
230239704001012,01
230239704001013,01
230239704001014,01
230239704001015,01
230239704001016,01
230239704001017,01
230239704001018,01
230239704001019,01
230239704001020,01
230239704001021,01
230239704001022,01
230239704001023,01
230239704001024,01
230239704001025,01
230239704001026,01
230239704001027,01
230239704001028,01
230239704001029,01
230239704001030,01
230239704001031,01
230239704001032,01
230239704001033,01
230239704001034,01
230239704001035,01
230239704001036,01
230239704001037,01
230239704001038,01
230239704001039,01
230239704001040,01
230239704001041,01
230239704001042,01
230239704001043,01
230239704001044,01
230239704001045,01
230239704001046,01
230239704001047,01
230239704001048,01
230239704001049,01
230239704001050,01
230239704001051,01
230239704002000,01
230239704002001,01
230239704002002,01
230239704002003,01
230239704002004,01
230239704002005,01
230239704002006,01
230239704002007,01
230239704002008,01
230239704002009,01
230239704002010,01
230239704002011,01
230239704002012,01
230239704002013,01
230239704002014,01
230239704002015,01
230239704002016,01
230239704002017,01
230239704002018,01
230239704002019,01
230239704002020,01
230239704002021,01
230239704002022,01
230239704002023,01
230239704002024,01
230239704002025,01
230239704002026,01
230239704002027,01
230239704002028,01
230239704002029,01
230239704002030,01
230239704002031,01
230239704002032,01
230239704002033,01
230239704002034,01
230239704002035,01
230239704002036,01
230239704002037,01
230239704002038,01
230239704002039,01
230239704002040,01
230239704002041,01
230239704002042,01
230239704002043,01
230239704003000,01
230239704003001,01
230239704003002,01
230239704003003,01
230239704003004,01
230239704003005,01
230239704003006,01
230239704003007,01
230239704003008,01
230239704003009,01
230239704003010,01
230239704003011,01
230239704003012,01
230239704003013,01
230239704003014,01
230239704003015,01
230239704003016,01
230239704003017,01
230239704004000,01
230239704004001,01
230239704004002,01
230239704004003,01
230239704004004,01
230239704004005,01
230239704004006,01
230239704004007,01
230239704004008,01
230239704004009,01
230239704004010,01
230239704004011,01
230239704004012,01
230239704004013,01
230239704004014,01
230239704004015,01
230239704004016,01
230239704004017,01
230239704004018,01
230239704004019,01
230239704004020,01
230239704004021,01
230239704004022,01
230239704004023,01
230239704004024,01
230239704004025,01
230239704004026,01
230239704004027,01
230239704004028,01
230239704004029,01
230239704004030,01
230239704004031,01
230239704004032,01
230239704004033,01
230239704004034,01
230239704004035,01
230239704004036,01
230239704004037,01
230239704004038,01
230239704004039,01
230239704004040,01
230239704004041,01
230239704004042,01
230239704004043,01
230239705001000,01
230239705001001,01
230239705001002,01
230239705001003,01
230239705001004,01
230239705001005,01
230239705001006,01
230239705001007,01
230239705001008,01
230239705001009,01
230239705001010,01
230239705001011,01
230239705001012,01
230239705001013,01
230239705001014,01
230239705001015,01
230239705001016,01
230239705002000,01
230239705002001,01
230239705002002,01
230239705002003,01
230239705002004,01
230239705002005,01
230239705002006,01
230239705002007,01
230239705003000,01
230239705003001,01
230239705003002,01
230239705003003,01
230239705003004,01
230239705003005,01
230239705003006,01
230239705003007,01
230239705003008,01
230239705003009,01
230239705003010,01
230239705003011,01
230239705003012,01
230239705003013,01
230239705003014,01
230239705003015,01
230239705003016,01
230239705003017,01
230239705003018,01
230239705003019,01
230239705003020,01
230239705003021,01
230239705003022,01
230239705003023,01
230239705004000,01
230239705004001,01
230239705004002,01
230239705004003,01
230239705004004,01
230239705004005,01
230239705004006,01
230239705004007,01
230239705004008,01
230239705004009,01
230239705004010,01
230239705004011,01
230239705004012,01
230239705004013,01
230239705004014,01
230239705004015,01
230239705004016,01
230239705004017,01
230239705004018,01
230239705004019,01
230239705004020,01
230239705004021,01
230239705004022,01
230239705004023,01
230239705004024,01
230239705004025,01
230239705004026,01
230239705004027,01
230239705004028,01
230239705004029,01
230239705004030,01
230239705004031,01
230239705004032,01
230239705004033,01
230239705004034,01
230239705004035,01
230239705004036,01
230239705004037,01
230239705004038,01
230239705004039,01
230239705004040,01
230239705005000,01
230239705005001,01
230239705005002,01
230239705005003,01
230239705005004,01
230239705005005,01
230239705005006,01
230239705005007,01
230239705005008,01
230239705005009,01
230239705006000,01
230239705006001,01
230239705006002,01
230239705006003,01
230239705006004,01
230239705006005,01
230239705006006,01
230239705006007,01
230239705006008,01
230239705006009,01
230239705006010,01
230239705006011,01
230239705006012,01
230239705006013,01
230239705006014,01
230239705006015,01
230239705006016,01
230239705006017,01
230239705006018,01
230239705006019,01
230239705006020,01
230239705006021,01
230239705006022,01
230239705006023,01
230239705006024,01
230239705006025,01
230239705006026,01
230239705006027,01
230239705006028,01
230239705006029,01
230239705006030,01
230239705006031,01
230239705006032,01
230239705006033,01
230239705006034,01
230239706001000,01
230239706001001,01
230239706001002,01
230239706001003,01
230239706001004,01
230239706001005,01
230239706001006,01
230239706001007,01
230239706001008,01
230239706001009,01
230239706001010,01
230239706001011,01
230239706001012,01
230239706001013,01
230239706001014,01
230239706001015,01
230239706001016,01
230239706001017,01
230239706001018,01
230239706001019,01
230239706001020,01
230239706001021,01
230239706001022,01
230239706001023,01
230239706001024,01
230239706002000,01
230239706002001,01
230239706002002,01
230239706002003,01
230239706002004,01
230239706002005,01
230239706002006,01
230239706002007,01
230239706002008,01
230239706002009,01
230239706002010,01
230239706002011,01
230239706002012,01
230239706002013,01
230239706002014,01
230239706002015,01
230239706002016,01
230239706002017,01
230239706002018,01
230239706002019,01
230239706002020,01
230239706002021,01
230239706002022,01
230239706002023,01
230239706002024,01
230239706002025,01
230239706002026,01
230239706002027,01
230239706002028,01
230239706002029,01
230239706002030,01
230239706002031,01
230239706002032,01
230239706002033,01
230239706002034,01
230239706002035,01
230239706002036,01
230239706003000,01
230239706003001,01
230239706003002,01
230239706003003,01
230239706003004,01
230239706003005,01
230239706003006,01
230239706003007,01
230239706003008,01
230239706003009,01
230239706003010,01
230239706003011,01
230239706003012,01
230239706003013,01
230239706003014,01
230239706003015,01
230239706003016,01
230239706003017,01
230239706003018,01
230239706003019,01
230239706003020,01
230239707001000,01
230239707001001,01
230239707001002,01
230239707001003,01
230239707001004,01
230239707001005,01
230239707001006,01
230239707001007,01
230239707001008,01
230239707001009,01
230239707001010,01
230239707001011,01
230239707001012,01
230239707001013,01
230239707001014,01
230239707001015,01
230239707001016,01
230239707001017,01
230239707001018,01
230239707001019,01
230239707001020,01
230239707001021,01
230239707001022,01
230239707001023,01
230239707001024,01
230239707001025,01
230239707001026,01
230239707002000,01
230239707002001,01
230239707002002,01
230239707002003,01
230239707002004,01
230239707002005,01
230239707002006,01
230239707002007,01
230239707002008,01
230239707002009,01
230239707002010,01
230239707002011,01
230239707002012,01
230239707002013,01
230239707002014,01
230239707002015,01
230239707002016,01
230239707002017,01
230239707002018,01
230239707002019,01
230239707002020,01
230239707002021,01
230239707002022,01
230239707002023,01
230239707002024,01
230239707002025,01
230239707002026,01
230239707002027,01
230239707002028,01
230239707002029,01
230239707002030,01
230239707002031,01
230239707002032,01
230239707002033,01
230239707002034,01
230239707002035,01
230239707002036,01
230239707002037,01
230239707002038,01
230239707003000,01
230239707003001,01
230239707003002,01
230239707003003,01
230239707003004,01
230239707003005,01
230239707003006,01
230239707003007,01
230239707003008,01
230239707003009,01
230239707003010,01
230239707003011,01
230239707003012,01
230239707003013,01
230239707003014,01
230239707003015,01
230239707003016,01
230239707003017,01
230239707003018,01
230239707003019,01
230239707003020,01
230239707003021,01
230239707003022,01
230239707003023,01
230239707003024,01
230239707003025,01
230239707003026,01
230239707003027,01
230239707003028,01
230239707003029,01
230239707004000,01
230239707004001,01
230239707004002,01
230239707004003,01
230239707004004,01
230239707004005,01
230239707004006,01
230239707004007,01
230239707004008,01
230239707004009,01
230239707004010,01
230239707004011,01
230239707004012,01
230239707004013,01
230239707004014,01
230239900000001,01
230239900000002,01
230239900000003,01
230239900000004,01
230239900000005,01
230239900000006,01
230239900000007,01
230259653011000,02
230259653011001,02
230259653011002,02
230259653011003,02
230259653011004,02
230259653011005,02
230259653011006,02
230259653011007,02
230259653011008,02
230259653011009,02
230259653011010,02
230259653011011,02
230259653011012,02
230259653011013,02
230259653011014,02
230259653011015,02
230259653011016,02
230259653011017,02
230259653011018,02
230259653011019,02
230259653011020,02
230259653011021,02
230259653011022,02
230259653011023,02
230259653011024,02
230259653011025,02
230259653011026,02
230259653011027,02
230259653011028,02
230259653011029,02
230259653011030,02
230259653011031,02
230259653011032,02
230259653011033,02
230259653011034,02
230259653011035,02
230259653011036,02
230259653011037,02
230259653011038,02
230259653011039,02
230259653011040,02
230259653011041,02
230259653011042,02
230259653011043,02
230259653011044,02
230259653011045,02
230259653011046,02
230259653011047,02
230259653011048,02
230259653011049,02
230259653011050,02
230259653011051,02
230259653011052,02
230259653011053,02
230259653011054,02
230259653011055,02
230259653011056,02
230259653011057,02
230259653011058,02
230259653011059,02
230259653011060,02
230259653011061,02
230259653011062,02
230259653011063,02
230259653011064,02
230259653011065,02
230259653011066,02
230259653011067,02
230259653011068,02
230259653011069,02
230259653011070,02
230259653011071,02
230259653011072,02
230259653011073,02
230259653011074,02
230259653011075,02
230259653011076,02
230259653011077,02
230259653011078,02
230259653011079,02
230259653011080,02
230259653011081,02
230259653011082,02
230259653021000,02
230259653021001,02
230259653021002,02
230259653021003,02
230259653021004,02
230259653021005,02
230259653021006,02
230259653021007,02
230259653021008,02
230259653021009,02
230259653021010,02
230259653021011,02
230259653021012,02
230259653021013,02
230259653021014,02
230259653021015,02
230259653021016,02
230259653021017,02
230259653021018,02
230259653021019,02
230259653021020,02
230259653021021,02
230259653021022,02
230259653021023,02
230259653021024,02
230259653021025,02
230259653021026,02
230259653021027,02
230259653021028,02
230259653021029,02
230259653021030,02
230259653021031,02
230259653021032,02
230259653021033,02
230259653021034,02
230259653021035,02
230259653021036,02
230259653021037,02
230259653021038,02
230259653021039,02
230259653021040,02
230259653021041,02
230259653021042,02
230259653021043,02
230259653021044,02
230259653021045,02
230259653021046,02
230259653021047,02
230259653021048,02
230259653021049,02
230259653021050,02
230259653021051,02
230259653021052,02
230259653021053,02
230259653021054,02
230259653021055,02
230259653021056,02
230259653021057,02
230259653021058,02
230259653021059,02
230259653021060,02
230259653021061,02
230259653021062,02
230259653021063,02
230259653021064,02
230259653021065,02
230259653021066,02
230259653021067,02
230259653021068,02
230259653021069,02
230259653021070,02
230259653021071,02
230259653021072,02
230259653021073,02
230259653021074,02
230259653021075,02
230259653021076,02
230259653021077,02
230259653021078,02
230259653021079,02
230259653021080,02
230259653021081,02
230259653021082,02
230259653021083,02
230259653021084,02
230259653021085,02
230259653021086,02
230259653021087,02
230259653021088,02
230259653021089,02
230259653021090,02
230259653021091,02
230259653021092,02
230259653021093,02
230259653021094,02
230259653021095,02
230259653021096,02
230259653021097,02
230259653021098,02
230259653021099,02
230259653021100,02
230259653021101,02
230259653021102,02
230259653021103,02
230259653021104,02
230259653021105,02
230259653021106,02
230259653021107,02
230259653021108,02
230259653021109,02
230259653021110,02
230259653021111,02
230259653021112,02
230259653021113,02
230259653021114,02
230259653021115,02
230259653021116,02
230259653021117,02
230259653021118,02
230259653021119,02
230259653021120,02
230259653021121,02
230259653021122,02
230259653021123,02
230259653021124,02
230259653021125,02
230259653021126,02
230259653021127,02
230259653021128,02
230259653021129,02
230259653021130,02
230259653021131,02
230259653021132,02
230259653021133,02
230259653021134,02
230259653021135,02
230259653021136,02
230259653021137,02
230259653021138,02
230259653021139,02
230259653021140,02
230259653021141,02
230259653021142,02
230259653021143,02
230259653021144,02
230259653021145,02
230259653021146,02
230259653021147,02
230259653021148,02
230259653021149,02
230259653021150,02
230259653021151,02
230259653021152,02
230259653021153,02
230259653021154,02
230259653021155,02
230259653021156,02
230259653021157,02
230259653021158,02
230259653021159,02
230259653021160,02
230259653021161,02
230259653021162,02
230259653021163,02
230259653021164,02
230259653021165,02
230259653021166,02
230259653021167,02
230259653021168,02
230259653021169,02
230259653021170,02
230259653021171,02
230259653021172,02
230259653021173,02
230259653021174,02
230259653021175,02
230259653021176,02
230259653021177,02
230259653021178,02
230259653021179,02
230259653021180,02
230259653021181,02
230259653021182,02
230259653021183,02
230259653021184,02
230259653021185,02
230259653021186,02
230259653021187,02
230259653021188,02
230259653021189,02
230259653021190,02
230259653021191,02
230259653021192,02
230259653021193,02
230259653021194,02
230259653021195,02
230259653021196,02
230259653021197,02
230259653021198,02
230259653021199,02
230259653021200,02
230259653021201,02
230259653021202,02
230259653021203,02
230259653021204,02
230259653021205,02
230259653021206,02
230259653021207,02
230259653021208,02
230259653021209,02
230259653021210,02
230259653021211,02
230259653021212,02
230259653021213,02
230259653021214,02
230259653021215,02
230259653021216,02
230259653021217,02
230259653021218,02
230259653021219,02
230259653021220,02
230259653021221,02
230259653021222,02
230259653021223,02
230259653021224,02
230259653021225,02
230259653021226,02
230259653021227,02
230259653021228,02
230259653021229,02
230259653021230,02
230259653021231,02
230259653021232,02
230259653021233,02
230259653021234,02
230259653021235,02
230259653021236,02
230259653021237,02
230259653021238,02
230259653021239,02
230259653021240,02
230259653021241,02
230259653021242,02
230259653021243,02
230259653021244,02
230259653021245,02
230259653021246,02
230259653021247,02
230259653021248,02
230259653021249,02
230259653021250,02
230259653021251,02
230259653021252,02
230259653021253,02
230259653021254,02
230259653021255,02
230259653021256,02
230259653021257,02
230259653021258,02
230259653021259,02
230259653021260,02
230259653021261,02
230259653021262,02
230259653021263,02
230259653021264,02
230259653021265,02
230259653021266,02
230259653021267,02
230259653021268,02
230259653021269,02
230259653021270,02
230259653021271,02
230259653021272,02
230259653021273,02
230259653021274,02
230259653021275,02
230259653021276,02
230259653021277,02
230259653021278,02
230259653021279,02
230259653021280,02
230259653021281,02
230259653021282,02
230259653021283,02
230259653021284,02
230259653021285,02
230259653021286,02
230259653021287,02
230259653021288,02
230259653021289,02
230259653021290,02
230259653021291,02
230259653021292,02
230259653021293,02
230259653021294,02
230259653021295,02
230259653021296,02
230259653021297,02
230259653021298,02
230259653021299,02
230259653021300,02
230259653021301,02
230259653021302,02
230259653021303,02
230259653021304,02
230259653021305,02
230259653021306,02
230259653021307,02
230259653021308,02
230259653021309,02
230259653021310,02
230259653021311,02
230259653021312,02
230259653021313,02
230259653021314,02
230259653021315,02
230259653021316,02
230259653021317,02
230259653021318,02
230259653021319,02
230259653021320,02
230259653021321,02
230259653021322,02
230259653021323,02
230259653021324,02
230259653021325,02
230259653021326,02
230259653021327,02
230259653021328,02
230259653021329,02
230259653021330,02
230259653021331,02
230259653021332,02
230259653021333,02
230259653021334,02
230259653021335,02
230259653021336,02
230259653021337,02
230259653021338,02
230259653021339,02
230259653021340,02
230259653021341,02
230259653021342,02
230259653021343,02
230259653021344,02
230259653021345,02
230259653021346,02
230259653021347,02
230259653021348,02
230259653021349,02
230259653021350,02
230259653021351,02
230259653021352,02
230259653021353,02
230259653021354,02
230259653021355,02
230259653021356,02
230259653021357,02
230259653021358,02
230259653021359,02
230259653021360,02
230259653021361,02
230259653021362,02
230259653021363,02
230259653021364,02
230259653021365,02
230259653021366,02
230259653021367,02
230259653021368,02
230259653021369,02
230259653021370,02
230259653021371,02
230259653021372,02
230259653021373,02
230259653021374,02
230259653021375,02
230259653021376,02
230259653021377,02
230259653021378,02
230259653021379,02
230259653021380,02
230259653021381,02
230259653021382,02
230259653021383,02
230259653021384,02
230259653021385,02
230259653021386,02
230259653021387,02
230259653021388,02
230259653021389,02
230259653021390,02
230259653021391,02
230259653021392,02
230259653021393,02
230259653021394,02
230259653021395,02
230259653021396,02
230259653021397,02
230259653021398,02
230259653021399,02
230259653021400,02
230259653021401,02
230259653021402,02
230259653021403,02
230259653021404,02
230259653021405,02
230259653021406,02
230259653021407,02
230259653021408,02
230259653021409,02
230259653021410,02
230259653021411,02
230259653021412,02
230259653021413,02
230259653021414,02
230259653021415,02
230259653021416,02
230259653021417,02
230259653021418,02
230259653021419,02
230259653021420,02
230259653021421,02
230259653021422,02
230259653021423,02
230259653021424,02
230259653021425,02
230259653021426,02
230259653021427,02
230259653021428,02
230259653021429,02
230259653021430,02
230259653021431,02
230259653021432,02
230259653021433,02
230259653021434,02
230259653021435,02
230259653021436,02
230259653021437,02
230259653021438,02
230259653021439,02
230259653021440,02
230259653021441,02
230259653021442,02
230259653021443,02
230259653021444,02
230259653021445,02
230259653021446,02
230259653021447,02
230259653021448,02
230259653021449,02
230259653021450,02
230259653021451,02
230259653021452,02
230259653021453,02
230259653021454,02
230259653021455,02
230259653021456,02
230259653021457,02
230259653021458,02
230259653021459,02
230259653021460,02
230259653021461,02
230259653021462,02
230259653021463,02
230259653021464,02
230259653021465,02
230259653021466,02
230259653021467,02
230259653021468,02
230259653021469,02
230259653021470,02
230259653021471,02
230259653021472,02
230259653021473,02
230259653021474,02
230259653021475,02
230259653021476,02
230259653021477,02
230259653021478,02
230259653021479,02
230259653021480,02
230259653021481,02
230259653021482,02
230259653021483,02
230259653021484,02
230259653021485,02
230259653021486,02
230259653021487,02
230259653021488,02
230259653021489,02
230259653021490,02
230259653021491,02
230259653021492,02
230259653021493,02
230259653021494,02
230259653021495,02
230259653021496,02
230259653021497,02
230259653021498,02
230259653021499,02
230259653021500,02
230259653021501,02
230259653021502,02
230259653021503,02
230259653021504,02
230259653021505,02
230259653021506,02
230259653021507,02
230259653021508,02
230259653021509,02
230259653021510,02
230259653021511,02
230259653021512,02
230259653021513,02
230259653021514,02
230259653021515,02
230259653021516,02
230259653021517,02
230259653021518,02
230259653021519,02
230259653021520,02
230259653021521,02
230259653021522,02
230259653021523,02
230259653021524,02
230259653021525,02
230259653021526,02
230259653021527,02
230259653021528,02
230259653021529,02
230259653021530,02
230259653021531,02
230259653021532,02
230259653021533,02
230259653021534,02
230259653021535,02
230259653021536,02
230259653021537,02
230259653021538,02
230259653021539,02
230259653021540,02
230259653021541,02
230259653021542,02
230259653021543,02
230259653021544,02
230259653021545,02
230259653021546,02
230259653021547,02
230259653021548,02
230259653021549,02
230259653021550,02
230259653021551,02
230259653021552,02
230259653021553,02
230259653021554,02
230259653021555,02
230259653021556,02
230259653021557,02
230259653021558,02
230259653021559,02
230259653021560,02
230259653021561,02
230259653021562,02
230259653021563,02
230259653021564,02
230259653021565,02
230259653021566,02
230259653021567,02
230259653021568,02
230259653021569,02
230259653021570,02
230259653021571,02
230259653021572,02
230259653021573,02
230259653021574,02
230259653021575,02
230259653021576,02
230259653021577,02
230259653021578,02
230259653021579,02
230259653021580,02
230259653021581,02
230259653021582,02
230259653021583,02
230259653021584,02
230259653021585,02
230259653021586,02
230259653021587,02
230259653021588,02
230259653021589,02
230259653021590,02
230259653021591,02
230259653021592,02
230259653021593,02
230259653021594,02
230259653021595,02
230259653021596,02
230259653021597,02
230259653021598,02
230259653021599,02
230259653021600,02
230259653021601,02
230259653021602,02
230259653021603,02
230259653021604,02
230259653021605,02
230259653021606,02
230259653021607,02
230259653021608,02
230259653021609,02
230259653021610,02
230259653021611,02
230259653021612,02
230259653021613,02
230259653021614,02
230259653021615,02
230259653021616,02
230259653021617,02
230259653021618,02
230259653021619,02
230259653021620,02
230259653021621,02
230259653021622,02
230259653021623,02
230259653021624,02
230259653021625,02
230259653021626,02
230259653021627,02
230259653021628,02
230259653021629,02
230259653021630,02
230259653021631,02
230259653021632,02
230259653021633,02
230259653021634,02
230259653021635,02
230259653021636,02
230259653021637,02
230259653021638,02
230259653021639,02
230259653021640,02
230259653021641,02
230259653021642,02
230259653021643,02
230259653021644,02
230259653021645,02
230259653021646,02
230259653021647,02
230259653021648,02
230259653021649,02
230259653021650,02
230259653021651,02
230259653021652,02
230259653021653,02
230259653021654,02
230259653021655,02
230259653021656,02
230259653021657,02
230259653021658,02
230259653021659,02
230259653021660,02
230259653021661,02
230259653021662,02
230259653021663,02
230259653021664,02
230259653021665,02
230259653021666,02
230259653021667,02
230259653021668,02
230259653021669,02
230259653021670,02
230259653021671,02
230259653021672,02
230259653021673,02
230259653021674,02
230259653021675,02
230259653021676,02
230259653021677,02
230259653021678,02
230259653021679,02
230259653021680,02
230259653021681,02
230259653021682,02
230259653021683,02
230259653021684,02
230259653021685,02
230259653021686,02
230259653021687,02
230259653021688,02
230259653021689,02
230259653021690,02
230259653021691,02
230259653021692,02
230259653021693,02
230259653021694,02
230259653021695,02
230259653021696,02
230259653021697,02
230259653021698,02
230259653021699,02
230259653021700,02
230259653021701,02
230259653021702,02
230259653021703,02
230259653021704,02
230259653021705,02
230259653021706,02
230259653021707,02
230259653021708,02
230259653021709,02
230259653021710,02
230259653021711,02
230259653021712,02
230259653021713,02
230259653021714,02
230259653021715,02
230259653021716,02
230259653021717,02
230259653021718,02
230259653021719,02
230259653021720,02
230259653021721,02
230259653021722,02
230259653021723,02
230259653021724,02
230259653021725,02
230259653021726,02
230259653021727,02
230259653021728,02
230259653021729,02
230259653021730,02
230259653021731,02
230259653021732,02
230259653021733,02
230259653021734,02
230259653021735,02
230259653021736,02
230259653021737,02
230259653021738,02
230259653021739,02
230259653021740,02
230259653021741,02
230259653021742,02
230259653021743,02
230259653021744,02
230259653021745,02
230259653021746,02
230259653021747,02
230259653021748,02
230259653021749,02
230259653021750,02
230259653021751,02
230259653021752,02
230259653021753,02
230259653021754,02
230259653021755,02
230259653021756,02
230259653021757,02
230259653021758,02
230259653021759,02
230259653021760,02
230259653021761,02
230259653021762,02
230259653021763,02
230259653021764,02
230259653021765,02
230259653021766,02
230259653021767,02
230259653021768,02
230259653021769,02
230259653021770,02
230259653021771,02
230259653021772,02
230259653021773,02
230259653021774,02
230259653021775,02
230259653021776,02
230259653021777,02
230259653021778,02
230259653021779,02
230259653021780,02
230259653021781,02
230259653021782,02
230259653021783,02
230259653021784,02
230259653021785,02
230259653021786,02
230259653021787,02
230259653021788,02
230259653021789,02
230259653021790,02
230259653021791,02
230259653021792,02
230259653021793,02
230259653021794,02
230259653021795,02
230259653021796,02
230259653021797,02
230259653021798,02
230259653021799,02
230259653021800,02
230259653021801,02
230259653021802,02
230259653021803,02
230259653021804,02
230259653021805,02
230259653021806,02
230259653021807,02
230259653021808,02
230259653021809,02
230259653021810,02
230259653021811,02
230259653021812,02
230259653021813,02
230259653021814,02
230259653021815,02
230259653021816,02
230259653021817,02
230259653021818,02
230259653022000,02
230259653022001,02
230259653022002,02
230259653022003,02
230259653022004,02
230259653022005,02
230259653022006,02
230259653022007,02
230259653022008,02
230259653022009,02
230259653022010,02
230259653022011,02
230259653022012,02
230259653022013,02
230259653022014,02
230259653022015,02
230259653022016,02
230259653022017,02
230259653022018,02
230259653022019,02
230259653022020,02
230259653022021,02
230259653022022,02
230259653022023,02
230259653022024,02
230259653022025,02
230259653022026,02
230259653022027,02
230259653022028,02
230259653022029,02
230259653022030,02
230259653022031,02
230259653022032,02
230259653022033,02
230259653022034,02
230259653022035,02
230259653022036,02
230259653022037,02
230259653022038,02
230259653022039,02
230259653022040,02
230259653022041,02
230259653022042,02
230259653022043,02
230259653022044,02
230259653022045,02
230259653022046,02
230259653022047,02
230259653022048,02
230259653022049,02
230259653022050,02
230259653022051,02
230259653022052,02
230259653022053,02
230259653022054,02
230259653022055,02
230259653022056,02
230259653022057,02
230259653022058,02
230259653022059,02
230259653022060,02
230259653022061,02
230259653022062,02
230259653022063,02
230259653022064,02
230259653022065,02
230259653022066,02
230259653022067,02
230259653022068,02
230259653022069,02
230259653022070,02
230259653022071,02
230259653022072,02
230259653022073,02
230259653022074,02
230259653022075,02
230259653022076,02
230259653022077,02
230259653022078,02
230259653022079,02
230259653022080,02
230259653022081,02
230259653023000,02
230259653023001,02
230259653023002,02
230259653023003,02
230259653023004,02
230259653023005,02
230259653023006,02
230259653023007,02
230259653023008,02
230259653023009,02
230259653023010,02
230259653023011,02
230259653023012,02
230259653023013,02
230259653023014,02
230259653023015,02
230259653023016,02
230259653023017,02
230259653023018,02
230259653023019,02
230259653023020,02
230259653023021,02
230259653023022,02
230259653023023,02
230259653023024,02
230259653023025,02
230259653023026,02
230259653023027,02
230259653023028,02
230259653023029,02
230259653023030,02
230259653023031,02
230259653023032,02
230259653023033,02
230259653023034,02
230259653023035,02
230259653023036,02
230259653023037,02
230259653023038,02
230259653023039,02
230259653023040,02
230259653023041,02
230259653023042,02
230259653023043,02
230259653023044,02
230259653023045,02
230259653023046,02
230259653023047,02
230259653023048,02
230259653023049,02
230259653023050,02
230259653023051,02
230259653023052,02
230259653023053,02
230259653023054,02
230259653023055,02
230259653023056,02
230259653023057,02
230259653023058,02
230259653023059,02
230259653023060,02
230259653023061,02
230259653023062,02
230259653023063,02
230259653023064,02
230259653023065,02
230259653023066,02
230259653023067,02
230259653023068,02
230259653023069,02
230259653023070,02
230259653023071,02
230259653023072,02
230259653023073,02
230259653023074,02
230259653023075,02
230259653023076,02
230259653023077,02
230259653023078,02
230259653023079,02
230259653023080,02
230259653023081,02
230259653023082,02
230259653023083,02
230259653023084,02
230259653023085,02
230259653023086,02
230259653023087,02
230259653023088,02
230259653023089,02
230259653023090,02
230259653023091,02
230259653023092,02
230259653023093,02
230259653023094,02
230259653023095,02
230259653023096,02
230259653023097,02
230259653023098,02
230259653023099,02
230259653023100,02
230259653023101,02
230259653023102,02
230259653023103,02
230259653023104,02
230259653023105,02
230259653023106,02
230259653023107,02
230259653023108,02
230259653023109,02
230259653023110,02
230259653023111,02
230259653023112,02
230259653023113,02
230259653023114,02
230259653023115,02
230259653023116,02
230259653023117,02
230259653023118,02
230259653023119,02
230259653023120,02
230259653023121,02
230259653023122,02
230259653023123,02
230259653023124,02
230259653023125,02
230259653023126,02
230259653023127,02
230259653023128,02
230259653023129,02
230259653023130,02
230259653023131,02
230259653023132,02
230259653023133,02
230259653023134,02
230259653023135,02
230259653023136,02
230259653023137,02
230259653023138,02
230259653023139,02
230259653023140,02
230259653023141,02
230259653023142,02
230259653023143,02
230259653023144,02
230259653023145,02
230259653023146,02
230259653023147,02
230259653023148,02
230259653023149,02
230259653023150,02
230259653023151,02
230259653023152,02
230259653023153,02
230259653023154,02
230259653023155,02
230259653023156,02
230259653023157,02
230259653023158,02
230259653023159,02
230259653023160,02
230259653023161,02
230259653023162,02
230259653023163,02
230259653023164,02
230259653023165,02
230259653023166,02
230259653023167,02
230259653023168,02
230259653023169,02
230259653023170,02
230259653023171,02
230259653023172,02
230259653023173,02
230259653023174,02
230259653023175,02
230259653023176,02
230259653023177,02
230259653023178,02
230259653023179,02
230259653023180,02
230259653023181,02
230259653023182,02
230259653023183,02
230259653023184,02
230259653023185,02
230259653023186,02
230259653023187,02
230259653023188,02
230259653023189,02
230259653023190,02
230259653023191,02
230259653023192,02
230259653023193,02
230259653023194,02
230259653023195,02
230259653023196,02
230259653023197,02
230259653023198,02
230259653023199,02
230259653023200,02
230259653023201,02
230259653023202,02
230259653023203,02
230259653023204,02
230259653023205,02
230259653023206,02
230259653023207,02
230259653023208,02
230259653023209,02
230259653023210,02
230259653023211,02
230259653023212,02
230259653023213,02
230259653023214,02
230259653023215,02
230259653023216,02
230259653023217,02
230259653023218,02
230259653023219,02
230259653023220,02
230259653023221,02
230259653023222,02
230259653023223,02
230259653023224,02
230259653023225,02
230259653023226,02
230259653023227,02
230259653023228,02
230259653023229,02
230259653023230,02
230259653023231,02
230259653023232,02
230259653023233,02
230259653023234,02
230259653023235,02
230259653023236,02
230259653023237,02
230259653023238,02
230259653023239,02
230259653023240,02
230259653023241,02
230259653023242,02
230259653023243,02
230259653023244,02
230259653023245,02
230259653023246,02
230259653023247,02
230259653023248,02
230259653023249,02
230259653023250,02
230259653023251,02
230259653023252,02
230259653023253,02
230259653023254,02
230259653023255,02
230259653023256,02
230259653023257,02
230259653023258,02
230259653023259,02
230259653023260,02
230259653023261,02
230259653023262,02
230259653023263,02
230259653023264,02
230259653023265,02
230259653023266,02
230259653023267,02
230259653023268,02
230259653023269,02
230259653023270,02
230259653023271,02
230259653023272,02
230259653023273,02
230259653023274,02
230259653023275,02
230259653023276,02
230259653023277,02
230259653023278,02
230259653023279,02
230259653023280,02
230259653023281,02
230259653023282,02
230259653023283,02
230259653023284,02
230259653023285,02
230259653023286,02
230259653023287,02
230259653023288,02
230259653023289,02
230259653023290,02
230259653023291,02
230259653023292,02
230259653023293,02
230259653023294,02
230259653023295,02
230259653023296,02
230259653023297,02
230259653023298,02
230259653023299,02
230259653023300,02
230259653023301,02
230259653023302,02
230259653023303,02
230259653023304,02
230259653023305,02
230259653023306,02
230259653023307,02
230259653023308,02
230259653023309,02
230259653023310,02
230259653023311,02
230259653023312,02
230259653023313,02
230259653023314,02
230259653023315,02
230259653023316,02
230259653023317,02
230259653023318,02
230259653023319,02
230259653023320,02
230259653023321,02
230259653023322,02
230259653023323,02
230259653023324,02
230259653023325,02
230259653023326,02
230259653023327,02
230259653023328,02
230259653023329,02
230259653023330,02
230259653023331,02
230259653023332,02
230259653023333,02
230259653023334,02
230259653023335,02
230259653023336,02
230259653023337,02
230259653023338,02
230259653023339,02
230259653023340,02
230259653023341,02
230259653023342,02
230259653023343,02
230259653023344,02
230259653023345,02
230259653023346,02
230259653023347,02
230259653023348,02
230259653023349,02
230259653023350,02
230259653023351,02
230259653023352,02
230259653023353,02
230259653023354,02
230259653023355,02
230259653023356,02
230259653023357,02
230259653023358,02
230259653023359,02
230259653023360,02
230259653023361,02
230259653023362,02
230259653023363,02
230259653023364,02
230259653023365,02
230259653023366,02
230259653023367,02
230259653023368,02
230259653023369,02
230259653023370,02
230259653023371,02
230259653023372,02
230259653023373,02
230259653023374,02
230259653023375,02
230259653023376,02
230259653023377,02
230259653023378,02
230259653023379,02
230259653023380,02
230259653023381,02
230259653023382,02
230259653023383,02
230259653023384,02
230259653023385,02
230259653023386,02
230259653023387,02
230259653023388,02
230259653023389,02
230259653023390,02
230259653023391,02
230259653023392,02
230259653023393,02
230259653023394,02
230259653023395,02
230259653023396,02
230259653023397,02
230259653023398,02
230259653023399,02
230259653023400,02
230259653023401,02
230259653023402,02
230259653023403,02
230259653023404,02
230259653023405,02
230259653023406,02
230259653023407,02
230259653023408,02
230259653023409,02
230259653023410,02
230259653023411,02
230259653023412,02
230259653023413,02
230259653023414,02
230259653023415,02
230259653023416,02
230259653023417,02
230259653023418,02
230259653023419,02
230259653023420,02
230259653023421,02
230259653023422,02
230259653023423,02
230259653023424,02
230259653023425,02
230259653023426,02
230259653023427,02
230259653023428,02
230259653023429,02
230259653023430,02
230259653023431,02
230259653023432,02
230259653023433,02
230259653023434,02
230259653023435,02
230259653023436,02
230259653023437,02
230259653024000,02
230259653024001,02
230259653024002,02
230259653024003,02
230259653024004,02
230259653024005,02
230259653024006,02
230259653024007,02
230259653024008,02
230259653024009,02
230259653024010,02
230259653024011,02
230259653024012,02
230259653024013,02
230259653024014,02
230259653024015,02
230259653024016,02
230259653024017,02
230259653024018,02
230259653024019,02
230259653024020,02
230259653024021,02
230259653024022,02
230259653024023,02
230259653024024,02
230259653024025,02
230259653024026,02
230259653024027,02
230259653024028,02
230259653024029,02
230259653024030,02
230259653024031,02
230259653024032,02
230259653024033,02
230259653024034,02
230259653024035,02
230259653024036,02
230259653024037,02
230259653024038,02
230259653024039,02
230259653024040,02
230259653024041,02
230259653024042,02
230259653024043,02
230259653024044,02
230259653024045,02
230259653024046,02
230259653024047,02
230259653024048,02
230259653024049,02
230259653024050,02
230259653024051,02
230259653024052,02
230259653024053,02
230259653024054,02
230259653024055,02
230259653024056,02
230259653024057,02
230259653024058,02
230259653024059,02
230259653024060,02
230259653024061,02
230259653024062,02
230259653024063,02
230259653024064,02
230259653024065,02
230259653024066,02
230259653024067,02
230259653024068,02
230259653024069,02
230259653024070,02
230259653024071,02
230259653024072,02
230259653024073,02
230259653024074,02
230259653024075,02
230259653024076,02
230259653024077,02
230259653024078,02
230259653024079,02
230259653024080,02
230259653024081,02
230259653024082,02
230259653024083,02
230259653024084,02
230259653024085,02
230259653024086,02
230259653024087,02
230259653024088,02
230259653024089,02
230259653024090,02
230259653024091,02
230259653024092,02
230259653024093,02
230259653024094,02
230259653024095,02
230259653024096,02
230259653024097,02
230259653024098,02
230259653024099,02
230259653024100,02
230259653024101,02
230259653024102,02
230259653024103,02
230259653024104,02
230259653024105,02
230259653024106,02
230259653024107,02
230259653024108,02
230259653024109,02
230259653024110,02
230259653024111,02
230259653024112,02
230259653024113,02
230259653024114,02
230259653024115,02
230259653024116,02
230259653024117,02
230259653024118,02
230259653024119,02
230259653024120,02
230259653024121,02
230259653024122,02
230259653024123,02
230259653024124,02
230259653024125,02
230259653024126,02
230259653024127,02
230259653024128,02
230259653024129,02
230259653024130,02
230259653024131,02
230259653024132,02
230259653024133,02
230259653024134,02
230259653024135,02
230259653024136,02
230259653024137,02
230259653024138,02
230259653024139,02
230259653024140,02
230259653024141,02
230259653024142,02
230259653024143,02
230259653024144,02
230259653024145,02
230259653024146,02
230259653024147,02
230259653024148,02
230259653024149,02
230259653024150,02
230259653024151,02
230259653024152,02
230259653024153,02
230259653024154,02
230259653024155,02
230259653024156,02
230259653024157,02
230259653024158,02
230259653024159,02
230259653024160,02
230259653024161,02
230259653024162,02
230259653024163,02
230259653024164,02
230259653024165,02
230259653024166,02
230259653024167,02
230259653024168,02
230259653024169,02
230259653024170,02
230259653024171,02
230259653024172,02
230259653024173,02
230259653024174,02
230259653024175,02
230259653024176,02
230259653024177,02
230259653024178,02
230259653024179,02
230259653024180,02
230259653024181,02
230259653024182,02
230259653024183,02
230259653024184,02
230259653024185,02
230259653024186,02
230259653024187,02
230259653024188,02
230259653024189,02
230259653024190,02
230259653024191,02
230259653024192,02
230259653024193,02
230259653024194,02
230259653024195,02
230259653024196,02
230259653024197,02
230259653024198,02
230259653024199,02
230259653024200,02
230259653024201,02
230259653024202,02
230259653024203,02
230259653024204,02
230259653024205,02
230259653024206,02
230259653024207,02
230259653024208,02
230259653024209,02
230259653024210,02
230259653024211,02
230259653024212,02
230259653024213,02
230259653024214,02
230259653024215,02
230259653024216,02
230259653024217,02
230259653024218,02
230259653024219,02
230259653024220,02
230259653024221,02
230259653024222,02
230259653024223,02
230259653024224,02
230259653024225,02
230259653024226,02
230259653024227,02
230259653024228,02
230259653024229,02
230259653024230,02
230259653024231,02
230259653024232,02
230259653024233,02
230259653024234,02
230259653024235,02
230259653024236,02
230259653024237,02
230259653024238,02
230259653024239,02
230259653024240,02
230259653024241,02
230259653024242,02
230259653024243,02
230259653024244,02
230259653024245,02
230259653024246,02
230259653024247,02
230259653024248,02
230259653024249,02
230259653024250,02
230259653024251,02
230259653024252,02
230259653024253,02
230259653024254,02
230259653024255,02
230259653024256,02
230259653024257,02
230259653024258,02
230259653024259,02
230259653024260,02
230259653024261,02
230259653024262,02
230259653024263,02
230259653024264,02
230259653024265,02
230259653024266,02
230259653024267,02
230259653024268,02
230259653024269,02
230259653024270,02
230259653024271,02
230259653024272,02
230259656001000,02
230259656001001,02
230259656001002,02
230259656001003,02
230259656001004,02
230259656001005,02
230259656001006,02
230259656001007,02
230259656001008,02
230259656001009,02
230259656001010,02
230259656001011,02
230259656001012,02
230259656001013,02
230259656001014,02
230259656001015,02
230259656001016,02
230259656001017,02
230259656001018,02
230259656001019,02
230259656001020,02
230259656001021,02
230259656001022,02
230259656001023,02
230259656001024,02
230259656001025,02
230259656001026,02
230259656001027,02
230259656001028,02
230259656001029,02
230259656001030,02
230259656001031,02
230259656001032,02
230259656001033,02
230259656001034,02
230259656001035,02
230259656001036,02
230259656001037,02
230259656001038,02
230259656001039,02
230259656001040,02
230259656001041,02
230259656001042,02
230259656001043,02
230259656001044,02
230259656001045,02
230259656001046,02
230259656001047,02
230259656001048,02
230259656001049,02
230259656001050,02
230259656001051,02
230259656001052,02
230259656001053,02
230259656001054,02
230259656001055,02
230259656001056,02
230259656001057,02
230259656001058,02
230259656001059,02
230259656001060,02
230259656001061,02
230259656001062,02
230259656001063,02
230259656001064,02
230259656001065,02
230259656001066,02
230259656001067,02
230259656001068,02
230259656001069,02
230259656001070,02
230259656001071,02
230259656001072,02
230259656001073,02
230259656001074,02
230259656001075,02
230259656001076,02
230259656001077,02
230259656001078,02
230259656001079,02
230259656001080,02
230259656001081,02
230259656001082,02
230259656001083,02
230259656001084,02
230259656001085,02
230259656001086,02
230259656001087,02
230259656001088,02
230259656001089,02
230259656001090,02
230259656001091,02
230259656001092,02
230259656001093,02
230259656001094,02
230259656001095,02
230259656001096,02
230259656001097,02
230259656001098,02
230259656001099,02
230259656001100,02
230259656001101,02
230259656001102,02
230259656001103,02
230259656001104,02
230259656001105,02
230259656001106,02
230259656001107,02
230259656001108,02
230259656001109,02
230259656001110,02
230259656001111,02
230259656001112,02
230259656001113,02
230259656002000,02
230259656002001,02
230259656002002,02
230259656002003,02
230259656002004,02
230259656002005,02
230259656002006,02
230259656002007,02
230259656002008,02
230259656002009,02
230259656002010,02
230259656002011,02
230259656002012,02
230259656002013,02
230259656002014,02
230259656002015,02
230259656002016,02
230259656002017,02
230259656002018,02
230259656002019,02
230259656002020,02
230259656002021,02
230259656002022,02
230259656002023,02
230259656002024,02
230259656002025,02
230259656002026,02
230259656002027,02
230259656002028,02
230259656002029,02
230259656002030,02
230259656002031,02
230259656002032,02
230259656002033,02
230259656002034,02
230259656002035,02
230259656002036,02
230259656002037,02
230259656002038,02
230259656002039,02
230259656002040,02
230259656002041,02
230259656002042,02
230259656002043,02
230259656002044,02
230259656002045,02
230259656002046,02
230259656002047,02
230259656002048,02
230259656002049,02
230259656002050,02
230259656002051,02
230259656002052,02
230259656002053,02
230259656002054,02
230259656002055,02
230259656002056,02
230259656002057,02
230259656002058,02
230259657001000,02
230259657001001,02
230259657001002,02
230259657001003,02
230259657001004,02
230259657001005,02
230259657001006,02
230259657001007,02
230259657001008,02
230259657001009,02
230259657001010,02
230259657001011,02
230259657001012,02
230259657001013,02
230259657001014,02
230259657001015,02
230259657001016,02
230259657001017,02
230259657001018,02
230259657001019,02
230259657001020,02
230259657002000,02
230259657002001,02
230259657002002,02
230259657002003,02
230259657002004,02
230259657002005,02
230259657002006,02
230259657002007,02
230259657002008,02
230259657002009,02
230259657002010,02
230259657002011,02
230259657002012,02
230259657002013,02
230259657002014,02
230259657002015,02
230259657002016,02
230259657002017,02
230259657002018,02
230259657002019,02
230259657002020,02
230259657002021,02
230259657002022,02
230259657002023,02
230259657002024,02
230259657002025,02
230259657002026,02
230259657002027,02
230259657002028,02
230259657002029,02
230259657002030,02
230259657002031,02
230259657002032,02
230259657002033,02
230259657002034,02
230259657002035,02
230259657002036,02
230259657002037,02
230259657002038,02
230259657002039,02
230259657002040,02
230259657002041,02
230259657002042,02
230259657002043,02
230259657002044,02
230259657002045,02
230259657002046,02
230259657002047,02
230259657002048,02
230259657002049,02
230259657002050,02
230259657002051,02
230259657002052,02
230259657003000,02
230259657003001,02
230259657003002,02
230259657003003,02
230259657003004,02
230259657003005,02
230259657003006,02
230259657003007,02
230259657003008,02
230259657003009,02
230259657003010,02
230259657003011,02
230259657003012,02
230259657003013,02
230259657003014,02
230259657003015,02
230259657003016,02
230259657003017,02
230259657003018,02
230259657003019,02
230259657003020,02
230259657003021,02
230259657003022,02
230259657003023,02
230259657003024,02
230259657003025,02
230259657003026,02
230259657003027,02
230259657003028,02
230259657003029,02
230259657003030,02
230259657003031,02
230259657003032,02
230259657003033,02
230259657003034,02
230259657003035,02
230259657003036,02
230259657003037,02
230259658001000,02
230259658001001,02
230259658001002,02
230259658001003,02
230259658001004,02
230259658001005,02
230259658001006,02
230259658001007,02
230259658001008,02
230259658001009,02
230259658001010,02
230259658001011,02
230259658001012,02
230259658001013,02
230259658001014,02
230259658001015,02
230259658001016,02
230259658001017,02
230259658001018,02
230259658001019,02
230259658001020,02
230259658001021,02
230259658001022,02
230259658001023,02
230259658001024,02
230259658001025,02
230259658001026,02
230259658001027,02
230259658001028,02
230259658001029,02
230259658001030,02
230259658001031,02
230259658001032,02
230259658001033,02
230259658001034,02
230259658001035,02
230259658001036,02
230259658001037,02
230259658001038,02
230259658001039,02
230259658001040,02
230259658001041,02
230259658001042,02
230259658001043,02
230259658001044,02
230259658001045,02
230259658001046,02
230259658001047,02
230259658001048,02
230259658001049,02
230259658001050,02
230259658001051,02
230259658001052,02
230259658001053,02
230259658001054,02
230259658001055,02
230259658001056,02
230259658001057,02
230259658001058,02
230259658001059,02
230259658001060,02
230259658001061,02
230259658001062,02
230259658001063,02
230259658001064,02
230259658001065,02
230259658001066,02
230259658001067,02
230259658001068,02
230259658001069,02
230259658001070,02
230259658001071,02
230259658001072,02
230259658001073,02
230259658001074,02
230259658001075,02
230259658001076,02
230259658002000,02
230259658002001,02
230259658002002,02
230259658002003,02
230259658002004,02
230259658002005,02
230259658002006,02
230259658002007,02
230259658002008,02
230259658002009,02
230259658002010,02
230259658002011,02
230259658002012,02
230259658002013,02
230259658002014,02
230259658002015,02
230259658002016,02
230259658002017,02
230259658002018,02
230259658002019,02
230259658002020,02
230259658002021,02
230259658002022,02
230259658002023,02
230259658002024,02
230259658002025,02
230259658002026,02
230259658002027,02
230259658002028,02
230259658002029,02
230259658002030,02
230259658002031,02
230259658002032,02
230259658002033,02
230259658002034,02
230259658002035,02
230259659001000,02
230259659001001,02
230259659001002,02
230259659001003,02
230259659001004,02
230259659001005,02
230259659001006,02
230259659001007,02
230259659001008,02
230259659001009,02
230259659001010,02
230259659001011,02
230259659001012,02
230259659001013,02
230259659001014,02
230259659001015,02
230259659001016,02
230259659001017,02
230259659001018,02
230259659001019,02
230259659001020,02
230259659001021,02
230259659001022,02
230259659001023,02
230259659001024,02
230259659001025,02
230259659001026,02
230259659001027,02
230259659001028,02
230259659001029,02
230259659001030,02
230259659001031,02
230259659001032,02
230259659001033,02
230259659001034,02
230259659001035,02
230259659001036,02
230259659001037,02
230259659001038,02
230259659001039,02
230259659001040,02
230259659001041,02
230259659001042,02
230259659001043,02
230259659001044,02
230259659001045,02
230259659001046,02
230259659001047,02
230259659001048,02
230259659001049,02
230259659001050,02
230259659001051,02
230259659001052,02
230259659001053,02
230259659001054,02
230259659001055,02
230259659001056,02
230259659001057,02
230259659001058,02
230259659001059,02
230259659001060,02
230259659001061,02
230259659001062,02
230259659001063,02
230259659001064,02
230259659001065,02
230259659001066,02
230259659001067,02
230259659001068,02
230259659001069,02
230259659001070,02
230259659001071,02
230259659001072,02
230259660001000,02
230259660001001,02
230259660001002,02
230259660001003,02
230259660001004,02
230259660001005,02
230259660001006,02
230259660001007,02
230259660001008,02
230259660001009,02
230259660001010,02
230259660001011,02
230259660001012,02
230259660001013,02
230259660001014,02
230259660001015,02
230259660001016,02
230259660001017,02
230259660001018,02
230259660001019,02
230259660001020,02
230259660001021,02
230259660001022,02
230259660001023,02
230259660001024,02
230259660001025,02
230259660001026,02
230259660001027,02
230259660001028,02
230259660001029,02
230259660001030,02
230259660002000,02
230259660002001,02
230259660002002,02
230259660002003,02
230259660002004,02
230259660002005,02
230259660002006,02
230259660002007,02
230259660002008,02
230259660002009,02
230259660002010,02
230259660002011,02
230259660002012,02
230259660002013,02
230259660002014,02
230259660002015,02
230259660002016,02
230259660002017,02
230259660002018,02
230259660002019,02
230259660002020,02
230259660002021,02
230259660002022,02
230259660002023,02
230259660002024,02
230259660002025,02
230259660002026,02
230259660002027,02
230259660002028,02
230259660002029,02
230259660002030,02
230259660002031,02
230259660002032,02
230259660002033,02
230259660002034,02
230259660002035,02
230259660002036,02
230259660002037,02
230259660002038,02
230259660002039,02
230259660002040,02
230259660002041,02
230259660002042,02
230259660002043,02
230259660002044,02
230259660002045,02
230259660002046,02
230259660002047,02
230259660002048,02
230259660002049,02
230259660002050,02
230259660002051,02
230259660002052,02
230259660002053,02
230259660002054,02
230259660002055,02
230259660002056,02
230259660003000,02
230259660003001,02
230259660003002,02
230259660003003,02
230259660003004,02
230259660003005,02
230259660003006,02
230259660003007,02
230259660003008,02
230259660003009,02
230259660003010,02
230259660003011,02
230259660003012,02
230259660003013,02
230259660003014,02
230259660003015,02
230259660003016,02
230259660003017,02
230259660003018,02
230259660003019,02
230259660003020,02
230259660003021,02
230259660003022,02
230259660003023,02
230259660003024,02
230259660003025,02
230259660003026,02
230259660003027,02
230259660003028,02
230259660003029,02
230259660003030,02
230259660003031,02
230259660003032,02
230259660003033,02
230259660003034,02
230259660003035,02
230259660003036,02
230259660003037,02
230259660004000,02
230259660004001,02
230259660004002,02
230259660004003,02
230259660004004,02
230259660004005,02
230259660004006,02
230259660004007,02
230259660004008,02
230259660004009,02
230259660004010,02
230259660004011,02
230259660004012,02
230259660004013,02
230259660004014,02
230259660004015,02
230259660004016,02
230259660004017,02
230259660004018,02
230259660004019,02
230259660004020,02
230259660004021,02
230259660004022,02
230259660004023,02
230259660004024,02
230259660004025,02
230259660004026,02
230259660004027,02
230259660004028,02
230259660004029,02
230259660004030,02
230259660004031,02
230259660004032,02
230259660004033,02
230259660004034,02
230259660004035,02
230259660004036,02
230259660004037,02
230259660004038,02
230259660004039,02
230259660004040,02
230259660004041,02
230259660004042,02
230259661001000,02
230259661001001,02
230259661001002,02
230259661001003,02
230259661001004,02
230259661001005,02
230259661001006,02
230259661001007,02
230259661001008,02
230259661001009,02
230259661001010,02
230259661001011,02
230259661001012,02
230259661001013,02
230259661001014,02
230259661001015,02
230259661001016,02
230259661001017,02
230259661001018,02
230259661001019,02
230259661001020,02
230259661001021,02
230259661001022,02
230259661001023,02
230259661001024,02
230259661001025,02
230259661001026,02
230259661001027,02
230259661001028,02
230259661001029,02
230259661001030,02
230259661001031,02
230259661001032,02
230259661001033,02
230259661001034,02
230259661001035,02
230259661001036,02
230259661001037,02
230259661001038,02
230259661001039,02
230259661001040,02
230259661001041,02
230259661001042,02
230259661001043,02
230259661001044,02
230259661001045,02
230259661001046,02
230259661001047,02
230259661001048,02
230259661001049,02
230259661001050,02
230259661001051,02
230259661001052,02
230259661001053,02
230259661001054,02
230259661001055,02
230259661001056,02
230259661001057,02
230259661001058,02
230259661001059,02
230259661001060,02
230259661001061,02
230259661002000,02
230259661002001,02
230259661002002,02
230259661002003,02
230259661002004,02
230259661002005,02
230259661002006,02
230259661002007,02
230259661002008,02
230259661002009,02
230259661002010,02
230259661002011,02
230259661002012,02
230259661002013,02
230259661002014,02
230259661002015,02
230259661002016,02
230259661002017,02
230259661002018,02
230259661002019,02
230259661002020,02
230259661002021,02
230259661002022,02
230259661002023,02
230259661002024,02
230259661002025,02
230259661002026,02
230259661002027,02
230259661002028,02
230259661002029,02
230259661003000,02
230259661003001,02
230259661003002,02
230259661003003,02
230259661003004,02
230259661003005,02
230259661003006,02
230259661003007,02
230259661003008,02
230259661003009,02
230259661003010,02
230259661003011,02
230259661003012,02
230259661003013,02
230259661003014,02
230259661003015,02
230259661003016,02
230259661003017,02
230259661003018,02
230259661003019,02
230259661003020,02
230259661003021,02
230259661003022,02
230259661003023,02
230259661003024,02
230259661003025,02
230259661003026,02
230259661003027,02
230259661003028,02
230259661003029,02
230259661003030,02
230259661003031,02
230259662001000,02
230259662001001,02
230259662001002,02
230259662001003,02
230259662001004,02
230259662001005,02
230259662001006,02
230259662001007,02
230259662001008,02
230259662001009,02
230259662001010,02
230259662001011,02
230259662001012,02
230259662001013,02
230259662001014,02
230259662001015,02
230259662001016,02
230259662001017,02
230259662001018,02
230259662001019,02
230259662001020,02
230259662001021,02
230259662001022,02
230259662001023,02
230259662001024,02
230259662001025,02
230259662001026,02
230259662001027,02
230259662001028,02
230259662001029,02
230259662001030,02
230259662001031,02
230259662001032,02
230259662001033,02
230259662001034,02
230259662001035,02
230259662001036,02
230259662001037,02
230259662001038,02
230259662001039,02
230259662001040,02
230259662001041,02
230259662001042,02
230259662001043,02
230259662001044,02
230259662001045,02
230259662001046,02
230259662002000,02
230259662002001,02
230259662002002,02
230259662002003,02
230259662002004,02
230259662002005,02
230259662002006,02
230259662002007,02
230259662002008,02
230259662002009,02
230259662002010,02
230259662002011,02
230259662002012,02
230259662002013,02
230259662002014,02
230259662002015,02
230259662002016,02
230259662002017,02
230259662002018,02
230259662002019,02
230259662002020,02
230259662002021,02
230259662002022,02
230259662002023,02
230259662002024,02
230259662002025,02
230259662002026,02
230259662002027,02
230259662002028,02
230259662002029,02
230259662002030,02
230259662002031,02
230259662002032,02
230259662002033,02
230259662002034,02
230259662002035,02
230259662002036,02
230259662002037,02
230259662002038,02
230259662002039,02
230259662002040,02
230259662002041,02
230259662002042,02
230259662002043,02
230259662002044,02
230259662002045,02
230259662002046,02
230259662002047,02
230259662002048,02
230259662002049,02
230259662002050,02
230259662002051,02
230259662002052,02
230259662002053,02
230259662002054,02
230259662002055,02
230259662002056,02
230259663001000,02
230259663001001,02
230259663001002,02
230259663001003,02
230259663001004,02
230259663001005,02
230259663001006,02
230259663001007,02
230259663001008,02
230259663001009,02
230259663001010,02
230259663001011,02
230259663001012,02
230259663001013,02
230259663001014,02
230259663001015,02
230259663001016,02
230259663001017,02
230259663001018,02
230259663001019,02
230259663001020,02
230259663001021,02
230259663001022,02
230259663001023,02
230259663001024,02
230259663001025,02
230259663001026,02
230259663001027,02
230259663001028,02
230259663001029,02
230259663001030,02
230259663001031,02
230259663001032,02
230259663001033,02
230259663001034,02
230259663001035,02
230259663001036,02
230259663001037,02
230259663001038,02
230259663001039,02
230259663001040,02
230259663001041,02
230259663001042,02
230259663001043,02
230259663001044,02
230259663001045,02
230259663001046,02
230259663001047,02
230259663001048,02
230259663001049,02
230259663001050,02
230259663001051,02
230259663001052,02
230259663001053,02
230259663001054,02
230259663001055,02
230259663001056,02
230259663001057,02
230259663001058,02
230259663001059,02
230259663001060,02
230259663001061,02
230259663001062,02
230259663001063,02
230259663001064,02
230259663001065,02
230259663001066,02
230259663001067,02
230259663001068,02
230259663001069,02
230259663001070,02
230259663001071,02
230259663001072,02
230259663001073,02
230259663001074,02
230259663001075,02
230259663001076,02
230259663001077,02
230259663001078,02
230259663001079,02
230259663001080,02
230259663001081,02
230259663001082,02
230259663001083,02
230259663001084,02
230259663001085,02
230259663001086,02
230259663001087,02
230259663001088,02
230259663001089,02
230259663001090,02
230259663001091,02
230259663001092,02
230259663001093,02
230259663001094,02
230259663001095,02
230259663001096,02
230259663001097,02
230259663001098,02
230259663001099,02
230259663001100,02
230259663001101,02
230259663001102,02
230259663001103,02
230259663001104,02
230259663001105,02
230259663001106,02
230259663001107,02
230259663001108,02
230259663001109,02
230259663001110,02
230259663002000,02
230259663002001,02
230259663002002,02
230259663002003,02
230259663002004,02
230259663002005,02
230259663002006,02
230259663002007,02
230259663002008,02
230259663002009,02
230259663002010,02
230259663002011,02
230259663002012,02
230259663002013,02
230259663002014,02
230259663002015,02
230259663002016,02
230259663002017,02
230259663002018,02
230259663002019,02
230259663002020,02
230259663002021,02
230259663002022,02
230259663002023,02
230259663002024,02
230259663002025,02
230259663002026,02
230259663002027,02
230259663002028,02
230259663002029,02
230259663002030,02
230259663002031,02
230259663002032,02
230259663002033,02
230259663002034,02
230259663002035,02
230259663002036,02
230259663002037,02
230259663002038,02
230259663002039,02
230259663002040,02
230259663002041,02
230259663002042,02
230259663002043,02
230259663002044,02
230259663002045,02
230259663002046,02
230259663002047,02
230259663002048,02
230259663002049,02
230259663002050,02
230259663002051,02
230259663002052,02
230259663002053,02
230259663002054,02
230259663002055,02
230259663002056,02
230259663002057,02
230259663002058,02
230259663002059,02
230259663002060,02
230259663002061,02
230259663002062,02
230259663002063,02
230259663002064,02
230259663002065,02
230259663002066,02
230259663002067,02
230259664001000,02
230259664001001,02
230259664001002,02
230259664001003,02
230259664001004,02
230259664001005,02
230259664001006,02
230259664001007,02
230259664001008,02
230259664001009,02
230259664001010,02
230259664001011,02
230259664001012,02
230259664001013,02
230259664001014,02
230259664001015,02
230259664001016,02
230259664001017,02
230259664001018,02
230259664001019,02
230259664001020,02
230259664001021,02
230259664001022,02
230259664001023,02
230259664001024,02
230259664001025,02
230259664001026,02
230259664001027,02
230259664001028,02
230259664001029,02
230259664001030,02
230259664001031,02
230259664001032,02
230259664001033,02
230259664001034,02
230259664001035,02
230259664001036,02
230259664001037,02
230259664001038,02
230259664001039,02
230259664001040,02
230259664001041,02
230259664001042,02
230259664001043,02
230259664001044,02
230259664001045,02
230259664001046,02
230259664001047,02
230259664001048,02
230259664001049,02
230259664001050,02
230259664001051,02
230259664001052,02
230259664001053,02
230259664001054,02
230259664001055,02
230259664001056,02
230259664001057,02
230259664001058,02
230259664001059,02
230259664001060,02
230259664001061,02
230259664001062,02
230259664001063,02
230259664001064,02
230259664001065,02
230259664001066,02
230259664001067,02
230259664001068,02
230259664001069,02
230259664001070,02
230259664002000,02
230259664002001,02
230259664002002,02
230259664002003,02
230259664002004,02
230259664002005,02
230259664002006,02
230259664002007,02
230259664002008,02
230259664002009,02
230259664002010,02
230259664002011,02
230259664002012,02
230259664002013,02
230259664002014,02
230259664002015,02
230259664002016,02
230259664002017,02
230259664002018,02
230259664002019,02
230259664002020,02
230259664002021,02
230259664002022,02
230259664002023,02
230259664002024,02
230259664002025,02
230259664002026,02
230259664002027,02
230259664002028,02
230259664002029,02
230259664002030,02
230259664002031,02
230259664002032,02
230259664002033,02
230259664002034,02
230259664002035,02
230259664002036,02
230259664002037,02
230259664002038,02
230259665001000,02
230259665001001,02
230259665001002,02
230259665001003,02
230259665001004,02
230259665001005,02
230259665001006,02
230259665001007,02
230259665001008,02
230259665001009,02
230259665001010,02
230259665001011,02
230259665001012,02
230259665001013,02
230259665001014,02
230259665001015,02
230259665001016,02
230259665001017,02
230259665001018,02
230259665001019,02
230259665001020,02
230259665001021,02
230259665001022,02
230259665002000,02
230259665002001,02
230259665002002,02
230259665002003,02
230259665002004,02
230259665002005,02
230259665002006,02
230259665002007,02
230259665002008,02
230259665002009,02
230259665002010,02
230259665002011,02
230259665002012,02
230259665002013,02
230259665002014,02
230259665002015,02
230259665002016,02
230259665002017,02
230259665002018,02
230259665002019,02
230259665002020,02
230259665002021,02
230259665002022,02
230259665002023,02
230259665002024,02
230259665002025,02
230259665002026,02
230259665002027,02
230259665002028,02
230259665002029,02
230259665002030,02
230259665002031,02
230259665002032,02
230259665002033,02
230259665002034,02
230259665002035,02
230259665002036,02
230259665002037,02
230259665002038,02
230259665002039,02
230259665002040,02
230259665002041,02
230259665002042,02
230259665002043,02
230259665002044,02
230259665002045,02
230259665003000,02
230259665003001,02
230259665003002,02
230259665003003,02
230259665003004,02
230259665003005,02
230259665003006,02
230259665003007,02
230259665003008,02
230259665003009,02
230259665003010,02
230259665003011,02
230259665003012,02
230259665003013,02
230259665003014,02
230259665003015,02
230259665003016,02
230259665003017,02
230259665003018,02
230259665003019,02
230259665003020,02
230259665003021,02
230259665003022,02
230259665003023,02
230259665003024,02
230259665003025,02
230259665003026,02
230259665003027,02
230259665003028,02
230259665003029,02
230259665003030,02
230259665004000,02
230259665004001,02
230259665004002,02
230259665004003,02
230259665004004,02
230259665004005,02
230259665004006,02
230259665004007,02
230259665004008,02
230259665004009,02
230259665004010,02
230259665004011,02
230259665004012,02
230259665004013,02
230259665004014,02
230259665004015,02
230259665004016,02
230259665004017,02
230259665004018,02
230259665004019,02
230259665004020,02
230259666011000,02
230259666011001,02
230259666011002,02
230259666011003,02
230259666011004,02
230259666011005,02
230259666011006,02
230259666011007,02
230259666011008,02
230259666011009,02
230259666011010,02
230259666011011,02
230259666011012,02
230259666011013,02
230259666011014,02
230259666011015,02
230259666011016,02
230259666011017,02
230259666011018,02
230259666011019,02
230259666011020,02
230259666011021,02
230259666011022,02
230259666011023,02
230259666011024,02
230259666011025,02
230259666011026,02
230259666012000,02
230259666012001,02
230259666012002,02
230259666012003,02
230259666012004,02
230259666012005,02
230259666012006,02
230259666012007,02
230259666012008,02
230259666012009,02
230259666012010,02
230259666012011,02
230259666012012,02
230259666012013,02
230259666012014,02
230259666012015,02
230259666012016,02
230259666012017,02
230259666012018,02
230259666012019,02
230259666012020,02
230259666012021,02
230259666012022,02
230259666012023,02
230259666012024,02
230259666012025,02
230259666012026,02
230259666012027,02
230259666012028,02
230259666012029,02
230259666012030,02
230259666012031,02
230259666012032,02
230259666021000,02
230259666021001,02
230259666021002,02
230259666021003,02
230259666021004,02
230259666021005,02
230259666021006,02
230259666021007,02
230259666021008,02
230259666021009,02
230259666021010,02
230259666021011,02
230259666021012,02
230259666021013,02
230259666021014,02
230259666021015,02
230259666021016,02
230259666021017,02
230259666021018,02
230259666021019,02
230259666021020,02
230259666021021,02
230259666021022,02
230259666021023,02
230259666021024,02
230259666021025,02
230259666021026,02
230259666021027,02
230259666022000,02
230259666022001,02
230259666022002,02
230259666022003,02
230259666022004,02
230259666022005,02
230259666022006,02
230259666022007,02
230259666022008,02
230259666022009,02
230259666022010,02
230259666022011,02
230259666022012,02
230259666022013,02
230259666022014,02
230259666022015,02
230259666022016,02
230259666022017,02
230259666022018,02
230259666022019,02
230259667011000,02
230259667011001,02
230259667011002,02
230259667011003,02
230259667011004,02
230259667011005,02
230259667011006,02
230259667011007,02
230259667011008,02
230259667011009,02
230259667011010,02
230259667011011,02
230259667011012,02
230259667011013,02
230259667011014,02
230259667011015,02
230259667011016,02
230259667011017,02
230259667011018,02
230259667011019,02
230259667011020,02
230259667011021,02
230259667011022,02
230259667011023,02
230259667011024,02
230259667011025,02
230259667012000,02
230259667012001,02
230259667012002,02
230259667012003,02
230259667012004,02
230259667012005,02
230259667012006,02
230259667012007,02
230259667012008,02
230259667012009,02
230259667012010,02
230259667012011,02
230259667012012,02
230259667012013,02
230259667012014,02
230259667012015,02
230259667012016,02
230259667012017,02
230259667012018,02
230259667012019,02
230259667012020,02
230259667012021,02
230259667013000,02
230259667013001,02
230259667013002,02
230259667013003,02
230259667013004,02
230259667013005,02
230259667013006,02
230259667013007,02
230259667013008,02
230259667013009,02
230259667013010,02
230259667013011,02
230259667013012,02
230259667013013,02
230259667013014,02
230259667013015,02
230259667013016,02
230259667013017,02
230259667021000,02
230259667021001,02
230259667021002,02
230259667021003,02
230259667021004,02
230259667021005,02
230259667021006,02
230259667021007,02
230259667021008,02
230259667021009,02
230259667021010,02
230259667021011,02
230259667021012,02
230259667021013,02
230259667021014,02
230259667021015,02
230259667021016,02
230259667021017,02
230259667021018,02
230259667021019,02
230259667021020,02
230259667021021,02
230259667021022,02
230259667021023,02
230259667021024,02
230259667021025,02
230259667021026,02
230259667021027,02
230259667021028,02
230259667021029,02
230259667021030,02
230259667021031,02
230259667021032,02
230259667021033,02
230259667021034,02
230259667021035,02
230259667021036,02
230259667021037,02
230259667021038,02
230259667021039,02
230259667021040,02
230259668011000,02
230259668011001,02
230259668011002,02
230259668011003,02
230259668011004,02
230259668011005,02
230259668011006,02
230259668011007,02
230259668011008,02
230259668011009,02
230259668011010,02
230259668011011,02
230259668011012,02
230259668011013,02
230259668011014,02
230259668011015,02
230259668011016,02
230259668011017,02
230259668011018,02
230259668011019,02
230259668011020,02
230259668011021,02
230259668011022,02
230259668011023,02
230259668011024,02
230259668011025,02
230259668012000,02
230259668012001,02
230259668012002,02
230259668012003,02
230259668012004,02
230259668012005,02
230259668012006,02
230259668012007,02
230259668012008,02
230259668012009,02
230259668012010,02
230259668012011,02
230259668012012,02
230259668012013,02
230259668012014,02
230259668012015,02
230259668012016,02
230259668012017,02
230259668012018,02
230259668012019,02
230259668012020,02
230259668012021,02
230259668012022,02
230259668012023,02
230259668012024,02
230259668012025,02
230259668012026,02
230259668012027,02
230259668012028,02
230259668013000,02
230259668013001,02
230259668013002,02
230259668013003,02
230259668013004,02
230259668013005,02
230259668013006,02
230259668013007,02
230259668013008,02
230259668013009,02
230259668013010,02
230259668013011,02
230259668013012,02
230259668013013,02
230259668013014,02
230259668013015,02
230259668013016,02
230259668013017,02
230259668013018,02
230259668013019,02
230259668013020,02
230259668013021,02
230259668013022,02
230259668013023,02
230259668014000,02
230259668014001,02
230259668014002,02
230259668014003,02
230259668014004,02
230259668014005,02
230259668014006,02
230259668014007,02
230259668014008,02
230259668014009,02
230259668014010,02
230259668014011,02
230259668014012,02
230259668014013,02
230259668014014,02
230259668014015,02
230259668014016,02
230259668014017,02
230259668014018,02
230259668014019,02
230259668014020,02
230259668021000,02
230259668021001,02
230259668021002,02
230259668021003,02
230259668021004,02
230259668021005,02
230259668021006,02
230259668021007,02
230259668021008,02
230259668021009,02
230259668021010,02
230259668021011,02
230259668021012,02
230259668021013,02
230259668021014,02
230259668021015,02
230259668022000,02
230259668022001,02
230259668022002,02
230259668022003,02
230259668022004,02
230259668022005,02
230259668022006,02
230259668022007,02
230259668022008,02
230259668022009,02
230259668022010,02
230259668022011,02
230259668022012,02
230259668022013,02
230259668022014,02
230259668022015,02
230259668022016,02
230259668022017,02
230259668022018,02
230259668022019,02
230259668022020,02
230259668022021,02
230259668022022,02
230259668022023,02
230259668022024,02
230259668022025,02
230259668022026,02
230259668022027,02
230259668022028,02
230259668022029,02
230259668022030,02
230259668022031,02
230259668022032,02
230259668022033,02
230259668022034,02
230259668023000,02
230259668023001,02
230259668023002,02
230259668023003,02
230259668023004,02
230259668023005,02
230259668023006,02
230259668023007,02
230259668023008,02
230259668023009,02
230259668023010,02
230259668023011,02
230259668023012,02
230259668023013,02
230259668023014,02
230259668023015,02
230259669001000,02
230259669001001,02
230259669001002,02
230259669001003,02
230259669001004,02
230259669001005,02
230259669001006,02
230259669001007,02
230259669001008,02
230259669001009,02
230259669001010,02
230259669001011,02
230259669001012,02
230259669001013,02
230259669001014,02
230259669001015,02
230259669001016,02
230259669001017,02
230259669001018,02
230259669001019,02
230259669001020,02
230259669001021,02
230259669001022,02
230259669001023,02
230259669001024,02
230259669001025,02
230259669001026,02
230259669001027,02
230259669001028,02
230259669001029,02
230259669001030,02
230259669001031,02
230259669001032,02
230259669001033,02
230259669001034,02
230259669001035,02
230259669001036,02
230259669001037,02
230259669001038,02
230259669001039,02
230259669001040,02
230259669001041,02
230259669001042,02
230259669002000,02
230259669002001,02
230259669002002,02
230259669002003,02
230259669002004,02
230259669002005,02
230259669002006,02
230259669002007,02
230259669002008,02
230259669002009,02
230259669002010,02
230259669002011,02
230259669002012,02
230259669002013,02
230259669002014,02
230259669002015,02
230259669002016,02
230259669002017,02
230259669002018,02
230259669002019,02
230259669002020,02
230259669002021,02
230259669002022,02
230259669002023,02
230259669002024,02
230259669002025,02
230259669002026,02
230259669002027,02
230259669002028,02
230259669002029,02
230259669002030,02
230259669002031,02
230259669002032,02
230259669002033,02
230259669002034,02
230259669002035,02
230259669002036,02
230259669002037,02
230259669002038,02
230259670001000,02
230259670001001,02
230259670001002,02
230259670001003,02
230259670001004,02
230259670001005,02
230259670001006,02
230259670001007,02
230259670001008,02
230259670001009,02
230259670001010,02
230259670001011,02
230259670001012,02
230259670001013,02
230259670001014,02
230259670001015,02
230259670001016,02
230259670001017,02
230259670001018,02
230259670001019,02
230259670001020,02
230259670001021,02
230259670001022,02
230259670001023,02
230259670001024,02
230259670001025,02
230259670001026,02
230259670001027,02
230259670001028,02
230259670001029,02
230259670001030,02
230259670001031,02
230259670001032,02
230259670001033,02
230259670001034,02
230259670001035,02
230259670001036,02
230259670001037,02
230259670001038,02
230259670001039,02
230259670001040,02
230259670001041,02
230259670001042,02
230259670001043,02
230259670001044,02
230259670001045,02
230259670001046,02
230259670001047,02
230259670001048,02
230259670001049,02
230259670001050,02
230259670001051,02
230259670001052,02
230259670001053,02
230259670001054,02
230259670001055,02
230259670001056,02
230259670001057,02
230259670001058,02
230259670001059,02
230259670001060,02
230259670001061,02
230259670001062,02
230259670001063,02
230259670001064,02
230259670001065,02
230259670001066,02
230259670001067,02
230259670001068,02
230259670001069,02
230259670001070,02
230259670001071,02
230259670002000,02
230259670002001,02
230259670002002,02
230259670002003,02
230259670002004,02
230259670002005,02
230259670002006,02
230259670002007,02
230259670002008,02
230259670002009,02
230259670002010,02
230259670002011,02
230259670002012,02
230259670002013,02
230259670002014,02
230259670002015,02
230259670002016,02
230259670002017,02
230259670002018,02
230259670002019,02
230259670002020,02
230259670002021,02
230259670002022,02
230259670002023,02
230259670002024,02
230259670002025,02
230259670002026,02
230259670002027,02
230259670002028,02
230259670002029,02
230270410001000,02
230270410001001,02
230270410001002,02
230270410001003,02
230270410001004,02
230270410001005,02
230270410001006,02
230270410001007,02
230270410001008,02
230270410001009,02
230270410001010,02
230270410001011,02
230270410001012,02
230270410001013,02
230270410001014,02
230270410001015,02
230270410001016,02
230270410001017,02
230270410001018,02
230270410001019,02
230270410001020,02
230270410001021,02
230270410001022,02
230270410001023,02
230270410001024,02
230270410001025,02
230270410001026,02
230270410001027,02
230270410001028,02
230270410001029,02
230270410001030,02
230270410001031,02
230270410001032,02
230270410002000,02
230270410002001,02
230270410002002,02
230270410002003,02
230270410002004,02
230270410002005,02
230270410002006,02
230270410002007,02
230270410002008,02
230270410002009,02
230270410002010,02
230270410002011,02
230270410002012,02
230270410002013,02
230270410002014,02
230270410002015,02
230270410002016,02
230270410002017,02
230270410002018,02
230270410002019,02
230270410002020,02
230270410002021,02
230270410002022,02
230270410002023,02
230270410002024,02
230270410002025,02
230270410002026,02
230270410002027,02
230270410002028,02
230270410002029,02
230270410002030,02
230270410002031,02
230270410002032,02
230270410002033,02
230270410002034,02
230270410002035,02
230270410002036,02
230270410002037,02
230270410002038,02
230270410002039,02
230270410002040,02
230270410002041,02
230270410002042,02
230270410002043,02
230270410002044,02
230270410002045,02
230270410002046,02
230270420001000,02
230270420001001,02
230270420001002,02
230270420001003,02
230270420001004,02
230270420001005,02
230270420001006,02
230270420001007,02
230270420001008,02
230270420001009,02
230270420001010,02
230270420001011,02
230270420001012,02
230270420001013,02
230270420001014,02
230270420001015,02
230270420001016,02
230270420001017,02
230270420001018,02
230270420001019,02
230270420001020,02
230270420001021,02
230270420001022,02
230270420001023,02
230270420001024,02
230270420001025,02
230270420001026,02
230270420001027,02
230270420001028,02
230270420001029,02
230270420001030,02
230270420001031,02
230270420001032,02
230270420001033,02
230270420001034,02
230270420001035,02
230270420001036,02
230270420001037,02
230270420001038,02
230270420001039,02
230270420001040,02
230270420001041,02
230270420001042,02
230270420001043,02
230270420001044,02
230270420001045,02
230270420001046,02
230270420002000,02
230270420002001,02
230270420002002,02
230270420002003,02
230270420002004,02
230270420002005,02
230270420002006,02
230270420002007,02
230270420002008,02
230270420002009,02
230270420002010,02
230270420002011,02
230270420002012,02
230270420002013,02
230270420002014,02
230270420002015,02
230270420002016,02
230270420002017,02
230270420002018,02
230270420002019,02
230270420002020,02
230270420002021,02
230270420002022,02
230270420002023,02
230270420002024,02
230270420002025,02
230270420002026,02
230270420002027,02
230270420002028,02
230270420002029,02
230270420002030,02
230270420002031,02
230270420002032,02
230270420002033,02
230270420002034,02
230270420002035,02
230270420002036,02
230270420002037,02
230270420002038,02
230270420002039,02
230270420002040,02
230270420002041,02
230270420002042,02
230270420002043,02
230270420002044,02
230270420002045,02
230270420002046,02
230270420002047,02
230270420002048,02
230270420002049,02
230270420002050,02
230270420002051,02
230270420002052,02
230270420002053,02
230270420003000,02
230270420003001,02
230270420003002,02
230270420003003,02
230270420003004,02
230270420003005,02
230270420003006,02
230270420003007,02
230270420003008,02
230270420003009,02
230270420003010,02
230270420003011,02
230270420003012,02
230270420003013,02
230270420003014,02
230270420003015,02
230270420003016,02
230270420003017,02
230270420003018,02
230270420003019,02
230270420003020,02
230270420003021,02
230270420003022,02
230270420003023,02
230270420003024,02
230270420003025,02
230270420003026,02
230270420003027,02
230270420003028,02
230270420003029,02
230270420003030,02
230270420003031,02
230270420004000,02
230270420004001,02
230270420004002,02
230270420004003,02
230270420004004,02
230270420004005,02
230270420004006,02
230270420004007,02
230270420004008,02
230270420004009,02
230270420004010,02
230270420004011,02
230270420004012,02
230270420004013,02
230270420004014,02
230270420004015,02
230270420004016,02
230270420004017,02
230270420004018,02
230270420004019,02
230270420004020,02
230270420004021,02
230270420004022,02
230270420004023,02
230270420004024,02
230270420004025,02
230270420004026,02
230270420004027,02
230270420004028,02
230270420004029,02
230270420004030,02
230270420004031,02
230270420004032,02
230270420004033,02
230270420004034,02
230270420004035,02
230270420004036,02
230270420004037,02
230270420004038,02
230270420004039,02
230270420004040,02
230270420004041,02
230270420005000,02
230270420005001,02
230270420005002,02
230270420005003,02
230270420005004,02
230270420005005,02
230270420005006,02
230270420005007,02
230270420005008,02
230270420005009,02
230270420005010,02
230270420005011,02
230270420005012,02
230270420005013,02
230270420005014,02
230270420005015,02
230270420005016,02
230270420005017,02
230270420005018,02
230270420005019,02
230270420005020,02
230270420005021,02
230270420005022,02
230270420005023,02
230270420005024,02
230270420006000,02
230270420006001,02
230270420006002,02
230270420006003,02
230270420006004,02
230270420006005,02
230270420006006,02
230270420006007,02
230270420006008,02
230270420006009,02
230270420006010,02
230270420006011,02
230270420006012,02
230270420006013,02
230270420006014,02
230270420006015,02
230270420006016,02
230270420006017,02
230270420006018,02
230270420006019,02
230270420006020,02
230270420006021,02
230270420006022,02
230270420006023,02
230270420006024,02
230270420006025,02
230270420006026,02
230270420006027,02
230270420006028,02
230270420006029,02
230270420006030,02
230270420006031,02
230270420006032,02
230270420006033,02
230270420006034,02
230270420006035,02
230270420006036,02
230270420006037,02
230270420006038,02
230270420006039,02
230270420006040,02
230270420006041,02
230270420006042,02
230270420006043,02
230270420006044,02
230270420006045,02
230270420006046,02
230270420006047,02
230270420006048,02
230270420006049,02
230270420006050,02
230270420006051,02
230270420006052,02
230270420006053,02
230270420006054,02
230270420006055,02
230270420006056,02
230270430001000,02
230270430001001,02
230270430001002,02
230270430001003,02
230270430001004,02
230270430001005,02
230270430001006,02
230270430001007,02
230270430001008,02
230270430001009,02
230270430001010,02
230270430001011,02
230270430001012,02
230270430001013,02
230270430001014,02
230270430001015,02
230270430001016,02
230270430001017,02
230270430001018,02
230270430001019,02
230270430001020,02
230270430001021,02
230270430001022,02
230270430001023,02
230270430001024,02
230270430001025,02
230270430001026,02
230270430001027,02
230270430001028,02
230270430001029,02
230270430001030,02
230270430001031,02
230270430001032,02
230270430001033,02
230270430001034,02
230270430001035,02
230270430001036,02
230270430001037,02
230270430001038,02
230270430001039,02
230270430001040,02
230270430001041,02
230270430001042,02
230270430001043,02
230270430001044,02
230270430001045,02
230270430001046,02
230270430001047,02
230270430001048,02
230270430001049,02
230270430001050,02
230270430001051,02
230270430001052,02
230270430002000,02
230270430002001,02
230270430002002,02
230270430002003,02
230270430002004,02
230270430002005,02
230270430002006,02
230270430002007,02
230270430002008,02
230270430002009,02
230270430002010,02
230270430002011,02
230270430002012,02
230270430002013,02
230270430002014,02
230270430002015,02
230270430002016,02
230270430002017,02
230270430002018,02
230270430002019,02
230270430002020,02
230270430002021,02
230270430002022,02
230270430002023,02
230270430002024,02
230270430002025,02
230270430002026,02
230270430002027,02
230270430002028,02
230270430002029,02
230270430002030,02
230270430002031,02
230270430002032,02
230270430002033,02
230270430002034,02
230270430002035,02
230270430002036,02
230270430002037,02
230270430002038,02
230270430002039,02
230270430002040,02
230270430002041,02
230270430002042,02
230270430002043,02
230270430002044,02
230270430002045,02
230270430002046,02
230270430003000,02
230270430003001,02
230270430003002,02
230270430003003,02
230270430003004,02
230270430003005,02
230270430003006,02
230270430003007,02
230270430003008,02
230270430003009,02
230270430003010,02
230270430003011,02
230270430003012,02
230270430003013,02
230270430003014,02
230270430003015,02
230270430003016,02
230270430003017,02
230270430003018,02
230270430003019,02
230270430003020,02
230270430003021,02
230270430003022,02
230270430003023,02
230270430003024,02
230270430003025,02
230270430003026,02
230270430003027,02
230270430003028,02
230270430003029,02
230270430003030,02
230270430003031,02
230270430003032,02
230270430003033,02
230270430003034,02
230270430003035,02
230270430003036,02
230270430003037,02
230270430003038,02
230270430003039,02
230270430003040,02
230270430003041,02
230270430003042,02
230270430003043,02
230270430003044,02
230270430003045,02
230270430003046,02
230270430003047,02
230270430003048,02
230270430003049,02
230270430003050,02
230270430003051,02
230270430003052,02
230270430003053,02
230270430003054,02
230270430003055,02
230270430003056,02
230270430003057,02
230270430003058,02
230270430003059,02
230270430003060,02
230270430003061,02
230270430003062,02
230270430003063,02
230270430003064,02
230270430003065,02
230270430003066,02
230270430003067,02
230270430003068,02
230270430003069,02
230270430004000,02
230270430004001,02
230270430004002,02
230270430004003,02
230270430004004,02
230270430004005,02
230270430004006,02
230270430004007,02
230270430004008,02
230270430004009,02
230270430004010,02
230270430004011,02
230270430004012,02
230270430004013,02
230270430004014,02
230270430004015,02
230270430004016,02
230270430004017,02
230270430004018,02
230270430004019,02
230270430004020,02
230270430004021,02
230270430004022,02
230270430004023,02
230270430004024,02
230270430004025,02
230270430004026,02
230270430004027,02
230270430004028,02
230270430004029,02
230270430004030,02
230270430004031,02
230270430004032,02
230270430005000,02
230270430005001,02
230270430005002,02
230270430005003,02
230270430005004,02
230270430005005,02
230270430005006,02
230270430005007,02
230270430005008,02
230270430005009,02
230270430005010,02
230270430005011,02
230270430005012,02
230270430005013,02
230270430005014,02
230270430005015,02
230270430005016,02
230270430005017,02
230270430005018,02
230270430005019,02
230270430005020,02
230270430005021,02
230270430005022,02
230270430005023,02
230270430005024,02
230270430005025,02
230270430005026,02
230270430005027,02
230270430005028,02
230270430005029,02
230270430005030,02
230270430005031,02
230270430005032,02
230270430005033,02
230270430005034,02
230270440001000,02
230270440001001,02
230270440001002,02
230270440001003,02
230270440001004,02
230270440001005,02
230270440001006,02
230270440001007,02
230270440001008,02
230270440001009,02
230270440001010,02
230270440001011,02
230270440001012,02
230270440001013,02
230270440001014,02
230270440001015,02
230270440001016,02
230270440001017,02
230270440001018,02
230270440001019,02
230270440001020,02
230270440001021,02
230270440001022,02
230270440001023,02
230270440001024,02
230270440001025,02
230270440001026,02
230270440001027,02
230270440001028,02
230270440001029,02
230270440001030,02
230270440001031,02
230270440001032,02
230270440001033,02
230270440001034,02
230270440001035,02
230270440001036,02
230270440001037,02
230270440001038,02
230270440001039,02
230270440001040,02
230270440001041,02
230270440001042,02
230270440001043,02
230270440002000,02
230270440002001,02
230270440002002,02
230270440002003,02
230270440002004,02
230270440002005,02
230270440002006,02
230270440002007,02
230270440002008,02
230270440002009,02
230270440002010,02
230270440002011,02
230270440002012,02
230270440002013,02
230270440002014,02
230270440002015,02
230270440002016,02
230270440002017,02
230270440002018,02
230270440002019,02
230270440002020,02
230270440002021,02
230270440002022,02
230270440002023,02
230270440002024,02
230270440002025,02
230270440002026,02
230270440002027,02
230270440002028,02
230270440002029,02
230270440002030,02
230270440002031,02
230270440002032,02
230270440002033,02
230270440002034,02
230270440002035,02
230270440002036,02
230270440002037,02
230270440002038,02
230270440002039,02
230270440002040,02
230270440002041,02
230270440002042,02
230270440002043,02
230270440002044,02
230270440002045,02
230270440002046,02
230270440002047,02
230270440002048,02
230270440002049,02
230270440002050,02
230270440003000,02
230270440003001,02
230270440003002,02
230270440003003,02
230270440003004,02
230270440003005,02
230270440003006,02
230270440003007,02
230270440003008,02
230270440003009,02
230270440003010,02
230270440003011,02
230270440003012,02
230270440003013,02
230270440003014,02
230270440003015,02
230270440003016,02
230270440003017,02
230270440003018,02
230270440003019,02
230270440003020,02
230270440003021,02
230270440003022,02
230270440003023,02
230270440003024,02
230270440003025,02
230270440003026,02
230270440003027,02
230270440003028,02
230270440003029,02
230270440003030,02
230270440003031,02
230270440003032,02
230270440003033,02
230270440003034,02
230270440003035,02
230270440003036,02
230270440003037,02
230270440003038,02
230270440003039,02
230270440003040,02
230270440003041,02
230270440003042,02
230270440003043,02
230270440003044,02
230270440003045,02
230270440003046,02
230270440003047,02
230270440003048,02
230270440003049,02
230270440003050,02
230270440003051,02
230270440003052,02
230270440003053,02
230270440003054,02
230270440003055,02
230270440003056,02
230270440003057,02
230270440003058,02
230270440003059,02
230270440003060,02
230270440003061,02
230270440003062,02
230270440004000,02
230270440004001,02
230270440004002,02
230270440004003,02
230270440004004,02
230270440004005,02
230270440004006,02
230270440004007,02
230270440004008,02
230270440004009,02
230270440004010,02
230270440004011,02
230270440004012,02
230270440004013,02
230270440004014,02
230270440004015,02
230270440004016,02
230270440004017,02
230270440004018,02
230270440004019,02
230270440004020,02
230270440004021,02
230270440004022,02
230270440004023,02
230270440004024,02
230270440004025,02
230270440004026,02
230270440004027,02
230270440004028,02
230270440004029,02
230270440004030,02
230270440004031,02
230270440004032,02
230270440004033,02
230270440004034,02
230270440004035,02
230270450001000,02
230270450001001,02
230270450001002,02
230270450001003,02
230270450001004,02
230270450001005,02
230270450001006,02
230270450001007,02
230270450001008,02
230270450001009,02
230270450001010,02
230270450001011,02
230270450001012,02
230270450001013,02
230270450001014,02
230270450001015,02
230270450001016,02
230270450001017,02
230270450001018,02
230270450001019,02
230270450001020,02
230270450001021,02
230270450001022,02
230270450001023,02
230270450001024,02
230270450001025,02
230270450001026,02
230270450001027,02
230270450001028,02
230270450001029,02
230270450001030,02
230270450001031,02
230270450001032,02
230270450001033,02
230270450001034,02
230270450001035,02
230270450001036,02
230270450002000,02
230270450002001,02
230270450002002,02
230270450002003,02
230270450002004,02
230270450002005,02
230270450002006,02
230270450002007,02
230270450002008,02
230270450002009,02
230270450002010,02
230270450002011,02
230270450002012,02
230270450002013,02
230270450002014,02
230270450002015,02
230270450002016,02
230270450002017,02
230270450002018,02
230270450002019,02
230270450002020,02
230270450002021,02
230270450002022,02
230270450002023,02
230270450002024,02
230270450002025,02
230270450003000,02
230270450003001,02
230270450003002,02
230270450003003,02
230270450003004,02
230270450003005,02
230270450003006,02
230270450003007,02
230270450003008,02
230270450003009,02
230270450003010,02
230270450003011,02
230270450003012,02
230270450003013,02
230270450003014,02
230270450003015,02
230270450003016,02
230270450003017,02
230270450003018,02
230270450003019,02
230270450003020,02
230270450003021,02
230270450003022,02
230270450003023,02
230270450003024,02
230270450003025,02
230270450003026,02
230270450003027,02
230270450003028,02
230270450003029,02
230270450003030,02
230270450003031,02
230270450003032,02
230270450004000,02
230270450004001,02
230270450004002,02
230270450004003,02
230270450004004,02
230270450004005,02
230270450004006,02
230270450004007,02
230270450004008,02
230270450004009,02
230270450004010,02
230270450004011,02
230270450004012,02
230270450004013,02
230270450004014,02
230270450004015,02
230270450004016,02
230270450004017,02
230270450004018,02
230270450004019,02
230270450004020,02
230270450004021,02
230270450004022,02
230270450004023,02
230270450004024,02
230270450004025,02
230270450004026,02
230270450004027,02
230270450004028,02
230270450004029,02
230270450004030,02
230270450004031,02
230270450004032,02
230270450004033,02
230270450004034,02
230270450004035,02
230270450004036,02
230270450004037,02
230270450004038,02
230270450004039,02
230270450004040,02
230270450004041,02
230270450004042,02
230270450004043,02
230270450004044,02
230270450004045,02
230270450004046,02
230270450004047,02
230270450004048,02
230270450005000,02
230270450005001,02
230270450005002,02
230270450005003,02
230270450005004,02
230270450005005,02
230270450005006,02
230270450005007,02
230270450005008,02
230270450005009,02
230270450005010,02
230270450005011,02
230270450005012,02
230270450005013,02
230270450005014,02
230270450005015,02
230270450005016,02
230270450005017,02
230270450005018,02
230270450005019,02
230270450005020,02
230270450005021,02
230270450005022,02
230270450005023,02
230270450005024,02
230270450005025,02
230270450005026,02
230270450005027,02
230270450005028,02
230270450005029,02
230270450005030,02
230270450005031,02
230270450005032,02
230270450005033,02
230270450005034,02
230270450005035,02
230270450005036,02
230270450005037,02
230270450005038,02
230270450005039,02
230270450005040,02
230270450005041,02
230270450005042,02
230270450005043,02
230270450005044,02
230270450005045,02
230270450005046,02
230270450005047,02
230270450005048,02
230270450005049,02
230270450005050,02
230270450005051,02
230270450005052,02
230270450005053,02
230270450005054,02
230270450005055,02
230270450005056,02
230270450005057,02
230270450005058,02
230270450005059,02
230270450005060,02
230270450006000,02
230270450006001,02
230270450006002,02
230270450006003,02
230270450006004,02
230270450006005,02
230270450006006,02
230270450006007,02
230270450006008,02
230270450006009,02
230270450006010,02
230270450006011,02
230270450006012,02
230270450006013,02
230270450006014,02
230270450006015,02
230270450006016,02
230270450006017,02
230270450006018,02
230270450006019,02
230270450006020,02
230270450006021,02
230270450006022,02
230270450006023,02
230270450006024,02
230270450006025,02
230270450006026,02
230270450006027,02
230270450006028,02
230270450006029,02
230270450006030,02
230270450006031,02
230270450006032,02
230270450006033,02
230270450006034,02
230270450006035,02
230270450006036,02
230270450006037,02
230270450006038,02
230270450006039,02
230270450006040,02
230270450006041,02
230270450006042,02
230270450006043,02
230270450006044,02
230270450006045,02
230270450006046,02
230270450006047,02
230270450006048,02
230270450006049,02
230270460011000,02
230270460011001,02
230270460011002,02
230270460011003,02
230270460011004,02
230270460011005,02
230270460011006,02
230270460011007,02
230270460011008,02
230270460011009,02
230270460011010,02
230270460011011,02
230270460011012,02
230270460011013,02
230270460011014,02
230270460011015,02
230270460011016,02
230270460011017,02
230270460011018,02
230270460011019,02
230270460011020,02
230270460011021,02
230270460011022,02
230270460011023,02
230270460011024,02
230270460011025,02
230270460011026,02
230270460011027,02
230270460011028,02
230270460011029,02
230270460011030,02
230270460011031,02
230270460011032,02
230270460011033,02
230270460011034,02
230270460011035,02
230270460011036,02
230270460011037,02
230270460011038,02
230270460011039,02
230270460011040,02
230270460011041,02
230270460011042,02
230270460011043,02
230270460011044,02
230270460011045,02
230270460011046,02
230270460011047,02
230270460011048,02
230270460011049,02
230270460011050,02
230270460011051,02
230270460011052,02
230270460011053,02
230270460011054,02
230270460011055,02
230270460011056,02
230270460011057,02
230270460011058,02
230270460011059,02
230270460011060,02
230270460011061,02
230270460011062,02
230270460011063,02
230270460012000,02
230270460012001,02
230270460012002,02
230270460012003,02
230270460012004,02
230270460012005,02
230270460012006,02
230270460012007,02
230270460012008,02
230270460012009,02
230270460012010,02
230270460012011,02
230270460012012,02
230270460012013,02
230270460012014,02
230270460012015,02
230270460012016,02
230270460012017,02
230270460012018,02
230270460012019,02
230270460012020,02
230270460012021,02
230270460012022,02
230270460012023,02
230270460012024,02
230270460012025,02
230270460012026,02
230270460012027,02
230270460012028,02
230270460012029,02
230270460021000,02
230270460021001,02
230270460021002,02
230270460021003,02
230270460021004,02
230270460021005,02
230270460021006,02
230270460021007,02
230270460021008,02
230270460021009,02
230270460021010,02
230270460021011,02
230270460021012,02
230270460021013,02
230270460021014,02
230270460021015,02
230270460021016,02
230270460021017,02
230270460021018,02
230270460021019,02
230270460021020,02
230270460021021,02
230270460021022,02
230270460021023,02
230270460021024,02
230270460021025,02
230270460021026,02
230270460021027,02
230270460021028,02
230270460021029,02
230270460021030,02
230270460021031,02
230270460021032,02
230270460021033,02
230270460021034,02
230270460021035,02
230270460021036,02
230270460021037,02
230270460021038,02
230270460021039,02
230270460022000,02
230270460022001,02
230270460022002,02
230270460022003,02
230270460022004,02
230270460022005,02
230270460022006,02
230270460022007,02
230270460022008,02
230270460022009,02
230270460022010,02
230270460022011,02
230270460022012,02
230270460022013,02
230270460022014,02
230270460022015,02
230270460022016,02
230270460022017,02
230270460022018,02
230270460022019,02
230270460022020,02
230270460022021,02
230270460022022,02
230270460022023,02
230270460022024,02
230270460022025,02
230270460022026,02
230270460022027,02
230270460022028,02
230270460022029,02
230270460022030,02
230270460022031,02
230270460022032,02
230270460022033,02
230270460022034,02
230270460022035,02
230270460022036,02
230270460022037,02
230270460022038,02
230270460022039,02
230270460022040,02
230270460022041,02
230270460022042,02
230270460023000,02
230270460023001,02
230270460023002,02
230270460023003,02
230270460023004,02
230270460023005,02
230270460023006,02
230270460023007,02
230270460023008,02
230270460023009,02
230270460023010,02
230270460023011,02
230270460023012,02
230270460023013,02
230270460023014,02
230270460023015,02
230270460023016,02
230270460023017,02
230270460023018,02
230270460023019,02
230270460023020,02
230270460023021,02
230270460023022,02
230270460023023,02
230270460023024,02
230270460023025,02
230270460023026,02
230270460023027,02
230270460023028,02
230270460023029,02
230270460023030,02
230270460023031,02
230270460023032,02
230270460023033,02
230270460023034,02
230270460023035,02
230270460023036,02
230270460023037,02
230270460023038,02
230270460023039,02
230270460023040,02
230270460023041,02
230270460023042,02
230270460023043,02
230270460024000,02
230270460024001,02
230270460024002,02
230270460024003,02
230270460024004,02
230270460024005,02
230270460024006,02
230270460024007,02
230270460024008,02
230270460024009,02
230270460024010,02
230270460024011,02
230270460024012,02
230270460024013,02
230270460024014,02
230270460024015,02
230270460024016,02
230270460024017,02
230270460024018,02
230270460024019,02
230270460024020,02
230270460024021,02
230270460024022,02
230270460024023,02
230270460024024,02
230270460025000,02
230270460025001,02
230270460025002,02
230270460025003,02
230270460025004,02
230270460025005,02
230270460025006,02
230270460025007,02
230270460025008,02
230270460025009,02
230270460025010,02
230270460025011,02
230270460025012,02
230270460025013,02
230270460025014,02
230270460025015,02
230270460025016,02
230270460025017,02
230270460025018,02
230270460025019,02
230270460025020,02
230270460025021,02
230270460025022,02
230270460025023,02
230270460025024,02
230270460025025,02
230270460025026,02
230270460025027,02
230270460025028,02
230270460025029,02
230270460025030,02
230270460025031,02
230270460025032,02
230270460025033,02
230270460025034,02
230270460025035,02
230270460025036,02
230270460025037,02
230270460025038,02
230270460025039,02
230270460025040,02
230270460025041,02
230270460025042,02
230270460025043,02
230270460025044,02
230270460025045,02
230270460025046,02
230270460025047,02
230270460025048,02
230270460025049,02
230270460025050,02
230270460025051,02
230270460025052,02
230270460025053,02
230270460025054,02
230270460025055,02
230270470001000,02
230270470001001,02
230270470001002,02
230270470001003,02
230270470001004,02
230270470001005,02
230270470001006,02
230270470001007,02
230270470001008,02
230270470001009,02
230270470001010,02
230270470001011,02
230270470001012,02
230270470001013,02
230270470001014,02
230270470001015,02
230270470001016,02
230270470001017,02
230270470001018,02
230270470001019,02
230270470001020,02
230270470001021,02
230270470001022,02
230270470001023,02
230270470001024,02
230270470001025,02
230270470001026,02
230270470001027,02
230270470001028,02
230270470001029,02
230270470001030,02
230270470001031,02
230270470001032,02
230270470001033,02
230270470001034,02
230270470001035,02
230270470001036,02
230270470001037,02
230270470001038,02
230270470001039,02
230270470001040,02
230270470001041,02
230270470001042,02
230270470001043,02
230270470001044,02
230270470001045,02
230270470001046,02
230270470001047,02
230270470001048,02
230270470001049,02
230270470001050,02
230270470001051,02
230270470001052,02
230270470001053,02
230270470001054,02
230270470001055,02
230270470001056,02
230270470001057,02
230270470001058,02
230270470001059,02
230270470001060,02
230270470001061,02
230270470001062,02
230270470001063,02
230270470001064,02
230270470001065,02
230270470001066,02
230270470001067,02
230270470001068,02
230270470001069,02
230270470001070,02
230270470001071,02
230270470001072,02
230270470001073,02
230270470001074,02
230270470001075,02
230270470001076,02
230270470001077,02
230270470001078,02
230270470001079,02
230270470001080,02
230270470001081,02
230270470001082,02
230270470001083,02
230270470001084,02
230270470002000,02
230270470002001,02
230270470002002,02
230270470002003,02
230270470002004,02
230270470002005,02
230270470002006,02
230270470002007,02
230270470002008,02
230270470002009,02
230270470002010,02
230270470002011,02
230270470002012,02
230270470002013,02
230270470002014,02
230270470002015,02
230270470002016,02
230270470002017,02
230270470002018,02
230270470002019,02
230270470002020,02
230270470002021,02
230270470002022,02
230270470002023,02
230270470002024,02
230270470002025,02
230270470002026,02
230270470002027,02
230270470002028,02
230270470002029,02
230270470002030,02
230270470002031,02
230270470002032,02
230270470002033,02
230270470002034,02
230270470002035,02
230270470002036,02
230270470002037,02
230270470002038,02
230270470002039,02
230270470002040,02
230270470002041,02
230270470002042,02
230270470002043,02
230270470002044,02
230270470002045,02
230270470002046,02
230270470002047,02
230270470002048,02
230270470002049,02
230270470002050,02
230270470003000,02
230270470003001,02
230270470003002,02
230270470003003,02
230270470003004,02
230270470003005,02
230270470003006,02
230270470003007,02
230270470003008,02
230270470003009,02
230270470003010,02
230270470003011,02
230270470003012,02
230270470003013,02
230270470003014,02
230270470003015,02
230270470003016,02
230270470003017,02
230270470003018,02
230270470003019,02
230270470003020,02
230270470003021,02
230270470003022,02
230270470003023,02
230270470003024,02
230270470003025,02
230270470003026,02
230270470003027,02
230270470003028,02
230270470003029,02
230270470003030,02
230270470003031,02
230270470003032,02
230270470003033,02
230270470003034,02
230270470003035,02
230270470003036,02
230270470004000,02
230270470004001,02
230270470004002,02
230270470004003,02
230270470004004,02
230270470004005,02
230270470004006,02
230270470004007,02
230270470004008,02
230270470004009,02
230270470004010,02
230270470004011,02
230270470004012,02
230270470004013,02
230270470004014,02
230270470004015,02
230270470004016,02
230270470004017,02
230270470004018,02
230270470004019,02
230270470004020,02
230270470004021,02
230270470004022,02
230270470004023,02
230270470004024,02
230270470004025,02
230270470004026,02
230270470004027,02
230270470004028,02
230270470004029,02
230270470004030,02
230270470004031,02
230270470004032,02
230270470004033,02
230270470004034,02
230270470004035,02
230270470004036,02
230270470004037,02
230270470004038,02
230270470004039,02
230270470004040,02
230299551001000,02
230299551001001,02
230299551001002,02
230299551001003,02
230299551001004,02
230299551001005,02
230299551001006,02
230299551001007,02
230299551001008,02
230299551001009,02
230299551001010,02
230299551001011,02
230299551001012,02
230299551001013,02
230299551001014,02
230299551001015,02
230299551001016,02
230299551001017,02
230299551001018,02
230299551001019,02
230299551001020,02
230299551001021,02
230299551001022,02
230299551001023,02
230299551001024,02
230299551001025,02
230299551001026,02
230299551001027,02
230299551001028,02
230299551001029,02
230299551001030,02
230299551001031,02
230299551001032,02
230299551001033,02
230299551001034,02
230299551001035,02
230299551001036,02
230299551001037,02
230299551001038,02
230299551001039,02
230299551001040,02
230299551001041,02
230299551001042,02
230299551001043,02
230299551001044,02
230299551001045,02
230299551001046,02
230299551001047,02
230299551001048,02
230299551001049,02
230299551001050,02
230299551001051,02
230299551001052,02
230299551001053,02
230299551001054,02
230299551001055,02
230299551001056,02
230299551001057,02
230299551001058,02
230299551001059,02
230299551001060,02
230299551001061,02
230299551001062,02
230299551001063,02
230299551001064,02
230299551001065,02
230299551001066,02
230299551001067,02
230299551001068,02
230299551001069,02
230299551001070,02
230299551001071,02
230299551001072,02
230299551001073,02
230299551001074,02
230299551001075,02
230299551001076,02
230299551001077,02
230299551001078,02
230299551001079,02
230299551001080,02
230299551001081,02
230299551001082,02
230299551001083,02
230299551001084,02
230299551001085,02
230299551001086,02
230299551001087,02
230299551001088,02
230299551001089,02
230299551001090,02
230299551001091,02
230299551001092,02
230299551001093,02
230299551001094,02
230299551001095,02
230299551001096,02
230299551001097,02
230299551001098,02
230299551001099,02
230299551001100,02
230299551001101,02
230299551001102,02
230299551001103,02
230299551001104,02
230299551001105,02
230299551001106,02
230299551001107,02
230299551001108,02
230299551001109,02
230299551001110,02
230299551001111,02
230299551001112,02
230299551001113,02
230299551001114,02
230299551001115,02
230299551001116,02
230299551001117,02
230299551001118,02
230299551001119,02
230299551001120,02
230299551001121,02
230299551001122,02
230299551001123,02
230299551001124,02
230299551001125,02
230299551001126,02
230299551001127,02
230299551001128,02
230299551001129,02
230299551001130,02
230299551001131,02
230299551001132,02
230299551001133,02
230299551001134,02
230299551001135,02
230299551001136,02
230299551001137,02
230299551001138,02
230299551001139,02
230299551001140,02
230299551001141,02
230299551001142,02
230299551001143,02
230299551001144,02
230299551001145,02
230299551001146,02
230299551001147,02
230299551001148,02
230299551001149,02
230299551001150,02
230299551001151,02
230299551001152,02
230299551001153,02
230299551001154,02
230299551001155,02
230299551001156,02
230299551001157,02
230299551001158,02
230299551001159,02
230299551001160,02
230299551001161,02
230299551001162,02
230299551001163,02
230299551001164,02
230299551001165,02
230299551001166,02
230299551001167,02
230299551001168,02
230299551001169,02
230299551001170,02
230299551001171,02
230299551001172,02
230299551001173,02
230299551001174,02
230299551001175,02
230299551001176,02
230299551001177,02
230299551001178,02
230299551001179,02
230299551001180,02
230299551001181,02
230299551001182,02
230299551001183,02
230299551001184,02
230299551001185,02
230299551001186,02
230299551001187,02
230299551001188,02
230299551001189,02
230299551001190,02
230299551001191,02
230299551001192,02
230299551001193,02
230299551001194,02
230299551001195,02
230299551001196,02
230299551001197,02
230299551001198,02
230299551001199,02
230299551001200,02
230299551001201,02
230299551001202,02
230299551001203,02
230299551001204,02
230299551001205,02
230299551001206,02
230299551001207,02
230299551001208,02
230299551001209,02
230299551001210,02
230299551001211,02
230299551001212,02
230299551001213,02
230299551001214,02
230299551001215,02
230299551001216,02
230299551001217,02
230299551001218,02
230299551001219,02
230299551001220,02
230299551001221,02
230299551001222,02
230299551001223,02
230299551001224,02
230299551001225,02
230299551001226,02
230299551001227,02
230299551001228,02
230299551001229,02
230299551001230,02
230299551001231,02
230299551001232,02
230299551001233,02
230299551001234,02
230299551001235,02
230299551001236,02
230299551001237,02
230299551001238,02
230299551001239,02
230299551001240,02
230299551001241,02
230299551001242,02
230299551001243,02
230299551001244,02
230299551001245,02
230299551001246,02
230299551001247,02
230299551001248,02
230299551001249,02
230299551001250,02
230299551001251,02
230299551001252,02
230299551001253,02
230299551001254,02
230299551001255,02
230299551001256,02
230299551001257,02
230299551001258,02
230299551001259,02
230299551001260,02
230299551001261,02
230299551001262,02
230299551001263,02
230299551001264,02
230299551001265,02
230299551002000,02
230299551002001,02
230299551002002,02
230299551002003,02
230299551002004,02
230299551002005,02
230299551002006,02
230299551002007,02
230299551002008,02
230299551002009,02
230299551002010,02
230299551002011,02
230299551002012,02
230299551002013,02
230299551002014,02
230299551002015,02
230299551002016,02
230299551002017,02
230299551002018,02
230299551002019,02
230299551002020,02
230299551002021,02
230299551002022,02
230299551002023,02
230299551002024,02
230299551002025,02
230299551002026,02
230299551002027,02
230299551002028,02
230299551002029,02
230299551002030,02
230299551002031,02
230299551002032,02
230299551002033,02
230299551002034,02
230299551002035,02
230299551002036,02
230299551002037,02
230299551002038,02
230299551002039,02
230299551002040,02
230299551002041,02
230299551002042,02
230299551002043,02
230299551002044,02
230299551003000,02
230299551003001,02
230299551003002,02
230299551003003,02
230299551003004,02
230299551003005,02
230299551003006,02
230299551003007,02
230299551003008,02
230299551003009,02
230299551003010,02
230299551003011,02
230299551003012,02
230299551003013,02
230299551003014,02
230299551003015,02
230299551003016,02
230299551003017,02
230299551003018,02
230299551003019,02
230299551003020,02
230299551003021,02
230299551003022,02
230299551003023,02
230299551003024,02
230299551003025,02
230299551003026,02
230299551003027,02
230299551003028,02
230299551003029,02
230299551003030,02
230299551003031,02
230299551003032,02
230299551003033,02
230299551003034,02
230299551003035,02
230299551003036,02
230299551003037,02
230299551003038,02
230299551003039,02
230299551003040,02
230299551003041,02
230299551003042,02
230299551003043,02
230299551003044,02
230299551003045,02
230299551003046,02
230299551003047,02
230299551003048,02
230299551003049,02
230299551003050,02
230299551003051,02
230299551003052,02
230299551003053,02
230299551003054,02
230299551003055,02
230299551003056,02
230299551003057,02
230299551003058,02
230299551003059,02
230299551003060,02
230299551003061,02
230299551003062,02
230299551003063,02
230299551003064,02
230299551003065,02
230299551003066,02
230299551003067,02
230299551003068,02
230299551003069,02
230299551003070,02
230299551003071,02
230299551003072,02
230299551003073,02
230299551003074,02
230299551003075,02
230299551003076,02
230299551003077,02
230299551003078,02
230299551003079,02
230299551003080,02
230299551003081,02
230299551003082,02
230299551003083,02
230299551003084,02
230299551003085,02
230299551003086,02
230299551003087,02
230299551003088,02
230299551003089,02
230299551003090,02
230299551003091,02
230299551003092,02
230299551003093,02
230299551003094,02
230299551003095,02
230299551003096,02
230299551003097,02
230299551003098,02
230299551003099,02
230299551003100,02
230299551003101,02
230299551003102,02
230299551003103,02
230299551003104,02
230299551003105,02
230299551003106,02
230299551003107,02
230299551003108,02
230299551003109,02
230299551003110,02
230299551003111,02
230299551003112,02
230299551003113,02
230299551003114,02
230299551003115,02
230299551003116,02
230299551003117,02
230299551003118,02
230299551003119,02
230299551003120,02
230299551003121,02
230299551003122,02
230299551003123,02
230299551003124,02
230299551003125,02
230299551003126,02
230299551003127,02
230299551003128,02
230299551003129,02
230299551003130,02
230299551003131,02
230299551003132,02
230299551003133,02
230299551003134,02
230299551003135,02
230299551003136,02
230299551003137,02
230299551003138,02
230299551003139,02
230299551003140,02
230299551003141,02
230299551003142,02
230299551003143,02
230299551003144,02
230299551003145,02
230299551003146,02
230299551003147,02
230299551003148,02
230299551003149,02
230299551003150,02
230299551003151,02
230299551003152,02
230299551003153,02
230299551003154,02
230299551003155,02
230299551003156,02
230299551003157,02
230299551003158,02
230299551003159,02
230299551003160,02
230299551003161,02
230299551003162,02
230299551003163,02
230299551003164,02
230299551003165,02
230299551003166,02
230299551003167,02
230299551003168,02
230299551003169,02
230299551003170,02
230299551003171,02
230299551003172,02
230299551003173,02
230299551003174,02
230299551003175,02
230299551003176,02
230299551003177,02
230299551003178,02
230299551003179,02
230299551003180,02
230299551003181,02
230299551003182,02
230299551003183,02
230299551003184,02
230299551003185,02
230299551003186,02
230299551003187,02
230299551003188,02
230299551003189,02
230299551003190,02
230299551003191,02
230299551003192,02
230299551003193,02
230299551003194,02
230299551003195,02
230299551003196,02
230299551003197,02
230299551003198,02
230299551003199,02
230299551003200,02
230299551003201,02
230299551003202,02
230299551003203,02
230299551003204,02
230299551003205,02
230299551003206,02
230299551003207,02
230299551003208,02
230299551003209,02
230299551003210,02
230299551003211,02
230299551003212,02
230299551003213,02
230299551003214,02
230299551003215,02
230299551003216,02
230299551003217,02
230299551003218,02
230299551003219,02
230299551003220,02
230299551003221,02
230299551003222,02
230299551003223,02
230299551003224,02
230299551003225,02
230299551003226,02
230299551003227,02
230299551003228,02
230299551003229,02
230299551003230,02
230299551003231,02
230299551003232,02
230299551003233,02
230299551003234,02
230299551003235,02
230299551003236,02
230299551003237,02
230299551003238,02
230299551003239,02
230299551003240,02
230299551003241,02
230299551003242,02
230299551003243,02
230299551003244,02
230299551003245,02
230299551003246,02
230299551003247,02
230299551003248,02
230299551003249,02
230299551003250,02
230299551003251,02
230299551003252,02
230299551003253,02
230299551003254,02
230299551003255,02
230299551003256,02
230299551003257,02
230299551003258,02
230299551003259,02
230299551003260,02
230299551003261,02
230299551003262,02
230299551003263,02
230299551003264,02
230299551003265,02
230299551003266,02
230299551003267,02
230299551003268,02
230299551003269,02
230299551003270,02
230299551003271,02
230299551003272,02
230299551003273,02
230299551003274,02
230299551003275,02
230299551003276,02
230299551003277,02
230299551003278,02
230299551003279,02
230299551003280,02
230299551003281,02
230299551003282,02
230299551003283,02
230299551003284,02
230299551003285,02
230299551003286,02
230299551003287,02
230299551003288,02
230299551003289,02
230299551003290,02
230299551003291,02
230299551003292,02
230299551003293,02
230299551003294,02
230299551003295,02
230299551003296,02
230299551003297,02
230299551003298,02
230299551003299,02
230299551003300,02
230299551003301,02
230299551003302,02
230299551003303,02
230299551003304,02
230299551003305,02
230299551003306,02
230299551003307,02
230299551003308,02
230299551003309,02
230299551003310,02
230299551003311,02
230299551003312,02
230299551003313,02
230299551003314,02
230299551003315,02
230299551003316,02
230299551003317,02
230299551003318,02
230299551003319,02
230299551003320,02
230299551003321,02
230299551003322,02
230299551003323,02
230299551003324,02
230299551003325,02
230299551004000,02
230299551004001,02
230299551004002,02
230299551004003,02
230299551004004,02
230299551004005,02
230299551004006,02
230299551004007,02
230299551004008,02
230299551004009,02
230299551004010,02
230299551004011,02
230299551004012,02
230299551004013,02
230299551004014,02
230299551004015,02
230299551004016,02
230299551004017,02
230299551004018,02
230299551004019,02
230299551004020,02
230299551004021,02
230299551004022,02
230299551004023,02
230299551004024,02
230299551004025,02
230299551004026,02
230299551004027,02
230299551004028,02
230299551004029,02
230299551004030,02
230299551004031,02
230299551004032,02
230299551004033,02
230299551004034,02
230299551004035,02
230299551004036,02
230299551004037,02
230299551004038,02
230299551004039,02
230299551004040,02
230299551004041,02
230299551004042,02
230299551004043,02
230299551004044,02
230299551004045,02
230299551004046,02
230299551004047,02
230299551004048,02
230299551004049,02
230299551004050,02
230299551004051,02
230299551004052,02
230299551004053,02
230299551004054,02
230299551004055,02
230299551004056,02
230299551004057,02
230299551004058,02
230299551004059,02
230299551004060,02
230299551004061,02
230299551004062,02
230299551004063,02
230299551004064,02
230299551004065,02
230299551004066,02
230299551004067,02
230299551004068,02
230299551004069,02
230299551004070,02
230299551004071,02
230299551004072,02
230299551004073,02
230299551004074,02
230299551004075,02
230299551004076,02
230299551004077,02
230299551004078,02
230299551004079,02
230299551004080,02
230299551004081,02
230299551004082,02
230299551004083,02
230299551004084,02
230299551004085,02
230299551004086,02
230299551004087,02
230299551004088,02
230299551004089,02
230299551004090,02
230299551004091,02
230299551004092,02
230299551004093,02
230299551004094,02
230299551004095,02
230299551004096,02
230299551004097,02
230299551004098,02
230299551004099,02
230299551004100,02
230299551004101,02
230299551004102,02
230299551004103,02
230299551004104,02
230299551004105,02
230299551004106,02
230299551004107,02
230299551004108,02
230299551004109,02
230299551004110,02
230299551004111,02
230299551004112,02
230299551004113,02
230299551004114,02
230299551004115,02
230299551004116,02
230299551004117,02
230299551004118,02
230299551004119,02
230299551004120,02
230299551004121,02
230299551004122,02
230299551004123,02
230299551004124,02
230299551004125,02
230299551004126,02
230299551004127,02
230299551004128,02
230299551004129,02
230299551004130,02
230299551004131,02
230299551004132,02
230299551004133,02
230299551004134,02
230299551004135,02
230299551004136,02
230299551004137,02
230299551004138,02
230299551004139,02
230299551004140,02
230299551004141,02
230299551004142,02
230299551004143,02
230299551004144,02
230299551004145,02
230299551004146,02
230299551004147,02
230299551004148,02
230299551004149,02
230299551004150,02
230299551004151,02
230299551004152,02
230299551004153,02
230299551004154,02
230299551004155,02
230299551004156,02
230299551004157,02
230299551004158,02
230299551004159,02
230299551004160,02
230299551004161,02
230299551004162,02
230299551004163,02
230299551004164,02
230299551004165,02
230299551004166,02
230299551004167,02
230299551004168,02
230299551004169,02
230299551004170,02
230299551004171,02
230299551004172,02
230299551004173,02
230299551004174,02
230299551004175,02
230299551004176,02
230299551004177,02
230299551004178,02
230299551004179,02
230299551004180,02
230299551004181,02
230299551004182,02
230299551004183,02
230299551004184,02
230299551004185,02
230299551004186,02
230299551004187,02
230299551004188,02
230299551004189,02
230299551004190,02
230299551004191,02
230299551004192,02
230299551004193,02
230299551004194,02
230299551004195,02
230299551004196,02
230299551004197,02
230299551004198,02
230299551004199,02
230299551004200,02
230299551004201,02
230299551004202,02
230299551004203,02
230299551004204,02
230299551004205,02
230299551004206,02
230299551004207,02
230299551004208,02
230299551004209,02
230299551004210,02
230299551004211,02
230299551004212,02
230299551004213,02
230299551004214,02
230299551004215,02
230299551004216,02
230299551004217,02
230299551004218,02
230299551004219,02
230299551004220,02
230299551004221,02
230299551004222,02
230299551004223,02
230299551004224,02
230299551004225,02
230299551004226,02
230299551004227,02
230299551004228,02
230299551004229,02
230299551004230,02
230299551004231,02
230299551004232,02
230299551004233,02
230299551004234,02
230299551004235,02
230299551004236,02
230299551004237,02
230299551004238,02
230299551004239,02
230299551004240,02
230299551004241,02
230299551004242,02
230299551004243,02
230299551004244,02
230299551004245,02
230299551004246,02
230299551004247,02
230299551004248,02
230299551004249,02
230299551004250,02
230299551004251,02
230299551004252,02
230299551004253,02
230299551004254,02
230299551004255,02
230299551004256,02
230299551004257,02
230299551004258,02
230299551004259,02
230299551004260,02
230299551004261,02
230299551004262,02
230299551004263,02
230299551004264,02
230299551004265,02
230299551004266,02
230299551004267,02
230299551004268,02
230299551004269,02
230299551004270,02
230299551004271,02
230299551004272,02
230299551004273,02
230299551004274,02
230299551004275,02
230299551004276,02
230299551004277,02
230299551004278,02
230299551004279,02
230299551004280,02
230299551004281,02
230299551004282,02
230299551004283,02
230299551004284,02
230299551004285,02
230299551004286,02
230299551004287,02
230299551004288,02
230299551004289,02
230299551004290,02
230299551004291,02
230299551004292,02
230299551004293,02
230299551004294,02
230299551004295,02
230299551004296,02
230299551004297,02
230299551004298,02
230299551004299,02
230299551004300,02
230299551004301,02
230299551004302,02
230299551004303,02
230299551004304,02
230299551004305,02
230299551004306,02
230299551004307,02
230299551004308,02
230299551004309,02
230299551004310,02
230299551004311,02
230299551004312,02
230299551004313,02
230299551004314,02
230299551004315,02
230299551004316,02
230299551004317,02
230299551004318,02
230299551004319,02
230299551004320,02
230299551004321,02
230299551004322,02
230299551004323,02
230299551004324,02
230299551004325,02
230299551004326,02
230299551004327,02
230299551004328,02
230299551004329,02
230299551004330,02
230299551004331,02
230299551004332,02
230299551004333,02
230299551004334,02
230299551004335,02
230299551004336,02
230299551004337,02
230299551004338,02
230299551004339,02
230299551004340,02
230299551004341,02
230299551004342,02
230299551004343,02
230299551004344,02
230299551004345,02
230299551004346,02
230299551004347,02
230299551004348,02
230299551004349,02
230299551004350,02
230299551004351,02
230299551004352,02
230299551004353,02
230299551004354,02
230299551004355,02
230299551004356,02
230299551004357,02
230299551004358,02
230299551004359,02
230299551004360,02
230299551004361,02
230299551004362,02
230299551004363,02
230299551004364,02
230299551004365,02
230299551004366,02
230299551004367,02
230299551004368,02
230299551004369,02
230299551004370,02
230299551004371,02
230299551004372,02
230299551004373,02
230299551004374,02
230299551004375,02
230299551004376,02
230299551004377,02
230299551004378,02
230299551004379,02
230299551004380,02
230299551004381,02
230299551004382,02
230299551004383,02
230299551004384,02
230299551004385,02
230299551004386,02
230299551004387,02
230299551004388,02
230299551004389,02
230299551004390,02
230299551004391,02
230299551004392,02
230299551004393,02
230299551004394,02
230299551004395,02
230299551004396,02
230299551004397,02
230299551004398,02
230299551004399,02
230299551004400,02
230299551004401,02
230299551004402,02
230299551004403,02
230299551004404,02
230299551004405,02
230299551004406,02
230299551004407,02
230299551004408,02
230299551004409,02
230299551004410,02
230299551004411,02
230299551004412,02
230299551004413,02
230299551004414,02
230299551004415,02
230299551004416,02
230299551004417,02
230299551004418,02
230299551004419,02
230299551004420,02
230299551004421,02
230299551004422,02
230299551004423,02
230299551004424,02
230299551004425,02
230299551004426,02
230299551004427,02
230299551004428,02
230299551004429,02
230299553001000,02
230299553001001,02
230299553001002,02
230299553001003,02
230299553001004,02
230299553001005,02
230299553001006,02
230299553001007,02
230299553001008,02
230299553001009,02
230299553001010,02
230299553001011,02
230299553001012,02
230299553001013,02
230299553001014,02
230299553001015,02
230299553001016,02
230299553001017,02
230299553001018,02
230299553001019,02
230299553001020,02
230299553001021,02
230299553001022,02
230299553001023,02
230299553001024,02
230299553001025,02
230299553001026,02
230299553001027,02
230299553001028,02
230299553001029,02
230299553001030,02
230299553001031,02
230299553001032,02
230299553002000,02
230299553002001,02
230299553002002,02
230299553002003,02
230299553002004,02
230299553002005,02
230299553002006,02
230299553002007,02
230299553002008,02
230299553002009,02
230299553002010,02
230299553002011,02
230299553002012,02
230299553002013,02
230299553002014,02
230299553002015,02
230299553002016,02
230299553002017,02
230299553002018,02
230299553002019,02
230299553002020,02
230299553002021,02
230299553002022,02
230299553002023,02
230299553002024,02
230299553002025,02
230299553002026,02
230299553002027,02
230299553002028,02
230299553002029,02
230299553002030,02
230299553002031,02
230299553002032,02
230299553002033,02
230299553002034,02
230299553002035,02
230299553002036,02
230299553002037,02
230299553002038,02
230299553002039,02
230299553002040,02
230299553002041,02
230299553002042,02
230299553002043,02
230299553002044,02
230299553002045,02
230299553002046,02
230299553002047,02
230299553002048,02
230299553002049,02
230299553002050,02
230299553002051,02
230299553002052,02
230299553002053,02
230299553002054,02
230299553002055,02
230299553002056,02
230299553002057,02
230299553002058,02
230299554001000,02
230299554001001,02
230299554001002,02
230299554001003,02
230299554001004,02
230299554001005,02
230299554001006,02
230299554001007,02
230299554001008,02
230299554001009,02
230299554001010,02
230299554001011,02
230299554001012,02
230299554001013,02
230299554001014,02
230299554001015,02
230299554001016,02
230299554001017,02
230299554001018,02
230299554001019,02
230299554001020,02
230299554001021,02
230299554001022,02
230299554001023,02
230299554001024,02
230299554001025,02
230299554001026,02
230299554001027,02
230299554001028,02
230299554001029,02
230299554001030,02
230299554001031,02
230299554001032,02
230299554001033,02
230299554001034,02
230299554001035,02
230299554001036,02
230299554001037,02
230299554001038,02
230299554001039,02
230299554001040,02
230299554001041,02
230299554001042,02
230299554001043,02
230299554001044,02
230299554001045,02
230299554001046,02
230299554001047,02
230299554001048,02
230299554001049,02
230299554001050,02
230299554001051,02
230299554001052,02
230299554001053,02
230299554001054,02
230299554002000,02
230299554002001,02
230299554002002,02
230299554002003,02
230299554002004,02
230299554002005,02
230299554002006,02
230299554002007,02
230299554002008,02
230299554002009,02
230299554002010,02
230299554002011,02
230299554002012,02
230299554002013,02
230299554002014,02
230299554002015,02
230299554002016,02
230299554002017,02
230299554002018,02
230299554002019,02
230299554002020,02
230299554002021,02
230299554002022,02
230299554002023,02
230299554002024,02
230299554002025,02
230299554002026,02
230299554002027,02
230299554002028,02
230299554002029,02
230299554002030,02
230299554002031,02
230299554002032,02
230299554002033,02
230299554002034,02
230299555001000,02
230299555001001,02
230299555001002,02
230299555001003,02
230299555001004,02
230299555001005,02
230299555001006,02
230299555001007,02
230299555001008,02
230299555001009,02
230299555001010,02
230299555001011,02
230299555001012,02
230299555001013,02
230299555001014,02
230299555001015,02
230299555001016,02
230299555001017,02
230299555001018,02
230299555001019,02
230299555001020,02
230299555001021,02
230299555001022,02
230299555001023,02
230299555001024,02
230299555001025,02
230299555001026,02
230299555001027,02
230299555001028,02
230299555001029,02
230299555002000,02
230299555002001,02
230299555002002,02
230299555002003,02
230299555002004,02
230299555002005,02
230299555002006,02
230299555002007,02
230299555002008,02
230299555002009,02
230299555002010,02
230299555002011,02
230299555002012,02
230299555002013,02
230299555002014,02
230299555002015,02
230299555002016,02
230299555002017,02
230299555002018,02
230299555002019,02
230299555002020,02
230299555002021,02
230299555002022,02
230299555002023,02
230299555002024,02
230299555003000,02
230299555003001,02
230299555003002,02
230299555003003,02
230299555003004,02
230299555003005,02
230299555003006,02
230299555003007,02
230299555003008,02
230299555003009,02
230299555003010,02
230299555003011,02
230299555003012,02
230299555003013,02
230299555003014,02
230299555003015,02
230299555003016,02
230299555003017,02
230299555003018,02
230299555003019,02
230299555003020,02
230299555003021,02
230299555003022,02
230299555003023,02
230299555003024,02
230299555003025,02
230299555003026,02
230299555003027,02
230299555003028,02
230299555003029,02
230299555003030,02
230299555003031,02
230299555003032,02
230299555003033,02
230299555003034,02
230299555003035,02
230299555003036,02
230299555003037,02
230299555003038,02
230299555003039,02
230299555003040,02
230299555003041,02
230299555003042,02
230299555003043,02
230299555003044,02
230299555003045,02
230299555003046,02
230299555003047,02
230299555003048,02
230299555003049,02
230299555003050,02
230299555003051,02
230299555003052,02
230299555003053,02
230299555003054,02
230299555003055,02
230299555003056,02
230299555003057,02
230299555003058,02
230299555003059,02
230299555003060,02
230299555003061,02
230299555003062,02
230299555003063,02
230299555003064,02
230299555003065,02
230299555003066,02
230299555003067,02
230299555003068,02
230299555003069,02
230299556001000,02
230299556001001,02
230299556001002,02
230299556001003,02
230299556001004,02
230299556001005,02
230299556001006,02
230299556001007,02
230299556001008,02
230299556001009,02
230299556001010,02
230299556001011,02
230299556001012,02
230299556001013,02
230299556001014,02
230299556001015,02
230299556001016,02
230299556001017,02
230299556001018,02
230299556001019,02
230299556001020,02
230299556001021,02
230299556001022,02
230299556001023,02
230299556001024,02
230299556001025,02
230299556001026,02
230299556001027,02
230299556001028,02
230299556001029,02
230299556001030,02
230299556001031,02
230299556001032,02
230299556001033,02
230299556001034,02
230299556001035,02
230299556001036,02
230299556001037,02
230299556001038,02
230299556001039,02
230299556001040,02
230299556001041,02
230299556001042,02
230299556001043,02
230299556001044,02
230299556001045,02
230299556001046,02
230299556001047,02
230299556001048,02
230299556001049,02
230299556001050,02
230299556001051,02
230299556001052,02
230299556001053,02
230299556001054,02
230299556001055,02
230299556001056,02
230299556002000,02
230299556002001,02
230299556002002,02
230299556002003,02
230299556002004,02
230299556002005,02
230299556002006,02
230299556002007,02
230299556002008,02
230299556002009,02
230299556002010,02
230299556002011,02
230299556002012,02
230299556002013,02
230299556002014,02
230299556002015,02
230299556002016,02
230299556002017,02
230299556002018,02
230299556002019,02
230299556002020,02
230299556002021,02
230299556002022,02
230299556002023,02
230299556002024,02
230299556002025,02
230299556002026,02
230299556002027,02
230299556002028,02
230299556002029,02
230299556002030,02
230299556002031,02
230299556002032,02
230299556002033,02
230299556002034,02
230299556002035,02
230299556002036,02
230299556002037,02
230299556002038,02
230299556002039,02
230299556002040,02
230299557001000,02
230299557001001,02
230299557001002,02
230299557001003,02
230299557001004,02
230299557001005,02
230299557001006,02
230299557001007,02
230299557001008,02
230299557001009,02
230299557001010,02
230299557001011,02
230299557001012,02
230299557001013,02
230299557001014,02
230299557001015,02
230299557001016,02
230299557001017,02
230299557001018,02
230299557001019,02
230299557001020,02
230299557001021,02
230299557001022,02
230299557001023,02
230299557001024,02
230299557001025,02
230299557001026,02
230299557001027,02
230299557001028,02
230299557001029,02
230299557001030,02
230299557001031,02
230299557001032,02
230299557001033,02
230299557001034,02
230299557001035,02
230299557001036,02
230299557001037,02
230299557001038,02
230299557001039,02
230299557001040,02
230299557001041,02
230299557001042,02
230299557001043,02
230299557001044,02
230299557001045,02
230299557001046,02
230299557001047,02
230299557001048,02
230299557001049,02
230299557001050,02
230299557001051,02
230299557001052,02
230299557001053,02
230299557001054,02
230299557001055,02
230299557001056,02
230299557001057,02
230299557001058,02
230299557001059,02
230299557001060,02
230299557001061,02
230299557001062,02
230299557001063,02
230299557001064,02
230299557001065,02
230299557001066,02
230299557001067,02
230299557001068,02
230299557001069,02
230299557001070,02
230299557001071,02
230299557001072,02
230299557001073,02
230299557001074,02
230299557001075,02
230299557001076,02
230299557001077,02
230299557001078,02
230299557001079,02
230299557001080,02
230299557001081,02
230299557001082,02
230299558001000,02
230299558001001,02
230299558001002,02
230299558001003,02
230299558001004,02
230299558001005,02
230299558001006,02
230299558001007,02
230299558001008,02
230299558001009,02
230299558001010,02
230299558001011,02
230299558001012,02
230299558001013,02
230299558001014,02
230299558001015,02
230299558001016,02
230299558001017,02
230299558001018,02
230299558001019,02
230299558001020,02
230299558001021,02
230299558001022,02
230299558001023,02
230299558001024,02
230299558001025,02
230299558001026,02
230299558001027,02
230299558001028,02
230299558002000,02
230299558002001,02
230299558002002,02
230299558002003,02
230299558002004,02
230299558002005,02
230299558002006,02
230299558002007,02
230299558002008,02
230299558002009,02
230299558002010,02
230299558002011,02
230299558002012,02
230299558002013,02
230299558002014,02
230299558002015,02
230299558002016,02
230299558002017,02
230299558002018,02
230299558002019,02
230299558002020,02
230299558002021,02
230299558002022,02
230299558002023,02
230299558002024,02
230299558002025,02
230299558002026,02
230299558002027,02
230299558002028,02
230299558002029,02
230299558002030,02
230299558002031,02
230299558002032,02
230299558002033,02
230299558002034,02
230299558002035,02
230299558002036,02
230299558002037,02
230299558002038,02
230299558002039,02
230299558002040,02
230299558002041,02
230299558003000,02
230299558003001,02
230299558003002,02
230299558003003,02
230299558003004,02
230299558003005,02
230299558003006,02
230299558003007,02
230299558003008,02
230299558003009,02
230299558003010,02
230299558003011,02
230299558003012,02
230299558003013,02
230299558003014,02
230299558003015,02
230299558003016,02
230299558003017,02
230299558003018,02
230299558003019,02
230299558003020,02
230299558003021,02
230299558003022,02
230299558003023,02
230299558003024,02
230299558003025,02
230299558003026,02
230299558003027,02
230299558003028,02
230299558003029,02
230299558003030,02
230299558003031,02
230299558003032,02
230299558003033,02
230299558003034,02
230299558003035,02
230299558003036,02
230299558003037,02
230299558003038,02
230299558003039,02
230299558004000,02
230299558004001,02
230299558004002,02
230299558004003,02
230299558004004,02
230299558004005,02
230299558004006,02
230299558004007,02
230299558004008,02
230299558004009,02
230299558004010,02
230299558004011,02
230299558004012,02
230299558004013,02
230299558004014,02
230299558004015,02
230299558004016,02
230299558004017,02
230299558004018,02
230299558004019,02
230299558004020,02
230299558004021,02
230299558004022,02
230299558004023,02
230299558004024,02
230299558004025,02
230299558004026,02
230299558004027,02
230299558004028,02
230299558004029,02
230299558004030,02
230299558004031,02
230299558004032,02
230299558004033,02
230299558004034,02
230299558004035,02
230299558004036,02
230299558004037,02
230299558004038,02
230299558004039,02
230299558004040,02
230299558004041,02
230299558004042,02
230299558004043,02
230299558004044,02
230299559001000,02
230299559001001,02
230299559001002,02
230299559001003,02
230299559001004,02
230299559001005,02
230299559001006,02
230299559001007,02
230299559001008,02
230299559001009,02
230299559001010,02
230299559001011,02
230299559001012,02
230299559001013,02
230299559001014,02
230299559001015,02
230299559001016,02
230299559001017,02
230299559001018,02
230299559001019,02
230299559001020,02
230299559001021,02
230299559001022,02
230299559001023,02
230299559001024,02
230299559001025,02
230299559001026,02
230299559001027,02
230299559001028,02
230299559001029,02
230299559001030,02
230299559001031,02
230299559001032,02
230299559001033,02
230299559001034,02
230299559001035,02
230299559001036,02
230299559001037,02
230299559001038,02
230299559001039,02
230299559001040,02
230299559001041,02
230299559001042,02
230299559001043,02
230299559001044,02
230299559001045,02
230299559001046,02
230299559001047,02
230299559001048,02
230299559001049,02
230299559001050,02
230299559001051,02
230299559001052,02
230299559001053,02
230299559001054,02
230299559001055,02
230299559001056,02
230299559001057,02
230299559001058,02
230299559001059,02
230299559001060,02
230299559001061,02
230299559001062,02
230299559001063,02
230299559001064,02
230299559001065,02
230299559001066,02
230299559001067,02
230299559001068,02
230299559001069,02
230299559001070,02
230299559001071,02
230299559001072,02
230299559001073,02
230299559001074,02
230299559001075,02
230299559001076,02
230299559001077,02
230299559001078,02
230299559001079,02
230299559001080,02
230299559001081,02
230299559001082,02
230299559001083,02
230299559002000,02
230299559002001,02
230299559002002,02
230299559002003,02
230299559002004,02
230299559002005,02
230299559002006,02
230299559002007,02
230299559002008,02
230299559002009,02
230299559002010,02
230299559002011,02
230299559002012,02
230299559002013,02
230299559002014,02
230299559002015,02
230299559002016,02
230299559002017,02
230299559002018,02
230299559002019,02
230299559002020,02
230299559002021,02
230299559002022,02
230299559002023,02
230299559002024,02
230299559002025,02
230299559002026,02
230299559002027,02
230299559002028,02
230299559002029,02
230299559002030,02
230299559002031,02
230299559002032,02
230299559002033,02
230299559002034,02
230299559002035,02
230299559002036,02
230299559002037,02
230299559002038,02
230299559002039,02
230299559002040,02
230299559002041,02
230299559002042,02
230299559002043,02
230299559002044,02
230299559002045,02
230299559002046,02
230299559002047,02
230299559002048,02
230299559002049,02
230299559002050,02
230299559002051,02
230299559002052,02
230299559002053,02
230299559002054,02
230299559002055,02
230299559002056,02
230299559002057,02
230299559002058,02
230299559002059,02
230299559003000,02
230299559003001,02
230299559003002,02
230299559003003,02
230299559003004,02
230299559003005,02
230299559003006,02
230299559003007,02
230299559003008,02
230299559003009,02
230299559003010,02
230299559003011,02
230299559003012,02
230299559003013,02
230299559003014,02
230299559003015,02
230299559003016,02
230299559003017,02
230299559003018,02
230299559003019,02
230299559003020,02
230299559003021,02
230299559003022,02
230299559003023,02
230299559003024,02
230299559003025,02
230299559003026,02
230299559003027,02
230299559003028,02
230299559003029,02
230299559003030,02
230299559003031,02
230299559003032,02
230299559003033,02
230299559003034,02
230299559003035,02
230299559003036,02
230299559003037,02
230299559003038,02
230299559003039,02
230299559003040,02
230299559003041,02
230299559003042,02
230299559003043,02
230299559003044,02
230299559003045,02
230299559003046,02
230299559003047,02
230299559003048,02
230299559003049,02
230299559003050,02
230299559003051,02
230299559003052,02
230299559003053,02
230299559003054,02
230299559003055,02
230299559003056,02
230299559003057,02
230299559003058,02
230299559003059,02
230299559003060,02
230299559003061,02
230299559003062,02
230299559003063,02
230299559003064,02
230299559003065,02
230299559003066,02
230299559003067,02
230299559003068,02
230299559003069,02
230299559003070,02
230299559003071,02
230299559003072,02
230299559003073,02
230299559003074,02
230299559003075,02
230299559003076,02
230299559003077,02
230299559003078,02
230299559003079,02
230299559003080,02
230299559003081,02
230299559003082,02
230299559003083,02
230299559003084,02
230299559003085,02
230299559003086,02
230299559003087,02
230299559003088,02
230299559003089,02
230299559003090,02
230299559003091,02
230299559003092,02
230299559003093,02
230299559003094,02
230299559003095,02
230299559003096,02
230299559003097,02
230299559003098,02
230299559003099,02
230299559003100,02
230299559003101,02
230299559003102,02
230299559003103,02
230299559003104,02
230299559003105,02
230299559003106,02
230299559003107,02
230299559003108,02
230299559003109,02
230299559003110,02
230299559003111,02
230299559003112,02
230299559003113,02
230299559003114,02
230299559003115,02
230299559003116,02
230299559003117,02
230299559003118,02
230299559003119,02
230299559003120,02
230299559003121,02
230299559003122,02
230299559003123,02
230299559003124,02
230299559003125,02
230299559003126,02
230299559003127,02
230299559003128,02
230299559003129,02
230299559003130,02
230299559003131,02
230299559003132,02
230299559003133,02
230299559003134,02
230299559003135,02
230299559003136,02
230299559003137,02
230299559003138,02
230299559003139,02
230299559003140,02
230299559003141,02
230299559003142,02
230299559003143,02
230299559003144,02
230299559003145,02
230299559003146,02
230299559003147,02
230299559003148,02
230299559003149,02
230299559003150,02
230299559003151,02
230299559003152,02
230299559003153,02
230299559003154,02
230299559003155,02
230299559003156,02
230299559003157,02
230299559003158,02
230299559003159,02
230299559003160,02
230299559003161,02
230299559003162,02
230299559003163,02
230299559003164,02
230299559003165,02
230299559003166,02
230299559003167,02
230299559003168,02
230299559003169,02
230299559003170,02
230299559003171,02
230299559003172,02
230299559003173,02
230299559003174,02
230299559003175,02
230299559003176,02
230299559003177,02
230299559003178,02
230299559003179,02
230299559003180,02
230299559003181,02
230299559003182,02
230299559003183,02
230299559003184,02
230299559003185,02
230299559003186,02
230299559003187,02
230299559003188,02
230299559003189,02
230299559003190,02
230299559003191,02
230299559003192,02
230299559003193,02
230299559003194,02
230299559003195,02
230299559003196,02
230299559003197,02
230299559003198,02
230299559003199,02
230299559003200,02
230299559003201,02
230299559003202,02
230299559003203,02
230299559003204,02
230299559003205,02
230299559003206,02
230299559003207,02
230299559003208,02
230299559003209,02
230299559003210,02
230299559003211,02
230299559003212,02
230299559003213,02
230299559003214,02
230299559003215,02
230299559003216,02
230299559003217,02
230299559003218,02
230299559003219,02
230299559003220,02
230299559003221,02
230299559003222,02
230299559003223,02
230299559003224,02
230299559003225,02
230299559003226,02
230299559003227,02
230299559003228,02
230299559003229,02
230299559003230,02
230299559003231,02
230299559003232,02
230299559003233,02
230299559003234,02
230299559003235,02
230299559003236,02
230299559003237,02
230299559003238,02
230299559003239,02
230299559003240,02
230299559003241,02
230299559003242,02
230299559003243,02
230299559003244,02
230299559003245,02
230299559003246,02
230299559003247,02
230299559003248,02
230299559003249,02
230299561001000,02
230299561001001,02
230299561001002,02
230299561001003,02
230299561001004,02
230299561001005,02
230299561001006,02
230299561001007,02
230299561001008,02
230299561001009,02
230299561001010,02
230299561001011,02
230299561001012,02
230299561001013,02
230299561001014,02
230299561001015,02
230299561001016,02
230299561001017,02
230299561001018,02
230299561001019,02
230299561001020,02
230299561001021,02
230299561001022,02
230299561001023,02
230299561001024,02
230299561001025,02
230299561001026,02
230299561001027,02
230299561001028,02
230299561001029,02
230299561001030,02
230299561001031,02
230299561001032,02
230299561001033,02
230299561001034,02
230299561001035,02
230299561001036,02
230299561001037,02
230299561001038,02
230299561001039,02
230299561001040,02
230299561001041,02
230299561001042,02
230299561001043,02
230299561001044,02
230299561001045,02
230299561001046,02
230299561001047,02
230299561001048,02
230299561001049,02
230299561001050,02
230299561001051,02
230299561001052,02
230299561001053,02
230299561001054,02
230299561001055,02
230299561001056,02
230299561001057,02
230299561001058,02
230299561001059,02
230299561001060,02
230299561001061,02
230299561001062,02
230299561001063,02
230299561001064,02
230299561001065,02
230299561001066,02
230299561002000,02
230299561002001,02
230299561002002,02
230299561002003,02
230299561002004,02
230299561002005,02
230299561002006,02
230299561002007,02
230299561002008,02
230299561002009,02
230299561002010,02
230299561002011,02
230299561002012,02
230299561002013,02
230299561002014,02
230299561002015,02
230299561002016,02
230299561002017,02
230299561002018,02
230299561002019,02
230299561002020,02
230299561002021,02
230299561002022,02
230299561002023,02
230299561002024,02
230299561002025,02
230299561002026,02
230299561002027,02
230299561002028,02
230299561002029,02
230299561002030,02
230299561002031,02
230299561002032,02
230299561002033,02
230299561002034,02
230299561002035,02
230299561002036,02
230299561002037,02
230299561002038,02
230299561002039,02
230299561002040,02
230299561002041,02
230299561002042,02
230299561002043,02
230299561002044,02
230299561002045,02
230299561002046,02
230299562001000,02
230299562001001,02
230299562001002,02
230299562001003,02
230299562001004,02
230299562001005,02
230299562001006,02
230299562001007,02
230299562001008,02
230299562001009,02
230299562001010,02
230299562001011,02
230299562001012,02
230299562001013,02
230299562001014,02
230299562001015,02
230299562001016,02
230299562001017,02
230299562001018,02
230299562001019,02
230299562001020,02
230299562001021,02
230299562001022,02
230299562001023,02
230299562001024,02
230299562001025,02
230299562001026,02
230299562001027,02
230299562001028,02
230299562001029,02
230299562001030,02
230299562001031,02
230299562001032,02
230299562001033,02
230299562001034,02
230299562001035,02
230299562001036,02
230299562001037,02
230299562001038,02
230299562001039,02
230299562001040,02
230299562001041,02
230299562001042,02
230299562001043,02
230299562001044,02
230299562001045,02
230299562001046,02
230299562001047,02
230299562001048,02
230299562001049,02
230299562001050,02
230299562001051,02
230299562002000,02
230299562002001,02
230299562002002,02
230299562002003,02
230299562002004,02
230299562002005,02
230299562002006,02
230299562002007,02
230299562002008,02
230299562002009,02
230299562002010,02
230299562002011,02
230299562002012,02
230299562002013,02
230299562002014,02
230299562002015,02
230299562002016,02
230299562002017,02
230299562002018,02
230299562002019,02
230299562002020,02
230299562002021,02
230299562002022,02
230299562002023,02
230299562002024,02
230299562002025,02
230299562002026,02
230299562002027,02
230299562002028,02
230299562002029,02
230299562002030,02
230299562002031,02
230299562002032,02
230299562003000,02
230299562003001,02
230299562003002,02
230299562003003,02
230299562003004,02
230299562003005,02
230299562003006,02
230299562003007,02
230299562003008,02
230299562003009,02
230299562003010,02
230299562003011,02
230299562003012,02
230299562003013,02
230299562003014,02
230299562003015,02
230299562003016,02
230299562003017,02
230299562003018,02
230299562003019,02
230299562003020,02
230299562003021,02
230299562003022,02
230299562003023,02
230299562003024,02
230299562003025,02
230299562003026,02
230299562003027,02
230299562003028,02
230299562003029,02
230299562003030,02
230299562003031,02
230299562003032,02
230299562003033,02
230299562003034,02
230299562003035,02
230299562003036,02
230299563001000,02
230299563001001,02
230299563001002,02
230299563001003,02
230299563001004,02
230299563001005,02
230299563001006,02
230299563001007,02
230299563001008,02
230299563001009,02
230299563001010,02
230299563001011,02
230299563001012,02
230299563001013,02
230299563001014,02
230299563001015,02
230299563001016,02
230299563001017,02
230299563001018,02
230299563001019,02
230299563001020,02
230299563001021,02
230299563001022,02
230299563001023,02
230299563001024,02
230299563001025,02
230299563001026,02
230299563001027,02
230299563001028,02
230299563001029,02
230299563001030,02
230299563001031,02
230299563001032,02
230299563001033,02
230299563001034,02
230299563001035,02
230299563001036,02
230299563001037,02
230299563001038,02
230299563001039,02
230299563001040,02
230299563001041,02
230299563001042,02
230299563001043,02
230299563001044,02
230299563001045,02
230299563001046,02
230299563001047,02
230299563001048,02
230299563001049,02
230299563001050,02
230299563001051,02
230299563001052,02
230299563001053,02
230299563001054,02
230299563001055,02
230299563001056,02
230299563001057,02
230299563001058,02
230299563001059,02
230299563001060,02
230299563001061,02
230299563001062,02
230299563001063,02
230299563001064,02
230299563001065,02
230299563001066,02
230299563001067,02
230299563001068,02
230299563001069,02
230299563001070,02
230299563001071,02
230299563001072,02
230299563001073,02
230299563001074,02
230299563001075,02
230299563001076,02
230299563001077,02
230299563001078,02
230299563001079,02
230299563001080,02
230299563001081,02
230299563001082,02
230299563002000,02
230299563002001,02
230299563002002,02
230299563002003,02
230299563002004,02
230299563002005,02
230299563002006,02
230299563002007,02
230299563002008,02
230299563002009,02
230299563002010,02
230299563002011,02
230299563002012,02
230299563002013,02
230299563002014,02
230299563002015,02
230299563002016,02
230299563002017,02
230299563002018,02
230299563002019,02
230299563002020,02
230299563002021,02
230299563002022,02
230299563002023,02
230299563002024,02
230299563002025,02
230299563002026,02
230299563002027,02
230299563002028,02
230299563002029,02
230299563002030,02
230299563002031,02
230299563002032,02
230299563002033,02
230299563002034,02
230299563002035,02
230299563002036,02
230299563002037,02
230299563002038,02
230299563002039,02
230299563002040,02
230299563002041,02
230299563002042,02
230299563002043,02
230299563002044,02
230299563002045,02
230299563002046,02
230299563002047,02
230299563002048,02
230299563002049,02
230299563002050,02
230299563002051,02
230299563002052,02
230299563002053,02
230299563002054,02
230299563003000,02
230299563003001,02
230299563003002,02
230299563003003,02
230299563003004,02
230299563003005,02
230299563003006,02
230299563003007,02
230299563003008,02
230299563003009,02
230299563003010,02
230299563003011,02
230299563003012,02
230299563003013,02
230299563003014,02
230299563003015,02
230299563003016,02
230299563003017,02
230299563003018,02
230299563003019,02
230299563003020,02
230299563003021,02
230299563003022,02
230299563003023,02
230299563003024,02
230299563003025,02
230299563003026,02
230299563003027,02
230299563003028,02
230299563003029,02
230299563003030,02
230299564001000,02
230299564001001,02
230299564001002,02
230299564001003,02
230299564001004,02
230299564001005,02
230299564001006,02
230299564001007,02
230299564001008,02
230299564001009,02
230299564001010,02
230299564001011,02
230299564001012,02
230299564001013,02
230299564001014,02
230299564001015,02
230299564001016,02
230299564001017,02
230299564001018,02
230299564001019,02
230299564001020,02
230299564001021,02
230299564001022,02
230299564001023,02
230299564001024,02
230299564001025,02
230299564001026,02
230299564001027,02
230299564001028,02
230299564001029,02
230299564001030,02
230299564001031,02
230299564001032,02
230299564001033,02
230299564001034,02
230299564001035,02
230299564001036,02
230299564001037,02
230299564001038,02
230299564001039,02
230299564001040,02
230299564001041,02
230299564001042,02
230299564001043,02
230299564001044,02
230299564001045,02
230299564001046,02
230299564001047,02
230299564001048,02
230299564001049,02
230299564001050,02
230299564001051,02
230299564001052,02
230299564001053,02
230299564001054,02
230299564001055,02
230299564001056,02
230299564001057,02
230299564001058,02
230299564001059,02
230299564001060,02
230299564001061,02
230299564001062,02
230299564001063,02
230299564001064,02
230299564001065,02
230299564001066,02
230299564001067,02
230299564001068,02
230299564001069,02
230299564001070,02
230299564001071,02
230299564001072,02
230299564001073,02
230299564001074,02
230299564001075,02
230299564001076,02
230299564001077,02
230299564001078,02
230299564001079,02
230299564001080,02
230299564001081,02
230299564001082,02
230299564001083,02
230299564001084,02
230299564001085,02
230299564001086,02
230299564001087,02
230299564001088,02
230299564001089,02
230299564001090,02
230299564001091,02
230299564001092,02
230299564001093,02
230299564001094,02
230299564002000,02
230299564002001,02
230299564002002,02
230299564002003,02
230299564002004,02
230299564002005,02
230299564002006,02
230299564002007,02
230299564002008,02
230299564002009,02
230299564002010,02
230299564002011,02
230299564002012,02
230299564002013,02
230299564002014,02
230299564002015,02
230299564002016,02
230299564002017,02
230299564002018,02
230299564002019,02
230299564002020,02
230299564002021,02
230299564002022,02
230299564002023,02
230299564002024,02
230299564002025,02
230299564002026,02
230299564002027,02
230299564002028,02
230299564002029,02
230299564002030,02
230299564002031,02
230299564002032,02
230299564002033,02
230299564002034,02
230299564002035,02
230299564002036,02
230299564002037,02
230299564002038,02
230299564002039,02
230299564002040,02
230299564002041,02
230299564002042,02
230299564002043,02
230299564002044,02
230299564002045,02
230299564002046,02
230299564002047,02
230299564002048,02
230299564002049,02
230299564002050,02
230299564002051,02
230299564002052,02
230299564002053,02
230299564002054,02
230299564002055,02
230299564002056,02
230299564002057,02
230299564002058,02
230299564002059,02
230299564002060,02
230299564002061,02
230299564002062,02
230299564002063,02
230299564002064,02
230299564002065,02
230299564002066,02
230299564002067,02
230299564002068,02
230299564002069,02
230299564002070,02
230299564002071,02
230299564002072,02
230299564002073,02
230299564002074,02
230299564003000,02
230299564003001,02
230299564003002,02
230299564003003,02
230299564003004,02
230299564003005,02
230299564003006,02
230299564003007,02
230299564003008,02
230299564003009,02
230299564003010,02
230299564003011,02
230299564003012,02
230299564003013,02
230299564003014,02
230299564003015,02
230299564003016,02
230299564003017,02
230299564003018,02
230299564003019,02
230299564003020,02
230299564003021,02
230299564003022,02
230299564003023,02
230299564003024,02
230299564003025,02
230299564003026,02
230299564003027,02
230299564003028,02
230299564003029,02
230299564003030,02
230299564003031,02
230299564003032,02
230299564003033,02
230299564003034,02
230299564003035,02
230299564003036,02
230299564003037,02
230299564003038,02
230299564003039,02
230299564003040,02
230299564003041,02
230299564003042,02
230299564003043,02
230299564003044,02
230299564003045,02
230299564003046,02
230299564003047,02
230299564003048,02
230299564003049,02
230299564003050,02
230299564003051,02
230299564003052,02
230299564003053,02
230299564003054,02
230299564003055,02
230299564003056,02
230299564003057,02
230299564003058,02
230299564003059,02
230299564003060,02
230299564003061,02
230299564003062,02
230299564003063,02
230299564003064,02
230299564003065,02
230299564003066,02
230299564003067,02
230299564003068,02
230299564003069,02
230299564003070,02
230299564003071,02
230299565001000,02
230299565001001,02
230299565001002,02
230299565001003,02
230299565001004,02
230299565001005,02
230299565001006,02
230299565001007,02
230299565001008,02
230299565001009,02
230299565001010,02
230299565001011,02
230299565001012,02
230299565001013,02
230299565001014,02
230299565001015,02
230299565001016,02
230299565001017,02
230299565001018,02
230299565001019,02
230299565001020,02
230299565001021,02
230299565001022,02
230299565001023,02
230299565001024,02
230299565001025,02
230299565001026,02
230299565001027,02
230299565001028,02
230299565001029,02
230299565001030,02
230299565001031,02
230299565001032,02
230299565001033,02
230299565001034,02
230299565001035,02
230299565001036,02
230299565001037,02
230299565001038,02
230299565001039,02
230299565001040,02
230299565001041,02
230299565001042,02
230299565001043,02
230299565002000,02
230299565002001,02
230299565002002,02
230299565002003,02
230299565002004,02
230299565002005,02
230299565002006,02
230299565002007,02
230299565002008,02
230299565002009,02
230299565002010,02
230299565002011,02
230299565002012,02
230299565002013,02
230299565002014,02
230299565002015,02
230299565002016,02
230299565002017,02
230299565002018,02
230299565002019,02
230299565002020,02
230299565002021,02
230299565002022,02
230299565002023,02
230299565002024,02
230299565002025,02
230299565002026,02
230299565002027,02
230299565002028,02
230299565002029,02
230299565002030,02
230299565002031,02
230299565002032,02
230299565002033,02
230299565002034,02
230299565002035,02
230299565002036,02
230299565002037,02
230299565002038,02
230299565002039,02
230299565002040,02
230299565002041,02
230299565002042,02
230299565002043,02
230299565002044,02
230299565002045,02
230299565002046,02
230299565002047,02
230299565002048,02
230299565002049,02
230299565002050,02
230299565002051,02
230299565002052,02
230299565002053,02
230299565002054,02
230299565002055,02
230299565002056,02
230299565002057,02
230299565002058,02
230299565002059,02
230299565002060,02
230299565002061,02
230299565002062,02
230299565003000,02
230299565003001,02
230299565003002,02
230299565003003,02
230299565003004,02
230299565003005,02
230299565003006,02
230299565003007,02
230299565003008,02
230299565003009,02
230299565003010,02
230299565003011,02
230299565003012,02
230299565003013,02
230299565003014,02
230299565003015,02
230299565003016,02
230299565003017,02
230299565003018,02
230299565003019,02
230299565003020,02
230299565003021,02
230299565003022,02
230299565003023,02
230299565003024,02
230299565003025,02
230299565003026,02
230299565003027,02
230299565003028,02
230299565003029,02
230299565003030,02
230299565003031,02
230299565003032,02
230299565003033,02
230299565003034,02
230299565003035,02
230299565003036,02
230299565003037,02
230299565003038,02
230299565003039,02
230299565003040,02
230299565003041,02
230299565003042,02
230299565003043,02
230299565003044,02
230299565003045,02
230299565003046,02
230299565003047,02
230299565003048,02
230299565003049,02
230299565003050,02
230299565003051,02
230299565003052,02
230299565003053,02
230299565003054,02
230299565003055,02
230299565003056,02
230299565003057,02
230299565003058,02
230299565003059,02
230299565003060,02
230299565003061,02
230299900000001,02
230299900000002,02
230299900000003,02
230299900000004,02
230299900000005,02
230299900000006,02
230299900000007,02
230299900000008,02
230299900000009,02
230299900000010,02
230299900000011,02
230299900000012,02
230299900000013,02
230299900000014,02
230310051001000,01
230310051001001,01
230310051001002,01
230310051001003,01
230310051001004,01
230310051001005,01
230310051001006,01
230310051001007,01
230310051001008,01
230310051001009,01
230310051001010,01
230310051001011,01
230310051001012,01
230310051001013,01
230310051001014,01
230310051001015,01
230310051001016,01
230310051001017,01
230310051001018,01
230310051001019,01
230310051001020,01
230310051001021,01
230310051001022,01
230310051001023,01
230310051001024,01
230310051001025,01
230310051001026,01
230310051001027,01
230310051001028,01
230310051001029,01
230310051001030,01
230310051001031,01
230310051001032,01
230310051001033,01
230310051001034,01
230310051001035,01
230310051001036,01
230310051001037,01
230310051001038,01
230310051001039,01
230310051001040,01
230310051001041,01
230310051001042,01
230310051001043,01
230310051001044,01
230310051001045,01
230310051001046,01
230310051001047,01
230310051001048,01
230310051001049,01
230310051002000,01
230310051002001,01
230310051002002,01
230310051002003,01
230310051002004,01
230310051002005,01
230310051002006,01
230310051002007,01
230310051002008,01
230310051002009,01
230310051002010,01
230310051002011,01
230310051002012,01
230310051002013,01
230310051002014,01
230310051002015,01
230310051002016,01
230310051002017,01
230310051002018,01
230310051002019,01
230310051003000,01
230310051003001,01
230310051003002,01
230310051003003,01
230310051003004,01
230310051003005,01
230310051003006,01
230310051003007,01
230310051003008,01
230310051003009,01
230310051003010,01
230310051003011,01
230310051003012,01
230310051003013,01
230310051003014,01
230310051003015,01
230310051003016,01
230310051003017,01
230310051003018,01
230310051003019,01
230310051003020,01
230310051003021,01
230310051003022,01
230310051003023,01
230310051003024,01
230310051003025,01
230310051003026,01
230310052001000,01
230310052001001,01
230310052001002,01
230310052001003,01
230310052001004,01
230310052001005,01
230310052001006,01
230310052001007,01
230310052001008,01
230310052001009,01
230310052001010,01
230310052001011,01
230310052001012,01
230310052001013,01
230310052001014,01
230310052001015,01
230310052001016,01
230310052001017,01
230310052001018,01
230310052001019,01
230310052001020,01
230310052001021,01
230310052001022,01
230310052001023,01
230310052001024,01
230310052001025,01
230310052001026,01
230310052001027,01
230310052001028,01
230310052001029,01
230310052001030,01
230310052001031,01
230310052001032,01
230310052001033,01
230310052001034,01
230310052001035,01
230310052001036,01
230310052001037,01
230310052001038,01
230310052001039,01
230310052001040,01
230310052001041,01
230310052001042,01
230310052001043,01
230310052001044,01
230310052001045,01
230310052001046,01
230310052002000,01
230310052002001,01
230310052002002,01
230310052002003,01
230310052002004,01
230310052002005,01
230310052002006,01
230310052002007,01
230310052002008,01
230310052002009,01
230310052002010,01
230310052002011,01
230310052002012,01
230310052002013,01
230310052002014,01
230310052002015,01
230310052002016,01
230310052002017,01
230310052002018,01
230310052002019,01
230310052002020,01
230310052002021,01
230310052002022,01
230310052002023,01
230310052002024,01
230310052002025,01
230310052002026,01
230310052003000,01
230310052003001,01
230310052003002,01
230310052003003,01
230310052003004,01
230310052003005,01
230310052003006,01
230310052003007,01
230310052003008,01
230310052003009,01
230310052003010,01
230310052003011,01
230310052003012,01
230310052003013,01
230310052003014,01
230310052003015,01
230310052003016,01
230310052003017,01
230310053011000,01
230310053011001,01
230310053011002,01
230310053011003,01
230310053011004,01
230310053011005,01
230310053011006,01
230310053011007,01
230310053011008,01
230310053011009,01
230310053011010,01
230310053011011,01
230310053011012,01
230310053011013,01
230310053011014,01
230310053011015,01
230310053011016,01
230310053011017,01
230310053011018,01
230310053011019,01
230310053012000,01
230310053012001,01
230310053012002,01
230310053012003,01
230310053012004,01
230310053012005,01
230310053012006,01
230310053012007,01
230310053012008,01
230310053012009,01
230310053012010,01
230310053012011,01
230310053012012,01
230310053012013,01
230310053012014,01
230310053012015,01
230310053012016,01
230310053012017,01
230310053012018,01
230310053012019,01
230310053012020,01
230310053012021,01
230310053012022,01
230310053012023,01
230310053012024,01
230310053012025,01
230310053012026,01
230310053012027,01
230310053012028,01
230310053013000,01
230310053013001,01
230310053013002,01
230310053013003,01
230310053013004,01
230310053013005,01
230310053013006,01
230310053013007,01
230310053013008,01
230310053013009,01
230310053013010,01
230310053013011,01
230310053013012,01
230310053013013,01
230310053013014,01
230310053013015,01
230310053013016,01
230310053021000,01
230310053021001,01
230310053021002,01
230310053021003,01
230310053021004,01
230310053021005,01
230310053021006,01
230310053021007,01
230310053021008,01
230310053021009,01
230310053021010,01
230310053021011,01
230310053021012,01
230310053021013,01
230310053021014,01
230310053021015,01
230310053021016,01
230310053021017,01
230310053021018,01
230310053022000,01
230310053022001,01
230310053022002,01
230310053022003,01
230310053022004,01
230310053022005,01
230310053022006,01
230310053022007,01
230310053022008,01
230310053022009,01
230310053022010,01
230310053022011,01
230310054001000,01
230310054001001,01
230310054001002,01
230310054001003,01
230310054001004,01
230310054001005,01
230310054001006,01
230310054001007,01
230310054001008,01
230310054001009,01
230310054001010,01
230310054001011,01
230310054001012,01
230310054001013,01
230310054001014,01
230310054001015,01
230310054001016,01
230310054001017,01
230310054001018,01
230310054001019,01
230310054001020,01
230310054001021,01
230310054001022,01
230310054001023,01
230310054001024,01
230310054001025,01
230310054001026,01
230310054001027,01
230310054001028,01
230310054002000,01
230310054002001,01
230310054002002,01
230310054002003,01
230310054002004,01
230310054002005,01
230310054002006,01
230310054002007,01
230310054002008,01
230310054002009,01
230310054002010,01
230310054002011,01
230310054002012,01
230310054002013,01
230310061031000,01
230310061031001,01
230310061031002,01
230310061031003,01
230310061031004,01
230310061031005,01
230310061031006,01
230310061031007,01
230310061031008,01
230310061031009,01
230310061031010,01
230310061031011,01
230310061031012,01
230310061031013,01
230310061031014,01
230310061031015,01
230310061031016,01
230310061031017,01
230310061031018,01
230310061031019,01
230310061032000,01
230310061032001,01
230310061032002,01
230310061032003,01
230310061032004,01
230310061032005,01
230310061032006,01
230310061032007,01
230310061033000,01
230310061033001,01
230310061033002,01
230310061033003,01
230310061033004,01
230310061033005,01
230310061033006,01
230310061033007,01
230310061033008,01
230310061033009,01
230310061033010,01
230310061041000,01
230310061041001,01
230310061041002,01
230310061041003,01
230310061041004,01
230310061041005,01
230310061041006,01
230310061041007,01
230310061041008,01
230310061041009,01
230310061041010,01
230310061041011,01
230310061041012,01
230310061042000,01
230310061042001,01
230310061042002,01
230310061042003,01
230310061042004,01
230310061042005,01
230310061042006,01
230310061042007,01
230310061042008,01
230310061042009,01
230310061042010,01
230310061042011,01
230310061043000,01
230310061043001,01
230310061043002,01
230310061043003,01
230310061043004,01
230310061043005,01
230310061043006,01
230310061043007,01
230310061043008,01
230310061043009,01
230310061043010,01
230310061043011,01
230310061043012,01
230310061043013,01
230310061043014,01
230310061043015,01
230310061043016,01
230310061043017,01
230310061043018,01
230310061043019,01
230310061051000,01
230310061051001,01
230310061051002,01
230310061051003,01
230310061051004,01
230310061051005,01
230310061051006,01
230310061051007,01
230310061051008,01
230310061051009,01
230310061051010,01
230310061051011,01
230310061051012,01
230310061051013,01
230310061051014,01
230310061051015,01
230310061051016,01
230310061051017,01
230310061051018,01
230310061051019,01
230310061051020,01
230310061051021,01
230310061051022,01
230310061051023,01
230310061051024,01
230310061051025,01
230310061051026,01
230310061051027,01
230310061051028,01
230310061052000,01
230310061052001,01
230310061052002,01
230310061052003,01
230310061052004,01
230310061052005,01
230310061052006,01
230310061052007,01
230310061052008,01
230310061052009,01
230310061052010,01
230310061052011,01
230310061052012,01
230310061052013,01
230310061052014,01
230310061052015,01
230310061052016,01
230310061052017,01
230310061052018,01
230310061052019,01
230310061052020,01
230310061061000,01
230310061061001,01
230310061061002,01
230310061061003,01
230310061061004,01
230310061061005,01
230310061061006,01
230310061061007,01
230310061061008,01
230310061061009,01
230310061061010,01
230310061061011,01
230310061061012,01
230310061061013,01
230310061061014,01
230310061061015,01
230310061061016,01
230310061061017,01
230310061061018,01
230310061061019,01
230310061061020,01
230310061061021,01
230310061061022,01
230310061061023,01
230310061061024,01
230310061061025,01
230310061061026,01
230310061061027,01
230310061061028,01
230310061061029,01
230310061061030,01
230310061061031,01
230310061061032,01
230310061061033,01
230310061061034,01
230310061061035,01
230310061061036,01
230310061061037,01
230310061061038,01
230310061061039,01
230310061061040,01
230310061061041,01
230310061061042,01
230310061061043,01
230310061061044,01
230310061061045,01
230310061061046,01
230310061061047,01
230310061061048,01
230310061061049,01
230310061061050,01
230310061061051,01
230310061061052,01
230310061061053,01
230310061061054,01
230310061061055,01
230310061061056,01
230310061061057,01
230310061061058,01
230310061062000,01
230310061062001,01
230310061062002,01
230310061062003,01
230310061062004,01
230310061062005,01
230310061062006,01
230310061062007,01
230310061062008,01
230310061062009,01
230310061062010,01
230310061062011,01
230310061062012,01
230310061062013,01
230310061062014,01
230310061062015,01
230310061062016,01
230310061062017,01
230310061062018,01
230310061062019,01
230310061062020,01
230310061062021,01
230310061062022,01
230310061062023,01
230310061062024,01
230310061062025,01
230310061062026,01
230310061062027,01
230310061062028,01
230310061062029,01
230310061062030,01
230310061062031,01
230310061062032,01
230310061063000,01
230310061063001,01
230310061063002,01
230310061063003,01
230310061063004,01
230310061063005,01
230310061063006,01
230310061063007,01
230310061063008,01
230310061063009,01
230310061063010,01
230310061063011,01
230310061063012,01
230310061063013,01
230310061063014,01
230310061063015,01
230310061063016,01
230310061063017,01
230310200011000,01
230310200011001,01
230310200011002,01
230310200011003,01
230310200011004,01
230310200011005,01
230310200011006,01
230310200011007,01
230310200011008,01
230310200011009,01
230310200011010,01
230310200011011,01
230310200011012,01
230310200011013,01
230310200011014,01
230310200011015,01
230310200011016,01
230310200011017,01
230310200011018,01
230310200011019,01
230310200011020,01
230310200011021,01
230310200011022,01
230310200011023,01
230310200011024,01
230310200011025,01
230310200011026,01
230310200011027,01
230310200011028,01
230310200011029,01
230310200011030,01
230310200011031,01
230310200012000,01
230310200012001,01
230310200012002,01
230310200012003,01
230310200012004,01
230310200012005,01
230310200012006,01
230310200012007,01
230310200012008,01
230310200012009,01
230310200012010,01
230310200012011,01
230310200012012,01
230310200012013,01
230310200012014,01
230310200012015,01
230310200012016,01
230310200012017,01
230310200012018,01
230310200012019,01
230310200012020,01
230310200012021,01
230310200012022,01
230310200012023,01
230310200012024,01
230310200012025,01
230310200012026,01
230310200012027,01
230310200012028,01
230310200012029,01
230310200012030,01
230310200012031,01
230310200012032,01
230310200012033,01
230310200012034,01
230310200012035,01
230310200012036,01
230310200012037,01
230310200021000,01
230310200021001,01
230310200021002,01
230310200021003,01
230310200021004,01
230310200021005,01
230310200021006,01
230310200021007,01
230310200021008,01
230310200021009,01
230310200021010,01
230310200021011,01
230310200021012,01
230310200021013,01
230310200021014,01
230310200021015,01
230310200021016,01
230310200021017,01
230310200021018,01
230310200021019,01
230310200021020,01
230310200021021,01
230310200021022,01
230310200021023,01
230310200021024,01
230310200021025,01
230310200021026,01
230310200021027,01
230310200021028,01
230310200021029,01
230310200021030,01
230310200021031,01
230310200021032,01
230310200021033,01
230310200021034,01
230310200021035,01
230310200021036,01
230310200021037,01
230310200021038,01
230310200021039,01
230310200021040,01
230310200021041,01
230310200021042,01
230310200021043,01
230310200021044,01
230310200021045,01
230310200021046,01
230310200021047,01
230310200021048,01
230310200022000,01
230310200022001,01
230310200022002,01
230310200022003,01
230310200022004,01
230310200022005,01
230310200022006,01
230310200022007,01
230310200022008,01
230310200022009,01
230310200022010,01
230310200022011,01
230310200022012,01
230310200022013,01
230310200022014,01
230310200022015,01
230310200022016,01
230310200022017,01
230310200022018,01
230310200022019,01
230310200022020,01
230310200022021,01
230310200022022,01
230310200022023,01
230310200022024,01
230310200022025,01
230310200022026,01
230310200022027,01
230310200022028,01
230310200022029,01
230310200022030,01
230310200022031,01
230310200022032,01
230310200022033,01
230310200022034,01
230310200022035,01
230310200022036,01
230310200022037,01
230310200022038,01
230310200022039,01
230310200022040,01
230310200022041,01
230310200022042,01
230310200022043,01
230310200022044,01
230310200022045,01
230310200022046,01
230310200022047,01
230310200022048,01
230310200022049,01
230310200022050,01
230310200022051,01
230310200022052,01
230310200022053,01
230310200022054,01
230310200022055,01
230310200022056,01
230310200022057,01
230310210001000,01
230310210001001,01
230310210001002,01
230310210001003,01
230310210001004,01
230310210001005,01
230310210001006,01
230310210001007,01
230310210001008,01
230310210001009,01
230310210001010,01
230310210001011,01
230310210001012,01
230310210001013,01
230310210001014,01
230310210001015,01
230310210001016,01
230310210001017,01
230310210001018,01
230310210001019,01
230310210001020,01
230310210001021,01
230310210001022,01
230310210001023,01
230310210001024,01
230310210001025,01
230310210001026,01
230310210001027,01
230310210001028,01
230310210001029,01
230310210001030,01
230310210001031,01
230310210001032,01
230310210001033,01
230310210001034,01
230310210001035,01
230310210001036,01
230310210001037,01
230310210001038,01
230310210001039,01
230310210001040,01
230310210001041,01
230310210002000,01
230310210002001,01
230310210002002,01
230310210002003,01
230310210002004,01
230310210002005,01
230310210002006,01
230310210002007,01
230310210002008,01
230310210002009,01
230310210002010,01
230310210002011,01
230310210002012,01
230310210002013,01
230310210002014,01
230310210002015,01
230310210002016,01
230310210002017,01
230310210002018,01
230310210002019,01
230310210002020,01
230310210002021,01
230310210002022,01
230310210002023,01
230310210002024,01
230310210002025,01
230310210002026,01
230310210002027,01
230310210002028,01
230310210002029,01
230310210002030,01
230310210002031,01
230310210002032,01
230310210002033,01
230310210002034,01
230310210002035,01
230310210002036,01
230310210002037,01
230310210002038,01
230310210002039,01
230310210002040,01
230310210002041,01
230310210002042,01
230310210002043,01
230310210002044,01
230310210002045,01
230310210002046,01
230310210003000,01
230310210003001,01
230310210003002,01
230310210003003,01
230310210003004,01
230310210003005,01
230310210003006,01
230310210003007,01
230310210003008,01
230310210003009,01
230310210003010,01
230310210003011,01
230310210003012,01
230310210003013,01
230310210003014,01
230310210003015,01
230310210003016,01
230310210003017,01
230310210003018,01
230310210003019,01
230310210003020,01
230310210003021,01
230310210003022,01
230310210003023,01
230310210003024,01
230310210003025,01
230310210003026,01
230310210003027,01
230310210003028,01
230310210003029,01
230310220001000,01
230310220001001,01
230310220001002,01
230310220001003,01
230310220001004,01
230310220001005,01
230310220001006,01
230310220001007,01
230310220001008,01
230310220001009,01
230310220001010,01
230310220001011,01
230310220001012,01
230310220001013,01
230310220001014,01
230310220001015,01
230310220001016,01
230310220001017,01
230310220001018,01
230310220001019,01
230310220001020,01
230310220001021,01
230310220001022,01
230310220001023,01
230310220001024,01
230310220001025,01
230310220001026,01
230310220001027,01
230310220001028,01
230310220001029,01
230310220001030,01
230310220001031,01
230310220001032,01
230310220001033,01
230310220001034,01
230310220001035,01
230310220001036,01
230310220001037,01
230310220001038,01
230310220001039,01
230310220001040,01
230310220001041,01
230310220001042,01
230310220001043,01
230310220001044,01
230310220001045,01
230310220001046,01
230310220001047,01
230310220001048,01
230310220001049,01
230310220002000,01
230310220002001,01
230310220002002,01
230310220002003,01
230310220002004,01
230310220002005,01
230310220002006,01
230310220002007,01
230310220002008,01
230310220002009,01
230310220002010,01
230310220002011,01
230310220002012,01
230310220002013,01
230310220002014,01
230310220002015,01
230310220002016,01
230310220002017,01
230310220002018,01
230310220002019,01
230310220002020,01
230310220002021,01
230310220002022,01
230310220002023,01
230310220002024,01
230310220002025,01
230310220002026,01
230310220002027,01
230310220002028,01
230310220002029,01
230310220002030,01
230310220002031,01
230310220002032,01
230310220002033,01
230310220002034,01
230310220002035,01
230310220002036,01
230310220002037,01
230310220002038,01
230310220002039,01
230310220002040,01
230310220002041,01
230310220002042,01
230310220002043,01
230310220002044,01
230310220002045,01
230310220002046,01
230310220002047,01
230310220002048,01
230310220002049,01
230310220002050,01
230310220002051,01
230310220002052,01
230310220002053,01
230310220002054,01
230310220002055,01
230310220002056,01
230310220002057,01
230310220002058,01
230310220002059,01
230310220002060,01
230310225001000,01
230310225001001,01
230310225001002,01
230310225001003,01
230310225001004,01
230310225001005,01
230310225001006,01
230310225001007,01
230310225001008,01
230310225001009,01
230310225001010,01
230310225001011,01
230310225001012,01
230310225001013,01
230310225001014,01
230310225001015,01
230310225001016,01
230310225001017,01
230310225001018,01
230310225001019,01
230310225001020,01
230310225001021,01
230310225001022,01
230310225001023,01
230310225001024,01
230310225001025,01
230310225001026,01
230310225001027,01
230310225001028,01
230310225001029,01
230310225001030,01
230310225001031,01
230310225001032,01
230310225001033,01
230310225001034,01
230310225001035,01
230310225001036,01
230310225001037,01
230310225001038,01
230310225001039,01
230310225001040,01
230310225001041,01
230310225001042,01
230310225001043,01
230310225001044,01
230310225001045,01
230310225001046,01
230310225001047,01
230310225001048,01
230310225001049,01
230310225001050,01
230310225001051,01
230310225001052,01
230310225001053,01
230310225001054,01
230310225001055,01
230310225001056,01
230310225001057,01
230310225001058,01
230310225001059,01
230310225001060,01
230310225001061,01
230310225001062,01
230310225001063,01
230310225001064,01
230310225002000,01
230310225002001,01
230310225002002,01
230310225002003,01
230310225002004,01
230310225002005,01
230310225002006,01
230310225002007,01
230310225002008,01
230310225002009,01
230310225002010,01
230310225002011,01
230310225002012,01
230310225002013,01
230310225002014,01
230310225002015,01
230310225002016,01
230310225002017,01
230310225002018,01
230310225002019,01
230310225002020,01
230310225002021,01
230310225002022,01
230310225002023,01
230310225002024,01
230310225002025,01
230310225002026,01
230310225002027,01
230310225002028,01
230310225002029,01
230310225002030,01
230310225002031,01
230310225002032,01
230310225002033,01
230310225002034,01
230310225002035,01
230310225002036,01
230310225002037,01
230310225002038,01
230310225002039,01
230310225002040,01
230310225002041,01
230310225002042,01
230310225002043,01
230310225002044,01
230310225002045,01
230310225002046,01
230310225002047,01
230310225002048,01
230310225003000,01
230310225003001,01
230310225003002,01
230310225003003,01
230310225003004,01
230310225003005,01
230310225003006,01
230310225003007,01
230310225003008,01
230310225003009,01
230310225003010,01
230310225003011,01
230310225003012,01
230310225003013,01
230310225003014,01
230310225003015,01
230310225003016,01
230310225003017,01
230310225003018,01
230310225003019,01
230310225003020,01
230310225003021,01
230310225003022,01
230310225003023,01
230310225003024,01
230310225003025,01
230310225003026,01
230310225003027,01
230310225003028,01
230310225003029,01
230310225003030,01
230310225003031,01
230310225003032,01
230310225003033,01
230310225003034,01
230310225003035,01
230310225003036,01
230310225003037,01
230310225003038,01
230310225003039,01
230310225003040,01
230310225003041,01
230310225003042,01
230310225003043,01
230310225003044,01
230310225003045,01
230310225003046,01
230310225003047,01
230310225003048,01
230310225003049,01
230310225003050,01
230310225003051,01
230310230001000,01
230310230001001,01
230310230001002,01
230310230001003,01
230310230001004,01
230310230001005,01
230310230001006,01
230310230001007,01
230310230001008,01
230310230001009,01
230310230001010,01
230310230001011,01
230310230001012,01
230310230001013,01
230310230001014,01
230310230001015,01
230310230001016,01
230310230001017,01
230310230001018,01
230310230001019,01
230310230001020,01
230310230001021,01
230310230001022,01
230310230001023,01
230310230001024,01
230310230001025,01
230310230001026,01
230310230001027,01
230310230001028,01
230310230001029,01
230310230001030,01
230310230001031,01
230310230001032,01
230310230001033,01
230310230001034,01
230310230001035,01
230310230001036,01
230310230001037,01
230310230001038,01
230310230001039,01
230310230001040,01
230310230001041,01
230310230001042,01
230310230001043,01
230310230001044,01
230310230001045,01
230310230001046,01
230310230001047,01
230310230001048,01
230310230001049,01
230310230001050,01
230310230001051,01
230310230001052,01
230310230001053,01
230310230001054,01
230310230001055,01
230310230001056,01
230310230001057,01
230310230001058,01
230310230001059,01
230310230001060,01
230310230001061,01
230310230001062,01
230310230001063,01
230310230001064,01
230310230001065,01
230310230001066,01
230310230001067,01
230310230001068,01
230310230001069,01
230310230001070,01
230310230001071,01
230310230001072,01
230310230001073,01
230310230001074,01
230310230001075,01
230310230001076,01
230310230001077,01
230310230001078,01
230310230001079,01
230310230001080,01
230310230001081,01
230310230001082,01
230310230001083,01
230310230002000,01
230310230002001,01
230310230002002,01
230310230002003,01
230310230002004,01
230310230002005,01
230310230002006,01
230310230002007,01
230310230002008,01
230310230002009,01
230310230002010,01
230310230002011,01
230310230002012,01
230310230002013,01
230310230002014,01
230310230002015,01
230310230002016,01
230310230002017,01
230310230002018,01
230310230002019,01
230310230002020,01
230310230002021,01
230310230002022,01
230310230002023,01
230310230002024,01
230310230002025,01
230310230002026,01
230310230002027,01
230310230002028,01
230310230002029,01
230310230002030,01
230310230002031,01
230310230002032,01
230310230002033,01
230310230002034,01
230310230002035,01
230310230002036,01
230310230002037,01
230310230002038,01
230310230002039,01
230310230002040,01
230310230002041,01
230310230002042,01
230310230002043,01
230310230002044,01
230310230002045,01
230310230002046,01
230310230002047,01
230310230002048,01
230310230002049,01
230310235011000,01
230310235011001,01
230310235011002,01
230310235011003,01
230310235011004,01
230310235011005,01
230310235011006,01
230310235011007,01
230310235011008,01
230310235011009,01
230310235011010,01
230310235011011,01
230310235011012,01
230310235011013,01
230310235011014,01
230310235011015,01
230310235011016,01
230310235011017,01
230310235011018,01
230310235011019,01
230310235011020,01
230310235011021,01
230310235011022,01
230310235011023,01
230310235011024,01
230310235011025,01
230310235011026,01
230310235011027,01
230310235011028,01
230310235011029,01
230310235011030,01
230310235011031,01
230310235011032,01
230310235011033,01
230310235011034,01
230310235011035,01
230310235011036,01
230310235011037,01
230310235011038,01
230310235011039,01
230310235011040,01
230310235011041,01
230310235011042,01
230310235011043,01
230310235011044,01
230310235011045,01
230310235011046,01
230310235011047,01
230310235011048,01
230310235011049,01
230310235011050,01
230310235011051,01
230310235011052,01
230310235011053,01
230310235012000,01
230310235012001,01
230310235012002,01
230310235012003,01
230310235012004,01
230310235012005,01
230310235012006,01
230310235012007,01
230310235012008,01
230310235012009,01
230310235012010,01
230310235012011,01
230310235012012,01
230310235012013,01
230310235012014,01
230310235012015,01
230310235012016,01
230310235012017,01
230310235012018,01
230310235012019,01
230310235012020,01
230310235012021,01
230310235012022,01
230310235012023,01
230310235012024,01
230310235012025,01
230310235012026,01
230310235012027,01
230310235012028,01
230310235012029,01
230310235013000,01
230310235013001,01
230310235013002,01
230310235013003,01
230310235013004,01
230310235013005,01
230310235013006,01
230310235013007,01
230310235013008,01
230310235013009,01
230310235013010,01
230310235013011,01
230310235013012,01
230310235013013,01
230310235013014,01
230310235013015,01
230310235013016,01
230310235013017,01
230310235013018,01
230310235013019,01
230310235013020,01
230310235013021,01
230310235013022,01
230310235013023,01
230310235013024,01
230310235013025,01
230310235013026,01
230310235013027,01
230310235013028,01
230310235013029,01
230310235013030,01
230310235013031,01
230310235013032,01
230310235013033,01
230310235013034,01
230310235013035,01
230310235013036,01
230310235013037,01
230310235013038,01
230310235013039,01
230310235013040,01
230310235013041,01
230310235013042,01
230310235013043,01
230310235013044,01
230310235021000,01
230310235021001,01
230310235021002,01
230310235021003,01
230310235021004,01
230310235021005,01
230310235021006,01
230310235021007,01
230310235021008,01
230310235021009,01
230310235021010,01
230310235021011,01
230310235021012,01
230310235021013,01
230310235021014,01
230310235021015,01
230310235021016,01
230310235021017,01
230310235021018,01
230310235021019,01
230310235021020,01
230310235021021,01
230310235021022,01
230310235022000,01
230310235022001,01
230310235022002,01
230310235022003,01
230310235022004,01
230310235022005,01
230310235022006,01
230310235022007,01
230310235022008,01
230310235022009,01
230310235022010,01
230310235022011,01
230310235022012,01
230310235022013,01
230310235022014,01
230310235022015,01
230310235022016,01
230310235022017,01
230310235022018,01
230310235022019,01
230310235022020,01
230310235022021,01
230310235022022,01
230310235022023,01
230310235022024,01
230310235022025,01
230310235022026,01
230310235022027,01
230310235022028,01
230310235022029,01
230310235022030,01
230310235022031,01
230310235022032,01
230310235022033,01
230310235022034,01
230310235022035,01
230310235022036,01
230310235022037,01
230310235022038,01
230310235022039,01
230310235022040,01
230310235022041,01
230310235022042,01
230310235022043,01
230310235022044,01
230310235022045,01
230310235022046,01
230310235022047,01
230310235022048,01
230310235023000,01
230310235023001,01
230310235023002,01
230310235023003,01
230310235023004,01
230310235023005,01
230310235023006,01
230310235023007,01
230310235023008,01
230310235023009,01
230310235023010,01
230310235023011,01
230310235023012,01
230310235023013,01
230310235023014,01
230310235023015,01
230310235023016,01
230310235023017,01
230310235023018,01
230310235023019,01
230310235023020,01
230310235023021,01
230310235023022,01
230310235023023,01
230310235023024,01
230310235023025,01
230310235023026,01
230310235023027,01
230310235023028,01
230310235023029,01
230310235023030,01
230310235023031,01
230310235023032,01
230310235023033,01
230310235023034,01
230310235024000,01
230310235024001,01
230310235024002,01
230310235024003,01
230310235024004,01
230310235024005,01
230310235024006,01
230310235024007,01
230310235024008,01
230310235024009,01
230310235024010,01
230310235024011,01
230310235024012,01
230310235024013,01
230310235024014,01
230310235024015,01
230310235024016,01
230310235024017,01
230310235024018,01
230310235024019,01
230310235024020,01
230310235024021,01
230310235024022,01
230310235024023,01
230310235024024,01
230310235024025,01
230310235024026,01
230310235024027,01
230310235024028,01
230310235024029,01
230310235024030,01
230310235024031,01
230310235024032,01
230310235024033,01
230310235024034,01
230310235024035,01
230310235024036,01
230310235024037,01
230310235024038,01
230310235024039,01
230310235024040,01
230310235024041,01
230310235024042,01
230310235024043,01
230310235024044,01
230310235024045,01
230310235024046,01
230310235024047,01
230310235024048,01
230310235024049,01
230310235024050,01
230310235024051,01
230310235024052,01
230310235024053,01
230310235024054,01
230310235024055,01
230310235024056,01
230310235024057,01
230310235024058,01
230310235024059,01
230310235024060,01
230310240011000,01
230310240011001,01
230310240011002,01
230310240011003,01
230310240011004,01
230310240011005,01
230310240011006,01
230310240011007,01
230310240011008,01
230310240011009,01
230310240011010,01
230310240011011,01
230310240011012,01
230310240011013,01
230310240011014,01
230310240011015,01
230310240011016,01
230310240011017,01
230310240011018,01
230310240011019,01
230310240011020,01
230310240011021,01
230310240011022,01
230310240011023,01
230310240011024,01
230310240011025,01
230310240011026,01
230310240011027,01
230310240011028,01
230310240011029,01
230310240011030,01
230310240011031,01
230310240011032,01
230310240012000,01
230310240012001,01
230310240012002,01
230310240012003,01
230310240012004,01
230310240012005,01
230310240012006,01
230310240012007,01
230310240012008,01
230310240012009,01
230310240012010,01
230310240012011,01
230310240012012,01
230310240012013,01
230310240012014,01
230310240012015,01
230310240012016,01
230310240012017,01
230310240012018,01
230310240012019,01
230310240012020,01
230310240012021,01
230310240012022,01
230310240012023,01
230310240012024,01
230310240012025,01
230310240012026,01
230310240012027,01
230310240012028,01
230310240012029,01
230310240012030,01
230310240012031,01
230310240012032,01
230310240012033,01
230310240012034,01
230310240012035,01
230310240012036,01
230310240012037,01
230310240012038,01
230310240012039,01
230310240012040,01
230310240012041,01
230310240012042,01
230310240012043,01
230310240012044,01
230310240012045,01
230310240012046,01
230310240012047,01
230310240012048,01
230310240012049,01
230310240021000,01
230310240021001,01
230310240021002,01
230310240021003,01
230310240021004,01
230310240021005,01
230310240021006,01
230310240021007,01
230310240021008,01
230310240021009,01
230310240021010,01
230310240021011,01
230310240021012,01
230310240021013,01
230310240021014,01
230310240021015,01
230310240021016,01
230310240021017,01
230310240021018,01
230310240021019,01
230310240021020,01
230310240021021,01
230310240021022,01
230310240022000,01
230310240022001,01
230310240022002,01
230310240022003,01
230310240022004,01
230310240022005,01
230310240022006,01
230310240022007,01
230310240022008,01
230310240022009,01
230310240022010,01
230310240022011,01
230310240022012,01
230310240022013,01
230310240022014,01
230310240022015,01
230310240022016,01
230310240022017,01
230310240022018,01
230310240022019,01
230310240022020,01
230310240022021,01
230310240022022,01
230310240022023,01
230310240022024,01
230310240022025,01
230310240022026,01
230310240022027,01
230310240022028,01
230310240022029,01
230310240022030,01
230310240022031,01
230310240022032,01
230310240022033,01
230310240022034,01
230310240022035,01
230310240022036,01
230310240022037,01
230310240022038,01
230310240022039,01
230310240022040,01
230310240022041,01
230310240022042,01
230310240022043,01
230310240022044,01
230310240022045,01
230310240022046,01
230310240022047,01
230310240022048,01
230310240022049,01
230310240022050,01
230310240022051,01
230310240022052,01
230310240022053,01
230310240022054,01
230310240022055,01
230310240022056,01
230310240022057,01
230310240023000,01
230310240023001,01
230310240023002,01
230310240023003,01
230310240023004,01
230310240023005,01
230310240023006,01
230310240023007,01
230310240023008,01
230310240023009,01
230310240023010,01
230310240023011,01
230310240023012,01
230310240023013,01
230310240023014,01
230310240023015,01
230310240023016,01
230310240023017,01
230310240023018,01
230310240023019,01
230310240023020,01
230310240023021,01
230310240023022,01
230310240023023,01
230310240023024,01
230310240023025,01
230310240023026,01
230310245011000,01
230310245011001,01
230310245011002,01
230310245011003,01
230310245011004,01
230310245011005,01
230310245011006,01
230310245011007,01
230310245011008,01
230310245011009,01
230310245011010,01
230310245011011,01
230310245011012,01
230310245011013,01
230310245011014,01
230310245011015,01
230310245011016,01
230310245011017,01
230310245011018,01
230310245011019,01
230310245011020,01
230310245011021,01
230310245011022,01
230310245011023,01
230310245011024,01
230310245011025,01
230310245011026,01
230310245011027,01
230310245011028,01
230310245011029,01
230310245011030,01
230310245011031,01
230310245011032,01
230310245011033,01
230310245011034,01
230310245011035,01
230310245011036,01
230310245011037,01
230310245011038,01
230310245011039,01
230310245011040,01
230310245011041,01
230310245011042,01
230310245011043,01
230310245012000,01
230310245012001,01
230310245012002,01
230310245012003,01
230310245012004,01
230310245012005,01
230310245012006,01
230310245012007,01
230310245012008,01
230310245012009,01
230310245012010,01
230310245012011,01
230310245012012,01
230310245012013,01
230310245012014,01
230310245012015,01
230310245012016,01
230310245012017,01
230310245012018,01
230310245012019,01
230310245012020,01
230310245012021,01
230310245012022,01
230310245012023,01
230310245012024,01
230310245012025,01
230310245012026,01
230310245012027,01
230310245012028,01
230310245012029,01
230310245012030,01
230310245012031,01
230310245012032,01
230310245012033,01
230310245012034,01
230310245013000,01
230310245013001,01
230310245013002,01
230310245013003,01
230310245013004,01
230310245013005,01
230310245013006,01
230310245013007,01
230310245013008,01
230310245013009,01
230310245013010,01
230310245013011,01
230310245013012,01
230310245013013,01
230310245013014,01
230310245013015,01
230310245013016,01
230310245013017,01
230310245013018,01
230310245013019,01
230310245013020,01
230310245013021,01
230310245013022,01
230310245013023,01
230310245013024,01
230310245013025,01
230310245013026,01
230310245013027,01
230310245013028,01
230310245013029,01
230310245021000,01
230310245021001,01
230310245021002,01
230310245021003,01
230310245021004,01
230310245021005,01
230310245021006,01
230310245021007,01
230310245021008,01
230310245021009,01
230310245021010,01
230310245021011,01
230310245021012,01
230310245021013,01
230310245021014,01
230310245021015,01
230310245021016,01
230310245021017,01
230310245021018,01
230310245021019,01
230310245021020,01
230310245021021,01
230310245021022,01
230310245021023,01
230310245021024,01
230310245021025,01
230310245021026,01
230310245021027,01
230310245021028,01
230310245021029,01
230310245021030,01
230310245021031,01
230310245021032,01
230310245021033,01
230310245021034,01
230310245021035,01
230310245021036,01
230310245021037,01
230310245021038,01
230310245021039,01
230310245021040,01
230310245021041,01
230310245021042,01
230310245021043,01
230310245021044,01
230310245021045,01
230310245021046,01
230310245021047,01
230310245021048,01
230310245021049,01
230310245021050,01
230310245021051,01
230310245021052,01
230310245021053,01
230310245021054,01
230310245021055,01
230310251001000,01
230310251001001,01
230310251001002,01
230310251001003,01
230310251001004,01
230310251001005,01
230310251001006,01
230310251001007,01
230310251001008,01
230310251001009,01
230310251001010,01
230310251001011,01
230310251001012,01
230310251001013,01
230310251001014,01
230310251001015,01
230310251001016,01
230310251001017,01
230310251001018,01
230310251001019,01
230310251001020,01
230310251001021,01
230310251002000,01
230310251002001,01
230310251002002,01
230310251002003,01
230310251002004,01
230310251002005,01
230310251002006,01
230310251002007,01
230310251002008,01
230310251002009,01
230310251002010,01
230310251002011,01
230310251002012,01
230310251002013,01
230310251002014,01
230310251002015,01
230310251002016,01
230310251002017,01
230310251003000,01
230310251003001,01
230310251003002,01
230310251003003,01
230310251003004,01
230310251003005,01
230310251003006,01
230310251003007,01
230310251003008,01
230310251003009,01
230310251003010,01
230310251003011,01
230310251003012,01
230310251003013,01
230310251003014,01
230310251003015,01
230310251003016,01
230310251003017,01
230310251003018,01
230310251003019,01
230310251003020,01
230310251003021,01
230310251003022,01
230310251003023,01
230310251003024,01
230310251003025,01
230310251003026,01
230310251003027,01
230310251003028,01
230310251003029,01
230310251003030,01
230310251003031,01
230310251003032,01
230310251003033,01
230310251003034,01
230310251003035,01
230310251003036,01
230310251003037,01
230310251003038,01
230310251003039,01
230310251003040,01
230310252031000,01
230310252031001,01
230310252031002,01
230310252031003,01
230310252031004,01
230310252031005,01
230310252031006,01
230310252031007,01
230310252031008,01
230310252031009,01
230310252031010,01
230310252031011,01
230310252031012,01
230310252031013,01
230310252031014,01
230310252031015,01
230310252032000,01
230310252032001,01
230310252032002,01
230310252032003,01
230310252032004,01
230310252032005,01
230310252032006,01
230310252033000,01
230310252033001,01
230310252033002,01
230310252033003,01
230310252033004,01
230310252033005,01
230310252033006,01
230310252033007,01
230310252033008,01
230310252033009,01
230310252033010,01
230310252041000,01
230310252041001,01
230310252041002,01
230310252041003,01
230310252041004,01
230310252041005,01
230310252041006,01
230310252041007,01
230310252041008,01
230310252041009,01
230310252041010,01
230310252041011,01
230310252041012,01
230310252041013,01
230310252041014,01
230310252041015,01
230310252041016,01
230310252041017,01
230310252041018,01
230310252042000,01
230310252042001,01
230310252042002,01
230310252042003,01
230310252042004,01
230310252042005,01
230310252042006,01
230310252042007,01
230310252042008,01
230310252042009,01
230310252042010,01
230310252051000,01
230310252051001,01
230310252051002,01
230310252051003,01
230310252051004,01
230310252051005,01
230310252051006,01
230310252051007,01
230310252052000,01
230310252052001,01
230310252052002,01
230310252052003,01
230310252052004,01
230310252052005,01
230310252052006,01
230310252052007,01
230310252052008,01
230310252052009,01
230310252052010,01
230310252052011,01
230310252052012,01
230310252052013,01
230310252052014,01
230310252052015,01
230310252052016,01
230310252052017,01
230310252052018,01
230310252052019,01
230310252052020,01
230310252052021,01
230310252052022,01
230310252052023,01
230310252052024,01
230310252052025,01
230310252053000,01
230310252053001,01
230310252053002,01
230310252053003,01
230310252053004,01
230310252053005,01
230310252053006,01
230310252053007,01
230310252053008,01
230310252053009,01
230310252053010,01
230310252053011,01
230310252053012,01
230310252053013,01
230310252053014,01
230310252053015,01
230310252061000,01
230310252061001,01
230310252061002,01
230310252061003,01
230310252061004,01
230310252061005,01
230310252061006,01
230310252061007,01
230310252061008,01
230310252061009,01
230310252061010,01
230310252061011,01
230310252061012,01
230310252061013,01
230310252061014,01
230310252062000,01
230310252062001,01
230310252062002,01
230310252062003,01
230310252062004,01
230310252062005,01
230310252062006,01
230310252062007,01
230310252062008,01
230310252062009,01
230310252062010,01
230310252062011,01
230310252062012,01
230310252062013,01
230310252062014,01
230310252062015,01
230310252062016,01
230310252062017,01
230310252063000,01
230310252063001,01
230310252063002,01
230310252063003,01
230310252063004,01
230310252063005,01
230310252063006,01
230310252063007,01
230310252063008,01
230310252063009,01
230310252063010,01
230310252063011,01
230310252063012,01
230310252064000,01
230310252064001,01
230310252064002,01
230310252064003,01
230310252064004,01
230310252064005,01
230310252064006,01
230310252064007,01
230310252064008,01
230310252064009,01
230310253001000,01
230310253001001,01
230310253001002,01
230310253001003,01
230310253001004,01
230310253001005,01
230310253001006,01
230310253001007,01
230310253001008,01
230310253001009,01
230310253001010,01
230310253001011,01
230310253001012,01
230310253001013,01
230310253001014,01
230310253001015,01
230310253001016,01
230310253001017,01
230310253001018,01
230310253002000,01
230310253002001,01
230310253002002,01
230310253002003,01
230310253002004,01
230310253002005,01
230310253002006,01
230310253002007,01
230310253002008,01
230310253002009,01
230310253002010,01
230310253002011,01
230310253002012,01
230310253002013,01
230310253002014,01
230310253002015,01
230310253002016,01
230310253002017,01
230310253002018,01
230310253002019,01
230310254001000,01
230310254001001,01
230310254001002,01
230310254001003,01
230310254001004,01
230310254001005,01
230310254001006,01
230310254001007,01
230310254001008,01
230310254001009,01
230310254001010,01
230310254001011,01
230310254001012,01
230310254001013,01
230310254001014,01
230310254001015,01
230310254001016,01
230310254001017,01
230310254001018,01
230310254001019,01
230310254001020,01
230310254001021,01
230310254001022,01
230310254001023,01
230310254001024,01
230310254001025,01
230310254001026,01
230310254001027,01
230310254001028,01
230310254001029,01
230310254001030,01
230310254001031,01
230310254001032,01
230310254001033,01
230310254002000,01
230310254002001,01
230310254002002,01
230310254002003,01
230310254002004,01
230310254002005,01
230310254002006,01
230310254002007,01
230310254002008,01
230310254002009,01
230310254002010,01
230310254002011,01
230310254002012,01
230310254002013,01
230310254002014,01
230310254002015,01
230310254002016,01
230310254002017,01
230310254002018,01
230310254002019,01
230310254002020,01
230310254002021,01
230310254002022,01
230310260001000,01
230310260001001,01
230310260001002,01
230310260001003,01
230310260001004,01
230310260001005,01
230310260001006,01
230310260001007,01
230310260001008,01
230310260001009,01
230310260001010,01
230310260001011,01
230310260001012,01
230310260001013,01
230310260001014,01
230310260001015,01
230310260001016,01
230310260001017,01
230310260001018,01
230310260001019,01
230310260001020,01
230310260001021,01
230310260001022,01
230310260001023,01
230310260001024,01
230310260001025,01
230310260001026,01
230310260001027,01
230310260001028,01
230310260001029,01
230310260001030,01
230310260001031,01
230310260001032,01
230310260001033,01
230310260001034,01
230310260001035,01
230310260001036,01
230310260001037,01
230310260002000,01
230310260002001,01
230310260002002,01
230310260002003,01
230310260002004,01
230310260002005,01
230310260002006,01
230310260002007,01
230310260002008,01
230310260002009,01
230310260002010,01
230310260002011,01
230310260002012,01
230310260002013,01
230310260002014,01
230310260002015,01
230310260002016,01
230310260002017,01
230310260002018,01
230310260002019,01
230310260002020,01
230310260002021,01
230310260002022,01
230310260002023,01
230310260002024,01
230310260002025,01
230310260002026,01
230310260002027,01
230310260002028,01
230310260002029,01
230310260002030,01
230310260002031,01
230310260002032,01
230310260002033,01
230310260002034,01
230310260002035,01
230310260002036,01
230310260002037,01
230310260002038,01
230310260002039,01
230310260002040,01
230310260002041,01
230310260002042,01
230310260002043,01
230310260002044,01
230310260002045,01
230310260002046,01
230310260002047,01
230310260002048,01
230310260002049,01
230310260002050,01
230310260002051,01
230310260002052,01
230310260002053,01
230310260002054,01
230310260002055,01
230310260002056,01
230310260002057,01
230310260002058,01
230310260002059,01
230310260002060,01
230310260002061,01
230310260002062,01
230310260002063,01
230310260002064,01
230310260002065,01
230310260002066,01
230310270001000,01
230310270001001,01
230310270001002,01
230310270001003,01
230310270001004,01
230310270001005,01
230310270001006,01
230310270001007,01
230310270001008,01
230310270001009,01
230310270001010,01
230310270001011,01
230310270001012,01
230310270001013,01
230310270001014,01
230310270001015,01
230310270001016,01
230310270001017,01
230310270001018,01
230310270001019,01
230310270001020,01
230310270001021,01
230310270001022,01
230310270001023,01
230310270001024,01
230310270001025,01
230310270001026,01
230310270001027,01
230310270002000,01
230310270002001,01
230310270002002,01
230310270002003,01
230310270002004,01
230310270002005,01
230310270002006,01
230310270002007,01
230310270002008,01
230310270002009,01
230310270002010,01
230310270002011,01
230310270002012,01
230310270002013,01
230310270002014,01
230310270002015,01
230310270002016,01
230310270002017,01
230310270002018,01
230310270002019,01
230310270002020,01
230310270002021,01
230310270002022,01
230310270002023,01
230310270002024,01
230310270002025,01
230310270002026,01
230310270002027,01
230310270002028,01
230310270002029,01
230310270002030,01
230310270002031,01
230310270002032,01
230310270002033,01
230310270002034,01
230310270002035,01
230310270002036,01
230310270002037,01
230310270002038,01
230310270003000,01
230310270003001,01
230310270003002,01
230310270003003,01
230310270003004,01
230310270003005,01
230310270003006,01
230310270003007,01
230310270003008,01
230310270003009,01
230310270003010,01
230310270003011,01
230310270003012,01
230310270003013,01
230310270003014,01
230310270003015,01
230310270003016,01
230310270003017,01
230310270003018,01
230310270003019,01
230310270003020,01
230310270003021,01
230310270003022,01
230310270003023,01
230310270003024,01
230310270003025,01
230310270003026,01
230310270003027,01
230310270003028,01
230310270003029,01
230310270003030,01
230310270003031,01
230310270003032,01
230310270003033,01
230310270003034,01
230310270003035,01
230310270004000,01
230310270004001,01
230310270004002,01
230310270004003,01
230310270004004,01
230310270004005,01
230310270004006,01
230310270004007,01
230310270004008,01
230310270004009,01
230310270004010,01
230310270004011,01
230310270004012,01
230310270004013,01
230310270004014,01
230310270004015,01
230310270004016,01
230310270004017,01
230310270004018,01
230310270004019,01
230310270004020,01
230310270004021,01
230310270004022,01
230310270004023,01
230310270004024,01
230310270004025,01
230310270004026,01
230310280011000,01
230310280011001,01
230310280011002,01
230310280011003,01
230310280011004,01
230310280011005,01
230310280011006,01
230310280011007,01
230310280011008,01
230310280011009,01
230310280011010,01
230310280011011,01
230310280011012,01
230310280011013,01
230310280011014,01
230310280011015,01
230310280011016,01
230310280011017,01
230310280011018,01
230310280011019,01
230310280011020,01
230310280011021,01
230310280011022,01
230310280011023,01
230310280011024,01
230310280011025,01
230310280011026,01
230310280011027,01
230310280011028,01
230310280011029,01
230310280011030,01
230310280011031,01
230310280011032,01
230310280011033,01
230310280012000,01
230310280012001,01
230310280012002,01
230310280012003,01
230310280012004,01
230310280012005,01
230310280012006,01
230310280012007,01
230310280012008,01
230310280012009,01
230310280012010,01
230310280012011,01
230310280012012,01
230310280012013,01
230310280012014,01
230310280012015,01
230310280012016,01
230310280012017,01
230310280012018,01
230310280012019,01
230310280012020,01
230310280012021,01
230310280012022,01
230310280012023,01
230310280012024,01
230310280012025,01
230310280012026,01
230310280012027,01
230310280012028,01
230310280031000,01
230310280031001,01
230310280031002,01
230310280031003,01
230310280031004,01
230310280031005,01
230310280031006,01
230310280031007,01
230310280031008,01
230310280031009,01
230310280031010,01
230310280031011,01
230310280031012,01
230310280031013,01
230310280031014,01
230310280031015,01
230310280031016,01
230310280032000,01
230310280032001,01
230310280032002,01
230310280032003,01
230310280032004,01
230310280032005,01
230310280032006,01
230310280032007,01
230310280032008,01
230310280032009,01
230310280032010,01
230310280032011,01
230310280032012,01
230310280032013,01
230310280032014,01
230310280033000,01
230310280033001,01
230310280033002,01
230310280033003,01
230310280033004,01
230310280033005,01
230310280033006,01
230310280033007,01
230310280033008,01
230310280033009,01
230310280033010,01
230310280033011,01
230310280034000,01
230310280034001,01
230310280034002,01
230310280034003,01
230310280034004,01
230310280034005,01
230310280034006,01
230310280034007,01
230310280034008,01
230310280034009,01
230310280034010,01
230310280034011,01
230310280034012,01
230310280034013,01
230310280034014,01
230310280034015,01
230310280034016,01
230310280034017,01
230310280034018,01
230310280034019,01
230310280034020,01
230310280034021,01
230310280034022,01
230310280041000,01
230310280041001,01
230310280041002,01
230310280041003,01
230310280041004,01
230310280041005,01
230310280041006,01
230310280041007,01
230310280041008,01
230310280041009,01
230310280041010,01
230310280041011,01
230310280041012,01
230310280041013,01
230310280041014,01
230310280041015,01
230310280041016,01
230310280041017,01
230310280041018,01
230310280041019,01
230310280041020,01
230310280041021,01
230310280041022,01
230310280041023,01
230310280041024,01
230310280041025,01
230310280041026,01
230310280041027,01
230310280041028,01
230310280041029,01
230310280041030,01
230310280041031,01
230310280041032,01
230310280041033,01
230310280041034,01
230310280041035,01
230310280041036,01
230310280041037,01
230310280041038,01
230310280041039,01
230310280041040,01
230310280041041,01
230310280041042,01
230310280041043,01
230310280042000,01
230310280042001,01
230310280042002,01
230310280042003,01
230310280042004,01
230310280042005,01
230310280042006,01
230310280042007,01
230310280042008,01
230310280042009,01
230310280042010,01
230310280042011,01
230310280042012,01
230310280042013,01
230310280042014,01
230310280042015,01
230310280042016,01
230310280042017,01
230310280042018,01
230310280042019,01
230310280042020,01
230310280042021,01
230310280042022,01
230310280042023,01
230310280042024,01
230310280042025,01
230310280042026,01
230310280042027,01
230310280042028,01
230310280042029,01
230310280042030,01
230310280042031,01
230310280042032,01
230310280042033,01
230310280042034,01
230310280042035,01
230310280042036,01
230310280042037,01
230310280042038,01
230310280042039,01
230310280042040,01
230310280042041,01
230310280042042,01
230310280042043,01
230310280043000,01
230310280043001,01
230310280043002,01
230310280043003,01
230310280043004,01
230310280043005,01
230310280043006,01
230310280043007,01
230310280043008,01
230310280043009,01
230310280043010,01
230310280043011,01
230310280043012,01
230310280043013,01
230310280043014,01
230310280043015,01
230310280043016,01
230310280043017,01
230310280043018,01
230310290001000,01
230310290001001,01
230310290001002,01
230310290001003,01
230310290001004,01
230310290001005,01
230310290001006,01
230310290001007,01
230310290001008,01
230310290001009,01
230310290001010,01
230310290001011,01
230310290001012,01
230310290001013,01
230310290001014,01
230310290001015,01
230310290001016,01
230310290001017,01
230310290001018,01
230310290001019,01
230310290001020,01
230310290001021,01
230310290001022,01
230310290001023,01
230310290001024,01
230310290001025,01
230310290001026,01
230310290001027,01
230310290001028,01
230310290001029,01
230310290001030,01
230310290001031,01
230310290001032,01
230310290001033,01
230310290001034,01
230310290001035,01
230310290001036,01
230310290001037,01
230310290001038,01
230310290001039,01
230310290001040,01
230310290001041,01
230310290001042,01
230310290001043,01
230310290001044,01
230310290001045,01
230310290001046,01
230310290001047,01
230310290001048,01
230310290001049,01
230310290001050,01
230310290001051,01
230310290001052,01
230310290001053,01
230310290001054,01
230310290001055,01
230310290001056,01
230310290001057,01
230310290001058,01
230310290002000,01
230310290002001,01
230310290002002,01
230310290002003,01
230310290002004,01
230310290002005,01
230310290002006,01
230310290002007,01
230310290002008,01
230310290002009,01
230310290002010,01
230310290002011,01
230310290002012,01
230310290002013,01
230310290002014,01
230310290002015,01
230310290002016,01
230310290002017,01
230310290002018,01
230310290002019,01
230310290002020,01
230310290002021,01
230310290002022,01
230310290002023,01
230310290002024,01
230310290002025,01
230310290002026,01
230310290002027,01
230310290002028,01
230310290002029,01
230310290002030,01
230310290002031,01
230310290002032,01
230310290002033,01
230310290002034,01
230310290002035,01
230310290002036,01
230310290002037,01
230310290002038,01
230310290002039,01
230310290002040,01
230310290002041,01
230310290002042,01
230310290002043,01
230310290002044,01
230310290002045,01
230310290002046,01
230310290002047,01
230310290002048,01
230310290002049,01
230310290002050,01
230310290002051,01
230310290002052,01
230310290002053,01
230310290002054,01
230310290002055,01
230310290002056,01
230310290002057,01
230310290002058,01
230310290002059,01
230310290002060,01
230310290002061,01
230310290002062,01
230310290002063,01
230310301011000,01
230310301011001,01
230310301011002,01
230310301011003,01
230310301011004,01
230310301011005,01
230310301011006,01
230310301011007,01
230310301011008,01
230310301011009,01
230310301011010,01
230310301011011,01
230310301011012,01
230310301011013,01
230310301011014,01
230310301011015,01
230310301011016,01
230310301011017,01
230310301011018,01
230310301011019,01
230310301011020,01
230310301011021,01
230310301011022,01
230310301011023,01
230310301011024,01
230310301011025,01
230310301012000,01
230310301012001,01
230310301012002,01
230310301012003,01
230310301012004,01
230310301012005,01
230310301012006,01
230310301012007,01
230310301012008,01
230310301012009,01
230310301012010,01
230310301012011,01
230310301012012,01
230310301012013,01
230310301012014,01
230310301012015,01
230310301012016,01
230310301021000,01
230310301021001,01
230310301021002,01
230310301021003,01
230310301021004,01
230310301021005,01
230310301021006,01
230310301021007,01
230310301021008,01
230310301021009,01
230310301021010,01
230310301021011,01
230310301021012,01
230310301021013,01
230310301021014,01
230310301021015,01
230310301021016,01
230310301021017,01
230310301021018,01
230310301021019,01
230310301021020,01
230310301021021,01
230310301021022,01
230310301021023,01
230310301021024,01
230310301021025,01
230310301021026,01
230310301021027,01
230310301021028,01
230310301021029,01
230310301021030,01
230310301021031,01
230310301021032,01
230310301021033,01
230310301021034,01
230310301021035,01
230310301021036,01
230310301021037,01
230310301021038,01
230310301021039,01
230310301021040,01
230310301021041,01
230310301021042,01
230310301021043,01
230310301021044,01
230310302011000,01
230310302011001,01
230310302011002,01
230310302011003,01
230310302011004,01
230310302011005,01
230310302011006,01
230310302011007,01
230310302011008,01
230310302011009,01
230310302011010,01
230310302011011,01
230310302011012,01
230310302011013,01
230310302011014,01
230310302011015,01
230310302011016,01
230310302011017,01
230310302011018,01
230310302011019,01
230310302011020,01
230310302011021,01
230310302011022,01
230310302011023,01
230310302011024,01
230310302011025,01
230310302011026,01
230310302011027,01
230310302011028,01
230310302011029,01
230310302011030,01
230310302011031,01
230310302011032,01
230310302011033,01
230310302012000,01
230310302012001,01
230310302012002,01
230310302012003,01
230310302012004,01
230310302012005,01
230310302012006,01
230310302012007,01
230310302012008,01
230310302012009,01
230310302012010,01
230310302012011,01
230310302012012,01
230310302012013,01
230310302012014,01
230310302012015,01
230310302012016,01
230310302012017,01
230310302012018,01
230310302012019,01
230310302012020,01
230310302012021,01
230310302012022,01
230310302012023,01
230310302012024,01
230310302012025,01
230310302012026,01
230310302012027,01
230310302012028,01
230310302012029,01
230310302012030,01
230310302012031,01
230310302012032,01
230310302012033,01
230310302012034,01
230310302012035,01
230310302013000,01
230310302013001,01
230310302013002,01
230310302013003,01
230310302013004,01
230310302013005,01
230310302013006,01
230310302013007,01
230310302013008,01
230310302013009,01
230310302013010,01
230310302013011,01
230310302013012,01
230310302013013,01
230310302013014,01
230310302013015,01
230310302031000,01
230310302031001,01
230310302031002,01
230310302031003,01
230310302031004,01
230310302031005,01
230310302031006,01
230310302031007,01
230310302031008,01
230310302031009,01
230310302031010,01
230310302031011,01
230310302031012,01
230310302031013,01
230310302031014,01
230310302031015,01
230310302031016,01
230310302031017,01
230310302031018,01
230310302031019,01
230310302032000,01
230310302032001,01
230310302032002,01
230310302032003,01
230310302032004,01
230310302032005,01
230310302032006,01
230310302032007,01
230310302032008,01
230310302032009,01
230310302032010,01
230310302032011,01
230310302032012,01
230310302032013,01
230310302032014,01
230310302032015,01
230310302032016,01
230310302032017,01
230310302032018,01
230310302032019,01
230310302032020,01
230310302032021,01
230310302032022,01
230310302032023,01
230310302032024,01
230310302032025,01
230310302032026,01
230310302032027,01
230310302032028,01
230310302033000,01
230310302033001,01
230310302033002,01
230310302033003,01
230310302033004,01
230310302033005,01
230310302033006,01
230310302033007,01
230310302033008,01
230310302033009,01
230310302033010,01
230310302033011,01
230310302041000,01
230310302041001,01
230310302041002,01
230310302041003,01
230310302041004,01
230310302041005,01
230310302041006,01
230310302041007,01
230310302041008,01
230310302041009,01
230310302041010,01
230310302041011,01
230310302041012,01
230310302041013,01
230310302041014,01
230310302041015,01
230310302041016,01
230310302041017,01
230310302042000,01
230310302042001,01
230310302042002,01
230310302042003,01
230310302042004,01
230310302042005,01
230310302042006,01
230310302042007,01
230310302042008,01
230310302042009,01
230310302042010,01
230310302042011,01
230310302042012,01
230310302042013,01
230310302042014,01
230310302042015,01
230310302042016,01
230310302042017,01
230310302042018,01
230310302042019,01
230310302042020,01
230310302042021,01
230310302042022,01
230310302042023,01
230310302042024,01
230310302042025,01
230310302042026,01
230310302042027,01
230310302042028,01
230310302042029,01
230310302042030,01
230310302042031,01
230310302042032,01
230310302042033,01
230310302042034,01
230310302042035,01
230310302042036,01
230310302051000,01
230310302051001,01
230310302051002,01
230310302051003,01
230310302051004,01
230310302051005,01
230310302051006,01
230310302051007,01
230310302051008,01
230310302051009,01
230310302051010,01
230310302051011,01
230310302051012,01
230310302051013,01
230310302052000,01
230310302052001,01
230310302052002,01
230310302052003,01
230310302052004,01
230310302052005,01
230310302052006,01
230310302052007,01
230310302052008,01
230310302052009,01
230310302052010,01
230310302052011,01
230310302052012,01
230310302052013,01
230310302052014,01
230310302052015,01
230310302052016,01
230310302052017,01
230310302052018,01
230310302052019,01
230310302052020,01
230310302052021,01
230310302052022,01
230310302052023,01
230310302052024,01
230310302052025,01
230310302052026,01
230310302052027,01
230310302052028,01
230310302052029,01
230310302052030,01
230310302052031,01
230310302052032,01
230310302052033,01
230310302052034,01
230310302052035,01
230310302052036,01
230310302052037,01
230310303001000,01
230310303001001,01
230310303001002,01
230310303001003,01
230310303001004,01
230310303001005,01
230310303001006,01
230310303001007,01
230310303001008,01
230310303001009,01
230310303001010,01
230310303001011,01
230310303001012,01
230310303001013,01
230310303001014,01
230310303001015,01
230310303001016,01
230310303001017,01
230310303001018,01
230310303001019,01
230310303001020,01
230310303001021,01
230310303001022,01
230310303001023,01
230310303001024,01
230310303001025,01
230310303001026,01
230310303001027,01
230310303001028,01
230310303001029,01
230310303002000,01
230310303002001,01
230310303002002,01
230310303002003,01
230310303002004,01
230310303002005,01
230310303002006,01
230310303002007,01
230310303002008,01
230310303002009,01
230310303002010,01
230310303002011,01
230310303002012,01
230310303002013,01
230310303002014,01
230310303002015,01
230310303002016,01
230310303002017,01
230310303002018,01
230310303002019,01
230310303002020,01
230310303002021,01
230310303002022,01
230310303002023,01
230310303002024,01
230310303003000,01
230310303003001,01
230310303003002,01
230310303003003,01
230310303003004,01
230310303003005,01
230310303003006,01
230310303003007,01
230310303003008,01
230310303003009,01
230310303003010,01
230310303003011,01
230310303003012,01
230310303003013,01
230310303003014,01
230310303003015,01
230310303003016,01
230310303003017,01
230310303003018,01
230310303003019,01
230310303003020,01
230310303003021,01
230310303003022,01
230310303003023,01
230310303003024,01
230310303003025,01
230310303003026,01
230310303003027,01
230310303003028,01
230310303003029,01
230310310001000,01
230310310001001,01
230310310001002,01
230310310001003,01
230310310001004,01
230310310001005,01
230310310001006,01
230310310001007,01
230310310001008,01
230310310001009,01
230310310001010,01
230310310001011,01
230310310001012,01
230310310001013,01
230310310001014,01
230310310001015,01
230310310001016,01
230310310001017,01
230310310001018,01
230310310001019,01
230310310001020,01
230310310001021,01
230310310001022,01
230310310001023,01
230310310002000,01
230310310002001,01
230310310002002,01
230310310002003,01
230310310002004,01
230310310002005,01
230310310002006,01
230310310002007,01
230310310002008,01
230310310002009,01
230310310002010,01
230310310002011,01
230310310002012,01
230310310002013,01
230310310002014,01
230310310002015,01
230310310002016,01
230310310002017,01
230310310002018,01
230310310002019,01
230310310002020,01
230310310002021,01
230310310002022,01
230310310002023,01
230310310002024,01
230310310002025,01
230310310002026,01
230310310002027,01
230310310002028,01
230310310002029,01
230310310002030,01
230310310002031,01
230310310002032,01
230310310002033,01
230310310002034,01
230310310002035,01
230310310002036,01
230310310002037,01
230310310002038,01
230310310002039,01
230310310002040,01
230310310002041,01
230310310002042,01
230310310002043,01
230310310002044,01
230310310002045,01
230310310002046,01
230310310002047,01
230310310002048,01
230310310002049,01
230310310003000,01
230310310003001,01
230310310003002,01
230310310003003,01
230310310003004,01
230310310003005,01
230310310003006,01
230310310003007,01
230310310003008,01
230310310003009,01
230310310003010,01
230310310003011,01
230310310003012,01
230310310003013,01
230310310003014,01
230310310003015,01
230310310003016,01
230310310003017,01
230310310003018,01
230310310003019,01
230310310003020,01
230310310003021,01
230310310003022,01
230310310003023,01
230310310003024,01
230310310003025,01
230310310003026,01
230310310003027,01
230310310003028,01
230310310003029,01
230310310003030,01
230310310003031,01
230310310003032,01
230310310003033,01
230310310003034,01
230310310003035,01
230310310003036,01
230310310003037,01
230310310003038,01
230310310003039,01
230310310003040,01
230310310003041,01
230310310003042,01
230310310003043,01
230310310003044,01
230310310003045,01
230310310003046,01
230310310003047,01
230310310003048,01
230310310003049,01
230310310003050,01
230310310003051,01
230310310003052,01
230310310003053,01
230310310003054,01
230310310003055,01
230310310003056,01
230310310003057,01
230310310003058,01
230310310003059,01
230310310003060,01
230310310003061,01
230310310003062,01
230310310003063,01
230310310003064,01
230310310003065,01
230310310003066,01
230310310003067,01
230310320011000,01
230310320011001,01
230310320011002,01
230310320011003,01
230310320011004,01
230310320011005,01
230310320011006,01
230310320011007,01
230310320011008,01
230310320011009,01
230310320011010,01
230310320011011,01
230310320011012,01
230310320011013,01
230310320011014,01
230310320011015,01
230310320011016,01
230310320011017,01
230310320011018,01
230310320011019,01
230310320011020,01
230310320011021,01
230310320011022,01
230310320011023,01
230310320011024,01
230310320011025,01
230310320011026,01
230310320011027,01
230310320011028,01
230310320011029,01
230310320011030,01
230310320011031,01
230310320011032,01
230310320011033,01
230310320011034,01
230310320011035,01
230310320012000,01
230310320012001,01
230310320012002,01
230310320012003,01
230310320012004,01
230310320012005,01
230310320012006,01
230310320012007,01
230310320012008,01
230310320012009,01
230310320012010,01
230310320012011,01
230310320012012,01
230310320012013,01
230310320012014,01
230310320012015,01
230310320012016,01
230310320012017,01
230310320012018,01
230310320012019,01
230310320012020,01
230310320012021,01
230310320012022,01
230310320012023,01
230310320012024,01
230310320012025,01
230310320012026,01
230310320012027,01
230310320012028,01
230310320012029,01
230310320012030,01
230310320012031,01
230310320012032,01
230310320012033,01
230310320012034,01
230310320021000,01
230310320021001,01
230310320021002,01
230310320021003,01
230310320021004,01
230310320021005,01
230310320021006,01
230310320021007,01
230310320021008,01
230310320021009,01
230310320021010,01
230310320021011,01
230310320021012,01
230310320021013,01
230310320021014,01
230310320021015,01
230310320021016,01
230310320021017,01
230310320021018,01
230310320021019,01
230310320021020,01
230310320021021,01
230310320021022,01
230310320021023,01
230310320021024,01
230310320021025,01
230310320021026,01
230310320021027,01
230310320021028,01
230310320021029,01
230310320021030,01
230310320021031,01
230310320021032,01
230310320021033,01
230310320021034,01
230310320021035,01
230310320021036,01
230310320021037,01
230310320021038,01
230310320021039,01
230310320021040,01
230310320021041,01
230310320021042,01
230310320021043,01
230310320021044,01
230310320021045,01
230310320022000,01
230310320022001,01
230310320022002,01
230310320022003,01
230310320022004,01
230310320022005,01
230310320022006,01
230310320022007,01
230310320022008,01
230310320022009,01
230310320022010,01
230310320022011,01
230310320022012,01
230310320022013,01
230310320022014,01
230310320022015,01
230310320022016,01
230310320022017,01
230310320022018,01
230310320022019,01
230310320022020,01
230310320022021,01
230310320022022,01
230310320022023,01
230310320022024,01
230310320022025,01
230310320022026,01
230310320022027,01
230310330001000,01
230310330001001,01
230310330001002,01
230310330001003,01
230310330001004,01
230310330001005,01
230310330001006,01
230310330001007,01
230310330001008,01
230310330001009,01
230310330001010,01
230310330001011,01
230310330001012,01
230310330001013,01
230310330001014,01
230310330001015,01
230310330001016,01
230310330001017,01
230310330001018,01
230310330001019,01
230310330001020,01
230310330001021,01
230310330001022,01
230310330001023,01
230310330001024,01
230310330001025,01
230310330001026,01
230310330001027,01
230310330001028,01
230310330001029,01
230310330001030,01
230310330001031,01
230310330001032,01
230310330001033,01
230310330001034,01
230310330001035,01
230310330001036,01
230310330002000,01
230310330002001,01
230310330002002,01
230310330002003,01
230310330002004,01
230310330002005,01
230310330002006,01
230310330002007,01
230310330002008,01
230310330002009,01
230310330002010,01
230310330002011,01
230310330002012,01
230310330002013,01
230310330002014,01
230310330002015,01
230310330002016,01
230310330002017,01
230310330002018,01
230310330002019,01
230310330002020,01
230310330002021,01
230310330002022,01
230310330002023,01
230310330002024,01
230310330002025,01
230310330003000,01
230310330003001,01
230310330003002,01
230310330003003,01
230310330003004,01
230310330003005,01
230310330003006,01
230310330003007,01
230310330003008,01
230310330003009,01
230310330003010,01
230310330003011,01
230310330003012,01
230310330003013,01
230310330003014,01
230310330003015,01
230310330003016,01
230310330003017,01
230310330003018,01
230310330003019,01
230310330003020,01
230310330003021,01
230310330003022,01
230310330003023,01
230310330003024,01
230310330003025,01
230310330003026,01
230310330003027,01
230310330003028,01
230310330003029,01
230310330003030,01
230310330003031,01
230310330003032,01
230310330003033,01
230310330003034,01
230310330003035,01
230310330003036,01
230310330003037,01
230310330003038,01
230310330003039,01
230310330003040,01
230310330003041,01
230310330003042,01
230310330003043,01
230310330003044,01
230310330003045,01
230310330003046,01
230310330003047,01
230310330003048,01
230310330003049,01
230310330003050,01
230310330003051,01
230310330003052,01
230310330003053,01
230310340021000,01
230310340021001,01
230310340021002,01
230310340021003,01
230310340021004,01
230310340021005,01
230310340021006,01
230310340021007,01
230310340021008,01
230310340021009,01
230310340021010,01
230310340021011,01
230310340021012,01
230310340021013,01
230310340021014,01
230310340021015,01
230310340021016,01
230310340021017,01
230310340021018,01
230310340021019,01
230310340022000,01
230310340022001,01
230310340022002,01
230310340022003,01
230310340022004,01
230310340022005,01
230310340022006,01
230310340022007,01
230310340022008,01
230310340022009,01
230310340022010,01
230310340022011,01
230310340022012,01
230310340022013,01
230310340022014,01
230310340022015,01
230310340022016,01
230310340022017,01
230310340022018,01
230310340022019,01
230310340022020,01
230310340022021,01
230310340022022,01
230310340022023,01
230310340022024,01
230310340022025,01
230310340023000,01
230310340023001,01
230310340023002,01
230310340023003,01
230310340023004,01
230310340023005,01
230310340023006,01
230310340023007,01
230310340023008,01
230310340023009,01
230310340023010,01
230310340023011,01
230310340023012,01
230310340023013,01
230310340023014,01
230310340023015,01
230310340023016,01
230310340023017,01
230310340023018,01
230310340023019,01
230310340023020,01
230310340023021,01
230310340023022,01
230310340023023,01
230310340023024,01
230310340023025,01
230310340023026,01
230310340023027,01
230310340023028,01
230310340023029,01
230310340023030,01
230310340023031,01
230310340024000,01
230310340024001,01
230310340024002,01
230310340024003,01
230310340024004,01
230310340024005,01
230310340024006,01
230310340024007,01
230310340024008,01
230310340024009,01
230310340024010,01
230310340024011,01
230310340024012,01
230310340024013,01
230310340024014,01
230310340024015,01
230310340024016,01
230310340024017,01
230310340024018,01
230310340024019,01
230310340024020,01
230310340024021,01
230310340024022,01
230310340024023,01
230310340024024,01
230310340024025,01
230310340024026,01
230310340024027,01
230310340024028,01
230310340024029,01
230310340024030,01
230310340024031,01
230310340024032,01
230310340024033,01
230310340024034,01
230310340024035,01
230310340025000,01
230310340025001,01
230310340025002,01
230310340025003,01
230310340025004,01
230310340025005,01
230310340025006,01
230310340025007,01
230310340025008,01
230310340025009,01
230310340025010,01
230310340025011,01
230310340025012,01
230310340025013,01
230310340025014,01
230310340025015,01
230310340025016,01
230310340025017,01
230310340025018,01
230310340025019,01
230310340025020,01
230310340025021,01
230310340025022,01
230310340025023,01
230310340025024,01
230310340025025,01
230310340025026,01
230310340031000,01
230310340031001,01
230310340031002,01
230310340031003,01
230310340031004,01
230310340031005,01
230310340031006,01
230310340031007,01
230310340031008,01
230310340031009,01
230310340031010,01
230310340031011,01
230310340031012,01
230310340031013,01
230310340031014,01
230310340031015,01
230310340031016,01
230310340031017,01
230310340031018,01
230310340031019,01
230310340031020,01
230310340031021,01
230310340031022,01
230310340031023,01
230310340031024,01
230310340031025,01
230310340031026,01
230310340031027,01
230310340031028,01
230310340031029,01
230310340031030,01
230310340031031,01
230310340031032,01
230310340031033,01
230310340031034,01
230310340031035,01
230310340031036,01
230310340031037,01
230310340032000,01
230310340032001,01
230310340032002,01
230310340032003,01
230310340032004,01
230310340032005,01
230310340032006,01
230310340032007,01
230310340032008,01
230310340032009,01
230310340032010,01
230310340032011,01
230310340032012,01
230310340032013,01
230310340032014,01
230310340032015,01
230310340032016,01
230310340032017,01
230310340032018,01
230310340032019,01
230310340032020,01
230310340032021,01
230310340032022,01
230310340041000,01
230310340041001,01
230310340041002,01
230310340041003,01
230310340041004,01
230310340041005,01
230310340041006,01
230310340041007,01
230310340041008,01
230310340041009,01
230310340041010,01
230310340041011,01
230310340041012,01
230310340041013,01
230310340041014,01
230310340041015,01
230310340041016,01
230310340041017,01
230310340041018,01
230310340041019,01
230310340041020,01
230310340041021,01
230310340041022,01
230310340041023,01
230310340041024,01
230310340041025,01
230310340041026,01
230310340041027,01
230310340041028,01
230310340041029,01
230310340041030,01
230310340041031,01
230310340041032,01
230310340041033,01
230310340041034,01
230310340041035,01
230310340041036,01
230310340041037,01
230310340041038,01
230310340041039,01
230310340041040,01
230310340041041,01
230310340041042,01
230310340041043,01
230310340041044,01
230310340041045,01
230310340041046,01
230310340041047,01
230310340041048,01
230310340051000,01
230310340051001,01
230310340051002,01
230310340051003,01
230310340051004,01
230310340051005,01
230310340051006,01
230310340051007,01
230310340051008,01
230310340051009,01
230310340051010,01
230310340051011,01
230310340051012,01
230310340051013,01
230310340051014,01
230310340051015,01
230310340051016,01
230310340051017,01
230310340051018,01
230310340051019,01
230310340051020,01
230310340051021,01
230310340051022,01
230310340051023,01
230310340051024,01
230310340051025,01
230310340051026,01
230310340051027,01
230310340051028,01
230310340051029,01
230310340051030,01
230310340052000,01
230310340052001,01
230310340052002,01
230310340052003,01
230310340052004,01
230310340052005,01
230310340052006,01
230310340052007,01
230310340052008,01
230310340052009,01
230310340052010,01
230310340052011,01
230310340052012,01
230310340052013,01
230310340052014,01
230310340052015,01
230310340052016,01
230310340052017,01
230310340052018,01
230310340052019,01
230310340052020,01
230310340052021,01
230310340052022,01
230310340052023,01
230310340052024,01
230310340052025,01
230310340052026,01
230310340061000,01
230310340061001,01
230310340061002,01
230310340061003,01
230310340061004,01
230310340061005,01
230310340061006,01
230310340061007,01
230310340061008,01
230310340061009,01
230310340061010,01
230310340061011,01
230310340061012,01
230310340061013,01
230310340061014,01
230310340061015,01
230310340061016,01
230310340061017,01
230310340061018,01
230310340061019,01
230310340061020,01
230310340061021,01
230310340061022,01
230310340061023,01
230310340061024,01
230310340061025,01
230310340061026,01
230310340061027,01
230310340061028,01
230310340061029,01
230310340061030,01
230310340061031,01
230310340061032,01
230310340061033,01
230310340061034,01
230310340061035,01
230310340061036,01
230310340061037,01
230310340061038,01
230310340061039,01
230310340061040,01
230310340061041,01
230310340061042,01
230310340061043,01
230310340061044,01
230310340061045,01
230310340061046,01
230310340061047,01
230310340061048,01
230310340061049,01
230310340061050,01
230310340061051,01
230310340061052,01
230310340061053,01
230310340061054,01
230310340061055,01
230310340061056,01
230310340061057,01
230310340061058,01
230310340061059,01
230310340061060,01
230310340061061,01
230310340061062,01
230310340061063,01
230310340061064,01
230310340061065,01
230310340061066,01
230310340061067,01
230310350011000,01
230310350011001,01
230310350011002,01
230310350011003,01
230310350011004,01
230310350011005,01
230310350011006,01
230310350011007,01
230310350011008,01
230310350011009,01
230310350011010,01
230310350011011,01
230310350011012,01
230310350011013,01
230310350011014,01
230310350011015,01
230310350011016,01
230310350011017,01
230310350011018,01
230310350011019,01
230310350011020,01
230310350011021,01
230310350011022,01
230310350011023,01
230310350011024,01
230310350011025,01
230310350011026,01
230310350011027,01
230310350011028,01
230310350011029,01
230310350011030,01
230310350011031,01
230310350011032,01
230310350011033,01
230310350011034,01
230310350011035,01
230310350011036,01
230310350011037,01
230310350011038,01
230310350011039,01
230310350011040,01
230310350011041,01
230310350011042,01
230310350011043,01
230310350011044,01
230310350011045,01
230310350011046,01
230310350011047,01
230310350011048,01
230310350011049,01
230310350011050,01
230310350012000,01
230310350012001,01
230310350012002,01
230310350012003,01
230310350012004,01
230310350012005,01
230310350012006,01
230310350012007,01
230310350012008,01
230310350012009,01
230310350012010,01
230310350012011,01
230310350012012,01
230310350012013,01
230310350021000,01
230310350021001,01
230310350021002,01
230310350021003,01
230310350021004,01
230310350021005,01
230310350021006,01
230310350021007,01
230310350021008,01
230310350021009,01
230310350021010,01
230310350021011,01
230310350021012,01
230310350021013,01
230310350021014,01
230310350021015,01
230310350021016,01
230310350021017,01
230310350021018,01
230310350021019,01
230310350021020,01
230310350021021,01
230310350021022,01
230310350021023,01
230310350022000,01
230310350022001,01
230310350022002,01
230310350022003,01
230310350022004,01
230310350022005,01
230310350022006,01
230310350022007,01
230310350022008,01
230310350022009,01
230310350022010,01
230310350022011,01
230310350022012,01
230310350022013,01
230310350022014,01
230310350022015,01
230310350022016,01
230310350022017,01
230310350022018,01
230310350022019,01
230310350022020,01
230310350023000,01
230310350023001,01
230310350023002,01
230310350023003,01
230310350023004,01
230310350023005,01
230310350023006,01
230310350023007,01
230310350023008,01
230310350023009,01
230310350023010,01
230310350023011,01
230310350023012,01
230310350023013,01
230310350023014,01
230310350023015,01
230310350023016,01
230310350023017,01
230310350023018,01
230310350023019,01
230310350023020,01
230310350023021,01
230310350023022,01
230310360021000,01
230310360021001,01
230310360021002,01
230310360021003,01
230310360021004,01
230310360021005,01
230310360021006,01
230310360021007,01
230310360021008,01
230310360021009,01
230310360021010,01
230310360021011,01
230310360021012,01
230310360021013,01
230310360021014,01
230310360021015,01
230310360021016,01
230310360021017,01
230310360021018,01
230310360021019,01
230310360021020,01
230310360021021,01
230310360021022,01
230310360021023,01
230310360021024,01
230310360021025,01
230310360021026,01
230310360021027,01
230310360021028,01
230310360021029,01
230310360021030,01
230310360022000,01
230310360022001,01
230310360022002,01
230310360022003,01
230310360022004,01
230310360022005,01
230310360022006,01
230310360022007,01
230310360022008,01
230310360022009,01
230310360022010,01
230310360022011,01
230310360022012,01
230310360022013,01
230310360022014,01
230310360022015,01
230310360022016,01
230310360022017,01
230310360022018,01
230310360022019,01
230310360022020,01
230310360022021,01
230310360022022,01
230310360022023,01
230310360022024,01
230310360022025,01
230310360022026,01
230310360022027,01
230310360022028,01
230310360022029,01
230310360022030,01
230310360022031,01
230310360022032,01
230310360022033,01
230310360022034,01
230310360022035,01
230310360023000,01
230310360023001,01
230310360023002,01
230310360023003,01
230310360023004,01
230310360023005,01
230310360023006,01
230310360023007,01
230310360023008,01
230310360023009,01
230310360023010,01
230310360023011,01
230310360023012,01
230310360023013,01
230310360023014,01
230310360023015,01
230310360023016,01
230310360023017,01
230310360023018,01
230310360024000,01
230310360024001,01
230310360024002,01
230310360024003,01
230310360024004,01
230310360024005,01
230310360024006,01
230310360024007,01
230310360024008,01
230310360024009,01
230310360024010,01
230310360024011,01
230310360024012,01
230310360024013,01
230310360024014,01
230310360024015,01
230310360024016,01
230310360024017,01
230310360024018,01
230310360024019,01
230310360024020,01
230310360024021,01
230310360024022,01
230310360024023,01
230310360024024,01
230310360024025,01
230310360024026,01
230310360024027,01
230310360024028,01
230310360024029,01
230310360024030,01
230310360024031,01
230310360024032,01
230310360024033,01
230310360024034,01
230310360024035,01
230310360024036,01
230310360024037,01
230310360024038,01
230310360024039,01
230310360024040,01
230310360024041,01
230310360024042,01
230310360024043,01
230310360024044,01
230310360024045,01
230310360024046,01
230310360024047,01
230310360024048,01
230310360024049,01
230310360024050,01
230310360024051,01
230310360031000,01
230310360031001,01
230310360031002,01
230310360031003,01
230310360031004,01
230310360031005,01
230310360031006,01
230310360031007,01
230310360031008,01
230310360031009,01
230310360031010,01
230310360031011,01
230310360031012,01
230310360031013,01
230310360031014,01
230310360031015,01
230310360031016,01
230310360031017,01
230310360031018,01
230310360031019,01
230310360031020,01
230310360031021,01
230310360031022,01
230310360031023,01
230310360031024,01
230310360031025,01
230310360031026,01
230310360031027,01
230310360031028,01
230310360031029,01
230310360031030,01
230310360031031,01
230310360031032,01
230310360031033,01
230310360032000,01
230310360032001,01
230310360032002,01
230310360032003,01
230310360032004,01
230310360032005,01
230310360032006,01
230310360032007,01
230310360032008,01
230310360032009,01
230310360032010,01
230310360032011,01
230310360032012,01
230310360032013,01
230310360032014,01
230310360032015,01
230310360032016,01
230310360032017,01
230310360032018,01
230310360032019,01
230310360032020,01
230310360032021,01
230310360032022,01
230310360032023,01
230310360032024,01
230310360032025,01
230310360032026,01
230310360032027,01
230310360032028,01
230310360032029,01
230310360033000,01
230310360033001,01
230310360033002,01
230310360033003,01
230310360033004,01
230310360033005,01
230310360033006,01
230310360033007,01
230310360033008,01
230310360033009,01
230310360033010,01
230310360033011,01
230310360033012,01
230310360033013,01
230310360033014,01
230310360033015,01
230310360033016,01
230310360033017,01
230310360033018,01
230310360033019,01
230310360033020,01
230310360033021,01
230310360033022,01
230310360033023,01
230310360041000,01
230310360041001,01
230310360041002,01
230310360041003,01
230310360041004,01
230310360041005,01
230310360041006,01
230310360041007,01
230310360041008,01
230310360041009,01
230310360041010,01
230310360041011,01
230310360041012,01
230310360041013,01
230310360041014,01
230310360041015,01
230310360041016,01
230310360041017,01
230310360041018,01
230310360041019,01
230310360041020,01
230310360041021,01
230310360041022,01
230310360041023,01
230310360041024,01
230310360041025,01
230310360041026,01
230310360041027,01
230310360041028,01
230310360041029,01
230310360041030,01
230310360041031,01
230310360041032,01
230310360041033,01
230310360041034,01
230310360041035,01
230310360041036,01
230310360041037,01
230310360041038,01
230310360041039,01
230310360041040,01
230310360041041,01
230310360042000,01
230310360042001,01
230310360042002,01
230310360042003,01
230310360042004,01
230310360042005,01
230310360042006,01
230310360042007,01
230310360042008,01
230310360042009,01
230310360042010,01
230310360042011,01
230310360042012,01
230310360042013,01
230310360042014,01
230310360042015,01
230310360042016,01
230310360042017,01
230310360042018,01
230310360042019,01
230310360042020,01
230310360042021,01
230310360042022,01
230310360042023,01
230310360042024,01
230310360042025,01
230310360042026,01
230310360042027,01
230310360042028,01
230310360042029,01
230310360042030,01
230310360042031,01
230310360042032,01
230310360042033,01
230310360042034,01
230310360042035,01
230310360042036,01
230310360042037,01
230310360042038,01
230310360042039,01
230310360042040,01
230310360042041,01
230310360042042,01
230310360042043,01
230310360043000,01
230310360043001,01
230310360043002,01
230310360043003,01
230310360043004,01
230310360043005,01
230310360043006,01
230310360043007,01
230310360043008,01
230310360043009,01
230310360043010,01
230310360043011,01
230310360043012,01
230310360043013,01
230310360043014,01
230310360043015,01
230310360043016,01
230310360043017,01
230310360043018,01
230310360043019,01
230310360043020,01
230310360043021,01
230310360043022,01
230310360043023,01
230310360043024,01
230310360043025,01
230310360043026,01
230310360043027,01
230310360043028,01
230310360043029,01
230310360043030,01
230310360043031,01
230310370001000,01
230310370001001,01
230310370001002,01
230310370001003,01
230310370001004,01
230310370001005,01
230310370001006,01
230310370001007,01
230310370001008,01
230310370001009,01
230310370001010,01
230310370001011,01
230310370001012,01
230310370001013,01
230310370001014,01
230310370001015,01
230310370001016,01
230310370001017,01
230310370001018,01
230310370001019,01
230310370002000,01
230310370002001,01
230310370002002,01
230310370002003,01
230310370002004,01
230310370002005,01
230310370002006,01
230310370002007,01
230310370002008,01
230310370002009,01
230310370002010,01
230310370002011,01
230310370002012,01
230310370002013,01
230310370002014,01
230310370002015,01
230310370002016,01
230310370002017,01
230310370002018,01
230310370002019,01
230310370002020,01
230310370002021,01
230310370002022,01
230310370002023,01
230310370002024,01
230310370002025,01
230310370002026,01
230310370002027,01
230310370002028,01
230310370003000,01
230310370003001,01
230310370003002,01
230310370003003,01
230310370003004,01
230310370003005,01
230310370003006,01
230310370003007,01
230310370003008,01
230310370003009,01
230310370003010,01
230310370003011,01
230310370003012,01
230310370003013,01
230310370003014,01
230310370003015,01
230310370003016,01
230310370003017,01
230310370003018,01
230310370003019,01
230310370003020,01
230310370003021,01
230310370003022,01
230310370003023,01
230310370003024,01
230310370003025,01
230310370003026,01
230310370003027,01
230310370003028,01
230310370003029,01
230310370003030,01
230310370003031,01
230310370003032,01
230310370003033,01
230310370003034,01
230310370003035,01
230310370003036,01
230310370003037,01
230310370003038,01
230310370003039,01
230310370003040,01
230310370003041,01
230310370003042,01
230310380011000,01
230310380011001,01
230310380011002,01
230310380011003,01
230310380011004,01
230310380011005,01
230310380011006,01
230310380011007,01
230310380011008,01
230310380011009,01
230310380011010,01
230310380011011,01
230310380011012,01
230310380011013,01
230310380011014,01
230310380011015,01
230310380011016,01
230310380011017,01
230310380011018,01
230310380011019,01
230310380011020,01
230310380011021,01
230310380011022,01
230310380011023,01
230310380011024,01
230310380011025,01
230310380011026,01
230310380011027,01
230310380011028,01
230310380011029,01
230310380011030,01
230310380011031,01
230310380011032,01
230310380011033,01
230310380012000,01
230310380012001,01
230310380012002,01
230310380012003,01
230310380012004,01
230310380012005,01
230310380012006,01
230310380012007,01
230310380012008,01
230310380012009,01
230310380012010,01
230310380012011,01
230310380012012,01
230310380012013,01
230310380012014,01
230310380012015,01
230310380012016,01
230310380012017,01
230310380012018,01
230310380012019,01
230310380012020,01
230310380012021,01
230310380012022,01
230310380012023,01
230310380012024,01
230310380012025,01
230310380012026,01
230310380013000,01
230310380013001,01
230310380013002,01
230310380013003,01
230310380013004,01
230310380013005,01
230310380013006,01
230310380013007,01
230310380013008,01
230310380013009,01
230310380013010,01
230310380013011,01
230310380013012,01
230310380013013,01
230310380013014,01
230310380013015,01
230310380013016,01
230310380013017,01
230310380013018,01
230310380014000,01
230310380014001,01
230310380014002,01
230310380014003,01
230310380014004,01
230310380014005,01
230310380014006,01
230310380014007,01
230310380014008,01
230310380014009,01
230310380014010,01
230310380014011,01
230310380014012,01
230310380014013,01
230310380014014,01
230310380014015,01
230310380014016,01
230310380014017,01
230310380014018,01
230310380014019,01
230310380014020,01
230310380014021,01
230310380014022,01
230310380014023,01
230310380014024,01
230310380014025,01
230310380014026,01
230310380014027,01
230310380014028,01
230310380014029,01
230310380014030,01
230310380014031,01
230310380014032,01
230310380014033,01
230310380014034,01
230310380014035,01
230310380014036,01
230310380014037,01
230310380014038,01
230310380014039,01
230310380014040,01
230310380014041,01
230310380014042,01
230310380014043,01
230310380014044,01
230310380014045,01
230310380014046,01
230310380014047,01
230310380014048,01
230310380014049,01
230310380014050,01
230310380014051,01
230310380014052,01
230310380014053,01
230310380014054,01
230310380015000,01
230310380015001,01
230310380015002,01
230310380015003,01
230310380015004,01
230310380015005,01
230310380015006,01
230310380015007,01
230310380015008,01
230310380015009,01
230310380015010,01
230310380015011,01
230310380015012,01
230310380021000,01
230310380021001,01
230310380021002,01
230310380021003,01
230310380021004,01
230310380021005,01
230310380021006,01
230310380021007,01
230310380021008,01
230310380021009,01
230310380021010,01
230310380021011,01
230310380021012,01
230310380021013,01
230310380021014,01
230310380021015,01
230310380021016,01
230310380021017,01
230310380021018,01
230310380021019,01
230310380021020,01
230310380021021,01
230310380021022,01
230310380021023,01
230310380021024,01
230310380021025,01
230310380021026,01
230310380021027,01
230310380021028,01
230310380021029,01
230310380021030,01
230310380021031,01
230310380021032,01
230310380021033,01
230310380021034,01
230310380021035,01
230310380021036,01
230310380021037,01
230310380021038,01
230310380021039,01
230310380021040,01
230310380021041,01
230310380021042,01
230310380022000,01
230310380022001,01
230310380022002,01
230310380022003,01
230310380022004,01
230310380022005,01
230310380022006,01
230310380022007,01
230310380022008,01
230310380022009,01
230310380022010,01
230310380022011,01
230310380022012,01
230310380022013,01
230310380022014,01
230310380022015,01
230310380022016,01
230310380022017,01
230310380022018,01
230310380022019,01
230310380022020,01
230310380022021,01
230310380022022,01
230310380022023,01
230310380022024,01
230310380022025,01
230310380022026,01
230310380022027,01
230310380022028,01
230310380022029,01
230310380022030,01
230310380022031,01
230310380022032,01
230310380023000,01
230310380023001,01
230310380023002,01
230310380023003,01
230310380023004,01
230310380023005,01
230310380023006,01
230310380023007,01
230310380023008,01
230310380023009,01
230310380023010,01
230310380023011,01
230310380023012,01
230310380023013,01
230310380023014,01
230319901000001,01
230319901000002,01
230319901000003,01
230319901000004,01
230319901000005,01
230319901000006,01
230319901000007,01
230319901000008,01
230319901000009,01
230319901000010,01
230319901000011,01
230319901000012,01
230319901000013,01
230319901000014,01
230319901000015,01
230319901000016,01
230319901000017,01
