"JurisdictionID","JurisContainerID","JurisName","EISCandidateID","CandidateName","EISContestID","ContestName","PrecinctName","Registration","EISPartyID","PartyName","VoteCount"
"22","0","DuPAGE","580","JUNAID AHMED","320","8TH CONGRESS","Wayne  013 - 0022","903","11","","17"
"22","0","DuPAGE","585","RAJA KRISHNAMOORTHI","320","8TH CONGRESS","Wayne  013 - 0022","903","11","","55"
"22","0","DuPAGE","0","Under Votes","320","8TH CONGRESS","Wayne  013 - 0022","903","11","","4"
"22","0","DuPAGE","0","Over Votes","320","8TH CONGRESS","Wayne  013 - 0022","903","11","","0"
"22","0","DuPAGE","580","JUNAID AHMED","320","8TH CONGRESS","Wayne  015 - 0025","75","11","","4"
"22","0","DuPAGE","585","RAJA KRISHNAMOORTHI","320","8TH CONGRESS","Wayne  015 - 0025","75","11","","4"
"22","0","DuPAGE","0","Under Votes","320","8TH CONGRESS","Wayne  015 - 0025","75","11","","0"
"22","0","DuPAGE","0","Over Votes","320","8TH CONGRESS","Wayne  015 - 0025","75","11","","0"
"22","0","DuPAGE","580","JUNAID AHMED","320","8TH CONGRESS","Wayne  016 - 0028","624","11","","22"
"22","0","DuPAGE","585","RAJA KRISHNAMOORTHI","320","8TH CONGRESS","Wayne  016 - 0028","624","11","","15"
"22","0","DuPAGE","0","Under Votes","320","8TH CONGRESS","Wayne  016 - 0028","624","11","","0"
"22","0","DuPAGE","0","Over Votes","320","8TH CONGRESS","Wayne  016 - 0028","624","11","","0"
"22","0","DuPAGE","580","JUNAID AHMED","320","8TH CONGRESS","Wayne  018 - 0031","451","11","","8"
"22","0","DuPAGE","585","RAJA KRISHNAMOORTHI","320","8TH CONGRESS","Wayne  018 - 0031","451","11","","41"
"22","0","DuPAGE","0","Under Votes","320","8TH CONGRESS","Wayne  018 - 0031","451","11","","0"
"22","0","DuPAGE","0","Over Votes","320","8TH CONGRESS","Wayne  018 - 0031","451","11","","0"
"22","0","DuPAGE","580","JUNAID AHMED","320","8TH CONGRESS","Wayne  034 - 0051","56","11","","2"
"22","0","DuPAGE","585","RAJA KRISHNAMOORTHI","320","8TH CONGRESS","Wayne  034 - 0051","56","11","","8"
"22","0","DuPAGE","0","Under Votes","320","8TH CONGRESS","Wayne  034 - 0051","56","11","","0"
"22","0","DuPAGE","0","Over Votes","320","8TH CONGRESS","Wayne  034 - 0051","56","11","","0"
"22","0","DuPAGE","580","JUNAID AHMED","320","8TH CONGRESS","Wayne  042 - 0060","646","11","","14"
"22","0","DuPAGE","585","RAJA KRISHNAMOORTHI","320","8TH CONGRESS","Wayne  042 - 0060","646","11","","33"
"22","0","DuPAGE","0","Under Votes","320","8TH CONGRESS","Wayne  042 - 0060","646","11","","0"
"22","0","DuPAGE","0","Over Votes","320","8TH CONGRESS","Wayne  042 - 0060","646","11","","0"
"22","0","DuPAGE","580","JUNAID AHMED","320","8TH CONGRESS","Wayne  062 - 0086","557","11","","15"
"22","0","DuPAGE","585","RAJA KRISHNAMOORTHI","320","8TH CONGRESS","Wayne  062 - 0086","557","11","","26"
"22","0","DuPAGE","0","Under Votes","320","8TH CONGRESS","Wayne  062 - 0086","557","11","","0"
"22","0","DuPAGE","0","Over Votes","320","8TH CONGRESS","Wayne  062 - 0086","557","11","","0"
"22","0","DuPAGE","580","JUNAID AHMED","320","8TH CONGRESS","Wayne  065 - 0089","735","11","","4"
"22","0","DuPAGE","585","RAJA KRISHNAMOORTHI","320","8TH CONGRESS","Wayne  065 - 0089","735","11","","41"
"22","0","DuPAGE","0","Under Votes","320","8TH CONGRESS","Wayne  065 - 0089","735","11","","0"
"22","0","DuPAGE","0","Over Votes","320","8TH CONGRESS","Wayne  065 - 0089","735","11","","0"
"22","0","DuPAGE","580","JUNAID AHMED","320","8TH CONGRESS","Wayne  068 - 0092","551","11","","9"
"22","0","DuPAGE","585","RAJA KRISHNAMOORTHI","320","8TH CONGRESS","Wayne  068 - 0092","551","11","","52"
"22","0","DuPAGE","0","Under Votes","320","8TH CONGRESS","Wayne  068 - 0092","551","11","","3"
"22","0","DuPAGE","0","Over Votes","320","8TH CONGRESS","Wayne  068 - 0092","551","11","","0"
"22","0","DuPAGE","580","JUNAID AHMED","320","8TH CONGRESS","Bloomingdale  018 - 0112","620","11","","23"
"22","0","DuPAGE","585","RAJA KRISHNAMOORTHI","320","8TH CONGRESS","Bloomingdale  018 - 0112","620","11","","58"
"22","0","DuPAGE","0","Under Votes","320","8TH CONGRESS","Bloomingdale  018 - 0112","620","11","","5"
"22","0","DuPAGE","0","Over Votes","320","8TH CONGRESS","Bloomingdale  018 - 0112","620","11","","0"
"22","0","DuPAGE","580","JUNAID AHMED","320","8TH CONGRESS","Bloomingdale  024 - 0118","993","11","","18"
"22","0","DuPAGE","585","RAJA KRISHNAMOORTHI","320","8TH CONGRESS","Bloomingdale  024 - 0118","993","11","","93"
"22","0","DuPAGE","580","JUNAID AHMED","320","8TH CONGRESS","Wayne  015 - 0024","4","11","","0"
"22","0","DuPAGE","585","RAJA KRISHNAMOORTHI","320","8TH CONGRESS","Wayne  015 - 0024","4","11","","1"
"22","0","DuPAGE","0","Over Votes","320","8TH CONGRESS","Wayne  015 - 0024","4","11","","0"
"22","0","DuPAGE","0","Under Votes","320","8TH CONGRESS","Wayne  015 - 0024","4","11","","0"
"22","0","DuPAGE","580","JUNAID AHMED","320","8TH CONGRESS","Wayne  016 - 0027","37","11","","0"
"22","0","DuPAGE","585","RAJA KRISHNAMOORTHI","320","8TH CONGRESS","Wayne  016 - 0027","37","11","","3"
"22","0","DuPAGE","0","Over Votes","320","8TH CONGRESS","Wayne  016 - 0027","37","11","","0"
"22","0","DuPAGE","0","Under Votes","320","8TH CONGRESS","Wayne  016 - 0027","37","11","","0"
"22","0","DuPAGE","580","JUNAID AHMED","320","8TH CONGRESS","Wayne  034 - 0050","554","11","","13"
"22","0","DuPAGE","585","RAJA KRISHNAMOORTHI","320","8TH CONGRESS","Wayne  034 - 0050","554","11","","25"
"22","0","DuPAGE","0","Over Votes","320","8TH CONGRESS","Wayne  034 - 0050","554","11","","0"
"22","0","DuPAGE","0","Under Votes","320","8TH CONGRESS","Wayne  034 - 0050","554","11","","0"
"22","0","DuPAGE","580","JUNAID AHMED","320","8TH CONGRESS","Wayne  038 - 0056","604","11","","9"
"22","0","DuPAGE","585","RAJA KRISHNAMOORTHI","320","8TH CONGRESS","Wayne  038 - 0056","604","11","","40"
"22","0","DuPAGE","0","Over Votes","320","8TH CONGRESS","Wayne  038 - 0056","604","11","","0"
"22","0","DuPAGE","0","Under Votes","320","8TH CONGRESS","Wayne  038 - 0056","604","11","","2"
"22","0","DuPAGE","580","JUNAID AHMED","320","8TH CONGRESS","Wayne  061 - 0085","883","11","","30"
"22","0","DuPAGE","585","RAJA KRISHNAMOORTHI","320","8TH CONGRESS","Wayne  061 - 0085","883","11","","49"
"22","0","DuPAGE","0","Over Votes","320","8TH CONGRESS","Wayne  061 - 0085","883","11","","0"
"22","0","DuPAGE","0","Under Votes","320","8TH CONGRESS","Wayne  061 - 0085","883","11","","1"
"22","0","DuPAGE","580","JUNAID AHMED","320","8TH CONGRESS","Wayne  064 - 0088","744","11","","10"
"22","0","DuPAGE","585","RAJA KRISHNAMOORTHI","320","8TH CONGRESS","Wayne  064 - 0088","744","11","","64"
"22","0","DuPAGE","0","Over Votes","320","8TH CONGRESS","Wayne  064 - 0088","744","11","","0"
"22","0","DuPAGE","0","Under Votes","320","8TH CONGRESS","Wayne  064 - 0088","744","11","","1"
"22","0","DuPAGE","580","JUNAID AHMED","320","8TH CONGRESS","Bloomingdale  017 - 0111","707","11","","19"
"22","0","DuPAGE","585","RAJA KRISHNAMOORTHI","320","8TH CONGRESS","Bloomingdale  017 - 0111","707","11","","34"
"22","0","DuPAGE","0","Over Votes","320","8TH CONGRESS","Bloomingdale  017 - 0111","707","11","","0"
"22","0","DuPAGE","0","Under Votes","320","8TH CONGRESS","Bloomingdale  017 - 0111","707","11","","1"
"22","0","DuPAGE","580","JUNAID AHMED","320","8TH CONGRESS","Bloomingdale  020 - 0114","860","11","","10"
"22","0","DuPAGE","585","RAJA KRISHNAMOORTHI","320","8TH CONGRESS","Bloomingdale  020 - 0114","860","11","","64"
"22","0","DuPAGE","0","Over Votes","320","8TH CONGRESS","Bloomingdale  020 - 0114","860","11","","0"
"22","0","DuPAGE","0","Under Votes","320","8TH CONGRESS","Bloomingdale  020 - 0114","860","11","","1"
"22","0","DuPAGE","580","JUNAID AHMED","320","8TH CONGRESS","Bloomingdale  023 - 0117","510","11","","11"
"22","0","DuPAGE","585","RAJA KRISHNAMOORTHI","320","8TH CONGRESS","Bloomingdale  023 - 0117","510","11","","30"
"22","0","DuPAGE","0","Over Votes","320","8TH CONGRESS","Bloomingdale  023 - 0117","510","11","","0"
"22","0","DuPAGE","0","Under Votes","320","8TH CONGRESS","Bloomingdale  023 - 0117","510","11","","0"
"22","0","DuPAGE","580","JUNAID AHMED","320","8TH CONGRESS","Bloomingdale  044 - 0140","465","11","","26"
"22","0","DuPAGE","585","RAJA KRISHNAMOORTHI","320","8TH CONGRESS","Bloomingdale  044 - 0140","465","11","","27"
"22","0","DuPAGE","0","Over Votes","320","8TH CONGRESS","Bloomingdale  044 - 0140","465","11","","0"
"22","0","DuPAGE","0","Under Votes","320","8TH CONGRESS","Bloomingdale  044 - 0140","465","11","","1"
"22","0","DuPAGE","580","JUNAID AHMED","320","8TH CONGRESS","Bloomingdale  046 - 0143","845","11","","19"
"22","0","DuPAGE","585","RAJA KRISHNAMOORTHI","320","8TH CONGRESS","Bloomingdale  046 - 0143","845","11","","38"
"22","0","DuPAGE","0","Over Votes","320","8TH CONGRESS","Bloomingdale  046 - 0143","845","11","","0"
"45","0","KANE","575","CHRIS DARGIS","320","8TH CONGRESS","DU0003","1670","12","Republican","13"
"45","0","KANE","570","KAREN KOLODZIEJ","320","8TH CONGRESS","DU0003","1670","12","Republican","6"
"45","0","KANE","560","PETER KOPSAFTIS","320","8TH CONGRESS","DU0003","1670","12","Republican","2"
"45","0","KANE","0","Over Votes","320","8TH CONGRESS","DU0003","1670","12","Republican","0"
"45","0","KANE","565","PHILLIP OWEN WOOD","320","8TH CONGRESS","DU0003","1670","12","Republican","12"
"45","0","KANE","555","CHAD KOPPIE","320","8TH CONGRESS","DU0003","1670","12","Republican","15"
"45","0","KANE","0","Under Votes","320","8TH CONGRESS","DU0003","1670","12","Republican","1"
"45","0","KANE","575","CHRIS DARGIS","320","8TH CONGRESS","DU0009","2310","12","Republican","6"
"45","0","KANE","570","KAREN KOLODZIEJ","320","8TH CONGRESS","DU0009","2310","12","Republican","1"
"45","0","KANE","560","PETER KOPSAFTIS","320","8TH CONGRESS","DU0009","2310","12","Republican","7"
"45","0","KANE","0","Over Votes","320","8TH CONGRESS","DU0009","2310","12","Republican","0"
"45","0","KANE","565","PHILLIP OWEN WOOD","320","8TH CONGRESS","DU0009","2310","12","Republican","4"
"45","0","KANE","555","CHAD KOPPIE","320","8TH CONGRESS","DU0009","2310","12","Republican","18"
"45","0","KANE","0","Under Votes","320","8TH CONGRESS","DU0009","2310","12","Republican","8"
"45","0","KANE","575","CHRIS DARGIS","320","8TH CONGRESS","DU0010","1988","12","Republican","32"
"45","0","KANE","570","KAREN KOLODZIEJ","320","8TH CONGRESS","DU0010","1988","12","Republican","12"
"45","0","KANE","560","PETER KOPSAFTIS","320","8TH CONGRESS","DU0010","1988","12","Republican","11"
"45","0","KANE","565","PHILLIP OWEN WOOD","320","8TH CONGRESS","DU0010","1988","12","Republican","14"
"45","0","KANE","0","Over Votes","320","8TH CONGRESS","DU0010","1988","12","Republican","0"
"45","0","KANE","555","CHAD KOPPIE","320","8TH CONGRESS","DU0010","1988","12","Republican","17"
"45","0","KANE","0","Under Votes","320","8TH CONGRESS","DU0010","1988","12","Republican","6"
"45","0","KANE","575","CHRIS DARGIS","320","8TH CONGRESS","DU0024","1804","12","Republican","36"
"45","0","KANE","570","KAREN KOLODZIEJ","320","8TH CONGRESS","DU0024","1804","12","Republican","14"
"45","0","KANE","560","PETER KOPSAFTIS","320","8TH CONGRESS","DU0024","1804","12","Republican","24"
"45","0","KANE","565","PHILLIP OWEN WOOD","320","8TH CONGRESS","DU0024","1804","12","Republican","22"
"45","0","KANE","0","Over Votes","320","8TH CONGRESS","DU0024","1804","12","Republican","0"
"45","0","KANE","555","CHAD KOPPIE","320","8TH CONGRESS","DU0024","1804","12","Republican","17"
"45","0","KANE","0","Under Votes","320","8TH CONGRESS","DU0024","1804","12","Republican","13"
"45","0","KANE","575","CHRIS DARGIS","320","8TH CONGRESS","DU0032","2346","12","Republican","8"
"45","0","KANE","570","KAREN KOLODZIEJ","320","8TH CONGRESS","DU0032","2346","12","Republican","15"
"45","0","KANE","560","PETER KOPSAFTIS","320","8TH CONGRESS","DU0032","2346","12","Republican","11"
"45","0","KANE","0","Over Votes","320","8TH CONGRESS","DU0032","2346","12","Republican","0"
"45","0","KANE","565","PHILLIP OWEN WOOD","320","8TH CONGRESS","DU0032","2346","12","Republican","16"
"45","0","KANE","555","CHAD KOPPIE","320","8TH CONGRESS","DU0032","2346","12","Republican","9"
"45","0","KANE","0","Under Votes","320","8TH CONGRESS","DU0032","2346","12","Republican","5"
"45","0","KANE","575","CHRIS DARGIS","320","8TH CONGRESS","EL0005","3042","12","Republican","24"
"45","0","KANE","555","CHAD KOPPIE","320","8TH CONGRESS","EL0005","3042","12","Republican","10"
"45","0","KANE","0","Under Votes","320","8TH CONGRESS","EL0005","3042","12","Republican","2"
"45","0","KANE","570","KAREN KOLODZIEJ","320","8TH CONGRESS","EL0005","3042","12","Republican","12"
"45","0","KANE","560","PETER KOPSAFTIS","320","8TH CONGRESS","EL0005","3042","12","Republican","7"
"45","0","KANE","0","Over Votes","320","8TH CONGRESS","EL0005","3042","12","Republican","0"
"45","0","KANE","565","PHILLIP OWEN WOOD","320","8TH CONGRESS","EL0005","3042","12","Republican","8"
"45","0","KANE","575","CHRIS DARGIS","320","8TH CONGRESS","EL0011","1658","12","Republican","6"
"45","0","KANE","570","KAREN KOLODZIEJ","320","8TH CONGRESS","EL0011","1658","12","Republican","3"
"45","0","KANE","585","RAJA KRISHNAMOORTHI","320","8TH CONGRESS","DU0003","1670","11","Democratic","51"
"45","0","KANE","0","Under Votes","320","8TH CONGRESS","DU0003","1670","11","Democratic","1"
"45","0","KANE","0","Over Votes","320","8TH CONGRESS","DU0003","1670","11","Democratic","0"
"45","0","KANE","580","JUNAID AHMED","320","8TH CONGRESS","DU0003","1670","11","Democratic","20"
"45","0","KANE","0","Under Votes","320","8TH CONGRESS","DU0009","2310","11","Democratic","0"
"45","0","KANE","0","Over Votes","320","8TH CONGRESS","DU0009","2310","11","Democratic","0"
"45","0","KANE","585","RAJA KRISHNAMOORTHI","320","8TH CONGRESS","DU0009","2310","11","Democratic","40"
"45","0","KANE","580","JUNAID AHMED","320","8TH CONGRESS","DU0009","2310","11","Democratic","16"
"45","0","KANE","0","Under Votes","320","8TH CONGRESS","DU0010","1988","11","Democratic","0"
"45","0","KANE","0","Over Votes","320","8TH CONGRESS","DU0010","1988","11","Democratic","0"
"45","0","KANE","585","RAJA KRISHNAMOORTHI","320","8TH CONGRESS","DU0010","1988","11","Democratic","39"
"45","0","KANE","580","JUNAID AHMED","320","8TH CONGRESS","DU0010","1988","11","Democratic","30"
"45","0","KANE","580","JUNAID AHMED","320","8TH CONGRESS","DU0024","1804","11","Democratic","22"
"45","0","KANE","0","Under Votes","320","8TH CONGRESS","DU0024","1804","11","Democratic","4"
"45","0","KANE","0","Over Votes","320","8TH CONGRESS","DU0024","1804","11","Democratic","0"
"45","0","KANE","585","RAJA KRISHNAMOORTHI","320","8TH CONGRESS","DU0024","1804","11","Democratic","48"
"45","0","KANE","0","Over Votes","320","8TH CONGRESS","DU0032","2346","11","Democratic","0"
"45","0","KANE","0","Under Votes","320","8TH CONGRESS","DU0032","2346","11","Democratic","1"
"45","0","KANE","585","RAJA KRISHNAMOORTHI","320","8TH CONGRESS","DU0032","2346","11","Democratic","53"
"45","0","KANE","580","JUNAID AHMED","320","8TH CONGRESS","DU0032","2346","11","Democratic","25"
"45","0","KANE","580","JUNAID AHMED","320","8TH CONGRESS","EL0005","3042","11","Democratic","35"
"45","0","KANE","0","Over Votes","320","8TH CONGRESS","EL0005","3042","11","Democratic","0"
"45","0","KANE","0","Under Votes","320","8TH CONGRESS","EL0005","3042","11","Democratic","1"
"45","0","KANE","585","RAJA KRISHNAMOORTHI","320","8TH CONGRESS","EL0005","3042","11","Democratic","83"
"45","0","KANE","585","RAJA KRISHNAMOORTHI","320","8TH CONGRESS","EL0011","1658","11","Democratic","36"
"45","0","KANE","0","Over Votes","320","8TH CONGRESS","EL0011","1658","11","Democratic","0"
"45","0","KANE","0","Under Votes","320","8TH CONGRESS","EL0011","1658","11","Democratic","1"
"45","0","KANE","580","JUNAID AHMED","320","8TH CONGRESS","EL0011","1658","11","Democratic","25"
"45","0","KANE","585","RAJA KRISHNAMOORTHI","320","8TH CONGRESS","EL0024","2614","11","Democratic","87"
"45","0","KANE","580","JUNAID AHMED","320","8TH CONGRESS","EL0024","2614","11","Democratic","57"
"45","0","KANE","0","Under Votes","320","8TH CONGRESS","EL0024","2614","11","Democratic","2"
"45","0","KANE","0","Over Votes","320","8TH CONGRESS","EL0024","2614","11","Democratic","0"
"45","0","KANE","585","RAJA KRISHNAMOORTHI","320","8TH CONGRESS","EL0033","1666","11","Democratic","29"
"45","0","KANE","580","JUNAID AHMED","320","8TH CONGRESS","EL0033","1666","11","Democratic","24"
"45","0","KANE","0","Under Votes","320","8TH CONGRESS","EL0033","1666","11","Democratic","6"
"45","0","KANE","0","Over Votes","320","8TH CONGRESS","EL0033","1666","11","Democratic","0"
"45","0","KANE","585","RAJA KRISHNAMOORTHI","320","8TH CONGRESS","EL0045","1596","11","Democratic","37"
"45","0","KANE","580","JUNAID AHMED","320","8TH CONGRESS","EL0045","1596","11","Democratic","21"
"45","0","KANE","0","Under Votes","320","8TH CONGRESS","EL0045","1596","11","Democratic","1"
"45","0","KANE","0","Over Votes","320","8TH CONGRESS","EL0045","1596","11","Democratic","0"
"45","0","KANE","585","RAJA KRISHNAMOORTHI","320","8TH CONGRESS","EL0046","2940","11","Democratic","155"
"45","0","KANE","580","JUNAID AHMED","320","8TH CONGRESS","EL0046","2940","11","Democratic","31"
"45","0","KANE","0","Under Votes","320","8TH CONGRESS","EL0046","2940","11","Democratic","2"
"45","0","KANE","0","Over Votes","320","8TH CONGRESS","EL0046","2940","11","Democratic","0"
"16","0","COOK","585","RAJA KRISHNAMOORTHI","320","8TH CONGRESS","7400018","1452","11","Democratic","124"
"16","0","COOK","580","JUNAID AHMED","320","8TH CONGRESS","7400018","1452","11","Democratic","30"
"16","0","COOK","0","Over Votes","320","8TH CONGRESS","7400018","1452","11","Democratic","0"
"16","0","COOK","0","Under Votes","320","8TH CONGRESS","7400018","1452","11","Democratic","4"
"16","0","COOK","585","RAJA KRISHNAMOORTHI","320","8TH CONGRESS","7400021","1045","11","Democratic","61"
"16","0","COOK","580","JUNAID AHMED","320","8TH CONGRESS","7400021","1045","11","Democratic","23"
"16","0","COOK","0","Over Votes","320","8TH CONGRESS","7400021","1045","11","Democratic","0"
"16","0","COOK","0","Under Votes","320","8TH CONGRESS","7400021","1045","11","Democratic","1"
"16","0","COOK","585","RAJA KRISHNAMOORTHI","320","8TH CONGRESS","7400024","978","11","Democratic","64"
"16","0","COOK","580","JUNAID AHMED","320","8TH CONGRESS","7400024","978","11","Democratic","25"
"16","0","COOK","0","Over Votes","320","8TH CONGRESS","7400024","978","11","Democratic","1"
"16","0","COOK","0","Under Votes","320","8TH CONGRESS","7400024","978","11","Democratic","3"
"16","0","COOK","585","RAJA KRISHNAMOORTHI","320","8TH CONGRESS","7400027","1231","11","Democratic","3"
"16","0","COOK","0","Over Votes","320","8TH CONGRESS","7400027","1231","11","Democratic","0"
"16","0","COOK","0","Under Votes","320","8TH CONGRESS","7400027","1231","11","Democratic","0"
"16","0","COOK","585","RAJA KRISHNAMOORTHI","320","8TH CONGRESS","7400051","1313","11","Democratic","108"
"16","0","COOK","580","JUNAID AHMED","320","8TH CONGRESS","7400051","1313","11","Democratic","27"
"16","0","COOK","0","Over Votes","320","8TH CONGRESS","7400051","1313","11","Democratic","0"
"16","0","COOK","0","Under Votes","320","8TH CONGRESS","7400051","1313","11","Democratic","3"
"16","0","COOK","585","RAJA KRISHNAMOORTHI","320","8TH CONGRESS","7600019","961","11","Democratic","69"
"16","0","COOK","580","JUNAID AHMED","320","8TH CONGRESS","7600019","961","11","Democratic","33"
"16","0","COOK","0","Over Votes","320","8TH CONGRESS","7600019","961","11","Democratic","0"
"16","0","COOK","0","Under Votes","320","8TH CONGRESS","7600019","961","11","Democratic","0"
"16","0","COOK","585","RAJA KRISHNAMOORTHI","320","8TH CONGRESS","7600022","1109","11","Democratic","57"
"16","0","COOK","580","JUNAID AHMED","320","8TH CONGRESS","7600022","1109","11","Democratic","12"
"16","0","COOK","0","Over Votes","320","8TH CONGRESS","7600022","1109","11","Democratic","0"
"16","0","COOK","0","Under Votes","320","8TH CONGRESS","7600022","1109","11","Democratic","3"
"16","0","COOK","585","RAJA KRISHNAMOORTHI","320","8TH CONGRESS","7600025","1709","11","Democratic","105"
"16","0","COOK","580","JUNAID AHMED","320","8TH CONGRESS","7600025","1709","11","Democratic","46"
"16","0","COOK","0","Under Votes","320","8TH CONGRESS","7600025","1709","11","Democratic","3"
"16","0","COOK","0","Over Votes","320","8TH CONGRESS","7600025","1709","11","Democratic","0"
"16","0","COOK","585","RAJA KRISHNAMOORTHI","320","8TH CONGRESS","8000061","620","11","Democratic","45"
"16","0","COOK","580","JUNAID AHMED","320","8TH CONGRESS","8000061","620","11","Democratic","21"
"16","0","COOK","0","Under Votes","320","8TH CONGRESS","8000061","620","11","Democratic","4"
"16","0","COOK","0","Over Votes","320","8TH CONGRESS","8000061","620","11","Democratic","0"
"16","0","COOK","585","RAJA KRISHNAMOORTHI","320","8TH CONGRESS","8700068","866","11","Democratic","104"
"16","0","COOK","580","JUNAID AHMED","320","8TH CONGRESS","8700068","866","11","Democratic","23"
"16","0","COOK","0","Under Votes","320","8TH CONGRESS","8700068","866","11","Democratic","1"
"16","0","COOK","0","Over Votes","320","8TH CONGRESS","8700068","866","11","Democratic","0"
"16","0","COOK","585","RAJA KRISHNAMOORTHI","320","8TH CONGRESS","9300019","877","11","Democratic","62"
"16","0","COOK","0","Over Votes","320","8TH CONGRESS","9300019","877","11","Democratic","0"
"16","0","COOK","580","JUNAID AHMED","320","8TH CONGRESS","9300019","877","11","Democratic","37"
"16","0","COOK","0","Under Votes","320","8TH CONGRESS","9300019","877","11","Democratic","0"
"16","0","COOK","585","RAJA KRISHNAMOORTHI","320","8TH CONGRESS","9300022","1398","11","Democratic","78"
"105","16","CITY OF CHICAGO","0","Over Votes","320","8TH CONGRESS","Ward 41 Precinct 27","861","12","Republican","0"
"105","16","CITY OF CHICAGO","555","CHAD KOPPIE","320","8TH CONGRESS","Ward 41 Precinct 27","861","12","Republican","5"
"105","16","CITY OF CHICAGO","570","KAREN KOLODZIEJ","320","8TH CONGRESS","Ward 41 Precinct 27","861","12","Republican","24"
"105","16","CITY OF CHICAGO","560","PETER KOPSAFTIS","320","8TH CONGRESS","Ward 41 Precinct 27","861","12","Republican","10"
"105","16","CITY OF CHICAGO","575","CHRIS DARGIS","320","8TH CONGRESS","Ward 41 Precinct 27","861","12","Republican","26"
"105","16","CITY OF CHICAGO","0","Under Votes","320","8TH CONGRESS","Ward 41 Precinct 27","861","12","Republican","6"
"105","16","CITY OF CHICAGO","565","PHILLIP OWEN WOOD","320","8TH CONGRESS","Ward 41 Precinct 27","861","12","Republican","2"
"105","16","CITY OF CHICAGO","0","Over Votes","320","8TH CONGRESS","Ward 41 Precinct 25","1103","12","Republican","0"
"105","16","CITY OF CHICAGO","555","CHAD KOPPIE","320","8TH CONGRESS","Ward 41 Precinct 25","1103","12","Republican","5"
"105","16","CITY OF CHICAGO","570","KAREN KOLODZIEJ","320","8TH CONGRESS","Ward 41 Precinct 25","1103","12","Republican","16"
"105","16","CITY OF CHICAGO","560","PETER KOPSAFTIS","320","8TH CONGRESS","Ward 41 Precinct 25","1103","12","Republican","5"
"105","16","CITY OF CHICAGO","575","CHRIS DARGIS","320","8TH CONGRESS","Ward 41 Precinct 25","1103","12","Republican","9"
"105","16","CITY OF CHICAGO","0","Under Votes","320","8TH CONGRESS","Ward 41 Precinct 25","1103","12","Republican","3"
"105","16","CITY OF CHICAGO","565","PHILLIP OWEN WOOD","320","8TH CONGRESS","Ward 41 Precinct 25","1103","12","Republican","2"
"105","16","CITY OF CHICAGO","0","Over Votes","320","8TH CONGRESS","Ward 41 Precinct 28","1019","12","Republican","0"
"105","16","CITY OF CHICAGO","555","CHAD KOPPIE","320","8TH CONGRESS","Ward 41 Precinct 28","1019","12","Republican","7"
"105","16","CITY OF CHICAGO","570","KAREN KOLODZIEJ","320","8TH CONGRESS","Ward 41 Precinct 28","1019","12","Republican","17"
"105","16","CITY OF CHICAGO","560","PETER KOPSAFTIS","320","8TH CONGRESS","Ward 41 Precinct 28","1019","12","Republican","4"
"105","16","CITY OF CHICAGO","575","CHRIS DARGIS","320","8TH CONGRESS","Ward 41 Precinct 28","1019","12","Republican","14"
"105","16","CITY OF CHICAGO","0","Under Votes","320","8TH CONGRESS","Ward 41 Precinct 28","1019","12","Republican","7"
"105","16","CITY OF CHICAGO","565","PHILLIP OWEN WOOD","320","8TH CONGRESS","Ward 41 Precinct 28","1019","12","Republican","4"
"105","16","CITY OF CHICAGO","0","Over Votes","320","8TH CONGRESS","Ward 41 Precinct 29","893","12","Republican","0"
"105","16","CITY OF CHICAGO","555","CHAD KOPPIE","320","8TH CONGRESS","Ward 41 Precinct 29","893","12","Republican","11"
"105","16","CITY OF CHICAGO","570","KAREN KOLODZIEJ","320","8TH CONGRESS","Ward 41 Precinct 29","893","12","Republican","32"
"105","16","CITY OF CHICAGO","560","PETER KOPSAFTIS","320","8TH CONGRESS","Ward 41 Precinct 29","893","12","Republican","4"
"105","16","CITY OF CHICAGO","575","CHRIS DARGIS","320","8TH CONGRESS","Ward 41 Precinct 29","893","12","Republican","6"
"105","16","CITY OF CHICAGO","0","Under Votes","320","8TH CONGRESS","Ward 41 Precinct 29","893","12","Republican","4"
"105","16","CITY OF CHICAGO","565","PHILLIP OWEN WOOD","320","8TH CONGRESS","Ward 41 Precinct 29","893","12","Republican","3"
"22","0","DuPAGE","0","Under Votes","320","8TH CONGRESS","Bloomingdale  046 - 0143","845","11","","0"
"22","0","DuPAGE","580","JUNAID AHMED","320","8TH CONGRESS","Bloomingdale  049 - 0146","489","11","","8"
"22","0","DuPAGE","585","RAJA KRISHNAMOORTHI","320","8TH CONGRESS","Bloomingdale  049 - 0146","489","11","","42"
"22","0","DuPAGE","0","Over Votes","320","8TH CONGRESS","Bloomingdale  049 - 0146","489","11","","0"
"22","0","DuPAGE","0","Under Votes","320","8TH CONGRESS","Bloomingdale  049 - 0146","489","11","","0"
"22","0","DuPAGE","580","JUNAID AHMED","320","8TH CONGRESS","Bloomingdale  068 - 0169","307","11","","9"
"22","0","DuPAGE","585","RAJA KRISHNAMOORTHI","320","8TH CONGRESS","Bloomingdale  068 - 0169","307","11","","31"
"22","0","DuPAGE","0","Over Votes","320","8TH CONGRESS","Bloomingdale  068 - 0169","307","11","","0"
"22","0","DuPAGE","0","Under Votes","320","8TH CONGRESS","Bloomingdale  068 - 0169","307","11","","2"
"22","0","DuPAGE","580","JUNAID AHMED","320","8TH CONGRESS","Bloomingdale  070 - 0172","626","11","","1"
"22","0","DuPAGE","585","RAJA KRISHNAMOORTHI","320","8TH CONGRESS","Bloomingdale  070 - 0172","626","11","","58"
"22","0","DuPAGE","0","Over Votes","320","8TH CONGRESS","Bloomingdale  070 - 0172","626","11","","0"
"22","0","DuPAGE","0","Under Votes","320","8TH CONGRESS","Bloomingdale  070 - 0172","626","11","","1"
"22","0","DuPAGE","580","JUNAID AHMED","320","8TH CONGRESS","Bloomingdale  073 - 0175","795","11","","10"
"22","0","DuPAGE","585","RAJA KRISHNAMOORTHI","320","8TH CONGRESS","Bloomingdale  073 - 0175","795","11","","56"
"22","0","DuPAGE","0","Over Votes","320","8TH CONGRESS","Bloomingdale  073 - 0175","795","11","","0"
"22","0","DuPAGE","0","Under Votes","320","8TH CONGRESS","Bloomingdale  073 - 0175","795","11","","0"
"22","0","DuPAGE","580","JUNAID AHMED","320","8TH CONGRESS","Bloomingdale  075 - 0178","402","11","","1"
"22","0","DuPAGE","585","RAJA KRISHNAMOORTHI","320","8TH CONGRESS","Bloomingdale  075 - 0178","402","11","","52"
"22","0","DuPAGE","0","Over Votes","320","8TH CONGRESS","Bloomingdale  075 - 0178","402","11","","0"
"22","0","DuPAGE","0","Under Votes","320","8TH CONGRESS","Bloomingdale  075 - 0178","402","11","","1"
"22","0","DuPAGE","580","JUNAID AHMED","320","8TH CONGRESS","Bloomingdale  090 - 0198","710","11","","35"
"22","0","DuPAGE","585","RAJA KRISHNAMOORTHI","320","8TH CONGRESS","Bloomingdale  090 - 0198","710","11","","33"
"22","0","DuPAGE","0","Over Votes","320","8TH CONGRESS","Bloomingdale  090 - 0198","710","11","","0"
"22","0","DuPAGE","0","Under Votes","320","8TH CONGRESS","Bloomingdale  090 - 0198","710","11","","2"
"22","0","DuPAGE","580","JUNAID AHMED","320","8TH CONGRESS","Bloomingdale  093 - 0201","672","11","","10"
"22","0","DuPAGE","585","RAJA KRISHNAMOORTHI","320","8TH CONGRESS","Bloomingdale  093 - 0201","672","11","","38"
"22","0","DuPAGE","0","Over Votes","320","8TH CONGRESS","Bloomingdale  093 - 0201","672","11","","0"
"22","0","DuPAGE","0","Under Votes","320","8TH CONGRESS","Bloomingdale  093 - 0201","672","11","","1"
"22","0","DuPAGE","580","JUNAID AHMED","320","8TH CONGRESS","Bloomingdale  096 - 0204","577","11","","9"
"22","0","DuPAGE","585","RAJA KRISHNAMOORTHI","320","8TH CONGRESS","Bloomingdale  096 - 0204","577","11","","15"
"22","0","DuPAGE","0","Over Votes","320","8TH CONGRESS","Bloomingdale  096 - 0204","577","11","","0"
"22","0","DuPAGE","0","Under Votes","320","8TH CONGRESS","Bloomingdale  096 - 0204","577","11","","2"
"22","0","DuPAGE","580","JUNAID AHMED","320","8TH CONGRESS","Bloomingdale  099 - 0207","560","11","","23"
"22","0","DuPAGE","585","RAJA KRISHNAMOORTHI","320","8TH CONGRESS","Bloomingdale  099 - 0207","560","11","","20"
"22","0","DuPAGE","0","Over Votes","320","8TH CONGRESS","Bloomingdale  099 - 0207","560","11","","0"
"22","0","DuPAGE","0","Under Votes","320","8TH CONGRESS","Bloomingdale  099 - 0207","560","11","","1"
"22","0","DuPAGE","580","JUNAID AHMED","320","8TH CONGRESS","Addison  042 - 0265","632","11","","9"
"22","0","DuPAGE","585","RAJA KRISHNAMOORTHI","320","8TH CONGRESS","Addison  042 - 0265","632","11","","37"
"22","0","DuPAGE","0","Under Votes","320","8TH CONGRESS","Bloomingdale  024 - 0118","993","11","","0"
"16","0","COOK","580","JUNAID AHMED","320","8TH CONGRESS","9300022","1398","11","Democratic","59"
"16","0","COOK","0","Under Votes","320","8TH CONGRESS","9300022","1398","11","Democratic","1"
"16","0","COOK","0","Over Votes","320","8TH CONGRESS","9300022","1398","11","Democratic","0"
"16","0","COOK","585","RAJA KRISHNAMOORTHI","320","8TH CONGRESS","9300025","1030","11","Democratic","81"
"16","0","COOK","580","JUNAID AHMED","320","8TH CONGRESS","9300025","1030","11","Democratic","16"
"16","0","COOK","585","RAJA KRISHNAMOORTHI","320","8TH CONGRESS","7000004","1672","11","Democratic","92"
"16","0","COOK","0","Over Votes","320","8TH CONGRESS","7000004","1672","11","Democratic","0"
"16","0","COOK","580","JUNAID AHMED","320","8TH CONGRESS","7000004","1672","11","Democratic","71"
"16","0","COOK","0","Under Votes","320","8TH CONGRESS","7000004","1672","11","Democratic","1"
"16","0","COOK","585","RAJA KRISHNAMOORTHI","320","8TH CONGRESS","7400009","990","11","Democratic","125"
"16","0","COOK","580","JUNAID AHMED","320","8TH CONGRESS","7400009","990","11","Democratic","14"
"16","0","COOK","0","Under Votes","320","8TH CONGRESS","7400009","990","11","Democratic","7"
"16","0","COOK","0","Over Votes","320","8TH CONGRESS","7400009","990","11","Democratic","0"
"16","0","COOK","585","RAJA KRISHNAMOORTHI","320","8TH CONGRESS","7400012","1553","11","Democratic","137"
"16","0","COOK","0","Over Votes","320","8TH CONGRESS","7400012","1553","11","Democratic","0"
"16","0","COOK","580","JUNAID AHMED","320","8TH CONGRESS","7400012","1553","11","Democratic","35"
"16","0","COOK","0","Under Votes","320","8TH CONGRESS","7400012","1553","11","Democratic","6"
"16","0","COOK","585","RAJA KRISHNAMOORTHI","320","8TH CONGRESS","7400016","994","11","Democratic","47"
"16","0","COOK","0","Over Votes","320","8TH CONGRESS","7400016","994","11","Democratic","0"
"16","0","COOK","580","JUNAID AHMED","320","8TH CONGRESS","7400016","994","11","Democratic","13"
"16","0","COOK","0","Under Votes","320","8TH CONGRESS","7400016","994","11","Democratic","4"
"16","0","COOK","585","RAJA KRISHNAMOORTHI","320","8TH CONGRESS","7400046","697","11","Democratic","7"
"16","0","COOK","0","Over Votes","320","8TH CONGRESS","7400046","697","11","Democratic","0"
"16","0","COOK","580","JUNAID AHMED","320","8TH CONGRESS","7400046","697","11","Democratic","2"
"16","0","COOK","0","Under Votes","320","8TH CONGRESS","7400046","697","11","Democratic","0"
"16","0","COOK","585","RAJA KRISHNAMOORTHI","320","8TH CONGRESS","7400049","1452","11","Democratic","71"
"16","0","COOK","0","Over Votes","320","8TH CONGRESS","7400049","1452","11","Democratic","0"
"16","0","COOK","580","JUNAID AHMED","320","8TH CONGRESS","7400049","1452","11","Democratic","19"
"16","0","COOK","0","Under Votes","320","8TH CONGRESS","7400049","1452","11","Democratic","2"
"16","0","COOK","585","RAJA KRISHNAMOORTHI","320","8TH CONGRESS","7600008","1033","11","Democratic","74"
"16","0","COOK","580","JUNAID AHMED","320","8TH CONGRESS","7600008","1033","11","Democratic","30"
"16","0","COOK","0","Over Votes","320","8TH CONGRESS","7600008","1033","11","Democratic","0"
"16","0","COOK","0","Under Votes","320","8TH CONGRESS","7600008","1033","11","Democratic","1"
"16","0","COOK","585","RAJA KRISHNAMOORTHI","320","8TH CONGRESS","7600014","1483","11","Democratic","84"
"16","0","COOK","0","Over Votes","320","8TH CONGRESS","7600014","1483","11","Democratic","0"
"16","0","COOK","580","JUNAID AHMED","320","8TH CONGRESS","7600014","1483","11","Democratic","44"
"16","0","COOK","0","Under Votes","320","8TH CONGRESS","7600014","1483","11","Democratic","5"
"16","0","COOK","585","RAJA KRISHNAMOORTHI","320","8TH CONGRESS","7600017","952","11","Democratic","41"
"16","0","COOK","0","Over Votes","320","8TH CONGRESS","7600017","952","11","Democratic","0"
"16","0","COOK","580","JUNAID AHMED","320","8TH CONGRESS","7600017","952","11","Democratic","17"
"16","0","COOK","0","Under Votes","320","8TH CONGRESS","7600017","952","11","Democratic","0"
"16","0","COOK","585","RAJA KRISHNAMOORTHI","320","8TH CONGRESS","7600040","1291","11","Democratic","83"
"16","0","COOK","580","JUNAID AHMED","320","8TH CONGRESS","7600040","1291","11","Democratic","41"
"16","0","COOK","0","Over Votes","320","8TH CONGRESS","7600040","1291","11","Democratic","0"
"22","0","DuPAGE","0","Over Votes","320","8TH CONGRESS","Bloomingdale  024 - 0118","993","11","","0"
"22","0","DuPAGE","580","JUNAID AHMED","320","8TH CONGRESS","Bloomingdale  047 - 0144","571","11","","57"
"22","0","DuPAGE","585","RAJA KRISHNAMOORTHI","320","8TH CONGRESS","Bloomingdale  047 - 0144","571","11","","34"
"22","0","DuPAGE","0","Under Votes","320","8TH CONGRESS","Bloomingdale  047 - 0144","571","11","","1"
"22","0","DuPAGE","0","Over Votes","320","8TH CONGRESS","Bloomingdale  047 - 0144","571","11","","0"
"22","0","DuPAGE","580","JUNAID AHMED","320","8TH CONGRESS","Bloomingdale  050 - 0147","975","11","","65"
"22","0","DuPAGE","585","RAJA KRISHNAMOORTHI","320","8TH CONGRESS","Bloomingdale  050 - 0147","975","11","","64"
"22","0","DuPAGE","0","Under Votes","320","8TH CONGRESS","Bloomingdale  050 - 0147","975","11","","1"
"22","0","DuPAGE","0","Over Votes","320","8TH CONGRESS","Bloomingdale  050 - 0147","975","11","","0"
"22","0","DuPAGE","580","JUNAID AHMED","320","8TH CONGRESS","Bloomingdale  051 - 0150","124","11","","0"
"22","0","DuPAGE","585","RAJA KRISHNAMOORTHI","320","8TH CONGRESS","Bloomingdale  051 - 0150","124","11","","6"
"22","0","DuPAGE","0","Under Votes","320","8TH CONGRESS","Bloomingdale  051 - 0150","124","11","","1"
"22","0","DuPAGE","0","Over Votes","320","8TH CONGRESS","Bloomingdale  051 - 0150","124","11","","0"
"22","0","DuPAGE","580","JUNAID AHMED","320","8TH CONGRESS","Bloomingdale  071 - 0173","853","11","","11"
"22","0","DuPAGE","585","RAJA KRISHNAMOORTHI","320","8TH CONGRESS","Bloomingdale  071 - 0173","853","11","","52"
"22","0","DuPAGE","0","Under Votes","320","8TH CONGRESS","Bloomingdale  071 - 0173","853","11","","1"
"22","0","DuPAGE","0","Over Votes","320","8TH CONGRESS","Bloomingdale  071 - 0173","853","11","","0"
"22","0","DuPAGE","580","JUNAID AHMED","320","8TH CONGRESS","Bloomingdale  074 - 0176","185","11","","2"
"22","0","DuPAGE","585","RAJA KRISHNAMOORTHI","320","8TH CONGRESS","Bloomingdale  074 - 0176","185","11","","18"
"22","0","DuPAGE","0","Under Votes","320","8TH CONGRESS","Bloomingdale  074 - 0176","185","11","","0"
"22","0","DuPAGE","0","Over Votes","320","8TH CONGRESS","Bloomingdale  074 - 0176","185","11","","0"
"22","0","DuPAGE","580","JUNAID AHMED","320","8TH CONGRESS","Bloomingdale  079 - 0182","846","11","","19"
"22","0","DuPAGE","585","RAJA KRISHNAMOORTHI","320","8TH CONGRESS","Bloomingdale  079 - 0182","846","11","","47"
"22","0","DuPAGE","0","Under Votes","320","8TH CONGRESS","Bloomingdale  079 - 0182","846","11","","1"
"22","0","DuPAGE","0","Over Votes","320","8TH CONGRESS","Bloomingdale  079 - 0182","846","11","","0"
"22","0","DuPAGE","580","JUNAID AHMED","320","8TH CONGRESS","Bloomingdale  097 - 0205","432","11","","23"
"22","0","DuPAGE","585","RAJA KRISHNAMOORTHI","320","8TH CONGRESS","Bloomingdale  097 - 0205","432","11","","16"
"22","0","DuPAGE","0","Under Votes","320","8TH CONGRESS","Bloomingdale  097 - 0205","432","11","","0"
"22","0","DuPAGE","0","Over Votes","320","8TH CONGRESS","Bloomingdale  097 - 0205","432","11","","0"
"22","0","DuPAGE","580","JUNAID AHMED","320","8TH CONGRESS","Bloomingdale  100 - 0208","723","11","","17"
"22","0","DuPAGE","585","RAJA KRISHNAMOORTHI","320","8TH CONGRESS","Bloomingdale  100 - 0208","723","11","","36"
"22","0","DuPAGE","0","Under Votes","320","8TH CONGRESS","Bloomingdale  100 - 0208","723","11","","2"
"22","0","DuPAGE","0","Over Votes","320","8TH CONGRESS","Bloomingdale  100 - 0208","723","11","","0"
"22","0","DuPAGE","580","JUNAID AHMED","320","8TH CONGRESS","Bloomingdale  103 - 0211","367","11","","7"
"22","0","DuPAGE","585","RAJA KRISHNAMOORTHI","320","8TH CONGRESS","Bloomingdale  103 - 0211","367","11","","31"
"22","0","DuPAGE","0","Under Votes","320","8TH CONGRESS","Bloomingdale  103 - 0211","367","11","","1"
"22","0","DuPAGE","0","Over Votes","320","8TH CONGRESS","Bloomingdale  103 - 0211","367","11","","0"
"22","0","DuPAGE","580","JUNAID AHMED","320","8TH CONGRESS","Addison  022 - 0240","754","11","","12"
"22","0","DuPAGE","585","RAJA KRISHNAMOORTHI","320","8TH CONGRESS","Addison  022 - 0240","754","11","","50"
"22","0","DuPAGE","580","JUNAID AHMED","320","8TH CONGRESS","Wayne  002 - 0006","383","11","","11"
"45","0","KANE","560","PETER KOPSAFTIS","320","8TH CONGRESS","EL0011","1658","12","Republican","1"
"45","0","KANE","0","Over Votes","320","8TH CONGRESS","EL0011","1658","12","Republican","0"
"45","0","KANE","565","PHILLIP OWEN WOOD","320","8TH CONGRESS","EL0011","1658","12","Republican","4"
"45","0","KANE","555","CHAD KOPPIE","320","8TH CONGRESS","EL0011","1658","12","Republican","3"
"45","0","KANE","0","Under Votes","320","8TH CONGRESS","EL0011","1658","12","Republican","0"
"45","0","KANE","560","PETER KOPSAFTIS","320","8TH CONGRESS","DU0001","2606","12","Republican","30"
"45","0","KANE","570","KAREN KOLODZIEJ","320","8TH CONGRESS","DU0001","2606","12","Republican","13"
"45","0","KANE","575","CHRIS DARGIS","320","8TH CONGRESS","DU0001","2606","12","Republican","59"
"45","0","KANE","565","PHILLIP OWEN WOOD","320","8TH CONGRESS","DU0001","2606","12","Republican","14"
"45","0","KANE","0","Over Votes","320","8TH CONGRESS","DU0001","2606","12","Republican","0"
"45","0","KANE","555","CHAD KOPPIE","320","8TH CONGRESS","DU0001","2606","12","Republican","29"
"45","0","KANE","0","Under Votes","320","8TH CONGRESS","DU0001","2606","12","Republican","9"
"45","0","KANE","570","KAREN KOLODZIEJ","320","8TH CONGRESS","DU0007","2090","12","Republican","7"
"45","0","KANE","575","CHRIS DARGIS","320","8TH CONGRESS","DU0007","2090","12","Republican","25"
"45","0","KANE","560","PETER KOPSAFTIS","320","8TH CONGRESS","DU0007","2090","12","Republican","13"
"45","0","KANE","565","PHILLIP OWEN WOOD","320","8TH CONGRESS","DU0007","2090","12","Republican","11"
"45","0","KANE","0","Over Votes","320","8TH CONGRESS","DU0007","2090","12","Republican","0"
"45","0","KANE","555","CHAD KOPPIE","320","8TH CONGRESS","DU0007","2090","12","Republican","17"
"45","0","KANE","0","Under Votes","320","8TH CONGRESS","DU0007","2090","12","Republican","12"
"45","0","KANE","570","KAREN KOLODZIEJ","320","8TH CONGRESS","DU0016","2530","12","Republican","13"
"45","0","KANE","575","CHRIS DARGIS","320","8TH CONGRESS","DU0016","2530","12","Republican","23"
"45","0","KANE","560","PETER KOPSAFTIS","320","8TH CONGRESS","DU0016","2530","12","Republican","13"
"45","0","KANE","565","PHILLIP OWEN WOOD","320","8TH CONGRESS","DU0016","2530","12","Republican","19"
"45","0","KANE","0","Over Votes","320","8TH CONGRESS","DU0016","2530","12","Republican","0"
"45","0","KANE","555","CHAD KOPPIE","320","8TH CONGRESS","DU0016","2530","12","Republican","17"
"45","0","KANE","0","Under Votes","320","8TH CONGRESS","DU0016","2530","12","Republican","13"
"45","0","KANE","570","KAREN KOLODZIEJ","320","8TH CONGRESS","DU0022","1592","12","Republican","13"
"45","0","KANE","575","CHRIS DARGIS","320","8TH CONGRESS","DU0022","1592","12","Republican","49"
"45","0","KANE","560","PETER KOPSAFTIS","320","8TH CONGRESS","DU0022","1592","12","Republican","14"
"45","0","KANE","565","PHILLIP OWEN WOOD","320","8TH CONGRESS","DU0022","1592","12","Republican","13"
"45","0","KANE","0","Over Votes","320","8TH CONGRESS","DU0022","1592","12","Republican","0"
"45","0","KANE","555","CHAD KOPPIE","320","8TH CONGRESS","DU0022","1592","12","Republican","14"
"45","0","KANE","0","Under Votes","320","8TH CONGRESS","DU0022","1592","12","Republican","3"
"45","0","KANE","560","PETER KOPSAFTIS","320","8TH CONGRESS","DU0030","2040","12","Republican","11"
"45","0","KANE","570","KAREN KOLODZIEJ","320","8TH CONGRESS","DU0030","2040","12","Republican","18"
"45","0","KANE","0","Under Votes","320","8TH CONGRESS","DU0030","2040","12","Republican","8"
"45","0","KANE","575","CHRIS DARGIS","320","8TH CONGRESS","DU0030","2040","12","Republican","34"
"45","0","KANE","565","PHILLIP OWEN WOOD","320","8TH CONGRESS","DU0030","2040","12","Republican","19"
"45","0","KANE","0","Over Votes","320","8TH CONGRESS","DU0030","2040","12","Republican","0"
"45","0","KANE","555","CHAD KOPPIE","320","8TH CONGRESS","DU0030","2040","12","Republican","5"
"45","0","KANE","560","PETER KOPSAFTIS","320","8TH CONGRESS","EL0003","1920","12","Republican","11"
"45","0","KANE","570","KAREN KOLODZIEJ","320","8TH CONGRESS","EL0003","1920","12","Republican","7"
"45","0","KANE","575","CHRIS DARGIS","320","8TH CONGRESS","EL0003","1920","12","Republican","10"
"45","0","KANE","0","Over Votes","320","8TH CONGRESS","EL0003","1920","12","Republican","0"
"45","0","KANE","585","RAJA KRISHNAMOORTHI","320","8TH CONGRESS","EL0052","1990","11","Democratic","78"
"45","0","KANE","580","JUNAID AHMED","320","8TH CONGRESS","EL0052","1990","11","Democratic","30"
"45","0","KANE","0","Under Votes","320","8TH CONGRESS","EL0052","1990","11","Democratic","0"
"45","0","KANE","0","Over Votes","320","8TH CONGRESS","EL0052","1990","11","Democratic","0"
"45","0","KANE","585","RAJA KRISHNAMOORTHI","320","8TH CONGRESS","GE0009","2414","11","Democratic","132"
"45","0","KANE","580","JUNAID AHMED","320","8TH CONGRESS","DU0001","2606","11","Democratic","44"
"45","0","KANE","0","Under Votes","320","8TH CONGRESS","DU0001","2606","11","Democratic","4"
"45","0","KANE","0","Over Votes","320","8TH CONGRESS","DU0001","2606","11","Democratic","0"
"45","0","KANE","585","RAJA KRISHNAMOORTHI","320","8TH CONGRESS","DU0001","2606","11","Democratic","105"
"45","0","KANE","580","JUNAID AHMED","320","8TH CONGRESS","DU0007","2090","11","Democratic","29"
"45","0","KANE","0","Under Votes","320","8TH CONGRESS","DU0007","2090","11","Democratic","1"
"45","0","KANE","0","Over Votes","320","8TH CONGRESS","DU0007","2090","11","Democratic","0"
"45","0","KANE","585","RAJA KRISHNAMOORTHI","320","8TH CONGRESS","DU0007","2090","11","Democratic","61"
"45","0","KANE","580","JUNAID AHMED","320","8TH CONGRESS","DU0016","2530","11","Democratic","30"
"45","0","KANE","0","Under Votes","320","8TH CONGRESS","DU0016","2530","11","Democratic","0"
"45","0","KANE","0","Over Votes","320","8TH CONGRESS","DU0016","2530","11","Democratic","0"
"45","0","KANE","585","RAJA KRISHNAMOORTHI","320","8TH CONGRESS","DU0016","2530","11","Democratic","49"
"45","0","KANE","580","JUNAID AHMED","320","8TH CONGRESS","DU0022","1592","11","Democratic","16"
"45","0","KANE","0","Under Votes","320","8TH CONGRESS","DU0022","1592","11","Democratic","3"
"45","0","KANE","0","Over Votes","320","8TH CONGRESS","DU0022","1592","11","Democratic","0"
"45","0","KANE","585","RAJA KRISHNAMOORTHI","320","8TH CONGRESS","DU0022","1592","11","Democratic","47"
"45","0","KANE","580","JUNAID AHMED","320","8TH CONGRESS","DU0030","2040","11","Democratic","32"
"45","0","KANE","0","Under Votes","320","8TH CONGRESS","DU0030","2040","11","Democratic","1"
"45","0","KANE","0","Over Votes","320","8TH CONGRESS","DU0030","2040","11","Democratic","0"
"45","0","KANE","585","RAJA KRISHNAMOORTHI","320","8TH CONGRESS","DU0030","2040","11","Democratic","33"
"45","0","KANE","580","JUNAID AHMED","320","8TH CONGRESS","EL0003","1920","11","Democratic","29"
"45","0","KANE","0","Under Votes","320","8TH CONGRESS","EL0003","1920","11","Democratic","1"
"45","0","KANE","0","Over Votes","320","8TH CONGRESS","EL0003","1920","11","Democratic","0"
"45","0","KANE","585","RAJA KRISHNAMOORTHI","320","8TH CONGRESS","EL0003","1920","11","Democratic","50"
"45","0","KANE","585","RAJA KRISHNAMOORTHI","320","8TH CONGRESS","EL0030","1776","11","Democratic","36"
"45","0","KANE","580","JUNAID AHMED","320","8TH CONGRESS","EL0030","1776","11","Democratic","39"
"45","0","KANE","0","Under Votes","320","8TH CONGRESS","EL0030","1776","11","Democratic","0"
"45","0","KANE","0","Over Votes","320","8TH CONGRESS","EL0030","1776","11","Democratic","0"
"45","0","KANE","585","RAJA KRISHNAMOORTHI","320","8TH CONGRESS","EL0031","2618","11","Democratic","42"
"45","0","KANE","580","JUNAID AHMED","320","8TH CONGRESS","EL0031","2618","11","Democratic","26"
"45","0","KANE","0","Under Votes","320","8TH CONGRESS","EL0031","2618","11","Democratic","4"
"45","0","KANE","0","Over Votes","320","8TH CONGRESS","EL0031","2618","11","Democratic","0"
"45","0","KANE","585","RAJA KRISHNAMOORTHI","320","8TH CONGRESS","EL0037","2212","11","Democratic","35"
"45","0","KANE","580","JUNAID AHMED","320","8TH CONGRESS","EL0037","2212","11","Democratic","35"
"45","0","KANE","0","Under Votes","320","8TH CONGRESS","EL0037","2212","11","Democratic","2"
"45","0","KANE","0","Over Votes","320","8TH CONGRESS","EL0037","2212","11","Democratic","0"
"45","0","KANE","585","RAJA KRISHNAMOORTHI","320","8TH CONGRESS","EL0038","1824","11","Democratic","22"
"45","0","KANE","580","JUNAID AHMED","320","8TH CONGRESS","EL0038","1824","11","Democratic","21"
"45","0","KANE","0","Under Votes","320","8TH CONGRESS","EL0038","1824","11","Democratic","1"
"22","0","DuPAGE","585","RAJA KRISHNAMOORTHI","320","8TH CONGRESS","Wayne  002 - 0006","383","11","","18"
"22","0","DuPAGE","0","Over Votes","320","8TH CONGRESS","Wayne  002 - 0006","383","11","","0"
"22","0","DuPAGE","0","Under Votes","320","8TH CONGRESS","Wayne  002 - 0006","383","11","","0"
"22","0","DuPAGE","580","JUNAID AHMED","320","8TH CONGRESS","Wayne  004 - 0009","800","11","","29"
"22","0","DuPAGE","585","RAJA KRISHNAMOORTHI","320","8TH CONGRESS","Wayne  004 - 0009","800","11","","63"
"22","0","DuPAGE","0","Under Votes","320","8TH CONGRESS","Wayne  004 - 0009","800","11","","0"
"22","0","DuPAGE","0","Over Votes","320","8TH CONGRESS","Wayne  004 - 0009","800","11","","0"
"22","0","DuPAGE","580","JUNAID AHMED","320","8TH CONGRESS","Wayne  023 - 0038","125","11","","4"
"22","0","DuPAGE","585","RAJA KRISHNAMOORTHI","320","8TH CONGRESS","Wayne  023 - 0038","125","11","","4"
"22","0","DuPAGE","0","Under Votes","320","8TH CONGRESS","Wayne  023 - 0038","125","11","","1"
"22","0","DuPAGE","0","Over Votes","320","8TH CONGRESS","Wayne  023 - 0038","125","11","","0"
"22","0","DuPAGE","580","JUNAID AHMED","320","8TH CONGRESS","Wayne  028 - 0044","564","11","","9"
"22","0","DuPAGE","585","RAJA KRISHNAMOORTHI","320","8TH CONGRESS","Wayne  028 - 0044","564","11","","26"
"22","0","DuPAGE","0","Under Votes","320","8TH CONGRESS","Wayne  028 - 0044","564","11","","0"
"22","0","DuPAGE","0","Over Votes","320","8TH CONGRESS","Wayne  028 - 0044","564","11","","0"
"22","0","DuPAGE","580","JUNAID AHMED","320","8TH CONGRESS","Wayne  031 - 0047","596","11","","10"
"22","0","DuPAGE","585","RAJA KRISHNAMOORTHI","320","8TH CONGRESS","Wayne  031 - 0047","596","11","","33"
"22","0","DuPAGE","0","Under Votes","320","8TH CONGRESS","Wayne  031 - 0047","596","11","","0"
"22","0","DuPAGE","0","Over Votes","320","8TH CONGRESS","Wayne  031 - 0047","596","11","","0"
"22","0","DuPAGE","580","JUNAID AHMED","320","8TH CONGRESS","Wayne  046 - 0067","678","11","","14"
"22","0","DuPAGE","585","RAJA KRISHNAMOORTHI","320","8TH CONGRESS","Wayne  046 - 0067","678","11","","32"
"22","0","DuPAGE","0","Under Votes","320","8TH CONGRESS","Wayne  046 - 0067","678","11","","1"
"22","0","DuPAGE","0","Over Votes","320","8TH CONGRESS","Wayne  046 - 0067","678","11","","0"
"22","0","DuPAGE","580","JUNAID AHMED","320","8TH CONGRESS","Wayne  051 - 0073","755","11","","22"
"22","0","DuPAGE","585","RAJA KRISHNAMOORTHI","320","8TH CONGRESS","Wayne  051 - 0073","755","11","","36"
"22","0","DuPAGE","0","Under Votes","320","8TH CONGRESS","Wayne  051 - 0073","755","11","","0"
"22","0","DuPAGE","0","Over Votes","320","8TH CONGRESS","Wayne  051 - 0073","755","11","","0"
"22","0","DuPAGE","580","JUNAID AHMED","320","8TH CONGRESS","Wayne  053 - 0076","841","11","","29"
"22","0","DuPAGE","585","RAJA KRISHNAMOORTHI","320","8TH CONGRESS","Wayne  053 - 0076","841","11","","56"
"22","0","DuPAGE","0","Over Votes","320","8TH CONGRESS","Wayne  053 - 0076","841","11","","0"
"22","0","DuPAGE","0","Under Votes","320","8TH CONGRESS","Wayne  053 - 0076","841","11","","1"
"22","0","DuPAGE","580","JUNAID AHMED","320","8TH CONGRESS","Bloomingdale  009 - 0102","792","11","","28"
"22","0","DuPAGE","585","RAJA KRISHNAMOORTHI","320","8TH CONGRESS","Bloomingdale  009 - 0102","792","11","","43"
"22","0","DuPAGE","0","Over Votes","320","8TH CONGRESS","Bloomingdale  009 - 0102","792","11","","0"
"22","0","DuPAGE","0","Under Votes","320","8TH CONGRESS","Bloomingdale  009 - 0102","792","11","","1"
"22","0","DuPAGE","580","JUNAID AHMED","320","8TH CONGRESS","Bloomingdale  011 - 0105","589","11","","6"
"22","0","DuPAGE","585","RAJA KRISHNAMOORTHI","320","8TH CONGRESS","Bloomingdale  011 - 0105","589","11","","22"
"22","0","DuPAGE","0","Over Votes","320","8TH CONGRESS","Bloomingdale  011 - 0105","589","11","","0"
"22","0","DuPAGE","0","Under Votes","320","8TH CONGRESS","Bloomingdale  011 - 0105","589","11","","1"
"22","0","DuPAGE","580","JUNAID AHMED","320","8TH CONGRESS","Bloomingdale  034 - 0128","784","11","","12"
"22","0","DuPAGE","585","RAJA KRISHNAMOORTHI","320","8TH CONGRESS","Bloomingdale  034 - 0128","784","11","","67"
"22","0","DuPAGE","580","JUNAID AHMED","320","8TH CONGRESS","Wayne  015 - 0026","663","11","","19"
"16","0","COOK","0","Under Votes","320","8TH CONGRESS","7600040","1291","11","Democratic","1"
"16","0","COOK","585","RAJA KRISHNAMOORTHI","320","8TH CONGRESS","7600043","1307","11","Democratic","85"
"16","0","COOK","0","Over Votes","320","8TH CONGRESS","7600043","1307","11","Democratic","0"
"16","0","COOK","580","JUNAID AHMED","320","8TH CONGRESS","7600043","1307","11","Democratic","34"
"16","0","COOK","0","Under Votes","320","8TH CONGRESS","7600043","1307","11","Democratic","1"
"16","0","COOK","585","RAJA KRISHNAMOORTHI","320","8TH CONGRESS","8000016","729","11","Democratic","62"
"16","0","COOK","580","JUNAID AHMED","320","8TH CONGRESS","8000016","729","11","Democratic","38"
"16","0","COOK","0","Over Votes","320","8TH CONGRESS","8000016","729","11","Democratic","0"
"16","0","COOK","0","Under Votes","320","8TH CONGRESS","8000016","729","11","Democratic","1"
"16","0","COOK","585","RAJA KRISHNAMOORTHI","320","8TH CONGRESS","8000047","1060","11","Democratic","61"
"16","0","COOK","585","RAJA KRISHNAMOORTHI","320","8TH CONGRESS","7400022","1291","11","Democratic","59"
"16","0","COOK","0","Over Votes","320","8TH CONGRESS","7400022","1291","11","Democratic","0"
"16","0","COOK","580","JUNAID AHMED","320","8TH CONGRESS","7400022","1291","11","Democratic","17"
"16","0","COOK","0","Under Votes","320","8TH CONGRESS","7400022","1291","11","Democratic","2"
"16","0","COOK","585","RAJA KRISHNAMOORTHI","320","8TH CONGRESS","7400028","1475","11","Democratic","82"
"16","0","COOK","0","Over Votes","320","8TH CONGRESS","7400028","1475","11","Democratic","0"
"16","0","COOK","580","JUNAID AHMED","320","8TH CONGRESS","7400028","1475","11","Democratic","35"
"16","0","COOK","0","Under Votes","320","8TH CONGRESS","7400028","1475","11","Democratic","1"
"16","0","COOK","585","RAJA KRISHNAMOORTHI","320","8TH CONGRESS","7400032","945","11","Democratic","31"
"16","0","COOK","0","Over Votes","320","8TH CONGRESS","7400032","945","11","Democratic","0"
"16","0","COOK","580","JUNAID AHMED","320","8TH CONGRESS","7400032","945","11","Democratic","11"
"16","0","COOK","0","Under Votes","320","8TH CONGRESS","7400032","945","11","Democratic","4"
"16","0","COOK","585","RAJA KRISHNAMOORTHI","320","8TH CONGRESS","8000026","963","11","Democratic","97"
"16","0","COOK","0","Over Votes","320","8TH CONGRESS","8000026","963","11","Democratic","0"
"16","0","COOK","580","JUNAID AHMED","320","8TH CONGRESS","8000026","963","11","Democratic","48"
"16","0","COOK","0","Under Votes","320","8TH CONGRESS","8000026","963","11","Democratic","10"
"16","0","COOK","585","RAJA KRISHNAMOORTHI","320","8TH CONGRESS","8000066","555","11","Democratic","14"
"16","0","COOK","0","Over Votes","320","8TH CONGRESS","8000066","555","11","Democratic","0"
"16","0","COOK","580","JUNAID AHMED","320","8TH CONGRESS","8000066","555","11","Democratic","12"
"16","0","COOK","0","Under Votes","320","8TH CONGRESS","8000066","555","11","Democratic","1"
"16","0","COOK","585","RAJA KRISHNAMOORTHI","320","8TH CONGRESS","8700011","986","11","Democratic","68"
"16","0","COOK","0","Over Votes","320","8TH CONGRESS","8700011","986","11","Democratic","0"
"16","0","COOK","580","JUNAID AHMED","320","8TH CONGRESS","8700011","986","11","Democratic","26"
"16","0","COOK","0","Under Votes","320","8TH CONGRESS","8700011","986","11","Democratic","1"
"16","0","COOK","585","RAJA KRISHNAMOORTHI","320","8TH CONGRESS","8700041","1385","11","Democratic","115"
"16","0","COOK","0","Over Votes","320","8TH CONGRESS","8700041","1385","11","Democratic","0"
"16","0","COOK","580","JUNAID AHMED","320","8TH CONGRESS","8700041","1385","11","Democratic","46"
"16","0","COOK","0","Under Votes","320","8TH CONGRESS","8700041","1385","11","Democratic","4"
"16","0","COOK","585","RAJA KRISHNAMOORTHI","320","8TH CONGRESS","8700047","1167","11","Democratic","98"
"16","0","COOK","0","Over Votes","320","8TH CONGRESS","8700047","1167","11","Democratic","2"
"16","0","COOK","580","JUNAID AHMED","320","8TH CONGRESS","8700047","1167","11","Democratic","19"
"16","0","COOK","0","Under Votes","320","8TH CONGRESS","8700047","1167","11","Democratic","7"
"16","0","COOK","585","RAJA KRISHNAMOORTHI","320","8TH CONGRESS","9300023","1161","11","Democratic","96"
"16","0","COOK","0","Over Votes","320","8TH CONGRESS","9300023","1161","11","Democratic","0"
"45","0","KANE","565","PHILLIP OWEN WOOD","320","8TH CONGRESS","EL0003","1920","12","Republican","6"
"45","0","KANE","555","CHAD KOPPIE","320","8TH CONGRESS","EL0003","1920","12","Republican","10"
"45","0","KANE","0","Under Votes","320","8TH CONGRESS","EL0003","1920","12","Republican","2"
"45","0","KANE","555","CHAD KOPPIE","320","8TH CONGRESS","EL0030","1776","12","Republican","18"
"45","0","KANE","565","PHILLIP OWEN WOOD","320","8TH CONGRESS","EL0030","1776","12","Republican","29"
"45","0","KANE","560","PETER KOPSAFTIS","320","8TH CONGRESS","EL0030","1776","12","Republican","11"
"45","0","KANE","575","CHRIS DARGIS","320","8TH CONGRESS","EL0030","1776","12","Republican","38"
"45","0","KANE","570","KAREN KOLODZIEJ","320","8TH CONGRESS","EL0030","1776","12","Republican","13"
"45","0","KANE","0","Over Votes","320","8TH CONGRESS","EL0030","1776","12","Republican","0"
"45","0","KANE","0","Under Votes","320","8TH CONGRESS","EL0030","1776","12","Republican","12"
"45","0","KANE","570","KAREN KOLODZIEJ","320","8TH CONGRESS","DU0004","1850","12","Republican","8"
"45","0","KANE","575","CHRIS DARGIS","320","8TH CONGRESS","DU0004","1850","12","Republican","50"
"45","0","KANE","0","Over Votes","320","8TH CONGRESS","DU0004","1850","12","Republican","0"
"45","0","KANE","560","PETER KOPSAFTIS","320","8TH CONGRESS","DU0004","1850","12","Republican","5"
"45","0","KANE","565","PHILLIP OWEN WOOD","320","8TH CONGRESS","DU0004","1850","12","Republican","23"
"45","0","KANE","555","CHAD KOPPIE","320","8TH CONGRESS","DU0004","1850","12","Republican","12"
"45","0","KANE","0","Under Votes","320","8TH CONGRESS","DU0004","1850","12","Republican","9"
"45","0","KANE","570","KAREN KOLODZIEJ","320","8TH CONGRESS","DU0011","1334","12","Republican","2"
"45","0","KANE","575","CHRIS DARGIS","320","8TH CONGRESS","DU0011","1334","12","Republican","1"
"45","0","KANE","0","Over Votes","320","8TH CONGRESS","DU0011","1334","12","Republican","0"
"45","0","KANE","560","PETER KOPSAFTIS","320","8TH CONGRESS","DU0011","1334","12","Republican","0"
"45","0","KANE","565","PHILLIP OWEN WOOD","320","8TH CONGRESS","DU0011","1334","12","Republican","2"
"45","0","KANE","555","CHAD KOPPIE","320","8TH CONGRESS","DU0011","1334","12","Republican","2"
"45","0","KANE","0","Under Votes","320","8TH CONGRESS","DU0011","1334","12","Republican","0"
"45","0","KANE","575","CHRIS DARGIS","320","8TH CONGRESS","DU0017","2490","12","Republican","13"
"45","0","KANE","570","KAREN KOLODZIEJ","320","8TH CONGRESS","DU0017","2490","12","Republican","14"
"45","0","KANE","0","Over Votes","320","8TH CONGRESS","DU0017","2490","12","Republican","0"
"45","0","KANE","560","PETER KOPSAFTIS","320","8TH CONGRESS","DU0017","2490","12","Republican","12"
"45","0","KANE","565","PHILLIP OWEN WOOD","320","8TH CONGRESS","DU0017","2490","12","Republican","19"
"45","0","KANE","555","CHAD KOPPIE","320","8TH CONGRESS","DU0017","2490","12","Republican","8"
"45","0","KANE","0","Under Votes","320","8TH CONGRESS","DU0017","2490","12","Republican","3"
"45","0","KANE","575","CHRIS DARGIS","320","8TH CONGRESS","DU0025","1866","12","Republican","43"
"45","0","KANE","570","KAREN KOLODZIEJ","320","8TH CONGRESS","DU0025","1866","12","Republican","17"
"45","0","KANE","0","Over Votes","320","8TH CONGRESS","DU0025","1866","12","Republican","0"
"45","0","KANE","560","PETER KOPSAFTIS","320","8TH CONGRESS","DU0025","1866","12","Republican","13"
"45","0","KANE","565","PHILLIP OWEN WOOD","320","8TH CONGRESS","DU0025","1866","12","Republican","21"
"45","0","KANE","555","CHAD KOPPIE","320","8TH CONGRESS","DU0025","1866","12","Republican","14"
"45","0","KANE","0","Under Votes","320","8TH CONGRESS","DU0025","1866","12","Republican","7"
"45","0","KANE","575","CHRIS DARGIS","320","8TH CONGRESS","DU0033","1882","12","Republican","12"
"45","0","KANE","570","KAREN KOLODZIEJ","320","8TH CONGRESS","DU0033","1882","12","Republican","12"
"45","0","KANE","0","Over Votes","320","8TH CONGRESS","DU0033","1882","12","Republican","0"
"45","0","KANE","560","PETER KOPSAFTIS","320","8TH CONGRESS","DU0033","1882","12","Republican","8"
"45","0","KANE","565","PHILLIP OWEN WOOD","320","8TH CONGRESS","DU0033","1882","12","Republican","9"
"45","0","KANE","555","CHAD KOPPIE","320","8TH CONGRESS","DU0033","1882","12","Republican","11"
"16","0","COOK","580","JUNAID AHMED","320","8TH CONGRESS","9300023","1161","11","Democratic","30"
"16","0","COOK","0","Under Votes","320","8TH CONGRESS","9300023","1161","11","Democratic","2"
"16","0","COOK","585","RAJA KRISHNAMOORTHI","320","8TH CONGRESS","9300026","1225","11","Democratic","108"
"16","0","COOK","0","Over Votes","320","8TH CONGRESS","9300026","1225","11","Democratic","0"
"16","0","COOK","580","JUNAID AHMED","320","8TH CONGRESS","9300026","1225","11","Democratic","30"
"16","0","COOK","0","Under Votes","320","8TH CONGRESS","9300026","1225","11","Democratic","3"
"16","0","COOK","585","RAJA KRISHNAMOORTHI","320","8TH CONGRESS","9300029","1168","11","Democratic","125"
"16","0","COOK","0","Over Votes","320","8TH CONGRESS","9300029","1168","11","Democratic","0"
"16","0","COOK","580","JUNAID AHMED","320","8TH CONGRESS","9300029","1168","11","Democratic","28"
"16","0","COOK","0","Under Votes","320","8TH CONGRESS","9300029","1168","11","Democratic","1"
"16","0","COOK","585","RAJA KRISHNAMOORTHI","320","8TH CONGRESS","9300032","1328","11","Democratic","131"
"16","0","COOK","0","Over Votes","320","8TH CONGRESS","9300032","1328","11","Democratic","0"
"16","0","COOK","580","JUNAID AHMED","320","8TH CONGRESS","9300032","1328","11","Democratic","33"
"16","0","COOK","0","Under Votes","320","8TH CONGRESS","9300032","1328","11","Democratic","3"
"16","0","COOK","585","RAJA KRISHNAMOORTHI","320","8TH CONGRESS","9300056","1048","11","Democratic","98"
"16","0","COOK","585","RAJA KRISHNAMOORTHI","320","8TH CONGRESS","7400026","928","11","Democratic","75"
"16","0","COOK","0","Over Votes","320","8TH CONGRESS","7400026","928","11","Democratic","0"
"16","0","COOK","580","JUNAID AHMED","320","8TH CONGRESS","7400026","928","11","Democratic","35"
"16","0","COOK","0","Under Votes","320","8TH CONGRESS","7400026","928","11","Democratic","3"
"16","0","COOK","585","RAJA KRISHNAMOORTHI","320","8TH CONGRESS","7400029","1261","11","Democratic","121"
"16","0","COOK","580","JUNAID AHMED","320","8TH CONGRESS","7400029","1261","11","Democratic","23"
"16","0","COOK","0","Under Votes","320","8TH CONGRESS","7400029","1261","11","Democratic","1"
"16","0","COOK","0","Over Votes","320","8TH CONGRESS","7400029","1261","11","Democratic","0"
"16","0","COOK","585","RAJA KRISHNAMOORTHI","320","8TH CONGRESS","7400037","1286","11","Democratic","73"
"16","0","COOK","580","JUNAID AHMED","320","8TH CONGRESS","7400037","1286","11","Democratic","32"
"16","0","COOK","0","Under Votes","320","8TH CONGRESS","7400037","1286","11","Democratic","7"
"16","0","COOK","0","Over Votes","320","8TH CONGRESS","7400037","1286","11","Democratic","0"
"16","0","COOK","585","RAJA KRISHNAMOORTHI","320","8TH CONGRESS","7600027","3505","11","Democratic","239"
"16","0","COOK","580","JUNAID AHMED","320","8TH CONGRESS","7600027","3505","11","Democratic","140"
"16","0","COOK","0","Over Votes","320","8TH CONGRESS","7600027","3505","11","Democratic","1"
"16","0","COOK","0","Under Votes","320","8TH CONGRESS","7600027","3505","11","Democratic","12"
"16","0","COOK","585","RAJA KRISHNAMOORTHI","320","8TH CONGRESS","7600033","1299","11","Democratic","75"
"16","0","COOK","580","JUNAID AHMED","320","8TH CONGRESS","7600033","1299","11","Democratic","32"
"16","0","COOK","0","Over Votes","320","8TH CONGRESS","7600033","1299","11","Democratic","0"
"16","0","COOK","0","Under Votes","320","8TH CONGRESS","7600033","1299","11","Democratic","1"
"16","0","COOK","585","RAJA KRISHNAMOORTHI","320","8TH CONGRESS","8000004","1567","11","Democratic","43"
"16","0","COOK","580","JUNAID AHMED","320","8TH CONGRESS","8000004","1567","11","Democratic","26"
"16","0","COOK","0","Over Votes","320","8TH CONGRESS","8000004","1567","11","Democratic","0"
"16","0","COOK","0","Under Votes","320","8TH CONGRESS","8000004","1567","11","Democratic","2"
"16","0","COOK","585","RAJA KRISHNAMOORTHI","320","8TH CONGRESS","8000007","748","11","Democratic","66"
"16","0","COOK","580","JUNAID AHMED","320","8TH CONGRESS","8000007","748","11","Democratic","25"
"16","0","COOK","0","Over Votes","320","8TH CONGRESS","8000007","748","11","Democratic","1"
"16","0","COOK","0","Under Votes","320","8TH CONGRESS","8000007","748","11","Democratic","7"
"16","0","COOK","585","RAJA KRISHNAMOORTHI","320","8TH CONGRESS","8000034","1276","11","Democratic","109"
"45","0","KANE","0","Over Votes","320","8TH CONGRESS","EL0038","1824","11","Democratic","0"
"45","0","KANE","585","RAJA KRISHNAMOORTHI","320","8TH CONGRESS","EL0043","2850","11","Democratic","84"
"45","0","KANE","580","JUNAID AHMED","320","8TH CONGRESS","EL0043","2850","11","Democratic","47"
"45","0","KANE","0","Under Votes","320","8TH CONGRESS","EL0043","2850","11","Democratic","2"
"45","0","KANE","0","Over Votes","320","8TH CONGRESS","EL0043","2850","11","Democratic","0"
"45","0","KANE","585","RAJA KRISHNAMOORTHI","320","8TH CONGRESS","GE0017","2032","11","Democratic","64"
"45","0","KANE","580","JUNAID AHMED","320","8TH CONGRESS","GE0017","2032","11","Democratic","36"
"45","0","KANE","0","Under Votes","320","8TH CONGRESS","GE0017","2032","11","Democratic","4"
"45","0","KANE","0","Over Votes","320","8TH CONGRESS","GE0017","2032","11","Democratic","0"
"45","0","KANE","585","RAJA KRISHNAMOORTHI","320","8TH CONGRESS","RU0007","3286","11","Democratic","45"
"45","0","KANE","0","Over Votes","320","8TH CONGRESS","DU0006","2146","11","Democratic","0"
"45","0","KANE","0","Under Votes","320","8TH CONGRESS","DU0006","2146","11","Democratic","1"
"45","0","KANE","585","RAJA KRISHNAMOORTHI","320","8TH CONGRESS","DU0006","2146","11","Democratic","31"
"45","0","KANE","580","JUNAID AHMED","320","8TH CONGRESS","DU0006","2146","11","Democratic","16"
"45","0","KANE","580","JUNAID AHMED","320","8TH CONGRESS","DU0013","1574","11","Democratic","10"
"45","0","KANE","0","Over Votes","320","8TH CONGRESS","DU0013","1574","11","Democratic","0"
"45","0","KANE","0","Under Votes","320","8TH CONGRESS","DU0013","1574","11","Democratic","1"
"45","0","KANE","585","RAJA KRISHNAMOORTHI","320","8TH CONGRESS","DU0013","1574","11","Democratic","18"
"45","0","KANE","580","JUNAID AHMED","320","8TH CONGRESS","DU0019","1766","11","Democratic","14"
"45","0","KANE","0","Over Votes","320","8TH CONGRESS","DU0019","1766","11","Democratic","0"
"45","0","KANE","0","Under Votes","320","8TH CONGRESS","DU0019","1766","11","Democratic","0"
"45","0","KANE","585","RAJA KRISHNAMOORTHI","320","8TH CONGRESS","DU0019","1766","11","Democratic","31"
"45","0","KANE","580","JUNAID AHMED","320","8TH CONGRESS","DU0027","2140","11","Democratic","19"
"45","0","KANE","0","Over Votes","320","8TH CONGRESS","DU0027","2140","11","Democratic","0"
"45","0","KANE","0","Under Votes","320","8TH CONGRESS","DU0027","2140","11","Democratic","1"
"45","0","KANE","585","RAJA KRISHNAMOORTHI","320","8TH CONGRESS","DU0027","2140","11","Democratic","28"
"45","0","KANE","580","JUNAID AHMED","320","8TH CONGRESS","DU0035","1394","11","Democratic","26"
"45","0","KANE","0","Over Votes","320","8TH CONGRESS","DU0035","1394","11","Democratic","0"
"45","0","KANE","0","Under Votes","320","8TH CONGRESS","DU0035","1394","11","Democratic","0"
"45","0","KANE","585","RAJA KRISHNAMOORTHI","320","8TH CONGRESS","DU0035","1394","11","Democratic","18"
"45","0","KANE","580","JUNAID AHMED","320","8TH CONGRESS","EL0008","1728","11","Democratic","27"
"45","0","KANE","0","Under Votes","320","8TH CONGRESS","EL0008","1728","11","Democratic","1"
"45","0","KANE","0","Over Votes","320","8TH CONGRESS","EL0008","1728","11","Democratic","0"
"45","0","KANE","585","RAJA KRISHNAMOORTHI","320","8TH CONGRESS","EL0008","1728","11","Democratic","47"
"45","0","KANE","580","JUNAID AHMED","320","8TH CONGRESS","EL0014","2812","11","Democratic","38"
"45","0","KANE","0","Over Votes","320","8TH CONGRESS","EL0014","2812","11","Democratic","0"
"45","0","KANE","0","Under Votes","320","8TH CONGRESS","EL0014","2812","11","Democratic","4"
"45","0","KANE","585","RAJA KRISHNAMOORTHI","320","8TH CONGRESS","EL0014","2812","11","Democratic","61"
"45","0","KANE","580","JUNAID AHMED","320","8TH CONGRESS","EL0020","2082","11","Democratic","25"
"45","0","KANE","0","Over Votes","320","8TH CONGRESS","EL0020","2082","11","Democratic","0"
"45","0","KANE","0","Under Votes","320","8TH CONGRESS","EL0020","2082","11","Democratic","0"
"45","0","KANE","585","RAJA KRISHNAMOORTHI","320","8TH CONGRESS","EL0020","2082","11","Democratic","43"
"45","0","KANE","585","RAJA KRISHNAMOORTHI","320","8TH CONGRESS","EL0027","1416","11","Democratic","59"
"45","0","KANE","0","Under Votes","320","8TH CONGRESS","EL0027","1416","11","Democratic","0"
"45","0","KANE","0","Under Votes","320","8TH CONGRESS","DU0033","1882","12","Republican","9"
"45","0","KANE","575","CHRIS DARGIS","320","8TH CONGRESS","EL0006","1932","12","Republican","17"
"45","0","KANE","570","KAREN KOLODZIEJ","320","8TH CONGRESS","EL0006","1932","12","Republican","11"
"45","0","KANE","560","PETER KOPSAFTIS","320","8TH CONGRESS","EL0006","1932","12","Republican","6"
"45","0","KANE","565","PHILLIP OWEN WOOD","320","8TH CONGRESS","EL0006","1932","12","Republican","21"
"45","0","KANE","0","Over Votes","320","8TH CONGRESS","EL0006","1932","12","Republican","0"
"45","0","KANE","555","CHAD KOPPIE","320","8TH CONGRESS","EL0006","1932","12","Republican","25"
"45","0","KANE","0","Under Votes","320","8TH CONGRESS","EL0006","1932","12","Republican","6"
"45","0","KANE","570","KAREN KOLODZIEJ","320","8TH CONGRESS","EL0012","2370","12","Republican","8"
"45","0","KANE","575","CHRIS DARGIS","320","8TH CONGRESS","EL0012","2370","12","Republican","22"
"45","0","KANE","0","Over Votes","320","8TH CONGRESS","EL0012","2370","12","Republican","0"
"45","0","KANE","560","PETER KOPSAFTIS","320","8TH CONGRESS","EL0012","2370","12","Republican","16"
"45","0","KANE","565","PHILLIP OWEN WOOD","320","8TH CONGRESS","EL0012","2370","12","Republican","19"
"45","0","KANE","555","CHAD KOPPIE","320","8TH CONGRESS","EL0012","2370","12","Republican","10"
"45","0","KANE","0","Under Votes","320","8TH CONGRESS","EL0012","2370","12","Republican","4"
"45","0","KANE","555","CHAD KOPPIE","320","8TH CONGRESS","DU0002","1994","12","Republican","9"
"45","0","KANE","565","PHILLIP OWEN WOOD","320","8TH CONGRESS","DU0002","1994","12","Republican","17"
"45","0","KANE","575","CHRIS DARGIS","320","8TH CONGRESS","DU0002","1994","12","Republican","11"
"45","0","KANE","570","KAREN KOLODZIEJ","320","8TH CONGRESS","DU0002","1994","12","Republican","6"
"45","0","KANE","560","PETER KOPSAFTIS","320","8TH CONGRESS","DU0002","1994","12","Republican","3"
"45","0","KANE","0","Over Votes","320","8TH CONGRESS","DU0002","1994","12","Republican","0"
"45","0","KANE","0","Under Votes","320","8TH CONGRESS","DU0002","1994","12","Republican","3"
"45","0","KANE","555","CHAD KOPPIE","320","8TH CONGRESS","DU0008","1812","12","Republican","17"
"45","0","KANE","575","CHRIS DARGIS","320","8TH CONGRESS","DU0008","1812","12","Republican","8"
"45","0","KANE","570","KAREN KOLODZIEJ","320","8TH CONGRESS","DU0008","1812","12","Republican","5"
"45","0","KANE","560","PETER KOPSAFTIS","320","8TH CONGRESS","DU0008","1812","12","Republican","4"
"45","0","KANE","565","PHILLIP OWEN WOOD","320","8TH CONGRESS","DU0008","1812","12","Republican","10"
"45","0","KANE","0","Over Votes","320","8TH CONGRESS","DU0008","1812","12","Republican","0"
"45","0","KANE","0","Under Votes","320","8TH CONGRESS","DU0008","1812","12","Republican","2"
"45","0","KANE","555","CHAD KOPPIE","320","8TH CONGRESS","DU0023","1650","12","Republican","16"
"45","0","KANE","565","PHILLIP OWEN WOOD","320","8TH CONGRESS","DU0023","1650","12","Republican","8"
"45","0","KANE","575","CHRIS DARGIS","320","8TH CONGRESS","DU0023","1650","12","Republican","13"
"45","0","KANE","570","KAREN KOLODZIEJ","320","8TH CONGRESS","DU0023","1650","12","Republican","8"
"45","0","KANE","560","PETER KOPSAFTIS","320","8TH CONGRESS","DU0023","1650","12","Republican","13"
"45","0","KANE","0","Over Votes","320","8TH CONGRESS","DU0023","1650","12","Republican","0"
"45","0","KANE","0","Under Votes","320","8TH CONGRESS","DU0023","1650","12","Republican","11"
"45","0","KANE","555","CHAD KOPPIE","320","8TH CONGRESS","DU0031","3096","12","Republican","22"
"45","0","KANE","565","PHILLIP OWEN WOOD","320","8TH CONGRESS","DU0031","3096","12","Republican","12"
"45","0","KANE","575","CHRIS DARGIS","320","8TH CONGRESS","DU0031","3096","12","Republican","36"
"45","0","KANE","570","KAREN KOLODZIEJ","320","8TH CONGRESS","DU0031","3096","12","Republican","13"
"45","0","KANE","560","PETER KOPSAFTIS","320","8TH CONGRESS","DU0031","3096","12","Republican","27"
"45","0","KANE","0","Over Votes","320","8TH CONGRESS","DU0031","3096","12","Republican","0"
"45","0","KANE","0","Under Votes","320","8TH CONGRESS","DU0031","3096","12","Republican","14"
"45","0","KANE","555","CHAD KOPPIE","320","8TH CONGRESS","EL0004","2508","12","Republican","19"
"22","0","DuPAGE","585","RAJA KRISHNAMOORTHI","320","8TH CONGRESS","Wayne  015 - 0026","663","11","","35"
"22","0","DuPAGE","0","Over Votes","320","8TH CONGRESS","Wayne  015 - 0026","663","11","","0"
"22","0","DuPAGE","0","Under Votes","320","8TH CONGRESS","Wayne  015 - 0026","663","11","","0"
"22","0","DuPAGE","580","JUNAID AHMED","320","8TH CONGRESS","Wayne  017 - 0029","570","11","","28"
"22","0","DuPAGE","585","RAJA KRISHNAMOORTHI","320","8TH CONGRESS","Wayne  017 - 0029","570","11","","54"
"22","0","DuPAGE","0","Over Votes","320","8TH CONGRESS","Wayne  017 - 0029","570","11","","0"
"22","0","DuPAGE","0","Under Votes","320","8TH CONGRESS","Wayne  017 - 0029","570","11","","0"
"22","0","DuPAGE","580","JUNAID AHMED","320","8TH CONGRESS","Wayne  019 - 0032","699","11","","13"
"22","0","DuPAGE","585","RAJA KRISHNAMOORTHI","320","8TH CONGRESS","Wayne  019 - 0032","699","11","","58"
"22","0","DuPAGE","0","Over Votes","320","8TH CONGRESS","Wayne  019 - 0032","699","11","","0"
"22","0","DuPAGE","0","Under Votes","320","8TH CONGRESS","Wayne  019 - 0032","699","11","","3"
"22","0","DuPAGE","580","JUNAID AHMED","320","8TH CONGRESS","Wayne  021 - 0035","72","11","","2"
"22","0","DuPAGE","585","RAJA KRISHNAMOORTHI","320","8TH CONGRESS","Wayne  021 - 0035","72","11","","2"
"22","0","DuPAGE","0","Over Votes","320","8TH CONGRESS","Wayne  021 - 0035","72","11","","0"
"22","0","DuPAGE","0","Under Votes","320","8TH CONGRESS","Wayne  021 - 0035","72","11","","0"
"22","0","DuPAGE","580","JUNAID AHMED","320","8TH CONGRESS","Wayne  042 - 0061","140","11","","0"
"22","0","DuPAGE","585","RAJA KRISHNAMOORTHI","320","8TH CONGRESS","Wayne  042 - 0061","140","11","","5"
"22","0","DuPAGE","0","Over Votes","320","8TH CONGRESS","Wayne  042 - 0061","140","11","","0"
"22","0","DuPAGE","0","Under Votes","320","8TH CONGRESS","Wayne  042 - 0061","140","11","","0"
"22","0","DuPAGE","580","JUNAID AHMED","320","8TH CONGRESS","Wayne  063 - 0087","598","11","","20"
"22","0","DuPAGE","585","RAJA KRISHNAMOORTHI","320","8TH CONGRESS","Wayne  063 - 0087","598","11","","38"
"22","0","DuPAGE","0","Over Votes","320","8TH CONGRESS","Wayne  063 - 0087","598","11","","0"
"22","0","DuPAGE","0","Under Votes","320","8TH CONGRESS","Wayne  063 - 0087","598","11","","0"
"22","0","DuPAGE","580","JUNAID AHMED","320","8TH CONGRESS","Wayne  066 - 0090","430","11","","16"
"22","0","DuPAGE","585","RAJA KRISHNAMOORTHI","320","8TH CONGRESS","Wayne  066 - 0090","430","11","","25"
"22","0","DuPAGE","0","Over Votes","320","8TH CONGRESS","Wayne  066 - 0090","430","11","","0"
"22","0","DuPAGE","0","Under Votes","320","8TH CONGRESS","Wayne  066 - 0090","430","11","","0"
"22","0","DuPAGE","580","JUNAID AHMED","320","8TH CONGRESS","Bloomingdale  001 - 0093","621","11","","3"
"22","0","DuPAGE","585","RAJA KRISHNAMOORTHI","320","8TH CONGRESS","Bloomingdale  001 - 0093","621","11","","66"
"22","0","DuPAGE","0","Over Votes","320","8TH CONGRESS","Bloomingdale  001 - 0093","621","11","","0"
"22","0","DuPAGE","0","Under Votes","320","8TH CONGRESS","Bloomingdale  001 - 0093","621","11","","1"
"22","0","DuPAGE","580","JUNAID AHMED","320","8TH CONGRESS","Bloomingdale  004 - 0096","525","11","","5"
"22","0","DuPAGE","585","RAJA KRISHNAMOORTHI","320","8TH CONGRESS","Bloomingdale  004 - 0096","525","11","","47"
"22","0","DuPAGE","0","Over Votes","320","8TH CONGRESS","Bloomingdale  004 - 0096","525","11","","0"
"22","0","DuPAGE","0","Under Votes","320","8TH CONGRESS","Bloomingdale  004 - 0096","525","11","","0"
"22","0","DuPAGE","585","RAJA KRISHNAMOORTHI","320","8TH CONGRESS","Bloomingdale  022 - 0116","893","11","","30"
"22","0","DuPAGE","0","Over Votes","320","8TH CONGRESS","Bloomingdale  022 - 0116","893","11","","0"
"22","0","DuPAGE","0","Under Votes","320","8TH CONGRESS","Bloomingdale  022 - 0116","893","11","","0"
"22","0","DuPAGE","580","JUNAID AHMED","320","8TH CONGRESS","Bloomingdale  022 - 0116","893","11","","122"
"22","0","DuPAGE","580","JUNAID AHMED","320","8TH CONGRESS","Bloomingdale  031 - 0125","1028","11","","19"
"22","0","DuPAGE","585","RAJA KRISHNAMOORTHI","320","8TH CONGRESS","Bloomingdale  031 - 0125","1028","11","","40"
"22","0","DuPAGE","0","Under Votes","320","8TH CONGRESS","Addison  022 - 0240","754","11","","3"
"16","0","COOK","580","JUNAID AHMED","320","8TH CONGRESS","8000034","1276","11","Democratic","28"
"16","0","COOK","0","Over Votes","320","8TH CONGRESS","8000034","1276","11","Democratic","0"
"16","0","COOK","0","Under Votes","320","8TH CONGRESS","8000034","1276","11","Democratic","7"
"16","0","COOK","585","RAJA KRISHNAMOORTHI","320","8TH CONGRESS","8700015","1162","11","Democratic","112"
"16","0","COOK","580","JUNAID AHMED","320","8TH CONGRESS","8700015","1162","11","Democratic","52"
"16","0","COOK","0","Over Votes","320","8TH CONGRESS","8700015","1162","11","Democratic","0"
"16","0","COOK","0","Under Votes","320","8TH CONGRESS","8700015","1162","11","Democratic","5"
"16","0","COOK","585","RAJA KRISHNAMOORTHI","320","8TH CONGRESS","8700018","1490","11","Democratic","14"
"16","0","COOK","580","JUNAID AHMED","320","8TH CONGRESS","8700018","1490","11","Democratic","9"
"16","0","COOK","0","Over Votes","320","8TH CONGRESS","8700018","1490","11","Democratic","0"
"16","0","COOK","0","Under Votes","320","8TH CONGRESS","8700018","1490","11","Democratic","2"
"16","0","COOK","585","RAJA KRISHNAMOORTHI","320","8TH CONGRESS","8700051","655","11","Democratic","45"
"16","0","COOK","580","JUNAID AHMED","320","8TH CONGRESS","8700051","655","11","Democratic","17"
"16","0","COOK","0","Over Votes","320","8TH CONGRESS","8700051","655","11","Democratic","0"
"16","0","COOK","0","Under Votes","320","8TH CONGRESS","8700051","655","11","Democratic","0"
"16","0","COOK","585","RAJA KRISHNAMOORTHI","320","8TH CONGRESS","9300003","1696","11","Democratic","158"
"16","0","COOK","580","JUNAID AHMED","320","8TH CONGRESS","9300003","1696","11","Democratic","40"
"16","0","COOK","0","Over Votes","320","8TH CONGRESS","9300003","1696","11","Democratic","0"
"16","0","COOK","0","Under Votes","320","8TH CONGRESS","9300003","1696","11","Democratic","1"
"16","0","COOK","585","RAJA KRISHNAMOORTHI","320","8TH CONGRESS","9300027","1509","11","Democratic","97"
"16","0","COOK","580","JUNAID AHMED","320","8TH CONGRESS","8000047","1060","11","Democratic","26"
"16","0","COOK","0","Over Votes","320","8TH CONGRESS","8000047","1060","11","Democratic","0"
"16","0","COOK","0","Under Votes","320","8TH CONGRESS","8000047","1060","11","Democratic","2"
"16","0","COOK","585","RAJA KRISHNAMOORTHI","320","8TH CONGRESS","8000053","1010","11","Democratic","40"
"16","0","COOK","0","Over Votes","320","8TH CONGRESS","8000053","1010","11","Democratic","0"
"16","0","COOK","580","JUNAID AHMED","320","8TH CONGRESS","8000053","1010","11","Democratic","44"
"16","0","COOK","0","Under Votes","320","8TH CONGRESS","8000053","1010","11","Democratic","4"
"16","0","COOK","585","RAJA KRISHNAMOORTHI","320","8TH CONGRESS","8700004","938","11","Democratic","46"
"16","0","COOK","0","Over Votes","320","8TH CONGRESS","8700004","938","11","Democratic","0"
"16","0","COOK","580","JUNAID AHMED","320","8TH CONGRESS","8700004","938","11","Democratic","21"
"16","0","COOK","0","Under Votes","320","8TH CONGRESS","8700004","938","11","Democratic","1"
"16","0","COOK","585","RAJA KRISHNAMOORTHI","320","8TH CONGRESS","8700028","753","11","Democratic","61"
"16","0","COOK","0","Over Votes","320","8TH CONGRESS","8700028","753","11","Democratic","0"
"16","0","COOK","580","JUNAID AHMED","320","8TH CONGRESS","8700028","753","11","Democratic","32"
"16","0","COOK","0","Under Votes","320","8TH CONGRESS","8700028","753","11","Democratic","2"
"16","0","COOK","585","RAJA KRISHNAMOORTHI","320","8TH CONGRESS","8700035","1256","11","Democratic","3"
"16","0","COOK","0","Over Votes","320","8TH CONGRESS","8700035","1256","11","Democratic","0"
"16","0","COOK","0","Under Votes","320","8TH CONGRESS","8700035","1256","11","Democratic","0"
"16","0","COOK","585","RAJA KRISHNAMOORTHI","320","8TH CONGRESS","8700058","1062","11","Democratic","77"
"16","0","COOK","580","JUNAID AHMED","320","8TH CONGRESS","8700058","1062","11","Democratic","25"
"16","0","COOK","0","Over Votes","320","8TH CONGRESS","8700058","1062","11","Democratic","0"
"16","0","COOK","0","Under Votes","320","8TH CONGRESS","8700058","1062","11","Democratic","0"
"16","0","COOK","585","RAJA KRISHNAMOORTHI","320","8TH CONGRESS","8700062","1400","11","Democratic","72"
"16","0","COOK","0","Over Votes","320","8TH CONGRESS","8700062","1400","11","Democratic","0"
"45","0","KANE","0","Over Votes","320","8TH CONGRESS","EL0027","1416","11","Democratic","0"
"45","0","KANE","580","JUNAID AHMED","320","8TH CONGRESS","EL0027","1416","11","Democratic","29"
"45","0","KANE","585","RAJA KRISHNAMOORTHI","320","8TH CONGRESS","EL0034","2084","11","Democratic","51"
"45","0","KANE","580","JUNAID AHMED","320","8TH CONGRESS","EL0034","2084","11","Democratic","26"
"45","0","KANE","0","Under Votes","320","8TH CONGRESS","EL0034","2084","11","Democratic","1"
"45","0","KANE","0","Over Votes","320","8TH CONGRESS","EL0034","2084","11","Democratic","0"
"45","0","KANE","585","RAJA KRISHNAMOORTHI","320","8TH CONGRESS","EL0040","2152","11","Democratic","98"
"45","0","KANE","580","JUNAID AHMED","320","8TH CONGRESS","EL0040","2152","11","Democratic","25"
"45","0","KANE","0","Under Votes","320","8TH CONGRESS","EL0040","2152","11","Democratic","4"
"45","0","KANE","0","Over Votes","320","8TH CONGRESS","EL0040","2152","11","Democratic","0"
"45","0","KANE","585","RAJA KRISHNAMOORTHI","320","8TH CONGRESS","EL0049","2602","11","Democratic","48"
"45","0","KANE","580","JUNAID AHMED","320","8TH CONGRESS","EL0049","2602","11","Democratic","21"
"45","0","KANE","0","Under Votes","320","8TH CONGRESS","EL0049","2602","11","Democratic","2"
"45","0","KANE","0","Over Votes","320","8TH CONGRESS","EL0049","2602","11","Democratic","0"
"45","0","KANE","585","RAJA KRISHNAMOORTHI","320","8TH CONGRESS","RU0004","3266","11","Democratic","53"
"45","0","KANE","580","JUNAID AHMED","320","8TH CONGRESS","DU0004","1850","11","Democratic","26"
"45","0","KANE","0","Over Votes","320","8TH CONGRESS","DU0004","1850","11","Democratic","0"
"45","0","KANE","0","Under Votes","320","8TH CONGRESS","DU0004","1850","11","Democratic","2"
"45","0","KANE","585","RAJA KRISHNAMOORTHI","320","8TH CONGRESS","DU0004","1850","11","Democratic","73"
"45","0","KANE","580","JUNAID AHMED","320","8TH CONGRESS","DU0011","1334","11","Democratic","14"
"45","0","KANE","0","Over Votes","320","8TH CONGRESS","DU0011","1334","11","Democratic","0"
"45","0","KANE","0","Under Votes","320","8TH CONGRESS","DU0011","1334","11","Democratic","0"
"45","0","KANE","585","RAJA KRISHNAMOORTHI","320","8TH CONGRESS","DU0011","1334","11","Democratic","24"
"45","0","KANE","580","JUNAID AHMED","320","8TH CONGRESS","DU0017","2490","11","Democratic","37"
"45","0","KANE","0","Over Votes","320","8TH CONGRESS","DU0017","2490","11","Democratic","0"
"45","0","KANE","0","Under Votes","320","8TH CONGRESS","DU0017","2490","11","Democratic","3"
"45","0","KANE","585","RAJA KRISHNAMOORTHI","320","8TH CONGRESS","DU0017","2490","11","Democratic","70"
"45","0","KANE","580","JUNAID AHMED","320","8TH CONGRESS","DU0025","1866","11","Democratic","17"
"45","0","KANE","0","Over Votes","320","8TH CONGRESS","DU0025","1866","11","Democratic","0"
"45","0","KANE","0","Under Votes","320","8TH CONGRESS","DU0025","1866","11","Democratic","1"
"45","0","KANE","585","RAJA KRISHNAMOORTHI","320","8TH CONGRESS","DU0025","1866","11","Democratic","48"
"45","0","KANE","580","JUNAID AHMED","320","8TH CONGRESS","DU0033","1882","11","Democratic","15"
"45","0","KANE","0","Over Votes","320","8TH CONGRESS","DU0033","1882","11","Democratic","0"
"45","0","KANE","0","Under Votes","320","8TH CONGRESS","DU0033","1882","11","Democratic","0"
"45","0","KANE","585","RAJA KRISHNAMOORTHI","320","8TH CONGRESS","DU0033","1882","11","Democratic","36"
"45","0","KANE","580","JUNAID AHMED","320","8TH CONGRESS","EL0006","1932","11","Democratic","29"
"45","0","KANE","0","Under Votes","320","8TH CONGRESS","EL0006","1932","11","Democratic","2"
"45","0","KANE","0","Over Votes","320","8TH CONGRESS","EL0006","1932","11","Democratic","0"
"45","0","KANE","585","RAJA KRISHNAMOORTHI","320","8TH CONGRESS","EL0006","1932","11","Democratic","64"
"45","0","KANE","0","Over Votes","320","8TH CONGRESS","EL0012","2370","11","Democratic","0"
"45","0","KANE","580","JUNAID AHMED","320","8TH CONGRESS","EL0012","2370","11","Democratic","33"
"45","0","KANE","0","Under Votes","320","8TH CONGRESS","EL0012","2370","11","Democratic","3"
"45","0","KANE","585","RAJA KRISHNAMOORTHI","320","8TH CONGRESS","EL0012","2370","11","Democratic","79"
"45","0","KANE","580","JUNAID AHMED","320","8TH CONGRESS","EL0018","2516","11","Democratic","46"
"45","0","KANE","565","PHILLIP OWEN WOOD","320","8TH CONGRESS","EL0004","2508","12","Republican","14"
"45","0","KANE","575","CHRIS DARGIS","320","8TH CONGRESS","EL0004","2508","12","Republican","18"
"45","0","KANE","570","KAREN KOLODZIEJ","320","8TH CONGRESS","EL0004","2508","12","Republican","12"
"45","0","KANE","560","PETER KOPSAFTIS","320","8TH CONGRESS","EL0004","2508","12","Republican","10"
"45","0","KANE","0","Over Votes","320","8TH CONGRESS","EL0004","2508","12","Republican","0"
"45","0","KANE","0","Under Votes","320","8TH CONGRESS","EL0004","2508","12","Republican","9"
"45","0","KANE","555","CHAD KOPPIE","320","8TH CONGRESS","EL0032","2078","12","Republican","4"
"45","0","KANE","575","CHRIS DARGIS","320","8TH CONGRESS","EL0032","2078","12","Republican","1"
"45","0","KANE","560","PETER KOPSAFTIS","320","8TH CONGRESS","EL0032","2078","12","Republican","1"
"45","0","KANE","570","KAREN KOLODZIEJ","320","8TH CONGRESS","EL0032","2078","12","Republican","3"
"45","0","KANE","0","Over Votes","320","8TH CONGRESS","EL0032","2078","12","Republican","0"
"45","0","KANE","565","PHILLIP OWEN WOOD","320","8TH CONGRESS","EL0032","2078","12","Republican","7"
"45","0","KANE","0","Under Votes","320","8TH CONGRESS","EL0032","2078","12","Republican","1"
"45","0","KANE","575","CHRIS DARGIS","320","8TH CONGRESS","EL0044","1592","12","Republican","17"
"45","0","KANE","565","PHILLIP OWEN WOOD","320","8TH CONGRESS","EL0044","1592","12","Republican","7"
"45","0","KANE","560","PETER KOPSAFTIS","320","8TH CONGRESS","EL0044","1592","12","Republican","11"
"45","0","KANE","570","KAREN KOLODZIEJ","320","8TH CONGRESS","EL0044","1592","12","Republican","7"
"45","0","KANE","0","Over Votes","320","8TH CONGRESS","EL0044","1592","12","Republican","0"
"45","0","KANE","555","CHAD KOPPIE","320","8TH CONGRESS","EL0044","1592","12","Republican","11"
"45","0","KANE","0","Under Votes","320","8TH CONGRESS","EL0044","1592","12","Republican","1"
"45","0","KANE","560","PETER KOPSAFTIS","320","8TH CONGRESS","DU0006","2146","12","Republican","6"
"45","0","KANE","575","CHRIS DARGIS","320","8TH CONGRESS","DU0006","2146","12","Republican","8"
"45","0","KANE","570","KAREN KOLODZIEJ","320","8TH CONGRESS","DU0006","2146","12","Republican","7"
"45","0","KANE","0","Over Votes","320","8TH CONGRESS","DU0006","2146","12","Republican","0"
"45","0","KANE","565","PHILLIP OWEN WOOD","320","8TH CONGRESS","DU0006","2146","12","Republican","3"
"45","0","KANE","555","CHAD KOPPIE","320","8TH CONGRESS","DU0006","2146","12","Republican","6"
"45","0","KANE","0","Under Votes","320","8TH CONGRESS","DU0006","2146","12","Republican","2"
"45","0","KANE","560","PETER KOPSAFTIS","320","8TH CONGRESS","DU0013","1574","12","Republican","3"
"45","0","KANE","575","CHRIS DARGIS","320","8TH CONGRESS","DU0013","1574","12","Republican","2"
"45","0","KANE","570","KAREN KOLODZIEJ","320","8TH CONGRESS","DU0013","1574","12","Republican","3"
"45","0","KANE","0","Over Votes","320","8TH CONGRESS","DU0013","1574","12","Republican","0"
"45","0","KANE","565","PHILLIP OWEN WOOD","320","8TH CONGRESS","DU0013","1574","12","Republican","3"
"45","0","KANE","555","CHAD KOPPIE","320","8TH CONGRESS","DU0013","1574","12","Republican","7"
"45","0","KANE","0","Under Votes","320","8TH CONGRESS","DU0013","1574","12","Republican","0"
"45","0","KANE","560","PETER KOPSAFTIS","320","8TH CONGRESS","DU0019","1766","12","Republican","2"
"45","0","KANE","575","CHRIS DARGIS","320","8TH CONGRESS","DU0019","1766","12","Republican","7"
"45","0","KANE","570","KAREN KOLODZIEJ","320","8TH CONGRESS","DU0019","1766","12","Republican","6"
"45","0","KANE","0","Over Votes","320","8TH CONGRESS","DU0019","1766","12","Republican","0"
"45","0","KANE","565","PHILLIP OWEN WOOD","320","8TH CONGRESS","DU0019","1766","12","Republican","4"
"45","0","KANE","555","CHAD KOPPIE","320","8TH CONGRESS","DU0019","1766","12","Republican","4"
"45","0","KANE","0","Under Votes","320","8TH CONGRESS","DU0019","1766","12","Republican","2"
"45","0","KANE","560","PETER KOPSAFTIS","320","8TH CONGRESS","DU0027","2140","12","Republican","15"
"45","0","KANE","575","CHRIS DARGIS","320","8TH CONGRESS","DU0027","2140","12","Republican","17"
"45","0","KANE","570","KAREN KOLODZIEJ","320","8TH CONGRESS","DU0027","2140","12","Republican","10"
"22","0","DuPAGE","0","Over Votes","320","8TH CONGRESS","Addison  022 - 0240","754","11","","0"
"22","0","DuPAGE","580","JUNAID AHMED","320","8TH CONGRESS","Addison  043 - 0266","903","11","","17"
"22","0","DuPAGE","585","RAJA KRISHNAMOORTHI","320","8TH CONGRESS","Addison  043 - 0266","903","11","","47"
"22","0","DuPAGE","0","Under Votes","320","8TH CONGRESS","Addison  043 - 0266","903","11","","0"
"22","0","DuPAGE","0","Over Votes","320","8TH CONGRESS","Addison  043 - 0266","903","11","","0"
"22","0","DuPAGE","580","JUNAID AHMED","320","8TH CONGRESS","Addison  064 - 0295","830","11","","11"
"22","0","DuPAGE","585","RAJA KRISHNAMOORTHI","320","8TH CONGRESS","Addison  064 - 0295","830","11","","58"
"22","0","DuPAGE","0","Under Votes","320","8TH CONGRESS","Addison  064 - 0295","830","11","","1"
"22","0","DuPAGE","0","Over Votes","320","8TH CONGRESS","Addison  064 - 0295","830","11","","0"
"22","0","DuPAGE","580","JUNAID AHMED","320","8TH CONGRESS","Addison  065 - 0298","60","11","","2"
"22","0","DuPAGE","585","RAJA KRISHNAMOORTHI","320","8TH CONGRESS","Addison  065 - 0298","60","11","","4"
"22","0","DuPAGE","0","Under Votes","320","8TH CONGRESS","Addison  065 - 0298","60","11","","0"
"22","0","DuPAGE","0","Over Votes","320","8TH CONGRESS","Addison  065 - 0298","60","11","","0"
"22","0","DuPAGE","580","JUNAID AHMED","320","8TH CONGRESS","Addison  066 - 0301","77","11","","1"
"22","0","DuPAGE","585","RAJA KRISHNAMOORTHI","320","8TH CONGRESS","Addison  066 - 0301","77","11","","0"
"22","0","DuPAGE","0","Under Votes","320","8TH CONGRESS","Addison  066 - 0301","77","11","","0"
"22","0","DuPAGE","0","Over Votes","320","8TH CONGRESS","Addison  066 - 0301","77","11","","0"
"22","0","DuPAGE","580","JUNAID AHMED","320","8TH CONGRESS","Milton  103 - 0504","754","11","","10"
"22","0","DuPAGE","585","RAJA KRISHNAMOORTHI","320","8TH CONGRESS","Milton  103 - 0504","754","11","","67"
"22","0","DuPAGE","0","Under Votes","320","8TH CONGRESS","Milton  103 - 0504","754","11","","4"
"22","0","DuPAGE","0","Over Votes","320","8TH CONGRESS","Milton  103 - 0504","754","11","","0"
"22","0","DuPAGE","0","Over Votes","320","8TH CONGRESS","Addison  042 - 0265","632","11","","0"
"22","0","DuPAGE","0","Under Votes","320","8TH CONGRESS","Addison  042 - 0265","632","11","","0"
"22","0","DuPAGE","580","JUNAID AHMED","320","8TH CONGRESS","Addison  061 - 0291","547","11","","5"
"22","0","DuPAGE","585","RAJA KRISHNAMOORTHI","320","8TH CONGRESS","Addison  061 - 0291","547","11","","29"
"22","0","DuPAGE","0","Over Votes","320","8TH CONGRESS","Addison  061 - 0291","547","11","","0"
"22","0","DuPAGE","0","Under Votes","320","8TH CONGRESS","Addison  061 - 0291","547","11","","0"
"22","0","DuPAGE","580","JUNAID AHMED","320","8TH CONGRESS","Addison  063 - 0294","242","11","","3"
"22","0","DuPAGE","585","RAJA KRISHNAMOORTHI","320","8TH CONGRESS","Addison  063 - 0294","242","11","","17"
"22","0","DuPAGE","0","Over Votes","320","8TH CONGRESS","Addison  063 - 0294","242","11","","0"
"22","0","DuPAGE","0","Under Votes","320","8TH CONGRESS","Addison  063 - 0294","242","11","","1"
"22","0","DuPAGE","0","Over Votes","320","8TH CONGRESS","Bloomingdale  034 - 0128","784","11","","0"
"22","0","DuPAGE","0","Under Votes","320","8TH CONGRESS","Bloomingdale  034 - 0128","784","11","","1"
"22","0","DuPAGE","580","JUNAID AHMED","320","8TH CONGRESS","Bloomingdale  037 - 0131","525","11","","9"
"22","0","DuPAGE","585","RAJA KRISHNAMOORTHI","320","8TH CONGRESS","Bloomingdale  037 - 0131","525","11","","29"
"22","0","DuPAGE","0","Over Votes","320","8TH CONGRESS","Bloomingdale  037 - 0131","525","11","","0"
"22","0","DuPAGE","0","Under Votes","320","8TH CONGRESS","Bloomingdale  037 - 0131","525","11","","2"
"22","0","DuPAGE","580","JUNAID AHMED","320","8TH CONGRESS","Bloomingdale  038 - 0134","0","11","","0"
"22","0","DuPAGE","585","RAJA KRISHNAMOORTHI","320","8TH CONGRESS","Bloomingdale  038 - 0134","0","11","","0"
"22","0","DuPAGE","0","Over Votes","320","8TH CONGRESS","Bloomingdale  038 - 0134","0","11","","0"
"22","0","DuPAGE","0","Under Votes","320","8TH CONGRESS","Bloomingdale  038 - 0134","0","11","","0"
"22","0","DuPAGE","580","JUNAID AHMED","320","8TH CONGRESS","Bloomingdale  041 - 0137","603","11","","13"
"16","0","COOK","580","JUNAID AHMED","320","8TH CONGRESS","8700062","1400","11","Democratic","34"
"16","0","COOK","0","Under Votes","320","8TH CONGRESS","8700062","1400","11","Democratic","0"
"16","0","COOK","585","RAJA KRISHNAMOORTHI","320","8TH CONGRESS","8700066","1587","11","Democratic","75"
"16","0","COOK","0","Over Votes","320","8TH CONGRESS","8700066","1587","11","Democratic","0"
"16","0","COOK","580","JUNAID AHMED","320","8TH CONGRESS","8700066","1587","11","Democratic","60"
"16","0","COOK","0","Under Votes","320","8TH CONGRESS","8700066","1587","11","Democratic","2"
"16","0","COOK","585","RAJA KRISHNAMOORTHI","320","8TH CONGRESS","9300010","799","11","Democratic","44"
"16","0","COOK","580","JUNAID AHMED","320","8TH CONGRESS","9300010","799","11","Democratic","14"
"16","0","COOK","0","Over Votes","320","8TH CONGRESS","9300010","799","11","Democratic","0"
"16","0","COOK","0","Under Votes","320","8TH CONGRESS","9300010","799","11","Democratic","1"
"16","0","COOK","585","RAJA KRISHNAMOORTHI","320","8TH CONGRESS","9300014","1458","11","Democratic","154"
"16","0","COOK","0","Over Votes","320","8TH CONGRESS","9300014","1458","11","Democratic","0"
"16","0","COOK","580","JUNAID AHMED","320","8TH CONGRESS","9300014","1458","11","Democratic","30"
"16","0","COOK","0","Under Votes","320","8TH CONGRESS","9300014","1458","11","Democratic","1"
"16","0","COOK","585","RAJA KRISHNAMOORTHI","320","8TH CONGRESS","9300017","1714","11","Democratic","149"
"16","0","COOK","0","Over Votes","320","8TH CONGRESS","9300017","1714","11","Democratic","0"
"16","0","COOK","580","JUNAID AHMED","320","8TH CONGRESS","9300017","1714","11","Democratic","40"
"16","0","COOK","0","Under Votes","320","8TH CONGRESS","9300017","1714","11","Democratic","1"
"16","0","COOK","585","RAJA KRISHNAMOORTHI","320","8TH CONGRESS","9300020","1534","11","Democratic","155"
"16","0","COOK","0","Over Votes","320","8TH CONGRESS","9300020","1534","11","Democratic","0"
"16","0","COOK","580","JUNAID AHMED","320","8TH CONGRESS","9300020","1534","11","Democratic","51"
"16","0","COOK","0","Under Votes","320","8TH CONGRESS","9300020","1534","11","Democratic","1"
"16","0","COOK","585","RAJA KRISHNAMOORTHI","320","8TH CONGRESS","9300046","724","11","Democratic","63"
"16","0","COOK","580","JUNAID AHMED","320","8TH CONGRESS","9300046","724","11","Democratic","13"
"16","0","COOK","0","Over Votes","320","8TH CONGRESS","9300046","724","11","Democratic","0"
"16","0","COOK","585","RAJA KRISHNAMOORTHI","320","8TH CONGRESS","7400004","1130","11","Democratic","102"
"16","0","COOK","580","JUNAID AHMED","320","8TH CONGRESS","7400004","1130","11","Democratic","19"
"16","0","COOK","0","Under Votes","320","8TH CONGRESS","7400004","1130","11","Democratic","2"
"16","0","COOK","0","Over Votes","320","8TH CONGRESS","7400004","1130","11","Democratic","0"
"16","0","COOK","585","RAJA KRISHNAMOORTHI","320","8TH CONGRESS","7400011","1080","11","Democratic","76"
"16","0","COOK","580","JUNAID AHMED","320","8TH CONGRESS","7400011","1080","11","Democratic","44"
"16","0","COOK","0","Over Votes","320","8TH CONGRESS","7400011","1080","11","Democratic","0"
"16","0","COOK","0","Under Votes","320","8TH CONGRESS","7400011","1080","11","Democratic","3"
"16","0","COOK","585","RAJA KRISHNAMOORTHI","320","8TH CONGRESS","7400015","1664","11","Democratic","106"
"16","0","COOK","580","JUNAID AHMED","320","8TH CONGRESS","7400015","1664","11","Democratic","51"
"16","0","COOK","0","Over Votes","320","8TH CONGRESS","7400015","1664","11","Democratic","0"
"16","0","COOK","0","Under Votes","320","8TH CONGRESS","7400015","1664","11","Democratic","2"
"16","0","COOK","585","RAJA KRISHNAMOORTHI","320","8TH CONGRESS","7400040","1303","11","Democratic","90"
"16","0","COOK","580","JUNAID AHMED","320","8TH CONGRESS","7400040","1303","11","Democratic","29"
"16","0","COOK","0","Over Votes","320","8TH CONGRESS","7400040","1303","11","Democratic","0"
"16","0","COOK","0","Under Votes","320","8TH CONGRESS","7400040","1303","11","Democratic","3"
"16","0","COOK","585","RAJA KRISHNAMOORTHI","320","8TH CONGRESS","7400045","795","11","Democratic","102"
"16","0","COOK","580","JUNAID AHMED","320","8TH CONGRESS","7400045","795","11","Democratic","17"
"16","0","COOK","0","Over Votes","320","8TH CONGRESS","7400045","795","11","Democratic","0"
"45","0","KANE","0","Under Votes","320","8TH CONGRESS","EL0018","2516","11","Democratic","1"
"45","0","KANE","0","Over Votes","320","8TH CONGRESS","EL0018","2516","11","Democratic","0"
"45","0","KANE","585","RAJA KRISHNAMOORTHI","320","8TH CONGRESS","EL0018","2516","11","Democratic","47"
"45","0","KANE","580","JUNAID AHMED","320","8TH CONGRESS","EL0025","2178","11","Democratic","27"
"45","0","KANE","0","Under Votes","320","8TH CONGRESS","EL0025","2178","11","Democratic","2"
"45","0","KANE","0","Over Votes","320","8TH CONGRESS","EL0025","2178","11","Democratic","0"
"45","0","KANE","585","RAJA KRISHNAMOORTHI","320","8TH CONGRESS","EL0025","2178","11","Democratic","74"
"45","0","KANE","585","RAJA KRISHNAMOORTHI","320","8TH CONGRESS","EL0047","1980","11","Democratic","27"
"45","0","KANE","580","JUNAID AHMED","320","8TH CONGRESS","EL0047","1980","11","Democratic","30"
"45","0","KANE","0","Under Votes","320","8TH CONGRESS","EL0047","1980","11","Democratic","0"
"45","0","KANE","0","Over Votes","320","8TH CONGRESS","EL0047","1980","11","Democratic","0"
"45","0","KANE","585","RAJA KRISHNAMOORTHI","320","8TH CONGRESS","RU0008","2976","11","Democratic","46"
"45","0","KANE","580","JUNAID AHMED","320","8TH CONGRESS","RU0008","2976","11","Democratic","47"
"45","0","KANE","0","Over Votes","320","8TH CONGRESS","RU0008","2976","11","Democratic","0"
"45","0","KANE","0","Under Votes","320","8TH CONGRESS","RU0008","2976","11","Democratic","0"
"45","0","KANE","585","RAJA KRISHNAMOORTHI","320","8TH CONGRESS","SC0012","2477","11","Democratic","33"
"45","0","KANE","580","JUNAID AHMED","320","8TH CONGRESS","SC0012","2477","11","Democratic","22"
"45","0","KANE","0","Under Votes","320","8TH CONGRESS","SC0012","2477","11","Democratic","1"
"45","0","KANE","0","Over Votes","320","8TH CONGRESS","SC0012","2477","11","Democratic","0"
"45","0","KANE","585","RAJA KRISHNAMOORTHI","320","8TH CONGRESS","SC0027","1800","11","Democratic","67"
"45","0","KANE","0","Under Votes","320","8TH CONGRESS","DU0005","2990","11","Democratic","4"
"45","0","KANE","0","Over Votes","320","8TH CONGRESS","DU0005","2990","11","Democratic","0"
"45","0","KANE","585","RAJA KRISHNAMOORTHI","320","8TH CONGRESS","DU0005","2990","11","Democratic","115"
"45","0","KANE","580","JUNAID AHMED","320","8TH CONGRESS","DU0005","2990","11","Democratic","18"
"45","0","KANE","580","JUNAID AHMED","320","8TH CONGRESS","DU0012","1598","11","Democratic","8"
"45","0","KANE","0","Over Votes","320","8TH CONGRESS","DU0012","1598","11","Democratic","0"
"45","0","KANE","0","Under Votes","320","8TH CONGRESS","DU0012","1598","11","Democratic","1"
"45","0","KANE","585","RAJA KRISHNAMOORTHI","320","8TH CONGRESS","DU0012","1598","11","Democratic","20"
"45","0","KANE","0","Under Votes","320","8TH CONGRESS","DU0018","3088","11","Democratic","3"
"45","0","KANE","0","Over Votes","320","8TH CONGRESS","DU0018","3088","11","Democratic","0"
"45","0","KANE","585","RAJA KRISHNAMOORTHI","320","8TH CONGRESS","DU0018","3088","11","Democratic","102"
"45","0","KANE","580","JUNAID AHMED","320","8TH CONGRESS","DU0018","3088","11","Democratic","30"
"45","0","KANE","0","Under Votes","320","8TH CONGRESS","DU0026","1422","11","Democratic","0"
"45","0","KANE","0","Over Votes","320","8TH CONGRESS","DU0026","1422","11","Democratic","0"
"45","0","KANE","585","RAJA KRISHNAMOORTHI","320","8TH CONGRESS","DU0026","1422","11","Democratic","49"
"45","0","KANE","580","JUNAID AHMED","320","8TH CONGRESS","DU0026","1422","11","Democratic","19"
"45","0","KANE","580","JUNAID AHMED","320","8TH CONGRESS","DU0034","2854","11","Democratic","43"
"45","0","KANE","0","Over Votes","320","8TH CONGRESS","DU0034","2854","11","Democratic","0"
"45","0","KANE","0","Under Votes","320","8TH CONGRESS","DU0034","2854","11","Democratic","4"
"45","0","KANE","585","RAJA KRISHNAMOORTHI","320","8TH CONGRESS","DU0034","2854","11","Democratic","75"
"45","0","KANE","580","JUNAID AHMED","320","8TH CONGRESS","EL0007","1702","11","Democratic","27"
"45","0","KANE","0","Under Votes","320","8TH CONGRESS","EL0007","1702","11","Democratic","2"
"45","0","KANE","0","Over Votes","320","8TH CONGRESS","EL0007","1702","11","Democratic","0"
"45","0","KANE","585","RAJA KRISHNAMOORTHI","320","8TH CONGRESS","EL0007","1702","11","Democratic","67"
"45","0","KANE","0","Over Votes","320","8TH CONGRESS","DU0027","2140","12","Republican","0"
"45","0","KANE","565","PHILLIP OWEN WOOD","320","8TH CONGRESS","DU0027","2140","12","Republican","8"
"45","0","KANE","555","CHAD KOPPIE","320","8TH CONGRESS","DU0027","2140","12","Republican","11"
"45","0","KANE","0","Under Votes","320","8TH CONGRESS","DU0027","2140","12","Republican","4"
"45","0","KANE","560","PETER KOPSAFTIS","320","8TH CONGRESS","DU0035","1394","12","Republican","13"
"45","0","KANE","575","CHRIS DARGIS","320","8TH CONGRESS","DU0035","1394","12","Republican","17"
"45","0","KANE","570","KAREN KOLODZIEJ","320","8TH CONGRESS","DU0035","1394","12","Republican","6"
"45","0","KANE","0","Over Votes","320","8TH CONGRESS","DU0035","1394","12","Republican","0"
"45","0","KANE","565","PHILLIP OWEN WOOD","320","8TH CONGRESS","DU0035","1394","12","Republican","12"
"45","0","KANE","555","CHAD KOPPIE","320","8TH CONGRESS","DU0035","1394","12","Republican","13"
"45","0","KANE","0","Under Votes","320","8TH CONGRESS","DU0035","1394","12","Republican","6"
"45","0","KANE","560","PETER KOPSAFTIS","320","8TH CONGRESS","EL0008","1728","12","Republican","14"
"45","0","KANE","570","KAREN KOLODZIEJ","320","8TH CONGRESS","EL0008","1728","12","Republican","8"
"45","0","KANE","575","CHRIS DARGIS","320","8TH CONGRESS","EL0008","1728","12","Republican","25"
"45","0","KANE","0","Over Votes","320","8TH CONGRESS","EL0008","1728","12","Republican","0"
"45","0","KANE","565","PHILLIP OWEN WOOD","320","8TH CONGRESS","EL0008","1728","12","Republican","13"
"45","0","KANE","555","CHAD KOPPIE","320","8TH CONGRESS","EL0008","1728","12","Republican","10"
"45","0","KANE","0","Under Votes","320","8TH CONGRESS","EL0008","1728","12","Republican","8"
"45","0","KANE","575","CHRIS DARGIS","320","8TH CONGRESS","EL0014","2812","12","Republican","26"
"45","0","KANE","570","KAREN KOLODZIEJ","320","8TH CONGRESS","EL0014","2812","12","Republican","26"
"45","0","KANE","560","PETER KOPSAFTIS","320","8TH CONGRESS","EL0014","2812","12","Republican","9"
"45","0","KANE","0","Over Votes","320","8TH CONGRESS","EL0014","2812","12","Republican","0"
"45","0","KANE","565","PHILLIP OWEN WOOD","320","8TH CONGRESS","EL0014","2812","12","Republican","30"
"45","0","KANE","555","CHAD KOPPIE","320","8TH CONGRESS","EL0014","2812","12","Republican","19"
"45","0","KANE","0","Under Votes","320","8TH CONGRESS","EL0014","2812","12","Republican","11"
"45","0","KANE","575","CHRIS DARGIS","320","8TH CONGRESS","DU0005","2990","12","Republican","46"
"45","0","KANE","570","KAREN KOLODZIEJ","320","8TH CONGRESS","DU0005","2990","12","Republican","13"
"45","0","KANE","560","PETER KOPSAFTIS","320","8TH CONGRESS","DU0005","2990","12","Republican","9"
"45","0","KANE","0","Over Votes","320","8TH CONGRESS","DU0005","2990","12","Republican","0"
"45","0","KANE","565","PHILLIP OWEN WOOD","320","8TH CONGRESS","DU0005","2990","12","Republican","24"
"45","0","KANE","555","CHAD KOPPIE","320","8TH CONGRESS","DU0005","2990","12","Republican","70"
"45","0","KANE","0","Under Votes","320","8TH CONGRESS","DU0005","2990","12","Republican","10"
"45","0","KANE","575","CHRIS DARGIS","320","8TH CONGRESS","DU0012","1598","12","Republican","11"
"45","0","KANE","570","KAREN KOLODZIEJ","320","8TH CONGRESS","DU0012","1598","12","Republican","5"
"45","0","KANE","560","PETER KOPSAFTIS","320","8TH CONGRESS","DU0012","1598","12","Republican","2"
"45","0","KANE","0","Over Votes","320","8TH CONGRESS","DU0012","1598","12","Republican","0"
"45","0","KANE","565","PHILLIP OWEN WOOD","320","8TH CONGRESS","DU0012","1598","12","Republican","9"
"45","0","KANE","555","CHAD KOPPIE","320","8TH CONGRESS","DU0012","1598","12","Republican","4"
"45","0","KANE","0","Under Votes","320","8TH CONGRESS","DU0012","1598","12","Republican","1"
"45","0","KANE","555","CHAD KOPPIE","320","8TH CONGRESS","DU0018","3088","12","Republican","34"
"45","0","KANE","575","CHRIS DARGIS","320","8TH CONGRESS","DU0018","3088","12","Republican","60"
"45","0","KANE","570","KAREN KOLODZIEJ","320","8TH CONGRESS","DU0018","3088","12","Republican","27"
"45","0","KANE","560","PETER KOPSAFTIS","320","8TH CONGRESS","DU0018","3088","12","Republican","35"
"45","0","KANE","0","Over Votes","320","8TH CONGRESS","DU0018","3088","12","Republican","0"
"22","0","DuPAGE","585","RAJA KRISHNAMOORTHI","320","8TH CONGRESS","Bloomingdale  041 - 0137","603","11","","39"
"22","0","DuPAGE","0","Over Votes","320","8TH CONGRESS","Bloomingdale  041 - 0137","603","11","","0"
"22","0","DuPAGE","0","Under Votes","320","8TH CONGRESS","Bloomingdale  041 - 0137","603","11","","1"
"22","0","DuPAGE","580","JUNAID AHMED","320","8TH CONGRESS","Bloomingdale  058 - 0157","785","11","","37"
"22","0","DuPAGE","585","RAJA KRISHNAMOORTHI","320","8TH CONGRESS","Bloomingdale  058 - 0157","785","11","","57"
"22","0","DuPAGE","0","Over Votes","320","8TH CONGRESS","Bloomingdale  058 - 0157","785","11","","0"
"22","0","DuPAGE","0","Under Votes","320","8TH CONGRESS","Bloomingdale  058 - 0157","785","11","","1"
"22","0","DuPAGE","580","JUNAID AHMED","320","8TH CONGRESS","Bloomingdale  060 - 0160","782","11","","19"
"22","0","DuPAGE","585","RAJA KRISHNAMOORTHI","320","8TH CONGRESS","Bloomingdale  060 - 0160","782","11","","51"
"22","0","DuPAGE","0","Over Votes","320","8TH CONGRESS","Bloomingdale  060 - 0160","782","11","","0"
"22","0","DuPAGE","0","Under Votes","320","8TH CONGRESS","Bloomingdale  060 - 0160","782","11","","3"
"22","0","DuPAGE","580","JUNAID AHMED","320","8TH CONGRESS","Bloomingdale  065 - 0166","1022","11","","25"
"22","0","DuPAGE","585","RAJA KRISHNAMOORTHI","320","8TH CONGRESS","Bloomingdale  065 - 0166","1022","11","","49"
"22","0","DuPAGE","0","Over Votes","320","8TH CONGRESS","Bloomingdale  065 - 0166","1022","11","","0"
"22","0","DuPAGE","0","Under Votes","320","8TH CONGRESS","Bloomingdale  065 - 0166","1022","11","","1"
"22","0","DuPAGE","580","JUNAID AHMED","320","8TH CONGRESS","Bloomingdale  083 - 0189","202","11","","6"
"22","0","DuPAGE","585","RAJA KRISHNAMOORTHI","320","8TH CONGRESS","Bloomingdale  083 - 0189","202","11","","9"
"22","0","DuPAGE","0","Over Votes","320","8TH CONGRESS","Bloomingdale  083 - 0189","202","11","","0"
"22","0","DuPAGE","0","Under Votes","320","8TH CONGRESS","Bloomingdale  083 - 0189","202","11","","0"
"22","0","DuPAGE","580","JUNAID AHMED","320","8TH CONGRESS","Bloomingdale  087 - 0195","701","11","","15"
"22","0","DuPAGE","585","RAJA KRISHNAMOORTHI","320","8TH CONGRESS","Bloomingdale  087 - 0195","701","11","","52"
"22","0","DuPAGE","0","Over Votes","320","8TH CONGRESS","Bloomingdale  087 - 0195","701","11","","0"
"22","0","DuPAGE","0","Under Votes","320","8TH CONGRESS","Bloomingdale  087 - 0195","701","11","","0"
"22","0","DuPAGE","580","JUNAID AHMED","320","8TH CONGRESS","Addison  005 - 0218","0","11","","0"
"22","0","DuPAGE","585","RAJA KRISHNAMOORTHI","320","8TH CONGRESS","Addison  005 - 0218","0","11","","0"
"22","0","DuPAGE","0","Over Votes","320","8TH CONGRESS","Addison  005 - 0218","0","11","","0"
"22","0","DuPAGE","0","Under Votes","320","8TH CONGRESS","Addison  005 - 0218","0","11","","0"
"22","0","DuPAGE","580","JUNAID AHMED","320","8TH CONGRESS","Addison  007 - 0221","193","11","","3"
"22","0","DuPAGE","585","RAJA KRISHNAMOORTHI","320","8TH CONGRESS","Addison  007 - 0221","193","11","","8"
"22","0","DuPAGE","580","JUNAID AHMED","320","8TH CONGRESS","Wayne  014 - 0023","648","11","","11"
"22","0","DuPAGE","585","RAJA KRISHNAMOORTHI","320","8TH CONGRESS","Wayne  014 - 0023","648","11","","41"
"22","0","DuPAGE","0","Over Votes","320","8TH CONGRESS","Wayne  014 - 0023","648","11","","0"
"22","0","DuPAGE","0","Under Votes","320","8TH CONGRESS","Wayne  014 - 0023","648","11","","0"
"22","0","DuPAGE","585","RAJA KRISHNAMOORTHI","320","8TH CONGRESS","Wayne  052 - 0075","604","11","","31"
"22","0","DuPAGE","0","Over Votes","320","8TH CONGRESS","Wayne  052 - 0075","604","11","","0"
"22","0","DuPAGE","0","Under Votes","320","8TH CONGRESS","Wayne  052 - 0075","604","11","","0"
"22","0","DuPAGE","580","JUNAID AHMED","320","8TH CONGRESS","Wayne  052 - 0075","604","11","","16"
"22","0","DuPAGE","580","JUNAID AHMED","320","8TH CONGRESS","Wayne  055 - 0078","593","11","","12"
"22","0","DuPAGE","585","RAJA KRISHNAMOORTHI","320","8TH CONGRESS","Wayne  055 - 0078","593","11","","69"
"22","0","DuPAGE","0","Over Votes","320","8TH CONGRESS","Wayne  055 - 0078","593","11","","0"
"22","0","DuPAGE","0","Under Votes","320","8TH CONGRESS","Wayne  055 - 0078","593","11","","0"
"16","0","COOK","0","Under Votes","320","8TH CONGRESS","7400045","795","11","Democratic","8"
"16","0","COOK","585","RAJA KRISHNAMOORTHI","320","8TH CONGRESS","7600004","1321","11","Democratic","1"
"16","0","COOK","580","JUNAID AHMED","320","8TH CONGRESS","7600004","1321","11","Democratic","2"
"16","0","COOK","0","Under Votes","320","8TH CONGRESS","7600004","1321","11","Democratic","0"
"16","0","COOK","0","Over Votes","320","8TH CONGRESS","7600004","1321","11","Democratic","0"
"16","0","COOK","585","RAJA KRISHNAMOORTHI","320","8TH CONGRESS","7600007","1231","11","Democratic","73"
"16","0","COOK","580","JUNAID AHMED","320","8TH CONGRESS","7600007","1231","11","Democratic","25"
"16","0","COOK","0","Over Votes","320","8TH CONGRESS","7600007","1231","11","Democratic","0"
"16","0","COOK","0","Under Votes","320","8TH CONGRESS","7600007","1231","11","Democratic","2"
"16","0","COOK","585","RAJA KRISHNAMOORTHI","320","8TH CONGRESS","7600010","727","11","Democratic","43"
"16","0","COOK","580","JUNAID AHMED","320","8TH CONGRESS","7600010","727","11","Democratic","14"
"16","0","COOK","0","Over Votes","320","8TH CONGRESS","7600010","727","11","Democratic","0"
"16","0","COOK","0","Under Votes","320","8TH CONGRESS","7600010","727","11","Democratic","3"
"16","0","COOK","585","RAJA KRISHNAMOORTHI","320","8TH CONGRESS","7600036","963","11","Democratic","59"
"16","0","COOK","580","JUNAID AHMED","320","8TH CONGRESS","7600036","963","11","Democratic","18"
"16","0","COOK","0","Over Votes","320","8TH CONGRESS","7600036","963","11","Democratic","0"
"16","0","COOK","0","Under Votes","320","8TH CONGRESS","7600036","963","11","Democratic","3"
"16","0","COOK","585","RAJA KRISHNAMOORTHI","320","8TH CONGRESS","7800042","1200","11","Democratic","50"
"16","0","COOK","0","Over Votes","320","8TH CONGRESS","7800042","1200","11","Democratic","0"
"16","0","COOK","580","JUNAID AHMED","320","8TH CONGRESS","7800042","1200","11","Democratic","15"
"16","0","COOK","0","Under Votes","320","8TH CONGRESS","7800042","1200","11","Democratic","3"
"16","0","COOK","585","RAJA KRISHNAMOORTHI","320","8TH CONGRESS","8000012","697","11","Democratic","61"
"16","0","COOK","580","JUNAID AHMED","320","8TH CONGRESS","8000012","697","11","Democratic","26"
"16","0","COOK","0","Over Votes","320","8TH CONGRESS","8000012","697","11","Democratic","0"
"16","0","COOK","0","Under Votes","320","8TH CONGRESS","8000012","697","11","Democratic","6"
"16","0","COOK","585","RAJA KRISHNAMOORTHI","320","8TH CONGRESS","8000018","851","11","Democratic","43"
"16","0","COOK","0","Over Votes","320","8TH CONGRESS","8000018","851","11","Democratic","0"
"16","0","COOK","580","JUNAID AHMED","320","8TH CONGRESS","8000018","851","11","Democratic","43"
"16","0","COOK","0","Under Votes","320","8TH CONGRESS","8000018","851","11","Democratic","5"
"16","0","COOK","585","RAJA KRISHNAMOORTHI","320","8TH CONGRESS","8000049","987","11","Democratic","62"
"16","0","COOK","0","Over Votes","320","8TH CONGRESS","8000049","987","11","Democratic","0"
"16","0","COOK","580","JUNAID AHMED","320","8TH CONGRESS","8000049","987","11","Democratic","38"
"16","0","COOK","0","Under Votes","320","8TH CONGRESS","8000049","987","11","Democratic","1"
"16","0","COOK","585","RAJA KRISHNAMOORTHI","320","8TH CONGRESS","8700021","1380","11","Democratic","119"
"16","0","COOK","580","JUNAID AHMED","320","8TH CONGRESS","8700021","1380","11","Democratic","40"
"16","0","COOK","0","Over Votes","320","8TH CONGRESS","8700021","1380","11","Democratic","0"
"16","0","COOK","0","Under Votes","320","8TH CONGRESS","8700021","1380","11","Democratic","1"
"16","0","COOK","585","RAJA KRISHNAMOORTHI","320","8TH CONGRESS","8700024","1452","11","Democratic","115"
"16","0","COOK","0","Over Votes","320","8TH CONGRESS","8700024","1452","11","Democratic","0"
"16","0","COOK","580","JUNAID AHMED","320","8TH CONGRESS","8700024","1452","11","Democratic","47"
"16","0","COOK","0","Under Votes","320","8TH CONGRESS","8700024","1452","11","Democratic","3"
"16","0","COOK","585","RAJA KRISHNAMOORTHI","320","8TH CONGRESS","8700027","1669","11","Democratic","62"
"16","0","COOK","580","JUNAID AHMED","320","8TH CONGRESS","8700027","1669","11","Democratic","37"
"16","0","COOK","0","Over Votes","320","8TH CONGRESS","8700027","1669","11","Democratic","0"
"45","0","KANE","0","Under Votes","320","8TH CONGRESS","EL0013","1816","11","Democratic","2"
"45","0","KANE","0","Over Votes","320","8TH CONGRESS","EL0013","1816","11","Democratic","0"
"45","0","KANE","585","RAJA KRISHNAMOORTHI","320","8TH CONGRESS","EL0013","1816","11","Democratic","61"
"45","0","KANE","580","JUNAID AHMED","320","8TH CONGRESS","EL0013","1816","11","Democratic","39"
"45","0","KANE","0","Over Votes","320","8TH CONGRESS","EL0019","1696","11","Democratic","0"
"45","0","KANE","0","Under Votes","320","8TH CONGRESS","EL0019","1696","11","Democratic","0"
"45","0","KANE","585","RAJA KRISHNAMOORTHI","320","8TH CONGRESS","EL0019","1696","11","Democratic","19"
"45","0","KANE","580","JUNAID AHMED","320","8TH CONGRESS","EL0019","1696","11","Democratic","18"
"45","0","KANE","580","JUNAID AHMED","320","8TH CONGRESS","EL0026","2516","11","Democratic","35"
"45","0","KANE","0","Over Votes","320","8TH CONGRESS","EL0026","2516","11","Democratic","0"
"45","0","KANE","0","Under Votes","320","8TH CONGRESS","EL0026","2516","11","Democratic","5"
"45","0","KANE","585","RAJA KRISHNAMOORTHI","320","8TH CONGRESS","EL0026","2516","11","Democratic","59"
"45","0","KANE","585","RAJA KRISHNAMOORTHI","320","8TH CONGRESS","EL0039","2100","11","Democratic","29"
"45","0","KANE","580","JUNAID AHMED","320","8TH CONGRESS","EL0039","2100","11","Democratic","19"
"45","0","KANE","0","Over Votes","320","8TH CONGRESS","EL0039","2100","11","Democratic","0"
"45","0","KANE","0","Under Votes","320","8TH CONGRESS","EL0039","2100","11","Democratic","0"
"45","0","KANE","585","RAJA KRISHNAMOORTHI","320","8TH CONGRESS","EL0048","2308","11","Democratic","90"
"45","0","KANE","580","JUNAID AHMED","320","8TH CONGRESS","EL0048","2308","11","Democratic","51"
"45","0","KANE","0","Over Votes","320","8TH CONGRESS","EL0048","2308","11","Democratic","0"
"45","0","KANE","0","Under Votes","320","8TH CONGRESS","EL0048","2308","11","Democratic","3"
"45","0","KANE","585","RAJA KRISHNAMOORTHI","320","8TH CONGRESS","GE0014","2062","11","Democratic","68"
"45","0","KANE","580","JUNAID AHMED","320","8TH CONGRESS","GE0014","2062","11","Democratic","40"
"45","0","KANE","0","Over Votes","320","8TH CONGRESS","GE0014","2062","11","Democratic","0"
"45","0","KANE","0","Under Votes","320","8TH CONGRESS","GE0014","2062","11","Democratic","4"
"45","0","KANE","585","RAJA KRISHNAMOORTHI","320","8TH CONGRESS","RU0002","3228","11","Democratic","98"
"45","0","KANE","585","RAJA KRISHNAMOORTHI","320","8TH CONGRESS","DU0015","1410","11","Democratic","26"
"45","0","KANE","580","JUNAID AHMED","320","8TH CONGRESS","DU0015","1410","11","Democratic","10"
"45","0","KANE","0","Under Votes","320","8TH CONGRESS","DU0015","1410","11","Democratic","0"
"45","0","KANE","0","Over Votes","320","8TH CONGRESS","DU0015","1410","11","Democratic","0"
"45","0","KANE","585","RAJA KRISHNAMOORTHI","320","8TH CONGRESS","DU0021","1546","11","Democratic","19"
"45","0","KANE","580","JUNAID AHMED","320","8TH CONGRESS","DU0021","1546","11","Democratic","10"
"45","0","KANE","0","Under Votes","320","8TH CONGRESS","DU0021","1546","11","Democratic","0"
"45","0","KANE","0","Over Votes","320","8TH CONGRESS","DU0021","1546","11","Democratic","0"
"45","0","KANE","585","RAJA KRISHNAMOORTHI","320","8TH CONGRESS","DU0029","1642","11","Democratic","47"
"45","0","KANE","580","JUNAID AHMED","320","8TH CONGRESS","DU0029","1642","11","Democratic","29"
"45","0","KANE","0","Under Votes","320","8TH CONGRESS","DU0029","1642","11","Democratic","3"
"45","0","KANE","0","Over Votes","320","8TH CONGRESS","DU0029","1642","11","Democratic","0"
"45","0","KANE","585","RAJA KRISHNAMOORTHI","320","8TH CONGRESS","EL0002","2384","11","Democratic","77"
"45","0","KANE","0","Under Votes","320","8TH CONGRESS","EL0002","2384","11","Democratic","2"
"45","0","KANE","0","Over Votes","320","8TH CONGRESS","EL0002","2384","11","Democratic","0"
"45","0","KANE","580","JUNAID AHMED","320","8TH CONGRESS","EL0002","2384","11","Democratic","41"
"45","0","KANE","585","RAJA KRISHNAMOORTHI","320","8TH CONGRESS","EL0010","2532","11","Democratic","98"
"45","0","KANE","0","Over Votes","320","8TH CONGRESS","EL0010","2532","11","Democratic","0"
"45","0","KANE","0","Under Votes","320","8TH CONGRESS","EL0010","2532","11","Democratic","0"
"45","0","KANE","565","PHILLIP OWEN WOOD","320","8TH CONGRESS","DU0018","3088","12","Republican","36"
"45","0","KANE","0","Under Votes","320","8TH CONGRESS","DU0018","3088","12","Republican","9"
"45","0","KANE","575","CHRIS DARGIS","320","8TH CONGRESS","DU0026","1422","12","Republican","38"
"45","0","KANE","570","KAREN KOLODZIEJ","320","8TH CONGRESS","DU0026","1422","12","Republican","8"
"45","0","KANE","560","PETER KOPSAFTIS","320","8TH CONGRESS","DU0026","1422","12","Republican","12"
"45","0","KANE","0","Over Votes","320","8TH CONGRESS","DU0026","1422","12","Republican","0"
"45","0","KANE","565","PHILLIP OWEN WOOD","320","8TH CONGRESS","DU0026","1422","12","Republican","10"
"45","0","KANE","555","CHAD KOPPIE","320","8TH CONGRESS","DU0026","1422","12","Republican","16"
"45","0","KANE","0","Under Votes","320","8TH CONGRESS","DU0026","1422","12","Republican","9"
"45","0","KANE","575","CHRIS DARGIS","320","8TH CONGRESS","DU0034","2854","12","Republican","39"
"45","0","KANE","570","KAREN KOLODZIEJ","320","8TH CONGRESS","DU0034","2854","12","Republican","12"
"45","0","KANE","560","PETER KOPSAFTIS","320","8TH CONGRESS","DU0034","2854","12","Republican","14"
"45","0","KANE","0","Over Votes","320","8TH CONGRESS","DU0034","2854","12","Republican","0"
"45","0","KANE","565","PHILLIP OWEN WOOD","320","8TH CONGRESS","DU0034","2854","12","Republican","16"
"45","0","KANE","555","CHAD KOPPIE","320","8TH CONGRESS","DU0034","2854","12","Republican","23"
"45","0","KANE","0","Under Votes","320","8TH CONGRESS","DU0034","2854","12","Republican","14"
"45","0","KANE","575","CHRIS DARGIS","320","8TH CONGRESS","EL0007","1702","12","Republican","31"
"45","0","KANE","565","PHILLIP OWEN WOOD","320","8TH CONGRESS","EL0007","1702","12","Republican","36"
"45","0","KANE","570","KAREN KOLODZIEJ","320","8TH CONGRESS","EL0007","1702","12","Republican","14"
"45","0","KANE","560","PETER KOPSAFTIS","320","8TH CONGRESS","EL0007","1702","12","Republican","19"
"45","0","KANE","0","Over Votes","320","8TH CONGRESS","EL0007","1702","12","Republican","0"
"45","0","KANE","555","CHAD KOPPIE","320","8TH CONGRESS","EL0007","1702","12","Republican","25"
"45","0","KANE","0","Under Votes","320","8TH CONGRESS","EL0007","1702","12","Republican","2"
"45","0","KANE","565","PHILLIP OWEN WOOD","320","8TH CONGRESS","EL0013","1816","12","Republican","3"
"45","0","KANE","575","CHRIS DARGIS","320","8TH CONGRESS","EL0013","1816","12","Republican","12"
"45","0","KANE","570","KAREN KOLODZIEJ","320","8TH CONGRESS","EL0013","1816","12","Republican","6"
"45","0","KANE","560","PETER KOPSAFTIS","320","8TH CONGRESS","EL0013","1816","12","Republican","4"
"45","0","KANE","0","Over Votes","320","8TH CONGRESS","EL0013","1816","12","Republican","0"
"45","0","KANE","555","CHAD KOPPIE","320","8TH CONGRESS","EL0013","1816","12","Republican","3"
"45","0","KANE","0","Under Votes","320","8TH CONGRESS","EL0013","1816","12","Republican","3"
"45","0","KANE","555","CHAD KOPPIE","320","8TH CONGRESS","DU0014","2392","12","Republican","26"
"45","0","KANE","575","CHRIS DARGIS","320","8TH CONGRESS","DU0014","2392","12","Republican","21"
"45","0","KANE","570","KAREN KOLODZIEJ","320","8TH CONGRESS","DU0014","2392","12","Republican","11"
"45","0","KANE","560","PETER KOPSAFTIS","320","8TH CONGRESS","DU0014","2392","12","Republican","8"
"45","0","KANE","565","PHILLIP OWEN WOOD","320","8TH CONGRESS","DU0014","2392","12","Republican","24"
"45","0","KANE","0","Over Votes","320","8TH CONGRESS","DU0014","2392","12","Republican","0"
"45","0","KANE","0","Under Votes","320","8TH CONGRESS","DU0014","2392","12","Republican","3"
"45","0","KANE","575","CHRIS DARGIS","320","8TH CONGRESS","DU0020","2654","12","Republican","40"
"45","0","KANE","570","KAREN KOLODZIEJ","320","8TH CONGRESS","DU0020","2654","12","Republican","16"
"45","0","KANE","560","PETER KOPSAFTIS","320","8TH CONGRESS","DU0020","2654","12","Republican","17"
"45","0","KANE","565","PHILLIP OWEN WOOD","320","8TH CONGRESS","DU0020","2654","12","Republican","23"
"45","0","KANE","0","Over Votes","320","8TH CONGRESS","DU0020","2654","12","Republican","0"
"45","0","KANE","555","CHAD KOPPIE","320","8TH CONGRESS","DU0020","2654","12","Republican","32"
"45","0","KANE","0","Under Votes","320","8TH CONGRESS","DU0020","2654","12","Republican","4"
"22","0","DuPAGE","580","JUNAID AHMED","320","8TH CONGRESS","Wayne  057 - 0081","175","11","","2"
"22","0","DuPAGE","585","RAJA KRISHNAMOORTHI","320","8TH CONGRESS","Wayne  057 - 0081","175","11","","6"
"22","0","DuPAGE","0","Under Votes","320","8TH CONGRESS","Wayne  057 - 0081","175","11","","0"
"22","0","DuPAGE","0","Over Votes","320","8TH CONGRESS","Wayne  057 - 0081","175","11","","0"
"22","0","DuPAGE","580","JUNAID AHMED","320","8TH CONGRESS","Wayne  060 - 0084","645","11","","27"
"22","0","DuPAGE","585","RAJA KRISHNAMOORTHI","320","8TH CONGRESS","Wayne  060 - 0084","645","11","","38"
"22","0","DuPAGE","0","Under Votes","320","8TH CONGRESS","Wayne  060 - 0084","645","11","","2"
"22","0","DuPAGE","0","Over Votes","320","8TH CONGRESS","Wayne  060 - 0084","645","11","","0"
"22","0","DuPAGE","585","RAJA KRISHNAMOORTHI","320","8TH CONGRESS","Bloomingdale  010 - 0104","740","11","","45"
"22","0","DuPAGE","0","Under Votes","320","8TH CONGRESS","Bloomingdale  010 - 0104","740","11","","0"
"22","0","DuPAGE","0","Over Votes","320","8TH CONGRESS","Bloomingdale  010 - 0104","740","11","","0"
"22","0","DuPAGE","580","JUNAID AHMED","320","8TH CONGRESS","Bloomingdale  010 - 0104","740","11","","19"
"22","0","DuPAGE","580","JUNAID AHMED","320","8TH CONGRESS","Bloomingdale  013 - 0107","583","11","","8"
"22","0","DuPAGE","585","RAJA KRISHNAMOORTHI","320","8TH CONGRESS","Bloomingdale  013 - 0107","583","11","","28"
"22","0","DuPAGE","0","Under Votes","320","8TH CONGRESS","Bloomingdale  013 - 0107","583","11","","1"
"22","0","DuPAGE","0","Over Votes","320","8TH CONGRESS","Bloomingdale  013 - 0107","583","11","","0"
"22","0","DuPAGE","585","RAJA KRISHNAMOORTHI","320","8TH CONGRESS","Bloomingdale  016 - 0110","655","11","","40"
"22","0","DuPAGE","0","Under Votes","320","8TH CONGRESS","Bloomingdale  016 - 0110","655","11","","1"
"22","0","DuPAGE","0","Over Votes","320","8TH CONGRESS","Bloomingdale  016 - 0110","655","11","","0"
"22","0","DuPAGE","580","JUNAID AHMED","320","8TH CONGRESS","Bloomingdale  016 - 0110","655","11","","8"
"22","0","DuPAGE","585","RAJA KRISHNAMOORTHI","320","8TH CONGRESS","Bloomingdale  019 - 0113","707","11","","32"
"22","0","DuPAGE","0","Under Votes","320","8TH CONGRESS","Bloomingdale  019 - 0113","707","11","","0"
"22","0","DuPAGE","0","Over Votes","320","8TH CONGRESS","Bloomingdale  019 - 0113","707","11","","0"
"22","0","DuPAGE","580","JUNAID AHMED","320","8TH CONGRESS","Bloomingdale  019 - 0113","707","11","","15"
"22","0","DuPAGE","585","RAJA KRISHNAMOORTHI","320","8TH CONGRESS","Bloomingdale  040 - 0136","631","11","","31"
"22","0","DuPAGE","0","Under Votes","320","8TH CONGRESS","Bloomingdale  040 - 0136","631","11","","1"
"22","0","DuPAGE","0","Over Votes","320","8TH CONGRESS","Bloomingdale  040 - 0136","631","11","","0"
"22","0","DuPAGE","580","JUNAID AHMED","320","8TH CONGRESS","Bloomingdale  040 - 0136","631","11","","19"
"22","0","DuPAGE","585","RAJA KRISHNAMOORTHI","320","8TH CONGRESS","Bloomingdale  043 - 0139","724","11","","68"
"22","0","DuPAGE","0","Over Votes","320","8TH CONGRESS","Addison  007 - 0221","193","11","","0"
"22","0","DuPAGE","0","Under Votes","320","8TH CONGRESS","Addison  007 - 0221","193","11","","0"
"22","0","DuPAGE","580","JUNAID AHMED","320","8TH CONGRESS","Addison  058 - 0288","521","11","","8"
"22","0","DuPAGE","585","RAJA KRISHNAMOORTHI","320","8TH CONGRESS","Addison  058 - 0288","521","11","","36"
"22","0","DuPAGE","0","Over Votes","320","8TH CONGRESS","Addison  058 - 0288","521","11","","0"
"22","0","DuPAGE","0","Under Votes","320","8TH CONGRESS","Addison  058 - 0288","521","11","","2"
"22","0","DuPAGE","0","Under Votes","320","8TH CONGRESS","Bloomingdale  043 - 0139","724","11","","0"
"22","0","DuPAGE","0","Over Votes","320","8TH CONGRESS","Bloomingdale  043 - 0139","724","11","","0"
"22","0","DuPAGE","580","JUNAID AHMED","320","8TH CONGRESS","Bloomingdale  043 - 0139","724","11","","19"
"22","0","DuPAGE","580","JUNAID AHMED","320","8TH CONGRESS","Bloomingdale  064 - 0165","4","11","","0"
"22","0","DuPAGE","585","RAJA KRISHNAMOORTHI","320","8TH CONGRESS","Bloomingdale  064 - 0165","4","11","","0"
"22","0","DuPAGE","0","Under Votes","320","8TH CONGRESS","Bloomingdale  064 - 0165","4","11","","0"
"16","0","COOK","0","Under Votes","320","8TH CONGRESS","8700027","1669","11","Democratic","3"
"16","0","COOK","585","RAJA KRISHNAMOORTHI","320","8TH CONGRESS","8700060","1232","11","Democratic","81"
"16","0","COOK","580","JUNAID AHMED","320","8TH CONGRESS","8700060","1232","11","Democratic","32"
"16","0","COOK","0","Over Votes","320","8TH CONGRESS","8700060","1232","11","Democratic","0"
"16","0","COOK","0","Under Votes","320","8TH CONGRESS","8700060","1232","11","Democratic","2"
"16","0","COOK","585","RAJA KRISHNAMOORTHI","320","8TH CONGRESS","9300006","1414","11","Democratic","110"
"16","0","COOK","580","JUNAID AHMED","320","8TH CONGRESS","9300006","1414","11","Democratic","37"
"16","0","COOK","0","Over Votes","320","8TH CONGRESS","9300006","1414","11","Democratic","0"
"16","0","COOK","0","Under Votes","320","8TH CONGRESS","9300006","1414","11","Democratic","2"
"16","0","COOK","585","RAJA KRISHNAMOORTHI","320","8TH CONGRESS","9300009","985","11","Democratic","72"
"16","0","COOK","0","Over Votes","320","8TH CONGRESS","9300009","985","11","Democratic","0"
"16","0","COOK","580","JUNAID AHMED","320","8TH CONGRESS","9300009","985","11","Democratic","33"
"16","0","COOK","0","Under Votes","320","8TH CONGRESS","9300009","985","11","Democratic","3"
"16","0","COOK","585","RAJA KRISHNAMOORTHI","320","8TH CONGRESS","9300013","783","11","Democratic","58"
"16","0","COOK","0","Over Votes","320","8TH CONGRESS","9300013","783","11","Democratic","0"
"16","0","COOK","580","JUNAID AHMED","320","8TH CONGRESS","9300013","783","11","Democratic","30"
"16","0","COOK","0","Under Votes","320","8TH CONGRESS","9300013","783","11","Democratic","2"
"16","0","COOK","585","RAJA KRISHNAMOORTHI","320","8TH CONGRESS","9300016","1437","11","Democratic","87"
"16","0","COOK","0","Over Votes","320","8TH CONGRESS","9300016","1437","11","Democratic","0"
"16","0","COOK","580","JUNAID AHMED","320","8TH CONGRESS","9300016","1437","11","Democratic","47"
"16","0","COOK","0","Under Votes","320","8TH CONGRESS","9300016","1437","11","Democratic","2"
"16","0","COOK","585","RAJA KRISHNAMOORTHI","320","8TH CONGRESS","9300041","1514","11","Democratic","127"
"16","0","COOK","580","JUNAID AHMED","320","8TH CONGRESS","9300041","1514","11","Democratic","28"
"16","0","COOK","0","Over Votes","320","8TH CONGRESS","9300041","1514","11","Democratic","0"
"16","0","COOK","0","Under Votes","320","8TH CONGRESS","9300041","1514","11","Democratic","2"
"16","0","COOK","585","RAJA KRISHNAMOORTHI","320","8TH CONGRESS","9300044","1537","11","Democratic","80"
"16","0","COOK","0","Over Votes","320","8TH CONGRESS","9300044","1537","11","Democratic","0"
"16","0","COOK","580","JUNAID AHMED","320","8TH CONGRESS","9300044","1537","11","Democratic","57"
"16","0","COOK","0","Under Votes","320","8TH CONGRESS","9300044","1537","11","Democratic","3"
"16","0","COOK","585","RAJA KRISHNAMOORTHI","320","8TH CONGRESS","9300048","925","11","Democratic","76"
"16","0","COOK","0","Over Votes","320","8TH CONGRESS","9300048","925","11","Democratic","0"
"16","0","COOK","580","JUNAID AHMED","320","8TH CONGRESS","9300048","925","11","Democratic","23"
"16","0","COOK","0","Under Votes","320","8TH CONGRESS","9300048","925","11","Democratic","4"
"16","0","COOK","585","RAJA KRISHNAMOORTHI","320","8TH CONGRESS","9300076","949","11","Democratic","89"
"16","0","COOK","580","JUNAID AHMED","320","8TH CONGRESS","9300076","949","11","Democratic","16"
"16","0","COOK","585","RAJA KRISHNAMOORTHI","320","8TH CONGRESS","7400002","1034","11","Democratic","53"
"16","0","COOK","580","JUNAID AHMED","320","8TH CONGRESS","7400002","1034","11","Democratic","22"
"16","0","COOK","0","Under Votes","320","8TH CONGRESS","7400002","1034","11","Democratic","3"
"16","0","COOK","0","Over Votes","320","8TH CONGRESS","7400002","1034","11","Democratic","0"
"16","0","COOK","585","RAJA KRISHNAMOORTHI","320","8TH CONGRESS","7400030","904","11","Democratic","74"
"16","0","COOK","580","JUNAID AHMED","320","8TH CONGRESS","7400030","904","11","Democratic","25"
"16","0","COOK","0","Over Votes","320","8TH CONGRESS","7400030","904","11","Democratic","0"
"16","0","COOK","0","Under Votes","320","8TH CONGRESS","7400030","904","11","Democratic","7"
"16","0","COOK","585","RAJA KRISHNAMOORTHI","320","8TH CONGRESS","7600001","1759","11","Democratic","122"
"45","0","KANE","580","JUNAID AHMED","320","8TH CONGRESS","EL0010","2532","11","Democratic","42"
"45","0","KANE","585","RAJA KRISHNAMOORTHI","320","8TH CONGRESS","EL0017","2276","11","Democratic","59"
"45","0","KANE","0","Over Votes","320","8TH CONGRESS","EL0017","2276","11","Democratic","0"
"45","0","KANE","0","Under Votes","320","8TH CONGRESS","EL0017","2276","11","Democratic","2"
"45","0","KANE","580","JUNAID AHMED","320","8TH CONGRESS","EL0017","2276","11","Democratic","57"
"45","0","KANE","580","JUNAID AHMED","320","8TH CONGRESS","EL0022","3138","11","Democratic","47"
"45","0","KANE","0","Under Votes","320","8TH CONGRESS","EL0022","3138","11","Democratic","1"
"45","0","KANE","0","Over Votes","320","8TH CONGRESS","EL0022","3138","11","Democratic","0"
"45","0","KANE","585","RAJA KRISHNAMOORTHI","320","8TH CONGRESS","EL0022","3138","11","Democratic","68"
"45","0","KANE","580","JUNAID AHMED","320","8TH CONGRESS","EL0023","1430","11","Democratic","22"
"45","0","KANE","0","Under Votes","320","8TH CONGRESS","EL0023","1430","11","Democratic","0"
"45","0","KANE","0","Over Votes","320","8TH CONGRESS","EL0023","1430","11","Democratic","0"
"45","0","KANE","585","RAJA KRISHNAMOORTHI","320","8TH CONGRESS","EL0023","1430","11","Democratic","30"
"45","0","KANE","580","JUNAID AHMED","320","8TH CONGRESS","EL0029","2026","11","Democratic","25"
"45","0","KANE","0","Under Votes","320","8TH CONGRESS","EL0029","2026","11","Democratic","2"
"45","0","KANE","0","Over Votes","320","8TH CONGRESS","EL0029","2026","11","Democratic","0"
"45","0","KANE","585","RAJA KRISHNAMOORTHI","320","8TH CONGRESS","EL0029","2026","11","Democratic","55"
"45","0","KANE","580","JUNAID AHMED","320","8TH CONGRESS","EL0036","1940","11","Democratic","34"
"45","0","KANE","0","Over Votes","320","8TH CONGRESS","EL0036","1940","11","Democratic","1"
"45","0","KANE","0","Under Votes","320","8TH CONGRESS","EL0036","1940","11","Democratic","1"
"45","0","KANE","585","RAJA KRISHNAMOORTHI","320","8TH CONGRESS","EL0036","1940","11","Democratic","48"
"45","0","KANE","580","JUNAID AHMED","320","8TH CONGRESS","EL0042","2414","11","Democratic","37"
"45","0","KANE","0","Over Votes","320","8TH CONGRESS","EL0042","2414","11","Democratic","0"
"45","0","KANE","0","Under Votes","320","8TH CONGRESS","EL0042","2414","11","Democratic","2"
"45","0","KANE","585","RAJA KRISHNAMOORTHI","320","8TH CONGRESS","EL0042","2414","11","Democratic","58"
"45","0","KANE","580","JUNAID AHMED","320","8TH CONGRESS","GE0011","1512","11","Democratic","32"
"45","0","KANE","0","Under Votes","320","8TH CONGRESS","GE0011","1512","11","Democratic","3"
"45","0","KANE","0","Over Votes","320","8TH CONGRESS","GE0011","1512","11","Democratic","0"
"45","0","KANE","585","RAJA KRISHNAMOORTHI","320","8TH CONGRESS","GE0011","1512","11","Democratic","77"
"45","0","KANE","580","JUNAID AHMED","320","8TH CONGRESS","SC0003","2960","11","Democratic","39"
"45","0","KANE","580","JUNAID AHMED","320","8TH CONGRESS","DU0002","1994","11","Democratic","14"
"45","0","KANE","0","Under Votes","320","8TH CONGRESS","DU0002","1994","11","Democratic","0"
"45","0","KANE","0","Over Votes","320","8TH CONGRESS","DU0002","1994","11","Democratic","0"
"45","0","KANE","585","RAJA KRISHNAMOORTHI","320","8TH CONGRESS","DU0002","1994","11","Democratic","21"
"45","0","KANE","580","JUNAID AHMED","320","8TH CONGRESS","DU0008","1812","11","Democratic","16"
"45","0","KANE","0","Under Votes","320","8TH CONGRESS","DU0008","1812","11","Democratic","0"
"45","0","KANE","0","Over Votes","320","8TH CONGRESS","DU0008","1812","11","Democratic","0"
"45","0","KANE","585","RAJA KRISHNAMOORTHI","320","8TH CONGRESS","DU0008","1812","11","Democratic","14"
"45","0","KANE","580","JUNAID AHMED","320","8TH CONGRESS","DU0023","1650","11","Democratic","20"
"45","0","KANE","0","Under Votes","320","8TH CONGRESS","DU0023","1650","11","Democratic","1"
"45","0","KANE","0","Over Votes","320","8TH CONGRESS","DU0023","1650","11","Democratic","0"
"45","0","KANE","585","RAJA KRISHNAMOORTHI","320","8TH CONGRESS","DU0023","1650","11","Democratic","51"
"45","0","KANE","0","Under Votes","320","8TH CONGRESS","DU0031","3096","11","Democratic","6"
"45","0","KANE","580","JUNAID AHMED","320","8TH CONGRESS","DU0031","3096","11","Democratic","45"
"45","0","KANE","555","CHAD KOPPIE","320","8TH CONGRESS","DU0028","3098","12","Republican","38"
"45","0","KANE","575","CHRIS DARGIS","320","8TH CONGRESS","DU0028","3098","12","Republican","66"
"45","0","KANE","570","KAREN KOLODZIEJ","320","8TH CONGRESS","DU0028","3098","12","Republican","16"
"45","0","KANE","560","PETER KOPSAFTIS","320","8TH CONGRESS","DU0028","3098","12","Republican","11"
"45","0","KANE","565","PHILLIP OWEN WOOD","320","8TH CONGRESS","DU0028","3098","12","Republican","25"
"45","0","KANE","0","Over Votes","320","8TH CONGRESS","DU0028","3098","12","Republican","0"
"45","0","KANE","0","Under Votes","320","8TH CONGRESS","DU0028","3098","12","Republican","5"
"45","0","KANE","555","CHAD KOPPIE","320","8TH CONGRESS","EL0001","2592","12","Republican","15"
"45","0","KANE","575","CHRIS DARGIS","320","8TH CONGRESS","EL0001","2592","12","Republican","39"
"45","0","KANE","570","KAREN KOLODZIEJ","320","8TH CONGRESS","EL0001","2592","12","Republican","6"
"45","0","KANE","560","PETER KOPSAFTIS","320","8TH CONGRESS","EL0001","2592","12","Republican","14"
"45","0","KANE","565","PHILLIP OWEN WOOD","320","8TH CONGRESS","EL0001","2592","12","Republican","19"
"45","0","KANE","0","Over Votes","320","8TH CONGRESS","EL0001","2592","12","Republican","0"
"45","0","KANE","0","Under Votes","320","8TH CONGRESS","EL0001","2592","12","Republican","7"
"45","0","KANE","555","CHAD KOPPIE","320","8TH CONGRESS","EL0009","1872","12","Republican","7"
"45","0","KANE","575","CHRIS DARGIS","320","8TH CONGRESS","EL0009","1872","12","Republican","6"
"45","0","KANE","570","KAREN KOLODZIEJ","320","8TH CONGRESS","EL0009","1872","12","Republican","8"
"45","0","KANE","560","PETER KOPSAFTIS","320","8TH CONGRESS","EL0009","1872","12","Republican","3"
"45","0","KANE","565","PHILLIP OWEN WOOD","320","8TH CONGRESS","EL0009","1872","12","Republican","4"
"45","0","KANE","0","Over Votes","320","8TH CONGRESS","EL0009","1872","12","Republican","0"
"45","0","KANE","0","Under Votes","320","8TH CONGRESS","EL0009","1872","12","Republican","1"
"45","0","KANE","555","CHAD KOPPIE","320","8TH CONGRESS","EL0015","2668","12","Republican","37"
"45","0","KANE","575","CHRIS DARGIS","320","8TH CONGRESS","EL0015","2668","12","Republican","24"
"45","0","KANE","570","KAREN KOLODZIEJ","320","8TH CONGRESS","EL0015","2668","12","Republican","13"
"45","0","KANE","560","PETER KOPSAFTIS","320","8TH CONGRESS","EL0015","2668","12","Republican","30"
"45","0","KANE","565","PHILLIP OWEN WOOD","320","8TH CONGRESS","EL0015","2668","12","Republican","31"
"45","0","KANE","0","Over Votes","320","8TH CONGRESS","EL0015","2668","12","Republican","0"
"45","0","KANE","0","Under Votes","320","8TH CONGRESS","EL0015","2668","12","Republican","15"
"45","0","KANE","575","CHRIS DARGIS","320","8TH CONGRESS","EL0016","3194","12","Republican","38"
"45","0","KANE","570","KAREN KOLODZIEJ","320","8TH CONGRESS","EL0016","3194","12","Republican","15"
"45","0","KANE","560","PETER KOPSAFTIS","320","8TH CONGRESS","EL0016","3194","12","Republican","11"
"45","0","KANE","565","PHILLIP OWEN WOOD","320","8TH CONGRESS","EL0016","3194","12","Republican","18"
"45","0","KANE","0","Over Votes","320","8TH CONGRESS","EL0016","3194","12","Republican","0"
"45","0","KANE","555","CHAD KOPPIE","320","8TH CONGRESS","EL0016","3194","12","Republican","22"
"45","0","KANE","0","Under Votes","320","8TH CONGRESS","EL0016","3194","12","Republican","4"
"45","0","KANE","575","CHRIS DARGIS","320","8TH CONGRESS","DU0015","1410","12","Republican","5"
"45","0","KANE","570","KAREN KOLODZIEJ","320","8TH CONGRESS","DU0015","1410","12","Republican","3"
"45","0","KANE","560","PETER KOPSAFTIS","320","8TH CONGRESS","DU0015","1410","12","Republican","2"
"45","0","KANE","565","PHILLIP OWEN WOOD","320","8TH CONGRESS","DU0015","1410","12","Republican","9"
"45","0","KANE","0","Over Votes","320","8TH CONGRESS","DU0015","1410","12","Republican","0"
"45","0","KANE","555","CHAD KOPPIE","320","8TH CONGRESS","DU0015","1410","12","Republican","5"
"45","0","KANE","0","Under Votes","320","8TH CONGRESS","DU0015","1410","12","Republican","3"
"45","0","KANE","0","Over Votes","320","8TH CONGRESS","DU0021","1546","12","Republican","0"
"45","0","KANE","555","CHAD KOPPIE","320","8TH CONGRESS","DU0021","1546","12","Republican","7"
"22","0","DuPAGE","0","Over Votes","320","8TH CONGRESS","Bloomingdale  064 - 0165","4","11","","0"
"22","0","DuPAGE","580","JUNAID AHMED","320","8TH CONGRESS","Bloomingdale  067 - 0168","1040","11","","34"
"22","0","DuPAGE","585","RAJA KRISHNAMOORTHI","320","8TH CONGRESS","Bloomingdale  067 - 0168","1040","11","","52"
"22","0","DuPAGE","0","Under Votes","320","8TH CONGRESS","Bloomingdale  067 - 0168","1040","11","","2"
"22","0","DuPAGE","0","Over Votes","320","8TH CONGRESS","Bloomingdale  067 - 0168","1040","11","","0"
"22","0","DuPAGE","580","JUNAID AHMED","320","8TH CONGRESS","Bloomingdale  069 - 0171","914","11","","55"
"22","0","DuPAGE","585","RAJA KRISHNAMOORTHI","320","8TH CONGRESS","Bloomingdale  069 - 0171","914","11","","43"
"22","0","DuPAGE","0","Under Votes","320","8TH CONGRESS","Bloomingdale  069 - 0171","914","11","","1"
"22","0","DuPAGE","0","Over Votes","320","8TH CONGRESS","Bloomingdale  069 - 0171","914","11","","0"
"22","0","DuPAGE","580","JUNAID AHMED","320","8TH CONGRESS","Bloomingdale  072 - 0174","388","11","","10"
"22","0","DuPAGE","585","RAJA KRISHNAMOORTHI","320","8TH CONGRESS","Bloomingdale  072 - 0174","388","11","","15"
"22","0","DuPAGE","0","Under Votes","320","8TH CONGRESS","Bloomingdale  072 - 0174","388","11","","1"
"22","0","DuPAGE","0","Over Votes","320","8TH CONGRESS","Bloomingdale  072 - 0174","388","11","","0"
"22","0","DuPAGE","585","RAJA KRISHNAMOORTHI","320","8TH CONGRESS","Bloomingdale  089 - 0197","579","11","","40"
"22","0","DuPAGE","0","Under Votes","320","8TH CONGRESS","Bloomingdale  089 - 0197","579","11","","1"
"22","0","DuPAGE","0","Over Votes","320","8TH CONGRESS","Bloomingdale  089 - 0197","579","11","","0"
"22","0","DuPAGE","580","JUNAID AHMED","320","8TH CONGRESS","Bloomingdale  089 - 0197","579","11","","13"
"22","0","DuPAGE","585","RAJA KRISHNAMOORTHI","320","8TH CONGRESS","Bloomingdale  092 - 0200","548","11","","46"
"22","0","DuPAGE","0","Under Votes","320","8TH CONGRESS","Bloomingdale  092 - 0200","548","11","","4"
"22","0","DuPAGE","0","Over Votes","320","8TH CONGRESS","Bloomingdale  092 - 0200","548","11","","0"
"22","0","DuPAGE","580","JUNAID AHMED","320","8TH CONGRESS","Bloomingdale  092 - 0200","548","11","","12"
"22","0","DuPAGE","585","RAJA KRISHNAMOORTHI","320","8TH CONGRESS","Bloomingdale  095 - 0203","555","11","","33"
"22","0","DuPAGE","0","Under Votes","320","8TH CONGRESS","Bloomingdale  095 - 0203","555","11","","0"
"22","0","DuPAGE","0","Over Votes","320","8TH CONGRESS","Bloomingdale  095 - 0203","555","11","","0"
"22","0","DuPAGE","580","JUNAID AHMED","320","8TH CONGRESS","Bloomingdale  095 - 0203","555","11","","49"
"22","0","DuPAGE","580","JUNAID AHMED","320","8TH CONGRESS","Addison  015 - 0232","831","11","","21"
"22","0","DuPAGE","585","RAJA KRISHNAMOORTHI","320","8TH CONGRESS","Addison  015 - 0232","831","11","","46"
"22","0","DuPAGE","0","Under Votes","320","8TH CONGRESS","Addison  015 - 0232","831","11","","0"
"22","0","DuPAGE","0","Over Votes","320","8TH CONGRESS","Addison  015 - 0232","831","11","","0"
"22","0","DuPAGE","580","JUNAID AHMED","320","8TH CONGRESS","Addison  018 - 0235","815","11","","15"
"22","0","DuPAGE","585","RAJA KRISHNAMOORTHI","320","8TH CONGRESS","Addison  018 - 0235","815","11","","58"
"22","0","DuPAGE","0","Under Votes","320","8TH CONGRESS","Addison  018 - 0235","815","11","","0"
"22","0","DuPAGE","0","Over Votes","320","8TH CONGRESS","Addison  018 - 0235","815","11","","0"
"22","0","DuPAGE","580","JUNAID AHMED","320","8TH CONGRESS","Addison  038 - 0261","765","11","","13"
"22","0","DuPAGE","0","Over Votes","320","8TH CONGRESS","Bloomingdale  031 - 0125","1028","11","","0"
"22","0","DuPAGE","0","Under Votes","320","8TH CONGRESS","Bloomingdale  031 - 0125","1028","11","","2"
"22","0","DuPAGE","580","JUNAID AHMED","320","8TH CONGRESS","Bloomingdale  051 - 0148","530","11","","11"
"22","0","DuPAGE","585","RAJA KRISHNAMOORTHI","320","8TH CONGRESS","Bloomingdale  051 - 0148","530","11","","37"
"22","0","DuPAGE","0","Over Votes","320","8TH CONGRESS","Bloomingdale  051 - 0148","530","11","","0"
"22","0","DuPAGE","0","Under Votes","320","8TH CONGRESS","Bloomingdale  051 - 0148","530","11","","0"
"22","0","DuPAGE","580","JUNAID AHMED","320","8TH CONGRESS","Bloomingdale  052 - 0151","925","11","","62"
"16","0","COOK","580","JUNAID AHMED","320","8TH CONGRESS","7600001","1759","11","Democratic","88"
"16","0","COOK","0","Under Votes","320","8TH CONGRESS","7600001","1759","11","Democratic","4"
"16","0","COOK","0","Over Votes","320","8TH CONGRESS","7600001","1759","11","Democratic","0"
"16","0","COOK","585","RAJA KRISHNAMOORTHI","320","8TH CONGRESS","7600005","1292","11","Democratic","82"
"16","0","COOK","580","JUNAID AHMED","320","8TH CONGRESS","7600005","1292","11","Democratic","21"
"16","0","COOK","0","Under Votes","320","8TH CONGRESS","7600005","1292","11","Democratic","4"
"16","0","COOK","0","Over Votes","320","8TH CONGRESS","7600005","1292","11","Democratic","0"
"16","0","COOK","585","RAJA KRISHNAMOORTHI","320","8TH CONGRESS","7600028","1565","11","Democratic","134"
"16","0","COOK","580","JUNAID AHMED","320","8TH CONGRESS","7600028","1565","11","Democratic","38"
"16","0","COOK","0","Under Votes","320","8TH CONGRESS","7600028","1565","11","Democratic","2"
"16","0","COOK","0","Over Votes","320","8TH CONGRESS","7600028","1565","11","Democratic","0"
"16","0","COOK","585","RAJA KRISHNAMOORTHI","320","8TH CONGRESS","7600037","1517","11","Democratic","113"
"16","0","COOK","580","JUNAID AHMED","320","8TH CONGRESS","7600037","1517","11","Democratic","33"
"16","0","COOK","0","Under Votes","320","8TH CONGRESS","7600037","1517","11","Democratic","1"
"16","0","COOK","0","Over Votes","320","8TH CONGRESS","7600037","1517","11","Democratic","0"
"16","0","COOK","585","RAJA KRISHNAMOORTHI","320","8TH CONGRESS","8000009","1675","11","Democratic","154"
"16","0","COOK","580","JUNAID AHMED","320","8TH CONGRESS","8000009","1675","11","Democratic","56"
"16","0","COOK","0","Over Votes","320","8TH CONGRESS","8000009","1675","11","Democratic","0"
"16","0","COOK","0","Under Votes","320","8TH CONGRESS","8000009","1675","11","Democratic","9"
"16","0","COOK","585","RAJA KRISHNAMOORTHI","320","8TH CONGRESS","8000035","1172","11","Democratic","87"
"16","0","COOK","580","JUNAID AHMED","320","8TH CONGRESS","8000035","1172","11","Democratic","71"
"16","0","COOK","0","Under Votes","320","8TH CONGRESS","8000035","1172","11","Democratic","4"
"16","0","COOK","0","Over Votes","320","8TH CONGRESS","8000035","1172","11","Democratic","0"
"16","0","COOK","585","RAJA KRISHNAMOORTHI","320","8TH CONGRESS","8000038","778","11","Democratic","48"
"16","0","COOK","580","JUNAID AHMED","320","8TH CONGRESS","8000038","778","11","Democratic","28"
"16","0","COOK","0","Over Votes","320","8TH CONGRESS","8000038","778","11","Democratic","0"
"16","0","COOK","0","Under Votes","320","8TH CONGRESS","8000038","778","11","Democratic","2"
"16","0","COOK","585","RAJA KRISHNAMOORTHI","320","8TH CONGRESS","8000041","806","11","Democratic","41"
"16","0","COOK","580","JUNAID AHMED","320","8TH CONGRESS","8000041","806","11","Democratic","41"
"16","0","COOK","0","Over Votes","320","8TH CONGRESS","8000041","806","11","Democratic","0"
"16","0","COOK","0","Under Votes","320","8TH CONGRESS","8000041","806","11","Democratic","2"
"16","0","COOK","585","RAJA KRISHNAMOORTHI","320","8TH CONGRESS","8000068","1407","11","Democratic","97"
"16","0","COOK","580","JUNAID AHMED","320","8TH CONGRESS","8000068","1407","11","Democratic","43"
"16","0","COOK","0","Over Votes","320","8TH CONGRESS","8000068","1407","11","Democratic","0"
"16","0","COOK","0","Under Votes","320","8TH CONGRESS","8000068","1407","11","Democratic","4"
"16","0","COOK","585","RAJA KRISHNAMOORTHI","320","8TH CONGRESS","8700013","1117","11","Democratic","80"
"16","0","COOK","580","JUNAID AHMED","320","8TH CONGRESS","8700013","1117","11","Democratic","23"
"16","0","COOK","0","Under Votes","320","8TH CONGRESS","8700013","1117","11","Democratic","1"
"16","0","COOK","0","Over Votes","320","8TH CONGRESS","8700013","1117","11","Democratic","0"
"16","0","COOK","585","RAJA KRISHNAMOORTHI","320","8TH CONGRESS","8700016","1279","11","Democratic","31"
"16","0","COOK","585","RAJA KRISHNAMOORTHI","320","8TH CONGRESS","7000008","1807","11","Democratic","68"
"16","0","COOK","0","Over Votes","320","8TH CONGRESS","7000008","1807","11","Democratic","0"
"16","0","COOK","580","JUNAID AHMED","320","8TH CONGRESS","7000008","1807","11","Democratic","81"
"16","0","COOK","0","Under Votes","320","8TH CONGRESS","7000008","1807","11","Democratic","5"
"45","0","KANE","0","Over Votes","320","8TH CONGRESS","DU0031","3096","11","Democratic","0"
"45","0","KANE","585","RAJA KRISHNAMOORTHI","320","8TH CONGRESS","DU0031","3096","11","Democratic","75"
"45","0","KANE","0","Under Votes","320","8TH CONGRESS","EL0004","2508","11","Democratic","0"
"45","0","KANE","0","Over Votes","320","8TH CONGRESS","EL0004","2508","11","Democratic","0"
"45","0","KANE","585","RAJA KRISHNAMOORTHI","320","8TH CONGRESS","EL0004","2508","11","Democratic","29"
"45","0","KANE","580","JUNAID AHMED","320","8TH CONGRESS","EL0004","2508","11","Democratic","38"
"45","0","KANE","585","RAJA KRISHNAMOORTHI","320","8TH CONGRESS","EL0032","2078","11","Democratic","21"
"45","0","KANE","580","JUNAID AHMED","320","8TH CONGRESS","EL0032","2078","11","Democratic","13"
"45","0","KANE","0","Over Votes","320","8TH CONGRESS","EL0032","2078","11","Democratic","0"
"45","0","KANE","0","Under Votes","320","8TH CONGRESS","EL0032","2078","11","Democratic","0"
"45","0","KANE","585","RAJA KRISHNAMOORTHI","320","8TH CONGRESS","EL0044","1592","11","Democratic","34"
"45","0","KANE","580","JUNAID AHMED","320","8TH CONGRESS","EL0044","1592","11","Democratic","17"
"45","0","KANE","0","Over Votes","320","8TH CONGRESS","EL0044","1592","11","Democratic","0"
"45","0","KANE","0","Under Votes","320","8TH CONGRESS","EL0044","1592","11","Democratic","0"
"45","0","KANE","585","RAJA KRISHNAMOORTHI","320","8TH CONGRESS","EL0051","2740","11","Democratic","39"
"45","0","KANE","580","JUNAID AHMED","320","8TH CONGRESS","EL0051","2740","11","Democratic","32"
"45","0","KANE","0","Over Votes","320","8TH CONGRESS","EL0051","2740","11","Democratic","0"
"45","0","KANE","0","Under Votes","320","8TH CONGRESS","EL0051","2740","11","Democratic","1"
"45","0","KANE","585","RAJA KRISHNAMOORTHI","320","8TH CONGRESS","RU0001","2408","11","Democratic","41"
"45","0","KANE","580","JUNAID AHMED","320","8TH CONGRESS","RU0001","2408","11","Democratic","16"
"45","0","KANE","0","Over Votes","320","8TH CONGRESS","RU0001","2408","11","Democratic","0"
"45","0","KANE","0","Under Votes","320","8TH CONGRESS","RU0001","2408","11","Democratic","3"
"45","0","KANE","585","RAJA KRISHNAMOORTHI","320","8TH CONGRESS","SC0011","3231","11","Democratic","60"
"45","0","KANE","580","JUNAID AHMED","320","8TH CONGRESS","SC0011","3231","11","Democratic","27"
"45","0","KANE","0","Over Votes","320","8TH CONGRESS","SC0011","3231","11","Democratic","0"
"45","0","KANE","0","Under Votes","320","8TH CONGRESS","SC0011","3231","11","Democratic","3"
"45","0","KANE","585","RAJA KRISHNAMOORTHI","320","8TH CONGRESS","SC0021","1576","11","Democratic","44"
"45","0","KANE","580","JUNAID AHMED","320","8TH CONGRESS","SC0021","1576","11","Democratic","17"
"45","0","KANE","0","Over Votes","320","8TH CONGRESS","SC0021","1576","11","Democratic","0"
"45","0","KANE","0","Under Votes","320","8TH CONGRESS","SC0021","1576","11","Democratic","2"
"45","0","KANE","585","RAJA KRISHNAMOORTHI","320","8TH CONGRESS","SC0032","1807","11","Democratic","41"
"45","0","KANE","580","JUNAID AHMED","320","8TH CONGRESS","SC0032","1807","11","Democratic","19"
"45","0","KANE","0","Over Votes","320","8TH CONGRESS","SC0032","1807","11","Democratic","0"
"45","0","KANE","0","Under Votes","320","8TH CONGRESS","SC0032","1807","11","Democratic","1"
"45","0","KANE","580","JUNAID AHMED","320","8TH CONGRESS","DU0014","2392","11","Democratic","32"
"45","0","KANE","0","Under Votes","320","8TH CONGRESS","DU0014","2392","11","Democratic","2"
"45","0","KANE","0","Over Votes","320","8TH CONGRESS","DU0014","2392","11","Democratic","0"
"45","0","KANE","585","RAJA KRISHNAMOORTHI","320","8TH CONGRESS","DU0014","2392","11","Democratic","55"
"45","0","KANE","580","JUNAID AHMED","320","8TH CONGRESS","DU0020","2654","11","Democratic","30"
"45","0","KANE","0","Under Votes","320","8TH CONGRESS","DU0020","2654","11","Democratic","3"
"45","0","KANE","0","Over Votes","320","8TH CONGRESS","DU0020","2654","11","Democratic","0"
"45","0","KANE","585","RAJA KRISHNAMOORTHI","320","8TH CONGRESS","DU0020","2654","11","Democratic","81"
"45","0","KANE","580","JUNAID AHMED","320","8TH CONGRESS","DU0028","3098","11","Democratic","45"
"45","0","KANE","0","Under Votes","320","8TH CONGRESS","DU0028","3098","11","Democratic","7"
"22","0","DuPAGE","585","RAJA KRISHNAMOORTHI","320","8TH CONGRESS","Bloomingdale  052 - 0151","925","11","","57"
"22","0","DuPAGE","0","Over Votes","320","8TH CONGRESS","Bloomingdale  052 - 0151","925","11","","0"
"22","0","DuPAGE","0","Under Votes","320","8TH CONGRESS","Bloomingdale  052 - 0151","925","11","","1"
"22","0","DuPAGE","580","JUNAID AHMED","320","8TH CONGRESS","Bloomingdale  055 - 0154","949","11","","10"
"22","0","DuPAGE","585","RAJA KRISHNAMOORTHI","320","8TH CONGRESS","Bloomingdale  055 - 0154","949","11","","58"
"22","0","DuPAGE","0","Over Votes","320","8TH CONGRESS","Bloomingdale  055 - 0154","949","11","","0"
"22","0","DuPAGE","0","Under Votes","320","8TH CONGRESS","Bloomingdale  055 - 0154","949","11","","1"
"22","0","DuPAGE","580","JUNAID AHMED","320","8TH CONGRESS","Bloomingdale  074 - 0177","364","11","","13"
"22","0","DuPAGE","585","RAJA KRISHNAMOORTHI","320","8TH CONGRESS","Bloomingdale  074 - 0177","364","11","","23"
"22","0","DuPAGE","0","Under Votes","320","8TH CONGRESS","Bloomingdale  074 - 0177","364","11","","1"
"22","0","DuPAGE","0","Over Votes","320","8TH CONGRESS","Bloomingdale  074 - 0177","364","11","","0"
"22","0","DuPAGE","580","JUNAID AHMED","320","8TH CONGRESS","Bloomingdale  077 - 0180","618","11","","28"
"22","0","DuPAGE","585","RAJA KRISHNAMOORTHI","320","8TH CONGRESS","Bloomingdale  077 - 0180","618","11","","46"
"22","0","DuPAGE","0","Under Votes","320","8TH CONGRESS","Bloomingdale  077 - 0180","618","11","","1"
"22","0","DuPAGE","0","Over Votes","320","8TH CONGRESS","Bloomingdale  077 - 0180","618","11","","0"
"22","0","DuPAGE","580","JUNAID AHMED","320","8TH CONGRESS","Bloomingdale  080 - 0183","574","11","","24"
"22","0","DuPAGE","585","RAJA KRISHNAMOORTHI","320","8TH CONGRESS","Bloomingdale  080 - 0183","574","11","","32"
"22","0","DuPAGE","0","Under Votes","320","8TH CONGRESS","Bloomingdale  080 - 0183","574","11","","1"
"22","0","DuPAGE","0","Over Votes","320","8TH CONGRESS","Bloomingdale  080 - 0183","574","11","","0"
"22","0","DuPAGE","580","JUNAID AHMED","320","8TH CONGRESS","Bloomingdale  081 - 0186","76","11","","0"
"22","0","DuPAGE","585","RAJA KRISHNAMOORTHI","320","8TH CONGRESS","Bloomingdale  081 - 0186","76","11","","10"
"22","0","DuPAGE","0","Under Votes","320","8TH CONGRESS","Bloomingdale  081 - 0186","76","11","","0"
"22","0","DuPAGE","0","Over Votes","320","8TH CONGRESS","Bloomingdale  081 - 0186","76","11","","0"
"22","0","DuPAGE","580","JUNAID AHMED","320","8TH CONGRESS","Bloomingdale  098 - 0206","643","11","","17"
"22","0","DuPAGE","585","RAJA KRISHNAMOORTHI","320","8TH CONGRESS","Bloomingdale  098 - 0206","643","11","","44"
"22","0","DuPAGE","0","Under Votes","320","8TH CONGRESS","Bloomingdale  098 - 0206","643","11","","1"
"22","0","DuPAGE","0","Over Votes","320","8TH CONGRESS","Bloomingdale  098 - 0206","643","11","","0"
"22","0","DuPAGE","580","JUNAID AHMED","320","8TH CONGRESS","Bloomingdale  101 - 0209","792","11","","17"
"22","0","DuPAGE","585","RAJA KRISHNAMOORTHI","320","8TH CONGRESS","Bloomingdale  101 - 0209","792","11","","45"
"22","0","DuPAGE","0","Under Votes","320","8TH CONGRESS","Bloomingdale  101 - 0209","792","11","","0"
"22","0","DuPAGE","0","Over Votes","320","8TH CONGRESS","Bloomingdale  101 - 0209","792","11","","0"
"22","0","DuPAGE","580","JUNAID AHMED","320","8TH CONGRESS","Addison  003 - 0215","962","11","","15"
"22","0","DuPAGE","585","RAJA KRISHNAMOORTHI","320","8TH CONGRESS","Addison  003 - 0215","962","11","","50"
"22","0","DuPAGE","585","RAJA KRISHNAMOORTHI","320","8TH CONGRESS","Addison  038 - 0261","765","11","","58"
"22","0","DuPAGE","0","Under Votes","320","8TH CONGRESS","Addison  038 - 0261","765","11","","1"
"22","0","DuPAGE","0","Over Votes","320","8TH CONGRESS","Addison  038 - 0261","765","11","","0"
"22","0","DuPAGE","580","JUNAID AHMED","320","8TH CONGRESS","Addison  060 - 0290","786","11","","8"
"22","0","DuPAGE","585","RAJA KRISHNAMOORTHI","320","8TH CONGRESS","Addison  060 - 0290","786","11","","45"
"22","0","DuPAGE","0","Under Votes","320","8TH CONGRESS","Addison  060 - 0290","786","11","","1"
"22","0","DuPAGE","0","Over Votes","320","8TH CONGRESS","Addison  060 - 0290","786","11","","0"
"22","0","DuPAGE","580","JUNAID AHMED","320","8TH CONGRESS","Addison  063 - 0293","555","11","","21"
"16","0","COOK","585","RAJA KRISHNAMOORTHI","320","8TH CONGRESS","7000011","957","11","Democratic","36"
"16","0","COOK","0","Over Votes","320","8TH CONGRESS","7000011","957","11","Democratic","0"
"16","0","COOK","580","JUNAID AHMED","320","8TH CONGRESS","7000011","957","11","Democratic","60"
"16","0","COOK","0","Under Votes","320","8TH CONGRESS","7000011","957","11","Democratic","2"
"16","0","COOK","585","RAJA KRISHNAMOORTHI","320","8TH CONGRESS","7400014","1612","11","Democratic","32"
"16","0","COOK","580","JUNAID AHMED","320","8TH CONGRESS","7400014","1612","11","Democratic","9"
"16","0","COOK","0","Under Votes","320","8TH CONGRESS","7400014","1612","11","Democratic","0"
"16","0","COOK","0","Over Votes","320","8TH CONGRESS","7400014","1612","11","Democratic","0"
"16","0","COOK","585","RAJA KRISHNAMOORTHI","320","8TH CONGRESS","7400017","1105","11","Democratic","41"
"16","0","COOK","0","Over Votes","320","8TH CONGRESS","7400017","1105","11","Democratic","0"
"16","0","COOK","580","JUNAID AHMED","320","8TH CONGRESS","7400017","1105","11","Democratic","13"
"16","0","COOK","0","Under Votes","320","8TH CONGRESS","7400017","1105","11","Democratic","1"
"16","0","COOK","585","RAJA KRISHNAMOORTHI","320","8TH CONGRESS","7400020","1697","11","Democratic","146"
"16","0","COOK","0","Over Votes","320","8TH CONGRESS","7400020","1697","11","Democratic","0"
"16","0","COOK","580","JUNAID AHMED","320","8TH CONGRESS","7400020","1697","11","Democratic","18"
"16","0","COOK","0","Under Votes","320","8TH CONGRESS","7400020","1697","11","Democratic","3"
"16","0","COOK","585","RAJA KRISHNAMOORTHI","320","8TH CONGRESS","7400023","1519","11","Democratic","120"
"16","0","COOK","0","Over Votes","320","8TH CONGRESS","7400023","1519","11","Democratic","0"
"16","0","COOK","580","JUNAID AHMED","320","8TH CONGRESS","7400023","1519","11","Democratic","33"
"16","0","COOK","0","Under Votes","320","8TH CONGRESS","7400023","1519","11","Democratic","5"
"16","0","COOK","585","RAJA KRISHNAMOORTHI","320","8TH CONGRESS","7400047","1101","11","Democratic","108"
"16","0","COOK","580","JUNAID AHMED","320","8TH CONGRESS","7400047","1101","11","Democratic","25"
"16","0","COOK","0","Over Votes","320","8TH CONGRESS","7400047","1101","11","Democratic","0"
"16","0","COOK","0","Under Votes","320","8TH CONGRESS","7400047","1101","11","Democratic","4"
"16","0","COOK","585","RAJA KRISHNAMOORTHI","320","8TH CONGRESS","7400050","753","11","Democratic","37"
"16","0","COOK","580","JUNAID AHMED","320","8TH CONGRESS","7400050","753","11","Democratic","29"
"16","0","COOK","0","Over Votes","320","8TH CONGRESS","7400050","753","11","Democratic","0"
"16","0","COOK","0","Under Votes","320","8TH CONGRESS","7400050","753","11","Democratic","2"
"16","0","COOK","585","RAJA KRISHNAMOORTHI","320","8TH CONGRESS","7600021","1390","11","Democratic","88"
"16","0","COOK","0","Over Votes","320","8TH CONGRESS","7600021","1390","11","Democratic","0"
"16","0","COOK","580","JUNAID AHMED","320","8TH CONGRESS","7600021","1390","11","Democratic","59"
"16","0","COOK","0","Under Votes","320","8TH CONGRESS","7600021","1390","11","Democratic","3"
"16","0","COOK","585","RAJA KRISHNAMOORTHI","320","8TH CONGRESS","8000017","1061","11","Democratic","71"
"16","0","COOK","580","JUNAID AHMED","320","8TH CONGRESS","8000017","1061","11","Democratic","42"
"16","0","COOK","0","Over Votes","320","8TH CONGRESS","8000017","1061","11","Democratic","0"
"16","0","COOK","0","Under Votes","320","8TH CONGRESS","8000017","1061","11","Democratic","14"
"16","0","COOK","585","RAJA KRISHNAMOORTHI","320","8TH CONGRESS","8700002","1292","11","Democratic","129"
"16","0","COOK","580","JUNAID AHMED","320","8TH CONGRESS","8700002","1292","11","Democratic","58"
"16","0","COOK","0","Over Votes","320","8TH CONGRESS","8700002","1292","11","Democratic","0"
"16","0","COOK","0","Under Votes","320","8TH CONGRESS","8700002","1292","11","Democratic","3"
"16","0","COOK","585","RAJA KRISHNAMOORTHI","320","8TH CONGRESS","8700005","1402","11","Democratic","127"
"16","0","COOK","580","JUNAID AHMED","320","8TH CONGRESS","8700005","1402","11","Democratic","32"
"16","0","COOK","0","Over Votes","320","8TH CONGRESS","8700005","1402","11","Democratic","0"
"16","0","COOK","0","Under Votes","320","8TH CONGRESS","8700005","1402","11","Democratic","3"
"22","0","DuPAGE","585","RAJA KRISHNAMOORTHI","320","8TH CONGRESS","Addison  063 - 0293","555","11","","27"
"22","0","DuPAGE","0","Under Votes","320","8TH CONGRESS","Addison  063 - 0293","555","11","","3"
"22","0","DuPAGE","0","Over Votes","320","8TH CONGRESS","Addison  063 - 0293","555","11","","0"
"22","0","DuPAGE","580","JUNAID AHMED","320","8TH CONGRESS","Wayne  002 - 0004","140","11","","2"
"22","0","DuPAGE","585","RAJA KRISHNAMOORTHI","320","8TH CONGRESS","Wayne  002 - 0004","140","11","","3"
"22","0","DuPAGE","0","Over Votes","320","8TH CONGRESS","Wayne  002 - 0004","140","11","","0"
"22","0","DuPAGE","0","Under Votes","320","8TH CONGRESS","Wayne  002 - 0004","140","11","","0"
"22","0","DuPAGE","580","JUNAID AHMED","320","8TH CONGRESS","Wayne  017 - 0030","68","11","","0"
"22","0","DuPAGE","585","RAJA KRISHNAMOORTHI","320","8TH CONGRESS","Wayne  017 - 0030","68","11","","1"
"22","0","DuPAGE","0","Over Votes","320","8TH CONGRESS","Wayne  017 - 0030","68","11","","0"
"22","0","DuPAGE","0","Under Votes","320","8TH CONGRESS","Wayne  017 - 0030","68","11","","1"
"22","0","DuPAGE","580","JUNAID AHMED","320","8TH CONGRESS","Wayne  024 - 0039","55","11","","0"
"22","0","DuPAGE","585","RAJA KRISHNAMOORTHI","320","8TH CONGRESS","Wayne  024 - 0039","55","11","","3"
"22","0","DuPAGE","0","Over Votes","320","8TH CONGRESS","Wayne  024 - 0039","55","11","","0"
"22","0","DuPAGE","0","Under Votes","320","8TH CONGRESS","Wayne  024 - 0039","55","11","","0"
"22","0","DuPAGE","580","JUNAID AHMED","320","8TH CONGRESS","Wayne  041 - 0059","484","11","","8"
"22","0","DuPAGE","585","RAJA KRISHNAMOORTHI","320","8TH CONGRESS","Wayne  041 - 0059","484","11","","26"
"22","0","DuPAGE","0","Over Votes","320","8TH CONGRESS","Wayne  041 - 0059","484","11","","0"
"22","0","DuPAGE","0","Under Votes","320","8TH CONGRESS","Wayne  041 - 0059","484","11","","0"
"22","0","DuPAGE","580","JUNAID AHMED","320","8TH CONGRESS","Bloomingdale  002 - 0094","446","11","","10"
"22","0","DuPAGE","585","RAJA KRISHNAMOORTHI","320","8TH CONGRESS","Bloomingdale  002 - 0094","446","11","","38"
"22","0","DuPAGE","0","Over Votes","320","8TH CONGRESS","Bloomingdale  002 - 0094","446","11","","0"
"22","0","DuPAGE","0","Under Votes","320","8TH CONGRESS","Bloomingdale  002 - 0094","446","11","","0"
"22","0","DuPAGE","580","JUNAID AHMED","320","8TH CONGRESS","Bloomingdale  004 - 0097","1","11","","0"
"22","0","DuPAGE","585","RAJA KRISHNAMOORTHI","320","8TH CONGRESS","Bloomingdale  004 - 0097","1","11","","1"
"22","0","DuPAGE","0","Over Votes","320","8TH CONGRESS","Bloomingdale  004 - 0097","1","11","","0"
"22","0","DuPAGE","0","Under Votes","320","8TH CONGRESS","Bloomingdale  004 - 0097","1","11","","0"
"22","0","DuPAGE","580","JUNAID AHMED","320","8TH CONGRESS","Bloomingdale  026 - 0120","720","11","","12"
"22","0","DuPAGE","585","RAJA KRISHNAMOORTHI","320","8TH CONGRESS","Bloomingdale  026 - 0120","720","11","","47"
"22","0","DuPAGE","0","Over Votes","320","8TH CONGRESS","Bloomingdale  026 - 0120","720","11","","0"
"22","0","DuPAGE","0","Under Votes","320","8TH CONGRESS","Bloomingdale  026 - 0120","720","11","","2"
"22","0","DuPAGE","580","JUNAID AHMED","320","8TH CONGRESS","Bloomingdale  029 - 0123","697","11","","18"
"22","0","DuPAGE","585","RAJA KRISHNAMOORTHI","320","8TH CONGRESS","Bloomingdale  029 - 0123","697","11","","36"
"22","0","DuPAGE","0","Over Votes","320","8TH CONGRESS","Bloomingdale  029 - 0123","697","11","","1"
"22","0","DuPAGE","0","Under Votes","320","8TH CONGRESS","Bloomingdale  029 - 0123","697","11","","0"
"22","0","DuPAGE","580","JUNAID AHMED","320","8TH CONGRESS","Bloomingdale  032 - 0126","748","11","","10"
"22","0","DuPAGE","585","RAJA KRISHNAMOORTHI","320","8TH CONGRESS","Bloomingdale  032 - 0126","748","11","","47"
"22","0","DuPAGE","0","Over Votes","320","8TH CONGRESS","Bloomingdale  032 - 0126","748","11","","0"
"22","0","DuPAGE","0","Under Votes","320","8TH CONGRESS","Bloomingdale  032 - 0126","748","11","","0"
"22","0","DuPAGE","580","JUNAID AHMED","320","8TH CONGRESS","Bloomingdale  035 - 0129","733","11","","27"
"22","0","DuPAGE","585","RAJA KRISHNAMOORTHI","320","8TH CONGRESS","Bloomingdale  035 - 0129","733","11","","30"
"22","0","DuPAGE","0","Over Votes","320","8TH CONGRESS","Bloomingdale  035 - 0129","733","11","","0"
"45","0","KANE","0","Over Votes","320","8TH CONGRESS","DU0028","3098","11","Democratic","0"
"45","0","KANE","585","RAJA KRISHNAMOORTHI","320","8TH CONGRESS","DU0028","3098","11","Democratic","69"
"45","0","KANE","580","JUNAID AHMED","320","8TH CONGRESS","EL0001","2592","11","Democratic","59"
"45","0","KANE","0","Under Votes","320","8TH CONGRESS","EL0001","2592","11","Democratic","1"
"45","0","KANE","0","Over Votes","320","8TH CONGRESS","EL0001","2592","11","Democratic","0"
"45","0","KANE","585","RAJA KRISHNAMOORTHI","320","8TH CONGRESS","EL0001","2592","11","Democratic","125"
"45","0","KANE","580","JUNAID AHMED","320","8TH CONGRESS","EL0009","1872","11","Democratic","24"
"45","0","KANE","0","Under Votes","320","8TH CONGRESS","EL0009","1872","11","Democratic","1"
"45","0","KANE","0","Over Votes","320","8TH CONGRESS","EL0009","1872","11","Democratic","0"
"45","0","KANE","585","RAJA KRISHNAMOORTHI","320","8TH CONGRESS","EL0009","1872","11","Democratic","30"
"45","0","KANE","580","JUNAID AHMED","320","8TH CONGRESS","EL0015","2668","11","Democratic","57"
"45","0","KANE","0","Under Votes","320","8TH CONGRESS","EL0015","2668","11","Democratic","4"
"45","0","KANE","0","Over Votes","320","8TH CONGRESS","EL0015","2668","11","Democratic","0"
"45","0","KANE","585","RAJA KRISHNAMOORTHI","320","8TH CONGRESS","EL0015","2668","11","Democratic","96"
"45","0","KANE","0","Under Votes","320","8TH CONGRESS","EL0016","3194","11","Democratic","1"
"45","0","KANE","0","Over Votes","320","8TH CONGRESS","EL0016","3194","11","Democratic","0"
"45","0","KANE","585","RAJA KRISHNAMOORTHI","320","8TH CONGRESS","EL0016","3194","11","Democratic","94"
"45","0","KANE","580","JUNAID AHMED","320","8TH CONGRESS","EL0016","3194","11","Democratic","45"
"45","0","KANE","580","JUNAID AHMED","320","8TH CONGRESS","EL0021","2596","11","Democratic","30"
"45","0","KANE","0","Under Votes","320","8TH CONGRESS","EL0021","2596","11","Democratic","1"
"45","0","KANE","0","Over Votes","320","8TH CONGRESS","EL0021","2596","11","Democratic","0"
"45","0","KANE","585","RAJA KRISHNAMOORTHI","320","8TH CONGRESS","EL0021","2596","11","Democratic","55"
"45","0","KANE","585","RAJA KRISHNAMOORTHI","320","8TH CONGRESS","EL0028","1398","11","Democratic","35"
"45","0","KANE","580","JUNAID AHMED","320","8TH CONGRESS","EL0028","1398","11","Democratic","25"
"45","0","KANE","0","Under Votes","320","8TH CONGRESS","EL0028","1398","11","Democratic","0"
"45","0","KANE","0","Over Votes","320","8TH CONGRESS","EL0028","1398","11","Democratic","0"
"45","0","KANE","585","RAJA KRISHNAMOORTHI","320","8TH CONGRESS","EL0035","2264","11","Democratic","80"
"45","0","KANE","580","JUNAID AHMED","320","8TH CONGRESS","EL0035","2264","11","Democratic","32"
"45","0","KANE","0","Under Votes","320","8TH CONGRESS","EL0035","2264","11","Democratic","1"
"45","0","KANE","0","Over Votes","320","8TH CONGRESS","EL0035","2264","11","Democratic","0"
"45","0","KANE","585","RAJA KRISHNAMOORTHI","320","8TH CONGRESS","EL0041","1572","11","Democratic","33"
"45","0","KANE","580","JUNAID AHMED","320","8TH CONGRESS","EL0041","1572","11","Democratic","8"
"45","0","KANE","0","Under Votes","320","8TH CONGRESS","EL0041","1572","11","Democratic","1"
"45","0","KANE","0","Over Votes","320","8TH CONGRESS","EL0041","1572","11","Democratic","0"
"45","0","KANE","585","RAJA KRISHNAMOORTHI","320","8TH CONGRESS","EL0050","1892","11","Democratic","17"
"45","0","KANE","580","JUNAID AHMED","320","8TH CONGRESS","EL0050","1892","11","Democratic","35"
"45","0","KANE","0","Over Votes","320","8TH CONGRESS","EL0050","1892","11","Democratic","0"
"45","0","KANE","0","Under Votes","320","8TH CONGRESS","EL0050","1892","11","Democratic","1"
"45","0","KANE","585","RAJA KRISHNAMOORTHI","320","8TH CONGRESS","GE0010","2398","11","Democratic","27"
"45","0","KANE","580","JUNAID AHMED","320","8TH CONGRESS","GE0009","2414","11","Democratic","46"
"45","0","KANE","0","Under Votes","320","8TH CONGRESS","GE0009","2414","11","Democratic","9"
"45","0","KANE","0","Over Votes","320","8TH CONGRESS","GE0009","2414","11","Democratic","0"
"45","0","KANE","580","JUNAID AHMED","320","8TH CONGRESS","RU0013","2636","11","Democratic","16"
"45","0","KANE","0","Under Votes","320","8TH CONGRESS","RU0013","2636","11","Democratic","2"
"45","0","KANE","0","Under Votes","320","8TH CONGRESS","DU0021","1546","12","Republican","0"
"45","0","KANE","575","CHRIS DARGIS","320","8TH CONGRESS","DU0021","1546","12","Republican","6"
"45","0","KANE","570","KAREN KOLODZIEJ","320","8TH CONGRESS","DU0021","1546","12","Republican","2"
"45","0","KANE","560","PETER KOPSAFTIS","320","8TH CONGRESS","DU0021","1546","12","Republican","0"
"45","0","KANE","565","PHILLIP OWEN WOOD","320","8TH CONGRESS","DU0021","1546","12","Republican","6"
"45","0","KANE","575","CHRIS DARGIS","320","8TH CONGRESS","DU0029","1642","12","Republican","34"
"45","0","KANE","570","KAREN KOLODZIEJ","320","8TH CONGRESS","DU0029","1642","12","Republican","8"
"45","0","KANE","560","PETER KOPSAFTIS","320","8TH CONGRESS","DU0029","1642","12","Republican","6"
"45","0","KANE","565","PHILLIP OWEN WOOD","320","8TH CONGRESS","DU0029","1642","12","Republican","6"
"45","0","KANE","0","Over Votes","320","8TH CONGRESS","DU0029","1642","12","Republican","0"
"45","0","KANE","555","CHAD KOPPIE","320","8TH CONGRESS","DU0029","1642","12","Republican","21"
"45","0","KANE","0","Under Votes","320","8TH CONGRESS","DU0029","1642","12","Republican","5"
"45","0","KANE","575","CHRIS DARGIS","320","8TH CONGRESS","EL0002","2384","12","Republican","25"
"45","0","KANE","570","KAREN KOLODZIEJ","320","8TH CONGRESS","EL0002","2384","12","Republican","10"
"45","0","KANE","560","PETER KOPSAFTIS","320","8TH CONGRESS","EL0002","2384","12","Republican","22"
"45","0","KANE","565","PHILLIP OWEN WOOD","320","8TH CONGRESS","EL0002","2384","12","Republican","13"
"45","0","KANE","0","Over Votes","320","8TH CONGRESS","EL0002","2384","12","Republican","0"
"45","0","KANE","555","CHAD KOPPIE","320","8TH CONGRESS","EL0002","2384","12","Republican","20"
"45","0","KANE","0","Under Votes","320","8TH CONGRESS","EL0002","2384","12","Republican","4"
"45","0","KANE","575","CHRIS DARGIS","320","8TH CONGRESS","EL0010","2532","12","Republican","37"
"45","0","KANE","570","KAREN KOLODZIEJ","320","8TH CONGRESS","EL0010","2532","12","Republican","13"
"45","0","KANE","560","PETER KOPSAFTIS","320","8TH CONGRESS","EL0010","2532","12","Republican","8"
"45","0","KANE","0","Over Votes","320","8TH CONGRESS","EL0010","2532","12","Republican","0"
"45","0","KANE","565","PHILLIP OWEN WOOD","320","8TH CONGRESS","EL0010","2532","12","Republican","22"
"45","0","KANE","555","CHAD KOPPIE","320","8TH CONGRESS","EL0010","2532","12","Republican","24"
"45","0","KANE","0","Under Votes","320","8TH CONGRESS","EL0010","2532","12","Republican","10"
"45","0","KANE","575","CHRIS DARGIS","320","8TH CONGRESS","EL0017","2276","12","Republican","8"
"45","0","KANE","570","KAREN KOLODZIEJ","320","8TH CONGRESS","EL0017","2276","12","Republican","8"
"45","0","KANE","560","PETER KOPSAFTIS","320","8TH CONGRESS","EL0017","2276","12","Republican","9"
"45","0","KANE","0","Over Votes","320","8TH CONGRESS","EL0017","2276","12","Republican","0"
"45","0","KANE","565","PHILLIP OWEN WOOD","320","8TH CONGRESS","EL0017","2276","12","Republican","5"
"45","0","KANE","555","CHAD KOPPIE","320","8TH CONGRESS","EL0017","2276","12","Republican","8"
"45","0","KANE","0","Under Votes","320","8TH CONGRESS","EL0017","2276","12","Republican","3"
"45","0","KANE","565","PHILLIP OWEN WOOD","320","8TH CONGRESS","EL0022","3138","12","Republican","21"
"45","0","KANE","575","CHRIS DARGIS","320","8TH CONGRESS","EL0022","3138","12","Republican","12"
"45","0","KANE","570","KAREN KOLODZIEJ","320","8TH CONGRESS","EL0022","3138","12","Republican","10"
"45","0","KANE","560","PETER KOPSAFTIS","320","8TH CONGRESS","EL0022","3138","12","Republican","6"
"45","0","KANE","0","Over Votes","320","8TH CONGRESS","EL0022","3138","12","Republican","0"
"45","0","KANE","555","CHAD KOPPIE","320","8TH CONGRESS","EL0022","3138","12","Republican","15"
"45","0","KANE","0","Under Votes","320","8TH CONGRESS","EL0022","3138","12","Republican","7"
"45","0","KANE","575","CHRIS DARGIS","320","8TH CONGRESS","EL0024","2614","12","Republican","39"
"45","0","KANE","565","PHILLIP OWEN WOOD","320","8TH CONGRESS","EL0024","2614","12","Republican","27"
"45","0","KANE","570","KAREN KOLODZIEJ","320","8TH CONGRESS","EL0024","2614","12","Republican","29"
"45","0","KANE","560","PETER KOPSAFTIS","320","8TH CONGRESS","EL0024","2614","12","Republican","15"
"16","0","COOK","585","RAJA KRISHNAMOORTHI","320","8TH CONGRESS","8700033","823","11","Democratic","36"
"16","0","COOK","0","Over Votes","320","8TH CONGRESS","9300056","1048","11","Democratic","0"
"16","0","COOK","580","JUNAID AHMED","320","8TH CONGRESS","9300056","1048","11","Democratic","12"
"16","0","COOK","0","Under Votes","320","8TH CONGRESS","9300056","1048","11","Democratic","3"
"16","0","COOK","585","RAJA KRISHNAMOORTHI","320","8TH CONGRESS","9300059","1220","11","Democratic","131"
"16","0","COOK","0","Over Votes","320","8TH CONGRESS","9300059","1220","11","Democratic","0"
"16","0","COOK","580","JUNAID AHMED","320","8TH CONGRESS","9300059","1220","11","Democratic","32"
"16","0","COOK","0","Under Votes","320","8TH CONGRESS","9300059","1220","11","Democratic","2"
"16","0","COOK","585","RAJA KRISHNAMOORTHI","320","8TH CONGRESS","9300064","928","11","Democratic","75"
"16","0","COOK","0","Over Votes","320","8TH CONGRESS","9300064","928","11","Democratic","1"
"16","0","COOK","580","JUNAID AHMED","320","8TH CONGRESS","9300064","928","11","Democratic","25"
"16","0","COOK","0","Under Votes","320","8TH CONGRESS","9300064","928","11","Democratic","3"
"16","0","COOK","585","RAJA KRISHNAMOORTHI","320","8TH CONGRESS","9300067","1577","11","Democratic","124"
"16","0","COOK","0","Over Votes","320","8TH CONGRESS","9300067","1577","11","Democratic","0"
"16","0","COOK","580","JUNAID AHMED","320","8TH CONGRESS","9300067","1577","11","Democratic","31"
"16","0","COOK","0","Under Votes","320","8TH CONGRESS","9300067","1577","11","Democratic","3"
"16","0","COOK","580","JUNAID AHMED","320","8TH CONGRESS","8700016","1279","11","Democratic","19"
"16","0","COOK","0","Over Votes","320","8TH CONGRESS","8700016","1279","11","Democratic","0"
"16","0","COOK","0","Under Votes","320","8TH CONGRESS","8700016","1279","11","Democratic","1"
"16","0","COOK","585","RAJA KRISHNAMOORTHI","320","8TH CONGRESS","8700019","1017","11","Democratic","111"
"16","0","COOK","580","JUNAID AHMED","320","8TH CONGRESS","8700019","1017","11","Democratic","28"
"16","0","COOK","0","Over Votes","320","8TH CONGRESS","8700019","1017","11","Democratic","0"
"16","0","COOK","0","Under Votes","320","8TH CONGRESS","8700019","1017","11","Democratic","3"
"16","0","COOK","585","RAJA KRISHNAMOORTHI","320","8TH CONGRESS","8700022","893","11","Democratic","96"
"16","0","COOK","580","JUNAID AHMED","320","8TH CONGRESS","8700022","893","11","Democratic","21"
"16","0","COOK","0","Over Votes","320","8TH CONGRESS","8700022","893","11","Democratic","0"
"16","0","COOK","0","Under Votes","320","8TH CONGRESS","8700022","893","11","Democratic","3"
"16","0","COOK","585","RAJA KRISHNAMOORTHI","320","8TH CONGRESS","8700052","1017","11","Democratic","97"
"16","0","COOK","580","JUNAID AHMED","320","8TH CONGRESS","8700052","1017","11","Democratic","22"
"16","0","COOK","0","Over Votes","320","8TH CONGRESS","8700052","1017","11","Democratic","0"
"16","0","COOK","0","Under Votes","320","8TH CONGRESS","8700052","1017","11","Democratic","0"
"16","0","COOK","585","RAJA KRISHNAMOORTHI","320","8TH CONGRESS","9300001","1920","11","Democratic","144"
"16","0","COOK","580","JUNAID AHMED","320","8TH CONGRESS","9300001","1920","11","Democratic","86"
"16","0","COOK","0","Over Votes","320","8TH CONGRESS","9300001","1920","11","Democratic","0"
"16","0","COOK","0","Under Votes","320","8TH CONGRESS","9300001","1920","11","Democratic","7"
"16","0","COOK","585","RAJA KRISHNAMOORTHI","320","8TH CONGRESS","9300004","707","11","Democratic","52"
"16","0","COOK","580","JUNAID AHMED","320","8TH CONGRESS","9300004","707","11","Democratic","32"
"16","0","COOK","0","Over Votes","320","8TH CONGRESS","9300004","707","11","Democratic","0"
"16","0","COOK","0","Under Votes","320","8TH CONGRESS","9300004","707","11","Democratic","2"
"16","0","COOK","585","RAJA KRISHNAMOORTHI","320","8TH CONGRESS","9300007","945","11","Democratic","64"
"16","0","COOK","580","JUNAID AHMED","320","8TH CONGRESS","9300007","945","11","Democratic","32"
"16","0","COOK","0","Over Votes","320","8TH CONGRESS","9300007","945","11","Democratic","0"
"16","0","COOK","0","Under Votes","320","8TH CONGRESS","9300007","945","11","Democratic","1"
"16","0","COOK","585","RAJA KRISHNAMOORTHI","320","8TH CONGRESS","9300031","1336","11","Democratic","115"
"22","0","DuPAGE","0","Under Votes","320","8TH CONGRESS","Bloomingdale  035 - 0129","733","11","","0"
"22","0","DuPAGE","580","JUNAID AHMED","320","8TH CONGRESS","Bloomingdale  051 - 0149","0","11","","0"
"22","0","DuPAGE","580","JUNAID AHMED","320","8TH CONGRESS","Wayne  005 - 0010","744","11","","16"
"22","0","DuPAGE","585","RAJA KRISHNAMOORTHI","320","8TH CONGRESS","Wayne  005 - 0010","744","11","","53"
"22","0","DuPAGE","0","Under Votes","320","8TH CONGRESS","Wayne  005 - 0010","744","11","","0"
"22","0","DuPAGE","0","Over Votes","320","8TH CONGRESS","Wayne  005 - 0010","744","11","","0"
"22","0","DuPAGE","580","JUNAID AHMED","320","8TH CONGRESS","Wayne  026 - 0042","572","11","","20"
"22","0","DuPAGE","585","RAJA KRISHNAMOORTHI","320","8TH CONGRESS","Wayne  026 - 0042","572","11","","38"
"22","0","DuPAGE","0","Under Votes","320","8TH CONGRESS","Wayne  026 - 0042","572","11","","0"
"22","0","DuPAGE","0","Over Votes","320","8TH CONGRESS","Wayne  026 - 0042","572","11","","0"
"22","0","DuPAGE","580","JUNAID AHMED","320","8TH CONGRESS","Wayne  029 - 0045","719","11","","9"
"22","0","DuPAGE","585","RAJA KRISHNAMOORTHI","320","8TH CONGRESS","Wayne  029 - 0045","719","11","","48"
"22","0","DuPAGE","0","Under Votes","320","8TH CONGRESS","Wayne  029 - 0045","719","11","","1"
"22","0","DuPAGE","0","Over Votes","320","8TH CONGRESS","Wayne  029 - 0045","719","11","","0"
"22","0","DuPAGE","580","JUNAID AHMED","320","8TH CONGRESS","Wayne  051 - 0074","0","11","","0"
"22","0","DuPAGE","585","RAJA KRISHNAMOORTHI","320","8TH CONGRESS","Wayne  051 - 0074","0","11","","0"
"22","0","DuPAGE","0","Under Votes","320","8TH CONGRESS","Wayne  051 - 0074","0","11","","0"
"22","0","DuPAGE","0","Over Votes","320","8TH CONGRESS","Wayne  051 - 0074","0","11","","0"
"22","0","DuPAGE","580","JUNAID AHMED","320","8TH CONGRESS","Wayne  054 - 0077","827","11","","30"
"22","0","DuPAGE","585","RAJA KRISHNAMOORTHI","320","8TH CONGRESS","Wayne  054 - 0077","827","11","","60"
"22","0","DuPAGE","0","Under Votes","320","8TH CONGRESS","Wayne  054 - 0077","827","11","","1"
"22","0","DuPAGE","0","Over Votes","320","8TH CONGRESS","Wayne  054 - 0077","827","11","","0"
"22","0","DuPAGE","580","JUNAID AHMED","320","8TH CONGRESS","Wayne  057 - 0080","505","11","","16"
"22","0","DuPAGE","585","RAJA KRISHNAMOORTHI","320","8TH CONGRESS","Wayne  057 - 0080","505","11","","31"
"22","0","DuPAGE","0","Under Votes","320","8TH CONGRESS","Wayne  057 - 0080","505","11","","3"
"22","0","DuPAGE","0","Over Votes","320","8TH CONGRESS","Wayne  057 - 0080","505","11","","0"
"22","0","DuPAGE","580","JUNAID AHMED","320","8TH CONGRESS","Bloomingdale  007 - 0100","669","11","","8"
"22","0","DuPAGE","585","RAJA KRISHNAMOORTHI","320","8TH CONGRESS","Bloomingdale  007 - 0100","669","11","","40"
"22","0","DuPAGE","0","Over Votes","320","8TH CONGRESS","Bloomingdale  007 - 0100","669","11","","0"
"22","0","DuPAGE","0","Under Votes","320","8TH CONGRESS","Bloomingdale  007 - 0100","669","11","","0"
"22","0","DuPAGE","580","JUNAID AHMED","320","8TH CONGRESS","Bloomingdale  009 - 0103","6","11","","0"
"22","0","DuPAGE","585","RAJA KRISHNAMOORTHI","320","8TH CONGRESS","Bloomingdale  009 - 0103","6","11","","0"
"22","0","DuPAGE","0","Over Votes","320","8TH CONGRESS","Bloomingdale  009 - 0103","6","11","","0"
"22","0","DuPAGE","0","Under Votes","320","8TH CONGRESS","Bloomingdale  009 - 0103","6","11","","0"
"22","0","DuPAGE","580","JUNAID AHMED","320","8TH CONGRESS","Bloomingdale  012 - 0106","871","11","","15"
"22","0","DuPAGE","585","RAJA KRISHNAMOORTHI","320","8TH CONGRESS","Bloomingdale  012 - 0106","871","11","","53"
"22","0","DuPAGE","0","Under Votes","320","8TH CONGRESS","Bloomingdale  012 - 0106","871","11","","0"
"22","0","DuPAGE","0","Over Votes","320","8TH CONGRESS","Bloomingdale  012 - 0106","871","11","","0"
"22","0","DuPAGE","580","JUNAID AHMED","320","8TH CONGRESS","Bloomingdale  037 - 0132","0","11","","0"
"22","0","DuPAGE","585","RAJA KRISHNAMOORTHI","320","8TH CONGRESS","Bloomingdale  037 - 0132","0","11","","0"
"22","0","DuPAGE","0","Over Votes","320","8TH CONGRESS","Bloomingdale  037 - 0132","0","11","","0"
"22","0","DuPAGE","0","Under Votes","320","8TH CONGRESS","Bloomingdale  037 - 0132","0","11","","0"
"45","0","KANE","585","RAJA KRISHNAMOORTHI","320","8TH CONGRESS","RU0013","2636","11","Democratic","74"
"45","0","KANE","0","Over Votes","320","8TH CONGRESS","RU0013","2636","11","Democratic","0"
"45","0","KANE","585","RAJA KRISHNAMOORTHI","320","8TH CONGRESS","SC0022","2101","11","Democratic","74"
"45","0","KANE","580","JUNAID AHMED","320","8TH CONGRESS","SC0022","2101","11","Democratic","34"
"45","0","KANE","0","Under Votes","320","8TH CONGRESS","SC0022","2101","11","Democratic","5"
"45","0","KANE","0","Over Votes","320","8TH CONGRESS","SC0022","2101","11","Democratic","0"
"45","0","KANE","585","RAJA KRISHNAMOORTHI","320","8TH CONGRESS","SC0026","3187","11","Democratic","76"
"45","0","KANE","580","JUNAID AHMED","320","8TH CONGRESS","SC0026","3187","11","Democratic","15"
"45","0","KANE","0","Under Votes","320","8TH CONGRESS","SC0026","3187","11","Democratic","1"
"45","0","KANE","0","Over Votes","320","8TH CONGRESS","SC0026","3187","11","Democratic","0"
"45","0","KANE","585","RAJA KRISHNAMOORTHI","320","8TH CONGRESS","SC0033","2184","11","Democratic","50"
"45","0","KANE","580","JUNAID AHMED","320","8TH CONGRESS","SC0033","2184","11","Democratic","33"
"45","0","KANE","0","Over Votes","320","8TH CONGRESS","SC0033","2184","11","Democratic","0"
"45","0","KANE","0","Under Votes","320","8TH CONGRESS","SC0033","2184","11","Democratic","1"
"45","0","KANE","580","JUNAID AHMED","320","8TH CONGRESS","SC0027","1800","11","Democratic","22"
"45","0","KANE","0","Under Votes","320","8TH CONGRESS","SC0027","1800","11","Democratic","5"
"45","0","KANE","0","Over Votes","320","8TH CONGRESS","SC0027","1800","11","Democratic","0"
"45","0","KANE","580","JUNAID AHMED","320","8TH CONGRESS","RU0007","3286","11","Democratic","48"
"45","0","KANE","0","Over Votes","320","8TH CONGRESS","RU0007","3286","11","Democratic","0"
"45","0","KANE","0","Under Votes","320","8TH CONGRESS","RU0007","3286","11","Democratic","2"
"45","0","KANE","585","RAJA KRISHNAMOORTHI","320","8TH CONGRESS","SC0016","2704","11","Democratic","59"
"45","0","KANE","580","JUNAID AHMED","320","8TH CONGRESS","SC0016","2704","11","Democratic","39"
"45","0","KANE","0","Under Votes","320","8TH CONGRESS","SC0016","2704","11","Democratic","2"
"45","0","KANE","0","Over Votes","320","8TH CONGRESS","SC0016","2704","11","Democratic","0"
"45","0","KANE","585","RAJA KRISHNAMOORTHI","320","8TH CONGRESS","SC0020","2363","11","Democratic","88"
"45","0","KANE","580","JUNAID AHMED","320","8TH CONGRESS","SC0020","2363","11","Democratic","27"
"45","0","KANE","0","Under Votes","320","8TH CONGRESS","SC0020","2363","11","Democratic","5"
"45","0","KANE","0","Over Votes","320","8TH CONGRESS","SC0020","2363","11","Democratic","0"
"45","0","KANE","585","RAJA KRISHNAMOORTHI","320","8TH CONGRESS","SC0025","3663","11","Democratic","46"
"45","0","KANE","580","JUNAID AHMED","320","8TH CONGRESS","SC0025","3663","11","Democratic","33"
"45","0","KANE","0","Under Votes","320","8TH CONGRESS","SC0025","3663","11","Democratic","5"
"45","0","KANE","0","Over Votes","320","8TH CONGRESS","SC0025","3663","11","Democratic","0"
"45","0","KANE","585","RAJA KRISHNAMOORTHI","320","8TH CONGRESS","SC0031","1800","11","Democratic","34"
"45","0","KANE","580","JUNAID AHMED","320","8TH CONGRESS","SC0031","1800","11","Democratic","18"
"45","0","KANE","0","Over Votes","320","8TH CONGRESS","SC0031","1800","11","Democratic","0"
"45","0","KANE","0","Under Votes","320","8TH CONGRESS","SC0031","1800","11","Democratic","3"
"45","0","KANE","580","JUNAID AHMED","320","8TH CONGRESS","RU0002","3228","11","Democratic","29"
"45","0","KANE","0","Over Votes","320","8TH CONGRESS","RU0002","3228","11","Democratic","0"
"45","0","KANE","0","Under Votes","320","8TH CONGRESS","RU0002","3228","11","Democratic","4"
"45","0","KANE","585","RAJA KRISHNAMOORTHI","320","8TH CONGRESS","RU0009","2670","11","Democratic","38"
"45","0","KANE","580","JUNAID AHMED","320","8TH CONGRESS","RU0009","2670","11","Democratic","29"
"45","0","KANE","0","Over Votes","320","8TH CONGRESS","RU0009","2670","11","Democratic","0"
"45","0","KANE","0","Under Votes","320","8TH CONGRESS","RU0009","2670","11","Democratic","4"
"45","0","KANE","585","RAJA KRISHNAMOORTHI","320","8TH CONGRESS","RU0010","2938","11","Democratic","46"
"45","0","KANE","0","Over Votes","320","8TH CONGRESS","EL0024","2614","12","Republican","0"
"45","0","KANE","555","CHAD KOPPIE","320","8TH CONGRESS","EL0024","2614","12","Republican","23"
"45","0","KANE","0","Under Votes","320","8TH CONGRESS","EL0024","2614","12","Republican","11"
"45","0","KANE","555","CHAD KOPPIE","320","8TH CONGRESS","EL0033","1666","12","Republican","8"
"45","0","KANE","575","CHRIS DARGIS","320","8TH CONGRESS","EL0033","1666","12","Republican","7"
"45","0","KANE","565","PHILLIP OWEN WOOD","320","8TH CONGRESS","EL0033","1666","12","Republican","10"
"45","0","KANE","570","KAREN KOLODZIEJ","320","8TH CONGRESS","EL0033","1666","12","Republican","5"
"45","0","KANE","560","PETER KOPSAFTIS","320","8TH CONGRESS","EL0033","1666","12","Republican","9"
"45","0","KANE","0","Over Votes","320","8TH CONGRESS","EL0033","1666","12","Republican","0"
"45","0","KANE","0","Under Votes","320","8TH CONGRESS","EL0033","1666","12","Republican","5"
"45","0","KANE","0","Over Votes","320","8TH CONGRESS","EL0045","1596","12","Republican","0"
"45","0","KANE","0","Under Votes","320","8TH CONGRESS","EL0045","1596","12","Republican","5"
"45","0","KANE","565","PHILLIP OWEN WOOD","320","8TH CONGRESS","EL0045","1596","12","Republican","8"
"45","0","KANE","560","PETER KOPSAFTIS","320","8TH CONGRESS","EL0045","1596","12","Republican","4"
"45","0","KANE","570","KAREN KOLODZIEJ","320","8TH CONGRESS","EL0045","1596","12","Republican","9"
"45","0","KANE","555","CHAD KOPPIE","320","8TH CONGRESS","EL0045","1596","12","Republican","4"
"45","0","KANE","575","CHRIS DARGIS","320","8TH CONGRESS","EL0045","1596","12","Republican","14"
"45","0","KANE","0","Over Votes","320","8TH CONGRESS","EL0046","2940","12","Republican","0"
"45","0","KANE","0","Under Votes","320","8TH CONGRESS","EL0046","2940","12","Republican","11"
"45","0","KANE","565","PHILLIP OWEN WOOD","320","8TH CONGRESS","EL0046","2940","12","Republican","26"
"45","0","KANE","560","PETER KOPSAFTIS","320","8TH CONGRESS","EL0046","2940","12","Republican","35"
"45","0","KANE","570","KAREN KOLODZIEJ","320","8TH CONGRESS","EL0046","2940","12","Republican","36"
"45","0","KANE","555","CHAD KOPPIE","320","8TH CONGRESS","EL0046","2940","12","Republican","24"
"45","0","KANE","575","CHRIS DARGIS","320","8TH CONGRESS","EL0046","2940","12","Republican","94"
"45","0","KANE","555","CHAD KOPPIE","320","8TH CONGRESS","EL0052","1990","12","Republican","17"
"45","0","KANE","575","CHRIS DARGIS","320","8TH CONGRESS","EL0052","1990","12","Republican","41"
"45","0","KANE","565","PHILLIP OWEN WOOD","320","8TH CONGRESS","EL0052","1990","12","Republican","16"
"45","0","KANE","560","PETER KOPSAFTIS","320","8TH CONGRESS","EL0052","1990","12","Republican","19"
"45","0","KANE","570","KAREN KOLODZIEJ","320","8TH CONGRESS","EL0052","1990","12","Republican","13"
"45","0","KANE","0","Over Votes","320","8TH CONGRESS","EL0052","1990","12","Republican","0"
"45","0","KANE","0","Under Votes","320","8TH CONGRESS","EL0052","1990","12","Republican","9"
"45","0","KANE","555","CHAD KOPPIE","320","8TH CONGRESS","GE0009","2414","12","Republican","17"
"45","0","KANE","575","CHRIS DARGIS","320","8TH CONGRESS","GE0009","2414","12","Republican","40"
"45","0","KANE","565","PHILLIP OWEN WOOD","320","8TH CONGRESS","GE0009","2414","12","Republican","35"
"45","0","KANE","570","KAREN KOLODZIEJ","320","8TH CONGRESS","GE0009","2414","12","Republican","21"
"45","0","KANE","560","PETER KOPSAFTIS","320","8TH CONGRESS","GE0009","2414","12","Republican","10"
"45","0","KANE","0","Over Votes","320","8TH CONGRESS","GE0009","2414","12","Republican","0"
"45","0","KANE","0","Under Votes","320","8TH CONGRESS","GE0009","2414","12","Republican","20"
"45","0","KANE","0","Over Votes","320","8TH CONGRESS","RU0013","2636","12","Republican","0"
"45","0","KANE","0","Under Votes","320","8TH CONGRESS","RU0013","2636","12","Republican","14"
"45","0","KANE","555","CHAD KOPPIE","320","8TH CONGRESS","RU0013","2636","12","Republican","20"
"45","0","KANE","575","CHRIS DARGIS","320","8TH CONGRESS","RU0013","2636","12","Republican","29"
"45","0","KANE","565","PHILLIP OWEN WOOD","320","8TH CONGRESS","RU0013","2636","12","Republican","23"
"45","0","KANE","560","PETER KOPSAFTIS","320","8TH CONGRESS","RU0013","2636","12","Republican","20"
"16","0","COOK","580","JUNAID AHMED","320","8TH CONGRESS","9300031","1336","11","Democratic","54"
"16","0","COOK","0","Under Votes","320","8TH CONGRESS","9300031","1336","11","Democratic","1"
"16","0","COOK","0","Over Votes","320","8TH CONGRESS","9300031","1336","11","Democratic","0"
"16","0","COOK","585","RAJA KRISHNAMOORTHI","320","8TH CONGRESS","9300034","1315","11","Democratic","65"
"16","0","COOK","580","JUNAID AHMED","320","8TH CONGRESS","9300034","1315","11","Democratic","39"
"16","0","COOK","0","Over Votes","320","8TH CONGRESS","9300034","1315","11","Democratic","0"
"16","0","COOK","0","Under Votes","320","8TH CONGRESS","9300034","1315","11","Democratic","1"
"16","0","COOK","585","RAJA KRISHNAMOORTHI","320","8TH CONGRESS","9300037","629","11","Democratic","86"
"16","0","COOK","580","JUNAID AHMED","320","8TH CONGRESS","9300037","629","11","Democratic","13"
"16","0","COOK","0","Over Votes","320","8TH CONGRESS","9300037","629","11","Democratic","0"
"16","0","COOK","0","Under Votes","320","8TH CONGRESS","9300037","629","11","Democratic","1"
"16","0","COOK","585","RAJA KRISHNAMOORTHI","320","8TH CONGRESS","9300042","1495","11","Democratic","79"
"16","0","COOK","580","JUNAID AHMED","320","8TH CONGRESS","9300042","1495","11","Democratic","47"
"16","0","COOK","0","Over Votes","320","8TH CONGRESS","9300042","1495","11","Democratic","1"
"16","0","COOK","0","Under Votes","320","8TH CONGRESS","9300042","1495","11","Democratic","3"
"16","0","COOK","585","RAJA KRISHNAMOORTHI","320","8TH CONGRESS","9300066","1245","11","Democratic","109"
"16","0","COOK","580","JUNAID AHMED","320","8TH CONGRESS","9300066","1245","11","Democratic","25"
"16","0","COOK","0","Under Votes","320","8TH CONGRESS","9300066","1245","11","Democratic","4"
"16","0","COOK","0","Over Votes","320","8TH CONGRESS","9300066","1245","11","Democratic","0"
"16","0","COOK","585","RAJA KRISHNAMOORTHI","320","8TH CONGRESS","9300069","801","11","Democratic","65"
"16","0","COOK","580","JUNAID AHMED","320","8TH CONGRESS","9300069","801","11","Democratic","14"
"16","0","COOK","0","Under Votes","320","8TH CONGRESS","9300025","1030","11","Democratic","0"
"16","0","COOK","0","Over Votes","320","8TH CONGRESS","9300025","1030","11","Democratic","0"
"16","0","COOK","585","RAJA KRISHNAMOORTHI","320","8TH CONGRESS","9300028","1119","11","Democratic","121"
"16","0","COOK","580","JUNAID AHMED","320","8TH CONGRESS","9300028","1119","11","Democratic","36"
"16","0","COOK","0","Under Votes","320","8TH CONGRESS","9300028","1119","11","Democratic","0"
"16","0","COOK","0","Over Votes","320","8TH CONGRESS","9300028","1119","11","Democratic","0"
"16","0","COOK","585","RAJA KRISHNAMOORTHI","320","8TH CONGRESS","9300051","950","11","Democratic","66"
"16","0","COOK","0","Over Votes","320","8TH CONGRESS","9300051","950","11","Democratic","0"
"16","0","COOK","580","JUNAID AHMED","320","8TH CONGRESS","9300051","950","11","Democratic","24"
"16","0","COOK","0","Under Votes","320","8TH CONGRESS","9300051","950","11","Democratic","2"
"16","0","COOK","585","RAJA KRISHNAMOORTHI","320","8TH CONGRESS","9300055","1664","11","Democratic","140"
"16","0","COOK","580","JUNAID AHMED","320","8TH CONGRESS","9300055","1664","11","Democratic","34"
"16","0","COOK","0","Under Votes","320","8TH CONGRESS","9300055","1664","11","Democratic","2"
"16","0","COOK","0","Over Votes","320","8TH CONGRESS","9300055","1664","11","Democratic","0"
"16","0","COOK","585","RAJA KRISHNAMOORTHI","320","8TH CONGRESS","9300058","748","11","Democratic","52"
"16","0","COOK","580","JUNAID AHMED","320","8TH CONGRESS","9300058","748","11","Democratic","14"
"16","0","COOK","0","Under Votes","320","8TH CONGRESS","9300058","748","11","Democratic","2"
"16","0","COOK","0","Over Votes","320","8TH CONGRESS","9300058","748","11","Democratic","0"
"16","0","COOK","585","RAJA KRISHNAMOORTHI","320","8TH CONGRESS","9300062","1341","11","Democratic","96"
"16","0","COOK","580","JUNAID AHMED","320","8TH CONGRESS","9300062","1341","11","Democratic","47"
"16","0","COOK","0","Under Votes","320","8TH CONGRESS","9300062","1341","11","Democratic","3"
"16","0","COOK","0","Over Votes","320","8TH CONGRESS","9300062","1341","11","Democratic","0"
"16","0","COOK","580","JUNAID AHMED","320","8TH CONGRESS","8700033","823","11","Democratic","22"
"22","0","DuPAGE","580","JUNAID AHMED","320","8TH CONGRESS","Bloomingdale  039 - 0135","552","11","","9"
"22","0","DuPAGE","585","RAJA KRISHNAMOORTHI","320","8TH CONGRESS","Bloomingdale  039 - 0135","552","11","","39"
"22","0","DuPAGE","0","Under Votes","320","8TH CONGRESS","Addison  003 - 0215","962","11","","0"
"22","0","DuPAGE","0","Over Votes","320","8TH CONGRESS","Addison  003 - 0215","962","11","","0"
"22","0","DuPAGE","580","JUNAID AHMED","320","8TH CONGRESS","Addison  023 - 0241","740","11","","21"
"22","0","DuPAGE","585","RAJA KRISHNAMOORTHI","320","8TH CONGRESS","Addison  023 - 0241","740","11","","63"
"22","0","DuPAGE","0","Under Votes","320","8TH CONGRESS","Addison  023 - 0241","740","11","","0"
"22","0","DuPAGE","0","Over Votes","320","8TH CONGRESS","Addison  023 - 0241","740","11","","0"
"22","0","DuPAGE","580","JUNAID AHMED","320","8TH CONGRESS","Addison  044 - 0267","618","11","","5"
"22","0","DuPAGE","585","RAJA KRISHNAMOORTHI","320","8TH CONGRESS","Addison  044 - 0267","618","11","","36"
"22","0","DuPAGE","0","Under Votes","320","8TH CONGRESS","Addison  044 - 0267","618","11","","1"
"22","0","DuPAGE","0","Over Votes","320","8TH CONGRESS","Addison  044 - 0267","618","11","","0"
"22","0","DuPAGE","580","JUNAID AHMED","320","8TH CONGRESS","Addison  046 - 0270","802","11","","11"
"22","0","DuPAGE","585","RAJA KRISHNAMOORTHI","320","8TH CONGRESS","Addison  046 - 0270","802","11","","56"
"22","0","DuPAGE","0","Under Votes","320","8TH CONGRESS","Addison  046 - 0270","802","11","","1"
"22","0","DuPAGE","0","Over Votes","320","8TH CONGRESS","Addison  046 - 0270","802","11","","0"
"22","0","DuPAGE","580","JUNAID AHMED","320","8TH CONGRESS","Addison  051 - 0276","608","11","","4"
"22","0","DuPAGE","585","RAJA KRISHNAMOORTHI","320","8TH CONGRESS","Addison  051 - 0276","608","11","","39"
"22","0","DuPAGE","0","Under Votes","320","8TH CONGRESS","Addison  051 - 0276","608","11","","1"
"22","0","DuPAGE","0","Over Votes","320","8TH CONGRESS","Addison  051 - 0276","608","11","","1"
"22","0","DuPAGE","580","JUNAID AHMED","320","8TH CONGRESS","Milton  070 - 0453","787","11","","15"
"22","0","DuPAGE","585","RAJA KRISHNAMOORTHI","320","8TH CONGRESS","Milton  070 - 0453","787","11","","38"
"22","0","DuPAGE","0","Under Votes","320","8TH CONGRESS","Milton  070 - 0453","787","11","","1"
"22","0","DuPAGE","0","Over Votes","320","8TH CONGRESS","Milton  070 - 0453","787","11","","0"
"22","0","DuPAGE","585","RAJA KRISHNAMOORTHI","320","8TH CONGRESS","Bloomingdale  051 - 0149","0","11","","0"
"22","0","DuPAGE","0","Over Votes","320","8TH CONGRESS","Bloomingdale  051 - 0149","0","11","","0"
"22","0","DuPAGE","0","Under Votes","320","8TH CONGRESS","Bloomingdale  051 - 0149","0","11","","0"
"22","0","DuPAGE","580","JUNAID AHMED","320","8TH CONGRESS","Bloomingdale  053 - 0152","811","11","","12"
"22","0","DuPAGE","585","RAJA KRISHNAMOORTHI","320","8TH CONGRESS","Bloomingdale  053 - 0152","811","11","","30"
"22","0","DuPAGE","0","Under Votes","320","8TH CONGRESS","Bloomingdale  053 - 0152","811","11","","1"
"22","0","DuPAGE","0","Over Votes","320","8TH CONGRESS","Bloomingdale  053 - 0152","811","11","","0"
"22","0","DuPAGE","580","JUNAID AHMED","320","8TH CONGRESS","Bloomingdale  056 - 0155","595","11","","12"
"22","0","DuPAGE","585","RAJA KRISHNAMOORTHI","320","8TH CONGRESS","Bloomingdale  056 - 0155","595","11","","45"
"22","0","DuPAGE","0","Over Votes","320","8TH CONGRESS","Bloomingdale  056 - 0155","595","11","","0"
"22","0","DuPAGE","0","Under Votes","320","8TH CONGRESS","Bloomingdale  056 - 0155","595","11","","0"
"22","0","DuPAGE","580","JUNAID AHMED","320","8TH CONGRESS","Bloomingdale  059 - 0158","415","11","","5"
"22","0","DuPAGE","585","RAJA KRISHNAMOORTHI","320","8TH CONGRESS","Bloomingdale  059 - 0158","415","11","","33"
"22","0","DuPAGE","0","Over Votes","320","8TH CONGRESS","Bloomingdale  059 - 0158","415","11","","0"
"22","0","DuPAGE","0","Under Votes","320","8TH CONGRESS","Bloomingdale  059 - 0158","415","11","","1"
"22","0","DuPAGE","580","JUNAID AHMED","320","8TH CONGRESS","Bloomingdale  078 - 0181","750","11","","12"
"22","0","DuPAGE","585","RAJA KRISHNAMOORTHI","320","8TH CONGRESS","Bloomingdale  078 - 0181","750","11","","44"
"22","0","DuPAGE","0","Under Votes","320","8TH CONGRESS","Bloomingdale  078 - 0181","750","11","","0"
"22","0","DuPAGE","0","Over Votes","320","8TH CONGRESS","Bloomingdale  078 - 0181","750","11","","0"
"22","0","DuPAGE","580","JUNAID AHMED","320","8TH CONGRESS","Bloomingdale  080 - 0184","3","11","","0"
"22","0","DuPAGE","585","RAJA KRISHNAMOORTHI","320","8TH CONGRESS","Bloomingdale  080 - 0184","3","11","","0"
"22","0","DuPAGE","0","Over Votes","320","8TH CONGRESS","Bloomingdale  080 - 0184","3","11","","0"
"22","0","DuPAGE","0","Under Votes","320","8TH CONGRESS","Bloomingdale  080 - 0184","3","11","","0"
"22","0","DuPAGE","580","JUNAID AHMED","320","8TH CONGRESS","Bloomingdale  082 - 0187","911","11","","34"
"22","0","DuPAGE","585","RAJA KRISHNAMOORTHI","320","8TH CONGRESS","Bloomingdale  082 - 0187","911","11","","52"
"22","0","DuPAGE","0","Over Votes","320","8TH CONGRESS","Bloomingdale  082 - 0187","911","11","","0"
"22","0","DuPAGE","0","Under Votes","320","8TH CONGRESS","Bloomingdale  082 - 0187","911","11","","0"
"22","0","DuPAGE","580","JUNAID AHMED","320","8TH CONGRESS","Bloomingdale  083 - 0190","16","11","","0"
"22","0","DuPAGE","585","RAJA KRISHNAMOORTHI","320","8TH CONGRESS","Bloomingdale  083 - 0190","16","11","","0"
"22","0","DuPAGE","0","Over Votes","320","8TH CONGRESS","Bloomingdale  083 - 0190","16","11","","0"
"22","0","DuPAGE","0","Under Votes","320","8TH CONGRESS","Bloomingdale  083 - 0190","16","11","","0"
"22","0","DuPAGE","580","JUNAID AHMED","320","8TH CONGRESS","Bloomingdale  102 - 0210","770","11","","11"
"22","0","DuPAGE","585","RAJA KRISHNAMOORTHI","320","8TH CONGRESS","Bloomingdale  102 - 0210","770","11","","40"
"22","0","DuPAGE","0","Under Votes","320","8TH CONGRESS","Bloomingdale  102 - 0210","770","11","","1"
"22","0","DuPAGE","0","Over Votes","320","8TH CONGRESS","Bloomingdale  102 - 0210","770","11","","0"
"22","0","DuPAGE","580","JUNAID AHMED","320","8TH CONGRESS","Addison  051 - 0277","93","11","","3"
"22","0","DuPAGE","585","RAJA KRISHNAMOORTHI","320","8TH CONGRESS","Addison  051 - 0277","93","11","","5"
"22","0","DuPAGE","0","Over Votes","320","8TH CONGRESS","Addison  051 - 0277","93","11","","0"
"22","0","DuPAGE","0","Under Votes","320","8TH CONGRESS","Addison  051 - 0277","93","11","","0"
"22","0","DuPAGE","580","JUNAID AHMED","320","8TH CONGRESS","Addison  054 - 0280","752","11","","19"
"22","0","DuPAGE","585","RAJA KRISHNAMOORTHI","320","8TH CONGRESS","Addison  054 - 0280","752","11","","47"
"22","0","DuPAGE","0","Over Votes","320","8TH CONGRESS","Addison  054 - 0280","752","11","","0"
"22","0","DuPAGE","0","Under Votes","320","8TH CONGRESS","Addison  054 - 0280","752","11","","0"
"22","0","DuPAGE","580","JUNAID AHMED","320","8TH CONGRESS","Addison  066 - 0300","683","11","","11"
"22","0","DuPAGE","585","RAJA KRISHNAMOORTHI","320","8TH CONGRESS","Addison  066 - 0300","683","11","","32"
"22","0","DuPAGE","0","Over Votes","320","8TH CONGRESS","Addison  066 - 0300","683","11","","0"
"22","0","DuPAGE","0","Under Votes","320","8TH CONGRESS","Addison  066 - 0300","683","11","","1"
"22","0","DuPAGE","580","JUNAID AHMED","320","8TH CONGRESS","Milton  030 - 0396","308","11","","13"
"22","0","DuPAGE","585","RAJA KRISHNAMOORTHI","320","8TH CONGRESS","Milton  030 - 0396","308","11","","20"
"22","0","DuPAGE","0","Over Votes","320","8TH CONGRESS","Milton  030 - 0396","308","11","","0"
"22","0","DuPAGE","0","Under Votes","320","8TH CONGRESS","Milton  030 - 0396","308","11","","0"
"22","0","DuPAGE","580","JUNAID AHMED","320","8TH CONGRESS","Milton  070 - 0454","186","11","","11"
"22","0","DuPAGE","585","RAJA KRISHNAMOORTHI","320","8TH CONGRESS","Milton  070 - 0454","186","11","","19"
"22","0","DuPAGE","0","Over Votes","320","8TH CONGRESS","Milton  070 - 0454","186","11","","0"
"22","0","DuPAGE","0","Under Votes","320","8TH CONGRESS","Milton  070 - 0454","186","11","","0"
"22","0","DuPAGE","0","Under Votes","320","8TH CONGRESS","Bloomingdale  039 - 0135","552","11","","3"
"22","0","DuPAGE","0","Over Votes","320","8TH CONGRESS","Bloomingdale  039 - 0135","552","11","","0"
"22","0","DuPAGE","580","JUNAID AHMED","320","8TH CONGRESS","Bloomingdale  042 - 0138","681","11","","22"
"22","0","DuPAGE","585","RAJA KRISHNAMOORTHI","320","8TH CONGRESS","Bloomingdale  042 - 0138","681","11","","31"
"45","0","KANE","570","KAREN KOLODZIEJ","320","8TH CONGRESS","RU0013","2636","12","Republican","18"
"45","0","KANE","555","CHAD KOPPIE","320","8TH CONGRESS","EL0031","2618","12","Republican","6"
"45","0","KANE","575","CHRIS DARGIS","320","8TH CONGRESS","EL0031","2618","12","Republican","12"
"45","0","KANE","565","PHILLIP OWEN WOOD","320","8TH CONGRESS","EL0031","2618","12","Republican","14"
"45","0","KANE","560","PETER KOPSAFTIS","320","8TH CONGRESS","EL0031","2618","12","Republican","11"
"45","0","KANE","570","KAREN KOLODZIEJ","320","8TH CONGRESS","EL0031","2618","12","Republican","8"
"45","0","KANE","0","Over Votes","320","8TH CONGRESS","EL0031","2618","12","Republican","0"
"45","0","KANE","0","Under Votes","320","8TH CONGRESS","EL0031","2618","12","Republican","2"
"45","0","KANE","555","CHAD KOPPIE","320","8TH CONGRESS","EL0037","2212","12","Republican","8"
"45","0","KANE","575","CHRIS DARGIS","320","8TH CONGRESS","EL0037","2212","12","Republican","17"
"45","0","KANE","565","PHILLIP OWEN WOOD","320","8TH CONGRESS","EL0037","2212","12","Republican","11"
"45","0","KANE","560","PETER KOPSAFTIS","320","8TH CONGRESS","EL0037","2212","12","Republican","2"
"45","0","KANE","570","KAREN KOLODZIEJ","320","8TH CONGRESS","EL0037","2212","12","Republican","8"
"45","0","KANE","0","Over Votes","320","8TH CONGRESS","EL0037","2212","12","Republican","0"
"45","0","KANE","0","Under Votes","320","8TH CONGRESS","EL0037","2212","12","Republican","7"
"45","0","KANE","555","CHAD KOPPIE","320","8TH CONGRESS","EL0038","1824","12","Republican","8"
"45","0","KANE","575","CHRIS DARGIS","320","8TH CONGRESS","EL0038","1824","12","Republican","27"
"45","0","KANE","565","PHILLIP OWEN WOOD","320","8TH CONGRESS","EL0038","1824","12","Republican","21"
"45","0","KANE","560","PETER KOPSAFTIS","320","8TH CONGRESS","EL0038","1824","12","Republican","4"
"45","0","KANE","570","KAREN KOLODZIEJ","320","8TH CONGRESS","EL0038","1824","12","Republican","19"
"45","0","KANE","0","Over Votes","320","8TH CONGRESS","EL0038","1824","12","Republican","0"
"45","0","KANE","0","Under Votes","320","8TH CONGRESS","EL0038","1824","12","Republican","3"
"45","0","KANE","555","CHAD KOPPIE","320","8TH CONGRESS","EL0043","2850","12","Republican","30"
"45","0","KANE","575","CHRIS DARGIS","320","8TH CONGRESS","EL0043","2850","12","Republican","47"
"45","0","KANE","565","PHILLIP OWEN WOOD","320","8TH CONGRESS","EL0043","2850","12","Republican","33"
"45","0","KANE","560","PETER KOPSAFTIS","320","8TH CONGRESS","EL0043","2850","12","Republican","19"
"45","0","KANE","570","KAREN KOLODZIEJ","320","8TH CONGRESS","EL0043","2850","12","Republican","17"
"45","0","KANE","0","Over Votes","320","8TH CONGRESS","EL0043","2850","12","Republican","0"
"45","0","KANE","0","Under Votes","320","8TH CONGRESS","EL0043","2850","12","Republican","10"
"45","0","KANE","555","CHAD KOPPIE","320","8TH CONGRESS","GE0017","2032","12","Republican","7"
"45","0","KANE","575","CHRIS DARGIS","320","8TH CONGRESS","GE0017","2032","12","Republican","38"
"45","0","KANE","565","PHILLIP OWEN WOOD","320","8TH CONGRESS","GE0017","2032","12","Republican","19"
"45","0","KANE","560","PETER KOPSAFTIS","320","8TH CONGRESS","GE0017","2032","12","Republican","13"
"45","0","KANE","570","KAREN KOLODZIEJ","320","8TH CONGRESS","GE0017","2032","12","Republican","19"
"45","0","KANE","0","Over Votes","320","8TH CONGRESS","GE0017","2032","12","Republican","0"
"45","0","KANE","0","Under Votes","320","8TH CONGRESS","GE0017","2032","12","Republican","8"
"45","0","KANE","555","CHAD KOPPIE","320","8TH CONGRESS","RU0007","3286","12","Republican","33"
"45","0","KANE","575","CHRIS DARGIS","320","8TH CONGRESS","RU0007","3286","12","Republican","20"
"45","0","KANE","565","PHILLIP OWEN WOOD","320","8TH CONGRESS","RU0007","3286","12","Republican","16"
"45","0","KANE","560","PETER KOPSAFTIS","320","8TH CONGRESS","RU0007","3286","12","Republican","10"
"45","0","KANE","570","KAREN KOLODZIEJ","320","8TH CONGRESS","RU0007","3286","12","Republican","21"
"45","0","KANE","0","Over Votes","320","8TH CONGRESS","RU0007","3286","12","Republican","0"
"45","0","KANE","0","Under Votes","320","8TH CONGRESS","RU0007","3286","12","Republican","10"
"45","0","KANE","555","CHAD KOPPIE","320","8TH CONGRESS","SC0016","2704","12","Republican","17"
"16","0","COOK","0","Over Votes","320","8TH CONGRESS","8700033","823","11","Democratic","0"
"16","0","COOK","0","Under Votes","320","8TH CONGRESS","8700033","823","11","Democratic","4"
"16","0","COOK","585","RAJA KRISHNAMOORTHI","320","8TH CONGRESS","8700036","997","11","Democratic","68"
"16","0","COOK","580","JUNAID AHMED","320","8TH CONGRESS","8700036","997","11","Democratic","37"
"16","0","COOK","0","Over Votes","320","8TH CONGRESS","8700036","997","11","Democratic","0"
"16","0","COOK","0","Under Votes","320","8TH CONGRESS","8700036","997","11","Democratic","2"
"16","0","COOK","585","RAJA KRISHNAMOORTHI","320","8TH CONGRESS","8700039","1482","11","Democratic","129"
"16","0","COOK","580","JUNAID AHMED","320","8TH CONGRESS","8700039","1482","11","Democratic","36"
"16","0","COOK","0","Over Votes","320","8TH CONGRESS","8700039","1482","11","Democratic","0"
"16","0","COOK","0","Under Votes","320","8TH CONGRESS","8700039","1482","11","Democratic","2"
"16","0","COOK","585","RAJA KRISHNAMOORTHI","320","8TH CONGRESS","8700059","1509","11","Democratic","76"
"16","0","COOK","580","JUNAID AHMED","320","8TH CONGRESS","8700059","1509","11","Democratic","22"
"16","0","COOK","0","Over Votes","320","8TH CONGRESS","8700059","1509","11","Democratic","0"
"16","0","COOK","0","Under Votes","320","8TH CONGRESS","8700059","1509","11","Democratic","4"
"16","0","COOK","585","RAJA KRISHNAMOORTHI","320","8TH CONGRESS","8700063","1102","11","Democratic","122"
"16","0","COOK","580","JUNAID AHMED","320","8TH CONGRESS","8700063","1102","11","Democratic","47"
"16","0","COOK","0","Over Votes","320","8TH CONGRESS","8700063","1102","11","Democratic","0"
"16","0","COOK","0","Under Votes","320","8TH CONGRESS","8700063","1102","11","Democratic","1"
"16","0","COOK","585","RAJA KRISHNAMOORTHI","320","8TH CONGRESS","9300015","1069","11","Democratic","88"
"16","0","COOK","580","JUNAID AHMED","320","8TH CONGRESS","9300015","1069","11","Democratic","24"
"16","0","COOK","0","Over Votes","320","8TH CONGRESS","9300015","1069","11","Democratic","0"
"16","0","COOK","0","Under Votes","320","8TH CONGRESS","9300015","1069","11","Democratic","2"
"16","0","COOK","585","RAJA KRISHNAMOORTHI","320","8TH CONGRESS","9300018","1467","11","Democratic","122"
"16","0","COOK","0","Over Votes","320","8TH CONGRESS","9300018","1467","11","Democratic","0"
"16","0","COOK","580","JUNAID AHMED","320","8TH CONGRESS","9300018","1467","11","Democratic","53"
"16","0","COOK","0","Under Votes","320","8TH CONGRESS","9300018","1467","11","Democratic","3"
"16","0","COOK","585","RAJA KRISHNAMOORTHI","320","8TH CONGRESS","9300021","1286","11","Democratic","121"
"16","0","COOK","0","Over Votes","320","8TH CONGRESS","9300021","1286","11","Democratic","0"
"16","0","COOK","580","JUNAID AHMED","320","8TH CONGRESS","9300021","1286","11","Democratic","35"
"16","0","COOK","0","Under Votes","320","8TH CONGRESS","9300021","1286","11","Democratic","6"
"16","0","COOK","585","RAJA KRISHNAMOORTHI","320","8TH CONGRESS","9300024","1142","11","Democratic","112"
"16","0","COOK","0","Over Votes","320","8TH CONGRESS","9300024","1142","11","Democratic","0"
"16","0","COOK","580","JUNAID AHMED","320","8TH CONGRESS","9300024","1142","11","Democratic","34"
"16","0","COOK","0","Under Votes","320","8TH CONGRESS","9300024","1142","11","Democratic","1"
"16","0","COOK","585","RAJA KRISHNAMOORTHI","320","8TH CONGRESS","9300047","952","11","Democratic","102"
"16","0","COOK","580","JUNAID AHMED","320","8TH CONGRESS","9300047","952","11","Democratic","22"
"16","0","COOK","0","Over Votes","320","8TH CONGRESS","9300047","952","11","Democratic","0"
"16","0","COOK","0","Under Votes","320","8TH CONGRESS","9300047","952","11","Democratic","2"
"16","0","COOK","585","RAJA KRISHNAMOORTHI","320","8TH CONGRESS","9300050","730","11","Democratic","69"
"16","0","COOK","580","JUNAID AHMED","320","8TH CONGRESS","9300050","730","11","Democratic","14"
"16","0","COOK","0","Over Votes","320","8TH CONGRESS","9300050","730","11","Democratic","0"
"16","0","COOK","0","Under Votes","320","8TH CONGRESS","9300050","730","11","Democratic","2"
"16","0","COOK","585","RAJA KRISHNAMOORTHI","320","8TH CONGRESS","9300053","923","11","Democratic","100"
"16","0","COOK","0","Over Votes","320","8TH CONGRESS","9300053","923","11","Democratic","0"
"45","0","KANE","580","JUNAID AHMED","320","8TH CONGRESS","RU0010","2938","11","Democratic","35"
"45","0","KANE","0","Over Votes","320","8TH CONGRESS","RU0010","2938","11","Democratic","0"
"45","0","KANE","0","Under Votes","320","8TH CONGRESS","RU0010","2938","11","Democratic","0"
"45","0","KANE","585","RAJA KRISHNAMOORTHI","320","8TH CONGRESS","RU0014","2322","11","Democratic","36"
"45","0","KANE","580","JUNAID AHMED","320","8TH CONGRESS","RU0014","2322","11","Democratic","33"
"45","0","KANE","0","Over Votes","320","8TH CONGRESS","RU0014","2322","11","Democratic","0"
"45","0","KANE","0","Under Votes","320","8TH CONGRESS","RU0014","2322","11","Democratic","2"
"45","0","KANE","585","RAJA KRISHNAMOORTHI","320","8TH CONGRESS","SC0013","1586","11","Democratic","30"
"45","0","KANE","580","JUNAID AHMED","320","8TH CONGRESS","SC0013","1586","11","Democratic","7"
"45","0","KANE","0","Over Votes","320","8TH CONGRESS","SC0013","1586","11","Democratic","0"
"45","0","KANE","0","Under Votes","320","8TH CONGRESS","SC0013","1586","11","Democratic","1"
"45","0","KANE","585","RAJA KRISHNAMOORTHI","320","8TH CONGRESS","SC0017","2762","11","Democratic","43"
"45","0","KANE","580","JUNAID AHMED","320","8TH CONGRESS","SC0017","2762","11","Democratic","30"
"45","0","KANE","0","Over Votes","320","8TH CONGRESS","SC0017","2762","11","Democratic","0"
"45","0","KANE","0","Under Votes","320","8TH CONGRESS","SC0017","2762","11","Democratic","10"
"45","0","KANE","585","RAJA KRISHNAMOORTHI","320","8TH CONGRESS","SC0028","1956","11","Democratic","79"
"45","0","KANE","580","JUNAID AHMED","320","8TH CONGRESS","SC0028","1956","11","Democratic","15"
"45","0","KANE","0","Over Votes","320","8TH CONGRESS","SC0028","1956","11","Democratic","0"
"45","0","KANE","0","Under Votes","320","8TH CONGRESS","SC0028","1956","11","Democratic","2"
"45","0","KANE","580","JUNAID AHMED","320","8TH CONGRESS","GE0010","2398","11","Democratic","18"
"45","0","KANE","0","Under Votes","320","8TH CONGRESS","GE0010","2398","11","Democratic","1"
"45","0","KANE","0","Over Votes","320","8TH CONGRESS","GE0010","2398","11","Democratic","0"
"45","0","KANE","585","RAJA KRISHNAMOORTHI","320","8TH CONGRESS","RU0005","2418","11","Democratic","91"
"45","0","KANE","580","JUNAID AHMED","320","8TH CONGRESS","RU0005","2418","11","Democratic","30"
"45","0","KANE","0","Over Votes","320","8TH CONGRESS","RU0005","2418","11","Democratic","0"
"45","0","KANE","0","Under Votes","320","8TH CONGRESS","RU0005","2418","11","Democratic","1"
"45","0","KANE","585","RAJA KRISHNAMOORTHI","320","8TH CONGRESS","SC0002","1924","11","Democratic","64"
"45","0","KANE","580","JUNAID AHMED","320","8TH CONGRESS","SC0002","1924","11","Democratic","25"
"45","0","KANE","0","Under Votes","320","8TH CONGRESS","SC0002","1924","11","Democratic","2"
"45","0","KANE","0","Over Votes","320","8TH CONGRESS","SC0002","1924","11","Democratic","0"
"45","0","KANE","585","RAJA KRISHNAMOORTHI","320","8TH CONGRESS","SC0008","3362","11","Democratic","101"
"45","0","KANE","580","JUNAID AHMED","320","8TH CONGRESS","SC0008","3362","11","Democratic","32"
"45","0","KANE","0","Under Votes","320","8TH CONGRESS","SC0008","3362","11","Democratic","3"
"45","0","KANE","0","Over Votes","320","8TH CONGRESS","SC0008","3362","11","Democratic","0"
"45","0","KANE","585","RAJA KRISHNAMOORTHI","320","8TH CONGRESS","SC0023","3029","11","Democratic","87"
"45","0","KANE","580","JUNAID AHMED","320","8TH CONGRESS","SC0023","3029","11","Democratic","21"
"45","0","KANE","0","Under Votes","320","8TH CONGRESS","SC0023","3029","11","Democratic","1"
"45","0","KANE","0","Over Votes","320","8TH CONGRESS","SC0023","3029","11","Democratic","0"
"45","0","KANE","585","RAJA KRISHNAMOORTHI","320","8TH CONGRESS","SC0030","3210","11","Democratic","68"
"45","0","KANE","580","JUNAID AHMED","320","8TH CONGRESS","SC0030","3210","11","Democratic","23"
"45","0","KANE","0","Over Votes","320","8TH CONGRESS","SC0030","3210","11","Democratic","0"
"45","0","KANE","0","Under Votes","320","8TH CONGRESS","SC0030","3210","11","Democratic","0"
"45","0","KANE","585","RAJA KRISHNAMOORTHI","320","8TH CONGRESS","SC0034","1982","11","Democratic","33"
"45","0","KANE","580","JUNAID AHMED","320","8TH CONGRESS","SC0034","1982","11","Democratic","26"
"16","0","COOK","580","JUNAID AHMED","320","8TH CONGRESS","9300053","923","11","Democratic","26"
"16","0","COOK","0","Under Votes","320","8TH CONGRESS","9300053","923","11","Democratic","1"
"16","0","COOK","585","RAJA KRISHNAMOORTHI","320","8TH CONGRESS","9300057","1239","11","Democratic","96"
"16","0","COOK","0","Over Votes","320","8TH CONGRESS","9300057","1239","11","Democratic","1"
"16","0","COOK","0","Over Votes","320","8TH CONGRESS","9300076","949","11","Democratic","0"
"16","0","COOK","0","Under Votes","320","8TH CONGRESS","9300076","949","11","Democratic","0"
"16","0","COOK","0","Over Votes","320","8TH CONGRESS","9300069","801","11","Democratic","0"
"16","0","COOK","0","Under Votes","320","8TH CONGRESS","9300069","801","11","Democratic","0"
"16","0","COOK","585","RAJA KRISHNAMOORTHI","320","8TH CONGRESS","9300072","1014","11","Democratic","95"
"16","0","COOK","580","JUNAID AHMED","320","8TH CONGRESS","9300072","1014","11","Democratic","24"
"16","0","COOK","0","Over Votes","320","8TH CONGRESS","9300072","1014","11","Democratic","0"
"16","0","COOK","0","Under Votes","320","8TH CONGRESS","9300072","1014","11","Democratic","1"
"16","0","COOK","585","RAJA KRISHNAMOORTHI","320","8TH CONGRESS","9300077","1366","11","Democratic","117"
"16","0","COOK","580","JUNAID AHMED","320","8TH CONGRESS","9300077","1366","11","Democratic","43"
"16","0","COOK","0","Over Votes","320","8TH CONGRESS","9300077","1366","11","Democratic","1"
"16","0","COOK","0","Under Votes","320","8TH CONGRESS","9300077","1366","11","Democratic","4"
"16","0","COOK","0","Under Votes","320","8TH CONGRESS","9300046","724","11","Democratic","2"
"16","0","COOK","585","RAJA KRISHNAMOORTHI","320","8TH CONGRESS","9300049","818","11","Democratic","55"
"16","0","COOK","0","Over Votes","320","8TH CONGRESS","9300049","818","11","Democratic","0"
"16","0","COOK","580","JUNAID AHMED","320","8TH CONGRESS","9300049","818","11","Democratic","34"
"16","0","COOK","0","Under Votes","320","8TH CONGRESS","9300049","818","11","Democratic","0"
"16","0","COOK","585","RAJA KRISHNAMOORTHI","320","8TH CONGRESS","9300052","1338","11","Democratic","122"
"16","0","COOK","0","Over Votes","320","8TH CONGRESS","9300052","1338","11","Democratic","0"
"16","0","COOK","580","JUNAID AHMED","320","8TH CONGRESS","9300052","1338","11","Democratic","23"
"16","0","COOK","0","Under Votes","320","8TH CONGRESS","9300052","1338","11","Democratic","4"
"16","0","COOK","580","JUNAID AHMED","320","8TH CONGRESS","9300057","1239","11","Democratic","30"
"16","0","COOK","0","Under Votes","320","8TH CONGRESS","9300057","1239","11","Democratic","1"
"16","0","COOK","0","Over Votes","320","8TH CONGRESS","9300027","1509","11","Democratic","0"
"16","0","COOK","580","JUNAID AHMED","320","8TH CONGRESS","9300027","1509","11","Democratic","50"
"16","0","COOK","0","Under Votes","320","8TH CONGRESS","9300027","1509","11","Democratic","9"
"16","0","COOK","585","RAJA KRISHNAMOORTHI","320","8TH CONGRESS","9300030","815","11","Democratic","101"
"16","0","COOK","580","JUNAID AHMED","320","8TH CONGRESS","9300030","815","11","Democratic","18"
"16","0","COOK","0","Over Votes","320","8TH CONGRESS","9300030","815","11","Democratic","0"
"16","0","COOK","0","Under Votes","320","8TH CONGRESS","9300030","815","11","Democratic","0"
"16","0","COOK","585","RAJA KRISHNAMOORTHI","320","8TH CONGRESS","9300033","1645","11","Democratic","147"
"16","0","COOK","580","JUNAID AHMED","320","8TH CONGRESS","9300033","1645","11","Democratic","32"
"16","0","COOK","0","Over Votes","320","8TH CONGRESS","9300033","1645","11","Democratic","0"
"16","0","COOK","0","Under Votes","320","8TH CONGRESS","9300033","1645","11","Democratic","2"
"16","0","COOK","585","RAJA KRISHNAMOORTHI","320","8TH CONGRESS","9300036","1750","11","Democratic","128"
"16","0","COOK","580","JUNAID AHMED","320","8TH CONGRESS","9300036","1750","11","Democratic","67"
"16","0","COOK","0","Over Votes","320","8TH CONGRESS","9300036","1750","11","Democratic","0"
"16","0","COOK","0","Under Votes","320","8TH CONGRESS","9300036","1750","11","Democratic","1"
"16","0","COOK","585","RAJA KRISHNAMOORTHI","320","8TH CONGRESS","9300061","1500","11","Democratic","117"
"16","0","COOK","0","Over Votes","320","8TH CONGRESS","9300061","1500","11","Democratic","0"
"22","0","DuPAGE","0","Under Votes","320","8TH CONGRESS","Bloomingdale  042 - 0138","681","11","","2"
"22","0","DuPAGE","0","Over Votes","320","8TH CONGRESS","Bloomingdale  042 - 0138","681","11","","0"
"22","0","DuPAGE","580","JUNAID AHMED","320","8TH CONGRESS","Bloomingdale  061 - 0161","570","11","","5"
"22","0","DuPAGE","585","RAJA KRISHNAMOORTHI","320","8TH CONGRESS","Bloomingdale  061 - 0161","570","11","","56"
"22","0","DuPAGE","0","Under Votes","320","8TH CONGRESS","Bloomingdale  061 - 0161","570","11","","0"
"22","0","DuPAGE","0","Over Votes","320","8TH CONGRESS","Bloomingdale  061 - 0161","570","11","","0"
"22","0","DuPAGE","580","JUNAID AHMED","320","8TH CONGRESS","Bloomingdale  066 - 0167","561","11","","12"
"22","0","DuPAGE","585","RAJA KRISHNAMOORTHI","320","8TH CONGRESS","Bloomingdale  066 - 0167","561","11","","43"
"22","0","DuPAGE","0","Under Votes","320","8TH CONGRESS","Bloomingdale  066 - 0167","561","11","","1"
"22","0","DuPAGE","0","Over Votes","320","8TH CONGRESS","Bloomingdale  066 - 0167","561","11","","0"
"22","0","DuPAGE","580","JUNAID AHMED","320","8TH CONGRESS","Bloomingdale  068 - 0170","525","11","","44"
"22","0","DuPAGE","585","RAJA KRISHNAMOORTHI","320","8TH CONGRESS","Bloomingdale  068 - 0170","525","11","","21"
"22","0","DuPAGE","0","Under Votes","320","8TH CONGRESS","Bloomingdale  068 - 0170","525","11","","0"
"22","0","DuPAGE","0","Over Votes","320","8TH CONGRESS","Bloomingdale  068 - 0170","525","11","","0"
"22","0","DuPAGE","580","JUNAID AHMED","320","8TH CONGRESS","Bloomingdale  091 - 0199","494","11","","30"
"22","0","DuPAGE","585","RAJA KRISHNAMOORTHI","320","8TH CONGRESS","Bloomingdale  091 - 0199","494","11","","26"
"22","0","DuPAGE","0","Under Votes","320","8TH CONGRESS","Bloomingdale  091 - 0199","494","11","","0"
"22","0","DuPAGE","0","Over Votes","320","8TH CONGRESS","Bloomingdale  091 - 0199","494","11","","0"
"22","0","DuPAGE","580","JUNAID AHMED","320","8TH CONGRESS","Addison  007 - 0222","31","11","","0"
"22","0","DuPAGE","585","RAJA KRISHNAMOORTHI","320","8TH CONGRESS","Addison  007 - 0222","31","11","","0"
"22","0","DuPAGE","0","Under Votes","320","8TH CONGRESS","Addison  007 - 0222","31","11","","0"
"22","0","DuPAGE","0","Over Votes","320","8TH CONGRESS","Addison  007 - 0222","31","11","","0"
"22","0","DuPAGE","580","JUNAID AHMED","320","8TH CONGRESS","Addison  062 - 0292","684","11","","8"
"22","0","DuPAGE","585","RAJA KRISHNAMOORTHI","320","8TH CONGRESS","Addison  062 - 0292","684","11","","53"
"22","0","DuPAGE","0","Under Votes","320","8TH CONGRESS","Addison  062 - 0292","684","11","","1"
"22","0","DuPAGE","0","Over Votes","320","8TH CONGRESS","Addison  062 - 0292","684","11","","0"
"22","0","DuPAGE","580","JUNAID AHMED","320","8TH CONGRESS","Milton  119 - 0527","383","11","","7"
"22","0","DuPAGE","585","RAJA KRISHNAMOORTHI","320","8TH CONGRESS","Milton  119 - 0527","383","11","","28"
"22","0","DuPAGE","0","Under Votes","320","8TH CONGRESS","Milton  119 - 0527","383","11","","1"
"22","0","DuPAGE","0","Over Votes","320","8TH CONGRESS","Milton  119 - 0527","383","11","","0"
"22","0","DuPAGE","580","JUNAID AHMED","320","8TH CONGRESS","Milton  123 - 0533","637","11","","14"
"22","0","DuPAGE","585","RAJA KRISHNAMOORTHI","320","8TH CONGRESS","Milton  123 - 0533","637","11","","17"
"22","0","DuPAGE","0","Under Votes","320","8TH CONGRESS","Milton  123 - 0533","637","11","","1"
"22","0","DuPAGE","0","Over Votes","320","8TH CONGRESS","Milton  123 - 0533","637","11","","0"
"22","0","DuPAGE","585","RAJA KRISHNAMOORTHI","320","8TH CONGRESS","Wayne  002 - 0005","278","11","","16"
"22","0","DuPAGE","0","Under Votes","320","8TH CONGRESS","Wayne  002 - 0005","278","11","","1"
"22","0","DuPAGE","0","Over Votes","320","8TH CONGRESS","Wayne  002 - 0005","278","11","","0"
"22","0","DuPAGE","580","JUNAID AHMED","320","8TH CONGRESS","Wayne  002 - 0005","278","11","","4"
"22","0","DuPAGE","585","RAJA KRISHNAMOORTHI","320","8TH CONGRESS","Wayne  006 - 0011","646","11","","42"
"22","0","DuPAGE","0","Under Votes","320","8TH CONGRESS","Wayne  006 - 0011","646","11","","1"
"22","0","DuPAGE","0","Over Votes","320","8TH CONGRESS","Wayne  006 - 0011","646","11","","0"
"22","0","DuPAGE","580","JUNAID AHMED","320","8TH CONGRESS","Wayne  006 - 0011","646","11","","16"
"45","0","KANE","0","Under Votes","320","8TH CONGRESS","SC0034","1982","11","Democratic","4"
"45","0","KANE","0","Over Votes","320","8TH CONGRESS","SC0034","1982","11","Democratic","0"
"45","0","KANE","0","Over Votes","320","8TH CONGRESS","SC0003","2960","11","Democratic","0"
"45","0","KANE","0","Under Votes","320","8TH CONGRESS","SC0003","2960","11","Democratic","4"
"45","0","KANE","585","RAJA KRISHNAMOORTHI","320","8TH CONGRESS","SC0003","2960","11","Democratic","94"
"45","0","KANE","580","JUNAID AHMED","320","8TH CONGRESS","SC0019","1496","11","Democratic","32"
"45","0","KANE","0","Over Votes","320","8TH CONGRESS","SC0019","1496","11","Democratic","0"
"45","0","KANE","0","Under Votes","320","8TH CONGRESS","SC0019","1496","11","Democratic","4"
"45","0","KANE","585","RAJA KRISHNAMOORTHI","320","8TH CONGRESS","SC0019","1496","11","Democratic","40"
"45","0","KANE","585","RAJA KRISHNAMOORTHI","320","8TH CONGRESS","SC0024","2302","11","Democratic","40"
"45","0","KANE","580","JUNAID AHMED","320","8TH CONGRESS","SC0024","2302","11","Democratic","26"
"45","0","KANE","0","Over Votes","320","8TH CONGRESS","SC0024","2302","11","Democratic","0"
"45","0","KANE","0","Under Votes","320","8TH CONGRESS","SC0024","2302","11","Democratic","3"
"45","0","KANE","580","JUNAID AHMED","320","8TH CONGRESS","RU0004","3266","11","Democratic","54"
"45","0","KANE","0","Under Votes","320","8TH CONGRESS","RU0004","3266","11","Democratic","3"
"45","0","KANE","0","Over Votes","320","8TH CONGRESS","RU0004","3266","11","Democratic","0"
"45","0","KANE","585","RAJA KRISHNAMOORTHI","320","8TH CONGRESS","RU0011","2430","11","Democratic","40"
"45","0","KANE","580","JUNAID AHMED","320","8TH CONGRESS","RU0011","2430","11","Democratic","29"
"45","0","KANE","0","Under Votes","320","8TH CONGRESS","RU0011","2430","11","Democratic","0"
"45","0","KANE","0","Over Votes","320","8TH CONGRESS","RU0011","2430","11","Democratic","0"
"45","0","KANE","585","RAJA KRISHNAMOORTHI","320","8TH CONGRESS","SC0007","2904","11","Democratic","34"
"45","0","KANE","580","JUNAID AHMED","320","8TH CONGRESS","SC0007","2904","11","Democratic","16"
"45","0","KANE","0","Under Votes","320","8TH CONGRESS","SC0007","2904","11","Democratic","4"
"45","0","KANE","0","Over Votes","320","8TH CONGRESS","SC0007","2904","11","Democratic","0"
"45","0","KANE","585","RAJA KRISHNAMOORTHI","320","8TH CONGRESS","SC0029","3174","11","Democratic","72"
"45","0","KANE","580","JUNAID AHMED","320","8TH CONGRESS","SC0029","3174","11","Democratic","39"
"45","0","KANE","0","Under Votes","320","8TH CONGRESS","SC0029","3174","11","Democratic","5"
"45","0","KANE","0","Over Votes","320","8TH CONGRESS","SC0029","3174","11","Democratic","0"
"16","0","COOK","560","PETER KOPSAFTIS","320","8TH CONGRESS","7400003","1768","12","Republican","18"
"16","0","COOK","0","Under Votes","320","8TH CONGRESS","7400003","1768","12","Republican","10"
"16","0","COOK","575","CHRIS DARGIS","320","8TH CONGRESS","7400003","1768","12","Republican","42"
"16","0","COOK","0","Over Votes","320","8TH CONGRESS","7400003","1768","12","Republican","0"
"16","0","COOK","570","KAREN KOLODZIEJ","320","8TH CONGRESS","7400003","1768","12","Republican","22"
"16","0","COOK","555","CHAD KOPPIE","320","8TH CONGRESS","7400003","1768","12","Republican","13"
"16","0","COOK","565","PHILLIP OWEN WOOD","320","8TH CONGRESS","7400003","1768","12","Republican","13"
"16","0","COOK","560","PETER KOPSAFTIS","320","8TH CONGRESS","7400039","1638","12","Republican","16"
"16","0","COOK","0","Under Votes","320","8TH CONGRESS","7400039","1638","12","Republican","7"
"16","0","COOK","575","CHRIS DARGIS","320","8TH CONGRESS","7400039","1638","12","Republican","33"
"16","0","COOK","0","Over Votes","320","8TH CONGRESS","7400039","1638","12","Republican","0"
"16","0","COOK","570","KAREN KOLODZIEJ","320","8TH CONGRESS","7400039","1638","12","Republican","14"
"16","0","COOK","555","CHAD KOPPIE","320","8TH CONGRESS","7400039","1638","12","Republican","12"
"16","0","COOK","565","PHILLIP OWEN WOOD","320","8TH CONGRESS","7400039","1638","12","Republican","12"
"16","0","COOK","555","CHAD KOPPIE","320","8TH CONGRESS","7400042","1156","12","Republican","3"
"16","0","COOK","565","PHILLIP OWEN WOOD","320","8TH CONGRESS","7400042","1156","12","Republican","7"
"45","0","KANE","575","CHRIS DARGIS","320","8TH CONGRESS","SC0016","2704","12","Republican","59"
"45","0","KANE","565","PHILLIP OWEN WOOD","320","8TH CONGRESS","SC0016","2704","12","Republican","32"
"45","0","KANE","560","PETER KOPSAFTIS","320","8TH CONGRESS","SC0016","2704","12","Republican","15"
"45","0","KANE","570","KAREN KOLODZIEJ","320","8TH CONGRESS","SC0016","2704","12","Republican","29"
"45","0","KANE","0","Over Votes","320","8TH CONGRESS","SC0016","2704","12","Republican","0"
"45","0","KANE","0","Under Votes","320","8TH CONGRESS","SC0016","2704","12","Republican","15"
"45","0","KANE","575","CHRIS DARGIS","320","8TH CONGRESS","EL0020","2082","12","Republican","15"
"45","0","KANE","570","KAREN KOLODZIEJ","320","8TH CONGRESS","EL0020","2082","12","Republican","9"
"45","0","KANE","560","PETER KOPSAFTIS","320","8TH CONGRESS","EL0020","2082","12","Republican","6"
"45","0","KANE","0","Over Votes","320","8TH CONGRESS","EL0020","2082","12","Republican","0"
"45","0","KANE","565","PHILLIP OWEN WOOD","320","8TH CONGRESS","EL0020","2082","12","Republican","10"
"45","0","KANE","555","CHAD KOPPIE","320","8TH CONGRESS","EL0020","2082","12","Republican","14"
"45","0","KANE","0","Under Votes","320","8TH CONGRESS","EL0020","2082","12","Republican","4"
"45","0","KANE","575","CHRIS DARGIS","320","8TH CONGRESS","EL0027","1416","12","Republican","7"
"45","0","KANE","565","PHILLIP OWEN WOOD","320","8TH CONGRESS","EL0027","1416","12","Republican","8"
"45","0","KANE","570","KAREN KOLODZIEJ","320","8TH CONGRESS","EL0027","1416","12","Republican","3"
"45","0","KANE","560","PETER KOPSAFTIS","320","8TH CONGRESS","EL0027","1416","12","Republican","4"
"45","0","KANE","0","Over Votes","320","8TH CONGRESS","EL0027","1416","12","Republican","0"
"45","0","KANE","555","CHAD KOPPIE","320","8TH CONGRESS","EL0027","1416","12","Republican","14"
"45","0","KANE","0","Under Votes","320","8TH CONGRESS","EL0027","1416","12","Republican","4"
"45","0","KANE","555","CHAD KOPPIE","320","8TH CONGRESS","EL0034","2084","12","Republican","10"
"45","0","KANE","575","CHRIS DARGIS","320","8TH CONGRESS","EL0034","2084","12","Republican","16"
"45","0","KANE","565","PHILLIP OWEN WOOD","320","8TH CONGRESS","EL0034","2084","12","Republican","19"
"45","0","KANE","570","KAREN KOLODZIEJ","320","8TH CONGRESS","EL0034","2084","12","Republican","8"
"45","0","KANE","560","PETER KOPSAFTIS","320","8TH CONGRESS","EL0034","2084","12","Republican","3"
"45","0","KANE","0","Over Votes","320","8TH CONGRESS","EL0034","2084","12","Republican","0"
"45","0","KANE","0","Under Votes","320","8TH CONGRESS","EL0034","2084","12","Republican","4"
"45","0","KANE","555","CHAD KOPPIE","320","8TH CONGRESS","EL0040","2152","12","Republican","26"
"45","0","KANE","575","CHRIS DARGIS","320","8TH CONGRESS","EL0040","2152","12","Republican","46"
"45","0","KANE","565","PHILLIP OWEN WOOD","320","8TH CONGRESS","EL0040","2152","12","Republican","33"
"45","0","KANE","570","KAREN KOLODZIEJ","320","8TH CONGRESS","EL0040","2152","12","Republican","19"
"45","0","KANE","560","PETER KOPSAFTIS","320","8TH CONGRESS","EL0040","2152","12","Republican","21"
"45","0","KANE","0","Over Votes","320","8TH CONGRESS","EL0040","2152","12","Republican","0"
"45","0","KANE","0","Under Votes","320","8TH CONGRESS","EL0040","2152","12","Republican","10"
"45","0","KANE","555","CHAD KOPPIE","320","8TH CONGRESS","EL0049","2602","12","Republican","14"
"45","0","KANE","575","CHRIS DARGIS","320","8TH CONGRESS","EL0049","2602","12","Republican","25"
"45","0","KANE","565","PHILLIP OWEN WOOD","320","8TH CONGRESS","EL0049","2602","12","Republican","17"
"45","0","KANE","570","KAREN KOLODZIEJ","320","8TH CONGRESS","EL0049","2602","12","Republican","21"
"45","0","KANE","560","PETER KOPSAFTIS","320","8TH CONGRESS","EL0049","2602","12","Republican","12"
"45","0","KANE","0","Over Votes","320","8TH CONGRESS","EL0049","2602","12","Republican","0"
"45","0","KANE","0","Under Votes","320","8TH CONGRESS","EL0049","2602","12","Republican","5"
"45","0","KANE","555","CHAD KOPPIE","320","8TH CONGRESS","RU0004","3266","12","Republican","37"
"45","0","KANE","575","CHRIS DARGIS","320","8TH CONGRESS","RU0004","3266","12","Republican","26"
"45","0","KANE","565","PHILLIP OWEN WOOD","320","8TH CONGRESS","RU0004","3266","12","Republican","24"
"16","0","COOK","580","JUNAID AHMED","320","8TH CONGRESS","9300061","1500","11","Democratic","42"
"16","0","COOK","0","Under Votes","320","8TH CONGRESS","9300061","1500","11","Democratic","2"
"16","0","COOK","585","RAJA KRISHNAMOORTHI","320","8TH CONGRESS","9300065","723","11","Democratic","104"
"16","0","COOK","580","JUNAID AHMED","320","8TH CONGRESS","9300065","723","11","Democratic","21"
"16","0","COOK","0","Over Votes","320","8TH CONGRESS","9300065","723","11","Democratic","0"
"16","0","COOK","0","Under Votes","320","8TH CONGRESS","9300065","723","11","Democratic","0"
"16","0","COOK","585","RAJA KRISHNAMOORTHI","320","8TH CONGRESS","9300068","965","11","Democratic","103"
"16","0","COOK","580","JUNAID AHMED","320","8TH CONGRESS","9300068","965","11","Democratic","21"
"16","0","COOK","0","Over Votes","320","8TH CONGRESS","9300068","965","11","Democratic","0"
"16","0","COOK","0","Under Votes","320","8TH CONGRESS","9300068","965","11","Democratic","2"
"16","0","COOK","585","RAJA KRISHNAMOORTHI","320","8TH CONGRESS","9300071","900","11","Democratic","102"
"16","0","COOK","580","JUNAID AHMED","320","8TH CONGRESS","9300071","900","11","Democratic","47"
"16","0","COOK","0","Over Votes","320","8TH CONGRESS","9300071","900","11","Democratic","0"
"16","0","COOK","0","Under Votes","320","8TH CONGRESS","9300071","900","11","Democratic","0"
"16","0","COOK","585","RAJA KRISHNAMOORTHI","320","8TH CONGRESS","7400003","1768","11","Democratic","127"
"16","0","COOK","0","Over Votes","320","8TH CONGRESS","7400003","1768","11","Democratic","0"
"16","0","COOK","580","JUNAID AHMED","320","8TH CONGRESS","7400003","1768","11","Democratic","29"
"16","0","COOK","0","Under Votes","320","8TH CONGRESS","7400003","1768","11","Democratic","5"
"16","0","COOK","585","RAJA KRISHNAMOORTHI","320","8TH CONGRESS","7400039","1638","11","Democratic","92"
"16","0","COOK","580","JUNAID AHMED","320","8TH CONGRESS","7400039","1638","11","Democratic","35"
"16","0","COOK","0","Over Votes","320","8TH CONGRESS","7400039","1638","11","Democratic","0"
"16","0","COOK","0","Under Votes","320","8TH CONGRESS","7400039","1638","11","Democratic","5"
"16","0","COOK","585","RAJA KRISHNAMOORTHI","320","8TH CONGRESS","7400042","1156","11","Democratic","54"
"16","0","COOK","580","JUNAID AHMED","320","8TH CONGRESS","7400042","1156","11","Democratic","26"
"16","0","COOK","0","Over Votes","320","8TH CONGRESS","7400042","1156","11","Democratic","0"
"16","0","COOK","0","Under Votes","320","8TH CONGRESS","7400042","1156","11","Democratic","1"
"16","0","COOK","585","RAJA KRISHNAMOORTHI","320","8TH CONGRESS","7600006","1064","11","Democratic","55"
"16","0","COOK","580","JUNAID AHMED","320","8TH CONGRESS","7600006","1064","11","Democratic","14"
"16","0","COOK","0","Over Votes","320","8TH CONGRESS","7600006","1064","11","Democratic","0"
"16","0","COOK","0","Under Votes","320","8TH CONGRESS","7600006","1064","11","Democratic","2"
"16","0","COOK","585","RAJA KRISHNAMOORTHI","320","8TH CONGRESS","7600038","1335","11","Democratic","75"
"16","0","COOK","580","JUNAID AHMED","320","8TH CONGRESS","7600038","1335","11","Democratic","29"
"16","0","COOK","0","Over Votes","320","8TH CONGRESS","7600038","1335","11","Democratic","0"
"16","0","COOK","0","Under Votes","320","8TH CONGRESS","7600038","1335","11","Democratic","0"
"16","0","COOK","585","RAJA KRISHNAMOORTHI","320","8TH CONGRESS","7600041","1509","11","Democratic","150"
"16","0","COOK","580","JUNAID AHMED","320","8TH CONGRESS","7600041","1509","11","Democratic","38"
"16","0","COOK","0","Over Votes","320","8TH CONGRESS","7600041","1509","11","Democratic","0"
"16","0","COOK","0","Under Votes","320","8TH CONGRESS","7600041","1509","11","Democratic","4"
"16","0","COOK","585","RAJA KRISHNAMOORTHI","320","8TH CONGRESS","7800038","479","11","Democratic","11"
"16","0","COOK","580","JUNAID AHMED","320","8TH CONGRESS","7800038","479","11","Democratic","9"
"16","0","COOK","0","Over Votes","320","8TH CONGRESS","7800038","479","11","Democratic","0"
"16","0","COOK","0","Under Votes","320","8TH CONGRESS","7800038","479","11","Democratic","1"
"16","0","COOK","585","RAJA KRISHNAMOORTHI","320","8TH CONGRESS","8000006","1349","11","Democratic","115"
"16","0","COOK","0","Over Votes","320","8TH CONGRESS","8000006","1349","11","Democratic","0"
"22","0","DuPAGE","585","RAJA KRISHNAMOORTHI","320","8TH CONGRESS","Wayne  021 - 0034","572","11","","55"
"22","0","DuPAGE","0","Under Votes","320","8TH CONGRESS","Wayne  021 - 0034","572","11","","2"
"22","0","DuPAGE","0","Over Votes","320","8TH CONGRESS","Wayne  021 - 0034","572","11","","0"
"22","0","DuPAGE","580","JUNAID AHMED","320","8TH CONGRESS","Wayne  021 - 0034","572","11","","13"
"22","0","DuPAGE","585","RAJA KRISHNAMOORTHI","320","8TH CONGRESS","Wayne  023 - 0037","634","11","","54"
"22","0","DuPAGE","0","Under Votes","320","8TH CONGRESS","Wayne  023 - 0037","634","11","","2"
"22","0","DuPAGE","0","Over Votes","320","8TH CONGRESS","Wayne  023 - 0037","634","11","","0"
"22","0","DuPAGE","580","JUNAID AHMED","320","8TH CONGRESS","Wayne  023 - 0037","634","11","","16"
"22","0","DuPAGE","585","RAJA KRISHNAMOORTHI","320","8TH CONGRESS","Wayne  024 - 0040","513","11","","34"
"22","0","DuPAGE","0","Under Votes","320","8TH CONGRESS","Wayne  024 - 0040","513","11","","2"
"22","0","DuPAGE","0","Over Votes","320","8TH CONGRESS","Wayne  024 - 0040","513","11","","0"
"22","0","DuPAGE","580","JUNAID AHMED","320","8TH CONGRESS","Wayne  024 - 0040","513","11","","11"
"22","0","DuPAGE","585","RAJA KRISHNAMOORTHI","320","8TH CONGRESS","Wayne  027 - 0043","700","11","","23"
"22","0","DuPAGE","0","Under Votes","320","8TH CONGRESS","Wayne  027 - 0043","700","11","","0"
"22","0","DuPAGE","0","Over Votes","320","8TH CONGRESS","Wayne  027 - 0043","700","11","","0"
"22","0","DuPAGE","580","JUNAID AHMED","320","8TH CONGRESS","Wayne  027 - 0043","700","11","","24"
"22","0","DuPAGE","585","RAJA KRISHNAMOORTHI","320","8TH CONGRESS","Wayne  045 - 0066","546","11","","27"
"22","0","DuPAGE","0","Under Votes","320","8TH CONGRESS","Wayne  045 - 0066","546","11","","0"
"22","0","DuPAGE","0","Over Votes","320","8TH CONGRESS","Wayne  045 - 0066","546","11","","0"
"22","0","DuPAGE","580","JUNAID AHMED","320","8TH CONGRESS","Wayne  045 - 0066","546","11","","11"
"22","0","DuPAGE","585","RAJA KRISHNAMOORTHI","320","8TH CONGRESS","Wayne  050 - 0072","561","11","","31"
"22","0","DuPAGE","0","Under Votes","320","8TH CONGRESS","Wayne  050 - 0072","561","11","","2"
"22","0","DuPAGE","0","Over Votes","320","8TH CONGRESS","Wayne  050 - 0072","561","11","","0"
"22","0","DuPAGE","580","JUNAID AHMED","320","8TH CONGRESS","Wayne  050 - 0072","561","11","","16"
"22","0","DuPAGE","585","RAJA KRISHNAMOORTHI","320","8TH CONGRESS","Bloomingdale  003 - 0095","608","11","","44"
"22","0","DuPAGE","0","Under Votes","320","8TH CONGRESS","Bloomingdale  003 - 0095","608","11","","1"
"22","0","DuPAGE","0","Over Votes","320","8TH CONGRESS","Bloomingdale  003 - 0095","608","11","","0"
"22","0","DuPAGE","580","JUNAID AHMED","320","8TH CONGRESS","Bloomingdale  003 - 0095","608","11","","6"
"22","0","DuPAGE","585","RAJA KRISHNAMOORTHI","320","8TH CONGRESS","Bloomingdale  005 - 0098","630","11","","40"
"22","0","DuPAGE","0","Under Votes","320","8TH CONGRESS","Bloomingdale  005 - 0098","630","11","","0"
"22","0","DuPAGE","0","Over Votes","320","8TH CONGRESS","Bloomingdale  005 - 0098","630","11","","0"
"22","0","DuPAGE","580","JUNAID AHMED","320","8TH CONGRESS","Bloomingdale  005 - 0098","630","11","","12"
"22","0","DuPAGE","585","RAJA KRISHNAMOORTHI","320","8TH CONGRESS","Bloomingdale  008 - 0101","865","11","","41"
"22","0","DuPAGE","0","Under Votes","320","8TH CONGRESS","Bloomingdale  008 - 0101","865","11","","2"
"22","0","DuPAGE","0","Over Votes","320","8TH CONGRESS","Bloomingdale  008 - 0101","865","11","","0"
"22","0","DuPAGE","580","JUNAID AHMED","320","8TH CONGRESS","Bloomingdale  008 - 0101","865","11","","13"
"22","0","DuPAGE","580","JUNAID AHMED","320","8TH CONGRESS","Bloomingdale  030 - 0124","750","11","","18"
"22","0","DuPAGE","585","RAJA KRISHNAMOORTHI","320","8TH CONGRESS","Bloomingdale  030 - 0124","750","11","","64"
"22","0","DuPAGE","0","Under Votes","320","8TH CONGRESS","Bloomingdale  030 - 0124","750","11","","0"
"22","0","DuPAGE","0","Over Votes","320","8TH CONGRESS","Bloomingdale  030 - 0124","750","11","","0"
"22","0","DuPAGE","580","JUNAID AHMED","320","8TH CONGRESS","Bloomingdale  033 - 0127","853","11","","12"
"22","0","DuPAGE","585","RAJA KRISHNAMOORTHI","320","8TH CONGRESS","Bloomingdale  033 - 0127","853","11","","50"
"16","0","COOK","575","CHRIS DARGIS","320","8TH CONGRESS","7400042","1156","12","Republican","17"
"16","0","COOK","0","Over Votes","320","8TH CONGRESS","7400042","1156","12","Republican","0"
"16","0","COOK","570","KAREN KOLODZIEJ","320","8TH CONGRESS","7400042","1156","12","Republican","12"
"16","0","COOK","560","PETER KOPSAFTIS","320","8TH CONGRESS","7400042","1156","12","Republican","4"
"16","0","COOK","0","Under Votes","320","8TH CONGRESS","7400042","1156","12","Republican","5"
"16","0","COOK","560","PETER KOPSAFTIS","320","8TH CONGRESS","7600006","1064","12","Republican","2"
"16","0","COOK","0","Under Votes","320","8TH CONGRESS","7600006","1064","12","Republican","6"
"16","0","COOK","575","CHRIS DARGIS","320","8TH CONGRESS","7600006","1064","12","Republican","20"
"16","0","COOK","0","Over Votes","320","8TH CONGRESS","7600006","1064","12","Republican","0"
"16","0","COOK","570","KAREN KOLODZIEJ","320","8TH CONGRESS","7600006","1064","12","Republican","11"
"16","0","COOK","555","CHAD KOPPIE","320","8TH CONGRESS","7600006","1064","12","Republican","8"
"16","0","COOK","565","PHILLIP OWEN WOOD","320","8TH CONGRESS","7600006","1064","12","Republican","9"
"16","0","COOK","560","PETER KOPSAFTIS","320","8TH CONGRESS","7600038","1335","12","Republican","19"
"16","0","COOK","575","CHRIS DARGIS","320","8TH CONGRESS","7600038","1335","12","Republican","26"
"16","0","COOK","0","Over Votes","320","8TH CONGRESS","7600038","1335","12","Republican","0"
"16","0","COOK","0","Under Votes","320","8TH CONGRESS","7600038","1335","12","Republican","7"
"16","0","COOK","570","KAREN KOLODZIEJ","320","8TH CONGRESS","7600038","1335","12","Republican","19"
"16","0","COOK","555","CHAD KOPPIE","320","8TH CONGRESS","7600038","1335","12","Republican","14"
"16","0","COOK","555","CHAD KOPPIE","320","8TH CONGRESS","9300057","1239","12","Republican","15"
"16","0","COOK","560","PETER KOPSAFTIS","320","8TH CONGRESS","9300018","1467","12","Republican","20"
"16","0","COOK","575","CHRIS DARGIS","320","8TH CONGRESS","9300018","1467","12","Republican","28"
"16","0","COOK","0","Under Votes","320","8TH CONGRESS","9300018","1467","12","Republican","8"
"16","0","COOK","0","Over Votes","320","8TH CONGRESS","9300018","1467","12","Republican","0"
"16","0","COOK","570","KAREN KOLODZIEJ","320","8TH CONGRESS","9300018","1467","12","Republican","16"
"16","0","COOK","555","CHAD KOPPIE","320","8TH CONGRESS","9300018","1467","12","Republican","5"
"16","0","COOK","565","PHILLIP OWEN WOOD","320","8TH CONGRESS","9300018","1467","12","Republican","5"
"16","0","COOK","560","PETER KOPSAFTIS","320","8TH CONGRESS","9300021","1286","12","Republican","27"
"16","0","COOK","575","CHRIS DARGIS","320","8TH CONGRESS","9300021","1286","12","Republican","23"
"16","0","COOK","0","Under Votes","320","8TH CONGRESS","9300021","1286","12","Republican","9"
"16","0","COOK","0","Over Votes","320","8TH CONGRESS","9300021","1286","12","Republican","0"
"16","0","COOK","570","KAREN KOLODZIEJ","320","8TH CONGRESS","9300021","1286","12","Republican","12"
"16","0","COOK","555","CHAD KOPPIE","320","8TH CONGRESS","9300021","1286","12","Republican","8"
"16","0","COOK","565","PHILLIP OWEN WOOD","320","8TH CONGRESS","9300021","1286","12","Republican","10"
"16","0","COOK","560","PETER KOPSAFTIS","320","8TH CONGRESS","9300024","1142","12","Republican","36"
"16","0","COOK","575","CHRIS DARGIS","320","8TH CONGRESS","9300024","1142","12","Republican","30"
"16","0","COOK","0","Under Votes","320","8TH CONGRESS","9300024","1142","12","Republican","5"
"16","0","COOK","0","Over Votes","320","8TH CONGRESS","9300024","1142","12","Republican","0"
"16","0","COOK","570","KAREN KOLODZIEJ","320","8TH CONGRESS","9300024","1142","12","Republican","29"
"16","0","COOK","555","CHAD KOPPIE","320","8TH CONGRESS","9300024","1142","12","Republican","7"
"16","0","COOK","565","PHILLIP OWEN WOOD","320","8TH CONGRESS","9300024","1142","12","Republican","8"
"16","0","COOK","560","PETER KOPSAFTIS","320","8TH CONGRESS","9300047","952","12","Republican","25"
"16","0","COOK","575","CHRIS DARGIS","320","8TH CONGRESS","9300047","952","12","Republican","29"
"16","0","COOK","0","Under Votes","320","8TH CONGRESS","9300047","952","12","Republican","7"
"16","0","COOK","0","Over Votes","320","8TH CONGRESS","9300047","952","12","Republican","0"
"45","0","KANE","560","PETER KOPSAFTIS","320","8TH CONGRESS","RU0004","3266","12","Republican","8"
"45","0","KANE","570","KAREN KOLODZIEJ","320","8TH CONGRESS","RU0004","3266","12","Republican","23"
"45","0","KANE","0","Over Votes","320","8TH CONGRESS","RU0004","3266","12","Republican","0"
"45","0","KANE","0","Under Votes","320","8TH CONGRESS","RU0004","3266","12","Republican","7"
"45","0","KANE","555","CHAD KOPPIE","320","8TH CONGRESS","RU0011","2430","12","Republican","19"
"45","0","KANE","575","CHRIS DARGIS","320","8TH CONGRESS","RU0011","2430","12","Republican","17"
"45","0","KANE","565","PHILLIP OWEN WOOD","320","8TH CONGRESS","RU0011","2430","12","Republican","9"
"45","0","KANE","560","PETER KOPSAFTIS","320","8TH CONGRESS","RU0011","2430","12","Republican","6"
"45","0","KANE","570","KAREN KOLODZIEJ","320","8TH CONGRESS","RU0011","2430","12","Republican","21"
"45","0","KANE","0","Over Votes","320","8TH CONGRESS","RU0011","2430","12","Republican","0"
"45","0","KANE","0","Under Votes","320","8TH CONGRESS","RU0011","2430","12","Republican","3"
"45","0","KANE","570","KAREN KOLODZIEJ","320","8TH CONGRESS","EL0018","2516","12","Republican","12"
"45","0","KANE","575","CHRIS DARGIS","320","8TH CONGRESS","EL0018","2516","12","Republican","16"
"45","0","KANE","560","PETER KOPSAFTIS","320","8TH CONGRESS","EL0018","2516","12","Republican","9"
"45","0","KANE","565","PHILLIP OWEN WOOD","320","8TH CONGRESS","EL0018","2516","12","Republican","17"
"45","0","KANE","0","Over Votes","320","8TH CONGRESS","EL0018","2516","12","Republican","0"
"45","0","KANE","555","CHAD KOPPIE","320","8TH CONGRESS","EL0018","2516","12","Republican","15"
"45","0","KANE","0","Under Votes","320","8TH CONGRESS","EL0018","2516","12","Republican","6"
"45","0","KANE","575","CHRIS DARGIS","320","8TH CONGRESS","EL0025","2178","12","Republican","21"
"45","0","KANE","565","PHILLIP OWEN WOOD","320","8TH CONGRESS","EL0025","2178","12","Republican","14"
"45","0","KANE","560","PETER KOPSAFTIS","320","8TH CONGRESS","EL0025","2178","12","Republican","4"
"45","0","KANE","570","KAREN KOLODZIEJ","320","8TH CONGRESS","EL0025","2178","12","Republican","13"
"45","0","KANE","0","Over Votes","320","8TH CONGRESS","EL0025","2178","12","Republican","0"
"45","0","KANE","555","CHAD KOPPIE","320","8TH CONGRESS","EL0025","2178","12","Republican","12"
"45","0","KANE","0","Under Votes","320","8TH CONGRESS","EL0025","2178","12","Republican","7"
"45","0","KANE","555","CHAD KOPPIE","320","8TH CONGRESS","EL0047","1980","12","Republican","8"
"45","0","KANE","575","CHRIS DARGIS","320","8TH CONGRESS","EL0047","1980","12","Republican","23"
"45","0","KANE","565","PHILLIP OWEN WOOD","320","8TH CONGRESS","EL0047","1980","12","Republican","12"
"45","0","KANE","560","PETER KOPSAFTIS","320","8TH CONGRESS","EL0047","1980","12","Republican","12"
"45","0","KANE","570","KAREN KOLODZIEJ","320","8TH CONGRESS","EL0047","1980","12","Republican","12"
"45","0","KANE","0","Over Votes","320","8TH CONGRESS","EL0047","1980","12","Republican","0"
"45","0","KANE","0","Under Votes","320","8TH CONGRESS","EL0047","1980","12","Republican","2"
"45","0","KANE","555","CHAD KOPPIE","320","8TH CONGRESS","RU0008","2976","12","Republican","47"
"45","0","KANE","575","CHRIS DARGIS","320","8TH CONGRESS","RU0008","2976","12","Republican","21"
"45","0","KANE","565","PHILLIP OWEN WOOD","320","8TH CONGRESS","RU0008","2976","12","Republican","20"
"45","0","KANE","560","PETER KOPSAFTIS","320","8TH CONGRESS","RU0008","2976","12","Republican","9"
"45","0","KANE","570","KAREN KOLODZIEJ","320","8TH CONGRESS","RU0008","2976","12","Republican","24"
"45","0","KANE","0","Over Votes","320","8TH CONGRESS","RU0008","2976","12","Republican","0"
"45","0","KANE","0","Under Votes","320","8TH CONGRESS","RU0008","2976","12","Republican","10"
"45","0","KANE","555","CHAD KOPPIE","320","8TH CONGRESS","SC0012","2477","12","Republican","13"
"45","0","KANE","575","CHRIS DARGIS","320","8TH CONGRESS","SC0012","2477","12","Republican","16"
"45","0","KANE","565","PHILLIP OWEN WOOD","320","8TH CONGRESS","SC0012","2477","12","Republican","16"
"45","0","KANE","560","PETER KOPSAFTIS","320","8TH CONGRESS","SC0012","2477","12","Republican","3"
"45","0","KANE","570","KAREN KOLODZIEJ","320","8TH CONGRESS","SC0012","2477","12","Republican","23"
"16","0","COOK","580","JUNAID AHMED","320","8TH CONGRESS","8000006","1349","11","Democratic","113"
"16","0","COOK","0","Under Votes","320","8TH CONGRESS","8000006","1349","11","Democratic","2"
"16","0","COOK","585","RAJA KRISHNAMOORTHI","320","8TH CONGRESS","8000010","1383","11","Democratic","145"
"16","0","COOK","580","JUNAID AHMED","320","8TH CONGRESS","8000010","1383","11","Democratic","81"
"16","0","COOK","0","Over Votes","320","8TH CONGRESS","8000010","1383","11","Democratic","0"
"16","0","COOK","0","Under Votes","320","8TH CONGRESS","8000010","1383","11","Democratic","9"
"16","0","COOK","585","RAJA KRISHNAMOORTHI","320","8TH CONGRESS","8000014","1145","11","Democratic","122"
"16","0","COOK","580","JUNAID AHMED","320","8TH CONGRESS","8000014","1145","11","Democratic","59"
"16","0","COOK","0","Over Votes","320","8TH CONGRESS","8000014","1145","11","Democratic","0"
"16","0","COOK","0","Under Votes","320","8TH CONGRESS","8000014","1145","11","Democratic","9"
"16","0","COOK","585","RAJA KRISHNAMOORTHI","320","8TH CONGRESS","8000048","1087","11","Democratic","75"
"16","0","COOK","580","JUNAID AHMED","320","8TH CONGRESS","8000048","1087","11","Democratic","60"
"16","0","COOK","0","Over Votes","320","8TH CONGRESS","8000048","1087","11","Democratic","0"
"16","0","COOK","0","Under Votes","320","8TH CONGRESS","8000048","1087","11","Democratic","10"
"16","0","COOK","585","RAJA KRISHNAMOORTHI","320","8TH CONGRESS","8000079","1724","11","Democratic","70"
"16","0","COOK","580","JUNAID AHMED","320","8TH CONGRESS","8000079","1724","11","Democratic","44"
"16","0","COOK","0","Over Votes","320","8TH CONGRESS","8000079","1724","11","Democratic","0"
"16","0","COOK","0","Under Votes","320","8TH CONGRESS","8000079","1724","11","Democratic","1"
"16","0","COOK","585","RAJA KRISHNAMOORTHI","320","8TH CONGRESS","8700020","1177","11","Democratic","68"
"16","0","COOK","0","Over Votes","320","8TH CONGRESS","8700020","1177","11","Democratic","0"
"16","0","COOK","580","JUNAID AHMED","320","8TH CONGRESS","8700020","1177","11","Democratic","26"
"16","0","COOK","0","Under Votes","320","8TH CONGRESS","8700020","1177","11","Democratic","5"
"16","0","COOK","585","RAJA KRISHNAMOORTHI","320","8TH CONGRESS","8700026","1210","11","Democratic","136"
"16","0","COOK","580","JUNAID AHMED","320","8TH CONGRESS","8700026","1210","11","Democratic","31"
"16","0","COOK","0","Over Votes","320","8TH CONGRESS","8700026","1210","11","Democratic","0"
"16","0","COOK","0","Under Votes","320","8TH CONGRESS","8700026","1210","11","Democratic","5"
"16","0","COOK","585","RAJA KRISHNAMOORTHI","320","8TH CONGRESS","8700053","818","11","Democratic","82"
"16","0","COOK","580","JUNAID AHMED","320","8TH CONGRESS","8700053","818","11","Democratic","21"
"16","0","COOK","0","Over Votes","320","8TH CONGRESS","8700053","818","11","Democratic","0"
"16","0","COOK","0","Under Votes","320","8TH CONGRESS","8700053","818","11","Democratic","1"
"16","0","COOK","585","RAJA KRISHNAMOORTHI","320","8TH CONGRESS","9300002","1966","11","Democratic","106"
"16","0","COOK","0","Over Votes","320","8TH CONGRESS","9300002","1966","11","Democratic","0"
"16","0","COOK","580","JUNAID AHMED","320","8TH CONGRESS","9300002","1966","11","Democratic","56"
"16","0","COOK","0","Under Votes","320","8TH CONGRESS","9300002","1966","11","Democratic","0"
"16","0","COOK","585","RAJA KRISHNAMOORTHI","320","8TH CONGRESS","9300005","554","11","Democratic","111"
"16","0","COOK","0","Over Votes","320","8TH CONGRESS","9300005","554","11","Democratic","0"
"16","0","COOK","580","JUNAID AHMED","320","8TH CONGRESS","9300005","554","11","Democratic","16"
"16","0","COOK","0","Under Votes","320","8TH CONGRESS","9300005","554","11","Democratic","5"
"16","0","COOK","585","RAJA KRISHNAMOORTHI","320","8TH CONGRESS","9300008","857","11","Democratic","64"
"16","0","COOK","580","JUNAID AHMED","320","8TH CONGRESS","9300008","857","11","Democratic","23"
"16","0","COOK","0","Over Votes","320","8TH CONGRESS","9300008","857","11","Democratic","0"
"16","0","COOK","0","Under Votes","320","8TH CONGRESS","9300008","857","11","Democratic","1"
"16","0","COOK","585","RAJA KRISHNAMOORTHI","320","8TH CONGRESS","9300012","1124","11","Democratic","97"
"16","0","COOK","580","JUNAID AHMED","320","8TH CONGRESS","9300012","1124","11","Democratic","53"
"22","0","DuPAGE","0","Under Votes","320","8TH CONGRESS","Bloomingdale  033 - 0127","853","11","","1"
"22","0","DuPAGE","0","Over Votes","320","8TH CONGRESS","Bloomingdale  033 - 0127","853","11","","0"
"22","0","DuPAGE","580","JUNAID AHMED","320","8TH CONGRESS","Bloomingdale  036 - 0130","790","11","","12"
"22","0","DuPAGE","585","RAJA KRISHNAMOORTHI","320","8TH CONGRESS","Bloomingdale  036 - 0130","790","11","","66"
"22","0","DuPAGE","0","Under Votes","320","8TH CONGRESS","Bloomingdale  036 - 0130","790","11","","0"
"22","0","DuPAGE","0","Over Votes","320","8TH CONGRESS","Bloomingdale  036 - 0130","790","11","","0"
"22","0","DuPAGE","580","JUNAID AHMED","320","8TH CONGRESS","Bloomingdale  038 - 0133","1025","11","","25"
"22","0","DuPAGE","585","RAJA KRISHNAMOORTHI","320","8TH CONGRESS","Bloomingdale  038 - 0133","1025","11","","106"
"22","0","DuPAGE","0","Under Votes","320","8TH CONGRESS","Bloomingdale  038 - 0133","1025","11","","2"
"22","0","DuPAGE","0","Over Votes","320","8TH CONGRESS","Bloomingdale  038 - 0133","1025","11","","0"
"22","0","DuPAGE","580","JUNAID AHMED","320","8TH CONGRESS","Bloomingdale  054 - 0153","527","11","","5"
"22","0","DuPAGE","585","RAJA KRISHNAMOORTHI","320","8TH CONGRESS","Bloomingdale  054 - 0153","527","11","","37"
"22","0","DuPAGE","0","Under Votes","320","8TH CONGRESS","Bloomingdale  054 - 0153","527","11","","1"
"22","0","DuPAGE","0","Over Votes","320","8TH CONGRESS","Bloomingdale  054 - 0153","527","11","","0"
"22","0","DuPAGE","580","JUNAID AHMED","320","8TH CONGRESS","Bloomingdale  057 - 0156","782","11","","19"
"22","0","DuPAGE","585","RAJA KRISHNAMOORTHI","320","8TH CONGRESS","Bloomingdale  057 - 0156","782","11","","19"
"22","0","DuPAGE","0","Under Votes","320","8TH CONGRESS","Bloomingdale  057 - 0156","782","11","","0"
"22","0","DuPAGE","0","Over Votes","320","8TH CONGRESS","Bloomingdale  057 - 0156","782","11","","0"
"22","0","DuPAGE","580","JUNAID AHMED","320","8TH CONGRESS","Bloomingdale  059 - 0159","143","11","","2"
"22","0","DuPAGE","585","RAJA KRISHNAMOORTHI","320","8TH CONGRESS","Bloomingdale  059 - 0159","143","11","","11"
"22","0","DuPAGE","0","Under Votes","320","8TH CONGRESS","Bloomingdale  059 - 0159","143","11","","1"
"22","0","DuPAGE","0","Over Votes","320","8TH CONGRESS","Bloomingdale  059 - 0159","143","11","","0"
"22","0","DuPAGE","580","JUNAID AHMED","320","8TH CONGRESS","Bloomingdale  062 - 0162","671","11","","12"
"22","0","DuPAGE","585","RAJA KRISHNAMOORTHI","320","8TH CONGRESS","Bloomingdale  062 - 0162","671","11","","49"
"22","0","DuPAGE","0","Under Votes","320","8TH CONGRESS","Bloomingdale  062 - 0162","671","11","","0"
"22","0","DuPAGE","0","Over Votes","320","8TH CONGRESS","Bloomingdale  062 - 0162","671","11","","0"
"22","0","DuPAGE","580","JUNAID AHMED","320","8TH CONGRESS","Bloomingdale  081 - 0185","639","11","","20"
"22","0","DuPAGE","585","RAJA KRISHNAMOORTHI","320","8TH CONGRESS","Bloomingdale  081 - 0185","639","11","","46"
"22","0","DuPAGE","0","Under Votes","320","8TH CONGRESS","Bloomingdale  081 - 0185","639","11","","1"
"22","0","DuPAGE","0","Over Votes","320","8TH CONGRESS","Bloomingdale  081 - 0185","639","11","","0"
"22","0","DuPAGE","580","JUNAID AHMED","320","8TH CONGRESS","Bloomingdale  083 - 0188","466","11","","13"
"22","0","DuPAGE","585","RAJA KRISHNAMOORTHI","320","8TH CONGRESS","Bloomingdale  083 - 0188","466","11","","29"
"22","0","DuPAGE","0","Under Votes","320","8TH CONGRESS","Bloomingdale  083 - 0188","466","11","","1"
"22","0","DuPAGE","0","Over Votes","320","8TH CONGRESS","Bloomingdale  083 - 0188","466","11","","0"
"22","0","DuPAGE","580","JUNAID AHMED","320","8TH CONGRESS","Bloomingdale  086 - 0194","676","11","","17"
"22","0","DuPAGE","585","RAJA KRISHNAMOORTHI","320","8TH CONGRESS","Bloomingdale  086 - 0194","676","11","","50"
"22","0","DuPAGE","0","Under Votes","320","8TH CONGRESS","Bloomingdale  086 - 0194","676","11","","0"
"22","0","DuPAGE","0","Over Votes","320","8TH CONGRESS","Bloomingdale  086 - 0194","676","11","","0"
"22","0","DuPAGE","580","JUNAID AHMED","320","8TH CONGRESS","Addison  005 - 0217","738","11","","7"
"22","0","DuPAGE","585","RAJA KRISHNAMOORTHI","320","8TH CONGRESS","Addison  005 - 0217","738","11","","41"
"16","0","COOK","570","KAREN KOLODZIEJ","320","8TH CONGRESS","9300047","952","12","Republican","17"
"16","0","COOK","565","PHILLIP OWEN WOOD","320","8TH CONGRESS","9300047","952","12","Republican","14"
"16","0","COOK","555","CHAD KOPPIE","320","8TH CONGRESS","9300047","952","12","Republican","7"
"16","0","COOK","560","PETER KOPSAFTIS","320","8TH CONGRESS","9300050","730","12","Republican","21"
"16","0","COOK","575","CHRIS DARGIS","320","8TH CONGRESS","9300050","730","12","Republican","28"
"16","0","COOK","0","Under Votes","320","8TH CONGRESS","9300050","730","12","Republican","9"
"16","0","COOK","0","Over Votes","320","8TH CONGRESS","9300050","730","12","Republican","0"
"16","0","COOK","570","KAREN KOLODZIEJ","320","8TH CONGRESS","9300050","730","12","Republican","12"
"16","0","COOK","565","PHILLIP OWEN WOOD","320","8TH CONGRESS","9300050","730","12","Republican","16"
"16","0","COOK","555","CHAD KOPPIE","320","8TH CONGRESS","9300050","730","12","Republican","4"
"16","0","COOK","560","PETER KOPSAFTIS","320","8TH CONGRESS","9300053","923","12","Republican","32"
"16","0","COOK","575","CHRIS DARGIS","320","8TH CONGRESS","9300053","923","12","Republican","16"
"16","0","COOK","0","Under Votes","320","8TH CONGRESS","9300053","923","12","Republican","6"
"16","0","COOK","0","Over Votes","320","8TH CONGRESS","9300053","923","12","Republican","0"
"16","0","COOK","570","KAREN KOLODZIEJ","320","8TH CONGRESS","9300053","923","12","Republican","17"
"16","0","COOK","565","PHILLIP OWEN WOOD","320","8TH CONGRESS","9300053","923","12","Republican","6"
"16","0","COOK","555","CHAD KOPPIE","320","8TH CONGRESS","9300053","923","12","Republican","9"
"16","0","COOK","560","PETER KOPSAFTIS","320","8TH CONGRESS","9300057","1239","12","Republican","25"
"16","0","COOK","575","CHRIS DARGIS","320","8TH CONGRESS","9300057","1239","12","Republican","59"
"16","0","COOK","0","Under Votes","320","8TH CONGRESS","9300057","1239","12","Republican","7"
"16","0","COOK","0","Over Votes","320","8TH CONGRESS","9300057","1239","12","Republican","0"
"16","0","COOK","570","KAREN KOLODZIEJ","320","8TH CONGRESS","9300057","1239","12","Republican","17"
"16","0","COOK","565","PHILLIP OWEN WOOD","320","8TH CONGRESS","9300057","1239","12","Republican","18"
"16","0","COOK","570","KAREN KOLODZIEJ","320","8TH CONGRESS","9300027","1509","12","Republican","7"
"16","0","COOK","565","PHILLIP OWEN WOOD","320","8TH CONGRESS","9300027","1509","12","Republican","9"
"16","0","COOK","555","CHAD KOPPIE","320","8TH CONGRESS","9300027","1509","12","Republican","12"
"16","0","COOK","570","KAREN KOLODZIEJ","320","8TH CONGRESS","9300030","815","12","Republican","13"
"16","0","COOK","565","PHILLIP OWEN WOOD","320","8TH CONGRESS","9300030","815","12","Republican","13"
"16","0","COOK","555","CHAD KOPPIE","320","8TH CONGRESS","9300030","815","12","Republican","3"
"16","0","COOK","560","PETER KOPSAFTIS","320","8TH CONGRESS","9300030","815","12","Republican","25"
"16","0","COOK","0","Under Votes","320","8TH CONGRESS","9300030","815","12","Republican","6"
"16","0","COOK","575","CHRIS DARGIS","320","8TH CONGRESS","9300030","815","12","Republican","17"
"16","0","COOK","0","Over Votes","320","8TH CONGRESS","9300030","815","12","Republican","0"
"16","0","COOK","560","PETER KOPSAFTIS","320","8TH CONGRESS","9300033","1645","12","Republican","60"
"16","0","COOK","0","Under Votes","320","8TH CONGRESS","9300033","1645","12","Republican","8"
"16","0","COOK","575","CHRIS DARGIS","320","8TH CONGRESS","9300033","1645","12","Republican","36"
"16","0","COOK","0","Over Votes","320","8TH CONGRESS","9300033","1645","12","Republican","0"
"16","0","COOK","570","KAREN KOLODZIEJ","320","8TH CONGRESS","9300033","1645","12","Republican","20"
"16","0","COOK","565","PHILLIP OWEN WOOD","320","8TH CONGRESS","9300033","1645","12","Republican","7"
"16","0","COOK","555","CHAD KOPPIE","320","8TH CONGRESS","9300033","1645","12","Republican","12"
"16","0","COOK","560","PETER KOPSAFTIS","320","8TH CONGRESS","9300036","1750","12","Republican","33"
"16","0","COOK","0","Under Votes","320","8TH CONGRESS","9300036","1750","12","Republican","6"
"16","0","COOK","575","CHRIS DARGIS","320","8TH CONGRESS","9300036","1750","12","Republican","35"
"45","0","KANE","0","Over Votes","320","8TH CONGRESS","SC0012","2477","12","Republican","0"
"45","0","KANE","0","Under Votes","320","8TH CONGRESS","SC0012","2477","12","Republican","6"
"45","0","KANE","555","CHAD KOPPIE","320","8TH CONGRESS","SC0027","1800","12","Republican","12"
"45","0","KANE","575","CHRIS DARGIS","320","8TH CONGRESS","SC0027","1800","12","Republican","38"
"45","0","KANE","565","PHILLIP OWEN WOOD","320","8TH CONGRESS","SC0027","1800","12","Republican","27"
"45","0","KANE","560","PETER KOPSAFTIS","320","8TH CONGRESS","SC0027","1800","12","Republican","17"
"45","0","KANE","570","KAREN KOLODZIEJ","320","8TH CONGRESS","SC0027","1800","12","Republican","24"
"45","0","KANE","0","Over Votes","320","8TH CONGRESS","SC0027","1800","12","Republican","0"
"45","0","KANE","0","Under Votes","320","8TH CONGRESS","SC0027","1800","12","Republican","14"
"45","0","KANE","555","CHAD KOPPIE","320","8TH CONGRESS","EL0019","1696","12","Republican","2"
"45","0","KANE","565","PHILLIP OWEN WOOD","320","8TH CONGRESS","EL0019","1696","12","Republican","4"
"45","0","KANE","575","CHRIS DARGIS","320","8TH CONGRESS","EL0019","1696","12","Republican","4"
"45","0","KANE","570","KAREN KOLODZIEJ","320","8TH CONGRESS","EL0019","1696","12","Republican","1"
"45","0","KANE","560","PETER KOPSAFTIS","320","8TH CONGRESS","EL0019","1696","12","Republican","3"
"45","0","KANE","0","Over Votes","320","8TH CONGRESS","EL0019","1696","12","Republican","0"
"45","0","KANE","0","Under Votes","320","8TH CONGRESS","EL0019","1696","12","Republican","1"
"45","0","KANE","555","CHAD KOPPIE","320","8TH CONGRESS","EL0026","2516","12","Republican","12"
"45","0","KANE","565","PHILLIP OWEN WOOD","320","8TH CONGRESS","EL0026","2516","12","Republican","7"
"45","0","KANE","560","PETER KOPSAFTIS","320","8TH CONGRESS","EL0026","2516","12","Republican","1"
"45","0","KANE","575","CHRIS DARGIS","320","8TH CONGRESS","EL0026","2516","12","Republican","14"
"45","0","KANE","570","KAREN KOLODZIEJ","320","8TH CONGRESS","EL0026","2516","12","Republican","7"
"45","0","KANE","0","Over Votes","320","8TH CONGRESS","EL0026","2516","12","Republican","0"
"45","0","KANE","0","Under Votes","320","8TH CONGRESS","EL0026","2516","12","Republican","4"
"45","0","KANE","555","CHAD KOPPIE","320","8TH CONGRESS","EL0039","2100","12","Republican","23"
"45","0","KANE","575","CHRIS DARGIS","320","8TH CONGRESS","EL0039","2100","12","Republican","11"
"45","0","KANE","560","PETER KOPSAFTIS","320","8TH CONGRESS","EL0039","2100","12","Republican","11"
"45","0","KANE","570","KAREN KOLODZIEJ","320","8TH CONGRESS","EL0039","2100","12","Republican","12"
"45","0","KANE","0","Over Votes","320","8TH CONGRESS","EL0039","2100","12","Republican","0"
"45","0","KANE","565","PHILLIP OWEN WOOD","320","8TH CONGRESS","EL0039","2100","12","Republican","9"
"45","0","KANE","0","Under Votes","320","8TH CONGRESS","EL0039","2100","12","Republican","6"
"45","0","KANE","555","CHAD KOPPIE","320","8TH CONGRESS","EL0048","2308","12","Republican","28"
"45","0","KANE","565","PHILLIP OWEN WOOD","320","8TH CONGRESS","EL0048","2308","12","Republican","23"
"45","0","KANE","560","PETER KOPSAFTIS","320","8TH CONGRESS","EL0048","2308","12","Republican","8"
"45","0","KANE","570","KAREN KOLODZIEJ","320","8TH CONGRESS","EL0048","2308","12","Republican","35"
"45","0","KANE","575","CHRIS DARGIS","320","8TH CONGRESS","EL0048","2308","12","Republican","53"
"45","0","KANE","0","Over Votes","320","8TH CONGRESS","EL0048","2308","12","Republican","0"
"45","0","KANE","0","Under Votes","320","8TH CONGRESS","EL0048","2308","12","Republican","5"
"45","0","KANE","555","CHAD KOPPIE","320","8TH CONGRESS","GE0014","2062","12","Republican","12"
"45","0","KANE","575","CHRIS DARGIS","320","8TH CONGRESS","GE0014","2062","12","Republican","15"
"45","0","KANE","560","PETER KOPSAFTIS","320","8TH CONGRESS","GE0014","2062","12","Republican","11"
"45","0","KANE","570","KAREN KOLODZIEJ","320","8TH CONGRESS","GE0014","2062","12","Republican","11"
"45","0","KANE","0","Over Votes","320","8TH CONGRESS","GE0014","2062","12","Republican","0"
"45","0","KANE","565","PHILLIP OWEN WOOD","320","8TH CONGRESS","GE0014","2062","12","Republican","26"
"45","0","KANE","0","Under Votes","320","8TH CONGRESS","GE0014","2062","12","Republican","10"
"16","0","COOK","0","Over Votes","320","8TH CONGRESS","9300012","1124","11","Democratic","0"
"16","0","COOK","0","Under Votes","320","8TH CONGRESS","9300012","1124","11","Democratic","2"
"16","0","COOK","585","RAJA KRISHNAMOORTHI","320","8TH CONGRESS","9300035","711","11","Democratic","91"
"16","0","COOK","0","Over Votes","320","8TH CONGRESS","9300035","711","11","Democratic","0"
"16","0","COOK","580","JUNAID AHMED","320","8TH CONGRESS","9300035","711","11","Democratic","32"
"16","0","COOK","0","Under Votes","320","8TH CONGRESS","9300035","711","11","Democratic","3"
"16","0","COOK","585","RAJA KRISHNAMOORTHI","320","8TH CONGRESS","9300039","1375","11","Democratic","153"
"16","0","COOK","580","JUNAID AHMED","320","8TH CONGRESS","9300039","1375","11","Democratic","34"
"16","0","COOK","0","Over Votes","320","8TH CONGRESS","9300039","1375","11","Democratic","0"
"16","0","COOK","0","Under Votes","320","8TH CONGRESS","9300039","1375","11","Democratic","3"
"16","0","COOK","585","RAJA KRISHNAMOORTHI","320","8TH CONGRESS","9300043","1388","11","Democratic","81"
"16","0","COOK","580","JUNAID AHMED","320","8TH CONGRESS","9300043","1388","11","Democratic","61"
"16","0","COOK","0","Over Votes","320","8TH CONGRESS","9300043","1388","11","Democratic","0"
"16","0","COOK","0","Under Votes","320","8TH CONGRESS","9300043","1388","11","Democratic","3"
"16","0","COOK","585","RAJA KRISHNAMOORTHI","320","8TH CONGRESS","9300070","1649","11","Democratic","106"
"16","0","COOK","0","Over Votes","320","8TH CONGRESS","9300070","1649","11","Democratic","0"
"16","0","COOK","580","JUNAID AHMED","320","8TH CONGRESS","9300070","1649","11","Democratic","39"
"16","0","COOK","0","Under Votes","320","8TH CONGRESS","9300070","1649","11","Democratic","5"
"16","0","COOK","585","RAJA KRISHNAMOORTHI","320","8TH CONGRESS","9300074","723","11","Democratic","65"
"16","0","COOK","580","JUNAID AHMED","320","8TH CONGRESS","9300074","723","11","Democratic","25"
"16","0","COOK","0","Over Votes","320","8TH CONGRESS","9300074","723","11","Democratic","0"
"16","0","COOK","0","Under Votes","320","8TH CONGRESS","9300074","723","11","Democratic","3"
"16","0","COOK","585","RAJA KRISHNAMOORTHI","320","8TH CONGRESS","9300078","993","11","Democratic","70"
"16","0","COOK","580","JUNAID AHMED","320","8TH CONGRESS","9300078","993","11","Democratic","28"
"16","0","COOK","0","Over Votes","320","8TH CONGRESS","9300078","993","11","Democratic","0"
"16","0","COOK","0","Under Votes","320","8TH CONGRESS","9300078","993","11","Democratic","0"
"22","0","DuPAGE","0","Under Votes","320","8TH CONGRESS","Addison  005 - 0217","738","11","","1"
"22","0","DuPAGE","0","Over Votes","320","8TH CONGRESS","Addison  005 - 0217","738","11","","0"
"22","0","DuPAGE","580","JUNAID AHMED","320","8TH CONGRESS","Addison  052 - 0278","584","11","","11"
"22","0","DuPAGE","585","RAJA KRISHNAMOORTHI","320","8TH CONGRESS","Addison  052 - 0278","584","11","","42"
"22","0","DuPAGE","0","Under Votes","320","8TH CONGRESS","Addison  052 - 0278","584","11","","4"
"22","0","DuPAGE","0","Over Votes","320","8TH CONGRESS","Addison  052 - 0278","584","11","","0"
"22","0","DuPAGE","580","JUNAID AHMED","320","8TH CONGRESS","Milton  030 - 0397","374","11","","9"
"22","0","DuPAGE","585","RAJA KRISHNAMOORTHI","320","8TH CONGRESS","Milton  030 - 0397","374","11","","20"
"22","0","DuPAGE","0","Under Votes","320","8TH CONGRESS","Milton  030 - 0397","374","11","","0"
"22","0","DuPAGE","0","Over Votes","320","8TH CONGRESS","Milton  030 - 0397","374","11","","0"
"22","0","DuPAGE","580","JUNAID AHMED","320","8TH CONGRESS","Milton  070 - 0455","139","11","","10"
"22","0","DuPAGE","585","RAJA KRISHNAMOORTHI","320","8TH CONGRESS","Milton  070 - 0455","139","11","","5"
"22","0","DuPAGE","0","Under Votes","320","8TH CONGRESS","Milton  070 - 0455","139","11","","0"
"22","0","DuPAGE","0","Over Votes","320","8TH CONGRESS","Milton  070 - 0455","139","11","","0"
"22","0","DuPAGE","580","JUNAID AHMED","320","8TH CONGRESS","Milton  117 - 0525","831","11","","26"
"22","0","DuPAGE","585","RAJA KRISHNAMOORTHI","320","8TH CONGRESS","Milton  117 - 0525","831","11","","23"
"22","0","DuPAGE","0","Under Votes","320","8TH CONGRESS","Milton  117 - 0525","831","11","","2"
"22","0","DuPAGE","0","Over Votes","320","8TH CONGRESS","Milton  117 - 0525","831","11","","0"
"22","0","DuPAGE","580","JUNAID AHMED","320","8TH CONGRESS","Federal - F08","0","11","","1"
"22","0","DuPAGE","585","RAJA KRISHNAMOORTHI","320","8TH CONGRESS","Federal - F08","0","11","","7"
"22","0","DuPAGE","0","Under Votes","320","8TH CONGRESS","Federal - F08","0","11","","0"
"22","0","DuPAGE","0","Over Votes","320","8TH CONGRESS","Federal - F08","0","11","","0"
"16","0","COOK","0","Over Votes","320","8TH CONGRESS","9300036","1750","12","Republican","1"
"16","0","COOK","570","KAREN KOLODZIEJ","320","8TH CONGRESS","9300036","1750","12","Republican","17"
"16","0","COOK","565","PHILLIP OWEN WOOD","320","8TH CONGRESS","9300036","1750","12","Republican","18"
"16","0","COOK","555","CHAD KOPPIE","320","8TH CONGRESS","9300036","1750","12","Republican","20"
"16","0","COOK","565","PHILLIP OWEN WOOD","320","8TH CONGRESS","9300061","1500","12","Republican","13"
"16","0","COOK","555","CHAD KOPPIE","320","8TH CONGRESS","9300061","1500","12","Republican","9"
"16","0","COOK","0","Under Votes","320","8TH CONGRESS","9300061","1500","12","Republican","11"
"16","0","COOK","0","Over Votes","320","8TH CONGRESS","9300061","1500","12","Republican","0"
"16","0","COOK","570","KAREN KOLODZIEJ","320","8TH CONGRESS","9300061","1500","12","Republican","14"
"16","0","COOK","560","PETER KOPSAFTIS","320","8TH CONGRESS","9300061","1500","12","Republican","45"
"16","0","COOK","575","CHRIS DARGIS","320","8TH CONGRESS","9300061","1500","12","Republican","28"
"16","0","COOK","560","PETER KOPSAFTIS","320","8TH CONGRESS","9300065","723","12","Republican","17"
"16","0","COOK","0","Under Votes","320","8TH CONGRESS","9300065","723","12","Republican","10"
"16","0","COOK","575","CHRIS DARGIS","320","8TH CONGRESS","9300065","723","12","Republican","16"
"16","0","COOK","0","Over Votes","320","8TH CONGRESS","9300065","723","12","Republican","0"
"16","0","COOK","570","KAREN KOLODZIEJ","320","8TH CONGRESS","9300065","723","12","Republican","9"
"16","0","COOK","565","PHILLIP OWEN WOOD","320","8TH CONGRESS","9300065","723","12","Republican","4"
"16","0","COOK","555","CHAD KOPPIE","320","8TH CONGRESS","9300065","723","12","Republican","5"
"16","0","COOK","565","PHILLIP OWEN WOOD","320","8TH CONGRESS","9300068","965","12","Republican","5"
"16","0","COOK","555","CHAD KOPPIE","320","8TH CONGRESS","9300068","965","12","Republican","5"
"16","0","COOK","575","CHRIS DARGIS","320","8TH CONGRESS","9300068","965","12","Republican","21"
"16","0","COOK","0","Over Votes","320","8TH CONGRESS","9300068","965","12","Republican","0"
"16","0","COOK","570","KAREN KOLODZIEJ","320","8TH CONGRESS","9300068","965","12","Republican","7"
"16","0","COOK","560","PETER KOPSAFTIS","320","8TH CONGRESS","9300068","965","12","Republican","29"
"16","0","COOK","0","Under Votes","320","8TH CONGRESS","9300068","965","12","Republican","5"
"16","0","COOK","570","KAREN KOLODZIEJ","320","8TH CONGRESS","9300071","900","12","Republican","6"
"16","0","COOK","565","PHILLIP OWEN WOOD","320","8TH CONGRESS","9300071","900","12","Republican","5"
"16","0","COOK","555","CHAD KOPPIE","320","8TH CONGRESS","9300071","900","12","Republican","4"
"16","0","COOK","565","PHILLIP OWEN WOOD","320","8TH CONGRESS","7400026","928","12","Republican","7"
"16","0","COOK","560","PETER KOPSAFTIS","320","8TH CONGRESS","7400026","928","12","Republican","14"
"16","0","COOK","575","CHRIS DARGIS","320","8TH CONGRESS","7400026","928","12","Republican","22"
"16","0","COOK","0","Under Votes","320","8TH CONGRESS","7400026","928","12","Republican","9"
"16","0","COOK","0","Over Votes","320","8TH CONGRESS","7400026","928","12","Republican","0"
"16","0","COOK","570","KAREN KOLODZIEJ","320","8TH CONGRESS","7400026","928","12","Republican","19"
"16","0","COOK","555","CHAD KOPPIE","320","8TH CONGRESS","7400026","928","12","Republican","8"
"16","0","COOK","560","PETER KOPSAFTIS","320","8TH CONGRESS","7400029","1261","12","Republican","21"
"16","0","COOK","575","CHRIS DARGIS","320","8TH CONGRESS","7400029","1261","12","Republican","47"
"16","0","COOK","565","PHILLIP OWEN WOOD","320","8TH CONGRESS","7400029","1261","12","Republican","15"
"16","0","COOK","0","Under Votes","320","8TH CONGRESS","7400029","1261","12","Republican","8"
"16","0","COOK","0","Over Votes","320","8TH CONGRESS","7400029","1261","12","Republican","0"
"16","0","COOK","570","KAREN KOLODZIEJ","320","8TH CONGRESS","7400029","1261","12","Republican","19"
"16","0","COOK","555","CHAD KOPPIE","320","8TH CONGRESS","7400029","1261","12","Republican","14"
"16","0","COOK","560","PETER KOPSAFTIS","320","8TH CONGRESS","7400037","1286","12","Republican","14"
"45","0","KANE","555","CHAD KOPPIE","320","8TH CONGRESS","RU0002","3228","12","Republican","58"
"45","0","KANE","560","PETER KOPSAFTIS","320","8TH CONGRESS","RU0002","3228","12","Republican","23"
"45","0","KANE","570","KAREN KOLODZIEJ","320","8TH CONGRESS","RU0002","3228","12","Republican","23"
"45","0","KANE","575","CHRIS DARGIS","320","8TH CONGRESS","RU0002","3228","12","Republican","43"
"45","0","KANE","0","Over Votes","320","8TH CONGRESS","RU0002","3228","12","Republican","0"
"45","0","KANE","565","PHILLIP OWEN WOOD","320","8TH CONGRESS","RU0002","3228","12","Republican","28"
"45","0","KANE","0","Under Votes","320","8TH CONGRESS","RU0002","3228","12","Republican","14"
"45","0","KANE","575","CHRIS DARGIS","320","8TH CONGRESS","RU0009","2670","12","Republican","31"
"45","0","KANE","0","Over Votes","320","8TH CONGRESS","RU0009","2670","12","Republican","0"
"45","0","KANE","0","Under Votes","320","8TH CONGRESS","RU0009","2670","12","Republican","13"
"45","0","KANE","555","CHAD KOPPIE","320","8TH CONGRESS","RU0009","2670","12","Republican","58"
"45","0","KANE","565","PHILLIP OWEN WOOD","320","8TH CONGRESS","RU0009","2670","12","Republican","17"
"45","0","KANE","560","PETER KOPSAFTIS","320","8TH CONGRESS","RU0009","2670","12","Republican","7"
"45","0","KANE","570","KAREN KOLODZIEJ","320","8TH CONGRESS","RU0009","2670","12","Republican","21"
"45","0","KANE","575","CHRIS DARGIS","320","8TH CONGRESS","EL0023","1430","12","Republican","11"
"45","0","KANE","565","PHILLIP OWEN WOOD","320","8TH CONGRESS","EL0023","1430","12","Republican","4"
"45","0","KANE","570","KAREN KOLODZIEJ","320","8TH CONGRESS","EL0023","1430","12","Republican","2"
"45","0","KANE","560","PETER KOPSAFTIS","320","8TH CONGRESS","EL0023","1430","12","Republican","3"
"45","0","KANE","0","Over Votes","320","8TH CONGRESS","EL0023","1430","12","Republican","0"
"45","0","KANE","555","CHAD KOPPIE","320","8TH CONGRESS","EL0023","1430","12","Republican","6"
"45","0","KANE","0","Under Votes","320","8TH CONGRESS","EL0023","1430","12","Republican","4"
"45","0","KANE","555","CHAD KOPPIE","320","8TH CONGRESS","EL0029","2026","12","Republican","12"
"45","0","KANE","575","CHRIS DARGIS","320","8TH CONGRESS","EL0029","2026","12","Republican","12"
"45","0","KANE","565","PHILLIP OWEN WOOD","320","8TH CONGRESS","EL0029","2026","12","Republican","9"
"45","0","KANE","570","KAREN KOLODZIEJ","320","8TH CONGRESS","EL0029","2026","12","Republican","5"
"45","0","KANE","560","PETER KOPSAFTIS","320","8TH CONGRESS","EL0029","2026","12","Republican","4"
"45","0","KANE","0","Over Votes","320","8TH CONGRESS","EL0029","2026","12","Republican","0"
"45","0","KANE","0","Under Votes","320","8TH CONGRESS","EL0029","2026","12","Republican","4"
"45","0","KANE","555","CHAD KOPPIE","320","8TH CONGRESS","EL0036","1940","12","Republican","5"
"45","0","KANE","575","CHRIS DARGIS","320","8TH CONGRESS","EL0036","1940","12","Republican","11"
"45","0","KANE","565","PHILLIP OWEN WOOD","320","8TH CONGRESS","EL0036","1940","12","Republican","12"
"45","0","KANE","560","PETER KOPSAFTIS","320","8TH CONGRESS","EL0036","1940","12","Republican","7"
"45","0","KANE","570","KAREN KOLODZIEJ","320","8TH CONGRESS","EL0036","1940","12","Republican","24"
"45","0","KANE","0","Over Votes","320","8TH CONGRESS","EL0036","1940","12","Republican","0"
"45","0","KANE","0","Under Votes","320","8TH CONGRESS","EL0036","1940","12","Republican","7"
"45","0","KANE","555","CHAD KOPPIE","320","8TH CONGRESS","EL0042","2414","12","Republican","29"
"45","0","KANE","565","PHILLIP OWEN WOOD","320","8TH CONGRESS","EL0042","2414","12","Republican","22"
"45","0","KANE","560","PETER KOPSAFTIS","320","8TH CONGRESS","EL0042","2414","12","Republican","17"
"45","0","KANE","570","KAREN KOLODZIEJ","320","8TH CONGRESS","EL0042","2414","12","Republican","18"
"45","0","KANE","575","CHRIS DARGIS","320","8TH CONGRESS","EL0042","2414","12","Republican","42"
"45","0","KANE","0","Over Votes","320","8TH CONGRESS","EL0042","2414","12","Republican","0"
"45","0","KANE","0","Under Votes","320","8TH CONGRESS","EL0042","2414","12","Republican","4"
"45","0","KANE","555","CHAD KOPPIE","320","8TH CONGRESS","GE0011","1512","12","Republican","8"
"45","0","KANE","575","CHRIS DARGIS","320","8TH CONGRESS","GE0011","1512","12","Republican","36"
"16","0","COOK","575","CHRIS DARGIS","320","8TH CONGRESS","7400037","1286","12","Republican","43"
"16","0","COOK","565","PHILLIP OWEN WOOD","320","8TH CONGRESS","7400037","1286","12","Republican","12"
"16","0","COOK","0","Under Votes","320","8TH CONGRESS","7400037","1286","12","Republican","9"
"16","0","COOK","0","Over Votes","320","8TH CONGRESS","7400037","1286","12","Republican","0"
"16","0","COOK","570","KAREN KOLODZIEJ","320","8TH CONGRESS","7400037","1286","12","Republican","29"
"16","0","COOK","555","CHAD KOPPIE","320","8TH CONGRESS","7400037","1286","12","Republican","8"
"16","0","COOK","565","PHILLIP OWEN WOOD","320","8TH CONGRESS","7600027","3505","12","Republican","36"
"16","0","COOK","560","PETER KOPSAFTIS","320","8TH CONGRESS","7600027","3505","12","Republican","38"
"16","0","COOK","575","CHRIS DARGIS","320","8TH CONGRESS","7600027","3505","12","Republican","88"
"16","0","COOK","0","Under Votes","320","8TH CONGRESS","7600027","3505","12","Republican","32"
"16","0","COOK","0","Over Votes","320","8TH CONGRESS","7600027","3505","12","Republican","0"
"16","0","COOK","570","KAREN KOLODZIEJ","320","8TH CONGRESS","7600027","3505","12","Republican","36"
"16","0","COOK","555","CHAD KOPPIE","320","8TH CONGRESS","7600027","3505","12","Republican","29"
"16","0","COOK","565","PHILLIP OWEN WOOD","320","8TH CONGRESS","7600033","1299","12","Republican","11"
"16","0","COOK","560","PETER KOPSAFTIS","320","8TH CONGRESS","7600033","1299","12","Republican","15"
"16","0","COOK","575","CHRIS DARGIS","320","8TH CONGRESS","7600033","1299","12","Republican","14"
"16","0","COOK","0","Under Votes","320","8TH CONGRESS","7600033","1299","12","Republican","4"
"16","0","COOK","0","Over Votes","320","8TH CONGRESS","7600033","1299","12","Republican","0"
"16","0","COOK","570","KAREN KOLODZIEJ","320","8TH CONGRESS","7600033","1299","12","Republican","10"
"16","0","COOK","555","CHAD KOPPIE","320","8TH CONGRESS","7600033","1299","12","Republican","4"
"16","0","COOK","565","PHILLIP OWEN WOOD","320","8TH CONGRESS","8000004","1567","12","Republican","6"
"16","0","COOK","560","PETER KOPSAFTIS","320","8TH CONGRESS","8000004","1567","12","Republican","8"
"16","0","COOK","575","CHRIS DARGIS","320","8TH CONGRESS","8000004","1567","12","Republican","8"
"16","0","COOK","565","PHILLIP OWEN WOOD","320","8TH CONGRESS","9300032","1328","12","Republican","19"
"16","0","COOK","555","CHAD KOPPIE","320","8TH CONGRESS","9300032","1328","12","Republican","5"
"16","0","COOK","560","PETER KOPSAFTIS","320","8TH CONGRESS","9300032","1328","12","Republican","24"
"16","0","COOK","575","CHRIS DARGIS","320","8TH CONGRESS","9300032","1328","12","Republican","18"
"16","0","COOK","0","Under Votes","320","8TH CONGRESS","9300032","1328","12","Republican","14"
"16","0","COOK","560","PETER KOPSAFTIS","320","8TH CONGRESS","9300056","1048","12","Republican","22"
"16","0","COOK","575","CHRIS DARGIS","320","8TH CONGRESS","9300056","1048","12","Republican","22"
"16","0","COOK","0","Under Votes","320","8TH CONGRESS","9300056","1048","12","Republican","7"
"16","0","COOK","0","Over Votes","320","8TH CONGRESS","9300056","1048","12","Republican","0"
"16","0","COOK","570","KAREN KOLODZIEJ","320","8TH CONGRESS","9300056","1048","12","Republican","19"
"16","0","COOK","565","PHILLIP OWEN WOOD","320","8TH CONGRESS","9300056","1048","12","Republican","5"
"16","0","COOK","555","CHAD KOPPIE","320","8TH CONGRESS","9300056","1048","12","Republican","9"
"16","0","COOK","570","KAREN KOLODZIEJ","320","8TH CONGRESS","9300059","1220","12","Republican","18"
"16","0","COOK","565","PHILLIP OWEN WOOD","320","8TH CONGRESS","9300059","1220","12","Republican","17"
"16","0","COOK","555","CHAD KOPPIE","320","8TH CONGRESS","9300059","1220","12","Republican","8"
"16","0","COOK","560","PETER KOPSAFTIS","320","8TH CONGRESS","9300059","1220","12","Republican","36"
"16","0","COOK","575","CHRIS DARGIS","320","8TH CONGRESS","9300059","1220","12","Republican","55"
"16","0","COOK","0","Under Votes","320","8TH CONGRESS","9300059","1220","12","Republican","20"
"16","0","COOK","0","Over Votes","320","8TH CONGRESS","9300059","1220","12","Republican","0"
"16","0","COOK","560","PETER KOPSAFTIS","320","8TH CONGRESS","9300064","928","12","Republican","21"
"45","0","KANE","565","PHILLIP OWEN WOOD","320","8TH CONGRESS","GE0011","1512","12","Republican","15"
"45","0","KANE","560","PETER KOPSAFTIS","320","8TH CONGRESS","GE0011","1512","12","Republican","12"
"45","0","KANE","570","KAREN KOLODZIEJ","320","8TH CONGRESS","GE0011","1512","12","Republican","20"
"45","0","KANE","0","Over Votes","320","8TH CONGRESS","GE0011","1512","12","Republican","0"
"45","0","KANE","0","Under Votes","320","8TH CONGRESS","GE0011","1512","12","Republican","7"
"45","0","KANE","555","CHAD KOPPIE","320","8TH CONGRESS","SC0003","2960","12","Republican","20"
"45","0","KANE","575","CHRIS DARGIS","320","8TH CONGRESS","SC0003","2960","12","Republican","30"
"45","0","KANE","565","PHILLIP OWEN WOOD","320","8TH CONGRESS","SC0003","2960","12","Republican","44"
"45","0","KANE","560","PETER KOPSAFTIS","320","8TH CONGRESS","SC0003","2960","12","Republican","11"
"45","0","KANE","570","KAREN KOLODZIEJ","320","8TH CONGRESS","SC0003","2960","12","Republican","25"
"45","0","KANE","0","Over Votes","320","8TH CONGRESS","SC0003","2960","12","Republican","0"
"45","0","KANE","0","Under Votes","320","8TH CONGRESS","SC0003","2960","12","Republican","11"
"45","0","KANE","555","CHAD KOPPIE","320","8TH CONGRESS","SC0019","1496","12","Republican","5"
"45","0","KANE","575","CHRIS DARGIS","320","8TH CONGRESS","SC0019","1496","12","Republican","11"
"45","0","KANE","565","PHILLIP OWEN WOOD","320","8TH CONGRESS","SC0019","1496","12","Republican","5"
"45","0","KANE","560","PETER KOPSAFTIS","320","8TH CONGRESS","SC0019","1496","12","Republican","4"
"45","0","KANE","570","KAREN KOLODZIEJ","320","8TH CONGRESS","SC0019","1496","12","Republican","10"
"45","0","KANE","0","Over Votes","320","8TH CONGRESS","SC0019","1496","12","Republican","0"
"45","0","KANE","0","Under Votes","320","8TH CONGRESS","SC0019","1496","12","Republican","7"
"45","0","KANE","575","CHRIS DARGIS","320","8TH CONGRESS","EL0021","2596","12","Republican","22"
"45","0","KANE","570","KAREN KOLODZIEJ","320","8TH CONGRESS","EL0021","2596","12","Republican","17"
"45","0","KANE","560","PETER KOPSAFTIS","320","8TH CONGRESS","EL0021","2596","12","Republican","11"
"45","0","KANE","565","PHILLIP OWEN WOOD","320","8TH CONGRESS","EL0021","2596","12","Republican","14"
"45","0","KANE","0","Over Votes","320","8TH CONGRESS","EL0021","2596","12","Republican","0"
"45","0","KANE","555","CHAD KOPPIE","320","8TH CONGRESS","EL0021","2596","12","Republican","10"
"45","0","KANE","0","Under Votes","320","8TH CONGRESS","EL0021","2596","12","Republican","7"
"45","0","KANE","560","PETER KOPSAFTIS","320","8TH CONGRESS","EL0028","1398","12","Republican","4"
"45","0","KANE","570","KAREN KOLODZIEJ","320","8TH CONGRESS","EL0028","1398","12","Republican","7"
"45","0","KANE","575","CHRIS DARGIS","320","8TH CONGRESS","EL0028","1398","12","Republican","13"
"45","0","KANE","565","PHILLIP OWEN WOOD","320","8TH CONGRESS","EL0028","1398","12","Republican","6"
"45","0","KANE","0","Over Votes","320","8TH CONGRESS","EL0028","1398","12","Republican","0"
"45","0","KANE","555","CHAD KOPPIE","320","8TH CONGRESS","EL0028","1398","12","Republican","3"
"45","0","KANE","0","Under Votes","320","8TH CONGRESS","EL0028","1398","12","Republican","5"
"45","0","KANE","575","CHRIS DARGIS","320","8TH CONGRESS","EL0035","2264","12","Republican","18"
"45","0","KANE","565","PHILLIP OWEN WOOD","320","8TH CONGRESS","EL0035","2264","12","Republican","13"
"45","0","KANE","560","PETER KOPSAFTIS","320","8TH CONGRESS","EL0035","2264","12","Republican","4"
"45","0","KANE","570","KAREN KOLODZIEJ","320","8TH CONGRESS","EL0035","2264","12","Republican","7"
"45","0","KANE","0","Over Votes","320","8TH CONGRESS","EL0035","2264","12","Republican","0"
"45","0","KANE","555","CHAD KOPPIE","320","8TH CONGRESS","EL0035","2264","12","Republican","14"
"45","0","KANE","0","Under Votes","320","8TH CONGRESS","EL0035","2264","12","Republican","3"
"45","0","KANE","555","CHAD KOPPIE","320","8TH CONGRESS","EL0041","1572","12","Republican","13"
"45","0","KANE","575","CHRIS DARGIS","320","8TH CONGRESS","EL0041","1572","12","Republican","16"
"45","0","KANE","565","PHILLIP OWEN WOOD","320","8TH CONGRESS","EL0041","1572","12","Republican","16"
"45","0","KANE","560","PETER KOPSAFTIS","320","8TH CONGRESS","EL0041","1572","12","Republican","5"
"16","0","COOK","575","CHRIS DARGIS","320","8TH CONGRESS","9300064","928","12","Republican","25"
"16","0","COOK","0","Under Votes","320","8TH CONGRESS","9300064","928","12","Republican","5"
"16","0","COOK","0","Over Votes","320","8TH CONGRESS","9300064","928","12","Republican","0"
"16","0","COOK","570","KAREN KOLODZIEJ","320","8TH CONGRESS","9300064","928","12","Republican","9"
"16","0","COOK","565","PHILLIP OWEN WOOD","320","8TH CONGRESS","9300064","928","12","Republican","11"
"16","0","COOK","555","CHAD KOPPIE","320","8TH CONGRESS","9300064","928","12","Republican","14"
"16","0","COOK","560","PETER KOPSAFTIS","320","8TH CONGRESS","9300067","1577","12","Republican","24"
"16","0","COOK","575","CHRIS DARGIS","320","8TH CONGRESS","9300067","1577","12","Republican","37"
"16","0","COOK","0","Under Votes","320","8TH CONGRESS","9300067","1577","12","Republican","9"
"16","0","COOK","0","Over Votes","320","8TH CONGRESS","9300067","1577","12","Republican","0"
"16","0","COOK","570","KAREN KOLODZIEJ","320","8TH CONGRESS","9300067","1577","12","Republican","14"
"16","0","COOK","565","PHILLIP OWEN WOOD","320","8TH CONGRESS","9300067","1577","12","Republican","14"
"16","0","COOK","555","CHAD KOPPIE","320","8TH CONGRESS","9300067","1577","12","Republican","8"
"16","0","COOK","0","Over Votes","320","8TH CONGRESS","8000053","1010","12","Republican","0"
"16","0","COOK","570","KAREN KOLODZIEJ","320","8TH CONGRESS","8000053","1010","12","Republican","14"
"16","0","COOK","565","PHILLIP OWEN WOOD","320","8TH CONGRESS","8000053","1010","12","Republican","18"
"16","0","COOK","555","CHAD KOPPIE","320","8TH CONGRESS","8000053","1010","12","Republican","6"
"16","0","COOK","560","PETER KOPSAFTIS","320","8TH CONGRESS","8700004","938","12","Republican","5"
"16","0","COOK","575","CHRIS DARGIS","320","8TH CONGRESS","8700004","938","12","Republican","10"
"16","0","COOK","0","Under Votes","320","8TH CONGRESS","8700004","938","12","Republican","4"
"16","0","COOK","0","Over Votes","320","8TH CONGRESS","8700004","938","12","Republican","0"
"16","0","COOK","565","PHILLIP OWEN WOOD","320","8TH CONGRESS","8700004","938","12","Republican","4"
"16","0","COOK","555","CHAD KOPPIE","320","8TH CONGRESS","8700004","938","12","Republican","4"
"16","0","COOK","560","PETER KOPSAFTIS","320","8TH CONGRESS","8700028","753","12","Republican","6"
"16","0","COOK","0","Under Votes","320","8TH CONGRESS","8700028","753","12","Republican","12"
"16","0","COOK","575","CHRIS DARGIS","320","8TH CONGRESS","8700028","753","12","Republican","19"
"16","0","COOK","0","Over Votes","320","8TH CONGRESS","8700028","753","12","Republican","0"
"16","0","COOK","570","KAREN KOLODZIEJ","320","8TH CONGRESS","8700028","753","12","Republican","7"
"16","0","COOK","565","PHILLIP OWEN WOOD","320","8TH CONGRESS","8700028","753","12","Republican","11"
"16","0","COOK","555","CHAD KOPPIE","320","8TH CONGRESS","8700028","753","12","Republican","11"
"16","0","COOK","575","CHRIS DARGIS","320","8TH CONGRESS","8700035","1256","12","Republican","2"
"16","0","COOK","0","Under Votes","320","8TH CONGRESS","8700035","1256","12","Republican","0"
"16","0","COOK","0","Over Votes","320","8TH CONGRESS","8700035","1256","12","Republican","0"
"16","0","COOK","570","KAREN KOLODZIEJ","320","8TH CONGRESS","8700035","1256","12","Republican","1"
"16","0","COOK","565","PHILLIP OWEN WOOD","320","8TH CONGRESS","8700035","1256","12","Republican","1"
"16","0","COOK","560","PETER KOPSAFTIS","320","8TH CONGRESS","8700058","1062","12","Republican","15"
"16","0","COOK","0","Under Votes","320","8TH CONGRESS","8700058","1062","12","Republican","9"
"16","0","COOK","575","CHRIS DARGIS","320","8TH CONGRESS","8700058","1062","12","Republican","19"
"16","0","COOK","0","Over Votes","320","8TH CONGRESS","8700058","1062","12","Republican","0"
"16","0","COOK","570","KAREN KOLODZIEJ","320","8TH CONGRESS","8700058","1062","12","Republican","13"
"16","0","COOK","565","PHILLIP OWEN WOOD","320","8TH CONGRESS","8700058","1062","12","Republican","8"
"16","0","COOK","555","CHAD KOPPIE","320","8TH CONGRESS","8700058","1062","12","Republican","6"
"16","0","COOK","560","PETER KOPSAFTIS","320","8TH CONGRESS","8700062","1400","12","Republican","10"
"16","0","COOK","575","CHRIS DARGIS","320","8TH CONGRESS","8700062","1400","12","Republican","14"
"45","0","KANE","570","KAREN KOLODZIEJ","320","8TH CONGRESS","EL0041","1572","12","Republican","7"
"45","0","KANE","0","Over Votes","320","8TH CONGRESS","EL0041","1572","12","Republican","0"
"45","0","KANE","0","Under Votes","320","8TH CONGRESS","EL0041","1572","12","Republican","1"
"45","0","KANE","575","CHRIS DARGIS","320","8TH CONGRESS","EL0050","1892","12","Republican","27"
"45","0","KANE","565","PHILLIP OWEN WOOD","320","8TH CONGRESS","EL0050","1892","12","Republican","14"
"45","0","KANE","560","PETER KOPSAFTIS","320","8TH CONGRESS","EL0050","1892","12","Republican","8"
"45","0","KANE","570","KAREN KOLODZIEJ","320","8TH CONGRESS","EL0050","1892","12","Republican","23"
"45","0","KANE","0","Over Votes","320","8TH CONGRESS","EL0050","1892","12","Republican","0"
"45","0","KANE","555","CHAD KOPPIE","320","8TH CONGRESS","EL0050","1892","12","Republican","11"
"45","0","KANE","0","Under Votes","320","8TH CONGRESS","EL0050","1892","12","Republican","6"
"45","0","KANE","555","CHAD KOPPIE","320","8TH CONGRESS","GE0010","2398","12","Republican","7"
"45","0","KANE","575","CHRIS DARGIS","320","8TH CONGRESS","GE0010","2398","12","Republican","18"
"45","0","KANE","565","PHILLIP OWEN WOOD","320","8TH CONGRESS","GE0010","2398","12","Republican","14"
"45","0","KANE","560","PETER KOPSAFTIS","320","8TH CONGRESS","GE0010","2398","12","Republican","9"
"45","0","KANE","570","KAREN KOLODZIEJ","320","8TH CONGRESS","GE0010","2398","12","Republican","13"
"45","0","KANE","0","Over Votes","320","8TH CONGRESS","GE0010","2398","12","Republican","0"
"45","0","KANE","0","Under Votes","320","8TH CONGRESS","GE0010","2398","12","Republican","14"
"45","0","KANE","555","CHAD KOPPIE","320","8TH CONGRESS","RU0005","2418","12","Republican","33"
"45","0","KANE","575","CHRIS DARGIS","320","8TH CONGRESS","RU0005","2418","12","Republican","57"
"45","0","KANE","565","PHILLIP OWEN WOOD","320","8TH CONGRESS","RU0005","2418","12","Republican","35"
"45","0","KANE","560","PETER KOPSAFTIS","320","8TH CONGRESS","RU0005","2418","12","Republican","20"
"45","0","KANE","570","KAREN KOLODZIEJ","320","8TH CONGRESS","RU0005","2418","12","Republican","28"
"45","0","KANE","0","Over Votes","320","8TH CONGRESS","RU0005","2418","12","Republican","0"
"45","0","KANE","0","Under Votes","320","8TH CONGRESS","RU0005","2418","12","Republican","13"
"45","0","KANE","570","KAREN KOLODZIEJ","320","8TH CONGRESS","SC0020","2363","12","Republican","18"
"45","0","KANE","0","Over Votes","320","8TH CONGRESS","SC0020","2363","12","Republican","0"
"45","0","KANE","0","Under Votes","320","8TH CONGRESS","SC0020","2363","12","Republican","19"
"45","0","KANE","555","CHAD KOPPIE","320","8TH CONGRESS","SC0020","2363","12","Republican","15"
"45","0","KANE","575","CHRIS DARGIS","320","8TH CONGRESS","SC0020","2363","12","Republican","48"
"45","0","KANE","565","PHILLIP OWEN WOOD","320","8TH CONGRESS","SC0020","2363","12","Republican","27"
"45","0","KANE","560","PETER KOPSAFTIS","320","8TH CONGRESS","SC0020","2363","12","Republican","18"
"45","0","KANE","555","CHAD KOPPIE","320","8TH CONGRESS","SC0025","3663","12","Republican","11"
"45","0","KANE","575","CHRIS DARGIS","320","8TH CONGRESS","SC0025","3663","12","Republican","43"
"45","0","KANE","565","PHILLIP OWEN WOOD","320","8TH CONGRESS","SC0025","3663","12","Republican","39"
"45","0","KANE","560","PETER KOPSAFTIS","320","8TH CONGRESS","SC0025","3663","12","Republican","11"
"45","0","KANE","570","KAREN KOLODZIEJ","320","8TH CONGRESS","SC0025","3663","12","Republican","21"
"45","0","KANE","0","Over Votes","320","8TH CONGRESS","SC0025","3663","12","Republican","0"
"45","0","KANE","0","Under Votes","320","8TH CONGRESS","SC0025","3663","12","Republican","23"
"45","0","KANE","555","CHAD KOPPIE","320","8TH CONGRESS","SC0031","1800","12","Republican","12"
"45","0","KANE","575","CHRIS DARGIS","320","8TH CONGRESS","SC0031","1800","12","Republican","25"
"45","0","KANE","565","PHILLIP OWEN WOOD","320","8TH CONGRESS","SC0031","1800","12","Republican","20"
"45","0","KANE","560","PETER KOPSAFTIS","320","8TH CONGRESS","SC0031","1800","12","Republican","9"
"45","0","KANE","570","KAREN KOLODZIEJ","320","8TH CONGRESS","SC0031","1800","12","Republican","6"
"45","0","KANE","0","Over Votes","320","8TH CONGRESS","SC0031","1800","12","Republican","0"
"16","0","COOK","0","Under Votes","320","8TH CONGRESS","8700062","1400","12","Republican","4"
"16","0","COOK","0","Over Votes","320","8TH CONGRESS","8700062","1400","12","Republican","0"
"16","0","COOK","570","KAREN KOLODZIEJ","320","8TH CONGRESS","8700062","1400","12","Republican","10"
"16","0","COOK","565","PHILLIP OWEN WOOD","320","8TH CONGRESS","8700062","1400","12","Republican","9"
"16","0","COOK","555","CHAD KOPPIE","320","8TH CONGRESS","8700062","1400","12","Republican","8"
"16","0","COOK","560","PETER KOPSAFTIS","320","8TH CONGRESS","8700066","1587","12","Republican","15"
"16","0","COOK","575","CHRIS DARGIS","320","8TH CONGRESS","8700066","1587","12","Republican","22"
"16","0","COOK","0","Under Votes","320","8TH CONGRESS","8700066","1587","12","Republican","5"
"16","0","COOK","0","Over Votes","320","8TH CONGRESS","8700066","1587","12","Republican","0"
"16","0","COOK","570","KAREN KOLODZIEJ","320","8TH CONGRESS","8700066","1587","12","Republican","15"
"16","0","COOK","565","PHILLIP OWEN WOOD","320","8TH CONGRESS","8700066","1587","12","Republican","5"
"16","0","COOK","555","CHAD KOPPIE","320","8TH CONGRESS","8700066","1587","12","Republican","11"
"16","0","COOK","560","PETER KOPSAFTIS","320","8TH CONGRESS","9300010","799","12","Republican","9"
"16","0","COOK","575","CHRIS DARGIS","320","8TH CONGRESS","9300010","799","12","Republican","12"
"16","0","COOK","0","Under Votes","320","8TH CONGRESS","9300010","799","12","Republican","8"
"16","0","COOK","0","Over Votes","320","8TH CONGRESS","9300010","799","12","Republican","0"
"16","0","COOK","570","KAREN KOLODZIEJ","320","8TH CONGRESS","9300010","799","12","Republican","11"
"16","0","COOK","565","PHILLIP OWEN WOOD","320","8TH CONGRESS","9300010","799","12","Republican","8"
"16","0","COOK","555","CHAD KOPPIE","320","8TH CONGRESS","9300010","799","12","Republican","11"
"16","0","COOK","560","PETER KOPSAFTIS","320","8TH CONGRESS","9300014","1458","12","Republican","42"
"16","0","COOK","575","CHRIS DARGIS","320","8TH CONGRESS","9300014","1458","12","Republican","58"
"16","0","COOK","0","Under Votes","320","8TH CONGRESS","9300014","1458","12","Republican","13"
"16","0","COOK","0","Over Votes","320","8TH CONGRESS","9300014","1458","12","Republican","0"
"16","0","COOK","570","KAREN KOLODZIEJ","320","8TH CONGRESS","9300014","1458","12","Republican","20"
"16","0","COOK","565","PHILLIP OWEN WOOD","320","8TH CONGRESS","9300014","1458","12","Republican","22"
"16","0","COOK","555","CHAD KOPPIE","320","8TH CONGRESS","9300014","1458","12","Republican","12"
"16","0","COOK","565","PHILLIP OWEN WOOD","320","8TH CONGRESS","9300017","1714","12","Republican","10"
"16","0","COOK","555","CHAD KOPPIE","320","8TH CONGRESS","9300017","1714","12","Republican","13"
"16","0","COOK","0","Under Votes","320","8TH CONGRESS","9300017","1714","12","Republican","4"
"16","0","COOK","0","Over Votes","320","8TH CONGRESS","9300017","1714","12","Republican","0"
"16","0","COOK","570","KAREN KOLODZIEJ","320","8TH CONGRESS","9300017","1714","12","Republican","16"
"16","0","COOK","560","PETER KOPSAFTIS","320","8TH CONGRESS","9300017","1714","12","Republican","57"
"16","0","COOK","575","CHRIS DARGIS","320","8TH CONGRESS","9300017","1714","12","Republican","39"
"16","0","COOK","560","PETER KOPSAFTIS","320","8TH CONGRESS","9300020","1534","12","Republican","24"
"16","0","COOK","575","CHRIS DARGIS","320","8TH CONGRESS","9300020","1534","12","Republican","37"
"16","0","COOK","0","Under Votes","320","8TH CONGRESS","9300020","1534","12","Republican","6"
"16","0","COOK","0","Over Votes","320","8TH CONGRESS","9300020","1534","12","Republican","0"
"16","0","COOK","570","KAREN KOLODZIEJ","320","8TH CONGRESS","9300020","1534","12","Republican","17"
"16","0","COOK","565","PHILLIP OWEN WOOD","320","8TH CONGRESS","9300020","1534","12","Republican","14"
"16","0","COOK","555","CHAD KOPPIE","320","8TH CONGRESS","9300020","1534","12","Republican","10"
"16","0","COOK","560","PETER KOPSAFTIS","320","8TH CONGRESS","9300046","724","12","Republican","16"
"16","0","COOK","575","CHRIS DARGIS","320","8TH CONGRESS","9300046","724","12","Republican","20"
"16","0","COOK","0","Under Votes","320","8TH CONGRESS","9300046","724","12","Republican","6"
"16","0","COOK","0","Over Votes","320","8TH CONGRESS","9300046","724","12","Republican","0"
"16","0","COOK","570","KAREN KOLODZIEJ","320","8TH CONGRESS","9300046","724","12","Republican","6"
"16","0","COOK","565","PHILLIP OWEN WOOD","320","8TH CONGRESS","9300046","724","12","Republican","5"
"16","0","COOK","555","CHAD KOPPIE","320","8TH CONGRESS","9300046","724","12","Republican","2"
"16","0","COOK","565","PHILLIP OWEN WOOD","320","8TH CONGRESS","9300049","818","12","Republican","13"
"16","0","COOK","555","CHAD KOPPIE","320","8TH CONGRESS","9300049","818","12","Republican","7"
"16","0","COOK","0","Under Votes","320","8TH CONGRESS","9300049","818","12","Republican","5"
"16","0","COOK","0","Over Votes","320","8TH CONGRESS","9300049","818","12","Republican","0"
"16","0","COOK","570","KAREN KOLODZIEJ","320","8TH CONGRESS","9300049","818","12","Republican","7"
"16","0","COOK","560","PETER KOPSAFTIS","320","8TH CONGRESS","9300049","818","12","Republican","16"
"16","0","COOK","575","CHRIS DARGIS","320","8TH CONGRESS","9300049","818","12","Republican","15"
"16","0","COOK","565","PHILLIP OWEN WOOD","320","8TH CONGRESS","9300052","1338","12","Republican","14"
"16","0","COOK","555","CHAD KOPPIE","320","8TH CONGRESS","9300052","1338","12","Republican","8"
"16","0","COOK","0","Under Votes","320","8TH CONGRESS","9300052","1338","12","Republican","9"
"16","0","COOK","0","Over Votes","320","8TH CONGRESS","9300052","1338","12","Republican","0"
"16","0","COOK","570","KAREN KOLODZIEJ","320","8TH CONGRESS","9300052","1338","12","Republican","24"
"16","0","COOK","560","PETER KOPSAFTIS","320","8TH CONGRESS","9300052","1338","12","Republican","23"
"16","0","COOK","575","CHRIS DARGIS","320","8TH CONGRESS","9300052","1338","12","Republican","54"
"16","0","COOK","560","PETER KOPSAFTIS","320","8TH CONGRESS","7600005","1292","12","Republican","7"
"16","0","COOK","575","CHRIS DARGIS","320","8TH CONGRESS","7600005","1292","12","Republican","22"
"16","0","COOK","0","Over Votes","320","8TH CONGRESS","7600005","1292","12","Republican","0"
"16","0","COOK","0","Under Votes","320","8TH CONGRESS","7600005","1292","12","Republican","6"
"16","0","COOK","570","KAREN KOLODZIEJ","320","8TH CONGRESS","7600005","1292","12","Republican","13"
"16","0","COOK","555","CHAD KOPPIE","320","8TH CONGRESS","7600005","1292","12","Republican","9"
"16","0","COOK","560","PETER KOPSAFTIS","320","8TH CONGRESS","7600028","1565","12","Republican","17"
"16","0","COOK","575","CHRIS DARGIS","320","8TH CONGRESS","7600028","1565","12","Republican","33"
"16","0","COOK","0","Over Votes","320","8TH CONGRESS","7600028","1565","12","Republican","0"
"16","0","COOK","0","Under Votes","320","8TH CONGRESS","7600028","1565","12","Republican","12"
"16","0","COOK","555","CHAD KOPPIE","320","8TH CONGRESS","7600028","1565","12","Republican","12"
"16","0","COOK","570","KAREN KOLODZIEJ","320","8TH CONGRESS","7600028","1565","12","Republican","17"
"16","0","COOK","565","PHILLIP OWEN WOOD","320","8TH CONGRESS","7600028","1565","12","Republican","19"
"16","0","COOK","565","PHILLIP OWEN WOOD","320","8TH CONGRESS","7600037","1517","12","Republican","13"
"16","0","COOK","560","PETER KOPSAFTIS","320","8TH CONGRESS","7600037","1517","12","Republican","15"
"16","0","COOK","575","CHRIS DARGIS","320","8TH CONGRESS","7600037","1517","12","Republican","26"
"16","0","COOK","0","Under Votes","320","8TH CONGRESS","7600037","1517","12","Republican","6"
"16","0","COOK","0","Over Votes","320","8TH CONGRESS","7600037","1517","12","Republican","0"
"16","0","COOK","570","KAREN KOLODZIEJ","320","8TH CONGRESS","7600037","1517","12","Republican","18"
"16","0","COOK","555","CHAD KOPPIE","320","8TH CONGRESS","7600037","1517","12","Republican","18"
"16","0","COOK","565","PHILLIP OWEN WOOD","320","8TH CONGRESS","8000009","1675","12","Republican","14"
"16","0","COOK","560","PETER KOPSAFTIS","320","8TH CONGRESS","8000009","1675","12","Republican","16"
"16","0","COOK","575","CHRIS DARGIS","320","8TH CONGRESS","8000009","1675","12","Republican","19"
"16","0","COOK","0","Under Votes","320","8TH CONGRESS","8000009","1675","12","Republican","9"
"16","0","COOK","0","Over Votes","320","8TH CONGRESS","8000009","1675","12","Republican","0"
"16","0","COOK","570","KAREN KOLODZIEJ","320","8TH CONGRESS","8000009","1675","12","Republican","9"
"45","0","KANE","0","Under Votes","320","8TH CONGRESS","SC0031","1800","12","Republican","8"
"45","0","KANE","575","CHRIS DARGIS","320","8TH CONGRESS","EL0051","2740","12","Republican","28"
"45","0","KANE","560","PETER KOPSAFTIS","320","8TH CONGRESS","EL0051","2740","12","Republican","6"
"45","0","KANE","570","KAREN KOLODZIEJ","320","8TH CONGRESS","EL0051","2740","12","Republican","23"
"45","0","KANE","0","Over Votes","320","8TH CONGRESS","EL0051","2740","12","Republican","0"
"45","0","KANE","565","PHILLIP OWEN WOOD","320","8TH CONGRESS","EL0051","2740","12","Republican","15"
"45","0","KANE","555","CHAD KOPPIE","320","8TH CONGRESS","EL0051","2740","12","Republican","14"
"45","0","KANE","0","Under Votes","320","8TH CONGRESS","EL0051","2740","12","Republican","6"
"45","0","KANE","555","CHAD KOPPIE","320","8TH CONGRESS","RU0001","2408","12","Republican","37"
"45","0","KANE","575","CHRIS DARGIS","320","8TH CONGRESS","RU0001","2408","12","Republican","23"
"45","0","KANE","560","PETER KOPSAFTIS","320","8TH CONGRESS","RU0001","2408","12","Republican","7"
"45","0","KANE","570","KAREN KOLODZIEJ","320","8TH CONGRESS","RU0001","2408","12","Republican","11"
"45","0","KANE","0","Over Votes","320","8TH CONGRESS","RU0001","2408","12","Republican","0"
"45","0","KANE","565","PHILLIP OWEN WOOD","320","8TH CONGRESS","RU0001","2408","12","Republican","13"
"45","0","KANE","0","Under Votes","320","8TH CONGRESS","RU0001","2408","12","Republican","10"
"45","0","KANE","555","CHAD KOPPIE","320","8TH CONGRESS","SC0011","3231","12","Republican","14"
"45","0","KANE","575","CHRIS DARGIS","320","8TH CONGRESS","SC0011","3231","12","Republican","23"
"45","0","KANE","560","PETER KOPSAFTIS","320","8TH CONGRESS","SC0011","3231","12","Republican","13"
"45","0","KANE","570","KAREN KOLODZIEJ","320","8TH CONGRESS","SC0011","3231","12","Republican","18"
"45","0","KANE","0","Over Votes","320","8TH CONGRESS","SC0011","3231","12","Republican","0"
"45","0","KANE","565","PHILLIP OWEN WOOD","320","8TH CONGRESS","SC0011","3231","12","Republican","41"
"45","0","KANE","0","Under Votes","320","8TH CONGRESS","SC0011","3231","12","Republican","14"
"45","0","KANE","555","CHAD KOPPIE","320","8TH CONGRESS","SC0021","1576","12","Republican","11"
"45","0","KANE","575","CHRIS DARGIS","320","8TH CONGRESS","SC0021","1576","12","Republican","20"
"45","0","KANE","565","PHILLIP OWEN WOOD","320","8TH CONGRESS","SC0021","1576","12","Republican","15"
"45","0","KANE","560","PETER KOPSAFTIS","320","8TH CONGRESS","SC0021","1576","12","Republican","10"
"45","0","KANE","570","KAREN KOLODZIEJ","320","8TH CONGRESS","SC0021","1576","12","Republican","10"
"45","0","KANE","0","Over Votes","320","8TH CONGRESS","SC0021","1576","12","Republican","0"
"45","0","KANE","0","Under Votes","320","8TH CONGRESS","SC0021","1576","12","Republican","9"
"45","0","KANE","555","CHAD KOPPIE","320","8TH CONGRESS","SC0032","1807","12","Republican","7"
"45","0","KANE","575","CHRIS DARGIS","320","8TH CONGRESS","SC0032","1807","12","Republican","35"
"45","0","KANE","565","PHILLIP OWEN WOOD","320","8TH CONGRESS","SC0032","1807","12","Republican","24"
"45","0","KANE","560","PETER KOPSAFTIS","320","8TH CONGRESS","SC0032","1807","12","Republican","12"
"45","0","KANE","570","KAREN KOLODZIEJ","320","8TH CONGRESS","SC0032","1807","12","Republican","16"
"45","0","KANE","0","Over Votes","320","8TH CONGRESS","SC0032","1807","12","Republican","0"
"45","0","KANE","0","Under Votes","320","8TH CONGRESS","SC0032","1807","12","Republican","4"
"45","0","KANE","555","CHAD KOPPIE","320","8TH CONGRESS","RU0010","2938","12","Republican","41"
"45","0","KANE","565","PHILLIP OWEN WOOD","320","8TH CONGRESS","RU0010","2938","12","Republican","17"
"45","0","KANE","560","PETER KOPSAFTIS","320","8TH CONGRESS","RU0010","2938","12","Republican","18"
"45","0","KANE","570","KAREN KOLODZIEJ","320","8TH CONGRESS","RU0010","2938","12","Republican","12"
"45","0","KANE","575","CHRIS DARGIS","320","8TH CONGRESS","RU0010","2938","12","Republican","17"
"45","0","KANE","0","Over Votes","320","8TH CONGRESS","RU0010","2938","12","Republican","0"
"45","0","KANE","0","Under Votes","320","8TH CONGRESS","RU0010","2938","12","Republican","7"
"45","0","KANE","555","CHAD KOPPIE","320","8TH CONGRESS","RU0014","2322","12","Republican","61"
"16","0","COOK","555","CHAD KOPPIE","320","8TH CONGRESS","8000009","1675","12","Republican","15"
"16","0","COOK","560","PETER KOPSAFTIS","320","8TH CONGRESS","8000035","1172","12","Republican","11"
"16","0","COOK","575","CHRIS DARGIS","320","8TH CONGRESS","8000035","1172","12","Republican","14"
"16","0","COOK","0","Under Votes","320","8TH CONGRESS","8000035","1172","12","Republican","7"
"16","0","COOK","0","Over Votes","320","8TH CONGRESS","8000035","1172","12","Republican","0"
"16","0","COOK","570","KAREN KOLODZIEJ","320","8TH CONGRESS","8000035","1172","12","Republican","5"
"16","0","COOK","555","CHAD KOPPIE","320","8TH CONGRESS","8000035","1172","12","Republican","5"
"16","0","COOK","565","PHILLIP OWEN WOOD","320","8TH CONGRESS","8000035","1172","12","Republican","5"
"16","0","COOK","560","PETER KOPSAFTIS","320","8TH CONGRESS","8000038","778","12","Republican","16"
"16","0","COOK","575","CHRIS DARGIS","320","8TH CONGRESS","8000038","778","12","Republican","14"
"16","0","COOK","0","Under Votes","320","8TH CONGRESS","8000038","778","12","Republican","6"
"16","0","COOK","0","Over Votes","320","8TH CONGRESS","8000038","778","12","Republican","0"
"16","0","COOK","570","KAREN KOLODZIEJ","320","8TH CONGRESS","8000038","778","12","Republican","20"
"16","0","COOK","565","PHILLIP OWEN WOOD","320","8TH CONGRESS","8000038","778","12","Republican","8"
"16","0","COOK","555","CHAD KOPPIE","320","8TH CONGRESS","8000038","778","12","Republican","8"
"16","0","COOK","565","PHILLIP OWEN WOOD","320","8TH CONGRESS","8000041","806","12","Republican","14"
"16","0","COOK","560","PETER KOPSAFTIS","320","8TH CONGRESS","8000041","806","12","Republican","9"
"16","0","COOK","575","CHRIS DARGIS","320","8TH CONGRESS","8000041","806","12","Republican","20"
"16","0","COOK","0","Under Votes","320","8TH CONGRESS","8000041","806","12","Republican","7"
"16","0","COOK","0","Over Votes","320","8TH CONGRESS","8000041","806","12","Republican","0"
"16","0","COOK","570","KAREN KOLODZIEJ","320","8TH CONGRESS","8000041","806","12","Republican","9"
"16","0","COOK","555","CHAD KOPPIE","320","8TH CONGRESS","8000041","806","12","Republican","5"
"16","0","COOK","575","CHRIS DARGIS","320","8TH CONGRESS","8000012","697","12","Republican","10"
"16","0","COOK","0","Under Votes","320","8TH CONGRESS","8000012","697","12","Republican","4"
"16","0","COOK","0","Over Votes","320","8TH CONGRESS","8000012","697","12","Republican","0"
"16","0","COOK","570","KAREN KOLODZIEJ","320","8TH CONGRESS","8000012","697","12","Republican","10"
"16","0","COOK","555","CHAD KOPPIE","320","8TH CONGRESS","8000012","697","12","Republican","5"
"16","0","COOK","560","PETER KOPSAFTIS","320","8TH CONGRESS","8000018","851","12","Republican","13"
"16","0","COOK","565","PHILLIP OWEN WOOD","320","8TH CONGRESS","8000018","851","12","Republican","9"
"16","0","COOK","575","CHRIS DARGIS","320","8TH CONGRESS","8000018","851","12","Republican","12"
"16","0","COOK","0","Under Votes","320","8TH CONGRESS","8000018","851","12","Republican","8"
"16","0","COOK","0","Over Votes","320","8TH CONGRESS","8000018","851","12","Republican","0"
"16","0","COOK","570","KAREN KOLODZIEJ","320","8TH CONGRESS","8000018","851","12","Republican","16"
"16","0","COOK","555","CHAD KOPPIE","320","8TH CONGRESS","8000018","851","12","Republican","7"
"16","0","COOK","560","PETER KOPSAFTIS","320","8TH CONGRESS","8000049","987","12","Republican","9"
"16","0","COOK","565","PHILLIP OWEN WOOD","320","8TH CONGRESS","8000049","987","12","Republican","19"
"16","0","COOK","575","CHRIS DARGIS","320","8TH CONGRESS","8000049","987","12","Republican","16"
"16","0","COOK","0","Under Votes","320","8TH CONGRESS","8000049","987","12","Republican","11"
"16","0","COOK","0","Over Votes","320","8TH CONGRESS","8000049","987","12","Republican","0"
"16","0","COOK","570","KAREN KOLODZIEJ","320","8TH CONGRESS","8000049","987","12","Republican","12"
"16","0","COOK","555","CHAD KOPPIE","320","8TH CONGRESS","8000049","987","12","Republican","7"
"16","0","COOK","565","PHILLIP OWEN WOOD","320","8TH CONGRESS","8700021","1380","12","Republican","22"
"16","0","COOK","560","PETER KOPSAFTIS","320","8TH CONGRESS","8700021","1380","12","Republican","21"
"45","0","KANE","575","CHRIS DARGIS","320","8TH CONGRESS","RU0014","2322","12","Republican","22"
"45","0","KANE","560","PETER KOPSAFTIS","320","8TH CONGRESS","RU0014","2322","12","Republican","14"
"45","0","KANE","570","KAREN KOLODZIEJ","320","8TH CONGRESS","RU0014","2322","12","Republican","12"
"45","0","KANE","0","Over Votes","320","8TH CONGRESS","RU0014","2322","12","Republican","0"
"45","0","KANE","565","PHILLIP OWEN WOOD","320","8TH CONGRESS","RU0014","2322","12","Republican","21"
"45","0","KANE","0","Under Votes","320","8TH CONGRESS","RU0014","2322","12","Republican","7"
"45","0","KANE","555","CHAD KOPPIE","320","8TH CONGRESS","SC0013","1586","12","Republican","6"
"45","0","KANE","565","PHILLIP OWEN WOOD","320","8TH CONGRESS","SC0013","1586","12","Republican","7"
"45","0","KANE","560","PETER KOPSAFTIS","320","8TH CONGRESS","SC0013","1586","12","Republican","2"
"45","0","KANE","570","KAREN KOLODZIEJ","320","8TH CONGRESS","SC0013","1586","12","Republican","6"
"45","0","KANE","575","CHRIS DARGIS","320","8TH CONGRESS","SC0013","1586","12","Republican","9"
"45","0","KANE","0","Over Votes","320","8TH CONGRESS","SC0013","1586","12","Republican","0"
"45","0","KANE","0","Under Votes","320","8TH CONGRESS","SC0013","1586","12","Republican","0"
"45","0","KANE","555","CHAD KOPPIE","320","8TH CONGRESS","SC0017","2762","12","Republican","9"
"45","0","KANE","575","CHRIS DARGIS","320","8TH CONGRESS","SC0017","2762","12","Republican","27"
"45","0","KANE","560","PETER KOPSAFTIS","320","8TH CONGRESS","SC0017","2762","12","Republican","12"
"45","0","KANE","570","KAREN KOLODZIEJ","320","8TH CONGRESS","SC0017","2762","12","Republican","14"
"45","0","KANE","0","Over Votes","320","8TH CONGRESS","SC0017","2762","12","Republican","0"
"45","0","KANE","565","PHILLIP OWEN WOOD","320","8TH CONGRESS","SC0017","2762","12","Republican","26"
"45","0","KANE","0","Under Votes","320","8TH CONGRESS","SC0017","2762","12","Republican","9"
"45","0","KANE","555","CHAD KOPPIE","320","8TH CONGRESS","SC0028","1956","12","Republican","15"
"45","0","KANE","575","CHRIS DARGIS","320","8TH CONGRESS","SC0028","1956","12","Republican","56"
"45","0","KANE","565","PHILLIP OWEN WOOD","320","8TH CONGRESS","SC0028","1956","12","Republican","24"
"45","0","KANE","560","PETER KOPSAFTIS","320","8TH CONGRESS","SC0028","1956","12","Republican","7"
"45","0","KANE","570","KAREN KOLODZIEJ","320","8TH CONGRESS","SC0028","1956","12","Republican","21"
"45","0","KANE","0","Over Votes","320","8TH CONGRESS","SC0028","1956","12","Republican","0"
"45","0","KANE","0","Under Votes","320","8TH CONGRESS","SC0028","1956","12","Republican","19"
"45","0","KANE","555","CHAD KOPPIE","320","8TH CONGRESS","SC0002","1924","12","Republican","9"
"45","0","KANE","575","CHRIS DARGIS","320","8TH CONGRESS","SC0002","1924","12","Republican","48"
"45","0","KANE","565","PHILLIP OWEN WOOD","320","8TH CONGRESS","SC0002","1924","12","Republican","30"
"45","0","KANE","560","PETER KOPSAFTIS","320","8TH CONGRESS","SC0002","1924","12","Republican","5"
"45","0","KANE","570","KAREN KOLODZIEJ","320","8TH CONGRESS","SC0002","1924","12","Republican","14"
"45","0","KANE","0","Over Votes","320","8TH CONGRESS","SC0002","1924","12","Republican","0"
"45","0","KANE","0","Under Votes","320","8TH CONGRESS","SC0002","1924","12","Republican","11"
"45","0","KANE","555","CHAD KOPPIE","320","8TH CONGRESS","SC0008","3362","12","Republican","25"
"45","0","KANE","575","CHRIS DARGIS","320","8TH CONGRESS","SC0008","3362","12","Republican","46"
"45","0","KANE","565","PHILLIP OWEN WOOD","320","8TH CONGRESS","SC0008","3362","12","Republican","39"
"45","0","KANE","560","PETER KOPSAFTIS","320","8TH CONGRESS","SC0008","3362","12","Republican","12"
"45","0","KANE","570","KAREN KOLODZIEJ","320","8TH CONGRESS","SC0008","3362","12","Republican","22"
"45","0","KANE","0","Over Votes","320","8TH CONGRESS","SC0008","3362","12","Republican","0"
"45","0","KANE","0","Under Votes","320","8TH CONGRESS","SC0008","3362","12","Republican","19"
"45","0","KANE","555","CHAD KOPPIE","320","8TH CONGRESS","SC0023","3029","12","Republican","16"
"45","0","KANE","575","CHRIS DARGIS","320","8TH CONGRESS","SC0023","3029","12","Republican","53"
"45","0","KANE","565","PHILLIP OWEN WOOD","320","8TH CONGRESS","SC0023","3029","12","Republican","33"
"16","0","COOK","0","Under Votes","320","8TH CONGRESS","8700021","1380","12","Republican","16"
"16","0","COOK","575","CHRIS DARGIS","320","8TH CONGRESS","8700021","1380","12","Republican","37"
"16","0","COOK","0","Over Votes","320","8TH CONGRESS","8700021","1380","12","Republican","0"
"16","0","COOK","570","KAREN KOLODZIEJ","320","8TH CONGRESS","8700021","1380","12","Republican","17"
"16","0","COOK","555","CHAD KOPPIE","320","8TH CONGRESS","8700021","1380","12","Republican","10"
"16","0","COOK","560","PETER KOPSAFTIS","320","8TH CONGRESS","8700024","1452","12","Republican","12"
"16","0","COOK","565","PHILLIP OWEN WOOD","320","8TH CONGRESS","8700024","1452","12","Republican","32"
"16","0","COOK","575","CHRIS DARGIS","320","8TH CONGRESS","8700024","1452","12","Republican","45"
"16","0","COOK","0","Under Votes","320","8TH CONGRESS","8700024","1452","12","Republican","9"
"16","0","COOK","0","Over Votes","320","8TH CONGRESS","8700024","1452","12","Republican","0"
"16","0","COOK","570","KAREN KOLODZIEJ","320","8TH CONGRESS","8700024","1452","12","Republican","16"
"16","0","COOK","555","CHAD KOPPIE","320","8TH CONGRESS","8700024","1452","12","Republican","16"
"16","0","COOK","560","PETER KOPSAFTIS","320","8TH CONGRESS","8700027","1669","12","Republican","13"
"16","0","COOK","565","PHILLIP OWEN WOOD","320","8TH CONGRESS","8700027","1669","12","Republican","7"
"16","0","COOK","575","CHRIS DARGIS","320","8TH CONGRESS","8700027","1669","12","Republican","14"
"16","0","COOK","0","Under Votes","320","8TH CONGRESS","8700027","1669","12","Republican","7"
"16","0","COOK","0","Over Votes","320","8TH CONGRESS","8700027","1669","12","Republican","0"
"16","0","COOK","570","KAREN KOLODZIEJ","320","8TH CONGRESS","8700027","1669","12","Republican","11"
"16","0","COOK","555","CHAD KOPPIE","320","8TH CONGRESS","8700027","1669","12","Republican","5"
"16","0","COOK","555","CHAD KOPPIE","320","8TH CONGRESS","8700060","1232","12","Republican","2"
"16","0","COOK","0","Under Votes","320","8TH CONGRESS","8700060","1232","12","Republican","2"
"16","0","COOK","0","Over Votes","320","8TH CONGRESS","8700060","1232","12","Republican","0"
"16","0","COOK","570","KAREN KOLODZIEJ","320","8TH CONGRESS","8700060","1232","12","Republican","6"
"16","0","COOK","560","PETER KOPSAFTIS","320","8TH CONGRESS","8700060","1232","12","Republican","5"
"16","0","COOK","565","PHILLIP OWEN WOOD","320","8TH CONGRESS","8700060","1232","12","Republican","4"
"16","0","COOK","575","CHRIS DARGIS","320","8TH CONGRESS","8700060","1232","12","Republican","12"
"16","0","COOK","570","KAREN KOLODZIEJ","320","8TH CONGRESS","9300006","1414","12","Republican","10"
"16","0","COOK","565","PHILLIP OWEN WOOD","320","8TH CONGRESS","9300006","1414","12","Republican","8"
"16","0","COOK","555","CHAD KOPPIE","320","8TH CONGRESS","9300006","1414","12","Republican","13"
"16","0","COOK","0","Under Votes","320","8TH CONGRESS","9300006","1414","12","Republican","7"
"16","0","COOK","575","CHRIS DARGIS","320","8TH CONGRESS","9300006","1414","12","Republican","39"
"16","0","COOK","0","Over Votes","320","8TH CONGRESS","9300006","1414","12","Republican","0"
"16","0","COOK","560","PETER KOPSAFTIS","320","8TH CONGRESS","9300006","1414","12","Republican","36"
"16","0","COOK","560","PETER KOPSAFTIS","320","8TH CONGRESS","9300009","985","12","Republican","6"
"16","0","COOK","575","CHRIS DARGIS","320","8TH CONGRESS","9300009","985","12","Republican","17"
"16","0","COOK","565","PHILLIP OWEN WOOD","320","8TH CONGRESS","9300009","985","12","Republican","13"
"16","0","COOK","0","Under Votes","320","8TH CONGRESS","9300009","985","12","Republican","4"
"16","0","COOK","0","Over Votes","320","8TH CONGRESS","9300009","985","12","Republican","0"
"16","0","COOK","570","KAREN KOLODZIEJ","320","8TH CONGRESS","9300009","985","12","Republican","5"
"16","0","COOK","555","CHAD KOPPIE","320","8TH CONGRESS","9300009","985","12","Republican","8"
"16","0","COOK","560","PETER KOPSAFTIS","320","8TH CONGRESS","9300013","783","12","Republican","18"
"16","0","COOK","575","CHRIS DARGIS","320","8TH CONGRESS","9300013","783","12","Republican","14"
"16","0","COOK","565","PHILLIP OWEN WOOD","320","8TH CONGRESS","9300013","783","12","Republican","6"
"16","0","COOK","0","Under Votes","320","8TH CONGRESS","9300013","783","12","Republican","4"
"16","0","COOK","0","Over Votes","320","8TH CONGRESS","9300013","783","12","Republican","0"
"16","0","COOK","570","KAREN KOLODZIEJ","320","8TH CONGRESS","9300013","783","12","Republican","18"
"16","0","COOK","555","CHAD KOPPIE","320","8TH CONGRESS","9300013","783","12","Republican","7"
"16","0","COOK","560","PETER KOPSAFTIS","320","8TH CONGRESS","9300016","1437","12","Republican","23"
"16","0","COOK","575","CHRIS DARGIS","320","8TH CONGRESS","9300016","1437","12","Republican","11"
"16","0","COOK","565","PHILLIP OWEN WOOD","320","8TH CONGRESS","9300016","1437","12","Republican","10"
"16","0","COOK","0","Under Votes","320","8TH CONGRESS","9300016","1437","12","Republican","5"
"16","0","COOK","0","Over Votes","320","8TH CONGRESS","9300016","1437","12","Republican","0"
"16","0","COOK","570","KAREN KOLODZIEJ","320","8TH CONGRESS","9300016","1437","12","Republican","20"
"16","0","COOK","555","CHAD KOPPIE","320","8TH CONGRESS","9300016","1437","12","Republican","12"
"16","0","COOK","560","PETER KOPSAFTIS","320","8TH CONGRESS","9300041","1514","12","Republican","60"
"16","0","COOK","575","CHRIS DARGIS","320","8TH CONGRESS","9300041","1514","12","Republican","51"
"16","0","COOK","0","Under Votes","320","8TH CONGRESS","9300041","1514","12","Republican","5"
"16","0","COOK","0","Over Votes","320","8TH CONGRESS","9300041","1514","12","Republican","0"
"16","0","COOK","570","KAREN KOLODZIEJ","320","8TH CONGRESS","9300041","1514","12","Republican","12"
"16","0","COOK","565","PHILLIP OWEN WOOD","320","8TH CONGRESS","9300041","1514","12","Republican","11"
"16","0","COOK","555","CHAD KOPPIE","320","8TH CONGRESS","9300041","1514","12","Republican","10"
"16","0","COOK","560","PETER KOPSAFTIS","320","8TH CONGRESS","9300044","1537","12","Republican","6"
"16","0","COOK","575","CHRIS DARGIS","320","8TH CONGRESS","9300044","1537","12","Republican","14"
"16","0","COOK","565","PHILLIP OWEN WOOD","320","8TH CONGRESS","9300044","1537","12","Republican","8"
"16","0","COOK","0","Under Votes","320","8TH CONGRESS","9300044","1537","12","Republican","4"
"16","0","COOK","0","Over Votes","320","8TH CONGRESS","9300044","1537","12","Republican","0"
"16","0","COOK","570","KAREN KOLODZIEJ","320","8TH CONGRESS","9300044","1537","12","Republican","4"
"16","0","COOK","555","CHAD KOPPIE","320","8TH CONGRESS","9300044","1537","12","Republican","4"
"16","0","COOK","560","PETER KOPSAFTIS","320","8TH CONGRESS","9300048","925","12","Republican","29"
"16","0","COOK","575","CHRIS DARGIS","320","8TH CONGRESS","9300048","925","12","Republican","20"
"16","0","COOK","565","PHILLIP OWEN WOOD","320","8TH CONGRESS","9300048","925","12","Republican","6"
"16","0","COOK","0","Under Votes","320","8TH CONGRESS","9300048","925","12","Republican","7"
"16","0","COOK","0","Over Votes","320","8TH CONGRESS","9300048","925","12","Republican","0"
"16","0","COOK","570","KAREN KOLODZIEJ","320","8TH CONGRESS","9300048","925","12","Republican","14"
"16","0","COOK","555","CHAD KOPPIE","320","8TH CONGRESS","9300048","925","12","Republican","7"
"16","0","COOK","565","PHILLIP OWEN WOOD","320","8TH CONGRESS","7400002","1034","12","Republican","6"
"16","0","COOK","560","PETER KOPSAFTIS","320","8TH CONGRESS","7400002","1034","12","Republican","7"
"16","0","COOK","575","CHRIS DARGIS","320","8TH CONGRESS","7400002","1034","12","Republican","15"
"16","0","COOK","0","Over Votes","320","8TH CONGRESS","7400002","1034","12","Republican","0"
"16","0","COOK","0","Under Votes","320","8TH CONGRESS","7400002","1034","12","Republican","8"
"16","0","COOK","570","KAREN KOLODZIEJ","320","8TH CONGRESS","7400002","1034","12","Republican","13"
"16","0","COOK","555","CHAD KOPPIE","320","8TH CONGRESS","7400002","1034","12","Republican","9"
"16","0","COOK","560","PETER KOPSAFTIS","320","8TH CONGRESS","7400030","904","12","Republican","17"
"16","0","COOK","575","CHRIS DARGIS","320","8TH CONGRESS","7400030","904","12","Republican","35"
"16","0","COOK","0","Over Votes","320","8TH CONGRESS","7400030","904","12","Republican","0"
"16","0","COOK","0","Under Votes","320","8TH CONGRESS","7400030","904","12","Republican","9"
"16","0","COOK","570","KAREN KOLODZIEJ","320","8TH CONGRESS","7400030","904","12","Republican","19"
"16","0","COOK","555","CHAD KOPPIE","320","8TH CONGRESS","7400030","904","12","Republican","18"
"16","0","COOK","565","PHILLIP OWEN WOOD","320","8TH CONGRESS","7400030","904","12","Republican","9"
"16","0","COOK","565","PHILLIP OWEN WOOD","320","8TH CONGRESS","7600001","1759","12","Republican","24"
"16","0","COOK","560","PETER KOPSAFTIS","320","8TH CONGRESS","7600001","1759","12","Republican","18"
"16","0","COOK","575","CHRIS DARGIS","320","8TH CONGRESS","7600001","1759","12","Republican","23"
"16","0","COOK","0","Over Votes","320","8TH CONGRESS","7600001","1759","12","Republican","0"
"16","0","COOK","0","Under Votes","320","8TH CONGRESS","7600001","1759","12","Republican","7"
"16","0","COOK","570","KAREN KOLODZIEJ","320","8TH CONGRESS","7600001","1759","12","Republican","14"
"16","0","COOK","555","CHAD KOPPIE","320","8TH CONGRESS","7600001","1759","12","Republican","27"
"16","0","COOK","565","PHILLIP OWEN WOOD","320","8TH CONGRESS","7600005","1292","12","Republican","5"
"16","0","COOK","575","CHRIS DARGIS","320","8TH CONGRESS","7400040","1303","12","Republican","13"
"16","0","COOK","565","PHILLIP OWEN WOOD","320","8TH CONGRESS","7400040","1303","12","Republican","14"
"16","0","COOK","0","Under Votes","320","8TH CONGRESS","7400040","1303","12","Republican","4"
"16","0","COOK","0","Over Votes","320","8TH CONGRESS","7400040","1303","12","Republican","0"
"16","0","COOK","570","KAREN KOLODZIEJ","320","8TH CONGRESS","7400040","1303","12","Republican","21"
"16","0","COOK","555","CHAD KOPPIE","320","8TH CONGRESS","7400040","1303","12","Republican","6"
"16","0","COOK","560","PETER KOPSAFTIS","320","8TH CONGRESS","7400045","795","12","Republican","6"
"16","0","COOK","575","CHRIS DARGIS","320","8TH CONGRESS","7400045","795","12","Republican","35"
"16","0","COOK","0","Under Votes","320","8TH CONGRESS","7400045","795","12","Republican","12"
"16","0","COOK","0","Over Votes","320","8TH CONGRESS","7400045","795","12","Republican","0"
"16","0","COOK","570","KAREN KOLODZIEJ","320","8TH CONGRESS","7400045","795","12","Republican","13"
"16","0","COOK","555","CHAD KOPPIE","320","8TH CONGRESS","7400045","795","12","Republican","6"
"16","0","COOK","565","PHILLIP OWEN WOOD","320","8TH CONGRESS","7400045","795","12","Republican","20"
"16","0","COOK","560","PETER KOPSAFTIS","320","8TH CONGRESS","7600004","1321","12","Republican","1"
"16","0","COOK","0","Under Votes","320","8TH CONGRESS","7600004","1321","12","Republican","0"
"16","0","COOK","0","Over Votes","320","8TH CONGRESS","7600004","1321","12","Republican","0"
"16","0","COOK","570","KAREN KOLODZIEJ","320","8TH CONGRESS","7600004","1321","12","Republican","1"
"16","0","COOK","555","CHAD KOPPIE","320","8TH CONGRESS","7600004","1321","12","Republican","2"
"16","0","COOK","560","PETER KOPSAFTIS","320","8TH CONGRESS","7600007","1231","12","Republican","5"
"16","0","COOK","575","CHRIS DARGIS","320","8TH CONGRESS","7600007","1231","12","Republican","17"
"16","0","COOK","0","Under Votes","320","8TH CONGRESS","7600007","1231","12","Republican","5"
"16","0","COOK","0","Over Votes","320","8TH CONGRESS","7600007","1231","12","Republican","0"
"16","0","COOK","570","KAREN KOLODZIEJ","320","8TH CONGRESS","7600007","1231","12","Republican","14"
"16","0","COOK","555","CHAD KOPPIE","320","8TH CONGRESS","7600007","1231","12","Republican","9"
"16","0","COOK","565","PHILLIP OWEN WOOD","320","8TH CONGRESS","7600007","1231","12","Republican","7"
"16","0","COOK","560","PETER KOPSAFTIS","320","8TH CONGRESS","7600010","727","12","Republican","7"
"16","0","COOK","575","CHRIS DARGIS","320","8TH CONGRESS","7600010","727","12","Republican","11"
"16","0","COOK","565","PHILLIP OWEN WOOD","320","8TH CONGRESS","7600010","727","12","Republican","8"
"16","0","COOK","0","Under Votes","320","8TH CONGRESS","7600010","727","12","Republican","6"
"16","0","COOK","0","Over Votes","320","8TH CONGRESS","7600010","727","12","Republican","0"
"16","0","COOK","555","CHAD KOPPIE","320","8TH CONGRESS","7600010","727","12","Republican","13"
"16","0","COOK","570","KAREN KOLODZIEJ","320","8TH CONGRESS","7600010","727","12","Republican","2"
"16","0","COOK","565","PHILLIP OWEN WOOD","320","8TH CONGRESS","7600036","963","12","Republican","3"
"45","0","KANE","560","PETER KOPSAFTIS","320","8TH CONGRESS","SC0023","3029","12","Republican","14"
"45","0","KANE","570","KAREN KOLODZIEJ","320","8TH CONGRESS","SC0023","3029","12","Republican","18"
"45","0","KANE","0","Over Votes","320","8TH CONGRESS","SC0023","3029","12","Republican","0"
"45","0","KANE","0","Under Votes","320","8TH CONGRESS","SC0023","3029","12","Republican","14"
"45","0","KANE","555","CHAD KOPPIE","320","8TH CONGRESS","SC0030","3210","12","Republican","14"
"45","0","KANE","575","CHRIS DARGIS","320","8TH CONGRESS","SC0030","3210","12","Republican","49"
"45","0","KANE","565","PHILLIP OWEN WOOD","320","8TH CONGRESS","SC0030","3210","12","Republican","17"
"45","0","KANE","560","PETER KOPSAFTIS","320","8TH CONGRESS","SC0030","3210","12","Republican","11"
"45","0","KANE","570","KAREN KOLODZIEJ","320","8TH CONGRESS","SC0030","3210","12","Republican","23"
"45","0","KANE","0","Over Votes","320","8TH CONGRESS","SC0030","3210","12","Republican","0"
"45","0","KANE","0","Under Votes","320","8TH CONGRESS","SC0030","3210","12","Republican","16"
"45","0","KANE","555","CHAD KOPPIE","320","8TH CONGRESS","SC0034","1982","12","Republican","16"
"45","0","KANE","575","CHRIS DARGIS","320","8TH CONGRESS","SC0034","1982","12","Republican","21"
"45","0","KANE","565","PHILLIP OWEN WOOD","320","8TH CONGRESS","SC0034","1982","12","Republican","21"
"45","0","KANE","560","PETER KOPSAFTIS","320","8TH CONGRESS","SC0034","1982","12","Republican","14"
"45","0","KANE","570","KAREN KOLODZIEJ","320","8TH CONGRESS","SC0034","1982","12","Republican","21"
"45","0","KANE","0","Over Votes","320","8TH CONGRESS","SC0034","1982","12","Republican","0"
"45","0","KANE","0","Under Votes","320","8TH CONGRESS","SC0034","1982","12","Republican","10"
"45","0","KANE","0","Over Votes","320","8TH CONGRESS","SC0022","2101","12","Republican","0"
"45","0","KANE","0","Under Votes","320","8TH CONGRESS","SC0022","2101","12","Republican","13"
"45","0","KANE","555","CHAD KOPPIE","320","8TH CONGRESS","SC0022","2101","12","Republican","8"
"45","0","KANE","575","CHRIS DARGIS","320","8TH CONGRESS","SC0022","2101","12","Republican","61"
"45","0","KANE","565","PHILLIP OWEN WOOD","320","8TH CONGRESS","SC0022","2101","12","Republican","31"
"45","0","KANE","560","PETER KOPSAFTIS","320","8TH CONGRESS","SC0022","2101","12","Republican","12"
"45","0","KANE","570","KAREN KOLODZIEJ","320","8TH CONGRESS","SC0022","2101","12","Republican","24"
"45","0","KANE","555","CHAD KOPPIE","320","8TH CONGRESS","SC0026","3187","12","Republican","12"
"45","0","KANE","575","CHRIS DARGIS","320","8TH CONGRESS","SC0026","3187","12","Republican","77"
"45","0","KANE","565","PHILLIP OWEN WOOD","320","8TH CONGRESS","SC0026","3187","12","Republican","31"
"45","0","KANE","560","PETER KOPSAFTIS","320","8TH CONGRESS","SC0026","3187","12","Republican","10"
"45","0","KANE","570","KAREN KOLODZIEJ","320","8TH CONGRESS","SC0026","3187","12","Republican","24"
"45","0","KANE","0","Over Votes","320","8TH CONGRESS","SC0026","3187","12","Republican","0"
"45","0","KANE","0","Under Votes","320","8TH CONGRESS","SC0026","3187","12","Republican","22"
"45","0","KANE","555","CHAD KOPPIE","320","8TH CONGRESS","SC0033","2184","12","Republican","17"
"45","0","KANE","575","CHRIS DARGIS","320","8TH CONGRESS","SC0033","2184","12","Republican","38"
"45","0","KANE","565","PHILLIP OWEN WOOD","320","8TH CONGRESS","SC0033","2184","12","Republican","23"
"45","0","KANE","560","PETER KOPSAFTIS","320","8TH CONGRESS","SC0033","2184","12","Republican","12"
"45","0","KANE","570","KAREN KOLODZIEJ","320","8TH CONGRESS","SC0033","2184","12","Republican","19"
"45","0","KANE","0","Over Votes","320","8TH CONGRESS","SC0033","2184","12","Republican","0"
"45","0","KANE","0","Under Votes","320","8TH CONGRESS","SC0033","2184","12","Republican","10"
"45","0","KANE","555","CHAD KOPPIE","320","8TH CONGRESS","SC0024","2302","12","Republican","9"
"45","0","KANE","575","CHRIS DARGIS","320","8TH CONGRESS","SC0024","2302","12","Republican","17"
"45","0","KANE","565","PHILLIP OWEN WOOD","320","8TH CONGRESS","SC0024","2302","12","Republican","36"
"45","0","KANE","560","PETER KOPSAFTIS","320","8TH CONGRESS","SC0024","2302","12","Republican","15"
"45","0","KANE","570","KAREN KOLODZIEJ","320","8TH CONGRESS","SC0024","2302","12","Republican","34"
"16","0","COOK","560","PETER KOPSAFTIS","320","8TH CONGRESS","7600036","963","12","Republican","3"
"16","0","COOK","575","CHRIS DARGIS","320","8TH CONGRESS","7600036","963","12","Republican","15"
"16","0","COOK","0","Under Votes","320","8TH CONGRESS","7600036","963","12","Republican","8"
"16","0","COOK","0","Over Votes","320","8TH CONGRESS","7600036","963","12","Republican","0"
"16","0","COOK","570","KAREN KOLODZIEJ","320","8TH CONGRESS","7600036","963","12","Republican","7"
"16","0","COOK","555","CHAD KOPPIE","320","8TH CONGRESS","7600036","963","12","Republican","4"
"16","0","COOK","560","PETER KOPSAFTIS","320","8TH CONGRESS","7800042","1200","12","Republican","15"
"16","0","COOK","565","PHILLIP OWEN WOOD","320","8TH CONGRESS","7800042","1200","12","Republican","5"
"16","0","COOK","575","CHRIS DARGIS","320","8TH CONGRESS","7800042","1200","12","Republican","19"
"16","0","COOK","0","Under Votes","320","8TH CONGRESS","7800042","1200","12","Republican","14"
"16","0","COOK","0","Over Votes","320","8TH CONGRESS","7800042","1200","12","Republican","0"
"16","0","COOK","570","KAREN KOLODZIEJ","320","8TH CONGRESS","7800042","1200","12","Republican","13"
"16","0","COOK","555","CHAD KOPPIE","320","8TH CONGRESS","7800042","1200","12","Republican","5"
"16","0","COOK","565","PHILLIP OWEN WOOD","320","8TH CONGRESS","8000012","697","12","Republican","6"
"16","0","COOK","560","PETER KOPSAFTIS","320","8TH CONGRESS","8000012","697","12","Republican","7"
"16","0","COOK","0","Under Votes","320","8TH CONGRESS","8000004","1567","12","Republican","4"
"16","0","COOK","0","Over Votes","320","8TH CONGRESS","8000004","1567","12","Republican","0"
"16","0","COOK","570","KAREN KOLODZIEJ","320","8TH CONGRESS","8000004","1567","12","Republican","9"
"16","0","COOK","555","CHAD KOPPIE","320","8TH CONGRESS","8000004","1567","12","Republican","4"
"16","0","COOK","575","CHRIS DARGIS","320","8TH CONGRESS","8000007","748","12","Republican","11"
"16","0","COOK","0","Over Votes","320","8TH CONGRESS","8000007","748","12","Republican","0"
"16","0","COOK","570","KAREN KOLODZIEJ","320","8TH CONGRESS","8000007","748","12","Republican","6"
"16","0","COOK","555","CHAD KOPPIE","320","8TH CONGRESS","8000007","748","12","Republican","5"
"16","0","COOK","565","PHILLIP OWEN WOOD","320","8TH CONGRESS","8000007","748","12","Republican","10"
"16","0","COOK","560","PETER KOPSAFTIS","320","8TH CONGRESS","8000007","748","12","Republican","6"
"16","0","COOK","0","Under Votes","320","8TH CONGRESS","8000007","748","12","Republican","4"
"16","0","COOK","0","Over Votes","320","8TH CONGRESS","8000034","1276","12","Republican","0"
"16","0","COOK","570","KAREN KOLODZIEJ","320","8TH CONGRESS","8000034","1276","12","Republican","15"
"16","0","COOK","555","CHAD KOPPIE","320","8TH CONGRESS","8000034","1276","12","Republican","6"
"16","0","COOK","565","PHILLIP OWEN WOOD","320","8TH CONGRESS","8000034","1276","12","Republican","20"
"16","0","COOK","560","PETER KOPSAFTIS","320","8TH CONGRESS","8000034","1276","12","Republican","8"
"16","0","COOK","575","CHRIS DARGIS","320","8TH CONGRESS","8000034","1276","12","Republican","20"
"16","0","COOK","0","Under Votes","320","8TH CONGRESS","8000034","1276","12","Republican","5"
"16","0","COOK","565","PHILLIP OWEN WOOD","320","8TH CONGRESS","8700015","1162","12","Republican","7"
"16","0","COOK","560","PETER KOPSAFTIS","320","8TH CONGRESS","8700015","1162","12","Republican","14"
"16","0","COOK","575","CHRIS DARGIS","320","8TH CONGRESS","8700015","1162","12","Republican","25"
"16","0","COOK","0","Under Votes","320","8TH CONGRESS","8700015","1162","12","Republican","16"
"16","0","COOK","0","Over Votes","320","8TH CONGRESS","8700015","1162","12","Republican","0"
"16","0","COOK","570","KAREN KOLODZIEJ","320","8TH CONGRESS","8700015","1162","12","Republican","15"
"16","0","COOK","555","CHAD KOPPIE","320","8TH CONGRESS","8700015","1162","12","Republican","8"
"16","0","COOK","565","PHILLIP OWEN WOOD","320","8TH CONGRESS","8700018","1490","12","Republican","4"
"16","0","COOK","560","PETER KOPSAFTIS","320","8TH CONGRESS","8700018","1490","12","Republican","4"
"16","0","COOK","0","Under Votes","320","8TH CONGRESS","8700018","1490","12","Republican","0"
"16","0","COOK","575","CHRIS DARGIS","320","8TH CONGRESS","8700018","1490","12","Republican","7"
"45","0","KANE","0","Over Votes","320","8TH CONGRESS","SC0024","2302","12","Republican","0"
"45","0","KANE","0","Under Votes","320","8TH CONGRESS","SC0024","2302","12","Republican","14"
"45","0","KANE","555","CHAD KOPPIE","320","8TH CONGRESS","SC0007","2904","12","Republican","22"
"45","0","KANE","575","CHRIS DARGIS","320","8TH CONGRESS","SC0007","2904","12","Republican","65"
"45","0","KANE","565","PHILLIP OWEN WOOD","320","8TH CONGRESS","SC0007","2904","12","Republican","41"
"45","0","KANE","560","PETER KOPSAFTIS","320","8TH CONGRESS","SC0007","2904","12","Republican","22"
"45","0","KANE","570","KAREN KOLODZIEJ","320","8TH CONGRESS","SC0007","2904","12","Republican","30"
"45","0","KANE","0","Over Votes","320","8TH CONGRESS","SC0007","2904","12","Republican","0"
"45","0","KANE","0","Under Votes","320","8TH CONGRESS","SC0007","2904","12","Republican","20"
"45","0","KANE","555","CHAD KOPPIE","320","8TH CONGRESS","SC0029","3174","12","Republican","15"
"45","0","KANE","575","CHRIS DARGIS","320","8TH CONGRESS","SC0029","3174","12","Republican","29"
"45","0","KANE","565","PHILLIP OWEN WOOD","320","8TH CONGRESS","SC0029","3174","12","Republican","30"
"45","0","KANE","560","PETER KOPSAFTIS","320","8TH CONGRESS","SC0029","3174","12","Republican","15"
"45","0","KANE","570","KAREN KOLODZIEJ","320","8TH CONGRESS","SC0029","3174","12","Republican","35"
"45","0","KANE","0","Over Votes","320","8TH CONGRESS","SC0029","3174","12","Republican","0"
"45","0","KANE","0","Under Votes","320","8TH CONGRESS","SC0029","3174","12","Republican","7"
"105","16","CITY OF CHICAGO","0","Under Votes","320","8TH CONGRESS","Ward 41 Precinct 29","893","11","Democratic","2"
"105","16","CITY OF CHICAGO","580","JUNAID AHMED","320","8TH CONGRESS","Ward 41 Precinct 29","893","11","Democratic","20"
"105","16","CITY OF CHICAGO","580","JUNAID AHMED","320","8TH CONGRESS","Ward 41 Precinct 25","1103","11","Democratic","24"
"105","16","CITY OF CHICAGO","585","RAJA KRISHNAMOORTHI","320","8TH CONGRESS","Ward 41 Precinct 25","1103","11","Democratic","32"
"105","16","CITY OF CHICAGO","0","Over Votes","320","8TH CONGRESS","Ward 41 Precinct 25","1103","11","Democratic","0"
"105","16","CITY OF CHICAGO","0","Under Votes","320","8TH CONGRESS","Ward 41 Precinct 25","1103","11","Democratic","7"
"105","16","CITY OF CHICAGO","580","JUNAID AHMED","320","8TH CONGRESS","Ward 41 Precinct 27","861","11","Democratic","24"
"105","16","CITY OF CHICAGO","585","RAJA KRISHNAMOORTHI","320","8TH CONGRESS","Ward 41 Precinct 27","861","11","Democratic","42"
"105","16","CITY OF CHICAGO","0","Over Votes","320","8TH CONGRESS","Ward 41 Precinct 27","861","11","Democratic","0"
"105","16","CITY OF CHICAGO","0","Under Votes","320","8TH CONGRESS","Ward 41 Precinct 27","861","11","Democratic","6"
"105","16","CITY OF CHICAGO","580","JUNAID AHMED","320","8TH CONGRESS","Ward 41 Precinct 28","1019","11","Democratic","37"
"105","16","CITY OF CHICAGO","585","RAJA KRISHNAMOORTHI","320","8TH CONGRESS","Ward 41 Precinct 28","1019","11","Democratic","49"
"105","16","CITY OF CHICAGO","0","Over Votes","320","8TH CONGRESS","Ward 41 Precinct 28","1019","11","Democratic","0"
"105","16","CITY OF CHICAGO","0","Under Votes","320","8TH CONGRESS","Ward 41 Precinct 28","1019","11","Democratic","10"
"105","16","CITY OF CHICAGO","585","RAJA KRISHNAMOORTHI","320","8TH CONGRESS","Ward 41 Precinct 29","893","11","Democratic","32"
"105","16","CITY OF CHICAGO","0","Over Votes","320","8TH CONGRESS","Ward 41 Precinct 29","893","11","Democratic","0"
"16","0","COOK","0","Over Votes","320","8TH CONGRESS","8700018","1490","12","Republican","0"
"16","0","COOK","570","KAREN KOLODZIEJ","320","8TH CONGRESS","8700018","1490","12","Republican","3"
"16","0","COOK","555","CHAD KOPPIE","320","8TH CONGRESS","8700051","655","12","Republican","5"
"16","0","COOK","0","Under Votes","320","8TH CONGRESS","8700051","655","12","Republican","7"
"16","0","COOK","575","CHRIS DARGIS","320","8TH CONGRESS","8700051","655","12","Republican","19"
"16","0","COOK","0","Over Votes","320","8TH CONGRESS","8700051","655","12","Republican","0"
"16","0","COOK","570","KAREN KOLODZIEJ","320","8TH CONGRESS","8700051","655","12","Republican","14"
"16","0","COOK","565","PHILLIP OWEN WOOD","320","8TH CONGRESS","8700051","655","12","Republican","11"
"16","0","COOK","560","PETER KOPSAFTIS","320","8TH CONGRESS","8700051","655","12","Republican","13"
"16","0","COOK","570","KAREN KOLODZIEJ","320","8TH CONGRESS","9300003","1696","12","Republican","16"
"16","0","COOK","565","PHILLIP OWEN WOOD","320","8TH CONGRESS","9300003","1696","12","Republican","9"
"16","0","COOK","555","CHAD KOPPIE","320","8TH CONGRESS","9300003","1696","12","Republican","10"
"16","0","COOK","575","CHRIS DARGIS","320","8TH CONGRESS","9300003","1696","12","Republican","25"
"16","0","COOK","0","Over Votes","320","8TH CONGRESS","9300003","1696","12","Republican","0"
"16","0","COOK","560","PETER KOPSAFTIS","320","8TH CONGRESS","9300003","1696","12","Republican","20"
"16","0","COOK","0","Under Votes","320","8TH CONGRESS","9300003","1696","12","Republican","8"
"16","0","COOK","560","PETER KOPSAFTIS","320","8TH CONGRESS","9300027","1509","12","Republican","25"
"16","0","COOK","575","CHRIS DARGIS","320","8TH CONGRESS","9300027","1509","12","Republican","16"
"16","0","COOK","0","Under Votes","320","8TH CONGRESS","9300027","1509","12","Republican","7"
"16","0","COOK","0","Over Votes","320","8TH CONGRESS","9300027","1509","12","Republican","0"
"16","0","COOK","560","PETER KOPSAFTIS","320","8TH CONGRESS","7400004","1130","12","Republican","6"
"16","0","COOK","575","CHRIS DARGIS","320","8TH CONGRESS","7400004","1130","12","Republican","16"
"16","0","COOK","565","PHILLIP OWEN WOOD","320","8TH CONGRESS","7400004","1130","12","Republican","11"
"16","0","COOK","0","Under Votes","320","8TH CONGRESS","7400004","1130","12","Republican","5"
"16","0","COOK","0","Over Votes","320","8TH CONGRESS","7400004","1130","12","Republican","0"
"16","0","COOK","570","KAREN KOLODZIEJ","320","8TH CONGRESS","7400004","1130","12","Republican","18"
"16","0","COOK","555","CHAD KOPPIE","320","8TH CONGRESS","7400004","1130","12","Republican","10"
"16","0","COOK","560","PETER KOPSAFTIS","320","8TH CONGRESS","7400011","1080","12","Republican","17"
"16","0","COOK","575","CHRIS DARGIS","320","8TH CONGRESS","7400011","1080","12","Republican","42"
"16","0","COOK","0","Under Votes","320","8TH CONGRESS","7400011","1080","12","Republican","15"
"16","0","COOK","0","Over Votes","320","8TH CONGRESS","7400011","1080","12","Republican","0"
"16","0","COOK","570","KAREN KOLODZIEJ","320","8TH CONGRESS","7400011","1080","12","Republican","14"
"16","0","COOK","555","CHAD KOPPIE","320","8TH CONGRESS","7400011","1080","12","Republican","16"
"16","0","COOK","565","PHILLIP OWEN WOOD","320","8TH CONGRESS","7400011","1080","12","Republican","12"
"16","0","COOK","560","PETER KOPSAFTIS","320","8TH CONGRESS","7400015","1664","12","Republican","10"
"16","0","COOK","575","CHRIS DARGIS","320","8TH CONGRESS","7400015","1664","12","Republican","36"
"16","0","COOK","0","Under Votes","320","8TH CONGRESS","7400015","1664","12","Republican","12"
"16","0","COOK","0","Over Votes","320","8TH CONGRESS","7400015","1664","12","Republican","0"
"16","0","COOK","570","KAREN KOLODZIEJ","320","8TH CONGRESS","7400015","1664","12","Republican","20"
"16","0","COOK","555","CHAD KOPPIE","320","8TH CONGRESS","7400015","1664","12","Republican","14"
"16","0","COOK","565","PHILLIP OWEN WOOD","320","8TH CONGRESS","7400015","1664","12","Republican","14"
"16","0","COOK","560","PETER KOPSAFTIS","320","8TH CONGRESS","7400040","1303","12","Republican","9"
"16","0","COOK","0","Under Votes","320","8TH CONGRESS","7600008","1033","12","Republican","5"
"16","0","COOK","0","Over Votes","320","8TH CONGRESS","7600008","1033","12","Republican","0"
"16","0","COOK","570","KAREN KOLODZIEJ","320","8TH CONGRESS","7600008","1033","12","Republican","11"
"16","0","COOK","555","CHAD KOPPIE","320","8TH CONGRESS","7600008","1033","12","Republican","8"
"16","0","COOK","560","PETER KOPSAFTIS","320","8TH CONGRESS","7600014","1483","12","Republican","13"
"16","0","COOK","575","CHRIS DARGIS","320","8TH CONGRESS","7600014","1483","12","Republican","22"
"16","0","COOK","0","Under Votes","320","8TH CONGRESS","7600014","1483","12","Republican","10"
"16","0","COOK","0","Over Votes","320","8TH CONGRESS","7600014","1483","12","Republican","0"
"16","0","COOK","570","KAREN KOLODZIEJ","320","8TH CONGRESS","7600014","1483","12","Republican","17"
"16","0","COOK","555","CHAD KOPPIE","320","8TH CONGRESS","7600014","1483","12","Republican","12"
"16","0","COOK","565","PHILLIP OWEN WOOD","320","8TH CONGRESS","7600014","1483","12","Republican","20"
"16","0","COOK","570","KAREN KOLODZIEJ","320","8TH CONGRESS","7600017","952","12","Republican","13"
"16","0","COOK","555","CHAD KOPPIE","320","8TH CONGRESS","7600017","952","12","Republican","9"
"16","0","COOK","565","PHILLIP OWEN WOOD","320","8TH CONGRESS","7600017","952","12","Republican","8"
"16","0","COOK","560","PETER KOPSAFTIS","320","8TH CONGRESS","7600017","952","12","Republican","7"
"16","0","COOK","575","CHRIS DARGIS","320","8TH CONGRESS","7600017","952","12","Republican","14"
"16","0","COOK","0","Under Votes","320","8TH CONGRESS","7600017","952","12","Republican","2"
"16","0","COOK","0","Over Votes","320","8TH CONGRESS","7600017","952","12","Republican","0"
"16","0","COOK","565","PHILLIP OWEN WOOD","320","8TH CONGRESS","7600040","1291","12","Republican","22"
"16","0","COOK","560","PETER KOPSAFTIS","320","8TH CONGRESS","7600040","1291","12","Republican","8"
"16","0","COOK","0","Under Votes","320","8TH CONGRESS","7600040","1291","12","Republican","5"
"16","0","COOK","575","CHRIS DARGIS","320","8TH CONGRESS","7600040","1291","12","Republican","22"
"16","0","COOK","0","Over Votes","320","8TH CONGRESS","7600040","1291","12","Republican","0"
"16","0","COOK","570","KAREN KOLODZIEJ","320","8TH CONGRESS","7600040","1291","12","Republican","14"
"16","0","COOK","555","CHAD KOPPIE","320","8TH CONGRESS","7600040","1291","12","Republican","15"
"16","0","COOK","560","PETER KOPSAFTIS","320","8TH CONGRESS","7600043","1307","12","Republican","8"
"16","0","COOK","0","Under Votes","320","8TH CONGRESS","7600043","1307","12","Republican","9"
"16","0","COOK","575","CHRIS DARGIS","320","8TH CONGRESS","7600043","1307","12","Republican","17"
"16","0","COOK","0","Over Votes","320","8TH CONGRESS","7600043","1307","12","Republican","0"
"16","0","COOK","570","KAREN KOLODZIEJ","320","8TH CONGRESS","7600043","1307","12","Republican","14"
"16","0","COOK","555","CHAD KOPPIE","320","8TH CONGRESS","7600043","1307","12","Republican","15"
"16","0","COOK","565","PHILLIP OWEN WOOD","320","8TH CONGRESS","7600043","1307","12","Republican","13"
"16","0","COOK","560","PETER KOPSAFTIS","320","8TH CONGRESS","8000016","729","12","Republican","10"
"16","0","COOK","0","Under Votes","320","8TH CONGRESS","8000016","729","12","Republican","5"
"16","0","COOK","575","CHRIS DARGIS","320","8TH CONGRESS","8000016","729","12","Republican","11"
"16","0","COOK","0","Over Votes","320","8TH CONGRESS","8000016","729","12","Republican","0"
"16","0","COOK","570","KAREN KOLODZIEJ","320","8TH CONGRESS","8000016","729","12","Republican","10"
"16","0","COOK","565","PHILLIP OWEN WOOD","320","8TH CONGRESS","8000016","729","12","Republican","14"
"16","0","COOK","555","CHAD KOPPIE","320","8TH CONGRESS","8000016","729","12","Republican","5"
"16","0","COOK","570","KAREN KOLODZIEJ","320","8TH CONGRESS","8000047","1060","12","Republican","18"
"16","0","COOK","555","CHAD KOPPIE","320","8TH CONGRESS","8000047","1060","12","Republican","5"
"16","0","COOK","575","CHRIS DARGIS","320","8TH CONGRESS","8000047","1060","12","Republican","13"
"16","0","COOK","0","Under Votes","320","8TH CONGRESS","8000047","1060","12","Republican","6"
"16","0","COOK","0","Over Votes","320","8TH CONGRESS","8000047","1060","12","Republican","0"
"16","0","COOK","565","PHILLIP OWEN WOOD","320","8TH CONGRESS","8000047","1060","12","Republican","7"
"16","0","COOK","560","PETER KOPSAFTIS","320","8TH CONGRESS","8000047","1060","12","Republican","14"
"16","0","COOK","560","PETER KOPSAFTIS","320","8TH CONGRESS","8000053","1010","12","Republican","5"
"16","0","COOK","0","Under Votes","320","8TH CONGRESS","8000053","1010","12","Republican","3"
"16","0","COOK","575","CHRIS DARGIS","320","8TH CONGRESS","8000053","1010","12","Republican","13"
"16","0","COOK","560","PETER KOPSAFTIS","320","8TH CONGRESS","7400022","1291","12","Republican","10"
"16","0","COOK","575","CHRIS DARGIS","320","8TH CONGRESS","7400022","1291","12","Republican","17"
"16","0","COOK","0","Under Votes","320","8TH CONGRESS","7400022","1291","12","Republican","1"
"16","0","COOK","0","Over Votes","320","8TH CONGRESS","7400022","1291","12","Republican","0"
"16","0","COOK","570","KAREN KOLODZIEJ","320","8TH CONGRESS","7400022","1291","12","Republican","15"
"16","0","COOK","555","CHAD KOPPIE","320","8TH CONGRESS","7400022","1291","12","Republican","10"
"16","0","COOK","565","PHILLIP OWEN WOOD","320","8TH CONGRESS","7400022","1291","12","Republican","5"
"16","0","COOK","560","PETER KOPSAFTIS","320","8TH CONGRESS","7400028","1475","12","Republican","5"
"16","0","COOK","575","CHRIS DARGIS","320","8TH CONGRESS","7400028","1475","12","Republican","26"
"16","0","COOK","0","Under Votes","320","8TH CONGRESS","7400028","1475","12","Republican","6"
"16","0","COOK","0","Over Votes","320","8TH CONGRESS","7400028","1475","12","Republican","0"
"16","0","COOK","570","KAREN KOLODZIEJ","320","8TH CONGRESS","7400028","1475","12","Republican","8"
"16","0","COOK","555","CHAD KOPPIE","320","8TH CONGRESS","7400028","1475","12","Republican","6"
"16","0","COOK","565","PHILLIP OWEN WOOD","320","8TH CONGRESS","7400028","1475","12","Republican","16"
"16","0","COOK","560","PETER KOPSAFTIS","320","8TH CONGRESS","7400032","945","12","Republican","6"
"16","0","COOK","575","CHRIS DARGIS","320","8TH CONGRESS","7400032","945","12","Republican","8"
"16","0","COOK","0","Under Votes","320","8TH CONGRESS","7400032","945","12","Republican","1"
"16","0","COOK","0","Over Votes","320","8TH CONGRESS","7400032","945","12","Republican","0"
"16","0","COOK","570","KAREN KOLODZIEJ","320","8TH CONGRESS","7400032","945","12","Republican","23"
"16","0","COOK","555","CHAD KOPPIE","320","8TH CONGRESS","7400032","945","12","Republican","5"
"16","0","COOK","565","PHILLIP OWEN WOOD","320","8TH CONGRESS","7400032","945","12","Republican","4"
"16","0","COOK","560","PETER KOPSAFTIS","320","8TH CONGRESS","8000026","963","12","Republican","9"
"16","0","COOK","575","CHRIS DARGIS","320","8TH CONGRESS","8000026","963","12","Republican","21"
"16","0","COOK","0","Under Votes","320","8TH CONGRESS","8000026","963","12","Republican","11"
"16","0","COOK","0","Over Votes","320","8TH CONGRESS","8000026","963","12","Republican","0"
"16","0","COOK","570","KAREN KOLODZIEJ","320","8TH CONGRESS","8000026","963","12","Republican","14"
"16","0","COOK","565","PHILLIP OWEN WOOD","320","8TH CONGRESS","8000026","963","12","Republican","9"
"16","0","COOK","555","CHAD KOPPIE","320","8TH CONGRESS","8000026","963","12","Republican","10"
"16","0","COOK","565","PHILLIP OWEN WOOD","320","8TH CONGRESS","8000066","555","12","Republican","8"
"16","0","COOK","560","PETER KOPSAFTIS","320","8TH CONGRESS","8000066","555","12","Republican","11"
"16","0","COOK","565","PHILLIP OWEN WOOD","320","8TH CONGRESS","7600025","1709","12","Republican","15"
"16","0","COOK","560","PETER KOPSAFTIS","320","8TH CONGRESS","7600025","1709","12","Republican","24"
"16","0","COOK","575","CHRIS DARGIS","320","8TH CONGRESS","7600025","1709","12","Republican","41"
"16","0","COOK","0","Over Votes","320","8TH CONGRESS","7600025","1709","12","Republican","0"
"16","0","COOK","0","Under Votes","320","8TH CONGRESS","7600025","1709","12","Republican","13"
"16","0","COOK","560","PETER KOPSAFTIS","320","8TH CONGRESS","8000061","620","12","Republican","8"
"16","0","COOK","575","CHRIS DARGIS","320","8TH CONGRESS","8000061","620","12","Republican","10"
"16","0","COOK","0","Under Votes","320","8TH CONGRESS","8000061","620","12","Republican","4"
"16","0","COOK","0","Over Votes","320","8TH CONGRESS","8000061","620","12","Republican","0"
"16","0","COOK","570","KAREN KOLODZIEJ","320","8TH CONGRESS","8000061","620","12","Republican","4"
"16","0","COOK","555","CHAD KOPPIE","320","8TH CONGRESS","8000061","620","12","Republican","5"
"16","0","COOK","565","PHILLIP OWEN WOOD","320","8TH CONGRESS","8000061","620","12","Republican","11"
"16","0","COOK","560","PETER KOPSAFTIS","320","8TH CONGRESS","8700068","866","12","Republican","15"
"16","0","COOK","575","CHRIS DARGIS","320","8TH CONGRESS","8700068","866","12","Republican","47"
"16","0","COOK","0","Under Votes","320","8TH CONGRESS","8700068","866","12","Republican","9"
"16","0","COOK","0","Over Votes","320","8TH CONGRESS","8700068","866","12","Republican","1"
"16","0","COOK","570","KAREN KOLODZIEJ","320","8TH CONGRESS","8700068","866","12","Republican","11"
"16","0","COOK","565","PHILLIP OWEN WOOD","320","8TH CONGRESS","8700068","866","12","Republican","8"
"16","0","COOK","555","CHAD KOPPIE","320","8TH CONGRESS","8700068","866","12","Republican","7"
"16","0","COOK","560","PETER KOPSAFTIS","320","8TH CONGRESS","9300019","877","12","Republican","16"
"16","0","COOK","575","CHRIS DARGIS","320","8TH CONGRESS","9300019","877","12","Republican","17"
"16","0","COOK","565","PHILLIP OWEN WOOD","320","8TH CONGRESS","9300019","877","12","Republican","7"
"16","0","COOK","0","Under Votes","320","8TH CONGRESS","9300019","877","12","Republican","1"
"16","0","COOK","0","Over Votes","320","8TH CONGRESS","9300019","877","12","Republican","0"
"16","0","COOK","570","KAREN KOLODZIEJ","320","8TH CONGRESS","9300019","877","12","Republican","6"
"16","0","COOK","555","CHAD KOPPIE","320","8TH CONGRESS","9300019","877","12","Republican","4"
"16","0","COOK","560","PETER KOPSAFTIS","320","8TH CONGRESS","9300022","1398","12","Republican","12"
"16","0","COOK","575","CHRIS DARGIS","320","8TH CONGRESS","9300022","1398","12","Republican","11"
"16","0","COOK","0","Under Votes","320","8TH CONGRESS","9300022","1398","12","Republican","1"
"16","0","COOK","0","Over Votes","320","8TH CONGRESS","9300022","1398","12","Republican","0"
"16","0","COOK","570","KAREN KOLODZIEJ","320","8TH CONGRESS","9300022","1398","12","Republican","6"
"16","0","COOK","555","CHAD KOPPIE","320","8TH CONGRESS","9300022","1398","12","Republican","5"
"16","0","COOK","565","PHILLIP OWEN WOOD","320","8TH CONGRESS","9300022","1398","12","Republican","6"
"16","0","COOK","560","PETER KOPSAFTIS","320","8TH CONGRESS","9300025","1030","12","Republican","27"
"16","0","COOK","575","CHRIS DARGIS","320","8TH CONGRESS","9300025","1030","12","Republican","13"
"16","0","COOK","0","Under Votes","320","8TH CONGRESS","9300025","1030","12","Republican","3"
"16","0","COOK","0","Over Votes","320","8TH CONGRESS","9300025","1030","12","Republican","0"
"16","0","COOK","570","KAREN KOLODZIEJ","320","8TH CONGRESS","9300025","1030","12","Republican","6"
"16","0","COOK","555","CHAD KOPPIE","320","8TH CONGRESS","9300025","1030","12","Republican","5"
"16","0","COOK","565","PHILLIP OWEN WOOD","320","8TH CONGRESS","9300025","1030","12","Republican","8"
"16","0","COOK","560","PETER KOPSAFTIS","320","8TH CONGRESS","9300028","1119","12","Republican","23"
"16","0","COOK","575","CHRIS DARGIS","320","8TH CONGRESS","9300028","1119","12","Republican","24"
"16","0","COOK","0","Under Votes","320","8TH CONGRESS","9300028","1119","12","Republican","8"
"16","0","COOK","0","Over Votes","320","8TH CONGRESS","9300028","1119","12","Republican","0"
"16","0","COOK","570","KAREN KOLODZIEJ","320","8TH CONGRESS","9300028","1119","12","Republican","16"
"16","0","COOK","555","CHAD KOPPIE","320","8TH CONGRESS","9300028","1119","12","Republican","11"
"16","0","COOK","565","PHILLIP OWEN WOOD","320","8TH CONGRESS","9300028","1119","12","Republican","5"
"16","0","COOK","560","PETER KOPSAFTIS","320","8TH CONGRESS","9300051","950","12","Republican","10"
"16","0","COOK","560","PETER KOPSAFTIS","320","8TH CONGRESS","7000004","1672","12","Republican","106"
"16","0","COOK","575","CHRIS DARGIS","320","8TH CONGRESS","7000004","1672","12","Republican","38"
"16","0","COOK","0","Under Votes","320","8TH CONGRESS","7000004","1672","12","Republican","7"
"16","0","COOK","0","Over Votes","320","8TH CONGRESS","7000004","1672","12","Republican","0"
"16","0","COOK","570","KAREN KOLODZIEJ","320","8TH CONGRESS","7000004","1672","12","Republican","13"
"16","0","COOK","565","PHILLIP OWEN WOOD","320","8TH CONGRESS","7000004","1672","12","Republican","20"
"16","0","COOK","555","CHAD KOPPIE","320","8TH CONGRESS","7000004","1672","12","Republican","8"
"16","0","COOK","565","PHILLIP OWEN WOOD","320","8TH CONGRESS","7400009","990","12","Republican","17"
"16","0","COOK","560","PETER KOPSAFTIS","320","8TH CONGRESS","7400009","990","12","Republican","12"
"16","0","COOK","575","CHRIS DARGIS","320","8TH CONGRESS","7400009","990","12","Republican","28"
"16","0","COOK","0","Under Votes","320","8TH CONGRESS","7400009","990","12","Republican","14"
"16","0","COOK","0","Over Votes","320","8TH CONGRESS","7400009","990","12","Republican","0"
"16","0","COOK","570","KAREN KOLODZIEJ","320","8TH CONGRESS","7400009","990","12","Republican","25"
"16","0","COOK","555","CHAD KOPPIE","320","8TH CONGRESS","7400009","990","12","Republican","5"
"16","0","COOK","560","PETER KOPSAFTIS","320","8TH CONGRESS","7400012","1553","12","Republican","15"
"16","0","COOK","575","CHRIS DARGIS","320","8TH CONGRESS","7400012","1553","12","Republican","60"
"16","0","COOK","0","Under Votes","320","8TH CONGRESS","7400012","1553","12","Republican","17"
"16","0","COOK","0","Over Votes","320","8TH CONGRESS","7400012","1553","12","Republican","0"
"16","0","COOK","570","KAREN KOLODZIEJ","320","8TH CONGRESS","7400012","1553","12","Republican","30"
"16","0","COOK","555","CHAD KOPPIE","320","8TH CONGRESS","7400012","1553","12","Republican","16"
"16","0","COOK","565","PHILLIP OWEN WOOD","320","8TH CONGRESS","7400012","1553","12","Republican","26"
"16","0","COOK","560","PETER KOPSAFTIS","320","8TH CONGRESS","7400016","994","12","Republican","5"
"16","0","COOK","575","CHRIS DARGIS","320","8TH CONGRESS","7400016","994","12","Republican","30"
"16","0","COOK","0","Under Votes","320","8TH CONGRESS","7400016","994","12","Republican","6"
"16","0","COOK","0","Over Votes","320","8TH CONGRESS","7400016","994","12","Republican","0"
"16","0","COOK","570","KAREN KOLODZIEJ","320","8TH CONGRESS","7400016","994","12","Republican","15"
"16","0","COOK","555","CHAD KOPPIE","320","8TH CONGRESS","7400016","994","12","Republican","9"
"16","0","COOK","565","PHILLIP OWEN WOOD","320","8TH CONGRESS","7400016","994","12","Republican","11"
"16","0","COOK","560","PETER KOPSAFTIS","320","8TH CONGRESS","7400046","697","12","Republican","7"
"16","0","COOK","575","CHRIS DARGIS","320","8TH CONGRESS","7400046","697","12","Republican","4"
"16","0","COOK","565","PHILLIP OWEN WOOD","320","8TH CONGRESS","7400046","697","12","Republican","2"
"16","0","COOK","0","Under Votes","320","8TH CONGRESS","7400046","697","12","Republican","0"
"16","0","COOK","0","Over Votes","320","8TH CONGRESS","7400046","697","12","Republican","0"
"16","0","COOK","570","KAREN KOLODZIEJ","320","8TH CONGRESS","7400046","697","12","Republican","4"
"16","0","COOK","555","CHAD KOPPIE","320","8TH CONGRESS","7400046","697","12","Republican","1"
"16","0","COOK","560","PETER KOPSAFTIS","320","8TH CONGRESS","7400049","1452","12","Republican","10"
"16","0","COOK","575","CHRIS DARGIS","320","8TH CONGRESS","7400049","1452","12","Republican","22"
"16","0","COOK","0","Under Votes","320","8TH CONGRESS","7400049","1452","12","Republican","10"
"16","0","COOK","0","Over Votes","320","8TH CONGRESS","7400049","1452","12","Republican","0"
"16","0","COOK","570","KAREN KOLODZIEJ","320","8TH CONGRESS","7400049","1452","12","Republican","20"
"16","0","COOK","555","CHAD KOPPIE","320","8TH CONGRESS","7400049","1452","12","Republican","8"
"16","0","COOK","565","PHILLIP OWEN WOOD","320","8TH CONGRESS","7400049","1452","12","Republican","3"
"16","0","COOK","565","PHILLIP OWEN WOOD","320","8TH CONGRESS","7600008","1033","12","Republican","6"
"16","0","COOK","560","PETER KOPSAFTIS","320","8TH CONGRESS","7600008","1033","12","Republican","9"
"16","0","COOK","575","CHRIS DARGIS","320","8TH CONGRESS","7600008","1033","12","Republican","18"
"16","0","COOK","575","CHRIS DARGIS","320","8TH CONGRESS","8000066","555","12","Republican","17"
"16","0","COOK","0","Under Votes","320","8TH CONGRESS","8000066","555","12","Republican","72"
"16","0","COOK","0","Over Votes","320","8TH CONGRESS","8000066","555","12","Republican","0"
"16","0","COOK","570","KAREN KOLODZIEJ","320","8TH CONGRESS","8000066","555","12","Republican","18"
"16","0","COOK","555","CHAD KOPPIE","320","8TH CONGRESS","8000066","555","12","Republican","16"
"16","0","COOK","565","PHILLIP OWEN WOOD","320","8TH CONGRESS","8700011","986","12","Republican","14"
"16","0","COOK","560","PETER KOPSAFTIS","320","8TH CONGRESS","8700011","986","12","Republican","7"
"16","0","COOK","575","CHRIS DARGIS","320","8TH CONGRESS","8700011","986","12","Republican","22"
"16","0","COOK","0","Under Votes","320","8TH CONGRESS","8700011","986","12","Republican","13"
"16","0","COOK","0","Over Votes","320","8TH CONGRESS","8700011","986","12","Republican","1"
"16","0","COOK","570","KAREN KOLODZIEJ","320","8TH CONGRESS","8700011","986","12","Republican","13"
"16","0","COOK","555","CHAD KOPPIE","320","8TH CONGRESS","8700011","986","12","Republican","4"
"16","0","COOK","565","PHILLIP OWEN WOOD","320","8TH CONGRESS","8700041","1385","12","Republican","12"
"16","0","COOK","560","PETER KOPSAFTIS","320","8TH CONGRESS","8700041","1385","12","Republican","20"
"16","0","COOK","575","CHRIS DARGIS","320","8TH CONGRESS","8700041","1385","12","Republican","64"
"16","0","COOK","0","Under Votes","320","8TH CONGRESS","8700041","1385","12","Republican","11"
"16","0","COOK","0","Over Votes","320","8TH CONGRESS","8700041","1385","12","Republican","0"
"16","0","COOK","570","KAREN KOLODZIEJ","320","8TH CONGRESS","8700041","1385","12","Republican","23"
"16","0","COOK","555","CHAD KOPPIE","320","8TH CONGRESS","8700041","1385","12","Republican","6"
"16","0","COOK","565","PHILLIP OWEN WOOD","320","8TH CONGRESS","8700047","1167","12","Republican","17"
"16","0","COOK","560","PETER KOPSAFTIS","320","8TH CONGRESS","8700047","1167","12","Republican","23"
"16","0","COOK","575","CHRIS DARGIS","320","8TH CONGRESS","8700047","1167","12","Republican","41"
"16","0","COOK","0","Under Votes","320","8TH CONGRESS","8700047","1167","12","Republican","10"
"16","0","COOK","0","Over Votes","320","8TH CONGRESS","8700047","1167","12","Republican","0"
"16","0","COOK","570","KAREN KOLODZIEJ","320","8TH CONGRESS","8700047","1167","12","Republican","22"
"16","0","COOK","555","CHAD KOPPIE","320","8TH CONGRESS","8700047","1167","12","Republican","13"
"16","0","COOK","560","PETER KOPSAFTIS","320","8TH CONGRESS","9300023","1161","12","Republican","19"
"16","0","COOK","575","CHRIS DARGIS","320","8TH CONGRESS","9300023","1161","12","Republican","14"
"16","0","COOK","0","Under Votes","320","8TH CONGRESS","9300023","1161","12","Republican","3"
"16","0","COOK","0","Over Votes","320","8TH CONGRESS","9300023","1161","12","Republican","0"
"16","0","COOK","570","KAREN KOLODZIEJ","320","8TH CONGRESS","9300023","1161","12","Republican","13"
"16","0","COOK","565","PHILLIP OWEN WOOD","320","8TH CONGRESS","9300023","1161","12","Republican","7"
"16","0","COOK","555","CHAD KOPPIE","320","8TH CONGRESS","9300023","1161","12","Republican","7"
"16","0","COOK","560","PETER KOPSAFTIS","320","8TH CONGRESS","9300026","1225","12","Republican","24"
"16","0","COOK","575","CHRIS DARGIS","320","8TH CONGRESS","9300026","1225","12","Republican","16"
"16","0","COOK","0","Under Votes","320","8TH CONGRESS","9300026","1225","12","Republican","6"
"16","0","COOK","0","Over Votes","320","8TH CONGRESS","9300026","1225","12","Republican","0"
"16","0","COOK","570","KAREN KOLODZIEJ","320","8TH CONGRESS","9300026","1225","12","Republican","16"
"16","0","COOK","565","PHILLIP OWEN WOOD","320","8TH CONGRESS","9300026","1225","12","Republican","6"
"16","0","COOK","555","CHAD KOPPIE","320","8TH CONGRESS","9300026","1225","12","Republican","4"
"16","0","COOK","560","PETER KOPSAFTIS","320","8TH CONGRESS","9300029","1168","12","Republican","41"
"16","0","COOK","575","CHRIS DARGIS","320","8TH CONGRESS","9300029","1168","12","Republican","17"
"16","0","COOK","0","Under Votes","320","8TH CONGRESS","9300029","1168","12","Republican","9"
"16","0","COOK","0","Over Votes","320","8TH CONGRESS","9300029","1168","12","Republican","0"
"16","0","COOK","570","KAREN KOLODZIEJ","320","8TH CONGRESS","9300029","1168","12","Republican","11"
"16","0","COOK","565","PHILLIP OWEN WOOD","320","8TH CONGRESS","9300029","1168","12","Republican","7"
"16","0","COOK","555","CHAD KOPPIE","320","8TH CONGRESS","9300029","1168","12","Republican","9"
"16","0","COOK","0","Over Votes","320","8TH CONGRESS","9300032","1328","12","Republican","0"
"16","0","COOK","570","KAREN KOLODZIEJ","320","8TH CONGRESS","9300032","1328","12","Republican","14"
"16","0","COOK","575","CHRIS DARGIS","320","8TH CONGRESS","9300051","950","12","Republican","7"
"16","0","COOK","565","PHILLIP OWEN WOOD","320","8TH CONGRESS","9300051","950","12","Republican","8"
"16","0","COOK","0","Under Votes","320","8TH CONGRESS","9300051","950","12","Republican","2"
"16","0","COOK","0","Over Votes","320","8TH CONGRESS","9300051","950","12","Republican","0"
"16","0","COOK","570","KAREN KOLODZIEJ","320","8TH CONGRESS","9300051","950","12","Republican","11"
"16","0","COOK","555","CHAD KOPPIE","320","8TH CONGRESS","9300051","950","12","Republican","5"
"16","0","COOK","560","PETER KOPSAFTIS","320","8TH CONGRESS","9300055","1664","12","Republican","43"
"16","0","COOK","575","CHRIS DARGIS","320","8TH CONGRESS","9300055","1664","12","Republican","75"
"16","0","COOK","0","Under Votes","320","8TH CONGRESS","9300055","1664","12","Republican","11"
"16","0","COOK","0","Over Votes","320","8TH CONGRESS","9300055","1664","12","Republican","0"
"16","0","COOK","570","KAREN KOLODZIEJ","320","8TH CONGRESS","9300055","1664","12","Republican","19"
"16","0","COOK","565","PHILLIP OWEN WOOD","320","8TH CONGRESS","9300055","1664","12","Republican","15"
"16","0","COOK","555","CHAD KOPPIE","320","8TH CONGRESS","9300055","1664","12","Republican","13"
"16","0","COOK","560","PETER KOPSAFTIS","320","8TH CONGRESS","9300058","748","12","Republican","10"
"16","0","COOK","575","CHRIS DARGIS","320","8TH CONGRESS","9300058","748","12","Republican","16"
"16","0","COOK","0","Under Votes","320","8TH CONGRESS","9300058","748","12","Republican","6"
"16","0","COOK","0","Over Votes","320","8TH CONGRESS","9300058","748","12","Republican","0"
"16","0","COOK","570","KAREN KOLODZIEJ","320","8TH CONGRESS","9300058","748","12","Republican","4"
"16","0","COOK","565","PHILLIP OWEN WOOD","320","8TH CONGRESS","9300058","748","12","Republican","11"
"16","0","COOK","560","PETER KOPSAFTIS","320","8TH CONGRESS","9300062","1341","12","Republican","11"
"16","0","COOK","575","CHRIS DARGIS","320","8TH CONGRESS","9300062","1341","12","Republican","18"
"16","0","COOK","0","Under Votes","320","8TH CONGRESS","9300062","1341","12","Republican","3"
"16","0","COOK","0","Over Votes","320","8TH CONGRESS","9300062","1341","12","Republican","0"
"16","0","COOK","570","KAREN KOLODZIEJ","320","8TH CONGRESS","9300062","1341","12","Republican","8"
"16","0","COOK","555","CHAD KOPPIE","320","8TH CONGRESS","9300062","1341","12","Republican","3"
"16","0","COOK","565","PHILLIP OWEN WOOD","320","8TH CONGRESS","9300062","1341","12","Republican","15"
"16","0","COOK","565","PHILLIP OWEN WOOD","320","8TH CONGRESS","7000008","1807","12","Republican","14"
"16","0","COOK","560","PETER KOPSAFTIS","320","8TH CONGRESS","7000008","1807","12","Republican","63"
"16","0","COOK","0","Under Votes","320","8TH CONGRESS","7000008","1807","12","Republican","12"
"16","0","COOK","575","CHRIS DARGIS","320","8TH CONGRESS","7000008","1807","12","Republican","56"
"16","0","COOK","0","Over Votes","320","8TH CONGRESS","7000008","1807","12","Republican","0"
"16","0","COOK","570","KAREN KOLODZIEJ","320","8TH CONGRESS","7000008","1807","12","Republican","26"
"16","0","COOK","555","CHAD KOPPIE","320","8TH CONGRESS","7000008","1807","12","Republican","19"
"16","0","COOK","565","PHILLIP OWEN WOOD","320","8TH CONGRESS","7000011","957","12","Republican","15"
"16","0","COOK","560","PETER KOPSAFTIS","320","8TH CONGRESS","7000011","957","12","Republican","22"
"16","0","COOK","575","CHRIS DARGIS","320","8TH CONGRESS","7000011","957","12","Republican","24"
"16","0","COOK","0","Over Votes","320","8TH CONGRESS","7000011","957","12","Republican","0"
"16","0","COOK","0","Under Votes","320","8TH CONGRESS","7000011","957","12","Republican","5"
"16","0","COOK","570","KAREN KOLODZIEJ","320","8TH CONGRESS","7000011","957","12","Republican","10"
"16","0","COOK","555","CHAD KOPPIE","320","8TH CONGRESS","7000011","957","12","Republican","10"
"16","0","COOK","0","Over Votes","320","8TH CONGRESS","7400014","1612","12","Republican","0"
"16","0","COOK","570","KAREN KOLODZIEJ","320","8TH CONGRESS","7400014","1612","12","Republican","5"
"16","0","COOK","555","CHAD KOPPIE","320","8TH CONGRESS","7400014","1612","12","Republican","3"
"16","0","COOK","565","PHILLIP OWEN WOOD","320","8TH CONGRESS","7400014","1612","12","Republican","2"
"16","0","COOK","560","PETER KOPSAFTIS","320","8TH CONGRESS","7400014","1612","12","Republican","3"
"16","0","COOK","575","CHRIS DARGIS","320","8TH CONGRESS","7400014","1612","12","Republican","8"
"16","0","COOK","0","Under Votes","320","8TH CONGRESS","7400014","1612","12","Republican","2"
"16","0","COOK","575","CHRIS DARGIS","320","8TH CONGRESS","7400017","1105","12","Republican","6"
"16","0","COOK","0","Over Votes","320","8TH CONGRESS","7400017","1105","12","Republican","0"
"16","0","COOK","570","KAREN KOLODZIEJ","320","8TH CONGRESS","7400017","1105","12","Republican","12"
"16","0","COOK","555","CHAD KOPPIE","320","8TH CONGRESS","7400017","1105","12","Republican","10"
"16","0","COOK","565","PHILLIP OWEN WOOD","320","8TH CONGRESS","7400017","1105","12","Republican","11"
"16","0","COOK","560","PETER KOPSAFTIS","320","8TH CONGRESS","7400017","1105","12","Republican","5"
"16","0","COOK","0","Under Votes","320","8TH CONGRESS","7400017","1105","12","Republican","4"
"16","0","COOK","565","PHILLIP OWEN WOOD","320","8TH CONGRESS","7400020","1697","12","Republican","28"
"16","0","COOK","560","PETER KOPSAFTIS","320","8TH CONGRESS","7400020","1697","12","Republican","19"
"16","0","COOK","575","CHRIS DARGIS","320","8TH CONGRESS","7400018","1452","12","Republican","31"
"16","0","COOK","0","Under Votes","320","8TH CONGRESS","7400018","1452","12","Republican","9"
"16","0","COOK","0","Over Votes","320","8TH CONGRESS","7400018","1452","12","Republican","0"
"16","0","COOK","570","KAREN KOLODZIEJ","320","8TH CONGRESS","7400018","1452","12","Republican","29"
"16","0","COOK","555","CHAD KOPPIE","320","8TH CONGRESS","7400018","1452","12","Republican","15"
"16","0","COOK","565","PHILLIP OWEN WOOD","320","8TH CONGRESS","7400018","1452","12","Republican","23"
"16","0","COOK","560","PETER KOPSAFTIS","320","8TH CONGRESS","7400021","1045","12","Republican","6"
"16","0","COOK","0","Under Votes","320","8TH CONGRESS","7400021","1045","12","Republican","3"
"16","0","COOK","575","CHRIS DARGIS","320","8TH CONGRESS","7400021","1045","12","Republican","12"
"16","0","COOK","0","Over Votes","320","8TH CONGRESS","7400021","1045","12","Republican","0"
"16","0","COOK","570","KAREN KOLODZIEJ","320","8TH CONGRESS","7400021","1045","12","Republican","14"
"16","0","COOK","565","PHILLIP OWEN WOOD","320","8TH CONGRESS","7400021","1045","12","Republican","8"
"16","0","COOK","555","CHAD KOPPIE","320","8TH CONGRESS","7400021","1045","12","Republican","7"
"16","0","COOK","560","PETER KOPSAFTIS","320","8TH CONGRESS","7400024","978","12","Republican","15"
"16","0","COOK","0","Under Votes","320","8TH CONGRESS","7400024","978","12","Republican","9"
"16","0","COOK","575","CHRIS DARGIS","320","8TH CONGRESS","7400024","978","12","Republican","25"
"16","0","COOK","0","Over Votes","320","8TH CONGRESS","7400024","978","12","Republican","0"
"16","0","COOK","570","KAREN KOLODZIEJ","320","8TH CONGRESS","7400024","978","12","Republican","18"
"16","0","COOK","555","CHAD KOPPIE","320","8TH CONGRESS","7400024","978","12","Republican","14"
"16","0","COOK","565","PHILLIP OWEN WOOD","320","8TH CONGRESS","7400024","978","12","Republican","15"
"16","0","COOK","575","CHRIS DARGIS","320","8TH CONGRESS","7400027","1231","12","Republican","2"
"16","0","COOK","0","Over Votes","320","8TH CONGRESS","7400027","1231","12","Republican","0"
"16","0","COOK","0","Under Votes","320","8TH CONGRESS","7400027","1231","12","Republican","2"
"16","0","COOK","570","KAREN KOLODZIEJ","320","8TH CONGRESS","7400027","1231","12","Republican","3"
"16","0","COOK","555","CHAD KOPPIE","320","8TH CONGRESS","7400027","1231","12","Republican","1"
"16","0","COOK","560","PETER KOPSAFTIS","320","8TH CONGRESS","7400051","1313","12","Republican","15"
"16","0","COOK","575","CHRIS DARGIS","320","8TH CONGRESS","7400051","1313","12","Republican","55"
"16","0","COOK","0","Under Votes","320","8TH CONGRESS","7400051","1313","12","Republican","19"
"16","0","COOK","0","Over Votes","320","8TH CONGRESS","7400051","1313","12","Republican","0"
"16","0","COOK","570","KAREN KOLODZIEJ","320","8TH CONGRESS","7400051","1313","12","Republican","17"
"16","0","COOK","555","CHAD KOPPIE","320","8TH CONGRESS","7400051","1313","12","Republican","12"
"16","0","COOK","565","PHILLIP OWEN WOOD","320","8TH CONGRESS","7400051","1313","12","Republican","18"
"16","0","COOK","560","PETER KOPSAFTIS","320","8TH CONGRESS","7600019","961","12","Republican","18"
"16","0","COOK","0","Under Votes","320","8TH CONGRESS","7600019","961","12","Republican","14"
"16","0","COOK","575","CHRIS DARGIS","320","8TH CONGRESS","7600019","961","12","Republican","37"
"16","0","COOK","0","Over Votes","320","8TH CONGRESS","7600019","961","12","Republican","0"
"16","0","COOK","570","KAREN KOLODZIEJ","320","8TH CONGRESS","7600019","961","12","Republican","22"
"16","0","COOK","555","CHAD KOPPIE","320","8TH CONGRESS","7600019","961","12","Republican","16"
"16","0","COOK","565","PHILLIP OWEN WOOD","320","8TH CONGRESS","7600019","961","12","Republican","8"
"16","0","COOK","560","PETER KOPSAFTIS","320","8TH CONGRESS","7600022","1109","12","Republican","11"
"16","0","COOK","575","CHRIS DARGIS","320","8TH CONGRESS","7600022","1109","12","Republican","28"
"16","0","COOK","0","Over Votes","320","8TH CONGRESS","7600022","1109","12","Republican","0"
"16","0","COOK","0","Under Votes","320","8TH CONGRESS","7600022","1109","12","Republican","3"
"16","0","COOK","570","KAREN KOLODZIEJ","320","8TH CONGRESS","7600022","1109","12","Republican","9"
"16","0","COOK","555","CHAD KOPPIE","320","8TH CONGRESS","7600022","1109","12","Republican","8"
"16","0","COOK","565","PHILLIP OWEN WOOD","320","8TH CONGRESS","7600022","1109","12","Republican","14"
"16","0","COOK","555","CHAD KOPPIE","320","8TH CONGRESS","7600025","1709","12","Republican","16"
"16","0","COOK","570","KAREN KOLODZIEJ","320","8TH CONGRESS","7600025","1709","12","Republican","18"
"16","0","COOK","560","PETER KOPSAFTIS","320","8TH CONGRESS","7400018","1452","12","Republican","15"
"16","0","COOK","560","PETER KOPSAFTIS","320","8TH CONGRESS","8000068","1407","12","Republican","15"
"16","0","COOK","575","CHRIS DARGIS","320","8TH CONGRESS","8000068","1407","12","Republican","26"
"16","0","COOK","0","Under Votes","320","8TH CONGRESS","8000068","1407","12","Republican","9"
"16","0","COOK","0","Over Votes","320","8TH CONGRESS","8000068","1407","12","Republican","0"
"16","0","COOK","570","KAREN KOLODZIEJ","320","8TH CONGRESS","8000068","1407","12","Republican","22"
"16","0","COOK","555","CHAD KOPPIE","320","8TH CONGRESS","8000068","1407","12","Republican","13"
"16","0","COOK","565","PHILLIP OWEN WOOD","320","8TH CONGRESS","8000068","1407","12","Republican","11"
"16","0","COOK","560","PETER KOPSAFTIS","320","8TH CONGRESS","8700013","1117","12","Republican","13"
"16","0","COOK","575","CHRIS DARGIS","320","8TH CONGRESS","8700013","1117","12","Republican","28"
"16","0","COOK","0","Under Votes","320","8TH CONGRESS","8700013","1117","12","Republican","8"
"16","0","COOK","0","Over Votes","320","8TH CONGRESS","8700013","1117","12","Republican","0"
"16","0","COOK","570","KAREN KOLODZIEJ","320","8TH CONGRESS","8700013","1117","12","Republican","6"
"16","0","COOK","555","CHAD KOPPIE","320","8TH CONGRESS","8700013","1117","12","Republican","15"
"16","0","COOK","565","PHILLIP OWEN WOOD","320","8TH CONGRESS","8700013","1117","12","Republican","14"
"16","0","COOK","560","PETER KOPSAFTIS","320","8TH CONGRESS","8700016","1279","12","Republican","6"
"16","0","COOK","575","CHRIS DARGIS","320","8TH CONGRESS","8700016","1279","12","Republican","10"
"16","0","COOK","0","Under Votes","320","8TH CONGRESS","8700016","1279","12","Republican","5"
"16","0","COOK","0","Over Votes","320","8TH CONGRESS","8700016","1279","12","Republican","0"
"16","0","COOK","570","KAREN KOLODZIEJ","320","8TH CONGRESS","8700016","1279","12","Republican","10"
"16","0","COOK","555","CHAD KOPPIE","320","8TH CONGRESS","8700016","1279","12","Republican","4"
"16","0","COOK","565","PHILLIP OWEN WOOD","320","8TH CONGRESS","8700016","1279","12","Republican","1"
"16","0","COOK","560","PETER KOPSAFTIS","320","8TH CONGRESS","8700019","1017","12","Republican","23"
"16","0","COOK","575","CHRIS DARGIS","320","8TH CONGRESS","8700019","1017","12","Republican","51"
"16","0","COOK","0","Under Votes","320","8TH CONGRESS","8700019","1017","12","Republican","9"
"16","0","COOK","0","Over Votes","320","8TH CONGRESS","8700019","1017","12","Republican","0"
"16","0","COOK","570","KAREN KOLODZIEJ","320","8TH CONGRESS","8700019","1017","12","Republican","14"
"16","0","COOK","565","PHILLIP OWEN WOOD","320","8TH CONGRESS","8700019","1017","12","Republican","9"
"16","0","COOK","555","CHAD KOPPIE","320","8TH CONGRESS","8700019","1017","12","Republican","4"
"16","0","COOK","560","PETER KOPSAFTIS","320","8TH CONGRESS","8700022","893","12","Republican","14"
"16","0","COOK","575","CHRIS DARGIS","320","8TH CONGRESS","8700022","893","12","Republican","44"
"16","0","COOK","0","Under Votes","320","8TH CONGRESS","8700022","893","12","Republican","8"
"16","0","COOK","0","Over Votes","320","8TH CONGRESS","8700022","893","12","Republican","0"
"16","0","COOK","570","KAREN KOLODZIEJ","320","8TH CONGRESS","8700022","893","12","Republican","19"
"16","0","COOK","565","PHILLIP OWEN WOOD","320","8TH CONGRESS","8700022","893","12","Republican","16"
"16","0","COOK","555","CHAD KOPPIE","320","8TH CONGRESS","8700022","893","12","Republican","4"
"16","0","COOK","560","PETER KOPSAFTIS","320","8TH CONGRESS","8700052","1017","12","Republican","24"
"16","0","COOK","575","CHRIS DARGIS","320","8TH CONGRESS","8700052","1017","12","Republican","63"
"16","0","COOK","0","Under Votes","320","8TH CONGRESS","8700052","1017","12","Republican","8"
"16","0","COOK","0","Over Votes","320","8TH CONGRESS","8700052","1017","12","Republican","0"
"16","0","COOK","570","KAREN KOLODZIEJ","320","8TH CONGRESS","8700052","1017","12","Republican","14"
"16","0","COOK","565","PHILLIP OWEN WOOD","320","8TH CONGRESS","8700052","1017","12","Republican","16"
"16","0","COOK","555","CHAD KOPPIE","320","8TH CONGRESS","8700052","1017","12","Republican","7"
"16","0","COOK","560","PETER KOPSAFTIS","320","8TH CONGRESS","9300001","1920","12","Republican","31"
"16","0","COOK","575","CHRIS DARGIS","320","8TH CONGRESS","9300001","1920","12","Republican","26"
"16","0","COOK","0","Under Votes","320","8TH CONGRESS","9300001","1920","12","Republican","6"
"16","0","COOK","0","Over Votes","320","8TH CONGRESS","9300001","1920","12","Republican","0"
"16","0","COOK","570","KAREN KOLODZIEJ","320","8TH CONGRESS","9300001","1920","12","Republican","15"
"16","0","COOK","555","CHAD KOPPIE","320","8TH CONGRESS","9300001","1920","12","Republican","13"
"16","0","COOK","565","PHILLIP OWEN WOOD","320","8TH CONGRESS","9300001","1920","12","Republican","10"
"16","0","COOK","560","PETER KOPSAFTIS","320","8TH CONGRESS","9300004","707","12","Republican","4"
"16","0","COOK","575","CHRIS DARGIS","320","8TH CONGRESS","9300004","707","12","Republican","4"
"16","0","COOK","0","Under Votes","320","8TH CONGRESS","9300004","707","12","Republican","0"
"16","0","COOK","0","Over Votes","320","8TH CONGRESS","9300004","707","12","Republican","0"
"16","0","COOK","570","KAREN KOLODZIEJ","320","8TH CONGRESS","9300004","707","12","Republican","3"
"16","0","COOK","565","PHILLIP OWEN WOOD","320","8TH CONGRESS","9300004","707","12","Republican","3"
"16","0","COOK","555","CHAD KOPPIE","320","8TH CONGRESS","9300004","707","12","Republican","4"
"16","0","COOK","560","PETER KOPSAFTIS","320","8TH CONGRESS","9300007","945","12","Republican","8"
"16","0","COOK","575","CHRIS DARGIS","320","8TH CONGRESS","9300007","945","12","Republican","7"
"16","0","COOK","0","Under Votes","320","8TH CONGRESS","9300007","945","12","Republican","2"
"16","0","COOK","0","Over Votes","320","8TH CONGRESS","9300007","945","12","Republican","0"
"16","0","COOK","570","KAREN KOLODZIEJ","320","8TH CONGRESS","9300007","945","12","Republican","4"
"16","0","COOK","565","PHILLIP OWEN WOOD","320","8TH CONGRESS","9300007","945","12","Republican","2"
"16","0","COOK","555","CHAD KOPPIE","320","8TH CONGRESS","9300007","945","12","Republican","3"
"16","0","COOK","560","PETER KOPSAFTIS","320","8TH CONGRESS","9300031","1336","12","Republican","17"
"16","0","COOK","575","CHRIS DARGIS","320","8TH CONGRESS","9300031","1336","12","Republican","34"
"16","0","COOK","0","Under Votes","320","8TH CONGRESS","9300031","1336","12","Republican","4"
"16","0","COOK","0","Over Votes","320","8TH CONGRESS","9300031","1336","12","Republican","0"
"16","0","COOK","570","KAREN KOLODZIEJ","320","8TH CONGRESS","9300031","1336","12","Republican","19"
"16","0","COOK","555","CHAD KOPPIE","320","8TH CONGRESS","9300031","1336","12","Republican","9"
"16","0","COOK","565","PHILLIP OWEN WOOD","320","8TH CONGRESS","9300031","1336","12","Republican","7"
"16","0","COOK","560","PETER KOPSAFTIS","320","8TH CONGRESS","9300034","1315","12","Republican","14"
"16","0","COOK","575","CHRIS DARGIS","320","8TH CONGRESS","9300034","1315","12","Republican","7"
"16","0","COOK","0","Under Votes","320","8TH CONGRESS","9300034","1315","12","Republican","4"
"16","0","COOK","0","Over Votes","320","8TH CONGRESS","9300034","1315","12","Republican","0"
"16","0","COOK","570","KAREN KOLODZIEJ","320","8TH CONGRESS","9300034","1315","12","Republican","8"
"16","0","COOK","565","PHILLIP OWEN WOOD","320","8TH CONGRESS","9300034","1315","12","Republican","6"
"16","0","COOK","555","CHAD KOPPIE","320","8TH CONGRESS","9300034","1315","12","Republican","7"
"16","0","COOK","560","PETER KOPSAFTIS","320","8TH CONGRESS","9300037","629","12","Republican","27"
"16","0","COOK","575","CHRIS DARGIS","320","8TH CONGRESS","9300037","629","12","Republican","13"
"16","0","COOK","0","Under Votes","320","8TH CONGRESS","9300037","629","12","Republican","2"
"16","0","COOK","0","Over Votes","320","8TH CONGRESS","9300037","629","12","Republican","0"
"16","0","COOK","570","KAREN KOLODZIEJ","320","8TH CONGRESS","9300037","629","12","Republican","5"
"16","0","COOK","565","PHILLIP OWEN WOOD","320","8TH CONGRESS","9300037","629","12","Republican","6"
"16","0","COOK","555","CHAD KOPPIE","320","8TH CONGRESS","9300037","629","12","Republican","3"
"16","0","COOK","560","PETER KOPSAFTIS","320","8TH CONGRESS","9300042","1495","12","Republican","11"
"16","0","COOK","575","CHRIS DARGIS","320","8TH CONGRESS","9300042","1495","12","Republican","11"
"16","0","COOK","0","Under Votes","320","8TH CONGRESS","9300042","1495","12","Republican","3"
"16","0","COOK","0","Over Votes","320","8TH CONGRESS","9300042","1495","12","Republican","0"
"16","0","COOK","570","KAREN KOLODZIEJ","320","8TH CONGRESS","9300042","1495","12","Republican","11"
"16","0","COOK","565","PHILLIP OWEN WOOD","320","8TH CONGRESS","9300042","1495","12","Republican","9"
"16","0","COOK","555","CHAD KOPPIE","320","8TH CONGRESS","9300042","1495","12","Republican","6"
"16","0","COOK","560","PETER KOPSAFTIS","320","8TH CONGRESS","9300066","1245","12","Republican","43"
"16","0","COOK","575","CHRIS DARGIS","320","8TH CONGRESS","9300066","1245","12","Republican","38"
"16","0","COOK","0","Under Votes","320","8TH CONGRESS","9300066","1245","12","Republican","11"
"16","0","COOK","0","Over Votes","320","8TH CONGRESS","9300066","1245","12","Republican","0"
"16","0","COOK","570","KAREN KOLODZIEJ","320","8TH CONGRESS","9300066","1245","12","Republican","19"
"16","0","COOK","575","CHRIS DARGIS","320","8TH CONGRESS","8700005","1402","12","Republican","58"
"16","0","COOK","0","Under Votes","320","8TH CONGRESS","8700005","1402","12","Republican","8"
"16","0","COOK","0","Over Votes","320","8TH CONGRESS","8700005","1402","12","Republican","0"
"16","0","COOK","570","KAREN KOLODZIEJ","320","8TH CONGRESS","8700005","1402","12","Republican","19"
"16","0","COOK","555","CHAD KOPPIE","320","8TH CONGRESS","8700005","1402","12","Republican","13"
"16","0","COOK","565","PHILLIP OWEN WOOD","320","8TH CONGRESS","8700005","1402","12","Republican","16"
"16","0","COOK","560","PETER KOPSAFTIS","320","8TH CONGRESS","8700033","823","12","Republican","2"
"16","0","COOK","575","CHRIS DARGIS","320","8TH CONGRESS","8700033","823","12","Republican","8"
"16","0","COOK","0","Under Votes","320","8TH CONGRESS","8700033","823","12","Republican","4"
"16","0","COOK","0","Over Votes","320","8TH CONGRESS","8700033","823","12","Republican","0"
"16","0","COOK","570","KAREN KOLODZIEJ","320","8TH CONGRESS","8700033","823","12","Republican","7"
"16","0","COOK","555","CHAD KOPPIE","320","8TH CONGRESS","8700033","823","12","Republican","3"
"16","0","COOK","565","PHILLIP OWEN WOOD","320","8TH CONGRESS","8700033","823","12","Republican","5"
"16","0","COOK","560","PETER KOPSAFTIS","320","8TH CONGRESS","8700036","997","12","Republican","7"
"16","0","COOK","575","CHRIS DARGIS","320","8TH CONGRESS","8700036","997","12","Republican","26"
"16","0","COOK","0","Under Votes","320","8TH CONGRESS","8700036","997","12","Republican","5"
"16","0","COOK","0","Over Votes","320","8TH CONGRESS","8700036","997","12","Republican","0"
"16","0","COOK","570","KAREN KOLODZIEJ","320","8TH CONGRESS","8700036","997","12","Republican","9"
"16","0","COOK","555","CHAD KOPPIE","320","8TH CONGRESS","8700036","997","12","Republican","4"
"16","0","COOK","565","PHILLIP OWEN WOOD","320","8TH CONGRESS","8700036","997","12","Republican","6"
"16","0","COOK","560","PETER KOPSAFTIS","320","8TH CONGRESS","8700039","1482","12","Republican","26"
"16","0","COOK","575","CHRIS DARGIS","320","8TH CONGRESS","8700039","1482","12","Republican","59"
"16","0","COOK","0","Under Votes","320","8TH CONGRESS","8700039","1482","12","Republican","18"
"16","0","COOK","0","Over Votes","320","8TH CONGRESS","8700039","1482","12","Republican","0"
"16","0","COOK","570","KAREN KOLODZIEJ","320","8TH CONGRESS","8700039","1482","12","Republican","21"
"16","0","COOK","555","CHAD KOPPIE","320","8TH CONGRESS","8700039","1482","12","Republican","20"
"16","0","COOK","565","PHILLIP OWEN WOOD","320","8TH CONGRESS","8700039","1482","12","Republican","15"
"16","0","COOK","565","PHILLIP OWEN WOOD","320","8TH CONGRESS","8700059","1509","12","Republican","5"
"16","0","COOK","560","PETER KOPSAFTIS","320","8TH CONGRESS","8700059","1509","12","Republican","10"
"16","0","COOK","575","CHRIS DARGIS","320","8TH CONGRESS","8700059","1509","12","Republican","30"
"16","0","COOK","0","Under Votes","320","8TH CONGRESS","8700059","1509","12","Republican","7"
"16","0","COOK","0","Over Votes","320","8TH CONGRESS","8700059","1509","12","Republican","0"
"16","0","COOK","570","KAREN KOLODZIEJ","320","8TH CONGRESS","8700059","1509","12","Republican","5"
"16","0","COOK","555","CHAD KOPPIE","320","8TH CONGRESS","8700059","1509","12","Republican","1"
"16","0","COOK","560","PETER KOPSAFTIS","320","8TH CONGRESS","8700063","1102","12","Republican","22"
"16","0","COOK","575","CHRIS DARGIS","320","8TH CONGRESS","8700063","1102","12","Republican","40"
"16","0","COOK","0","Under Votes","320","8TH CONGRESS","8700063","1102","12","Republican","8"
"16","0","COOK","0","Over Votes","320","8TH CONGRESS","8700063","1102","12","Republican","0"
"16","0","COOK","570","KAREN KOLODZIEJ","320","8TH CONGRESS","8700063","1102","12","Republican","9"
"16","0","COOK","565","PHILLIP OWEN WOOD","320","8TH CONGRESS","8700063","1102","12","Republican","19"
"16","0","COOK","555","CHAD KOPPIE","320","8TH CONGRESS","8700063","1102","12","Republican","6"
"16","0","COOK","560","PETER KOPSAFTIS","320","8TH CONGRESS","9300015","1069","12","Republican","25"
"16","0","COOK","575","CHRIS DARGIS","320","8TH CONGRESS","9300015","1069","12","Republican","20"
"16","0","COOK","0","Under Votes","320","8TH CONGRESS","9300015","1069","12","Republican","3"
"16","0","COOK","0","Over Votes","320","8TH CONGRESS","9300015","1069","12","Republican","0"
"16","0","COOK","570","KAREN KOLODZIEJ","320","8TH CONGRESS","9300015","1069","12","Republican","18"
"16","0","COOK","565","PHILLIP OWEN WOOD","320","8TH CONGRESS","9300015","1069","12","Republican","6"
"16","0","COOK","555","CHAD KOPPIE","320","8TH CONGRESS","9300015","1069","12","Republican","9"
"16","0","COOK","0","Under Votes","320","8TH CONGRESS","7400020","1697","12","Republican","20"
"16","0","COOK","575","CHRIS DARGIS","320","8TH CONGRESS","7400020","1697","12","Republican","57"
"16","0","COOK","0","Over Votes","320","8TH CONGRESS","7400020","1697","12","Republican","0"
"16","0","COOK","570","KAREN KOLODZIEJ","320","8TH CONGRESS","7400020","1697","12","Republican","21"
"16","0","COOK","555","CHAD KOPPIE","320","8TH CONGRESS","7400020","1697","12","Republican","17"
"16","0","COOK","565","PHILLIP OWEN WOOD","320","8TH CONGRESS","7400023","1519","12","Republican","16"
"16","0","COOK","560","PETER KOPSAFTIS","320","8TH CONGRESS","7400023","1519","12","Republican","17"
"16","0","COOK","575","CHRIS DARGIS","320","8TH CONGRESS","7400023","1519","12","Republican","28"
"16","0","COOK","0","Over Votes","320","8TH CONGRESS","7400023","1519","12","Republican","0"
"16","0","COOK","0","Under Votes","320","8TH CONGRESS","7400023","1519","12","Republican","13"
"16","0","COOK","570","KAREN KOLODZIEJ","320","8TH CONGRESS","7400023","1519","12","Republican","17"
"16","0","COOK","555","CHAD KOPPIE","320","8TH CONGRESS","7400023","1519","12","Republican","12"
"16","0","COOK","560","PETER KOPSAFTIS","320","8TH CONGRESS","7400047","1101","12","Republican","15"
"16","0","COOK","0","Under Votes","320","8TH CONGRESS","7400047","1101","12","Republican","15"
"16","0","COOK","575","CHRIS DARGIS","320","8TH CONGRESS","7400047","1101","12","Republican","53"
"16","0","COOK","0","Over Votes","320","8TH CONGRESS","7400047","1101","12","Republican","0"
"16","0","COOK","570","KAREN KOLODZIEJ","320","8TH CONGRESS","7400047","1101","12","Republican","25"
"16","0","COOK","555","CHAD KOPPIE","320","8TH CONGRESS","7400047","1101","12","Republican","11"
"16","0","COOK","565","PHILLIP OWEN WOOD","320","8TH CONGRESS","7400047","1101","12","Republican","19"
"16","0","COOK","565","PHILLIP OWEN WOOD","320","8TH CONGRESS","7400050","753","12","Republican","4"
"16","0","COOK","560","PETER KOPSAFTIS","320","8TH CONGRESS","7400050","753","12","Republican","6"
"16","0","COOK","0","Under Votes","320","8TH CONGRESS","7400050","753","12","Republican","4"
"16","0","COOK","575","CHRIS DARGIS","320","8TH CONGRESS","7400050","753","12","Republican","2"
"16","0","COOK","0","Over Votes","320","8TH CONGRESS","7400050","753","12","Republican","0"
"16","0","COOK","570","KAREN KOLODZIEJ","320","8TH CONGRESS","7400050","753","12","Republican","5"
"16","0","COOK","555","CHAD KOPPIE","320","8TH CONGRESS","7400050","753","12","Republican","1"
"16","0","COOK","565","PHILLIP OWEN WOOD","320","8TH CONGRESS","7600021","1390","12","Republican","9"
"16","0","COOK","560","PETER KOPSAFTIS","320","8TH CONGRESS","7600021","1390","12","Republican","8"
"16","0","COOK","575","CHRIS DARGIS","320","8TH CONGRESS","7600021","1390","12","Republican","26"
"16","0","COOK","0","Under Votes","320","8TH CONGRESS","7600021","1390","12","Republican","6"
"16","0","COOK","0","Over Votes","320","8TH CONGRESS","7600021","1390","12","Republican","0"
"16","0","COOK","570","KAREN KOLODZIEJ","320","8TH CONGRESS","7600021","1390","12","Republican","19"
"16","0","COOK","555","CHAD KOPPIE","320","8TH CONGRESS","7600021","1390","12","Republican","18"
"16","0","COOK","0","Over Votes","320","8TH CONGRESS","8000017","1061","12","Republican","0"
"16","0","COOK","570","KAREN KOLODZIEJ","320","8TH CONGRESS","8000017","1061","12","Republican","16"
"16","0","COOK","555","CHAD KOPPIE","320","8TH CONGRESS","8000017","1061","12","Republican","9"
"16","0","COOK","565","PHILLIP OWEN WOOD","320","8TH CONGRESS","8000017","1061","12","Republican","3"
"16","0","COOK","560","PETER KOPSAFTIS","320","8TH CONGRESS","8000017","1061","12","Republican","14"
"16","0","COOK","575","CHRIS DARGIS","320","8TH CONGRESS","8000017","1061","12","Republican","23"
"16","0","COOK","0","Under Votes","320","8TH CONGRESS","8000017","1061","12","Republican","4"
"16","0","COOK","560","PETER KOPSAFTIS","320","8TH CONGRESS","8700002","1292","12","Republican","20"
"16","0","COOK","575","CHRIS DARGIS","320","8TH CONGRESS","8700002","1292","12","Republican","71"
"16","0","COOK","0","Under Votes","320","8TH CONGRESS","8700002","1292","12","Republican","16"
"16","0","COOK","0","Over Votes","320","8TH CONGRESS","8700002","1292","12","Republican","0"
"16","0","COOK","570","KAREN KOLODZIEJ","320","8TH CONGRESS","8700002","1292","12","Republican","13"
"16","0","COOK","555","CHAD KOPPIE","320","8TH CONGRESS","8700002","1292","12","Republican","10"
"16","0","COOK","565","PHILLIP OWEN WOOD","320","8TH CONGRESS","8700002","1292","12","Republican","15"
"16","0","COOK","560","PETER KOPSAFTIS","320","8TH CONGRESS","8700005","1402","12","Republican","37"
"16","0","COOK","560","PETER KOPSAFTIS","320","8TH CONGRESS","9300076","949","12","Republican","27"
"16","0","COOK","0","Under Votes","320","8TH CONGRESS","9300076","949","12","Republican","6"
"16","0","COOK","575","CHRIS DARGIS","320","8TH CONGRESS","9300076","949","12","Republican","25"
"16","0","COOK","0","Over Votes","320","8TH CONGRESS","9300076","949","12","Republican","0"
"16","0","COOK","570","KAREN KOLODZIEJ","320","8TH CONGRESS","9300076","949","12","Republican","13"
"16","0","COOK","565","PHILLIP OWEN WOOD","320","8TH CONGRESS","9300076","949","12","Republican","9"
"16","0","COOK","555","CHAD KOPPIE","320","8TH CONGRESS","9300076","949","12","Republican","4"
"16","0","COOK","555","CHAD KOPPIE","320","8TH CONGRESS","9300066","1245","12","Republican","5"
"16","0","COOK","565","PHILLIP OWEN WOOD","320","8TH CONGRESS","9300066","1245","12","Republican","14"
"16","0","COOK","560","PETER KOPSAFTIS","320","8TH CONGRESS","9300069","801","12","Republican","12"
"16","0","COOK","575","CHRIS DARGIS","320","8TH CONGRESS","9300069","801","12","Republican","15"
"16","0","COOK","0","Under Votes","320","8TH CONGRESS","9300069","801","12","Republican","4"
"16","0","COOK","0","Over Votes","320","8TH CONGRESS","9300069","801","12","Republican","0"
"16","0","COOK","570","KAREN KOLODZIEJ","320","8TH CONGRESS","9300069","801","12","Republican","18"
"16","0","COOK","565","PHILLIP OWEN WOOD","320","8TH CONGRESS","9300069","801","12","Republican","7"
"16","0","COOK","555","CHAD KOPPIE","320","8TH CONGRESS","9300069","801","12","Republican","10"
"16","0","COOK","560","PETER KOPSAFTIS","320","8TH CONGRESS","9300072","1014","12","Republican","24"
"16","0","COOK","575","CHRIS DARGIS","320","8TH CONGRESS","9300072","1014","12","Republican","17"
"16","0","COOK","0","Under Votes","320","8TH CONGRESS","9300072","1014","12","Republican","3"
"16","0","COOK","0","Over Votes","320","8TH CONGRESS","9300072","1014","12","Republican","0"
"16","0","COOK","570","KAREN KOLODZIEJ","320","8TH CONGRESS","9300072","1014","12","Republican","10"
"16","0","COOK","565","PHILLIP OWEN WOOD","320","8TH CONGRESS","9300072","1014","12","Republican","3"
"16","0","COOK","555","CHAD KOPPIE","320","8TH CONGRESS","9300072","1014","12","Republican","8"
"16","0","COOK","560","PETER KOPSAFTIS","320","8TH CONGRESS","9300077","1366","12","Republican","21"
"16","0","COOK","575","CHRIS DARGIS","320","8TH CONGRESS","9300077","1366","12","Republican","24"
"16","0","COOK","0","Under Votes","320","8TH CONGRESS","9300077","1366","12","Republican","9"
"16","0","COOK","0","Over Votes","320","8TH CONGRESS","9300077","1366","12","Republican","0"
"16","0","COOK","570","KAREN KOLODZIEJ","320","8TH CONGRESS","9300077","1366","12","Republican","22"
"16","0","COOK","565","PHILLIP OWEN WOOD","320","8TH CONGRESS","9300077","1366","12","Republican","7"
"16","0","COOK","555","CHAD KOPPIE","320","8TH CONGRESS","9300077","1366","12","Republican","15"
"16","0","COOK","560","PETER KOPSAFTIS","320","8TH CONGRESS","9300071","900","12","Republican","20"
"16","0","COOK","0","Under Votes","320","8TH CONGRESS","9300071","900","12","Republican","7"
"16","0","COOK","575","CHRIS DARGIS","320","8TH CONGRESS","9300071","900","12","Republican","18"
"16","0","COOK","0","Over Votes","320","8TH CONGRESS","9300071","900","12","Republican","0"
"16","0","COOK","565","PHILLIP OWEN WOOD","320","8TH CONGRESS","7600038","1335","12","Republican","13"
"16","0","COOK","560","PETER KOPSAFTIS","320","8TH CONGRESS","7600041","1509","12","Republican","13"
"16","0","COOK","575","CHRIS DARGIS","320","8TH CONGRESS","7600041","1509","12","Republican","34"
"16","0","COOK","0","Under Votes","320","8TH CONGRESS","7600041","1509","12","Republican","11"
"16","0","COOK","0","Over Votes","320","8TH CONGRESS","7600041","1509","12","Republican","0"
"16","0","COOK","570","KAREN KOLODZIEJ","320","8TH CONGRESS","7600041","1509","12","Republican","11"
"16","0","COOK","555","CHAD KOPPIE","320","8TH CONGRESS","7600041","1509","12","Republican","15"
"16","0","COOK","565","PHILLIP OWEN WOOD","320","8TH CONGRESS","7600041","1509","12","Republican","22"
"16","0","COOK","560","PETER KOPSAFTIS","320","8TH CONGRESS","7800038","479","12","Republican","38"
"16","0","COOK","575","CHRIS DARGIS","320","8TH CONGRESS","7800038","479","12","Republican","1"
"16","0","COOK","0","Under Votes","320","8TH CONGRESS","7800038","479","12","Republican","9"
"16","0","COOK","0","Over Votes","320","8TH CONGRESS","7800038","479","12","Republican","0"
"16","0","COOK","570","KAREN KOLODZIEJ","320","8TH CONGRESS","7800038","479","12","Republican","4"
"16","0","COOK","555","CHAD KOPPIE","320","8TH CONGRESS","7800038","479","12","Republican","5"
"16","0","COOK","565","PHILLIP OWEN WOOD","320","8TH CONGRESS","7800038","479","12","Republican","2"
"16","0","COOK","565","PHILLIP OWEN WOOD","320","8TH CONGRESS","8000006","1349","12","Republican","22"
"16","0","COOK","560","PETER KOPSAFTIS","320","8TH CONGRESS","8000006","1349","12","Republican","12"
"16","0","COOK","575","CHRIS DARGIS","320","8TH CONGRESS","8000006","1349","12","Republican","39"
"16","0","COOK","0","Under Votes","320","8TH CONGRESS","8000006","1349","12","Republican","12"
"16","0","COOK","0","Over Votes","320","8TH CONGRESS","8000006","1349","12","Republican","0"
"16","0","COOK","570","KAREN KOLODZIEJ","320","8TH CONGRESS","8000006","1349","12","Republican","21"
"16","0","COOK","555","CHAD KOPPIE","320","8TH CONGRESS","8000006","1349","12","Republican","9"
"16","0","COOK","560","PETER KOPSAFTIS","320","8TH CONGRESS","8000010","1383","12","Republican","19"
"16","0","COOK","575","CHRIS DARGIS","320","8TH CONGRESS","8000010","1383","12","Republican","35"
"16","0","COOK","0","Under Votes","320","8TH CONGRESS","8000010","1383","12","Republican","12"
"16","0","COOK","0","Over Votes","320","8TH CONGRESS","8000010","1383","12","Republican","0"
"16","0","COOK","570","KAREN KOLODZIEJ","320","8TH CONGRESS","8000010","1383","12","Republican","17"
"16","0","COOK","555","CHAD KOPPIE","320","8TH CONGRESS","8000010","1383","12","Republican","15"
"16","0","COOK","565","PHILLIP OWEN WOOD","320","8TH CONGRESS","8000010","1383","12","Republican","17"
"16","0","COOK","560","PETER KOPSAFTIS","320","8TH CONGRESS","8000014","1145","12","Republican","14"
"16","0","COOK","575","CHRIS DARGIS","320","8TH CONGRESS","8000014","1145","12","Republican","37"
"16","0","COOK","0","Under Votes","320","8TH CONGRESS","8000014","1145","12","Republican","9"
"16","0","COOK","0","Over Votes","320","8TH CONGRESS","8000014","1145","12","Republican","0"
"16","0","COOK","570","KAREN KOLODZIEJ","320","8TH CONGRESS","8000014","1145","12","Republican","12"
"16","0","COOK","555","CHAD KOPPIE","320","8TH CONGRESS","8000014","1145","12","Republican","18"
"16","0","COOK","565","PHILLIP OWEN WOOD","320","8TH CONGRESS","8000014","1145","12","Republican","13"
"16","0","COOK","565","PHILLIP OWEN WOOD","320","8TH CONGRESS","8000048","1087","12","Republican","14"
"16","0","COOK","560","PETER KOPSAFTIS","320","8TH CONGRESS","8000048","1087","12","Republican","11"
"16","0","COOK","575","CHRIS DARGIS","320","8TH CONGRESS","8000048","1087","12","Republican","29"
"16","0","COOK","0","Under Votes","320","8TH CONGRESS","8000048","1087","12","Republican","5"
"16","0","COOK","0","Over Votes","320","8TH CONGRESS","8000048","1087","12","Republican","0"
"16","0","COOK","570","KAREN KOLODZIEJ","320","8TH CONGRESS","8000048","1087","12","Republican","20"
"16","0","COOK","555","CHAD KOPPIE","320","8TH CONGRESS","8000048","1087","12","Republican","14"
"16","0","COOK","565","PHILLIP OWEN WOOD","320","8TH CONGRESS","8000079","1724","12","Republican","10"
"16","0","COOK","560","PETER KOPSAFTIS","320","8TH CONGRESS","8000079","1724","12","Republican","8"
"16","0","COOK","575","CHRIS DARGIS","320","8TH CONGRESS","8000079","1724","12","Republican","13"
"16","0","COOK","0","Under Votes","320","8TH CONGRESS","8000079","1724","12","Republican","3"
"16","0","COOK","0","Over Votes","320","8TH CONGRESS","8000079","1724","12","Republican","0"
"16","0","COOK","570","KAREN KOLODZIEJ","320","8TH CONGRESS","8000079","1724","12","Republican","15"
"16","0","COOK","555","CHAD KOPPIE","320","8TH CONGRESS","8000079","1724","12","Republican","6"
"16","0","COOK","565","PHILLIP OWEN WOOD","320","8TH CONGRESS","8700020","1177","12","Republican","5"
"16","0","COOK","560","PETER KOPSAFTIS","320","8TH CONGRESS","8700020","1177","12","Republican","7"
"16","0","COOK","575","CHRIS DARGIS","320","8TH CONGRESS","8700020","1177","12","Republican","14"
"16","0","COOK","0","Under Votes","320","8TH CONGRESS","8700020","1177","12","Republican","1"
"16","0","COOK","0","Over Votes","320","8TH CONGRESS","8700020","1177","12","Republican","0"
"16","0","COOK","570","KAREN KOLODZIEJ","320","8TH CONGRESS","8700020","1177","12","Republican","12"
"16","0","COOK","555","CHAD KOPPIE","320","8TH CONGRESS","8700020","1177","12","Republican","4"
"16","0","COOK","565","PHILLIP OWEN WOOD","320","8TH CONGRESS","8700026","1210","12","Republican","16"
"16","0","COOK","560","PETER KOPSAFTIS","320","8TH CONGRESS","8700026","1210","12","Republican","13"
"16","0","COOK","575","CHRIS DARGIS","320","8TH CONGRESS","8700026","1210","12","Republican","51"
"16","0","COOK","0","Under Votes","320","8TH CONGRESS","8700026","1210","12","Republican","12"
"16","0","COOK","0","Over Votes","320","8TH CONGRESS","8700026","1210","12","Republican","0"
"16","0","COOK","570","KAREN KOLODZIEJ","320","8TH CONGRESS","8700026","1210","12","Republican","16"
"16","0","COOK","555","CHAD KOPPIE","320","8TH CONGRESS","8700026","1210","12","Republican","16"
"16","0","COOK","565","PHILLIP OWEN WOOD","320","8TH CONGRESS","8700053","818","12","Republican","13"
"16","0","COOK","560","PETER KOPSAFTIS","320","8TH CONGRESS","8700053","818","12","Republican","17"
"16","0","COOK","575","CHRIS DARGIS","320","8TH CONGRESS","8700053","818","12","Republican","26"
"16","0","COOK","0","Under Votes","320","8TH CONGRESS","8700053","818","12","Republican","10"
"16","0","COOK","0","Over Votes","320","8TH CONGRESS","8700053","818","12","Republican","0"
"16","0","COOK","570","KAREN KOLODZIEJ","320","8TH CONGRESS","8700053","818","12","Republican","16"
"16","0","COOK","555","CHAD KOPPIE","320","8TH CONGRESS","8700053","818","12","Republican","7"
"16","0","COOK","565","PHILLIP OWEN WOOD","320","8TH CONGRESS","9300002","1966","12","Republican","5"
"16","0","COOK","555","CHAD KOPPIE","320","8TH CONGRESS","9300002","1966","12","Republican","11"
"16","0","COOK","0","Under Votes","320","8TH CONGRESS","9300002","1966","12","Republican","9"
"16","0","COOK","0","Over Votes","320","8TH CONGRESS","9300002","1966","12","Republican","0"
"16","0","COOK","570","KAREN KOLODZIEJ","320","8TH CONGRESS","9300002","1966","12","Republican","13"
"16","0","COOK","560","PETER KOPSAFTIS","320","8TH CONGRESS","9300002","1966","12","Republican","22"
"16","0","COOK","575","CHRIS DARGIS","320","8TH CONGRESS","9300002","1966","12","Republican","27"
"16","0","COOK","565","PHILLIP OWEN WOOD","320","8TH CONGRESS","9300005","554","12","Republican","4"
"16","0","COOK","560","PETER KOPSAFTIS","320","8TH CONGRESS","9300005","554","12","Republican","27"
"16","0","COOK","575","CHRIS DARGIS","320","8TH CONGRESS","9300005","554","12","Republican","30"
"16","0","COOK","0","Under Votes","320","8TH CONGRESS","9300005","554","12","Republican","5"
"16","0","COOK","0","Over Votes","320","8TH CONGRESS","9300005","554","12","Republican","0"
"16","0","COOK","570","KAREN KOLODZIEJ","320","8TH CONGRESS","9300005","554","12","Republican","11"
"16","0","COOK","555","CHAD KOPPIE","320","8TH CONGRESS","9300005","554","12","Republican","4"
"16","0","COOK","565","PHILLIP OWEN WOOD","320","8TH CONGRESS","9300008","857","12","Republican","6"
"16","0","COOK","560","PETER KOPSAFTIS","320","8TH CONGRESS","9300008","857","12","Republican","10"
"16","0","COOK","575","CHRIS DARGIS","320","8TH CONGRESS","9300008","857","12","Republican","17"
"16","0","COOK","0","Under Votes","320","8TH CONGRESS","9300008","857","12","Republican","4"
"16","0","COOK","0","Over Votes","320","8TH CONGRESS","9300008","857","12","Republican","0"
"16","0","COOK","570","KAREN KOLODZIEJ","320","8TH CONGRESS","9300008","857","12","Republican","12"
"16","0","COOK","555","CHAD KOPPIE","320","8TH CONGRESS","9300008","857","12","Republican","7"
"16","0","COOK","560","PETER KOPSAFTIS","320","8TH CONGRESS","9300012","1124","12","Republican","17"
"16","0","COOK","575","CHRIS DARGIS","320","8TH CONGRESS","9300012","1124","12","Republican","15"
"16","0","COOK","0","Under Votes","320","8TH CONGRESS","9300012","1124","12","Republican","10"
"16","0","COOK","0","Over Votes","320","8TH CONGRESS","9300012","1124","12","Republican","0"
"16","0","COOK","570","KAREN KOLODZIEJ","320","8TH CONGRESS","9300012","1124","12","Republican","9"
"16","0","COOK","565","PHILLIP OWEN WOOD","320","8TH CONGRESS","9300012","1124","12","Republican","2"
"16","0","COOK","555","CHAD KOPPIE","320","8TH CONGRESS","9300012","1124","12","Republican","3"
"16","0","COOK","560","PETER KOPSAFTIS","320","8TH CONGRESS","9300035","711","12","Republican","21"
"16","0","COOK","575","CHRIS DARGIS","320","8TH CONGRESS","9300035","711","12","Republican","8"
"16","0","COOK","0","Under Votes","320","8TH CONGRESS","9300035","711","12","Republican","4"
"16","0","COOK","0","Over Votes","320","8TH CONGRESS","9300035","711","12","Republican","0"
"16","0","COOK","570","KAREN KOLODZIEJ","320","8TH CONGRESS","9300035","711","12","Republican","6"
"16","0","COOK","565","PHILLIP OWEN WOOD","320","8TH CONGRESS","9300035","711","12","Republican","5"
"16","0","COOK","555","CHAD KOPPIE","320","8TH CONGRESS","9300035","711","12","Republican","4"
"16","0","COOK","560","PETER KOPSAFTIS","320","8TH CONGRESS","9300039","1375","12","Republican","43"
"16","0","COOK","575","CHRIS DARGIS","320","8TH CONGRESS","9300039","1375","12","Republican","47"
"16","0","COOK","0","Under Votes","320","8TH CONGRESS","9300039","1375","12","Republican","16"
"16","0","COOK","0","Over Votes","320","8TH CONGRESS","9300039","1375","12","Republican","0"
"16","0","COOK","570","KAREN KOLODZIEJ","320","8TH CONGRESS","9300039","1375","12","Republican","19"
"16","0","COOK","565","PHILLIP OWEN WOOD","320","8TH CONGRESS","9300039","1375","12","Republican","9"
"16","0","COOK","555","CHAD KOPPIE","320","8TH CONGRESS","9300039","1375","12","Republican","12"
"16","0","COOK","560","PETER KOPSAFTIS","320","8TH CONGRESS","9300043","1388","12","Republican","14"
"16","0","COOK","575","CHRIS DARGIS","320","8TH CONGRESS","9300043","1388","12","Republican","21"
"16","0","COOK","0","Under Votes","320","8TH CONGRESS","9300043","1388","12","Republican","4"
"16","0","COOK","0","Over Votes","320","8TH CONGRESS","9300043","1388","12","Republican","0"
"16","0","COOK","570","KAREN KOLODZIEJ","320","8TH CONGRESS","9300043","1388","12","Republican","16"
"16","0","COOK","565","PHILLIP OWEN WOOD","320","8TH CONGRESS","9300043","1388","12","Republican","4"
"16","0","COOK","555","CHAD KOPPIE","320","8TH CONGRESS","9300043","1388","12","Republican","2"
"16","0","COOK","560","PETER KOPSAFTIS","320","8TH CONGRESS","9300070","1649","12","Republican","42"
"16","0","COOK","575","CHRIS DARGIS","320","8TH CONGRESS","9300070","1649","12","Republican","44"
"16","0","COOK","0","Under Votes","320","8TH CONGRESS","9300070","1649","12","Republican","15"
"16","0","COOK","0","Over Votes","320","8TH CONGRESS","9300070","1649","12","Republican","0"
"16","0","COOK","570","KAREN KOLODZIEJ","320","8TH CONGRESS","9300070","1649","12","Republican","14"
"16","0","COOK","565","PHILLIP OWEN WOOD","320","8TH CONGRESS","9300070","1649","12","Republican","10"
"16","0","COOK","555","CHAD KOPPIE","320","8TH CONGRESS","9300070","1649","12","Republican","14"
"16","0","COOK","560","PETER KOPSAFTIS","320","8TH CONGRESS","9300074","723","12","Republican","6"
"16","0","COOK","575","CHRIS DARGIS","320","8TH CONGRESS","9300074","723","12","Republican","21"
"16","0","COOK","0","Under Votes","320","8TH CONGRESS","9300074","723","12","Republican","8"
"16","0","COOK","0","Over Votes","320","8TH CONGRESS","9300074","723","12","Republican","0"
"16","0","COOK","570","KAREN KOLODZIEJ","320","8TH CONGRESS","9300074","723","12","Republican","11"
"16","0","COOK","565","PHILLIP OWEN WOOD","320","8TH CONGRESS","9300074","723","12","Republican","13"
"16","0","COOK","555","CHAD KOPPIE","320","8TH CONGRESS","9300074","723","12","Republican","7"
"16","0","COOK","560","PETER KOPSAFTIS","320","8TH CONGRESS","9300078","993","12","Republican","7"
"16","0","COOK","575","CHRIS DARGIS","320","8TH CONGRESS","9300078","993","12","Republican","11"
"16","0","COOK","0","Under Votes","320","8TH CONGRESS","9300078","993","12","Republican","3"
"16","0","COOK","0","Over Votes","320","8TH CONGRESS","9300078","993","12","Republican","0"
"16","0","COOK","570","KAREN KOLODZIEJ","320","8TH CONGRESS","9300078","993","12","Republican","5"
"16","0","COOK","565","PHILLIP OWEN WOOD","320","8TH CONGRESS","9300078","993","12","Republican","5"
"16","0","COOK","555","CHAD KOPPIE","320","8TH CONGRESS","9300078","993","12","Republican","7"
"22","0","DuPAGE","555","CHAD KOPPIE","320","8TH CONGRESS","Wayne  002 - 0005","278","12","","2"
"22","0","DuPAGE","575","CHRIS DARGIS","320","8TH CONGRESS","Wayne  002 - 0005","278","12","","7"
"22","0","DuPAGE","560","PETER KOPSAFTIS","320","8TH CONGRESS","Wayne  002 - 0005","278","12","","3"
"22","0","DuPAGE","565","PHILLIP OWEN WOOD","320","8TH CONGRESS","Wayne  002 - 0005","278","12","","14"
"22","0","DuPAGE","0","Over Votes","320","8TH CONGRESS","Wayne  002 - 0005","278","12","","0"
"22","0","DuPAGE","0","Under Votes","320","8TH CONGRESS","Wayne  002 - 0005","278","12","","4"
"22","0","DuPAGE","570","KAREN KOLODZIEJ","320","8TH CONGRESS","Wayne  002 - 0005","278","12","","5"
"22","0","DuPAGE","555","CHAD KOPPIE","320","8TH CONGRESS","Wayne  006 - 0011","646","12","","16"
"22","0","DuPAGE","565","PHILLIP OWEN WOOD","320","8TH CONGRESS","Wayne  006 - 0011","646","12","","16"
"22","0","DuPAGE","575","CHRIS DARGIS","320","8TH CONGRESS","Wayne  006 - 0011","646","12","","21"
"22","0","DuPAGE","560","PETER KOPSAFTIS","320","8TH CONGRESS","Wayne  006 - 0011","646","12","","9"
"22","0","DuPAGE","0","Over Votes","320","8TH CONGRESS","Wayne  006 - 0011","646","12","","0"
"22","0","DuPAGE","0","Under Votes","320","8TH CONGRESS","Wayne  006 - 0011","646","12","","9"
"22","0","DuPAGE","570","KAREN KOLODZIEJ","320","8TH CONGRESS","Wayne  006 - 0011","646","12","","10"
"22","0","DuPAGE","555","CHAD KOPPIE","320","8TH CONGRESS","Wayne  021 - 0034","572","12","","5"
"22","0","DuPAGE","575","CHRIS DARGIS","320","8TH CONGRESS","Wayne  021 - 0034","572","12","","13"
"22","0","DuPAGE","560","PETER KOPSAFTIS","320","8TH CONGRESS","Wayne  021 - 0034","572","12","","12"
"22","0","DuPAGE","565","PHILLIP OWEN WOOD","320","8TH CONGRESS","Wayne  021 - 0034","572","12","","13"
"22","0","DuPAGE","0","Over Votes","320","8TH CONGRESS","Wayne  021 - 0034","572","12","","0"
"22","0","DuPAGE","570","KAREN KOLODZIEJ","320","8TH CONGRESS","Wayne  021 - 0034","572","12","","6"
"22","0","DuPAGE","0","Under Votes","320","8TH CONGRESS","Wayne  021 - 0034","572","12","","3"
"22","0","DuPAGE","555","CHAD KOPPIE","320","8TH CONGRESS","Wayne  023 - 0037","634","12","","5"
"22","0","DuPAGE","575","CHRIS DARGIS","320","8TH CONGRESS","Wayne  023 - 0037","634","12","","15"
"22","0","DuPAGE","565","PHILLIP OWEN WOOD","320","8TH CONGRESS","Wayne  023 - 0037","634","12","","19"
"22","0","DuPAGE","560","PETER KOPSAFTIS","320","8TH CONGRESS","Wayne  023 - 0037","634","12","","6"
"22","0","DuPAGE","0","Over Votes","320","8TH CONGRESS","Wayne  023 - 0037","634","12","","1"
"22","0","DuPAGE","0","Under Votes","320","8TH CONGRESS","Wayne  023 - 0037","634","12","","6"
"22","0","DuPAGE","570","KAREN KOLODZIEJ","320","8TH CONGRESS","Wayne  023 - 0037","634","12","","10"
"22","0","DuPAGE","555","CHAD KOPPIE","320","8TH CONGRESS","Wayne  024 - 0040","513","12","","7"
"22","0","DuPAGE","565","PHILLIP OWEN WOOD","320","8TH CONGRESS","Wayne  024 - 0040","513","12","","8"
"22","0","DuPAGE","575","CHRIS DARGIS","320","8TH CONGRESS","Wayne  024 - 0040","513","12","","9"
"22","0","DuPAGE","560","PETER KOPSAFTIS","320","8TH CONGRESS","Wayne  024 - 0040","513","12","","10"
"22","0","DuPAGE","0","Over Votes","320","8TH CONGRESS","Wayne  024 - 0040","513","12","","0"
"22","0","DuPAGE","0","Under Votes","320","8TH CONGRESS","Wayne  024 - 0040","513","12","","5"
"22","0","DuPAGE","570","KAREN KOLODZIEJ","320","8TH CONGRESS","Wayne  024 - 0040","513","12","","5"
"22","0","DuPAGE","555","CHAD KOPPIE","320","8TH CONGRESS","Wayne  027 - 0043","700","12","","7"
"22","0","DuPAGE","565","PHILLIP OWEN WOOD","320","8TH CONGRESS","Wayne  027 - 0043","700","12","","7"
"22","0","DuPAGE","575","CHRIS DARGIS","320","8TH CONGRESS","Wayne  027 - 0043","700","12","","12"
"22","0","DuPAGE","560","PETER KOPSAFTIS","320","8TH CONGRESS","Wayne  027 - 0043","700","12","","2"
"22","0","DuPAGE","0","Over Votes","320","8TH CONGRESS","Wayne  027 - 0043","700","12","","0"
"22","0","DuPAGE","0","Under Votes","320","8TH CONGRESS","Wayne  027 - 0043","700","12","","2"
"22","0","DuPAGE","570","KAREN KOLODZIEJ","320","8TH CONGRESS","Wayne  027 - 0043","700","12","","5"
"22","0","DuPAGE","555","CHAD KOPPIE","320","8TH CONGRESS","Wayne  045 - 0066","546","12","","6"
"22","0","DuPAGE","575","CHRIS DARGIS","320","8TH CONGRESS","Wayne  045 - 0066","546","12","","16"
"22","0","DuPAGE","565","PHILLIP OWEN WOOD","320","8TH CONGRESS","Wayne  045 - 0066","546","12","","8"
"22","0","DuPAGE","0","Over Votes","320","8TH CONGRESS","Wayne  045 - 0066","546","12","","1"
"22","0","DuPAGE","0","Under Votes","320","8TH CONGRESS","Wayne  045 - 0066","546","12","","1"
"22","0","DuPAGE","570","KAREN KOLODZIEJ","320","8TH CONGRESS","Wayne  045 - 0066","546","12","","6"
"22","0","DuPAGE","560","PETER KOPSAFTIS","320","8TH CONGRESS","Wayne  045 - 0066","546","12","","8"
"22","0","DuPAGE","555","CHAD KOPPIE","320","8TH CONGRESS","Wayne  050 - 0072","561","12","","11"
"22","0","DuPAGE","565","PHILLIP OWEN WOOD","320","8TH CONGRESS","Wayne  050 - 0072","561","12","","15"
"22","0","DuPAGE","575","CHRIS DARGIS","320","8TH CONGRESS","Wayne  050 - 0072","561","12","","7"
"22","0","DuPAGE","560","PETER KOPSAFTIS","320","8TH CONGRESS","Wayne  050 - 0072","561","12","","9"
"22","0","DuPAGE","0","Over Votes","320","8TH CONGRESS","Wayne  050 - 0072","561","12","","0"
"22","0","DuPAGE","570","KAREN KOLODZIEJ","320","8TH CONGRESS","Wayne  050 - 0072","561","12","","8"
"22","0","DuPAGE","0","Under Votes","320","8TH CONGRESS","Wayne  050 - 0072","561","12","","2"
"22","0","DuPAGE","555","CHAD KOPPIE","320","8TH CONGRESS","Bloomingdale  003 - 0095","608","12","","8"
"22","0","DuPAGE","575","CHRIS DARGIS","320","8TH CONGRESS","Bloomingdale  003 - 0095","608","12","","30"
"22","0","DuPAGE","565","PHILLIP OWEN WOOD","320","8TH CONGRESS","Bloomingdale  003 - 0095","608","12","","16"
"22","0","DuPAGE","0","Over Votes","320","8TH CONGRESS","Bloomingdale  003 - 0095","608","12","","1"
"22","0","DuPAGE","570","KAREN KOLODZIEJ","320","8TH CONGRESS","Bloomingdale  003 - 0095","608","12","","11"
"22","0","DuPAGE","0","Under Votes","320","8TH CONGRESS","Bloomingdale  003 - 0095","608","12","","7"
"22","0","DuPAGE","560","PETER KOPSAFTIS","320","8TH CONGRESS","Bloomingdale  003 - 0095","608","12","","5"
"22","0","DuPAGE","555","CHAD KOPPIE","320","8TH CONGRESS","Bloomingdale  005 - 0098","630","12","","5"
"22","0","DuPAGE","575","CHRIS DARGIS","320","8TH CONGRESS","Bloomingdale  005 - 0098","630","12","","18"
"22","0","DuPAGE","565","PHILLIP OWEN WOOD","320","8TH CONGRESS","Bloomingdale  005 - 0098","630","12","","18"
"22","0","DuPAGE","560","PETER KOPSAFTIS","320","8TH CONGRESS","Bloomingdale  005 - 0098","630","12","","11"
"22","0","DuPAGE","0","Over Votes","320","8TH CONGRESS","Bloomingdale  005 - 0098","630","12","","0"
"22","0","DuPAGE","570","KAREN KOLODZIEJ","320","8TH CONGRESS","Bloomingdale  005 - 0098","630","12","","12"
"22","0","DuPAGE","0","Under Votes","320","8TH CONGRESS","Bloomingdale  005 - 0098","630","12","","2"
"22","0","DuPAGE","555","CHAD KOPPIE","320","8TH CONGRESS","Bloomingdale  008 - 0101","865","12","","9"
"22","0","DuPAGE","565","PHILLIP OWEN WOOD","320","8TH CONGRESS","Bloomingdale  008 - 0101","865","12","","26"
"22","0","DuPAGE","575","CHRIS DARGIS","320","8TH CONGRESS","Bloomingdale  008 - 0101","865","12","","51"
"22","0","DuPAGE","560","PETER KOPSAFTIS","320","8TH CONGRESS","Bloomingdale  008 - 0101","865","12","","45"
"22","0","DuPAGE","0","Over Votes","320","8TH CONGRESS","Bloomingdale  008 - 0101","865","12","","0"
"22","0","DuPAGE","570","KAREN KOLODZIEJ","320","8TH CONGRESS","Bloomingdale  008 - 0101","865","12","","27"
"22","0","DuPAGE","0","Under Votes","320","8TH CONGRESS","Bloomingdale  008 - 0101","865","12","","9"
"22","0","DuPAGE","555","CHAD KOPPIE","320","8TH CONGRESS","Bloomingdale  030 - 0124","750","12","","7"
"22","0","DuPAGE","575","CHRIS DARGIS","320","8TH CONGRESS","Bloomingdale  030 - 0124","750","12","","23"
"22","0","DuPAGE","565","PHILLIP OWEN WOOD","320","8TH CONGRESS","Bloomingdale  030 - 0124","750","12","","13"
"22","0","DuPAGE","0","Over Votes","320","8TH CONGRESS","Bloomingdale  030 - 0124","750","12","","0"
"22","0","DuPAGE","570","KAREN KOLODZIEJ","320","8TH CONGRESS","Bloomingdale  030 - 0124","750","12","","12"
"22","0","DuPAGE","0","Under Votes","320","8TH CONGRESS","Bloomingdale  030 - 0124","750","12","","11"
"22","0","DuPAGE","560","PETER KOPSAFTIS","320","8TH CONGRESS","Bloomingdale  030 - 0124","750","12","","7"
"22","0","DuPAGE","555","CHAD KOPPIE","320","8TH CONGRESS","Bloomingdale  033 - 0127","853","12","","12"
"22","0","DuPAGE","575","CHRIS DARGIS","320","8TH CONGRESS","Bloomingdale  033 - 0127","853","12","","38"
"22","0","DuPAGE","565","PHILLIP OWEN WOOD","320","8TH CONGRESS","Bloomingdale  033 - 0127","853","12","","17"
"22","0","DuPAGE","560","PETER KOPSAFTIS","320","8TH CONGRESS","Bloomingdale  033 - 0127","853","12","","14"
"22","0","DuPAGE","0","Over Votes","320","8TH CONGRESS","Bloomingdale  033 - 0127","853","12","","0"
"22","0","DuPAGE","570","KAREN KOLODZIEJ","320","8TH CONGRESS","Bloomingdale  033 - 0127","853","12","","20"
"22","0","DuPAGE","0","Under Votes","320","8TH CONGRESS","Bloomingdale  033 - 0127","853","12","","15"
"22","0","DuPAGE","555","CHAD KOPPIE","320","8TH CONGRESS","Bloomingdale  036 - 0130","790","12","","9"
"22","0","DuPAGE","575","CHRIS DARGIS","320","8TH CONGRESS","Bloomingdale  036 - 0130","790","12","","19"
"22","0","DuPAGE","565","PHILLIP OWEN WOOD","320","8TH CONGRESS","Bloomingdale  036 - 0130","790","12","","7"
"22","0","DuPAGE","560","PETER KOPSAFTIS","320","8TH CONGRESS","Bloomingdale  036 - 0130","790","12","","5"
"22","0","DuPAGE","0","Over Votes","320","8TH CONGRESS","Bloomingdale  036 - 0130","790","12","","0"
"22","0","DuPAGE","570","KAREN KOLODZIEJ","320","8TH CONGRESS","Bloomingdale  036 - 0130","790","12","","11"
"22","0","DuPAGE","0","Under Votes","320","8TH CONGRESS","Bloomingdale  036 - 0130","790","12","","4"
"22","0","DuPAGE","555","CHAD KOPPIE","320","8TH CONGRESS","Bloomingdale  038 - 0133","1025","12","","7"
"22","0","DuPAGE","565","PHILLIP OWEN WOOD","320","8TH CONGRESS","Bloomingdale  038 - 0133","1025","12","","8"
"22","0","DuPAGE","575","CHRIS DARGIS","320","8TH CONGRESS","Bloomingdale  038 - 0133","1025","12","","28"
"22","0","DuPAGE","560","PETER KOPSAFTIS","320","8TH CONGRESS","Bloomingdale  038 - 0133","1025","12","","13"
"22","0","DuPAGE","0","Over Votes","320","8TH CONGRESS","Bloomingdale  038 - 0133","1025","12","","0"
"22","0","DuPAGE","570","KAREN KOLODZIEJ","320","8TH CONGRESS","Bloomingdale  038 - 0133","1025","12","","10"
"22","0","DuPAGE","0","Under Votes","320","8TH CONGRESS","Bloomingdale  038 - 0133","1025","12","","5"
"22","0","DuPAGE","555","CHAD KOPPIE","320","8TH CONGRESS","Bloomingdale  054 - 0153","527","12","","5"
"22","0","DuPAGE","575","CHRIS DARGIS","320","8TH CONGRESS","Bloomingdale  054 - 0153","527","12","","13"
"22","0","DuPAGE","565","PHILLIP OWEN WOOD","320","8TH CONGRESS","Bloomingdale  054 - 0153","527","12","","8"
"22","0","DuPAGE","0","Over Votes","320","8TH CONGRESS","Bloomingdale  054 - 0153","527","12","","0"
"22","0","DuPAGE","570","KAREN KOLODZIEJ","320","8TH CONGRESS","Bloomingdale  054 - 0153","527","12","","7"
"22","0","DuPAGE","0","Under Votes","320","8TH CONGRESS","Bloomingdale  054 - 0153","527","12","","7"
"22","0","DuPAGE","560","PETER KOPSAFTIS","320","8TH CONGRESS","Bloomingdale  054 - 0153","527","12","","9"
"22","0","DuPAGE","555","CHAD KOPPIE","320","8TH CONGRESS","Bloomingdale  057 - 0156","782","12","","3"
"22","0","DuPAGE","575","CHRIS DARGIS","320","8TH CONGRESS","Bloomingdale  057 - 0156","782","12","","4"
"22","0","DuPAGE","565","PHILLIP OWEN WOOD","320","8TH CONGRESS","Bloomingdale  057 - 0156","782","12","","4"
"22","0","DuPAGE","0","Over Votes","320","8TH CONGRESS","Bloomingdale  057 - 0156","782","12","","0"
"22","0","DuPAGE","570","KAREN KOLODZIEJ","320","8TH CONGRESS","Bloomingdale  057 - 0156","782","12","","2"
"22","0","DuPAGE","0","Under Votes","320","8TH CONGRESS","Bloomingdale  057 - 0156","782","12","","0"
"22","0","DuPAGE","560","PETER KOPSAFTIS","320","8TH CONGRESS","Bloomingdale  057 - 0156","782","12","","1"
"22","0","DuPAGE","555","CHAD KOPPIE","320","8TH CONGRESS","Bloomingdale  059 - 0159","143","12","","0"
"22","0","DuPAGE","575","CHRIS DARGIS","320","8TH CONGRESS","Bloomingdale  059 - 0159","143","12","","6"
"22","0","DuPAGE","565","PHILLIP OWEN WOOD","320","8TH CONGRESS","Bloomingdale  059 - 0159","143","12","","2"
"22","0","DuPAGE","560","PETER KOPSAFTIS","320","8TH CONGRESS","Bloomingdale  059 - 0159","143","12","","2"
"22","0","DuPAGE","0","Over Votes","320","8TH CONGRESS","Bloomingdale  059 - 0159","143","12","","0"
"22","0","DuPAGE","570","KAREN KOLODZIEJ","320","8TH CONGRESS","Bloomingdale  059 - 0159","143","12","","3"
"22","0","DuPAGE","0","Under Votes","320","8TH CONGRESS","Bloomingdale  059 - 0159","143","12","","1"
"22","0","DuPAGE","555","CHAD KOPPIE","320","8TH CONGRESS","Bloomingdale  062 - 0162","671","12","","10"
"22","0","DuPAGE","575","CHRIS DARGIS","320","8TH CONGRESS","Bloomingdale  062 - 0162","671","12","","27"
"22","0","DuPAGE","565","PHILLIP OWEN WOOD","320","8TH CONGRESS","Bloomingdale  062 - 0162","671","12","","16"
"22","0","DuPAGE","560","PETER KOPSAFTIS","320","8TH CONGRESS","Bloomingdale  062 - 0162","671","12","","13"
"22","0","DuPAGE","0","Over Votes","320","8TH CONGRESS","Bloomingdale  062 - 0162","671","12","","0"
"22","0","DuPAGE","570","KAREN KOLODZIEJ","320","8TH CONGRESS","Bloomingdale  062 - 0162","671","12","","13"
"22","0","DuPAGE","0","Under Votes","320","8TH CONGRESS","Bloomingdale  062 - 0162","671","12","","3"
"22","0","DuPAGE","555","CHAD KOPPIE","320","8TH CONGRESS","Bloomingdale  081 - 0185","639","12","","6"
"22","0","DuPAGE","575","CHRIS DARGIS","320","8TH CONGRESS","Bloomingdale  081 - 0185","639","12","","24"
"22","0","DuPAGE","565","PHILLIP OWEN WOOD","320","8TH CONGRESS","Bloomingdale  081 - 0185","639","12","","14"
"22","0","DuPAGE","560","PETER KOPSAFTIS","320","8TH CONGRESS","Bloomingdale  081 - 0185","639","12","","2"
"22","0","DuPAGE","0","Over Votes","320","8TH CONGRESS","Bloomingdale  081 - 0185","639","12","","1"
"22","0","DuPAGE","570","KAREN KOLODZIEJ","320","8TH CONGRESS","Bloomingdale  081 - 0185","639","12","","6"
"22","0","DuPAGE","0","Under Votes","320","8TH CONGRESS","Bloomingdale  081 - 0185","639","12","","4"
"22","0","DuPAGE","555","CHAD KOPPIE","320","8TH CONGRESS","Bloomingdale  083 - 0188","466","12","","8"
"22","0","DuPAGE","575","CHRIS DARGIS","320","8TH CONGRESS","Bloomingdale  083 - 0188","466","12","","12"
"22","0","DuPAGE","565","PHILLIP OWEN WOOD","320","8TH CONGRESS","Bloomingdale  083 - 0188","466","12","","7"
"22","0","DuPAGE","560","PETER KOPSAFTIS","320","8TH CONGRESS","Bloomingdale  083 - 0188","466","12","","3"
"22","0","DuPAGE","0","Over Votes","320","8TH CONGRESS","Bloomingdale  083 - 0188","466","12","","0"
"22","0","DuPAGE","570","KAREN KOLODZIEJ","320","8TH CONGRESS","Bloomingdale  083 - 0188","466","12","","3"
"22","0","DuPAGE","0","Under Votes","320","8TH CONGRESS","Bloomingdale  083 - 0188","466","12","","0"
"22","0","DuPAGE","555","CHAD KOPPIE","320","8TH CONGRESS","Bloomingdale  086 - 0194","676","12","","7"
"22","0","DuPAGE","575","CHRIS DARGIS","320","8TH CONGRESS","Bloomingdale  086 - 0194","676","12","","22"
"22","0","DuPAGE","565","PHILLIP OWEN WOOD","320","8TH CONGRESS","Bloomingdale  086 - 0194","676","12","","6"
"22","0","DuPAGE","560","PETER KOPSAFTIS","320","8TH CONGRESS","Bloomingdale  086 - 0194","676","12","","15"
"22","0","DuPAGE","0","Over Votes","320","8TH CONGRESS","Bloomingdale  086 - 0194","676","12","","0"
"22","0","DuPAGE","570","KAREN KOLODZIEJ","320","8TH CONGRESS","Bloomingdale  086 - 0194","676","12","","3"
"22","0","DuPAGE","0","Under Votes","320","8TH CONGRESS","Bloomingdale  086 - 0194","676","12","","9"
"22","0","DuPAGE","555","CHAD KOPPIE","320","8TH CONGRESS","Addison  005 - 0217","738","12","","12"
"22","0","DuPAGE","575","CHRIS DARGIS","320","8TH CONGRESS","Addison  005 - 0217","738","12","","37"
"22","0","DuPAGE","565","PHILLIP OWEN WOOD","320","8TH CONGRESS","Addison  005 - 0217","738","12","","24"
"22","0","DuPAGE","560","PETER KOPSAFTIS","320","8TH CONGRESS","Addison  005 - 0217","738","12","","16"
"22","0","DuPAGE","0","Over Votes","320","8TH CONGRESS","Addison  005 - 0217","738","12","","0"
"22","0","DuPAGE","570","KAREN KOLODZIEJ","320","8TH CONGRESS","Addison  005 - 0217","738","12","","18"
"22","0","DuPAGE","0","Under Votes","320","8TH CONGRESS","Addison  005 - 0217","738","12","","6"
"22","0","DuPAGE","555","CHAD KOPPIE","320","8TH CONGRESS","Addison  052 - 0278","584","12","","11"
"22","0","DuPAGE","575","CHRIS DARGIS","320","8TH CONGRESS","Addison  052 - 0278","584","12","","21"
"22","0","DuPAGE","565","PHILLIP OWEN WOOD","320","8TH CONGRESS","Addison  052 - 0278","584","12","","10"
"22","0","DuPAGE","560","PETER KOPSAFTIS","320","8TH CONGRESS","Addison  052 - 0278","584","12","","12"
"22","0","DuPAGE","0","Over Votes","320","8TH CONGRESS","Addison  052 - 0278","584","12","","1"
"22","0","DuPAGE","570","KAREN KOLODZIEJ","320","8TH CONGRESS","Addison  052 - 0278","584","12","","13"
"22","0","DuPAGE","0","Under Votes","320","8TH CONGRESS","Addison  052 - 0278","584","12","","7"
"22","0","DuPAGE","555","CHAD KOPPIE","320","8TH CONGRESS","Milton  030 - 0397","374","12","","7"
"22","0","DuPAGE","575","CHRIS DARGIS","320","8TH CONGRESS","Milton  030 - 0397","374","12","","16"
"22","0","DuPAGE","565","PHILLIP OWEN WOOD","320","8TH CONGRESS","Milton  030 - 0397","374","12","","11"
"22","0","DuPAGE","560","PETER KOPSAFTIS","320","8TH CONGRESS","Milton  030 - 0397","374","12","","3"
"22","0","DuPAGE","0","Over Votes","320","8TH CONGRESS","Milton  030 - 0397","374","12","","1"
"22","0","DuPAGE","570","KAREN KOLODZIEJ","320","8TH CONGRESS","Milton  030 - 0397","374","12","","14"
"22","0","DuPAGE","0","Under Votes","320","8TH CONGRESS","Milton  030 - 0397","374","12","","4"
"22","0","DuPAGE","555","CHAD KOPPIE","320","8TH CONGRESS","Milton  070 - 0455","139","12","","1"
"22","0","DuPAGE","575","CHRIS DARGIS","320","8TH CONGRESS","Milton  070 - 0455","139","12","","0"
"22","0","DuPAGE","565","PHILLIP OWEN WOOD","320","8TH CONGRESS","Milton  070 - 0455","139","12","","1"
"22","0","DuPAGE","560","PETER KOPSAFTIS","320","8TH CONGRESS","Milton  070 - 0455","139","12","","1"
"22","0","DuPAGE","570","KAREN KOLODZIEJ","320","8TH CONGRESS","Milton  070 - 0455","139","12","","0"
"22","0","DuPAGE","0","Over Votes","320","8TH CONGRESS","Milton  070 - 0455","139","12","","1"
"22","0","DuPAGE","0","Under Votes","320","8TH CONGRESS","Milton  070 - 0455","139","12","","0"
"22","0","DuPAGE","555","CHAD KOPPIE","320","8TH CONGRESS","Milton  117 - 0525","831","12","","3"
"22","0","DuPAGE","575","CHRIS DARGIS","320","8TH CONGRESS","Milton  117 - 0525","831","12","","6"
"22","0","DuPAGE","565","PHILLIP OWEN WOOD","320","8TH CONGRESS","Milton  117 - 0525","831","12","","5"
"22","0","DuPAGE","560","PETER KOPSAFTIS","320","8TH CONGRESS","Milton  117 - 0525","831","12","","5"
"22","0","DuPAGE","0","Over Votes","320","8TH CONGRESS","Milton  117 - 0525","831","12","","0"
"22","0","DuPAGE","570","KAREN KOLODZIEJ","320","8TH CONGRESS","Milton  117 - 0525","831","12","","1"
"22","0","DuPAGE","0","Under Votes","320","8TH CONGRESS","Milton  117 - 0525","831","12","","2"
"22","0","DuPAGE","555","CHAD KOPPIE","320","8TH CONGRESS","Federal - F08","0","12","","0"
"22","0","DuPAGE","575","CHRIS DARGIS","320","8TH CONGRESS","Federal - F08","0","12","","0"
"22","0","DuPAGE","565","PHILLIP OWEN WOOD","320","8TH CONGRESS","Federal - F08","0","12","","0"
"22","0","DuPAGE","560","PETER KOPSAFTIS","320","8TH CONGRESS","Federal - F08","0","12","","0"
"22","0","DuPAGE","570","KAREN KOLODZIEJ","320","8TH CONGRESS","Federal - F08","0","12","","0"
"22","0","DuPAGE","0","Over Votes","320","8TH CONGRESS","Federal - F08","0","12","","0"
"22","0","DuPAGE","0","Under Votes","320","8TH CONGRESS","Federal - F08","0","12","","0"
"22","0","DuPAGE","555","CHAD KOPPIE","320","8TH CONGRESS","Wayne  005 - 0010","744","12","","8"
"22","0","DuPAGE","565","PHILLIP OWEN WOOD","320","8TH CONGRESS","Wayne  005 - 0010","744","12","","19"
"22","0","DuPAGE","560","PETER KOPSAFTIS","320","8TH CONGRESS","Wayne  005 - 0010","744","12","","12"
"22","0","DuPAGE","0","Over Votes","320","8TH CONGRESS","Wayne  005 - 0010","744","12","","0"
"22","0","DuPAGE","0","Under Votes","320","8TH CONGRESS","Wayne  005 - 0010","744","12","","2"
"22","0","DuPAGE","570","KAREN KOLODZIEJ","320","8TH CONGRESS","Wayne  005 - 0010","744","12","","19"
"22","0","DuPAGE","575","CHRIS DARGIS","320","8TH CONGRESS","Wayne  005 - 0010","744","12","","16"
"22","0","DuPAGE","0","Over Votes","320","8TH CONGRESS","Wayne  026 - 0042","572","12","","0"
"22","0","DuPAGE","0","Under Votes","320","8TH CONGRESS","Wayne  026 - 0042","572","12","","5"
"22","0","DuPAGE","570","KAREN KOLODZIEJ","320","8TH CONGRESS","Wayne  026 - 0042","572","12","","7"
"22","0","DuPAGE","575","CHRIS DARGIS","320","8TH CONGRESS","Wayne  026 - 0042","572","12","","23"
"22","0","DuPAGE","555","CHAD KOPPIE","320","8TH CONGRESS","Wayne  026 - 0042","572","12","","9"
"22","0","DuPAGE","565","PHILLIP OWEN WOOD","320","8TH CONGRESS","Wayne  026 - 0042","572","12","","28"
"22","0","DuPAGE","560","PETER KOPSAFTIS","320","8TH CONGRESS","Wayne  026 - 0042","572","12","","6"
"22","0","DuPAGE","555","CHAD KOPPIE","320","8TH CONGRESS","Wayne  029 - 0045","719","12","","10"
"22","0","DuPAGE","565","PHILLIP OWEN WOOD","320","8TH CONGRESS","Wayne  029 - 0045","719","12","","19"
"22","0","DuPAGE","560","PETER KOPSAFTIS","320","8TH CONGRESS","Wayne  029 - 0045","719","12","","4"
"22","0","DuPAGE","570","KAREN KOLODZIEJ","320","8TH CONGRESS","Wayne  029 - 0045","719","12","","8"
"22","0","DuPAGE","0","Over Votes","320","8TH CONGRESS","Wayne  029 - 0045","719","12","","0"
"22","0","DuPAGE","0","Under Votes","320","8TH CONGRESS","Wayne  029 - 0045","719","12","","1"
"22","0","DuPAGE","575","CHRIS DARGIS","320","8TH CONGRESS","Wayne  029 - 0045","719","12","","13"
"22","0","DuPAGE","555","CHAD KOPPIE","320","8TH CONGRESS","Wayne  051 - 0074","0","12","","0"
"22","0","DuPAGE","565","PHILLIP OWEN WOOD","320","8TH CONGRESS","Wayne  051 - 0074","0","12","","0"
"22","0","DuPAGE","560","PETER KOPSAFTIS","320","8TH CONGRESS","Wayne  051 - 0074","0","12","","0"
"22","0","DuPAGE","570","KAREN KOLODZIEJ","320","8TH CONGRESS","Wayne  051 - 0074","0","12","","0"
"22","0","DuPAGE","0","Over Votes","320","8TH CONGRESS","Wayne  051 - 0074","0","12","","0"
"22","0","DuPAGE","0","Under Votes","320","8TH CONGRESS","Wayne  051 - 0074","0","12","","0"
"22","0","DuPAGE","575","CHRIS DARGIS","320","8TH CONGRESS","Wayne  051 - 0074","0","12","","0"
"22","0","DuPAGE","570","KAREN KOLODZIEJ","320","8TH CONGRESS","Wayne  054 - 0077","827","12","","11"
"22","0","DuPAGE","0","Over Votes","320","8TH CONGRESS","Wayne  054 - 0077","827","12","","0"
"22","0","DuPAGE","0","Under Votes","320","8TH CONGRESS","Wayne  054 - 0077","827","12","","5"
"22","0","DuPAGE","575","CHRIS DARGIS","320","8TH CONGRESS","Wayne  054 - 0077","827","12","","17"
"22","0","DuPAGE","555","CHAD KOPPIE","320","8TH CONGRESS","Wayne  054 - 0077","827","12","","6"
"22","0","DuPAGE","565","PHILLIP OWEN WOOD","320","8TH CONGRESS","Wayne  054 - 0077","827","12","","25"
"22","0","DuPAGE","560","PETER KOPSAFTIS","320","8TH CONGRESS","Wayne  054 - 0077","827","12","","17"
"22","0","DuPAGE","555","CHAD KOPPIE","320","8TH CONGRESS","Wayne  057 - 0080","505","12","","8"
"22","0","DuPAGE","565","PHILLIP OWEN WOOD","320","8TH CONGRESS","Wayne  057 - 0080","505","12","","27"
"22","0","DuPAGE","575","CHRIS DARGIS","320","8TH CONGRESS","Wayne  057 - 0080","505","12","","10"
"22","0","DuPAGE","560","PETER KOPSAFTIS","320","8TH CONGRESS","Wayne  057 - 0080","505","12","","5"
"22","0","DuPAGE","570","KAREN KOLODZIEJ","320","8TH CONGRESS","Bloomingdale  004 - 0097","1","12","","0"
"22","0","DuPAGE","555","CHAD KOPPIE","320","8TH CONGRESS","Bloomingdale  026 - 0120","720","12","","6"
"22","0","DuPAGE","560","PETER KOPSAFTIS","320","8TH CONGRESS","Bloomingdale  026 - 0120","720","12","","15"
"22","0","DuPAGE","565","PHILLIP OWEN WOOD","320","8TH CONGRESS","Bloomingdale  026 - 0120","720","12","","18"
"22","0","DuPAGE","0","Over Votes","320","8TH CONGRESS","Bloomingdale  026 - 0120","720","12","","0"
"22","0","DuPAGE","0","Under Votes","320","8TH CONGRESS","Bloomingdale  026 - 0120","720","12","","12"
"22","0","DuPAGE","570","KAREN KOLODZIEJ","320","8TH CONGRESS","Bloomingdale  026 - 0120","720","12","","7"
"22","0","DuPAGE","575","CHRIS DARGIS","320","8TH CONGRESS","Bloomingdale  026 - 0120","720","12","","15"
"22","0","DuPAGE","555","CHAD KOPPIE","320","8TH CONGRESS","Bloomingdale  029 - 0123","697","12","","14"
"22","0","DuPAGE","565","PHILLIP OWEN WOOD","320","8TH CONGRESS","Bloomingdale  029 - 0123","697","12","","24"
"22","0","DuPAGE","560","PETER KOPSAFTIS","320","8TH CONGRESS","Bloomingdale  029 - 0123","697","12","","12"
"22","0","DuPAGE","0","Over Votes","320","8TH CONGRESS","Bloomingdale  029 - 0123","697","12","","2"
"22","0","DuPAGE","0","Under Votes","320","8TH CONGRESS","Bloomingdale  029 - 0123","697","12","","7"
"22","0","DuPAGE","570","KAREN KOLODZIEJ","320","8TH CONGRESS","Bloomingdale  029 - 0123","697","12","","24"
"22","0","DuPAGE","575","CHRIS DARGIS","320","8TH CONGRESS","Bloomingdale  029 - 0123","697","12","","24"
"22","0","DuPAGE","555","CHAD KOPPIE","320","8TH CONGRESS","Bloomingdale  032 - 0126","748","12","","19"
"22","0","DuPAGE","565","PHILLIP OWEN WOOD","320","8TH CONGRESS","Bloomingdale  032 - 0126","748","12","","32"
"22","0","DuPAGE","560","PETER KOPSAFTIS","320","8TH CONGRESS","Bloomingdale  032 - 0126","748","12","","19"
"22","0","DuPAGE","0","Over Votes","320","8TH CONGRESS","Bloomingdale  032 - 0126","748","12","","0"
"22","0","DuPAGE","0","Under Votes","320","8TH CONGRESS","Bloomingdale  032 - 0126","748","12","","9"
"22","0","DuPAGE","570","KAREN KOLODZIEJ","320","8TH CONGRESS","Bloomingdale  032 - 0126","748","12","","21"
"22","0","DuPAGE","575","CHRIS DARGIS","320","8TH CONGRESS","Bloomingdale  032 - 0126","748","12","","47"
"22","0","DuPAGE","555","CHAD KOPPIE","320","8TH CONGRESS","Bloomingdale  035 - 0129","733","12","","5"
"22","0","DuPAGE","565","PHILLIP OWEN WOOD","320","8TH CONGRESS","Bloomingdale  035 - 0129","733","12","","2"
"22","0","DuPAGE","560","PETER KOPSAFTIS","320","8TH CONGRESS","Bloomingdale  035 - 0129","733","12","","12"
"22","0","DuPAGE","575","CHRIS DARGIS","320","8TH CONGRESS","Bloomingdale  035 - 0129","733","12","","4"
"22","0","DuPAGE","0","Over Votes","320","8TH CONGRESS","Bloomingdale  035 - 0129","733","12","","0"
"22","0","DuPAGE","0","Under Votes","320","8TH CONGRESS","Bloomingdale  035 - 0129","733","12","","2"
"22","0","DuPAGE","570","KAREN KOLODZIEJ","320","8TH CONGRESS","Bloomingdale  035 - 0129","733","12","","3"
"22","0","DuPAGE","555","CHAD KOPPIE","320","8TH CONGRESS","Bloomingdale  051 - 0149","0","12","","0"
"22","0","DuPAGE","560","PETER KOPSAFTIS","320","8TH CONGRESS","Bloomingdale  051 - 0149","0","12","","0"
"22","0","DuPAGE","565","PHILLIP OWEN WOOD","320","8TH CONGRESS","Bloomingdale  051 - 0149","0","12","","0"
"22","0","DuPAGE","0","Over Votes","320","8TH CONGRESS","Bloomingdale  051 - 0149","0","12","","0"
"22","0","DuPAGE","0","Under Votes","320","8TH CONGRESS","Bloomingdale  051 - 0149","0","12","","0"
"22","0","DuPAGE","570","KAREN KOLODZIEJ","320","8TH CONGRESS","Bloomingdale  051 - 0149","0","12","","0"
"22","0","DuPAGE","575","CHRIS DARGIS","320","8TH CONGRESS","Bloomingdale  051 - 0149","0","12","","0"
"22","0","DuPAGE","555","CHAD KOPPIE","320","8TH CONGRESS","Bloomingdale  053 - 0152","811","12","","4"
"22","0","DuPAGE","560","PETER KOPSAFTIS","320","8TH CONGRESS","Bloomingdale  053 - 0152","811","12","","6"
"22","0","DuPAGE","565","PHILLIP OWEN WOOD","320","8TH CONGRESS","Bloomingdale  053 - 0152","811","12","","20"
"22","0","DuPAGE","0","Over Votes","320","8TH CONGRESS","Wayne  057 - 0080","505","12","","0"
"22","0","DuPAGE","570","KAREN KOLODZIEJ","320","8TH CONGRESS","Wayne  057 - 0080","505","12","","4"
"22","0","DuPAGE","0","Under Votes","320","8TH CONGRESS","Wayne  057 - 0080","505","12","","2"
"22","0","DuPAGE","555","CHAD KOPPIE","320","8TH CONGRESS","Bloomingdale  007 - 0100","669","12","","10"
"22","0","DuPAGE","565","PHILLIP OWEN WOOD","320","8TH CONGRESS","Bloomingdale  007 - 0100","669","12","","18"
"22","0","DuPAGE","560","PETER KOPSAFTIS","320","8TH CONGRESS","Bloomingdale  007 - 0100","669","12","","19"
"22","0","DuPAGE","575","CHRIS DARGIS","320","8TH CONGRESS","Bloomingdale  007 - 0100","669","12","","20"
"22","0","DuPAGE","0","Over Votes","320","8TH CONGRESS","Bloomingdale  007 - 0100","669","12","","1"
"22","0","DuPAGE","0","Under Votes","320","8TH CONGRESS","Bloomingdale  007 - 0100","669","12","","4"
"22","0","DuPAGE","570","KAREN KOLODZIEJ","320","8TH CONGRESS","Bloomingdale  007 - 0100","669","12","","9"
"22","0","DuPAGE","555","CHAD KOPPIE","320","8TH CONGRESS","Bloomingdale  009 - 0103","6","12","","0"
"22","0","DuPAGE","565","PHILLIP OWEN WOOD","320","8TH CONGRESS","Bloomingdale  009 - 0103","6","12","","0"
"22","0","DuPAGE","560","PETER KOPSAFTIS","320","8TH CONGRESS","Bloomingdale  009 - 0103","6","12","","0"
"22","0","DuPAGE","575","CHRIS DARGIS","320","8TH CONGRESS","Bloomingdale  009 - 0103","6","12","","0"
"22","0","DuPAGE","0","Over Votes","320","8TH CONGRESS","Bloomingdale  009 - 0103","6","12","","0"
"22","0","DuPAGE","570","KAREN KOLODZIEJ","320","8TH CONGRESS","Bloomingdale  009 - 0103","6","12","","0"
"22","0","DuPAGE","0","Under Votes","320","8TH CONGRESS","Bloomingdale  009 - 0103","6","12","","0"
"22","0","DuPAGE","555","CHAD KOPPIE","320","8TH CONGRESS","Bloomingdale  012 - 0106","871","12","","15"
"22","0","DuPAGE","565","PHILLIP OWEN WOOD","320","8TH CONGRESS","Bloomingdale  012 - 0106","871","12","","15"
"22","0","DuPAGE","560","PETER KOPSAFTIS","320","8TH CONGRESS","Bloomingdale  012 - 0106","871","12","","16"
"22","0","DuPAGE","575","CHRIS DARGIS","320","8TH CONGRESS","Bloomingdale  012 - 0106","871","12","","42"
"22","0","DuPAGE","570","KAREN KOLODZIEJ","320","8TH CONGRESS","Bloomingdale  012 - 0106","871","12","","15"
"22","0","DuPAGE","0","Over Votes","320","8TH CONGRESS","Bloomingdale  012 - 0106","871","12","","0"
"22","0","DuPAGE","0","Under Votes","320","8TH CONGRESS","Bloomingdale  012 - 0106","871","12","","8"
"22","0","DuPAGE","555","CHAD KOPPIE","320","8TH CONGRESS","Bloomingdale  037 - 0132","0","12","","0"
"22","0","DuPAGE","565","PHILLIP OWEN WOOD","320","8TH CONGRESS","Bloomingdale  037 - 0132","0","12","","0"
"22","0","DuPAGE","575","CHRIS DARGIS","320","8TH CONGRESS","Bloomingdale  037 - 0132","0","12","","0"
"22","0","DuPAGE","560","PETER KOPSAFTIS","320","8TH CONGRESS","Bloomingdale  037 - 0132","0","12","","0"
"22","0","DuPAGE","0","Over Votes","320","8TH CONGRESS","Bloomingdale  037 - 0132","0","12","","0"
"22","0","DuPAGE","0","Under Votes","320","8TH CONGRESS","Bloomingdale  037 - 0132","0","12","","0"
"22","0","DuPAGE","570","KAREN KOLODZIEJ","320","8TH CONGRESS","Bloomingdale  037 - 0132","0","12","","0"
"22","0","DuPAGE","555","CHAD KOPPIE","320","8TH CONGRESS","Bloomingdale  039 - 0135","552","12","","6"
"22","0","DuPAGE","565","PHILLIP OWEN WOOD","320","8TH CONGRESS","Bloomingdale  039 - 0135","552","12","","9"
"22","0","DuPAGE","560","PETER KOPSAFTIS","320","8TH CONGRESS","Bloomingdale  039 - 0135","552","12","","6"
"22","0","DuPAGE","575","CHRIS DARGIS","320","8TH CONGRESS","Bloomingdale  039 - 0135","552","12","","26"
"22","0","DuPAGE","570","KAREN KOLODZIEJ","320","8TH CONGRESS","Bloomingdale  039 - 0135","552","12","","4"
"22","0","DuPAGE","0","Over Votes","320","8TH CONGRESS","Bloomingdale  039 - 0135","552","12","","1"
"22","0","DuPAGE","0","Under Votes","320","8TH CONGRESS","Bloomingdale  039 - 0135","552","12","","3"
"22","0","DuPAGE","555","CHAD KOPPIE","320","8TH CONGRESS","Bloomingdale  042 - 0138","681","12","","3"
"22","0","DuPAGE","565","PHILLIP OWEN WOOD","320","8TH CONGRESS","Bloomingdale  042 - 0138","681","12","","6"
"22","0","DuPAGE","560","PETER KOPSAFTIS","320","8TH CONGRESS","Addison  051 - 0276","608","12","","25"
"22","0","DuPAGE","575","CHRIS DARGIS","320","8TH CONGRESS","Addison  051 - 0276","608","12","","28"
"22","0","DuPAGE","570","KAREN KOLODZIEJ","320","8TH CONGRESS","Addison  051 - 0276","608","12","","14"
"22","0","DuPAGE","0","Over Votes","320","8TH CONGRESS","Addison  051 - 0276","608","12","","0"
"22","0","DuPAGE","0","Under Votes","320","8TH CONGRESS","Addison  051 - 0276","608","12","","6"
"22","0","DuPAGE","565","PHILLIP OWEN WOOD","320","8TH CONGRESS","Addison  051 - 0276","608","12","","11"
"22","0","DuPAGE","575","CHRIS DARGIS","320","8TH CONGRESS","Milton  070 - 0453","787","12","","3"
"22","0","DuPAGE","555","CHAD KOPPIE","320","8TH CONGRESS","Milton  070 - 0453","787","12","","4"
"22","0","DuPAGE","560","PETER KOPSAFTIS","320","8TH CONGRESS","Milton  070 - 0453","787","12","","3"
"22","0","DuPAGE","565","PHILLIP OWEN WOOD","320","8TH CONGRESS","Milton  070 - 0453","787","12","","7"
"22","0","DuPAGE","570","KAREN KOLODZIEJ","320","8TH CONGRESS","Milton  070 - 0453","787","12","","3"
"22","0","DuPAGE","0","Over Votes","320","8TH CONGRESS","Milton  070 - 0453","787","12","","1"
"22","0","DuPAGE","0","Under Votes","320","8TH CONGRESS","Milton  070 - 0453","787","12","","1"
"22","0","DuPAGE","0","Over Votes","320","8TH CONGRESS","Bloomingdale  053 - 0152","811","12","","0"
"22","0","DuPAGE","0","Under Votes","320","8TH CONGRESS","Bloomingdale  053 - 0152","811","12","","6"
"22","0","DuPAGE","570","KAREN KOLODZIEJ","320","8TH CONGRESS","Bloomingdale  053 - 0152","811","12","","13"
"22","0","DuPAGE","575","CHRIS DARGIS","320","8TH CONGRESS","Bloomingdale  053 - 0152","811","12","","16"
"22","0","DuPAGE","555","CHAD KOPPIE","320","8TH CONGRESS","Bloomingdale  056 - 0155","595","12","","15"
"22","0","DuPAGE","565","PHILLIP OWEN WOOD","320","8TH CONGRESS","Bloomingdale  056 - 0155","595","12","","9"
"22","0","DuPAGE","560","PETER KOPSAFTIS","320","8TH CONGRESS","Bloomingdale  056 - 0155","595","12","","17"
"22","0","DuPAGE","0","Over Votes","320","8TH CONGRESS","Bloomingdale  056 - 0155","595","12","","0"
"22","0","DuPAGE","0","Under Votes","320","8TH CONGRESS","Bloomingdale  056 - 0155","595","12","","5"
"22","0","DuPAGE","570","KAREN KOLODZIEJ","320","8TH CONGRESS","Bloomingdale  056 - 0155","595","12","","12"
"22","0","DuPAGE","575","CHRIS DARGIS","320","8TH CONGRESS","Bloomingdale  056 - 0155","595","12","","21"
"22","0","DuPAGE","555","CHAD KOPPIE","320","8TH CONGRESS","Bloomingdale  059 - 0158","415","12","","3"
"22","0","DuPAGE","565","PHILLIP OWEN WOOD","320","8TH CONGRESS","Bloomingdale  059 - 0158","415","12","","9"
"22","0","DuPAGE","560","PETER KOPSAFTIS","320","8TH CONGRESS","Bloomingdale  059 - 0158","415","12","","6"
"22","0","DuPAGE","575","CHRIS DARGIS","320","8TH CONGRESS","Bloomingdale  059 - 0158","415","12","","8"
"22","0","DuPAGE","0","Over Votes","320","8TH CONGRESS","Bloomingdale  059 - 0158","415","12","","0"
"22","0","DuPAGE","0","Under Votes","320","8TH CONGRESS","Bloomingdale  059 - 0158","415","12","","2"
"22","0","DuPAGE","570","KAREN KOLODZIEJ","320","8TH CONGRESS","Bloomingdale  059 - 0158","415","12","","9"
"22","0","DuPAGE","555","CHAD KOPPIE","320","8TH CONGRESS","Bloomingdale  078 - 0181","750","12","","8"
"22","0","DuPAGE","560","PETER KOPSAFTIS","320","8TH CONGRESS","Bloomingdale  078 - 0181","750","12","","6"
"22","0","DuPAGE","565","PHILLIP OWEN WOOD","320","8TH CONGRESS","Bloomingdale  078 - 0181","750","12","","18"
"22","0","DuPAGE","0","Over Votes","320","8TH CONGRESS","Bloomingdale  078 - 0181","750","12","","0"
"22","0","DuPAGE","0","Under Votes","320","8TH CONGRESS","Bloomingdale  078 - 0181","750","12","","2"
"22","0","DuPAGE","570","KAREN KOLODZIEJ","320","8TH CONGRESS","Bloomingdale  078 - 0181","750","12","","18"
"22","0","DuPAGE","575","CHRIS DARGIS","320","8TH CONGRESS","Bloomingdale  078 - 0181","750","12","","17"
"22","0","DuPAGE","0","Over Votes","320","8TH CONGRESS","Bloomingdale  080 - 0184","3","12","","0"
"22","0","DuPAGE","0","Under Votes","320","8TH CONGRESS","Bloomingdale  080 - 0184","3","12","","0"
"22","0","DuPAGE","570","KAREN KOLODZIEJ","320","8TH CONGRESS","Bloomingdale  080 - 0184","3","12","","0"
"22","0","DuPAGE","575","CHRIS DARGIS","320","8TH CONGRESS","Bloomingdale  080 - 0184","3","12","","0"
"22","0","DuPAGE","555","CHAD KOPPIE","320","8TH CONGRESS","Bloomingdale  080 - 0184","3","12","","0"
"22","0","DuPAGE","565","PHILLIP OWEN WOOD","320","8TH CONGRESS","Bloomingdale  080 - 0184","3","12","","0"
"22","0","DuPAGE","560","PETER KOPSAFTIS","320","8TH CONGRESS","Bloomingdale  080 - 0184","3","12","","0"
"22","0","DuPAGE","555","CHAD KOPPIE","320","8TH CONGRESS","Bloomingdale  082 - 0187","911","12","","7"
"22","0","DuPAGE","565","PHILLIP OWEN WOOD","320","8TH CONGRESS","Bloomingdale  082 - 0187","911","12","","9"
"22","0","DuPAGE","575","CHRIS DARGIS","320","8TH CONGRESS","Bloomingdale  082 - 0187","911","12","","11"
"22","0","DuPAGE","560","PETER KOPSAFTIS","320","8TH CONGRESS","Bloomingdale  082 - 0187","911","12","","5"
"22","0","DuPAGE","0","Over Votes","320","8TH CONGRESS","Bloomingdale  082 - 0187","911","12","","0"
"22","0","DuPAGE","0","Under Votes","320","8TH CONGRESS","Bloomingdale  082 - 0187","911","12","","7"
"22","0","DuPAGE","570","KAREN KOLODZIEJ","320","8TH CONGRESS","Bloomingdale  082 - 0187","911","12","","6"
"22","0","DuPAGE","555","CHAD KOPPIE","320","8TH CONGRESS","Bloomingdale  083 - 0190","16","12","","0"
"22","0","DuPAGE","565","PHILLIP OWEN WOOD","320","8TH CONGRESS","Bloomingdale  083 - 0190","16","12","","0"
"22","0","DuPAGE","575","CHRIS DARGIS","320","8TH CONGRESS","Bloomingdale  083 - 0190","16","12","","0"
"22","0","DuPAGE","560","PETER KOPSAFTIS","320","8TH CONGRESS","Bloomingdale  083 - 0190","16","12","","1"
"22","0","DuPAGE","0","Over Votes","320","8TH CONGRESS","Bloomingdale  083 - 0190","16","12","","0"
"22","0","DuPAGE","0","Under Votes","320","8TH CONGRESS","Bloomingdale  083 - 0190","16","12","","0"
"22","0","DuPAGE","570","KAREN KOLODZIEJ","320","8TH CONGRESS","Bloomingdale  083 - 0190","16","12","","0"
"22","0","DuPAGE","555","CHAD KOPPIE","320","8TH CONGRESS","Bloomingdale  102 - 0210","770","12","","2"
"22","0","DuPAGE","560","PETER KOPSAFTIS","320","8TH CONGRESS","Bloomingdale  102 - 0210","770","12","","6"
"22","0","DuPAGE","565","PHILLIP OWEN WOOD","320","8TH CONGRESS","Bloomingdale  102 - 0210","770","12","","5"
"22","0","DuPAGE","0","Over Votes","320","8TH CONGRESS","Bloomingdale  102 - 0210","770","12","","0"
"22","0","DuPAGE","0","Under Votes","320","8TH CONGRESS","Bloomingdale  102 - 0210","770","12","","1"
"22","0","DuPAGE","570","KAREN KOLODZIEJ","320","8TH CONGRESS","Bloomingdale  102 - 0210","770","12","","8"
"22","0","DuPAGE","575","CHRIS DARGIS","320","8TH CONGRESS","Bloomingdale  102 - 0210","770","12","","10"
"22","0","DuPAGE","555","CHAD KOPPIE","320","8TH CONGRESS","Addison  051 - 0277","93","12","","1"
"22","0","DuPAGE","565","PHILLIP OWEN WOOD","320","8TH CONGRESS","Addison  051 - 0277","93","12","","2"
"22","0","DuPAGE","560","PETER KOPSAFTIS","320","8TH CONGRESS","Addison  051 - 0277","93","12","","6"
"22","0","DuPAGE","0","Over Votes","320","8TH CONGRESS","Addison  051 - 0277","93","12","","0"
"22","0","DuPAGE","0","Under Votes","320","8TH CONGRESS","Addison  051 - 0277","93","12","","0"
"22","0","DuPAGE","570","KAREN KOLODZIEJ","320","8TH CONGRESS","Addison  051 - 0277","93","12","","1"
"22","0","DuPAGE","575","CHRIS DARGIS","320","8TH CONGRESS","Addison  051 - 0277","93","12","","5"
"22","0","DuPAGE","555","CHAD KOPPIE","320","8TH CONGRESS","Addison  054 - 0280","752","12","","6"
"22","0","DuPAGE","565","PHILLIP OWEN WOOD","320","8TH CONGRESS","Addison  054 - 0280","752","12","","18"
"22","0","DuPAGE","575","CHRIS DARGIS","320","8TH CONGRESS","Addison  054 - 0280","752","12","","26"
"22","0","DuPAGE","560","PETER KOPSAFTIS","320","8TH CONGRESS","Addison  054 - 0280","752","12","","33"
"22","0","DuPAGE","0","Over Votes","320","8TH CONGRESS","Addison  054 - 0280","752","12","","2"
"22","0","DuPAGE","0","Under Votes","320","8TH CONGRESS","Addison  054 - 0280","752","12","","4"
"22","0","DuPAGE","570","KAREN KOLODZIEJ","320","8TH CONGRESS","Addison  054 - 0280","752","12","","12"
"22","0","DuPAGE","555","CHAD KOPPIE","320","8TH CONGRESS","Addison  066 - 0300","683","12","","14"
"22","0","DuPAGE","560","PETER KOPSAFTIS","320","8TH CONGRESS","Addison  066 - 0300","683","12","","22"
"22","0","DuPAGE","565","PHILLIP OWEN WOOD","320","8TH CONGRESS","Addison  066 - 0300","683","12","","9"
"22","0","DuPAGE","0","Over Votes","320","8TH CONGRESS","Addison  066 - 0300","683","12","","0"
"22","0","DuPAGE","0","Under Votes","320","8TH CONGRESS","Addison  066 - 0300","683","12","","9"
"22","0","DuPAGE","570","KAREN KOLODZIEJ","320","8TH CONGRESS","Addison  066 - 0300","683","12","","9"
"22","0","DuPAGE","575","CHRIS DARGIS","320","8TH CONGRESS","Addison  066 - 0300","683","12","","18"
"22","0","DuPAGE","555","CHAD KOPPIE","320","8TH CONGRESS","Milton  030 - 0396","308","12","","2"
"22","0","DuPAGE","565","PHILLIP OWEN WOOD","320","8TH CONGRESS","Milton  030 - 0396","308","12","","6"
"22","0","DuPAGE","560","PETER KOPSAFTIS","320","8TH CONGRESS","Milton  030 - 0396","308","12","","3"
"22","0","DuPAGE","0","Over Votes","320","8TH CONGRESS","Milton  030 - 0396","308","12","","0"
"22","0","DuPAGE","0","Under Votes","320","8TH CONGRESS","Milton  030 - 0396","308","12","","2"
"22","0","DuPAGE","570","KAREN KOLODZIEJ","320","8TH CONGRESS","Milton  030 - 0396","308","12","","4"
"22","0","DuPAGE","575","CHRIS DARGIS","320","8TH CONGRESS","Milton  030 - 0396","308","12","","6"
"22","0","DuPAGE","575","CHRIS DARGIS","320","8TH CONGRESS","Bloomingdale  042 - 0138","681","12","","9"
"22","0","DuPAGE","560","PETER KOPSAFTIS","320","8TH CONGRESS","Bloomingdale  042 - 0138","681","12","","5"
"22","0","DuPAGE","570","KAREN KOLODZIEJ","320","8TH CONGRESS","Bloomingdale  042 - 0138","681","12","","13"
"22","0","DuPAGE","0","Over Votes","320","8TH CONGRESS","Bloomingdale  042 - 0138","681","12","","0"
"22","0","DuPAGE","0","Under Votes","320","8TH CONGRESS","Bloomingdale  042 - 0138","681","12","","2"
"22","0","DuPAGE","555","CHAD KOPPIE","320","8TH CONGRESS","Bloomingdale  061 - 0161","570","12","","6"
"22","0","DuPAGE","565","PHILLIP OWEN WOOD","320","8TH CONGRESS","Bloomingdale  061 - 0161","570","12","","5"
"22","0","DuPAGE","560","PETER KOPSAFTIS","320","8TH CONGRESS","Bloomingdale  061 - 0161","570","12","","9"
"22","0","DuPAGE","575","CHRIS DARGIS","320","8TH CONGRESS","Bloomingdale  061 - 0161","570","12","","14"
"22","0","DuPAGE","0","Over Votes","320","8TH CONGRESS","Bloomingdale  061 - 0161","570","12","","0"
"22","0","DuPAGE","0","Under Votes","320","8TH CONGRESS","Bloomingdale  061 - 0161","570","12","","6"
"22","0","DuPAGE","570","KAREN KOLODZIEJ","320","8TH CONGRESS","Bloomingdale  061 - 0161","570","12","","13"
"22","0","DuPAGE","555","CHAD KOPPIE","320","8TH CONGRESS","Bloomingdale  066 - 0167","561","12","","13"
"22","0","DuPAGE","565","PHILLIP OWEN WOOD","320","8TH CONGRESS","Bloomingdale  066 - 0167","561","12","","16"
"22","0","DuPAGE","575","CHRIS DARGIS","320","8TH CONGRESS","Bloomingdale  066 - 0167","561","12","","43"
"22","0","DuPAGE","560","PETER KOPSAFTIS","320","8TH CONGRESS","Bloomingdale  066 - 0167","561","12","","16"
"22","0","DuPAGE","570","KAREN KOLODZIEJ","320","8TH CONGRESS","Bloomingdale  066 - 0167","561","12","","17"
"22","0","DuPAGE","0","Over Votes","320","8TH CONGRESS","Bloomingdale  066 - 0167","561","12","","1"
"22","0","DuPAGE","0","Under Votes","320","8TH CONGRESS","Bloomingdale  066 - 0167","561","12","","5"
"22","0","DuPAGE","555","CHAD KOPPIE","320","8TH CONGRESS","Bloomingdale  068 - 0170","525","12","","0"
"22","0","DuPAGE","565","PHILLIP OWEN WOOD","320","8TH CONGRESS","Bloomingdale  068 - 0170","525","12","","7"
"22","0","DuPAGE","575","CHRIS DARGIS","320","8TH CONGRESS","Bloomingdale  068 - 0170","525","12","","5"
"22","0","DuPAGE","560","PETER KOPSAFTIS","320","8TH CONGRESS","Bloomingdale  068 - 0170","525","12","","3"
"22","0","DuPAGE","570","KAREN KOLODZIEJ","320","8TH CONGRESS","Bloomingdale  068 - 0170","525","12","","7"
"22","0","DuPAGE","0","Over Votes","320","8TH CONGRESS","Bloomingdale  068 - 0170","525","12","","0"
"22","0","DuPAGE","0","Under Votes","320","8TH CONGRESS","Bloomingdale  068 - 0170","525","12","","1"
"22","0","DuPAGE","555","CHAD KOPPIE","320","8TH CONGRESS","Bloomingdale  091 - 0199","494","12","","5"
"22","0","DuPAGE","565","PHILLIP OWEN WOOD","320","8TH CONGRESS","Bloomingdale  091 - 0199","494","12","","2"
"22","0","DuPAGE","575","CHRIS DARGIS","320","8TH CONGRESS","Bloomingdale  091 - 0199","494","12","","7"
"22","0","DuPAGE","560","PETER KOPSAFTIS","320","8TH CONGRESS","Bloomingdale  091 - 0199","494","12","","4"
"22","0","DuPAGE","570","KAREN KOLODZIEJ","320","8TH CONGRESS","Bloomingdale  091 - 0199","494","12","","1"
"22","0","DuPAGE","0","Over Votes","320","8TH CONGRESS","Bloomingdale  091 - 0199","494","12","","0"
"22","0","DuPAGE","0","Under Votes","320","8TH CONGRESS","Bloomingdale  091 - 0199","494","12","","2"
"22","0","DuPAGE","560","PETER KOPSAFTIS","320","8TH CONGRESS","Addison  007 - 0222","31","12","","1"
"22","0","DuPAGE","0","Over Votes","320","8TH CONGRESS","Addison  007 - 0222","31","12","","0"
"22","0","DuPAGE","0","Under Votes","320","8TH CONGRESS","Addison  007 - 0222","31","12","","0"
"22","0","DuPAGE","570","KAREN KOLODZIEJ","320","8TH CONGRESS","Addison  007 - 0222","31","12","","0"
"22","0","DuPAGE","555","CHAD KOPPIE","320","8TH CONGRESS","Addison  007 - 0222","31","12","","0"
"22","0","DuPAGE","565","PHILLIP OWEN WOOD","320","8TH CONGRESS","Addison  007 - 0222","31","12","","0"
"22","0","DuPAGE","575","CHRIS DARGIS","320","8TH CONGRESS","Addison  007 - 0222","31","12","","3"
"22","0","DuPAGE","555","CHAD KOPPIE","320","8TH CONGRESS","Milton  070 - 0454","186","12","","0"
"22","0","DuPAGE","560","PETER KOPSAFTIS","320","8TH CONGRESS","Milton  070 - 0454","186","12","","0"
"22","0","DuPAGE","565","PHILLIP OWEN WOOD","320","8TH CONGRESS","Milton  070 - 0454","186","12","","2"
"22","0","DuPAGE","0","Over Votes","320","8TH CONGRESS","Milton  070 - 0454","186","12","","1"
"22","0","DuPAGE","0","Under Votes","320","8TH CONGRESS","Milton  070 - 0454","186","12","","1"
"22","0","DuPAGE","570","KAREN KOLODZIEJ","320","8TH CONGRESS","Milton  070 - 0454","186","12","","0"
"22","0","DuPAGE","575","CHRIS DARGIS","320","8TH CONGRESS","Milton  070 - 0454","186","12","","5"
"22","0","DuPAGE","555","CHAD KOPPIE","320","8TH CONGRESS","Addison  062 - 0292","684","12","","10"
"22","0","DuPAGE","565","PHILLIP OWEN WOOD","320","8TH CONGRESS","Addison  062 - 0292","684","12","","16"
"22","0","DuPAGE","575","CHRIS DARGIS","320","8TH CONGRESS","Addison  062 - 0292","684","12","","42"
"22","0","DuPAGE","560","PETER KOPSAFTIS","320","8TH CONGRESS","Addison  062 - 0292","684","12","","15"
"22","0","DuPAGE","570","KAREN KOLODZIEJ","320","8TH CONGRESS","Addison  062 - 0292","684","12","","16"
"22","0","DuPAGE","0","Over Votes","320","8TH CONGRESS","Addison  062 - 0292","684","12","","0"
"22","0","DuPAGE","0","Under Votes","320","8TH CONGRESS","Addison  062 - 0292","684","12","","8"
"22","0","DuPAGE","555","CHAD KOPPIE","320","8TH CONGRESS","Milton  119 - 0527","383","12","","3"
"22","0","DuPAGE","565","PHILLIP OWEN WOOD","320","8TH CONGRESS","Milton  119 - 0527","383","12","","6"
"22","0","DuPAGE","575","CHRIS DARGIS","320","8TH CONGRESS","Milton  119 - 0527","383","12","","5"
"22","0","DuPAGE","560","PETER KOPSAFTIS","320","8TH CONGRESS","Milton  119 - 0527","383","12","","2"
"22","0","DuPAGE","570","KAREN KOLODZIEJ","320","8TH CONGRESS","Milton  119 - 0527","383","12","","4"
"22","0","DuPAGE","0","Over Votes","320","8TH CONGRESS","Milton  119 - 0527","383","12","","0"
"22","0","DuPAGE","0","Under Votes","320","8TH CONGRESS","Milton  119 - 0527","383","12","","6"
"22","0","DuPAGE","555","CHAD KOPPIE","320","8TH CONGRESS","Milton  123 - 0533","637","12","","4"
"22","0","DuPAGE","565","PHILLIP OWEN WOOD","320","8TH CONGRESS","Milton  123 - 0533","637","12","","8"
"22","0","DuPAGE","575","CHRIS DARGIS","320","8TH CONGRESS","Milton  123 - 0533","637","12","","9"
"22","0","DuPAGE","560","PETER KOPSAFTIS","320","8TH CONGRESS","Milton  123 - 0533","637","12","","3"
"22","0","DuPAGE","570","KAREN KOLODZIEJ","320","8TH CONGRESS","Milton  123 - 0533","637","12","","9"
"22","0","DuPAGE","0","Over Votes","320","8TH CONGRESS","Milton  123 - 0533","637","12","","0"
"22","0","DuPAGE","0","Under Votes","320","8TH CONGRESS","Milton  123 - 0533","637","12","","4"
"22","0","DuPAGE","575","CHRIS DARGIS","320","8TH CONGRESS","Wayne  014 - 0023","648","12","","13"
"22","0","DuPAGE","555","CHAD KOPPIE","320","8TH CONGRESS","Wayne  014 - 0023","648","12","","5"
"22","0","DuPAGE","560","PETER KOPSAFTIS","320","8TH CONGRESS","Wayne  014 - 0023","648","12","","14"
"22","0","DuPAGE","0","Over Votes","320","8TH CONGRESS","Wayne  014 - 0023","648","12","","0"
"22","0","DuPAGE","570","KAREN KOLODZIEJ","320","8TH CONGRESS","Wayne  014 - 0023","648","12","","10"
"22","0","DuPAGE","0","Under Votes","320","8TH CONGRESS","Wayne  014 - 0023","648","12","","2"
"22","0","DuPAGE","565","PHILLIP OWEN WOOD","320","8TH CONGRESS","Wayne  014 - 0023","648","12","","10"
"22","0","DuPAGE","555","CHAD KOPPIE","320","8TH CONGRESS","Wayne  052 - 0075","604","12","","2"
"22","0","DuPAGE","565","PHILLIP OWEN WOOD","320","8TH CONGRESS","Wayne  052 - 0075","604","12","","17"
"22","0","DuPAGE","575","CHRIS DARGIS","320","8TH CONGRESS","Wayne  052 - 0075","604","12","","16"
"22","0","DuPAGE","560","PETER KOPSAFTIS","320","8TH CONGRESS","Wayne  052 - 0075","604","12","","10"
"22","0","DuPAGE","0","Over Votes","320","8TH CONGRESS","Wayne  052 - 0075","604","12","","0"
"22","0","DuPAGE","570","KAREN KOLODZIEJ","320","8TH CONGRESS","Wayne  052 - 0075","604","12","","13"
"22","0","DuPAGE","0","Under Votes","320","8TH CONGRESS","Wayne  052 - 0075","604","12","","5"
"22","0","DuPAGE","555","CHAD KOPPIE","320","8TH CONGRESS","Wayne  055 - 0078","593","12","","14"
"22","0","DuPAGE","565","PHILLIP OWEN WOOD","320","8TH CONGRESS","Wayne  055 - 0078","593","12","","43"
"22","0","DuPAGE","575","CHRIS DARGIS","320","8TH CONGRESS","Wayne  055 - 0078","593","12","","30"
"22","0","DuPAGE","560","PETER KOPSAFTIS","320","8TH CONGRESS","Wayne  055 - 0078","593","12","","6"
"22","0","DuPAGE","0","Over Votes","320","8TH CONGRESS","Wayne  055 - 0078","593","12","","2"
"22","0","DuPAGE","570","KAREN KOLODZIEJ","320","8TH CONGRESS","Wayne  055 - 0078","593","12","","15"
"22","0","DuPAGE","0","Under Votes","320","8TH CONGRESS","Wayne  055 - 0078","593","12","","7"
"22","0","DuPAGE","555","CHAD KOPPIE","320","8TH CONGRESS","Wayne  057 - 0081","175","12","","0"
"22","0","DuPAGE","565","PHILLIP OWEN WOOD","320","8TH CONGRESS","Wayne  057 - 0081","175","12","","13"
"22","0","DuPAGE","575","CHRIS DARGIS","320","8TH CONGRESS","Wayne  057 - 0081","175","12","","4"
"22","0","DuPAGE","560","PETER KOPSAFTIS","320","8TH CONGRESS","Wayne  057 - 0081","175","12","","1"
"22","0","DuPAGE","0","Over Votes","320","8TH CONGRESS","Wayne  057 - 0081","175","12","","0"
"22","0","DuPAGE","570","KAREN KOLODZIEJ","320","8TH CONGRESS","Wayne  057 - 0081","175","12","","2"
"22","0","DuPAGE","0","Under Votes","320","8TH CONGRESS","Wayne  057 - 0081","175","12","","2"
"22","0","DuPAGE","575","CHRIS DARGIS","320","8TH CONGRESS","Wayne  060 - 0084","645","12","","7"
"22","0","DuPAGE","555","CHAD KOPPIE","320","8TH CONGRESS","Wayne  060 - 0084","645","12","","9"
"22","0","DuPAGE","560","PETER KOPSAFTIS","320","8TH CONGRESS","Wayne  060 - 0084","645","12","","2"
"22","0","DuPAGE","0","Over Votes","320","8TH CONGRESS","Wayne  060 - 0084","645","12","","0"
"22","0","DuPAGE","570","KAREN KOLODZIEJ","320","8TH CONGRESS","Wayne  060 - 0084","645","12","","11"
"22","0","DuPAGE","0","Under Votes","320","8TH CONGRESS","Wayne  060 - 0084","645","12","","1"
"22","0","DuPAGE","565","PHILLIP OWEN WOOD","320","8TH CONGRESS","Wayne  060 - 0084","645","12","","19"
"22","0","DuPAGE","555","CHAD KOPPIE","320","8TH CONGRESS","Bloomingdale  010 - 0104","740","12","","8"
"22","0","DuPAGE","565","PHILLIP OWEN WOOD","320","8TH CONGRESS","Bloomingdale  010 - 0104","740","12","","16"
"22","0","DuPAGE","575","CHRIS DARGIS","320","8TH CONGRESS","Bloomingdale  010 - 0104","740","12","","43"
"22","0","DuPAGE","560","PETER KOPSAFTIS","320","8TH CONGRESS","Bloomingdale  010 - 0104","740","12","","13"
"22","0","DuPAGE","0","Over Votes","320","8TH CONGRESS","Bloomingdale  010 - 0104","740","12","","0"
"22","0","DuPAGE","570","KAREN KOLODZIEJ","320","8TH CONGRESS","Bloomingdale  010 - 0104","740","12","","18"
"22","0","DuPAGE","0","Under Votes","320","8TH CONGRESS","Bloomingdale  010 - 0104","740","12","","6"
"22","0","DuPAGE","555","CHAD KOPPIE","320","8TH CONGRESS","Bloomingdale  013 - 0107","583","12","","7"
"22","0","DuPAGE","565","PHILLIP OWEN WOOD","320","8TH CONGRESS","Bloomingdale  013 - 0107","583","12","","12"
"22","0","DuPAGE","575","CHRIS DARGIS","320","8TH CONGRESS","Bloomingdale  013 - 0107","583","12","","17"
"22","0","DuPAGE","560","PETER KOPSAFTIS","320","8TH CONGRESS","Bloomingdale  013 - 0107","583","12","","12"
"22","0","DuPAGE","570","KAREN KOLODZIEJ","320","8TH CONGRESS","Bloomingdale  013 - 0107","583","12","","12"
"22","0","DuPAGE","0","Over Votes","320","8TH CONGRESS","Bloomingdale  013 - 0107","583","12","","0"
"22","0","DuPAGE","0","Under Votes","320","8TH CONGRESS","Bloomingdale  013 - 0107","583","12","","9"
"22","0","DuPAGE","555","CHAD KOPPIE","320","8TH CONGRESS","Bloomingdale  016 - 0110","655","12","","6"
"22","0","DuPAGE","565","PHILLIP OWEN WOOD","320","8TH CONGRESS","Bloomingdale  016 - 0110","655","12","","10"
"22","0","DuPAGE","575","CHRIS DARGIS","320","8TH CONGRESS","Bloomingdale  016 - 0110","655","12","","6"
"22","0","DuPAGE","560","PETER KOPSAFTIS","320","8TH CONGRESS","Bloomingdale  016 - 0110","655","12","","6"
"22","0","DuPAGE","570","KAREN KOLODZIEJ","320","8TH CONGRESS","Bloomingdale  016 - 0110","655","12","","7"
"22","0","DuPAGE","0","Over Votes","320","8TH CONGRESS","Bloomingdale  016 - 0110","655","12","","0"
"22","0","DuPAGE","0","Under Votes","320","8TH CONGRESS","Bloomingdale  016 - 0110","655","12","","3"
"22","0","DuPAGE","555","CHAD KOPPIE","320","8TH CONGRESS","Bloomingdale  019 - 0113","707","12","","10"
"22","0","DuPAGE","575","CHRIS DARGIS","320","8TH CONGRESS","Bloomingdale  019 - 0113","707","12","","24"
"22","0","DuPAGE","565","PHILLIP OWEN WOOD","320","8TH CONGRESS","Bloomingdale  019 - 0113","707","12","","23"
"22","0","DuPAGE","560","PETER KOPSAFTIS","320","8TH CONGRESS","Bloomingdale  019 - 0113","707","12","","14"
"22","0","DuPAGE","570","KAREN KOLODZIEJ","320","8TH CONGRESS","Bloomingdale  019 - 0113","707","12","","16"
"22","0","DuPAGE","0","Over Votes","320","8TH CONGRESS","Bloomingdale  019 - 0113","707","12","","1"
"22","0","DuPAGE","570","KAREN KOLODZIEJ","320","8TH CONGRESS","Bloomingdale  052 - 0151","925","12","","3"
"22","0","DuPAGE","0","Over Votes","320","8TH CONGRESS","Bloomingdale  052 - 0151","925","12","","0"
"22","0","DuPAGE","0","Under Votes","320","8TH CONGRESS","Bloomingdale  052 - 0151","925","12","","4"
"22","0","DuPAGE","555","CHAD KOPPIE","320","8TH CONGRESS","Bloomingdale  055 - 0154","949","12","","4"
"22","0","DuPAGE","560","PETER KOPSAFTIS","320","8TH CONGRESS","Bloomingdale  055 - 0154","949","12","","17"
"22","0","DuPAGE","565","PHILLIP OWEN WOOD","320","8TH CONGRESS","Bloomingdale  055 - 0154","949","12","","20"
"22","0","DuPAGE","575","CHRIS DARGIS","320","8TH CONGRESS","Bloomingdale  055 - 0154","949","12","","36"
"22","0","DuPAGE","570","KAREN KOLODZIEJ","320","8TH CONGRESS","Bloomingdale  055 - 0154","949","12","","18"
"22","0","DuPAGE","0","Over Votes","320","8TH CONGRESS","Bloomingdale  055 - 0154","949","12","","0"
"22","0","DuPAGE","0","Under Votes","320","8TH CONGRESS","Bloomingdale  055 - 0154","949","12","","5"
"22","0","DuPAGE","575","CHRIS DARGIS","320","8TH CONGRESS","Bloomingdale  074 - 0177","364","12","","15"
"22","0","DuPAGE","555","CHAD KOPPIE","320","8TH CONGRESS","Bloomingdale  074 - 0177","364","12","","5"
"22","0","DuPAGE","565","PHILLIP OWEN WOOD","320","8TH CONGRESS","Bloomingdale  074 - 0177","364","12","","17"
"22","0","DuPAGE","560","PETER KOPSAFTIS","320","8TH CONGRESS","Bloomingdale  074 - 0177","364","12","","3"
"22","0","DuPAGE","570","KAREN KOLODZIEJ","320","8TH CONGRESS","Bloomingdale  074 - 0177","364","12","","6"
"22","0","DuPAGE","0","Over Votes","320","8TH CONGRESS","Bloomingdale  074 - 0177","364","12","","0"
"22","0","DuPAGE","0","Under Votes","320","8TH CONGRESS","Bloomingdale  074 - 0177","364","12","","3"
"22","0","DuPAGE","575","CHRIS DARGIS","320","8TH CONGRESS","Bloomingdale  077 - 0180","618","12","","20"
"22","0","DuPAGE","555","CHAD KOPPIE","320","8TH CONGRESS","Bloomingdale  077 - 0180","618","12","","4"
"22","0","DuPAGE","560","PETER KOPSAFTIS","320","8TH CONGRESS","Bloomingdale  077 - 0180","618","12","","7"
"22","0","DuPAGE","565","PHILLIP OWEN WOOD","320","8TH CONGRESS","Bloomingdale  077 - 0180","618","12","","22"
"22","0","DuPAGE","570","KAREN KOLODZIEJ","320","8TH CONGRESS","Bloomingdale  077 - 0180","618","12","","6"
"22","0","DuPAGE","0","Over Votes","320","8TH CONGRESS","Bloomingdale  077 - 0180","618","12","","0"
"22","0","DuPAGE","0","Under Votes","320","8TH CONGRESS","Bloomingdale  077 - 0180","618","12","","8"
"22","0","DuPAGE","565","PHILLIP OWEN WOOD","320","8TH CONGRESS","Bloomingdale  080 - 0183","574","12","","20"
"22","0","DuPAGE","570","KAREN KOLODZIEJ","320","8TH CONGRESS","Bloomingdale  080 - 0183","574","12","","6"
"22","0","DuPAGE","0","Over Votes","320","8TH CONGRESS","Bloomingdale  080 - 0183","574","12","","0"
"22","0","DuPAGE","0","Under Votes","320","8TH CONGRESS","Bloomingdale  080 - 0183","574","12","","5"
"22","0","DuPAGE","575","CHRIS DARGIS","320","8TH CONGRESS","Bloomingdale  080 - 0183","574","12","","16"
"22","0","DuPAGE","555","CHAD KOPPIE","320","8TH CONGRESS","Bloomingdale  080 - 0183","574","12","","6"
"22","0","DuPAGE","560","PETER KOPSAFTIS","320","8TH CONGRESS","Bloomingdale  080 - 0183","574","12","","8"
"22","0","DuPAGE","555","CHAD KOPPIE","320","8TH CONGRESS","Bloomingdale  081 - 0186","76","12","","0"
"22","0","DuPAGE","560","PETER KOPSAFTIS","320","8TH CONGRESS","Bloomingdale  081 - 0186","76","12","","0"
"22","0","DuPAGE","575","CHRIS DARGIS","320","8TH CONGRESS","Bloomingdale  081 - 0186","76","12","","2"
"22","0","DuPAGE","570","KAREN KOLODZIEJ","320","8TH CONGRESS","Bloomingdale  081 - 0186","76","12","","1"
"22","0","DuPAGE","0","Over Votes","320","8TH CONGRESS","Bloomingdale  081 - 0186","76","12","","0"
"22","0","DuPAGE","0","Under Votes","320","8TH CONGRESS","Bloomingdale  081 - 0186","76","12","","1"
"22","0","DuPAGE","565","PHILLIP OWEN WOOD","320","8TH CONGRESS","Bloomingdale  081 - 0186","76","12","","3"
"22","0","DuPAGE","575","CHRIS DARGIS","320","8TH CONGRESS","Bloomingdale  098 - 0206","643","12","","10"
"22","0","DuPAGE","555","CHAD KOPPIE","320","8TH CONGRESS","Bloomingdale  098 - 0206","643","12","","3"
"22","0","DuPAGE","555","CHAD KOPPIE","320","8TH CONGRESS","Wayne  002 - 0006","383","12","","5"
"22","0","DuPAGE","560","PETER KOPSAFTIS","320","8TH CONGRESS","Wayne  002 - 0006","383","12","","10"
"22","0","DuPAGE","575","CHRIS DARGIS","320","8TH CONGRESS","Wayne  002 - 0006","383","12","","16"
"22","0","DuPAGE","570","KAREN KOLODZIEJ","320","8TH CONGRESS","Wayne  002 - 0006","383","12","","2"
"22","0","DuPAGE","0","Over Votes","320","8TH CONGRESS","Wayne  002 - 0006","383","12","","0"
"22","0","DuPAGE","0","Under Votes","320","8TH CONGRESS","Wayne  002 - 0006","383","12","","1"
"22","0","DuPAGE","565","PHILLIP OWEN WOOD","320","8TH CONGRESS","Wayne  002 - 0006","383","12","","12"
"22","0","DuPAGE","555","CHAD KOPPIE","320","8TH CONGRESS","Wayne  004 - 0009","800","12","","9"
"22","0","DuPAGE","560","PETER KOPSAFTIS","320","8TH CONGRESS","Wayne  004 - 0009","800","12","","10"
"22","0","DuPAGE","575","CHRIS DARGIS","320","8TH CONGRESS","Wayne  004 - 0009","800","12","","25"
"22","0","DuPAGE","0","Over Votes","320","8TH CONGRESS","Wayne  004 - 0009","800","12","","0"
"22","0","DuPAGE","0","Under Votes","320","8TH CONGRESS","Wayne  004 - 0009","800","12","","3"
"22","0","DuPAGE","565","PHILLIP OWEN WOOD","320","8TH CONGRESS","Wayne  004 - 0009","800","12","","24"
"22","0","DuPAGE","570","KAREN KOLODZIEJ","320","8TH CONGRESS","Wayne  004 - 0009","800","12","","12"
"22","0","DuPAGE","555","CHAD KOPPIE","320","8TH CONGRESS","Wayne  023 - 0038","125","12","","0"
"22","0","DuPAGE","560","PETER KOPSAFTIS","320","8TH CONGRESS","Wayne  023 - 0038","125","12","","0"
"22","0","DuPAGE","575","CHRIS DARGIS","320","8TH CONGRESS","Wayne  023 - 0038","125","12","","5"
"22","0","DuPAGE","570","KAREN KOLODZIEJ","320","8TH CONGRESS","Wayne  023 - 0038","125","12","","5"
"22","0","DuPAGE","0","Over Votes","320","8TH CONGRESS","Wayne  023 - 0038","125","12","","0"
"22","0","DuPAGE","0","Under Votes","320","8TH CONGRESS","Wayne  023 - 0038","125","12","","3"
"22","0","DuPAGE","565","PHILLIP OWEN WOOD","320","8TH CONGRESS","Wayne  023 - 0038","125","12","","2"
"22","0","DuPAGE","555","CHAD KOPPIE","320","8TH CONGRESS","Wayne  028 - 0044","564","12","","4"
"22","0","DuPAGE","560","PETER KOPSAFTIS","320","8TH CONGRESS","Wayne  028 - 0044","564","12","","6"
"22","0","DuPAGE","0","Over Votes","320","8TH CONGRESS","Wayne  028 - 0044","564","12","","0"
"22","0","DuPAGE","0","Under Votes","320","8TH CONGRESS","Wayne  028 - 0044","564","12","","4"
"22","0","DuPAGE","565","PHILLIP OWEN WOOD","320","8TH CONGRESS","Wayne  028 - 0044","564","12","","19"
"22","0","DuPAGE","570","KAREN KOLODZIEJ","320","8TH CONGRESS","Wayne  028 - 0044","564","12","","3"
"22","0","DuPAGE","575","CHRIS DARGIS","320","8TH CONGRESS","Wayne  028 - 0044","564","12","","17"
"22","0","DuPAGE","555","CHAD KOPPIE","320","8TH CONGRESS","Wayne  031 - 0047","596","12","","3"
"22","0","DuPAGE","565","PHILLIP OWEN WOOD","320","8TH CONGRESS","Wayne  031 - 0047","596","12","","3"
"22","0","DuPAGE","560","PETER KOPSAFTIS","320","8TH CONGRESS","Wayne  031 - 0047","596","12","","8"
"22","0","DuPAGE","0","Over Votes","320","8TH CONGRESS","Wayne  031 - 0047","596","12","","0"
"22","0","DuPAGE","0","Under Votes","320","8TH CONGRESS","Wayne  031 - 0047","596","12","","2"
"22","0","DuPAGE","570","KAREN KOLODZIEJ","320","8TH CONGRESS","Wayne  031 - 0047","596","12","","2"
"22","0","DuPAGE","575","CHRIS DARGIS","320","8TH CONGRESS","Wayne  031 - 0047","596","12","","10"
"22","0","DuPAGE","555","CHAD KOPPIE","320","8TH CONGRESS","Wayne  046 - 0067","678","12","","4"
"22","0","DuPAGE","575","CHRIS DARGIS","320","8TH CONGRESS","Milton  103 - 0504","754","12","","18"
"22","0","DuPAGE","560","PETER KOPSAFTIS","320","8TH CONGRESS","Milton  103 - 0504","754","12","","9"
"22","0","DuPAGE","570","KAREN KOLODZIEJ","320","8TH CONGRESS","Milton  103 - 0504","754","12","","6"
"22","0","DuPAGE","0","Over Votes","320","8TH CONGRESS","Milton  103 - 0504","754","12","","0"
"22","0","DuPAGE","0","Under Votes","320","8TH CONGRESS","Milton  103 - 0504","754","12","","3"
"22","0","DuPAGE","555","CHAD KOPPIE","320","8TH CONGRESS","Addison  042 - 0265","632","12","","9"
"22","0","DuPAGE","560","PETER KOPSAFTIS","320","8TH CONGRESS","Addison  042 - 0265","632","12","","26"
"22","0","DuPAGE","0","Over Votes","320","8TH CONGRESS","Addison  042 - 0265","632","12","","0"
"22","0","DuPAGE","0","Under Votes","320","8TH CONGRESS","Addison  042 - 0265","632","12","","7"
"22","0","DuPAGE","565","PHILLIP OWEN WOOD","320","8TH CONGRESS","Addison  042 - 0265","632","12","","8"
"22","0","DuPAGE","570","KAREN KOLODZIEJ","320","8TH CONGRESS","Addison  042 - 0265","632","12","","10"
"22","0","DuPAGE","575","CHRIS DARGIS","320","8TH CONGRESS","Addison  042 - 0265","632","12","","20"
"22","0","DuPAGE","555","CHAD KOPPIE","320","8TH CONGRESS","Addison  061 - 0291","547","12","","11"
"22","0","DuPAGE","560","PETER KOPSAFTIS","320","8TH CONGRESS","Addison  061 - 0291","547","12","","9"
"22","0","DuPAGE","0","Over Votes","320","8TH CONGRESS","Addison  061 - 0291","547","12","","0"
"22","0","DuPAGE","0","Under Votes","320","8TH CONGRESS","Addison  061 - 0291","547","12","","6"
"22","0","DuPAGE","565","PHILLIP OWEN WOOD","320","8TH CONGRESS","Addison  061 - 0291","547","12","","20"
"22","0","DuPAGE","570","KAREN KOLODZIEJ","320","8TH CONGRESS","Addison  061 - 0291","547","12","","16"
"22","0","DuPAGE","575","CHRIS DARGIS","320","8TH CONGRESS","Addison  061 - 0291","547","12","","25"
"22","0","DuPAGE","555","CHAD KOPPIE","320","8TH CONGRESS","Addison  063 - 0294","242","12","","4"
"22","0","DuPAGE","560","PETER KOPSAFTIS","320","8TH CONGRESS","Addison  063 - 0294","242","12","","2"
"22","0","DuPAGE","0","Over Votes","320","8TH CONGRESS","Addison  063 - 0294","242","12","","0"
"22","0","DuPAGE","0","Under Votes","320","8TH CONGRESS","Addison  063 - 0294","242","12","","4"
"22","0","DuPAGE","565","PHILLIP OWEN WOOD","320","8TH CONGRESS","Addison  063 - 0294","242","12","","6"
"22","0","DuPAGE","570","KAREN KOLODZIEJ","320","8TH CONGRESS","Addison  063 - 0294","242","12","","6"
"22","0","DuPAGE","575","CHRIS DARGIS","320","8TH CONGRESS","Addison  063 - 0294","242","12","","8"
"22","0","DuPAGE","555","CHAD KOPPIE","320","8TH CONGRESS","Bloomingdale  037 - 0131","525","12","","3"
"22","0","DuPAGE","560","PETER KOPSAFTIS","320","8TH CONGRESS","Bloomingdale  037 - 0131","525","12","","1"
"22","0","DuPAGE","575","CHRIS DARGIS","320","8TH CONGRESS","Bloomingdale  037 - 0131","525","12","","10"
"22","0","DuPAGE","0","Over Votes","320","8TH CONGRESS","Bloomingdale  037 - 0131","525","12","","0"
"22","0","DuPAGE","0","Under Votes","320","8TH CONGRESS","Bloomingdale  037 - 0131","525","12","","6"
"22","0","DuPAGE","565","PHILLIP OWEN WOOD","320","8TH CONGRESS","Bloomingdale  037 - 0131","525","12","","4"
"22","0","DuPAGE","570","KAREN KOLODZIEJ","320","8TH CONGRESS","Bloomingdale  037 - 0131","525","12","","7"
"22","0","DuPAGE","555","CHAD KOPPIE","320","8TH CONGRESS","Bloomingdale  038 - 0134","0","12","","0"
"22","0","DuPAGE","560","PETER KOPSAFTIS","320","8TH CONGRESS","Bloomingdale  038 - 0134","0","12","","0"
"22","0","DuPAGE","575","CHRIS DARGIS","320","8TH CONGRESS","Bloomingdale  038 - 0134","0","12","","0"
"22","0","DuPAGE","0","Over Votes","320","8TH CONGRESS","Bloomingdale  038 - 0134","0","12","","0"
"22","0","DuPAGE","0","Under Votes","320","8TH CONGRESS","Bloomingdale  038 - 0134","0","12","","0"
"22","0","DuPAGE","565","PHILLIP OWEN WOOD","320","8TH CONGRESS","Bloomingdale  038 - 0134","0","12","","0"
"22","0","DuPAGE","570","KAREN KOLODZIEJ","320","8TH CONGRESS","Bloomingdale  038 - 0134","0","12","","0"
"22","0","DuPAGE","555","CHAD KOPPIE","320","8TH CONGRESS","Bloomingdale  041 - 0137","603","12","","6"
"22","0","DuPAGE","560","PETER KOPSAFTIS","320","8TH CONGRESS","Bloomingdale  041 - 0137","603","12","","7"
"22","0","DuPAGE","0","Over Votes","320","8TH CONGRESS","Bloomingdale  041 - 0137","603","12","","0"
"22","0","DuPAGE","0","Under Votes","320","8TH CONGRESS","Bloomingdale  041 - 0137","603","12","","5"
"22","0","DuPAGE","565","PHILLIP OWEN WOOD","320","8TH CONGRESS","Bloomingdale  041 - 0137","603","12","","11"
"22","0","DuPAGE","570","KAREN KOLODZIEJ","320","8TH CONGRESS","Bloomingdale  041 - 0137","603","12","","12"
"22","0","DuPAGE","575","CHRIS DARGIS","320","8TH CONGRESS","Bloomingdale  041 - 0137","603","12","","15"
"22","0","DuPAGE","555","CHAD KOPPIE","320","8TH CONGRESS","Bloomingdale  058 - 0157","785","12","","6"
"22","0","DuPAGE","560","PETER KOPSAFTIS","320","8TH CONGRESS","Bloomingdale  058 - 0157","785","12","","18"
"22","0","DuPAGE","575","CHRIS DARGIS","320","8TH CONGRESS","Bloomingdale  058 - 0157","785","12","","11"
"22","0","DuPAGE","570","KAREN KOLODZIEJ","320","8TH CONGRESS","Bloomingdale  058 - 0157","785","12","","7"
"22","0","DuPAGE","0","Over Votes","320","8TH CONGRESS","Bloomingdale  058 - 0157","785","12","","0"
"22","0","DuPAGE","0","Under Votes","320","8TH CONGRESS","Bloomingdale  058 - 0157","785","12","","4"
"22","0","DuPAGE","565","PHILLIP OWEN WOOD","320","8TH CONGRESS","Bloomingdale  058 - 0157","785","12","","59"
"22","0","DuPAGE","555","CHAD KOPPIE","320","8TH CONGRESS","Bloomingdale  060 - 0160","782","12","","4"
"22","0","DuPAGE","560","PETER KOPSAFTIS","320","8TH CONGRESS","Bloomingdale  060 - 0160","782","12","","8"
"22","0","DuPAGE","575","CHRIS DARGIS","320","8TH CONGRESS","Bloomingdale  060 - 0160","782","12","","16"
"22","0","DuPAGE","0","Over Votes","320","8TH CONGRESS","Bloomingdale  060 - 0160","782","12","","0"
"22","0","DuPAGE","0","Under Votes","320","8TH CONGRESS","Bloomingdale  060 - 0160","782","12","","4"
"22","0","DuPAGE","565","PHILLIP OWEN WOOD","320","8TH CONGRESS","Bloomingdale  060 - 0160","782","12","","19"
"22","0","DuPAGE","570","KAREN KOLODZIEJ","320","8TH CONGRESS","Bloomingdale  060 - 0160","782","12","","9"
"22","0","DuPAGE","0","Under Votes","320","8TH CONGRESS","Bloomingdale  065 - 0166","1022","12","","10"
"22","0","DuPAGE","565","PHILLIP OWEN WOOD","320","8TH CONGRESS","Bloomingdale  065 - 0166","1022","12","","16"
"22","0","DuPAGE","570","KAREN KOLODZIEJ","320","8TH CONGRESS","Bloomingdale  065 - 0166","1022","12","","18"
"22","0","DuPAGE","575","CHRIS DARGIS","320","8TH CONGRESS","Bloomingdale  065 - 0166","1022","12","","25"
"22","0","DuPAGE","555","CHAD KOPPIE","320","8TH CONGRESS","Bloomingdale  065 - 0166","1022","12","","8"
"22","0","DuPAGE","560","PETER KOPSAFTIS","320","8TH CONGRESS","Bloomingdale  051 - 0150","124","12","","1"
"22","0","DuPAGE","555","CHAD KOPPIE","320","8TH CONGRESS","Bloomingdale  071 - 0173","853","12","","11"
"22","0","DuPAGE","565","PHILLIP OWEN WOOD","320","8TH CONGRESS","Bloomingdale  071 - 0173","853","12","","19"
"22","0","DuPAGE","575","CHRIS DARGIS","320","8TH CONGRESS","Bloomingdale  071 - 0173","853","12","","20"
"22","0","DuPAGE","560","PETER KOPSAFTIS","320","8TH CONGRESS","Bloomingdale  071 - 0173","853","12","","21"
"22","0","DuPAGE","570","KAREN KOLODZIEJ","320","8TH CONGRESS","Bloomingdale  071 - 0173","853","12","","19"
"22","0","DuPAGE","0","Over Votes","320","8TH CONGRESS","Bloomingdale  071 - 0173","853","12","","0"
"22","0","DuPAGE","0","Under Votes","320","8TH CONGRESS","Bloomingdale  071 - 0173","853","12","","7"
"22","0","DuPAGE","555","CHAD KOPPIE","320","8TH CONGRESS","Bloomingdale  074 - 0176","185","12","","1"
"22","0","DuPAGE","565","PHILLIP OWEN WOOD","320","8TH CONGRESS","Bloomingdale  074 - 0176","185","12","","4"
"22","0","DuPAGE","575","CHRIS DARGIS","320","8TH CONGRESS","Bloomingdale  074 - 0176","185","12","","7"
"22","0","DuPAGE","0","Over Votes","320","8TH CONGRESS","Bloomingdale  074 - 0176","185","12","","0"
"22","0","DuPAGE","570","KAREN KOLODZIEJ","320","8TH CONGRESS","Bloomingdale  074 - 0176","185","12","","3"
"22","0","DuPAGE","0","Under Votes","320","8TH CONGRESS","Bloomingdale  074 - 0176","185","12","","0"
"22","0","DuPAGE","560","PETER KOPSAFTIS","320","8TH CONGRESS","Bloomingdale  074 - 0176","185","12","","3"
"22","0","DuPAGE","555","CHAD KOPPIE","320","8TH CONGRESS","Bloomingdale  079 - 0182","846","12","","7"
"22","0","DuPAGE","575","CHRIS DARGIS","320","8TH CONGRESS","Bloomingdale  079 - 0182","846","12","","12"
"22","0","DuPAGE","565","PHILLIP OWEN WOOD","320","8TH CONGRESS","Bloomingdale  079 - 0182","846","12","","11"
"22","0","DuPAGE","560","PETER KOPSAFTIS","320","8TH CONGRESS","Bloomingdale  079 - 0182","846","12","","5"
"22","0","DuPAGE","0","Over Votes","320","8TH CONGRESS","Bloomingdale  079 - 0182","846","12","","0"
"22","0","DuPAGE","570","KAREN KOLODZIEJ","320","8TH CONGRESS","Bloomingdale  079 - 0182","846","12","","10"
"22","0","DuPAGE","0","Under Votes","320","8TH CONGRESS","Bloomingdale  079 - 0182","846","12","","3"
"22","0","DuPAGE","555","CHAD KOPPIE","320","8TH CONGRESS","Bloomingdale  097 - 0205","432","12","","6"
"22","0","DuPAGE","565","PHILLIP OWEN WOOD","320","8TH CONGRESS","Bloomingdale  097 - 0205","432","12","","9"
"22","0","DuPAGE","575","CHRIS DARGIS","320","8TH CONGRESS","Bloomingdale  097 - 0205","432","12","","6"
"22","0","DuPAGE","560","PETER KOPSAFTIS","320","8TH CONGRESS","Bloomingdale  097 - 0205","432","12","","4"
"22","0","DuPAGE","0","Over Votes","320","8TH CONGRESS","Bloomingdale  097 - 0205","432","12","","0"
"22","0","DuPAGE","570","KAREN KOLODZIEJ","320","8TH CONGRESS","Bloomingdale  097 - 0205","432","12","","2"
"22","0","DuPAGE","0","Under Votes","320","8TH CONGRESS","Bloomingdale  097 - 0205","432","12","","1"
"22","0","DuPAGE","555","CHAD KOPPIE","320","8TH CONGRESS","Bloomingdale  100 - 0208","723","12","","5"
"22","0","DuPAGE","565","PHILLIP OWEN WOOD","320","8TH CONGRESS","Bloomingdale  100 - 0208","723","12","","7"
"22","0","DuPAGE","575","CHRIS DARGIS","320","8TH CONGRESS","Bloomingdale  100 - 0208","723","12","","9"
"22","0","DuPAGE","560","PETER KOPSAFTIS","320","8TH CONGRESS","Bloomingdale  100 - 0208","723","12","","5"
"22","0","DuPAGE","0","Over Votes","320","8TH CONGRESS","Bloomingdale  100 - 0208","723","12","","0"
"22","0","DuPAGE","570","KAREN KOLODZIEJ","320","8TH CONGRESS","Bloomingdale  100 - 0208","723","12","","10"
"22","0","DuPAGE","0","Under Votes","320","8TH CONGRESS","Bloomingdale  100 - 0208","723","12","","5"
"22","0","DuPAGE","555","CHAD KOPPIE","320","8TH CONGRESS","Bloomingdale  103 - 0211","367","12","","4"
"22","0","DuPAGE","575","CHRIS DARGIS","320","8TH CONGRESS","Bloomingdale  103 - 0211","367","12","","9"
"22","0","DuPAGE","565","PHILLIP OWEN WOOD","320","8TH CONGRESS","Bloomingdale  103 - 0211","367","12","","3"
"22","0","DuPAGE","0","Over Votes","320","8TH CONGRESS","Bloomingdale  073 - 0175","795","12","","0"
"22","0","DuPAGE","0","Under Votes","320","8TH CONGRESS","Bloomingdale  073 - 0175","795","12","","7"
"22","0","DuPAGE","565","PHILLIP OWEN WOOD","320","8TH CONGRESS","Bloomingdale  073 - 0175","795","12","","14"
"22","0","DuPAGE","570","KAREN KOLODZIEJ","320","8TH CONGRESS","Bloomingdale  073 - 0175","795","12","","14"
"22","0","DuPAGE","575","CHRIS DARGIS","320","8TH CONGRESS","Bloomingdale  073 - 0175","795","12","","20"
"22","0","DuPAGE","555","CHAD KOPPIE","320","8TH CONGRESS","Bloomingdale  075 - 0178","402","12","","5"
"22","0","DuPAGE","560","PETER KOPSAFTIS","320","8TH CONGRESS","Bloomingdale  075 - 0178","402","12","","8"
"22","0","DuPAGE","565","PHILLIP OWEN WOOD","320","8TH CONGRESS","Bloomingdale  075 - 0178","402","12","","3"
"22","0","DuPAGE","0","Over Votes","320","8TH CONGRESS","Bloomingdale  075 - 0178","402","12","","0"
"22","0","DuPAGE","0","Under Votes","320","8TH CONGRESS","Bloomingdale  075 - 0178","402","12","","2"
"22","0","DuPAGE","570","KAREN KOLODZIEJ","320","8TH CONGRESS","Bloomingdale  075 - 0178","402","12","","8"
"22","0","DuPAGE","575","CHRIS DARGIS","320","8TH CONGRESS","Bloomingdale  075 - 0178","402","12","","19"
"22","0","DuPAGE","555","CHAD KOPPIE","320","8TH CONGRESS","Bloomingdale  090 - 0198","710","12","","7"
"22","0","DuPAGE","560","PETER KOPSAFTIS","320","8TH CONGRESS","Bloomingdale  090 - 0198","710","12","","15"
"22","0","DuPAGE","0","Over Votes","320","8TH CONGRESS","Bloomingdale  090 - 0198","710","12","","0"
"22","0","DuPAGE","0","Under Votes","320","8TH CONGRESS","Bloomingdale  090 - 0198","710","12","","8"
"22","0","DuPAGE","565","PHILLIP OWEN WOOD","320","8TH CONGRESS","Bloomingdale  090 - 0198","710","12","","10"
"22","0","DuPAGE","570","KAREN KOLODZIEJ","320","8TH CONGRESS","Bloomingdale  090 - 0198","710","12","","7"
"22","0","DuPAGE","575","CHRIS DARGIS","320","8TH CONGRESS","Bloomingdale  090 - 0198","710","12","","9"
"22","0","DuPAGE","555","CHAD KOPPIE","320","8TH CONGRESS","Bloomingdale  093 - 0201","672","12","","8"
"22","0","DuPAGE","560","PETER KOPSAFTIS","320","8TH CONGRESS","Bloomingdale  093 - 0201","672","12","","10"
"22","0","DuPAGE","0","Over Votes","320","8TH CONGRESS","Bloomingdale  093 - 0201","672","12","","0"
"22","0","DuPAGE","0","Under Votes","320","8TH CONGRESS","Bloomingdale  093 - 0201","672","12","","11"
"22","0","DuPAGE","565","PHILLIP OWEN WOOD","320","8TH CONGRESS","Bloomingdale  093 - 0201","672","12","","16"
"22","0","DuPAGE","570","KAREN KOLODZIEJ","320","8TH CONGRESS","Bloomingdale  093 - 0201","672","12","","9"
"22","0","DuPAGE","575","CHRIS DARGIS","320","8TH CONGRESS","Bloomingdale  093 - 0201","672","12","","20"
"22","0","DuPAGE","555","CHAD KOPPIE","320","8TH CONGRESS","Bloomingdale  096 - 0204","577","12","","3"
"22","0","DuPAGE","560","PETER KOPSAFTIS","320","8TH CONGRESS","Bloomingdale  096 - 0204","577","12","","3"
"22","0","DuPAGE","0","Over Votes","320","8TH CONGRESS","Bloomingdale  096 - 0204","577","12","","1"
"22","0","DuPAGE","0","Under Votes","320","8TH CONGRESS","Bloomingdale  096 - 0204","577","12","","1"
"22","0","DuPAGE","565","PHILLIP OWEN WOOD","320","8TH CONGRESS","Bloomingdale  096 - 0204","577","12","","6"
"22","0","DuPAGE","570","KAREN KOLODZIEJ","320","8TH CONGRESS","Bloomingdale  096 - 0204","577","12","","5"
"22","0","DuPAGE","575","CHRIS DARGIS","320","8TH CONGRESS","Bloomingdale  096 - 0204","577","12","","6"
"22","0","DuPAGE","555","CHAD KOPPIE","320","8TH CONGRESS","Bloomingdale  099 - 0207","560","12","","4"
"22","0","DuPAGE","560","PETER KOPSAFTIS","320","8TH CONGRESS","Bloomingdale  099 - 0207","560","12","","4"
"22","0","DuPAGE","565","PHILLIP OWEN WOOD","320","8TH CONGRESS","Bloomingdale  099 - 0207","560","12","","1"
"22","0","DuPAGE","0","Over Votes","320","8TH CONGRESS","Bloomingdale  099 - 0207","560","12","","0"
"22","0","DuPAGE","0","Under Votes","320","8TH CONGRESS","Bloomingdale  099 - 0207","560","12","","3"
"22","0","DuPAGE","570","KAREN KOLODZIEJ","320","8TH CONGRESS","Bloomingdale  099 - 0207","560","12","","4"
"22","0","DuPAGE","575","CHRIS DARGIS","320","8TH CONGRESS","Bloomingdale  099 - 0207","560","12","","5"
"22","0","DuPAGE","0","Under Votes","320","8TH CONGRESS","Wayne  015 - 0026","663","12","","4"
"22","0","DuPAGE","565","PHILLIP OWEN WOOD","320","8TH CONGRESS","Wayne  015 - 0026","663","12","","14"
"22","0","DuPAGE","575","CHRIS DARGIS","320","8TH CONGRESS","Wayne  017 - 0029","570","12","","12"
"22","0","DuPAGE","555","CHAD KOPPIE","320","8TH CONGRESS","Wayne  017 - 0029","570","12","","3"
"22","0","DuPAGE","560","PETER KOPSAFTIS","320","8TH CONGRESS","Wayne  017 - 0029","570","12","","4"
"22","0","DuPAGE","570","KAREN KOLODZIEJ","320","8TH CONGRESS","Wayne  017 - 0029","570","12","","4"
"22","0","DuPAGE","0","Over Votes","320","8TH CONGRESS","Wayne  017 - 0029","570","12","","0"
"22","0","DuPAGE","0","Under Votes","320","8TH CONGRESS","Wayne  017 - 0029","570","12","","2"
"22","0","DuPAGE","565","PHILLIP OWEN WOOD","320","8TH CONGRESS","Wayne  017 - 0029","570","12","","23"
"22","0","DuPAGE","570","KAREN KOLODZIEJ","320","8TH CONGRESS","Wayne  019 - 0032","699","12","","7"
"22","0","DuPAGE","0","Over Votes","320","8TH CONGRESS","Wayne  019 - 0032","699","12","","0"
"22","0","DuPAGE","0","Under Votes","320","8TH CONGRESS","Wayne  019 - 0032","699","12","","1"
"22","0","DuPAGE","565","PHILLIP OWEN WOOD","320","8TH CONGRESS","Wayne  019 - 0032","699","12","","6"
"22","0","DuPAGE","575","CHRIS DARGIS","320","8TH CONGRESS","Wayne  019 - 0032","699","12","","8"
"22","0","DuPAGE","555","CHAD KOPPIE","320","8TH CONGRESS","Wayne  019 - 0032","699","12","","3"
"22","0","DuPAGE","560","PETER KOPSAFTIS","320","8TH CONGRESS","Wayne  019 - 0032","699","12","","5"
"22","0","DuPAGE","555","CHAD KOPPIE","320","8TH CONGRESS","Wayne  021 - 0035","72","12","","0"
"22","0","DuPAGE","560","PETER KOPSAFTIS","320","8TH CONGRESS","Wayne  021 - 0035","72","12","","0"
"22","0","DuPAGE","575","CHRIS DARGIS","320","8TH CONGRESS","Wayne  021 - 0035","72","12","","1"
"22","0","DuPAGE","570","KAREN KOLODZIEJ","320","8TH CONGRESS","Wayne  021 - 0035","72","12","","1"
"22","0","DuPAGE","0","Over Votes","320","8TH CONGRESS","Wayne  021 - 0035","72","12","","0"
"22","0","DuPAGE","0","Under Votes","320","8TH CONGRESS","Wayne  021 - 0035","72","12","","0"
"22","0","DuPAGE","565","PHILLIP OWEN WOOD","320","8TH CONGRESS","Wayne  021 - 0035","72","12","","10"
"22","0","DuPAGE","575","CHRIS DARGIS","320","8TH CONGRESS","Wayne  042 - 0061","140","12","","3"
"22","0","DuPAGE","555","CHAD KOPPIE","320","8TH CONGRESS","Wayne  042 - 0061","140","12","","1"
"22","0","DuPAGE","560","PETER KOPSAFTIS","320","8TH CONGRESS","Wayne  042 - 0061","140","12","","1"
"22","0","DuPAGE","570","KAREN KOLODZIEJ","320","8TH CONGRESS","Wayne  042 - 0061","140","12","","0"
"22","0","DuPAGE","0","Over Votes","320","8TH CONGRESS","Wayne  042 - 0061","140","12","","0"
"22","0","DuPAGE","0","Under Votes","320","8TH CONGRESS","Wayne  042 - 0061","140","12","","1"
"22","0","DuPAGE","565","PHILLIP OWEN WOOD","320","8TH CONGRESS","Wayne  042 - 0061","140","12","","1"
"22","0","DuPAGE","575","CHRIS DARGIS","320","8TH CONGRESS","Wayne  063 - 0087","598","12","","9"
"22","0","DuPAGE","555","CHAD KOPPIE","320","8TH CONGRESS","Wayne  063 - 0087","598","12","","2"
"22","0","DuPAGE","560","PETER KOPSAFTIS","320","8TH CONGRESS","Wayne  063 - 0087","598","12","","3"
"22","0","DuPAGE","0","Over Votes","320","8TH CONGRESS","Wayne  063 - 0087","598","12","","0"
"22","0","DuPAGE","570","KAREN KOLODZIEJ","320","8TH CONGRESS","Wayne  063 - 0087","598","12","","8"
"22","0","DuPAGE","0","Under Votes","320","8TH CONGRESS","Wayne  063 - 0087","598","12","","2"
"22","0","DuPAGE","565","PHILLIP OWEN WOOD","320","8TH CONGRESS","Wayne  063 - 0087","598","12","","5"
"22","0","DuPAGE","575","CHRIS DARGIS","320","8TH CONGRESS","Wayne  066 - 0090","430","12","","4"
"22","0","DuPAGE","555","CHAD KOPPIE","320","8TH CONGRESS","Wayne  066 - 0090","430","12","","2"
"22","0","DuPAGE","560","PETER KOPSAFTIS","320","8TH CONGRESS","Wayne  066 - 0090","430","12","","2"
"22","0","DuPAGE","570","KAREN KOLODZIEJ","320","8TH CONGRESS","Wayne  066 - 0090","430","12","","8"
"22","0","DuPAGE","0","Over Votes","320","8TH CONGRESS","Wayne  066 - 0090","430","12","","0"
"22","0","DuPAGE","0","Under Votes","320","8TH CONGRESS","Wayne  066 - 0090","430","12","","1"
"22","0","DuPAGE","560","PETER KOPSAFTIS","320","8TH CONGRESS","Bloomingdale  103 - 0211","367","12","","0"
"22","0","DuPAGE","0","Over Votes","320","8TH CONGRESS","Bloomingdale  103 - 0211","367","12","","0"
"22","0","DuPAGE","570","KAREN KOLODZIEJ","320","8TH CONGRESS","Bloomingdale  103 - 0211","367","12","","1"
"22","0","DuPAGE","0","Under Votes","320","8TH CONGRESS","Bloomingdale  103 - 0211","367","12","","2"
"22","0","DuPAGE","555","CHAD KOPPIE","320","8TH CONGRESS","Addison  022 - 0240","754","12","","16"
"22","0","DuPAGE","575","CHRIS DARGIS","320","8TH CONGRESS","Addison  022 - 0240","754","12","","34"
"22","0","DuPAGE","565","PHILLIP OWEN WOOD","320","8TH CONGRESS","Addison  022 - 0240","754","12","","11"
"22","0","DuPAGE","560","PETER KOPSAFTIS","320","8TH CONGRESS","Addison  022 - 0240","754","12","","20"
"22","0","DuPAGE","0","Over Votes","320","8TH CONGRESS","Addison  022 - 0240","754","12","","0"
"22","0","DuPAGE","570","KAREN KOLODZIEJ","320","8TH CONGRESS","Addison  022 - 0240","754","12","","12"
"22","0","DuPAGE","0","Under Votes","320","8TH CONGRESS","Addison  022 - 0240","754","12","","14"
"22","0","DuPAGE","555","CHAD KOPPIE","320","8TH CONGRESS","Addison  043 - 0266","903","12","","9"
"22","0","DuPAGE","565","PHILLIP OWEN WOOD","320","8TH CONGRESS","Addison  043 - 0266","903","12","","12"
"22","0","DuPAGE","575","CHRIS DARGIS","320","8TH CONGRESS","Addison  043 - 0266","903","12","","16"
"22","0","DuPAGE","560","PETER KOPSAFTIS","320","8TH CONGRESS","Addison  043 - 0266","903","12","","14"
"22","0","DuPAGE","0","Over Votes","320","8TH CONGRESS","Addison  043 - 0266","903","12","","0"
"22","0","DuPAGE","570","KAREN KOLODZIEJ","320","8TH CONGRESS","Addison  043 - 0266","903","12","","18"
"22","0","DuPAGE","0","Under Votes","320","8TH CONGRESS","Addison  043 - 0266","903","12","","3"
"22","0","DuPAGE","555","CHAD KOPPIE","320","8TH CONGRESS","Addison  064 - 0295","830","12","","4"
"22","0","DuPAGE","565","PHILLIP OWEN WOOD","320","8TH CONGRESS","Addison  064 - 0295","830","12","","7"
"22","0","DuPAGE","575","CHRIS DARGIS","320","8TH CONGRESS","Addison  064 - 0295","830","12","","26"
"22","0","DuPAGE","560","PETER KOPSAFTIS","320","8TH CONGRESS","Addison  064 - 0295","830","12","","11"
"22","0","DuPAGE","570","KAREN KOLODZIEJ","320","8TH CONGRESS","Addison  064 - 0295","830","12","","22"
"22","0","DuPAGE","0","Over Votes","320","8TH CONGRESS","Addison  064 - 0295","830","12","","0"
"22","0","DuPAGE","0","Under Votes","320","8TH CONGRESS","Addison  064 - 0295","830","12","","12"
"22","0","DuPAGE","555","CHAD KOPPIE","320","8TH CONGRESS","Addison  065 - 0298","60","12","","0"
"22","0","DuPAGE","565","PHILLIP OWEN WOOD","320","8TH CONGRESS","Addison  065 - 0298","60","12","","3"
"22","0","DuPAGE","575","CHRIS DARGIS","320","8TH CONGRESS","Addison  065 - 0298","60","12","","4"
"22","0","DuPAGE","560","PETER KOPSAFTIS","320","8TH CONGRESS","Addison  065 - 0298","60","12","","1"
"22","0","DuPAGE","570","KAREN KOLODZIEJ","320","8TH CONGRESS","Addison  065 - 0298","60","12","","5"
"22","0","DuPAGE","0","Over Votes","320","8TH CONGRESS","Addison  065 - 0298","60","12","","0"
"22","0","DuPAGE","0","Under Votes","320","8TH CONGRESS","Addison  065 - 0298","60","12","","1"
"22","0","DuPAGE","560","PETER KOPSAFTIS","320","8TH CONGRESS","Addison  066 - 0301","77","12","","1"
"22","0","DuPAGE","570","KAREN KOLODZIEJ","320","8TH CONGRESS","Addison  066 - 0301","77","12","","0"
"22","0","DuPAGE","0","Over Votes","320","8TH CONGRESS","Addison  066 - 0301","77","12","","0"
"22","0","DuPAGE","0","Under Votes","320","8TH CONGRESS","Addison  066 - 0301","77","12","","0"
"22","0","DuPAGE","555","CHAD KOPPIE","320","8TH CONGRESS","Addison  066 - 0301","77","12","","1"
"22","0","DuPAGE","575","CHRIS DARGIS","320","8TH CONGRESS","Addison  066 - 0301","77","12","","2"
"22","0","DuPAGE","565","PHILLIP OWEN WOOD","320","8TH CONGRESS","Addison  066 - 0301","77","12","","0"
"22","0","DuPAGE","555","CHAD KOPPIE","320","8TH CONGRESS","Milton  103 - 0504","754","12","","8"
"22","0","DuPAGE","565","PHILLIP OWEN WOOD","320","8TH CONGRESS","Milton  103 - 0504","754","12","","23"
"22","0","DuPAGE","560","PETER KOPSAFTIS","320","8TH CONGRESS","Wayne  046 - 0067","678","12","","11"
"22","0","DuPAGE","570","KAREN KOLODZIEJ","320","8TH CONGRESS","Wayne  046 - 0067","678","12","","6"
"22","0","DuPAGE","0","Over Votes","320","8TH CONGRESS","Wayne  046 - 0067","678","12","","0"
"22","0","DuPAGE","0","Under Votes","320","8TH CONGRESS","Wayne  046 - 0067","678","12","","10"
"22","0","DuPAGE","565","PHILLIP OWEN WOOD","320","8TH CONGRESS","Wayne  046 - 0067","678","12","","15"
"22","0","DuPAGE","575","CHRIS DARGIS","320","8TH CONGRESS","Wayne  046 - 0067","678","12","","14"
"22","0","DuPAGE","555","CHAD KOPPIE","320","8TH CONGRESS","Wayne  051 - 0073","755","12","","8"
"22","0","DuPAGE","560","PETER KOPSAFTIS","320","8TH CONGRESS","Wayne  051 - 0073","755","12","","10"
"22","0","DuPAGE","0","Over Votes","320","8TH CONGRESS","Wayne  051 - 0073","755","12","","0"
"22","0","DuPAGE","0","Under Votes","320","8TH CONGRESS","Wayne  051 - 0073","755","12","","6"
"22","0","DuPAGE","565","PHILLIP OWEN WOOD","320","8TH CONGRESS","Wayne  051 - 0073","755","12","","14"
"22","0","DuPAGE","570","KAREN KOLODZIEJ","320","8TH CONGRESS","Wayne  051 - 0073","755","12","","10"
"22","0","DuPAGE","575","CHRIS DARGIS","320","8TH CONGRESS","Wayne  051 - 0073","755","12","","14"
"22","0","DuPAGE","555","CHAD KOPPIE","320","8TH CONGRESS","Wayne  053 - 0076","841","12","","9"
"22","0","DuPAGE","565","PHILLIP OWEN WOOD","320","8TH CONGRESS","Wayne  053 - 0076","841","12","","21"
"22","0","DuPAGE","560","PETER KOPSAFTIS","320","8TH CONGRESS","Wayne  053 - 0076","841","12","","5"
"22","0","DuPAGE","0","Over Votes","320","8TH CONGRESS","Wayne  053 - 0076","841","12","","0"
"22","0","DuPAGE","0","Under Votes","320","8TH CONGRESS","Wayne  053 - 0076","841","12","","2"
"22","0","DuPAGE","570","KAREN KOLODZIEJ","320","8TH CONGRESS","Wayne  053 - 0076","841","12","","15"
"22","0","DuPAGE","575","CHRIS DARGIS","320","8TH CONGRESS","Wayne  053 - 0076","841","12","","29"
"22","0","DuPAGE","555","CHAD KOPPIE","320","8TH CONGRESS","Bloomingdale  009 - 0102","792","12","","8"
"22","0","DuPAGE","575","CHRIS DARGIS","320","8TH CONGRESS","Bloomingdale  009 - 0102","792","12","","7"
"22","0","DuPAGE","560","PETER KOPSAFTIS","320","8TH CONGRESS","Bloomingdale  009 - 0102","792","12","","10"
"22","0","DuPAGE","0","Over Votes","320","8TH CONGRESS","Bloomingdale  009 - 0102","792","12","","0"
"22","0","DuPAGE","0","Under Votes","320","8TH CONGRESS","Bloomingdale  009 - 0102","792","12","","9"
"22","0","DuPAGE","565","PHILLIP OWEN WOOD","320","8TH CONGRESS","Bloomingdale  009 - 0102","792","12","","28"
"22","0","DuPAGE","570","KAREN KOLODZIEJ","320","8TH CONGRESS","Bloomingdale  009 - 0102","792","12","","6"
"22","0","DuPAGE","555","CHAD KOPPIE","320","8TH CONGRESS","Bloomingdale  011 - 0105","589","12","","6"
"22","0","DuPAGE","560","PETER KOPSAFTIS","320","8TH CONGRESS","Bloomingdale  011 - 0105","589","12","","12"
"22","0","DuPAGE","0","Over Votes","320","8TH CONGRESS","Bloomingdale  011 - 0105","589","12","","0"
"22","0","DuPAGE","0","Under Votes","320","8TH CONGRESS","Bloomingdale  011 - 0105","589","12","","3"
"22","0","DuPAGE","565","PHILLIP OWEN WOOD","320","8TH CONGRESS","Bloomingdale  011 - 0105","589","12","","26"
"22","0","DuPAGE","570","KAREN KOLODZIEJ","320","8TH CONGRESS","Bloomingdale  011 - 0105","589","12","","13"
"22","0","DuPAGE","575","CHRIS DARGIS","320","8TH CONGRESS","Bloomingdale  011 - 0105","589","12","","26"
"22","0","DuPAGE","555","CHAD KOPPIE","320","8TH CONGRESS","Bloomingdale  034 - 0128","784","12","","7"
"22","0","DuPAGE","560","PETER KOPSAFTIS","320","8TH CONGRESS","Bloomingdale  034 - 0128","784","12","","14"
"22","0","DuPAGE","575","CHRIS DARGIS","320","8TH CONGRESS","Bloomingdale  034 - 0128","784","12","","22"
"22","0","DuPAGE","570","KAREN KOLODZIEJ","320","8TH CONGRESS","Bloomingdale  034 - 0128","784","12","","8"
"22","0","DuPAGE","0","Over Votes","320","8TH CONGRESS","Bloomingdale  034 - 0128","784","12","","0"
"22","0","DuPAGE","0","Under Votes","320","8TH CONGRESS","Bloomingdale  034 - 0128","784","12","","4"
"22","0","DuPAGE","565","PHILLIP OWEN WOOD","320","8TH CONGRESS","Bloomingdale  034 - 0128","784","12","","17"
"22","0","DuPAGE","565","PHILLIP OWEN WOOD","320","8TH CONGRESS","Wayne  066 - 0090","430","12","","7"
"22","0","DuPAGE","555","CHAD KOPPIE","320","8TH CONGRESS","Bloomingdale  001 - 0093","621","12","","13"
"22","0","DuPAGE","560","PETER KOPSAFTIS","320","8TH CONGRESS","Bloomingdale  001 - 0093","621","12","","9"
"22","0","DuPAGE","565","PHILLIP OWEN WOOD","320","8TH CONGRESS","Bloomingdale  001 - 0093","621","12","","18"
"22","0","DuPAGE","575","CHRIS DARGIS","320","8TH CONGRESS","Bloomingdale  001 - 0093","621","12","","26"
"22","0","DuPAGE","570","KAREN KOLODZIEJ","320","8TH CONGRESS","Bloomingdale  001 - 0093","621","12","","18"
"22","0","DuPAGE","0","Over Votes","320","8TH CONGRESS","Bloomingdale  001 - 0093","621","12","","0"
"22","0","DuPAGE","0","Under Votes","320","8TH CONGRESS","Bloomingdale  001 - 0093","621","12","","11"
"22","0","DuPAGE","555","CHAD KOPPIE","320","8TH CONGRESS","Bloomingdale  004 - 0096","525","12","","1"
"22","0","DuPAGE","560","PETER KOPSAFTIS","320","8TH CONGRESS","Bloomingdale  004 - 0096","525","12","","6"
"22","0","DuPAGE","575","CHRIS DARGIS","320","8TH CONGRESS","Bloomingdale  004 - 0096","525","12","","11"
"22","0","DuPAGE","570","KAREN KOLODZIEJ","320","8TH CONGRESS","Bloomingdale  004 - 0096","525","12","","7"
"22","0","DuPAGE","0","Over Votes","320","8TH CONGRESS","Bloomingdale  004 - 0096","525","12","","0"
"22","0","DuPAGE","0","Under Votes","320","8TH CONGRESS","Bloomingdale  004 - 0096","525","12","","1"
"22","0","DuPAGE","565","PHILLIP OWEN WOOD","320","8TH CONGRESS","Bloomingdale  004 - 0096","525","12","","8"
"22","0","DuPAGE","575","CHRIS DARGIS","320","8TH CONGRESS","Bloomingdale  022 - 0116","893","12","","11"
"22","0","DuPAGE","555","CHAD KOPPIE","320","8TH CONGRESS","Bloomingdale  022 - 0116","893","12","","13"
"22","0","DuPAGE","565","PHILLIP OWEN WOOD","320","8TH CONGRESS","Bloomingdale  022 - 0116","893","12","","9"
"22","0","DuPAGE","560","PETER KOPSAFTIS","320","8TH CONGRESS","Bloomingdale  022 - 0116","893","12","","5"
"22","0","DuPAGE","570","KAREN KOLODZIEJ","320","8TH CONGRESS","Bloomingdale  022 - 0116","893","12","","8"
"22","0","DuPAGE","0","Over Votes","320","8TH CONGRESS","Bloomingdale  022 - 0116","893","12","","0"
"22","0","DuPAGE","0","Under Votes","320","8TH CONGRESS","Bloomingdale  022 - 0116","893","12","","2"
"22","0","DuPAGE","555","CHAD KOPPIE","320","8TH CONGRESS","Bloomingdale  031 - 0125","1028","12","","7"
"22","0","DuPAGE","560","PETER KOPSAFTIS","320","8TH CONGRESS","Bloomingdale  031 - 0125","1028","12","","44"
"22","0","DuPAGE","575","CHRIS DARGIS","320","8TH CONGRESS","Bloomingdale  031 - 0125","1028","12","","9"
"22","0","DuPAGE","570","KAREN KOLODZIEJ","320","8TH CONGRESS","Bloomingdale  031 - 0125","1028","12","","19"
"22","0","DuPAGE","0","Over Votes","320","8TH CONGRESS","Bloomingdale  031 - 0125","1028","12","","0"
"22","0","DuPAGE","0","Under Votes","320","8TH CONGRESS","Bloomingdale  031 - 0125","1028","12","","7"
"22","0","DuPAGE","565","PHILLIP OWEN WOOD","320","8TH CONGRESS","Bloomingdale  031 - 0125","1028","12","","8"
"22","0","DuPAGE","575","CHRIS DARGIS","320","8TH CONGRESS","Bloomingdale  051 - 0148","530","12","","16"
"22","0","DuPAGE","555","CHAD KOPPIE","320","8TH CONGRESS","Bloomingdale  051 - 0148","530","12","","2"
"22","0","DuPAGE","565","PHILLIP OWEN WOOD","320","8TH CONGRESS","Bloomingdale  051 - 0148","530","12","","4"
"22","0","DuPAGE","560","PETER KOPSAFTIS","320","8TH CONGRESS","Bloomingdale  051 - 0148","530","12","","6"
"22","0","DuPAGE","570","KAREN KOLODZIEJ","320","8TH CONGRESS","Bloomingdale  051 - 0148","530","12","","5"
"22","0","DuPAGE","0","Over Votes","320","8TH CONGRESS","Bloomingdale  051 - 0148","530","12","","0"
"22","0","DuPAGE","0","Under Votes","320","8TH CONGRESS","Bloomingdale  051 - 0148","530","12","","0"
"22","0","DuPAGE","575","CHRIS DARGIS","320","8TH CONGRESS","Bloomingdale  052 - 0151","925","12","","7"
"22","0","DuPAGE","555","CHAD KOPPIE","320","8TH CONGRESS","Bloomingdale  052 - 0151","925","12","","8"
"22","0","DuPAGE","560","PETER KOPSAFTIS","320","8TH CONGRESS","Bloomingdale  052 - 0151","925","12","","5"
"22","0","DuPAGE","565","PHILLIP OWEN WOOD","320","8TH CONGRESS","Bloomingdale  052 - 0151","925","12","","12"
"22","0","DuPAGE","565","PHILLIP OWEN WOOD","320","8TH CONGRESS","Wayne  015 - 0024","4","12","","1"
"22","0","DuPAGE","555","CHAD KOPPIE","320","8TH CONGRESS","Wayne  015 - 0024","4","12","","0"
"22","0","DuPAGE","560","PETER KOPSAFTIS","320","8TH CONGRESS","Wayne  015 - 0024","4","12","","0"
"22","0","DuPAGE","570","KAREN KOLODZIEJ","320","8TH CONGRESS","Wayne  015 - 0024","4","12","","0"
"22","0","DuPAGE","0","Over Votes","320","8TH CONGRESS","Wayne  015 - 0024","4","12","","0"
"22","0","DuPAGE","0","Under Votes","320","8TH CONGRESS","Wayne  015 - 0024","4","12","","0"
"22","0","DuPAGE","575","CHRIS DARGIS","320","8TH CONGRESS","Wayne  015 - 0024","4","12","","3"
"22","0","DuPAGE","555","CHAD KOPPIE","320","8TH CONGRESS","Wayne  016 - 0027","37","12","","0"
"22","0","DuPAGE","575","CHRIS DARGIS","320","8TH CONGRESS","Wayne  016 - 0027","37","12","","0"
"22","0","DuPAGE","560","PETER KOPSAFTIS","320","8TH CONGRESS","Wayne  016 - 0027","37","12","","0"
"22","0","DuPAGE","570","KAREN KOLODZIEJ","320","8TH CONGRESS","Wayne  016 - 0027","37","12","","2"
"22","0","DuPAGE","0","Over Votes","320","8TH CONGRESS","Wayne  016 - 0027","37","12","","0"
"22","0","DuPAGE","0","Under Votes","320","8TH CONGRESS","Wayne  016 - 0027","37","12","","0"
"22","0","DuPAGE","565","PHILLIP OWEN WOOD","320","8TH CONGRESS","Wayne  016 - 0027","37","12","","0"
"22","0","DuPAGE","555","CHAD KOPPIE","320","8TH CONGRESS","Wayne  034 - 0050","554","12","","4"
"22","0","DuPAGE","565","PHILLIP OWEN WOOD","320","8TH CONGRESS","Wayne  034 - 0050","554","12","","4"
"22","0","DuPAGE","560","PETER KOPSAFTIS","320","8TH CONGRESS","Wayne  034 - 0050","554","12","","8"
"22","0","DuPAGE","570","KAREN KOLODZIEJ","320","8TH CONGRESS","Wayne  034 - 0050","554","12","","15"
"22","0","DuPAGE","0","Over Votes","320","8TH CONGRESS","Wayne  034 - 0050","554","12","","0"
"22","0","DuPAGE","0","Under Votes","320","8TH CONGRESS","Wayne  034 - 0050","554","12","","2"
"22","0","DuPAGE","555","CHAD KOPPIE","320","8TH CONGRESS","Wayne  016 - 0028","624","12","","1"
"22","0","DuPAGE","565","PHILLIP OWEN WOOD","320","8TH CONGRESS","Wayne  016 - 0028","624","12","","8"
"22","0","DuPAGE","560","PETER KOPSAFTIS","320","8TH CONGRESS","Wayne  016 - 0028","624","12","","5"
"22","0","DuPAGE","575","CHRIS DARGIS","320","8TH CONGRESS","Wayne  016 - 0028","624","12","","6"
"22","0","DuPAGE","0","Over Votes","320","8TH CONGRESS","Wayne  016 - 0028","624","12","","1"
"22","0","DuPAGE","570","KAREN KOLODZIEJ","320","8TH CONGRESS","Wayne  016 - 0028","624","12","","2"
"22","0","DuPAGE","0","Under Votes","320","8TH CONGRESS","Wayne  016 - 0028","624","12","","6"
"22","0","DuPAGE","555","CHAD KOPPIE","320","8TH CONGRESS","Wayne  018 - 0031","451","12","","2"
"22","0","DuPAGE","575","CHRIS DARGIS","320","8TH CONGRESS","Wayne  018 - 0031","451","12","","6"
"22","0","DuPAGE","560","PETER KOPSAFTIS","320","8TH CONGRESS","Wayne  018 - 0031","451","12","","4"
"22","0","DuPAGE","565","PHILLIP OWEN WOOD","320","8TH CONGRESS","Wayne  018 - 0031","451","12","","11"
"22","0","DuPAGE","0","Over Votes","320","8TH CONGRESS","Wayne  018 - 0031","451","12","","0"
"22","0","DuPAGE","570","KAREN KOLODZIEJ","320","8TH CONGRESS","Wayne  018 - 0031","451","12","","8"
"22","0","DuPAGE","0","Under Votes","320","8TH CONGRESS","Wayne  018 - 0031","451","12","","5"
"22","0","DuPAGE","555","CHAD KOPPIE","320","8TH CONGRESS","Wayne  034 - 0051","56","12","","0"
"22","0","DuPAGE","565","PHILLIP OWEN WOOD","320","8TH CONGRESS","Wayne  034 - 0051","56","12","","2"
"22","0","DuPAGE","575","CHRIS DARGIS","320","8TH CONGRESS","Wayne  034 - 0051","56","12","","1"
"22","0","DuPAGE","560","PETER KOPSAFTIS","320","8TH CONGRESS","Wayne  034 - 0051","56","12","","0"
"22","0","DuPAGE","570","KAREN KOLODZIEJ","320","8TH CONGRESS","Wayne  034 - 0051","56","12","","0"
"22","0","DuPAGE","0","Over Votes","320","8TH CONGRESS","Wayne  034 - 0051","56","12","","0"
"22","0","DuPAGE","0","Under Votes","320","8TH CONGRESS","Wayne  034 - 0051","56","12","","2"
"22","0","DuPAGE","555","CHAD KOPPIE","320","8TH CONGRESS","Wayne  042 - 0060","646","12","","13"
"22","0","DuPAGE","575","CHRIS DARGIS","320","8TH CONGRESS","Wayne  042 - 0060","646","12","","12"
"22","0","DuPAGE","560","PETER KOPSAFTIS","320","8TH CONGRESS","Wayne  042 - 0060","646","12","","6"
"22","0","DuPAGE","565","PHILLIP OWEN WOOD","320","8TH CONGRESS","Wayne  042 - 0060","646","12","","18"
"22","0","DuPAGE","0","Over Votes","320","8TH CONGRESS","Wayne  042 - 0060","646","12","","0"
"22","0","DuPAGE","570","KAREN KOLODZIEJ","320","8TH CONGRESS","Wayne  042 - 0060","646","12","","5"
"22","0","DuPAGE","0","Under Votes","320","8TH CONGRESS","Wayne  042 - 0060","646","12","","6"
"22","0","DuPAGE","555","CHAD KOPPIE","320","8TH CONGRESS","Wayne  062 - 0086","557","12","","4"
"22","0","DuPAGE","565","PHILLIP OWEN WOOD","320","8TH CONGRESS","Wayne  062 - 0086","557","12","","4"
"22","0","DuPAGE","575","CHRIS DARGIS","320","8TH CONGRESS","Wayne  062 - 0086","557","12","","10"
"22","0","DuPAGE","0","Over Votes","320","8TH CONGRESS","Wayne  062 - 0086","557","12","","0"
"22","0","DuPAGE","570","KAREN KOLODZIEJ","320","8TH CONGRESS","Wayne  062 - 0086","557","12","","5"
"22","0","DuPAGE","0","Under Votes","320","8TH CONGRESS","Wayne  062 - 0086","557","12","","1"
"22","0","DuPAGE","560","PETER KOPSAFTIS","320","8TH CONGRESS","Wayne  062 - 0086","557","12","","4"
"22","0","DuPAGE","555","CHAD KOPPIE","320","8TH CONGRESS","Wayne  065 - 0089","735","12","","7"
"22","0","DuPAGE","575","CHRIS DARGIS","320","8TH CONGRESS","Wayne  065 - 0089","735","12","","19"
"22","0","DuPAGE","565","PHILLIP OWEN WOOD","320","8TH CONGRESS","Wayne  065 - 0089","735","12","","12"
"22","0","DuPAGE","0","Over Votes","320","8TH CONGRESS","Wayne  065 - 0089","735","12","","1"
"22","0","DuPAGE","570","KAREN KOLODZIEJ","320","8TH CONGRESS","Wayne  065 - 0089","735","12","","10"
"22","0","DuPAGE","0","Under Votes","320","8TH CONGRESS","Wayne  065 - 0089","735","12","","9"
"22","0","DuPAGE","560","PETER KOPSAFTIS","320","8TH CONGRESS","Wayne  065 - 0089","735","12","","9"
"22","0","DuPAGE","555","CHAD KOPPIE","320","8TH CONGRESS","Wayne  068 - 0092","551","12","","4"
"22","0","DuPAGE","575","CHRIS DARGIS","320","8TH CONGRESS","Wayne  034 - 0050","554","12","","6"
"22","0","DuPAGE","555","CHAD KOPPIE","320","8TH CONGRESS","Wayne  038 - 0056","604","12","","7"
"22","0","DuPAGE","575","CHRIS DARGIS","320","8TH CONGRESS","Wayne  038 - 0056","604","12","","13"
"22","0","DuPAGE","565","PHILLIP OWEN WOOD","320","8TH CONGRESS","Wayne  038 - 0056","604","12","","10"
"22","0","DuPAGE","560","PETER KOPSAFTIS","320","8TH CONGRESS","Wayne  038 - 0056","604","12","","7"
"22","0","DuPAGE","570","KAREN KOLODZIEJ","320","8TH CONGRESS","Wayne  038 - 0056","604","12","","8"
"22","0","DuPAGE","0","Over Votes","320","8TH CONGRESS","Wayne  038 - 0056","604","12","","0"
"22","0","DuPAGE","0","Under Votes","320","8TH CONGRESS","Wayne  038 - 0056","604","12","","2"
"22","0","DuPAGE","555","CHAD KOPPIE","320","8TH CONGRESS","Wayne  061 - 0085","883","12","","7"
"22","0","DuPAGE","565","PHILLIP OWEN WOOD","320","8TH CONGRESS","Wayne  061 - 0085","883","12","","8"
"22","0","DuPAGE","560","PETER KOPSAFTIS","320","8TH CONGRESS","Wayne  061 - 0085","883","12","","16"
"22","0","DuPAGE","570","KAREN KOLODZIEJ","320","8TH CONGRESS","Wayne  061 - 0085","883","12","","6"
"22","0","DuPAGE","0","Over Votes","320","8TH CONGRESS","Wayne  061 - 0085","883","12","","0"
"22","0","DuPAGE","0","Under Votes","320","8TH CONGRESS","Wayne  061 - 0085","883","12","","5"
"22","0","DuPAGE","575","CHRIS DARGIS","320","8TH CONGRESS","Wayne  061 - 0085","883","12","","13"
"22","0","DuPAGE","555","CHAD KOPPIE","320","8TH CONGRESS","Wayne  064 - 0088","744","12","","9"
"22","0","DuPAGE","575","CHRIS DARGIS","320","8TH CONGRESS","Wayne  064 - 0088","744","12","","21"
"22","0","DuPAGE","560","PETER KOPSAFTIS","320","8TH CONGRESS","Wayne  064 - 0088","744","12","","5"
"22","0","DuPAGE","570","KAREN KOLODZIEJ","320","8TH CONGRESS","Wayne  064 - 0088","744","12","","10"
"22","0","DuPAGE","0","Over Votes","320","8TH CONGRESS","Wayne  064 - 0088","744","12","","0"
"22","0","DuPAGE","0","Under Votes","320","8TH CONGRESS","Wayne  064 - 0088","744","12","","1"
"22","0","DuPAGE","565","PHILLIP OWEN WOOD","320","8TH CONGRESS","Wayne  064 - 0088","744","12","","25"
"22","0","DuPAGE","555","CHAD KOPPIE","320","8TH CONGRESS","Bloomingdale  017 - 0111","707","12","","15"
"22","0","DuPAGE","560","PETER KOPSAFTIS","320","8TH CONGRESS","Bloomingdale  017 - 0111","707","12","","21"
"22","0","DuPAGE","0","Over Votes","320","8TH CONGRESS","Bloomingdale  017 - 0111","707","12","","0"
"22","0","DuPAGE","0","Under Votes","320","8TH CONGRESS","Bloomingdale  017 - 0111","707","12","","10"
"22","0","DuPAGE","565","PHILLIP OWEN WOOD","320","8TH CONGRESS","Bloomingdale  017 - 0111","707","12","","32"
"22","0","DuPAGE","570","KAREN KOLODZIEJ","320","8TH CONGRESS","Bloomingdale  017 - 0111","707","12","","12"
"22","0","DuPAGE","575","CHRIS DARGIS","320","8TH CONGRESS","Bloomingdale  017 - 0111","707","12","","43"
"22","0","DuPAGE","555","CHAD KOPPIE","320","8TH CONGRESS","Bloomingdale  020 - 0114","860","12","","10"
"22","0","DuPAGE","560","PETER KOPSAFTIS","320","8TH CONGRESS","Bloomingdale  020 - 0114","860","12","","12"
"22","0","DuPAGE","0","Over Votes","320","8TH CONGRESS","Bloomingdale  020 - 0114","860","12","","0"
"22","0","DuPAGE","0","Under Votes","320","8TH CONGRESS","Bloomingdale  020 - 0114","860","12","","10"
"22","0","DuPAGE","565","PHILLIP OWEN WOOD","320","8TH CONGRESS","Bloomingdale  020 - 0114","860","12","","22"
"22","0","DuPAGE","570","KAREN KOLODZIEJ","320","8TH CONGRESS","Bloomingdale  020 - 0114","860","12","","19"
"22","0","DuPAGE","575","CHRIS DARGIS","320","8TH CONGRESS","Bloomingdale  020 - 0114","860","12","","47"
"22","0","DuPAGE","555","CHAD KOPPIE","320","8TH CONGRESS","Bloomingdale  023 - 0117","510","12","","3"
"22","0","DuPAGE","560","PETER KOPSAFTIS","320","8TH CONGRESS","Bloomingdale  023 - 0117","510","12","","4"
"22","0","DuPAGE","565","PHILLIP OWEN WOOD","320","8TH CONGRESS","Bloomingdale  023 - 0117","510","12","","14"
"22","0","DuPAGE","0","Over Votes","320","8TH CONGRESS","Bloomingdale  023 - 0117","510","12","","0"
"22","0","DuPAGE","0","Under Votes","320","8TH CONGRESS","Bloomingdale  023 - 0117","510","12","","1"
"22","0","DuPAGE","575","CHRIS DARGIS","320","8TH CONGRESS","Wayne  068 - 0092","551","12","","14"
"22","0","DuPAGE","565","PHILLIP OWEN WOOD","320","8TH CONGRESS","Wayne  068 - 0092","551","12","","8"
"22","0","DuPAGE","0","Over Votes","320","8TH CONGRESS","Wayne  068 - 0092","551","12","","0"
"22","0","DuPAGE","570","KAREN KOLODZIEJ","320","8TH CONGRESS","Wayne  068 - 0092","551","12","","11"
"22","0","DuPAGE","0","Under Votes","320","8TH CONGRESS","Wayne  068 - 0092","551","12","","4"
"22","0","DuPAGE","560","PETER KOPSAFTIS","320","8TH CONGRESS","Wayne  068 - 0092","551","12","","11"
"22","0","DuPAGE","555","CHAD KOPPIE","320","8TH CONGRESS","Bloomingdale  018 - 0112","620","12","","8"
"22","0","DuPAGE","565","PHILLIP OWEN WOOD","320","8TH CONGRESS","Bloomingdale  018 - 0112","620","12","","15"
"22","0","DuPAGE","575","CHRIS DARGIS","320","8TH CONGRESS","Bloomingdale  018 - 0112","620","12","","16"
"22","0","DuPAGE","560","PETER KOPSAFTIS","320","8TH CONGRESS","Bloomingdale  018 - 0112","620","12","","8"
"22","0","DuPAGE","570","KAREN KOLODZIEJ","320","8TH CONGRESS","Bloomingdale  018 - 0112","620","12","","9"
"22","0","DuPAGE","0","Over Votes","320","8TH CONGRESS","Bloomingdale  018 - 0112","620","12","","0"
"22","0","DuPAGE","0","Under Votes","320","8TH CONGRESS","Bloomingdale  018 - 0112","620","12","","5"
"22","0","DuPAGE","555","CHAD KOPPIE","320","8TH CONGRESS","Bloomingdale  024 - 0118","993","12","","16"
"22","0","DuPAGE","565","PHILLIP OWEN WOOD","320","8TH CONGRESS","Bloomingdale  024 - 0118","993","12","","23"
"22","0","DuPAGE","575","CHRIS DARGIS","320","8TH CONGRESS","Bloomingdale  024 - 0118","993","12","","23"
"22","0","DuPAGE","0","Over Votes","320","8TH CONGRESS","Bloomingdale  024 - 0118","993","12","","0"
"22","0","DuPAGE","570","KAREN KOLODZIEJ","320","8TH CONGRESS","Bloomingdale  024 - 0118","993","12","","12"
"22","0","DuPAGE","0","Under Votes","320","8TH CONGRESS","Bloomingdale  024 - 0118","993","12","","6"
"22","0","DuPAGE","560","PETER KOPSAFTIS","320","8TH CONGRESS","Bloomingdale  024 - 0118","993","12","","4"
"22","0","DuPAGE","555","CHAD KOPPIE","320","8TH CONGRESS","Bloomingdale  047 - 0144","571","12","","4"
"22","0","DuPAGE","565","PHILLIP OWEN WOOD","320","8TH CONGRESS","Bloomingdale  047 - 0144","571","12","","7"
"22","0","DuPAGE","575","CHRIS DARGIS","320","8TH CONGRESS","Bloomingdale  047 - 0144","571","12","","4"
"22","0","DuPAGE","560","PETER KOPSAFTIS","320","8TH CONGRESS","Bloomingdale  047 - 0144","571","12","","4"
"22","0","DuPAGE","570","KAREN KOLODZIEJ","320","8TH CONGRESS","Bloomingdale  047 - 0144","571","12","","3"
"22","0","DuPAGE","0","Over Votes","320","8TH CONGRESS","Bloomingdale  047 - 0144","571","12","","0"
"22","0","DuPAGE","0","Under Votes","320","8TH CONGRESS","Bloomingdale  047 - 0144","571","12","","1"
"22","0","DuPAGE","0","Over Votes","320","8TH CONGRESS","Bloomingdale  050 - 0147","975","12","","0"
"22","0","DuPAGE","570","KAREN KOLODZIEJ","320","8TH CONGRESS","Bloomingdale  050 - 0147","975","12","","9"
"22","0","DuPAGE","0","Under Votes","320","8TH CONGRESS","Bloomingdale  050 - 0147","975","12","","1"
"22","0","DuPAGE","560","PETER KOPSAFTIS","320","8TH CONGRESS","Bloomingdale  050 - 0147","975","12","","8"
"22","0","DuPAGE","555","CHAD KOPPIE","320","8TH CONGRESS","Bloomingdale  050 - 0147","975","12","","7"
"22","0","DuPAGE","565","PHILLIP OWEN WOOD","320","8TH CONGRESS","Bloomingdale  050 - 0147","975","12","","5"
"22","0","DuPAGE","575","CHRIS DARGIS","320","8TH CONGRESS","Bloomingdale  050 - 0147","975","12","","12"
"22","0","DuPAGE","555","CHAD KOPPIE","320","8TH CONGRESS","Bloomingdale  051 - 0150","124","12","","5"
"22","0","DuPAGE","575","CHRIS DARGIS","320","8TH CONGRESS","Bloomingdale  051 - 0150","124","12","","3"
"22","0","DuPAGE","565","PHILLIP OWEN WOOD","320","8TH CONGRESS","Bloomingdale  051 - 0150","124","12","","10"
"22","0","DuPAGE","0","Over Votes","320","8TH CONGRESS","Bloomingdale  051 - 0150","124","12","","0"
"22","0","DuPAGE","570","KAREN KOLODZIEJ","320","8TH CONGRESS","Bloomingdale  051 - 0150","124","12","","1"
"22","0","DuPAGE","0","Under Votes","320","8TH CONGRESS","Bloomingdale  051 - 0150","124","12","","0"
"22","0","DuPAGE","570","KAREN KOLODZIEJ","320","8TH CONGRESS","Bloomingdale  023 - 0117","510","12","","2"
"22","0","DuPAGE","575","CHRIS DARGIS","320","8TH CONGRESS","Bloomingdale  023 - 0117","510","12","","4"
"22","0","DuPAGE","555","CHAD KOPPIE","320","8TH CONGRESS","Bloomingdale  044 - 0140","465","12","","6"
"22","0","DuPAGE","560","PETER KOPSAFTIS","320","8TH CONGRESS","Bloomingdale  044 - 0140","465","12","","4"
"22","0","DuPAGE","0","Over Votes","320","8TH CONGRESS","Bloomingdale  044 - 0140","465","12","","0"
"22","0","DuPAGE","0","Under Votes","320","8TH CONGRESS","Bloomingdale  044 - 0140","465","12","","8"
"22","0","DuPAGE","565","PHILLIP OWEN WOOD","320","8TH CONGRESS","Bloomingdale  044 - 0140","465","12","","15"
"22","0","DuPAGE","570","KAREN KOLODZIEJ","320","8TH CONGRESS","Bloomingdale  044 - 0140","465","12","","5"
"22","0","DuPAGE","575","CHRIS DARGIS","320","8TH CONGRESS","Bloomingdale  044 - 0140","465","12","","20"
"22","0","DuPAGE","555","CHAD KOPPIE","320","8TH CONGRESS","Bloomingdale  046 - 0143","845","12","","17"
"22","0","DuPAGE","560","PETER KOPSAFTIS","320","8TH CONGRESS","Bloomingdale  046 - 0143","845","12","","21"
"22","0","DuPAGE","0","Over Votes","320","8TH CONGRESS","Bloomingdale  046 - 0143","845","12","","1"
"22","0","DuPAGE","0","Under Votes","320","8TH CONGRESS","Bloomingdale  046 - 0143","845","12","","21"
"22","0","DuPAGE","565","PHILLIP OWEN WOOD","320","8TH CONGRESS","Bloomingdale  046 - 0143","845","12","","16"
"22","0","DuPAGE","570","KAREN KOLODZIEJ","320","8TH CONGRESS","Bloomingdale  046 - 0143","845","12","","25"
"22","0","DuPAGE","575","CHRIS DARGIS","320","8TH CONGRESS","Bloomingdale  046 - 0143","845","12","","34"
"22","0","DuPAGE","555","CHAD KOPPIE","320","8TH CONGRESS","Bloomingdale  049 - 0146","489","12","","4"
"22","0","DuPAGE","560","PETER KOPSAFTIS","320","8TH CONGRESS","Bloomingdale  049 - 0146","489","12","","5"
"22","0","DuPAGE","0","Over Votes","320","8TH CONGRESS","Bloomingdale  049 - 0146","489","12","","0"
"22","0","DuPAGE","0","Under Votes","320","8TH CONGRESS","Bloomingdale  049 - 0146","489","12","","5"
"22","0","DuPAGE","565","PHILLIP OWEN WOOD","320","8TH CONGRESS","Bloomingdale  049 - 0146","489","12","","16"
"22","0","DuPAGE","570","KAREN KOLODZIEJ","320","8TH CONGRESS","Bloomingdale  049 - 0146","489","12","","1"
"22","0","DuPAGE","575","CHRIS DARGIS","320","8TH CONGRESS","Bloomingdale  049 - 0146","489","12","","14"
"22","0","DuPAGE","0","Under Votes","320","8TH CONGRESS","Bloomingdale  068 - 0169","307","12","","1"
"22","0","DuPAGE","565","PHILLIP OWEN WOOD","320","8TH CONGRESS","Bloomingdale  068 - 0169","307","12","","9"
"22","0","DuPAGE","570","KAREN KOLODZIEJ","320","8TH CONGRESS","Bloomingdale  068 - 0169","307","12","","8"
"22","0","DuPAGE","575","CHRIS DARGIS","320","8TH CONGRESS","Bloomingdale  068 - 0169","307","12","","6"
"22","0","DuPAGE","555","CHAD KOPPIE","320","8TH CONGRESS","Bloomingdale  068 - 0169","307","12","","1"
"22","0","DuPAGE","560","PETER KOPSAFTIS","320","8TH CONGRESS","Bloomingdale  068 - 0169","307","12","","1"
"22","0","DuPAGE","0","Over Votes","320","8TH CONGRESS","Bloomingdale  068 - 0169","307","12","","0"
"22","0","DuPAGE","555","CHAD KOPPIE","320","8TH CONGRESS","Bloomingdale  070 - 0172","626","12","","6"
"22","0","DuPAGE","560","PETER KOPSAFTIS","320","8TH CONGRESS","Bloomingdale  070 - 0172","626","12","","6"
"22","0","DuPAGE","0","Over Votes","320","8TH CONGRESS","Bloomingdale  070 - 0172","626","12","","0"
"22","0","DuPAGE","0","Under Votes","320","8TH CONGRESS","Bloomingdale  070 - 0172","626","12","","7"
"22","0","DuPAGE","565","PHILLIP OWEN WOOD","320","8TH CONGRESS","Bloomingdale  070 - 0172","626","12","","30"
"22","0","DuPAGE","570","KAREN KOLODZIEJ","320","8TH CONGRESS","Bloomingdale  070 - 0172","626","12","","11"
"22","0","DuPAGE","575","CHRIS DARGIS","320","8TH CONGRESS","Bloomingdale  070 - 0172","626","12","","22"
"22","0","DuPAGE","555","CHAD KOPPIE","320","8TH CONGRESS","Bloomingdale  073 - 0175","795","12","","6"
"22","0","DuPAGE","560","PETER KOPSAFTIS","320","8TH CONGRESS","Bloomingdale  073 - 0175","795","12","","2"
"22","0","DuPAGE","575","CHRIS DARGIS","320","8TH CONGRESS","Wayne  015 - 0026","663","12","","7"
"22","0","DuPAGE","555","CHAD KOPPIE","320","8TH CONGRESS","Wayne  015 - 0026","663","12","","6"
"22","0","DuPAGE","560","PETER KOPSAFTIS","320","8TH CONGRESS","Wayne  015 - 0026","663","12","","5"
"22","0","DuPAGE","0","Over Votes","320","8TH CONGRESS","Wayne  015 - 0026","663","12","","0"
"22","0","DuPAGE","570","KAREN KOLODZIEJ","320","8TH CONGRESS","Wayne  015 - 0026","663","12","","8"
"22","0","DuPAGE","555","CHAD KOPPIE","320","8TH CONGRESS","Wayne  013 - 0022","903","12","","12"
"22","0","DuPAGE","565","PHILLIP OWEN WOOD","320","8TH CONGRESS","Wayne  013 - 0022","903","12","","20"
"22","0","DuPAGE","575","CHRIS DARGIS","320","8TH CONGRESS","Wayne  013 - 0022","903","12","","19"
"22","0","DuPAGE","0","Over Votes","320","8TH CONGRESS","Wayne  013 - 0022","903","12","","0"
"22","0","DuPAGE","570","KAREN KOLODZIEJ","320","8TH CONGRESS","Wayne  013 - 0022","903","12","","20"
"22","0","DuPAGE","0","Under Votes","320","8TH CONGRESS","Wayne  013 - 0022","903","12","","5"
"22","0","DuPAGE","560","PETER KOPSAFTIS","320","8TH CONGRESS","Wayne  013 - 0022","903","12","","11"
"22","0","DuPAGE","555","CHAD KOPPIE","320","8TH CONGRESS","Wayne  015 - 0025","75","12","","0"
"22","0","DuPAGE","565","PHILLIP OWEN WOOD","320","8TH CONGRESS","Wayne  015 - 0025","75","12","","1"
"22","0","DuPAGE","560","PETER KOPSAFTIS","320","8TH CONGRESS","Wayne  015 - 0025","75","12","","0"
"22","0","DuPAGE","575","CHRIS DARGIS","320","8TH CONGRESS","Wayne  015 - 0025","75","12","","5"
"22","0","DuPAGE","0","Over Votes","320","8TH CONGRESS","Wayne  015 - 0025","75","12","","0"
"22","0","DuPAGE","570","KAREN KOLODZIEJ","320","8TH CONGRESS","Wayne  015 - 0025","75","12","","0"
"22","0","DuPAGE","0","Under Votes","320","8TH CONGRESS","Wayne  015 - 0025","75","12","","0"
"22","0","DuPAGE","570","KAREN KOLODZIEJ","320","8TH CONGRESS","Bloomingdale  072 - 0174","388","12","","6"
"22","0","DuPAGE","0","Over Votes","320","8TH CONGRESS","Bloomingdale  072 - 0174","388","12","","0"
"22","0","DuPAGE","0","Under Votes","320","8TH CONGRESS","Bloomingdale  072 - 0174","388","12","","1"
"22","0","DuPAGE","555","CHAD KOPPIE","320","8TH CONGRESS","Bloomingdale  089 - 0197","579","12","","4"
"22","0","DuPAGE","575","CHRIS DARGIS","320","8TH CONGRESS","Bloomingdale  089 - 0197","579","12","","20"
"22","0","DuPAGE","565","PHILLIP OWEN WOOD","320","8TH CONGRESS","Bloomingdale  089 - 0197","579","12","","44"
"22","0","DuPAGE","560","PETER KOPSAFTIS","320","8TH CONGRESS","Bloomingdale  089 - 0197","579","12","","6"
"22","0","DuPAGE","570","KAREN KOLODZIEJ","320","8TH CONGRESS","Bloomingdale  089 - 0197","579","12","","7"
"22","0","DuPAGE","0","Over Votes","320","8TH CONGRESS","Bloomingdale  089 - 0197","579","12","","0"
"22","0","DuPAGE","0","Under Votes","320","8TH CONGRESS","Bloomingdale  089 - 0197","579","12","","3"
"22","0","DuPAGE","555","CHAD KOPPIE","320","8TH CONGRESS","Bloomingdale  092 - 0200","548","12","","11"
"22","0","DuPAGE","575","CHRIS DARGIS","320","8TH CONGRESS","Bloomingdale  092 - 0200","548","12","","20"
"22","0","DuPAGE","565","PHILLIP OWEN WOOD","320","8TH CONGRESS","Bloomingdale  092 - 0200","548","12","","14"
"22","0","DuPAGE","560","PETER KOPSAFTIS","320","8TH CONGRESS","Bloomingdale  092 - 0200","548","12","","8"
"22","0","DuPAGE","570","KAREN KOLODZIEJ","320","8TH CONGRESS","Bloomingdale  092 - 0200","548","12","","15"
"22","0","DuPAGE","0","Over Votes","320","8TH CONGRESS","Bloomingdale  092 - 0200","548","12","","1"
"22","0","DuPAGE","0","Under Votes","320","8TH CONGRESS","Bloomingdale  092 - 0200","548","12","","6"
"22","0","DuPAGE","555","CHAD KOPPIE","320","8TH CONGRESS","Bloomingdale  095 - 0203","555","12","","4"
"22","0","DuPAGE","575","CHRIS DARGIS","320","8TH CONGRESS","Bloomingdale  095 - 0203","555","12","","15"
"22","0","DuPAGE","565","PHILLIP OWEN WOOD","320","8TH CONGRESS","Bloomingdale  095 - 0203","555","12","","2"
"22","0","DuPAGE","560","PETER KOPSAFTIS","320","8TH CONGRESS","Bloomingdale  095 - 0203","555","12","","4"
"22","0","DuPAGE","570","KAREN KOLODZIEJ","320","8TH CONGRESS","Bloomingdale  095 - 0203","555","12","","6"
"22","0","DuPAGE","0","Over Votes","320","8TH CONGRESS","Bloomingdale  095 - 0203","555","12","","0"
"22","0","DuPAGE","0","Under Votes","320","8TH CONGRESS","Bloomingdale  095 - 0203","555","12","","2"
"22","0","DuPAGE","555","CHAD KOPPIE","320","8TH CONGRESS","Addison  015 - 0232","831","12","","9"
"22","0","DuPAGE","575","CHRIS DARGIS","320","8TH CONGRESS","Addison  015 - 0232","831","12","","22"
"22","0","DuPAGE","565","PHILLIP OWEN WOOD","320","8TH CONGRESS","Addison  015 - 0232","831","12","","13"
"22","0","DuPAGE","560","PETER KOPSAFTIS","320","8TH CONGRESS","Addison  015 - 0232","831","12","","9"
"22","0","DuPAGE","570","KAREN KOLODZIEJ","320","8TH CONGRESS","Addison  015 - 0232","831","12","","19"
"22","0","DuPAGE","0","Over Votes","320","8TH CONGRESS","Addison  015 - 0232","831","12","","0"
"22","0","DuPAGE","0","Under Votes","320","8TH CONGRESS","Addison  015 - 0232","831","12","","9"
"22","0","DuPAGE","575","CHRIS DARGIS","320","8TH CONGRESS","Addison  018 - 0235","815","12","","25"
"22","0","DuPAGE","555","CHAD KOPPIE","320","8TH CONGRESS","Addison  018 - 0235","815","12","","6"
"22","0","DuPAGE","565","PHILLIP OWEN WOOD","320","8TH CONGRESS","Addison  018 - 0235","815","12","","19"
"22","0","DuPAGE","560","PETER KOPSAFTIS","320","8TH CONGRESS","Addison  018 - 0235","815","12","","35"
"22","0","DuPAGE","570","KAREN KOLODZIEJ","320","8TH CONGRESS","Addison  018 - 0235","815","12","","20"
"22","0","DuPAGE","0","Over Votes","320","8TH CONGRESS","Addison  018 - 0235","815","12","","0"
"22","0","DuPAGE","0","Under Votes","320","8TH CONGRESS","Addison  018 - 0235","815","12","","9"
"22","0","DuPAGE","555","CHAD KOPPIE","320","8TH CONGRESS","Addison  038 - 0261","765","12","","12"
"22","0","DuPAGE","575","CHRIS DARGIS","320","8TH CONGRESS","Addison  038 - 0261","765","12","","38"
"22","0","DuPAGE","0","Under Votes","320","8TH CONGRESS","Bloomingdale  019 - 0113","707","12","","11"
"22","0","DuPAGE","555","CHAD KOPPIE","320","8TH CONGRESS","Bloomingdale  040 - 0136","631","12","","1"
"22","0","DuPAGE","575","CHRIS DARGIS","320","8TH CONGRESS","Bloomingdale  040 - 0136","631","12","","4"
"22","0","DuPAGE","565","PHILLIP OWEN WOOD","320","8TH CONGRESS","Bloomingdale  040 - 0136","631","12","","5"
"22","0","DuPAGE","560","PETER KOPSAFTIS","320","8TH CONGRESS","Bloomingdale  040 - 0136","631","12","","4"
"22","0","DuPAGE","0","Over Votes","320","8TH CONGRESS","Bloomingdale  040 - 0136","631","12","","0"
"22","0","DuPAGE","570","KAREN KOLODZIEJ","320","8TH CONGRESS","Bloomingdale  040 - 0136","631","12","","2"
"22","0","DuPAGE","0","Under Votes","320","8TH CONGRESS","Bloomingdale  040 - 0136","631","12","","3"
"22","0","DuPAGE","555","CHAD KOPPIE","320","8TH CONGRESS","Bloomingdale  043 - 0139","724","12","","8"
"22","0","DuPAGE","575","CHRIS DARGIS","320","8TH CONGRESS","Bloomingdale  043 - 0139","724","12","","11"
"22","0","DuPAGE","565","PHILLIP OWEN WOOD","320","8TH CONGRESS","Bloomingdale  043 - 0139","724","12","","27"
"22","0","DuPAGE","560","PETER KOPSAFTIS","320","8TH CONGRESS","Bloomingdale  043 - 0139","724","12","","6"
"22","0","DuPAGE","570","KAREN KOLODZIEJ","320","8TH CONGRESS","Bloomingdale  043 - 0139","724","12","","13"
"22","0","DuPAGE","0","Over Votes","320","8TH CONGRESS","Bloomingdale  043 - 0139","724","12","","0"
"22","0","DuPAGE","0","Under Votes","320","8TH CONGRESS","Bloomingdale  043 - 0139","724","12","","4"
"22","0","DuPAGE","555","CHAD KOPPIE","320","8TH CONGRESS","Bloomingdale  064 - 0165","4","12","","0"
"22","0","DuPAGE","575","CHRIS DARGIS","320","8TH CONGRESS","Bloomingdale  064 - 0165","4","12","","0"
"22","0","DuPAGE","565","PHILLIP OWEN WOOD","320","8TH CONGRESS","Bloomingdale  064 - 0165","4","12","","0"
"22","0","DuPAGE","560","PETER KOPSAFTIS","320","8TH CONGRESS","Bloomingdale  064 - 0165","4","12","","0"
"22","0","DuPAGE","0","Over Votes","320","8TH CONGRESS","Bloomingdale  064 - 0165","4","12","","0"
"22","0","DuPAGE","570","KAREN KOLODZIEJ","320","8TH CONGRESS","Bloomingdale  064 - 0165","4","12","","0"
"22","0","DuPAGE","0","Under Votes","320","8TH CONGRESS","Bloomingdale  064 - 0165","4","12","","0"
"22","0","DuPAGE","555","CHAD KOPPIE","320","8TH CONGRESS","Bloomingdale  067 - 0168","1040","12","","7"
"22","0","DuPAGE","575","CHRIS DARGIS","320","8TH CONGRESS","Bloomingdale  067 - 0168","1040","12","","23"
"22","0","DuPAGE","565","PHILLIP OWEN WOOD","320","8TH CONGRESS","Bloomingdale  067 - 0168","1040","12","","5"
"22","0","DuPAGE","560","PETER KOPSAFTIS","320","8TH CONGRESS","Bloomingdale  067 - 0168","1040","12","","5"
"22","0","DuPAGE","570","KAREN KOLODZIEJ","320","8TH CONGRESS","Bloomingdale  067 - 0168","1040","12","","9"
"22","0","DuPAGE","0","Over Votes","320","8TH CONGRESS","Bloomingdale  067 - 0168","1040","12","","2"
"22","0","DuPAGE","0","Under Votes","320","8TH CONGRESS","Bloomingdale  067 - 0168","1040","12","","6"
"22","0","DuPAGE","555","CHAD KOPPIE","320","8TH CONGRESS","Bloomingdale  069 - 0171","914","12","","4"
"22","0","DuPAGE","565","PHILLIP OWEN WOOD","320","8TH CONGRESS","Bloomingdale  069 - 0171","914","12","","5"
"22","0","DuPAGE","575","CHRIS DARGIS","320","8TH CONGRESS","Bloomingdale  069 - 0171","914","12","","2"
"22","0","DuPAGE","560","PETER KOPSAFTIS","320","8TH CONGRESS","Bloomingdale  069 - 0171","914","12","","3"
"22","0","DuPAGE","570","KAREN KOLODZIEJ","320","8TH CONGRESS","Bloomingdale  069 - 0171","914","12","","6"
"22","0","DuPAGE","0","Over Votes","320","8TH CONGRESS","Bloomingdale  069 - 0171","914","12","","0"
"22","0","DuPAGE","0","Under Votes","320","8TH CONGRESS","Bloomingdale  069 - 0171","914","12","","0"
"22","0","DuPAGE","555","CHAD KOPPIE","320","8TH CONGRESS","Bloomingdale  072 - 0174","388","12","","3"
"22","0","DuPAGE","575","CHRIS DARGIS","320","8TH CONGRESS","Bloomingdale  072 - 0174","388","12","","10"
"22","0","DuPAGE","565","PHILLIP OWEN WOOD","320","8TH CONGRESS","Bloomingdale  072 - 0174","388","12","","4"
"22","0","DuPAGE","560","PETER KOPSAFTIS","320","8TH CONGRESS","Bloomingdale  072 - 0174","388","12","","5"
"22","0","DuPAGE","560","PETER KOPSAFTIS","320","8TH CONGRESS","Bloomingdale  065 - 0166","1022","12","","12"
"22","0","DuPAGE","0","Over Votes","320","8TH CONGRESS","Bloomingdale  065 - 0166","1022","12","","0"
"22","0","DuPAGE","555","CHAD KOPPIE","320","8TH CONGRESS","Bloomingdale  083 - 0189","202","12","","1"
"22","0","DuPAGE","560","PETER KOPSAFTIS","320","8TH CONGRESS","Bloomingdale  083 - 0189","202","12","","1"
"22","0","DuPAGE","575","CHRIS DARGIS","320","8TH CONGRESS","Bloomingdale  083 - 0189","202","12","","4"
"22","0","DuPAGE","570","KAREN KOLODZIEJ","320","8TH CONGRESS","Bloomingdale  083 - 0189","202","12","","0"
"22","0","DuPAGE","0","Over Votes","320","8TH CONGRESS","Bloomingdale  083 - 0189","202","12","","0"
"22","0","DuPAGE","0","Under Votes","320","8TH CONGRESS","Bloomingdale  083 - 0189","202","12","","0"
"22","0","DuPAGE","565","PHILLIP OWEN WOOD","320","8TH CONGRESS","Bloomingdale  083 - 0189","202","12","","5"
"22","0","DuPAGE","555","CHAD KOPPIE","320","8TH CONGRESS","Bloomingdale  087 - 0195","701","12","","3"
"22","0","DuPAGE","560","PETER KOPSAFTIS","320","8TH CONGRESS","Bloomingdale  087 - 0195","701","12","","5"
"22","0","DuPAGE","0","Over Votes","320","8TH CONGRESS","Bloomingdale  087 - 0195","701","12","","0"
"22","0","DuPAGE","0","Under Votes","320","8TH CONGRESS","Bloomingdale  087 - 0195","701","12","","4"
"22","0","DuPAGE","565","PHILLIP OWEN WOOD","320","8TH CONGRESS","Bloomingdale  087 - 0195","701","12","","6"
"22","0","DuPAGE","570","KAREN KOLODZIEJ","320","8TH CONGRESS","Bloomingdale  087 - 0195","701","12","","9"
"22","0","DuPAGE","575","CHRIS DARGIS","320","8TH CONGRESS","Bloomingdale  087 - 0195","701","12","","15"
"22","0","DuPAGE","555","CHAD KOPPIE","320","8TH CONGRESS","Addison  005 - 0218","0","12","","0"
"22","0","DuPAGE","560","PETER KOPSAFTIS","320","8TH CONGRESS","Addison  005 - 0218","0","12","","0"
"22","0","DuPAGE","575","CHRIS DARGIS","320","8TH CONGRESS","Addison  005 - 0218","0","12","","0"
"22","0","DuPAGE","570","KAREN KOLODZIEJ","320","8TH CONGRESS","Addison  005 - 0218","0","12","","0"
"22","0","DuPAGE","0","Over Votes","320","8TH CONGRESS","Addison  005 - 0218","0","12","","0"
"22","0","DuPAGE","0","Under Votes","320","8TH CONGRESS","Addison  005 - 0218","0","12","","0"
"22","0","DuPAGE","565","PHILLIP OWEN WOOD","320","8TH CONGRESS","Addison  005 - 0218","0","12","","0"
"22","0","DuPAGE","555","CHAD KOPPIE","320","8TH CONGRESS","Addison  007 - 0221","193","12","","4"
"22","0","DuPAGE","560","PETER KOPSAFTIS","320","8TH CONGRESS","Addison  007 - 0221","193","12","","1"
"22","0","DuPAGE","575","CHRIS DARGIS","320","8TH CONGRESS","Addison  007 - 0221","193","12","","5"
"22","0","DuPAGE","0","Over Votes","320","8TH CONGRESS","Addison  007 - 0221","193","12","","0"
"22","0","DuPAGE","0","Under Votes","320","8TH CONGRESS","Addison  007 - 0221","193","12","","1"
"22","0","DuPAGE","565","PHILLIP OWEN WOOD","320","8TH CONGRESS","Addison  007 - 0221","193","12","","2"
"22","0","DuPAGE","570","KAREN KOLODZIEJ","320","8TH CONGRESS","Addison  007 - 0221","193","12","","3"
"22","0","DuPAGE","555","CHAD KOPPIE","320","8TH CONGRESS","Addison  058 - 0288","521","12","","6"
"22","0","DuPAGE","560","PETER KOPSAFTIS","320","8TH CONGRESS","Addison  058 - 0288","521","12","","8"
"22","0","DuPAGE","0","Over Votes","320","8TH CONGRESS","Addison  058 - 0288","521","12","","0"
"22","0","DuPAGE","0","Under Votes","320","8TH CONGRESS","Addison  058 - 0288","521","12","","9"
"22","0","DuPAGE","565","PHILLIP OWEN WOOD","320","8TH CONGRESS","Addison  058 - 0288","521","12","","15"
"22","0","DuPAGE","570","KAREN KOLODZIEJ","320","8TH CONGRESS","Addison  058 - 0288","521","12","","20"
"22","0","DuPAGE","575","CHRIS DARGIS","320","8TH CONGRESS","Addison  058 - 0288","521","12","","22"
"22","0","DuPAGE","0","Over Votes","320","8TH CONGRESS","Wayne  002 - 0004","140","12","","0"
"22","0","DuPAGE","0","Under Votes","320","8TH CONGRESS","Wayne  002 - 0004","140","12","","2"
"22","0","DuPAGE","565","PHILLIP OWEN WOOD","320","8TH CONGRESS","Wayne  002 - 0004","140","12","","23"
"22","0","DuPAGE","570","KAREN KOLODZIEJ","320","8TH CONGRESS","Wayne  002 - 0004","140","12","","1"
"22","0","DuPAGE","555","CHAD KOPPIE","320","8TH CONGRESS","Wayne  002 - 0004","140","12","","2"
"22","0","DuPAGE","575","CHRIS DARGIS","320","8TH CONGRESS","Wayne  002 - 0004","140","12","","1"
"22","0","DuPAGE","560","PETER KOPSAFTIS","320","8TH CONGRESS","Wayne  002 - 0004","140","12","","3"
"22","0","DuPAGE","555","CHAD KOPPIE","320","8TH CONGRESS","Wayne  017 - 0030","68","12","","0"
"22","0","DuPAGE","575","CHRIS DARGIS","320","8TH CONGRESS","Wayne  017 - 0030","68","12","","0"
"22","0","DuPAGE","560","PETER KOPSAFTIS","320","8TH CONGRESS","Wayne  017 - 0030","68","12","","0"
"22","0","DuPAGE","570","KAREN KOLODZIEJ","320","8TH CONGRESS","Wayne  017 - 0030","68","12","","0"
"22","0","DuPAGE","0","Over Votes","320","8TH CONGRESS","Wayne  017 - 0030","68","12","","0"
"22","0","DuPAGE","0","Under Votes","320","8TH CONGRESS","Wayne  017 - 0030","68","12","","1"
"22","0","DuPAGE","565","PHILLIP OWEN WOOD","320","8TH CONGRESS","Wayne  017 - 0030","68","12","","5"
"22","0","DuPAGE","555","CHAD KOPPIE","320","8TH CONGRESS","Wayne  024 - 0039","55","12","","0"
"22","0","DuPAGE","565","PHILLIP OWEN WOOD","320","8TH CONGRESS","Wayne  024 - 0039","55","12","","0"
"22","0","DuPAGE","560","PETER KOPSAFTIS","320","8TH CONGRESS","Wayne  024 - 0039","55","12","","0"
"22","0","DuPAGE","0","Over Votes","320","8TH CONGRESS","Wayne  024 - 0039","55","12","","0"
"22","0","DuPAGE","0","Under Votes","320","8TH CONGRESS","Wayne  024 - 0039","55","12","","0"
"22","0","DuPAGE","570","KAREN KOLODZIEJ","320","8TH CONGRESS","Wayne  024 - 0039","55","12","","1"
"22","0","DuPAGE","575","CHRIS DARGIS","320","8TH CONGRESS","Wayne  024 - 0039","55","12","","0"
"22","0","DuPAGE","555","CHAD KOPPIE","320","8TH CONGRESS","Wayne  041 - 0059","484","12","","5"
"22","0","DuPAGE","575","CHRIS DARGIS","320","8TH CONGRESS","Wayne  041 - 0059","484","12","","5"
"22","0","DuPAGE","560","PETER KOPSAFTIS","320","8TH CONGRESS","Wayne  041 - 0059","484","12","","3"
"22","0","DuPAGE","570","KAREN KOLODZIEJ","320","8TH CONGRESS","Wayne  041 - 0059","484","12","","5"
"22","0","DuPAGE","0","Over Votes","320","8TH CONGRESS","Wayne  041 - 0059","484","12","","0"
"22","0","DuPAGE","0","Under Votes","320","8TH CONGRESS","Wayne  041 - 0059","484","12","","1"
"22","0","DuPAGE","565","PHILLIP OWEN WOOD","320","8TH CONGRESS","Wayne  041 - 0059","484","12","","7"
"22","0","DuPAGE","555","CHAD KOPPIE","320","8TH CONGRESS","Bloomingdale  002 - 0094","446","12","","2"
"22","0","DuPAGE","560","PETER KOPSAFTIS","320","8TH CONGRESS","Bloomingdale  002 - 0094","446","12","","5"
"22","0","DuPAGE","0","Over Votes","320","8TH CONGRESS","Bloomingdale  002 - 0094","446","12","","0"
"22","0","DuPAGE","0","Under Votes","320","8TH CONGRESS","Bloomingdale  002 - 0094","446","12","","3"
"22","0","DuPAGE","565","PHILLIP OWEN WOOD","320","8TH CONGRESS","Bloomingdale  002 - 0094","446","12","","12"
"22","0","DuPAGE","570","KAREN KOLODZIEJ","320","8TH CONGRESS","Bloomingdale  002 - 0094","446","12","","10"
"22","0","DuPAGE","575","CHRIS DARGIS","320","8TH CONGRESS","Bloomingdale  002 - 0094","446","12","","9"
"22","0","DuPAGE","555","CHAD KOPPIE","320","8TH CONGRESS","Bloomingdale  004 - 0097","1","12","","0"
"22","0","DuPAGE","565","PHILLIP OWEN WOOD","320","8TH CONGRESS","Bloomingdale  004 - 0097","1","12","","0"
"22","0","DuPAGE","560","PETER KOPSAFTIS","320","8TH CONGRESS","Bloomingdale  004 - 0097","1","12","","0"
"22","0","DuPAGE","575","CHRIS DARGIS","320","8TH CONGRESS","Bloomingdale  004 - 0097","1","12","","0"
"22","0","DuPAGE","0","Over Votes","320","8TH CONGRESS","Bloomingdale  004 - 0097","1","12","","0"
"22","0","DuPAGE","0","Under Votes","320","8TH CONGRESS","Bloomingdale  004 - 0097","1","12","","0"
"22","0","DuPAGE","565","PHILLIP OWEN WOOD","320","8TH CONGRESS","Addison  038 - 0261","765","12","","22"
"22","0","DuPAGE","560","PETER KOPSAFTIS","320","8TH CONGRESS","Addison  038 - 0261","765","12","","13"
"22","0","DuPAGE","570","KAREN KOLODZIEJ","320","8TH CONGRESS","Addison  038 - 0261","765","12","","21"
"22","0","DuPAGE","0","Over Votes","320","8TH CONGRESS","Addison  038 - 0261","765","12","","1"
"22","0","DuPAGE","0","Under Votes","320","8TH CONGRESS","Addison  038 - 0261","765","12","","13"
"22","0","DuPAGE","555","CHAD KOPPIE","320","8TH CONGRESS","Addison  060 - 0290","786","12","","10"
"22","0","DuPAGE","575","CHRIS DARGIS","320","8TH CONGRESS","Addison  060 - 0290","786","12","","19"
"22","0","DuPAGE","565","PHILLIP OWEN WOOD","320","8TH CONGRESS","Addison  060 - 0290","786","12","","16"
"22","0","DuPAGE","560","PETER KOPSAFTIS","320","8TH CONGRESS","Addison  060 - 0290","786","12","","16"
"22","0","DuPAGE","570","KAREN KOLODZIEJ","320","8TH CONGRESS","Addison  060 - 0290","786","12","","18"
"22","0","DuPAGE","0","Over Votes","320","8TH CONGRESS","Addison  060 - 0290","786","12","","0"
"22","0","DuPAGE","0","Under Votes","320","8TH CONGRESS","Addison  060 - 0290","786","12","","8"
"22","0","DuPAGE","555","CHAD KOPPIE","320","8TH CONGRESS","Addison  063 - 0293","555","12","","4"
"22","0","DuPAGE","575","CHRIS DARGIS","320","8TH CONGRESS","Addison  063 - 0293","555","12","","10"
"22","0","DuPAGE","565","PHILLIP OWEN WOOD","320","8TH CONGRESS","Addison  063 - 0293","555","12","","8"
"22","0","DuPAGE","560","PETER KOPSAFTIS","320","8TH CONGRESS","Addison  063 - 0293","555","12","","4"
"22","0","DuPAGE","570","KAREN KOLODZIEJ","320","8TH CONGRESS","Addison  063 - 0293","555","12","","11"
"22","0","DuPAGE","0","Over Votes","320","8TH CONGRESS","Addison  063 - 0293","555","12","","0"
"22","0","DuPAGE","0","Under Votes","320","8TH CONGRESS","Addison  063 - 0293","555","12","","0"
"22","0","DuPAGE","565","PHILLIP OWEN WOOD","320","8TH CONGRESS","Bloomingdale  098 - 0206","643","12","","9"
"22","0","DuPAGE","560","PETER KOPSAFTIS","320","8TH CONGRESS","Bloomingdale  098 - 0206","643","12","","4"
"22","0","DuPAGE","570","KAREN KOLODZIEJ","320","8TH CONGRESS","Bloomingdale  098 - 0206","643","12","","10"
"22","0","DuPAGE","0","Over Votes","320","8TH CONGRESS","Bloomingdale  098 - 0206","643","12","","0"
"22","0","DuPAGE","0","Under Votes","320","8TH CONGRESS","Bloomingdale  098 - 0206","643","12","","3"
"22","0","DuPAGE","575","CHRIS DARGIS","320","8TH CONGRESS","Bloomingdale  101 - 0209","792","12","","18"
"22","0","DuPAGE","555","CHAD KOPPIE","320","8TH CONGRESS","Bloomingdale  101 - 0209","792","12","","5"
"22","0","DuPAGE","565","PHILLIP OWEN WOOD","320","8TH CONGRESS","Bloomingdale  101 - 0209","792","12","","18"
"22","0","DuPAGE","560","PETER KOPSAFTIS","320","8TH CONGRESS","Bloomingdale  101 - 0209","792","12","","9"
"22","0","DuPAGE","570","KAREN KOLODZIEJ","320","8TH CONGRESS","Bloomingdale  101 - 0209","792","12","","17"
"22","0","DuPAGE","0","Over Votes","320","8TH CONGRESS","Bloomingdale  101 - 0209","792","12","","0"
"22","0","DuPAGE","0","Under Votes","320","8TH CONGRESS","Bloomingdale  101 - 0209","792","12","","6"
"22","0","DuPAGE","555","CHAD KOPPIE","320","8TH CONGRESS","Addison  003 - 0215","962","12","","11"
"22","0","DuPAGE","560","PETER KOPSAFTIS","320","8TH CONGRESS","Addison  003 - 0215","962","12","","15"
"22","0","DuPAGE","575","CHRIS DARGIS","320","8TH CONGRESS","Addison  003 - 0215","962","12","","55"
"22","0","DuPAGE","0","Over Votes","320","8TH CONGRESS","Addison  003 - 0215","962","12","","0"
"22","0","DuPAGE","0","Under Votes","320","8TH CONGRESS","Addison  003 - 0215","962","12","","16"
"22","0","DuPAGE","565","PHILLIP OWEN WOOD","320","8TH CONGRESS","Addison  003 - 0215","962","12","","17"
"22","0","DuPAGE","570","KAREN KOLODZIEJ","320","8TH CONGRESS","Addison  003 - 0215","962","12","","18"
"22","0","DuPAGE","575","CHRIS DARGIS","320","8TH CONGRESS","Addison  023 - 0241","740","12","","35"
"22","0","DuPAGE","555","CHAD KOPPIE","320","8TH CONGRESS","Addison  023 - 0241","740","12","","14"
"22","0","DuPAGE","560","PETER KOPSAFTIS","320","8TH CONGRESS","Addison  023 - 0241","740","12","","12"
"22","0","DuPAGE","565","PHILLIP OWEN WOOD","320","8TH CONGRESS","Addison  023 - 0241","740","12","","5"
"22","0","DuPAGE","570","KAREN KOLODZIEJ","320","8TH CONGRESS","Addison  023 - 0241","740","12","","16"
"22","0","DuPAGE","0","Over Votes","320","8TH CONGRESS","Addison  023 - 0241","740","12","","1"
"22","0","DuPAGE","0","Under Votes","320","8TH CONGRESS","Addison  023 - 0241","740","12","","16"
"22","0","DuPAGE","575","CHRIS DARGIS","320","8TH CONGRESS","Addison  044 - 0267","618","12","","23"
"22","0","DuPAGE","555","CHAD KOPPIE","320","8TH CONGRESS","Addison  044 - 0267","618","12","","8"
"22","0","DuPAGE","565","PHILLIP OWEN WOOD","320","8TH CONGRESS","Addison  044 - 0267","618","12","","14"
"22","0","DuPAGE","560","PETER KOPSAFTIS","320","8TH CONGRESS","Addison  044 - 0267","618","12","","13"
"22","0","DuPAGE","570","KAREN KOLODZIEJ","320","8TH CONGRESS","Addison  044 - 0267","618","12","","13"
"22","0","DuPAGE","0","Over Votes","320","8TH CONGRESS","Addison  044 - 0267","618","12","","0"
"22","0","DuPAGE","0","Under Votes","320","8TH CONGRESS","Addison  044 - 0267","618","12","","9"
"22","0","DuPAGE","575","CHRIS DARGIS","320","8TH CONGRESS","Addison  046 - 0270","802","12","","35"
"22","0","DuPAGE","555","CHAD KOPPIE","320","8TH CONGRESS","Addison  046 - 0270","802","12","","10"
"22","0","DuPAGE","560","PETER KOPSAFTIS","320","8TH CONGRESS","Addison  046 - 0270","802","12","","21"
"22","0","DuPAGE","565","PHILLIP OWEN WOOD","320","8TH CONGRESS","Addison  046 - 0270","802","12","","12"
"22","0","DuPAGE","570","KAREN KOLODZIEJ","320","8TH CONGRESS","Addison  046 - 0270","802","12","","19"
"22","0","DuPAGE","0","Over Votes","320","8TH CONGRESS","Addison  046 - 0270","802","12","","0"
"22","0","DuPAGE","0","Under Votes","320","8TH CONGRESS","Addison  046 - 0270","802","12","","18"
"22","0","DuPAGE","555","CHAD KOPPIE","320","8TH CONGRESS","Addison  051 - 0276","608","12","","9"
