"JurisdictionID","JurisContainerID","JurisName","EISCandidateID","CandidateName","EISContestID","ContestName","PrecinctName","Registration","EISPartyID","PartyName","VoteCount"
"38","0","IROQUOIS","420","ROBIN KELLY","260","2ND CONGRESS","ASHKUM 2","292","11","DEMOCRATIC","9"
"38","0","IROQUOIS","0","Under Votes","260","2ND CONGRESS","ASHKUM 2","292","11","DEMOCRATIC","0"
"38","0","IROQUOIS","0","Blank Ballots","260","2ND CONGRESS","ASHKUM 2","292","11","DEMOCRATIC","0"
"38","0","IROQUOIS","0","Over Votes","260","2ND CONGRESS","ASHKUM 2","292","11","DEMOCRATIC","0"
"38","0","IROQUOIS","420","ROBIN KELLY","260","2ND CONGRESS","CRESCENT","422","11","DEMOCRATIC","3"
"38","0","IROQUOIS","0","Under Votes","260","2ND CONGRESS","CRESCENT","422","11","DEMOCRATIC","0"
"38","0","IROQUOIS","0","Blank Ballots","260","2ND CONGRESS","CRESCENT","422","11","DEMOCRATIC","1"
"38","0","IROQUOIS","0","Over Votes","260","2ND CONGRESS","CRESCENT","422","11","DEMOCRATIC","0"
"38","0","IROQUOIS","420","ROBIN KELLY","260","2ND CONGRESS","MIDDLEPORT 1","560","11","DEMOCRATIC","14"
"38","0","IROQUOIS","0","Under Votes","260","2ND CONGRESS","MIDDLEPORT 1","560","11","DEMOCRATIC","0"
"38","0","IROQUOIS","0","Blank Ballots","260","2ND CONGRESS","MIDDLEPORT 1","560","11","DEMOCRATIC","2"
"38","0","IROQUOIS","0","Over Votes","260","2ND CONGRESS","MIDDLEPORT 1","560","11","DEMOCRATIC","0"
"38","0","IROQUOIS","420","ROBIN KELLY","260","2ND CONGRESS","PAPINEAU","339","11","DEMOCRATIC","10"
"38","0","IROQUOIS","0","Under Votes","260","2ND CONGRESS","PAPINEAU","339","11","DEMOCRATIC","0"
"38","0","IROQUOIS","0","Blank Ballots","260","2ND CONGRESS","PAPINEAU","339","11","DEMOCRATIC","0"
"38","0","IROQUOIS","0","Over Votes","260","2ND CONGRESS","PAPINEAU","339","11","DEMOCRATIC","0"
"38","0","IROQUOIS","420","ROBIN KELLY","260","2ND CONGRESS","ASH GROVE","485","11","DEMOCRATIC","10"
"38","0","IROQUOIS","0","Under Votes","260","2ND CONGRESS","ASH GROVE","485","11","DEMOCRATIC","0"
"38","0","IROQUOIS","0","Over Votes","260","2ND CONGRESS","ASH GROVE","485","11","DEMOCRATIC","0"
"38","0","IROQUOIS","0","Blank Ballots","260","2ND CONGRESS","ASH GROVE","485","11","DEMOCRATIC","1"
"38","0","IROQUOIS","420","ROBIN KELLY","260","2ND CONGRESS","CHEBANSE 2","784","11","DEMOCRATIC","15"
"38","0","IROQUOIS","0","Under Votes","260","2ND CONGRESS","CHEBANSE 2","784","11","DEMOCRATIC","0"
"38","0","IROQUOIS","0","Over Votes","260","2ND CONGRESS","CHEBANSE 2","784","11","DEMOCRATIC","0"
"38","0","IROQUOIS","0","Blank Ballots","260","2ND CONGRESS","CHEBANSE 2","784","11","DEMOCRATIC","1"
"38","0","IROQUOIS","420","ROBIN KELLY","260","2ND CONGRESS","LOVEJOY","241","11","DEMOCRATIC","6"
"38","0","IROQUOIS","0","Under Votes","260","2ND CONGRESS","LOVEJOY","241","11","DEMOCRATIC","0"
"38","0","IROQUOIS","0","Over Votes","260","2ND CONGRESS","LOVEJOY","241","11","DEMOCRATIC","0"
"38","0","IROQUOIS","0","Blank Ballots","260","2ND CONGRESS","LOVEJOY","241","11","DEMOCRATIC","0"
"38","0","IROQUOIS","420","ROBIN KELLY","260","2ND CONGRESS","ONARGA 1","324","11","DEMOCRATIC","6"
"38","0","IROQUOIS","0","Under Votes","260","2ND CONGRESS","ONARGA 1","324","11","DEMOCRATIC","0"
"38","0","IROQUOIS","0","Blank Ballots","260","2ND CONGRESS","ONARGA 1","324","11","DEMOCRATIC","0"
"38","0","IROQUOIS","0","Over Votes","260","2ND CONGRESS","ONARGA 1","324","11","DEMOCRATIC","0"
"38","0","IROQUOIS","420","ROBIN KELLY","260","2ND CONGRESS","BEAVER","312","11","DEMOCRATIC","11"
"38","0","IROQUOIS","0","Under Votes","260","2ND CONGRESS","BEAVER","312","11","DEMOCRATIC","0"
"38","0","IROQUOIS","0","Blank Ballots","260","2ND CONGRESS","BEAVER","312","11","DEMOCRATIC","0"
"38","0","IROQUOIS","0","Over Votes","260","2ND CONGRESS","BEAVER","312","11","DEMOCRATIC","0"
"38","0","IROQUOIS","420","ROBIN KELLY","260","2ND CONGRESS","DANFORTH","552","11","DEMOCRATIC","6"
"38","0","IROQUOIS","0","Under Votes","260","2ND CONGRESS","DANFORTH","552","11","DEMOCRATIC","0"
"38","0","IROQUOIS","0","Blank Ballots","260","2ND CONGRESS","DANFORTH","552","11","DEMOCRATIC","0"
"38","0","IROQUOIS","0","Over Votes","260","2ND CONGRESS","DANFORTH","552","11","DEMOCRATIC","0"
"38","0","IROQUOIS","420","ROBIN KELLY","260","2ND CONGRESS","MIDDLEPORT 2","843","11","DEMOCRATIC","9"
"38","0","IROQUOIS","0","Under Votes","260","2ND CONGRESS","MIDDLEPORT 2","843","11","DEMOCRATIC","0"
"38","0","IROQUOIS","0","Blank Ballots","260","2ND CONGRESS","MIDDLEPORT 2","843","11","DEMOCRATIC","1"
"46","0","KANKAKEE","0","Under Votes","260","2ND CONGRESS","YELLOWHEAD 2","908","11","DEMOCRATIC","1"
"46","0","KANKAKEE","0","Over Votes","260","2ND CONGRESS","YELLOWHEAD 2","908","11","DEMOCRATIC","0"
"46","0","KANKAKEE","0","Blank Ballots","260","2ND CONGRESS","YELLOWHEAD 2","908","11","DEMOCRATIC","0"
"46","0","KANKAKEE","420","ROBIN KELLY","260","2ND CONGRESS","YELLOWHEAD 2","908","11","DEMOCRATIC","31"
"46","0","KANKAKEE","0","Under Votes","260","2ND CONGRESS","GANEER 1","732","11","DEMOCRATIC","4"
"46","0","KANKAKEE","0","Over Votes","260","2ND CONGRESS","GANEER 1","732","11","DEMOCRATIC","0"
"46","0","KANKAKEE","0","Blank Ballots","260","2ND CONGRESS","GANEER 1","732","11","DEMOCRATIC","0"
"46","0","KANKAKEE","420","ROBIN KELLY","260","2ND CONGRESS","GANEER 1","732","11","DEMOCRATIC","41"
"46","0","KANKAKEE","0","Under Votes","260","2ND CONGRESS","SALINA","951","11","DEMOCRATIC","3"
"46","0","KANKAKEE","0","Over Votes","260","2ND CONGRESS","SALINA","951","11","DEMOCRATIC","0"
"46","0","KANKAKEE","0","Blank Ballots","260","2ND CONGRESS","SALINA","951","11","DEMOCRATIC","0"
"46","0","KANKAKEE","420","ROBIN KELLY","260","2ND CONGRESS","SALINA","951","11","DEMOCRATIC","37"
"46","0","KANKAKEE","0","Under Votes","260","2ND CONGRESS","NORTON","624","11","DEMOCRATIC","2"
"46","0","KANKAKEE","0","Over Votes","260","2ND CONGRESS","NORTON","624","11","DEMOCRATIC","0"
"46","0","KANKAKEE","0","Blank Ballots","260","2ND CONGRESS","NORTON","624","11","DEMOCRATIC","0"
"46","0","KANKAKEE","420","ROBIN KELLY","260","2ND CONGRESS","NORTON","624","11","DEMOCRATIC","25"
"46","0","KANKAKEE","0","Under Votes","260","2ND CONGRESS","KANKAKEE 7","1581","11","DEMOCRATIC","3"
"46","0","KANKAKEE","0","Over Votes","260","2ND CONGRESS","KANKAKEE 7","1581","11","DEMOCRATIC","0"
"46","0","KANKAKEE","0","Blank Ballots","260","2ND CONGRESS","KANKAKEE 7","1581","11","DEMOCRATIC","0"
"46","0","KANKAKEE","420","ROBIN KELLY","260","2ND CONGRESS","KANKAKEE 7","1581","11","DEMOCRATIC","67"
"46","0","KANKAKEE","0","Under Votes","260","2ND CONGRESS","BOURBONNAIS 16","889","11","DEMOCRATIC","4"
"46","0","KANKAKEE","0","Over Votes","260","2ND CONGRESS","BOURBONNAIS 16","889","11","DEMOCRATIC","0"
"46","0","KANKAKEE","0","Blank Ballots","260","2ND CONGRESS","BOURBONNAIS 16","889","11","DEMOCRATIC","0"
"46","0","KANKAKEE","420","ROBIN KELLY","260","2ND CONGRESS","BOURBONNAIS 16","889","11","DEMOCRATIC","50"
"46","0","KANKAKEE","0","Under Votes","260","2ND CONGRESS","LIMESTONE 1","623","11","DEMOCRATIC","3"
"46","0","KANKAKEE","0","Over Votes","260","2ND CONGRESS","LIMESTONE 1","623","11","DEMOCRATIC","0"
"46","0","KANKAKEE","0","Blank Ballots","260","2ND CONGRESS","LIMESTONE 1","623","11","DEMOCRATIC","0"
"46","0","KANKAKEE","420","ROBIN KELLY","260","2ND CONGRESS","LIMESTONE 1","623","11","DEMOCRATIC","21"
"46","0","KANKAKEE","0","Under Votes","260","2ND CONGRESS","PEMBROKE 2","618","11","DEMOCRATIC","7"
"46","0","KANKAKEE","0","Over Votes","260","2ND CONGRESS","PEMBROKE 2","618","11","DEMOCRATIC","0"
"46","0","KANKAKEE","0","Blank Ballots","260","2ND CONGRESS","PEMBROKE 2","618","11","DEMOCRATIC","0"
"46","0","KANKAKEE","420","ROBIN KELLY","260","2ND CONGRESS","PEMBROKE 2","618","11","DEMOCRATIC","72"
"46","0","KANKAKEE","0","Under Votes","260","2ND CONGRESS","AROMA 3","1109","11","DEMOCRATIC","4"
"46","0","KANKAKEE","0","Over Votes","260","2ND CONGRESS","AROMA 3","1109","11","DEMOCRATIC","0"
"46","0","KANKAKEE","0","Blank Ballots","260","2ND CONGRESS","AROMA 3","1109","11","DEMOCRATIC","0"
"46","0","KANKAKEE","420","ROBIN KELLY","260","2ND CONGRESS","AROMA 3","1109","11","DEMOCRATIC","39"
"46","0","KANKAKEE","0","Under Votes","260","2ND CONGRESS","KANKAKEE 3","1448","11","DEMOCRATIC","4"
"46","0","KANKAKEE","0","Over Votes","260","2ND CONGRESS","KANKAKEE 3","1448","11","DEMOCRATIC","0"
"46","0","KANKAKEE","0","Blank Ballots","260","2ND CONGRESS","KANKAKEE 3","1448","11","DEMOCRATIC","0"
"46","0","KANKAKEE","420","ROBIN KELLY","260","2ND CONGRESS","KANKAKEE 3","1448","11","DEMOCRATIC","100"
"46","0","KANKAKEE","420","ROBIN KELLY","260","2ND CONGRESS","BOURBONNAIS 5","1267","11","DEMOCRATIC","5"
"46","0","KANKAKEE","0","Under Votes","260","2ND CONGRESS","BOURBONNAIS 5","1267","11","DEMOCRATIC","0"
"46","0","KANKAKEE","0","Over Votes","260","2ND CONGRESS","BOURBONNAIS 5","1267","11","DEMOCRATIC","0"
"46","0","KANKAKEE","0","Over Votes","260","2ND CONGRESS","YELLOWHEAD 2","908","12","REPUBLICAN","0"
"46","0","KANKAKEE","0","Blank Ballots","260","2ND CONGRESS","YELLOWHEAD 2","908","12","REPUBLICAN","0"
"46","0","KANKAKEE","0","Under Votes","260","2ND CONGRESS","YELLOWHEAD 2","908","12","REPUBLICAN","23"
"46","0","KANKAKEE","410","ASHLEY RAMOS","260","2ND CONGRESS","YELLOWHEAD 2","908","12","REPUBLICAN","50"
"46","0","KANKAKEE","415","THOMAS LYNCH","260","2ND CONGRESS","YELLOWHEAD 2","908","12","REPUBLICAN","87"
"46","0","KANKAKEE","405","SHANE CULTRA","260","2ND CONGRESS","YELLOWHEAD 2","908","12","REPUBLICAN","34"
"46","0","KANKAKEE","0","Over Votes","260","2ND CONGRESS","GANEER 1","732","12","REPUBLICAN","0"
"46","0","KANKAKEE","0","Blank Ballots","260","2ND CONGRESS","GANEER 1","732","12","REPUBLICAN","0"
"46","0","KANKAKEE","0","Under Votes","260","2ND CONGRESS","GANEER 1","732","12","REPUBLICAN","17"
"46","0","KANKAKEE","410","ASHLEY RAMOS","260","2ND CONGRESS","GANEER 1","732","12","REPUBLICAN","28"
"46","0","KANKAKEE","415","THOMAS LYNCH","260","2ND CONGRESS","GANEER 1","732","12","REPUBLICAN","31"
"46","0","KANKAKEE","405","SHANE CULTRA","260","2ND CONGRESS","GANEER 1","732","12","REPUBLICAN","22"
"46","0","KANKAKEE","0","Over Votes","260","2ND CONGRESS","SALINA","951","12","REPUBLICAN","0"
"46","0","KANKAKEE","0","Blank Ballots","260","2ND CONGRESS","SALINA","951","12","REPUBLICAN","0"
"46","0","KANKAKEE","0","Under Votes","260","2ND CONGRESS","SALINA","951","12","REPUBLICAN","46"
"46","0","KANKAKEE","410","ASHLEY RAMOS","260","2ND CONGRESS","SALINA","951","12","REPUBLICAN","61"
"46","0","KANKAKEE","415","THOMAS LYNCH","260","2ND CONGRESS","SALINA","951","12","REPUBLICAN","96"
"46","0","KANKAKEE","405","SHANE CULTRA","260","2ND CONGRESS","SALINA","951","12","REPUBLICAN","63"
"46","0","KANKAKEE","0","Over Votes","260","2ND CONGRESS","NORTON","624","12","REPUBLICAN","0"
"46","0","KANKAKEE","0","Blank Ballots","260","2ND CONGRESS","NORTON","624","12","REPUBLICAN","0"
"46","0","KANKAKEE","0","Under Votes","260","2ND CONGRESS","NORTON","624","12","REPUBLICAN","18"
"46","0","KANKAKEE","410","ASHLEY RAMOS","260","2ND CONGRESS","NORTON","624","12","REPUBLICAN","39"
"46","0","KANKAKEE","415","THOMAS LYNCH","260","2ND CONGRESS","NORTON","624","12","REPUBLICAN","48"
"46","0","KANKAKEE","405","SHANE CULTRA","260","2ND CONGRESS","NORTON","624","12","REPUBLICAN","40"
"46","0","KANKAKEE","0","Over Votes","260","2ND CONGRESS","KANKAKEE 7","1581","12","REPUBLICAN","0"
"46","0","KANKAKEE","0","Blank Ballots","260","2ND CONGRESS","KANKAKEE 7","1581","12","REPUBLICAN","0"
"46","0","KANKAKEE","0","Under Votes","260","2ND CONGRESS","KANKAKEE 7","1581","12","REPUBLICAN","8"
"46","0","KANKAKEE","410","ASHLEY RAMOS","260","2ND CONGRESS","KANKAKEE 7","1581","12","REPUBLICAN","23"
"46","0","KANKAKEE","415","THOMAS LYNCH","260","2ND CONGRESS","KANKAKEE 7","1581","12","REPUBLICAN","31"
"46","0","KANKAKEE","405","SHANE CULTRA","260","2ND CONGRESS","KANKAKEE 7","1581","12","REPUBLICAN","17"
"46","0","KANKAKEE","0","Over Votes","260","2ND CONGRESS","LIMESTONE 1","623","12","REPUBLICAN","0"
"46","0","KANKAKEE","0","Blank Ballots","260","2ND CONGRESS","LIMESTONE 1","623","12","REPUBLICAN","0"
"46","0","KANKAKEE","0","Under Votes","260","2ND CONGRESS","LIMESTONE 1","623","12","REPUBLICAN","15"
"46","0","KANKAKEE","410","ASHLEY RAMOS","260","2ND CONGRESS","LIMESTONE 1","623","12","REPUBLICAN","29"
"46","0","KANKAKEE","415","THOMAS LYNCH","260","2ND CONGRESS","LIMESTONE 1","623","12","REPUBLICAN","55"
"46","0","KANKAKEE","405","SHANE CULTRA","260","2ND CONGRESS","LIMESTONE 1","623","12","REPUBLICAN","20"
"46","0","KANKAKEE","0","Over Votes","260","2ND CONGRESS","PEMBROKE 2","618","12","REPUBLICAN","0"
"46","0","KANKAKEE","0","Blank Ballots","260","2ND CONGRESS","PEMBROKE 2","618","12","REPUBLICAN","0"
"46","0","KANKAKEE","0","Under Votes","260","2ND CONGRESS","PEMBROKE 2","618","12","REPUBLICAN","0"
"46","0","KANKAKEE","410","ASHLEY RAMOS","260","2ND CONGRESS","PEMBROKE 2","618","12","REPUBLICAN","3"
"46","0","KANKAKEE","415","THOMAS LYNCH","260","2ND CONGRESS","PEMBROKE 2","618","12","REPUBLICAN","2"
"46","0","KANKAKEE","405","SHANE CULTRA","260","2ND CONGRESS","PEMBROKE 2","618","12","REPUBLICAN","2"
"92","0","VERMILION","410","ASHLEY RAMOS","260","2ND CONGRESS","GRANT 4","1102","12","REPUBLICAN","31"
"92","0","VERMILION","405","SHANE CULTRA","260","2ND CONGRESS","GRANT 4","1102","12","REPUBLICAN","108"
"92","0","VERMILION","0","Over Votes","260","2ND CONGRESS","GRANT 4","1102","12","REPUBLICAN","0"
"92","0","VERMILION","415","THOMAS LYNCH","260","2ND CONGRESS","GRANT 4","1102","12","REPUBLICAN","28"
"92","0","VERMILION","0","Under Votes","260","2ND CONGRESS","GRANT 4","1102","12","REPUBLICAN","10"
"92","0","VERMILION","0","Blank Ballots","260","2ND CONGRESS","GRANT 4","1102","12","REPUBLICAN","0"
"92","0","VERMILION","410","ASHLEY RAMOS","260","2ND CONGRESS","PILOT","406","12","REPUBLICAN","19"
"92","0","VERMILION","405","SHANE CULTRA","260","2ND CONGRESS","PILOT","406","12","REPUBLICAN","44"
"92","0","VERMILION","0","Over Votes","260","2ND CONGRESS","PILOT","406","12","REPUBLICAN","0"
"92","0","VERMILION","415","THOMAS LYNCH","260","2ND CONGRESS","PILOT","406","12","REPUBLICAN","27"
"92","0","VERMILION","0","Under Votes","260","2ND CONGRESS","PILOT","406","12","REPUBLICAN","28"
"92","0","VERMILION","0","Blank Ballots","260","2ND CONGRESS","PILOT","406","12","REPUBLICAN","0"
"92","0","VERMILION","410","ASHLEY RAMOS","260","2ND CONGRESS","GEORGETOWN 5","1234","12","REPUBLICAN","44"
"92","0","VERMILION","405","SHANE CULTRA","260","2ND CONGRESS","GEORGETOWN 5","1234","12","REPUBLICAN","21"
"92","0","VERMILION","0","Over Votes","260","2ND CONGRESS","GEORGETOWN 5","1234","12","REPUBLICAN","0"
"92","0","VERMILION","415","THOMAS LYNCH","260","2ND CONGRESS","GEORGETOWN 5","1234","12","REPUBLICAN","57"
"92","0","VERMILION","0","Under Votes","260","2ND CONGRESS","GEORGETOWN 5","1234","12","REPUBLICAN","21"
"92","0","VERMILION","0","Blank Ballots","260","2ND CONGRESS","GEORGETOWN 5","1234","12","REPUBLICAN","0"
"92","0","VERMILION","410","ASHLEY RAMOS","260","2ND CONGRESS","NEWELL 3","887","12","REPUBLICAN","37"
"92","0","VERMILION","405","SHANE CULTRA","260","2ND CONGRESS","NEWELL 3","887","12","REPUBLICAN","30"
"92","0","VERMILION","0","Over Votes","260","2ND CONGRESS","NEWELL 3","887","12","REPUBLICAN","0"
"92","0","VERMILION","415","THOMAS LYNCH","260","2ND CONGRESS","NEWELL 3","887","12","REPUBLICAN","51"
"92","0","VERMILION","0","Under Votes","260","2ND CONGRESS","NEWELL 3","887","12","REPUBLICAN","14"
"92","0","VERMILION","0","Blank Ballots","260","2ND CONGRESS","NEWELL 3","887","12","REPUBLICAN","0"
"92","0","VERMILION","410","ASHLEY RAMOS","260","2ND CONGRESS","SOUTH ROSS","598","12","REPUBLICAN","23"
"92","0","VERMILION","405","SHANE CULTRA","260","2ND CONGRESS","SOUTH ROSS","598","12","REPUBLICAN","31"
"92","0","VERMILION","410","ASHLEY RAMOS","260","2ND CONGRESS","OAKWOOD 2","674","12","REPUBLICAN","37"
"92","0","VERMILION","405","SHANE CULTRA","260","2ND CONGRESS","OAKWOOD 2","674","12","REPUBLICAN","47"
"92","0","VERMILION","0","Over Votes","260","2ND CONGRESS","OAKWOOD 2","674","12","REPUBLICAN","0"
"92","0","VERMILION","415","THOMAS LYNCH","260","2ND CONGRESS","OAKWOOD 2","674","12","REPUBLICAN","38"
"92","0","VERMILION","0","Under Votes","260","2ND CONGRESS","OAKWOOD 2","674","12","REPUBLICAN","26"
"92","0","VERMILION","0","Blank Ballots","260","2ND CONGRESS","OAKWOOD 2","674","12","REPUBLICAN","0"
"92","0","VERMILION","410","ASHLEY RAMOS","260","2ND CONGRESS","CATLIN 3","775","12","REPUBLICAN","26"
"92","0","VERMILION","405","SHANE CULTRA","260","2ND CONGRESS","CATLIN 3","775","12","REPUBLICAN","49"
"92","0","VERMILION","0","Over Votes","260","2ND CONGRESS","CATLIN 3","775","12","REPUBLICAN","0"
"92","0","VERMILION","415","THOMAS LYNCH","260","2ND CONGRESS","CATLIN 3","775","12","REPUBLICAN","42"
"92","0","VERMILION","0","Under Votes","260","2ND CONGRESS","CATLIN 3","775","12","REPUBLICAN","28"
"92","0","VERMILION","0","Blank Ballots","260","2ND CONGRESS","CATLIN 3","775","12","REPUBLICAN","0"
"92","0","VERMILION","410","ASHLEY RAMOS","260","2ND CONGRESS","DANVILLE 8","570","12","REPUBLICAN","19"
"92","0","VERMILION","405","SHANE CULTRA","260","2ND CONGRESS","DANVILLE 8","570","12","REPUBLICAN","16"
"92","0","VERMILION","0","Over Votes","260","2ND CONGRESS","DANVILLE 8","570","12","REPUBLICAN","0"
"92","0","VERMILION","415","THOMAS LYNCH","260","2ND CONGRESS","DANVILLE 8","570","12","REPUBLICAN","32"
"38","0","IROQUOIS","415","THOMAS LYNCH","260","2ND CONGRESS","ASH GROVE","485","12","REPUBLICAN","76"
"38","0","IROQUOIS","410","ASHLEY RAMOS","260","2ND CONGRESS","ASH GROVE","485","12","REPUBLICAN","21"
"38","0","IROQUOIS","0","Blank Ballots","260","2ND CONGRESS","ASH GROVE","485","12","REPUBLICAN","4"
"38","0","IROQUOIS","415","THOMAS LYNCH","260","2ND CONGRESS","BEAVERVILLE","342","12","REPUBLICAN","25"
"38","0","IROQUOIS","410","ASHLEY RAMOS","260","2ND CONGRESS","BEAVERVILLE","342","12","REPUBLICAN","12"
"38","0","IROQUOIS","0","Blank Ballots","260","2ND CONGRESS","BEAVERVILLE","342","12","REPUBLICAN","4"
"38","0","IROQUOIS","0","Over Votes","260","2ND CONGRESS","BEAVERVILLE","342","12","REPUBLICAN","0"
"38","0","IROQUOIS","415","THOMAS LYNCH","260","2ND CONGRESS","ASHKUM 2","292","12","REPUBLICAN","26"
"38","0","IROQUOIS","410","ASHLEY RAMOS","260","2ND CONGRESS","ASHKUM 2","292","12","REPUBLICAN","22"
"38","0","IROQUOIS","0","Blank Ballots","260","2ND CONGRESS","ASHKUM 2","292","12","REPUBLICAN","5"
"38","0","IROQUOIS","0","Over Votes","260","2ND CONGRESS","ASHKUM 2","292","12","REPUBLICAN","0"
"38","0","IROQUOIS","405","SHANE CULTRA","260","2ND CONGRESS","ASHKUM 2","292","12","REPUBLICAN","56"
"38","0","IROQUOIS","0","Under Votes","260","2ND CONGRESS","ASHKUM 2","292","12","REPUBLICAN","0"
"38","0","IROQUOIS","415","THOMAS LYNCH","260","2ND CONGRESS","CRESCENT","422","12","REPUBLICAN","38"
"38","0","IROQUOIS","410","ASHLEY RAMOS","260","2ND CONGRESS","CRESCENT","422","12","REPUBLICAN","23"
"38","0","IROQUOIS","0","Blank Ballots","260","2ND CONGRESS","CRESCENT","422","12","REPUBLICAN","3"
"38","0","IROQUOIS","0","Over Votes","260","2ND CONGRESS","CRESCENT","422","12","REPUBLICAN","0"
"38","0","IROQUOIS","405","SHANE CULTRA","260","2ND CONGRESS","CRESCENT","422","12","REPUBLICAN","57"
"38","0","IROQUOIS","0","Under Votes","260","2ND CONGRESS","CRESCENT","422","12","REPUBLICAN","0"
"38","0","IROQUOIS","415","THOMAS LYNCH","260","2ND CONGRESS","MIDDLEPORT 1","560","12","REPUBLICAN","27"
"38","0","IROQUOIS","410","ASHLEY RAMOS","260","2ND CONGRESS","MIDDLEPORT 1","560","12","REPUBLICAN","14"
"38","0","IROQUOIS","0","Blank Ballots","260","2ND CONGRESS","MIDDLEPORT 1","560","12","REPUBLICAN","3"
"38","0","IROQUOIS","0","Over Votes","260","2ND CONGRESS","MIDDLEPORT 1","560","12","REPUBLICAN","0"
"38","0","IROQUOIS","405","SHANE CULTRA","260","2ND CONGRESS","MIDDLEPORT 1","560","12","REPUBLICAN","63"
"38","0","IROQUOIS","0","Under Votes","260","2ND CONGRESS","MIDDLEPORT 1","560","12","REPUBLICAN","0"
"38","0","IROQUOIS","415","THOMAS LYNCH","260","2ND CONGRESS","PAPINEAU","339","12","REPUBLICAN","23"
"38","0","IROQUOIS","410","ASHLEY RAMOS","260","2ND CONGRESS","PAPINEAU","339","12","REPUBLICAN","13"
"38","0","IROQUOIS","0","Blank Ballots","260","2ND CONGRESS","PAPINEAU","339","12","REPUBLICAN","5"
"38","0","IROQUOIS","0","Over Votes","260","2ND CONGRESS","PAPINEAU","339","12","REPUBLICAN","1"
"38","0","IROQUOIS","405","SHANE CULTRA","260","2ND CONGRESS","PAPINEAU","339","12","REPUBLICAN","32"
"38","0","IROQUOIS","0","Under Votes","260","2ND CONGRESS","PAPINEAU","339","12","REPUBLICAN","0"
"38","0","IROQUOIS","0","Over Votes","260","2ND CONGRESS","ASH GROVE","485","12","REPUBLICAN","0"
"38","0","IROQUOIS","405","SHANE CULTRA","260","2ND CONGRESS","ASH GROVE","485","12","REPUBLICAN","48"
"38","0","IROQUOIS","0","Under Votes","260","2ND CONGRESS","ASH GROVE","485","12","REPUBLICAN","0"
"38","0","IROQUOIS","415","THOMAS LYNCH","260","2ND CONGRESS","CHEBANSE 2","784","12","REPUBLICAN","54"
"38","0","IROQUOIS","410","ASHLEY RAMOS","260","2ND CONGRESS","CHEBANSE 2","784","12","REPUBLICAN","43"
"38","0","IROQUOIS","0","Blank Ballots","260","2ND CONGRESS","CHEBANSE 2","784","12","REPUBLICAN","15"
"38","0","IROQUOIS","0","Over Votes","260","2ND CONGRESS","CHEBANSE 2","784","12","REPUBLICAN","0"
"38","0","IROQUOIS","405","SHANE CULTRA","260","2ND CONGRESS","CHEBANSE 2","784","12","REPUBLICAN","65"
"38","0","IROQUOIS","0","Under Votes","260","2ND CONGRESS","CHEBANSE 2","784","12","REPUBLICAN","0"
"38","0","IROQUOIS","415","THOMAS LYNCH","260","2ND CONGRESS","LOVEJOY","241","12","REPUBLICAN","12"
"38","0","IROQUOIS","410","ASHLEY RAMOS","260","2ND CONGRESS","LOVEJOY","241","12","REPUBLICAN","9"
"53","0","LIVINGSTON","0","Over Votes","260","2ND CONGRESS","PONTIAC 9","818","11","DEMOCRATIC","0"
"53","0","LIVINGSTON","420","ROBIN KELLY","260","2ND CONGRESS","PONTIAC 9","818","11","DEMOCRATIC","28"
"53","0","LIVINGSTON","0","Blank Ballots","260","2ND CONGRESS","PONTIAC 9","818","11","DEMOCRATIC","0"
"53","0","LIVINGSTON","0","Under Votes","260","2ND CONGRESS","PONTIAC 9","818","11","DEMOCRATIC","3"
"53","0","LIVINGSTON","420","ROBIN KELLY","260","2ND CONGRESS","SULLIVAN","449","11","DEMOCRATIC","8"
"53","0","LIVINGSTON","0","Blank Ballots","260","2ND CONGRESS","SULLIVAN","449","11","DEMOCRATIC","0"
"53","0","LIVINGSTON","0","Under Votes","260","2ND CONGRESS","SULLIVAN","449","11","DEMOCRATIC","0"
"53","0","LIVINGSTON","420","ROBIN KELLY","260","2ND CONGRESS","BROUGHTON","196","11","DEMOCRATIC","5"
"53","0","LIVINGSTON","0","Blank Ballots","260","2ND CONGRESS","BROUGHTON","196","11","DEMOCRATIC","0"
"53","0","LIVINGSTON","0","Under Votes","260","2ND CONGRESS","BROUGHTON","196","11","DEMOCRATIC","0"
"53","0","LIVINGSTON","0","Over Votes","260","2ND CONGRESS","BROUGHTON","196","11","DEMOCRATIC","0"
"53","0","LIVINGSTON","420","ROBIN KELLY","260","2ND CONGRESS","NEVADA","149","11","DEMOCRATIC","10"
"53","0","LIVINGSTON","0","Blank Ballots","260","2ND CONGRESS","NEVADA","149","11","DEMOCRATIC","0"
"53","0","LIVINGSTON","0","Under Votes","260","2ND CONGRESS","NEVADA","149","11","DEMOCRATIC","0"
"53","0","LIVINGSTON","0","Over Votes","260","2ND CONGRESS","NEVADA","149","11","DEMOCRATIC","0"
"53","0","LIVINGSTON","420","ROBIN KELLY","260","2ND CONGRESS","PONTIAC 2","675","11","DEMOCRATIC","35"
"53","0","LIVINGSTON","0","Blank Ballots","260","2ND CONGRESS","PONTIAC 2","675","11","DEMOCRATIC","0"
"53","0","LIVINGSTON","0","Under Votes","260","2ND CONGRESS","PONTIAC 2","675","11","DEMOCRATIC","1"
"53","0","LIVINGSTON","0","Over Votes","260","2ND CONGRESS","PONTIAC 2","675","11","DEMOCRATIC","0"
"53","0","LIVINGSTON","420","ROBIN KELLY","260","2ND CONGRESS","PONTIAC 6","707","11","DEMOCRATIC","15"
"53","0","LIVINGSTON","0","Blank Ballots","260","2ND CONGRESS","PONTIAC 6","707","11","DEMOCRATIC","0"
"53","0","LIVINGSTON","0","Under Votes","260","2ND CONGRESS","PONTIAC 6","707","11","DEMOCRATIC","6"
"53","0","LIVINGSTON","0","Over Votes","260","2ND CONGRESS","PONTIAC 6","707","11","DEMOCRATIC","0"
"53","0","LIVINGSTON","420","ROBIN KELLY","260","2ND CONGRESS","DWIGHT 2","534","11","DEMOCRATIC","20"
"53","0","LIVINGSTON","0","Blank Ballots","260","2ND CONGRESS","DWIGHT 2","534","11","DEMOCRATIC","0"
"53","0","LIVINGSTON","0","Under Votes","260","2ND CONGRESS","DWIGHT 2","534","11","DEMOCRATIC","2"
"53","0","LIVINGSTON","0","Over Votes","260","2ND CONGRESS","DWIGHT 2","534","11","DEMOCRATIC","0"
"53","0","LIVINGSTON","420","ROBIN KELLY","260","2ND CONGRESS","GERMANVILLE","52","11","DEMOCRATIC","0"
"53","0","LIVINGSTON","0","Blank Ballots","260","2ND CONGRESS","GERMANVILLE","52","11","DEMOCRATIC","0"
"53","0","LIVINGSTON","0","Under Votes","260","2ND CONGRESS","GERMANVILLE","52","11","DEMOCRATIC","0"
"53","0","LIVINGSTON","0","Over Votes","260","2ND CONGRESS","GERMANVILLE","52","11","DEMOCRATIC","0"
"53","0","LIVINGSTON","0","Over Votes","260","2ND CONGRESS","SULLIVAN","449","11","DEMOCRATIC","0"
"53","0","LIVINGSTON","420","ROBIN KELLY","260","2ND CONGRESS","DWIGHT 1","757","11","DEMOCRATIC","27"
"53","0","LIVINGSTON","0","Blank Ballots","260","2ND CONGRESS","DWIGHT 1","757","11","DEMOCRATIC","0"
"53","0","LIVINGSTON","0","Under Votes","260","2ND CONGRESS","DWIGHT 1","757","11","DEMOCRATIC","5"
"53","0","LIVINGSTON","0","Over Votes","260","2ND CONGRESS","DWIGHT 1","757","11","DEMOCRATIC","0"
"53","0","LIVINGSTON","420","ROBIN KELLY","260","2ND CONGRESS","INDIAN GRV 3","684","11","DEMOCRATIC","22"
"53","0","LIVINGSTON","0","Blank Ballots","260","2ND CONGRESS","INDIAN GRV 3","684","11","DEMOCRATIC","0"
"53","0","LIVINGSTON","0","Under Votes","260","2ND CONGRESS","INDIAN GRV 3","684","11","DEMOCRATIC","0"
"53","0","LIVINGSTON","0","Over Votes","260","2ND CONGRESS","INDIAN GRV 3","684","11","DEMOCRATIC","0"
"53","0","LIVINGSTON","0","Over Votes","260","2ND CONGRESS","OWEGO","222","11","DEMOCRATIC","0"
"53","0","LIVINGSTON","420","ROBIN KELLY","260","2ND CONGRESS","OWEGO","222","11","DEMOCRATIC","0"
"53","0","LIVINGSTON","0","Blank Ballots","260","2ND CONGRESS","OWEGO","222","11","DEMOCRATIC","0"
"27","0","FORD","420","ROBIN KELLY","260","2ND CONGRESS","PATTON 4","472","11","DEMOCRATIC","3"
"27","0","FORD","0","Under Votes","260","2ND CONGRESS","PATTON 4","472","11","DEMOCRATIC","0"
"27","0","FORD","0","Over Votes","260","2ND CONGRESS","PATTON 4","472","11","DEMOCRATIC","0"
"27","0","FORD","0","Blank Ballots","260","2ND CONGRESS","PATTON 4","472","11","DEMOCRATIC","1"
"27","0","FORD","420","ROBIN KELLY","260","2ND CONGRESS","PATTON 6","568","11","DEMOCRATIC","13"
"27","0","FORD","0","Under Votes","260","2ND CONGRESS","PATTON 6","568","11","DEMOCRATIC","0"
"27","0","FORD","0","Over Votes","260","2ND CONGRESS","PATTON 6","568","11","DEMOCRATIC","0"
"27","0","FORD","0","Blank Ballots","260","2ND CONGRESS","PATTON 6","568","11","DEMOCRATIC","2"
"27","0","FORD","420","ROBIN KELLY","260","2ND CONGRESS","BUTTON","176","11","DEMOCRATIC","0"
"27","0","FORD","0","Under Votes","260","2ND CONGRESS","BUTTON","176","11","DEMOCRATIC","0"
"27","0","FORD","0","Over Votes","260","2ND CONGRESS","BUTTON","176","11","DEMOCRATIC","0"
"27","0","FORD","0","Blank Ballots","260","2ND CONGRESS","BUTTON","176","11","DEMOCRATIC","0"
"27","0","FORD","0","Blank Ballots","260","2ND CONGRESS","PATTON 1","455","11","DEMOCRATIC","1"
"27","0","FORD","420","ROBIN KELLY","260","2ND CONGRESS","PATTON 1","455","11","DEMOCRATIC","8"
"27","0","FORD","0","Under Votes","260","2ND CONGRESS","PATTON 1","455","11","DEMOCRATIC","0"
"27","0","FORD","0","Over Votes","260","2ND CONGRESS","PATTON 1","455","11","DEMOCRATIC","0"
"27","0","FORD","420","ROBIN KELLY","260","2ND CONGRESS","LYMAN","314","11","DEMOCRATIC","6"
"27","0","FORD","0","Under Votes","260","2ND CONGRESS","LYMAN","314","11","DEMOCRATIC","0"
"27","0","FORD","0","Over Votes","260","2ND CONGRESS","LYMAN","314","11","DEMOCRATIC","0"
"27","0","FORD","0","Blank Ballots","260","2ND CONGRESS","LYMAN","314","11","DEMOCRATIC","0"
"27","0","FORD","420","ROBIN KELLY","260","2ND CONGRESS","PEACH ORCHARD","333","11","DEMOCRATIC","6"
"27","0","FORD","0","Under Votes","260","2ND CONGRESS","PEACH ORCHARD","333","11","DEMOCRATIC","0"
"27","0","FORD","0","Over Votes","260","2ND CONGRESS","PEACH ORCHARD","333","11","DEMOCRATIC","0"
"27","0","FORD","0","Blank Ballots","260","2ND CONGRESS","PEACH ORCHARD","333","11","DEMOCRATIC","2"
"27","0","FORD","420","ROBIN KELLY","260","2ND CONGRESS","DIX","429","11","DEMOCRATIC","2"
"27","0","FORD","0","Under Votes","260","2ND CONGRESS","DIX","429","11","DEMOCRATIC","0"
"27","0","FORD","0","Over Votes","260","2ND CONGRESS","DIX","429","11","DEMOCRATIC","0"
"27","0","FORD","0","Blank Ballots","260","2ND CONGRESS","DIX","429","11","DEMOCRATIC","0"
"27","0","FORD","420","ROBIN KELLY","260","2ND CONGRESS","PATTON 2","442","11","DEMOCRATIC","1"
"27","0","FORD","0","Under Votes","260","2ND CONGRESS","PATTON 2","442","11","DEMOCRATIC","0"
"27","0","FORD","0","Over Votes","260","2ND CONGRESS","PATTON 2","442","11","DEMOCRATIC","0"
"27","0","FORD","0","Blank Ballots","260","2ND CONGRESS","PATTON 2","442","11","DEMOCRATIC","1"
"27","0","FORD","420","ROBIN KELLY","260","2ND CONGRESS","SULLIVANT","332","11","DEMOCRATIC","10"
"27","0","FORD","0","Under Votes","260","2ND CONGRESS","SULLIVANT","332","11","DEMOCRATIC","0"
"27","0","FORD","0","Over Votes","260","2ND CONGRESS","SULLIVANT","332","11","DEMOCRATIC","0"
"27","0","FORD","0","Blank Ballots","260","2ND CONGRESS","SULLIVANT","332","11","DEMOCRATIC","2"
"27","0","FORD","420","ROBIN KELLY","260","2ND CONGRESS","DRUMMER 5","569","11","DEMOCRATIC","8"
"27","0","FORD","0","Under Votes","260","2ND CONGRESS","DRUMMER 5","569","11","DEMOCRATIC","0"
"27","0","FORD","0","Over Votes","260","2ND CONGRESS","DRUMMER 5","569","11","DEMOCRATIC","0"
"27","0","FORD","0","Blank Ballots","260","2ND CONGRESS","DRUMMER 5","569","11","DEMOCRATIC","5"
"27","0","FORD","420","ROBIN KELLY","260","2ND CONGRESS","PATTON 5","513","11","DEMOCRATIC","12"
"27","0","FORD","0","Under Votes","260","2ND CONGRESS","PATTON 5","513","11","DEMOCRATIC","0"
"27","0","FORD","0","Over Votes","260","2ND CONGRESS","PATTON 5","513","11","DEMOCRATIC","0"
"27","0","FORD","0","Blank Ballots","260","2ND CONGRESS","PATTON 5","513","11","DEMOCRATIC","1"
"27","0","FORD","420","ROBIN KELLY","260","2ND CONGRESS","PATTON 7","844","11","DEMOCRATIC","9"
"38","0","IROQUOIS","0","Over Votes","260","2ND CONGRESS","MIDDLEPORT 2","843","11","DEMOCRATIC","0"
"38","0","IROQUOIS","420","ROBIN KELLY","260","2ND CONGRESS","PIGEON GROVE","765","11","DEMOCRATIC","14"
"38","0","IROQUOIS","0","Under Votes","260","2ND CONGRESS","PIGEON GROVE","765","11","DEMOCRATIC","0"
"38","0","IROQUOIS","0","Blank Ballots","260","2ND CONGRESS","PIGEON GROVE","765","11","DEMOCRATIC","0"
"38","0","IROQUOIS","0","Over Votes","260","2ND CONGRESS","PIGEON GROVE","765","11","DEMOCRATIC","0"
"38","0","IROQUOIS","420","ROBIN KELLY","260","2ND CONGRESS","BELMONT 1","237","11","DEMOCRATIC","3"
"38","0","IROQUOIS","0","Under Votes","260","2ND CONGRESS","BELMONT 1","237","11","DEMOCRATIC","0"
"38","0","IROQUOIS","0","Over Votes","260","2ND CONGRESS","BELMONT 1","237","11","DEMOCRATIC","0"
"38","0","IROQUOIS","0","Blank Ballots","260","2ND CONGRESS","BELMONT 1","237","11","DEMOCRATIC","2"
"38","0","IROQUOIS","420","ROBIN KELLY","260","2ND CONGRESS","DOUGLAS 2","483","11","DEMOCRATIC","7"
"38","0","IROQUOIS","0","Under Votes","260","2ND CONGRESS","DOUGLAS 2","483","11","DEMOCRATIC","0"
"38","0","IROQUOIS","0","Over Votes","260","2ND CONGRESS","DOUGLAS 2","483","11","DEMOCRATIC","0"
"38","0","IROQUOIS","0","Blank Ballots","260","2ND CONGRESS","DOUGLAS 2","483","11","DEMOCRATIC","2"
"38","0","IROQUOIS","420","ROBIN KELLY","260","2ND CONGRESS","MIDDLEPORT 4","362","11","DEMOCRATIC","7"
"38","0","IROQUOIS","0","Under Votes","260","2ND CONGRESS","MIDDLEPORT 4","362","11","DEMOCRATIC","0"
"38","0","IROQUOIS","0","Blank Ballots","260","2ND CONGRESS","MIDDLEPORT 4","362","11","DEMOCRATIC","1"
"38","0","IROQUOIS","0","Over Votes","260","2ND CONGRESS","MIDDLEPORT 4","362","11","DEMOCRATIC","0"
"38","0","IROQUOIS","420","ROBIN KELLY","260","2ND CONGRESS","RIDGELAND","207","11","DEMOCRATIC","7"
"38","0","IROQUOIS","0","Under Votes","260","2ND CONGRESS","RIDGELAND","207","11","DEMOCRATIC","0"
"38","0","IROQUOIS","0","Blank Ballots","260","2ND CONGRESS","RIDGELAND","207","11","DEMOCRATIC","0"
"38","0","IROQUOIS","0","Over Votes","260","2ND CONGRESS","RIDGELAND","207","11","DEMOCRATIC","0"
"38","0","IROQUOIS","420","ROBIN KELLY","260","2ND CONGRESS","ASHKUM 1","681","11","DEMOCRATIC","9"
"38","0","IROQUOIS","0","Under Votes","260","2ND CONGRESS","ASHKUM 1","681","11","DEMOCRATIC","0"
"38","0","IROQUOIS","0","Blank Ballots","260","2ND CONGRESS","ASHKUM 1","681","11","DEMOCRATIC","0"
"38","0","IROQUOIS","0","Over Votes","260","2ND CONGRESS","ASHKUM 1","681","11","DEMOCRATIC","0"
"38","0","IROQUOIS","420","ROBIN KELLY","260","2ND CONGRESS","CHEBANSE 1","1081","11","DEMOCRATIC","22"
"38","0","IROQUOIS","0","Under Votes","260","2ND CONGRESS","CHEBANSE 1","1081","11","DEMOCRATIC","0"
"38","0","IROQUOIS","0","Blank Ballots","260","2ND CONGRESS","CHEBANSE 1","1081","11","DEMOCRATIC","0"
"38","0","IROQUOIS","0","Over Votes","260","2ND CONGRESS","CHEBANSE 1","1081","11","DEMOCRATIC","0"
"38","0","IROQUOIS","420","ROBIN KELLY","260","2ND CONGRESS","CONCORD","281","11","DEMOCRATIC","2"
"38","0","IROQUOIS","0","Under Votes","260","2ND CONGRESS","CONCORD","281","11","DEMOCRATIC","0"
"38","0","IROQUOIS","0","Blank Ballots","260","2ND CONGRESS","CONCORD","281","11","DEMOCRATIC","2"
"38","0","IROQUOIS","0","Over Votes","260","2ND CONGRESS","CONCORD","281","11","DEMOCRATIC","0"
"38","0","IROQUOIS","420","ROBIN KELLY","260","2ND CONGRESS","LODA","986","11","DEMOCRATIC","31"
"38","0","IROQUOIS","0","Under Votes","260","2ND CONGRESS","LODA","986","11","DEMOCRATIC","0"
"38","0","IROQUOIS","0","Blank Ballots","260","2ND CONGRESS","LODA","986","11","DEMOCRATIC","1"
"38","0","IROQUOIS","0","Over Votes","260","2ND CONGRESS","LODA","986","11","DEMOCRATIC","0"
"38","0","IROQUOIS","420","ROBIN KELLY","260","2ND CONGRESS","MARTINTON","608","11","DEMOCRATIC","17"
"38","0","IROQUOIS","0","Under Votes","260","2ND CONGRESS","MARTINTON","608","11","DEMOCRATIC","0"
"38","0","IROQUOIS","0","Over Votes","260","2ND CONGRESS","MARTINTON","608","11","DEMOCRATIC","0"
"38","0","IROQUOIS","0","Blank Ballots","260","2ND CONGRESS","MARTINTON","608","11","DEMOCRATIC","1"
"38","0","IROQUOIS","420","ROBIN KELLY","260","2ND CONGRESS","MILKS GROVE","140","11","DEMOCRATIC","3"
"38","0","IROQUOIS","0","Under Votes","260","2ND CONGRESS","MILKS GROVE","140","11","DEMOCRATIC","0"
"46","0","KANKAKEE","0","Blank Ballots","260","2ND CONGRESS","BOURBONNAIS 5","1267","11","DEMOCRATIC","0"
"46","0","KANKAKEE","0","Under Votes","260","2ND CONGRESS","BOURBONNAIS 19","1847","11","DEMOCRATIC","4"
"46","0","KANKAKEE","0","Over Votes","260","2ND CONGRESS","BOURBONNAIS 19","1847","11","DEMOCRATIC","0"
"46","0","KANKAKEE","0","Blank Ballots","260","2ND CONGRESS","BOURBONNAIS 19","1847","11","DEMOCRATIC","0"
"46","0","KANKAKEE","420","ROBIN KELLY","260","2ND CONGRESS","BOURBONNAIS 19","1847","11","DEMOCRATIC","98"
"46","0","KANKAKEE","0","Blank Ballots","260","2ND CONGRESS","LIMESTONE 4","852","11","DEMOCRATIC","0"
"46","0","KANKAKEE","420","ROBIN KELLY","260","2ND CONGRESS","LIMESTONE 4","852","11","DEMOCRATIC","32"
"46","0","KANKAKEE","0","Under Votes","260","2ND CONGRESS","PILOT","1368","11","DEMOCRATIC","3"
"46","0","KANKAKEE","0","Over Votes","260","2ND CONGRESS","PILOT","1368","11","DEMOCRATIC","0"
"46","0","KANKAKEE","0","Blank Ballots","260","2ND CONGRESS","PILOT","1368","11","DEMOCRATIC","0"
"46","0","KANKAKEE","420","ROBIN KELLY","260","2ND CONGRESS","PILOT","1368","11","DEMOCRATIC","38"
"46","0","KANKAKEE","0","Under Votes","260","2ND CONGRESS","KANKAKEE 6","1631","11","DEMOCRATIC","4"
"46","0","KANKAKEE","0","Over Votes","260","2ND CONGRESS","KANKAKEE 6","1631","11","DEMOCRATIC","0"
"46","0","KANKAKEE","0","Blank Ballots","260","2ND CONGRESS","KANKAKEE 6","1631","11","DEMOCRATIC","0"
"46","0","KANKAKEE","420","ROBIN KELLY","260","2ND CONGRESS","KANKAKEE 6","1631","11","DEMOCRATIC","104"
"46","0","KANKAKEE","0","Under Votes","260","2ND CONGRESS","BOURBONNAIS 8","1219","11","DEMOCRATIC","5"
"46","0","KANKAKEE","0","Over Votes","260","2ND CONGRESS","BOURBONNAIS 8","1219","11","DEMOCRATIC","0"
"46","0","KANKAKEE","0","Blank Ballots","260","2ND CONGRESS","BOURBONNAIS 8","1219","11","DEMOCRATIC","0"
"46","0","KANKAKEE","420","ROBIN KELLY","260","2ND CONGRESS","BOURBONNAIS 8","1219","11","DEMOCRATIC","51"
"46","0","KANKAKEE","0","Under Votes","260","2ND CONGRESS","MANTENO 4","1768","11","DEMOCRATIC","0"
"46","0","KANKAKEE","0","Over Votes","260","2ND CONGRESS","MANTENO 4","1768","11","DEMOCRATIC","0"
"46","0","KANKAKEE","0","Blank Ballots","260","2ND CONGRESS","MANTENO 4","1768","11","DEMOCRATIC","0"
"46","0","KANKAKEE","420","ROBIN KELLY","260","2ND CONGRESS","MANTENO 4","1768","11","DEMOCRATIC","0"
"46","0","KANKAKEE","0","Under Votes","260","2ND CONGRESS","GANEER 2","308","11","DEMOCRATIC","3"
"46","0","KANKAKEE","0","Over Votes","260","2ND CONGRESS","GANEER 2","308","11","DEMOCRATIC","0"
"46","0","KANKAKEE","0","Blank Ballots","260","2ND CONGRESS","GANEER 2","308","11","DEMOCRATIC","0"
"46","0","KANKAKEE","420","ROBIN KELLY","260","2ND CONGRESS","GANEER 2","308","11","DEMOCRATIC","52"
"46","0","KANKAKEE","0","Under Votes","260","2ND CONGRESS","LIMESTONE 3","1323","11","DEMOCRATIC","2"
"46","0","KANKAKEE","0","Over Votes","260","2ND CONGRESS","LIMESTONE 3","1323","11","DEMOCRATIC","0"
"46","0","KANKAKEE","0","Blank Ballots","260","2ND CONGRESS","LIMESTONE 3","1323","11","DEMOCRATIC","0"
"46","0","KANKAKEE","420","ROBIN KELLY","260","2ND CONGRESS","LIMESTONE 3","1323","11","DEMOCRATIC","43"
"46","0","KANKAKEE","0","Under Votes","260","2ND CONGRESS","AROMA 1","935","11","DEMOCRATIC","4"
"46","0","KANKAKEE","0","Over Votes","260","2ND CONGRESS","AROMA 1","935","11","DEMOCRATIC","0"
"46","0","KANKAKEE","0","Blank Ballots","260","2ND CONGRESS","AROMA 1","935","11","DEMOCRATIC","0"
"46","0","KANKAKEE","420","ROBIN KELLY","260","2ND CONGRESS","AROMA 1","935","11","DEMOCRATIC","61"
"46","0","KANKAKEE","0","Under Votes","260","2ND CONGRESS","KANKAKEE 1","862","11","DEMOCRATIC","6"
"46","0","KANKAKEE","0","Over Votes","260","2ND CONGRESS","KANKAKEE 1","862","11","DEMOCRATIC","0"
"46","0","KANKAKEE","0","Blank Ballots","260","2ND CONGRESS","KANKAKEE 1","862","11","DEMOCRATIC","0"
"46","0","KANKAKEE","420","ROBIN KELLY","260","2ND CONGRESS","KANKAKEE 1","862","11","DEMOCRATIC","91"
"46","0","KANKAKEE","0","Under Votes","260","2ND CONGRESS","KANKAKEE 5","1613","11","DEMOCRATIC","5"
"46","0","KANKAKEE","0","Over Votes","260","2ND CONGRESS","KANKAKEE 5","1613","11","DEMOCRATIC","0"
"46","0","KANKAKEE","0","Blank Ballots","260","2ND CONGRESS","KANKAKEE 5","1613","11","DEMOCRATIC","0"
"46","0","KANKAKEE","420","ROBIN KELLY","260","2ND CONGRESS","KANKAKEE 5","1613","11","DEMOCRATIC","92"
"46","0","KANKAKEE","0","Over Votes","260","2ND CONGRESS","AROMA 3","1109","12","REPUBLICAN","0"
"46","0","KANKAKEE","0","Blank Ballots","260","2ND CONGRESS","AROMA 3","1109","12","REPUBLICAN","0"
"46","0","KANKAKEE","0","Under Votes","260","2ND CONGRESS","AROMA 3","1109","12","REPUBLICAN","28"
"46","0","KANKAKEE","410","ASHLEY RAMOS","260","2ND CONGRESS","AROMA 3","1109","12","REPUBLICAN","77"
"46","0","KANKAKEE","415","THOMAS LYNCH","260","2ND CONGRESS","AROMA 3","1109","12","REPUBLICAN","72"
"46","0","KANKAKEE","405","SHANE CULTRA","260","2ND CONGRESS","AROMA 3","1109","12","REPUBLICAN","52"
"46","0","KANKAKEE","0","Over Votes","260","2ND CONGRESS","KANKAKEE 3","1448","12","REPUBLICAN","0"
"46","0","KANKAKEE","0","Blank Ballots","260","2ND CONGRESS","KANKAKEE 3","1448","12","REPUBLICAN","0"
"46","0","KANKAKEE","0","Under Votes","260","2ND CONGRESS","KANKAKEE 3","1448","12","REPUBLICAN","23"
"46","0","KANKAKEE","410","ASHLEY RAMOS","260","2ND CONGRESS","KANKAKEE 3","1448","12","REPUBLICAN","53"
"46","0","KANKAKEE","415","THOMAS LYNCH","260","2ND CONGRESS","KANKAKEE 3","1448","12","REPUBLICAN","54"
"46","0","KANKAKEE","405","SHANE CULTRA","260","2ND CONGRESS","KANKAKEE 3","1448","12","REPUBLICAN","40"
"46","0","KANKAKEE","0","Over Votes","260","2ND CONGRESS","BOURBONNAIS 5","1267","12","REPUBLICAN","0"
"46","0","KANKAKEE","0","Blank Ballots","260","2ND CONGRESS","BOURBONNAIS 5","1267","12","REPUBLICAN","0"
"46","0","KANKAKEE","0","Under Votes","260","2ND CONGRESS","BOURBONNAIS 5","1267","12","REPUBLICAN","4"
"46","0","KANKAKEE","410","ASHLEY RAMOS","260","2ND CONGRESS","BOURBONNAIS 5","1267","12","REPUBLICAN","4"
"46","0","KANKAKEE","415","THOMAS LYNCH","260","2ND CONGRESS","BOURBONNAIS 5","1267","12","REPUBLICAN","5"
"46","0","KANKAKEE","405","SHANE CULTRA","260","2ND CONGRESS","BOURBONNAIS 5","1267","12","REPUBLICAN","6"
"46","0","KANKAKEE","0","Over Votes","260","2ND CONGRESS","BOURBONNAIS 19","1847","12","REPUBLICAN","0"
"46","0","KANKAKEE","0","Blank Ballots","260","2ND CONGRESS","BOURBONNAIS 19","1847","12","REPUBLICAN","0"
"46","0","KANKAKEE","0","Under Votes","260","2ND CONGRESS","BOURBONNAIS 19","1847","12","REPUBLICAN","36"
"46","0","KANKAKEE","410","ASHLEY RAMOS","260","2ND CONGRESS","BOURBONNAIS 19","1847","12","REPUBLICAN","93"
"46","0","KANKAKEE","415","THOMAS LYNCH","260","2ND CONGRESS","BOURBONNAIS 19","1847","12","REPUBLICAN","91"
"46","0","KANKAKEE","405","SHANE CULTRA","260","2ND CONGRESS","BOURBONNAIS 19","1847","12","REPUBLICAN","49"
"46","0","KANKAKEE","405","SHANE CULTRA","260","2ND CONGRESS","BOURBONNAIS 16","889","12","REPUBLICAN","18"
"46","0","KANKAKEE","0","Over Votes","260","2ND CONGRESS","BOURBONNAIS 16","889","12","REPUBLICAN","0"
"46","0","KANKAKEE","0","Blank Ballots","260","2ND CONGRESS","BOURBONNAIS 16","889","12","REPUBLICAN","0"
"46","0","KANKAKEE","0","Under Votes","260","2ND CONGRESS","BOURBONNAIS 16","889","12","REPUBLICAN","10"
"46","0","KANKAKEE","410","ASHLEY RAMOS","260","2ND CONGRESS","BOURBONNAIS 16","889","12","REPUBLICAN","38"
"46","0","KANKAKEE","415","THOMAS LYNCH","260","2ND CONGRESS","BOURBONNAIS 16","889","12","REPUBLICAN","35"
"46","0","KANKAKEE","0","Over Votes","260","2ND CONGRESS","MANTENO 4","1768","12","REPUBLICAN","0"
"46","0","KANKAKEE","0","Blank Ballots","260","2ND CONGRESS","MANTENO 4","1768","12","REPUBLICAN","0"
"46","0","KANKAKEE","0","Under Votes","260","2ND CONGRESS","MANTENO 4","1768","12","REPUBLICAN","0"
"46","0","KANKAKEE","410","ASHLEY RAMOS","260","2ND CONGRESS","MANTENO 4","1768","12","REPUBLICAN","0"
"46","0","KANKAKEE","415","THOMAS LYNCH","260","2ND CONGRESS","MANTENO 4","1768","12","REPUBLICAN","0"
"46","0","KANKAKEE","405","SHANE CULTRA","260","2ND CONGRESS","MANTENO 4","1768","12","REPUBLICAN","0"
"46","0","KANKAKEE","405","SHANE CULTRA","260","2ND CONGRESS","GANEER 2","308","12","REPUBLICAN","1"
"46","0","KANKAKEE","0","Over Votes","260","2ND CONGRESS","GANEER 2","308","12","REPUBLICAN","0"
"46","0","KANKAKEE","0","Blank Ballots","260","2ND CONGRESS","GANEER 2","308","12","REPUBLICAN","0"
"46","0","KANKAKEE","0","Under Votes","260","2ND CONGRESS","GANEER 2","308","12","REPUBLICAN","4"
"46","0","KANKAKEE","410","ASHLEY RAMOS","260","2ND CONGRESS","GANEER 2","308","12","REPUBLICAN","4"
"46","0","KANKAKEE","415","THOMAS LYNCH","260","2ND CONGRESS","GANEER 2","308","12","REPUBLICAN","3"
"92","0","VERMILION","0","Under Votes","260","2ND CONGRESS","DANVILLE 8","570","12","REPUBLICAN","5"
"92","0","VERMILION","0","Blank Ballots","260","2ND CONGRESS","DANVILLE 8","570","12","REPUBLICAN","0"
"92","0","VERMILION","410","ASHLEY RAMOS","260","2ND CONGRESS","GRANT 1","1147","12","REPUBLICAN","39"
"92","0","VERMILION","405","SHANE CULTRA","260","2ND CONGRESS","GRANT 1","1147","12","REPUBLICAN","74"
"92","0","VERMILION","0","Over Votes","260","2ND CONGRESS","GRANT 1","1147","12","REPUBLICAN","0"
"92","0","VERMILION","415","THOMAS LYNCH","260","2ND CONGRESS","GRANT 1","1147","12","REPUBLICAN","28"
"92","0","VERMILION","0","Under Votes","260","2ND CONGRESS","GRANT 1","1147","12","REPUBLICAN","7"
"92","0","VERMILION","0","Blank Ballots","260","2ND CONGRESS","GRANT 1","1147","12","REPUBLICAN","0"
"92","0","VERMILION","410","ASHLEY RAMOS","260","2ND CONGRESS","NEWELL 1","794","12","REPUBLICAN","37"
"92","0","VERMILION","405","SHANE CULTRA","260","2ND CONGRESS","NEWELL 1","794","12","REPUBLICAN","29"
"92","0","VERMILION","0","Over Votes","260","2ND CONGRESS","NEWELL 1","794","12","REPUBLICAN","0"
"92","0","VERMILION","415","THOMAS LYNCH","260","2ND CONGRESS","NEWELL 1","794","12","REPUBLICAN","58"
"92","0","VERMILION","0","Under Votes","260","2ND CONGRESS","NEWELL 1","794","12","REPUBLICAN","19"
"92","0","VERMILION","0","Blank Ballots","260","2ND CONGRESS","NEWELL 1","794","12","REPUBLICAN","0"
"92","0","VERMILION","410","ASHLEY RAMOS","260","2ND CONGRESS","BUTLER","547","12","REPUBLICAN","12"
"92","0","VERMILION","405","SHANE CULTRA","260","2ND CONGRESS","BUTLER","547","12","REPUBLICAN","69"
"92","0","VERMILION","0","Over Votes","260","2ND CONGRESS","BUTLER","547","12","REPUBLICAN","0"
"92","0","VERMILION","415","THOMAS LYNCH","260","2ND CONGRESS","BUTLER","547","12","REPUBLICAN","41"
"92","0","VERMILION","0","Under Votes","260","2ND CONGRESS","BUTLER","547","12","REPUBLICAN","7"
"92","0","VERMILION","0","Blank Ballots","260","2ND CONGRESS","BUTLER","547","12","REPUBLICAN","0"
"92","0","VERMILION","410","ASHLEY RAMOS","260","2ND CONGRESS","DANVILLE 3","947","12","REPUBLICAN","13"
"92","0","VERMILION","405","SHANE CULTRA","260","2ND CONGRESS","DANVILLE 3","947","12","REPUBLICAN","18"
"92","0","VERMILION","0","Over Votes","260","2ND CONGRESS","DANVILLE 3","947","12","REPUBLICAN","0"
"92","0","VERMILION","415","THOMAS LYNCH","260","2ND CONGRESS","DANVILLE 3","947","12","REPUBLICAN","34"
"92","0","VERMILION","0","Under Votes","260","2ND CONGRESS","DANVILLE 3","947","12","REPUBLICAN","4"
"92","0","VERMILION","0","Blank Ballots","260","2ND CONGRESS","DANVILLE 3","947","12","REPUBLICAN","0"
"92","0","VERMILION","410","ASHLEY RAMOS","260","2ND CONGRESS","GEORGETOWN 7","1092","12","REPUBLICAN","37"
"92","0","VERMILION","405","SHANE CULTRA","260","2ND CONGRESS","GEORGETOWN 7","1092","12","REPUBLICAN","16"
"92","0","VERMILION","0","Over Votes","260","2ND CONGRESS","GEORGETOWN 7","1092","12","REPUBLICAN","0"
"92","0","VERMILION","415","THOMAS LYNCH","260","2ND CONGRESS","GEORGETOWN 7","1092","12","REPUBLICAN","43"
"92","0","VERMILION","0","Under Votes","260","2ND CONGRESS","GEORGETOWN 7","1092","12","REPUBLICAN","17"
"92","0","VERMILION","0","Blank Ballots","260","2ND CONGRESS","GEORGETOWN 7","1092","12","REPUBLICAN","0"
"92","0","VERMILION","410","ASHLEY RAMOS","260","2ND CONGRESS","MIDDLEFORK","906","12","REPUBLICAN","39"
"92","0","VERMILION","405","SHANE CULTRA","260","2ND CONGRESS","MIDDLEFORK","906","12","REPUBLICAN","80"
"92","0","VERMILION","0","Over Votes","260","2ND CONGRESS","MIDDLEFORK","906","12","REPUBLICAN","0"
"92","0","VERMILION","415","THOMAS LYNCH","260","2ND CONGRESS","MIDDLEFORK","906","12","REPUBLICAN","65"
"92","0","VERMILION","0","Under Votes","260","2ND CONGRESS","MIDDLEFORK","906","12","REPUBLICAN","13"
"92","0","VERMILION","0","Blank Ballots","260","2ND CONGRESS","MIDDLEFORK","906","12","REPUBLICAN","0"
"92","0","VERMILION","410","ASHLEY RAMOS","260","2ND CONGRESS","VANCE","669","12","REPUBLICAN","0"
"92","0","VERMILION","405","SHANE CULTRA","260","2ND CONGRESS","VANCE","669","12","REPUBLICAN","0"
"92","0","VERMILION","0","Over Votes","260","2ND CONGRESS","VANCE","669","12","REPUBLICAN","0"
"92","0","VERMILION","415","THOMAS LYNCH","260","2ND CONGRESS","VANCE","669","12","REPUBLICAN","0"
"53","0","LIVINGSTON","0","Under Votes","260","2ND CONGRESS","OWEGO","222","11","DEMOCRATIC","1"
"53","0","LIVINGSTON","420","ROBIN KELLY","260","2ND CONGRESS","PONTIAC 4","687","11","DEMOCRATIC","29"
"53","0","LIVINGSTON","0","Blank Ballots","260","2ND CONGRESS","PONTIAC 4","687","11","DEMOCRATIC","0"
"53","0","LIVINGSTON","0","Under Votes","260","2ND CONGRESS","PONTIAC 4","687","11","DEMOCRATIC","2"
"53","0","LIVINGSTON","0","Over Votes","260","2ND CONGRESS","PONTIAC 4","687","11","DEMOCRATIC","0"
"53","0","LIVINGSTON","420","ROBIN KELLY","260","2ND CONGRESS","AVOCA","258","11","DEMOCRATIC","2"
"53","0","LIVINGSTON","0","Blank Ballots","260","2ND CONGRESS","AVOCA","258","11","DEMOCRATIC","0"
"53","0","LIVINGSTON","0","Under Votes","260","2ND CONGRESS","AVOCA","258","11","DEMOCRATIC","0"
"53","0","LIVINGSTON","0","Over Votes","260","2ND CONGRESS","AVOCA","258","11","DEMOCRATIC","0"
"53","0","LIVINGSTON","420","ROBIN KELLY","260","2ND CONGRESS","FAYETTE","181","11","DEMOCRATIC","1"
"53","0","LIVINGSTON","0","Blank Ballots","260","2ND CONGRESS","FAYETTE","181","11","DEMOCRATIC","0"
"53","0","LIVINGSTON","0","Under Votes","260","2ND CONGRESS","FAYETTE","181","11","DEMOCRATIC","0"
"53","0","LIVINGSTON","0","Over Votes","260","2ND CONGRESS","FAYETTE","181","11","DEMOCRATIC","0"
"53","0","LIVINGSTON","420","ROBIN KELLY","260","2ND CONGRESS","PONTIAC 7","588","11","DEMOCRATIC","13"
"53","0","LIVINGSTON","0","Blank Ballots","260","2ND CONGRESS","PONTIAC 7","588","11","DEMOCRATIC","0"
"53","0","LIVINGSTON","0","Under Votes","260","2ND CONGRESS","PONTIAC 7","588","11","DEMOCRATIC","3"
"53","0","LIVINGSTON","0","Over Votes","260","2ND CONGRESS","PONTIAC 7","588","11","DEMOCRATIC","0"
"53","0","LIVINGSTON","420","ROBIN KELLY","260","2ND CONGRESS","UNION","144","11","DEMOCRATIC","3"
"53","0","LIVINGSTON","0","Blank Ballots","260","2ND CONGRESS","UNION","144","11","DEMOCRATIC","0"
"53","0","LIVINGSTON","0","Under Votes","260","2ND CONGRESS","UNION","144","11","DEMOCRATIC","0"
"53","0","LIVINGSTON","0","Over Votes","260","2ND CONGRESS","UNION","144","11","DEMOCRATIC","0"
"53","0","LIVINGSTON","420","ROBIN KELLY","260","2ND CONGRESS","DWIGHT 3","625","11","DEMOCRATIC","18"
"53","0","LIVINGSTON","420","ROBIN KELLY","260","2ND CONGRESS","PONTIAC 8","627","11","DEMOCRATIC","14"
"53","0","LIVINGSTON","0","Blank Ballots","260","2ND CONGRESS","PONTIAC 8","627","11","DEMOCRATIC","0"
"53","0","LIVINGSTON","0","Under Votes","260","2ND CONGRESS","PONTIAC 8","627","11","DEMOCRATIC","1"
"53","0","LIVINGSTON","0","Over Votes","260","2ND CONGRESS","PONTIAC 8","627","11","DEMOCRATIC","0"
"53","0","LIVINGSTON","420","ROBIN KELLY","260","2ND CONGRESS","SAUNEMIN","382","11","DEMOCRATIC","13"
"53","0","LIVINGSTON","0","Blank Ballots","260","2ND CONGRESS","SAUNEMIN","382","11","DEMOCRATIC","0"
"53","0","LIVINGSTON","0","Under Votes","260","2ND CONGRESS","SAUNEMIN","382","11","DEMOCRATIC","1"
"53","0","LIVINGSTON","0","Over Votes","260","2ND CONGRESS","SAUNEMIN","382","11","DEMOCRATIC","0"
"53","0","LIVINGSTON","420","ROBIN KELLY","260","2ND CONGRESS","CHATSWORTH 1","674","11","DEMOCRATIC","22"
"53","0","LIVINGSTON","0","Blank Ballots","260","2ND CONGRESS","CHATSWORTH 1","674","11","DEMOCRATIC","0"
"53","0","LIVINGSTON","0","Under Votes","260","2ND CONGRESS","CHATSWORTH 1","674","11","DEMOCRATIC","2"
"53","0","LIVINGSTON","0","Over Votes","260","2ND CONGRESS","CHATSWORTH 1","674","11","DEMOCRATIC","0"
"53","0","LIVINGSTON","420","ROBIN KELLY","260","2ND CONGRESS","DWIGHT 4","776","11","DEMOCRATIC","29"
"53","0","LIVINGSTON","0","Blank Ballots","260","2ND CONGRESS","DWIGHT 4","776","11","DEMOCRATIC","0"
"53","0","LIVINGSTON","0","Under Votes","260","2ND CONGRESS","DWIGHT 4","776","11","DEMOCRATIC","4"
"53","0","LIVINGSTON","0","Over Votes","260","2ND CONGRESS","DWIGHT 4","776","11","DEMOCRATIC","0"
"53","0","LIVINGSTON","420","ROBIN KELLY","260","2ND CONGRESS","INDIAN GRV 2","661","11","DEMOCRATIC","15"
"53","0","LIVINGSTON","0","Blank Ballots","260","2ND CONGRESS","INDIAN GRV 2","661","11","DEMOCRATIC","0"
"53","0","LIVINGSTON","0","Under Votes","260","2ND CONGRESS","INDIAN GRV 2","661","11","DEMOCRATIC","2"
"53","0","LIVINGSTON","0","Over Votes","260","2ND CONGRESS","INDIAN GRV 2","661","11","DEMOCRATIC","0"
"53","0","LIVINGSTON","0","Blank Ballots","260","2ND CONGRESS","DWIGHT 3","625","11","DEMOCRATIC","0"
"38","0","IROQUOIS","0","Blank Ballots","260","2ND CONGRESS","LOVEJOY","241","12","REPUBLICAN","1"
"38","0","IROQUOIS","0","Over Votes","260","2ND CONGRESS","LOVEJOY","241","12","REPUBLICAN","0"
"38","0","IROQUOIS","405","SHANE CULTRA","260","2ND CONGRESS","LOVEJOY","241","12","REPUBLICAN","38"
"38","0","IROQUOIS","0","Under Votes","260","2ND CONGRESS","LOVEJOY","241","12","REPUBLICAN","0"
"38","0","IROQUOIS","415","THOMAS LYNCH","260","2ND CONGRESS","ONARGA 1","324","12","REPUBLICAN","10"
"38","0","IROQUOIS","410","ASHLEY RAMOS","260","2ND CONGRESS","ONARGA 1","324","12","REPUBLICAN","13"
"38","0","IROQUOIS","0","Blank Ballots","260","2ND CONGRESS","ONARGA 1","324","12","REPUBLICAN","0"
"38","0","IROQUOIS","0","Over Votes","260","2ND CONGRESS","ONARGA 1","324","12","REPUBLICAN","0"
"38","0","IROQUOIS","405","SHANE CULTRA","260","2ND CONGRESS","ONARGA 1","324","12","REPUBLICAN","33"
"38","0","IROQUOIS","0","Under Votes","260","2ND CONGRESS","ONARGA 1","324","12","REPUBLICAN","0"
"38","0","IROQUOIS","405","SHANE CULTRA","260","2ND CONGRESS","BEAVERVILLE","342","12","REPUBLICAN","26"
"38","0","IROQUOIS","0","Under Votes","260","2ND CONGRESS","BEAVERVILLE","342","12","REPUBLICAN","0"
"38","0","IROQUOIS","415","THOMAS LYNCH","260","2ND CONGRESS","DOUGLAS 1","789","12","REPUBLICAN","34"
"38","0","IROQUOIS","410","ASHLEY RAMOS","260","2ND CONGRESS","DOUGLAS 1","789","12","REPUBLICAN","26"
"38","0","IROQUOIS","0","Blank Ballots","260","2ND CONGRESS","DOUGLAS 1","789","12","REPUBLICAN","3"
"38","0","IROQUOIS","0","Over Votes","260","2ND CONGRESS","DOUGLAS 1","789","12","REPUBLICAN","0"
"38","0","IROQUOIS","405","SHANE CULTRA","260","2ND CONGRESS","DOUGLAS 1","789","12","REPUBLICAN","104"
"38","0","IROQUOIS","0","Under Votes","260","2ND CONGRESS","DOUGLAS 1","789","12","REPUBLICAN","0"
"38","0","IROQUOIS","415","THOMAS LYNCH","260","2ND CONGRESS","MIDDLEPORT 3","495","12","REPUBLICAN","26"
"38","0","IROQUOIS","410","ASHLEY RAMOS","260","2ND CONGRESS","MIDDLEPORT 3","495","12","REPUBLICAN","11"
"38","0","IROQUOIS","0","Blank Ballots","260","2ND CONGRESS","MIDDLEPORT 3","495","12","REPUBLICAN","8"
"38","0","IROQUOIS","0","Over Votes","260","2ND CONGRESS","MIDDLEPORT 3","495","12","REPUBLICAN","0"
"38","0","IROQUOIS","405","SHANE CULTRA","260","2ND CONGRESS","MIDDLEPORT 3","495","12","REPUBLICAN","56"
"38","0","IROQUOIS","0","Under Votes","260","2ND CONGRESS","MIDDLEPORT 3","495","12","REPUBLICAN","0"
"38","0","IROQUOIS","415","THOMAS LYNCH","260","2ND CONGRESS","PRAIRIE GREEN","123","12","REPUBLICAN","11"
"38","0","IROQUOIS","410","ASHLEY RAMOS","260","2ND CONGRESS","PRAIRIE GREEN","123","12","REPUBLICAN","0"
"38","0","IROQUOIS","0","Blank Ballots","260","2ND CONGRESS","PRAIRIE GREEN","123","12","REPUBLICAN","2"
"38","0","IROQUOIS","0","Over Votes","260","2ND CONGRESS","PRAIRIE GREEN","123","12","REPUBLICAN","0"
"38","0","IROQUOIS","405","SHANE CULTRA","260","2ND CONGRESS","PRAIRIE GREEN","123","12","REPUBLICAN","23"
"38","0","IROQUOIS","0","Under Votes","260","2ND CONGRESS","PRAIRIE GREEN","123","12","REPUBLICAN","0"
"38","0","IROQUOIS","415","THOMAS LYNCH","260","2ND CONGRESS","BEAVER","312","12","REPUBLICAN","18"
"38","0","IROQUOIS","410","ASHLEY RAMOS","260","2ND CONGRESS","BEAVER","312","12","REPUBLICAN","6"
"38","0","IROQUOIS","0","Blank Ballots","260","2ND CONGRESS","BEAVER","312","12","REPUBLICAN","7"
"38","0","IROQUOIS","0","Over Votes","260","2ND CONGRESS","BEAVER","312","12","REPUBLICAN","0"
"38","0","IROQUOIS","405","SHANE CULTRA","260","2ND CONGRESS","BEAVER","312","12","REPUBLICAN","39"
"38","0","IROQUOIS","0","Under Votes","260","2ND CONGRESS","BEAVER","312","12","REPUBLICAN","0"
"38","0","IROQUOIS","415","THOMAS LYNCH","260","2ND CONGRESS","DANFORTH","552","12","REPUBLICAN","32"
"38","0","IROQUOIS","410","ASHLEY RAMOS","260","2ND CONGRESS","DANFORTH","552","12","REPUBLICAN","22"
"38","0","IROQUOIS","0","Blank Ballots","260","2ND CONGRESS","DANFORTH","552","12","REPUBLICAN","9"
"38","0","IROQUOIS","0","Over Votes","260","2ND CONGRESS","DANFORTH","552","12","REPUBLICAN","0"
"38","0","IROQUOIS","405","SHANE CULTRA","260","2ND CONGRESS","DANFORTH","552","12","REPUBLICAN","119"
"38","0","IROQUOIS","0","Under Votes","260","2ND CONGRESS","DANFORTH","552","12","REPUBLICAN","0"
"27","0","FORD","0","Under Votes","260","2ND CONGRESS","PATTON 7","844","11","DEMOCRATIC","0"
"27","0","FORD","0","Over Votes","260","2ND CONGRESS","PATTON 7","844","11","DEMOCRATIC","0"
"27","0","FORD","0","Blank Ballots","260","2ND CONGRESS","PATTON 7","844","11","DEMOCRATIC","4"
"27","0","FORD","420","ROBIN KELLY","260","2ND CONGRESS","ROGERS","293","11","DEMOCRATIC","19"
"27","0","FORD","0","Under Votes","260","2ND CONGRESS","ROGERS","293","11","DEMOCRATIC","0"
"27","0","FORD","0","Over Votes","260","2ND CONGRESS","ROGERS","293","11","DEMOCRATIC","0"
"27","0","FORD","0","Blank Ballots","260","2ND CONGRESS","ROGERS","293","11","DEMOCRATIC","0"
"27","0","FORD","0","Under Votes","260","2ND CONGRESS","WALL","155","11","DEMOCRATIC","0"
"27","0","FORD","0","Over Votes","260","2ND CONGRESS","WALL","155","11","DEMOCRATIC","0"
"27","0","FORD","0","Blank Ballots","260","2ND CONGRESS","WALL","155","11","DEMOCRATIC","2"
"27","0","FORD","420","ROBIN KELLY","260","2ND CONGRESS","BRENTON","559","11","DEMOCRATIC","18"
"27","0","FORD","0","Under Votes","260","2ND CONGRESS","BRENTON","559","11","DEMOCRATIC","0"
"27","0","FORD","0","Over Votes","260","2ND CONGRESS","BRENTON","559","11","DEMOCRATIC","0"
"27","0","FORD","0","Blank Ballots","260","2ND CONGRESS","BRENTON","559","11","DEMOCRATIC","3"
"27","0","FORD","420","ROBIN KELLY","260","2ND CONGRESS","MONA","203","11","DEMOCRATIC","6"
"27","0","FORD","0","Under Votes","260","2ND CONGRESS","MONA","203","11","DEMOCRATIC","0"
"27","0","FORD","0","Over Votes","260","2ND CONGRESS","MONA","203","11","DEMOCRATIC","0"
"27","0","FORD","0","Blank Ballots","260","2ND CONGRESS","MONA","203","11","DEMOCRATIC","0"
"27","0","FORD","420","ROBIN KELLY","260","2ND CONGRESS","PELLA","144","11","DEMOCRATIC","1"
"27","0","FORD","0","Under Votes","260","2ND CONGRESS","PELLA","144","11","DEMOCRATIC","0"
"27","0","FORD","0","Over Votes","260","2ND CONGRESS","PELLA","144","11","DEMOCRATIC","0"
"27","0","FORD","0","Blank Ballots","260","2ND CONGRESS","PELLA","144","11","DEMOCRATIC","0"
"27","0","FORD","420","ROBIN KELLY","260","2ND CONGRESS","PATTON 3","144","11","DEMOCRATIC","1"
"27","0","FORD","0","Under Votes","260","2ND CONGRESS","PATTON 3","144","11","DEMOCRATIC","0"
"27","0","FORD","0","Over Votes","260","2ND CONGRESS","PATTON 3","144","11","DEMOCRATIC","0"
"27","0","FORD","0","Blank Ballots","260","2ND CONGRESS","PATTON 3","144","11","DEMOCRATIC","0"
"27","0","FORD","420","ROBIN KELLY","260","2ND CONGRESS","WALL","155","11","DEMOCRATIC","0"
"99","0","WILL","0","Under Votes","260","2ND CONGRESS","","0","12","REPUBLICAN","398"
"99","0","WILL","0","Over Votes","260","2ND CONGRESS","","0","12","REPUBLICAN","0"
"99","0","WILL","405","SHANE CULTRA","260","2ND CONGRESS","CRETE PCT 011","1159","12","REPUBLICAN","32"
"99","0","WILL","415","THOMAS LYNCH","260","2ND CONGRESS","CRETE PCT 011","1159","12","REPUBLICAN","69"
"99","0","WILL","410","ASHLEY RAMOS","260","2ND CONGRESS","CRETE PCT 011","1159","12","REPUBLICAN","29"
"99","0","WILL","405","SHANE CULTRA","260","2ND CONGRESS","PEOTONE PCT 001","1499","12","REPUBLICAN","37"
"99","0","WILL","415","THOMAS LYNCH","260","2ND CONGRESS","PEOTONE PCT 001","1499","12","REPUBLICAN","79"
"99","0","WILL","410","ASHLEY RAMOS","260","2ND CONGRESS","PEOTONE PCT 001","1499","12","REPUBLICAN","53"
"99","0","WILL","405","SHANE CULTRA","260","2ND CONGRESS","CRETE PCT 003","1378","12","REPUBLICAN","20"
"99","0","WILL","415","THOMAS LYNCH","260","2ND CONGRESS","CRETE PCT 003","1378","12","REPUBLICAN","40"
"99","0","WILL","410","ASHLEY RAMOS","260","2ND CONGRESS","CRETE PCT 003","1378","12","REPUBLICAN","29"
"99","0","WILL","405","SHANE CULTRA","260","2ND CONGRESS","CRETE PCT 006","1397","12","REPUBLICAN","36"
"99","0","WILL","415","THOMAS LYNCH","260","2ND CONGRESS","CRETE PCT 006","1397","12","REPUBLICAN","57"
"99","0","WILL","410","ASHLEY RAMOS","260","2ND CONGRESS","CRETE PCT 006","1397","12","REPUBLICAN","35"
"99","0","WILL","405","SHANE CULTRA","260","2ND CONGRESS","CRETE PCT 009","1293","12","REPUBLICAN","36"
"99","0","WILL","415","THOMAS LYNCH","260","2ND CONGRESS","CRETE PCT 009","1293","12","REPUBLICAN","46"
"99","0","WILL","410","ASHLEY RAMOS","260","2ND CONGRESS","CRETE PCT 009","1293","12","REPUBLICAN","41"
"46","0","KANKAKEE","0","Under Votes","260","2ND CONGRESS","SUMNER","560","11","DEMOCRATIC","1"
"46","0","KANKAKEE","0","Over Votes","260","2ND CONGRESS","SUMNER","560","11","DEMOCRATIC","0"
"46","0","KANKAKEE","0","Blank Ballots","260","2ND CONGRESS","SUMNER","560","11","DEMOCRATIC","0"
"46","0","KANKAKEE","420","ROBIN KELLY","260","2ND CONGRESS","SUMNER","560","11","DEMOCRATIC","11"
"46","0","KANKAKEE","0","Under Votes","260","2ND CONGRESS","ESSEX","991","11","DEMOCRATIC","14"
"46","0","KANKAKEE","0","Over Votes","260","2ND CONGRESS","ESSEX","991","11","DEMOCRATIC","0"
"46","0","KANKAKEE","0","Blank Ballots","260","2ND CONGRESS","ESSEX","991","11","DEMOCRATIC","0"
"46","0","KANKAKEE","420","ROBIN KELLY","260","2ND CONGRESS","ESSEX","991","11","DEMOCRATIC","50"
"46","0","KANKAKEE","0","Under Votes","260","2ND CONGRESS","OTTO 1","516","11","DEMOCRATIC","1"
"46","0","KANKAKEE","0","Over Votes","260","2ND CONGRESS","OTTO 1","516","11","DEMOCRATIC","0"
"46","0","KANKAKEE","0","Blank Ballots","260","2ND CONGRESS","OTTO 1","516","11","DEMOCRATIC","0"
"46","0","KANKAKEE","420","ROBIN KELLY","260","2ND CONGRESS","OTTO 1","516","11","DEMOCRATIC","17"
"46","0","KANKAKEE","0","Under Votes","260","2ND CONGRESS","KANKAKEE 8","1048","11","DEMOCRATIC","10"
"46","0","KANKAKEE","0","Over Votes","260","2ND CONGRESS","KANKAKEE 8","1048","11","DEMOCRATIC","0"
"46","0","KANKAKEE","0","Blank Ballots","260","2ND CONGRESS","KANKAKEE 8","1048","11","DEMOCRATIC","0"
"46","0","KANKAKEE","420","ROBIN KELLY","260","2ND CONGRESS","KANKAKEE 8","1048","11","DEMOCRATIC","111"
"46","0","KANKAKEE","0","Under Votes","260","2ND CONGRESS","BOURBONNAIS 17","571","11","DEMOCRATIC","0"
"46","0","KANKAKEE","0","Over Votes","260","2ND CONGRESS","BOURBONNAIS 17","571","11","DEMOCRATIC","0"
"46","0","KANKAKEE","0","Blank Ballots","260","2ND CONGRESS","BOURBONNAIS 17","571","11","DEMOCRATIC","0"
"46","0","KANKAKEE","420","ROBIN KELLY","260","2ND CONGRESS","BOURBONNAIS 17","571","11","DEMOCRATIC","17"
"46","0","KANKAKEE","0","Under Votes","260","2ND CONGRESS","BOURBONNAIS 10","769","11","DEMOCRATIC","0"
"46","0","KANKAKEE","0","Over Votes","260","2ND CONGRESS","BOURBONNAIS 10","769","11","DEMOCRATIC","0"
"46","0","KANKAKEE","0","Blank Ballots","260","2ND CONGRESS","BOURBONNAIS 10","769","11","DEMOCRATIC","0"
"46","0","KANKAKEE","420","ROBIN KELLY","260","2ND CONGRESS","BOURBONNAIS 10","769","11","DEMOCRATIC","10"
"46","0","KANKAKEE","0","Under Votes","260","2ND CONGRESS","BOURBONNAIS 14","1166","11","DEMOCRATIC","0"
"46","0","KANKAKEE","0","Over Votes","260","2ND CONGRESS","BOURBONNAIS 14","1166","11","DEMOCRATIC","0"
"46","0","KANKAKEE","0","Blank Ballots","260","2ND CONGRESS","BOURBONNAIS 14","1166","11","DEMOCRATIC","0"
"46","0","KANKAKEE","420","ROBIN KELLY","260","2ND CONGRESS","BOURBONNAIS 14","1166","11","DEMOCRATIC","8"
"46","0","KANKAKEE","0","Under Votes","260","2ND CONGRESS","GANEER 3","804","11","DEMOCRATIC","0"
"46","0","KANKAKEE","0","Over Votes","260","2ND CONGRESS","GANEER 3","804","11","DEMOCRATIC","0"
"46","0","KANKAKEE","0","Blank Ballots","260","2ND CONGRESS","GANEER 3","804","11","DEMOCRATIC","0"
"46","0","KANKAKEE","420","ROBIN KELLY","260","2ND CONGRESS","GANEER 3","804","11","DEMOCRATIC","22"
"46","0","KANKAKEE","0","Under Votes","260","2ND CONGRESS","AROMA 2","1255","11","DEMOCRATIC","3"
"46","0","KANKAKEE","0","Over Votes","260","2ND CONGRESS","AROMA 2","1255","11","DEMOCRATIC","0"
"46","0","KANKAKEE","0","Blank Ballots","260","2ND CONGRESS","AROMA 2","1255","11","DEMOCRATIC","0"
"46","0","KANKAKEE","420","ROBIN KELLY","260","2ND CONGRESS","AROMA 2","1255","11","DEMOCRATIC","57"
"46","0","KANKAKEE","0","Under Votes","260","2ND CONGRESS","KANKAKEE 2","1511","11","DEMOCRATIC","6"
"46","0","KANKAKEE","0","Over Votes","260","2ND CONGRESS","KANKAKEE 2","1511","11","DEMOCRATIC","0"
"46","0","KANKAKEE","0","Blank Ballots","260","2ND CONGRESS","KANKAKEE 2","1511","11","DEMOCRATIC","0"
"46","0","KANKAKEE","420","ROBIN KELLY","260","2ND CONGRESS","KANKAKEE 2","1511","11","DEMOCRATIC","161"
"46","0","KANKAKEE","0","Under Votes","260","2ND CONGRESS","BOURBONNAIS 4","1480","11","DEMOCRATIC","4"
"46","0","KANKAKEE","0","Over Votes","260","2ND CONGRESS","BOURBONNAIS 4","1480","11","DEMOCRATIC","0"
"46","0","KANKAKEE","0","Blank Ballots","260","2ND CONGRESS","BOURBONNAIS 4","1480","11","DEMOCRATIC","0"
"46","0","KANKAKEE","405","SHANE CULTRA","260","2ND CONGRESS","LIMESTONE 3","1323","12","REPUBLICAN","73"
"46","0","KANKAKEE","0","Over Votes","260","2ND CONGRESS","LIMESTONE 3","1323","12","REPUBLICAN","0"
"46","0","KANKAKEE","0","Blank Ballots","260","2ND CONGRESS","LIMESTONE 3","1323","12","REPUBLICAN","0"
"46","0","KANKAKEE","0","Under Votes","260","2ND CONGRESS","LIMESTONE 3","1323","12","REPUBLICAN","25"
"46","0","KANKAKEE","410","ASHLEY RAMOS","260","2ND CONGRESS","LIMESTONE 3","1323","12","REPUBLICAN","69"
"46","0","KANKAKEE","415","THOMAS LYNCH","260","2ND CONGRESS","LIMESTONE 3","1323","12","REPUBLICAN","100"
"46","0","KANKAKEE","0","Over Votes","260","2ND CONGRESS","AROMA 1","935","12","REPUBLICAN","0"
"46","0","KANKAKEE","0","Blank Ballots","260","2ND CONGRESS","AROMA 1","935","12","REPUBLICAN","0"
"46","0","KANKAKEE","0","Under Votes","260","2ND CONGRESS","AROMA 1","935","12","REPUBLICAN","6"
"46","0","KANKAKEE","410","ASHLEY RAMOS","260","2ND CONGRESS","AROMA 1","935","12","REPUBLICAN","28"
"46","0","KANKAKEE","415","THOMAS LYNCH","260","2ND CONGRESS","AROMA 1","935","12","REPUBLICAN","32"
"46","0","KANKAKEE","405","SHANE CULTRA","260","2ND CONGRESS","AROMA 1","935","12","REPUBLICAN","18"
"46","0","KANKAKEE","405","SHANE CULTRA","260","2ND CONGRESS","KANKAKEE 1","862","12","REPUBLICAN","11"
"46","0","KANKAKEE","0","Over Votes","260","2ND CONGRESS","KANKAKEE 1","862","12","REPUBLICAN","0"
"46","0","KANKAKEE","0","Blank Ballots","260","2ND CONGRESS","KANKAKEE 1","862","12","REPUBLICAN","0"
"46","0","KANKAKEE","0","Under Votes","260","2ND CONGRESS","KANKAKEE 1","862","12","REPUBLICAN","8"
"46","0","KANKAKEE","410","ASHLEY RAMOS","260","2ND CONGRESS","KANKAKEE 1","862","12","REPUBLICAN","21"
"46","0","KANKAKEE","415","THOMAS LYNCH","260","2ND CONGRESS","KANKAKEE 1","862","12","REPUBLICAN","15"
"46","0","KANKAKEE","0","Over Votes","260","2ND CONGRESS","KANKAKEE 5","1613","12","REPUBLICAN","0"
"46","0","KANKAKEE","0","Blank Ballots","260","2ND CONGRESS","KANKAKEE 5","1613","12","REPUBLICAN","0"
"46","0","KANKAKEE","0","Under Votes","260","2ND CONGRESS","KANKAKEE 5","1613","12","REPUBLICAN","22"
"46","0","KANKAKEE","410","ASHLEY RAMOS","260","2ND CONGRESS","KANKAKEE 5","1613","12","REPUBLICAN","57"
"46","0","KANKAKEE","415","THOMAS LYNCH","260","2ND CONGRESS","KANKAKEE 5","1613","12","REPUBLICAN","78"
"46","0","KANKAKEE","405","SHANE CULTRA","260","2ND CONGRESS","KANKAKEE 5","1613","12","REPUBLICAN","54"
"46","0","KANKAKEE","405","SHANE CULTRA","260","2ND CONGRESS","YELLOWHEAD 1","811","12","REPUBLICAN","38"
"46","0","KANKAKEE","0","Over Votes","260","2ND CONGRESS","YELLOWHEAD 1","811","12","REPUBLICAN","0"
"46","0","KANKAKEE","0","Blank Ballots","260","2ND CONGRESS","YELLOWHEAD 1","811","12","REPUBLICAN","0"
"46","0","KANKAKEE","0","Under Votes","260","2ND CONGRESS","YELLOWHEAD 1","811","12","REPUBLICAN","19"
"46","0","KANKAKEE","410","ASHLEY RAMOS","260","2ND CONGRESS","YELLOWHEAD 1","811","12","REPUBLICAN","46"
"46","0","KANKAKEE","415","THOMAS LYNCH","260","2ND CONGRESS","YELLOWHEAD 1","811","12","REPUBLICAN","69"
"46","0","KANKAKEE","0","Over Votes","260","2ND CONGRESS","MOMENCE 2","757","12","REPUBLICAN","0"
"46","0","KANKAKEE","0","Blank Ballots","260","2ND CONGRESS","MOMENCE 2","757","12","REPUBLICAN","0"
"46","0","KANKAKEE","0","Under Votes","260","2ND CONGRESS","MOMENCE 2","757","12","REPUBLICAN","14"
"46","0","KANKAKEE","410","ASHLEY RAMOS","260","2ND CONGRESS","MOMENCE 2","757","12","REPUBLICAN","26"
"46","0","KANKAKEE","415","THOMAS LYNCH","260","2ND CONGRESS","MOMENCE 2","757","12","REPUBLICAN","41"
"46","0","KANKAKEE","405","SHANE CULTRA","260","2ND CONGRESS","MOMENCE 2","757","12","REPUBLICAN","21"
"46","0","KANKAKEE","405","SHANE CULTRA","260","2ND CONGRESS","LIMESTONE 4","852","12","REPUBLICAN","37"
"46","0","KANKAKEE","0","Over Votes","260","2ND CONGRESS","LIMESTONE 4","852","12","REPUBLICAN","0"
"46","0","KANKAKEE","0","Blank Ballots","260","2ND CONGRESS","LIMESTONE 4","852","12","REPUBLICAN","0"
"46","0","KANKAKEE","0","Under Votes","260","2ND CONGRESS","LIMESTONE 4","852","12","REPUBLICAN","31"
"46","0","KANKAKEE","410","ASHLEY RAMOS","260","2ND CONGRESS","LIMESTONE 4","852","12","REPUBLICAN","33"
"46","0","KANKAKEE","415","THOMAS LYNCH","260","2ND CONGRESS","LIMESTONE 4","852","12","REPUBLICAN","61"
"38","0","IROQUOIS","0","Blank Ballots","260","2ND CONGRESS","MILKS GROVE","140","11","DEMOCRATIC","0"
"38","0","IROQUOIS","0","Over Votes","260","2ND CONGRESS","MILKS GROVE","140","11","DEMOCRATIC","0"
"38","0","IROQUOIS","420","ROBIN KELLY","260","2ND CONGRESS","ONARGA 2","524","11","DEMOCRATIC","10"
"38","0","IROQUOIS","0","Under Votes","260","2ND CONGRESS","ONARGA 2","524","11","DEMOCRATIC","0"
"38","0","IROQUOIS","0","Over Votes","260","2ND CONGRESS","ONARGA 2","524","11","DEMOCRATIC","0"
"38","0","IROQUOIS","0","Blank Ballots","260","2ND CONGRESS","ONARGA 2","524","11","DEMOCRATIC","0"
"38","0","IROQUOIS","420","ROBIN KELLY","260","2ND CONGRESS","STOCKLAND","153","11","DEMOCRATIC","5"
"38","0","IROQUOIS","0","Under Votes","260","2ND CONGRESS","STOCKLAND","153","11","DEMOCRATIC","0"
"38","0","IROQUOIS","0","Blank Ballots","260","2ND CONGRESS","STOCKLAND","153","11","DEMOCRATIC","0"
"38","0","IROQUOIS","0","Over Votes","260","2ND CONGRESS","STOCKLAND","153","11","DEMOCRATIC","0"
"38","0","IROQUOIS","420","ROBIN KELLY","260","2ND CONGRESS","BEAVERVILLE","342","11","DEMOCRATIC","9"
"38","0","IROQUOIS","0","Under Votes","260","2ND CONGRESS","BEAVERVILLE","342","11","DEMOCRATIC","0"
"38","0","IROQUOIS","0","Blank Ballots","260","2ND CONGRESS","BEAVERVILLE","342","11","DEMOCRATIC","0"
"38","0","IROQUOIS","0","Over Votes","260","2ND CONGRESS","BEAVERVILLE","342","11","DEMOCRATIC","0"
"38","0","IROQUOIS","420","ROBIN KELLY","260","2ND CONGRESS","DOUGLAS 1","789","11","DEMOCRATIC","17"
"38","0","IROQUOIS","0","Under Votes","260","2ND CONGRESS","DOUGLAS 1","789","11","DEMOCRATIC","0"
"38","0","IROQUOIS","0","Blank Ballots","260","2ND CONGRESS","DOUGLAS 1","789","11","DEMOCRATIC","0"
"38","0","IROQUOIS","0","Over Votes","260","2ND CONGRESS","DOUGLAS 1","789","11","DEMOCRATIC","0"
"38","0","IROQUOIS","420","ROBIN KELLY","260","2ND CONGRESS","MIDDLEPORT 3","495","11","DEMOCRATIC","8"
"38","0","IROQUOIS","0","Under Votes","260","2ND CONGRESS","MIDDLEPORT 3","495","11","DEMOCRATIC","0"
"38","0","IROQUOIS","0","Blank Ballots","260","2ND CONGRESS","MIDDLEPORT 3","495","11","DEMOCRATIC","0"
"38","0","IROQUOIS","0","Over Votes","260","2ND CONGRESS","MIDDLEPORT 3","495","11","DEMOCRATIC","0"
"38","0","IROQUOIS","420","ROBIN KELLY","260","2ND CONGRESS","PRAIRIE GREEN","123","11","DEMOCRATIC","6"
"38","0","IROQUOIS","0","Under Votes","260","2ND CONGRESS","PRAIRIE GREEN","123","11","DEMOCRATIC","0"
"38","0","IROQUOIS","0","Blank Ballots","260","2ND CONGRESS","PRAIRIE GREEN","123","11","DEMOCRATIC","1"
"38","0","IROQUOIS","0","Over Votes","260","2ND CONGRESS","PRAIRIE GREEN","123","11","DEMOCRATIC","0"
"38","0","IROQUOIS","420","ROBIN KELLY","260","2ND CONGRESS","ARTESIA","604","11","DEMOCRATIC","9"
"38","0","IROQUOIS","0","Under Votes","260","2ND CONGRESS","ARTESIA","604","11","DEMOCRATIC","0"
"38","0","IROQUOIS","0","Blank Ballots","260","2ND CONGRESS","ARTESIA","604","11","DEMOCRATIC","1"
"38","0","IROQUOIS","0","Over Votes","260","2ND CONGRESS","ARTESIA","604","11","DEMOCRATIC","0"
"38","0","IROQUOIS","420","ROBIN KELLY","260","2ND CONGRESS","BELMONT 2","800","11","DEMOCRATIC","17"
"38","0","IROQUOIS","0","Under Votes","260","2ND CONGRESS","BELMONT 2","800","11","DEMOCRATIC","0"
"38","0","IROQUOIS","0","Blank Ballots","260","2ND CONGRESS","BELMONT 2","800","11","DEMOCRATIC","2"
"38","0","IROQUOIS","0","Over Votes","260","2ND CONGRESS","BELMONT 2","800","11","DEMOCRATIC","0"
"38","0","IROQUOIS","420","ROBIN KELLY","260","2ND CONGRESS","FOUNTAIN CREEK","207","11","DEMOCRATIC","1"
"38","0","IROQUOIS","0","Under Votes","260","2ND CONGRESS","FOUNTAIN CREEK","207","11","DEMOCRATIC","0"
"38","0","IROQUOIS","0","Blank Ballots","260","2ND CONGRESS","FOUNTAIN CREEK","207","11","DEMOCRATIC","0"
"38","0","IROQUOIS","0","Over Votes","260","2ND CONGRESS","FOUNTAIN CREEK","207","11","DEMOCRATIC","0"
"38","0","IROQUOIS","420","ROBIN KELLY","260","2ND CONGRESS","MILFORD 1","633","11","DEMOCRATIC","7"
"38","0","IROQUOIS","0","Under Votes","260","2ND CONGRESS","MILFORD 1","633","11","DEMOCRATIC","0"
"38","0","IROQUOIS","0","Blank Ballots","260","2ND CONGRESS","MILFORD 1","633","11","DEMOCRATIC","0"
"38","0","IROQUOIS","0","Over Votes","260","2ND CONGRESS","MILFORD 1","633","11","DEMOCRATIC","0"
"38","0","IROQUOIS","420","ROBIN KELLY","260","2ND CONGRESS","SHELDON 1","404","11","DEMOCRATIC","12"
"92","0","VERMILION","0","Under Votes","260","2ND CONGRESS","VANCE","669","12","REPUBLICAN","0"
"92","0","VERMILION","0","Blank Ballots","260","2ND CONGRESS","VANCE","669","12","REPUBLICAN","0"
"92","0","VERMILION","410","ASHLEY RAMOS","260","2ND CONGRESS","BLOUNT 2","721","12","REPUBLICAN","32"
"92","0","VERMILION","405","SHANE CULTRA","260","2ND CONGRESS","BLOUNT 2","721","12","REPUBLICAN","47"
"92","0","VERMILION","0","Over Votes","260","2ND CONGRESS","BLOUNT 2","721","12","REPUBLICAN","0"
"92","0","VERMILION","415","THOMAS LYNCH","260","2ND CONGRESS","BLOUNT 2","721","12","REPUBLICAN","61"
"92","0","VERMILION","0","Under Votes","260","2ND CONGRESS","BLOUNT 2","721","12","REPUBLICAN","11"
"92","0","VERMILION","0","Blank Ballots","260","2ND CONGRESS","BLOUNT 2","721","12","REPUBLICAN","0"
"92","0","VERMILION","410","ASHLEY RAMOS","260","2ND CONGRESS","DANVILLE 2","912","12","REPUBLICAN","24"
"92","0","VERMILION","405","SHANE CULTRA","260","2ND CONGRESS","DANVILLE 2","912","12","REPUBLICAN","17"
"92","0","VERMILION","0","Over Votes","260","2ND CONGRESS","DANVILLE 2","912","12","REPUBLICAN","0"
"92","0","VERMILION","415","THOMAS LYNCH","260","2ND CONGRESS","DANVILLE 2","912","12","REPUBLICAN","55"
"92","0","VERMILION","0","Under Votes","260","2ND CONGRESS","DANVILLE 2","912","12","REPUBLICAN","9"
"92","0","VERMILION","0","Blank Ballots","260","2ND CONGRESS","DANVILLE 2","912","12","REPUBLICAN","0"
"92","0","VERMILION","0","Over Votes","260","2ND CONGRESS","SOUTH ROSS","598","12","REPUBLICAN","0"
"92","0","VERMILION","415","THOMAS LYNCH","260","2ND CONGRESS","SOUTH ROSS","598","12","REPUBLICAN","46"
"92","0","VERMILION","0","Under Votes","260","2ND CONGRESS","SOUTH ROSS","598","12","REPUBLICAN","12"
"92","0","VERMILION","0","Blank Ballots","260","2ND CONGRESS","SOUTH ROSS","598","12","REPUBLICAN","0"
"92","0","VERMILION","410","ASHLEY RAMOS","260","2ND CONGRESS","BLOUNT 1","746","12","REPUBLICAN","30"
"92","0","VERMILION","405","SHANE CULTRA","260","2ND CONGRESS","BLOUNT 1","746","12","REPUBLICAN","36"
"92","0","VERMILION","0","Over Votes","260","2ND CONGRESS","BLOUNT 1","746","12","REPUBLICAN","0"
"92","0","VERMILION","415","THOMAS LYNCH","260","2ND CONGRESS","BLOUNT 1","746","12","REPUBLICAN","51"
"92","0","VERMILION","0","Under Votes","260","2ND CONGRESS","BLOUNT 1","746","12","REPUBLICAN","16"
"92","0","VERMILION","0","Blank Ballots","260","2ND CONGRESS","BLOUNT 1","746","12","REPUBLICAN","0"
"92","0","VERMILION","410","ASHLEY RAMOS","260","2ND CONGRESS","DANVILLE 6","918","12","REPUBLICAN","31"
"92","0","VERMILION","405","SHANE CULTRA","260","2ND CONGRESS","DANVILLE 6","918","12","REPUBLICAN","25"
"92","0","VERMILION","0","Over Votes","260","2ND CONGRESS","DANVILLE 6","918","12","REPUBLICAN","0"
"92","0","VERMILION","415","THOMAS LYNCH","260","2ND CONGRESS","DANVILLE 6","918","12","REPUBLICAN","49"
"92","0","VERMILION","0","Under Votes","260","2ND CONGRESS","DANVILLE 6","918","12","REPUBLICAN","13"
"92","0","VERMILION","0","Blank Ballots","260","2ND CONGRESS","DANVILLE 6","918","12","REPUBLICAN","0"
"92","0","VERMILION","410","ASHLEY RAMOS","260","2ND CONGRESS","GRANT 2","1016","12","REPUBLICAN","34"
"92","0","VERMILION","405","SHANE CULTRA","260","2ND CONGRESS","GRANT 2","1016","12","REPUBLICAN","84"
"92","0","VERMILION","0","Over Votes","260","2ND CONGRESS","GRANT 2","1016","12","REPUBLICAN","0"
"92","0","VERMILION","415","THOMAS LYNCH","260","2ND CONGRESS","GRANT 2","1016","12","REPUBLICAN","30"
"92","0","VERMILION","0","Under Votes","260","2ND CONGRESS","GRANT 2","1016","12","REPUBLICAN","18"
"92","0","VERMILION","0","Blank Ballots","260","2ND CONGRESS","GRANT 2","1016","12","REPUBLICAN","0"
"92","0","VERMILION","410","ASHLEY RAMOS","260","2ND CONGRESS","MCKENDREE","495","12","REPUBLICAN","0"
"92","0","VERMILION","405","SHANE CULTRA","260","2ND CONGRESS","MCKENDREE","495","12","REPUBLICAN","0"
"92","0","VERMILION","0","Over Votes","260","2ND CONGRESS","MCKENDREE","495","12","REPUBLICAN","0"
"92","0","VERMILION","415","THOMAS LYNCH","260","2ND CONGRESS","MCKENDREE","495","12","REPUBLICAN","0"
"92","0","VERMILION","0","Under Votes","260","2ND CONGRESS","MCKENDREE","495","12","REPUBLICAN","0"
"92","0","VERMILION","0","Blank Ballots","260","2ND CONGRESS","MCKENDREE","495","12","REPUBLICAN","0"
"92","0","VERMILION","410","ASHLEY RAMOS","260","2ND CONGRESS","OAKWOOD 5","577","12","REPUBLICAN","28"
"53","0","LIVINGSTON","0","Under Votes","260","2ND CONGRESS","DWIGHT 3","625","11","DEMOCRATIC","2"
"53","0","LIVINGSTON","0","Over Votes","260","2ND CONGRESS","DWIGHT 3","625","11","DEMOCRATIC","0"
"53","0","LIVINGSTON","420","ROBIN KELLY","260","2ND CONGRESS","INDIAN GRV 1","726","11","DEMOCRATIC","13"
"53","0","LIVINGSTON","0","Blank Ballots","260","2ND CONGRESS","INDIAN GRV 1","726","11","DEMOCRATIC","0"
"53","0","LIVINGSTON","0","Under Votes","260","2ND CONGRESS","INDIAN GRV 1","726","11","DEMOCRATIC","2"
"53","0","LIVINGSTON","0","Over Votes","260","2ND CONGRESS","INDIAN GRV 1","726","11","DEMOCRATIC","0"
"53","0","LIVINGSTON","420","ROBIN KELLY","260","2ND CONGRESS","PLEASANT RIDGE","140","11","DEMOCRATIC","0"
"53","0","LIVINGSTON","0","Blank Ballots","260","2ND CONGRESS","PLEASANT RIDGE","140","11","DEMOCRATIC","0"
"53","0","LIVINGSTON","0","Under Votes","260","2ND CONGRESS","PLEASANT RIDGE","140","11","DEMOCRATIC","0"
"53","0","LIVINGSTON","0","Over Votes","260","2ND CONGRESS","PLEASANT RIDGE","140","11","DEMOCRATIC","0"
"53","0","LIVINGSTON","0","Over Votes","260","2ND CONGRESS","ODELL 1","843","11","DEMOCRATIC","0"
"53","0","LIVINGSTON","420","ROBIN KELLY","260","2ND CONGRESS","ODELL 1","843","11","DEMOCRATIC","32"
"53","0","LIVINGSTON","0","Blank Ballots","260","2ND CONGRESS","ODELL 1","843","11","DEMOCRATIC","0"
"53","0","LIVINGSTON","0","Under Votes","260","2ND CONGRESS","ODELL 1","843","11","DEMOCRATIC","2"
"53","0","LIVINGSTON","420","ROBIN KELLY","260","2ND CONGRESS","PONTIAC 5","656","11","DEMOCRATIC","28"
"53","0","LIVINGSTON","0","Blank Ballots","260","2ND CONGRESS","PONTIAC 5","656","11","DEMOCRATIC","0"
"53","0","LIVINGSTON","0","Under Votes","260","2ND CONGRESS","PONTIAC 5","656","11","DEMOCRATIC","2"
"53","0","LIVINGSTON","0","Over Votes","260","2ND CONGRESS","PONTIAC 5","656","11","DEMOCRATIC","0"
"53","0","LIVINGSTON","420","ROBIN KELLY","260","2ND CONGRESS","BELLE PRAIRIE","86","11","DEMOCRATIC","2"
"53","0","LIVINGSTON","0","Blank Ballots","260","2ND CONGRESS","BELLE PRAIRIE","86","11","DEMOCRATIC","0"
"53","0","LIVINGSTON","0","Under Votes","260","2ND CONGRESS","BELLE PRAIRIE","86","11","DEMOCRATIC","0"
"53","0","LIVINGSTON","0","Over Votes","260","2ND CONGRESS","BELLE PRAIRIE","86","11","DEMOCRATIC","0"
"53","0","LIVINGSTON","420","ROBIN KELLY","260","2ND CONGRESS","FORREST 1","832","11","DEMOCRATIC","12"
"53","0","LIVINGSTON","0","Blank Ballots","260","2ND CONGRESS","FORREST 1","832","11","DEMOCRATIC","0"
"53","0","LIVINGSTON","0","Under Votes","260","2ND CONGRESS","FORREST 1","832","11","DEMOCRATIC","3"
"53","0","LIVINGSTON","0","Over Votes","260","2ND CONGRESS","FORREST 1","832","11","DEMOCRATIC","0"
"53","0","LIVINGSTON","420","ROBIN KELLY","260","2ND CONGRESS","PONTIAC 1","511","11","DEMOCRATIC","19"
"53","0","LIVINGSTON","0","Blank Ballots","260","2ND CONGRESS","PONTIAC 1","511","11","DEMOCRATIC","0"
"53","0","LIVINGSTON","0","Under Votes","260","2ND CONGRESS","PONTIAC 1","511","11","DEMOCRATIC","2"
"53","0","LIVINGSTON","0","Over Votes","260","2ND CONGRESS","PONTIAC 1","511","11","DEMOCRATIC","0"
"53","0","LIVINGSTON","420","ROBIN KELLY","260","2ND CONGRESS","PONTIAC 10","700","11","DEMOCRATIC","10"
"53","0","LIVINGSTON","0","Blank Ballots","260","2ND CONGRESS","PONTIAC 10","700","11","DEMOCRATIC","0"
"53","0","LIVINGSTON","0","Under Votes","260","2ND CONGRESS","PONTIAC 10","700","11","DEMOCRATIC","0"
"53","0","LIVINGSTON","0","Over Votes","260","2ND CONGRESS","PONTIAC 10","700","11","DEMOCRATIC","0"
"53","0","LIVINGSTON","0","Over Votes","260","2ND CONGRESS","ROUND GROVE","243","11","DEMOCRATIC","0"
"53","0","LIVINGSTON","420","ROBIN KELLY","260","2ND CONGRESS","ROUND GROVE","243","11","DEMOCRATIC","10"
"53","0","LIVINGSTON","0","Blank Ballots","260","2ND CONGRESS","ROUND GROVE","243","11","DEMOCRATIC","0"
"53","0","LIVINGSTON","0","Under Votes","260","2ND CONGRESS","ROUND GROVE","243","11","DEMOCRATIC","1"
"53","0","LIVINGSTON","420","ROBIN KELLY","260","2ND CONGRESS","CHARLOTTE","97","11","DEMOCRATIC","1"
"53","0","LIVINGSTON","0","Blank Ballots","260","2ND CONGRESS","CHARLOTTE","97","11","DEMOCRATIC","0"
"53","0","LIVINGSTON","0","Under Votes","260","2ND CONGRESS","CHARLOTTE","97","11","DEMOCRATIC","0"
"53","0","LIVINGSTON","0","Over Votes","260","2ND CONGRESS","CHARLOTTE","97","11","DEMOCRATIC","0"
"38","0","IROQUOIS","415","THOMAS LYNCH","260","2ND CONGRESS","MIDDLEPORT 2","843","12","REPUBLICAN","26"
"38","0","IROQUOIS","410","ASHLEY RAMOS","260","2ND CONGRESS","MIDDLEPORT 2","843","12","REPUBLICAN","20"
"38","0","IROQUOIS","0","Blank Ballots","260","2ND CONGRESS","MIDDLEPORT 2","843","12","REPUBLICAN","13"
"38","0","IROQUOIS","0","Over Votes","260","2ND CONGRESS","MIDDLEPORT 2","843","12","REPUBLICAN","0"
"38","0","IROQUOIS","405","SHANE CULTRA","260","2ND CONGRESS","MIDDLEPORT 2","843","12","REPUBLICAN","65"
"38","0","IROQUOIS","0","Under Votes","260","2ND CONGRESS","MIDDLEPORT 2","843","12","REPUBLICAN","0"
"38","0","IROQUOIS","415","THOMAS LYNCH","260","2ND CONGRESS","PIGEON GROVE","765","12","REPUBLICAN","159"
"38","0","IROQUOIS","410","ASHLEY RAMOS","260","2ND CONGRESS","PIGEON GROVE","765","12","REPUBLICAN","16"
"38","0","IROQUOIS","0","Blank Ballots","260","2ND CONGRESS","PIGEON GROVE","765","12","REPUBLICAN","4"
"38","0","IROQUOIS","0","Over Votes","260","2ND CONGRESS","PIGEON GROVE","765","12","REPUBLICAN","0"
"38","0","IROQUOIS","405","SHANE CULTRA","260","2ND CONGRESS","PIGEON GROVE","765","12","REPUBLICAN","90"
"38","0","IROQUOIS","0","Under Votes","260","2ND CONGRESS","PIGEON GROVE","765","12","REPUBLICAN","0"
"38","0","IROQUOIS","415","THOMAS LYNCH","260","2ND CONGRESS","BELMONT 1","237","12","REPUBLICAN","27"
"38","0","IROQUOIS","410","ASHLEY RAMOS","260","2ND CONGRESS","BELMONT 1","237","12","REPUBLICAN","12"
"38","0","IROQUOIS","0","Blank Ballots","260","2ND CONGRESS","BELMONT 1","237","12","REPUBLICAN","0"
"38","0","IROQUOIS","0","Over Votes","260","2ND CONGRESS","BELMONT 1","237","12","REPUBLICAN","0"
"38","0","IROQUOIS","405","SHANE CULTRA","260","2ND CONGRESS","BELMONT 1","237","12","REPUBLICAN","32"
"38","0","IROQUOIS","0","Under Votes","260","2ND CONGRESS","BELMONT 1","237","12","REPUBLICAN","0"
"38","0","IROQUOIS","415","THOMAS LYNCH","260","2ND CONGRESS","DOUGLAS 2","483","12","REPUBLICAN","28"
"38","0","IROQUOIS","410","ASHLEY RAMOS","260","2ND CONGRESS","DOUGLAS 2","483","12","REPUBLICAN","15"
"38","0","IROQUOIS","0","Blank Ballots","260","2ND CONGRESS","DOUGLAS 2","483","12","REPUBLICAN","9"
"38","0","IROQUOIS","0","Over Votes","260","2ND CONGRESS","DOUGLAS 2","483","12","REPUBLICAN","0"
"38","0","IROQUOIS","405","SHANE CULTRA","260","2ND CONGRESS","DOUGLAS 2","483","12","REPUBLICAN","79"
"38","0","IROQUOIS","0","Under Votes","260","2ND CONGRESS","DOUGLAS 2","483","12","REPUBLICAN","0"
"38","0","IROQUOIS","415","THOMAS LYNCH","260","2ND CONGRESS","MIDDLEPORT 4","362","12","REPUBLICAN","14"
"38","0","IROQUOIS","410","ASHLEY RAMOS","260","2ND CONGRESS","MIDDLEPORT 4","362","12","REPUBLICAN","8"
"38","0","IROQUOIS","0","Blank Ballots","260","2ND CONGRESS","MIDDLEPORT 4","362","12","REPUBLICAN","4"
"38","0","IROQUOIS","0","Over Votes","260","2ND CONGRESS","MIDDLEPORT 4","362","12","REPUBLICAN","0"
"38","0","IROQUOIS","405","SHANE CULTRA","260","2ND CONGRESS","MIDDLEPORT 4","362","12","REPUBLICAN","50"
"38","0","IROQUOIS","0","Under Votes","260","2ND CONGRESS","MIDDLEPORT 4","362","12","REPUBLICAN","0"
"38","0","IROQUOIS","415","THOMAS LYNCH","260","2ND CONGRESS","RIDGELAND","207","12","REPUBLICAN","12"
"38","0","IROQUOIS","410","ASHLEY RAMOS","260","2ND CONGRESS","RIDGELAND","207","12","REPUBLICAN","6"
"38","0","IROQUOIS","0","Blank Ballots","260","2ND CONGRESS","RIDGELAND","207","12","REPUBLICAN","0"
"38","0","IROQUOIS","0","Over Votes","260","2ND CONGRESS","RIDGELAND","207","12","REPUBLICAN","0"
"38","0","IROQUOIS","405","SHANE CULTRA","260","2ND CONGRESS","RIDGELAND","207","12","REPUBLICAN","34"
"38","0","IROQUOIS","0","Under Votes","260","2ND CONGRESS","RIDGELAND","207","12","REPUBLICAN","0"
"38","0","IROQUOIS","0","Blank Ballots","260","2ND CONGRESS","ASHKUM 1","681","12","REPUBLICAN","9"
"38","0","IROQUOIS","405","SHANE CULTRA","260","2ND CONGRESS","ASHKUM 1","681","12","REPUBLICAN","108"
"38","0","IROQUOIS","0","Under Votes","260","2ND CONGRESS","ASHKUM 1","681","12","REPUBLICAN","0"
"38","0","IROQUOIS","415","THOMAS LYNCH","260","2ND CONGRESS","CHEBANSE 1","1081","12","REPUBLICAN","67"
"38","0","IROQUOIS","410","ASHLEY RAMOS","260","2ND CONGRESS","CHEBANSE 1","1081","12","REPUBLICAN","57"
"38","0","IROQUOIS","0","Blank Ballots","260","2ND CONGRESS","CHEBANSE 1","1081","12","REPUBLICAN","19"
"99","0","WILL","405","SHANE CULTRA","260","2ND CONGRESS","CRETE PCT 012","1136","12","REPUBLICAN","34"
"99","0","WILL","415","THOMAS LYNCH","260","2ND CONGRESS","CRETE PCT 012","1136","12","REPUBLICAN","57"
"99","0","WILL","410","ASHLEY RAMOS","260","2ND CONGRESS","CRETE PCT 012","1136","12","REPUBLICAN","27"
"99","0","WILL","405","SHANE CULTRA","260","2ND CONGRESS","CRETE PCT 007","1360","12","REPUBLICAN","30"
"99","0","WILL","415","THOMAS LYNCH","260","2ND CONGRESS","CRETE PCT 007","1360","12","REPUBLICAN","39"
"99","0","WILL","410","ASHLEY RAMOS","260","2ND CONGRESS","CRETE PCT 007","1360","12","REPUBLICAN","20"
"99","0","WILL","405","SHANE CULTRA","260","2ND CONGRESS","CRETE PCT 010","1069","12","REPUBLICAN","21"
"99","0","WILL","415","THOMAS LYNCH","260","2ND CONGRESS","CRETE PCT 010","1069","12","REPUBLICAN","47"
"99","0","WILL","410","ASHLEY RAMOS","260","2ND CONGRESS","CRETE PCT 010","1069","12","REPUBLICAN","21"
"99","0","WILL","405","SHANE CULTRA","260","2ND CONGRESS","MONEE PCT 001","1196","12","REPUBLICAN","6"
"99","0","WILL","415","THOMAS LYNCH","260","2ND CONGRESS","MONEE PCT 001","1196","12","REPUBLICAN","29"
"99","0","WILL","410","ASHLEY RAMOS","260","2ND CONGRESS","MONEE PCT 001","1196","12","REPUBLICAN","16"
"99","0","WILL","405","SHANE CULTRA","260","2ND CONGRESS","MONEE PCT 004","1530","12","REPUBLICAN","15"
"99","0","WILL","415","THOMAS LYNCH","260","2ND CONGRESS","MONEE PCT 004","1530","12","REPUBLICAN","65"
"99","0","WILL","410","ASHLEY RAMOS","260","2ND CONGRESS","MONEE PCT 004","1530","12","REPUBLICAN","47"
"99","0","WILL","405","SHANE CULTRA","260","2ND CONGRESS","PEOTONE PCT 002","1571","12","REPUBLICAN","40"
"99","0","WILL","415","THOMAS LYNCH","260","2ND CONGRESS","PEOTONE PCT 002","1571","12","REPUBLICAN","112"
"99","0","WILL","410","ASHLEY RAMOS","260","2ND CONGRESS","PEOTONE PCT 002","1571","12","REPUBLICAN","79"
"99","0","WILL","405","SHANE CULTRA","260","2ND CONGRESS","WASHINGTON PCT 001","1380","12","REPUBLICAN","44"
"99","0","WILL","415","THOMAS LYNCH","260","2ND CONGRESS","WASHINGTON PCT 001","1380","12","REPUBLICAN","98"
"99","0","WILL","410","ASHLEY RAMOS","260","2ND CONGRESS","WASHINGTON PCT 001","1380","12","REPUBLICAN","52"
"99","0","WILL","405","SHANE CULTRA","260","2ND CONGRESS","MONEE PCT 003","1470","12","REPUBLICAN","26"
"99","0","WILL","415","THOMAS LYNCH","260","2ND CONGRESS","MONEE PCT 003","1470","12","REPUBLICAN","48"
"99","0","WILL","410","ASHLEY RAMOS","260","2ND CONGRESS","MONEE PCT 003","1470","12","REPUBLICAN","44"
"99","0","WILL","405","SHANE CULTRA","260","2ND CONGRESS","MONEE PCT 006","894","12","REPUBLICAN","1"
"99","0","WILL","415","THOMAS LYNCH","260","2ND CONGRESS","MONEE PCT 006","894","12","REPUBLICAN","1"
"99","0","WILL","410","ASHLEY RAMOS","260","2ND CONGRESS","MONEE PCT 006","894","12","REPUBLICAN","5"
"99","0","WILL","405","SHANE CULTRA","260","2ND CONGRESS","WASHINGTON PCT 003","1334","12","REPUBLICAN","39"
"99","0","WILL","415","THOMAS LYNCH","260","2ND CONGRESS","WASHINGTON PCT 003","1334","12","REPUBLICAN","104"
"99","0","WILL","410","ASHLEY RAMOS","260","2ND CONGRESS","WASHINGTON PCT 003","1334","12","REPUBLICAN","85"
"99","0","WILL","405","SHANE CULTRA","260","2ND CONGRESS","CRETE PCT 001","1396","12","REPUBLICAN","12"
"99","0","WILL","415","THOMAS LYNCH","260","2ND CONGRESS","CRETE PCT 001","1396","12","REPUBLICAN","37"
"99","0","WILL","410","ASHLEY RAMOS","260","2ND CONGRESS","CRETE PCT 001","1396","12","REPUBLICAN","16"
"99","0","WILL","405","SHANE CULTRA","260","2ND CONGRESS","CRETE PCT 004","1372","12","REPUBLICAN","12"
"99","0","WILL","415","THOMAS LYNCH","260","2ND CONGRESS","CRETE PCT 004","1372","12","REPUBLICAN","37"
"99","0","WILL","410","ASHLEY RAMOS","260","2ND CONGRESS","CRETE PCT 004","1372","12","REPUBLICAN","19"
"99","0","WILL","405","SHANE CULTRA","260","2ND CONGRESS","MONEE PCT 007","1195","12","REPUBLICAN","2"
"99","0","WILL","415","THOMAS LYNCH","260","2ND CONGRESS","MONEE PCT 007","1195","12","REPUBLICAN","5"
"99","0","WILL","410","ASHLEY RAMOS","260","2ND CONGRESS","MONEE PCT 007","1195","12","REPUBLICAN","4"
"99","0","WILL","405","SHANE CULTRA","260","2ND CONGRESS","CRETE PCT 002","1418","12","REPUBLICAN","14"
"46","0","KANKAKEE","420","ROBIN KELLY","260","2ND CONGRESS","BOURBONNAIS 4","1480","11","DEMOCRATIC","52"
"46","0","KANKAKEE","0","Under Votes","260","2ND CONGRESS","BOURBONNAIS 11","1548","11","DEMOCRATIC","0"
"46","0","KANKAKEE","0","Over Votes","260","2ND CONGRESS","BOURBONNAIS 11","1548","11","DEMOCRATIC","0"
"46","0","KANKAKEE","0","Blank Ballots","260","2ND CONGRESS","BOURBONNAIS 11","1548","11","DEMOCRATIC","0"
"46","0","KANKAKEE","420","ROBIN KELLY","260","2ND CONGRESS","BOURBONNAIS 11","1548","11","DEMOCRATIC","29"
"46","0","KANKAKEE","0","Under Votes","260","2ND CONGRESS","MOMENCE 1","1285","11","DEMOCRATIC","0"
"46","0","KANKAKEE","0","Over Votes","260","2ND CONGRESS","MOMENCE 1","1285","11","DEMOCRATIC","0"
"46","0","KANKAKEE","0","Blank Ballots","260","2ND CONGRESS","MOMENCE 1","1285","11","DEMOCRATIC","0"
"46","0","KANKAKEE","420","ROBIN KELLY","260","2ND CONGRESS","MOMENCE 1","1285","11","DEMOCRATIC","24"
"46","0","KANKAKEE","0","Under Votes","260","2ND CONGRESS","PEMBROKE 1","664","11","DEMOCRATIC","6"
"46","0","KANKAKEE","0","Over Votes","260","2ND CONGRESS","PEMBROKE 1","664","11","DEMOCRATIC","0"
"46","0","KANKAKEE","0","Blank Ballots","260","2ND CONGRESS","PEMBROKE 1","664","11","DEMOCRATIC","0"
"46","0","KANKAKEE","420","ROBIN KELLY","260","2ND CONGRESS","PEMBROKE 1","664","11","DEMOCRATIC","57"
"46","0","KANKAKEE","0","Under Votes","260","2ND CONGRESS","OTTO 2","827","11","DEMOCRATIC","0"
"46","0","KANKAKEE","0","Over Votes","260","2ND CONGRESS","OTTO 2","827","11","DEMOCRATIC","0"
"46","0","KANKAKEE","0","Blank Ballots","260","2ND CONGRESS","OTTO 2","827","11","DEMOCRATIC","0"
"46","0","KANKAKEE","420","ROBIN KELLY","260","2ND CONGRESS","OTTO 2","827","11","DEMOCRATIC","19"
"46","0","KANKAKEE","0","Under Votes","260","2ND CONGRESS","KANKAKEE 9","1455","11","DEMOCRATIC","9"
"46","0","KANKAKEE","0","Over Votes","260","2ND CONGRESS","KANKAKEE 9","1455","11","DEMOCRATIC","0"
"46","0","KANKAKEE","0","Blank Ballots","260","2ND CONGRESS","KANKAKEE 9","1455","11","DEMOCRATIC","0"
"46","0","KANKAKEE","420","ROBIN KELLY","260","2ND CONGRESS","KANKAKEE 9","1455","11","DEMOCRATIC","132"
"46","0","KANKAKEE","0","Under Votes","260","2ND CONGRESS","LIMESTONE 2","847","11","DEMOCRATIC","4"
"46","0","KANKAKEE","0","Over Votes","260","2ND CONGRESS","LIMESTONE 2","847","11","DEMOCRATIC","0"
"46","0","KANKAKEE","0","Blank Ballots","260","2ND CONGRESS","LIMESTONE 2","847","11","DEMOCRATIC","0"
"46","0","KANKAKEE","420","ROBIN KELLY","260","2ND CONGRESS","LIMESTONE 2","847","11","DEMOCRATIC","19"
"46","0","KANKAKEE","0","Under Votes","260","2ND CONGRESS","ST. ANNE","1217","11","DEMOCRATIC","1"
"46","0","KANKAKEE","0","Over Votes","260","2ND CONGRESS","ST. ANNE","1217","11","DEMOCRATIC","0"
"46","0","KANKAKEE","0","Blank Ballots","260","2ND CONGRESS","ST. ANNE","1217","11","DEMOCRATIC","0"
"46","0","KANKAKEE","420","ROBIN KELLY","260","2ND CONGRESS","ST. ANNE","1217","11","DEMOCRATIC","25"
"46","0","KANKAKEE","0","Under Votes","260","2ND CONGRESS","KANKAKEE 4","1465","11","DEMOCRATIC","8"
"46","0","KANKAKEE","0","Over Votes","260","2ND CONGRESS","KANKAKEE 4","1465","11","DEMOCRATIC","0"
"46","0","KANKAKEE","0","Blank Ballots","260","2ND CONGRESS","KANKAKEE 4","1465","11","DEMOCRATIC","0"
"46","0","KANKAKEE","420","ROBIN KELLY","260","2ND CONGRESS","KANKAKEE 4","1465","11","DEMOCRATIC","106"
"46","0","KANKAKEE","0","Under Votes","260","2ND CONGRESS","BOURBONNAIS 13","973","11","DEMOCRATIC","0"
"46","0","KANKAKEE","0","Over Votes","260","2ND CONGRESS","BOURBONNAIS 13","973","11","DEMOCRATIC","0"
"46","0","KANKAKEE","0","Blank Ballots","260","2ND CONGRESS","BOURBONNAIS 13","973","11","DEMOCRATIC","0"
"46","0","KANKAKEE","420","ROBIN KELLY","260","2ND CONGRESS","BOURBONNAIS 13","973","11","DEMOCRATIC","3"
"46","0","KANKAKEE","0","Under Votes","260","2ND CONGRESS","YELLOWHEAD 1","811","11","DEMOCRATIC","2"
"46","0","KANKAKEE","0","Over Votes","260","2ND CONGRESS","YELLOWHEAD 1","811","11","DEMOCRATIC","0"
"46","0","KANKAKEE","0","Blank Ballots","260","2ND CONGRESS","YELLOWHEAD 1","811","11","DEMOCRATIC","0"
"46","0","KANKAKEE","420","ROBIN KELLY","260","2ND CONGRESS","YELLOWHEAD 1","811","11","DEMOCRATIC","22"
"46","0","KANKAKEE","0","Under Votes","260","2ND CONGRESS","MOMENCE 2","757","11","DEMOCRATIC","0"
"46","0","KANKAKEE","0","Over Votes","260","2ND CONGRESS","PILOT","1368","12","REPUBLICAN","0"
"46","0","KANKAKEE","0","Blank Ballots","260","2ND CONGRESS","PILOT","1368","12","REPUBLICAN","0"
"46","0","KANKAKEE","0","Under Votes","260","2ND CONGRESS","PILOT","1368","12","REPUBLICAN","35"
"46","0","KANKAKEE","410","ASHLEY RAMOS","260","2ND CONGRESS","PILOT","1368","12","REPUBLICAN","61"
"46","0","KANKAKEE","415","THOMAS LYNCH","260","2ND CONGRESS","PILOT","1368","12","REPUBLICAN","94"
"46","0","KANKAKEE","405","SHANE CULTRA","260","2ND CONGRESS","PILOT","1368","12","REPUBLICAN","98"
"46","0","KANKAKEE","405","SHANE CULTRA","260","2ND CONGRESS","KANKAKEE 6","1631","12","REPUBLICAN","4"
"46","0","KANKAKEE","0","Over Votes","260","2ND CONGRESS","KANKAKEE 6","1631","12","REPUBLICAN","0"
"46","0","KANKAKEE","0","Blank Ballots","260","2ND CONGRESS","KANKAKEE 6","1631","12","REPUBLICAN","0"
"46","0","KANKAKEE","0","Under Votes","260","2ND CONGRESS","KANKAKEE 6","1631","12","REPUBLICAN","2"
"46","0","KANKAKEE","410","ASHLEY RAMOS","260","2ND CONGRESS","KANKAKEE 6","1631","12","REPUBLICAN","14"
"46","0","KANKAKEE","415","THOMAS LYNCH","260","2ND CONGRESS","KANKAKEE 6","1631","12","REPUBLICAN","12"
"46","0","KANKAKEE","0","Over Votes","260","2ND CONGRESS","BOURBONNAIS 8","1219","12","REPUBLICAN","0"
"46","0","KANKAKEE","0","Blank Ballots","260","2ND CONGRESS","BOURBONNAIS 8","1219","12","REPUBLICAN","0"
"46","0","KANKAKEE","0","Under Votes","260","2ND CONGRESS","BOURBONNAIS 8","1219","12","REPUBLICAN","18"
"46","0","KANKAKEE","410","ASHLEY RAMOS","260","2ND CONGRESS","BOURBONNAIS 8","1219","12","REPUBLICAN","23"
"46","0","KANKAKEE","415","THOMAS LYNCH","260","2ND CONGRESS","BOURBONNAIS 8","1219","12","REPUBLICAN","37"
"46","0","KANKAKEE","405","SHANE CULTRA","260","2ND CONGRESS","BOURBONNAIS 8","1219","12","REPUBLICAN","23"
"46","0","KANKAKEE","405","SHANE CULTRA","260","2ND CONGRESS","SUMNER","560","12","REPUBLICAN","24"
"46","0","KANKAKEE","0","Over Votes","260","2ND CONGRESS","SUMNER","560","12","REPUBLICAN","0"
"46","0","KANKAKEE","0","Blank Ballots","260","2ND CONGRESS","SUMNER","560","12","REPUBLICAN","0"
"46","0","KANKAKEE","0","Under Votes","260","2ND CONGRESS","SUMNER","560","12","REPUBLICAN","21"
"46","0","KANKAKEE","410","ASHLEY RAMOS","260","2ND CONGRESS","SUMNER","560","12","REPUBLICAN","29"
"46","0","KANKAKEE","415","THOMAS LYNCH","260","2ND CONGRESS","SUMNER","560","12","REPUBLICAN","57"
"46","0","KANKAKEE","405","SHANE CULTRA","260","2ND CONGRESS","ESSEX","991","12","REPUBLICAN","18"
"46","0","KANKAKEE","0","Over Votes","260","2ND CONGRESS","ESSEX","991","12","REPUBLICAN","0"
"46","0","KANKAKEE","0","Blank Ballots","260","2ND CONGRESS","ESSEX","991","12","REPUBLICAN","0"
"46","0","KANKAKEE","0","Under Votes","260","2ND CONGRESS","ESSEX","991","12","REPUBLICAN","13"
"46","0","KANKAKEE","410","ASHLEY RAMOS","260","2ND CONGRESS","ESSEX","991","12","REPUBLICAN","33"
"46","0","KANKAKEE","415","THOMAS LYNCH","260","2ND CONGRESS","ESSEX","991","12","REPUBLICAN","65"
"46","0","KANKAKEE","0","Over Votes","260","2ND CONGRESS","OTTO 1","516","12","REPUBLICAN","0"
"46","0","KANKAKEE","0","Blank Ballots","260","2ND CONGRESS","OTTO 1","516","12","REPUBLICAN","0"
"46","0","KANKAKEE","0","Under Votes","260","2ND CONGRESS","OTTO 1","516","12","REPUBLICAN","14"
"46","0","KANKAKEE","410","ASHLEY RAMOS","260","2ND CONGRESS","OTTO 1","516","12","REPUBLICAN","32"
"46","0","KANKAKEE","415","THOMAS LYNCH","260","2ND CONGRESS","OTTO 1","516","12","REPUBLICAN","35"
"46","0","KANKAKEE","405","SHANE CULTRA","260","2ND CONGRESS","OTTO 1","516","12","REPUBLICAN","31"
"46","0","KANKAKEE","405","SHANE CULTRA","260","2ND CONGRESS","KANKAKEE 8","1048","12","REPUBLICAN","1"
"46","0","KANKAKEE","0","Over Votes","260","2ND CONGRESS","KANKAKEE 8","1048","12","REPUBLICAN","0"
"46","0","KANKAKEE","0","Blank Ballots","260","2ND CONGRESS","KANKAKEE 8","1048","12","REPUBLICAN","0"
"46","0","KANKAKEE","0","Under Votes","260","2ND CONGRESS","KANKAKEE 8","1048","12","REPUBLICAN","1"
"46","0","KANKAKEE","410","ASHLEY RAMOS","260","2ND CONGRESS","KANKAKEE 8","1048","12","REPUBLICAN","4"
"46","0","KANKAKEE","415","THOMAS LYNCH","260","2ND CONGRESS","KANKAKEE 8","1048","12","REPUBLICAN","2"
"46","0","KANKAKEE","405","SHANE CULTRA","260","2ND CONGRESS","BOURBONNAIS 17","571","12","REPUBLICAN","10"
"53","0","LIVINGSTON","420","ROBIN KELLY","260","2ND CONGRESS","ESMEN","205","11","DEMOCRATIC","0"
"53","0","LIVINGSTON","0","Blank Ballots","260","2ND CONGRESS","ESMEN","205","11","DEMOCRATIC","0"
"53","0","LIVINGSTON","0","Under Votes","260","2ND CONGRESS","ESMEN","205","11","DEMOCRATIC","0"
"53","0","LIVINGSTON","0","Over Votes","260","2ND CONGRESS","ESMEN","205","11","DEMOCRATIC","0"
"53","0","LIVINGSTON","420","ROBIN KELLY","260","2ND CONGRESS","INDIAN GRV 4","603","11","DEMOCRATIC","9"
"53","0","LIVINGSTON","0","Blank Ballots","260","2ND CONGRESS","INDIAN GRV 4","603","11","DEMOCRATIC","0"
"53","0","LIVINGSTON","0","Under Votes","260","2ND CONGRESS","INDIAN GRV 4","603","11","DEMOCRATIC","0"
"53","0","LIVINGSTON","0","Over Votes","260","2ND CONGRESS","INDIAN GRV 4","603","11","DEMOCRATIC","0"
"53","0","LIVINGSTON","420","ROBIN KELLY","260","2ND CONGRESS","PONTIAC 3","627","11","DEMOCRATIC","23"
"53","0","LIVINGSTON","0","Blank Ballots","260","2ND CONGRESS","PONTIAC 3","627","11","DEMOCRATIC","0"
"53","0","LIVINGSTON","0","Under Votes","260","2ND CONGRESS","PONTIAC 3","627","11","DEMOCRATIC","3"
"53","0","LIVINGSTON","0","Over Votes","260","2ND CONGRESS","PONTIAC 3","627","11","DEMOCRATIC","0"
"99","0","WILL","420","ROBIN KELLY","260","2ND CONGRESS","CRETE PCT 007","1360","11","DEMOCRATIC","166"
"99","0","WILL","420","ROBIN KELLY","260","2ND CONGRESS","CRETE PCT 010","1069","11","DEMOCRATIC","72"
"99","0","WILL","420","ROBIN KELLY","260","2ND CONGRESS","MONEE PCT 001","1196","11","DEMOCRATIC","140"
"99","0","WILL","420","ROBIN KELLY","260","2ND CONGRESS","MONEE PCT 004","1530","11","DEMOCRATIC","135"
"99","0","WILL","420","ROBIN KELLY","260","2ND CONGRESS","PEOTONE PCT 002","1571","11","DEMOCRATIC","67"
"99","0","WILL","420","ROBIN KELLY","260","2ND CONGRESS","WASHINGTON PCT 001","1380","11","DEMOCRATIC","97"
"99","0","WILL","50001","write-in","260","2ND CONGRESS","","0","11","DEMOCRATIC","14"
"99","0","WILL","0","Over Votes","260","2ND CONGRESS","","0","11","DEMOCRATIC","0"
"99","0","WILL","0","Under Votes","260","2ND CONGRESS","","0","11","DEMOCRATIC","136"
"99","0","WILL","420","ROBIN KELLY","260","2ND CONGRESS","CRETE PCT 011","1159","11","DEMOCRATIC","93"
"99","0","WILL","420","ROBIN KELLY","260","2ND CONGRESS","PEOTONE PCT 001","1499","11","DEMOCRATIC","66"
"99","0","WILL","420","ROBIN KELLY","260","2ND CONGRESS","WASHINGTON PCT 002","1701","11","DEMOCRATIC","119"
"99","0","WILL","420","ROBIN KELLY","260","2ND CONGRESS","CRETE PCT 001","1396","11","DEMOCRATIC","124"
"99","0","WILL","420","ROBIN KELLY","260","2ND CONGRESS","CRETE PCT 004","1372","11","DEMOCRATIC","170"
"99","0","WILL","420","ROBIN KELLY","260","2ND CONGRESS","MONEE PCT 007","1195","11","DEMOCRATIC","180"
"99","0","WILL","420","ROBIN KELLY","260","2ND CONGRESS","MONEE PCT 002","1357","11","DEMOCRATIC","167"
"99","0","WILL","420","ROBIN KELLY","260","2ND CONGRESS","MONEE PCT 005","1209","11","DEMOCRATIC","152"
"99","0","WILL","420","ROBIN KELLY","260","2ND CONGRESS","MONEE PCT 008","1265","11","DEMOCRATIC","93"
"99","0","WILL","420","ROBIN KELLY","260","2ND CONGRESS","MONEE PCT 003","1470","11","DEMOCRATIC","119"
"99","0","WILL","420","ROBIN KELLY","260","2ND CONGRESS","MONEE PCT 006","894","11","DEMOCRATIC","108"
"99","0","WILL","420","ROBIN KELLY","260","2ND CONGRESS","WASHINGTON PCT 003","1334","11","DEMOCRATIC","60"
"99","0","WILL","420","ROBIN KELLY","260","2ND CONGRESS","CRETE PCT 002","1418","11","DEMOCRATIC","100"
"99","0","WILL","420","ROBIN KELLY","260","2ND CONGRESS","CRETE PCT 005","1367","11","DEMOCRATIC","204"
"99","0","WILL","420","ROBIN KELLY","260","2ND CONGRESS","CRETE PCT 008","1453","11","DEMOCRATIC","143"
"99","0","WILL","420","ROBIN KELLY","260","2ND CONGRESS","WILL PCT 001","1177","11","DEMOCRATIC","49"
"99","0","WILL","420","ROBIN KELLY","260","2ND CONGRESS","CRETE PCT 003","1378","11","DEMOCRATIC","113"
"99","0","WILL","420","ROBIN KELLY","260","2ND CONGRESS","CRETE PCT 006","1397","11","DEMOCRATIC","171"
"99","0","WILL","420","ROBIN KELLY","260","2ND CONGRESS","CRETE PCT 009","1293","11","DEMOCRATIC","108"
"99","0","WILL","420","ROBIN KELLY","260","2ND CONGRESS","CRETE PCT 012","1136","11","DEMOCRATIC","108"
"38","0","IROQUOIS","0","Under Votes","260","2ND CONGRESS","SHELDON 1","404","11","DEMOCRATIC","0"
"38","0","IROQUOIS","0","Blank Ballots","260","2ND CONGRESS","SHELDON 1","404","11","DEMOCRATIC","1"
"38","0","IROQUOIS","0","Over Votes","260","2ND CONGRESS","SHELDON 1","404","11","DEMOCRATIC","0"
"38","0","IROQUOIS","420","ROBIN KELLY","260","2ND CONGRESS","BELMONT 3","649","11","DEMOCRATIC","19"
"38","0","IROQUOIS","0","Under Votes","260","2ND CONGRESS","BELMONT 3","649","11","DEMOCRATIC","0"
"38","0","IROQUOIS","0","Over Votes","260","2ND CONGRESS","BELMONT 3","649","11","DEMOCRATIC","0"
"38","0","IROQUOIS","0","Blank Ballots","260","2ND CONGRESS","BELMONT 3","649","11","DEMOCRATIC","2"
"38","0","IROQUOIS","420","ROBIN KELLY","260","2ND CONGRESS","IROQUOIS","426","11","DEMOCRATIC","7"
"38","0","IROQUOIS","0","Under Votes","260","2ND CONGRESS","IROQUOIS","426","11","DEMOCRATIC","0"
"38","0","IROQUOIS","0","Over Votes","260","2ND CONGRESS","IROQUOIS","426","11","DEMOCRATIC","0"
"38","0","IROQUOIS","0","Blank Ballots","260","2ND CONGRESS","IROQUOIS","426","11","DEMOCRATIC","1"
"38","0","IROQUOIS","420","ROBIN KELLY","260","2ND CONGRESS","MILFORD 2","383","11","DEMOCRATIC","6"
"38","0","IROQUOIS","0","Under Votes","260","2ND CONGRESS","MILFORD 2","383","11","DEMOCRATIC","0"
"38","0","IROQUOIS","0","Blank Ballots","260","2ND CONGRESS","MILFORD 2","383","11","DEMOCRATIC","0"
"38","0","IROQUOIS","0","Over Votes","260","2ND CONGRESS","MILFORD 2","383","11","DEMOCRATIC","0"
"38","0","IROQUOIS","420","ROBIN KELLY","260","2ND CONGRESS","SHELDON 2","416","11","DEMOCRATIC","9"
"38","0","IROQUOIS","0","Under Votes","260","2ND CONGRESS","SHELDON 2","416","11","DEMOCRATIC","0"
"38","0","IROQUOIS","0","Blank Ballots","260","2ND CONGRESS","SHELDON 2","416","11","DEMOCRATIC","1"
"38","0","IROQUOIS","0","Over Votes","260","2ND CONGRESS","SHELDON 2","416","11","DEMOCRATIC","0"
"10","0","CHAMPAIGN","0","Under Votes","260","2ND CONGRESS","LUDLOW 2","1033","11","DEMOCRATIC","3"
"10","0","CHAMPAIGN","0","Over Votes","260","2ND CONGRESS","LUDLOW 2","1033","11","DEMOCRATIC","0"
"10","0","CHAMPAIGN","420","ROBIN KELLY","260","2ND CONGRESS","LUDLOW 2","1033","11","DEMOCRATIC","66"
"10","0","CHAMPAIGN","0","Under Votes","260","2ND CONGRESS","RANTOUL 5","1339","11","DEMOCRATIC","11"
"10","0","CHAMPAIGN","0","Over Votes","260","2ND CONGRESS","RANTOUL 5","1339","11","DEMOCRATIC","0"
"10","0","CHAMPAIGN","420","ROBIN KELLY","260","2ND CONGRESS","RANTOUL 5","1339","11","DEMOCRATIC","83"
"10","0","CHAMPAIGN","0","Under Votes","260","2ND CONGRESS","BROWN FOOSLAND","184","11","DEMOCRATIC","0"
"10","0","CHAMPAIGN","0","Over Votes","260","2ND CONGRESS","BROWN FOOSLAND","184","11","DEMOCRATIC","0"
"10","0","CHAMPAIGN","420","ROBIN KELLY","260","2ND CONGRESS","BROWN FOOSLAND","184","11","DEMOCRATIC","4"
"10","0","CHAMPAIGN","0","Under Votes","260","2ND CONGRESS","HARWOOD","451","11","DEMOCRATIC","2"
"10","0","CHAMPAIGN","0","Over Votes","260","2ND CONGRESS","HARWOOD","451","11","DEMOCRATIC","0"
"10","0","CHAMPAIGN","420","ROBIN KELLY","260","2ND CONGRESS","HARWOOD","451","11","DEMOCRATIC","8"
"10","0","CHAMPAIGN","0","Under Votes","260","2ND CONGRESS","LUDLOW 1","402","11","DEMOCRATIC","0"
"10","0","CHAMPAIGN","0","Over Votes","260","2ND CONGRESS","LUDLOW 1","402","11","DEMOCRATIC","0"
"10","0","CHAMPAIGN","420","ROBIN KELLY","260","2ND CONGRESS","LUDLOW 1","402","11","DEMOCRATIC","13"
"10","0","CHAMPAIGN","0","Under Votes","260","2ND CONGRESS","RANTOUL 1","914","11","DEMOCRATIC","7"
"10","0","CHAMPAIGN","0","Over Votes","260","2ND CONGRESS","RANTOUL 1","914","11","DEMOCRATIC","0"
"10","0","CHAMPAIGN","420","ROBIN KELLY","260","2ND CONGRESS","RANTOUL 1","914","11","DEMOCRATIC","51"
"10","0","CHAMPAIGN","0","Under Votes","260","2ND CONGRESS","RANTOUL 4","1015","11","DEMOCRATIC","0"
"10","0","CHAMPAIGN","0","Over Votes","260","2ND CONGRESS","RANTOUL 4","1015","11","DEMOCRATIC","0"
"10","0","CHAMPAIGN","420","ROBIN KELLY","260","2ND CONGRESS","RANTOUL 4","1015","11","DEMOCRATIC","2"
"10","0","CHAMPAIGN","0","Under Votes","260","2ND CONGRESS","BROWN FISHER","1149","11","DEMOCRATIC","4"
"10","0","CHAMPAIGN","0","Over Votes","260","2ND CONGRESS","BROWN FISHER","1149","11","DEMOCRATIC","0"
"10","0","CHAMPAIGN","420","ROBIN KELLY","260","2ND CONGRESS","BROWN FISHER","1149","11","DEMOCRATIC","39"
"46","0","KANKAKEE","0","Over Votes","260","2ND CONGRESS","MOMENCE 2","757","11","DEMOCRATIC","0"
"46","0","KANKAKEE","0","Blank Ballots","260","2ND CONGRESS","MOMENCE 2","757","11","DEMOCRATIC","0"
"46","0","KANKAKEE","420","ROBIN KELLY","260","2ND CONGRESS","MOMENCE 2","757","11","DEMOCRATIC","30"
"46","0","KANKAKEE","0","Under Votes","260","2ND CONGRESS","LIMESTONE 4","852","11","DEMOCRATIC","1"
"46","0","KANKAKEE","0","Over Votes","260","2ND CONGRESS","LIMESTONE 4","852","11","DEMOCRATIC","0"
"53","0","LIVINGSTON","0","Blank Ballots","260","2ND CONGRESS","INDIAN GRV 2","661","12","REPUBLICAN","0"
"53","0","LIVINGSTON","0","Under Votes","260","2ND CONGRESS","INDIAN GRV 2","661","12","REPUBLICAN","38"
"53","0","LIVINGSTON","0","Over Votes","260","2ND CONGRESS","INDIAN GRV 2","661","12","REPUBLICAN","0"
"53","0","LIVINGSTON","405","SHANE CULTRA","260","2ND CONGRESS","INDIAN GRV 2","661","12","REPUBLICAN","79"
"53","0","LIVINGSTON","415","THOMAS LYNCH","260","2ND CONGRESS","INDIAN GRV 2","661","12","REPUBLICAN","52"
"53","0","LIVINGSTON","410","ASHLEY RAMOS","260","2ND CONGRESS","INDIAN GRV 2","661","12","REPUBLICAN","46"
"53","0","LIVINGSTON","0","Blank Ballots","260","2ND CONGRESS","ODELL 1","843","12","REPUBLICAN","0"
"53","0","LIVINGSTON","0","Under Votes","260","2ND CONGRESS","ODELL 1","843","12","REPUBLICAN","44"
"53","0","LIVINGSTON","0","Over Votes","260","2ND CONGRESS","ODELL 1","843","12","REPUBLICAN","0"
"53","0","LIVINGSTON","405","SHANE CULTRA","260","2ND CONGRESS","ODELL 1","843","12","REPUBLICAN","72"
"53","0","LIVINGSTON","415","THOMAS LYNCH","260","2ND CONGRESS","ODELL 1","843","12","REPUBLICAN","66"
"53","0","LIVINGSTON","410","ASHLEY RAMOS","260","2ND CONGRESS","ODELL 1","843","12","REPUBLICAN","58"
"53","0","LIVINGSTON","0","Blank Ballots","260","2ND CONGRESS","PONTIAC 10","700","12","REPUBLICAN","0"
"53","0","LIVINGSTON","0","Under Votes","260","2ND CONGRESS","PONTIAC 10","700","12","REPUBLICAN","12"
"53","0","LIVINGSTON","0","Over Votes","260","2ND CONGRESS","PONTIAC 10","700","12","REPUBLICAN","0"
"53","0","LIVINGSTON","405","SHANE CULTRA","260","2ND CONGRESS","PONTIAC 10","700","12","REPUBLICAN","27"
"53","0","LIVINGSTON","415","THOMAS LYNCH","260","2ND CONGRESS","PONTIAC 10","700","12","REPUBLICAN","25"
"53","0","LIVINGSTON","410","ASHLEY RAMOS","260","2ND CONGRESS","PONTIAC 10","700","12","REPUBLICAN","19"
"53","0","LIVINGSTON","0","Blank Ballots","260","2ND CONGRESS","ROUND GROVE","243","12","REPUBLICAN","0"
"53","0","LIVINGSTON","0","Under Votes","260","2ND CONGRESS","ROUND GROVE","243","12","REPUBLICAN","5"
"53","0","LIVINGSTON","0","Over Votes","260","2ND CONGRESS","ROUND GROVE","243","12","REPUBLICAN","0"
"53","0","LIVINGSTON","405","SHANE CULTRA","260","2ND CONGRESS","ROUND GROVE","243","12","REPUBLICAN","27"
"53","0","LIVINGSTON","415","THOMAS LYNCH","260","2ND CONGRESS","ROUND GROVE","243","12","REPUBLICAN","22"
"53","0","LIVINGSTON","410","ASHLEY RAMOS","260","2ND CONGRESS","ROUND GROVE","243","12","REPUBLICAN","14"
"53","0","LIVINGSTON","0","Blank Ballots","260","2ND CONGRESS","CHARLOTTE","97","12","REPUBLICAN","0"
"53","0","LIVINGSTON","0","Under Votes","260","2ND CONGRESS","CHARLOTTE","97","12","REPUBLICAN","4"
"53","0","LIVINGSTON","0","Over Votes","260","2ND CONGRESS","CHARLOTTE","97","12","REPUBLICAN","0"
"53","0","LIVINGSTON","405","SHANE CULTRA","260","2ND CONGRESS","CHARLOTTE","97","12","REPUBLICAN","23"
"53","0","LIVINGSTON","415","THOMAS LYNCH","260","2ND CONGRESS","CHARLOTTE","97","12","REPUBLICAN","13"
"53","0","LIVINGSTON","410","ASHLEY RAMOS","260","2ND CONGRESS","CHARLOTTE","97","12","REPUBLICAN","9"
"53","0","LIVINGSTON","0","Blank Ballots","260","2ND CONGRESS","ESMEN","205","12","REPUBLICAN","0"
"53","0","LIVINGSTON","0","Under Votes","260","2ND CONGRESS","ESMEN","205","12","REPUBLICAN","1"
"53","0","LIVINGSTON","0","Over Votes","260","2ND CONGRESS","ESMEN","205","12","REPUBLICAN","0"
"53","0","LIVINGSTON","405","SHANE CULTRA","260","2ND CONGRESS","ESMEN","205","12","REPUBLICAN","1"
"53","0","LIVINGSTON","415","THOMAS LYNCH","260","2ND CONGRESS","ESMEN","205","12","REPUBLICAN","2"
"53","0","LIVINGSTON","410","ASHLEY RAMOS","260","2ND CONGRESS","ESMEN","205","12","REPUBLICAN","2"
"53","0","LIVINGSTON","410","ASHLEY RAMOS","260","2ND CONGRESS","INDIAN GRV 4","603","12","REPUBLICAN","64"
"38","0","IROQUOIS","0","Over Votes","260","2ND CONGRESS","CHEBANSE 1","1081","12","REPUBLICAN","0"
"38","0","IROQUOIS","405","SHANE CULTRA","260","2ND CONGRESS","CHEBANSE 1","1081","12","REPUBLICAN","153"
"38","0","IROQUOIS","0","Under Votes","260","2ND CONGRESS","CHEBANSE 1","1081","12","REPUBLICAN","0"
"38","0","IROQUOIS","415","THOMAS LYNCH","260","2ND CONGRESS","CONCORD","281","12","REPUBLICAN","25"
"38","0","IROQUOIS","410","ASHLEY RAMOS","260","2ND CONGRESS","CONCORD","281","12","REPUBLICAN","6"
"38","0","IROQUOIS","0","Blank Ballots","260","2ND CONGRESS","CONCORD","281","12","REPUBLICAN","6"
"38","0","IROQUOIS","0","Over Votes","260","2ND CONGRESS","CONCORD","281","12","REPUBLICAN","0"
"38","0","IROQUOIS","405","SHANE CULTRA","260","2ND CONGRESS","CONCORD","281","12","REPUBLICAN","39"
"38","0","IROQUOIS","0","Under Votes","260","2ND CONGRESS","CONCORD","281","12","REPUBLICAN","0"
"38","0","IROQUOIS","415","THOMAS LYNCH","260","2ND CONGRESS","LODA","986","12","REPUBLICAN","59"
"38","0","IROQUOIS","410","ASHLEY RAMOS","260","2ND CONGRESS","LODA","986","12","REPUBLICAN","25"
"38","0","IROQUOIS","0","Blank Ballots","260","2ND CONGRESS","LODA","986","12","REPUBLICAN","12"
"38","0","IROQUOIS","0","Over Votes","260","2ND CONGRESS","LODA","986","12","REPUBLICAN","0"
"38","0","IROQUOIS","405","SHANE CULTRA","260","2ND CONGRESS","LODA","986","12","REPUBLICAN","142"
"38","0","IROQUOIS","0","Under Votes","260","2ND CONGRESS","LODA","986","12","REPUBLICAN","0"
"38","0","IROQUOIS","415","THOMAS LYNCH","260","2ND CONGRESS","MARTINTON","608","12","REPUBLICAN","32"
"38","0","IROQUOIS","410","ASHLEY RAMOS","260","2ND CONGRESS","MARTINTON","608","12","REPUBLICAN","19"
"38","0","IROQUOIS","0","Blank Ballots","260","2ND CONGRESS","MARTINTON","608","12","REPUBLICAN","7"
"38","0","IROQUOIS","0","Over Votes","260","2ND CONGRESS","MARTINTON","608","12","REPUBLICAN","0"
"38","0","IROQUOIS","405","SHANE CULTRA","260","2ND CONGRESS","MARTINTON","608","12","REPUBLICAN","86"
"38","0","IROQUOIS","0","Under Votes","260","2ND CONGRESS","MARTINTON","608","12","REPUBLICAN","0"
"38","0","IROQUOIS","415","THOMAS LYNCH","260","2ND CONGRESS","MILKS GROVE","140","12","REPUBLICAN","5"
"38","0","IROQUOIS","410","ASHLEY RAMOS","260","2ND CONGRESS","MILKS GROVE","140","12","REPUBLICAN","8"
"38","0","IROQUOIS","0","Blank Ballots","260","2ND CONGRESS","MILKS GROVE","140","12","REPUBLICAN","1"
"38","0","IROQUOIS","0","Over Votes","260","2ND CONGRESS","MILKS GROVE","140","12","REPUBLICAN","0"
"38","0","IROQUOIS","405","SHANE CULTRA","260","2ND CONGRESS","MILKS GROVE","140","12","REPUBLICAN","28"
"38","0","IROQUOIS","0","Under Votes","260","2ND CONGRESS","MILKS GROVE","140","12","REPUBLICAN","0"
"38","0","IROQUOIS","415","THOMAS LYNCH","260","2ND CONGRESS","ONARGA 2","524","12","REPUBLICAN","33"
"38","0","IROQUOIS","410","ASHLEY RAMOS","260","2ND CONGRESS","ONARGA 2","524","12","REPUBLICAN","30"
"38","0","IROQUOIS","0","Blank Ballots","260","2ND CONGRESS","ONARGA 2","524","12","REPUBLICAN","2"
"38","0","IROQUOIS","0","Over Votes","260","2ND CONGRESS","ONARGA 2","524","12","REPUBLICAN","0"
"38","0","IROQUOIS","405","SHANE CULTRA","260","2ND CONGRESS","ONARGA 2","524","12","REPUBLICAN","90"
"38","0","IROQUOIS","0","Under Votes","260","2ND CONGRESS","ONARGA 2","524","12","REPUBLICAN","0"
"38","0","IROQUOIS","415","THOMAS LYNCH","260","2ND CONGRESS","STOCKLAND","153","12","REPUBLICAN","9"
"38","0","IROQUOIS","410","ASHLEY RAMOS","260","2ND CONGRESS","STOCKLAND","153","12","REPUBLICAN","4"
"38","0","IROQUOIS","0","Blank Ballots","260","2ND CONGRESS","STOCKLAND","153","12","REPUBLICAN","3"
"38","0","IROQUOIS","0","Over Votes","260","2ND CONGRESS","STOCKLAND","153","12","REPUBLICAN","0"
"38","0","IROQUOIS","405","SHANE CULTRA","260","2ND CONGRESS","STOCKLAND","153","12","REPUBLICAN","23"
"38","0","IROQUOIS","0","Under Votes","260","2ND CONGRESS","STOCKLAND","153","12","REPUBLICAN","0"
"38","0","IROQUOIS","415","THOMAS LYNCH","260","2ND CONGRESS","ARTESIA","604","12","REPUBLICAN","35"
"38","0","IROQUOIS","410","ASHLEY RAMOS","260","2ND CONGRESS","ARTESIA","604","12","REPUBLICAN","13"
"38","0","IROQUOIS","0","Blank Ballots","260","2ND CONGRESS","ARTESIA","604","12","REPUBLICAN","3"
"38","0","IROQUOIS","0","Over Votes","260","2ND CONGRESS","ARTESIA","604","12","REPUBLICAN","0"
"46","0","KANKAKEE","0","Over Votes","260","2ND CONGRESS","BOURBONNAIS 17","571","12","REPUBLICAN","0"
"46","0","KANKAKEE","0","Blank Ballots","260","2ND CONGRESS","BOURBONNAIS 17","571","12","REPUBLICAN","0"
"46","0","KANKAKEE","0","Under Votes","260","2ND CONGRESS","BOURBONNAIS 17","571","12","REPUBLICAN","10"
"46","0","KANKAKEE","410","ASHLEY RAMOS","260","2ND CONGRESS","BOURBONNAIS 17","571","12","REPUBLICAN","11"
"46","0","KANKAKEE","415","THOMAS LYNCH","260","2ND CONGRESS","BOURBONNAIS 17","571","12","REPUBLICAN","11"
"46","0","KANKAKEE","405","SHANE CULTRA","260","2ND CONGRESS","BOURBONNAIS 10","769","12","REPUBLICAN","24"
"46","0","KANKAKEE","0","Over Votes","260","2ND CONGRESS","BOURBONNAIS 10","769","12","REPUBLICAN","0"
"46","0","KANKAKEE","0","Blank Ballots","260","2ND CONGRESS","BOURBONNAIS 10","769","12","REPUBLICAN","0"
"46","0","KANKAKEE","0","Under Votes","260","2ND CONGRESS","BOURBONNAIS 10","769","12","REPUBLICAN","7"
"46","0","KANKAKEE","410","ASHLEY RAMOS","260","2ND CONGRESS","BOURBONNAIS 10","769","12","REPUBLICAN","17"
"46","0","KANKAKEE","415","THOMAS LYNCH","260","2ND CONGRESS","BOURBONNAIS 10","769","12","REPUBLICAN","30"
"46","0","KANKAKEE","0","Over Votes","260","2ND CONGRESS","BOURBONNAIS 14","1166","12","REPUBLICAN","0"
"46","0","KANKAKEE","0","Blank Ballots","260","2ND CONGRESS","BOURBONNAIS 14","1166","12","REPUBLICAN","0"
"46","0","KANKAKEE","0","Under Votes","260","2ND CONGRESS","BOURBONNAIS 14","1166","12","REPUBLICAN","4"
"46","0","KANKAKEE","410","ASHLEY RAMOS","260","2ND CONGRESS","BOURBONNAIS 14","1166","12","REPUBLICAN","5"
"46","0","KANKAKEE","415","THOMAS LYNCH","260","2ND CONGRESS","BOURBONNAIS 14","1166","12","REPUBLICAN","11"
"46","0","KANKAKEE","405","SHANE CULTRA","260","2ND CONGRESS","BOURBONNAIS 14","1166","12","REPUBLICAN","11"
"46","0","KANKAKEE","0","Over Votes","260","2ND CONGRESS","MOMENCE 1","1285","12","REPUBLICAN","0"
"46","0","KANKAKEE","0","Blank Ballots","260","2ND CONGRESS","MOMENCE 1","1285","12","REPUBLICAN","0"
"46","0","KANKAKEE","0","Under Votes","260","2ND CONGRESS","MOMENCE 1","1285","12","REPUBLICAN","22"
"46","0","KANKAKEE","410","ASHLEY RAMOS","260","2ND CONGRESS","MOMENCE 1","1285","12","REPUBLICAN","58"
"46","0","KANKAKEE","415","THOMAS LYNCH","260","2ND CONGRESS","MOMENCE 1","1285","12","REPUBLICAN","91"
"46","0","KANKAKEE","405","SHANE CULTRA","260","2ND CONGRESS","MOMENCE 1","1285","12","REPUBLICAN","48"
"46","0","KANKAKEE","405","SHANE CULTRA","260","2ND CONGRESS","PEMBROKE 1","664","12","REPUBLICAN","2"
"46","0","KANKAKEE","0","Over Votes","260","2ND CONGRESS","PEMBROKE 1","664","12","REPUBLICAN","0"
"46","0","KANKAKEE","0","Blank Ballots","260","2ND CONGRESS","PEMBROKE 1","664","12","REPUBLICAN","0"
"46","0","KANKAKEE","0","Under Votes","260","2ND CONGRESS","PEMBROKE 1","664","12","REPUBLICAN","1"
"46","0","KANKAKEE","410","ASHLEY RAMOS","260","2ND CONGRESS","PEMBROKE 1","664","12","REPUBLICAN","5"
"46","0","KANKAKEE","415","THOMAS LYNCH","260","2ND CONGRESS","PEMBROKE 1","664","12","REPUBLICAN","4"
"46","0","KANKAKEE","405","SHANE CULTRA","260","2ND CONGRESS","OTTO 2","827","12","REPUBLICAN","45"
"46","0","KANKAKEE","0","Over Votes","260","2ND CONGRESS","OTTO 2","827","12","REPUBLICAN","0"
"46","0","KANKAKEE","0","Blank Ballots","260","2ND CONGRESS","OTTO 2","827","12","REPUBLICAN","0"
"46","0","KANKAKEE","0","Under Votes","260","2ND CONGRESS","OTTO 2","827","12","REPUBLICAN","19"
"46","0","KANKAKEE","410","ASHLEY RAMOS","260","2ND CONGRESS","OTTO 2","827","12","REPUBLICAN","26"
"46","0","KANKAKEE","415","THOMAS LYNCH","260","2ND CONGRESS","OTTO 2","827","12","REPUBLICAN","30"
"46","0","KANKAKEE","0","Over Votes","260","2ND CONGRESS","KANKAKEE 9","1455","12","REPUBLICAN","0"
"46","0","KANKAKEE","0","Blank Ballots","260","2ND CONGRESS","KANKAKEE 9","1455","12","REPUBLICAN","0"
"46","0","KANKAKEE","0","Under Votes","260","2ND CONGRESS","KANKAKEE 9","1455","12","REPUBLICAN","3"
"46","0","KANKAKEE","410","ASHLEY RAMOS","260","2ND CONGRESS","KANKAKEE 9","1455","12","REPUBLICAN","11"
"46","0","KANKAKEE","415","THOMAS LYNCH","260","2ND CONGRESS","KANKAKEE 9","1455","12","REPUBLICAN","14"
"46","0","KANKAKEE","405","SHANE CULTRA","260","2ND CONGRESS","KANKAKEE 9","1455","12","REPUBLICAN","10"
"99","0","WILL","415","THOMAS LYNCH","260","2ND CONGRESS","CRETE PCT 002","1418","12","REPUBLICAN","36"
"99","0","WILL","410","ASHLEY RAMOS","260","2ND CONGRESS","CRETE PCT 002","1418","12","REPUBLICAN","22"
"99","0","WILL","405","SHANE CULTRA","260","2ND CONGRESS","CRETE PCT 005","1367","12","REPUBLICAN","16"
"99","0","WILL","415","THOMAS LYNCH","260","2ND CONGRESS","CRETE PCT 005","1367","12","REPUBLICAN","24"
"99","0","WILL","410","ASHLEY RAMOS","260","2ND CONGRESS","CRETE PCT 005","1367","12","REPUBLICAN","10"
"99","0","WILL","405","SHANE CULTRA","260","2ND CONGRESS","CRETE PCT 008","1453","12","REPUBLICAN","24"
"99","0","WILL","415","THOMAS LYNCH","260","2ND CONGRESS","CRETE PCT 008","1453","12","REPUBLICAN","61"
"99","0","WILL","410","ASHLEY RAMOS","260","2ND CONGRESS","CRETE PCT 008","1453","12","REPUBLICAN","30"
"99","0","WILL","405","SHANE CULTRA","260","2ND CONGRESS","WILL PCT 001","1177","12","REPUBLICAN","50"
"99","0","WILL","415","THOMAS LYNCH","260","2ND CONGRESS","WILL PCT 001","1177","12","REPUBLICAN","114"
"99","0","WILL","410","ASHLEY RAMOS","260","2ND CONGRESS","WILL PCT 001","1177","12","REPUBLICAN","57"
"99","0","WILL","405","SHANE CULTRA","260","2ND CONGRESS","MONEE PCT 002","1357","12","REPUBLICAN","6"
"99","0","WILL","415","THOMAS LYNCH","260","2ND CONGRESS","MONEE PCT 002","1357","12","REPUBLICAN","5"
"99","0","WILL","410","ASHLEY RAMOS","260","2ND CONGRESS","MONEE PCT 002","1357","12","REPUBLICAN","11"
"99","0","WILL","405","SHANE CULTRA","260","2ND CONGRESS","MONEE PCT 005","1209","12","REPUBLICAN","1"
"99","0","WILL","415","THOMAS LYNCH","260","2ND CONGRESS","MONEE PCT 005","1209","12","REPUBLICAN","0"
"99","0","WILL","410","ASHLEY RAMOS","260","2ND CONGRESS","MONEE PCT 005","1209","12","REPUBLICAN","5"
"99","0","WILL","405","SHANE CULTRA","260","2ND CONGRESS","MONEE PCT 008","1265","12","REPUBLICAN","22"
"99","0","WILL","415","THOMAS LYNCH","260","2ND CONGRESS","MONEE PCT 008","1265","12","REPUBLICAN","53"
"99","0","WILL","410","ASHLEY RAMOS","260","2ND CONGRESS","MONEE PCT 008","1265","12","REPUBLICAN","34"
"99","0","WILL","405","SHANE CULTRA","260","2ND CONGRESS","WASHINGTON PCT 002","1701","12","REPUBLICAN","61"
"99","0","WILL","415","THOMAS LYNCH","260","2ND CONGRESS","WASHINGTON PCT 002","1701","12","REPUBLICAN","114"
"99","0","WILL","410","ASHLEY RAMOS","260","2ND CONGRESS","WASHINGTON PCT 002","1701","12","REPUBLICAN","69"
"16","0","COOK","420","ROBIN KELLY","260","2ND CONGRESS","7100011","778","11","Democratic","61"
"16","0","COOK","0","Over Votes","260","2ND CONGRESS","7100011","778","11","Democratic","0"
"16","0","COOK","0","Under Votes","260","2ND CONGRESS","7100011","778","11","Democratic","2"
"16","0","COOK","420","ROBIN KELLY","260","2ND CONGRESS","7100014","1526","11","Democratic","130"
"16","0","COOK","0","Over Votes","260","2ND CONGRESS","7100014","1526","11","Democratic","0"
"16","0","COOK","0","Under Votes","260","2ND CONGRESS","7100014","1526","11","Democratic","7"
"16","0","COOK","420","ROBIN KELLY","260","2ND CONGRESS","7100017","861","11","Democratic","108"
"16","0","COOK","0","Over Votes","260","2ND CONGRESS","7100017","861","11","Democratic","0"
"16","0","COOK","0","Under Votes","260","2ND CONGRESS","7100017","861","11","Democratic","10"
"16","0","COOK","420","ROBIN KELLY","260","2ND CONGRESS","7100021","380","11","Democratic","14"
"16","0","COOK","0","Over Votes","260","2ND CONGRESS","7100021","380","11","Democratic","0"
"16","0","COOK","0","Under Votes","260","2ND CONGRESS","7100021","380","11","Democratic","3"
"16","0","COOK","420","ROBIN KELLY","260","2ND CONGRESS","7100046","1085","11","Democratic","53"
"16","0","COOK","0","Over Votes","260","2ND CONGRESS","7100046","1085","11","Democratic","0"
"16","0","COOK","0","Under Votes","260","2ND CONGRESS","7100046","1085","11","Democratic","9"
"16","0","COOK","420","ROBIN KELLY","260","2ND CONGRESS","7100051","549","11","Democratic","52"
"16","0","COOK","0","Over Votes","260","2ND CONGRESS","7100051","549","11","Democratic","0"
"16","0","COOK","0","Under Votes","260","2ND CONGRESS","7100051","549","11","Democratic","5"
"16","0","COOK","420","ROBIN KELLY","260","2ND CONGRESS","7100054","1170","11","Democratic","105"
"38","0","IROQUOIS","405","SHANE CULTRA","260","2ND CONGRESS","ARTESIA","604","12","REPUBLICAN","87"
"38","0","IROQUOIS","0","Under Votes","260","2ND CONGRESS","ARTESIA","604","12","REPUBLICAN","0"
"38","0","IROQUOIS","415","THOMAS LYNCH","260","2ND CONGRESS","BELMONT 2","800","12","REPUBLICAN","37"
"38","0","IROQUOIS","410","ASHLEY RAMOS","260","2ND CONGRESS","BELMONT 2","800","12","REPUBLICAN","18"
"38","0","IROQUOIS","0","Blank Ballots","260","2ND CONGRESS","BELMONT 2","800","12","REPUBLICAN","11"
"38","0","IROQUOIS","0","Over Votes","260","2ND CONGRESS","BELMONT 2","800","12","REPUBLICAN","0"
"38","0","IROQUOIS","405","SHANE CULTRA","260","2ND CONGRESS","BELMONT 2","800","12","REPUBLICAN","91"
"38","0","IROQUOIS","0","Under Votes","260","2ND CONGRESS","BELMONT 2","800","12","REPUBLICAN","0"
"38","0","IROQUOIS","415","THOMAS LYNCH","260","2ND CONGRESS","FOUNTAIN CREEK","207","12","REPUBLICAN","26"
"38","0","IROQUOIS","410","ASHLEY RAMOS","260","2ND CONGRESS","FOUNTAIN CREEK","207","12","REPUBLICAN","3"
"38","0","IROQUOIS","0","Blank Ballots","260","2ND CONGRESS","FOUNTAIN CREEK","207","12","REPUBLICAN","0"
"38","0","IROQUOIS","0","Over Votes","260","2ND CONGRESS","FOUNTAIN CREEK","207","12","REPUBLICAN","0"
"38","0","IROQUOIS","405","SHANE CULTRA","260","2ND CONGRESS","FOUNTAIN CREEK","207","12","REPUBLICAN","18"
"38","0","IROQUOIS","0","Under Votes","260","2ND CONGRESS","FOUNTAIN CREEK","207","12","REPUBLICAN","0"
"38","0","IROQUOIS","415","THOMAS LYNCH","260","2ND CONGRESS","MILFORD 1","633","12","REPUBLICAN","34"
"38","0","IROQUOIS","410","ASHLEY RAMOS","260","2ND CONGRESS","MILFORD 1","633","12","REPUBLICAN","17"
"38","0","IROQUOIS","0","Blank Ballots","260","2ND CONGRESS","MILFORD 1","633","12","REPUBLICAN","9"
"38","0","IROQUOIS","0","Over Votes","260","2ND CONGRESS","MILFORD 1","633","12","REPUBLICAN","0"
"38","0","IROQUOIS","405","SHANE CULTRA","260","2ND CONGRESS","MILFORD 1","633","12","REPUBLICAN","74"
"38","0","IROQUOIS","0","Under Votes","260","2ND CONGRESS","MILFORD 1","633","12","REPUBLICAN","0"
"38","0","IROQUOIS","405","SHANE CULTRA","260","2ND CONGRESS","SHELDON 1","404","12","REPUBLICAN","28"
"38","0","IROQUOIS","0","Under Votes","260","2ND CONGRESS","SHELDON 1","404","12","REPUBLICAN","0"
"38","0","IROQUOIS","415","THOMAS LYNCH","260","2ND CONGRESS","SHELDON 1","404","12","REPUBLICAN","24"
"38","0","IROQUOIS","410","ASHLEY RAMOS","260","2ND CONGRESS","SHELDON 1","404","12","REPUBLICAN","12"
"38","0","IROQUOIS","0","Blank Ballots","260","2ND CONGRESS","SHELDON 1","404","12","REPUBLICAN","5"
"38","0","IROQUOIS","0","Over Votes","260","2ND CONGRESS","SHELDON 1","404","12","REPUBLICAN","0"
"38","0","IROQUOIS","415","THOMAS LYNCH","260","2ND CONGRESS","BELMONT 3","649","12","REPUBLICAN","27"
"38","0","IROQUOIS","410","ASHLEY RAMOS","260","2ND CONGRESS","BELMONT 3","649","12","REPUBLICAN","20"
"38","0","IROQUOIS","0","Blank Ballots","260","2ND CONGRESS","BELMONT 3","649","12","REPUBLICAN","14"
"38","0","IROQUOIS","0","Over Votes","260","2ND CONGRESS","BELMONT 3","649","12","REPUBLICAN","0"
"38","0","IROQUOIS","405","SHANE CULTRA","260","2ND CONGRESS","BELMONT 3","649","12","REPUBLICAN","85"
"38","0","IROQUOIS","0","Under Votes","260","2ND CONGRESS","BELMONT 3","649","12","REPUBLICAN","0"
"38","0","IROQUOIS","415","THOMAS LYNCH","260","2ND CONGRESS","IROQUOIS","426","12","REPUBLICAN","23"
"38","0","IROQUOIS","410","ASHLEY RAMOS","260","2ND CONGRESS","IROQUOIS","426","12","REPUBLICAN","13"
"38","0","IROQUOIS","0","Blank Ballots","260","2ND CONGRESS","IROQUOIS","426","12","REPUBLICAN","4"
"38","0","IROQUOIS","0","Over Votes","260","2ND CONGRESS","IROQUOIS","426","12","REPUBLICAN","0"
"38","0","IROQUOIS","405","SHANE CULTRA","260","2ND CONGRESS","IROQUOIS","426","12","REPUBLICAN","60"
"38","0","IROQUOIS","0","Under Votes","260","2ND CONGRESS","IROQUOIS","426","12","REPUBLICAN","0"
"38","0","IROQUOIS","415","THOMAS LYNCH","260","2ND CONGRESS","MILFORD 2","383","12","REPUBLICAN","21"
"38","0","IROQUOIS","410","ASHLEY RAMOS","260","2ND CONGRESS","MILFORD 2","383","12","REPUBLICAN","12"
"38","0","IROQUOIS","0","Blank Ballots","260","2ND CONGRESS","MILFORD 2","383","12","REPUBLICAN","1"
"38","0","IROQUOIS","0","Over Votes","260","2ND CONGRESS","MILFORD 2","383","12","REPUBLICAN","0"
"16","0","COOK","0","Under Votes","260","2ND CONGRESS","7100003","930","12","Republican","1"
"16","0","COOK","0","Over Votes","260","2ND CONGRESS","7100003","930","12","Republican","0"
"16","0","COOK","405","SHANE CULTRA","260","2ND CONGRESS","7100003","930","12","Republican","1"
"16","0","COOK","415","THOMAS LYNCH","260","2ND CONGRESS","7100003","930","12","Republican","12"
"16","0","COOK","410","ASHLEY RAMOS","260","2ND CONGRESS","7100003","930","12","Republican","7"
"16","0","COOK","415","THOMAS LYNCH","260","2ND CONGRESS","7100030","1051","12","Republican","9"
"16","0","COOK","410","ASHLEY RAMOS","260","2ND CONGRESS","7100030","1051","12","Republican","11"
"16","0","COOK","0","Over Votes","260","2ND CONGRESS","7100030","1051","12","Republican","0"
"16","0","COOK","0","Under Votes","260","2ND CONGRESS","7100030","1051","12","Republican","6"
"16","0","COOK","405","SHANE CULTRA","260","2ND CONGRESS","7100030","1051","12","Republican","6"
"16","0","COOK","415","THOMAS LYNCH","260","2ND CONGRESS","7100033","724","12","Republican","5"
"16","0","COOK","410","ASHLEY RAMOS","260","2ND CONGRESS","7100033","724","12","Republican","6"
"16","0","COOK","0","Under Votes","260","2ND CONGRESS","7100033","724","12","Republican","1"
"16","0","COOK","0","Over Votes","260","2ND CONGRESS","7100033","724","12","Republican","0"
"16","0","COOK","405","SHANE CULTRA","260","2ND CONGRESS","7100033","724","12","Republican","3"
"16","0","COOK","405","SHANE CULTRA","260","2ND CONGRESS","7100036","1217","12","Republican","3"
"16","0","COOK","410","ASHLEY RAMOS","260","2ND CONGRESS","7100036","1217","12","Republican","7"
"16","0","COOK","415","THOMAS LYNCH","260","2ND CONGRESS","7100036","1217","12","Republican","7"
"16","0","COOK","0","Under Votes","260","2ND CONGRESS","7100036","1217","12","Republican","1"
"16","0","COOK","405","SHANE CULTRA","260","2ND CONGRESS","9000010","751","12","Republican","2"
"16","0","COOK","415","THOMAS LYNCH","260","2ND CONGRESS","9000010","751","12","Republican","3"
"16","0","COOK","0","Under Votes","260","2ND CONGRESS","9000010","751","12","Republican","0"
"16","0","COOK","410","ASHLEY RAMOS","260","2ND CONGRESS","9000010","751","12","Republican","4"
"16","0","COOK","0","Over Votes","260","2ND CONGRESS","9000010","751","12","Republican","0"
"16","0","COOK","405","SHANE CULTRA","260","2ND CONGRESS","9000013","1649","12","Republican","7"
"16","0","COOK","415","THOMAS LYNCH","260","2ND CONGRESS","9000013","1649","12","Republican","21"
"16","0","COOK","0","Under Votes","260","2ND CONGRESS","9000013","1649","12","Republican","4"
"16","0","COOK","410","ASHLEY RAMOS","260","2ND CONGRESS","9000013","1649","12","Republican","9"
"16","0","COOK","0","Over Votes","260","2ND CONGRESS","9000013","1649","12","Republican","0"
"16","0","COOK","405","SHANE CULTRA","260","2ND CONGRESS","9000017","1018","12","Republican","6"
"16","0","COOK","415","THOMAS LYNCH","260","2ND CONGRESS","9000017","1018","12","Republican","9"
"16","0","COOK","0","Under Votes","260","2ND CONGRESS","9000017","1018","12","Republican","2"
"16","0","COOK","410","ASHLEY RAMOS","260","2ND CONGRESS","9000017","1018","12","Republican","9"
"16","0","COOK","0","Over Votes","260","2ND CONGRESS","9000017","1018","12","Republican","0"
"16","0","COOK","405","SHANE CULTRA","260","2ND CONGRESS","9000042","918","12","Republican","4"
"16","0","COOK","0","Under Votes","260","2ND CONGRESS","9000042","918","12","Republican","0"
"16","0","COOK","410","ASHLEY RAMOS","260","2ND CONGRESS","9000042","918","12","Republican","4"
"16","0","COOK","0","Over Votes","260","2ND CONGRESS","9000042","918","12","Republican","0"
"16","0","COOK","0","Over Votes","260","2ND CONGRESS","9000045","1138","12","Republican","0"
"16","0","COOK","405","SHANE CULTRA","260","2ND CONGRESS","9000045","1138","12","Republican","6"
"16","0","COOK","415","THOMAS LYNCH","260","2ND CONGRESS","9000045","1138","12","Republican","13"
"16","0","COOK","0","Under Votes","260","2ND CONGRESS","9000045","1138","12","Republican","4"
"16","0","COOK","410","ASHLEY RAMOS","260","2ND CONGRESS","9000045","1138","12","Republican","4"
"16","0","COOK","0","Over Votes","260","2ND CONGRESS","9000048","1032","12","Republican","0"
"38","0","IROQUOIS","405","SHANE CULTRA","260","2ND CONGRESS","MILFORD 2","383","12","REPUBLICAN","44"
"38","0","IROQUOIS","0","Under Votes","260","2ND CONGRESS","MILFORD 2","383","12","REPUBLICAN","0"
"38","0","IROQUOIS","415","THOMAS LYNCH","260","2ND CONGRESS","SHELDON 2","416","12","REPUBLICAN","20"
"38","0","IROQUOIS","410","ASHLEY RAMOS","260","2ND CONGRESS","SHELDON 2","416","12","REPUBLICAN","9"
"38","0","IROQUOIS","0","Blank Ballots","260","2ND CONGRESS","SHELDON 2","416","12","REPUBLICAN","1"
"38","0","IROQUOIS","0","Over Votes","260","2ND CONGRESS","SHELDON 2","416","12","REPUBLICAN","0"
"38","0","IROQUOIS","405","SHANE CULTRA","260","2ND CONGRESS","SHELDON 2","416","12","REPUBLICAN","34"
"38","0","IROQUOIS","0","Under Votes","260","2ND CONGRESS","SHELDON 2","416","12","REPUBLICAN","0"
"38","0","IROQUOIS","415","THOMAS LYNCH","260","2ND CONGRESS","ASHKUM 1","681","12","REPUBLICAN","32"
"38","0","IROQUOIS","410","ASHLEY RAMOS","260","2ND CONGRESS","ASHKUM 1","681","12","REPUBLICAN","43"
"38","0","IROQUOIS","0","Over Votes","260","2ND CONGRESS","ASHKUM 1","681","12","REPUBLICAN","0"
"105","16","CITY OF CHICAGO","0","Under Votes","260","2ND CONGRESS","Ward 10 Precinct 11","1044","12","Republican","0"
"105","16","CITY OF CHICAGO","0","Over Votes","260","2ND CONGRESS","Ward 10 Precinct 26","774","12","Republican","0"
"105","16","CITY OF CHICAGO","415","THOMAS LYNCH","260","2ND CONGRESS","Ward 10 Precinct 26","774","12","Republican","3"
"105","16","CITY OF CHICAGO","410","ASHLEY RAMOS","260","2ND CONGRESS","Ward 10 Precinct 26","774","12","Republican","3"
"105","16","CITY OF CHICAGO","0","Under Votes","260","2ND CONGRESS","Ward 10 Precinct 26","774","12","Republican","2"
"105","16","CITY OF CHICAGO","0","Over Votes","260","2ND CONGRESS","Ward 10 Precinct 27","894","12","Republican","0"
"105","16","CITY OF CHICAGO","410","ASHLEY RAMOS","260","2ND CONGRESS","Ward 10 Precinct 27","894","12","Republican","2"
"105","16","CITY OF CHICAGO","0","Under Votes","260","2ND CONGRESS","Ward 10 Precinct 27","894","12","Republican","1"
"105","16","CITY OF CHICAGO","0","Over Votes","260","2ND CONGRESS","Ward 10 Precinct 36","209","12","Republican","0"
"105","16","CITY OF CHICAGO","410","ASHLEY RAMOS","260","2ND CONGRESS","Ward 10 Precinct 36","209","12","Republican","3"
"105","16","CITY OF CHICAGO","0","Under Votes","260","2ND CONGRESS","Ward 10 Precinct 36","209","12","Republican","0"
"105","16","CITY OF CHICAGO","0","Over Votes","260","2ND CONGRESS","Ward 04 Precinct 10","905","12","Republican","0"
"105","16","CITY OF CHICAGO","415","THOMAS LYNCH","260","2ND CONGRESS","Ward 04 Precinct 10","905","12","Republican","2"
"105","16","CITY OF CHICAGO","410","ASHLEY RAMOS","260","2ND CONGRESS","Ward 04 Precinct 10","905","12","Republican","9"
"105","16","CITY OF CHICAGO","405","SHANE CULTRA","260","2ND CONGRESS","Ward 04 Precinct 10","905","12","Republican","1"
"105","16","CITY OF CHICAGO","0","Under Votes","260","2ND CONGRESS","Ward 04 Precinct 10","905","12","Republican","0"
"105","16","CITY OF CHICAGO","0","Over Votes","260","2ND CONGRESS","Ward 04 Precinct 31","611","12","Republican","0"
"105","16","CITY OF CHICAGO","0","Under Votes","260","2ND CONGRESS","Ward 04 Precinct 31","611","12","Republican","3"
"105","16","CITY OF CHICAGO","415","THOMAS LYNCH","260","2ND CONGRESS","Ward 04 Precinct 31","611","12","Republican","6"
"105","16","CITY OF CHICAGO","410","ASHLEY RAMOS","260","2ND CONGRESS","Ward 04 Precinct 31","611","12","Republican","3"
"105","16","CITY OF CHICAGO","0","Over Votes","260","2ND CONGRESS","Ward 05 Precinct 18","655","12","Republican","0"
"105","16","CITY OF CHICAGO","0","Under Votes","260","2ND CONGRESS","Ward 05 Precinct 18","655","12","Republican","0"
"105","16","CITY OF CHICAGO","415","THOMAS LYNCH","260","2ND CONGRESS","Ward 05 Precinct 18","655","12","Republican","1"
"105","16","CITY OF CHICAGO","410","ASHLEY RAMOS","260","2ND CONGRESS","Ward 05 Precinct 18","655","12","Republican","1"
"105","16","CITY OF CHICAGO","0","Over Votes","260","2ND CONGRESS","Ward 05 Precinct 31","589","12","Republican","0"
"105","16","CITY OF CHICAGO","0","Under Votes","260","2ND CONGRESS","Ward 05 Precinct 31","589","12","Republican","0"
"105","16","CITY OF CHICAGO","415","THOMAS LYNCH","260","2ND CONGRESS","Ward 05 Precinct 31","589","12","Republican","1"
"10","0","CHAMPAIGN","0","Under Votes","260","2ND CONGRESS","EAST BEND","456","11","DEMOCRATIC","2"
"10","0","CHAMPAIGN","0","Over Votes","260","2ND CONGRESS","EAST BEND","456","11","DEMOCRATIC","0"
"10","0","CHAMPAIGN","420","ROBIN KELLY","260","2ND CONGRESS","EAST BEND","456","11","DEMOCRATIC","17"
"10","0","CHAMPAIGN","0","Under Votes","260","2ND CONGRESS","KERR","109","11","DEMOCRATIC","1"
"10","0","CHAMPAIGN","0","Over Votes","260","2ND CONGRESS","KERR","109","11","DEMOCRATIC","0"
"10","0","CHAMPAIGN","420","ROBIN KELLY","260","2ND CONGRESS","KERR","109","11","DEMOCRATIC","2"
"10","0","CHAMPAIGN","0","Under Votes","260","2ND CONGRESS","LUDLOW 3","1083","11","DEMOCRATIC","6"
"10","0","CHAMPAIGN","0","Over Votes","260","2ND CONGRESS","LUDLOW 3","1083","11","DEMOCRATIC","0"
"10","0","CHAMPAIGN","420","ROBIN KELLY","260","2ND CONGRESS","LUDLOW 3","1083","11","DEMOCRATIC","71"
"10","0","CHAMPAIGN","0","Under Votes","260","2ND CONGRESS","RANTOUL 3","622","11","DEMOCRATIC","1"
"10","0","CHAMPAIGN","0","Over Votes","260","2ND CONGRESS","RANTOUL 3","622","11","DEMOCRATIC","0"
"10","0","CHAMPAIGN","420","ROBIN KELLY","260","2ND CONGRESS","RANTOUL 3","622","11","DEMOCRATIC","36"
"10","0","CHAMPAIGN","0","Under Votes","260","2ND CONGRESS","RANTOUL 6","1245","11","DEMOCRATIC","4"
"10","0","CHAMPAIGN","0","Over Votes","260","2ND CONGRESS","RANTOUL 6","1245","11","DEMOCRATIC","0"
"10","0","CHAMPAIGN","420","ROBIN KELLY","260","2ND CONGRESS","RANTOUL 6","1245","11","DEMOCRATIC","71"
"10","0","CHAMPAIGN","0","Under Votes","260","2ND CONGRESS","RANTOUL 2","994","11","DEMOCRATIC","7"
"10","0","CHAMPAIGN","0","Over Votes","260","2ND CONGRESS","RANTOUL 2","994","11","DEMOCRATIC","0"
"10","0","CHAMPAIGN","420","ROBIN KELLY","260","2ND CONGRESS","RANTOUL 2","994","11","DEMOCRATIC","43"
"53","0","LIVINGSTON","0","Blank Ballots","260","2ND CONGRESS","INDIAN GRV 4","603","12","REPUBLICAN","0"
"53","0","LIVINGSTON","0","Under Votes","260","2ND CONGRESS","INDIAN GRV 4","603","12","REPUBLICAN","34"
"53","0","LIVINGSTON","0","Over Votes","260","2ND CONGRESS","INDIAN GRV 4","603","12","REPUBLICAN","0"
"53","0","LIVINGSTON","405","SHANE CULTRA","260","2ND CONGRESS","INDIAN GRV 4","603","12","REPUBLICAN","87"
"53","0","LIVINGSTON","415","THOMAS LYNCH","260","2ND CONGRESS","INDIAN GRV 4","603","12","REPUBLICAN","38"
"53","0","LIVINGSTON","0","Blank Ballots","260","2ND CONGRESS","PONTIAC 3","627","12","REPUBLICAN","0"
"53","0","LIVINGSTON","0","Under Votes","260","2ND CONGRESS","PONTIAC 3","627","12","REPUBLICAN","55"
"53","0","LIVINGSTON","0","Over Votes","260","2ND CONGRESS","PONTIAC 3","627","12","REPUBLICAN","0"
"53","0","LIVINGSTON","405","SHANE CULTRA","260","2ND CONGRESS","PONTIAC 3","627","12","REPUBLICAN","70"
"53","0","LIVINGSTON","415","THOMAS LYNCH","260","2ND CONGRESS","PONTIAC 3","627","12","REPUBLICAN","51"
"53","0","LIVINGSTON","410","ASHLEY RAMOS","260","2ND CONGRESS","PONTIAC 3","627","12","REPUBLICAN","47"
"53","0","LIVINGSTON","0","Blank Ballots","260","2ND CONGRESS","PONTIAC 8","627","12","REPUBLICAN","0"
"53","0","LIVINGSTON","0","Under Votes","260","2ND CONGRESS","PONTIAC 8","627","12","REPUBLICAN","15"
"53","0","LIVINGSTON","0","Over Votes","260","2ND CONGRESS","PONTIAC 8","627","12","REPUBLICAN","0"
"53","0","LIVINGSTON","405","SHANE CULTRA","260","2ND CONGRESS","PONTIAC 8","627","12","REPUBLICAN","23"
"53","0","LIVINGSTON","415","THOMAS LYNCH","260","2ND CONGRESS","PONTIAC 8","627","12","REPUBLICAN","36"
"53","0","LIVINGSTON","410","ASHLEY RAMOS","260","2ND CONGRESS","PONTIAC 8","627","12","REPUBLICAN","31"
"53","0","LIVINGSTON","0","Blank Ballots","260","2ND CONGRESS","SAUNEMIN","382","12","REPUBLICAN","0"
"53","0","LIVINGSTON","0","Under Votes","260","2ND CONGRESS","SAUNEMIN","382","12","REPUBLICAN","21"
"53","0","LIVINGSTON","0","Over Votes","260","2ND CONGRESS","SAUNEMIN","382","12","REPUBLICAN","0"
"53","0","LIVINGSTON","405","SHANE CULTRA","260","2ND CONGRESS","SAUNEMIN","382","12","REPUBLICAN","63"
"53","0","LIVINGSTON","415","THOMAS LYNCH","260","2ND CONGRESS","SAUNEMIN","382","12","REPUBLICAN","34"
"53","0","LIVINGSTON","410","ASHLEY RAMOS","260","2ND CONGRESS","SAUNEMIN","382","12","REPUBLICAN","38"
"53","0","LIVINGSTON","410","ASHLEY RAMOS","260","2ND CONGRESS","CHATSWORTH 1","674","12","REPUBLICAN","40"
"53","0","LIVINGSTON","0","Blank Ballots","260","2ND CONGRESS","CHATSWORTH 1","674","12","REPUBLICAN","0"
"53","0","LIVINGSTON","0","Under Votes","260","2ND CONGRESS","CHATSWORTH 1","674","12","REPUBLICAN","13"
"53","0","LIVINGSTON","0","Over Votes","260","2ND CONGRESS","CHATSWORTH 1","674","12","REPUBLICAN","0"
"53","0","LIVINGSTON","405","SHANE CULTRA","260","2ND CONGRESS","CHATSWORTH 1","674","12","REPUBLICAN","85"
"53","0","LIVINGSTON","415","THOMAS LYNCH","260","2ND CONGRESS","CHATSWORTH 1","674","12","REPUBLICAN","50"
"53","0","LIVINGSTON","0","Blank Ballots","260","2ND CONGRESS","DWIGHT 4","776","12","REPUBLICAN","0"
"53","0","LIVINGSTON","0","Under Votes","260","2ND CONGRESS","DWIGHT 4","776","12","REPUBLICAN","24"
"53","0","LIVINGSTON","0","Over Votes","260","2ND CONGRESS","DWIGHT 4","776","12","REPUBLICAN","0"
"53","0","LIVINGSTON","405","SHANE CULTRA","260","2ND CONGRESS","DWIGHT 4","776","12","REPUBLICAN","73"
"53","0","LIVINGSTON","415","THOMAS LYNCH","260","2ND CONGRESS","DWIGHT 4","776","12","REPUBLICAN","44"
"53","0","LIVINGSTON","410","ASHLEY RAMOS","260","2ND CONGRESS","DWIGHT 4","776","12","REPUBLICAN","52"
"53","0","LIVINGSTON","0","Blank Ballots","260","2ND CONGRESS","FORREST 1","832","12","REPUBLICAN","0"
"53","0","LIVINGSTON","0","Under Votes","260","2ND CONGRESS","FORREST 1","832","12","REPUBLICAN","35"
"53","0","LIVINGSTON","0","Over Votes","260","2ND CONGRESS","FORREST 1","832","12","REPUBLICAN","0"
"53","0","LIVINGSTON","405","SHANE CULTRA","260","2ND CONGRESS","FORREST 1","832","12","REPUBLICAN","114"
"53","0","LIVINGSTON","415","THOMAS LYNCH","260","2ND CONGRESS","FORREST 1","832","12","REPUBLICAN","63"
"53","0","LIVINGSTON","410","ASHLEY RAMOS","260","2ND CONGRESS","FORREST 1","832","12","REPUBLICAN","55"
"53","0","LIVINGSTON","0","Blank Ballots","260","2ND CONGRESS","PONTIAC 1","511","12","REPUBLICAN","0"
"46","0","KANKAKEE","405","SHANE CULTRA","260","2ND CONGRESS","GANEER 3","804","12","REPUBLICAN","26"
"46","0","KANKAKEE","0","Over Votes","260","2ND CONGRESS","GANEER 3","804","12","REPUBLICAN","0"
"46","0","KANKAKEE","0","Blank Ballots","260","2ND CONGRESS","GANEER 3","804","12","REPUBLICAN","0"
"46","0","KANKAKEE","0","Under Votes","260","2ND CONGRESS","GANEER 3","804","12","REPUBLICAN","14"
"46","0","KANKAKEE","410","ASHLEY RAMOS","260","2ND CONGRESS","GANEER 3","804","12","REPUBLICAN","36"
"46","0","KANKAKEE","415","THOMAS LYNCH","260","2ND CONGRESS","GANEER 3","804","12","REPUBLICAN","44"
"46","0","KANKAKEE","405","SHANE CULTRA","260","2ND CONGRESS","AROMA 2","1255","12","REPUBLICAN","38"
"46","0","KANKAKEE","0","Over Votes","260","2ND CONGRESS","AROMA 2","1255","12","REPUBLICAN","0"
"46","0","KANKAKEE","0","Blank Ballots","260","2ND CONGRESS","AROMA 2","1255","12","REPUBLICAN","0"
"46","0","KANKAKEE","0","Under Votes","260","2ND CONGRESS","AROMA 2","1255","12","REPUBLICAN","23"
"46","0","KANKAKEE","410","ASHLEY RAMOS","260","2ND CONGRESS","AROMA 2","1255","12","REPUBLICAN","50"
"46","0","KANKAKEE","415","THOMAS LYNCH","260","2ND CONGRESS","AROMA 2","1255","12","REPUBLICAN","81"
"46","0","KANKAKEE","0","Over Votes","260","2ND CONGRESS","KANKAKEE 2","1511","12","REPUBLICAN","0"
"46","0","KANKAKEE","0","Blank Ballots","260","2ND CONGRESS","KANKAKEE 2","1511","12","REPUBLICAN","0"
"46","0","KANKAKEE","0","Under Votes","260","2ND CONGRESS","KANKAKEE 2","1511","12","REPUBLICAN","17"
"46","0","KANKAKEE","410","ASHLEY RAMOS","260","2ND CONGRESS","KANKAKEE 2","1511","12","REPUBLICAN","47"
"46","0","KANKAKEE","415","THOMAS LYNCH","260","2ND CONGRESS","KANKAKEE 2","1511","12","REPUBLICAN","55"
"46","0","KANKAKEE","405","SHANE CULTRA","260","2ND CONGRESS","KANKAKEE 2","1511","12","REPUBLICAN","36"
"46","0","KANKAKEE","415","THOMAS LYNCH","260","2ND CONGRESS","BOURBONNAIS 4","1480","12","REPUBLICAN","52"
"46","0","KANKAKEE","405","SHANE CULTRA","260","2ND CONGRESS","BOURBONNAIS 4","1480","12","REPUBLICAN","28"
"46","0","KANKAKEE","0","Over Votes","260","2ND CONGRESS","BOURBONNAIS 4","1480","12","REPUBLICAN","0"
"46","0","KANKAKEE","0","Blank Ballots","260","2ND CONGRESS","BOURBONNAIS 4","1480","12","REPUBLICAN","0"
"46","0","KANKAKEE","0","Under Votes","260","2ND CONGRESS","BOURBONNAIS 4","1480","12","REPUBLICAN","22"
"46","0","KANKAKEE","410","ASHLEY RAMOS","260","2ND CONGRESS","BOURBONNAIS 4","1480","12","REPUBLICAN","51"
"46","0","KANKAKEE","0","Over Votes","260","2ND CONGRESS","BOURBONNAIS 11","1548","12","REPUBLICAN","0"
"46","0","KANKAKEE","0","Blank Ballots","260","2ND CONGRESS","BOURBONNAIS 11","1548","12","REPUBLICAN","0"
"46","0","KANKAKEE","0","Under Votes","260","2ND CONGRESS","BOURBONNAIS 11","1548","12","REPUBLICAN","10"
"46","0","KANKAKEE","410","ASHLEY RAMOS","260","2ND CONGRESS","BOURBONNAIS 11","1548","12","REPUBLICAN","23"
"46","0","KANKAKEE","415","THOMAS LYNCH","260","2ND CONGRESS","BOURBONNAIS 11","1548","12","REPUBLICAN","37"
"46","0","KANKAKEE","405","SHANE CULTRA","260","2ND CONGRESS","BOURBONNAIS 11","1548","12","REPUBLICAN","27"
"46","0","KANKAKEE","0","Over Votes","260","2ND CONGRESS","LIMESTONE 2","847","12","REPUBLICAN","0"
"46","0","KANKAKEE","0","Blank Ballots","260","2ND CONGRESS","LIMESTONE 2","847","12","REPUBLICAN","0"
"46","0","KANKAKEE","0","Under Votes","260","2ND CONGRESS","LIMESTONE 2","847","12","REPUBLICAN","25"
"46","0","KANKAKEE","410","ASHLEY RAMOS","260","2ND CONGRESS","LIMESTONE 2","847","12","REPUBLICAN","69"
"46","0","KANKAKEE","415","THOMAS LYNCH","260","2ND CONGRESS","LIMESTONE 2","847","12","REPUBLICAN","65"
"46","0","KANKAKEE","405","SHANE CULTRA","260","2ND CONGRESS","LIMESTONE 2","847","12","REPUBLICAN","43"
"46","0","KANKAKEE","0","Over Votes","260","2ND CONGRESS","ST. ANNE","1217","12","REPUBLICAN","0"
"46","0","KANKAKEE","0","Blank Ballots","260","2ND CONGRESS","ST. ANNE","1217","12","REPUBLICAN","0"
"46","0","KANKAKEE","0","Under Votes","260","2ND CONGRESS","ST. ANNE","1217","12","REPUBLICAN","22"
"46","0","KANKAKEE","410","ASHLEY RAMOS","260","2ND CONGRESS","ST. ANNE","1217","12","REPUBLICAN","48"
"46","0","KANKAKEE","415","THOMAS LYNCH","260","2ND CONGRESS","ST. ANNE","1217","12","REPUBLICAN","87"
"46","0","KANKAKEE","405","SHANE CULTRA","260","2ND CONGRESS","ST. ANNE","1217","12","REPUBLICAN","49"
"16","0","COOK","405","SHANE CULTRA","260","2ND CONGRESS","9000048","1032","12","Republican","1"
"16","0","COOK","415","THOMAS LYNCH","260","2ND CONGRESS","9000048","1032","12","Republican","2"
"16","0","COOK","0","Under Votes","260","2ND CONGRESS","9000048","1032","12","Republican","1"
"16","0","COOK","405","SHANE CULTRA","260","2ND CONGRESS","9500003","1639","12","Republican","2"
"16","0","COOK","415","THOMAS LYNCH","260","2ND CONGRESS","9500003","1639","12","Republican","6"
"16","0","COOK","410","ASHLEY RAMOS","260","2ND CONGRESS","9500003","1639","12","Republican","7"
"16","0","COOK","0","Over Votes","260","2ND CONGRESS","9500003","1639","12","Republican","0"
"16","0","COOK","0","Under Votes","260","2ND CONGRESS","9500003","1639","12","Republican","3"
"16","0","COOK","415","THOMAS LYNCH","260","2ND CONGRESS","9500006","1087","12","Republican","4"
"16","0","COOK","410","ASHLEY RAMOS","260","2ND CONGRESS","9500006","1087","12","Republican","3"
"16","0","COOK","0","Over Votes","260","2ND CONGRESS","9500006","1087","12","Republican","0"
"16","0","COOK","0","Under Votes","260","2ND CONGRESS","9500006","1087","12","Republican","2"
"16","0","COOK","415","THOMAS LYNCH","260","2ND CONGRESS","9500009","437","12","Republican","1"
"16","0","COOK","0","Under Votes","260","2ND CONGRESS","9500009","437","12","Republican","0"
"16","0","COOK","410","ASHLEY RAMOS","260","2ND CONGRESS","9500009","437","12","Republican","1"
"16","0","COOK","0","Over Votes","260","2ND CONGRESS","9500009","437","12","Republican","0"
"16","0","COOK","415","THOMAS LYNCH","260","2ND CONGRESS","9500013","1639","12","Republican","16"
"16","0","COOK","0","Under Votes","260","2ND CONGRESS","9500013","1639","12","Republican","4"
"16","0","COOK","410","ASHLEY RAMOS","260","2ND CONGRESS","9500013","1639","12","Republican","6"
"16","0","COOK","0","Over Votes","260","2ND CONGRESS","9500013","1639","12","Republican","0"
"16","0","COOK","405","SHANE CULTRA","260","2ND CONGRESS","9500013","1639","12","Republican","6"
"16","0","COOK","405","SHANE CULTRA","260","2ND CONGRESS","9500037","1140","12","Republican","7"
"16","0","COOK","0","Under Votes","260","2ND CONGRESS","9500037","1140","12","Republican","7"
"16","0","COOK","415","THOMAS LYNCH","260","2ND CONGRESS","9500037","1140","12","Republican","20"
"16","0","COOK","410","ASHLEY RAMOS","260","2ND CONGRESS","9500037","1140","12","Republican","7"
"16","0","COOK","0","Over Votes","260","2ND CONGRESS","9500037","1140","12","Republican","1"
"16","0","COOK","0","Under Votes","260","2ND CONGRESS","9500040","648","12","Republican","1"
"16","0","COOK","410","ASHLEY RAMOS","260","2ND CONGRESS","9500040","648","12","Republican","1"
"16","0","COOK","0","Over Votes","260","2ND CONGRESS","9500040","648","12","Republican","0"
"16","0","COOK","415","THOMAS LYNCH","260","2ND CONGRESS","9500044","764","12","Republican","1"
"16","0","COOK","0","Under Votes","260","2ND CONGRESS","9500044","764","12","Republican","1"
"16","0","COOK","0","Over Votes","260","2ND CONGRESS","9500044","764","12","Republican","0"
"16","0","COOK","405","SHANE CULTRA","260","2ND CONGRESS","9500044","764","12","Republican","3"
"16","0","COOK","415","THOMAS LYNCH","260","2ND CONGRESS","9500047","1277","12","Republican","18"
"16","0","COOK","410","ASHLEY RAMOS","260","2ND CONGRESS","9500047","1277","12","Republican","16"
"16","0","COOK","0","Under Votes","260","2ND CONGRESS","9500047","1277","12","Republican","5"
"16","0","COOK","0","Over Votes","260","2ND CONGRESS","9500047","1277","12","Republican","0"
"16","0","COOK","405","SHANE CULTRA","260","2ND CONGRESS","9500047","1277","12","Republican","7"
"16","0","COOK","405","SHANE CULTRA","260","2ND CONGRESS","9500070","504","12","Republican","2"
"16","0","COOK","415","THOMAS LYNCH","260","2ND CONGRESS","9500070","504","12","Republican","4"
"16","0","COOK","410","ASHLEY RAMOS","260","2ND CONGRESS","9500070","504","12","Republican","2"
"16","0","COOK","0","Over Votes","260","2ND CONGRESS","9500070","504","12","Republican","0"
"16","0","COOK","0","Under Votes","260","2ND CONGRESS","9500070","504","12","Republican","1"
"16","0","COOK","415","THOMAS LYNCH","260","2ND CONGRESS","9500077","1568","12","Republican","2"
"105","16","CITY OF CHICAGO","410","ASHLEY RAMOS","260","2ND CONGRESS","Ward 05 Precinct 31","589","12","Republican","3"
"105","16","CITY OF CHICAGO","405","SHANE CULTRA","260","2ND CONGRESS","Ward 05 Precinct 31","589","12","Republican","1"
"105","16","CITY OF CHICAGO","410","ASHLEY RAMOS","260","2ND CONGRESS","Ward 07 Precinct 05","608","12","Republican","1"
"105","16","CITY OF CHICAGO","0","Over Votes","260","2ND CONGRESS","Ward 07 Precinct 05","608","12","Republican","0"
"105","16","CITY OF CHICAGO","415","THOMAS LYNCH","260","2ND CONGRESS","Ward 07 Precinct 05","608","12","Republican","1"
"105","16","CITY OF CHICAGO","405","SHANE CULTRA","260","2ND CONGRESS","Ward 07 Precinct 05","608","12","Republican","1"
"105","16","CITY OF CHICAGO","0","Under Votes","260","2ND CONGRESS","Ward 07 Precinct 05","608","12","Republican","3"
"105","16","CITY OF CHICAGO","0","Over Votes","260","2ND CONGRESS","Ward 07 Precinct 14","827","12","Republican","0"
"105","16","CITY OF CHICAGO","0","Under Votes","260","2ND CONGRESS","Ward 07 Precinct 14","827","12","Republican","2"
"105","16","CITY OF CHICAGO","410","ASHLEY RAMOS","260","2ND CONGRESS","Ward 07 Precinct 14","827","12","Republican","3"
"105","16","CITY OF CHICAGO","405","SHANE CULTRA","260","2ND CONGRESS","Ward 07 Precinct 14","827","12","Republican","2"
"105","16","CITY OF CHICAGO","0","Over Votes","260","2ND CONGRESS","Ward 09 Precinct 09","683","12","Republican","0"
"105","16","CITY OF CHICAGO","405","SHANE CULTRA","260","2ND CONGRESS","Ward 09 Precinct 09","683","12","Republican","1"
"105","16","CITY OF CHICAGO","410","ASHLEY RAMOS","260","2ND CONGRESS","Ward 09 Precinct 09","683","12","Republican","2"
"105","16","CITY OF CHICAGO","0","Under Votes","260","2ND CONGRESS","Ward 09 Precinct 09","683","12","Republican","0"
"105","16","CITY OF CHICAGO","0","Over Votes","260","2ND CONGRESS","Ward 09 Precinct 31","642","12","Republican","0"
"105","16","CITY OF CHICAGO","415","THOMAS LYNCH","260","2ND CONGRESS","Ward 09 Precinct 31","642","12","Republican","2"
"105","16","CITY OF CHICAGO","410","ASHLEY RAMOS","260","2ND CONGRESS","Ward 09 Precinct 31","642","12","Republican","1"
"105","16","CITY OF CHICAGO","0","Under Votes","260","2ND CONGRESS","Ward 09 Precinct 31","642","12","Republican","4"
"105","16","CITY OF CHICAGO","0","Over Votes","260","2ND CONGRESS","Ward 09 Precinct 33","588","12","Republican","0"
"105","16","CITY OF CHICAGO","415","THOMAS LYNCH","260","2ND CONGRESS","Ward 09 Precinct 33","588","12","Republican","1"
"105","16","CITY OF CHICAGO","0","Under Votes","260","2ND CONGRESS","Ward 09 Precinct 33","588","12","Republican","0"
"105","16","CITY OF CHICAGO","0","Over Votes","260","2ND CONGRESS","Ward 09 Precinct 43","694","12","Republican","0"
"105","16","CITY OF CHICAGO","410","ASHLEY RAMOS","260","2ND CONGRESS","Ward 09 Precinct 43","694","12","Republican","1"
"105","16","CITY OF CHICAGO","0","Under Votes","260","2ND CONGRESS","Ward 09 Precinct 43","694","12","Republican","0"
"105","16","CITY OF CHICAGO","0","Over Votes","260","2ND CONGRESS","Ward 10 Precinct 07","661","12","Republican","0"
"105","16","CITY OF CHICAGO","415","THOMAS LYNCH","260","2ND CONGRESS","Ward 10 Precinct 07","661","12","Republican","4"
"105","16","CITY OF CHICAGO","410","ASHLEY RAMOS","260","2ND CONGRESS","Ward 10 Precinct 07","661","12","Republican","5"
"105","16","CITY OF CHICAGO","0","Under Votes","260","2ND CONGRESS","Ward 10 Precinct 07","661","12","Republican","0"
"105","16","CITY OF CHICAGO","0","Over Votes","260","2ND CONGRESS","Ward 10 Precinct 10","772","12","Republican","0"
"105","16","CITY OF CHICAGO","405","SHANE CULTRA","260","2ND CONGRESS","Ward 10 Precinct 10","772","12","Republican","1"
"105","16","CITY OF CHICAGO","415","THOMAS LYNCH","260","2ND CONGRESS","Ward 10 Precinct 10","772","12","Republican","12"
"105","16","CITY OF CHICAGO","410","ASHLEY RAMOS","260","2ND CONGRESS","Ward 10 Precinct 10","772","12","Republican","7"
"105","16","CITY OF CHICAGO","0","Under Votes","260","2ND CONGRESS","Ward 10 Precinct 10","772","12","Republican","3"
"105","16","CITY OF CHICAGO","0","Over Votes","260","2ND CONGRESS","Ward 10 Precinct 21","836","12","Republican","0"
"105","16","CITY OF CHICAGO","405","SHANE CULTRA","260","2ND CONGRESS","Ward 10 Precinct 21","836","12","Republican","2"
"105","16","CITY OF CHICAGO","415","THOMAS LYNCH","260","2ND CONGRESS","Ward 10 Precinct 21","836","12","Republican","9"
"16","0","COOK","0","Over Votes","260","2ND CONGRESS","7100054","1170","11","Democratic","0"
"16","0","COOK","420","ROBIN KELLY","260","2ND CONGRESS","9000002","1569","11","Democratic","440"
"16","0","COOK","0","Over Votes","260","2ND CONGRESS","9000002","1569","11","Democratic","0"
"16","0","COOK","0","Under Votes","260","2ND CONGRESS","9000002","1569","11","Democratic","15"
"16","0","COOK","420","ROBIN KELLY","260","2ND CONGRESS","9000005","1115","11","Democratic","330"
"16","0","COOK","0","Over Votes","260","2ND CONGRESS","9000005","1115","11","Democratic","0"
"16","0","COOK","0","Under Votes","260","2ND CONGRESS","9000005","1115","11","Democratic","9"
"16","0","COOK","0","Over Votes","260","2ND CONGRESS","9000008","1686","11","Democratic","0"
"16","0","COOK","0","Under Votes","260","2ND CONGRESS","9000008","1686","11","Democratic","11"
"16","0","COOK","420","ROBIN KELLY","260","2ND CONGRESS","9000008","1686","11","Democratic","231"
"16","0","COOK","420","ROBIN KELLY","260","2ND CONGRESS","9000032","1305","11","Democratic","203"
"16","0","COOK","0","Over Votes","260","2ND CONGRESS","9000032","1305","11","Democratic","0"
"16","0","COOK","0","Under Votes","260","2ND CONGRESS","9000032","1305","11","Democratic","5"
"16","0","COOK","420","ROBIN KELLY","260","2ND CONGRESS","9000036","2347","11","Democratic","579"
"16","0","COOK","0","Over Votes","260","2ND CONGRESS","9000036","2347","11","Democratic","0"
"16","0","COOK","0","Under Votes","260","2ND CONGRESS","9000036","2347","11","Democratic","26"
"16","0","COOK","420","ROBIN KELLY","260","2ND CONGRESS","9000040","937","11","Democratic","189"
"16","0","COOK","0","Over Votes","260","2ND CONGRESS","9000040","937","11","Democratic","0"
"16","0","COOK","0","Under Votes","260","2ND CONGRESS","9000040","937","11","Democratic","11"
"16","0","COOK","420","ROBIN KELLY","260","2ND CONGRESS","9000043","1345","11","Democratic","168"
"16","0","COOK","0","Over Votes","260","2ND CONGRESS","9000043","1345","11","Democratic","0"
"16","0","COOK","0","Under Votes","260","2ND CONGRESS","9000043","1345","11","Democratic","4"
"16","0","COOK","420","ROBIN KELLY","260","2ND CONGRESS","9500001","995","11","Democratic","133"
"16","0","COOK","0","Over Votes","260","2ND CONGRESS","9500001","995","11","Democratic","0"
"16","0","COOK","0","Under Votes","260","2ND CONGRESS","9500001","995","11","Democratic","13"
"16","0","COOK","420","ROBIN KELLY","260","2ND CONGRESS","9500004","1108","11","Democratic","198"
"16","0","COOK","0","Over Votes","260","2ND CONGRESS","9500004","1108","11","Democratic","0"
"16","0","COOK","0","Under Votes","260","2ND CONGRESS","9500004","1108","11","Democratic","12"
"16","0","COOK","420","ROBIN KELLY","260","2ND CONGRESS","9500029","1155","11","Democratic","149"
"16","0","COOK","0","Over Votes","260","2ND CONGRESS","9500029","1155","11","Democratic","0"
"16","0","COOK","0","Under Votes","260","2ND CONGRESS","9500029","1155","11","Democratic","7"
"16","0","COOK","420","ROBIN KELLY","260","2ND CONGRESS","9500032","898","11","Democratic","85"
"16","0","COOK","0","Over Votes","260","2ND CONGRESS","9500032","898","11","Democratic","0"
"16","0","COOK","0","Under Votes","260","2ND CONGRESS","9500032","898","11","Democratic","8"
"16","0","COOK","420","ROBIN KELLY","260","2ND CONGRESS","9500035","1324","11","Democratic","213"
"16","0","COOK","0","Over Votes","260","2ND CONGRESS","9500035","1324","11","Democratic","0"
"16","0","COOK","0","Under Votes","260","2ND CONGRESS","9500035","1324","11","Democratic","13"
"16","0","COOK","420","ROBIN KELLY","260","2ND CONGRESS","9500038","1494","11","Democratic","136"
"16","0","COOK","0","Over Votes","260","2ND CONGRESS","9500038","1494","11","Democratic","0"
"16","0","COOK","0","Under Votes","260","2ND CONGRESS","9500038","1494","11","Democratic","11"
"16","0","COOK","420","ROBIN KELLY","260","2ND CONGRESS","9500062","460","11","Democratic","20"
"16","0","COOK","0","Over Votes","260","2ND CONGRESS","9500062","460","11","Democratic","0"
"16","0","COOK","0","Under Votes","260","2ND CONGRESS","9500062","460","11","Democratic","5"
"16","0","COOK","420","ROBIN KELLY","260","2ND CONGRESS","9500065","1483","11","Democratic","101"
"16","0","COOK","0","Over Votes","260","2ND CONGRESS","9500065","1483","11","Democratic","0"
"92","0","VERMILION","405","SHANE CULTRA","260","2ND CONGRESS","OAKWOOD 5","577","12","REPUBLICAN","20"
"92","0","VERMILION","0","Over Votes","260","2ND CONGRESS","OAKWOOD 5","577","12","REPUBLICAN","0"
"92","0","VERMILION","415","THOMAS LYNCH","260","2ND CONGRESS","OAKWOOD 5","577","12","REPUBLICAN","26"
"92","0","VERMILION","0","Under Votes","260","2ND CONGRESS","OAKWOOD 5","577","12","REPUBLICAN","4"
"92","0","VERMILION","0","Blank Ballots","260","2ND CONGRESS","OAKWOOD 5","577","12","REPUBLICAN","0"
"92","0","VERMILION","410","ASHLEY RAMOS","260","2ND CONGRESS","DANVILLE 1","917","12","REPUBLICAN","20"
"92","0","VERMILION","405","SHANE CULTRA","260","2ND CONGRESS","DANVILLE 1","917","12","REPUBLICAN","18"
"92","0","VERMILION","0","Over Votes","260","2ND CONGRESS","DANVILLE 1","917","12","REPUBLICAN","0"
"92","0","VERMILION","415","THOMAS LYNCH","260","2ND CONGRESS","DANVILLE 1","917","12","REPUBLICAN","49"
"92","0","VERMILION","0","Under Votes","260","2ND CONGRESS","DANVILLE 1","917","12","REPUBLICAN","14"
"92","0","VERMILION","0","Blank Ballots","260","2ND CONGRESS","DANVILLE 1","917","12","REPUBLICAN","0"
"92","0","VERMILION","410","ASHLEY RAMOS","260","2ND CONGRESS","DANVILLE 13","323","12","REPUBLICAN","9"
"92","0","VERMILION","405","SHANE CULTRA","260","2ND CONGRESS","DANVILLE 13","323","12","REPUBLICAN","12"
"92","0","VERMILION","0","Over Votes","260","2ND CONGRESS","DANVILLE 13","323","12","REPUBLICAN","0"
"92","0","VERMILION","415","THOMAS LYNCH","260","2ND CONGRESS","DANVILLE 13","323","12","REPUBLICAN","12"
"92","0","VERMILION","0","Under Votes","260","2ND CONGRESS","DANVILLE 13","323","12","REPUBLICAN","1"
"92","0","VERMILION","0","Blank Ballots","260","2ND CONGRESS","DANVILLE 13","323","12","REPUBLICAN","0"
"92","0","VERMILION","410","ASHLEY RAMOS","260","2ND CONGRESS","NEWELL 2","892","12","REPUBLICAN","47"
"92","0","VERMILION","405","SHANE CULTRA","260","2ND CONGRESS","NEWELL 2","892","12","REPUBLICAN","65"
"92","0","VERMILION","0","Over Votes","260","2ND CONGRESS","NEWELL 2","892","12","REPUBLICAN","0"
"92","0","VERMILION","415","THOMAS LYNCH","260","2ND CONGRESS","NEWELL 2","892","12","REPUBLICAN","67"
"92","0","VERMILION","0","Under Votes","260","2ND CONGRESS","NEWELL 2","892","12","REPUBLICAN","19"
"92","0","VERMILION","0","Blank Ballots","260","2ND CONGRESS","NEWELL 2","892","12","REPUBLICAN","0"
"92","0","VERMILION","410","ASHLEY RAMOS","260","2ND CONGRESS","DANVILLE 5","871","12","REPUBLICAN","28"
"92","0","VERMILION","405","SHANE CULTRA","260","2ND CONGRESS","DANVILLE 5","871","12","REPUBLICAN","13"
"92","0","VERMILION","0","Over Votes","260","2ND CONGRESS","DANVILLE 5","871","12","REPUBLICAN","0"
"92","0","VERMILION","415","THOMAS LYNCH","260","2ND CONGRESS","DANVILLE 5","871","12","REPUBLICAN","49"
"92","0","VERMILION","0","Under Votes","260","2ND CONGRESS","DANVILLE 5","871","12","REPUBLICAN","7"
"92","0","VERMILION","0","Blank Ballots","260","2ND CONGRESS","DANVILLE 5","871","12","REPUBLICAN","0"
"92","0","VERMILION","410","ASHLEY RAMOS","260","2ND CONGRESS","CATLIN 1","709","12","REPUBLICAN","34"
"92","0","VERMILION","405","SHANE CULTRA","260","2ND CONGRESS","CATLIN 1","709","12","REPUBLICAN","22"
"92","0","VERMILION","0","Over Votes","260","2ND CONGRESS","CATLIN 1","709","12","REPUBLICAN","0"
"92","0","VERMILION","415","THOMAS LYNCH","260","2ND CONGRESS","CATLIN 1","709","12","REPUBLICAN","39"
"92","0","VERMILION","0","Under Votes","260","2ND CONGRESS","CATLIN 1","709","12","REPUBLICAN","10"
"92","0","VERMILION","0","Blank Ballots","260","2ND CONGRESS","CATLIN 1","709","12","REPUBLICAN","0"
"92","0","VERMILION","410","ASHLEY RAMOS","260","2ND CONGRESS","OAKWOOD 1","924","12","REPUBLICAN","47"
"92","0","VERMILION","405","SHANE CULTRA","260","2ND CONGRESS","OAKWOOD 1","924","12","REPUBLICAN","45"
"92","0","VERMILION","0","Over Votes","260","2ND CONGRESS","OAKWOOD 1","924","12","REPUBLICAN","0"
"92","0","VERMILION","415","THOMAS LYNCH","260","2ND CONGRESS","OAKWOOD 1","924","12","REPUBLICAN","56"
"92","0","VERMILION","0","Under Votes","260","2ND CONGRESS","OAKWOOD 1","924","12","REPUBLICAN","19"
"92","0","VERMILION","0","Blank Ballots","260","2ND CONGRESS","OAKWOOD 1","924","12","REPUBLICAN","0"
"92","0","VERMILION","410","ASHLEY RAMOS","260","2ND CONGRESS","ROSS","965","12","REPUBLICAN","30"
"53","0","LIVINGSTON","0","Under Votes","260","2ND CONGRESS","PONTIAC 1","511","12","REPUBLICAN","24"
"53","0","LIVINGSTON","0","Over Votes","260","2ND CONGRESS","PONTIAC 1","511","12","REPUBLICAN","0"
"53","0","LIVINGSTON","405","SHANE CULTRA","260","2ND CONGRESS","PONTIAC 1","511","12","REPUBLICAN","35"
"53","0","LIVINGSTON","415","THOMAS LYNCH","260","2ND CONGRESS","PONTIAC 1","511","12","REPUBLICAN","32"
"53","0","LIVINGSTON","410","ASHLEY RAMOS","260","2ND CONGRESS","PONTIAC 1","511","12","REPUBLICAN","39"
"53","0","LIVINGSTON","0","Blank Ballots","260","2ND CONGRESS","PONTIAC 5","656","12","REPUBLICAN","0"
"53","0","LIVINGSTON","0","Under Votes","260","2ND CONGRESS","PONTIAC 5","656","12","REPUBLICAN","30"
"53","0","LIVINGSTON","0","Over Votes","260","2ND CONGRESS","PONTIAC 5","656","12","REPUBLICAN","0"
"53","0","LIVINGSTON","405","SHANE CULTRA","260","2ND CONGRESS","PONTIAC 5","656","12","REPUBLICAN","55"
"53","0","LIVINGSTON","415","THOMAS LYNCH","260","2ND CONGRESS","PONTIAC 5","656","12","REPUBLICAN","34"
"53","0","LIVINGSTON","410","ASHLEY RAMOS","260","2ND CONGRESS","PONTIAC 5","656","12","REPUBLICAN","39"
"53","0","LIVINGSTON","0","Blank Ballots","260","2ND CONGRESS","BELLE PRAIRIE","86","12","REPUBLICAN","0"
"53","0","LIVINGSTON","0","Under Votes","260","2ND CONGRESS","BELLE PRAIRIE","86","12","REPUBLICAN","1"
"53","0","LIVINGSTON","0","Over Votes","260","2ND CONGRESS","BELLE PRAIRIE","86","12","REPUBLICAN","0"
"53","0","LIVINGSTON","405","SHANE CULTRA","260","2ND CONGRESS","BELLE PRAIRIE","86","12","REPUBLICAN","21"
"53","0","LIVINGSTON","415","THOMAS LYNCH","260","2ND CONGRESS","BELLE PRAIRIE","86","12","REPUBLICAN","4"
"53","0","LIVINGSTON","410","ASHLEY RAMOS","260","2ND CONGRESS","BELLE PRAIRIE","86","12","REPUBLICAN","6"
"53","0","LIVINGSTON","0","Blank Ballots","260","2ND CONGRESS","PONTIAC 7","588","12","REPUBLICAN","0"
"53","0","LIVINGSTON","0","Under Votes","260","2ND CONGRESS","PONTIAC 7","588","12","REPUBLICAN","31"
"53","0","LIVINGSTON","0","Over Votes","260","2ND CONGRESS","PONTIAC 7","588","12","REPUBLICAN","0"
"53","0","LIVINGSTON","405","SHANE CULTRA","260","2ND CONGRESS","PONTIAC 7","588","12","REPUBLICAN","42"
"53","0","LIVINGSTON","415","THOMAS LYNCH","260","2ND CONGRESS","PONTIAC 7","588","12","REPUBLICAN","35"
"53","0","LIVINGSTON","410","ASHLEY RAMOS","260","2ND CONGRESS","PONTIAC 7","588","12","REPUBLICAN","46"
"53","0","LIVINGSTON","0","Blank Ballots","260","2ND CONGRESS","UNION","144","12","REPUBLICAN","0"
"53","0","LIVINGSTON","0","Under Votes","260","2ND CONGRESS","UNION","144","12","REPUBLICAN","7"
"53","0","LIVINGSTON","0","Over Votes","260","2ND CONGRESS","UNION","144","12","REPUBLICAN","0"
"53","0","LIVINGSTON","405","SHANE CULTRA","260","2ND CONGRESS","UNION","144","12","REPUBLICAN","21"
"53","0","LIVINGSTON","415","THOMAS LYNCH","260","2ND CONGRESS","UNION","144","12","REPUBLICAN","19"
"53","0","LIVINGSTON","410","ASHLEY RAMOS","260","2ND CONGRESS","UNION","144","12","REPUBLICAN","9"
"53","0","LIVINGSTON","0","Blank Ballots","260","2ND CONGRESS","DWIGHT 3","625","12","REPUBLICAN","0"
"53","0","LIVINGSTON","0","Under Votes","260","2ND CONGRESS","DWIGHT 3","625","12","REPUBLICAN","12"
"53","0","LIVINGSTON","0","Over Votes","260","2ND CONGRESS","DWIGHT 3","625","12","REPUBLICAN","0"
"53","0","LIVINGSTON","405","SHANE CULTRA","260","2ND CONGRESS","DWIGHT 3","625","12","REPUBLICAN","40"
"53","0","LIVINGSTON","415","THOMAS LYNCH","260","2ND CONGRESS","DWIGHT 3","625","12","REPUBLICAN","40"
"53","0","LIVINGSTON","410","ASHLEY RAMOS","260","2ND CONGRESS","DWIGHT 3","625","12","REPUBLICAN","28"
"53","0","LIVINGSTON","0","Blank Ballots","260","2ND CONGRESS","INDIAN GRV 1","726","12","REPUBLICAN","0"
"53","0","LIVINGSTON","0","Under Votes","260","2ND CONGRESS","INDIAN GRV 1","726","12","REPUBLICAN","44"
"53","0","LIVINGSTON","0","Over Votes","260","2ND CONGRESS","INDIAN GRV 1","726","12","REPUBLICAN","0"
"53","0","LIVINGSTON","405","SHANE CULTRA","260","2ND CONGRESS","INDIAN GRV 1","726","12","REPUBLICAN","117"
"53","0","LIVINGSTON","415","THOMAS LYNCH","260","2ND CONGRESS","INDIAN GRV 1","726","12","REPUBLICAN","50"
"53","0","LIVINGSTON","410","ASHLEY RAMOS","260","2ND CONGRESS","INDIAN GRV 1","726","12","REPUBLICAN","52"
"53","0","LIVINGSTON","0","Blank Ballots","260","2ND CONGRESS","PLEASANT RIDGE","140","12","REPUBLICAN","0"
"46","0","KANKAKEE","0","Over Votes","260","2ND CONGRESS","KANKAKEE 4","1465","12","REPUBLICAN","0"
"46","0","KANKAKEE","0","Blank Ballots","260","2ND CONGRESS","KANKAKEE 4","1465","12","REPUBLICAN","0"
"46","0","KANKAKEE","0","Under Votes","260","2ND CONGRESS","KANKAKEE 4","1465","12","REPUBLICAN","22"
"46","0","KANKAKEE","410","ASHLEY RAMOS","260","2ND CONGRESS","KANKAKEE 4","1465","12","REPUBLICAN","53"
"46","0","KANKAKEE","415","THOMAS LYNCH","260","2ND CONGRESS","KANKAKEE 4","1465","12","REPUBLICAN","70"
"46","0","KANKAKEE","405","SHANE CULTRA","260","2ND CONGRESS","KANKAKEE 4","1465","12","REPUBLICAN","44"
"46","0","KANKAKEE","0","Over Votes","260","2ND CONGRESS","BOURBONNAIS 13","973","12","REPUBLICAN","0"
"46","0","KANKAKEE","0","Blank Ballots","260","2ND CONGRESS","BOURBONNAIS 13","973","12","REPUBLICAN","0"
"46","0","KANKAKEE","0","Under Votes","260","2ND CONGRESS","BOURBONNAIS 13","973","12","REPUBLICAN","0"
"46","0","KANKAKEE","410","ASHLEY RAMOS","260","2ND CONGRESS","BOURBONNAIS 13","973","12","REPUBLICAN","0"
"46","0","KANKAKEE","415","THOMAS LYNCH","260","2ND CONGRESS","BOURBONNAIS 13","973","12","REPUBLICAN","2"
"46","0","KANKAKEE","405","SHANE CULTRA","260","2ND CONGRESS","BOURBONNAIS 13","973","12","REPUBLICAN","0"
"27","0","FORD","410","ASHLEY RAMOS","260","2ND CONGRESS","DIX","429","12","REPUBLICAN","9"
"27","0","FORD","0","Under Votes","260","2ND CONGRESS","DIX","429","12","REPUBLICAN","0"
"27","0","FORD","0","Blank Ballots","260","2ND CONGRESS","DIX","429","12","REPUBLICAN","1"
"27","0","FORD","405","SHANE CULTRA","260","2ND CONGRESS","DIX","429","12","REPUBLICAN","60"
"27","0","FORD","0","Over Votes","260","2ND CONGRESS","DIX","429","12","REPUBLICAN","0"
"27","0","FORD","415","THOMAS LYNCH","260","2ND CONGRESS","DIX","429","12","REPUBLICAN","21"
"27","0","FORD","410","ASHLEY RAMOS","260","2ND CONGRESS","PATTON 2","442","12","REPUBLICAN","6"
"27","0","FORD","0","Under Votes","260","2ND CONGRESS","PATTON 2","442","12","REPUBLICAN","0"
"27","0","FORD","0","Blank Ballots","260","2ND CONGRESS","PATTON 2","442","12","REPUBLICAN","12"
"27","0","FORD","405","SHANE CULTRA","260","2ND CONGRESS","PATTON 2","442","12","REPUBLICAN","67"
"27","0","FORD","0","Over Votes","260","2ND CONGRESS","PATTON 2","442","12","REPUBLICAN","0"
"27","0","FORD","415","THOMAS LYNCH","260","2ND CONGRESS","PATTON 2","442","12","REPUBLICAN","17"
"27","0","FORD","410","ASHLEY RAMOS","260","2ND CONGRESS","SULLIVANT","332","12","REPUBLICAN","12"
"27","0","FORD","0","Under Votes","260","2ND CONGRESS","SULLIVANT","332","12","REPUBLICAN","0"
"27","0","FORD","0","Blank Ballots","260","2ND CONGRESS","SULLIVANT","332","12","REPUBLICAN","6"
"27","0","FORD","405","SHANE CULTRA","260","2ND CONGRESS","SULLIVANT","332","12","REPUBLICAN","46"
"27","0","FORD","0","Over Votes","260","2ND CONGRESS","SULLIVANT","332","12","REPUBLICAN","0"
"27","0","FORD","415","THOMAS LYNCH","260","2ND CONGRESS","SULLIVANT","332","12","REPUBLICAN","22"
"27","0","FORD","410","ASHLEY RAMOS","260","2ND CONGRESS","BRENTON","559","12","REPUBLICAN","12"
"27","0","FORD","0","Under Votes","260","2ND CONGRESS","BRENTON","559","12","REPUBLICAN","0"
"27","0","FORD","0","Blank Ballots","260","2ND CONGRESS","BRENTON","559","12","REPUBLICAN","6"
"27","0","FORD","405","SHANE CULTRA","260","2ND CONGRESS","BRENTON","559","12","REPUBLICAN","73"
"27","0","FORD","0","Over Votes","260","2ND CONGRESS","BRENTON","559","12","REPUBLICAN","0"
"27","0","FORD","415","THOMAS LYNCH","260","2ND CONGRESS","BRENTON","559","12","REPUBLICAN","29"
"27","0","FORD","410","ASHLEY RAMOS","260","2ND CONGRESS","MONA","203","12","REPUBLICAN","14"
"27","0","FORD","0","Under Votes","260","2ND CONGRESS","MONA","203","12","REPUBLICAN","0"
"27","0","FORD","0","Blank Ballots","260","2ND CONGRESS","MONA","203","12","REPUBLICAN","3"
"27","0","FORD","405","SHANE CULTRA","260","2ND CONGRESS","MONA","203","12","REPUBLICAN","36"
"27","0","FORD","0","Over Votes","260","2ND CONGRESS","MONA","203","12","REPUBLICAN","0"
"27","0","FORD","415","THOMAS LYNCH","260","2ND CONGRESS","MONA","203","12","REPUBLICAN","8"
"27","0","FORD","410","ASHLEY RAMOS","260","2ND CONGRESS","PELLA","144","12","REPUBLICAN","9"
"27","0","FORD","0","Under Votes","260","2ND CONGRESS","PELLA","144","12","REPUBLICAN","0"
"16","0","COOK","0","Under Votes","260","2ND CONGRESS","9500077","1568","12","Republican","0"
"16","0","COOK","410","ASHLEY RAMOS","260","2ND CONGRESS","9500077","1568","12","Republican","6"
"16","0","COOK","0","Over Votes","260","2ND CONGRESS","9500077","1568","12","Republican","0"
"16","0","COOK","415","THOMAS LYNCH","260","2ND CONGRESS","9500080","777","12","Republican","3"
"16","0","COOK","0","Under Votes","260","2ND CONGRESS","9500080","777","12","Republican","3"
"16","0","COOK","410","ASHLEY RAMOS","260","2ND CONGRESS","9500080","777","12","Republican","4"
"16","0","COOK","0","Over Votes","260","2ND CONGRESS","9500080","777","12","Republican","0"
"16","0","COOK","405","SHANE CULTRA","260","2ND CONGRESS","9500080","777","12","Republican","2"
"16","0","COOK","405","SHANE CULTRA","260","2ND CONGRESS","9500112","783","12","Republican","1"
"16","0","COOK","415","THOMAS LYNCH","260","2ND CONGRESS","9500112","783","12","Republican","2"
"16","0","COOK","0","Over Votes","260","2ND CONGRESS","9500112","783","12","Republican","0"
"16","0","COOK","0","Under Votes","260","2ND CONGRESS","9500112","783","12","Republican","0"
"16","0","COOK","415","THOMAS LYNCH","260","2ND CONGRESS","9500116","1159","12","Republican","3"
"16","0","COOK","410","ASHLEY RAMOS","260","2ND CONGRESS","9500116","1159","12","Republican","4"
"16","0","COOK","0","Under Votes","260","2ND CONGRESS","9500116","1159","12","Republican","1"
"16","0","COOK","0","Over Votes","260","2ND CONGRESS","9500116","1159","12","Republican","0"
"16","0","COOK","405","SHANE CULTRA","260","2ND CONGRESS","9500116","1159","12","Republican","2"
"16","0","COOK","405","SHANE CULTRA","260","2ND CONGRESS","9500120","1435","12","Republican","2"
"16","0","COOK","415","THOMAS LYNCH","260","2ND CONGRESS","9500120","1435","12","Republican","6"
"16","0","COOK","410","ASHLEY RAMOS","260","2ND CONGRESS","9500120","1435","12","Republican","6"
"16","0","COOK","0","Under Votes","260","2ND CONGRESS","9500120","1435","12","Republican","0"
"16","0","COOK","0","Over Votes","260","2ND CONGRESS","9500120","1435","12","Republican","0"
"16","0","COOK","405","SHANE CULTRA","260","2ND CONGRESS","7100001","1023","12","Republican","5"
"16","0","COOK","0","Under Votes","260","2ND CONGRESS","7100001","1023","12","Republican","7"
"16","0","COOK","415","THOMAS LYNCH","260","2ND CONGRESS","7100001","1023","12","Republican","20"
"16","0","COOK","0","Over Votes","260","2ND CONGRESS","7100001","1023","12","Republican","0"
"16","0","COOK","410","ASHLEY RAMOS","260","2ND CONGRESS","7100001","1023","12","Republican","6"
"16","0","COOK","405","SHANE CULTRA","260","2ND CONGRESS","7100005","1660","12","Republican","11"
"16","0","COOK","0","Under Votes","260","2ND CONGRESS","7100005","1660","12","Republican","1"
"16","0","COOK","410","ASHLEY RAMOS","260","2ND CONGRESS","7100005","1660","12","Republican","34"
"16","0","COOK","415","THOMAS LYNCH","260","2ND CONGRESS","7100005","1660","12","Republican","37"
"16","0","COOK","0","Over Votes","260","2ND CONGRESS","7100005","1660","12","Republican","0"
"16","0","COOK","405","SHANE CULTRA","260","2ND CONGRESS","7100008","1178","12","Republican","10"
"16","0","COOK","0","Under Votes","260","2ND CONGRESS","7100008","1178","12","Republican","10"
"16","0","COOK","410","ASHLEY RAMOS","260","2ND CONGRESS","7100008","1178","12","Republican","20"
"16","0","COOK","415","THOMAS LYNCH","260","2ND CONGRESS","7100008","1178","12","Republican","30"
"16","0","COOK","0","Over Votes","260","2ND CONGRESS","7100008","1178","12","Republican","0"
"16","0","COOK","0","Under Votes","260","2ND CONGRESS","7100034","1241","12","Republican","0"
"16","0","COOK","415","THOMAS LYNCH","260","2ND CONGRESS","9500063","635","12","Republican","5"
"16","0","COOK","410","ASHLEY RAMOS","260","2ND CONGRESS","9500063","635","12","Republican","1"
"16","0","COOK","0","Over Votes","260","2ND CONGRESS","9500063","635","12","Republican","0"
"16","0","COOK","405","SHANE CULTRA","260","2ND CONGRESS","9500063","635","12","Republican","1"
"16","0","COOK","0","Over Votes","260","2ND CONGRESS","9500087","1508","12","Republican","0"
"16","0","COOK","405","SHANE CULTRA","260","2ND CONGRESS","9500087","1508","12","Republican","2"
"105","16","CITY OF CHICAGO","410","ASHLEY RAMOS","260","2ND CONGRESS","Ward 10 Precinct 21","836","12","Republican","6"
"105","16","CITY OF CHICAGO","0","Under Votes","260","2ND CONGRESS","Ward 10 Precinct 21","836","12","Republican","0"
"105","16","CITY OF CHICAGO","0","Over Votes","260","2ND CONGRESS","Ward 10 Precinct 32","780","12","Republican","0"
"105","16","CITY OF CHICAGO","405","SHANE CULTRA","260","2ND CONGRESS","Ward 10 Precinct 32","780","12","Republican","6"
"105","16","CITY OF CHICAGO","415","THOMAS LYNCH","260","2ND CONGRESS","Ward 10 Precinct 32","780","12","Republican","6"
"105","16","CITY OF CHICAGO","410","ASHLEY RAMOS","260","2ND CONGRESS","Ward 10 Precinct 32","780","12","Republican","7"
"105","16","CITY OF CHICAGO","0","Under Votes","260","2ND CONGRESS","Ward 10 Precinct 32","780","12","Republican","4"
"105","16","CITY OF CHICAGO","0","Over Votes","260","2ND CONGRESS","Ward 10 Precinct 35","751","12","Republican","0"
"105","16","CITY OF CHICAGO","405","SHANE CULTRA","260","2ND CONGRESS","Ward 10 Precinct 35","751","12","Republican","9"
"105","16","CITY OF CHICAGO","415","THOMAS LYNCH","260","2ND CONGRESS","Ward 10 Precinct 35","751","12","Republican","20"
"105","16","CITY OF CHICAGO","410","ASHLEY RAMOS","260","2ND CONGRESS","Ward 10 Precinct 35","751","12","Republican","10"
"105","16","CITY OF CHICAGO","0","Under Votes","260","2ND CONGRESS","Ward 10 Precinct 35","751","12","Republican","4"
"105","16","CITY OF CHICAGO","0","Under Votes","260","2ND CONGRESS","Ward 10 Precinct 02","724","12","Republican","4"
"105","16","CITY OF CHICAGO","405","SHANE CULTRA","260","2ND CONGRESS","Ward 10 Precinct 02","724","12","Republican","4"
"105","16","CITY OF CHICAGO","415","THOMAS LYNCH","260","2ND CONGRESS","Ward 10 Precinct 02","724","12","Republican","19"
"105","16","CITY OF CHICAGO","410","ASHLEY RAMOS","260","2ND CONGRESS","Ward 10 Precinct 02","724","12","Republican","7"
"105","16","CITY OF CHICAGO","0","Over Votes","260","2ND CONGRESS","Ward 10 Precinct 29","798","12","Republican","0"
"105","16","CITY OF CHICAGO","0","Under Votes","260","2ND CONGRESS","Ward 10 Precinct 29","798","12","Republican","0"
"105","16","CITY OF CHICAGO","405","SHANE CULTRA","260","2ND CONGRESS","Ward 10 Precinct 29","798","12","Republican","3"
"105","16","CITY OF CHICAGO","415","THOMAS LYNCH","260","2ND CONGRESS","Ward 10 Precinct 29","798","12","Republican","3"
"105","16","CITY OF CHICAGO","410","ASHLEY RAMOS","260","2ND CONGRESS","Ward 10 Precinct 29","798","12","Republican","5"
"105","16","CITY OF CHICAGO","0","Over Votes","260","2ND CONGRESS","Ward 10 Precinct 04","724","12","Republican","0"
"105","16","CITY OF CHICAGO","415","THOMAS LYNCH","260","2ND CONGRESS","Ward 10 Precinct 04","724","12","Republican","3"
"105","16","CITY OF CHICAGO","410","ASHLEY RAMOS","260","2ND CONGRESS","Ward 10 Precinct 04","724","12","Republican","6"
"105","16","CITY OF CHICAGO","0","Under Votes","260","2ND CONGRESS","Ward 10 Precinct 04","724","12","Republican","1"
"105","16","CITY OF CHICAGO","0","Over Votes","260","2ND CONGRESS","Ward 10 Precinct 18","526","12","Republican","0"
"105","16","CITY OF CHICAGO","405","SHANE CULTRA","260","2ND CONGRESS","Ward 10 Precinct 18","526","12","Republican","1"
"105","16","CITY OF CHICAGO","415","THOMAS LYNCH","260","2ND CONGRESS","Ward 10 Precinct 18","526","12","Republican","2"
"105","16","CITY OF CHICAGO","410","ASHLEY RAMOS","260","2ND CONGRESS","Ward 10 Precinct 18","526","12","Republican","2"
"105","16","CITY OF CHICAGO","0","Under Votes","260","2ND CONGRESS","Ward 10 Precinct 18","526","12","Republican","1"
"105","16","CITY OF CHICAGO","0","Over Votes","260","2ND CONGRESS","Ward 10 Precinct 28","903","12","Republican","0"
"105","16","CITY OF CHICAGO","405","SHANE CULTRA","260","2ND CONGRESS","Ward 10 Precinct 28","903","12","Republican","4"
"105","16","CITY OF CHICAGO","415","THOMAS LYNCH","260","2ND CONGRESS","Ward 10 Precinct 28","903","12","Republican","4"
"105","16","CITY OF CHICAGO","410","ASHLEY RAMOS","260","2ND CONGRESS","Ward 10 Precinct 28","903","12","Republican","7"
"105","16","CITY OF CHICAGO","0","Under Votes","260","2ND CONGRESS","Ward 10 Precinct 28","903","12","Republican","1"
"105","16","CITY OF CHICAGO","410","ASHLEY RAMOS","260","2ND CONGRESS","Ward 05 Precinct 07","666","12","Republican","1"
"105","16","CITY OF CHICAGO","0","Over Votes","260","2ND CONGRESS","Ward 05 Precinct 07","666","12","Republican","0"
"92","0","VERMILION","405","SHANE CULTRA","260","2ND CONGRESS","ROSS","965","12","REPUBLICAN","78"
"92","0","VERMILION","0","Over Votes","260","2ND CONGRESS","ROSS","965","12","REPUBLICAN","0"
"92","0","VERMILION","415","THOMAS LYNCH","260","2ND CONGRESS","ROSS","965","12","REPUBLICAN","40"
"92","0","VERMILION","0","Under Votes","260","2ND CONGRESS","ROSS","965","12","REPUBLICAN","15"
"92","0","VERMILION","0","Blank Ballots","260","2ND CONGRESS","ROSS","965","12","REPUBLICAN","0"
"92","0","VERMILION","410","ASHLEY RAMOS","260","2ND CONGRESS","CATLIN 2","678","12","REPUBLICAN","21"
"92","0","VERMILION","405","SHANE CULTRA","260","2ND CONGRESS","CATLIN 2","678","12","REPUBLICAN","26"
"92","0","VERMILION","0","Over Votes","260","2ND CONGRESS","CATLIN 2","678","12","REPUBLICAN","0"
"92","0","VERMILION","415","THOMAS LYNCH","260","2ND CONGRESS","CATLIN 2","678","12","REPUBLICAN","38"
"92","0","VERMILION","0","Under Votes","260","2ND CONGRESS","CATLIN 2","678","12","REPUBLICAN","15"
"92","0","VERMILION","0","Blank Ballots","260","2ND CONGRESS","CATLIN 2","678","12","REPUBLICAN","0"
"92","0","VERMILION","410","ASHLEY RAMOS","260","2ND CONGRESS","DANVILLE 7","540","12","REPUBLICAN","13"
"92","0","VERMILION","405","SHANE CULTRA","260","2ND CONGRESS","DANVILLE 7","540","12","REPUBLICAN","13"
"92","0","VERMILION","0","Over Votes","260","2ND CONGRESS","DANVILLE 7","540","12","REPUBLICAN","0"
"92","0","VERMILION","415","THOMAS LYNCH","260","2ND CONGRESS","DANVILLE 7","540","12","REPUBLICAN","48"
"92","0","VERMILION","0","Under Votes","260","2ND CONGRESS","DANVILLE 7","540","12","REPUBLICAN","8"
"92","0","VERMILION","0","Blank Ballots","260","2ND CONGRESS","DANVILLE 7","540","12","REPUBLICAN","0"
"10","0","CHAMPAIGN","0","Under Votes","260","2ND CONGRESS","LUDLOW 2","1033","12","REPUBLICAN","18"
"10","0","CHAMPAIGN","415","THOMAS LYNCH","260","2ND CONGRESS","LUDLOW 2","1033","12","REPUBLICAN","34"
"10","0","CHAMPAIGN","0","Over Votes","260","2ND CONGRESS","LUDLOW 2","1033","12","REPUBLICAN","1"
"10","0","CHAMPAIGN","410","ASHLEY RAMOS","260","2ND CONGRESS","LUDLOW 2","1033","12","REPUBLICAN","44"
"10","0","CHAMPAIGN","405","SHANE CULTRA","260","2ND CONGRESS","LUDLOW 2","1033","12","REPUBLICAN","54"
"10","0","CHAMPAIGN","415","THOMAS LYNCH","260","2ND CONGRESS","RANTOUL 5","1339","12","REPUBLICAN","53"
"10","0","CHAMPAIGN","0","Over Votes","260","2ND CONGRESS","RANTOUL 5","1339","12","REPUBLICAN","0"
"10","0","CHAMPAIGN","410","ASHLEY RAMOS","260","2ND CONGRESS","RANTOUL 5","1339","12","REPUBLICAN","44"
"10","0","CHAMPAIGN","405","SHANE CULTRA","260","2ND CONGRESS","RANTOUL 5","1339","12","REPUBLICAN","52"
"10","0","CHAMPAIGN","0","Under Votes","260","2ND CONGRESS","RANTOUL 5","1339","12","REPUBLICAN","8"
"10","0","CHAMPAIGN","0","Under Votes","260","2ND CONGRESS","BROWN FISHER","1149","12","REPUBLICAN","34"
"10","0","CHAMPAIGN","415","THOMAS LYNCH","260","2ND CONGRESS","BROWN FISHER","1149","12","REPUBLICAN","62"
"10","0","CHAMPAIGN","0","Over Votes","260","2ND CONGRESS","BROWN FISHER","1149","12","REPUBLICAN","0"
"10","0","CHAMPAIGN","410","ASHLEY RAMOS","260","2ND CONGRESS","BROWN FISHER","1149","12","REPUBLICAN","53"
"10","0","CHAMPAIGN","405","SHANE CULTRA","260","2ND CONGRESS","BROWN FISHER","1149","12","REPUBLICAN","108"
"10","0","CHAMPAIGN","0","Under Votes","260","2ND CONGRESS","EAST BEND","456","12","REPUBLICAN","15"
"10","0","CHAMPAIGN","415","THOMAS LYNCH","260","2ND CONGRESS","EAST BEND","456","12","REPUBLICAN","39"
"10","0","CHAMPAIGN","0","Over Votes","260","2ND CONGRESS","EAST BEND","456","12","REPUBLICAN","0"
"10","0","CHAMPAIGN","410","ASHLEY RAMOS","260","2ND CONGRESS","EAST BEND","456","12","REPUBLICAN","19"
"10","0","CHAMPAIGN","405","SHANE CULTRA","260","2ND CONGRESS","EAST BEND","456","12","REPUBLICAN","84"
"10","0","CHAMPAIGN","0","Under Votes","260","2ND CONGRESS","RANTOUL 2","994","12","REPUBLICAN","8"
"10","0","CHAMPAIGN","415","THOMAS LYNCH","260","2ND CONGRESS","RANTOUL 2","994","12","REPUBLICAN","27"
"10","0","CHAMPAIGN","0","Over Votes","260","2ND CONGRESS","RANTOUL 2","994","12","REPUBLICAN","0"
"10","0","CHAMPAIGN","410","ASHLEY RAMOS","260","2ND CONGRESS","RANTOUL 2","994","12","REPUBLICAN","26"
"10","0","CHAMPAIGN","405","SHANE CULTRA","260","2ND CONGRESS","RANTOUL 2","994","12","REPUBLICAN","22"
"16","0","COOK","0","Under Votes","260","2ND CONGRESS","9500065","1483","11","Democratic","9"
"16","0","COOK","0","Over Votes","260","2ND CONGRESS","9500068","1107","11","Democratic","0"
"16","0","COOK","0","Under Votes","260","2ND CONGRESS","9500068","1107","11","Democratic","5"
"16","0","COOK","420","ROBIN KELLY","260","2ND CONGRESS","9500068","1107","11","Democratic","92"
"16","0","COOK","420","ROBIN KELLY","260","2ND CONGRESS","9500072","874","11","Democratic","189"
"16","0","COOK","0","Over Votes","260","2ND CONGRESS","9500072","874","11","Democratic","0"
"16","0","COOK","420","ROBIN KELLY","260","2ND CONGRESS","9000023","1380","11","Democratic","246"
"16","0","COOK","0","Over Votes","260","2ND CONGRESS","9000023","1380","11","Democratic","0"
"16","0","COOK","0","Under Votes","260","2ND CONGRESS","9000023","1380","11","Democratic","8"
"16","0","COOK","420","ROBIN KELLY","260","2ND CONGRESS","9000026","1253","11","Democratic","191"
"16","0","COOK","0","Over Votes","260","2ND CONGRESS","9000026","1253","11","Democratic","0"
"16","0","COOK","0","Under Votes","260","2ND CONGRESS","9000026","1253","11","Democratic","16"
"16","0","COOK","420","ROBIN KELLY","260","2ND CONGRESS","9000029","960","11","Democratic","181"
"16","0","COOK","0","Over Votes","260","2ND CONGRESS","9000029","960","11","Democratic","0"
"16","0","COOK","0","Under Votes","260","2ND CONGRESS","9000029","960","11","Democratic","17"
"16","0","COOK","420","ROBIN KELLY","260","2ND CONGRESS","9500017","1288","11","Democratic","99"
"16","0","COOK","0","Over Votes","260","2ND CONGRESS","9500017","1288","11","Democratic","0"
"16","0","COOK","0","Under Votes","260","2ND CONGRESS","9500017","1288","11","Democratic","5"
"16","0","COOK","0","Under Votes","260","2ND CONGRESS","9500020","814","11","Democratic","6"
"16","0","COOK","420","ROBIN KELLY","260","2ND CONGRESS","9500020","814","11","Democratic","63"
"16","0","COOK","0","Over Votes","260","2ND CONGRESS","9500020","814","11","Democratic","0"
"16","0","COOK","420","ROBIN KELLY","260","2ND CONGRESS","9500023","808","11","Democratic","109"
"16","0","COOK","0","Over Votes","260","2ND CONGRESS","9500023","808","11","Democratic","0"
"16","0","COOK","0","Under Votes","260","2ND CONGRESS","9500023","808","11","Democratic","9"
"16","0","COOK","420","ROBIN KELLY","260","2ND CONGRESS","9500026","908","11","Democratic","86"
"16","0","COOK","0","Over Votes","260","2ND CONGRESS","9500026","908","11","Democratic","0"
"16","0","COOK","0","Under Votes","260","2ND CONGRESS","9500026","908","11","Democratic","9"
"16","0","COOK","420","ROBIN KELLY","260","2ND CONGRESS","9500050","1340","11","Democratic","144"
"16","0","COOK","0","Over Votes","260","2ND CONGRESS","9500050","1340","11","Democratic","0"
"16","0","COOK","0","Under Votes","260","2ND CONGRESS","9500050","1340","11","Democratic","8"
"16","0","COOK","420","ROBIN KELLY","260","2ND CONGRESS","9500054","1293","11","Democratic","248"
"16","0","COOK","0","Over Votes","260","2ND CONGRESS","9500054","1293","11","Democratic","0"
"16","0","COOK","0","Under Votes","260","2ND CONGRESS","9500054","1293","11","Democratic","13"
"16","0","COOK","420","ROBIN KELLY","260","2ND CONGRESS","9500058","1586","11","Democratic","161"
"16","0","COOK","0","Over Votes","260","2ND CONGRESS","9500058","1586","11","Democratic","0"
"16","0","COOK","0","Under Votes","260","2ND CONGRESS","9500058","1586","11","Democratic","18"
"16","0","COOK","420","ROBIN KELLY","260","2ND CONGRESS","9500083","1252","11","Democratic","231"
"16","0","COOK","0","Over Votes","260","2ND CONGRESS","9500083","1252","11","Democratic","0"
"16","0","COOK","0","Under Votes","260","2ND CONGRESS","9500083","1252","11","Democratic","20"
"16","0","COOK","420","ROBIN KELLY","260","2ND CONGRESS","9500086","765","11","Democratic","134"
"16","0","COOK","0","Over Votes","260","2ND CONGRESS","9500086","765","11","Democratic","0"
"16","0","COOK","0","Under Votes","260","2ND CONGRESS","9500086","765","11","Democratic","8"
"16","0","COOK","420","ROBIN KELLY","260","2ND CONGRESS","9500090","834","11","Democratic","168"
"16","0","COOK","0","Over Votes","260","2ND CONGRESS","9500090","834","11","Democratic","0"
"16","0","COOK","0","Under Votes","260","2ND CONGRESS","9500090","834","11","Democratic","14"
"16","0","COOK","0","Under Votes","260","2ND CONGRESS","9500087","1508","12","Republican","1"
"16","0","COOK","0","Under Votes","260","2ND CONGRESS","9500091","800","12","Republican","0"
"16","0","COOK","415","THOMAS LYNCH","260","2ND CONGRESS","9500091","800","12","Republican","6"
"16","0","COOK","410","ASHLEY RAMOS","260","2ND CONGRESS","9500091","800","12","Republican","4"
"16","0","COOK","0","Over Votes","260","2ND CONGRESS","9500091","800","12","Republican","0"
"16","0","COOK","405","SHANE CULTRA","260","2ND CONGRESS","9500091","800","12","Republican","2"
"16","0","COOK","0","Over Votes","260","2ND CONGRESS","9500096","862","12","Republican","0"
"16","0","COOK","405","SHANE CULTRA","260","2ND CONGRESS","9500096","862","12","Republican","1"
"16","0","COOK","410","ASHLEY RAMOS","260","2ND CONGRESS","9500096","862","12","Republican","2"
"16","0","COOK","0","Under Votes","260","2ND CONGRESS","9500096","862","12","Republican","2"
"16","0","COOK","415","THOMAS LYNCH","260","2ND CONGRESS","9500096","862","12","Republican","3"
"16","0","COOK","0","Under Votes","260","2ND CONGRESS","9500102","729","12","Republican","1"
"16","0","COOK","415","THOMAS LYNCH","260","2ND CONGRESS","9500102","729","12","Republican","2"
"16","0","COOK","410","ASHLEY RAMOS","260","2ND CONGRESS","9500102","729","12","Republican","3"
"16","0","COOK","0","Over Votes","260","2ND CONGRESS","9500102","729","12","Republican","0"
"16","0","COOK","405","SHANE CULTRA","260","2ND CONGRESS","9500102","729","12","Republican","2"
"16","0","COOK","0","Under Votes","260","2ND CONGRESS","9500056","1080","12","Republican","1"
"16","0","COOK","405","SHANE CULTRA","260","2ND CONGRESS","9500060","615","12","Republican","1"
"16","0","COOK","415","THOMAS LYNCH","260","2ND CONGRESS","9500060","615","12","Republican","3"
"16","0","COOK","0","Over Votes","260","2ND CONGRESS","9500060","615","12","Republican","0"
"16","0","COOK","0","Under Votes","260","2ND CONGRESS","9500060","615","12","Republican","0"
"16","0","COOK","0","Under Votes","260","2ND CONGRESS","9500064","631","12","Republican","1"
"16","0","COOK","415","THOMAS LYNCH","260","2ND CONGRESS","9500064","631","12","Republican","1"
"16","0","COOK","0","Over Votes","260","2ND CONGRESS","9500064","631","12","Republican","0"
"16","0","COOK","405","SHANE CULTRA","260","2ND CONGRESS","9500064","631","12","Republican","1"
"16","0","COOK","405","SHANE CULTRA","260","2ND CONGRESS","9500067","1096","12","Republican","4"
"16","0","COOK","415","THOMAS LYNCH","260","2ND CONGRESS","9500067","1096","12","Republican","31"
"16","0","COOK","410","ASHLEY RAMOS","260","2ND CONGRESS","9500067","1096","12","Republican","17"
"16","0","COOK","0","Over Votes","260","2ND CONGRESS","9500067","1096","12","Republican","0"
"16","0","COOK","0","Under Votes","260","2ND CONGRESS","9500067","1096","12","Republican","4"
"16","0","COOK","405","SHANE CULTRA","260","2ND CONGRESS","9500092","1691","12","Republican","3"
"16","0","COOK","410","ASHLEY RAMOS","260","2ND CONGRESS","9500092","1691","12","Republican","10"
"16","0","COOK","415","THOMAS LYNCH","260","2ND CONGRESS","9500092","1691","12","Republican","16"
"16","0","COOK","0","Over Votes","260","2ND CONGRESS","9500092","1691","12","Republican","0"
"16","0","COOK","0","Under Votes","260","2ND CONGRESS","9500092","1691","12","Republican","9"
"16","0","COOK","415","THOMAS LYNCH","260","2ND CONGRESS","9500098","462","12","Republican","1"
"16","0","COOK","0","Over Votes","260","2ND CONGRESS","9500098","462","12","Republican","0"
"16","0","COOK","0","Under Votes","260","2ND CONGRESS","9500098","462","12","Republican","0"
"16","0","COOK","415","THOMAS LYNCH","260","2ND CONGRESS","9500103","997","12","Republican","3"
"16","0","COOK","0","Over Votes","260","2ND CONGRESS","9500103","997","12","Republican","0"
"16","0","COOK","0","Under Votes","260","2ND CONGRESS","9500103","997","12","Republican","0"
"16","0","COOK","0","Under Votes","260","2ND CONGRESS","9000006","1179","12","Republican","2"
"16","0","COOK","415","THOMAS LYNCH","260","2ND CONGRESS","9000006","1179","12","Republican","8"
"16","0","COOK","410","ASHLEY RAMOS","260","2ND CONGRESS","9000006","1179","12","Republican","9"
"53","0","LIVINGSTON","0","Under Votes","260","2ND CONGRESS","PLEASANT RIDGE","140","12","REPUBLICAN","9"
"53","0","LIVINGSTON","0","Over Votes","260","2ND CONGRESS","PLEASANT RIDGE","140","12","REPUBLICAN","0"
"53","0","LIVINGSTON","405","SHANE CULTRA","260","2ND CONGRESS","PLEASANT RIDGE","140","12","REPUBLICAN","32"
"53","0","LIVINGSTON","415","THOMAS LYNCH","260","2ND CONGRESS","PLEASANT RIDGE","140","12","REPUBLICAN","16"
"53","0","LIVINGSTON","410","ASHLEY RAMOS","260","2ND CONGRESS","PLEASANT RIDGE","140","12","REPUBLICAN","13"
"53","0","LIVINGSTON","0","Blank Ballots","260","2ND CONGRESS","PONTIAC 4","687","12","REPUBLICAN","0"
"53","0","LIVINGSTON","0","Under Votes","260","2ND CONGRESS","PONTIAC 4","687","12","REPUBLICAN","50"
"53","0","LIVINGSTON","0","Over Votes","260","2ND CONGRESS","PONTIAC 4","687","12","REPUBLICAN","0"
"53","0","LIVINGSTON","405","SHANE CULTRA","260","2ND CONGRESS","PONTIAC 4","687","12","REPUBLICAN","66"
"53","0","LIVINGSTON","415","THOMAS LYNCH","260","2ND CONGRESS","PONTIAC 4","687","12","REPUBLICAN","61"
"53","0","LIVINGSTON","410","ASHLEY RAMOS","260","2ND CONGRESS","PONTIAC 4","687","12","REPUBLICAN","58"
"53","0","LIVINGSTON","0","Blank Ballots","260","2ND CONGRESS","AVOCA","258","12","REPUBLICAN","0"
"53","0","LIVINGSTON","0","Under Votes","260","2ND CONGRESS","AVOCA","258","12","REPUBLICAN","20"
"53","0","LIVINGSTON","0","Over Votes","260","2ND CONGRESS","AVOCA","258","12","REPUBLICAN","0"
"53","0","LIVINGSTON","405","SHANE CULTRA","260","2ND CONGRESS","AVOCA","258","12","REPUBLICAN","49"
"53","0","LIVINGSTON","415","THOMAS LYNCH","260","2ND CONGRESS","AVOCA","258","12","REPUBLICAN","25"
"53","0","LIVINGSTON","410","ASHLEY RAMOS","260","2ND CONGRESS","AVOCA","258","12","REPUBLICAN","24"
"53","0","LIVINGSTON","0","Blank Ballots","260","2ND CONGRESS","FAYETTE","181","12","REPUBLICAN","0"
"53","0","LIVINGSTON","0","Under Votes","260","2ND CONGRESS","FAYETTE","181","12","REPUBLICAN","11"
"53","0","LIVINGSTON","0","Over Votes","260","2ND CONGRESS","FAYETTE","181","12","REPUBLICAN","0"
"53","0","LIVINGSTON","405","SHANE CULTRA","260","2ND CONGRESS","FAYETTE","181","12","REPUBLICAN","29"
"53","0","LIVINGSTON","415","THOMAS LYNCH","260","2ND CONGRESS","FAYETTE","181","12","REPUBLICAN","15"
"53","0","LIVINGSTON","410","ASHLEY RAMOS","260","2ND CONGRESS","FAYETTE","181","12","REPUBLICAN","9"
"53","0","LIVINGSTON","0","Blank Ballots","260","2ND CONGRESS","PONTIAC 9","818","12","REPUBLICAN","0"
"53","0","LIVINGSTON","0","Under Votes","260","2ND CONGRESS","PONTIAC 9","818","12","REPUBLICAN","55"
"53","0","LIVINGSTON","0","Over Votes","260","2ND CONGRESS","PONTIAC 9","818","12","REPUBLICAN","0"
"53","0","LIVINGSTON","405","SHANE CULTRA","260","2ND CONGRESS","PONTIAC 9","818","12","REPUBLICAN","88"
"53","0","LIVINGSTON","415","THOMAS LYNCH","260","2ND CONGRESS","PONTIAC 9","818","12","REPUBLICAN","66"
"53","0","LIVINGSTON","410","ASHLEY RAMOS","260","2ND CONGRESS","PONTIAC 9","818","12","REPUBLICAN","52"
"53","0","LIVINGSTON","0","Blank Ballots","260","2ND CONGRESS","SULLIVAN","449","12","REPUBLICAN","0"
"53","0","LIVINGSTON","0","Under Votes","260","2ND CONGRESS","SULLIVAN","449","12","REPUBLICAN","14"
"53","0","LIVINGSTON","0","Over Votes","260","2ND CONGRESS","SULLIVAN","449","12","REPUBLICAN","0"
"53","0","LIVINGSTON","405","SHANE CULTRA","260","2ND CONGRESS","SULLIVAN","449","12","REPUBLICAN","72"
"53","0","LIVINGSTON","415","THOMAS LYNCH","260","2ND CONGRESS","SULLIVAN","449","12","REPUBLICAN","28"
"53","0","LIVINGSTON","410","ASHLEY RAMOS","260","2ND CONGRESS","SULLIVAN","449","12","REPUBLICAN","30"
"53","0","LIVINGSTON","0","Blank Ballots","260","2ND CONGRESS","DWIGHT 1","757","12","REPUBLICAN","0"
"53","0","LIVINGSTON","0","Under Votes","260","2ND CONGRESS","DWIGHT 1","757","12","REPUBLICAN","9"
"53","0","LIVINGSTON","0","Over Votes","260","2ND CONGRESS","DWIGHT 1","757","12","REPUBLICAN","0"
"53","0","LIVINGSTON","405","SHANE CULTRA","260","2ND CONGRESS","DWIGHT 1","757","12","REPUBLICAN","64"
"53","0","LIVINGSTON","415","THOMAS LYNCH","260","2ND CONGRESS","DWIGHT 1","757","12","REPUBLICAN","32"
"53","0","LIVINGSTON","410","ASHLEY RAMOS","260","2ND CONGRESS","DWIGHT 1","757","12","REPUBLICAN","32"
"53","0","LIVINGSTON","0","Blank Ballots","260","2ND CONGRESS","INDIAN GRV 3","684","12","REPUBLICAN","0"
"27","0","FORD","0","Blank Ballots","260","2ND CONGRESS","PELLA","144","12","REPUBLICAN","5"
"27","0","FORD","405","SHANE CULTRA","260","2ND CONGRESS","PELLA","144","12","REPUBLICAN","37"
"27","0","FORD","0","Over Votes","260","2ND CONGRESS","PELLA","144","12","REPUBLICAN","0"
"27","0","FORD","415","THOMAS LYNCH","260","2ND CONGRESS","PELLA","144","12","REPUBLICAN","2"
"27","0","FORD","410","ASHLEY RAMOS","260","2ND CONGRESS","LYMAN","314","12","REPUBLICAN","9"
"27","0","FORD","0","Under Votes","260","2ND CONGRESS","LYMAN","314","12","REPUBLICAN","0"
"27","0","FORD","0","Blank Ballots","260","2ND CONGRESS","LYMAN","314","12","REPUBLICAN","5"
"27","0","FORD","405","SHANE CULTRA","260","2ND CONGRESS","LYMAN","314","12","REPUBLICAN","49"
"27","0","FORD","0","Over Votes","260","2ND CONGRESS","LYMAN","314","12","REPUBLICAN","0"
"27","0","FORD","415","THOMAS LYNCH","260","2ND CONGRESS","LYMAN","314","12","REPUBLICAN","16"
"27","0","FORD","410","ASHLEY RAMOS","260","2ND CONGRESS","PEACH ORCHARD","333","12","REPUBLICAN","11"
"27","0","FORD","0","Under Votes","260","2ND CONGRESS","PEACH ORCHARD","333","12","REPUBLICAN","0"
"27","0","FORD","0","Blank Ballots","260","2ND CONGRESS","PEACH ORCHARD","333","12","REPUBLICAN","2"
"27","0","FORD","405","SHANE CULTRA","260","2ND CONGRESS","PEACH ORCHARD","333","12","REPUBLICAN","54"
"27","0","FORD","0","Over Votes","260","2ND CONGRESS","PEACH ORCHARD","333","12","REPUBLICAN","0"
"27","0","FORD","415","THOMAS LYNCH","260","2ND CONGRESS","PEACH ORCHARD","333","12","REPUBLICAN","18"
"27","0","FORD","410","ASHLEY RAMOS","260","2ND CONGRESS","BUTTON","176","12","REPUBLICAN","7"
"27","0","FORD","0","Under Votes","260","2ND CONGRESS","BUTTON","176","12","REPUBLICAN","0"
"27","0","FORD","0","Blank Ballots","260","2ND CONGRESS","BUTTON","176","12","REPUBLICAN","5"
"27","0","FORD","405","SHANE CULTRA","260","2ND CONGRESS","BUTTON","176","12","REPUBLICAN","26"
"27","0","FORD","0","Over Votes","260","2ND CONGRESS","BUTTON","176","12","REPUBLICAN","0"
"27","0","FORD","415","THOMAS LYNCH","260","2ND CONGRESS","BUTTON","176","12","REPUBLICAN","19"
"27","0","FORD","410","ASHLEY RAMOS","260","2ND CONGRESS","PATTON 1","455","12","REPUBLICAN","19"
"27","0","FORD","0","Under Votes","260","2ND CONGRESS","PATTON 1","455","12","REPUBLICAN","0"
"27","0","FORD","0","Blank Ballots","260","2ND CONGRESS","PATTON 1","455","12","REPUBLICAN","4"
"27","0","FORD","405","SHANE CULTRA","260","2ND CONGRESS","PATTON 1","455","12","REPUBLICAN","45"
"27","0","FORD","0","Over Votes","260","2ND CONGRESS","PATTON 1","455","12","REPUBLICAN","0"
"27","0","FORD","415","THOMAS LYNCH","260","2ND CONGRESS","PATTON 1","455","12","REPUBLICAN","19"
"27","0","FORD","410","ASHLEY RAMOS","260","2ND CONGRESS","ROGERS","293","12","REPUBLICAN","16"
"27","0","FORD","0","Under Votes","260","2ND CONGRESS","ROGERS","293","12","REPUBLICAN","0"
"27","0","FORD","0","Blank Ballots","260","2ND CONGRESS","ROGERS","293","12","REPUBLICAN","3"
"27","0","FORD","405","SHANE CULTRA","260","2ND CONGRESS","ROGERS","293","12","REPUBLICAN","23"
"27","0","FORD","0","Over Votes","260","2ND CONGRESS","ROGERS","293","12","REPUBLICAN","0"
"27","0","FORD","415","THOMAS LYNCH","260","2ND CONGRESS","ROGERS","293","12","REPUBLICAN","11"
"27","0","FORD","410","ASHLEY RAMOS","260","2ND CONGRESS","DRUMMER 5","569","12","REPUBLICAN","15"
"27","0","FORD","0","Under Votes","260","2ND CONGRESS","DRUMMER 5","569","12","REPUBLICAN","0"
"27","0","FORD","0","Blank Ballots","260","2ND CONGRESS","DRUMMER 5","569","12","REPUBLICAN","5"
"27","0","FORD","405","SHANE CULTRA","260","2ND CONGRESS","DRUMMER 5","569","12","REPUBLICAN","79"
"27","0","FORD","0","Over Votes","260","2ND CONGRESS","DRUMMER 5","569","12","REPUBLICAN","0"
"27","0","FORD","415","THOMAS LYNCH","260","2ND CONGRESS","DRUMMER 5","569","12","REPUBLICAN","21"
"27","0","FORD","410","ASHLEY RAMOS","260","2ND CONGRESS","PATTON 5","513","12","REPUBLICAN","15"
"27","0","FORD","0","Under Votes","260","2ND CONGRESS","PATTON 5","513","12","REPUBLICAN","0"
"27","0","FORD","0","Blank Ballots","260","2ND CONGRESS","PATTON 5","513","12","REPUBLICAN","6"
"27","0","FORD","405","SHANE CULTRA","260","2ND CONGRESS","PATTON 5","513","12","REPUBLICAN","50"
"16","0","COOK","420","ROBIN KELLY","260","2ND CONGRESS","9500094","1083","11","Democratic","197"
"16","0","COOK","0","Over Votes","260","2ND CONGRESS","9500094","1083","11","Democratic","0"
"16","0","COOK","0","Under Votes","260","2ND CONGRESS","9500094","1083","11","Democratic","7"
"16","0","COOK","420","ROBIN KELLY","260","2ND CONGRESS","9000006","1179","11","Democratic","284"
"16","0","COOK","0","Over Votes","260","2ND CONGRESS","9000006","1179","11","Democratic","0"
"16","0","COOK","0","Under Votes","260","2ND CONGRESS","9000006","1179","11","Democratic","15"
"16","0","COOK","420","ROBIN KELLY","260","2ND CONGRESS","9000009","1324","11","Democratic","231"
"16","0","COOK","0","Over Votes","260","2ND CONGRESS","9000009","1324","11","Democratic","0"
"16","0","COOK","0","Under Votes","260","2ND CONGRESS","9000009","1324","11","Democratic","11"
"16","0","COOK","420","ROBIN KELLY","260","2ND CONGRESS","9000012","1178","11","Democratic","217"
"16","0","COOK","0","Over Votes","260","2ND CONGRESS","9000012","1178","11","Democratic","0"
"16","0","COOK","0","Under Votes","260","2ND CONGRESS","9000012","1178","11","Democratic","15"
"16","0","COOK","420","ROBIN KELLY","260","2ND CONGRESS","9000038","976","11","Democratic","160"
"16","0","COOK","0","Over Votes","260","2ND CONGRESS","9000038","976","11","Democratic","0"
"16","0","COOK","0","Under Votes","260","2ND CONGRESS","9000038","976","11","Democratic","11"
"16","0","COOK","420","ROBIN KELLY","260","2ND CONGRESS","9000041","653","11","Democratic","151"
"16","0","COOK","0","Over Votes","260","2ND CONGRESS","9000041","653","11","Democratic","0"
"16","0","COOK","0","Under Votes","260","2ND CONGRESS","9000041","653","11","Democratic","11"
"16","0","COOK","420","ROBIN KELLY","260","2ND CONGRESS","9000044","787","11","Democratic","146"
"16","0","COOK","0","Over Votes","260","2ND CONGRESS","9000044","787","11","Democratic","0"
"16","0","COOK","0","Under Votes","260","2ND CONGRESS","9000044","787","11","Democratic","4"
"16","0","COOK","420","ROBIN KELLY","260","2ND CONGRESS","9000047","1562","11","Democratic","302"
"16","0","COOK","0","Over Votes","260","2ND CONGRESS","9000047","1562","11","Democratic","0"
"16","0","COOK","0","Under Votes","260","2ND CONGRESS","9000047","1562","11","Democratic","14"
"16","0","COOK","420","ROBIN KELLY","260","2ND CONGRESS","9500002","606","11","Democratic","43"
"16","0","COOK","0","Over Votes","260","2ND CONGRESS","9500002","606","11","Democratic","0"
"16","0","COOK","0","Under Votes","260","2ND CONGRESS","9500002","606","11","Democratic","7"
"16","0","COOK","420","ROBIN KELLY","260","2ND CONGRESS","9500005","992","11","Democratic","61"
"16","0","COOK","0","Over Votes","260","2ND CONGRESS","9500005","992","11","Democratic","0"
"16","0","COOK","0","Under Votes","260","2ND CONGRESS","9500005","992","11","Democratic","5"
"16","0","COOK","420","ROBIN KELLY","260","2ND CONGRESS","9500008","1456","11","Democratic","148"
"16","0","COOK","0","Over Votes","260","2ND CONGRESS","9500008","1456","11","Democratic","0"
"16","0","COOK","0","Under Votes","260","2ND CONGRESS","9500008","1456","11","Democratic","21"
"16","0","COOK","420","ROBIN KELLY","260","2ND CONGRESS","9500033","912","11","Democratic","115"
"16","0","COOK","0","Over Votes","260","2ND CONGRESS","9500033","912","11","Democratic","0"
"16","0","COOK","0","Under Votes","260","2ND CONGRESS","9500033","912","11","Democratic","10"
"16","0","COOK","420","ROBIN KELLY","260","2ND CONGRESS","9500036","1041","11","Democratic","80"
"16","0","COOK","0","Over Votes","260","2ND CONGRESS","9500036","1041","11","Democratic","0"
"16","0","COOK","0","Under Votes","260","2ND CONGRESS","9500036","1041","11","Democratic","4"
"16","0","COOK","420","ROBIN KELLY","260","2ND CONGRESS","9500039","1289","11","Democratic","248"
"16","0","COOK","0","Over Votes","260","2ND CONGRESS","9500039","1289","11","Democratic","0"
"16","0","COOK","0","Under Votes","260","2ND CONGRESS","9500039","1289","11","Democratic","19"
"16","0","COOK","420","ROBIN KELLY","260","2ND CONGRESS","9500043","1253","11","Democratic","149"
"16","0","COOK","0","Over Votes","260","2ND CONGRESS","9500043","1253","11","Democratic","0"
"16","0","COOK","0","Under Votes","260","2ND CONGRESS","9500043","1253","11","Democratic","10"
"105","16","CITY OF CHICAGO","0","Under Votes","260","2ND CONGRESS","Ward 05 Precinct 07","666","12","Republican","5"
"105","16","CITY OF CHICAGO","415","THOMAS LYNCH","260","2ND CONGRESS","Ward 05 Precinct 07","666","12","Republican","1"
"105","16","CITY OF CHICAGO","410","ASHLEY RAMOS","260","2ND CONGRESS","Ward 05 Precinct 32","711","12","Republican","1"
"105","16","CITY OF CHICAGO","0","Over Votes","260","2ND CONGRESS","Ward 05 Precinct 32","711","12","Republican","0"
"105","16","CITY OF CHICAGO","0","Under Votes","260","2ND CONGRESS","Ward 05 Precinct 32","711","12","Republican","0"
"105","16","CITY OF CHICAGO","405","SHANE CULTRA","260","2ND CONGRESS","Ward 05 Precinct 32","711","12","Republican","1"
"105","16","CITY OF CHICAGO","0","Over Votes","260","2ND CONGRESS","Ward 09 Precinct 05","634","12","Republican","0"
"105","16","CITY OF CHICAGO","0","Under Votes","260","2ND CONGRESS","Ward 09 Precinct 05","634","12","Republican","1"
"105","16","CITY OF CHICAGO","0","Over Votes","260","2ND CONGRESS","Ward 09 Precinct 41","520","12","Republican","0"
"105","16","CITY OF CHICAGO","0","Under Votes","260","2ND CONGRESS","Ward 09 Precinct 41","520","12","Republican","0"
"105","16","CITY OF CHICAGO","405","SHANE CULTRA","260","2ND CONGRESS","Ward 09 Precinct 41","520","12","Republican","1"
"105","16","CITY OF CHICAGO","410","ASHLEY RAMOS","260","2ND CONGRESS","Ward 09 Precinct 41","520","12","Republican","1"
"105","16","CITY OF CHICAGO","0","Over Votes","260","2ND CONGRESS","Ward 09 Precinct 45","533","12","Republican","0"
"105","16","CITY OF CHICAGO","415","THOMAS LYNCH","260","2ND CONGRESS","Ward 09 Precinct 45","533","12","Republican","1"
"105","16","CITY OF CHICAGO","410","ASHLEY RAMOS","260","2ND CONGRESS","Ward 09 Precinct 45","533","12","Republican","2"
"105","16","CITY OF CHICAGO","0","Under Votes","260","2ND CONGRESS","Ward 09 Precinct 45","533","12","Republican","0"
"105","16","CITY OF CHICAGO","0","Over Votes","260","2ND CONGRESS","Ward 10 Precinct 05","685","12","Republican","0"
"105","16","CITY OF CHICAGO","0","Under Votes","260","2ND CONGRESS","Ward 10 Precinct 05","685","12","Republican","4"
"105","16","CITY OF CHICAGO","405","SHANE CULTRA","260","2ND CONGRESS","Ward 10 Precinct 05","685","12","Republican","11"
"105","16","CITY OF CHICAGO","415","THOMAS LYNCH","260","2ND CONGRESS","Ward 10 Precinct 05","685","12","Republican","13"
"105","16","CITY OF CHICAGO","410","ASHLEY RAMOS","260","2ND CONGRESS","Ward 10 Precinct 05","685","12","Republican","9"
"105","16","CITY OF CHICAGO","0","Over Votes","260","2ND CONGRESS","Ward 10 Precinct 19","771","12","Republican","0"
"105","16","CITY OF CHICAGO","405","SHANE CULTRA","260","2ND CONGRESS","Ward 10 Precinct 19","771","12","Republican","4"
"105","16","CITY OF CHICAGO","415","THOMAS LYNCH","260","2ND CONGRESS","Ward 10 Precinct 19","771","12","Republican","11"
"105","16","CITY OF CHICAGO","410","ASHLEY RAMOS","260","2ND CONGRESS","Ward 10 Precinct 19","771","12","Republican","6"
"105","16","CITY OF CHICAGO","0","Under Votes","260","2ND CONGRESS","Ward 10 Precinct 19","771","12","Republican","5"
"105","16","CITY OF CHICAGO","0","Over Votes","260","2ND CONGRESS","Ward 10 Precinct 22","551","12","Republican","0"
"105","16","CITY OF CHICAGO","405","SHANE CULTRA","260","2ND CONGRESS","Ward 10 Precinct 22","551","12","Republican","1"
"105","16","CITY OF CHICAGO","415","THOMAS LYNCH","260","2ND CONGRESS","Ward 10 Precinct 22","551","12","Republican","3"
"105","16","CITY OF CHICAGO","410","ASHLEY RAMOS","260","2ND CONGRESS","Ward 10 Precinct 22","551","12","Republican","5"
"105","16","CITY OF CHICAGO","0","Under Votes","260","2ND CONGRESS","Ward 10 Precinct 22","551","12","Republican","1"
"105","16","CITY OF CHICAGO","0","Over Votes","260","2ND CONGRESS","Ward 10 Precinct 33","662","12","Republican","0"
"105","16","CITY OF CHICAGO","405","SHANE CULTRA","260","2ND CONGRESS","Ward 10 Precinct 33","662","12","Republican","1"
"105","16","CITY OF CHICAGO","415","THOMAS LYNCH","260","2ND CONGRESS","Ward 10 Precinct 33","662","12","Republican","3"
"105","16","CITY OF CHICAGO","410","ASHLEY RAMOS","260","2ND CONGRESS","Ward 10 Precinct 33","662","12","Republican","1"
"105","16","CITY OF CHICAGO","0","Under Votes","260","2ND CONGRESS","Ward 10 Precinct 33","662","12","Republican","0"
"105","16","CITY OF CHICAGO","0","Over Votes","260","2ND CONGRESS","Ward 04 Precinct 05","730","12","Republican","0"
"16","0","COOK","0","Over Votes","260","2ND CONGRESS","9000006","1179","12","Republican","0"
"16","0","COOK","405","SHANE CULTRA","260","2ND CONGRESS","9000006","1179","12","Republican","2"
"16","0","COOK","415","THOMAS LYNCH","260","2ND CONGRESS","9000009","1324","12","Republican","3"
"16","0","COOK","405","SHANE CULTRA","260","2ND CONGRESS","9000009","1324","12","Republican","2"
"16","0","COOK","0","Under Votes","260","2ND CONGRESS","9000009","1324","12","Republican","2"
"16","0","COOK","410","ASHLEY RAMOS","260","2ND CONGRESS","9000009","1324","12","Republican","5"
"16","0","COOK","0","Over Votes","260","2ND CONGRESS","9000009","1324","12","Republican","0"
"16","0","COOK","415","THOMAS LYNCH","260","2ND CONGRESS","9000012","1178","12","Republican","11"
"16","0","COOK","0","Under Votes","260","2ND CONGRESS","9000012","1178","12","Republican","1"
"16","0","COOK","410","ASHLEY RAMOS","260","2ND CONGRESS","9000012","1178","12","Republican","6"
"16","0","COOK","0","Over Votes","260","2ND CONGRESS","9000012","1178","12","Republican","0"
"16","0","COOK","405","SHANE CULTRA","260","2ND CONGRESS","9000012","1178","12","Republican","3"
"16","0","COOK","0","Under Votes","260","2ND CONGRESS","9000038","976","12","Republican","2"
"16","0","COOK","415","THOMAS LYNCH","260","2ND CONGRESS","9000038","976","12","Republican","2"
"16","0","COOK","410","ASHLEY RAMOS","260","2ND CONGRESS","9000038","976","12","Republican","4"
"16","0","COOK","0","Over Votes","260","2ND CONGRESS","9000038","976","12","Republican","0"
"16","0","COOK","405","SHANE CULTRA","260","2ND CONGRESS","9000038","976","12","Republican","3"
"16","0","COOK","0","Over Votes","260","2ND CONGRESS","9000041","653","12","Republican","0"
"16","0","COOK","405","SHANE CULTRA","260","2ND CONGRESS","9000041","653","12","Republican","1"
"16","0","COOK","415","THOMAS LYNCH","260","2ND CONGRESS","9000041","653","12","Republican","2"
"16","0","COOK","0","Under Votes","260","2ND CONGRESS","9000041","653","12","Republican","2"
"16","0","COOK","410","ASHLEY RAMOS","260","2ND CONGRESS","9000041","653","12","Republican","2"
"16","0","COOK","0","Under Votes","260","2ND CONGRESS","9000044","787","12","Republican","1"
"16","0","COOK","410","ASHLEY RAMOS","260","2ND CONGRESS","9000044","787","12","Republican","1"
"16","0","COOK","0","Over Votes","260","2ND CONGRESS","9000044","787","12","Republican","0"
"16","0","COOK","0","Over Votes","260","2ND CONGRESS","9000047","1562","12","Republican","0"
"16","0","COOK","405","SHANE CULTRA","260","2ND CONGRESS","9000047","1562","12","Republican","4"
"16","0","COOK","415","THOMAS LYNCH","260","2ND CONGRESS","9000047","1562","12","Republican","7"
"16","0","COOK","0","Under Votes","260","2ND CONGRESS","9000047","1562","12","Republican","2"
"16","0","COOK","410","ASHLEY RAMOS","260","2ND CONGRESS","9000047","1562","12","Republican","5"
"16","0","COOK","0","Under Votes","260","2ND CONGRESS","9500002","606","12","Republican","2"
"16","0","COOK","415","THOMAS LYNCH","260","2ND CONGRESS","9500002","606","12","Republican","2"
"16","0","COOK","410","ASHLEY RAMOS","260","2ND CONGRESS","9500002","606","12","Republican","2"
"16","0","COOK","0","Over Votes","260","2ND CONGRESS","9500002","606","12","Republican","0"
"16","0","COOK","0","Under Votes","260","2ND CONGRESS","9500005","992","12","Republican","0"
"16","0","COOK","415","THOMAS LYNCH","260","2ND CONGRESS","9500005","992","12","Republican","5"
"16","0","COOK","410","ASHLEY RAMOS","260","2ND CONGRESS","9500005","992","12","Republican","3"
"16","0","COOK","0","Over Votes","260","2ND CONGRESS","9500005","992","12","Republican","0"
"16","0","COOK","405","SHANE CULTRA","260","2ND CONGRESS","9500005","992","12","Republican","2"
"16","0","COOK","0","Under Votes","260","2ND CONGRESS","9500008","1456","12","Republican","0"
"16","0","COOK","415","THOMAS LYNCH","260","2ND CONGRESS","9500008","1456","12","Republican","1"
"16","0","COOK","0","Over Votes","260","2ND CONGRESS","9500008","1456","12","Republican","0"
"16","0","COOK","0","Under Votes","260","2ND CONGRESS","9500033","912","12","Republican","0"
"16","0","COOK","415","THOMAS LYNCH","260","2ND CONGRESS","9500033","912","12","Republican","2"
"53","0","LIVINGSTON","0","Under Votes","260","2ND CONGRESS","INDIAN GRV 3","684","12","REPUBLICAN","40"
"53","0","LIVINGSTON","0","Over Votes","260","2ND CONGRESS","INDIAN GRV 3","684","12","REPUBLICAN","0"
"53","0","LIVINGSTON","405","SHANE CULTRA","260","2ND CONGRESS","INDIAN GRV 3","684","12","REPUBLICAN","90"
"53","0","LIVINGSTON","415","THOMAS LYNCH","260","2ND CONGRESS","INDIAN GRV 3","684","12","REPUBLICAN","36"
"53","0","LIVINGSTON","410","ASHLEY RAMOS","260","2ND CONGRESS","INDIAN GRV 3","684","12","REPUBLICAN","58"
"53","0","LIVINGSTON","0","Blank Ballots","260","2ND CONGRESS","OWEGO","222","12","REPUBLICAN","0"
"53","0","LIVINGSTON","0","Under Votes","260","2ND CONGRESS","OWEGO","222","12","REPUBLICAN","15"
"53","0","LIVINGSTON","0","Over Votes","260","2ND CONGRESS","OWEGO","222","12","REPUBLICAN","0"
"53","0","LIVINGSTON","405","SHANE CULTRA","260","2ND CONGRESS","OWEGO","222","12","REPUBLICAN","48"
"53","0","LIVINGSTON","415","THOMAS LYNCH","260","2ND CONGRESS","OWEGO","222","12","REPUBLICAN","18"
"53","0","LIVINGSTON","410","ASHLEY RAMOS","260","2ND CONGRESS","OWEGO","222","12","REPUBLICAN","18"
"53","0","LIVINGSTON","405","SHANE CULTRA","260","2ND CONGRESS","NEVADA","149","12","REPUBLICAN","9"
"53","0","LIVINGSTON","415","THOMAS LYNCH","260","2ND CONGRESS","NEVADA","149","12","REPUBLICAN","14"
"53","0","LIVINGSTON","0","Blank Ballots","260","2ND CONGRESS","PONTIAC 2","675","12","REPUBLICAN","0"
"53","0","LIVINGSTON","0","Under Votes","260","2ND CONGRESS","PONTIAC 2","675","12","REPUBLICAN","21"
"53","0","LIVINGSTON","0","Over Votes","260","2ND CONGRESS","PONTIAC 2","675","12","REPUBLICAN","0"
"53","0","LIVINGSTON","405","SHANE CULTRA","260","2ND CONGRESS","PONTIAC 2","675","12","REPUBLICAN","39"
"53","0","LIVINGSTON","415","THOMAS LYNCH","260","2ND CONGRESS","PONTIAC 2","675","12","REPUBLICAN","46"
"53","0","LIVINGSTON","410","ASHLEY RAMOS","260","2ND CONGRESS","PONTIAC 2","675","12","REPUBLICAN","51"
"53","0","LIVINGSTON","410","ASHLEY RAMOS","260","2ND CONGRESS","BROUGHTON","196","12","REPUBLICAN","21"
"53","0","LIVINGSTON","0","Blank Ballots","260","2ND CONGRESS","BROUGHTON","196","12","REPUBLICAN","0"
"53","0","LIVINGSTON","0","Under Votes","260","2ND CONGRESS","BROUGHTON","196","12","REPUBLICAN","10"
"53","0","LIVINGSTON","0","Over Votes","260","2ND CONGRESS","BROUGHTON","196","12","REPUBLICAN","0"
"53","0","LIVINGSTON","405","SHANE CULTRA","260","2ND CONGRESS","BROUGHTON","196","12","REPUBLICAN","31"
"53","0","LIVINGSTON","415","THOMAS LYNCH","260","2ND CONGRESS","BROUGHTON","196","12","REPUBLICAN","6"
"53","0","LIVINGSTON","410","ASHLEY RAMOS","260","2ND CONGRESS","NEVADA","149","12","REPUBLICAN","16"
"53","0","LIVINGSTON","0","Blank Ballots","260","2ND CONGRESS","NEVADA","149","12","REPUBLICAN","0"
"53","0","LIVINGSTON","0","Under Votes","260","2ND CONGRESS","NEVADA","149","12","REPUBLICAN","9"
"53","0","LIVINGSTON","0","Over Votes","260","2ND CONGRESS","NEVADA","149","12","REPUBLICAN","0"
"53","0","LIVINGSTON","410","ASHLEY RAMOS","260","2ND CONGRESS","PONTIAC 6","707","12","REPUBLICAN","59"
"53","0","LIVINGSTON","0","Blank Ballots","260","2ND CONGRESS","PONTIAC 6","707","12","REPUBLICAN","0"
"53","0","LIVINGSTON","0","Under Votes","260","2ND CONGRESS","PONTIAC 6","707","12","REPUBLICAN","49"
"53","0","LIVINGSTON","0","Over Votes","260","2ND CONGRESS","PONTIAC 6","707","12","REPUBLICAN","0"
"53","0","LIVINGSTON","405","SHANE CULTRA","260","2ND CONGRESS","PONTIAC 6","707","12","REPUBLICAN","105"
"53","0","LIVINGSTON","415","THOMAS LYNCH","260","2ND CONGRESS","PONTIAC 6","707","12","REPUBLICAN","47"
"53","0","LIVINGSTON","410","ASHLEY RAMOS","260","2ND CONGRESS","DWIGHT 2","534","12","REPUBLICAN","20"
"53","0","LIVINGSTON","0","Blank Ballots","260","2ND CONGRESS","DWIGHT 2","534","12","REPUBLICAN","0"
"53","0","LIVINGSTON","0","Under Votes","260","2ND CONGRESS","DWIGHT 2","534","12","REPUBLICAN","7"
"53","0","LIVINGSTON","0","Over Votes","260","2ND CONGRESS","DWIGHT 2","534","12","REPUBLICAN","0"
"53","0","LIVINGSTON","405","SHANE CULTRA","260","2ND CONGRESS","DWIGHT 2","534","12","REPUBLICAN","30"
"53","0","LIVINGSTON","415","THOMAS LYNCH","260","2ND CONGRESS","DWIGHT 2","534","12","REPUBLICAN","39"
"53","0","LIVINGSTON","410","ASHLEY RAMOS","260","2ND CONGRESS","GERMANVILLE","52","12","REPUBLICAN","3"
"10","0","CHAMPAIGN","0","Under Votes","260","2ND CONGRESS","KERR","109","12","REPUBLICAN","5"
"10","0","CHAMPAIGN","415","THOMAS LYNCH","260","2ND CONGRESS","KERR","109","12","REPUBLICAN","8"
"10","0","CHAMPAIGN","0","Over Votes","260","2ND CONGRESS","KERR","109","12","REPUBLICAN","0"
"10","0","CHAMPAIGN","410","ASHLEY RAMOS","260","2ND CONGRESS","KERR","109","12","REPUBLICAN","9"
"10","0","CHAMPAIGN","405","SHANE CULTRA","260","2ND CONGRESS","KERR","109","12","REPUBLICAN","10"
"10","0","CHAMPAIGN","0","Under Votes","260","2ND CONGRESS","LUDLOW 3","1083","12","REPUBLICAN","16"
"10","0","CHAMPAIGN","415","THOMAS LYNCH","260","2ND CONGRESS","LUDLOW 3","1083","12","REPUBLICAN","44"
"10","0","CHAMPAIGN","0","Over Votes","260","2ND CONGRESS","LUDLOW 3","1083","12","REPUBLICAN","0"
"10","0","CHAMPAIGN","410","ASHLEY RAMOS","260","2ND CONGRESS","LUDLOW 3","1083","12","REPUBLICAN","30"
"10","0","CHAMPAIGN","405","SHANE CULTRA","260","2ND CONGRESS","LUDLOW 3","1083","12","REPUBLICAN","50"
"10","0","CHAMPAIGN","0","Under Votes","260","2ND CONGRESS","RANTOUL 3","622","12","REPUBLICAN","19"
"10","0","CHAMPAIGN","415","THOMAS LYNCH","260","2ND CONGRESS","RANTOUL 3","622","12","REPUBLICAN","27"
"10","0","CHAMPAIGN","0","Over Votes","260","2ND CONGRESS","RANTOUL 3","622","12","REPUBLICAN","0"
"10","0","CHAMPAIGN","410","ASHLEY RAMOS","260","2ND CONGRESS","RANTOUL 3","622","12","REPUBLICAN","19"
"10","0","CHAMPAIGN","405","SHANE CULTRA","260","2ND CONGRESS","RANTOUL 3","622","12","REPUBLICAN","35"
"10","0","CHAMPAIGN","0","Under Votes","260","2ND CONGRESS","RANTOUL 6","1245","12","REPUBLICAN","9"
"10","0","CHAMPAIGN","415","THOMAS LYNCH","260","2ND CONGRESS","RANTOUL 6","1245","12","REPUBLICAN","28"
"10","0","CHAMPAIGN","0","Over Votes","260","2ND CONGRESS","RANTOUL 6","1245","12","REPUBLICAN","0"
"10","0","CHAMPAIGN","410","ASHLEY RAMOS","260","2ND CONGRESS","RANTOUL 6","1245","12","REPUBLICAN","16"
"10","0","CHAMPAIGN","405","SHANE CULTRA","260","2ND CONGRESS","RANTOUL 6","1245","12","REPUBLICAN","17"
"10","0","CHAMPAIGN","0","Under Votes","260","2ND CONGRESS","BROWN FOOSLAND","184","12","REPUBLICAN","2"
"10","0","CHAMPAIGN","415","THOMAS LYNCH","260","2ND CONGRESS","BROWN FOOSLAND","184","12","REPUBLICAN","11"
"10","0","CHAMPAIGN","0","Over Votes","260","2ND CONGRESS","BROWN FOOSLAND","184","12","REPUBLICAN","0"
"10","0","CHAMPAIGN","410","ASHLEY RAMOS","260","2ND CONGRESS","BROWN FOOSLAND","184","12","REPUBLICAN","7"
"10","0","CHAMPAIGN","405","SHANE CULTRA","260","2ND CONGRESS","BROWN FOOSLAND","184","12","REPUBLICAN","28"
"10","0","CHAMPAIGN","0","Under Votes","260","2ND CONGRESS","HARWOOD","451","12","REPUBLICAN","15"
"10","0","CHAMPAIGN","415","THOMAS LYNCH","260","2ND CONGRESS","HARWOOD","451","12","REPUBLICAN","27"
"10","0","CHAMPAIGN","0","Over Votes","260","2ND CONGRESS","HARWOOD","451","12","REPUBLICAN","0"
"10","0","CHAMPAIGN","410","ASHLEY RAMOS","260","2ND CONGRESS","HARWOOD","451","12","REPUBLICAN","13"
"10","0","CHAMPAIGN","405","SHANE CULTRA","260","2ND CONGRESS","HARWOOD","451","12","REPUBLICAN","51"
"10","0","CHAMPAIGN","0","Under Votes","260","2ND CONGRESS","LUDLOW 1","402","12","REPUBLICAN","5"
"10","0","CHAMPAIGN","415","THOMAS LYNCH","260","2ND CONGRESS","LUDLOW 1","402","12","REPUBLICAN","22"
"10","0","CHAMPAIGN","0","Over Votes","260","2ND CONGRESS","LUDLOW 1","402","12","REPUBLICAN","0"
"10","0","CHAMPAIGN","410","ASHLEY RAMOS","260","2ND CONGRESS","LUDLOW 1","402","12","REPUBLICAN","15"
"10","0","CHAMPAIGN","405","SHANE CULTRA","260","2ND CONGRESS","LUDLOW 1","402","12","REPUBLICAN","36"
"10","0","CHAMPAIGN","0","Under Votes","260","2ND CONGRESS","RANTOUL 1","914","12","REPUBLICAN","26"
"10","0","CHAMPAIGN","415","THOMAS LYNCH","260","2ND CONGRESS","RANTOUL 1","914","12","REPUBLICAN","38"
"10","0","CHAMPAIGN","0","Over Votes","260","2ND CONGRESS","RANTOUL 1","914","12","REPUBLICAN","0"
"10","0","CHAMPAIGN","410","ASHLEY RAMOS","260","2ND CONGRESS","RANTOUL 1","914","12","REPUBLICAN","39"
"10","0","CHAMPAIGN","405","SHANE CULTRA","260","2ND CONGRESS","RANTOUL 1","914","12","REPUBLICAN","75"
"10","0","CHAMPAIGN","0","Under Votes","260","2ND CONGRESS","RANTOUL 4","1015","12","REPUBLICAN","3"
"10","0","CHAMPAIGN","415","THOMAS LYNCH","260","2ND CONGRESS","RANTOUL 4","1015","12","REPUBLICAN","0"
"27","0","FORD","0","Over Votes","260","2ND CONGRESS","PATTON 5","513","12","REPUBLICAN","0"
"27","0","FORD","415","THOMAS LYNCH","260","2ND CONGRESS","PATTON 5","513","12","REPUBLICAN","29"
"27","0","FORD","410","ASHLEY RAMOS","260","2ND CONGRESS","PATTON 7","844","12","REPUBLICAN","20"
"27","0","FORD","0","Under Votes","260","2ND CONGRESS","PATTON 7","844","12","REPUBLICAN","0"
"27","0","FORD","0","Blank Ballots","260","2ND CONGRESS","PATTON 7","844","12","REPUBLICAN","21"
"27","0","FORD","405","SHANE CULTRA","260","2ND CONGRESS","PATTON 7","844","12","REPUBLICAN","108"
"27","0","FORD","0","Over Votes","260","2ND CONGRESS","PATTON 7","844","12","REPUBLICAN","0"
"27","0","FORD","415","THOMAS LYNCH","260","2ND CONGRESS","PATTON 7","844","12","REPUBLICAN","44"
"27","0","FORD","410","ASHLEY RAMOS","260","2ND CONGRESS","PATTON 6","568","12","REPUBLICAN","25"
"27","0","FORD","0","Under Votes","260","2ND CONGRESS","PATTON 6","568","12","REPUBLICAN","0"
"27","0","FORD","0","Blank Ballots","260","2ND CONGRESS","PATTON 6","568","12","REPUBLICAN","3"
"27","0","FORD","405","SHANE CULTRA","260","2ND CONGRESS","PATTON 6","568","12","REPUBLICAN","45"
"27","0","FORD","0","Over Votes","260","2ND CONGRESS","PATTON 6","568","12","REPUBLICAN","0"
"27","0","FORD","415","THOMAS LYNCH","260","2ND CONGRESS","PATTON 6","568","12","REPUBLICAN","12"
"27","0","FORD","410","ASHLEY RAMOS","260","2ND CONGRESS","PATTON 3","144","12","REPUBLICAN","4"
"27","0","FORD","0","Under Votes","260","2ND CONGRESS","PATTON 3","144","12","REPUBLICAN","0"
"27","0","FORD","0","Blank Ballots","260","2ND CONGRESS","PATTON 3","144","12","REPUBLICAN","3"
"27","0","FORD","405","SHANE CULTRA","260","2ND CONGRESS","PATTON 3","144","12","REPUBLICAN","31"
"27","0","FORD","0","Over Votes","260","2ND CONGRESS","PATTON 3","144","12","REPUBLICAN","0"
"27","0","FORD","415","THOMAS LYNCH","260","2ND CONGRESS","PATTON 3","144","12","REPUBLICAN","7"
"27","0","FORD","410","ASHLEY RAMOS","260","2ND CONGRESS","WALL","155","12","REPUBLICAN","7"
"27","0","FORD","0","Under Votes","260","2ND CONGRESS","WALL","155","12","REPUBLICAN","0"
"27","0","FORD","0","Blank Ballots","260","2ND CONGRESS","WALL","155","12","REPUBLICAN","7"
"27","0","FORD","405","SHANE CULTRA","260","2ND CONGRESS","WALL","155","12","REPUBLICAN","27"
"27","0","FORD","0","Over Votes","260","2ND CONGRESS","WALL","155","12","REPUBLICAN","0"
"27","0","FORD","415","THOMAS LYNCH","260","2ND CONGRESS","WALL","155","12","REPUBLICAN","6"
"27","0","FORD","410","ASHLEY RAMOS","260","2ND CONGRESS","PATTON 4","472","12","REPUBLICAN","15"
"27","0","FORD","0","Under Votes","260","2ND CONGRESS","PATTON 4","472","12","REPUBLICAN","0"
"27","0","FORD","0","Blank Ballots","260","2ND CONGRESS","PATTON 4","472","12","REPUBLICAN","6"
"27","0","FORD","405","SHANE CULTRA","260","2ND CONGRESS","PATTON 4","472","12","REPUBLICAN","49"
"27","0","FORD","0","Over Votes","260","2ND CONGRESS","PATTON 4","472","12","REPUBLICAN","0"
"27","0","FORD","415","THOMAS LYNCH","260","2ND CONGRESS","PATTON 4","472","12","REPUBLICAN","22"
"105","16","CITY OF CHICAGO","0","Under Votes","260","2ND CONGRESS","Ward 04 Precinct 05","730","12","Republican","1"
"105","16","CITY OF CHICAGO","405","SHANE CULTRA","260","2ND CONGRESS","Ward 04 Precinct 05","730","12","Republican","3"
"105","16","CITY OF CHICAGO","415","THOMAS LYNCH","260","2ND CONGRESS","Ward 04 Precinct 05","730","12","Republican","3"
"105","16","CITY OF CHICAGO","410","ASHLEY RAMOS","260","2ND CONGRESS","Ward 04 Precinct 05","730","12","Republican","2"
"105","16","CITY OF CHICAGO","0","Over Votes","260","2ND CONGRESS","Ward 04 Precinct 15","825","12","Republican","0"
"105","16","CITY OF CHICAGO","0","Under Votes","260","2ND CONGRESS","Ward 04 Precinct 15","825","12","Republican","0"
"105","16","CITY OF CHICAGO","415","THOMAS LYNCH","260","2ND CONGRESS","Ward 04 Precinct 15","825","12","Republican","1"
"105","16","CITY OF CHICAGO","410","ASHLEY RAMOS","260","2ND CONGRESS","Ward 04 Precinct 15","825","12","Republican","4"
"105","16","CITY OF CHICAGO","0","Over Votes","260","2ND CONGRESS","Ward 05 Precinct 26","725","12","Republican","0"
"105","16","CITY OF CHICAGO","0","Under Votes","260","2ND CONGRESS","Ward 05 Precinct 26","725","12","Republican","2"
"105","16","CITY OF CHICAGO","405","SHANE CULTRA","260","2ND CONGRESS","Ward 05 Precinct 26","725","12","Republican","1"
"105","16","CITY OF CHICAGO","410","ASHLEY RAMOS","260","2ND CONGRESS","Ward 05 Precinct 26","725","12","Republican","1"
"105","16","CITY OF CHICAGO","0","Over Votes","260","2ND CONGRESS","Ward 05 Precinct 40","578","12","Republican","0"
"105","16","CITY OF CHICAGO","0","Under Votes","260","2ND CONGRESS","Ward 05 Precinct 40","578","12","Republican","0"
"105","16","CITY OF CHICAGO","405","SHANE CULTRA","260","2ND CONGRESS","Ward 05 Precinct 40","578","12","Republican","2"
"105","16","CITY OF CHICAGO","415","THOMAS LYNCH","260","2ND CONGRESS","Ward 05 Precinct 40","578","12","Republican","1"
"105","16","CITY OF CHICAGO","410","ASHLEY RAMOS","260","2ND CONGRESS","Ward 05 Precinct 40","578","12","Republican","1"
"105","16","CITY OF CHICAGO","0","Over Votes","260","2ND CONGRESS","Ward 07 Precinct 13","387","12","Republican","0"
"105","16","CITY OF CHICAGO","0","Under Votes","260","2ND CONGRESS","Ward 07 Precinct 13","387","12","Republican","0"
"105","16","CITY OF CHICAGO","415","THOMAS LYNCH","260","2ND CONGRESS","Ward 07 Precinct 13","387","12","Republican","1"
"105","16","CITY OF CHICAGO","0","Over Votes","260","2ND CONGRESS","Ward 09 Precinct 01","659","12","Republican","0"
"105","16","CITY OF CHICAGO","405","SHANE CULTRA","260","2ND CONGRESS","Ward 09 Precinct 01","659","12","Republican","1"
"105","16","CITY OF CHICAGO","415","THOMAS LYNCH","260","2ND CONGRESS","Ward 09 Precinct 01","659","12","Republican","2"
"105","16","CITY OF CHICAGO","410","ASHLEY RAMOS","260","2ND CONGRESS","Ward 09 Precinct 01","659","12","Republican","2"
"105","16","CITY OF CHICAGO","0","Under Votes","260","2ND CONGRESS","Ward 09 Precinct 01","659","12","Republican","0"
"105","16","CITY OF CHICAGO","410","ASHLEY RAMOS","260","2ND CONGRESS","Ward 09 Precinct 02","537","12","Republican","2"
"105","16","CITY OF CHICAGO","0","Over Votes","260","2ND CONGRESS","Ward 09 Precinct 02","537","12","Republican","0"
"105","16","CITY OF CHICAGO","0","Under Votes","260","2ND CONGRESS","Ward 09 Precinct 02","537","12","Republican","0"
"105","16","CITY OF CHICAGO","410","ASHLEY RAMOS","260","2ND CONGRESS","Ward 09 Precinct 26","960","12","Republican","1"
"105","16","CITY OF CHICAGO","0","Over Votes","260","2ND CONGRESS","Ward 09 Precinct 26","960","12","Republican","0"
"105","16","CITY OF CHICAGO","415","THOMAS LYNCH","260","2ND CONGRESS","Ward 09 Precinct 26","960","12","Republican","2"
"105","16","CITY OF CHICAGO","0","Under Votes","260","2ND CONGRESS","Ward 09 Precinct 26","960","12","Republican","0"
"105","16","CITY OF CHICAGO","0","Over Votes","260","2ND CONGRESS","Ward 09 Precinct 40","712","12","Republican","0"
"105","16","CITY OF CHICAGO","415","THOMAS LYNCH","260","2ND CONGRESS","Ward 09 Precinct 40","712","12","Republican","2"
"105","16","CITY OF CHICAGO","0","Under Votes","260","2ND CONGRESS","Ward 09 Precinct 40","712","12","Republican","0"
"105","16","CITY OF CHICAGO","0","Over Votes","260","2ND CONGRESS","Ward 10 Precinct 01","601","12","Republican","0"
"105","16","CITY OF CHICAGO","415","THOMAS LYNCH","260","2ND CONGRESS","Ward 10 Precinct 01","601","12","Republican","1"
"16","0","COOK","420","ROBIN KELLY","260","2ND CONGRESS","9500066","1206","11","Democratic","301"
"16","0","COOK","0","Over Votes","260","2ND CONGRESS","9500066","1206","11","Democratic","0"
"16","0","COOK","0","Under Votes","260","2ND CONGRESS","9500066","1206","11","Democratic","21"
"16","0","COOK","420","ROBIN KELLY","260","2ND CONGRESS","9500069","1325","11","Democratic","187"
"16","0","COOK","0","Over Votes","260","2ND CONGRESS","9500069","1325","11","Democratic","0"
"16","0","COOK","0","Under Votes","260","2ND CONGRESS","9500069","1325","11","Democratic","12"
"16","0","COOK","420","ROBIN KELLY","260","2ND CONGRESS","9500073","1394","11","Democratic","189"
"16","0","COOK","0","Over Votes","260","2ND CONGRESS","9500073","1394","11","Democratic","0"
"16","0","COOK","420","ROBIN KELLY","260","2ND CONGRESS","9000001","2969","11","Democratic","762"
"16","0","COOK","0","Over Votes","260","2ND CONGRESS","9000001","2969","11","Democratic","0"
"16","0","COOK","0","Under Votes","260","2ND CONGRESS","9000001","2969","11","Democratic","27"
"16","0","COOK","420","ROBIN KELLY","260","2ND CONGRESS","9000004","1073","11","Democratic","167"
"16","0","COOK","0","Over Votes","260","2ND CONGRESS","9000004","1073","11","Democratic","0"
"16","0","COOK","0","Under Votes","260","2ND CONGRESS","9000004","1073","11","Democratic","6"
"16","0","COOK","420","ROBIN KELLY","260","2ND CONGRESS","9000028","1469","11","Democratic","386"
"16","0","COOK","0","Over Votes","260","2ND CONGRESS","9000028","1469","11","Democratic","0"
"16","0","COOK","0","Under Votes","260","2ND CONGRESS","9000028","1469","11","Democratic","14"
"16","0","COOK","420","ROBIN KELLY","260","2ND CONGRESS","9000031","823","11","Democratic","140"
"16","0","COOK","0","Over Votes","260","2ND CONGRESS","9000031","823","11","Democratic","0"
"16","0","COOK","0","Under Votes","260","2ND CONGRESS","9000031","823","11","Democratic","9"
"16","0","COOK","420","ROBIN KELLY","260","2ND CONGRESS","9000034","802","11","Democratic","191"
"16","0","COOK","0","Over Votes","260","2ND CONGRESS","9000034","802","11","Democratic","0"
"16","0","COOK","0","Under Votes","260","2ND CONGRESS","9000034","802","11","Democratic","11"
"16","0","COOK","420","ROBIN KELLY","260","2ND CONGRESS","9000039","1015","11","Democratic","236"
"16","0","COOK","0","Over Votes","260","2ND CONGRESS","9000039","1015","11","Democratic","0"
"16","0","COOK","0","Under Votes","260","2ND CONGRESS","9000039","1015","11","Democratic","13"
"16","0","COOK","420","ROBIN KELLY","260","2ND CONGRESS","9500025","905","11","Democratic","125"
"16","0","COOK","0","Over Votes","260","2ND CONGRESS","9500025","905","11","Democratic","0"
"16","0","COOK","0","Under Votes","260","2ND CONGRESS","9500025","905","11","Democratic","10"
"16","0","COOK","420","ROBIN KELLY","260","2ND CONGRESS","9500028","853","11","Democratic","82"
"16","0","COOK","0","Over Votes","260","2ND CONGRESS","9500028","853","11","Democratic","0"
"16","0","COOK","0","Under Votes","260","2ND CONGRESS","9500028","853","11","Democratic","4"
"16","0","COOK","420","ROBIN KELLY","260","2ND CONGRESS","9500034","1424","11","Democratic","301"
"16","0","COOK","0","Over Votes","260","2ND CONGRESS","9500034","1424","11","Democratic","0"
"16","0","COOK","0","Under Votes","260","2ND CONGRESS","9500034","1424","11","Democratic","28"
"16","0","COOK","420","ROBIN KELLY","260","2ND CONGRESS","9500056","1080","11","Democratic","95"
"16","0","COOK","0","Over Votes","260","2ND CONGRESS","9500056","1080","11","Democratic","0"
"16","0","COOK","0","Under Votes","260","2ND CONGRESS","9500056","1080","11","Democratic","7"
"16","0","COOK","420","ROBIN KELLY","260","2ND CONGRESS","9500060","615","11","Democratic","63"
"16","0","COOK","0","Over Votes","260","2ND CONGRESS","9500060","615","11","Democratic","0"
"16","0","COOK","0","Under Votes","260","2ND CONGRESS","9500060","615","11","Democratic","11"
"16","0","COOK","420","ROBIN KELLY","260","2ND CONGRESS","9500064","631","11","Democratic","166"
"16","0","COOK","0","Over Votes","260","2ND CONGRESS","9500064","631","11","Democratic","0"
"16","0","COOK","0","Under Votes","260","2ND CONGRESS","9500064","631","11","Democratic","10"
"16","0","COOK","420","ROBIN KELLY","260","2ND CONGRESS","9500067","1096","11","Democratic","160"
"16","0","COOK","410","ASHLEY RAMOS","260","2ND CONGRESS","9500033","912","12","Republican","2"
"16","0","COOK","0","Over Votes","260","2ND CONGRESS","9500033","912","12","Republican","0"
"16","0","COOK","405","SHANE CULTRA","260","2ND CONGRESS","9500033","912","12","Republican","1"
"16","0","COOK","0","Under Votes","260","2ND CONGRESS","9000001","2969","12","Republican","3"
"16","0","COOK","410","ASHLEY RAMOS","260","2ND CONGRESS","9000001","2969","12","Republican","10"
"16","0","COOK","415","THOMAS LYNCH","260","2ND CONGRESS","9000001","2969","12","Republican","3"
"16","0","COOK","0","Over Votes","260","2ND CONGRESS","9000001","2969","12","Republican","0"
"16","0","COOK","405","SHANE CULTRA","260","2ND CONGRESS","9000001","2969","12","Republican","4"
"16","0","COOK","405","SHANE CULTRA","260","2ND CONGRESS","9000004","1073","12","Republican","2"
"16","0","COOK","0","Under Votes","260","2ND CONGRESS","9000004","1073","12","Republican","1"
"16","0","COOK","410","ASHLEY RAMOS","260","2ND CONGRESS","9000004","1073","12","Republican","8"
"16","0","COOK","415","THOMAS LYNCH","260","2ND CONGRESS","9000004","1073","12","Republican","2"
"16","0","COOK","0","Over Votes","260","2ND CONGRESS","9000004","1073","12","Republican","0"
"16","0","COOK","0","Under Votes","260","2ND CONGRESS","9000028","1469","12","Republican","1"
"16","0","COOK","410","ASHLEY RAMOS","260","2ND CONGRESS","9000028","1469","12","Republican","6"
"16","0","COOK","415","THOMAS LYNCH","260","2ND CONGRESS","9000028","1469","12","Republican","2"
"16","0","COOK","0","Over Votes","260","2ND CONGRESS","9000028","1469","12","Republican","0"
"16","0","COOK","405","SHANE CULTRA","260","2ND CONGRESS","9000028","1469","12","Republican","1"
"16","0","COOK","0","Under Votes","260","2ND CONGRESS","9000031","823","12","Republican","4"
"16","0","COOK","410","ASHLEY RAMOS","260","2ND CONGRESS","9000031","823","12","Republican","14"
"16","0","COOK","415","THOMAS LYNCH","260","2ND CONGRESS","9000031","823","12","Republican","21"
"16","0","COOK","0","Over Votes","260","2ND CONGRESS","9000031","823","12","Republican","0"
"16","0","COOK","405","SHANE CULTRA","260","2ND CONGRESS","9000031","823","12","Republican","9"
"16","0","COOK","405","SHANE CULTRA","260","2ND CONGRESS","9000034","802","12","Republican","3"
"16","0","COOK","415","THOMAS LYNCH","260","2ND CONGRESS","9000034","802","12","Republican","2"
"16","0","COOK","0","Under Votes","260","2ND CONGRESS","9000034","802","12","Republican","2"
"16","0","COOK","410","ASHLEY RAMOS","260","2ND CONGRESS","9000034","802","12","Republican","4"
"16","0","COOK","0","Over Votes","260","2ND CONGRESS","9000034","802","12","Republican","0"
"16","0","COOK","405","SHANE CULTRA","260","2ND CONGRESS","9000039","1015","12","Republican","2"
"16","0","COOK","415","THOMAS LYNCH","260","2ND CONGRESS","9000039","1015","12","Republican","6"
"16","0","COOK","0","Under Votes","260","2ND CONGRESS","9000039","1015","12","Republican","1"
"16","0","COOK","410","ASHLEY RAMOS","260","2ND CONGRESS","9000039","1015","12","Republican","4"
"16","0","COOK","0","Over Votes","260","2ND CONGRESS","9000039","1015","12","Republican","0"
"16","0","COOK","410","ASHLEY RAMOS","260","2ND CONGRESS","9500025","905","12","Republican","10"
"16","0","COOK","415","THOMAS LYNCH","260","2ND CONGRESS","9500025","905","12","Republican","17"
"16","0","COOK","0","Over Votes","260","2ND CONGRESS","9500025","905","12","Republican","0"
"16","0","COOK","405","SHANE CULTRA","260","2ND CONGRESS","9500025","905","12","Republican","10"
"16","0","COOK","0","Under Votes","260","2ND CONGRESS","9500025","905","12","Republican","6"
"16","0","COOK","0","Under Votes","260","2ND CONGRESS","9500028","853","12","Republican","1"
"16","0","COOK","405","SHANE CULTRA","260","2ND CONGRESS","9500028","853","12","Republican","2"
"16","0","COOK","410","ASHLEY RAMOS","260","2ND CONGRESS","9500028","853","12","Republican","3"
"16","0","COOK","415","THOMAS LYNCH","260","2ND CONGRESS","9500028","853","12","Republican","2"
"16","0","COOK","0","Over Votes","260","2ND CONGRESS","9500028","853","12","Republican","0"
"16","0","COOK","405","SHANE CULTRA","260","2ND CONGRESS","9500034","1424","12","Republican","3"
"53","0","LIVINGSTON","0","Blank Ballots","260","2ND CONGRESS","GERMANVILLE","52","12","REPUBLICAN","0"
"53","0","LIVINGSTON","0","Under Votes","260","2ND CONGRESS","GERMANVILLE","52","12","REPUBLICAN","0"
"53","0","LIVINGSTON","0","Over Votes","260","2ND CONGRESS","GERMANVILLE","52","12","REPUBLICAN","0"
"53","0","LIVINGSTON","405","SHANE CULTRA","260","2ND CONGRESS","GERMANVILLE","52","12","REPUBLICAN","7"
"53","0","LIVINGSTON","415","THOMAS LYNCH","260","2ND CONGRESS","GERMANVILLE","52","12","REPUBLICAN","5"
"92","0","VERMILION","0","Under Votes","260","2ND CONGRESS","BUTLER","547","11","DEMOCRATIC","1"
"92","0","VERMILION","0","Blank Ballots","260","2ND CONGRESS","BUTLER","547","11","DEMOCRATIC","0"
"92","0","VERMILION","0","Under Votes","260","2ND CONGRESS","GRANT 4","1102","11","DEMOCRATIC","1"
"92","0","VERMILION","0","Blank Ballots","260","2ND CONGRESS","GRANT 4","1102","11","DEMOCRATIC","0"
"92","0","VERMILION","420","ROBIN KELLY","260","2ND CONGRESS","GRANT 4","1102","11","DEMOCRATIC","32"
"92","0","VERMILION","0","Over Votes","260","2ND CONGRESS","GRANT 4","1102","11","DEMOCRATIC","0"
"92","0","VERMILION","0","Under Votes","260","2ND CONGRESS","PILOT","406","11","DEMOCRATIC","0"
"92","0","VERMILION","0","Blank Ballots","260","2ND CONGRESS","PILOT","406","11","DEMOCRATIC","0"
"92","0","VERMILION","420","ROBIN KELLY","260","2ND CONGRESS","PILOT","406","11","DEMOCRATIC","6"
"92","0","VERMILION","0","Over Votes","260","2ND CONGRESS","PILOT","406","11","DEMOCRATIC","0"
"92","0","VERMILION","0","Under Votes","260","2ND CONGRESS","GRANT 2","1016","11","DEMOCRATIC","4"
"92","0","VERMILION","0","Blank Ballots","260","2ND CONGRESS","GRANT 2","1016","11","DEMOCRATIC","0"
"92","0","VERMILION","420","ROBIN KELLY","260","2ND CONGRESS","GRANT 2","1016","11","DEMOCRATIC","15"
"92","0","VERMILION","0","Over Votes","260","2ND CONGRESS","GRANT 2","1016","11","DEMOCRATIC","0"
"92","0","VERMILION","0","Under Votes","260","2ND CONGRESS","MCKENDREE","495","11","DEMOCRATIC","0"
"92","0","VERMILION","0","Blank Ballots","260","2ND CONGRESS","MCKENDREE","495","11","DEMOCRATIC","0"
"92","0","VERMILION","420","ROBIN KELLY","260","2ND CONGRESS","MCKENDREE","495","11","DEMOCRATIC","0"
"92","0","VERMILION","0","Over Votes","260","2ND CONGRESS","MCKENDREE","495","11","DEMOCRATIC","0"
"92","0","VERMILION","0","Under Votes","260","2ND CONGRESS","OAKWOOD 5","577","11","DEMOCRATIC","1"
"92","0","VERMILION","0","Blank Ballots","260","2ND CONGRESS","OAKWOOD 5","577","11","DEMOCRATIC","0"
"92","0","VERMILION","420","ROBIN KELLY","260","2ND CONGRESS","OAKWOOD 5","577","11","DEMOCRATIC","22"
"92","0","VERMILION","0","Over Votes","260","2ND CONGRESS","OAKWOOD 5","577","11","DEMOCRATIC","0"
"92","0","VERMILION","0","Under Votes","260","2ND CONGRESS","NEWELL 2","892","11","DEMOCRATIC","1"
"92","0","VERMILION","0","Blank Ballots","260","2ND CONGRESS","NEWELL 2","892","11","DEMOCRATIC","0"
"92","0","VERMILION","420","ROBIN KELLY","260","2ND CONGRESS","NEWELL 2","892","11","DEMOCRATIC","17"
"92","0","VERMILION","0","Over Votes","260","2ND CONGRESS","NEWELL 2","892","11","DEMOCRATIC","0"
"92","0","VERMILION","0","Under Votes","260","2ND CONGRESS","GRANT 1","1147","11","DEMOCRATIC","2"
"92","0","VERMILION","0","Blank Ballots","260","2ND CONGRESS","GRANT 1","1147","11","DEMOCRATIC","0"
"92","0","VERMILION","420","ROBIN KELLY","260","2ND CONGRESS","GRANT 1","1147","11","DEMOCRATIC","26"
"92","0","VERMILION","0","Over Votes","260","2ND CONGRESS","GRANT 1","1147","11","DEMOCRATIC","0"
"92","0","VERMILION","0","Under Votes","260","2ND CONGRESS","NEWELL 1","794","11","DEMOCRATIC","3"
"92","0","VERMILION","0","Blank Ballots","260","2ND CONGRESS","NEWELL 1","794","11","DEMOCRATIC","0"
"92","0","VERMILION","420","ROBIN KELLY","260","2ND CONGRESS","NEWELL 1","794","11","DEMOCRATIC","13"
"92","0","VERMILION","0","Over Votes","260","2ND CONGRESS","NEWELL 1","794","11","DEMOCRATIC","0"
"92","0","VERMILION","0","Under Votes","260","2ND CONGRESS","OAKWOOD 2","674","11","DEMOCRATIC","3"
"92","0","VERMILION","0","Blank Ballots","260","2ND CONGRESS","OAKWOOD 2","674","11","DEMOCRATIC","0"
"92","0","VERMILION","420","ROBIN KELLY","260","2ND CONGRESS","OAKWOOD 2","674","11","DEMOCRATIC","22"
"92","0","VERMILION","0","Over Votes","260","2ND CONGRESS","OAKWOOD 2","674","11","DEMOCRATIC","0"
"92","0","VERMILION","0","Under Votes","260","2ND CONGRESS","CATLIN 3","775","11","DEMOCRATIC","2"
"10","0","CHAMPAIGN","0","Over Votes","260","2ND CONGRESS","RANTOUL 4","1015","12","REPUBLICAN","0"
"10","0","CHAMPAIGN","410","ASHLEY RAMOS","260","2ND CONGRESS","RANTOUL 4","1015","12","REPUBLICAN","0"
"10","0","CHAMPAIGN","405","SHANE CULTRA","260","2ND CONGRESS","RANTOUL 4","1015","12","REPUBLICAN","3"
"106","92","CITY OF DANVILLE","410","ASHLEY RAMOS","260","2ND CONGRESS","PRECINCT 2","610","12","REPUBLICAN","22"
"106","92","CITY OF DANVILLE","405","SHANE CULTRA","260","2ND CONGRESS","PRECINCT 2","610","12","REPUBLICAN","23"
"106","92","CITY OF DANVILLE","415","THOMAS LYNCH","260","2ND CONGRESS","PRECINCT 2","610","12","REPUBLICAN","33"
"106","92","CITY OF DANVILLE","410","ASHLEY RAMOS","260","2ND CONGRESS","PRECINCT 8","298","12","REPUBLICAN","5"
"106","92","CITY OF DANVILLE","405","SHANE CULTRA","260","2ND CONGRESS","PRECINCT 8","298","12","REPUBLICAN","2"
"106","92","CITY OF DANVILLE","415","THOMAS LYNCH","260","2ND CONGRESS","PRECINCT 8","298","12","REPUBLICAN","7"
"106","92","CITY OF DANVILLE","410","ASHLEY RAMOS","260","2ND CONGRESS","PRECINCT 11","812","12","REPUBLICAN","12"
"106","92","CITY OF DANVILLE","405","SHANE CULTRA","260","2ND CONGRESS","PRECINCT 11","812","12","REPUBLICAN","2"
"106","92","CITY OF DANVILLE","415","THOMAS LYNCH","260","2ND CONGRESS","PRECINCT 11","812","12","REPUBLICAN","21"
"106","92","CITY OF DANVILLE","410","ASHLEY RAMOS","260","2ND CONGRESS","PRECINCT 22","635","12","REPUBLICAN","2"
"106","92","CITY OF DANVILLE","405","SHANE CULTRA","260","2ND CONGRESS","PRECINCT 22","635","12","REPUBLICAN","2"
"106","92","CITY OF DANVILLE","415","THOMAS LYNCH","260","2ND CONGRESS","PRECINCT 22","635","12","REPUBLICAN","3"
"106","92","CITY OF DANVILLE","410","ASHLEY RAMOS","260","2ND CONGRESS","PRECINCT 25","325","12","REPUBLICAN","2"
"106","92","CITY OF DANVILLE","405","SHANE CULTRA","260","2ND CONGRESS","PRECINCT 25","325","12","REPUBLICAN","1"
"106","92","CITY OF DANVILLE","415","THOMAS LYNCH","260","2ND CONGRESS","PRECINCT 25","325","12","REPUBLICAN","3"
"106","92","CITY OF DANVILLE","410","ASHLEY RAMOS","260","2ND CONGRESS","PRECINCT 28","396","12","REPUBLICAN","6"
"106","92","CITY OF DANVILLE","405","SHANE CULTRA","260","2ND CONGRESS","PRECINCT 28","396","12","REPUBLICAN","8"
"106","92","CITY OF DANVILLE","415","THOMAS LYNCH","260","2ND CONGRESS","PRECINCT 28","396","12","REPUBLICAN","5"
"106","92","CITY OF DANVILLE","410","ASHLEY RAMOS","260","2ND CONGRESS","PRECINCT 31","496","12","REPUBLICAN","28"
"106","92","CITY OF DANVILLE","405","SHANE CULTRA","260","2ND CONGRESS","PRECINCT 31","496","12","REPUBLICAN","16"
"106","92","CITY OF DANVILLE","415","THOMAS LYNCH","260","2ND CONGRESS","PRECINCT 31","496","12","REPUBLICAN","18"
"106","92","CITY OF DANVILLE","410","ASHLEY RAMOS","260","2ND CONGRESS","PRECINCT 1","574","12","REPUBLICAN","25"
"106","92","CITY OF DANVILLE","405","SHANE CULTRA","260","2ND CONGRESS","PRECINCT 1","574","12","REPUBLICAN","19"
"106","92","CITY OF DANVILLE","415","THOMAS LYNCH","260","2ND CONGRESS","PRECINCT 1","574","12","REPUBLICAN","31"
"106","92","CITY OF DANVILLE","410","ASHLEY RAMOS","260","2ND CONGRESS","PRECINCT 4","718","12","REPUBLICAN","10"
"106","92","CITY OF DANVILLE","405","SHANE CULTRA","260","2ND CONGRESS","PRECINCT 4","718","12","REPUBLICAN","8"
"106","92","CITY OF DANVILLE","415","THOMAS LYNCH","260","2ND CONGRESS","PRECINCT 4","718","12","REPUBLICAN","15"
"106","92","CITY OF DANVILLE","410","ASHLEY RAMOS","260","2ND CONGRESS","PRECINCT 7","580","12","REPUBLICAN","18"
"106","92","CITY OF DANVILLE","405","SHANE CULTRA","260","2ND CONGRESS","PRECINCT 7","580","12","REPUBLICAN","34"
"106","92","CITY OF DANVILLE","415","THOMAS LYNCH","260","2ND CONGRESS","PRECINCT 7","580","12","REPUBLICAN","39"
"106","92","CITY OF DANVILLE","410","ASHLEY RAMOS","260","2ND CONGRESS","PRECINCT 33","525","12","REPUBLICAN","15"
"106","92","CITY OF DANVILLE","405","SHANE CULTRA","260","2ND CONGRESS","PRECINCT 33","525","12","REPUBLICAN","16"
"106","92","CITY OF DANVILLE","415","THOMAS LYNCH","260","2ND CONGRESS","PRECINCT 33","525","12","REPUBLICAN","37"
"106","92","CITY OF DANVILLE","410","ASHLEY RAMOS","260","2ND CONGRESS","PRECINCT 6","557","12","REPUBLICAN","24"
"106","92","CITY OF DANVILLE","405","SHANE CULTRA","260","2ND CONGRESS","PRECINCT 6","557","12","REPUBLICAN","17"
"106","92","CITY OF DANVILLE","415","THOMAS LYNCH","260","2ND CONGRESS","PRECINCT 6","557","12","REPUBLICAN","25"
"105","16","CITY OF CHICAGO","410","ASHLEY RAMOS","260","2ND CONGRESS","Ward 10 Precinct 01","601","12","Republican","2"
"105","16","CITY OF CHICAGO","0","Under Votes","260","2ND CONGRESS","Ward 10 Precinct 01","601","12","Republican","1"
"105","16","CITY OF CHICAGO","410","ASHLEY RAMOS","260","2ND CONGRESS","Ward 05 Precinct 01","738","12","Republican","2"
"105","16","CITY OF CHICAGO","0","Over Votes","260","2ND CONGRESS","Ward 05 Precinct 01","738","12","Republican","0"
"105","16","CITY OF CHICAGO","0","Under Votes","260","2ND CONGRESS","Ward 05 Precinct 01","738","12","Republican","0"
"105","16","CITY OF CHICAGO","415","THOMAS LYNCH","260","2ND CONGRESS","Ward 05 Precinct 01","738","12","Republican","1"
"105","16","CITY OF CHICAGO","410","ASHLEY RAMOS","260","2ND CONGRESS","Ward 05 Precinct 28","741","12","Republican","2"
"105","16","CITY OF CHICAGO","0","Over Votes","260","2ND CONGRESS","Ward 05 Precinct 28","741","12","Republican","0"
"105","16","CITY OF CHICAGO","0","Under Votes","260","2ND CONGRESS","Ward 05 Precinct 28","741","12","Republican","1"
"105","16","CITY OF CHICAGO","405","SHANE CULTRA","260","2ND CONGRESS","Ward 05 Precinct 28","741","12","Republican","3"
"105","16","CITY OF CHICAGO","415","THOMAS LYNCH","260","2ND CONGRESS","Ward 05 Precinct 28","741","12","Republican","1"
"105","16","CITY OF CHICAGO","410","ASHLEY RAMOS","260","2ND CONGRESS","Ward 05 Precinct 38","734","12","Republican","1"
"105","16","CITY OF CHICAGO","0","Over Votes","260","2ND CONGRESS","Ward 05 Precinct 38","734","12","Republican","0"
"105","16","CITY OF CHICAGO","0","Under Votes","260","2ND CONGRESS","Ward 05 Precinct 38","734","12","Republican","0"
"105","16","CITY OF CHICAGO","415","THOMAS LYNCH","260","2ND CONGRESS","Ward 05 Precinct 41","314","12","Republican","3"
"105","16","CITY OF CHICAGO","0","Over Votes","260","2ND CONGRESS","Ward 05 Precinct 41","314","12","Republican","0"
"105","16","CITY OF CHICAGO","0","Under Votes","260","2ND CONGRESS","Ward 05 Precinct 41","314","12","Republican","0"
"105","16","CITY OF CHICAGO","410","ASHLEY RAMOS","260","2ND CONGRESS","Ward 07 Precinct 21","552","12","Republican","1"
"105","16","CITY OF CHICAGO","0","Over Votes","260","2ND CONGRESS","Ward 07 Precinct 21","552","12","Republican","0"
"105","16","CITY OF CHICAGO","0","Under Votes","260","2ND CONGRESS","Ward 07 Precinct 21","552","12","Republican","0"
"105","16","CITY OF CHICAGO","410","ASHLEY RAMOS","260","2ND CONGRESS","Ward 07 Precinct 22","666","12","Republican","3"
"105","16","CITY OF CHICAGO","0","Over Votes","260","2ND CONGRESS","Ward 07 Precinct 22","666","12","Republican","0"
"105","16","CITY OF CHICAGO","0","Under Votes","260","2ND CONGRESS","Ward 07 Precinct 22","666","12","Republican","0"
"105","16","CITY OF CHICAGO","405","SHANE CULTRA","260","2ND CONGRESS","Ward 07 Precinct 22","666","12","Republican","1"
"105","16","CITY OF CHICAGO","410","ASHLEY RAMOS","260","2ND CONGRESS","Ward 07 Precinct 25","653","12","Republican","1"
"105","16","CITY OF CHICAGO","0","Over Votes","260","2ND CONGRESS","Ward 07 Precinct 25","653","12","Republican","0"
"105","16","CITY OF CHICAGO","0","Under Votes","260","2ND CONGRESS","Ward 07 Precinct 25","653","12","Republican","0"
"105","16","CITY OF CHICAGO","405","SHANE CULTRA","260","2ND CONGRESS","Ward 07 Precinct 25","653","12","Republican","1"
"105","16","CITY OF CHICAGO","0","Over Votes","260","2ND CONGRESS","Ward 07 Precinct 35","726","12","Republican","0"
"105","16","CITY OF CHICAGO","0","Under Votes","260","2ND CONGRESS","Ward 07 Precinct 35","726","12","Republican","0"
"105","16","CITY OF CHICAGO","415","THOMAS LYNCH","260","2ND CONGRESS","Ward 07 Precinct 35","726","12","Republican","1"
"105","16","CITY OF CHICAGO","410","ASHLEY RAMOS","260","2ND CONGRESS","Ward 07 Precinct 35","726","12","Republican","1"
"105","16","CITY OF CHICAGO","405","SHANE CULTRA","260","2ND CONGRESS","Ward 07 Precinct 35","726","12","Republican","1"
"105","16","CITY OF CHICAGO","0","Over Votes","260","2ND CONGRESS","Ward 09 Precinct 37","853","12","Republican","0"
"105","16","CITY OF CHICAGO","405","SHANE CULTRA","260","2ND CONGRESS","Ward 09 Precinct 37","853","12","Republican","1"
"105","16","CITY OF CHICAGO","415","THOMAS LYNCH","260","2ND CONGRESS","Ward 09 Precinct 37","853","12","Republican","12"
"105","16","CITY OF CHICAGO","410","ASHLEY RAMOS","260","2ND CONGRESS","Ward 09 Precinct 37","853","12","Republican","6"
"16","0","COOK","0","Over Votes","260","2ND CONGRESS","9500067","1096","11","Democratic","0"
"16","0","COOK","0","Under Votes","260","2ND CONGRESS","9500067","1096","11","Democratic","14"
"16","0","COOK","420","ROBIN KELLY","260","2ND CONGRESS","9500092","1691","11","Democratic","293"
"16","0","COOK","0","Over Votes","260","2ND CONGRESS","9500092","1691","11","Democratic","0"
"16","0","COOK","0","Under Votes","260","2ND CONGRESS","9500092","1691","11","Democratic","10"
"16","0","COOK","420","ROBIN KELLY","260","2ND CONGRESS","9500098","462","11","Democratic","36"
"16","0","COOK","0","Over Votes","260","2ND CONGRESS","9500098","462","11","Democratic","0"
"16","0","COOK","0","Under Votes","260","2ND CONGRESS","9500098","462","11","Democratic","10"
"16","0","COOK","420","ROBIN KELLY","260","2ND CONGRESS","9500103","997","11","Democratic","98"
"16","0","COOK","0","Over Votes","260","2ND CONGRESS","9500103","997","11","Democratic","0"
"16","0","COOK","0","Under Votes","260","2ND CONGRESS","9500103","997","11","Democratic","12"
"16","0","COOK","420","ROBIN KELLY","260","2ND CONGRESS","9500109","864","11","Democratic","79"
"16","0","COOK","0","Over Votes","260","2ND CONGRESS","9500109","864","11","Democratic","0"
"16","0","COOK","420","ROBIN KELLY","260","2ND CONGRESS","9000003","1262","11","Democratic","357"
"16","0","COOK","0","Over Votes","260","2ND CONGRESS","9000003","1262","11","Democratic","0"
"16","0","COOK","0","Under Votes","260","2ND CONGRESS","9000003","1262","11","Democratic","14"
"16","0","COOK","0","Under Votes","260","2ND CONGRESS","9000024","1201","11","Democratic","4"
"16","0","COOK","420","ROBIN KELLY","260","2ND CONGRESS","9000024","1201","11","Democratic","173"
"16","0","COOK","0","Over Votes","260","2ND CONGRESS","9000024","1201","11","Democratic","0"
"16","0","COOK","420","ROBIN KELLY","260","2ND CONGRESS","9000027","1153","11","Democratic","207"
"16","0","COOK","0","Over Votes","260","2ND CONGRESS","9000027","1153","11","Democratic","0"
"16","0","COOK","0","Under Votes","260","2ND CONGRESS","9000027","1153","11","Democratic","12"
"16","0","COOK","420","ROBIN KELLY","260","2ND CONGRESS","9000030","1350","11","Democratic","264"
"16","0","COOK","0","Over Votes","260","2ND CONGRESS","9000030","1350","11","Democratic","0"
"16","0","COOK","0","Under Votes","260","2ND CONGRESS","9000030","1350","11","Democratic","11"
"16","0","COOK","420","ROBIN KELLY","260","2ND CONGRESS","9000033","784","11","Democratic","142"
"16","0","COOK","0","Over Votes","260","2ND CONGRESS","9000033","784","11","Democratic","0"
"16","0","COOK","0","Under Votes","260","2ND CONGRESS","9000033","784","11","Democratic","14"
"16","0","COOK","420","ROBIN KELLY","260","2ND CONGRESS","9500021","1218","11","Democratic","241"
"16","0","COOK","0","Over Votes","260","2ND CONGRESS","9500021","1218","11","Democratic","0"
"16","0","COOK","0","Under Votes","260","2ND CONGRESS","9500021","1218","11","Democratic","14"
"16","0","COOK","420","ROBIN KELLY","260","2ND CONGRESS","9500024","1014","11","Democratic","186"
"16","0","COOK","0","Over Votes","260","2ND CONGRESS","9500024","1014","11","Democratic","0"
"16","0","COOK","0","Under Votes","260","2ND CONGRESS","9500024","1014","11","Democratic","7"
"16","0","COOK","420","ROBIN KELLY","260","2ND CONGRESS","9500027","1059","11","Democratic","271"
"16","0","COOK","0","Over Votes","260","2ND CONGRESS","9500027","1059","11","Democratic","0"
"16","0","COOK","0","Under Votes","260","2ND CONGRESS","9500027","1059","11","Democratic","16"
"16","0","COOK","420","ROBIN KELLY","260","2ND CONGRESS","9500055","737","11","Democratic","102"
"16","0","COOK","0","Over Votes","260","2ND CONGRESS","9500055","737","11","Democratic","0"
"16","0","COOK","0","Under Votes","260","2ND CONGRESS","9500055","737","11","Democratic","7"
"16","0","COOK","420","ROBIN KELLY","260","2ND CONGRESS","9500059","764","11","Democratic","83"
"16","0","COOK","0","Over Votes","260","2ND CONGRESS","9500059","764","11","Democratic","0"
"16","0","COOK","0","Under Votes","260","2ND CONGRESS","9500059","764","11","Democratic","3"
"16","0","COOK","420","ROBIN KELLY","260","2ND CONGRESS","9500063","635","11","Democratic","51"
"16","0","COOK","0","Over Votes","260","2ND CONGRESS","9500063","635","11","Democratic","0"
"92","0","VERMILION","0","Blank Ballots","260","2ND CONGRESS","CATLIN 3","775","11","DEMOCRATIC","0"
"92","0","VERMILION","420","ROBIN KELLY","260","2ND CONGRESS","CATLIN 3","775","11","DEMOCRATIC","33"
"92","0","VERMILION","0","Over Votes","260","2ND CONGRESS","CATLIN 3","775","11","DEMOCRATIC","0"
"92","0","VERMILION","0","Under Votes","260","2ND CONGRESS","DANVILLE 8","570","11","DEMOCRATIC","1"
"92","0","VERMILION","0","Blank Ballots","260","2ND CONGRESS","DANVILLE 8","570","11","DEMOCRATIC","0"
"92","0","VERMILION","420","ROBIN KELLY","260","2ND CONGRESS","DANVILLE 8","570","11","DEMOCRATIC","14"
"92","0","VERMILION","0","Over Votes","260","2ND CONGRESS","DANVILLE 8","570","11","DEMOCRATIC","0"
"92","0","VERMILION","420","ROBIN KELLY","260","2ND CONGRESS","BUTLER","547","11","DEMOCRATIC","9"
"92","0","VERMILION","0","Over Votes","260","2ND CONGRESS","BUTLER","547","11","DEMOCRATIC","0"
"92","0","VERMILION","0","Under Votes","260","2ND CONGRESS","DANVILLE 3","947","11","DEMOCRATIC","3"
"92","0","VERMILION","0","Blank Ballots","260","2ND CONGRESS","DANVILLE 3","947","11","DEMOCRATIC","0"
"92","0","VERMILION","420","ROBIN KELLY","260","2ND CONGRESS","DANVILLE 3","947","11","DEMOCRATIC","7"
"92","0","VERMILION","0","Over Votes","260","2ND CONGRESS","DANVILLE 3","947","11","DEMOCRATIC","0"
"92","0","VERMILION","0","Under Votes","260","2ND CONGRESS","GEORGETOWN 5","1234","11","DEMOCRATIC","5"
"92","0","VERMILION","0","Blank Ballots","260","2ND CONGRESS","GEORGETOWN 5","1234","11","DEMOCRATIC","0"
"92","0","VERMILION","420","ROBIN KELLY","260","2ND CONGRESS","GEORGETOWN 5","1234","11","DEMOCRATIC","28"
"92","0","VERMILION","0","Over Votes","260","2ND CONGRESS","GEORGETOWN 5","1234","11","DEMOCRATIC","0"
"92","0","VERMILION","0","Under Votes","260","2ND CONGRESS","NEWELL 3","887","11","DEMOCRATIC","0"
"92","0","VERMILION","0","Blank Ballots","260","2ND CONGRESS","NEWELL 3","887","11","DEMOCRATIC","0"
"92","0","VERMILION","420","ROBIN KELLY","260","2ND CONGRESS","NEWELL 3","887","11","DEMOCRATIC","29"
"92","0","VERMILION","0","Over Votes","260","2ND CONGRESS","NEWELL 3","887","11","DEMOCRATIC","0"
"92","0","VERMILION","0","Under Votes","260","2ND CONGRESS","SOUTH ROSS","598","11","DEMOCRATIC","1"
"92","0","VERMILION","0","Blank Ballots","260","2ND CONGRESS","SOUTH ROSS","598","11","DEMOCRATIC","0"
"92","0","VERMILION","420","ROBIN KELLY","260","2ND CONGRESS","SOUTH ROSS","598","11","DEMOCRATIC","10"
"92","0","VERMILION","0","Over Votes","260","2ND CONGRESS","SOUTH ROSS","598","11","DEMOCRATIC","0"
"92","0","VERMILION","0","Under Votes","260","2ND CONGRESS","DANVILLE 5","871","11","DEMOCRATIC","6"
"92","0","VERMILION","0","Blank Ballots","260","2ND CONGRESS","DANVILLE 5","871","11","DEMOCRATIC","0"
"92","0","VERMILION","420","ROBIN KELLY","260","2ND CONGRESS","DANVILLE 5","871","11","DEMOCRATIC","34"
"92","0","VERMILION","0","Under Votes","260","2ND CONGRESS","GEORGETOWN 7","1092","11","DEMOCRATIC","6"
"92","0","VERMILION","0","Blank Ballots","260","2ND CONGRESS","GEORGETOWN 7","1092","11","DEMOCRATIC","0"
"92","0","VERMILION","420","ROBIN KELLY","260","2ND CONGRESS","GEORGETOWN 7","1092","11","DEMOCRATIC","40"
"92","0","VERMILION","0","Over Votes","260","2ND CONGRESS","GEORGETOWN 7","1092","11","DEMOCRATIC","0"
"92","0","VERMILION","0","Under Votes","260","2ND CONGRESS","MIDDLEFORK","906","11","DEMOCRATIC","0"
"92","0","VERMILION","0","Blank Ballots","260","2ND CONGRESS","MIDDLEFORK","906","11","DEMOCRATIC","0"
"92","0","VERMILION","420","ROBIN KELLY","260","2ND CONGRESS","MIDDLEFORK","906","11","DEMOCRATIC","22"
"92","0","VERMILION","0","Over Votes","260","2ND CONGRESS","MIDDLEFORK","906","11","DEMOCRATIC","0"
"92","0","VERMILION","0","Under Votes","260","2ND CONGRESS","VANCE","669","11","DEMOCRATIC","0"
"92","0","VERMILION","0","Blank Ballots","260","2ND CONGRESS","VANCE","669","11","DEMOCRATIC","0"
"92","0","VERMILION","420","ROBIN KELLY","260","2ND CONGRESS","VANCE","669","11","DEMOCRATIC","0"
"92","0","VERMILION","0","Over Votes","260","2ND CONGRESS","VANCE","669","11","DEMOCRATIC","0"
"92","0","VERMILION","0","Under Votes","260","2ND CONGRESS","CATLIN 1","709","11","DEMOCRATIC","0"
"92","0","VERMILION","0","Blank Ballots","260","2ND CONGRESS","CATLIN 1","709","11","DEMOCRATIC","0"
"92","0","VERMILION","420","ROBIN KELLY","260","2ND CONGRESS","CATLIN 1","709","11","DEMOCRATIC","26"
"16","0","COOK","0","Under Votes","260","2ND CONGRESS","9500034","1424","12","Republican","4"
"16","0","COOK","415","THOMAS LYNCH","260","2ND CONGRESS","9500034","1424","12","Republican","4"
"16","0","COOK","410","ASHLEY RAMOS","260","2ND CONGRESS","9500034","1424","12","Republican","6"
"16","0","COOK","0","Over Votes","260","2ND CONGRESS","9500034","1424","12","Republican","0"
"16","0","COOK","405","SHANE CULTRA","260","2ND CONGRESS","9500056","1080","12","Republican","2"
"16","0","COOK","410","ASHLEY RAMOS","260","2ND CONGRESS","9500056","1080","12","Republican","7"
"16","0","COOK","415","THOMAS LYNCH","260","2ND CONGRESS","9500056","1080","12","Republican","3"
"16","0","COOK","0","Over Votes","260","2ND CONGRESS","9500056","1080","12","Republican","0"
"16","0","COOK","0","Under Votes","260","2ND CONGRESS","9000003","1262","12","Republican","5"
"16","0","COOK","415","THOMAS LYNCH","260","2ND CONGRESS","9000003","1262","12","Republican","20"
"16","0","COOK","410","ASHLEY RAMOS","260","2ND CONGRESS","9000003","1262","12","Republican","10"
"16","0","COOK","0","Over Votes","260","2ND CONGRESS","9000003","1262","12","Republican","1"
"16","0","COOK","405","SHANE CULTRA","260","2ND CONGRESS","9000003","1262","12","Republican","7"
"16","0","COOK","0","Under Votes","260","2ND CONGRESS","9000024","1201","12","Republican","1"
"16","0","COOK","415","THOMAS LYNCH","260","2ND CONGRESS","9000024","1201","12","Republican","10"
"16","0","COOK","410","ASHLEY RAMOS","260","2ND CONGRESS","9000024","1201","12","Republican","12"
"16","0","COOK","0","Over Votes","260","2ND CONGRESS","9000024","1201","12","Republican","0"
"16","0","COOK","405","SHANE CULTRA","260","2ND CONGRESS","9000024","1201","12","Republican","3"
"16","0","COOK","0","Under Votes","260","2ND CONGRESS","9000027","1153","12","Republican","1"
"16","0","COOK","415","THOMAS LYNCH","260","2ND CONGRESS","9000027","1153","12","Republican","7"
"16","0","COOK","410","ASHLEY RAMOS","260","2ND CONGRESS","9000027","1153","12","Republican","4"
"16","0","COOK","0","Over Votes","260","2ND CONGRESS","9000027","1153","12","Republican","0"
"16","0","COOK","405","SHANE CULTRA","260","2ND CONGRESS","9000027","1153","12","Republican","4"
"16","0","COOK","0","Under Votes","260","2ND CONGRESS","9000030","1350","12","Republican","1"
"16","0","COOK","415","THOMAS LYNCH","260","2ND CONGRESS","9000030","1350","12","Republican","3"
"16","0","COOK","410","ASHLEY RAMOS","260","2ND CONGRESS","9000030","1350","12","Republican","6"
"16","0","COOK","0","Over Votes","260","2ND CONGRESS","9000030","1350","12","Republican","0"
"16","0","COOK","0","Over Votes","260","2ND CONGRESS","9000033","784","12","Republican","0"
"16","0","COOK","405","SHANE CULTRA","260","2ND CONGRESS","9000033","784","12","Republican","3"
"16","0","COOK","415","THOMAS LYNCH","260","2ND CONGRESS","9000033","784","12","Republican","16"
"16","0","COOK","410","ASHLEY RAMOS","260","2ND CONGRESS","9000033","784","12","Republican","14"
"16","0","COOK","0","Under Votes","260","2ND CONGRESS","9000033","784","12","Republican","7"
"16","0","COOK","0","Under Votes","260","2ND CONGRESS","9500021","1218","12","Republican","8"
"16","0","COOK","415","THOMAS LYNCH","260","2ND CONGRESS","9500021","1218","12","Republican","17"
"16","0","COOK","410","ASHLEY RAMOS","260","2ND CONGRESS","9500021","1218","12","Republican","14"
"16","0","COOK","0","Over Votes","260","2ND CONGRESS","9500021","1218","12","Republican","0"
"16","0","COOK","405","SHANE CULTRA","260","2ND CONGRESS","9500021","1218","12","Republican","12"
"16","0","COOK","0","Under Votes","260","2ND CONGRESS","9500024","1014","12","Republican","3"
"16","0","COOK","415","THOMAS LYNCH","260","2ND CONGRESS","9500024","1014","12","Republican","15"
"16","0","COOK","410","ASHLEY RAMOS","260","2ND CONGRESS","9500024","1014","12","Republican","19"
"16","0","COOK","0","Over Votes","260","2ND CONGRESS","9500024","1014","12","Republican","0"
"16","0","COOK","405","SHANE CULTRA","260","2ND CONGRESS","9500024","1014","12","Republican","7"
"16","0","COOK","0","Under Votes","260","2ND CONGRESS","9500027","1059","12","Republican","5"
"16","0","COOK","415","THOMAS LYNCH","260","2ND CONGRESS","9500027","1059","12","Republican","5"
"105","16","CITY OF CHICAGO","0","Under Votes","260","2ND CONGRESS","Ward 09 Precinct 37","853","12","Republican","1"
"105","16","CITY OF CHICAGO","0","Over Votes","260","2ND CONGRESS","Ward 09 Precinct 38","645","12","Republican","0"
"105","16","CITY OF CHICAGO","0","Under Votes","260","2ND CONGRESS","Ward 09 Precinct 38","645","12","Republican","1"
"105","16","CITY OF CHICAGO","410","ASHLEY RAMOS","260","2ND CONGRESS","Ward 09 Precinct 38","645","12","Republican","2"
"105","16","CITY OF CHICAGO","0","Over Votes","260","2ND CONGRESS","Ward 10 Precinct 02","724","12","Republican","0"
"105","16","CITY OF CHICAGO","0","Over Votes","260","2ND CONGRESS","Ward 10 Precinct 20","797","12","Republican","0"
"105","16","CITY OF CHICAGO","405","SHANE CULTRA","260","2ND CONGRESS","Ward 10 Precinct 20","797","12","Republican","6"
"105","16","CITY OF CHICAGO","415","THOMAS LYNCH","260","2ND CONGRESS","Ward 10 Precinct 20","797","12","Republican","17"
"105","16","CITY OF CHICAGO","410","ASHLEY RAMOS","260","2ND CONGRESS","Ward 10 Precinct 20","797","12","Republican","14"
"105","16","CITY OF CHICAGO","0","Under Votes","260","2ND CONGRESS","Ward 10 Precinct 20","797","12","Republican","0"
"105","16","CITY OF CHICAGO","0","Over Votes","260","2ND CONGRESS","Ward 10 Precinct 30","738","12","Republican","0"
"105","16","CITY OF CHICAGO","405","SHANE CULTRA","260","2ND CONGRESS","Ward 10 Precinct 30","738","12","Republican","3"
"105","16","CITY OF CHICAGO","415","THOMAS LYNCH","260","2ND CONGRESS","Ward 10 Precinct 30","738","12","Republican","4"
"105","16","CITY OF CHICAGO","410","ASHLEY RAMOS","260","2ND CONGRESS","Ward 10 Precinct 30","738","12","Republican","5"
"105","16","CITY OF CHICAGO","0","Under Votes","260","2ND CONGRESS","Ward 10 Precinct 30","738","12","Republican","1"
"105","16","CITY OF CHICAGO","0","Over Votes","260","2ND CONGRESS","Ward 10 Precinct 31","775","12","Republican","0"
"105","16","CITY OF CHICAGO","0","Under Votes","260","2ND CONGRESS","Ward 10 Precinct 31","775","12","Republican","0"
"105","16","CITY OF CHICAGO","405","SHANE CULTRA","260","2ND CONGRESS","Ward 10 Precinct 31","775","12","Republican","1"
"105","16","CITY OF CHICAGO","415","THOMAS LYNCH","260","2ND CONGRESS","Ward 10 Precinct 31","775","12","Republican","3"
"105","16","CITY OF CHICAGO","410","ASHLEY RAMOS","260","2ND CONGRESS","Ward 10 Precinct 31","775","12","Republican","1"
"105","16","CITY OF CHICAGO","0","Over Votes","260","2ND CONGRESS","Ward 09 Precinct 11","506","12","Republican","0"
"105","16","CITY OF CHICAGO","415","THOMAS LYNCH","260","2ND CONGRESS","Ward 09 Precinct 11","506","12","Republican","2"
"105","16","CITY OF CHICAGO","410","ASHLEY RAMOS","260","2ND CONGRESS","Ward 09 Precinct 11","506","12","Republican","1"
"105","16","CITY OF CHICAGO","0","Under Votes","260","2ND CONGRESS","Ward 09 Precinct 11","506","12","Republican","0"
"105","16","CITY OF CHICAGO","0","Over Votes","260","2ND CONGRESS","Ward 09 Precinct 32","633","12","Republican","0"
"105","16","CITY OF CHICAGO","0","Under Votes","260","2ND CONGRESS","Ward 09 Precinct 32","633","12","Republican","0"
"105","16","CITY OF CHICAGO","415","THOMAS LYNCH","260","2ND CONGRESS","Ward 09 Precinct 32","633","12","Republican","1"
"105","16","CITY OF CHICAGO","410","ASHLEY RAMOS","260","2ND CONGRESS","Ward 09 Precinct 32","633","12","Republican","2"
"105","16","CITY OF CHICAGO","405","SHANE CULTRA","260","2ND CONGRESS","Ward 09 Precinct 32","633","12","Republican","1"
"105","16","CITY OF CHICAGO","0","Over Votes","260","2ND CONGRESS","Ward 09 Precinct 46","684","12","Republican","0"
"105","16","CITY OF CHICAGO","415","THOMAS LYNCH","260","2ND CONGRESS","Ward 09 Precinct 46","684","12","Republican","2"
"105","16","CITY OF CHICAGO","410","ASHLEY RAMOS","260","2ND CONGRESS","Ward 09 Precinct 46","684","12","Republican","3"
"105","16","CITY OF CHICAGO","0","Under Votes","260","2ND CONGRESS","Ward 09 Precinct 46","684","12","Republican","0"
"105","16","CITY OF CHICAGO","0","Over Votes","260","2ND CONGRESS","Ward 10 Precinct 09","723","12","Republican","0"
"105","16","CITY OF CHICAGO","415","THOMAS LYNCH","260","2ND CONGRESS","Ward 10 Precinct 09","723","12","Republican","10"
"105","16","CITY OF CHICAGO","410","ASHLEY RAMOS","260","2ND CONGRESS","Ward 10 Precinct 09","723","12","Republican","11"
"105","16","CITY OF CHICAGO","405","SHANE CULTRA","260","2ND CONGRESS","Ward 10 Precinct 09","723","12","Republican","3"
"16","0","COOK","0","Under Votes","260","2ND CONGRESS","9500063","635","11","Democratic","3"
"16","0","COOK","420","ROBIN KELLY","260","2ND CONGRESS","9500087","1508","11","Democratic","240"
"16","0","COOK","0","Over Votes","260","2ND CONGRESS","9500087","1508","11","Democratic","0"
"16","0","COOK","0","Under Votes","260","2ND CONGRESS","9500087","1508","11","Democratic","19"
"16","0","COOK","420","ROBIN KELLY","260","2ND CONGRESS","9500091","800","11","Democratic","167"
"16","0","COOK","0","Over Votes","260","2ND CONGRESS","9500091","800","11","Democratic","0"
"16","0","COOK","0","Under Votes","260","2ND CONGRESS","9500091","800","11","Democratic","9"
"16","0","COOK","420","ROBIN KELLY","260","2ND CONGRESS","9500096","862","11","Democratic","87"
"16","0","COOK","0","Over Votes","260","2ND CONGRESS","9500096","862","11","Democratic","0"
"16","0","COOK","0","Under Votes","260","2ND CONGRESS","9500096","862","11","Democratic","9"
"16","0","COOK","420","ROBIN KELLY","260","2ND CONGRESS","9500102","729","11","Democratic","115"
"16","0","COOK","0","Over Votes","260","2ND CONGRESS","9500102","729","11","Democratic","0"
"16","0","COOK","0","Under Votes","260","2ND CONGRESS","9500102","729","11","Democratic","16"
"16","0","COOK","0","Under Votes","260","2ND CONGRESS","7100001","1023","11","Democratic","13"
"16","0","COOK","420","ROBIN KELLY","260","2ND CONGRESS","7100001","1023","11","Democratic","190"
"16","0","COOK","0","Over Votes","260","2ND CONGRESS","7100001","1023","11","Democratic","0"
"16","0","COOK","420","ROBIN KELLY","260","2ND CONGRESS","7100005","1660","11","Democratic","171"
"16","0","COOK","0","Over Votes","260","2ND CONGRESS","7100005","1660","11","Democratic","0"
"16","0","COOK","0","Under Votes","260","2ND CONGRESS","7100005","1660","11","Democratic","10"
"16","0","COOK","420","ROBIN KELLY","260","2ND CONGRESS","7100008","1178","11","Democratic","61"
"16","0","COOK","0","Over Votes","260","2ND CONGRESS","7100008","1178","11","Democratic","0"
"16","0","COOK","0","Under Votes","260","2ND CONGRESS","7100008","1178","11","Democratic","4"
"16","0","COOK","420","ROBIN KELLY","260","2ND CONGRESS","7100034","1241","11","Democratic","217"
"16","0","COOK","0","Over Votes","260","2ND CONGRESS","7100034","1241","11","Democratic","0"
"16","0","COOK","0","Under Votes","260","2ND CONGRESS","7100034","1241","11","Democratic","8"
"16","0","COOK","420","ROBIN KELLY","260","2ND CONGRESS","7100037","498","11","Democratic","104"
"16","0","COOK","0","Over Votes","260","2ND CONGRESS","7100037","498","11","Democratic","0"
"16","0","COOK","0","Under Votes","260","2ND CONGRESS","7100037","498","11","Democratic","6"
"16","0","COOK","420","ROBIN KELLY","260","2ND CONGRESS","7100040","1699","11","Democratic","297"
"16","0","COOK","0","Over Votes","260","2ND CONGRESS","7100040","1699","11","Democratic","0"
"16","0","COOK","0","Under Votes","260","2ND CONGRESS","7100040","1699","11","Democratic","20"
"16","0","COOK","420","ROBIN KELLY","260","2ND CONGRESS","7100043","843","11","Democratic","176"
"16","0","COOK","0","Over Votes","260","2ND CONGRESS","7100043","843","11","Democratic","0"
"16","0","COOK","0","Under Votes","260","2ND CONGRESS","7100043","843","11","Democratic","9"
"16","0","COOK","420","ROBIN KELLY","260","2ND CONGRESS","7200012","1566","11","Democratic","131"
"16","0","COOK","0","Over Votes","260","2ND CONGRESS","7200012","1566","11","Democratic","0"
"16","0","COOK","0","Under Votes","260","2ND CONGRESS","7200012","1566","11","Democratic","7"
"16","0","COOK","420","ROBIN KELLY","260","2ND CONGRESS","7200047","730","11","Democratic","115"
"16","0","COOK","0","Over Votes","260","2ND CONGRESS","7200047","730","11","Democratic","0"
"16","0","COOK","0","Under Votes","260","2ND CONGRESS","7200047","730","11","Democratic","11"
"16","0","COOK","420","ROBIN KELLY","260","2ND CONGRESS","7200056","967","11","Democratic","128"
"16","0","COOK","0","Over Votes","260","2ND CONGRESS","7200056","967","11","Democratic","0"
"16","0","COOK","0","Under Votes","260","2ND CONGRESS","7200056","967","11","Democratic","1"
"16","0","COOK","420","ROBIN KELLY","260","2ND CONGRESS","7200080","839","11","Democratic","173"
"16","0","COOK","0","Over Votes","260","2ND CONGRESS","7200080","839","11","Democratic","0"
"105","16","CITY OF CHICAGO","0","Under Votes","260","2ND CONGRESS","Ward 10 Precinct 09","723","12","Republican","5"
"105","16","CITY OF CHICAGO","0","Over Votes","260","2ND CONGRESS","Ward 10 Precinct 12","564","12","Republican","0"
"105","16","CITY OF CHICAGO","415","THOMAS LYNCH","260","2ND CONGRESS","Ward 10 Precinct 12","564","12","Republican","13"
"105","16","CITY OF CHICAGO","410","ASHLEY RAMOS","260","2ND CONGRESS","Ward 10 Precinct 12","564","12","Republican","6"
"105","16","CITY OF CHICAGO","0","Under Votes","260","2ND CONGRESS","Ward 10 Precinct 12","564","12","Republican","1"
"105","16","CITY OF CHICAGO","0","Over Votes","260","2ND CONGRESS","Ward 10 Precinct 23","756","12","Republican","0"
"105","16","CITY OF CHICAGO","405","SHANE CULTRA","260","2ND CONGRESS","Ward 10 Precinct 23","756","12","Republican","3"
"105","16","CITY OF CHICAGO","415","THOMAS LYNCH","260","2ND CONGRESS","Ward 10 Precinct 23","756","12","Republican","5"
"105","16","CITY OF CHICAGO","410","ASHLEY RAMOS","260","2ND CONGRESS","Ward 10 Precinct 23","756","12","Republican","6"
"105","16","CITY OF CHICAGO","0","Under Votes","260","2ND CONGRESS","Ward 10 Precinct 23","756","12","Republican","2"
"105","16","CITY OF CHICAGO","0","Over Votes","260","2ND CONGRESS","Ward 10 Precinct 24","725","12","Republican","0"
"105","16","CITY OF CHICAGO","405","SHANE CULTRA","260","2ND CONGRESS","Ward 10 Precinct 24","725","12","Republican","7"
"105","16","CITY OF CHICAGO","415","THOMAS LYNCH","260","2ND CONGRESS","Ward 10 Precinct 24","725","12","Republican","17"
"105","16","CITY OF CHICAGO","410","ASHLEY RAMOS","260","2ND CONGRESS","Ward 10 Precinct 24","725","12","Republican","16"
"105","16","CITY OF CHICAGO","0","Under Votes","260","2ND CONGRESS","Ward 10 Precinct 24","725","12","Republican","1"
"105","16","CITY OF CHICAGO","0","Over Votes","260","2ND CONGRESS","Ward 10 Precinct 34","661","12","Republican","0"
"105","16","CITY OF CHICAGO","0","Under Votes","260","2ND CONGRESS","Ward 10 Precinct 34","661","12","Republican","1"
"105","16","CITY OF CHICAGO","405","SHANE CULTRA","260","2ND CONGRESS","Ward 10 Precinct 34","661","12","Republican","1"
"105","16","CITY OF CHICAGO","415","THOMAS LYNCH","260","2ND CONGRESS","Ward 10 Precinct 34","661","12","Republican","1"
"105","16","CITY OF CHICAGO","410","ASHLEY RAMOS","260","2ND CONGRESS","Ward 10 Precinct 34","661","12","Republican","3"
"105","16","CITY OF CHICAGO","0","Over Votes","260","2ND CONGRESS","Ward 04 Precinct 09","782","12","Republican","0"
"105","16","CITY OF CHICAGO","0","Under Votes","260","2ND CONGRESS","Ward 04 Precinct 09","782","12","Republican","2"
"105","16","CITY OF CHICAGO","410","ASHLEY RAMOS","260","2ND CONGRESS","Ward 04 Precinct 09","782","12","Republican","2"
"105","16","CITY OF CHICAGO","405","SHANE CULTRA","260","2ND CONGRESS","Ward 04 Precinct 09","782","12","Republican","1"
"105","16","CITY OF CHICAGO","0","Over Votes","260","2ND CONGRESS","Ward 05 Precinct 20","678","12","Republican","0"
"105","16","CITY OF CHICAGO","0","Under Votes","260","2ND CONGRESS","Ward 05 Precinct 20","678","12","Republican","1"
"105","16","CITY OF CHICAGO","415","THOMAS LYNCH","260","2ND CONGRESS","Ward 05 Precinct 20","678","12","Republican","3"
"105","16","CITY OF CHICAGO","410","ASHLEY RAMOS","260","2ND CONGRESS","Ward 05 Precinct 20","678","12","Republican","1"
"105","16","CITY OF CHICAGO","405","SHANE CULTRA","260","2ND CONGRESS","Ward 05 Precinct 20","678","12","Republican","1"
"105","16","CITY OF CHICAGO","410","ASHLEY RAMOS","260","2ND CONGRESS","Ward 05 Precinct 23","1084","12","Republican","2"
"105","16","CITY OF CHICAGO","0","Over Votes","260","2ND CONGRESS","Ward 05 Precinct 23","1084","12","Republican","0"
"105","16","CITY OF CHICAGO","0","Under Votes","260","2ND CONGRESS","Ward 05 Precinct 23","1084","12","Republican","1"
"105","16","CITY OF CHICAGO","415","THOMAS LYNCH","260","2ND CONGRESS","Ward 05 Precinct 23","1084","12","Republican","1"
"105","16","CITY OF CHICAGO","410","ASHLEY RAMOS","260","2ND CONGRESS","Ward 07 Precinct 07","763","12","Republican","1"
"105","16","CITY OF CHICAGO","0","Over Votes","260","2ND CONGRESS","Ward 07 Precinct 07","763","12","Republican","0"
"105","16","CITY OF CHICAGO","0","Under Votes","260","2ND CONGRESS","Ward 07 Precinct 07","763","12","Republican","2"
"105","16","CITY OF CHICAGO","0","Over Votes","260","2ND CONGRESS","Ward 07 Precinct 16","758","12","Republican","0"
"16","0","COOK","410","ASHLEY RAMOS","260","2ND CONGRESS","9500027","1059","12","Republican","2"
"16","0","COOK","0","Over Votes","260","2ND CONGRESS","9500027","1059","12","Republican","0"
"16","0","COOK","405","SHANE CULTRA","260","2ND CONGRESS","9500027","1059","12","Republican","6"
"16","0","COOK","415","THOMAS LYNCH","260","2ND CONGRESS","9500055","737","12","Republican","3"
"16","0","COOK","410","ASHLEY RAMOS","260","2ND CONGRESS","9500055","737","12","Republican","4"
"16","0","COOK","0","Over Votes","260","2ND CONGRESS","9500055","737","12","Republican","0"
"16","0","COOK","0","Under Votes","260","2ND CONGRESS","9500055","737","12","Republican","0"
"16","0","COOK","0","Under Votes","260","2ND CONGRESS","9500059","764","12","Republican","1"
"16","0","COOK","415","THOMAS LYNCH","260","2ND CONGRESS","9500059","764","12","Republican","3"
"16","0","COOK","410","ASHLEY RAMOS","260","2ND CONGRESS","9500059","764","12","Republican","2"
"16","0","COOK","0","Over Votes","260","2ND CONGRESS","9500059","764","12","Republican","0"
"16","0","COOK","405","SHANE CULTRA","260","2ND CONGRESS","9500059","764","12","Republican","3"
"16","0","COOK","0","Under Votes","260","2ND CONGRESS","9500063","635","12","Republican","0"
"16","0","COOK","0","Under Votes","260","2ND CONGRESS","9500036","1041","12","Republican","1"
"16","0","COOK","410","ASHLEY RAMOS","260","2ND CONGRESS","9500036","1041","12","Republican","1"
"16","0","COOK","0","Over Votes","260","2ND CONGRESS","9500036","1041","12","Republican","0"
"16","0","COOK","415","THOMAS LYNCH","260","2ND CONGRESS","9500039","1289","12","Republican","1"
"16","0","COOK","410","ASHLEY RAMOS","260","2ND CONGRESS","9500039","1289","12","Republican","1"
"16","0","COOK","0","Over Votes","260","2ND CONGRESS","9500039","1289","12","Republican","0"
"16","0","COOK","0","Under Votes","260","2ND CONGRESS","9500039","1289","12","Republican","1"
"16","0","COOK","0","Under Votes","260","2ND CONGRESS","9500043","1253","12","Republican","11"
"16","0","COOK","415","THOMAS LYNCH","260","2ND CONGRESS","9500043","1253","12","Republican","28"
"16","0","COOK","410","ASHLEY RAMOS","260","2ND CONGRESS","9500043","1253","12","Republican","9"
"16","0","COOK","0","Over Votes","260","2ND CONGRESS","9500043","1253","12","Republican","0"
"16","0","COOK","405","SHANE CULTRA","260","2ND CONGRESS","9500043","1253","12","Republican","7"
"16","0","COOK","0","Under Votes","260","2ND CONGRESS","9500066","1206","12","Republican","1"
"16","0","COOK","415","THOMAS LYNCH","260","2ND CONGRESS","9500066","1206","12","Republican","4"
"16","0","COOK","410","ASHLEY RAMOS","260","2ND CONGRESS","9500066","1206","12","Republican","2"
"16","0","COOK","0","Over Votes","260","2ND CONGRESS","9500066","1206","12","Republican","0"
"16","0","COOK","405","SHANE CULTRA","260","2ND CONGRESS","9500066","1206","12","Republican","3"
"16","0","COOK","0","Under Votes","260","2ND CONGRESS","9500069","1325","12","Republican","0"
"16","0","COOK","415","THOMAS LYNCH","260","2ND CONGRESS","9500069","1325","12","Republican","1"
"16","0","COOK","410","ASHLEY RAMOS","260","2ND CONGRESS","9500069","1325","12","Republican","1"
"16","0","COOK","0","Over Votes","260","2ND CONGRESS","9500069","1325","12","Republican","0"
"16","0","COOK","405","SHANE CULTRA","260","2ND CONGRESS","9500069","1325","12","Republican","1"
"16","0","COOK","0","Under Votes","260","2ND CONGRESS","9500073","1394","12","Republican","5"
"16","0","COOK","415","THOMAS LYNCH","260","2ND CONGRESS","9500073","1394","12","Republican","3"
"16","0","COOK","410","ASHLEY RAMOS","260","2ND CONGRESS","9500073","1394","12","Republican","3"
"16","0","COOK","0","Over Votes","260","2ND CONGRESS","9500073","1394","12","Republican","0"
"16","0","COOK","405","SHANE CULTRA","260","2ND CONGRESS","9500073","1394","12","Republican","5"
"16","0","COOK","0","Under Votes","260","2ND CONGRESS","9500076","1004","12","Republican","4"
"16","0","COOK","415","THOMAS LYNCH","260","2ND CONGRESS","9500076","1004","12","Republican","3"
"16","0","COOK","410","ASHLEY RAMOS","260","2ND CONGRESS","9500076","1004","12","Republican","3"
"16","0","COOK","0","Over Votes","260","2ND CONGRESS","9500076","1004","12","Republican","0"
"92","0","VERMILION","0","Over Votes","260","2ND CONGRESS","CATLIN 1","709","11","DEMOCRATIC","0"
"92","0","VERMILION","0","Over Votes","260","2ND CONGRESS","DANVILLE 5","871","11","DEMOCRATIC","0"
"92","0","VERMILION","0","Under Votes","260","2ND CONGRESS","BLOUNT 2","721","11","DEMOCRATIC","3"
"92","0","VERMILION","0","Blank Ballots","260","2ND CONGRESS","BLOUNT 2","721","11","DEMOCRATIC","0"
"92","0","VERMILION","420","ROBIN KELLY","260","2ND CONGRESS","BLOUNT 2","721","11","DEMOCRATIC","10"
"92","0","VERMILION","0","Over Votes","260","2ND CONGRESS","BLOUNT 2","721","11","DEMOCRATIC","0"
"92","0","VERMILION","0","Under Votes","260","2ND CONGRESS","DANVILLE 2","912","11","DEMOCRATIC","2"
"92","0","VERMILION","0","Blank Ballots","260","2ND CONGRESS","DANVILLE 2","912","11","DEMOCRATIC","0"
"92","0","VERMILION","420","ROBIN KELLY","260","2ND CONGRESS","DANVILLE 2","912","11","DEMOCRATIC","22"
"92","0","VERMILION","0","Over Votes","260","2ND CONGRESS","DANVILLE 2","912","11","DEMOCRATIC","0"
"92","0","VERMILION","0","Under Votes","260","2ND CONGRESS","DANVILLE 1","917","11","DEMOCRATIC","4"
"92","0","VERMILION","0","Blank Ballots","260","2ND CONGRESS","DANVILLE 1","917","11","DEMOCRATIC","0"
"92","0","VERMILION","420","ROBIN KELLY","260","2ND CONGRESS","DANVILLE 1","917","11","DEMOCRATIC","23"
"92","0","VERMILION","0","Over Votes","260","2ND CONGRESS","DANVILLE 1","917","11","DEMOCRATIC","0"
"92","0","VERMILION","0","Under Votes","260","2ND CONGRESS","DANVILLE 13","323","11","DEMOCRATIC","0"
"92","0","VERMILION","0","Blank Ballots","260","2ND CONGRESS","DANVILLE 13","323","11","DEMOCRATIC","0"
"92","0","VERMILION","420","ROBIN KELLY","260","2ND CONGRESS","DANVILLE 13","323","11","DEMOCRATIC","6"
"92","0","VERMILION","0","Over Votes","260","2ND CONGRESS","DANVILLE 13","323","11","DEMOCRATIC","0"
"92","0","VERMILION","0","Under Votes","260","2ND CONGRESS","OAKWOOD 1","924","11","DEMOCRATIC","4"
"92","0","VERMILION","0","Blank Ballots","260","2ND CONGRESS","OAKWOOD 1","924","11","DEMOCRATIC","0"
"92","0","VERMILION","420","ROBIN KELLY","260","2ND CONGRESS","OAKWOOD 1","924","11","DEMOCRATIC","26"
"92","0","VERMILION","0","Over Votes","260","2ND CONGRESS","OAKWOOD 1","924","11","DEMOCRATIC","0"
"92","0","VERMILION","0","Under Votes","260","2ND CONGRESS","ROSS","965","11","DEMOCRATIC","2"
"92","0","VERMILION","0","Blank Ballots","260","2ND CONGRESS","ROSS","965","11","DEMOCRATIC","0"
"92","0","VERMILION","420","ROBIN KELLY","260","2ND CONGRESS","ROSS","965","11","DEMOCRATIC","21"
"92","0","VERMILION","0","Over Votes","260","2ND CONGRESS","ROSS","965","11","DEMOCRATIC","0"
"92","0","VERMILION","0","Under Votes","260","2ND CONGRESS","CATLIN 2","678","11","DEMOCRATIC","2"
"92","0","VERMILION","0","Blank Ballots","260","2ND CONGRESS","CATLIN 2","678","11","DEMOCRATIC","0"
"92","0","VERMILION","420","ROBIN KELLY","260","2ND CONGRESS","CATLIN 2","678","11","DEMOCRATIC","11"
"92","0","VERMILION","0","Over Votes","260","2ND CONGRESS","CATLIN 2","678","11","DEMOCRATIC","0"
"92","0","VERMILION","0","Under Votes","260","2ND CONGRESS","DANVILLE 7","540","11","DEMOCRATIC","2"
"92","0","VERMILION","0","Blank Ballots","260","2ND CONGRESS","DANVILLE 7","540","11","DEMOCRATIC","0"
"92","0","VERMILION","420","ROBIN KELLY","260","2ND CONGRESS","DANVILLE 7","540","11","DEMOCRATIC","9"
"92","0","VERMILION","0","Over Votes","260","2ND CONGRESS","DANVILLE 7","540","11","DEMOCRATIC","0"
"92","0","VERMILION","0","Under Votes","260","2ND CONGRESS","BLOUNT 1","746","11","DEMOCRATIC","4"
"92","0","VERMILION","0","Blank Ballots","260","2ND CONGRESS","BLOUNT 1","746","11","DEMOCRATIC","0"
"92","0","VERMILION","420","ROBIN KELLY","260","2ND CONGRESS","BLOUNT 1","746","11","DEMOCRATIC","26"
"92","0","VERMILION","0","Over Votes","260","2ND CONGRESS","BLOUNT 1","746","11","DEMOCRATIC","0"
"92","0","VERMILION","0","Under Votes","260","2ND CONGRESS","DANVILLE 6","918","11","DEMOCRATIC","2"
"92","0","VERMILION","0","Blank Ballots","260","2ND CONGRESS","DANVILLE 6","918","11","DEMOCRATIC","0"
"92","0","VERMILION","420","ROBIN KELLY","260","2ND CONGRESS","DANVILLE 6","918","11","DEMOCRATIC","25"
"92","0","VERMILION","0","Over Votes","260","2ND CONGRESS","DANVILLE 6","918","11","DEMOCRATIC","0"
"105","16","CITY OF CHICAGO","0","Over Votes","260","2ND CONGRESS","Ward 10 Precinct 25","231","11","Democratic","0"
"16","0","COOK","420","ROBIN KELLY","260","2ND CONGRESS","9000010","751","11","Democratic","165"
"16","0","COOK","0","Over Votes","260","2ND CONGRESS","9000010","751","11","Democratic","0"
"16","0","COOK","0","Under Votes","260","2ND CONGRESS","9000010","751","11","Democratic","7"
"16","0","COOK","420","ROBIN KELLY","260","2ND CONGRESS","9000013","1649","11","Democratic","180"
"16","0","COOK","0","Over Votes","260","2ND CONGRESS","9000013","1649","11","Democratic","0"
"16","0","COOK","0","Under Votes","260","2ND CONGRESS","9000013","1649","11","Democratic","13"
"16","0","COOK","420","ROBIN KELLY","260","2ND CONGRESS","9000017","1018","11","Democratic","106"
"16","0","COOK","0","Over Votes","260","2ND CONGRESS","9000017","1018","11","Democratic","0"
"16","0","COOK","0","Under Votes","260","2ND CONGRESS","9000017","1018","11","Democratic","5"
"16","0","COOK","420","ROBIN KELLY","260","2ND CONGRESS","9000042","918","11","Democratic","167"
"16","0","COOK","0","Over Votes","260","2ND CONGRESS","9000042","918","11","Democratic","0"
"16","0","COOK","0","Under Votes","260","2ND CONGRESS","9000042","918","11","Democratic","6"
"16","0","COOK","420","ROBIN KELLY","260","2ND CONGRESS","9000045","1138","11","Democratic","295"
"16","0","COOK","0","Over Votes","260","2ND CONGRESS","9000045","1138","11","Democratic","0"
"16","0","COOK","0","Under Votes","260","2ND CONGRESS","9000045","1138","11","Democratic","12"
"16","0","COOK","420","ROBIN KELLY","260","2ND CONGRESS","9000048","1032","11","Democratic","257"
"16","0","COOK","0","Over Votes","260","2ND CONGRESS","9000048","1032","11","Democratic","0"
"16","0","COOK","0","Under Votes","260","2ND CONGRESS","9000048","1032","11","Democratic","10"
"16","0","COOK","420","ROBIN KELLY","260","2ND CONGRESS","9500003","1639","11","Democratic","154"
"16","0","COOK","0","Over Votes","260","2ND CONGRESS","9500003","1639","11","Democratic","0"
"16","0","COOK","0","Under Votes","260","2ND CONGRESS","9500003","1639","11","Democratic","13"
"16","0","COOK","420","ROBIN KELLY","260","2ND CONGRESS","9500006","1087","11","Democratic","209"
"16","0","COOK","0","Over Votes","260","2ND CONGRESS","9500006","1087","11","Democratic","0"
"16","0","COOK","0","Under Votes","260","2ND CONGRESS","9500006","1087","11","Democratic","19"
"16","0","COOK","420","ROBIN KELLY","260","2ND CONGRESS","9500009","437","11","Democratic","85"
"16","0","COOK","0","Over Votes","260","2ND CONGRESS","9500009","437","11","Democratic","0"
"16","0","COOK","0","Under Votes","260","2ND CONGRESS","9500009","437","11","Democratic","13"
"16","0","COOK","420","ROBIN KELLY","260","2ND CONGRESS","9500013","1639","11","Democratic","156"
"16","0","COOK","0","Over Votes","260","2ND CONGRESS","9500013","1639","11","Democratic","0"
"16","0","COOK","0","Under Votes","260","2ND CONGRESS","9500013","1639","11","Democratic","13"
"16","0","COOK","420","ROBIN KELLY","260","2ND CONGRESS","9500037","1140","11","Democratic","168"
"16","0","COOK","0","Over Votes","260","2ND CONGRESS","9500037","1140","11","Democratic","0"
"16","0","COOK","0","Under Votes","260","2ND CONGRESS","9500037","1140","11","Democratic","11"
"16","0","COOK","420","ROBIN KELLY","260","2ND CONGRESS","9500040","648","11","Democratic","129"
"16","0","COOK","0","Over Votes","260","2ND CONGRESS","9500040","648","11","Democratic","0"
"16","0","COOK","0","Under Votes","260","2ND CONGRESS","9500040","648","11","Democratic","11"
"16","0","COOK","420","ROBIN KELLY","260","2ND CONGRESS","9500044","764","11","Democratic","63"
"16","0","COOK","0","Over Votes","260","2ND CONGRESS","9500044","764","11","Democratic","0"
"16","0","COOK","0","Under Votes","260","2ND CONGRESS","9500044","764","11","Democratic","6"
"16","0","COOK","420","ROBIN KELLY","260","2ND CONGRESS","9500047","1277","11","Democratic","81"
"16","0","COOK","0","Over Votes","260","2ND CONGRESS","9500047","1277","11","Democratic","0"
"16","0","COOK","0","Under Votes","260","2ND CONGRESS","9500047","1277","11","Democratic","6"
"16","0","COOK","420","ROBIN KELLY","260","2ND CONGRESS","9500070","504","11","Democratic","59"
"16","0","COOK","0","Over Votes","260","2ND CONGRESS","9500070","504","11","Democratic","0"
"16","0","COOK","0","Under Votes","260","2ND CONGRESS","9500070","504","11","Democratic","8"
"106","92","CITY OF DANVILLE","410","ASHLEY RAMOS","260","2ND CONGRESS","PRECINCT 15","506","12","REPUBLICAN","6"
"106","92","CITY OF DANVILLE","405","SHANE CULTRA","260","2ND CONGRESS","PRECINCT 15","506","12","REPUBLICAN","3"
"106","92","CITY OF DANVILLE","415","THOMAS LYNCH","260","2ND CONGRESS","PRECINCT 15","506","12","REPUBLICAN","5"
"106","92","CITY OF DANVILLE","410","ASHLEY RAMOS","260","2ND CONGRESS","PRECINCT 18","476","12","REPUBLICAN","14"
"106","92","CITY OF DANVILLE","405","SHANE CULTRA","260","2ND CONGRESS","PRECINCT 18","476","12","REPUBLICAN","13"
"106","92","CITY OF DANVILLE","415","THOMAS LYNCH","260","2ND CONGRESS","PRECINCT 18","476","12","REPUBLICAN","27"
"106","92","CITY OF DANVILLE","410","ASHLEY RAMOS","260","2ND CONGRESS","PRECINCT 21","649","12","REPUBLICAN","13"
"106","92","CITY OF DANVILLE","405","SHANE CULTRA","260","2ND CONGRESS","PRECINCT 21","649","12","REPUBLICAN","11"
"106","92","CITY OF DANVILLE","415","THOMAS LYNCH","260","2ND CONGRESS","PRECINCT 21","649","12","REPUBLICAN","12"
"106","92","CITY OF DANVILLE","410","ASHLEY RAMOS","260","2ND CONGRESS","PRECINCT 24","526","12","REPUBLICAN","12"
"106","92","CITY OF DANVILLE","405","SHANE CULTRA","260","2ND CONGRESS","PRECINCT 24","526","12","REPUBLICAN","5"
"106","92","CITY OF DANVILLE","415","THOMAS LYNCH","260","2ND CONGRESS","PRECINCT 24","526","12","REPUBLICAN","14"
"106","92","CITY OF DANVILLE","410","ASHLEY RAMOS","260","2ND CONGRESS","PRECINCT 27","499","12","REPUBLICAN","16"
"106","92","CITY OF DANVILLE","405","SHANE CULTRA","260","2ND CONGRESS","PRECINCT 27","499","12","REPUBLICAN","16"
"106","92","CITY OF DANVILLE","415","THOMAS LYNCH","260","2ND CONGRESS","PRECINCT 27","499","12","REPUBLICAN","17"
"106","92","CITY OF DANVILLE","410","ASHLEY RAMOS","260","2ND CONGRESS","PRECINCT 10","373","12","REPUBLICAN","4"
"106","92","CITY OF DANVILLE","405","SHANE CULTRA","260","2ND CONGRESS","PRECINCT 10","373","12","REPUBLICAN","6"
"106","92","CITY OF DANVILLE","415","THOMAS LYNCH","260","2ND CONGRESS","PRECINCT 10","373","12","REPUBLICAN","4"
"106","92","CITY OF DANVILLE","410","ASHLEY RAMOS","260","2ND CONGRESS","PRECINCT 13","586","12","REPUBLICAN","7"
"106","92","CITY OF DANVILLE","405","SHANE CULTRA","260","2ND CONGRESS","PRECINCT 13","586","12","REPUBLICAN","3"
"106","92","CITY OF DANVILLE","415","THOMAS LYNCH","260","2ND CONGRESS","PRECINCT 13","586","12","REPUBLICAN","13"
"106","92","CITY OF DANVILLE","410","ASHLEY RAMOS","260","2ND CONGRESS","PRECINCT 16","430","12","REPUBLICAN","16"
"106","92","CITY OF DANVILLE","405","SHANE CULTRA","260","2ND CONGRESS","PRECINCT 16","430","12","REPUBLICAN","22"
"106","92","CITY OF DANVILLE","415","THOMAS LYNCH","260","2ND CONGRESS","PRECINCT 16","430","12","REPUBLICAN","19"
"106","92","CITY OF DANVILLE","410","ASHLEY RAMOS","260","2ND CONGRESS","PRECINCT 19","263","12","REPUBLICAN","1"
"106","92","CITY OF DANVILLE","405","SHANE CULTRA","260","2ND CONGRESS","PRECINCT 19","263","12","REPUBLICAN","1"
"106","92","CITY OF DANVILLE","415","THOMAS LYNCH","260","2ND CONGRESS","PRECINCT 19","263","12","REPUBLICAN","6"
"106","92","CITY OF DANVILLE","410","ASHLEY RAMOS","260","2ND CONGRESS","PRECINCT 3","696","12","REPUBLICAN","11"
"106","92","CITY OF DANVILLE","405","SHANE CULTRA","260","2ND CONGRESS","PRECINCT 3","696","12","REPUBLICAN","19"
"106","92","CITY OF DANVILLE","415","THOMAS LYNCH","260","2ND CONGRESS","PRECINCT 3","696","12","REPUBLICAN","14"
"106","92","CITY OF DANVILLE","410","ASHLEY RAMOS","260","2ND CONGRESS","PRECINCT 26","538","12","REPUBLICAN","1"
"106","92","CITY OF DANVILLE","405","SHANE CULTRA","260","2ND CONGRESS","PRECINCT 26","538","12","REPUBLICAN","1"
"106","92","CITY OF DANVILLE","415","THOMAS LYNCH","260","2ND CONGRESS","PRECINCT 26","538","12","REPUBLICAN","8"
"106","92","CITY OF DANVILLE","410","ASHLEY RAMOS","260","2ND CONGRESS","PRECINCT 29","647","12","REPUBLICAN","20"
"106","92","CITY OF DANVILLE","405","SHANE CULTRA","260","2ND CONGRESS","PRECINCT 29","647","12","REPUBLICAN","12"
"106","92","CITY OF DANVILLE","415","THOMAS LYNCH","260","2ND CONGRESS","PRECINCT 29","647","12","REPUBLICAN","22"
"106","92","CITY OF DANVILLE","410","ASHLEY RAMOS","260","2ND CONGRESS","PRECINCT 32","548","12","REPUBLICAN","18"
"106","92","CITY OF DANVILLE","405","SHANE CULTRA","260","2ND CONGRESS","PRECINCT 32","548","12","REPUBLICAN","13"
"106","92","CITY OF DANVILLE","415","THOMAS LYNCH","260","2ND CONGRESS","PRECINCT 32","548","12","REPUBLICAN","21"
"105","16","CITY OF CHICAGO","0","Under Votes","260","2ND CONGRESS","Ward 07 Precinct 16","758","12","Republican","0"
"105","16","CITY OF CHICAGO","415","THOMAS LYNCH","260","2ND CONGRESS","Ward 07 Precinct 16","758","12","Republican","1"
"105","16","CITY OF CHICAGO","405","SHANE CULTRA","260","2ND CONGRESS","Ward 07 Precinct 16","758","12","Republican","1"
"105","16","CITY OF CHICAGO","0","Over Votes","260","2ND CONGRESS","Ward 07 Precinct 17","601","12","Republican","0"
"105","16","CITY OF CHICAGO","0","Under Votes","260","2ND CONGRESS","Ward 07 Precinct 17","601","12","Republican","0"
"105","16","CITY OF CHICAGO","415","THOMAS LYNCH","260","2ND CONGRESS","Ward 07 Precinct 17","601","12","Republican","1"
"105","16","CITY OF CHICAGO","410","ASHLEY RAMOS","260","2ND CONGRESS","Ward 07 Precinct 17","601","12","Republican","1"
"105","16","CITY OF CHICAGO","405","SHANE CULTRA","260","2ND CONGRESS","Ward 07 Precinct 17","601","12","Republican","1"
"105","16","CITY OF CHICAGO","410","ASHLEY RAMOS","260","2ND CONGRESS","Ward 07 Precinct 18","660","12","Republican","3"
"105","16","CITY OF CHICAGO","0","Over Votes","260","2ND CONGRESS","Ward 07 Precinct 18","660","12","Republican","0"
"105","16","CITY OF CHICAGO","0","Under Votes","260","2ND CONGRESS","Ward 07 Precinct 18","660","12","Republican","0"
"105","16","CITY OF CHICAGO","415","THOMAS LYNCH","260","2ND CONGRESS","Ward 07 Precinct 18","660","12","Republican","2"
"105","16","CITY OF CHICAGO","410","ASHLEY RAMOS","260","2ND CONGRESS","Ward 07 Precinct 31","553","12","Republican","1"
"105","16","CITY OF CHICAGO","0","Over Votes","260","2ND CONGRESS","Ward 07 Precinct 31","553","12","Republican","0"
"105","16","CITY OF CHICAGO","0","Under Votes","260","2ND CONGRESS","Ward 07 Precinct 31","553","12","Republican","0"
"105","16","CITY OF CHICAGO","415","THOMAS LYNCH","260","2ND CONGRESS","Ward 07 Precinct 31","553","12","Republican","1"
"105","16","CITY OF CHICAGO","0","Over Votes","260","2ND CONGRESS","Ward 07 Precinct 43","643","12","Republican","0"
"105","16","CITY OF CHICAGO","0","Under Votes","260","2ND CONGRESS","Ward 07 Precinct 43","643","12","Republican","0"
"105","16","CITY OF CHICAGO","410","ASHLEY RAMOS","260","2ND CONGRESS","Ward 07 Precinct 43","643","12","Republican","1"
"105","16","CITY OF CHICAGO","410","ASHLEY RAMOS","260","2ND CONGRESS","Ward 07 Precinct 45","817","12","Republican","2"
"105","16","CITY OF CHICAGO","0","Over Votes","260","2ND CONGRESS","Ward 07 Precinct 45","817","12","Republican","0"
"105","16","CITY OF CHICAGO","0","Under Votes","260","2ND CONGRESS","Ward 07 Precinct 45","817","12","Republican","1"
"105","16","CITY OF CHICAGO","415","THOMAS LYNCH","260","2ND CONGRESS","Ward 07 Precinct 45","817","12","Republican","1"
"105","16","CITY OF CHICAGO","410","ASHLEY RAMOS","260","2ND CONGRESS","Ward 04 Precinct 22","766","12","Republican","4"
"105","16","CITY OF CHICAGO","0","Over Votes","260","2ND CONGRESS","Ward 04 Precinct 22","766","12","Republican","0"
"105","16","CITY OF CHICAGO","0","Under Votes","260","2ND CONGRESS","Ward 04 Precinct 22","766","12","Republican","1"
"105","16","CITY OF CHICAGO","405","SHANE CULTRA","260","2ND CONGRESS","Ward 04 Precinct 22","766","12","Republican","4"
"105","16","CITY OF CHICAGO","410","ASHLEY RAMOS","260","2ND CONGRESS","Ward 05 Precinct 22","752","12","Republican","2"
"105","16","CITY OF CHICAGO","0","Over Votes","260","2ND CONGRESS","Ward 05 Precinct 22","752","12","Republican","0"
"105","16","CITY OF CHICAGO","0","Under Votes","260","2ND CONGRESS","Ward 05 Precinct 22","752","12","Republican","1"
"105","16","CITY OF CHICAGO","415","THOMAS LYNCH","260","2ND CONGRESS","Ward 05 Precinct 22","752","12","Republican","3"
"105","16","CITY OF CHICAGO","405","SHANE CULTRA","260","2ND CONGRESS","Ward 05 Precinct 22","752","12","Republican","4"
"105","16","CITY OF CHICAGO","0","Over Votes","260","2ND CONGRESS","Ward 05 Precinct 25","628","12","Republican","0"
"105","16","CITY OF CHICAGO","0","Under Votes","260","2ND CONGRESS","Ward 05 Precinct 25","628","12","Republican","0"
"105","16","CITY OF CHICAGO","405","SHANE CULTRA","260","2ND CONGRESS","Ward 05 Precinct 25","628","12","Republican","1"
"105","16","CITY OF CHICAGO","410","ASHLEY RAMOS","260","2ND CONGRESS","Ward 05 Precinct 35","788","12","Republican","4"
"105","16","CITY OF CHICAGO","0","Over Votes","260","2ND CONGRESS","Ward 05 Precinct 35","788","12","Republican","0"
"16","0","COOK","405","SHANE CULTRA","260","2ND CONGRESS","9500076","1004","12","Republican","6"
"16","0","COOK","0","Under Votes","260","2ND CONGRESS","9500108","700","12","Republican","0"
"16","0","COOK","415","THOMAS LYNCH","260","2ND CONGRESS","9500108","700","12","Republican","1"
"16","0","COOK","0","Over Votes","260","2ND CONGRESS","9500108","700","12","Republican","0"
"16","0","COOK","405","SHANE CULTRA","260","2ND CONGRESS","9500108","700","12","Republican","1"
"16","0","COOK","410","ASHLEY RAMOS","260","2ND CONGRESS","9500111","748","12","Republican","1"
"16","0","COOK","0","Over Votes","260","2ND CONGRESS","9500111","748","12","Republican","0"
"16","0","COOK","405","SHANE CULTRA","260","2ND CONGRESS","9500111","748","12","Republican","1"
"16","0","COOK","0","Under Votes","260","2ND CONGRESS","9500111","748","12","Republican","0"
"16","0","COOK","415","THOMAS LYNCH","260","2ND CONGRESS","9500115","916","12","Republican","1"
"16","0","COOK","410","ASHLEY RAMOS","260","2ND CONGRESS","9500115","916","12","Republican","2"
"16","0","COOK","0","Over Votes","260","2ND CONGRESS","9500115","916","12","Republican","0"
"16","0","COOK","0","Under Votes","260","2ND CONGRESS","9500115","916","12","Republican","0"
"16","0","COOK","0","Under Votes","260","2ND CONGRESS","9000002","1569","12","Republican","0"
"16","0","COOK","405","SHANE CULTRA","260","2ND CONGRESS","9000002","1569","12","Republican","2"
"16","0","COOK","415","THOMAS LYNCH","260","2ND CONGRESS","9000002","1569","12","Republican","5"
"16","0","COOK","410","ASHLEY RAMOS","260","2ND CONGRESS","9000002","1569","12","Republican","10"
"16","0","COOK","0","Over Votes","260","2ND CONGRESS","9000002","1569","12","Republican","0"
"16","0","COOK","405","SHANE CULTRA","260","2ND CONGRESS","9000005","1115","12","Republican","1"
"16","0","COOK","415","THOMAS LYNCH","260","2ND CONGRESS","9000005","1115","12","Republican","11"
"16","0","COOK","0","Under Votes","260","2ND CONGRESS","9000005","1115","12","Republican","4"
"16","0","COOK","410","ASHLEY RAMOS","260","2ND CONGRESS","9000005","1115","12","Republican","4"
"16","0","COOK","0","Over Votes","260","2ND CONGRESS","9000005","1115","12","Republican","0"
"16","0","COOK","0","Over Votes","260","2ND CONGRESS","9000008","1686","12","Republican","0"
"16","0","COOK","405","SHANE CULTRA","260","2ND CONGRESS","9000008","1686","12","Republican","2"
"16","0","COOK","415","THOMAS LYNCH","260","2ND CONGRESS","9000008","1686","12","Republican","7"
"16","0","COOK","0","Under Votes","260","2ND CONGRESS","9000008","1686","12","Republican","2"
"16","0","COOK","410","ASHLEY RAMOS","260","2ND CONGRESS","9000008","1686","12","Republican","6"
"16","0","COOK","0","Under Votes","260","2ND CONGRESS","9000032","1305","12","Republican","3"
"16","0","COOK","405","SHANE CULTRA","260","2ND CONGRESS","9000032","1305","12","Republican","7"
"16","0","COOK","415","THOMAS LYNCH","260","2ND CONGRESS","9000032","1305","12","Republican","5"
"16","0","COOK","410","ASHLEY RAMOS","260","2ND CONGRESS","9000032","1305","12","Republican","6"
"16","0","COOK","0","Over Votes","260","2ND CONGRESS","9000032","1305","12","Republican","0"
"16","0","COOK","415","THOMAS LYNCH","260","2ND CONGRESS","9000036","2347","12","Republican","14"
"16","0","COOK","410","ASHLEY RAMOS","260","2ND CONGRESS","9000036","2347","12","Republican","8"
"16","0","COOK","0","Over Votes","260","2ND CONGRESS","9000036","2347","12","Republican","0"
"16","0","COOK","0","Under Votes","260","2ND CONGRESS","9000036","2347","12","Republican","5"
"16","0","COOK","405","SHANE CULTRA","260","2ND CONGRESS","9000036","2347","12","Republican","6"
"16","0","COOK","0","Under Votes","260","2ND CONGRESS","9000040","937","12","Republican","2"
"16","0","COOK","415","THOMAS LYNCH","260","2ND CONGRESS","9000040","937","12","Republican","3"
"16","0","COOK","410","ASHLEY RAMOS","260","2ND CONGRESS","9000040","937","12","Republican","12"
"16","0","COOK","0","Over Votes","260","2ND CONGRESS","9000040","937","12","Republican","0"
"16","0","COOK","0","Under Votes","260","2ND CONGRESS","9000043","1345","12","Republican","0"
"16","0","COOK","405","SHANE CULTRA","260","2ND CONGRESS","9000043","1345","12","Republican","1"
"105","16","CITY OF CHICAGO","420","ROBIN KELLY","260","2ND CONGRESS","Ward 10 Precinct 25","231","11","Democratic","32"
"105","16","CITY OF CHICAGO","0","Under Votes","260","2ND CONGRESS","Ward 10 Precinct 25","231","11","Democratic","4"
"105","16","CITY OF CHICAGO","420","ROBIN KELLY","260","2ND CONGRESS","Ward 09 Precinct 37","853","11","Democratic","197"
"105","16","CITY OF CHICAGO","0","Under Votes","260","2ND CONGRESS","Ward 09 Precinct 37","853","11","Democratic","16"
"105","16","CITY OF CHICAGO","50009","Write-in","260","2ND CONGRESS","Ward 09 Precinct 38","645","11","Democratic","1"
"105","16","CITY OF CHICAGO","0","Over Votes","260","2ND CONGRESS","Ward 09 Precinct 38","645","11","Democratic","0"
"105","16","CITY OF CHICAGO","0","Under Votes","260","2ND CONGRESS","Ward 09 Precinct 38","645","11","Democratic","8"
"105","16","CITY OF CHICAGO","420","ROBIN KELLY","260","2ND CONGRESS","Ward 09 Precinct 38","645","11","Democratic","100"
"105","16","CITY OF CHICAGO","50009","Write-in","260","2ND CONGRESS","Ward 10 Precinct 02","724","11","Democratic","1"
"105","16","CITY OF CHICAGO","0","Over Votes","260","2ND CONGRESS","Ward 10 Precinct 02","724","11","Democratic","0"
"105","16","CITY OF CHICAGO","0","Under Votes","260","2ND CONGRESS","Ward 10 Precinct 02","724","11","Democratic","13"
"105","16","CITY OF CHICAGO","420","ROBIN KELLY","260","2ND CONGRESS","Ward 10 Precinct 02","724","11","Democratic","75"
"105","16","CITY OF CHICAGO","0","Over Votes","260","2ND CONGRESS","Ward 10 Precinct 29","798","11","Democratic","0"
"105","16","CITY OF CHICAGO","0","Under Votes","260","2ND CONGRESS","Ward 10 Precinct 29","798","11","Democratic","4"
"105","16","CITY OF CHICAGO","420","ROBIN KELLY","260","2ND CONGRESS","Ward 10 Precinct 29","798","11","Democratic","65"
"105","16","CITY OF CHICAGO","50009","Write-in","260","2ND CONGRESS","Ward 04 Precinct 10","905","11","Democratic","1"
"105","16","CITY OF CHICAGO","0","Over Votes","260","2ND CONGRESS","Ward 04 Precinct 10","905","11","Democratic","0"
"105","16","CITY OF CHICAGO","0","Under Votes","260","2ND CONGRESS","Ward 04 Precinct 10","905","11","Democratic","26"
"105","16","CITY OF CHICAGO","420","ROBIN KELLY","260","2ND CONGRESS","Ward 04 Precinct 10","905","11","Democratic","307"
"105","16","CITY OF CHICAGO","50009","Write-in","260","2ND CONGRESS","Ward 04 Precinct 31","611","11","Democratic","5"
"105","16","CITY OF CHICAGO","420","ROBIN KELLY","260","2ND CONGRESS","Ward 04 Precinct 31","611","11","Democratic","298"
"105","16","CITY OF CHICAGO","0","Over Votes","260","2ND CONGRESS","Ward 04 Precinct 31","611","11","Democratic","0"
"105","16","CITY OF CHICAGO","0","Under Votes","260","2ND CONGRESS","Ward 04 Precinct 31","611","11","Democratic","38"
"105","16","CITY OF CHICAGO","50009","Write-in","260","2ND CONGRESS","Ward 04 Precinct 34","716","11","Democratic","1"
"105","16","CITY OF CHICAGO","420","ROBIN KELLY","260","2ND CONGRESS","Ward 04 Precinct 34","716","11","Democratic","102"
"105","16","CITY OF CHICAGO","0","Over Votes","260","2ND CONGRESS","Ward 04 Precinct 34","716","11","Democratic","1"
"105","16","CITY OF CHICAGO","0","Under Votes","260","2ND CONGRESS","Ward 04 Precinct 34","716","11","Democratic","16"
"105","16","CITY OF CHICAGO","420","ROBIN KELLY","260","2ND CONGRESS","Ward 05 Precinct 18","655","11","Democratic","174"
"105","16","CITY OF CHICAGO","0","Over Votes","260","2ND CONGRESS","Ward 05 Precinct 18","655","11","Democratic","0"
"105","16","CITY OF CHICAGO","0","Under Votes","260","2ND CONGRESS","Ward 05 Precinct 18","655","11","Democratic","18"
"105","16","CITY OF CHICAGO","50009","Write-in","260","2ND CONGRESS","Ward 05 Precinct 31","589","11","Democratic","1"
"105","16","CITY OF CHICAGO","420","ROBIN KELLY","260","2ND CONGRESS","Ward 05 Precinct 31","589","11","Democratic","103"
"105","16","CITY OF CHICAGO","0","Over Votes","260","2ND CONGRESS","Ward 05 Precinct 31","589","11","Democratic","0"
"105","16","CITY OF CHICAGO","0","Under Votes","260","2ND CONGRESS","Ward 05 Precinct 31","589","11","Democratic","12"
"105","16","CITY OF CHICAGO","50009","Write-in","260","2ND CONGRESS","Ward 07 Precinct 05","608","11","Democratic","1"
"105","16","CITY OF CHICAGO","0","Over Votes","260","2ND CONGRESS","Ward 07 Precinct 05","608","11","Democratic","0"
"105","16","CITY OF CHICAGO","0","Under Votes","260","2ND CONGRESS","Ward 07 Precinct 05","608","11","Democratic","18"
"16","0","COOK","420","ROBIN KELLY","260","2ND CONGRESS","9500074","1011","11","Democratic","114"
"16","0","COOK","0","Over Votes","260","2ND CONGRESS","9500074","1011","11","Democratic","0"
"16","0","COOK","0","Under Votes","260","2ND CONGRESS","9500074","1011","11","Democratic","7"
"16","0","COOK","420","ROBIN KELLY","260","2ND CONGRESS","9500077","1568","11","Democratic","258"
"16","0","COOK","0","Over Votes","260","2ND CONGRESS","9500077","1568","11","Democratic","0"
"16","0","COOK","0","Under Votes","260","2ND CONGRESS","9500077","1568","11","Democratic","25"
"16","0","COOK","420","ROBIN KELLY","260","2ND CONGRESS","9500080","777","11","Democratic","166"
"16","0","COOK","0","Over Votes","260","2ND CONGRESS","9500080","777","11","Democratic","0"
"16","0","COOK","0","Under Votes","260","2ND CONGRESS","9500080","777","11","Democratic","8"
"16","0","COOK","420","ROBIN KELLY","260","2ND CONGRESS","9500112","783","11","Democratic","42"
"16","0","COOK","0","Over Votes","260","2ND CONGRESS","9500112","783","11","Democratic","0"
"16","0","COOK","0","Under Votes","260","2ND CONGRESS","9500112","783","11","Democratic","16"
"16","0","COOK","420","ROBIN KELLY","260","2ND CONGRESS","9500116","1159","11","Democratic","119"
"16","0","COOK","0","Over Votes","260","2ND CONGRESS","9500116","1159","11","Democratic","0"
"16","0","COOK","0","Under Votes","260","2ND CONGRESS","9500116","1159","11","Democratic","12"
"16","0","COOK","420","ROBIN KELLY","260","2ND CONGRESS","9500120","1435","11","Democratic","254"
"16","0","COOK","0","Over Votes","260","2ND CONGRESS","9500120","1435","11","Democratic","0"
"16","0","COOK","0","Under Votes","260","2ND CONGRESS","9500120","1435","11","Democratic","26"
"16","0","COOK","420","ROBIN KELLY","260","2ND CONGRESS","9000011","961","11","Democratic","143"
"16","0","COOK","0","Over Votes","260","2ND CONGRESS","9000011","961","11","Democratic","0"
"16","0","COOK","0","Under Votes","260","2ND CONGRESS","9000011","961","11","Democratic","3"
"16","0","COOK","420","ROBIN KELLY","260","2ND CONGRESS","9000015","1396","11","Democratic","428"
"16","0","COOK","0","Over Votes","260","2ND CONGRESS","9000015","1396","11","Democratic","0"
"16","0","COOK","0","Under Votes","260","2ND CONGRESS","9000015","1396","11","Democratic","25"
"16","0","COOK","420","ROBIN KELLY","260","2ND CONGRESS","9000018","1136","11","Democratic","193"
"16","0","COOK","0","Over Votes","260","2ND CONGRESS","9000018","1136","11","Democratic","0"
"16","0","COOK","0","Under Votes","260","2ND CONGRESS","9000018","1136","11","Democratic","9"
"16","0","COOK","420","ROBIN KELLY","260","2ND CONGRESS","9000021","1308","11","Democratic","199"
"16","0","COOK","0","Over Votes","260","2ND CONGRESS","9000021","1308","11","Democratic","0"
"16","0","COOK","0","Under Votes","260","2ND CONGRESS","9000021","1308","11","Democratic","8"
"16","0","COOK","420","ROBIN KELLY","260","2ND CONGRESS","9000046","1458","11","Democratic","253"
"16","0","COOK","0","Over Votes","260","2ND CONGRESS","9000046","1458","11","Democratic","0"
"16","0","COOK","0","Under Votes","260","2ND CONGRESS","9000046","1458","11","Democratic","7"
"16","0","COOK","420","ROBIN KELLY","260","2ND CONGRESS","9000049","1769","11","Democratic","197"
"16","0","COOK","0","Over Votes","260","2ND CONGRESS","9000049","1769","11","Democratic","0"
"16","0","COOK","0","Under Votes","260","2ND CONGRESS","9000049","1769","11","Democratic","13"
"16","0","COOK","420","ROBIN KELLY","260","2ND CONGRESS","9500007","641","11","Democratic","178"
"16","0","COOK","0","Over Votes","260","2ND CONGRESS","9500007","641","11","Democratic","0"
"16","0","COOK","0","Under Votes","260","2ND CONGRESS","9500007","641","11","Democratic","14"
"16","0","COOK","420","ROBIN KELLY","260","2ND CONGRESS","9500011","1367","11","Democratic","127"
"16","0","COOK","0","Over Votes","260","2ND CONGRESS","9500011","1367","11","Democratic","0"
"16","0","COOK","0","Under Votes","260","2ND CONGRESS","9500011","1367","11","Democratic","10"
"16","0","COOK","420","ROBIN KELLY","260","2ND CONGRESS","9500015","978","11","Democratic","166"
"16","0","COOK","0","Over Votes","260","2ND CONGRESS","9500015","978","11","Democratic","0"
"16","0","COOK","0","Under Votes","260","2ND CONGRESS","9500015","978","11","Democratic","25"
"105","16","CITY OF CHICAGO","0","Under Votes","260","2ND CONGRESS","Ward 05 Precinct 35","788","12","Republican","1"
"105","16","CITY OF CHICAGO","405","SHANE CULTRA","260","2ND CONGRESS","Ward 05 Precinct 35","788","12","Republican","1"
"105","16","CITY OF CHICAGO","0","Over Votes","260","2ND CONGRESS","Ward 05 Precinct 37","664","12","Republican","0"
"105","16","CITY OF CHICAGO","0","Under Votes","260","2ND CONGRESS","Ward 05 Precinct 37","664","12","Republican","0"
"105","16","CITY OF CHICAGO","415","THOMAS LYNCH","260","2ND CONGRESS","Ward 05 Precinct 37","664","12","Republican","4"
"105","16","CITY OF CHICAGO","410","ASHLEY RAMOS","260","2ND CONGRESS","Ward 05 Precinct 37","664","12","Republican","5"
"105","16","CITY OF CHICAGO","405","SHANE CULTRA","260","2ND CONGRESS","Ward 05 Precinct 37","664","12","Republican","1"
"105","16","CITY OF CHICAGO","0","Over Votes","260","2ND CONGRESS","Ward 07 Precinct 06","727","12","Republican","0"
"105","16","CITY OF CHICAGO","0","Under Votes","260","2ND CONGRESS","Ward 07 Precinct 06","727","12","Republican","0"
"105","16","CITY OF CHICAGO","410","ASHLEY RAMOS","260","2ND CONGRESS","Ward 07 Precinct 06","727","12","Republican","2"
"105","16","CITY OF CHICAGO","405","SHANE CULTRA","260","2ND CONGRESS","Ward 07 Precinct 06","727","12","Republican","1"
"105","16","CITY OF CHICAGO","0","Over Votes","260","2ND CONGRESS","Ward 07 Precinct 09","964","12","Republican","0"
"105","16","CITY OF CHICAGO","0","Under Votes","260","2ND CONGRESS","Ward 07 Precinct 09","964","12","Republican","1"
"105","16","CITY OF CHICAGO","405","SHANE CULTRA","260","2ND CONGRESS","Ward 07 Precinct 09","964","12","Republican","1"
"105","16","CITY OF CHICAGO","410","ASHLEY RAMOS","260","2ND CONGRESS","Ward 07 Precinct 09","964","12","Republican","1"
"105","16","CITY OF CHICAGO","0","Over Votes","260","2ND CONGRESS","Ward 09 Precinct 34","643","12","Republican","0"
"105","16","CITY OF CHICAGO","415","THOMAS LYNCH","260","2ND CONGRESS","Ward 09 Precinct 34","643","12","Republican","1"
"105","16","CITY OF CHICAGO","410","ASHLEY RAMOS","260","2ND CONGRESS","Ward 09 Precinct 34","643","12","Republican","1"
"105","16","CITY OF CHICAGO","0","Under Votes","260","2ND CONGRESS","Ward 09 Precinct 34","643","12","Republican","0"
"105","16","CITY OF CHICAGO","0","Over Votes","260","2ND CONGRESS","Ward 09 Precinct 35","571","12","Republican","0"
"105","16","CITY OF CHICAGO","405","SHANE CULTRA","260","2ND CONGRESS","Ward 09 Precinct 35","571","12","Republican","2"
"105","16","CITY OF CHICAGO","0","Under Votes","260","2ND CONGRESS","Ward 09 Precinct 35","571","12","Republican","0"
"105","16","CITY OF CHICAGO","0","Over Votes","260","2ND CONGRESS","Ward 10 Precinct 11","1044","12","Republican","0"
"105","16","CITY OF CHICAGO","405","SHANE CULTRA","260","2ND CONGRESS","Ward 10 Precinct 11","1044","12","Republican","1"
"105","16","CITY OF CHICAGO","415","THOMAS LYNCH","260","2ND CONGRESS","Ward 10 Precinct 11","1044","12","Republican","6"
"105","16","CITY OF CHICAGO","410","ASHLEY RAMOS","260","2ND CONGRESS","Ward 10 Precinct 11","1044","12","Republican","8"
"105","16","CITY OF CHICAGO","410","ASHLEY RAMOS","260","2ND CONGRESS","Ward 04 Precinct 27","945","12","Republican","1"
"105","16","CITY OF CHICAGO","0","Over Votes","260","2ND CONGRESS","Ward 04 Precinct 27","945","12","Republican","0"
"105","16","CITY OF CHICAGO","0","Under Votes","260","2ND CONGRESS","Ward 04 Precinct 27","945","12","Republican","5"
"105","16","CITY OF CHICAGO","415","THOMAS LYNCH","260","2ND CONGRESS","Ward 04 Precinct 27","945","12","Republican","1"
"105","16","CITY OF CHICAGO","405","SHANE CULTRA","260","2ND CONGRESS","Ward 04 Precinct 27","945","12","Republican","1"
"105","16","CITY OF CHICAGO","410","ASHLEY RAMOS","260","2ND CONGRESS","Ward 05 Precinct 29","773","12","Republican","1"
"105","16","CITY OF CHICAGO","0","Over Votes","260","2ND CONGRESS","Ward 05 Precinct 29","773","12","Republican","0"
"105","16","CITY OF CHICAGO","0","Under Votes","260","2ND CONGRESS","Ward 05 Precinct 29","773","12","Republican","2"
"105","16","CITY OF CHICAGO","415","THOMAS LYNCH","260","2ND CONGRESS","Ward 05 Precinct 29","773","12","Republican","4"
"105","16","CITY OF CHICAGO","405","SHANE CULTRA","260","2ND CONGRESS","Ward 05 Precinct 29","773","12","Republican","2"
"105","16","CITY OF CHICAGO","0","Over Votes","260","2ND CONGRESS","Ward 07 Precinct 12","675","12","Republican","0"
"106","92","CITY OF DANVILLE","0","Over Votes","260","2ND CONGRESS","","0","12","REPUBLICAN","0"
"106","92","CITY OF DANVILLE","0","Under Votes","260","2ND CONGRESS","","0","12","REPUBLICAN","162"
"106","92","CITY OF DANVILLE","410","ASHLEY RAMOS","260","2ND CONGRESS","PRECINCT 14","772","12","REPUBLICAN","0"
"106","92","CITY OF DANVILLE","405","SHANE CULTRA","260","2ND CONGRESS","PRECINCT 14","772","12","REPUBLICAN","3"
"106","92","CITY OF DANVILLE","415","THOMAS LYNCH","260","2ND CONGRESS","PRECINCT 14","772","12","REPUBLICAN","5"
"106","92","CITY OF DANVILLE","410","ASHLEY RAMOS","260","2ND CONGRESS","PRECINCT 17","715","12","REPUBLICAN","34"
"106","92","CITY OF DANVILLE","405","SHANE CULTRA","260","2ND CONGRESS","PRECINCT 17","715","12","REPUBLICAN","24"
"106","92","CITY OF DANVILLE","415","THOMAS LYNCH","260","2ND CONGRESS","PRECINCT 17","715","12","REPUBLICAN","43"
"106","92","CITY OF DANVILLE","410","ASHLEY RAMOS","260","2ND CONGRESS","PRECINCT 20","484","12","REPUBLICAN","9"
"106","92","CITY OF DANVILLE","405","SHANE CULTRA","260","2ND CONGRESS","PRECINCT 20","484","12","REPUBLICAN","5"
"106","92","CITY OF DANVILLE","415","THOMAS LYNCH","260","2ND CONGRESS","PRECINCT 20","484","12","REPUBLICAN","20"
"106","92","CITY OF DANVILLE","410","ASHLEY RAMOS","260","2ND CONGRESS","PRECINCT 23","581","12","REPUBLICAN","7"
"106","92","CITY OF DANVILLE","405","SHANE CULTRA","260","2ND CONGRESS","PRECINCT 23","581","12","REPUBLICAN","6"
"106","92","CITY OF DANVILLE","415","THOMAS LYNCH","260","2ND CONGRESS","PRECINCT 23","581","12","REPUBLICAN","16"
"16","0","COOK","415","THOMAS LYNCH","260","2ND CONGRESS","9000043","1345","12","Republican","2"
"16","0","COOK","410","ASHLEY RAMOS","260","2ND CONGRESS","9000043","1345","12","Republican","2"
"16","0","COOK","0","Over Votes","260","2ND CONGRESS","9000043","1345","12","Republican","0"
"16","0","COOK","0","Under Votes","260","2ND CONGRESS","9500001","995","12","Republican","3"
"16","0","COOK","415","THOMAS LYNCH","260","2ND CONGRESS","9500001","995","12","Republican","4"
"16","0","COOK","410","ASHLEY RAMOS","260","2ND CONGRESS","9500001","995","12","Republican","4"
"16","0","COOK","0","Over Votes","260","2ND CONGRESS","9500001","995","12","Republican","0"
"16","0","COOK","0","Under Votes","260","2ND CONGRESS","9500004","1108","12","Republican","1"
"16","0","COOK","415","THOMAS LYNCH","260","2ND CONGRESS","9500004","1108","12","Republican","1"
"16","0","COOK","0","Over Votes","260","2ND CONGRESS","9500004","1108","12","Republican","0"
"16","0","COOK","405","SHANE CULTRA","260","2ND CONGRESS","9500004","1108","12","Republican","3"
"16","0","COOK","405","SHANE CULTRA","260","2ND CONGRESS","9500029","1155","12","Republican","1"
"16","0","COOK","415","THOMAS LYNCH","260","2ND CONGRESS","9500029","1155","12","Republican","1"
"16","0","COOK","410","ASHLEY RAMOS","260","2ND CONGRESS","9500029","1155","12","Republican","2"
"16","0","COOK","0","Over Votes","260","2ND CONGRESS","9500029","1155","12","Republican","0"
"16","0","COOK","0","Under Votes","260","2ND CONGRESS","9500029","1155","12","Republican","0"
"16","0","COOK","0","Under Votes","260","2ND CONGRESS","9500032","898","12","Republican","0"
"16","0","COOK","415","THOMAS LYNCH","260","2ND CONGRESS","9500032","898","12","Republican","2"
"16","0","COOK","405","SHANE CULTRA","260","2ND CONGRESS","9000023","1380","12","Republican","4"
"16","0","COOK","415","THOMAS LYNCH","260","2ND CONGRESS","9000023","1380","12","Republican","4"
"16","0","COOK","0","Under Votes","260","2ND CONGRESS","9000023","1380","12","Republican","1"
"16","0","COOK","410","ASHLEY RAMOS","260","2ND CONGRESS","9000023","1380","12","Republican","1"
"16","0","COOK","0","Over Votes","260","2ND CONGRESS","9000023","1380","12","Republican","0"
"16","0","COOK","0","Under Votes","260","2ND CONGRESS","9000026","1253","12","Republican","4"
"16","0","COOK","405","SHANE CULTRA","260","2ND CONGRESS","9000026","1253","12","Republican","3"
"16","0","COOK","415","THOMAS LYNCH","260","2ND CONGRESS","9000026","1253","12","Republican","11"
"16","0","COOK","410","ASHLEY RAMOS","260","2ND CONGRESS","9000026","1253","12","Republican","8"
"16","0","COOK","0","Over Votes","260","2ND CONGRESS","9000026","1253","12","Republican","0"
"16","0","COOK","0","Under Votes","260","2ND CONGRESS","9000029","960","12","Republican","3"
"16","0","COOK","405","SHANE CULTRA","260","2ND CONGRESS","9000029","960","12","Republican","9"
"16","0","COOK","415","THOMAS LYNCH","260","2ND CONGRESS","9000029","960","12","Republican","19"
"16","0","COOK","410","ASHLEY RAMOS","260","2ND CONGRESS","9000029","960","12","Republican","10"
"16","0","COOK","0","Over Votes","260","2ND CONGRESS","9000029","960","12","Republican","0"
"16","0","COOK","415","THOMAS LYNCH","260","2ND CONGRESS","9500017","1288","12","Republican","21"
"16","0","COOK","410","ASHLEY RAMOS","260","2ND CONGRESS","9500017","1288","12","Republican","9"
"16","0","COOK","0","Under Votes","260","2ND CONGRESS","9500017","1288","12","Republican","3"
"16","0","COOK","0","Over Votes","260","2ND CONGRESS","9500017","1288","12","Republican","0"
"16","0","COOK","405","SHANE CULTRA","260","2ND CONGRESS","9500017","1288","12","Republican","2"
"16","0","COOK","415","THOMAS LYNCH","260","2ND CONGRESS","9500020","814","12","Republican","18"
"16","0","COOK","410","ASHLEY RAMOS","260","2ND CONGRESS","9500020","814","12","Republican","15"
"16","0","COOK","0","Over Votes","260","2ND CONGRESS","9500020","814","12","Republican","0"
"16","0","COOK","405","SHANE CULTRA","260","2ND CONGRESS","9500020","814","12","Republican","9"
"16","0","COOK","0","Under Votes","260","2ND CONGRESS","9500020","814","12","Republican","12"
"16","0","COOK","405","SHANE CULTRA","260","2ND CONGRESS","9500023","808","12","Republican","2"
"105","16","CITY OF CHICAGO","420","ROBIN KELLY","260","2ND CONGRESS","Ward 07 Precinct 05","608","11","Democratic","89"
"105","16","CITY OF CHICAGO","50009","Write-in","260","2ND CONGRESS","Ward 07 Precinct 14","827","11","Democratic","5"
"105","16","CITY OF CHICAGO","420","ROBIN KELLY","260","2ND CONGRESS","Ward 07 Precinct 14","827","11","Democratic","105"
"105","16","CITY OF CHICAGO","0","Over Votes","260","2ND CONGRESS","Ward 07 Precinct 14","827","11","Democratic","0"
"105","16","CITY OF CHICAGO","0","Under Votes","260","2ND CONGRESS","Ward 07 Precinct 14","827","11","Democratic","24"
"105","16","CITY OF CHICAGO","0","Over Votes","260","2ND CONGRESS","Ward 09 Precinct 09","683","11","Democratic","0"
"105","16","CITY OF CHICAGO","420","ROBIN KELLY","260","2ND CONGRESS","Ward 09 Precinct 09","683","11","Democratic","163"
"105","16","CITY OF CHICAGO","0","Under Votes","260","2ND CONGRESS","Ward 09 Precinct 09","683","11","Democratic","12"
"105","16","CITY OF CHICAGO","420","ROBIN KELLY","260","2ND CONGRESS","Ward 09 Precinct 17","560","11","Democratic","59"
"105","16","CITY OF CHICAGO","0","Over Votes","260","2ND CONGRESS","Ward 09 Precinct 17","560","11","Democratic","0"
"105","16","CITY OF CHICAGO","0","Under Votes","260","2ND CONGRESS","Ward 09 Precinct 17","560","11","Democratic","3"
"105","16","CITY OF CHICAGO","420","ROBIN KELLY","260","2ND CONGRESS","Ward 09 Precinct 31","642","11","Democratic","79"
"105","16","CITY OF CHICAGO","0","Over Votes","260","2ND CONGRESS","Ward 09 Precinct 31","642","11","Democratic","0"
"105","16","CITY OF CHICAGO","0","Under Votes","260","2ND CONGRESS","Ward 09 Precinct 31","642","11","Democratic","6"
"105","16","CITY OF CHICAGO","50009","Write-in","260","2ND CONGRESS","Ward 09 Precinct 33","588","11","Democratic","1"
"105","16","CITY OF CHICAGO","420","ROBIN KELLY","260","2ND CONGRESS","Ward 09 Precinct 33","588","11","Democratic","77"
"105","16","CITY OF CHICAGO","0","Over Votes","260","2ND CONGRESS","Ward 09 Precinct 33","588","11","Democratic","0"
"105","16","CITY OF CHICAGO","0","Under Votes","260","2ND CONGRESS","Ward 09 Precinct 33","588","11","Democratic","17"
"105","16","CITY OF CHICAGO","420","ROBIN KELLY","260","2ND CONGRESS","Ward 09 Precinct 43","694","11","Democratic","95"
"105","16","CITY OF CHICAGO","0","Over Votes","260","2ND CONGRESS","Ward 09 Precinct 43","694","11","Democratic","0"
"105","16","CITY OF CHICAGO","0","Under Votes","260","2ND CONGRESS","Ward 09 Precinct 43","694","11","Democratic","3"
"105","16","CITY OF CHICAGO","0","Over Votes","260","2ND CONGRESS","Ward 10 Precinct 07","661","11","Democratic","0"
"105","16","CITY OF CHICAGO","420","ROBIN KELLY","260","2ND CONGRESS","Ward 10 Precinct 07","661","11","Democratic","45"
"105","16","CITY OF CHICAGO","0","Under Votes","260","2ND CONGRESS","Ward 10 Precinct 07","661","11","Democratic","3"
"105","16","CITY OF CHICAGO","50009","Write-in","260","2ND CONGRESS","Ward 10 Precinct 10","772","11","Democratic","1"
"105","16","CITY OF CHICAGO","420","ROBIN KELLY","260","2ND CONGRESS","Ward 10 Precinct 10","772","11","Democratic","82"
"105","16","CITY OF CHICAGO","0","Over Votes","260","2ND CONGRESS","Ward 10 Precinct 10","772","11","Democratic","0"
"105","16","CITY OF CHICAGO","0","Under Votes","260","2ND CONGRESS","Ward 10 Precinct 10","772","11","Democratic","22"
"105","16","CITY OF CHICAGO","50009","Write-in","260","2ND CONGRESS","Ward 10 Precinct 21","836","11","Democratic","3"
"105","16","CITY OF CHICAGO","420","ROBIN KELLY","260","2ND CONGRESS","Ward 10 Precinct 21","836","11","Democratic","65"
"105","16","CITY OF CHICAGO","0","Over Votes","260","2ND CONGRESS","Ward 10 Precinct 21","836","11","Democratic","0"
"105","16","CITY OF CHICAGO","0","Under Votes","260","2ND CONGRESS","Ward 10 Precinct 21","836","11","Democratic","14"
"105","16","CITY OF CHICAGO","420","ROBIN KELLY","260","2ND CONGRESS","Ward 10 Precinct 32","780","11","Democratic","70"
"105","16","CITY OF CHICAGO","0","Over Votes","260","2ND CONGRESS","Ward 10 Precinct 32","780","11","Democratic","0"
"105","16","CITY OF CHICAGO","0","Under Votes","260","2ND CONGRESS","Ward 10 Precinct 32","780","11","Democratic","9"
"105","16","CITY OF CHICAGO","0","Under Votes","260","2ND CONGRESS","Ward 10 Precinct 35","751","11","Democratic","7"
"105","16","CITY OF CHICAGO","50009","Write-in","260","2ND CONGRESS","Ward 10 Precinct 35","751","11","Democratic","2"
"16","0","COOK","420","ROBIN KELLY","260","2ND CONGRESS","9500018","1708","11","Democratic","104"
"16","0","COOK","0","Over Votes","260","2ND CONGRESS","9500018","1708","11","Democratic","0"
"16","0","COOK","0","Under Votes","260","2ND CONGRESS","9500018","1708","11","Democratic","9"
"16","0","COOK","420","ROBIN KELLY","260","2ND CONGRESS","9500041","640","11","Democratic","86"
"16","0","COOK","0","Over Votes","260","2ND CONGRESS","9500041","640","11","Democratic","0"
"16","0","COOK","0","Under Votes","260","2ND CONGRESS","9500041","640","11","Democratic","4"
"16","0","COOK","0","Under Votes","260","2ND CONGRESS","9500045","1464","11","Democratic","22"
"16","0","COOK","420","ROBIN KELLY","260","2ND CONGRESS","9500045","1464","11","Democratic","259"
"16","0","COOK","0","Over Votes","260","2ND CONGRESS","9500045","1464","11","Democratic","0"
"16","0","COOK","420","ROBIN KELLY","260","2ND CONGRESS","9500048","1316","11","Democratic","188"
"16","0","COOK","0","Over Votes","260","2ND CONGRESS","9500048","1316","11","Democratic","0"
"16","0","COOK","0","Under Votes","260","2ND CONGRESS","9500048","1316","11","Democratic","18"
"16","0","COOK","420","ROBIN KELLY","260","2ND CONGRESS","9500051","926","11","Democratic","67"
"16","0","COOK","0","Over Votes","260","2ND CONGRESS","9500051","926","11","Democratic","0"
"16","0","COOK","0","Under Votes","260","2ND CONGRESS","9500051","926","11","Democratic","9"
"16","0","COOK","420","ROBIN KELLY","260","2ND CONGRESS","9500075","1553","11","Democratic","324"
"16","0","COOK","0","Over Votes","260","2ND CONGRESS","9500075","1553","11","Democratic","0"
"16","0","COOK","0","Under Votes","260","2ND CONGRESS","9500075","1553","11","Democratic","28"
"16","0","COOK","420","ROBIN KELLY","260","2ND CONGRESS","9500078","993","11","Democratic","149"
"16","0","COOK","0","Over Votes","260","2ND CONGRESS","9500078","993","11","Democratic","0"
"16","0","COOK","0","Under Votes","260","2ND CONGRESS","9500078","993","11","Democratic","10"
"16","0","COOK","0","Over Votes","260","2ND CONGRESS","9500081","1637","11","Democratic","0"
"16","0","COOK","0","Under Votes","260","2ND CONGRESS","9500081","1637","11","Democratic","13"
"16","0","COOK","0","Under Votes","260","2ND CONGRESS","9500072","874","11","Democratic","17"
"16","0","COOK","420","ROBIN KELLY","260","2ND CONGRESS","9500101","1505","11","Democratic","177"
"16","0","COOK","0","Over Votes","260","2ND CONGRESS","9500101","1505","11","Democratic","0"
"16","0","COOK","0","Under Votes","260","2ND CONGRESS","9500101","1505","11","Democratic","15"
"16","0","COOK","0","Under Votes","260","2ND CONGRESS","9500107","1018","11","Democratic","19"
"16","0","COOK","420","ROBIN KELLY","260","2ND CONGRESS","9500107","1018","11","Democratic","295"
"16","0","COOK","0","Over Votes","260","2ND CONGRESS","9500107","1018","11","Democratic","0"
"16","0","COOK","420","ROBIN KELLY","260","2ND CONGRESS","9500110","632","11","Democratic","63"
"16","0","COOK","0","Over Votes","260","2ND CONGRESS","9500110","632","11","Democratic","0"
"16","0","COOK","0","Under Votes","260","2ND CONGRESS","9500110","632","11","Democratic","4"
"16","0","COOK","420","ROBIN KELLY","260","2ND CONGRESS","9500113","589","11","Democratic","68"
"16","0","COOK","0","Over Votes","260","2ND CONGRESS","9500113","589","11","Democratic","0"
"16","0","COOK","0","Under Votes","260","2ND CONGRESS","9500113","589","11","Democratic","3"
"16","0","COOK","420","ROBIN KELLY","260","2ND CONGRESS","9700024","828","11","Democratic","3"
"16","0","COOK","0","Over Votes","260","2ND CONGRESS","9700024","828","11","Democratic","0"
"16","0","COOK","0","Under Votes","260","2ND CONGRESS","9700024","828","11","Democratic","0"
"16","0","COOK","420","ROBIN KELLY","260","2ND CONGRESS","7100006","446","11","Democratic","38"
"16","0","COOK","0","Over Votes","260","2ND CONGRESS","7100006","446","11","Democratic","0"
"16","0","COOK","0","Under Votes","260","2ND CONGRESS","7100006","446","11","Democratic","1"
"16","0","COOK","420","ROBIN KELLY","260","2ND CONGRESS","7100009","1178","11","Democratic","72"
"16","0","COOK","0","Over Votes","260","2ND CONGRESS","7100009","1178","11","Democratic","0"
"16","0","COOK","0","Under Votes","260","2ND CONGRESS","7100009","1178","11","Democratic","6"
"105","16","CITY OF CHICAGO","0","Under Votes","260","2ND CONGRESS","Ward 07 Precinct 12","675","12","Republican","0"
"105","16","CITY OF CHICAGO","410","ASHLEY RAMOS","260","2ND CONGRESS","Ward 07 Precinct 12","675","12","Republican","1"
"105","16","CITY OF CHICAGO","0","Over Votes","260","2ND CONGRESS","Ward 09 Precinct 28","623","12","Republican","0"
"105","16","CITY OF CHICAGO","415","THOMAS LYNCH","260","2ND CONGRESS","Ward 09 Precinct 28","623","12","Republican","1"
"105","16","CITY OF CHICAGO","410","ASHLEY RAMOS","260","2ND CONGRESS","Ward 09 Precinct 28","623","12","Republican","1"
"105","16","CITY OF CHICAGO","0","Under Votes","260","2ND CONGRESS","Ward 09 Precinct 28","623","12","Republican","0"
"105","16","CITY OF CHICAGO","0","Over Votes","260","2ND CONGRESS","Ward 09 Precinct 29","695","12","Republican","0"
"105","16","CITY OF CHICAGO","0","Under Votes","260","2ND CONGRESS","Ward 09 Precinct 29","695","12","Republican","0"
"105","16","CITY OF CHICAGO","410","ASHLEY RAMOS","260","2ND CONGRESS","Ward 09 Precinct 29","695","12","Republican","2"
"105","16","CITY OF CHICAGO","0","Over Votes","260","2ND CONGRESS","Ward 10 Precinct 03","962","12","Republican","0"
"105","16","CITY OF CHICAGO","405","SHANE CULTRA","260","2ND CONGRESS","Ward 10 Precinct 03","962","12","Republican","7"
"105","16","CITY OF CHICAGO","415","THOMAS LYNCH","260","2ND CONGRESS","Ward 10 Precinct 03","962","12","Republican","12"
"105","16","CITY OF CHICAGO","410","ASHLEY RAMOS","260","2ND CONGRESS","Ward 10 Precinct 03","962","12","Republican","10"
"105","16","CITY OF CHICAGO","0","Under Votes","260","2ND CONGRESS","Ward 10 Precinct 03","962","12","Republican","1"
"105","16","CITY OF CHICAGO","0","Over Votes","260","2ND CONGRESS","Ward 10 Precinct 06","685","12","Republican","0"
"105","16","CITY OF CHICAGO","0","Under Votes","260","2ND CONGRESS","Ward 10 Precinct 06","685","12","Republican","2"
"105","16","CITY OF CHICAGO","405","SHANE CULTRA","260","2ND CONGRESS","Ward 10 Precinct 06","685","12","Republican","2"
"105","16","CITY OF CHICAGO","415","THOMAS LYNCH","260","2ND CONGRESS","Ward 10 Precinct 06","685","12","Republican","5"
"105","16","CITY OF CHICAGO","410","ASHLEY RAMOS","260","2ND CONGRESS","Ward 10 Precinct 06","685","12","Republican","6"
"105","16","CITY OF CHICAGO","0","Over Votes","260","2ND CONGRESS","Ward 10 Precinct 16","654","12","Republican","0"
"105","16","CITY OF CHICAGO","405","SHANE CULTRA","260","2ND CONGRESS","Ward 10 Precinct 16","654","12","Republican","2"
"105","16","CITY OF CHICAGO","415","THOMAS LYNCH","260","2ND CONGRESS","Ward 10 Precinct 16","654","12","Republican","11"
"105","16","CITY OF CHICAGO","410","ASHLEY RAMOS","260","2ND CONGRESS","Ward 10 Precinct 16","654","12","Republican","5"
"105","16","CITY OF CHICAGO","0","Under Votes","260","2ND CONGRESS","Ward 10 Precinct 16","654","12","Republican","4"
"105","16","CITY OF CHICAGO","415","THOMAS LYNCH","260","2ND CONGRESS","Ward 10 Precinct 17","997","12","Republican","31"
"105","16","CITY OF CHICAGO","410","ASHLEY RAMOS","260","2ND CONGRESS","Ward 10 Precinct 17","997","12","Republican","13"
"105","16","CITY OF CHICAGO","0","Under Votes","260","2ND CONGRESS","Ward 10 Precinct 17","997","12","Republican","7"
"105","16","CITY OF CHICAGO","0","Over Votes","260","2ND CONGRESS","Ward 10 Precinct 17","997","12","Republican","0"
"105","16","CITY OF CHICAGO","405","SHANE CULTRA","260","2ND CONGRESS","Ward 10 Precinct 17","997","12","Republican","6"
"105","16","CITY OF CHICAGO","0","Over Votes","260","2ND CONGRESS","Ward 05 Precinct 11","639","12","Republican","0"
"105","16","CITY OF CHICAGO","415","THOMAS LYNCH","260","2ND CONGRESS","Ward 05 Precinct 11","639","12","Republican","3"
"105","16","CITY OF CHICAGO","410","ASHLEY RAMOS","260","2ND CONGRESS","Ward 05 Precinct 11","639","12","Republican","1"
"105","16","CITY OF CHICAGO","405","SHANE CULTRA","260","2ND CONGRESS","Ward 05 Precinct 11","639","12","Republican","3"
"105","16","CITY OF CHICAGO","0","Under Votes","260","2ND CONGRESS","Ward 05 Precinct 11","639","12","Republican","1"
"105","16","CITY OF CHICAGO","0","Over Votes","260","2ND CONGRESS","Ward 07 Precinct 08","578","12","Republican","0"
"105","16","CITY OF CHICAGO","0","Under Votes","260","2ND CONGRESS","Ward 07 Precinct 08","578","12","Republican","2"
"105","16","CITY OF CHICAGO","410","ASHLEY RAMOS","260","2ND CONGRESS","Ward 07 Precinct 08","578","12","Republican","4"
"16","0","COOK","415","THOMAS LYNCH","260","2ND CONGRESS","9500023","808","12","Republican","5"
"16","0","COOK","410","ASHLEY RAMOS","260","2ND CONGRESS","9500023","808","12","Republican","7"
"16","0","COOK","0","Over Votes","260","2ND CONGRESS","9500023","808","12","Republican","0"
"16","0","COOK","0","Under Votes","260","2ND CONGRESS","9500023","808","12","Republican","0"
"16","0","COOK","405","SHANE CULTRA","260","2ND CONGRESS","9500026","908","12","Republican","8"
"16","0","COOK","415","THOMAS LYNCH","260","2ND CONGRESS","9500026","908","12","Republican","21"
"16","0","COOK","410","ASHLEY RAMOS","260","2ND CONGRESS","9500026","908","12","Republican","2"
"16","0","COOK","0","Over Votes","260","2ND CONGRESS","9500026","908","12","Republican","0"
"16","0","COOK","0","Under Votes","260","2ND CONGRESS","9500026","908","12","Republican","3"
"16","0","COOK","415","THOMAS LYNCH","260","2ND CONGRESS","9500050","1340","12","Republican","11"
"16","0","COOK","410","ASHLEY RAMOS","260","2ND CONGRESS","9500050","1340","12","Republican","16"
"16","0","COOK","0","Under Votes","260","2ND CONGRESS","9500050","1340","12","Republican","5"
"16","0","COOK","0","Over Votes","260","2ND CONGRESS","9500050","1340","12","Republican","0"
"16","0","COOK","405","SHANE CULTRA","260","2ND CONGRESS","9500050","1340","12","Republican","1"
"16","0","COOK","405","SHANE CULTRA","260","2ND CONGRESS","9500054","1293","12","Republican","8"
"16","0","COOK","415","THOMAS LYNCH","260","2ND CONGRESS","9500054","1293","12","Republican","5"
"16","0","COOK","410","ASHLEY RAMOS","260","2ND CONGRESS","9500054","1293","12","Republican","4"
"16","0","COOK","0","Over Votes","260","2ND CONGRESS","9500054","1293","12","Republican","0"
"16","0","COOK","0","Under Votes","260","2ND CONGRESS","9500054","1293","12","Republican","2"
"16","0","COOK","405","SHANE CULTRA","260","2ND CONGRESS","9500058","1586","12","Republican","9"
"16","0","COOK","415","THOMAS LYNCH","260","2ND CONGRESS","9500058","1586","12","Republican","18"
"16","0","COOK","410","ASHLEY RAMOS","260","2ND CONGRESS","9500058","1586","12","Republican","9"
"16","0","COOK","0","Over Votes","260","2ND CONGRESS","9500058","1586","12","Republican","0"
"16","0","COOK","410","ASHLEY RAMOS","260","2ND CONGRESS","7100034","1241","12","Republican","6"
"16","0","COOK","415","THOMAS LYNCH","260","2ND CONGRESS","7100034","1241","12","Republican","9"
"16","0","COOK","0","Over Votes","260","2ND CONGRESS","7100034","1241","12","Republican","0"
"16","0","COOK","405","SHANE CULTRA","260","2ND CONGRESS","7100034","1241","12","Republican","9"
"16","0","COOK","0","Under Votes","260","2ND CONGRESS","7100037","498","12","Republican","0"
"16","0","COOK","415","THOMAS LYNCH","260","2ND CONGRESS","7100037","498","12","Republican","2"
"16","0","COOK","0","Over Votes","260","2ND CONGRESS","7100037","498","12","Republican","0"
"16","0","COOK","405","SHANE CULTRA","260","2ND CONGRESS","7100037","498","12","Republican","3"
"16","0","COOK","405","SHANE CULTRA","260","2ND CONGRESS","7100040","1699","12","Republican","15"
"16","0","COOK","0","Under Votes","260","2ND CONGRESS","7100040","1699","12","Republican","12"
"16","0","COOK","410","ASHLEY RAMOS","260","2ND CONGRESS","7100040","1699","12","Republican","20"
"16","0","COOK","415","THOMAS LYNCH","260","2ND CONGRESS","7100040","1699","12","Republican","38"
"16","0","COOK","0","Over Votes","260","2ND CONGRESS","7100040","1699","12","Republican","1"
"16","0","COOK","0","Under Votes","260","2ND CONGRESS","7100043","843","12","Republican","0"
"16","0","COOK","415","THOMAS LYNCH","260","2ND CONGRESS","7100043","843","12","Republican","4"
"16","0","COOK","410","ASHLEY RAMOS","260","2ND CONGRESS","7100043","843","12","Republican","3"
"16","0","COOK","0","Over Votes","260","2ND CONGRESS","7100043","843","12","Republican","0"
"16","0","COOK","405","SHANE CULTRA","260","2ND CONGRESS","7200012","1566","12","Republican","3"
"16","0","COOK","0","Under Votes","260","2ND CONGRESS","7200012","1566","12","Republican","1"
"16","0","COOK","410","ASHLEY RAMOS","260","2ND CONGRESS","7200012","1566","12","Republican","2"
"16","0","COOK","415","THOMAS LYNCH","260","2ND CONGRESS","7200012","1566","12","Republican","4"
"105","16","CITY OF CHICAGO","420","ROBIN KELLY","260","2ND CONGRESS","Ward 10 Precinct 35","751","11","Democratic","100"
"105","16","CITY OF CHICAGO","0","Over Votes","260","2ND CONGRESS","Ward 10 Precinct 35","751","11","Democratic","0"
"105","16","CITY OF CHICAGO","0","Over Votes","260","2ND CONGRESS","Ward 09 Precinct 16","612","11","Democratic","0"
"105","16","CITY OF CHICAGO","420","ROBIN KELLY","260","2ND CONGRESS","Ward 09 Precinct 16","612","11","Democratic","25"
"105","16","CITY OF CHICAGO","0","Under Votes","260","2ND CONGRESS","Ward 09 Precinct 16","612","11","Democratic","1"
"105","16","CITY OF CHICAGO","0","Over Votes","260","2ND CONGRESS","Ward 09 Precinct 26","960","11","Democratic","0"
"105","16","CITY OF CHICAGO","0","Under Votes","260","2ND CONGRESS","Ward 09 Precinct 26","960","11","Democratic","4"
"105","16","CITY OF CHICAGO","420","ROBIN KELLY","260","2ND CONGRESS","Ward 09 Precinct 26","960","11","Democratic","72"
"105","16","CITY OF CHICAGO","0","Over Votes","260","2ND CONGRESS","Ward 09 Precinct 40","712","11","Democratic","0"
"105","16","CITY OF CHICAGO","420","ROBIN KELLY","260","2ND CONGRESS","Ward 09 Precinct 40","712","11","Democratic","181"
"105","16","CITY OF CHICAGO","0","Under Votes","260","2ND CONGRESS","Ward 09 Precinct 40","712","11","Democratic","14"
"105","16","CITY OF CHICAGO","50009","Write-in","260","2ND CONGRESS","Ward 10 Precinct 01","601","11","Democratic","2"
"105","16","CITY OF CHICAGO","0","Over Votes","260","2ND CONGRESS","Ward 10 Precinct 01","601","11","Democratic","0"
"105","16","CITY OF CHICAGO","0","Under Votes","260","2ND CONGRESS","Ward 10 Precinct 01","601","11","Democratic","21"
"105","16","CITY OF CHICAGO","420","ROBIN KELLY","260","2ND CONGRESS","Ward 10 Precinct 01","601","11","Democratic","106"
"105","16","CITY OF CHICAGO","0","Over Votes","260","2ND CONGRESS","Ward 10 Precinct 04","724","11","Democratic","0"
"105","16","CITY OF CHICAGO","420","ROBIN KELLY","260","2ND CONGRESS","Ward 10 Precinct 04","724","11","Democratic","51"
"105","16","CITY OF CHICAGO","0","Under Votes","260","2ND CONGRESS","Ward 10 Precinct 04","724","11","Democratic","7"
"105","16","CITY OF CHICAGO","50009","Write-in","260","2ND CONGRESS","Ward 10 Precinct 18","526","11","Democratic","2"
"105","16","CITY OF CHICAGO","420","ROBIN KELLY","260","2ND CONGRESS","Ward 10 Precinct 18","526","11","Democratic","43"
"105","16","CITY OF CHICAGO","0","Over Votes","260","2ND CONGRESS","Ward 10 Precinct 18","526","11","Democratic","0"
"105","16","CITY OF CHICAGO","0","Under Votes","260","2ND CONGRESS","Ward 10 Precinct 18","526","11","Democratic","3"
"105","16","CITY OF CHICAGO","50009","Write-in","260","2ND CONGRESS","Ward 10 Precinct 28","903","11","Democratic","1"
"105","16","CITY OF CHICAGO","0","Over Votes","260","2ND CONGRESS","Ward 10 Precinct 28","903","11","Democratic","0"
"105","16","CITY OF CHICAGO","0","Under Votes","260","2ND CONGRESS","Ward 10 Precinct 28","903","11","Democratic","9"
"105","16","CITY OF CHICAGO","420","ROBIN KELLY","260","2ND CONGRESS","Ward 10 Precinct 28","903","11","Democratic","77"
"105","16","CITY OF CHICAGO","0","Over Votes","260","2ND CONGRESS","Ward 10 Precinct 22","551","11","Democratic","0"
"105","16","CITY OF CHICAGO","420","ROBIN KELLY","260","2ND CONGRESS","Ward 10 Precinct 22","551","11","Democratic","24"
"105","16","CITY OF CHICAGO","0","Under Votes","260","2ND CONGRESS","Ward 10 Precinct 22","551","11","Democratic","4"
"105","16","CITY OF CHICAGO","420","ROBIN KELLY","260","2ND CONGRESS","Ward 10 Precinct 33","662","11","Democratic","55"
"105","16","CITY OF CHICAGO","0","Over Votes","260","2ND CONGRESS","Ward 10 Precinct 33","662","11","Democratic","0"
"105","16","CITY OF CHICAGO","0","Under Votes","260","2ND CONGRESS","Ward 10 Precinct 33","662","11","Democratic","10"
"105","16","CITY OF CHICAGO","50009","Write-in","260","2ND CONGRESS","Ward 04 Precinct 05","730","11","Democratic","1"
"105","16","CITY OF CHICAGO","420","ROBIN KELLY","260","2ND CONGRESS","Ward 04 Precinct 05","730","11","Democratic","211"
"105","16","CITY OF CHICAGO","0","Over Votes","260","2ND CONGRESS","Ward 04 Precinct 05","730","11","Democratic","0"
"105","16","CITY OF CHICAGO","0","Under Votes","260","2ND CONGRESS","Ward 04 Precinct 05","730","11","Democratic","29"
"105","16","CITY OF CHICAGO","50009","Write-in","260","2ND CONGRESS","Ward 04 Precinct 15","825","11","Democratic","1"
"16","0","COOK","420","ROBIN KELLY","260","2ND CONGRESS","7100012","1617","11","Democratic","130"
"16","0","COOK","0","Over Votes","260","2ND CONGRESS","7100012","1617","11","Democratic","0"
"16","0","COOK","0","Under Votes","260","2ND CONGRESS","7100012","1617","11","Democratic","11"
"16","0","COOK","420","ROBIN KELLY","260","2ND CONGRESS","7100038","2192","11","Democratic","389"
"16","0","COOK","0","Over Votes","260","2ND CONGRESS","7100038","2192","11","Democratic","0"
"16","0","COOK","0","Under Votes","260","2ND CONGRESS","7100038","2192","11","Democratic","16"
"16","0","COOK","420","ROBIN KELLY","260","2ND CONGRESS","7100041","1107","11","Democratic","181"
"16","0","COOK","0","Over Votes","260","2ND CONGRESS","7100041","1107","11","Democratic","0"
"16","0","COOK","0","Under Votes","260","2ND CONGRESS","7100041","1107","11","Democratic","14"
"16","0","COOK","420","ROBIN KELLY","260","2ND CONGRESS","7100044","1241","11","Democratic","133"
"16","0","COOK","0","Under Votes","260","2ND CONGRESS","7100054","1170","11","Democratic","14"
"16","0","COOK","420","ROBIN KELLY","260","2ND CONGRESS","7100057","984","11","Democratic","93"
"16","0","COOK","0","Over Votes","260","2ND CONGRESS","7100057","984","11","Democratic","0"
"16","0","COOK","0","Under Votes","260","2ND CONGRESS","7100057","984","11","Democratic","26"
"16","0","COOK","420","ROBIN KELLY","260","2ND CONGRESS","7200026","712","11","Democratic","151"
"16","0","COOK","0","Over Votes","260","2ND CONGRESS","7200026","712","11","Democratic","0"
"16","0","COOK","0","Under Votes","260","2ND CONGRESS","7200026","712","11","Democratic","2"
"16","0","COOK","420","ROBIN KELLY","260","2ND CONGRESS","7200029","1241","11","Democratic","249"
"16","0","COOK","0","Over Votes","260","2ND CONGRESS","7200029","1241","11","Democratic","0"
"16","0","COOK","0","Under Votes","260","2ND CONGRESS","7200029","1241","11","Democratic","15"
"16","0","COOK","420","ROBIN KELLY","260","2ND CONGRESS","7200066","1100","11","Democratic","248"
"16","0","COOK","0","Over Votes","260","2ND CONGRESS","7200066","1100","11","Democratic","0"
"16","0","COOK","0","Under Votes","260","2ND CONGRESS","7200066","1100","11","Democratic","11"
"16","0","COOK","0","Under Votes","260","2ND CONGRESS","7100045","1300","11","Democratic","6"
"16","0","COOK","420","ROBIN KELLY","260","2ND CONGRESS","7100045","1300","11","Democratic","197"
"16","0","COOK","0","Over Votes","260","2ND CONGRESS","7100045","1300","11","Democratic","0"
"16","0","COOK","420","ROBIN KELLY","260","2ND CONGRESS","7100050","822","11","Democratic","157"
"16","0","COOK","0","Over Votes","260","2ND CONGRESS","7100050","822","11","Democratic","0"
"16","0","COOK","0","Under Votes","260","2ND CONGRESS","7100050","822","11","Democratic","8"
"16","0","COOK","420","ROBIN KELLY","260","2ND CONGRESS","7100053","627","11","Democratic","38"
"16","0","COOK","0","Over Votes","260","2ND CONGRESS","7100053","627","11","Democratic","0"
"16","0","COOK","0","Under Votes","260","2ND CONGRESS","7100053","627","11","Democratic","4"
"16","0","COOK","0","Under Votes","260","2ND CONGRESS","7200080","839","11","Democratic","10"
"16","0","COOK","420","ROBIN KELLY","260","2ND CONGRESS","7300007","1107","11","Democratic","128"
"16","0","COOK","0","Over Votes","260","2ND CONGRESS","7300007","1107","11","Democratic","0"
"16","0","COOK","0","Under Votes","260","2ND CONGRESS","7300007","1107","11","Democratic","7"
"16","0","COOK","420","ROBIN KELLY","260","2ND CONGRESS","9500081","1637","11","Democratic","271"
"16","0","COOK","420","ROBIN KELLY","260","2ND CONGRESS","9500084","1209","11","Democratic","256"
"16","0","COOK","0","Over Votes","260","2ND CONGRESS","9500084","1209","11","Democratic","0"
"16","0","COOK","0","Under Votes","260","2ND CONGRESS","9500084","1209","11","Democratic","20"
"16","0","COOK","420","ROBIN KELLY","260","2ND CONGRESS","9500117","1461","11","Democratic","184"
"16","0","COOK","0","Over Votes","260","2ND CONGRESS","9500117","1461","11","Democratic","0"
"16","0","COOK","0","Under Votes","260","2ND CONGRESS","9500117","1461","11","Democratic","16"
"16","0","COOK","420","ROBIN KELLY","260","2ND CONGRESS","9500121","706","11","Democratic","162"
"16","0","COOK","0","Over Votes","260","2ND CONGRESS","9500121","706","11","Democratic","0"
"105","16","CITY OF CHICAGO","405","SHANE CULTRA","260","2ND CONGRESS","Ward 07 Precinct 08","578","12","Republican","1"
"105","16","CITY OF CHICAGO","0","Over Votes","260","2ND CONGRESS","Ward 07 Precinct 11","761","12","Republican","0"
"105","16","CITY OF CHICAGO","0","Under Votes","260","2ND CONGRESS","Ward 07 Precinct 11","761","12","Republican","0"
"105","16","CITY OF CHICAGO","410","ASHLEY RAMOS","260","2ND CONGRESS","Ward 07 Precinct 11","761","12","Republican","2"
"105","16","CITY OF CHICAGO","0","Over Votes","260","2ND CONGRESS","Ward 07 Precinct 46","211","12","Republican","0"
"105","16","CITY OF CHICAGO","410","ASHLEY RAMOS","260","2ND CONGRESS","Ward 07 Precinct 46","211","12","Republican","2"
"105","16","CITY OF CHICAGO","0","Under Votes","260","2ND CONGRESS","Ward 07 Precinct 46","211","12","Republican","0"
"105","16","CITY OF CHICAGO","0","Over Votes","260","2ND CONGRESS","Ward 09 Precinct 13","661","12","Republican","0"
"105","16","CITY OF CHICAGO","415","THOMAS LYNCH","260","2ND CONGRESS","Ward 09 Precinct 13","661","12","Republican","1"
"105","16","CITY OF CHICAGO","0","Under Votes","260","2ND CONGRESS","Ward 09 Precinct 13","661","12","Republican","0"
"105","16","CITY OF CHICAGO","0","Over Votes","260","2ND CONGRESS","Ward 09 Precinct 14","720","12","Republican","0"
"105","16","CITY OF CHICAGO","410","ASHLEY RAMOS","260","2ND CONGRESS","Ward 09 Precinct 14","720","12","Republican","2"
"105","16","CITY OF CHICAGO","0","Under Votes","260","2ND CONGRESS","Ward 09 Precinct 14","720","12","Republican","1"
"105","16","CITY OF CHICAGO","0","Over Votes","260","2ND CONGRESS","Ward 09 Precinct 22","624","12","Republican","0"
"105","16","CITY OF CHICAGO","405","SHANE CULTRA","260","2ND CONGRESS","Ward 09 Precinct 22","624","12","Republican","1"
"105","16","CITY OF CHICAGO","415","THOMAS LYNCH","260","2ND CONGRESS","Ward 09 Precinct 22","624","12","Republican","2"
"105","16","CITY OF CHICAGO","410","ASHLEY RAMOS","260","2ND CONGRESS","Ward 09 Precinct 22","624","12","Republican","3"
"105","16","CITY OF CHICAGO","0","Under Votes","260","2ND CONGRESS","Ward 09 Precinct 22","624","12","Republican","0"
"105","16","CITY OF CHICAGO","0","Over Votes","260","2ND CONGRESS","Ward 10 Precinct 13","826","12","Republican","0"
"105","16","CITY OF CHICAGO","415","THOMAS LYNCH","260","2ND CONGRESS","Ward 10 Precinct 13","826","12","Republican","2"
"105","16","CITY OF CHICAGO","410","ASHLEY RAMOS","260","2ND CONGRESS","Ward 10 Precinct 13","826","12","Republican","6"
"105","16","CITY OF CHICAGO","0","Under Votes","260","2ND CONGRESS","Ward 10 Precinct 13","826","12","Republican","0"
"105","16","CITY OF CHICAGO","0","Over Votes","260","2ND CONGRESS","Ward 10 Precinct 14","943","12","Republican","0"
"105","16","CITY OF CHICAGO","415","THOMAS LYNCH","260","2ND CONGRESS","Ward 10 Precinct 14","943","12","Republican","4"
"105","16","CITY OF CHICAGO","410","ASHLEY RAMOS","260","2ND CONGRESS","Ward 10 Precinct 14","943","12","Republican","6"
"105","16","CITY OF CHICAGO","405","SHANE CULTRA","260","2ND CONGRESS","Ward 10 Precinct 14","943","12","Republican","5"
"105","16","CITY OF CHICAGO","0","Under Votes","260","2ND CONGRESS","Ward 10 Precinct 14","943","12","Republican","4"
"105","16","CITY OF CHICAGO","0","Over Votes","260","2ND CONGRESS","Ward 10 Precinct 15","1217","12","Republican","0"
"105","16","CITY OF CHICAGO","405","SHANE CULTRA","260","2ND CONGRESS","Ward 10 Precinct 15","1217","12","Republican","1"
"105","16","CITY OF CHICAGO","0","Under Votes","260","2ND CONGRESS","Ward 10 Precinct 15","1217","12","Republican","2"
"16","0","COOK","0","Over Votes","260","2ND CONGRESS","7200012","1566","12","Republican","0"
"16","0","COOK","405","SHANE CULTRA","260","2ND CONGRESS","7200047","730","12","Republican","1"
"16","0","COOK","0","Under Votes","260","2ND CONGRESS","7200047","730","12","Republican","1"
"16","0","COOK","410","ASHLEY RAMOS","260","2ND CONGRESS","7200047","730","12","Republican","1"
"16","0","COOK","415","THOMAS LYNCH","260","2ND CONGRESS","7200047","730","12","Republican","4"
"16","0","COOK","0","Over Votes","260","2ND CONGRESS","7200047","730","12","Republican","0"
"16","0","COOK","405","SHANE CULTRA","260","2ND CONGRESS","7200056","967","12","Republican","2"
"16","0","COOK","0","Under Votes","260","2ND CONGRESS","7200056","967","12","Republican","1"
"16","0","COOK","410","ASHLEY RAMOS","260","2ND CONGRESS","7200056","967","12","Republican","2"
"16","0","COOK","415","THOMAS LYNCH","260","2ND CONGRESS","7200056","967","12","Republican","1"
"16","0","COOK","0","Over Votes","260","2ND CONGRESS","7200056","967","12","Republican","0"
"16","0","COOK","0","Under Votes","260","2ND CONGRESS","7200080","839","12","Republican","1"
"16","0","COOK","410","ASHLEY RAMOS","260","2ND CONGRESS","7200080","839","12","Republican","2"
"16","0","COOK","415","THOMAS LYNCH","260","2ND CONGRESS","7200080","839","12","Republican","2"
"16","0","COOK","0","Over Votes","260","2ND CONGRESS","7200080","839","12","Republican","0"
"16","0","COOK","405","SHANE CULTRA","260","2ND CONGRESS","7200080","839","12","Republican","2"
"16","0","COOK","410","ASHLEY RAMOS","260","2ND CONGRESS","7300007","1107","12","Republican","5"
"16","0","COOK","415","THOMAS LYNCH","260","2ND CONGRESS","7300007","1107","12","Republican","5"
"16","0","COOK","0","Over Votes","260","2ND CONGRESS","7300007","1107","12","Republican","0"
"16","0","COOK","405","SHANE CULTRA","260","2ND CONGRESS","7300007","1107","12","Republican","2"
"16","0","COOK","0","Under Votes","260","2ND CONGRESS","7300007","1107","12","Republican","2"
"16","0","COOK","0","Over Votes","260","2ND CONGRESS","7100006","446","12","Republican","0"
"16","0","COOK","0","Under Votes","260","2ND CONGRESS","7100006","446","12","Republican","0"
"16","0","COOK","410","ASHLEY RAMOS","260","2ND CONGRESS","7100006","446","12","Republican","1"
"16","0","COOK","0","Under Votes","260","2ND CONGRESS","7100009","1178","12","Republican","7"
"16","0","COOK","0","Over Votes","260","2ND CONGRESS","7100009","1178","12","Republican","1"
"16","0","COOK","405","SHANE CULTRA","260","2ND CONGRESS","7100009","1178","12","Republican","12"
"16","0","COOK","415","THOMAS LYNCH","260","2ND CONGRESS","7100009","1178","12","Republican","35"
"16","0","COOK","410","ASHLEY RAMOS","260","2ND CONGRESS","7100009","1178","12","Republican","13"
"16","0","COOK","415","THOMAS LYNCH","260","2ND CONGRESS","7100012","1617","12","Republican","9"
"16","0","COOK","0","Under Votes","260","2ND CONGRESS","7100012","1617","12","Republican","0"
"16","0","COOK","410","ASHLEY RAMOS","260","2ND CONGRESS","7100012","1617","12","Republican","6"
"16","0","COOK","0","Over Votes","260","2ND CONGRESS","7100012","1617","12","Republican","0"
"16","0","COOK","405","SHANE CULTRA","260","2ND CONGRESS","7100012","1617","12","Republican","4"
"16","0","COOK","405","SHANE CULTRA","260","2ND CONGRESS","7100038","2192","12","Republican","7"
"16","0","COOK","0","Under Votes","260","2ND CONGRESS","7100038","2192","12","Republican","3"
"16","0","COOK","415","THOMAS LYNCH","260","2ND CONGRESS","7100038","2192","12","Republican","6"
"16","0","COOK","410","ASHLEY RAMOS","260","2ND CONGRESS","7100038","2192","12","Republican","9"
"16","0","COOK","0","Over Votes","260","2ND CONGRESS","7100038","2192","12","Republican","0"
"16","0","COOK","405","SHANE CULTRA","260","2ND CONGRESS","7100041","1107","12","Republican","3"
"16","0","COOK","415","THOMAS LYNCH","260","2ND CONGRESS","7100041","1107","12","Republican","8"
"16","0","COOK","0","Under Votes","260","2ND CONGRESS","7100041","1107","12","Republican","2"
"16","0","COOK","410","ASHLEY RAMOS","260","2ND CONGRESS","7100041","1107","12","Republican","8"
"16","0","COOK","0","Over Votes","260","2ND CONGRESS","7100041","1107","12","Republican","0"
"105","16","CITY OF CHICAGO","420","ROBIN KELLY","260","2ND CONGRESS","Ward 04 Precinct 15","825","11","Democratic","131"
"105","16","CITY OF CHICAGO","0","Over Votes","260","2ND CONGRESS","Ward 04 Precinct 15","825","11","Democratic","0"
"105","16","CITY OF CHICAGO","0","Under Votes","260","2ND CONGRESS","Ward 04 Precinct 15","825","11","Democratic","13"
"105","16","CITY OF CHICAGO","50009","Write-in","260","2ND CONGRESS","Ward 05 Precinct 26","725","11","Democratic","1"
"105","16","CITY OF CHICAGO","420","ROBIN KELLY","260","2ND CONGRESS","Ward 05 Precinct 26","725","11","Democratic","164"
"105","16","CITY OF CHICAGO","0","Over Votes","260","2ND CONGRESS","Ward 05 Precinct 26","725","11","Democratic","0"
"105","16","CITY OF CHICAGO","0","Under Votes","260","2ND CONGRESS","Ward 05 Precinct 26","725","11","Democratic","22"
"105","16","CITY OF CHICAGO","50009","Write-in","260","2ND CONGRESS","Ward 05 Precinct 40","578","11","Democratic","1"
"105","16","CITY OF CHICAGO","420","ROBIN KELLY","260","2ND CONGRESS","Ward 05 Precinct 40","578","11","Democratic","134"
"105","16","CITY OF CHICAGO","0","Over Votes","260","2ND CONGRESS","Ward 05 Precinct 40","578","11","Democratic","0"
"105","16","CITY OF CHICAGO","0","Under Votes","260","2ND CONGRESS","Ward 05 Precinct 40","578","11","Democratic","16"
"105","16","CITY OF CHICAGO","50009","Write-in","260","2ND CONGRESS","Ward 07 Precinct 13","387","11","Democratic","3"
"105","16","CITY OF CHICAGO","420","ROBIN KELLY","260","2ND CONGRESS","Ward 07 Precinct 13","387","11","Democratic","106"
"105","16","CITY OF CHICAGO","0","Over Votes","260","2ND CONGRESS","Ward 07 Precinct 13","387","11","Democratic","0"
"105","16","CITY OF CHICAGO","0","Under Votes","260","2ND CONGRESS","Ward 07 Precinct 13","387","11","Democratic","14"
"105","16","CITY OF CHICAGO","50009","Write-in","260","2ND CONGRESS","Ward 09 Precinct 01","659","11","Democratic","2"
"105","16","CITY OF CHICAGO","0","Over Votes","260","2ND CONGRESS","Ward 09 Precinct 01","659","11","Democratic","0"
"105","16","CITY OF CHICAGO","0","Under Votes","260","2ND CONGRESS","Ward 09 Precinct 01","659","11","Democratic","11"
"105","16","CITY OF CHICAGO","420","ROBIN KELLY","260","2ND CONGRESS","Ward 09 Precinct 01","659","11","Democratic","120"
"105","16","CITY OF CHICAGO","0","Over Votes","260","2ND CONGRESS","Ward 09 Precinct 02","537","11","Democratic","0"
"105","16","CITY OF CHICAGO","420","ROBIN KELLY","260","2ND CONGRESS","Ward 09 Precinct 02","537","11","Democratic","94"
"105","16","CITY OF CHICAGO","0","Under Votes","260","2ND CONGRESS","Ward 09 Precinct 02","537","11","Democratic","11"
"105","16","CITY OF CHICAGO","0","Over Votes","260","2ND CONGRESS","Ward 09 Precinct 03","720","11","Democratic","0"
"105","16","CITY OF CHICAGO","420","ROBIN KELLY","260","2ND CONGRESS","Ward 09 Precinct 03","720","11","Democratic","46"
"105","16","CITY OF CHICAGO","0","Under Votes","260","2ND CONGRESS","Ward 09 Precinct 03","720","11","Democratic","7"
"105","16","CITY OF CHICAGO","420","ROBIN KELLY","260","2ND CONGRESS","Ward 05 Precinct 07","666","11","Democratic","199"
"105","16","CITY OF CHICAGO","0","Over Votes","260","2ND CONGRESS","Ward 05 Precinct 07","666","11","Democratic","0"
"105","16","CITY OF CHICAGO","0","Under Votes","260","2ND CONGRESS","Ward 05 Precinct 07","666","11","Democratic","26"
"105","16","CITY OF CHICAGO","50009","Write-in","260","2ND CONGRESS","Ward 05 Precinct 32","711","11","Democratic","1"
"105","16","CITY OF CHICAGO","420","ROBIN KELLY","260","2ND CONGRESS","Ward 05 Precinct 32","711","11","Democratic","224"
"105","16","CITY OF CHICAGO","0","Over Votes","260","2ND CONGRESS","Ward 05 Precinct 32","711","11","Democratic","0"
"105","16","CITY OF CHICAGO","0","Under Votes","260","2ND CONGRESS","Ward 05 Precinct 32","711","11","Democratic","12"
"105","16","CITY OF CHICAGO","420","ROBIN KELLY","260","2ND CONGRESS","Ward 09 Precinct 04","500","11","Democratic","11"
"105","16","CITY OF CHICAGO","0","Over Votes","260","2ND CONGRESS","Ward 09 Precinct 04","500","11","Democratic","0"
"105","16","CITY OF CHICAGO","0","Under Votes","260","2ND CONGRESS","Ward 09 Precinct 04","500","11","Democratic","0"
"105","16","CITY OF CHICAGO","420","ROBIN KELLY","260","2ND CONGRESS","Ward 09 Precinct 05","634","11","Democratic","139"
"105","16","CITY OF CHICAGO","0","Over Votes","260","2ND CONGRESS","Ward 09 Precinct 05","634","11","Democratic","0"
"16","0","COOK","0","Under Votes","260","2ND CONGRESS","9500121","706","11","Democratic","15"
"16","0","COOK","420","ROBIN KELLY","260","2ND CONGRESS","7100007","1095","11","Democratic","129"
"16","0","COOK","0","Over Votes","260","2ND CONGRESS","7100007","1095","11","Democratic","0"
"16","0","COOK","0","Under Votes","260","2ND CONGRESS","7100007","1095","11","Democratic","12"
"16","0","COOK","420","ROBIN KELLY","260","2ND CONGRESS","7100010","499","11","Democratic","36"
"16","0","COOK","0","Over Votes","260","2ND CONGRESS","7100010","499","11","Democratic","0"
"16","0","COOK","0","Under Votes","260","2ND CONGRESS","7100010","499","11","Democratic","3"
"16","0","COOK","420","ROBIN KELLY","260","2ND CONGRESS","7100013","1391","11","Democratic","261"
"16","0","COOK","0","Over Votes","260","2ND CONGRESS","7100013","1391","11","Democratic","0"
"16","0","COOK","0","Under Votes","260","2ND CONGRESS","7100013","1391","11","Democratic","5"
"16","0","COOK","420","ROBIN KELLY","260","2ND CONGRESS","7100016","1137","11","Democratic","108"
"16","0","COOK","0","Over Votes","260","2ND CONGRESS","7100016","1137","11","Democratic","0"
"16","0","COOK","0","Under Votes","260","2ND CONGRESS","7100016","1137","11","Democratic","8"
"16","0","COOK","420","ROBIN KELLY","260","2ND CONGRESS","7100042","1085","11","Democratic","217"
"16","0","COOK","0","Over Votes","260","2ND CONGRESS","7100042","1085","11","Democratic","0"
"16","0","COOK","0","Under Votes","260","2ND CONGRESS","7100042","1085","11","Democratic","13"
"16","0","COOK","0","Under Votes","260","2ND CONGRESS","9500109","864","11","Democratic","6"
"16","0","COOK","420","ROBIN KELLY","260","2ND CONGRESS","7100015","1044","11","Democratic","75"
"16","0","COOK","0","Over Votes","260","2ND CONGRESS","7100015","1044","11","Democratic","0"
"16","0","COOK","0","Under Votes","260","2ND CONGRESS","7100015","1044","11","Democratic","11"
"16","0","COOK","420","ROBIN KELLY","260","2ND CONGRESS","7100019","827","11","Democratic","195"
"16","0","COOK","0","Over Votes","260","2ND CONGRESS","7100019","827","11","Democratic","0"
"16","0","COOK","0","Under Votes","260","2ND CONGRESS","7100019","827","11","Democratic","11"
"16","0","COOK","420","ROBIN KELLY","260","2ND CONGRESS","7100022","1168","11","Democratic","40"
"16","0","COOK","0","Over Votes","260","2ND CONGRESS","7100022","1168","11","Democratic","0"
"16","0","COOK","0","Under Votes","260","2ND CONGRESS","7100022","1168","11","Democratic","5"
"16","0","COOK","420","ROBIN KELLY","260","2ND CONGRESS","7100025","993","11","Democratic","62"
"16","0","COOK","0","Over Votes","260","2ND CONGRESS","7100025","993","11","Democratic","0"
"16","0","COOK","0","Under Votes","260","2ND CONGRESS","7100025","993","11","Democratic","3"
"16","0","COOK","420","ROBIN KELLY","260","2ND CONGRESS","7100052","842","11","Democratic","76"
"16","0","COOK","0","Over Votes","260","2ND CONGRESS","7100052","842","11","Democratic","0"
"16","0","COOK","420","ROBIN KELLY","260","2ND CONGRESS","7100002","1074","11","Democratic","121"
"16","0","COOK","0","Over Votes","260","2ND CONGRESS","7100002","1074","11","Democratic","0"
"16","0","COOK","0","Under Votes","260","2ND CONGRESS","7100002","1074","11","Democratic","6"
"16","0","COOK","420","ROBIN KELLY","260","2ND CONGRESS","7100024","1887","11","Democratic","177"
"16","0","COOK","0","Over Votes","260","2ND CONGRESS","7100024","1887","11","Democratic","0"
"16","0","COOK","0","Under Votes","260","2ND CONGRESS","7100024","1887","11","Democratic","11"
"16","0","COOK","420","ROBIN KELLY","260","2ND CONGRESS","7100029","544","11","Democratic","45"
"16","0","COOK","0","Over Votes","260","2ND CONGRESS","7100029","544","11","Democratic","0"
"16","0","COOK","0","Under Votes","260","2ND CONGRESS","7100029","544","11","Democratic","7"
"16","0","COOK","420","ROBIN KELLY","260","2ND CONGRESS","7100032","1291","11","Democratic","75"
"16","0","COOK","0","Over Votes","260","2ND CONGRESS","7100032","1291","11","Democratic","0"
"16","0","COOK","0","Under Votes","260","2ND CONGRESS","7100032","1291","11","Democratic","5"
"16","0","COOK","0","Under Votes","260","2ND CONGRESS","7100035","755","11","Democratic","11"
"16","0","COOK","420","ROBIN KELLY","260","2ND CONGRESS","7100035","755","11","Democratic","53"
"16","0","COOK","405","SHANE CULTRA","260","2ND CONGRESS","7100044","1241","12","Republican","9"
"16","0","COOK","415","THOMAS LYNCH","260","2ND CONGRESS","7100044","1241","12","Republican","15"
"16","0","COOK","0","Under Votes","260","2ND CONGRESS","7100044","1241","12","Republican","4"
"16","0","COOK","410","ASHLEY RAMOS","260","2ND CONGRESS","7100044","1241","12","Republican","6"
"16","0","COOK","0","Over Votes","260","2ND CONGRESS","7100044","1241","12","Republican","0"
"16","0","COOK","405","SHANE CULTRA","260","2ND CONGRESS","7100049","1635","12","Republican","1"
"16","0","COOK","415","THOMAS LYNCH","260","2ND CONGRESS","7100049","1635","12","Republican","5"
"16","0","COOK","410","ASHLEY RAMOS","260","2ND CONGRESS","7100049","1635","12","Republican","3"
"16","0","COOK","0","Under Votes","260","2ND CONGRESS","7100049","1635","12","Republican","2"
"16","0","COOK","0","Over Votes","260","2ND CONGRESS","7100049","1635","12","Republican","0"
"16","0","COOK","0","Under Votes","260","2ND CONGRESS","7200048","776","12","Republican","0"
"16","0","COOK","415","THOMAS LYNCH","260","2ND CONGRESS","7200048","776","12","Republican","4"
"16","0","COOK","410","ASHLEY RAMOS","260","2ND CONGRESS","7200048","776","12","Republican","2"
"16","0","COOK","0","Over Votes","260","2ND CONGRESS","7200048","776","12","Republican","0"
"16","0","COOK","0","Under Votes","260","2ND CONGRESS","7300004","969","12","Republican","1"
"16","0","COOK","405","SHANE CULTRA","260","2ND CONGRESS","7300004","969","12","Republican","1"
"16","0","COOK","415","THOMAS LYNCH","260","2ND CONGRESS","7300004","969","12","Republican","3"
"16","0","COOK","0","Over Votes","260","2ND CONGRESS","7300004","969","12","Republican","0"
"16","0","COOK","0","Under Votes","260","2ND CONGRESS","7300008","703","12","Republican","3"
"16","0","COOK","405","SHANE CULTRA","260","2ND CONGRESS","7300008","703","12","Republican","3"
"16","0","COOK","0","Under Votes","260","2ND CONGRESS","9500058","1586","12","Republican","1"
"16","0","COOK","415","THOMAS LYNCH","260","2ND CONGRESS","9500083","1252","12","Republican","4"
"16","0","COOK","410","ASHLEY RAMOS","260","2ND CONGRESS","9500083","1252","12","Republican","3"
"16","0","COOK","0","Under Votes","260","2ND CONGRESS","9500083","1252","12","Republican","4"
"16","0","COOK","0","Over Votes","260","2ND CONGRESS","9500083","1252","12","Republican","0"
"16","0","COOK","405","SHANE CULTRA","260","2ND CONGRESS","9500083","1252","12","Republican","1"
"16","0","COOK","415","THOMAS LYNCH","260","2ND CONGRESS","9500086","765","12","Republican","1"
"16","0","COOK","0","Over Votes","260","2ND CONGRESS","9500086","765","12","Republican","0"
"16","0","COOK","0","Under Votes","260","2ND CONGRESS","9500086","765","12","Republican","1"
"16","0","COOK","405","SHANE CULTRA","260","2ND CONGRESS","9500090","834","12","Republican","3"
"16","0","COOK","415","THOMAS LYNCH","260","2ND CONGRESS","9500090","834","12","Republican","5"
"16","0","COOK","410","ASHLEY RAMOS","260","2ND CONGRESS","9500090","834","12","Republican","4"
"16","0","COOK","0","Over Votes","260","2ND CONGRESS","9500090","834","12","Republican","0"
"16","0","COOK","0","Under Votes","260","2ND CONGRESS","9500090","834","12","Republican","1"
"16","0","COOK","405","SHANE CULTRA","260","2ND CONGRESS","9500094","1083","12","Republican","2"
"16","0","COOK","415","THOMAS LYNCH","260","2ND CONGRESS","9500094","1083","12","Republican","4"
"16","0","COOK","410","ASHLEY RAMOS","260","2ND CONGRESS","9500094","1083","12","Republican","2"
"16","0","COOK","0","Over Votes","260","2ND CONGRESS","9500094","1083","12","Republican","0"
"16","0","COOK","0","Under Votes","260","2ND CONGRESS","9500094","1083","12","Republican","0"
"16","0","COOK","405","SHANE CULTRA","260","2ND CONGRESS","7100011","778","12","Republican","5"
"16","0","COOK","0","Under Votes","260","2ND CONGRESS","7100011","778","12","Republican","2"
"16","0","COOK","415","THOMAS LYNCH","260","2ND CONGRESS","7100011","778","12","Republican","22"
"16","0","COOK","410","ASHLEY RAMOS","260","2ND CONGRESS","7100011","778","12","Republican","10"
"16","0","COOK","0","Over Votes","260","2ND CONGRESS","7100011","778","12","Republican","0"
"105","16","CITY OF CHICAGO","0","Under Votes","260","2ND CONGRESS","Ward 09 Precinct 05","634","11","Democratic","20"
"105","16","CITY OF CHICAGO","420","ROBIN KELLY","260","2ND CONGRESS","Ward 09 Precinct 41","520","11","Democratic","98"
"105","16","CITY OF CHICAGO","0","Over Votes","260","2ND CONGRESS","Ward 09 Precinct 41","520","11","Democratic","0"
"105","16","CITY OF CHICAGO","0","Under Votes","260","2ND CONGRESS","Ward 09 Precinct 41","520","11","Democratic","17"
"105","16","CITY OF CHICAGO","50009","Write-in","260","2ND CONGRESS","Ward 09 Precinct 45","533","11","Democratic","1"
"105","16","CITY OF CHICAGO","0","Over Votes","260","2ND CONGRESS","Ward 09 Precinct 45","533","11","Democratic","0"
"105","16","CITY OF CHICAGO","420","ROBIN KELLY","260","2ND CONGRESS","Ward 09 Precinct 45","533","11","Democratic","84"
"105","16","CITY OF CHICAGO","0","Under Votes","260","2ND CONGRESS","Ward 09 Precinct 45","533","11","Democratic","11"
"105","16","CITY OF CHICAGO","420","ROBIN KELLY","260","2ND CONGRESS","Ward 10 Precinct 05","685","11","Democratic","61"
"105","16","CITY OF CHICAGO","0","Over Votes","260","2ND CONGRESS","Ward 10 Precinct 05","685","11","Democratic","0"
"105","16","CITY OF CHICAGO","0","Under Votes","260","2ND CONGRESS","Ward 10 Precinct 05","685","11","Democratic","15"
"105","16","CITY OF CHICAGO","420","ROBIN KELLY","260","2ND CONGRESS","Ward 10 Precinct 08","518","11","Democratic","30"
"105","16","CITY OF CHICAGO","0","Over Votes","260","2ND CONGRESS","Ward 10 Precinct 08","518","11","Democratic","0"
"105","16","CITY OF CHICAGO","0","Under Votes","260","2ND CONGRESS","Ward 10 Precinct 08","518","11","Democratic","4"
"105","16","CITY OF CHICAGO","50009","Write-in","260","2ND CONGRESS","Ward 10 Precinct 19","771","11","Democratic","1"
"105","16","CITY OF CHICAGO","420","ROBIN KELLY","260","2ND CONGRESS","Ward 10 Precinct 19","771","11","Democratic","61"
"105","16","CITY OF CHICAGO","0","Over Votes","260","2ND CONGRESS","Ward 10 Precinct 19","771","11","Democratic","0"
"105","16","CITY OF CHICAGO","0","Under Votes","260","2ND CONGRESS","Ward 10 Precinct 19","771","11","Democratic","7"
"105","16","CITY OF CHICAGO","50009","Write-in","260","2ND CONGRESS","Ward 09 Precinct 34","643","11","Democratic","1"
"105","16","CITY OF CHICAGO","0","Over Votes","260","2ND CONGRESS","Ward 09 Precinct 34","643","11","Democratic","0"
"105","16","CITY OF CHICAGO","420","ROBIN KELLY","260","2ND CONGRESS","Ward 09 Precinct 34","643","11","Democratic","90"
"105","16","CITY OF CHICAGO","0","Under Votes","260","2ND CONGRESS","Ward 09 Precinct 34","643","11","Democratic","9"
"105","16","CITY OF CHICAGO","50009","Write-in","260","2ND CONGRESS","Ward 09 Precinct 35","571","11","Democratic","1"
"105","16","CITY OF CHICAGO","0","Over Votes","260","2ND CONGRESS","Ward 09 Precinct 35","571","11","Democratic","0"
"105","16","CITY OF CHICAGO","0","Under Votes","260","2ND CONGRESS","Ward 09 Precinct 35","571","11","Democratic","13"
"105","16","CITY OF CHICAGO","420","ROBIN KELLY","260","2ND CONGRESS","Ward 09 Precinct 35","571","11","Democratic","143"
"105","16","CITY OF CHICAGO","0","Over Votes","260","2ND CONGRESS","Ward 10 Precinct 11","1044","11","Democratic","0"
"105","16","CITY OF CHICAGO","420","ROBIN KELLY","260","2ND CONGRESS","Ward 10 Precinct 11","1044","11","Democratic","74"
"105","16","CITY OF CHICAGO","0","Under Votes","260","2ND CONGRESS","Ward 10 Precinct 11","1044","11","Democratic","16"
"105","16","CITY OF CHICAGO","0","Over Votes","260","2ND CONGRESS","Ward 10 Precinct 26","774","11","Democratic","0"
"105","16","CITY OF CHICAGO","0","Under Votes","260","2ND CONGRESS","Ward 10 Precinct 26","774","11","Democratic","7"
"105","16","CITY OF CHICAGO","420","ROBIN KELLY","260","2ND CONGRESS","Ward 10 Precinct 26","774","11","Democratic","57"
"105","16","CITY OF CHICAGO","0","Over Votes","260","2ND CONGRESS","Ward 10 Precinct 27","894","11","Democratic","1"
"105","16","CITY OF CHICAGO","0","Under Votes","260","2ND CONGRESS","Ward 10 Precinct 27","894","11","Democratic","9"
"105","16","CITY OF CHICAGO","420","ROBIN KELLY","260","2ND CONGRESS","Ward 10 Precinct 27","894","11","Democratic","53"
"105","16","CITY OF CHICAGO","0","Over Votes","260","2ND CONGRESS","Ward 10 Precinct 36","209","11","Democratic","0"
"105","16","CITY OF CHICAGO","420","ROBIN KELLY","260","2ND CONGRESS","Ward 10 Precinct 36","209","11","Democratic","35"
"16","0","COOK","0","Over Votes","260","2ND CONGRESS","7100035","755","11","Democratic","0"
"16","0","COOK","420","ROBIN KELLY","260","2ND CONGRESS","7100061","1072","11","Democratic","79"
"16","0","COOK","0","Over Votes","260","2ND CONGRESS","7100061","1072","11","Democratic","0"
"16","0","COOK","0","Under Votes","260","2ND CONGRESS","7100061","1072","11","Democratic","14"
"16","0","COOK","420","ROBIN KELLY","260","2ND CONGRESS","7200007","662","11","Democratic","76"
"16","0","COOK","0","Over Votes","260","2ND CONGRESS","7200007","662","11","Democratic","0"
"16","0","COOK","0","Under Votes","260","2ND CONGRESS","7200007","662","11","Democratic","2"
"16","0","COOK","420","ROBIN KELLY","260","2ND CONGRESS","7200032","1409","11","Democratic","256"
"16","0","COOK","0","Over Votes","260","2ND CONGRESS","7200032","1409","11","Democratic","0"
"16","0","COOK","0","Under Votes","260","2ND CONGRESS","7200032","1409","11","Democratic","12"
"16","0","COOK","420","ROBIN KELLY","260","2ND CONGRESS","7200035","1547","11","Democratic","158"
"16","0","COOK","0","Over Votes","260","2ND CONGRESS","7200035","1547","11","Democratic","0"
"16","0","COOK","0","Under Votes","260","2ND CONGRESS","7200035","1547","11","Democratic","15"
"16","0","COOK","420","ROBIN KELLY","260","2ND CONGRESS","7200040","1343","11","Democratic","211"
"16","0","COOK","0","Over Votes","260","2ND CONGRESS","7200040","1343","11","Democratic","0"
"16","0","COOK","0","Under Votes","260","2ND CONGRESS","7200040","1343","11","Democratic","11"
"16","0","COOK","420","ROBIN KELLY","260","2ND CONGRESS","7300001","1104","11","Democratic","85"
"16","0","COOK","0","Over Votes","260","2ND CONGRESS","7300001","1104","11","Democratic","0"
"16","0","COOK","0","Under Votes","260","2ND CONGRESS","7300001","1104","11","Democratic","11"
"16","0","COOK","420","ROBIN KELLY","260","2ND CONGRESS","9000016","875","11","Democratic","88"
"16","0","COOK","0","Over Votes","260","2ND CONGRESS","9000016","875","11","Democratic","0"
"16","0","COOK","0","Under Votes","260","2ND CONGRESS","9000016","875","11","Democratic","3"
"16","0","COOK","420","ROBIN KELLY","260","2ND CONGRESS","9000019","635","11","Democratic","107"
"16","0","COOK","0","Over Votes","260","2ND CONGRESS","9000019","635","11","Democratic","0"
"16","0","COOK","0","Under Votes","260","2ND CONGRESS","9000019","635","11","Democratic","9"
"16","0","COOK","420","ROBIN KELLY","260","2ND CONGRESS","9000022","1193","11","Democratic","137"
"16","0","COOK","0","Over Votes","260","2ND CONGRESS","9000022","1193","11","Democratic","0"
"16","0","COOK","0","Under Votes","260","2ND CONGRESS","9000022","1193","11","Democratic","18"
"16","0","COOK","420","ROBIN KELLY","260","2ND CONGRESS","9000025","1495","11","Democratic","298"
"16","0","COOK","0","Over Votes","260","2ND CONGRESS","9000025","1495","11","Democratic","0"
"16","0","COOK","0","Under Votes","260","2ND CONGRESS","9000025","1495","11","Democratic","7"
"16","0","COOK","420","ROBIN KELLY","260","2ND CONGRESS","9000050","747","11","Democratic","38"
"16","0","COOK","0","Over Votes","260","2ND CONGRESS","9000050","747","11","Democratic","0"
"16","0","COOK","0","Under Votes","260","2ND CONGRESS","9000050","747","11","Democratic","4"
"16","0","COOK","420","ROBIN KELLY","260","2ND CONGRESS","9500012","1561","11","Democratic","93"
"16","0","COOK","0","Over Votes","260","2ND CONGRESS","9500012","1561","11","Democratic","0"
"16","0","COOK","0","Under Votes","260","2ND CONGRESS","9500012","1561","11","Democratic","3"
"16","0","COOK","420","ROBIN KELLY","260","2ND CONGRESS","9500016","1105","11","Democratic","82"
"16","0","COOK","0","Over Votes","260","2ND CONGRESS","9500016","1105","11","Democratic","0"
"16","0","COOK","0","Under Votes","260","2ND CONGRESS","9500016","1105","11","Democratic","2"
"16","0","COOK","420","ROBIN KELLY","260","2ND CONGRESS","9500019","1312","11","Democratic","102"
"16","0","COOK","0","Over Votes","260","2ND CONGRESS","9500019","1312","11","Democratic","0"
"16","0","COOK","0","Under Votes","260","2ND CONGRESS","9500019","1312","11","Democratic","7"
"16","0","COOK","420","ROBIN KELLY","260","2ND CONGRESS","9500022","925","11","Democratic","182"
"16","0","COOK","0","Over Votes","260","2ND CONGRESS","9500022","925","11","Democratic","0"
"16","0","COOK","415","THOMAS LYNCH","260","2ND CONGRESS","7100014","1526","12","Republican","16"
"16","0","COOK","410","ASHLEY RAMOS","260","2ND CONGRESS","7100014","1526","12","Republican","14"
"16","0","COOK","0","Over Votes","260","2ND CONGRESS","7100014","1526","12","Republican","0"
"16","0","COOK","405","SHANE CULTRA","260","2ND CONGRESS","7100014","1526","12","Republican","12"
"16","0","COOK","0","Under Votes","260","2ND CONGRESS","7100014","1526","12","Republican","7"
"16","0","COOK","0","Over Votes","260","2ND CONGRESS","7100017","861","12","Republican","0"
"16","0","COOK","410","ASHLEY RAMOS","260","2ND CONGRESS","7100017","861","12","Republican","3"
"16","0","COOK","405","SHANE CULTRA","260","2ND CONGRESS","7100017","861","12","Republican","1"
"16","0","COOK","0","Under Votes","260","2ND CONGRESS","7100017","861","12","Republican","2"
"16","0","COOK","415","THOMAS LYNCH","260","2ND CONGRESS","7100017","861","12","Republican","4"
"16","0","COOK","405","SHANE CULTRA","260","2ND CONGRESS","7100046","1085","12","Republican","3"
"16","0","COOK","0","Under Votes","260","2ND CONGRESS","7100046","1085","12","Republican","1"
"16","0","COOK","410","ASHLEY RAMOS","260","2ND CONGRESS","7100046","1085","12","Republican","5"
"16","0","COOK","415","THOMAS LYNCH","260","2ND CONGRESS","7100046","1085","12","Republican","1"
"16","0","COOK","0","Over Votes","260","2ND CONGRESS","7100046","1085","12","Republican","0"
"16","0","COOK","0","Over Votes","260","2ND CONGRESS","7100051","549","12","Republican","0"
"16","0","COOK","0","Under Votes","260","2ND CONGRESS","7100051","549","12","Republican","1"
"16","0","COOK","410","ASHLEY RAMOS","260","2ND CONGRESS","7100051","549","12","Republican","1"
"16","0","COOK","405","SHANE CULTRA","260","2ND CONGRESS","7100054","1170","12","Republican","6"
"16","0","COOK","0","Under Votes","260","2ND CONGRESS","7100054","1170","12","Republican","5"
"16","0","COOK","410","ASHLEY RAMOS","260","2ND CONGRESS","7100054","1170","12","Republican","14"
"16","0","COOK","415","THOMAS LYNCH","260","2ND CONGRESS","7100054","1170","12","Republican","13"
"16","0","COOK","0","Over Votes","260","2ND CONGRESS","7100054","1170","12","Republican","0"
"16","0","COOK","0","Over Votes","260","2ND CONGRESS","7100057","984","12","Republican","0"
"16","0","COOK","405","SHANE CULTRA","260","2ND CONGRESS","7100057","984","12","Republican","3"
"16","0","COOK","0","Under Votes","260","2ND CONGRESS","7100057","984","12","Republican","4"
"16","0","COOK","410","ASHLEY RAMOS","260","2ND CONGRESS","7100057","984","12","Republican","19"
"16","0","COOK","415","THOMAS LYNCH","260","2ND CONGRESS","7100057","984","12","Republican","14"
"16","0","COOK","415","THOMAS LYNCH","260","2ND CONGRESS","7200026","712","12","Republican","7"
"16","0","COOK","0","Under Votes","260","2ND CONGRESS","7200026","712","12","Republican","3"
"16","0","COOK","410","ASHLEY RAMOS","260","2ND CONGRESS","7200026","712","12","Republican","8"
"16","0","COOK","0","Over Votes","260","2ND CONGRESS","7200026","712","12","Republican","0"
"16","0","COOK","415","THOMAS LYNCH","260","2ND CONGRESS","7200029","1241","12","Republican","3"
"16","0","COOK","0","Under Votes","260","2ND CONGRESS","7200029","1241","12","Republican","0"
"16","0","COOK","410","ASHLEY RAMOS","260","2ND CONGRESS","7200029","1241","12","Republican","1"
"16","0","COOK","0","Over Votes","260","2ND CONGRESS","7200029","1241","12","Republican","0"
"16","0","COOK","405","SHANE CULTRA","260","2ND CONGRESS","7200066","1100","12","Republican","1"
"16","0","COOK","415","THOMAS LYNCH","260","2ND CONGRESS","7200066","1100","12","Republican","1"
"16","0","COOK","0","Under Votes","260","2ND CONGRESS","7200066","1100","12","Republican","2"
"16","0","COOK","410","ASHLEY RAMOS","260","2ND CONGRESS","7200066","1100","12","Republican","4"
"16","0","COOK","0","Over Votes","260","2ND CONGRESS","7200066","1100","12","Republican","0"
"16","0","COOK","410","ASHLEY RAMOS","260","2ND CONGRESS","9500032","898","12","Republican","2"
"16","0","COOK","0","Over Votes","260","2ND CONGRESS","9500032","898","12","Republican","0"
"16","0","COOK","0","Under Votes","260","2ND CONGRESS","9500035","1324","12","Republican","1"
"105","16","CITY OF CHICAGO","0","Under Votes","260","2ND CONGRESS","Ward 10 Precinct 36","209","11","Democratic","1"
"105","16","CITY OF CHICAGO","50009","Write-in","260","2ND CONGRESS","Ward 04 Precinct 27","945","11","Democratic","3"
"105","16","CITY OF CHICAGO","420","ROBIN KELLY","260","2ND CONGRESS","Ward 04 Precinct 27","945","11","Democratic","256"
"105","16","CITY OF CHICAGO","0","Over Votes","260","2ND CONGRESS","Ward 04 Precinct 27","945","11","Democratic","0"
"105","16","CITY OF CHICAGO","0","Under Votes","260","2ND CONGRESS","Ward 04 Precinct 27","945","11","Democratic","29"
"105","16","CITY OF CHICAGO","420","ROBIN KELLY","260","2ND CONGRESS","Ward 05 Precinct 29","773","11","Democratic","178"
"105","16","CITY OF CHICAGO","0","Over Votes","260","2ND CONGRESS","Ward 05 Precinct 29","773","11","Democratic","0"
"105","16","CITY OF CHICAGO","0","Under Votes","260","2ND CONGRESS","Ward 05 Precinct 29","773","11","Democratic","21"
"105","16","CITY OF CHICAGO","420","ROBIN KELLY","260","2ND CONGRESS","Ward 07 Precinct 12","675","11","Democratic","82"
"105","16","CITY OF CHICAGO","0","Over Votes","260","2ND CONGRESS","Ward 07 Precinct 12","675","11","Democratic","0"
"105","16","CITY OF CHICAGO","0","Under Votes","260","2ND CONGRESS","Ward 07 Precinct 12","675","11","Democratic","13"
"105","16","CITY OF CHICAGO","50009","Write-in","260","2ND CONGRESS","Ward 09 Precinct 15","1296","11","Democratic","1"
"105","16","CITY OF CHICAGO","0","Over Votes","260","2ND CONGRESS","Ward 09 Precinct 15","1296","11","Democratic","0"
"105","16","CITY OF CHICAGO","420","ROBIN KELLY","260","2ND CONGRESS","Ward 09 Precinct 15","1296","11","Democratic","43"
"105","16","CITY OF CHICAGO","0","Under Votes","260","2ND CONGRESS","Ward 09 Precinct 15","1296","11","Democratic","10"
"105","16","CITY OF CHICAGO","50009","Write-in","260","2ND CONGRESS","Ward 09 Precinct 28","623","11","Democratic","1"
"105","16","CITY OF CHICAGO","0","Over Votes","260","2ND CONGRESS","Ward 09 Precinct 28","623","11","Democratic","0"
"105","16","CITY OF CHICAGO","420","ROBIN KELLY","260","2ND CONGRESS","Ward 09 Precinct 28","623","11","Democratic","45"
"105","16","CITY OF CHICAGO","0","Under Votes","260","2ND CONGRESS","Ward 09 Precinct 28","623","11","Democratic","7"
"105","16","CITY OF CHICAGO","0","Over Votes","260","2ND CONGRESS","Ward 09 Precinct 29","695","11","Democratic","0"
"105","16","CITY OF CHICAGO","420","ROBIN KELLY","260","2ND CONGRESS","Ward 09 Precinct 29","695","11","Democratic","67"
"105","16","CITY OF CHICAGO","0","Under Votes","260","2ND CONGRESS","Ward 09 Precinct 29","695","11","Democratic","5"
"105","16","CITY OF CHICAGO","50009","Write-in","260","2ND CONGRESS","Ward 10 Precinct 03","962","11","Democratic","1"
"105","16","CITY OF CHICAGO","0","Over Votes","260","2ND CONGRESS","Ward 10 Precinct 03","962","11","Democratic","0"
"105","16","CITY OF CHICAGO","420","ROBIN KELLY","260","2ND CONGRESS","Ward 10 Precinct 03","962","11","Democratic","87"
"105","16","CITY OF CHICAGO","0","Under Votes","260","2ND CONGRESS","Ward 10 Precinct 03","962","11","Democratic","12"
"105","16","CITY OF CHICAGO","50009","Write-in","260","2ND CONGRESS","Ward 10 Precinct 06","685","11","Democratic","1"
"105","16","CITY OF CHICAGO","0","Over Votes","260","2ND CONGRESS","Ward 10 Precinct 06","685","11","Democratic","0"
"105","16","CITY OF CHICAGO","420","ROBIN KELLY","260","2ND CONGRESS","Ward 10 Precinct 06","685","11","Democratic","76"
"105","16","CITY OF CHICAGO","0","Under Votes","260","2ND CONGRESS","Ward 10 Precinct 06","685","11","Democratic","5"
"105","16","CITY OF CHICAGO","0","Over Votes","260","2ND CONGRESS","Ward 10 Precinct 16","654","11","Democratic","0"
"105","16","CITY OF CHICAGO","420","ROBIN KELLY","260","2ND CONGRESS","Ward 10 Precinct 16","654","11","Democratic","51"
"105","16","CITY OF CHICAGO","0","Under Votes","260","2ND CONGRESS","Ward 10 Precinct 16","654","11","Democratic","9"
"105","16","CITY OF CHICAGO","0","Under Votes","260","2ND CONGRESS","Ward 10 Precinct 17","997","11","Democratic","27"
"105","16","CITY OF CHICAGO","50009","Write-in","260","2ND CONGRESS","Ward 10 Precinct 17","997","11","Democratic","2"
"105","16","CITY OF CHICAGO","0","Over Votes","260","2ND CONGRESS","Ward 10 Precinct 17","997","11","Democratic","0"
"105","16","CITY OF CHICAGO","420","ROBIN KELLY","260","2ND CONGRESS","Ward 10 Precinct 17","997","11","Democratic","106"
"16","0","COOK","0","Under Votes","260","2ND CONGRESS","9500022","925","11","Democratic","15"
"16","0","COOK","420","ROBIN KELLY","260","2ND CONGRESS","9500046","1625","11","Democratic","212"
"16","0","COOK","0","Over Votes","260","2ND CONGRESS","9500046","1625","11","Democratic","0"
"16","0","COOK","0","Under Votes","260","2ND CONGRESS","9500046","1625","11","Democratic","15"
"16","0","COOK","420","ROBIN KELLY","260","2ND CONGRESS","9500049","1144","11","Democratic","71"
"16","0","COOK","0","Over Votes","260","2ND CONGRESS","9500049","1144","11","Democratic","0"
"16","0","COOK","0","Under Votes","260","2ND CONGRESS","9500049","1144","11","Democratic","5"
"16","0","COOK","420","ROBIN KELLY","260","2ND CONGRESS","9500052","943","11","Democratic","138"
"16","0","COOK","0","Over Votes","260","2ND CONGRESS","9500052","943","11","Democratic","0"
"16","0","COOK","0","Under Votes","260","2ND CONGRESS","9500052","943","11","Democratic","9"
"16","0","COOK","420","ROBIN KELLY","260","2ND CONGRESS","9500079","1447","11","Democratic","157"
"16","0","COOK","0","Over Votes","260","2ND CONGRESS","9500079","1447","11","Democratic","0"
"16","0","COOK","0","Under Votes","260","2ND CONGRESS","9500079","1447","11","Democratic","6"
"16","0","COOK","420","ROBIN KELLY","260","2ND CONGRESS","9500082","973","11","Democratic","79"
"16","0","COOK","0","Over Votes","260","2ND CONGRESS","9500082","973","11","Democratic","0"
"16","0","COOK","0","Under Votes","260","2ND CONGRESS","9500082","973","11","Democratic","7"
"16","0","COOK","420","ROBIN KELLY","260","2ND CONGRESS","9500085","1293","11","Democratic","171"
"16","0","COOK","0","Over Votes","260","2ND CONGRESS","9500085","1293","11","Democratic","0"
"16","0","COOK","0","Under Votes","260","2ND CONGRESS","9500085","1293","11","Democratic","9"
"16","0","COOK","420","ROBIN KELLY","260","2ND CONGRESS","9500089","1191","11","Democratic","209"
"16","0","COOK","0","Over Votes","260","2ND CONGRESS","9500089","1191","11","Democratic","0"
"16","0","COOK","0","Under Votes","260","2ND CONGRESS","9500089","1191","11","Democratic","10"
"16","0","COOK","420","ROBIN KELLY","260","2ND CONGRESS","9500118","772","11","Democratic","206"
"16","0","COOK","0","Over Votes","260","2ND CONGRESS","9500118","772","11","Democratic","0"
"16","0","COOK","0","Over Votes","260","2ND CONGRESS","7100044","1241","11","Democratic","0"
"16","0","COOK","0","Under Votes","260","2ND CONGRESS","7100044","1241","11","Democratic","10"
"16","0","COOK","420","ROBIN KELLY","260","2ND CONGRESS","7100049","1635","11","Democratic","322"
"16","0","COOK","0","Over Votes","260","2ND CONGRESS","7100049","1635","11","Democratic","0"
"16","0","COOK","0","Under Votes","260","2ND CONGRESS","7100049","1635","11","Democratic","29"
"16","0","COOK","420","ROBIN KELLY","260","2ND CONGRESS","7200048","776","11","Democratic","111"
"16","0","COOK","0","Over Votes","260","2ND CONGRESS","7200048","776","11","Democratic","0"
"16","0","COOK","0","Under Votes","260","2ND CONGRESS","7200048","776","11","Democratic","4"
"16","0","COOK","420","ROBIN KELLY","260","2ND CONGRESS","7300004","969","11","Democratic","85"
"16","0","COOK","0","Over Votes","260","2ND CONGRESS","7300004","969","11","Democratic","0"
"16","0","COOK","0","Under Votes","260","2ND CONGRESS","7300004","969","11","Democratic","13"
"16","0","COOK","420","ROBIN KELLY","260","2ND CONGRESS","7300008","703","11","Democratic","70"
"16","0","COOK","0","Over Votes","260","2ND CONGRESS","7300008","703","11","Democratic","0"
"16","0","COOK","0","Under Votes","260","2ND CONGRESS","7300008","703","11","Democratic","9"
"16","0","COOK","420","ROBIN KELLY","260","2ND CONGRESS","7100003","930","11","Democratic","61"
"16","0","COOK","0","Over Votes","260","2ND CONGRESS","7100003","930","11","Democratic","0"
"16","0","COOK","0","Under Votes","260","2ND CONGRESS","7100003","930","11","Democratic","6"
"16","0","COOK","420","ROBIN KELLY","260","2ND CONGRESS","7100030","1051","11","Democratic","177"
"16","0","COOK","0","Over Votes","260","2ND CONGRESS","7100030","1051","11","Democratic","0"
"16","0","COOK","0","Under Votes","260","2ND CONGRESS","7100030","1051","11","Democratic","6"
"16","0","COOK","420","ROBIN KELLY","260","2ND CONGRESS","7100033","724","11","Democratic","149"
"16","0","COOK","415","THOMAS LYNCH","260","2ND CONGRESS","9500035","1324","12","Republican","4"
"16","0","COOK","410","ASHLEY RAMOS","260","2ND CONGRESS","9500035","1324","12","Republican","8"
"16","0","COOK","0","Over Votes","260","2ND CONGRESS","9500035","1324","12","Republican","0"
"16","0","COOK","405","SHANE CULTRA","260","2ND CONGRESS","9500035","1324","12","Republican","2"
"16","0","COOK","0","Under Votes","260","2ND CONGRESS","9500038","1494","12","Republican","1"
"16","0","COOK","415","THOMAS LYNCH","260","2ND CONGRESS","9500038","1494","12","Republican","5"
"16","0","COOK","410","ASHLEY RAMOS","260","2ND CONGRESS","9500038","1494","12","Republican","1"
"16","0","COOK","0","Over Votes","260","2ND CONGRESS","9500038","1494","12","Republican","0"
"16","0","COOK","405","SHANE CULTRA","260","2ND CONGRESS","9500038","1494","12","Republican","3"
"16","0","COOK","405","SHANE CULTRA","260","2ND CONGRESS","9500062","460","12","Republican","4"
"16","0","COOK","415","THOMAS LYNCH","260","2ND CONGRESS","9500062","460","12","Republican","4"
"16","0","COOK","410","ASHLEY RAMOS","260","2ND CONGRESS","9500062","460","12","Republican","2"
"16","0","COOK","0","Over Votes","260","2ND CONGRESS","9500062","460","12","Republican","0"
"16","0","COOK","0","Under Votes","260","2ND CONGRESS","9500062","460","12","Republican","2"
"16","0","COOK","405","SHANE CULTRA","260","2ND CONGRESS","9500065","1483","12","Republican","11"
"16","0","COOK","415","THOMAS LYNCH","260","2ND CONGRESS","9500065","1483","12","Republican","20"
"16","0","COOK","410","ASHLEY RAMOS","260","2ND CONGRESS","9500065","1483","12","Republican","11"
"16","0","COOK","0","Over Votes","260","2ND CONGRESS","9500065","1483","12","Republican","0"
"16","0","COOK","0","Under Votes","260","2ND CONGRESS","9500065","1483","12","Republican","3"
"16","0","COOK","405","SHANE CULTRA","260","2ND CONGRESS","9500068","1107","12","Republican","11"
"16","0","COOK","410","ASHLEY RAMOS","260","2ND CONGRESS","9500068","1107","12","Republican","9"
"16","0","COOK","0","Over Votes","260","2ND CONGRESS","9500068","1107","12","Republican","0"
"16","0","COOK","0","Under Votes","260","2ND CONGRESS","9500068","1107","12","Republican","6"
"16","0","COOK","415","THOMAS LYNCH","260","2ND CONGRESS","9500068","1107","12","Republican","10"
"16","0","COOK","0","Under Votes","260","2ND CONGRESS","9500072","874","12","Republican","1"
"16","0","COOK","410","ASHLEY RAMOS","260","2ND CONGRESS","9500072","874","12","Republican","2"
"16","0","COOK","0","Over Votes","260","2ND CONGRESS","9500072","874","12","Republican","0"
"16","0","COOK","405","SHANE CULTRA","260","2ND CONGRESS","9500072","874","12","Republican","1"
"16","0","COOK","405","SHANE CULTRA","260","2ND CONGRESS","9500101","1505","12","Republican","1"
"16","0","COOK","415","THOMAS LYNCH","260","2ND CONGRESS","9500101","1505","12","Republican","2"
"16","0","COOK","0","Over Votes","260","2ND CONGRESS","9500101","1505","12","Republican","0"
"16","0","COOK","0","Under Votes","260","2ND CONGRESS","9500101","1505","12","Republican","1"
"16","0","COOK","0","Under Votes","260","2ND CONGRESS","9500107","1018","12","Republican","0"
"16","0","COOK","405","SHANE CULTRA","260","2ND CONGRESS","9500107","1018","12","Republican","4"
"16","0","COOK","415","THOMAS LYNCH","260","2ND CONGRESS","9500107","1018","12","Republican","3"
"16","0","COOK","410","ASHLEY RAMOS","260","2ND CONGRESS","9500107","1018","12","Republican","3"
"16","0","COOK","0","Over Votes","260","2ND CONGRESS","9500107","1018","12","Republican","0"
"16","0","COOK","0","Under Votes","260","2ND CONGRESS","9500110","632","12","Republican","0"
"16","0","COOK","405","SHANE CULTRA","260","2ND CONGRESS","9500110","632","12","Republican","1"
"16","0","COOK","0","Over Votes","260","2ND CONGRESS","9500110","632","12","Republican","0"
"16","0","COOK","0","Under Votes","260","2ND CONGRESS","9500113","589","12","Republican","0"
"16","0","COOK","410","ASHLEY RAMOS","260","2ND CONGRESS","9500113","589","12","Republican","1"
"16","0","COOK","0","Over Votes","260","2ND CONGRESS","9500113","589","12","Republican","0"
"16","0","COOK","405","SHANE CULTRA","260","2ND CONGRESS","9700024","828","12","Republican","1"
"105","16","CITY OF CHICAGO","50009","Write-in","260","2ND CONGRESS","Ward 10 Precinct 20","797","11","Democratic","1"
"105","16","CITY OF CHICAGO","0","Under Votes","260","2ND CONGRESS","Ward 07 Precinct 45","817","11","Democratic","10"
"105","16","CITY OF CHICAGO","420","ROBIN KELLY","260","2ND CONGRESS","Ward 09 Precinct 07","591","11","Democratic","62"
"105","16","CITY OF CHICAGO","0","Over Votes","260","2ND CONGRESS","Ward 09 Precinct 07","591","11","Democratic","0"
"105","16","CITY OF CHICAGO","0","Under Votes","260","2ND CONGRESS","Ward 09 Precinct 07","591","11","Democratic","7"
"105","16","CITY OF CHICAGO","420","ROBIN KELLY","260","2ND CONGRESS","Ward 09 Precinct 08","751","11","Democratic","82"
"105","16","CITY OF CHICAGO","0","Over Votes","260","2ND CONGRESS","Ward 09 Precinct 08","751","11","Democratic","0"
"105","16","CITY OF CHICAGO","0","Under Votes","260","2ND CONGRESS","Ward 09 Precinct 08","751","11","Democratic","8"
"105","16","CITY OF CHICAGO","0","Over Votes","260","2ND CONGRESS","Ward 09 Precinct 11","506","11","Democratic","0"
"105","16","CITY OF CHICAGO","420","ROBIN KELLY","260","2ND CONGRESS","Ward 09 Precinct 11","506","11","Democratic","32"
"105","16","CITY OF CHICAGO","0","Under Votes","260","2ND CONGRESS","Ward 09 Precinct 11","506","11","Democratic","3"
"105","16","CITY OF CHICAGO","420","ROBIN KELLY","260","2ND CONGRESS","Ward 09 Precinct 32","633","11","Democratic","136"
"105","16","CITY OF CHICAGO","0","Over Votes","260","2ND CONGRESS","Ward 09 Precinct 32","633","11","Democratic","0"
"105","16","CITY OF CHICAGO","0","Under Votes","260","2ND CONGRESS","Ward 09 Precinct 32","633","11","Democratic","13"
"105","16","CITY OF CHICAGO","420","ROBIN KELLY","260","2ND CONGRESS","Ward 09 Precinct 46","684","11","Democratic","128"
"105","16","CITY OF CHICAGO","0","Over Votes","260","2ND CONGRESS","Ward 09 Precinct 46","684","11","Democratic","0"
"105","16","CITY OF CHICAGO","0","Under Votes","260","2ND CONGRESS","Ward 09 Precinct 46","684","11","Democratic","12"
"105","16","CITY OF CHICAGO","420","ROBIN KELLY","260","2ND CONGRESS","Ward 10 Precinct 09","723","11","Democratic","63"
"105","16","CITY OF CHICAGO","0","Over Votes","260","2ND CONGRESS","Ward 10 Precinct 09","723","11","Democratic","0"
"105","16","CITY OF CHICAGO","0","Under Votes","260","2ND CONGRESS","Ward 10 Precinct 09","723","11","Democratic","9"
"105","16","CITY OF CHICAGO","0","Over Votes","260","2ND CONGRESS","Ward 10 Precinct 12","564","11","Democratic","0"
"105","16","CITY OF CHICAGO","420","ROBIN KELLY","260","2ND CONGRESS","Ward 10 Precinct 12","564","11","Democratic","50"
"105","16","CITY OF CHICAGO","0","Under Votes","260","2ND CONGRESS","Ward 10 Precinct 12","564","11","Democratic","7"
"105","16","CITY OF CHICAGO","0","Under Votes","260","2ND CONGRESS","Ward 10 Precinct 23","756","11","Democratic","5"
"105","16","CITY OF CHICAGO","420","ROBIN KELLY","260","2ND CONGRESS","Ward 10 Precinct 23","756","11","Democratic","70"
"105","16","CITY OF CHICAGO","0","Over Votes","260","2ND CONGRESS","Ward 10 Precinct 23","756","11","Democratic","0"
"105","16","CITY OF CHICAGO","0","Under Votes","260","2ND CONGRESS","Ward 10 Precinct 24","725","11","Democratic","10"
"105","16","CITY OF CHICAGO","50009","Write-in","260","2ND CONGRESS","Ward 10 Precinct 24","725","11","Democratic","1"
"105","16","CITY OF CHICAGO","420","ROBIN KELLY","260","2ND CONGRESS","Ward 10 Precinct 24","725","11","Democratic","66"
"105","16","CITY OF CHICAGO","0","Over Votes","260","2ND CONGRESS","Ward 10 Precinct 24","725","11","Democratic","0"
"105","16","CITY OF CHICAGO","420","ROBIN KELLY","260","2ND CONGRESS","Ward 10 Precinct 34","661","11","Democratic","37"
"105","16","CITY OF CHICAGO","0","Over Votes","260","2ND CONGRESS","Ward 10 Precinct 34","661","11","Democratic","0"
"105","16","CITY OF CHICAGO","0","Under Votes","260","2ND CONGRESS","Ward 10 Precinct 34","661","11","Democratic","4"
"105","16","CITY OF CHICAGO","0","Over Votes","260","2ND CONGRESS","Ward 05 Precinct 11","639","11","Democratic","0"
"105","16","CITY OF CHICAGO","0","Under Votes","260","2ND CONGRESS","Ward 05 Precinct 11","639","11","Democratic","41"
"105","16","CITY OF CHICAGO","420","ROBIN KELLY","260","2ND CONGRESS","Ward 05 Precinct 11","639","11","Democratic","217"
"105","16","CITY OF CHICAGO","50009","Write-in","260","2ND CONGRESS","Ward 07 Precinct 08","578","11","Democratic","2"
"16","0","COOK","0","Over Votes","260","2ND CONGRESS","7100033","724","11","Democratic","0"
"16","0","COOK","0","Under Votes","260","2ND CONGRESS","7100033","724","11","Democratic","6"
"16","0","COOK","420","ROBIN KELLY","260","2ND CONGRESS","7100036","1217","11","Democratic","170"
"16","0","COOK","0","Over Votes","260","2ND CONGRESS","7100036","1217","11","Democratic","0"
"16","0","COOK","0","Under Votes","260","2ND CONGRESS","7100036","1217","11","Democratic","9"
"16","0","COOK","420","ROBIN KELLY","260","2ND CONGRESS","7100039","1002","11","Democratic","73"
"16","0","COOK","0","Over Votes","260","2ND CONGRESS","7100039","1002","11","Democratic","0"
"16","0","COOK","0","Under Votes","260","2ND CONGRESS","7100039","1002","11","Democratic","4"
"16","0","COOK","420","ROBIN KELLY","260","2ND CONGRESS","7200008","704","11","Democratic","100"
"16","0","COOK","0","Over Votes","260","2ND CONGRESS","7200008","704","11","Democratic","0"
"16","0","COOK","0","Under Votes","260","2ND CONGRESS","7200008","704","11","Democratic","5"
"16","0","COOK","420","ROBIN KELLY","260","2ND CONGRESS","7200045","680","11","Democratic","20"
"16","0","COOK","0","Over Votes","260","2ND CONGRESS","7200045","680","11","Democratic","0"
"16","0","COOK","0","Under Votes","260","2ND CONGRESS","7200045","680","11","Democratic","4"
"16","0","COOK","420","ROBIN KELLY","260","2ND CONGRESS","7200049","726","11","Democratic","162"
"16","0","COOK","0","Over Votes","260","2ND CONGRESS","7200049","726","11","Democratic","0"
"16","0","COOK","0","Under Votes","260","2ND CONGRESS","7200049","726","11","Democratic","7"
"16","0","COOK","420","ROBIN KELLY","260","2ND CONGRESS","7300002","970","11","Democratic","30"
"16","0","COOK","0","Over Votes","260","2ND CONGRESS","7300002","970","11","Democratic","0"
"16","0","COOK","0","Under Votes","260","2ND CONGRESS","7300002","970","11","Democratic","7"
"16","0","COOK","0","Under Votes","260","2ND CONGRESS","7100052","842","11","Democratic","11"
"16","0","COOK","420","ROBIN KELLY","260","2ND CONGRESS","7100055","1631","11","Democratic","97"
"16","0","COOK","0","Over Votes","260","2ND CONGRESS","7100055","1631","11","Democratic","0"
"16","0","COOK","0","Under Votes","260","2ND CONGRESS","7100055","1631","11","Democratic","3"
"16","0","COOK","420","ROBIN KELLY","260","2ND CONGRESS","7100058","638","11","Democratic","107"
"16","0","COOK","0","Over Votes","260","2ND CONGRESS","7100058","638","11","Democratic","0"
"16","0","COOK","0","Under Votes","260","2ND CONGRESS","7100058","638","11","Democratic","11"
"16","0","COOK","420","ROBIN KELLY","260","2ND CONGRESS","7200063","1200","11","Democratic","164"
"16","0","COOK","0","Over Votes","260","2ND CONGRESS","7200063","1200","11","Democratic","0"
"16","0","COOK","0","Under Votes","260","2ND CONGRESS","7200063","1200","11","Democratic","8"
"16","0","COOK","420","ROBIN KELLY","260","2ND CONGRESS","7200070","590","11","Democratic","90"
"16","0","COOK","0","Over Votes","260","2ND CONGRESS","7200070","590","11","Democratic","0"
"16","0","COOK","0","Under Votes","260","2ND CONGRESS","7200070","590","11","Democratic","8"
"16","0","COOK","420","ROBIN KELLY","260","2ND CONGRESS","7100020","886","11","Democratic","115"
"16","0","COOK","0","Over Votes","260","2ND CONGRESS","7100020","886","11","Democratic","0"
"16","0","COOK","0","Under Votes","260","2ND CONGRESS","7100020","886","11","Democratic","7"
"16","0","COOK","420","ROBIN KELLY","260","2ND CONGRESS","7100023","1170","11","Democratic","79"
"16","0","COOK","0","Over Votes","260","2ND CONGRESS","7100023","1170","11","Democratic","0"
"16","0","COOK","0","Under Votes","260","2ND CONGRESS","7100023","1170","11","Democratic","8"
"16","0","COOK","420","ROBIN KELLY","260","2ND CONGRESS","7100027","1238","11","Democratic","75"
"16","0","COOK","0","Over Votes","260","2ND CONGRESS","7100027","1238","11","Democratic","0"
"16","0","COOK","0","Under Votes","260","2ND CONGRESS","7100027","1238","11","Democratic","12"
"16","0","COOK","420","ROBIN KELLY","260","2ND CONGRESS","7100031","1501","11","Democratic","139"
"16","0","COOK","0","Over Votes","260","2ND CONGRESS","7100031","1501","11","Democratic","0"
"16","0","COOK","0","Under Votes","260","2ND CONGRESS","7100031","1501","11","Democratic","22"
"16","0","COOK","0","Over Votes","260","2ND CONGRESS","9700024","828","12","Republican","0"
"16","0","COOK","0","Under Votes","260","2ND CONGRESS","9700024","828","12","Republican","0"
"16","0","COOK","0","Under Votes","260","2ND CONGRESS","7100020","886","12","Republican","7"
"16","0","COOK","0","Over Votes","260","2ND CONGRESS","7100020","886","12","Republican","0"
"16","0","COOK","405","SHANE CULTRA","260","2ND CONGRESS","7100020","886","12","Republican","5"
"16","0","COOK","410","ASHLEY RAMOS","260","2ND CONGRESS","7100020","886","12","Republican","11"
"16","0","COOK","415","THOMAS LYNCH","260","2ND CONGRESS","7100020","886","12","Republican","22"
"16","0","COOK","0","Under Votes","260","2ND CONGRESS","7100023","1170","12","Republican","0"
"16","0","COOK","410","ASHLEY RAMOS","260","2ND CONGRESS","7100023","1170","12","Republican","6"
"16","0","COOK","415","THOMAS LYNCH","260","2ND CONGRESS","7100023","1170","12","Republican","2"
"16","0","COOK","0","Over Votes","260","2ND CONGRESS","7100023","1170","12","Republican","0"
"16","0","COOK","405","SHANE CULTRA","260","2ND CONGRESS","7100023","1170","12","Republican","3"
"16","0","COOK","405","SHANE CULTRA","260","2ND CONGRESS","7100027","1238","12","Republican","10"
"16","0","COOK","0","Under Votes","260","2ND CONGRESS","7100027","1238","12","Republican","1"
"16","0","COOK","410","ASHLEY RAMOS","260","2ND CONGRESS","7100027","1238","12","Republican","6"
"16","0","COOK","415","THOMAS LYNCH","260","2ND CONGRESS","7100027","1238","12","Republican","11"
"16","0","COOK","0","Over Votes","260","2ND CONGRESS","7100027","1238","12","Republican","0"
"16","0","COOK","405","SHANE CULTRA","260","2ND CONGRESS","7100031","1501","12","Republican","11"
"16","0","COOK","0","Under Votes","260","2ND CONGRESS","7100031","1501","12","Republican","10"
"16","0","COOK","410","ASHLEY RAMOS","260","2ND CONGRESS","7100031","1501","12","Republican","15"
"16","0","COOK","415","THOMAS LYNCH","260","2ND CONGRESS","7100031","1501","12","Republican","19"
"16","0","COOK","0","Over Votes","260","2ND CONGRESS","7100031","1501","12","Republican","0"
"16","0","COOK","415","THOMAS LYNCH","260","2ND CONGRESS","7100056","1592","12","Republican","27"
"16","0","COOK","405","SHANE CULTRA","260","2ND CONGRESS","7100056","1592","12","Republican","10"
"16","0","COOK","0","Under Votes","260","2ND CONGRESS","7100056","1592","12","Republican","6"
"16","0","COOK","410","ASHLEY RAMOS","260","2ND CONGRESS","7100056","1592","12","Republican","18"
"16","0","COOK","0","Over Votes","260","2ND CONGRESS","7100056","1592","12","Republican","0"
"16","0","COOK","0","Under Votes","260","2ND CONGRESS","7100059","715","12","Republican","3"
"16","0","COOK","410","ASHLEY RAMOS","260","2ND CONGRESS","7100059","715","12","Republican","2"
"16","0","COOK","415","THOMAS LYNCH","260","2ND CONGRESS","7100059","715","12","Republican","8"
"16","0","COOK","0","Over Votes","260","2ND CONGRESS","7100059","715","12","Republican","0"
"16","0","COOK","405","SHANE CULTRA","260","2ND CONGRESS","7100059","715","12","Republican","4"
"16","0","COOK","405","SHANE CULTRA","260","2ND CONGRESS","7200031","907","12","Republican","1"
"16","0","COOK","0","Under Votes","260","2ND CONGRESS","7200031","907","12","Republican","1"
"16","0","COOK","410","ASHLEY RAMOS","260","2ND CONGRESS","7200031","907","12","Republican","4"
"16","0","COOK","415","THOMAS LYNCH","260","2ND CONGRESS","7200031","907","12","Republican","2"
"16","0","COOK","0","Over Votes","260","2ND CONGRESS","7200031","907","12","Republican","0"
"16","0","COOK","0","Under Votes","260","2ND CONGRESS","7200039","698","12","Republican","0"
"16","0","COOK","410","ASHLEY RAMOS","260","2ND CONGRESS","7200039","698","12","Republican","1"
"16","0","COOK","415","THOMAS LYNCH","260","2ND CONGRESS","7200039","698","12","Republican","2"
"16","0","COOK","0","Over Votes","260","2ND CONGRESS","7200039","698","12","Republican","0"
"16","0","COOK","405","SHANE CULTRA","260","2ND CONGRESS","7200039","698","12","Republican","3"
"16","0","COOK","0","Under Votes","260","2ND CONGRESS","7200071","1417","12","Republican","2"
"16","0","COOK","410","ASHLEY RAMOS","260","2ND CONGRESS","7200071","1417","12","Republican","6"
"105","16","CITY OF CHICAGO","0","Over Votes","260","2ND CONGRESS","Ward 07 Precinct 08","578","11","Democratic","1"
"105","16","CITY OF CHICAGO","0","Under Votes","260","2ND CONGRESS","Ward 07 Precinct 08","578","11","Democratic","21"
"105","16","CITY OF CHICAGO","420","ROBIN KELLY","260","2ND CONGRESS","Ward 07 Precinct 08","578","11","Democratic","103"
"105","16","CITY OF CHICAGO","420","ROBIN KELLY","260","2ND CONGRESS","Ward 07 Precinct 11","761","11","Democratic","105"
"105","16","CITY OF CHICAGO","0","Over Votes","260","2ND CONGRESS","Ward 07 Precinct 11","761","11","Democratic","0"
"105","16","CITY OF CHICAGO","0","Under Votes","260","2ND CONGRESS","Ward 07 Precinct 11","761","11","Democratic","11"
"105","16","CITY OF CHICAGO","50009","Write-in","260","2ND CONGRESS","Ward 07 Precinct 46","211","11","Democratic","1"
"105","16","CITY OF CHICAGO","0","Over Votes","260","2ND CONGRESS","Ward 07 Precinct 46","211","11","Democratic","0"
"105","16","CITY OF CHICAGO","0","Under Votes","260","2ND CONGRESS","Ward 07 Precinct 46","211","11","Democratic","8"
"105","16","CITY OF CHICAGO","420","ROBIN KELLY","260","2ND CONGRESS","Ward 07 Precinct 46","211","11","Democratic","62"
"105","16","CITY OF CHICAGO","420","ROBIN KELLY","260","2ND CONGRESS","Ward 09 Precinct 13","661","11","Democratic","172"
"105","16","CITY OF CHICAGO","0","Over Votes","260","2ND CONGRESS","Ward 09 Precinct 13","661","11","Democratic","0"
"105","16","CITY OF CHICAGO","0","Under Votes","260","2ND CONGRESS","Ward 09 Precinct 13","661","11","Democratic","14"
"105","16","CITY OF CHICAGO","50009","Write-in","260","2ND CONGRESS","Ward 09 Precinct 14","720","11","Democratic","1"
"105","16","CITY OF CHICAGO","0","Over Votes","260","2ND CONGRESS","Ward 09 Precinct 14","720","11","Democratic","0"
"105","16","CITY OF CHICAGO","420","ROBIN KELLY","260","2ND CONGRESS","Ward 09 Precinct 14","720","11","Democratic","175"
"105","16","CITY OF CHICAGO","0","Under Votes","260","2ND CONGRESS","Ward 09 Precinct 14","720","11","Democratic","13"
"105","16","CITY OF CHICAGO","420","ROBIN KELLY","260","2ND CONGRESS","Ward 09 Precinct 22","624","11","Democratic","146"
"105","16","CITY OF CHICAGO","0","Over Votes","260","2ND CONGRESS","Ward 09 Precinct 22","624","11","Democratic","0"
"105","16","CITY OF CHICAGO","0","Under Votes","260","2ND CONGRESS","Ward 09 Precinct 22","624","11","Democratic","10"
"105","16","CITY OF CHICAGO","50009","Write-in","260","2ND CONGRESS","Ward 10 Precinct 13","826","11","Democratic","1"
"105","16","CITY OF CHICAGO","0","Over Votes","260","2ND CONGRESS","Ward 10 Precinct 13","826","11","Democratic","0"
"105","16","CITY OF CHICAGO","420","ROBIN KELLY","260","2ND CONGRESS","Ward 10 Precinct 13","826","11","Democratic","83"
"105","16","CITY OF CHICAGO","0","Under Votes","260","2ND CONGRESS","Ward 10 Precinct 13","826","11","Democratic","12"
"105","16","CITY OF CHICAGO","0","Over Votes","260","2ND CONGRESS","Ward 10 Precinct 14","943","11","Democratic","0"
"105","16","CITY OF CHICAGO","420","ROBIN KELLY","260","2ND CONGRESS","Ward 10 Precinct 14","943","11","Democratic","86"
"105","16","CITY OF CHICAGO","0","Under Votes","260","2ND CONGRESS","Ward 10 Precinct 14","943","11","Democratic","22"
"105","16","CITY OF CHICAGO","0","Over Votes","260","2ND CONGRESS","Ward 10 Precinct 15","1217","11","Democratic","0"
"105","16","CITY OF CHICAGO","420","ROBIN KELLY","260","2ND CONGRESS","Ward 10 Precinct 15","1217","11","Democratic","132"
"105","16","CITY OF CHICAGO","0","Under Votes","260","2ND CONGRESS","Ward 10 Precinct 15","1217","11","Democratic","5"
"105","16","CITY OF CHICAGO","50009","Write-in","260","2ND CONGRESS","Ward 04 Precinct 09","782","11","Democratic","3"
"105","16","CITY OF CHICAGO","420","ROBIN KELLY","260","2ND CONGRESS","Ward 04 Precinct 09","782","11","Democratic","320"
"105","16","CITY OF CHICAGO","0","Over Votes","260","2ND CONGRESS","Ward 04 Precinct 09","782","11","Democratic","0"
"105","16","CITY OF CHICAGO","0","Under Votes","260","2ND CONGRESS","Ward 04 Precinct 09","782","11","Democratic","40"
"105","16","CITY OF CHICAGO","420","ROBIN KELLY","260","2ND CONGRESS","Ward 05 Precinct 20","678","11","Democratic","297"
"105","16","CITY OF CHICAGO","0","Over Votes","260","2ND CONGRESS","Ward 05 Precinct 20","678","11","Democratic","0"
"105","16","CITY OF CHICAGO","0","Under Votes","260","2ND CONGRESS","Ward 05 Precinct 20","678","11","Democratic","26"
"16","0","COOK","420","ROBIN KELLY","260","2ND CONGRESS","7100056","1592","11","Democratic","132"
"16","0","COOK","0","Over Votes","260","2ND CONGRESS","7100056","1592","11","Democratic","0"
"16","0","COOK","0","Under Votes","260","2ND CONGRESS","7100056","1592","11","Democratic","22"
"16","0","COOK","420","ROBIN KELLY","260","2ND CONGRESS","7100059","715","11","Democratic","110"
"16","0","COOK","0","Over Votes","260","2ND CONGRESS","7100059","715","11","Democratic","0"
"16","0","COOK","0","Under Votes","260","2ND CONGRESS","7100059","715","11","Democratic","5"
"16","0","COOK","420","ROBIN KELLY","260","2ND CONGRESS","7200031","907","11","Democratic","125"
"16","0","COOK","0","Over Votes","260","2ND CONGRESS","7200031","907","11","Democratic","0"
"16","0","COOK","0","Under Votes","260","2ND CONGRESS","7200031","907","11","Democratic","8"
"16","0","COOK","420","ROBIN KELLY","260","2ND CONGRESS","7200039","698","11","Democratic","69"
"16","0","COOK","0","Over Votes","260","2ND CONGRESS","7200039","698","11","Democratic","0"
"16","0","COOK","0","Under Votes","260","2ND CONGRESS","7200039","698","11","Democratic","1"
"16","0","COOK","420","ROBIN KELLY","260","2ND CONGRESS","7200071","1417","11","Democratic","269"
"16","0","COOK","0","Over Votes","260","2ND CONGRESS","7200071","1417","11","Democratic","0"
"16","0","COOK","0","Under Votes","260","2ND CONGRESS","7200071","1417","11","Democratic","17"
"16","0","COOK","420","ROBIN KELLY","260","2ND CONGRESS","7200075","973","11","Democratic","214"
"16","0","COOK","0","Over Votes","260","2ND CONGRESS","7200075","973","11","Democratic","0"
"16","0","COOK","0","Under Votes","260","2ND CONGRESS","7200075","973","11","Democratic","9"
"16","0","COOK","0","Under Votes","260","2ND CONGRESS","9500118","772","11","Democratic","23"
"16","0","COOK","420","ROBIN KELLY","260","2ND CONGRESS","9500122","1239","11","Democratic","199"
"16","0","COOK","0","Over Votes","260","2ND CONGRESS","9500122","1239","11","Democratic","0"
"16","0","COOK","0","Under Votes","260","2ND CONGRESS","9500122","1239","11","Democratic","6"
"16","0","COOK","0","Under Votes","260","2ND CONGRESS","9500073","1394","11","Democratic","12"
"16","0","COOK","420","ROBIN KELLY","260","2ND CONGRESS","9500076","1004","11","Democratic","181"
"16","0","COOK","0","Over Votes","260","2ND CONGRESS","9500076","1004","11","Democratic","0"
"16","0","COOK","0","Under Votes","260","2ND CONGRESS","9500076","1004","11","Democratic","11"
"16","0","COOK","420","ROBIN KELLY","260","2ND CONGRESS","9500108","700","11","Democratic","65"
"16","0","COOK","0","Over Votes","260","2ND CONGRESS","9500108","700","11","Democratic","0"
"16","0","COOK","0","Under Votes","260","2ND CONGRESS","9500108","700","11","Democratic","4"
"16","0","COOK","420","ROBIN KELLY","260","2ND CONGRESS","9500111","748","11","Democratic","78"
"16","0","COOK","0","Over Votes","260","2ND CONGRESS","9500111","748","11","Democratic","0"
"16","0","COOK","0","Under Votes","260","2ND CONGRESS","9500111","748","11","Democratic","4"
"16","0","COOK","420","ROBIN KELLY","260","2ND CONGRESS","9500115","916","11","Democratic","207"
"16","0","COOK","0","Over Votes","260","2ND CONGRESS","9500115","916","11","Democratic","0"
"16","0","COOK","0","Under Votes","260","2ND CONGRESS","9500115","916","11","Democratic","16"
"16","0","COOK","415","THOMAS LYNCH","260","2ND CONGRESS","7200071","1417","12","Republican","3"
"16","0","COOK","0","Over Votes","260","2ND CONGRESS","7200071","1417","12","Republican","0"
"16","0","COOK","0","Under Votes","260","2ND CONGRESS","7200075","973","12","Republican","6"
"16","0","COOK","410","ASHLEY RAMOS","260","2ND CONGRESS","7200075","973","12","Republican","9"
"16","0","COOK","415","THOMAS LYNCH","260","2ND CONGRESS","7200075","973","12","Republican","8"
"16","0","COOK","0","Over Votes","260","2ND CONGRESS","7200075","973","12","Republican","0"
"16","0","COOK","405","SHANE CULTRA","260","2ND CONGRESS","7200075","973","12","Republican","3"
"16","0","COOK","410","ASHLEY RAMOS","260","2ND CONGRESS","9500049","1144","12","Republican","1"
"16","0","COOK","415","THOMAS LYNCH","260","2ND CONGRESS","9500049","1144","12","Republican","2"
"16","0","COOK","0","Over Votes","260","2ND CONGRESS","9500049","1144","12","Republican","0"
"16","0","COOK","0","Under Votes","260","2ND CONGRESS","9500049","1144","12","Republican","0"
"16","0","COOK","405","SHANE CULTRA","260","2ND CONGRESS","9500052","943","12","Republican","1"
"16","0","COOK","410","ASHLEY RAMOS","260","2ND CONGRESS","9500052","943","12","Republican","1"
"16","0","COOK","415","THOMAS LYNCH","260","2ND CONGRESS","9500052","943","12","Republican","1"
"16","0","COOK","0","Over Votes","260","2ND CONGRESS","9500052","943","12","Republican","0"
"16","0","COOK","0","Under Votes","260","2ND CONGRESS","9500052","943","12","Republican","0"
"16","0","COOK","0","Under Votes","260","2ND CONGRESS","9500079","1447","12","Republican","5"
"16","0","COOK","415","THOMAS LYNCH","260","2ND CONGRESS","9500079","1447","12","Republican","8"
"16","0","COOK","410","ASHLEY RAMOS","260","2ND CONGRESS","9500079","1447","12","Republican","7"
"16","0","COOK","0","Over Votes","260","2ND CONGRESS","9500079","1447","12","Republican","0"
"16","0","COOK","405","SHANE CULTRA","260","2ND CONGRESS","9500079","1447","12","Republican","4"
"16","0","COOK","415","THOMAS LYNCH","260","2ND CONGRESS","9500082","973","12","Republican","34"
"16","0","COOK","410","ASHLEY RAMOS","260","2ND CONGRESS","9500082","973","12","Republican","11"
"16","0","COOK","0","Over Votes","260","2ND CONGRESS","9500082","973","12","Republican","0"
"16","0","COOK","405","SHANE CULTRA","260","2ND CONGRESS","9500082","973","12","Republican","5"
"16","0","COOK","0","Under Votes","260","2ND CONGRESS","9500082","973","12","Republican","7"
"16","0","COOK","405","SHANE CULTRA","260","2ND CONGRESS","9500085","1293","12","Republican","1"
"16","0","COOK","410","ASHLEY RAMOS","260","2ND CONGRESS","9500085","1293","12","Republican","5"
"16","0","COOK","415","THOMAS LYNCH","260","2ND CONGRESS","9500085","1293","12","Republican","4"
"16","0","COOK","0","Over Votes","260","2ND CONGRESS","9500085","1293","12","Republican","0"
"16","0","COOK","0","Under Votes","260","2ND CONGRESS","9500085","1293","12","Republican","0"
"16","0","COOK","410","ASHLEY RAMOS","260","2ND CONGRESS","9500089","1191","12","Republican","5"
"16","0","COOK","415","THOMAS LYNCH","260","2ND CONGRESS","9500089","1191","12","Republican","6"
"16","0","COOK","0","Over Votes","260","2ND CONGRESS","9500089","1191","12","Republican","0"
"16","0","COOK","0","Under Votes","260","2ND CONGRESS","9500089","1191","12","Republican","2"
"16","0","COOK","415","THOMAS LYNCH","260","2ND CONGRESS","9500118","772","12","Republican","17"
"16","0","COOK","410","ASHLEY RAMOS","260","2ND CONGRESS","9500118","772","12","Republican","10"
"16","0","COOK","0","Over Votes","260","2ND CONGRESS","9500118","772","12","Republican","0"
"16","0","COOK","405","SHANE CULTRA","260","2ND CONGRESS","9500118","772","12","Republican","1"
"16","0","COOK","0","Under Votes","260","2ND CONGRESS","9500118","772","12","Republican","5"
"16","0","COOK","415","THOMAS LYNCH","260","2ND CONGRESS","9500122","1239","12","Republican","8"
"16","0","COOK","410","ASHLEY RAMOS","260","2ND CONGRESS","9500122","1239","12","Republican","5"
"16","0","COOK","0","Over Votes","260","2ND CONGRESS","9500122","1239","12","Republican","0"
"16","0","COOK","405","SHANE CULTRA","260","2ND CONGRESS","9500122","1239","12","Republican","8"
"105","16","CITY OF CHICAGO","50009","Write-in","260","2ND CONGRESS","Ward 05 Precinct 23","1084","11","Democratic","2"
"105","16","CITY OF CHICAGO","420","ROBIN KELLY","260","2ND CONGRESS","Ward 05 Precinct 23","1084","11","Democratic","351"
"105","16","CITY OF CHICAGO","0","Over Votes","260","2ND CONGRESS","Ward 05 Precinct 23","1084","11","Democratic","0"
"105","16","CITY OF CHICAGO","0","Under Votes","260","2ND CONGRESS","Ward 05 Precinct 23","1084","11","Democratic","23"
"105","16","CITY OF CHICAGO","50009","Write-in","260","2ND CONGRESS","Ward 07 Precinct 07","763","11","Democratic","2"
"105","16","CITY OF CHICAGO","420","ROBIN KELLY","260","2ND CONGRESS","Ward 07 Precinct 07","763","11","Democratic","85"
"105","16","CITY OF CHICAGO","0","Over Votes","260","2ND CONGRESS","Ward 07 Precinct 07","763","11","Democratic","0"
"105","16","CITY OF CHICAGO","0","Under Votes","260","2ND CONGRESS","Ward 07 Precinct 07","763","11","Democratic","16"
"105","16","CITY OF CHICAGO","50009","Write-in","260","2ND CONGRESS","Ward 07 Precinct 16","758","11","Democratic","1"
"105","16","CITY OF CHICAGO","420","ROBIN KELLY","260","2ND CONGRESS","Ward 07 Precinct 16","758","11","Democratic","80"
"105","16","CITY OF CHICAGO","0","Over Votes","260","2ND CONGRESS","Ward 07 Precinct 16","758","11","Democratic","0"
"105","16","CITY OF CHICAGO","0","Under Votes","260","2ND CONGRESS","Ward 07 Precinct 16","758","11","Democratic","13"
"105","16","CITY OF CHICAGO","420","ROBIN KELLY","260","2ND CONGRESS","Ward 07 Precinct 17","601","11","Democratic","96"
"105","16","CITY OF CHICAGO","0","Over Votes","260","2ND CONGRESS","Ward 07 Precinct 17","601","11","Democratic","0"
"105","16","CITY OF CHICAGO","0","Under Votes","260","2ND CONGRESS","Ward 07 Precinct 17","601","11","Democratic","11"
"105","16","CITY OF CHICAGO","50009","Write-in","260","2ND CONGRESS","Ward 07 Precinct 18","660","11","Democratic","4"
"105","16","CITY OF CHICAGO","420","ROBIN KELLY","260","2ND CONGRESS","Ward 07 Precinct 18","660","11","Democratic","100"
"105","16","CITY OF CHICAGO","0","Over Votes","260","2ND CONGRESS","Ward 07 Precinct 18","660","11","Democratic","0"
"105","16","CITY OF CHICAGO","0","Under Votes","260","2ND CONGRESS","Ward 07 Precinct 18","660","11","Democratic","18"
"105","16","CITY OF CHICAGO","420","ROBIN KELLY","260","2ND CONGRESS","Ward 07 Precinct 31","553","11","Democratic","4"
"105","16","CITY OF CHICAGO","0","Over Votes","260","2ND CONGRESS","Ward 07 Precinct 31","553","11","Democratic","0"
"105","16","CITY OF CHICAGO","0","Under Votes","260","2ND CONGRESS","Ward 07 Precinct 31","553","11","Democratic","1"
"105","16","CITY OF CHICAGO","420","ROBIN KELLY","260","2ND CONGRESS","Ward 07 Precinct 43","643","11","Democratic","61"
"105","16","CITY OF CHICAGO","0","Over Votes","260","2ND CONGRESS","Ward 07 Precinct 43","643","11","Democratic","0"
"105","16","CITY OF CHICAGO","0","Under Votes","260","2ND CONGRESS","Ward 07 Precinct 43","643","11","Democratic","6"
"105","16","CITY OF CHICAGO","420","ROBIN KELLY","260","2ND CONGRESS","Ward 07 Precinct 44","614","11","Democratic","81"
"105","16","CITY OF CHICAGO","0","Over Votes","260","2ND CONGRESS","Ward 07 Precinct 44","614","11","Democratic","0"
"105","16","CITY OF CHICAGO","0","Under Votes","260","2ND CONGRESS","Ward 07 Precinct 44","614","11","Democratic","9"
"105","16","CITY OF CHICAGO","420","ROBIN KELLY","260","2ND CONGRESS","Ward 07 Precinct 45","817","11","Democratic","77"
"105","16","CITY OF CHICAGO","0","Over Votes","260","2ND CONGRESS","Ward 07 Precinct 45","817","11","Democratic","0"
"105","16","CITY OF CHICAGO","50009","Write-in","260","2ND CONGRESS","Ward 05 Precinct 01","738","11","Democratic","2"
"105","16","CITY OF CHICAGO","420","ROBIN KELLY","260","2ND CONGRESS","Ward 05 Precinct 01","738","11","Democratic","121"
"105","16","CITY OF CHICAGO","0","Over Votes","260","2ND CONGRESS","Ward 05 Precinct 01","738","11","Democratic","0"
"105","16","CITY OF CHICAGO","0","Under Votes","260","2ND CONGRESS","Ward 05 Precinct 01","738","11","Democratic","8"
"105","16","CITY OF CHICAGO","50009","Write-in","260","2ND CONGRESS","Ward 05 Precinct 28","741","11","Democratic","1"
"105","16","CITY OF CHICAGO","420","ROBIN KELLY","260","2ND CONGRESS","Ward 05 Precinct 28","741","11","Democratic","210"
"105","16","CITY OF CHICAGO","0","Over Votes","260","2ND CONGRESS","Ward 05 Precinct 28","741","11","Democratic","0"
"16","0","COOK","0","Under Votes","260","2ND CONGRESS","9500122","1239","12","Republican","3"
"16","0","COOK","405","SHANE CULTRA","260","2ND CONGRESS","7100015","1044","12","Republican","4"
"16","0","COOK","405","SHANE CULTRA","260","2ND CONGRESS","7100002","1074","12","Republican","6"
"16","0","COOK","0","Under Votes","260","2ND CONGRESS","7100002","1074","12","Republican","4"
"16","0","COOK","415","THOMAS LYNCH","260","2ND CONGRESS","7100002","1074","12","Republican","14"
"16","0","COOK","410","ASHLEY RAMOS","260","2ND CONGRESS","7100002","1074","12","Republican","21"
"16","0","COOK","0","Over Votes","260","2ND CONGRESS","7100002","1074","12","Republican","0"
"16","0","COOK","405","SHANE CULTRA","260","2ND CONGRESS","7100024","1887","12","Republican","6"
"16","0","COOK","0","Under Votes","260","2ND CONGRESS","7100024","1887","12","Republican","1"
"16","0","COOK","415","THOMAS LYNCH","260","2ND CONGRESS","7100024","1887","12","Republican","14"
"16","0","COOK","0","Over Votes","260","2ND CONGRESS","7100024","1887","12","Republican","0"
"16","0","COOK","410","ASHLEY RAMOS","260","2ND CONGRESS","7100024","1887","12","Republican","14"
"16","0","COOK","0","Under Votes","260","2ND CONGRESS","7100029","544","12","Republican","0"
"16","0","COOK","415","THOMAS LYNCH","260","2ND CONGRESS","7100029","544","12","Republican","1"
"16","0","COOK","0","Over Votes","260","2ND CONGRESS","7100029","544","12","Republican","0"
"16","0","COOK","410","ASHLEY RAMOS","260","2ND CONGRESS","7100029","544","12","Republican","1"
"16","0","COOK","405","SHANE CULTRA","260","2ND CONGRESS","7100032","1291","12","Republican","1"
"16","0","COOK","0","Under Votes","260","2ND CONGRESS","7100032","1291","12","Republican","2"
"16","0","COOK","415","THOMAS LYNCH","260","2ND CONGRESS","7100032","1291","12","Republican","10"
"16","0","COOK","410","ASHLEY RAMOS","260","2ND CONGRESS","7100032","1291","12","Republican","3"
"16","0","COOK","0","Over Votes","260","2ND CONGRESS","7100032","1291","12","Republican","0"
"16","0","COOK","405","SHANE CULTRA","260","2ND CONGRESS","7100035","755","12","Republican","2"
"16","0","COOK","0","Under Votes","260","2ND CONGRESS","7100035","755","12","Republican","1"
"16","0","COOK","415","THOMAS LYNCH","260","2ND CONGRESS","7100035","755","12","Republican","2"
"16","0","COOK","410","ASHLEY RAMOS","260","2ND CONGRESS","7100035","755","12","Republican","7"
"16","0","COOK","0","Over Votes","260","2ND CONGRESS","7100035","755","12","Republican","0"
"16","0","COOK","415","THOMAS LYNCH","260","2ND CONGRESS","9000016","875","12","Republican","12"
"16","0","COOK","0","Under Votes","260","2ND CONGRESS","9000016","875","12","Republican","1"
"16","0","COOK","410","ASHLEY RAMOS","260","2ND CONGRESS","9000016","875","12","Republican","4"
"16","0","COOK","0","Over Votes","260","2ND CONGRESS","9000016","875","12","Republican","0"
"16","0","COOK","405","SHANE CULTRA","260","2ND CONGRESS","9000016","875","12","Republican","4"
"16","0","COOK","415","THOMAS LYNCH","260","2ND CONGRESS","9000019","635","12","Republican","22"
"16","0","COOK","0","Under Votes","260","2ND CONGRESS","9000019","635","12","Republican","9"
"16","0","COOK","410","ASHLEY RAMOS","260","2ND CONGRESS","9000019","635","12","Republican","18"
"16","0","COOK","0","Over Votes","260","2ND CONGRESS","9000019","635","12","Republican","0"
"16","0","COOK","405","SHANE CULTRA","260","2ND CONGRESS","9000019","635","12","Republican","7"
"16","0","COOK","0","Under Votes","260","2ND CONGRESS","9000022","1193","12","Republican","0"
"16","0","COOK","410","ASHLEY RAMOS","260","2ND CONGRESS","9000022","1193","12","Republican","5"
"16","0","COOK","415","THOMAS LYNCH","260","2ND CONGRESS","9000022","1193","12","Republican","7"
"16","0","COOK","0","Over Votes","260","2ND CONGRESS","9000022","1193","12","Republican","0"
"16","0","COOK","405","SHANE CULTRA","260","2ND CONGRESS","9000022","1193","12","Republican","5"
"16","0","COOK","0","Under Votes","260","2ND CONGRESS","9000025","1495","12","Republican","3"
"16","0","COOK","410","ASHLEY RAMOS","260","2ND CONGRESS","9000025","1495","12","Republican","15"
"16","0","COOK","415","THOMAS LYNCH","260","2ND CONGRESS","9000025","1495","12","Republican","12"
"105","16","CITY OF CHICAGO","0","Under Votes","260","2ND CONGRESS","Ward 05 Precinct 28","741","11","Democratic","17"
"105","16","CITY OF CHICAGO","50009","Write-in","260","2ND CONGRESS","Ward 05 Precinct 38","734","11","Democratic","2"
"105","16","CITY OF CHICAGO","420","ROBIN KELLY","260","2ND CONGRESS","Ward 05 Precinct 38","734","11","Democratic","142"
"105","16","CITY OF CHICAGO","0","Over Votes","260","2ND CONGRESS","Ward 05 Precinct 38","734","11","Democratic","0"
"105","16","CITY OF CHICAGO","0","Under Votes","260","2ND CONGRESS","Ward 05 Precinct 38","734","11","Democratic","16"
"105","16","CITY OF CHICAGO","50009","Write-in","260","2ND CONGRESS","Ward 05 Precinct 41","314","11","Democratic","2"
"105","16","CITY OF CHICAGO","420","ROBIN KELLY","260","2ND CONGRESS","Ward 05 Precinct 41","314","11","Democratic","170"
"105","16","CITY OF CHICAGO","0","Over Votes","260","2ND CONGRESS","Ward 05 Precinct 41","314","11","Democratic","0"
"105","16","CITY OF CHICAGO","0","Under Votes","260","2ND CONGRESS","Ward 05 Precinct 41","314","11","Democratic","17"
"105","16","CITY OF CHICAGO","0","Under Votes","260","2ND CONGRESS","Ward 07 Precinct 21","552","11","Democratic","9"
"105","16","CITY OF CHICAGO","50009","Write-in","260","2ND CONGRESS","Ward 07 Precinct 21","552","11","Democratic","2"
"105","16","CITY OF CHICAGO","420","ROBIN KELLY","260","2ND CONGRESS","Ward 07 Precinct 21","552","11","Democratic","67"
"105","16","CITY OF CHICAGO","0","Over Votes","260","2ND CONGRESS","Ward 07 Precinct 21","552","11","Democratic","0"
"105","16","CITY OF CHICAGO","420","ROBIN KELLY","260","2ND CONGRESS","Ward 07 Precinct 22","666","11","Democratic","96"
"105","16","CITY OF CHICAGO","0","Over Votes","260","2ND CONGRESS","Ward 07 Precinct 22","666","11","Democratic","0"
"105","16","CITY OF CHICAGO","0","Under Votes","260","2ND CONGRESS","Ward 07 Precinct 22","666","11","Democratic","11"
"105","16","CITY OF CHICAGO","420","ROBIN KELLY","260","2ND CONGRESS","Ward 07 Precinct 25","653","11","Democratic","55"
"105","16","CITY OF CHICAGO","0","Over Votes","260","2ND CONGRESS","Ward 07 Precinct 25","653","11","Democratic","1"
"105","16","CITY OF CHICAGO","0","Under Votes","260","2ND CONGRESS","Ward 07 Precinct 25","653","11","Democratic","7"
"105","16","CITY OF CHICAGO","420","ROBIN KELLY","260","2ND CONGRESS","Ward 07 Precinct 35","726","11","Democratic","2"
"105","16","CITY OF CHICAGO","0","Over Votes","260","2ND CONGRESS","Ward 07 Precinct 35","726","11","Democratic","0"
"105","16","CITY OF CHICAGO","0","Under Votes","260","2ND CONGRESS","Ward 07 Precinct 35","726","11","Democratic","0"
"105","16","CITY OF CHICAGO","50009","Write-in","260","2ND CONGRESS","Ward 09 Precinct 37","853","11","Democratic","1"
"105","16","CITY OF CHICAGO","0","Over Votes","260","2ND CONGRESS","Ward 09 Precinct 37","853","11","Democratic","0"
"105","16","CITY OF CHICAGO","420","ROBIN KELLY","260","2ND CONGRESS","Ward 04 Precinct 22","766","11","Democratic","216"
"105","16","CITY OF CHICAGO","50009","Write-in","260","2ND CONGRESS","Ward 04 Precinct 22","766","11","Democratic","2"
"105","16","CITY OF CHICAGO","0","Over Votes","260","2ND CONGRESS","Ward 04 Precinct 22","766","11","Democratic","0"
"105","16","CITY OF CHICAGO","0","Under Votes","260","2ND CONGRESS","Ward 04 Precinct 22","766","11","Democratic","34"
"105","16","CITY OF CHICAGO","420","ROBIN KELLY","260","2ND CONGRESS","Ward 05 Precinct 10","726","11","Democratic","54"
"105","16","CITY OF CHICAGO","50009","Write-in","260","2ND CONGRESS","Ward 05 Precinct 10","726","11","Democratic","3"
"105","16","CITY OF CHICAGO","0","Over Votes","260","2ND CONGRESS","Ward 05 Precinct 10","726","11","Democratic","0"
"105","16","CITY OF CHICAGO","0","Under Votes","260","2ND CONGRESS","Ward 05 Precinct 10","726","11","Democratic","9"
"105","16","CITY OF CHICAGO","420","ROBIN KELLY","260","2ND CONGRESS","Ward 05 Precinct 22","752","11","Democratic","319"
"105","16","CITY OF CHICAGO","50009","Write-in","260","2ND CONGRESS","Ward 05 Precinct 22","752","11","Democratic","2"
"105","16","CITY OF CHICAGO","0","Over Votes","260","2ND CONGRESS","Ward 05 Precinct 22","752","11","Democratic","0"
"105","16","CITY OF CHICAGO","0","Under Votes","260","2ND CONGRESS","Ward 05 Precinct 22","752","11","Democratic","38"
"105","16","CITY OF CHICAGO","420","ROBIN KELLY","260","2ND CONGRESS","Ward 05 Precinct 25","628","11","Democratic","160"
"16","0","COOK","0","Over Votes","260","2ND CONGRESS","9000025","1495","12","Republican","0"
"16","0","COOK","405","SHANE CULTRA","260","2ND CONGRESS","9000025","1495","12","Republican","5"
"16","0","COOK","0","Over Votes","260","2ND CONGRESS","9000050","747","12","Republican","0"
"16","0","COOK","0","Under Votes","260","2ND CONGRESS","9000050","747","12","Republican","5"
"16","0","COOK","415","THOMAS LYNCH","260","2ND CONGRESS","9000050","747","12","Republican","21"
"16","0","COOK","405","SHANE CULTRA","260","2ND CONGRESS","9000050","747","12","Republican","3"
"16","0","COOK","410","ASHLEY RAMOS","260","2ND CONGRESS","9000050","747","12","Republican","8"
"16","0","COOK","415","THOMAS LYNCH","260","2ND CONGRESS","9500012","1561","12","Republican","1"
"16","0","COOK","410","ASHLEY RAMOS","260","2ND CONGRESS","9500012","1561","12","Republican","4"
"16","0","COOK","0","Over Votes","260","2ND CONGRESS","9500012","1561","12","Republican","0"
"16","0","COOK","405","SHANE CULTRA","260","2ND CONGRESS","9500012","1561","12","Republican","5"
"16","0","COOK","0","Under Votes","260","2ND CONGRESS","9500012","1561","12","Republican","0"
"16","0","COOK","405","SHANE CULTRA","260","2ND CONGRESS","9500016","1105","12","Republican","2"
"16","0","COOK","0","Under Votes","260","2ND CONGRESS","9500016","1105","12","Republican","5"
"16","0","COOK","415","THOMAS LYNCH","260","2ND CONGRESS","9500016","1105","12","Republican","19"
"16","0","COOK","410","ASHLEY RAMOS","260","2ND CONGRESS","9500016","1105","12","Republican","9"
"16","0","COOK","0","Over Votes","260","2ND CONGRESS","9500016","1105","12","Republican","0"
"16","0","COOK","410","ASHLEY RAMOS","260","2ND CONGRESS","9500019","1312","12","Republican","7"
"16","0","COOK","415","THOMAS LYNCH","260","2ND CONGRESS","9500019","1312","12","Republican","10"
"16","0","COOK","0","Over Votes","260","2ND CONGRESS","9500019","1312","12","Republican","0"
"16","0","COOK","405","SHANE CULTRA","260","2ND CONGRESS","9500019","1312","12","Republican","7"
"16","0","COOK","0","Under Votes","260","2ND CONGRESS","9500019","1312","12","Republican","9"
"16","0","COOK","405","SHANE CULTRA","260","2ND CONGRESS","9500022","925","12","Republican","1"
"16","0","COOK","0","Under Votes","260","2ND CONGRESS","9500022","925","12","Republican","1"
"16","0","COOK","410","ASHLEY RAMOS","260","2ND CONGRESS","9500022","925","12","Republican","4"
"16","0","COOK","415","THOMAS LYNCH","260","2ND CONGRESS","9500022","925","12","Republican","1"
"16","0","COOK","0","Over Votes","260","2ND CONGRESS","9500022","925","12","Republican","0"
"16","0","COOK","0","Under Votes","260","2ND CONGRESS","9500046","1625","12","Republican","3"
"16","0","COOK","415","THOMAS LYNCH","260","2ND CONGRESS","9500046","1625","12","Republican","2"
"16","0","COOK","410","ASHLEY RAMOS","260","2ND CONGRESS","9500046","1625","12","Republican","1"
"16","0","COOK","0","Over Votes","260","2ND CONGRESS","9500046","1625","12","Republican","0"
"16","0","COOK","415","THOMAS LYNCH","260","2ND CONGRESS","7300008","703","12","Republican","3"
"16","0","COOK","410","ASHLEY RAMOS","260","2ND CONGRESS","7300008","703","12","Republican","3"
"16","0","COOK","0","Over Votes","260","2ND CONGRESS","7300008","703","12","Republican","0"
"16","0","COOK","405","SHANE CULTRA","260","2ND CONGRESS","7100061","1072","12","Republican","6"
"16","0","COOK","0","Under Votes","260","2ND CONGRESS","7100061","1072","12","Republican","9"
"16","0","COOK","410","ASHLEY RAMOS","260","2ND CONGRESS","7100061","1072","12","Republican","15"
"16","0","COOK","415","THOMAS LYNCH","260","2ND CONGRESS","7100061","1072","12","Republican","18"
"16","0","COOK","0","Over Votes","260","2ND CONGRESS","7100061","1072","12","Republican","0"
"16","0","COOK","0","Under Votes","260","2ND CONGRESS","7200007","662","12","Republican","0"
"16","0","COOK","415","THOMAS LYNCH","260","2ND CONGRESS","7200007","662","12","Republican","2"
"16","0","COOK","410","ASHLEY RAMOS","260","2ND CONGRESS","7200007","662","12","Republican","4"
"16","0","COOK","0","Over Votes","260","2ND CONGRESS","7200007","662","12","Republican","0"
"16","0","COOK","405","SHANE CULTRA","260","2ND CONGRESS","7200032","1409","12","Republican","4"
"105","16","CITY OF CHICAGO","50009","Write-in","260","2ND CONGRESS","Ward 05 Precinct 25","628","11","Democratic","3"
"105","16","CITY OF CHICAGO","0","Over Votes","260","2ND CONGRESS","Ward 05 Precinct 25","628","11","Democratic","0"
"105","16","CITY OF CHICAGO","0","Under Votes","260","2ND CONGRESS","Ward 05 Precinct 25","628","11","Democratic","13"
"105","16","CITY OF CHICAGO","420","ROBIN KELLY","260","2ND CONGRESS","Ward 05 Precinct 35","788","11","Democratic","180"
"105","16","CITY OF CHICAGO","0","Over Votes","260","2ND CONGRESS","Ward 05 Precinct 35","788","11","Democratic","0"
"105","16","CITY OF CHICAGO","0","Under Votes","260","2ND CONGRESS","Ward 05 Precinct 35","788","11","Democratic","20"
"105","16","CITY OF CHICAGO","50009","Write-in","260","2ND CONGRESS","Ward 05 Precinct 36","513","11","Democratic","1"
"105","16","CITY OF CHICAGO","420","ROBIN KELLY","260","2ND CONGRESS","Ward 05 Precinct 36","513","11","Democratic","11"
"105","16","CITY OF CHICAGO","0","Over Votes","260","2ND CONGRESS","Ward 05 Precinct 36","513","11","Democratic","0"
"105","16","CITY OF CHICAGO","0","Under Votes","260","2ND CONGRESS","Ward 05 Precinct 36","513","11","Democratic","1"
"105","16","CITY OF CHICAGO","50009","Write-in","260","2ND CONGRESS","Ward 05 Precinct 37","664","11","Democratic","1"
"105","16","CITY OF CHICAGO","420","ROBIN KELLY","260","2ND CONGRESS","Ward 05 Precinct 37","664","11","Democratic","268"
"105","16","CITY OF CHICAGO","0","Over Votes","260","2ND CONGRESS","Ward 05 Precinct 37","664","11","Democratic","0"
"105","16","CITY OF CHICAGO","0","Under Votes","260","2ND CONGRESS","Ward 05 Precinct 37","664","11","Democratic","27"
"105","16","CITY OF CHICAGO","420","ROBIN KELLY","260","2ND CONGRESS","Ward 07 Precinct 06","727","11","Democratic","180"
"105","16","CITY OF CHICAGO","0","Over Votes","260","2ND CONGRESS","Ward 07 Precinct 06","727","11","Democratic","0"
"105","16","CITY OF CHICAGO","0","Under Votes","260","2ND CONGRESS","Ward 07 Precinct 06","727","11","Democratic","19"
"105","16","CITY OF CHICAGO","50009","Write-in","260","2ND CONGRESS","Ward 07 Precinct 09","964","11","Democratic","3"
"105","16","CITY OF CHICAGO","420","ROBIN KELLY","260","2ND CONGRESS","Ward 07 Precinct 09","964","11","Democratic","240"
"105","16","CITY OF CHICAGO","0","Over Votes","260","2ND CONGRESS","Ward 07 Precinct 09","964","11","Democratic","0"
"105","16","CITY OF CHICAGO","0","Under Votes","260","2ND CONGRESS","Ward 07 Precinct 09","964","11","Democratic","40"
"105","16","CITY OF CHICAGO","420","ROBIN KELLY","260","2ND CONGRESS","Ward 10 Precinct 20","797","11","Democratic","78"
"105","16","CITY OF CHICAGO","0","Over Votes","260","2ND CONGRESS","Ward 10 Precinct 20","797","11","Democratic","0"
"105","16","CITY OF CHICAGO","0","Under Votes","260","2ND CONGRESS","Ward 10 Precinct 20","797","11","Democratic","10"
"105","16","CITY OF CHICAGO","50009","Write-in","260","2ND CONGRESS","Ward 10 Precinct 30","738","11","Democratic","1"
"105","16","CITY OF CHICAGO","0","Over Votes","260","2ND CONGRESS","Ward 10 Precinct 30","738","11","Democratic","0"
"105","16","CITY OF CHICAGO","420","ROBIN KELLY","260","2ND CONGRESS","Ward 10 Precinct 30","738","11","Democratic","55"
"105","16","CITY OF CHICAGO","0","Under Votes","260","2ND CONGRESS","Ward 10 Precinct 30","738","11","Democratic","9"
"105","16","CITY OF CHICAGO","50009","Write-in","260","2ND CONGRESS","Ward 10 Precinct 31","775","11","Democratic","2"
"105","16","CITY OF CHICAGO","0","Over Votes","260","2ND CONGRESS","Ward 10 Precinct 31","775","11","Democratic","0"
"105","16","CITY OF CHICAGO","420","ROBIN KELLY","260","2ND CONGRESS","Ward 10 Precinct 31","775","11","Democratic","43"
"105","16","CITY OF CHICAGO","0","Under Votes","260","2ND CONGRESS","Ward 10 Precinct 31","775","11","Democratic","10"
"16","0","COOK","415","THOMAS LYNCH","260","2ND CONGRESS","7200032","1409","12","Republican","8"
"16","0","COOK","0","Under Votes","260","2ND CONGRESS","7200032","1409","12","Republican","1"
"16","0","COOK","410","ASHLEY RAMOS","260","2ND CONGRESS","7200032","1409","12","Republican","6"
"16","0","COOK","0","Over Votes","260","2ND CONGRESS","7200032","1409","12","Republican","0"
"16","0","COOK","0","Under Votes","260","2ND CONGRESS","7200035","1547","12","Republican","2"
"16","0","COOK","415","THOMAS LYNCH","260","2ND CONGRESS","7200035","1547","12","Republican","1"
"16","0","COOK","410","ASHLEY RAMOS","260","2ND CONGRESS","7200035","1547","12","Republican","2"
"16","0","COOK","0","Over Votes","260","2ND CONGRESS","7200035","1547","12","Republican","0"
"16","0","COOK","0","Under Votes","260","2ND CONGRESS","7200040","1343","12","Republican","4"
"16","0","COOK","405","SHANE CULTRA","260","2ND CONGRESS","7200040","1343","12","Republican","1"
"16","0","COOK","415","THOMAS LYNCH","260","2ND CONGRESS","7200040","1343","12","Republican","5"
"16","0","COOK","410","ASHLEY RAMOS","260","2ND CONGRESS","7200040","1343","12","Republican","8"
"16","0","COOK","0","Over Votes","260","2ND CONGRESS","7200040","1343","12","Republican","0"
"16","0","COOK","0","Under Votes","260","2ND CONGRESS","7300001","1104","12","Republican","1"
"16","0","COOK","405","SHANE CULTRA","260","2ND CONGRESS","7300001","1104","12","Republican","2"
"16","0","COOK","415","THOMAS LYNCH","260","2ND CONGRESS","7300001","1104","12","Republican","4"
"16","0","COOK","410","ASHLEY RAMOS","260","2ND CONGRESS","7300001","1104","12","Republican","2"
"16","0","COOK","0","Over Votes","260","2ND CONGRESS","7300001","1104","12","Republican","0"
"16","0","COOK","410","ASHLEY RAMOS","260","2ND CONGRESS","7100015","1044","12","Republican","9"
"16","0","COOK","0","Over Votes","260","2ND CONGRESS","7100015","1044","12","Republican","0"
"16","0","COOK","415","THOMAS LYNCH","260","2ND CONGRESS","7100015","1044","12","Republican","22"
"16","0","COOK","0","Under Votes","260","2ND CONGRESS","7100015","1044","12","Republican","4"
"16","0","COOK","405","SHANE CULTRA","260","2ND CONGRESS","7100019","827","12","Republican","1"
"16","0","COOK","410","ASHLEY RAMOS","260","2ND CONGRESS","7100019","827","12","Republican","8"
"16","0","COOK","0","Under Votes","260","2ND CONGRESS","7100019","827","12","Republican","4"
"16","0","COOK","0","Over Votes","260","2ND CONGRESS","7100019","827","12","Republican","0"
"16","0","COOK","415","THOMAS LYNCH","260","2ND CONGRESS","7100019","827","12","Republican","9"
"16","0","COOK","0","Over Votes","260","2ND CONGRESS","7100022","1168","12","Republican","0"
"16","0","COOK","415","THOMAS LYNCH","260","2ND CONGRESS","7100022","1168","12","Republican","6"
"16","0","COOK","410","ASHLEY RAMOS","260","2ND CONGRESS","7100022","1168","12","Republican","7"
"16","0","COOK","0","Under Votes","260","2ND CONGRESS","7100022","1168","12","Republican","3"
"16","0","COOK","415","THOMAS LYNCH","260","2ND CONGRESS","7100025","993","12","Republican","5"
"16","0","COOK","410","ASHLEY RAMOS","260","2ND CONGRESS","7100025","993","12","Republican","6"
"16","0","COOK","0","Under Votes","260","2ND CONGRESS","7100025","993","12","Republican","1"
"16","0","COOK","0","Over Votes","260","2ND CONGRESS","7100025","993","12","Republican","0"
"16","0","COOK","405","SHANE CULTRA","260","2ND CONGRESS","7100025","993","12","Republican","3"
"16","0","COOK","0","Under Votes","260","2ND CONGRESS","7100052","842","12","Republican","0"
"16","0","COOK","410","ASHLEY RAMOS","260","2ND CONGRESS","7100052","842","12","Republican","2"
"16","0","COOK","0","Over Votes","260","2ND CONGRESS","7100052","842","12","Republican","0"
"16","0","COOK","415","THOMAS LYNCH","260","2ND CONGRESS","7100055","1631","12","Republican","14"
"16","0","COOK","405","SHANE CULTRA","260","2ND CONGRESS","7100055","1631","12","Republican","2"
"16","0","COOK","410","ASHLEY RAMOS","260","2ND CONGRESS","7100055","1631","12","Republican","2"
"16","0","COOK","0","Over Votes","260","2ND CONGRESS","7100055","1631","12","Republican","0"
"16","0","COOK","0","Under Votes","260","2ND CONGRESS","7100055","1631","12","Republican","3"
"16","0","COOK","0","Under Votes","260","2ND CONGRESS","7100058","638","12","Republican","3"
"16","0","COOK","415","THOMAS LYNCH","260","2ND CONGRESS","7100058","638","12","Republican","10"
"16","0","COOK","410","ASHLEY RAMOS","260","2ND CONGRESS","7100058","638","12","Republican","3"
"16","0","COOK","0","Over Votes","260","2ND CONGRESS","7100058","638","12","Republican","0"
"16","0","COOK","405","SHANE CULTRA","260","2ND CONGRESS","7100058","638","12","Republican","2"
"16","0","COOK","0","Under Votes","260","2ND CONGRESS","7200063","1200","12","Republican","3"
"16","0","COOK","405","SHANE CULTRA","260","2ND CONGRESS","7200063","1200","12","Republican","1"
"16","0","COOK","415","THOMAS LYNCH","260","2ND CONGRESS","7200063","1200","12","Republican","2"
"16","0","COOK","410","ASHLEY RAMOS","260","2ND CONGRESS","7200063","1200","12","Republican","4"
"16","0","COOK","0","Over Votes","260","2ND CONGRESS","7200063","1200","12","Republican","0"
"16","0","COOK","0","Under Votes","260","2ND CONGRESS","7200070","590","12","Republican","0"
"16","0","COOK","415","THOMAS LYNCH","260","2ND CONGRESS","7200070","590","12","Republican","3"
"16","0","COOK","410","ASHLEY RAMOS","260","2ND CONGRESS","7200070","590","12","Republican","1"
"16","0","COOK","0","Over Votes","260","2ND CONGRESS","7200070","590","12","Republican","0"
"16","0","COOK","0","Over Votes","260","2ND CONGRESS","7100036","1217","12","Republican","0"
"16","0","COOK","405","SHANE CULTRA","260","2ND CONGRESS","7100039","1002","12","Republican","1"
"16","0","COOK","410","ASHLEY RAMOS","260","2ND CONGRESS","7100039","1002","12","Republican","4"
"16","0","COOK","0","Under Votes","260","2ND CONGRESS","7100039","1002","12","Republican","1"
"16","0","COOK","415","THOMAS LYNCH","260","2ND CONGRESS","7100039","1002","12","Republican","3"
"16","0","COOK","0","Over Votes","260","2ND CONGRESS","7100039","1002","12","Republican","0"
"16","0","COOK","0","Under Votes","260","2ND CONGRESS","7200008","704","12","Republican","0"
"16","0","COOK","410","ASHLEY RAMOS","260","2ND CONGRESS","7200008","704","12","Republican","2"
"16","0","COOK","0","Over Votes","260","2ND CONGRESS","7200008","704","12","Republican","0"
"16","0","COOK","0","Under Votes","260","2ND CONGRESS","7200049","726","12","Republican","0"
"16","0","COOK","415","THOMAS LYNCH","260","2ND CONGRESS","7200049","726","12","Republican","3"
"16","0","COOK","410","ASHLEY RAMOS","260","2ND CONGRESS","7200049","726","12","Republican","3"
"16","0","COOK","0","Over Votes","260","2ND CONGRESS","7200049","726","12","Republican","0"
"16","0","COOK","405","SHANE CULTRA","260","2ND CONGRESS","7200049","726","12","Republican","2"
"16","0","COOK","0","Under Votes","260","2ND CONGRESS","7300002","970","12","Republican","4"
"16","0","COOK","415","THOMAS LYNCH","260","2ND CONGRESS","7300002","970","12","Republican","2"
"16","0","COOK","410","ASHLEY RAMOS","260","2ND CONGRESS","7300002","970","12","Republican","4"
"16","0","COOK","0","Over Votes","260","2ND CONGRESS","7300002","970","12","Republican","0"
"16","0","COOK","405","SHANE CULTRA","260","2ND CONGRESS","7300002","970","12","Republican","2"
"16","0","COOK","0","Over Votes","260","2ND CONGRESS","9500041","640","12","Republican","0"
"16","0","COOK","415","THOMAS LYNCH","260","2ND CONGRESS","9500045","1464","12","Republican","1"
"16","0","COOK","410","ASHLEY RAMOS","260","2ND CONGRESS","9500045","1464","12","Republican","1"
"16","0","COOK","0","Over Votes","260","2ND CONGRESS","9500045","1464","12","Republican","0"
"16","0","COOK","0","Under Votes","260","2ND CONGRESS","9500045","1464","12","Republican","1"
"16","0","COOK","415","THOMAS LYNCH","260","2ND CONGRESS","9500048","1316","12","Republican","1"
"16","0","COOK","410","ASHLEY RAMOS","260","2ND CONGRESS","9500048","1316","12","Republican","3"
"16","0","COOK","0","Over Votes","260","2ND CONGRESS","9500048","1316","12","Republican","0"
"16","0","COOK","0","Under Votes","260","2ND CONGRESS","9500048","1316","12","Republican","0"
"16","0","COOK","415","THOMAS LYNCH","260","2ND CONGRESS","9500051","926","12","Republican","9"
"16","0","COOK","410","ASHLEY RAMOS","260","2ND CONGRESS","9500051","926","12","Republican","7"
"16","0","COOK","0","Over Votes","260","2ND CONGRESS","9500051","926","12","Republican","0"
"16","0","COOK","405","SHANE CULTRA","260","2ND CONGRESS","9500051","926","12","Republican","6"
"16","0","COOK","0","Under Votes","260","2ND CONGRESS","9500051","926","12","Republican","4"
"16","0","COOK","0","Under Votes","260","2ND CONGRESS","9500075","1553","12","Republican","1"
"16","0","COOK","415","THOMAS LYNCH","260","2ND CONGRESS","9500075","1553","12","Republican","5"
"16","0","COOK","410","ASHLEY RAMOS","260","2ND CONGRESS","9500075","1553","12","Republican","1"
"16","0","COOK","0","Over Votes","260","2ND CONGRESS","9500075","1553","12","Republican","0"
"16","0","COOK","405","SHANE CULTRA","260","2ND CONGRESS","9500075","1553","12","Republican","1"
"16","0","COOK","410","ASHLEY RAMOS","260","2ND CONGRESS","9500078","993","12","Republican","1"
"16","0","COOK","0","Over Votes","260","2ND CONGRESS","9500078","993","12","Republican","0"
"16","0","COOK","0","Under Votes","260","2ND CONGRESS","9500078","993","12","Republican","0"
"16","0","COOK","410","ASHLEY RAMOS","260","2ND CONGRESS","9500081","1637","12","Republican","6"
"16","0","COOK","0","Over Votes","260","2ND CONGRESS","9500081","1637","12","Republican","0"
"16","0","COOK","0","Under Votes","260","2ND CONGRESS","9500081","1637","12","Republican","2"
"16","0","COOK","415","THOMAS LYNCH","260","2ND CONGRESS","9500081","1637","12","Republican","4"
"16","0","COOK","415","THOMAS LYNCH","260","2ND CONGRESS","9500084","1209","12","Republican","1"
"16","0","COOK","410","ASHLEY RAMOS","260","2ND CONGRESS","9500084","1209","12","Republican","5"
"16","0","COOK","0","Over Votes","260","2ND CONGRESS","9500084","1209","12","Republican","0"
"16","0","COOK","0","Under Votes","260","2ND CONGRESS","9500084","1209","12","Republican","3"
"16","0","COOK","0","Under Votes","260","2ND CONGRESS","9500117","1461","12","Republican","6"
"16","0","COOK","405","SHANE CULTRA","260","2ND CONGRESS","9500117","1461","12","Republican","4"
"16","0","COOK","415","THOMAS LYNCH","260","2ND CONGRESS","9500117","1461","12","Republican","19"
"16","0","COOK","410","ASHLEY RAMOS","260","2ND CONGRESS","9500117","1461","12","Republican","11"
"16","0","COOK","0","Over Votes","260","2ND CONGRESS","9500117","1461","12","Republican","0"
"16","0","COOK","415","THOMAS LYNCH","260","2ND CONGRESS","9500121","706","12","Republican","2"
"16","0","COOK","410","ASHLEY RAMOS","260","2ND CONGRESS","9500121","706","12","Republican","1"
"16","0","COOK","0","Over Votes","260","2ND CONGRESS","9500121","706","12","Republican","0"
"16","0","COOK","0","Under Votes","260","2ND CONGRESS","9500121","706","12","Republican","0"
"16","0","COOK","405","SHANE CULTRA","260","2ND CONGRESS","7100007","1095","12","Republican","8"
"16","0","COOK","410","ASHLEY RAMOS","260","2ND CONGRESS","7100007","1095","12","Republican","21"
"16","0","COOK","415","THOMAS LYNCH","260","2ND CONGRESS","7100007","1095","12","Republican","25"
"16","0","COOK","0","Under Votes","260","2ND CONGRESS","7100007","1095","12","Republican","5"
"16","0","COOK","0","Over Votes","260","2ND CONGRESS","7100007","1095","12","Republican","0"
"16","0","COOK","410","ASHLEY RAMOS","260","2ND CONGRESS","7100013","1391","12","Republican","9"
"16","0","COOK","405","SHANE CULTRA","260","2ND CONGRESS","7100013","1391","12","Republican","4"
"16","0","COOK","415","THOMAS LYNCH","260","2ND CONGRESS","7100013","1391","12","Republican","14"
"16","0","COOK","0","Under Votes","260","2ND CONGRESS","7100013","1391","12","Republican","6"
"16","0","COOK","0","Over Votes","260","2ND CONGRESS","7100013","1391","12","Republican","0"
"16","0","COOK","415","THOMAS LYNCH","260","2ND CONGRESS","7100016","1137","12","Republican","10"
"16","0","COOK","0","Under Votes","260","2ND CONGRESS","7100016","1137","12","Republican","5"
"16","0","COOK","0","Over Votes","260","2ND CONGRESS","7100016","1137","12","Republican","0"
"16","0","COOK","410","ASHLEY RAMOS","260","2ND CONGRESS","7100016","1137","12","Republican","10"
"16","0","COOK","405","SHANE CULTRA","260","2ND CONGRESS","7100016","1137","12","Republican","2"
"16","0","COOK","405","SHANE CULTRA","260","2ND CONGRESS","7100042","1085","12","Republican","9"
"16","0","COOK","0","Under Votes","260","2ND CONGRESS","7100042","1085","12","Republican","5"
"16","0","COOK","415","THOMAS LYNCH","260","2ND CONGRESS","7100042","1085","12","Republican","15"
"16","0","COOK","0","Over Votes","260","2ND CONGRESS","7100042","1085","12","Republican","0"
"16","0","COOK","410","ASHLEY RAMOS","260","2ND CONGRESS","7100042","1085","12","Republican","13"
"16","0","COOK","415","THOMAS LYNCH","260","2ND CONGRESS","7100045","1300","12","Republican","7"
"16","0","COOK","405","SHANE CULTRA","260","2ND CONGRESS","7100045","1300","12","Republican","2"
"16","0","COOK","0","Under Votes","260","2ND CONGRESS","7100045","1300","12","Republican","6"
"16","0","COOK","0","Over Votes","260","2ND CONGRESS","7100045","1300","12","Republican","0"
"16","0","COOK","410","ASHLEY RAMOS","260","2ND CONGRESS","7100045","1300","12","Republican","8"
"16","0","COOK","415","THOMAS LYNCH","260","2ND CONGRESS","7100050","822","12","Republican","10"
"16","0","COOK","405","SHANE CULTRA","260","2ND CONGRESS","7100050","822","12","Republican","3"
"16","0","COOK","0","Under Votes","260","2ND CONGRESS","7100050","822","12","Republican","7"
"16","0","COOK","410","ASHLEY RAMOS","260","2ND CONGRESS","7100050","822","12","Republican","10"
"16","0","COOK","0","Over Votes","260","2ND CONGRESS","7100050","822","12","Republican","0"
"16","0","COOK","415","THOMAS LYNCH","260","2ND CONGRESS","7100053","627","12","Republican","10"
"16","0","COOK","405","SHANE CULTRA","260","2ND CONGRESS","7100053","627","12","Republican","2"
"16","0","COOK","0","Under Votes","260","2ND CONGRESS","7100053","627","12","Republican","3"
"16","0","COOK","410","ASHLEY RAMOS","260","2ND CONGRESS","7100053","627","12","Republican","3"
"16","0","COOK","0","Over Votes","260","2ND CONGRESS","7100053","627","12","Republican","0"
"16","0","COOK","0","Under Votes","260","2ND CONGRESS","9000011","961","12","Republican","3"
"16","0","COOK","405","SHANE CULTRA","260","2ND CONGRESS","9000011","961","12","Republican","2"
"16","0","COOK","415","THOMAS LYNCH","260","2ND CONGRESS","9000011","961","12","Republican","13"
"16","0","COOK","410","ASHLEY RAMOS","260","2ND CONGRESS","9000011","961","12","Republican","4"
"16","0","COOK","0","Over Votes","260","2ND CONGRESS","9000011","961","12","Republican","0"
"16","0","COOK","415","THOMAS LYNCH","260","2ND CONGRESS","9000015","1396","12","Republican","3"
"16","0","COOK","410","ASHLEY RAMOS","260","2ND CONGRESS","9000015","1396","12","Republican","3"
"16","0","COOK","0","Over Votes","260","2ND CONGRESS","9000015","1396","12","Republican","0"
"16","0","COOK","0","Under Votes","260","2ND CONGRESS","9000015","1396","12","Republican","1"
"16","0","COOK","405","SHANE CULTRA","260","2ND CONGRESS","9000015","1396","12","Republican","3"
"16","0","COOK","0","Under Votes","260","2ND CONGRESS","9000018","1136","12","Republican","2"
"16","0","COOK","415","THOMAS LYNCH","260","2ND CONGRESS","9000018","1136","12","Republican","1"
"16","0","COOK","410","ASHLEY RAMOS","260","2ND CONGRESS","9000018","1136","12","Republican","3"
"16","0","COOK","0","Over Votes","260","2ND CONGRESS","9000018","1136","12","Republican","0"
"16","0","COOK","0","Under Votes","260","2ND CONGRESS","9000021","1308","12","Republican","2"
"16","0","COOK","415","THOMAS LYNCH","260","2ND CONGRESS","9000021","1308","12","Republican","12"
"16","0","COOK","410","ASHLEY RAMOS","260","2ND CONGRESS","9000021","1308","12","Republican","2"
"16","0","COOK","0","Over Votes","260","2ND CONGRESS","9000021","1308","12","Republican","0"
"16","0","COOK","405","SHANE CULTRA","260","2ND CONGRESS","9000021","1308","12","Republican","4"
"16","0","COOK","0","Under Votes","260","2ND CONGRESS","9000046","1458","12","Republican","0"
"16","0","COOK","0","Over Votes","260","2ND CONGRESS","9000046","1458","12","Republican","0"
"16","0","COOK","405","SHANE CULTRA","260","2ND CONGRESS","9000046","1458","12","Republican","1"
"16","0","COOK","410","ASHLEY RAMOS","260","2ND CONGRESS","9000046","1458","12","Republican","3"
"16","0","COOK","0","Under Votes","260","2ND CONGRESS","9000049","1769","12","Republican","6"
"16","0","COOK","405","SHANE CULTRA","260","2ND CONGRESS","9000049","1769","12","Republican","5"
"16","0","COOK","0","Over Votes","260","2ND CONGRESS","9000049","1769","12","Republican","0"
"16","0","COOK","415","THOMAS LYNCH","260","2ND CONGRESS","9000049","1769","12","Republican","8"
"16","0","COOK","410","ASHLEY RAMOS","260","2ND CONGRESS","9000049","1769","12","Republican","11"
"16","0","COOK","0","Under Votes","260","2ND CONGRESS","9500007","641","12","Republican","1"
"16","0","COOK","410","ASHLEY RAMOS","260","2ND CONGRESS","9500007","641","12","Republican","1"
"16","0","COOK","0","Over Votes","260","2ND CONGRESS","9500007","641","12","Republican","0"
"16","0","COOK","0","Under Votes","260","2ND CONGRESS","9500011","1367","12","Republican","0"
"16","0","COOK","415","THOMAS LYNCH","260","2ND CONGRESS","9500011","1367","12","Republican","12"
"16","0","COOK","410","ASHLEY RAMOS","260","2ND CONGRESS","9500011","1367","12","Republican","9"
"16","0","COOK","0","Over Votes","260","2ND CONGRESS","9500011","1367","12","Republican","0"
"16","0","COOK","405","SHANE CULTRA","260","2ND CONGRESS","9500011","1367","12","Republican","5"
"16","0","COOK","0","Under Votes","260","2ND CONGRESS","9500015","978","12","Republican","0"
"16","0","COOK","415","THOMAS LYNCH","260","2ND CONGRESS","9500015","978","12","Republican","3"
"16","0","COOK","410","ASHLEY RAMOS","260","2ND CONGRESS","9500015","978","12","Republican","5"
"16","0","COOK","0","Over Votes","260","2ND CONGRESS","9500015","978","12","Republican","0"
"16","0","COOK","405","SHANE CULTRA","260","2ND CONGRESS","9500015","978","12","Republican","3"
"16","0","COOK","0","Under Votes","260","2ND CONGRESS","9500018","1708","12","Republican","10"
"16","0","COOK","415","THOMAS LYNCH","260","2ND CONGRESS","9500018","1708","12","Republican","28"
"16","0","COOK","410","ASHLEY RAMOS","260","2ND CONGRESS","9500018","1708","12","Republican","24"
"16","0","COOK","0","Over Votes","260","2ND CONGRESS","9500018","1708","12","Republican","0"
"16","0","COOK","405","SHANE CULTRA","260","2ND CONGRESS","9500018","1708","12","Republican","13"
"16","0","COOK","0","Under Votes","260","2ND CONGRESS","9500041","640","12","Republican","0"
"16","0","COOK","415","THOMAS LYNCH","260","2ND CONGRESS","9500041","640","12","Republican","4"
"16","0","COOK","410","ASHLEY RAMOS","260","2ND CONGRESS","9500041","640","12","Republican","3"
"106","92","CITY OF DANVILLE","420","ROBIN KELLY","260","2ND CONGRESS","PRECINCT 13","586","11","DEMOCRATIC","27"
"106","92","CITY OF DANVILLE","420","ROBIN KELLY","260","2ND CONGRESS","PRECINCT 16","430","11","DEMOCRATIC","19"
"106","92","CITY OF DANVILLE","420","ROBIN KELLY","260","2ND CONGRESS","PRECINCT 19","263","11","DEMOCRATIC","8"
"106","92","CITY OF DANVILLE","420","ROBIN KELLY","260","2ND CONGRESS","PRECINCT 14","772","11","DEMOCRATIC","30"
"106","92","CITY OF DANVILLE","420","ROBIN KELLY","260","2ND CONGRESS","PRECINCT 17","715","11","DEMOCRATIC","31"
"106","92","CITY OF DANVILLE","420","ROBIN KELLY","260","2ND CONGRESS","PRECINCT 20","484","11","DEMOCRATIC","18"
"106","92","CITY OF DANVILLE","420","ROBIN KELLY","260","2ND CONGRESS","PRECINCT 23","581","11","DEMOCRATIC","21"
"106","92","CITY OF DANVILLE","0","Under Votes","260","2ND CONGRESS","","0","11","DEMOCRATIC","63"
"106","92","CITY OF DANVILLE","0","Over Votes","260","2ND CONGRESS","","0","11","DEMOCRATIC","0"
"106","92","CITY OF DANVILLE","420","ROBIN KELLY","260","2ND CONGRESS","PRECINCT 3","696","11","DEMOCRATIC","35"
"106","92","CITY OF DANVILLE","420","ROBIN KELLY","260","2ND CONGRESS","PRECINCT 26","538","11","DEMOCRATIC","20"
"106","92","CITY OF DANVILLE","420","ROBIN KELLY","260","2ND CONGRESS","PRECINCT 29","647","11","DEMOCRATIC","25"
"106","92","CITY OF DANVILLE","420","ROBIN KELLY","260","2ND CONGRESS","PRECINCT 32","548","11","DEMOCRATIC","24"
"106","92","CITY OF DANVILLE","420","ROBIN KELLY","260","2ND CONGRESS","PRECINCT 10","373","11","DEMOCRATIC","8"
"106","92","CITY OF DANVILLE","420","ROBIN KELLY","260","2ND CONGRESS","PRECINCT 22","635","11","DEMOCRATIC","17"
"106","92","CITY OF DANVILLE","420","ROBIN KELLY","260","2ND CONGRESS","PRECINCT 25","325","11","DEMOCRATIC","6"
"106","92","CITY OF DANVILLE","420","ROBIN KELLY","260","2ND CONGRESS","PRECINCT 28","396","11","DEMOCRATIC","15"
"106","92","CITY OF DANVILLE","420","ROBIN KELLY","260","2ND CONGRESS","PRECINCT 31","496","11","DEMOCRATIC","27"
"106","92","CITY OF DANVILLE","420","ROBIN KELLY","260","2ND CONGRESS","PRECINCT 6","557","11","DEMOCRATIC","22"
"106","92","CITY OF DANVILLE","420","ROBIN KELLY","260","2ND CONGRESS","PRECINCT 15","506","11","DEMOCRATIC","12"
"106","92","CITY OF DANVILLE","420","ROBIN KELLY","260","2ND CONGRESS","PRECINCT 1","574","11","DEMOCRATIC","17"
"106","92","CITY OF DANVILLE","420","ROBIN KELLY","260","2ND CONGRESS","PRECINCT 4","718","11","DEMOCRATIC","32"
"106","92","CITY OF DANVILLE","420","ROBIN KELLY","260","2ND CONGRESS","PRECINCT 7","580","11","DEMOCRATIC","24"
"106","92","CITY OF DANVILLE","420","ROBIN KELLY","260","2ND CONGRESS","PRECINCT 33","525","11","DEMOCRATIC","27"
"106","92","CITY OF DANVILLE","420","ROBIN KELLY","260","2ND CONGRESS","PRECINCT 2","610","11","DEMOCRATIC","32"
"106","92","CITY OF DANVILLE","420","ROBIN KELLY","260","2ND CONGRESS","PRECINCT 8","298","11","DEMOCRATIC","6"
"106","92","CITY OF DANVILLE","420","ROBIN KELLY","260","2ND CONGRESS","PRECINCT 11","812","11","DEMOCRATIC","12"
"106","92","CITY OF DANVILLE","420","ROBIN KELLY","260","2ND CONGRESS","PRECINCT 18","476","11","DEMOCRATIC","26"
"106","92","CITY OF DANVILLE","420","ROBIN KELLY","260","2ND CONGRESS","PRECINCT 21","649","11","DEMOCRATIC","10"
"106","92","CITY OF DANVILLE","420","ROBIN KELLY","260","2ND CONGRESS","PRECINCT 24","526","11","DEMOCRATIC","16"
"106","92","CITY OF DANVILLE","420","ROBIN KELLY","260","2ND CONGRESS","PRECINCT 27","499","11","DEMOCRATIC","22"
