"JurisdictionID","JurisContainerID","JurisName","EISCandidateID","CandidateName","EISContestID","ContestName","PrecinctName","Registration","EISPartyID","PartyName","VoteCount"
"82","0","SALINE","0","Over Votes","360","12TH CONGRESS","CARRIER MILLS #2","827","11","DEMOCRATIC","0"
"82","0","SALINE","0","Under Votes","360","12TH CONGRESS","CARRIER MILLS #2","827","11","DEMOCRATIC","0"
"82","0","SALINE","665","HOMER ""CHIP"" MARKEL","360","12TH CONGRESS","CARRIER MILLS #2","827","11","DEMOCRATIC","29"
"82","0","SALINE","670","JOSHUA QUALLS","360","12TH CONGRESS","CARRIER MILLS #2","827","11","DEMOCRATIC","16"
"82","0","SALINE","0","Blank Ballots","360","12TH CONGRESS","CARRIER MILLS #2","827","11","DEMOCRATIC","7"
"82","0","SALINE","0","Over Votes","360","12TH CONGRESS","HARRISBURG # 1","462","11","DEMOCRATIC","0"
"82","0","SALINE","0","Under Votes","360","12TH CONGRESS","HARRISBURG # 1","462","11","DEMOCRATIC","0"
"82","0","SALINE","665","HOMER ""CHIP"" MARKEL","360","12TH CONGRESS","HARRISBURG # 1","462","11","DEMOCRATIC","8"
"82","0","SALINE","670","JOSHUA QUALLS","360","12TH CONGRESS","HARRISBURG # 1","462","11","DEMOCRATIC","5"
"82","0","SALINE","0","Blank Ballots","360","12TH CONGRESS","HARRISBURG # 1","462","11","DEMOCRATIC","2"
"82","0","SALINE","0","Over Votes","360","12TH CONGRESS","HARRISBURG #10","771","11","DEMOCRATIC","0"
"82","0","SALINE","0","Under Votes","360","12TH CONGRESS","HARRISBURG #10","771","11","DEMOCRATIC","0"
"82","0","SALINE","0","Blank Ballots","360","12TH CONGRESS","EAST ELDORADO #5","728","11","DEMOCRATIC","8"
"82","0","SALINE","665","HOMER ""CHIP"" MARKEL","360","12TH CONGRESS","HARRISBURG #10","771","11","DEMOCRATIC","13"
"82","0","SALINE","670","JOSHUA QUALLS","360","12TH CONGRESS","HARRISBURG #10","771","11","DEMOCRATIC","4"
"82","0","SALINE","0","Blank Ballots","360","12TH CONGRESS","HARRISBURG #10","771","11","DEMOCRATIC","2"
"82","0","SALINE","0","Over Votes","360","12TH CONGRESS","BRUSHY","724","11","DEMOCRATIC","0"
"82","0","SALINE","0","Under Votes","360","12TH CONGRESS","BRUSHY","724","11","DEMOCRATIC","0"
"82","0","SALINE","665","HOMER ""CHIP"" MARKEL","360","12TH CONGRESS","BRUSHY","724","11","DEMOCRATIC","18"
"82","0","SALINE","670","JOSHUA QUALLS","360","12TH CONGRESS","BRUSHY","724","11","DEMOCRATIC","10"
"82","0","SALINE","0","Blank Ballots","360","12TH CONGRESS","BRUSHY","724","11","DEMOCRATIC","5"
"82","0","SALINE","0","Over Votes","360","12TH CONGRESS","EAST ELDORADO #6","449","11","DEMOCRATIC","0"
"82","0","SALINE","0","Under Votes","360","12TH CONGRESS","EAST ELDORADO #6","449","11","DEMOCRATIC","0"
"82","0","SALINE","0","Over Votes","360","12TH CONGRESS","EAST ELDORADO #1","747","11","DEMOCRATIC","0"
"82","0","SALINE","0","Under Votes","360","12TH CONGRESS","EAST ELDORADO #1","747","11","DEMOCRATIC","0"
"82","0","SALINE","665","HOMER ""CHIP"" MARKEL","360","12TH CONGRESS","EAST ELDORADO #1","747","11","DEMOCRATIC","15"
"82","0","SALINE","670","JOSHUA QUALLS","360","12TH CONGRESS","EAST ELDORADO #1","747","11","DEMOCRATIC","16"
"82","0","SALINE","0","Blank Ballots","360","12TH CONGRESS","EAST ELDORADO #1","747","11","DEMOCRATIC","3"
"82","0","SALINE","0","Over Votes","360","12TH CONGRESS","EAST ELDORADO #3","394","11","DEMOCRATIC","0"
"82","0","SALINE","0","Under Votes","360","12TH CONGRESS","EAST ELDORADO #3","394","11","DEMOCRATIC","0"
"82","0","SALINE","665","HOMER ""CHIP"" MARKEL","360","12TH CONGRESS","EAST ELDORADO #3","394","11","DEMOCRATIC","7"
"82","0","SALINE","0","Over Votes","360","12TH CONGRESS","EAST ELDORADO #5","728","11","DEMOCRATIC","0"
"82","0","SALINE","0","Under Votes","360","12TH CONGRESS","EAST ELDORADO #5","728","11","DEMOCRATIC","0"
"82","0","SALINE","665","HOMER ""CHIP"" MARKEL","360","12TH CONGRESS","EAST ELDORADO #5","728","11","DEMOCRATIC","14"
"82","0","SALINE","670","JOSHUA QUALLS","360","12TH CONGRESS","EAST ELDORADO #5","728","11","DEMOCRATIC","5"
"82","0","SALINE","0","Over Votes","360","12TH CONGRESS","HARRISBURG # 7","633","11","DEMOCRATIC","0"
"82","0","SALINE","0","Under Votes","360","12TH CONGRESS","HARRISBURG # 7","633","11","DEMOCRATIC","0"
"82","0","SALINE","665","HOMER ""CHIP"" MARKEL","360","12TH CONGRESS","HARRISBURG # 7","633","11","DEMOCRATIC","17"
"82","0","SALINE","670","JOSHUA QUALLS","360","12TH CONGRESS","HARRISBURG # 7","633","11","DEMOCRATIC","12"
"82","0","SALINE","0","Blank Ballots","360","12TH CONGRESS","HARRISBURG # 7","633","11","DEMOCRATIC","7"
"82","0","SALINE","0","Over Votes","360","12TH CONGRESS","STONEFORT","256","11","DEMOCRATIC","0"
"24","0","EDWARDS","665","HOMER ""CHIP"" MARKEL","360","12TH CONGRESS","ALBION 2","485","11","DEMOCRATIC","3"
"24","0","EDWARDS","670","JOSHUA QUALLS","360","12TH CONGRESS","ALBION 2","485","11","DEMOCRATIC","2"
"24","0","EDWARDS","665","HOMER ""CHIP"" MARKEL","360","12TH CONGRESS","BROWNS","234","11","DEMOCRATIC","3"
"24","0","EDWARDS","670","JOSHUA QUALLS","360","12TH CONGRESS","BROWNS","234","11","DEMOCRATIC","3"
"24","0","EDWARDS","665","HOMER ""CHIP"" MARKEL","360","12TH CONGRESS","FRENCH CREEK","626","11","DEMOCRATIC","4"
"24","0","EDWARDS","670","JOSHUA QUALLS","360","12TH CONGRESS","FRENCH CREEK","626","11","DEMOCRATIC","5"
"24","0","EDWARDS","665","HOMER ""CHIP"" MARKEL","360","12TH CONGRESS","SHELBY 1","216","11","DEMOCRATIC","0"
"24","0","EDWARDS","670","JOSHUA QUALLS","360","12TH CONGRESS","SHELBY 1","216","11","DEMOCRATIC","0"
"24","0","EDWARDS","665","HOMER ""CHIP"" MARKEL","360","12TH CONGRESS","ALBION 3","425","11","DEMOCRATIC","3"
"24","0","EDWARDS","670","JOSHUA QUALLS","360","12TH CONGRESS","ALBION 3","425","11","DEMOCRATIC","3"
"24","0","EDWARDS","665","HOMER ""CHIP"" MARKEL","360","12TH CONGRESS","DIXON","181","11","DEMOCRATIC","4"
"24","0","EDWARDS","670","JOSHUA QUALLS","360","12TH CONGRESS","DIXON","181","11","DEMOCRATIC","1"
"24","0","EDWARDS","665","HOMER ""CHIP"" MARKEL","360","12TH CONGRESS","SALEM 1","245","11","DEMOCRATIC","6"
"24","0","EDWARDS","670","JOSHUA QUALLS","360","12TH CONGRESS","SALEM 1","245","11","DEMOCRATIC","4"
"24","0","EDWARDS","665","HOMER ""CHIP"" MARKEL","360","12TH CONGRESS","SHELBY 2","167","11","DEMOCRATIC","1"
"24","0","EDWARDS","670","JOSHUA QUALLS","360","12TH CONGRESS","SHELBY 2","167","11","DEMOCRATIC","0"
"24","0","EDWARDS","0","Over Votes","360","12TH CONGRESS","","0","11","DEMOCRATIC","0"
"24","0","EDWARDS","0","Under Votes","360","12TH CONGRESS","","0","11","DEMOCRATIC","13"
"24","0","EDWARDS","665","HOMER ""CHIP"" MARKEL","360","12TH CONGRESS","SALEM 2","528","11","DEMOCRATIC","10"
"24","0","EDWARDS","670","JOSHUA QUALLS","360","12TH CONGRESS","SALEM 2","528","11","DEMOCRATIC","3"
"24","0","EDWARDS","665","HOMER ""CHIP"" MARKEL","360","12TH CONGRESS","ALBION 1","704","11","DEMOCRATIC","12"
"24","0","EDWARDS","670","JOSHUA QUALLS","360","12TH CONGRESS","ALBION 1","704","11","DEMOCRATIC","2"
"24","0","EDWARDS","665","HOMER ""CHIP"" MARKEL","360","12TH CONGRESS","BONE GAP","297","11","DEMOCRATIC","4"
"24","0","EDWARDS","670","JOSHUA QUALLS","360","12TH CONGRESS","BONE GAP","297","11","DEMOCRATIC","0"
"24","0","EDWARDS","665","HOMER ""CHIP"" MARKEL","360","12TH CONGRESS","ELLERY","98","11","DEMOCRATIC","3"
"24","0","EDWARDS","670","JOSHUA QUALLS","360","12TH CONGRESS","ELLERY","98","11","DEMOCRATIC","0"
"100","0","WILLIAMSON","660","MIKE BOST","360","12TH CONGRESS","HERRIN 1","517","12","REPUBLICAN","58"
"100","0","WILLIAMSON","660","MIKE BOST","360","12TH CONGRESS","HERRIN 4","892","12","REPUBLICAN","124"
"100","0","WILLIAMSON","660","MIKE BOST","360","12TH CONGRESS","HERRIN 7","928","12","REPUBLICAN","127"
"100","0","WILLIAMSON","660","MIKE BOST","360","12TH CONGRESS","HERRIN 10","774","12","REPUBLICAN","100"
"100","0","WILLIAMSON","660","MIKE BOST","360","12TH CONGRESS","LAKE CREEK 1","814","12","REPUBLICAN","116"
"100","0","WILLIAMSON","660","MIKE BOST","360","12TH CONGRESS","LAKE CREEK 4","768","12","REPUBLICAN","128"
"100","0","WILLIAMSON","660","MIKE BOST","360","12TH CONGRESS","EAST MARION 3","716","12","REPUBLICAN","104"
"100","0","WILLIAMSON","660","MIKE BOST","360","12TH CONGRESS","EAST MARION 6","621","12","REPUBLICAN","75"
"100","0","WILLIAMSON","660","MIKE BOST","360","12TH CONGRESS","LAKE CREEK 2","556","12","REPUBLICAN","94"
"100","0","WILLIAMSON","660","MIKE BOST","360","12TH CONGRESS","BLAIRSVILLE 2","153","12","REPUBLICAN","32"
"100","0","WILLIAMSON","660","MIKE BOST","360","12TH CONGRESS","BLAIRSVILLE 5","759","12","REPUBLICAN","77"
"100","0","WILLIAMSON","660","MIKE BOST","360","12TH CONGRESS","HERRIN 13","437","12","REPUBLICAN","35"
"100","0","WILLIAMSON","660","MIKE BOST","360","12TH CONGRESS","HERRIN 16","475","12","REPUBLICAN","95"
"100","0","WILLIAMSON","660","MIKE BOST","360","12TH CONGRESS","WEST MARION 3","579","12","REPUBLICAN","90"
"100","0","WILLIAMSON","660","MIKE BOST","360","12TH CONGRESS","EAST MARION 9","557","12","REPUBLICAN","121"
"24","0","EDWARDS","660","MIKE BOST","360","12TH CONGRESS","ALBION 2","485","12","REPUBLICAN","168"
"24","0","EDWARDS","660","MIKE BOST","360","12TH CONGRESS","BROWNS","234","12","REPUBLICAN","73"
"24","0","EDWARDS","660","MIKE BOST","360","12TH CONGRESS","FRENCH CREEK","626","12","REPUBLICAN","144"
"24","0","EDWARDS","660","MIKE BOST","360","12TH CONGRESS","SHELBY 1","216","12","REPUBLICAN","61"
"24","0","EDWARDS","660","MIKE BOST","360","12TH CONGRESS","ALBION 3","425","12","REPUBLICAN","109"
"24","0","EDWARDS","660","MIKE BOST","360","12TH CONGRESS","DIXON","181","12","REPUBLICAN","61"
"24","0","EDWARDS","660","MIKE BOST","360","12TH CONGRESS","SALEM 1","245","12","REPUBLICAN","72"
"24","0","EDWARDS","660","MIKE BOST","360","12TH CONGRESS","SHELBY 2","167","12","REPUBLICAN","52"
"24","0","EDWARDS","660","MIKE BOST","360","12TH CONGRESS","SALEM 2","528","12","REPUBLICAN","163"
"24","0","EDWARDS","0","Under Votes","360","12TH CONGRESS","","0","12","REPUBLICAN","374"
"24","0","EDWARDS","0","Over Votes","360","12TH CONGRESS","","0","12","REPUBLICAN","0"
"24","0","EDWARDS","660","MIKE BOST","360","12TH CONGRESS","ALBION 1","704","12","REPUBLICAN","195"
"24","0","EDWARDS","660","MIKE BOST","360","12TH CONGRESS","BONE GAP","297","12","REPUBLICAN","102"
"24","0","EDWARDS","660","MIKE BOST","360","12TH CONGRESS","ELLERY","98","12","REPUBLICAN","27"
"95","0","WASHINGTON","0","Over Votes","360","12TH CONGRESS","JOHANNISBURG","371","11","DEMOCRATIC","0"
"95","0","WASHINGTON","670","JOSHUA QUALLS","360","12TH CONGRESS","JOHANNISBURG","371","11","DEMOCRATIC","2"
"95","0","WASHINGTON","0","Blank Ballots","360","12TH CONGRESS","JOHANNISBURG","371","11","DEMOCRATIC","4"
"95","0","WASHINGTON","665","HOMER ""CHIP"" MARKEL","360","12TH CONGRESS","JOHANNISBURG","371","11","DEMOCRATIC","4"
"95","0","WASHINGTON","0","Under Votes","360","12TH CONGRESS","JOHANNISBURG","371","11","DEMOCRATIC","0"
"95","0","WASHINGTON","0","Over Votes","360","12TH CONGRESS","PLUM HILL","355","11","DEMOCRATIC","0"
"95","0","WASHINGTON","670","JOSHUA QUALLS","360","12TH CONGRESS","PLUM HILL","355","11","DEMOCRATIC","2"
"95","0","WASHINGTON","0","Blank Ballots","360","12TH CONGRESS","PLUM HILL","355","11","DEMOCRATIC","3"
"95","0","WASHINGTON","665","HOMER ""CHIP"" MARKEL","360","12TH CONGRESS","PLUM HILL","355","11","DEMOCRATIC","5"
"95","0","WASHINGTON","0","Under Votes","360","12TH CONGRESS","PLUM HILL","355","11","DEMOCRATIC","0"
"95","0","WASHINGTON","0","Over Votes","360","12TH CONGRESS","BOLO","320","11","DEMOCRATIC","0"
"95","0","WASHINGTON","670","JOSHUA QUALLS","360","12TH CONGRESS","BOLO","320","11","DEMOCRATIC","5"
"95","0","WASHINGTON","0","Blank Ballots","360","12TH CONGRESS","BOLO","320","11","DEMOCRATIC","1"
"95","0","WASHINGTON","665","HOMER ""CHIP"" MARKEL","360","12TH CONGRESS","BOLO","320","11","DEMOCRATIC","5"
"95","0","WASHINGTON","0","Under Votes","360","12TH CONGRESS","BOLO","320","11","DEMOCRATIC","0"
"95","0","WASHINGTON","0","Over Votes","360","12TH CONGRESS","NASHVILLE 4","796","11","DEMOCRATIC","0"
"95","0","WASHINGTON","670","JOSHUA QUALLS","360","12TH CONGRESS","NASHVILLE 4","796","11","DEMOCRATIC","4"
"95","0","WASHINGTON","0","Blank Ballots","360","12TH CONGRESS","NASHVILLE 4","796","11","DEMOCRATIC","3"
"95","0","WASHINGTON","665","HOMER ""CHIP"" MARKEL","360","12TH CONGRESS","NASHVILLE 4","796","11","DEMOCRATIC","9"
"95","0","WASHINGTON","0","Under Votes","360","12TH CONGRESS","NASHVILLE 4","796","11","DEMOCRATIC","0"
"95","0","WASHINGTON","0","Over Votes","360","12TH CONGRESS","ASHLEY","509","11","DEMOCRATIC","0"
"95","0","WASHINGTON","670","JOSHUA QUALLS","360","12TH CONGRESS","ASHLEY","509","11","DEMOCRATIC","15"
"95","0","WASHINGTON","0","Blank Ballots","360","12TH CONGRESS","ASHLEY","509","11","DEMOCRATIC","6"
"95","0","WASHINGTON","665","HOMER ""CHIP"" MARKEL","360","12TH CONGRESS","ASHLEY","509","11","DEMOCRATIC","2"
"95","0","WASHINGTON","0","Under Votes","360","12TH CONGRESS","ASHLEY","509","11","DEMOCRATIC","0"
"95","0","WASHINGTON","0","Over Votes","360","12TH CONGRESS","NASHVILLE 1","751","11","DEMOCRATIC","0"
"95","0","WASHINGTON","670","JOSHUA QUALLS","360","12TH CONGRESS","NASHVILLE 1","751","11","DEMOCRATIC","6"
"95","0","WASHINGTON","0","Blank Ballots","360","12TH CONGRESS","NASHVILLE 1","751","11","DEMOCRATIC","0"
"95","0","WASHINGTON","0","Under Votes","360","12TH CONGRESS","BEAUCOUP","428","12","REPUBLICAN","0"
"95","0","WASHINGTON","0","Over Votes","360","12TH CONGRESS","BEAUCOUP","428","12","REPUBLICAN","0"
"95","0","WASHINGTON","660","MIKE BOST","360","12TH CONGRESS","BEAUCOUP","428","12","REPUBLICAN","90"
"95","0","WASHINGTON","0","Blank Ballots","360","12TH CONGRESS","BEAUCOUP","428","12","REPUBLICAN","10"
"95","0","WASHINGTON","0","Under Votes","360","12TH CONGRESS","NASHVILLE 3","796","12","REPUBLICAN","0"
"95","0","WASHINGTON","0","Over Votes","360","12TH CONGRESS","NASHVILLE 3","796","12","REPUBLICAN","0"
"95","0","WASHINGTON","660","MIKE BOST","360","12TH CONGRESS","NASHVILLE 3","796","12","REPUBLICAN","129"
"95","0","WASHINGTON","0","Blank Ballots","360","12TH CONGRESS","NASHVILLE 3","796","12","REPUBLICAN","18"
"95","0","WASHINGTON","0","Under Votes","360","12TH CONGRESS","HOYLETON","740","12","REPUBLICAN","0"
"95","0","WASHINGTON","0","Over Votes","360","12TH CONGRESS","HOYLETON","740","12","REPUBLICAN","0"
"95","0","WASHINGTON","660","MIKE BOST","360","12TH CONGRESS","HOYLETON","740","12","REPUBLICAN","166"
"95","0","WASHINGTON","0","Blank Ballots","360","12TH CONGRESS","HOYLETON","740","12","REPUBLICAN","17"
"95","0","WASHINGTON","0","Under Votes","360","12TH CONGRESS","IRVINGTON","773","12","REPUBLICAN","0"
"95","0","WASHINGTON","0","Over Votes","360","12TH CONGRESS","IRVINGTON","773","12","REPUBLICAN","0"
"95","0","WASHINGTON","660","MIKE BOST","360","12TH CONGRESS","IRVINGTON","773","12","REPUBLICAN","196"
"95","0","WASHINGTON","0","Blank Ballots","360","12TH CONGRESS","IRVINGTON","773","12","REPUBLICAN","22"
"95","0","WASHINGTON","0","Under Votes","360","12TH CONGRESS","LIVELY GROVE","433","12","REPUBLICAN","0"
"95","0","WASHINGTON","0","Over Votes","360","12TH CONGRESS","LIVELY GROVE","433","12","REPUBLICAN","0"
"95","0","WASHINGTON","660","MIKE BOST","360","12TH CONGRESS","LIVELY GROVE","433","12","REPUBLICAN","55"
"95","0","WASHINGTON","0","Blank Ballots","360","12TH CONGRESS","LIVELY GROVE","433","12","REPUBLICAN","6"
"95","0","WASHINGTON","0","Under Votes","360","12TH CONGRESS","PILOT KNOB","397","12","REPUBLICAN","0"
"95","0","WASHINGTON","0","Over Votes","360","12TH CONGRESS","PILOT KNOB","397","12","REPUBLICAN","0"
"95","0","WASHINGTON","660","MIKE BOST","360","12TH CONGRESS","PILOT KNOB","397","12","REPUBLICAN","76"
"95","0","WASHINGTON","0","Blank Ballots","360","12TH CONGRESS","PILOT KNOB","397","12","REPUBLICAN","8"
"95","0","WASHINGTON","0","Under Votes","360","12TH CONGRESS","RICHVIEW","230","12","REPUBLICAN","0"
"95","0","WASHINGTON","0","Over Votes","360","12TH CONGRESS","RICHVIEW","230","12","REPUBLICAN","0"
"95","0","WASHINGTON","660","MIKE BOST","360","12TH CONGRESS","RICHVIEW","230","12","REPUBLICAN","34"
"95","0","WASHINGTON","0","Blank Ballots","360","12TH CONGRESS","RICHVIEW","230","12","REPUBLICAN","6"
"95","0","WASHINGTON","0","Under Votes","360","12TH CONGRESS","COVINGTON","299","12","REPUBLICAN","0"
"95","0","WASHINGTON","0","Over Votes","360","12TH CONGRESS","COVINGTON","299","12","REPUBLICAN","0"
"95","0","WASHINGTON","660","MIKE BOST","360","12TH CONGRESS","COVINGTON","299","12","REPUBLICAN","71"
"95","0","WASHINGTON","0","Blank Ballots","360","12TH CONGRESS","COVINGTON","299","12","REPUBLICAN","7"
"95","0","WASHINGTON","0","Under Votes","360","12TH CONGRESS","OAKDALE","407","12","REPUBLICAN","0"
"95","0","WASHINGTON","0","Over Votes","360","12TH CONGRESS","OAKDALE","407","12","REPUBLICAN","0"
"95","0","WASHINGTON","660","MIKE BOST","360","12TH CONGRESS","OAKDALE","407","12","REPUBLICAN","72"
"95","0","WASHINGTON","0","Blank Ballots","360","12TH CONGRESS","OAKDALE","407","12","REPUBLICAN","12"
"95","0","WASHINGTON","0","Under Votes","360","12TH CONGRESS","DuBOIS","485","12","REPUBLICAN","0"
"95","0","WASHINGTON","0","Over Votes","360","12TH CONGRESS","DuBOIS","485","12","REPUBLICAN","0"
"95","0","WASHINGTON","660","MIKE BOST","360","12TH CONGRESS","DuBOIS","485","12","REPUBLICAN","97"
"95","0","WASHINGTON","0","Blank Ballots","360","12TH CONGRESS","DuBOIS","485","12","REPUBLICAN","18"
"95","0","WASHINGTON","0","Under Votes","360","12TH CONGRESS","OKAWVILLE 1","1164","12","REPUBLICAN","0"
"95","0","WASHINGTON","0","Over Votes","360","12TH CONGRESS","OKAWVILLE 1","1164","12","REPUBLICAN","0"
"95","0","WASHINGTON","660","MIKE BOST","360","12TH CONGRESS","OKAWVILLE 1","1164","12","REPUBLICAN","209"
"76","0","POPE","0","Under Votes","360","12TH CONGRESS","WEBSTER 5","473","12","REPUBLICAN","0"
"76","0","POPE","0","Blank Ballots","360","12TH CONGRESS","WEBSTER 5","473","12","REPUBLICAN","26"
"76","0","POPE","660","MIKE BOST","360","12TH CONGRESS","WEBSTER 5","473","12","REPUBLICAN","125"
"76","0","POPE","0","Over Votes","360","12TH CONGRESS","WEBSTER 5","473","12","REPUBLICAN","0"
"76","0","POPE","0","Under Votes","360","12TH CONGRESS","GOLCONDA 2","539","12","REPUBLICAN","0"
"76","0","POPE","0","Blank Ballots","360","12TH CONGRESS","GOLCONDA 2","539","12","REPUBLICAN","22"
"76","0","POPE","660","MIKE BOST","360","12TH CONGRESS","GOLCONDA 2","539","12","REPUBLICAN","151"
"76","0","POPE","0","Over Votes","360","12TH CONGRESS","GOLCONDA 2","539","12","REPUBLICAN","0"
"76","0","POPE","0","Under Votes","360","12TH CONGRESS","EDDYVILLE 6","633","12","REPUBLICAN","0"
"76","0","POPE","0","Blank Ballots","360","12TH CONGRESS","EDDYVILLE 6","633","12","REPUBLICAN","14"
"76","0","POPE","660","MIKE BOST","360","12TH CONGRESS","EDDYVILLE 6","633","12","REPUBLICAN","183"
"76","0","POPE","0","Over Votes","360","12TH CONGRESS","EDDYVILLE 6","633","12","REPUBLICAN","0"
"76","0","POPE","0","Under Votes","360","12TH CONGRESS","JEFFERSON 4","287","12","REPUBLICAN","0"
"76","0","POPE","0","Blank Ballots","360","12TH CONGRESS","JEFFERSON 4","287","12","REPUBLICAN","12"
"76","0","POPE","660","MIKE BOST","360","12TH CONGRESS","JEFFERSON 4","287","12","REPUBLICAN","37"
"76","0","POPE","0","Over Votes","360","12TH CONGRESS","JEFFERSON 4","287","12","REPUBLICAN","0"
"76","0","POPE","0","Under Votes","360","12TH CONGRESS","GOLCONDA 1","431","12","REPUBLICAN","0"
"76","0","POPE","0","Blank Ballots","360","12TH CONGRESS","GOLCONDA 1","431","12","REPUBLICAN","25"
"76","0","POPE","660","MIKE BOST","360","12TH CONGRESS","GOLCONDA 1","431","12","REPUBLICAN","127"
"76","0","POPE","0","Over Votes","360","12TH CONGRESS","GOLCONDA 1","431","12","REPUBLICAN","0"
"76","0","POPE","0","Under Votes","360","12TH CONGRESS","GOLCONDA 3","410","12","REPUBLICAN","0"
"76","0","POPE","0","Blank Ballots","360","12TH CONGRESS","GOLCONDA 3","410","12","REPUBLICAN","25"
"76","0","POPE","660","MIKE BOST","360","12TH CONGRESS","GOLCONDA 3","410","12","REPUBLICAN","80"
"76","0","POPE","0","Over Votes","360","12TH CONGRESS","GOLCONDA 3","410","12","REPUBLICAN","0"
"77","0","PULASKI","660","MIKE BOST","360","12TH CONGRESS","ULLIN","0","12","REPUBLICAN","61"
"77","0","PULASKI","0","Under Votes","360","12TH CONGRESS","ULLIN","0","12","REPUBLICAN","2"
"77","0","PULASKI","660","MIKE BOST","360","12TH CONGRESS","VILLA RIDGE-AMERICA","0","12","REPUBLICAN","69"
"77","0","PULASKI","0","Under Votes","360","12TH CONGRESS","VILLA RIDGE-AMERICA","0","12","REPUBLICAN","10"
"77","0","PULASKI","660","MIKE BOST","360","12TH CONGRESS","PULASKI","0","12","REPUBLICAN","24"
"77","0","PULASKI","0","Under Votes","360","12TH CONGRESS","PULASKI","0","12","REPUBLICAN","1"
"77","0","PULASKI","660","MIKE BOST","360","12TH CONGRESS","OLMSTED","0","12","REPUBLICAN","60"
"77","0","PULASKI","0","Under Votes","360","12TH CONGRESS","OLMSTED","0","12","REPUBLICAN","8"
"77","0","PULASKI","660","MIKE BOST","360","12TH CONGRESS","PERKS-WETAUG","0","12","REPUBLICAN","31"
"77","0","PULASKI","0","Under Votes","360","12TH CONGRESS","PERKS-WETAUG","0","12","REPUBLICAN","4"
"77","0","PULASKI","660","MIKE BOST","360","12TH CONGRESS","GRAND CHAIN","0","12","REPUBLICAN","71"
"77","0","PULASKI","0","Under Votes","360","12TH CONGRESS","GRAND CHAIN","0","12","REPUBLICAN","9"
"77","0","PULASKI","660","MIKE BOST","360","12TH CONGRESS","KARNAK","0","12","REPUBLICAN","63"
"77","0","PULASKI","0","Under Votes","360","12TH CONGRESS","KARNAK","0","12","REPUBLICAN","7"
"77","0","PULASKI","660","MIKE BOST","360","12TH CONGRESS","MOUND CITY","0","12","REPUBLICAN","16"
"77","0","PULASKI","0","Under Votes","360","12TH CONGRESS","MOUND CITY","0","12","REPUBLICAN","4"
"77","0","PULASKI","660","MIKE BOST","360","12TH CONGRESS","MOUNDS 1","0","12","REPUBLICAN","6"
"77","0","PULASKI","0","Under Votes","360","12TH CONGRESS","MOUNDS 1","0","12","REPUBLICAN","2"
"77","0","PULASKI","660","MIKE BOST","360","12TH CONGRESS","MOUNDS 2","0","12","REPUBLICAN","28"
"76","0","POPE","665","HOMER ""CHIP"" MARKEL","360","12TH CONGRESS","WEBSTER 5","473","11","DEMOCRATIC","7"
"76","0","POPE","0","Over Votes","360","12TH CONGRESS","WEBSTER 5","473","11","DEMOCRATIC","0"
"76","0","POPE","670","JOSHUA QUALLS","360","12TH CONGRESS","WEBSTER 5","473","11","DEMOCRATIC","5"
"76","0","POPE","0","Under Votes","360","12TH CONGRESS","WEBSTER 5","473","11","DEMOCRATIC","0"
"76","0","POPE","0","Blank Ballots","360","12TH CONGRESS","WEBSTER 5","473","11","DEMOCRATIC","1"
"76","0","POPE","665","HOMER ""CHIP"" MARKEL","360","12TH CONGRESS","GOLCONDA 1","431","11","DEMOCRATIC","9"
"76","0","POPE","0","Over Votes","360","12TH CONGRESS","GOLCONDA 1","431","11","DEMOCRATIC","0"
"76","0","POPE","670","JOSHUA QUALLS","360","12TH CONGRESS","GOLCONDA 1","431","11","DEMOCRATIC","9"
"76","0","POPE","665","HOMER ""CHIP"" MARKEL","360","12TH CONGRESS","EDDYVILLE 6","633","11","DEMOCRATIC","9"
"76","0","POPE","0","Over Votes","360","12TH CONGRESS","EDDYVILLE 6","633","11","DEMOCRATIC","0"
"76","0","POPE","670","JOSHUA QUALLS","360","12TH CONGRESS","EDDYVILLE 6","633","11","DEMOCRATIC","7"
"76","0","POPE","0","Under Votes","360","12TH CONGRESS","EDDYVILLE 6","633","11","DEMOCRATIC","0"
"76","0","POPE","0","Blank Ballots","360","12TH CONGRESS","EDDYVILLE 6","633","11","DEMOCRATIC","2"
"76","0","POPE","0","Under Votes","360","12TH CONGRESS","GOLCONDA 1","431","11","DEMOCRATIC","0"
"76","0","POPE","0","Blank Ballots","360","12TH CONGRESS","GOLCONDA 1","431","11","DEMOCRATIC","6"
"76","0","POPE","665","HOMER ""CHIP"" MARKEL","360","12TH CONGRESS","GOLCONDA 2","539","11","DEMOCRATIC","12"
"76","0","POPE","0","Over Votes","360","12TH CONGRESS","GOLCONDA 2","539","11","DEMOCRATIC","0"
"76","0","POPE","670","JOSHUA QUALLS","360","12TH CONGRESS","GOLCONDA 2","539","11","DEMOCRATIC","5"
"76","0","POPE","0","Under Votes","360","12TH CONGRESS","GOLCONDA 2","539","11","DEMOCRATIC","0"
"76","0","POPE","0","Blank Ballots","360","12TH CONGRESS","GOLCONDA 2","539","11","DEMOCRATIC","1"
"76","0","POPE","665","HOMER ""CHIP"" MARKEL","360","12TH CONGRESS","GOLCONDA 3","410","11","DEMOCRATIC","7"
"76","0","POPE","0","Over Votes","360","12TH CONGRESS","GOLCONDA 3","410","11","DEMOCRATIC","0"
"76","0","POPE","670","JOSHUA QUALLS","360","12TH CONGRESS","GOLCONDA 3","410","11","DEMOCRATIC","8"
"76","0","POPE","0","Under Votes","360","12TH CONGRESS","GOLCONDA 3","410","11","DEMOCRATIC","0"
"76","0","POPE","0","Blank Ballots","360","12TH CONGRESS","GOLCONDA 3","410","11","DEMOCRATIC","5"
"76","0","POPE","665","HOMER ""CHIP"" MARKEL","360","12TH CONGRESS","JEFFERSON 4","287","11","DEMOCRATIC","6"
"76","0","POPE","0","Over Votes","360","12TH CONGRESS","JEFFERSON 4","287","11","DEMOCRATIC","0"
"76","0","POPE","670","JOSHUA QUALLS","360","12TH CONGRESS","JEFFERSON 4","287","11","DEMOCRATIC","2"
"76","0","POPE","0","Under Votes","360","12TH CONGRESS","JEFFERSON 4","287","11","DEMOCRATIC","0"
"76","0","POPE","0","Blank Ballots","360","12TH CONGRESS","JEFFERSON 4","287","11","DEMOCRATIC","3"
"15","0","COLES","665","HOMER ""CHIP"" MARKEL","360","12TH CONGRESS","PLEASANT GROVE 1","897","11","DEMOCRATIC","7"
"15","0","COLES","0","Over Votes","360","12TH CONGRESS","PLEASANT GROVE 1","897","11","DEMOCRATIC","0"
"15","0","COLES","0","Under Votes","360","12TH CONGRESS","PLEASANT GROVE 1","897","11","DEMOCRATIC","3"
"15","0","COLES","0","Blank Ballots","360","12TH CONGRESS","PLEASANT GROVE 1","897","11","DEMOCRATIC","0"
"15","0","COLES","670","JOSHUA QUALLS","360","12TH CONGRESS","PLEASANT GROVE 1","897","11","DEMOCRATIC","10"
"15","0","COLES","665","HOMER ""CHIP"" MARKEL","360","12TH CONGRESS","LAFAYETTE 2","985","11","DEMOCRATIC","22"
"15","0","COLES","0","Over Votes","360","12TH CONGRESS","LAFAYETTE 2","985","11","DEMOCRATIC","0"
"15","0","COLES","0","Under Votes","360","12TH CONGRESS","LAFAYETTE 2","985","11","DEMOCRATIC","3"
"15","0","COLES","0","Blank Ballots","360","12TH CONGRESS","LAFAYETTE 2","985","11","DEMOCRATIC","0"
"15","0","COLES","670","JOSHUA QUALLS","360","12TH CONGRESS","LAFAYETTE 2","985","11","DEMOCRATIC","27"
"15","0","COLES","665","HOMER ""CHIP"" MARKEL","360","12TH CONGRESS","CHARLESTON 5","1065","11","DEMOCRATIC","36"
"15","0","COLES","0","Over Votes","360","12TH CONGRESS","CHARLESTON 5","1065","11","DEMOCRATIC","1"
"77","0","PULASKI","0","Under Votes","360","12TH CONGRESS","GRAND CHAIN","0","11","DEMOCRATIC","3"
"77","0","PULASKI","670","JOSHUA QUALLS","360","12TH CONGRESS","GRAND CHAIN","0","11","DEMOCRATIC","5"
"77","0","PULASKI","665","HOMER ""CHIP"" MARKEL","360","12TH CONGRESS","GRAND CHAIN","0","11","DEMOCRATIC","6"
"77","0","PULASKI","0","Under Votes","360","12TH CONGRESS","KARNAK","0","11","DEMOCRATIC","5"
"77","0","PULASKI","670","JOSHUA QUALLS","360","12TH CONGRESS","KARNAK","0","11","DEMOCRATIC","5"
"77","0","PULASKI","665","HOMER ""CHIP"" MARKEL","360","12TH CONGRESS","KARNAK","0","11","DEMOCRATIC","4"
"77","0","PULASKI","0","Under Votes","360","12TH CONGRESS","MOUND CITY","0","11","DEMOCRATIC","3"
"77","0","PULASKI","670","JOSHUA QUALLS","360","12TH CONGRESS","MOUND CITY","0","11","DEMOCRATIC","5"
"77","0","PULASKI","665","HOMER ""CHIP"" MARKEL","360","12TH CONGRESS","MOUND CITY","0","11","DEMOCRATIC","6"
"77","0","PULASKI","0","Under Votes","360","12TH CONGRESS","MOUNDS 1","0","11","DEMOCRATIC","2"
"77","0","PULASKI","670","JOSHUA QUALLS","360","12TH CONGRESS","MOUNDS 1","0","11","DEMOCRATIC","4"
"77","0","PULASKI","665","HOMER ""CHIP"" MARKEL","360","12TH CONGRESS","MOUNDS 1","0","11","DEMOCRATIC","6"
"77","0","PULASKI","0","Under Votes","360","12TH CONGRESS","MOUNDS 2","0","11","DEMOCRATIC","2"
"77","0","PULASKI","670","JOSHUA QUALLS","360","12TH CONGRESS","MOUNDS 2","0","11","DEMOCRATIC","8"
"77","0","PULASKI","665","HOMER ""CHIP"" MARKEL","360","12TH CONGRESS","MOUNDS 2","0","11","DEMOCRATIC","6"
"77","0","PULASKI","0","Under Votes","360","12TH CONGRESS","MOUNDS 3","0","11","DEMOCRATIC","8"
"77","0","PULASKI","670","JOSHUA QUALLS","360","12TH CONGRESS","MOUNDS 3","0","11","DEMOCRATIC","9"
"77","0","PULASKI","665","HOMER ""CHIP"" MARKEL","360","12TH CONGRESS","MOUNDS 3","0","11","DEMOCRATIC","5"
"77","0","PULASKI","0","Under Votes","360","12TH CONGRESS","OLMSTED","0","11","DEMOCRATIC","10"
"77","0","PULASKI","670","JOSHUA QUALLS","360","12TH CONGRESS","OLMSTED","0","11","DEMOCRATIC","5"
"77","0","PULASKI","665","HOMER ""CHIP"" MARKEL","360","12TH CONGRESS","OLMSTED","0","11","DEMOCRATIC","8"
"77","0","PULASKI","0","Under Votes","360","12TH CONGRESS","PULASKI","0","11","DEMOCRATIC","5"
"77","0","PULASKI","670","JOSHUA QUALLS","360","12TH CONGRESS","PULASKI","0","11","DEMOCRATIC","11"
"77","0","PULASKI","665","HOMER ""CHIP"" MARKEL","360","12TH CONGRESS","PULASKI","0","11","DEMOCRATIC","9"
"77","0","PULASKI","670","JOSHUA QUALLS","360","12TH CONGRESS","PERKS-WETAUG","0","11","DEMOCRATIC","4"
"77","0","PULASKI","665","HOMER ""CHIP"" MARKEL","360","12TH CONGRESS","PERKS-WETAUG","0","11","DEMOCRATIC","5"
"77","0","PULASKI","670","JOSHUA QUALLS","360","12TH CONGRESS","ULLIN","0","11","DEMOCRATIC","9"
"77","0","PULASKI","665","HOMER ""CHIP"" MARKEL","360","12TH CONGRESS","ULLIN","0","11","DEMOCRATIC","8"
"77","0","PULASKI","0","Under Votes","360","12TH CONGRESS","VILLA RIDGE-AMERICA","0","11","DEMOCRATIC","5"
"77","0","PULASKI","670","JOSHUA QUALLS","360","12TH CONGRESS","VILLA RIDGE-AMERICA","0","11","DEMOCRATIC","7"
"77","0","PULASKI","665","HOMER ""CHIP"" MARKEL","360","12TH CONGRESS","VILLA RIDGE-AMERICA","0","11","DEMOCRATIC","10"
"15","0","COLES","0","Under Votes","360","12TH CONGRESS","LAFAYETTE 2","985","12","REPUBLICAN","40"
"15","0","COLES","660","MIKE BOST","360","12TH CONGRESS","LAFAYETTE 2","985","12","REPUBLICAN","268"
"15","0","COLES","0","Blank Ballots","360","12TH CONGRESS","LAFAYETTE 2","985","12","REPUBLICAN","0"
"15","0","COLES","0","Over Votes","360","12TH CONGRESS","LAFAYETTE 2","985","12","REPUBLICAN","0"
"15","0","COLES","0","Under Votes","360","12TH CONGRESS","CHARLESTON 5","1065","12","REPUBLICAN","73"
"15","0","COLES","660","MIKE BOST","360","12TH CONGRESS","CHARLESTON 5","1065","12","REPUBLICAN","247"
"15","0","COLES","0","Blank Ballots","360","12TH CONGRESS","CHARLESTON 5","1065","12","REPUBLICAN","0"
"15","0","COLES","0","Over Votes","360","12TH CONGRESS","CHARLESTON 5","1065","12","REPUBLICAN","0"
"15","0","COLES","0","Under Votes","360","12TH CONGRESS","PARADISE 1","803","12","REPUBLICAN","19"
"15","0","COLES","660","MIKE BOST","360","12TH CONGRESS","PARADISE 1","803","12","REPUBLICAN","156"
"15","0","COLES","0","Blank Ballots","360","12TH CONGRESS","PARADISE 1","803","12","REPUBLICAN","0"
"13","0","CLAY","665","HOMER ""CHIP"" MARKEL","360","12TH CONGRESS","BLAIR","505","11","DEMOCRATIC","5"
"13","0","CLAY","670","JOSHUA QUALLS","360","12TH CONGRESS","BLAIR","505","11","DEMOCRATIC","3"
"13","0","CLAY","665","HOMER ""CHIP"" MARKEL","360","12TH CONGRESS","HARTER 1","640","11","DEMOCRATIC","9"
"13","0","CLAY","670","JOSHUA QUALLS","360","12TH CONGRESS","HARTER 1","640","11","DEMOCRATIC","5"
"13","0","CLAY","665","HOMER ""CHIP"" MARKEL","360","12TH CONGRESS","HARTER 5","962","11","DEMOCRATIC","12"
"13","0","CLAY","670","JOSHUA QUALLS","360","12TH CONGRESS","HARTER 5","962","11","DEMOCRATIC","8"
"13","0","CLAY","665","HOMER ""CHIP"" MARKEL","360","12TH CONGRESS","STANFORD","482","11","DEMOCRATIC","8"
"13","0","CLAY","670","JOSHUA QUALLS","360","12TH CONGRESS","STANFORD","482","11","DEMOCRATIC","8"
"13","0","CLAY","665","HOMER ""CHIP"" MARKEL","360","12TH CONGRESS","OSKALOOSA","262","11","DEMOCRATIC","2"
"13","0","CLAY","670","JOSHUA QUALLS","360","12TH CONGRESS","OSKALOOSA","262","11","DEMOCRATIC","5"
"13","0","CLAY","665","HOMER ""CHIP"" MARKEL","360","12TH CONGRESS","LOUISVILLE 1","594","11","DEMOCRATIC","4"
"13","0","CLAY","670","JOSHUA QUALLS","360","12TH CONGRESS","LOUISVILLE 1","594","11","DEMOCRATIC","1"
"13","0","CLAY","665","HOMER ""CHIP"" MARKEL","360","12TH CONGRESS","CLAY CITY","811","11","DEMOCRATIC","14"
"13","0","CLAY","670","JOSHUA QUALLS","360","12TH CONGRESS","CLAY CITY","811","11","DEMOCRATIC","11"
"13","0","CLAY","0","Under Votes","360","12TH CONGRESS","","0","11","DEMOCRATIC","39"
"13","0","CLAY","0","Over Votes","360","12TH CONGRESS","","0","11","DEMOCRATIC","0"
"13","0","CLAY","665","HOMER ""CHIP"" MARKEL","360","12TH CONGRESS","HARTER 3","891","11","DEMOCRATIC","11"
"13","0","CLAY","670","JOSHUA QUALLS","360","12TH CONGRESS","HARTER 3","891","11","DEMOCRATIC","8"
"13","0","CLAY","665","HOMER ""CHIP"" MARKEL","360","12TH CONGRESS","HARTER 6","646","11","DEMOCRATIC","6"
"13","0","CLAY","670","JOSHUA QUALLS","360","12TH CONGRESS","HARTER 6","646","11","DEMOCRATIC","5"
"13","0","CLAY","665","HOMER ""CHIP"" MARKEL","360","12TH CONGRESS","HOOSIER","257","11","DEMOCRATIC","3"
"13","0","CLAY","670","JOSHUA QUALLS","360","12TH CONGRESS","HOOSIER","257","11","DEMOCRATIC","0"
"13","0","CLAY","665","HOMER ""CHIP"" MARKEL","360","12TH CONGRESS","PIXLEY","405","11","DEMOCRATIC","7"
"13","0","CLAY","670","JOSHUA QUALLS","360","12TH CONGRESS","PIXLEY","405","11","DEMOCRATIC","5"
"13","0","CLAY","665","HOMER ""CHIP"" MARKEL","360","12TH CONGRESS","XENIA","485","11","DEMOCRATIC","2"
"13","0","CLAY","670","JOSHUA QUALLS","360","12TH CONGRESS","XENIA","485","11","DEMOCRATIC","1"
"13","0","CLAY","665","HOMER ""CHIP"" MARKEL","360","12TH CONGRESS","LARKINSBURG","388","11","DEMOCRATIC","3"
"13","0","CLAY","670","JOSHUA QUALLS","360","12TH CONGRESS","LARKINSBURG","388","11","DEMOCRATIC","2"
"13","0","CLAY","665","HOMER ""CHIP"" MARKEL","360","12TH CONGRESS","LOUISVILLE 2","560","11","DEMOCRATIC","4"
"13","0","CLAY","670","JOSHUA QUALLS","360","12TH CONGRESS","LOUISVILLE 2","560","11","DEMOCRATIC","2"
"13","0","CLAY","665","HOMER ""CHIP"" MARKEL","360","12TH CONGRESS","HARTER 4","565","11","DEMOCRATIC","8"
"13","0","CLAY","670","JOSHUA QUALLS","360","12TH CONGRESS","HARTER 4","565","11","DEMOCRATIC","7"
"13","0","CLAY","665","HOMER ""CHIP"" MARKEL","360","12TH CONGRESS","SONGER","271","11","DEMOCRATIC","3"
"13","0","CLAY","670","JOSHUA QUALLS","360","12TH CONGRESS","SONGER","271","11","DEMOCRATIC","3"
"13","0","CLAY","665","HOMER ""CHIP"" MARKEL","360","12TH CONGRESS","HARTER 7","589","11","DEMOCRATIC","7"
"13","0","CLAY","670","JOSHUA QUALLS","360","12TH CONGRESS","HARTER 7","589","11","DEMOCRATIC","5"
"13","0","CLAY","665","HOMER ""CHIP"" MARKEL","360","12TH CONGRESS","BIBLE GROVE","237","11","DEMOCRATIC","8"
"13","0","CLAY","670","JOSHUA QUALLS","360","12TH CONGRESS","BIBLE GROVE","237","11","DEMOCRATIC","3"
"2","0","ALEXANDER","0","Under Votes","360","12TH CONGRESS","","0","11","DEMOCRATIC","152"
"2","0","ALEXANDER","0","Over Votes","360","12TH CONGRESS","","0","11","DEMOCRATIC","1"
"2","0","ALEXANDER","665","HOMER ""CHIP"" MARKEL","360","12TH CONGRESS","CAIRO 3","173","11","DEMOCRATIC","8"
"2","0","ALEXANDER","670","JOSHUA QUALLS","360","12TH CONGRESS","CAIRO 3","173","11","DEMOCRATIC","9"
"100","0","WILLIAMSON","660","MIKE BOST","360","12TH CONGRESS","CREAL SPRINGS 2","1186","12","REPUBLICAN","233"
"100","0","WILLIAMSON","660","MIKE BOST","360","12TH CONGRESS","CRAB ORCHARD 2","395","12","REPUBLICAN","92"
"100","0","WILLIAMSON","660","MIKE BOST","360","12TH CONGRESS","BLAIRSVILLE 4","606","12","REPUBLICAN","69"
"100","0","WILLIAMSON","660","MIKE BOST","360","12TH CONGRESS","BLAIRSVILLE 7","694","12","REPUBLICAN","77"
"100","0","WILLIAMSON","660","MIKE BOST","360","12TH CONGRESS","CARTERVILLE 3","1359","12","REPUBLICAN","183"
"100","0","WILLIAMSON","660","MIKE BOST","360","12TH CONGRESS","CARTERVILLE 6","1180","12","REPUBLICAN","167"
"100","0","WILLIAMSON","660","MIKE BOST","360","12TH CONGRESS","WEST MARION 2","356","12","REPUBLICAN","38"
"100","0","WILLIAMSON","660","MIKE BOST","360","12TH CONGRESS","WEST MARION 5","526","12","REPUBLICAN","49"
"100","0","WILLIAMSON","660","MIKE BOST","360","12TH CONGRESS","WEST MARION 8","838","12","REPUBLICAN","138"
"100","0","WILLIAMSON","660","MIKE BOST","360","12TH CONGRESS","WEST MARION 11","915","12","REPUBLICAN","141"
"100","0","WILLIAMSON","660","MIKE BOST","360","12TH CONGRESS","STONEFORT 2","243","12","REPUBLICAN","42"
"100","0","WILLIAMSON","660","MIKE BOST","360","12TH CONGRESS","BLAIRSVILLE 3","790","12","REPUBLICAN","131"
"100","0","WILLIAMSON","660","MIKE BOST","360","12TH CONGRESS","BLAIRSVILLE 6","490","12","REPUBLICAN","76"
"100","0","WILLIAMSON","660","MIKE BOST","360","12TH CONGRESS","CARTERVILLE 2","821","12","REPUBLICAN","99"
"100","0","WILLIAMSON","660","MIKE BOST","360","12TH CONGRESS","HERRIN 14","351","12","REPUBLICAN","37"
"100","0","WILLIAMSON","660","MIKE BOST","360","12TH CONGRESS","WEST MARION 1","420","12","REPUBLICAN","53"
"100","0","WILLIAMSON","660","MIKE BOST","360","12TH CONGRESS","WEST MARION 4","1103","12","REPUBLICAN","155"
"100","0","WILLIAMSON","660","MIKE BOST","360","12TH CONGRESS","WEST MARION 7","847","12","REPUBLICAN","91"
"100","0","WILLIAMSON","660","MIKE BOST","360","12TH CONGRESS","CORINTH 1","639","12","REPUBLICAN","118"
"100","0","WILLIAMSON","660","MIKE BOST","360","12TH CONGRESS","STONEFORT 1","597","12","REPUBLICAN","141"
"100","0","WILLIAMSON","660","MIKE BOST","360","12TH CONGRESS","CARTERVILLE 1","508","12","REPUBLICAN","58"
"100","0","WILLIAMSON","660","MIKE BOST","360","12TH CONGRESS","CARTERVILLE 4","799","12","REPUBLICAN","100"
"100","0","WILLIAMSON","660","MIKE BOST","360","12TH CONGRESS","CARTERVILLE 7","1093","12","REPUBLICAN","115"
"100","0","WILLIAMSON","660","MIKE BOST","360","12TH CONGRESS","HERRIN 2","635","12","REPUBLICAN","46"
"100","0","WILLIAMSON","660","MIKE BOST","360","12TH CONGRESS","WEST MARION 6","664","12","REPUBLICAN","84"
"100","0","WILLIAMSON","660","MIKE BOST","360","12TH CONGRESS","WEST MARION 9","557","12","REPUBLICAN","55"
"100","0","WILLIAMSON","660","MIKE BOST","360","12TH CONGRESS","SOUTHERN 1","1028","12","REPUBLICAN","176"
"100","0","WILLIAMSON","0","Under Votes","360","12TH CONGRESS","","0","12","REPUBLICAN","629"
"100","0","WILLIAMSON","0","Over Votes","360","12TH CONGRESS","","0","12","REPUBLICAN","0"
"100","0","WILLIAMSON","660","MIKE BOST","360","12TH CONGRESS","BLAIRSVILLE 1","343","12","REPUBLICAN","49"
"100","0","WILLIAMSON","660","MIKE BOST","360","12TH CONGRESS","HERRIN 9","671","12","REPUBLICAN","89"
"100","0","WILLIAMSON","660","MIKE BOST","360","12TH CONGRESS","HERRIN 12","663","12","REPUBLICAN","82"
"100","0","WILLIAMSON","660","MIKE BOST","360","12TH CONGRESS","HERRIN 15","675","12","REPUBLICAN","76"
"100","0","WILLIAMSON","660","MIKE BOST","360","12TH CONGRESS","EAST MARION 5","971","12","REPUBLICAN","208"
"100","0","WILLIAMSON","660","MIKE BOST","360","12TH CONGRESS","EAST MARION 8","1099","12","REPUBLICAN","229"
"100","0","WILLIAMSON","660","MIKE BOST","360","12TH CONGRESS","CREAL SPRINGS 1","588","12","REPUBLICAN","88"
"100","0","WILLIAMSON","660","MIKE BOST","360","12TH CONGRESS","CRAB ORCHARD 1","673","12","REPUBLICAN","142"
"100","0","WILLIAMSON","660","MIKE BOST","360","12TH CONGRESS","HERRIN 5","530","12","REPUBLICAN","70"
"100","0","WILLIAMSON","660","MIKE BOST","360","12TH CONGRESS","HERRIN 8","595","12","REPUBLICAN","73"
"100","0","WILLIAMSON","660","MIKE BOST","360","12TH CONGRESS","HERRIN 11","580","12","REPUBLICAN","93"
"95","0","WASHINGTON","665","HOMER ""CHIP"" MARKEL","360","12TH CONGRESS","NASHVILLE 1","751","11","DEMOCRATIC","4"
"95","0","WASHINGTON","0","Under Votes","360","12TH CONGRESS","NASHVILLE 1","751","11","DEMOCRATIC","0"
"95","0","WASHINGTON","0","Over Votes","360","12TH CONGRESS","VENEDY","302","11","DEMOCRATIC","0"
"95","0","WASHINGTON","670","JOSHUA QUALLS","360","12TH CONGRESS","VENEDY","302","11","DEMOCRATIC","3"
"95","0","WASHINGTON","0","Blank Ballots","360","12TH CONGRESS","VENEDY","302","11","DEMOCRATIC","0"
"95","0","WASHINGTON","665","HOMER ""CHIP"" MARKEL","360","12TH CONGRESS","VENEDY","302","11","DEMOCRATIC","2"
"95","0","WASHINGTON","0","Under Votes","360","12TH CONGRESS","VENEDY","302","11","DEMOCRATIC","0"
"95","0","WASHINGTON","0","Over Votes","360","12TH CONGRESS","DuBOIS","485","11","DEMOCRATIC","0"
"95","0","WASHINGTON","670","JOSHUA QUALLS","360","12TH CONGRESS","DuBOIS","485","11","DEMOCRATIC","9"
"95","0","WASHINGTON","0","Blank Ballots","360","12TH CONGRESS","DuBOIS","485","11","DEMOCRATIC","3"
"95","0","WASHINGTON","665","HOMER ""CHIP"" MARKEL","360","12TH CONGRESS","DuBOIS","485","11","DEMOCRATIC","6"
"95","0","WASHINGTON","0","Under Votes","360","12TH CONGRESS","DuBOIS","485","11","DEMOCRATIC","0"
"95","0","WASHINGTON","0","Over Votes","360","12TH CONGRESS","OKAWVILLE 1","1164","11","DEMOCRATIC","0"
"95","0","WASHINGTON","670","JOSHUA QUALLS","360","12TH CONGRESS","OKAWVILLE 1","1164","11","DEMOCRATIC","17"
"95","0","WASHINGTON","0","Blank Ballots","360","12TH CONGRESS","OKAWVILLE 1","1164","11","DEMOCRATIC","3"
"95","0","WASHINGTON","665","HOMER ""CHIP"" MARKEL","360","12TH CONGRESS","OKAWVILLE 1","1164","11","DEMOCRATIC","14"
"95","0","WASHINGTON","0","Under Votes","360","12TH CONGRESS","OKAWVILLE 1","1164","11","DEMOCRATIC","0"
"95","0","WASHINGTON","0","Over Votes","360","12TH CONGRESS","COVINGTON","299","11","DEMOCRATIC","0"
"95","0","WASHINGTON","670","JOSHUA QUALLS","360","12TH CONGRESS","COVINGTON","299","11","DEMOCRATIC","2"
"95","0","WASHINGTON","0","Blank Ballots","360","12TH CONGRESS","LIVELY GROVE","433","11","DEMOCRATIC","3"
"95","0","WASHINGTON","665","HOMER ""CHIP"" MARKEL","360","12TH CONGRESS","LIVELY GROVE","433","11","DEMOCRATIC","7"
"95","0","WASHINGTON","0","Under Votes","360","12TH CONGRESS","LIVELY GROVE","433","11","DEMOCRATIC","0"
"95","0","WASHINGTON","0","Over Votes","360","12TH CONGRESS","PILOT KNOB","397","11","DEMOCRATIC","0"
"95","0","WASHINGTON","670","JOSHUA QUALLS","360","12TH CONGRESS","PILOT KNOB","397","11","DEMOCRATIC","9"
"95","0","WASHINGTON","0","Blank Ballots","360","12TH CONGRESS","PILOT KNOB","397","11","DEMOCRATIC","1"
"95","0","WASHINGTON","665","HOMER ""CHIP"" MARKEL","360","12TH CONGRESS","PILOT KNOB","397","11","DEMOCRATIC","10"
"95","0","WASHINGTON","0","Under Votes","360","12TH CONGRESS","PILOT KNOB","397","11","DEMOCRATIC","0"
"95","0","WASHINGTON","0","Over Votes","360","12TH CONGRESS","RICHVIEW","230","11","DEMOCRATIC","0"
"95","0","WASHINGTON","670","JOSHUA QUALLS","360","12TH CONGRESS","RICHVIEW","230","11","DEMOCRATIC","5"
"95","0","WASHINGTON","0","Blank Ballots","360","12TH CONGRESS","RICHVIEW","230","11","DEMOCRATIC","0"
"95","0","WASHINGTON","665","HOMER ""CHIP"" MARKEL","360","12TH CONGRESS","RICHVIEW","230","11","DEMOCRATIC","1"
"95","0","WASHINGTON","0","Under Votes","360","12TH CONGRESS","RICHVIEW","230","11","DEMOCRATIC","0"
"95","0","WASHINGTON","0","Blank Ballots","360","12TH CONGRESS","COVINGTON","299","11","DEMOCRATIC","2"
"95","0","WASHINGTON","665","HOMER ""CHIP"" MARKEL","360","12TH CONGRESS","COVINGTON","299","11","DEMOCRATIC","3"
"95","0","WASHINGTON","0","Under Votes","360","12TH CONGRESS","COVINGTON","299","11","DEMOCRATIC","0"
"95","0","WASHINGTON","0","Over Votes","360","12TH CONGRESS","OAKDALE","407","11","DEMOCRATIC","0"
"95","0","WASHINGTON","670","JOSHUA QUALLS","360","12TH CONGRESS","OAKDALE","407","11","DEMOCRATIC","4"
"95","0","WASHINGTON","0","Blank Ballots","360","12TH CONGRESS","OAKDALE","407","11","DEMOCRATIC","1"
"95","0","WASHINGTON","665","HOMER ""CHIP"" MARKEL","360","12TH CONGRESS","OAKDALE","407","11","DEMOCRATIC","13"
"95","0","WASHINGTON","0","Under Votes","360","12TH CONGRESS","OAKDALE","407","11","DEMOCRATIC","0"
"95","0","WASHINGTON","0","Over Votes","360","12TH CONGRESS","HOYLETON","740","11","DEMOCRATIC","0"
"95","0","WASHINGTON","670","JOSHUA QUALLS","360","12TH CONGRESS","HOYLETON","740","11","DEMOCRATIC","7"
"82","0","SALINE","0","Under Votes","360","12TH CONGRESS","STONEFORT","256","11","DEMOCRATIC","0"
"82","0","SALINE","665","HOMER ""CHIP"" MARKEL","360","12TH CONGRESS","STONEFORT","256","11","DEMOCRATIC","2"
"82","0","SALINE","670","JOSHUA QUALLS","360","12TH CONGRESS","STONEFORT","256","11","DEMOCRATIC","3"
"82","0","SALINE","0","Blank Ballots","360","12TH CONGRESS","STONEFORT","256","11","DEMOCRATIC","0"
"82","0","SALINE","665","HOMER ""CHIP"" MARKEL","360","12TH CONGRESS","EAST ELDORADO #6","449","11","DEMOCRATIC","15"
"82","0","SALINE","670","JOSHUA QUALLS","360","12TH CONGRESS","EAST ELDORADO #6","449","11","DEMOCRATIC","6"
"82","0","SALINE","0","Blank Ballots","360","12TH CONGRESS","EAST ELDORADO #6","449","11","DEMOCRATIC","2"
"82","0","SALINE","0","Over Votes","360","12TH CONGRESS","HARRISBURG # 8","788","11","DEMOCRATIC","0"
"82","0","SALINE","0","Under Votes","360","12TH CONGRESS","HARRISBURG # 8","788","11","DEMOCRATIC","0"
"82","0","SALINE","665","HOMER ""CHIP"" MARKEL","360","12TH CONGRESS","HARRISBURG # 8","788","11","DEMOCRATIC","17"
"82","0","SALINE","670","JOSHUA QUALLS","360","12TH CONGRESS","HARRISBURG # 8","788","11","DEMOCRATIC","15"
"82","0","SALINE","0","Blank Ballots","360","12TH CONGRESS","HARRISBURG # 8","788","11","DEMOCRATIC","7"
"82","0","SALINE","0","Over Votes","360","12TH CONGRESS","TATE","180","11","DEMOCRATIC","0"
"82","0","SALINE","0","Under Votes","360","12TH CONGRESS","TATE","180","11","DEMOCRATIC","0"
"82","0","SALINE","665","HOMER ""CHIP"" MARKEL","360","12TH CONGRESS","TATE","180","11","DEMOCRATIC","2"
"82","0","SALINE","670","JOSHUA QUALLS","360","12TH CONGRESS","TATE","180","11","DEMOCRATIC","0"
"82","0","SALINE","0","Blank Ballots","360","12TH CONGRESS","TATE","180","11","DEMOCRATIC","3"
"82","0","SALINE","670","JOSHUA QUALLS","360","12TH CONGRESS","EAST ELDORADO #3","394","11","DEMOCRATIC","9"
"82","0","SALINE","0","Blank Ballots","360","12TH CONGRESS","EAST ELDORADO #3","394","11","DEMOCRATIC","11"
"82","0","SALINE","0","Over Votes","360","12TH CONGRESS","HARRISBURG # 3","634","11","DEMOCRATIC","0"
"82","0","SALINE","0","Under Votes","360","12TH CONGRESS","HARRISBURG # 3","634","11","DEMOCRATIC","0"
"82","0","SALINE","665","HOMER ""CHIP"" MARKEL","360","12TH CONGRESS","HARRISBURG # 3","634","11","DEMOCRATIC","14"
"82","0","SALINE","670","JOSHUA QUALLS","360","12TH CONGRESS","HARRISBURG # 3","634","11","DEMOCRATIC","19"
"82","0","SALINE","0","Blank Ballots","360","12TH CONGRESS","HARRISBURG # 3","634","11","DEMOCRATIC","2"
"82","0","SALINE","0","Over Votes","360","12TH CONGRESS","HARRISBURG # 5","679","11","DEMOCRATIC","0"
"82","0","SALINE","0","Under Votes","360","12TH CONGRESS","HARRISBURG # 5","679","11","DEMOCRATIC","0"
"82","0","SALINE","665","HOMER ""CHIP"" MARKEL","360","12TH CONGRESS","HARRISBURG # 5","679","11","DEMOCRATIC","12"
"82","0","SALINE","670","JOSHUA QUALLS","360","12TH CONGRESS","HARRISBURG # 5","679","11","DEMOCRATIC","10"
"82","0","SALINE","0","Blank Ballots","360","12TH CONGRESS","HARRISBURG # 5","679","11","DEMOCRATIC","5"
"82","0","SALINE","0","Over Votes","360","12TH CONGRESS","LONG BRANCH","186","11","DEMOCRATIC","0"
"82","0","SALINE","0","Under Votes","360","12TH CONGRESS","LONG BRANCH","186","11","DEMOCRATIC","0"
"82","0","SALINE","665","HOMER ""CHIP"" MARKEL","360","12TH CONGRESS","LONG BRANCH","186","11","DEMOCRATIC","4"
"82","0","SALINE","670","JOSHUA QUALLS","360","12TH CONGRESS","LONG BRANCH","186","11","DEMOCRATIC","3"
"82","0","SALINE","0","Blank Ballots","360","12TH CONGRESS","LONG BRANCH","186","11","DEMOCRATIC","3"
"82","0","SALINE","0","Over Votes","360","12TH CONGRESS","RALEIGH","822","11","DEMOCRATIC","0"
"82","0","SALINE","0","Under Votes","360","12TH CONGRESS","RALEIGH","822","11","DEMOCRATIC","0"
"82","0","SALINE","665","HOMER ""CHIP"" MARKEL","360","12TH CONGRESS","RALEIGH","822","11","DEMOCRATIC","13"
"82","0","SALINE","670","JOSHUA QUALLS","360","12TH CONGRESS","RALEIGH","822","11","DEMOCRATIC","9"
"82","0","SALINE","0","Blank Ballots","360","12TH CONGRESS","RALEIGH","822","11","DEMOCRATIC","8"
"82","0","SALINE","0","Over Votes","360","12TH CONGRESS","EAST ELDORADO #4","667","11","DEMOCRATIC","0"
"82","0","SALINE","0","Under Votes","360","12TH CONGRESS","EAST ELDORADO #4","667","11","DEMOCRATIC","0"
"82","0","SALINE","665","HOMER ""CHIP"" MARKEL","360","12TH CONGRESS","EAST ELDORADO #4","667","11","DEMOCRATIC","14"
"95","0","WASHINGTON","0","Blank Ballots","360","12TH CONGRESS","OKAWVILLE 1","1164","12","REPUBLICAN","13"
"95","0","WASHINGTON","0","Under Votes","360","12TH CONGRESS","OKAWVILLE 2","200","12","REPUBLICAN","0"
"95","0","WASHINGTON","0","Over Votes","360","12TH CONGRESS","OKAWVILLE 2","200","12","REPUBLICAN","0"
"95","0","WASHINGTON","660","MIKE BOST","360","12TH CONGRESS","OKAWVILLE 2","200","12","REPUBLICAN","44"
"95","0","WASHINGTON","0","Blank Ballots","360","12TH CONGRESS","OKAWVILLE 2","200","12","REPUBLICAN","7"
"95","0","WASHINGTON","0","Under Votes","360","12TH CONGRESS","ASHLEY","509","12","REPUBLICAN","0"
"95","0","WASHINGTON","0","Over Votes","360","12TH CONGRESS","ASHLEY","509","12","REPUBLICAN","0"
"95","0","WASHINGTON","660","MIKE BOST","360","12TH CONGRESS","ASHLEY","509","12","REPUBLICAN","78"
"95","0","WASHINGTON","0","Blank Ballots","360","12TH CONGRESS","ASHLEY","509","12","REPUBLICAN","11"
"95","0","WASHINGTON","0","Under Votes","360","12TH CONGRESS","NASHVILLE 1","751","12","REPUBLICAN","0"
"95","0","WASHINGTON","0","Over Votes","360","12TH CONGRESS","NASHVILLE 1","751","12","REPUBLICAN","0"
"95","0","WASHINGTON","660","MIKE BOST","360","12TH CONGRESS","NASHVILLE 1","751","12","REPUBLICAN","102"
"95","0","WASHINGTON","0","Blank Ballots","360","12TH CONGRESS","NASHVILLE 1","751","12","REPUBLICAN","14"
"95","0","WASHINGTON","0","Under Votes","360","12TH CONGRESS","VENEDY","302","12","REPUBLICAN","0"
"95","0","WASHINGTON","0","Over Votes","360","12TH CONGRESS","VENEDY","302","12","REPUBLICAN","0"
"95","0","WASHINGTON","660","MIKE BOST","360","12TH CONGRESS","VENEDY","302","12","REPUBLICAN","40"
"95","0","WASHINGTON","0","Blank Ballots","360","12TH CONGRESS","VENEDY","302","12","REPUBLICAN","9"
"95","0","WASHINGTON","0","Under Votes","360","12TH CONGRESS","BOLO","320","12","REPUBLICAN","0"
"95","0","WASHINGTON","0","Over Votes","360","12TH CONGRESS","BOLO","320","12","REPUBLICAN","0"
"95","0","WASHINGTON","660","MIKE BOST","360","12TH CONGRESS","BOLO","320","12","REPUBLICAN","64"
"95","0","WASHINGTON","0","Blank Ballots","360","12TH CONGRESS","BOLO","320","12","REPUBLICAN","11"
"95","0","WASHINGTON","0","Under Votes","360","12TH CONGRESS","NASHVILLE 4","796","12","REPUBLICAN","0"
"95","0","WASHINGTON","0","Over Votes","360","12TH CONGRESS","NASHVILLE 4","796","12","REPUBLICAN","0"
"95","0","WASHINGTON","660","MIKE BOST","360","12TH CONGRESS","NASHVILLE 4","796","12","REPUBLICAN","110"
"95","0","WASHINGTON","0","Blank Ballots","360","12TH CONGRESS","NASHVILLE 4","796","12","REPUBLICAN","11"
"95","0","WASHINGTON","0","Under Votes","360","12TH CONGRESS","JOHANNISBURG","371","12","REPUBLICAN","0"
"95","0","WASHINGTON","0","Over Votes","360","12TH CONGRESS","JOHANNISBURG","371","12","REPUBLICAN","0"
"95","0","WASHINGTON","660","MIKE BOST","360","12TH CONGRESS","JOHANNISBURG","371","12","REPUBLICAN","71"
"95","0","WASHINGTON","0","Blank Ballots","360","12TH CONGRESS","JOHANNISBURG","371","12","REPUBLICAN","6"
"95","0","WASHINGTON","0","Under Votes","360","12TH CONGRESS","PLUM HILL","355","12","REPUBLICAN","0"
"95","0","WASHINGTON","0","Over Votes","360","12TH CONGRESS","PLUM HILL","355","12","REPUBLICAN","0"
"95","0","WASHINGTON","660","MIKE BOST","360","12TH CONGRESS","PLUM HILL","355","12","REPUBLICAN","99"
"95","0","WASHINGTON","0","Blank Ballots","360","12TH CONGRESS","PLUM HILL","355","12","REPUBLICAN","11"
"93","0","WABASH","665","HOMER ""CHIP"" MARKEL","360","12TH CONGRESS","MT CARMEL 1","282","11","DEMOCRATIC","9"
"93","0","WABASH","670","JOSHUA QUALLS","360","12TH CONGRESS","MT CARMEL 1","282","11","DEMOCRATIC","5"
"93","0","WABASH","665","HOMER ""CHIP"" MARKEL","360","12TH CONGRESS","MT CARMEL 4","249","11","DEMOCRATIC","7"
"93","0","WABASH","670","JOSHUA QUALLS","360","12TH CONGRESS","MT CARMEL 4","249","11","DEMOCRATIC","2"
"93","0","WABASH","665","HOMER ""CHIP"" MARKEL","360","12TH CONGRESS","MT CARMEL 7","740","11","DEMOCRATIC","12"
"93","0","WABASH","670","JOSHUA QUALLS","360","12TH CONGRESS","MT CARMEL 7","740","11","DEMOCRATIC","8"
"93","0","WABASH","665","HOMER ""CHIP"" MARKEL","360","12TH CONGRESS","WABASH 10","657","11","DEMOCRATIC","19"
"93","0","WABASH","670","JOSHUA QUALLS","360","12TH CONGRESS","WABASH 10","657","11","DEMOCRATIC","2"
"93","0","WABASH","665","HOMER ""CHIP"" MARKEL","360","12TH CONGRESS","MT CARMEL 2","454","11","DEMOCRATIC","11"
"77","0","PULASKI","0","Under Votes","360","12TH CONGRESS","MOUNDS 2","0","12","REPUBLICAN","2"
"77","0","PULASKI","660","MIKE BOST","360","12TH CONGRESS","MOUNDS 3","0","12","REPUBLICAN","38"
"77","0","PULASKI","0","Under Votes","360","12TH CONGRESS","MOUNDS 3","0","12","REPUBLICAN","3"
"14","0","CLINTON","660","MIKE BOST","360","12TH CONGRESS","ST ROSE","1072","12","REPUBLICAN","165"
"14","0","CLINTON","0","Under Votes","360","12TH CONGRESS","ST ROSE","1072","12","REPUBLICAN","13"
"14","0","CLINTON","0","Over Votes","360","12TH CONGRESS","ST ROSE","1072","12","REPUBLICAN","0"
"14","0","CLINTON","660","MIKE BOST","360","12TH CONGRESS","CARLYLE 3","552","12","REPUBLICAN","75"
"14","0","CLINTON","0","Under Votes","360","12TH CONGRESS","CARLYLE 3","552","12","REPUBLICAN","6"
"14","0","CLINTON","0","Over Votes","360","12TH CONGRESS","CARLYLE 3","552","12","REPUBLICAN","0"
"14","0","CLINTON","660","MIKE BOST","360","12TH CONGRESS","CARLYLE 4","521","12","REPUBLICAN","81"
"14","0","CLINTON","0","Under Votes","360","12TH CONGRESS","CARLYLE 4","521","12","REPUBLICAN","15"
"14","0","CLINTON","0","Over Votes","360","12TH CONGRESS","CARLYLE 4","521","12","REPUBLICAN","0"
"14","0","CLINTON","0","Under Votes","360","12TH CONGRESS","CLEMENT","343","12","REPUBLICAN","8"
"14","0","CLINTON","0","Over Votes","360","12TH CONGRESS","CLEMENT","343","12","REPUBLICAN","0"
"14","0","CLINTON","660","MIKE BOST","360","12TH CONGRESS","CLEMENT","343","12","REPUBLICAN","72"
"14","0","CLINTON","660","MIKE BOST","360","12TH CONGRESS","BREESE 1","894","12","REPUBLICAN","87"
"14","0","CLINTON","0","Under Votes","360","12TH CONGRESS","BREESE 1","894","12","REPUBLICAN","6"
"14","0","CLINTON","0","Over Votes","360","12TH CONGRESS","BREESE 1","894","12","REPUBLICAN","0"
"14","0","CLINTON","660","MIKE BOST","360","12TH CONGRESS","BREESE 2","841","12","REPUBLICAN","109"
"14","0","CLINTON","0","Under Votes","360","12TH CONGRESS","BREESE 2","841","12","REPUBLICAN","5"
"14","0","CLINTON","0","Over Votes","360","12TH CONGRESS","BREESE 2","841","12","REPUBLICAN","0"
"14","0","CLINTON","660","MIKE BOST","360","12TH CONGRESS","BREESE 3","1359","12","REPUBLICAN","146"
"14","0","CLINTON","0","Under Votes","360","12TH CONGRESS","BREESE 3","1359","12","REPUBLICAN","21"
"14","0","CLINTON","0","Over Votes","360","12TH CONGRESS","BREESE 3","1359","12","REPUBLICAN","0"
"14","0","CLINTON","660","MIKE BOST","360","12TH CONGRESS","GERMANTOWN 1","941","12","REPUBLICAN","149"
"14","0","CLINTON","0","Under Votes","360","12TH CONGRESS","GERMANTOWN 1","941","12","REPUBLICAN","19"
"14","0","CLINTON","0","Over Votes","360","12TH CONGRESS","GERMANTOWN 1","941","12","REPUBLICAN","0"
"14","0","CLINTON","660","MIKE BOST","360","12TH CONGRESS","GERMANTOWN 2","624","12","REPUBLICAN","87"
"14","0","CLINTON","0","Under Votes","360","12TH CONGRESS","GERMANTOWN 2","624","12","REPUBLICAN","4"
"14","0","CLINTON","0","Over Votes","360","12TH CONGRESS","GERMANTOWN 2","624","12","REPUBLICAN","0"
"14","0","CLINTON","660","MIKE BOST","360","12TH CONGRESS","SANTA FE","898","12","REPUBLICAN","233"
"14","0","CLINTON","0","Under Votes","360","12TH CONGRESS","SANTA FE","898","12","REPUBLICAN","33"
"14","0","CLINTON","0","Over Votes","360","12TH CONGRESS","SANTA FE","898","12","REPUBLICAN","0"
"14","0","CLINTON","660","MIKE BOST","360","12TH CONGRESS","LAKE","644","12","REPUBLICAN","126"
"14","0","CLINTON","0","Under Votes","360","12TH CONGRESS","LAKE","644","12","REPUBLICAN","12"
"14","0","CLINTON","0","Over Votes","360","12TH CONGRESS","LAKE","644","12","REPUBLICAN","0"
"14","0","CLINTON","660","MIKE BOST","360","12TH CONGRESS","WHEATFIELD","342","12","REPUBLICAN","87"
"14","0","CLINTON","0","Under Votes","360","12TH CONGRESS","WHEATFIELD","342","12","REPUBLICAN","4"
"14","0","CLINTON","0","Over Votes","360","12TH CONGRESS","WHEATFIELD","342","12","REPUBLICAN","0"
"14","0","CLINTON","660","MIKE BOST","360","12TH CONGRESS","IRISHTOWN","787","12","REPUBLICAN","111"
"14","0","CLINTON","0","Under Votes","360","12TH CONGRESS","IRISHTOWN","787","12","REPUBLICAN","20"
"14","0","CLINTON","0","Over Votes","360","12TH CONGRESS","IRISHTOWN","787","12","REPUBLICAN","0"
"14","0","CLINTON","660","MIKE BOST","360","12TH CONGRESS","EAST FORK","285","12","REPUBLICAN","56"
"15","0","COLES","0","Under Votes","360","12TH CONGRESS","CHARLESTON 5","1065","11","DEMOCRATIC","10"
"15","0","COLES","0","Blank Ballots","360","12TH CONGRESS","CHARLESTON 5","1065","11","DEMOCRATIC","0"
"15","0","COLES","670","JOSHUA QUALLS","360","12TH CONGRESS","CHARLESTON 5","1065","11","DEMOCRATIC","27"
"15","0","COLES","665","HOMER ""CHIP"" MARKEL","360","12TH CONGRESS","PARADISE 1","803","11","DEMOCRATIC","17"
"15","0","COLES","0","Over Votes","360","12TH CONGRESS","PARADISE 1","803","11","DEMOCRATIC","0"
"15","0","COLES","0","Under Votes","360","12TH CONGRESS","PARADISE 1","803","11","DEMOCRATIC","0"
"15","0","COLES","0","Blank Ballots","360","12TH CONGRESS","PARADISE 1","803","11","DEMOCRATIC","0"
"15","0","COLES","670","JOSHUA QUALLS","360","12TH CONGRESS","PARADISE 1","803","11","DEMOCRATIC","12"
"15","0","COLES","665","HOMER ""CHIP"" MARKEL","360","12TH CONGRESS","ASHMORE 1","818","11","DEMOCRATIC","15"
"15","0","COLES","0","Over Votes","360","12TH CONGRESS","ASHMORE 1","818","11","DEMOCRATIC","0"
"15","0","COLES","0","Under Votes","360","12TH CONGRESS","ASHMORE 1","818","11","DEMOCRATIC","4"
"15","0","COLES","0","Blank Ballots","360","12TH CONGRESS","ASHMORE 1","818","11","DEMOCRATIC","0"
"15","0","COLES","670","JOSHUA QUALLS","360","12TH CONGRESS","ASHMORE 1","818","11","DEMOCRATIC","9"
"15","0","COLES","665","HOMER ""CHIP"" MARKEL","360","12TH CONGRESS","EAST OAKLAND 1","862","11","DEMOCRATIC","18"
"15","0","COLES","0","Over Votes","360","12TH CONGRESS","EAST OAKLAND 1","862","11","DEMOCRATIC","0"
"15","0","COLES","0","Under Votes","360","12TH CONGRESS","EAST OAKLAND 1","862","11","DEMOCRATIC","3"
"15","0","COLES","0","Blank Ballots","360","12TH CONGRESS","EAST OAKLAND 1","862","11","DEMOCRATIC","0"
"15","0","COLES","670","JOSHUA QUALLS","360","12TH CONGRESS","EAST OAKLAND 1","862","11","DEMOCRATIC","11"
"15","0","COLES","665","HOMER ""CHIP"" MARKEL","360","12TH CONGRESS","HUTTON 1","585","11","DEMOCRATIC","11"
"15","0","COLES","0","Over Votes","360","12TH CONGRESS","HUTTON 1","585","11","DEMOCRATIC","0"
"15","0","COLES","0","Under Votes","360","12TH CONGRESS","HUTTON 1","585","11","DEMOCRATIC","1"
"15","0","COLES","0","Blank Ballots","360","12TH CONGRESS","HUTTON 1","585","11","DEMOCRATIC","0"
"15","0","COLES","670","JOSHUA QUALLS","360","12TH CONGRESS","HUTTON 1","585","11","DEMOCRATIC","16"
"15","0","COLES","665","HOMER ""CHIP"" MARKEL","360","12TH CONGRESS","MORGAN 1","228","11","DEMOCRATIC","1"
"15","0","COLES","0","Over Votes","360","12TH CONGRESS","MORGAN 1","228","11","DEMOCRATIC","0"
"15","0","COLES","0","Under Votes","360","12TH CONGRESS","MORGAN 1","228","11","DEMOCRATIC","2"
"15","0","COLES","0","Blank Ballots","360","12TH CONGRESS","MORGAN 1","228","11","DEMOCRATIC","0"
"15","0","COLES","670","JOSHUA QUALLS","360","12TH CONGRESS","MORGAN 1","228","11","DEMOCRATIC","4"
"15","0","COLES","665","HOMER ""CHIP"" MARKEL","360","12TH CONGRESS","CHARLESTON 3","696","11","DEMOCRATIC","10"
"15","0","COLES","0","Over Votes","360","12TH CONGRESS","CHARLESTON 3","696","11","DEMOCRATIC","0"
"15","0","COLES","0","Under Votes","360","12TH CONGRESS","CHARLESTON 3","696","11","DEMOCRATIC","4"
"15","0","COLES","0","Blank Ballots","360","12TH CONGRESS","CHARLESTON 3","696","11","DEMOCRATIC","0"
"15","0","COLES","670","JOSHUA QUALLS","360","12TH CONGRESS","CHARLESTON 3","696","11","DEMOCRATIC","19"
"15","0","COLES","665","HOMER ""CHIP"" MARKEL","360","12TH CONGRESS","LAFAYETTE 1","1053","11","DEMOCRATIC","21"
"15","0","COLES","0","Over Votes","360","12TH CONGRESS","LAFAYETTE 1","1053","11","DEMOCRATIC","0"
"15","0","COLES","0","Under Votes","360","12TH CONGRESS","LAFAYETTE 1","1053","11","DEMOCRATIC","5"
"15","0","COLES","0","Blank Ballots","360","12TH CONGRESS","LAFAYETTE 1","1053","11","DEMOCRATIC","0"
"15","0","COLES","670","JOSHUA QUALLS","360","12TH CONGRESS","LAFAYETTE 1","1053","11","DEMOCRATIC","14"
"30","0","GALLATIN","665","HOMER ""CHIP"" MARKEL","360","12TH CONGRESS","OMAHA","344","11","DEMOCRATIC","16"
"30","0","GALLATIN","670","JOSHUA QUALLS","360","12TH CONGRESS","OMAHA","344","11","DEMOCRATIC","11"
"30","0","GALLATIN","665","HOMER ""CHIP"" MARKEL","360","12TH CONGRESS","EAGLE CREEK","133","11","DEMOCRATIC","4"
"30","0","GALLATIN","670","JOSHUA QUALLS","360","12TH CONGRESS","EAGLE CREEK","133","11","DEMOCRATIC","5"
"15","0","COLES","0","Over Votes","360","12TH CONGRESS","PARADISE 1","803","12","REPUBLICAN","0"
"15","0","COLES","0","Under Votes","360","12TH CONGRESS","ASHMORE 1","818","12","REPUBLICAN","62"
"15","0","COLES","660","MIKE BOST","360","12TH CONGRESS","ASHMORE 1","818","12","REPUBLICAN","235"
"15","0","COLES","0","Blank Ballots","360","12TH CONGRESS","ASHMORE 1","818","12","REPUBLICAN","0"
"15","0","COLES","0","Over Votes","360","12TH CONGRESS","ASHMORE 1","818","12","REPUBLICAN","0"
"15","0","COLES","0","Under Votes","360","12TH CONGRESS","EAST OAKLAND 1","862","12","REPUBLICAN","74"
"15","0","COLES","660","MIKE BOST","360","12TH CONGRESS","EAST OAKLAND 1","862","12","REPUBLICAN","223"
"15","0","COLES","0","Blank Ballots","360","12TH CONGRESS","EAST OAKLAND 1","862","12","REPUBLICAN","0"
"15","0","COLES","0","Over Votes","360","12TH CONGRESS","EAST OAKLAND 1","862","12","REPUBLICAN","0"
"15","0","COLES","0","Under Votes","360","12TH CONGRESS","CHARLESTON 3","696","12","REPUBLICAN","28"
"15","0","COLES","660","MIKE BOST","360","12TH CONGRESS","CHARLESTON 3","696","12","REPUBLICAN","125"
"15","0","COLES","0","Blank Ballots","360","12TH CONGRESS","CHARLESTON 3","696","12","REPUBLICAN","0"
"15","0","COLES","0","Over Votes","360","12TH CONGRESS","CHARLESTON 3","696","12","REPUBLICAN","0"
"15","0","COLES","0","Under Votes","360","12TH CONGRESS","LAFAYETTE 1","1053","12","REPUBLICAN","57"
"15","0","COLES","660","MIKE BOST","360","12TH CONGRESS","LAFAYETTE 1","1053","12","REPUBLICAN","194"
"15","0","COLES","0","Blank Ballots","360","12TH CONGRESS","LAFAYETTE 1","1053","12","REPUBLICAN","0"
"15","0","COLES","0","Over Votes","360","12TH CONGRESS","LAFAYETTE 1","1053","12","REPUBLICAN","0"
"15","0","COLES","0","Under Votes","360","12TH CONGRESS","MORGAN 1","228","12","REPUBLICAN","21"
"15","0","COLES","660","MIKE BOST","360","12TH CONGRESS","MORGAN 1","228","12","REPUBLICAN","51"
"15","0","COLES","0","Blank Ballots","360","12TH CONGRESS","MORGAN 1","228","12","REPUBLICAN","0"
"15","0","COLES","0","Over Votes","360","12TH CONGRESS","MORGAN 1","228","12","REPUBLICAN","0"
"15","0","COLES","0","Under Votes","360","12TH CONGRESS","HUTTON 1","585","12","REPUBLICAN","36"
"15","0","COLES","660","MIKE BOST","360","12TH CONGRESS","HUTTON 1","585","12","REPUBLICAN","191"
"15","0","COLES","0","Blank Ballots","360","12TH CONGRESS","HUTTON 1","585","12","REPUBLICAN","0"
"15","0","COLES","0","Over Votes","360","12TH CONGRESS","HUTTON 1","585","12","REPUBLICAN","0"
"15","0","COLES","0","Under Votes","360","12TH CONGRESS","PLEASANT GROVE 1","897","12","REPUBLICAN","61"
"15","0","COLES","660","MIKE BOST","360","12TH CONGRESS","PLEASANT GROVE 1","897","12","REPUBLICAN","271"
"15","0","COLES","0","Blank Ballots","360","12TH CONGRESS","PLEASANT GROVE 1","897","12","REPUBLICAN","0"
"15","0","COLES","0","Over Votes","360","12TH CONGRESS","PLEASANT GROVE 1","897","12","REPUBLICAN","0"
"91","0","UNION","0","Over Votes","360","12TH CONGRESS","STOKES","0","12","REPUBLICAN","0"
"91","0","UNION","660","MIKE BOST","360","12TH CONGRESS","STOKES","0","12","REPUBLICAN","142"
"91","0","UNION","0","Under Votes","360","12TH CONGRESS","STOKES","0","12","REPUBLICAN","14"
"91","0","UNION","0","Over Votes","360","12TH CONGRESS","UNION","0","12","REPUBLICAN","0"
"91","0","UNION","660","MIKE BOST","360","12TH CONGRESS","UNION","0","12","REPUBLICAN","116"
"91","0","UNION","0","Under Votes","360","12TH CONGRESS","UNION","0","12","REPUBLICAN","9"
"91","0","UNION","0","Over Votes","360","12TH CONGRESS","ANNA 1","0","12","REPUBLICAN","0"
"91","0","UNION","660","MIKE BOST","360","12TH CONGRESS","ANNA 1","0","12","REPUBLICAN","139"
"91","0","UNION","0","Under Votes","360","12TH CONGRESS","ANNA 1","0","12","REPUBLICAN","16"
"91","0","UNION","0","Over Votes","360","12TH CONGRESS","ANNA 2","0","12","REPUBLICAN","0"
"91","0","UNION","660","MIKE BOST","360","12TH CONGRESS","ANNA 2","0","12","REPUBLICAN","107"
"91","0","UNION","0","Under Votes","360","12TH CONGRESS","ANNA 2","0","12","REPUBLICAN","6"
"91","0","UNION","0","Over Votes","360","12TH CONGRESS","ANNA 3","0","12","REPUBLICAN","0"
"91","0","UNION","660","MIKE BOST","360","12TH CONGRESS","ANNA 3","0","12","REPUBLICAN","165"
"91","0","UNION","0","Under Votes","360","12TH CONGRESS","ANNA 3","0","12","REPUBLICAN","15"
"2","0","ALEXANDER","665","HOMER ""CHIP"" MARKEL","360","12TH CONGRESS","CACHE","205","11","DEMOCRATIC","2"
"2","0","ALEXANDER","670","JOSHUA QUALLS","360","12TH CONGRESS","CACHE","205","11","DEMOCRATIC","7"
"2","0","ALEXANDER","665","HOMER ""CHIP"" MARKEL","360","12TH CONGRESS","MCCLURE","643","11","DEMOCRATIC","4"
"2","0","ALEXANDER","670","JOSHUA QUALLS","360","12TH CONGRESS","MCCLURE","643","11","DEMOCRATIC","9"
"2","0","ALEXANDER","665","HOMER ""CHIP"" MARKEL","360","12TH CONGRESS","CAIRO 2","248","11","DEMOCRATIC","30"
"2","0","ALEXANDER","670","JOSHUA QUALLS","360","12TH CONGRESS","CAIRO 2","248","11","DEMOCRATIC","16"
"2","0","ALEXANDER","665","HOMER ""CHIP"" MARKEL","360","12TH CONGRESS","CAIRO 5","303","11","DEMOCRATIC","13"
"2","0","ALEXANDER","670","JOSHUA QUALLS","360","12TH CONGRESS","CAIRO 5","303","11","DEMOCRATIC","10"
"2","0","ALEXANDER","665","HOMER ""CHIP"" MARKEL","360","12TH CONGRESS","TAMMS","954","11","DEMOCRATIC","24"
"2","0","ALEXANDER","670","JOSHUA QUALLS","360","12TH CONGRESS","TAMMS","954","11","DEMOCRATIC","21"
"2","0","ALEXANDER","665","HOMER ""CHIP"" MARKEL","360","12TH CONGRESS","OLIVE BRANCH","616","11","DEMOCRATIC","35"
"2","0","ALEXANDER","670","JOSHUA QUALLS","360","12TH CONGRESS","OLIVE BRANCH","616","11","DEMOCRATIC","14"
"2","0","ALEXANDER","665","HOMER ""CHIP"" MARKEL","360","12TH CONGRESS","CAIRO 1","376","11","DEMOCRATIC","15"
"2","0","ALEXANDER","670","JOSHUA QUALLS","360","12TH CONGRESS","CAIRO 1","376","11","DEMOCRATIC","23"
"2","0","ALEXANDER","665","HOMER ""CHIP"" MARKEL","360","12TH CONGRESS","CAIRO 4","542","11","DEMOCRATIC","41"
"2","0","ALEXANDER","670","JOSHUA QUALLS","360","12TH CONGRESS","CAIRO 4","542","11","DEMOCRATIC","27"
"2","0","ALEXANDER","665","HOMER ""CHIP"" MARKEL","360","12TH CONGRESS","SANDUSKY","269","11","DEMOCRATIC","21"
"2","0","ALEXANDER","670","JOSHUA QUALLS","360","12TH CONGRESS","SANDUSKY","269","11","DEMOCRATIC","9"
"2","0","ALEXANDER","665","HOMER ""CHIP"" MARKEL","360","12TH CONGRESS","THEBES","539","11","DEMOCRATIC","16"
"2","0","ALEXANDER","670","JOSHUA QUALLS","360","12TH CONGRESS","THEBES","539","11","DEMOCRATIC","12"
"91","0","UNION","0","Over Votes","360","12TH CONGRESS","COBDEN 2","0","11","DEMOCRATIC","0"
"91","0","UNION","0","Under Votes","360","12TH CONGRESS","COBDEN 2","0","11","DEMOCRATIC","6"
"91","0","UNION","670","JOSHUA QUALLS","360","12TH CONGRESS","COBDEN 2","0","11","DEMOCRATIC","24"
"91","0","UNION","665","HOMER ""CHIP"" MARKEL","360","12TH CONGRESS","COBDEN 2","0","11","DEMOCRATIC","45"
"91","0","UNION","0","Over Votes","360","12TH CONGRESS","DONGOLA 1","0","11","DEMOCRATIC","0"
"91","0","UNION","0","Under Votes","360","12TH CONGRESS","DONGOLA 1","0","11","DEMOCRATIC","0"
"91","0","UNION","670","JOSHUA QUALLS","360","12TH CONGRESS","DONGOLA 1","0","11","DEMOCRATIC","14"
"91","0","UNION","665","HOMER ""CHIP"" MARKEL","360","12TH CONGRESS","DONGOLA 1","0","11","DEMOCRATIC","16"
"91","0","UNION","0","Over Votes","360","12TH CONGRESS","DONGOLA 2","0","11","DEMOCRATIC","0"
"91","0","UNION","0","Under Votes","360","12TH CONGRESS","DONGOLA 2","0","11","DEMOCRATIC","3"
"91","0","UNION","670","JOSHUA QUALLS","360","12TH CONGRESS","DONGOLA 2","0","11","DEMOCRATIC","6"
"91","0","UNION","665","HOMER ""CHIP"" MARKEL","360","12TH CONGRESS","DONGOLA 2","0","11","DEMOCRATIC","3"
"91","0","UNION","0","Over Votes","360","12TH CONGRESS","ALTO PASS","0","11","DEMOCRATIC","0"
"91","0","UNION","0","Under Votes","360","12TH CONGRESS","ALTO PASS","0","11","DEMOCRATIC","2"
"91","0","UNION","670","JOSHUA QUALLS","360","12TH CONGRESS","ALTO PASS","0","11","DEMOCRATIC","37"
"91","0","UNION","665","HOMER ""CHIP"" MARKEL","360","12TH CONGRESS","ALTO PASS","0","11","DEMOCRATIC","27"
"91","0","UNION","0","Over Votes","360","12TH CONGRESS","ANNA 1","0","11","DEMOCRATIC","0"
"91","0","UNION","0","Under Votes","360","12TH CONGRESS","ANNA 1","0","11","DEMOCRATIC","13"
"91","0","UNION","670","JOSHUA QUALLS","360","12TH CONGRESS","ANNA 1","0","11","DEMOCRATIC","20"
"91","0","UNION","665","HOMER ""CHIP"" MARKEL","360","12TH CONGRESS","ANNA 1","0","11","DEMOCRATIC","32"
"91","0","UNION","0","Over Votes","360","12TH CONGRESS","ANNA 2","0","11","DEMOCRATIC","0"
"91","0","UNION","0","Under Votes","360","12TH CONGRESS","ANNA 2","0","11","DEMOCRATIC","3"
"100","0","WILLIAMSON","660","MIKE BOST","360","12TH CONGRESS","EAST MARION 1","591","12","REPUBLICAN","52"
"100","0","WILLIAMSON","660","MIKE BOST","360","12TH CONGRESS","EAST MARION 4","868","12","REPUBLICAN","188"
"100","0","WILLIAMSON","660","MIKE BOST","360","12TH CONGRESS","EAST MARION 7","747","12","REPUBLICAN","112"
"100","0","WILLIAMSON","660","MIKE BOST","360","12TH CONGRESS","EAST MARION 10","815","12","REPUBLICAN","174"
"100","0","WILLIAMSON","660","MIKE BOST","360","12TH CONGRESS","CARTERVILLE 5","873","12","REPUBLICAN","129"
"100","0","WILLIAMSON","660","MIKE BOST","360","12TH CONGRESS","GRASSY 1","495","12","REPUBLICAN","97"
"100","0","WILLIAMSON","660","MIKE BOST","360","12TH CONGRESS","HERRIN 3","552","12","REPUBLICAN","46"
"100","0","WILLIAMSON","660","MIKE BOST","360","12TH CONGRESS","HERRIN 6","592","12","REPUBLICAN","86"
"100","0","WILLIAMSON","660","MIKE BOST","360","12TH CONGRESS","WEST MARION 10","656","12","REPUBLICAN","108"
"100","0","WILLIAMSON","660","MIKE BOST","360","12TH CONGRESS","SOUTHERN 2","904","12","REPUBLICAN","201"
"100","0","WILLIAMSON","660","MIKE BOST","360","12TH CONGRESS","LAKE CREEK 3","665","12","REPUBLICAN","84"
"100","0","WILLIAMSON","660","MIKE BOST","360","12TH CONGRESS","EAST MARION 2","359","12","REPUBLICAN","50"
"12","0","CLARK","660","MIKE BOST","360","12TH CONGRESS","CASEY 3","439","12","REPUBLICAN","105"
"12","0","CLARK","0","Over Votes","360","12TH CONGRESS","CASEY 3","439","12","REPUBLICAN","0"
"12","0","CLARK","0","Under Votes","360","12TH CONGRESS","CASEY 3","439","12","REPUBLICAN","11"
"12","0","CLARK","0","Blank Ballots","360","12TH CONGRESS","CASEY 3","439","12","REPUBLICAN","0"
"12","0","CLARK","660","MIKE BOST","360","12TH CONGRESS","MARSHALL 2","986","12","REPUBLICAN","147"
"12","0","CLARK","0","Over Votes","360","12TH CONGRESS","MARSHALL 2","986","12","REPUBLICAN","0"
"12","0","CLARK","0","Under Votes","360","12TH CONGRESS","MARSHALL 2","986","12","REPUBLICAN","38"
"12","0","CLARK","0","Blank Ballots","360","12TH CONGRESS","MARSHALL 2","986","12","REPUBLICAN","0"
"12","0","CLARK","660","MIKE BOST","360","12TH CONGRESS","YORK","370","12","REPUBLICAN","81"
"12","0","CLARK","0","Over Votes","360","12TH CONGRESS","YORK","370","12","REPUBLICAN","0"
"12","0","CLARK","0","Under Votes","360","12TH CONGRESS","YORK","370","12","REPUBLICAN","12"
"12","0","CLARK","0","Blank Ballots","360","12TH CONGRESS","YORK","370","12","REPUBLICAN","0"
"12","0","CLARK","660","MIKE BOST","360","12TH CONGRESS","AUBURN","171","12","REPUBLICAN","48"
"12","0","CLARK","0","Over Votes","360","12TH CONGRESS","AUBURN","171","12","REPUBLICAN","0"
"12","0","CLARK","0","Under Votes","360","12TH CONGRESS","AUBURN","171","12","REPUBLICAN","13"
"12","0","CLARK","0","Blank Ballots","360","12TH CONGRESS","AUBURN","171","12","REPUBLICAN","0"
"12","0","CLARK","660","MIKE BOST","360","12TH CONGRESS","MARSHALL 3","537","12","REPUBLICAN","63"
"12","0","CLARK","0","Over Votes","360","12TH CONGRESS","MARSHALL 3","537","12","REPUBLICAN","0"
"12","0","CLARK","0","Under Votes","360","12TH CONGRESS","MARSHALL 3","537","12","REPUBLICAN","12"
"12","0","CLARK","0","Blank Ballots","360","12TH CONGRESS","MARSHALL 3","537","12","REPUBLICAN","0"
"12","0","CLARK","660","MIKE BOST","360","12TH CONGRESS","WABASH 1","438","12","REPUBLICAN","63"
"12","0","CLARK","0","Over Votes","360","12TH CONGRESS","WABASH 1","438","12","REPUBLICAN","0"
"12","0","CLARK","0","Under Votes","360","12TH CONGRESS","WABASH 1","438","12","REPUBLICAN","7"
"12","0","CLARK","0","Blank Ballots","360","12TH CONGRESS","WABASH 1","438","12","REPUBLICAN","0"
"12","0","CLARK","660","MIKE BOST","360","12TH CONGRESS","ANDERSON","332","12","REPUBLICAN","60"
"12","0","CLARK","0","Over Votes","360","12TH CONGRESS","ANDERSON","332","12","REPUBLICAN","0"
"12","0","CLARK","0","Under Votes","360","12TH CONGRESS","ANDERSON","332","12","REPUBLICAN","9"
"12","0","CLARK","0","Blank Ballots","360","12TH CONGRESS","ANDERSON","332","12","REPUBLICAN","0"
"12","0","CLARK","660","MIKE BOST","360","12TH CONGRESS","DOLSON","266","12","REPUBLICAN","73"
"12","0","CLARK","0","Over Votes","360","12TH CONGRESS","DOLSON","266","12","REPUBLICAN","0"
"12","0","CLARK","0","Under Votes","360","12TH CONGRESS","DOLSON","266","12","REPUBLICAN","14"
"30","0","GALLATIN","665","HOMER ""CHIP"" MARKEL","360","12TH CONGRESS","GOLD HILL 1","545","11","DEMOCRATIC","34"
"30","0","GALLATIN","670","JOSHUA QUALLS","360","12TH CONGRESS","GOLD HILL 1","545","11","DEMOCRATIC","19"
"30","0","GALLATIN","665","HOMER ""CHIP"" MARKEL","360","12TH CONGRESS","EQUALITY","593","11","DEMOCRATIC","24"
"30","0","GALLATIN","670","JOSHUA QUALLS","360","12TH CONGRESS","EQUALITY","593","11","DEMOCRATIC","5"
"30","0","GALLATIN","665","HOMER ""CHIP"" MARKEL","360","12TH CONGRESS","NEW HAVEN","282","11","DEMOCRATIC","17"
"30","0","GALLATIN","670","JOSHUA QUALLS","360","12TH CONGRESS","NEW HAVEN","282","11","DEMOCRATIC","11"
"30","0","GALLATIN","665","HOMER ""CHIP"" MARKEL","360","12TH CONGRESS","RIDGWAY","623","11","DEMOCRATIC","40"
"30","0","GALLATIN","670","JOSHUA QUALLS","360","12TH CONGRESS","RIDGWAY","623","11","DEMOCRATIC","28"
"30","0","GALLATIN","665","HOMER ""CHIP"" MARKEL","360","12TH CONGRESS","BOWLESVILLE","117","11","DEMOCRATIC","5"
"30","0","GALLATIN","670","JOSHUA QUALLS","360","12TH CONGRESS","BOWLESVILLE","117","11","DEMOCRATIC","4"
"30","0","GALLATIN","665","HOMER ""CHIP"" MARKEL","360","12TH CONGRESS","NORTH FORK","284","11","DEMOCRATIC","10"
"30","0","GALLATIN","670","JOSHUA QUALLS","360","12TH CONGRESS","NORTH FORK","284","11","DEMOCRATIC","11"
"30","0","GALLATIN","665","HOMER ""CHIP"" MARKEL","360","12TH CONGRESS","ASBURY","76","11","DEMOCRATIC","2"
"30","0","GALLATIN","670","JOSHUA QUALLS","360","12TH CONGRESS","ASBURY","76","11","DEMOCRATIC","4"
"30","0","GALLATIN","665","HOMER ""CHIP"" MARKEL","360","12TH CONGRESS","GOLD HILL 2","463","11","DEMOCRATIC","38"
"30","0","GALLATIN","670","JOSHUA QUALLS","360","12TH CONGRESS","GOLD HILL 2","463","11","DEMOCRATIC","20"
"30","0","GALLATIN","665","HOMER ""CHIP"" MARKEL","360","12TH CONGRESS","SHAWNEE","143","11","DEMOCRATIC","10"
"30","0","GALLATIN","670","JOSHUA QUALLS","360","12TH CONGRESS","SHAWNEE","143","11","DEMOCRATIC","5"
"30","0","GALLATIN","0","Under Votes","360","12TH CONGRESS","","0","11","DEMOCRATIC","233"
"30","0","GALLATIN","0","Over Votes","360","12TH CONGRESS","","0","11","DEMOCRATIC","0"
"40","0","JASPER","660","MIKE BOST","360","12TH CONGRESS","NORTH MUDDY - 003","0","12","","169"
"40","0","JASPER","0","Under Votes","360","12TH CONGRESS","NORTH MUDDY - 003","0","12","","37"
"40","0","JASPER","0","Over Votes","360","12TH CONGRESS","NORTH MUDDY - 003","0","12","","0"
"40","0","JASPER","660","MIKE BOST","360","12TH CONGRESS","SOUTH MUDDY - 003","0","12","","65"
"40","0","JASPER","0","Under Votes","360","12TH CONGRESS","SOUTH MUDDY - 003","0","12","","22"
"40","0","JASPER","0","Over Votes","360","12TH CONGRESS","SOUTH MUDDY - 003","0","12","","0"
"40","0","JASPER","660","MIKE BOST","360","12TH CONGRESS","STE. MARIE 2 - 005","0","12","","16"
"40","0","JASPER","0","Under Votes","360","12TH CONGRESS","STE. MARIE 2 - 005","0","12","","6"
"40","0","JASPER","0","Over Votes","360","12TH CONGRESS","STE. MARIE 2 - 005","0","12","","0"
"40","0","JASPER","660","MIKE BOST","360","12TH CONGRESS","WADE 3 - 005","0","12","","105"
"40","0","JASPER","0","Under Votes","360","12TH CONGRESS","WADE 3 - 005","0","12","","46"
"40","0","JASPER","0","Over Votes","360","12TH CONGRESS","WADE 3 - 005","0","12","","0"
"40","0","JASPER","660","MIKE BOST","360","12TH CONGRESS","CROOKED CREEK - 002","0","12","","0"
"40","0","JASPER","0","Under Votes","360","12TH CONGRESS","CROOKED CREEK - 002","0","12","","0"
"40","0","JASPER","0","Over Votes","360","12TH CONGRESS","CROOKED CREEK - 002","0","12","","0"
"40","0","JASPER","660","MIKE BOST","360","12TH CONGRESS","HUNT CITY - F12","0","12","","0"
"40","0","JASPER","0","Under Votes","360","12TH CONGRESS","HUNT CITY - F12","0","12","","0"
"40","0","JASPER","0","Over Votes","360","12TH CONGRESS","HUNT CITY - F12","0","12","","0"
"40","0","JASPER","660","MIKE BOST","360","12TH CONGRESS","SOUTH MUDDY - F12","0","12","","0"
"40","0","JASPER","0","Under Votes","360","12TH CONGRESS","SOUTH MUDDY - F12","0","12","","0"
"40","0","JASPER","0","Over Votes","360","12TH CONGRESS","SOUTH MUDDY - F12","0","12","","0"
"40","0","JASPER","660","MIKE BOST","360","12TH CONGRESS","WADE 1 - F12","0","12","","0"
"40","0","JASPER","0","Under Votes","360","12TH CONGRESS","WADE 1 - F12","0","12","","0"
"82","0","SALINE","670","JOSHUA QUALLS","360","12TH CONGRESS","EAST ELDORADO #4","667","11","DEMOCRATIC","9"
"82","0","SALINE","0","Blank Ballots","360","12TH CONGRESS","EAST ELDORADO #4","667","11","DEMOCRATIC","7"
"82","0","SALINE","0","Over Votes","360","12TH CONGRESS","HARRISBURG # 6","709","11","DEMOCRATIC","0"
"82","0","SALINE","0","Under Votes","360","12TH CONGRESS","HARRISBURG # 6","709","11","DEMOCRATIC","0"
"82","0","SALINE","665","HOMER ""CHIP"" MARKEL","360","12TH CONGRESS","HARRISBURG # 6","709","11","DEMOCRATIC","15"
"82","0","SALINE","670","JOSHUA QUALLS","360","12TH CONGRESS","HARRISBURG # 6","709","11","DEMOCRATIC","7"
"82","0","SALINE","0","Blank Ballots","360","12TH CONGRESS","HARRISBURG # 6","709","11","DEMOCRATIC","7"
"82","0","SALINE","0","Over Votes","360","12TH CONGRESS","RECTOR","42","11","DEMOCRATIC","0"
"82","0","SALINE","0","Under Votes","360","12TH CONGRESS","RECTOR","42","11","DEMOCRATIC","0"
"82","0","SALINE","665","HOMER ""CHIP"" MARKEL","360","12TH CONGRESS","RECTOR","42","11","DEMOCRATIC","1"
"82","0","SALINE","670","JOSHUA QUALLS","360","12TH CONGRESS","RECTOR","42","11","DEMOCRATIC","0"
"82","0","SALINE","0","Blank Ballots","360","12TH CONGRESS","RECTOR","42","11","DEMOCRATIC","0"
"82","0","SALINE","0","Over Votes","360","12TH CONGRESS","EAST ELDORADO #2","666","11","DEMOCRATIC","0"
"82","0","SALINE","0","Under Votes","360","12TH CONGRESS","EAST ELDORADO #2","666","11","DEMOCRATIC","0"
"82","0","SALINE","665","HOMER ""CHIP"" MARKEL","360","12TH CONGRESS","EAST ELDORADO #2","666","11","DEMOCRATIC","15"
"82","0","SALINE","670","JOSHUA QUALLS","360","12TH CONGRESS","EAST ELDORADO #2","666","11","DEMOCRATIC","11"
"82","0","SALINE","0","Blank Ballots","360","12TH CONGRESS","EAST ELDORADO #2","666","11","DEMOCRATIC","5"
"82","0","SALINE","0","Over Votes","360","12TH CONGRESS","HARRISBURG # 4","724","11","DEMOCRATIC","0"
"82","0","SALINE","0","Under Votes","360","12TH CONGRESS","HARRISBURG # 4","724","11","DEMOCRATIC","0"
"82","0","SALINE","665","HOMER ""CHIP"" MARKEL","360","12TH CONGRESS","HARRISBURG # 4","724","11","DEMOCRATIC","28"
"82","0","SALINE","670","JOSHUA QUALLS","360","12TH CONGRESS","HARRISBURG # 4","724","11","DEMOCRATIC","14"
"82","0","SALINE","0","Blank Ballots","360","12TH CONGRESS","HARRISBURG # 4","724","11","DEMOCRATIC","12"
"82","0","SALINE","0","Over Votes","360","12TH CONGRESS","MOUNTAIN","288","11","DEMOCRATIC","0"
"82","0","SALINE","0","Under Votes","360","12TH CONGRESS","MOUNTAIN","288","11","DEMOCRATIC","0"
"82","0","SALINE","665","HOMER ""CHIP"" MARKEL","360","12TH CONGRESS","MOUNTAIN","288","11","DEMOCRATIC","8"
"82","0","SALINE","670","JOSHUA QUALLS","360","12TH CONGRESS","MOUNTAIN","288","11","DEMOCRATIC","5"
"82","0","SALINE","0","Blank Ballots","360","12TH CONGRESS","MOUNTAIN","288","11","DEMOCRATIC","2"
"82","0","SALINE","0","Over Votes","360","12TH CONGRESS","COTTAGE","169","11","DEMOCRATIC","0"
"82","0","SALINE","0","Under Votes","360","12TH CONGRESS","COTTAGE","169","11","DEMOCRATIC","0"
"82","0","SALINE","665","HOMER ""CHIP"" MARKEL","360","12TH CONGRESS","COTTAGE","169","11","DEMOCRATIC","4"
"82","0","SALINE","670","JOSHUA QUALLS","360","12TH CONGRESS","COTTAGE","169","11","DEMOCRATIC","3"
"82","0","SALINE","0","Blank Ballots","360","12TH CONGRESS","COTTAGE","169","11","DEMOCRATIC","0"
"82","0","SALINE","0","Over Votes","360","12TH CONGRESS","HARRISBURG # 2","650","11","DEMOCRATIC","0"
"82","0","SALINE","0","Under Votes","360","12TH CONGRESS","HARRISBURG # 2","650","11","DEMOCRATIC","0"
"82","0","SALINE","665","HOMER ""CHIP"" MARKEL","360","12TH CONGRESS","HARRISBURG # 2","650","11","DEMOCRATIC","7"
"82","0","SALINE","670","JOSHUA QUALLS","360","12TH CONGRESS","HARRISBURG # 2","650","11","DEMOCRATIC","9"
"82","0","SALINE","0","Blank Ballots","360","12TH CONGRESS","HARRISBURG # 2","650","11","DEMOCRATIC","5"
"82","0","SALINE","0","Over Votes","360","12TH CONGRESS","INDEPENDENCE","828","11","DEMOCRATIC","0"
"82","0","SALINE","0","Under Votes","360","12TH CONGRESS","INDEPENDENCE","828","11","DEMOCRATIC","0"
"82","0","SALINE","665","HOMER ""CHIP"" MARKEL","360","12TH CONGRESS","INDEPENDENCE","828","11","DEMOCRATIC","13"
"82","0","SALINE","670","JOSHUA QUALLS","360","12TH CONGRESS","INDEPENDENCE","828","11","DEMOCRATIC","10"
"95","0","WASHINGTON","0","Blank Ballots","360","12TH CONGRESS","HOYLETON","740","11","DEMOCRATIC","0"
"95","0","WASHINGTON","665","HOMER ""CHIP"" MARKEL","360","12TH CONGRESS","HOYLETON","740","11","DEMOCRATIC","7"
"95","0","WASHINGTON","0","Under Votes","360","12TH CONGRESS","HOYLETON","740","11","DEMOCRATIC","0"
"95","0","WASHINGTON","0","Over Votes","360","12TH CONGRESS","OKAWVILLE 2","200","11","DEMOCRATIC","0"
"95","0","WASHINGTON","670","JOSHUA QUALLS","360","12TH CONGRESS","OKAWVILLE 2","200","11","DEMOCRATIC","1"
"95","0","WASHINGTON","0","Blank Ballots","360","12TH CONGRESS","OKAWVILLE 2","200","11","DEMOCRATIC","1"
"95","0","WASHINGTON","665","HOMER ""CHIP"" MARKEL","360","12TH CONGRESS","OKAWVILLE 2","200","11","DEMOCRATIC","2"
"95","0","WASHINGTON","0","Under Votes","360","12TH CONGRESS","OKAWVILLE 2","200","11","DEMOCRATIC","0"
"95","0","WASHINGTON","0","Over Votes","360","12TH CONGRESS","BEAUCOUP","428","11","DEMOCRATIC","0"
"95","0","WASHINGTON","670","JOSHUA QUALLS","360","12TH CONGRESS","BEAUCOUP","428","11","DEMOCRATIC","4"
"95","0","WASHINGTON","0","Blank Ballots","360","12TH CONGRESS","BEAUCOUP","428","11","DEMOCRATIC","0"
"95","0","WASHINGTON","665","HOMER ""CHIP"" MARKEL","360","12TH CONGRESS","BEAUCOUP","428","11","DEMOCRATIC","9"
"95","0","WASHINGTON","0","Under Votes","360","12TH CONGRESS","BEAUCOUP","428","11","DEMOCRATIC","0"
"95","0","WASHINGTON","0","Over Votes","360","12TH CONGRESS","NASHVILLE 3","796","11","DEMOCRATIC","1"
"95","0","WASHINGTON","670","JOSHUA QUALLS","360","12TH CONGRESS","NASHVILLE 3","796","11","DEMOCRATIC","8"
"95","0","WASHINGTON","0","Blank Ballots","360","12TH CONGRESS","NASHVILLE 3","796","11","DEMOCRATIC","4"
"95","0","WASHINGTON","665","HOMER ""CHIP"" MARKEL","360","12TH CONGRESS","NASHVILLE 3","796","11","DEMOCRATIC","11"
"95","0","WASHINGTON","0","Under Votes","360","12TH CONGRESS","NASHVILLE 3","796","11","DEMOCRATIC","0"
"95","0","WASHINGTON","0","Over Votes","360","12TH CONGRESS","IRVINGTON","773","11","DEMOCRATIC","0"
"95","0","WASHINGTON","670","JOSHUA QUALLS","360","12TH CONGRESS","IRVINGTON","773","11","DEMOCRATIC","18"
"95","0","WASHINGTON","0","Blank Ballots","360","12TH CONGRESS","IRVINGTON","773","11","DEMOCRATIC","6"
"95","0","WASHINGTON","665","HOMER ""CHIP"" MARKEL","360","12TH CONGRESS","IRVINGTON","773","11","DEMOCRATIC","6"
"95","0","WASHINGTON","0","Under Votes","360","12TH CONGRESS","IRVINGTON","773","11","DEMOCRATIC","0"
"95","0","WASHINGTON","0","Over Votes","360","12TH CONGRESS","LIVELY GROVE","433","11","DEMOCRATIC","0"
"95","0","WASHINGTON","670","JOSHUA QUALLS","360","12TH CONGRESS","LIVELY GROVE","433","11","DEMOCRATIC","4"
"93","0","WABASH","0","Under Votes","360","12TH CONGRESS","","0","12","REPUBLICAN","254"
"93","0","WABASH","0","Over Votes","360","12TH CONGRESS","","0","12","REPUBLICAN","0"
"93","0","WABASH","660","MIKE BOST","360","12TH CONGRESS","MT CARMEL 3","364","12","REPUBLICAN","56"
"93","0","WABASH","660","MIKE BOST","360","12TH CONGRESS","MT CARMEL 6","852","12","REPUBLICAN","125"
"93","0","WABASH","660","MIKE BOST","360","12TH CONGRESS","MT CARMEL 9","551","12","REPUBLICAN","122"
"93","0","WABASH","660","MIKE BOST","360","12TH CONGRESS","LANCASTER 12","371","12","REPUBLICAN","86"
"93","0","WABASH","660","MIKE BOST","360","12TH CONGRESS","COFFEE 15","204","12","REPUBLICAN","38"
"93","0","WABASH","660","MIKE BOST","360","12TH CONGRESS","LICK PRAIRIE 13","148","12","REPUBLICAN","39"
"93","0","WABASH","660","MIKE BOST","360","12TH CONGRESS","COMPTON 16","118","12","REPUBLICAN","34"
"93","0","WABASH","660","MIKE BOST","360","12TH CONGRESS","MT CARMEL 2","454","12","REPUBLICAN","50"
"93","0","WABASH","660","MIKE BOST","360","12TH CONGRESS","MT CARMEL 5","587","12","REPUBLICAN","51"
"93","0","WABASH","660","MIKE BOST","360","12TH CONGRESS","MT CARMEL 8","1148","12","REPUBLICAN","206"
"93","0","WABASH","660","MIKE BOST","360","12TH CONGRESS","FRIENDSVILLE 11","354","12","REPUBLICAN","81"
"93","0","WABASH","660","MIKE BOST","360","12TH CONGRESS","BELLMONT 14","405","12","REPUBLICAN","75"
"93","0","WABASH","660","MIKE BOST","360","12TH CONGRESS","MT CARMEL 1","282","12","REPUBLICAN","26"
"93","0","WABASH","660","MIKE BOST","360","12TH CONGRESS","MT CARMEL 4","249","12","REPUBLICAN","27"
"93","0","WABASH","660","MIKE BOST","360","12TH CONGRESS","MT CARMEL 7","740","12","REPUBLICAN","115"
"14","0","CLINTON","0","Under Votes","360","12TH CONGRESS","EAST FORK","285","12","REPUBLICAN","5"
"14","0","CLINTON","0","Over Votes","360","12TH CONGRESS","EAST FORK","285","12","REPUBLICAN","0"
"14","0","CLINTON","660","MIKE BOST","360","12TH CONGRESS","SUGAR CREEK 1","1039","12","REPUBLICAN","140"
"14","0","CLINTON","0","Under Votes","360","12TH CONGRESS","SUGAR CREEK 1","1039","12","REPUBLICAN","11"
"14","0","CLINTON","0","Over Votes","360","12TH CONGRESS","SUGAR CREEK 1","1039","12","REPUBLICAN","0"
"14","0","CLINTON","660","MIKE BOST","360","12TH CONGRESS","MERIDIAN","394","12","REPUBLICAN","95"
"14","0","CLINTON","0","Under Votes","360","12TH CONGRESS","MERIDIAN","394","12","REPUBLICAN","10"
"14","0","CLINTON","0","Over Votes","360","12TH CONGRESS","MERIDIAN","394","12","REPUBLICAN","0"
"14","0","CLINTON","660","MIKE BOST","360","12TH CONGRESS","LOOKINGGLASS 1","1046","12","REPUBLICAN","133"
"14","0","CLINTON","0","Under Votes","360","12TH CONGRESS","LOOKINGGLASS 1","1046","12","REPUBLICAN","8"
"14","0","CLINTON","0","Over Votes","360","12TH CONGRESS","LOOKINGGLASS 1","1046","12","REPUBLICAN","0"
"14","0","CLINTON","660","MIKE BOST","360","12TH CONGRESS","LOOKINGGLASS 2","476","12","REPUBLICAN","52"
"14","0","CLINTON","0","Under Votes","360","12TH CONGRESS","LOOKINGGLASS 2","476","12","REPUBLICAN","3"
"14","0","CLINTON","0","Over Votes","360","12TH CONGRESS","LOOKINGGLASS 2","476","12","REPUBLICAN","0"
"14","0","CLINTON","660","MIKE BOST","360","12TH CONGRESS","LOOKINGGLASS 3","236","12","REPUBLICAN","53"
"14","0","CLINTON","0","Under Votes","360","12TH CONGRESS","LOOKINGGLASS 3","236","12","REPUBLICAN","3"
"14","0","CLINTON","0","Over Votes","360","12TH CONGRESS","LOOKINGGLASS 3","236","12","REPUBLICAN","0"
"14","0","CLINTON","660","MIKE BOST","360","12TH CONGRESS","CARLYLE 2","793","12","REPUBLICAN","110"
"14","0","CLINTON","0","Under Votes","360","12TH CONGRESS","CARLYLE 2","793","12","REPUBLICAN","15"
"14","0","CLINTON","0","Over Votes","360","12TH CONGRESS","CARLYLE 2","793","12","REPUBLICAN","0"
"14","0","CLINTON","660","MIKE BOST","360","12TH CONGRESS","WADE 2","972","12","REPUBLICAN","136"
"14","0","CLINTON","0","Under Votes","360","12TH CONGRESS","WADE 2","972","12","REPUBLICAN","19"
"14","0","CLINTON","0","Over Votes","360","12TH CONGRESS","WADE 2","972","12","REPUBLICAN","0"
"14","0","CLINTON","660","MIKE BOST","360","12TH CONGRESS","SUGAR CREEK 2","1163","12","REPUBLICAN","178"
"14","0","CLINTON","0","Under Votes","360","12TH CONGRESS","SUGAR CREEK 2","1163","12","REPUBLICAN","15"
"14","0","CLINTON","0","Over Votes","360","12TH CONGRESS","SUGAR CREEK 2","1163","12","REPUBLICAN","0"
"14","0","CLINTON","660","MIKE BOST","360","12TH CONGRESS","SUGAR CREEK 3","817","12","REPUBLICAN","112"
"14","0","CLINTON","0","Under Votes","360","12TH CONGRESS","SUGAR CREEK 3","817","12","REPUBLICAN","8"
"14","0","CLINTON","0","Over Votes","360","12TH CONGRESS","SUGAR CREEK 3","817","12","REPUBLICAN","0"
"14","0","CLINTON","660","MIKE BOST","360","12TH CONGRESS","SUGAR CREEK 4","887","12","REPUBLICAN","126"
"14","0","CLINTON","0","Under Votes","360","12TH CONGRESS","SUGAR CREEK 4","887","12","REPUBLICAN","4"
"14","0","CLINTON","0","Over Votes","360","12TH CONGRESS","SUGAR CREEK 4","887","12","REPUBLICAN","0"
"14","0","CLINTON","660","MIKE BOST","360","12TH CONGRESS","SUGAR CREEK 5","968","12","REPUBLICAN","111"
"14","0","CLINTON","0","Under Votes","360","12TH CONGRESS","SUGAR CREEK 5","968","12","REPUBLICAN","18"
"14","0","CLINTON","0","Over Votes","360","12TH CONGRESS","SUGAR CREEK 5","968","12","REPUBLICAN","0"
"14","0","CLINTON","660","MIKE BOST","360","12TH CONGRESS","CARLYLE 1","718","12","REPUBLICAN","103"
"14","0","CLINTON","0","Under Votes","360","12TH CONGRESS","CARLYLE 1","718","12","REPUBLICAN","18"
"14","0","CLINTON","0","Over Votes","360","12TH CONGRESS","CARLYLE 1","718","12","REPUBLICAN","0"
"14","0","CLINTON","660","MIKE BOST","360","12TH CONGRESS","LOOKINGGLASS 4","964","12","REPUBLICAN","163"
"14","0","CLINTON","0","Under Votes","360","12TH CONGRESS","LOOKINGGLASS 4","964","12","REPUBLICAN","19"
"14","0","CLINTON","0","Over Votes","360","12TH CONGRESS","LOOKINGGLASS 4","964","12","REPUBLICAN","0"
"14","0","CLINTON","660","MIKE BOST","360","12TH CONGRESS","LOOKINGGLASS 5","556","12","REPUBLICAN","100"
"93","0","WABASH","670","JOSHUA QUALLS","360","12TH CONGRESS","MT CARMEL 2","454","11","DEMOCRATIC","4"
"93","0","WABASH","665","HOMER ""CHIP"" MARKEL","360","12TH CONGRESS","LICK PRAIRIE 13","148","11","DEMOCRATIC","1"
"93","0","WABASH","670","JOSHUA QUALLS","360","12TH CONGRESS","LICK PRAIRIE 13","148","11","DEMOCRATIC","1"
"93","0","WABASH","665","HOMER ""CHIP"" MARKEL","360","12TH CONGRESS","COMPTON 16","118","11","DEMOCRATIC","2"
"93","0","WABASH","670","JOSHUA QUALLS","360","12TH CONGRESS","COMPTON 16","118","11","DEMOCRATIC","3"
"93","0","WABASH","665","HOMER ""CHIP"" MARKEL","360","12TH CONGRESS","MT CARMEL 5","587","11","DEMOCRATIC","4"
"93","0","WABASH","670","JOSHUA QUALLS","360","12TH CONGRESS","MT CARMEL 5","587","11","DEMOCRATIC","5"
"93","0","WABASH","665","HOMER ""CHIP"" MARKEL","360","12TH CONGRESS","MT CARMEL 8","1148","11","DEMOCRATIC","20"
"93","0","WABASH","670","JOSHUA QUALLS","360","12TH CONGRESS","MT CARMEL 8","1148","11","DEMOCRATIC","10"
"93","0","WABASH","665","HOMER ""CHIP"" MARKEL","360","12TH CONGRESS","FRIENDSVILLE 11","354","11","DEMOCRATIC","2"
"93","0","WABASH","670","JOSHUA QUALLS","360","12TH CONGRESS","FRIENDSVILLE 11","354","11","DEMOCRATIC","3"
"93","0","WABASH","665","HOMER ""CHIP"" MARKEL","360","12TH CONGRESS","BELLMONT 14","405","11","DEMOCRATIC","5"
"93","0","WABASH","670","JOSHUA QUALLS","360","12TH CONGRESS","BELLMONT 14","405","11","DEMOCRATIC","2"
"93","0","WABASH","665","HOMER ""CHIP"" MARKEL","360","12TH CONGRESS","MT CARMEL 9","551","11","DEMOCRATIC","7"
"93","0","WABASH","670","JOSHUA QUALLS","360","12TH CONGRESS","MT CARMEL 9","551","11","DEMOCRATIC","2"
"93","0","WABASH","665","HOMER ""CHIP"" MARKEL","360","12TH CONGRESS","LANCASTER 12","371","11","DEMOCRATIC","6"
"93","0","WABASH","670","JOSHUA QUALLS","360","12TH CONGRESS","LANCASTER 12","371","11","DEMOCRATIC","3"
"93","0","WABASH","665","HOMER ""CHIP"" MARKEL","360","12TH CONGRESS","COFFEE 15","204","11","DEMOCRATIC","6"
"93","0","WABASH","670","JOSHUA QUALLS","360","12TH CONGRESS","COFFEE 15","204","11","DEMOCRATIC","2"
"93","0","WABASH","0","Over Votes","360","12TH CONGRESS","","0","11","DEMOCRATIC","0"
"93","0","WABASH","0","Under Votes","360","12TH CONGRESS","","0","11","DEMOCRATIC","17"
"93","0","WABASH","665","HOMER ""CHIP"" MARKEL","360","12TH CONGRESS","MT CARMEL 3","364","11","DEMOCRATIC","11"
"93","0","WABASH","670","JOSHUA QUALLS","360","12TH CONGRESS","MT CARMEL 3","364","11","DEMOCRATIC","3"
"93","0","WABASH","665","HOMER ""CHIP"" MARKEL","360","12TH CONGRESS","MT CARMEL 6","852","11","DEMOCRATIC","28"
"93","0","WABASH","670","JOSHUA QUALLS","360","12TH CONGRESS","MT CARMEL 6","852","11","DEMOCRATIC","7"
"35","0","HARDIN","0","Under Votes","360","12TH CONGRESS","ROSICLARE","790","12","REPUBLICAN","67"
"35","0","HARDIN","0","Over Votes","360","12TH CONGRESS","ROSICLARE","790","12","REPUBLICAN","0"
"35","0","HARDIN","0","Blank Ballots","360","12TH CONGRESS","ROSICLARE","790","12","REPUBLICAN","0"
"35","0","HARDIN","0","Under Votes","360","12TH CONGRESS","STONE CHURCH","414","12","REPUBLICAN","34"
"35","0","HARDIN","0","Over Votes","360","12TH CONGRESS","STONE CHURCH","414","12","REPUBLICAN","0"
"35","0","HARDIN","0","Blank Ballots","360","12TH CONGRESS","STONE CHURCH","414","12","REPUBLICAN","0"
"35","0","HARDIN","0","Under Votes","360","12TH CONGRESS","ROCK","282","12","REPUBLICAN","14"
"35","0","HARDIN","0","Over Votes","360","12TH CONGRESS","ROCK","282","12","REPUBLICAN","0"
"35","0","HARDIN","0","Blank Ballots","360","12TH CONGRESS","ROCK","282","12","REPUBLICAN","0"
"35","0","HARDIN","660","MIKE BOST","360","12TH CONGRESS","ROCK","282","12","REPUBLICAN","67"
"35","0","HARDIN","660","MIKE BOST","360","12TH CONGRESS","ROSICLARE","790","12","REPUBLICAN","236"
"35","0","HARDIN","0","Blank Ballots","360","12TH CONGRESS","CAVE IN ROCK","512","12","REPUBLICAN","0"
"35","0","HARDIN","660","MIKE BOST","360","12TH CONGRESS","CAVE IN ROCK","512","12","REPUBLICAN","131"
"35","0","HARDIN","0","Under Votes","360","12TH CONGRESS","MONROE","514","12","REPUBLICAN","26"
"35","0","HARDIN","0","Over Votes","360","12TH CONGRESS","MONROE","514","12","REPUBLICAN","0"
"35","0","HARDIN","0","Blank Ballots","360","12TH CONGRESS","MONROE","514","12","REPUBLICAN","0"
"35","0","HARDIN","660","MIKE BOST","360","12TH CONGRESS","MONROE","514","12","REPUBLICAN","148"
"91","0","UNION","0","Over Votes","360","12TH CONGRESS","ANNA 4","0","12","REPUBLICAN","0"
"91","0","UNION","660","MIKE BOST","360","12TH CONGRESS","ANNA 4","0","12","REPUBLICAN","134"
"91","0","UNION","0","Under Votes","360","12TH CONGRESS","ANNA 4","0","12","REPUBLICAN","11"
"91","0","UNION","0","Over Votes","360","12TH CONGRESS","COBDEN 2","0","12","REPUBLICAN","0"
"91","0","UNION","660","MIKE BOST","360","12TH CONGRESS","COBDEN 2","0","12","REPUBLICAN","202"
"91","0","UNION","0","Under Votes","360","12TH CONGRESS","COBDEN 2","0","12","REPUBLICAN","16"
"91","0","UNION","0","Over Votes","360","12TH CONGRESS","DONGOLA 1","0","12","REPUBLICAN","0"
"91","0","UNION","660","MIKE BOST","360","12TH CONGRESS","DONGOLA 1","0","12","REPUBLICAN","156"
"91","0","UNION","0","Under Votes","360","12TH CONGRESS","DONGOLA 1","0","12","REPUBLICAN","5"
"91","0","UNION","0","Over Votes","360","12TH CONGRESS","DONGOLA 2","0","12","REPUBLICAN","0"
"91","0","UNION","660","MIKE BOST","360","12TH CONGRESS","DONGOLA 2","0","12","REPUBLICAN","78"
"91","0","UNION","0","Under Votes","360","12TH CONGRESS","DONGOLA 2","0","12","REPUBLICAN","7"
"91","0","UNION","0","Over Votes","360","12TH CONGRESS","ALTO PASS","0","12","REPUBLICAN","0"
"91","0","UNION","660","MIKE BOST","360","12TH CONGRESS","ALTO PASS","0","12","REPUBLICAN","76"
"91","0","UNION","0","Under Votes","360","12TH CONGRESS","ALTO PASS","0","12","REPUBLICAN","10"
"91","0","UNION","0","Over Votes","360","12TH CONGRESS","JONESBORO 2","0","12","REPUBLICAN","0"
"91","0","UNION","660","MIKE BOST","360","12TH CONGRESS","JONESBORO 2","0","12","REPUBLICAN","255"
"91","0","UNION","0","Under Votes","360","12TH CONGRESS","JONESBORO 2","0","12","REPUBLICAN","32"
"91","0","UNION","0","Over Votes","360","12TH CONGRESS","JONESBORO 3","0","12","REPUBLICAN","0"
"91","0","UNION","660","MIKE BOST","360","12TH CONGRESS","JONESBORO 3","0","12","REPUBLICAN","179"
"91","0","UNION","0","Under Votes","360","12TH CONGRESS","JONESBORO 3","0","12","REPUBLICAN","16"
"91","0","UNION","0","Over Votes","360","12TH CONGRESS","COBDEN 1","0","12","REPUBLICAN","0"
"91","0","UNION","660","MIKE BOST","360","12TH CONGRESS","COBDEN 1","0","12","REPUBLICAN","158"
"91","0","UNION","0","Under Votes","360","12TH CONGRESS","COBDEN 1","0","12","REPUBLICAN","15"
"91","0","UNION","0","Over Votes","360","12TH CONGRESS","ANNA 5","0","12","REPUBLICAN","0"
"91","0","UNION","660","MIKE BOST","360","12TH CONGRESS","ANNA 5","0","12","REPUBLICAN","132"
"91","0","UNION","0","Under Votes","360","12TH CONGRESS","ANNA 5","0","12","REPUBLICAN","15"
"91","0","UNION","0","Over Votes","360","12TH CONGRESS","ANNA 6","0","12","REPUBLICAN","0"
"91","0","UNION","660","MIKE BOST","360","12TH CONGRESS","ANNA 6","0","12","REPUBLICAN","98"
"91","0","UNION","0","Under Votes","360","12TH CONGRESS","ANNA 6","0","12","REPUBLICAN","14"
"91","0","UNION","0","Over Votes","360","12TH CONGRESS","ANNA 7","0","12","REPUBLICAN","0"
"91","0","UNION","660","MIKE BOST","360","12TH CONGRESS","ANNA 7","0","12","REPUBLICAN","213"
"91","0","UNION","0","Under Votes","360","12TH CONGRESS","ANNA 7","0","12","REPUBLICAN","14"
"91","0","UNION","0","Under Votes","360","12TH CONGRESS","JONESBORO 1","0","12","REPUBLICAN","26"
"91","0","UNION","0","Over Votes","360","12TH CONGRESS","JONESBORO 1","0","12","REPUBLICAN","0"
"91","0","UNION","660","MIKE BOST","360","12TH CONGRESS","JONESBORO 1","0","12","REPUBLICAN","218"
"91","0","UNION","0","Over Votes","360","12TH CONGRESS","MILL CREEK","0","12","REPUBLICAN","0"
"91","0","UNION","660","MIKE BOST","360","12TH CONGRESS","MILL CREEK","0","12","REPUBLICAN","49"
"91","0","UNION","0","Under Votes","360","12TH CONGRESS","MILL CREEK","0","12","REPUBLICAN","1"
"91","0","UNION","0","Over Votes","360","12TH CONGRESS","BALCOM","0","12","REPUBLICAN","0"
"91","0","UNION","660","MIKE BOST","360","12TH CONGRESS","BALCOM","0","12","REPUBLICAN","85"
"91","0","UNION","0","Under Votes","360","12TH CONGRESS","BALCOM","0","12","REPUBLICAN","7"
"91","0","UNION","0","Over Votes","360","12TH CONGRESS","LICK CREEK","0","12","REPUBLICAN","0"
"91","0","UNION","660","MIKE BOST","360","12TH CONGRESS","LICK CREEK","0","12","REPUBLICAN","227"
"91","0","UNION","670","JOSHUA QUALLS","360","12TH CONGRESS","ANNA 2","0","11","DEMOCRATIC","9"
"91","0","UNION","665","HOMER ""CHIP"" MARKEL","360","12TH CONGRESS","ANNA 2","0","11","DEMOCRATIC","12"
"91","0","UNION","0","Over Votes","360","12TH CONGRESS","ANNA 3","0","11","DEMOCRATIC","0"
"91","0","UNION","0","Under Votes","360","12TH CONGRESS","ANNA 3","0","11","DEMOCRATIC","5"
"91","0","UNION","670","JOSHUA QUALLS","360","12TH CONGRESS","ANNA 3","0","11","DEMOCRATIC","14"
"91","0","UNION","665","HOMER ""CHIP"" MARKEL","360","12TH CONGRESS","ANNA 3","0","11","DEMOCRATIC","35"
"91","0","UNION","0","Over Votes","360","12TH CONGRESS","ANNA 4","0","11","DEMOCRATIC","0"
"91","0","UNION","0","Under Votes","360","12TH CONGRESS","ANNA 4","0","11","DEMOCRATIC","5"
"91","0","UNION","670","JOSHUA QUALLS","360","12TH CONGRESS","ANNA 4","0","11","DEMOCRATIC","39"
"91","0","UNION","665","HOMER ""CHIP"" MARKEL","360","12TH CONGRESS","ANNA 4","0","11","DEMOCRATIC","21"
"91","0","UNION","0","Over Votes","360","12TH CONGRESS","MILL CREEK","0","11","DEMOCRATIC","0"
"91","0","UNION","0","Under Votes","360","12TH CONGRESS","MILL CREEK","0","11","DEMOCRATIC","1"
"91","0","UNION","670","JOSHUA QUALLS","360","12TH CONGRESS","MILL CREEK","0","11","DEMOCRATIC","7"
"91","0","UNION","665","HOMER ""CHIP"" MARKEL","360","12TH CONGRESS","MILL CREEK","0","11","DEMOCRATIC","7"
"91","0","UNION","0","Over Votes","360","12TH CONGRESS","BALCOM","0","11","DEMOCRATIC","0"
"91","0","UNION","0","Under Votes","360","12TH CONGRESS","BALCOM","0","11","DEMOCRATIC","4"
"91","0","UNION","670","JOSHUA QUALLS","360","12TH CONGRESS","BALCOM","0","11","DEMOCRATIC","5"
"91","0","UNION","665","HOMER ""CHIP"" MARKEL","360","12TH CONGRESS","BALCOM","0","11","DEMOCRATIC","10"
"91","0","UNION","0","Over Votes","360","12TH CONGRESS","LICK CREEK","0","11","DEMOCRATIC","0"
"91","0","UNION","0","Under Votes","360","12TH CONGRESS","LICK CREEK","0","11","DEMOCRATIC","9"
"91","0","UNION","670","JOSHUA QUALLS","360","12TH CONGRESS","LICK CREEK","0","11","DEMOCRATIC","14"
"91","0","UNION","665","HOMER ""CHIP"" MARKEL","360","12TH CONGRESS","LICK CREEK","0","11","DEMOCRATIC","14"
"91","0","UNION","0","Over Votes","360","12TH CONGRESS","JONESBORO 2","0","11","DEMOCRATIC","0"
"91","0","UNION","0","Under Votes","360","12TH CONGRESS","JONESBORO 2","0","11","DEMOCRATIC","10"
"91","0","UNION","670","JOSHUA QUALLS","360","12TH CONGRESS","JONESBORO 2","0","11","DEMOCRATIC","13"
"91","0","UNION","665","HOMER ""CHIP"" MARKEL","360","12TH CONGRESS","JONESBORO 2","0","11","DEMOCRATIC","24"
"91","0","UNION","0","Over Votes","360","12TH CONGRESS","JONESBORO 3","0","11","DEMOCRATIC","0"
"91","0","UNION","0","Under Votes","360","12TH CONGRESS","JONESBORO 3","0","11","DEMOCRATIC","3"
"91","0","UNION","670","JOSHUA QUALLS","360","12TH CONGRESS","JONESBORO 3","0","11","DEMOCRATIC","8"
"91","0","UNION","665","HOMER ""CHIP"" MARKEL","360","12TH CONGRESS","JONESBORO 3","0","11","DEMOCRATIC","11"
"91","0","UNION","0","Over Votes","360","12TH CONGRESS","COBDEN 1","0","11","DEMOCRATIC","0"
"91","0","UNION","0","Under Votes","360","12TH CONGRESS","COBDEN 1","0","11","DEMOCRATIC","2"
"91","0","UNION","670","JOSHUA QUALLS","360","12TH CONGRESS","COBDEN 1","0","11","DEMOCRATIC","29"
"91","0","UNION","665","HOMER ""CHIP"" MARKEL","360","12TH CONGRESS","COBDEN 1","0","11","DEMOCRATIC","45"
"91","0","UNION","0","Over Votes","360","12TH CONGRESS","ANNA 5","0","11","DEMOCRATIC","0"
"91","0","UNION","0","Under Votes","360","12TH CONGRESS","ANNA 5","0","11","DEMOCRATIC","1"
"91","0","UNION","670","JOSHUA QUALLS","360","12TH CONGRESS","ANNA 5","0","11","DEMOCRATIC","13"
"91","0","UNION","665","HOMER ""CHIP"" MARKEL","360","12TH CONGRESS","ANNA 5","0","11","DEMOCRATIC","13"
"91","0","UNION","0","Under Votes","360","12TH CONGRESS","ANNA 6","0","11","DEMOCRATIC","8"
"91","0","UNION","670","JOSHUA QUALLS","360","12TH CONGRESS","ANNA 6","0","11","DEMOCRATIC","18"
"91","0","UNION","665","HOMER ""CHIP"" MARKEL","360","12TH CONGRESS","ANNA 6","0","11","DEMOCRATIC","21"
"91","0","UNION","0","Over Votes","360","12TH CONGRESS","ANNA 6","0","11","DEMOCRATIC","0"
"91","0","UNION","0","Over Votes","360","12TH CONGRESS","ANNA 7","0","11","DEMOCRATIC","0"
"12","0","CLARK","0","Blank Ballots","360","12TH CONGRESS","DOLSON","266","12","REPUBLICAN","0"
"12","0","CLARK","660","MIKE BOST","360","12TH CONGRESS","MARTINSVILLE 1","653","12","REPUBLICAN","114"
"12","0","CLARK","0","Over Votes","360","12TH CONGRESS","MARTINSVILLE 1","653","12","REPUBLICAN","0"
"12","0","CLARK","0","Under Votes","360","12TH CONGRESS","MARTINSVILLE 1","653","12","REPUBLICAN","37"
"12","0","CLARK","0","Blank Ballots","360","12TH CONGRESS","MARTINSVILLE 1","653","12","REPUBLICAN","0"
"12","0","CLARK","660","MIKE BOST","360","12TH CONGRESS","PARKER","145","12","REPUBLICAN","46"
"12","0","CLARK","0","Over Votes","360","12TH CONGRESS","PARKER","145","12","REPUBLICAN","0"
"12","0","CLARK","0","Under Votes","360","12TH CONGRESS","PARKER","145","12","REPUBLICAN","7"
"12","0","CLARK","0","Blank Ballots","360","12TH CONGRESS","PARKER","145","12","REPUBLICAN","0"
"12","0","CLARK","0","Blank Ballots","360","12TH CONGRESS","WESTFIELD","446","12","REPUBLICAN","0"
"12","0","CLARK","660","MIKE BOST","360","12TH CONGRESS","DOUGLAS","133","12","REPUBLICAN","37"
"12","0","CLARK","0","Over Votes","360","12TH CONGRESS","DOUGLAS","133","12","REPUBLICAN","0"
"12","0","CLARK","0","Under Votes","360","12TH CONGRESS","DOUGLAS","133","12","REPUBLICAN","11"
"12","0","CLARK","0","Blank Ballots","360","12TH CONGRESS","DOUGLAS","133","12","REPUBLICAN","0"
"12","0","CLARK","660","MIKE BOST","360","12TH CONGRESS","MARTINSVILLE 2","388","12","REPUBLICAN","72"
"12","0","CLARK","0","Over Votes","360","12TH CONGRESS","MARTINSVILLE 2","388","12","REPUBLICAN","0"
"12","0","CLARK","0","Under Votes","360","12TH CONGRESS","MARTINSVILLE 2","388","12","REPUBLICAN","25"
"12","0","CLARK","0","Blank Ballots","360","12TH CONGRESS","MARTINSVILLE 2","388","12","REPUBLICAN","0"
"12","0","CLARK","660","MIKE BOST","360","12TH CONGRESS","CASEY 2","497","12","REPUBLICAN","112"
"12","0","CLARK","0","Over Votes","360","12TH CONGRESS","CASEY 2","497","12","REPUBLICAN","0"
"12","0","CLARK","0","Under Votes","360","12TH CONGRESS","CASEY 2","497","12","REPUBLICAN","16"
"12","0","CLARK","0","Blank Ballots","360","12TH CONGRESS","CASEY 2","497","12","REPUBLICAN","0"
"12","0","CLARK","660","MIKE BOST","360","12TH CONGRESS","MARSHALL 1","645","12","REPUBLICAN","114"
"12","0","CLARK","0","Over Votes","360","12TH CONGRESS","MARSHALL 1","645","12","REPUBLICAN","0"
"12","0","CLARK","0","Under Votes","360","12TH CONGRESS","MARSHALL 1","645","12","REPUBLICAN","16"
"12","0","CLARK","0","Blank Ballots","360","12TH CONGRESS","MARSHALL 1","645","12","REPUBLICAN","0"
"12","0","CLARK","660","MIKE BOST","360","12TH CONGRESS","WESTFIELD","446","12","REPUBLICAN","112"
"12","0","CLARK","0","Over Votes","360","12TH CONGRESS","WESTFIELD","446","12","REPUBLICAN","0"
"12","0","CLARK","0","Under Votes","360","12TH CONGRESS","WESTFIELD","446","12","REPUBLICAN","34"
"12","0","CLARK","660","MIKE BOST","360","12TH CONGRESS","CASEY 1","784","12","REPUBLICAN","211"
"12","0","CLARK","0","Over Votes","360","12TH CONGRESS","CASEY 1","784","12","REPUBLICAN","0"
"12","0","CLARK","0","Under Votes","360","12TH CONGRESS","CASEY 1","784","12","REPUBLICAN","62"
"12","0","CLARK","0","Blank Ballots","360","12TH CONGRESS","CASEY 1","784","12","REPUBLICAN","0"
"12","0","CLARK","660","MIKE BOST","360","12TH CONGRESS","MARSHALL 4","849","12","REPUBLICAN","120"
"12","0","CLARK","0","Over Votes","360","12TH CONGRESS","MARSHALL 4","849","12","REPUBLICAN","0"
"12","0","CLARK","0","Under Votes","360","12TH CONGRESS","MARSHALL 4","849","12","REPUBLICAN","13"
"12","0","CLARK","0","Blank Ballots","360","12TH CONGRESS","MARSHALL 4","849","12","REPUBLICAN","0"
"12","0","CLARK","660","MIKE BOST","360","12TH CONGRESS","WABASH 2","1051","12","REPUBLICAN","157"
"12","0","CLARK","0","Over Votes","360","12TH CONGRESS","WABASH 2","1051","12","REPUBLICAN","0"
"12","0","CLARK","0","Under Votes","360","12TH CONGRESS","WABASH 2","1051","12","REPUBLICAN","36"
"12","0","CLARK","0","Blank Ballots","360","12TH CONGRESS","WABASH 2","1051","12","REPUBLICAN","0"
"12","0","CLARK","660","MIKE BOST","360","12TH CONGRESS","CASEY 4","647","12","REPUBLICAN","166"
"12","0","CLARK","0","Over Votes","360","12TH CONGRESS","CASEY 4","647","12","REPUBLICAN","0"
"12","0","CLARK","0","Under Votes","360","12TH CONGRESS","CASEY 4","647","12","REPUBLICAN","47"
"82","0","SALINE","0","Blank Ballots","360","12TH CONGRESS","INDEPENDENCE","828","11","DEMOCRATIC","11"
"82","0","SALINE","0","Over Votes","360","12TH CONGRESS","CARRIER MILLS #1","742","11","DEMOCRATIC","0"
"82","0","SALINE","0","Under Votes","360","12TH CONGRESS","CARRIER MILLS #1","742","11","DEMOCRATIC","0"
"82","0","SALINE","665","HOMER ""CHIP"" MARKEL","360","12TH CONGRESS","CARRIER MILLS #1","742","11","DEMOCRATIC","11"
"82","0","SALINE","670","JOSHUA QUALLS","360","12TH CONGRESS","CARRIER MILLS #1","742","11","DEMOCRATIC","5"
"82","0","SALINE","0","Blank Ballots","360","12TH CONGRESS","CARRIER MILLS #1","742","11","DEMOCRATIC","5"
"82","0","SALINE","0","Over Votes","360","12TH CONGRESS","GALATIA","750","11","DEMOCRATIC","0"
"82","0","SALINE","0","Under Votes","360","12TH CONGRESS","GALATIA","750","11","DEMOCRATIC","0"
"82","0","SALINE","665","HOMER ""CHIP"" MARKEL","360","12TH CONGRESS","GALATIA","750","11","DEMOCRATIC","15"
"82","0","SALINE","670","JOSHUA QUALLS","360","12TH CONGRESS","GALATIA","750","11","DEMOCRATIC","10"
"82","0","SALINE","0","Blank Ballots","360","12TH CONGRESS","GALATIA","750","11","DEMOCRATIC","6"
"82","0","SALINE","0","Over Votes","360","12TH CONGRESS","HARRISBURG # 9","476","11","DEMOCRATIC","0"
"82","0","SALINE","0","Under Votes","360","12TH CONGRESS","HARRISBURG # 9","476","11","DEMOCRATIC","0"
"82","0","SALINE","665","HOMER ""CHIP"" MARKEL","360","12TH CONGRESS","HARRISBURG # 9","476","11","DEMOCRATIC","8"
"82","0","SALINE","670","JOSHUA QUALLS","360","12TH CONGRESS","HARRISBURG # 9","476","11","DEMOCRATIC","7"
"82","0","SALINE","0","Blank Ballots","360","12TH CONGRESS","HARRISBURG # 9","476","11","DEMOCRATIC","3"
"13","0","CLAY","660","MIKE BOST","360","12TH CONGRESS","HARTER 3","891","12","REPUBLICAN","206"
"13","0","CLAY","660","MIKE BOST","360","12TH CONGRESS","HARTER 6","646","12","REPUBLICAN","174"
"13","0","CLAY","660","MIKE BOST","360","12TH CONGRESS","HOOSIER","257","12","REPUBLICAN","92"
"13","0","CLAY","660","MIKE BOST","360","12TH CONGRESS","PIXLEY","405","12","REPUBLICAN","102"
"13","0","CLAY","660","MIKE BOST","360","12TH CONGRESS","OSKALOOSA","262","12","REPUBLICAN","96"
"13","0","CLAY","660","MIKE BOST","360","12TH CONGRESS","LOUISVILLE 1","594","12","REPUBLICAN","179"
"13","0","CLAY","660","MIKE BOST","360","12TH CONGRESS","CLAY CITY","811","12","REPUBLICAN","165"
"13","0","CLAY","0","Under Votes","360","12TH CONGRESS","","0","12","REPUBLICAN","887"
"13","0","CLAY","0","Over Votes","360","12TH CONGRESS","","0","12","REPUBLICAN","0"
"13","0","CLAY","660","MIKE BOST","360","12TH CONGRESS","HARTER 7","589","12","REPUBLICAN","108"
"13","0","CLAY","660","MIKE BOST","360","12TH CONGRESS","BIBLE GROVE","237","12","REPUBLICAN","82"
"13","0","CLAY","660","MIKE BOST","360","12TH CONGRESS","BLAIR","505","12","REPUBLICAN","181"
"13","0","CLAY","660","MIKE BOST","360","12TH CONGRESS","HARTER 1","640","12","REPUBLICAN","215"
"13","0","CLAY","660","MIKE BOST","360","12TH CONGRESS","HARTER 5","962","12","REPUBLICAN","265"
"13","0","CLAY","660","MIKE BOST","360","12TH CONGRESS","STANFORD","482","12","REPUBLICAN","174"
"13","0","CLAY","660","MIKE BOST","360","12TH CONGRESS","XENIA","485","12","REPUBLICAN","161"
"13","0","CLAY","660","MIKE BOST","360","12TH CONGRESS","LARKINSBURG","388","12","REPUBLICAN","122"
"13","0","CLAY","660","MIKE BOST","360","12TH CONGRESS","LOUISVILLE 2","560","12","REPUBLICAN","208"
"13","0","CLAY","660","MIKE BOST","360","12TH CONGRESS","HARTER 4","565","12","REPUBLICAN","115"
"13","0","CLAY","660","MIKE BOST","360","12TH CONGRESS","SONGER","271","12","REPUBLICAN","65"
"2","0","ALEXANDER","660","MIKE BOST","360","12TH CONGRESS","CAIRO 2","248","12","REPUBLICAN","2"
"2","0","ALEXANDER","660","MIKE BOST","360","12TH CONGRESS","CAIRO 5","303","12","REPUBLICAN","2"
"2","0","ALEXANDER","660","MIKE BOST","360","12TH CONGRESS","TAMMS","954","12","REPUBLICAN","79"
"2","0","ALEXANDER","660","MIKE BOST","360","12TH CONGRESS","OLIVE BRANCH","616","12","REPUBLICAN","45"
"2","0","ALEXANDER","660","MIKE BOST","360","12TH CONGRESS","THEBES","539","12","REPUBLICAN","44"
"2","0","ALEXANDER","660","MIKE BOST","360","12TH CONGRESS","CAIRO 1","376","12","REPUBLICAN","4"
"14","0","CLINTON","0","Under Votes","360","12TH CONGRESS","LOOKINGGLASS 5","556","12","REPUBLICAN","7"
"14","0","CLINTON","0","Over Votes","360","12TH CONGRESS","LOOKINGGLASS 5","556","12","REPUBLICAN","0"
"14","0","CLINTON","660","MIKE BOST","360","12TH CONGRESS","LOOKINGGLASS 6","1132","12","REPUBLICAN","176"
"14","0","CLINTON","0","Under Votes","360","12TH CONGRESS","LOOKINGGLASS 6","1132","12","REPUBLICAN","9"
"14","0","CLINTON","0","Over Votes","360","12TH CONGRESS","LOOKINGGLASS 6","1132","12","REPUBLICAN","0"
"14","0","CLINTON","660","MIKE BOST","360","12TH CONGRESS","BREESE 4","1134","12","REPUBLICAN","135"
"14","0","CLINTON","0","Under Votes","360","12TH CONGRESS","BREESE 4","1134","12","REPUBLICAN","13"
"14","0","CLINTON","0","Over Votes","360","12TH CONGRESS","BREESE 4","1134","12","REPUBLICAN","0"
"14","0","CLINTON","660","MIKE BOST","360","12TH CONGRESS","WADE 1","178","12","REPUBLICAN","28"
"14","0","CLINTON","0","Under Votes","360","12TH CONGRESS","WADE 1","178","12","REPUBLICAN","5"
"14","0","CLINTON","0","Over Votes","360","12TH CONGRESS","WADE 1","178","12","REPUBLICAN","0"
"14","0","CLINTON","660","MIKE BOST","360","12TH CONGRESS","BROOKSIDE 1","854","12","REPUBLICAN","88"
"14","0","CLINTON","0","Under Votes","360","12TH CONGRESS","BROOKSIDE 1","854","12","REPUBLICAN","8"
"14","0","CLINTON","0","Over Votes","360","12TH CONGRESS","BROOKSIDE 1","854","12","REPUBLICAN","0"
"14","0","CLINTON","660","MIKE BOST","360","12TH CONGRESS","BROOKSIDE 2","722","12","REPUBLICAN","71"
"14","0","CLINTON","0","Under Votes","360","12TH CONGRESS","BROOKSIDE 2","722","12","REPUBLICAN","5"
"14","0","CLINTON","0","Over Votes","360","12TH CONGRESS","BROOKSIDE 2","722","12","REPUBLICAN","0"
"14","0","CLINTON","660","MIKE BOST","360","12TH CONGRESS","BROOKSIDE 3","529","12","REPUBLICAN","40"
"14","0","CLINTON","0","Under Votes","360","12TH CONGRESS","BROOKSIDE 3","529","12","REPUBLICAN","3"
"14","0","CLINTON","0","Over Votes","360","12TH CONGRESS","BROOKSIDE 3","529","12","REPUBLICAN","0"
"28","0","FRANKLIN","0","Over Votes","360","12TH CONGRESS","TYRONE 5","0","12","REPUBLICAN","0"
"28","0","FRANKLIN","660","MIKE BOST","360","12TH CONGRESS","TYRONE 5","0","12","REPUBLICAN","99"
"28","0","FRANKLIN","0","Under Votes","360","12TH CONGRESS","TYRONE 5","0","12","REPUBLICAN","9"
"28","0","FRANKLIN","0","Over Votes","360","12TH CONGRESS","BROWNING 1","0","12","REPUBLICAN","0"
"28","0","FRANKLIN","660","MIKE BOST","360","12TH CONGRESS","BROWNING 1","0","12","REPUBLICAN","88"
"28","0","FRANKLIN","0","Under Votes","360","12TH CONGRESS","BROWNING 1","0","12","REPUBLICAN","15"
"28","0","FRANKLIN","0","Over Votes","360","12TH CONGRESS","BROWNING 2","0","12","REPUBLICAN","0"
"28","0","FRANKLIN","660","MIKE BOST","360","12TH CONGRESS","BROWNING 2","0","12","REPUBLICAN","150"
"28","0","FRANKLIN","0","Under Votes","360","12TH CONGRESS","BROWNING 2","0","12","REPUBLICAN","28"
"28","0","FRANKLIN","0","Over Votes","360","12TH CONGRESS","BROWNING 3","0","12","REPUBLICAN","0"
"28","0","FRANKLIN","660","MIKE BOST","360","12TH CONGRESS","BROWNING 3","0","12","REPUBLICAN","63"
"28","0","FRANKLIN","0","Under Votes","360","12TH CONGRESS","BROWNING 3","0","12","REPUBLICAN","10"
"28","0","FRANKLIN","0","Over Votes","360","12TH CONGRESS","GOODE 1","0","12","REPUBLICAN","0"
"28","0","FRANKLIN","660","MIKE BOST","360","12TH CONGRESS","GOODE 1","0","12","REPUBLICAN","142"
"28","0","FRANKLIN","0","Under Votes","360","12TH CONGRESS","GOODE 1","0","12","REPUBLICAN","22"
"28","0","FRANKLIN","0","Over Votes","360","12TH CONGRESS","BENTON 4","0","12","REPUBLICAN","0"
"28","0","FRANKLIN","660","MIKE BOST","360","12TH CONGRESS","BENTON 4","0","12","REPUBLICAN","136"
"28","0","FRANKLIN","0","Under Votes","360","12TH CONGRESS","BENTON 4","0","12","REPUBLICAN","11"
"28","0","FRANKLIN","0","Over Votes","360","12TH CONGRESS","BENTON 5","0","12","REPUBLICAN","0"
"28","0","FRANKLIN","660","MIKE BOST","360","12TH CONGRESS","BENTON 5","0","12","REPUBLICAN","289"
"28","0","FRANKLIN","0","Under Votes","360","12TH CONGRESS","BENTON 5","0","12","REPUBLICAN","33"
"28","0","FRANKLIN","0","Over Votes","360","12TH CONGRESS","BENTON 6","0","12","REPUBLICAN","0"
"28","0","FRANKLIN","660","MIKE BOST","360","12TH CONGRESS","BENTON 6","0","12","REPUBLICAN","47"
"40","0","JASPER","0","Over Votes","360","12TH CONGRESS","WADE 1 - F12","0","12","","0"
"40","0","JASPER","660","MIKE BOST","360","12TH CONGRESS","WADE 4 - F12","0","12","","0"
"40","0","JASPER","0","Under Votes","360","12TH CONGRESS","WADE 4 - F12","0","12","","0"
"40","0","JASPER","0","Over Votes","360","12TH CONGRESS","WADE 4 - F12","0","12","","0"
"40","0","JASPER","660","MIKE BOST","360","12TH CONGRESS","FOX - 005","0","12","","84"
"40","0","JASPER","0","Under Votes","360","12TH CONGRESS","FOX - 005","0","12","","33"
"40","0","JASPER","0","Over Votes","360","12TH CONGRESS","FOX - 005","0","12","","0"
"40","0","JASPER","660","MIKE BOST","360","12TH CONGRESS","GROVE - 003","0","12","","110"
"40","0","JASPER","0","Under Votes","360","12TH CONGRESS","GROVE - 003","0","12","","31"
"40","0","JASPER","0","Over Votes","360","12TH CONGRESS","GROVE - 003","0","12","","0"
"40","0","JASPER","660","MIKE BOST","360","12TH CONGRESS","STE. MARIE 1 - F12","0","12","","0"
"40","0","JASPER","0","Under Votes","360","12TH CONGRESS","STE. MARIE 1 - F12","0","12","","0"
"40","0","JASPER","0","Over Votes","360","12TH CONGRESS","STE. MARIE 1 - F12","0","12","","0"
"40","0","JASPER","660","MIKE BOST","360","12TH CONGRESS","WADE 2 - F12","0","12","","0"
"40","0","JASPER","0","Under Votes","360","12TH CONGRESS","WADE 2 - F12","0","12","","0"
"40","0","JASPER","0","Over Votes","360","12TH CONGRESS","WADE 2 - F12","0","12","","0"
"40","0","JASPER","660","MIKE BOST","360","12TH CONGRESS","WILLOW HILL - F12","0","12","","0"
"40","0","JASPER","0","Under Votes","360","12TH CONGRESS","WILLOW HILL - F12","0","12","","0"
"40","0","JASPER","0","Over Votes","360","12TH CONGRESS","WILLOW HILL - F12","0","12","","0"
"40","0","JASPER","660","MIKE BOST","360","12TH CONGRESS","CROOKED CREEK - 001","0","12","","124"
"40","0","JASPER","0","Under Votes","360","12TH CONGRESS","CROOKED CREEK - 001","0","12","","32"
"40","0","JASPER","0","Over Votes","360","12TH CONGRESS","CROOKED CREEK - 001","0","12","","0"
"40","0","JASPER","660","MIKE BOST","360","12TH CONGRESS","GRANDVILLE - 001","0","12","","42"
"40","0","JASPER","0","Under Votes","360","12TH CONGRESS","GRANDVILLE - 001","0","12","","23"
"40","0","JASPER","0","Over Votes","360","12TH CONGRESS","GRANDVILLE - 001","0","12","","0"
"40","0","JASPER","660","MIKE BOST","360","12TH CONGRESS","GROVE - 004","0","12","","13"
"40","0","JASPER","0","Under Votes","360","12TH CONGRESS","GROVE - 004","0","12","","4"
"40","0","JASPER","0","Over Votes","360","12TH CONGRESS","GROVE - 004","0","12","","0"
"40","0","JASPER","660","MIKE BOST","360","12TH CONGRESS","NORTH MUDDY - 004","0","12","","11"
"40","0","JASPER","0","Under Votes","360","12TH CONGRESS","NORTH MUDDY - 004","0","12","","13"
"40","0","JASPER","0","Over Votes","360","12TH CONGRESS","NORTH MUDDY - 004","0","12","","0"
"40","0","JASPER","660","MIKE BOST","360","12TH CONGRESS","WADE 3 - F12","0","12","","0"
"40","0","JASPER","0","Under Votes","360","12TH CONGRESS","WADE 3 - F12","0","12","","0"
"40","0","JASPER","0","Over Votes","360","12TH CONGRESS","WADE 3 - F12","0","12","","0"
"40","0","JASPER","660","MIKE BOST","360","12TH CONGRESS","WADE 2 - 003","0","12","","177"
"40","0","JASPER","0","Under Votes","360","12TH CONGRESS","WADE 2 - 003","0","12","","64"
"40","0","JASPER","0","Over Votes","360","12TH CONGRESS","WADE 2 - 003","0","12","","0"
"40","0","JASPER","660","MIKE BOST","360","12TH CONGRESS","WILLOW HILL - 001","0","12","","64"
"40","0","JASPER","0","Under Votes","360","12TH CONGRESS","WILLOW HILL - 001","0","12","","27"
"40","0","JASPER","0","Over Votes","360","12TH CONGRESS","WILLOW HILL - 001","0","12","","0"
"40","0","JASPER","660","MIKE BOST","360","12TH CONGRESS","GRANDVILLE - F12","0","12","","0"
"40","0","JASPER","0","Under Votes","360","12TH CONGRESS","GRANDVILLE - F12","0","12","","0"
"40","0","JASPER","0","Over Votes","360","12TH CONGRESS","GRANDVILLE - F12","0","12","","0"
"40","0","JASPER","660","MIKE BOST","360","12TH CONGRESS","NORTH MUDDY - F12","0","12","","0"
"40","0","JASPER","0","Under Votes","360","12TH CONGRESS","NORTH MUDDY - F12","0","12","","0"
"40","0","JASPER","0","Over Votes","360","12TH CONGRESS","NORTH MUDDY - F12","0","12","","0"
"35","0","HARDIN","0","Under Votes","360","12TH CONGRESS","CAVE IN ROCK","512","12","REPUBLICAN","36"
"35","0","HARDIN","0","Over Votes","360","12TH CONGRESS","CAVE IN ROCK","512","12","REPUBLICAN","0"
"35","0","HARDIN","660","MIKE BOST","360","12TH CONGRESS","STONE CHURCH","414","12","REPUBLICAN","139"
"35","0","HARDIN","0","Under Votes","360","12TH CONGRESS","MCFARLAN","522","12","REPUBLICAN","41"
"35","0","HARDIN","0","Over Votes","360","12TH CONGRESS","MCFARLAN","522","12","REPUBLICAN","0"
"35","0","HARDIN","0","Blank Ballots","360","12TH CONGRESS","MCFARLAN","522","12","REPUBLICAN","0"
"35","0","HARDIN","660","MIKE BOST","360","12TH CONGRESS","MCFARLAN","522","12","REPUBLICAN","160"
"12","0","CLARK","0","Blank Ballots","360","12TH CONGRESS","DARWIN","231","11","DEMOCRATIC","0"
"12","0","CLARK","0","Over Votes","360","12TH CONGRESS","DARWIN","231","11","DEMOCRATIC","0"
"12","0","CLARK","665","HOMER ""CHIP"" MARKEL","360","12TH CONGRESS","DARWIN","231","11","DEMOCRATIC","5"
"12","0","CLARK","0","Under Votes","360","12TH CONGRESS","DARWIN","231","11","DEMOCRATIC","2"
"12","0","CLARK","670","JOSHUA QUALLS","360","12TH CONGRESS","DARWIN","231","11","DEMOCRATIC","5"
"12","0","CLARK","0","Blank Ballots","360","12TH CONGRESS","ORANGE","184","11","DEMOCRATIC","0"
"12","0","CLARK","0","Over Votes","360","12TH CONGRESS","ORANGE","184","11","DEMOCRATIC","0"
"12","0","CLARK","665","HOMER ""CHIP"" MARKEL","360","12TH CONGRESS","ORANGE","184","11","DEMOCRATIC","2"
"12","0","CLARK","0","Under Votes","360","12TH CONGRESS","ORANGE","184","11","DEMOCRATIC","0"
"12","0","CLARK","670","JOSHUA QUALLS","360","12TH CONGRESS","ORANGE","184","11","DEMOCRATIC","4"
"12","0","CLARK","0","Blank Ballots","360","12TH CONGRESS","CASEY 4","647","11","DEMOCRATIC","0"
"12","0","CLARK","0","Over Votes","360","12TH CONGRESS","CASEY 4","647","11","DEMOCRATIC","0"
"12","0","CLARK","665","HOMER ""CHIP"" MARKEL","360","12TH CONGRESS","CASEY 4","647","11","DEMOCRATIC","4"
"12","0","CLARK","0","Under Votes","360","12TH CONGRESS","CASEY 4","647","11","DEMOCRATIC","1"
"12","0","CLARK","670","JOSHUA QUALLS","360","12TH CONGRESS","CASEY 4","647","11","DEMOCRATIC","1"
"12","0","CLARK","0","Blank Ballots","360","12TH CONGRESS","JOHNSON","240","11","DEMOCRATIC","0"
"12","0","CLARK","0","Over Votes","360","12TH CONGRESS","JOHNSON","240","11","DEMOCRATIC","0"
"12","0","CLARK","665","HOMER ""CHIP"" MARKEL","360","12TH CONGRESS","JOHNSON","240","11","DEMOCRATIC","0"
"12","0","CLARK","0","Under Votes","360","12TH CONGRESS","JOHNSON","240","11","DEMOCRATIC","0"
"12","0","CLARK","670","JOSHUA QUALLS","360","12TH CONGRESS","JOHNSON","240","11","DEMOCRATIC","2"
"12","0","CLARK","0","Blank Ballots","360","12TH CONGRESS","MELROSE","254","11","DEMOCRATIC","0"
"12","0","CLARK","0","Over Votes","360","12TH CONGRESS","MELROSE","254","11","DEMOCRATIC","0"
"12","0","CLARK","665","HOMER ""CHIP"" MARKEL","360","12TH CONGRESS","MELROSE","254","11","DEMOCRATIC","0"
"12","0","CLARK","0","Under Votes","360","12TH CONGRESS","MELROSE","254","11","DEMOCRATIC","0"
"12","0","CLARK","670","JOSHUA QUALLS","360","12TH CONGRESS","MELROSE","254","11","DEMOCRATIC","1"
"12","0","CLARK","0","Blank Ballots","360","12TH CONGRESS","CASEY 1","784","11","DEMOCRATIC","0"
"12","0","CLARK","0","Over Votes","360","12TH CONGRESS","CASEY 1","784","11","DEMOCRATIC","0"
"12","0","CLARK","665","HOMER ""CHIP"" MARKEL","360","12TH CONGRESS","CASEY 1","784","11","DEMOCRATIC","9"
"12","0","CLARK","0","Under Votes","360","12TH CONGRESS","CASEY 1","784","11","DEMOCRATIC","2"
"12","0","CLARK","670","JOSHUA QUALLS","360","12TH CONGRESS","CASEY 1","784","11","DEMOCRATIC","11"
"12","0","CLARK","0","Blank Ballots","360","12TH CONGRESS","MARSHALL 4","849","11","DEMOCRATIC","0"
"12","0","CLARK","0","Over Votes","360","12TH CONGRESS","MARSHALL 4","849","11","DEMOCRATIC","0"
"12","0","CLARK","665","HOMER ""CHIP"" MARKEL","360","12TH CONGRESS","MARSHALL 4","849","11","DEMOCRATIC","15"
"12","0","CLARK","0","Under Votes","360","12TH CONGRESS","MARSHALL 4","849","11","DEMOCRATIC","6"
"12","0","CLARK","670","JOSHUA QUALLS","360","12TH CONGRESS","MARSHALL 4","849","11","DEMOCRATIC","13"
"12","0","CLARK","0","Blank Ballots","360","12TH CONGRESS","WABASH 2","1051","11","DEMOCRATIC","0"
"12","0","CLARK","0","Over Votes","360","12TH CONGRESS","WABASH 2","1051","11","DEMOCRATIC","0"
"91","0","UNION","0","Under Votes","360","12TH CONGRESS","LICK CREEK","0","12","REPUBLICAN","16"
"40","0","JASPER","665","HOMER ""CHIP"" MARKEL","360","12TH CONGRESS","GRANDVILLE - 002","0","11","","0"
"40","0","JASPER","0","Over Votes","360","12TH CONGRESS","GRANDVILLE - 002","0","11","","0"
"40","0","JASPER","670","JOSHUA QUALLS","360","12TH CONGRESS","GRANDVILLE - 002","0","11","","0"
"40","0","JASPER","0","Under Votes","360","12TH CONGRESS","GRANDVILLE - 002","0","11","","0"
"40","0","JASPER","665","HOMER ""CHIP"" MARKEL","360","12TH CONGRESS","HUNT CITY - 001","0","11","","3"
"40","0","JASPER","0","Over Votes","360","12TH CONGRESS","HUNT CITY - 001","0","11","","0"
"40","0","JASPER","670","JOSHUA QUALLS","360","12TH CONGRESS","HUNT CITY - 001","0","11","","4"
"40","0","JASPER","0","Under Votes","360","12TH CONGRESS","HUNT CITY - 001","0","11","","0"
"40","0","JASPER","665","HOMER ""CHIP"" MARKEL","360","12TH CONGRESS","SMALLWOOD - 005","0","11","","6"
"40","0","JASPER","0","Over Votes","360","12TH CONGRESS","SMALLWOOD - 005","0","11","","0"
"40","0","JASPER","670","JOSHUA QUALLS","360","12TH CONGRESS","SMALLWOOD - 005","0","11","","3"
"40","0","JASPER","0","Under Votes","360","12TH CONGRESS","SMALLWOOD - 005","0","11","","2"
"40","0","JASPER","665","HOMER ""CHIP"" MARKEL","360","12TH CONGRESS","STE. MARIE 1 - 005","0","11","","4"
"40","0","JASPER","0","Over Votes","360","12TH CONGRESS","STE. MARIE 1 - 005","0","11","","0"
"40","0","JASPER","670","JOSHUA QUALLS","360","12TH CONGRESS","STE. MARIE 1 - 005","0","11","","1"
"40","0","JASPER","0","Under Votes","360","12TH CONGRESS","STE. MARIE 1 - 005","0","11","","0"
"40","0","JASPER","670","JOSHUA QUALLS","360","12TH CONGRESS","CROOKED CREEK - 001","0","11","","3"
"40","0","JASPER","0","Under Votes","360","12TH CONGRESS","CROOKED CREEK - 001","0","11","","3"
"40","0","JASPER","665","HOMER ""CHIP"" MARKEL","360","12TH CONGRESS","CROOKED CREEK - 001","0","11","","6"
"40","0","JASPER","0","Over Votes","360","12TH CONGRESS","CROOKED CREEK - 001","0","11","","0"
"40","0","JASPER","665","HOMER ""CHIP"" MARKEL","360","12TH CONGRESS","GRANDVILLE - 001","0","11","","5"
"40","0","JASPER","0","Over Votes","360","12TH CONGRESS","GRANDVILLE - 001","0","11","","0"
"40","0","JASPER","670","JOSHUA QUALLS","360","12TH CONGRESS","GRANDVILLE - 001","0","11","","2"
"40","0","JASPER","0","Under Votes","360","12TH CONGRESS","GRANDVILLE - 001","0","11","","0"
"40","0","JASPER","665","HOMER ""CHIP"" MARKEL","360","12TH CONGRESS","GROVE - 004","0","11","","1"
"40","0","JASPER","0","Over Votes","360","12TH CONGRESS","GROVE - 004","0","11","","0"
"40","0","JASPER","670","JOSHUA QUALLS","360","12TH CONGRESS","GROVE - 004","0","11","","0"
"40","0","JASPER","0","Under Votes","360","12TH CONGRESS","GROVE - 004","0","11","","0"
"40","0","JASPER","665","HOMER ""CHIP"" MARKEL","360","12TH CONGRESS","NORTH MUDDY - 004","0","11","","0"
"40","0","JASPER","0","Over Votes","360","12TH CONGRESS","NORTH MUDDY - 004","0","11","","0"
"40","0","JASPER","670","JOSHUA QUALLS","360","12TH CONGRESS","NORTH MUDDY - 004","0","11","","0"
"40","0","JASPER","0","Under Votes","360","12TH CONGRESS","NORTH MUDDY - 004","0","11","","0"
"40","0","JASPER","665","HOMER ""CHIP"" MARKEL","360","12TH CONGRESS","WADE 3 - F12","0","11","","0"
"40","0","JASPER","0","Over Votes","360","12TH CONGRESS","WADE 3 - F12","0","11","","0"
"40","0","JASPER","670","JOSHUA QUALLS","360","12TH CONGRESS","WADE 3 - F12","0","11","","0"
"40","0","JASPER","0","Under Votes","360","12TH CONGRESS","WADE 3 - F12","0","11","","0"
"40","0","JASPER","0","Under Votes","360","12TH CONGRESS","SOUTH MUDDY - 004","0","11","","0"
"40","0","JASPER","665","HOMER ""CHIP"" MARKEL","360","12TH CONGRESS","SOUTH MUDDY - 004","0","11","","0"
"40","0","JASPER","0","Over Votes","360","12TH CONGRESS","SOUTH MUDDY - 004","0","11","","0"
"40","0","JASPER","670","JOSHUA QUALLS","360","12TH CONGRESS","SOUTH MUDDY - 004","0","11","","0"
"40","0","JASPER","665","HOMER ""CHIP"" MARKEL","360","12TH CONGRESS","WADE 1 - 005","0","11","","19"
"40","0","JASPER","0","Over Votes","360","12TH CONGRESS","WADE 1 - 005","0","11","","0"
"40","0","JASPER","670","JOSHUA QUALLS","360","12TH CONGRESS","WADE 1 - 005","0","11","","13"
"40","0","JASPER","0","Under Votes","360","12TH CONGRESS","WADE 1 - 005","0","11","","10"
"40","0","JASPER","665","HOMER ""CHIP"" MARKEL","360","12TH CONGRESS","WADE 4 - 001","0","11","","10"
"40","0","JASPER","0","Over Votes","360","12TH CONGRESS","WADE 4 - 001","0","11","","0"
"40","0","JASPER","670","JOSHUA QUALLS","360","12TH CONGRESS","WADE 4 - 001","0","11","","11"
"40","0","JASPER","0","Under Votes","360","12TH CONGRESS","WADE 4 - 001","0","11","","3"
"40","0","JASPER","665","HOMER ""CHIP"" MARKEL","360","12TH CONGRESS","FOX - F12","0","11","","0"
"40","0","JASPER","0","Over Votes","360","12TH CONGRESS","FOX - F12","0","11","","0"
"40","0","JASPER","670","JOSHUA QUALLS","360","12TH CONGRESS","FOX - F12","0","11","","0"
"40","0","JASPER","0","Under Votes","360","12TH CONGRESS","FOX - F12","0","11","","0"
"40","0","JASPER","665","HOMER ""CHIP"" MARKEL","360","12TH CONGRESS","CROOKED CREEK - 002","0","11","","0"
"40","0","JASPER","0","Over Votes","360","12TH CONGRESS","CROOKED CREEK - 002","0","11","","0"
"40","0","JASPER","670","JOSHUA QUALLS","360","12TH CONGRESS","CROOKED CREEK - 002","0","11","","0"
"40","0","JASPER","0","Under Votes","360","12TH CONGRESS","CROOKED CREEK - 002","0","11","","0"
"40","0","JASPER","665","HOMER ""CHIP"" MARKEL","360","12TH CONGRESS","HUNT CITY - F12","0","11","","0"
"40","0","JASPER","0","Over Votes","360","12TH CONGRESS","HUNT CITY - F12","0","11","","0"
"40","0","JASPER","670","JOSHUA QUALLS","360","12TH CONGRESS","HUNT CITY - F12","0","11","","0"
"40","0","JASPER","0","Under Votes","360","12TH CONGRESS","HUNT CITY - F12","0","11","","0"
"40","0","JASPER","665","HOMER ""CHIP"" MARKEL","360","12TH CONGRESS","SOUTH MUDDY - F12","0","11","","0"
"40","0","JASPER","0","Over Votes","360","12TH CONGRESS","SOUTH MUDDY - F12","0","11","","0"
"40","0","JASPER","670","JOSHUA QUALLS","360","12TH CONGRESS","SOUTH MUDDY - F12","0","11","","0"
"40","0","JASPER","0","Under Votes","360","12TH CONGRESS","SOUTH MUDDY - F12","0","11","","0"
"40","0","JASPER","665","HOMER ""CHIP"" MARKEL","360","12TH CONGRESS","WADE 1 - F12","0","11","","0"
"40","0","JASPER","0","Over Votes","360","12TH CONGRESS","WADE 1 - F12","0","11","","0"
"40","0","JASPER","670","JOSHUA QUALLS","360","12TH CONGRESS","WADE 1 - F12","0","11","","0"
"40","0","JASPER","0","Under Votes","360","12TH CONGRESS","WADE 1 - F12","0","11","","0"
"40","0","JASPER","665","HOMER ""CHIP"" MARKEL","360","12TH CONGRESS","WADE 4 - F12","0","11","","0"
"40","0","JASPER","0","Over Votes","360","12TH CONGRESS","WADE 4 - F12","0","11","","0"
"40","0","JASPER","670","JOSHUA QUALLS","360","12TH CONGRESS","WADE 4 - F12","0","11","","0"
"40","0","JASPER","0","Under Votes","360","12TH CONGRESS","WADE 4 - F12","0","11","","0"
"40","0","JASPER","665","HOMER ""CHIP"" MARKEL","360","12TH CONGRESS","CROOKED CREEK - F12","0","11","","0"
"40","0","JASPER","0","Over Votes","360","12TH CONGRESS","CROOKED CREEK - F12","0","11","","0"
"40","0","JASPER","670","JOSHUA QUALLS","360","12TH CONGRESS","CROOKED CREEK - F12","0","11","","0"
"40","0","JASPER","0","Under Votes","360","12TH CONGRESS","CROOKED CREEK - F12","0","11","","0"
"40","0","JASPER","665","HOMER ""CHIP"" MARKEL","360","12TH CONGRESS","GROVE - F12","0","11","","0"
"40","0","JASPER","0","Over Votes","360","12TH CONGRESS","GROVE - F12","0","11","","0"
"40","0","JASPER","670","JOSHUA QUALLS","360","12TH CONGRESS","GROVE - F12","0","11","","0"
"40","0","JASPER","0","Under Votes","360","12TH CONGRESS","GROVE - F12","0","11","","0"
"40","0","JASPER","665","HOMER ""CHIP"" MARKEL","360","12TH CONGRESS","SMALLWOOD - F12","0","11","","0"
"40","0","JASPER","0","Over Votes","360","12TH CONGRESS","SMALLWOOD - F12","0","11","","0"
"40","0","JASPER","670","JOSHUA QUALLS","360","12TH CONGRESS","SMALLWOOD - F12","0","11","","0"
"40","0","JASPER","0","Under Votes","360","12TH CONGRESS","SMALLWOOD - F12","0","11","","0"
"40","0","JASPER","665","HOMER ""CHIP"" MARKEL","360","12TH CONGRESS","STE. MARIE 2 - F12","0","11","","0"
"40","0","JASPER","0","Over Votes","360","12TH CONGRESS","STE. MARIE 2 - F12","0","11","","0"
"40","0","JASPER","670","JOSHUA QUALLS","360","12TH CONGRESS","STE. MARIE 2 - F12","0","11","","0"
"28","0","FRANKLIN","0","Under Votes","360","12TH CONGRESS","BENTON 6","0","12","REPUBLICAN","2"
"28","0","FRANKLIN","0","Over Votes","360","12TH CONGRESS","BENTON 7","0","12","REPUBLICAN","0"
"28","0","FRANKLIN","660","MIKE BOST","360","12TH CONGRESS","BENTON 7","0","12","REPUBLICAN","87"
"28","0","FRANKLIN","0","Under Votes","360","12TH CONGRESS","BENTON 7","0","12","REPUBLICAN","6"
"28","0","FRANKLIN","0","Under Votes","360","12TH CONGRESS","SIX MILE 3","0","12","REPUBLICAN","24"
"28","0","FRANKLIN","0","Over Votes","360","12TH CONGRESS","DENNING 5","0","12","REPUBLICAN","0"
"28","0","FRANKLIN","660","MIKE BOST","360","12TH CONGRESS","DENNING 5","0","12","REPUBLICAN","43"
"28","0","FRANKLIN","0","Under Votes","360","12TH CONGRESS","DENNING 5","0","12","REPUBLICAN","9"
"28","0","FRANKLIN","0","Over Votes","360","12TH CONGRESS","FRANKFORT 1","0","12","REPUBLICAN","0"
"28","0","FRANKLIN","660","MIKE BOST","360","12TH CONGRESS","FRANKFORT 1","0","12","REPUBLICAN","208"
"28","0","FRANKLIN","0","Under Votes","360","12TH CONGRESS","FRANKFORT 1","0","12","REPUBLICAN","30"
"28","0","FRANKLIN","0","Over Votes","360","12TH CONGRESS","FRANKFORT 2","0","12","REPUBLICAN","0"
"28","0","FRANKLIN","660","MIKE BOST","360","12TH CONGRESS","FRANKFORT 2","0","12","REPUBLICAN","87"
"28","0","FRANKLIN","0","Under Votes","360","12TH CONGRESS","FRANKFORT 2","0","12","REPUBLICAN","12"
"28","0","FRANKLIN","0","Over Votes","360","12TH CONGRESS","FRANKFORT 3","0","12","REPUBLICAN","0"
"28","0","FRANKLIN","660","MIKE BOST","360","12TH CONGRESS","FRANKFORT 3","0","12","REPUBLICAN","104"
"28","0","FRANKLIN","0","Under Votes","360","12TH CONGRESS","FRANKFORT 3","0","12","REPUBLICAN","5"
"28","0","FRANKLIN","0","Over Votes","360","12TH CONGRESS","FRANKFORT 4","0","12","REPUBLICAN","0"
"28","0","FRANKLIN","660","MIKE BOST","360","12TH CONGRESS","FRANKFORT 4","0","12","REPUBLICAN","213"
"28","0","FRANKLIN","0","Under Votes","360","12TH CONGRESS","FRANKFORT 4","0","12","REPUBLICAN","14"
"28","0","FRANKLIN","0","Over Votes","360","12TH CONGRESS","CAVE","0","12","REPUBLICAN","0"
"28","0","FRANKLIN","660","MIKE BOST","360","12TH CONGRESS","CAVE","0","12","REPUBLICAN","274"
"28","0","FRANKLIN","0","Under Votes","360","12TH CONGRESS","CAVE","0","12","REPUBLICAN","15"
"28","0","FRANKLIN","0","Over Votes","360","12TH CONGRESS","TYRONE 1","0","12","REPUBLICAN","0"
"28","0","FRANKLIN","660","MIKE BOST","360","12TH CONGRESS","TYRONE 1","0","12","REPUBLICAN","109"
"28","0","FRANKLIN","0","Under Votes","360","12TH CONGRESS","TYRONE 1","0","12","REPUBLICAN","7"
"28","0","FRANKLIN","0","Over Votes","360","12TH CONGRESS","TYRONE 2","0","12","REPUBLICAN","0"
"28","0","FRANKLIN","660","MIKE BOST","360","12TH CONGRESS","TYRONE 2","0","12","REPUBLICAN","148"
"28","0","FRANKLIN","0","Under Votes","360","12TH CONGRESS","TYRONE 2","0","12","REPUBLICAN","17"
"28","0","FRANKLIN","0","Over Votes","360","12TH CONGRESS","TYRONE 3","0","12","REPUBLICAN","0"
"28","0","FRANKLIN","660","MIKE BOST","360","12TH CONGRESS","TYRONE 3","0","12","REPUBLICAN","83"
"28","0","FRANKLIN","0","Under Votes","360","12TH CONGRESS","TYRONE 3","0","12","REPUBLICAN","11"
"28","0","FRANKLIN","0","Over Votes","360","12TH CONGRESS","TYRONE 4","0","12","REPUBLICAN","0"
"28","0","FRANKLIN","660","MIKE BOST","360","12TH CONGRESS","TYRONE 4","0","12","REPUBLICAN","124"
"28","0","FRANKLIN","0","Under Votes","360","12TH CONGRESS","TYRONE 4","0","12","REPUBLICAN","17"
"28","0","FRANKLIN","0","Over Votes","360","12TH CONGRESS","GOODE 2","0","12","REPUBLICAN","0"
"28","0","FRANKLIN","660","MIKE BOST","360","12TH CONGRESS","GOODE 2","0","12","REPUBLICAN","170"
"28","0","FRANKLIN","0","Under Votes","360","12TH CONGRESS","GOODE 2","0","12","REPUBLICAN","12"
"28","0","FRANKLIN","0","Over Votes","360","12TH CONGRESS","BARREN","0","12","REPUBLICAN","0"
"28","0","FRANKLIN","660","MIKE BOST","360","12TH CONGRESS","BARREN","0","12","REPUBLICAN","106"
"28","0","FRANKLIN","0","Under Votes","360","12TH CONGRESS","BARREN","0","12","REPUBLICAN","7"
"28","0","FRANKLIN","0","Over Votes","360","12TH CONGRESS","EWING 1","0","12","REPUBLICAN","0"
"28","0","FRANKLIN","660","MIKE BOST","360","12TH CONGRESS","EWING 1","0","12","REPUBLICAN","106"
"93","0","WABASH","660","MIKE BOST","360","12TH CONGRESS","WABASH 10","657","12","REPUBLICAN","135"
"82","0","SALINE","0","Blank Ballots","360","12TH CONGRESS","CARRIER MILLS #1","742","12","REPUBLICAN","12"
"82","0","SALINE","660","MIKE BOST","360","12TH CONGRESS","CARRIER MILLS #1","742","12","REPUBLICAN","113"
"82","0","SALINE","0","Under Votes","360","12TH CONGRESS","CARRIER MILLS #1","742","12","REPUBLICAN","0"
"82","0","SALINE","0","Over Votes","360","12TH CONGRESS","CARRIER MILLS #1","742","12","REPUBLICAN","0"
"82","0","SALINE","0","Blank Ballots","360","12TH CONGRESS","GALATIA","750","12","REPUBLICAN","14"
"82","0","SALINE","0","Under Votes","360","12TH CONGRESS","GALATIA","750","12","REPUBLICAN","0"
"82","0","SALINE","660","MIKE BOST","360","12TH CONGRESS","GALATIA","750","12","REPUBLICAN","135"
"82","0","SALINE","0","Over Votes","360","12TH CONGRESS","GALATIA","750","12","REPUBLICAN","0"
"82","0","SALINE","0","Blank Ballots","360","12TH CONGRESS","HARRISBURG # 9","476","12","REPUBLICAN","15"
"82","0","SALINE","660","MIKE BOST","360","12TH CONGRESS","HARRISBURG # 9","476","12","REPUBLICAN","102"
"82","0","SALINE","0","Under Votes","360","12TH CONGRESS","HARRISBURG # 9","476","12","REPUBLICAN","0"
"82","0","SALINE","0","Over Votes","360","12TH CONGRESS","HARRISBURG # 9","476","12","REPUBLICAN","0"
"82","0","SALINE","660","MIKE BOST","360","12TH CONGRESS","EAST ELDORADO #4","667","12","REPUBLICAN","69"
"82","0","SALINE","0","Under Votes","360","12TH CONGRESS","EAST ELDORADO #4","667","12","REPUBLICAN","0"
"82","0","SALINE","0","Over Votes","360","12TH CONGRESS","EAST ELDORADO #4","667","12","REPUBLICAN","0"
"82","0","SALINE","0","Blank Ballots","360","12TH CONGRESS","EAST ELDORADO #4","667","12","REPUBLICAN","8"
"82","0","SALINE","660","MIKE BOST","360","12TH CONGRESS","HARRISBURG # 6","709","12","REPUBLICAN","103"
"82","0","SALINE","0","Under Votes","360","12TH CONGRESS","HARRISBURG # 6","709","12","REPUBLICAN","0"
"82","0","SALINE","0","Over Votes","360","12TH CONGRESS","HARRISBURG # 6","709","12","REPUBLICAN","0"
"82","0","SALINE","0","Blank Ballots","360","12TH CONGRESS","HARRISBURG # 6","709","12","REPUBLICAN","26"
"82","0","SALINE","660","MIKE BOST","360","12TH CONGRESS","RECTOR","42","12","REPUBLICAN","10"
"82","0","SALINE","0","Under Votes","360","12TH CONGRESS","RECTOR","42","12","REPUBLICAN","0"
"82","0","SALINE","0","Over Votes","360","12TH CONGRESS","RECTOR","42","12","REPUBLICAN","0"
"82","0","SALINE","0","Blank Ballots","360","12TH CONGRESS","RECTOR","42","12","REPUBLICAN","2"
"82","0","SALINE","0","Under Votes","360","12TH CONGRESS","EAST ELDORADO #2","666","12","REPUBLICAN","0"
"82","0","SALINE","660","MIKE BOST","360","12TH CONGRESS","EAST ELDORADO #2","666","12","REPUBLICAN","67"
"82","0","SALINE","0","Over Votes","360","12TH CONGRESS","EAST ELDORADO #2","666","12","REPUBLICAN","0"
"82","0","SALINE","0","Blank Ballots","360","12TH CONGRESS","EAST ELDORADO #2","666","12","REPUBLICAN","22"
"82","0","SALINE","0","Under Votes","360","12TH CONGRESS","HARRISBURG # 4","724","12","REPUBLICAN","0"
"82","0","SALINE","660","MIKE BOST","360","12TH CONGRESS","HARRISBURG # 4","724","12","REPUBLICAN","87"
"82","0","SALINE","0","Over Votes","360","12TH CONGRESS","HARRISBURG # 4","724","12","REPUBLICAN","0"
"82","0","SALINE","0","Blank Ballots","360","12TH CONGRESS","HARRISBURG # 4","724","12","REPUBLICAN","23"
"82","0","SALINE","0","Under Votes","360","12TH CONGRESS","MOUNTAIN","288","12","REPUBLICAN","0"
"82","0","SALINE","660","MIKE BOST","360","12TH CONGRESS","MOUNTAIN","288","12","REPUBLICAN","62"
"82","0","SALINE","0","Over Votes","360","12TH CONGRESS","MOUNTAIN","288","12","REPUBLICAN","0"
"82","0","SALINE","0","Blank Ballots","360","12TH CONGRESS","MOUNTAIN","288","12","REPUBLICAN","18"
"82","0","SALINE","0","Under Votes","360","12TH CONGRESS","COTTAGE","169","12","REPUBLICAN","0"
"82","0","SALINE","660","MIKE BOST","360","12TH CONGRESS","COTTAGE","169","12","REPUBLICAN","40"
"82","0","SALINE","0","Over Votes","360","12TH CONGRESS","COTTAGE","169","12","REPUBLICAN","0"
"82","0","SALINE","0","Blank Ballots","360","12TH CONGRESS","COTTAGE","169","12","REPUBLICAN","11"
"82","0","SALINE","0","Under Votes","360","12TH CONGRESS","HARRISBURG # 2","650","12","REPUBLICAN","0"
"12","0","CLARK","0","Blank Ballots","360","12TH CONGRESS","CASEY 4","647","12","REPUBLICAN","0"
"12","0","CLARK","660","MIKE BOST","360","12TH CONGRESS","JOHNSON","240","12","REPUBLICAN","59"
"12","0","CLARK","0","Over Votes","360","12TH CONGRESS","JOHNSON","240","12","REPUBLICAN","0"
"12","0","CLARK","0","Under Votes","360","12TH CONGRESS","JOHNSON","240","12","REPUBLICAN","16"
"12","0","CLARK","0","Blank Ballots","360","12TH CONGRESS","JOHNSON","240","12","REPUBLICAN","0"
"12","0","CLARK","660","MIKE BOST","360","12TH CONGRESS","MELROSE","254","12","REPUBLICAN","76"
"12","0","CLARK","0","Over Votes","360","12TH CONGRESS","MELROSE","254","12","REPUBLICAN","0"
"12","0","CLARK","0","Under Votes","360","12TH CONGRESS","MELROSE","254","12","REPUBLICAN","13"
"12","0","CLARK","0","Blank Ballots","360","12TH CONGRESS","MELROSE","254","12","REPUBLICAN","0"
"12","0","CLARK","660","MIKE BOST","360","12TH CONGRESS","DARWIN","231","12","REPUBLICAN","37"
"12","0","CLARK","0","Over Votes","360","12TH CONGRESS","DARWIN","231","12","REPUBLICAN","0"
"12","0","CLARK","0","Under Votes","360","12TH CONGRESS","DARWIN","231","12","REPUBLICAN","14"
"12","0","CLARK","0","Blank Ballots","360","12TH CONGRESS","DARWIN","231","12","REPUBLICAN","0"
"12","0","CLARK","660","MIKE BOST","360","12TH CONGRESS","ORANGE","184","12","REPUBLICAN","54"
"12","0","CLARK","0","Over Votes","360","12TH CONGRESS","ORANGE","184","12","REPUBLICAN","0"
"12","0","CLARK","0","Under Votes","360","12TH CONGRESS","ORANGE","184","12","REPUBLICAN","20"
"12","0","CLARK","0","Blank Ballots","360","12TH CONGRESS","ORANGE","184","12","REPUBLICAN","0"
"17","0","CRAWFORD","0","Blank Ballots","360","12TH CONGRESS","OBLONG 2","805","11","DEMOCRATIC","0"
"17","0","CRAWFORD","665","HOMER ""CHIP"" MARKEL","360","12TH CONGRESS","OBLONG 2","805","11","DEMOCRATIC","12"
"17","0","CRAWFORD","0","Under Votes","360","12TH CONGRESS","OBLONG 2","805","11","DEMOCRATIC","5"
"17","0","CRAWFORD","0","Over Votes","360","12TH CONGRESS","OBLONG 2","805","11","DEMOCRATIC","0"
"17","0","CRAWFORD","670","JOSHUA QUALLS","360","12TH CONGRESS","OBLONG 2","805","11","DEMOCRATIC","7"
"17","0","CRAWFORD","665","HOMER ""CHIP"" MARKEL","360","12TH CONGRESS","ROBINSON 4","406","11","DEMOCRATIC","7"
"17","0","CRAWFORD","0","Under Votes","360","12TH CONGRESS","ROBINSON 4","406","11","DEMOCRATIC","2"
"17","0","CRAWFORD","0","Over Votes","360","12TH CONGRESS","ROBINSON 4","406","11","DEMOCRATIC","0"
"17","0","CRAWFORD","670","JOSHUA QUALLS","360","12TH CONGRESS","ROBINSON 4","406","11","DEMOCRATIC","5"
"17","0","CRAWFORD","0","Blank Ballots","360","12TH CONGRESS","ROBINSON 4","406","11","DEMOCRATIC","0"
"17","0","CRAWFORD","665","HOMER ""CHIP"" MARKEL","360","12TH CONGRESS","OBLONG 1","645","11","DEMOCRATIC","8"
"17","0","CRAWFORD","0","Under Votes","360","12TH CONGRESS","OBLONG 1","645","11","DEMOCRATIC","2"
"17","0","CRAWFORD","0","Over Votes","360","12TH CONGRESS","OBLONG 1","645","11","DEMOCRATIC","0"
"17","0","CRAWFORD","670","JOSHUA QUALLS","360","12TH CONGRESS","OBLONG 1","645","11","DEMOCRATIC","10"
"17","0","CRAWFORD","0","Blank Ballots","360","12TH CONGRESS","OBLONG 1","645","11","DEMOCRATIC","0"
"17","0","CRAWFORD","665","HOMER ""CHIP"" MARKEL","360","12TH CONGRESS","ROBINSON 3","982","11","DEMOCRATIC","20"
"17","0","CRAWFORD","0","Under Votes","360","12TH CONGRESS","ROBINSON 3","982","11","DEMOCRATIC","12"
"17","0","CRAWFORD","0","Over Votes","360","12TH CONGRESS","ROBINSON 3","982","11","DEMOCRATIC","0"
"17","0","CRAWFORD","670","JOSHUA QUALLS","360","12TH CONGRESS","ROBINSON 3","982","11","DEMOCRATIC","8"
"17","0","CRAWFORD","0","Blank Ballots","360","12TH CONGRESS","ROBINSON 3","982","11","DEMOCRATIC","0"
"17","0","CRAWFORD","0","Under Votes","360","12TH CONGRESS","ROBINSON 5","430","11","DEMOCRATIC","2"
"17","0","CRAWFORD","0","Over Votes","360","12TH CONGRESS","ROBINSON 5","430","11","DEMOCRATIC","0"
"17","0","CRAWFORD","670","JOSHUA QUALLS","360","12TH CONGRESS","ROBINSON 5","430","11","DEMOCRATIC","5"
"17","0","CRAWFORD","0","Blank Ballots","360","12TH CONGRESS","ROBINSON 5","430","11","DEMOCRATIC","0"
"17","0","CRAWFORD","665","HOMER ""CHIP"" MARKEL","360","12TH CONGRESS","HUTSONVILLE 2","136","11","DEMOCRATIC","2"
"17","0","CRAWFORD","0","Under Votes","360","12TH CONGRESS","HUTSONVILLE 2","136","11","DEMOCRATIC","0"
"2","0","ALEXANDER","660","MIKE BOST","360","12TH CONGRESS","CAIRO 4","542","12","REPUBLICAN","11"
"2","0","ALEXANDER","660","MIKE BOST","360","12TH CONGRESS","SANDUSKY","269","12","REPUBLICAN","7"
"2","0","ALEXANDER","660","MIKE BOST","360","12TH CONGRESS","CAIRO 3","173","12","REPUBLICAN","1"
"2","0","ALEXANDER","660","MIKE BOST","360","12TH CONGRESS","CACHE","205","12","REPUBLICAN","5"
"2","0","ALEXANDER","660","MIKE BOST","360","12TH CONGRESS","MCCLURE","643","12","REPUBLICAN","32"
"2","0","ALEXANDER","0","Under Votes","360","12TH CONGRESS","","0","12","REPUBLICAN","32"
"2","0","ALEXANDER","0","Over Votes","360","12TH CONGRESS","","0","12","REPUBLICAN","0"
"30","0","GALLATIN","660","MIKE BOST","360","12TH CONGRESS","RIDGWAY","623","12","REPUBLICAN","89"
"30","0","GALLATIN","660","MIKE BOST","360","12TH CONGRESS","BOWLESVILLE","117","12","REPUBLICAN","8"
"30","0","GALLATIN","660","MIKE BOST","360","12TH CONGRESS","EQUALITY","593","12","REPUBLICAN","117"
"30","0","GALLATIN","0","Over Votes","360","12TH CONGRESS","","0","12","REPUBLICAN","0"
"30","0","GALLATIN","0","Under Votes","360","12TH CONGRESS","","0","12","REPUBLICAN","155"
"30","0","GALLATIN","660","MIKE BOST","360","12TH CONGRESS","NORTH FORK","284","12","REPUBLICAN","46"
"30","0","GALLATIN","660","MIKE BOST","360","12TH CONGRESS","ASBURY","76","12","REPUBLICAN","16"
"30","0","GALLATIN","660","MIKE BOST","360","12TH CONGRESS","GOLD HILL 2","463","12","REPUBLICAN","65"
"30","0","GALLATIN","660","MIKE BOST","360","12TH CONGRESS","SHAWNEE","143","12","REPUBLICAN","17"
"30","0","GALLATIN","660","MIKE BOST","360","12TH CONGRESS","OMAHA","344","12","REPUBLICAN","55"
"30","0","GALLATIN","660","MIKE BOST","360","12TH CONGRESS","EAGLE CREEK","133","12","REPUBLICAN","28"
"30","0","GALLATIN","660","MIKE BOST","360","12TH CONGRESS","GOLD HILL 1","545","12","REPUBLICAN","67"
"30","0","GALLATIN","660","MIKE BOST","360","12TH CONGRESS","NEW HAVEN","282","12","REPUBLICAN","25"
"41","0","JEFFERSON","660","MIKE BOST","360","12TH CONGRESS","DODDS 2","797","12","REPUBLICAN","113"
"41","0","JEFFERSON","660","MIKE BOST","360","12TH CONGRESS","FIELD","1064","12","REPUBLICAN","237"
"41","0","JEFFERSON","660","MIKE BOST","360","12TH CONGRESS","MOORES PRAIRIE","245","12","REPUBLICAN","63"
"41","0","JEFFERSON","660","MIKE BOST","360","12TH CONGRESS","MT. VERNON 3","673","12","REPUBLICAN","74"
"41","0","JEFFERSON","660","MIKE BOST","360","12TH CONGRESS","CASNER","888","12","REPUBLICAN","179"
"41","0","JEFFERSON","660","MIKE BOST","360","12TH CONGRESS","ELK PRAIRIE","507","12","REPUBLICAN","87"
"41","0","JEFFERSON","660","MIKE BOST","360","12TH CONGRESS","SHILOH 2","971","12","REPUBLICAN","210"
"41","0","JEFFERSON","660","MIKE BOST","360","12TH CONGRESS","SHILOH 5","865","12","REPUBLICAN","113"
"41","0","JEFFERSON","660","MIKE BOST","360","12TH CONGRESS","WEBBER 1","707","12","REPUBLICAN","149"
"41","0","JEFFERSON","0","Under Votes","360","12TH CONGRESS","","0","12","REPUBLICAN","429"
"41","0","JEFFERSON","0","Over Votes","360","12TH CONGRESS","","0","12","REPUBLICAN","0"
"41","0","JEFFERSON","660","MIKE BOST","360","12TH CONGRESS","MT. VERNON 6","552","12","REPUBLICAN","15"
"41","0","JEFFERSON","660","MIKE BOST","360","12TH CONGRESS","MT. VERNON 9","627","12","REPUBLICAN","40"
"41","0","JEFFERSON","660","MIKE BOST","360","12TH CONGRESS","ROME 1","691","12","REPUBLICAN","157"
"41","0","JEFFERSON","660","MIKE BOST","360","12TH CONGRESS","BALD HILL","558","12","REPUBLICAN","117"
"41","0","JEFFERSON","660","MIKE BOST","360","12TH CONGRESS","DODDS 1","940","12","REPUBLICAN","158"
"41","0","JEFFERSON","660","MIKE BOST","360","12TH CONGRESS","FARRINGTON","366","12","REPUBLICAN","95"
"41","0","JEFFERSON","660","MIKE BOST","360","12TH CONGRESS","MCCLELLAN","911","12","REPUBLICAN","189"
"41","0","JEFFERSON","660","MIKE BOST","360","12TH CONGRESS","SPRING GARDEN 1","525","12","REPUBLICAN","96"
"41","0","JEFFERSON","660","MIKE BOST","360","12TH CONGRESS","WEBBER 2","742","12","REPUBLICAN","168"
"41","0","JEFFERSON","660","MIKE BOST","360","12TH CONGRESS","MT. VERNON 2","1338","12","REPUBLICAN","291"
"41","0","JEFFERSON","660","MIKE BOST","360","12TH CONGRESS","MT. VERNON 5","861","12","REPUBLICAN","125"
"91","0","UNION","0","Under Votes","360","12TH CONGRESS","ANNA 7","0","11","DEMOCRATIC","5"
"91","0","UNION","670","JOSHUA QUALLS","360","12TH CONGRESS","ANNA 7","0","11","DEMOCRATIC","12"
"91","0","UNION","665","HOMER ""CHIP"" MARKEL","360","12TH CONGRESS","ANNA 7","0","11","DEMOCRATIC","16"
"91","0","UNION","0","Over Votes","360","12TH CONGRESS","JONESBORO 1","0","11","DEMOCRATIC","0"
"91","0","UNION","0","Under Votes","360","12TH CONGRESS","JONESBORO 1","0","11","DEMOCRATIC","6"
"91","0","UNION","670","JOSHUA QUALLS","360","12TH CONGRESS","JONESBORO 1","0","11","DEMOCRATIC","14"
"91","0","UNION","665","HOMER ""CHIP"" MARKEL","360","12TH CONGRESS","JONESBORO 1","0","11","DEMOCRATIC","13"
"91","0","UNION","0","Over Votes","360","12TH CONGRESS","STOKES","0","11","DEMOCRATIC","0"
"91","0","UNION","0","Under Votes","360","12TH CONGRESS","STOKES","0","11","DEMOCRATIC","2"
"91","0","UNION","670","JOSHUA QUALLS","360","12TH CONGRESS","STOKES","0","11","DEMOCRATIC","4"
"91","0","UNION","665","HOMER ""CHIP"" MARKEL","360","12TH CONGRESS","STOKES","0","11","DEMOCRATIC","9"
"91","0","UNION","0","Over Votes","360","12TH CONGRESS","UNION","0","11","DEMOCRATIC","0"
"91","0","UNION","0","Under Votes","360","12TH CONGRESS","UNION","0","11","DEMOCRATIC","4"
"91","0","UNION","670","JOSHUA QUALLS","360","12TH CONGRESS","UNION","0","11","DEMOCRATIC","6"
"91","0","UNION","665","HOMER ""CHIP"" MARKEL","360","12TH CONGRESS","UNION","0","11","DEMOCRATIC","10"
"41","0","JEFFERSON","670","JOSHUA QUALLS","360","12TH CONGRESS","MT. VERNON 2","1338","11","DEMOCRATIC","14"
"41","0","JEFFERSON","665","HOMER ""CHIP"" MARKEL","360","12TH CONGRESS","MT. VERNON 2","1338","11","DEMOCRATIC","9"
"41","0","JEFFERSON","670","JOSHUA QUALLS","360","12TH CONGRESS","MT. VERNON 5","861","11","DEMOCRATIC","16"
"41","0","JEFFERSON","665","HOMER ""CHIP"" MARKEL","360","12TH CONGRESS","MT. VERNON 5","861","11","DEMOCRATIC","8"
"41","0","JEFFERSON","670","JOSHUA QUALLS","360","12TH CONGRESS","MT. VERNON 8","603","11","DEMOCRATIC","15"
"41","0","JEFFERSON","665","HOMER ""CHIP"" MARKEL","360","12TH CONGRESS","MT. VERNON 8","603","11","DEMOCRATIC","14"
"41","0","JEFFERSON","670","JOSHUA QUALLS","360","12TH CONGRESS","PENDLETON","659","11","DEMOCRATIC","3"
"41","0","JEFFERSON","665","HOMER ""CHIP"" MARKEL","360","12TH CONGRESS","PENDLETON","659","11","DEMOCRATIC","12"
"41","0","JEFFERSON","665","HOMER ""CHIP"" MARKEL","360","12TH CONGRESS","GRAND PRAIRIE","650","11","DEMOCRATIC","7"
"41","0","JEFFERSON","670","JOSHUA QUALLS","360","12TH CONGRESS","GRAND PRAIRIE","650","11","DEMOCRATIC","7"
"41","0","JEFFERSON","665","HOMER ""CHIP"" MARKEL","360","12TH CONGRESS","MT. VERNON 1","1191","11","DEMOCRATIC","14"
"41","0","JEFFERSON","670","JOSHUA QUALLS","360","12TH CONGRESS","MT. VERNON 1","1191","11","DEMOCRATIC","19"
"41","0","JEFFERSON","665","HOMER ""CHIP"" MARKEL","360","12TH CONGRESS","MT. VERNON 4","492","11","DEMOCRATIC","2"
"41","0","JEFFERSON","670","JOSHUA QUALLS","360","12TH CONGRESS","MT. VERNON 4","492","11","DEMOCRATIC","6"
"41","0","JEFFERSON","670","JOSHUA QUALLS","360","12TH CONGRESS","MT. VERNON 7","683","11","DEMOCRATIC","10"
"41","0","JEFFERSON","665","HOMER ""CHIP"" MARKEL","360","12TH CONGRESS","MT. VERNON 7","683","11","DEMOCRATIC","14"
"41","0","JEFFERSON","665","HOMER ""CHIP"" MARKEL","360","12TH CONGRESS","MT. VERNON 10","655","11","DEMOCRATIC","11"
"41","0","JEFFERSON","670","JOSHUA QUALLS","360","12TH CONGRESS","MT. VERNON 10","655","11","DEMOCRATIC","8"
"41","0","JEFFERSON","665","HOMER ""CHIP"" MARKEL","360","12TH CONGRESS","ROME 2","473","11","DEMOCRATIC","4"
"41","0","JEFFERSON","670","JOSHUA QUALLS","360","12TH CONGRESS","ROME 2","473","11","DEMOCRATIC","7"
"41","0","JEFFERSON","665","HOMER ""CHIP"" MARKEL","360","12TH CONGRESS","SHILOH 3","893","11","DEMOCRATIC","16"
"41","0","JEFFERSON","670","JOSHUA QUALLS","360","12TH CONGRESS","SHILOH 3","893","11","DEMOCRATIC","27"
"41","0","JEFFERSON","665","HOMER ""CHIP"" MARKEL","360","12TH CONGRESS","DODDS 2","797","11","DEMOCRATIC","7"
"41","0","JEFFERSON","670","JOSHUA QUALLS","360","12TH CONGRESS","DODDS 2","797","11","DEMOCRATIC","5"
"41","0","JEFFERSON","665","HOMER ""CHIP"" MARKEL","360","12TH CONGRESS","FIELD","1064","11","DEMOCRATIC","11"
"41","0","JEFFERSON","670","JOSHUA QUALLS","360","12TH CONGRESS","FIELD","1064","11","DEMOCRATIC","4"
"82","0","SALINE","660","MIKE BOST","360","12TH CONGRESS","HARRISBURG # 2","650","12","REPUBLICAN","52"
"82","0","SALINE","0","Over Votes","360","12TH CONGRESS","HARRISBURG # 2","650","12","REPUBLICAN","0"
"82","0","SALINE","0","Blank Ballots","360","12TH CONGRESS","HARRISBURG # 2","650","12","REPUBLICAN","14"
"82","0","SALINE","0","Under Votes","360","12TH CONGRESS","INDEPENDENCE","828","12","REPUBLICAN","0"
"82","0","SALINE","0","Blank Ballots","360","12TH CONGRESS","INDEPENDENCE","828","12","REPUBLICAN","48"
"82","0","SALINE","660","MIKE BOST","360","12TH CONGRESS","INDEPENDENCE","828","12","REPUBLICAN","194"
"82","0","SALINE","0","Over Votes","360","12TH CONGRESS","INDEPENDENCE","828","12","REPUBLICAN","0"
"82","0","SALINE","660","MIKE BOST","360","12TH CONGRESS","EAST ELDORADO #1","747","12","REPUBLICAN","62"
"82","0","SALINE","0","Under Votes","360","12TH CONGRESS","EAST ELDORADO #1","747","12","REPUBLICAN","0"
"82","0","SALINE","0","Over Votes","360","12TH CONGRESS","EAST ELDORADO #1","747","12","REPUBLICAN","0"
"82","0","SALINE","0","Blank Ballots","360","12TH CONGRESS","EAST ELDORADO #1","747","12","REPUBLICAN","16"
"82","0","SALINE","660","MIKE BOST","360","12TH CONGRESS","EAST ELDORADO #3","394","12","REPUBLICAN","47"
"82","0","SALINE","0","Under Votes","360","12TH CONGRESS","EAST ELDORADO #3","394","12","REPUBLICAN","0"
"82","0","SALINE","0","Over Votes","360","12TH CONGRESS","EAST ELDORADO #3","394","12","REPUBLICAN","0"
"82","0","SALINE","0","Blank Ballots","360","12TH CONGRESS","EAST ELDORADO #3","394","12","REPUBLICAN","9"
"82","0","SALINE","660","MIKE BOST","360","12TH CONGRESS","HARRISBURG # 3","634","12","REPUBLICAN","71"
"82","0","SALINE","0","Under Votes","360","12TH CONGRESS","HARRISBURG # 3","634","12","REPUBLICAN","0"
"82","0","SALINE","0","Over Votes","360","12TH CONGRESS","HARRISBURG # 3","634","12","REPUBLICAN","0"
"82","0","SALINE","0","Blank Ballots","360","12TH CONGRESS","HARRISBURG # 3","634","12","REPUBLICAN","10"
"82","0","SALINE","0","Under Votes","360","12TH CONGRESS","HARRISBURG # 5","679","12","REPUBLICAN","0"
"82","0","SALINE","660","MIKE BOST","360","12TH CONGRESS","HARRISBURG # 5","679","12","REPUBLICAN","69"
"82","0","SALINE","0","Over Votes","360","12TH CONGRESS","HARRISBURG # 5","679","12","REPUBLICAN","0"
"82","0","SALINE","0","Blank Ballots","360","12TH CONGRESS","HARRISBURG # 5","679","12","REPUBLICAN","10"
"82","0","SALINE","660","MIKE BOST","360","12TH CONGRESS","LONG BRANCH","186","12","REPUBLICAN","38"
"82","0","SALINE","0","Under Votes","360","12TH CONGRESS","LONG BRANCH","186","12","REPUBLICAN","0"
"82","0","SALINE","0","Over Votes","360","12TH CONGRESS","LONG BRANCH","186","12","REPUBLICAN","0"
"82","0","SALINE","0","Blank Ballots","360","12TH CONGRESS","LONG BRANCH","186","12","REPUBLICAN","8"
"82","0","SALINE","660","MIKE BOST","360","12TH CONGRESS","RALEIGH","822","12","REPUBLICAN","155"
"82","0","SALINE","0","Under Votes","360","12TH CONGRESS","RALEIGH","822","12","REPUBLICAN","0"
"82","0","SALINE","0","Over Votes","360","12TH CONGRESS","RALEIGH","822","12","REPUBLICAN","0"
"82","0","SALINE","0","Blank Ballots","360","12TH CONGRESS","RALEIGH","822","12","REPUBLICAN","43"
"82","0","SALINE","660","MIKE BOST","360","12TH CONGRESS","BRUSHY","724","12","REPUBLICAN","124"
"82","0","SALINE","0","Under Votes","360","12TH CONGRESS","BRUSHY","724","12","REPUBLICAN","0"
"82","0","SALINE","0","Over Votes","360","12TH CONGRESS","BRUSHY","724","12","REPUBLICAN","0"
"82","0","SALINE","0","Blank Ballots","360","12TH CONGRESS","BRUSHY","724","12","REPUBLICAN","22"
"82","0","SALINE","660","MIKE BOST","360","12TH CONGRESS","EAST ELDORADO #6","449","12","REPUBLICAN","58"
"82","0","SALINE","0","Under Votes","360","12TH CONGRESS","EAST ELDORADO #6","449","12","REPUBLICAN","0"
"82","0","SALINE","0","Over Votes","360","12TH CONGRESS","EAST ELDORADO #6","449","12","REPUBLICAN","0"
"82","0","SALINE","0","Blank Ballots","360","12TH CONGRESS","EAST ELDORADO #6","449","12","REPUBLICAN","13"
"82","0","SALINE","660","MIKE BOST","360","12TH CONGRESS","HARRISBURG # 8","788","12","REPUBLICAN","112"
"82","0","SALINE","0","Under Votes","360","12TH CONGRESS","HARRISBURG # 8","788","12","REPUBLICAN","0"
"82","0","SALINE","0","Over Votes","360","12TH CONGRESS","HARRISBURG # 8","788","12","REPUBLICAN","0"
"82","0","SALINE","0","Blank Ballots","360","12TH CONGRESS","HARRISBURG # 8","788","12","REPUBLICAN","19"
"82","0","SALINE","660","MIKE BOST","360","12TH CONGRESS","TATE","180","12","REPUBLICAN","40"
"82","0","SALINE","0","Under Votes","360","12TH CONGRESS","TATE","180","12","REPUBLICAN","0"
"82","0","SALINE","0","Over Votes","360","12TH CONGRESS","TATE","180","12","REPUBLICAN","0"
"82","0","SALINE","0","Blank Ballots","360","12TH CONGRESS","TATE","180","12","REPUBLICAN","6"
"82","0","SALINE","0","Over Votes","360","12TH CONGRESS","STONEFORT","256","12","REPUBLICAN","0"
"82","0","SALINE","0","Blank Ballots","360","12TH CONGRESS","STONEFORT","256","12","REPUBLICAN","4"
"82","0","SALINE","660","MIKE BOST","360","12TH CONGRESS","CARRIER MILLS #2","827","12","REPUBLICAN","111"
"82","0","SALINE","0","Under Votes","360","12TH CONGRESS","CARRIER MILLS #2","827","12","REPUBLICAN","0"
"82","0","SALINE","0","Over Votes","360","12TH CONGRESS","CARRIER MILLS #2","827","12","REPUBLICAN","0"
"82","0","SALINE","0","Blank Ballots","360","12TH CONGRESS","CARRIER MILLS #2","827","12","REPUBLICAN","11"
"82","0","SALINE","660","MIKE BOST","360","12TH CONGRESS","HARRISBURG # 1","462","12","REPUBLICAN","36"
"82","0","SALINE","0","Under Votes","360","12TH CONGRESS","HARRISBURG # 1","462","12","REPUBLICAN","0"
"82","0","SALINE","0","Over Votes","360","12TH CONGRESS","HARRISBURG # 1","462","12","REPUBLICAN","0"
"82","0","SALINE","660","MIKE BOST","360","12TH CONGRESS","EAST ELDORADO #5","728","12","REPUBLICAN","72"
"82","0","SALINE","0","Under Votes","360","12TH CONGRESS","EAST ELDORADO #5","728","12","REPUBLICAN","0"
"82","0","SALINE","0","Over Votes","360","12TH CONGRESS","EAST ELDORADO #5","728","12","REPUBLICAN","0"
"82","0","SALINE","0","Blank Ballots","360","12TH CONGRESS","EAST ELDORADO #5","728","12","REPUBLICAN","23"
"82","0","SALINE","660","MIKE BOST","360","12TH CONGRESS","HARRISBURG # 7","633","12","REPUBLICAN","69"
"82","0","SALINE","0","Under Votes","360","12TH CONGRESS","HARRISBURG # 7","633","12","REPUBLICAN","0"
"82","0","SALINE","0","Over Votes","360","12TH CONGRESS","HARRISBURG # 7","633","12","REPUBLICAN","0"
"82","0","SALINE","0","Blank Ballots","360","12TH CONGRESS","HARRISBURG # 7","633","12","REPUBLICAN","14"
"82","0","SALINE","660","MIKE BOST","360","12TH CONGRESS","STONEFORT","256","12","REPUBLICAN","54"
"82","0","SALINE","0","Under Votes","360","12TH CONGRESS","STONEFORT","256","12","REPUBLICAN","0"
"82","0","SALINE","0","Blank Ballots","360","12TH CONGRESS","HARRISBURG # 1","462","12","REPUBLICAN","5"
"82","0","SALINE","660","MIKE BOST","360","12TH CONGRESS","HARRISBURG #10","771","12","REPUBLICAN","143"
"82","0","SALINE","0","Under Votes","360","12TH CONGRESS","HARRISBURG #10","771","12","REPUBLICAN","0"
"82","0","SALINE","0","Over Votes","360","12TH CONGRESS","HARRISBURG #10","771","12","REPUBLICAN","0"
"82","0","SALINE","0","Blank Ballots","360","12TH CONGRESS","HARRISBURG #10","771","12","REPUBLICAN","29"
"100","0","WILLIAMSON","665","HOMER ""CHIP"" MARKEL","360","12TH CONGRESS","CARTERVILLE 5","873","11","DEMOCRATIC","27"
"100","0","WILLIAMSON","670","JOSHUA QUALLS","360","12TH CONGRESS","CARTERVILLE 5","873","11","DEMOCRATIC","8"
"100","0","WILLIAMSON","665","HOMER ""CHIP"" MARKEL","360","12TH CONGRESS","GRASSY 1","495","11","DEMOCRATIC","24"
"100","0","WILLIAMSON","670","JOSHUA QUALLS","360","12TH CONGRESS","GRASSY 1","495","11","DEMOCRATIC","9"
"100","0","WILLIAMSON","665","HOMER ""CHIP"" MARKEL","360","12TH CONGRESS","HERRIN 3","552","11","DEMOCRATIC","9"
"100","0","WILLIAMSON","670","JOSHUA QUALLS","360","12TH CONGRESS","HERRIN 3","552","11","DEMOCRATIC","3"
"100","0","WILLIAMSON","665","HOMER ""CHIP"" MARKEL","360","12TH CONGRESS","HERRIN 6","592","11","DEMOCRATIC","15"
"100","0","WILLIAMSON","670","JOSHUA QUALLS","360","12TH CONGRESS","HERRIN 6","592","11","DEMOCRATIC","8"
"100","0","WILLIAMSON","665","HOMER ""CHIP"" MARKEL","360","12TH CONGRESS","WEST MARION 10","656","11","DEMOCRATIC","24"
"100","0","WILLIAMSON","670","JOSHUA QUALLS","360","12TH CONGRESS","WEST MARION 10","656","11","DEMOCRATIC","12"
"100","0","WILLIAMSON","665","HOMER ""CHIP"" MARKEL","360","12TH CONGRESS","SOUTHERN 2","904","11","DEMOCRATIC","16"
"100","0","WILLIAMSON","670","JOSHUA QUALLS","360","12TH CONGRESS","SOUTHERN 2","904","11","DEMOCRATIC","9"
"100","0","WILLIAMSON","665","HOMER ""CHIP"" MARKEL","360","12TH CONGRESS","LAKE CREEK 3","665","11","DEMOCRATIC","15"
"100","0","WILLIAMSON","670","JOSHUA QUALLS","360","12TH CONGRESS","LAKE CREEK 3","665","11","DEMOCRATIC","6"
"100","0","WILLIAMSON","665","HOMER ""CHIP"" MARKEL","360","12TH CONGRESS","EAST MARION 2","359","11","DEMOCRATIC","6"
"100","0","WILLIAMSON","670","JOSHUA QUALLS","360","12TH CONGRESS","EAST MARION 2","359","11","DEMOCRATIC","6"
"100","0","WILLIAMSON","665","HOMER ""CHIP"" MARKEL","360","12TH CONGRESS","HERRIN 5","530","11","DEMOCRATIC","7"
"100","0","WILLIAMSON","670","JOSHUA QUALLS","360","12TH CONGRESS","HERRIN 5","530","11","DEMOCRATIC","5"
"100","0","WILLIAMSON","665","HOMER ""CHIP"" MARKEL","360","12TH CONGRESS","HERRIN 8","595","11","DEMOCRATIC","17"
"100","0","WILLIAMSON","670","JOSHUA QUALLS","360","12TH CONGRESS","HERRIN 8","595","11","DEMOCRATIC","11"
"100","0","WILLIAMSON","665","HOMER ""CHIP"" MARKEL","360","12TH CONGRESS","HERRIN 11","580","11","DEMOCRATIC","14"
"100","0","WILLIAMSON","670","JOSHUA QUALLS","360","12TH CONGRESS","HERRIN 11","580","11","DEMOCRATIC","12"
"100","0","WILLIAMSON","665","HOMER ""CHIP"" MARKEL","360","12TH CONGRESS","EAST MARION 1","591","11","DEMOCRATIC","16"
"100","0","WILLIAMSON","670","JOSHUA QUALLS","360","12TH CONGRESS","EAST MARION 1","591","11","DEMOCRATIC","10"
"100","0","WILLIAMSON","665","HOMER ""CHIP"" MARKEL","360","12TH CONGRESS","EAST MARION 4","868","11","DEMOCRATIC","6"
"100","0","WILLIAMSON","670","JOSHUA QUALLS","360","12TH CONGRESS","EAST MARION 4","868","11","DEMOCRATIC","11"
"100","0","WILLIAMSON","665","HOMER ""CHIP"" MARKEL","360","12TH CONGRESS","EAST MARION 7","747","11","DEMOCRATIC","18"
"100","0","WILLIAMSON","670","JOSHUA QUALLS","360","12TH CONGRESS","EAST MARION 7","747","11","DEMOCRATIC","12"
"100","0","WILLIAMSON","665","HOMER ""CHIP"" MARKEL","360","12TH CONGRESS","EAST MARION 10","815","11","DEMOCRATIC","16"
"100","0","WILLIAMSON","670","JOSHUA QUALLS","360","12TH CONGRESS","EAST MARION 10","815","11","DEMOCRATIC","9"
"100","0","WILLIAMSON","665","HOMER ""CHIP"" MARKEL","360","12TH CONGRESS","BLAIRSVILLE 3","790","11","DEMOCRATIC","30"
"100","0","WILLIAMSON","670","JOSHUA QUALLS","360","12TH CONGRESS","BLAIRSVILLE 3","790","11","DEMOCRATIC","7"
"100","0","WILLIAMSON","665","HOMER ""CHIP"" MARKEL","360","12TH CONGRESS","BLAIRSVILLE 6","490","11","DEMOCRATIC","13"
"100","0","WILLIAMSON","670","JOSHUA QUALLS","360","12TH CONGRESS","BLAIRSVILLE 6","490","11","DEMOCRATIC","13"
"100","0","WILLIAMSON","665","HOMER ""CHIP"" MARKEL","360","12TH CONGRESS","CARTERVILLE 2","821","11","DEMOCRATIC","34"
"100","0","WILLIAMSON","670","JOSHUA QUALLS","360","12TH CONGRESS","CARTERVILLE 2","821","11","DEMOCRATIC","20"
"100","0","WILLIAMSON","665","HOMER ""CHIP"" MARKEL","360","12TH CONGRESS","HERRIN 14","351","11","DEMOCRATIC","11"
"100","0","WILLIAMSON","670","JOSHUA QUALLS","360","12TH CONGRESS","HERRIN 14","351","11","DEMOCRATIC","10"
"100","0","WILLIAMSON","665","HOMER ""CHIP"" MARKEL","360","12TH CONGRESS","WEST MARION 1","420","11","DEMOCRATIC","3"
"100","0","WILLIAMSON","670","JOSHUA QUALLS","360","12TH CONGRESS","WEST MARION 1","420","11","DEMOCRATIC","7"
"100","0","WILLIAMSON","665","HOMER ""CHIP"" MARKEL","360","12TH CONGRESS","WEST MARION 4","1103","11","DEMOCRATIC","24"
"100","0","WILLIAMSON","670","JOSHUA QUALLS","360","12TH CONGRESS","WEST MARION 4","1103","11","DEMOCRATIC","14"
"100","0","WILLIAMSON","665","HOMER ""CHIP"" MARKEL","360","12TH CONGRESS","WEST MARION 7","847","11","DEMOCRATIC","26"
"100","0","WILLIAMSON","670","JOSHUA QUALLS","360","12TH CONGRESS","WEST MARION 7","847","11","DEMOCRATIC","15"
"100","0","WILLIAMSON","665","HOMER ""CHIP"" MARKEL","360","12TH CONGRESS","CORINTH 1","639","11","DEMOCRATIC","6"
"100","0","WILLIAMSON","670","JOSHUA QUALLS","360","12TH CONGRESS","CORINTH 1","639","11","DEMOCRATIC","5"
"100","0","WILLIAMSON","665","HOMER ""CHIP"" MARKEL","360","12TH CONGRESS","CARTERVILLE 1","508","11","DEMOCRATIC","10"
"100","0","WILLIAMSON","670","JOSHUA QUALLS","360","12TH CONGRESS","CARTERVILLE 1","508","11","DEMOCRATIC","8"
"100","0","WILLIAMSON","665","HOMER ""CHIP"" MARKEL","360","12TH CONGRESS","CARTERVILLE 4","799","11","DEMOCRATIC","17"
"100","0","WILLIAMSON","670","JOSHUA QUALLS","360","12TH CONGRESS","CARTERVILLE 4","799","11","DEMOCRATIC","13"
"12","0","CLARK","665","HOMER ""CHIP"" MARKEL","360","12TH CONGRESS","WABASH 2","1051","11","DEMOCRATIC","15"
"12","0","CLARK","0","Under Votes","360","12TH CONGRESS","WABASH 2","1051","11","DEMOCRATIC","1"
"12","0","CLARK","670","JOSHUA QUALLS","360","12TH CONGRESS","WABASH 2","1051","11","DEMOCRATIC","24"
"12","0","CLARK","0","Blank Ballots","360","12TH CONGRESS","ANDERSON","332","11","DEMOCRATIC","0"
"12","0","CLARK","0","Over Votes","360","12TH CONGRESS","ANDERSON","332","11","DEMOCRATIC","0"
"12","0","CLARK","665","HOMER ""CHIP"" MARKEL","360","12TH CONGRESS","ANDERSON","332","11","DEMOCRATIC","7"
"12","0","CLARK","0","Under Votes","360","12TH CONGRESS","ANDERSON","332","11","DEMOCRATIC","2"
"12","0","CLARK","670","JOSHUA QUALLS","360","12TH CONGRESS","ANDERSON","332","11","DEMOCRATIC","5"
"12","0","CLARK","0","Blank Ballots","360","12TH CONGRESS","DOLSON","266","11","DEMOCRATIC","0"
"12","0","CLARK","0","Over Votes","360","12TH CONGRESS","DOLSON","266","11","DEMOCRATIC","0"
"12","0","CLARK","665","HOMER ""CHIP"" MARKEL","360","12TH CONGRESS","DOLSON","266","11","DEMOCRATIC","6"
"12","0","CLARK","0","Under Votes","360","12TH CONGRESS","DOLSON","266","11","DEMOCRATIC","0"
"12","0","CLARK","670","JOSHUA QUALLS","360","12TH CONGRESS","DOLSON","266","11","DEMOCRATIC","7"
"12","0","CLARK","0","Blank Ballots","360","12TH CONGRESS","MARTINSVILLE 1","653","11","DEMOCRATIC","0"
"12","0","CLARK","0","Over Votes","360","12TH CONGRESS","MARTINSVILLE 1","653","11","DEMOCRATIC","0"
"12","0","CLARK","665","HOMER ""CHIP"" MARKEL","360","12TH CONGRESS","MARTINSVILLE 1","653","11","DEMOCRATIC","3"
"12","0","CLARK","0","Under Votes","360","12TH CONGRESS","MARTINSVILLE 1","653","11","DEMOCRATIC","0"
"12","0","CLARK","670","JOSHUA QUALLS","360","12TH CONGRESS","MARTINSVILLE 1","653","11","DEMOCRATIC","5"
"12","0","CLARK","0","Blank Ballots","360","12TH CONGRESS","PARKER","145","11","DEMOCRATIC","0"
"12","0","CLARK","0","Over Votes","360","12TH CONGRESS","PARKER","145","11","DEMOCRATIC","0"
"12","0","CLARK","665","HOMER ""CHIP"" MARKEL","360","12TH CONGRESS","PARKER","145","11","DEMOCRATIC","0"
"12","0","CLARK","0","Under Votes","360","12TH CONGRESS","PARKER","145","11","DEMOCRATIC","2"
"12","0","CLARK","670","JOSHUA QUALLS","360","12TH CONGRESS","PARKER","145","11","DEMOCRATIC","1"
"12","0","CLARK","670","JOSHUA QUALLS","360","12TH CONGRESS","DOUGLAS","133","11","DEMOCRATIC","5"
"12","0","CLARK","0","Blank Ballots","360","12TH CONGRESS","DOUGLAS","133","11","DEMOCRATIC","0"
"12","0","CLARK","0","Over Votes","360","12TH CONGRESS","DOUGLAS","133","11","DEMOCRATIC","0"
"12","0","CLARK","665","HOMER ""CHIP"" MARKEL","360","12TH CONGRESS","DOUGLAS","133","11","DEMOCRATIC","5"
"12","0","CLARK","0","Under Votes","360","12TH CONGRESS","DOUGLAS","133","11","DEMOCRATIC","1"
"12","0","CLARK","0","Blank Ballots","360","12TH CONGRESS","MARTINSVILLE 2","388","11","DEMOCRATIC","0"
"12","0","CLARK","0","Over Votes","360","12TH CONGRESS","MARTINSVILLE 2","388","11","DEMOCRATIC","0"
"12","0","CLARK","665","HOMER ""CHIP"" MARKEL","360","12TH CONGRESS","MARTINSVILLE 2","388","11","DEMOCRATIC","3"
"12","0","CLARK","0","Under Votes","360","12TH CONGRESS","MARTINSVILLE 2","388","11","DEMOCRATIC","0"
"12","0","CLARK","670","JOSHUA QUALLS","360","12TH CONGRESS","MARTINSVILLE 2","388","11","DEMOCRATIC","3"
"12","0","CLARK","0","Blank Ballots","360","12TH CONGRESS","CASEY 2","497","11","DEMOCRATIC","0"
"12","0","CLARK","0","Over Votes","360","12TH CONGRESS","CASEY 2","497","11","DEMOCRATIC","0"
"12","0","CLARK","665","HOMER ""CHIP"" MARKEL","360","12TH CONGRESS","CASEY 2","497","11","DEMOCRATIC","5"
"12","0","CLARK","0","Under Votes","360","12TH CONGRESS","CASEY 2","497","11","DEMOCRATIC","3"
"12","0","CLARK","670","JOSHUA QUALLS","360","12TH CONGRESS","CASEY 2","497","11","DEMOCRATIC","5"
"12","0","CLARK","0","Blank Ballots","360","12TH CONGRESS","MARSHALL 1","645","11","DEMOCRATIC","0"
"12","0","CLARK","0","Over Votes","360","12TH CONGRESS","MARSHALL 1","645","11","DEMOCRATIC","0"
"12","0","CLARK","665","HOMER ""CHIP"" MARKEL","360","12TH CONGRESS","MARSHALL 1","645","11","DEMOCRATIC","11"
"12","0","CLARK","0","Under Votes","360","12TH CONGRESS","MARSHALL 1","645","11","DEMOCRATIC","5"
"12","0","CLARK","670","JOSHUA QUALLS","360","12TH CONGRESS","MARSHALL 1","645","11","DEMOCRATIC","10"
"40","0","JASPER","660","MIKE BOST","360","12TH CONGRESS","GRANDVILLE - 002","0","12","","2"
"40","0","JASPER","0","Under Votes","360","12TH CONGRESS","GRANDVILLE - 002","0","12","","6"
"40","0","JASPER","0","Over Votes","360","12TH CONGRESS","GRANDVILLE - 002","0","12","","0"
"40","0","JASPER","660","MIKE BOST","360","12TH CONGRESS","HUNT CITY - 001","0","12","","38"
"40","0","JASPER","0","Under Votes","360","12TH CONGRESS","HUNT CITY - 001","0","12","","20"
"40","0","JASPER","0","Over Votes","360","12TH CONGRESS","HUNT CITY - 001","0","12","","0"
"40","0","JASPER","660","MIKE BOST","360","12TH CONGRESS","SMALLWOOD - 005","0","12","","65"
"40","0","JASPER","0","Under Votes","360","12TH CONGRESS","SMALLWOOD - 005","0","12","","33"
"40","0","JASPER","0","Over Votes","360","12TH CONGRESS","SMALLWOOD - 005","0","12","","0"
"40","0","JASPER","660","MIKE BOST","360","12TH CONGRESS","STE. MARIE 1 - 005","0","12","","68"
"40","0","JASPER","0","Under Votes","360","12TH CONGRESS","STE. MARIE 1 - 005","0","12","","29"
"40","0","JASPER","0","Over Votes","360","12TH CONGRESS","STE. MARIE 1 - 005","0","12","","0"
"40","0","JASPER","660","MIKE BOST","360","12TH CONGRESS","SOUTH MUDDY - 004","0","12","","0"
"40","0","JASPER","0","Under Votes","360","12TH CONGRESS","SOUTH MUDDY - 004","0","12","","0"
"40","0","JASPER","0","Over Votes","360","12TH CONGRESS","SOUTH MUDDY - 004","0","12","","0"
"40","0","JASPER","660","MIKE BOST","360","12TH CONGRESS","WADE 1 - 005","0","12","","154"
"40","0","JASPER","0","Under Votes","360","12TH CONGRESS","WADE 1 - 005","0","12","","60"
"40","0","JASPER","0","Over Votes","360","12TH CONGRESS","WADE 1 - 005","0","12","","0"
"40","0","JASPER","660","MIKE BOST","360","12TH CONGRESS","WADE 4 - 001","0","12","","169"
"40","0","JASPER","0","Under Votes","360","12TH CONGRESS","WADE 4 - 001","0","12","","73"
"40","0","JASPER","0","Over Votes","360","12TH CONGRESS","WADE 4 - 001","0","12","","0"
"40","0","JASPER","660","MIKE BOST","360","12TH CONGRESS","FOX - F12","0","12","","0"
"40","0","JASPER","0","Under Votes","360","12TH CONGRESS","FOX - F12","0","12","","0"
"40","0","JASPER","0","Over Votes","360","12TH CONGRESS","FOX - F12","0","12","","0"
"40","0","JASPER","660","MIKE BOST","360","12TH CONGRESS","CROOKED CREEK - F12","0","12","","0"
"40","0","JASPER","0","Under Votes","360","12TH CONGRESS","CROOKED CREEK - F12","0","12","","0"
"40","0","JASPER","0","Over Votes","360","12TH CONGRESS","CROOKED CREEK - F12","0","12","","0"
"40","0","JASPER","660","MIKE BOST","360","12TH CONGRESS","GROVE - F12","0","12","","0"
"40","0","JASPER","0","Under Votes","360","12TH CONGRESS","GROVE - F12","0","12","","0"
"40","0","JASPER","0","Over Votes","360","12TH CONGRESS","GROVE - F12","0","12","","0"
"40","0","JASPER","660","MIKE BOST","360","12TH CONGRESS","SMALLWOOD - F12","0","12","","0"
"40","0","JASPER","0","Under Votes","360","12TH CONGRESS","SMALLWOOD - F12","0","12","","0"
"40","0","JASPER","0","Over Votes","360","12TH CONGRESS","SMALLWOOD - F12","0","12","","0"
"40","0","JASPER","660","MIKE BOST","360","12TH CONGRESS","STE. MARIE 2 - F12","0","12","","0"
"40","0","JASPER","0","Under Votes","360","12TH CONGRESS","STE. MARIE 2 - F12","0","12","","0"
"40","0","JASPER","0","Over Votes","360","12TH CONGRESS","STE. MARIE 2 - F12","0","12","","0"
"44","0","JOHNSON","0","Under Votes","360","12TH CONGRESS","TUNNEL HILL - 001","592","11","","3"
"44","0","JOHNSON","0","Over Votes","360","12TH CONGRESS","TUNNEL HILL - 001","592","11","","0"
"44","0","JOHNSON","670","JOSHUA QUALLS","360","12TH CONGRESS","TUNNEL HILL - 001","592","11","","15"
"44","0","JOHNSON","665","HOMER ""CHIP"" MARKEL","360","12TH CONGRESS","TUNNEL HILL - 001","592","11","","17"
"44","0","JOHNSON","0","Under Votes","360","12TH CONGRESS","VIENNA 3 - 001","381","11","","1"
"44","0","JOHNSON","0","Over Votes","360","12TH CONGRESS","VIENNA 3 - 001","381","11","","0"
"44","0","JOHNSON","670","JOSHUA QUALLS","360","12TH CONGRESS","VIENNA 3 - 001","381","11","","5"
"44","0","JOHNSON","665","HOMER ""CHIP"" MARKEL","360","12TH CONGRESS","VIENNA 3 - 001","381","11","","4"
"44","0","JOHNSON","0","Under Votes","360","12TH CONGRESS","BURNSIDE - F12","0","11","","0"
"44","0","JOHNSON","0","Over Votes","360","12TH CONGRESS","BURNSIDE - F12","0","11","","0"
"44","0","JOHNSON","670","JOSHUA QUALLS","360","12TH CONGRESS","BURNSIDE - F12","0","11","","0"
"44","0","JOHNSON","665","HOMER ""CHIP"" MARKEL","360","12TH CONGRESS","BURNSIDE - F12","0","11","","0"
"44","0","JOHNSON","0","Over Votes","360","12TH CONGRESS","GOREVILLE 1 - F12","0","11","","0"
"44","0","JOHNSON","665","HOMER ""CHIP"" MARKEL","360","12TH CONGRESS","GOREVILLE 1 - F12","0","11","","0"
"44","0","JOHNSON","670","JOSHUA QUALLS","360","12TH CONGRESS","GOREVILLE 1 - F12","0","11","","0"
"44","0","JOHNSON","0","Under Votes","360","12TH CONGRESS","GOREVILLE 1 - F12","0","11","","0"
"44","0","JOHNSON","0","Under Votes","360","12TH CONGRESS","ELVIRA - 001","551","11","","0"
"44","0","JOHNSON","0","Over Votes","360","12TH CONGRESS","ELVIRA - 001","551","11","","0"
"44","0","JOHNSON","670","JOSHUA QUALLS","360","12TH CONGRESS","ELVIRA - 001","551","11","","5"
"44","0","JOHNSON","665","HOMER ""CHIP"" MARKEL","360","12TH CONGRESS","ELVIRA - 001","551","11","","8"
"44","0","JOHNSON","0","Under Votes","360","12TH CONGRESS","GRANTSBURG - 001","505","11","","2"
"44","0","JOHNSON","0","Over Votes","360","12TH CONGRESS","GRANTSBURG - 001","505","11","","0"
"44","0","JOHNSON","670","JOSHUA QUALLS","360","12TH CONGRESS","GRANTSBURG - 001","505","11","","2"
"44","0","JOHNSON","665","HOMER ""CHIP"" MARKEL","360","12TH CONGRESS","GRANTSBURG - 001","505","11","","1"
"44","0","JOHNSON","0","Over Votes","360","12TH CONGRESS","OZARK - 001","422","11","","0"
"44","0","JOHNSON","670","JOSHUA QUALLS","360","12TH CONGRESS","OZARK - 001","422","11","","0"
"44","0","JOHNSON","665","HOMER ""CHIP"" MARKEL","360","12TH CONGRESS","OZARK - 001","422","11","","1"
"44","0","JOHNSON","0","Under Votes","360","12TH CONGRESS","OZARK - 001","422","11","","4"
"44","0","JOHNSON","0","Over Votes","360","12TH CONGRESS","VIENNA 1 - 001","438","11","","0"
"44","0","JOHNSON","670","JOSHUA QUALLS","360","12TH CONGRESS","VIENNA 1 - 001","438","11","","7"
"44","0","JOHNSON","665","HOMER ""CHIP"" MARKEL","360","12TH CONGRESS","VIENNA 1 - 001","438","11","","11"
"44","0","JOHNSON","0","Under Votes","360","12TH CONGRESS","VIENNA 1 - 001","438","11","","2"
"44","0","JOHNSON","0","Under Votes","360","12TH CONGRESS","BELKNAP - 001","170","11","","0"
"44","0","JOHNSON","0","Over Votes","360","12TH CONGRESS","BELKNAP - 001","170","11","","0"
"44","0","JOHNSON","670","JOSHUA QUALLS","360","12TH CONGRESS","BELKNAP - 001","170","11","","1"
"44","0","JOHNSON","665","HOMER ""CHIP"" MARKEL","360","12TH CONGRESS","BELKNAP - 001","170","11","","0"
"44","0","JOHNSON","0","Under Votes","360","12TH CONGRESS","CACHE - 001","411","11","","0"
"44","0","JOHNSON","0","Over Votes","360","12TH CONGRESS","CACHE - 001","411","11","","0"
"44","0","JOHNSON","670","JOSHUA QUALLS","360","12TH CONGRESS","CACHE - 001","411","11","","8"
"44","0","JOHNSON","665","HOMER ""CHIP"" MARKEL","360","12TH CONGRESS","CACHE - 001","411","11","","2"
"44","0","JOHNSON","0","Under Votes","360","12TH CONGRESS","GOREVILLE 1 - 001","1209","11","","3"
"44","0","JOHNSON","0","Over Votes","360","12TH CONGRESS","GOREVILLE 1 - 001","1209","11","","0"
"44","0","JOHNSON","670","JOSHUA QUALLS","360","12TH CONGRESS","GOREVILLE 1 - 001","1209","11","","18"
"44","0","JOHNSON","665","HOMER ""CHIP"" MARKEL","360","12TH CONGRESS","GOREVILLE 1 - 001","1209","11","","9"
"44","0","JOHNSON","0","Under Votes","360","12TH CONGRESS","TUNNEL HILL - F12","0","11","","0"
"44","0","JOHNSON","0","Over Votes","360","12TH CONGRESS","TUNNEL HILL - F12","0","11","","0"
"44","0","JOHNSON","665","HOMER ""CHIP"" MARKEL","360","12TH CONGRESS","TUNNEL HILL - F12","0","11","","0"
"44","0","JOHNSON","670","JOSHUA QUALLS","360","12TH CONGRESS","TUNNEL HILL - F12","0","11","","1"
"44","0","JOHNSON","0","Under Votes","360","12TH CONGRESS","VIENNA 3 - F12","0","11","","0"
"44","0","JOHNSON","0","Over Votes","360","12TH CONGRESS","VIENNA 3 - F12","0","11","","0"
"44","0","JOHNSON","665","HOMER ""CHIP"" MARKEL","360","12TH CONGRESS","VIENNA 3 - F12","0","11","","0"
"44","0","JOHNSON","670","JOSHUA QUALLS","360","12TH CONGRESS","VIENNA 3 - F12","0","11","","0"
"44","0","JOHNSON","0","Under Votes","360","12TH CONGRESS","LAKE 1 - 001","684","11","","2"
"41","0","JEFFERSON","660","MIKE BOST","360","12TH CONGRESS","MT. VERNON 8","603","12","REPUBLICAN","68"
"41","0","JEFFERSON","660","MIKE BOST","360","12TH CONGRESS","PENDLETON","659","12","REPUBLICAN","119"
"41","0","JEFFERSON","660","MIKE BOST","360","12TH CONGRESS","BLISSVILLE","307","12","REPUBLICAN","74"
"41","0","JEFFERSON","660","MIKE BOST","360","12TH CONGRESS","SHILOH 1","552","12","REPUBLICAN","110"
"41","0","JEFFERSON","660","MIKE BOST","360","12TH CONGRESS","SHILOH 4","1225","12","REPUBLICAN","156"
"41","0","JEFFERSON","660","MIKE BOST","360","12TH CONGRESS","SPRING GARDEN 2","449","12","REPUBLICAN","99"
"41","0","JEFFERSON","660","MIKE BOST","360","12TH CONGRESS","MT. VERNON 10","655","12","REPUBLICAN","30"
"41","0","JEFFERSON","660","MIKE BOST","360","12TH CONGRESS","ROME 2","473","12","REPUBLICAN","107"
"41","0","JEFFERSON","660","MIKE BOST","360","12TH CONGRESS","SHILOH 3","893","12","REPUBLICAN","109"
"41","0","JEFFERSON","660","MIKE BOST","360","12TH CONGRESS","GRAND PRAIRIE","650","12","REPUBLICAN","109"
"41","0","JEFFERSON","660","MIKE BOST","360","12TH CONGRESS","MT. VERNON 1","1191","12","REPUBLICAN","168"
"41","0","JEFFERSON","660","MIKE BOST","360","12TH CONGRESS","MT. VERNON 4","492","12","REPUBLICAN","13"
"41","0","JEFFERSON","660","MIKE BOST","360","12TH CONGRESS","MT. VERNON 7","683","12","REPUBLICAN","114"
"51","0","LAWRENCE","660","MIKE BOST","360","12TH CONGRESS","LAWRENCE 14","406","12","REPUBLICAN","82"
"51","0","LAWRENCE","660","MIKE BOST","360","12TH CONGRESS","LAWRENCE 17","244","12","REPUBLICAN","40"
"51","0","LAWRENCE","660","MIKE BOST","360","12TH CONGRESS","LAWRENCE 20","436","12","REPUBLICAN","68"
"51","0","LAWRENCE","660","MIKE BOST","360","12TH CONGRESS","LUKIN 24","276","12","REPUBLICAN","98"
"51","0","LAWRENCE","660","MIKE BOST","360","12TH CONGRESS","BRIDGEPORT 4","510","12","REPUBLICAN","116"
"51","0","LAWRENCE","660","MIKE BOST","360","12TH CONGRESS","DENISON 10","576","12","REPUBLICAN","115"
"51","0","LAWRENCE","0","Under Votes","360","12TH CONGRESS","","0","12","REPUBLICAN","708"
"51","0","LAWRENCE","0","Over Votes","360","12TH CONGRESS","","0","12","REPUBLICAN","0"
"51","0","LAWRENCE","660","MIKE BOST","360","12TH CONGRESS","BOND 3","466","12","REPUBLICAN","94"
"51","0","LAWRENCE","660","MIKE BOST","360","12TH CONGRESS","ALLISON 1","183","12","REPUBLICAN","33"
"51","0","LAWRENCE","660","MIKE BOST","360","12TH CONGRESS","BRIDGEPORT 6","829","12","REPUBLICAN","241"
"51","0","LAWRENCE","660","MIKE BOST","360","12TH CONGRESS","DENISON 12","340","12","REPUBLICAN","98"
"51","0","LAWRENCE","660","MIKE BOST","360","12TH CONGRESS","LAWRENCE 15","709","12","REPUBLICAN","198"
"51","0","LAWRENCE","660","MIKE BOST","360","12TH CONGRESS","LAWRENCE 23","437","12","REPUBLICAN","95"
"51","0","LAWRENCE","660","MIKE BOST","360","12TH CONGRESS","RUSSELL 27","301","12","REPUBLICAN","77"
"51","0","LAWRENCE","660","MIKE BOST","360","12TH CONGRESS","CHRISTY 8","765","12","REPUBLICAN","203"
"51","0","LAWRENCE","660","MIKE BOST","360","12TH CONGRESS","LAWRENCE 13","297","12","REPUBLICAN","43"
"51","0","LAWRENCE","660","MIKE BOST","360","12TH CONGRESS","LAWRENCE 16","727","12","REPUBLICAN","177"
"51","0","LAWRENCE","660","MIKE BOST","360","12TH CONGRESS","LAWRENCE 19","242","12","REPUBLICAN","36"
"51","0","LAWRENCE","660","MIKE BOST","360","12TH CONGRESS","LAWRENCE 18","328","12","REPUBLICAN","73"
"51","0","LAWRENCE","660","MIKE BOST","360","12TH CONGRESS","LAWRENCE 22","222","12","REPUBLICAN","51"
"51","0","LAWRENCE","660","MIKE BOST","360","12TH CONGRESS","PETTY 25","445","12","REPUBLICAN","134"
"39","0","JACKSON","0","Blank Ballots","360","12TH CONGRESS","CARBONDALE 07","357","12","REPUBLICAN","2"
"39","0","JACKSON","0","Over Votes","360","12TH CONGRESS","CARBONDALE 07","357","12","REPUBLICAN","0"
"39","0","JACKSON","0","Under Votes","360","12TH CONGRESS","CARBONDALE 07","357","12","REPUBLICAN","0"
"39","0","JACKSON","660","MIKE BOST","360","12TH CONGRESS","CARBONDALE 07","357","12","REPUBLICAN","21"
"39","0","JACKSON","0","Blank Ballots","360","12TH CONGRESS","CARBONDALE 16","594","12","REPUBLICAN","6"
"39","0","JACKSON","0","Over Votes","360","12TH CONGRESS","CARBONDALE 16","594","12","REPUBLICAN","0"
"17","0","CRAWFORD","0","Over Votes","360","12TH CONGRESS","HUTSONVILLE 2","136","11","DEMOCRATIC","0"
"17","0","CRAWFORD","670","JOSHUA QUALLS","360","12TH CONGRESS","HUTSONVILLE 2","136","11","DEMOCRATIC","2"
"17","0","CRAWFORD","0","Blank Ballots","360","12TH CONGRESS","HUTSONVILLE 2","136","11","DEMOCRATIC","0"
"17","0","CRAWFORD","665","HOMER ""CHIP"" MARKEL","360","12TH CONGRESS","ROBINSON 1","959","11","DEMOCRATIC","12"
"17","0","CRAWFORD","0","Under Votes","360","12TH CONGRESS","ROBINSON 1","959","11","DEMOCRATIC","3"
"17","0","CRAWFORD","0","Over Votes","360","12TH CONGRESS","ROBINSON 1","959","11","DEMOCRATIC","0"
"17","0","CRAWFORD","670","JOSHUA QUALLS","360","12TH CONGRESS","ROBINSON 1","959","11","DEMOCRATIC","15"
"17","0","CRAWFORD","0","Blank Ballots","360","12TH CONGRESS","ROBINSON 1","959","11","DEMOCRATIC","0"
"17","0","CRAWFORD","665","HOMER ""CHIP"" MARKEL","360","12TH CONGRESS","ROBINSON 8","671","11","DEMOCRATIC","14"
"17","0","CRAWFORD","0","Under Votes","360","12TH CONGRESS","ROBINSON 8","671","11","DEMOCRATIC","0"
"17","0","CRAWFORD","0","Over Votes","360","12TH CONGRESS","ROBINSON 8","671","11","DEMOCRATIC","0"
"17","0","CRAWFORD","670","JOSHUA QUALLS","360","12TH CONGRESS","ROBINSON 8","671","11","DEMOCRATIC","3"
"17","0","CRAWFORD","0","Blank Ballots","360","12TH CONGRESS","ROBINSON 8","671","11","DEMOCRATIC","0"
"17","0","CRAWFORD","0","Blank Ballots","360","12TH CONGRESS","MONTGOMERY","453","11","DEMOCRATIC","0"
"17","0","CRAWFORD","665","HOMER ""CHIP"" MARKEL","360","12TH CONGRESS","ROBINSON 6","830","11","DEMOCRATIC","15"
"17","0","CRAWFORD","0","Under Votes","360","12TH CONGRESS","ROBINSON 6","830","11","DEMOCRATIC","5"
"17","0","CRAWFORD","0","Over Votes","360","12TH CONGRESS","ROBINSON 6","830","11","DEMOCRATIC","0"
"17","0","CRAWFORD","670","JOSHUA QUALLS","360","12TH CONGRESS","ROBINSON 6","830","11","DEMOCRATIC","13"
"17","0","CRAWFORD","0","Blank Ballots","360","12TH CONGRESS","ROBINSON 6","830","11","DEMOCRATIC","0"
"17","0","CRAWFORD","665","HOMER ""CHIP"" MARKEL","360","12TH CONGRESS","HONEY CREEK 2","541","11","DEMOCRATIC","10"
"17","0","CRAWFORD","0","Under Votes","360","12TH CONGRESS","HONEY CREEK 2","541","11","DEMOCRATIC","3"
"17","0","CRAWFORD","0","Over Votes","360","12TH CONGRESS","HONEY CREEK 2","541","11","DEMOCRATIC","0"
"17","0","CRAWFORD","670","JOSHUA QUALLS","360","12TH CONGRESS","HONEY CREEK 2","541","11","DEMOCRATIC","8"
"17","0","CRAWFORD","0","Blank Ballots","360","12TH CONGRESS","HONEY CREEK 2","541","11","DEMOCRATIC","0"
"17","0","CRAWFORD","665","HOMER ""CHIP"" MARKEL","360","12TH CONGRESS","MONTGOMERY","453","11","DEMOCRATIC","6"
"17","0","CRAWFORD","0","Under Votes","360","12TH CONGRESS","MONTGOMERY","453","11","DEMOCRATIC","1"
"17","0","CRAWFORD","0","Over Votes","360","12TH CONGRESS","MONTGOMERY","453","11","DEMOCRATIC","0"
"17","0","CRAWFORD","670","JOSHUA QUALLS","360","12TH CONGRESS","MONTGOMERY","453","11","DEMOCRATIC","2"
"17","0","CRAWFORD","670","JOSHUA QUALLS","360","12TH CONGRESS","PRAIRIE 2","214","11","DEMOCRATIC","4"
"17","0","CRAWFORD","0","Blank Ballots","360","12TH CONGRESS","PRAIRIE 2","214","11","DEMOCRATIC","0"
"17","0","CRAWFORD","665","HOMER ""CHIP"" MARKEL","360","12TH CONGRESS","ROBINSON 7","434","11","DEMOCRATIC","7"
"17","0","CRAWFORD","0","Under Votes","360","12TH CONGRESS","ROBINSON 7","434","11","DEMOCRATIC","0"
"17","0","CRAWFORD","0","Over Votes","360","12TH CONGRESS","ROBINSON 7","434","11","DEMOCRATIC","0"
"17","0","CRAWFORD","670","JOSHUA QUALLS","360","12TH CONGRESS","ROBINSON 7","434","11","DEMOCRATIC","9"
"17","0","CRAWFORD","0","Blank Ballots","360","12TH CONGRESS","ROBINSON 7","434","11","DEMOCRATIC","0"
"17","0","CRAWFORD","665","HOMER ""CHIP"" MARKEL","360","12TH CONGRESS","LAMOTTE 2","546","11","DEMOCRATIC","20"
"17","0","CRAWFORD","0","Under Votes","360","12TH CONGRESS","LAMOTTE 2","546","11","DEMOCRATIC","2"
"17","0","CRAWFORD","0","Over Votes","360","12TH CONGRESS","LAMOTTE 2","546","11","DEMOCRATIC","0"
"17","0","CRAWFORD","670","JOSHUA QUALLS","360","12TH CONGRESS","LAMOTTE 2","546","11","DEMOCRATIC","13"
"17","0","CRAWFORD","0","Blank Ballots","360","12TH CONGRESS","LAMOTTE 2","546","11","DEMOCRATIC","0"
"17","0","CRAWFORD","665","HOMER ""CHIP"" MARKEL","360","12TH CONGRESS","PRAIRIE 1","197","11","DEMOCRATIC","4"
"17","0","CRAWFORD","0","Under Votes","360","12TH CONGRESS","PRAIRIE 1","197","11","DEMOCRATIC","1"
"17","0","CRAWFORD","0","Over Votes","360","12TH CONGRESS","PRAIRIE 1","197","11","DEMOCRATIC","0"
"17","0","CRAWFORD","670","JOSHUA QUALLS","360","12TH CONGRESS","PRAIRIE 1","197","11","DEMOCRATIC","0"
"17","0","CRAWFORD","0","Blank Ballots","360","12TH CONGRESS","PRAIRIE 1","197","11","DEMOCRATIC","0"
"17","0","CRAWFORD","665","HOMER ""CHIP"" MARKEL","360","12TH CONGRESS","SOUTHWEST","60","11","DEMOCRATIC","3"
"17","0","CRAWFORD","0","Under Votes","360","12TH CONGRESS","SOUTHWEST","60","11","DEMOCRATIC","1"
"17","0","CRAWFORD","0","Over Votes","360","12TH CONGRESS","SOUTHWEST","60","11","DEMOCRATIC","0"
"17","0","CRAWFORD","670","JOSHUA QUALLS","360","12TH CONGRESS","SOUTHWEST","60","11","DEMOCRATIC","0"
"17","0","CRAWFORD","0","Blank Ballots","360","12TH CONGRESS","SOUTHWEST","60","11","DEMOCRATIC","0"
"17","0","CRAWFORD","665","HOMER ""CHIP"" MARKEL","360","12TH CONGRESS","LAMOTTE 1","786","11","DEMOCRATIC","13"
"17","0","CRAWFORD","0","Under Votes","360","12TH CONGRESS","LAMOTTE 1","786","11","DEMOCRATIC","2"
"17","0","CRAWFORD","0","Over Votes","360","12TH CONGRESS","LAMOTTE 1","786","11","DEMOCRATIC","0"
"17","0","CRAWFORD","670","JOSHUA QUALLS","360","12TH CONGRESS","LAMOTTE 1","786","11","DEMOCRATIC","13"
"17","0","CRAWFORD","0","Blank Ballots","360","12TH CONGRESS","LAMOTTE 1","786","11","DEMOCRATIC","0"
"17","0","CRAWFORD","665","HOMER ""CHIP"" MARKEL","360","12TH CONGRESS","OBLONG 3","355","11","DEMOCRATIC","5"
"17","0","CRAWFORD","0","Under Votes","360","12TH CONGRESS","OBLONG 3","355","11","DEMOCRATIC","0"
"17","0","CRAWFORD","0","Over Votes","360","12TH CONGRESS","OBLONG 3","355","11","DEMOCRATIC","0"
"17","0","CRAWFORD","670","JOSHUA QUALLS","360","12TH CONGRESS","OBLONG 3","355","11","DEMOCRATIC","5"
"17","0","CRAWFORD","0","Blank Ballots","360","12TH CONGRESS","OBLONG 3","355","11","DEMOCRATIC","0"
"17","0","CRAWFORD","665","HOMER ""CHIP"" MARKEL","360","12TH CONGRESS","ROBINSON 2","497","11","DEMOCRATIC","10"
"17","0","CRAWFORD","0","Under Votes","360","12TH CONGRESS","ROBINSON 2","497","11","DEMOCRATIC","4"
"17","0","CRAWFORD","0","Over Votes","360","12TH CONGRESS","ROBINSON 2","497","11","DEMOCRATIC","0"
"17","0","CRAWFORD","670","JOSHUA QUALLS","360","12TH CONGRESS","ROBINSON 2","497","11","DEMOCRATIC","7"
"17","0","CRAWFORD","0","Blank Ballots","360","12TH CONGRESS","ROBINSON 2","497","11","DEMOCRATIC","0"
"17","0","CRAWFORD","665","HOMER ""CHIP"" MARKEL","360","12TH CONGRESS","ROBINSON 9","507","11","DEMOCRATIC","6"
"17","0","CRAWFORD","0","Under Votes","360","12TH CONGRESS","ROBINSON 9","507","11","DEMOCRATIC","2"
"17","0","CRAWFORD","0","Over Votes","360","12TH CONGRESS","ROBINSON 9","507","11","DEMOCRATIC","0"
"17","0","CRAWFORD","670","JOSHUA QUALLS","360","12TH CONGRESS","ROBINSON 9","507","11","DEMOCRATIC","1"
"17","0","CRAWFORD","0","Blank Ballots","360","12TH CONGRESS","ROBINSON 9","507","11","DEMOCRATIC","0"
"17","0","CRAWFORD","665","HOMER ""CHIP"" MARKEL","360","12TH CONGRESS","HONEY CREEK 1","474","11","DEMOCRATIC","14"
"17","0","CRAWFORD","0","Under Votes","360","12TH CONGRESS","HONEY CREEK 1","474","11","DEMOCRATIC","4"
"17","0","CRAWFORD","0","Over Votes","360","12TH CONGRESS","HONEY CREEK 1","474","11","DEMOCRATIC","0"
"17","0","CRAWFORD","670","JOSHUA QUALLS","360","12TH CONGRESS","HONEY CREEK 1","474","11","DEMOCRATIC","12"
"17","0","CRAWFORD","0","Blank Ballots","360","12TH CONGRESS","HONEY CREEK 1","474","11","DEMOCRATIC","0"
"17","0","CRAWFORD","665","HOMER ""CHIP"" MARKEL","360","12TH CONGRESS","MARTIN","382","11","DEMOCRATIC","4"
"17","0","CRAWFORD","0","Under Votes","360","12TH CONGRESS","MARTIN","382","11","DEMOCRATIC","0"
"17","0","CRAWFORD","0","Over Votes","360","12TH CONGRESS","MARTIN","382","11","DEMOCRATIC","0"
"17","0","CRAWFORD","670","JOSHUA QUALLS","360","12TH CONGRESS","MARTIN","382","11","DEMOCRATIC","3"
"17","0","CRAWFORD","0","Blank Ballots","360","12TH CONGRESS","MARTIN","382","11","DEMOCRATIC","0"
"17","0","CRAWFORD","665","HOMER ""CHIP"" MARKEL","360","12TH CONGRESS","ROBINSON 5","430","11","DEMOCRATIC","2"
"17","0","CRAWFORD","665","HOMER ""CHIP"" MARKEL","360","12TH CONGRESS","HUTSONVILLE 1","565","11","DEMOCRATIC","19"
"17","0","CRAWFORD","0","Under Votes","360","12TH CONGRESS","HUTSONVILLE 1","565","11","DEMOCRATIC","6"
"39","0","JACKSON","0","Under Votes","360","12TH CONGRESS","CARBONDALE 16","594","12","REPUBLICAN","0"
"39","0","JACKSON","660","MIKE BOST","360","12TH CONGRESS","CARBONDALE 16","594","12","REPUBLICAN","28"
"39","0","JACKSON","0","Blank Ballots","360","12TH CONGRESS","DESOTO 1","885","12","REPUBLICAN","6"
"39","0","JACKSON","0","Over Votes","360","12TH CONGRESS","DESOTO 1","885","12","REPUBLICAN","0"
"39","0","JACKSON","0","Under Votes","360","12TH CONGRESS","DESOTO 1","885","12","REPUBLICAN","0"
"39","0","JACKSON","660","MIKE BOST","360","12TH CONGRESS","DESOTO 1","885","12","REPUBLICAN","107"
"39","0","JACKSON","0","Blank Ballots","360","12TH CONGRESS","MAKANDA 2","673","12","REPUBLICAN","2"
"39","0","JACKSON","0","Over Votes","360","12TH CONGRESS","MAKANDA 2","673","12","REPUBLICAN","0"
"39","0","JACKSON","0","Under Votes","360","12TH CONGRESS","MAKANDA 2","673","12","REPUBLICAN","0"
"39","0","JACKSON","660","MIKE BOST","360","12TH CONGRESS","MAKANDA 2","673","12","REPUBLICAN","63"
"39","0","JACKSON","0","Blank Ballots","360","12TH CONGRESS","MURPHYSBORO 07","664","12","REPUBLICAN","5"
"39","0","JACKSON","0","Over Votes","360","12TH CONGRESS","MURPHYSBORO 07","664","12","REPUBLICAN","0"
"39","0","JACKSON","0","Under Votes","360","12TH CONGRESS","MURPHYSBORO 07","664","12","REPUBLICAN","0"
"39","0","JACKSON","660","MIKE BOST","360","12TH CONGRESS","MURPHYSBORO 07","664","12","REPUBLICAN","39"
"39","0","JACKSON","0","Blank Ballots","360","12TH CONGRESS","SOMERSET 2","731","12","REPUBLICAN","6"
"39","0","JACKSON","0","Over Votes","360","12TH CONGRESS","SOMERSET 2","731","12","REPUBLICAN","0"
"39","0","JACKSON","0","Under Votes","360","12TH CONGRESS","SOMERSET 2","731","12","REPUBLICAN","0"
"39","0","JACKSON","660","MIKE BOST","360","12TH CONGRESS","SOMERSET 2","731","12","REPUBLICAN","81"
"39","0","JACKSON","0","Blank Ballots","360","12TH CONGRESS","CARBONDALE 01","885","12","REPUBLICAN","9"
"39","0","JACKSON","0","Over Votes","360","12TH CONGRESS","CARBONDALE 01","885","12","REPUBLICAN","0"
"39","0","JACKSON","0","Under Votes","360","12TH CONGRESS","CARBONDALE 01","885","12","REPUBLICAN","0"
"39","0","JACKSON","660","MIKE BOST","360","12TH CONGRESS","CARBONDALE 01","885","12","REPUBLICAN","58"
"39","0","JACKSON","0","Blank Ballots","360","12TH CONGRESS","CARBONDALE 11","502","12","REPUBLICAN","1"
"39","0","JACKSON","0","Over Votes","360","12TH CONGRESS","CARBONDALE 11","502","12","REPUBLICAN","0"
"39","0","JACKSON","0","Under Votes","360","12TH CONGRESS","CARBONDALE 11","502","12","REPUBLICAN","0"
"39","0","JACKSON","660","MIKE BOST","360","12TH CONGRESS","CARBONDALE 11","502","12","REPUBLICAN","12"
"39","0","JACKSON","0","Blank Ballots","360","12TH CONGRESS","CARBONDALE 21","910","12","REPUBLICAN","3"
"39","0","JACKSON","0","Over Votes","360","12TH CONGRESS","CARBONDALE 21","910","12","REPUBLICAN","0"
"39","0","JACKSON","0","Under Votes","360","12TH CONGRESS","CARBONDALE 21","910","12","REPUBLICAN","0"
"39","0","JACKSON","660","MIKE BOST","360","12TH CONGRESS","CARBONDALE 21","910","12","REPUBLICAN","6"
"39","0","JACKSON","0","Blank Ballots","360","12TH CONGRESS","FOUNTAIN BLUFF","132","12","REPUBLICAN","2"
"39","0","JACKSON","0","Over Votes","360","12TH CONGRESS","FOUNTAIN BLUFF","132","12","REPUBLICAN","0"
"39","0","JACKSON","0","Under Votes","360","12TH CONGRESS","FOUNTAIN BLUFF","132","12","REPUBLICAN","0"
"39","0","JACKSON","660","MIKE BOST","360","12TH CONGRESS","FOUNTAIN BLUFF","132","12","REPUBLICAN","27"
"39","0","JACKSON","0","Blank Ballots","360","12TH CONGRESS","MURPHYSBORO 02","441","12","REPUBLICAN","3"
"39","0","JACKSON","0","Over Votes","360","12TH CONGRESS","MURPHYSBORO 02","441","12","REPUBLICAN","0"
"39","0","JACKSON","0","Under Votes","360","12TH CONGRESS","MURPHYSBORO 02","441","12","REPUBLICAN","0"
"39","0","JACKSON","660","MIKE BOST","360","12TH CONGRESS","MURPHYSBORO 02","441","12","REPUBLICAN","25"
"39","0","JACKSON","0","Blank Ballots","360","12TH CONGRESS","MURPHYSBORO 12","545","12","REPUBLICAN","0"
"39","0","JACKSON","0","Over Votes","360","12TH CONGRESS","MURPHYSBORO 12","545","12","REPUBLICAN","0"
"39","0","JACKSON","0","Under Votes","360","12TH CONGRESS","MURPHYSBORO 12","545","12","REPUBLICAN","0"
"39","0","JACKSON","660","MIKE BOST","360","12TH CONGRESS","MURPHYSBORO 12","545","12","REPUBLICAN","74"
"17","0","CRAWFORD","0","Over Votes","360","12TH CONGRESS","HUTSONVILLE 1","565","11","DEMOCRATIC","0"
"17","0","CRAWFORD","670","JOSHUA QUALLS","360","12TH CONGRESS","HUTSONVILLE 1","565","11","DEMOCRATIC","13"
"17","0","CRAWFORD","0","Blank Ballots","360","12TH CONGRESS","HUTSONVILLE 1","565","11","DEMOCRATIC","0"
"17","0","CRAWFORD","665","HOMER ""CHIP"" MARKEL","360","12TH CONGRESS","LICKING","208","11","DEMOCRATIC","4"
"17","0","CRAWFORD","0","Under Votes","360","12TH CONGRESS","LICKING","208","11","DEMOCRATIC","0"
"17","0","CRAWFORD","0","Over Votes","360","12TH CONGRESS","LICKING","208","11","DEMOCRATIC","0"
"17","0","CRAWFORD","670","JOSHUA QUALLS","360","12TH CONGRESS","LICKING","208","11","DEMOCRATIC","5"
"17","0","CRAWFORD","0","Blank Ballots","360","12TH CONGRESS","LICKING","208","11","DEMOCRATIC","0"
"17","0","CRAWFORD","665","HOMER ""CHIP"" MARKEL","360","12TH CONGRESS","PRAIRIE 2","214","11","DEMOCRATIC","9"
"17","0","CRAWFORD","0","Under Votes","360","12TH CONGRESS","PRAIRIE 2","214","11","DEMOCRATIC","1"
"17","0","CRAWFORD","0","Over Votes","360","12TH CONGRESS","PRAIRIE 2","214","11","DEMOCRATIC","0"
"67","0","MONROE","0","Over Votes","360","12TH CONGRESS","PRECINCT 3","936","11","DEMOCRATIC","0"
"67","0","MONROE","0","Under Votes","360","12TH CONGRESS","PRECINCT 3","936","11","DEMOCRATIC","2"
"67","0","MONROE","665","HOMER ""CHIP"" MARKEL","360","12TH CONGRESS","PRECINCT 3","936","11","DEMOCRATIC","24"
"67","0","MONROE","670","JOSHUA QUALLS","360","12TH CONGRESS","PRECINCT 3","936","11","DEMOCRATIC","11"
"67","0","MONROE","0","Over Votes","360","12TH CONGRESS","PRECINCT 6","869","11","DEMOCRATIC","0"
"67","0","MONROE","0","Under Votes","360","12TH CONGRESS","PRECINCT 6","869","11","DEMOCRATIC","1"
"67","0","MONROE","665","HOMER ""CHIP"" MARKEL","360","12TH CONGRESS","PRECINCT 6","869","11","DEMOCRATIC","17"
"67","0","MONROE","670","JOSHUA QUALLS","360","12TH CONGRESS","PRECINCT 6","869","11","DEMOCRATIC","18"
"67","0","MONROE","0","Over Votes","360","12TH CONGRESS","PRECINCT 19","993","11","DEMOCRATIC","0"
"67","0","MONROE","0","Under Votes","360","12TH CONGRESS","PRECINCT 19","993","11","DEMOCRATIC","4"
"67","0","MONROE","665","HOMER ""CHIP"" MARKEL","360","12TH CONGRESS","PRECINCT 19","993","11","DEMOCRATIC","29"
"67","0","MONROE","670","JOSHUA QUALLS","360","12TH CONGRESS","PRECINCT 19","993","11","DEMOCRATIC","13"
"67","0","MONROE","0","Over Votes","360","12TH CONGRESS","PRECINCT 22","1078","11","DEMOCRATIC","0"
"67","0","MONROE","0","Under Votes","360","12TH CONGRESS","PRECINCT 22","1078","11","DEMOCRATIC","6"
"67","0","MONROE","665","HOMER ""CHIP"" MARKEL","360","12TH CONGRESS","PRECINCT 22","1078","11","DEMOCRATIC","11"
"67","0","MONROE","670","JOSHUA QUALLS","360","12TH CONGRESS","PRECINCT 22","1078","11","DEMOCRATIC","11"
"67","0","MONROE","0","Over Votes","360","12TH CONGRESS","PRECINCT 2","1006","11","DEMOCRATIC","0"
"67","0","MONROE","0","Under Votes","360","12TH CONGRESS","PRECINCT 2","1006","11","DEMOCRATIC","2"
"67","0","MONROE","665","HOMER ""CHIP"" MARKEL","360","12TH CONGRESS","PRECINCT 2","1006","11","DEMOCRATIC","23"
"67","0","MONROE","670","JOSHUA QUALLS","360","12TH CONGRESS","PRECINCT 2","1006","11","DEMOCRATIC","21"
"67","0","MONROE","0","Over Votes","360","12TH CONGRESS","PRECINCT 15","802","11","DEMOCRATIC","0"
"67","0","MONROE","0","Under Votes","360","12TH CONGRESS","PRECINCT 15","802","11","DEMOCRATIC","0"
"67","0","MONROE","665","HOMER ""CHIP"" MARKEL","360","12TH CONGRESS","PRECINCT 15","802","11","DEMOCRATIC","10"
"67","0","MONROE","670","JOSHUA QUALLS","360","12TH CONGRESS","PRECINCT 15","802","11","DEMOCRATIC","10"
"67","0","MONROE","0","Over Votes","360","12TH CONGRESS","PRECINCT 18","1204","11","DEMOCRATIC","0"
"67","0","MONROE","0","Under Votes","360","12TH CONGRESS","PRECINCT 18","1204","11","DEMOCRATIC","2"
"67","0","MONROE","665","HOMER ""CHIP"" MARKEL","360","12TH CONGRESS","PRECINCT 18","1204","11","DEMOCRATIC","27"
"67","0","MONROE","670","JOSHUA QUALLS","360","12TH CONGRESS","PRECINCT 18","1204","11","DEMOCRATIC","16"
"67","0","MONROE","0","Over Votes","360","12TH CONGRESS","PRECINCT 5","1030","11","DEMOCRATIC","0"
"67","0","MONROE","0","Under Votes","360","12TH CONGRESS","PRECINCT 5","1030","11","DEMOCRATIC","5"
"67","0","MONROE","665","HOMER ""CHIP"" MARKEL","360","12TH CONGRESS","PRECINCT 5","1030","11","DEMOCRATIC","21"
"12","0","CLARK","0","Blank Ballots","360","12TH CONGRESS","WESTFIELD","446","11","DEMOCRATIC","0"
"12","0","CLARK","0","Over Votes","360","12TH CONGRESS","WESTFIELD","446","11","DEMOCRATIC","0"
"12","0","CLARK","665","HOMER ""CHIP"" MARKEL","360","12TH CONGRESS","WESTFIELD","446","11","DEMOCRATIC","7"
"12","0","CLARK","0","Under Votes","360","12TH CONGRESS","WESTFIELD","446","11","DEMOCRATIC","3"
"12","0","CLARK","670","JOSHUA QUALLS","360","12TH CONGRESS","WESTFIELD","446","11","DEMOCRATIC","6"
"12","0","CLARK","670","JOSHUA QUALLS","360","12TH CONGRESS","AUBURN","171","11","DEMOCRATIC","0"
"12","0","CLARK","0","Blank Ballots","360","12TH CONGRESS","AUBURN","171","11","DEMOCRATIC","0"
"12","0","CLARK","0","Over Votes","360","12TH CONGRESS","AUBURN","171","11","DEMOCRATIC","0"
"12","0","CLARK","665","HOMER ""CHIP"" MARKEL","360","12TH CONGRESS","AUBURN","171","11","DEMOCRATIC","0"
"12","0","CLARK","0","Under Votes","360","12TH CONGRESS","AUBURN","171","11","DEMOCRATIC","1"
"12","0","CLARK","0","Blank Ballots","360","12TH CONGRESS","MARSHALL 3","537","11","DEMOCRATIC","0"
"12","0","CLARK","0","Over Votes","360","12TH CONGRESS","MARSHALL 3","537","11","DEMOCRATIC","0"
"12","0","CLARK","665","HOMER ""CHIP"" MARKEL","360","12TH CONGRESS","MARSHALL 3","537","11","DEMOCRATIC","17"
"12","0","CLARK","0","Under Votes","360","12TH CONGRESS","MARSHALL 3","537","11","DEMOCRATIC","3"
"12","0","CLARK","670","JOSHUA QUALLS","360","12TH CONGRESS","MARSHALL 3","537","11","DEMOCRATIC","6"
"12","0","CLARK","0","Blank Ballots","360","12TH CONGRESS","WABASH 1","438","11","DEMOCRATIC","0"
"12","0","CLARK","0","Over Votes","360","12TH CONGRESS","WABASH 1","438","11","DEMOCRATIC","0"
"12","0","CLARK","665","HOMER ""CHIP"" MARKEL","360","12TH CONGRESS","WABASH 1","438","11","DEMOCRATIC","10"
"12","0","CLARK","0","Under Votes","360","12TH CONGRESS","WABASH 1","438","11","DEMOCRATIC","0"
"12","0","CLARK","670","JOSHUA QUALLS","360","12TH CONGRESS","WABASH 1","438","11","DEMOCRATIC","5"
"12","0","CLARK","0","Over Votes","360","12TH CONGRESS","CASEY 3","439","11","DEMOCRATIC","0"
"12","0","CLARK","665","HOMER ""CHIP"" MARKEL","360","12TH CONGRESS","CASEY 3","439","11","DEMOCRATIC","6"
"12","0","CLARK","0","Under Votes","360","12TH CONGRESS","CASEY 3","439","11","DEMOCRATIC","0"
"12","0","CLARK","670","JOSHUA QUALLS","360","12TH CONGRESS","CASEY 3","439","11","DEMOCRATIC","5"
"12","0","CLARK","0","Blank Ballots","360","12TH CONGRESS","MARSHALL 2","986","11","DEMOCRATIC","0"
"12","0","CLARK","0","Over Votes","360","12TH CONGRESS","MARSHALL 2","986","11","DEMOCRATIC","0"
"12","0","CLARK","665","HOMER ""CHIP"" MARKEL","360","12TH CONGRESS","MARSHALL 2","986","11","DEMOCRATIC","24"
"12","0","CLARK","0","Under Votes","360","12TH CONGRESS","MARSHALL 2","986","11","DEMOCRATIC","6"
"12","0","CLARK","670","JOSHUA QUALLS","360","12TH CONGRESS","MARSHALL 2","986","11","DEMOCRATIC","15"
"12","0","CLARK","0","Blank Ballots","360","12TH CONGRESS","YORK","370","11","DEMOCRATIC","0"
"12","0","CLARK","0","Over Votes","360","12TH CONGRESS","YORK","370","11","DEMOCRATIC","0"
"12","0","CLARK","665","HOMER ""CHIP"" MARKEL","360","12TH CONGRESS","YORK","370","11","DEMOCRATIC","9"
"12","0","CLARK","0","Under Votes","360","12TH CONGRESS","YORK","370","11","DEMOCRATIC","0"
"12","0","CLARK","670","JOSHUA QUALLS","360","12TH CONGRESS","YORK","370","11","DEMOCRATIC","4"
"12","0","CLARK","0","Blank Ballots","360","12TH CONGRESS","CASEY 3","439","11","DEMOCRATIC","0"
"25","0","EFFINGHAM","0","Under Votes","360","12TH CONGRESS","WEST","0","11","DEMOCRATIC","0"
"25","0","EFFINGHAM","665","HOMER ""CHIP"" MARKEL","360","12TH CONGRESS","WEST","0","11","DEMOCRATIC","1"
"25","0","EFFINGHAM","670","JOSHUA QUALLS","360","12TH CONGRESS","WEST","0","11","DEMOCRATIC","4"
"25","0","EFFINGHAM","0","Over Votes","360","12TH CONGRESS","WEST","0","11","DEMOCRATIC","0"
"25","0","EFFINGHAM","0","Under Votes","360","12TH CONGRESS","MOUND 3","0","11","DEMOCRATIC","1"
"25","0","EFFINGHAM","665","HOMER ""CHIP"" MARKEL","360","12TH CONGRESS","MOUND 3","0","11","DEMOCRATIC","8"
"25","0","EFFINGHAM","670","JOSHUA QUALLS","360","12TH CONGRESS","MOUND 3","0","11","DEMOCRATIC","19"
"25","0","EFFINGHAM","0","Over Votes","360","12TH CONGRESS","MOUND 3","0","11","DEMOCRATIC","0"
"41","0","JEFFERSON","665","HOMER ""CHIP"" MARKEL","360","12TH CONGRESS","MOORES PRAIRIE","245","11","DEMOCRATIC","3"
"41","0","JEFFERSON","670","JOSHUA QUALLS","360","12TH CONGRESS","MOORES PRAIRIE","245","11","DEMOCRATIC","4"
"41","0","JEFFERSON","665","HOMER ""CHIP"" MARKEL","360","12TH CONGRESS","MT. VERNON 3","673","11","DEMOCRATIC","6"
"41","0","JEFFERSON","670","JOSHUA QUALLS","360","12TH CONGRESS","MT. VERNON 3","673","11","DEMOCRATIC","8"
"41","0","JEFFERSON","665","HOMER ""CHIP"" MARKEL","360","12TH CONGRESS","BLISSVILLE","307","11","DEMOCRATIC","2"
"41","0","JEFFERSON","670","JOSHUA QUALLS","360","12TH CONGRESS","BLISSVILLE","307","11","DEMOCRATIC","5"
"41","0","JEFFERSON","665","HOMER ""CHIP"" MARKEL","360","12TH CONGRESS","SHILOH 1","552","11","DEMOCRATIC","7"
"41","0","JEFFERSON","670","JOSHUA QUALLS","360","12TH CONGRESS","SHILOH 1","552","11","DEMOCRATIC","10"
"41","0","JEFFERSON","665","HOMER ""CHIP"" MARKEL","360","12TH CONGRESS","SHILOH 4","1225","11","DEMOCRATIC","20"
"41","0","JEFFERSON","670","JOSHUA QUALLS","360","12TH CONGRESS","SHILOH 4","1225","11","DEMOCRATIC","25"
"41","0","JEFFERSON","665","HOMER ""CHIP"" MARKEL","360","12TH CONGRESS","SPRING GARDEN 2","449","11","DEMOCRATIC","7"
"41","0","JEFFERSON","670","JOSHUA QUALLS","360","12TH CONGRESS","SPRING GARDEN 2","449","11","DEMOCRATIC","7"
"41","0","JEFFERSON","665","HOMER ""CHIP"" MARKEL","360","12TH CONGRESS","MT. VERNON 6","552","11","DEMOCRATIC","12"
"41","0","JEFFERSON","670","JOSHUA QUALLS","360","12TH CONGRESS","MT. VERNON 6","552","11","DEMOCRATIC","5"
"41","0","JEFFERSON","665","HOMER ""CHIP"" MARKEL","360","12TH CONGRESS","MT. VERNON 9","627","11","DEMOCRATIC","12"
"41","0","JEFFERSON","670","JOSHUA QUALLS","360","12TH CONGRESS","MT. VERNON 9","627","11","DEMOCRATIC","6"
"41","0","JEFFERSON","665","HOMER ""CHIP"" MARKEL","360","12TH CONGRESS","ROME 1","691","11","DEMOCRATIC","5"
"41","0","JEFFERSON","670","JOSHUA QUALLS","360","12TH CONGRESS","ROME 1","691","11","DEMOCRATIC","16"
"41","0","JEFFERSON","665","HOMER ""CHIP"" MARKEL","360","12TH CONGRESS","BALD HILL","558","11","DEMOCRATIC","12"
"41","0","JEFFERSON","670","JOSHUA QUALLS","360","12TH CONGRESS","BALD HILL","558","11","DEMOCRATIC","11"
"41","0","JEFFERSON","665","HOMER ""CHIP"" MARKEL","360","12TH CONGRESS","DODDS 1","940","11","DEMOCRATIC","6"
"41","0","JEFFERSON","670","JOSHUA QUALLS","360","12TH CONGRESS","DODDS 1","940","11","DEMOCRATIC","9"
"41","0","JEFFERSON","665","HOMER ""CHIP"" MARKEL","360","12TH CONGRESS","FARRINGTON","366","11","DEMOCRATIC","5"
"41","0","JEFFERSON","670","JOSHUA QUALLS","360","12TH CONGRESS","FARRINGTON","366","11","DEMOCRATIC","3"
"41","0","JEFFERSON","665","HOMER ""CHIP"" MARKEL","360","12TH CONGRESS","MCCLELLAN","911","11","DEMOCRATIC","10"
"41","0","JEFFERSON","670","JOSHUA QUALLS","360","12TH CONGRESS","MCCLELLAN","911","11","DEMOCRATIC","15"
"41","0","JEFFERSON","665","HOMER ""CHIP"" MARKEL","360","12TH CONGRESS","SPRING GARDEN 1","525","11","DEMOCRATIC","11"
"41","0","JEFFERSON","670","JOSHUA QUALLS","360","12TH CONGRESS","SPRING GARDEN 1","525","11","DEMOCRATIC","8"
"41","0","JEFFERSON","665","HOMER ""CHIP"" MARKEL","360","12TH CONGRESS","WEBBER 2","742","11","DEMOCRATIC","9"
"41","0","JEFFERSON","670","JOSHUA QUALLS","360","12TH CONGRESS","WEBBER 2","742","11","DEMOCRATIC","7"
"41","0","JEFFERSON","665","HOMER ""CHIP"" MARKEL","360","12TH CONGRESS","CASNER","888","11","DEMOCRATIC","14"
"41","0","JEFFERSON","670","JOSHUA QUALLS","360","12TH CONGRESS","CASNER","888","11","DEMOCRATIC","8"
"41","0","JEFFERSON","665","HOMER ""CHIP"" MARKEL","360","12TH CONGRESS","ELK PRAIRIE","507","11","DEMOCRATIC","8"
"41","0","JEFFERSON","670","JOSHUA QUALLS","360","12TH CONGRESS","ELK PRAIRIE","507","11","DEMOCRATIC","17"
"41","0","JEFFERSON","665","HOMER ""CHIP"" MARKEL","360","12TH CONGRESS","SHILOH 2","971","11","DEMOCRATIC","18"
"41","0","JEFFERSON","670","JOSHUA QUALLS","360","12TH CONGRESS","SHILOH 2","971","11","DEMOCRATIC","13"
"41","0","JEFFERSON","665","HOMER ""CHIP"" MARKEL","360","12TH CONGRESS","SHILOH 5","865","11","DEMOCRATIC","14"
"41","0","JEFFERSON","670","JOSHUA QUALLS","360","12TH CONGRESS","SHILOH 5","865","11","DEMOCRATIC","22"
"41","0","JEFFERSON","665","HOMER ""CHIP"" MARKEL","360","12TH CONGRESS","WEBBER 1","707","11","DEMOCRATIC","10"
"41","0","JEFFERSON","670","JOSHUA QUALLS","360","12TH CONGRESS","WEBBER 1","707","11","DEMOCRATIC","12"
"100","0","WILLIAMSON","665","HOMER ""CHIP"" MARKEL","360","12TH CONGRESS","CARTERVILLE 7","1093","11","DEMOCRATIC","37"
"100","0","WILLIAMSON","670","JOSHUA QUALLS","360","12TH CONGRESS","CARTERVILLE 7","1093","11","DEMOCRATIC","11"
"100","0","WILLIAMSON","665","HOMER ""CHIP"" MARKEL","360","12TH CONGRESS","HERRIN 2","635","11","DEMOCRATIC","12"
"100","0","WILLIAMSON","670","JOSHUA QUALLS","360","12TH CONGRESS","HERRIN 2","635","11","DEMOCRATIC","10"
"100","0","WILLIAMSON","665","HOMER ""CHIP"" MARKEL","360","12TH CONGRESS","WEST MARION 6","664","11","DEMOCRATIC","7"
"100","0","WILLIAMSON","670","JOSHUA QUALLS","360","12TH CONGRESS","WEST MARION 6","664","11","DEMOCRATIC","8"
"100","0","WILLIAMSON","665","HOMER ""CHIP"" MARKEL","360","12TH CONGRESS","BLAIRSVILLE 2","153","11","DEMOCRATIC","3"
"100","0","WILLIAMSON","670","JOSHUA QUALLS","360","12TH CONGRESS","BLAIRSVILLE 2","153","11","DEMOCRATIC","6"
"100","0","WILLIAMSON","665","HOMER ""CHIP"" MARKEL","360","12TH CONGRESS","BLAIRSVILLE 5","759","11","DEMOCRATIC","9"
"100","0","WILLIAMSON","670","JOSHUA QUALLS","360","12TH CONGRESS","BLAIRSVILLE 5","759","11","DEMOCRATIC","5"
"100","0","WILLIAMSON","665","HOMER ""CHIP"" MARKEL","360","12TH CONGRESS","HERRIN 13","437","11","DEMOCRATIC","5"
"100","0","WILLIAMSON","670","JOSHUA QUALLS","360","12TH CONGRESS","HERRIN 13","437","11","DEMOCRATIC","7"
"100","0","WILLIAMSON","665","HOMER ""CHIP"" MARKEL","360","12TH CONGRESS","HERRIN 16","475","11","DEMOCRATIC","12"
"100","0","WILLIAMSON","670","JOSHUA QUALLS","360","12TH CONGRESS","HERRIN 16","475","11","DEMOCRATIC","8"
"100","0","WILLIAMSON","665","HOMER ""CHIP"" MARKEL","360","12TH CONGRESS","WEST MARION 3","579","11","DEMOCRATIC","12"
"100","0","WILLIAMSON","670","JOSHUA QUALLS","360","12TH CONGRESS","WEST MARION 3","579","11","DEMOCRATIC","10"
"100","0","WILLIAMSON","665","HOMER ""CHIP"" MARKEL","360","12TH CONGRESS","EAST MARION 9","557","11","DEMOCRATIC","8"
"100","0","WILLIAMSON","670","JOSHUA QUALLS","360","12TH CONGRESS","EAST MARION 9","557","11","DEMOCRATIC","9"
"100","0","WILLIAMSON","665","HOMER ""CHIP"" MARKEL","360","12TH CONGRESS","CREAL SPRINGS 2","1186","11","DEMOCRATIC","27"
"100","0","WILLIAMSON","670","JOSHUA QUALLS","360","12TH CONGRESS","CREAL SPRINGS 2","1186","11","DEMOCRATIC","11"
"100","0","WILLIAMSON","665","HOMER ""CHIP"" MARKEL","360","12TH CONGRESS","CRAB ORCHARD 2","395","11","DEMOCRATIC","10"
"100","0","WILLIAMSON","670","JOSHUA QUALLS","360","12TH CONGRESS","CRAB ORCHARD 2","395","11","DEMOCRATIC","4"
"100","0","WILLIAMSON","665","HOMER ""CHIP"" MARKEL","360","12TH CONGRESS","HERRIN 9","671","11","DEMOCRATIC","11"
"100","0","WILLIAMSON","670","JOSHUA QUALLS","360","12TH CONGRESS","HERRIN 9","671","11","DEMOCRATIC","9"
"100","0","WILLIAMSON","665","HOMER ""CHIP"" MARKEL","360","12TH CONGRESS","HERRIN 12","663","11","DEMOCRATIC","17"
"100","0","WILLIAMSON","670","JOSHUA QUALLS","360","12TH CONGRESS","HERRIN 12","663","11","DEMOCRATIC","9"
"100","0","WILLIAMSON","665","HOMER ""CHIP"" MARKEL","360","12TH CONGRESS","HERRIN 15","675","11","DEMOCRATIC","19"
"100","0","WILLIAMSON","670","JOSHUA QUALLS","360","12TH CONGRESS","HERRIN 15","675","11","DEMOCRATIC","10"
"100","0","WILLIAMSON","665","HOMER ""CHIP"" MARKEL","360","12TH CONGRESS","EAST MARION 5","971","11","DEMOCRATIC","18"
"100","0","WILLIAMSON","670","JOSHUA QUALLS","360","12TH CONGRESS","EAST MARION 5","971","11","DEMOCRATIC","17"
"100","0","WILLIAMSON","665","HOMER ""CHIP"" MARKEL","360","12TH CONGRESS","EAST MARION 8","1099","11","DEMOCRATIC","15"
"100","0","WILLIAMSON","670","JOSHUA QUALLS","360","12TH CONGRESS","EAST MARION 8","1099","11","DEMOCRATIC","17"
"100","0","WILLIAMSON","665","HOMER ""CHIP"" MARKEL","360","12TH CONGRESS","CREAL SPRINGS 1","588","11","DEMOCRATIC","11"
"100","0","WILLIAMSON","670","JOSHUA QUALLS","360","12TH CONGRESS","CREAL SPRINGS 1","588","11","DEMOCRATIC","9"
"100","0","WILLIAMSON","665","HOMER ""CHIP"" MARKEL","360","12TH CONGRESS","CRAB ORCHARD 1","673","11","DEMOCRATIC","6"
"100","0","WILLIAMSON","670","JOSHUA QUALLS","360","12TH CONGRESS","CRAB ORCHARD 1","673","11","DEMOCRATIC","4"
"100","0","WILLIAMSON","665","HOMER ""CHIP"" MARKEL","360","12TH CONGRESS","BLAIRSVILLE 1","343","11","DEMOCRATIC","7"
"100","0","WILLIAMSON","670","JOSHUA QUALLS","360","12TH CONGRESS","BLAIRSVILLE 1","343","11","DEMOCRATIC","3"
"40","0","JASPER","0","Under Votes","360","12TH CONGRESS","STE. MARIE 2 - F12","0","11","","0"
"40","0","JASPER","665","HOMER ""CHIP"" MARKEL","360","12TH CONGRESS","WADE 2 - 003","0","11","","20"
"40","0","JASPER","0","Over Votes","360","12TH CONGRESS","WADE 2 - 003","0","11","","0"
"40","0","JASPER","670","JOSHUA QUALLS","360","12TH CONGRESS","WADE 2 - 003","0","11","","6"
"40","0","JASPER","0","Under Votes","360","12TH CONGRESS","WADE 2 - 003","0","11","","2"
"40","0","JASPER","665","HOMER ""CHIP"" MARKEL","360","12TH CONGRESS","WILLOW HILL - 001","0","11","","10"
"40","0","JASPER","0","Over Votes","360","12TH CONGRESS","WILLOW HILL - 001","0","11","","0"
"40","0","JASPER","670","JOSHUA QUALLS","360","12TH CONGRESS","WILLOW HILL - 001","0","11","","5"
"40","0","JASPER","0","Under Votes","360","12TH CONGRESS","WILLOW HILL - 001","0","11","","2"
"40","0","JASPER","665","HOMER ""CHIP"" MARKEL","360","12TH CONGRESS","GRANDVILLE - F12","0","11","","0"
"40","0","JASPER","0","Over Votes","360","12TH CONGRESS","GRANDVILLE - F12","0","11","","0"
"40","0","JASPER","670","JOSHUA QUALLS","360","12TH CONGRESS","GRANDVILLE - F12","0","11","","0"
"40","0","JASPER","0","Under Votes","360","12TH CONGRESS","GRANDVILLE - F12","0","11","","0"
"40","0","JASPER","665","HOMER ""CHIP"" MARKEL","360","12TH CONGRESS","NORTH MUDDY - F12","0","11","","0"
"40","0","JASPER","0","Over Votes","360","12TH CONGRESS","NORTH MUDDY - F12","0","11","","0"
"40","0","JASPER","670","JOSHUA QUALLS","360","12TH CONGRESS","NORTH MUDDY - F12","0","11","","0"
"40","0","JASPER","0","Under Votes","360","12TH CONGRESS","NORTH MUDDY - F12","0","11","","0"
"40","0","JASPER","665","HOMER ""CHIP"" MARKEL","360","12TH CONGRESS","FOX - 005","0","11","","2"
"40","0","JASPER","0","Over Votes","360","12TH CONGRESS","FOX - 005","0","11","","0"
"40","0","JASPER","670","JOSHUA QUALLS","360","12TH CONGRESS","FOX - 005","0","11","","5"
"40","0","JASPER","0","Under Votes","360","12TH CONGRESS","FOX - 005","0","11","","2"
"40","0","JASPER","665","HOMER ""CHIP"" MARKEL","360","12TH CONGRESS","GROVE - 003","0","11","","4"
"40","0","JASPER","0","Over Votes","360","12TH CONGRESS","GROVE - 003","0","11","","0"
"40","0","JASPER","670","JOSHUA QUALLS","360","12TH CONGRESS","GROVE - 003","0","11","","5"
"40","0","JASPER","0","Under Votes","360","12TH CONGRESS","GROVE - 003","0","11","","1"
"40","0","JASPER","665","HOMER ""CHIP"" MARKEL","360","12TH CONGRESS","STE. MARIE 1 - F12","0","11","","0"
"40","0","JASPER","0","Over Votes","360","12TH CONGRESS","STE. MARIE 1 - F12","0","11","","0"
"40","0","JASPER","670","JOSHUA QUALLS","360","12TH CONGRESS","STE. MARIE 1 - F12","0","11","","0"
"40","0","JASPER","0","Under Votes","360","12TH CONGRESS","STE. MARIE 1 - F12","0","11","","0"
"40","0","JASPER","665","HOMER ""CHIP"" MARKEL","360","12TH CONGRESS","WADE 2 - F12","0","11","","0"
"40","0","JASPER","0","Over Votes","360","12TH CONGRESS","WADE 2 - F12","0","11","","0"
"40","0","JASPER","670","JOSHUA QUALLS","360","12TH CONGRESS","WADE 2 - F12","0","11","","0"
"40","0","JASPER","0","Under Votes","360","12TH CONGRESS","WADE 2 - F12","0","11","","0"
"40","0","JASPER","665","HOMER ""CHIP"" MARKEL","360","12TH CONGRESS","WILLOW HILL - F12","0","11","","0"
"40","0","JASPER","0","Over Votes","360","12TH CONGRESS","WILLOW HILL - F12","0","11","","0"
"40","0","JASPER","670","JOSHUA QUALLS","360","12TH CONGRESS","WILLOW HILL - F12","0","11","","0"
"40","0","JASPER","0","Under Votes","360","12TH CONGRESS","WILLOW HILL - F12","0","11","","0"
"40","0","JASPER","665","HOMER ""CHIP"" MARKEL","360","12TH CONGRESS","NORTH MUDDY - 003","0","11","","3"
"40","0","JASPER","0","Over Votes","360","12TH CONGRESS","NORTH MUDDY - 003","0","11","","0"
"40","0","JASPER","670","JOSHUA QUALLS","360","12TH CONGRESS","NORTH MUDDY - 003","0","11","","4"
"40","0","JASPER","0","Under Votes","360","12TH CONGRESS","NORTH MUDDY - 003","0","11","","1"
"40","0","JASPER","665","HOMER ""CHIP"" MARKEL","360","12TH CONGRESS","SOUTH MUDDY - 003","0","11","","11"
"40","0","JASPER","0","Over Votes","360","12TH CONGRESS","SOUTH MUDDY - 003","0","11","","0"
"40","0","JASPER","670","JOSHUA QUALLS","360","12TH CONGRESS","SOUTH MUDDY - 003","0","11","","12"
"40","0","JASPER","0","Under Votes","360","12TH CONGRESS","SOUTH MUDDY - 003","0","11","","2"
"40","0","JASPER","665","HOMER ""CHIP"" MARKEL","360","12TH CONGRESS","STE. MARIE 2 - 005","0","11","","1"
"40","0","JASPER","0","Over Votes","360","12TH CONGRESS","STE. MARIE 2 - 005","0","11","","0"
"40","0","JASPER","670","JOSHUA QUALLS","360","12TH CONGRESS","STE. MARIE 2 - 005","0","11","","4"
"40","0","JASPER","0","Under Votes","360","12TH CONGRESS","STE. MARIE 2 - 005","0","11","","0"
"40","0","JASPER","665","HOMER ""CHIP"" MARKEL","360","12TH CONGRESS","WADE 3 - 005","0","11","","12"
"40","0","JASPER","0","Over Votes","360","12TH CONGRESS","WADE 3 - 005","0","11","","0"
"40","0","JASPER","670","JOSHUA QUALLS","360","12TH CONGRESS","WADE 3 - 005","0","11","","6"
"40","0","JASPER","0","Under Votes","360","12TH CONGRESS","WADE 3 - 005","0","11","","5"
"14","0","CLINTON","0","Under Votes","360","12TH CONGRESS","BREESE 4","1134","11","DEMOCRATIC","2"
"14","0","CLINTON","665","HOMER ""CHIP"" MARKEL","360","12TH CONGRESS","BREESE 4","1134","11","DEMOCRATIC","25"
"14","0","CLINTON","0","Over Votes","360","12TH CONGRESS","BREESE 4","1134","11","DEMOCRATIC","0"
"14","0","CLINTON","670","JOSHUA QUALLS","360","12TH CONGRESS","BREESE 4","1134","11","DEMOCRATIC","16"
"14","0","CLINTON","670","JOSHUA QUALLS","360","12TH CONGRESS","WADE 1","178","11","DEMOCRATIC","1"
"14","0","CLINTON","0","Under Votes","360","12TH CONGRESS","WADE 1","178","11","DEMOCRATIC","0"
"14","0","CLINTON","665","HOMER ""CHIP"" MARKEL","360","12TH CONGRESS","WADE 1","178","11","DEMOCRATIC","0"
"14","0","CLINTON","0","Over Votes","360","12TH CONGRESS","WADE 1","178","11","DEMOCRATIC","0"
"14","0","CLINTON","670","JOSHUA QUALLS","360","12TH CONGRESS","BROOKSIDE 1","854","11","DEMOCRATIC","9"
"14","0","CLINTON","0","Under Votes","360","12TH CONGRESS","BROOKSIDE 1","854","11","DEMOCRATIC","0"
"14","0","CLINTON","665","HOMER ""CHIP"" MARKEL","360","12TH CONGRESS","BROOKSIDE 1","854","11","DEMOCRATIC","5"
"14","0","CLINTON","0","Over Votes","360","12TH CONGRESS","BROOKSIDE 1","854","11","DEMOCRATIC","0"
"14","0","CLINTON","670","JOSHUA QUALLS","360","12TH CONGRESS","BROOKSIDE 2","722","11","DEMOCRATIC","6"
"14","0","CLINTON","0","Under Votes","360","12TH CONGRESS","BROOKSIDE 2","722","11","DEMOCRATIC","0"
"14","0","CLINTON","665","HOMER ""CHIP"" MARKEL","360","12TH CONGRESS","BROOKSIDE 2","722","11","DEMOCRATIC","6"
"14","0","CLINTON","0","Over Votes","360","12TH CONGRESS","BROOKSIDE 2","722","11","DEMOCRATIC","0"
"14","0","CLINTON","670","JOSHUA QUALLS","360","12TH CONGRESS","BROOKSIDE 3","529","11","DEMOCRATIC","16"
"14","0","CLINTON","0","Under Votes","360","12TH CONGRESS","BROOKSIDE 3","529","11","DEMOCRATIC","0"
"14","0","CLINTON","665","HOMER ""CHIP"" MARKEL","360","12TH CONGRESS","BROOKSIDE 3","529","11","DEMOCRATIC","7"
"14","0","CLINTON","0","Over Votes","360","12TH CONGRESS","BROOKSIDE 3","529","11","DEMOCRATIC","0"
"14","0","CLINTON","665","HOMER ""CHIP"" MARKEL","360","12TH CONGRESS","CLEMENT","343","11","DEMOCRATIC","4"
"14","0","CLINTON","0","Over Votes","360","12TH CONGRESS","CLEMENT","343","11","DEMOCRATIC","0"
"14","0","CLINTON","665","HOMER ""CHIP"" MARKEL","360","12TH CONGRESS","LOOKINGGLASS 2","476","11","DEMOCRATIC","5"
"14","0","CLINTON","0","Over Votes","360","12TH CONGRESS","LOOKINGGLASS 2","476","11","DEMOCRATIC","0"
"14","0","CLINTON","670","JOSHUA QUALLS","360","12TH CONGRESS","LOOKINGGLASS 2","476","11","DEMOCRATIC","5"
"14","0","CLINTON","670","JOSHUA QUALLS","360","12TH CONGRESS","LOOKINGGLASS 3","236","11","DEMOCRATIC","3"
"14","0","CLINTON","0","Under Votes","360","12TH CONGRESS","LOOKINGGLASS 3","236","11","DEMOCRATIC","0"
"14","0","CLINTON","665","HOMER ""CHIP"" MARKEL","360","12TH CONGRESS","LOOKINGGLASS 3","236","11","DEMOCRATIC","1"
"14","0","CLINTON","0","Over Votes","360","12TH CONGRESS","LOOKINGGLASS 3","236","11","DEMOCRATIC","0"
"14","0","CLINTON","0","Under Votes","360","12TH CONGRESS","LOOKINGGLASS 6","1132","11","DEMOCRATIC","4"
"14","0","CLINTON","665","HOMER ""CHIP"" MARKEL","360","12TH CONGRESS","LOOKINGGLASS 6","1132","11","DEMOCRATIC","20"
"14","0","CLINTON","0","Over Votes","360","12TH CONGRESS","LOOKINGGLASS 6","1132","11","DEMOCRATIC","0"
"14","0","CLINTON","670","JOSHUA QUALLS","360","12TH CONGRESS","LOOKINGGLASS 6","1132","11","DEMOCRATIC","21"
"44","0","JOHNSON","0","Over Votes","360","12TH CONGRESS","LAKE 1 - 001","684","11","","0"
"44","0","JOHNSON","670","JOSHUA QUALLS","360","12TH CONGRESS","LAKE 1 - 001","684","11","","13"
"44","0","JOHNSON","665","HOMER ""CHIP"" MARKEL","360","12TH CONGRESS","LAKE 1 - 001","684","11","","13"
"44","0","JOHNSON","0","Under Votes","360","12TH CONGRESS","SIMPSON - 001","479","11","","2"
"44","0","JOHNSON","0","Over Votes","360","12TH CONGRESS","SIMPSON - 001","479","11","","0"
"44","0","JOHNSON","670","JOSHUA QUALLS","360","12TH CONGRESS","SIMPSON - 001","479","11","","6"
"44","0","JOHNSON","665","HOMER ""CHIP"" MARKEL","360","12TH CONGRESS","SIMPSON - 001","479","11","","5"
"44","0","JOHNSON","0","Under Votes","360","12TH CONGRESS","VIENNA 2 - 001","702","11","","6"
"44","0","JOHNSON","0","Over Votes","360","12TH CONGRESS","VIENNA 2 - 001","702","11","","0"
"44","0","JOHNSON","670","JOSHUA QUALLS","360","12TH CONGRESS","VIENNA 2 - 001","702","11","","5"
"44","0","JOHNSON","665","HOMER ""CHIP"" MARKEL","360","12TH CONGRESS","VIENNA 2 - 001","702","11","","9"
"44","0","JOHNSON","0","Under Votes","360","12TH CONGRESS","BLOOMFIELD - F12","0","11","","0"
"44","0","JOHNSON","0","Over Votes","360","12TH CONGRESS","BLOOMFIELD - F12","0","11","","0"
"44","0","JOHNSON","665","HOMER ""CHIP"" MARKEL","360","12TH CONGRESS","BLOOMFIELD - F12","0","11","","0"
"44","0","JOHNSON","670","JOSHUA QUALLS","360","12TH CONGRESS","BLOOMFIELD - F12","0","11","","0"
"44","0","JOHNSON","0","Under Votes","360","12TH CONGRESS","BURNSIDE - 001","343","11","","0"
"44","0","JOHNSON","0","Over Votes","360","12TH CONGRESS","BURNSIDE - 001","343","11","","0"
"44","0","JOHNSON","670","JOSHUA QUALLS","360","12TH CONGRESS","BURNSIDE - 001","343","11","","6"
"44","0","JOHNSON","665","HOMER ""CHIP"" MARKEL","360","12TH CONGRESS","BURNSIDE - 001","343","11","","3"
"44","0","JOHNSON","0","Over Votes","360","12TH CONGRESS","LAKE 1 - F12","0","11","","0"
"44","0","JOHNSON","670","JOSHUA QUALLS","360","12TH CONGRESS","LAKE 1 - F12","0","11","","0"
"44","0","JOHNSON","665","HOMER ""CHIP"" MARKEL","360","12TH CONGRESS","LAKE 1 - F12","0","11","","0"
"44","0","JOHNSON","0","Under Votes","360","12TH CONGRESS","LAKE 1 - F12","0","11","","0"
"44","0","JOHNSON","0","Under Votes","360","12TH CONGRESS","SIMPSON - F12","0","11","","0"
"44","0","JOHNSON","0","Over Votes","360","12TH CONGRESS","SIMPSON - F12","0","11","","0"
"44","0","JOHNSON","665","HOMER ""CHIP"" MARKEL","360","12TH CONGRESS","SIMPSON - F12","0","11","","0"
"44","0","JOHNSON","670","JOSHUA QUALLS","360","12TH CONGRESS","SIMPSON - F12","0","11","","0"
"44","0","JOHNSON","0","Under Votes","360","12TH CONGRESS","VIENNA 2 - F12","0","11","","0"
"44","0","JOHNSON","0","Over Votes","360","12TH CONGRESS","VIENNA 2 - F12","0","11","","0"
"44","0","JOHNSON","665","HOMER ""CHIP"" MARKEL","360","12TH CONGRESS","VIENNA 2 - F12","0","11","","0"
"44","0","JOHNSON","670","JOSHUA QUALLS","360","12TH CONGRESS","VIENNA 2 - F12","0","11","","0"
"44","0","JOHNSON","0","Under Votes","360","12TH CONGRESS","BLOOMFIELD - 001","629","11","","1"
"44","0","JOHNSON","0","Over Votes","360","12TH CONGRESS","BLOOMFIELD - 001","629","11","","0"
"44","0","JOHNSON","670","JOSHUA QUALLS","360","12TH CONGRESS","BLOOMFIELD - 001","629","11","","3"
"44","0","JOHNSON","665","HOMER ""CHIP"" MARKEL","360","12TH CONGRESS","BLOOMFIELD - 001","629","11","","5"
"44","0","JOHNSON","0","Under Votes","360","12TH CONGRESS","ELVIRA - F12","0","11","","0"
"44","0","JOHNSON","0","Over Votes","360","12TH CONGRESS","ELVIRA - F12","0","11","","0"
"44","0","JOHNSON","665","HOMER ""CHIP"" MARKEL","360","12TH CONGRESS","ELVIRA - F12","0","11","","0"
"44","0","JOHNSON","670","JOSHUA QUALLS","360","12TH CONGRESS","ELVIRA - F12","0","11","","0"
"44","0","JOHNSON","0","Under Votes","360","12TH CONGRESS","GRANTSBURG - F12","0","11","","0"
"44","0","JOHNSON","0","Over Votes","360","12TH CONGRESS","GRANTSBURG - F12","0","11","","0"
"44","0","JOHNSON","665","HOMER ""CHIP"" MARKEL","360","12TH CONGRESS","GRANTSBURG - F12","0","11","","0"
"44","0","JOHNSON","670","JOSHUA QUALLS","360","12TH CONGRESS","GRANTSBURG - F12","0","11","","0"
"44","0","JOHNSON","0","Under Votes","360","12TH CONGRESS","OZARK - F12","0","11","","0"
"28","0","FRANKLIN","0","Under Votes","360","12TH CONGRESS","EWING 1","0","12","REPUBLICAN","10"
"28","0","FRANKLIN","0","Over Votes","360","12TH CONGRESS","EWING 2","0","12","REPUBLICAN","0"
"28","0","FRANKLIN","660","MIKE BOST","360","12TH CONGRESS","EWING 2","0","12","REPUBLICAN","118"
"28","0","FRANKLIN","0","Under Votes","360","12TH CONGRESS","EWING 2","0","12","REPUBLICAN","16"
"28","0","FRANKLIN","0","Over Votes","360","12TH CONGRESS","EASTERN","0","12","REPUBLICAN","0"
"28","0","FRANKLIN","660","MIKE BOST","360","12TH CONGRESS","EASTERN","0","12","REPUBLICAN","91"
"28","0","FRANKLIN","0","Under Votes","360","12TH CONGRESS","EASTERN","0","12","REPUBLICAN","8"
"28","0","FRANKLIN","0","Over Votes","360","12TH CONGRESS","SIX MILE 1","0","12","REPUBLICAN","0"
"28","0","FRANKLIN","660","MIKE BOST","360","12TH CONGRESS","SIX MILE 1","0","12","REPUBLICAN","158"
"28","0","FRANKLIN","0","Under Votes","360","12TH CONGRESS","SIX MILE 1","0","12","REPUBLICAN","14"
"28","0","FRANKLIN","0","Over Votes","360","12TH CONGRESS","SIX MILE 2","0","12","REPUBLICAN","0"
"28","0","FRANKLIN","660","MIKE BOST","360","12TH CONGRESS","SIX MILE 2","0","12","REPUBLICAN","135"
"28","0","FRANKLIN","0","Under Votes","360","12TH CONGRESS","SIX MILE 2","0","12","REPUBLICAN","16"
"28","0","FRANKLIN","0","Over Votes","360","12TH CONGRESS","SIX MILE 3","0","12","REPUBLICAN","0"
"28","0","FRANKLIN","660","MIKE BOST","360","12TH CONGRESS","SIX MILE 3","0","12","REPUBLICAN","145"
"28","0","FRANKLIN","0","Over Votes","360","12TH CONGRESS","BENTON 1","0","12","REPUBLICAN","0"
"28","0","FRANKLIN","660","MIKE BOST","360","12TH CONGRESS","BENTON 1","0","12","REPUBLICAN","145"
"28","0","FRANKLIN","0","Under Votes","360","12TH CONGRESS","BENTON 1","0","12","REPUBLICAN","22"
"28","0","FRANKLIN","0","Over Votes","360","12TH CONGRESS","BENTON 2","0","12","REPUBLICAN","0"
"28","0","FRANKLIN","660","MIKE BOST","360","12TH CONGRESS","BENTON 2","0","12","REPUBLICAN","175"
"28","0","FRANKLIN","0","Under Votes","360","12TH CONGRESS","BENTON 2","0","12","REPUBLICAN","19"
"28","0","FRANKLIN","0","Over Votes","360","12TH CONGRESS","BENTON 3","0","12","REPUBLICAN","0"
"28","0","FRANKLIN","660","MIKE BOST","360","12TH CONGRESS","BENTON 3","0","12","REPUBLICAN","107"
"28","0","FRANKLIN","0","Under Votes","360","12TH CONGRESS","BENTON 3","0","12","REPUBLICAN","10"
"28","0","FRANKLIN","0","Over Votes","360","12TH CONGRESS","NORTHERN","0","12","REPUBLICAN","0"
"28","0","FRANKLIN","660","MIKE BOST","360","12TH CONGRESS","NORTHERN","0","12","REPUBLICAN","76"
"28","0","FRANKLIN","0","Under Votes","360","12TH CONGRESS","NORTHERN","0","12","REPUBLICAN","4"
"28","0","FRANKLIN","0","Over Votes","360","12TH CONGRESS","DENNING 1","0","12","REPUBLICAN","0"
"28","0","FRANKLIN","660","MIKE BOST","360","12TH CONGRESS","DENNING 1","0","12","REPUBLICAN","90"
"28","0","FRANKLIN","0","Under Votes","360","12TH CONGRESS","DENNING 1","0","12","REPUBLICAN","6"
"28","0","FRANKLIN","0","Over Votes","360","12TH CONGRESS","DENNING 2","0","12","REPUBLICAN","0"
"28","0","FRANKLIN","660","MIKE BOST","360","12TH CONGRESS","DENNING 2","0","12","REPUBLICAN","72"
"28","0","FRANKLIN","0","Under Votes","360","12TH CONGRESS","DENNING 2","0","12","REPUBLICAN","8"
"28","0","FRANKLIN","0","Over Votes","360","12TH CONGRESS","DENNING 3","0","12","REPUBLICAN","0"
"28","0","FRANKLIN","660","MIKE BOST","360","12TH CONGRESS","DENNING 3","0","12","REPUBLICAN","68"
"28","0","FRANKLIN","0","Under Votes","360","12TH CONGRESS","DENNING 3","0","12","REPUBLICAN","5"
"28","0","FRANKLIN","0","Over Votes","360","12TH CONGRESS","DENNING 4","0","12","REPUBLICAN","0"
"28","0","FRANKLIN","660","MIKE BOST","360","12TH CONGRESS","DENNING 4","0","12","REPUBLICAN","149"
"28","0","FRANKLIN","0","Under Votes","360","12TH CONGRESS","DENNING 4","0","12","REPUBLICAN","20"
"79","0","RANDOLPH","665","HOMER ""CHIP"" MARKEL","360","12TH CONGRESS","CHESTER 3","552","11","DEMOCRATIC","16"
"79","0","RANDOLPH","670","JOSHUA QUALLS","360","12TH CONGRESS","CHESTER 3","552","11","DEMOCRATIC","11"
"79","0","RANDOLPH","665","HOMER ""CHIP"" MARKEL","360","12TH CONGRESS","COULTERVILLE 2","489","11","DEMOCRATIC","15"
"79","0","RANDOLPH","670","JOSHUA QUALLS","360","12TH CONGRESS","COULTERVILLE 2","489","11","DEMOCRATIC","10"
"25","0","EFFINGHAM","0","Under Votes","360","12TH CONGRESS","BANNER","0","11","DEMOCRATIC","0"
"25","0","EFFINGHAM","665","HOMER ""CHIP"" MARKEL","360","12TH CONGRESS","BANNER","0","11","DEMOCRATIC","1"
"25","0","EFFINGHAM","670","JOSHUA QUALLS","360","12TH CONGRESS","BANNER","0","11","DEMOCRATIC","1"
"25","0","EFFINGHAM","0","Over Votes","360","12TH CONGRESS","BANNER","0","11","DEMOCRATIC","0"
"25","0","EFFINGHAM","0","Under Votes","360","12TH CONGRESS","WATSON 3","0","11","DEMOCRATIC","3"
"25","0","EFFINGHAM","665","HOMER ""CHIP"" MARKEL","360","12TH CONGRESS","WATSON 3","0","11","DEMOCRATIC","9"
"25","0","EFFINGHAM","670","JOSHUA QUALLS","360","12TH CONGRESS","WATSON 3","0","11","DEMOCRATIC","7"
"25","0","EFFINGHAM","0","Over Votes","360","12TH CONGRESS","WATSON 3","0","11","DEMOCRATIC","0"
"25","0","EFFINGHAM","0","Over Votes","360","12TH CONGRESS","DOUGLAS 12","0","11","DEMOCRATIC","0"
"25","0","EFFINGHAM","0","Under Votes","360","12TH CONGRESS","DOUGLAS 12","0","11","DEMOCRATIC","0"
"25","0","EFFINGHAM","665","HOMER ""CHIP"" MARKEL","360","12TH CONGRESS","DOUGLAS 12","0","11","DEMOCRATIC","10"
"25","0","EFFINGHAM","670","JOSHUA QUALLS","360","12TH CONGRESS","DOUGLAS 12","0","11","DEMOCRATIC","2"
"25","0","EFFINGHAM","0","Over Votes","360","12TH CONGRESS","TEUTOPOLIS 1","0","11","DEMOCRATIC","0"
"25","0","EFFINGHAM","0","Under Votes","360","12TH CONGRESS","TEUTOPOLIS 1","0","11","DEMOCRATIC","1"
"25","0","EFFINGHAM","665","HOMER ""CHIP"" MARKEL","360","12TH CONGRESS","TEUTOPOLIS 1","0","11","DEMOCRATIC","8"
"25","0","EFFINGHAM","670","JOSHUA QUALLS","360","12TH CONGRESS","TEUTOPOLIS 1","0","11","DEMOCRATIC","7"
"25","0","EFFINGHAM","0","Under Votes","360","12TH CONGRESS","MOCCASIN","0","11","DEMOCRATIC","0"
"25","0","EFFINGHAM","665","HOMER ""CHIP"" MARKEL","360","12TH CONGRESS","MOCCASIN","0","11","DEMOCRATIC","4"
"25","0","EFFINGHAM","670","JOSHUA QUALLS","360","12TH CONGRESS","MOCCASIN","0","11","DEMOCRATIC","3"
"25","0","EFFINGHAM","0","Over Votes","360","12TH CONGRESS","MOCCASIN","0","11","DEMOCRATIC","0"
"25","0","EFFINGHAM","0","Under Votes","360","12TH CONGRESS","JACKSON","0","11","DEMOCRATIC","2"
"25","0","EFFINGHAM","665","HOMER ""CHIP"" MARKEL","360","12TH CONGRESS","JACKSON","0","11","DEMOCRATIC","18"
"25","0","EFFINGHAM","670","JOSHUA QUALLS","360","12TH CONGRESS","JACKSON","0","11","DEMOCRATIC","8"
"25","0","EFFINGHAM","0","Over Votes","360","12TH CONGRESS","JACKSON","0","11","DEMOCRATIC","0"
"25","0","EFFINGHAM","0","Under Votes","360","12TH CONGRESS","UNION","0","11","DEMOCRATIC","2"
"25","0","EFFINGHAM","665","HOMER ""CHIP"" MARKEL","360","12TH CONGRESS","UNION","0","11","DEMOCRATIC","4"
"25","0","EFFINGHAM","670","JOSHUA QUALLS","360","12TH CONGRESS","UNION","0","11","DEMOCRATIC","4"
"25","0","EFFINGHAM","0","Over Votes","360","12TH CONGRESS","UNION","0","11","DEMOCRATIC","0"
"25","0","EFFINGHAM","0","Under Votes","360","12TH CONGRESS","DOUGLAS 3","0","11","DEMOCRATIC","1"
"25","0","EFFINGHAM","665","HOMER ""CHIP"" MARKEL","360","12TH CONGRESS","DOUGLAS 3","0","11","DEMOCRATIC","7"
"25","0","EFFINGHAM","670","JOSHUA QUALLS","360","12TH CONGRESS","DOUGLAS 3","0","11","DEMOCRATIC","10"
"25","0","EFFINGHAM","0","Over Votes","360","12TH CONGRESS","DOUGLAS 3","0","11","DEMOCRATIC","0"
"25","0","EFFINGHAM","0","Under Votes","360","12TH CONGRESS","TEUTOPOLIS 2","0","11","DEMOCRATIC","1"
"25","0","EFFINGHAM","665","HOMER ""CHIP"" MARKEL","360","12TH CONGRESS","TEUTOPOLIS 2","0","11","DEMOCRATIC","7"
"25","0","EFFINGHAM","670","JOSHUA QUALLS","360","12TH CONGRESS","TEUTOPOLIS 2","0","11","DEMOCRATIC","4"
"25","0","EFFINGHAM","0","Over Votes","360","12TH CONGRESS","TEUTOPOLIS 2","0","11","DEMOCRATIC","0"
"25","0","EFFINGHAM","0","Under Votes","360","12TH CONGRESS","BISHOP","0","11","DEMOCRATIC","1"
"25","0","EFFINGHAM","665","HOMER ""CHIP"" MARKEL","360","12TH CONGRESS","BISHOP","0","11","DEMOCRATIC","20"
"25","0","EFFINGHAM","670","JOSHUA QUALLS","360","12TH CONGRESS","BISHOP","0","11","DEMOCRATIC","9"
"25","0","EFFINGHAM","0","Over Votes","360","12TH CONGRESS","BISHOP","0","11","DEMOCRATIC","0"
"25","0","EFFINGHAM","0","Under Votes","360","12TH CONGRESS","SUMMIT 3","0","11","DEMOCRATIC","2"
"25","0","EFFINGHAM","665","HOMER ""CHIP"" MARKEL","360","12TH CONGRESS","SUMMIT 3","0","11","DEMOCRATIC","9"
"39","0","JACKSON","0","Under Votes","360","12TH CONGRESS","VERGENNES","521","12","REPUBLICAN","0"
"39","0","JACKSON","660","MIKE BOST","360","12TH CONGRESS","VERGENNES","521","12","REPUBLICAN","81"
"39","0","JACKSON","0","Blank Ballots","360","12TH CONGRESS","BRADLEY-AVA","587","12","REPUBLICAN","3"
"39","0","JACKSON","0","Over Votes","360","12TH CONGRESS","BRADLEY-AVA","587","12","REPUBLICAN","0"
"39","0","JACKSON","0","Under Votes","360","12TH CONGRESS","BRADLEY-AVA","587","12","REPUBLICAN","0"
"39","0","JACKSON","660","MIKE BOST","360","12TH CONGRESS","BRADLEY-AVA","587","12","REPUBLICAN","74"
"39","0","JACKSON","0","Blank Ballots","360","12TH CONGRESS","CARBONDALE 09","439","12","REPUBLICAN","1"
"39","0","JACKSON","0","Over Votes","360","12TH CONGRESS","CARBONDALE 09","439","12","REPUBLICAN","0"
"39","0","JACKSON","0","Under Votes","360","12TH CONGRESS","CARBONDALE 09","439","12","REPUBLICAN","0"
"39","0","JACKSON","660","MIKE BOST","360","12TH CONGRESS","CARBONDALE 09","439","12","REPUBLICAN","17"
"39","0","JACKSON","0","Blank Ballots","360","12TH CONGRESS","CARBONDALE 19","821","12","REPUBLICAN","7"
"39","0","JACKSON","0","Over Votes","360","12TH CONGRESS","CARBONDALE 19","821","12","REPUBLICAN","0"
"39","0","JACKSON","0","Under Votes","360","12TH CONGRESS","CARBONDALE 19","821","12","REPUBLICAN","0"
"39","0","JACKSON","660","MIKE BOST","360","12TH CONGRESS","CARBONDALE 19","821","12","REPUBLICAN","49"
"39","0","JACKSON","660","MIKE BOST","360","12TH CONGRESS","ELK 1","711","12","REPUBLICAN","90"
"39","0","JACKSON","0","Blank Ballots","360","12TH CONGRESS","ELK 1","711","12","REPUBLICAN","6"
"39","0","JACKSON","0","Over Votes","360","12TH CONGRESS","ELK 1","711","12","REPUBLICAN","0"
"39","0","JACKSON","0","Under Votes","360","12TH CONGRESS","ELK 1","711","12","REPUBLICAN","0"
"39","0","JACKSON","0","Blank Ballots","360","12TH CONGRESS","MAKANDA 4","768","12","REPUBLICAN","10"
"39","0","JACKSON","0","Over Votes","360","12TH CONGRESS","MAKANDA 4","768","12","REPUBLICAN","0"
"39","0","JACKSON","0","Under Votes","360","12TH CONGRESS","MAKANDA 4","768","12","REPUBLICAN","0"
"39","0","JACKSON","660","MIKE BOST","360","12TH CONGRESS","MAKANDA 4","768","12","REPUBLICAN","59"
"39","0","JACKSON","0","Blank Ballots","360","12TH CONGRESS","MURPHYSBORO 09","646","12","REPUBLICAN","6"
"39","0","JACKSON","0","Over Votes","360","12TH CONGRESS","MURPHYSBORO 09","646","12","REPUBLICAN","0"
"39","0","JACKSON","0","Under Votes","360","12TH CONGRESS","MURPHYSBORO 09","646","12","REPUBLICAN","0"
"39","0","JACKSON","660","MIKE BOST","360","12TH CONGRESS","MURPHYSBORO 09","646","12","REPUBLICAN","88"
"39","0","JACKSON","0","Blank Ballots","360","12TH CONGRESS","SOMERSET 4","540","12","REPUBLICAN","2"
"39","0","JACKSON","0","Over Votes","360","12TH CONGRESS","SOMERSET 4","540","12","REPUBLICAN","0"
"39","0","JACKSON","0","Under Votes","360","12TH CONGRESS","SOMERSET 4","540","12","REPUBLICAN","0"
"39","0","JACKSON","660","MIKE BOST","360","12TH CONGRESS","SOMERSET 4","540","12","REPUBLICAN","94"
"39","0","JACKSON","0","Over Votes","360","12TH CONGRESS","BRADLEY-CAMPBELL HILL","513","12","REPUBLICAN","0"
"39","0","JACKSON","0","Blank Ballots","360","12TH CONGRESS","BRADLEY-CAMPBELL HILL","513","12","REPUBLICAN","4"
"39","0","JACKSON","0","Under Votes","360","12TH CONGRESS","BRADLEY-CAMPBELL HILL","513","12","REPUBLICAN","0"
"39","0","JACKSON","660","MIKE BOST","360","12TH CONGRESS","BRADLEY-CAMPBELL HILL","513","12","REPUBLICAN","58"
"39","0","JACKSON","0","Blank Ballots","360","12TH CONGRESS","CARBONDALE 08","778","12","REPUBLICAN","3"
"39","0","JACKSON","0","Over Votes","360","12TH CONGRESS","CARBONDALE 08","778","12","REPUBLICAN","0"
"39","0","JACKSON","0","Under Votes","360","12TH CONGRESS","CARBONDALE 08","778","12","REPUBLICAN","0"
"39","0","JACKSON","660","MIKE BOST","360","12TH CONGRESS","CARBONDALE 08","778","12","REPUBLICAN","52"
"39","0","JACKSON","0","Blank Ballots","360","12TH CONGRESS","CARBONDALE 10","371","12","REPUBLICAN","3"
"39","0","JACKSON","0","Over Votes","360","12TH CONGRESS","CARBONDALE 10","371","12","REPUBLICAN","0"
"39","0","JACKSON","0","Under Votes","360","12TH CONGRESS","CARBONDALE 10","371","12","REPUBLICAN","0"
"39","0","JACKSON","660","MIKE BOST","360","12TH CONGRESS","CARBONDALE 10","371","12","REPUBLICAN","22"
"100","0","WILLIAMSON","665","HOMER ""CHIP"" MARKEL","360","12TH CONGRESS","WEST MARION 9","557","11","DEMOCRATIC","7"
"100","0","WILLIAMSON","670","JOSHUA QUALLS","360","12TH CONGRESS","WEST MARION 9","557","11","DEMOCRATIC","7"
"100","0","WILLIAMSON","665","HOMER ""CHIP"" MARKEL","360","12TH CONGRESS","SOUTHERN 1","1028","11","DEMOCRATIC","21"
"100","0","WILLIAMSON","670","JOSHUA QUALLS","360","12TH CONGRESS","SOUTHERN 1","1028","11","DEMOCRATIC","5"
"100","0","WILLIAMSON","665","HOMER ""CHIP"" MARKEL","360","12TH CONGRESS","LAKE CREEK 2","556","11","DEMOCRATIC","11"
"100","0","WILLIAMSON","670","JOSHUA QUALLS","360","12TH CONGRESS","LAKE CREEK 2","556","11","DEMOCRATIC","6"
"100","0","WILLIAMSON","665","HOMER ""CHIP"" MARKEL","360","12TH CONGRESS","STONEFORT 1","597","11","DEMOCRATIC","4"
"100","0","WILLIAMSON","670","JOSHUA QUALLS","360","12TH CONGRESS","STONEFORT 1","597","11","DEMOCRATIC","2"
"100","0","WILLIAMSON","665","HOMER ""CHIP"" MARKEL","360","12TH CONGRESS","BLAIRSVILLE 4","606","11","DEMOCRATIC","8"
"100","0","WILLIAMSON","670","JOSHUA QUALLS","360","12TH CONGRESS","BLAIRSVILLE 4","606","11","DEMOCRATIC","3"
"100","0","WILLIAMSON","665","HOMER ""CHIP"" MARKEL","360","12TH CONGRESS","BLAIRSVILLE 7","694","11","DEMOCRATIC","43"
"100","0","WILLIAMSON","670","JOSHUA QUALLS","360","12TH CONGRESS","BLAIRSVILLE 7","694","11","DEMOCRATIC","13"
"100","0","WILLIAMSON","665","HOMER ""CHIP"" MARKEL","360","12TH CONGRESS","CARTERVILLE 3","1359","11","DEMOCRATIC","43"
"100","0","WILLIAMSON","670","JOSHUA QUALLS","360","12TH CONGRESS","CARTERVILLE 3","1359","11","DEMOCRATIC","31"
"100","0","WILLIAMSON","665","HOMER ""CHIP"" MARKEL","360","12TH CONGRESS","CARTERVILLE 6","1180","11","DEMOCRATIC","27"
"100","0","WILLIAMSON","670","JOSHUA QUALLS","360","12TH CONGRESS","CARTERVILLE 6","1180","11","DEMOCRATIC","24"
"100","0","WILLIAMSON","665","HOMER ""CHIP"" MARKEL","360","12TH CONGRESS","WEST MARION 2","356","11","DEMOCRATIC","7"
"100","0","WILLIAMSON","670","JOSHUA QUALLS","360","12TH CONGRESS","WEST MARION 2","356","11","DEMOCRATIC","5"
"100","0","WILLIAMSON","665","HOMER ""CHIP"" MARKEL","360","12TH CONGRESS","WEST MARION 5","526","11","DEMOCRATIC","14"
"100","0","WILLIAMSON","670","JOSHUA QUALLS","360","12TH CONGRESS","WEST MARION 5","526","11","DEMOCRATIC","12"
"100","0","WILLIAMSON","665","HOMER ""CHIP"" MARKEL","360","12TH CONGRESS","WEST MARION 8","838","11","DEMOCRATIC","25"
"100","0","WILLIAMSON","670","JOSHUA QUALLS","360","12TH CONGRESS","WEST MARION 8","838","11","DEMOCRATIC","13"
"100","0","WILLIAMSON","665","HOMER ""CHIP"" MARKEL","360","12TH CONGRESS","WEST MARION 11","915","11","DEMOCRATIC","13"
"100","0","WILLIAMSON","670","JOSHUA QUALLS","360","12TH CONGRESS","WEST MARION 11","915","11","DEMOCRATIC","14"
"100","0","WILLIAMSON","665","HOMER ""CHIP"" MARKEL","360","12TH CONGRESS","STONEFORT 2","243","11","DEMOCRATIC","3"
"100","0","WILLIAMSON","670","JOSHUA QUALLS","360","12TH CONGRESS","STONEFORT 2","243","11","DEMOCRATIC","3"
"100","0","WILLIAMSON","665","HOMER ""CHIP"" MARKEL","360","12TH CONGRESS","HERRIN 1","517","11","DEMOCRATIC","10"
"100","0","WILLIAMSON","670","JOSHUA QUALLS","360","12TH CONGRESS","HERRIN 1","517","11","DEMOCRATIC","10"
"100","0","WILLIAMSON","665","HOMER ""CHIP"" MARKEL","360","12TH CONGRESS","HERRIN 4","892","11","DEMOCRATIC","24"
"100","0","WILLIAMSON","670","JOSHUA QUALLS","360","12TH CONGRESS","HERRIN 4","892","11","DEMOCRATIC","22"
"100","0","WILLIAMSON","665","HOMER ""CHIP"" MARKEL","360","12TH CONGRESS","HERRIN 7","928","11","DEMOCRATIC","23"
"100","0","WILLIAMSON","670","JOSHUA QUALLS","360","12TH CONGRESS","HERRIN 7","928","11","DEMOCRATIC","14"
"100","0","WILLIAMSON","665","HOMER ""CHIP"" MARKEL","360","12TH CONGRESS","HERRIN 10","774","11","DEMOCRATIC","24"
"100","0","WILLIAMSON","670","JOSHUA QUALLS","360","12TH CONGRESS","HERRIN 10","774","11","DEMOCRATIC","19"
"100","0","WILLIAMSON","665","HOMER ""CHIP"" MARKEL","360","12TH CONGRESS","LAKE CREEK 1","814","11","DEMOCRATIC","12"
"100","0","WILLIAMSON","670","JOSHUA QUALLS","360","12TH CONGRESS","LAKE CREEK 1","814","11","DEMOCRATIC","8"
"100","0","WILLIAMSON","665","HOMER ""CHIP"" MARKEL","360","12TH CONGRESS","LAKE CREEK 4","768","11","DEMOCRATIC","12"
"100","0","WILLIAMSON","670","JOSHUA QUALLS","360","12TH CONGRESS","LAKE CREEK 4","768","11","DEMOCRATIC","14"
"100","0","WILLIAMSON","665","HOMER ""CHIP"" MARKEL","360","12TH CONGRESS","EAST MARION 3","716","11","DEMOCRATIC","17"
"100","0","WILLIAMSON","670","JOSHUA QUALLS","360","12TH CONGRESS","EAST MARION 3","716","11","DEMOCRATIC","8"
"100","0","WILLIAMSON","665","HOMER ""CHIP"" MARKEL","360","12TH CONGRESS","EAST MARION 6","621","11","DEMOCRATIC","16"
"100","0","WILLIAMSON","670","JOSHUA QUALLS","360","12TH CONGRESS","EAST MARION 6","621","11","DEMOCRATIC","11"
"100","0","WILLIAMSON","0","Under Votes","360","12TH CONGRESS","","0","11","DEMOCRATIC","172"
"100","0","WILLIAMSON","0","Over Votes","360","12TH CONGRESS","","0","11","DEMOCRATIC","0"
"35","0","HARDIN","0","Over Votes","360","12TH CONGRESS","MCFARLAN","522","11","DEMOCRATIC","0"
"35","0","HARDIN","670","JOSHUA QUALLS","360","12TH CONGRESS","MCFARLAN","522","11","DEMOCRATIC","10"
"35","0","HARDIN","0","Under Votes","360","12TH CONGRESS","MCFARLAN","522","11","DEMOCRATIC","7"
"35","0","HARDIN","0","Blank Ballots","360","12TH CONGRESS","MCFARLAN","522","11","DEMOCRATIC","0"
"35","0","HARDIN","665","HOMER ""CHIP"" MARKEL","360","12TH CONGRESS","MCFARLAN","522","11","DEMOCRATIC","6"
"35","0","HARDIN","0","Over Votes","360","12TH CONGRESS","ROSICLARE","790","11","DEMOCRATIC","0"
"35","0","HARDIN","670","JOSHUA QUALLS","360","12TH CONGRESS","ROSICLARE","790","11","DEMOCRATIC","2"
"35","0","HARDIN","0","Under Votes","360","12TH CONGRESS","ROSICLARE","790","11","DEMOCRATIC","5"
"35","0","HARDIN","0","Blank Ballots","360","12TH CONGRESS","ROSICLARE","790","11","DEMOCRATIC","0"
"35","0","HARDIN","665","HOMER ""CHIP"" MARKEL","360","12TH CONGRESS","ROSICLARE","790","11","DEMOCRATIC","12"
"35","0","HARDIN","0","Over Votes","360","12TH CONGRESS","STONE CHURCH","414","11","DEMOCRATIC","0"
"35","0","HARDIN","670","JOSHUA QUALLS","360","12TH CONGRESS","STONE CHURCH","414","11","DEMOCRATIC","13"
"35","0","HARDIN","0","Under Votes","360","12TH CONGRESS","STONE CHURCH","414","11","DEMOCRATIC","2"
"35","0","HARDIN","0","Blank Ballots","360","12TH CONGRESS","STONE CHURCH","414","11","DEMOCRATIC","0"
"35","0","HARDIN","665","HOMER ""CHIP"" MARKEL","360","12TH CONGRESS","STONE CHURCH","414","11","DEMOCRATIC","10"
"35","0","HARDIN","0","Over Votes","360","12TH CONGRESS","CAVE IN ROCK","512","11","DEMOCRATIC","0"
"35","0","HARDIN","670","JOSHUA QUALLS","360","12TH CONGRESS","CAVE IN ROCK","512","11","DEMOCRATIC","11"
"35","0","HARDIN","0","Under Votes","360","12TH CONGRESS","CAVE IN ROCK","512","11","DEMOCRATIC","3"
"35","0","HARDIN","0","Blank Ballots","360","12TH CONGRESS","CAVE IN ROCK","512","11","DEMOCRATIC","0"
"35","0","HARDIN","665","HOMER ""CHIP"" MARKEL","360","12TH CONGRESS","CAVE IN ROCK","512","11","DEMOCRATIC","5"
"35","0","HARDIN","0","Over Votes","360","12TH CONGRESS","MONROE","514","11","DEMOCRATIC","0"
"35","0","HARDIN","670","JOSHUA QUALLS","360","12TH CONGRESS","MONROE","514","11","DEMOCRATIC","11"
"35","0","HARDIN","0","Under Votes","360","12TH CONGRESS","MONROE","514","11","DEMOCRATIC","3"
"35","0","HARDIN","0","Blank Ballots","360","12TH CONGRESS","MONROE","514","11","DEMOCRATIC","0"
"35","0","HARDIN","665","HOMER ""CHIP"" MARKEL","360","12TH CONGRESS","MONROE","514","11","DEMOCRATIC","11"
"35","0","HARDIN","0","Over Votes","360","12TH CONGRESS","ROCK","282","11","DEMOCRATIC","0"
"35","0","HARDIN","670","JOSHUA QUALLS","360","12TH CONGRESS","ROCK","282","11","DEMOCRATIC","7"
"35","0","HARDIN","0","Under Votes","360","12TH CONGRESS","ROCK","282","11","DEMOCRATIC","2"
"35","0","HARDIN","0","Blank Ballots","360","12TH CONGRESS","ROCK","282","11","DEMOCRATIC","0"
"35","0","HARDIN","665","HOMER ""CHIP"" MARKEL","360","12TH CONGRESS","ROCK","282","11","DEMOCRATIC","9"
"17","0","CRAWFORD","660","MIKE BOST","360","12TH CONGRESS","HUTSONVILLE 1","565","12","REPUBLICAN","188"
"17","0","CRAWFORD","0","Over Votes","360","12TH CONGRESS","HUTSONVILLE 1","565","12","REPUBLICAN","0"
"17","0","CRAWFORD","0","Blank Ballots","360","12TH CONGRESS","HUTSONVILLE 1","565","12","REPUBLICAN","0"
"17","0","CRAWFORD","0","Under Votes","360","12TH CONGRESS","HUTSONVILLE 1","565","12","REPUBLICAN","31"
"17","0","CRAWFORD","660","MIKE BOST","360","12TH CONGRESS","LICKING","208","12","REPUBLICAN","74"
"17","0","CRAWFORD","0","Over Votes","360","12TH CONGRESS","LICKING","208","12","REPUBLICAN","0"
"17","0","CRAWFORD","0","Blank Ballots","360","12TH CONGRESS","LICKING","208","12","REPUBLICAN","0"
"17","0","CRAWFORD","0","Under Votes","360","12TH CONGRESS","LICKING","208","12","REPUBLICAN","9"
"67","0","MONROE","670","JOSHUA QUALLS","360","12TH CONGRESS","PRECINCT 5","1030","11","DEMOCRATIC","17"
"67","0","MONROE","0","Over Votes","360","12TH CONGRESS","PRECINCT 8","948","11","DEMOCRATIC","0"
"67","0","MONROE","0","Under Votes","360","12TH CONGRESS","PRECINCT 8","948","11","DEMOCRATIC","2"
"67","0","MONROE","665","HOMER ""CHIP"" MARKEL","360","12TH CONGRESS","PRECINCT 8","948","11","DEMOCRATIC","11"
"67","0","MONROE","670","JOSHUA QUALLS","360","12TH CONGRESS","PRECINCT 8","948","11","DEMOCRATIC","16"
"67","0","MONROE","0","Over Votes","360","12TH CONGRESS","PRECINCT 21","1445","11","DEMOCRATIC","0"
"67","0","MONROE","0","Under Votes","360","12TH CONGRESS","PRECINCT 21","1445","11","DEMOCRATIC","1"
"67","0","MONROE","665","HOMER ""CHIP"" MARKEL","360","12TH CONGRESS","PRECINCT 21","1445","11","DEMOCRATIC","13"
"67","0","MONROE","670","JOSHUA QUALLS","360","12TH CONGRESS","PRECINCT 21","1445","11","DEMOCRATIC","18"
"67","0","MONROE","0","Over Votes","360","12TH CONGRESS","PRECINCT 24","1174","11","DEMOCRATIC","0"
"67","0","MONROE","0","Under Votes","360","12TH CONGRESS","PRECINCT 24","1174","11","DEMOCRATIC","1"
"67","0","MONROE","665","HOMER ""CHIP"" MARKEL","360","12TH CONGRESS","PRECINCT 24","1174","11","DEMOCRATIC","7"
"67","0","MONROE","670","JOSHUA QUALLS","360","12TH CONGRESS","PRECINCT 24","1174","11","DEMOCRATIC","14"
"67","0","MONROE","0","Over Votes","360","12TH CONGRESS","PRECINCT 11","1180","11","DEMOCRATIC","0"
"67","0","MONROE","0","Under Votes","360","12TH CONGRESS","PRECINCT 11","1180","11","DEMOCRATIC","2"
"67","0","MONROE","665","HOMER ""CHIP"" MARKEL","360","12TH CONGRESS","PRECINCT 11","1180","11","DEMOCRATIC","17"
"67","0","MONROE","670","JOSHUA QUALLS","360","12TH CONGRESS","PRECINCT 11","1180","11","DEMOCRATIC","23"
"67","0","MONROE","0","Over Votes","360","12TH CONGRESS","PRECINCT 14","1109","11","DEMOCRATIC","0"
"67","0","MONROE","0","Under Votes","360","12TH CONGRESS","PRECINCT 14","1109","11","DEMOCRATIC","2"
"67","0","MONROE","665","HOMER ""CHIP"" MARKEL","360","12TH CONGRESS","PRECINCT 14","1109","11","DEMOCRATIC","32"
"67","0","MONROE","670","JOSHUA QUALLS","360","12TH CONGRESS","PRECINCT 14","1109","11","DEMOCRATIC","18"
"67","0","MONROE","0","Over Votes","360","12TH CONGRESS","PRECINCT 1","1339","11","DEMOCRATIC","0"
"67","0","MONROE","0","Under Votes","360","12TH CONGRESS","PRECINCT 1","1339","11","DEMOCRATIC","2"
"67","0","MONROE","665","HOMER ""CHIP"" MARKEL","360","12TH CONGRESS","PRECINCT 1","1339","11","DEMOCRATIC","29"
"67","0","MONROE","670","JOSHUA QUALLS","360","12TH CONGRESS","PRECINCT 1","1339","11","DEMOCRATIC","13"
"67","0","MONROE","0","Over Votes","360","12TH CONGRESS","PRECINCT 4","757","11","DEMOCRATIC","0"
"67","0","MONROE","0","Under Votes","360","12TH CONGRESS","PRECINCT 4","757","11","DEMOCRATIC","1"
"67","0","MONROE","665","HOMER ""CHIP"" MARKEL","360","12TH CONGRESS","PRECINCT 4","757","11","DEMOCRATIC","18"
"67","0","MONROE","670","JOSHUA QUALLS","360","12TH CONGRESS","PRECINCT 4","757","11","DEMOCRATIC","11"
"67","0","MONROE","0","Over Votes","360","12TH CONGRESS","PRECINCT 17","1168","11","DEMOCRATIC","0"
"67","0","MONROE","0","Under Votes","360","12TH CONGRESS","PRECINCT 17","1168","11","DEMOCRATIC","1"
"67","0","MONROE","665","HOMER ""CHIP"" MARKEL","360","12TH CONGRESS","PRECINCT 17","1168","11","DEMOCRATIC","16"
"67","0","MONROE","670","JOSHUA QUALLS","360","12TH CONGRESS","PRECINCT 17","1168","11","DEMOCRATIC","14"
"67","0","MONROE","0","Over Votes","360","12TH CONGRESS","PRECINCT 20","925","11","DEMOCRATIC","0"
"67","0","MONROE","0","Under Votes","360","12TH CONGRESS","PRECINCT 20","925","11","DEMOCRATIC","1"
"67","0","MONROE","665","HOMER ""CHIP"" MARKEL","360","12TH CONGRESS","PRECINCT 20","925","11","DEMOCRATIC","15"
"67","0","MONROE","670","JOSHUA QUALLS","360","12TH CONGRESS","PRECINCT 20","925","11","DEMOCRATIC","14"
"67","0","MONROE","0","Over Votes","360","12TH CONGRESS","PRECINCT 7","1055","11","DEMOCRATIC","0"
"67","0","MONROE","0","Under Votes","360","12TH CONGRESS","PRECINCT 7","1055","11","DEMOCRATIC","2"
"67","0","MONROE","665","HOMER ""CHIP"" MARKEL","360","12TH CONGRESS","PRECINCT 7","1055","11","DEMOCRATIC","16"
"67","0","MONROE","670","JOSHUA QUALLS","360","12TH CONGRESS","PRECINCT 7","1055","11","DEMOCRATIC","22"
"41","0","JEFFERSON","0","Over Votes","360","12TH CONGRESS","","0","11","DEMOCRATIC","0"
"41","0","JEFFERSON","0","Under Votes","360","12TH CONGRESS","","0","11","DEMOCRATIC","107"
"96","0","WAYNE","0","Over Votes","360","12TH CONGRESS","ELM RIVER","0","12","REPUBLICAN","0"
"96","0","WAYNE","0","Under Votes","360","12TH CONGRESS","ELM RIVER","0","12","REPUBLICAN","11"
"96","0","WAYNE","660","MIKE BOST","360","12TH CONGRESS","ELM RIVER","0","12","REPUBLICAN","71"
"96","0","WAYNE","0","Over Votes","360","12TH CONGRESS","FOUR MILE","0","12","REPUBLICAN","0"
"96","0","WAYNE","0","Under Votes","360","12TH CONGRESS","FOUR MILE","0","12","REPUBLICAN","27"
"96","0","WAYNE","660","MIKE BOST","360","12TH CONGRESS","FOUR MILE","0","12","REPUBLICAN","130"
"96","0","WAYNE","0","Over Votes","360","12TH CONGRESS","GARDEN HILL","0","12","REPUBLICAN","0"
"96","0","WAYNE","0","Under Votes","360","12TH CONGRESS","GARDEN HILL","0","12","REPUBLICAN","6"
"96","0","WAYNE","660","MIKE BOST","360","12TH CONGRESS","GARDEN HILL","0","12","REPUBLICAN","38"
"96","0","WAYNE","0","Over Votes","360","12TH CONGRESS","GROVER","0","12","REPUBLICAN","0"
"96","0","WAYNE","0","Under Votes","360","12TH CONGRESS","GROVER","0","12","REPUBLICAN","39"
"96","0","WAYNE","660","MIKE BOST","360","12TH CONGRESS","GROVER","0","12","REPUBLICAN","151"
"96","0","WAYNE","0","Over Votes","360","12TH CONGRESS","BEDFORD","0","12","REPUBLICAN","0"
"96","0","WAYNE","0","Under Votes","360","12TH CONGRESS","BEDFORD","0","12","REPUBLICAN","19"
"96","0","WAYNE","660","MIKE BOST","360","12TH CONGRESS","BEDFORD","0","12","REPUBLICAN","254"
"96","0","WAYNE","0","Over Votes","360","12TH CONGRESS","HICKORY HILL","0","12","REPUBLICAN","0"
"96","0","WAYNE","0","Under Votes","360","12TH CONGRESS","HICKORY HILL","0","12","REPUBLICAN","28"
"96","0","WAYNE","660","MIKE BOST","360","12TH CONGRESS","HICKORY HILL","0","12","REPUBLICAN","100"
"96","0","WAYNE","0","Over Votes","360","12TH CONGRESS","INDIAN PRAIRIE","0","12","REPUBLICAN","0"
"96","0","WAYNE","0","Under Votes","360","12TH CONGRESS","INDIAN PRAIRIE","0","12","REPUBLICAN","27"
"96","0","WAYNE","660","MIKE BOST","360","12TH CONGRESS","INDIAN PRAIRIE","0","12","REPUBLICAN","163"
"96","0","WAYNE","0","Over Votes","360","12TH CONGRESS","JASPER 1","0","12","REPUBLICAN","0"
"96","0","WAYNE","0","Under Votes","360","12TH CONGRESS","JASPER 1","0","12","REPUBLICAN","60"
"96","0","WAYNE","660","MIKE BOST","360","12TH CONGRESS","JASPER 1","0","12","REPUBLICAN","220"
"96","0","WAYNE","0","Over Votes","360","12TH CONGRESS","JASPER 2","0","12","REPUBLICAN","0"
"96","0","WAYNE","0","Under Votes","360","12TH CONGRESS","JASPER 2","0","12","REPUBLICAN","32"
"96","0","WAYNE","660","MIKE BOST","360","12TH CONGRESS","JASPER 2","0","12","REPUBLICAN","109"
"96","0","WAYNE","0","Over Votes","360","12TH CONGRESS","ORCHARD","0","12","REPUBLICAN","0"
"96","0","WAYNE","0","Under Votes","360","12TH CONGRESS","ORCHARD","0","12","REPUBLICAN","14"
"96","0","WAYNE","660","MIKE BOST","360","12TH CONGRESS","ORCHARD","0","12","REPUBLICAN","113"
"96","0","WAYNE","0","Over Votes","360","12TH CONGRESS","OREL","0","12","REPUBLICAN","0"
"96","0","WAYNE","0","Under Votes","360","12TH CONGRESS","OREL","0","12","REPUBLICAN","48"
"96","0","WAYNE","660","MIKE BOST","360","12TH CONGRESS","OREL","0","12","REPUBLICAN","288"
"96","0","WAYNE","0","Over Votes","360","12TH CONGRESS","ZIF","0","12","REPUBLICAN","0"
"96","0","WAYNE","0","Under Votes","360","12TH CONGRESS","ZIF","0","12","REPUBLICAN","3"
"96","0","WAYNE","660","MIKE BOST","360","12TH CONGRESS","ZIF","0","12","REPUBLICAN","24"
"96","0","WAYNE","0","Over Votes","360","12TH CONGRESS","ARRINGTON","0","12","REPUBLICAN","0"
"96","0","WAYNE","0","Under Votes","360","12TH CONGRESS","ARRINGTON","0","12","REPUBLICAN","13"
"96","0","WAYNE","660","MIKE BOST","360","12TH CONGRESS","ARRINGTON","0","12","REPUBLICAN","75"
"96","0","WAYNE","0","Over Votes","360","12TH CONGRESS","BARNHILL","0","12","REPUBLICAN","0"
"96","0","WAYNE","0","Under Votes","360","12TH CONGRESS","BARNHILL","0","12","REPUBLICAN","41"
"96","0","WAYNE","660","MIKE BOST","360","12TH CONGRESS","BARNHILL","0","12","REPUBLICAN","118"
"14","0","CLINTON","670","JOSHUA QUALLS","360","12TH CONGRESS","WHEATFIELD","342","11","DEMOCRATIC","1"
"14","0","CLINTON","0","Under Votes","360","12TH CONGRESS","WHEATFIELD","342","11","DEMOCRATIC","0"
"14","0","CLINTON","665","HOMER ""CHIP"" MARKEL","360","12TH CONGRESS","WHEATFIELD","342","11","DEMOCRATIC","3"
"14","0","CLINTON","0","Over Votes","360","12TH CONGRESS","WHEATFIELD","342","11","DEMOCRATIC","0"
"14","0","CLINTON","0","Under Votes","360","12TH CONGRESS","IRISHTOWN","787","11","DEMOCRATIC","1"
"14","0","CLINTON","665","HOMER ""CHIP"" MARKEL","360","12TH CONGRESS","IRISHTOWN","787","11","DEMOCRATIC","15"
"14","0","CLINTON","0","Over Votes","360","12TH CONGRESS","IRISHTOWN","787","11","DEMOCRATIC","0"
"14","0","CLINTON","670","JOSHUA QUALLS","360","12TH CONGRESS","IRISHTOWN","787","11","DEMOCRATIC","11"
"14","0","CLINTON","0","Under Votes","360","12TH CONGRESS","EAST FORK","285","11","DEMOCRATIC","1"
"14","0","CLINTON","665","HOMER ""CHIP"" MARKEL","360","12TH CONGRESS","EAST FORK","285","11","DEMOCRATIC","8"
"14","0","CLINTON","0","Over Votes","360","12TH CONGRESS","EAST FORK","285","11","DEMOCRATIC","0"
"14","0","CLINTON","670","JOSHUA QUALLS","360","12TH CONGRESS","EAST FORK","285","11","DEMOCRATIC","5"
"14","0","CLINTON","0","Under Votes","360","12TH CONGRESS","SUGAR CREEK 1","1039","11","DEMOCRATIC","2"
"14","0","CLINTON","665","HOMER ""CHIP"" MARKEL","360","12TH CONGRESS","SUGAR CREEK 1","1039","11","DEMOCRATIC","6"
"14","0","CLINTON","0","Over Votes","360","12TH CONGRESS","SUGAR CREEK 1","1039","11","DEMOCRATIC","0"
"14","0","CLINTON","670","JOSHUA QUALLS","360","12TH CONGRESS","SUGAR CREEK 1","1039","11","DEMOCRATIC","6"
"14","0","CLINTON","670","JOSHUA QUALLS","360","12TH CONGRESS","MERIDIAN","394","11","DEMOCRATIC","6"
"14","0","CLINTON","0","Under Votes","360","12TH CONGRESS","MERIDIAN","394","11","DEMOCRATIC","0"
"14","0","CLINTON","665","HOMER ""CHIP"" MARKEL","360","12TH CONGRESS","MERIDIAN","394","11","DEMOCRATIC","3"
"14","0","CLINTON","0","Over Votes","360","12TH CONGRESS","MERIDIAN","394","11","DEMOCRATIC","0"
"14","0","CLINTON","0","Under Votes","360","12TH CONGRESS","LOOKINGGLASS 1","1046","11","DEMOCRATIC","1"
"14","0","CLINTON","665","HOMER ""CHIP"" MARKEL","360","12TH CONGRESS","LOOKINGGLASS 1","1046","11","DEMOCRATIC","9"
"14","0","CLINTON","0","Over Votes","360","12TH CONGRESS","LOOKINGGLASS 1","1046","11","DEMOCRATIC","0"
"14","0","CLINTON","670","JOSHUA QUALLS","360","12TH CONGRESS","LOOKINGGLASS 1","1046","11","DEMOCRATIC","18"
"14","0","CLINTON","0","Under Votes","360","12TH CONGRESS","LOOKINGGLASS 2","476","11","DEMOCRATIC","0"
"14","0","CLINTON","0","Under Votes","360","12TH CONGRESS","SUGAR CREEK 2","1163","11","DEMOCRATIC","1"
"14","0","CLINTON","665","HOMER ""CHIP"" MARKEL","360","12TH CONGRESS","SUGAR CREEK 2","1163","11","DEMOCRATIC","22"
"14","0","CLINTON","0","Over Votes","360","12TH CONGRESS","SUGAR CREEK 2","1163","11","DEMOCRATIC","0"
"14","0","CLINTON","670","JOSHUA QUALLS","360","12TH CONGRESS","SUGAR CREEK 2","1163","11","DEMOCRATIC","20"
"14","0","CLINTON","670","JOSHUA QUALLS","360","12TH CONGRESS","SUGAR CREEK 3","817","11","DEMOCRATIC","10"
"14","0","CLINTON","0","Under Votes","360","12TH CONGRESS","SUGAR CREEK 3","817","11","DEMOCRATIC","0"
"14","0","CLINTON","665","HOMER ""CHIP"" MARKEL","360","12TH CONGRESS","SUGAR CREEK 3","817","11","DEMOCRATIC","14"
"14","0","CLINTON","0","Over Votes","360","12TH CONGRESS","SUGAR CREEK 3","817","11","DEMOCRATIC","0"
"14","0","CLINTON","670","JOSHUA QUALLS","360","12TH CONGRESS","SUGAR CREEK 4","887","11","DEMOCRATIC","16"
"14","0","CLINTON","0","Under Votes","360","12TH CONGRESS","SUGAR CREEK 4","887","11","DEMOCRATIC","1"
"14","0","CLINTON","665","HOMER ""CHIP"" MARKEL","360","12TH CONGRESS","SUGAR CREEK 4","887","11","DEMOCRATIC","4"
"14","0","CLINTON","0","Over Votes","360","12TH CONGRESS","SUGAR CREEK 4","887","11","DEMOCRATIC","0"
"14","0","CLINTON","0","Under Votes","360","12TH CONGRESS","SUGAR CREEK 5","968","11","DEMOCRATIC","1"
"14","0","CLINTON","665","HOMER ""CHIP"" MARKEL","360","12TH CONGRESS","SUGAR CREEK 5","968","11","DEMOCRATIC","8"
"14","0","CLINTON","0","Over Votes","360","12TH CONGRESS","SUGAR CREEK 5","968","11","DEMOCRATIC","0"
"14","0","CLINTON","670","JOSHUA QUALLS","360","12TH CONGRESS","SUGAR CREEK 5","968","11","DEMOCRATIC","6"
"79","0","RANDOLPH","665","HOMER ""CHIP"" MARKEL","360","12TH CONGRESS","ELLIS GROVE","716","11","DEMOCRATIC","16"
"79","0","RANDOLPH","670","JOSHUA QUALLS","360","12TH CONGRESS","ELLIS GROVE","716","11","DEMOCRATIC","2"
"79","0","RANDOLPH","665","HOMER ""CHIP"" MARKEL","360","12TH CONGRESS","RED BUD 4","703","11","DEMOCRATIC","7"
"79","0","RANDOLPH","670","JOSHUA QUALLS","360","12TH CONGRESS","RED BUD 4","703","11","DEMOCRATIC","8"
"79","0","RANDOLPH","665","HOMER ""CHIP"" MARKEL","360","12TH CONGRESS","SPARTA 1","593","11","DEMOCRATIC","10"
"79","0","RANDOLPH","670","JOSHUA QUALLS","360","12TH CONGRESS","SPARTA 1","593","11","DEMOCRATIC","10"
"79","0","RANDOLPH","665","HOMER ""CHIP"" MARKEL","360","12TH CONGRESS","CHESTER 6","611","11","DEMOCRATIC","11"
"79","0","RANDOLPH","670","JOSHUA QUALLS","360","12TH CONGRESS","CHESTER 6","611","11","DEMOCRATIC","4"
"79","0","RANDOLPH","665","HOMER ""CHIP"" MARKEL","360","12TH CONGRESS","PALESTINE","454","11","DEMOCRATIC","21"
"79","0","RANDOLPH","670","JOSHUA QUALLS","360","12TH CONGRESS","PALESTINE","454","11","DEMOCRATIC","5"
"79","0","RANDOLPH","665","HOMER ""CHIP"" MARKEL","360","12TH CONGRESS","RED BUD 5","643","11","DEMOCRATIC","13"
"79","0","RANDOLPH","670","JOSHUA QUALLS","360","12TH CONGRESS","RED BUD 5","643","11","DEMOCRATIC","7"
"79","0","RANDOLPH","665","HOMER ""CHIP"" MARKEL","360","12TH CONGRESS","SPARTA 2","520","11","DEMOCRATIC","13"
"79","0","RANDOLPH","670","JOSHUA QUALLS","360","12TH CONGRESS","SPARTA 2","520","11","DEMOCRATIC","8"
"79","0","RANDOLPH","665","HOMER ""CHIP"" MARKEL","360","12TH CONGRESS","STEELEVILLE 1","529","11","DEMOCRATIC","13"
"79","0","RANDOLPH","670","JOSHUA QUALLS","360","12TH CONGRESS","STEELEVILLE 1","529","11","DEMOCRATIC","3"
"79","0","RANDOLPH","670","JOSHUA QUALLS","360","12TH CONGRESS","CHESTER 2","335","11","DEMOCRATIC","3"
"79","0","RANDOLPH","665","HOMER ""CHIP"" MARKEL","360","12TH CONGRESS","CHESTER 2","335","11","DEMOCRATIC","7"
"79","0","RANDOLPH","665","HOMER ""CHIP"" MARKEL","360","12TH CONGRESS","COULTERVILLE 1","373","11","DEMOCRATIC","12"
"79","0","RANDOLPH","670","JOSHUA QUALLS","360","12TH CONGRESS","COULTERVILLE 1","373","11","DEMOCRATIC","3"
"79","0","RANDOLPH","670","JOSHUA QUALLS","360","12TH CONGRESS","RED BUD 1","620","11","DEMOCRATIC","5"
"79","0","RANDOLPH","665","HOMER ""CHIP"" MARKEL","360","12TH CONGRESS","RED BUD 1","620","11","DEMOCRATIC","12"
"79","0","RANDOLPH","670","JOSHUA QUALLS","360","12TH CONGRESS","CENTRAL","336","11","DEMOCRATIC","3"
"79","0","RANDOLPH","665","HOMER ""CHIP"" MARKEL","360","12TH CONGRESS","CENTRAL","336","11","DEMOCRATIC","9"
"79","0","RANDOLPH","670","JOSHUA QUALLS","360","12TH CONGRESS","CHESTER 7","503","11","DEMOCRATIC","3"
"79","0","RANDOLPH","665","HOMER ""CHIP"" MARKEL","360","12TH CONGRESS","CHESTER 7","503","11","DEMOCRATIC","8"
"79","0","RANDOLPH","670","JOSHUA QUALLS","360","12TH CONGRESS","PERCY","623","11","DEMOCRATIC","6"
"79","0","RANDOLPH","665","HOMER ""CHIP"" MARKEL","360","12TH CONGRESS","PERCY","623","11","DEMOCRATIC","27"
"79","0","RANDOLPH","670","JOSHUA QUALLS","360","12TH CONGRESS","SPARTA 5","550","11","DEMOCRATIC","7"
"79","0","RANDOLPH","665","HOMER ""CHIP"" MARKEL","360","12TH CONGRESS","SPARTA 5","550","11","DEMOCRATIC","11"
"79","0","RANDOLPH","670","JOSHUA QUALLS","360","12TH CONGRESS","WINE HILL","328","11","DEMOCRATIC","4"
"79","0","RANDOLPH","665","HOMER ""CHIP"" MARKEL","360","12TH CONGRESS","WINE HILL","328","11","DEMOCRATIC","18"
"79","0","RANDOLPH","665","HOMER ""CHIP"" MARKEL","360","12TH CONGRESS","BALDWIN","631","11","DEMOCRATIC","14"
"79","0","RANDOLPH","670","JOSHUA QUALLS","360","12TH CONGRESS","BALDWIN","631","11","DEMOCRATIC","4"
"79","0","RANDOLPH","665","HOMER ""CHIP"" MARKEL","360","12TH CONGRESS","CHESTER 5","338","11","DEMOCRATIC","1"
"79","0","RANDOLPH","670","JOSHUA QUALLS","360","12TH CONGRESS","CHESTER 5","338","11","DEMOCRATIC","5"
"79","0","RANDOLPH","665","HOMER ""CHIP"" MARKEL","360","12TH CONGRESS","KASKASKIA","34","11","DEMOCRATIC","4"
"79","0","RANDOLPH","670","JOSHUA QUALLS","360","12TH CONGRESS","KASKASKIA","34","11","DEMOCRATIC","2"
"79","0","RANDOLPH","665","HOMER ""CHIP"" MARKEL","360","12TH CONGRESS","SPARTA 3","651","11","DEMOCRATIC","27"
"79","0","RANDOLPH","670","JOSHUA QUALLS","360","12TH CONGRESS","SPARTA 3","651","11","DEMOCRATIC","14"
"67","0","MONROE","0","Over Votes","360","12TH CONGRESS","PRECINCT 10","641","11","DEMOCRATIC","0"
"67","0","MONROE","0","Under Votes","360","12TH CONGRESS","PRECINCT 10","641","11","DEMOCRATIC","2"
"67","0","MONROE","665","HOMER ""CHIP"" MARKEL","360","12TH CONGRESS","PRECINCT 10","641","11","DEMOCRATIC","17"
"67","0","MONROE","670","JOSHUA QUALLS","360","12TH CONGRESS","PRECINCT 10","641","11","DEMOCRATIC","12"
"67","0","MONROE","0","Over Votes","360","12TH CONGRESS","PRECINCT 23","1397","11","DEMOCRATIC","0"
"67","0","MONROE","0","Under Votes","360","12TH CONGRESS","PRECINCT 23","1397","11","DEMOCRATIC","3"
"67","0","MONROE","665","HOMER ""CHIP"" MARKEL","360","12TH CONGRESS","PRECINCT 23","1397","11","DEMOCRATIC","24"
"67","0","MONROE","670","JOSHUA QUALLS","360","12TH CONGRESS","PRECINCT 23","1397","11","DEMOCRATIC","19"
"67","0","MONROE","0","Over Votes","360","12TH CONGRESS","PRECINCT 9","1537","11","DEMOCRATIC","0"
"67","0","MONROE","0","Under Votes","360","12TH CONGRESS","PRECINCT 9","1537","11","DEMOCRATIC","4"
"67","0","MONROE","665","HOMER ""CHIP"" MARKEL","360","12TH CONGRESS","PRECINCT 9","1537","11","DEMOCRATIC","29"
"67","0","MONROE","670","JOSHUA QUALLS","360","12TH CONGRESS","PRECINCT 9","1537","11","DEMOCRATIC","25"
"67","0","MONROE","0","Over Votes","360","12TH CONGRESS","PRECINCT 12","1047","11","DEMOCRATIC","0"
"67","0","MONROE","0","Under Votes","360","12TH CONGRESS","PRECINCT 12","1047","11","DEMOCRATIC","5"
"67","0","MONROE","665","HOMER ""CHIP"" MARKEL","360","12TH CONGRESS","PRECINCT 12","1047","11","DEMOCRATIC","32"
"67","0","MONROE","670","JOSHUA QUALLS","360","12TH CONGRESS","PRECINCT 12","1047","11","DEMOCRATIC","24"
"67","0","MONROE","0","Over Votes","360","12TH CONGRESS","PRECINCT 25","1064","11","DEMOCRATIC","0"
"67","0","MONROE","0","Under Votes","360","12TH CONGRESS","PRECINCT 25","1064","11","DEMOCRATIC","1"
"67","0","MONROE","665","HOMER ""CHIP"" MARKEL","360","12TH CONGRESS","PRECINCT 25","1064","11","DEMOCRATIC","8"
"67","0","MONROE","670","JOSHUA QUALLS","360","12TH CONGRESS","PRECINCT 25","1064","11","DEMOCRATIC","10"
"67","0","MONROE","0","Over Votes","360","12TH CONGRESS","PRECINCT 13","931","11","DEMOCRATIC","0"
"67","0","MONROE","0","Under Votes","360","12TH CONGRESS","PRECINCT 13","931","11","DEMOCRATIC","3"
"67","0","MONROE","665","HOMER ""CHIP"" MARKEL","360","12TH CONGRESS","PRECINCT 13","931","11","DEMOCRATIC","8"
"67","0","MONROE","670","JOSHUA QUALLS","360","12TH CONGRESS","PRECINCT 13","931","11","DEMOCRATIC","21"
"67","0","MONROE","0","Over Votes","360","12TH CONGRESS","PRECINCT 16","859","11","DEMOCRATIC","0"
"67","0","MONROE","0","Under Votes","360","12TH CONGRESS","PRECINCT 16","859","11","DEMOCRATIC","2"
"67","0","MONROE","665","HOMER ""CHIP"" MARKEL","360","12TH CONGRESS","PRECINCT 16","859","11","DEMOCRATIC","13"
"67","0","MONROE","670","JOSHUA QUALLS","360","12TH CONGRESS","PRECINCT 16","859","11","DEMOCRATIC","14"
"44","0","JOHNSON","660","MIKE BOST","360","12TH CONGRESS","LAKE 1 - 001","684","12","","110"
"44","0","JOHNSON","0","Over Votes","360","12TH CONGRESS","LAKE 1 - 001","684","12","","0"
"44","0","JOHNSON","0","Under Votes","360","12TH CONGRESS","LAKE 1 - 001","684","12","","11"
"44","0","JOHNSON","660","MIKE BOST","360","12TH CONGRESS","SIMPSON - 001","479","12","","131"
"44","0","JOHNSON","0","Over Votes","360","12TH CONGRESS","SIMPSON - 001","479","12","","0"
"44","0","JOHNSON","0","Under Votes","360","12TH CONGRESS","SIMPSON - 001","479","12","","13"
"44","0","JOHNSON","660","MIKE BOST","360","12TH CONGRESS","VIENNA 2 - 001","702","12","","191"
"44","0","JOHNSON","0","Over Votes","360","12TH CONGRESS","VIENNA 2 - 001","702","12","","0"
"44","0","JOHNSON","0","Under Votes","360","12TH CONGRESS","VIENNA 2 - 001","702","12","","23"
"44","0","JOHNSON","660","MIKE BOST","360","12TH CONGRESS","BLOOMFIELD - F12","0","12","","0"
"44","0","JOHNSON","0","Over Votes","360","12TH CONGRESS","BLOOMFIELD - F12","0","12","","0"
"44","0","JOHNSON","0","Under Votes","360","12TH CONGRESS","BLOOMFIELD - F12","0","12","","0"
"44","0","JOHNSON","660","MIKE BOST","360","12TH CONGRESS","CACHE - 002","0","12","","0"
"44","0","JOHNSON","0","Over Votes","360","12TH CONGRESS","CACHE - 002","0","12","","0"
"44","0","JOHNSON","0","Under Votes","360","12TH CONGRESS","CACHE - 002","0","12","","0"
"25","0","EFFINGHAM","670","JOSHUA QUALLS","360","12TH CONGRESS","SUMMIT 3","0","11","DEMOCRATIC","7"
"25","0","EFFINGHAM","0","Over Votes","360","12TH CONGRESS","SUMMIT 3","0","11","DEMOCRATIC","0"
"25","0","EFFINGHAM","0","Under Votes","360","12TH CONGRESS","DOUGLAS 6","0","11","DEMOCRATIC","1"
"25","0","EFFINGHAM","665","HOMER ""CHIP"" MARKEL","360","12TH CONGRESS","DOUGLAS 6","0","11","DEMOCRATIC","9"
"25","0","EFFINGHAM","670","JOSHUA QUALLS","360","12TH CONGRESS","DOUGLAS 6","0","11","DEMOCRATIC","8"
"25","0","EFFINGHAM","0","Over Votes","360","12TH CONGRESS","DOUGLAS 6","0","11","DEMOCRATIC","0"
"25","0","EFFINGHAM","0","Under Votes","360","12TH CONGRESS","DOUGLAS 9","0","11","DEMOCRATIC","0"
"25","0","EFFINGHAM","665","HOMER ""CHIP"" MARKEL","360","12TH CONGRESS","DOUGLAS 9","0","11","DEMOCRATIC","3"
"25","0","EFFINGHAM","670","JOSHUA QUALLS","360","12TH CONGRESS","DOUGLAS 9","0","11","DEMOCRATIC","1"
"25","0","EFFINGHAM","0","Over Votes","360","12TH CONGRESS","DOUGLAS 9","0","11","DEMOCRATIC","0"
"25","0","EFFINGHAM","0","Under Votes","360","12TH CONGRESS","MASON","0","11","DEMOCRATIC","2"
"25","0","EFFINGHAM","665","HOMER ""CHIP"" MARKEL","360","12TH CONGRESS","MASON","0","11","DEMOCRATIC","9"
"25","0","EFFINGHAM","670","JOSHUA QUALLS","360","12TH CONGRESS","MASON","0","11","DEMOCRATIC","6"
"25","0","EFFINGHAM","0","Over Votes","360","12TH CONGRESS","MASON","0","11","DEMOCRATIC","0"
"25","0","EFFINGHAM","0","Under Votes","360","12TH CONGRESS","SUMMIT 2","0","11","DEMOCRATIC","0"
"25","0","EFFINGHAM","665","HOMER ""CHIP"" MARKEL","360","12TH CONGRESS","SUMMIT 2","0","11","DEMOCRATIC","8"
"25","0","EFFINGHAM","670","JOSHUA QUALLS","360","12TH CONGRESS","SUMMIT 2","0","11","DEMOCRATIC","9"
"25","0","EFFINGHAM","0","Over Votes","360","12TH CONGRESS","SUMMIT 2","0","11","DEMOCRATIC","0"
"25","0","EFFINGHAM","0","Under Votes","360","12TH CONGRESS","DOUGLAS 2","0","11","DEMOCRATIC","1"
"25","0","EFFINGHAM","665","HOMER ""CHIP"" MARKEL","360","12TH CONGRESS","DOUGLAS 2","0","11","DEMOCRATIC","10"
"25","0","EFFINGHAM","670","JOSHUA QUALLS","360","12TH CONGRESS","DOUGLAS 2","0","11","DEMOCRATIC","8"
"25","0","EFFINGHAM","0","Over Votes","360","12TH CONGRESS","DOUGLAS 2","0","11","DEMOCRATIC","0"
"25","0","EFFINGHAM","0","Under Votes","360","12TH CONGRESS","DOUGLAS 5","0","11","DEMOCRATIC","1"
"25","0","EFFINGHAM","665","HOMER ""CHIP"" MARKEL","360","12TH CONGRESS","DOUGLAS 5","0","11","DEMOCRATIC","3"
"25","0","EFFINGHAM","670","JOSHUA QUALLS","360","12TH CONGRESS","DOUGLAS 5","0","11","DEMOCRATIC","8"
"25","0","EFFINGHAM","0","Over Votes","360","12TH CONGRESS","DOUGLAS 5","0","11","DEMOCRATIC","0"
"25","0","EFFINGHAM","0","Under Votes","360","12TH CONGRESS","LUCAS","0","11","DEMOCRATIC","2"
"25","0","EFFINGHAM","665","HOMER ""CHIP"" MARKEL","360","12TH CONGRESS","LUCAS","0","11","DEMOCRATIC","3"
"25","0","EFFINGHAM","670","JOSHUA QUALLS","360","12TH CONGRESS","LUCAS","0","11","DEMOCRATIC","2"
"25","0","EFFINGHAM","0","Over Votes","360","12TH CONGRESS","LUCAS","0","11","DEMOCRATIC","0"
"25","0","EFFINGHAM","0","Under Votes","360","12TH CONGRESS","SUMMIT 1","0","11","DEMOCRATIC","2"
"25","0","EFFINGHAM","665","HOMER ""CHIP"" MARKEL","360","12TH CONGRESS","SUMMIT 1","0","11","DEMOCRATIC","9"
"25","0","EFFINGHAM","670","JOSHUA QUALLS","360","12TH CONGRESS","SUMMIT 1","0","11","DEMOCRATIC","8"
"25","0","EFFINGHAM","0","Over Votes","360","12TH CONGRESS","SUMMIT 1","0","11","DEMOCRATIC","0"
"25","0","EFFINGHAM","0","Under Votes","360","12TH CONGRESS","SUMMIT 4","0","11","DEMOCRATIC","2"
"25","0","EFFINGHAM","665","HOMER ""CHIP"" MARKEL","360","12TH CONGRESS","SUMMIT 4","0","11","DEMOCRATIC","9"
"25","0","EFFINGHAM","670","JOSHUA QUALLS","360","12TH CONGRESS","SUMMIT 4","0","11","DEMOCRATIC","6"
"25","0","EFFINGHAM","0","Over Votes","360","12TH CONGRESS","SUMMIT 4","0","11","DEMOCRATIC","0"
"25","0","EFFINGHAM","0","Under Votes","360","12TH CONGRESS","DOUGLAS 4","0","11","DEMOCRATIC","0"
"25","0","EFFINGHAM","665","HOMER ""CHIP"" MARKEL","360","12TH CONGRESS","DOUGLAS 4","0","11","DEMOCRATIC","6"
"25","0","EFFINGHAM","670","JOSHUA QUALLS","360","12TH CONGRESS","DOUGLAS 4","0","11","DEMOCRATIC","10"
"25","0","EFFINGHAM","0","Over Votes","360","12TH CONGRESS","DOUGLAS 4","0","11","DEMOCRATIC","0"
"44","0","JOHNSON","0","Over Votes","360","12TH CONGRESS","OZARK - F12","0","11","","0"
"44","0","JOHNSON","670","JOSHUA QUALLS","360","12TH CONGRESS","OZARK - F12","0","11","","0"
"44","0","JOHNSON","665","HOMER ""CHIP"" MARKEL","360","12TH CONGRESS","OZARK - F12","0","11","","0"
"44","0","JOHNSON","0","Under Votes","360","12TH CONGRESS","VIENNA 1 - F12","0","11","","0"
"44","0","JOHNSON","0","Over Votes","360","12TH CONGRESS","VIENNA 1 - F12","0","11","","0"
"44","0","JOHNSON","670","JOSHUA QUALLS","360","12TH CONGRESS","VIENNA 1 - F12","0","11","","0"
"44","0","JOHNSON","665","HOMER ""CHIP"" MARKEL","360","12TH CONGRESS","VIENNA 1 - F12","0","11","","0"
"44","0","JOHNSON","0","Over Votes","360","12TH CONGRESS","BELKNAP - F12","0","11","","0"
"44","0","JOHNSON","670","JOSHUA QUALLS","360","12TH CONGRESS","BELKNAP - F12","0","11","","0"
"44","0","JOHNSON","665","HOMER ""CHIP"" MARKEL","360","12TH CONGRESS","BELKNAP - F12","0","11","","0"
"44","0","JOHNSON","0","Under Votes","360","12TH CONGRESS","BELKNAP - F12","0","11","","0"
"44","0","JOHNSON","0","Over Votes","360","12TH CONGRESS","CACHE - F12","0","11","","0"
"44","0","JOHNSON","665","HOMER ""CHIP"" MARKEL","360","12TH CONGRESS","CACHE - F12","0","11","","0"
"44","0","JOHNSON","670","JOSHUA QUALLS","360","12TH CONGRESS","CACHE - F12","0","11","","0"
"44","0","JOHNSON","0","Under Votes","360","12TH CONGRESS","CACHE - F12","0","11","","0"
"44","0","JOHNSON","0","Over Votes","360","12TH CONGRESS","GOREVILLE 2 - F12","0","11","","0"
"44","0","JOHNSON","670","JOSHUA QUALLS","360","12TH CONGRESS","GOREVILLE 2 - F12","0","11","","0"
"44","0","JOHNSON","665","HOMER ""CHIP"" MARKEL","360","12TH CONGRESS","GOREVILLE 2 - F12","0","11","","0"
"44","0","JOHNSON","0","Under Votes","360","12TH CONGRESS","GOREVILLE 2 - F12","0","11","","0"
"44","0","JOHNSON","0","Over Votes","360","12TH CONGRESS","LAKE 2 - F12","0","11","","0"
"44","0","JOHNSON","665","HOMER ""CHIP"" MARKEL","360","12TH CONGRESS","LAKE 2 - F12","0","11","","0"
"44","0","JOHNSON","670","JOSHUA QUALLS","360","12TH CONGRESS","LAKE 2 - F12","0","11","","0"
"44","0","JOHNSON","0","Under Votes","360","12TH CONGRESS","LAKE 2 - F12","0","11","","0"
"44","0","JOHNSON","0","Under Votes","360","12TH CONGRESS","CACHE - 002","0","11","","0"
"44","0","JOHNSON","0","Over Votes","360","12TH CONGRESS","CACHE - 002","0","11","","0"
"44","0","JOHNSON","670","JOSHUA QUALLS","360","12TH CONGRESS","CACHE - 002","0","11","","0"
"44","0","JOHNSON","665","HOMER ""CHIP"" MARKEL","360","12TH CONGRESS","CACHE - 002","0","11","","0"
"44","0","JOHNSON","0","Under Votes","360","12TH CONGRESS","GOREVILLE 2 - 001","375","11","","2"
"44","0","JOHNSON","0","Over Votes","360","12TH CONGRESS","GOREVILLE 2 - 001","375","11","","0"
"44","0","JOHNSON","670","JOSHUA QUALLS","360","12TH CONGRESS","GOREVILLE 2 - 001","375","11","","5"
"44","0","JOHNSON","665","HOMER ""CHIP"" MARKEL","360","12TH CONGRESS","GOREVILLE 2 - 001","375","11","","4"
"44","0","JOHNSON","0","Over Votes","360","12TH CONGRESS","LAKE 2 - 001","309","11","","0"
"44","0","JOHNSON","670","JOSHUA QUALLS","360","12TH CONGRESS","LAKE 2 - 001","309","11","","8"
"44","0","JOHNSON","665","HOMER ""CHIP"" MARKEL","360","12TH CONGRESS","LAKE 2 - 001","309","11","","7"
"44","0","JOHNSON","0","Under Votes","360","12TH CONGRESS","LAKE 2 - 001","309","11","","3"
"39","0","JACKSON","0","Blank Ballots","360","12TH CONGRESS","CARBONDALE 02","625","11","DEMOCRATIC","1"
"39","0","JACKSON","0","Under Votes","360","12TH CONGRESS","CARBONDALE 02","625","11","DEMOCRATIC","0"
"39","0","JACKSON","665","HOMER ""CHIP"" MARKEL","360","12TH CONGRESS","CARBONDALE 02","625","11","DEMOCRATIC","16"
"39","0","JACKSON","0","Over Votes","360","12TH CONGRESS","CARBONDALE 02","625","11","DEMOCRATIC","0"
"39","0","JACKSON","670","JOSHUA QUALLS","360","12TH CONGRESS","CARBONDALE 02","625","11","DEMOCRATIC","19"
"39","0","JACKSON","0","Blank Ballots","360","12TH CONGRESS","CARBONDALE 12","672","11","DEMOCRATIC","9"
"39","0","JACKSON","0","Under Votes","360","12TH CONGRESS","CARBONDALE 12","672","11","DEMOCRATIC","0"
"39","0","JACKSON","665","HOMER ""CHIP"" MARKEL","360","12TH CONGRESS","CARBONDALE 12","672","11","DEMOCRATIC","64"
"39","0","JACKSON","0","Over Votes","360","12TH CONGRESS","CARBONDALE 12","672","11","DEMOCRATIC","0"
"39","0","JACKSON","0","Blank Ballots","360","12TH CONGRESS","CARBONDALE 18","842","12","REPUBLICAN","1"
"39","0","JACKSON","0","Over Votes","360","12TH CONGRESS","CARBONDALE 18","842","12","REPUBLICAN","0"
"39","0","JACKSON","0","Under Votes","360","12TH CONGRESS","CARBONDALE 18","842","12","REPUBLICAN","0"
"39","0","JACKSON","660","MIKE BOST","360","12TH CONGRESS","CARBONDALE 18","842","12","REPUBLICAN","28"
"39","0","JACKSON","0","Blank Ballots","360","12TH CONGRESS","CARBONDALE 20","449","12","REPUBLICAN","1"
"39","0","JACKSON","0","Over Votes","360","12TH CONGRESS","CARBONDALE 20","449","12","REPUBLICAN","0"
"39","0","JACKSON","0","Under Votes","360","12TH CONGRESS","CARBONDALE 20","449","12","REPUBLICAN","0"
"39","0","JACKSON","660","MIKE BOST","360","12TH CONGRESS","CARBONDALE 20","449","12","REPUBLICAN","26"
"39","0","JACKSON","0","Blank Ballots","360","12TH CONGRESS","DESOTO 2","631","12","REPUBLICAN","2"
"39","0","JACKSON","0","Over Votes","360","12TH CONGRESS","DESOTO 2","631","12","REPUBLICAN","0"
"39","0","JACKSON","0","Under Votes","360","12TH CONGRESS","DESOTO 2","631","12","REPUBLICAN","0"
"39","0","JACKSON","660","MIKE BOST","360","12TH CONGRESS","DESOTO 2","631","12","REPUBLICAN","88"
"39","0","JACKSON","0","Blank Ballots","360","12TH CONGRESS","MAKANDA 3","750","12","REPUBLICAN","7"
"39","0","JACKSON","0","Over Votes","360","12TH CONGRESS","MAKANDA 3","750","12","REPUBLICAN","0"
"39","0","JACKSON","0","Under Votes","360","12TH CONGRESS","MAKANDA 3","750","12","REPUBLICAN","0"
"39","0","JACKSON","660","MIKE BOST","360","12TH CONGRESS","MAKANDA 3","750","12","REPUBLICAN","78"
"39","0","JACKSON","0","Blank Ballots","360","12TH CONGRESS","MURPHYSBORO 08","608","12","REPUBLICAN","8"
"39","0","JACKSON","0","Over Votes","360","12TH CONGRESS","MURPHYSBORO 08","608","12","REPUBLICAN","0"
"39","0","JACKSON","0","Under Votes","360","12TH CONGRESS","MURPHYSBORO 08","608","12","REPUBLICAN","0"
"39","0","JACKSON","660","MIKE BOST","360","12TH CONGRESS","MURPHYSBORO 08","608","12","REPUBLICAN","75"
"39","0","JACKSON","0","Blank Ballots","360","12TH CONGRESS","SOMERSET 3","749","12","REPUBLICAN","5"
"39","0","JACKSON","0","Over Votes","360","12TH CONGRESS","SOMERSET 3","749","12","REPUBLICAN","0"
"39","0","JACKSON","0","Under Votes","360","12TH CONGRESS","SOMERSET 3","749","12","REPUBLICAN","0"
"39","0","JACKSON","660","MIKE BOST","360","12TH CONGRESS","SOMERSET 3","749","12","REPUBLICAN","74"
"39","0","JACKSON","0","Blank Ballots","360","12TH CONGRESS","CARBONDALE 05","463","12","REPUBLICAN","1"
"39","0","JACKSON","0","Over Votes","360","12TH CONGRESS","CARBONDALE 05","463","12","REPUBLICAN","0"
"39","0","JACKSON","0","Under Votes","360","12TH CONGRESS","CARBONDALE 05","463","12","REPUBLICAN","0"
"39","0","JACKSON","660","MIKE BOST","360","12TH CONGRESS","CARBONDALE 05","463","12","REPUBLICAN","1"
"39","0","JACKSON","0","Blank Ballots","360","12TH CONGRESS","CARBONDALE 14","664","12","REPUBLICAN","11"
"39","0","JACKSON","0","Over Votes","360","12TH CONGRESS","CARBONDALE 14","664","12","REPUBLICAN","0"
"39","0","JACKSON","0","Under Votes","360","12TH CONGRESS","CARBONDALE 14","664","12","REPUBLICAN","0"
"39","0","JACKSON","660","MIKE BOST","360","12TH CONGRESS","CARBONDALE 14","664","12","REPUBLICAN","51"
"39","0","JACKSON","0","Blank Ballots","360","12TH CONGRESS","CARBONDALE 26","445","12","REPUBLICAN","0"
"39","0","JACKSON","0","Over Votes","360","12TH CONGRESS","CARBONDALE 26","445","12","REPUBLICAN","0"
"39","0","JACKSON","0","Under Votes","360","12TH CONGRESS","CARBONDALE 26","445","12","REPUBLICAN","0"
"39","0","JACKSON","660","MIKE BOST","360","12TH CONGRESS","CARBONDALE 26","445","12","REPUBLICAN","6"
"39","0","JACKSON","0","Blank Ballots","360","12TH CONGRESS","LEVAN","669","12","REPUBLICAN","6"
"39","0","JACKSON","0","Over Votes","360","12TH CONGRESS","LEVAN","669","12","REPUBLICAN","0"
"39","0","JACKSON","0","Under Votes","360","12TH CONGRESS","LEVAN","669","12","REPUBLICAN","0"
"39","0","JACKSON","660","MIKE BOST","360","12TH CONGRESS","LEVAN","669","12","REPUBLICAN","111"
"39","0","JACKSON","0","Blank Ballots","360","12TH CONGRESS","MURPHYSBORO 05","598","12","REPUBLICAN","1"
"39","0","JACKSON","0","Over Votes","360","12TH CONGRESS","MURPHYSBORO 05","598","12","REPUBLICAN","0"
"79","0","RANDOLPH","665","HOMER ""CHIP"" MARKEL","360","12TH CONGRESS","STEELEVILLE 2","628","11","DEMOCRATIC","24"
"79","0","RANDOLPH","670","JOSHUA QUALLS","360","12TH CONGRESS","STEELEVILLE 2","628","11","DEMOCRATIC","9"
"79","0","RANDOLPH","665","HOMER ""CHIP"" MARKEL","360","12TH CONGRESS","TILDEN","645","11","DEMOCRATIC","9"
"79","0","RANDOLPH","670","JOSHUA QUALLS","360","12TH CONGRESS","TILDEN","645","11","DEMOCRATIC","13"
"79","0","RANDOLPH","670","JOSHUA QUALLS","360","12TH CONGRESS","CHESTER 1","441","11","DEMOCRATIC","6"
"79","0","RANDOLPH","665","HOMER ""CHIP"" MARKEL","360","12TH CONGRESS","CHESTER 1","441","11","DEMOCRATIC","13"
"79","0","RANDOLPH","670","JOSHUA QUALLS","360","12TH CONGRESS","RED BUD 2","856","11","DEMOCRATIC","12"
"79","0","RANDOLPH","665","HOMER ""CHIP"" MARKEL","360","12TH CONGRESS","RED BUD 2","856","11","DEMOCRATIC","18"
"79","0","RANDOLPH","665","HOMER ""CHIP"" MARKEL","360","12TH CONGRESS","ROCKWOOD","210","11","DEMOCRATIC","8"
"79","0","RANDOLPH","670","JOSHUA QUALLS","360","12TH CONGRESS","ROCKWOOD","210","11","DEMOCRATIC","6"
"79","0","RANDOLPH","0","Over Votes","360","12TH CONGRESS","","0","11","DEMOCRATIC","0"
"79","0","RANDOLPH","0","Under Votes","360","12TH CONGRESS","","0","11","DEMOCRATIC","89"
"79","0","RANDOLPH","665","HOMER ""CHIP"" MARKEL","360","12TH CONGRESS","BREMEN","325","11","DEMOCRATIC","8"
"79","0","RANDOLPH","670","JOSHUA QUALLS","360","12TH CONGRESS","BREMEN","325","11","DEMOCRATIC","1"
"79","0","RANDOLPH","665","HOMER ""CHIP"" MARKEL","360","12TH CONGRESS","PRAIRIE DU ROCHER","700","11","DEMOCRATIC","18"
"79","0","RANDOLPH","670","JOSHUA QUALLS","360","12TH CONGRESS","PRAIRIE DU ROCHER","700","11","DEMOCRATIC","6"
"79","0","RANDOLPH","665","HOMER ""CHIP"" MARKEL","360","12TH CONGRESS","SPARTA 4","579","11","DEMOCRATIC","21"
"79","0","RANDOLPH","670","JOSHUA QUALLS","360","12TH CONGRESS","SPARTA 4","579","11","DEMOCRATIC","7"
"79","0","RANDOLPH","670","JOSHUA QUALLS","360","12TH CONGRESS","SPARTA 6","615","11","DEMOCRATIC","4"
"79","0","RANDOLPH","665","HOMER ""CHIP"" MARKEL","360","12TH CONGRESS","SPARTA 6","615","11","DEMOCRATIC","13"
"79","0","RANDOLPH","665","HOMER ""CHIP"" MARKEL","360","12TH CONGRESS","STEELEVILLE 3","601","11","DEMOCRATIC","22"
"79","0","RANDOLPH","670","JOSHUA QUALLS","360","12TH CONGRESS","STEELEVILLE 3","601","11","DEMOCRATIC","5"
"79","0","RANDOLPH","665","HOMER ""CHIP"" MARKEL","360","12TH CONGRESS","WALSH","320","11","DEMOCRATIC","13"
"79","0","RANDOLPH","670","JOSHUA QUALLS","360","12TH CONGRESS","WALSH","320","11","DEMOCRATIC","1"
"79","0","RANDOLPH","670","JOSHUA QUALLS","360","12TH CONGRESS","CHESTER 4","635","11","DEMOCRATIC","3"
"79","0","RANDOLPH","665","HOMER ""CHIP"" MARKEL","360","12TH CONGRESS","CHESTER 4","635","11","DEMOCRATIC","10"
"79","0","RANDOLPH","665","HOMER ""CHIP"" MARKEL","360","12TH CONGRESS","EVANSVILLE","592","11","DEMOCRATIC","18"
"79","0","RANDOLPH","670","JOSHUA QUALLS","360","12TH CONGRESS","EVANSVILLE","592","11","DEMOCRATIC","12"
"79","0","RANDOLPH","665","HOMER ""CHIP"" MARKEL","360","12TH CONGRESS","RED BUD 3","647","11","DEMOCRATIC","7"
"79","0","RANDOLPH","670","JOSHUA QUALLS","360","12TH CONGRESS","RED BUD 3","647","11","DEMOCRATIC","7"
"79","0","RANDOLPH","665","HOMER ""CHIP"" MARKEL","360","12TH CONGRESS","RUMA","576","11","DEMOCRATIC","10"
"79","0","RANDOLPH","670","JOSHUA QUALLS","360","12TH CONGRESS","RUMA","576","11","DEMOCRATIC","7"
"80","0","RICHLAND","0","Over Votes","360","12TH CONGRESS","OLNEY 9 - 008","699","11","","0"
"80","0","RICHLAND","0","Under Votes","360","12TH CONGRESS","OLNEY 9 - 008","699","11","","5"
"80","0","RICHLAND","665","HOMER ""CHIP"" MARKEL","360","12TH CONGRESS","OLNEY 9 - 008","699","11","","13"
"80","0","RICHLAND","670","JOSHUA QUALLS","360","12TH CONGRESS","OLNEY 9 - 008","699","11","","6"
"80","0","RICHLAND","0","Under Votes","360","12TH CONGRESS","PRESTON 1 - 001","645","11","","0"
"80","0","RICHLAND","665","HOMER ""CHIP"" MARKEL","360","12TH CONGRESS","PRESTON 1 - 001","645","11","","6"
"80","0","RICHLAND","670","JOSHUA QUALLS","360","12TH CONGRESS","PRESTON 1 - 001","645","11","","13"
"80","0","RICHLAND","0","Over Votes","360","12TH CONGRESS","PRESTON 1 - 001","645","11","","0"
"80","0","RICHLAND","0","Under Votes","360","12TH CONGRESS","CLAREMONT - F12","0","11","","0"
"39","0","JACKSON","670","JOSHUA QUALLS","360","12TH CONGRESS","CARBONDALE 12","672","11","DEMOCRATIC","31"
"39","0","JACKSON","0","Blank Ballots","360","12TH CONGRESS","CARBONDALE 24","643","11","DEMOCRATIC","7"
"39","0","JACKSON","0","Under Votes","360","12TH CONGRESS","CARBONDALE 24","643","11","DEMOCRATIC","0"
"39","0","JACKSON","665","HOMER ""CHIP"" MARKEL","360","12TH CONGRESS","CARBONDALE 24","643","11","DEMOCRATIC","32"
"39","0","JACKSON","0","Blank Ballots","360","12TH CONGRESS","CARBONDALE 01","885","11","DEMOCRATIC","7"
"39","0","JACKSON","0","Under Votes","360","12TH CONGRESS","CARBONDALE 01","885","11","DEMOCRATIC","0"
"39","0","JACKSON","665","HOMER ""CHIP"" MARKEL","360","12TH CONGRESS","CARBONDALE 01","885","11","DEMOCRATIC","45"
"39","0","JACKSON","0","Over Votes","360","12TH CONGRESS","CARBONDALE 01","885","11","DEMOCRATIC","0"
"39","0","JACKSON","670","JOSHUA QUALLS","360","12TH CONGRESS","CARBONDALE 01","885","11","DEMOCRATIC","22"
"39","0","JACKSON","0","Blank Ballots","360","12TH CONGRESS","CARBONDALE 11","502","11","DEMOCRATIC","6"
"39","0","JACKSON","0","Under Votes","360","12TH CONGRESS","CARBONDALE 11","502","11","DEMOCRATIC","0"
"39","0","JACKSON","665","HOMER ""CHIP"" MARKEL","360","12TH CONGRESS","CARBONDALE 11","502","11","DEMOCRATIC","14"
"39","0","JACKSON","0","Over Votes","360","12TH CONGRESS","CARBONDALE 11","502","11","DEMOCRATIC","0"
"39","0","JACKSON","670","JOSHUA QUALLS","360","12TH CONGRESS","CARBONDALE 11","502","11","DEMOCRATIC","25"
"39","0","JACKSON","0","Blank Ballots","360","12TH CONGRESS","CARBONDALE 21","910","11","DEMOCRATIC","2"
"39","0","JACKSON","0","Under Votes","360","12TH CONGRESS","CARBONDALE 21","910","11","DEMOCRATIC","0"
"39","0","JACKSON","665","HOMER ""CHIP"" MARKEL","360","12TH CONGRESS","CARBONDALE 21","910","11","DEMOCRATIC","21"
"39","0","JACKSON","0","Over Votes","360","12TH CONGRESS","CARBONDALE 21","910","11","DEMOCRATIC","0"
"39","0","JACKSON","0","Under Votes","360","12TH CONGRESS","CARBONDALE 04","733","11","DEMOCRATIC","0"
"39","0","JACKSON","0","Blank Ballots","360","12TH CONGRESS","CARBONDALE 04","733","11","DEMOCRATIC","11"
"39","0","JACKSON","665","HOMER ""CHIP"" MARKEL","360","12TH CONGRESS","CARBONDALE 04","733","11","DEMOCRATIC","17"
"39","0","JACKSON","0","Over Votes","360","12TH CONGRESS","CARBONDALE 04","733","11","DEMOCRATIC","0"
"39","0","JACKSON","670","JOSHUA QUALLS","360","12TH CONGRESS","CARBONDALE 04","733","11","DEMOCRATIC","25"
"39","0","JACKSON","0","Over Votes","360","12TH CONGRESS","CARBONDALE 13","695","11","DEMOCRATIC","0"
"39","0","JACKSON","0","Under Votes","360","12TH CONGRESS","LEVAN","669","11","DEMOCRATIC","0"
"39","0","JACKSON","665","HOMER ""CHIP"" MARKEL","360","12TH CONGRESS","LEVAN","669","11","DEMOCRATIC","22"
"39","0","JACKSON","670","JOSHUA QUALLS","360","12TH CONGRESS","LEVAN","669","11","DEMOCRATIC","8"
"39","0","JACKSON","0","Blank Ballots","360","12TH CONGRESS","MURPHYSBORO 05","598","11","DEMOCRATIC","4"
"39","0","JACKSON","0","Under Votes","360","12TH CONGRESS","MURPHYSBORO 05","598","11","DEMOCRATIC","0"
"39","0","JACKSON","665","HOMER ""CHIP"" MARKEL","360","12TH CONGRESS","MURPHYSBORO 05","598","11","DEMOCRATIC","24"
"39","0","JACKSON","0","Over Votes","360","12TH CONGRESS","MURPHYSBORO 05","598","11","DEMOCRATIC","0"
"39","0","JACKSON","670","JOSHUA QUALLS","360","12TH CONGRESS","MURPHYSBORO 05","598","11","DEMOCRATIC","8"
"39","0","JACKSON","0","Blank Ballots","360","12TH CONGRESS","SAND RIDGE","514","11","DEMOCRATIC","1"
"39","0","JACKSON","0","Under Votes","360","12TH CONGRESS","SAND RIDGE","514","11","DEMOCRATIC","0"
"39","0","JACKSON","665","HOMER ""CHIP"" MARKEL","360","12TH CONGRESS","SAND RIDGE","514","11","DEMOCRATIC","9"
"39","0","JACKSON","0","Over Votes","360","12TH CONGRESS","SAND RIDGE","514","11","DEMOCRATIC","0"
"39","0","JACKSON","670","JOSHUA QUALLS","360","12TH CONGRESS","SAND RIDGE","514","11","DEMOCRATIC","10"
"39","0","JACKSON","0","Under Votes","360","12TH CONGRESS","CARBONDALE 07","357","11","DEMOCRATIC","0"
"39","0","JACKSON","0","Blank Ballots","360","12TH CONGRESS","CARBONDALE 07","357","11","DEMOCRATIC","1"
"39","0","JACKSON","665","HOMER ""CHIP"" MARKEL","360","12TH CONGRESS","CARBONDALE 07","357","11","DEMOCRATIC","10"
"39","0","JACKSON","0","Over Votes","360","12TH CONGRESS","CARBONDALE 07","357","11","DEMOCRATIC","0"
"96","0","WAYNE","0","Over Votes","360","12TH CONGRESS","KEITH","0","12","REPUBLICAN","0"
"96","0","WAYNE","0","Under Votes","360","12TH CONGRESS","KEITH","0","12","REPUBLICAN","17"
"96","0","WAYNE","660","MIKE BOST","360","12TH CONGRESS","KEITH","0","12","REPUBLICAN","77"
"96","0","WAYNE","0","Over Votes","360","12TH CONGRESS","BERRY","0","12","REPUBLICAN","0"
"96","0","WAYNE","0","Under Votes","360","12TH CONGRESS","BERRY","0","12","REPUBLICAN","12"
"96","0","WAYNE","660","MIKE BOST","360","12TH CONGRESS","BERRY","0","12","REPUBLICAN","85"
"96","0","WAYNE","0","Over Votes","360","12TH CONGRESS","BIG MOUND 1","0","12","REPUBLICAN","0"
"96","0","WAYNE","0","Under Votes","360","12TH CONGRESS","BIG MOUND 1","0","12","REPUBLICAN","54"
"96","0","WAYNE","660","MIKE BOST","360","12TH CONGRESS","BIG MOUND 1","0","12","REPUBLICAN","195"
"96","0","WAYNE","0","Over Votes","360","12TH CONGRESS","BIG MOUND 2","0","12","REPUBLICAN","0"
"96","0","WAYNE","0","Under Votes","360","12TH CONGRESS","BIG MOUND 2","0","12","REPUBLICAN","29"
"96","0","WAYNE","660","MIKE BOST","360","12TH CONGRESS","BIG MOUND 2","0","12","REPUBLICAN","87"
"96","0","WAYNE","0","Over Votes","360","12TH CONGRESS","MASSILON","0","12","REPUBLICAN","0"
"96","0","WAYNE","0","Under Votes","360","12TH CONGRESS","MASSILON","0","12","REPUBLICAN","4"
"96","0","WAYNE","660","MIKE BOST","360","12TH CONGRESS","MASSILON","0","12","REPUBLICAN","27"
"96","0","WAYNE","0","Over Votes","360","12TH CONGRESS","MT. ERIE","0","12","REPUBLICAN","0"
"96","0","WAYNE","0","Under Votes","360","12TH CONGRESS","MT. ERIE","0","12","REPUBLICAN","13"
"96","0","WAYNE","660","MIKE BOST","360","12TH CONGRESS","MT. ERIE","0","12","REPUBLICAN","103"
"96","0","WAYNE","0","Over Votes","360","12TH CONGRESS","LAMARD 1","0","12","REPUBLICAN","0"
"96","0","WAYNE","0","Under Votes","360","12TH CONGRESS","LAMARD 1","0","12","REPUBLICAN","47"
"96","0","WAYNE","660","MIKE BOST","360","12TH CONGRESS","LAMARD 1","0","12","REPUBLICAN","153"
"96","0","WAYNE","0","Over Votes","360","12TH CONGRESS","LAMARD 2","0","12","REPUBLICAN","0"
"96","0","WAYNE","0","Under Votes","360","12TH CONGRESS","LAMARD 2","0","12","REPUBLICAN","19"
"96","0","WAYNE","660","MIKE BOST","360","12TH CONGRESS","LAMARD 2","0","12","REPUBLICAN","52"
"96","0","WAYNE","0","Over Votes","360","12TH CONGRESS","GOLDENGATE","0","12","REPUBLICAN","0"
"96","0","WAYNE","0","Under Votes","360","12TH CONGRESS","GOLDENGATE","0","12","REPUBLICAN","23"
"96","0","WAYNE","660","MIKE BOST","360","12TH CONGRESS","GOLDENGATE","0","12","REPUBLICAN","86"
"96","0","WAYNE","0","Over Votes","360","12TH CONGRESS","RIDER","0","12","REPUBLICAN","0"
"96","0","WAYNE","0","Under Votes","360","12TH CONGRESS","RIDER","0","12","REPUBLICAN","26"
"96","0","WAYNE","660","MIKE BOST","360","12TH CONGRESS","RIDER","0","12","REPUBLICAN","76"
"96","0","WAYNE","0","Over Votes","360","12TH CONGRESS","FAIRFIELD 1","0","12","REPUBLICAN","0"
"96","0","WAYNE","0","Under Votes","360","12TH CONGRESS","FAIRFIELD 1","0","12","REPUBLICAN","21"
"96","0","WAYNE","660","MIKE BOST","360","12TH CONGRESS","FAIRFIELD 1","0","12","REPUBLICAN","72"
"96","0","WAYNE","0","Over Votes","360","12TH CONGRESS","FAIRFIELD 2","0","12","REPUBLICAN","0"
"96","0","WAYNE","0","Under Votes","360","12TH CONGRESS","FAIRFIELD 2","0","12","REPUBLICAN","35"
"96","0","WAYNE","660","MIKE BOST","360","12TH CONGRESS","FAIRFIELD 2","0","12","REPUBLICAN","141"
"96","0","WAYNE","0","Over Votes","360","12TH CONGRESS","MERRIAM","0","12","REPUBLICAN","0"
"96","0","WAYNE","0","Under Votes","360","12TH CONGRESS","MERRIAM","0","12","REPUBLICAN","18"
"96","0","WAYNE","660","MIKE BOST","360","12TH CONGRESS","MERRIAM","0","12","REPUBLICAN","117"
"25","0","EFFINGHAM","0","Under Votes","360","12TH CONGRESS","MOUND 1","0","12","REPUBLICAN","26"
"25","0","EFFINGHAM","660","MIKE BOST","360","12TH CONGRESS","MOUND 1","0","12","REPUBLICAN","206"
"25","0","EFFINGHAM","0","Over Votes","360","12TH CONGRESS","MOUND 1","0","12","REPUBLICAN","0"
"25","0","EFFINGHAM","0","Under Votes","360","12TH CONGRESS","WATSON 1","0","12","REPUBLICAN","55"
"25","0","EFFINGHAM","660","MIKE BOST","360","12TH CONGRESS","WATSON 1","0","12","REPUBLICAN","225"
"14","0","CLINTON","0","Under Votes","360","12TH CONGRESS","CARLYLE 1","718","11","DEMOCRATIC","0"
"14","0","CLINTON","665","HOMER ""CHIP"" MARKEL","360","12TH CONGRESS","CARLYLE 1","718","11","DEMOCRATIC","15"
"14","0","CLINTON","0","Over Votes","360","12TH CONGRESS","CARLYLE 1","718","11","DEMOCRATIC","0"
"14","0","CLINTON","670","JOSHUA QUALLS","360","12TH CONGRESS","CARLYLE 1","718","11","DEMOCRATIC","23"
"14","0","CLINTON","0","Under Votes","360","12TH CONGRESS","LOOKINGGLASS 4","964","11","DEMOCRATIC","0"
"14","0","CLINTON","665","HOMER ""CHIP"" MARKEL","360","12TH CONGRESS","LOOKINGGLASS 4","964","11","DEMOCRATIC","13"
"14","0","CLINTON","0","Over Votes","360","12TH CONGRESS","LOOKINGGLASS 4","964","11","DEMOCRATIC","0"
"14","0","CLINTON","670","JOSHUA QUALLS","360","12TH CONGRESS","LOOKINGGLASS 4","964","11","DEMOCRATIC","10"
"14","0","CLINTON","0","Under Votes","360","12TH CONGRESS","LOOKINGGLASS 5","556","11","DEMOCRATIC","0"
"14","0","CLINTON","665","HOMER ""CHIP"" MARKEL","360","12TH CONGRESS","LOOKINGGLASS 5","556","11","DEMOCRATIC","13"
"14","0","CLINTON","0","Over Votes","360","12TH CONGRESS","LOOKINGGLASS 5","556","11","DEMOCRATIC","0"
"14","0","CLINTON","670","JOSHUA QUALLS","360","12TH CONGRESS","LOOKINGGLASS 5","556","11","DEMOCRATIC","4"
"14","0","CLINTON","0","Under Votes","360","12TH CONGRESS","BREESE 1","894","11","DEMOCRATIC","0"
"14","0","CLINTON","665","HOMER ""CHIP"" MARKEL","360","12TH CONGRESS","BREESE 1","894","11","DEMOCRATIC","8"
"14","0","CLINTON","0","Over Votes","360","12TH CONGRESS","BREESE 1","894","11","DEMOCRATIC","0"
"14","0","CLINTON","670","JOSHUA QUALLS","360","12TH CONGRESS","BREESE 1","894","11","DEMOCRATIC","10"
"14","0","CLINTON","0","Under Votes","360","12TH CONGRESS","BREESE 2","841","11","DEMOCRATIC","1"
"14","0","CLINTON","665","HOMER ""CHIP"" MARKEL","360","12TH CONGRESS","BREESE 2","841","11","DEMOCRATIC","12"
"14","0","CLINTON","0","Over Votes","360","12TH CONGRESS","BREESE 2","841","11","DEMOCRATIC","0"
"14","0","CLINTON","670","JOSHUA QUALLS","360","12TH CONGRESS","BREESE 2","841","11","DEMOCRATIC","9"
"14","0","CLINTON","0","Under Votes","360","12TH CONGRESS","BREESE 3","1359","11","DEMOCRATIC","2"
"14","0","CLINTON","665","HOMER ""CHIP"" MARKEL","360","12TH CONGRESS","BREESE 3","1359","11","DEMOCRATIC","13"
"14","0","CLINTON","0","Over Votes","360","12TH CONGRESS","BREESE 3","1359","11","DEMOCRATIC","0"
"14","0","CLINTON","670","JOSHUA QUALLS","360","12TH CONGRESS","BREESE 3","1359","11","DEMOCRATIC","14"
"14","0","CLINTON","0","Under Votes","360","12TH CONGRESS","GERMANTOWN 1","941","11","DEMOCRATIC","1"
"14","0","CLINTON","665","HOMER ""CHIP"" MARKEL","360","12TH CONGRESS","GERMANTOWN 1","941","11","DEMOCRATIC","9"
"14","0","CLINTON","0","Over Votes","360","12TH CONGRESS","GERMANTOWN 1","941","11","DEMOCRATIC","0"
"14","0","CLINTON","670","JOSHUA QUALLS","360","12TH CONGRESS","GERMANTOWN 1","941","11","DEMOCRATIC","12"
"14","0","CLINTON","0","Under Votes","360","12TH CONGRESS","GERMANTOWN 2","624","11","DEMOCRATIC","1"
"14","0","CLINTON","665","HOMER ""CHIP"" MARKEL","360","12TH CONGRESS","GERMANTOWN 2","624","11","DEMOCRATIC","2"
"14","0","CLINTON","670","JOSHUA QUALLS","360","12TH CONGRESS","ST ROSE","1072","11","DEMOCRATIC","3"
"14","0","CLINTON","0","Under Votes","360","12TH CONGRESS","ST ROSE","1072","11","DEMOCRATIC","3"
"14","0","CLINTON","665","HOMER ""CHIP"" MARKEL","360","12TH CONGRESS","ST ROSE","1072","11","DEMOCRATIC","3"
"14","0","CLINTON","0","Over Votes","360","12TH CONGRESS","ST ROSE","1072","11","DEMOCRATIC","0"
"14","0","CLINTON","670","JOSHUA QUALLS","360","12TH CONGRESS","CARLYLE 3","552","11","DEMOCRATIC","9"
"14","0","CLINTON","0","Under Votes","360","12TH CONGRESS","CARLYLE 3","552","11","DEMOCRATIC","4"
"14","0","CLINTON","665","HOMER ""CHIP"" MARKEL","360","12TH CONGRESS","CARLYLE 3","552","11","DEMOCRATIC","14"
"14","0","CLINTON","0","Over Votes","360","12TH CONGRESS","CARLYLE 3","552","11","DEMOCRATIC","0"
"14","0","CLINTON","670","JOSHUA QUALLS","360","12TH CONGRESS","CARLYLE 4","521","11","DEMOCRATIC","12"
"14","0","CLINTON","0","Under Votes","360","12TH CONGRESS","CARLYLE 4","521","11","DEMOCRATIC","0"
"14","0","CLINTON","665","HOMER ""CHIP"" MARKEL","360","12TH CONGRESS","CARLYLE 4","521","11","DEMOCRATIC","12"
"17","0","CRAWFORD","660","MIKE BOST","360","12TH CONGRESS","PRAIRIE 2","214","12","REPUBLICAN","49"
"17","0","CRAWFORD","0","Over Votes","360","12TH CONGRESS","PRAIRIE 2","214","12","REPUBLICAN","0"
"17","0","CRAWFORD","0","Blank Ballots","360","12TH CONGRESS","PRAIRIE 2","214","12","REPUBLICAN","0"
"17","0","CRAWFORD","0","Under Votes","360","12TH CONGRESS","PRAIRIE 2","214","12","REPUBLICAN","11"
"17","0","CRAWFORD","660","MIKE BOST","360","12TH CONGRESS","ROBINSON 7","434","12","REPUBLICAN","41"
"17","0","CRAWFORD","0","Over Votes","360","12TH CONGRESS","ROBINSON 7","434","12","REPUBLICAN","0"
"17","0","CRAWFORD","0","Blank Ballots","360","12TH CONGRESS","ROBINSON 7","434","12","REPUBLICAN","0"
"17","0","CRAWFORD","0","Under Votes","360","12TH CONGRESS","ROBINSON 7","434","12","REPUBLICAN","4"
"17","0","CRAWFORD","660","MIKE BOST","360","12TH CONGRESS","LAMOTTE 2","546","12","REPUBLICAN","74"
"17","0","CRAWFORD","0","Over Votes","360","12TH CONGRESS","LAMOTTE 2","546","12","REPUBLICAN","0"
"17","0","CRAWFORD","0","Blank Ballots","360","12TH CONGRESS","LAMOTTE 2","546","12","REPUBLICAN","0"
"17","0","CRAWFORD","0","Under Votes","360","12TH CONGRESS","LAMOTTE 2","546","12","REPUBLICAN","14"
"17","0","CRAWFORD","660","MIKE BOST","360","12TH CONGRESS","PRAIRIE 1","197","12","REPUBLICAN","63"
"17","0","CRAWFORD","0","Over Votes","360","12TH CONGRESS","PRAIRIE 1","197","12","REPUBLICAN","0"
"17","0","CRAWFORD","0","Blank Ballots","360","12TH CONGRESS","PRAIRIE 1","197","12","REPUBLICAN","0"
"17","0","CRAWFORD","0","Under Votes","360","12TH CONGRESS","PRAIRIE 1","197","12","REPUBLICAN","13"
"17","0","CRAWFORD","660","MIKE BOST","360","12TH CONGRESS","SOUTHWEST","60","12","REPUBLICAN","16"
"17","0","CRAWFORD","0","Over Votes","360","12TH CONGRESS","SOUTHWEST","60","12","REPUBLICAN","0"
"17","0","CRAWFORD","0","Blank Ballots","360","12TH CONGRESS","SOUTHWEST","60","12","REPUBLICAN","0"
"17","0","CRAWFORD","0","Under Votes","360","12TH CONGRESS","SOUTHWEST","60","12","REPUBLICAN","2"
"17","0","CRAWFORD","660","MIKE BOST","360","12TH CONGRESS","HUTSONVILLE 2","136","12","REPUBLICAN","33"
"17","0","CRAWFORD","0","Over Votes","360","12TH CONGRESS","HUTSONVILLE 2","136","12","REPUBLICAN","0"
"17","0","CRAWFORD","0","Blank Ballots","360","12TH CONGRESS","HUTSONVILLE 2","136","12","REPUBLICAN","0"
"17","0","CRAWFORD","0","Under Votes","360","12TH CONGRESS","HUTSONVILLE 2","136","12","REPUBLICAN","9"
"17","0","CRAWFORD","660","MIKE BOST","360","12TH CONGRESS","ROBINSON 1","959","12","REPUBLICAN","173"
"17","0","CRAWFORD","0","Over Votes","360","12TH CONGRESS","ROBINSON 1","959","12","REPUBLICAN","0"
"17","0","CRAWFORD","0","Blank Ballots","360","12TH CONGRESS","ROBINSON 1","959","12","REPUBLICAN","0"
"17","0","CRAWFORD","0","Under Votes","360","12TH CONGRESS","ROBINSON 1","959","12","REPUBLICAN","34"
"17","0","CRAWFORD","660","MIKE BOST","360","12TH CONGRESS","ROBINSON 8","671","12","REPUBLICAN","110"
"17","0","CRAWFORD","0","Over Votes","360","12TH CONGRESS","ROBINSON 8","671","12","REPUBLICAN","0"
"17","0","CRAWFORD","0","Blank Ballots","360","12TH CONGRESS","ROBINSON 8","671","12","REPUBLICAN","0"
"17","0","CRAWFORD","0","Under Votes","360","12TH CONGRESS","ROBINSON 8","671","12","REPUBLICAN","13"
"17","0","CRAWFORD","660","MIKE BOST","360","12TH CONGRESS","HONEY CREEK 1","474","12","REPUBLICAN","106"
"17","0","CRAWFORD","0","Over Votes","360","12TH CONGRESS","HONEY CREEK 1","474","12","REPUBLICAN","0"
"17","0","CRAWFORD","0","Blank Ballots","360","12TH CONGRESS","HONEY CREEK 1","474","12","REPUBLICAN","0"
"17","0","CRAWFORD","0","Under Votes","360","12TH CONGRESS","HONEY CREEK 1","474","12","REPUBLICAN","18"
"17","0","CRAWFORD","660","MIKE BOST","360","12TH CONGRESS","MARTIN","382","12","REPUBLICAN","94"
"17","0","CRAWFORD","0","Over Votes","360","12TH CONGRESS","MARTIN","382","12","REPUBLICAN","0"
"17","0","CRAWFORD","0","Blank Ballots","360","12TH CONGRESS","MARTIN","382","12","REPUBLICAN","0"
"17","0","CRAWFORD","0","Under Votes","360","12TH CONGRESS","MARTIN","382","12","REPUBLICAN","9"
"17","0","CRAWFORD","660","MIKE BOST","360","12TH CONGRESS","ROBINSON 5","430","12","REPUBLICAN","61"
"17","0","CRAWFORD","0","Over Votes","360","12TH CONGRESS","ROBINSON 5","430","12","REPUBLICAN","0"
"17","0","CRAWFORD","0","Blank Ballots","360","12TH CONGRESS","ROBINSON 5","430","12","REPUBLICAN","0"
"44","0","JOHNSON","660","MIKE BOST","360","12TH CONGRESS","GOREVILLE 2 - 001","375","12","","82"
"44","0","JOHNSON","0","Over Votes","360","12TH CONGRESS","GOREVILLE 2 - 001","375","12","","0"
"44","0","JOHNSON","0","Under Votes","360","12TH CONGRESS","GOREVILLE 2 - 001","375","12","","11"
"44","0","JOHNSON","660","MIKE BOST","360","12TH CONGRESS","LAKE 2 - 001","309","12","","45"
"44","0","JOHNSON","0","Over Votes","360","12TH CONGRESS","LAKE 2 - 001","309","12","","0"
"44","0","JOHNSON","0","Under Votes","360","12TH CONGRESS","LAKE 2 - 001","309","12","","9"
"44","0","JOHNSON","660","MIKE BOST","360","12TH CONGRESS","BLOOMFIELD - 001","629","12","","194"
"44","0","JOHNSON","0","Over Votes","360","12TH CONGRESS","BLOOMFIELD - 001","629","12","","0"
"44","0","JOHNSON","0","Under Votes","360","12TH CONGRESS","BLOOMFIELD - 001","629","12","","29"
"44","0","JOHNSON","0","Over Votes","360","12TH CONGRESS","ELVIRA - F12","0","12","","0"
"44","0","JOHNSON","660","MIKE BOST","360","12TH CONGRESS","ELVIRA - F12","0","12","","0"
"44","0","JOHNSON","0","Under Votes","360","12TH CONGRESS","ELVIRA - F12","0","12","","0"
"44","0","JOHNSON","0","Over Votes","360","12TH CONGRESS","GRANTSBURG - F12","0","12","","0"
"44","0","JOHNSON","660","MIKE BOST","360","12TH CONGRESS","GRANTSBURG - F12","0","12","","0"
"44","0","JOHNSON","0","Under Votes","360","12TH CONGRESS","GRANTSBURG - F12","0","12","","0"
"44","0","JOHNSON","660","MIKE BOST","360","12TH CONGRESS","OZARK - F12","0","12","","0"
"44","0","JOHNSON","0","Over Votes","360","12TH CONGRESS","OZARK - F12","0","12","","0"
"44","0","JOHNSON","0","Under Votes","360","12TH CONGRESS","OZARK - F12","0","12","","0"
"44","0","JOHNSON","660","MIKE BOST","360","12TH CONGRESS","VIENNA 1 - F12","0","12","","0"
"44","0","JOHNSON","0","Over Votes","360","12TH CONGRESS","VIENNA 1 - F12","0","12","","0"
"44","0","JOHNSON","0","Under Votes","360","12TH CONGRESS","VIENNA 1 - F12","0","12","","0"
"44","0","JOHNSON","660","MIKE BOST","360","12TH CONGRESS","BELKNAP - F12","0","12","","0"
"44","0","JOHNSON","0","Over Votes","360","12TH CONGRESS","BELKNAP - F12","0","12","","0"
"44","0","JOHNSON","0","Under Votes","360","12TH CONGRESS","BELKNAP - F12","0","12","","0"
"44","0","JOHNSON","0","Over Votes","360","12TH CONGRESS","CACHE - F12","0","12","","0"
"44","0","JOHNSON","660","MIKE BOST","360","12TH CONGRESS","CACHE - F12","0","12","","0"
"44","0","JOHNSON","0","Under Votes","360","12TH CONGRESS","CACHE - F12","0","12","","0"
"44","0","JOHNSON","660","MIKE BOST","360","12TH CONGRESS","GOREVILLE 2 - F12","0","12","","0"
"44","0","JOHNSON","0","Over Votes","360","12TH CONGRESS","GOREVILLE 2 - F12","0","12","","0"
"44","0","JOHNSON","0","Under Votes","360","12TH CONGRESS","GOREVILLE 2 - F12","0","12","","0"
"44","0","JOHNSON","660","MIKE BOST","360","12TH CONGRESS","LAKE 2 - F12","0","12","","0"
"44","0","JOHNSON","0","Over Votes","360","12TH CONGRESS","LAKE 2 - F12","0","12","","0"
"44","0","JOHNSON","0","Under Votes","360","12TH CONGRESS","LAKE 2 - F12","0","12","","0"
"44","0","JOHNSON","660","MIKE BOST","360","12TH CONGRESS","BELKNAP - 001","170","12","","47"
"44","0","JOHNSON","0","Over Votes","360","12TH CONGRESS","BELKNAP - 001","170","12","","0"
"44","0","JOHNSON","0","Under Votes","360","12TH CONGRESS","BELKNAP - 001","170","12","","6"
"44","0","JOHNSON","660","MIKE BOST","360","12TH CONGRESS","CACHE - 001","411","12","","76"
"44","0","JOHNSON","0","Over Votes","360","12TH CONGRESS","CACHE - 001","411","12","","0"
"44","0","JOHNSON","0","Under Votes","360","12TH CONGRESS","CACHE - 001","411","12","","20"
"44","0","JOHNSON","660","MIKE BOST","360","12TH CONGRESS","GOREVILLE 1 - 001","1209","12","","278"
"44","0","JOHNSON","0","Over Votes","360","12TH CONGRESS","GOREVILLE 1 - 001","1209","12","","0"
"44","0","JOHNSON","0","Under Votes","360","12TH CONGRESS","GOREVILLE 1 - 001","1209","12","","25"
"44","0","JOHNSON","660","MIKE BOST","360","12TH CONGRESS","TUNNEL HILL - F12","0","12","","0"
"44","0","JOHNSON","0","Over Votes","360","12TH CONGRESS","TUNNEL HILL - F12","0","12","","0"
"44","0","JOHNSON","0","Under Votes","360","12TH CONGRESS","TUNNEL HILL - F12","0","12","","0"
"44","0","JOHNSON","660","MIKE BOST","360","12TH CONGRESS","VIENNA 3 - F12","0","12","","0"
"14","0","CLINTON","0","Over Votes","360","12TH CONGRESS","CARLYLE 4","521","11","DEMOCRATIC","0"
"14","0","CLINTON","670","JOSHUA QUALLS","360","12TH CONGRESS","CLEMENT","343","11","DEMOCRATIC","3"
"14","0","CLINTON","0","Under Votes","360","12TH CONGRESS","CLEMENT","343","11","DEMOCRATIC","2"
"14","0","CLINTON","670","JOSHUA QUALLS","360","12TH CONGRESS","CARLYLE 2","793","11","DEMOCRATIC","11"
"14","0","CLINTON","0","Under Votes","360","12TH CONGRESS","CARLYLE 2","793","11","DEMOCRATIC","1"
"14","0","CLINTON","665","HOMER ""CHIP"" MARKEL","360","12TH CONGRESS","CARLYLE 2","793","11","DEMOCRATIC","10"
"14","0","CLINTON","0","Over Votes","360","12TH CONGRESS","CARLYLE 2","793","11","DEMOCRATIC","0"
"14","0","CLINTON","670","JOSHUA QUALLS","360","12TH CONGRESS","WADE 2","972","11","DEMOCRATIC","13"
"14","0","CLINTON","0","Under Votes","360","12TH CONGRESS","WADE 2","972","11","DEMOCRATIC","4"
"14","0","CLINTON","665","HOMER ""CHIP"" MARKEL","360","12TH CONGRESS","WADE 2","972","11","DEMOCRATIC","10"
"14","0","CLINTON","0","Over Votes","360","12TH CONGRESS","WADE 2","972","11","DEMOCRATIC","0"
"14","0","CLINTON","0","Over Votes","360","12TH CONGRESS","GERMANTOWN 2","624","11","DEMOCRATIC","0"
"14","0","CLINTON","670","JOSHUA QUALLS","360","12TH CONGRESS","GERMANTOWN 2","624","11","DEMOCRATIC","2"
"14","0","CLINTON","670","JOSHUA QUALLS","360","12TH CONGRESS","SANTA FE","898","11","DEMOCRATIC","1"
"14","0","CLINTON","0","Under Votes","360","12TH CONGRESS","SANTA FE","898","11","DEMOCRATIC","2"
"14","0","CLINTON","665","HOMER ""CHIP"" MARKEL","360","12TH CONGRESS","SANTA FE","898","11","DEMOCRATIC","4"
"14","0","CLINTON","0","Over Votes","360","12TH CONGRESS","SANTA FE","898","11","DEMOCRATIC","0"
"14","0","CLINTON","670","JOSHUA QUALLS","360","12TH CONGRESS","LAKE","644","11","DEMOCRATIC","11"
"14","0","CLINTON","0","Under Votes","360","12TH CONGRESS","LAKE","644","11","DEMOCRATIC","0"
"14","0","CLINTON","665","HOMER ""CHIP"" MARKEL","360","12TH CONGRESS","LAKE","644","11","DEMOCRATIC","3"
"14","0","CLINTON","0","Over Votes","360","12TH CONGRESS","LAKE","644","11","DEMOCRATIC","0"
"73","0","PERRY","0","Under Votes","360","12TH CONGRESS","DUQUOIN 4","679","12","REPUBLICAN","0"
"73","0","PERRY","0","Over Votes","360","12TH CONGRESS","DUQUOIN 4","679","12","REPUBLICAN","0"
"73","0","PERRY","660","MIKE BOST","360","12TH CONGRESS","DUQUOIN 4","679","12","REPUBLICAN","82"
"73","0","PERRY","0","Blank Ballots","360","12TH CONGRESS","DUQUOIN 4","679","12","REPUBLICAN","5"
"73","0","PERRY","0","Under Votes","360","12TH CONGRESS","PINCKNEYVILLE 1","454","12","REPUBLICAN","0"
"73","0","PERRY","0","Over Votes","360","12TH CONGRESS","PINCKNEYVILLE 1","454","12","REPUBLICAN","0"
"73","0","PERRY","660","MIKE BOST","360","12TH CONGRESS","PINCKNEYVILLE 1","454","12","REPUBLICAN","75"
"73","0","PERRY","0","Blank Ballots","360","12TH CONGRESS","PINCKNEYVILLE 1","454","12","REPUBLICAN","8"
"73","0","PERRY","0","Under Votes","360","12TH CONGRESS","SWANWICK","617","12","REPUBLICAN","0"
"73","0","PERRY","0","Over Votes","360","12TH CONGRESS","SWANWICK","617","12","REPUBLICAN","0"
"73","0","PERRY","660","MIKE BOST","360","12TH CONGRESS","SWANWICK","617","12","REPUBLICAN","130"
"73","0","PERRY","0","Blank Ballots","360","12TH CONGRESS","SWANWICK","617","12","REPUBLICAN","4"
"73","0","PERRY","0","Under Votes","360","12TH CONGRESS","DUQUOIN 3","458","12","REPUBLICAN","0"
"73","0","PERRY","0","Over Votes","360","12TH CONGRESS","DUQUOIN 3","458","12","REPUBLICAN","0"
"73","0","PERRY","660","MIKE BOST","360","12TH CONGRESS","DUQUOIN 3","458","12","REPUBLICAN","26"
"73","0","PERRY","0","Blank Ballots","360","12TH CONGRESS","DUQUOIN 3","458","12","REPUBLICAN","3"
"73","0","PERRY","0","Under Votes","360","12TH CONGRESS","DUQUOIN 12","410","12","REPUBLICAN","0"
"73","0","PERRY","0","Over Votes","360","12TH CONGRESS","DUQUOIN 12","410","12","REPUBLICAN","0"
"73","0","PERRY","660","MIKE BOST","360","12TH CONGRESS","DUQUOIN 12","410","12","REPUBLICAN","56"
"73","0","PERRY","0","Blank Ballots","360","12TH CONGRESS","DUQUOIN 12","410","12","REPUBLICAN","4"
"73","0","PERRY","0","Under Votes","360","12TH CONGRESS","SUNFIELD","882","12","REPUBLICAN","0"
"73","0","PERRY","0","Over Votes","360","12TH CONGRESS","SUNFIELD","882","12","REPUBLICAN","0"
"25","0","EFFINGHAM","0","Under Votes","360","12TH CONGRESS","DOUGLAS 7","0","11","DEMOCRATIC","2"
"25","0","EFFINGHAM","665","HOMER ""CHIP"" MARKEL","360","12TH CONGRESS","DOUGLAS 7","0","11","DEMOCRATIC","27"
"25","0","EFFINGHAM","670","JOSHUA QUALLS","360","12TH CONGRESS","DOUGLAS 7","0","11","DEMOCRATIC","9"
"25","0","EFFINGHAM","0","Over Votes","360","12TH CONGRESS","DOUGLAS 7","0","11","DEMOCRATIC","0"
"25","0","EFFINGHAM","0","Under Votes","360","12TH CONGRESS","ST. FRANCIS","0","11","DEMOCRATIC","2"
"25","0","EFFINGHAM","665","HOMER ""CHIP"" MARKEL","360","12TH CONGRESS","ST. FRANCIS","0","11","DEMOCRATIC","8"
"25","0","EFFINGHAM","670","JOSHUA QUALLS","360","12TH CONGRESS","ST. FRANCIS","0","11","DEMOCRATIC","6"
"25","0","EFFINGHAM","0","Over Votes","360","12TH CONGRESS","ST. FRANCIS","0","11","DEMOCRATIC","0"
"25","0","EFFINGHAM","0","Under Votes","360","12TH CONGRESS","MOUND 1","0","11","DEMOCRATIC","1"
"25","0","EFFINGHAM","665","HOMER ""CHIP"" MARKEL","360","12TH CONGRESS","MOUND 1","0","11","DEMOCRATIC","13"
"25","0","EFFINGHAM","670","JOSHUA QUALLS","360","12TH CONGRESS","MOUND 1","0","11","DEMOCRATIC","10"
"25","0","EFFINGHAM","0","Over Votes","360","12TH CONGRESS","MOUND 1","0","11","DEMOCRATIC","0"
"25","0","EFFINGHAM","0","Under Votes","360","12TH CONGRESS","WATSON 1","0","11","DEMOCRATIC","0"
"25","0","EFFINGHAM","665","HOMER ""CHIP"" MARKEL","360","12TH CONGRESS","WATSON 1","0","11","DEMOCRATIC","9"
"25","0","EFFINGHAM","670","JOSHUA QUALLS","360","12TH CONGRESS","WATSON 1","0","11","DEMOCRATIC","10"
"25","0","EFFINGHAM","0","Over Votes","360","12TH CONGRESS","WATSON 1","0","11","DEMOCRATIC","0"
"25","0","EFFINGHAM","0","Under Votes","360","12TH CONGRESS","DOUGLAS 10","0","11","DEMOCRATIC","1"
"25","0","EFFINGHAM","665","HOMER ""CHIP"" MARKEL","360","12TH CONGRESS","DOUGLAS 10","0","11","DEMOCRATIC","8"
"25","0","EFFINGHAM","670","JOSHUA QUALLS","360","12TH CONGRESS","DOUGLAS 10","0","11","DEMOCRATIC","4"
"25","0","EFFINGHAM","0","Over Votes","360","12TH CONGRESS","DOUGLAS 10","0","11","DEMOCRATIC","0"
"25","0","EFFINGHAM","0","Under Votes","360","12TH CONGRESS","DOUGLAS 13","0","11","DEMOCRATIC","4"
"25","0","EFFINGHAM","665","HOMER ""CHIP"" MARKEL","360","12TH CONGRESS","DOUGLAS 13","0","11","DEMOCRATIC","11"
"25","0","EFFINGHAM","670","JOSHUA QUALLS","360","12TH CONGRESS","DOUGLAS 13","0","11","DEMOCRATIC","4"
"25","0","EFFINGHAM","0","Over Votes","360","12TH CONGRESS","DOUGLAS 13","0","11","DEMOCRATIC","0"
"25","0","EFFINGHAM","0","Under Votes","360","12TH CONGRESS","SUMMIT 5","0","11","DEMOCRATIC","0"
"25","0","EFFINGHAM","670","JOSHUA QUALLS","360","12TH CONGRESS","SUMMIT 5","0","11","DEMOCRATIC","1"
"25","0","EFFINGHAM","0","Over Votes","360","12TH CONGRESS","SUMMIT 5","0","11","DEMOCRATIC","0"
"25","0","EFFINGHAM","665","HOMER ""CHIP"" MARKEL","360","12TH CONGRESS","SUMMIT 5","0","11","DEMOCRATIC","1"
"25","0","EFFINGHAM","0","Under Votes","360","12TH CONGRESS","DOUGLAS 8","0","11","DEMOCRATIC","1"
"25","0","EFFINGHAM","665","HOMER ""CHIP"" MARKEL","360","12TH CONGRESS","DOUGLAS 8","0","11","DEMOCRATIC","8"
"25","0","EFFINGHAM","670","JOSHUA QUALLS","360","12TH CONGRESS","DOUGLAS 8","0","11","DEMOCRATIC","5"
"25","0","EFFINGHAM","0","Over Votes","360","12TH CONGRESS","DOUGLAS 8","0","11","DEMOCRATIC","0"
"25","0","EFFINGHAM","0","Under Votes","360","12TH CONGRESS","DOUGLAS 11","0","11","DEMOCRATIC","4"
"25","0","EFFINGHAM","665","HOMER ""CHIP"" MARKEL","360","12TH CONGRESS","DOUGLAS 11","0","11","DEMOCRATIC","13"
"25","0","EFFINGHAM","670","JOSHUA QUALLS","360","12TH CONGRESS","DOUGLAS 11","0","11","DEMOCRATIC","7"
"25","0","EFFINGHAM","0","Over Votes","360","12TH CONGRESS","DOUGLAS 11","0","11","DEMOCRATIC","0"
"25","0","EFFINGHAM","0","Under Votes","360","12TH CONGRESS","MOUND 2","0","11","DEMOCRATIC","2"
"25","0","EFFINGHAM","0","Over Votes","360","12TH CONGRESS","MOUND 2","0","11","DEMOCRATIC","0"
"25","0","EFFINGHAM","665","HOMER ""CHIP"" MARKEL","360","12TH CONGRESS","MOUND 2","0","11","DEMOCRATIC","10"
"25","0","EFFINGHAM","670","JOSHUA QUALLS","360","12TH CONGRESS","MOUND 2","0","11","DEMOCRATIC","8"
"25","0","EFFINGHAM","0","Under Votes","360","12TH CONGRESS","LIBERTY","0","11","DEMOCRATIC","0"
"25","0","EFFINGHAM","665","HOMER ""CHIP"" MARKEL","360","12TH CONGRESS","LIBERTY","0","11","DEMOCRATIC","7"
"39","0","JACKSON","0","Under Votes","360","12TH CONGRESS","MURPHYSBORO 05","598","12","REPUBLICAN","0"
"39","0","JACKSON","660","MIKE BOST","360","12TH CONGRESS","MURPHYSBORO 05","598","12","REPUBLICAN","32"
"39","0","JACKSON","0","Blank Ballots","360","12TH CONGRESS","SAND RIDGE","514","12","REPUBLICAN","5"
"39","0","JACKSON","0","Over Votes","360","12TH CONGRESS","SAND RIDGE","514","12","REPUBLICAN","0"
"39","0","JACKSON","0","Under Votes","360","12TH CONGRESS","SAND RIDGE","514","12","REPUBLICAN","0"
"39","0","JACKSON","660","MIKE BOST","360","12TH CONGRESS","SAND RIDGE","514","12","REPUBLICAN","44"
"39","0","JACKSON","0","Blank Ballots","360","12TH CONGRESS","CARBONDALE 02","625","12","REPUBLICAN","2"
"39","0","JACKSON","0","Over Votes","360","12TH CONGRESS","CARBONDALE 02","625","12","REPUBLICAN","0"
"39","0","JACKSON","0","Under Votes","360","12TH CONGRESS","CARBONDALE 02","625","12","REPUBLICAN","0"
"39","0","JACKSON","660","MIKE BOST","360","12TH CONGRESS","CARBONDALE 02","625","12","REPUBLICAN","2"
"39","0","JACKSON","0","Blank Ballots","360","12TH CONGRESS","CARBONDALE 12","672","12","REPUBLICAN","4"
"39","0","JACKSON","0","Over Votes","360","12TH CONGRESS","CARBONDALE 12","672","12","REPUBLICAN","0"
"39","0","JACKSON","0","Under Votes","360","12TH CONGRESS","CARBONDALE 12","672","12","REPUBLICAN","0"
"39","0","JACKSON","660","MIKE BOST","360","12TH CONGRESS","CARBONDALE 12","672","12","REPUBLICAN","18"
"39","0","JACKSON","0","Blank Ballots","360","12TH CONGRESS","CARBONDALE 24","643","12","REPUBLICAN","3"
"39","0","JACKSON","0","Over Votes","360","12TH CONGRESS","CARBONDALE 24","643","12","REPUBLICAN","0"
"39","0","JACKSON","0","Under Votes","360","12TH CONGRESS","CARBONDALE 24","643","12","REPUBLICAN","0"
"39","0","JACKSON","660","MIKE BOST","360","12TH CONGRESS","CARBONDALE 24","643","12","REPUBLICAN","17"
"39","0","JACKSON","0","Blank Ballots","360","12TH CONGRESS","ELK 3","438","12","REPUBLICAN","3"
"39","0","JACKSON","0","Over Votes","360","12TH CONGRESS","ELK 3","438","12","REPUBLICAN","0"
"39","0","JACKSON","0","Under Votes","360","12TH CONGRESS","ELK 3","438","12","REPUBLICAN","0"
"39","0","JACKSON","660","MIKE BOST","360","12TH CONGRESS","ELK 3","438","12","REPUBLICAN","62"
"39","0","JACKSON","0","Blank Ballots","360","12TH CONGRESS","GRAND TOWER","386","12","REPUBLICAN","3"
"39","0","JACKSON","0","Over Votes","360","12TH CONGRESS","GRAND TOWER","386","12","REPUBLICAN","0"
"39","0","JACKSON","0","Under Votes","360","12TH CONGRESS","GRAND TOWER","386","12","REPUBLICAN","0"
"39","0","JACKSON","660","MIKE BOST","360","12TH CONGRESS","GRAND TOWER","386","12","REPUBLICAN","33"
"39","0","JACKSON","0","Blank Ballots","360","12TH CONGRESS","MURPHYSBORO 01","775","12","REPUBLICAN","5"
"39","0","JACKSON","0","Over Votes","360","12TH CONGRESS","MURPHYSBORO 01","775","12","REPUBLICAN","0"
"39","0","JACKSON","0","Under Votes","360","12TH CONGRESS","MURPHYSBORO 01","775","12","REPUBLICAN","0"
"39","0","JACKSON","660","MIKE BOST","360","12TH CONGRESS","MURPHYSBORO 01","775","12","REPUBLICAN","50"
"39","0","JACKSON","0","Blank Ballots","360","12TH CONGRESS","MURPHYSBORO 03","859","12","REPUBLICAN","9"
"39","0","JACKSON","0","Over Votes","360","12TH CONGRESS","MURPHYSBORO 03","859","12","REPUBLICAN","0"
"39","0","JACKSON","0","Under Votes","360","12TH CONGRESS","MURPHYSBORO 03","859","12","REPUBLICAN","0"
"39","0","JACKSON","660","MIKE BOST","360","12TH CONGRESS","MURPHYSBORO 03","859","12","REPUBLICAN","81"
"39","0","JACKSON","0","Blank Ballots","360","12TH CONGRESS","MURPHYSBORO 10","452","12","REPUBLICAN","6"
"39","0","JACKSON","0","Over Votes","360","12TH CONGRESS","MURPHYSBORO 10","452","12","REPUBLICAN","0"
"39","0","JACKSON","0","Under Votes","360","12TH CONGRESS","MURPHYSBORO 10","452","12","REPUBLICAN","0"
"39","0","JACKSON","660","MIKE BOST","360","12TH CONGRESS","MURPHYSBORO 10","452","12","REPUBLICAN","65"
"39","0","JACKSON","0","Blank Ballots","360","12TH CONGRESS","ORA","352","12","REPUBLICAN","1"
"39","0","JACKSON","0","Over Votes","360","12TH CONGRESS","ORA","352","12","REPUBLICAN","0"
"39","0","JACKSON","0","Under Votes","360","12TH CONGRESS","ORA","352","12","REPUBLICAN","0"
"39","0","JACKSON","660","MIKE BOST","360","12TH CONGRESS","ORA","352","12","REPUBLICAN","70"
"80","0","RICHLAND","665","HOMER ""CHIP"" MARKEL","360","12TH CONGRESS","CLAREMONT - F12","0","11","","0"
"80","0","RICHLAND","670","JOSHUA QUALLS","360","12TH CONGRESS","CLAREMONT - F12","0","11","","0"
"80","0","RICHLAND","670","JOSHUA QUALLS","360","12TH CONGRESS","OLNEY 2 - 006","454","11","","7"
"80","0","RICHLAND","0","Over Votes","360","12TH CONGRESS","OLNEY 5 - 008","685","11","","0"
"80","0","RICHLAND","0","Under Votes","360","12TH CONGRESS","OLNEY 5 - 008","685","11","","3"
"80","0","RICHLAND","665","HOMER ""CHIP"" MARKEL","360","12TH CONGRESS","OLNEY 5 - 008","685","11","","8"
"80","0","RICHLAND","670","JOSHUA QUALLS","360","12TH CONGRESS","OLNEY 5 - 008","685","11","","7"
"80","0","RICHLAND","0","Over Votes","360","12TH CONGRESS","OLNEY 7 - F12","0","11","","0"
"80","0","RICHLAND","0","Under Votes","360","12TH CONGRESS","OLNEY 7 - F12","0","11","","0"
"80","0","RICHLAND","665","HOMER ""CHIP"" MARKEL","360","12TH CONGRESS","OLNEY 7 - F12","0","11","","0"
"80","0","RICHLAND","670","JOSHUA QUALLS","360","12TH CONGRESS","OLNEY 7 - F12","0","11","","0"
"80","0","RICHLAND","0","Over Votes","360","12TH CONGRESS","OLNEY 11 - F12","0","11","","0"
"80","0","RICHLAND","0","Under Votes","360","12TH CONGRESS","OLNEY 11 - F12","0","11","","0"
"80","0","RICHLAND","665","HOMER ""CHIP"" MARKEL","360","12TH CONGRESS","OLNEY 11 - F12","0","11","","0"
"80","0","RICHLAND","670","JOSHUA QUALLS","360","12TH CONGRESS","OLNEY 11 - F12","0","11","","0"
"80","0","RICHLAND","0","Over Votes","360","12TH CONGRESS","NOBLE 2 - 002","441","11","","0"
"80","0","RICHLAND","0","Under Votes","360","12TH CONGRESS","NOBLE 2 - 002","441","11","","0"
"80","0","RICHLAND","665","HOMER ""CHIP"" MARKEL","360","12TH CONGRESS","NOBLE 2 - 002","441","11","","1"
"80","0","RICHLAND","670","JOSHUA QUALLS","360","12TH CONGRESS","NOBLE 2 - 002","441","11","","1"
"80","0","RICHLAND","0","Over Votes","360","12TH CONGRESS","OLNEY 3 - 006","635","11","","0"
"80","0","RICHLAND","0","Under Votes","360","12TH CONGRESS","OLNEY 3 - 006","635","11","","4"
"80","0","RICHLAND","665","HOMER ""CHIP"" MARKEL","360","12TH CONGRESS","OLNEY 3 - 006","635","11","","12"
"80","0","RICHLAND","670","JOSHUA QUALLS","360","12TH CONGRESS","OLNEY 3 - 006","635","11","","9"
"80","0","RICHLAND","0","Over Votes","360","12TH CONGRESS","OLNEY 6 - 007","543","11","","0"
"80","0","RICHLAND","0","Under Votes","360","12TH CONGRESS","OLNEY 6 - 007","543","11","","1"
"80","0","RICHLAND","665","HOMER ""CHIP"" MARKEL","360","12TH CONGRESS","OLNEY 6 - 007","543","11","","18"
"80","0","RICHLAND","670","JOSHUA QUALLS","360","12TH CONGRESS","OLNEY 6 - 007","543","11","","9"
"80","0","RICHLAND","0","Over Votes","360","12TH CONGRESS","OLNEY 10 - 006","570","11","","0"
"80","0","RICHLAND","0","Under Votes","360","12TH CONGRESS","OLNEY 10 - 006","570","11","","7"
"80","0","RICHLAND","665","HOMER ""CHIP"" MARKEL","360","12TH CONGRESS","OLNEY 10 - 006","570","11","","12"
"80","0","RICHLAND","670","JOSHUA QUALLS","360","12TH CONGRESS","OLNEY 10 - 006","570","11","","11"
"80","0","RICHLAND","0","Over Votes","360","12TH CONGRESS","PRESTON 1 - F12","0","11","","0"
"80","0","RICHLAND","0","Under Votes","360","12TH CONGRESS","PRESTON 1 - F12","0","11","","0"
"80","0","RICHLAND","665","HOMER ""CHIP"" MARKEL","360","12TH CONGRESS","PRESTON 1 - F12","0","11","","0"
"80","0","RICHLAND","670","JOSHUA QUALLS","360","12TH CONGRESS","PRESTON 1 - F12","0","11","","0"
"80","0","RICHLAND","0","Over Votes","360","12TH CONGRESS","CLAREMONT - F12","0","11","","0"
"80","0","RICHLAND","0","Under Votes","360","12TH CONGRESS","GERMAN - F12","0","11","","0"
"80","0","RICHLAND","665","HOMER ""CHIP"" MARKEL","360","12TH CONGRESS","GERMAN - F12","0","11","","0"
"80","0","RICHLAND","670","JOSHUA QUALLS","360","12TH CONGRESS","GERMAN - F12","0","11","","0"
"80","0","RICHLAND","0","Over Votes","360","12TH CONGRESS","GERMAN - F12","0","11","","0"
"80","0","RICHLAND","0","Over Votes","360","12TH CONGRESS","BONPAS - 004","0","11","","0"
"80","0","RICHLAND","0","Under Votes","360","12TH CONGRESS","BONPAS - 004","0","11","","0"
"80","0","RICHLAND","665","HOMER ""CHIP"" MARKEL","360","12TH CONGRESS","BONPAS - 004","0","11","","0"
"80","0","RICHLAND","670","JOSHUA QUALLS","360","12TH CONGRESS","BONPAS - 004","0","11","","0"
"39","0","JACKSON","670","JOSHUA QUALLS","360","12TH CONGRESS","CARBONDALE 07","357","11","DEMOCRATIC","4"
"39","0","JACKSON","0","Under Votes","360","12TH CONGRESS","CARBONDALE 16","594","11","DEMOCRATIC","0"
"39","0","JACKSON","0","Blank Ballots","360","12TH CONGRESS","CARBONDALE 16","594","11","DEMOCRATIC","6"
"39","0","JACKSON","665","HOMER ""CHIP"" MARKEL","360","12TH CONGRESS","CARBONDALE 16","594","11","DEMOCRATIC","49"
"39","0","JACKSON","0","Over Votes","360","12TH CONGRESS","CARBONDALE 16","594","11","DEMOCRATIC","0"
"39","0","JACKSON","670","JOSHUA QUALLS","360","12TH CONGRESS","CARBONDALE 16","594","11","DEMOCRATIC","21"
"39","0","JACKSON","0","Under Votes","360","12TH CONGRESS","DESOTO 1","885","11","DEMOCRATIC","0"
"39","0","JACKSON","0","Blank Ballots","360","12TH CONGRESS","DESOTO 1","885","11","DEMOCRATIC","1"
"39","0","JACKSON","0","Blank Ballots","360","12TH CONGRESS","CARBONDALE 06","742","11","DEMOCRATIC","9"
"39","0","JACKSON","0","Under Votes","360","12TH CONGRESS","CARBONDALE 06","742","11","DEMOCRATIC","0"
"39","0","JACKSON","665","HOMER ""CHIP"" MARKEL","360","12TH CONGRESS","CARBONDALE 06","742","11","DEMOCRATIC","47"
"39","0","JACKSON","0","Over Votes","360","12TH CONGRESS","CARBONDALE 06","742","11","DEMOCRATIC","0"
"39","0","JACKSON","670","JOSHUA QUALLS","360","12TH CONGRESS","CARBONDALE 06","742","11","DEMOCRATIC","23"
"39","0","JACKSON","0","Blank Ballots","360","12TH CONGRESS","CARBONDALE 15","546","11","DEMOCRATIC","7"
"39","0","JACKSON","0","Under Votes","360","12TH CONGRESS","CARBONDALE 15","546","11","DEMOCRATIC","0"
"39","0","JACKSON","665","HOMER ""CHIP"" MARKEL","360","12TH CONGRESS","CARBONDALE 15","546","11","DEMOCRATIC","87"
"39","0","JACKSON","0","Over Votes","360","12TH CONGRESS","CARBONDALE 15","546","11","DEMOCRATIC","0"
"39","0","JACKSON","670","JOSHUA QUALLS","360","12TH CONGRESS","CARBONDALE 15","546","11","DEMOCRATIC","24"
"39","0","JACKSON","0","Blank Ballots","360","12TH CONGRESS","DEGOGNIA","103","11","DEMOCRATIC","4"
"39","0","JACKSON","0","Under Votes","360","12TH CONGRESS","DEGOGNIA","103","11","DEMOCRATIC","0"
"39","0","JACKSON","665","HOMER ""CHIP"" MARKEL","360","12TH CONGRESS","DEGOGNIA","103","11","DEMOCRATIC","11"
"39","0","JACKSON","0","Over Votes","360","12TH CONGRESS","DEGOGNIA","103","11","DEMOCRATIC","0"
"39","0","JACKSON","670","JOSHUA QUALLS","360","12TH CONGRESS","DEGOGNIA","103","11","DEMOCRATIC","6"
"39","0","JACKSON","0","Blank Ballots","360","12TH CONGRESS","BRADLEY-AVA","587","11","DEMOCRATIC","3"
"39","0","JACKSON","0","Under Votes","360","12TH CONGRESS","BRADLEY-AVA","587","11","DEMOCRATIC","0"
"39","0","JACKSON","665","HOMER ""CHIP"" MARKEL","360","12TH CONGRESS","BRADLEY-AVA","587","11","DEMOCRATIC","13"
"39","0","JACKSON","0","Over Votes","360","12TH CONGRESS","BRADLEY-AVA","587","11","DEMOCRATIC","0"
"39","0","JACKSON","670","JOSHUA QUALLS","360","12TH CONGRESS","BRADLEY-AVA","587","11","DEMOCRATIC","5"
"39","0","JACKSON","0","Blank Ballots","360","12TH CONGRESS","CARBONDALE 09","439","11","DEMOCRATIC","2"
"39","0","JACKSON","0","Under Votes","360","12TH CONGRESS","CARBONDALE 05","463","11","DEMOCRATIC","0"
"39","0","JACKSON","0","Blank Ballots","360","12TH CONGRESS","CARBONDALE 05","463","11","DEMOCRATIC","11"
"39","0","JACKSON","665","HOMER ""CHIP"" MARKEL","360","12TH CONGRESS","CARBONDALE 05","463","11","DEMOCRATIC","33"
"39","0","JACKSON","0","Over Votes","360","12TH CONGRESS","CARBONDALE 05","463","11","DEMOCRATIC","0"
"39","0","JACKSON","670","JOSHUA QUALLS","360","12TH CONGRESS","CARBONDALE 05","463","11","DEMOCRATIC","15"
"39","0","JACKSON","0","Under Votes","360","12TH CONGRESS","CARBONDALE 14","664","11","DEMOCRATIC","0"
"39","0","JACKSON","0","Blank Ballots","360","12TH CONGRESS","CARBONDALE 14","664","11","DEMOCRATIC","10"
"39","0","JACKSON","665","HOMER ""CHIP"" MARKEL","360","12TH CONGRESS","CARBONDALE 14","664","11","DEMOCRATIC","88"
"39","0","JACKSON","0","Over Votes","360","12TH CONGRESS","CARBONDALE 14","664","11","DEMOCRATIC","0"
"39","0","JACKSON","670","JOSHUA QUALLS","360","12TH CONGRESS","CARBONDALE 14","664","11","DEMOCRATIC","49"
"39","0","JACKSON","0","Over Votes","360","12TH CONGRESS","CARBONDALE 26","445","11","DEMOCRATIC","0"
"39","0","JACKSON","0","Under Votes","360","12TH CONGRESS","CARBONDALE 26","445","11","DEMOCRATIC","0"
"17","0","CRAWFORD","0","Under Votes","360","12TH CONGRESS","ROBINSON 5","430","12","REPUBLICAN","11"
"17","0","CRAWFORD","660","MIKE BOST","360","12TH CONGRESS","OBLONG 1","645","12","REPUBLICAN","179"
"17","0","CRAWFORD","0","Over Votes","360","12TH CONGRESS","OBLONG 1","645","12","REPUBLICAN","0"
"17","0","CRAWFORD","0","Blank Ballots","360","12TH CONGRESS","OBLONG 1","645","12","REPUBLICAN","0"
"17","0","CRAWFORD","0","Under Votes","360","12TH CONGRESS","OBLONG 1","645","12","REPUBLICAN","23"
"17","0","CRAWFORD","660","MIKE BOST","360","12TH CONGRESS","ROBINSON 3","982","12","REPUBLICAN","206"
"17","0","CRAWFORD","0","Over Votes","360","12TH CONGRESS","ROBINSON 3","982","12","REPUBLICAN","0"
"17","0","CRAWFORD","0","Blank Ballots","360","12TH CONGRESS","ROBINSON 3","982","12","REPUBLICAN","0"
"17","0","CRAWFORD","0","Under Votes","360","12TH CONGRESS","ROBINSON 3","982","12","REPUBLICAN","44"
"17","0","CRAWFORD","0","Under Votes","360","12TH CONGRESS","ROBINSON 2","497","12","REPUBLICAN","9"
"17","0","CRAWFORD","660","MIKE BOST","360","12TH CONGRESS","ROBINSON 9","507","12","REPUBLICAN","90"
"17","0","CRAWFORD","0","Over Votes","360","12TH CONGRESS","ROBINSON 9","507","12","REPUBLICAN","0"
"17","0","CRAWFORD","0","Blank Ballots","360","12TH CONGRESS","ROBINSON 9","507","12","REPUBLICAN","0"
"17","0","CRAWFORD","0","Under Votes","360","12TH CONGRESS","ROBINSON 9","507","12","REPUBLICAN","13"
"17","0","CRAWFORD","660","MIKE BOST","360","12TH CONGRESS","HONEY CREEK 2","541","12","REPUBLICAN","123"
"17","0","CRAWFORD","0","Over Votes","360","12TH CONGRESS","HONEY CREEK 2","541","12","REPUBLICAN","0"
"17","0","CRAWFORD","0","Blank Ballots","360","12TH CONGRESS","HONEY CREEK 2","541","12","REPUBLICAN","0"
"17","0","CRAWFORD","0","Under Votes","360","12TH CONGRESS","HONEY CREEK 2","541","12","REPUBLICAN","22"
"17","0","CRAWFORD","660","MIKE BOST","360","12TH CONGRESS","MONTGOMERY","453","12","REPUBLICAN","102"
"17","0","CRAWFORD","0","Over Votes","360","12TH CONGRESS","MONTGOMERY","453","12","REPUBLICAN","0"
"17","0","CRAWFORD","0","Blank Ballots","360","12TH CONGRESS","MONTGOMERY","453","12","REPUBLICAN","0"
"17","0","CRAWFORD","0","Under Votes","360","12TH CONGRESS","MONTGOMERY","453","12","REPUBLICAN","18"
"17","0","CRAWFORD","660","MIKE BOST","360","12TH CONGRESS","ROBINSON 6","830","12","REPUBLICAN","147"
"17","0","CRAWFORD","0","Over Votes","360","12TH CONGRESS","ROBINSON 6","830","12","REPUBLICAN","0"
"17","0","CRAWFORD","0","Blank Ballots","360","12TH CONGRESS","ROBINSON 6","830","12","REPUBLICAN","0"
"17","0","CRAWFORD","0","Under Votes","360","12TH CONGRESS","ROBINSON 6","830","12","REPUBLICAN","29"
"17","0","CRAWFORD","660","MIKE BOST","360","12TH CONGRESS","LAMOTTE 1","786","12","REPUBLICAN","150"
"17","0","CRAWFORD","0","Under Votes","360","12TH CONGRESS","LAMOTTE 1","786","12","REPUBLICAN","26"
"17","0","CRAWFORD","0","Over Votes","360","12TH CONGRESS","LAMOTTE 1","786","12","REPUBLICAN","0"
"17","0","CRAWFORD","0","Blank Ballots","360","12TH CONGRESS","LAMOTTE 1","786","12","REPUBLICAN","0"
"17","0","CRAWFORD","660","MIKE BOST","360","12TH CONGRESS","OBLONG 3","355","12","REPUBLICAN","96"
"17","0","CRAWFORD","0","Over Votes","360","12TH CONGRESS","OBLONG 3","355","12","REPUBLICAN","0"
"17","0","CRAWFORD","0","Blank Ballots","360","12TH CONGRESS","OBLONG 3","355","12","REPUBLICAN","0"
"17","0","CRAWFORD","0","Under Votes","360","12TH CONGRESS","OBLONG 3","355","12","REPUBLICAN","18"
"17","0","CRAWFORD","660","MIKE BOST","360","12TH CONGRESS","ROBINSON 2","497","12","REPUBLICAN","87"
"17","0","CRAWFORD","0","Over Votes","360","12TH CONGRESS","ROBINSON 2","497","12","REPUBLICAN","0"
"17","0","CRAWFORD","0","Blank Ballots","360","12TH CONGRESS","ROBINSON 2","497","12","REPUBLICAN","0"
"17","0","CRAWFORD","660","MIKE BOST","360","12TH CONGRESS","OBLONG 2","805","12","REPUBLICAN","204"
"17","0","CRAWFORD","0","Over Votes","360","12TH CONGRESS","OBLONG 2","805","12","REPUBLICAN","0"
"17","0","CRAWFORD","0","Blank Ballots","360","12TH CONGRESS","OBLONG 2","805","12","REPUBLICAN","0"
"17","0","CRAWFORD","0","Under Votes","360","12TH CONGRESS","OBLONG 2","805","12","REPUBLICAN","46"
"17","0","CRAWFORD","660","MIKE BOST","360","12TH CONGRESS","ROBINSON 4","406","12","REPUBLICAN","65"
"17","0","CRAWFORD","0","Over Votes","360","12TH CONGRESS","ROBINSON 4","406","12","REPUBLICAN","0"
"73","0","PERRY","660","MIKE BOST","360","12TH CONGRESS","SUNFIELD","882","12","REPUBLICAN","165"
"73","0","PERRY","0","Blank Ballots","360","12TH CONGRESS","SUNFIELD","882","12","REPUBLICAN","11"
"73","0","PERRY","0","Under Votes","360","12TH CONGRESS","BEAUCOUP","623","12","REPUBLICAN","0"
"73","0","PERRY","0","Over Votes","360","12TH CONGRESS","BEAUCOUP","623","12","REPUBLICAN","0"
"73","0","PERRY","660","MIKE BOST","360","12TH CONGRESS","BEAUCOUP","623","12","REPUBLICAN","99"
"73","0","PERRY","0","Blank Ballots","360","12TH CONGRESS","BEAUCOUP","623","12","REPUBLICAN","4"
"73","0","PERRY","0","Under Votes","360","12TH CONGRESS","DUQUOIN 8","530","12","REPUBLICAN","0"
"73","0","PERRY","0","Over Votes","360","12TH CONGRESS","DUQUOIN 8","530","12","REPUBLICAN","0"
"73","0","PERRY","660","MIKE BOST","360","12TH CONGRESS","DUQUOIN 8","530","12","REPUBLICAN","49"
"73","0","PERRY","0","Blank Ballots","360","12TH CONGRESS","DUQUOIN 8","530","12","REPUBLICAN","3"
"73","0","PERRY","0","Under Votes","360","12TH CONGRESS","PINCKNEYVILLE 5","554","12","REPUBLICAN","0"
"73","0","PERRY","0","Over Votes","360","12TH CONGRESS","PINCKNEYVILLE 5","554","12","REPUBLICAN","0"
"73","0","PERRY","660","MIKE BOST","360","12TH CONGRESS","PINCKNEYVILLE 5","554","12","REPUBLICAN","99"
"73","0","PERRY","0","Blank Ballots","360","12TH CONGRESS","PINCKNEYVILLE 5","554","12","REPUBLICAN","13"
"73","0","PERRY","0","Over Votes","360","12TH CONGRESS","DUQUOIN 6","367","12","REPUBLICAN","0"
"73","0","PERRY","0","Under Votes","360","12TH CONGRESS","DUQUOIN 6","367","12","REPUBLICAN","0"
"73","0","PERRY","660","MIKE BOST","360","12TH CONGRESS","DUQUOIN 6","367","12","REPUBLICAN","31"
"73","0","PERRY","0","Blank Ballots","360","12TH CONGRESS","DUQUOIN 6","367","12","REPUBLICAN","2"
"73","0","PERRY","0","Over Votes","360","12TH CONGRESS","PINCKNEYVILLE 3","658","12","REPUBLICAN","0"
"73","0","PERRY","0","Under Votes","360","12TH CONGRESS","PINCKNEYVILLE 3","658","12","REPUBLICAN","0"
"73","0","PERRY","660","MIKE BOST","360","12TH CONGRESS","PINCKNEYVILLE 3","658","12","REPUBLICAN","132"
"73","0","PERRY","0","Blank Ballots","360","12TH CONGRESS","PINCKNEYVILLE 3","658","12","REPUBLICAN","15"
"73","0","PERRY","0","Over Votes","360","12TH CONGRESS","TAMAROA 2","601","12","REPUBLICAN","0"
"73","0","PERRY","0","Under Votes","360","12TH CONGRESS","TAMAROA 2","601","12","REPUBLICAN","0"
"73","0","PERRY","660","MIKE BOST","360","12TH CONGRESS","TAMAROA 2","601","12","REPUBLICAN","97"
"73","0","PERRY","0","Blank Ballots","360","12TH CONGRESS","TAMAROA 2","601","12","REPUBLICAN","9"
"73","0","PERRY","0","Under Votes","360","12TH CONGRESS","DUQUOIN 5","502","12","REPUBLICAN","0"
"73","0","PERRY","0","Over Votes","360","12TH CONGRESS","DUQUOIN 5","502","12","REPUBLICAN","0"
"73","0","PERRY","660","MIKE BOST","360","12TH CONGRESS","DUQUOIN 5","502","12","REPUBLICAN","38"
"73","0","PERRY","0","Blank Ballots","360","12TH CONGRESS","DUQUOIN 5","502","12","REPUBLICAN","3"
"73","0","PERRY","0","Over Votes","360","12TH CONGRESS","DUQUOIN 7","495","12","REPUBLICAN","0"
"73","0","PERRY","0","Under Votes","360","12TH CONGRESS","DUQUOIN 7","495","12","REPUBLICAN","0"
"73","0","PERRY","660","MIKE BOST","360","12TH CONGRESS","DUQUOIN 7","495","12","REPUBLICAN","73"
"73","0","PERRY","0","Blank Ballots","360","12TH CONGRESS","DUQUOIN 7","495","12","REPUBLICAN","5"
"73","0","PERRY","0","Over Votes","360","12TH CONGRESS","PINCKNEYVILLE 2","554","12","REPUBLICAN","0"
"73","0","PERRY","0","Under Votes","360","12TH CONGRESS","PINCKNEYVILLE 2","554","12","REPUBLICAN","0"
"73","0","PERRY","660","MIKE BOST","360","12TH CONGRESS","PINCKNEYVILLE 2","554","12","REPUBLICAN","90"
"73","0","PERRY","0","Blank Ballots","360","12TH CONGRESS","PINCKNEYVILLE 2","554","12","REPUBLICAN","11"
"73","0","PERRY","0","Over Votes","360","12TH CONGRESS","TAMAROA 1","538","12","REPUBLICAN","0"
"73","0","PERRY","0","Under Votes","360","12TH CONGRESS","TAMAROA 1","538","12","REPUBLICAN","0"
"73","0","PERRY","660","MIKE BOST","360","12TH CONGRESS","TAMAROA 1","538","12","REPUBLICAN","74"
"73","0","PERRY","0","Blank Ballots","360","12TH CONGRESS","TAMAROA 1","538","12","REPUBLICAN","6"
"73","0","PERRY","0","Under Votes","360","12TH CONGRESS","DUQUOIN 11","584","12","REPUBLICAN","0"
"25","0","EFFINGHAM","0","Over Votes","360","12TH CONGRESS","WATSON 1","0","12","REPUBLICAN","0"
"25","0","EFFINGHAM","0","Under Votes","360","12TH CONGRESS","DOUGLAS 10","0","12","REPUBLICAN","9"
"25","0","EFFINGHAM","660","MIKE BOST","360","12TH CONGRESS","DOUGLAS 10","0","12","REPUBLICAN","33"
"25","0","EFFINGHAM","0","Over Votes","360","12TH CONGRESS","DOUGLAS 10","0","12","REPUBLICAN","0"
"25","0","EFFINGHAM","0","Under Votes","360","12TH CONGRESS","DOUGLAS 13","0","12","REPUBLICAN","23"
"25","0","EFFINGHAM","660","MIKE BOST","360","12TH CONGRESS","DOUGLAS 13","0","12","REPUBLICAN","111"
"25","0","EFFINGHAM","0","Over Votes","360","12TH CONGRESS","DOUGLAS 13","0","12","REPUBLICAN","0"
"25","0","EFFINGHAM","0","Under Votes","360","12TH CONGRESS","DOUGLAS 4","0","12","REPUBLICAN","28"
"25","0","EFFINGHAM","660","MIKE BOST","360","12TH CONGRESS","DOUGLAS 4","0","12","REPUBLICAN","133"
"25","0","EFFINGHAM","0","Over Votes","360","12TH CONGRESS","DOUGLAS 7","0","12","REPUBLICAN","0"
"25","0","EFFINGHAM","0","Under Votes","360","12TH CONGRESS","DOUGLAS 7","0","12","REPUBLICAN","38"
"25","0","EFFINGHAM","660","MIKE BOST","360","12TH CONGRESS","DOUGLAS 7","0","12","REPUBLICAN","149"
"25","0","EFFINGHAM","0","Over Votes","360","12TH CONGRESS","ST. FRANCIS","0","12","REPUBLICAN","0"
"25","0","EFFINGHAM","0","Under Votes","360","12TH CONGRESS","ST. FRANCIS","0","12","REPUBLICAN","56"
"25","0","EFFINGHAM","660","MIKE BOST","360","12TH CONGRESS","ST. FRANCIS","0","12","REPUBLICAN","234"
"25","0","EFFINGHAM","0","Under Votes","360","12TH CONGRESS","SUMMIT 5","0","12","REPUBLICAN","10"
"25","0","EFFINGHAM","660","MIKE BOST","360","12TH CONGRESS","SUMMIT 5","0","12","REPUBLICAN","42"
"25","0","EFFINGHAM","0","Over Votes","360","12TH CONGRESS","SUMMIT 5","0","12","REPUBLICAN","0"
"25","0","EFFINGHAM","0","Under Votes","360","12TH CONGRESS","DOUGLAS 8","0","12","REPUBLICAN","13"
"25","0","EFFINGHAM","660","MIKE BOST","360","12TH CONGRESS","DOUGLAS 8","0","12","REPUBLICAN","92"
"25","0","EFFINGHAM","0","Over Votes","360","12TH CONGRESS","DOUGLAS 8","0","12","REPUBLICAN","0"
"25","0","EFFINGHAM","660","MIKE BOST","360","12TH CONGRESS","DOUGLAS 11","0","12","REPUBLICAN","81"
"25","0","EFFINGHAM","0","Over Votes","360","12TH CONGRESS","DOUGLAS 11","0","12","REPUBLICAN","0"
"25","0","EFFINGHAM","0","Under Votes","360","12TH CONGRESS","DOUGLAS 11","0","12","REPUBLICAN","18"
"25","0","EFFINGHAM","0","Under Votes","360","12TH CONGRESS","MOUND 2","0","12","REPUBLICAN","49"
"25","0","EFFINGHAM","660","MIKE BOST","360","12TH CONGRESS","MOUND 2","0","12","REPUBLICAN","209"
"25","0","EFFINGHAM","0","Over Votes","360","12TH CONGRESS","MOUND 2","0","12","REPUBLICAN","0"
"25","0","EFFINGHAM","0","Under Votes","360","12TH CONGRESS","LIBERTY","0","12","REPUBLICAN","22"
"25","0","EFFINGHAM","660","MIKE BOST","360","12TH CONGRESS","LIBERTY","0","12","REPUBLICAN","106"
"25","0","EFFINGHAM","0","Over Votes","360","12TH CONGRESS","LIBERTY","0","12","REPUBLICAN","0"
"25","0","EFFINGHAM","0","Under Votes","360","12TH CONGRESS","WATSON 2","0","12","REPUBLICAN","27"
"25","0","EFFINGHAM","660","MIKE BOST","360","12TH CONGRESS","WATSON 2","0","12","REPUBLICAN","182"
"25","0","EFFINGHAM","0","Over Votes","360","12TH CONGRESS","WATSON 2","0","12","REPUBLICAN","0"
"25","0","EFFINGHAM","0","Under Votes","360","12TH CONGRESS","DOUGLAS 1","0","12","REPUBLICAN","24"
"25","0","EFFINGHAM","660","MIKE BOST","360","12TH CONGRESS","DOUGLAS 1","0","12","REPUBLICAN","186"
"25","0","EFFINGHAM","0","Over Votes","360","12TH CONGRESS","DOUGLAS 1","0","12","REPUBLICAN","0"
"25","0","EFFINGHAM","0","Under Votes","360","12TH CONGRESS","DOUGLAS 14","0","12","REPUBLICAN","44"
"25","0","EFFINGHAM","660","MIKE BOST","360","12TH CONGRESS","DOUGLAS 14","0","12","REPUBLICAN","185"
"25","0","EFFINGHAM","0","Over Votes","360","12TH CONGRESS","DOUGLAS 14","0","12","REPUBLICAN","0"
"25","0","EFFINGHAM","0","Under Votes","360","12TH CONGRESS","TEUTOPOLIS 3","0","12","REPUBLICAN","51"
"25","0","EFFINGHAM","660","MIKE BOST","360","12TH CONGRESS","TEUTOPOLIS 3","0","12","REPUBLICAN","167"
"25","0","EFFINGHAM","0","Over Votes","360","12TH CONGRESS","TEUTOPOLIS 3","0","12","REPUBLICAN","0"
"25","0","EFFINGHAM","0","Under Votes","360","12TH CONGRESS","SUMMIT 3","0","12","REPUBLICAN","31"
"44","0","JOHNSON","0","Over Votes","360","12TH CONGRESS","VIENNA 3 - F12","0","12","","0"
"44","0","JOHNSON","0","Under Votes","360","12TH CONGRESS","VIENNA 3 - F12","0","12","","0"
"44","0","JOHNSON","660","MIKE BOST","360","12TH CONGRESS","BURNSIDE - 001","343","12","","89"
"44","0","JOHNSON","0","Over Votes","360","12TH CONGRESS","BURNSIDE - 001","343","12","","0"
"44","0","JOHNSON","0","Under Votes","360","12TH CONGRESS","BURNSIDE - 001","343","12","","14"
"44","0","JOHNSON","660","MIKE BOST","360","12TH CONGRESS","LAKE 1 - F12","0","12","","0"
"44","0","JOHNSON","0","Over Votes","360","12TH CONGRESS","LAKE 1 - F12","0","12","","0"
"44","0","JOHNSON","0","Under Votes","360","12TH CONGRESS","LAKE 1 - F12","0","12","","0"
"44","0","JOHNSON","660","MIKE BOST","360","12TH CONGRESS","SIMPSON - F12","0","12","","0"
"44","0","JOHNSON","0","Over Votes","360","12TH CONGRESS","SIMPSON - F12","0","12","","0"
"44","0","JOHNSON","0","Under Votes","360","12TH CONGRESS","SIMPSON - F12","0","12","","0"
"44","0","JOHNSON","0","Over Votes","360","12TH CONGRESS","VIENNA 2 - F12","0","12","","0"
"44","0","JOHNSON","660","MIKE BOST","360","12TH CONGRESS","VIENNA 2 - F12","0","12","","0"
"44","0","JOHNSON","0","Under Votes","360","12TH CONGRESS","VIENNA 2 - F12","0","12","","0"
"44","0","JOHNSON","660","MIKE BOST","360","12TH CONGRESS","ELVIRA - 001","551","12","","132"
"44","0","JOHNSON","0","Over Votes","360","12TH CONGRESS","ELVIRA - 001","551","12","","0"
"44","0","JOHNSON","0","Under Votes","360","12TH CONGRESS","ELVIRA - 001","551","12","","19"
"44","0","JOHNSON","660","MIKE BOST","360","12TH CONGRESS","GRANTSBURG - 001","505","12","","125"
"44","0","JOHNSON","0","Over Votes","360","12TH CONGRESS","GRANTSBURG - 001","505","12","","0"
"44","0","JOHNSON","0","Under Votes","360","12TH CONGRESS","GRANTSBURG - 001","505","12","","24"
"44","0","JOHNSON","660","MIKE BOST","360","12TH CONGRESS","OZARK - 001","422","12","","128"
"44","0","JOHNSON","0","Over Votes","360","12TH CONGRESS","OZARK - 001","422","12","","0"
"44","0","JOHNSON","0","Under Votes","360","12TH CONGRESS","OZARK - 001","422","12","","24"
"44","0","JOHNSON","660","MIKE BOST","360","12TH CONGRESS","VIENNA 1 - 001","438","12","","104"
"44","0","JOHNSON","0","Over Votes","360","12TH CONGRESS","VIENNA 1 - 001","438","12","","0"
"44","0","JOHNSON","0","Under Votes","360","12TH CONGRESS","VIENNA 1 - 001","438","12","","23"
"44","0","JOHNSON","660","MIKE BOST","360","12TH CONGRESS","TUNNEL HILL - 001","592","12","","107"
"44","0","JOHNSON","0","Over Votes","360","12TH CONGRESS","TUNNEL HILL - 001","592","12","","0"
"44","0","JOHNSON","0","Under Votes","360","12TH CONGRESS","TUNNEL HILL - 001","592","12","","20"
"44","0","JOHNSON","660","MIKE BOST","360","12TH CONGRESS","VIENNA 3 - 001","381","12","","68"
"44","0","JOHNSON","0","Over Votes","360","12TH CONGRESS","VIENNA 3 - 001","381","12","","0"
"44","0","JOHNSON","0","Under Votes","360","12TH CONGRESS","VIENNA 3 - 001","381","12","","14"
"44","0","JOHNSON","0","Over Votes","360","12TH CONGRESS","BURNSIDE - F12","0","12","","0"
"44","0","JOHNSON","660","MIKE BOST","360","12TH CONGRESS","BURNSIDE - F12","0","12","","0"
"44","0","JOHNSON","0","Under Votes","360","12TH CONGRESS","BURNSIDE - F12","0","12","","0"
"44","0","JOHNSON","0","Over Votes","360","12TH CONGRESS","GOREVILLE 1 - F12","0","12","","0"
"44","0","JOHNSON","660","MIKE BOST","360","12TH CONGRESS","GOREVILLE 1 - F12","0","12","","0"
"44","0","JOHNSON","0","Under Votes","360","12TH CONGRESS","GOREVILLE 1 - F12","0","12","","0"
"28","0","FRANKLIN","0","Under Votes","360","12TH CONGRESS","BENTON 1","0","11","DEMOCRATIC","1"
"28","0","FRANKLIN","670","JOSHUA QUALLS","360","12TH CONGRESS","BENTON 1","0","11","DEMOCRATIC","16"
"28","0","FRANKLIN","0","Over Votes","360","12TH CONGRESS","BENTON 1","0","11","DEMOCRATIC","0"
"28","0","FRANKLIN","665","HOMER ""CHIP"" MARKEL","360","12TH CONGRESS","BENTON 1","0","11","DEMOCRATIC","20"
"28","0","FRANKLIN","0","Under Votes","360","12TH CONGRESS","BENTON 2","0","11","DEMOCRATIC","7"
"28","0","FRANKLIN","670","JOSHUA QUALLS","360","12TH CONGRESS","BENTON 2","0","11","DEMOCRATIC","13"
"28","0","FRANKLIN","0","Over Votes","360","12TH CONGRESS","BENTON 2","0","11","DEMOCRATIC","0"
"28","0","FRANKLIN","665","HOMER ""CHIP"" MARKEL","360","12TH CONGRESS","BENTON 2","0","11","DEMOCRATIC","13"
"28","0","FRANKLIN","0","Under Votes","360","12TH CONGRESS","BENTON 3","0","11","DEMOCRATIC","1"
"28","0","FRANKLIN","670","JOSHUA QUALLS","360","12TH CONGRESS","BENTON 3","0","11","DEMOCRATIC","7"
"28","0","FRANKLIN","0","Over Votes","360","12TH CONGRESS","BENTON 3","0","11","DEMOCRATIC","0"
"28","0","FRANKLIN","665","HOMER ""CHIP"" MARKEL","360","12TH CONGRESS","BENTON 3","0","11","DEMOCRATIC","5"
"28","0","FRANKLIN","0","Under Votes","360","12TH CONGRESS","TYRONE 1","0","11","DEMOCRATIC","2"
"28","0","FRANKLIN","670","JOSHUA QUALLS","360","12TH CONGRESS","TYRONE 1","0","11","DEMOCRATIC","7"
"28","0","FRANKLIN","0","Over Votes","360","12TH CONGRESS","TYRONE 1","0","11","DEMOCRATIC","0"
"28","0","FRANKLIN","665","HOMER ""CHIP"" MARKEL","360","12TH CONGRESS","TYRONE 1","0","11","DEMOCRATIC","11"
"28","0","FRANKLIN","0","Under Votes","360","12TH CONGRESS","TYRONE 2","0","11","DEMOCRATIC","9"
"28","0","FRANKLIN","670","JOSHUA QUALLS","360","12TH CONGRESS","TYRONE 2","0","11","DEMOCRATIC","16"
"28","0","FRANKLIN","0","Over Votes","360","12TH CONGRESS","TYRONE 2","0","11","DEMOCRATIC","0"
"28","0","FRANKLIN","665","HOMER ""CHIP"" MARKEL","360","12TH CONGRESS","TYRONE 2","0","11","DEMOCRATIC","34"
"28","0","FRANKLIN","0","Under Votes","360","12TH CONGRESS","TYRONE 3","0","11","DEMOCRATIC","1"
"28","0","FRANKLIN","670","JOSHUA QUALLS","360","12TH CONGRESS","TYRONE 3","0","11","DEMOCRATIC","5"
"28","0","FRANKLIN","0","Over Votes","360","12TH CONGRESS","TYRONE 3","0","11","DEMOCRATIC","0"
"28","0","FRANKLIN","665","HOMER ""CHIP"" MARKEL","360","12TH CONGRESS","TYRONE 3","0","11","DEMOCRATIC","11"
"28","0","FRANKLIN","0","Under Votes","360","12TH CONGRESS","TYRONE 4","0","11","DEMOCRATIC","4"
"28","0","FRANKLIN","670","JOSHUA QUALLS","360","12TH CONGRESS","TYRONE 4","0","11","DEMOCRATIC","22"
"28","0","FRANKLIN","0","Over Votes","360","12TH CONGRESS","TYRONE 4","0","11","DEMOCRATIC","0"
"28","0","FRANKLIN","665","HOMER ""CHIP"" MARKEL","360","12TH CONGRESS","TYRONE 4","0","11","DEMOCRATIC","23"
"28","0","FRANKLIN","0","Under Votes","360","12TH CONGRESS","FRANKFORT 3","0","11","DEMOCRATIC","4"
"28","0","FRANKLIN","670","JOSHUA QUALLS","360","12TH CONGRESS","FRANKFORT 3","0","11","DEMOCRATIC","9"
"28","0","FRANKLIN","665","HOMER ""CHIP"" MARKEL","360","12TH CONGRESS","FRANKFORT 3","0","11","DEMOCRATIC","20"
"28","0","FRANKLIN","0","Over Votes","360","12TH CONGRESS","FRANKFORT 3","0","11","DEMOCRATIC","0"
"28","0","FRANKLIN","0","Under Votes","360","12TH CONGRESS","FRANKFORT 4","0","11","DEMOCRATIC","10"
"28","0","FRANKLIN","670","JOSHUA QUALLS","360","12TH CONGRESS","FRANKFORT 4","0","11","DEMOCRATIC","16"
"28","0","FRANKLIN","665","HOMER ""CHIP"" MARKEL","360","12TH CONGRESS","FRANKFORT 4","0","11","DEMOCRATIC","31"
"28","0","FRANKLIN","0","Over Votes","360","12TH CONGRESS","FRANKFORT 4","0","11","DEMOCRATIC","1"
"28","0","FRANKLIN","0","Under Votes","360","12TH CONGRESS","CAVE","0","11","DEMOCRATIC","1"
"28","0","FRANKLIN","670","JOSHUA QUALLS","360","12TH CONGRESS","CAVE","0","11","DEMOCRATIC","9"
"28","0","FRANKLIN","665","HOMER ""CHIP"" MARKEL","360","12TH CONGRESS","CAVE","0","11","DEMOCRATIC","17"
"28","0","FRANKLIN","0","Over Votes","360","12TH CONGRESS","CAVE","0","11","DEMOCRATIC","0"
"28","0","FRANKLIN","0","Under Votes","360","12TH CONGRESS","DENNING 5","0","11","DEMOCRATIC","3"
"28","0","FRANKLIN","670","JOSHUA QUALLS","360","12TH CONGRESS","DENNING 5","0","11","DEMOCRATIC","5"
"28","0","FRANKLIN","0","Over Votes","360","12TH CONGRESS","DENNING 5","0","11","DEMOCRATIC","0"
"28","0","FRANKLIN","665","HOMER ""CHIP"" MARKEL","360","12TH CONGRESS","DENNING 5","0","11","DEMOCRATIC","13"
"28","0","FRANKLIN","0","Over Votes","360","12TH CONGRESS","FRANKFORT 1","0","11","DEMOCRATIC","0"
"28","0","FRANKLIN","665","HOMER ""CHIP"" MARKEL","360","12TH CONGRESS","FRANKFORT 1","0","11","DEMOCRATIC","22"
"28","0","FRANKLIN","0","Under Votes","360","12TH CONGRESS","FRANKFORT 1","0","11","DEMOCRATIC","7"
"28","0","FRANKLIN","670","JOSHUA QUALLS","360","12TH CONGRESS","FRANKFORT 1","0","11","DEMOCRATIC","16"
"28","0","FRANKLIN","0","Under Votes","360","12TH CONGRESS","FRANKFORT 2","0","11","DEMOCRATIC","1"
"25","0","EFFINGHAM","670","JOSHUA QUALLS","360","12TH CONGRESS","LIBERTY","0","11","DEMOCRATIC","8"
"25","0","EFFINGHAM","0","Over Votes","360","12TH CONGRESS","LIBERTY","0","11","DEMOCRATIC","0"
"25","0","EFFINGHAM","0","Under Votes","360","12TH CONGRESS","WATSON 2","0","11","DEMOCRATIC","3"
"25","0","EFFINGHAM","670","JOSHUA QUALLS","360","12TH CONGRESS","WATSON 2","0","11","DEMOCRATIC","9"
"25","0","EFFINGHAM","0","Over Votes","360","12TH CONGRESS","WATSON 2","0","11","DEMOCRATIC","0"
"25","0","EFFINGHAM","665","HOMER ""CHIP"" MARKEL","360","12TH CONGRESS","WATSON 2","0","11","DEMOCRATIC","12"
"25","0","EFFINGHAM","0","Under Votes","360","12TH CONGRESS","DOUGLAS 1","0","11","DEMOCRATIC","3"
"25","0","EFFINGHAM","665","HOMER ""CHIP"" MARKEL","360","12TH CONGRESS","DOUGLAS 1","0","11","DEMOCRATIC","5"
"25","0","EFFINGHAM","670","JOSHUA QUALLS","360","12TH CONGRESS","DOUGLAS 1","0","11","DEMOCRATIC","2"
"25","0","EFFINGHAM","0","Over Votes","360","12TH CONGRESS","DOUGLAS 1","0","11","DEMOCRATIC","0"
"25","0","EFFINGHAM","0","Under Votes","360","12TH CONGRESS","DOUGLAS 14","0","11","DEMOCRATIC","5"
"25","0","EFFINGHAM","665","HOMER ""CHIP"" MARKEL","360","12TH CONGRESS","DOUGLAS 14","0","11","DEMOCRATIC","20"
"25","0","EFFINGHAM","670","JOSHUA QUALLS","360","12TH CONGRESS","DOUGLAS 14","0","11","DEMOCRATIC","10"
"25","0","EFFINGHAM","0","Over Votes","360","12TH CONGRESS","DOUGLAS 14","0","11","DEMOCRATIC","0"
"25","0","EFFINGHAM","0","Under Votes","360","12TH CONGRESS","TEUTOPOLIS 3","0","11","DEMOCRATIC","3"
"25","0","EFFINGHAM","665","HOMER ""CHIP"" MARKEL","360","12TH CONGRESS","TEUTOPOLIS 3","0","11","DEMOCRATIC","6"
"25","0","EFFINGHAM","670","JOSHUA QUALLS","360","12TH CONGRESS","TEUTOPOLIS 3","0","11","DEMOCRATIC","3"
"25","0","EFFINGHAM","0","Over Votes","360","12TH CONGRESS","TEUTOPOLIS 3","0","11","DEMOCRATIC","0"
"18","0","CUMBERLAND","0","Over Votes","360","12TH CONGRESS","GREENUP 3 - F12","0","12","","0"
"18","0","CUMBERLAND","660","MIKE BOST","360","12TH CONGRESS","GREENUP 3 - F12","0","12","","0"
"18","0","CUMBERLAND","0","Under Votes","360","12TH CONGRESS","GREENUP 3 - F12","0","12","","0"
"18","0","CUMBERLAND","0","Over Votes","360","12TH CONGRESS","COTTONWOOD - 003","368","12","","0"
"18","0","CUMBERLAND","660","MIKE BOST","360","12TH CONGRESS","COTTONWOOD - 003","368","12","","105"
"18","0","CUMBERLAND","0","Under Votes","360","12TH CONGRESS","COTTONWOOD - 003","368","12","","26"
"18","0","CUMBERLAND","0","Over Votes","360","12TH CONGRESS","SUMPTER 2 - 003","655","12","","0"
"18","0","CUMBERLAND","660","MIKE BOST","360","12TH CONGRESS","SUMPTER 2 - 003","655","12","","178"
"18","0","CUMBERLAND","0","Under Votes","360","12TH CONGRESS","SUMPTER 2 - 003","655","12","","29"
"18","0","CUMBERLAND","0","Over Votes","360","12TH CONGRESS","UNION - 002","8","12","","0"
"18","0","CUMBERLAND","660","MIKE BOST","360","12TH CONGRESS","UNION - 002","8","12","","0"
"18","0","CUMBERLAND","0","Under Votes","360","12TH CONGRESS","UNION - 002","8","12","","0"
"18","0","CUMBERLAND","0","Over Votes","360","12TH CONGRESS","CROOKED CREEK - F12","0","12","","0"
"18","0","CUMBERLAND","660","MIKE BOST","360","12TH CONGRESS","CROOKED CREEK - F12","0","12","","0"
"18","0","CUMBERLAND","0","Under Votes","360","12TH CONGRESS","CROOKED CREEK - F12","0","12","","0"
"18","0","CUMBERLAND","0","Over Votes","360","12TH CONGRESS","SPRING POINT - F12","0","12","","0"
"18","0","CUMBERLAND","660","MIKE BOST","360","12TH CONGRESS","SPRING POINT - F12","0","12","","0"
"18","0","CUMBERLAND","0","Under Votes","360","12TH CONGRESS","SPRING POINT - F12","0","12","","0"
"18","0","CUMBERLAND","0","Over Votes","360","12TH CONGRESS","UNION - F12","0","12","","0"
"18","0","CUMBERLAND","660","MIKE BOST","360","12TH CONGRESS","UNION - F12","0","12","","0"
"18","0","CUMBERLAND","0","Under Votes","360","12TH CONGRESS","UNION - F12","0","12","","0"
"18","0","CUMBERLAND","0","Over Votes","360","12TH CONGRESS","CROOKED CREEK - 011","0","12","","0"
"18","0","CUMBERLAND","660","MIKE BOST","360","12TH CONGRESS","CROOKED CREEK - 011","0","12","","0"
"18","0","CUMBERLAND","0","Under Votes","360","12TH CONGRESS","CROOKED CREEK - 011","0","12","","0"
"18","0","CUMBERLAND","0","Over Votes","360","12TH CONGRESS","GREENUP 2 - 011","4","12","","0"
"18","0","CUMBERLAND","660","MIKE BOST","360","12TH CONGRESS","GREENUP 2 - 011","4","12","","0"
"18","0","CUMBERLAND","0","Under Votes","360","12TH CONGRESS","GREENUP 2 - 011","4","12","","0"
"18","0","CUMBERLAND","660","MIKE BOST","360","12TH CONGRESS","NEOGA 1 - 004","74","12","","27"
"18","0","CUMBERLAND","0","Over Votes","360","12TH CONGRESS","NEOGA 1 - 004","74","12","","0"
"18","0","CUMBERLAND","0","Under Votes","360","12TH CONGRESS","NEOGA 1 - 004","74","12","","6"
"18","0","CUMBERLAND","660","MIKE BOST","360","12TH CONGRESS","NEOGA 2 - 004","359","12","","103"
"18","0","CUMBERLAND","0","Over Votes","360","12TH CONGRESS","NEOGA 2 - 004","359","12","","0"
"18","0","CUMBERLAND","0","Under Votes","360","12TH CONGRESS","NEOGA 2 - 004","359","12","","12"
"18","0","CUMBERLAND","0","Over Votes","360","12TH CONGRESS","GREENUP 2 - F12","0","12","","0"
"18","0","CUMBERLAND","660","MIKE BOST","360","12TH CONGRESS","GREENUP 2 - F12","0","12","","0"
"18","0","CUMBERLAND","0","Under Votes","360","12TH CONGRESS","GREENUP 2 - F12","0","12","","0"
"18","0","CUMBERLAND","0","Over Votes","360","12TH CONGRESS","NEOGA 2 - F12","0","12","","0"
"18","0","CUMBERLAND","660","MIKE BOST","360","12TH CONGRESS","NEOGA 2 - F12","0","12","","0"
"18","0","CUMBERLAND","0","Under Votes","360","12TH CONGRESS","NEOGA 2 - F12","0","12","","0"
"18","0","CUMBERLAND","0","Over Votes","360","12TH CONGRESS","SUMPTER 2 - F12","0","12","","0"
"18","0","CUMBERLAND","660","MIKE BOST","360","12TH CONGRESS","SUMPTER 2 - F12","0","12","","0"
"18","0","CUMBERLAND","0","Under Votes","360","12TH CONGRESS","SUMPTER 2 - F12","0","12","","0"
"18","0","CUMBERLAND","0","Over Votes","360","12TH CONGRESS","CROOKED CREEK - 010","287","12","","0"
"18","0","CUMBERLAND","660","MIKE BOST","360","12TH CONGRESS","CROOKED CREEK - 010","287","12","","68"
"18","0","CUMBERLAND","0","Under Votes","360","12TH CONGRESS","CROOKED CREEK - 010","287","12","","12"
"18","0","CUMBERLAND","0","Over Votes","360","12TH CONGRESS","GREENUP 2 - 010","609","12","","0"
"18","0","CUMBERLAND","660","MIKE BOST","360","12TH CONGRESS","GREENUP 2 - 010","609","12","","151"
"18","0","CUMBERLAND","0","Under Votes","360","12TH CONGRESS","GREENUP 2 - 010","609","12","","28"
"18","0","CUMBERLAND","0","Over Votes","360","12TH CONGRESS","NEOGA 1 - 003","26","12","","0"
"18","0","CUMBERLAND","660","MIKE BOST","360","12TH CONGRESS","NEOGA 1 - 003","26","12","","1"
"18","0","CUMBERLAND","0","Under Votes","360","12TH CONGRESS","NEOGA 1 - 003","26","12","","0"
"18","0","CUMBERLAND","0","Over Votes","360","12TH CONGRESS","NEOGA 2 - 003","1","12","","0"
"18","0","CUMBERLAND","660","MIKE BOST","360","12TH CONGRESS","NEOGA 2 - 003","1","12","","1"
"18","0","CUMBERLAND","0","Under Votes","360","12TH CONGRESS","NEOGA 2 - 003","1","12","","0"
"18","0","CUMBERLAND","0","Over Votes","360","12TH CONGRESS","SPRING POINT - 005","46","12","","0"
"18","0","CUMBERLAND","660","MIKE BOST","360","12TH CONGRESS","SPRING POINT - 005","46","12","","24"
"18","0","CUMBERLAND","0","Under Votes","360","12TH CONGRESS","SPRING POINT - 005","46","12","","9"
"18","0","CUMBERLAND","0","Over Votes","360","12TH CONGRESS","SPRING POINT - 008","118","12","","0"
"18","0","CUMBERLAND","660","MIKE BOST","360","12TH CONGRESS","SPRING POINT - 008","118","12","","39"
"18","0","CUMBERLAND","0","Under Votes","360","12TH CONGRESS","SPRING POINT - 008","118","12","","12"
"18","0","CUMBERLAND","660","MIKE BOST","360","12TH CONGRESS","SPRING POINT - 006","302","12","","98"
"18","0","CUMBERLAND","0","Over Votes","360","12TH CONGRESS","SPRING POINT - 006","302","12","","0"
"18","0","CUMBERLAND","0","Under Votes","360","12TH CONGRESS","SPRING POINT - 006","302","12","","19"
"18","0","CUMBERLAND","0","Over Votes","360","12TH CONGRESS","SPRING POINT - 009","141","12","","0"
"18","0","CUMBERLAND","660","MIKE BOST","360","12TH CONGRESS","SPRING POINT - 009","141","12","","38"
"18","0","CUMBERLAND","0","Under Votes","360","12TH CONGRESS","SPRING POINT - 009","141","12","","13"
"18","0","CUMBERLAND","0","Over Votes","360","12TH CONGRESS","SUMPTER 2 - 004","4","12","","0"
"18","0","CUMBERLAND","660","MIKE BOST","360","12TH CONGRESS","SUMPTER 2 - 004","4","12","","1"
"18","0","CUMBERLAND","0","Under Votes","360","12TH CONGRESS","SUMPTER 2 - 004","4","12","","0"
"80","0","RICHLAND","0","Over Votes","360","12TH CONGRESS","DENVER - 002","283","11","","0"
"80","0","RICHLAND","0","Under Votes","360","12TH CONGRESS","DENVER - 002","283","11","","7"
"80","0","RICHLAND","665","HOMER ""CHIP"" MARKEL","360","12TH CONGRESS","DENVER - 002","283","11","","6"
"80","0","RICHLAND","670","JOSHUA QUALLS","360","12TH CONGRESS","DENVER - 002","283","11","","10"
"80","0","RICHLAND","0","Over Votes","360","12TH CONGRESS","MADISON 1 - 004","0","11","","0"
"80","0","RICHLAND","0","Under Votes","360","12TH CONGRESS","MADISON 1 - 004","0","11","","0"
"80","0","RICHLAND","665","HOMER ""CHIP"" MARKEL","360","12TH CONGRESS","MADISON 1 - 004","0","11","","0"
"80","0","RICHLAND","670","JOSHUA QUALLS","360","12TH CONGRESS","MADISON 1 - 004","0","11","","0"
"80","0","RICHLAND","0","Under Votes","360","12TH CONGRESS","NOBLE 1 - F12","0","11","","0"
"80","0","RICHLAND","665","HOMER ""CHIP"" MARKEL","360","12TH CONGRESS","NOBLE 1 - F12","0","11","","0"
"80","0","RICHLAND","670","JOSHUA QUALLS","360","12TH CONGRESS","NOBLE 1 - F12","0","11","","0"
"80","0","RICHLAND","0","Over Votes","360","12TH CONGRESS","NOBLE 1 - F12","0","11","","0"
"80","0","RICHLAND","0","Over Votes","360","12TH CONGRESS","OLNEY 2 - F12","0","11","","0"
"80","0","RICHLAND","0","Under Votes","360","12TH CONGRESS","OLNEY 2 - F12","0","11","","0"
"80","0","RICHLAND","665","HOMER ""CHIP"" MARKEL","360","12TH CONGRESS","OLNEY 2 - F12","0","11","","0"
"80","0","RICHLAND","670","JOSHUA QUALLS","360","12TH CONGRESS","OLNEY 2 - F12","0","11","","0"
"80","0","RICHLAND","0","Over Votes","360","12TH CONGRESS","OLNEY 5 - F12","0","11","","0"
"80","0","RICHLAND","0","Under Votes","360","12TH CONGRESS","OLNEY 5 - F12","0","11","","0"
"80","0","RICHLAND","665","HOMER ""CHIP"" MARKEL","360","12TH CONGRESS","OLNEY 5 - F12","0","11","","0"
"80","0","RICHLAND","670","JOSHUA QUALLS","360","12TH CONGRESS","OLNEY 5 - F12","0","11","","0"
"80","0","RICHLAND","0","Over Votes","360","12TH CONGRESS","OLNEY 9 - F12","0","11","","0"
"80","0","RICHLAND","0","Under Votes","360","12TH CONGRESS","OLNEY 9 - F12","0","11","","0"
"80","0","RICHLAND","665","HOMER ""CHIP"" MARKEL","360","12TH CONGRESS","OLNEY 9 - F12","0","11","","0"
"80","0","RICHLAND","670","JOSHUA QUALLS","360","12TH CONGRESS","OLNEY 9 - F12","0","11","","0"
"80","0","RICHLAND","0","Under Votes","360","12TH CONGRESS","CLAREMONT - 003","623","11","","4"
"80","0","RICHLAND","665","HOMER ""CHIP"" MARKEL","360","12TH CONGRESS","CLAREMONT - 003","623","11","","12"
"80","0","RICHLAND","670","JOSHUA QUALLS","360","12TH CONGRESS","CLAREMONT - 003","623","11","","3"
"80","0","RICHLAND","0","Over Votes","360","12TH CONGRESS","CLAREMONT - 003","623","11","","0"
"80","0","RICHLAND","665","HOMER ""CHIP"" MARKEL","360","12TH CONGRESS","PRESTON 2 - 001","284","11","","7"
"80","0","RICHLAND","670","JOSHUA QUALLS","360","12TH CONGRESS","PRESTON 2 - 001","284","11","","1"
"80","0","RICHLAND","0","Over Votes","360","12TH CONGRESS","PRESTON 2 - 001","284","11","","0"
"80","0","RICHLAND","0","Under Votes","360","12TH CONGRESS","PRESTON 2 - 001","284","11","","3"
"80","0","RICHLAND","0","Over Votes","360","12TH CONGRESS","DECKER - F12","0","11","","0"
"80","0","RICHLAND","0","Under Votes","360","12TH CONGRESS","DECKER - F12","0","11","","0"
"80","0","RICHLAND","665","HOMER ""CHIP"" MARKEL","360","12TH CONGRESS","DECKER - F12","0","11","","0"
"80","0","RICHLAND","670","JOSHUA QUALLS","360","12TH CONGRESS","DECKER - F12","0","11","","0"
"80","0","RICHLAND","0","Over Votes","360","12TH CONGRESS","MADISON 1 - F12","0","11","","0"
"80","0","RICHLAND","0","Under Votes","360","12TH CONGRESS","MADISON 1 - F12","0","11","","0"
"80","0","RICHLAND","665","HOMER ""CHIP"" MARKEL","360","12TH CONGRESS","MADISON 1 - F12","0","11","","0"
"80","0","RICHLAND","670","JOSHUA QUALLS","360","12TH CONGRESS","MADISON 1 - F12","0","11","","0"
"80","0","RICHLAND","0","Over Votes","360","12TH CONGRESS","NOBLE 2 - F12","0","11","","0"
"80","0","RICHLAND","0","Under Votes","360","12TH CONGRESS","NOBLE 2 - F12","0","11","","0"
"80","0","RICHLAND","665","HOMER ""CHIP"" MARKEL","360","12TH CONGRESS","NOBLE 2 - F12","0","11","","0"
"80","0","RICHLAND","670","JOSHUA QUALLS","360","12TH CONGRESS","NOBLE 2 - F12","0","11","","0"
"17","0","CRAWFORD","0","Blank Ballots","360","12TH CONGRESS","ROBINSON 4","406","12","REPUBLICAN","0"
"17","0","CRAWFORD","0","Under Votes","360","12TH CONGRESS","ROBINSON 4","406","12","REPUBLICAN","11"
"67","0","MONROE","0","Over Votes","360","12TH CONGRESS","PRECINCT 9","1537","12","REPUBLICAN","0"
"67","0","MONROE","660","MIKE BOST","360","12TH CONGRESS","PRECINCT 9","1537","12","REPUBLICAN","228"
"67","0","MONROE","0","Under Votes","360","12TH CONGRESS","PRECINCT 9","1537","12","REPUBLICAN","19"
"67","0","MONROE","660","MIKE BOST","360","12TH CONGRESS","PRECINCT 12","1047","12","REPUBLICAN","113"
"67","0","MONROE","0","Under Votes","360","12TH CONGRESS","PRECINCT 12","1047","12","REPUBLICAN","17"
"67","0","MONROE","0","Over Votes","360","12TH CONGRESS","PRECINCT 12","1047","12","REPUBLICAN","0"
"67","0","MONROE","0","Over Votes","360","12TH CONGRESS","PRECINCT 25","1064","12","REPUBLICAN","0"
"67","0","MONROE","660","MIKE BOST","360","12TH CONGRESS","PRECINCT 25","1064","12","REPUBLICAN","170"
"67","0","MONROE","0","Under Votes","360","12TH CONGRESS","PRECINCT 25","1064","12","REPUBLICAN","11"
"67","0","MONROE","0","Over Votes","360","12TH CONGRESS","PRECINCT 2","1006","12","REPUBLICAN","0"
"67","0","MONROE","660","MIKE BOST","360","12TH CONGRESS","PRECINCT 2","1006","12","REPUBLICAN","87"
"67","0","MONROE","0","Under Votes","360","12TH CONGRESS","PRECINCT 2","1006","12","REPUBLICAN","6"
"67","0","MONROE","0","Over Votes","360","12TH CONGRESS","PRECINCT 15","802","12","REPUBLICAN","0"
"67","0","MONROE","660","MIKE BOST","360","12TH CONGRESS","PRECINCT 15","802","12","REPUBLICAN","114"
"67","0","MONROE","0","Under Votes","360","12TH CONGRESS","PRECINCT 15","802","12","REPUBLICAN","8"
"67","0","MONROE","0","Over Votes","360","12TH CONGRESS","PRECINCT 18","1204","12","REPUBLICAN","0"
"67","0","MONROE","660","MIKE BOST","360","12TH CONGRESS","PRECINCT 18","1204","12","REPUBLICAN","180"
"67","0","MONROE","0","Under Votes","360","12TH CONGRESS","PRECINCT 18","1204","12","REPUBLICAN","16"
"67","0","MONROE","0","Over Votes","360","12TH CONGRESS","PRECINCT 7","1055","12","REPUBLICAN","0"
"67","0","MONROE","660","MIKE BOST","360","12TH CONGRESS","PRECINCT 7","1055","12","REPUBLICAN","123"
"67","0","MONROE","0","Under Votes","360","12TH CONGRESS","PRECINCT 7","1055","12","REPUBLICAN","7"
"67","0","MONROE","0","Over Votes","360","12TH CONGRESS","PRECINCT 10","641","12","REPUBLICAN","0"
"67","0","MONROE","660","MIKE BOST","360","12TH CONGRESS","PRECINCT 10","641","12","REPUBLICAN","54"
"67","0","MONROE","0","Under Votes","360","12TH CONGRESS","PRECINCT 10","641","12","REPUBLICAN","6"
"67","0","MONROE","0","Over Votes","360","12TH CONGRESS","PRECINCT 23","1397","12","REPUBLICAN","0"
"67","0","MONROE","660","MIKE BOST","360","12TH CONGRESS","PRECINCT 23","1397","12","REPUBLICAN","189"
"67","0","MONROE","0","Under Votes","360","12TH CONGRESS","PRECINCT 23","1397","12","REPUBLICAN","15"
"67","0","MONROE","0","Over Votes","360","12TH CONGRESS","PRECINCT 13","931","12","REPUBLICAN","0"
"67","0","MONROE","660","MIKE BOST","360","12TH CONGRESS","PRECINCT 13","931","12","REPUBLICAN","95"
"67","0","MONROE","0","Under Votes","360","12TH CONGRESS","PRECINCT 13","931","12","REPUBLICAN","12"
"67","0","MONROE","0","Over Votes","360","12TH CONGRESS","PRECINCT 16","859","12","REPUBLICAN","0"
"67","0","MONROE","660","MIKE BOST","360","12TH CONGRESS","PRECINCT 16","859","12","REPUBLICAN","112"
"67","0","MONROE","0","Under Votes","360","12TH CONGRESS","PRECINCT 16","859","12","REPUBLICAN","3"
"67","0","MONROE","0","Over Votes","360","12TH CONGRESS","PRECINCT 11","1180","12","REPUBLICAN","0"
"67","0","MONROE","660","MIKE BOST","360","12TH CONGRESS","PRECINCT 11","1180","12","REPUBLICAN","149"
"67","0","MONROE","0","Under Votes","360","12TH CONGRESS","PRECINCT 11","1180","12","REPUBLICAN","19"
"67","0","MONROE","0","Over Votes","360","12TH CONGRESS","PRECINCT 14","1109","12","REPUBLICAN","0"
"67","0","MONROE","660","MIKE BOST","360","12TH CONGRESS","PRECINCT 14","1109","12","REPUBLICAN","115"
"67","0","MONROE","0","Under Votes","360","12TH CONGRESS","PRECINCT 14","1109","12","REPUBLICAN","7"
"67","0","MONROE","0","Over Votes","360","12TH CONGRESS","PRECINCT 5","1030","12","REPUBLICAN","0"
"67","0","MONROE","660","MIKE BOST","360","12TH CONGRESS","PRECINCT 5","1030","12","REPUBLICAN","110"
"39","0","JACKSON","0","Blank Ballots","360","12TH CONGRESS","VERGENNES","521","12","REPUBLICAN","2"
"39","0","JACKSON","0","Over Votes","360","12TH CONGRESS","VERGENNES","521","12","REPUBLICAN","0"
"39","0","JACKSON","0","Blank Ballots","360","12TH CONGRESS","CARBONDALE 06","742","12","REPUBLICAN","4"
"39","0","JACKSON","0","Over Votes","360","12TH CONGRESS","CARBONDALE 06","742","12","REPUBLICAN","0"
"39","0","JACKSON","0","Under Votes","360","12TH CONGRESS","CARBONDALE 06","742","12","REPUBLICAN","0"
"39","0","JACKSON","660","MIKE BOST","360","12TH CONGRESS","CARBONDALE 06","742","12","REPUBLICAN","28"
"39","0","JACKSON","660","MIKE BOST","360","12TH CONGRESS","CARBONDALE 15","546","12","REPUBLICAN","28"
"39","0","JACKSON","0","Blank Ballots","360","12TH CONGRESS","CARBONDALE 15","546","12","REPUBLICAN","7"
"39","0","JACKSON","0","Over Votes","360","12TH CONGRESS","CARBONDALE 15","546","12","REPUBLICAN","0"
"39","0","JACKSON","0","Under Votes","360","12TH CONGRESS","CARBONDALE 15","546","12","REPUBLICAN","0"
"39","0","JACKSON","0","Blank Ballots","360","12TH CONGRESS","DEGOGNIA","103","12","REPUBLICAN","0"
"39","0","JACKSON","0","Over Votes","360","12TH CONGRESS","DEGOGNIA","103","12","REPUBLICAN","0"
"39","0","JACKSON","0","Under Votes","360","12TH CONGRESS","DEGOGNIA","103","12","REPUBLICAN","0"
"39","0","JACKSON","660","MIKE BOST","360","12TH CONGRESS","DEGOGNIA","103","12","REPUBLICAN","6"
"39","0","JACKSON","0","Blank Ballots","360","12TH CONGRESS","MAKANDA 1","911","12","REPUBLICAN","5"
"39","0","JACKSON","0","Over Votes","360","12TH CONGRESS","MAKANDA 1","911","12","REPUBLICAN","0"
"39","0","JACKSON","0","Under Votes","360","12TH CONGRESS","MAKANDA 1","911","12","REPUBLICAN","0"
"39","0","JACKSON","660","MIKE BOST","360","12TH CONGRESS","MAKANDA 1","911","12","REPUBLICAN","86"
"39","0","JACKSON","0","Blank Ballots","360","12TH CONGRESS","MURPHYSBORO 06","495","12","REPUBLICAN","9"
"39","0","JACKSON","0","Over Votes","360","12TH CONGRESS","MURPHYSBORO 06","495","12","REPUBLICAN","0"
"39","0","JACKSON","0","Under Votes","360","12TH CONGRESS","MURPHYSBORO 06","495","12","REPUBLICAN","0"
"39","0","JACKSON","660","MIKE BOST","360","12TH CONGRESS","MURPHYSBORO 06","495","12","REPUBLICAN","47"
"39","0","JACKSON","0","Blank Ballots","360","12TH CONGRESS","SOMERSET 1","759","12","REPUBLICAN","5"
"39","0","JACKSON","0","Over Votes","360","12TH CONGRESS","SOMERSET 1","759","12","REPUBLICAN","0"
"39","0","JACKSON","0","Under Votes","360","12TH CONGRESS","SOMERSET 1","759","12","REPUBLICAN","0"
"39","0","JACKSON","660","MIKE BOST","360","12TH CONGRESS","SOMERSET 1","759","12","REPUBLICAN","115"
"39","0","JACKSON","0","Blank Ballots","360","12TH CONGRESS","CARBONDALE 04","733","12","REPUBLICAN","2"
"39","0","JACKSON","0","Over Votes","360","12TH CONGRESS","CARBONDALE 04","733","12","REPUBLICAN","0"
"39","0","JACKSON","0","Under Votes","360","12TH CONGRESS","CARBONDALE 04","733","12","REPUBLICAN","0"
"39","0","JACKSON","660","MIKE BOST","360","12TH CONGRESS","CARBONDALE 04","733","12","REPUBLICAN","4"
"39","0","JACKSON","0","Blank Ballots","360","12TH CONGRESS","CARBONDALE 13","695","12","REPUBLICAN","7"
"39","0","JACKSON","0","Over Votes","360","12TH CONGRESS","CARBONDALE 13","695","12","REPUBLICAN","0"
"39","0","JACKSON","0","Under Votes","360","12TH CONGRESS","CARBONDALE 13","695","12","REPUBLICAN","0"
"39","0","JACKSON","660","MIKE BOST","360","12TH CONGRESS","CARBONDALE 13","695","12","REPUBLICAN","42"
"39","0","JACKSON","0","Blank Ballots","360","12TH CONGRESS","CARBONDALE 25","183","12","REPUBLICAN","0"
"39","0","JACKSON","0","Over Votes","360","12TH CONGRESS","CARBONDALE 25","183","12","REPUBLICAN","0"
"39","0","JACKSON","0","Under Votes","360","12TH CONGRESS","CARBONDALE 25","183","12","REPUBLICAN","0"
"39","0","JACKSON","660","MIKE BOST","360","12TH CONGRESS","CARBONDALE 25","183","12","REPUBLICAN","2"
"39","0","JACKSON","660","MIKE BOST","360","12TH CONGRESS","KINKAID","362","12","REPUBLICAN","57"
"39","0","JACKSON","0","Blank Ballots","360","12TH CONGRESS","KINKAID","362","12","REPUBLICAN","1"
"39","0","JACKSON","0","Over Votes","360","12TH CONGRESS","KINKAID","362","12","REPUBLICAN","0"
"39","0","JACKSON","0","Under Votes","360","12TH CONGRESS","KINKAID","362","12","REPUBLICAN","0"
"73","0","PERRY","0","Over Votes","360","12TH CONGRESS","DUQUOIN 11","584","12","REPUBLICAN","0"
"73","0","PERRY","660","MIKE BOST","360","12TH CONGRESS","DUQUOIN 11","584","12","REPUBLICAN","44"
"73","0","PERRY","0","Blank Ballots","360","12TH CONGRESS","DUQUOIN 11","584","12","REPUBLICAN","3"
"73","0","PERRY","0","Under Votes","360","12TH CONGRESS","PINCKNEYVILLE 8","771","12","REPUBLICAN","0"
"73","0","PERRY","0","Over Votes","360","12TH CONGRESS","PINCKNEYVILLE 8","771","12","REPUBLICAN","0"
"73","0","PERRY","660","MIKE BOST","360","12TH CONGRESS","PINCKNEYVILLE 8","771","12","REPUBLICAN","134"
"73","0","PERRY","0","Blank Ballots","360","12TH CONGRESS","PINCKNEYVILLE 8","771","12","REPUBLICAN","10"
"73","0","PERRY","0","Over Votes","360","12TH CONGRESS","CUTLER","372","12","REPUBLICAN","0"
"73","0","PERRY","0","Under Votes","360","12TH CONGRESS","CUTLER","372","12","REPUBLICAN","0"
"73","0","PERRY","660","MIKE BOST","360","12TH CONGRESS","CUTLER","372","12","REPUBLICAN","46"
"73","0","PERRY","0","Blank Ballots","360","12TH CONGRESS","CUTLER","372","12","REPUBLICAN","5"
"73","0","PERRY","0","Under Votes","360","12TH CONGRESS","DUQUOIN 9","530","12","REPUBLICAN","0"
"73","0","PERRY","0","Over Votes","360","12TH CONGRESS","DUQUOIN 9","530","12","REPUBLICAN","0"
"73","0","PERRY","660","MIKE BOST","360","12TH CONGRESS","DUQUOIN 9","530","12","REPUBLICAN","47"
"73","0","PERRY","0","Blank Ballots","360","12TH CONGRESS","DUQUOIN 9","530","12","REPUBLICAN","5"
"73","0","PERRY","0","Over Votes","360","12TH CONGRESS","PINCKNEYVILLE 4","441","12","REPUBLICAN","0"
"73","0","PERRY","0","Under Votes","360","12TH CONGRESS","PINCKNEYVILLE 4","441","12","REPUBLICAN","0"
"73","0","PERRY","660","MIKE BOST","360","12TH CONGRESS","PINCKNEYVILLE 4","441","12","REPUBLICAN","69"
"73","0","PERRY","0","Blank Ballots","360","12TH CONGRESS","PINCKNEYVILLE 4","441","12","REPUBLICAN","7"
"73","0","PERRY","0","Blank Ballots","360","12TH CONGRESS","PINCKNEYVILLE 6","451","12","REPUBLICAN","12"
"73","0","PERRY","0","Under Votes","360","12TH CONGRESS","PINCKNEYVILLE 6","451","12","REPUBLICAN","0"
"73","0","PERRY","0","Over Votes","360","12TH CONGRESS","PINCKNEYVILLE 6","451","12","REPUBLICAN","0"
"73","0","PERRY","660","MIKE BOST","360","12TH CONGRESS","PINCKNEYVILLE 6","451","12","REPUBLICAN","82"
"73","0","PERRY","0","Under Votes","360","12TH CONGRESS","WILLISVILLE","592","12","REPUBLICAN","0"
"73","0","PERRY","0","Over Votes","360","12TH CONGRESS","WILLISVILLE","592","12","REPUBLICAN","0"
"73","0","PERRY","660","MIKE BOST","360","12TH CONGRESS","WILLISVILLE","592","12","REPUBLICAN","103"
"73","0","PERRY","0","Blank Ballots","360","12TH CONGRESS","WILLISVILLE","592","12","REPUBLICAN","9"
"73","0","PERRY","0","Over Votes","360","12TH CONGRESS","DUQUOIN 1","433","12","REPUBLICAN","0"
"73","0","PERRY","0","Under Votes","360","12TH CONGRESS","DUQUOIN 1","433","12","REPUBLICAN","0"
"73","0","PERRY","660","MIKE BOST","360","12TH CONGRESS","DUQUOIN 1","433","12","REPUBLICAN","34"
"73","0","PERRY","0","Blank Ballots","360","12TH CONGRESS","DUQUOIN 1","433","12","REPUBLICAN","2"
"73","0","PERRY","0","Over Votes","360","12TH CONGRESS","DUQUOIN 10","690","12","REPUBLICAN","0"
"73","0","PERRY","0","Under Votes","360","12TH CONGRESS","DUQUOIN 10","690","12","REPUBLICAN","0"
"73","0","PERRY","660","MIKE BOST","360","12TH CONGRESS","DUQUOIN 10","690","12","REPUBLICAN","82"
"73","0","PERRY","0","Blank Ballots","360","12TH CONGRESS","DUQUOIN 10","690","12","REPUBLICAN","10"
"73","0","PERRY","0","Over Votes","360","12TH CONGRESS","PINCKNEYVILLE 7","556","12","REPUBLICAN","0"
"73","0","PERRY","0","Under Votes","360","12TH CONGRESS","PINCKNEYVILLE 7","556","12","REPUBLICAN","0"
"73","0","PERRY","660","MIKE BOST","360","12TH CONGRESS","PINCKNEYVILLE 7","556","12","REPUBLICAN","95"
"73","0","PERRY","0","Blank Ballots","360","12TH CONGRESS","PINCKNEYVILLE 7","556","12","REPUBLICAN","5"
"73","0","PERRY","0","Under Votes","360","12TH CONGRESS","DUQUOIN 2","323","12","REPUBLICAN","0"
"73","0","PERRY","0","Over Votes","360","12TH CONGRESS","DUQUOIN 2","323","12","REPUBLICAN","0"
"73","0","PERRY","660","MIKE BOST","360","12TH CONGRESS","DUQUOIN 2","323","12","REPUBLICAN","24"
"73","0","PERRY","0","Blank Ballots","360","12TH CONGRESS","DUQUOIN 2","323","12","REPUBLICAN","3"
"39","0","JACKSON","0","Blank Ballots","360","12TH CONGRESS","CARBONDALE 26","445","11","DEMOCRATIC","3"
"39","0","JACKSON","665","HOMER ""CHIP"" MARKEL","360","12TH CONGRESS","CARBONDALE 26","445","11","DEMOCRATIC","29"
"39","0","JACKSON","670","JOSHUA QUALLS","360","12TH CONGRESS","CARBONDALE 26","445","11","DEMOCRATIC","14"
"39","0","JACKSON","0","Over Votes","360","12TH CONGRESS","LEVAN","669","11","DEMOCRATIC","0"
"39","0","JACKSON","0","Blank Ballots","360","12TH CONGRESS","LEVAN","669","11","DEMOCRATIC","6"
"39","0","JACKSON","0","Blank Ballots","360","12TH CONGRESS","BRADLEY-CAMPBELL HILL","513","11","DEMOCRATIC","3"
"39","0","JACKSON","665","HOMER ""CHIP"" MARKEL","360","12TH CONGRESS","BRADLEY-CAMPBELL HILL","513","11","DEMOCRATIC","23"
"39","0","JACKSON","0","Over Votes","360","12TH CONGRESS","BRADLEY-CAMPBELL HILL","513","11","DEMOCRATIC","0"
"39","0","JACKSON","670","JOSHUA QUALLS","360","12TH CONGRESS","BRADLEY-CAMPBELL HILL","513","11","DEMOCRATIC","3"
"39","0","JACKSON","0","Under Votes","360","12TH CONGRESS","BRADLEY-CAMPBELL HILL","513","11","DEMOCRATIC","0"
"39","0","JACKSON","0","Under Votes","360","12TH CONGRESS","CARBONDALE 08","778","11","DEMOCRATIC","0"
"39","0","JACKSON","0","Blank Ballots","360","12TH CONGRESS","CARBONDALE 08","778","11","DEMOCRATIC","11"
"39","0","JACKSON","665","HOMER ""CHIP"" MARKEL","360","12TH CONGRESS","CARBONDALE 08","778","11","DEMOCRATIC","64"
"39","0","JACKSON","0","Over Votes","360","12TH CONGRESS","CARBONDALE 08","778","11","DEMOCRATIC","0"
"39","0","JACKSON","670","JOSHUA QUALLS","360","12TH CONGRESS","CARBONDALE 08","778","11","DEMOCRATIC","33"
"39","0","JACKSON","0","Under Votes","360","12TH CONGRESS","CARBONDALE 10","371","11","DEMOCRATIC","0"
"39","0","JACKSON","0","Blank Ballots","360","12TH CONGRESS","CARBONDALE 10","371","11","DEMOCRATIC","6"
"39","0","JACKSON","665","HOMER ""CHIP"" MARKEL","360","12TH CONGRESS","CARBONDALE 10","371","11","DEMOCRATIC","31"
"39","0","JACKSON","0","Over Votes","360","12TH CONGRESS","CARBONDALE 10","371","11","DEMOCRATIC","0"
"39","0","JACKSON","670","JOSHUA QUALLS","360","12TH CONGRESS","CARBONDALE 10","371","11","DEMOCRATIC","14"
"39","0","JACKSON","0","Under Votes","360","12TH CONGRESS","CARBONDALE 18","842","11","DEMOCRATIC","0"
"39","0","JACKSON","0","Over Votes","360","12TH CONGRESS","CARBONDALE 24","643","11","DEMOCRATIC","0"
"39","0","JACKSON","670","JOSHUA QUALLS","360","12TH CONGRESS","CARBONDALE 24","643","11","DEMOCRATIC","15"
"39","0","JACKSON","0","Under Votes","360","12TH CONGRESS","ELK 3","438","11","DEMOCRATIC","0"
"39","0","JACKSON","0","Blank Ballots","360","12TH CONGRESS","ELK 3","438","11","DEMOCRATIC","2"
"39","0","JACKSON","665","HOMER ""CHIP"" MARKEL","360","12TH CONGRESS","ELK 3","438","11","DEMOCRATIC","5"
"39","0","JACKSON","0","Over Votes","360","12TH CONGRESS","ELK 3","438","11","DEMOCRATIC","0"
"39","0","JACKSON","670","JOSHUA QUALLS","360","12TH CONGRESS","ELK 3","438","11","DEMOCRATIC","5"
"39","0","JACKSON","0","Blank Ballots","360","12TH CONGRESS","GRAND TOWER","386","11","DEMOCRATIC","4"
"39","0","JACKSON","0","Under Votes","360","12TH CONGRESS","GRAND TOWER","386","11","DEMOCRATIC","0"
"39","0","JACKSON","665","HOMER ""CHIP"" MARKEL","360","12TH CONGRESS","GRAND TOWER","386","11","DEMOCRATIC","15"
"39","0","JACKSON","0","Over Votes","360","12TH CONGRESS","GRAND TOWER","386","11","DEMOCRATIC","0"
"39","0","JACKSON","670","JOSHUA QUALLS","360","12TH CONGRESS","GRAND TOWER","386","11","DEMOCRATIC","9"
"39","0","JACKSON","0","Under Votes","360","12TH CONGRESS","MURPHYSBORO 01","775","11","DEMOCRATIC","0"
"39","0","JACKSON","0","Blank Ballots","360","12TH CONGRESS","MURPHYSBORO 01","775","11","DEMOCRATIC","4"
"39","0","JACKSON","665","HOMER ""CHIP"" MARKEL","360","12TH CONGRESS","MURPHYSBORO 01","775","11","DEMOCRATIC","29"
"39","0","JACKSON","0","Over Votes","360","12TH CONGRESS","MURPHYSBORO 01","775","11","DEMOCRATIC","0"
"39","0","JACKSON","670","JOSHUA QUALLS","360","12TH CONGRESS","MURPHYSBORO 01","775","11","DEMOCRATIC","13"
"39","0","JACKSON","0","Blank Ballots","360","12TH CONGRESS","MURPHYSBORO 03","859","11","DEMOCRATIC","14"
"39","0","JACKSON","0","Under Votes","360","12TH CONGRESS","MURPHYSBORO 03","859","11","DEMOCRATIC","0"
"39","0","JACKSON","665","HOMER ""CHIP"" MARKEL","360","12TH CONGRESS","MURPHYSBORO 03","859","11","DEMOCRATIC","65"
"28","0","FRANKLIN","670","JOSHUA QUALLS","360","12TH CONGRESS","FRANKFORT 2","0","11","DEMOCRATIC","11"
"28","0","FRANKLIN","0","Over Votes","360","12TH CONGRESS","FRANKFORT 2","0","11","DEMOCRATIC","0"
"28","0","FRANKLIN","665","HOMER ""CHIP"" MARKEL","360","12TH CONGRESS","FRANKFORT 2","0","11","DEMOCRATIC","11"
"28","0","FRANKLIN","0","Under Votes","360","12TH CONGRESS","NORTHERN","0","11","DEMOCRATIC","2"
"28","0","FRANKLIN","670","JOSHUA QUALLS","360","12TH CONGRESS","NORTHERN","0","11","DEMOCRATIC","2"
"28","0","FRANKLIN","0","Over Votes","360","12TH CONGRESS","NORTHERN","0","11","DEMOCRATIC","0"
"28","0","FRANKLIN","665","HOMER ""CHIP"" MARKEL","360","12TH CONGRESS","NORTHERN","0","11","DEMOCRATIC","7"
"28","0","FRANKLIN","0","Under Votes","360","12TH CONGRESS","DENNING 1","0","11","DEMOCRATIC","3"
"28","0","FRANKLIN","670","JOSHUA QUALLS","360","12TH CONGRESS","DENNING 1","0","11","DEMOCRATIC","7"
"28","0","FRANKLIN","0","Over Votes","360","12TH CONGRESS","DENNING 1","0","11","DEMOCRATIC","0"
"28","0","FRANKLIN","665","HOMER ""CHIP"" MARKEL","360","12TH CONGRESS","DENNING 1","0","11","DEMOCRATIC","8"
"28","0","FRANKLIN","0","Under Votes","360","12TH CONGRESS","DENNING 2","0","11","DEMOCRATIC","0"
"28","0","FRANKLIN","670","JOSHUA QUALLS","360","12TH CONGRESS","DENNING 2","0","11","DEMOCRATIC","5"
"28","0","FRANKLIN","665","HOMER ""CHIP"" MARKEL","360","12TH CONGRESS","DENNING 2","0","11","DEMOCRATIC","12"
"28","0","FRANKLIN","0","Over Votes","360","12TH CONGRESS","DENNING 2","0","11","DEMOCRATIC","0"
"28","0","FRANKLIN","0","Under Votes","360","12TH CONGRESS","DENNING 3","0","11","DEMOCRATIC","4"
"28","0","FRANKLIN","670","JOSHUA QUALLS","360","12TH CONGRESS","DENNING 3","0","11","DEMOCRATIC","4"
"28","0","FRANKLIN","665","HOMER ""CHIP"" MARKEL","360","12TH CONGRESS","DENNING 3","0","11","DEMOCRATIC","4"
"28","0","FRANKLIN","0","Over Votes","360","12TH CONGRESS","DENNING 3","0","11","DEMOCRATIC","0"
"28","0","FRANKLIN","0","Under Votes","360","12TH CONGRESS","DENNING 4","0","11","DEMOCRATIC","3"
"28","0","FRANKLIN","670","JOSHUA QUALLS","360","12TH CONGRESS","DENNING 4","0","11","DEMOCRATIC","13"
"28","0","FRANKLIN","0","Under Votes","360","12TH CONGRESS","GOODE 2","0","11","DEMOCRATIC","4"
"28","0","FRANKLIN","670","JOSHUA QUALLS","360","12TH CONGRESS","GOODE 2","0","11","DEMOCRATIC","14"
"28","0","FRANKLIN","0","Over Votes","360","12TH CONGRESS","GOODE 2","0","11","DEMOCRATIC","0"
"28","0","FRANKLIN","665","HOMER ""CHIP"" MARKEL","360","12TH CONGRESS","GOODE 2","0","11","DEMOCRATIC","49"
"28","0","FRANKLIN","0","Under Votes","360","12TH CONGRESS","BARREN","0","11","DEMOCRATIC","1"
"28","0","FRANKLIN","670","JOSHUA QUALLS","360","12TH CONGRESS","BARREN","0","11","DEMOCRATIC","6"
"28","0","FRANKLIN","0","Over Votes","360","12TH CONGRESS","BARREN","0","11","DEMOCRATIC","0"
"28","0","FRANKLIN","665","HOMER ""CHIP"" MARKEL","360","12TH CONGRESS","BARREN","0","11","DEMOCRATIC","12"
"28","0","FRANKLIN","0","Over Votes","360","12TH CONGRESS","EWING 1","0","11","DEMOCRATIC","0"
"28","0","FRANKLIN","665","HOMER ""CHIP"" MARKEL","360","12TH CONGRESS","EWING 1","0","11","DEMOCRATIC","9"
"28","0","FRANKLIN","0","Under Votes","360","12TH CONGRESS","EWING 1","0","11","DEMOCRATIC","2"
"28","0","FRANKLIN","670","JOSHUA QUALLS","360","12TH CONGRESS","EWING 1","0","11","DEMOCRATIC","8"
"28","0","FRANKLIN","0","Under Votes","360","12TH CONGRESS","EWING 2","0","11","DEMOCRATIC","5"
"28","0","FRANKLIN","670","JOSHUA QUALLS","360","12TH CONGRESS","EWING 2","0","11","DEMOCRATIC","10"
"28","0","FRANKLIN","665","HOMER ""CHIP"" MARKEL","360","12TH CONGRESS","EWING 2","0","11","DEMOCRATIC","18"
"28","0","FRANKLIN","0","Over Votes","360","12TH CONGRESS","EWING 2","0","11","DEMOCRATIC","0"
"28","0","FRANKLIN","0","Under Votes","360","12TH CONGRESS","EASTERN","0","11","DEMOCRATIC","1"
"28","0","FRANKLIN","670","JOSHUA QUALLS","360","12TH CONGRESS","EASTERN","0","11","DEMOCRATIC","11"
"28","0","FRANKLIN","665","HOMER ""CHIP"" MARKEL","360","12TH CONGRESS","EASTERN","0","11","DEMOCRATIC","10"
"28","0","FRANKLIN","0","Under Votes","360","12TH CONGRESS","TYRONE 5","0","11","DEMOCRATIC","3"
"28","0","FRANKLIN","670","JOSHUA QUALLS","360","12TH CONGRESS","TYRONE 5","0","11","DEMOCRATIC","6"
"25","0","EFFINGHAM","660","MIKE BOST","360","12TH CONGRESS","SUMMIT 3","0","12","REPUBLICAN","182"
"25","0","EFFINGHAM","0","Over Votes","360","12TH CONGRESS","SUMMIT 3","0","12","REPUBLICAN","0"
"25","0","EFFINGHAM","0","Under Votes","360","12TH CONGRESS","DOUGLAS 6","0","12","REPUBLICAN","31"
"25","0","EFFINGHAM","660","MIKE BOST","360","12TH CONGRESS","DOUGLAS 6","0","12","REPUBLICAN","147"
"25","0","EFFINGHAM","0","Over Votes","360","12TH CONGRESS","DOUGLAS 6","0","12","REPUBLICAN","0"
"25","0","EFFINGHAM","0","Under Votes","360","12TH CONGRESS","UNION","0","12","REPUBLICAN","40"
"25","0","EFFINGHAM","660","MIKE BOST","360","12TH CONGRESS","UNION","0","12","REPUBLICAN","164"
"25","0","EFFINGHAM","0","Over Votes","360","12TH CONGRESS","UNION","0","12","REPUBLICAN","0"
"25","0","EFFINGHAM","0","Under Votes","360","12TH CONGRESS","DOUGLAS 3","0","12","REPUBLICAN","25"
"25","0","EFFINGHAM","660","MIKE BOST","360","12TH CONGRESS","DOUGLAS 3","0","12","REPUBLICAN","134"
"25","0","EFFINGHAM","0","Over Votes","360","12TH CONGRESS","DOUGLAS 3","0","12","REPUBLICAN","0"
"25","0","EFFINGHAM","0","Under Votes","360","12TH CONGRESS","TEUTOPOLIS 2","0","12","REPUBLICAN","64"
"25","0","EFFINGHAM","660","MIKE BOST","360","12TH CONGRESS","TEUTOPOLIS 2","0","12","REPUBLICAN","193"
"25","0","EFFINGHAM","0","Over Votes","360","12TH CONGRESS","TEUTOPOLIS 2","0","12","REPUBLICAN","0"
"25","0","EFFINGHAM","0","Under Votes","360","12TH CONGRESS","BISHOP","0","12","REPUBLICAN","86"
"25","0","EFFINGHAM","660","MIKE BOST","360","12TH CONGRESS","BISHOP","0","12","REPUBLICAN","327"
"25","0","EFFINGHAM","0","Over Votes","360","12TH CONGRESS","BISHOP","0","12","REPUBLICAN","0"
"25","0","EFFINGHAM","0","Under Votes","360","12TH CONGRESS","MOCCASIN","0","12","REPUBLICAN","17"
"25","0","EFFINGHAM","660","MIKE BOST","360","12TH CONGRESS","MOCCASIN","0","12","REPUBLICAN","115"
"25","0","EFFINGHAM","0","Over Votes","360","12TH CONGRESS","MOCCASIN","0","12","REPUBLICAN","0"
"25","0","EFFINGHAM","0","Under Votes","360","12TH CONGRESS","JACKSON","0","12","REPUBLICAN","38"
"25","0","EFFINGHAM","660","MIKE BOST","360","12TH CONGRESS","JACKSON","0","12","REPUBLICAN","260"
"25","0","EFFINGHAM","0","Over Votes","360","12TH CONGRESS","JACKSON","0","12","REPUBLICAN","0"
"25","0","EFFINGHAM","0","Over Votes","360","12TH CONGRESS","WEST","0","12","REPUBLICAN","0"
"25","0","EFFINGHAM","0","Under Votes","360","12TH CONGRESS","WEST","0","12","REPUBLICAN","29"
"25","0","EFFINGHAM","660","MIKE BOST","360","12TH CONGRESS","WEST","0","12","REPUBLICAN","127"
"25","0","EFFINGHAM","0","Under Votes","360","12TH CONGRESS","MOUND 3","0","12","REPUBLICAN","26"
"25","0","EFFINGHAM","660","MIKE BOST","360","12TH CONGRESS","MOUND 3","0","12","REPUBLICAN","147"
"25","0","EFFINGHAM","0","Over Votes","360","12TH CONGRESS","MOUND 3","0","12","REPUBLICAN","0"
"25","0","EFFINGHAM","0","Under Votes","360","12TH CONGRESS","BANNER","0","12","REPUBLICAN","20"
"25","0","EFFINGHAM","660","MIKE BOST","360","12TH CONGRESS","BANNER","0","12","REPUBLICAN","92"
"25","0","EFFINGHAM","0","Over Votes","360","12TH CONGRESS","BANNER","0","12","REPUBLICAN","0"
"25","0","EFFINGHAM","0","Under Votes","360","12TH CONGRESS","WATSON 3","0","12","REPUBLICAN","43"
"25","0","EFFINGHAM","660","MIKE BOST","360","12TH CONGRESS","WATSON 3","0","12","REPUBLICAN","216"
"25","0","EFFINGHAM","0","Over Votes","360","12TH CONGRESS","WATSON 3","0","12","REPUBLICAN","0"
"25","0","EFFINGHAM","0","Under Votes","360","12TH CONGRESS","DOUGLAS 12","0","12","REPUBLICAN","26"
"25","0","EFFINGHAM","660","MIKE BOST","360","12TH CONGRESS","DOUGLAS 12","0","12","REPUBLICAN","97"
"25","0","EFFINGHAM","0","Over Votes","360","12TH CONGRESS","DOUGLAS 12","0","12","REPUBLICAN","0"
"25","0","EFFINGHAM","0","Under Votes","360","12TH CONGRESS","TEUTOPOLIS 1","0","12","REPUBLICAN","39"
"25","0","EFFINGHAM","660","MIKE BOST","360","12TH CONGRESS","TEUTOPOLIS 1","0","12","REPUBLICAN","144"
"25","0","EFFINGHAM","0","Over Votes","360","12TH CONGRESS","TEUTOPOLIS 1","0","12","REPUBLICAN","0"
"25","0","EFFINGHAM","0","Over Votes","360","12TH CONGRESS","SUMMIT 1","0","12","REPUBLICAN","0"
"25","0","EFFINGHAM","0","Under Votes","360","12TH CONGRESS","SUMMIT 1","0","12","REPUBLICAN","56"
"67","0","MONROE","0","Under Votes","360","12TH CONGRESS","PRECINCT 5","1030","12","REPUBLICAN","15"
"67","0","MONROE","0","Over Votes","360","12TH CONGRESS","PRECINCT 8","948","12","REPUBLICAN","0"
"67","0","MONROE","660","MIKE BOST","360","12TH CONGRESS","PRECINCT 8","948","12","REPUBLICAN","124"
"67","0","MONROE","0","Under Votes","360","12TH CONGRESS","PRECINCT 8","948","12","REPUBLICAN","3"
"67","0","MONROE","0","Over Votes","360","12TH CONGRESS","PRECINCT 21","1445","12","REPUBLICAN","0"
"67","0","MONROE","660","MIKE BOST","360","12TH CONGRESS","PRECINCT 21","1445","12","REPUBLICAN","191"
"67","0","MONROE","0","Under Votes","360","12TH CONGRESS","PRECINCT 21","1445","12","REPUBLICAN","16"
"67","0","MONROE","0","Over Votes","360","12TH CONGRESS","PRECINCT 24","1174","12","REPUBLICAN","0"
"67","0","MONROE","660","MIKE BOST","360","12TH CONGRESS","PRECINCT 24","1174","12","REPUBLICAN","214"
"67","0","MONROE","0","Under Votes","360","12TH CONGRESS","PRECINCT 24","1174","12","REPUBLICAN","16"
"67","0","MONROE","0","Over Votes","360","12TH CONGRESS","PRECINCT 1","1339","12","REPUBLICAN","0"
"67","0","MONROE","660","MIKE BOST","360","12TH CONGRESS","PRECINCT 1","1339","12","REPUBLICAN","99"
"67","0","MONROE","0","Under Votes","360","12TH CONGRESS","PRECINCT 1","1339","12","REPUBLICAN","14"
"67","0","MONROE","0","Over Votes","360","12TH CONGRESS","PRECINCT 4","757","12","REPUBLICAN","0"
"67","0","MONROE","660","MIKE BOST","360","12TH CONGRESS","PRECINCT 4","757","12","REPUBLICAN","94"
"67","0","MONROE","0","Under Votes","360","12TH CONGRESS","PRECINCT 4","757","12","REPUBLICAN","15"
"67","0","MONROE","0","Over Votes","360","12TH CONGRESS","PRECINCT 17","1168","12","REPUBLICAN","0"
"67","0","MONROE","660","MIKE BOST","360","12TH CONGRESS","PRECINCT 17","1168","12","REPUBLICAN","146"
"67","0","MONROE","0","Under Votes","360","12TH CONGRESS","PRECINCT 17","1168","12","REPUBLICAN","10"
"67","0","MONROE","0","Over Votes","360","12TH CONGRESS","PRECINCT 20","925","12","REPUBLICAN","0"
"67","0","MONROE","660","MIKE BOST","360","12TH CONGRESS","PRECINCT 20","925","12","REPUBLICAN","152"
"67","0","MONROE","0","Under Votes","360","12TH CONGRESS","PRECINCT 20","925","12","REPUBLICAN","15"
"67","0","MONROE","660","MIKE BOST","360","12TH CONGRESS","PRECINCT 3","936","12","REPUBLICAN","94"
"67","0","MONROE","0","Under Votes","360","12TH CONGRESS","PRECINCT 3","936","12","REPUBLICAN","9"
"67","0","MONROE","0","Over Votes","360","12TH CONGRESS","PRECINCT 3","936","12","REPUBLICAN","0"
"67","0","MONROE","0","Over Votes","360","12TH CONGRESS","PRECINCT 6","869","12","REPUBLICAN","0"
"67","0","MONROE","660","MIKE BOST","360","12TH CONGRESS","PRECINCT 6","869","12","REPUBLICAN","81"
"67","0","MONROE","0","Under Votes","360","12TH CONGRESS","PRECINCT 6","869","12","REPUBLICAN","4"
"67","0","MONROE","0","Over Votes","360","12TH CONGRESS","PRECINCT 19","993","12","REPUBLICAN","0"
"67","0","MONROE","660","MIKE BOST","360","12TH CONGRESS","PRECINCT 19","993","12","REPUBLICAN","161"
"67","0","MONROE","0","Under Votes","360","12TH CONGRESS","PRECINCT 19","993","12","REPUBLICAN","17"
"67","0","MONROE","0","Over Votes","360","12TH CONGRESS","PRECINCT 22","1078","12","REPUBLICAN","0"
"67","0","MONROE","660","MIKE BOST","360","12TH CONGRESS","PRECINCT 22","1078","12","REPUBLICAN","166"
"67","0","MONROE","0","Under Votes","360","12TH CONGRESS","PRECINCT 22","1078","12","REPUBLICAN","15"
"51","0","LAWRENCE","670","JOSHUA QUALLS","360","12TH CONGRESS","ALLISON 1","183","11","DEMOCRATIC","6"
"51","0","LAWRENCE","665","HOMER ""CHIP"" MARKEL","360","12TH CONGRESS","ALLISON 1","183","11","DEMOCRATIC","5"
"51","0","LAWRENCE","670","JOSHUA QUALLS","360","12TH CONGRESS","BRIDGEPORT 6","829","11","DEMOCRATIC","11"
"51","0","LAWRENCE","665","HOMER ""CHIP"" MARKEL","360","12TH CONGRESS","BRIDGEPORT 6","829","11","DEMOCRATIC","10"
"51","0","LAWRENCE","670","JOSHUA QUALLS","360","12TH CONGRESS","DENISON 12","340","11","DEMOCRATIC","4"
"51","0","LAWRENCE","665","HOMER ""CHIP"" MARKEL","360","12TH CONGRESS","DENISON 12","340","11","DEMOCRATIC","5"
"51","0","LAWRENCE","670","JOSHUA QUALLS","360","12TH CONGRESS","LAWRENCE 15","709","11","DEMOCRATIC","10"
"51","0","LAWRENCE","665","HOMER ""CHIP"" MARKEL","360","12TH CONGRESS","LAWRENCE 15","709","11","DEMOCRATIC","10"
"80","0","RICHLAND","0","Under Votes","360","12TH CONGRESS","BONPAS - 003","271","11","","4"
"80","0","RICHLAND","665","HOMER ""CHIP"" MARKEL","360","12TH CONGRESS","BONPAS - 003","271","11","","3"
"80","0","RICHLAND","670","JOSHUA QUALLS","360","12TH CONGRESS","BONPAS - 003","271","11","","0"
"80","0","RICHLAND","0","Over Votes","360","12TH CONGRESS","BONPAS - 003","271","11","","0"
"80","0","RICHLAND","0","Under Votes","360","12TH CONGRESS","DECKER - 002","318","11","","0"
"80","0","RICHLAND","665","HOMER ""CHIP"" MARKEL","360","12TH CONGRESS","DECKER - 002","318","11","","3"
"80","0","RICHLAND","670","JOSHUA QUALLS","360","12TH CONGRESS","DECKER - 002","318","11","","2"
"80","0","RICHLAND","0","Over Votes","360","12TH CONGRESS","DECKER - 002","318","11","","0"
"80","0","RICHLAND","0","Over Votes","360","12TH CONGRESS","MADISON 1 - 003","270","11","","0"
"80","0","RICHLAND","0","Under Votes","360","12TH CONGRESS","MADISON 1 - 003","270","11","","0"
"80","0","RICHLAND","665","HOMER ""CHIP"" MARKEL","360","12TH CONGRESS","MADISON 1 - 003","270","11","","3"
"80","0","RICHLAND","670","JOSHUA QUALLS","360","12TH CONGRESS","MADISON 1 - 003","270","11","","0"
"80","0","RICHLAND","0","Over Votes","360","12TH CONGRESS","DENVER - F12","0","11","","0"
"80","0","RICHLAND","0","Under Votes","360","12TH CONGRESS","DENVER - F12","0","11","","0"
"80","0","RICHLAND","665","HOMER ""CHIP"" MARKEL","360","12TH CONGRESS","DENVER - F12","0","11","","0"
"80","0","RICHLAND","670","JOSHUA QUALLS","360","12TH CONGRESS","DENVER - F12","0","11","","0"
"80","0","RICHLAND","0","Over Votes","360","12TH CONGRESS","MADISON 2 - F12","0","11","","0"
"80","0","RICHLAND","0","Under Votes","360","12TH CONGRESS","MADISON 2 - F12","0","11","","0"
"80","0","RICHLAND","665","HOMER ""CHIP"" MARKEL","360","12TH CONGRESS","MADISON 2 - F12","0","11","","0"
"80","0","RICHLAND","670","JOSHUA QUALLS","360","12TH CONGRESS","MADISON 2 - F12","0","11","","0"
"80","0","RICHLAND","0","Over Votes","360","12TH CONGRESS","OLNEY 1 - F12","0","11","","0"
"80","0","RICHLAND","0","Under Votes","360","12TH CONGRESS","OLNEY 1 - F12","0","11","","0"
"80","0","RICHLAND","665","HOMER ""CHIP"" MARKEL","360","12TH CONGRESS","OLNEY 1 - F12","0","11","","0"
"80","0","RICHLAND","670","JOSHUA QUALLS","360","12TH CONGRESS","OLNEY 1 - F12","0","11","","0"
"80","0","RICHLAND","0","Over Votes","360","12TH CONGRESS","OLNEY 4 - F12","0","11","","0"
"80","0","RICHLAND","0","Under Votes","360","12TH CONGRESS","OLNEY 4 - F12","0","11","","0"
"80","0","RICHLAND","0","Under Votes","360","12TH CONGRESS","OLNEY 4 - 007","901","11","","4"
"80","0","RICHLAND","665","HOMER ""CHIP"" MARKEL","360","12TH CONGRESS","OLNEY 4 - 007","901","11","","12"
"80","0","RICHLAND","670","JOSHUA QUALLS","360","12TH CONGRESS","OLNEY 4 - 007","901","11","","10"
"80","0","RICHLAND","0","Over Votes","360","12TH CONGRESS","OLNEY 4 - 007","901","11","","0"
"80","0","RICHLAND","0","Over Votes","360","12TH CONGRESS","OLNEY 7 - 005","1082","11","","0"
"80","0","RICHLAND","0","Under Votes","360","12TH CONGRESS","OLNEY 7 - 005","1082","11","","6"
"80","0","RICHLAND","665","HOMER ""CHIP"" MARKEL","360","12TH CONGRESS","OLNEY 7 - 005","1082","11","","28"
"80","0","RICHLAND","670","JOSHUA QUALLS","360","12TH CONGRESS","OLNEY 7 - 005","1082","11","","19"
"80","0","RICHLAND","0","Over Votes","360","12TH CONGRESS","OLNEY 11 - 001","604","11","","0"
"80","0","RICHLAND","0","Under Votes","360","12TH CONGRESS","OLNEY 11 - 001","604","11","","5"
"80","0","RICHLAND","665","HOMER ""CHIP"" MARKEL","360","12TH CONGRESS","OLNEY 11 - 001","604","11","","9"
"80","0","RICHLAND","670","JOSHUA QUALLS","360","12TH CONGRESS","OLNEY 11 - 001","604","11","","11"
"80","0","RICHLAND","0","Over Votes","360","12TH CONGRESS","BONPAS - F12","0","11","","0"
"80","0","RICHLAND","0","Under Votes","360","12TH CONGRESS","BONPAS - F12","0","11","","0"
"80","0","RICHLAND","665","HOMER ""CHIP"" MARKEL","360","12TH CONGRESS","BONPAS - F12","0","11","","0"
"80","0","RICHLAND","670","JOSHUA QUALLS","360","12TH CONGRESS","BONPAS - F12","0","11","","0"
"80","0","RICHLAND","0","Over Votes","360","12TH CONGRESS","NOBLE 1 - 002","487","11","","0"
"80","0","RICHLAND","0","Under Votes","360","12TH CONGRESS","NOBLE 1 - 002","487","11","","1"
"80","0","RICHLAND","665","HOMER ""CHIP"" MARKEL","360","12TH CONGRESS","NOBLE 1 - 002","487","11","","10"
"39","0","JACKSON","0","Over Votes","360","12TH CONGRESS","MURPHYSBORO 03","859","11","DEMOCRATIC","0"
"39","0","JACKSON","670","JOSHUA QUALLS","360","12TH CONGRESS","MURPHYSBORO 03","859","11","DEMOCRATIC","28"
"39","0","JACKSON","0","Under Votes","360","12TH CONGRESS","MURPHYSBORO 10","452","11","DEMOCRATIC","0"
"39","0","JACKSON","0","Blank Ballots","360","12TH CONGRESS","MURPHYSBORO 10","452","11","DEMOCRATIC","6"
"39","0","JACKSON","665","HOMER ""CHIP"" MARKEL","360","12TH CONGRESS","MURPHYSBORO 10","452","11","DEMOCRATIC","27"
"39","0","JACKSON","0","Over Votes","360","12TH CONGRESS","MURPHYSBORO 10","452","11","DEMOCRATIC","0"
"39","0","JACKSON","670","JOSHUA QUALLS","360","12TH CONGRESS","MURPHYSBORO 10","452","11","DEMOCRATIC","13"
"39","0","JACKSON","0","Blank Ballots","360","12TH CONGRESS","ORA","352","11","DEMOCRATIC","1"
"39","0","JACKSON","0","Under Votes","360","12TH CONGRESS","ORA","352","11","DEMOCRATIC","0"
"39","0","JACKSON","665","HOMER ""CHIP"" MARKEL","360","12TH CONGRESS","ORA","352","11","DEMOCRATIC","9"
"39","0","JACKSON","0","Over Votes","360","12TH CONGRESS","ORA","352","11","DEMOCRATIC","0"
"39","0","JACKSON","670","JOSHUA QUALLS","360","12TH CONGRESS","ORA","352","11","DEMOCRATIC","2"
"39","0","JACKSON","0","Under Votes","360","12TH CONGRESS","VERGENNES","521","11","DEMOCRATIC","0"
"39","0","JACKSON","0","Blank Ballots","360","12TH CONGRESS","VERGENNES","521","11","DEMOCRATIC","1"
"39","0","JACKSON","665","HOMER ""CHIP"" MARKEL","360","12TH CONGRESS","VERGENNES","521","11","DEMOCRATIC","13"
"39","0","JACKSON","0","Over Votes","360","12TH CONGRESS","VERGENNES","521","11","DEMOCRATIC","0"
"39","0","JACKSON","670","JOSHUA QUALLS","360","12TH CONGRESS","VERGENNES","521","11","DEMOCRATIC","5"
"39","0","JACKSON","0","Blank Ballots","360","12TH CONGRESS","MAKANDA 1","911","11","DEMOCRATIC","13"
"39","0","JACKSON","0","Under Votes","360","12TH CONGRESS","MAKANDA 1","911","11","DEMOCRATIC","0"
"39","0","JACKSON","665","HOMER ""CHIP"" MARKEL","360","12TH CONGRESS","MAKANDA 1","911","11","DEMOCRATIC","79"
"39","0","JACKSON","0","Over Votes","360","12TH CONGRESS","MAKANDA 1","911","11","DEMOCRATIC","1"
"39","0","JACKSON","670","JOSHUA QUALLS","360","12TH CONGRESS","MAKANDA 1","911","11","DEMOCRATIC","25"
"39","0","JACKSON","0","Blank Ballots","360","12TH CONGRESS","MURPHYSBORO 06","495","11","DEMOCRATIC","3"
"39","0","JACKSON","0","Under Votes","360","12TH CONGRESS","MURPHYSBORO 06","495","11","DEMOCRATIC","0"
"39","0","JACKSON","665","HOMER ""CHIP"" MARKEL","360","12TH CONGRESS","MURPHYSBORO 06","495","11","DEMOCRATIC","22"
"39","0","JACKSON","0","Over Votes","360","12TH CONGRESS","MURPHYSBORO 06","495","11","DEMOCRATIC","0"
"39","0","JACKSON","670","JOSHUA QUALLS","360","12TH CONGRESS","MURPHYSBORO 06","495","11","DEMOCRATIC","8"
"39","0","JACKSON","0","Blank Ballots","360","12TH CONGRESS","SOMERSET 1","759","11","DEMOCRATIC","5"
"39","0","JACKSON","0","Under Votes","360","12TH CONGRESS","SOMERSET 1","759","11","DEMOCRATIC","0"
"39","0","JACKSON","665","HOMER ""CHIP"" MARKEL","360","12TH CONGRESS","SOMERSET 1","759","11","DEMOCRATIC","23"
"39","0","JACKSON","0","Over Votes","360","12TH CONGRESS","SOMERSET 1","759","11","DEMOCRATIC","0"
"39","0","JACKSON","670","JOSHUA QUALLS","360","12TH CONGRESS","SOMERSET 1","759","11","DEMOCRATIC","9"
"39","0","JACKSON","0","Under Votes","360","12TH CONGRESS","CARBONDALE 09","439","11","DEMOCRATIC","0"
"39","0","JACKSON","665","HOMER ""CHIP"" MARKEL","360","12TH CONGRESS","CARBONDALE 09","439","11","DEMOCRATIC","44"
"39","0","JACKSON","0","Over Votes","360","12TH CONGRESS","CARBONDALE 09","439","11","DEMOCRATIC","0"
"39","0","JACKSON","670","JOSHUA QUALLS","360","12TH CONGRESS","CARBONDALE 09","439","11","DEMOCRATIC","14"
"39","0","JACKSON","0","Blank Ballots","360","12TH CONGRESS","CARBONDALE 19","821","11","DEMOCRATIC","10"
"39","0","JACKSON","0","Under Votes","360","12TH CONGRESS","CARBONDALE 19","821","11","DEMOCRATIC","0"
"39","0","JACKSON","665","HOMER ""CHIP"" MARKEL","360","12TH CONGRESS","CARBONDALE 19","821","11","DEMOCRATIC","36"
"39","0","JACKSON","0","Over Votes","360","12TH CONGRESS","CARBONDALE 19","821","11","DEMOCRATIC","0"
"39","0","JACKSON","670","JOSHUA QUALLS","360","12TH CONGRESS","CARBONDALE 19","821","11","DEMOCRATIC","32"
"39","0","JACKSON","0","Under Votes","360","12TH CONGRESS","ELK 1","711","11","DEMOCRATIC","0"
"18","0","CUMBERLAND","0","Over Votes","360","12TH CONGRESS","WOODBURY - F12","0","12","","0"
"18","0","CUMBERLAND","660","MIKE BOST","360","12TH CONGRESS","WOODBURY - F12","0","12","","0"
"18","0","CUMBERLAND","0","Under Votes","360","12TH CONGRESS","WOODBURY - F12","0","12","","0"
"18","0","CUMBERLAND","0","Over Votes","360","12TH CONGRESS","GREENUP 3 - 010","501","12","","0"
"18","0","CUMBERLAND","660","MIKE BOST","360","12TH CONGRESS","GREENUP 3 - 010","501","12","","109"
"18","0","CUMBERLAND","0","Under Votes","360","12TH CONGRESS","GREENUP 3 - 010","501","12","","23"
"18","0","CUMBERLAND","0","Over Votes","360","12TH CONGRESS","NEOGA 1 - 005","997","12","","0"
"18","0","CUMBERLAND","660","MIKE BOST","360","12TH CONGRESS","NEOGA 1 - 005","997","12","","244"
"18","0","CUMBERLAND","0","Under Votes","360","12TH CONGRESS","NEOGA 1 - 005","997","12","","50"
"18","0","CUMBERLAND","0","Over Votes","360","12TH CONGRESS","NEOGA 2 - 005","539","12","","0"
"18","0","CUMBERLAND","660","MIKE BOST","360","12TH CONGRESS","NEOGA 2 - 005","539","12","","123"
"18","0","CUMBERLAND","0","Under Votes","360","12TH CONGRESS","NEOGA 2 - 005","539","12","","31"
"18","0","CUMBERLAND","0","Over Votes","360","12TH CONGRESS","SPRING POINT - 007","305","12","","0"
"18","0","CUMBERLAND","660","MIKE BOST","360","12TH CONGRESS","SPRING POINT - 007","305","12","","91"
"18","0","CUMBERLAND","0","Under Votes","360","12TH CONGRESS","SPRING POINT - 007","305","12","","27"
"18","0","CUMBERLAND","0","Over Votes","360","12TH CONGRESS","SUMPTER 1 - 003","668","12","","0"
"18","0","CUMBERLAND","660","MIKE BOST","360","12TH CONGRESS","SUMPTER 1 - 003","668","12","","163"
"18","0","CUMBERLAND","0","Under Votes","360","12TH CONGRESS","SUMPTER 1 - 003","668","12","","27"
"18","0","CUMBERLAND","0","Over Votes","360","12TH CONGRESS","UNION - 001","520","12","","0"
"18","0","CUMBERLAND","660","MIKE BOST","360","12TH CONGRESS","UNION - 001","520","12","","134"
"18","0","CUMBERLAND","0","Under Votes","360","12TH CONGRESS","UNION - 001","520","12","","25"
"18","0","CUMBERLAND","0","Over Votes","360","12TH CONGRESS","COTTONWOOD - F12","0","12","","0"
"18","0","CUMBERLAND","660","MIKE BOST","360","12TH CONGRESS","COTTONWOOD - F12","0","12","","0"
"18","0","CUMBERLAND","0","Under Votes","360","12TH CONGRESS","COTTONWOOD - F12","0","12","","0"
"18","0","CUMBERLAND","0","Under Votes","360","12TH CONGRESS","NEOGA 1 - F12","0","12","","0"
"18","0","CUMBERLAND","0","Over Votes","360","12TH CONGRESS","NEOGA 1 - F12","0","12","","0"
"18","0","CUMBERLAND","660","MIKE BOST","360","12TH CONGRESS","NEOGA 1 - F12","0","12","","0"
"18","0","CUMBERLAND","0","Under Votes","360","12TH CONGRESS","SUMPTER 1 - F12","0","12","","0"
"18","0","CUMBERLAND","0","Over Votes","360","12TH CONGRESS","SUMPTER 1 - F12","0","12","","0"
"18","0","CUMBERLAND","660","MIKE BOST","360","12TH CONGRESS","SUMPTER 1 - F12","0","12","","0"
"18","0","CUMBERLAND","0","Over Votes","360","12TH CONGRESS","COTTONWOOD - 004","2","12","","0"
"18","0","CUMBERLAND","660","MIKE BOST","360","12TH CONGRESS","COTTONWOOD - 004","2","12","","0"
"18","0","CUMBERLAND","0","Under Votes","360","12TH CONGRESS","COTTONWOOD - 004","2","12","","0"
"18","0","CUMBERLAND","0","Over Votes","360","12TH CONGRESS","GREENUP 1 - 010","517","12","","0"
"18","0","CUMBERLAND","660","MIKE BOST","360","12TH CONGRESS","GREENUP 1 - 010","517","12","","113"
"18","0","CUMBERLAND","0","Under Votes","360","12TH CONGRESS","GREENUP 1 - 010","517","12","","21"
"18","0","CUMBERLAND","660","MIKE BOST","360","12TH CONGRESS","WOODBURY - 003","424","12","","114"
"18","0","CUMBERLAND","0","Under Votes","360","12TH CONGRESS","WOODBURY - 003","424","12","","26"
"18","0","CUMBERLAND","0","Over Votes","360","12TH CONGRESS","WOODBURY - 003","424","12","","0"
"18","0","CUMBERLAND","0","Over Votes","360","12TH CONGRESS","GREENUP 1 - F12","0","12","","0"
"18","0","CUMBERLAND","660","MIKE BOST","360","12TH CONGRESS","GREENUP 1 - F12","0","12","","0"
"18","0","CUMBERLAND","0","Under Votes","360","12TH CONGRESS","GREENUP 1 - F12","0","12","","0"
"39","0","JACKSON","0","Blank Ballots","360","12TH CONGRESS","ELK 1","711","11","DEMOCRATIC","2"
"39","0","JACKSON","665","HOMER ""CHIP"" MARKEL","360","12TH CONGRESS","ELK 1","711","11","DEMOCRATIC","9"
"39","0","JACKSON","0","Over Votes","360","12TH CONGRESS","ELK 1","711","11","DEMOCRATIC","0"
"39","0","JACKSON","670","JOSHUA QUALLS","360","12TH CONGRESS","ELK 1","711","11","DEMOCRATIC","3"
"39","0","JACKSON","0","Blank Ballots","360","12TH CONGRESS","MAKANDA 4","768","11","DEMOCRATIC","11"
"39","0","JACKSON","0","Under Votes","360","12TH CONGRESS","MAKANDA 4","768","11","DEMOCRATIC","0"
"39","0","JACKSON","665","HOMER ""CHIP"" MARKEL","360","12TH CONGRESS","MAKANDA 4","768","11","DEMOCRATIC","85"
"39","0","JACKSON","0","Over Votes","360","12TH CONGRESS","MAKANDA 4","768","11","DEMOCRATIC","0"
"39","0","JACKSON","670","JOSHUA QUALLS","360","12TH CONGRESS","MAKANDA 4","768","11","DEMOCRATIC","25"
"39","0","JACKSON","0","Blank Ballots","360","12TH CONGRESS","MURPHYSBORO 09","646","11","DEMOCRATIC","3"
"39","0","JACKSON","0","Under Votes","360","12TH CONGRESS","MURPHYSBORO 09","646","11","DEMOCRATIC","0"
"39","0","JACKSON","665","HOMER ""CHIP"" MARKEL","360","12TH CONGRESS","MURPHYSBORO 09","646","11","DEMOCRATIC","36"
"39","0","JACKSON","0","Over Votes","360","12TH CONGRESS","MURPHYSBORO 09","646","11","DEMOCRATIC","0"
"39","0","JACKSON","670","JOSHUA QUALLS","360","12TH CONGRESS","MURPHYSBORO 09","646","11","DEMOCRATIC","9"
"39","0","JACKSON","0","Under Votes","360","12TH CONGRESS","SOMERSET 4","540","11","DEMOCRATIC","0"
"39","0","JACKSON","0","Blank Ballots","360","12TH CONGRESS","SOMERSET 4","540","11","DEMOCRATIC","4"
"39","0","JACKSON","665","HOMER ""CHIP"" MARKEL","360","12TH CONGRESS","SOMERSET 4","540","11","DEMOCRATIC","16"
"39","0","JACKSON","0","Over Votes","360","12TH CONGRESS","SOMERSET 4","540","11","DEMOCRATIC","0"
"39","0","JACKSON","670","JOSHUA QUALLS","360","12TH CONGRESS","SOMERSET 4","540","11","DEMOCRATIC","12"
"39","0","JACKSON","0","Blank Ballots","360","12TH CONGRESS","CARBONDALE 18","842","11","DEMOCRATIC","1"
"39","0","JACKSON","665","HOMER ""CHIP"" MARKEL","360","12TH CONGRESS","CARBONDALE 18","842","11","DEMOCRATIC","33"
"39","0","JACKSON","0","Over Votes","360","12TH CONGRESS","CARBONDALE 18","842","11","DEMOCRATIC","0"
"39","0","JACKSON","670","JOSHUA QUALLS","360","12TH CONGRESS","CARBONDALE 18","842","11","DEMOCRATIC","21"
"39","0","JACKSON","0","Under Votes","360","12TH CONGRESS","CARBONDALE 20","449","11","DEMOCRATIC","0"
"39","0","JACKSON","0","Blank Ballots","360","12TH CONGRESS","CARBONDALE 20","449","11","DEMOCRATIC","5"
"39","0","JACKSON","665","HOMER ""CHIP"" MARKEL","360","12TH CONGRESS","CARBONDALE 20","449","11","DEMOCRATIC","38"
"39","0","JACKSON","0","Over Votes","360","12TH CONGRESS","CARBONDALE 20","449","11","DEMOCRATIC","0"
"39","0","JACKSON","670","JOSHUA QUALLS","360","12TH CONGRESS","CARBONDALE 20","449","11","DEMOCRATIC","14"
"39","0","JACKSON","0","Under Votes","360","12TH CONGRESS","DESOTO 2","631","11","DEMOCRATIC","0"
"39","0","JACKSON","0","Blank Ballots","360","12TH CONGRESS","DESOTO 2","631","11","DEMOCRATIC","3"
"39","0","JACKSON","665","HOMER ""CHIP"" MARKEL","360","12TH CONGRESS","DESOTO 2","631","11","DEMOCRATIC","13"
"39","0","JACKSON","0","Over Votes","360","12TH CONGRESS","DESOTO 2","631","11","DEMOCRATIC","0"
"39","0","JACKSON","670","JOSHUA QUALLS","360","12TH CONGRESS","DESOTO 2","631","11","DEMOCRATIC","8"
"39","0","JACKSON","0","Under Votes","360","12TH CONGRESS","MAKANDA 3","750","11","DEMOCRATIC","0"
"39","0","JACKSON","0","Blank Ballots","360","12TH CONGRESS","MAKANDA 3","750","11","DEMOCRATIC","9"
"39","0","JACKSON","665","HOMER ""CHIP"" MARKEL","360","12TH CONGRESS","MAKANDA 3","750","11","DEMOCRATIC","41"
"39","0","JACKSON","0","Over Votes","360","12TH CONGRESS","MAKANDA 3","750","11","DEMOCRATIC","0"
"39","0","JACKSON","670","JOSHUA QUALLS","360","12TH CONGRESS","MAKANDA 3","750","11","DEMOCRATIC","20"
"39","0","JACKSON","0","Under Votes","360","12TH CONGRESS","MURPHYSBORO 08","608","11","DEMOCRATIC","0"
"39","0","JACKSON","0","Blank Ballots","360","12TH CONGRESS","MURPHYSBORO 08","608","11","DEMOCRATIC","5"
"39","0","JACKSON","665","HOMER ""CHIP"" MARKEL","360","12TH CONGRESS","MURPHYSBORO 08","608","11","DEMOCRATIC","22"
"39","0","JACKSON","0","Over Votes","360","12TH CONGRESS","MURPHYSBORO 08","608","11","DEMOCRATIC","0"
"51","0","LAWRENCE","670","JOSHUA QUALLS","360","12TH CONGRESS","CHRISTY 8","765","11","DEMOCRATIC","14"
"51","0","LAWRENCE","665","HOMER ""CHIP"" MARKEL","360","12TH CONGRESS","CHRISTY 8","765","11","DEMOCRATIC","11"
"51","0","LAWRENCE","670","JOSHUA QUALLS","360","12TH CONGRESS","LAWRENCE 13","297","11","DEMOCRATIC","1"
"51","0","LAWRENCE","665","HOMER ""CHIP"" MARKEL","360","12TH CONGRESS","LAWRENCE 13","297","11","DEMOCRATIC","2"
"51","0","LAWRENCE","670","JOSHUA QUALLS","360","12TH CONGRESS","LAWRENCE 16","727","11","DEMOCRATIC","3"
"51","0","LAWRENCE","665","HOMER ""CHIP"" MARKEL","360","12TH CONGRESS","LAWRENCE 16","727","11","DEMOCRATIC","2"
"51","0","LAWRENCE","670","JOSHUA QUALLS","360","12TH CONGRESS","LAWRENCE 19","242","11","DEMOCRATIC","4"
"51","0","LAWRENCE","665","HOMER ""CHIP"" MARKEL","360","12TH CONGRESS","LAWRENCE 19","242","11","DEMOCRATIC","10"
"51","0","LAWRENCE","670","JOSHUA QUALLS","360","12TH CONGRESS","LAWRENCE 18","328","11","DEMOCRATIC","1"
"51","0","LAWRENCE","665","HOMER ""CHIP"" MARKEL","360","12TH CONGRESS","LAWRENCE 18","328","11","DEMOCRATIC","3"
"51","0","LAWRENCE","670","JOSHUA QUALLS","360","12TH CONGRESS","LAWRENCE 22","222","11","DEMOCRATIC","3"
"51","0","LAWRENCE","665","HOMER ""CHIP"" MARKEL","360","12TH CONGRESS","LAWRENCE 22","222","11","DEMOCRATIC","5"
"51","0","LAWRENCE","670","JOSHUA QUALLS","360","12TH CONGRESS","PETTY 25","445","11","DEMOCRATIC","5"
"51","0","LAWRENCE","665","HOMER ""CHIP"" MARKEL","360","12TH CONGRESS","PETTY 25","445","11","DEMOCRATIC","2"
"51","0","LAWRENCE","670","JOSHUA QUALLS","360","12TH CONGRESS","LAWRENCE 23","437","11","DEMOCRATIC","10"
"51","0","LAWRENCE","665","HOMER ""CHIP"" MARKEL","360","12TH CONGRESS","LAWRENCE 23","437","11","DEMOCRATIC","10"
"51","0","LAWRENCE","670","JOSHUA QUALLS","360","12TH CONGRESS","RUSSELL 27","301","11","DEMOCRATIC","4"
"51","0","LAWRENCE","665","HOMER ""CHIP"" MARKEL","360","12TH CONGRESS","RUSSELL 27","301","11","DEMOCRATIC","4"
"51","0","LAWRENCE","665","HOMER ""CHIP"" MARKEL","360","12TH CONGRESS","BRIDGEPORT 4","510","11","DEMOCRATIC","3"
"51","0","LAWRENCE","670","JOSHUA QUALLS","360","12TH CONGRESS","BRIDGEPORT 4","510","11","DEMOCRATIC","2"
"51","0","LAWRENCE","670","JOSHUA QUALLS","360","12TH CONGRESS","DENISON 10","576","11","DEMOCRATIC","14"
"51","0","LAWRENCE","665","HOMER ""CHIP"" MARKEL","360","12TH CONGRESS","DENISON 10","576","11","DEMOCRATIC","11"
"51","0","LAWRENCE","670","JOSHUA QUALLS","360","12TH CONGRESS","LAWRENCE 14","406","11","DEMOCRATIC","2"
"51","0","LAWRENCE","665","HOMER ""CHIP"" MARKEL","360","12TH CONGRESS","LAWRENCE 14","406","11","DEMOCRATIC","3"
"51","0","LAWRENCE","670","JOSHUA QUALLS","360","12TH CONGRESS","LAWRENCE 17","244","11","DEMOCRATIC","1"
"51","0","LAWRENCE","665","HOMER ""CHIP"" MARKEL","360","12TH CONGRESS","LAWRENCE 17","244","11","DEMOCRATIC","1"
"51","0","LAWRENCE","670","JOSHUA QUALLS","360","12TH CONGRESS","LAWRENCE 20","436","11","DEMOCRATIC","8"
"51","0","LAWRENCE","665","HOMER ""CHIP"" MARKEL","360","12TH CONGRESS","LAWRENCE 20","436","11","DEMOCRATIC","3"
"51","0","LAWRENCE","670","JOSHUA QUALLS","360","12TH CONGRESS","LUKIN 24","276","11","DEMOCRATIC","2"
"51","0","LAWRENCE","665","HOMER ""CHIP"" MARKEL","360","12TH CONGRESS","LUKIN 24","276","11","DEMOCRATIC","2"
"51","0","LAWRENCE","670","JOSHUA QUALLS","360","12TH CONGRESS","BOND 3","466","11","DEMOCRATIC","6"
"51","0","LAWRENCE","665","HOMER ""CHIP"" MARKEL","360","12TH CONGRESS","BOND 3","466","11","DEMOCRATIC","8"
"51","0","LAWRENCE","0","Over Votes","360","12TH CONGRESS","","0","11","DEMOCRATIC","0"
"51","0","LAWRENCE","0","Under Votes","360","12TH CONGRESS","","0","11","DEMOCRATIC","35"
"80","0","RICHLAND","0","Over Votes","360","12TH CONGRESS","OLNEY 4 - 007","901","12","","0"
"80","0","RICHLAND","660","MIKE BOST","360","12TH CONGRESS","OLNEY 4 - 007","901","12","","104"
"80","0","RICHLAND","0","Under Votes","360","12TH CONGRESS","OLNEY 4 - 007","901","12","","27"
"80","0","RICHLAND","0","Over Votes","360","12TH CONGRESS","OLNEY 7 - 005","1082","12","","0"
"80","0","RICHLAND","660","MIKE BOST","360","12TH CONGRESS","OLNEY 7 - 005","1082","12","","210"
"80","0","RICHLAND","0","Under Votes","360","12TH CONGRESS","OLNEY 7 - 005","1082","12","","82"
"80","0","RICHLAND","0","Over Votes","360","12TH CONGRESS","OLNEY 11 - 001","604","12","","0"
"28","0","FRANKLIN","0","Over Votes","360","12TH CONGRESS","TYRONE 5","0","11","DEMOCRATIC","0"
"28","0","FRANKLIN","665","HOMER ""CHIP"" MARKEL","360","12TH CONGRESS","TYRONE 5","0","11","DEMOCRATIC","9"
"28","0","FRANKLIN","0","Under Votes","360","12TH CONGRESS","BROWNING 1","0","11","DEMOCRATIC","0"
"28","0","FRANKLIN","670","JOSHUA QUALLS","360","12TH CONGRESS","BROWNING 1","0","11","DEMOCRATIC","3"
"28","0","FRANKLIN","0","Over Votes","360","12TH CONGRESS","BROWNING 1","0","11","DEMOCRATIC","0"
"28","0","FRANKLIN","665","HOMER ""CHIP"" MARKEL","360","12TH CONGRESS","BROWNING 1","0","11","DEMOCRATIC","23"
"28","0","FRANKLIN","0","Over Votes","360","12TH CONGRESS","BROWNING 2","0","11","DEMOCRATIC","0"
"28","0","FRANKLIN","665","HOMER ""CHIP"" MARKEL","360","12TH CONGRESS","BROWNING 2","0","11","DEMOCRATIC","14"
"28","0","FRANKLIN","0","Under Votes","360","12TH CONGRESS","BROWNING 2","0","11","DEMOCRATIC","1"
"28","0","FRANKLIN","670","JOSHUA QUALLS","360","12TH CONGRESS","BROWNING 2","0","11","DEMOCRATIC","15"
"28","0","FRANKLIN","0","Under Votes","360","12TH CONGRESS","BROWNING 3","0","11","DEMOCRATIC","5"
"28","0","FRANKLIN","670","JOSHUA QUALLS","360","12TH CONGRESS","BROWNING 3","0","11","DEMOCRATIC","5"
"28","0","FRANKLIN","0","Over Votes","360","12TH CONGRESS","BROWNING 3","0","11","DEMOCRATIC","0"
"28","0","FRANKLIN","665","HOMER ""CHIP"" MARKEL","360","12TH CONGRESS","BROWNING 3","0","11","DEMOCRATIC","12"
"28","0","FRANKLIN","0","Over Votes","360","12TH CONGRESS","EASTERN","0","11","DEMOCRATIC","0"
"28","0","FRANKLIN","0","Under Votes","360","12TH CONGRESS","SIX MILE 1","0","11","DEMOCRATIC","3"
"28","0","FRANKLIN","670","JOSHUA QUALLS","360","12TH CONGRESS","SIX MILE 1","0","11","DEMOCRATIC","17"
"28","0","FRANKLIN","665","HOMER ""CHIP"" MARKEL","360","12TH CONGRESS","SIX MILE 1","0","11","DEMOCRATIC","22"
"28","0","FRANKLIN","0","Over Votes","360","12TH CONGRESS","SIX MILE 1","0","11","DEMOCRATIC","0"
"28","0","FRANKLIN","0","Under Votes","360","12TH CONGRESS","SIX MILE 2","0","11","DEMOCRATIC","7"
"28","0","FRANKLIN","670","JOSHUA QUALLS","360","12TH CONGRESS","SIX MILE 2","0","11","DEMOCRATIC","13"
"28","0","FRANKLIN","665","HOMER ""CHIP"" MARKEL","360","12TH CONGRESS","SIX MILE 2","0","11","DEMOCRATIC","12"
"28","0","FRANKLIN","0","Over Votes","360","12TH CONGRESS","SIX MILE 2","0","11","DEMOCRATIC","0"
"28","0","FRANKLIN","0","Under Votes","360","12TH CONGRESS","SIX MILE 3","0","11","DEMOCRATIC","2"
"28","0","FRANKLIN","670","JOSHUA QUALLS","360","12TH CONGRESS","SIX MILE 3","0","11","DEMOCRATIC","23"
"28","0","FRANKLIN","0","Over Votes","360","12TH CONGRESS","SIX MILE 3","0","11","DEMOCRATIC","0"
"28","0","FRANKLIN","665","HOMER ""CHIP"" MARKEL","360","12TH CONGRESS","SIX MILE 3","0","11","DEMOCRATIC","14"
"28","0","FRANKLIN","665","HOMER ""CHIP"" MARKEL","360","12TH CONGRESS","DENNING 4","0","11","DEMOCRATIC","20"
"28","0","FRANKLIN","0","Over Votes","360","12TH CONGRESS","DENNING 4","0","11","DEMOCRATIC","0"
"28","0","FRANKLIN","0","Under Votes","360","12TH CONGRESS","GOODE 1","0","11","DEMOCRATIC","2"
"28","0","FRANKLIN","670","JOSHUA QUALLS","360","12TH CONGRESS","GOODE 1","0","11","DEMOCRATIC","11"
"28","0","FRANKLIN","665","HOMER ""CHIP"" MARKEL","360","12TH CONGRESS","GOODE 1","0","11","DEMOCRATIC","60"
"28","0","FRANKLIN","0","Over Votes","360","12TH CONGRESS","GOODE 1","0","11","DEMOCRATIC","0"
"28","0","FRANKLIN","0","Under Votes","360","12TH CONGRESS","BENTON 4","0","11","DEMOCRATIC","1"
"28","0","FRANKLIN","670","JOSHUA QUALLS","360","12TH CONGRESS","BENTON 4","0","11","DEMOCRATIC","13"
"28","0","FRANKLIN","665","HOMER ""CHIP"" MARKEL","360","12TH CONGRESS","BENTON 4","0","11","DEMOCRATIC","12"
"28","0","FRANKLIN","0","Over Votes","360","12TH CONGRESS","BENTON 4","0","11","DEMOCRATIC","0"
"28","0","FRANKLIN","0","Under Votes","360","12TH CONGRESS","BENTON 5","0","11","DEMOCRATIC","8"
"28","0","FRANKLIN","670","JOSHUA QUALLS","360","12TH CONGRESS","BENTON 5","0","11","DEMOCRATIC","25"
"28","0","FRANKLIN","665","HOMER ""CHIP"" MARKEL","360","12TH CONGRESS","BENTON 5","0","11","DEMOCRATIC","25"
"28","0","FRANKLIN","0","Over Votes","360","12TH CONGRESS","BENTON 5","0","11","DEMOCRATIC","0"
"28","0","FRANKLIN","0","Under Votes","360","12TH CONGRESS","BENTON 6","0","11","DEMOCRATIC","0"
"33","0","HAMILTON","670","JOSHUA QUALLS","360","12TH CONGRESS","SOUTH CROUCH","164","11","DEMOCRATIC","3"
"33","0","HAMILTON","665","HOMER ""CHIP"" MARKEL","360","12TH CONGRESS","SOUTH CROUCH","164","11","DEMOCRATIC","3"
"33","0","HAMILTON","670","JOSHUA QUALLS","360","12TH CONGRESS","TWIGG","321","11","DEMOCRATIC","3"
"33","0","HAMILTON","665","HOMER ""CHIP"" MARKEL","360","12TH CONGRESS","TWIGG","321","11","DEMOCRATIC","2"
"33","0","HAMILTON","670","JOSHUA QUALLS","360","12TH CONGRESS","MCLEANSBORO 4","521","11","DEMOCRATIC","5"
"33","0","HAMILTON","665","HOMER ""CHIP"" MARKEL","360","12TH CONGRESS","MCLEANSBORO 4","521","11","DEMOCRATIC","12"
"33","0","HAMILTON","670","JOSHUA QUALLS","360","12TH CONGRESS","SOUTH TWIGG","86","11","DEMOCRATIC","3"
"33","0","HAMILTON","665","HOMER ""CHIP"" MARKEL","360","12TH CONGRESS","SOUTH TWIGG","86","11","DEMOCRATIC","6"
"33","0","HAMILTON","670","JOSHUA QUALLS","360","12TH CONGRESS","BEAVER CREEK","171","11","DEMOCRATIC","4"
"33","0","HAMILTON","665","HOMER ""CHIP"" MARKEL","360","12TH CONGRESS","BEAVER CREEK","171","11","DEMOCRATIC","1"
"33","0","HAMILTON","670","JOSHUA QUALLS","360","12TH CONGRESS","DAHLGREN 1","361","11","DEMOCRATIC","8"
"33","0","HAMILTON","665","HOMER ""CHIP"" MARKEL","360","12TH CONGRESS","DAHLGREN 1","361","11","DEMOCRATIC","10"
"33","0","HAMILTON","670","JOSHUA QUALLS","360","12TH CONGRESS","KNIGHTS PRAIRIE","385","11","DEMOCRATIC","11"
"33","0","HAMILTON","665","HOMER ""CHIP"" MARKEL","360","12TH CONGRESS","KNIGHTS PRAIRIE","385","11","DEMOCRATIC","2"
"33","0","HAMILTON","670","JOSHUA QUALLS","360","12TH CONGRESS","MCLEANSBORO 2","621","11","DEMOCRATIC","15"
"33","0","HAMILTON","665","HOMER ""CHIP"" MARKEL","360","12TH CONGRESS","MCLEANSBORO 2","621","11","DEMOCRATIC","10"
"33","0","HAMILTON","0","Under Votes","360","12TH CONGRESS","","0","11","DEMOCRATIC","109"
"33","0","HAMILTON","0","Over Votes","360","12TH CONGRESS","","0","11","DEMOCRATIC","0"
"33","0","HAMILTON","665","HOMER ""CHIP"" MARKEL","360","12TH CONGRESS","MCLEANSBORO 3","770","11","DEMOCRATIC","18"
"33","0","HAMILTON","670","JOSHUA QUALLS","360","12TH CONGRESS","SOUTH FLANNIGAN","85","11","DEMOCRATIC","2"
"33","0","HAMILTON","665","HOMER ""CHIP"" MARKEL","360","12TH CONGRESS","SOUTH FLANNIGAN","85","11","DEMOCRATIC","0"
"33","0","HAMILTON","670","JOSHUA QUALLS","360","12TH CONGRESS","CROOK","248","11","DEMOCRATIC","6"
"33","0","HAMILTON","665","HOMER ""CHIP"" MARKEL","360","12TH CONGRESS","CROOK","248","11","DEMOCRATIC","9"
"33","0","HAMILTON","670","JOSHUA QUALLS","360","12TH CONGRESS","MCLEANSBORO 1","503","11","DEMOCRATIC","5"
"33","0","HAMILTON","665","HOMER ""CHIP"" MARKEL","360","12TH CONGRESS","MCLEANSBORO 1","503","11","DEMOCRATIC","9"
"33","0","HAMILTON","670","JOSHUA QUALLS","360","12TH CONGRESS","CROUCH","277","11","DEMOCRATIC","8"
"33","0","HAMILTON","665","HOMER ""CHIP"" MARKEL","360","12TH CONGRESS","CROUCH","277","11","DEMOCRATIC","3"
"33","0","HAMILTON","670","JOSHUA QUALLS","360","12TH CONGRESS","FLANNIGAN","210","11","DEMOCRATIC","5"
"33","0","HAMILTON","665","HOMER ""CHIP"" MARKEL","360","12TH CONGRESS","FLANNIGAN","210","11","DEMOCRATIC","5"
"33","0","HAMILTON","670","JOSHUA QUALLS","360","12TH CONGRESS","DAHLGREN 2","436","11","DEMOCRATIC","6"
"33","0","HAMILTON","665","HOMER ""CHIP"" MARKEL","360","12TH CONGRESS","DAHLGREN 2","436","11","DEMOCRATIC","8"
"33","0","HAMILTON","670","JOSHUA QUALLS","360","12TH CONGRESS","MAYBERRY","287","11","DEMOCRATIC","1"
"33","0","HAMILTON","665","HOMER ""CHIP"" MARKEL","360","12TH CONGRESS","MAYBERRY","287","11","DEMOCRATIC","9"
"33","0","HAMILTON","670","JOSHUA QUALLS","360","12TH CONGRESS","MCLEANSBORO 3","770","11","DEMOCRATIC","16"
"88","0","ST. CLAIR","665","HOMER ""CHIP"" MARKEL","360","12TH CONGRESS","CASEYVILLE 17","850","11","DEMOCRATIC","0"
"88","0","ST. CLAIR","670","JOSHUA QUALLS","360","12TH CONGRESS","CASEYVILLE 17","850","11","DEMOCRATIC","0"
"88","0","ST. CLAIR","670","JOSHUA QUALLS","360","12TH CONGRESS","LEBANON 2","740","11","DEMOCRATIC","25"
"88","0","ST. CLAIR","665","HOMER ""CHIP"" MARKEL","360","12TH CONGRESS","LEBANON 2","740","11","DEMOCRATIC","21"
"88","0","ST. CLAIR","665","HOMER ""CHIP"" MARKEL","360","12TH CONGRESS","MASCOUTAH 1","1212","11","DEMOCRATIC","14"
"88","0","ST. CLAIR","670","JOSHUA QUALLS","360","12TH CONGRESS","MASCOUTAH 1","1212","11","DEMOCRATIC","13"
"39","0","JACKSON","0","Blank Ballots","360","12TH CONGRESS","MURPHYSBORO 04","570","12","REPUBLICAN","5"
"39","0","JACKSON","0","Over Votes","360","12TH CONGRESS","MURPHYSBORO 04","570","12","REPUBLICAN","0"
"39","0","JACKSON","0","Under Votes","360","12TH CONGRESS","MURPHYSBORO 04","570","12","REPUBLICAN","0"
"39","0","JACKSON","660","MIKE BOST","360","12TH CONGRESS","MURPHYSBORO 04","570","12","REPUBLICAN","56"
"39","0","JACKSON","0","Blank Ballots","360","12TH CONGRESS","POMONA","537","12","REPUBLICAN","4"
"39","0","JACKSON","0","Over Votes","360","12TH CONGRESS","POMONA","537","12","REPUBLICAN","0"
"39","0","JACKSON","0","Under Votes","360","12TH CONGRESS","POMONA","537","12","REPUBLICAN","0"
"39","0","JACKSON","660","MIKE BOST","360","12TH CONGRESS","POMONA","537","12","REPUBLICAN","58"
"58","0","MARION","660","MIKE BOST","360","12TH CONGRESS","CENTRALIA 14","986","12","REPUBLICAN","178"
"58","0","MARION","660","MIKE BOST","360","12TH CONGRESS","CENTRALIA 17","1146","12","REPUBLICAN","212"
"58","0","MARION","660","MIKE BOST","360","12TH CONGRESS","HAINES","623","12","REPUBLICAN","170"
"58","0","MARION","660","MIKE BOST","360","12TH CONGRESS","SALEM 6","660","12","REPUBLICAN","164"
"58","0","MARION","0","Under Votes","360","12TH CONGRESS","","0","12","REPUBLICAN","570"
"58","0","MARION","0","Over Votes","360","12TH CONGRESS","","0","12","REPUBLICAN","0"
"58","0","MARION","660","MIKE BOST","360","12TH CONGRESS","CENTRALIA 01","685","12","REPUBLICAN","33"
"58","0","MARION","660","MIKE BOST","360","12TH CONGRESS","CENTRALIA 03","337","12","REPUBLICAN","32"
"58","0","MARION","660","MIKE BOST","360","12TH CONGRESS","RACCOON","1136","12","REPUBLICAN","266"
"58","0","MARION","660","MIKE BOST","360","12TH CONGRESS","SALEM 9","645","12","REPUBLICAN","132"
"58","0","MARION","660","MIKE BOST","360","12TH CONGRESS","CENTRALIA 04","672","12","REPUBLICAN","49"
"58","0","MARION","660","MIKE BOST","360","12TH CONGRESS","CENTRALIA 07","376","12","REPUBLICAN","27"
"58","0","MARION","660","MIKE BOST","360","12TH CONGRESS","IUKA","669","12","REPUBLICAN","291"
"58","0","MARION","660","MIKE BOST","360","12TH CONGRESS","ROMINE","320","12","REPUBLICAN","129"
"58","0","MARION","660","MIKE BOST","360","12TH CONGRESS","SANDOVAL 3","517","12","REPUBLICAN","68"
"58","0","MARION","660","MIKE BOST","360","12TH CONGRESS","ALMA","559","12","REPUBLICAN","174"
"58","0","MARION","660","MIKE BOST","360","12TH CONGRESS","CENTRALIA 06","298","12","REPUBLICAN","25"
"58","0","MARION","660","MIKE BOST","360","12TH CONGRESS","CENTRALIA 09","709","12","REPUBLICAN","86"
"58","0","MARION","660","MIKE BOST","360","12TH CONGRESS","CENTRALIA 12","638","12","REPUBLICAN","149"
"58","0","MARION","660","MIKE BOST","360","12TH CONGRESS","CENTRALIA 15","354","12","REPUBLICAN","31"
"58","0","MARION","660","MIKE BOST","360","12TH CONGRESS","OMEGA","316","12","REPUBLICAN","123"
"58","0","MARION","660","MIKE BOST","360","12TH CONGRESS","TONTI","725","12","REPUBLICAN","239"
"58","0","MARION","660","MIKE BOST","360","12TH CONGRESS","CENTRALIA 05","1049","12","REPUBLICAN","136"
"58","0","MARION","660","MIKE BOST","360","12TH CONGRESS","CENTRALIA 11","759","12","REPUBLICAN","142"
"58","0","MARION","660","MIKE BOST","360","12TH CONGRESS","KINMUNDY","716","12","REPUBLICAN","184"
"58","0","MARION","660","MIKE BOST","360","12TH CONGRESS","STEVENSON","902","12","REPUBLICAN","308"
"58","0","MARION","660","MIKE BOST","360","12TH CONGRESS","CARRIGAN","295","12","REPUBLICAN","87"
"58","0","MARION","660","MIKE BOST","360","12TH CONGRESS","ODIN","1038","12","REPUBLICAN","210"
"58","0","MARION","660","MIKE BOST","360","12TH CONGRESS","SALEM 5","436","12","REPUBLICAN","99"
"58","0","MARION","660","MIKE BOST","360","12TH CONGRESS","SALEM 8","1214","12","REPUBLICAN","309"
"58","0","MARION","660","MIKE BOST","360","12TH CONGRESS","SANDOVAL 1","804","12","REPUBLICAN","72"
"58","0","MARION","660","MIKE BOST","360","12TH CONGRESS","MEACHAM","256","12","REPUBLICAN","82"
"58","0","MARION","660","MIKE BOST","360","12TH CONGRESS","SALEM 1","1035","12","REPUBLICAN","215"
"58","0","MARION","660","MIKE BOST","360","12TH CONGRESS","SALEM 4","608","12","REPUBLICAN","115"
"80","0","RICHLAND","670","JOSHUA QUALLS","360","12TH CONGRESS","NOBLE 1 - 002","487","11","","7"
"80","0","RICHLAND","0","Over Votes","360","12TH CONGRESS","OLNEY 2 - 006","454","11","","0"
"80","0","RICHLAND","0","Under Votes","360","12TH CONGRESS","OLNEY 2 - 006","454","11","","2"
"80","0","RICHLAND","665","HOMER ""CHIP"" MARKEL","360","12TH CONGRESS","OLNEY 2 - 006","454","11","","7"
"80","0","RICHLAND","665","HOMER ""CHIP"" MARKEL","360","12TH CONGRESS","OLNEY 1 - 005","442","11","","8"
"80","0","RICHLAND","670","JOSHUA QUALLS","360","12TH CONGRESS","OLNEY 1 - 005","442","11","","8"
"80","0","RICHLAND","0","Over Votes","360","12TH CONGRESS","OLNEY 1 - 005","442","11","","0"
"80","0","RICHLAND","0","Over Votes","360","12TH CONGRESS","OLNEY 3 - F12","0","11","","0"
"80","0","RICHLAND","0","Under Votes","360","12TH CONGRESS","OLNEY 3 - F12","0","11","","0"
"80","0","RICHLAND","665","HOMER ""CHIP"" MARKEL","360","12TH CONGRESS","OLNEY 3 - F12","0","11","","0"
"80","0","RICHLAND","670","JOSHUA QUALLS","360","12TH CONGRESS","OLNEY 3 - F12","0","11","","0"
"80","0","RICHLAND","0","Under Votes","360","12TH CONGRESS","OLNEY 6 - F12","0","11","","0"
"80","0","RICHLAND","665","HOMER ""CHIP"" MARKEL","360","12TH CONGRESS","OLNEY 6 - F12","0","11","","0"
"80","0","RICHLAND","670","JOSHUA QUALLS","360","12TH CONGRESS","OLNEY 6 - F12","0","11","","0"
"80","0","RICHLAND","0","Over Votes","360","12TH CONGRESS","OLNEY 6 - F12","0","11","","0"
"80","0","RICHLAND","0","Under Votes","360","12TH CONGRESS","OLNEY 10 - F12","0","11","","0"
"80","0","RICHLAND","665","HOMER ""CHIP"" MARKEL","360","12TH CONGRESS","OLNEY 10 - F12","0","11","","0"
"80","0","RICHLAND","670","JOSHUA QUALLS","360","12TH CONGRESS","OLNEY 10 - F12","0","11","","0"
"80","0","RICHLAND","0","Over Votes","360","12TH CONGRESS","OLNEY 10 - F12","0","11","","0"
"80","0","RICHLAND","0","Over Votes","360","12TH CONGRESS","PRESTON 2 - F12","0","11","","0"
"80","0","RICHLAND","0","Under Votes","360","12TH CONGRESS","PRESTON 2 - F12","0","11","","0"
"80","0","RICHLAND","665","HOMER ""CHIP"" MARKEL","360","12TH CONGRESS","PRESTON 2 - F12","0","11","","0"
"80","0","RICHLAND","670","JOSHUA QUALLS","360","12TH CONGRESS","PRESTON 2 - F12","0","11","","0"
"80","0","RICHLAND","0","Over Votes","360","12TH CONGRESS","GERMAN - 001","258","11","","0"
"80","0","RICHLAND","0","Under Votes","360","12TH CONGRESS","GERMAN - 001","258","11","","4"
"80","0","RICHLAND","665","HOMER ""CHIP"" MARKEL","360","12TH CONGRESS","GERMAN - 001","258","11","","4"
"80","0","RICHLAND","670","JOSHUA QUALLS","360","12TH CONGRESS","GERMAN - 001","258","11","","8"
"80","0","RICHLAND","0","Over Votes","360","12TH CONGRESS","MADISON 2 - 003","286","11","","0"
"80","0","RICHLAND","0","Under Votes","360","12TH CONGRESS","MADISON 2 - 003","286","11","","0"
"80","0","RICHLAND","665","HOMER ""CHIP"" MARKEL","360","12TH CONGRESS","MADISON 2 - 003","286","11","","1"
"80","0","RICHLAND","670","JOSHUA QUALLS","360","12TH CONGRESS","MADISON 2 - 003","286","11","","7"
"80","0","RICHLAND","0","Under Votes","360","12TH CONGRESS","OLNEY 1 - 005","442","11","","3"
"80","0","RICHLAND","665","HOMER ""CHIP"" MARKEL","360","12TH CONGRESS","OLNEY 4 - F12","0","11","","0"
"80","0","RICHLAND","670","JOSHUA QUALLS","360","12TH CONGRESS","OLNEY 4 - F12","0","11","","0"
"97","0","WHITE","0","Over Votes","360","12TH CONGRESS","CARMI 12 - 001","352","12","","0"
"97","0","WHITE","660","MIKE BOST","360","12TH CONGRESS","CARMI 12 - 001","352","12","","69"
"97","0","WHITE","0","Under Votes","360","12TH CONGRESS","CARMI 12 - 001","352","12","","15"
"97","0","WHITE","0","Over Votes","360","12TH CONGRESS","CARMI 12 - F12","0","12","","0"
"97","0","WHITE","660","MIKE BOST","360","12TH CONGRESS","CARMI 12 - F12","0","12","","0"
"97","0","WHITE","0","Under Votes","360","12TH CONGRESS","CARMI 12 - F12","0","12","","0"
"97","0","WHITE","0","Over Votes","360","12TH CONGRESS","CARMI 16 - F12","0","12","","0"
"97","0","WHITE","660","MIKE BOST","360","12TH CONGRESS","CARMI 16 - F12","0","12","","0"
"97","0","WHITE","0","Under Votes","360","12TH CONGRESS","CARMI 16 - F12","0","12","","0"
"97","0","WHITE","0","Over Votes","360","12TH CONGRESS","CARMI 20 - F12","0","12","","0"
"97","0","WHITE","660","MIKE BOST","360","12TH CONGRESS","CARMI 20 - F12","0","12","","0"
"25","0","EFFINGHAM","660","MIKE BOST","360","12TH CONGRESS","SUMMIT 1","0","12","REPUBLICAN","191"
"25","0","EFFINGHAM","0","Over Votes","360","12TH CONGRESS","SUMMIT 4","0","12","REPUBLICAN","0"
"25","0","EFFINGHAM","0","Under Votes","360","12TH CONGRESS","SUMMIT 4","0","12","REPUBLICAN","45"
"25","0","EFFINGHAM","660","MIKE BOST","360","12TH CONGRESS","SUMMIT 4","0","12","REPUBLICAN","147"
"25","0","EFFINGHAM","0","Over Votes","360","12TH CONGRESS","DOUGLAS 4","0","12","REPUBLICAN","0"
"25","0","EFFINGHAM","0","Under Votes","360","12TH CONGRESS","DOUGLAS 9","0","12","REPUBLICAN","7"
"25","0","EFFINGHAM","660","MIKE BOST","360","12TH CONGRESS","DOUGLAS 9","0","12","REPUBLICAN","52"
"25","0","EFFINGHAM","0","Over Votes","360","12TH CONGRESS","DOUGLAS 9","0","12","REPUBLICAN","0"
"25","0","EFFINGHAM","0","Over Votes","360","12TH CONGRESS","MASON","0","12","REPUBLICAN","0"
"25","0","EFFINGHAM","0","Under Votes","360","12TH CONGRESS","MASON","0","12","REPUBLICAN","45"
"25","0","EFFINGHAM","660","MIKE BOST","360","12TH CONGRESS","MASON","0","12","REPUBLICAN","235"
"25","0","EFFINGHAM","0","Over Votes","360","12TH CONGRESS","SUMMIT 2","0","12","REPUBLICAN","0"
"25","0","EFFINGHAM","0","Under Votes","360","12TH CONGRESS","SUMMIT 2","0","12","REPUBLICAN","22"
"25","0","EFFINGHAM","660","MIKE BOST","360","12TH CONGRESS","SUMMIT 2","0","12","REPUBLICAN","149"
"25","0","EFFINGHAM","0","Under Votes","360","12TH CONGRESS","DOUGLAS 2","0","12","REPUBLICAN","22"
"25","0","EFFINGHAM","660","MIKE BOST","360","12TH CONGRESS","DOUGLAS 2","0","12","REPUBLICAN","88"
"25","0","EFFINGHAM","0","Over Votes","360","12TH CONGRESS","DOUGLAS 2","0","12","REPUBLICAN","0"
"25","0","EFFINGHAM","0","Under Votes","360","12TH CONGRESS","DOUGLAS 5","0","12","REPUBLICAN","23"
"25","0","EFFINGHAM","660","MIKE BOST","360","12TH CONGRESS","DOUGLAS 5","0","12","REPUBLICAN","125"
"25","0","EFFINGHAM","0","Over Votes","360","12TH CONGRESS","DOUGLAS 5","0","12","REPUBLICAN","0"
"25","0","EFFINGHAM","0","Under Votes","360","12TH CONGRESS","LUCAS","0","12","REPUBLICAN","20"
"25","0","EFFINGHAM","660","MIKE BOST","360","12TH CONGRESS","LUCAS","0","12","REPUBLICAN","110"
"25","0","EFFINGHAM","0","Over Votes","360","12TH CONGRESS","LUCAS","0","12","REPUBLICAN","0"
"33","0","HAMILTON","660","MIKE BOST","360","12TH CONGRESS","MCLEANSBORO 3","770","12","REPUBLICAN","201"
"33","0","HAMILTON","660","MIKE BOST","360","12TH CONGRESS","SOUTH FLANNIGAN","85","12","REPUBLICAN","31"
"33","0","HAMILTON","660","MIKE BOST","360","12TH CONGRESS","MCLEANSBORO 1","503","12","REPUBLICAN","117"
"33","0","HAMILTON","660","MIKE BOST","360","12TH CONGRESS","MCLEANSBORO 4","521","12","REPUBLICAN","154"
"33","0","HAMILTON","660","MIKE BOST","360","12TH CONGRESS","SOUTH TWIGG","86","12","REPUBLICAN","17"
"33","0","HAMILTON","660","MIKE BOST","360","12TH CONGRESS","DAHLGREN 2","436","12","REPUBLICAN","101"
"33","0","HAMILTON","660","MIKE BOST","360","12TH CONGRESS","MAYBERRY","287","12","REPUBLICAN","68"
"33","0","HAMILTON","660","MIKE BOST","360","12TH CONGRESS","CROUCH","277","12","REPUBLICAN","75"
"33","0","HAMILTON","660","MIKE BOST","360","12TH CONGRESS","FLANNIGAN","210","12","REPUBLICAN","42"
"33","0","HAMILTON","660","MIKE BOST","360","12TH CONGRESS","CROOK","248","12","REPUBLICAN","56"
"33","0","HAMILTON","660","MIKE BOST","360","12TH CONGRESS","SOUTH CROUCH","164","12","REPUBLICAN","54"
"33","0","HAMILTON","660","MIKE BOST","360","12TH CONGRESS","TWIGG","321","12","REPUBLICAN","106"
"33","0","HAMILTON","660","MIKE BOST","360","12TH CONGRESS","BEAVER CREEK","171","12","REPUBLICAN","43"
"33","0","HAMILTON","660","MIKE BOST","360","12TH CONGRESS","DAHLGREN 1","361","12","REPUBLICAN","121"
"33","0","HAMILTON","660","MIKE BOST","360","12TH CONGRESS","KNIGHTS PRAIRIE","385","12","REPUBLICAN","121"
"33","0","HAMILTON","660","MIKE BOST","360","12TH CONGRESS","MCLEANSBORO 2","621","12","REPUBLICAN","160"
"33","0","HAMILTON","0","Under Votes","360","12TH CONGRESS","","0","12","REPUBLICAN","398"
"33","0","HAMILTON","0","Over Votes","360","12TH CONGRESS","","0","12","REPUBLICAN","0"
"18","0","CUMBERLAND","670","JOSHUA QUALLS","360","12TH CONGRESS","GREENUP 2 - F12","0","11","","0"
"39","0","JACKSON","670","JOSHUA QUALLS","360","12TH CONGRESS","MURPHYSBORO 08","608","11","DEMOCRATIC","8"
"39","0","JACKSON","0","Blank Ballots","360","12TH CONGRESS","SOMERSET 3","749","11","DEMOCRATIC","8"
"39","0","JACKSON","0","Under Votes","360","12TH CONGRESS","SOMERSET 3","749","11","DEMOCRATIC","0"
"39","0","JACKSON","665","HOMER ""CHIP"" MARKEL","360","12TH CONGRESS","SOMERSET 3","749","11","DEMOCRATIC","32"
"39","0","JACKSON","0","Over Votes","360","12TH CONGRESS","SOMERSET 3","749","11","DEMOCRATIC","0"
"39","0","JACKSON","670","JOSHUA QUALLS","360","12TH CONGRESS","SOMERSET 3","749","11","DEMOCRATIC","16"
"39","0","JACKSON","670","JOSHUA QUALLS","360","12TH CONGRESS","CARBONDALE 21","910","11","DEMOCRATIC","19"
"39","0","JACKSON","0","Blank Ballots","360","12TH CONGRESS","FOUNTAIN BLUFF","132","11","DEMOCRATIC","2"
"39","0","JACKSON","0","Under Votes","360","12TH CONGRESS","FOUNTAIN BLUFF","132","11","DEMOCRATIC","0"
"39","0","JACKSON","665","HOMER ""CHIP"" MARKEL","360","12TH CONGRESS","FOUNTAIN BLUFF","132","11","DEMOCRATIC","6"
"39","0","JACKSON","0","Over Votes","360","12TH CONGRESS","FOUNTAIN BLUFF","132","11","DEMOCRATIC","0"
"39","0","JACKSON","670","JOSHUA QUALLS","360","12TH CONGRESS","FOUNTAIN BLUFF","132","11","DEMOCRATIC","0"
"39","0","JACKSON","0","Blank Ballots","360","12TH CONGRESS","MURPHYSBORO 02","441","11","DEMOCRATIC","1"
"39","0","JACKSON","0","Under Votes","360","12TH CONGRESS","MURPHYSBORO 02","441","11","DEMOCRATIC","0"
"39","0","JACKSON","665","HOMER ""CHIP"" MARKEL","360","12TH CONGRESS","MURPHYSBORO 02","441","11","DEMOCRATIC","18"
"39","0","JACKSON","0","Over Votes","360","12TH CONGRESS","MURPHYSBORO 02","441","11","DEMOCRATIC","0"
"39","0","JACKSON","670","JOSHUA QUALLS","360","12TH CONGRESS","MURPHYSBORO 02","441","11","DEMOCRATIC","13"
"39","0","JACKSON","0","Blank Ballots","360","12TH CONGRESS","MURPHYSBORO 12","545","11","DEMOCRATIC","5"
"39","0","JACKSON","0","Under Votes","360","12TH CONGRESS","MURPHYSBORO 12","545","11","DEMOCRATIC","0"
"39","0","JACKSON","665","HOMER ""CHIP"" MARKEL","360","12TH CONGRESS","MURPHYSBORO 12","545","11","DEMOCRATIC","25"
"39","0","JACKSON","0","Over Votes","360","12TH CONGRESS","MURPHYSBORO 12","545","11","DEMOCRATIC","0"
"39","0","JACKSON","670","JOSHUA QUALLS","360","12TH CONGRESS","MURPHYSBORO 12","545","11","DEMOCRATIC","12"
"39","0","JACKSON","665","HOMER ""CHIP"" MARKEL","360","12TH CONGRESS","DESOTO 1","885","11","DEMOCRATIC","21"
"39","0","JACKSON","0","Over Votes","360","12TH CONGRESS","DESOTO 1","885","11","DEMOCRATIC","0"
"39","0","JACKSON","670","JOSHUA QUALLS","360","12TH CONGRESS","DESOTO 1","885","11","DEMOCRATIC","20"
"39","0","JACKSON","0","Under Votes","360","12TH CONGRESS","MAKANDA 2","673","11","DEMOCRATIC","0"
"39","0","JACKSON","0","Blank Ballots","360","12TH CONGRESS","MAKANDA 2","673","11","DEMOCRATIC","7"
"39","0","JACKSON","665","HOMER ""CHIP"" MARKEL","360","12TH CONGRESS","MAKANDA 2","673","11","DEMOCRATIC","40"
"39","0","JACKSON","0","Over Votes","360","12TH CONGRESS","MAKANDA 2","673","11","DEMOCRATIC","0"
"39","0","JACKSON","670","JOSHUA QUALLS","360","12TH CONGRESS","MAKANDA 2","673","11","DEMOCRATIC","34"
"39","0","JACKSON","0","Under Votes","360","12TH CONGRESS","MURPHYSBORO 07","664","11","DEMOCRATIC","0"
"39","0","JACKSON","0","Blank Ballots","360","12TH CONGRESS","MURPHYSBORO 07","664","11","DEMOCRATIC","4"
"39","0","JACKSON","665","HOMER ""CHIP"" MARKEL","360","12TH CONGRESS","MURPHYSBORO 07","664","11","DEMOCRATIC","34"
"39","0","JACKSON","0","Over Votes","360","12TH CONGRESS","MURPHYSBORO 07","664","11","DEMOCRATIC","0"
"39","0","JACKSON","670","JOSHUA QUALLS","360","12TH CONGRESS","MURPHYSBORO 07","664","11","DEMOCRATIC","14"
"39","0","JACKSON","0","Under Votes","360","12TH CONGRESS","SOMERSET 2","731","11","DEMOCRATIC","0"
"39","0","JACKSON","0","Blank Ballots","360","12TH CONGRESS","SOMERSET 2","731","11","DEMOCRATIC","5"
"39","0","JACKSON","665","HOMER ""CHIP"" MARKEL","360","12TH CONGRESS","SOMERSET 2","731","11","DEMOCRATIC","28"
"39","0","JACKSON","0","Over Votes","360","12TH CONGRESS","SOMERSET 2","731","11","DEMOCRATIC","0"
"39","0","JACKSON","670","JOSHUA QUALLS","360","12TH CONGRESS","SOMERSET 2","731","11","DEMOCRATIC","23"
"39","0","JACKSON","670","JOSHUA QUALLS","360","12TH CONGRESS","CARBONDALE 13","695","11","DEMOCRATIC","37"
"28","0","FRANKLIN","670","JOSHUA QUALLS","360","12TH CONGRESS","BENTON 6","0","11","DEMOCRATIC","3"
"28","0","FRANKLIN","665","HOMER ""CHIP"" MARKEL","360","12TH CONGRESS","BENTON 6","0","11","DEMOCRATIC","1"
"28","0","FRANKLIN","0","Over Votes","360","12TH CONGRESS","BENTON 6","0","11","DEMOCRATIC","0"
"28","0","FRANKLIN","0","Under Votes","360","12TH CONGRESS","BENTON 7","0","11","DEMOCRATIC","5"
"28","0","FRANKLIN","670","JOSHUA QUALLS","360","12TH CONGRESS","BENTON 7","0","11","DEMOCRATIC","12"
"28","0","FRANKLIN","665","HOMER ""CHIP"" MARKEL","360","12TH CONGRESS","BENTON 7","0","11","DEMOCRATIC","20"
"28","0","FRANKLIN","0","Over Votes","360","12TH CONGRESS","BENTON 7","0","11","DEMOCRATIC","0"
"79","0","RANDOLPH","660","MIKE BOST","360","12TH CONGRESS","BREMEN","325","12","REPUBLICAN","62"
"79","0","RANDOLPH","660","MIKE BOST","360","12TH CONGRESS","PRAIRIE DU ROCHER","700","12","REPUBLICAN","114"
"79","0","RANDOLPH","660","MIKE BOST","360","12TH CONGRESS","SPARTA 4","579","12","REPUBLICAN","117"
"79","0","RANDOLPH","660","MIKE BOST","360","12TH CONGRESS","SPARTA 6","615","12","REPUBLICAN","83"
"79","0","RANDOLPH","660","MIKE BOST","360","12TH CONGRESS","STEELEVILLE 3","601","12","REPUBLICAN","124"
"79","0","RANDOLPH","660","MIKE BOST","360","12TH CONGRESS","WALSH","320","12","REPUBLICAN","72"
"79","0","RANDOLPH","0","Over Votes","360","12TH CONGRESS","","0","12","REPUBLICAN","0"
"79","0","RANDOLPH","0","Under Votes","360","12TH CONGRESS","","0","12","REPUBLICAN","507"
"79","0","RANDOLPH","660","MIKE BOST","360","12TH CONGRESS","CHESTER 3","552","12","REPUBLICAN","147"
"79","0","RANDOLPH","660","MIKE BOST","360","12TH CONGRESS","COULTERVILLE 2","489","12","REPUBLICAN","102"
"79","0","RANDOLPH","660","MIKE BOST","360","12TH CONGRESS","ELLIS GROVE","716","12","REPUBLICAN","223"
"79","0","RANDOLPH","660","MIKE BOST","360","12TH CONGRESS","RED BUD 4","703","12","REPUBLICAN","111"
"79","0","RANDOLPH","660","MIKE BOST","360","12TH CONGRESS","SPARTA 1","593","12","REPUBLICAN","56"
"79","0","RANDOLPH","660","MIKE BOST","360","12TH CONGRESS","CHESTER 1","441","12","REPUBLICAN","98"
"79","0","RANDOLPH","660","MIKE BOST","360","12TH CONGRESS","RED BUD 2","856","12","REPUBLICAN","127"
"79","0","RANDOLPH","660","MIKE BOST","360","12TH CONGRESS","ROCKWOOD","210","12","REPUBLICAN","71"
"79","0","RANDOLPH","660","MIKE BOST","360","12TH CONGRESS","CHESTER 4","635","12","REPUBLICAN","163"
"79","0","RANDOLPH","660","MIKE BOST","360","12TH CONGRESS","EVANSVILLE","592","12","REPUBLICAN","117"
"79","0","RANDOLPH","660","MIKE BOST","360","12TH CONGRESS","RED BUD 3","647","12","REPUBLICAN","102"
"79","0","RANDOLPH","660","MIKE BOST","360","12TH CONGRESS","RUMA","576","12","REPUBLICAN","118"
"79","0","RANDOLPH","660","MIKE BOST","360","12TH CONGRESS","BALDWIN","631","12","REPUBLICAN","117"
"79","0","RANDOLPH","660","MIKE BOST","360","12TH CONGRESS","CHESTER 5","338","12","REPUBLICAN","69"
"79","0","RANDOLPH","660","MIKE BOST","360","12TH CONGRESS","KASKASKIA","34","12","REPUBLICAN","7"
"79","0","RANDOLPH","660","MIKE BOST","360","12TH CONGRESS","SPARTA 3","651","12","REPUBLICAN","126"
"79","0","RANDOLPH","660","MIKE BOST","360","12TH CONGRESS","STEELEVILLE 2","628","12","REPUBLICAN","133"
"79","0","RANDOLPH","660","MIKE BOST","360","12TH CONGRESS","TILDEN","645","12","REPUBLICAN","84"
"79","0","RANDOLPH","660","MIKE BOST","360","12TH CONGRESS","CENTRAL","336","12","REPUBLICAN","79"
"79","0","RANDOLPH","660","MIKE BOST","360","12TH CONGRESS","CHESTER 7","503","12","REPUBLICAN","118"
"79","0","RANDOLPH","660","MIKE BOST","360","12TH CONGRESS","PERCY","623","12","REPUBLICAN","101"
"79","0","RANDOLPH","660","MIKE BOST","360","12TH CONGRESS","SPARTA 5","550","12","REPUBLICAN","56"
"79","0","RANDOLPH","660","MIKE BOST","360","12TH CONGRESS","WINE HILL","328","12","REPUBLICAN","75"
"79","0","RANDOLPH","660","MIKE BOST","360","12TH CONGRESS","CHESTER 2","335","12","REPUBLICAN","55"
"79","0","RANDOLPH","660","MIKE BOST","360","12TH CONGRESS","COULTERVILLE 1","373","12","REPUBLICAN","64"
"79","0","RANDOLPH","660","MIKE BOST","360","12TH CONGRESS","RED BUD 1","620","12","REPUBLICAN","103"
"79","0","RANDOLPH","660","MIKE BOST","360","12TH CONGRESS","CHESTER 6","611","12","REPUBLICAN","146"
"79","0","RANDOLPH","660","MIKE BOST","360","12TH CONGRESS","PALESTINE","454","12","REPUBLICAN","105"
"79","0","RANDOLPH","660","MIKE BOST","360","12TH CONGRESS","RED BUD 5","643","12","REPUBLICAN","109"
"79","0","RANDOLPH","660","MIKE BOST","360","12TH CONGRESS","SPARTA 2","520","12","REPUBLICAN","86"
"79","0","RANDOLPH","660","MIKE BOST","360","12TH CONGRESS","STEELEVILLE 1","529","12","REPUBLICAN","73"
"97","0","WHITE","665","HOMER ""CHIP"" MARKEL","360","12TH CONGRESS","CARMI 13 - 002","943","11","","14"
"97","0","WHITE","665","HOMER ""CHIP"" MARKEL","360","12TH CONGRESS","CARMI 16 - 001","671","11","","12"
"97","0","WHITE","670","JOSHUA QUALLS","360","12TH CONGRESS","CARMI 16 - 001","671","11","","5"
"97","0","WHITE","0","Over Votes","360","12TH CONGRESS","CARMI 16 - 001","671","11","","0"
"97","0","WHITE","0","Under Votes","360","12TH CONGRESS","CARMI 16 - 001","671","11","","3"
"97","0","WHITE","665","HOMER ""CHIP"" MARKEL","360","12TH CONGRESS","CARMI 20 - 004","779","11","","14"
"97","0","WHITE","670","JOSHUA QUALLS","360","12TH CONGRESS","CARMI 20 - 004","779","11","","9"
"97","0","WHITE","0","Over Votes","360","12TH CONGRESS","CARMI 20 - 004","779","11","","0"
"97","0","WHITE","0","Under Votes","360","12TH CONGRESS","CARMI 20 - 004","779","11","","3"
"97","0","WHITE","665","HOMER ""CHIP"" MARKEL","360","12TH CONGRESS","ENFIELD 4 - 002","603","11","","8"
"97","0","WHITE","670","JOSHUA QUALLS","360","12TH CONGRESS","ENFIELD 4 - 002","603","11","","12"
"97","0","WHITE","0","Over Votes","360","12TH CONGRESS","ENFIELD 4 - 002","603","11","","0"
"97","0","WHITE","0","Under Votes","360","12TH CONGRESS","ENFIELD 4 - 002","603","11","","4"
"97","0","WHITE","665","HOMER ""CHIP"" MARKEL","360","12TH CONGRESS","INDIAN CREEK 6 - F12","0","11","","0"
"97","0","WHITE","670","JOSHUA QUALLS","360","12TH CONGRESS","INDIAN CREEK 6 - F12","0","11","","0"
"97","0","WHITE","0","Over Votes","360","12TH CONGRESS","INDIAN CREEK 6 - F12","0","11","","0"
"97","0","WHITE","0","Under Votes","360","12TH CONGRESS","INDIAN CREEK 6 - F12","0","11","","0"
"97","0","WHITE","665","HOMER ""CHIP"" MARKEL","360","12TH CONGRESS","MILL SHOALS 2 - F12","0","11","","0"
"97","0","WHITE","670","JOSHUA QUALLS","360","12TH CONGRESS","MILL SHOALS 2 - F12","0","11","","0"
"97","0","WHITE","0","Over Votes","360","12TH CONGRESS","MILL SHOALS 2 - F12","0","11","","0"
"97","0","WHITE","0","Under Votes","360","12TH CONGRESS","MILL SHOALS 2 - F12","0","11","","0"
"97","0","WHITE","665","HOMER ""CHIP"" MARKEL","360","12TH CONGRESS","CARMI 12 - 001","352","11","","5"
"97","0","WHITE","665","HOMER ""CHIP"" MARKEL","360","12TH CONGRESS","EMMA 30 - 007","230","11","","4"
"97","0","WHITE","670","JOSHUA QUALLS","360","12TH CONGRESS","EMMA 30 - 007","230","11","","3"
"97","0","WHITE","0","Over Votes","360","12TH CONGRESS","EMMA 30 - 007","230","11","","0"
"97","0","WHITE","0","Under Votes","360","12TH CONGRESS","EMMA 30 - 007","230","11","","1"
"97","0","WHITE","665","HOMER ""CHIP"" MARKEL","360","12TH CONGRESS","HAWTHORNE 28 - 007","157","11","","5"
"97","0","WHITE","670","JOSHUA QUALLS","360","12TH CONGRESS","HAWTHORNE 28 - 007","157","11","","0"
"97","0","WHITE","0","Over Votes","360","12TH CONGRESS","HAWTHORNE 28 - 007","157","11","","0"
"97","0","WHITE","0","Under Votes","360","12TH CONGRESS","HAWTHORNE 28 - 007","157","11","","1"
"97","0","WHITE","665","HOMER ""CHIP"" MARKEL","360","12TH CONGRESS","INDIAN CREEK 8 - 003","634","11","","19"
"97","0","WHITE","670","JOSHUA QUALLS","360","12TH CONGRESS","INDIAN CREEK 8 - 003","634","11","","6"
"97","0","WHITE","0","Over Votes","360","12TH CONGRESS","INDIAN CREEK 8 - 003","634","11","","0"
"97","0","WHITE","0","Under Votes","360","12TH CONGRESS","INDIAN CREEK 8 - 003","634","11","","4"
"97","0","WHITE","665","HOMER ""CHIP"" MARKEL","360","12TH CONGRESS","PHILLIPS 26 - 006","742","11","","15"
"97","0","WHITE","670","JOSHUA QUALLS","360","12TH CONGRESS","PHILLIPS 26 - 006","742","11","","8"
"97","0","WHITE","0","Over Votes","360","12TH CONGRESS","PHILLIPS 26 - 006","742","11","","0"
"97","0","WHITE","0","Under Votes","360","12TH CONGRESS","PHILLIPS 26 - 006","742","11","","5"
"97","0","WHITE","665","HOMER ""CHIP"" MARKEL","360","12TH CONGRESS","CARMI 13 - F12","0","11","","0"
"97","0","WHITE","670","JOSHUA QUALLS","360","12TH CONGRESS","CARMI 13 - F12","0","11","","0"
"97","0","WHITE","0","Over Votes","360","12TH CONGRESS","CARMI 13 - F12","0","11","","0"
"97","0","WHITE","0","Under Votes","360","12TH CONGRESS","CARMI 13 - F12","0","11","","0"
"97","0","WHITE","665","HOMER ""CHIP"" MARKEL","360","12TH CONGRESS","MILL SHOALS 1 - 001","222","11","","4"
"97","0","WHITE","670","JOSHUA QUALLS","360","12TH CONGRESS","MILL SHOALS 1 - 001","222","11","","1"
"97","0","WHITE","0","Over Votes","360","12TH CONGRESS","MILL SHOALS 1 - 001","222","11","","0"
"97","0","WHITE","0","Under Votes","360","12TH CONGRESS","MILL SHOALS 1 - 001","222","11","","0"
"97","0","WHITE","665","HOMER ""CHIP"" MARKEL","360","12TH CONGRESS","BURNT PRAIRIE 10 - F12","0","11","","0"
"97","0","WHITE","670","JOSHUA QUALLS","360","12TH CONGRESS","BURNT PRAIRIE 10 - F12","0","11","","0"
"97","0","WHITE","0","Over Votes","360","12TH CONGRESS","BURNT PRAIRIE 10 - F12","0","11","","0"
"97","0","WHITE","0","Under Votes","360","12TH CONGRESS","BURNT PRAIRIE 10 - F12","0","11","","0"
"97","0","WHITE","665","HOMER ""CHIP"" MARKEL","360","12TH CONGRESS","CARMI 14 - F12","0","11","","0"
"97","0","WHITE","670","JOSHUA QUALLS","360","12TH CONGRESS","CARMI 14 - F12","0","11","","0"
"97","0","WHITE","0","Over Votes","360","12TH CONGRESS","CARMI 14 - F12","0","11","","0"
"97","0","WHITE","0","Under Votes","360","12TH CONGRESS","CARMI 14 - F12","0","11","","0"
"97","0","WHITE","665","HOMER ""CHIP"" MARKEL","360","12TH CONGRESS","CARMI 19 - F12","0","11","","0"
"97","0","WHITE","670","JOSHUA QUALLS","360","12TH CONGRESS","CARMI 19 - F12","0","11","","0"
"97","0","WHITE","0","Over Votes","360","12TH CONGRESS","CARMI 19 - F12","0","11","","0"
"97","0","WHITE","0","Under Votes","360","12TH CONGRESS","CARMI 19 - F12","0","11","","0"
"97","0","WHITE","665","HOMER ""CHIP"" MARKEL","360","12TH CONGRESS","BURNT PRAIRIE 10 - 001","268","11","","4"
"97","0","WHITE","670","JOSHUA QUALLS","360","12TH CONGRESS","BURNT PRAIRIE 10 - 001","268","11","","4"
"97","0","WHITE","0","Over Votes","360","12TH CONGRESS","BURNT PRAIRIE 10 - 001","268","11","","0"
"97","0","WHITE","0","Under Votes","360","12TH CONGRESS","BURNT PRAIRIE 10 - 001","268","11","","1"
"97","0","WHITE","665","HOMER ""CHIP"" MARKEL","360","12TH CONGRESS","CARMI 14 - 001","467","11","","7"
"97","0","WHITE","670","JOSHUA QUALLS","360","12TH CONGRESS","CARMI 14 - 001","467","11","","1"
"97","0","WHITE","0","Over Votes","360","12TH CONGRESS","CARMI 14 - 001","467","11","","0"
"97","0","WHITE","0","Under Votes","360","12TH CONGRESS","CARMI 14 - 001","467","11","","6"
"97","0","WHITE","665","HOMER ""CHIP"" MARKEL","360","12TH CONGRESS","CARMI 19 - 004","729","11","","20"
"97","0","WHITE","670","JOSHUA QUALLS","360","12TH CONGRESS","CARMI 19 - 004","729","11","","12"
"97","0","WHITE","0","Over Votes","360","12TH CONGRESS","CARMI 19 - 004","729","11","","0"
"97","0","WHITE","0","Under Votes","360","12TH CONGRESS","CARMI 19 - 004","729","11","","4"
"97","0","WHITE","0","Under Votes","360","12TH CONGRESS","ENFIELD 4 - F12","0","11","","0"
"97","0","WHITE","665","HOMER ""CHIP"" MARKEL","360","12TH CONGRESS","ENFIELD 4 - F12","0","11","","0"
"97","0","WHITE","670","JOSHUA QUALLS","360","12TH CONGRESS","ENFIELD 4 - F12","0","11","","0"
"97","0","WHITE","0","Over Votes","360","12TH CONGRESS","ENFIELD 4 - F12","0","11","","0"
"97","0","WHITE","0","Over Votes","360","12TH CONGRESS","HERALDS PRIE 22 - F12","0","11","","0"
"97","0","WHITE","0","Under Votes","360","12TH CONGRESS","HERALDS PRIE 22 - F12","0","11","","0"
"97","0","WHITE","665","HOMER ""CHIP"" MARKEL","360","12TH CONGRESS","HERALDS PRIE 22 - F12","0","11","","0"
"97","0","WHITE","670","JOSHUA QUALLS","360","12TH CONGRESS","HERALDS PRIE 22 - F12","0","11","","0"
"97","0","WHITE","0","Under Votes","360","12TH CONGRESS","MILL SHOALS 1 - F12","0","11","","0"
"97","0","WHITE","665","HOMER ""CHIP"" MARKEL","360","12TH CONGRESS","MILL SHOALS 1 - F12","0","11","","0"
"97","0","WHITE","670","JOSHUA QUALLS","360","12TH CONGRESS","MILL SHOALS 1 - F12","0","11","","0"
"97","0","WHITE","0","Over Votes","360","12TH CONGRESS","MILL SHOALS 1 - F12","0","11","","0"
"80","0","RICHLAND","660","MIKE BOST","360","12TH CONGRESS","OLNEY 11 - 001","604","12","","106"
"80","0","RICHLAND","0","Under Votes","360","12TH CONGRESS","OLNEY 11 - 001","604","12","","26"
"80","0","RICHLAND","0","Over Votes","360","12TH CONGRESS","BONPAS - F12","0","12","","0"
"80","0","RICHLAND","660","MIKE BOST","360","12TH CONGRESS","BONPAS - F12","0","12","","0"
"80","0","RICHLAND","0","Under Votes","360","12TH CONGRESS","BONPAS - F12","0","12","","0"
"80","0","RICHLAND","0","Over Votes","360","12TH CONGRESS","OLNEY 9 - 008","699","12","","0"
"80","0","RICHLAND","660","MIKE BOST","360","12TH CONGRESS","OLNEY 9 - 008","699","12","","106"
"80","0","RICHLAND","0","Under Votes","360","12TH CONGRESS","OLNEY 9 - 008","699","12","","25"
"80","0","RICHLAND","0","Over Votes","360","12TH CONGRESS","PRESTON 1 - 001","645","12","","0"
"80","0","RICHLAND","660","MIKE BOST","360","12TH CONGRESS","PRESTON 1 - 001","645","12","","128"
"80","0","RICHLAND","0","Under Votes","360","12TH CONGRESS","PRESTON 1 - 001","645","12","","26"
"80","0","RICHLAND","0","Over Votes","360","12TH CONGRESS","CLAREMONT - F12","0","12","","0"
"80","0","RICHLAND","660","MIKE BOST","360","12TH CONGRESS","CLAREMONT - F12","0","12","","0"
"80","0","RICHLAND","0","Under Votes","360","12TH CONGRESS","CLAREMONT - F12","0","12","","0"
"80","0","RICHLAND","0","Over Votes","360","12TH CONGRESS","GERMAN - F12","0","12","","0"
"80","0","RICHLAND","660","MIKE BOST","360","12TH CONGRESS","GERMAN - F12","0","12","","0"
"80","0","RICHLAND","0","Under Votes","360","12TH CONGRESS","GERMAN - F12","0","12","","0"
"80","0","RICHLAND","0","Under Votes","360","12TH CONGRESS","BONPAS - 004","0","12","","0"
"80","0","RICHLAND","0","Over Votes","360","12TH CONGRESS","BONPAS - 004","0","12","","0"
"80","0","RICHLAND","660","MIKE BOST","360","12TH CONGRESS","BONPAS - 004","0","12","","1"
"80","0","RICHLAND","0","Under Votes","360","12TH CONGRESS","DENVER - 002","283","12","","22"
"80","0","RICHLAND","0","Over Votes","360","12TH CONGRESS","DENVER - 002","283","12","","0"
"80","0","RICHLAND","660","MIKE BOST","360","12TH CONGRESS","DENVER - 002","283","12","","63"
"80","0","RICHLAND","660","MIKE BOST","360","12TH CONGRESS","MADISON 1 - 004","0","12","","0"
"80","0","RICHLAND","0","Under Votes","360","12TH CONGRESS","MADISON 1 - 004","0","12","","1"
"80","0","RICHLAND","0","Over Votes","360","12TH CONGRESS","MADISON 1 - 004","0","12","","0"
"80","0","RICHLAND","0","Over Votes","360","12TH CONGRESS","NOBLE 1 - F12","0","12","","0"
"80","0","RICHLAND","660","MIKE BOST","360","12TH CONGRESS","NOBLE 1 - F12","0","12","","0"
"80","0","RICHLAND","0","Under Votes","360","12TH CONGRESS","NOBLE 1 - F12","0","12","","0"
"80","0","RICHLAND","0","Under Votes","360","12TH CONGRESS","OLNEY 2 - F12","0","12","","0"
"80","0","RICHLAND","0","Over Votes","360","12TH CONGRESS","OLNEY 2 - F12","0","12","","0"
"80","0","RICHLAND","660","MIKE BOST","360","12TH CONGRESS","OLNEY 2 - F12","0","12","","0"
"80","0","RICHLAND","0","Under Votes","360","12TH CONGRESS","OLNEY 5 - F12","0","12","","0"
"80","0","RICHLAND","0","Over Votes","360","12TH CONGRESS","OLNEY 5 - F12","0","12","","0"
"80","0","RICHLAND","660","MIKE BOST","360","12TH CONGRESS","OLNEY 5 - F12","0","12","","0"
"80","0","RICHLAND","0","Under Votes","360","12TH CONGRESS","OLNEY 9 - F12","0","12","","0"
"80","0","RICHLAND","0","Over Votes","360","12TH CONGRESS","OLNEY 9 - F12","0","12","","0"
"80","0","RICHLAND","660","MIKE BOST","360","12TH CONGRESS","OLNEY 9 - F12","0","12","","0"
"80","0","RICHLAND","0","Under Votes","360","12TH CONGRESS","NOBLE 2 - 002","441","12","","20"
"80","0","RICHLAND","0","Over Votes","360","12TH CONGRESS","NOBLE 2 - 002","441","12","","0"
"80","0","RICHLAND","660","MIKE BOST","360","12TH CONGRESS","NOBLE 2 - 002","441","12","","107"
"80","0","RICHLAND","0","Under Votes","360","12TH CONGRESS","OLNEY 3 - 006","635","12","","19"
"80","0","RICHLAND","0","Over Votes","360","12TH CONGRESS","OLNEY 3 - 006","635","12","","0"
"80","0","RICHLAND","660","MIKE BOST","360","12TH CONGRESS","OLNEY 3 - 006","635","12","","78"
"80","0","RICHLAND","0","Under Votes","360","12TH CONGRESS","OLNEY 6 - 007","543","12","","24"
"80","0","RICHLAND","0","Over Votes","360","12TH CONGRESS","OLNEY 6 - 007","543","12","","0"
"88","0","ST. CLAIR","665","HOMER ""CHIP"" MARKEL","360","12TH CONGRESS","MASCOUTAH 4","1283","11","DEMOCRATIC","37"
"88","0","ST. CLAIR","670","JOSHUA QUALLS","360","12TH CONGRESS","MASCOUTAH 4","1283","11","DEMOCRATIC","42"
"88","0","ST. CLAIR","665","HOMER ""CHIP"" MARKEL","360","12TH CONGRESS","O FALLON 3","715","11","DEMOCRATIC","23"
"88","0","ST. CLAIR","670","JOSHUA QUALLS","360","12TH CONGRESS","O FALLON 3","715","11","DEMOCRATIC","20"
"88","0","ST. CLAIR","665","HOMER ""CHIP"" MARKEL","360","12TH CONGRESS","O FALLON 6","800","11","DEMOCRATIC","23"
"88","0","ST. CLAIR","670","JOSHUA QUALLS","360","12TH CONGRESS","O FALLON 6","800","11","DEMOCRATIC","29"
"88","0","ST. CLAIR","665","HOMER ""CHIP"" MARKEL","360","12TH CONGRESS","O FALLON 9","1101","11","DEMOCRATIC","31"
"88","0","ST. CLAIR","670","JOSHUA QUALLS","360","12TH CONGRESS","O FALLON 9","1101","11","DEMOCRATIC","23"
"88","0","ST. CLAIR","665","HOMER ""CHIP"" MARKEL","360","12TH CONGRESS","O FALLON 12","1333","11","DEMOCRATIC","45"
"88","0","ST. CLAIR","670","JOSHUA QUALLS","360","12TH CONGRESS","O FALLON 12","1333","11","DEMOCRATIC","58"
"88","0","ST. CLAIR","665","HOMER ""CHIP"" MARKEL","360","12TH CONGRESS","PRAIRIE DU LONG 2","1304","11","DEMOCRATIC","33"
"88","0","ST. CLAIR","670","JOSHUA QUALLS","360","12TH CONGRESS","PRAIRIE DU LONG 2","1304","11","DEMOCRATIC","24"
"88","0","ST. CLAIR","665","HOMER ""CHIP"" MARKEL","360","12TH CONGRESS","SHILOH VALLEY 5","1401","11","DEMOCRATIC","41"
"88","0","ST. CLAIR","670","JOSHUA QUALLS","360","12TH CONGRESS","SHILOH VALLEY 5","1401","11","DEMOCRATIC","38"
"88","0","ST. CLAIR","665","HOMER ""CHIP"" MARKEL","360","12TH CONGRESS","SMITHTON 1","1282","11","DEMOCRATIC","36"
"88","0","ST. CLAIR","670","JOSHUA QUALLS","360","12TH CONGRESS","SMITHTON 1","1282","11","DEMOCRATIC","27"
"88","0","ST. CLAIR","665","HOMER ""CHIP"" MARKEL","360","12TH CONGRESS","STOOKEY 10","730","11","DEMOCRATIC","19"
"88","0","ST. CLAIR","670","JOSHUA QUALLS","360","12TH CONGRESS","BELLEVILLE 35","1319","11","DEMOCRATIC","51"
"88","0","ST. CLAIR","665","HOMER ""CHIP"" MARKEL","360","12TH CONGRESS","CASEYVILLE 12","2624","11","DEMOCRATIC","42"
"88","0","ST. CLAIR","670","JOSHUA QUALLS","360","12TH CONGRESS","CASEYVILLE 12","2624","11","DEMOCRATIC","48"
"88","0","ST. CLAIR","665","HOMER ""CHIP"" MARKEL","360","12TH CONGRESS","CASEYVILLE 18","2019","11","DEMOCRATIC","87"
"88","0","ST. CLAIR","670","JOSHUA QUALLS","360","12TH CONGRESS","CASEYVILLE 18","2019","11","DEMOCRATIC","66"
"88","0","ST. CLAIR","665","HOMER ""CHIP"" MARKEL","360","12TH CONGRESS","FREEBURG 1","1268","11","DEMOCRATIC","20"
"88","0","ST. CLAIR","670","JOSHUA QUALLS","360","12TH CONGRESS","FREEBURG 1","1268","11","DEMOCRATIC","11"
"88","0","ST. CLAIR","665","HOMER ""CHIP"" MARKEL","360","12TH CONGRESS","MASCOUTAH 2","1619","11","DEMOCRATIC","26"
"88","0","ST. CLAIR","670","JOSHUA QUALLS","360","12TH CONGRESS","MASCOUTAH 2","1619","11","DEMOCRATIC","42"
"88","0","ST. CLAIR","665","HOMER ""CHIP"" MARKEL","360","12TH CONGRESS","O FALLON 1","1001","11","DEMOCRATIC","26"
"88","0","ST. CLAIR","670","JOSHUA QUALLS","360","12TH CONGRESS","O FALLON 1","1001","11","DEMOCRATIC","30"
"88","0","ST. CLAIR","665","HOMER ""CHIP"" MARKEL","360","12TH CONGRESS","O FALLON 4","563","11","DEMOCRATIC","23"
"88","0","ST. CLAIR","670","JOSHUA QUALLS","360","12TH CONGRESS","O FALLON 4","563","11","DEMOCRATIC","26"
"88","0","ST. CLAIR","665","HOMER ""CHIP"" MARKEL","360","12TH CONGRESS","SHILOH VALLEY 3","1124","11","DEMOCRATIC","23"
"88","0","ST. CLAIR","670","JOSHUA QUALLS","360","12TH CONGRESS","SHILOH VALLEY 3","1124","11","DEMOCRATIC","32"
"88","0","ST. CLAIR","665","HOMER ""CHIP"" MARKEL","360","12TH CONGRESS","STOOKEY 2","743","11","DEMOCRATIC","0"
"88","0","ST. CLAIR","670","JOSHUA QUALLS","360","12TH CONGRESS","STOOKEY 2","743","11","DEMOCRATIC","0"
"88","0","ST. CLAIR","665","HOMER ""CHIP"" MARKEL","360","12TH CONGRESS","BELLEVILLE 35","1319","11","DEMOCRATIC","53"
"88","0","ST. CLAIR","665","HOMER ""CHIP"" MARKEL","360","12TH CONGRESS","CASEYVILLE 19","517","11","DEMOCRATIC","0"
"88","0","ST. CLAIR","670","JOSHUA QUALLS","360","12TH CONGRESS","CASEYVILLE 19","517","11","DEMOCRATIC","1"
"88","0","ST. CLAIR","665","HOMER ""CHIP"" MARKEL","360","12TH CONGRESS","LEBANON 1","1548","11","DEMOCRATIC","43"
"88","0","ST. CLAIR","670","JOSHUA QUALLS","360","12TH CONGRESS","LEBANON 1","1548","11","DEMOCRATIC","37"
"97","0","WHITE","0","Under Votes","360","12TH CONGRESS","CARMI 20 - F12","0","12","","0"
"97","0","WHITE","0","Over Votes","360","12TH CONGRESS","GRAY 24 - F12","0","12","","0"
"97","0","WHITE","660","MIKE BOST","360","12TH CONGRESS","GRAY 24 - F12","0","12","","0"
"97","0","WHITE","0","Under Votes","360","12TH CONGRESS","GRAY 24 - F12","0","12","","0"
"97","0","WHITE","660","MIKE BOST","360","12TH CONGRESS","EMMA 30 - 007","230","12","","61"
"97","0","WHITE","0","Under Votes","360","12TH CONGRESS","EMMA 30 - 007","230","12","","2"
"97","0","WHITE","0","Over Votes","360","12TH CONGRESS","HAWTHORNE 28 - 006","33","12","","0"
"97","0","WHITE","660","MIKE BOST","360","12TH CONGRESS","HAWTHORNE 28 - 006","33","12","","15"
"97","0","WHITE","0","Under Votes","360","12TH CONGRESS","HAWTHORNE 28 - 006","33","12","","3"
"97","0","WHITE","0","Over Votes","360","12TH CONGRESS","INDIAN CREEK 6 - 003","935","12","","0"
"97","0","WHITE","660","MIKE BOST","360","12TH CONGRESS","INDIAN CREEK 6 - 003","935","12","","248"
"97","0","WHITE","0","Under Votes","360","12TH CONGRESS","INDIAN CREEK 6 - 003","935","12","","64"
"97","0","WHITE","0","Over Votes","360","12TH CONGRESS","MILL SHOALS 2 - 002","228","12","","0"
"97","0","WHITE","660","MIKE BOST","360","12TH CONGRESS","MILL SHOALS 2 - 002","228","12","","85"
"97","0","WHITE","0","Under Votes","360","12TH CONGRESS","MILL SHOALS 2 - 002","228","12","","17"
"97","0","WHITE","660","MIKE BOST","360","12TH CONGRESS","BURNT PRAIRIE 10 - 001","268","12","","73"
"97","0","WHITE","0","Over Votes","360","12TH CONGRESS","BURNT PRAIRIE 10 - 001","268","12","","0"
"97","0","WHITE","0","Under Votes","360","12TH CONGRESS","BURNT PRAIRIE 10 - 001","268","12","","27"
"97","0","WHITE","660","MIKE BOST","360","12TH CONGRESS","CARMI 14 - 001","467","12","","69"
"97","0","WHITE","0","Over Votes","360","12TH CONGRESS","CARMI 14 - 001","467","12","","0"
"97","0","WHITE","0","Under Votes","360","12TH CONGRESS","CARMI 14 - 001","467","12","","16"
"97","0","WHITE","0","Over Votes","360","12TH CONGRESS","CARMI 19 - 004","729","12","","0"
"97","0","WHITE","660","MIKE BOST","360","12TH CONGRESS","CARMI 19 - 004","729","12","","160"
"97","0","WHITE","0","Under Votes","360","12TH CONGRESS","CARMI 19 - 004","729","12","","35"
"97","0","WHITE","660","MIKE BOST","360","12TH CONGRESS","ENFIELD 4 - F12","0","12","","0"
"97","0","WHITE","0","Over Votes","360","12TH CONGRESS","ENFIELD 4 - F12","0","12","","0"
"97","0","WHITE","0","Under Votes","360","12TH CONGRESS","ENFIELD 4 - F12","0","12","","0"
"97","0","WHITE","0","Over Votes","360","12TH CONGRESS","HERALDS PRIE 22 - F12","0","12","","0"
"97","0","WHITE","660","MIKE BOST","360","12TH CONGRESS","HERALDS PRIE 22 - F12","0","12","","0"
"97","0","WHITE","0","Under Votes","360","12TH CONGRESS","HERALDS PRIE 22 - F12","0","12","","0"
"97","0","WHITE","0","Over Votes","360","12TH CONGRESS","MILL SHOALS 1 - F12","0","12","","0"
"97","0","WHITE","660","MIKE BOST","360","12TH CONGRESS","MILL SHOALS 1 - F12","0","12","","0"
"97","0","WHITE","0","Under Votes","360","12TH CONGRESS","MILL SHOALS 1 - F12","0","12","","0"
"97","0","WHITE","0","Over Votes","360","12TH CONGRESS","CARMI 16 - 001","671","12","","0"
"97","0","WHITE","660","MIKE BOST","360","12TH CONGRESS","CARMI 16 - 001","671","12","","133"
"97","0","WHITE","0","Under Votes","360","12TH CONGRESS","CARMI 16 - 001","671","12","","33"
"97","0","WHITE","0","Over Votes","360","12TH CONGRESS","CARMI 20 - 004","779","12","","0"
"97","0","WHITE","660","MIKE BOST","360","12TH CONGRESS","CARMI 20 - 004","779","12","","170"
"97","0","WHITE","0","Under Votes","360","12TH CONGRESS","CARMI 20 - 004","779","12","","39"
"97","0","WHITE","0","Over Votes","360","12TH CONGRESS","ENFIELD 4 - 002","603","12","","0"
"97","0","WHITE","660","MIKE BOST","360","12TH CONGRESS","ENFIELD 4 - 002","603","12","","194"
"97","0","WHITE","0","Under Votes","360","12TH CONGRESS","ENFIELD 4 - 002","603","12","","53"
"97","0","WHITE","0","Over Votes","360","12TH CONGRESS","INDIAN CREEK 6 - F12","0","12","","0"
"97","0","WHITE","660","MIKE BOST","360","12TH CONGRESS","INDIAN CREEK 6 - F12","0","12","","0"
"97","0","WHITE","0","Under Votes","360","12TH CONGRESS","INDIAN CREEK 6 - F12","0","12","","0"
"18","0","CUMBERLAND","665","HOMER ""CHIP"" MARKEL","360","12TH CONGRESS","NEOGA 2 - 003","1","11","","0"
"18","0","CUMBERLAND","0","Over Votes","360","12TH CONGRESS","NEOGA 2 - 003","1","11","","0"
"18","0","CUMBERLAND","670","JOSHUA QUALLS","360","12TH CONGRESS","NEOGA 2 - 003","1","11","","0"
"18","0","CUMBERLAND","0","Under Votes","360","12TH CONGRESS","NEOGA 2 - 003","1","11","","0"
"18","0","CUMBERLAND","0","Under Votes","360","12TH CONGRESS","SPRING POINT - 005","46","11","","0"
"18","0","CUMBERLAND","665","HOMER ""CHIP"" MARKEL","360","12TH CONGRESS","SPRING POINT - 005","46","11","","0"
"18","0","CUMBERLAND","670","JOSHUA QUALLS","360","12TH CONGRESS","SPRING POINT - 005","46","11","","0"
"18","0","CUMBERLAND","0","Over Votes","360","12TH CONGRESS","SPRING POINT - 005","46","11","","0"
"18","0","CUMBERLAND","670","JOSHUA QUALLS","360","12TH CONGRESS","SPRING POINT - 008","118","11","","1"
"18","0","CUMBERLAND","0","Under Votes","360","12TH CONGRESS","SPRING POINT - 008","118","11","","0"
"18","0","CUMBERLAND","665","HOMER ""CHIP"" MARKEL","360","12TH CONGRESS","SPRING POINT - 008","118","11","","0"
"18","0","CUMBERLAND","0","Over Votes","360","12TH CONGRESS","SPRING POINT - 008","118","11","","0"
"18","0","CUMBERLAND","0","Under Votes","360","12TH CONGRESS","SPRING POINT - F12","0","11","","0"
"18","0","CUMBERLAND","665","HOMER ""CHIP"" MARKEL","360","12TH CONGRESS","SPRING POINT - F12","0","11","","0"
"18","0","CUMBERLAND","0","Over Votes","360","12TH CONGRESS","SPRING POINT - F12","0","11","","0"
"18","0","CUMBERLAND","670","JOSHUA QUALLS","360","12TH CONGRESS","SPRING POINT - F12","0","11","","0"
"18","0","CUMBERLAND","0","Under Votes","360","12TH CONGRESS","UNION - F12","0","11","","0"
"18","0","CUMBERLAND","0","Over Votes","360","12TH CONGRESS","UNION - F12","0","11","","0"
"18","0","CUMBERLAND","665","HOMER ""CHIP"" MARKEL","360","12TH CONGRESS","UNION - F12","0","11","","0"
"18","0","CUMBERLAND","670","JOSHUA QUALLS","360","12TH CONGRESS","UNION - F12","0","11","","0"
"18","0","CUMBERLAND","0","Under Votes","360","12TH CONGRESS","CROOKED CREEK - 011","0","11","","0"
"18","0","CUMBERLAND","665","HOMER ""CHIP"" MARKEL","360","12TH CONGRESS","CROOKED CREEK - 011","0","11","","0"
"18","0","CUMBERLAND","0","Over Votes","360","12TH CONGRESS","CROOKED CREEK - 011","0","11","","0"
"18","0","CUMBERLAND","670","JOSHUA QUALLS","360","12TH CONGRESS","CROOKED CREEK - 011","0","11","","0"
"18","0","CUMBERLAND","0","Under Votes","360","12TH CONGRESS","GREENUP 2 - 011","4","11","","0"
"18","0","CUMBERLAND","0","Under Votes","360","12TH CONGRESS","GREENUP 2 - F12","0","11","","0"
"18","0","CUMBERLAND","0","Over Votes","360","12TH CONGRESS","GREENUP 2 - F12","0","11","","0"
"18","0","CUMBERLAND","665","HOMER ""CHIP"" MARKEL","360","12TH CONGRESS","GREENUP 2 - F12","0","11","","0"
"18","0","CUMBERLAND","670","JOSHUA QUALLS","360","12TH CONGRESS","NEOGA 2 - F12","0","11","","0"
"18","0","CUMBERLAND","0","Under Votes","360","12TH CONGRESS","NEOGA 2 - F12","0","11","","0"
"18","0","CUMBERLAND","0","Over Votes","360","12TH CONGRESS","NEOGA 2 - F12","0","11","","0"
"18","0","CUMBERLAND","665","HOMER ""CHIP"" MARKEL","360","12TH CONGRESS","NEOGA 2 - F12","0","11","","0"
"18","0","CUMBERLAND","670","JOSHUA QUALLS","360","12TH CONGRESS","SUMPTER 2 - F12","0","11","","0"
"18","0","CUMBERLAND","0","Under Votes","360","12TH CONGRESS","SUMPTER 2 - F12","0","11","","0"
"18","0","CUMBERLAND","0","Over Votes","360","12TH CONGRESS","SUMPTER 2 - F12","0","11","","0"
"18","0","CUMBERLAND","665","HOMER ""CHIP"" MARKEL","360","12TH CONGRESS","SUMPTER 2 - F12","0","11","","0"
"18","0","CUMBERLAND","0","Under Votes","360","12TH CONGRESS","CROOKED CREEK - 010","287","11","","2"
"18","0","CUMBERLAND","0","Over Votes","360","12TH CONGRESS","CROOKED CREEK - 010","287","11","","0"
"18","0","CUMBERLAND","665","HOMER ""CHIP"" MARKEL","360","12TH CONGRESS","CROOKED CREEK - 010","287","11","","2"
"18","0","CUMBERLAND","670","JOSHUA QUALLS","360","12TH CONGRESS","CROOKED CREEK - 010","287","11","","4"
"18","0","CUMBERLAND","670","JOSHUA QUALLS","360","12TH CONGRESS","GREENUP 2 - 010","609","11","","7"
"18","0","CUMBERLAND","0","Under Votes","360","12TH CONGRESS","GREENUP 2 - 010","609","11","","4"
"18","0","CUMBERLAND","0","Over Votes","360","12TH CONGRESS","GREENUP 2 - 010","609","11","","0"
"58","0","MARION","660","MIKE BOST","360","12TH CONGRESS","SALEM 7","876","12","REPUBLICAN","208"
"58","0","MARION","660","MIKE BOST","360","12TH CONGRESS","CENTRALIA 13","902","12","REPUBLICAN","128"
"58","0","MARION","660","MIKE BOST","360","12TH CONGRESS","FOSTER","254","12","REPUBLICAN","82"
"58","0","MARION","660","MIKE BOST","360","12TH CONGRESS","PATOKA","669","12","REPUBLICAN","157"
"58","0","MARION","660","MIKE BOST","360","12TH CONGRESS","SALEM 2","295","12","REPUBLICAN","60"
"80","0","RICHLAND","660","MIKE BOST","360","12TH CONGRESS","OLNEY 6 - 007","543","12","","82"
"80","0","RICHLAND","0","Under Votes","360","12TH CONGRESS","OLNEY 10 - 006","570","12","","23"
"80","0","RICHLAND","0","Over Votes","360","12TH CONGRESS","OLNEY 10 - 006","570","12","","0"
"80","0","RICHLAND","660","MIKE BOST","360","12TH CONGRESS","OLNEY 10 - 006","570","12","","99"
"80","0","RICHLAND","0","Over Votes","360","12TH CONGRESS","PRESTON 1 - F12","0","12","","0"
"80","0","RICHLAND","660","MIKE BOST","360","12TH CONGRESS","PRESTON 1 - F12","0","12","","0"
"80","0","RICHLAND","0","Under Votes","360","12TH CONGRESS","PRESTON 1 - F12","0","12","","0"
"80","0","RICHLAND","0","Over Votes","360","12TH CONGRESS","CLAREMONT - 003","623","12","","0"
"80","0","RICHLAND","660","MIKE BOST","360","12TH CONGRESS","CLAREMONT - 003","623","12","","110"
"80","0","RICHLAND","0","Under Votes","360","12TH CONGRESS","CLAREMONT - 003","623","12","","61"
"80","0","RICHLAND","0","Under Votes","360","12TH CONGRESS","PRESTON 2 - 001","284","12","","13"
"80","0","RICHLAND","0","Over Votes","360","12TH CONGRESS","PRESTON 2 - 001","284","12","","0"
"80","0","RICHLAND","660","MIKE BOST","360","12TH CONGRESS","PRESTON 2 - 001","284","12","","63"
"80","0","RICHLAND","660","MIKE BOST","360","12TH CONGRESS","DECKER - F12","0","12","","0"
"80","0","RICHLAND","0","Under Votes","360","12TH CONGRESS","DECKER - F12","0","12","","0"
"80","0","RICHLAND","0","Over Votes","360","12TH CONGRESS","DECKER - F12","0","12","","0"
"80","0","RICHLAND","0","Over Votes","360","12TH CONGRESS","MADISON 1 - F12","0","12","","0"
"80","0","RICHLAND","660","MIKE BOST","360","12TH CONGRESS","MADISON 1 - F12","0","12","","0"
"80","0","RICHLAND","0","Under Votes","360","12TH CONGRESS","MADISON 1 - F12","0","12","","0"
"80","0","RICHLAND","0","Under Votes","360","12TH CONGRESS","NOBLE 2 - F12","0","12","","0"
"80","0","RICHLAND","0","Over Votes","360","12TH CONGRESS","NOBLE 2 - F12","0","12","","0"
"80","0","RICHLAND","660","MIKE BOST","360","12TH CONGRESS","NOBLE 2 - F12","0","12","","0"
"80","0","RICHLAND","0","Under Votes","360","12TH CONGRESS","BONPAS - 003","271","12","","18"
"80","0","RICHLAND","0","Over Votes","360","12TH CONGRESS","BONPAS - 003","271","12","","0"
"80","0","RICHLAND","660","MIKE BOST","360","12TH CONGRESS","BONPAS - 003","271","12","","62"
"80","0","RICHLAND","0","Under Votes","360","12TH CONGRESS","DECKER - 002","318","12","","31"
"80","0","RICHLAND","0","Over Votes","360","12TH CONGRESS","DECKER - 002","318","12","","0"
"80","0","RICHLAND","660","MIKE BOST","360","12TH CONGRESS","DECKER - 002","318","12","","72"
"80","0","RICHLAND","0","Under Votes","360","12TH CONGRESS","MADISON 1 - 003","270","12","","22"
"80","0","RICHLAND","0","Over Votes","360","12TH CONGRESS","MADISON 1 - 003","270","12","","0"
"80","0","RICHLAND","660","MIKE BOST","360","12TH CONGRESS","MADISON 1 - 003","270","12","","71"
"80","0","RICHLAND","0","Over Votes","360","12TH CONGRESS","DENVER - F12","0","12","","0"
"80","0","RICHLAND","660","MIKE BOST","360","12TH CONGRESS","DENVER - F12","0","12","","0"
"80","0","RICHLAND","0","Under Votes","360","12TH CONGRESS","DENVER - F12","0","12","","0"
"80","0","RICHLAND","0","Under Votes","360","12TH CONGRESS","MADISON 2 - F12","0","12","","0"
"80","0","RICHLAND","0","Over Votes","360","12TH CONGRESS","MADISON 2 - F12","0","12","","0"
"80","0","RICHLAND","660","MIKE BOST","360","12TH CONGRESS","MADISON 2 - F12","0","12","","0"
"80","0","RICHLAND","0","Under Votes","360","12TH CONGRESS","OLNEY 1 - F12","0","12","","0"
"80","0","RICHLAND","0","Over Votes","360","12TH CONGRESS","OLNEY 1 - F12","0","12","","0"
"80","0","RICHLAND","660","MIKE BOST","360","12TH CONGRESS","OLNEY 1 - F12","0","12","","0"
"80","0","RICHLAND","0","Under Votes","360","12TH CONGRESS","OLNEY 4 - F12","0","12","","0"
"80","0","RICHLAND","0","Over Votes","360","12TH CONGRESS","OLNEY 4 - F12","0","12","","0"
"80","0","RICHLAND","660","MIKE BOST","360","12TH CONGRESS","OLNEY 4 - F12","0","12","","0"
"80","0","RICHLAND","0","Over Votes","360","12TH CONGRESS","GERMAN - 001","258","12","","0"
"80","0","RICHLAND","660","MIKE BOST","360","12TH CONGRESS","GERMAN - 001","258","12","","40"
"80","0","RICHLAND","0","Under Votes","360","12TH CONGRESS","GERMAN - 001","258","12","","23"
"18","0","CUMBERLAND","665","HOMER ""CHIP"" MARKEL","360","12TH CONGRESS","GREENUP 2 - 010","609","11","","13"
"18","0","CUMBERLAND","670","JOSHUA QUALLS","360","12TH CONGRESS","NEOGA 1 - 003","26","11","","0"
"18","0","CUMBERLAND","0","Under Votes","360","12TH CONGRESS","NEOGA 1 - 003","26","11","","1"
"18","0","CUMBERLAND","0","Over Votes","360","12TH CONGRESS","NEOGA 1 - 003","26","11","","0"
"18","0","CUMBERLAND","665","HOMER ""CHIP"" MARKEL","360","12TH CONGRESS","NEOGA 1 - 003","26","11","","4"
"18","0","CUMBERLAND","0","Under Votes","360","12TH CONGRESS","GREENUP 3 - F12","0","11","","0"
"18","0","CUMBERLAND","0","Over Votes","360","12TH CONGRESS","GREENUP 3 - F12","0","11","","0"
"18","0","CUMBERLAND","665","HOMER ""CHIP"" MARKEL","360","12TH CONGRESS","GREENUP 3 - F12","0","11","","0"
"18","0","CUMBERLAND","670","JOSHUA QUALLS","360","12TH CONGRESS","GREENUP 3 - F12","0","11","","0"
"18","0","CUMBERLAND","670","JOSHUA QUALLS","360","12TH CONGRESS","COTTONWOOD - 003","368","11","","3"
"18","0","CUMBERLAND","0","Under Votes","360","12TH CONGRESS","COTTONWOOD - 003","368","11","","1"
"18","0","CUMBERLAND","665","HOMER ""CHIP"" MARKEL","360","12TH CONGRESS","COTTONWOOD - 003","368","11","","3"
"18","0","CUMBERLAND","0","Over Votes","360","12TH CONGRESS","COTTONWOOD - 003","368","11","","0"
"18","0","CUMBERLAND","670","JOSHUA QUALLS","360","12TH CONGRESS","SUMPTER 2 - 003","655","11","","8"
"18","0","CUMBERLAND","0","Under Votes","360","12TH CONGRESS","SUMPTER 2 - 003","655","11","","7"
"18","0","CUMBERLAND","0","Over Votes","360","12TH CONGRESS","SUMPTER 2 - 003","655","11","","0"
"18","0","CUMBERLAND","665","HOMER ""CHIP"" MARKEL","360","12TH CONGRESS","SUMPTER 2 - 003","655","11","","19"
"18","0","CUMBERLAND","670","JOSHUA QUALLS","360","12TH CONGRESS","UNION - 002","8","11","","0"
"18","0","CUMBERLAND","0","Under Votes","360","12TH CONGRESS","UNION - 002","8","11","","0"
"18","0","CUMBERLAND","0","Over Votes","360","12TH CONGRESS","UNION - 002","8","11","","0"
"18","0","CUMBERLAND","665","HOMER ""CHIP"" MARKEL","360","12TH CONGRESS","UNION - 002","8","11","","0"
"18","0","CUMBERLAND","670","JOSHUA QUALLS","360","12TH CONGRESS","CROOKED CREEK - F12","0","11","","0"
"18","0","CUMBERLAND","0","Under Votes","360","12TH CONGRESS","CROOKED CREEK - F12","0","11","","0"
"18","0","CUMBERLAND","0","Over Votes","360","12TH CONGRESS","CROOKED CREEK - F12","0","11","","0"
"18","0","CUMBERLAND","665","HOMER ""CHIP"" MARKEL","360","12TH CONGRESS","CROOKED CREEK - F12","0","11","","0"
"18","0","CUMBERLAND","665","HOMER ""CHIP"" MARKEL","360","12TH CONGRESS","GREENUP 2 - 011","4","11","","0"
"18","0","CUMBERLAND","0","Over Votes","360","12TH CONGRESS","GREENUP 2 - 011","4","11","","0"
"18","0","CUMBERLAND","670","JOSHUA QUALLS","360","12TH CONGRESS","GREENUP 2 - 011","4","11","","0"
"18","0","CUMBERLAND","0","Under Votes","360","12TH CONGRESS","NEOGA 1 - 004","74","11","","0"
"18","0","CUMBERLAND","665","HOMER ""CHIP"" MARKEL","360","12TH CONGRESS","NEOGA 1 - 004","74","11","","2"
"18","0","CUMBERLAND","0","Over Votes","360","12TH CONGRESS","NEOGA 1 - 004","74","11","","0"
"18","0","CUMBERLAND","670","JOSHUA QUALLS","360","12TH CONGRESS","NEOGA 1 - 004","74","11","","0"
"18","0","CUMBERLAND","0","Under Votes","360","12TH CONGRESS","NEOGA 2 - 004","359","11","","0"
"18","0","CUMBERLAND","665","HOMER ""CHIP"" MARKEL","360","12TH CONGRESS","NEOGA 2 - 004","359","11","","5"
"18","0","CUMBERLAND","0","Over Votes","360","12TH CONGRESS","NEOGA 2 - 004","359","11","","0"
"18","0","CUMBERLAND","670","JOSHUA QUALLS","360","12TH CONGRESS","NEOGA 2 - 004","359","11","","5"
"18","0","CUMBERLAND","0","Over Votes","360","12TH CONGRESS","SPRING POINT - 006","302","11","","0"
"18","0","CUMBERLAND","0","Under Votes","360","12TH CONGRESS","SPRING POINT - 009","141","11","","0"
"18","0","CUMBERLAND","665","HOMER ""CHIP"" MARKEL","360","12TH CONGRESS","SPRING POINT - 009","141","11","","1"
"18","0","CUMBERLAND","670","JOSHUA QUALLS","360","12TH CONGRESS","SPRING POINT - 009","141","11","","1"
"18","0","CUMBERLAND","0","Over Votes","360","12TH CONGRESS","SPRING POINT - 009","141","11","","0"
"18","0","CUMBERLAND","0","Under Votes","360","12TH CONGRESS","SUMPTER 2 - 004","4","11","","0"
"18","0","CUMBERLAND","665","HOMER ""CHIP"" MARKEL","360","12TH CONGRESS","SUMPTER 2 - 004","4","11","","1"
"18","0","CUMBERLAND","670","JOSHUA QUALLS","360","12TH CONGRESS","SUMPTER 2 - 004","4","11","","0"
"18","0","CUMBERLAND","0","Over Votes","360","12TH CONGRESS","SUMPTER 2 - 004","4","11","","0"
"18","0","CUMBERLAND","0","Under Votes","360","12TH CONGRESS","SUMPTER 1 - 003","668","11","","4"
"18","0","CUMBERLAND","0","Over Votes","360","12TH CONGRESS","SUMPTER 1 - 003","668","11","","0"
"18","0","CUMBERLAND","665","HOMER ""CHIP"" MARKEL","360","12TH CONGRESS","SUMPTER 1 - 003","668","11","","20"
"18","0","CUMBERLAND","670","JOSHUA QUALLS","360","12TH CONGRESS","SUMPTER 1 - 003","668","11","","6"
"18","0","CUMBERLAND","0","Under Votes","360","12TH CONGRESS","UNION - 001","520","11","","5"
"18","0","CUMBERLAND","0","Over Votes","360","12TH CONGRESS","UNION - 001","520","11","","0"
"18","0","CUMBERLAND","665","HOMER ""CHIP"" MARKEL","360","12TH CONGRESS","UNION - 001","520","11","","13"
"18","0","CUMBERLAND","670","JOSHUA QUALLS","360","12TH CONGRESS","UNION - 001","520","11","","12"
"18","0","CUMBERLAND","0","Under Votes","360","12TH CONGRESS","COTTONWOOD - F12","0","11","","0"
"18","0","CUMBERLAND","0","Over Votes","360","12TH CONGRESS","COTTONWOOD - F12","0","11","","0"
"18","0","CUMBERLAND","665","HOMER ""CHIP"" MARKEL","360","12TH CONGRESS","COTTONWOOD - F12","0","11","","0"
"18","0","CUMBERLAND","670","JOSHUA QUALLS","360","12TH CONGRESS","COTTONWOOD - F12","0","11","","0"
"18","0","CUMBERLAND","0","Under Votes","360","12TH CONGRESS","WOODBURY - F12","0","11","","0"
"18","0","CUMBERLAND","665","HOMER ""CHIP"" MARKEL","360","12TH CONGRESS","WOODBURY - F12","0","11","","0"
"18","0","CUMBERLAND","670","JOSHUA QUALLS","360","12TH CONGRESS","WOODBURY - F12","0","11","","0"
"18","0","CUMBERLAND","0","Over Votes","360","12TH CONGRESS","WOODBURY - F12","0","11","","0"
"18","0","CUMBERLAND","0","Under Votes","360","12TH CONGRESS","GREENUP 3 - 010","501","11","","1"
"18","0","CUMBERLAND","665","HOMER ""CHIP"" MARKEL","360","12TH CONGRESS","GREENUP 3 - 010","501","11","","10"
"18","0","CUMBERLAND","670","JOSHUA QUALLS","360","12TH CONGRESS","GREENUP 3 - 010","501","11","","10"
"18","0","CUMBERLAND","0","Over Votes","360","12TH CONGRESS","GREENUP 3 - 010","501","11","","0"
"18","0","CUMBERLAND","0","Under Votes","360","12TH CONGRESS","NEOGA 1 - 005","997","11","","5"
"18","0","CUMBERLAND","665","HOMER ""CHIP"" MARKEL","360","12TH CONGRESS","NEOGA 1 - 005","997","11","","14"
"18","0","CUMBERLAND","670","JOSHUA QUALLS","360","12TH CONGRESS","NEOGA 1 - 005","997","11","","21"
"18","0","CUMBERLAND","0","Over Votes","360","12TH CONGRESS","NEOGA 1 - 005","997","11","","0"
"18","0","CUMBERLAND","0","Under Votes","360","12TH CONGRESS","NEOGA 2 - 005","539","11","","3"
"18","0","CUMBERLAND","665","HOMER ""CHIP"" MARKEL","360","12TH CONGRESS","NEOGA 2 - 005","539","11","","7"
"18","0","CUMBERLAND","670","JOSHUA QUALLS","360","12TH CONGRESS","NEOGA 2 - 005","539","11","","11"
"18","0","CUMBERLAND","0","Over Votes","360","12TH CONGRESS","NEOGA 2 - 005","539","11","","0"
"18","0","CUMBERLAND","0","Under Votes","360","12TH CONGRESS","SPRING POINT - 007","305","11","","2"
"18","0","CUMBERLAND","665","HOMER ""CHIP"" MARKEL","360","12TH CONGRESS","SPRING POINT - 007","305","11","","2"
"18","0","CUMBERLAND","670","JOSHUA QUALLS","360","12TH CONGRESS","SPRING POINT - 007","305","11","","2"
"18","0","CUMBERLAND","0","Over Votes","360","12TH CONGRESS","SPRING POINT - 007","305","11","","0"
"18","0","CUMBERLAND","670","JOSHUA QUALLS","360","12TH CONGRESS","NEOGA 1 - F12","0","11","","0"
"18","0","CUMBERLAND","0","Under Votes","360","12TH CONGRESS","NEOGA 1 - F12","0","11","","0"
"18","0","CUMBERLAND","0","Over Votes","360","12TH CONGRESS","NEOGA 1 - F12","0","11","","0"
"18","0","CUMBERLAND","665","HOMER ""CHIP"" MARKEL","360","12TH CONGRESS","NEOGA 1 - F12","0","11","","0"
"18","0","CUMBERLAND","670","JOSHUA QUALLS","360","12TH CONGRESS","SUMPTER 1 - F12","0","11","","0"
"18","0","CUMBERLAND","0","Under Votes","360","12TH CONGRESS","SUMPTER 1 - F12","0","11","","0"
"18","0","CUMBERLAND","665","HOMER ""CHIP"" MARKEL","360","12TH CONGRESS","SUMPTER 1 - F12","0","11","","0"
"18","0","CUMBERLAND","0","Over Votes","360","12TH CONGRESS","SUMPTER 1 - F12","0","11","","0"
"18","0","CUMBERLAND","670","JOSHUA QUALLS","360","12TH CONGRESS","COTTONWOOD - 004","2","11","","0"
"39","0","JACKSON","0","Under Votes","360","12TH CONGRESS","CARBONDALE 13","695","11","DEMOCRATIC","0"
"39","0","JACKSON","0","Blank Ballots","360","12TH CONGRESS","CARBONDALE 13","695","11","DEMOCRATIC","19"
"39","0","JACKSON","665","HOMER ""CHIP"" MARKEL","360","12TH CONGRESS","CARBONDALE 13","695","11","DEMOCRATIC","140"
"39","0","JACKSON","0","Under Votes","360","12TH CONGRESS","CARBONDALE 25","183","11","DEMOCRATIC","0"
"39","0","JACKSON","0","Blank Ballots","360","12TH CONGRESS","CARBONDALE 25","183","11","DEMOCRATIC","0"
"39","0","JACKSON","665","HOMER ""CHIP"" MARKEL","360","12TH CONGRESS","CARBONDALE 25","183","11","DEMOCRATIC","1"
"39","0","JACKSON","0","Over Votes","360","12TH CONGRESS","CARBONDALE 25","183","11","DEMOCRATIC","0"
"39","0","JACKSON","670","JOSHUA QUALLS","360","12TH CONGRESS","CARBONDALE 25","183","11","DEMOCRATIC","2"
"39","0","JACKSON","0","Under Votes","360","12TH CONGRESS","KINKAID","362","11","DEMOCRATIC","0"
"39","0","JACKSON","0","Blank Ballots","360","12TH CONGRESS","KINKAID","362","11","DEMOCRATIC","0"
"39","0","JACKSON","665","HOMER ""CHIP"" MARKEL","360","12TH CONGRESS","KINKAID","362","11","DEMOCRATIC","10"
"39","0","JACKSON","0","Over Votes","360","12TH CONGRESS","KINKAID","362","11","DEMOCRATIC","0"
"39","0","JACKSON","670","JOSHUA QUALLS","360","12TH CONGRESS","KINKAID","362","11","DEMOCRATIC","1"
"39","0","JACKSON","0","Under Votes","360","12TH CONGRESS","MURPHYSBORO 04","570","11","DEMOCRATIC","0"
"39","0","JACKSON","0","Blank Ballots","360","12TH CONGRESS","MURPHYSBORO 04","570","11","DEMOCRATIC","14"
"39","0","JACKSON","665","HOMER ""CHIP"" MARKEL","360","12TH CONGRESS","MURPHYSBORO 04","570","11","DEMOCRATIC","33"
"39","0","JACKSON","0","Over Votes","360","12TH CONGRESS","MURPHYSBORO 04","570","11","DEMOCRATIC","0"
"39","0","JACKSON","670","JOSHUA QUALLS","360","12TH CONGRESS","MURPHYSBORO 04","570","11","DEMOCRATIC","23"
"39","0","JACKSON","0","Under Votes","360","12TH CONGRESS","POMONA","537","11","DEMOCRATIC","0"
"39","0","JACKSON","0","Blank Ballots","360","12TH CONGRESS","POMONA","537","11","DEMOCRATIC","9"
"39","0","JACKSON","665","HOMER ""CHIP"" MARKEL","360","12TH CONGRESS","POMONA","537","11","DEMOCRATIC","27"
"39","0","JACKSON","0","Over Votes","360","12TH CONGRESS","POMONA","537","11","DEMOCRATIC","0"
"39","0","JACKSON","670","JOSHUA QUALLS","360","12TH CONGRESS","POMONA","537","11","DEMOCRATIC","15"
"96","0","WAYNE","670","JOSHUA QUALLS","360","12TH CONGRESS","LAMARD 1","0","11","DEMOCRATIC","6"
"96","0","WAYNE","0","Under Votes","360","12TH CONGRESS","LAMARD 1","0","11","DEMOCRATIC","1"
"96","0","WAYNE","0","Over Votes","360","12TH CONGRESS","LAMARD 1","0","11","DEMOCRATIC","0"
"96","0","WAYNE","665","HOMER ""CHIP"" MARKEL","360","12TH CONGRESS","LAMARD 1","0","11","DEMOCRATIC","4"
"96","0","WAYNE","670","JOSHUA QUALLS","360","12TH CONGRESS","LAMARD 2","0","11","DEMOCRATIC","3"
"96","0","WAYNE","0","Under Votes","360","12TH CONGRESS","LAMARD 2","0","11","DEMOCRATIC","0"
"96","0","WAYNE","0","Over Votes","360","12TH CONGRESS","LAMARD 2","0","11","DEMOCRATIC","0"
"96","0","WAYNE","665","HOMER ""CHIP"" MARKEL","360","12TH CONGRESS","LAMARD 2","0","11","DEMOCRATIC","3"
"96","0","WAYNE","665","HOMER ""CHIP"" MARKEL","360","12TH CONGRESS","GOLDENGATE","0","11","DEMOCRATIC","1"
"96","0","WAYNE","670","JOSHUA QUALLS","360","12TH CONGRESS","GOLDENGATE","0","11","DEMOCRATIC","0"
"96","0","WAYNE","0","Under Votes","360","12TH CONGRESS","GOLDENGATE","0","11","DEMOCRATIC","0"
"96","0","WAYNE","0","Over Votes","360","12TH CONGRESS","GOLDENGATE","0","11","DEMOCRATIC","0"
"96","0","WAYNE","670","JOSHUA QUALLS","360","12TH CONGRESS","ARRINGTON","0","11","DEMOCRATIC","0"
"96","0","WAYNE","0","Under Votes","360","12TH CONGRESS","ARRINGTON","0","11","DEMOCRATIC","0"
"96","0","WAYNE","0","Over Votes","360","12TH CONGRESS","ARRINGTON","0","11","DEMOCRATIC","0"
"96","0","WAYNE","665","HOMER ""CHIP"" MARKEL","360","12TH CONGRESS","ARRINGTON","0","11","DEMOCRATIC","1"
"96","0","WAYNE","0","Under Votes","360","12TH CONGRESS","BARNHILL","0","11","DEMOCRATIC","1"
"96","0","WAYNE","665","HOMER ""CHIP"" MARKEL","360","12TH CONGRESS","BARNHILL","0","11","DEMOCRATIC","3"
"96","0","WAYNE","670","JOSHUA QUALLS","360","12TH CONGRESS","BARNHILL","0","11","DEMOCRATIC","3"
"88","0","ST. CLAIR","665","HOMER ""CHIP"" MARKEL","360","12TH CONGRESS","MASCOUTAH 3","1913","11","DEMOCRATIC","38"
"88","0","ST. CLAIR","670","JOSHUA QUALLS","360","12TH CONGRESS","MASCOUTAH 3","1913","11","DEMOCRATIC","61"
"88","0","ST. CLAIR","665","HOMER ""CHIP"" MARKEL","360","12TH CONGRESS","O FALLON 2","1128","11","DEMOCRATIC","0"
"88","0","ST. CLAIR","670","JOSHUA QUALLS","360","12TH CONGRESS","O FALLON 2","1128","11","DEMOCRATIC","0"
"88","0","ST. CLAIR","665","HOMER ""CHIP"" MARKEL","360","12TH CONGRESS","O FALLON 5","1023","11","DEMOCRATIC","29"
"88","0","ST. CLAIR","670","JOSHUA QUALLS","360","12TH CONGRESS","O FALLON 5","1023","11","DEMOCRATIC","22"
"88","0","ST. CLAIR","665","HOMER ""CHIP"" MARKEL","360","12TH CONGRESS","O FALLON 8","1398","11","DEMOCRATIC","37"
"88","0","ST. CLAIR","670","JOSHUA QUALLS","360","12TH CONGRESS","O FALLON 8","1398","11","DEMOCRATIC","39"
"88","0","ST. CLAIR","665","HOMER ""CHIP"" MARKEL","360","12TH CONGRESS","ST CLAIR 14","779","11","DEMOCRATIC","0"
"88","0","ST. CLAIR","670","JOSHUA QUALLS","360","12TH CONGRESS","ST CLAIR 14","779","11","DEMOCRATIC","0"
"88","0","ST. CLAIR","665","HOMER ""CHIP"" MARKEL","360","12TH CONGRESS","SHILOH VALLEY 1","1500","11","DEMOCRATIC","39"
"88","0","ST. CLAIR","670","JOSHUA QUALLS","360","12TH CONGRESS","SHILOH VALLEY 1","1500","11","DEMOCRATIC","34"
"88","0","ST. CLAIR","665","HOMER ""CHIP"" MARKEL","360","12TH CONGRESS","SHILOH VALLEY 4","742","11","DEMOCRATIC","21"
"88","0","ST. CLAIR","670","JOSHUA QUALLS","360","12TH CONGRESS","SHILOH VALLEY 4","742","11","DEMOCRATIC","18"
"88","0","ST. CLAIR","665","HOMER ""CHIP"" MARKEL","360","12TH CONGRESS","STOOKEY 6","921","11","DEMOCRATIC","13"
"88","0","ST. CLAIR","670","JOSHUA QUALLS","360","12TH CONGRESS","STOOKEY 6","921","11","DEMOCRATIC","22"
"88","0","ST. CLAIR","665","HOMER ""CHIP"" MARKEL","360","12TH CONGRESS","SUGAR LOAF 2","640","11","DEMOCRATIC","0"
"88","0","ST. CLAIR","670","JOSHUA QUALLS","360","12TH CONGRESS","SUGAR LOAF 2","640","11","DEMOCRATIC","0"
"88","0","ST. CLAIR","665","HOMER ""CHIP"" MARKEL","360","12TH CONGRESS","O FALLON 11","1215","11","DEMOCRATIC","28"
"88","0","ST. CLAIR","670","JOSHUA QUALLS","360","12TH CONGRESS","O FALLON 11","1215","11","DEMOCRATIC","24"
"88","0","ST. CLAIR","665","HOMER ""CHIP"" MARKEL","360","12TH CONGRESS","O FALLON 14","823","11","DEMOCRATIC","0"
"88","0","ST. CLAIR","670","JOSHUA QUALLS","360","12TH CONGRESS","O FALLON 14","823","11","DEMOCRATIC","0"
"88","0","ST. CLAIR","665","HOMER ""CHIP"" MARKEL","360","12TH CONGRESS","PRAIRIE DU LONG 1","786","11","DEMOCRATIC","4"
"88","0","ST. CLAIR","670","JOSHUA QUALLS","360","12TH CONGRESS","PRAIRIE DU LONG 1","786","11","DEMOCRATIC","15"
"88","0","ST. CLAIR","665","HOMER ""CHIP"" MARKEL","360","12TH CONGRESS","SMITHTON 3","1145","11","DEMOCRATIC","15"
"88","0","ST. CLAIR","670","JOSHUA QUALLS","360","12TH CONGRESS","SMITHTON 3","1145","11","DEMOCRATIC","20"
"88","0","ST. CLAIR","665","HOMER ""CHIP"" MARKEL","360","12TH CONGRESS","SUGAR LOAF 5","730","11","DEMOCRATIC","0"
"88","0","ST. CLAIR","670","JOSHUA QUALLS","360","12TH CONGRESS","SUGAR LOAF 5","730","11","DEMOCRATIC","0"
"88","0","ST. CLAIR","0","Over Votes","360","12TH CONGRESS","","0","11","DEMOCRATIC","1"
"88","0","ST. CLAIR","0","Under Votes","360","12TH CONGRESS","","0","11","DEMOCRATIC","304"
"88","0","ST. CLAIR","665","HOMER ""CHIP"" MARKEL","360","12TH CONGRESS","FREEBURG 2","11197","11","DEMOCRATIC","24"
"88","0","ST. CLAIR","670","JOSHUA QUALLS","360","12TH CONGRESS","FREEBURG 2","11197","11","DEMOCRATIC","17"
"88","0","ST. CLAIR","665","HOMER ""CHIP"" MARKEL","360","12TH CONGRESS","MARISSA 1","822","11","DEMOCRATIC","10"
"88","0","ST. CLAIR","670","JOSHUA QUALLS","360","12TH CONGRESS","MARISSA 1","822","11","DEMOCRATIC","13"
"88","0","ST. CLAIR","665","HOMER ""CHIP"" MARKEL","360","12TH CONGRESS","CASEYVILLE 11","728","11","DEMOCRATIC","24"
"88","0","ST. CLAIR","670","JOSHUA QUALLS","360","12TH CONGRESS","CASEYVILLE 11","728","11","DEMOCRATIC","32"
"88","0","ST. CLAIR","665","HOMER ""CHIP"" MARKEL","360","12TH CONGRESS","FREEBURG 3","1210","11","DEMOCRATIC","25"
"88","0","ST. CLAIR","670","JOSHUA QUALLS","360","12TH CONGRESS","FREEBURG 3","1210","11","DEMOCRATIC","34"
"88","0","ST. CLAIR","670","JOSHUA QUALLS","360","12TH CONGRESS","MARISSA 2","740","11","DEMOCRATIC","13"
"97","0","WHITE","0","Over Votes","360","12TH CONGRESS","MILL SHOALS 2 - F12","0","12","","0"
"97","0","WHITE","660","MIKE BOST","360","12TH CONGRESS","MILL SHOALS 2 - F12","0","12","","0"
"97","0","WHITE","0","Under Votes","360","12TH CONGRESS","MILL SHOALS 2 - F12","0","12","","0"
"97","0","WHITE","0","Over Votes","360","12TH CONGRESS","EMMA 30 - 007","230","12","","0"
"97","0","WHITE","660","MIKE BOST","360","12TH CONGRESS","MILL SHOALS 1 - 001","222","12","","45"
"97","0","WHITE","0","Over Votes","360","12TH CONGRESS","MILL SHOALS 1 - 001","222","12","","0"
"97","0","WHITE","0","Under Votes","360","12TH CONGRESS","MILL SHOALS 1 - 001","222","12","","17"
"97","0","WHITE","660","MIKE BOST","360","12TH CONGRESS","BURNT PRAIRIE 10 - F12","0","12","","0"
"97","0","WHITE","0","Over Votes","360","12TH CONGRESS","BURNT PRAIRIE 10 - F12","0","12","","0"
"97","0","WHITE","0","Under Votes","360","12TH CONGRESS","BURNT PRAIRIE 10 - F12","0","12","","0"
"97","0","WHITE","0","Over Votes","360","12TH CONGRESS","CARMI 14 - F12","0","12","","0"
"97","0","WHITE","660","MIKE BOST","360","12TH CONGRESS","CARMI 14 - F12","0","12","","0"
"97","0","WHITE","0","Under Votes","360","12TH CONGRESS","CARMI 14 - F12","0","12","","0"
"97","0","WHITE","660","MIKE BOST","360","12TH CONGRESS","CARMI 19 - F12","0","12","","0"
"97","0","WHITE","0","Over Votes","360","12TH CONGRESS","CARMI 19 - F12","0","12","","0"
"97","0","WHITE","0","Under Votes","360","12TH CONGRESS","CARMI 19 - F12","0","12","","0"
"97","0","WHITE","660","MIKE BOST","360","12TH CONGRESS","HAWTHORNE 28 - 007","157","12","","60"
"97","0","WHITE","0","Over Votes","360","12TH CONGRESS","HAWTHORNE 28 - 007","157","12","","0"
"97","0","WHITE","0","Under Votes","360","12TH CONGRESS","HAWTHORNE 28 - 007","157","12","","9"
"97","0","WHITE","660","MIKE BOST","360","12TH CONGRESS","INDIAN CREEK 8 - 003","634","12","","140"
"97","0","WHITE","0","Over Votes","360","12TH CONGRESS","INDIAN CREEK 8 - 003","634","12","","0"
"97","0","WHITE","0","Under Votes","360","12TH CONGRESS","INDIAN CREEK 8 - 003","634","12","","40"
"97","0","WHITE","660","MIKE BOST","360","12TH CONGRESS","PHILLIPS 26 - 006","742","12","","176"
"97","0","WHITE","0","Over Votes","360","12TH CONGRESS","PHILLIPS 26 - 006","742","12","","0"
"97","0","WHITE","0","Under Votes","360","12TH CONGRESS","PHILLIPS 26 - 006","742","12","","69"
"97","0","WHITE","0","Over Votes","360","12TH CONGRESS","CARMI 13 - F12","0","12","","0"
"97","0","WHITE","660","MIKE BOST","360","12TH CONGRESS","CARMI 13 - F12","0","12","","0"
"97","0","WHITE","0","Under Votes","360","12TH CONGRESS","CARMI 13 - F12","0","12","","0"
"97","0","WHITE","660","MIKE BOST","360","12TH CONGRESS","CARMI 20 - 005","6","12","","3"
"97","0","WHITE","0","Over Votes","360","12TH CONGRESS","CARMI 20 - 005","6","12","","0"
"97","0","WHITE","0","Under Votes","360","12TH CONGRESS","CARMI 20 - 005","6","12","","0"
"97","0","WHITE","660","MIKE BOST","360","12TH CONGRESS","GRAY 24 - 006","755","12","","133"
"97","0","WHITE","0","Over Votes","360","12TH CONGRESS","GRAY 24 - 006","755","12","","0"
"97","0","WHITE","0","Under Votes","360","12TH CONGRESS","GRAY 24 - 006","755","12","","32"
"97","0","WHITE","0","Over Votes","360","12TH CONGRESS","HERALDS PRIE 22 - 003","470","12","","0"
"97","0","WHITE","660","MIKE BOST","360","12TH CONGRESS","HERALDS PRIE 22 - 003","470","12","","110"
"97","0","WHITE","0","Under Votes","360","12TH CONGRESS","HERALDS PRIE 22 - 003","470","12","","31"
"97","0","WHITE","0","Over Votes","360","12TH CONGRESS","PHILLIPS 26 - F12","0","12","","0"
"97","0","WHITE","660","MIKE BOST","360","12TH CONGRESS","PHILLIPS 26 - F12","0","12","","0"
"97","0","WHITE","0","Under Votes","360","12TH CONGRESS","PHILLIPS 26 - F12","0","12","","0"
"97","0","WHITE","660","MIKE BOST","360","12TH CONGRESS","CARMI 13 - 002","943","12","","246"
"97","0","WHITE","0","Over Votes","360","12TH CONGRESS","CARMI 13 - 002","943","12","","0"
"97","0","WHITE","0","Under Votes","360","12TH CONGRESS","CARMI 13 - 002","943","12","","72"
"97","0","WHITE","660","MIKE BOST","360","12TH CONGRESS","CARMI 18 - 004","580","12","","91"
"97","0","WHITE","0","Over Votes","360","12TH CONGRESS","CARMI 18 - 004","580","12","","0"
"97","0","WHITE","665","HOMER ""CHIP"" MARKEL","360","12TH CONGRESS","HAWTHORNE 28 - 006","33","11","","0"
"97","0","WHITE","670","JOSHUA QUALLS","360","12TH CONGRESS","HAWTHORNE 28 - 006","33","11","","0"
"97","0","WHITE","0","Over Votes","360","12TH CONGRESS","HAWTHORNE 28 - 006","33","11","","0"
"97","0","WHITE","0","Under Votes","360","12TH CONGRESS","HAWTHORNE 28 - 006","33","11","","0"
"97","0","WHITE","665","HOMER ""CHIP"" MARKEL","360","12TH CONGRESS","INDIAN CREEK 6 - 003","935","11","","13"
"97","0","WHITE","670","JOSHUA QUALLS","360","12TH CONGRESS","INDIAN CREEK 6 - 003","935","11","","13"
"97","0","WHITE","0","Over Votes","360","12TH CONGRESS","INDIAN CREEK 6 - 003","935","11","","0"
"97","0","WHITE","0","Under Votes","360","12TH CONGRESS","INDIAN CREEK 6 - 003","935","11","","4"
"97","0","WHITE","665","HOMER ""CHIP"" MARKEL","360","12TH CONGRESS","MILL SHOALS 2 - 002","228","11","","2"
"97","0","WHITE","670","JOSHUA QUALLS","360","12TH CONGRESS","MILL SHOALS 2 - 002","228","11","","1"
"97","0","WHITE","0","Over Votes","360","12TH CONGRESS","MILL SHOALS 2 - 002","228","11","","0"
"97","0","WHITE","0","Under Votes","360","12TH CONGRESS","MILL SHOALS 2 - 002","228","11","","1"
"97","0","WHITE","670","JOSHUA QUALLS","360","12TH CONGRESS","CARMI 12 - 001","352","11","","7"
"97","0","WHITE","0","Over Votes","360","12TH CONGRESS","CARMI 12 - 001","352","11","","0"
"97","0","WHITE","0","Under Votes","360","12TH CONGRESS","CARMI 12 - 001","352","11","","0"
"97","0","WHITE","665","HOMER ""CHIP"" MARKEL","360","12TH CONGRESS","CARMI 12 - F12","0","11","","0"
"97","0","WHITE","670","JOSHUA QUALLS","360","12TH CONGRESS","CARMI 12 - F12","0","11","","0"
"97","0","WHITE","0","Over Votes","360","12TH CONGRESS","CARMI 12 - F12","0","11","","0"
"97","0","WHITE","0","Under Votes","360","12TH CONGRESS","CARMI 12 - F12","0","11","","0"
"97","0","WHITE","665","HOMER ""CHIP"" MARKEL","360","12TH CONGRESS","CARMI 16 - F12","0","11","","0"
"97","0","WHITE","670","JOSHUA QUALLS","360","12TH CONGRESS","CARMI 16 - F12","0","11","","0"
"97","0","WHITE","0","Over Votes","360","12TH CONGRESS","CARMI 16 - F12","0","11","","0"
"97","0","WHITE","0","Under Votes","360","12TH CONGRESS","CARMI 16 - F12","0","11","","0"
"97","0","WHITE","665","HOMER ""CHIP"" MARKEL","360","12TH CONGRESS","CARMI 20 - F12","0","11","","0"
"97","0","WHITE","670","JOSHUA QUALLS","360","12TH CONGRESS","CARMI 20 - F12","0","11","","0"
"97","0","WHITE","0","Over Votes","360","12TH CONGRESS","CARMI 20 - F12","0","11","","0"
"97","0","WHITE","0","Under Votes","360","12TH CONGRESS","CARMI 20 - F12","0","11","","0"
"97","0","WHITE","665","HOMER ""CHIP"" MARKEL","360","12TH CONGRESS","GRAY 24 - F12","0","11","","0"
"97","0","WHITE","670","JOSHUA QUALLS","360","12TH CONGRESS","GRAY 24 - F12","0","11","","0"
"97","0","WHITE","0","Over Votes","360","12TH CONGRESS","GRAY 24 - F12","0","11","","0"
"97","0","WHITE","0","Under Votes","360","12TH CONGRESS","GRAY 24 - F12","0","11","","0"
"97","0","WHITE","670","JOSHUA QUALLS","360","12TH CONGRESS","CARMI 13 - 002","943","11","","13"
"97","0","WHITE","0","Over Votes","360","12TH CONGRESS","CARMI 13 - 002","943","11","","0"
"97","0","WHITE","0","Under Votes","360","12TH CONGRESS","CARMI 13 - 002","943","11","","3"
"97","0","WHITE","665","HOMER ""CHIP"" MARKEL","360","12TH CONGRESS","CARMI 18 - 004","580","11","","10"
"97","0","WHITE","670","JOSHUA QUALLS","360","12TH CONGRESS","CARMI 18 - 004","580","11","","9"
"97","0","WHITE","0","Over Votes","360","12TH CONGRESS","CARMI 18 - 004","580","11","","0"
"97","0","WHITE","0","Under Votes","360","12TH CONGRESS","CARMI 18 - 004","580","11","","5"
"97","0","WHITE","665","HOMER ""CHIP"" MARKEL","360","12TH CONGRESS","CARMI 18 - F12","0","11","","0"
"97","0","WHITE","670","JOSHUA QUALLS","360","12TH CONGRESS","CARMI 18 - F12","0","11","","0"
"97","0","WHITE","0","Over Votes","360","12TH CONGRESS","CARMI 18 - F12","0","11","","0"
"97","0","WHITE","0","Under Votes","360","12TH CONGRESS","CARMI 18 - F12","0","11","","0"
"97","0","WHITE","665","HOMER ""CHIP"" MARKEL","360","12TH CONGRESS","EMMA 30 - F12","0","11","","0"
"97","0","WHITE","670","JOSHUA QUALLS","360","12TH CONGRESS","EMMA 30 - F12","0","11","","0"
"80","0","RICHLAND","0","Over Votes","360","12TH CONGRESS","MADISON 2 - 003","286","12","","0"
"80","0","RICHLAND","660","MIKE BOST","360","12TH CONGRESS","MADISON 2 - 003","286","12","","54"
"80","0","RICHLAND","0","Under Votes","360","12TH CONGRESS","MADISON 2 - 003","286","12","","23"
"80","0","RICHLAND","0","Over Votes","360","12TH CONGRESS","OLNEY 1 - 005","442","12","","0"
"80","0","RICHLAND","660","MIKE BOST","360","12TH CONGRESS","OLNEY 1 - 005","442","12","","61"
"80","0","RICHLAND","0","Under Votes","360","12TH CONGRESS","OLNEY 1 - 005","442","12","","20"
"80","0","RICHLAND","0","Under Votes","360","12TH CONGRESS","OLNEY 3 - F12","0","12","","0"
"80","0","RICHLAND","0","Over Votes","360","12TH CONGRESS","OLNEY 3 - F12","0","12","","0"
"80","0","RICHLAND","660","MIKE BOST","360","12TH CONGRESS","OLNEY 3 - F12","0","12","","0"
"80","0","RICHLAND","0","Over Votes","360","12TH CONGRESS","OLNEY 6 - F12","0","12","","0"
"80","0","RICHLAND","660","MIKE BOST","360","12TH CONGRESS","OLNEY 6 - F12","0","12","","0"
"80","0","RICHLAND","0","Under Votes","360","12TH CONGRESS","OLNEY 6 - F12","0","12","","0"
"80","0","RICHLAND","0","Over Votes","360","12TH CONGRESS","OLNEY 10 - F12","0","12","","0"
"80","0","RICHLAND","660","MIKE BOST","360","12TH CONGRESS","OLNEY 10 - F12","0","12","","0"
"80","0","RICHLAND","0","Under Votes","360","12TH CONGRESS","OLNEY 10 - F12","0","12","","0"
"80","0","RICHLAND","0","Under Votes","360","12TH CONGRESS","PRESTON 2 - F12","0","12","","0"
"80","0","RICHLAND","0","Over Votes","360","12TH CONGRESS","PRESTON 2 - F12","0","12","","0"
"80","0","RICHLAND","660","MIKE BOST","360","12TH CONGRESS","PRESTON 2 - F12","0","12","","0"
"80","0","RICHLAND","0","Over Votes","360","12TH CONGRESS","NOBLE 1 - 002","487","12","","0"
"80","0","RICHLAND","660","MIKE BOST","360","12TH CONGRESS","NOBLE 1 - 002","487","12","","82"
"80","0","RICHLAND","0","Under Votes","360","12TH CONGRESS","NOBLE 1 - 002","487","12","","28"
"80","0","RICHLAND","0","Over Votes","360","12TH CONGRESS","OLNEY 2 - 006","454","12","","0"
"80","0","RICHLAND","660","MIKE BOST","360","12TH CONGRESS","OLNEY 2 - 006","454","12","","58"
"80","0","RICHLAND","0","Under Votes","360","12TH CONGRESS","OLNEY 2 - 006","454","12","","11"
"80","0","RICHLAND","0","Over Votes","360","12TH CONGRESS","OLNEY 5 - 008","685","12","","0"
"80","0","RICHLAND","660","MIKE BOST","360","12TH CONGRESS","OLNEY 5 - 008","685","12","","104"
"80","0","RICHLAND","0","Under Votes","360","12TH CONGRESS","OLNEY 5 - 008","685","12","","32"
"80","0","RICHLAND","0","Under Votes","360","12TH CONGRESS","OLNEY 7 - F12","0","12","","0"
"80","0","RICHLAND","0","Over Votes","360","12TH CONGRESS","OLNEY 7 - F12","0","12","","0"
"80","0","RICHLAND","660","MIKE BOST","360","12TH CONGRESS","OLNEY 7 - F12","0","12","","0"
"80","0","RICHLAND","0","Over Votes","360","12TH CONGRESS","OLNEY 11 - F12","0","12","","0"
"80","0","RICHLAND","660","MIKE BOST","360","12TH CONGRESS","OLNEY 11 - F12","0","12","","0"
"80","0","RICHLAND","0","Under Votes","360","12TH CONGRESS","OLNEY 11 - F12","0","12","","0"
"97","0","WHITE","0","Over Votes","360","12TH CONGRESS","EMMA 30 - F12","0","11","","0"
"97","0","WHITE","0","Under Votes","360","12TH CONGRESS","EMMA 30 - F12","0","11","","0"
"97","0","WHITE","665","HOMER ""CHIP"" MARKEL","360","12TH CONGRESS","HAWTHORNE 28 - F12","0","11","","0"
"97","0","WHITE","670","JOSHUA QUALLS","360","12TH CONGRESS","HAWTHORNE 28 - F12","0","11","","0"
"97","0","WHITE","0","Over Votes","360","12TH CONGRESS","HAWTHORNE 28 - F12","0","11","","0"
"97","0","WHITE","0","Under Votes","360","12TH CONGRESS","HAWTHORNE 28 - F12","0","11","","0"
"97","0","WHITE","665","HOMER ""CHIP"" MARKEL","360","12TH CONGRESS","INDIAN CREEK 8 - F12","0","11","","0"
"97","0","WHITE","670","JOSHUA QUALLS","360","12TH CONGRESS","INDIAN CREEK 8 - F12","0","11","","0"
"97","0","WHITE","0","Over Votes","360","12TH CONGRESS","INDIAN CREEK 8 - F12","0","11","","0"
"97","0","WHITE","0","Under Votes","360","12TH CONGRESS","INDIAN CREEK 8 - F12","0","11","","0"
"97","0","WHITE","665","HOMER ""CHIP"" MARKEL","360","12TH CONGRESS","CARMI 20 - 005","6","11","","0"
"97","0","WHITE","670","JOSHUA QUALLS","360","12TH CONGRESS","CARMI 20 - 005","6","11","","0"
"97","0","WHITE","0","Over Votes","360","12TH CONGRESS","CARMI 20 - 005","6","11","","0"
"97","0","WHITE","0","Under Votes","360","12TH CONGRESS","CARMI 20 - 005","6","11","","0"
"97","0","WHITE","665","HOMER ""CHIP"" MARKEL","360","12TH CONGRESS","GRAY 24 - 006","755","11","","10"
"97","0","WHITE","670","JOSHUA QUALLS","360","12TH CONGRESS","GRAY 24 - 006","755","11","","8"
"97","0","WHITE","0","Over Votes","360","12TH CONGRESS","GRAY 24 - 006","755","11","","0"
"97","0","WHITE","0","Under Votes","360","12TH CONGRESS","GRAY 24 - 006","755","11","","2"
"97","0","WHITE","665","HOMER ""CHIP"" MARKEL","360","12TH CONGRESS","HERALDS PRIE 22 - 003","470","11","","3"
"97","0","WHITE","670","JOSHUA QUALLS","360","12TH CONGRESS","HERALDS PRIE 22 - 003","470","11","","4"
"97","0","WHITE","0","Over Votes","360","12TH CONGRESS","HERALDS PRIE 22 - 003","470","11","","0"
"97","0","WHITE","0","Under Votes","360","12TH CONGRESS","HERALDS PRIE 22 - 003","470","11","","5"
"97","0","WHITE","665","HOMER ""CHIP"" MARKEL","360","12TH CONGRESS","PHILLIPS 26 - F12","0","11","","0"
"97","0","WHITE","670","JOSHUA QUALLS","360","12TH CONGRESS","PHILLIPS 26 - F12","0","11","","0"
"97","0","WHITE","0","Over Votes","360","12TH CONGRESS","PHILLIPS 26 - F12","0","11","","0"
"97","0","WHITE","0","Under Votes","360","12TH CONGRESS","PHILLIPS 26 - F12","0","11","","0"
"97","0","WHITE","0","Under Votes","360","12TH CONGRESS","CARMI 18 - 004","580","12","","23"
"97","0","WHITE","0","Over Votes","360","12TH CONGRESS","CARMI 18 - F12","0","12","","0"
"97","0","WHITE","660","MIKE BOST","360","12TH CONGRESS","CARMI 18 - F12","0","12","","0"
"97","0","WHITE","0","Under Votes","360","12TH CONGRESS","CARMI 18 - F12","0","12","","0"
"97","0","WHITE","0","Over Votes","360","12TH CONGRESS","EMMA 30 - F12","0","12","","0"
"97","0","WHITE","660","MIKE BOST","360","12TH CONGRESS","EMMA 30 - F12","0","12","","0"
"97","0","WHITE","0","Under Votes","360","12TH CONGRESS","EMMA 30 - F12","0","12","","0"
"97","0","WHITE","0","Over Votes","360","12TH CONGRESS","HAWTHORNE 28 - F12","0","12","","0"
"97","0","WHITE","660","MIKE BOST","360","12TH CONGRESS","HAWTHORNE 28 - F12","0","12","","0"
"97","0","WHITE","0","Under Votes","360","12TH CONGRESS","HAWTHORNE 28 - F12","0","12","","0"
"97","0","WHITE","0","Over Votes","360","12TH CONGRESS","INDIAN CREEK 8 - F12","0","12","","0"
"97","0","WHITE","660","MIKE BOST","360","12TH CONGRESS","INDIAN CREEK 8 - F12","0","12","","0"
"97","0","WHITE","0","Under Votes","360","12TH CONGRESS","INDIAN CREEK 8 - F12","0","12","","0"
"18","0","CUMBERLAND","0","Under Votes","360","12TH CONGRESS","COTTONWOOD - 004","2","11","","0"
"18","0","CUMBERLAND","665","HOMER ""CHIP"" MARKEL","360","12TH CONGRESS","COTTONWOOD - 004","2","11","","0"
"18","0","CUMBERLAND","0","Over Votes","360","12TH CONGRESS","COTTONWOOD - 004","2","11","","0"
"18","0","CUMBERLAND","670","JOSHUA QUALLS","360","12TH CONGRESS","GREENUP 1 - 010","517","11","","6"
"18","0","CUMBERLAND","0","Under Votes","360","12TH CONGRESS","GREENUP 1 - 010","517","11","","4"
"18","0","CUMBERLAND","665","HOMER ""CHIP"" MARKEL","360","12TH CONGRESS","GREENUP 1 - 010","517","11","","9"
"18","0","CUMBERLAND","0","Over Votes","360","12TH CONGRESS","GREENUP 1 - 010","517","11","","0"
"18","0","CUMBERLAND","670","JOSHUA QUALLS","360","12TH CONGRESS","WOODBURY - 003","424","11","","1"
"18","0","CUMBERLAND","0","Under Votes","360","12TH CONGRESS","WOODBURY - 003","424","11","","0"
"18","0","CUMBERLAND","665","HOMER ""CHIP"" MARKEL","360","12TH CONGRESS","WOODBURY - 003","424","11","","5"
"18","0","CUMBERLAND","0","Over Votes","360","12TH CONGRESS","WOODBURY - 003","424","11","","0"
"18","0","CUMBERLAND","0","Over Votes","360","12TH CONGRESS","GREENUP 1 - F12","0","11","","0"
"18","0","CUMBERLAND","670","JOSHUA QUALLS","360","12TH CONGRESS","GREENUP 1 - F12","0","11","","0"
"18","0","CUMBERLAND","0","Under Votes","360","12TH CONGRESS","GREENUP 1 - F12","0","11","","0"
"18","0","CUMBERLAND","665","HOMER ""CHIP"" MARKEL","360","12TH CONGRESS","GREENUP 1 - F12","0","11","","0"
"18","0","CUMBERLAND","0","Under Votes","360","12TH CONGRESS","SPRING POINT - 006","302","11","","2"
"18","0","CUMBERLAND","665","HOMER ""CHIP"" MARKEL","360","12TH CONGRESS","SPRING POINT - 006","302","11","","2"
"18","0","CUMBERLAND","670","JOSHUA QUALLS","360","12TH CONGRESS","SPRING POINT - 006","302","11","","0"
"58","0","MARION","670","JOSHUA QUALLS","360","12TH CONGRESS","ALMA","559","11","DEMOCRATIC","7"
"58","0","MARION","665","HOMER ""CHIP"" MARKEL","360","12TH CONGRESS","ALMA","559","11","DEMOCRATIC","6"
"58","0","MARION","670","JOSHUA QUALLS","360","12TH CONGRESS","CENTRALIA 06","298","11","DEMOCRATIC","4"
"58","0","MARION","665","HOMER ""CHIP"" MARKEL","360","12TH CONGRESS","CENTRALIA 06","298","11","DEMOCRATIC","6"
"58","0","MARION","670","JOSHUA QUALLS","360","12TH CONGRESS","CENTRALIA 09","709","11","DEMOCRATIC","11"
"58","0","MARION","665","HOMER ""CHIP"" MARKEL","360","12TH CONGRESS","CENTRALIA 09","709","11","DEMOCRATIC","4"
"58","0","MARION","670","JOSHUA QUALLS","360","12TH CONGRESS","CENTRALIA 12","638","11","DEMOCRATIC","9"
"58","0","MARION","665","HOMER ""CHIP"" MARKEL","360","12TH CONGRESS","CENTRALIA 12","638","11","DEMOCRATIC","9"
"58","0","MARION","670","JOSHUA QUALLS","360","12TH CONGRESS","CENTRALIA 15","354","11","DEMOCRATIC","4"
"58","0","MARION","665","HOMER ""CHIP"" MARKEL","360","12TH CONGRESS","CENTRALIA 15","354","11","DEMOCRATIC","2"
"58","0","MARION","670","JOSHUA QUALLS","360","12TH CONGRESS","OMEGA","316","11","DEMOCRATIC","4"
"58","0","MARION","665","HOMER ""CHIP"" MARKEL","360","12TH CONGRESS","OMEGA","316","11","DEMOCRATIC","3"
"58","0","MARION","670","JOSHUA QUALLS","360","12TH CONGRESS","TONTI","725","11","DEMOCRATIC","10"
"58","0","MARION","665","HOMER ""CHIP"" MARKEL","360","12TH CONGRESS","TONTI","725","11","DEMOCRATIC","10"
"58","0","MARION","670","JOSHUA QUALLS","360","12TH CONGRESS","CENTRALIA 13","902","11","DEMOCRATIC","19"
"58","0","MARION","665","HOMER ""CHIP"" MARKEL","360","12TH CONGRESS","CENTRALIA 13","902","11","DEMOCRATIC","9"
"58","0","MARION","670","JOSHUA QUALLS","360","12TH CONGRESS","FOSTER","254","11","DEMOCRATIC","6"
"58","0","MARION","665","HOMER ""CHIP"" MARKEL","360","12TH CONGRESS","FOSTER","254","11","DEMOCRATIC","4"
"58","0","MARION","670","JOSHUA QUALLS","360","12TH CONGRESS","PATOKA","669","11","DEMOCRATIC","12"
"58","0","MARION","665","HOMER ""CHIP"" MARKEL","360","12TH CONGRESS","PATOKA","669","11","DEMOCRATIC","14"
"58","0","MARION","670","JOSHUA QUALLS","360","12TH CONGRESS","SALEM 2","295","11","DEMOCRATIC","6"
"58","0","MARION","665","HOMER ""CHIP"" MARKEL","360","12TH CONGRESS","SALEM 2","295","11","DEMOCRATIC","1"
"58","0","MARION","670","JOSHUA QUALLS","360","12TH CONGRESS","CENTRALIA 04","672","11","DEMOCRATIC","13"
"58","0","MARION","665","HOMER ""CHIP"" MARKEL","360","12TH CONGRESS","CENTRALIA 04","672","11","DEMOCRATIC","3"
"88","0","ST. CLAIR","665","HOMER ""CHIP"" MARKEL","360","12TH CONGRESS","MARISSA 2","740","11","DEMOCRATIC","13"
"88","0","ST. CLAIR","665","HOMER ""CHIP"" MARKEL","360","12TH CONGRESS","NEW ATHENS 1","817","11","DEMOCRATIC","4"
"88","0","ST. CLAIR","670","JOSHUA QUALLS","360","12TH CONGRESS","NEW ATHENS 1","817","11","DEMOCRATIC","20"
"88","0","ST. CLAIR","665","HOMER ""CHIP"" MARKEL","360","12TH CONGRESS","SHILOH VALLEY 2","1265","11","DEMOCRATIC","17"
"88","0","ST. CLAIR","670","JOSHUA QUALLS","360","12TH CONGRESS","SHILOH VALLEY 2","1265","11","DEMOCRATIC","15"
"88","0","ST. CLAIR","665","HOMER ""CHIP"" MARKEL","360","12TH CONGRESS","STOOKEY 1","1676","11","DEMOCRATIC","62"
"88","0","ST. CLAIR","670","JOSHUA QUALLS","360","12TH CONGRESS","STOOKEY 1","1676","11","DEMOCRATIC","51"
"88","0","ST. CLAIR","665","HOMER ""CHIP"" MARKEL","360","12TH CONGRESS","BELLEVILLE 26","1777","11","DEMOCRATIC","27"
"88","0","ST. CLAIR","670","JOSHUA QUALLS","360","12TH CONGRESS","BELLEVILLE 26","1777","11","DEMOCRATIC","33"
"88","0","ST. CLAIR","665","HOMER ""CHIP"" MARKEL","360","12TH CONGRESS","FAYETTEVILLE 2","665","11","DEMOCRATIC","11"
"88","0","ST. CLAIR","670","JOSHUA QUALLS","360","12TH CONGRESS","FAYETTEVILLE 2","665","11","DEMOCRATIC","6"
"88","0","ST. CLAIR","665","HOMER ""CHIP"" MARKEL","360","12TH CONGRESS","LENZBURG 1","643","11","DEMOCRATIC","14"
"88","0","ST. CLAIR","670","JOSHUA QUALLS","360","12TH CONGRESS","LENZBURG 1","643","11","DEMOCRATIC","10"
"88","0","ST. CLAIR","665","HOMER ""CHIP"" MARKEL","360","12TH CONGRESS","MILLSTADT 3","586","11","DEMOCRATIC","25"
"88","0","ST. CLAIR","670","JOSHUA QUALLS","360","12TH CONGRESS","MILLSTADT 3","586","11","DEMOCRATIC","19"
"88","0","ST. CLAIR","665","HOMER ""CHIP"" MARKEL","360","12TH CONGRESS","NEW ATHENS 2","945","11","DEMOCRATIC","12"
"88","0","ST. CLAIR","670","JOSHUA QUALLS","360","12TH CONGRESS","NEW ATHENS 2","945","11","DEMOCRATIC","10"
"88","0","ST. CLAIR","665","HOMER ""CHIP"" MARKEL","360","12TH CONGRESS","O FALLON 15","1300","11","DEMOCRATIC","25"
"88","0","ST. CLAIR","670","JOSHUA QUALLS","360","12TH CONGRESS","O FALLON 15","1300","11","DEMOCRATIC","28"
"88","0","ST. CLAIR","665","HOMER ""CHIP"" MARKEL","360","12TH CONGRESS","O FALLON 18","761","11","DEMOCRATIC","18"
"88","0","ST. CLAIR","670","JOSHUA QUALLS","360","12TH CONGRESS","O FALLON 18","761","11","DEMOCRATIC","20"
"88","0","ST. CLAIR","665","HOMER ""CHIP"" MARKEL","360","12TH CONGRESS","BELLEVILLE 22","1463","11","DEMOCRATIC","0"
"88","0","ST. CLAIR","670","JOSHUA QUALLS","360","12TH CONGRESS","BELLEVILLE 22","1463","11","DEMOCRATIC","1"
"88","0","ST. CLAIR","665","HOMER ""CHIP"" MARKEL","360","12TH CONGRESS","CASEYVILLE 5","1525","11","DEMOCRATIC","0"
"88","0","ST. CLAIR","670","JOSHUA QUALLS","360","12TH CONGRESS","CASEYVILLE 5","1525","11","DEMOCRATIC","0"
"88","0","ST. CLAIR","665","HOMER ""CHIP"" MARKEL","360","12TH CONGRESS","CASEYVILLE 25","1127","11","DEMOCRATIC","1"
"88","0","ST. CLAIR","670","JOSHUA QUALLS","360","12TH CONGRESS","CASEYVILLE 25","1127","11","DEMOCRATIC","0"
"88","0","ST. CLAIR","665","HOMER ""CHIP"" MARKEL","360","12TH CONGRESS","CENTREVILLE 15","602","11","DEMOCRATIC","0"
"88","0","ST. CLAIR","670","JOSHUA QUALLS","360","12TH CONGRESS","CENTREVILLE 15","602","11","DEMOCRATIC","0"
"88","0","ST. CLAIR","665","HOMER ""CHIP"" MARKEL","360","12TH CONGRESS","FAYETTEVILLE 1","429","11","DEMOCRATIC","6"
"88","0","ST. CLAIR","670","JOSHUA QUALLS","360","12TH CONGRESS","FAYETTEVILLE 1","429","11","DEMOCRATIC","3"
"88","0","ST. CLAIR","665","HOMER ""CHIP"" MARKEL","360","12TH CONGRESS","MILLSTADT 2","1499","11","DEMOCRATIC","70"
"88","0","ST. CLAIR","670","JOSHUA QUALLS","360","12TH CONGRESS","MILLSTADT 2","1499","11","DEMOCRATIC","52"
"88","0","ST. CLAIR","665","HOMER ""CHIP"" MARKEL","360","12TH CONGRESS","MILLSTADT 5","1055","11","DEMOCRATIC","63"
"88","0","ST. CLAIR","670","JOSHUA QUALLS","360","12TH CONGRESS","MILLSTADT 5","1055","11","DEMOCRATIC","37"
"88","0","ST. CLAIR","670","JOSHUA QUALLS","360","12TH CONGRESS","STOOKEY 10","730","11","DEMOCRATIC","22"
"88","0","ST. CLAIR","665","HOMER ""CHIP"" MARKEL","360","12TH CONGRESS","CASEYVILLE 1","1018","11","DEMOCRATIC","21"
"88","0","ST. CLAIR","670","JOSHUA QUALLS","360","12TH CONGRESS","CASEYVILLE 1","1018","11","DEMOCRATIC","25"
"88","0","ST. CLAIR","665","HOMER ""CHIP"" MARKEL","360","12TH CONGRESS","CASEYVILLE 21","1003","11","DEMOCRATIC","33"
"96","0","WAYNE","0","Over Votes","360","12TH CONGRESS","BARNHILL","0","11","DEMOCRATIC","0"
"96","0","WAYNE","665","HOMER ""CHIP"" MARKEL","360","12TH CONGRESS","KEITH","0","11","DEMOCRATIC","0"
"96","0","WAYNE","670","JOSHUA QUALLS","360","12TH CONGRESS","KEITH","0","11","DEMOCRATIC","1"
"96","0","WAYNE","0","Under Votes","360","12TH CONGRESS","KEITH","0","11","DEMOCRATIC","0"
"96","0","WAYNE","0","Over Votes","360","12TH CONGRESS","KEITH","0","11","DEMOCRATIC","0"
"96","0","WAYNE","670","JOSHUA QUALLS","360","12TH CONGRESS","ELM RIVER","0","11","DEMOCRATIC","1"
"96","0","WAYNE","0","Over Votes","360","12TH CONGRESS","ELM RIVER","0","11","DEMOCRATIC","0"
"96","0","WAYNE","0","Under Votes","360","12TH CONGRESS","ELM RIVER","0","11","DEMOCRATIC","1"
"96","0","WAYNE","665","HOMER ""CHIP"" MARKEL","360","12TH CONGRESS","ELM RIVER","0","11","DEMOCRATIC","0"
"96","0","WAYNE","670","JOSHUA QUALLS","360","12TH CONGRESS","FOUR MILE","0","11","DEMOCRATIC","3"
"96","0","WAYNE","0","Over Votes","360","12TH CONGRESS","FOUR MILE","0","11","DEMOCRATIC","0"
"96","0","WAYNE","0","Under Votes","360","12TH CONGRESS","FOUR MILE","0","11","DEMOCRATIC","0"
"96","0","WAYNE","665","HOMER ""CHIP"" MARKEL","360","12TH CONGRESS","FOUR MILE","0","11","DEMOCRATIC","1"
"96","0","WAYNE","670","JOSHUA QUALLS","360","12TH CONGRESS","GARDEN HILL","0","11","DEMOCRATIC","0"
"96","0","WAYNE","0","Under Votes","360","12TH CONGRESS","GARDEN HILL","0","11","DEMOCRATIC","0"
"96","0","WAYNE","0","Over Votes","360","12TH CONGRESS","GARDEN HILL","0","11","DEMOCRATIC","0"
"96","0","WAYNE","665","HOMER ""CHIP"" MARKEL","360","12TH CONGRESS","GARDEN HILL","0","11","DEMOCRATIC","0"
"96","0","WAYNE","670","JOSHUA QUALLS","360","12TH CONGRESS","GROVER","0","11","DEMOCRATIC","4"
"96","0","WAYNE","0","Under Votes","360","12TH CONGRESS","GROVER","0","11","DEMOCRATIC","3"
"96","0","WAYNE","0","Over Votes","360","12TH CONGRESS","GROVER","0","11","DEMOCRATIC","0"
"96","0","WAYNE","665","HOMER ""CHIP"" MARKEL","360","12TH CONGRESS","GROVER","0","11","DEMOCRATIC","8"
"96","0","WAYNE","670","JOSHUA QUALLS","360","12TH CONGRESS","BEDFORD","0","11","DEMOCRATIC","7"
"96","0","WAYNE","0","Over Votes","360","12TH CONGRESS","BEDFORD","0","11","DEMOCRATIC","0"
"96","0","WAYNE","0","Under Votes","360","12TH CONGRESS","BEDFORD","0","11","DEMOCRATIC","0"
"96","0","WAYNE","665","HOMER ""CHIP"" MARKEL","360","12TH CONGRESS","BEDFORD","0","11","DEMOCRATIC","6"
"96","0","WAYNE","670","JOSHUA QUALLS","360","12TH CONGRESS","BERRY","0","11","DEMOCRATIC","1"
"96","0","WAYNE","0","Under Votes","360","12TH CONGRESS","BERRY","0","11","DEMOCRATIC","0"
"96","0","WAYNE","0","Over Votes","360","12TH CONGRESS","BERRY","0","11","DEMOCRATIC","0"
"96","0","WAYNE","665","HOMER ""CHIP"" MARKEL","360","12TH CONGRESS","BERRY","0","11","DEMOCRATIC","0"
"96","0","WAYNE","0","Under Votes","360","12TH CONGRESS","BIG MOUND 1","0","11","DEMOCRATIC","2"
"96","0","WAYNE","665","HOMER ""CHIP"" MARKEL","360","12TH CONGRESS","BIG MOUND 1","0","11","DEMOCRATIC","8"
"96","0","WAYNE","670","JOSHUA QUALLS","360","12TH CONGRESS","BIG MOUND 1","0","11","DEMOCRATIC","11"
"96","0","WAYNE","0","Over Votes","360","12TH CONGRESS","BIG MOUND 1","0","11","DEMOCRATIC","0"
"96","0","WAYNE","0","Over Votes","360","12TH CONGRESS","BIG MOUND 2","0","11","DEMOCRATIC","0"
"96","0","WAYNE","0","Under Votes","360","12TH CONGRESS","BIG MOUND 2","0","11","DEMOCRATIC","0"
"96","0","WAYNE","665","HOMER ""CHIP"" MARKEL","360","12TH CONGRESS","BIG MOUND 2","0","11","DEMOCRATIC","4"
"96","0","WAYNE","670","JOSHUA QUALLS","360","12TH CONGRESS","BIG MOUND 2","0","11","DEMOCRATIC","2"
"96","0","WAYNE","0","Under Votes","360","12TH CONGRESS","MASSILON","0","11","DEMOCRATIC","2"
"96","0","WAYNE","0","Over Votes","360","12TH CONGRESS","MASSILON","0","11","DEMOCRATIC","0"
"96","0","WAYNE","665","HOMER ""CHIP"" MARKEL","360","12TH CONGRESS","MASSILON","0","11","DEMOCRATIC","1"
"96","0","WAYNE","670","JOSHUA QUALLS","360","12TH CONGRESS","MASSILON","0","11","DEMOCRATIC","5"
"96","0","WAYNE","665","HOMER ""CHIP"" MARKEL","360","12TH CONGRESS","MT. ERIE","0","11","DEMOCRATIC","3"
"96","0","WAYNE","670","JOSHUA QUALLS","360","12TH CONGRESS","MT. ERIE","0","11","DEMOCRATIC","3"
"58","0","MARION","670","JOSHUA QUALLS","360","12TH CONGRESS","CENTRALIA 07","376","11","DEMOCRATIC","16"
"58","0","MARION","665","HOMER ""CHIP"" MARKEL","360","12TH CONGRESS","CENTRALIA 07","376","11","DEMOCRATIC","3"
"58","0","MARION","670","JOSHUA QUALLS","360","12TH CONGRESS","IUKA","669","11","DEMOCRATIC","4"
"58","0","MARION","665","HOMER ""CHIP"" MARKEL","360","12TH CONGRESS","IUKA","669","11","DEMOCRATIC","1"
"58","0","MARION","670","JOSHUA QUALLS","360","12TH CONGRESS","ROMINE","320","11","DEMOCRATIC","4"
"58","0","MARION","665","HOMER ""CHIP"" MARKEL","360","12TH CONGRESS","ROMINE","320","11","DEMOCRATIC","2"
"58","0","MARION","670","JOSHUA QUALLS","360","12TH CONGRESS","SANDOVAL 3","517","11","DEMOCRATIC","7"
"58","0","MARION","665","HOMER ""CHIP"" MARKEL","360","12TH CONGRESS","SANDOVAL 3","517","11","DEMOCRATIC","1"
"58","0","MARION","670","JOSHUA QUALLS","360","12TH CONGRESS","MEACHAM","256","11","DEMOCRATIC","4"
"58","0","MARION","665","HOMER ""CHIP"" MARKEL","360","12TH CONGRESS","MEACHAM","256","11","DEMOCRATIC","6"
"58","0","MARION","670","JOSHUA QUALLS","360","12TH CONGRESS","SALEM 1","1035","11","DEMOCRATIC","27"
"58","0","MARION","665","HOMER ""CHIP"" MARKEL","360","12TH CONGRESS","SALEM 1","1035","11","DEMOCRATIC","8"
"58","0","MARION","670","JOSHUA QUALLS","360","12TH CONGRESS","SALEM 4","608","11","DEMOCRATIC","11"
"58","0","MARION","665","HOMER ""CHIP"" MARKEL","360","12TH CONGRESS","SALEM 4","608","11","DEMOCRATIC","9"
"58","0","MARION","670","JOSHUA QUALLS","360","12TH CONGRESS","SALEM 7","876","11","DEMOCRATIC","26"
"58","0","MARION","665","HOMER ""CHIP"" MARKEL","360","12TH CONGRESS","SALEM 7","876","11","DEMOCRATIC","22"
"58","0","MARION","670","JOSHUA QUALLS","360","12TH CONGRESS","CENTRALIA 14","986","11","DEMOCRATIC","24"
"58","0","MARION","665","HOMER ""CHIP"" MARKEL","360","12TH CONGRESS","CENTRALIA 14","986","11","DEMOCRATIC","8"
"58","0","MARION","670","JOSHUA QUALLS","360","12TH CONGRESS","CENTRALIA 17","1146","11","DEMOCRATIC","35"
"58","0","MARION","665","HOMER ""CHIP"" MARKEL","360","12TH CONGRESS","CENTRALIA 17","1146","11","DEMOCRATIC","33"
"58","0","MARION","670","JOSHUA QUALLS","360","12TH CONGRESS","HAINES","623","11","DEMOCRATIC","10"
"58","0","MARION","665","HOMER ""CHIP"" MARKEL","360","12TH CONGRESS","HAINES","623","11","DEMOCRATIC","3"
"58","0","MARION","670","JOSHUA QUALLS","360","12TH CONGRESS","SALEM 6","660","11","DEMOCRATIC","7"
"58","0","MARION","665","HOMER ""CHIP"" MARKEL","360","12TH CONGRESS","SALEM 6","660","11","DEMOCRATIC","4"
"58","0","MARION","670","JOSHUA QUALLS","360","12TH CONGRESS","CENTRALIA 01","685","11","DEMOCRATIC","40"
"58","0","MARION","665","HOMER ""CHIP"" MARKEL","360","12TH CONGRESS","CENTRALIA 01","685","11","DEMOCRATIC","22"
"58","0","MARION","670","JOSHUA QUALLS","360","12TH CONGRESS","CENTRALIA 03","337","11","DEMOCRATIC","7"
"58","0","MARION","665","HOMER ""CHIP"" MARKEL","360","12TH CONGRESS","CENTRALIA 03","337","11","DEMOCRATIC","5"
"58","0","MARION","670","JOSHUA QUALLS","360","12TH CONGRESS","RACCOON","1136","11","DEMOCRATIC","19"
"58","0","MARION","665","HOMER ""CHIP"" MARKEL","360","12TH CONGRESS","RACCOON","1136","11","DEMOCRATIC","11"
"58","0","MARION","670","JOSHUA QUALLS","360","12TH CONGRESS","SALEM 9","645","11","DEMOCRATIC","12"
"58","0","MARION","665","HOMER ""CHIP"" MARKEL","360","12TH CONGRESS","SALEM 9","645","11","DEMOCRATIC","5"
"58","0","MARION","670","JOSHUA QUALLS","360","12TH CONGRESS","CENTRALIA 05","1049","11","DEMOCRATIC","25"
"58","0","MARION","665","HOMER ""CHIP"" MARKEL","360","12TH CONGRESS","CENTRALIA 05","1049","11","DEMOCRATIC","14"
"58","0","MARION","670","JOSHUA QUALLS","360","12TH CONGRESS","CENTRALIA 11","759","11","DEMOCRATIC","14"
"58","0","MARION","665","HOMER ""CHIP"" MARKEL","360","12TH CONGRESS","CENTRALIA 11","759","11","DEMOCRATIC","5"
"58","0","MARION","670","JOSHUA QUALLS","360","12TH CONGRESS","KINMUNDY","716","11","DEMOCRATIC","17"
"58","0","MARION","665","HOMER ""CHIP"" MARKEL","360","12TH CONGRESS","KINMUNDY","716","11","DEMOCRATIC","10"
"58","0","MARION","670","JOSHUA QUALLS","360","12TH CONGRESS","STEVENSON","902","11","DEMOCRATIC","10"
"58","0","MARION","665","HOMER ""CHIP"" MARKEL","360","12TH CONGRESS","STEVENSON","902","11","DEMOCRATIC","6"
"88","0","ST. CLAIR","670","JOSHUA QUALLS","360","12TH CONGRESS","CASEYVILLE 21","1003","11","DEMOCRATIC","24"
"88","0","ST. CLAIR","665","HOMER ""CHIP"" MARKEL","360","12TH CONGRESS","ENGELMANN 1","547","11","DEMOCRATIC","6"
"88","0","ST. CLAIR","670","JOSHUA QUALLS","360","12TH CONGRESS","ENGELMANN 1","547","11","DEMOCRATIC","6"
"88","0","ST. CLAIR","665","HOMER ""CHIP"" MARKEL","360","12TH CONGRESS","LEBANON 3","462","11","DEMOCRATIC","4"
"88","0","ST. CLAIR","670","JOSHUA QUALLS","360","12TH CONGRESS","LEBANON 3","462","11","DEMOCRATIC","2"
"88","0","ST. CLAIR","665","HOMER ""CHIP"" MARKEL","360","12TH CONGRESS","MILLSTADT 1","1195","11","DEMOCRATIC","53"
"88","0","ST. CLAIR","670","JOSHUA QUALLS","360","12TH CONGRESS","MILLSTADT 1","1195","11","DEMOCRATIC","47"
"88","0","ST. CLAIR","665","HOMER ""CHIP"" MARKEL","360","12TH CONGRESS","MILLSTADT 4","890","11","DEMOCRATIC","39"
"88","0","ST. CLAIR","670","JOSHUA QUALLS","360","12TH CONGRESS","MILLSTADT 4","890","11","DEMOCRATIC","41"
"88","0","ST. CLAIR","665","HOMER ""CHIP"" MARKEL","360","12TH CONGRESS","O FALLON 7","1087","11","DEMOCRATIC","50"
"88","0","ST. CLAIR","670","JOSHUA QUALLS","360","12TH CONGRESS","O FALLON 7","1087","11","DEMOCRATIC","30"
"88","0","ST. CLAIR","665","HOMER ""CHIP"" MARKEL","360","12TH CONGRESS","O FALLON 13","1217","11","DEMOCRATIC","33"
"88","0","ST. CLAIR","670","JOSHUA QUALLS","360","12TH CONGRESS","O FALLON 13","1217","11","DEMOCRATIC","19"
"88","0","ST. CLAIR","665","HOMER ""CHIP"" MARKEL","360","12TH CONGRESS","O FALLON 16","1414","11","DEMOCRATIC","38"
"88","0","ST. CLAIR","670","JOSHUA QUALLS","360","12TH CONGRESS","O FALLON 16","1414","11","DEMOCRATIC","29"
"88","0","ST. CLAIR","665","HOMER ""CHIP"" MARKEL","360","12TH CONGRESS","SMITHTON 2","788","11","DEMOCRATIC","23"
"88","0","ST. CLAIR","670","JOSHUA QUALLS","360","12TH CONGRESS","SMITHTON 2","788","11","DEMOCRATIC","14"
"88","0","ST. CLAIR","665","HOMER ""CHIP"" MARKEL","360","12TH CONGRESS","SUGAR LOAF 1","1238","11","DEMOCRATIC","24"
"88","0","ST. CLAIR","670","JOSHUA QUALLS","360","12TH CONGRESS","SUGAR LOAF 1","1238","11","DEMOCRATIC","21"
"58","0","MARION","670","JOSHUA QUALLS","360","12TH CONGRESS","CARRIGAN","295","11","DEMOCRATIC","1"
"58","0","MARION","665","HOMER ""CHIP"" MARKEL","360","12TH CONGRESS","CARRIGAN","295","11","DEMOCRATIC","2"
"58","0","MARION","670","JOSHUA QUALLS","360","12TH CONGRESS","ODIN","1038","11","DEMOCRATIC","19"
"58","0","MARION","665","HOMER ""CHIP"" MARKEL","360","12TH CONGRESS","ODIN","1038","11","DEMOCRATIC","12"
"58","0","MARION","670","JOSHUA QUALLS","360","12TH CONGRESS","SALEM 5","436","11","DEMOCRATIC","3"
"58","0","MARION","665","HOMER ""CHIP"" MARKEL","360","12TH CONGRESS","SALEM 5","436","11","DEMOCRATIC","5"
"58","0","MARION","670","JOSHUA QUALLS","360","12TH CONGRESS","SALEM 8","1214","11","DEMOCRATIC","11"
"58","0","MARION","665","HOMER ""CHIP"" MARKEL","360","12TH CONGRESS","SALEM 8","1214","11","DEMOCRATIC","11"
"58","0","MARION","670","JOSHUA QUALLS","360","12TH CONGRESS","SANDOVAL 1","804","11","DEMOCRATIC","27"
"58","0","MARION","665","HOMER ""CHIP"" MARKEL","360","12TH CONGRESS","SANDOVAL 1","804","11","DEMOCRATIC","18"
"58","0","MARION","0","Over Votes","360","12TH CONGRESS","","0","11","DEMOCRATIC","0"
"58","0","MARION","0","Under Votes","360","12TH CONGRESS","","0","11","DEMOCRATIC","44"
"61","0","MASSAC","0","Over Votes","360","12TH CONGRESS","GRANT - 014","1295","12","","0"
"61","0","MASSAC","660","MIKE BOST","360","12TH CONGRESS","GRANT - 014","1295","12","","245"
"61","0","MASSAC","0","Under Votes","360","12TH CONGRESS","JEFFERSON - 016","1222","12","","32"
"61","0","MASSAC","0","Over Votes","360","12TH CONGRESS","JEFFERSON - 016","1222","12","","0"
"61","0","MASSAC","660","MIKE BOST","360","12TH CONGRESS","JEFFERSON - 016","1222","12","","183"
"61","0","MASSAC","660","MIKE BOST","360","12TH CONGRESS","LOGAN - 12B","31","12","","9"
"61","0","MASSAC","0","Under Votes","360","12TH CONGRESS","LOGAN - 12B","31","12","","0"
"61","0","MASSAC","0","Over Votes","360","12TH CONGRESS","LOGAN - 12B","31","12","","0"
"61","0","MASSAC","0","Under Votes","360","12TH CONGRESS","LOGAN - F12","0","12","","0"
"61","0","MASSAC","0","Over Votes","360","12TH CONGRESS","LOGAN - F12","0","12","","0"
"61","0","MASSAC","660","MIKE BOST","360","12TH CONGRESS","LOGAN - F12","0","12","","0"
"61","0","MASSAC","0","Under Votes","360","12TH CONGRESS","BENTON - F12","0","12","","0"
"61","0","MASSAC","0","Over Votes","360","12TH CONGRESS","BENTON - F12","0","12","","0"
"61","0","MASSAC","660","MIKE BOST","360","12TH CONGRESS","BENTON - F12","0","12","","0"
"61","0","MASSAC","0","Under Votes","360","12TH CONGRESS","GEORGES CREEK - F12","0","12","","0"
"61","0","MASSAC","0","Over Votes","360","12TH CONGRESS","GEORGES CREEK - F12","0","12","","0"
"61","0","MASSAC","660","MIKE BOST","360","12TH CONGRESS","GEORGES CREEK - F12","0","12","","0"
"61","0","MASSAC","0","Under Votes","360","12TH CONGRESS","JACKSON - F12","0","12","","0"
"61","0","MASSAC","0","Over Votes","360","12TH CONGRESS","JACKSON - F12","0","12","","0"
"61","0","MASSAC","660","MIKE BOST","360","12TH CONGRESS","JACKSON - F12","0","12","","0"
"61","0","MASSAC","0","Over Votes","360","12TH CONGRESS","LINCOLN - 05","495","12","","0"
"61","0","MASSAC","660","MIKE BOST","360","12TH CONGRESS","LINCOLN - 05","495","12","","51"
"61","0","MASSAC","0","Under Votes","360","12TH CONGRESS","METROPOLIS 1 - 001","381","12","","10"
"61","0","MASSAC","0","Over Votes","360","12TH CONGRESS","METROPOLIS 1 - 001","381","12","","0"
"61","0","MASSAC","660","MIKE BOST","360","12TH CONGRESS","METROPOLIS 1 - 001","381","12","","34"
"61","0","MASSAC","0","Under Votes","360","12TH CONGRESS","LOGAN - 012","272","12","","13"
"61","0","MASSAC","0","Over Votes","360","12TH CONGRESS","LOGAN - 012","272","12","","0"
"61","0","MASSAC","660","MIKE BOST","360","12TH CONGRESS","LOGAN - 012","272","12","","48"
"61","0","MASSAC","0","Under Votes","360","12TH CONGRESS","METROPOLIS 2 - 002","335","12","","10"
"61","0","MASSAC","0","Over Votes","360","12TH CONGRESS","METROPOLIS 2 - 002","335","12","","0"
"61","0","MASSAC","660","MIKE BOST","360","12TH CONGRESS","METROPOLIS 2 - 002","335","12","","59"
"61","0","MASSAC","0","Under Votes","360","12TH CONGRESS","WASHINGTON - 009","743","12","","56"
"61","0","MASSAC","0","Over Votes","360","12TH CONGRESS","WASHINGTON - 009","743","12","","0"
"96","0","WAYNE","0","Under Votes","360","12TH CONGRESS","MT. ERIE","0","11","DEMOCRATIC","1"
"96","0","WAYNE","0","Over Votes","360","12TH CONGRESS","MT. ERIE","0","11","DEMOCRATIC","0"
"96","0","WAYNE","670","JOSHUA QUALLS","360","12TH CONGRESS","RIDER","0","11","DEMOCRATIC","3"
"96","0","WAYNE","0","Under Votes","360","12TH CONGRESS","RIDER","0","11","DEMOCRATIC","2"
"96","0","WAYNE","0","Over Votes","360","12TH CONGRESS","RIDER","0","11","DEMOCRATIC","0"
"96","0","WAYNE","665","HOMER ""CHIP"" MARKEL","360","12TH CONGRESS","RIDER","0","11","DEMOCRATIC","6"
"96","0","WAYNE","670","JOSHUA QUALLS","360","12TH CONGRESS","FAIRFIELD 1","0","11","DEMOCRATIC","1"
"96","0","WAYNE","0","Under Votes","360","12TH CONGRESS","FAIRFIELD 1","0","11","DEMOCRATIC","0"
"96","0","WAYNE","0","Over Votes","360","12TH CONGRESS","FAIRFIELD 1","0","11","DEMOCRATIC","0"
"96","0","WAYNE","665","HOMER ""CHIP"" MARKEL","360","12TH CONGRESS","FAIRFIELD 1","0","11","DEMOCRATIC","3"
"96","0","WAYNE","670","JOSHUA QUALLS","360","12TH CONGRESS","FAIRFIELD 2","0","11","DEMOCRATIC","5"
"96","0","WAYNE","0","Under Votes","360","12TH CONGRESS","FAIRFIELD 2","0","11","DEMOCRATIC","1"
"96","0","WAYNE","670","JOSHUA QUALLS","360","12TH CONGRESS","HICKORY HILL","0","11","DEMOCRATIC","4"
"96","0","WAYNE","0","Under Votes","360","12TH CONGRESS","HICKORY HILL","0","11","DEMOCRATIC","0"
"96","0","WAYNE","0","Over Votes","360","12TH CONGRESS","HICKORY HILL","0","11","DEMOCRATIC","0"
"96","0","WAYNE","665","HOMER ""CHIP"" MARKEL","360","12TH CONGRESS","HICKORY HILL","0","11","DEMOCRATIC","1"
"96","0","WAYNE","670","JOSHUA QUALLS","360","12TH CONGRESS","INDIAN PRAIRIE","0","11","DEMOCRATIC","5"
"96","0","WAYNE","0","Under Votes","360","12TH CONGRESS","INDIAN PRAIRIE","0","11","DEMOCRATIC","1"
"96","0","WAYNE","0","Over Votes","360","12TH CONGRESS","INDIAN PRAIRIE","0","11","DEMOCRATIC","0"
"96","0","WAYNE","665","HOMER ""CHIP"" MARKEL","360","12TH CONGRESS","INDIAN PRAIRIE","0","11","DEMOCRATIC","1"
"96","0","WAYNE","665","HOMER ""CHIP"" MARKEL","360","12TH CONGRESS","JASPER 1","0","11","DEMOCRATIC","6"
"96","0","WAYNE","670","JOSHUA QUALLS","360","12TH CONGRESS","JASPER 1","0","11","DEMOCRATIC","4"
"96","0","WAYNE","0","Over Votes","360","12TH CONGRESS","JASPER 1","0","11","DEMOCRATIC","0"
"96","0","WAYNE","0","Under Votes","360","12TH CONGRESS","JASPER 1","0","11","DEMOCRATIC","0"
"96","0","WAYNE","665","HOMER ""CHIP"" MARKEL","360","12TH CONGRESS","JASPER 2","0","11","DEMOCRATIC","0"
"96","0","WAYNE","670","JOSHUA QUALLS","360","12TH CONGRESS","JASPER 2","0","11","DEMOCRATIC","5"
"96","0","WAYNE","0","Under Votes","360","12TH CONGRESS","JASPER 2","0","11","DEMOCRATIC","2"
"96","0","WAYNE","0","Over Votes","360","12TH CONGRESS","JASPER 2","0","11","DEMOCRATIC","0"
"96","0","WAYNE","665","HOMER ""CHIP"" MARKEL","360","12TH CONGRESS","ORCHARD","0","11","DEMOCRATIC","2"
"96","0","WAYNE","670","JOSHUA QUALLS","360","12TH CONGRESS","ORCHARD","0","11","DEMOCRATIC","3"
"96","0","WAYNE","0","Under Votes","360","12TH CONGRESS","ORCHARD","0","11","DEMOCRATIC","2"
"96","0","WAYNE","0","Over Votes","360","12TH CONGRESS","ORCHARD","0","11","DEMOCRATIC","0"
"96","0","WAYNE","665","HOMER ""CHIP"" MARKEL","360","12TH CONGRESS","OREL","0","11","DEMOCRATIC","11"
"96","0","WAYNE","670","JOSHUA QUALLS","360","12TH CONGRESS","OREL","0","11","DEMOCRATIC","13"
"96","0","WAYNE","0","Under Votes","360","12TH CONGRESS","OREL","0","11","DEMOCRATIC","5"
"96","0","WAYNE","0","Over Votes","360","12TH CONGRESS","OREL","0","11","DEMOCRATIC","0"
"96","0","WAYNE","665","HOMER ""CHIP"" MARKEL","360","12TH CONGRESS","ZIF","0","11","DEMOCRATIC","0"
"96","0","WAYNE","670","JOSHUA QUALLS","360","12TH CONGRESS","ZIF","0","11","DEMOCRATIC","0"
"96","0","WAYNE","0","Under Votes","360","12TH CONGRESS","ZIF","0","11","DEMOCRATIC","1"
"96","0","WAYNE","0","Over Votes","360","12TH CONGRESS","ZIF","0","11","DEMOCRATIC","0"
"96","0","WAYNE","0","Over Votes","360","12TH CONGRESS","FAIRFIELD 2","0","11","DEMOCRATIC","0"
"96","0","WAYNE","665","HOMER ""CHIP"" MARKEL","360","12TH CONGRESS","FAIRFIELD 2","0","11","DEMOCRATIC","4"
"96","0","WAYNE","670","JOSHUA QUALLS","360","12TH CONGRESS","MERRIAM","0","11","DEMOCRATIC","1"
"61","0","MASSAC","660","MIKE BOST","360","12TH CONGRESS","WASHINGTON - 009","743","12","","156"
"61","0","MASSAC","660","MIKE BOST","360","12TH CONGRESS","METROPOLIS 4 - 004","422","12","","23"
"61","0","MASSAC","0","Under Votes","360","12TH CONGRESS","METROPOLIS 4 - 004","422","12","","8"
"61","0","MASSAC","0","Over Votes","360","12TH CONGRESS","METROPOLIS 4 - 004","422","12","","0"
"61","0","MASSAC","660","MIKE BOST","360","12TH CONGRESS","ADKINS - F12","0","12","","0"
"61","0","MASSAC","0","Under Votes","360","12TH CONGRESS","ADKINS - F12","0","12","","0"
"61","0","MASSAC","0","Over Votes","360","12TH CONGRESS","ADKINS - F12","0","12","","0"
"61","0","MASSAC","0","Under Votes","360","12TH CONGRESS","FRANKLIN - F12","0","12","","0"
"61","0","MASSAC","0","Over Votes","360","12TH CONGRESS","FRANKLIN - F12","0","12","","0"
"61","0","MASSAC","660","MIKE BOST","360","12TH CONGRESS","FRANKLIN - F12","0","12","","0"
"61","0","MASSAC","660","MIKE BOST","360","12TH CONGRESS","HILLERMAN - F12","0","12","","0"
"61","0","MASSAC","0","Under Votes","360","12TH CONGRESS","HILLERMAN - F12","0","12","","0"
"61","0","MASSAC","0","Over Votes","360","12TH CONGRESS","HILLERMAN - F12","0","12","","0"
"61","0","MASSAC","660","MIKE BOST","360","12TH CONGRESS","METROPOLIS 2 - F12","0","12","","0"
"61","0","MASSAC","0","Under Votes","360","12TH CONGRESS","METROPOLIS 2 - F12","0","12","","0"
"61","0","MASSAC","0","Over Votes","360","12TH CONGRESS","METROPOLIS 2 - F12","0","12","","0"
"61","0","MASSAC","660","MIKE BOST","360","12TH CONGRESS","WASHINGTON - F12","0","12","","0"
"61","0","MASSAC","0","Under Votes","360","12TH CONGRESS","WASHINGTON - F12","0","12","","0"
"61","0","MASSAC","0","Over Votes","360","12TH CONGRESS","WASHINGTON - F12","0","12","","0"
"61","0","MASSAC","660","MIKE BOST","360","12TH CONGRESS","BENTON - 010","435","12","","110"
"61","0","MASSAC","0","Under Votes","360","12TH CONGRESS","BENTON - 010","435","12","","22"
"61","0","MASSAC","0","Over Votes","360","12TH CONGRESS","BENTON - 010","435","12","","0"
"61","0","MASSAC","660","MIKE BOST","360","12TH CONGRESS","GEORGES CREEK - 011","244","12","","68"
"61","0","MASSAC","0","Under Votes","360","12TH CONGRESS","GEORGES CREEK - 011","244","12","","14"
"61","0","MASSAC","0","Over Votes","360","12TH CONGRESS","GEORGES CREEK - 011","244","12","","0"
"61","0","MASSAC","660","MIKE BOST","360","12TH CONGRESS","JACKSON - 008","540","12","","81"
"61","0","MASSAC","0","Under Votes","360","12TH CONGRESS","JACKSON - 008","540","12","","22"
"61","0","MASSAC","0","Over Votes","360","12TH CONGRESS","JACKSON - 008","540","12","","0"
"61","0","MASSAC","660","MIKE BOST","360","12TH CONGRESS","LINCOLN - F12","0","12","","0"
"61","0","MASSAC","0","Under Votes","360","12TH CONGRESS","LINCOLN - F12","0","12","","0"
"61","0","MASSAC","0","Over Votes","360","12TH CONGRESS","LINCOLN - F12","0","12","","0"
"61","0","MASSAC","660","MIKE BOST","360","12TH CONGRESS","METROPOLIS 1 - F12","0","12","","0"
"61","0","MASSAC","0","Under Votes","360","12TH CONGRESS","METROPOLIS 1 - F12","0","12","","0"
"61","0","MASSAC","0","Over Votes","360","12TH CONGRESS","METROPOLIS 1 - F12","0","12","","0"
"61","0","MASSAC","0","Under Votes","360","12TH CONGRESS","METROPOLIS 4 - F12","0","12","","0"
"61","0","MASSAC","0","Over Votes","360","12TH CONGRESS","METROPOLIS 4 - F12","0","12","","0"
"61","0","MASSAC","660","MIKE BOST","360","12TH CONGRESS","METROPOLIS 4 - F12","0","12","","0"
"61","0","MASSAC","0","Under Votes","360","12TH CONGRESS","ADKINS - 017","966","12","","48"
"61","0","MASSAC","0","Over Votes","360","12TH CONGRESS","ADKINS - 017","966","12","","0"
"61","0","MASSAC","660","MIKE BOST","360","12TH CONGRESS","ADKINS - 017","966","12","","172"
"61","0","MASSAC","0","Under Votes","360","12TH CONGRESS","FRANKLIN - 015","671","12","","21"
"61","0","MASSAC","0","Over Votes","360","12TH CONGRESS","FRANKLIN - 015","671","12","","0"
"61","0","MASSAC","660","MIKE BOST","360","12TH CONGRESS","FRANKLIN - 015","671","12","","90"
"61","0","MASSAC","0","Under Votes","360","12TH CONGRESS","GRANT - F12","0","12","","0"
"61","0","MASSAC","0","Over Votes","360","12TH CONGRESS","GRANT - F12","0","12","","0"
"61","0","MASSAC","660","MIKE BOST","360","12TH CONGRESS","GRANT - F12","0","12","","0"
"96","0","WAYNE","0","Under Votes","360","12TH CONGRESS","MERRIAM","0","11","DEMOCRATIC","0"
"96","0","WAYNE","0","Over Votes","360","12TH CONGRESS","MERRIAM","0","11","DEMOCRATIC","0"
"96","0","WAYNE","665","HOMER ""CHIP"" MARKEL","360","12TH CONGRESS","MERRIAM","0","11","DEMOCRATIC","0"
"73","0","PERRY","670","JOSHUA QUALLS","360","12TH CONGRESS","DUQUOIN 2","323","11","DEMOCRATIC","4"
"73","0","PERRY","665","HOMER ""CHIP"" MARKEL","360","12TH CONGRESS","DUQUOIN 2","323","11","DEMOCRATIC","4"
"73","0","PERRY","0","Blank Ballots","360","12TH CONGRESS","DUQUOIN 2","323","11","DEMOCRATIC","1"
"73","0","PERRY","0","Under Votes","360","12TH CONGRESS","DUQUOIN 2","323","11","DEMOCRATIC","0"
"73","0","PERRY","0","Over Votes","360","12TH CONGRESS","DUQUOIN 2","323","11","DEMOCRATIC","0"
"73","0","PERRY","0","Blank Ballots","360","12TH CONGRESS","DUQUOIN 11","584","11","DEMOCRATIC","3"
"73","0","PERRY","0","Under Votes","360","12TH CONGRESS","DUQUOIN 11","584","11","DEMOCRATIC","0"
"73","0","PERRY","0","Over Votes","360","12TH CONGRESS","DUQUOIN 11","584","11","DEMOCRATIC","0"
"73","0","PERRY","670","JOSHUA QUALLS","360","12TH CONGRESS","DUQUOIN 11","584","11","DEMOCRATIC","7"
"73","0","PERRY","665","HOMER ""CHIP"" MARKEL","360","12TH CONGRESS","DUQUOIN 11","584","11","DEMOCRATIC","14"
"73","0","PERRY","0","Blank Ballots","360","12TH CONGRESS","PINCKNEYVILLE 8","771","11","DEMOCRATIC","2"
"73","0","PERRY","0","Under Votes","360","12TH CONGRESS","PINCKNEYVILLE 8","771","11","DEMOCRATIC","0"
"73","0","PERRY","0","Over Votes","360","12TH CONGRESS","PINCKNEYVILLE 8","771","11","DEMOCRATIC","0"
"73","0","PERRY","670","JOSHUA QUALLS","360","12TH CONGRESS","PINCKNEYVILLE 8","771","11","DEMOCRATIC","1"
"73","0","PERRY","665","HOMER ""CHIP"" MARKEL","360","12TH CONGRESS","PINCKNEYVILLE 8","771","11","DEMOCRATIC","13"
"73","0","PERRY","0","Under Votes","360","12TH CONGRESS","PINCKNEYVILLE 4","441","11","DEMOCRATIC","0"
"73","0","PERRY","0","Over Votes","360","12TH CONGRESS","PINCKNEYVILLE 4","441","11","DEMOCRATIC","0"
"73","0","PERRY","670","JOSHUA QUALLS","360","12TH CONGRESS","PINCKNEYVILLE 4","441","11","DEMOCRATIC","5"
"73","0","PERRY","665","HOMER ""CHIP"" MARKEL","360","12TH CONGRESS","PINCKNEYVILLE 4","441","11","DEMOCRATIC","9"
"73","0","PERRY","0","Blank Ballots","360","12TH CONGRESS","PINCKNEYVILLE 6","451","11","DEMOCRATIC","3"
"73","0","PERRY","0","Over Votes","360","12TH CONGRESS","PINCKNEYVILLE 6","451","11","DEMOCRATIC","0"
"73","0","PERRY","670","JOSHUA QUALLS","360","12TH CONGRESS","PINCKNEYVILLE 6","451","11","DEMOCRATIC","6"
"73","0","PERRY","0","Under Votes","360","12TH CONGRESS","PINCKNEYVILLE 6","451","11","DEMOCRATIC","0"
"73","0","PERRY","665","HOMER ""CHIP"" MARKEL","360","12TH CONGRESS","PINCKNEYVILLE 6","451","11","DEMOCRATIC","15"
"73","0","PERRY","0","Blank Ballots","360","12TH CONGRESS","WILLISVILLE","592","11","DEMOCRATIC","0"
"73","0","PERRY","0","Under Votes","360","12TH CONGRESS","WILLISVILLE","592","11","DEMOCRATIC","0"
"73","0","PERRY","0","Over Votes","360","12TH CONGRESS","WILLISVILLE","592","11","DEMOCRATIC","0"
"73","0","PERRY","670","JOSHUA QUALLS","360","12TH CONGRESS","WILLISVILLE","592","11","DEMOCRATIC","7"
"73","0","PERRY","665","HOMER ""CHIP"" MARKEL","360","12TH CONGRESS","WILLISVILLE","592","11","DEMOCRATIC","22"
"73","0","PERRY","0","Under Votes","360","12TH CONGRESS","PINCKNEYVILLE 2","554","11","DEMOCRATIC","0"
"73","0","PERRY","0","Over Votes","360","12TH CONGRESS","PINCKNEYVILLE 2","554","11","DEMOCRATIC","0"
"73","0","PERRY","670","JOSHUA QUALLS","360","12TH CONGRESS","PINCKNEYVILLE 2","554","11","DEMOCRATIC","2"
"73","0","PERRY","665","HOMER ""CHIP"" MARKEL","360","12TH CONGRESS","TAMAROA 1","538","11","DEMOCRATIC","3"
"73","0","PERRY","0","Blank Ballots","360","12TH CONGRESS","TAMAROA 1","538","11","DEMOCRATIC","0"
"73","0","PERRY","0","Under Votes","360","12TH CONGRESS","TAMAROA 1","538","11","DEMOCRATIC","0"
"73","0","PERRY","0","Over Votes","360","12TH CONGRESS","TAMAROA 1","538","11","DEMOCRATIC","0"
"73","0","PERRY","670","JOSHUA QUALLS","360","12TH CONGRESS","TAMAROA 1","538","11","DEMOCRATIC","1"
"73","0","PERRY","0","Blank Ballots","360","12TH CONGRESS","DUQUOIN 4","679","11","DEMOCRATIC","6"
"61","0","MASSAC","660","MIKE BOST","360","12TH CONGRESS","JEFFERSON - F12","0","12","","0"
"61","0","MASSAC","0","Under Votes","360","12TH CONGRESS","JEFFERSON - F12","0","12","","0"
"61","0","MASSAC","0","Over Votes","360","12TH CONGRESS","JEFFERSON - F12","0","12","","0"
"61","0","MASSAC","660","MIKE BOST","360","12TH CONGRESS","METROPOLIS 3 - 003","471","12","","74"
"61","0","MASSAC","0","Under Votes","360","12TH CONGRESS","METROPOLIS 3 - 003","471","12","","14"
"61","0","MASSAC","0","Over Votes","360","12TH CONGRESS","METROPOLIS 3 - 003","471","12","","0"
"61","0","MASSAC","660","MIKE BOST","360","12TH CONGRESS","WEST BROOKLYN - 006","540","12","","81"
"61","0","MASSAC","0","Under Votes","360","12TH CONGRESS","WEST BROOKLYN - 006","540","12","","24"
"61","0","MASSAC","0","Over Votes","360","12TH CONGRESS","WEST BROOKLYN - 006","540","12","","0"
"61","0","MASSAC","660","MIKE BOST","360","12TH CONGRESS","EAST BROOKLYN - F12","0","12","","0"
"61","0","MASSAC","0","Under Votes","360","12TH CONGRESS","EAST BROOKLYN - F12","0","12","","0"
"61","0","MASSAC","0","Over Votes","360","12TH CONGRESS","EAST BROOKLYN - F12","0","12","","0"
"61","0","MASSAC","0","Under Votes","360","12TH CONGRESS","METROPOLIS 3 - F12","0","12","","0"
"61","0","MASSAC","0","Over Votes","360","12TH CONGRESS","METROPOLIS 3 - F12","0","12","","0"
"61","0","MASSAC","660","MIKE BOST","360","12TH CONGRESS","METROPOLIS 3 - F12","0","12","","0"
"61","0","MASSAC","0","Under Votes","360","12TH CONGRESS","WEST BROOKLYN - F12","0","12","","0"
"61","0","MASSAC","0","Over Votes","360","12TH CONGRESS","WEST BROOKLYN - F12","0","12","","0"
"61","0","MASSAC","660","MIKE BOST","360","12TH CONGRESS","WEST BROOKLYN - F12","0","12","","0"
"61","0","MASSAC","0","Under Votes","360","12TH CONGRESS","EAST BROOKLYN - 007","692","12","","25"
"61","0","MASSAC","0","Over Votes","360","12TH CONGRESS","EAST BROOKLYN - 007","692","12","","0"
"61","0","MASSAC","660","MIKE BOST","360","12TH CONGRESS","EAST BROOKLYN - 007","692","12","","85"
"61","0","MASSAC","0","Under Votes","360","12TH CONGRESS","GRANT - 014","1295","12","","49"
"61","0","MASSAC","0","Under Votes","360","12TH CONGRESS","HILLERMAN - 013","592","12","","19"
"61","0","MASSAC","0","Over Votes","360","12TH CONGRESS","HILLERMAN - 013","592","12","","0"
"61","0","MASSAC","660","MIKE BOST","360","12TH CONGRESS","HILLERMAN - 013","592","12","","66"
"61","0","MASSAC","0","Under Votes","360","12TH CONGRESS","LINCOLN - 05","495","12","","18"
"73","0","PERRY","0","Under Votes","360","12TH CONGRESS","DUQUOIN 4","679","11","DEMOCRATIC","0"
"73","0","PERRY","0","Over Votes","360","12TH CONGRESS","DUQUOIN 4","679","11","DEMOCRATIC","0"
"73","0","PERRY","670","JOSHUA QUALLS","360","12TH CONGRESS","DUQUOIN 4","679","11","DEMOCRATIC","14"
"73","0","PERRY","665","HOMER ""CHIP"" MARKEL","360","12TH CONGRESS","PINCKNEYVILLE 1","454","11","DEMOCRATIC","12"
"73","0","PERRY","0","Blank Ballots","360","12TH CONGRESS","PINCKNEYVILLE 1","454","11","DEMOCRATIC","1"
"73","0","PERRY","0","Under Votes","360","12TH CONGRESS","PINCKNEYVILLE 1","454","11","DEMOCRATIC","0"
"73","0","PERRY","0","Over Votes","360","12TH CONGRESS","PINCKNEYVILLE 1","454","11","DEMOCRATIC","0"
"73","0","PERRY","670","JOSHUA QUALLS","360","12TH CONGRESS","PINCKNEYVILLE 1","454","11","DEMOCRATIC","3"
"73","0","PERRY","665","HOMER ""CHIP"" MARKEL","360","12TH CONGRESS","SWANWICK","617","11","DEMOCRATIC","5"
"73","0","PERRY","0","Blank Ballots","360","12TH CONGRESS","SWANWICK","617","11","DEMOCRATIC","2"
"73","0","PERRY","0","Under Votes","360","12TH CONGRESS","SWANWICK","617","11","DEMOCRATIC","0"
"73","0","PERRY","0","Over Votes","360","12TH CONGRESS","SWANWICK","617","11","DEMOCRATIC","0"
"73","0","PERRY","670","JOSHUA QUALLS","360","12TH CONGRESS","SWANWICK","617","11","DEMOCRATIC","10"
"73","0","PERRY","670","JOSHUA QUALLS","360","12TH CONGRESS","SUNFIELD","882","11","DEMOCRATIC","17"
"73","0","PERRY","0","Blank Ballots","360","12TH CONGRESS","DUQUOIN 8","530","11","DEMOCRATIC","4"
"73","0","PERRY","0","Over Votes","360","12TH CONGRESS","DUQUOIN 8","530","11","DEMOCRATIC","0"
"73","0","PERRY","670","JOSHUA QUALLS","360","12TH CONGRESS","DUQUOIN 8","530","11","DEMOCRATIC","11"
"73","0","PERRY","0","Under Votes","360","12TH CONGRESS","DUQUOIN 8","530","11","DEMOCRATIC","0"
"73","0","PERRY","665","HOMER ""CHIP"" MARKEL","360","12TH CONGRESS","PINCKNEYVILLE 5","554","11","DEMOCRATIC","12"
"73","0","PERRY","0","Blank Ballots","360","12TH CONGRESS","PINCKNEYVILLE 5","554","11","DEMOCRATIC","0"
"73","0","PERRY","0","Over Votes","360","12TH CONGRESS","PINCKNEYVILLE 5","554","11","DEMOCRATIC","0"
"73","0","PERRY","670","JOSHUA QUALLS","360","12TH CONGRESS","PINCKNEYVILLE 5","554","11","DEMOCRATIC","5"
"73","0","PERRY","0","Under Votes","360","12TH CONGRESS","PINCKNEYVILLE 5","554","11","DEMOCRATIC","0"
"73","0","PERRY","665","HOMER ""CHIP"" MARKEL","360","12TH CONGRESS","BEAUCOUP","623","11","DEMOCRATIC","11"
"73","0","PERRY","0","Blank Ballots","360","12TH CONGRESS","BEAUCOUP","623","11","DEMOCRATIC","4"
"73","0","PERRY","0","Over Votes","360","12TH CONGRESS","BEAUCOUP","623","11","DEMOCRATIC","0"
"73","0","PERRY","670","JOSHUA QUALLS","360","12TH CONGRESS","BEAUCOUP","623","11","DEMOCRATIC","7"
"73","0","PERRY","0","Under Votes","360","12TH CONGRESS","BEAUCOUP","623","11","DEMOCRATIC","0"
"73","0","PERRY","665","HOMER ""CHIP"" MARKEL","360","12TH CONGRESS","DUQUOIN 8","530","11","DEMOCRATIC","20"
"73","0","PERRY","665","HOMER ""CHIP"" MARKEL","360","12TH CONGRESS","DUQUOIN 5","502","11","DEMOCRATIC","10"
"73","0","PERRY","0","Blank Ballots","360","12TH CONGRESS","DUQUOIN 5","502","11","DEMOCRATIC","1"
"73","0","PERRY","0","Under Votes","360","12TH CONGRESS","DUQUOIN 5","502","11","DEMOCRATIC","0"
"73","0","PERRY","0","Over Votes","360","12TH CONGRESS","DUQUOIN 5","502","11","DEMOCRATIC","0"
"73","0","PERRY","670","JOSHUA QUALLS","360","12TH CONGRESS","DUQUOIN 5","502","11","DEMOCRATIC","4"
"73","0","PERRY","0","Blank Ballots","360","12TH CONGRESS","DUQUOIN 7","495","11","DEMOCRATIC","4"
"73","0","PERRY","0","Under Votes","360","12TH CONGRESS","DUQUOIN 7","495","11","DEMOCRATIC","0"
"73","0","PERRY","0","Over Votes","360","12TH CONGRESS","DUQUOIN 7","495","11","DEMOCRATIC","0"
"73","0","PERRY","670","JOSHUA QUALLS","360","12TH CONGRESS","DUQUOIN 7","495","11","DEMOCRATIC","3"
"73","0","PERRY","665","HOMER ""CHIP"" MARKEL","360","12TH CONGRESS","DUQUOIN 7","495","11","DEMOCRATIC","13"
"73","0","PERRY","665","HOMER ""CHIP"" MARKEL","360","12TH CONGRESS","PINCKNEYVILLE 2","554","11","DEMOCRATIC","10"
"73","0","PERRY","0","Blank Ballots","360","12TH CONGRESS","PINCKNEYVILLE 2","554","11","DEMOCRATIC","2"
"73","0","PERRY","665","HOMER ""CHIP"" MARKEL","360","12TH CONGRESS","DUQUOIN 3","458","11","DEMOCRATIC","14"
"73","0","PERRY","0","Blank Ballots","360","12TH CONGRESS","DUQUOIN 3","458","11","DEMOCRATIC","0"
"73","0","PERRY","0","Under Votes","360","12TH CONGRESS","DUQUOIN 3","458","11","DEMOCRATIC","0"
"73","0","PERRY","0","Over Votes","360","12TH CONGRESS","DUQUOIN 3","458","11","DEMOCRATIC","0"
"73","0","PERRY","670","JOSHUA QUALLS","360","12TH CONGRESS","DUQUOIN 3","458","11","DEMOCRATIC","2"
"73","0","PERRY","665","HOMER ""CHIP"" MARKEL","360","12TH CONGRESS","DUQUOIN 12","410","11","DEMOCRATIC","18"
"73","0","PERRY","0","Blank Ballots","360","12TH CONGRESS","DUQUOIN 12","410","11","DEMOCRATIC","1"
"73","0","PERRY","0","Under Votes","360","12TH CONGRESS","DUQUOIN 12","410","11","DEMOCRATIC","0"
"73","0","PERRY","0","Over Votes","360","12TH CONGRESS","DUQUOIN 12","410","11","DEMOCRATIC","0"
"73","0","PERRY","670","JOSHUA QUALLS","360","12TH CONGRESS","DUQUOIN 12","410","11","DEMOCRATIC","7"
"73","0","PERRY","665","HOMER ""CHIP"" MARKEL","360","12TH CONGRESS","SUNFIELD","882","11","DEMOCRATIC","18"
"73","0","PERRY","0","Blank Ballots","360","12TH CONGRESS","SUNFIELD","882","11","DEMOCRATIC","2"
"73","0","PERRY","0","Under Votes","360","12TH CONGRESS","SUNFIELD","882","11","DEMOCRATIC","0"
"73","0","PERRY","0","Over Votes","360","12TH CONGRESS","SUNFIELD","882","11","DEMOCRATIC","0"
"73","0","PERRY","665","HOMER ""CHIP"" MARKEL","360","12TH CONGRESS","DUQUOIN 4","679","11","DEMOCRATIC","22"
"73","0","PERRY","0","Over Votes","360","12TH CONGRESS","DUQUOIN 1","433","11","DEMOCRATIC","0"
"73","0","PERRY","670","JOSHUA QUALLS","360","12TH CONGRESS","DUQUOIN 1","433","11","DEMOCRATIC","6"
"73","0","PERRY","665","HOMER ""CHIP"" MARKEL","360","12TH CONGRESS","DUQUOIN 1","433","11","DEMOCRATIC","11"
"73","0","PERRY","0","Blank Ballots","360","12TH CONGRESS","DUQUOIN 1","433","11","DEMOCRATIC","0"
"73","0","PERRY","0","Under Votes","360","12TH CONGRESS","DUQUOIN 1","433","11","DEMOCRATIC","0"
"73","0","PERRY","665","HOMER ""CHIP"" MARKEL","360","12TH CONGRESS","DUQUOIN 10","690","11","DEMOCRATIC","19"
"73","0","PERRY","0","Blank Ballots","360","12TH CONGRESS","DUQUOIN 10","690","11","DEMOCRATIC","9"
"73","0","PERRY","0","Under Votes","360","12TH CONGRESS","DUQUOIN 10","690","11","DEMOCRATIC","0"
"73","0","PERRY","0","Over Votes","360","12TH CONGRESS","DUQUOIN 10","690","11","DEMOCRATIC","0"
"73","0","PERRY","670","JOSHUA QUALLS","360","12TH CONGRESS","DUQUOIN 10","690","11","DEMOCRATIC","12"
"73","0","PERRY","665","HOMER ""CHIP"" MARKEL","360","12TH CONGRESS","PINCKNEYVILLE 7","556","11","DEMOCRATIC","7"
"73","0","PERRY","0","Blank Ballots","360","12TH CONGRESS","PINCKNEYVILLE 7","556","11","DEMOCRATIC","1"
"73","0","PERRY","0","Under Votes","360","12TH CONGRESS","PINCKNEYVILLE 7","556","11","DEMOCRATIC","0"
"73","0","PERRY","0","Over Votes","360","12TH CONGRESS","PINCKNEYVILLE 7","556","11","DEMOCRATIC","0"
"73","0","PERRY","670","JOSHUA QUALLS","360","12TH CONGRESS","PINCKNEYVILLE 7","556","11","DEMOCRATIC","6"
"73","0","PERRY","665","HOMER ""CHIP"" MARKEL","360","12TH CONGRESS","DUQUOIN 6","367","11","DEMOCRATIC","7"
"73","0","PERRY","0","Blank Ballots","360","12TH CONGRESS","DUQUOIN 6","367","11","DEMOCRATIC","2"
"73","0","PERRY","0","Over Votes","360","12TH CONGRESS","DUQUOIN 6","367","11","DEMOCRATIC","0"
"73","0","PERRY","670","JOSHUA QUALLS","360","12TH CONGRESS","DUQUOIN 6","367","11","DEMOCRATIC","5"
"73","0","PERRY","0","Under Votes","360","12TH CONGRESS","DUQUOIN 6","367","11","DEMOCRATIC","0"
"73","0","PERRY","665","HOMER ""CHIP"" MARKEL","360","12TH CONGRESS","PINCKNEYVILLE 3","658","11","DEMOCRATIC","14"
"73","0","PERRY","0","Blank Ballots","360","12TH CONGRESS","PINCKNEYVILLE 3","658","11","DEMOCRATIC","3"
"73","0","PERRY","0","Over Votes","360","12TH CONGRESS","PINCKNEYVILLE 3","658","11","DEMOCRATIC","0"
"73","0","PERRY","670","JOSHUA QUALLS","360","12TH CONGRESS","PINCKNEYVILLE 3","658","11","DEMOCRATIC","8"
"73","0","PERRY","0","Under Votes","360","12TH CONGRESS","PINCKNEYVILLE 3","658","11","DEMOCRATIC","0"
"73","0","PERRY","665","HOMER ""CHIP"" MARKEL","360","12TH CONGRESS","TAMAROA 2","601","11","DEMOCRATIC","8"
"73","0","PERRY","0","Blank Ballots","360","12TH CONGRESS","TAMAROA 2","601","11","DEMOCRATIC","1"
"73","0","PERRY","0","Under Votes","360","12TH CONGRESS","TAMAROA 2","601","11","DEMOCRATIC","0"
"73","0","PERRY","0","Over Votes","360","12TH CONGRESS","TAMAROA 2","601","11","DEMOCRATIC","0"
"73","0","PERRY","670","JOSHUA QUALLS","360","12TH CONGRESS","TAMAROA 2","601","11","DEMOCRATIC","3"
"73","0","PERRY","665","HOMER ""CHIP"" MARKEL","360","12TH CONGRESS","CUTLER","372","11","DEMOCRATIC","9"
"73","0","PERRY","0","Blank Ballots","360","12TH CONGRESS","CUTLER","372","11","DEMOCRATIC","2"
"73","0","PERRY","0","Over Votes","360","12TH CONGRESS","CUTLER","372","11","DEMOCRATIC","0"
"73","0","PERRY","670","JOSHUA QUALLS","360","12TH CONGRESS","CUTLER","372","11","DEMOCRATIC","2"
"73","0","PERRY","0","Under Votes","360","12TH CONGRESS","CUTLER","372","11","DEMOCRATIC","0"
"73","0","PERRY","0","Blank Ballots","360","12TH CONGRESS","DUQUOIN 9","530","11","DEMOCRATIC","4"
"73","0","PERRY","0","Over Votes","360","12TH CONGRESS","DUQUOIN 9","530","11","DEMOCRATIC","0"
"73","0","PERRY","670","JOSHUA QUALLS","360","12TH CONGRESS","DUQUOIN 9","530","11","DEMOCRATIC","9"
"73","0","PERRY","0","Under Votes","360","12TH CONGRESS","DUQUOIN 9","530","11","DEMOCRATIC","0"
"73","0","PERRY","665","HOMER ""CHIP"" MARKEL","360","12TH CONGRESS","DUQUOIN 9","530","11","DEMOCRATIC","8"
"73","0","PERRY","0","Blank Ballots","360","12TH CONGRESS","PINCKNEYVILLE 4","441","11","DEMOCRATIC","1"
"88","0","ST. CLAIR","660","MIKE BOST","360","12TH CONGRESS","BELLEVILLE 26","1777","12","REPUBLICAN","36"
"88","0","ST. CLAIR","660","MIKE BOST","360","12TH CONGRESS","FAYETTEVILLE 2","665","12","REPUBLICAN","97"
"88","0","ST. CLAIR","660","MIKE BOST","360","12TH CONGRESS","CASEYVILLE 1","1018","12","REPUBLICAN","86"
"88","0","ST. CLAIR","660","MIKE BOST","360","12TH CONGRESS","CASEYVILLE 21","1003","12","REPUBLICAN","84"
"88","0","ST. CLAIR","660","MIKE BOST","360","12TH CONGRESS","ENGELMANN 1","547","12","REPUBLICAN","155"
"88","0","ST. CLAIR","660","MIKE BOST","360","12TH CONGRESS","LEBANON 3","462","12","REPUBLICAN","93"
"88","0","ST. CLAIR","660","MIKE BOST","360","12TH CONGRESS","MILLSTADT 1","1195","12","REPUBLICAN","295"
"88","0","ST. CLAIR","660","MIKE BOST","360","12TH CONGRESS","MILLSTADT 4","890","12","REPUBLICAN","182"
"88","0","ST. CLAIR","660","MIKE BOST","360","12TH CONGRESS","O FALLON 7","1087","12","REPUBLICAN","130"
"88","0","ST. CLAIR","660","MIKE BOST","360","12TH CONGRESS","O FALLON 13","1217","12","REPUBLICAN","101"
"88","0","ST. CLAIR","660","MIKE BOST","360","12TH CONGRESS","O FALLON 16","1414","12","REPUBLICAN","133"
"88","0","ST. CLAIR","660","MIKE BOST","360","12TH CONGRESS","SMITHTON 2","788","12","REPUBLICAN","81"
"88","0","ST. CLAIR","660","MIKE BOST","360","12TH CONGRESS","SUGAR LOAF 1","1238","12","REPUBLICAN","165"
"88","0","ST. CLAIR","660","MIKE BOST","360","12TH CONGRESS","BELLEVILLE 35","1319","12","REPUBLICAN","172"
"88","0","ST. CLAIR","660","MIKE BOST","360","12TH CONGRESS","CASEYVILLE 12","2624","12","REPUBLICAN","141"
"88","0","ST. CLAIR","660","MIKE BOST","360","12TH CONGRESS","CASEYVILLE 18","2019","12","REPUBLICAN","135"
"88","0","ST. CLAIR","660","MIKE BOST","360","12TH CONGRESS","FREEBURG 1","1268","12","REPUBLICAN","185"
"88","0","ST. CLAIR","660","MIKE BOST","360","12TH CONGRESS","MASCOUTAH 2","1619","12","REPUBLICAN","202"
"88","0","ST. CLAIR","660","MIKE BOST","360","12TH CONGRESS","O FALLON 1","1001","12","REPUBLICAN","81"
"88","0","ST. CLAIR","660","MIKE BOST","360","12TH CONGRESS","O FALLON 4","563","12","REPUBLICAN","71"
"88","0","ST. CLAIR","660","MIKE BOST","360","12TH CONGRESS","SHILOH VALLEY 3","1124","12","REPUBLICAN","98"
"88","0","ST. CLAIR","660","MIKE BOST","360","12TH CONGRESS","STOOKEY 2","743","12","REPUBLICAN","1"
"88","0","ST. CLAIR","660","MIKE BOST","360","12TH CONGRESS","FREEBURG 2","11197","12","REPUBLICAN","154"
"88","0","ST. CLAIR","660","MIKE BOST","360","12TH CONGRESS","MARISSA 1","822","12","REPUBLICAN","111"
"88","0","ST. CLAIR","660","MIKE BOST","360","12TH CONGRESS","CASEYVILLE 17","850","12","REPUBLICAN","0"
"88","0","ST. CLAIR","660","MIKE BOST","360","12TH CONGRESS","LEBANON 2","740","12","REPUBLICAN","61"
"88","0","ST. CLAIR","660","MIKE BOST","360","12TH CONGRESS","MASCOUTAH 1","1212","12","REPUBLICAN","186"
"88","0","ST. CLAIR","660","MIKE BOST","360","12TH CONGRESS","MASCOUTAH 4","1283","12","REPUBLICAN","153"
"88","0","ST. CLAIR","660","MIKE BOST","360","12TH CONGRESS","O FALLON 3","715","12","REPUBLICAN","63"
"88","0","ST. CLAIR","660","MIKE BOST","360","12TH CONGRESS","O FALLON 6","800","12","REPUBLICAN","62"
"88","0","ST. CLAIR","660","MIKE BOST","360","12TH CONGRESS","O FALLON 9","1101","12","REPUBLICAN","110"
"88","0","ST. CLAIR","660","MIKE BOST","360","12TH CONGRESS","O FALLON 12","1333","12","REPUBLICAN","137"
"88","0","ST. CLAIR","660","MIKE BOST","360","12TH CONGRESS","PRAIRIE DU LONG 2","1304","12","REPUBLICAN","170"
"88","0","ST. CLAIR","660","MIKE BOST","360","12TH CONGRESS","SHILOH VALLEY 5","1401","12","REPUBLICAN","97"
"88","0","ST. CLAIR","660","MIKE BOST","360","12TH CONGRESS","SMITHTON 1","1282","12","REPUBLICAN","118"
"88","0","ST. CLAIR","660","MIKE BOST","360","12TH CONGRESS","STOOKEY 10","730","12","REPUBLICAN","69"
"88","0","ST. CLAIR","660","MIKE BOST","360","12TH CONGRESS","LENZBURG 1","643","12","REPUBLICAN","106"
"88","0","ST. CLAIR","660","MIKE BOST","360","12TH CONGRESS","MILLSTADT 3","586","12","REPUBLICAN","119"
"88","0","ST. CLAIR","660","MIKE BOST","360","12TH CONGRESS","NEW ATHENS 2","945","12","REPUBLICAN","150"
"88","0","ST. CLAIR","660","MIKE BOST","360","12TH CONGRESS","O FALLON 15","1300","12","REPUBLICAN","149"
"88","0","ST. CLAIR","660","MIKE BOST","360","12TH CONGRESS","O FALLON 18","761","12","REPUBLICAN","49"
"88","0","ST. CLAIR","660","MIKE BOST","360","12TH CONGRESS","CASEYVILLE 19","517","12","REPUBLICAN","1"
"88","0","ST. CLAIR","660","MIKE BOST","360","12TH CONGRESS","LEBANON 1","1548","12","REPUBLICAN","155"
"88","0","ST. CLAIR","660","MIKE BOST","360","12TH CONGRESS","MASCOUTAH 3","1913","12","REPUBLICAN","262"
"88","0","ST. CLAIR","660","MIKE BOST","360","12TH CONGRESS","O FALLON 2","1128","12","REPUBLICAN","1"
"88","0","ST. CLAIR","660","MIKE BOST","360","12TH CONGRESS","O FALLON 5","1023","12","REPUBLICAN","75"
"88","0","ST. CLAIR","660","MIKE BOST","360","12TH CONGRESS","O FALLON 8","1398","12","REPUBLICAN","151"
"88","0","ST. CLAIR","660","MIKE BOST","360","12TH CONGRESS","ST CLAIR 14","779","12","REPUBLICAN","1"
"88","0","ST. CLAIR","660","MIKE BOST","360","12TH CONGRESS","SHILOH VALLEY 1","1500","12","REPUBLICAN","128"
"88","0","ST. CLAIR","660","MIKE BOST","360","12TH CONGRESS","SHILOH VALLEY 4","742","12","REPUBLICAN","82"
"88","0","ST. CLAIR","660","MIKE BOST","360","12TH CONGRESS","STOOKEY 6","921","12","REPUBLICAN","82"
"88","0","ST. CLAIR","660","MIKE BOST","360","12TH CONGRESS","SUGAR LOAF 2","640","12","REPUBLICAN","0"
"88","0","ST. CLAIR","0","Under Votes","360","12TH CONGRESS","","0","12","REPUBLICAN","740"
"88","0","ST. CLAIR","0","Over Votes","360","12TH CONGRESS","","0","12","REPUBLICAN","0"
"88","0","ST. CLAIR","660","MIKE BOST","360","12TH CONGRESS","BELLEVILLE 22","1463","12","REPUBLICAN","7"
"88","0","ST. CLAIR","660","MIKE BOST","360","12TH CONGRESS","CASEYVILLE 5","1525","12","REPUBLICAN","0"
"88","0","ST. CLAIR","660","MIKE BOST","360","12TH CONGRESS","CASEYVILLE 25","1127","12","REPUBLICAN","0"
"88","0","ST. CLAIR","660","MIKE BOST","360","12TH CONGRESS","CENTREVILLE 15","602","12","REPUBLICAN","0"
"88","0","ST. CLAIR","660","MIKE BOST","360","12TH CONGRESS","FAYETTEVILLE 1","429","12","REPUBLICAN","62"
"88","0","ST. CLAIR","660","MIKE BOST","360","12TH CONGRESS","MILLSTADT 2","1499","12","REPUBLICAN","347"
"88","0","ST. CLAIR","660","MIKE BOST","360","12TH CONGRESS","MILLSTADT 5","1055","12","REPUBLICAN","276"
"88","0","ST. CLAIR","660","MIKE BOST","360","12TH CONGRESS","O FALLON 11","1215","12","REPUBLICAN","150"
"88","0","ST. CLAIR","660","MIKE BOST","360","12TH CONGRESS","O FALLON 14","823","12","REPUBLICAN","0"
"88","0","ST. CLAIR","660","MIKE BOST","360","12TH CONGRESS","PRAIRIE DU LONG 1","786","12","REPUBLICAN","109"
"88","0","ST. CLAIR","660","MIKE BOST","360","12TH CONGRESS","SMITHTON 3","1145","12","REPUBLICAN","154"
"88","0","ST. CLAIR","660","MIKE BOST","360","12TH CONGRESS","SUGAR LOAF 5","730","12","REPUBLICAN","0"
"88","0","ST. CLAIR","660","MIKE BOST","360","12TH CONGRESS","CASEYVILLE 11","728","12","REPUBLICAN","66"
"88","0","ST. CLAIR","660","MIKE BOST","360","12TH CONGRESS","FREEBURG 3","1210","12","REPUBLICAN","119"
"88","0","ST. CLAIR","660","MIKE BOST","360","12TH CONGRESS","MARISSA 2","740","12","REPUBLICAN","107"
"88","0","ST. CLAIR","660","MIKE BOST","360","12TH CONGRESS","NEW ATHENS 1","817","12","REPUBLICAN","74"
"88","0","ST. CLAIR","660","MIKE BOST","360","12TH CONGRESS","SHILOH VALLEY 2","1265","12","REPUBLICAN","61"
"88","0","ST. CLAIR","660","MIKE BOST","360","12TH CONGRESS","STOOKEY 1","1676","12","REPUBLICAN","381"
"61","0","MASSAC","0","Under Votes","360","12TH CONGRESS","LOGAN - 012","272","11","","3"
"61","0","MASSAC","0","Over Votes","360","12TH CONGRESS","LOGAN - 012","272","11","","0"
"61","0","MASSAC","670","JOSHUA QUALLS","360","12TH CONGRESS","LOGAN - 012","272","11","","1"
"61","0","MASSAC","665","HOMER ""CHIP"" MARKEL","360","12TH CONGRESS","LOGAN - 012","272","11","","0"
"61","0","MASSAC","0","Under Votes","360","12TH CONGRESS","METROPOLIS 2 - 002","335","11","","5"
"61","0","MASSAC","0","Over Votes","360","12TH CONGRESS","METROPOLIS 2 - 002","335","11","","0"
"61","0","MASSAC","670","JOSHUA QUALLS","360","12TH CONGRESS","METROPOLIS 2 - 002","335","11","","7"
"61","0","MASSAC","665","HOMER ""CHIP"" MARKEL","360","12TH CONGRESS","METROPOLIS 2 - 002","335","11","","6"
"61","0","MASSAC","0","Over Votes","360","12TH CONGRESS","WASHINGTON - 009","743","11","","0"
"61","0","MASSAC","670","JOSHUA QUALLS","360","12TH CONGRESS","WASHINGTON - 009","743","11","","6"
"61","0","MASSAC","665","HOMER ""CHIP"" MARKEL","360","12TH CONGRESS","WASHINGTON - 009","743","11","","8"
"61","0","MASSAC","0","Under Votes","360","12TH CONGRESS","WASHINGTON - 009","743","11","","3"
"61","0","MASSAC","0","Over Votes","360","12TH CONGRESS","METROPOLIS 2 - F12","0","11","","0"
"61","0","MASSAC","670","JOSHUA QUALLS","360","12TH CONGRESS","METROPOLIS 2 - F12","0","11","","0"
"61","0","MASSAC","665","HOMER ""CHIP"" MARKEL","360","12TH CONGRESS","METROPOLIS 2 - F12","0","11","","0"
"61","0","MASSAC","0","Under Votes","360","12TH CONGRESS","METROPOLIS 2 - F12","0","11","","0"
"61","0","MASSAC","0","Over Votes","360","12TH CONGRESS","WASHINGTON - F12","0","11","","0"
"61","0","MASSAC","670","JOSHUA QUALLS","360","12TH CONGRESS","WASHINGTON - F12","0","11","","0"
"61","0","MASSAC","665","HOMER ""CHIP"" MARKEL","360","12TH CONGRESS","WASHINGTON - F12","0","11","","0"
"61","0","MASSAC","0","Under Votes","360","12TH CONGRESS","WASHINGTON - F12","0","11","","0"
"61","0","MASSAC","665","HOMER ""CHIP"" MARKEL","360","12TH CONGRESS","BENTON - 010","435","11","","3"
"61","0","MASSAC","0","Under Votes","360","12TH CONGRESS","BENTON - 010","435","11","","3"
"61","0","MASSAC","0","Over Votes","360","12TH CONGRESS","BENTON - 010","435","11","","0"
"61","0","MASSAC","670","JOSHUA QUALLS","360","12TH CONGRESS","BENTON - 010","435","11","","1"
"61","0","MASSAC","0","Under Votes","360","12TH CONGRESS","GEORGES CREEK - 011","244","11","","0"
"61","0","MASSAC","0","Over Votes","360","12TH CONGRESS","GEORGES CREEK - 011","244","11","","0"
"61","0","MASSAC","670","JOSHUA QUALLS","360","12TH CONGRESS","GEORGES CREEK - 011","244","11","","1"
"61","0","MASSAC","665","HOMER ""CHIP"" MARKEL","360","12TH CONGRESS","GEORGES CREEK - 011","244","11","","0"
"61","0","MASSAC","670","JOSHUA QUALLS","360","12TH CONGRESS","JACKSON - 008","540","11","","10"
"61","0","MASSAC","665","HOMER ""CHIP"" MARKEL","360","12TH CONGRESS","JACKSON - 008","540","11","","6"
"61","0","MASSAC","0","Under Votes","360","12TH CONGRESS","JACKSON - 008","540","11","","1"
"61","0","MASSAC","0","Over Votes","360","12TH CONGRESS","JACKSON - 008","540","11","","0"
"61","0","MASSAC","0","Over Votes","360","12TH CONGRESS","LINCOLN - F12","0","11","","0"
"61","0","MASSAC","670","JOSHUA QUALLS","360","12TH CONGRESS","LINCOLN - F12","0","11","","0"
"61","0","MASSAC","665","HOMER ""CHIP"" MARKEL","360","12TH CONGRESS","LINCOLN - F12","0","11","","0"
"61","0","MASSAC","0","Under Votes","360","12TH CONGRESS","LINCOLN - F12","0","11","","0"
"61","0","MASSAC","0","Over Votes","360","12TH CONGRESS","METROPOLIS 4 - 004","422","11","","0"
"61","0","MASSAC","670","JOSHUA QUALLS","360","12TH CONGRESS","METROPOLIS 4 - 004","422","11","","6"
"61","0","MASSAC","665","HOMER ""CHIP"" MARKEL","360","12TH CONGRESS","METROPOLIS 4 - 004","422","11","","0"
"61","0","MASSAC","0","Under Votes","360","12TH CONGRESS","METROPOLIS 4 - 004","422","11","","0"
"61","0","MASSAC","0","Over Votes","360","12TH CONGRESS","ADKINS - F12","0","11","","0"
"61","0","MASSAC","670","JOSHUA QUALLS","360","12TH CONGRESS","ADKINS - F12","0","11","","0"
"61","0","MASSAC","665","HOMER ""CHIP"" MARKEL","360","12TH CONGRESS","ADKINS - F12","0","11","","0"
"61","0","MASSAC","0","Under Votes","360","12TH CONGRESS","ADKINS - F12","0","11","","0"
"61","0","MASSAC","0","Over Votes","360","12TH CONGRESS","FRANKLIN - F12","0","11","","0"
"61","0","MASSAC","670","JOSHUA QUALLS","360","12TH CONGRESS","FRANKLIN - F12","0","11","","0"
"61","0","MASSAC","665","HOMER ""CHIP"" MARKEL","360","12TH CONGRESS","FRANKLIN - F12","0","11","","0"
"61","0","MASSAC","0","Under Votes","360","12TH CONGRESS","FRANKLIN - F12","0","11","","0"
"61","0","MASSAC","0","Over Votes","360","12TH CONGRESS","HILLERMAN - F12","0","11","","0"
"61","0","MASSAC","670","JOSHUA QUALLS","360","12TH CONGRESS","HILLERMAN - F12","0","11","","0"
"61","0","MASSAC","665","HOMER ""CHIP"" MARKEL","360","12TH CONGRESS","HILLERMAN - F12","0","11","","0"
"61","0","MASSAC","0","Under Votes","360","12TH CONGRESS","HILLERMAN - F12","0","11","","0"
"61","0","MASSAC","0","Over Votes","360","12TH CONGRESS","METROPOLIS 3 - F12","0","11","","0"
"61","0","MASSAC","670","JOSHUA QUALLS","360","12TH CONGRESS","METROPOLIS 3 - F12","0","11","","0"
"61","0","MASSAC","665","HOMER ""CHIP"" MARKEL","360","12TH CONGRESS","METROPOLIS 3 - F12","0","11","","0"
"61","0","MASSAC","0","Under Votes","360","12TH CONGRESS","METROPOLIS 3 - F12","0","11","","0"
"61","0","MASSAC","0","Over Votes","360","12TH CONGRESS","WEST BROOKLYN - F12","0","11","","0"
"61","0","MASSAC","670","JOSHUA QUALLS","360","12TH CONGRESS","WEST BROOKLYN - F12","0","11","","0"
"61","0","MASSAC","665","HOMER ""CHIP"" MARKEL","360","12TH CONGRESS","WEST BROOKLYN - F12","0","11","","0"
"61","0","MASSAC","0","Under Votes","360","12TH CONGRESS","WEST BROOKLYN - F12","0","11","","0"
"61","0","MASSAC","0","Over Votes","360","12TH CONGRESS","EAST BROOKLYN - 007","692","11","","0"
"61","0","MASSAC","670","JOSHUA QUALLS","360","12TH CONGRESS","EAST BROOKLYN - 007","692","11","","10"
"61","0","MASSAC","665","HOMER ""CHIP"" MARKEL","360","12TH CONGRESS","EAST BROOKLYN - 007","692","11","","16"
"61","0","MASSAC","0","Under Votes","360","12TH CONGRESS","EAST BROOKLYN - 007","692","11","","1"
"61","0","MASSAC","0","Over Votes","360","12TH CONGRESS","GRANT - 014","1295","11","","0"
"61","0","MASSAC","670","JOSHUA QUALLS","360","12TH CONGRESS","GRANT - 014","1295","11","","15"
"61","0","MASSAC","665","HOMER ""CHIP"" MARKEL","360","12TH CONGRESS","GRANT - 014","1295","11","","13"
"61","0","MASSAC","0","Under Votes","360","12TH CONGRESS","GRANT - 014","1295","11","","1"
"61","0","MASSAC","0","Over Votes","360","12TH CONGRESS","JEFFERSON - 016","1222","11","","0"
"61","0","MASSAC","670","JOSHUA QUALLS","360","12TH CONGRESS","JEFFERSON - 016","1222","11","","14"
"61","0","MASSAC","665","HOMER ""CHIP"" MARKEL","360","12TH CONGRESS","JEFFERSON - 016","1222","11","","11"
"61","0","MASSAC","0","Under Votes","360","12TH CONGRESS","JEFFERSON - 016","1222","11","","2"
"61","0","MASSAC","0","Over Votes","360","12TH CONGRESS","LOGAN - 12B","31","11","","0"
"61","0","MASSAC","670","JOSHUA QUALLS","360","12TH CONGRESS","LOGAN - 12B","31","11","","0"
"61","0","MASSAC","665","HOMER ""CHIP"" MARKEL","360","12TH CONGRESS","LOGAN - 12B","31","11","","0"
"61","0","MASSAC","0","Under Votes","360","12TH CONGRESS","LOGAN - 12B","31","11","","0"
"61","0","MASSAC","0","Under Votes","360","12TH CONGRESS","METROPOLIS 1 - F12","0","11","","0"
"61","0","MASSAC","670","JOSHUA QUALLS","360","12TH CONGRESS","METROPOLIS 4 - F12","0","11","","0"
"61","0","MASSAC","0","Over Votes","360","12TH CONGRESS","METROPOLIS 4 - F12","0","11","","0"
"61","0","MASSAC","665","HOMER ""CHIP"" MARKEL","360","12TH CONGRESS","METROPOLIS 4 - F12","0","11","","0"
"61","0","MASSAC","0","Under Votes","360","12TH CONGRESS","METROPOLIS 4 - F12","0","11","","0"
"61","0","MASSAC","0","Over Votes","360","12TH CONGRESS","ADKINS - 017","966","11","","0"
"61","0","MASSAC","670","JOSHUA QUALLS","360","12TH CONGRESS","ADKINS - 017","966","11","","18"
"61","0","MASSAC","665","HOMER ""CHIP"" MARKEL","360","12TH CONGRESS","ADKINS - 017","966","11","","12"
"61","0","MASSAC","0","Under Votes","360","12TH CONGRESS","ADKINS - 017","966","11","","6"
"61","0","MASSAC","0","Over Votes","360","12TH CONGRESS","FRANKLIN - 015","671","11","","0"
"61","0","MASSAC","670","JOSHUA QUALLS","360","12TH CONGRESS","FRANKLIN - 015","671","11","","6"
"61","0","MASSAC","665","HOMER ""CHIP"" MARKEL","360","12TH CONGRESS","FRANKLIN - 015","671","11","","10"
"61","0","MASSAC","0","Under Votes","360","12TH CONGRESS","FRANKLIN - 015","671","11","","1"
"61","0","MASSAC","0","Over Votes","360","12TH CONGRESS","GRANT - F12","0","11","","0"
"61","0","MASSAC","670","JOSHUA QUALLS","360","12TH CONGRESS","GRANT - F12","0","11","","0"
"61","0","MASSAC","665","HOMER ""CHIP"" MARKEL","360","12TH CONGRESS","GRANT - F12","0","11","","0"
"61","0","MASSAC","0","Under Votes","360","12TH CONGRESS","GRANT - F12","0","11","","0"
"61","0","MASSAC","665","HOMER ""CHIP"" MARKEL","360","12TH CONGRESS","JEFFERSON - F12","0","11","","0"
"61","0","MASSAC","0","Under Votes","360","12TH CONGRESS","JEFFERSON - F12","0","11","","0"
"61","0","MASSAC","0","Over Votes","360","12TH CONGRESS","JEFFERSON - F12","0","11","","0"
"61","0","MASSAC","670","JOSHUA QUALLS","360","12TH CONGRESS","JEFFERSON - F12","0","11","","0"
"61","0","MASSAC","0","Over Votes","360","12TH CONGRESS","LOGAN - F12","0","11","","0"
"61","0","MASSAC","670","JOSHUA QUALLS","360","12TH CONGRESS","LOGAN - F12","0","11","","0"
"61","0","MASSAC","665","HOMER ""CHIP"" MARKEL","360","12TH CONGRESS","LOGAN - F12","0","11","","0"
"61","0","MASSAC","0","Under Votes","360","12TH CONGRESS","LOGAN - F12","0","11","","0"
"61","0","MASSAC","670","JOSHUA QUALLS","360","12TH CONGRESS","BENTON - F12","0","11","","0"
"61","0","MASSAC","0","Over Votes","360","12TH CONGRESS","BENTON - F12","0","11","","0"
"61","0","MASSAC","665","HOMER ""CHIP"" MARKEL","360","12TH CONGRESS","BENTON - F12","0","11","","0"
"61","0","MASSAC","0","Under Votes","360","12TH CONGRESS","BENTON - F12","0","11","","0"
"61","0","MASSAC","670","JOSHUA QUALLS","360","12TH CONGRESS","GEORGES CREEK - F12","0","11","","0"
"61","0","MASSAC","0","Over Votes","360","12TH CONGRESS","GEORGES CREEK - F12","0","11","","0"
"61","0","MASSAC","665","HOMER ""CHIP"" MARKEL","360","12TH CONGRESS","GEORGES CREEK - F12","0","11","","0"
"61","0","MASSAC","0","Under Votes","360","12TH CONGRESS","GEORGES CREEK - F12","0","11","","0"
"61","0","MASSAC","0","Over Votes","360","12TH CONGRESS","JACKSON - F12","0","11","","0"
"61","0","MASSAC","670","JOSHUA QUALLS","360","12TH CONGRESS","JACKSON - F12","0","11","","0"
"61","0","MASSAC","665","HOMER ""CHIP"" MARKEL","360","12TH CONGRESS","JACKSON - F12","0","11","","0"
"61","0","MASSAC","0","Under Votes","360","12TH CONGRESS","JACKSON - F12","0","11","","0"
"61","0","MASSAC","0","Over Votes","360","12TH CONGRESS","HILLERMAN - 013","592","11","","0"
"61","0","MASSAC","670","JOSHUA QUALLS","360","12TH CONGRESS","HILLERMAN - 013","592","11","","10"
"61","0","MASSAC","665","HOMER ""CHIP"" MARKEL","360","12TH CONGRESS","HILLERMAN - 013","592","11","","8"
"61","0","MASSAC","0","Under Votes","360","12TH CONGRESS","HILLERMAN - 013","592","11","","1"
"61","0","MASSAC","0","Over Votes","360","12TH CONGRESS","LINCOLN - 05","495","11","","0"
"61","0","MASSAC","670","JOSHUA QUALLS","360","12TH CONGRESS","LINCOLN - 05","495","11","","6"
"61","0","MASSAC","665","HOMER ""CHIP"" MARKEL","360","12TH CONGRESS","LINCOLN - 05","495","11","","3"
"61","0","MASSAC","0","Under Votes","360","12TH CONGRESS","LINCOLN - 05","495","11","","3"
"61","0","MASSAC","0","Over Votes","360","12TH CONGRESS","METROPOLIS 1 - 001","381","11","","0"
"61","0","MASSAC","670","JOSHUA QUALLS","360","12TH CONGRESS","METROPOLIS 1 - 001","381","11","","7"
"61","0","MASSAC","665","HOMER ""CHIP"" MARKEL","360","12TH CONGRESS","METROPOLIS 1 - 001","381","11","","11"
"61","0","MASSAC","0","Under Votes","360","12TH CONGRESS","METROPOLIS 1 - 001","381","11","","3"
"61","0","MASSAC","0","Over Votes","360","12TH CONGRESS","METROPOLIS 3 - 003","471","11","","0"
"61","0","MASSAC","670","JOSHUA QUALLS","360","12TH CONGRESS","METROPOLIS 3 - 003","471","11","","4"
"61","0","MASSAC","665","HOMER ""CHIP"" MARKEL","360","12TH CONGRESS","METROPOLIS 3 - 003","471","11","","11"
"61","0","MASSAC","0","Under Votes","360","12TH CONGRESS","METROPOLIS 3 - 003","471","11","","2"
"61","0","MASSAC","0","Over Votes","360","12TH CONGRESS","WEST BROOKLYN - 006","540","11","","0"
"61","0","MASSAC","670","JOSHUA QUALLS","360","12TH CONGRESS","WEST BROOKLYN - 006","540","11","","13"
"61","0","MASSAC","665","HOMER ""CHIP"" MARKEL","360","12TH CONGRESS","WEST BROOKLYN - 006","540","11","","7"
"61","0","MASSAC","0","Under Votes","360","12TH CONGRESS","WEST BROOKLYN - 006","540","11","","0"
"61","0","MASSAC","0","Over Votes","360","12TH CONGRESS","EAST BROOKLYN - F12","0","11","","0"
"61","0","MASSAC","670","JOSHUA QUALLS","360","12TH CONGRESS","EAST BROOKLYN - F12","0","11","","0"
"61","0","MASSAC","665","HOMER ""CHIP"" MARKEL","360","12TH CONGRESS","EAST BROOKLYN - F12","0","11","","0"
"61","0","MASSAC","0","Under Votes","360","12TH CONGRESS","EAST BROOKLYN - F12","0","11","","0"
"61","0","MASSAC","0","Over Votes","360","12TH CONGRESS","METROPOLIS 1 - F12","0","11","","0"
"61","0","MASSAC","670","JOSHUA QUALLS","360","12TH CONGRESS","METROPOLIS 1 - F12","0","11","","0"
"61","0","MASSAC","665","HOMER ""CHIP"" MARKEL","360","12TH CONGRESS","METROPOLIS 1 - F12","0","11","","0"
