"JurisdictionID","JurisContainerID","JurisName","EISCandidateID","CandidateName","EISContestID","ContestName","PrecinctName","Registration","EISPartyID","PartyName","VoteCount"
"57","0","MADISON","690","TERRY MARTIN","370","13TH CONGRESS","COLLINSVILLE 11","1065","12","REPUBLICAN","19"
"57","0","MADISON","685","JESSE REISING","370","13TH CONGRESS","COLLINSVILLE 11","1065","12","REPUBLICAN","77"
"57","0","MADISON","675","REGAN DEERING","370","13TH CONGRESS","COLLINSVILLE 11","1065","12","REPUBLICAN","60"
"57","0","MADISON","680","MATT HAUSMAN","370","13TH CONGRESS","COLLINSVILLE 11","1065","12","REPUBLICAN","39"
"57","0","MADISON","690","TERRY MARTIN","370","13TH CONGRESS","COLLINSVILLE 14","1106","12","REPUBLICAN","7"
"57","0","MADISON","685","JESSE REISING","370","13TH CONGRESS","COLLINSVILLE 14","1106","12","REPUBLICAN","40"
"57","0","MADISON","675","REGAN DEERING","370","13TH CONGRESS","COLLINSVILLE 14","1106","12","REPUBLICAN","37"
"57","0","MADISON","680","MATT HAUSMAN","370","13TH CONGRESS","COLLINSVILLE 14","1106","12","REPUBLICAN","30"
"57","0","MADISON","690","TERRY MARTIN","370","13TH CONGRESS","COLLINSVILLE 17","1009","12","REPUBLICAN","9"
"57","0","MADISON","685","JESSE REISING","370","13TH CONGRESS","COLLINSVILLE 17","1009","12","REPUBLICAN","57"
"57","0","MADISON","675","REGAN DEERING","370","13TH CONGRESS","COLLINSVILLE 17","1009","12","REPUBLICAN","49"
"57","0","MADISON","680","MATT HAUSMAN","370","13TH CONGRESS","COLLINSVILLE 17","1009","12","REPUBLICAN","37"
"57","0","MADISON","690","TERRY MARTIN","370","13TH CONGRESS","EDWARDSVILLE 01","1143","12","REPUBLICAN","7"
"57","0","MADISON","685","JESSE REISING","370","13TH CONGRESS","EDWARDSVILLE 01","1143","12","REPUBLICAN","44"
"57","0","MADISON","675","REGAN DEERING","370","13TH CONGRESS","EDWARDSVILLE 01","1143","12","REPUBLICAN","64"
"57","0","MADISON","680","MATT HAUSMAN","370","13TH CONGRESS","EDWARDSVILLE 01","1143","12","REPUBLICAN","33"
"57","0","MADISON","690","TERRY MARTIN","370","13TH CONGRESS","EDWARDSVILLE 04","979","12","REPUBLICAN","11"
"57","0","MADISON","685","JESSE REISING","370","13TH CONGRESS","EDWARDSVILLE 04","979","12","REPUBLICAN","21"
"57","0","MADISON","675","REGAN DEERING","370","13TH CONGRESS","EDWARDSVILLE 04","979","12","REPUBLICAN","28"
"57","0","MADISON","680","MATT HAUSMAN","370","13TH CONGRESS","EDWARDSVILLE 04","979","12","REPUBLICAN","18"
"57","0","MADISON","690","TERRY MARTIN","370","13TH CONGRESS","EDWARDSVILLE 07","1107","12","REPUBLICAN","8"
"57","0","MADISON","685","JESSE REISING","370","13TH CONGRESS","EDWARDSVILLE 07","1107","12","REPUBLICAN","38"
"57","0","MADISON","675","REGAN DEERING","370","13TH CONGRESS","EDWARDSVILLE 07","1107","12","REPUBLICAN","33"
"57","0","MADISON","680","MATT HAUSMAN","370","13TH CONGRESS","EDWARDSVILLE 07","1107","12","REPUBLICAN","25"
"57","0","MADISON","690","TERRY MARTIN","370","13TH CONGRESS","NAMEOKI 03","1007","12","REPUBLICAN","9"
"57","0","MADISON","685","JESSE REISING","370","13TH CONGRESS","NAMEOKI 03","1007","12","REPUBLICAN","38"
"57","0","MADISON","675","REGAN DEERING","370","13TH CONGRESS","NAMEOKI 03","1007","12","REPUBLICAN","47"
"57","0","MADISON","680","MATT HAUSMAN","370","13TH CONGRESS","NAMEOKI 03","1007","12","REPUBLICAN","39"
"57","0","MADISON","690","TERRY MARTIN","370","13TH CONGRESS","NAMEOKI 06","732","12","REPUBLICAN","21"
"57","0","MADISON","685","JESSE REISING","370","13TH CONGRESS","NAMEOKI 06","732","12","REPUBLICAN","38"
"57","0","MADISON","675","REGAN DEERING","370","13TH CONGRESS","NAMEOKI 06","732","12","REPUBLICAN","42"
"57","0","MADISON","680","MATT HAUSMAN","370","13TH CONGRESS","NAMEOKI 06","732","12","REPUBLICAN","36"
"57","0","MADISON","690","TERRY MARTIN","370","13TH CONGRESS","WOOD RIVER 12","700","12","REPUBLICAN","3"
"57","0","MADISON","685","JESSE REISING","370","13TH CONGRESS","WOOD RIVER 12","700","12","REPUBLICAN","44"
"57","0","MADISON","675","REGAN DEERING","370","13TH CONGRESS","WOOD RIVER 12","700","12","REPUBLICAN","38"
"57","0","MADISON","680","MATT HAUSMAN","370","13TH CONGRESS","WOOD RIVER 12","700","12","REPUBLICAN","31"
"57","0","MADISON","690","TERRY MARTIN","370","13TH CONGRESS","WOOD RIVER 15","553","12","REPUBLICAN","5"
"57","0","MADISON","685","JESSE REISING","370","13TH CONGRESS","WOOD RIVER 15","553","12","REPUBLICAN","13"
"57","0","MADISON","675","REGAN DEERING","370","13TH CONGRESS","WOOD RIVER 15","553","12","REPUBLICAN","7"
"88","0","ST. CLAIR","695","NIKKI BUDZINSKI","370","13TH CONGRESS","BELLEVILLE 17","689","11","DEMOCRATIC","23"
"88","0","ST. CLAIR","700","DAVID PALMER","370","13TH CONGRESS","BELLEVILLE 17","689","11","DEMOCRATIC","14"
"88","0","ST. CLAIR","695","NIKKI BUDZINSKI","370","13TH CONGRESS","BELLEVILLE 20","930","11","DEMOCRATIC","41"
"88","0","ST. CLAIR","700","DAVID PALMER","370","13TH CONGRESS","BELLEVILLE 20","930","11","DEMOCRATIC","10"
"88","0","ST. CLAIR","695","NIKKI BUDZINSKI","370","13TH CONGRESS","BELLEVILLE 23","748","11","DEMOCRATIC","48"
"88","0","ST. CLAIR","700","DAVID PALMER","370","13TH CONGRESS","BELLEVILLE 23","748","11","DEMOCRATIC","13"
"88","0","ST. CLAIR","695","NIKKI BUDZINSKI","370","13TH CONGRESS","BELLEVILLE 26","1777","11","DEMOCRATIC","37"
"88","0","ST. CLAIR","700","DAVID PALMER","370","13TH CONGRESS","BELLEVILLE 26","1777","11","DEMOCRATIC","14"
"88","0","ST. CLAIR","695","NIKKI BUDZINSKI","370","13TH CONGRESS","CASEYVILLE 3","656","11","DEMOCRATIC","37"
"88","0","ST. CLAIR","700","DAVID PALMER","370","13TH CONGRESS","CASEYVILLE 3","656","11","DEMOCRATIC","14"
"88","0","ST. CLAIR","695","NIKKI BUDZINSKI","370","13TH CONGRESS","CASEYVILLE 6","544","11","DEMOCRATIC","22"
"88","0","ST. CLAIR","700","DAVID PALMER","370","13TH CONGRESS","CASEYVILLE 6","544","11","DEMOCRATIC","9"
"88","0","ST. CLAIR","695","NIKKI BUDZINSKI","370","13TH CONGRESS","CENTREVILLE 19","672","11","DEMOCRATIC","15"
"88","0","ST. CLAIR","700","DAVID PALMER","370","13TH CONGRESS","CENTREVILLE 19","672","11","DEMOCRATIC","5"
"88","0","ST. CLAIR","695","NIKKI BUDZINSKI","370","13TH CONGRESS","ST CLAIR 1","842","11","DEMOCRATIC","30"
"88","0","ST. CLAIR","700","DAVID PALMER","370","13TH CONGRESS","ST CLAIR 1","842","11","DEMOCRATIC","16"
"88","0","ST. CLAIR","695","NIKKI BUDZINSKI","370","13TH CONGRESS","ST CLAIR 4","755","11","DEMOCRATIC","33"
"88","0","ST. CLAIR","700","DAVID PALMER","370","13TH CONGRESS","ST CLAIR 4","755","11","DEMOCRATIC","4"
"88","0","ST. CLAIR","700","DAVID PALMER","370","13TH CONGRESS","ST CLAIR 24","750","11","DEMOCRATIC","12"
"88","0","ST. CLAIR","695","NIKKI BUDZINSKI","370","13TH CONGRESS","ST CLAIR 24","750","11","DEMOCRATIC","52"
"88","0","ST. CLAIR","695","NIKKI BUDZINSKI","370","13TH CONGRESS","ST CLAIR 27","914","11","DEMOCRATIC","52"
"88","0","ST. CLAIR","700","DAVID PALMER","370","13TH CONGRESS","ST CLAIR 27","914","11","DEMOCRATIC","11"
"88","0","ST. CLAIR","695","NIKKI BUDZINSKI","370","13TH CONGRESS","ST CLAIR 30","756","11","DEMOCRATIC","43"
"88","0","ST. CLAIR","700","DAVID PALMER","370","13TH CONGRESS","ST CLAIR 30","756","11","DEMOCRATIC","18"
"88","0","ST. CLAIR","695","NIKKI BUDZINSKI","370","13TH CONGRESS","BELLEVILLE 1","649","11","DEMOCRATIC","36"
"88","0","ST. CLAIR","700","DAVID PALMER","370","13TH CONGRESS","BELLEVILLE 1","649","11","DEMOCRATIC","10"
"88","0","ST. CLAIR","700","DAVID PALMER","370","13TH CONGRESS","BELLEVILLE 21","730","11","DEMOCRATIC","14"
"88","0","ST. CLAIR","695","NIKKI BUDZINSKI","370","13TH CONGRESS","BELLEVILLE 21","730","11","DEMOCRATIC","24"
"88","0","ST. CLAIR","695","NIKKI BUDZINSKI","370","13TH CONGRESS","BELLEVILLE 24","971","11","DEMOCRATIC","73"
"88","0","ST. CLAIR","700","DAVID PALMER","370","13TH CONGRESS","BELLEVILLE 24","971","11","DEMOCRATIC","28"
"88","0","ST. CLAIR","695","NIKKI BUDZINSKI","370","13TH CONGRESS","BELLEVILLE 27","657","11","DEMOCRATIC","31"
"88","0","ST. CLAIR","700","DAVID PALMER","370","13TH CONGRESS","BELLEVILLE 27","657","11","DEMOCRATIC","14"
"88","0","ST. CLAIR","695","NIKKI BUDZINSKI","370","13TH CONGRESS","BELLEVILLE 30","538","11","DEMOCRATIC","37"
"88","0","ST. CLAIR","700","DAVID PALMER","370","13TH CONGRESS","BELLEVILLE 30","538","11","DEMOCRATIC","8"
"88","0","ST. CLAIR","695","NIKKI BUDZINSKI","370","13TH CONGRESS","CASEYVILLE 4","727","11","DEMOCRATIC","41"
"88","0","ST. CLAIR","700","DAVID PALMER","370","13TH CONGRESS","CASEYVILLE 4","727","11","DEMOCRATIC","17"
"88","0","ST. CLAIR","695","NIKKI BUDZINSKI","370","13TH CONGRESS","CASEYVILLE 7","682","11","DEMOCRATIC","29"
"88","0","ST. CLAIR","700","DAVID PALMER","370","13TH CONGRESS","CASEYVILLE 7","682","11","DEMOCRATIC","6"
"88","0","ST. CLAIR","695","NIKKI BUDZINSKI","370","13TH CONGRESS","CASEYVILLE 10","477","11","DEMOCRATIC","37"
"55","0","MACON","700","DAVID PALMER","370","13TH CONGRESS","DECATUR 2","1506","11","DEMOCRATIC","19"
"55","0","MACON","0","Blank Ballots","370","13TH CONGRESS","DECATUR 2","1506","11","DEMOCRATIC","0"
"55","0","MACON","695","NIKKI BUDZINSKI","370","13TH CONGRESS","DECATUR 2","1506","11","DEMOCRATIC","42"
"55","0","MACON","0","Under Votes","370","13TH CONGRESS","DECATUR 2","1506","11","DEMOCRATIC","4"
"55","0","MACON","0","Over Votes","370","13TH CONGRESS","DECATUR 2","1506","11","DEMOCRATIC","0"
"55","0","MACON","700","DAVID PALMER","370","13TH CONGRESS","DECATUR 20","1466","11","DEMOCRATIC","25"
"55","0","MACON","0","Blank Ballots","370","13TH CONGRESS","DECATUR 20","1466","11","DEMOCRATIC","0"
"55","0","MACON","695","NIKKI BUDZINSKI","370","13TH CONGRESS","DECATUR 20","1466","11","DEMOCRATIC","50"
"55","0","MACON","0","Under Votes","370","13TH CONGRESS","DECATUR 20","1466","11","DEMOCRATIC","10"
"55","0","MACON","0","Over Votes","370","13TH CONGRESS","DECATUR 20","1466","11","DEMOCRATIC","0"
"55","0","MACON","700","DAVID PALMER","370","13TH CONGRESS","HICKORY PT. 6","1475","11","DEMOCRATIC","46"
"55","0","MACON","0","Blank Ballots","370","13TH CONGRESS","HICKORY PT. 6","1475","11","DEMOCRATIC","0"
"55","0","MACON","695","NIKKI BUDZINSKI","370","13TH CONGRESS","HICKORY PT. 6","1475","11","DEMOCRATIC","61"
"55","0","MACON","0","Under Votes","370","13TH CONGRESS","HICKORY PT. 6","1475","11","DEMOCRATIC","5"
"55","0","MACON","0","Over Votes","370","13TH CONGRESS","HICKORY PT. 6","1475","11","DEMOCRATIC","1"
"55","0","MACON","700","DAVID PALMER","370","13TH CONGRESS","NIANTIC","497","11","DEMOCRATIC","4"
"55","0","MACON","0","Blank Ballots","370","13TH CONGRESS","NIANTIC","497","11","DEMOCRATIC","0"
"55","0","MACON","695","NIKKI BUDZINSKI","370","13TH CONGRESS","NIANTIC","497","11","DEMOCRATIC","16"
"55","0","MACON","0","Under Votes","370","13TH CONGRESS","NIANTIC","497","11","DEMOCRATIC","0"
"55","0","MACON","0","Over Votes","370","13TH CONGRESS","NIANTIC","497","11","DEMOCRATIC","0"
"55","0","MACON","700","DAVID PALMER","370","13TH CONGRESS","DECATUR 1","893","11","DEMOCRATIC","16"
"55","0","MACON","0","Blank Ballots","370","13TH CONGRESS","DECATUR 1","893","11","DEMOCRATIC","0"
"55","0","MACON","695","NIKKI BUDZINSKI","370","13TH CONGRESS","DECATUR 1","893","11","DEMOCRATIC","35"
"55","0","MACON","0","Under Votes","370","13TH CONGRESS","DECATUR 1","893","11","DEMOCRATIC","8"
"55","0","MACON","0","Over Votes","370","13TH CONGRESS","DECATUR 1","893","11","DEMOCRATIC","1"
"55","0","MACON","700","DAVID PALMER","370","13TH CONGRESS","DECATUR 8","1366","11","DEMOCRATIC","9"
"55","0","MACON","0","Blank Ballots","370","13TH CONGRESS","DECATUR 8","1366","11","DEMOCRATIC","0"
"55","0","MACON","695","NIKKI BUDZINSKI","370","13TH CONGRESS","DECATUR 8","1366","11","DEMOCRATIC","13"
"55","0","MACON","0","Under Votes","370","13TH CONGRESS","DECATUR 8","1366","11","DEMOCRATIC","0"
"55","0","MACON","0","Over Votes","370","13TH CONGRESS","DECATUR 8","1366","11","DEMOCRATIC","0"
"55","0","MACON","700","DAVID PALMER","370","13TH CONGRESS","DECATUR 15","922","11","DEMOCRATIC","11"
"55","0","MACON","0","Blank Ballots","370","13TH CONGRESS","DECATUR 15","922","11","DEMOCRATIC","0"
"55","0","MACON","695","NIKKI BUDZINSKI","370","13TH CONGRESS","DECATUR 15","922","11","DEMOCRATIC","31"
"55","0","MACON","0","Under Votes","370","13TH CONGRESS","DECATUR 15","922","11","DEMOCRATIC","4"
"55","0","MACON","0","Over Votes","370","13TH CONGRESS","DECATUR 15","922","11","DEMOCRATIC","0"
"55","0","MACON","700","DAVID PALMER","370","13TH CONGRESS","HICKORY PT. 1","2282","11","DEMOCRATIC","19"
"55","0","MACON","0","Blank Ballots","370","13TH CONGRESS","HICKORY PT. 1","2282","11","DEMOCRATIC","0"
"55","0","MACON","695","NIKKI BUDZINSKI","370","13TH CONGRESS","HICKORY PT. 1","2282","11","DEMOCRATIC","85"
"55","0","MACON","0","Under Votes","370","13TH CONGRESS","HICKORY PT. 1","2282","11","DEMOCRATIC","5"
"55","0","MACON","0","Over Votes","370","13TH CONGRESS","HICKORY PT. 1","2282","11","DEMOCRATIC","0"
"55","0","MACON","700","DAVID PALMER","370","13TH CONGRESS","ILLINI","920","11","DEMOCRATIC","5"
"55","0","MACON","0","Blank Ballots","370","13TH CONGRESS","ILLINI","920","11","DEMOCRATIC","0"
"55","0","MACON","695","NIKKI BUDZINSKI","370","13TH CONGRESS","ILLINI","920","11","DEMOCRATIC","18"
"74","0","PIATT","680","MATT HAUSMAN","370","13TH CONGRESS","MONTICELLO 2","1267","12","REPUBLICAN","59"
"74","0","PIATT","675","REGAN DEERING","370","13TH CONGRESS","MONTICELLO 2","1267","12","REPUBLICAN","78"
"74","0","PIATT","685","JESSE REISING","370","13TH CONGRESS","MONTICELLO 2","1267","12","REPUBLICAN","102"
"74","0","PIATT","0","Over Votes","370","13TH CONGRESS","MONTICELLO 2","1267","12","REPUBLICAN","0"
"74","0","PIATT","0","Under Votes","370","13TH CONGRESS","MONTICELLO 2","1267","12","REPUBLICAN","0"
"74","0","PIATT","690","TERRY MARTIN","370","13TH CONGRESS","MONTICELLO 2","1267","12","REPUBLICAN","7"
"74","0","PIATT","0","Blank Ballots","370","13TH CONGRESS","MONTICELLO 2","1267","12","REPUBLICAN","13"
"74","0","PIATT","680","MATT HAUSMAN","370","13TH CONGRESS","CERRO GORDO 1","502","12","REPUBLICAN","10"
"74","0","PIATT","675","REGAN DEERING","370","13TH CONGRESS","CERRO GORDO 1","502","12","REPUBLICAN","43"
"74","0","PIATT","685","JESSE REISING","370","13TH CONGRESS","CERRO GORDO 1","502","12","REPUBLICAN","53"
"74","0","PIATT","0","Over Votes","370","13TH CONGRESS","CERRO GORDO 1","502","12","REPUBLICAN","0"
"74","0","PIATT","0","Under Votes","370","13TH CONGRESS","CERRO GORDO 1","502","12","REPUBLICAN","0"
"74","0","PIATT","690","TERRY MARTIN","370","13TH CONGRESS","CERRO GORDO 1","502","12","REPUBLICAN","7"
"74","0","PIATT","0","Blank Ballots","370","13TH CONGRESS","CERRO GORDO 1","502","12","REPUBLICAN","3"
"74","0","PIATT","680","MATT HAUSMAN","370","13TH CONGRESS","WILLOW BRANCH","1396","12","REPUBLICAN","34"
"74","0","PIATT","675","REGAN DEERING","370","13TH CONGRESS","WILLOW BRANCH","1396","12","REPUBLICAN","72"
"74","0","PIATT","685","JESSE REISING","370","13TH CONGRESS","WILLOW BRANCH","1396","12","REPUBLICAN","50"
"74","0","PIATT","0","Over Votes","370","13TH CONGRESS","WILLOW BRANCH","1396","12","REPUBLICAN","0"
"74","0","PIATT","0","Under Votes","370","13TH CONGRESS","WILLOW BRANCH","1396","12","REPUBLICAN","0"
"74","0","PIATT","690","TERRY MARTIN","370","13TH CONGRESS","WILLOW BRANCH","1396","12","REPUBLICAN","9"
"74","0","PIATT","0","Blank Ballots","370","13TH CONGRESS","WILLOW BRANCH","1396","12","REPUBLICAN","6"
"74","0","PIATT","680","MATT HAUSMAN","370","13TH CONGRESS","BEMENT 1","0","12","REPUBLICAN","21"
"74","0","PIATT","675","REGAN DEERING","370","13TH CONGRESS","BEMENT 1","0","12","REPUBLICAN","21"
"74","0","PIATT","685","JESSE REISING","370","13TH CONGRESS","BEMENT 1","0","12","REPUBLICAN","37"
"74","0","PIATT","0","Over Votes","370","13TH CONGRESS","BEMENT 1","0","12","REPUBLICAN","0"
"74","0","PIATT","0","Under Votes","370","13TH CONGRESS","BEMENT 1","0","12","REPUBLICAN","0"
"74","0","PIATT","690","TERRY MARTIN","370","13TH CONGRESS","BEMENT 1","0","12","REPUBLICAN","7"
"74","0","PIATT","0","Blank Ballots","370","13TH CONGRESS","BEMENT 1","0","12","REPUBLICAN","10"
"74","0","PIATT","680","MATT HAUSMAN","370","13TH CONGRESS","MONTICELLO 1","990","12","REPUBLICAN","43"
"74","0","PIATT","675","REGAN DEERING","370","13TH CONGRESS","MONTICELLO 1","990","12","REPUBLICAN","53"
"74","0","PIATT","685","JESSE REISING","370","13TH CONGRESS","MONTICELLO 1","990","12","REPUBLICAN","82"
"74","0","PIATT","0","Over Votes","370","13TH CONGRESS","MONTICELLO 1","990","12","REPUBLICAN","0"
"74","0","PIATT","0","Under Votes","370","13TH CONGRESS","MONTICELLO 1","990","12","REPUBLICAN","0"
"74","0","PIATT","690","TERRY MARTIN","370","13TH CONGRESS","MONTICELLO 1","990","12","REPUBLICAN","7"
"74","0","PIATT","0","Blank Ballots","370","13TH CONGRESS","MONTICELLO 1","990","12","REPUBLICAN","12"
"74","0","PIATT","680","MATT HAUSMAN","370","13TH CONGRESS","MONTICELLO 3","822","12","REPUBLICAN","41"
"74","0","PIATT","675","REGAN DEERING","370","13TH CONGRESS","MONTICELLO 3","822","12","REPUBLICAN","47"
"74","0","PIATT","685","JESSE REISING","370","13TH CONGRESS","MONTICELLO 3","822","12","REPUBLICAN","35"
"74","0","PIATT","0","Over Votes","370","13TH CONGRESS","MONTICELLO 3","822","12","REPUBLICAN","0"
"74","0","PIATT","0","Under Votes","370","13TH CONGRESS","MONTICELLO 3","822","12","REPUBLICAN","0"
"74","0","PIATT","690","TERRY MARTIN","370","13TH CONGRESS","MONTICELLO 3","822","12","REPUBLICAN","9"
"83","0","SANGAMON","695","NIKKI BUDZINSKI","370","13TH CONGRESS","CAPITAL 017","912","11","DEMOCRATIC","67"
"83","0","SANGAMON","700","DAVID PALMER","370","13TH CONGRESS","CAPITAL 017","912","11","DEMOCRATIC","9"
"83","0","SANGAMON","695","NIKKI BUDZINSKI","370","13TH CONGRESS","CAPITAL 020","1147","11","DEMOCRATIC","78"
"83","0","SANGAMON","700","DAVID PALMER","370","13TH CONGRESS","CAPITAL 020","1147","11","DEMOCRATIC","5"
"83","0","SANGAMON","695","NIKKI BUDZINSKI","370","13TH CONGRESS","CAPITAL 023","662","11","DEMOCRATIC","51"
"83","0","SANGAMON","700","DAVID PALMER","370","13TH CONGRESS","CAPITAL 023","662","11","DEMOCRATIC","18"
"83","0","SANGAMON","695","NIKKI BUDZINSKI","370","13TH CONGRESS","CAPITAL 046","719","11","DEMOCRATIC","116"
"83","0","SANGAMON","700","DAVID PALMER","370","13TH CONGRESS","CAPITAL 046","719","11","DEMOCRATIC","15"
"83","0","SANGAMON","695","NIKKI BUDZINSKI","370","13TH CONGRESS","CAPITAL 049","852","11","DEMOCRATIC","105"
"83","0","SANGAMON","700","DAVID PALMER","370","13TH CONGRESS","CAPITAL 049","852","11","DEMOCRATIC","18"
"83","0","SANGAMON","695","NIKKI BUDZINSKI","370","13TH CONGRESS","CAPITAL 052","916","11","DEMOCRATIC","90"
"83","0","SANGAMON","700","DAVID PALMER","370","13TH CONGRESS","CAPITAL 052","916","11","DEMOCRATIC","4"
"83","0","SANGAMON","695","NIKKI BUDZINSKI","370","13TH CONGRESS","CAPITAL 055","820","11","DEMOCRATIC","95"
"83","0","SANGAMON","700","DAVID PALMER","370","13TH CONGRESS","CAPITAL 055","820","11","DEMOCRATIC","10"
"83","0","SANGAMON","695","NIKKI BUDZINSKI","370","13TH CONGRESS","CAPITAL 075","504","11","DEMOCRATIC","25"
"83","0","SANGAMON","700","DAVID PALMER","370","13TH CONGRESS","CAPITAL 075","504","11","DEMOCRATIC","17"
"83","0","SANGAMON","695","NIKKI BUDZINSKI","370","13TH CONGRESS","CAPITAL 078","744","11","DEMOCRATIC","37"
"83","0","SANGAMON","700","DAVID PALMER","370","13TH CONGRESS","CAPITAL 078","744","11","DEMOCRATIC","7"
"83","0","SANGAMON","695","NIKKI BUDZINSKI","370","13TH CONGRESS","CAPITAL 081","887","11","DEMOCRATIC","16"
"83","0","SANGAMON","700","DAVID PALMER","370","13TH CONGRESS","CAPITAL 081","887","11","DEMOCRATIC","5"
"83","0","SANGAMON","695","NIKKI BUDZINSKI","370","13TH CONGRESS","CAPITAL 084","792","11","DEMOCRATIC","59"
"83","0","SANGAMON","700","DAVID PALMER","370","13TH CONGRESS","CAPITAL 084","792","11","DEMOCRATIC","14"
"83","0","SANGAMON","695","NIKKI BUDZINSKI","370","13TH CONGRESS","AUBURN 005","756","11","DEMOCRATIC","24"
"83","0","SANGAMON","700","DAVID PALMER","370","13TH CONGRESS","AUBURN 005","756","11","DEMOCRATIC","3"
"83","0","SANGAMON","695","NIKKI BUDZINSKI","370","13TH CONGRESS","BALL 003","1055","11","DEMOCRATIC","40"
"83","0","SANGAMON","700","DAVID PALMER","370","13TH CONGRESS","BALL 003","1055","11","DEMOCRATIC","9"
"83","0","SANGAMON","695","NIKKI BUDZINSKI","370","13TH CONGRESS","CHATHAM 002","881","11","DEMOCRATIC","51"
"83","0","SANGAMON","700","DAVID PALMER","370","13TH CONGRESS","CHATHAM 002","881","11","DEMOCRATIC","8"
"83","0","SANGAMON","695","NIKKI BUDZINSKI","370","13TH CONGRESS","ILLIOPOLIS 001","814","11","DEMOCRATIC","21"
"83","0","SANGAMON","700","DAVID PALMER","370","13TH CONGRESS","ILLIOPOLIS 001","814","11","DEMOCRATIC","7"
"83","0","SANGAMON","695","NIKKI BUDZINSKI","370","13TH CONGRESS","WOODSIDE 001","605","11","DEMOCRATIC","94"
"83","0","SANGAMON","700","DAVID PALMER","370","13TH CONGRESS","WOODSIDE 001","605","11","DEMOCRATIC","8"
"83","0","SANGAMON","695","NIKKI BUDZINSKI","370","13TH CONGRESS","WOODSIDE 004","433","11","DEMOCRATIC","27"
"83","0","SANGAMON","700","DAVID PALMER","370","13TH CONGRESS","WOODSIDE 004","433","11","DEMOCRATIC","7"
"83","0","SANGAMON","695","NIKKI BUDZINSKI","370","13TH CONGRESS","WOODSIDE 007","602","11","DEMOCRATIC","78"
"83","0","SANGAMON","700","DAVID PALMER","370","13TH CONGRESS","WOODSIDE 007","602","11","DEMOCRATIC","2"
"83","0","SANGAMON","695","NIKKI BUDZINSKI","370","13TH CONGRESS","CAPITAL 013","465","11","DEMOCRATIC","24"
"83","0","SANGAMON","700","DAVID PALMER","370","13TH CONGRESS","CAPITAL 013","465","11","DEMOCRATIC","9"
"83","0","SANGAMON","695","NIKKI BUDZINSKI","370","13TH CONGRESS","CAPITAL 019","503","11","DEMOCRATIC","28"
"83","0","SANGAMON","700","DAVID PALMER","370","13TH CONGRESS","CAPITAL 019","503","11","DEMOCRATIC","4"
"74","0","PIATT","0","Blank Ballots","370","13TH CONGRESS","CERRO GORDO 1","502","11","DEMOCRATIC","0"
"74","0","PIATT","695","NIKKI BUDZINSKI","370","13TH CONGRESS","CERRO GORDO 1","502","11","DEMOCRATIC","8"
"74","0","PIATT","0","Over Votes","370","13TH CONGRESS","CERRO GORDO 1","502","11","DEMOCRATIC","0"
"74","0","PIATT","0","Under Votes","370","13TH CONGRESS","CERRO GORDO 1","502","11","DEMOCRATIC","0"
"74","0","PIATT","700","DAVID PALMER","370","13TH CONGRESS","CERRO GORDO 1","502","11","DEMOCRATIC","1"
"74","0","PIATT","0","Blank Ballots","370","13TH CONGRESS","WILLOW BRANCH","1396","11","DEMOCRATIC","0"
"74","0","PIATT","695","NIKKI BUDZINSKI","370","13TH CONGRESS","WILLOW BRANCH","1396","11","DEMOCRATIC","20"
"74","0","PIATT","0","Over Votes","370","13TH CONGRESS","WILLOW BRANCH","1396","11","DEMOCRATIC","0"
"74","0","PIATT","0","Under Votes","370","13TH CONGRESS","WILLOW BRANCH","1396","11","DEMOCRATIC","0"
"74","0","PIATT","700","DAVID PALMER","370","13TH CONGRESS","WILLOW BRANCH","1396","11","DEMOCRATIC","4"
"74","0","PIATT","0","Blank Ballots","370","13TH CONGRESS","BEMENT 1","0","11","DEMOCRATIC","0"
"74","0","PIATT","695","NIKKI BUDZINSKI","370","13TH CONGRESS","BEMENT 1","0","11","DEMOCRATIC","24"
"74","0","PIATT","0","Over Votes","370","13TH CONGRESS","BEMENT 1","0","11","DEMOCRATIC","0"
"74","0","PIATT","0","Under Votes","370","13TH CONGRESS","BEMENT 1","0","11","DEMOCRATIC","0"
"74","0","PIATT","700","DAVID PALMER","370","13TH CONGRESS","BEMENT 1","0","11","DEMOCRATIC","10"
"74","0","PIATT","0","Blank Ballots","370","13TH CONGRESS","MONTICELLO 1","990","11","DEMOCRATIC","2"
"74","0","PIATT","695","NIKKI BUDZINSKI","370","13TH CONGRESS","MONTICELLO 1","990","11","DEMOCRATIC","38"
"74","0","PIATT","0","Over Votes","370","13TH CONGRESS","MONTICELLO 1","990","11","DEMOCRATIC","0"
"74","0","PIATT","0","Under Votes","370","13TH CONGRESS","MONTICELLO 1","990","11","DEMOCRATIC","0"
"74","0","PIATT","700","DAVID PALMER","370","13TH CONGRESS","MONTICELLO 1","990","11","DEMOCRATIC","13"
"74","0","PIATT","0","Blank Ballots","370","13TH CONGRESS","MONTICELLO 3","822","11","DEMOCRATIC","1"
"74","0","PIATT","695","NIKKI BUDZINSKI","370","13TH CONGRESS","MONTICELLO 3","822","11","DEMOCRATIC","31"
"74","0","PIATT","0","Over Votes","370","13TH CONGRESS","MONTICELLO 3","822","11","DEMOCRATIC","0"
"74","0","PIATT","0","Under Votes","370","13TH CONGRESS","MONTICELLO 3","822","11","DEMOCRATIC","0"
"74","0","PIATT","700","DAVID PALMER","370","13TH CONGRESS","MONTICELLO 3","822","11","DEMOCRATIC","6"
"74","0","PIATT","0","Blank Ballots","370","13TH CONGRESS","MONTICELLO 2","1267","11","DEMOCRATIC","2"
"74","0","PIATT","695","NIKKI BUDZINSKI","370","13TH CONGRESS","MONTICELLO 2","1267","11","DEMOCRATIC","56"
"74","0","PIATT","0","Over Votes","370","13TH CONGRESS","MONTICELLO 2","1267","11","DEMOCRATIC","0"
"74","0","PIATT","0","Under Votes","370","13TH CONGRESS","MONTICELLO 2","1267","11","DEMOCRATIC","0"
"74","0","PIATT","700","DAVID PALMER","370","13TH CONGRESS","MONTICELLO 2","1267","11","DEMOCRATIC","18"
"74","0","PIATT","0","Blank Ballots","370","13TH CONGRESS","CERRO GORDO 4","490","11","DEMOCRATIC","0"
"74","0","PIATT","695","NIKKI BUDZINSKI","370","13TH CONGRESS","CERRO GORDO 4","490","11","DEMOCRATIC","17"
"74","0","PIATT","0","Over Votes","370","13TH CONGRESS","CERRO GORDO 4","490","11","DEMOCRATIC","0"
"74","0","PIATT","0","Under Votes","370","13TH CONGRESS","CERRO GORDO 4","490","11","DEMOCRATIC","0"
"74","0","PIATT","700","DAVID PALMER","370","13TH CONGRESS","CERRO GORDO 4","490","11","DEMOCRATIC","11"
"74","0","PIATT","0","Blank Ballots","370","13TH CONGRESS","BEMENT 2","645","11","DEMOCRATIC","3"
"74","0","PIATT","695","NIKKI BUDZINSKI","370","13TH CONGRESS","BEMENT 2","645","11","DEMOCRATIC","29"
"74","0","PIATT","0","Over Votes","370","13TH CONGRESS","BEMENT 2","645","11","DEMOCRATIC","0"
"74","0","PIATT","0","Under Votes","370","13TH CONGRESS","BEMENT 2","645","11","DEMOCRATIC","0"
"74","0","PIATT","700","DAVID PALMER","370","13TH CONGRESS","BEMENT 2","645","11","DEMOCRATIC","4"
"74","0","PIATT","0","Blank Ballots","370","13TH CONGRESS","MONTICELLO 4","1300","11","DEMOCRATIC","5"
"74","0","PIATT","695","NIKKI BUDZINSKI","370","13TH CONGRESS","MONTICELLO 4","1300","11","DEMOCRATIC","66"
"56","0","MACOUPIN","0","Blank Ballots","370","13TH CONGRESS","BRIGHTON 1","961","11","DEMOCRATIC","0"
"56","0","MACOUPIN","700","DAVID PALMER","370","13TH CONGRESS","BRIGHTON 1","961","11","DEMOCRATIC","13"
"56","0","MACOUPIN","0","Under Votes","370","13TH CONGRESS","BRIGHTON 1","961","11","DEMOCRATIC","0"
"56","0","MACOUPIN","0","Over Votes","370","13TH CONGRESS","BRIGHTON 1","961","11","DEMOCRATIC","0"
"56","0","MACOUPIN","695","NIKKI BUDZINSKI","370","13TH CONGRESS","BRIGHTON 1","961","11","DEMOCRATIC","19"
"56","0","MACOUPIN","0","Blank Ballots","370","13TH CONGRESS","CARLINVILLE 3","993","11","DEMOCRATIC","0"
"56","0","MACOUPIN","700","DAVID PALMER","370","13TH CONGRESS","CARLINVILLE 3","993","11","DEMOCRATIC","24"
"56","0","MACOUPIN","0","Under Votes","370","13TH CONGRESS","CARLINVILLE 3","993","11","DEMOCRATIC","6"
"56","0","MACOUPIN","0","Over Votes","370","13TH CONGRESS","CARLINVILLE 3","993","11","DEMOCRATIC","0"
"56","0","MACOUPIN","695","NIKKI BUDZINSKI","370","13TH CONGRESS","CARLINVILLE 3","993","11","DEMOCRATIC","43"
"56","0","MACOUPIN","0","Blank Ballots","370","13TH CONGRESS","GILLESPIE 3","768","11","DEMOCRATIC","0"
"56","0","MACOUPIN","700","DAVID PALMER","370","13TH CONGRESS","GILLESPIE 3","768","11","DEMOCRATIC","19"
"56","0","MACOUPIN","0","Under Votes","370","13TH CONGRESS","GILLESPIE 3","768","11","DEMOCRATIC","2"
"56","0","MACOUPIN","0","Over Votes","370","13TH CONGRESS","GILLESPIE 3","768","11","DEMOCRATIC","0"
"56","0","MACOUPIN","695","NIKKI BUDZINSKI","370","13TH CONGRESS","GILLESPIE 3","768","11","DEMOCRATIC","37"
"56","0","MACOUPIN","0","Blank Ballots","370","13TH CONGRESS","NORTH PALMYRA","572","11","DEMOCRATIC","0"
"56","0","MACOUPIN","700","DAVID PALMER","370","13TH CONGRESS","NORTH PALMYRA","572","11","DEMOCRATIC","3"
"56","0","MACOUPIN","0","Under Votes","370","13TH CONGRESS","NORTH PALMYRA","572","11","DEMOCRATIC","1"
"56","0","MACOUPIN","695","NIKKI BUDZINSKI","370","13TH CONGRESS","NORTH PALMYRA","572","11","DEMOCRATIC","9"
"56","0","MACOUPIN","0","Over Votes","370","13TH CONGRESS","NORTH PALMYRA","572","11","DEMOCRATIC","0"
"56","0","MACOUPIN","0","Blank Ballots","370","13TH CONGRESS","STAUNTON 1","1199","11","DEMOCRATIC","0"
"56","0","MACOUPIN","700","DAVID PALMER","370","13TH CONGRESS","STAUNTON 1","1199","11","DEMOCRATIC","17"
"56","0","MACOUPIN","0","Under Votes","370","13TH CONGRESS","STAUNTON 1","1199","11","DEMOCRATIC","7"
"56","0","MACOUPIN","695","NIKKI BUDZINSKI","370","13TH CONGRESS","STAUNTON 1","1199","11","DEMOCRATIC","53"
"56","0","MACOUPIN","0","Over Votes","370","13TH CONGRESS","STAUNTON 1","1199","11","DEMOCRATIC","0"
"56","0","MACOUPIN","0","Under Votes","370","13TH CONGRESS","BRIGHTON 2","1031","11","DEMOCRATIC","3"
"56","0","MACOUPIN","0","Blank Ballots","370","13TH CONGRESS","BRIGHTON 2","1031","11","DEMOCRATIC","0"
"56","0","MACOUPIN","700","DAVID PALMER","370","13TH CONGRESS","BRIGHTON 2","1031","11","DEMOCRATIC","7"
"56","0","MACOUPIN","695","NIKKI BUDZINSKI","370","13TH CONGRESS","BRIGHTON 2","1031","11","DEMOCRATIC","23"
"56","0","MACOUPIN","0","Over Votes","370","13TH CONGRESS","BRIGHTON 2","1031","11","DEMOCRATIC","0"
"56","0","MACOUPIN","0","Under Votes","370","13TH CONGRESS","CARLINVILLE 4","875","11","DEMOCRATIC","9"
"56","0","MACOUPIN","0","Blank Ballots","370","13TH CONGRESS","CARLINVILLE 4","875","11","DEMOCRATIC","0"
"56","0","MACOUPIN","700","DAVID PALMER","370","13TH CONGRESS","CARLINVILLE 4","875","11","DEMOCRATIC","16"
"56","0","MACOUPIN","695","NIKKI BUDZINSKI","370","13TH CONGRESS","CARLINVILLE 4","875","11","DEMOCRATIC","35"
"56","0","MACOUPIN","0","Over Votes","370","13TH CONGRESS","CARLINVILLE 4","875","11","DEMOCRATIC","0"
"56","0","MACOUPIN","0","Under Votes","370","13TH CONGRESS","GIRARD 1","772","11","DEMOCRATIC","1"
"56","0","MACOUPIN","0","Blank Ballots","370","13TH CONGRESS","GIRARD 1","772","11","DEMOCRATIC","0"
"56","0","MACOUPIN","700","DAVID PALMER","370","13TH CONGRESS","GIRARD 1","772","11","DEMOCRATIC","13"
"56","0","MACOUPIN","695","NIKKI BUDZINSKI","370","13TH CONGRESS","GIRARD 1","772","11","DEMOCRATIC","31"
"56","0","MACOUPIN","0","Over Votes","370","13TH CONGRESS","GIRARD 1","772","11","DEMOCRATIC","0"
"56","0","MACOUPIN","0","Under Votes","370","13TH CONGRESS","MT. OLIVE 4","379","11","DEMOCRATIC","0"
"56","0","MACOUPIN","0","Blank Ballots","370","13TH CONGRESS","MT. OLIVE 4","379","11","DEMOCRATIC","0"
"57","0","MADISON","680","MATT HAUSMAN","370","13TH CONGRESS","WOOD RIVER 15","553","12","REPUBLICAN","15"
"57","0","MADISON","690","TERRY MARTIN","370","13TH CONGRESS","WOOD RIVER 18","541","12","REPUBLICAN","5"
"57","0","MADISON","685","JESSE REISING","370","13TH CONGRESS","WOOD RIVER 18","541","12","REPUBLICAN","14"
"57","0","MADISON","675","REGAN DEERING","370","13TH CONGRESS","WOOD RIVER 18","541","12","REPUBLICAN","14"
"57","0","MADISON","680","MATT HAUSMAN","370","13TH CONGRESS","COLLINSVILLE 03","1156","12","REPUBLICAN","29"
"57","0","MADISON","690","TERRY MARTIN","370","13TH CONGRESS","COLLINSVILLE 03","1156","12","REPUBLICAN","12"
"57","0","MADISON","685","JESSE REISING","370","13TH CONGRESS","COLLINSVILLE 03","1156","12","REPUBLICAN","36"
"57","0","MADISON","675","REGAN DEERING","370","13TH CONGRESS","COLLINSVILLE 03","1156","12","REPUBLICAN","42"
"57","0","MADISON","680","MATT HAUSMAN","370","13TH CONGRESS","COLLINSVILLE 06","1037","12","REPUBLICAN","15"
"57","0","MADISON","690","TERRY MARTIN","370","13TH CONGRESS","COLLINSVILLE 06","1037","12","REPUBLICAN","6"
"57","0","MADISON","685","JESSE REISING","370","13TH CONGRESS","COLLINSVILLE 06","1037","12","REPUBLICAN","28"
"57","0","MADISON","675","REGAN DEERING","370","13TH CONGRESS","COLLINSVILLE 06","1037","12","REPUBLICAN","14"
"57","0","MADISON","680","MATT HAUSMAN","370","13TH CONGRESS","EDWARDSVILLE 22","753","12","REPUBLICAN","26"
"57","0","MADISON","690","TERRY MARTIN","370","13TH CONGRESS","EDWARDSVILLE 22","753","12","REPUBLICAN","7"
"57","0","MADISON","685","JESSE REISING","370","13TH CONGRESS","EDWARDSVILLE 22","753","12","REPUBLICAN","22"
"57","0","MADISON","675","REGAN DEERING","370","13TH CONGRESS","EDWARDSVILLE 22","753","12","REPUBLICAN","26"
"57","0","MADISON","680","MATT HAUSMAN","370","13TH CONGRESS","EDWARDSVILLE 25","847","12","REPUBLICAN","21"
"57","0","MADISON","690","TERRY MARTIN","370","13TH CONGRESS","EDWARDSVILLE 25","847","12","REPUBLICAN","9"
"57","0","MADISON","685","JESSE REISING","370","13TH CONGRESS","EDWARDSVILLE 25","847","12","REPUBLICAN","25"
"57","0","MADISON","675","REGAN DEERING","370","13TH CONGRESS","EDWARDSVILLE 25","847","12","REPUBLICAN","20"
"57","0","MADISON","680","MATT HAUSMAN","370","13TH CONGRESS","MORO 02","878","12","REPUBLICAN","19"
"57","0","MADISON","690","TERRY MARTIN","370","13TH CONGRESS","MORO 02","878","12","REPUBLICAN","8"
"57","0","MADISON","685","JESSE REISING","370","13TH CONGRESS","MORO 02","878","12","REPUBLICAN","41"
"57","0","MADISON","675","REGAN DEERING","370","13TH CONGRESS","MORO 02","878","12","REPUBLICAN","46"
"57","0","MADISON","675","REGAN DEERING","370","13TH CONGRESS","NAMEOKI 01","1141","12","REPUBLICAN","33"
"57","0","MADISON","680","MATT HAUSMAN","370","13TH CONGRESS","NAMEOKI 01","1141","12","REPUBLICAN","45"
"57","0","MADISON","690","TERRY MARTIN","370","13TH CONGRESS","NAMEOKI 01","1141","12","REPUBLICAN","10"
"57","0","MADISON","685","JESSE REISING","370","13TH CONGRESS","NAMEOKI 01","1141","12","REPUBLICAN","38"
"57","0","MADISON","680","MATT HAUSMAN","370","13TH CONGRESS","WOOD RIVER 04","1028","12","REPUBLICAN","22"
"57","0","MADISON","685","JESSE REISING","370","13TH CONGRESS","WOOD RIVER 04","1028","12","REPUBLICAN","22"
"57","0","MADISON","690","TERRY MARTIN","370","13TH CONGRESS","WOOD RIVER 04","1028","12","REPUBLICAN","7"
"57","0","MADISON","675","REGAN DEERING","370","13TH CONGRESS","WOOD RIVER 04","1028","12","REPUBLICAN","34"
"57","0","MADISON","680","MATT HAUSMAN","370","13TH CONGRESS","WOOD RIVER 07","1059","12","REPUBLICAN","32"
"57","0","MADISON","685","JESSE REISING","370","13TH CONGRESS","WOOD RIVER 07","1059","12","REPUBLICAN","32"
"57","0","MADISON","690","TERRY MARTIN","370","13TH CONGRESS","WOOD RIVER 07","1059","12","REPUBLICAN","7"
"57","0","MADISON","675","REGAN DEERING","370","13TH CONGRESS","WOOD RIVER 07","1059","12","REPUBLICAN","23"
"57","0","MADISON","675","REGAN DEERING","370","13TH CONGRESS","WOOD RIVER 10","1104","12","REPUBLICAN","40"
"57","0","MADISON","680","MATT HAUSMAN","370","13TH CONGRESS","WOOD RIVER 10","1104","12","REPUBLICAN","29"
"57","0","MADISON","690","TERRY MARTIN","370","13TH CONGRESS","WOOD RIVER 10","1104","12","REPUBLICAN","12"
"57","0","MADISON","685","JESSE REISING","370","13TH CONGRESS","WOOD RIVER 10","1104","12","REPUBLICAN","54"
"88","0","ST. CLAIR","700","DAVID PALMER","370","13TH CONGRESS","CASEYVILLE 10","477","11","DEMOCRATIC","5"
"88","0","ST. CLAIR","695","NIKKI BUDZINSKI","370","13TH CONGRESS","CENTREVILLE 3","768","11","DEMOCRATIC","22"
"88","0","ST. CLAIR","700","DAVID PALMER","370","13TH CONGRESS","CENTREVILLE 3","768","11","DEMOCRATIC","15"
"88","0","ST. CLAIR","695","NIKKI BUDZINSKI","370","13TH CONGRESS","ST CLAIR 2","720","11","DEMOCRATIC","30"
"88","0","ST. CLAIR","700","DAVID PALMER","370","13TH CONGRESS","ST CLAIR 2","720","11","DEMOCRATIC","5"
"88","0","ST. CLAIR","695","NIKKI BUDZINSKI","370","13TH CONGRESS","ST CLAIR 5","549","11","DEMOCRATIC","35"
"88","0","ST. CLAIR","700","DAVID PALMER","370","13TH CONGRESS","ST CLAIR 5","549","11","DEMOCRATIC","9"
"88","0","ST. CLAIR","695","NIKKI BUDZINSKI","370","13TH CONGRESS","ST CLAIR 8","1082","11","DEMOCRATIC","78"
"88","0","ST. CLAIR","700","DAVID PALMER","370","13TH CONGRESS","ST CLAIR 8","1082","11","DEMOCRATIC","22"
"88","0","ST. CLAIR","700","DAVID PALMER","370","13TH CONGRESS","ST CLAIR 28","914","11","DEMOCRATIC","15"
"88","0","ST. CLAIR","695","NIKKI BUDZINSKI","370","13TH CONGRESS","ST CLAIR 28","914","11","DEMOCRATIC","58"
"88","0","ST. CLAIR","695","NIKKI BUDZINSKI","370","13TH CONGRESS","ST CLAIR 31","812","11","DEMOCRATIC","46"
"88","0","ST. CLAIR","700","DAVID PALMER","370","13TH CONGRESS","ST CLAIR 31","812","11","DEMOCRATIC","22"
"88","0","ST. CLAIR","695","NIKKI BUDZINSKI","370","13TH CONGRESS","STITES 1","406","11","DEMOCRATIC","23"
"88","0","ST. CLAIR","700","DAVID PALMER","370","13TH CONGRESS","STITES 1","406","11","DEMOCRATIC","13"
"88","0","ST. CLAIR","695","NIKKI BUDZINSKI","370","13TH CONGRESS","BELLEVILLE 12","761","11","DEMOCRATIC","39"
"88","0","ST. CLAIR","700","DAVID PALMER","370","13TH CONGRESS","BELLEVILLE 12","761","11","DEMOCRATIC","12"
"88","0","ST. CLAIR","695","NIKKI BUDZINSKI","370","13TH CONGRESS","BELLEVILLE 15","629","11","DEMOCRATIC","38"
"88","0","ST. CLAIR","700","DAVID PALMER","370","13TH CONGRESS","BELLEVILLE 15","629","11","DEMOCRATIC","17"
"88","0","ST. CLAIR","700","DAVID PALMER","370","13TH CONGRESS","BELLEVILLE 18","604","11","DEMOCRATIC","8"
"88","0","ST. CLAIR","695","NIKKI BUDZINSKI","370","13TH CONGRESS","BELLEVILLE 18","604","11","DEMOCRATIC","23"
"88","0","ST. CLAIR","695","NIKKI BUDZINSKI","370","13TH CONGRESS","CANTEEN 2","524","11","DEMOCRATIC","63"
"88","0","ST. CLAIR","700","DAVID PALMER","370","13TH CONGRESS","CANTEEN 2","524","11","DEMOCRATIC","28"
"88","0","ST. CLAIR","695","NIKKI BUDZINSKI","370","13TH CONGRESS","CANTEEN 5","524","11","DEMOCRATIC","155"
"88","0","ST. CLAIR","700","DAVID PALMER","370","13TH CONGRESS","CANTEEN 5","524","11","DEMOCRATIC","17"
"88","0","ST. CLAIR","700","DAVID PALMER","370","13TH CONGRESS","CANTEEN 8","473","11","DEMOCRATIC","6"
"88","0","ST. CLAIR","695","NIKKI BUDZINSKI","370","13TH CONGRESS","CANTEEN 8","473","11","DEMOCRATIC","30"
"88","0","ST. CLAIR","700","DAVID PALMER","370","13TH CONGRESS","CASEYVILLE 1","1018","11","DEMOCRATIC","0"
"88","0","ST. CLAIR","695","NIKKI BUDZINSKI","370","13TH CONGRESS","CASEYVILLE 1","1018","11","DEMOCRATIC","0"
"88","0","ST. CLAIR","695","NIKKI BUDZINSKI","370","13TH CONGRESS","CASEYVILLE 24","736","11","DEMOCRATIC","46"
"88","0","ST. CLAIR","700","DAVID PALMER","370","13TH CONGRESS","CASEYVILLE 24","736","11","DEMOCRATIC","14"
"88","0","ST. CLAIR","695","NIKKI BUDZINSKI","370","13TH CONGRESS","CENTREVILLE 11","581","11","DEMOCRATIC","76"
"88","0","ST. CLAIR","700","DAVID PALMER","370","13TH CONGRESS","CENTREVILLE 11","581","11","DEMOCRATIC","16"
"88","0","ST. CLAIR","695","NIKKI BUDZINSKI","370","13TH CONGRESS","CENTREVILLE 14","604","11","DEMOCRATIC","29"
"88","0","ST. CLAIR","700","DAVID PALMER","370","13TH CONGRESS","CENTREVILLE 14","604","11","DEMOCRATIC","20"
"88","0","ST. CLAIR","700","DAVID PALMER","370","13TH CONGRESS","CENTREVILLE 17","558","11","DEMOCRATIC","18"
"88","0","ST. CLAIR","695","NIKKI BUDZINSKI","370","13TH CONGRESS","CENTREVILLE 17","558","11","DEMOCRATIC","19"
"88","0","ST. CLAIR","700","DAVID PALMER","370","13TH CONGRESS","CENTREVILLE 20","722","11","DEMOCRATIC","9"
"88","0","ST. CLAIR","695","NIKKI BUDZINSKI","370","13TH CONGRESS","CENTREVILLE 20","722","11","DEMOCRATIC","13"
"55","0","MACON","0","Under Votes","370","13TH CONGRESS","ILLINI","920","11","DEMOCRATIC","4"
"55","0","MACON","0","Over Votes","370","13TH CONGRESS","ILLINI","920","11","DEMOCRATIC","0"
"55","0","MACON","700","DAVID PALMER","370","13TH CONGRESS","DECATUR 19","1433","11","DEMOCRATIC","2"
"55","0","MACON","0","Blank Ballots","370","13TH CONGRESS","DECATUR 19","1433","11","DEMOCRATIC","0"
"55","0","MACON","695","NIKKI BUDZINSKI","370","13TH CONGRESS","DECATUR 19","1433","11","DEMOCRATIC","17"
"55","0","MACON","0","Under Votes","370","13TH CONGRESS","DECATUR 19","1433","11","DEMOCRATIC","1"
"55","0","MACON","0","Over Votes","370","13TH CONGRESS","DECATUR 19","1433","11","DEMOCRATIC","0"
"55","0","MACON","700","DAVID PALMER","370","13TH CONGRESS","DECATUR 23","1064","11","DEMOCRATIC","15"
"55","0","MACON","0","Blank Ballots","370","13TH CONGRESS","DECATUR 23","1064","11","DEMOCRATIC","0"
"55","0","MACON","695","NIKKI BUDZINSKI","370","13TH CONGRESS","DECATUR 23","1064","11","DEMOCRATIC","51"
"55","0","MACON","0","Under Votes","370","13TH CONGRESS","DECATUR 23","1064","11","DEMOCRATIC","4"
"55","0","MACON","0","Over Votes","370","13TH CONGRESS","DECATUR 23","1064","11","DEMOCRATIC","0"
"55","0","MACON","700","DAVID PALMER","370","13TH CONGRESS","HICKORY PT. 5","1140","11","DEMOCRATIC","18"
"55","0","MACON","0","Blank Ballots","370","13TH CONGRESS","HICKORY PT. 5","1140","11","DEMOCRATIC","0"
"55","0","MACON","695","NIKKI BUDZINSKI","370","13TH CONGRESS","HICKORY PT. 5","1140","11","DEMOCRATIC","32"
"55","0","MACON","0","Under Votes","370","13TH CONGRESS","HICKORY PT. 5","1140","11","DEMOCRATIC","0"
"55","0","MACON","0","Over Votes","370","13TH CONGRESS","HICKORY PT. 5","1140","11","DEMOCRATIC","0"
"55","0","MACON","700","DAVID PALMER","370","13TH CONGRESS","LONG CREEK 4","1360","11","DEMOCRATIC","1"
"55","0","MACON","0","Blank Ballots","370","13TH CONGRESS","LONG CREEK 4","1360","11","DEMOCRATIC","0"
"55","0","MACON","695","NIKKI BUDZINSKI","370","13TH CONGRESS","LONG CREEK 4","1360","11","DEMOCRATIC","2"
"55","0","MACON","0","Under Votes","370","13TH CONGRESS","LONG CREEK 4","1360","11","DEMOCRATIC","0"
"55","0","MACON","0","Over Votes","370","13TH CONGRESS","LONG CREEK 4","1360","11","DEMOCRATIC","0"
"55","0","MACON","700","DAVID PALMER","370","13TH CONGRESS","DECATUR 4","1448","11","DEMOCRATIC","25"
"55","0","MACON","0","Blank Ballots","370","13TH CONGRESS","DECATUR 4","1448","11","DEMOCRATIC","0"
"55","0","MACON","695","NIKKI BUDZINSKI","370","13TH CONGRESS","DECATUR 4","1448","11","DEMOCRATIC","46"
"55","0","MACON","0","Under Votes","370","13TH CONGRESS","DECATUR 4","1448","11","DEMOCRATIC","1"
"55","0","MACON","0","Over Votes","370","13TH CONGRESS","DECATUR 4","1448","11","DEMOCRATIC","0"
"55","0","MACON","700","DAVID PALMER","370","13TH CONGRESS","DECATUR 22","878","11","DEMOCRATIC","15"
"55","0","MACON","0","Blank Ballots","370","13TH CONGRESS","DECATUR 22","878","11","DEMOCRATIC","0"
"55","0","MACON","695","NIKKI BUDZINSKI","370","13TH CONGRESS","DECATUR 22","878","11","DEMOCRATIC","24"
"55","0","MACON","0","Under Votes","370","13TH CONGRESS","DECATUR 22","878","11","DEMOCRATIC","6"
"55","0","MACON","0","Over Votes","370","13TH CONGRESS","DECATUR 22","878","11","DEMOCRATIC","0"
"55","0","MACON","700","DAVID PALMER","370","13TH CONGRESS","DECATUR 7","771","11","DEMOCRATIC","11"
"55","0","MACON","0","Blank Ballots","370","13TH CONGRESS","DECATUR 7","771","11","DEMOCRATIC","0"
"55","0","MACON","695","NIKKI BUDZINSKI","370","13TH CONGRESS","DECATUR 7","771","11","DEMOCRATIC","36"
"55","0","MACON","0","Under Votes","370","13TH CONGRESS","DECATUR 7","771","11","DEMOCRATIC","2"
"55","0","MACON","0","Over Votes","370","13TH CONGRESS","DECATUR 7","771","11","DEMOCRATIC","0"
"55","0","MACON","700","DAVID PALMER","370","13TH CONGRESS","DECATUR 18","1387","11","DEMOCRATIC","24"
"55","0","MACON","0","Blank Ballots","370","13TH CONGRESS","DECATUR 18","1387","11","DEMOCRATIC","0"
"55","0","MACON","695","NIKKI BUDZINSKI","370","13TH CONGRESS","DECATUR 18","1387","11","DEMOCRATIC","50"
"55","0","MACON","0","Under Votes","370","13TH CONGRESS","DECATUR 18","1387","11","DEMOCRATIC","3"
"55","0","MACON","0","Over Votes","370","13TH CONGRESS","DECATUR 18","1387","11","DEMOCRATIC","0"
"55","0","MACON","700","DAVID PALMER","370","13TH CONGRESS","DECATUR 25","456","11","DEMOCRATIC","10"
"83","0","SANGAMON","695","NIKKI BUDZINSKI","370","13TH CONGRESS","CAPITAL 042","827","11","DEMOCRATIC","75"
"83","0","SANGAMON","700","DAVID PALMER","370","13TH CONGRESS","CAPITAL 042","827","11","DEMOCRATIC","11"
"83","0","SANGAMON","695","NIKKI BUDZINSKI","370","13TH CONGRESS","CAPITAL 045","701","11","DEMOCRATIC","90"
"83","0","SANGAMON","700","DAVID PALMER","370","13TH CONGRESS","CAPITAL 045","701","11","DEMOCRATIC","12"
"83","0","SANGAMON","695","NIKKI BUDZINSKI","370","13TH CONGRESS","CAPITAL 048","554","11","DEMOCRATIC","36"
"83","0","SANGAMON","700","DAVID PALMER","370","13TH CONGRESS","CAPITAL 048","554","11","DEMOCRATIC","5"
"83","0","SANGAMON","700","DAVID PALMER","370","13TH CONGRESS","CAPITAL 051","692","11","DEMOCRATIC","15"
"83","0","SANGAMON","695","NIKKI BUDZINSKI","370","13TH CONGRESS","CAPITAL 051","692","11","DEMOCRATIC","58"
"83","0","SANGAMON","695","NIKKI BUDZINSKI","370","13TH CONGRESS","CAPITAL 071","643","11","DEMOCRATIC","36"
"83","0","SANGAMON","700","DAVID PALMER","370","13TH CONGRESS","CAPITAL 071","643","11","DEMOCRATIC","6"
"83","0","SANGAMON","695","NIKKI BUDZINSKI","370","13TH CONGRESS","CAPITAL 074","412","11","DEMOCRATIC","44"
"83","0","SANGAMON","700","DAVID PALMER","370","13TH CONGRESS","CAPITAL 074","412","11","DEMOCRATIC","4"
"83","0","SANGAMON","700","DAVID PALMER","370","13TH CONGRESS","CAPITAL 077","444","11","DEMOCRATIC","3"
"83","0","SANGAMON","695","NIKKI BUDZINSKI","370","13TH CONGRESS","CAPITAL 077","444","11","DEMOCRATIC","19"
"83","0","SANGAMON","700","DAVID PALMER","370","13TH CONGRESS","CAPITAL 080","806","11","DEMOCRATIC","8"
"83","0","SANGAMON","695","NIKKI BUDZINSKI","370","13TH CONGRESS","CAPITAL 080","806","11","DEMOCRATIC","55"
"83","0","SANGAMON","700","DAVID PALMER","370","13TH CONGRESS","AUBURN 001","833","11","DEMOCRATIC","4"
"83","0","SANGAMON","695","NIKKI BUDZINSKI","370","13TH CONGRESS","AUBURN 001","833","11","DEMOCRATIC","28"
"83","0","SANGAMON","695","NIKKI BUDZINSKI","370","13TH CONGRESS","AUBURN 004","792","11","DEMOCRATIC","21"
"83","0","SANGAMON","700","DAVID PALMER","370","13TH CONGRESS","AUBURN 004","792","11","DEMOCRATIC","2"
"83","0","SANGAMON","695","NIKKI BUDZINSKI","370","13TH CONGRESS","BALL 002","1162","11","DEMOCRATIC","40"
"83","0","SANGAMON","700","DAVID PALMER","370","13TH CONGRESS","BALL 002","1162","11","DEMOCRATIC","2"
"83","0","SANGAMON","695","NIKKI BUDZINSKI","370","13TH CONGRESS","BALL 005","1180","11","DEMOCRATIC","64"
"83","0","SANGAMON","700","DAVID PALMER","370","13TH CONGRESS","BALL 005","1180","11","DEMOCRATIC","7"
"83","0","SANGAMON","695","NIKKI BUDZINSKI","370","13TH CONGRESS","DIVERNON 002","401","11","DEMOCRATIC","11"
"83","0","SANGAMON","700","DAVID PALMER","370","13TH CONGRESS","DIVERNON 002","401","11","DEMOCRATIC","5"
"83","0","SANGAMON","695","NIKKI BUDZINSKI","370","13TH CONGRESS","GARDNER 004","724","11","DEMOCRATIC","2"
"83","0","SANGAMON","700","DAVID PALMER","370","13TH CONGRESS","GARDNER 004","724","11","DEMOCRATIC","0"
"83","0","SANGAMON","695","NIKKI BUDZINSKI","370","13TH CONGRESS","WOODSIDE 003","639","11","DEMOCRATIC","57"
"83","0","SANGAMON","700","DAVID PALMER","370","13TH CONGRESS","WOODSIDE 003","639","11","DEMOCRATIC","4"
"83","0","SANGAMON","695","NIKKI BUDZINSKI","370","13TH CONGRESS","CAPITAL 002","712","11","DEMOCRATIC","53"
"83","0","SANGAMON","700","DAVID PALMER","370","13TH CONGRESS","CAPITAL 002","712","11","DEMOCRATIC","9"
"83","0","SANGAMON","695","NIKKI BUDZINSKI","370","13TH CONGRESS","CAPITAL 022","1197","11","DEMOCRATIC","64"
"83","0","SANGAMON","700","DAVID PALMER","370","13TH CONGRESS","CAPITAL 022","1197","11","DEMOCRATIC","14"
"83","0","SANGAMON","695","NIKKI BUDZINSKI","370","13TH CONGRESS","CAPITAL 025","974","11","DEMOCRATIC","42"
"83","0","SANGAMON","700","DAVID PALMER","370","13TH CONGRESS","CAPITAL 025","974","11","DEMOCRATIC","5"
"83","0","SANGAMON","695","NIKKI BUDZINSKI","370","13TH CONGRESS","CAPITAL 028","791","11","DEMOCRATIC","55"
"83","0","SANGAMON","700","DAVID PALMER","370","13TH CONGRESS","CAPITAL 028","791","11","DEMOCRATIC","8"
"83","0","SANGAMON","695","NIKKI BUDZINSKI","370","13TH CONGRESS","CAPITAL 031","552","11","DEMOCRATIC","67"
"83","0","SANGAMON","700","DAVID PALMER","370","13TH CONGRESS","CAPITAL 031","552","11","DEMOCRATIC","4"
"74","0","PIATT","0","Blank Ballots","370","13TH CONGRESS","MONTICELLO 3","822","12","REPUBLICAN","8"
"74","0","PIATT","680","MATT HAUSMAN","370","13TH CONGRESS","CERRO GORDO 4","490","12","REPUBLICAN","11"
"74","0","PIATT","675","REGAN DEERING","370","13TH CONGRESS","CERRO GORDO 4","490","12","REPUBLICAN","37"
"74","0","PIATT","685","JESSE REISING","370","13TH CONGRESS","CERRO GORDO 4","490","12","REPUBLICAN","59"
"74","0","PIATT","0","Over Votes","370","13TH CONGRESS","CERRO GORDO 4","490","12","REPUBLICAN","0"
"74","0","PIATT","0","Under Votes","370","13TH CONGRESS","CERRO GORDO 4","490","12","REPUBLICAN","0"
"74","0","PIATT","690","TERRY MARTIN","370","13TH CONGRESS","CERRO GORDO 4","490","12","REPUBLICAN","9"
"74","0","PIATT","0","Blank Ballots","370","13TH CONGRESS","CERRO GORDO 4","490","12","REPUBLICAN","8"
"74","0","PIATT","680","MATT HAUSMAN","370","13TH CONGRESS","BEMENT 2","645","12","REPUBLICAN","36"
"74","0","PIATT","675","REGAN DEERING","370","13TH CONGRESS","BEMENT 2","645","12","REPUBLICAN","16"
"74","0","PIATT","685","JESSE REISING","370","13TH CONGRESS","BEMENT 2","645","12","REPUBLICAN","65"
"74","0","PIATT","0","Over Votes","370","13TH CONGRESS","BEMENT 2","645","12","REPUBLICAN","0"
"74","0","PIATT","0","Under Votes","370","13TH CONGRESS","BEMENT 2","645","12","REPUBLICAN","0"
"74","0","PIATT","690","TERRY MARTIN","370","13TH CONGRESS","BEMENT 2","645","12","REPUBLICAN","5"
"74","0","PIATT","0","Blank Ballots","370","13TH CONGRESS","BEMENT 2","645","12","REPUBLICAN","6"
"74","0","PIATT","680","MATT HAUSMAN","370","13TH CONGRESS","MONTICELLO 4","1300","12","REPUBLICAN","67"
"74","0","PIATT","675","REGAN DEERING","370","13TH CONGRESS","MONTICELLO 4","1300","12","REPUBLICAN","72"
"74","0","PIATT","685","JESSE REISING","370","13TH CONGRESS","MONTICELLO 4","1300","12","REPUBLICAN","75"
"74","0","PIATT","0","Over Votes","370","13TH CONGRESS","MONTICELLO 4","1300","12","REPUBLICAN","0"
"74","0","PIATT","0","Under Votes","370","13TH CONGRESS","MONTICELLO 4","1300","12","REPUBLICAN","0"
"74","0","PIATT","690","TERRY MARTIN","370","13TH CONGRESS","MONTICELLO 4","1300","12","REPUBLICAN","17"
"74","0","PIATT","0","Blank Ballots","370","13TH CONGRESS","MONTICELLO 4","1300","12","REPUBLICAN","23"
"83","0","SANGAMON","685","JESSE REISING","370","13TH CONGRESS","CAPITAL 001","448","12","REPUBLICAN","12"
"83","0","SANGAMON","675","REGAN DEERING","370","13TH CONGRESS","CAPITAL 001","448","12","REPUBLICAN","8"
"83","0","SANGAMON","690","TERRY MARTIN","370","13TH CONGRESS","CAPITAL 001","448","12","REPUBLICAN","4"
"83","0","SANGAMON","680","MATT HAUSMAN","370","13TH CONGRESS","CAPITAL 001","448","12","REPUBLICAN","6"
"83","0","SANGAMON","685","JESSE REISING","370","13TH CONGRESS","CAPITAL 004","764","12","REPUBLICAN","20"
"83","0","SANGAMON","675","REGAN DEERING","370","13TH CONGRESS","CAPITAL 004","764","12","REPUBLICAN","18"
"83","0","SANGAMON","690","TERRY MARTIN","370","13TH CONGRESS","CAPITAL 004","764","12","REPUBLICAN","2"
"83","0","SANGAMON","680","MATT HAUSMAN","370","13TH CONGRESS","CAPITAL 004","764","12","REPUBLICAN","10"
"83","0","SANGAMON","685","JESSE REISING","370","13TH CONGRESS","CAPITAL 007","442","12","REPUBLICAN","6"
"83","0","SANGAMON","675","REGAN DEERING","370","13TH CONGRESS","CAPITAL 007","442","12","REPUBLICAN","5"
"83","0","SANGAMON","690","TERRY MARTIN","370","13TH CONGRESS","CAPITAL 007","442","12","REPUBLICAN","2"
"83","0","SANGAMON","680","MATT HAUSMAN","370","13TH CONGRESS","CAPITAL 007","442","12","REPUBLICAN","2"
"83","0","SANGAMON","685","JESSE REISING","370","13TH CONGRESS","CAPITAL 010","613","12","REPUBLICAN","16"
"83","0","SANGAMON","675","REGAN DEERING","370","13TH CONGRESS","CAPITAL 010","613","12","REPUBLICAN","19"
"83","0","SANGAMON","690","TERRY MARTIN","370","13TH CONGRESS","CAPITAL 010","613","12","REPUBLICAN","6"
"83","0","SANGAMON","680","MATT HAUSMAN","370","13TH CONGRESS","CAPITAL 010","613","12","REPUBLICAN","9"
"83","0","SANGAMON","690","TERRY MARTIN","370","13TH CONGRESS","CAPITAL 033","699","12","REPUBLICAN","2"
"83","0","SANGAMON","685","JESSE REISING","370","13TH CONGRESS","CAPITAL 033","699","12","REPUBLICAN","13"
"83","0","SANGAMON","675","REGAN DEERING","370","13TH CONGRESS","CAPITAL 033","699","12","REPUBLICAN","14"
"74","0","PIATT","0","Over Votes","370","13TH CONGRESS","MONTICELLO 4","1300","11","DEMOCRATIC","0"
"74","0","PIATT","0","Under Votes","370","13TH CONGRESS","MONTICELLO 4","1300","11","DEMOCRATIC","0"
"74","0","PIATT","700","DAVID PALMER","370","13TH CONGRESS","MONTICELLO 4","1300","11","DEMOCRATIC","29"
"56","0","MACOUPIN","0","Under Votes","370","13TH CONGRESS","BRIGHTON 3","865","12","REPUBLICAN","8"
"56","0","MACOUPIN","0","Blank Ballots","370","13TH CONGRESS","BRIGHTON 3","865","12","REPUBLICAN","0"
"56","0","MACOUPIN","675","REGAN DEERING","370","13TH CONGRESS","BRIGHTON 3","865","12","REPUBLICAN","33"
"56","0","MACOUPIN","680","MATT HAUSMAN","370","13TH CONGRESS","BRIGHTON 3","865","12","REPUBLICAN","41"
"56","0","MACOUPIN","0","Over Votes","370","13TH CONGRESS","BRIGHTON 3","865","12","REPUBLICAN","0"
"56","0","MACOUPIN","685","JESSE REISING","370","13TH CONGRESS","BRIGHTON 3","865","12","REPUBLICAN","35"
"56","0","MACOUPIN","690","TERRY MARTIN","370","13TH CONGRESS","BRIGHTON 3","865","12","REPUBLICAN","10"
"56","0","MACOUPIN","0","Under Votes","370","13TH CONGRESS","CARLINVILLE 1","1028","12","REPUBLICAN","23"
"56","0","MACOUPIN","0","Blank Ballots","370","13TH CONGRESS","CARLINVILLE 1","1028","12","REPUBLICAN","0"
"56","0","MACOUPIN","675","REGAN DEERING","370","13TH CONGRESS","CARLINVILLE 1","1028","12","REPUBLICAN","63"
"56","0","MACOUPIN","680","MATT HAUSMAN","370","13TH CONGRESS","CARLINVILLE 1","1028","12","REPUBLICAN","18"
"56","0","MACOUPIN","0","Over Votes","370","13TH CONGRESS","CARLINVILLE 1","1028","12","REPUBLICAN","0"
"56","0","MACOUPIN","685","JESSE REISING","370","13TH CONGRESS","CARLINVILLE 1","1028","12","REPUBLICAN","33"
"56","0","MACOUPIN","690","TERRY MARTIN","370","13TH CONGRESS","CARLINVILLE 1","1028","12","REPUBLICAN","8"
"56","0","MACOUPIN","0","Under Votes","370","13TH CONGRESS","GIRARD 2","642","12","REPUBLICAN","7"
"56","0","MACOUPIN","0","Blank Ballots","370","13TH CONGRESS","GIRARD 2","642","12","REPUBLICAN","0"
"56","0","MACOUPIN","675","REGAN DEERING","370","13TH CONGRESS","GIRARD 2","642","12","REPUBLICAN","30"
"56","0","MACOUPIN","680","MATT HAUSMAN","370","13TH CONGRESS","GIRARD 2","642","12","REPUBLICAN","14"
"56","0","MACOUPIN","0","Over Votes","370","13TH CONGRESS","GIRARD 2","642","12","REPUBLICAN","0"
"56","0","MACOUPIN","685","JESSE REISING","370","13TH CONGRESS","GIRARD 2","642","12","REPUBLICAN","23"
"56","0","MACOUPIN","690","TERRY MARTIN","370","13TH CONGRESS","GIRARD 2","642","12","REPUBLICAN","8"
"56","0","MACOUPIN","0","Under Votes","370","13TH CONGRESS","NILWOOD","393","12","REPUBLICAN","13"
"56","0","MACOUPIN","0","Blank Ballots","370","13TH CONGRESS","NILWOOD","393","12","REPUBLICAN","0"
"56","0","MACOUPIN","675","REGAN DEERING","370","13TH CONGRESS","NILWOOD","393","12","REPUBLICAN","34"
"56","0","MACOUPIN","680","MATT HAUSMAN","370","13TH CONGRESS","NILWOOD","393","12","REPUBLICAN","19"
"56","0","MACOUPIN","0","Over Votes","370","13TH CONGRESS","NILWOOD","393","12","REPUBLICAN","0"
"56","0","MACOUPIN","685","JESSE REISING","370","13TH CONGRESS","NILWOOD","393","12","REPUBLICAN","14"
"56","0","MACOUPIN","690","TERRY MARTIN","370","13TH CONGRESS","NILWOOD","393","12","REPUBLICAN","7"
"56","0","MACOUPIN","0","Under Votes","370","13TH CONGRESS","STAUNTON 3","991","12","REPUBLICAN","9"
"56","0","MACOUPIN","0","Blank Ballots","370","13TH CONGRESS","STAUNTON 3","991","12","REPUBLICAN","0"
"56","0","MACOUPIN","675","REGAN DEERING","370","13TH CONGRESS","STAUNTON 3","991","12","REPUBLICAN","30"
"56","0","MACOUPIN","680","MATT HAUSMAN","370","13TH CONGRESS","STAUNTON 3","991","12","REPUBLICAN","7"
"56","0","MACOUPIN","0","Over Votes","370","13TH CONGRESS","STAUNTON 3","991","12","REPUBLICAN","0"
"56","0","MACOUPIN","685","JESSE REISING","370","13TH CONGRESS","STAUNTON 3","991","12","REPUBLICAN","25"
"56","0","MACOUPIN","690","TERRY MARTIN","370","13TH CONGRESS","STAUNTON 3","991","12","REPUBLICAN","4"
"56","0","MACOUPIN","0","Under Votes","370","13TH CONGRESS","BRIGHTON 2","1031","12","REPUBLICAN","12"
"56","0","MACOUPIN","0","Blank Ballots","370","13TH CONGRESS","BRIGHTON 2","1031","12","REPUBLICAN","0"
"56","0","MACOUPIN","675","REGAN DEERING","370","13TH CONGRESS","BRIGHTON 2","1031","12","REPUBLICAN","47"
"56","0","MACOUPIN","680","MATT HAUSMAN","370","13TH CONGRESS","BRIGHTON 2","1031","12","REPUBLICAN","43"
"56","0","MACOUPIN","700","DAVID PALMER","370","13TH CONGRESS","MT. OLIVE 4","379","11","DEMOCRATIC","7"
"56","0","MACOUPIN","0","Over Votes","370","13TH CONGRESS","MT. OLIVE 4","379","11","DEMOCRATIC","0"
"56","0","MACOUPIN","695","NIKKI BUDZINSKI","370","13TH CONGRESS","MT. OLIVE 4","379","11","DEMOCRATIC","18"
"56","0","MACOUPIN","0","Under Votes","370","13TH CONGRESS","POLK","481","11","DEMOCRATIC","4"
"56","0","MACOUPIN","0","Blank Ballots","370","13TH CONGRESS","POLK","481","11","DEMOCRATIC","0"
"56","0","MACOUPIN","700","DAVID PALMER","370","13TH CONGRESS","POLK","481","11","DEMOCRATIC","3"
"56","0","MACOUPIN","695","NIKKI BUDZINSKI","370","13TH CONGRESS","POLK","481","11","DEMOCRATIC","15"
"56","0","MACOUPIN","0","Over Votes","370","13TH CONGRESS","POLK","481","11","DEMOCRATIC","0"
"56","0","MACOUPIN","0","Blank Ballots","370","13TH CONGRESS","STAUNTON 2","828","11","DEMOCRATIC","0"
"56","0","MACOUPIN","700","DAVID PALMER","370","13TH CONGRESS","STAUNTON 2","828","11","DEMOCRATIC","10"
"56","0","MACOUPIN","0","Under Votes","370","13TH CONGRESS","STAUNTON 2","828","11","DEMOCRATIC","2"
"56","0","MACOUPIN","695","NIKKI BUDZINSKI","370","13TH CONGRESS","STAUNTON 2","828","11","DEMOCRATIC","27"
"56","0","MACOUPIN","0","Over Votes","370","13TH CONGRESS","STAUNTON 2","828","11","DEMOCRATIC","0"
"56","0","MACOUPIN","0","Blank Ballots","370","13TH CONGRESS","BRIGHTON 3","865","11","DEMOCRATIC","0"
"56","0","MACOUPIN","700","DAVID PALMER","370","13TH CONGRESS","BRIGHTON 3","865","11","DEMOCRATIC","9"
"56","0","MACOUPIN","0","Under Votes","370","13TH CONGRESS","BRIGHTON 3","865","11","DEMOCRATIC","3"
"56","0","MACOUPIN","0","Over Votes","370","13TH CONGRESS","BRIGHTON 3","865","11","DEMOCRATIC","0"
"56","0","MACOUPIN","695","NIKKI BUDZINSKI","370","13TH CONGRESS","BRIGHTON 3","865","11","DEMOCRATIC","16"
"56","0","MACOUPIN","0","Under Votes","370","13TH CONGRESS","CARLINVILLE 1","1028","11","DEMOCRATIC","13"
"56","0","MACOUPIN","0","Blank Ballots","370","13TH CONGRESS","CARLINVILLE 1","1028","11","DEMOCRATIC","0"
"56","0","MACOUPIN","700","DAVID PALMER","370","13TH CONGRESS","CARLINVILLE 1","1028","11","DEMOCRATIC","15"
"56","0","MACOUPIN","695","NIKKI BUDZINSKI","370","13TH CONGRESS","CARLINVILLE 1","1028","11","DEMOCRATIC","66"
"56","0","MACOUPIN","0","Over Votes","370","13TH CONGRESS","CARLINVILLE 1","1028","11","DEMOCRATIC","0"
"56","0","MACOUPIN","0","Under Votes","370","13TH CONGRESS","GIRARD 2","642","11","DEMOCRATIC","4"
"56","0","MACOUPIN","0","Blank Ballots","370","13TH CONGRESS","GIRARD 2","642","11","DEMOCRATIC","0"
"56","0","MACOUPIN","700","DAVID PALMER","370","13TH CONGRESS","GIRARD 2","642","11","DEMOCRATIC","6"
"56","0","MACOUPIN","0","Over Votes","370","13TH CONGRESS","GIRARD 2","642","11","DEMOCRATIC","0"
"56","0","MACOUPIN","695","NIKKI BUDZINSKI","370","13TH CONGRESS","GIRARD 2","642","11","DEMOCRATIC","27"
"56","0","MACOUPIN","0","Under Votes","370","13TH CONGRESS","NILWOOD","393","11","DEMOCRATIC","1"
"56","0","MACOUPIN","0","Blank Ballots","370","13TH CONGRESS","NILWOOD","393","11","DEMOCRATIC","0"
"56","0","MACOUPIN","700","DAVID PALMER","370","13TH CONGRESS","NILWOOD","393","11","DEMOCRATIC","2"
"56","0","MACOUPIN","695","NIKKI BUDZINSKI","370","13TH CONGRESS","NILWOOD","393","11","DEMOCRATIC","10"
"56","0","MACOUPIN","0","Over Votes","370","13TH CONGRESS","NILWOOD","393","11","DEMOCRATIC","0"
"56","0","MACOUPIN","0","Under Votes","370","13TH CONGRESS","STAUNTON 3","991","11","DEMOCRATIC","7"
"56","0","MACOUPIN","0","Blank Ballots","370","13TH CONGRESS","STAUNTON 3","991","11","DEMOCRATIC","0"
"56","0","MACOUPIN","700","DAVID PALMER","370","13TH CONGRESS","STAUNTON 3","991","11","DEMOCRATIC","14"
"56","0","MACOUPIN","0","Over Votes","370","13TH CONGRESS","STAUNTON 3","991","11","DEMOCRATIC","0"
"56","0","MACOUPIN","695","NIKKI BUDZINSKI","370","13TH CONGRESS","STAUNTON 3","991","11","DEMOCRATIC","34"
"56","0","MACOUPIN","0","Under Votes","370","13TH CONGRESS","BARR","231","11","DEMOCRATIC","3"
"56","0","MACOUPIN","0","Blank Ballots","370","13TH CONGRESS","BARR","231","11","DEMOCRATIC","0"
"56","0","MACOUPIN","700","DAVID PALMER","370","13TH CONGRESS","BARR","231","11","DEMOCRATIC","5"
"56","0","MACOUPIN","695","NIKKI BUDZINSKI","370","13TH CONGRESS","BARR","231","11","DEMOCRATIC","3"
"55","0","MACON","0","Blank Ballots","370","13TH CONGRESS","DECATUR 25","456","11","DEMOCRATIC","0"
"55","0","MACON","695","NIKKI BUDZINSKI","370","13TH CONGRESS","DECATUR 25","456","11","DEMOCRATIC","23"
"55","0","MACON","0","Under Votes","370","13TH CONGRESS","DECATUR 25","456","11","DEMOCRATIC","2"
"55","0","MACON","0","Over Votes","370","13TH CONGRESS","DECATUR 25","456","11","DEMOCRATIC","0"
"55","0","MACON","700","DAVID PALMER","370","13TH CONGRESS","HICKORY PT. 4","1033","11","DEMOCRATIC","16"
"55","0","MACON","0","Blank Ballots","370","13TH CONGRESS","HICKORY PT. 4","1033","11","DEMOCRATIC","0"
"55","0","MACON","695","NIKKI BUDZINSKI","370","13TH CONGRESS","HICKORY PT. 4","1033","11","DEMOCRATIC","49"
"55","0","MACON","0","Under Votes","370","13TH CONGRESS","HICKORY PT. 4","1033","11","DEMOCRATIC","3"
"55","0","MACON","0","Over Votes","370","13TH CONGRESS","HICKORY PT. 4","1033","11","DEMOCRATIC","0"
"55","0","MACON","700","DAVID PALMER","370","13TH CONGRESS","DECATUR 3","1577","11","DEMOCRATIC","46"
"55","0","MACON","0","Blank Ballots","370","13TH CONGRESS","DECATUR 3","1577","11","DEMOCRATIC","0"
"55","0","MACON","695","NIKKI BUDZINSKI","370","13TH CONGRESS","DECATUR 3","1577","11","DEMOCRATIC","81"
"55","0","MACON","0","Under Votes","370","13TH CONGRESS","DECATUR 3","1577","11","DEMOCRATIC","11"
"55","0","MACON","0","Over Votes","370","13TH CONGRESS","DECATUR 3","1577","11","DEMOCRATIC","2"
"55","0","MACON","700","DAVID PALMER","370","13TH CONGRESS","DECATUR 14","646","11","DEMOCRATIC","6"
"55","0","MACON","0","Blank Ballots","370","13TH CONGRESS","DECATUR 14","646","11","DEMOCRATIC","0"
"55","0","MACON","695","NIKKI BUDZINSKI","370","13TH CONGRESS","DECATUR 14","646","11","DEMOCRATIC","30"
"55","0","MACON","0","Under Votes","370","13TH CONGRESS","DECATUR 14","646","11","DEMOCRATIC","1"
"55","0","MACON","0","Over Votes","370","13TH CONGRESS","DECATUR 14","646","11","DEMOCRATIC","0"
"55","0","MACON","700","DAVID PALMER","370","13TH CONGRESS","DECATUR 28","1208","11","DEMOCRATIC","13"
"55","0","MACON","0","Blank Ballots","370","13TH CONGRESS","DECATUR 28","1208","11","DEMOCRATIC","0"
"55","0","MACON","695","NIKKI BUDZINSKI","370","13TH CONGRESS","DECATUR 28","1208","11","DEMOCRATIC","51"
"55","0","MACON","0","Under Votes","370","13TH CONGRESS","DECATUR 28","1208","11","DEMOCRATIC","1"
"55","0","MACON","0","Over Votes","370","13TH CONGRESS","DECATUR 28","1208","11","DEMOCRATIC","0"
"55","0","MACON","700","DAVID PALMER","370","13TH CONGRESS","HARRISTOWN","1324","11","DEMOCRATIC","11"
"55","0","MACON","0","Blank Ballots","370","13TH CONGRESS","HARRISTOWN","1324","11","DEMOCRATIC","0"
"55","0","MACON","695","NIKKI BUDZINSKI","370","13TH CONGRESS","HARRISTOWN","1324","11","DEMOCRATIC","34"
"55","0","MACON","0","Under Votes","370","13TH CONGRESS","HARRISTOWN","1324","11","DEMOCRATIC","2"
"55","0","MACON","0","Over Votes","370","13TH CONGRESS","HARRISTOWN","1324","11","DEMOCRATIC","0"
"55","0","MACON","700","DAVID PALMER","370","13TH CONGRESS","OAKLEY","837","11","DEMOCRATIC","4"
"55","0","MACON","0","Blank Ballots","370","13TH CONGRESS","OAKLEY","837","11","DEMOCRATIC","0"
"55","0","MACON","695","NIKKI BUDZINSKI","370","13TH CONGRESS","OAKLEY","837","11","DEMOCRATIC","17"
"55","0","MACON","0","Under Votes","370","13TH CONGRESS","OAKLEY","837","11","DEMOCRATIC","0"
"55","0","MACON","0","Over Votes","370","13TH CONGRESS","OAKLEY","837","11","DEMOCRATIC","0"
"55","0","MACON","700","DAVID PALMER","370","13TH CONGRESS","WHITMORE 2","1574","11","DEMOCRATIC","35"
"55","0","MACON","0","Blank Ballots","370","13TH CONGRESS","WHITMORE 2","1574","11","DEMOCRATIC","0"
"55","0","MACON","695","NIKKI BUDZINSKI","370","13TH CONGRESS","WHITMORE 2","1574","11","DEMOCRATIC","77"
"55","0","MACON","0","Under Votes","370","13TH CONGRESS","WHITMORE 2","1574","11","DEMOCRATIC","0"
"55","0","MACON","0","Over Votes","370","13TH CONGRESS","WHITMORE 2","1574","11","DEMOCRATIC","0"
"55","0","MACON","700","DAVID PALMER","370","13TH CONGRESS","DECATUR 10","1222","11","DEMOCRATIC","15"
"55","0","MACON","0","Blank Ballots","370","13TH CONGRESS","DECATUR 10","1222","11","DEMOCRATIC","0"
"55","0","MACON","695","NIKKI BUDZINSKI","370","13TH CONGRESS","DECATUR 10","1222","11","DEMOCRATIC","48"
"55","0","MACON","0","Under Votes","370","13TH CONGRESS","DECATUR 10","1222","11","DEMOCRATIC","6"
"57","0","MADISON","675","REGAN DEERING","370","13TH CONGRESS","WOOD RIVER 13","963","12","REPUBLICAN","43"
"57","0","MADISON","680","MATT HAUSMAN","370","13TH CONGRESS","WOOD RIVER 13","963","12","REPUBLICAN","48"
"57","0","MADISON","690","TERRY MARTIN","370","13TH CONGRESS","WOOD RIVER 13","963","12","REPUBLICAN","7"
"57","0","MADISON","685","JESSE REISING","370","13TH CONGRESS","WOOD RIVER 13","963","12","REPUBLICAN","47"
"57","0","MADISON","675","REGAN DEERING","370","13TH CONGRESS","FOSTER 03","677","12","REPUBLICAN","32"
"57","0","MADISON","680","MATT HAUSMAN","370","13TH CONGRESS","FOSTER 03","677","12","REPUBLICAN","29"
"57","0","MADISON","690","TERRY MARTIN","370","13TH CONGRESS","FOSTER 03","677","12","REPUBLICAN","3"
"57","0","MADISON","685","JESSE REISING","370","13TH CONGRESS","FOSTER 03","677","12","REPUBLICAN","36"
"57","0","MADISON","690","TERRY MARTIN","370","13TH CONGRESS","COLLINSVILLE 20","1044","12","REPUBLICAN","0"
"57","0","MADISON","685","JESSE REISING","370","13TH CONGRESS","COLLINSVILLE 20","1044","12","REPUBLICAN","0"
"57","0","MADISON","675","REGAN DEERING","370","13TH CONGRESS","COLLINSVILLE 20","1044","12","REPUBLICAN","3"
"57","0","MADISON","680","MATT HAUSMAN","370","13TH CONGRESS","COLLINSVILLE 20","1044","12","REPUBLICAN","1"
"57","0","MADISON","690","TERRY MARTIN","370","13TH CONGRESS","COLLINSVILLE 23","1081","12","REPUBLICAN","12"
"57","0","MADISON","685","JESSE REISING","370","13TH CONGRESS","COLLINSVILLE 23","1081","12","REPUBLICAN","42"
"57","0","MADISON","675","REGAN DEERING","370","13TH CONGRESS","COLLINSVILLE 23","1081","12","REPUBLICAN","56"
"57","0","MADISON","680","MATT HAUSMAN","370","13TH CONGRESS","COLLINSVILLE 23","1081","12","REPUBLICAN","26"
"57","0","MADISON","690","TERRY MARTIN","370","13TH CONGRESS","EDWARDSVILLE 10","1127","12","REPUBLICAN","8"
"57","0","MADISON","685","JESSE REISING","370","13TH CONGRESS","EDWARDSVILLE 10","1127","12","REPUBLICAN","45"
"57","0","MADISON","675","REGAN DEERING","370","13TH CONGRESS","EDWARDSVILLE 10","1127","12","REPUBLICAN","64"
"57","0","MADISON","680","MATT HAUSMAN","370","13TH CONGRESS","EDWARDSVILLE 10","1127","12","REPUBLICAN","28"
"57","0","MADISON","690","TERRY MARTIN","370","13TH CONGRESS","EDWARDSVILLE 13","894","12","REPUBLICAN","10"
"57","0","MADISON","685","JESSE REISING","370","13TH CONGRESS","EDWARDSVILLE 13","894","12","REPUBLICAN","42"
"57","0","MADISON","675","REGAN DEERING","370","13TH CONGRESS","EDWARDSVILLE 13","894","12","REPUBLICAN","39"
"57","0","MADISON","680","MATT HAUSMAN","370","13TH CONGRESS","EDWARDSVILLE 13","894","12","REPUBLICAN","26"
"57","0","MADISON","690","TERRY MARTIN","370","13TH CONGRESS","EDWARDSVILLE 16","1040","12","REPUBLICAN","10"
"57","0","MADISON","685","JESSE REISING","370","13TH CONGRESS","EDWARDSVILLE 16","1040","12","REPUBLICAN","46"
"57","0","MADISON","675","REGAN DEERING","370","13TH CONGRESS","EDWARDSVILLE 16","1040","12","REPUBLICAN","40"
"57","0","MADISON","680","MATT HAUSMAN","370","13TH CONGRESS","EDWARDSVILLE 16","1040","12","REPUBLICAN","20"
"57","0","MADISON","690","TERRY MARTIN","370","13TH CONGRESS","EDWARDSVILLE 19","962","12","REPUBLICAN","3"
"57","0","MADISON","685","JESSE REISING","370","13TH CONGRESS","EDWARDSVILLE 19","962","12","REPUBLICAN","35"
"57","0","MADISON","675","REGAN DEERING","370","13TH CONGRESS","EDWARDSVILLE 19","962","12","REPUBLICAN","39"
"57","0","MADISON","680","MATT HAUSMAN","370","13TH CONGRESS","EDWARDSVILLE 19","962","12","REPUBLICAN","35"
"57","0","MADISON","690","TERRY MARTIN","370","13TH CONGRESS","FORT RUSSELL 03","1078","12","REPUBLICAN","9"
"57","0","MADISON","685","JESSE REISING","370","13TH CONGRESS","FORT RUSSELL 03","1078","12","REPUBLICAN","34"
"57","0","MADISON","675","REGAN DEERING","370","13TH CONGRESS","FORT RUSSELL 03","1078","12","REPUBLICAN","44"
"57","0","MADISON","680","MATT HAUSMAN","370","13TH CONGRESS","FORT RUSSELL 03","1078","12","REPUBLICAN","43"
"57","0","MADISON","690","TERRY MARTIN","370","13TH CONGRESS","FORT RUSSELL 06","1036","12","REPUBLICAN","9"
"57","0","MADISON","685","JESSE REISING","370","13TH CONGRESS","FORT RUSSELL 06","1036","12","REPUBLICAN","52"
"57","0","MADISON","675","REGAN DEERING","370","13TH CONGRESS","FORT RUSSELL 06","1036","12","REPUBLICAN","46"
"88","0","ST. CLAIR","700","DAVID PALMER","370","13TH CONGRESS","MILLSTADT 1","1195","11","DEMOCRATIC","0"
"88","0","ST. CLAIR","695","NIKKI BUDZINSKI","370","13TH CONGRESS","MILLSTADT 1","1195","11","DEMOCRATIC","0"
"88","0","ST. CLAIR","695","NIKKI BUDZINSKI","370","13TH CONGRESS","O FALLON 10","1137","11","DEMOCRATIC","60"
"88","0","ST. CLAIR","700","DAVID PALMER","370","13TH CONGRESS","O FALLON 10","1137","11","DEMOCRATIC","26"
"88","0","ST. CLAIR","695","NIKKI BUDZINSKI","370","13TH CONGRESS","ST CLAIR 19","647","11","DEMOCRATIC","31"
"88","0","ST. CLAIR","700","DAVID PALMER","370","13TH CONGRESS","ST CLAIR 19","647","11","DEMOCRATIC","11"
"88","0","ST. CLAIR","695","NIKKI BUDZINSKI","370","13TH CONGRESS","ST CLAIR 22","460","11","DEMOCRATIC","22"
"88","0","ST. CLAIR","700","DAVID PALMER","370","13TH CONGRESS","ST CLAIR 22","460","11","DEMOCRATIC","9"
"88","0","ST. CLAIR","700","DAVID PALMER","370","13TH CONGRESS","ST CLAIR 25","1470","11","DEMOCRATIC","33"
"88","0","ST. CLAIR","695","NIKKI BUDZINSKI","370","13TH CONGRESS","ST CLAIR 25","1470","11","DEMOCRATIC","112"
"88","0","ST. CLAIR","695","NIKKI BUDZINSKI","370","13TH CONGRESS","SUGAR LOAF 1","1238","11","DEMOCRATIC","0"
"88","0","ST. CLAIR","700","DAVID PALMER","370","13TH CONGRESS","SUGAR LOAF 1","1238","11","DEMOCRATIC","0"
"88","0","ST. CLAIR","695","NIKKI BUDZINSKI","370","13TH CONGRESS","SUGAR LOAF 4","723","11","DEMOCRATIC","11"
"88","0","ST. CLAIR","700","DAVID PALMER","370","13TH CONGRESS","SUGAR LOAF 4","723","11","DEMOCRATIC","3"
"88","0","ST. CLAIR","695","NIKKI BUDZINSKI","370","13TH CONGRESS","BELLEVILLE 4","767","11","DEMOCRATIC","45"
"88","0","ST. CLAIR","700","DAVID PALMER","370","13TH CONGRESS","BELLEVILLE 4","767","11","DEMOCRATIC","10"
"88","0","ST. CLAIR","695","NIKKI BUDZINSKI","370","13TH CONGRESS","BELLEVILLE 7","708","11","DEMOCRATIC","23"
"88","0","ST. CLAIR","700","DAVID PALMER","370","13TH CONGRESS","BELLEVILLE 7","708","11","DEMOCRATIC","13"
"88","0","ST. CLAIR","695","NIKKI BUDZINSKI","370","13TH CONGRESS","BELLEVILLE 10","639","11","DEMOCRATIC","24"
"88","0","ST. CLAIR","700","DAVID PALMER","370","13TH CONGRESS","BELLEVILLE 10","639","11","DEMOCRATIC","7"
"88","0","ST. CLAIR","695","NIKKI BUDZINSKI","370","13TH CONGRESS","BELLEVILLE 33","753","11","DEMOCRATIC","27"
"88","0","ST. CLAIR","700","DAVID PALMER","370","13TH CONGRESS","BELLEVILLE 33","753","11","DEMOCRATIC","14"
"88","0","ST. CLAIR","695","NIKKI BUDZINSKI","370","13TH CONGRESS","CANTEEN 3","435","11","DEMOCRATIC","113"
"88","0","ST. CLAIR","700","DAVID PALMER","370","13TH CONGRESS","CANTEEN 3","435","11","DEMOCRATIC","29"
"88","0","ST. CLAIR","695","NIKKI BUDZINSKI","370","13TH CONGRESS","CASEYVILLE 13","799","11","DEMOCRATIC","44"
"88","0","ST. CLAIR","700","DAVID PALMER","370","13TH CONGRESS","CASEYVILLE 13","799","11","DEMOCRATIC","21"
"88","0","ST. CLAIR","695","NIKKI BUDZINSKI","370","13TH CONGRESS","CASEYVILLE 16","419","11","DEMOCRATIC","18"
"88","0","ST. CLAIR","700","DAVID PALMER","370","13TH CONGRESS","CASEYVILLE 16","419","11","DEMOCRATIC","10"
"88","0","ST. CLAIR","700","DAVID PALMER","370","13TH CONGRESS","CASEYVILLE 19","517","11","DEMOCRATIC","13"
"88","0","ST. CLAIR","695","NIKKI BUDZINSKI","370","13TH CONGRESS","CASEYVILLE 19","517","11","DEMOCRATIC","24"
"88","0","ST. CLAIR","700","DAVID PALMER","370","13TH CONGRESS","CASEYVILLE 22","486","11","DEMOCRATIC","3"
"88","0","ST. CLAIR","695","NIKKI BUDZINSKI","370","13TH CONGRESS","CASEYVILLE 22","486","11","DEMOCRATIC","17"
"88","0","ST. CLAIR","695","NIKKI BUDZINSKI","370","13TH CONGRESS","CENTREVILLE 6","708","11","DEMOCRATIC","49"
"88","0","ST. CLAIR","700","DAVID PALMER","370","13TH CONGRESS","CENTREVILLE 6","708","11","DEMOCRATIC","18"
"88","0","ST. CLAIR","695","NIKKI BUDZINSKI","370","13TH CONGRESS","CENTREVILLE 9","776","11","DEMOCRATIC","19"
"88","0","ST. CLAIR","700","DAVID PALMER","370","13TH CONGRESS","CENTREVILLE 9","776","11","DEMOCRATIC","8"
"88","0","ST. CLAIR","700","DAVID PALMER","370","13TH CONGRESS","CENTREVILLE 12","763","11","DEMOCRATIC","6"
"88","0","ST. CLAIR","695","NIKKI BUDZINSKI","370","13TH CONGRESS","CENTREVILLE 12","763","11","DEMOCRATIC","16"
"88","0","ST. CLAIR","695","NIKKI BUDZINSKI","370","13TH CONGRESS","O FALLON 2","1128","11","DEMOCRATIC","42"
"83","0","SANGAMON","695","NIKKI BUDZINSKI","370","13TH CONGRESS","CAPITAL 054","697","11","DEMOCRATIC","112"
"83","0","SANGAMON","700","DAVID PALMER","370","13TH CONGRESS","CAPITAL 054","697","11","DEMOCRATIC","8"
"83","0","SANGAMON","695","NIKKI BUDZINSKI","370","13TH CONGRESS","CAPITAL 057","802","11","DEMOCRATIC","3"
"83","0","SANGAMON","700","DAVID PALMER","370","13TH CONGRESS","CAPITAL 057","802","11","DEMOCRATIC","0"
"83","0","SANGAMON","695","NIKKI BUDZINSKI","370","13TH CONGRESS","CAPITAL 060","586","11","DEMOCRATIC","28"
"83","0","SANGAMON","700","DAVID PALMER","370","13TH CONGRESS","CAPITAL 060","586","11","DEMOCRATIC","6"
"83","0","SANGAMON","695","NIKKI BUDZINSKI","370","13TH CONGRESS","CAPITAL 083","460","11","DEMOCRATIC","22"
"83","0","SANGAMON","700","DAVID PALMER","370","13TH CONGRESS","CAPITAL 083","460","11","DEMOCRATIC","6"
"83","0","SANGAMON","695","NIKKI BUDZINSKI","370","13TH CONGRESS","CAPITAL 086","713","11","DEMOCRATIC","100"
"83","0","SANGAMON","700","DAVID PALMER","370","13TH CONGRESS","CAPITAL 086","713","11","DEMOCRATIC","9"
"83","0","SANGAMON","695","NIKKI BUDZINSKI","370","13TH CONGRESS","CAPITAL 089","478","11","DEMOCRATIC","41"
"83","0","SANGAMON","700","DAVID PALMER","370","13TH CONGRESS","CAPITAL 089","478","11","DEMOCRATIC","16"
"83","0","SANGAMON","695","NIKKI BUDZINSKI","370","13TH CONGRESS","CAPITAL 092","851","11","DEMOCRATIC","49"
"83","0","SANGAMON","700","DAVID PALMER","370","13TH CONGRESS","CAPITAL 092","851","11","DEMOCRATIC","10"
"83","0","SANGAMON","695","NIKKI BUDZINSKI","370","13TH CONGRESS","CHATHAM 001","1418","11","DEMOCRATIC","63"
"83","0","SANGAMON","700","DAVID PALMER","370","13TH CONGRESS","CHATHAM 001","1418","11","DEMOCRATIC","12"
"83","0","SANGAMON","700","DAVID PALMER","370","13TH CONGRESS","CHATHAM 004","954","11","DEMOCRATIC","7"
"83","0","SANGAMON","695","NIKKI BUDZINSKI","370","13TH CONGRESS","CHATHAM 004","954","11","DEMOCRATIC","48"
"83","0","SANGAMON","695","NIKKI BUDZINSKI","370","13TH CONGRESS","LANESVILLE 001","144","11","DEMOCRATIC","4"
"83","0","SANGAMON","700","DAVID PALMER","370","13TH CONGRESS","LANESVILLE 001","144","11","DEMOCRATIC","0"
"83","0","SANGAMON","700","DAVID PALMER","370","13TH CONGRESS","MECHANICSBURG 001","675","11","DEMOCRATIC","1"
"83","0","SANGAMON","695","NIKKI BUDZINSKI","370","13TH CONGRESS","MECHANICSBURG 001","675","11","DEMOCRATIC","15"
"83","0","SANGAMON","695","NIKKI BUDZINSKI","370","13TH CONGRESS","PAWNEE 003","642","11","DEMOCRATIC","20"
"83","0","SANGAMON","700","DAVID PALMER","370","13TH CONGRESS","PAWNEE 003","642","11","DEMOCRATIC","4"
"83","0","SANGAMON","695","NIKKI BUDZINSKI","370","13TH CONGRESS","WOODSIDE 006","793","11","DEMOCRATIC","21"
"83","0","SANGAMON","700","DAVID PALMER","370","13TH CONGRESS","WOODSIDE 006","793","11","DEMOCRATIC","6"
"83","0","SANGAMON","695","NIKKI BUDZINSKI","370","13TH CONGRESS","WOODSIDE 009","617","11","DEMOCRATIC","27"
"83","0","SANGAMON","700","DAVID PALMER","370","13TH CONGRESS","WOODSIDE 009","617","11","DEMOCRATIC","5"
"83","0","SANGAMON","700","DAVID PALMER","370","13TH CONGRESS","WOODSIDE 012","373","11","DEMOCRATIC","5"
"83","0","SANGAMON","695","NIKKI BUDZINSKI","370","13TH CONGRESS","WOODSIDE 012","373","11","DEMOCRATIC","11"
"83","0","SANGAMON","695","NIKKI BUDZINSKI","370","13TH CONGRESS","CAPITAL 001","448","11","DEMOCRATIC","18"
"83","0","SANGAMON","700","DAVID PALMER","370","13TH CONGRESS","CAPITAL 001","448","11","DEMOCRATIC","3"
"83","0","SANGAMON","695","NIKKI BUDZINSKI","370","13TH CONGRESS","CAPITAL 004","764","11","DEMOCRATIC","50"
"83","0","SANGAMON","700","DAVID PALMER","370","13TH CONGRESS","CAPITAL 004","764","11","DEMOCRATIC","15"
"83","0","SANGAMON","695","NIKKI BUDZINSKI","370","13TH CONGRESS","CAPITAL 007","442","11","DEMOCRATIC","10"
"83","0","SANGAMON","700","DAVID PALMER","370","13TH CONGRESS","CAPITAL 007","442","11","DEMOCRATIC","2"
"83","0","SANGAMON","695","NIKKI BUDZINSKI","370","13TH CONGRESS","CAPITAL 010","613","11","DEMOCRATIC","30"
"83","0","SANGAMON","700","DAVID PALMER","370","13TH CONGRESS","CAPITAL 010","613","11","DEMOCRATIC","6"
"83","0","SANGAMON","695","NIKKI BUDZINSKI","370","13TH CONGRESS","CAPITAL 033","699","11","DEMOCRATIC","67"
"83","0","SANGAMON","700","DAVID PALMER","370","13TH CONGRESS","CAPITAL 033","699","11","DEMOCRATIC","17"
"83","0","SANGAMON","680","MATT HAUSMAN","370","13TH CONGRESS","CAPITAL 033","699","12","REPUBLICAN","8"
"83","0","SANGAMON","685","JESSE REISING","370","13TH CONGRESS","CAPITAL 036","723","12","REPUBLICAN","14"
"83","0","SANGAMON","675","REGAN DEERING","370","13TH CONGRESS","CAPITAL 036","723","12","REPUBLICAN","43"
"83","0","SANGAMON","690","TERRY MARTIN","370","13TH CONGRESS","CAPITAL 036","723","12","REPUBLICAN","6"
"83","0","SANGAMON","680","MATT HAUSMAN","370","13TH CONGRESS","CAPITAL 036","723","12","REPUBLICAN","15"
"83","0","SANGAMON","685","JESSE REISING","370","13TH CONGRESS","CAPITAL 039","647","12","REPUBLICAN","7"
"83","0","SANGAMON","675","REGAN DEERING","370","13TH CONGRESS","CAPITAL 039","647","12","REPUBLICAN","11"
"83","0","SANGAMON","690","TERRY MARTIN","370","13TH CONGRESS","CAPITAL 039","647","12","REPUBLICAN","4"
"83","0","SANGAMON","680","MATT HAUSMAN","370","13TH CONGRESS","CAPITAL 039","647","12","REPUBLICAN","5"
"83","0","SANGAMON","685","JESSE REISING","370","13TH CONGRESS","CAPITAL 062","742","12","REPUBLICAN","17"
"83","0","SANGAMON","675","REGAN DEERING","370","13TH CONGRESS","CAPITAL 062","742","12","REPUBLICAN","20"
"83","0","SANGAMON","690","TERRY MARTIN","370","13TH CONGRESS","CAPITAL 062","742","12","REPUBLICAN","7"
"83","0","SANGAMON","685","JESSE REISING","370","13TH CONGRESS","CAPITAL 071","643","12","REPUBLICAN","26"
"83","0","SANGAMON","675","REGAN DEERING","370","13TH CONGRESS","CAPITAL 071","643","12","REPUBLICAN","30"
"83","0","SANGAMON","690","TERRY MARTIN","370","13TH CONGRESS","CAPITAL 071","643","12","REPUBLICAN","4"
"83","0","SANGAMON","680","MATT HAUSMAN","370","13TH CONGRESS","CAPITAL 071","643","12","REPUBLICAN","9"
"83","0","SANGAMON","685","JESSE REISING","370","13TH CONGRESS","CAPITAL 074","412","12","REPUBLICAN","15"
"83","0","SANGAMON","675","REGAN DEERING","370","13TH CONGRESS","CAPITAL 074","412","12","REPUBLICAN","15"
"83","0","SANGAMON","690","TERRY MARTIN","370","13TH CONGRESS","CAPITAL 074","412","12","REPUBLICAN","1"
"83","0","SANGAMON","680","MATT HAUSMAN","370","13TH CONGRESS","CAPITAL 074","412","12","REPUBLICAN","6"
"83","0","SANGAMON","685","JESSE REISING","370","13TH CONGRESS","CAPITAL 077","444","12","REPUBLICAN","2"
"83","0","SANGAMON","675","REGAN DEERING","370","13TH CONGRESS","CAPITAL 077","444","12","REPUBLICAN","0"
"83","0","SANGAMON","690","TERRY MARTIN","370","13TH CONGRESS","CAPITAL 077","444","12","REPUBLICAN","0"
"83","0","SANGAMON","680","MATT HAUSMAN","370","13TH CONGRESS","CAPITAL 077","444","12","REPUBLICAN","1"
"83","0","SANGAMON","685","JESSE REISING","370","13TH CONGRESS","CAPITAL 080","806","12","REPUBLICAN","19"
"83","0","SANGAMON","675","REGAN DEERING","370","13TH CONGRESS","CAPITAL 080","806","12","REPUBLICAN","21"
"83","0","SANGAMON","690","TERRY MARTIN","370","13TH CONGRESS","CAPITAL 080","806","12","REPUBLICAN","4"
"83","0","SANGAMON","680","MATT HAUSMAN","370","13TH CONGRESS","CAPITAL 080","806","12","REPUBLICAN","7"
"83","0","SANGAMON","690","TERRY MARTIN","370","13TH CONGRESS","AUBURN 001","833","12","REPUBLICAN","11"
"83","0","SANGAMON","685","JESSE REISING","370","13TH CONGRESS","AUBURN 001","833","12","REPUBLICAN","30"
"83","0","SANGAMON","675","REGAN DEERING","370","13TH CONGRESS","AUBURN 001","833","12","REPUBLICAN","39"
"83","0","SANGAMON","680","MATT HAUSMAN","370","13TH CONGRESS","AUBURN 001","833","12","REPUBLICAN","25"
"83","0","SANGAMON","685","JESSE REISING","370","13TH CONGRESS","AUBURN 004","792","12","REPUBLICAN","50"
"83","0","SANGAMON","675","REGAN DEERING","370","13TH CONGRESS","AUBURN 004","792","12","REPUBLICAN","51"
"83","0","SANGAMON","690","TERRY MARTIN","370","13TH CONGRESS","AUBURN 004","792","12","REPUBLICAN","6"
"83","0","SANGAMON","680","MATT HAUSMAN","370","13TH CONGRESS","AUBURN 004","792","12","REPUBLICAN","24"
"83","0","SANGAMON","685","JESSE REISING","370","13TH CONGRESS","BALL 002","1162","12","REPUBLICAN","67"
"83","0","SANGAMON","675","REGAN DEERING","370","13TH CONGRESS","BALL 002","1162","12","REPUBLICAN","62"
"83","0","SANGAMON","690","TERRY MARTIN","370","13TH CONGRESS","BALL 002","1162","12","REPUBLICAN","15"
"83","0","SANGAMON","680","MATT HAUSMAN","370","13TH CONGRESS","BALL 002","1162","12","REPUBLICAN","28"
"56","0","MACOUPIN","0","Over Votes","370","13TH CONGRESS","BRIGHTON 2","1031","12","REPUBLICAN","0"
"56","0","MACOUPIN","685","JESSE REISING","370","13TH CONGRESS","BRIGHTON 2","1031","12","REPUBLICAN","50"
"56","0","MACOUPIN","690","TERRY MARTIN","370","13TH CONGRESS","BRIGHTON 2","1031","12","REPUBLICAN","13"
"56","0","MACOUPIN","0","Under Votes","370","13TH CONGRESS","CARLINVILLE 4","875","12","REPUBLICAN","12"
"56","0","MACOUPIN","0","Blank Ballots","370","13TH CONGRESS","CARLINVILLE 4","875","12","REPUBLICAN","0"
"56","0","MACOUPIN","675","REGAN DEERING","370","13TH CONGRESS","CARLINVILLE 4","875","12","REPUBLICAN","37"
"56","0","MACOUPIN","680","MATT HAUSMAN","370","13TH CONGRESS","CARLINVILLE 4","875","12","REPUBLICAN","25"
"56","0","MACOUPIN","0","Over Votes","370","13TH CONGRESS","CARLINVILLE 4","875","12","REPUBLICAN","0"
"56","0","MACOUPIN","685","JESSE REISING","370","13TH CONGRESS","CARLINVILLE 4","875","12","REPUBLICAN","19"
"56","0","MACOUPIN","690","TERRY MARTIN","370","13TH CONGRESS","CARLINVILLE 4","875","12","REPUBLICAN","7"
"56","0","MACOUPIN","0","Under Votes","370","13TH CONGRESS","GIRARD 1","772","12","REPUBLICAN","8"
"56","0","MACOUPIN","0","Blank Ballots","370","13TH CONGRESS","GIRARD 1","772","12","REPUBLICAN","0"
"56","0","MACOUPIN","675","REGAN DEERING","370","13TH CONGRESS","GIRARD 1","772","12","REPUBLICAN","35"
"56","0","MACOUPIN","680","MATT HAUSMAN","370","13TH CONGRESS","GIRARD 1","772","12","REPUBLICAN","17"
"56","0","MACOUPIN","0","Over Votes","370","13TH CONGRESS","GIRARD 1","772","12","REPUBLICAN","0"
"56","0","MACOUPIN","685","JESSE REISING","370","13TH CONGRESS","GIRARD 1","772","12","REPUBLICAN","21"
"56","0","MACOUPIN","690","TERRY MARTIN","370","13TH CONGRESS","GIRARD 1","772","12","REPUBLICAN","9"
"56","0","MACOUPIN","685","JESSE REISING","370","13TH CONGRESS","MT. OLIVE 4","379","12","REPUBLICAN","9"
"56","0","MACOUPIN","690","TERRY MARTIN","370","13TH CONGRESS","MT. OLIVE 4","379","12","REPUBLICAN","3"
"56","0","MACOUPIN","0","Under Votes","370","13TH CONGRESS","MT. OLIVE 4","379","12","REPUBLICAN","7"
"56","0","MACOUPIN","0","Blank Ballots","370","13TH CONGRESS","MT. OLIVE 4","379","12","REPUBLICAN","0"
"56","0","MACOUPIN","675","REGAN DEERING","370","13TH CONGRESS","MT. OLIVE 4","379","12","REPUBLICAN","26"
"56","0","MACOUPIN","680","MATT HAUSMAN","370","13TH CONGRESS","MT. OLIVE 4","379","12","REPUBLICAN","13"
"56","0","MACOUPIN","0","Over Votes","370","13TH CONGRESS","MT. OLIVE 4","379","12","REPUBLICAN","0"
"56","0","MACOUPIN","0","Under Votes","370","13TH CONGRESS","POLK","481","12","REPUBLICAN","6"
"56","0","MACOUPIN","0","Blank Ballots","370","13TH CONGRESS","POLK","481","12","REPUBLICAN","0"
"56","0","MACOUPIN","675","REGAN DEERING","370","13TH CONGRESS","POLK","481","12","REPUBLICAN","36"
"56","0","MACOUPIN","680","MATT HAUSMAN","370","13TH CONGRESS","POLK","481","12","REPUBLICAN","15"
"56","0","MACOUPIN","0","Over Votes","370","13TH CONGRESS","POLK","481","12","REPUBLICAN","0"
"56","0","MACOUPIN","685","JESSE REISING","370","13TH CONGRESS","POLK","481","12","REPUBLICAN","26"
"56","0","MACOUPIN","690","TERRY MARTIN","370","13TH CONGRESS","POLK","481","12","REPUBLICAN","7"
"56","0","MACOUPIN","0","Under Votes","370","13TH CONGRESS","STAUNTON 2","828","12","REPUBLICAN","2"
"56","0","MACOUPIN","0","Blank Ballots","370","13TH CONGRESS","STAUNTON 2","828","12","REPUBLICAN","0"
"56","0","MACOUPIN","675","REGAN DEERING","370","13TH CONGRESS","STAUNTON 2","828","12","REPUBLICAN","16"
"56","0","MACOUPIN","680","MATT HAUSMAN","370","13TH CONGRESS","STAUNTON 2","828","12","REPUBLICAN","15"
"56","0","MACOUPIN","0","Over Votes","370","13TH CONGRESS","STAUNTON 2","828","12","REPUBLICAN","0"
"56","0","MACOUPIN","685","JESSE REISING","370","13TH CONGRESS","STAUNTON 2","828","12","REPUBLICAN","24"
"56","0","MACOUPIN","0","Under Votes","370","13TH CONGRESS","CAHOKIA 1","1033","12","REPUBLICAN","12"
"56","0","MACOUPIN","0","Over Votes","370","13TH CONGRESS","CAHOKIA 1","1033","12","REPUBLICAN","0"
"56","0","MACOUPIN","0","Blank Ballots","370","13TH CONGRESS","CAHOKIA 1","1033","12","REPUBLICAN","0"
"56","0","MACOUPIN","675","REGAN DEERING","370","13TH CONGRESS","CAHOKIA 1","1033","12","REPUBLICAN","32"
"56","0","MACOUPIN","680","MATT HAUSMAN","370","13TH CONGRESS","CAHOKIA 1","1033","12","REPUBLICAN","34"
"55","0","MACON","0","Over Votes","370","13TH CONGRESS","DECATUR 10","1222","11","DEMOCRATIC","0"
"55","0","MACON","700","DAVID PALMER","370","13TH CONGRESS","DECATUR 17","1274","11","DEMOCRATIC","24"
"55","0","MACON","0","Blank Ballots","370","13TH CONGRESS","DECATUR 17","1274","11","DEMOCRATIC","0"
"55","0","MACON","695","NIKKI BUDZINSKI","370","13TH CONGRESS","DECATUR 17","1274","11","DEMOCRATIC","27"
"55","0","MACON","0","Under Votes","370","13TH CONGRESS","DECATUR 17","1274","11","DEMOCRATIC","8"
"55","0","MACON","0","Over Votes","370","13TH CONGRESS","DECATUR 17","1274","11","DEMOCRATIC","0"
"55","0","MACON","700","DAVID PALMER","370","13TH CONGRESS","DECATUR 24","1227","11","DEMOCRATIC","14"
"55","0","MACON","0","Blank Ballots","370","13TH CONGRESS","DECATUR 24","1227","11","DEMOCRATIC","0"
"55","0","MACON","695","NIKKI BUDZINSKI","370","13TH CONGRESS","DECATUR 24","1227","11","DEMOCRATIC","30"
"55","0","MACON","0","Under Votes","370","13TH CONGRESS","DECATUR 24","1227","11","DEMOCRATIC","2"
"55","0","MACON","0","Over Votes","370","13TH CONGRESS","DECATUR 24","1227","11","DEMOCRATIC","0"
"55","0","MACON","700","DAVID PALMER","370","13TH CONGRESS","HICKORY PT. 3","854","11","DEMOCRATIC","0"
"55","0","MACON","0","Blank Ballots","370","13TH CONGRESS","HICKORY PT. 3","854","11","DEMOCRATIC","0"
"55","0","MACON","695","NIKKI BUDZINSKI","370","13TH CONGRESS","HICKORY PT. 3","854","11","DEMOCRATIC","2"
"55","0","MACON","0","Under Votes","370","13TH CONGRESS","HICKORY PT. 3","854","11","DEMOCRATIC","0"
"55","0","MACON","0","Over Votes","370","13TH CONGRESS","HICKORY PT. 3","854","11","DEMOCRATIC","0"
"55","0","MACON","700","DAVID PALMER","370","13TH CONGRESS","HICKORY PT. 10","878","11","DEMOCRATIC","11"
"55","0","MACON","0","Blank Ballots","370","13TH CONGRESS","HICKORY PT. 10","878","11","DEMOCRATIC","0"
"55","0","MACON","695","NIKKI BUDZINSKI","370","13TH CONGRESS","HICKORY PT. 10","878","11","DEMOCRATIC","41"
"55","0","MACON","0","Under Votes","370","13TH CONGRESS","HICKORY PT. 10","878","11","DEMOCRATIC","6"
"55","0","MACON","0","Over Votes","370","13TH CONGRESS","HICKORY PT. 10","878","11","DEMOCRATIC","0"
"55","0","MACON","700","DAVID PALMER","370","13TH CONGRESS","DECATUR 9","694","11","DEMOCRATIC","31"
"55","0","MACON","0","Blank Ballots","370","13TH CONGRESS","DECATUR 9","694","11","DEMOCRATIC","0"
"55","0","MACON","695","NIKKI BUDZINSKI","370","13TH CONGRESS","DECATUR 9","694","11","DEMOCRATIC","47"
"55","0","MACON","0","Under Votes","370","13TH CONGRESS","DECATUR 9","694","11","DEMOCRATIC","2"
"55","0","MACON","0","Over Votes","370","13TH CONGRESS","DECATUR 9","694","11","DEMOCRATIC","0"
"55","0","MACON","700","DAVID PALMER","370","13TH CONGRESS","DECATUR 16","844","11","DEMOCRATIC","10"
"55","0","MACON","0","Blank Ballots","370","13TH CONGRESS","DECATUR 16","844","11","DEMOCRATIC","0"
"55","0","MACON","695","NIKKI BUDZINSKI","370","13TH CONGRESS","DECATUR 16","844","11","DEMOCRATIC","38"
"55","0","MACON","0","Under Votes","370","13TH CONGRESS","DECATUR 16","844","11","DEMOCRATIC","6"
"55","0","MACON","0","Over Votes","370","13TH CONGRESS","DECATUR 16","844","11","DEMOCRATIC","0"
"55","0","MACON","700","DAVID PALMER","370","13TH CONGRESS","DECATUR 27","713","11","DEMOCRATIC","11"
"55","0","MACON","0","Blank Ballots","370","13TH CONGRESS","DECATUR 27","713","11","DEMOCRATIC","0"
"55","0","MACON","695","NIKKI BUDZINSKI","370","13TH CONGRESS","DECATUR 27","713","11","DEMOCRATIC","50"
"55","0","MACON","0","Under Votes","370","13TH CONGRESS","DECATUR 27","713","11","DEMOCRATIC","2"
"55","0","MACON","0","Over Votes","370","13TH CONGRESS","DECATUR 27","713","11","DEMOCRATIC","0"
"55","0","MACON","700","DAVID PALMER","370","13TH CONGRESS","HICKORY PT. 2","1250","11","DEMOCRATIC","0"
"55","0","MACON","0","Blank Ballots","370","13TH CONGRESS","HICKORY PT. 2","1250","11","DEMOCRATIC","0"
"55","0","MACON","695","NIKKI BUDZINSKI","370","13TH CONGRESS","HICKORY PT. 2","1250","11","DEMOCRATIC","0"
"55","0","MACON","0","Under Votes","370","13TH CONGRESS","HICKORY PT. 2","1250","11","DEMOCRATIC","0"
"55","0","MACON","0","Over Votes","370","13TH CONGRESS","HICKORY PT. 2","1250","11","DEMOCRATIC","0"
"55","0","MACON","700","DAVID PALMER","370","13TH CONGRESS","WHITMORE 1","1440","11","DEMOCRATIC","19"
"57","0","MADISON","680","MATT HAUSMAN","370","13TH CONGRESS","FORT RUSSELL 06","1036","12","REPUBLICAN","42"
"57","0","MADISON","690","TERRY MARTIN","370","13TH CONGRESS","CHOUTEAU 02","1140","12","REPUBLICAN","7"
"57","0","MADISON","685","JESSE REISING","370","13TH CONGRESS","CHOUTEAU 02","1140","12","REPUBLICAN","32"
"57","0","MADISON","675","REGAN DEERING","370","13TH CONGRESS","CHOUTEAU 02","1140","12","REPUBLICAN","26"
"57","0","MADISON","680","MATT HAUSMAN","370","13TH CONGRESS","CHOUTEAU 02","1140","12","REPUBLICAN","31"
"57","0","MADISON","690","TERRY MARTIN","370","13TH CONGRESS","CHOUTEAU 05","743","12","REPUBLICAN","14"
"57","0","MADISON","685","JESSE REISING","370","13TH CONGRESS","CHOUTEAU 05","743","12","REPUBLICAN","20"
"57","0","MADISON","675","REGAN DEERING","370","13TH CONGRESS","CHOUTEAU 05","743","12","REPUBLICAN","18"
"57","0","MADISON","680","MATT HAUSMAN","370","13TH CONGRESS","CHOUTEAU 05","743","12","REPUBLICAN","24"
"57","0","MADISON","690","TERRY MARTIN","370","13TH CONGRESS","WOOD RIVER 01","820","12","REPUBLICAN","5"
"57","0","MADISON","685","JESSE REISING","370","13TH CONGRESS","WOOD RIVER 01","820","12","REPUBLICAN","27"
"57","0","MADISON","675","REGAN DEERING","370","13TH CONGRESS","WOOD RIVER 01","820","12","REPUBLICAN","26"
"57","0","MADISON","675","REGAN DEERING","370","13TH CONGRESS","COLLINSVILLE 01","1056","12","REPUBLICAN","14"
"57","0","MADISON","680","MATT HAUSMAN","370","13TH CONGRESS","COLLINSVILLE 01","1056","12","REPUBLICAN","14"
"57","0","MADISON","690","TERRY MARTIN","370","13TH CONGRESS","COLLINSVILLE 01","1056","12","REPUBLICAN","6"
"57","0","MADISON","685","JESSE REISING","370","13TH CONGRESS","COLLINSVILLE 01","1056","12","REPUBLICAN","6"
"57","0","MADISON","675","REGAN DEERING","370","13TH CONGRESS","COLLINSVILLE 24","1008","12","REPUBLICAN","34"
"57","0","MADISON","680","MATT HAUSMAN","370","13TH CONGRESS","COLLINSVILLE 24","1008","12","REPUBLICAN","16"
"57","0","MADISON","685","JESSE REISING","370","13TH CONGRESS","COLLINSVILLE 24","1008","12","REPUBLICAN","37"
"57","0","MADISON","690","TERRY MARTIN","370","13TH CONGRESS","COLLINSVILLE 24","1008","12","REPUBLICAN","14"
"57","0","MADISON","675","REGAN DEERING","370","13TH CONGRESS","EDWARDSVILLE 14","1102","12","REPUBLICAN","22"
"57","0","MADISON","680","MATT HAUSMAN","370","13TH CONGRESS","EDWARDSVILLE 14","1102","12","REPUBLICAN","22"
"57","0","MADISON","685","JESSE REISING","370","13TH CONGRESS","EDWARDSVILLE 14","1102","12","REPUBLICAN","30"
"57","0","MADISON","690","TERRY MARTIN","370","13TH CONGRESS","EDWARDSVILLE 14","1102","12","REPUBLICAN","12"
"57","0","MADISON","675","REGAN DEERING","370","13TH CONGRESS","EDWARDSVILLE 17","1145","12","REPUBLICAN","40"
"57","0","MADISON","680","MATT HAUSMAN","370","13TH CONGRESS","EDWARDSVILLE 17","1145","12","REPUBLICAN","50"
"57","0","MADISON","685","JESSE REISING","370","13TH CONGRESS","EDWARDSVILLE 17","1145","12","REPUBLICAN","54"
"57","0","MADISON","690","TERRY MARTIN","370","13TH CONGRESS","EDWARDSVILLE 17","1145","12","REPUBLICAN","13"
"57","0","MADISON","675","REGAN DEERING","370","13TH CONGRESS","EDWARDSVILLE 20","1107","12","REPUBLICAN","42"
"57","0","MADISON","680","MATT HAUSMAN","370","13TH CONGRESS","EDWARDSVILLE 20","1107","12","REPUBLICAN","25"
"57","0","MADISON","690","TERRY MARTIN","370","13TH CONGRESS","EDWARDSVILLE 20","1107","12","REPUBLICAN","18"
"57","0","MADISON","685","JESSE REISING","370","13TH CONGRESS","EDWARDSVILLE 20","1107","12","REPUBLICAN","47"
"57","0","MADISON","675","REGAN DEERING","370","13TH CONGRESS","EDWARDSVILLE 23","1033","12","REPUBLICAN","21"
"57","0","MADISON","680","MATT HAUSMAN","370","13TH CONGRESS","EDWARDSVILLE 23","1033","12","REPUBLICAN","16"
"57","0","MADISON","690","TERRY MARTIN","370","13TH CONGRESS","EDWARDSVILLE 23","1033","12","REPUBLICAN","5"
"57","0","MADISON","685","JESSE REISING","370","13TH CONGRESS","EDWARDSVILLE 23","1033","12","REPUBLICAN","18"
"57","0","MADISON","680","MATT HAUSMAN","370","13TH CONGRESS","FORT RUSSELL 04","1132","12","REPUBLICAN","41"
"57","0","MADISON","690","TERRY MARTIN","370","13TH CONGRESS","FORT RUSSELL 04","1132","12","REPUBLICAN","15"
"57","0","MADISON","685","JESSE REISING","370","13TH CONGRESS","FORT RUSSELL 04","1132","12","REPUBLICAN","62"
"88","0","ST. CLAIR","700","DAVID PALMER","370","13TH CONGRESS","O FALLON 2","1128","11","DEMOCRATIC","12"
"88","0","ST. CLAIR","695","NIKKI BUDZINSKI","370","13TH CONGRESS","ST CLAIR 11","781","11","DEMOCRATIC","28"
"88","0","ST. CLAIR","700","DAVID PALMER","370","13TH CONGRESS","ST CLAIR 11","781","11","DEMOCRATIC","8"
"88","0","ST. CLAIR","695","NIKKI BUDZINSKI","370","13TH CONGRESS","ST CLAIR 14","779","11","DEMOCRATIC","23"
"88","0","ST. CLAIR","700","DAVID PALMER","370","13TH CONGRESS","ST CLAIR 14","779","11","DEMOCRATIC","9"
"88","0","ST. CLAIR","700","DAVID PALMER","370","13TH CONGRESS","ST CLAIR 17","577","11","DEMOCRATIC","6"
"88","0","ST. CLAIR","695","NIKKI BUDZINSKI","370","13TH CONGRESS","ST CLAIR 17","577","11","DEMOCRATIC","25"
"88","0","ST. CLAIR","700","DAVID PALMER","370","13TH CONGRESS","ST CLAIR 20","761","11","DEMOCRATIC","14"
"88","0","ST. CLAIR","695","NIKKI BUDZINSKI","370","13TH CONGRESS","ST CLAIR 20","761","11","DEMOCRATIC","55"
"88","0","ST. CLAIR","695","NIKKI BUDZINSKI","370","13TH CONGRESS","SHILOH VALLEY 1","1500","11","DEMOCRATIC","0"
"88","0","ST. CLAIR","700","DAVID PALMER","370","13TH CONGRESS","SHILOH VALLEY 1","1500","11","DEMOCRATIC","0"
"88","0","ST. CLAIR","695","NIKKI BUDZINSKI","370","13TH CONGRESS","STOOKEY 3","518","11","DEMOCRATIC","22"
"88","0","ST. CLAIR","700","DAVID PALMER","370","13TH CONGRESS","STOOKEY 3","518","11","DEMOCRATIC","5"
"88","0","ST. CLAIR","695","NIKKI BUDZINSKI","370","13TH CONGRESS","STOOKEY 6","921","11","DEMOCRATIC","0"
"88","0","ST. CLAIR","700","DAVID PALMER","370","13TH CONGRESS","STOOKEY 6","921","11","DEMOCRATIC","0"
"88","0","ST. CLAIR","700","DAVID PALMER","370","13TH CONGRESS","STOOKEY 9","921","11","DEMOCRATIC","17"
"88","0","ST. CLAIR","695","NIKKI BUDZINSKI","370","13TH CONGRESS","STOOKEY 9","921","11","DEMOCRATIC","64"
"88","0","ST. CLAIR","700","DAVID PALMER","370","13TH CONGRESS","SUGAR LOAF 2","640","11","DEMOCRATIC","4"
"88","0","ST. CLAIR","695","NIKKI BUDZINSKI","370","13TH CONGRESS","SUGAR LOAF 2","640","11","DEMOCRATIC","22"
"88","0","ST. CLAIR","695","NIKKI BUDZINSKI","370","13TH CONGRESS","BELLEVILLE 13","1047","11","DEMOCRATIC","42"
"88","0","ST. CLAIR","700","DAVID PALMER","370","13TH CONGRESS","BELLEVILLE 13","1047","11","DEMOCRATIC","10"
"88","0","ST. CLAIR","695","NIKKI BUDZINSKI","370","13TH CONGRESS","BELLEVILLE 16","883","11","DEMOCRATIC","42"
"88","0","ST. CLAIR","700","DAVID PALMER","370","13TH CONGRESS","BELLEVILLE 16","883","11","DEMOCRATIC","11"
"88","0","ST. CLAIR","695","NIKKI BUDZINSKI","370","13TH CONGRESS","BELLEVILLE 19","650","11","DEMOCRATIC","21"
"88","0","ST. CLAIR","700","DAVID PALMER","370","13TH CONGRESS","BELLEVILLE 19","650","11","DEMOCRATIC","6"
"88","0","ST. CLAIR","695","NIKKI BUDZINSKI","370","13TH CONGRESS","BELLEVILLE 22","1463","11","DEMOCRATIC","84"
"88","0","ST. CLAIR","700","DAVID PALMER","370","13TH CONGRESS","BELLEVILLE 22","1463","11","DEMOCRATIC","29"
"88","0","ST. CLAIR","695","NIKKI BUDZINSKI","370","13TH CONGRESS","CANTEEN 6","406","11","DEMOCRATIC","85"
"88","0","ST. CLAIR","700","DAVID PALMER","370","13TH CONGRESS","CANTEEN 6","406","11","DEMOCRATIC","25"
"88","0","ST. CLAIR","695","NIKKI BUDZINSKI","370","13TH CONGRESS","CANTEEN 9","525","11","DEMOCRATIC","15"
"88","0","ST. CLAIR","700","DAVID PALMER","370","13TH CONGRESS","CANTEEN 9","525","11","DEMOCRATIC","8"
"88","0","ST. CLAIR","695","NIKKI BUDZINSKI","370","13TH CONGRESS","CASEYVILLE 2","1655","11","DEMOCRATIC","76"
"88","0","ST. CLAIR","700","DAVID PALMER","370","13TH CONGRESS","CASEYVILLE 2","1655","11","DEMOCRATIC","26"
"88","0","ST. CLAIR","695","NIKKI BUDZINSKI","370","13TH CONGRESS","CASEYVILLE 5","1525","11","DEMOCRATIC","72"
"88","0","ST. CLAIR","700","DAVID PALMER","370","13TH CONGRESS","CASEYVILLE 5","1525","11","DEMOCRATIC","14"
"88","0","ST. CLAIR","695","NIKKI BUDZINSKI","370","13TH CONGRESS","CASEYVILLE 25","1127","11","DEMOCRATIC","56"
"88","0","ST. CLAIR","700","DAVID PALMER","370","13TH CONGRESS","CASEYVILLE 25","1127","11","DEMOCRATIC","21"
"88","0","ST. CLAIR","700","DAVID PALMER","370","13TH CONGRESS","CENTREVILLE 15","602","11","DEMOCRATIC","1"
"88","0","ST. CLAIR","695","NIKKI BUDZINSKI","370","13TH CONGRESS","CENTREVILLE 15","602","11","DEMOCRATIC","9"
"83","0","SANGAMON","695","NIKKI BUDZINSKI","370","13TH CONGRESS","CAPITAL 036","723","11","DEMOCRATIC","93"
"83","0","SANGAMON","700","DAVID PALMER","370","13TH CONGRESS","CAPITAL 036","723","11","DEMOCRATIC","13"
"83","0","SANGAMON","695","NIKKI BUDZINSKI","370","13TH CONGRESS","CAPITAL 039","647","11","DEMOCRATIC","25"
"83","0","SANGAMON","700","DAVID PALMER","370","13TH CONGRESS","CAPITAL 039","647","11","DEMOCRATIC","15"
"83","0","SANGAMON","695","NIKKI BUDZINSKI","370","13TH CONGRESS","CAPITAL 062","742","11","DEMOCRATIC","84"
"83","0","SANGAMON","700","DAVID PALMER","370","13TH CONGRESS","CAPITAL 062","742","11","DEMOCRATIC","12"
"83","0","SANGAMON","695","NIKKI BUDZINSKI","370","13TH CONGRESS","CAPITAL 065","476","11","DEMOCRATIC","32"
"83","0","SANGAMON","700","DAVID PALMER","370","13TH CONGRESS","CAPITAL 065","476","11","DEMOCRATIC","6"
"83","0","SANGAMON","695","NIKKI BUDZINSKI","370","13TH CONGRESS","CAPITAL 068","751","11","DEMOCRATIC","47"
"83","0","SANGAMON","700","DAVID PALMER","370","13TH CONGRESS","CAPITAL 068","751","11","DEMOCRATIC","10"
"83","0","SANGAMON","695","NIKKI BUDZINSKI","370","13TH CONGRESS","CAPITAL 094","828","11","DEMOCRATIC","107"
"83","0","SANGAMON","700","DAVID PALMER","370","13TH CONGRESS","CAPITAL 094","828","11","DEMOCRATIC","15"
"83","0","SANGAMON","695","NIKKI BUDZINSKI","370","13TH CONGRESS","CAPITAL 097","665","11","DEMOCRATIC","74"
"83","0","SANGAMON","700","DAVID PALMER","370","13TH CONGRESS","CAPITAL 097","665","11","DEMOCRATIC","9"
"83","0","SANGAMON","695","NIKKI BUDZINSKI","370","13TH CONGRESS","CAPITAL 100","802","11","DEMOCRATIC","61"
"83","0","SANGAMON","700","DAVID PALMER","370","13TH CONGRESS","CAPITAL 100","802","11","DEMOCRATIC","10"
"83","0","SANGAMON","695","NIKKI BUDZINSKI","370","13TH CONGRESS","CURRAN 001","536","11","DEMOCRATIC","0"
"83","0","SANGAMON","700","DAVID PALMER","370","13TH CONGRESS","CURRAN 001","536","11","DEMOCRATIC","2"
"83","0","SANGAMON","695","NIKKI BUDZINSKI","370","13TH CONGRESS","PAWNEE 002","816","11","DEMOCRATIC","15"
"83","0","SANGAMON","700","DAVID PALMER","370","13TH CONGRESS","PAWNEE 002","816","11","DEMOCRATIC","9"
"83","0","SANGAMON","695","NIKKI BUDZINSKI","370","13TH CONGRESS","ROCHESTER 002","681","11","DEMOCRATIC","43"
"83","0","SANGAMON","700","DAVID PALMER","370","13TH CONGRESS","ROCHESTER 002","681","11","DEMOCRATIC","5"
"83","0","SANGAMON","695","NIKKI BUDZINSKI","370","13TH CONGRESS","ROCHESTER 005","912","11","DEMOCRATIC","57"
"83","0","SANGAMON","700","DAVID PALMER","370","13TH CONGRESS","ROCHESTER 005","912","11","DEMOCRATIC","7"
"83","0","SANGAMON","695","NIKKI BUDZINSKI","370","13TH CONGRESS","SPRINGFIELD 003","564","11","DEMOCRATIC","21"
"83","0","SANGAMON","700","DAVID PALMER","370","13TH CONGRESS","SPRINGFIELD 003","564","11","DEMOCRATIC","8"
"83","0","SANGAMON","695","NIKKI BUDZINSKI","370","13TH CONGRESS","CAPITAL 021","458","11","DEMOCRATIC","25"
"83","0","SANGAMON","700","DAVID PALMER","370","13TH CONGRESS","CAPITAL 021","458","11","DEMOCRATIC","5"
"83","0","SANGAMON","695","NIKKI BUDZINSKI","370","13TH CONGRESS","CAPITAL 024","719","11","DEMOCRATIC","43"
"83","0","SANGAMON","700","DAVID PALMER","370","13TH CONGRESS","CAPITAL 024","719","11","DEMOCRATIC","3"
"83","0","SANGAMON","695","NIKKI BUDZINSKI","370","13TH CONGRESS","CAPITAL 027","634","11","DEMOCRATIC","35"
"83","0","SANGAMON","700","DAVID PALMER","370","13TH CONGRESS","CAPITAL 027","634","11","DEMOCRATIC","16"
"83","0","SANGAMON","695","NIKKI BUDZINSKI","370","13TH CONGRESS","CAPITAL 050","811","11","DEMOCRATIC","65"
"83","0","SANGAMON","700","DAVID PALMER","370","13TH CONGRESS","CAPITAL 050","811","11","DEMOCRATIC","15"
"83","0","SANGAMON","695","NIKKI BUDZINSKI","370","13TH CONGRESS","CAPITAL 053","624","11","DEMOCRATIC","37"
"83","0","SANGAMON","700","DAVID PALMER","370","13TH CONGRESS","CAPITAL 053","624","11","DEMOCRATIC","3"
"83","0","SANGAMON","695","NIKKI BUDZINSKI","370","13TH CONGRESS","CAPITAL 056","732","11","DEMOCRATIC","66"
"83","0","SANGAMON","700","DAVID PALMER","370","13TH CONGRESS","CAPITAL 056","732","11","DEMOCRATIC","8"
"83","0","SANGAMON","695","NIKKI BUDZINSKI","370","13TH CONGRESS","CAPITAL 079","623","11","DEMOCRATIC","25"
"83","0","SANGAMON","700","DAVID PALMER","370","13TH CONGRESS","CAPITAL 079","623","11","DEMOCRATIC","14"
"56","0","MACOUPIN","0","Over Votes","370","13TH CONGRESS","BARR","231","11","DEMOCRATIC","0"
"56","0","MACOUPIN","0","Under Votes","370","13TH CONGRESS","BUNKER HILL 2","733","11","DEMOCRATIC","5"
"56","0","MACOUPIN","0","Blank Ballots","370","13TH CONGRESS","BUNKER HILL 2","733","11","DEMOCRATIC","0"
"56","0","MACOUPIN","700","DAVID PALMER","370","13TH CONGRESS","BUNKER HILL 2","733","11","DEMOCRATIC","10"
"56","0","MACOUPIN","695","NIKKI BUDZINSKI","370","13TH CONGRESS","BUNKER HILL 2","733","11","DEMOCRATIC","26"
"56","0","MACOUPIN","0","Over Votes","370","13TH CONGRESS","BUNKER HILL 2","733","11","DEMOCRATIC","0"
"56","0","MACOUPIN","0","Under Votes","370","13TH CONGRESS","GILLESPIE 1","826","11","DEMOCRATIC","4"
"56","0","MACOUPIN","0","Blank Ballots","370","13TH CONGRESS","GILLESPIE 1","826","11","DEMOCRATIC","0"
"56","0","MACOUPIN","700","DAVID PALMER","370","13TH CONGRESS","GILLESPIE 1","826","11","DEMOCRATIC","12"
"56","0","MACOUPIN","695","NIKKI BUDZINSKI","370","13TH CONGRESS","GILLESPIE 1","826","11","DEMOCRATIC","40"
"56","0","MACOUPIN","0","Over Votes","370","13TH CONGRESS","GILLESPIE 1","826","11","DEMOCRATIC","0"
"56","0","MACOUPIN","0","Under Votes","370","13TH CONGRESS","MT. OLIVE 1","724","11","DEMOCRATIC","7"
"56","0","MACOUPIN","0","Blank Ballots","370","13TH CONGRESS","MT. OLIVE 1","724","11","DEMOCRATIC","0"
"56","0","MACOUPIN","700","DAVID PALMER","370","13TH CONGRESS","MT. OLIVE 1","724","11","DEMOCRATIC","15"
"56","0","MACOUPIN","695","NIKKI BUDZINSKI","370","13TH CONGRESS","MT. OLIVE 1","724","11","DEMOCRATIC","34"
"56","0","MACOUPIN","0","Over Votes","370","13TH CONGRESS","MT. OLIVE 1","724","11","DEMOCRATIC","0"
"56","0","MACOUPIN","0","Under Votes","370","13TH CONGRESS","SOUTH OTTER","355","11","DEMOCRATIC","2"
"56","0","MACOUPIN","0","Blank Ballots","370","13TH CONGRESS","SOUTH OTTER","355","11","DEMOCRATIC","0"
"56","0","MACOUPIN","700","DAVID PALMER","370","13TH CONGRESS","SOUTH OTTER","355","11","DEMOCRATIC","1"
"56","0","MACOUPIN","0","Over Votes","370","13TH CONGRESS","SOUTH OTTER","355","11","DEMOCRATIC","0"
"56","0","MACOUPIN","695","NIKKI BUDZINSKI","370","13TH CONGRESS","SOUTH OTTER","355","11","DEMOCRATIC","3"
"56","0","MACOUPIN","0","Under Votes","370","13TH CONGRESS","VIRDEN 2","1054","11","DEMOCRATIC","5"
"56","0","MACOUPIN","0","Blank Ballots","370","13TH CONGRESS","VIRDEN 2","1054","11","DEMOCRATIC","0"
"56","0","MACOUPIN","700","DAVID PALMER","370","13TH CONGRESS","VIRDEN 2","1054","11","DEMOCRATIC","15"
"56","0","MACOUPIN","0","Over Votes","370","13TH CONGRESS","VIRDEN 2","1054","11","DEMOCRATIC","0"
"56","0","MACOUPIN","695","NIKKI BUDZINSKI","370","13TH CONGRESS","VIRDEN 2","1054","11","DEMOCRATIC","29"
"56","0","MACOUPIN","0","Under Votes","370","13TH CONGRESS","BRUSHY MOUND","560","11","DEMOCRATIC","2"
"56","0","MACOUPIN","0","Blank Ballots","370","13TH CONGRESS","BRUSHY MOUND","560","11","DEMOCRATIC","0"
"56","0","MACOUPIN","700","DAVID PALMER","370","13TH CONGRESS","BRUSHY MOUND","560","11","DEMOCRATIC","6"
"56","0","MACOUPIN","0","Over Votes","370","13TH CONGRESS","BRUSHY MOUND","560","11","DEMOCRATIC","0"
"56","0","MACOUPIN","695","NIKKI BUDZINSKI","370","13TH CONGRESS","BRUSHY MOUND","560","11","DEMOCRATIC","21"
"56","0","MACOUPIN","0","Blank Ballots","370","13TH CONGRESS","CARLINVILLE 2","751","11","DEMOCRATIC","0"
"56","0","MACOUPIN","700","DAVID PALMER","370","13TH CONGRESS","CARLINVILLE 2","751","11","DEMOCRATIC","20"
"56","0","MACOUPIN","0","Under Votes","370","13TH CONGRESS","CARLINVILLE 2","751","11","DEMOCRATIC","7"
"56","0","MACOUPIN","0","Over Votes","370","13TH CONGRESS","CARLINVILLE 2","751","11","DEMOCRATIC","0"
"56","0","MACOUPIN","695","NIKKI BUDZINSKI","370","13TH CONGRESS","CARLINVILLE 2","751","11","DEMOCRATIC","65"
"56","0","MACOUPIN","0","Under Votes","370","13TH CONGRESS","GILLESPIE 2","1008","11","DEMOCRATIC","7"
"56","0","MACOUPIN","0","Blank Ballots","370","13TH CONGRESS","GILLESPIE 2","1008","11","DEMOCRATIC","0"
"56","0","MACOUPIN","700","DAVID PALMER","370","13TH CONGRESS","GILLESPIE 2","1008","11","DEMOCRATIC","23"
"56","0","MACOUPIN","0","Over Votes","370","13TH CONGRESS","GILLESPIE 2","1008","11","DEMOCRATIC","0"
"56","0","MACOUPIN","695","NIKKI BUDZINSKI","370","13TH CONGRESS","GILLESPIE 2","1008","11","DEMOCRATIC","54"
"56","0","MACOUPIN","0","Under Votes","370","13TH CONGRESS","HILYARD","447","11","DEMOCRATIC","1"
"83","0","SANGAMON","685","JESSE REISING","370","13TH CONGRESS","BALL 005","1180","12","REPUBLICAN","54"
"83","0","SANGAMON","675","REGAN DEERING","370","13TH CONGRESS","BALL 005","1180","12","REPUBLICAN","59"
"83","0","SANGAMON","690","TERRY MARTIN","370","13TH CONGRESS","BALL 005","1180","12","REPUBLICAN","21"
"83","0","SANGAMON","680","MATT HAUSMAN","370","13TH CONGRESS","BALL 005","1180","12","REPUBLICAN","21"
"83","0","SANGAMON","690","TERRY MARTIN","370","13TH CONGRESS","DIVERNON 002","401","12","REPUBLICAN","4"
"83","0","SANGAMON","680","MATT HAUSMAN","370","13TH CONGRESS","DIVERNON 002","401","12","REPUBLICAN","15"
"83","0","SANGAMON","685","JESSE REISING","370","13TH CONGRESS","DIVERNON 002","401","12","REPUBLICAN","15"
"83","0","SANGAMON","675","REGAN DEERING","370","13TH CONGRESS","DIVERNON 002","401","12","REPUBLICAN","24"
"83","0","SANGAMON","685","JESSE REISING","370","13TH CONGRESS","GARDNER 004","724","12","REPUBLICAN","1"
"83","0","SANGAMON","675","REGAN DEERING","370","13TH CONGRESS","GARDNER 004","724","12","REPUBLICAN","5"
"83","0","SANGAMON","690","TERRY MARTIN","370","13TH CONGRESS","GARDNER 004","724","12","REPUBLICAN","0"
"83","0","SANGAMON","680","MATT HAUSMAN","370","13TH CONGRESS","GARDNER 004","724","12","REPUBLICAN","2"
"83","0","SANGAMON","685","JESSE REISING","370","13TH CONGRESS","WOODSIDE 003","639","12","REPUBLICAN","34"
"83","0","SANGAMON","675","REGAN DEERING","370","13TH CONGRESS","WOODSIDE 003","639","12","REPUBLICAN","27"
"83","0","SANGAMON","690","TERRY MARTIN","370","13TH CONGRESS","WOODSIDE 003","639","12","REPUBLICAN","10"
"83","0","SANGAMON","680","MATT HAUSMAN","370","13TH CONGRESS","WOODSIDE 003","639","12","REPUBLICAN","13"
"83","0","SANGAMON","690","TERRY MARTIN","370","13TH CONGRESS","CAPITAL 101","823","12","REPUBLICAN","15"
"83","0","SANGAMON","685","JESSE REISING","370","13TH CONGRESS","CAPITAL 101","823","12","REPUBLICAN","37"
"83","0","SANGAMON","675","REGAN DEERING","370","13TH CONGRESS","CAPITAL 101","823","12","REPUBLICAN","53"
"83","0","SANGAMON","680","MATT HAUSMAN","370","13TH CONGRESS","CAPITAL 101","823","12","REPUBLICAN","21"
"83","0","SANGAMON","690","TERRY MARTIN","370","13TH CONGRESS","AUBURN 002","780","12","REPUBLICAN","8"
"83","0","SANGAMON","685","JESSE REISING","370","13TH CONGRESS","AUBURN 002","780","12","REPUBLICAN","28"
"83","0","SANGAMON","675","REGAN DEERING","370","13TH CONGRESS","AUBURN 002","780","12","REPUBLICAN","41"
"83","0","SANGAMON","680","MATT HAUSMAN","370","13TH CONGRESS","AUBURN 002","780","12","REPUBLICAN","19"
"83","0","SANGAMON","690","TERRY MARTIN","370","13TH CONGRESS","COOPER 001","665","12","REPUBLICAN","7"
"83","0","SANGAMON","685","JESSE REISING","370","13TH CONGRESS","COOPER 001","665","12","REPUBLICAN","34"
"83","0","SANGAMON","675","REGAN DEERING","370","13TH CONGRESS","COOPER 001","665","12","REPUBLICAN","35"
"83","0","SANGAMON","680","MATT HAUSMAN","370","13TH CONGRESS","COOPER 001","665","12","REPUBLICAN","23"
"83","0","SANGAMON","690","TERRY MARTIN","370","13TH CONGRESS","ROCHESTER 003","801","12","REPUBLICAN","9"
"83","0","SANGAMON","685","JESSE REISING","370","13TH CONGRESS","ROCHESTER 003","801","12","REPUBLICAN","40"
"83","0","SANGAMON","675","REGAN DEERING","370","13TH CONGRESS","ROCHESTER 003","801","12","REPUBLICAN","53"
"83","0","SANGAMON","680","MATT HAUSMAN","370","13TH CONGRESS","ROCHESTER 003","801","12","REPUBLICAN","21"
"83","0","SANGAMON","690","TERRY MARTIN","370","13TH CONGRESS","SPRINGFIELD 001","742","12","REPUBLICAN","2"
"83","0","SANGAMON","685","JESSE REISING","370","13TH CONGRESS","SPRINGFIELD 001","742","12","REPUBLICAN","13"
"83","0","SANGAMON","675","REGAN DEERING","370","13TH CONGRESS","SPRINGFIELD 001","742","12","REPUBLICAN","7"
"83","0","SANGAMON","680","MATT HAUSMAN","370","13TH CONGRESS","SPRINGFIELD 001","742","12","REPUBLICAN","8"
"83","0","SANGAMON","690","TERRY MARTIN","370","13TH CONGRESS","AUBURN 005","756","12","REPUBLICAN","15"
"83","0","SANGAMON","685","JESSE REISING","370","13TH CONGRESS","AUBURN 005","756","12","REPUBLICAN","31"
"83","0","SANGAMON","675","REGAN DEERING","370","13TH CONGRESS","AUBURN 005","756","12","REPUBLICAN","45"
"83","0","SANGAMON","680","MATT HAUSMAN","370","13TH CONGRESS","AUBURN 005","756","12","REPUBLICAN","21"
"55","0","MACON","0","Blank Ballots","370","13TH CONGRESS","WHITMORE 1","1440","11","DEMOCRATIC","0"
"55","0","MACON","695","NIKKI BUDZINSKI","370","13TH CONGRESS","WHITMORE 1","1440","11","DEMOCRATIC","37"
"55","0","MACON","0","Under Votes","370","13TH CONGRESS","WHITMORE 1","1440","11","DEMOCRATIC","0"
"55","0","MACON","0","Over Votes","370","13TH CONGRESS","WHITMORE 1","1440","11","DEMOCRATIC","0"
"57","0","MADISON","675","REGAN DEERING","370","13TH CONGRESS","FORT RUSSELL 04","1132","12","REPUBLICAN","41"
"57","0","MADISON","680","MATT HAUSMAN","370","13TH CONGRESS","FORT RUSSELL 07","821","12","REPUBLICAN","0"
"57","0","MADISON","690","TERRY MARTIN","370","13TH CONGRESS","FORT RUSSELL 07","821","12","REPUBLICAN","0"
"57","0","MADISON","685","JESSE REISING","370","13TH CONGRESS","FORT RUSSELL 07","821","12","REPUBLICAN","0"
"57","0","MADISON","675","REGAN DEERING","370","13TH CONGRESS","FORT RUSSELL 07","821","12","REPUBLICAN","0"
"57","0","MADISON","680","MATT HAUSMAN","370","13TH CONGRESS","CHOUTEAU 06","998","12","REPUBLICAN","41"
"57","0","MADISON","690","TERRY MARTIN","370","13TH CONGRESS","CHOUTEAU 06","998","12","REPUBLICAN","11"
"57","0","MADISON","685","JESSE REISING","370","13TH CONGRESS","CHOUTEAU 06","998","12","REPUBLICAN","33"
"57","0","MADISON","675","REGAN DEERING","370","13TH CONGRESS","CHOUTEAU 06","998","12","REPUBLICAN","35"
"57","0","MADISON","675","REGAN DEERING","370","13TH CONGRESS","WOOD RIVER 02","1044","12","REPUBLICAN","24"
"57","0","MADISON","680","MATT HAUSMAN","370","13TH CONGRESS","WOOD RIVER 02","1044","12","REPUBLICAN","21"
"57","0","MADISON","690","TERRY MARTIN","370","13TH CONGRESS","WOOD RIVER 02","1044","12","REPUBLICAN","13"
"57","0","MADISON","685","JESSE REISING","370","13TH CONGRESS","WOOD RIVER 02","1044","12","REPUBLICAN","27"
"57","0","MADISON","675","REGAN DEERING","370","13TH CONGRESS","WOOD RIVER 05","799","12","REPUBLICAN","27"
"57","0","MADISON","680","MATT HAUSMAN","370","13TH CONGRESS","WOOD RIVER 05","799","12","REPUBLICAN","29"
"57","0","MADISON","690","TERRY MARTIN","370","13TH CONGRESS","WOOD RIVER 05","799","12","REPUBLICAN","7"
"57","0","MADISON","680","MATT HAUSMAN","370","13TH CONGRESS","WOOD RIVER 18","541","12","REPUBLICAN","20"
"57","0","MADISON","690","TERRY MARTIN","370","13TH CONGRESS","WOOD RIVER 21","1039","12","REPUBLICAN","5"
"57","0","MADISON","685","JESSE REISING","370","13TH CONGRESS","WOOD RIVER 21","1039","12","REPUBLICAN","20"
"57","0","MADISON","675","REGAN DEERING","370","13TH CONGRESS","WOOD RIVER 21","1039","12","REPUBLICAN","25"
"57","0","MADISON","680","MATT HAUSMAN","370","13TH CONGRESS","WOOD RIVER 21","1039","12","REPUBLICAN","33"
"57","0","MADISON","690","TERRY MARTIN","370","13TH CONGRESS","FOSTER 02","871","12","REPUBLICAN","4"
"57","0","MADISON","685","JESSE REISING","370","13TH CONGRESS","FOSTER 02","871","12","REPUBLICAN","20"
"57","0","MADISON","675","REGAN DEERING","370","13TH CONGRESS","FOSTER 02","871","12","REPUBLICAN","9"
"57","0","MADISON","680","MATT HAUSMAN","370","13TH CONGRESS","FOSTER 02","871","12","REPUBLICAN","13"
"57","0","MADISON","690","TERRY MARTIN","370","13TH CONGRESS","VENICE 01","1084","12","REPUBLICAN","2"
"57","0","MADISON","685","JESSE REISING","370","13TH CONGRESS","VENICE 01","1084","12","REPUBLICAN","1"
"57","0","MADISON","675","REGAN DEERING","370","13TH CONGRESS","VENICE 01","1084","12","REPUBLICAN","4"
"57","0","MADISON","680","MATT HAUSMAN","370","13TH CONGRESS","VENICE 01","1084","12","REPUBLICAN","0"
"57","0","MADISON","690","TERRY MARTIN","370","13TH CONGRESS","GRANITE CITY 14","935","12","REPUBLICAN","7"
"57","0","MADISON","685","JESSE REISING","370","13TH CONGRESS","GRANITE CITY 14","935","12","REPUBLICAN","30"
"57","0","MADISON","675","REGAN DEERING","370","13TH CONGRESS","GRANITE CITY 14","935","12","REPUBLICAN","19"
"57","0","MADISON","680","MATT HAUSMAN","370","13TH CONGRESS","GRANITE CITY 14","935","12","REPUBLICAN","23"
"57","0","MADISON","690","TERRY MARTIN","370","13TH CONGRESS","GRANITE CITY 17","1110","12","REPUBLICAN","15"
"57","0","MADISON","685","JESSE REISING","370","13TH CONGRESS","GRANITE CITY 17","1110","12","REPUBLICAN","46"
"57","0","MADISON","675","REGAN DEERING","370","13TH CONGRESS","GRANITE CITY 17","1110","12","REPUBLICAN","47"
"57","0","MADISON","680","MATT HAUSMAN","370","13TH CONGRESS","GRANITE CITY 17","1110","12","REPUBLICAN","47"
"57","0","MADISON","690","TERRY MARTIN","370","13TH CONGRESS","ALTON 04","797","12","REPUBLICAN","0"
"57","0","MADISON","685","JESSE REISING","370","13TH CONGRESS","ALTON 04","797","12","REPUBLICAN","13"
"57","0","MADISON","675","REGAN DEERING","370","13TH CONGRESS","ALTON 04","797","12","REPUBLICAN","14"
"88","0","ST. CLAIR","700","DAVID PALMER","370","13TH CONGRESS","CENTREVILLE 18","590","11","DEMOCRATIC","5"
"88","0","ST. CLAIR","695","NIKKI BUDZINSKI","370","13TH CONGRESS","CENTREVILLE 18","590","11","DEMOCRATIC","5"
"88","0","ST. CLAIR","695","NIKKI BUDZINSKI","370","13TH CONGRESS","CENTREVILLE 21","726","11","DEMOCRATIC","11"
"88","0","ST. CLAIR","700","DAVID PALMER","370","13TH CONGRESS","CENTREVILLE 21","726","11","DEMOCRATIC","2"
"88","0","ST. CLAIR","695","NIKKI BUDZINSKI","370","13TH CONGRESS","O FALLON 14","823","11","DEMOCRATIC","35"
"88","0","ST. CLAIR","700","DAVID PALMER","370","13TH CONGRESS","O FALLON 14","823","11","DEMOCRATIC","15"
"88","0","ST. CLAIR","695","NIKKI BUDZINSKI","370","13TH CONGRESS","O FALLON 17","1012","11","DEMOCRATIC","47"
"88","0","ST. CLAIR","700","DAVID PALMER","370","13TH CONGRESS","O FALLON 17","1012","11","DEMOCRATIC","14"
"88","0","ST. CLAIR","695","NIKKI BUDZINSKI","370","13TH CONGRESS","ST CLAIR 23","1438","11","DEMOCRATIC","98"
"88","0","ST. CLAIR","700","DAVID PALMER","370","13TH CONGRESS","ST CLAIR 23","1438","11","DEMOCRATIC","34"
"88","0","ST. CLAIR","695","NIKKI BUDZINSKI","370","13TH CONGRESS","ST CLAIR 26","926","11","DEMOCRATIC","67"
"88","0","ST. CLAIR","700","DAVID PALMER","370","13TH CONGRESS","ST CLAIR 26","926","11","DEMOCRATIC","21"
"88","0","ST. CLAIR","695","NIKKI BUDZINSKI","370","13TH CONGRESS","ST CLAIR 29","907","11","DEMOCRATIC","52"
"88","0","ST. CLAIR","700","DAVID PALMER","370","13TH CONGRESS","ST CLAIR 29","907","11","DEMOCRATIC","13"
"88","0","ST. CLAIR","695","NIKKI BUDZINSKI","370","13TH CONGRESS","SMITHTON 3","1145","11","DEMOCRATIC","0"
"88","0","ST. CLAIR","700","DAVID PALMER","370","13TH CONGRESS","SMITHTON 3","1145","11","DEMOCRATIC","0"
"88","0","ST. CLAIR","695","NIKKI BUDZINSKI","370","13TH CONGRESS","SUGAR LOAF 5","730","11","DEMOCRATIC","17"
"88","0","ST. CLAIR","700","DAVID PALMER","370","13TH CONGRESS","SUGAR LOAF 5","730","11","DEMOCRATIC","2"
"88","0","ST. CLAIR","0","Over Votes","370","13TH CONGRESS","","0","11","DEMOCRATIC","4"
"88","0","ST. CLAIR","0","Under Votes","370","13TH CONGRESS","","0","11","DEMOCRATIC","364"
"88","0","ST. CLAIR","700","DAVID PALMER","370","13TH CONGRESS","BELLEVILLE 2","1193","11","DEMOCRATIC","12"
"88","0","ST. CLAIR","695","NIKKI BUDZINSKI","370","13TH CONGRESS","BELLEVILLE 2","1193","11","DEMOCRATIC","43"
"88","0","ST. CLAIR","700","DAVID PALMER","370","13TH CONGRESS","BELLEVILLE 5","786","11","DEMOCRATIC","10"
"88","0","ST. CLAIR","695","NIKKI BUDZINSKI","370","13TH CONGRESS","BELLEVILLE 5","786","11","DEMOCRATIC","28"
"88","0","ST. CLAIR","695","NIKKI BUDZINSKI","370","13TH CONGRESS","BELLEVILLE 25","698","11","DEMOCRATIC","68"
"88","0","ST. CLAIR","700","DAVID PALMER","370","13TH CONGRESS","BELLEVILLE 25","698","11","DEMOCRATIC","11"
"88","0","ST. CLAIR","695","NIKKI BUDZINSKI","370","13TH CONGRESS","BELLEVILLE 28","703","11","DEMOCRATIC","44"
"88","0","ST. CLAIR","700","DAVID PALMER","370","13TH CONGRESS","BELLEVILLE 28","703","11","DEMOCRATIC","7"
"88","0","ST. CLAIR","700","DAVID PALMER","370","13TH CONGRESS","BELLEVILLE 31","862","11","DEMOCRATIC","17"
"88","0","ST. CLAIR","695","NIKKI BUDZINSKI","370","13TH CONGRESS","BELLEVILLE 31","862","11","DEMOCRATIC","38"
"88","0","ST. CLAIR","700","DAVID PALMER","370","13TH CONGRESS","BELLEVILLE 34","331","11","DEMOCRATIC","7"
"88","0","ST. CLAIR","695","NIKKI BUDZINSKI","370","13TH CONGRESS","BELLEVILLE 34","331","11","DEMOCRATIC","19"
"88","0","ST. CLAIR","695","NIKKI BUDZINSKI","370","13TH CONGRESS","CASEYVILLE 8","928","11","DEMOCRATIC","62"
"88","0","ST. CLAIR","700","DAVID PALMER","370","13TH CONGRESS","CASEYVILLE 8","928","11","DEMOCRATIC","21"
"88","0","ST. CLAIR","700","DAVID PALMER","370","13TH CONGRESS","CASEYVILLE 14","609","11","DEMOCRATIC","13"
"88","0","ST. CLAIR","695","NIKKI BUDZINSKI","370","13TH CONGRESS","CASEYVILLE 14","609","11","DEMOCRATIC","22"
"88","0","ST. CLAIR","695","NIKKI BUDZINSKI","370","13TH CONGRESS","CENTREVILLE 1","406","11","DEMOCRATIC","17"
"88","0","ST. CLAIR","700","DAVID PALMER","370","13TH CONGRESS","CENTREVILLE 1","406","11","DEMOCRATIC","8"
"88","0","ST. CLAIR","700","DAVID PALMER","370","13TH CONGRESS","CENTREVILLE 4","787","11","DEMOCRATIC","17"
"56","0","MACOUPIN","685","JESSE REISING","370","13TH CONGRESS","CAHOKIA 1","1033","12","REPUBLICAN","25"
"56","0","MACOUPIN","690","TERRY MARTIN","370","13TH CONGRESS","CAHOKIA 1","1033","12","REPUBLICAN","9"
"56","0","MACOUPIN","0","Under Votes","370","13TH CONGRESS","CHESTERFIELD","510","12","REPUBLICAN","9"
"56","0","MACOUPIN","0","Blank Ballots","370","13TH CONGRESS","CHESTERFIELD","510","12","REPUBLICAN","0"
"56","0","MACOUPIN","675","REGAN DEERING","370","13TH CONGRESS","CHESTERFIELD","510","12","REPUBLICAN","38"
"56","0","MACOUPIN","680","MATT HAUSMAN","370","13TH CONGRESS","CHESTERFIELD","510","12","REPUBLICAN","16"
"56","0","MACOUPIN","0","Over Votes","370","13TH CONGRESS","CHESTERFIELD","510","12","REPUBLICAN","0"
"56","0","MACOUPIN","685","JESSE REISING","370","13TH CONGRESS","CHESTERFIELD","510","12","REPUBLICAN","20"
"56","0","MACOUPIN","690","TERRY MARTIN","370","13TH CONGRESS","CHESTERFIELD","510","12","REPUBLICAN","5"
"56","0","MACOUPIN","0","Under Votes","370","13TH CONGRESS","MT. OLIVE 3","371","12","REPUBLICAN","8"
"56","0","MACOUPIN","0","Blank Ballots","370","13TH CONGRESS","MT. OLIVE 3","371","12","REPUBLICAN","0"
"56","0","MACOUPIN","675","REGAN DEERING","370","13TH CONGRESS","MT. OLIVE 3","371","12","REPUBLICAN","19"
"56","0","MACOUPIN","680","MATT HAUSMAN","370","13TH CONGRESS","MT. OLIVE 3","371","12","REPUBLICAN","20"
"56","0","MACOUPIN","0","Over Votes","370","13TH CONGRESS","MT. OLIVE 3","371","12","REPUBLICAN","0"
"56","0","MACOUPIN","685","JESSE REISING","370","13TH CONGRESS","MT. OLIVE 3","371","12","REPUBLICAN","23"
"56","0","MACOUPIN","690","TERRY MARTIN","370","13TH CONGRESS","MT. OLIVE 3","371","12","REPUBLICAN","7"
"56","0","MACOUPIN","0","Under Votes","370","13TH CONGRESS","SHAWS POINT","405","12","REPUBLICAN","8"
"56","0","MACOUPIN","0","Blank Ballots","370","13TH CONGRESS","SHAWS POINT","405","12","REPUBLICAN","0"
"56","0","MACOUPIN","675","REGAN DEERING","370","13TH CONGRESS","SHAWS POINT","405","12","REPUBLICAN","32"
"56","0","MACOUPIN","680","MATT HAUSMAN","370","13TH CONGRESS","SHAWS POINT","405","12","REPUBLICAN","16"
"56","0","MACOUPIN","0","Over Votes","370","13TH CONGRESS","SHAWS POINT","405","12","REPUBLICAN","0"
"56","0","MACOUPIN","685","JESSE REISING","370","13TH CONGRESS","SHAWS POINT","405","12","REPUBLICAN","11"
"56","0","MACOUPIN","690","TERRY MARTIN","370","13TH CONGRESS","SHAWS POINT","405","12","REPUBLICAN","8"
"56","0","MACOUPIN","680","MATT HAUSMAN","370","13TH CONGRESS","BIRD","226","12","REPUBLICAN","9"
"56","0","MACOUPIN","0","Over Votes","370","13TH CONGRESS","BIRD","226","12","REPUBLICAN","0"
"56","0","MACOUPIN","685","JESSE REISING","370","13TH CONGRESS","BIRD","226","12","REPUBLICAN","15"
"56","0","MACOUPIN","690","TERRY MARTIN","370","13TH CONGRESS","BIRD","226","12","REPUBLICAN","3"
"56","0","MACOUPIN","0","Under Votes","370","13TH CONGRESS","BIRD","226","12","REPUBLICAN","0"
"56","0","MACOUPIN","0","Blank Ballots","370","13TH CONGRESS","BIRD","226","12","REPUBLICAN","0"
"56","0","MACOUPIN","675","REGAN DEERING","370","13TH CONGRESS","BIRD","226","12","REPUBLICAN","43"
"56","0","MACOUPIN","0","Blank Ballots","370","13TH CONGRESS","BUNKER HILL 3","767","12","REPUBLICAN","0"
"56","0","MACOUPIN","675","REGAN DEERING","370","13TH CONGRESS","BUNKER HILL 3","767","12","REPUBLICAN","35"
"56","0","MACOUPIN","680","MATT HAUSMAN","370","13TH CONGRESS","BUNKER HILL 3","767","12","REPUBLICAN","32"
"56","0","MACOUPIN","0","Over Votes","370","13TH CONGRESS","BUNKER HILL 3","767","12","REPUBLICAN","0"
"56","0","MACOUPIN","685","JESSE REISING","370","13TH CONGRESS","BUNKER HILL 3","767","12","REPUBLICAN","28"
"56","0","MACOUPIN","690","TERRY MARTIN","370","13TH CONGRESS","BUNKER HILL 3","767","12","REPUBLICAN","5"
"56","0","MACOUPIN","0","Under Votes","370","13TH CONGRESS","BUNKER HILL 3","767","12","REPUBLICAN","8"
"56","0","MACOUPIN","0","Under Votes","370","13TH CONGRESS","CARLINVILLE 5","671","12","REPUBLICAN","6"
"56","0","MACOUPIN","0","Blank Ballots","370","13TH CONGRESS","CARLINVILLE 5","671","12","REPUBLICAN","0"
"56","0","MACOUPIN","675","REGAN DEERING","370","13TH CONGRESS","CARLINVILLE 5","671","12","REPUBLICAN","26"
"56","0","MACOUPIN","680","MATT HAUSMAN","370","13TH CONGRESS","CARLINVILLE 5","671","12","REPUBLICAN","8"
"83","0","SANGAMON","695","NIKKI BUDZINSKI","370","13TH CONGRESS","CAPITAL 082","1022","11","DEMOCRATIC","75"
"83","0","SANGAMON","700","DAVID PALMER","370","13TH CONGRESS","CAPITAL 082","1022","11","DEMOCRATIC","10"
"83","0","SANGAMON","695","NIKKI BUDZINSKI","370","13TH CONGRESS","CAPITAL 085","941","11","DEMOCRATIC","21"
"83","0","SANGAMON","700","DAVID PALMER","370","13TH CONGRESS","CAPITAL 085","941","11","DEMOCRATIC","3"
"83","0","SANGAMON","695","NIKKI BUDZINSKI","370","13TH CONGRESS","CAPITAL 088","596","11","DEMOCRATIC","46"
"83","0","SANGAMON","700","DAVID PALMER","370","13TH CONGRESS","CAPITAL 088","596","11","DEMOCRATIC","13"
"83","0","SANGAMON","695","NIKKI BUDZINSKI","370","13TH CONGRESS","BALL 004","1252","11","DEMOCRATIC","57"
"83","0","SANGAMON","700","DAVID PALMER","370","13TH CONGRESS","BALL 004","1252","11","DEMOCRATIC","5"
"83","0","SANGAMON","695","NIKKI BUDZINSKI","370","13TH CONGRESS","CHATHAM 003","1035","11","DEMOCRATIC","46"
"83","0","SANGAMON","700","DAVID PALMER","370","13TH CONGRESS","CHATHAM 003","1035","11","DEMOCRATIC","7"
"83","0","SANGAMON","695","NIKKI BUDZINSKI","370","13TH CONGRESS","MECHANICSBURG 003","533","11","DEMOCRATIC","23"
"83","0","SANGAMON","700","DAVID PALMER","370","13TH CONGRESS","MECHANICSBURG 003","533","11","DEMOCRATIC","3"
"83","0","SANGAMON","695","NIKKI BUDZINSKI","370","13TH CONGRESS","WOODSIDE 002","280","11","DEMOCRATIC","17"
"83","0","SANGAMON","700","DAVID PALMER","370","13TH CONGRESS","WOODSIDE 002","280","11","DEMOCRATIC","2"
"83","0","SANGAMON","695","NIKKI BUDZINSKI","370","13TH CONGRESS","WOODSIDE 005","776","11","DEMOCRATIC","27"
"83","0","SANGAMON","700","DAVID PALMER","370","13TH CONGRESS","WOODSIDE 005","776","11","DEMOCRATIC","10"
"83","0","SANGAMON","695","NIKKI BUDZINSKI","370","13TH CONGRESS","WOODSIDE 008","810","11","DEMOCRATIC","47"
"83","0","SANGAMON","700","DAVID PALMER","370","13TH CONGRESS","WOODSIDE 008","810","11","DEMOCRATIC","8"
"83","0","SANGAMON","695","NIKKI BUDZINSKI","370","13TH CONGRESS","WOODSIDE 011","481","11","DEMOCRATIC","26"
"83","0","SANGAMON","700","DAVID PALMER","370","13TH CONGRESS","WOODSIDE 011","481","11","DEMOCRATIC","2"
"83","0","SANGAMON","695","NIKKI BUDZINSKI","370","13TH CONGRESS","CAPITAL 009","832","11","DEMOCRATIC","42"
"83","0","SANGAMON","700","DAVID PALMER","370","13TH CONGRESS","CAPITAL 009","832","11","DEMOCRATIC","3"
"83","0","SANGAMON","700","DAVID PALMER","370","13TH CONGRESS","CAPITAL 012","777","11","DEMOCRATIC","8"
"83","0","SANGAMON","695","NIKKI BUDZINSKI","370","13TH CONGRESS","CAPITAL 012","777","11","DEMOCRATIC","55"
"83","0","SANGAMON","695","NIKKI BUDZINSKI","370","13TH CONGRESS","CAPITAL 018","568","11","DEMOCRATIC","27"
"83","0","SANGAMON","700","DAVID PALMER","370","13TH CONGRESS","CAPITAL 018","568","11","DEMOCRATIC","5"
"83","0","SANGAMON","695","NIKKI BUDZINSKI","370","13TH CONGRESS","CAPITAL 041","660","11","DEMOCRATIC","33"
"83","0","SANGAMON","700","DAVID PALMER","370","13TH CONGRESS","CAPITAL 041","660","11","DEMOCRATIC","6"
"83","0","SANGAMON","700","DAVID PALMER","370","13TH CONGRESS","CAPITAL 044","698","11","DEMOCRATIC","7"
"83","0","SANGAMON","695","NIKKI BUDZINSKI","370","13TH CONGRESS","CAPITAL 044","698","11","DEMOCRATIC","64"
"83","0","SANGAMON","700","DAVID PALMER","370","13TH CONGRESS","CAPITAL 047","796","11","DEMOCRATIC","5"
"83","0","SANGAMON","695","NIKKI BUDZINSKI","370","13TH CONGRESS","CAPITAL 047","796","11","DEMOCRATIC","38"
"83","0","SANGAMON","700","DAVID PALMER","370","13TH CONGRESS","CAPITAL 070","655","11","DEMOCRATIC","7"
"83","0","SANGAMON","695","NIKKI BUDZINSKI","370","13TH CONGRESS","CAPITAL 070","655","11","DEMOCRATIC","34"
"83","0","SANGAMON","700","DAVID PALMER","370","13TH CONGRESS","CAPITAL 073","692","11","DEMOCRATIC","29"
"83","0","SANGAMON","695","NIKKI BUDZINSKI","370","13TH CONGRESS","CAPITAL 073","692","11","DEMOCRATIC","47"
"83","0","SANGAMON","700","DAVID PALMER","370","13TH CONGRESS","CAPITAL 076","735","11","DEMOCRATIC","14"
"83","0","SANGAMON","695","NIKKI BUDZINSKI","370","13TH CONGRESS","CAPITAL 076","735","11","DEMOCRATIC","60"
"83","0","SANGAMON","700","DAVID PALMER","370","13TH CONGRESS","CAPITAL 099","834","11","DEMOCRATIC","4"
"83","0","SANGAMON","695","NIKKI BUDZINSKI","370","13TH CONGRESS","CAPITAL 099","834","11","DEMOCRATIC","72"
"56","0","MACOUPIN","0","Blank Ballots","370","13TH CONGRESS","HILYARD","447","11","DEMOCRATIC","0"
"56","0","MACOUPIN","700","DAVID PALMER","370","13TH CONGRESS","HILYARD","447","11","DEMOCRATIC","7"
"56","0","MACOUPIN","0","Over Votes","370","13TH CONGRESS","HILYARD","447","11","DEMOCRATIC","0"
"56","0","MACOUPIN","695","NIKKI BUDZINSKI","370","13TH CONGRESS","HILYARD","447","11","DEMOCRATIC","15"
"56","0","MACOUPIN","0","Blank Ballots","370","13TH CONGRESS","NORTH OTTER","661","11","DEMOCRATIC","0"
"56","0","MACOUPIN","700","DAVID PALMER","370","13TH CONGRESS","NORTH OTTER","661","11","DEMOCRATIC","4"
"56","0","MACOUPIN","0","Under Votes","370","13TH CONGRESS","NORTH OTTER","661","11","DEMOCRATIC","0"
"56","0","MACOUPIN","0","Over Votes","370","13TH CONGRESS","NORTH OTTER","661","11","DEMOCRATIC","0"
"56","0","MACOUPIN","695","NIKKI BUDZINSKI","370","13TH CONGRESS","NORTH OTTER","661","11","DEMOCRATIC","19"
"56","0","MACOUPIN","0","Blank Ballots","370","13TH CONGRESS","SOUTH PALMYRA","517","11","DEMOCRATIC","0"
"56","0","MACOUPIN","700","DAVID PALMER","370","13TH CONGRESS","SOUTH PALMYRA","517","11","DEMOCRATIC","3"
"56","0","MACOUPIN","0","Under Votes","370","13TH CONGRESS","SOUTH PALMYRA","517","11","DEMOCRATIC","0"
"56","0","MACOUPIN","0","Over Votes","370","13TH CONGRESS","SOUTH PALMYRA","517","11","DEMOCRATIC","0"
"56","0","MACOUPIN","695","NIKKI BUDZINSKI","370","13TH CONGRESS","SOUTH PALMYRA","517","11","DEMOCRATIC","7"
"56","0","MACOUPIN","0","Under Votes","370","13TH CONGRESS","STAUNTON 4","827","11","DEMOCRATIC","5"
"56","0","MACOUPIN","0","Blank Ballots","370","13TH CONGRESS","STAUNTON 4","827","11","DEMOCRATIC","0"
"56","0","MACOUPIN","700","DAVID PALMER","370","13TH CONGRESS","STAUNTON 4","827","11","DEMOCRATIC","15"
"56","0","MACOUPIN","0","Over Votes","370","13TH CONGRESS","STAUNTON 4","827","11","DEMOCRATIC","0"
"56","0","MACOUPIN","695","NIKKI BUDZINSKI","370","13TH CONGRESS","STAUNTON 4","827","11","DEMOCRATIC","45"
"56","0","MACOUPIN","0","Blank Ballots","370","13TH CONGRESS","BIRD","226","11","DEMOCRATIC","0"
"56","0","MACOUPIN","700","DAVID PALMER","370","13TH CONGRESS","BIRD","226","11","DEMOCRATIC","8"
"56","0","MACOUPIN","0","Under Votes","370","13TH CONGRESS","BIRD","226","11","DEMOCRATIC","0"
"56","0","MACOUPIN","0","Over Votes","370","13TH CONGRESS","BIRD","226","11","DEMOCRATIC","0"
"56","0","MACOUPIN","695","NIKKI BUDZINSKI","370","13TH CONGRESS","BIRD","226","11","DEMOCRATIC","12"
"56","0","MACOUPIN","0","Blank Ballots","370","13TH CONGRESS","BUNKER HILL 3","767","11","DEMOCRATIC","0"
"56","0","MACOUPIN","700","DAVID PALMER","370","13TH CONGRESS","BUNKER HILL 3","767","11","DEMOCRATIC","11"
"56","0","MACOUPIN","0","Under Votes","370","13TH CONGRESS","BUNKER HILL 3","767","11","DEMOCRATIC","5"
"56","0","MACOUPIN","0","Over Votes","370","13TH CONGRESS","BUNKER HILL 3","767","11","DEMOCRATIC","0"
"56","0","MACOUPIN","695","NIKKI BUDZINSKI","370","13TH CONGRESS","BUNKER HILL 3","767","11","DEMOCRATIC","32"
"56","0","MACOUPIN","0","Under Votes","370","13TH CONGRESS","CARLINVILLE 5","671","11","DEMOCRATIC","6"
"56","0","MACOUPIN","0","Blank Ballots","370","13TH CONGRESS","CARLINVILLE 5","671","11","DEMOCRATIC","0"
"56","0","MACOUPIN","700","DAVID PALMER","370","13TH CONGRESS","CARLINVILLE 5","671","11","DEMOCRATIC","12"
"56","0","MACOUPIN","695","NIKKI BUDZINSKI","370","13TH CONGRESS","CARLINVILLE 5","671","11","DEMOCRATIC","29"
"56","0","MACOUPIN","0","Over Votes","370","13TH CONGRESS","CARLINVILLE 5","671","11","DEMOCRATIC","0"
"56","0","MACOUPIN","0","Blank Ballots","370","13TH CONGRESS","MT. OLIVE 2","838","11","DEMOCRATIC","0"
"56","0","MACOUPIN","700","DAVID PALMER","370","13TH CONGRESS","MT. OLIVE 2","838","11","DEMOCRATIC","22"
"56","0","MACOUPIN","0","Under Votes","370","13TH CONGRESS","MT. OLIVE 2","838","11","DEMOCRATIC","2"
"56","0","MACOUPIN","0","Over Votes","370","13TH CONGRESS","MT. OLIVE 2","838","11","DEMOCRATIC","0"
"56","0","MACOUPIN","695","NIKKI BUDZINSKI","370","13TH CONGRESS","MT. OLIVE 2","838","11","DEMOCRATIC","27"
"56","0","MACOUPIN","0","Under Votes","370","13TH CONGRESS","SCOTTVILLE","225","11","DEMOCRATIC","1"
"56","0","MACOUPIN","0","Blank Ballots","370","13TH CONGRESS","SCOTTVILLE","225","11","DEMOCRATIC","0"
"56","0","MACOUPIN","700","DAVID PALMER","370","13TH CONGRESS","SCOTTVILLE","225","11","DEMOCRATIC","1"
"83","0","SANGAMON","690","TERRY MARTIN","370","13TH CONGRESS","BALL 003","1055","12","REPUBLICAN","14"
"83","0","SANGAMON","685","JESSE REISING","370","13TH CONGRESS","BALL 003","1055","12","REPUBLICAN","43"
"83","0","SANGAMON","675","REGAN DEERING","370","13TH CONGRESS","BALL 003","1055","12","REPUBLICAN","51"
"83","0","SANGAMON","680","MATT HAUSMAN","370","13TH CONGRESS","BALL 003","1055","12","REPUBLICAN","20"
"83","0","SANGAMON","690","TERRY MARTIN","370","13TH CONGRESS","CHATHAM 002","881","12","REPUBLICAN","12"
"83","0","SANGAMON","685","JESSE REISING","370","13TH CONGRESS","CHATHAM 002","881","12","REPUBLICAN","23"
"83","0","SANGAMON","675","REGAN DEERING","370","13TH CONGRESS","CHATHAM 002","881","12","REPUBLICAN","36"
"83","0","SANGAMON","680","MATT HAUSMAN","370","13TH CONGRESS","CHATHAM 002","881","12","REPUBLICAN","14"
"83","0","SANGAMON","690","TERRY MARTIN","370","13TH CONGRESS","ILLIOPOLIS 001","814","12","REPUBLICAN","12"
"83","0","SANGAMON","685","JESSE REISING","370","13TH CONGRESS","ILLIOPOLIS 001","814","12","REPUBLICAN","57"
"83","0","SANGAMON","675","REGAN DEERING","370","13TH CONGRESS","ILLIOPOLIS 001","814","12","REPUBLICAN","67"
"83","0","SANGAMON","680","MATT HAUSMAN","370","13TH CONGRESS","ILLIOPOLIS 001","814","12","REPUBLICAN","20"
"83","0","SANGAMON","685","JESSE REISING","370","13TH CONGRESS","WOODSIDE 001","605","12","REPUBLICAN","59"
"83","0","SANGAMON","675","REGAN DEERING","370","13TH CONGRESS","WOODSIDE 001","605","12","REPUBLICAN","28"
"83","0","SANGAMON","690","TERRY MARTIN","370","13TH CONGRESS","WOODSIDE 001","605","12","REPUBLICAN","10"
"83","0","SANGAMON","680","MATT HAUSMAN","370","13TH CONGRESS","WOODSIDE 001","605","12","REPUBLICAN","12"
"83","0","SANGAMON","690","TERRY MARTIN","370","13TH CONGRESS","WOODSIDE 004","433","12","REPUBLICAN","1"
"83","0","SANGAMON","685","JESSE REISING","370","13TH CONGRESS","WOODSIDE 004","433","12","REPUBLICAN","18"
"83","0","SANGAMON","675","REGAN DEERING","370","13TH CONGRESS","WOODSIDE 004","433","12","REPUBLICAN","12"
"83","0","SANGAMON","680","MATT HAUSMAN","370","13TH CONGRESS","WOODSIDE 004","433","12","REPUBLICAN","7"
"83","0","SANGAMON","690","TERRY MARTIN","370","13TH CONGRESS","WOODSIDE 007","602","12","REPUBLICAN","12"
"83","0","SANGAMON","685","JESSE REISING","370","13TH CONGRESS","WOODSIDE 007","602","12","REPUBLICAN","38"
"83","0","SANGAMON","675","REGAN DEERING","370","13TH CONGRESS","WOODSIDE 007","602","12","REPUBLICAN","38"
"83","0","SANGAMON","680","MATT HAUSMAN","370","13TH CONGRESS","WOODSIDE 007","602","12","REPUBLICAN","14"
"83","0","SANGAMON","675","REGAN DEERING","370","13TH CONGRESS","CAPITAL 087","833","12","REPUBLICAN","29"
"83","0","SANGAMON","690","TERRY MARTIN","370","13TH CONGRESS","CAPITAL 087","833","12","REPUBLICAN","14"
"83","0","SANGAMON","680","MATT HAUSMAN","370","13TH CONGRESS","CAPITAL 087","833","12","REPUBLICAN","12"
"83","0","SANGAMON","680","MATT HAUSMAN","370","13TH CONGRESS","CAPITAL 090","1030","12","REPUBLICAN","13"
"83","0","SANGAMON","685","JESSE REISING","370","13TH CONGRESS","CAPITAL 090","1030","12","REPUBLICAN","58"
"83","0","SANGAMON","675","REGAN DEERING","370","13TH CONGRESS","CAPITAL 090","1030","12","REPUBLICAN","42"
"83","0","SANGAMON","690","TERRY MARTIN","370","13TH CONGRESS","CAPITAL 090","1030","12","REPUBLICAN","10"
"83","0","SANGAMON","690","TERRY MARTIN","370","13TH CONGRESS","CAPITAL 093","744","12","REPUBLICAN","6"
"83","0","SANGAMON","685","JESSE REISING","370","13TH CONGRESS","CAPITAL 093","744","12","REPUBLICAN","21"
"83","0","SANGAMON","675","REGAN DEERING","370","13TH CONGRESS","CAPITAL 093","744","12","REPUBLICAN","34"
"83","0","SANGAMON","680","MATT HAUSMAN","370","13TH CONGRESS","CAPITAL 093","744","12","REPUBLICAN","11"
"83","0","SANGAMON","690","TERRY MARTIN","370","13TH CONGRESS","CAPITAL 096","732","12","REPUBLICAN","2"
"83","0","SANGAMON","685","JESSE REISING","370","13TH CONGRESS","CAPITAL 096","732","12","REPUBLICAN","20"
"83","0","SANGAMON","675","REGAN DEERING","370","13TH CONGRESS","CAPITAL 096","732","12","REPUBLICAN","17"
"83","0","SANGAMON","680","MATT HAUSMAN","370","13TH CONGRESS","CAPITAL 096","732","12","REPUBLICAN","10"
"83","0","SANGAMON","690","TERRY MARTIN","370","13TH CONGRESS","CHATHAM 005","1304","12","REPUBLICAN","22"
"57","0","MADISON","680","MATT HAUSMAN","370","13TH CONGRESS","ALTON 04","797","12","REPUBLICAN","16"
"57","0","MADISON","690","TERRY MARTIN","370","13TH CONGRESS","ALTON 07","975","12","REPUBLICAN","3"
"57","0","MADISON","685","JESSE REISING","370","13TH CONGRESS","ALTON 07","975","12","REPUBLICAN","9"
"57","0","MADISON","675","REGAN DEERING","370","13TH CONGRESS","ALTON 07","975","12","REPUBLICAN","15"
"57","0","MADISON","680","MATT HAUSMAN","370","13TH CONGRESS","ALTON 07","975","12","REPUBLICAN","16"
"57","0","MADISON","690","TERRY MARTIN","370","13TH CONGRESS","ALTON 10","1096","12","REPUBLICAN","8"
"57","0","MADISON","685","JESSE REISING","370","13TH CONGRESS","ALTON 10","1096","12","REPUBLICAN","29"
"57","0","MADISON","675","REGAN DEERING","370","13TH CONGRESS","ALTON 10","1096","12","REPUBLICAN","26"
"57","0","MADISON","680","MATT HAUSMAN","370","13TH CONGRESS","ALTON 10","1096","12","REPUBLICAN","40"
"57","0","MADISON","690","TERRY MARTIN","370","13TH CONGRESS","ALTON 13","1039","12","REPUBLICAN","4"
"57","0","MADISON","685","JESSE REISING","370","13TH CONGRESS","ALTON 13","1039","12","REPUBLICAN","10"
"57","0","MADISON","675","REGAN DEERING","370","13TH CONGRESS","ALTON 13","1039","12","REPUBLICAN","8"
"57","0","MADISON","680","MATT HAUSMAN","370","13TH CONGRESS","ALTON 13","1039","12","REPUBLICAN","8"
"57","0","MADISON","675","REGAN DEERING","370","13TH CONGRESS","COLLINSVILLE 21","1046","12","REPUBLICAN","60"
"57","0","MADISON","680","MATT HAUSMAN","370","13TH CONGRESS","COLLINSVILLE 21","1046","12","REPUBLICAN","40"
"57","0","MADISON","690","TERRY MARTIN","370","13TH CONGRESS","COLLINSVILLE 21","1046","12","REPUBLICAN","9"
"57","0","MADISON","685","JESSE REISING","370","13TH CONGRESS","COLLINSVILLE 21","1046","12","REPUBLICAN","51"
"57","0","MADISON","675","REGAN DEERING","370","13TH CONGRESS","EDWARDSVILLE 02","1022","12","REPUBLICAN","22"
"57","0","MADISON","680","MATT HAUSMAN","370","13TH CONGRESS","EDWARDSVILLE 02","1022","12","REPUBLICAN","23"
"57","0","MADISON","690","TERRY MARTIN","370","13TH CONGRESS","EDWARDSVILLE 02","1022","12","REPUBLICAN","8"
"57","0","MADISON","685","JESSE REISING","370","13TH CONGRESS","EDWARDSVILLE 02","1022","12","REPUBLICAN","23"
"57","0","MADISON","675","REGAN DEERING","370","13TH CONGRESS","EDWARDSVILLE 05","913","12","REPUBLICAN","18"
"57","0","MADISON","680","MATT HAUSMAN","370","13TH CONGRESS","EDWARDSVILLE 05","913","12","REPUBLICAN","13"
"57","0","MADISON","690","TERRY MARTIN","370","13TH CONGRESS","EDWARDSVILLE 05","913","12","REPUBLICAN","3"
"57","0","MADISON","685","JESSE REISING","370","13TH CONGRESS","EDWARDSVILLE 05","913","12","REPUBLICAN","22"
"57","0","MADISON","675","REGAN DEERING","370","13TH CONGRESS","EDWARDSVILLE 08","1116","12","REPUBLICAN","27"
"57","0","MADISON","680","MATT HAUSMAN","370","13TH CONGRESS","EDWARDSVILLE 08","1116","12","REPUBLICAN","23"
"57","0","MADISON","690","TERRY MARTIN","370","13TH CONGRESS","EDWARDSVILLE 08","1116","12","REPUBLICAN","10"
"57","0","MADISON","685","JESSE REISING","370","13TH CONGRESS","EDWARDSVILLE 08","1116","12","REPUBLICAN","54"
"57","0","MADISON","675","REGAN DEERING","370","13TH CONGRESS","EDWARDSVILLE 11","927","12","REPUBLICAN","33"
"57","0","MADISON","680","MATT HAUSMAN","370","13TH CONGRESS","EDWARDSVILLE 11","927","12","REPUBLICAN","23"
"57","0","MADISON","690","TERRY MARTIN","370","13TH CONGRESS","EDWARDSVILLE 11","927","12","REPUBLICAN","9"
"57","0","MADISON","685","JESSE REISING","370","13TH CONGRESS","EDWARDSVILLE 11","927","12","REPUBLICAN","33"
"57","0","MADISON","680","MATT HAUSMAN","370","13TH CONGRESS","FORT RUSSELL 01","1013","12","REPUBLICAN","41"
"57","0","MADISON","690","TERRY MARTIN","370","13TH CONGRESS","FORT RUSSELL 01","1013","12","REPUBLICAN","13"
"57","0","MADISON","685","JESSE REISING","370","13TH CONGRESS","FORT RUSSELL 01","1013","12","REPUBLICAN","64"
"57","0","MADISON","675","REGAN DEERING","370","13TH CONGRESS","FORT RUSSELL 01","1013","12","REPUBLICAN","57"
"57","0","MADISON","675","REGAN DEERING","370","13TH CONGRESS","NAMEOKI 04","366","12","REPUBLICAN","9"
"57","0","MADISON","690","TERRY MARTIN","370","13TH CONGRESS","NAMEOKI 04","366","12","REPUBLICAN","3"
"57","0","MADISON","685","JESSE REISING","370","13TH CONGRESS","NAMEOKI 04","366","12","REPUBLICAN","6"
"88","0","ST. CLAIR","695","NIKKI BUDZINSKI","370","13TH CONGRESS","CENTREVILLE 4","787","11","DEMOCRATIC","71"
"88","0","ST. CLAIR","695","NIKKI BUDZINSKI","370","13TH CONGRESS","ST CLAIR 3","688","11","DEMOCRATIC","33"
"88","0","ST. CLAIR","700","DAVID PALMER","370","13TH CONGRESS","ST CLAIR 3","688","11","DEMOCRATIC","19"
"88","0","ST. CLAIR","695","NIKKI BUDZINSKI","370","13TH CONGRESS","ST CLAIR 6","654","11","DEMOCRATIC","48"
"88","0","ST. CLAIR","700","DAVID PALMER","370","13TH CONGRESS","ST CLAIR 6","654","11","DEMOCRATIC","3"
"88","0","ST. CLAIR","695","NIKKI BUDZINSKI","370","13TH CONGRESS","ST CLAIR 9","903","11","DEMOCRATIC","45"
"88","0","ST. CLAIR","700","DAVID PALMER","370","13TH CONGRESS","ST CLAIR 9","903","11","DEMOCRATIC","4"
"88","0","ST. CLAIR","695","NIKKI BUDZINSKI","370","13TH CONGRESS","ST CLAIR 12","1096","11","DEMOCRATIC","55"
"88","0","ST. CLAIR","700","DAVID PALMER","370","13TH CONGRESS","ST CLAIR 12","1096","11","DEMOCRATIC","11"
"88","0","ST. CLAIR","695","NIKKI BUDZINSKI","370","13TH CONGRESS","STOOKEY 4","625","11","DEMOCRATIC","42"
"88","0","ST. CLAIR","700","DAVID PALMER","370","13TH CONGRESS","STOOKEY 4","625","11","DEMOCRATIC","10"
"88","0","ST. CLAIR","695","NIKKI BUDZINSKI","370","13TH CONGRESS","BELLEVILLE 8","646","11","DEMOCRATIC","24"
"88","0","ST. CLAIR","700","DAVID PALMER","370","13TH CONGRESS","BELLEVILLE 8","646","11","DEMOCRATIC","5"
"88","0","ST. CLAIR","695","NIKKI BUDZINSKI","370","13TH CONGRESS","BELLEVILLE 11","558","11","DEMOCRATIC","20"
"88","0","ST. CLAIR","700","DAVID PALMER","370","13TH CONGRESS","BELLEVILLE 11","558","11","DEMOCRATIC","10"
"88","0","ST. CLAIR","695","NIKKI BUDZINSKI","370","13TH CONGRESS","BELLEVILLE 14","994","11","DEMOCRATIC","80"
"88","0","ST. CLAIR","700","DAVID PALMER","370","13TH CONGRESS","BELLEVILLE 14","994","11","DEMOCRATIC","27"
"88","0","ST. CLAIR","695","NIKKI BUDZINSKI","370","13TH CONGRESS","CANTEEN 1","597","11","DEMOCRATIC","40"
"88","0","ST. CLAIR","700","DAVID PALMER","370","13TH CONGRESS","CANTEEN 1","597","11","DEMOCRATIC","12"
"88","0","ST. CLAIR","695","NIKKI BUDZINSKI","370","13TH CONGRESS","CANTEEN 4","390","11","DEMOCRATIC","47"
"88","0","ST. CLAIR","700","DAVID PALMER","370","13TH CONGRESS","CANTEEN 4","390","11","DEMOCRATIC","12"
"88","0","ST. CLAIR","695","NIKKI BUDZINSKI","370","13TH CONGRESS","CANTEEN 7","542","11","DEMOCRATIC","21"
"88","0","ST. CLAIR","700","DAVID PALMER","370","13TH CONGRESS","CANTEEN 7","542","11","DEMOCRATIC","13"
"88","0","ST. CLAIR","700","DAVID PALMER","370","13TH CONGRESS","CASEYVILLE 17","850","11","DEMOCRATIC","18"
"88","0","ST. CLAIR","695","NIKKI BUDZINSKI","370","13TH CONGRESS","CASEYVILLE 17","850","11","DEMOCRATIC","49"
"88","0","ST. CLAIR","695","NIKKI BUDZINSKI","370","13TH CONGRESS","CASEYVILLE 20","462","11","DEMOCRATIC","21"
"88","0","ST. CLAIR","700","DAVID PALMER","370","13TH CONGRESS","CASEYVILLE 20","462","11","DEMOCRATIC","7"
"88","0","ST. CLAIR","695","NIKKI BUDZINSKI","370","13TH CONGRESS","CASEYVILLE 23","950","11","DEMOCRATIC","67"
"88","0","ST. CLAIR","700","DAVID PALMER","370","13TH CONGRESS","CASEYVILLE 23","950","11","DEMOCRATIC","17"
"88","0","ST. CLAIR","695","NIKKI BUDZINSKI","370","13TH CONGRESS","CASEYVILLE 26","1674","11","DEMOCRATIC","102"
"88","0","ST. CLAIR","700","DAVID PALMER","370","13TH CONGRESS","CASEYVILLE 26","1674","11","DEMOCRATIC","35"
"88","0","ST. CLAIR","700","DAVID PALMER","370","13TH CONGRESS","CENTREVILLE 7","363","11","DEMOCRATIC","5"
"88","0","ST. CLAIR","695","NIKKI BUDZINSKI","370","13TH CONGRESS","CENTREVILLE 7","363","11","DEMOCRATIC","11"
"88","0","ST. CLAIR","695","NIKKI BUDZINSKI","370","13TH CONGRESS","CENTREVILLE 10","579","11","DEMOCRATIC","29"
"88","0","ST. CLAIR","700","DAVID PALMER","370","13TH CONGRESS","CENTREVILLE 10","579","11","DEMOCRATIC","20"
"88","0","ST. CLAIR","695","NIKKI BUDZINSKI","370","13TH CONGRESS","CENTREVILLE 13","819","11","DEMOCRATIC","17"
"88","0","ST. CLAIR","700","DAVID PALMER","370","13TH CONGRESS","CENTREVILLE 13","819","11","DEMOCRATIC","5"
"88","0","ST. CLAIR","695","NIKKI BUDZINSKI","370","13TH CONGRESS","CENTREVILLE 16","543","11","DEMOCRATIC","13"
"88","0","ST. CLAIR","700","DAVID PALMER","370","13TH CONGRESS","CENTREVILLE 16","543","11","DEMOCRATIC","3"
"56","0","MACOUPIN","0","Over Votes","370","13TH CONGRESS","CARLINVILLE 5","671","12","REPUBLICAN","0"
"56","0","MACOUPIN","685","JESSE REISING","370","13TH CONGRESS","CARLINVILLE 5","671","12","REPUBLICAN","15"
"56","0","MACOUPIN","690","TERRY MARTIN","370","13TH CONGRESS","CARLINVILLE 5","671","12","REPUBLICAN","10"
"56","0","MACOUPIN","0","Under Votes","370","13TH CONGRESS","MT. OLIVE 2","838","12","REPUBLICAN","8"
"56","0","MACOUPIN","0","Blank Ballots","370","13TH CONGRESS","MT. OLIVE 2","838","12","REPUBLICAN","0"
"56","0","MACOUPIN","675","REGAN DEERING","370","13TH CONGRESS","MT. OLIVE 2","838","12","REPUBLICAN","25"
"56","0","MACOUPIN","680","MATT HAUSMAN","370","13TH CONGRESS","MT. OLIVE 2","838","12","REPUBLICAN","23"
"56","0","MACOUPIN","0","Over Votes","370","13TH CONGRESS","MT. OLIVE 2","838","12","REPUBLICAN","0"
"56","0","MACOUPIN","685","JESSE REISING","370","13TH CONGRESS","MT. OLIVE 2","838","12","REPUBLICAN","18"
"56","0","MACOUPIN","690","TERRY MARTIN","370","13TH CONGRESS","MT. OLIVE 2","838","12","REPUBLICAN","5"
"56","0","MACOUPIN","0","Under Votes","370","13TH CONGRESS","SCOTTVILLE","225","12","REPUBLICAN","6"
"56","0","MACOUPIN","0","Blank Ballots","370","13TH CONGRESS","SCOTTVILLE","225","12","REPUBLICAN","0"
"56","0","MACOUPIN","675","REGAN DEERING","370","13TH CONGRESS","SCOTTVILLE","225","12","REPUBLICAN","21"
"56","0","MACOUPIN","680","MATT HAUSMAN","370","13TH CONGRESS","SCOTTVILLE","225","12","REPUBLICAN","9"
"56","0","MACOUPIN","0","Over Votes","370","13TH CONGRESS","SCOTTVILLE","225","12","REPUBLICAN","0"
"56","0","MACOUPIN","685","JESSE REISING","370","13TH CONGRESS","SCOTTVILLE","225","12","REPUBLICAN","24"
"56","0","MACOUPIN","690","TERRY MARTIN","370","13TH CONGRESS","SCOTTVILLE","225","12","REPUBLICAN","5"
"56","0","MACOUPIN","0","Under Votes","370","13TH CONGRESS","WESTERN MOUND","201","12","REPUBLICAN","9"
"56","0","MACOUPIN","0","Blank Ballots","370","13TH CONGRESS","WESTERN MOUND","201","12","REPUBLICAN","0"
"56","0","MACOUPIN","675","REGAN DEERING","370","13TH CONGRESS","WESTERN MOUND","201","12","REPUBLICAN","17"
"56","0","MACOUPIN","680","MATT HAUSMAN","370","13TH CONGRESS","WESTERN MOUND","201","12","REPUBLICAN","14"
"56","0","MACOUPIN","0","Over Votes","370","13TH CONGRESS","WESTERN MOUND","201","12","REPUBLICAN","0"
"56","0","MACOUPIN","685","JESSE REISING","370","13TH CONGRESS","WESTERN MOUND","201","12","REPUBLICAN","5"
"56","0","MACOUPIN","0","Under Votes","370","13TH CONGRESS","BUNKER HILL 1","760","12","REPUBLICAN","7"
"56","0","MACOUPIN","0","Over Votes","370","13TH CONGRESS","BUNKER HILL 1","760","12","REPUBLICAN","1"
"56","0","MACOUPIN","0","Blank Ballots","370","13TH CONGRESS","BUNKER HILL 1","760","12","REPUBLICAN","0"
"56","0","MACOUPIN","675","REGAN DEERING","370","13TH CONGRESS","BUNKER HILL 1","760","12","REPUBLICAN","25"
"56","0","MACOUPIN","680","MATT HAUSMAN","370","13TH CONGRESS","BUNKER HILL 1","760","12","REPUBLICAN","32"
"56","0","MACOUPIN","685","JESSE REISING","370","13TH CONGRESS","BUNKER HILL 1","760","12","REPUBLICAN","29"
"56","0","MACOUPIN","690","TERRY MARTIN","370","13TH CONGRESS","BUNKER HILL 1","760","12","REPUBLICAN","6"
"56","0","MACOUPIN","0","Under Votes","370","13TH CONGRESS","CAHOKIA 2","1088","12","REPUBLICAN","5"
"56","0","MACOUPIN","0","Over Votes","370","13TH CONGRESS","CAHOKIA 2","1088","12","REPUBLICAN","0"
"56","0","MACOUPIN","0","Blank Ballots","370","13TH CONGRESS","CAHOKIA 2","1088","12","REPUBLICAN","0"
"56","0","MACOUPIN","675","REGAN DEERING","370","13TH CONGRESS","CAHOKIA 2","1088","12","REPUBLICAN","33"
"56","0","MACOUPIN","680","MATT HAUSMAN","370","13TH CONGRESS","CAHOKIA 2","1088","12","REPUBLICAN","17"
"56","0","MACOUPIN","685","JESSE REISING","370","13TH CONGRESS","CAHOKIA 2","1088","12","REPUBLICAN","20"
"56","0","MACOUPIN","690","TERRY MARTIN","370","13TH CONGRESS","CAHOKIA 2","1088","12","REPUBLICAN","12"
"56","0","MACOUPIN","0","Under Votes","370","13TH CONGRESS","DORCHESTER","1096","12","REPUBLICAN","10"
"56","0","MACOUPIN","0","Over Votes","370","13TH CONGRESS","DORCHESTER","1096","12","REPUBLICAN","0"
"56","0","MACOUPIN","0","Blank Ballots","370","13TH CONGRESS","DORCHESTER","1096","12","REPUBLICAN","0"
"56","0","MACOUPIN","675","REGAN DEERING","370","13TH CONGRESS","DORCHESTER","1096","12","REPUBLICAN","56"
"56","0","MACOUPIN","0","Over Votes","370","13TH CONGRESS","SCOTTVILLE","225","11","DEMOCRATIC","0"
"56","0","MACOUPIN","695","NIKKI BUDZINSKI","370","13TH CONGRESS","SCOTTVILLE","225","11","DEMOCRATIC","5"
"56","0","MACOUPIN","0","Blank Ballots","370","13TH CONGRESS","WESTERN MOUND","201","11","DEMOCRATIC","0"
"56","0","MACOUPIN","700","DAVID PALMER","370","13TH CONGRESS","WESTERN MOUND","201","11","DEMOCRATIC","2"
"56","0","MACOUPIN","0","Under Votes","370","13TH CONGRESS","WESTERN MOUND","201","11","DEMOCRATIC","0"
"56","0","MACOUPIN","0","Over Votes","370","13TH CONGRESS","WESTERN MOUND","201","11","DEMOCRATIC","0"
"56","0","MACOUPIN","695","NIKKI BUDZINSKI","370","13TH CONGRESS","WESTERN MOUND","201","11","DEMOCRATIC","4"
"56","0","MACOUPIN","0","Blank Ballots","370","13TH CONGRESS","BUNKER HILL 1","760","11","DEMOCRATIC","0"
"56","0","MACOUPIN","700","DAVID PALMER","370","13TH CONGRESS","BUNKER HILL 1","760","11","DEMOCRATIC","9"
"56","0","MACOUPIN","0","Under Votes","370","13TH CONGRESS","BUNKER HILL 1","760","11","DEMOCRATIC","1"
"56","0","MACOUPIN","0","Over Votes","370","13TH CONGRESS","BUNKER HILL 1","760","11","DEMOCRATIC","0"
"56","0","MACOUPIN","695","NIKKI BUDZINSKI","370","13TH CONGRESS","BUNKER HILL 1","760","11","DEMOCRATIC","22"
"56","0","MACOUPIN","0","Under Votes","370","13TH CONGRESS","CAHOKIA 2","1088","11","DEMOCRATIC","14"
"56","0","MACOUPIN","0","Blank Ballots","370","13TH CONGRESS","CAHOKIA 2","1088","11","DEMOCRATIC","0"
"56","0","MACOUPIN","700","DAVID PALMER","370","13TH CONGRESS","CAHOKIA 2","1088","11","DEMOCRATIC","27"
"56","0","MACOUPIN","0","Over Votes","370","13TH CONGRESS","CAHOKIA 2","1088","11","DEMOCRATIC","0"
"56","0","MACOUPIN","695","NIKKI BUDZINSKI","370","13TH CONGRESS","CAHOKIA 2","1088","11","DEMOCRATIC","71"
"56","0","MACOUPIN","0","Under Votes","370","13TH CONGRESS","DORCHESTER","1096","11","DEMOCRATIC","8"
"56","0","MACOUPIN","0","Blank Ballots","370","13TH CONGRESS","DORCHESTER","1096","11","DEMOCRATIC","0"
"56","0","MACOUPIN","700","DAVID PALMER","370","13TH CONGRESS","DORCHESTER","1096","11","DEMOCRATIC","19"
"56","0","MACOUPIN","0","Over Votes","370","13TH CONGRESS","DORCHESTER","1096","11","DEMOCRATIC","0"
"56","0","MACOUPIN","695","NIKKI BUDZINSKI","370","13TH CONGRESS","DORCHESTER","1096","11","DEMOCRATIC","34"
"56","0","MACOUPIN","0","Blank Ballots","370","13TH CONGRESS","HONEY POINT","141","11","DEMOCRATIC","0"
"56","0","MACOUPIN","700","DAVID PALMER","370","13TH CONGRESS","HONEY POINT","141","11","DEMOCRATIC","2"
"56","0","MACOUPIN","0","Under Votes","370","13TH CONGRESS","HONEY POINT","141","11","DEMOCRATIC","2"
"56","0","MACOUPIN","695","NIKKI BUDZINSKI","370","13TH CONGRESS","HONEY POINT","141","11","DEMOCRATIC","8"
"56","0","MACOUPIN","0","Over Votes","370","13TH CONGRESS","HONEY POINT","141","11","DEMOCRATIC","0"
"56","0","MACOUPIN","0","Blank Ballots","370","13TH CONGRESS","SHIPMAN","904","11","DEMOCRATIC","0"
"56","0","MACOUPIN","700","DAVID PALMER","370","13TH CONGRESS","SHIPMAN","904","11","DEMOCRATIC","10"
"56","0","MACOUPIN","0","Under Votes","370","13TH CONGRESS","SHIPMAN","904","11","DEMOCRATIC","4"
"56","0","MACOUPIN","0","Over Votes","370","13TH CONGRESS","SHIPMAN","904","11","DEMOCRATIC","0"
"56","0","MACOUPIN","695","NIKKI BUDZINSKI","370","13TH CONGRESS","SHIPMAN","904","11","DEMOCRATIC","21"
"56","0","MACOUPIN","0","Blank Ballots","370","13TH CONGRESS","VIRDEN 1","1185","11","DEMOCRATIC","0"
"56","0","MACOUPIN","700","DAVID PALMER","370","13TH CONGRESS","VIRDEN 1","1185","11","DEMOCRATIC","9"
"56","0","MACOUPIN","0","Under Votes","370","13TH CONGRESS","VIRDEN 1","1185","11","DEMOCRATIC","4"
"56","0","MACOUPIN","695","NIKKI BUDZINSKI","370","13TH CONGRESS","VIRDEN 1","1185","11","DEMOCRATIC","35"
"56","0","MACOUPIN","0","Over Votes","370","13TH CONGRESS","VIRDEN 1","1185","11","DEMOCRATIC","0"
"56","0","MACOUPIN","0","Blank Ballots","370","13TH CONGRESS","CAHOKIA 1","1033","11","DEMOCRATIC","0"
"56","0","MACOUPIN","700","DAVID PALMER","370","13TH CONGRESS","CAHOKIA 1","1033","11","DEMOCRATIC","15"
"56","0","MACOUPIN","0","Under Votes","370","13TH CONGRESS","CAHOKIA 1","1033","11","DEMOCRATIC","6"
"56","0","MACOUPIN","0","Over Votes","370","13TH CONGRESS","CAHOKIA 1","1033","11","DEMOCRATIC","0"
"56","0","MACOUPIN","695","NIKKI BUDZINSKI","370","13TH CONGRESS","CAHOKIA 1","1033","11","DEMOCRATIC","42"
"88","0","ST. CLAIR","695","NIKKI BUDZINSKI","370","13TH CONGRESS","O FALLON 6","800","11","DEMOCRATIC","0"
"88","0","ST. CLAIR","700","DAVID PALMER","370","13TH CONGRESS","O FALLON 6","800","11","DEMOCRATIC","0"
"88","0","ST. CLAIR","695","NIKKI BUDZINSKI","370","13TH CONGRESS","ST CLAIR 15","1340","11","DEMOCRATIC","62"
"88","0","ST. CLAIR","700","DAVID PALMER","370","13TH CONGRESS","ST CLAIR 15","1340","11","DEMOCRATIC","24"
"88","0","ST. CLAIR","695","NIKKI BUDZINSKI","370","13TH CONGRESS","ST CLAIR 18","627","11","DEMOCRATIC","32"
"88","0","ST. CLAIR","700","DAVID PALMER","370","13TH CONGRESS","ST CLAIR 18","627","11","DEMOCRATIC","6"
"88","0","ST. CLAIR","695","NIKKI BUDZINSKI","370","13TH CONGRESS","ST CLAIR 21","595","11","DEMOCRATIC","22"
"88","0","ST. CLAIR","700","DAVID PALMER","370","13TH CONGRESS","ST CLAIR 21","595","11","DEMOCRATIC","10"
"88","0","ST. CLAIR","700","DAVID PALMER","370","13TH CONGRESS","SMITHTON 1","1282","11","DEMOCRATIC","0"
"88","0","ST. CLAIR","695","NIKKI BUDZINSKI","370","13TH CONGRESS","SMITHTON 1","1282","11","DEMOCRATIC","0"
"88","0","ST. CLAIR","695","NIKKI BUDZINSKI","370","13TH CONGRESS","STOOKEY 7","621","11","DEMOCRATIC","31"
"88","0","ST. CLAIR","700","DAVID PALMER","370","13TH CONGRESS","STOOKEY 7","621","11","DEMOCRATIC","10"
"88","0","ST. CLAIR","695","NIKKI BUDZINSKI","370","13TH CONGRESS","STOOKEY 10","730","11","DEMOCRATIC","6"
"88","0","ST. CLAIR","700","DAVID PALMER","370","13TH CONGRESS","STOOKEY 10","730","11","DEMOCRATIC","1"
"88","0","ST. CLAIR","700","DAVID PALMER","370","13TH CONGRESS","SUGAR LOAF 3","534","11","DEMOCRATIC","8"
"88","0","ST. CLAIR","695","NIKKI BUDZINSKI","370","13TH CONGRESS","SUGAR LOAF 3","534","11","DEMOCRATIC","24"
"88","0","ST. CLAIR","695","NIKKI BUDZINSKI","370","13TH CONGRESS","SUGAR LOAF 6","884","11","DEMOCRATIC","12"
"88","0","ST. CLAIR","700","DAVID PALMER","370","13TH CONGRESS","SUGAR LOAF 6","884","11","DEMOCRATIC","8"
"88","0","ST. CLAIR","695","NIKKI BUDZINSKI","370","13TH CONGRESS","BELLEVILLE 3","823","11","DEMOCRATIC","29"
"88","0","ST. CLAIR","700","DAVID PALMER","370","13TH CONGRESS","BELLEVILLE 3","823","11","DEMOCRATIC","12"
"88","0","ST. CLAIR","695","NIKKI BUDZINSKI","370","13TH CONGRESS","BELLEVILLE 6","838","11","DEMOCRATIC","31"
"88","0","ST. CLAIR","700","DAVID PALMER","370","13TH CONGRESS","BELLEVILLE 6","838","11","DEMOCRATIC","5"
"88","0","ST. CLAIR","695","NIKKI BUDZINSKI","370","13TH CONGRESS","BELLEVILLE 9","559","11","DEMOCRATIC","33"
"88","0","ST. CLAIR","700","DAVID PALMER","370","13TH CONGRESS","BELLEVILLE 9","559","11","DEMOCRATIC","3"
"88","0","ST. CLAIR","695","NIKKI BUDZINSKI","370","13TH CONGRESS","BELLEVILLE 29","696","11","DEMOCRATIC","43"
"88","0","ST. CLAIR","700","DAVID PALMER","370","13TH CONGRESS","BELLEVILLE 29","696","11","DEMOCRATIC","9"
"88","0","ST. CLAIR","695","NIKKI BUDZINSKI","370","13TH CONGRESS","BELLEVILLE 32","807","11","DEMOCRATIC","43"
"88","0","ST. CLAIR","700","DAVID PALMER","370","13TH CONGRESS","BELLEVILLE 32","807","11","DEMOCRATIC","10"
"88","0","ST. CLAIR","695","NIKKI BUDZINSKI","370","13TH CONGRESS","CASEYVILLE 9","942","11","DEMOCRATIC","70"
"88","0","ST. CLAIR","700","DAVID PALMER","370","13TH CONGRESS","CASEYVILLE 9","942","11","DEMOCRATIC","12"
"88","0","ST. CLAIR","695","NIKKI BUDZINSKI","370","13TH CONGRESS","CASEYVILLE 12","2624","11","DEMOCRATIC","28"
"88","0","ST. CLAIR","700","DAVID PALMER","370","13TH CONGRESS","CASEYVILLE 12","2624","11","DEMOCRATIC","12"
"88","0","ST. CLAIR","695","NIKKI BUDZINSKI","370","13TH CONGRESS","CASEYVILLE 15","485","11","DEMOCRATIC","32"
"88","0","ST. CLAIR","700","DAVID PALMER","370","13TH CONGRESS","CASEYVILLE 15","485","11","DEMOCRATIC","12"
"88","0","ST. CLAIR","695","NIKKI BUDZINSKI","370","13TH CONGRESS","CASEYVILLE 18","2019","11","DEMOCRATIC","0"
"88","0","ST. CLAIR","700","DAVID PALMER","370","13TH CONGRESS","CASEYVILLE 18","2019","11","DEMOCRATIC","0"
"88","0","ST. CLAIR","695","NIKKI BUDZINSKI","370","13TH CONGRESS","CENTREVILLE 2","692","11","DEMOCRATIC","13"
"88","0","ST. CLAIR","700","DAVID PALMER","370","13TH CONGRESS","CENTREVILLE 2","692","11","DEMOCRATIC","2"
"88","0","ST. CLAIR","695","NIKKI BUDZINSKI","370","13TH CONGRESS","CENTREVILLE 5","796","11","DEMOCRATIC","37"
"56","0","MACOUPIN","680","MATT HAUSMAN","370","13TH CONGRESS","DORCHESTER","1096","12","REPUBLICAN","30"
"56","0","MACOUPIN","685","JESSE REISING","370","13TH CONGRESS","DORCHESTER","1096","12","REPUBLICAN","46"
"56","0","MACOUPIN","690","TERRY MARTIN","370","13TH CONGRESS","DORCHESTER","1096","12","REPUBLICAN","4"
"56","0","MACOUPIN","0","Under Votes","370","13TH CONGRESS","HONEY POINT","141","12","REPUBLICAN","3"
"56","0","MACOUPIN","0","Over Votes","370","13TH CONGRESS","HONEY POINT","141","12","REPUBLICAN","0"
"56","0","MACOUPIN","0","Blank Ballots","370","13TH CONGRESS","HONEY POINT","141","12","REPUBLICAN","0"
"56","0","MACOUPIN","675","REGAN DEERING","370","13TH CONGRESS","HONEY POINT","141","12","REPUBLICAN","7"
"56","0","MACOUPIN","680","MATT HAUSMAN","370","13TH CONGRESS","HONEY POINT","141","12","REPUBLICAN","4"
"56","0","MACOUPIN","685","JESSE REISING","370","13TH CONGRESS","HONEY POINT","141","12","REPUBLICAN","3"
"56","0","MACOUPIN","690","TERRY MARTIN","370","13TH CONGRESS","HONEY POINT","141","12","REPUBLICAN","1"
"56","0","MACOUPIN","0","Under Votes","370","13TH CONGRESS","SHIPMAN","904","12","REPUBLICAN","8"
"56","0","MACOUPIN","0","Over Votes","370","13TH CONGRESS","SHIPMAN","904","12","REPUBLICAN","0"
"56","0","MACOUPIN","0","Blank Ballots","370","13TH CONGRESS","SHIPMAN","904","12","REPUBLICAN","0"
"56","0","MACOUPIN","0","Blank Ballots","370","13TH CONGRESS","BRUSHY MOUND","560","12","REPUBLICAN","0"
"56","0","MACOUPIN","675","REGAN DEERING","370","13TH CONGRESS","BRUSHY MOUND","560","12","REPUBLICAN","39"
"56","0","MACOUPIN","680","MATT HAUSMAN","370","13TH CONGRESS","BRUSHY MOUND","560","12","REPUBLICAN","22"
"56","0","MACOUPIN","0","Over Votes","370","13TH CONGRESS","BRUSHY MOUND","560","12","REPUBLICAN","0"
"56","0","MACOUPIN","685","JESSE REISING","370","13TH CONGRESS","BRUSHY MOUND","560","12","REPUBLICAN","19"
"56","0","MACOUPIN","690","TERRY MARTIN","370","13TH CONGRESS","BRUSHY MOUND","560","12","REPUBLICAN","9"
"56","0","MACOUPIN","0","Under Votes","370","13TH CONGRESS","BRUSHY MOUND","560","12","REPUBLICAN","13"
"56","0","MACOUPIN","0","Under Votes","370","13TH CONGRESS","CARLINVILLE 2","751","12","REPUBLICAN","5"
"56","0","MACOUPIN","0","Blank Ballots","370","13TH CONGRESS","CARLINVILLE 2","751","12","REPUBLICAN","0"
"56","0","MACOUPIN","675","REGAN DEERING","370","13TH CONGRESS","CARLINVILLE 2","751","12","REPUBLICAN","41"
"56","0","MACOUPIN","680","MATT HAUSMAN","370","13TH CONGRESS","CARLINVILLE 2","751","12","REPUBLICAN","17"
"56","0","MACOUPIN","0","Over Votes","370","13TH CONGRESS","CARLINVILLE 2","751","12","REPUBLICAN","0"
"56","0","MACOUPIN","685","JESSE REISING","370","13TH CONGRESS","CARLINVILLE 2","751","12","REPUBLICAN","23"
"56","0","MACOUPIN","690","TERRY MARTIN","370","13TH CONGRESS","CARLINVILLE 2","751","12","REPUBLICAN","5"
"56","0","MACOUPIN","0","Under Votes","370","13TH CONGRESS","GILLESPIE 2","1008","12","REPUBLICAN","6"
"56","0","MACOUPIN","0","Blank Ballots","370","13TH CONGRESS","GILLESPIE 2","1008","12","REPUBLICAN","0"
"56","0","MACOUPIN","675","REGAN DEERING","370","13TH CONGRESS","GILLESPIE 2","1008","12","REPUBLICAN","46"
"56","0","MACOUPIN","680","MATT HAUSMAN","370","13TH CONGRESS","GILLESPIE 2","1008","12","REPUBLICAN","25"
"56","0","MACOUPIN","0","Over Votes","370","13TH CONGRESS","GILLESPIE 2","1008","12","REPUBLICAN","0"
"56","0","MACOUPIN","685","JESSE REISING","370","13TH CONGRESS","GILLESPIE 2","1008","12","REPUBLICAN","26"
"56","0","MACOUPIN","690","TERRY MARTIN","370","13TH CONGRESS","GILLESPIE 2","1008","12","REPUBLICAN","11"
"56","0","MACOUPIN","0","Under Votes","370","13TH CONGRESS","HILYARD","447","12","REPUBLICAN","1"
"56","0","MACOUPIN","0","Blank Ballots","370","13TH CONGRESS","HILYARD","447","12","REPUBLICAN","0"
"56","0","MACOUPIN","675","REGAN DEERING","370","13TH CONGRESS","HILYARD","447","12","REPUBLICAN","18"
"56","0","MACOUPIN","680","MATT HAUSMAN","370","13TH CONGRESS","HILYARD","447","12","REPUBLICAN","23"
"56","0","MACOUPIN","0","Over Votes","370","13TH CONGRESS","HILYARD","447","12","REPUBLICAN","0"
"56","0","MACOUPIN","685","JESSE REISING","370","13TH CONGRESS","HILYARD","447","12","REPUBLICAN","15"
"56","0","MACOUPIN","690","TERRY MARTIN","370","13TH CONGRESS","HILYARD","447","12","REPUBLICAN","4"
"88","0","ST. CLAIR","700","DAVID PALMER","370","13TH CONGRESS","CENTREVILLE 5","796","11","DEMOCRATIC","18"
"88","0","ST. CLAIR","695","NIKKI BUDZINSKI","370","13TH CONGRESS","CENTREVILLE 8","530","11","DEMOCRATIC","15"
"88","0","ST. CLAIR","700","DAVID PALMER","370","13TH CONGRESS","CENTREVILLE 8","530","11","DEMOCRATIC","11"
"88","0","ST. CLAIR","695","NIKKI BUDZINSKI","370","13TH CONGRESS","ST CLAIR 7","658","11","DEMOCRATIC","41"
"88","0","ST. CLAIR","700","DAVID PALMER","370","13TH CONGRESS","ST CLAIR 7","658","11","DEMOCRATIC","10"
"88","0","ST. CLAIR","695","NIKKI BUDZINSKI","370","13TH CONGRESS","ST CLAIR 10","710","11","DEMOCRATIC","39"
"88","0","ST. CLAIR","700","DAVID PALMER","370","13TH CONGRESS","ST CLAIR 10","710","11","DEMOCRATIC","6"
"88","0","ST. CLAIR","695","NIKKI BUDZINSKI","370","13TH CONGRESS","ST CLAIR 13","769","11","DEMOCRATIC","55"
"88","0","ST. CLAIR","700","DAVID PALMER","370","13TH CONGRESS","ST CLAIR 13","769","11","DEMOCRATIC","9"
"88","0","ST. CLAIR","695","NIKKI BUDZINSKI","370","13TH CONGRESS","ST CLAIR 16","1118","11","DEMOCRATIC","73"
"88","0","ST. CLAIR","700","DAVID PALMER","370","13TH CONGRESS","ST CLAIR 16","1118","11","DEMOCRATIC","13"
"88","0","ST. CLAIR","695","NIKKI BUDZINSKI","370","13TH CONGRESS","STOOKEY 2","743","11","DEMOCRATIC","55"
"88","0","ST. CLAIR","700","DAVID PALMER","370","13TH CONGRESS","STOOKEY 2","743","11","DEMOCRATIC","22"
"88","0","ST. CLAIR","695","NIKKI BUDZINSKI","370","13TH CONGRESS","STOOKEY 5","340","11","DEMOCRATIC","26"
"88","0","ST. CLAIR","700","DAVID PALMER","370","13TH CONGRESS","STOOKEY 5","340","11","DEMOCRATIC","4"
"88","0","ST. CLAIR","695","NIKKI BUDZINSKI","370","13TH CONGRESS","STOOKEY 8","421","11","DEMOCRATIC","26"
"88","0","ST. CLAIR","700","DAVID PALMER","370","13TH CONGRESS","STOOKEY 8","421","11","DEMOCRATIC","6"
"56","0","MACOUPIN","0","Under Votes","370","13TH CONGRESS","NORTH OTTER","661","12","REPUBLICAN","12"
"56","0","MACOUPIN","0","Blank Ballots","370","13TH CONGRESS","NORTH OTTER","661","12","REPUBLICAN","0"
"56","0","MACOUPIN","675","REGAN DEERING","370","13TH CONGRESS","NORTH OTTER","661","12","REPUBLICAN","41"
"56","0","MACOUPIN","680","MATT HAUSMAN","370","13TH CONGRESS","NORTH OTTER","661","12","REPUBLICAN","21"
"56","0","MACOUPIN","0","Over Votes","370","13TH CONGRESS","NORTH OTTER","661","12","REPUBLICAN","0"
"56","0","MACOUPIN","685","JESSE REISING","370","13TH CONGRESS","NORTH OTTER","661","12","REPUBLICAN","24"
"56","0","MACOUPIN","690","TERRY MARTIN","370","13TH CONGRESS","NORTH OTTER","661","12","REPUBLICAN","14"
"56","0","MACOUPIN","0","Under Votes","370","13TH CONGRESS","SOUTH PALMYRA","517","12","REPUBLICAN","7"
"56","0","MACOUPIN","0","Blank Ballots","370","13TH CONGRESS","SOUTH PALMYRA","517","12","REPUBLICAN","0"
"56","0","MACOUPIN","675","REGAN DEERING","370","13TH CONGRESS","SOUTH PALMYRA","517","12","REPUBLICAN","38"
"56","0","MACOUPIN","680","MATT HAUSMAN","370","13TH CONGRESS","SOUTH PALMYRA","517","12","REPUBLICAN","14"
"56","0","MACOUPIN","0","Over Votes","370","13TH CONGRESS","SOUTH PALMYRA","517","12","REPUBLICAN","0"
"56","0","MACOUPIN","685","JESSE REISING","370","13TH CONGRESS","SOUTH PALMYRA","517","12","REPUBLICAN","16"
"56","0","MACOUPIN","0","Under Votes","370","13TH CONGRESS","BARR","231","12","REPUBLICAN","9"
"56","0","MACOUPIN","0","Over Votes","370","13TH CONGRESS","BARR","231","12","REPUBLICAN","0"
"56","0","MACOUPIN","0","Blank Ballots","370","13TH CONGRESS","BARR","231","12","REPUBLICAN","0"
"56","0","MACOUPIN","675","REGAN DEERING","370","13TH CONGRESS","BARR","231","12","REPUBLICAN","19"
"56","0","MACOUPIN","680","MATT HAUSMAN","370","13TH CONGRESS","BARR","231","12","REPUBLICAN","13"
"56","0","MACOUPIN","685","JESSE REISING","370","13TH CONGRESS","BARR","231","12","REPUBLICAN","17"
"56","0","MACOUPIN","690","TERRY MARTIN","370","13TH CONGRESS","BARR","231","12","REPUBLICAN","1"
"56","0","MACOUPIN","0","Under Votes","370","13TH CONGRESS","BUNKER HILL 2","733","12","REPUBLICAN","15"
"56","0","MACOUPIN","0","Over Votes","370","13TH CONGRESS","BUNKER HILL 2","733","12","REPUBLICAN","2"
"56","0","MACOUPIN","0","Blank Ballots","370","13TH CONGRESS","BUNKER HILL 2","733","12","REPUBLICAN","0"
"56","0","MACOUPIN","675","REGAN DEERING","370","13TH CONGRESS","BUNKER HILL 2","733","12","REPUBLICAN","41"
"56","0","MACOUPIN","680","MATT HAUSMAN","370","13TH CONGRESS","BUNKER HILL 2","733","12","REPUBLICAN","31"
"56","0","MACOUPIN","685","JESSE REISING","370","13TH CONGRESS","BUNKER HILL 2","733","12","REPUBLICAN","32"
"56","0","MACOUPIN","690","TERRY MARTIN","370","13TH CONGRESS","BUNKER HILL 2","733","12","REPUBLICAN","7"
"56","0","MACOUPIN","0","Over Votes","370","13TH CONGRESS","GILLESPIE 1","826","12","REPUBLICAN","0"
"56","0","MACOUPIN","0","Blank Ballots","370","13TH CONGRESS","GILLESPIE 1","826","12","REPUBLICAN","0"
"56","0","MACOUPIN","675","REGAN DEERING","370","13TH CONGRESS","GILLESPIE 1","826","12","REPUBLICAN","19"
"56","0","MACOUPIN","680","MATT HAUSMAN","370","13TH CONGRESS","GILLESPIE 1","826","12","REPUBLICAN","20"
"56","0","MACOUPIN","685","JESSE REISING","370","13TH CONGRESS","GILLESPIE 1","826","12","REPUBLICAN","15"
"56","0","MACOUPIN","690","TERRY MARTIN","370","13TH CONGRESS","GILLESPIE 1","826","12","REPUBLICAN","0"
"56","0","MACOUPIN","0","Under Votes","370","13TH CONGRESS","GILLESPIE 1","826","12","REPUBLICAN","4"
"56","0","MACOUPIN","0","Under Votes","370","13TH CONGRESS","MT. OLIVE 1","724","12","REPUBLICAN","4"
"56","0","MACOUPIN","0","Blank Ballots","370","13TH CONGRESS","MT. OLIVE 1","724","12","REPUBLICAN","0"
"56","0","MACOUPIN","675","REGAN DEERING","370","13TH CONGRESS","MT. OLIVE 1","724","12","REPUBLICAN","20"
"56","0","MACOUPIN","680","MATT HAUSMAN","370","13TH CONGRESS","MT. OLIVE 1","724","12","REPUBLICAN","25"
"56","0","MACOUPIN","0","Over Votes","370","13TH CONGRESS","MT. OLIVE 1","724","12","REPUBLICAN","0"
"56","0","MACOUPIN","685","JESSE REISING","370","13TH CONGRESS","MT. OLIVE 1","724","12","REPUBLICAN","26"
"56","0","MACOUPIN","690","TERRY MARTIN","370","13TH CONGRESS","MT. OLIVE 1","724","12","REPUBLICAN","4"
"56","0","MACOUPIN","0","Under Votes","370","13TH CONGRESS","CHESTERFIELD","510","11","DEMOCRATIC","1"
"56","0","MACOUPIN","0","Blank Ballots","370","13TH CONGRESS","CHESTERFIELD","510","11","DEMOCRATIC","0"
"56","0","MACOUPIN","700","DAVID PALMER","370","13TH CONGRESS","CHESTERFIELD","510","11","DEMOCRATIC","4"
"56","0","MACOUPIN","0","Over Votes","370","13TH CONGRESS","CHESTERFIELD","510","11","DEMOCRATIC","0"
"56","0","MACOUPIN","695","NIKKI BUDZINSKI","370","13TH CONGRESS","CHESTERFIELD","510","11","DEMOCRATIC","19"
"56","0","MACOUPIN","0","Blank Ballots","370","13TH CONGRESS","MT. OLIVE 3","371","11","DEMOCRATIC","0"
"56","0","MACOUPIN","700","DAVID PALMER","370","13TH CONGRESS","MT. OLIVE 3","371","11","DEMOCRATIC","6"
"56","0","MACOUPIN","0","Under Votes","370","13TH CONGRESS","MT. OLIVE 3","371","11","DEMOCRATIC","3"
"56","0","MACOUPIN","0","Over Votes","370","13TH CONGRESS","MT. OLIVE 3","371","11","DEMOCRATIC","0"
"56","0","MACOUPIN","695","NIKKI BUDZINSKI","370","13TH CONGRESS","MT. OLIVE 3","371","11","DEMOCRATIC","19"
"56","0","MACOUPIN","0","Under Votes","370","13TH CONGRESS","SHAWS POINT","405","11","DEMOCRATIC","2"
"56","0","MACOUPIN","0","Blank Ballots","370","13TH CONGRESS","SHAWS POINT","405","11","DEMOCRATIC","0"
"56","0","MACOUPIN","700","DAVID PALMER","370","13TH CONGRESS","SHAWS POINT","405","11","DEMOCRATIC","6"
"56","0","MACOUPIN","0","Over Votes","370","13TH CONGRESS","SHAWS POINT","405","11","DEMOCRATIC","0"
"56","0","MACOUPIN","695","NIKKI BUDZINSKI","370","13TH CONGRESS","SHAWS POINT","405","11","DEMOCRATIC","25"
"57","0","MADISON","695","NIKKI BUDZINSKI","370","13TH CONGRESS","COLLINSVILLE 02","1087","11","DEMOCRATIC","66"
"57","0","MADISON","700","DAVID PALMER","370","13TH CONGRESS","COLLINSVILLE 02","1087","11","DEMOCRATIC","8"
"57","0","MADISON","695","NIKKI BUDZINSKI","370","13TH CONGRESS","COLLINSVILLE 05","792","11","DEMOCRATIC","35"
"57","0","MADISON","700","DAVID PALMER","370","13TH CONGRESS","COLLINSVILLE 05","792","11","DEMOCRATIC","15"
"57","0","MADISON","695","NIKKI BUDZINSKI","370","13TH CONGRESS","EDWARDSVILLE 18","1052","11","DEMOCRATIC","59"
"57","0","MADISON","700","DAVID PALMER","370","13TH CONGRESS","EDWARDSVILLE 18","1052","11","DEMOCRATIC","18"
"57","0","MADISON","695","NIKKI BUDZINSKI","370","13TH CONGRESS","EDWARDSVILLE 21","956","11","DEMOCRATIC","63"
"57","0","MADISON","700","DAVID PALMER","370","13TH CONGRESS","EDWARDSVILLE 21","956","11","DEMOCRATIC","14"
"57","0","MADISON","695","NIKKI BUDZINSKI","370","13TH CONGRESS","EDWARDSVILLE 24","512","11","DEMOCRATIC","31"
"57","0","MADISON","700","DAVID PALMER","370","13TH CONGRESS","EDWARDSVILLE 24","512","11","DEMOCRATIC","13"
"57","0","MADISON","695","NIKKI BUDZINSKI","370","13TH CONGRESS","MORO 01","703","11","DEMOCRATIC","30"
"57","0","MADISON","700","DAVID PALMER","370","13TH CONGRESS","MORO 01","703","11","DEMOCRATIC","11"
"57","0","MADISON","695","NIKKI BUDZINSKI","370","13TH CONGRESS","WOOD RIVER 03","1118","11","DEMOCRATIC","36"
"57","0","MADISON","700","DAVID PALMER","370","13TH CONGRESS","WOOD RIVER 03","1118","11","DEMOCRATIC","17"
"57","0","MADISON","695","NIKKI BUDZINSKI","370","13TH CONGRESS","WOOD RIVER 06","1140","11","DEMOCRATIC","43"
"57","0","MADISON","700","DAVID PALMER","370","13TH CONGRESS","WOOD RIVER 06","1140","11","DEMOCRATIC","19"
"57","0","MADISON","695","NIKKI BUDZINSKI","370","13TH CONGRESS","WOOD RIVER 09","868","11","DEMOCRATIC","26"
"57","0","MADISON","700","DAVID PALMER","370","13TH CONGRESS","WOOD RIVER 09","868","11","DEMOCRATIC","8"
"57","0","MADISON","695","NIKKI BUDZINSKI","370","13TH CONGRESS","GRANITE CITY 02","827","11","DEMOCRATIC","76"
"57","0","MADISON","700","DAVID PALMER","370","13TH CONGRESS","GRANITE CITY 02","827","11","DEMOCRATIC","19"
"57","0","MADISON","700","DAVID PALMER","370","13TH CONGRESS","GRANITE CITY 05","1139","11","DEMOCRATIC","14"
"57","0","MADISON","695","NIKKI BUDZINSKI","370","13TH CONGRESS","GRANITE CITY 05","1139","11","DEMOCRATIC","65"
"57","0","MADISON","700","DAVID PALMER","370","13TH CONGRESS","GRANITE CITY 08","785","11","DEMOCRATIC","11"
"57","0","MADISON","695","NIKKI BUDZINSKI","370","13TH CONGRESS","GRANITE CITY 08","785","11","DEMOCRATIC","21"
"57","0","MADISON","700","DAVID PALMER","370","13TH CONGRESS","GRANITE CITY 11","1002","11","DEMOCRATIC","8"
"57","0","MADISON","680","MATT HAUSMAN","370","13TH CONGRESS","NAMEOKI 04","366","12","REPUBLICAN","10"
"57","0","MADISON","675","REGAN DEERING","370","13TH CONGRESS","NAMEOKI 07","886","12","REPUBLICAN","24"
"57","0","MADISON","690","TERRY MARTIN","370","13TH CONGRESS","NAMEOKI 07","886","12","REPUBLICAN","12"
"57","0","MADISON","685","JESSE REISING","370","13TH CONGRESS","NAMEOKI 07","886","12","REPUBLICAN","28"
"57","0","MADISON","680","MATT HAUSMAN","370","13TH CONGRESS","NAMEOKI 07","886","12","REPUBLICAN","28"
"57","0","MADISON","690","TERRY MARTIN","370","13TH CONGRESS","CHOUTEAU 03","504","12","REPUBLICAN","1"
"57","0","MADISON","685","JESSE REISING","370","13TH CONGRESS","CHOUTEAU 03","504","12","REPUBLICAN","15"
"57","0","MADISON","675","REGAN DEERING","370","13TH CONGRESS","CHOUTEAU 03","504","12","REPUBLICAN","17"
"57","0","MADISON","680","MATT HAUSMAN","370","13TH CONGRESS","CHOUTEAU 03","504","12","REPUBLICAN","17"
"57","0","MADISON","675","REGAN DEERING","370","13TH CONGRESS","WOOD RIVER 16","1058","12","REPUBLICAN","40"
"57","0","MADISON","690","TERRY MARTIN","370","13TH CONGRESS","WOOD RIVER 16","1058","12","REPUBLICAN","6"
"57","0","MADISON","685","JESSE REISING","370","13TH CONGRESS","WOOD RIVER 16","1058","12","REPUBLICAN","39"
"57","0","MADISON","680","MATT HAUSMAN","370","13TH CONGRESS","WOOD RIVER 16","1058","12","REPUBLICAN","38"
"57","0","MADISON","675","REGAN DEERING","370","13TH CONGRESS","WOOD RIVER 19","1072","12","REPUBLICAN","32"
"57","0","MADISON","690","TERRY MARTIN","370","13TH CONGRESS","WOOD RIVER 19","1072","12","REPUBLICAN","3"
"57","0","MADISON","685","JESSE REISING","370","13TH CONGRESS","WOOD RIVER 19","1072","12","REPUBLICAN","32"
"57","0","MADISON","680","MATT HAUSMAN","370","13TH CONGRESS","WOOD RIVER 01","820","12","REPUBLICAN","22"
"57","0","MADISON","690","TERRY MARTIN","370","13TH CONGRESS","VENICE 04","868","12","REPUBLICAN","3"
"57","0","MADISON","685","JESSE REISING","370","13TH CONGRESS","VENICE 04","868","12","REPUBLICAN","8"
"57","0","MADISON","675","REGAN DEERING","370","13TH CONGRESS","VENICE 04","868","12","REPUBLICAN","5"
"57","0","MADISON","680","MATT HAUSMAN","370","13TH CONGRESS","VENICE 04","868","12","REPUBLICAN","8"
"57","0","MADISON","690","TERRY MARTIN","370","13TH CONGRESS","GRANITE CITY 03","1106","12","REPUBLICAN","17"
"57","0","MADISON","685","JESSE REISING","370","13TH CONGRESS","GRANITE CITY 03","1106","12","REPUBLICAN","36"
"57","0","MADISON","675","REGAN DEERING","370","13TH CONGRESS","GRANITE CITY 03","1106","12","REPUBLICAN","35"
"57","0","MADISON","680","MATT HAUSMAN","370","13TH CONGRESS","GRANITE CITY 03","1106","12","REPUBLICAN","62"
"57","0","MADISON","680","MATT HAUSMAN","370","13TH CONGRESS","ALTON 16","916","12","REPUBLICAN","15"
"57","0","MADISON","690","TERRY MARTIN","370","13TH CONGRESS","ALTON 16","916","12","REPUBLICAN","5"
"57","0","MADISON","685","JESSE REISING","370","13TH CONGRESS","ALTON 16","916","12","REPUBLICAN","19"
"57","0","MADISON","675","REGAN DEERING","370","13TH CONGRESS","ALTON 16","916","12","REPUBLICAN","11"
"57","0","MADISON","680","MATT HAUSMAN","370","13TH CONGRESS","GRANITE CITY 06","967","12","REPUBLICAN","43"
"57","0","MADISON","685","JESSE REISING","370","13TH CONGRESS","GRANITE CITY 06","967","12","REPUBLICAN","26"
"57","0","MADISON","690","TERRY MARTIN","370","13TH CONGRESS","GRANITE CITY 06","967","12","REPUBLICAN","17"
"57","0","MADISON","675","REGAN DEERING","370","13TH CONGRESS","GRANITE CITY 06","967","12","REPUBLICAN","40"
"57","0","MADISON","680","MATT HAUSMAN","370","13TH CONGRESS","GRANITE CITY 09","1097","12","REPUBLICAN","43"
"57","0","MADISON","685","JESSE REISING","370","13TH CONGRESS","GRANITE CITY 09","1097","12","REPUBLICAN","41"
"57","0","MADISON","690","TERRY MARTIN","370","13TH CONGRESS","GRANITE CITY 09","1097","12","REPUBLICAN","14"
"57","0","MADISON","675","REGAN DEERING","370","13TH CONGRESS","GRANITE CITY 09","1097","12","REPUBLICAN","42"
"57","0","MADISON","675","REGAN DEERING","370","13TH CONGRESS","GRANITE CITY 12","1124","12","REPUBLICAN","30"
"57","0","MADISON","680","MATT HAUSMAN","370","13TH CONGRESS","GRANITE CITY 12","1124","12","REPUBLICAN","37"
"57","0","MADISON","690","TERRY MARTIN","370","13TH CONGRESS","GRANITE CITY 12","1124","12","REPUBLICAN","14"
"83","0","SANGAMON","695","NIKKI BUDZINSKI","370","13TH CONGRESS","CAPITAL 102","550","11","DEMOCRATIC","28"
"83","0","SANGAMON","700","DAVID PALMER","370","13TH CONGRESS","CAPITAL 102","550","11","DEMOCRATIC","6"
"83","0","SANGAMON","695","NIKKI BUDZINSKI","370","13TH CONGRESS","AUBURN 003","815","11","DEMOCRATIC","13"
"83","0","SANGAMON","700","DAVID PALMER","370","13TH CONGRESS","AUBURN 003","815","11","DEMOCRATIC","3"
"83","0","SANGAMON","695","NIKKI BUDZINSKI","370","13TH CONGRESS","BALL 001","734","11","DEMOCRATIC","33"
"83","0","SANGAMON","700","DAVID PALMER","370","13TH CONGRESS","BALL 001","734","11","DEMOCRATIC","8"
"83","0","SANGAMON","695","NIKKI BUDZINSKI","370","13TH CONGRESS","COTTON HILL 001","745","11","DEMOCRATIC","27"
"83","0","SANGAMON","700","DAVID PALMER","370","13TH CONGRESS","COTTON HILL 001","745","11","DEMOCRATIC","7"
"83","0","SANGAMON","695","NIKKI BUDZINSKI","370","13TH CONGRESS","DIVERNON 001","614","11","DEMOCRATIC","19"
"83","0","SANGAMON","700","DAVID PALMER","370","13TH CONGRESS","DIVERNON 001","614","11","DEMOCRATIC","6"
"83","0","SANGAMON","695","NIKKI BUDZINSKI","370","13TH CONGRESS","SPRINGFIELD 002","699","11","DEMOCRATIC","23"
"83","0","SANGAMON","700","DAVID PALMER","370","13TH CONGRESS","SPRINGFIELD 002","699","11","DEMOCRATIC","3"
"83","0","SANGAMON","695","NIKKI BUDZINSKI","370","13TH CONGRESS","SPRINGFIELD 005","770","11","DEMOCRATIC","45"
"83","0","SANGAMON","700","DAVID PALMER","370","13TH CONGRESS","SPRINGFIELD 005","770","11","DEMOCRATIC","6"
"83","0","SANGAMON","695","NIKKI BUDZINSKI","370","13TH CONGRESS","CAPITAL 003","563","11","DEMOCRATIC","40"
"83","0","SANGAMON","700","DAVID PALMER","370","13TH CONGRESS","CAPITAL 003","563","11","DEMOCRATIC","13"
"83","0","SANGAMON","695","NIKKI BUDZINSKI","370","13TH CONGRESS","CAPITAL 006","751","11","DEMOCRATIC","15"
"83","0","SANGAMON","700","DAVID PALMER","370","13TH CONGRESS","CAPITAL 006","751","11","DEMOCRATIC","14"
"83","0","SANGAMON","695","NIKKI BUDZINSKI","370","13TH CONGRESS","CAPITAL 026","489","11","DEMOCRATIC","21"
"83","0","SANGAMON","700","DAVID PALMER","370","13TH CONGRESS","CAPITAL 026","489","11","DEMOCRATIC","10"
"83","0","SANGAMON","695","NIKKI BUDZINSKI","370","13TH CONGRESS","CAPITAL 029","678","11","DEMOCRATIC","27"
"83","0","SANGAMON","700","DAVID PALMER","370","13TH CONGRESS","CAPITAL 029","678","11","DEMOCRATIC","3"
"83","0","SANGAMON","695","NIKKI BUDZINSKI","370","13TH CONGRESS","CAPITAL 032","736","11","DEMOCRATIC","73"
"83","0","SANGAMON","700","DAVID PALMER","370","13TH CONGRESS","CAPITAL 032","736","11","DEMOCRATIC","11"
"83","0","SANGAMON","695","NIKKI BUDZINSKI","370","13TH CONGRESS","CAPITAL 035","631","11","DEMOCRATIC","63"
"83","0","SANGAMON","700","DAVID PALMER","370","13TH CONGRESS","CAPITAL 035","631","11","DEMOCRATIC","16"
"83","0","SANGAMON","695","NIKKI BUDZINSKI","370","13TH CONGRESS","CAPITAL 058","568","11","DEMOCRATIC","40"
"83","0","SANGAMON","700","DAVID PALMER","370","13TH CONGRESS","CAPITAL 058","568","11","DEMOCRATIC","8"
"83","0","SANGAMON","695","NIKKI BUDZINSKI","370","13TH CONGRESS","CAPITAL 061","784","11","DEMOCRATIC","68"
"83","0","SANGAMON","700","DAVID PALMER","370","13TH CONGRESS","CAPITAL 061","784","11","DEMOCRATIC","6"
"83","0","SANGAMON","695","NIKKI BUDZINSKI","370","13TH CONGRESS","CAPITAL 064","684","11","DEMOCRATIC","45"
"83","0","SANGAMON","700","DAVID PALMER","370","13TH CONGRESS","CAPITAL 064","684","11","DEMOCRATIC","17"
"83","0","SANGAMON","695","NIKKI BUDZINSKI","370","13TH CONGRESS","CAPITAL 087","833","11","DEMOCRATIC","63"
"83","0","SANGAMON","700","DAVID PALMER","370","13TH CONGRESS","CAPITAL 087","833","11","DEMOCRATIC","27"
"83","0","SANGAMON","695","NIKKI BUDZINSKI","370","13TH CONGRESS","CAPITAL 090","1030","11","DEMOCRATIC","68"
"83","0","SANGAMON","700","DAVID PALMER","370","13TH CONGRESS","CAPITAL 090","1030","11","DEMOCRATIC","3"
"83","0","SANGAMON","695","NIKKI BUDZINSKI","370","13TH CONGRESS","CAPITAL 093","744","11","DEMOCRATIC","54"
"83","0","SANGAMON","700","DAVID PALMER","370","13TH CONGRESS","CAPITAL 093","744","11","DEMOCRATIC","10"
"83","0","SANGAMON","695","NIKKI BUDZINSKI","370","13TH CONGRESS","CAPITAL 096","732","11","DEMOCRATIC","95"
"83","0","SANGAMON","700","DAVID PALMER","370","13TH CONGRESS","CAPITAL 096","732","11","DEMOCRATIC","15"
"83","0","SANGAMON","695","NIKKI BUDZINSKI","370","13TH CONGRESS","CHATHAM 005","1304","11","DEMOCRATIC","57"
"83","0","SANGAMON","700","DAVID PALMER","370","13TH CONGRESS","CHATHAM 005","1304","11","DEMOCRATIC","11"
"83","0","SANGAMON","695","NIKKI BUDZINSKI","370","13TH CONGRESS","MECHANICSBURG 002","332","11","DEMOCRATIC","19"
"83","0","SANGAMON","700","DAVID PALMER","370","13TH CONGRESS","MECHANICSBURG 002","332","11","DEMOCRATIC","2"
"83","0","SANGAMON","695","NIKKI BUDZINSKI","370","13TH CONGRESS","PAWNEE 001","596","11","DEMOCRATIC","24"
"83","0","SANGAMON","700","DAVID PALMER","370","13TH CONGRESS","PAWNEE 001","596","11","DEMOCRATIC","9"
"83","0","SANGAMON","695","NIKKI BUDZINSKI","370","13TH CONGRESS","ROCHESTER 001","952","11","DEMOCRATIC","44"
"83","0","SANGAMON","700","DAVID PALMER","370","13TH CONGRESS","ROCHESTER 001","952","11","DEMOCRATIC","8"
"83","0","SANGAMON","695","NIKKI BUDZINSKI","370","13TH CONGRESS","ROCHESTER 004","844","11","DEMOCRATIC","38"
"83","0","SANGAMON","700","DAVID PALMER","370","13TH CONGRESS","ROCHESTER 004","844","11","DEMOCRATIC","3"
"83","0","SANGAMON","695","NIKKI BUDZINSKI","370","13TH CONGRESS","WOODSIDE 010","762","11","DEMOCRATIC","23"
"83","0","SANGAMON","700","DAVID PALMER","370","13TH CONGRESS","WOODSIDE 010","762","11","DEMOCRATIC","3"
"83","0","SANGAMON","695","NIKKI BUDZINSKI","370","13TH CONGRESS","WOODSIDE 013","310","11","DEMOCRATIC","6"
"83","0","SANGAMON","700","DAVID PALMER","370","13TH CONGRESS","WOODSIDE 013","310","11","DEMOCRATIC","5"
"83","0","SANGAMON","0","Under Votes","370","13TH CONGRESS","","0","11","DEMOCRATIC","293"
"83","0","SANGAMON","0","Over Votes","370","13TH CONGRESS","","0","11","DEMOCRATIC","2"
"83","0","SANGAMON","695","NIKKI BUDZINSKI","370","13TH CONGRESS","CAPITAL 005","591","11","DEMOCRATIC","30"
"83","0","SANGAMON","700","DAVID PALMER","370","13TH CONGRESS","CAPITAL 005","591","11","DEMOCRATIC","3"
"83","0","SANGAMON","700","DAVID PALMER","370","13TH CONGRESS","CAPITAL 008","770","11","DEMOCRATIC","7"
"83","0","SANGAMON","695","NIKKI BUDZINSKI","370","13TH CONGRESS","CAPITAL 008","770","11","DEMOCRATIC","32"
"83","0","SANGAMON","700","DAVID PALMER","370","13TH CONGRESS","CAPITAL 011","647","11","DEMOCRATIC","8"
"83","0","SANGAMON","695","NIKKI BUDZINSKI","370","13TH CONGRESS","CAPITAL 011","647","11","DEMOCRATIC","32"
"83","0","SANGAMON","695","NIKKI BUDZINSKI","370","13TH CONGRESS","CAPITAL 014","818","11","DEMOCRATIC","65"
"83","0","SANGAMON","700","DAVID PALMER","370","13TH CONGRESS","CAPITAL 014","818","11","DEMOCRATIC","13"
"83","0","SANGAMON","695","NIKKI BUDZINSKI","370","13TH CONGRESS","CAPITAL 034","783","11","DEMOCRATIC","64"
"83","0","SANGAMON","700","DAVID PALMER","370","13TH CONGRESS","CAPITAL 034","783","11","DEMOCRATIC","14"
"83","0","SANGAMON","695","NIKKI BUDZINSKI","370","13TH CONGRESS","CAPITAL 037","1027","11","DEMOCRATIC","56"
"83","0","SANGAMON","700","DAVID PALMER","370","13TH CONGRESS","CAPITAL 037","1027","11","DEMOCRATIC","20"
"83","0","SANGAMON","700","DAVID PALMER","370","13TH CONGRESS","CAPITAL 040","446","11","DEMOCRATIC","5"
"83","0","SANGAMON","695","NIKKI BUDZINSKI","370","13TH CONGRESS","CAPITAL 040","446","11","DEMOCRATIC","28"
"83","0","SANGAMON","700","DAVID PALMER","370","13TH CONGRESS","CAPITAL 043","721","11","DEMOCRATIC","10"
"83","0","SANGAMON","695","NIKKI BUDZINSKI","370","13TH CONGRESS","CAPITAL 043","721","11","DEMOCRATIC","100"
"83","0","SANGAMON","700","DAVID PALMER","370","13TH CONGRESS","CAPITAL 072","600","11","DEMOCRATIC","4"
"83","0","SANGAMON","695","NIKKI BUDZINSKI","370","13TH CONGRESS","CAPITAL 072","600","11","DEMOCRATIC","28"
"83","0","SANGAMON","695","NIKKI BUDZINSKI","370","13TH CONGRESS","CAPITAL 095","1034","11","DEMOCRATIC","49"
"83","0","SANGAMON","700","DAVID PALMER","370","13TH CONGRESS","CAPITAL 095","1034","11","DEMOCRATIC","12"
"83","0","SANGAMON","700","DAVID PALMER","370","13TH CONGRESS","CAPITAL 098","703","11","DEMOCRATIC","5"
"83","0","SANGAMON","695","NIKKI BUDZINSKI","370","13TH CONGRESS","CAPITAL 098","703","11","DEMOCRATIC","53"
"83","0","SANGAMON","695","NIKKI BUDZINSKI","370","13TH CONGRESS","CAPITAL 101","823","11","DEMOCRATIC","77"
"83","0","SANGAMON","700","DAVID PALMER","370","13TH CONGRESS","CAPITAL 101","823","11","DEMOCRATIC","13"
"56","0","MACOUPIN","0","Under Votes","370","13TH CONGRESS","SOUTH OTTER","355","12","REPUBLICAN","8"
"56","0","MACOUPIN","0","Blank Ballots","370","13TH CONGRESS","SOUTH OTTER","355","12","REPUBLICAN","0"
"56","0","MACOUPIN","675","REGAN DEERING","370","13TH CONGRESS","SOUTH OTTER","355","12","REPUBLICAN","36"
"56","0","MACOUPIN","680","MATT HAUSMAN","370","13TH CONGRESS","SOUTH OTTER","355","12","REPUBLICAN","17"
"56","0","MACOUPIN","0","Over Votes","370","13TH CONGRESS","SOUTH OTTER","355","12","REPUBLICAN","0"
"56","0","MACOUPIN","685","JESSE REISING","370","13TH CONGRESS","SOUTH OTTER","355","12","REPUBLICAN","22"
"56","0","MACOUPIN","690","TERRY MARTIN","370","13TH CONGRESS","SOUTH OTTER","355","12","REPUBLICAN","8"
"56","0","MACOUPIN","0","Under Votes","370","13TH CONGRESS","VIRDEN 2","1054","12","REPUBLICAN","10"
"56","0","MACOUPIN","0","Blank Ballots","370","13TH CONGRESS","VIRDEN 2","1054","12","REPUBLICAN","0"
"56","0","MACOUPIN","675","REGAN DEERING","370","13TH CONGRESS","VIRDEN 2","1054","12","REPUBLICAN","48"
"56","0","MACOUPIN","680","MATT HAUSMAN","370","13TH CONGRESS","VIRDEN 2","1054","12","REPUBLICAN","22"
"56","0","MACOUPIN","0","Over Votes","370","13TH CONGRESS","VIRDEN 2","1054","12","REPUBLICAN","0"
"56","0","MACOUPIN","685","JESSE REISING","370","13TH CONGRESS","VIRDEN 2","1054","12","REPUBLICAN","34"
"56","0","MACOUPIN","0","Under Votes","370","13TH CONGRESS","BRIGHTON 1","961","12","REPUBLICAN","8"
"56","0","MACOUPIN","0","Over Votes","370","13TH CONGRESS","BRIGHTON 1","961","12","REPUBLICAN","0"
"56","0","MACOUPIN","0","Blank Ballots","370","13TH CONGRESS","BRIGHTON 1","961","12","REPUBLICAN","0"
"56","0","MACOUPIN","675","REGAN DEERING","370","13TH CONGRESS","BRIGHTON 1","961","12","REPUBLICAN","38"
"56","0","MACOUPIN","680","MATT HAUSMAN","370","13TH CONGRESS","BRIGHTON 1","961","12","REPUBLICAN","39"
"56","0","MACOUPIN","685","JESSE REISING","370","13TH CONGRESS","BRIGHTON 1","961","12","REPUBLICAN","60"
"56","0","MACOUPIN","690","TERRY MARTIN","370","13TH CONGRESS","BRIGHTON 1","961","12","REPUBLICAN","14"
"56","0","MACOUPIN","0","Under Votes","370","13TH CONGRESS","CARLINVILLE 3","993","12","REPUBLICAN","26"
"56","0","MACOUPIN","0","Over Votes","370","13TH CONGRESS","CARLINVILLE 3","993","12","REPUBLICAN","0"
"56","0","MACOUPIN","0","Blank Ballots","370","13TH CONGRESS","CARLINVILLE 3","993","12","REPUBLICAN","0"
"56","0","MACOUPIN","675","REGAN DEERING","370","13TH CONGRESS","CARLINVILLE 3","993","12","REPUBLICAN","50"
"56","0","MACOUPIN","680","MATT HAUSMAN","370","13TH CONGRESS","CARLINVILLE 3","993","12","REPUBLICAN","19"
"56","0","MACOUPIN","685","JESSE REISING","370","13TH CONGRESS","CARLINVILLE 3","993","12","REPUBLICAN","34"
"56","0","MACOUPIN","690","TERRY MARTIN","370","13TH CONGRESS","CARLINVILLE 3","993","12","REPUBLICAN","8"
"56","0","MACOUPIN","0","Under Votes","370","13TH CONGRESS","GILLESPIE 3","768","12","REPUBLICAN","4"
"56","0","MACOUPIN","0","Over Votes","370","13TH CONGRESS","GILLESPIE 3","768","12","REPUBLICAN","0"
"56","0","MACOUPIN","0","Blank Ballots","370","13TH CONGRESS","GILLESPIE 3","768","12","REPUBLICAN","0"
"56","0","MACOUPIN","675","REGAN DEERING","370","13TH CONGRESS","GILLESPIE 3","768","12","REPUBLICAN","29"
"56","0","MACOUPIN","680","MATT HAUSMAN","370","13TH CONGRESS","GILLESPIE 3","768","12","REPUBLICAN","19"
"56","0","MACOUPIN","685","JESSE REISING","370","13TH CONGRESS","GILLESPIE 3","768","12","REPUBLICAN","17"
"56","0","MACOUPIN","690","TERRY MARTIN","370","13TH CONGRESS","GILLESPIE 3","768","12","REPUBLICAN","2"
"56","0","MACOUPIN","0","Under Votes","370","13TH CONGRESS","NORTH PALMYRA","572","12","REPUBLICAN","5"
"56","0","MACOUPIN","0","Over Votes","370","13TH CONGRESS","NORTH PALMYRA","572","12","REPUBLICAN","0"
"56","0","MACOUPIN","0","Blank Ballots","370","13TH CONGRESS","NORTH PALMYRA","572","12","REPUBLICAN","0"
"56","0","MACOUPIN","675","REGAN DEERING","370","13TH CONGRESS","NORTH PALMYRA","572","12","REPUBLICAN","32"
"56","0","MACOUPIN","680","MATT HAUSMAN","370","13TH CONGRESS","NORTH PALMYRA","572","12","REPUBLICAN","25"
"56","0","MACOUPIN","685","JESSE REISING","370","13TH CONGRESS","NORTH PALMYRA","572","12","REPUBLICAN","28"
"56","0","MACOUPIN","690","TERRY MARTIN","370","13TH CONGRESS","NORTH PALMYRA","572","12","REPUBLICAN","9"
"57","0","MADISON","685","JESSE REISING","370","13TH CONGRESS","GRANITE CITY 12","1124","12","REPUBLICAN","33"
"57","0","MADISON","675","REGAN DEERING","370","13TH CONGRESS","GRANITE CITY 15","1011","12","REPUBLICAN","32"
"57","0","MADISON","680","MATT HAUSMAN","370","13TH CONGRESS","GRANITE CITY 15","1011","12","REPUBLICAN","29"
"57","0","MADISON","690","TERRY MARTIN","370","13TH CONGRESS","GRANITE CITY 15","1011","12","REPUBLICAN","7"
"57","0","MADISON","685","JESSE REISING","370","13TH CONGRESS","GRANITE CITY 15","1011","12","REPUBLICAN","26"
"57","0","MADISON","675","REGAN DEERING","370","13TH CONGRESS","ALTON 02","582","12","REPUBLICAN","10"
"57","0","MADISON","680","MATT HAUSMAN","370","13TH CONGRESS","ALTON 02","582","12","REPUBLICAN","11"
"57","0","MADISON","690","TERRY MARTIN","370","13TH CONGRESS","ALTON 02","582","12","REPUBLICAN","3"
"57","0","MADISON","685","JESSE REISING","370","13TH CONGRESS","ALTON 02","582","12","REPUBLICAN","6"
"57","0","MADISON","675","REGAN DEERING","370","13TH CONGRESS","ALTON 05","1049","12","REPUBLICAN","10"
"57","0","MADISON","680","MATT HAUSMAN","370","13TH CONGRESS","ALTON 05","1049","12","REPUBLICAN","17"
"57","0","MADISON","690","TERRY MARTIN","370","13TH CONGRESS","ALTON 05","1049","12","REPUBLICAN","6"
"57","0","MADISON","685","JESSE REISING","370","13TH CONGRESS","ALTON 05","1049","12","REPUBLICAN","15"
"57","0","MADISON","675","REGAN DEERING","370","13TH CONGRESS","COLLINSVILLE 19","618","12","REPUBLICAN","38"
"57","0","MADISON","680","MATT HAUSMAN","370","13TH CONGRESS","COLLINSVILLE 19","618","12","REPUBLICAN","18"
"57","0","MADISON","685","JESSE REISING","370","13TH CONGRESS","COLLINSVILLE 19","618","12","REPUBLICAN","28"
"57","0","MADISON","690","TERRY MARTIN","370","13TH CONGRESS","COLLINSVILLE 19","618","12","REPUBLICAN","5"
"57","0","MADISON","675","REGAN DEERING","370","13TH CONGRESS","COLLINSVILLE 22","829","12","REPUBLICAN","26"
"57","0","MADISON","680","MATT HAUSMAN","370","13TH CONGRESS","COLLINSVILLE 22","829","12","REPUBLICAN","17"
"57","0","MADISON","690","TERRY MARTIN","370","13TH CONGRESS","COLLINSVILLE 22","829","12","REPUBLICAN","6"
"57","0","MADISON","685","JESSE REISING","370","13TH CONGRESS","COLLINSVILLE 22","829","12","REPUBLICAN","35"
"57","0","MADISON","675","REGAN DEERING","370","13TH CONGRESS","COLLINSVILLE 25","954","12","REPUBLICAN","40"
"57","0","MADISON","680","MATT HAUSMAN","370","13TH CONGRESS","COLLINSVILLE 25","954","12","REPUBLICAN","19"
"57","0","MADISON","690","TERRY MARTIN","370","13TH CONGRESS","COLLINSVILLE 25","954","12","REPUBLICAN","3"
"57","0","MADISON","685","JESSE REISING","370","13TH CONGRESS","COLLINSVILLE 25","954","12","REPUBLICAN","55"
"57","0","MADISON","675","REGAN DEERING","370","13TH CONGRESS","EDWARDSVILLE 06","1015","12","REPUBLICAN","30"
"57","0","MADISON","680","MATT HAUSMAN","370","13TH CONGRESS","EDWARDSVILLE 06","1015","12","REPUBLICAN","39"
"57","0","MADISON","685","JESSE REISING","370","13TH CONGRESS","EDWARDSVILLE 06","1015","12","REPUBLICAN","53"
"57","0","MADISON","690","TERRY MARTIN","370","13TH CONGRESS","EDWARDSVILLE 06","1015","12","REPUBLICAN","4"
"57","0","MADISON","675","REGAN DEERING","370","13TH CONGRESS","EDWARDSVILLE 09","636","12","REPUBLICAN","13"
"57","0","MADISON","680","MATT HAUSMAN","370","13TH CONGRESS","EDWARDSVILLE 09","636","12","REPUBLICAN","10"
"57","0","MADISON","685","JESSE REISING","370","13TH CONGRESS","EDWARDSVILLE 09","636","12","REPUBLICAN","18"
"57","0","MADISON","690","TERRY MARTIN","370","13TH CONGRESS","EDWARDSVILLE 09","636","12","REPUBLICAN","1"
"57","0","MADISON","675","REGAN DEERING","370","13TH CONGRESS","EDWARDSVILLE 12","588","12","REPUBLICAN","5"
"57","0","MADISON","680","MATT HAUSMAN","370","13TH CONGRESS","EDWARDSVILLE 12","588","12","REPUBLICAN","9"
"57","0","MADISON","690","TERRY MARTIN","370","13TH CONGRESS","EDWARDSVILLE 12","588","12","REPUBLICAN","1"
"57","0","MADISON","685","JESSE REISING","370","13TH CONGRESS","EDWARDSVILLE 12","588","12","REPUBLICAN","14"
"57","0","MADISON","675","REGAN DEERING","370","13TH CONGRESS","EDWARDSVILLE 15","1057","12","REPUBLICAN","23"
"57","0","MADISON","680","MATT HAUSMAN","370","13TH CONGRESS","EDWARDSVILLE 15","1057","12","REPUBLICAN","16"
"83","0","SANGAMON","685","JESSE REISING","370","13TH CONGRESS","CHATHAM 005","1304","12","REPUBLICAN","42"
"83","0","SANGAMON","675","REGAN DEERING","370","13TH CONGRESS","CHATHAM 005","1304","12","REPUBLICAN","59"
"83","0","SANGAMON","680","MATT HAUSMAN","370","13TH CONGRESS","CHATHAM 005","1304","12","REPUBLICAN","22"
"83","0","SANGAMON","690","TERRY MARTIN","370","13TH CONGRESS","MECHANICSBURG 002","332","12","REPUBLICAN","5"
"83","0","SANGAMON","685","JESSE REISING","370","13TH CONGRESS","MECHANICSBURG 002","332","12","REPUBLICAN","12"
"83","0","SANGAMON","675","REGAN DEERING","370","13TH CONGRESS","MECHANICSBURG 002","332","12","REPUBLICAN","7"
"83","0","SANGAMON","680","MATT HAUSMAN","370","13TH CONGRESS","MECHANICSBURG 002","332","12","REPUBLICAN","15"
"83","0","SANGAMON","690","TERRY MARTIN","370","13TH CONGRESS","PAWNEE 001","596","12","REPUBLICAN","7"
"83","0","SANGAMON","685","JESSE REISING","370","13TH CONGRESS","PAWNEE 001","596","12","REPUBLICAN","22"
"83","0","SANGAMON","675","REGAN DEERING","370","13TH CONGRESS","PAWNEE 001","596","12","REPUBLICAN","36"
"83","0","SANGAMON","680","MATT HAUSMAN","370","13TH CONGRESS","PAWNEE 001","596","12","REPUBLICAN","18"
"83","0","SANGAMON","690","TERRY MARTIN","370","13TH CONGRESS","ROCHESTER 001","952","12","REPUBLICAN","11"
"83","0","SANGAMON","685","JESSE REISING","370","13TH CONGRESS","ROCHESTER 001","952","12","REPUBLICAN","52"
"83","0","SANGAMON","675","REGAN DEERING","370","13TH CONGRESS","ROCHESTER 001","952","12","REPUBLICAN","58"
"83","0","SANGAMON","680","MATT HAUSMAN","370","13TH CONGRESS","ROCHESTER 001","952","12","REPUBLICAN","21"
"83","0","SANGAMON","690","TERRY MARTIN","370","13TH CONGRESS","ROCHESTER 004","844","12","REPUBLICAN","7"
"83","0","SANGAMON","685","JESSE REISING","370","13TH CONGRESS","ROCHESTER 004","844","12","REPUBLICAN","40"
"83","0","SANGAMON","675","REGAN DEERING","370","13TH CONGRESS","ROCHESTER 004","844","12","REPUBLICAN","58"
"83","0","SANGAMON","680","MATT HAUSMAN","370","13TH CONGRESS","ROCHESTER 004","844","12","REPUBLICAN","13"
"83","0","SANGAMON","690","TERRY MARTIN","370","13TH CONGRESS","WOODSIDE 010","762","12","REPUBLICAN","6"
"83","0","SANGAMON","685","JESSE REISING","370","13TH CONGRESS","WOODSIDE 010","762","12","REPUBLICAN","47"
"83","0","SANGAMON","675","REGAN DEERING","370","13TH CONGRESS","WOODSIDE 010","762","12","REPUBLICAN","37"
"83","0","SANGAMON","680","MATT HAUSMAN","370","13TH CONGRESS","WOODSIDE 010","762","12","REPUBLICAN","21"
"83","0","SANGAMON","690","TERRY MARTIN","370","13TH CONGRESS","WOODSIDE 013","310","12","REPUBLICAN","2"
"83","0","SANGAMON","685","JESSE REISING","370","13TH CONGRESS","WOODSIDE 013","310","12","REPUBLICAN","12"
"83","0","SANGAMON","675","REGAN DEERING","370","13TH CONGRESS","WOODSIDE 013","310","12","REPUBLICAN","11"
"83","0","SANGAMON","680","MATT HAUSMAN","370","13TH CONGRESS","WOODSIDE 013","310","12","REPUBLICAN","5"
"83","0","SANGAMON","680","MATT HAUSMAN","370","13TH CONGRESS","CAPITAL 062","742","12","REPUBLICAN","16"
"83","0","SANGAMON","685","JESSE REISING","370","13TH CONGRESS","CAPITAL 065","476","12","REPUBLICAN","3"
"83","0","SANGAMON","675","REGAN DEERING","370","13TH CONGRESS","CAPITAL 065","476","12","REPUBLICAN","4"
"83","0","SANGAMON","690","TERRY MARTIN","370","13TH CONGRESS","CAPITAL 065","476","12","REPUBLICAN","2"
"83","0","SANGAMON","680","MATT HAUSMAN","370","13TH CONGRESS","CAPITAL 065","476","12","REPUBLICAN","0"
"83","0","SANGAMON","685","JESSE REISING","370","13TH CONGRESS","CAPITAL 068","751","12","REPUBLICAN","11"
"83","0","SANGAMON","675","REGAN DEERING","370","13TH CONGRESS","CAPITAL 068","751","12","REPUBLICAN","12"
"83","0","SANGAMON","690","TERRY MARTIN","370","13TH CONGRESS","CAPITAL 068","751","12","REPUBLICAN","6"
"83","0","SANGAMON","680","MATT HAUSMAN","370","13TH CONGRESS","CAPITAL 068","751","12","REPUBLICAN","9"
"83","0","SANGAMON","685","JESSE REISING","370","13TH CONGRESS","CAPITAL 094","828","12","REPUBLICAN","29"
"83","0","SANGAMON","675","REGAN DEERING","370","13TH CONGRESS","CAPITAL 094","828","12","REPUBLICAN","45"
"83","0","SANGAMON","690","TERRY MARTIN","370","13TH CONGRESS","CAPITAL 094","828","12","REPUBLICAN","10"
"57","0","MADISON","695","NIKKI BUDZINSKI","370","13TH CONGRESS","GRANITE CITY 11","1002","11","DEMOCRATIC","48"
"57","0","MADISON","700","DAVID PALMER","370","13TH CONGRESS","ALTON 01","1000","11","DEMOCRATIC","22"
"57","0","MADISON","695","NIKKI BUDZINSKI","370","13TH CONGRESS","ALTON 01","1000","11","DEMOCRATIC","60"
"57","0","MADISON","700","DAVID PALMER","370","13TH CONGRESS","COLLINSVILLE 20","1044","11","DEMOCRATIC","0"
"57","0","MADISON","695","NIKKI BUDZINSKI","370","13TH CONGRESS","COLLINSVILLE 20","1044","11","DEMOCRATIC","0"
"57","0","MADISON","700","DAVID PALMER","370","13TH CONGRESS","COLLINSVILLE 23","1081","11","DEMOCRATIC","12"
"57","0","MADISON","695","NIKKI BUDZINSKI","370","13TH CONGRESS","COLLINSVILLE 23","1081","11","DEMOCRATIC","68"
"57","0","MADISON","700","DAVID PALMER","370","13TH CONGRESS","EDWARDSVILLE 10","1127","11","DEMOCRATIC","13"
"57","0","MADISON","695","NIKKI BUDZINSKI","370","13TH CONGRESS","EDWARDSVILLE 10","1127","11","DEMOCRATIC","84"
"57","0","MADISON","700","DAVID PALMER","370","13TH CONGRESS","EDWARDSVILLE 13","894","11","DEMOCRATIC","10"
"57","0","MADISON","695","NIKKI BUDZINSKI","370","13TH CONGRESS","EDWARDSVILLE 13","894","11","DEMOCRATIC","65"
"57","0","MADISON","700","DAVID PALMER","370","13TH CONGRESS","EDWARDSVILLE 16","1040","11","DEMOCRATIC","22"
"57","0","MADISON","695","NIKKI BUDZINSKI","370","13TH CONGRESS","EDWARDSVILLE 16","1040","11","DEMOCRATIC","101"
"57","0","MADISON","700","DAVID PALMER","370","13TH CONGRESS","EDWARDSVILLE 19","962","11","DEMOCRATIC","9"
"57","0","MADISON","695","NIKKI BUDZINSKI","370","13TH CONGRESS","EDWARDSVILLE 19","962","11","DEMOCRATIC","52"
"57","0","MADISON","700","DAVID PALMER","370","13TH CONGRESS","FORT RUSSELL 03","1078","11","DEMOCRATIC","8"
"57","0","MADISON","695","NIKKI BUDZINSKI","370","13TH CONGRESS","FORT RUSSELL 03","1078","11","DEMOCRATIC","45"
"57","0","MADISON","695","NIKKI BUDZINSKI","370","13TH CONGRESS","FORT RUSSELL 06","1036","11","DEMOCRATIC","35"
"57","0","MADISON","700","DAVID PALMER","370","13TH CONGRESS","COLLINSVILLE 04","1007","11","DEMOCRATIC","11"
"57","0","MADISON","695","NIKKI BUDZINSKI","370","13TH CONGRESS","COLLINSVILLE 04","1007","11","DEMOCRATIC","62"
"57","0","MADISON","695","NIKKI BUDZINSKI","370","13TH CONGRESS","COLLINSVILLE 07","1081","11","DEMOCRATIC","53"
"57","0","MADISON","700","DAVID PALMER","370","13TH CONGRESS","COLLINSVILLE 07","1081","11","DEMOCRATIC","19"
"57","0","MADISON","695","NIKKI BUDZINSKI","370","13TH CONGRESS","COLLINSVILLE 10","1116","11","DEMOCRATIC","77"
"57","0","MADISON","700","DAVID PALMER","370","13TH CONGRESS","COLLINSVILLE 10","1116","11","DEMOCRATIC","17"
"57","0","MADISON","695","NIKKI BUDZINSKI","370","13TH CONGRESS","COLLINSVILLE 13","802","11","DEMOCRATIC","47"
"57","0","MADISON","700","DAVID PALMER","370","13TH CONGRESS","COLLINSVILLE 13","802","11","DEMOCRATIC","15"
"57","0","MADISON","695","NIKKI BUDZINSKI","370","13TH CONGRESS","EDWARDSVILLE 03","1049","11","DEMOCRATIC","101"
"57","0","MADISON","700","DAVID PALMER","370","13TH CONGRESS","EDWARDSVILLE 03","1049","11","DEMOCRATIC","18"
"57","0","MADISON","700","DAVID PALMER","370","13TH CONGRESS","EDWARDSVILLE 26","757","11","DEMOCRATIC","4"
"57","0","MADISON","695","NIKKI BUDZINSKI","370","13TH CONGRESS","EDWARDSVILLE 26","757","11","DEMOCRATIC","46"
"57","0","MADISON","695","NIKKI BUDZINSKI","370","13TH CONGRESS","NAMEOKI 02","427","11","DEMOCRATIC","56"
"57","0","MADISON","700","DAVID PALMER","370","13TH CONGRESS","NAMEOKI 02","427","11","DEMOCRATIC","8"
"57","0","MADISON","695","NIKKI BUDZINSKI","370","13TH CONGRESS","NAMEOKI 05","534","11","DEMOCRATIC","27"
"57","0","MADISON","695","NIKKI BUDZINSKI","370","13TH CONGRESS","EDWARDSVILLE 12","588","11","DEMOCRATIC","15"
"57","0","MADISON","700","DAVID PALMER","370","13TH CONGRESS","EDWARDSVILLE 12","588","11","DEMOCRATIC","3"
"57","0","MADISON","695","NIKKI BUDZINSKI","370","13TH CONGRESS","EDWARDSVILLE 15","1057","11","DEMOCRATIC","82"
"57","0","MADISON","700","DAVID PALMER","370","13TH CONGRESS","EDWARDSVILLE 15","1057","11","DEMOCRATIC","21"
"57","0","MADISON","695","NIKKI BUDZINSKI","370","13TH CONGRESS","FORT RUSSELL 02","979","11","DEMOCRATIC","26"
"57","0","MADISON","700","DAVID PALMER","370","13TH CONGRESS","FORT RUSSELL 02","979","11","DEMOCRATIC","8"
"56","0","MACOUPIN","0","Under Votes","370","13TH CONGRESS","STAUNTON 1","1199","12","REPUBLICAN","7"
"56","0","MACOUPIN","0","Over Votes","370","13TH CONGRESS","STAUNTON 1","1199","12","REPUBLICAN","0"
"56","0","MACOUPIN","0","Blank Ballots","370","13TH CONGRESS","STAUNTON 1","1199","12","REPUBLICAN","0"
"56","0","MACOUPIN","675","REGAN DEERING","370","13TH CONGRESS","STAUNTON 1","1199","12","REPUBLICAN","44"
"56","0","MACOUPIN","680","MATT HAUSMAN","370","13TH CONGRESS","STAUNTON 1","1199","12","REPUBLICAN","22"
"56","0","MACOUPIN","685","JESSE REISING","370","13TH CONGRESS","STAUNTON 1","1199","12","REPUBLICAN","36"
"56","0","MACOUPIN","690","TERRY MARTIN","370","13TH CONGRESS","STAUNTON 1","1199","12","REPUBLICAN","12"
"56","0","MACOUPIN","675","REGAN DEERING","370","13TH CONGRESS","SHIPMAN","904","12","REPUBLICAN","49"
"56","0","MACOUPIN","680","MATT HAUSMAN","370","13TH CONGRESS","SHIPMAN","904","12","REPUBLICAN","46"
"56","0","MACOUPIN","685","JESSE REISING","370","13TH CONGRESS","SHIPMAN","904","12","REPUBLICAN","33"
"56","0","MACOUPIN","690","TERRY MARTIN","370","13TH CONGRESS","SHIPMAN","904","12","REPUBLICAN","10"
"56","0","MACOUPIN","0","Under Votes","370","13TH CONGRESS","VIRDEN 1","1185","12","REPUBLICAN","15"
"56","0","MACOUPIN","0","Over Votes","370","13TH CONGRESS","VIRDEN 1","1185","12","REPUBLICAN","0"
"56","0","MACOUPIN","0","Blank Ballots","370","13TH CONGRESS","VIRDEN 1","1185","12","REPUBLICAN","0"
"56","0","MACOUPIN","675","REGAN DEERING","370","13TH CONGRESS","VIRDEN 1","1185","12","REPUBLICAN","45"
"56","0","MACOUPIN","680","MATT HAUSMAN","370","13TH CONGRESS","VIRDEN 1","1185","12","REPUBLICAN","26"
"56","0","MACOUPIN","685","JESSE REISING","370","13TH CONGRESS","VIRDEN 1","1185","12","REPUBLICAN","36"
"56","0","MACOUPIN","690","TERRY MARTIN","370","13TH CONGRESS","VIRDEN 1","1185","12","REPUBLICAN","7"
"56","0","MACOUPIN","690","TERRY MARTIN","370","13TH CONGRESS","VIRDEN 2","1054","12","REPUBLICAN","12"
"56","0","MACOUPIN","690","TERRY MARTIN","370","13TH CONGRESS","STAUNTON 2","828","12","REPUBLICAN","3"
"56","0","MACOUPIN","690","TERRY MARTIN","370","13TH CONGRESS","SOUTH PALMYRA","517","12","REPUBLICAN","16"
"56","0","MACOUPIN","0","Under Votes","370","13TH CONGRESS","STAUNTON 4","827","12","REPUBLICAN","5"
"56","0","MACOUPIN","0","Blank Ballots","370","13TH CONGRESS","STAUNTON 4","827","12","REPUBLICAN","0"
"56","0","MACOUPIN","675","REGAN DEERING","370","13TH CONGRESS","STAUNTON 4","827","12","REPUBLICAN","26"
"56","0","MACOUPIN","680","MATT HAUSMAN","370","13TH CONGRESS","STAUNTON 4","827","12","REPUBLICAN","22"
"56","0","MACOUPIN","0","Over Votes","370","13TH CONGRESS","STAUNTON 4","827","12","REPUBLICAN","1"
"56","0","MACOUPIN","685","JESSE REISING","370","13TH CONGRESS","STAUNTON 4","827","12","REPUBLICAN","36"
"56","0","MACOUPIN","690","TERRY MARTIN","370","13TH CONGRESS","STAUNTON 4","827","12","REPUBLICAN","7"
"56","0","MACOUPIN","690","TERRY MARTIN","370","13TH CONGRESS","WESTERN MOUND","201","12","REPUBLICAN","4"
"107","88","CITY OF EAST ST. LOUIS","695","NIKKI BUDZINSKI","370","13TH CONGRESS","PRECINCT 03","489","11","DEMOCRATIC","35"
"107","88","CITY OF EAST ST. LOUIS","700","DAVID PALMER","370","13TH CONGRESS","PRECINCT 03","489","11","DEMOCRATIC","17"
"107","88","CITY OF EAST ST. LOUIS","695","NIKKI BUDZINSKI","370","13TH CONGRESS","PRECINCT 06","341","11","DEMOCRATIC","40"
"107","88","CITY OF EAST ST. LOUIS","700","DAVID PALMER","370","13TH CONGRESS","PRECINCT 06","341","11","DEMOCRATIC","23"
"107","88","CITY OF EAST ST. LOUIS","695","NIKKI BUDZINSKI","370","13TH CONGRESS","PRECINCT 09","626","11","DEMOCRATIC","54"
"107","88","CITY OF EAST ST. LOUIS","700","DAVID PALMER","370","13TH CONGRESS","PRECINCT 09","626","11","DEMOCRATIC","20"
"107","88","CITY OF EAST ST. LOUIS","695","NIKKI BUDZINSKI","370","13TH CONGRESS","PRECINCT 12","728","11","DEMOCRATIC","72"
"107","88","CITY OF EAST ST. LOUIS","700","DAVID PALMER","370","13TH CONGRESS","PRECINCT 12","728","11","DEMOCRATIC","26"
"107","88","CITY OF EAST ST. LOUIS","695","NIKKI BUDZINSKI","370","13TH CONGRESS","PRECINCT 15","554","11","DEMOCRATIC","105"
"107","88","CITY OF EAST ST. LOUIS","700","DAVID PALMER","370","13TH CONGRESS","PRECINCT 15","554","11","DEMOCRATIC","31"
"107","88","CITY OF EAST ST. LOUIS","695","NIKKI BUDZINSKI","370","13TH CONGRESS","PRECINCT 22","325","11","DEMOCRATIC","32"
"57","0","MADISON","690","TERRY MARTIN","370","13TH CONGRESS","EDWARDSVILLE 15","1057","12","REPUBLICAN","7"
"57","0","MADISON","685","JESSE REISING","370","13TH CONGRESS","EDWARDSVILLE 15","1057","12","REPUBLICAN","26"
"57","0","MADISON","675","REGAN DEERING","370","13TH CONGRESS","FORT RUSSELL 02","979","12","REPUBLICAN","36"
"57","0","MADISON","680","MATT HAUSMAN","370","13TH CONGRESS","FORT RUSSELL 02","979","12","REPUBLICAN","30"
"57","0","MADISON","690","TERRY MARTIN","370","13TH CONGRESS","FORT RUSSELL 02","979","12","REPUBLICAN","5"
"57","0","MADISON","685","JESSE REISING","370","13TH CONGRESS","FORT RUSSELL 02","979","12","REPUBLICAN","33"
"57","0","MADISON","675","REGAN DEERING","370","13TH CONGRESS","FORT RUSSELL 05","435","12","REPUBLICAN","34"
"57","0","MADISON","680","MATT HAUSMAN","370","13TH CONGRESS","FORT RUSSELL 05","435","12","REPUBLICAN","15"
"57","0","MADISON","690","TERRY MARTIN","370","13TH CONGRESS","FORT RUSSELL 05","435","12","REPUBLICAN","6"
"57","0","MADISON","685","JESSE REISING","370","13TH CONGRESS","FORT RUSSELL 05","435","12","REPUBLICAN","24"
"57","0","MADISON","675","REGAN DEERING","370","13TH CONGRESS","NAMEOKI 08","881","12","REPUBLICAN","22"
"57","0","MADISON","680","MATT HAUSMAN","370","13TH CONGRESS","NAMEOKI 08","881","12","REPUBLICAN","13"
"57","0","MADISON","685","JESSE REISING","370","13TH CONGRESS","NAMEOKI 08","881","12","REPUBLICAN","23"
"57","0","MADISON","690","TERRY MARTIN","370","13TH CONGRESS","NAMEOKI 08","881","12","REPUBLICAN","11"
"57","0","MADISON","675","REGAN DEERING","370","13TH CONGRESS","CHOUTEAU 01","797","12","REPUBLICAN","25"
"57","0","MADISON","680","MATT HAUSMAN","370","13TH CONGRESS","CHOUTEAU 01","797","12","REPUBLICAN","39"
"57","0","MADISON","685","JESSE REISING","370","13TH CONGRESS","CHOUTEAU 01","797","12","REPUBLICAN","46"
"57","0","MADISON","685","JESSE REISING","370","13TH CONGRESS","WOOD RIVER 05","799","12","REPUBLICAN","24"
"57","0","MADISON","680","MATT HAUSMAN","370","13TH CONGRESS","GRANITE CITY 01","775","12","REPUBLICAN","19"
"57","0","MADISON","690","TERRY MARTIN","370","13TH CONGRESS","GRANITE CITY 01","775","12","REPUBLICAN","4"
"57","0","MADISON","685","JESSE REISING","370","13TH CONGRESS","GRANITE CITY 01","775","12","REPUBLICAN","9"
"57","0","MADISON","675","REGAN DEERING","370","13TH CONGRESS","GRANITE CITY 01","775","12","REPUBLICAN","22"
"57","0","MADISON","675","REGAN DEERING","370","13TH CONGRESS","GRANITE CITY 04","1128","12","REPUBLICAN","39"
"57","0","MADISON","680","MATT HAUSMAN","370","13TH CONGRESS","GRANITE CITY 04","1128","12","REPUBLICAN","45"
"57","0","MADISON","690","TERRY MARTIN","370","13TH CONGRESS","GRANITE CITY 04","1128","12","REPUBLICAN","14"
"57","0","MADISON","685","JESSE REISING","370","13TH CONGRESS","GRANITE CITY 04","1128","12","REPUBLICAN","46"
"57","0","MADISON","675","REGAN DEERING","370","13TH CONGRESS","GRANITE CITY 07","1023","12","REPUBLICAN","18"
"57","0","MADISON","680","MATT HAUSMAN","370","13TH CONGRESS","GRANITE CITY 07","1023","12","REPUBLICAN","25"
"57","0","MADISON","690","TERRY MARTIN","370","13TH CONGRESS","GRANITE CITY 07","1023","12","REPUBLICAN","7"
"57","0","MADISON","685","JESSE REISING","370","13TH CONGRESS","GRANITE CITY 07","1023","12","REPUBLICAN","14"
"57","0","MADISON","690","TERRY MARTIN","370","13TH CONGRESS","ALTON 17","1083","12","REPUBLICAN","3"
"57","0","MADISON","685","JESSE REISING","370","13TH CONGRESS","ALTON 17","1083","12","REPUBLICAN","10"
"57","0","MADISON","675","REGAN DEERING","370","13TH CONGRESS","ALTON 17","1083","12","REPUBLICAN","13"
"57","0","MADISON","680","MATT HAUSMAN","370","13TH CONGRESS","ALTON 17","1083","12","REPUBLICAN","8"
"57","0","MADISON","0","Under Votes","370","13TH CONGRESS","","0","12","REPUBLICAN","1500"
"57","0","MADISON","0","Over Votes","370","13TH CONGRESS","","0","12","REPUBLICAN","6"
"57","0","MADISON","680","MATT HAUSMAN","370","13TH CONGRESS","WOOD RIVER 19","1072","12","REPUBLICAN","37"
"57","0","MADISON","690","TERRY MARTIN","370","13TH CONGRESS","VENICE 02","423","12","REPUBLICAN","0"
"57","0","MADISON","685","JESSE REISING","370","13TH CONGRESS","VENICE 02","423","12","REPUBLICAN","10"
"57","0","MADISON","675","REGAN DEERING","370","13TH CONGRESS","VENICE 02","423","12","REPUBLICAN","7"
"107","88","CITY OF EAST ST. LOUIS","700","DAVID PALMER","370","13TH CONGRESS","PRECINCT 22","325","11","DEMOCRATIC","10"
"107","88","CITY OF EAST ST. LOUIS","695","NIKKI BUDZINSKI","370","13TH CONGRESS","PRECINCT 25","786","11","DEMOCRATIC","280"
"107","88","CITY OF EAST ST. LOUIS","700","DAVID PALMER","370","13TH CONGRESS","PRECINCT 25","786","11","DEMOCRATIC","40"
"107","88","CITY OF EAST ST. LOUIS","695","NIKKI BUDZINSKI","370","13TH CONGRESS","PRECINCT 02","602","11","DEMOCRATIC","120"
"107","88","CITY OF EAST ST. LOUIS","700","DAVID PALMER","370","13TH CONGRESS","PRECINCT 02","602","11","DEMOCRATIC","32"
"107","88","CITY OF EAST ST. LOUIS","695","NIKKI BUDZINSKI","370","13TH CONGRESS","PRECINCT 05","520","11","DEMOCRATIC","47"
"107","88","CITY OF EAST ST. LOUIS","700","DAVID PALMER","370","13TH CONGRESS","PRECINCT 05","520","11","DEMOCRATIC","16"
"107","88","CITY OF EAST ST. LOUIS","695","NIKKI BUDZINSKI","370","13TH CONGRESS","PRECINCT 08","397","11","DEMOCRATIC","64"
"107","88","CITY OF EAST ST. LOUIS","700","DAVID PALMER","370","13TH CONGRESS","PRECINCT 08","397","11","DEMOCRATIC","30"
"107","88","CITY OF EAST ST. LOUIS","695","NIKKI BUDZINSKI","370","13TH CONGRESS","PRECINCT 11","469","11","DEMOCRATIC","44"
"107","88","CITY OF EAST ST. LOUIS","700","DAVID PALMER","370","13TH CONGRESS","PRECINCT 11","469","11","DEMOCRATIC","23"
"107","88","CITY OF EAST ST. LOUIS","700","DAVID PALMER","370","13TH CONGRESS","PRECINCT 14","678","11","DEMOCRATIC","30"
"107","88","CITY OF EAST ST. LOUIS","695","NIKKI BUDZINSKI","370","13TH CONGRESS","PRECINCT 17","696","11","DEMOCRATIC","49"
"107","88","CITY OF EAST ST. LOUIS","700","DAVID PALMER","370","13TH CONGRESS","PRECINCT 17","696","11","DEMOCRATIC","29"
"107","88","CITY OF EAST ST. LOUIS","695","NIKKI BUDZINSKI","370","13TH CONGRESS","PRECINCT 20","680","11","DEMOCRATIC","60"
"107","88","CITY OF EAST ST. LOUIS","700","DAVID PALMER","370","13TH CONGRESS","PRECINCT 20","680","11","DEMOCRATIC","21"
"107","88","CITY OF EAST ST. LOUIS","695","NIKKI BUDZINSKI","370","13TH CONGRESS","PRECINCT 23","796","11","DEMOCRATIC","197"
"107","88","CITY OF EAST ST. LOUIS","700","DAVID PALMER","370","13TH CONGRESS","PRECINCT 23","796","11","DEMOCRATIC","61"
"107","88","CITY OF EAST ST. LOUIS","695","NIKKI BUDZINSKI","370","13TH CONGRESS","PRECINCT 10","385","11","DEMOCRATIC","43"
"107","88","CITY OF EAST ST. LOUIS","700","DAVID PALMER","370","13TH CONGRESS","PRECINCT 10","385","11","DEMOCRATIC","17"
"107","88","CITY OF EAST ST. LOUIS","695","NIKKI BUDZINSKI","370","13TH CONGRESS","PRECINCT 13","866","11","DEMOCRATIC","184"
"107","88","CITY OF EAST ST. LOUIS","700","DAVID PALMER","370","13TH CONGRESS","PRECINCT 13","866","11","DEMOCRATIC","32"
"107","88","CITY OF EAST ST. LOUIS","695","NIKKI BUDZINSKI","370","13TH CONGRESS","PRECINCT 16","727","11","DEMOCRATIC","80"
"107","88","CITY OF EAST ST. LOUIS","700","DAVID PALMER","370","13TH CONGRESS","PRECINCT 16","727","11","DEMOCRATIC","26"
"107","88","CITY OF EAST ST. LOUIS","695","NIKKI BUDZINSKI","370","13TH CONGRESS","PRECINCT 19","691","11","DEMOCRATIC","171"
"107","88","CITY OF EAST ST. LOUIS","700","DAVID PALMER","370","13TH CONGRESS","PRECINCT 19","691","11","DEMOCRATIC","41"
"107","88","CITY OF EAST ST. LOUIS","695","NIKKI BUDZINSKI","370","13TH CONGRESS","PRECINCT 01","1119","11","DEMOCRATIC","152"
"107","88","CITY OF EAST ST. LOUIS","700","DAVID PALMER","370","13TH CONGRESS","PRECINCT 01","1119","11","DEMOCRATIC","26"
"107","88","CITY OF EAST ST. LOUIS","695","NIKKI BUDZINSKI","370","13TH CONGRESS","PRECINCT 04","818","11","DEMOCRATIC","179"
"107","88","CITY OF EAST ST. LOUIS","700","DAVID PALMER","370","13TH CONGRESS","PRECINCT 04","818","11","DEMOCRATIC","56"
"107","88","CITY OF EAST ST. LOUIS","695","NIKKI BUDZINSKI","370","13TH CONGRESS","PRECINCT 07","358","11","DEMOCRATIC","38"
"107","88","CITY OF EAST ST. LOUIS","700","DAVID PALMER","370","13TH CONGRESS","PRECINCT 07","358","11","DEMOCRATIC","11"
"107","88","CITY OF EAST ST. LOUIS","695","NIKKI BUDZINSKI","370","13TH CONGRESS","PRECINCT 18","325","11","DEMOCRATIC","46"
"107","88","CITY OF EAST ST. LOUIS","700","DAVID PALMER","370","13TH CONGRESS","PRECINCT 18","325","11","DEMOCRATIC","11"
"107","88","CITY OF EAST ST. LOUIS","695","NIKKI BUDZINSKI","370","13TH CONGRESS","PRECINCT 21","681","11","DEMOCRATIC","81"
"107","88","CITY OF EAST ST. LOUIS","700","DAVID PALMER","370","13TH CONGRESS","PRECINCT 21","681","11","DEMOCRATIC","30"
"107","88","CITY OF EAST ST. LOUIS","695","NIKKI BUDZINSKI","370","13TH CONGRESS","PRECINCT 24","365","11","DEMOCRATIC","109"
"83","0","SANGAMON","695","NIKKI BUDZINSKI","370","13TH CONGRESS","AUBURN 002","780","11","DEMOCRATIC","19"
"83","0","SANGAMON","700","DAVID PALMER","370","13TH CONGRESS","AUBURN 002","780","11","DEMOCRATIC","4"
"83","0","SANGAMON","695","NIKKI BUDZINSKI","370","13TH CONGRESS","COOPER 001","665","11","DEMOCRATIC","20"
"83","0","SANGAMON","700","DAVID PALMER","370","13TH CONGRESS","COOPER 001","665","11","DEMOCRATIC","6"
"83","0","SANGAMON","695","NIKKI BUDZINSKI","370","13TH CONGRESS","ROCHESTER 003","801","11","DEMOCRATIC","28"
"83","0","SANGAMON","700","DAVID PALMER","370","13TH CONGRESS","ROCHESTER 003","801","11","DEMOCRATIC","3"
"83","0","SANGAMON","695","NIKKI BUDZINSKI","370","13TH CONGRESS","SPRINGFIELD 001","742","11","DEMOCRATIC","36"
"83","0","SANGAMON","700","DAVID PALMER","370","13TH CONGRESS","SPRINGFIELD 001","742","11","DEMOCRATIC","4"
"107","88","CITY OF EAST ST. LOUIS","700","DAVID PALMER","370","13TH CONGRESS","PRECINCT 24","365","11","DEMOCRATIC","11"
"107","88","CITY OF EAST ST. LOUIS","695","NIKKI BUDZINSKI","370","13TH CONGRESS","PRECINCT 14","678","11","DEMOCRATIC","52"
"107","88","CITY OF EAST ST. LOUIS","0","Under Votes","370","13TH CONGRESS","","0","11","DEMOCRATIC","625"
"107","88","CITY OF EAST ST. LOUIS","0","Over Votes","370","13TH CONGRESS","","0","11","DEMOCRATIC","4"
"10","0","CHAMPAIGN","0","Under Votes","370","13TH CONGRESS","CITY OF CHAMPAIGN 24","1725","11","DEMOCRATIC","3"
"10","0","CHAMPAIGN","0","Over Votes","370","13TH CONGRESS","CITY OF CHAMPAIGN 24","1725","11","DEMOCRATIC","0"
"10","0","CHAMPAIGN","695","NIKKI BUDZINSKI","370","13TH CONGRESS","CITY OF CHAMPAIGN 27","585","11","DEMOCRATIC","86"
"10","0","CHAMPAIGN","700","DAVID PALMER","370","13TH CONGRESS","CITY OF CHAMPAIGN 27","585","11","DEMOCRATIC","33"
"10","0","CHAMPAIGN","0","Under Votes","370","13TH CONGRESS","CITY OF CHAMPAIGN 27","585","11","DEMOCRATIC","4"
"10","0","CHAMPAIGN","0","Over Votes","370","13TH CONGRESS","CITY OF CHAMPAIGN 27","585","11","DEMOCRATIC","0"
"10","0","CHAMPAIGN","695","NIKKI BUDZINSKI","370","13TH CONGRESS","COLFAX","180","11","DEMOCRATIC","8"
"10","0","CHAMPAIGN","700","DAVID PALMER","370","13TH CONGRESS","COLFAX","180","11","DEMOCRATIC","5"
"10","0","CHAMPAIGN","0","Under Votes","370","13TH CONGRESS","COLFAX","180","11","DEMOCRATIC","1"
"10","0","CHAMPAIGN","0","Over Votes","370","13TH CONGRESS","COLFAX","180","11","DEMOCRATIC","0"
"10","0","CHAMPAIGN","695","NIKKI BUDZINSKI","370","13TH CONGRESS","CUNNINGHAM 12","1162","11","DEMOCRATIC","190"
"10","0","CHAMPAIGN","700","DAVID PALMER","370","13TH CONGRESS","CUNNINGHAM 12","1162","11","DEMOCRATIC","92"
"10","0","CHAMPAIGN","0","Under Votes","370","13TH CONGRESS","CUNNINGHAM 12","1162","11","DEMOCRATIC","2"
"10","0","CHAMPAIGN","0","Over Votes","370","13TH CONGRESS","CUNNINGHAM 12","1162","11","DEMOCRATIC","0"
"10","0","CHAMPAIGN","695","NIKKI BUDZINSKI","370","13TH CONGRESS","TOLONO 2","1579","11","DEMOCRATIC","115"
"10","0","CHAMPAIGN","700","DAVID PALMER","370","13TH CONGRESS","TOLONO 2","1579","11","DEMOCRATIC","55"
"10","0","CHAMPAIGN","0","Under Votes","370","13TH CONGRESS","TOLONO 2","1579","11","DEMOCRATIC","3"
"10","0","CHAMPAIGN","0","Over Votes","370","13TH CONGRESS","TOLONO 2","1579","11","DEMOCRATIC","0"
"10","0","CHAMPAIGN","0","Under Votes","370","13TH CONGRESS","CITY OF CHAMPAIGN 01","1067","11","DEMOCRATIC","3"
"10","0","CHAMPAIGN","695","NIKKI BUDZINSKI","370","13TH CONGRESS","CITY OF CHAMPAIGN 04","867","11","DEMOCRATIC","16"
"10","0","CHAMPAIGN","700","DAVID PALMER","370","13TH CONGRESS","CITY OF CHAMPAIGN 04","867","11","DEMOCRATIC","2"
"10","0","CHAMPAIGN","0","Over Votes","370","13TH CONGRESS","CITY OF CHAMPAIGN 04","867","11","DEMOCRATIC","0"
"10","0","CHAMPAIGN","0","Under Votes","370","13TH CONGRESS","CITY OF CHAMPAIGN 04","867","11","DEMOCRATIC","0"
"10","0","CHAMPAIGN","695","NIKKI BUDZINSKI","370","13TH CONGRESS","CITY OF CHAMPAIGN 14","509","11","DEMOCRATIC","57"
"10","0","CHAMPAIGN","700","DAVID PALMER","370","13TH CONGRESS","CITY OF CHAMPAIGN 14","509","11","DEMOCRATIC","30"
"10","0","CHAMPAIGN","0","Under Votes","370","13TH CONGRESS","CITY OF CHAMPAIGN 14","509","11","DEMOCRATIC","2"
"10","0","CHAMPAIGN","0","Over Votes","370","13TH CONGRESS","CITY OF CHAMPAIGN 14","509","11","DEMOCRATIC","0"
"10","0","CHAMPAIGN","695","NIKKI BUDZINSKI","370","13TH CONGRESS","CITY OF CHAMPAIGN 17","2214","11","DEMOCRATIC","147"
"10","0","CHAMPAIGN","700","DAVID PALMER","370","13TH CONGRESS","CITY OF CHAMPAIGN 17","2214","11","DEMOCRATIC","112"
"10","0","CHAMPAIGN","0","Over Votes","370","13TH CONGRESS","CITY OF CHAMPAIGN 17","2214","11","DEMOCRATIC","0"
"10","0","CHAMPAIGN","0","Under Votes","370","13TH CONGRESS","CITY OF CHAMPAIGN 17","2214","11","DEMOCRATIC","4"
"10","0","CHAMPAIGN","695","NIKKI BUDZINSKI","370","13TH CONGRESS","CITY OF CHAMPAIGN 30","1114","11","DEMOCRATIC","47"
"10","0","CHAMPAIGN","700","DAVID PALMER","370","13TH CONGRESS","CITY OF CHAMPAIGN 30","1114","11","DEMOCRATIC","42"
"10","0","CHAMPAIGN","0","Under Votes","370","13TH CONGRESS","CITY OF CHAMPAIGN 30","1114","11","DEMOCRATIC","3"
"10","0","CHAMPAIGN","0","Over Votes","370","13TH CONGRESS","CITY OF CHAMPAIGN 30","1114","11","DEMOCRATIC","0"
"10","0","CHAMPAIGN","695","NIKKI BUDZINSKI","370","13TH CONGRESS","CITY OF CHAMPAIGN 33","1478","11","DEMOCRATIC","138"
"10","0","CHAMPAIGN","700","DAVID PALMER","370","13TH CONGRESS","CITY OF CHAMPAIGN 33","1478","11","DEMOCRATIC","62"
"10","0","CHAMPAIGN","0","Under Votes","370","13TH CONGRESS","CITY OF CHAMPAIGN 33","1478","11","DEMOCRATIC","3"
"10","0","CHAMPAIGN","0","Over Votes","370","13TH CONGRESS","CITY OF CHAMPAIGN 33","1478","11","DEMOCRATIC","0"
"10","0","CHAMPAIGN","695","NIKKI BUDZINSKI","370","13TH CONGRESS","CUNNINGHAM 02","392","11","DEMOCRATIC","12"
"10","0","CHAMPAIGN","700","DAVID PALMER","370","13TH CONGRESS","CUNNINGHAM 02","392","11","DEMOCRATIC","9"
"10","0","CHAMPAIGN","0","Under Votes","370","13TH CONGRESS","CUNNINGHAM 02","392","11","DEMOCRATIC","0"
"10","0","CHAMPAIGN","0","Over Votes","370","13TH CONGRESS","CUNNINGHAM 02","392","11","DEMOCRATIC","0"
"10","0","CHAMPAIGN","695","NIKKI BUDZINSKI","370","13TH CONGRESS","CUNNINGHAM 05","357","11","DEMOCRATIC","0"
"10","0","CHAMPAIGN","700","DAVID PALMER","370","13TH CONGRESS","CUNNINGHAM 05","357","11","DEMOCRATIC","0"
"10","0","CHAMPAIGN","0","Under Votes","370","13TH CONGRESS","CUNNINGHAM 05","357","11","DEMOCRATIC","1"
"10","0","CHAMPAIGN","0","Over Votes","370","13TH CONGRESS","CUNNINGHAM 05","357","11","DEMOCRATIC","0"
"10","0","CHAMPAIGN","695","NIKKI BUDZINSKI","370","13TH CONGRESS","CUNNINGHAM 15","634","11","DEMOCRATIC","108"
"10","0","CHAMPAIGN","700","DAVID PALMER","370","13TH CONGRESS","CUNNINGHAM 15","634","11","DEMOCRATIC","59"
"10","0","CHAMPAIGN","0","Under Votes","370","13TH CONGRESS","CUNNINGHAM 15","634","11","DEMOCRATIC","4"
"10","0","CHAMPAIGN","0","Over Votes","370","13TH CONGRESS","CUNNINGHAM 15","634","11","DEMOCRATIC","0"
"10","0","CHAMPAIGN","695","NIKKI BUDZINSKI","370","13TH CONGRESS","CUNNINGHAM 17","1214","11","DEMOCRATIC","66"
"10","0","CHAMPAIGN","700","DAVID PALMER","370","13TH CONGRESS","CUNNINGHAM 17","1214","11","DEMOCRATIC","29"
"10","0","CHAMPAIGN","0","Under Votes","370","13TH CONGRESS","CUNNINGHAM 17","1214","11","DEMOCRATIC","5"
"10","0","CHAMPAIGN","0","Over Votes","370","13TH CONGRESS","CUNNINGHAM 17","1214","11","DEMOCRATIC","0"
"10","0","CHAMPAIGN","695","NIKKI BUDZINSKI","370","13TH CONGRESS","SCOTT BONDVILLE","411","11","DEMOCRATIC","21"
"10","0","CHAMPAIGN","700","DAVID PALMER","370","13TH CONGRESS","SCOTT BONDVILLE","411","11","DEMOCRATIC","10"
"10","0","CHAMPAIGN","0","Under Votes","370","13TH CONGRESS","SCOTT BONDVILLE","411","11","DEMOCRATIC","0"
"10","0","CHAMPAIGN","0","Over Votes","370","13TH CONGRESS","SCOTT BONDVILLE","411","11","DEMOCRATIC","0"
"10","0","CHAMPAIGN","695","NIKKI BUDZINSKI","370","13TH CONGRESS","URBANA 2","1283","11","DEMOCRATIC","82"
"10","0","CHAMPAIGN","695","NIKKI BUDZINSKI","370","13TH CONGRESS","CHAMPAIGN 3","1866","11","DEMOCRATIC","226"
"10","0","CHAMPAIGN","700","DAVID PALMER","370","13TH CONGRESS","CHAMPAIGN 3","1866","11","DEMOCRATIC","79"
"10","0","CHAMPAIGN","0","Over Votes","370","13TH CONGRESS","CHAMPAIGN 3","1866","11","DEMOCRATIC","0"
"10","0","CHAMPAIGN","0","Under Votes","370","13TH CONGRESS","CHAMPAIGN 3","1866","11","DEMOCRATIC","16"
"10","0","CHAMPAIGN","695","NIKKI BUDZINSKI","370","13TH CONGRESS","CITY OF CHAMPAIGN 11","1617","11","DEMOCRATIC","174"
"10","0","CHAMPAIGN","700","DAVID PALMER","370","13TH CONGRESS","CITY OF CHAMPAIGN 11","1617","11","DEMOCRATIC","105"
"10","0","CHAMPAIGN","0","Under Votes","370","13TH CONGRESS","CITY OF CHAMPAIGN 11","1617","11","DEMOCRATIC","14"
"10","0","CHAMPAIGN","0","Over Votes","370","13TH CONGRESS","CITY OF CHAMPAIGN 11","1617","11","DEMOCRATIC","0"
"10","0","CHAMPAIGN","695","NIKKI BUDZINSKI","370","13TH CONGRESS","CITY OF CHAMPAIGN 24","1725","11","DEMOCRATIC","239"
"10","0","CHAMPAIGN","700","DAVID PALMER","370","13TH CONGRESS","CITY OF CHAMPAIGN 24","1725","11","DEMOCRATIC","78"
"10","0","CHAMPAIGN","695","NIKKI BUDZINSKI","370","13TH CONGRESS","CITY OF CHAMPAIGN 01","1067","11","DEMOCRATIC","63"
"10","0","CHAMPAIGN","700","DAVID PALMER","370","13TH CONGRESS","CITY OF CHAMPAIGN 01","1067","11","DEMOCRATIC","70"
"10","0","CHAMPAIGN","0","Over Votes","370","13TH CONGRESS","CITY OF CHAMPAIGN 01","1067","11","DEMOCRATIC","0"
"10","0","CHAMPAIGN","695","NIKKI BUDZINSKI","370","13TH CONGRESS","CITY OF CHAMPAIGN 07","1210","11","DEMOCRATIC","30"
"83","0","SANGAMON","680","MATT HAUSMAN","370","13TH CONGRESS","CAPITAL 094","828","12","REPUBLICAN","23"
"83","0","SANGAMON","685","JESSE REISING","370","13TH CONGRESS","CAPITAL 097","665","12","REPUBLICAN","26"
"83","0","SANGAMON","675","REGAN DEERING","370","13TH CONGRESS","CAPITAL 097","665","12","REPUBLICAN","44"
"83","0","SANGAMON","690","TERRY MARTIN","370","13TH CONGRESS","CAPITAL 097","665","12","REPUBLICAN","3"
"83","0","SANGAMON","680","MATT HAUSMAN","370","13TH CONGRESS","CAPITAL 097","665","12","REPUBLICAN","11"
"83","0","SANGAMON","690","TERRY MARTIN","370","13TH CONGRESS","CAPITAL 100","802","12","REPUBLICAN","15"
"83","0","SANGAMON","685","JESSE REISING","370","13TH CONGRESS","CAPITAL 100","802","12","REPUBLICAN","38"
"83","0","SANGAMON","675","REGAN DEERING","370","13TH CONGRESS","CAPITAL 100","802","12","REPUBLICAN","53"
"83","0","SANGAMON","680","MATT HAUSMAN","370","13TH CONGRESS","CAPITAL 100","802","12","REPUBLICAN","25"
"83","0","SANGAMON","690","TERRY MARTIN","370","13TH CONGRESS","CURRAN 001","536","12","REPUBLICAN","0"
"83","0","SANGAMON","680","MATT HAUSMAN","370","13TH CONGRESS","CURRAN 001","536","12","REPUBLICAN","0"
"83","0","SANGAMON","685","JESSE REISING","370","13TH CONGRESS","CURRAN 001","536","12","REPUBLICAN","0"
"83","0","SANGAMON","675","REGAN DEERING","370","13TH CONGRESS","CURRAN 001","536","12","REPUBLICAN","0"
"83","0","SANGAMON","685","JESSE REISING","370","13TH CONGRESS","PAWNEE 002","816","12","REPUBLICAN","38"
"83","0","SANGAMON","675","REGAN DEERING","370","13TH CONGRESS","PAWNEE 002","816","12","REPUBLICAN","64"
"83","0","SANGAMON","690","TERRY MARTIN","370","13TH CONGRESS","PAWNEE 002","816","12","REPUBLICAN","20"
"83","0","SANGAMON","680","MATT HAUSMAN","370","13TH CONGRESS","PAWNEE 002","816","12","REPUBLICAN","35"
"83","0","SANGAMON","690","TERRY MARTIN","370","13TH CONGRESS","ROCHESTER 002","681","12","REPUBLICAN","10"
"83","0","SANGAMON","685","JESSE REISING","370","13TH CONGRESS","ROCHESTER 002","681","12","REPUBLICAN","37"
"83","0","SANGAMON","675","REGAN DEERING","370","13TH CONGRESS","ROCHESTER 002","681","12","REPUBLICAN","46"
"83","0","SANGAMON","680","MATT HAUSMAN","370","13TH CONGRESS","ROCHESTER 002","681","12","REPUBLICAN","21"
"83","0","SANGAMON","690","TERRY MARTIN","370","13TH CONGRESS","ROCHESTER 005","912","12","REPUBLICAN","17"
"83","0","SANGAMON","680","MATT HAUSMAN","370","13TH CONGRESS","ROCHESTER 005","912","12","REPUBLICAN","25"
"83","0","SANGAMON","685","JESSE REISING","370","13TH CONGRESS","ROCHESTER 005","912","12","REPUBLICAN","28"
"83","0","SANGAMON","675","REGAN DEERING","370","13TH CONGRESS","ROCHESTER 005","912","12","REPUBLICAN","66"
"83","0","SANGAMON","690","TERRY MARTIN","370","13TH CONGRESS","SPRINGFIELD 003","564","12","REPUBLICAN","3"
"83","0","SANGAMON","680","MATT HAUSMAN","370","13TH CONGRESS","SPRINGFIELD 003","564","12","REPUBLICAN","13"
"83","0","SANGAMON","685","JESSE REISING","370","13TH CONGRESS","SPRINGFIELD 003","564","12","REPUBLICAN","23"
"83","0","SANGAMON","675","REGAN DEERING","370","13TH CONGRESS","SPRINGFIELD 003","564","12","REPUBLICAN","25"
"83","0","SANGAMON","675","REGAN DEERING","370","13TH CONGRESS","CAPITAL 088","596","12","REPUBLICAN","12"
"83","0","SANGAMON","690","TERRY MARTIN","370","13TH CONGRESS","CAPITAL 088","596","12","REPUBLICAN","2"
"83","0","SANGAMON","680","MATT HAUSMAN","370","13TH CONGRESS","CAPITAL 088","596","12","REPUBLICAN","7"
"83","0","SANGAMON","690","TERRY MARTIN","370","13TH CONGRESS","BALL 004","1252","12","REPUBLICAN","16"
"83","0","SANGAMON","685","JESSE REISING","370","13TH CONGRESS","BALL 004","1252","12","REPUBLICAN","29"
"83","0","SANGAMON","675","REGAN DEERING","370","13TH CONGRESS","BALL 004","1252","12","REPUBLICAN","40"
"83","0","SANGAMON","680","MATT HAUSMAN","370","13TH CONGRESS","BALL 004","1252","12","REPUBLICAN","18"
"83","0","SANGAMON","685","JESSE REISING","370","13TH CONGRESS","CHATHAM 003","1035","12","REPUBLICAN","36"
"83","0","SANGAMON","690","TERRY MARTIN","370","13TH CONGRESS","CHATHAM 003","1035","12","REPUBLICAN","7"
"83","0","SANGAMON","680","MATT HAUSMAN","370","13TH CONGRESS","CHATHAM 003","1035","12","REPUBLICAN","26"
"83","0","SANGAMON","675","REGAN DEERING","370","13TH CONGRESS","CHATHAM 003","1035","12","REPUBLICAN","27"
"57","0","MADISON","695","NIKKI BUDZINSKI","370","13TH CONGRESS","FORT RUSSELL 05","435","11","DEMOCRATIC","10"
"57","0","MADISON","700","DAVID PALMER","370","13TH CONGRESS","FORT RUSSELL 05","435","11","DEMOCRATIC","4"
"57","0","MADISON","695","NIKKI BUDZINSKI","370","13TH CONGRESS","NAMEOKI 08","881","11","DEMOCRATIC","21"
"57","0","MADISON","700","DAVID PALMER","370","13TH CONGRESS","NAMEOKI 08","881","11","DEMOCRATIC","6"
"57","0","MADISON","695","NIKKI BUDZINSKI","370","13TH CONGRESS","CHOUTEAU 01","797","11","DEMOCRATIC","31"
"57","0","MADISON","700","DAVID PALMER","370","13TH CONGRESS","CHOUTEAU 01","797","11","DEMOCRATIC","13"
"57","0","MADISON","695","NIKKI BUDZINSKI","370","13TH CONGRESS","CHOUTEAU 04","583","11","DEMOCRATIC","21"
"57","0","MADISON","700","DAVID PALMER","370","13TH CONGRESS","CHOUTEAU 04","583","11","DEMOCRATIC","9"
"57","0","MADISON","695","NIKKI BUDZINSKI","370","13TH CONGRESS","WOOD RIVER 20","737","11","DEMOCRATIC","31"
"57","0","MADISON","700","DAVID PALMER","370","13TH CONGRESS","WOOD RIVER 20","737","11","DEMOCRATIC","8"
"57","0","MADISON","695","NIKKI BUDZINSKI","370","13TH CONGRESS","VENICE 03","1017","11","DEMOCRATIC","196"
"57","0","MADISON","700","DAVID PALMER","370","13TH CONGRESS","VENICE 03","1017","11","DEMOCRATIC","55"
"57","0","MADISON","695","NIKKI BUDZINSKI","370","13TH CONGRESS","ALTON 12","1028","11","DEMOCRATIC","88"
"57","0","MADISON","700","DAVID PALMER","370","13TH CONGRESS","ALTON 12","1028","11","DEMOCRATIC","18"
"57","0","MADISON","700","DAVID PALMER","370","13TH CONGRESS","ALTON 15","839","11","DEMOCRATIC","15"
"57","0","MADISON","695","NIKKI BUDZINSKI","370","13TH CONGRESS","ALTON 15","839","11","DEMOCRATIC","74"
"57","0","MADISON","695","NIKKI BUDZINSKI","370","13TH CONGRESS","GODFREY 02","558","11","DEMOCRATIC","15"
"57","0","MADISON","700","DAVID PALMER","370","13TH CONGRESS","GODFREY 02","558","11","DEMOCRATIC","8"
"57","0","MADISON","700","DAVID PALMER","370","13TH CONGRESS","NAMEOKI 05","534","11","DEMOCRATIC","7"
"57","0","MADISON","700","DAVID PALMER","370","13TH CONGRESS","WOOD RIVER 08","918","11","DEMOCRATIC","20"
"57","0","MADISON","695","NIKKI BUDZINSKI","370","13TH CONGRESS","WOOD RIVER 08","918","11","DEMOCRATIC","41"
"57","0","MADISON","695","NIKKI BUDZINSKI","370","13TH CONGRESS","WOOD RIVER 11","853","11","DEMOCRATIC","35"
"57","0","MADISON","700","DAVID PALMER","370","13TH CONGRESS","WOOD RIVER 11","853","11","DEMOCRATIC","5"
"57","0","MADISON","695","NIKKI BUDZINSKI","370","13TH CONGRESS","WOOD RIVER 14","1060","11","DEMOCRATIC","60"
"57","0","MADISON","700","DAVID PALMER","370","13TH CONGRESS","WOOD RIVER 14","1060","11","DEMOCRATIC","7"
"57","0","MADISON","695","NIKKI BUDZINSKI","370","13TH CONGRESS","WOOD RIVER 17","714","11","DEMOCRATIC","14"
"57","0","MADISON","700","DAVID PALMER","370","13TH CONGRESS","WOOD RIVER 17","714","11","DEMOCRATIC","9"
"57","0","MADISON","695","NIKKI BUDZINSKI","370","13TH CONGRESS","FOSTER 01","948","11","DEMOCRATIC","49"
"57","0","MADISON","700","DAVID PALMER","370","13TH CONGRESS","FOSTER 01","948","11","DEMOCRATIC","14"
"57","0","MADISON","700","DAVID PALMER","370","13TH CONGRESS","GRANITE CITY 10","999","11","DEMOCRATIC","13"
"57","0","MADISON","695","NIKKI BUDZINSKI","370","13TH CONGRESS","GRANITE CITY 10","999","11","DEMOCRATIC","55"
"57","0","MADISON","695","NIKKI BUDZINSKI","370","13TH CONGRESS","GRANITE CITY 13","992","11","DEMOCRATIC","45"
"57","0","MADISON","700","DAVID PALMER","370","13TH CONGRESS","GRANITE CITY 13","992","11","DEMOCRATIC","9"
"57","0","MADISON","695","NIKKI BUDZINSKI","370","13TH CONGRESS","GRANITE CITY 16","1121","11","DEMOCRATIC","41"
"57","0","MADISON","700","DAVID PALMER","370","13TH CONGRESS","GRANITE CITY 16","1121","11","DEMOCRATIC","19"
"57","0","MADISON","695","NIKKI BUDZINSKI","370","13TH CONGRESS","ALTON 03","945","11","DEMOCRATIC","6"
"57","0","MADISON","700","DAVID PALMER","370","13TH CONGRESS","ALTON 03","945","11","DEMOCRATIC","1"
"57","0","MADISON","695","NIKKI BUDZINSKI","370","13TH CONGRESS","ALTON 06","928","11","DEMOCRATIC","51"
"57","0","MADISON","700","DAVID PALMER","370","13TH CONGRESS","ALTON 06","928","11","DEMOCRATIC","14"
"57","0","MADISON","695","NIKKI BUDZINSKI","370","13TH CONGRESS","ALTON 09","1070","11","DEMOCRATIC","65"
"57","0","MADISON","680","MATT HAUSMAN","370","13TH CONGRESS","VENICE 02","423","12","REPUBLICAN","7"
"57","0","MADISON","675","REGAN DEERING","370","13TH CONGRESS","ALTON 08","1033","12","REPUBLICAN","11"
"57","0","MADISON","690","TERRY MARTIN","370","13TH CONGRESS","ALTON 08","1033","12","REPUBLICAN","7"
"57","0","MADISON","685","JESSE REISING","370","13TH CONGRESS","ALTON 08","1033","12","REPUBLICAN","9"
"57","0","MADISON","680","MATT HAUSMAN","370","13TH CONGRESS","ALTON 08","1033","12","REPUBLICAN","14"
"57","0","MADISON","675","REGAN DEERING","370","13TH CONGRESS","ALTON 11","940","12","REPUBLICAN","12"
"57","0","MADISON","690","TERRY MARTIN","370","13TH CONGRESS","ALTON 11","940","12","REPUBLICAN","4"
"57","0","MADISON","685","JESSE REISING","370","13TH CONGRESS","ALTON 11","940","12","REPUBLICAN","10"
"57","0","MADISON","680","MATT HAUSMAN","370","13TH CONGRESS","ALTON 11","940","12","REPUBLICAN","18"
"57","0","MADISON","690","TERRY MARTIN","370","13TH CONGRESS","ALTON 14","1090","12","REPUBLICAN","10"
"57","0","MADISON","685","JESSE REISING","370","13TH CONGRESS","ALTON 14","1090","12","REPUBLICAN","42"
"57","0","MADISON","675","REGAN DEERING","370","13TH CONGRESS","ALTON 14","1090","12","REPUBLICAN","37"
"57","0","MADISON","680","MATT HAUSMAN","370","13TH CONGRESS","ALTON 14","1090","12","REPUBLICAN","34"
"57","0","MADISON","675","REGAN DEERING","370","13TH CONGRESS","COLLINSVILLE 04","1007","12","REPUBLICAN","20"
"57","0","MADISON","690","TERRY MARTIN","370","13TH CONGRESS","COLLINSVILLE 04","1007","12","REPUBLICAN","8"
"57","0","MADISON","685","JESSE REISING","370","13TH CONGRESS","COLLINSVILLE 04","1007","12","REPUBLICAN","19"
"57","0","MADISON","680","MATT HAUSMAN","370","13TH CONGRESS","COLLINSVILLE 04","1007","12","REPUBLICAN","18"
"57","0","MADISON","675","REGAN DEERING","370","13TH CONGRESS","COLLINSVILLE 07","1081","12","REPUBLICAN","48"
"57","0","MADISON","690","TERRY MARTIN","370","13TH CONGRESS","COLLINSVILLE 07","1081","12","REPUBLICAN","10"
"57","0","MADISON","685","JESSE REISING","370","13TH CONGRESS","COLLINSVILLE 07","1081","12","REPUBLICAN","43"
"57","0","MADISON","680","MATT HAUSMAN","370","13TH CONGRESS","COLLINSVILLE 07","1081","12","REPUBLICAN","45"
"57","0","MADISON","690","TERRY MARTIN","370","13TH CONGRESS","COLLINSVILLE 10","1116","12","REPUBLICAN","14"
"57","0","MADISON","685","JESSE REISING","370","13TH CONGRESS","COLLINSVILLE 10","1116","12","REPUBLICAN","54"
"57","0","MADISON","675","REGAN DEERING","370","13TH CONGRESS","COLLINSVILLE 10","1116","12","REPUBLICAN","47"
"57","0","MADISON","680","MATT HAUSMAN","370","13TH CONGRESS","COLLINSVILLE 10","1116","12","REPUBLICAN","34"
"57","0","MADISON","675","REGAN DEERING","370","13TH CONGRESS","COLLINSVILLE 13","802","12","REPUBLICAN","20"
"57","0","MADISON","680","MATT HAUSMAN","370","13TH CONGRESS","COLLINSVILLE 13","802","12","REPUBLICAN","17"
"57","0","MADISON","690","TERRY MARTIN","370","13TH CONGRESS","COLLINSVILLE 13","802","12","REPUBLICAN","5"
"57","0","MADISON","685","JESSE REISING","370","13TH CONGRESS","COLLINSVILLE 13","802","12","REPUBLICAN","18"
"57","0","MADISON","675","REGAN DEERING","370","13TH CONGRESS","EDWARDSVILLE 03","1049","12","REPUBLICAN","23"
"57","0","MADISON","680","MATT HAUSMAN","370","13TH CONGRESS","EDWARDSVILLE 03","1049","12","REPUBLICAN","22"
"57","0","MADISON","690","TERRY MARTIN","370","13TH CONGRESS","EDWARDSVILLE 03","1049","12","REPUBLICAN","5"
"57","0","MADISON","685","JESSE REISING","370","13TH CONGRESS","EDWARDSVILLE 03","1049","12","REPUBLICAN","37"
"57","0","MADISON","675","REGAN DEERING","370","13TH CONGRESS","EDWARDSVILLE 26","757","12","REPUBLICAN","31"
"57","0","MADISON","680","MATT HAUSMAN","370","13TH CONGRESS","EDWARDSVILLE 26","757","12","REPUBLICAN","14"
"57","0","MADISON","690","TERRY MARTIN","370","13TH CONGRESS","EDWARDSVILLE 26","757","12","REPUBLICAN","13"
"57","0","MADISON","685","JESSE REISING","370","13TH CONGRESS","EDWARDSVILLE 26","757","12","REPUBLICAN","18"
"57","0","MADISON","675","REGAN DEERING","370","13TH CONGRESS","NAMEOKI 02","427","12","REPUBLICAN","5"
"57","0","MADISON","680","MATT HAUSMAN","370","13TH CONGRESS","NAMEOKI 02","427","12","REPUBLICAN","5"
"57","0","MADISON","690","TERRY MARTIN","370","13TH CONGRESS","NAMEOKI 02","427","12","REPUBLICAN","2"
"83","0","SANGAMON","685","JESSE REISING","370","13TH CONGRESS","MECHANICSBURG 003","533","12","REPUBLICAN","39"
"83","0","SANGAMON","675","REGAN DEERING","370","13TH CONGRESS","MECHANICSBURG 003","533","12","REPUBLICAN","17"
"83","0","SANGAMON","690","TERRY MARTIN","370","13TH CONGRESS","MECHANICSBURG 003","533","12","REPUBLICAN","10"
"83","0","SANGAMON","680","MATT HAUSMAN","370","13TH CONGRESS","MECHANICSBURG 003","533","12","REPUBLICAN","12"
"83","0","SANGAMON","690","TERRY MARTIN","370","13TH CONGRESS","WOODSIDE 002","280","12","REPUBLICAN","1"
"83","0","SANGAMON","685","JESSE REISING","370","13TH CONGRESS","WOODSIDE 002","280","12","REPUBLICAN","13"
"83","0","SANGAMON","675","REGAN DEERING","370","13TH CONGRESS","WOODSIDE 002","280","12","REPUBLICAN","10"
"83","0","SANGAMON","680","MATT HAUSMAN","370","13TH CONGRESS","WOODSIDE 002","280","12","REPUBLICAN","6"
"83","0","SANGAMON","690","TERRY MARTIN","370","13TH CONGRESS","WOODSIDE 005","776","12","REPUBLICAN","5"
"83","0","SANGAMON","685","JESSE REISING","370","13TH CONGRESS","WOODSIDE 005","776","12","REPUBLICAN","25"
"83","0","SANGAMON","675","REGAN DEERING","370","13TH CONGRESS","WOODSIDE 005","776","12","REPUBLICAN","24"
"83","0","SANGAMON","680","MATT HAUSMAN","370","13TH CONGRESS","WOODSIDE 005","776","12","REPUBLICAN","11"
"83","0","SANGAMON","685","JESSE REISING","370","13TH CONGRESS","WOODSIDE 008","810","12","REPUBLICAN","20"
"83","0","SANGAMON","675","REGAN DEERING","370","13TH CONGRESS","WOODSIDE 008","810","12","REPUBLICAN","32"
"83","0","SANGAMON","690","TERRY MARTIN","370","13TH CONGRESS","WOODSIDE 008","810","12","REPUBLICAN","11"
"83","0","SANGAMON","680","MATT HAUSMAN","370","13TH CONGRESS","WOODSIDE 008","810","12","REPUBLICAN","10"
"83","0","SANGAMON","685","JESSE REISING","370","13TH CONGRESS","WOODSIDE 011","481","12","REPUBLICAN","19"
"83","0","SANGAMON","675","REGAN DEERING","370","13TH CONGRESS","WOODSIDE 011","481","12","REPUBLICAN","20"
"83","0","SANGAMON","690","TERRY MARTIN","370","13TH CONGRESS","WOODSIDE 011","481","12","REPUBLICAN","5"
"83","0","SANGAMON","680","MATT HAUSMAN","370","13TH CONGRESS","WOODSIDE 011","481","12","REPUBLICAN","15"
"83","0","SANGAMON","680","MATT HAUSMAN","370","13TH CONGRESS","CAPITAL 002","712","12","REPUBLICAN","9"
"83","0","SANGAMON","685","JESSE REISING","370","13TH CONGRESS","CAPITAL 002","712","12","REPUBLICAN","20"
"83","0","SANGAMON","675","REGAN DEERING","370","13TH CONGRESS","CAPITAL 002","712","12","REPUBLICAN","25"
"83","0","SANGAMON","690","TERRY MARTIN","370","13TH CONGRESS","CAPITAL 002","712","12","REPUBLICAN","5"
"83","0","SANGAMON","685","JESSE REISING","370","13TH CONGRESS","CAPITAL 022","1197","12","REPUBLICAN","87"
"83","0","SANGAMON","675","REGAN DEERING","370","13TH CONGRESS","CAPITAL 022","1197","12","REPUBLICAN","60"
"83","0","SANGAMON","690","TERRY MARTIN","370","13TH CONGRESS","CAPITAL 022","1197","12","REPUBLICAN","13"
"83","0","SANGAMON","680","MATT HAUSMAN","370","13TH CONGRESS","CAPITAL 022","1197","12","REPUBLICAN","29"
"83","0","SANGAMON","685","JESSE REISING","370","13TH CONGRESS","CAPITAL 025","974","12","REPUBLICAN","24"
"83","0","SANGAMON","675","REGAN DEERING","370","13TH CONGRESS","CAPITAL 025","974","12","REPUBLICAN","28"
"83","0","SANGAMON","690","TERRY MARTIN","370","13TH CONGRESS","CAPITAL 025","974","12","REPUBLICAN","5"
"83","0","SANGAMON","680","MATT HAUSMAN","370","13TH CONGRESS","CAPITAL 025","974","12","REPUBLICAN","13"
"83","0","SANGAMON","685","JESSE REISING","370","13TH CONGRESS","CAPITAL 028","791","12","REPUBLICAN","39"
"83","0","SANGAMON","675","REGAN DEERING","370","13TH CONGRESS","CAPITAL 028","791","12","REPUBLICAN","37"
"83","0","SANGAMON","690","TERRY MARTIN","370","13TH CONGRESS","CAPITAL 028","791","12","REPUBLICAN","10"
"83","0","SANGAMON","680","MATT HAUSMAN","370","13TH CONGRESS","CAPITAL 028","791","12","REPUBLICAN","13"
"83","0","SANGAMON","685","JESSE REISING","370","13TH CONGRESS","CAPITAL 031","552","12","REPUBLICAN","35"
"83","0","SANGAMON","675","REGAN DEERING","370","13TH CONGRESS","CAPITAL 031","552","12","REPUBLICAN","29"
"83","0","SANGAMON","690","TERRY MARTIN","370","13TH CONGRESS","CAPITAL 031","552","12","REPUBLICAN","4"
"10","0","CHAMPAIGN","700","DAVID PALMER","370","13TH CONGRESS","CITY OF CHAMPAIGN 07","1210","11","DEMOCRATIC","11"
"10","0","CHAMPAIGN","0","Over Votes","370","13TH CONGRESS","CITY OF CHAMPAIGN 07","1210","11","DEMOCRATIC","0"
"10","0","CHAMPAIGN","0","Under Votes","370","13TH CONGRESS","CITY OF CHAMPAIGN 07","1210","11","DEMOCRATIC","2"
"10","0","CHAMPAIGN","695","NIKKI BUDZINSKI","370","13TH CONGRESS","CITY OF CHAMPAIGN 10","964","11","DEMOCRATIC","50"
"10","0","CHAMPAIGN","700","DAVID PALMER","370","13TH CONGRESS","CITY OF CHAMPAIGN 10","964","11","DEMOCRATIC","25"
"10","0","CHAMPAIGN","0","Over Votes","370","13TH CONGRESS","CITY OF CHAMPAIGN 10","964","11","DEMOCRATIC","0"
"10","0","CHAMPAIGN","0","Under Votes","370","13TH CONGRESS","CITY OF CHAMPAIGN 10","964","11","DEMOCRATIC","3"
"10","0","CHAMPAIGN","0","Over Votes","370","13TH CONGRESS","CITY OF CHAMPAIGN 20","939","11","DEMOCRATIC","0"
"10","0","CHAMPAIGN","0","Under Votes","370","13TH CONGRESS","CITY OF CHAMPAIGN 20","939","11","DEMOCRATIC","6"
"10","0","CHAMPAIGN","695","NIKKI BUDZINSKI","370","13TH CONGRESS","CITY OF CHAMPAIGN 20","939","11","DEMOCRATIC","191"
"10","0","CHAMPAIGN","700","DAVID PALMER","370","13TH CONGRESS","CITY OF CHAMPAIGN 20","939","11","DEMOCRATIC","100"
"10","0","CHAMPAIGN","695","NIKKI BUDZINSKI","370","13TH CONGRESS","CITY OF CHAMPAIGN 23","496","11","DEMOCRATIC","64"
"10","0","CHAMPAIGN","700","DAVID PALMER","370","13TH CONGRESS","CITY OF CHAMPAIGN 23","496","11","DEMOCRATIC","40"
"10","0","CHAMPAIGN","0","Over Votes","370","13TH CONGRESS","CITY OF CHAMPAIGN 23","496","11","DEMOCRATIC","0"
"10","0","CHAMPAIGN","0","Under Votes","370","13TH CONGRESS","CITY OF CHAMPAIGN 23","496","11","DEMOCRATIC","4"
"10","0","CHAMPAIGN","695","NIKKI BUDZINSKI","370","13TH CONGRESS","CITY OF CHAMPAIGN 36","1058","11","DEMOCRATIC","108"
"10","0","CHAMPAIGN","700","DAVID PALMER","370","13TH CONGRESS","CITY OF CHAMPAIGN 36","1058","11","DEMOCRATIC","50"
"10","0","CHAMPAIGN","0","Over Votes","370","13TH CONGRESS","CITY OF CHAMPAIGN 36","1058","11","DEMOCRATIC","0"
"10","0","CHAMPAIGN","0","Under Votes","370","13TH CONGRESS","CITY OF CHAMPAIGN 36","1058","11","DEMOCRATIC","4"
"10","0","CHAMPAIGN","695","NIKKI BUDZINSKI","370","13TH CONGRESS","CITY OF CHAMPAIGN 39","1644","11","DEMOCRATIC","126"
"10","0","CHAMPAIGN","700","DAVID PALMER","370","13TH CONGRESS","CITY OF CHAMPAIGN 39","1644","11","DEMOCRATIC","55"
"10","0","CHAMPAIGN","0","Over Votes","370","13TH CONGRESS","CITY OF CHAMPAIGN 39","1644","11","DEMOCRATIC","1"
"10","0","CHAMPAIGN","695","NIKKI BUDZINSKI","370","13TH CONGRESS","CHAMPAIGN 1","223","11","DEMOCRATIC","10"
"10","0","CHAMPAIGN","700","DAVID PALMER","370","13TH CONGRESS","CHAMPAIGN 1","223","11","DEMOCRATIC","10"
"10","0","CHAMPAIGN","0","Over Votes","370","13TH CONGRESS","CHAMPAIGN 1","223","11","DEMOCRATIC","0"
"10","0","CHAMPAIGN","0","Under Votes","370","13TH CONGRESS","CHAMPAIGN 1","223","11","DEMOCRATIC","0"
"10","0","CHAMPAIGN","695","NIKKI BUDZINSKI","370","13TH CONGRESS","CITY OF CHAMPAIGN 09","1421","11","DEMOCRATIC","41"
"10","0","CHAMPAIGN","700","DAVID PALMER","370","13TH CONGRESS","CITY OF CHAMPAIGN 09","1421","11","DEMOCRATIC","52"
"10","0","CHAMPAIGN","0","Under Votes","370","13TH CONGRESS","CITY OF CHAMPAIGN 09","1421","11","DEMOCRATIC","2"
"10","0","CHAMPAIGN","0","Over Votes","370","13TH CONGRESS","CITY OF CHAMPAIGN 09","1421","11","DEMOCRATIC","0"
"10","0","CHAMPAIGN","695","NIKKI BUDZINSKI","370","13TH CONGRESS","CITY OF CHAMPAIGN 22","414","11","DEMOCRATIC","60"
"10","0","CHAMPAIGN","700","DAVID PALMER","370","13TH CONGRESS","CITY OF CHAMPAIGN 22","414","11","DEMOCRATIC","29"
"10","0","CHAMPAIGN","0","Over Votes","370","13TH CONGRESS","CITY OF CHAMPAIGN 22","414","11","DEMOCRATIC","0"
"10","0","CHAMPAIGN","0","Under Votes","370","13TH CONGRESS","CITY OF CHAMPAIGN 22","414","11","DEMOCRATIC","1"
"10","0","CHAMPAIGN","695","NIKKI BUDZINSKI","370","13TH CONGRESS","CITY OF CHAMPAIGN 25","728","11","DEMOCRATIC","90"
"10","0","CHAMPAIGN","700","DAVID PALMER","370","13TH CONGRESS","CITY OF CHAMPAIGN 25","728","11","DEMOCRATIC","42"
"10","0","CHAMPAIGN","0","Under Votes","370","13TH CONGRESS","CITY OF CHAMPAIGN 25","728","11","DEMOCRATIC","3"
"10","0","CHAMPAIGN","0","Over Votes","370","13TH CONGRESS","CITY OF CHAMPAIGN 25","728","11","DEMOCRATIC","0"
"57","0","MADISON","700","DAVID PALMER","370","13TH CONGRESS","ALTON 09","1070","11","DEMOCRATIC","22"
"57","0","MADISON","695","NIKKI BUDZINSKI","370","13TH CONGRESS","COLLINSVILLE 19","618","11","DEMOCRATIC","27"
"57","0","MADISON","700","DAVID PALMER","370","13TH CONGRESS","COLLINSVILLE 19","618","11","DEMOCRATIC","7"
"57","0","MADISON","695","NIKKI BUDZINSKI","370","13TH CONGRESS","COLLINSVILLE 22","829","11","DEMOCRATIC","64"
"57","0","MADISON","700","DAVID PALMER","370","13TH CONGRESS","COLLINSVILLE 22","829","11","DEMOCRATIC","16"
"57","0","MADISON","695","NIKKI BUDZINSKI","370","13TH CONGRESS","COLLINSVILLE 25","954","11","DEMOCRATIC","47"
"57","0","MADISON","700","DAVID PALMER","370","13TH CONGRESS","COLLINSVILLE 25","954","11","DEMOCRATIC","16"
"57","0","MADISON","695","NIKKI BUDZINSKI","370","13TH CONGRESS","EDWARDSVILLE 06","1015","11","DEMOCRATIC","78"
"57","0","MADISON","700","DAVID PALMER","370","13TH CONGRESS","EDWARDSVILLE 06","1015","11","DEMOCRATIC","16"
"57","0","MADISON","695","NIKKI BUDZINSKI","370","13TH CONGRESS","EDWARDSVILLE 09","636","11","DEMOCRATIC","85"
"57","0","MADISON","700","DAVID PALMER","370","13TH CONGRESS","EDWARDSVILLE 09","636","11","DEMOCRATIC","5"
"57","0","MADISON","700","DAVID PALMER","370","13TH CONGRESS","WOOD RIVER 05","799","11","DEMOCRATIC","10"
"57","0","MADISON","695","NIKKI BUDZINSKI","370","13TH CONGRESS","WOOD RIVER 05","799","11","DEMOCRATIC","30"
"57","0","MADISON","700","DAVID PALMER","370","13TH CONGRESS","GRANITE CITY 01","775","11","DEMOCRATIC","9"
"57","0","MADISON","695","NIKKI BUDZINSKI","370","13TH CONGRESS","GRANITE CITY 01","775","11","DEMOCRATIC","37"
"57","0","MADISON","700","DAVID PALMER","370","13TH CONGRESS","GRANITE CITY 04","1128","11","DEMOCRATIC","22"
"57","0","MADISON","695","NIKKI BUDZINSKI","370","13TH CONGRESS","GRANITE CITY 04","1128","11","DEMOCRATIC","73"
"57","0","MADISON","700","DAVID PALMER","370","13TH CONGRESS","GRANITE CITY 07","1023","11","DEMOCRATIC","15"
"57","0","MADISON","695","NIKKI BUDZINSKI","370","13TH CONGRESS","GRANITE CITY 07","1023","11","DEMOCRATIC","43"
"57","0","MADISON","700","DAVID PALMER","370","13TH CONGRESS","ALTON 17","1083","11","DEMOCRATIC","25"
"57","0","MADISON","695","NIKKI BUDZINSKI","370","13TH CONGRESS","ALTON 17","1083","11","DEMOCRATIC","74"
"57","0","MADISON","0","Under Votes","370","13TH CONGRESS","","0","11","DEMOCRATIC","611"
"57","0","MADISON","0","Over Votes","370","13TH CONGRESS","","0","11","DEMOCRATIC","6"
"57","0","MADISON","695","NIKKI BUDZINSKI","370","13TH CONGRESS","NAMEOKI 07","886","11","DEMOCRATIC","43"
"57","0","MADISON","700","DAVID PALMER","370","13TH CONGRESS","CHOUTEAU 03","504","11","DEMOCRATIC","2"
"57","0","MADISON","695","NIKKI BUDZINSKI","370","13TH CONGRESS","CHOUTEAU 03","504","11","DEMOCRATIC","20"
"57","0","MADISON","700","DAVID PALMER","370","13TH CONGRESS","WOOD RIVER 16","1058","11","DEMOCRATIC","6"
"57","0","MADISON","695","NIKKI BUDZINSKI","370","13TH CONGRESS","WOOD RIVER 16","1058","11","DEMOCRATIC","35"
"57","0","MADISON","700","DAVID PALMER","370","13TH CONGRESS","WOOD RIVER 19","1072","11","DEMOCRATIC","12"
"57","0","MADISON","695","NIKKI BUDZINSKI","370","13TH CONGRESS","WOOD RIVER 19","1072","11","DEMOCRATIC","51"
"57","0","MADISON","695","NIKKI BUDZINSKI","370","13TH CONGRESS","VENICE 02","423","11","DEMOCRATIC","21"
"57","0","MADISON","700","DAVID PALMER","370","13TH CONGRESS","VENICE 02","423","11","DEMOCRATIC","8"
"57","0","MADISON","695","NIKKI BUDZINSKI","370","13TH CONGRESS","ALTON 08","1033","11","DEMOCRATIC","39"
"57","0","MADISON","700","DAVID PALMER","370","13TH CONGRESS","ALTON 08","1033","11","DEMOCRATIC","11"
"57","0","MADISON","695","NIKKI BUDZINSKI","370","13TH CONGRESS","ALTON 11","940","11","DEMOCRATIC","87"
"57","0","MADISON","700","DAVID PALMER","370","13TH CONGRESS","ALTON 11","940","11","DEMOCRATIC","22"
"57","0","MADISON","700","DAVID PALMER","370","13TH CONGRESS","ALTON 14","1090","11","DEMOCRATIC","18"
"57","0","MADISON","695","NIKKI BUDZINSKI","370","13TH CONGRESS","ALTON 14","1090","11","DEMOCRATIC","42"
"57","0","MADISON","700","DAVID PALMER","370","13TH CONGRESS","COLLINSVILLE 21","1046","11","DEMOCRATIC","17"
"57","0","MADISON","695","NIKKI BUDZINSKI","370","13TH CONGRESS","COLLINSVILLE 21","1046","11","DEMOCRATIC","47"
"57","0","MADISON","685","JESSE REISING","370","13TH CONGRESS","NAMEOKI 02","427","12","REPUBLICAN","6"
"57","0","MADISON","675","REGAN DEERING","370","13TH CONGRESS","NAMEOKI 05","534","12","REPUBLICAN","15"
"57","0","MADISON","680","MATT HAUSMAN","370","13TH CONGRESS","NAMEOKI 05","534","12","REPUBLICAN","19"
"57","0","MADISON","690","TERRY MARTIN","370","13TH CONGRESS","NAMEOKI 05","534","12","REPUBLICAN","5"
"57","0","MADISON","685","JESSE REISING","370","13TH CONGRESS","NAMEOKI 05","534","12","REPUBLICAN","31"
"57","0","MADISON","675","REGAN DEERING","370","13TH CONGRESS","WOOD RIVER 08","918","12","REPUBLICAN","28"
"57","0","MADISON","680","MATT HAUSMAN","370","13TH CONGRESS","WOOD RIVER 08","918","12","REPUBLICAN","31"
"57","0","MADISON","690","TERRY MARTIN","370","13TH CONGRESS","WOOD RIVER 08","918","12","REPUBLICAN","3"
"57","0","MADISON","685","JESSE REISING","370","13TH CONGRESS","WOOD RIVER 08","918","12","REPUBLICAN","15"
"57","0","MADISON","675","REGAN DEERING","370","13TH CONGRESS","WOOD RIVER 11","853","12","REPUBLICAN","19"
"57","0","MADISON","680","MATT HAUSMAN","370","13TH CONGRESS","WOOD RIVER 11","853","12","REPUBLICAN","17"
"57","0","MADISON","690","TERRY MARTIN","370","13TH CONGRESS","WOOD RIVER 11","853","12","REPUBLICAN","7"
"57","0","MADISON","685","JESSE REISING","370","13TH CONGRESS","WOOD RIVER 11","853","12","REPUBLICAN","18"
"57","0","MADISON","675","REGAN DEERING","370","13TH CONGRESS","WOOD RIVER 14","1060","12","REPUBLICAN","41"
"57","0","MADISON","680","MATT HAUSMAN","370","13TH CONGRESS","WOOD RIVER 14","1060","12","REPUBLICAN","43"
"57","0","MADISON","690","TERRY MARTIN","370","13TH CONGRESS","WOOD RIVER 14","1060","12","REPUBLICAN","10"
"57","0","MADISON","690","TERRY MARTIN","370","13TH CONGRESS","CHOUTEAU 01","797","12","REPUBLICAN","11"
"57","0","MADISON","675","REGAN DEERING","370","13TH CONGRESS","CHOUTEAU 04","583","12","REPUBLICAN","28"
"57","0","MADISON","680","MATT HAUSMAN","370","13TH CONGRESS","CHOUTEAU 04","583","12","REPUBLICAN","43"
"57","0","MADISON","690","TERRY MARTIN","370","13TH CONGRESS","CHOUTEAU 04","583","12","REPUBLICAN","14"
"57","0","MADISON","685","JESSE REISING","370","13TH CONGRESS","CHOUTEAU 04","583","12","REPUBLICAN","27"
"57","0","MADISON","675","REGAN DEERING","370","13TH CONGRESS","WOOD RIVER 20","737","12","REPUBLICAN","23"
"57","0","MADISON","680","MATT HAUSMAN","370","13TH CONGRESS","WOOD RIVER 20","737","12","REPUBLICAN","30"
"57","0","MADISON","685","JESSE REISING","370","13TH CONGRESS","WOOD RIVER 20","737","12","REPUBLICAN","25"
"57","0","MADISON","690","TERRY MARTIN","370","13TH CONGRESS","WOOD RIVER 20","737","12","REPUBLICAN","6"
"57","0","MADISON","675","REGAN DEERING","370","13TH CONGRESS","VENICE 03","1017","12","REPUBLICAN","3"
"57","0","MADISON","680","MATT HAUSMAN","370","13TH CONGRESS","VENICE 03","1017","12","REPUBLICAN","4"
"57","0","MADISON","685","JESSE REISING","370","13TH CONGRESS","VENICE 03","1017","12","REPUBLICAN","3"
"57","0","MADISON","690","TERRY MARTIN","370","13TH CONGRESS","VENICE 03","1017","12","REPUBLICAN","0"
"57","0","MADISON","675","REGAN DEERING","370","13TH CONGRESS","ALTON 12","1028","12","REPUBLICAN","28"
"57","0","MADISON","680","MATT HAUSMAN","370","13TH CONGRESS","ALTON 12","1028","12","REPUBLICAN","18"
"57","0","MADISON","685","JESSE REISING","370","13TH CONGRESS","ALTON 12","1028","12","REPUBLICAN","31"
"57","0","MADISON","690","TERRY MARTIN","370","13TH CONGRESS","ALTON 12","1028","12","REPUBLICAN","6"
"57","0","MADISON","675","REGAN DEERING","370","13TH CONGRESS","ALTON 15","839","12","REPUBLICAN","21"
"57","0","MADISON","680","MATT HAUSMAN","370","13TH CONGRESS","ALTON 15","839","12","REPUBLICAN","21"
"57","0","MADISON","685","JESSE REISING","370","13TH CONGRESS","ALTON 15","839","12","REPUBLICAN","27"
"57","0","MADISON","690","TERRY MARTIN","370","13TH CONGRESS","ALTON 15","839","12","REPUBLICAN","8"
"57","0","MADISON","675","REGAN DEERING","370","13TH CONGRESS","GODFREY 02","558","12","REPUBLICAN","20"
"57","0","MADISON","680","MATT HAUSMAN","370","13TH CONGRESS","GODFREY 02","558","12","REPUBLICAN","15"
"57","0","MADISON","685","JESSE REISING","370","13TH CONGRESS","GODFREY 02","558","12","REPUBLICAN","13"
"83","0","SANGAMON","680","MATT HAUSMAN","370","13TH CONGRESS","CAPITAL 031","552","12","REPUBLICAN","8"
"83","0","SANGAMON","685","JESSE REISING","370","13TH CONGRESS","CAPITAL 054","697","12","REPUBLICAN","58"
"83","0","SANGAMON","675","REGAN DEERING","370","13TH CONGRESS","CAPITAL 054","697","12","REPUBLICAN","28"
"83","0","SANGAMON","690","TERRY MARTIN","370","13TH CONGRESS","CAPITAL 054","697","12","REPUBLICAN","10"
"83","0","SANGAMON","680","MATT HAUSMAN","370","13TH CONGRESS","CAPITAL 054","697","12","REPUBLICAN","13"
"83","0","SANGAMON","685","JESSE REISING","370","13TH CONGRESS","CAPITAL 057","802","12","REPUBLICAN","3"
"83","0","SANGAMON","675","REGAN DEERING","370","13TH CONGRESS","CAPITAL 057","802","12","REPUBLICAN","2"
"83","0","SANGAMON","690","TERRY MARTIN","370","13TH CONGRESS","CAPITAL 057","802","12","REPUBLICAN","1"
"83","0","SANGAMON","680","MATT HAUSMAN","370","13TH CONGRESS","CAPITAL 057","802","12","REPUBLICAN","3"
"83","0","SANGAMON","680","MATT HAUSMAN","370","13TH CONGRESS","CAPITAL 060","586","12","REPUBLICAN","7"
"83","0","SANGAMON","685","JESSE REISING","370","13TH CONGRESS","CAPITAL 060","586","12","REPUBLICAN","17"
"83","0","SANGAMON","675","REGAN DEERING","370","13TH CONGRESS","CAPITAL 060","586","12","REPUBLICAN","25"
"83","0","SANGAMON","690","TERRY MARTIN","370","13TH CONGRESS","CAPITAL 060","586","12","REPUBLICAN","8"
"83","0","SANGAMON","685","JESSE REISING","370","13TH CONGRESS","CAPITAL 083","460","12","REPUBLICAN","2"
"83","0","SANGAMON","675","REGAN DEERING","370","13TH CONGRESS","CAPITAL 083","460","12","REPUBLICAN","4"
"83","0","SANGAMON","690","TERRY MARTIN","370","13TH CONGRESS","CAPITAL 083","460","12","REPUBLICAN","3"
"83","0","SANGAMON","680","MATT HAUSMAN","370","13TH CONGRESS","CAPITAL 083","460","12","REPUBLICAN","3"
"83","0","SANGAMON","685","JESSE REISING","370","13TH CONGRESS","CAPITAL 086","713","12","REPUBLICAN","61"
"83","0","SANGAMON","685","JESSE REISING","370","13TH CONGRESS","CAPITAL 013","465","12","REPUBLICAN","10"
"83","0","SANGAMON","675","REGAN DEERING","370","13TH CONGRESS","CAPITAL 013","465","12","REPUBLICAN","14"
"83","0","SANGAMON","690","TERRY MARTIN","370","13TH CONGRESS","CAPITAL 013","465","12","REPUBLICAN","2"
"83","0","SANGAMON","680","MATT HAUSMAN","370","13TH CONGRESS","CAPITAL 013","465","12","REPUBLICAN","3"
"83","0","SANGAMON","685","JESSE REISING","370","13TH CONGRESS","CAPITAL 019","503","12","REPUBLICAN","9"
"83","0","SANGAMON","675","REGAN DEERING","370","13TH CONGRESS","CAPITAL 019","503","12","REPUBLICAN","14"
"83","0","SANGAMON","690","TERRY MARTIN","370","13TH CONGRESS","CAPITAL 019","503","12","REPUBLICAN","1"
"83","0","SANGAMON","680","MATT HAUSMAN","370","13TH CONGRESS","CAPITAL 019","503","12","REPUBLICAN","4"
"83","0","SANGAMON","685","JESSE REISING","370","13TH CONGRESS","CAPITAL 042","827","12","REPUBLICAN","26"
"83","0","SANGAMON","675","REGAN DEERING","370","13TH CONGRESS","CAPITAL 042","827","12","REPUBLICAN","25"
"83","0","SANGAMON","690","TERRY MARTIN","370","13TH CONGRESS","CAPITAL 042","827","12","REPUBLICAN","6"
"83","0","SANGAMON","680","MATT HAUSMAN","370","13TH CONGRESS","CAPITAL 042","827","12","REPUBLICAN","10"
"83","0","SANGAMON","685","JESSE REISING","370","13TH CONGRESS","CAPITAL 045","701","12","REPUBLICAN","21"
"83","0","SANGAMON","675","REGAN DEERING","370","13TH CONGRESS","CAPITAL 045","701","12","REPUBLICAN","37"
"83","0","SANGAMON","690","TERRY MARTIN","370","13TH CONGRESS","CAPITAL 045","701","12","REPUBLICAN","7"
"83","0","SANGAMON","680","MATT HAUSMAN","370","13TH CONGRESS","CAPITAL 045","701","12","REPUBLICAN","6"
"83","0","SANGAMON","685","JESSE REISING","370","13TH CONGRESS","CAPITAL 048","554","12","REPUBLICAN","1"
"83","0","SANGAMON","675","REGAN DEERING","370","13TH CONGRESS","CAPITAL 048","554","12","REPUBLICAN","1"
"83","0","SANGAMON","690","TERRY MARTIN","370","13TH CONGRESS","CAPITAL 048","554","12","REPUBLICAN","0"
"83","0","SANGAMON","680","MATT HAUSMAN","370","13TH CONGRESS","CAPITAL 048","554","12","REPUBLICAN","0"
"83","0","SANGAMON","685","JESSE REISING","370","13TH CONGRESS","CAPITAL 051","692","12","REPUBLICAN","21"
"83","0","SANGAMON","675","REGAN DEERING","370","13TH CONGRESS","CAPITAL 051","692","12","REPUBLICAN","21"
"10","0","CHAMPAIGN","695","NIKKI BUDZINSKI","370","13TH CONGRESS","CITY OF CHAMPAIGN 38","1773","11","DEMOCRATIC","202"
"10","0","CHAMPAIGN","700","DAVID PALMER","370","13TH CONGRESS","CITY OF CHAMPAIGN 38","1773","11","DEMOCRATIC","76"
"10","0","CHAMPAIGN","0","Under Votes","370","13TH CONGRESS","CITY OF CHAMPAIGN 38","1773","11","DEMOCRATIC","12"
"10","0","CHAMPAIGN","0","Over Votes","370","13TH CONGRESS","CITY OF CHAMPAIGN 38","1773","11","DEMOCRATIC","1"
"10","0","CHAMPAIGN","695","NIKKI BUDZINSKI","370","13TH CONGRESS","CUNNINGHAM 10","662","11","DEMOCRATIC","166"
"10","0","CHAMPAIGN","700","DAVID PALMER","370","13TH CONGRESS","CUNNINGHAM 10","662","11","DEMOCRATIC","74"
"10","0","CHAMPAIGN","0","Under Votes","370","13TH CONGRESS","CUNNINGHAM 10","662","11","DEMOCRATIC","9"
"10","0","CHAMPAIGN","0","Over Votes","370","13TH CONGRESS","CUNNINGHAM 10","662","11","DEMOCRATIC","0"
"10","0","CHAMPAIGN","695","NIKKI BUDZINSKI","370","13TH CONGRESS","CUNNINGHAM 13","859","11","DEMOCRATIC","133"
"10","0","CHAMPAIGN","700","DAVID PALMER","370","13TH CONGRESS","CUNNINGHAM 13","859","11","DEMOCRATIC","33"
"10","0","CHAMPAIGN","0","Under Votes","370","13TH CONGRESS","CUNNINGHAM 13","859","11","DEMOCRATIC","4"
"10","0","CHAMPAIGN","0","Over Votes","370","13TH CONGRESS","CUNNINGHAM 13","859","11","DEMOCRATIC","0"
"10","0","CHAMPAIGN","695","NIKKI BUDZINSKI","370","13TH CONGRESS","CUNNINGHAM 23","1754","11","DEMOCRATIC","256"
"10","0","CHAMPAIGN","700","DAVID PALMER","370","13TH CONGRESS","CUNNINGHAM 23","1754","11","DEMOCRATIC","96"
"10","0","CHAMPAIGN","0","Under Votes","370","13TH CONGRESS","CUNNINGHAM 23","1754","11","DEMOCRATIC","10"
"10","0","CHAMPAIGN","0","Over Votes","370","13TH CONGRESS","CUNNINGHAM 23","1754","11","DEMOCRATIC","0"
"10","0","CHAMPAIGN","695","NIKKI BUDZINSKI","370","13TH CONGRESS","HENSLEY","744","11","DEMOCRATIC","11"
"10","0","CHAMPAIGN","700","DAVID PALMER","370","13TH CONGRESS","HENSLEY","744","11","DEMOCRATIC","12"
"10","0","CHAMPAIGN","0","Under Votes","370","13TH CONGRESS","HENSLEY","744","11","DEMOCRATIC","3"
"10","0","CHAMPAIGN","0","Over Votes","370","13TH CONGRESS","HENSLEY","744","11","DEMOCRATIC","0"
"10","0","CHAMPAIGN","700","DAVID PALMER","370","13TH CONGRESS","URBANA 2","1283","11","DEMOCRATIC","26"
"10","0","CHAMPAIGN","0","Under Votes","370","13TH CONGRESS","URBANA 2","1283","11","DEMOCRATIC","3"
"10","0","CHAMPAIGN","0","Over Votes","370","13TH CONGRESS","URBANA 2","1283","11","DEMOCRATIC","0"
"10","0","CHAMPAIGN","695","NIKKI BUDZINSKI","370","13TH CONGRESS","CITY OF CHAMPAIGN 03","1339","11","DEMOCRATIC","27"
"10","0","CHAMPAIGN","700","DAVID PALMER","370","13TH CONGRESS","CITY OF CHAMPAIGN 03","1339","11","DEMOCRATIC","14"
"10","0","CHAMPAIGN","0","Over Votes","370","13TH CONGRESS","CITY OF CHAMPAIGN 03","1339","11","DEMOCRATIC","0"
"10","0","CHAMPAIGN","0","Under Votes","370","13TH CONGRESS","CITY OF CHAMPAIGN 03","1339","11","DEMOCRATIC","0"
"10","0","CHAMPAIGN","695","NIKKI BUDZINSKI","370","13TH CONGRESS","CITY OF CHAMPAIGN 06","2436","11","DEMOCRATIC","114"
"10","0","CHAMPAIGN","700","DAVID PALMER","370","13TH CONGRESS","CITY OF CHAMPAIGN 06","2436","11","DEMOCRATIC","78"
"10","0","CHAMPAIGN","0","Over Votes","370","13TH CONGRESS","CITY OF CHAMPAIGN 06","2436","11","DEMOCRATIC","1"
"10","0","CHAMPAIGN","0","Under Votes","370","13TH CONGRESS","CITY OF CHAMPAIGN 06","2436","11","DEMOCRATIC","10"
"10","0","CHAMPAIGN","695","NIKKI BUDZINSKI","370","13TH CONGRESS","CITY OF CHAMPAIGN 16","690","11","DEMOCRATIC","88"
"10","0","CHAMPAIGN","700","DAVID PALMER","370","13TH CONGRESS","CITY OF CHAMPAIGN 16","690","11","DEMOCRATIC","39"
"10","0","CHAMPAIGN","0","Under Votes","370","13TH CONGRESS","CITY OF CHAMPAIGN 16","690","11","DEMOCRATIC","1"
"10","0","CHAMPAIGN","0","Over Votes","370","13TH CONGRESS","CITY OF CHAMPAIGN 16","690","11","DEMOCRATIC","0"
"10","0","CHAMPAIGN","695","NIKKI BUDZINSKI","370","13TH CONGRESS","CITY OF CHAMPAIGN 19","875","11","DEMOCRATIC","130"
"10","0","CHAMPAIGN","700","DAVID PALMER","370","13TH CONGRESS","CITY OF CHAMPAIGN 19","875","11","DEMOCRATIC","63"
"10","0","CHAMPAIGN","0","Over Votes","370","13TH CONGRESS","CITY OF CHAMPAIGN 19","875","11","DEMOCRATIC","0"
"10","0","CHAMPAIGN","0","Under Votes","370","13TH CONGRESS","CITY OF CHAMPAIGN 19","875","11","DEMOCRATIC","2"
"57","0","MADISON","700","DAVID PALMER","370","13TH CONGRESS","EDWARDSVILLE 02","1022","11","DEMOCRATIC","24"
"57","0","MADISON","695","NIKKI BUDZINSKI","370","13TH CONGRESS","EDWARDSVILLE 02","1022","11","DEMOCRATIC","108"
"57","0","MADISON","700","DAVID PALMER","370","13TH CONGRESS","EDWARDSVILLE 05","913","11","DEMOCRATIC","18"
"57","0","MADISON","695","NIKKI BUDZINSKI","370","13TH CONGRESS","EDWARDSVILLE 05","913","11","DEMOCRATIC","86"
"57","0","MADISON","700","DAVID PALMER","370","13TH CONGRESS","EDWARDSVILLE 08","1116","11","DEMOCRATIC","22"
"57","0","MADISON","695","NIKKI BUDZINSKI","370","13TH CONGRESS","EDWARDSVILLE 08","1116","11","DEMOCRATIC","107"
"57","0","MADISON","700","DAVID PALMER","370","13TH CONGRESS","EDWARDSVILLE 11","927","11","DEMOCRATIC","16"
"57","0","MADISON","695","NIKKI BUDZINSKI","370","13TH CONGRESS","EDWARDSVILLE 11","927","11","DEMOCRATIC","79"
"57","0","MADISON","700","DAVID PALMER","370","13TH CONGRESS","FORT RUSSELL 01","1013","11","DEMOCRATIC","19"
"57","0","MADISON","695","NIKKI BUDZINSKI","370","13TH CONGRESS","FORT RUSSELL 01","1013","11","DEMOCRATIC","60"
"57","0","MADISON","700","DAVID PALMER","370","13TH CONGRESS","NAMEOKI 04","366","11","DEMOCRATIC","5"
"57","0","MADISON","695","NIKKI BUDZINSKI","370","13TH CONGRESS","NAMEOKI 04","366","11","DEMOCRATIC","10"
"57","0","MADISON","700","DAVID PALMER","370","13TH CONGRESS","NAMEOKI 07","886","11","DEMOCRATIC","19"
"57","0","MADISON","700","DAVID PALMER","370","13TH CONGRESS","FORT RUSSELL 06","1036","11","DEMOCRATIC","7"
"57","0","MADISON","700","DAVID PALMER","370","13TH CONGRESS","CHOUTEAU 02","1140","11","DEMOCRATIC","4"
"57","0","MADISON","695","NIKKI BUDZINSKI","370","13TH CONGRESS","CHOUTEAU 02","1140","11","DEMOCRATIC","30"
"57","0","MADISON","695","NIKKI BUDZINSKI","370","13TH CONGRESS","CHOUTEAU 05","743","11","DEMOCRATIC","28"
"57","0","MADISON","700","DAVID PALMER","370","13TH CONGRESS","CHOUTEAU 05","743","11","DEMOCRATIC","8"
"57","0","MADISON","695","NIKKI BUDZINSKI","370","13TH CONGRESS","WOOD RIVER 01","820","11","DEMOCRATIC","27"
"57","0","MADISON","700","DAVID PALMER","370","13TH CONGRESS","WOOD RIVER 01","820","11","DEMOCRATIC","11"
"57","0","MADISON","700","DAVID PALMER","370","13TH CONGRESS","VENICE 04","868","11","DEMOCRATIC","29"
"57","0","MADISON","695","NIKKI BUDZINSKI","370","13TH CONGRESS","VENICE 04","868","11","DEMOCRATIC","134"
"57","0","MADISON","700","DAVID PALMER","370","13TH CONGRESS","GRANITE CITY 03","1106","11","DEMOCRATIC","23"
"57","0","MADISON","695","NIKKI BUDZINSKI","370","13TH CONGRESS","GRANITE CITY 03","1106","11","DEMOCRATIC","74"
"57","0","MADISON","695","NIKKI BUDZINSKI","370","13TH CONGRESS","ALTON 16","916","11","DEMOCRATIC","46"
"57","0","MADISON","700","DAVID PALMER","370","13TH CONGRESS","ALTON 16","916","11","DEMOCRATIC","15"
"57","0","MADISON","700","DAVID PALMER","370","13TH CONGRESS","WOOD RIVER 10","1104","11","DEMOCRATIC","21"
"57","0","MADISON","695","NIKKI BUDZINSKI","370","13TH CONGRESS","WOOD RIVER 10","1104","11","DEMOCRATIC","83"
"57","0","MADISON","700","DAVID PALMER","370","13TH CONGRESS","WOOD RIVER 13","963","11","DEMOCRATIC","14"
"57","0","MADISON","695","NIKKI BUDZINSKI","370","13TH CONGRESS","WOOD RIVER 13","963","11","DEMOCRATIC","54"
"57","0","MADISON","700","DAVID PALMER","370","13TH CONGRESS","FOSTER 03","677","11","DEMOCRATIC","9"
"57","0","MADISON","695","NIKKI BUDZINSKI","370","13TH CONGRESS","FOSTER 03","677","11","DEMOCRATIC","28"
"57","0","MADISON","695","NIKKI BUDZINSKI","370","13TH CONGRESS","GRANITE CITY 06","967","11","DEMOCRATIC","63"
"57","0","MADISON","700","DAVID PALMER","370","13TH CONGRESS","GRANITE CITY 06","967","11","DEMOCRATIC","15"
"57","0","MADISON","700","DAVID PALMER","370","13TH CONGRESS","GRANITE CITY 09","1097","11","DEMOCRATIC","19"
"57","0","MADISON","695","NIKKI BUDZINSKI","370","13TH CONGRESS","GRANITE CITY 09","1097","11","DEMOCRATIC","55"
"57","0","MADISON","700","DAVID PALMER","370","13TH CONGRESS","GRANITE CITY 12","1124","11","DEMOCRATIC","14"
"57","0","MADISON","695","NIKKI BUDZINSKI","370","13TH CONGRESS","GRANITE CITY 12","1124","11","DEMOCRATIC","47"
"57","0","MADISON","700","DAVID PALMER","370","13TH CONGRESS","GRANITE CITY 15","1011","11","DEMOCRATIC","13"
"57","0","MADISON","690","TERRY MARTIN","370","13TH CONGRESS","GODFREY 02","558","12","REPUBLICAN","2"
"57","0","MADISON","685","JESSE REISING","370","13TH CONGRESS","WOOD RIVER 14","1060","12","REPUBLICAN","38"
"57","0","MADISON","675","REGAN DEERING","370","13TH CONGRESS","WOOD RIVER 17","714","12","REPUBLICAN","9"
"57","0","MADISON","680","MATT HAUSMAN","370","13TH CONGRESS","WOOD RIVER 17","714","12","REPUBLICAN","17"
"57","0","MADISON","690","TERRY MARTIN","370","13TH CONGRESS","WOOD RIVER 17","714","12","REPUBLICAN","8"
"57","0","MADISON","685","JESSE REISING","370","13TH CONGRESS","WOOD RIVER 17","714","12","REPUBLICAN","9"
"57","0","MADISON","675","REGAN DEERING","370","13TH CONGRESS","FOSTER 01","948","12","REPUBLICAN","39"
"57","0","MADISON","680","MATT HAUSMAN","370","13TH CONGRESS","FOSTER 01","948","12","REPUBLICAN","41"
"57","0","MADISON","690","TERRY MARTIN","370","13TH CONGRESS","FOSTER 01","948","12","REPUBLICAN","9"
"57","0","MADISON","685","JESSE REISING","370","13TH CONGRESS","FOSTER 01","948","12","REPUBLICAN","60"
"57","0","MADISON","675","REGAN DEERING","370","13TH CONGRESS","GRANITE CITY 10","999","12","REPUBLICAN","24"
"57","0","MADISON","680","MATT HAUSMAN","370","13TH CONGRESS","GRANITE CITY 10","999","12","REPUBLICAN","31"
"57","0","MADISON","690","TERRY MARTIN","370","13TH CONGRESS","GRANITE CITY 10","999","12","REPUBLICAN","7"
"57","0","MADISON","685","JESSE REISING","370","13TH CONGRESS","GRANITE CITY 10","999","12","REPUBLICAN","24"
"57","0","MADISON","675","REGAN DEERING","370","13TH CONGRESS","GRANITE CITY 13","992","12","REPUBLICAN","15"
"57","0","MADISON","680","MATT HAUSMAN","370","13TH CONGRESS","GRANITE CITY 13","992","12","REPUBLICAN","11"
"57","0","MADISON","690","TERRY MARTIN","370","13TH CONGRESS","GRANITE CITY 13","992","12","REPUBLICAN","5"
"57","0","MADISON","685","JESSE REISING","370","13TH CONGRESS","GRANITE CITY 13","992","12","REPUBLICAN","15"
"57","0","MADISON","675","REGAN DEERING","370","13TH CONGRESS","GRANITE CITY 16","1121","12","REPUBLICAN","40"
"57","0","MADISON","680","MATT HAUSMAN","370","13TH CONGRESS","GRANITE CITY 16","1121","12","REPUBLICAN","41"
"57","0","MADISON","690","TERRY MARTIN","370","13TH CONGRESS","GRANITE CITY 16","1121","12","REPUBLICAN","18"
"57","0","MADISON","685","JESSE REISING","370","13TH CONGRESS","GRANITE CITY 16","1121","12","REPUBLICAN","42"
"57","0","MADISON","675","REGAN DEERING","370","13TH CONGRESS","ALTON 03","945","12","REPUBLICAN","0"
"57","0","MADISON","680","MATT HAUSMAN","370","13TH CONGRESS","ALTON 03","945","12","REPUBLICAN","1"
"57","0","MADISON","690","TERRY MARTIN","370","13TH CONGRESS","ALTON 03","945","12","REPUBLICAN","0"
"57","0","MADISON","685","JESSE REISING","370","13TH CONGRESS","ALTON 03","945","12","REPUBLICAN","0"
"57","0","MADISON","675","REGAN DEERING","370","13TH CONGRESS","ALTON 06","928","12","REPUBLICAN","22"
"57","0","MADISON","680","MATT HAUSMAN","370","13TH CONGRESS","ALTON 06","928","12","REPUBLICAN","21"
"57","0","MADISON","690","TERRY MARTIN","370","13TH CONGRESS","ALTON 06","928","12","REPUBLICAN","3"
"57","0","MADISON","685","JESSE REISING","370","13TH CONGRESS","ALTON 06","928","12","REPUBLICAN","20"
"57","0","MADISON","675","REGAN DEERING","370","13TH CONGRESS","ALTON 09","1070","12","REPUBLICAN","16"
"57","0","MADISON","680","MATT HAUSMAN","370","13TH CONGRESS","ALTON 09","1070","12","REPUBLICAN","25"
"57","0","MADISON","690","TERRY MARTIN","370","13TH CONGRESS","ALTON 09","1070","12","REPUBLICAN","9"
"57","0","MADISON","685","JESSE REISING","370","13TH CONGRESS","ALTON 09","1070","12","REPUBLICAN","23"
"57","0","MADISON","675","REGAN DEERING","370","13TH CONGRESS","COLLINSVILLE 02","1087","12","REPUBLICAN","36"
"57","0","MADISON","690","TERRY MARTIN","370","13TH CONGRESS","COLLINSVILLE 02","1087","12","REPUBLICAN","11"
"57","0","MADISON","685","JESSE REISING","370","13TH CONGRESS","COLLINSVILLE 02","1087","12","REPUBLICAN","32"
"57","0","MADISON","680","MATT HAUSMAN","370","13TH CONGRESS","COLLINSVILLE 02","1087","12","REPUBLICAN","31"
"57","0","MADISON","690","TERRY MARTIN","370","13TH CONGRESS","COLLINSVILLE 05","792","12","REPUBLICAN","8"
"57","0","MADISON","685","JESSE REISING","370","13TH CONGRESS","COLLINSVILLE 05","792","12","REPUBLICAN","45"
"83","0","SANGAMON","690","TERRY MARTIN","370","13TH CONGRESS","CAPITAL 051","692","12","REPUBLICAN","6"
"83","0","SANGAMON","680","MATT HAUSMAN","370","13TH CONGRESS","CAPITAL 051","692","12","REPUBLICAN","8"
"83","0","SANGAMON","685","JESSE REISING","370","13TH CONGRESS","CAPITAL 009","832","12","REPUBLICAN","36"
"83","0","SANGAMON","675","REGAN DEERING","370","13TH CONGRESS","CAPITAL 009","832","12","REPUBLICAN","30"
"83","0","SANGAMON","690","TERRY MARTIN","370","13TH CONGRESS","CAPITAL 009","832","12","REPUBLICAN","6"
"83","0","SANGAMON","680","MATT HAUSMAN","370","13TH CONGRESS","CAPITAL 009","832","12","REPUBLICAN","20"
"83","0","SANGAMON","685","JESSE REISING","370","13TH CONGRESS","CAPITAL 012","777","12","REPUBLICAN","19"
"83","0","SANGAMON","675","REGAN DEERING","370","13TH CONGRESS","CAPITAL 012","777","12","REPUBLICAN","26"
"83","0","SANGAMON","690","TERRY MARTIN","370","13TH CONGRESS","CAPITAL 012","777","12","REPUBLICAN","8"
"83","0","SANGAMON","680","MATT HAUSMAN","370","13TH CONGRESS","CAPITAL 012","777","12","REPUBLICAN","7"
"83","0","SANGAMON","680","MATT HAUSMAN","370","13TH CONGRESS","CAPITAL 018","568","12","REPUBLICAN","15"
"83","0","SANGAMON","685","JESSE REISING","370","13TH CONGRESS","CAPITAL 018","568","12","REPUBLICAN","26"
"83","0","SANGAMON","675","REGAN DEERING","370","13TH CONGRESS","CAPITAL 018","568","12","REPUBLICAN","19"
"83","0","SANGAMON","690","TERRY MARTIN","370","13TH CONGRESS","CAPITAL 018","568","12","REPUBLICAN","7"
"83","0","SANGAMON","685","JESSE REISING","370","13TH CONGRESS","CAPITAL 041","660","12","REPUBLICAN","24"
"83","0","SANGAMON","675","REGAN DEERING","370","13TH CONGRESS","CAPITAL 041","660","12","REPUBLICAN","34"
"83","0","SANGAMON","690","TERRY MARTIN","370","13TH CONGRESS","CAPITAL 041","660","12","REPUBLICAN","7"
"83","0","SANGAMON","680","MATT HAUSMAN","370","13TH CONGRESS","CAPITAL 041","660","12","REPUBLICAN","13"
"83","0","SANGAMON","680","MATT HAUSMAN","370","13TH CONGRESS","CAPITAL 044","698","12","REPUBLICAN","17"
"83","0","SANGAMON","685","JESSE REISING","370","13TH CONGRESS","CAPITAL 044","698","12","REPUBLICAN","41"
"83","0","SANGAMON","675","REGAN DEERING","370","13TH CONGRESS","CAPITAL 044","698","12","REPUBLICAN","34"
"83","0","SANGAMON","690","TERRY MARTIN","370","13TH CONGRESS","CAPITAL 044","698","12","REPUBLICAN","8"
"83","0","SANGAMON","680","MATT HAUSMAN","370","13TH CONGRESS","CAPITAL 047","796","12","REPUBLICAN","20"
"83","0","SANGAMON","685","JESSE REISING","370","13TH CONGRESS","CAPITAL 047","796","12","REPUBLICAN","48"
"83","0","SANGAMON","675","REGAN DEERING","370","13TH CONGRESS","CAPITAL 047","796","12","REPUBLICAN","54"
"83","0","SANGAMON","690","TERRY MARTIN","370","13TH CONGRESS","CAPITAL 047","796","12","REPUBLICAN","13"
"83","0","SANGAMON","690","TERRY MARTIN","370","13TH CONGRESS","CAPITAL 070","655","12","REPUBLICAN","4"
"83","0","SANGAMON","685","JESSE REISING","370","13TH CONGRESS","CAPITAL 070","655","12","REPUBLICAN","21"
"83","0","SANGAMON","675","REGAN DEERING","370","13TH CONGRESS","CAPITAL 070","655","12","REPUBLICAN","30"
"83","0","SANGAMON","680","MATT HAUSMAN","370","13TH CONGRESS","CAPITAL 070","655","12","REPUBLICAN","13"
"83","0","SANGAMON","685","JESSE REISING","370","13TH CONGRESS","CAPITAL 073","692","12","REPUBLICAN","6"
"83","0","SANGAMON","675","REGAN DEERING","370","13TH CONGRESS","CAPITAL 073","692","12","REPUBLICAN","5"
"83","0","SANGAMON","690","TERRY MARTIN","370","13TH CONGRESS","CAPITAL 073","692","12","REPUBLICAN","0"
"83","0","SANGAMON","680","MATT HAUSMAN","370","13TH CONGRESS","CAPITAL 073","692","12","REPUBLICAN","4"
"83","0","SANGAMON","685","JESSE REISING","370","13TH CONGRESS","CAPITAL 076","735","12","REPUBLICAN","14"
"83","0","SANGAMON","675","REGAN DEERING","370","13TH CONGRESS","CAPITAL 076","735","12","REPUBLICAN","17"
"83","0","SANGAMON","690","TERRY MARTIN","370","13TH CONGRESS","CAPITAL 076","735","12","REPUBLICAN","5"
"83","0","SANGAMON","680","MATT HAUSMAN","370","13TH CONGRESS","CAPITAL 076","735","12","REPUBLICAN","3"
"83","0","SANGAMON","685","JESSE REISING","370","13TH CONGRESS","CAPITAL 099","834","12","REPUBLICAN","41"
"83","0","SANGAMON","680","MATT HAUSMAN","370","13TH CONGRESS","CAPITAL 021","458","12","REPUBLICAN","9"
"10","0","CHAMPAIGN","695","NIKKI BUDZINSKI","370","13TH CONGRESS","CITY OF CHAMPAIGN 32","1069","11","DEMOCRATIC","151"
"10","0","CHAMPAIGN","700","DAVID PALMER","370","13TH CONGRESS","CITY OF CHAMPAIGN 32","1069","11","DEMOCRATIC","73"
"10","0","CHAMPAIGN","0","Under Votes","370","13TH CONGRESS","CITY OF CHAMPAIGN 32","1069","11","DEMOCRATIC","3"
"10","0","CHAMPAIGN","0","Over Votes","370","13TH CONGRESS","CITY OF CHAMPAIGN 32","1069","11","DEMOCRATIC","0"
"10","0","CHAMPAIGN","695","NIKKI BUDZINSKI","370","13TH CONGRESS","CITY OF CHAMPAIGN 35","1442","11","DEMOCRATIC","108"
"10","0","CHAMPAIGN","700","DAVID PALMER","370","13TH CONGRESS","CITY OF CHAMPAIGN 35","1442","11","DEMOCRATIC","62"
"10","0","CHAMPAIGN","0","Under Votes","370","13TH CONGRESS","CITY OF CHAMPAIGN 35","1442","11","DEMOCRATIC","5"
"10","0","CHAMPAIGN","0","Over Votes","370","13TH CONGRESS","CITY OF CHAMPAIGN 35","1442","11","DEMOCRATIC","0"
"10","0","CHAMPAIGN","695","NIKKI BUDZINSKI","370","13TH CONGRESS","CUNNINGHAM 04","242","11","DEMOCRATIC","3"
"10","0","CHAMPAIGN","700","DAVID PALMER","370","13TH CONGRESS","CUNNINGHAM 04","242","11","DEMOCRATIC","2"
"10","0","CHAMPAIGN","0","Under Votes","370","13TH CONGRESS","CUNNINGHAM 04","242","11","DEMOCRATIC","0"
"10","0","CHAMPAIGN","0","Over Votes","370","13TH CONGRESS","CUNNINGHAM 04","242","11","DEMOCRATIC","0"
"10","0","CHAMPAIGN","695","NIKKI BUDZINSKI","370","13TH CONGRESS","CUNNINGHAM 07","554","11","DEMOCRATIC","40"
"10","0","CHAMPAIGN","700","DAVID PALMER","370","13TH CONGRESS","CUNNINGHAM 07","554","11","DEMOCRATIC","31"
"10","0","CHAMPAIGN","0","Under Votes","370","13TH CONGRESS","CUNNINGHAM 07","554","11","DEMOCRATIC","3"
"10","0","CHAMPAIGN","0","Over Votes","370","13TH CONGRESS","CUNNINGHAM 07","554","11","DEMOCRATIC","0"
"10","0","CHAMPAIGN","695","NIKKI BUDZINSKI","370","13TH CONGRESS","CUNNINGHAM 19","2037","11","DEMOCRATIC","146"
"10","0","CHAMPAIGN","695","NIKKI BUDZINSKI","370","13TH CONGRESS","CHAMPAIGN 2","1824","11","DEMOCRATIC","153"
"10","0","CHAMPAIGN","700","DAVID PALMER","370","13TH CONGRESS","CHAMPAIGN 2","1824","11","DEMOCRATIC","66"
"10","0","CHAMPAIGN","0","Under Votes","370","13TH CONGRESS","CHAMPAIGN 2","1824","11","DEMOCRATIC","7"
"10","0","CHAMPAIGN","0","Over Votes","370","13TH CONGRESS","CHAMPAIGN 2","1824","11","DEMOCRATIC","0"
"10","0","CHAMPAIGN","695","NIKKI BUDZINSKI","370","13TH CONGRESS","CHAMPAIGN 5","1846","11","DEMOCRATIC","179"
"10","0","CHAMPAIGN","700","DAVID PALMER","370","13TH CONGRESS","CHAMPAIGN 5","1846","11","DEMOCRATIC","68"
"10","0","CHAMPAIGN","0","Over Votes","370","13TH CONGRESS","CHAMPAIGN 5","1846","11","DEMOCRATIC","0"
"10","0","CHAMPAIGN","0","Under Votes","370","13TH CONGRESS","CHAMPAIGN 5","1846","11","DEMOCRATIC","8"
"10","0","CHAMPAIGN","695","NIKKI BUDZINSKI","370","13TH CONGRESS","CITY OF CHAMPAIGN 13","1131","11","DEMOCRATIC","212"
"10","0","CHAMPAIGN","700","DAVID PALMER","370","13TH CONGRESS","CITY OF CHAMPAIGN 13","1131","11","DEMOCRATIC","86"
"10","0","CHAMPAIGN","0","Over Votes","370","13TH CONGRESS","CITY OF CHAMPAIGN 13","1131","11","DEMOCRATIC","0"
"10","0","CHAMPAIGN","0","Under Votes","370","13TH CONGRESS","CITY OF CHAMPAIGN 13","1131","11","DEMOCRATIC","2"
"10","0","CHAMPAIGN","695","NIKKI BUDZINSKI","370","13TH CONGRESS","CITY OF CHAMPAIGN 26","1073","11","DEMOCRATIC","127"
"10","0","CHAMPAIGN","700","DAVID PALMER","370","13TH CONGRESS","CITY OF CHAMPAIGN 26","1073","11","DEMOCRATIC","56"
"10","0","CHAMPAIGN","0","Under Votes","370","13TH CONGRESS","CITY OF CHAMPAIGN 26","1073","11","DEMOCRATIC","11"
"10","0","CHAMPAIGN","0","Over Votes","370","13TH CONGRESS","CITY OF CHAMPAIGN 26","1073","11","DEMOCRATIC","0"
"10","0","CHAMPAIGN","695","NIKKI BUDZINSKI","370","13TH CONGRESS","CITY OF CHAMPAIGN 29","716","11","DEMOCRATIC","63"
"10","0","CHAMPAIGN","700","DAVID PALMER","370","13TH CONGRESS","CITY OF CHAMPAIGN 29","716","11","DEMOCRATIC","33"
"10","0","CHAMPAIGN","0","Under Votes","370","13TH CONGRESS","CITY OF CHAMPAIGN 29","716","11","DEMOCRATIC","4"
"10","0","CHAMPAIGN","0","Over Votes","370","13TH CONGRESS","CITY OF CHAMPAIGN 29","716","11","DEMOCRATIC","0"
"10","0","CHAMPAIGN","695","NIKKI BUDZINSKI","370","13TH CONGRESS","CUNNINGHAM 01","1125","11","DEMOCRATIC","67"
"10","0","CHAMPAIGN","700","DAVID PALMER","370","13TH CONGRESS","CUNNINGHAM 01","1125","11","DEMOCRATIC","66"
"83","0","SANGAMON","685","JESSE REISING","370","13TH CONGRESS","CAPITAL 021","458","12","REPUBLICAN","12"
"83","0","SANGAMON","675","REGAN DEERING","370","13TH CONGRESS","CAPITAL 021","458","12","REPUBLICAN","18"
"83","0","SANGAMON","690","TERRY MARTIN","370","13TH CONGRESS","CAPITAL 021","458","12","REPUBLICAN","2"
"83","0","SANGAMON","685","JESSE REISING","370","13TH CONGRESS","CAPITAL 024","719","12","REPUBLICAN","19"
"83","0","SANGAMON","675","REGAN DEERING","370","13TH CONGRESS","CAPITAL 024","719","12","REPUBLICAN","21"
"83","0","SANGAMON","690","TERRY MARTIN","370","13TH CONGRESS","CAPITAL 024","719","12","REPUBLICAN","8"
"83","0","SANGAMON","680","MATT HAUSMAN","370","13TH CONGRESS","CAPITAL 024","719","12","REPUBLICAN","6"
"83","0","SANGAMON","685","JESSE REISING","370","13TH CONGRESS","CAPITAL 027","634","12","REPUBLICAN","8"
"83","0","SANGAMON","675","REGAN DEERING","370","13TH CONGRESS","CAPITAL 027","634","12","REPUBLICAN","14"
"83","0","SANGAMON","690","TERRY MARTIN","370","13TH CONGRESS","CAPITAL 027","634","12","REPUBLICAN","1"
"83","0","SANGAMON","680","MATT HAUSMAN","370","13TH CONGRESS","CAPITAL 027","634","12","REPUBLICAN","11"
"83","0","SANGAMON","680","MATT HAUSMAN","370","13TH CONGRESS","CAPITAL 050","811","12","REPUBLICAN","5"
"83","0","SANGAMON","685","JESSE REISING","370","13TH CONGRESS","CAPITAL 050","811","12","REPUBLICAN","19"
"83","0","SANGAMON","675","REGAN DEERING","370","13TH CONGRESS","CAPITAL 050","811","12","REPUBLICAN","12"
"83","0","SANGAMON","690","TERRY MARTIN","370","13TH CONGRESS","CAPITAL 050","811","12","REPUBLICAN","6"
"83","0","SANGAMON","690","TERRY MARTIN","370","13TH CONGRESS","CAPITAL 053","624","12","REPUBLICAN","3"
"83","0","SANGAMON","680","MATT HAUSMAN","370","13TH CONGRESS","CAPITAL 053","624","12","REPUBLICAN","13"
"83","0","SANGAMON","685","JESSE REISING","370","13TH CONGRESS","CAPITAL 053","624","12","REPUBLICAN","32"
"83","0","SANGAMON","675","REGAN DEERING","370","13TH CONGRESS","CAPITAL 053","624","12","REPUBLICAN","26"
"83","0","SANGAMON","685","JESSE REISING","370","13TH CONGRESS","CAPITAL 056","732","12","REPUBLICAN","40"
"83","0","SANGAMON","675","REGAN DEERING","370","13TH CONGRESS","CAPITAL 056","732","12","REPUBLICAN","35"
"83","0","SANGAMON","690","TERRY MARTIN","370","13TH CONGRESS","CAPITAL 056","732","12","REPUBLICAN","5"
"83","0","SANGAMON","680","MATT HAUSMAN","370","13TH CONGRESS","CAPITAL 056","732","12","REPUBLICAN","18"
"83","0","SANGAMON","685","JESSE REISING","370","13TH CONGRESS","CAPITAL 079","623","12","REPUBLICAN","3"
"83","0","SANGAMON","675","REGAN DEERING","370","13TH CONGRESS","CAPITAL 079","623","12","REPUBLICAN","7"
"83","0","SANGAMON","690","TERRY MARTIN","370","13TH CONGRESS","CAPITAL 079","623","12","REPUBLICAN","4"
"83","0","SANGAMON","680","MATT HAUSMAN","370","13TH CONGRESS","CAPITAL 079","623","12","REPUBLICAN","2"
"83","0","SANGAMON","685","JESSE REISING","370","13TH CONGRESS","CAPITAL 082","1022","12","REPUBLICAN","48"
"83","0","SANGAMON","675","REGAN DEERING","370","13TH CONGRESS","CAPITAL 082","1022","12","REPUBLICAN","63"
"83","0","SANGAMON","690","TERRY MARTIN","370","13TH CONGRESS","CAPITAL 082","1022","12","REPUBLICAN","5"
"83","0","SANGAMON","680","MATT HAUSMAN","370","13TH CONGRESS","CAPITAL 082","1022","12","REPUBLICAN","23"
"83","0","SANGAMON","685","JESSE REISING","370","13TH CONGRESS","CAPITAL 085","941","12","REPUBLICAN","6"
"83","0","SANGAMON","675","REGAN DEERING","370","13TH CONGRESS","CAPITAL 085","941","12","REPUBLICAN","8"
"83","0","SANGAMON","690","TERRY MARTIN","370","13TH CONGRESS","CAPITAL 085","941","12","REPUBLICAN","2"
"83","0","SANGAMON","680","MATT HAUSMAN","370","13TH CONGRESS","CAPITAL 085","941","12","REPUBLICAN","4"
"83","0","SANGAMON","685","JESSE REISING","370","13TH CONGRESS","CAPITAL 088","596","12","REPUBLICAN","13"
"83","0","SANGAMON","685","JESSE REISING","370","13TH CONGRESS","CAPITAL 003","563","12","REPUBLICAN","1"
"83","0","SANGAMON","675","REGAN DEERING","370","13TH CONGRESS","CAPITAL 003","563","12","REPUBLICAN","5"
"83","0","SANGAMON","690","TERRY MARTIN","370","13TH CONGRESS","CAPITAL 003","563","12","REPUBLICAN","1"
"83","0","SANGAMON","680","MATT HAUSMAN","370","13TH CONGRESS","CAPITAL 003","563","12","REPUBLICAN","0"
"10","0","CHAMPAIGN","0","Under Votes","370","13TH CONGRESS","CUNNINGHAM 01","1125","11","DEMOCRATIC","2"
"10","0","CHAMPAIGN","0","Over Votes","370","13TH CONGRESS","CUNNINGHAM 01","1125","11","DEMOCRATIC","0"
"10","0","CHAMPAIGN","695","NIKKI BUDZINSKI","370","13TH CONGRESS","CUNNINGHAM 14","881","11","DEMOCRATIC","189"
"10","0","CHAMPAIGN","700","DAVID PALMER","370","13TH CONGRESS","CUNNINGHAM 14","881","11","DEMOCRATIC","75"
"10","0","CHAMPAIGN","0","Under Votes","370","13TH CONGRESS","CUNNINGHAM 14","881","11","DEMOCRATIC","6"
"10","0","CHAMPAIGN","0","Over Votes","370","13TH CONGRESS","CUNNINGHAM 14","881","11","DEMOCRATIC","0"
"10","0","CHAMPAIGN","695","NIKKI BUDZINSKI","370","13TH CONGRESS","URBANA 1","383","11","DEMOCRATIC","54"
"10","0","CHAMPAIGN","700","DAVID PALMER","370","13TH CONGRESS","URBANA 1","383","11","DEMOCRATIC","24"
"10","0","CHAMPAIGN","0","Under Votes","370","13TH CONGRESS","URBANA 1","383","11","DEMOCRATIC","1"
"10","0","CHAMPAIGN","0","Over Votes","370","13TH CONGRESS","URBANA 1","383","11","DEMOCRATIC","0"
"10","0","CHAMPAIGN","700","DAVID PALMER","370","13TH CONGRESS","CUNNINGHAM 19","2037","11","DEMOCRATIC","74"
"10","0","CHAMPAIGN","0","Under Votes","370","13TH CONGRESS","CUNNINGHAM 19","2037","11","DEMOCRATIC","7"
"10","0","CHAMPAIGN","0","Over Votes","370","13TH CONGRESS","CUNNINGHAM 19","2037","11","DEMOCRATIC","0"
"10","0","CHAMPAIGN","0","Under Votes","370","13TH CONGRESS","CUNNINGHAM 20","764","11","DEMOCRATIC","2"
"10","0","CHAMPAIGN","0","Over Votes","370","13TH CONGRESS","CUNNINGHAM 20","764","11","DEMOCRATIC","0"
"10","0","CHAMPAIGN","695","NIKKI BUDZINSKI","370","13TH CONGRESS","CUNNINGHAM 20","764","11","DEMOCRATIC","68"
"10","0","CHAMPAIGN","700","DAVID PALMER","370","13TH CONGRESS","CUNNINGHAM 20","764","11","DEMOCRATIC","30"
"10","0","CHAMPAIGN","695","NIKKI BUDZINSKI","370","13TH CONGRESS","SADORUS IVESDALE","230","11","DEMOCRATIC","15"
"10","0","CHAMPAIGN","700","DAVID PALMER","370","13TH CONGRESS","SADORUS IVESDALE","230","11","DEMOCRATIC","11"
"10","0","CHAMPAIGN","0","Under Votes","370","13TH CONGRESS","SADORUS IVESDALE","230","11","DEMOCRATIC","3"
"10","0","CHAMPAIGN","0","Over Votes","370","13TH CONGRESS","SADORUS IVESDALE","230","11","DEMOCRATIC","0"
"10","0","CHAMPAIGN","695","NIKKI BUDZINSKI","370","13TH CONGRESS","URBANA 4","1392","11","DEMOCRATIC","85"
"10","0","CHAMPAIGN","700","DAVID PALMER","370","13TH CONGRESS","URBANA 4","1392","11","DEMOCRATIC","42"
"10","0","CHAMPAIGN","0","Under Votes","370","13TH CONGRESS","URBANA 4","1392","11","DEMOCRATIC","1"
"10","0","CHAMPAIGN","0","Over Votes","370","13TH CONGRESS","URBANA 4","1392","11","DEMOCRATIC","0"
"10","0","CHAMPAIGN","0","Under Votes","370","13TH CONGRESS","CITY OF CHAMPAIGN 37","2324","11","DEMOCRATIC","7"
"10","0","CHAMPAIGN","0","Over Votes","370","13TH CONGRESS","CITY OF CHAMPAIGN 37","2324","11","DEMOCRATIC","0"
"10","0","CHAMPAIGN","695","NIKKI BUDZINSKI","370","13TH CONGRESS","CUNNINGHAM 06","924","11","DEMOCRATIC","59"
"10","0","CHAMPAIGN","700","DAVID PALMER","370","13TH CONGRESS","CUNNINGHAM 06","924","11","DEMOCRATIC","48"
"10","0","CHAMPAIGN","0","Under Votes","370","13TH CONGRESS","CUNNINGHAM 06","924","11","DEMOCRATIC","3"
"10","0","CHAMPAIGN","0","Over Votes","370","13TH CONGRESS","CUNNINGHAM 06","924","11","DEMOCRATIC","0"
"10","0","CHAMPAIGN","695","NIKKI BUDZINSKI","370","13TH CONGRESS","CUNNINGHAM 09","968","11","DEMOCRATIC","167"
"10","0","CHAMPAIGN","700","DAVID PALMER","370","13TH CONGRESS","CUNNINGHAM 09","968","11","DEMOCRATIC","80"
"10","0","CHAMPAIGN","0","Under Votes","370","13TH CONGRESS","CUNNINGHAM 09","968","11","DEMOCRATIC","7"
"10","0","CHAMPAIGN","0","Over Votes","370","13TH CONGRESS","CUNNINGHAM 09","968","11","DEMOCRATIC","0"
"10","0","CHAMPAIGN","695","NIKKI BUDZINSKI","370","13TH CONGRESS","CUNNINGHAM 18","1000","11","DEMOCRATIC","107"
"10","0","CHAMPAIGN","700","DAVID PALMER","370","13TH CONGRESS","CUNNINGHAM 18","1000","11","DEMOCRATIC","73"
"10","0","CHAMPAIGN","0","Over Votes","370","13TH CONGRESS","CUNNINGHAM 18","1000","11","DEMOCRATIC","0"
"10","0","CHAMPAIGN","0","Under Votes","370","13TH CONGRESS","CUNNINGHAM 18","1000","11","DEMOCRATIC","8"
"10","0","CHAMPAIGN","695","NIKKI BUDZINSKI","370","13TH CONGRESS","CUNNINGHAM 22","1043","11","DEMOCRATIC","146"
"10","0","CHAMPAIGN","700","DAVID PALMER","370","13TH CONGRESS","CUNNINGHAM 22","1043","11","DEMOCRATIC","59"
"10","0","CHAMPAIGN","0","Under Votes","370","13TH CONGRESS","CUNNINGHAM 22","1043","11","DEMOCRATIC","6"
"10","0","CHAMPAIGN","0","Over Votes","370","13TH CONGRESS","CUNNINGHAM 22","1043","11","DEMOCRATIC","0"
"10","0","CHAMPAIGN","695","NIKKI BUDZINSKI","370","13TH CONGRESS","SCOTT SEYMOUR","300","11","DEMOCRATIC","13"
"10","0","CHAMPAIGN","700","DAVID PALMER","370","13TH CONGRESS","SCOTT SEYMOUR","300","11","DEMOCRATIC","5"
"10","0","CHAMPAIGN","0","Under Votes","370","13TH CONGRESS","SCOTT SEYMOUR","300","11","DEMOCRATIC","0"
"10","0","CHAMPAIGN","0","Over Votes","370","13TH CONGRESS","SCOTT SEYMOUR","300","11","DEMOCRATIC","0"
"10","0","CHAMPAIGN","695","NIKKI BUDZINSKI","370","13TH CONGRESS","URBANA 3","1146","11","DEMOCRATIC","103"
"10","0","CHAMPAIGN","700","DAVID PALMER","370","13TH CONGRESS","URBANA 3","1146","11","DEMOCRATIC","26"
"10","0","CHAMPAIGN","0","Over Votes","370","13TH CONGRESS","URBANA 3","1146","11","DEMOCRATIC","0"
"10","0","CHAMPAIGN","0","Under Votes","370","13TH CONGRESS","URBANA 3","1146","11","DEMOCRATIC","2"
"10","0","CHAMPAIGN","695","NIKKI BUDZINSKI","370","13TH CONGRESS","CHAMPAIGN 6","1695","11","DEMOCRATIC","170"
"10","0","CHAMPAIGN","700","DAVID PALMER","370","13TH CONGRESS","CHAMPAIGN 6","1695","11","DEMOCRATIC","100"
"10","0","CHAMPAIGN","0","Under Votes","370","13TH CONGRESS","CHAMPAIGN 6","1695","11","DEMOCRATIC","11"
"10","0","CHAMPAIGN","0","Over Votes","370","13TH CONGRESS","CHAMPAIGN 6","1695","11","DEMOCRATIC","0"
"10","0","CHAMPAIGN","695","NIKKI BUDZINSKI","370","13TH CONGRESS","CITY OF CHAMPAIGN 05","730","11","DEMOCRATIC","11"
"10","0","CHAMPAIGN","700","DAVID PALMER","370","13TH CONGRESS","CITY OF CHAMPAIGN 05","730","11","DEMOCRATIC","3"
"10","0","CHAMPAIGN","0","Under Votes","370","13TH CONGRESS","CITY OF CHAMPAIGN 05","730","11","DEMOCRATIC","0"
"10","0","CHAMPAIGN","0","Over Votes","370","13TH CONGRESS","CITY OF CHAMPAIGN 05","730","11","DEMOCRATIC","0"
"10","0","CHAMPAIGN","695","NIKKI BUDZINSKI","370","13TH CONGRESS","CITY OF CHAMPAIGN 08","1192","11","DEMOCRATIC","31"
"10","0","CHAMPAIGN","700","DAVID PALMER","370","13TH CONGRESS","CITY OF CHAMPAIGN 08","1192","11","DEMOCRATIC","10"
"10","0","CHAMPAIGN","0","Under Votes","370","13TH CONGRESS","CITY OF CHAMPAIGN 08","1192","11","DEMOCRATIC","0"
"10","0","CHAMPAIGN","0","Over Votes","370","13TH CONGRESS","CITY OF CHAMPAIGN 08","1192","11","DEMOCRATIC","0"
"10","0","CHAMPAIGN","695","NIKKI BUDZINSKI","370","13TH CONGRESS","CITY OF CHAMPAIGN 18","1288","11","DEMOCRATIC","83"
"10","0","CHAMPAIGN","700","DAVID PALMER","370","13TH CONGRESS","CITY OF CHAMPAIGN 18","1288","11","DEMOCRATIC","50"
"10","0","CHAMPAIGN","0","Under Votes","370","13TH CONGRESS","CITY OF CHAMPAIGN 18","1288","11","DEMOCRATIC","2"
"10","0","CHAMPAIGN","0","Over Votes","370","13TH CONGRESS","CITY OF CHAMPAIGN 18","1288","11","DEMOCRATIC","0"
"10","0","CHAMPAIGN","695","NIKKI BUDZINSKI","370","13TH CONGRESS","CITY OF CHAMPAIGN 21","582","11","DEMOCRATIC","92"
"10","0","CHAMPAIGN","700","DAVID PALMER","370","13TH CONGRESS","CITY OF CHAMPAIGN 21","582","11","DEMOCRATIC","51"
"10","0","CHAMPAIGN","0","Under Votes","370","13TH CONGRESS","CITY OF CHAMPAIGN 21","582","11","DEMOCRATIC","2"
"10","0","CHAMPAIGN","0","Over Votes","370","13TH CONGRESS","CITY OF CHAMPAIGN 21","582","11","DEMOCRATIC","0"
"10","0","CHAMPAIGN","695","NIKKI BUDZINSKI","370","13TH CONGRESS","CITY OF CHAMPAIGN 34","3068","11","DEMOCRATIC","206"
"10","0","CHAMPAIGN","700","DAVID PALMER","370","13TH CONGRESS","CITY OF CHAMPAIGN 34","3068","11","DEMOCRATIC","107"
"10","0","CHAMPAIGN","0","Under Votes","370","13TH CONGRESS","CITY OF CHAMPAIGN 34","3068","11","DEMOCRATIC","9"
"10","0","CHAMPAIGN","0","Over Votes","370","13TH CONGRESS","CITY OF CHAMPAIGN 34","3068","11","DEMOCRATIC","0"
"10","0","CHAMPAIGN","695","NIKKI BUDZINSKI","370","13TH CONGRESS","CITY OF CHAMPAIGN 37","2324","11","DEMOCRATIC","160"
"10","0","CHAMPAIGN","700","DAVID PALMER","370","13TH CONGRESS","CITY OF CHAMPAIGN 37","2324","11","DEMOCRATIC","97"
"10","0","CHAMPAIGN","0","Under Votes","370","13TH CONGRESS","CITY OF CHAMPAIGN 39","1644","11","DEMOCRATIC","3"
"10","0","CHAMPAIGN","695","NIKKI BUDZINSKI","370","13TH CONGRESS","CUNNINGHAM 08","690","11","DEMOCRATIC","76"
"57","0","MADISON","675","REGAN DEERING","370","13TH CONGRESS","COLLINSVILLE 05","792","12","REPUBLICAN","20"
"57","0","MADISON","680","MATT HAUSMAN","370","13TH CONGRESS","COLLINSVILLE 05","792","12","REPUBLICAN","27"
"57","0","MADISON","675","REGAN DEERING","370","13TH CONGRESS","EDWARDSVILLE 18","1052","12","REPUBLICAN","60"
"57","0","MADISON","690","TERRY MARTIN","370","13TH CONGRESS","EDWARDSVILLE 18","1052","12","REPUBLICAN","11"
"57","0","MADISON","685","JESSE REISING","370","13TH CONGRESS","EDWARDSVILLE 18","1052","12","REPUBLICAN","50"
"57","0","MADISON","680","MATT HAUSMAN","370","13TH CONGRESS","EDWARDSVILLE 18","1052","12","REPUBLICAN","27"
"57","0","MADISON","675","REGAN DEERING","370","13TH CONGRESS","EDWARDSVILLE 21","956","12","REPUBLICAN","40"
"57","0","MADISON","690","TERRY MARTIN","370","13TH CONGRESS","EDWARDSVILLE 21","956","12","REPUBLICAN","9"
"57","0","MADISON","685","JESSE REISING","370","13TH CONGRESS","EDWARDSVILLE 21","956","12","REPUBLICAN","37"
"57","0","MADISON","680","MATT HAUSMAN","370","13TH CONGRESS","EDWARDSVILLE 21","956","12","REPUBLICAN","32"
"57","0","MADISON","690","TERRY MARTIN","370","13TH CONGRESS","EDWARDSVILLE 24","512","12","REPUBLICAN","7"
"57","0","MADISON","685","JESSE REISING","370","13TH CONGRESS","EDWARDSVILLE 24","512","12","REPUBLICAN","21"
"57","0","MADISON","675","REGAN DEERING","370","13TH CONGRESS","EDWARDSVILLE 24","512","12","REPUBLICAN","20"
"57","0","MADISON","680","MATT HAUSMAN","370","13TH CONGRESS","EDWARDSVILLE 24","512","12","REPUBLICAN","16"
"57","0","MADISON","675","REGAN DEERING","370","13TH CONGRESS","MORO 01","703","12","REPUBLICAN","50"
"57","0","MADISON","690","TERRY MARTIN","370","13TH CONGRESS","MORO 01","703","12","REPUBLICAN","12"
"57","0","MADISON","685","JESSE REISING","370","13TH CONGRESS","MORO 01","703","12","REPUBLICAN","43"
"57","0","MADISON","680","MATT HAUSMAN","370","13TH CONGRESS","MORO 01","703","12","REPUBLICAN","27"
"57","0","MADISON","675","REGAN DEERING","370","13TH CONGRESS","WOOD RIVER 03","1118","12","REPUBLICAN","29"
"57","0","MADISON","690","TERRY MARTIN","370","13TH CONGRESS","WOOD RIVER 03","1118","12","REPUBLICAN","11"
"57","0","MADISON","685","JESSE REISING","370","13TH CONGRESS","WOOD RIVER 03","1118","12","REPUBLICAN","41"
"57","0","MADISON","680","MATT HAUSMAN","370","13TH CONGRESS","WOOD RIVER 03","1118","12","REPUBLICAN","26"
"57","0","MADISON","690","TERRY MARTIN","370","13TH CONGRESS","WOOD RIVER 06","1140","12","REPUBLICAN","10"
"57","0","MADISON","685","JESSE REISING","370","13TH CONGRESS","WOOD RIVER 06","1140","12","REPUBLICAN","19"
"57","0","MADISON","675","REGAN DEERING","370","13TH CONGRESS","WOOD RIVER 06","1140","12","REPUBLICAN","36"
"57","0","MADISON","680","MATT HAUSMAN","370","13TH CONGRESS","WOOD RIVER 06","1140","12","REPUBLICAN","36"
"57","0","MADISON","690","TERRY MARTIN","370","13TH CONGRESS","WOOD RIVER 09","868","12","REPUBLICAN","3"
"57","0","MADISON","685","JESSE REISING","370","13TH CONGRESS","WOOD RIVER 09","868","12","REPUBLICAN","18"
"57","0","MADISON","675","REGAN DEERING","370","13TH CONGRESS","WOOD RIVER 09","868","12","REPUBLICAN","17"
"57","0","MADISON","680","MATT HAUSMAN","370","13TH CONGRESS","WOOD RIVER 09","868","12","REPUBLICAN","20"
"57","0","MADISON","675","REGAN DEERING","370","13TH CONGRESS","GRANITE CITY 02","827","12","REPUBLICAN","25"
"57","0","MADISON","690","TERRY MARTIN","370","13TH CONGRESS","GRANITE CITY 02","827","12","REPUBLICAN","13"
"57","0","MADISON","685","JESSE REISING","370","13TH CONGRESS","GRANITE CITY 02","827","12","REPUBLICAN","36"
"57","0","MADISON","680","MATT HAUSMAN","370","13TH CONGRESS","GRANITE CITY 02","827","12","REPUBLICAN","37"
"57","0","MADISON","675","REGAN DEERING","370","13TH CONGRESS","GRANITE CITY 05","1139","12","REPUBLICAN","33"
"57","0","MADISON","690","TERRY MARTIN","370","13TH CONGRESS","GRANITE CITY 05","1139","12","REPUBLICAN","10"
"57","0","MADISON","685","JESSE REISING","370","13TH CONGRESS","GRANITE CITY 05","1139","12","REPUBLICAN","41"
"57","0","MADISON","680","MATT HAUSMAN","370","13TH CONGRESS","GRANITE CITY 05","1139","12","REPUBLICAN","37"
"57","0","MADISON","690","TERRY MARTIN","370","13TH CONGRESS","GRANITE CITY 08","785","12","REPUBLICAN","10"
"57","0","MADISON","695","NIKKI BUDZINSKI","370","13TH CONGRESS","GRANITE CITY 15","1011","11","DEMOCRATIC","47"
"57","0","MADISON","700","DAVID PALMER","370","13TH CONGRESS","ALTON 02","582","11","DEMOCRATIC","7"
"57","0","MADISON","695","NIKKI BUDZINSKI","370","13TH CONGRESS","ALTON 02","582","11","DEMOCRATIC","20"
"57","0","MADISON","700","DAVID PALMER","370","13TH CONGRESS","ALTON 05","1049","11","DEMOCRATIC","4"
"57","0","MADISON","695","NIKKI BUDZINSKI","370","13TH CONGRESS","ALTON 05","1049","11","DEMOCRATIC","36"
"57","0","MADISON","700","DAVID PALMER","370","13TH CONGRESS","COLLINSVILLE 01","1056","11","DEMOCRATIC","4"
"57","0","MADISON","695","NIKKI BUDZINSKI","370","13TH CONGRESS","COLLINSVILLE 01","1056","11","DEMOCRATIC","15"
"57","0","MADISON","700","DAVID PALMER","370","13TH CONGRESS","COLLINSVILLE 24","1008","11","DEMOCRATIC","21"
"57","0","MADISON","695","NIKKI BUDZINSKI","370","13TH CONGRESS","COLLINSVILLE 24","1008","11","DEMOCRATIC","53"
"57","0","MADISON","700","DAVID PALMER","370","13TH CONGRESS","EDWARDSVILLE 14","1102","11","DEMOCRATIC","24"
"57","0","MADISON","695","NIKKI BUDZINSKI","370","13TH CONGRESS","EDWARDSVILLE 14","1102","11","DEMOCRATIC","119"
"57","0","MADISON","700","DAVID PALMER","370","13TH CONGRESS","EDWARDSVILLE 17","1145","11","DEMOCRATIC","18"
"57","0","MADISON","695","NIKKI BUDZINSKI","370","13TH CONGRESS","EDWARDSVILLE 17","1145","11","DEMOCRATIC","79"
"57","0","MADISON","700","DAVID PALMER","370","13TH CONGRESS","EDWARDSVILLE 20","1107","11","DEMOCRATIC","15"
"57","0","MADISON","695","NIKKI BUDZINSKI","370","13TH CONGRESS","EDWARDSVILLE 20","1107","11","DEMOCRATIC","68"
"57","0","MADISON","700","DAVID PALMER","370","13TH CONGRESS","EDWARDSVILLE 23","1033","11","DEMOCRATIC","25"
"57","0","MADISON","695","NIKKI BUDZINSKI","370","13TH CONGRESS","EDWARDSVILLE 23","1033","11","DEMOCRATIC","78"
"57","0","MADISON","700","DAVID PALMER","370","13TH CONGRESS","FORT RUSSELL 04","1132","11","DEMOCRATIC","9"
"57","0","MADISON","695","NIKKI BUDZINSKI","370","13TH CONGRESS","FORT RUSSELL 04","1132","11","DEMOCRATIC","54"
"57","0","MADISON","700","DAVID PALMER","370","13TH CONGRESS","FORT RUSSELL 07","821","11","DEMOCRATIC","1"
"57","0","MADISON","695","NIKKI BUDZINSKI","370","13TH CONGRESS","FORT RUSSELL 07","821","11","DEMOCRATIC","1"
"57","0","MADISON","700","DAVID PALMER","370","13TH CONGRESS","CHOUTEAU 06","998","11","DEMOCRATIC","8"
"57","0","MADISON","695","NIKKI BUDZINSKI","370","13TH CONGRESS","CHOUTEAU 06","998","11","DEMOCRATIC","33"
"57","0","MADISON","700","DAVID PALMER","370","13TH CONGRESS","WOOD RIVER 02","1044","11","DEMOCRATIC","10"
"57","0","MADISON","695","NIKKI BUDZINSKI","370","13TH CONGRESS","WOOD RIVER 02","1044","11","DEMOCRATIC","40"
"57","0","MADISON","700","DAVID PALMER","370","13TH CONGRESS","WOOD RIVER 18","541","11","DEMOCRATIC","3"
"57","0","MADISON","695","NIKKI BUDZINSKI","370","13TH CONGRESS","WOOD RIVER 18","541","11","DEMOCRATIC","32"
"57","0","MADISON","700","DAVID PALMER","370","13TH CONGRESS","WOOD RIVER 21","1039","11","DEMOCRATIC","20"
"57","0","MADISON","695","NIKKI BUDZINSKI","370","13TH CONGRESS","WOOD RIVER 21","1039","11","DEMOCRATIC","38"
"57","0","MADISON","700","DAVID PALMER","370","13TH CONGRESS","FOSTER 02","871","11","DEMOCRATIC","7"
"57","0","MADISON","695","NIKKI BUDZINSKI","370","13TH CONGRESS","FOSTER 02","871","11","DEMOCRATIC","7"
"57","0","MADISON","700","DAVID PALMER","370","13TH CONGRESS","VENICE 01","1084","11","DEMOCRATIC","61"
"57","0","MADISON","695","NIKKI BUDZINSKI","370","13TH CONGRESS","VENICE 01","1084","11","DEMOCRATIC","242"
"57","0","MADISON","700","DAVID PALMER","370","13TH CONGRESS","GRANITE CITY 14","935","11","DEMOCRATIC","12"
"57","0","MADISON","695","NIKKI BUDZINSKI","370","13TH CONGRESS","GRANITE CITY 14","935","11","DEMOCRATIC","59"
"57","0","MADISON","700","DAVID PALMER","370","13TH CONGRESS","GRANITE CITY 17","1110","11","DEMOCRATIC","25"
"57","0","MADISON","695","NIKKI BUDZINSKI","370","13TH CONGRESS","GRANITE CITY 17","1110","11","DEMOCRATIC","72"
"57","0","MADISON","700","DAVID PALMER","370","13TH CONGRESS","ALTON 04","797","11","DEMOCRATIC","17"
"57","0","MADISON","695","NIKKI BUDZINSKI","370","13TH CONGRESS","ALTON 04","797","11","DEMOCRATIC","38"
"83","0","SANGAMON","685","JESSE REISING","370","13TH CONGRESS","CAPITAL 006","751","12","REPUBLICAN","1"
"83","0","SANGAMON","675","REGAN DEERING","370","13TH CONGRESS","CAPITAL 006","751","12","REPUBLICAN","3"
"83","0","SANGAMON","690","TERRY MARTIN","370","13TH CONGRESS","CAPITAL 006","751","12","REPUBLICAN","3"
"83","0","SANGAMON","680","MATT HAUSMAN","370","13TH CONGRESS","CAPITAL 006","751","12","REPUBLICAN","2"
"83","0","SANGAMON","685","JESSE REISING","370","13TH CONGRESS","CAPITAL 026","489","12","REPUBLICAN","14"
"83","0","SANGAMON","675","REGAN DEERING","370","13TH CONGRESS","CAPITAL 026","489","12","REPUBLICAN","17"
"83","0","SANGAMON","690","TERRY MARTIN","370","13TH CONGRESS","CAPITAL 026","489","12","REPUBLICAN","2"
"83","0","SANGAMON","680","MATT HAUSMAN","370","13TH CONGRESS","CAPITAL 026","489","12","REPUBLICAN","11"
"83","0","SANGAMON","685","JESSE REISING","370","13TH CONGRESS","CAPITAL 029","678","12","REPUBLICAN","26"
"83","0","SANGAMON","675","REGAN DEERING","370","13TH CONGRESS","CAPITAL 029","678","12","REPUBLICAN","20"
"83","0","SANGAMON","690","TERRY MARTIN","370","13TH CONGRESS","CAPITAL 029","678","12","REPUBLICAN","3"
"83","0","SANGAMON","680","MATT HAUSMAN","370","13TH CONGRESS","CAPITAL 029","678","12","REPUBLICAN","18"
"83","0","SANGAMON","685","JESSE REISING","370","13TH CONGRESS","CAPITAL 032","736","12","REPUBLICAN","13"
"83","0","SANGAMON","675","REGAN DEERING","370","13TH CONGRESS","CAPITAL 032","736","12","REPUBLICAN","15"
"83","0","SANGAMON","690","TERRY MARTIN","370","13TH CONGRESS","CAPITAL 032","736","12","REPUBLICAN","4"
"83","0","SANGAMON","680","MATT HAUSMAN","370","13TH CONGRESS","CAPITAL 032","736","12","REPUBLICAN","13"
"83","0","SANGAMON","685","JESSE REISING","370","13TH CONGRESS","CAPITAL 035","631","12","REPUBLICAN","12"
"83","0","SANGAMON","675","REGAN DEERING","370","13TH CONGRESS","CAPITAL 035","631","12","REPUBLICAN","17"
"83","0","SANGAMON","690","TERRY MARTIN","370","13TH CONGRESS","CAPITAL 035","631","12","REPUBLICAN","4"
"83","0","SANGAMON","680","MATT HAUSMAN","370","13TH CONGRESS","CAPITAL 035","631","12","REPUBLICAN","7"
"83","0","SANGAMON","685","JESSE REISING","370","13TH CONGRESS","CAPITAL 058","568","12","REPUBLICAN","14"
"83","0","SANGAMON","675","REGAN DEERING","370","13TH CONGRESS","CAPITAL 058","568","12","REPUBLICAN","12"
"83","0","SANGAMON","690","TERRY MARTIN","370","13TH CONGRESS","CAPITAL 058","568","12","REPUBLICAN","2"
"83","0","SANGAMON","680","MATT HAUSMAN","370","13TH CONGRESS","CAPITAL 058","568","12","REPUBLICAN","5"
"83","0","SANGAMON","690","TERRY MARTIN","370","13TH CONGRESS","CAPITAL 061","784","12","REPUBLICAN","10"
"83","0","SANGAMON","685","JESSE REISING","370","13TH CONGRESS","CAPITAL 061","784","12","REPUBLICAN","31"
"83","0","SANGAMON","675","REGAN DEERING","370","13TH CONGRESS","CAPITAL 061","784","12","REPUBLICAN","27"
"83","0","SANGAMON","680","MATT HAUSMAN","370","13TH CONGRESS","CAPITAL 061","784","12","REPUBLICAN","13"
"83","0","SANGAMON","690","TERRY MARTIN","370","13TH CONGRESS","CAPITAL 064","684","12","REPUBLICAN","0"
"83","0","SANGAMON","685","JESSE REISING","370","13TH CONGRESS","CAPITAL 064","684","12","REPUBLICAN","6"
"83","0","SANGAMON","675","REGAN DEERING","370","13TH CONGRESS","CAPITAL 064","684","12","REPUBLICAN","2"
"83","0","SANGAMON","680","MATT HAUSMAN","370","13TH CONGRESS","CAPITAL 064","684","12","REPUBLICAN","0"
"83","0","SANGAMON","685","JESSE REISING","370","13TH CONGRESS","CAPITAL 087","833","12","REPUBLICAN","30"
"83","0","SANGAMON","680","MATT HAUSMAN","370","13TH CONGRESS","CAPITAL 005","591","12","REPUBLICAN","2"
"83","0","SANGAMON","685","JESSE REISING","370","13TH CONGRESS","CAPITAL 005","591","12","REPUBLICAN","9"
"83","0","SANGAMON","675","REGAN DEERING","370","13TH CONGRESS","CAPITAL 005","591","12","REPUBLICAN","9"
"83","0","SANGAMON","690","TERRY MARTIN","370","13TH CONGRESS","CAPITAL 005","591","12","REPUBLICAN","3"
"83","0","SANGAMON","680","MATT HAUSMAN","370","13TH CONGRESS","CAPITAL 008","770","12","REPUBLICAN","7"
"83","0","SANGAMON","685","JESSE REISING","370","13TH CONGRESS","CAPITAL 008","770","12","REPUBLICAN","29"
"83","0","SANGAMON","675","REGAN DEERING","370","13TH CONGRESS","CAPITAL 008","770","12","REPUBLICAN","18"
"10","0","CHAMPAIGN","700","DAVID PALMER","370","13TH CONGRESS","CUNNINGHAM 08","690","11","DEMOCRATIC","49"
"10","0","CHAMPAIGN","0","Over Votes","370","13TH CONGRESS","CUNNINGHAM 08","690","11","DEMOCRATIC","0"
"10","0","CHAMPAIGN","0","Under Votes","370","13TH CONGRESS","CUNNINGHAM 08","690","11","DEMOCRATIC","2"
"10","0","CHAMPAIGN","695","NIKKI BUDZINSKI","370","13TH CONGRESS","CUNNINGHAM 11","453","11","DEMOCRATIC","85"
"10","0","CHAMPAIGN","700","DAVID PALMER","370","13TH CONGRESS","CUNNINGHAM 11","453","11","DEMOCRATIC","33"
"10","0","CHAMPAIGN","0","Over Votes","370","13TH CONGRESS","CUNNINGHAM 11","453","11","DEMOCRATIC","0"
"10","0","CHAMPAIGN","0","Under Votes","370","13TH CONGRESS","CUNNINGHAM 11","453","11","DEMOCRATIC","1"
"10","0","CHAMPAIGN","695","NIKKI BUDZINSKI","370","13TH CONGRESS","CUNNINGHAM 21","804","11","DEMOCRATIC","112"
"10","0","CHAMPAIGN","700","DAVID PALMER","370","13TH CONGRESS","CUNNINGHAM 21","804","11","DEMOCRATIC","25"
"10","0","CHAMPAIGN","0","Under Votes","370","13TH CONGRESS","CUNNINGHAM 21","804","11","DEMOCRATIC","5"
"10","0","CHAMPAIGN","0","Over Votes","370","13TH CONGRESS","CUNNINGHAM 21","804","11","DEMOCRATIC","0"
"10","0","CHAMPAIGN","695","NIKKI BUDZINSKI","370","13TH CONGRESS","SOMER","659","11","DEMOCRATIC","8"
"10","0","CHAMPAIGN","700","DAVID PALMER","370","13TH CONGRESS","SOMER","659","11","DEMOCRATIC","0"
"10","0","CHAMPAIGN","0","Over Votes","370","13TH CONGRESS","SOMER","659","11","DEMOCRATIC","0"
"10","0","CHAMPAIGN","0","Under Votes","370","13TH CONGRESS","SOMER","659","11","DEMOCRATIC","0"
"10","0","CHAMPAIGN","695","NIKKI BUDZINSKI","370","13TH CONGRESS","CHAMPAIGN 4","2554","11","DEMOCRATIC","235"
"10","0","CHAMPAIGN","700","DAVID PALMER","370","13TH CONGRESS","CHAMPAIGN 4","2554","11","DEMOCRATIC","111"
"10","0","CHAMPAIGN","0","Under Votes","370","13TH CONGRESS","CHAMPAIGN 4","2554","11","DEMOCRATIC","4"
"10","0","CHAMPAIGN","0","Over Votes","370","13TH CONGRESS","CHAMPAIGN 4","2554","11","DEMOCRATIC","0"
"10","0","CHAMPAIGN","695","NIKKI BUDZINSKI","370","13TH CONGRESS","CITY OF CHAMPAIGN 02","629","11","DEMOCRATIC","21"
"10","0","CHAMPAIGN","700","DAVID PALMER","370","13TH CONGRESS","CITY OF CHAMPAIGN 02","629","11","DEMOCRATIC","9"
"10","0","CHAMPAIGN","0","Under Votes","370","13TH CONGRESS","CITY OF CHAMPAIGN 02","629","11","DEMOCRATIC","0"
"10","0","CHAMPAIGN","0","Over Votes","370","13TH CONGRESS","CITY OF CHAMPAIGN 02","629","11","DEMOCRATIC","0"
"10","0","CHAMPAIGN","695","NIKKI BUDZINSKI","370","13TH CONGRESS","CITY OF CHAMPAIGN 12","1345","11","DEMOCRATIC","149"
"10","0","CHAMPAIGN","700","DAVID PALMER","370","13TH CONGRESS","CITY OF CHAMPAIGN 12","1345","11","DEMOCRATIC","63"
"10","0","CHAMPAIGN","0","Over Votes","370","13TH CONGRESS","CITY OF CHAMPAIGN 12","1345","11","DEMOCRATIC","0"
"10","0","CHAMPAIGN","0","Under Votes","370","13TH CONGRESS","CITY OF CHAMPAIGN 12","1345","11","DEMOCRATIC","7"
"10","0","CHAMPAIGN","695","NIKKI BUDZINSKI","370","13TH CONGRESS","CITY OF CHAMPAIGN 15","916","11","DEMOCRATIC","105"
"10","0","CHAMPAIGN","700","DAVID PALMER","370","13TH CONGRESS","CITY OF CHAMPAIGN 15","916","11","DEMOCRATIC","54"
"10","0","CHAMPAIGN","0","Under Votes","370","13TH CONGRESS","CITY OF CHAMPAIGN 15","916","11","DEMOCRATIC","3"
"10","0","CHAMPAIGN","0","Over Votes","370","13TH CONGRESS","CITY OF CHAMPAIGN 15","916","11","DEMOCRATIC","0"
"10","0","CHAMPAIGN","695","NIKKI BUDZINSKI","370","13TH CONGRESS","CITY OF CHAMPAIGN 28","449","11","DEMOCRATIC","67"
"10","0","CHAMPAIGN","700","DAVID PALMER","370","13TH CONGRESS","CITY OF CHAMPAIGN 28","449","11","DEMOCRATIC","27"
"10","0","CHAMPAIGN","0","Under Votes","370","13TH CONGRESS","CITY OF CHAMPAIGN 28","449","11","DEMOCRATIC","2"
"10","0","CHAMPAIGN","0","Over Votes","370","13TH CONGRESS","CITY OF CHAMPAIGN 28","449","11","DEMOCRATIC","0"
"10","0","CHAMPAIGN","695","NIKKI BUDZINSKI","370","13TH CONGRESS","CITY OF CHAMPAIGN 31","938","11","DEMOCRATIC","54"
"10","0","CHAMPAIGN","700","DAVID PALMER","370","13TH CONGRESS","CITY OF CHAMPAIGN 31","938","11","DEMOCRATIC","37"
"10","0","CHAMPAIGN","0","Under Votes","370","13TH CONGRESS","CITY OF CHAMPAIGN 31","938","11","DEMOCRATIC","3"
"10","0","CHAMPAIGN","0","Over Votes","370","13TH CONGRESS","CITY OF CHAMPAIGN 31","938","11","DEMOCRATIC","0"
"57","0","MADISON","685","JESSE REISING","370","13TH CONGRESS","GRANITE CITY 08","785","12","REPUBLICAN","23"
"57","0","MADISON","675","REGAN DEERING","370","13TH CONGRESS","GRANITE CITY 08","785","12","REPUBLICAN","12"
"57","0","MADISON","680","MATT HAUSMAN","370","13TH CONGRESS","GRANITE CITY 08","785","12","REPUBLICAN","21"
"57","0","MADISON","690","TERRY MARTIN","370","13TH CONGRESS","GRANITE CITY 11","1002","12","REPUBLICAN","5"
"57","0","MADISON","685","JESSE REISING","370","13TH CONGRESS","GRANITE CITY 11","1002","12","REPUBLICAN","16"
"57","0","MADISON","675","REGAN DEERING","370","13TH CONGRESS","GRANITE CITY 11","1002","12","REPUBLICAN","13"
"57","0","MADISON","680","MATT HAUSMAN","370","13TH CONGRESS","GRANITE CITY 11","1002","12","REPUBLICAN","27"
"57","0","MADISON","690","TERRY MARTIN","370","13TH CONGRESS","ALTON 01","1000","12","REPUBLICAN","4"
"57","0","MADISON","685","JESSE REISING","370","13TH CONGRESS","ALTON 01","1000","12","REPUBLICAN","25"
"57","0","MADISON","675","REGAN DEERING","370","13TH CONGRESS","ALTON 01","1000","12","REPUBLICAN","14"
"57","0","MADISON","680","MATT HAUSMAN","370","13TH CONGRESS","ALTON 01","1000","12","REPUBLICAN","21"
"83","0","SANGAMON","690","TERRY MARTIN","370","13TH CONGRESS","CAPITAL 008","770","12","REPUBLICAN","4"
"83","0","SANGAMON","685","JESSE REISING","370","13TH CONGRESS","CAPITAL 011","647","12","REPUBLICAN","19"
"83","0","SANGAMON","675","REGAN DEERING","370","13TH CONGRESS","CAPITAL 011","647","12","REPUBLICAN","13"
"83","0","SANGAMON","690","TERRY MARTIN","370","13TH CONGRESS","CAPITAL 011","647","12","REPUBLICAN","4"
"83","0","SANGAMON","680","MATT HAUSMAN","370","13TH CONGRESS","CAPITAL 011","647","12","REPUBLICAN","15"
"83","0","SANGAMON","685","JESSE REISING","370","13TH CONGRESS","CAPITAL 014","818","12","REPUBLICAN","29"
"83","0","SANGAMON","675","REGAN DEERING","370","13TH CONGRESS","CAPITAL 014","818","12","REPUBLICAN","41"
"83","0","SANGAMON","690","TERRY MARTIN","370","13TH CONGRESS","CAPITAL 014","818","12","REPUBLICAN","13"
"83","0","SANGAMON","680","MATT HAUSMAN","370","13TH CONGRESS","CAPITAL 014","818","12","REPUBLICAN","24"
"83","0","SANGAMON","680","MATT HAUSMAN","370","13TH CONGRESS","CAPITAL 034","783","12","REPUBLICAN","5"
"83","0","SANGAMON","685","JESSE REISING","370","13TH CONGRESS","CAPITAL 034","783","12","REPUBLICAN","20"
"83","0","SANGAMON","675","REGAN DEERING","370","13TH CONGRESS","CAPITAL 034","783","12","REPUBLICAN","12"
"83","0","SANGAMON","690","TERRY MARTIN","370","13TH CONGRESS","CAPITAL 034","783","12","REPUBLICAN","4"
"83","0","SANGAMON","680","MATT HAUSMAN","370","13TH CONGRESS","CAPITAL 037","1027","12","REPUBLICAN","27"
"83","0","SANGAMON","685","JESSE REISING","370","13TH CONGRESS","CAPITAL 037","1027","12","REPUBLICAN","52"
"83","0","SANGAMON","675","REGAN DEERING","370","13TH CONGRESS","CAPITAL 037","1027","12","REPUBLICAN","53"
"83","0","SANGAMON","690","TERRY MARTIN","370","13TH CONGRESS","CAPITAL 037","1027","12","REPUBLICAN","17"
"83","0","SANGAMON","685","JESSE REISING","370","13TH CONGRESS","CAPITAL 040","446","12","REPUBLICAN","14"
"83","0","SANGAMON","675","REGAN DEERING","370","13TH CONGRESS","CAPITAL 040","446","12","REPUBLICAN","16"
"83","0","SANGAMON","690","TERRY MARTIN","370","13TH CONGRESS","CAPITAL 040","446","12","REPUBLICAN","3"
"83","0","SANGAMON","680","MATT HAUSMAN","370","13TH CONGRESS","CAPITAL 040","446","12","REPUBLICAN","8"
"83","0","SANGAMON","685","JESSE REISING","370","13TH CONGRESS","CAPITAL 043","721","12","REPUBLICAN","16"
"83","0","SANGAMON","675","REGAN DEERING","370","13TH CONGRESS","CAPITAL 043","721","12","REPUBLICAN","22"
"83","0","SANGAMON","690","TERRY MARTIN","370","13TH CONGRESS","CAPITAL 043","721","12","REPUBLICAN","11"
"83","0","SANGAMON","680","MATT HAUSMAN","370","13TH CONGRESS","CAPITAL 043","721","12","REPUBLICAN","13"
"83","0","SANGAMON","685","JESSE REISING","370","13TH CONGRESS","CAPITAL 072","600","12","REPUBLICAN","15"
"83","0","SANGAMON","675","REGAN DEERING","370","13TH CONGRESS","CAPITAL 072","600","12","REPUBLICAN","11"
"83","0","SANGAMON","690","TERRY MARTIN","370","13TH CONGRESS","CAPITAL 072","600","12","REPUBLICAN","7"
"83","0","SANGAMON","680","MATT HAUSMAN","370","13TH CONGRESS","CAPITAL 072","600","12","REPUBLICAN","4"
"83","0","SANGAMON","680","MATT HAUSMAN","370","13TH CONGRESS","CAPITAL 095","1034","12","REPUBLICAN","23"
"83","0","SANGAMON","685","JESSE REISING","370","13TH CONGRESS","CAPITAL 095","1034","12","REPUBLICAN","60"
"83","0","SANGAMON","675","REGAN DEERING","370","13TH CONGRESS","CAPITAL 095","1034","12","REPUBLICAN","59"
"83","0","SANGAMON","690","TERRY MARTIN","370","13TH CONGRESS","CAPITAL 095","1034","12","REPUBLICAN","16"
"83","0","SANGAMON","680","MATT HAUSMAN","370","13TH CONGRESS","CAPITAL 098","703","12","REPUBLICAN","18"
"83","0","SANGAMON","685","JESSE REISING","370","13TH CONGRESS","CAPITAL 098","703","12","REPUBLICAN","40"
"83","0","SANGAMON","675","REGAN DEERING","370","13TH CONGRESS","CAPITAL 098","703","12","REPUBLICAN","40"
"83","0","SANGAMON","690","TERRY MARTIN","370","13TH CONGRESS","CAPITAL 098","703","12","REPUBLICAN","9"
"83","0","SANGAMON","685","JESSE REISING","370","13TH CONGRESS","CAPITAL 017","912","12","REPUBLICAN","42"
"83","0","SANGAMON","675","REGAN DEERING","370","13TH CONGRESS","CAPITAL 017","912","12","REPUBLICAN","33"
"83","0","SANGAMON","690","TERRY MARTIN","370","13TH CONGRESS","CAPITAL 017","912","12","REPUBLICAN","5"
"57","0","MADISON","700","DAVID PALMER","370","13TH CONGRESS","ALTON 07","975","11","DEMOCRATIC","21"
"57","0","MADISON","695","NIKKI BUDZINSKI","370","13TH CONGRESS","ALTON 07","975","11","DEMOCRATIC","63"
"57","0","MADISON","700","DAVID PALMER","370","13TH CONGRESS","ALTON 10","1096","11","DEMOCRATIC","17"
"57","0","MADISON","695","NIKKI BUDZINSKI","370","13TH CONGRESS","ALTON 10","1096","11","DEMOCRATIC","43"
"57","0","MADISON","700","DAVID PALMER","370","13TH CONGRESS","ALTON 13","1039","11","DEMOCRATIC","31"
"57","0","MADISON","695","NIKKI BUDZINSKI","370","13TH CONGRESS","ALTON 13","1039","11","DEMOCRATIC","72"
"57","0","MADISON","695","NIKKI BUDZINSKI","370","13TH CONGRESS","COLLINSVILLE 03","1156","11","DEMOCRATIC","37"
"57","0","MADISON","700","DAVID PALMER","370","13TH CONGRESS","COLLINSVILLE 03","1156","11","DEMOCRATIC","11"
"57","0","MADISON","695","NIKKI BUDZINSKI","370","13TH CONGRESS","COLLINSVILLE 06","1037","11","DEMOCRATIC","52"
"57","0","MADISON","700","DAVID PALMER","370","13TH CONGRESS","COLLINSVILLE 06","1037","11","DEMOCRATIC","10"
"57","0","MADISON","700","DAVID PALMER","370","13TH CONGRESS","EDWARDSVILLE 22","753","11","DEMOCRATIC","15"
"57","0","MADISON","695","NIKKI BUDZINSKI","370","13TH CONGRESS","EDWARDSVILLE 22","753","11","DEMOCRATIC","48"
"57","0","MADISON","695","NIKKI BUDZINSKI","370","13TH CONGRESS","EDWARDSVILLE 25","847","11","DEMOCRATIC","56"
"57","0","MADISON","700","DAVID PALMER","370","13TH CONGRESS","EDWARDSVILLE 25","847","11","DEMOCRATIC","14"
"57","0","MADISON","695","NIKKI BUDZINSKI","370","13TH CONGRESS","MORO 02","878","11","DEMOCRATIC","26"
"57","0","MADISON","700","DAVID PALMER","370","13TH CONGRESS","MORO 02","878","11","DEMOCRATIC","8"
"57","0","MADISON","700","DAVID PALMER","370","13TH CONGRESS","NAMEOKI 01","1141","11","DEMOCRATIC","14"
"57","0","MADISON","695","NIKKI BUDZINSKI","370","13TH CONGRESS","NAMEOKI 01","1141","11","DEMOCRATIC","29"
"57","0","MADISON","700","DAVID PALMER","370","13TH CONGRESS","WOOD RIVER 04","1028","11","DEMOCRATIC","15"
"57","0","MADISON","695","NIKKI BUDZINSKI","370","13TH CONGRESS","WOOD RIVER 04","1028","11","DEMOCRATIC","47"
"57","0","MADISON","700","DAVID PALMER","370","13TH CONGRESS","WOOD RIVER 07","1059","11","DEMOCRATIC","10"
"57","0","MADISON","695","NIKKI BUDZINSKI","370","13TH CONGRESS","WOOD RIVER 07","1059","11","DEMOCRATIC","47"
"57","0","MADISON","700","DAVID PALMER","370","13TH CONGRESS","COLLINSVILLE 11","1065","11","DEMOCRATIC","21"
"57","0","MADISON","695","NIKKI BUDZINSKI","370","13TH CONGRESS","COLLINSVILLE 11","1065","11","DEMOCRATIC","66"
"57","0","MADISON","700","DAVID PALMER","370","13TH CONGRESS","COLLINSVILLE 14","1106","11","DEMOCRATIC","10"
"57","0","MADISON","695","NIKKI BUDZINSKI","370","13TH CONGRESS","COLLINSVILLE 14","1106","11","DEMOCRATIC","44"
"57","0","MADISON","700","DAVID PALMER","370","13TH CONGRESS","COLLINSVILLE 17","1009","11","DEMOCRATIC","15"
"57","0","MADISON","695","NIKKI BUDZINSKI","370","13TH CONGRESS","COLLINSVILLE 17","1009","11","DEMOCRATIC","80"
"57","0","MADISON","700","DAVID PALMER","370","13TH CONGRESS","EDWARDSVILLE 01","1143","11","DEMOCRATIC","27"
"57","0","MADISON","695","NIKKI BUDZINSKI","370","13TH CONGRESS","EDWARDSVILLE 01","1143","11","DEMOCRATIC","124"
"57","0","MADISON","700","DAVID PALMER","370","13TH CONGRESS","EDWARDSVILLE 04","979","11","DEMOCRATIC","16"
"57","0","MADISON","695","NIKKI BUDZINSKI","370","13TH CONGRESS","EDWARDSVILLE 04","979","11","DEMOCRATIC","91"
"57","0","MADISON","700","DAVID PALMER","370","13TH CONGRESS","EDWARDSVILLE 07","1107","11","DEMOCRATIC","19"
"57","0","MADISON","695","NIKKI BUDZINSKI","370","13TH CONGRESS","EDWARDSVILLE 07","1107","11","DEMOCRATIC","75"
"57","0","MADISON","700","DAVID PALMER","370","13TH CONGRESS","NAMEOKI 03","1007","11","DEMOCRATIC","21"
"57","0","MADISON","695","NIKKI BUDZINSKI","370","13TH CONGRESS","NAMEOKI 03","1007","11","DEMOCRATIC","39"
"57","0","MADISON","700","DAVID PALMER","370","13TH CONGRESS","NAMEOKI 06","732","11","DEMOCRATIC","6"
"57","0","MADISON","695","NIKKI BUDZINSKI","370","13TH CONGRESS","NAMEOKI 06","732","11","DEMOCRATIC","30"
"57","0","MADISON","700","DAVID PALMER","370","13TH CONGRESS","WOOD RIVER 12","700","11","DEMOCRATIC","12"
"10","0","CHAMPAIGN","695","NIKKI BUDZINSKI","370","13TH CONGRESS","CUNNINGHAM 03","350","11","DEMOCRATIC","5"
"10","0","CHAMPAIGN","700","DAVID PALMER","370","13TH CONGRESS","CUNNINGHAM 03","350","11","DEMOCRATIC","5"
"10","0","CHAMPAIGN","0","Under Votes","370","13TH CONGRESS","CUNNINGHAM 03","350","11","DEMOCRATIC","0"
"10","0","CHAMPAIGN","0","Over Votes","370","13TH CONGRESS","CUNNINGHAM 03","350","11","DEMOCRATIC","0"
"10","0","CHAMPAIGN","695","NIKKI BUDZINSKI","370","13TH CONGRESS","CUNNINGHAM 16","810","11","DEMOCRATIC","103"
"10","0","CHAMPAIGN","700","DAVID PALMER","370","13TH CONGRESS","CUNNINGHAM 16","810","11","DEMOCRATIC","50"
"10","0","CHAMPAIGN","0","Under Votes","370","13TH CONGRESS","CUNNINGHAM 16","810","11","DEMOCRATIC","3"
"10","0","CHAMPAIGN","0","Over Votes","370","13TH CONGRESS","CUNNINGHAM 16","810","11","DEMOCRATIC","0"
"83","0","SANGAMON","680","MATT HAUSMAN","370","13TH CONGRESS","CAPITAL 017","912","12","REPUBLICAN","13"
"83","0","SANGAMON","685","JESSE REISING","370","13TH CONGRESS","CAPITAL 020","1147","12","REPUBLICAN","60"
"83","0","SANGAMON","675","REGAN DEERING","370","13TH CONGRESS","CAPITAL 020","1147","12","REPUBLICAN","41"
"83","0","SANGAMON","690","TERRY MARTIN","370","13TH CONGRESS","CAPITAL 020","1147","12","REPUBLICAN","13"
"83","0","SANGAMON","680","MATT HAUSMAN","370","13TH CONGRESS","CAPITAL 020","1147","12","REPUBLICAN","20"
"83","0","SANGAMON","685","JESSE REISING","370","13TH CONGRESS","CAPITAL 023","662","12","REPUBLICAN","0"
"83","0","SANGAMON","675","REGAN DEERING","370","13TH CONGRESS","CAPITAL 023","662","12","REPUBLICAN","3"
"83","0","SANGAMON","690","TERRY MARTIN","370","13TH CONGRESS","CAPITAL 023","662","12","REPUBLICAN","1"
"83","0","SANGAMON","680","MATT HAUSMAN","370","13TH CONGRESS","CAPITAL 023","662","12","REPUBLICAN","0"
"83","0","SANGAMON","685","JESSE REISING","370","13TH CONGRESS","CAPITAL 046","719","12","REPUBLICAN","34"
"83","0","SANGAMON","675","REGAN DEERING","370","13TH CONGRESS","CAPITAL 046","719","12","REPUBLICAN","20"
"83","0","SANGAMON","690","TERRY MARTIN","370","13TH CONGRESS","CAPITAL 046","719","12","REPUBLICAN","8"
"83","0","SANGAMON","680","MATT HAUSMAN","370","13TH CONGRESS","CAPITAL 046","719","12","REPUBLICAN","9"
"83","0","SANGAMON","685","JESSE REISING","370","13TH CONGRESS","CAPITAL 049","852","12","REPUBLICAN","33"
"83","0","SANGAMON","675","REGAN DEERING","370","13TH CONGRESS","CAPITAL 049","852","12","REPUBLICAN","48"
"83","0","SANGAMON","690","TERRY MARTIN","370","13TH CONGRESS","CAPITAL 049","852","12","REPUBLICAN","4"
"83","0","SANGAMON","680","MATT HAUSMAN","370","13TH CONGRESS","CAPITAL 049","852","12","REPUBLICAN","11"
"83","0","SANGAMON","685","JESSE REISING","370","13TH CONGRESS","CAPITAL 052","916","12","REPUBLICAN","68"
"83","0","SANGAMON","675","REGAN DEERING","370","13TH CONGRESS","CAPITAL 052","916","12","REPUBLICAN","64"
"83","0","SANGAMON","690","TERRY MARTIN","370","13TH CONGRESS","CAPITAL 052","916","12","REPUBLICAN","13"
"83","0","SANGAMON","680","MATT HAUSMAN","370","13TH CONGRESS","CAPITAL 052","916","12","REPUBLICAN","24"
"83","0","SANGAMON","685","JESSE REISING","370","13TH CONGRESS","CAPITAL 055","820","12","REPUBLICAN","29"
"83","0","SANGAMON","675","REGAN DEERING","370","13TH CONGRESS","CAPITAL 055","820","12","REPUBLICAN","38"
"83","0","SANGAMON","690","TERRY MARTIN","370","13TH CONGRESS","CAPITAL 055","820","12","REPUBLICAN","6"
"83","0","SANGAMON","680","MATT HAUSMAN","370","13TH CONGRESS","CAPITAL 055","820","12","REPUBLICAN","14"
"83","0","SANGAMON","685","JESSE REISING","370","13TH CONGRESS","CAPITAL 075","504","12","REPUBLICAN","9"
"83","0","SANGAMON","675","REGAN DEERING","370","13TH CONGRESS","CAPITAL 075","504","12","REPUBLICAN","5"
"83","0","SANGAMON","690","TERRY MARTIN","370","13TH CONGRESS","CAPITAL 075","504","12","REPUBLICAN","3"
"83","0","SANGAMON","680","MATT HAUSMAN","370","13TH CONGRESS","CAPITAL 075","504","12","REPUBLICAN","4"
"83","0","SANGAMON","685","JESSE REISING","370","13TH CONGRESS","CAPITAL 078","744","12","REPUBLICAN","11"
"83","0","SANGAMON","675","REGAN DEERING","370","13TH CONGRESS","CAPITAL 078","744","12","REPUBLICAN","20"
"83","0","SANGAMON","690","TERRY MARTIN","370","13TH CONGRESS","CAPITAL 078","744","12","REPUBLICAN","3"
"83","0","SANGAMON","680","MATT HAUSMAN","370","13TH CONGRESS","CAPITAL 078","744","12","REPUBLICAN","12"
"83","0","SANGAMON","685","JESSE REISING","370","13TH CONGRESS","CAPITAL 081","887","12","REPUBLICAN","14"
"83","0","SANGAMON","675","REGAN DEERING","370","13TH CONGRESS","CAPITAL 081","887","12","REPUBLICAN","19"
"83","0","SANGAMON","690","TERRY MARTIN","370","13TH CONGRESS","CAPITAL 081","887","12","REPUBLICAN","7"
"83","0","SANGAMON","680","MATT HAUSMAN","370","13TH CONGRESS","CAPITAL 081","887","12","REPUBLICAN","9"
"83","0","SANGAMON","685","JESSE REISING","370","13TH CONGRESS","CAPITAL 084","792","12","REPUBLICAN","13"
"83","0","SANGAMON","675","REGAN DEERING","370","13TH CONGRESS","CAPITAL 084","792","12","REPUBLICAN","16"
"83","0","SANGAMON","690","TERRY MARTIN","370","13TH CONGRESS","CAPITAL 084","792","12","REPUBLICAN","2"
"57","0","MADISON","695","NIKKI BUDZINSKI","370","13TH CONGRESS","WOOD RIVER 12","700","11","DEMOCRATIC","34"
"57","0","MADISON","700","DAVID PALMER","370","13TH CONGRESS","WOOD RIVER 15","553","11","DEMOCRATIC","6"
"57","0","MADISON","695","NIKKI BUDZINSKI","370","13TH CONGRESS","WOOD RIVER 15","553","11","DEMOCRATIC","14"
"83","0","SANGAMON","680","MATT HAUSMAN","370","13TH CONGRESS","CAPITAL 084","792","12","REPUBLICAN","5"
"83","0","SANGAMON","675","REGAN DEERING","370","13TH CONGRESS","CAPITAL 099","834","12","REPUBLICAN","39"
"83","0","SANGAMON","680","MATT HAUSMAN","370","13TH CONGRESS","CAPITAL 099","834","12","REPUBLICAN","21"
"83","0","SANGAMON","690","TERRY MARTIN","370","13TH CONGRESS","CAPITAL 099","834","12","REPUBLICAN","8"
"83","0","SANGAMON","685","JESSE REISING","370","13TH CONGRESS","CAPITAL 102","550","12","REPUBLICAN","11"
"83","0","SANGAMON","675","REGAN DEERING","370","13TH CONGRESS","CAPITAL 102","550","12","REPUBLICAN","10"
"83","0","SANGAMON","690","TERRY MARTIN","370","13TH CONGRESS","CAPITAL 102","550","12","REPUBLICAN","4"
"83","0","SANGAMON","680","MATT HAUSMAN","370","13TH CONGRESS","CAPITAL 102","550","12","REPUBLICAN","9"
"83","0","SANGAMON","685","JESSE REISING","370","13TH CONGRESS","AUBURN 003","815","12","REPUBLICAN","55"
"83","0","SANGAMON","675","REGAN DEERING","370","13TH CONGRESS","AUBURN 003","815","12","REPUBLICAN","40"
"83","0","SANGAMON","690","TERRY MARTIN","370","13TH CONGRESS","AUBURN 003","815","12","REPUBLICAN","7"
"83","0","SANGAMON","680","MATT HAUSMAN","370","13TH CONGRESS","AUBURN 003","815","12","REPUBLICAN","19"
"83","0","SANGAMON","690","TERRY MARTIN","370","13TH CONGRESS","BALL 001","734","12","REPUBLICAN","6"
"83","0","SANGAMON","685","JESSE REISING","370","13TH CONGRESS","BALL 001","734","12","REPUBLICAN","29"
"83","0","SANGAMON","675","REGAN DEERING","370","13TH CONGRESS","BALL 001","734","12","REPUBLICAN","44"
"83","0","SANGAMON","680","MATT HAUSMAN","370","13TH CONGRESS","BALL 001","734","12","REPUBLICAN","19"
"83","0","SANGAMON","690","TERRY MARTIN","370","13TH CONGRESS","COTTON HILL 001","745","12","REPUBLICAN","16"
"83","0","SANGAMON","675","REGAN DEERING","370","13TH CONGRESS","COTTON HILL 001","745","12","REPUBLICAN","57"
"83","0","SANGAMON","680","MATT HAUSMAN","370","13TH CONGRESS","COTTON HILL 001","745","12","REPUBLICAN","19"
"83","0","SANGAMON","685","JESSE REISING","370","13TH CONGRESS","COTTON HILL 001","745","12","REPUBLICAN","44"
"83","0","SANGAMON","690","TERRY MARTIN","370","13TH CONGRESS","DIVERNON 001","614","12","REPUBLICAN","7"
"83","0","SANGAMON","685","JESSE REISING","370","13TH CONGRESS","DIVERNON 001","614","12","REPUBLICAN","33"
"83","0","SANGAMON","675","REGAN DEERING","370","13TH CONGRESS","DIVERNON 001","614","12","REPUBLICAN","40"
"83","0","SANGAMON","680","MATT HAUSMAN","370","13TH CONGRESS","DIVERNON 001","614","12","REPUBLICAN","22"
"83","0","SANGAMON","690","TERRY MARTIN","370","13TH CONGRESS","SPRINGFIELD 002","699","12","REPUBLICAN","8"
"83","0","SANGAMON","685","JESSE REISING","370","13TH CONGRESS","SPRINGFIELD 002","699","12","REPUBLICAN","8"
"83","0","SANGAMON","675","REGAN DEERING","370","13TH CONGRESS","SPRINGFIELD 002","699","12","REPUBLICAN","12"
"83","0","SANGAMON","680","MATT HAUSMAN","370","13TH CONGRESS","SPRINGFIELD 002","699","12","REPUBLICAN","12"
"83","0","SANGAMON","690","TERRY MARTIN","370","13TH CONGRESS","SPRINGFIELD 005","770","12","REPUBLICAN","2"
"83","0","SANGAMON","685","JESSE REISING","370","13TH CONGRESS","SPRINGFIELD 005","770","12","REPUBLICAN","25"
"83","0","SANGAMON","675","REGAN DEERING","370","13TH CONGRESS","SPRINGFIELD 005","770","12","REPUBLICAN","25"
"83","0","SANGAMON","680","MATT HAUSMAN","370","13TH CONGRESS","SPRINGFIELD 005","770","12","REPUBLICAN","10"
"83","0","SANGAMON","675","REGAN DEERING","370","13TH CONGRESS","CAPITAL 086","713","12","REPUBLICAN","51"
"83","0","SANGAMON","690","TERRY MARTIN","370","13TH CONGRESS","CAPITAL 086","713","12","REPUBLICAN","8"
"83","0","SANGAMON","680","MATT HAUSMAN","370","13TH CONGRESS","CAPITAL 086","713","12","REPUBLICAN","12"
"83","0","SANGAMON","680","MATT HAUSMAN","370","13TH CONGRESS","CAPITAL 089","478","12","REPUBLICAN","7"
"83","0","SANGAMON","685","JESSE REISING","370","13TH CONGRESS","CAPITAL 089","478","12","REPUBLICAN","8"
"83","0","SANGAMON","675","REGAN DEERING","370","13TH CONGRESS","CAPITAL 089","478","12","REPUBLICAN","16"
"83","0","SANGAMON","690","TERRY MARTIN","370","13TH CONGRESS","CAPITAL 089","478","12","REPUBLICAN","3"
"83","0","SANGAMON","680","MATT HAUSMAN","370","13TH CONGRESS","CAPITAL 092","851","12","REPUBLICAN","20"
"83","0","SANGAMON","685","JESSE REISING","370","13TH CONGRESS","CAPITAL 092","851","12","REPUBLICAN","63"
"83","0","SANGAMON","675","REGAN DEERING","370","13TH CONGRESS","CAPITAL 092","851","12","REPUBLICAN","42"
"83","0","SANGAMON","690","TERRY MARTIN","370","13TH CONGRESS","CAPITAL 092","851","12","REPUBLICAN","11"
"83","0","SANGAMON","685","JESSE REISING","370","13TH CONGRESS","CHATHAM 001","1418","12","REPUBLICAN","37"
"83","0","SANGAMON","675","REGAN DEERING","370","13TH CONGRESS","CHATHAM 001","1418","12","REPUBLICAN","66"
"83","0","SANGAMON","690","TERRY MARTIN","370","13TH CONGRESS","CHATHAM 001","1418","12","REPUBLICAN","9"
"83","0","SANGAMON","680","MATT HAUSMAN","370","13TH CONGRESS","CHATHAM 001","1418","12","REPUBLICAN","30"
"83","0","SANGAMON","690","TERRY MARTIN","370","13TH CONGRESS","CHATHAM 004","954","12","REPUBLICAN","9"
"83","0","SANGAMON","685","JESSE REISING","370","13TH CONGRESS","CHATHAM 004","954","12","REPUBLICAN","42"
"83","0","SANGAMON","675","REGAN DEERING","370","13TH CONGRESS","CHATHAM 004","954","12","REPUBLICAN","51"
"83","0","SANGAMON","680","MATT HAUSMAN","370","13TH CONGRESS","CHATHAM 004","954","12","REPUBLICAN","19"
"83","0","SANGAMON","685","JESSE REISING","370","13TH CONGRESS","LANESVILLE 001","144","12","REPUBLICAN","9"
"83","0","SANGAMON","675","REGAN DEERING","370","13TH CONGRESS","LANESVILLE 001","144","12","REPUBLICAN","10"
"83","0","SANGAMON","690","TERRY MARTIN","370","13TH CONGRESS","LANESVILLE 001","144","12","REPUBLICAN","5"
"83","0","SANGAMON","680","MATT HAUSMAN","370","13TH CONGRESS","LANESVILLE 001","144","12","REPUBLICAN","7"
"83","0","SANGAMON","685","JESSE REISING","370","13TH CONGRESS","MECHANICSBURG 001","675","12","REPUBLICAN","33"
"83","0","SANGAMON","675","REGAN DEERING","370","13TH CONGRESS","MECHANICSBURG 001","675","12","REPUBLICAN","27"
"83","0","SANGAMON","690","TERRY MARTIN","370","13TH CONGRESS","MECHANICSBURG 001","675","12","REPUBLICAN","9"
"83","0","SANGAMON","680","MATT HAUSMAN","370","13TH CONGRESS","MECHANICSBURG 001","675","12","REPUBLICAN","44"
"83","0","SANGAMON","690","TERRY MARTIN","370","13TH CONGRESS","PAWNEE 003","642","12","REPUBLICAN","6"
"83","0","SANGAMON","685","JESSE REISING","370","13TH CONGRESS","PAWNEE 003","642","12","REPUBLICAN","27"
"83","0","SANGAMON","675","REGAN DEERING","370","13TH CONGRESS","PAWNEE 003","642","12","REPUBLICAN","35"
"83","0","SANGAMON","680","MATT HAUSMAN","370","13TH CONGRESS","PAWNEE 003","642","12","REPUBLICAN","13"
"83","0","SANGAMON","685","JESSE REISING","370","13TH CONGRESS","WOODSIDE 006","793","12","REPUBLICAN","11"
"83","0","SANGAMON","675","REGAN DEERING","370","13TH CONGRESS","WOODSIDE 006","793","12","REPUBLICAN","15"
"83","0","SANGAMON","690","TERRY MARTIN","370","13TH CONGRESS","WOODSIDE 006","793","12","REPUBLICAN","3"
"83","0","SANGAMON","680","MATT HAUSMAN","370","13TH CONGRESS","WOODSIDE 006","793","12","REPUBLICAN","18"
"83","0","SANGAMON","685","JESSE REISING","370","13TH CONGRESS","WOODSIDE 009","617","12","REPUBLICAN","24"
"83","0","SANGAMON","675","REGAN DEERING","370","13TH CONGRESS","WOODSIDE 009","617","12","REPUBLICAN","40"
"83","0","SANGAMON","690","TERRY MARTIN","370","13TH CONGRESS","WOODSIDE 009","617","12","REPUBLICAN","8"
"83","0","SANGAMON","680","MATT HAUSMAN","370","13TH CONGRESS","WOODSIDE 009","617","12","REPUBLICAN","10"
"83","0","SANGAMON","690","TERRY MARTIN","370","13TH CONGRESS","WOODSIDE 012","373","12","REPUBLICAN","2"
"83","0","SANGAMON","685","JESSE REISING","370","13TH CONGRESS","WOODSIDE 012","373","12","REPUBLICAN","6"
"83","0","SANGAMON","675","REGAN DEERING","370","13TH CONGRESS","WOODSIDE 012","373","12","REPUBLICAN","16"
"83","0","SANGAMON","680","MATT HAUSMAN","370","13TH CONGRESS","WOODSIDE 012","373","12","REPUBLICAN","3"
"83","0","SANGAMON","0","Under Votes","370","13TH CONGRESS","","0","12","REPUBLICAN","1094"
"83","0","SANGAMON","0","Over Votes","370","13TH CONGRESS","","0","12","REPUBLICAN","4"
"55","0","MACON","0","Over Votes","370","13TH CONGRESS","DECATUR 10","1222","12","REPUBLICAN","0"
"55","0","MACON","685","JESSE REISING","370","13TH CONGRESS","DECATUR 10","1222","12","REPUBLICAN","31"
"55","0","MACON","690","TERRY MARTIN","370","13TH CONGRESS","DECATUR 10","1222","12","REPUBLICAN","7"
"55","0","MACON","680","MATT HAUSMAN","370","13TH CONGRESS","DECATUR 10","1222","12","REPUBLICAN","6"
"55","0","MACON","0","Blank Ballots","370","13TH CONGRESS","DECATUR 10","1222","12","REPUBLICAN","0"
"55","0","MACON","675","REGAN DEERING","370","13TH CONGRESS","DECATUR 10","1222","12","REPUBLICAN","31"
"55","0","MACON","680","MATT HAUSMAN","370","13TH CONGRESS","DECATUR 17","1274","12","REPUBLICAN","2"
"55","0","MACON","0","Under Votes","370","13TH CONGRESS","DECATUR 17","1274","12","REPUBLICAN","0"
"55","0","MACON","0","Over Votes","370","13TH CONGRESS","DECATUR 17","1274","12","REPUBLICAN","0"
"55","0","MACON","685","JESSE REISING","370","13TH CONGRESS","DECATUR 17","1274","12","REPUBLICAN","3"
"55","0","MACON","690","TERRY MARTIN","370","13TH CONGRESS","DECATUR 17","1274","12","REPUBLICAN","0"
"55","0","MACON","0","Blank Ballots","370","13TH CONGRESS","DECATUR 17","1274","12","REPUBLICAN","0"
"55","0","MACON","675","REGAN DEERING","370","13TH CONGRESS","DECATUR 17","1274","12","REPUBLICAN","3"
"55","0","MACON","0","Over Votes","370","13TH CONGRESS","DECATUR 24","1227","12","REPUBLICAN","0"
"55","0","MACON","680","MATT HAUSMAN","370","13TH CONGRESS","DECATUR 24","1227","12","REPUBLICAN","10"
"55","0","MACON","685","JESSE REISING","370","13TH CONGRESS","DECATUR 24","1227","12","REPUBLICAN","21"
"55","0","MACON","690","TERRY MARTIN","370","13TH CONGRESS","DECATUR 24","1227","12","REPUBLICAN","14"
"55","0","MACON","0","Blank Ballots","370","13TH CONGRESS","DECATUR 24","1227","12","REPUBLICAN","0"
"55","0","MACON","675","REGAN DEERING","370","13TH CONGRESS","DECATUR 24","1227","12","REPUBLICAN","36"
"55","0","MACON","0","Under Votes","370","13TH CONGRESS","DECATUR 24","1227","12","REPUBLICAN","2"
"55","0","MACON","680","MATT HAUSMAN","370","13TH CONGRESS","HICKORY PT. 3","854","12","REPUBLICAN","0"
"55","0","MACON","0","Under Votes","370","13TH CONGRESS","HICKORY PT. 3","854","12","REPUBLICAN","1"
"55","0","MACON","0","Over Votes","370","13TH CONGRESS","HICKORY PT. 3","854","12","REPUBLICAN","0"
"55","0","MACON","685","JESSE REISING","370","13TH CONGRESS","HICKORY PT. 3","854","12","REPUBLICAN","0"
"55","0","MACON","690","TERRY MARTIN","370","13TH CONGRESS","HICKORY PT. 3","854","12","REPUBLICAN","0"
"55","0","MACON","0","Blank Ballots","370","13TH CONGRESS","HICKORY PT. 3","854","12","REPUBLICAN","0"
"55","0","MACON","675","REGAN DEERING","370","13TH CONGRESS","HICKORY PT. 3","854","12","REPUBLICAN","2"
"55","0","MACON","0","Under Votes","370","13TH CONGRESS","HICKORY PT. 10","878","12","REPUBLICAN","9"
"55","0","MACON","0","Over Votes","370","13TH CONGRESS","HICKORY PT. 10","878","12","REPUBLICAN","1"
"55","0","MACON","680","MATT HAUSMAN","370","13TH CONGRESS","HICKORY PT. 10","878","12","REPUBLICAN","8"
"55","0","MACON","685","JESSE REISING","370","13TH CONGRESS","HICKORY PT. 10","878","12","REPUBLICAN","59"
"55","0","MACON","690","TERRY MARTIN","370","13TH CONGRESS","HICKORY PT. 10","878","12","REPUBLICAN","9"
"55","0","MACON","0","Blank Ballots","370","13TH CONGRESS","HICKORY PT. 10","878","12","REPUBLICAN","0"
"55","0","MACON","675","REGAN DEERING","370","13TH CONGRESS","HICKORY PT. 10","878","12","REPUBLICAN","95"
"55","0","MACON","0","Under Votes","370","13TH CONGRESS","DECATUR 19","1433","12","REPUBLICAN","3"
"55","0","MACON","685","JESSE REISING","370","13TH CONGRESS","HICKORY PT. 6","1475","12","REPUBLICAN","21"
"55","0","MACON","680","MATT HAUSMAN","370","13TH CONGRESS","HICKORY PT. 6","1475","12","REPUBLICAN","12"
"55","0","MACON","0","Blank Ballots","370","13TH CONGRESS","HICKORY PT. 6","1475","12","REPUBLICAN","0"
"55","0","MACON","675","REGAN DEERING","370","13TH CONGRESS","HICKORY PT. 6","1475","12","REPUBLICAN","31"
"55","0","MACON","0","Under Votes","370","13TH CONGRESS","NIANTIC","497","12","REPUBLICAN","7"
"55","0","MACON","0","Over Votes","370","13TH CONGRESS","NIANTIC","497","12","REPUBLICAN","0"
"55","0","MACON","685","JESSE REISING","370","13TH CONGRESS","NIANTIC","497","12","REPUBLICAN","24"
"55","0","MACON","690","TERRY MARTIN","370","13TH CONGRESS","NIANTIC","497","12","REPUBLICAN","5"
"55","0","MACON","680","MATT HAUSMAN","370","13TH CONGRESS","NIANTIC","497","12","REPUBLICAN","16"
"55","0","MACON","0","Blank Ballots","370","13TH CONGRESS","NIANTIC","497","12","REPUBLICAN","0"
"55","0","MACON","675","REGAN DEERING","370","13TH CONGRESS","NIANTIC","497","12","REPUBLICAN","30"
"55","0","MACON","0","Under Votes","370","13TH CONGRESS","DECATUR 3","1577","12","REPUBLICAN","1"
"55","0","MACON","0","Over Votes","370","13TH CONGRESS","DECATUR 3","1577","12","REPUBLICAN","0"
"55","0","MACON","685","JESSE REISING","370","13TH CONGRESS","DECATUR 3","1577","12","REPUBLICAN","14"
"55","0","MACON","690","TERRY MARTIN","370","13TH CONGRESS","DECATUR 3","1577","12","REPUBLICAN","6"
"55","0","MACON","680","MATT HAUSMAN","370","13TH CONGRESS","DECATUR 3","1577","12","REPUBLICAN","8"
"55","0","MACON","0","Blank Ballots","370","13TH CONGRESS","DECATUR 3","1577","12","REPUBLICAN","0"
"55","0","MACON","675","REGAN DEERING","370","13TH CONGRESS","DECATUR 3","1577","12","REPUBLICAN","22"
"55","0","MACON","0","Under Votes","370","13TH CONGRESS","DECATUR 14","646","12","REPUBLICAN","4"
"55","0","MACON","0","Over Votes","370","13TH CONGRESS","DECATUR 14","646","12","REPUBLICAN","0"
"55","0","MACON","690","TERRY MARTIN","370","13TH CONGRESS","DECATUR 14","646","12","REPUBLICAN","6"
"55","0","MACON","685","JESSE REISING","370","13TH CONGRESS","DECATUR 14","646","12","REPUBLICAN","18"
"55","0","MACON","680","MATT HAUSMAN","370","13TH CONGRESS","DECATUR 14","646","12","REPUBLICAN","8"
"55","0","MACON","0","Blank Ballots","370","13TH CONGRESS","DECATUR 14","646","12","REPUBLICAN","0"
"55","0","MACON","675","REGAN DEERING","370","13TH CONGRESS","DECATUR 14","646","12","REPUBLICAN","25"
"55","0","MACON","0","Blank Ballots","370","13TH CONGRESS","HICKORY PT. 2","1250","12","REPUBLICAN","0"
"55","0","MACON","675","REGAN DEERING","370","13TH CONGRESS","HICKORY PT. 2","1250","12","REPUBLICAN","0"
"55","0","MACON","690","TERRY MARTIN","370","13TH CONGRESS","HICKORY PT. 2","1250","12","REPUBLICAN","0"
"55","0","MACON","0","Under Votes","370","13TH CONGRESS","WHITMORE 1","1440","12","REPUBLICAN","28"
"55","0","MACON","0","Over Votes","370","13TH CONGRESS","WHITMORE 1","1440","12","REPUBLICAN","0"
"55","0","MACON","685","JESSE REISING","370","13TH CONGRESS","WHITMORE 1","1440","12","REPUBLICAN","134"
"55","0","MACON","690","TERRY MARTIN","370","13TH CONGRESS","WHITMORE 1","1440","12","REPUBLICAN","21"
"55","0","MACON","680","MATT HAUSMAN","370","13TH CONGRESS","WHITMORE 1","1440","12","REPUBLICAN","23"
"55","0","MACON","0","Blank Ballots","370","13TH CONGRESS","WHITMORE 1","1440","12","REPUBLICAN","0"
"55","0","MACON","675","REGAN DEERING","370","13TH CONGRESS","WHITMORE 1","1440","12","REPUBLICAN","84"
"55","0","MACON","0","Under Votes","370","13TH CONGRESS","DECATUR 1","893","12","REPUBLICAN","1"
"55","0","MACON","0","Over Votes","370","13TH CONGRESS","DECATUR 1","893","12","REPUBLICAN","0"
"55","0","MACON","685","JESSE REISING","370","13TH CONGRESS","DECATUR 1","893","12","REPUBLICAN","5"
"55","0","MACON","690","TERRY MARTIN","370","13TH CONGRESS","DECATUR 1","893","12","REPUBLICAN","4"
"55","0","MACON","680","MATT HAUSMAN","370","13TH CONGRESS","DECATUR 1","893","12","REPUBLICAN","4"
"55","0","MACON","0","Blank Ballots","370","13TH CONGRESS","DECATUR 1","893","12","REPUBLICAN","0"
"55","0","MACON","675","REGAN DEERING","370","13TH CONGRESS","DECATUR 1","893","12","REPUBLICAN","8"
"55","0","MACON","0","Under Votes","370","13TH CONGRESS","DECATUR 8","1366","12","REPUBLICAN","2"
"55","0","MACON","0","Over Votes","370","13TH CONGRESS","DECATUR 8","1366","12","REPUBLICAN","0"
"55","0","MACON","685","JESSE REISING","370","13TH CONGRESS","DECATUR 8","1366","12","REPUBLICAN","1"
"55","0","MACON","690","TERRY MARTIN","370","13TH CONGRESS","DECATUR 8","1366","12","REPUBLICAN","0"
"55","0","MACON","680","MATT HAUSMAN","370","13TH CONGRESS","DECATUR 8","1366","12","REPUBLICAN","3"
"55","0","MACON","0","Blank Ballots","370","13TH CONGRESS","DECATUR 8","1366","12","REPUBLICAN","0"
"55","0","MACON","675","REGAN DEERING","370","13TH CONGRESS","DECATUR 8","1366","12","REPUBLICAN","3"
"55","0","MACON","0","Under Votes","370","13TH CONGRESS","DECATUR 15","922","12","REPUBLICAN","1"
"55","0","MACON","0","Over Votes","370","13TH CONGRESS","DECATUR 15","922","12","REPUBLICAN","0"
"55","0","MACON","680","MATT HAUSMAN","370","13TH CONGRESS","DECATUR 15","922","12","REPUBLICAN","1"
"55","0","MACON","685","JESSE REISING","370","13TH CONGRESS","DECATUR 15","922","12","REPUBLICAN","1"
"55","0","MACON","690","TERRY MARTIN","370","13TH CONGRESS","DECATUR 15","922","12","REPUBLICAN","0"
"55","0","MACON","0","Blank Ballots","370","13TH CONGRESS","DECATUR 15","922","12","REPUBLICAN","0"
"55","0","MACON","675","REGAN DEERING","370","13TH CONGRESS","DECATUR 15","922","12","REPUBLICAN","7"
"55","0","MACON","0","Under Votes","370","13TH CONGRESS","HICKORY PT. 1","2282","12","REPUBLICAN","32"
"55","0","MACON","0","Over Votes","370","13TH CONGRESS","HICKORY PT. 1","2282","12","REPUBLICAN","0"
"55","0","MACON","680","MATT HAUSMAN","370","13TH CONGRESS","HICKORY PT. 1","2282","12","REPUBLICAN","24"
"55","0","MACON","685","JESSE REISING","370","13TH CONGRESS","HICKORY PT. 1","2282","12","REPUBLICAN","187"
"55","0","MACON","690","TERRY MARTIN","370","13TH CONGRESS","HICKORY PT. 1","2282","12","REPUBLICAN","16"
"55","0","MACON","0","Blank Ballots","370","13TH CONGRESS","HICKORY PT. 1","2282","12","REPUBLICAN","0"
"55","0","MACON","675","REGAN DEERING","370","13TH CONGRESS","HICKORY PT. 1","2282","12","REPUBLICAN","283"
"55","0","MACON","0","Under Votes","370","13TH CONGRESS","ILLINI","920","12","REPUBLICAN","17"
"55","0","MACON","0","Over Votes","370","13TH CONGRESS","ILLINI","920","12","REPUBLICAN","1"
"55","0","MACON","685","JESSE REISING","370","13TH CONGRESS","ILLINI","920","12","REPUBLICAN","95"
"55","0","MACON","690","TERRY MARTIN","370","13TH CONGRESS","ILLINI","920","12","REPUBLICAN","25"
"55","0","MACON","680","MATT HAUSMAN","370","13TH CONGRESS","ILLINI","920","12","REPUBLICAN","32"
"55","0","MACON","0","Blank Ballots","370","13TH CONGRESS","ILLINI","920","12","REPUBLICAN","0"
"55","0","MACON","675","REGAN DEERING","370","13TH CONGRESS","ILLINI","920","12","REPUBLICAN","66"
"55","0","MACON","685","JESSE REISING","370","13TH CONGRESS","DECATUR 4","1448","12","REPUBLICAN","21"
"55","0","MACON","690","TERRY MARTIN","370","13TH CONGRESS","DECATUR 4","1448","12","REPUBLICAN","6"
"55","0","MACON","0","Blank Ballots","370","13TH CONGRESS","DECATUR 4","1448","12","REPUBLICAN","0"
"55","0","MACON","675","REGAN DEERING","370","13TH CONGRESS","DECATUR 4","1448","12","REPUBLICAN","28"
"55","0","MACON","0","Under Votes","370","13TH CONGRESS","DECATUR 22","878","12","REPUBLICAN","0"
"55","0","MACON","0","Over Votes","370","13TH CONGRESS","DECATUR 22","878","12","REPUBLICAN","0"
"55","0","MACON","680","MATT HAUSMAN","370","13TH CONGRESS","DECATUR 22","878","12","REPUBLICAN","4"
"55","0","MACON","685","JESSE REISING","370","13TH CONGRESS","DECATUR 22","878","12","REPUBLICAN","5"
"55","0","MACON","690","TERRY MARTIN","370","13TH CONGRESS","DECATUR 22","878","12","REPUBLICAN","1"
"55","0","MACON","0","Blank Ballots","370","13TH CONGRESS","DECATUR 22","878","12","REPUBLICAN","0"
"55","0","MACON","675","REGAN DEERING","370","13TH CONGRESS","DECATUR 22","878","12","REPUBLICAN","6"
"55","0","MACON","0","Over Votes","370","13TH CONGRESS","DECATUR 19","1433","12","REPUBLICAN","0"
"55","0","MACON","685","JESSE REISING","370","13TH CONGRESS","DECATUR 19","1433","12","REPUBLICAN","17"
"55","0","MACON","690","TERRY MARTIN","370","13TH CONGRESS","DECATUR 19","1433","12","REPUBLICAN","3"
"55","0","MACON","680","MATT HAUSMAN","370","13TH CONGRESS","DECATUR 19","1433","12","REPUBLICAN","2"
"55","0","MACON","0","Blank Ballots","370","13TH CONGRESS","DECATUR 19","1433","12","REPUBLICAN","0"
"55","0","MACON","675","REGAN DEERING","370","13TH CONGRESS","DECATUR 19","1433","12","REPUBLICAN","14"
"55","0","MACON","0","Under Votes","370","13TH CONGRESS","DECATUR 23","1064","12","REPUBLICAN","5"
"55","0","MACON","0","Over Votes","370","13TH CONGRESS","DECATUR 23","1064","12","REPUBLICAN","0"
"55","0","MACON","685","JESSE REISING","370","13TH CONGRESS","DECATUR 23","1064","12","REPUBLICAN","15"
"55","0","MACON","690","TERRY MARTIN","370","13TH CONGRESS","DECATUR 23","1064","12","REPUBLICAN","11"
"55","0","MACON","680","MATT HAUSMAN","370","13TH CONGRESS","DECATUR 23","1064","12","REPUBLICAN","11"
"55","0","MACON","0","Blank Ballots","370","13TH CONGRESS","DECATUR 23","1064","12","REPUBLICAN","0"
"55","0","MACON","675","REGAN DEERING","370","13TH CONGRESS","DECATUR 23","1064","12","REPUBLICAN","23"
"55","0","MACON","0","Under Votes","370","13TH CONGRESS","HICKORY PT. 5","1140","12","REPUBLICAN","4"
"55","0","MACON","0","Over Votes","370","13TH CONGRESS","HICKORY PT. 5","1140","12","REPUBLICAN","0"
"55","0","MACON","685","JESSE REISING","370","13TH CONGRESS","HICKORY PT. 5","1140","12","REPUBLICAN","33"
"55","0","MACON","690","TERRY MARTIN","370","13TH CONGRESS","HICKORY PT. 5","1140","12","REPUBLICAN","14"
"55","0","MACON","680","MATT HAUSMAN","370","13TH CONGRESS","HICKORY PT. 5","1140","12","REPUBLICAN","15"
"55","0","MACON","0","Blank Ballots","370","13TH CONGRESS","HICKORY PT. 5","1140","12","REPUBLICAN","0"
"55","0","MACON","675","REGAN DEERING","370","13TH CONGRESS","HICKORY PT. 5","1140","12","REPUBLICAN","37"
"55","0","MACON","0","Under Votes","370","13TH CONGRESS","LONG CREEK 4","1360","12","REPUBLICAN","0"
"55","0","MACON","0","Over Votes","370","13TH CONGRESS","LONG CREEK 4","1360","12","REPUBLICAN","0"
"55","0","MACON","685","JESSE REISING","370","13TH CONGRESS","LONG CREEK 4","1360","12","REPUBLICAN","2"
"55","0","MACON","690","TERRY MARTIN","370","13TH CONGRESS","LONG CREEK 4","1360","12","REPUBLICAN","0"
"55","0","MACON","680","MATT HAUSMAN","370","13TH CONGRESS","LONG CREEK 4","1360","12","REPUBLICAN","1"
"55","0","MACON","0","Blank Ballots","370","13TH CONGRESS","LONG CREEK 4","1360","12","REPUBLICAN","0"
"55","0","MACON","675","REGAN DEERING","370","13TH CONGRESS","LONG CREEK 4","1360","12","REPUBLICAN","3"
"55","0","MACON","0","Under Votes","370","13TH CONGRESS","DECATUR 25","456","12","REPUBLICAN","1"
"55","0","MACON","0","Over Votes","370","13TH CONGRESS","DECATUR 25","456","12","REPUBLICAN","0"
"55","0","MACON","685","JESSE REISING","370","13TH CONGRESS","DECATUR 25","456","12","REPUBLICAN","6"
"55","0","MACON","690","TERRY MARTIN","370","13TH CONGRESS","DECATUR 25","456","12","REPUBLICAN","5"
"55","0","MACON","680","MATT HAUSMAN","370","13TH CONGRESS","DECATUR 25","456","12","REPUBLICAN","7"
"55","0","MACON","0","Blank Ballots","370","13TH CONGRESS","DECATUR 25","456","12","REPUBLICAN","0"
"55","0","MACON","675","REGAN DEERING","370","13TH CONGRESS","DECATUR 25","456","12","REPUBLICAN","13"
"55","0","MACON","0","Over Votes","370","13TH CONGRESS","HICKORY PT. 4","1033","12","REPUBLICAN","0"
"55","0","MACON","685","JESSE REISING","370","13TH CONGRESS","HICKORY PT. 4","1033","12","REPUBLICAN","72"
"55","0","MACON","0","Blank Ballots","370","13TH CONGRESS","HICKORY PT. 4","1033","12","REPUBLICAN","0"
"55","0","MACON","690","TERRY MARTIN","370","13TH CONGRESS","HICKORY PT. 4","1033","12","REPUBLICAN","13"
"55","0","MACON","680","MATT HAUSMAN","370","13TH CONGRESS","HICKORY PT. 4","1033","12","REPUBLICAN","16"
"55","0","MACON","675","REGAN DEERING","370","13TH CONGRESS","HICKORY PT. 4","1033","12","REPUBLICAN","57"
"55","0","MACON","0","Under Votes","370","13TH CONGRESS","HICKORY PT. 4","1033","12","REPUBLICAN","14"
"55","0","MACON","680","MATT HAUSMAN","370","13TH CONGRESS","DECATUR 28","1208","12","REPUBLICAN","13"
"55","0","MACON","0","Under Votes","370","13TH CONGRESS","DECATUR 28","1208","12","REPUBLICAN","4"
"55","0","MACON","0","Over Votes","370","13TH CONGRESS","DECATUR 28","1208","12","REPUBLICAN","1"
"55","0","MACON","690","TERRY MARTIN","370","13TH CONGRESS","DECATUR 28","1208","12","REPUBLICAN","9"
"55","0","MACON","685","JESSE REISING","370","13TH CONGRESS","DECATUR 28","1208","12","REPUBLICAN","74"
"55","0","MACON","0","Blank Ballots","370","13TH CONGRESS","DECATUR 28","1208","12","REPUBLICAN","0"
"55","0","MACON","675","REGAN DEERING","370","13TH CONGRESS","DECATUR 28","1208","12","REPUBLICAN","57"
"55","0","MACON","0","Under Votes","370","13TH CONGRESS","HARRISTOWN","1324","12","REPUBLICAN","14"
"55","0","MACON","0","Over Votes","370","13TH CONGRESS","HARRISTOWN","1324","12","REPUBLICAN","2"
"55","0","MACON","685","JESSE REISING","370","13TH CONGRESS","HARRISTOWN","1324","12","REPUBLICAN","60"
"55","0","MACON","690","TERRY MARTIN","370","13TH CONGRESS","HARRISTOWN","1324","12","REPUBLICAN","16"
"55","0","MACON","680","MATT HAUSMAN","370","13TH CONGRESS","HARRISTOWN","1324","12","REPUBLICAN","20"
"55","0","MACON","0","Blank Ballots","370","13TH CONGRESS","HARRISTOWN","1324","12","REPUBLICAN","0"
"55","0","MACON","675","REGAN DEERING","370","13TH CONGRESS","HARRISTOWN","1324","12","REPUBLICAN","65"
"55","0","MACON","0","Under Votes","370","13TH CONGRESS","OAKLEY","837","12","REPUBLICAN","16"
"55","0","MACON","0","Over Votes","370","13TH CONGRESS","OAKLEY","837","12","REPUBLICAN","0"
"55","0","MACON","690","TERRY MARTIN","370","13TH CONGRESS","OAKLEY","837","12","REPUBLICAN","25"
"55","0","MACON","685","JESSE REISING","370","13TH CONGRESS","OAKLEY","837","12","REPUBLICAN","94"
"55","0","MACON","680","MATT HAUSMAN","370","13TH CONGRESS","OAKLEY","837","12","REPUBLICAN","18"
"55","0","MACON","0","Blank Ballots","370","13TH CONGRESS","OAKLEY","837","12","REPUBLICAN","0"
"55","0","MACON","675","REGAN DEERING","370","13TH CONGRESS","OAKLEY","837","12","REPUBLICAN","50"
"55","0","MACON","680","MATT HAUSMAN","370","13TH CONGRESS","WHITMORE 2","1574","12","REPUBLICAN","17"
"55","0","MACON","0","Under Votes","370","13TH CONGRESS","WHITMORE 2","1574","12","REPUBLICAN","9"
"55","0","MACON","0","Over Votes","370","13TH CONGRESS","WHITMORE 2","1574","12","REPUBLICAN","0"
"55","0","MACON","690","TERRY MARTIN","370","13TH CONGRESS","WHITMORE 2","1574","12","REPUBLICAN","10"
"55","0","MACON","685","JESSE REISING","370","13TH CONGRESS","WHITMORE 2","1574","12","REPUBLICAN","58"
"55","0","MACON","0","Blank Ballots","370","13TH CONGRESS","WHITMORE 2","1574","12","REPUBLICAN","0"
"55","0","MACON","675","REGAN DEERING","370","13TH CONGRESS","WHITMORE 2","1574","12","REPUBLICAN","78"
"55","0","MACON","0","Under Votes","370","13TH CONGRESS","DECATUR 7","771","12","REPUBLICAN","5"
"55","0","MACON","0","Over Votes","370","13TH CONGRESS","DECATUR 7","771","12","REPUBLICAN","0"
"55","0","MACON","690","TERRY MARTIN","370","13TH CONGRESS","DECATUR 7","771","12","REPUBLICAN","11"
"55","0","MACON","685","JESSE REISING","370","13TH CONGRESS","DECATUR 7","771","12","REPUBLICAN","32"
"55","0","MACON","680","MATT HAUSMAN","370","13TH CONGRESS","DECATUR 7","771","12","REPUBLICAN","11"
"55","0","MACON","0","Blank Ballots","370","13TH CONGRESS","DECATUR 7","771","12","REPUBLICAN","0"
"55","0","MACON","675","REGAN DEERING","370","13TH CONGRESS","DECATUR 7","771","12","REPUBLICAN","35"
"55","0","MACON","680","MATT HAUSMAN","370","13TH CONGRESS","DECATUR 18","1387","12","REPUBLICAN","15"
"55","0","MACON","675","REGAN DEERING","370","13TH CONGRESS","DECATUR 18","1387","12","REPUBLICAN","40"
"55","0","MACON","0","Under Votes","370","13TH CONGRESS","DECATUR 18","1387","12","REPUBLICAN","4"
"55","0","MACON","0","Over Votes","370","13TH CONGRESS","DECATUR 18","1387","12","REPUBLICAN","0"
"55","0","MACON","685","JESSE REISING","370","13TH CONGRESS","DECATUR 18","1387","12","REPUBLICAN","27"
"55","0","MACON","0","Blank Ballots","370","13TH CONGRESS","DECATUR 18","1387","12","REPUBLICAN","0"
"55","0","MACON","690","TERRY MARTIN","370","13TH CONGRESS","DECATUR 18","1387","12","REPUBLICAN","7"
"55","0","MACON","0","Under Votes","370","13TH CONGRESS","DECATUR 4","1448","12","REPUBLICAN","6"
"55","0","MACON","0","Over Votes","370","13TH CONGRESS","DECATUR 4","1448","12","REPUBLICAN","0"
"55","0","MACON","680","MATT HAUSMAN","370","13TH CONGRESS","DECATUR 4","1448","12","REPUBLICAN","10"
"55","0","MACON","0","Under Votes","370","13TH CONGRESS","DECATUR 10","1222","12","REPUBLICAN","7"
"55","0","MACON","0","Under Votes","370","13TH CONGRESS","DECATUR 2","1506","12","REPUBLICAN","2"
"55","0","MACON","0","Over Votes","370","13TH CONGRESS","DECATUR 2","1506","12","REPUBLICAN","0"
"55","0","MACON","0","Blank Ballots","370","13TH CONGRESS","DECATUR 2","1506","12","REPUBLICAN","0"
"55","0","MACON","690","TERRY MARTIN","370","13TH CONGRESS","DECATUR 2","1506","12","REPUBLICAN","5"
"55","0","MACON","685","JESSE REISING","370","13TH CONGRESS","DECATUR 2","1506","12","REPUBLICAN","22"
"55","0","MACON","680","MATT HAUSMAN","370","13TH CONGRESS","DECATUR 2","1506","12","REPUBLICAN","13"
"55","0","MACON","675","REGAN DEERING","370","13TH CONGRESS","DECATUR 2","1506","12","REPUBLICAN","27"
"55","0","MACON","0","Under Votes","370","13TH CONGRESS","DECATUR 20","1466","12","REPUBLICAN","4"
"55","0","MACON","0","Over Votes","370","13TH CONGRESS","DECATUR 20","1466","12","REPUBLICAN","0"
"55","0","MACON","0","Blank Ballots","370","13TH CONGRESS","DECATUR 20","1466","12","REPUBLICAN","0"
"55","0","MACON","690","TERRY MARTIN","370","13TH CONGRESS","DECATUR 20","1466","12","REPUBLICAN","2"
"55","0","MACON","685","JESSE REISING","370","13TH CONGRESS","DECATUR 20","1466","12","REPUBLICAN","21"
"55","0","MACON","680","MATT HAUSMAN","370","13TH CONGRESS","DECATUR 20","1466","12","REPUBLICAN","7"
"55","0","MACON","675","REGAN DEERING","370","13TH CONGRESS","DECATUR 20","1466","12","REPUBLICAN","27"
"55","0","MACON","0","Under Votes","370","13TH CONGRESS","HICKORY PT. 6","1475","12","REPUBLICAN","9"
"55","0","MACON","0","Over Votes","370","13TH CONGRESS","HICKORY PT. 6","1475","12","REPUBLICAN","0"
"55","0","MACON","690","TERRY MARTIN","370","13TH CONGRESS","HICKORY PT. 6","1475","12","REPUBLICAN","7"
"55","0","MACON","0","Under Votes","370","13TH CONGRESS","DECATUR 9","694","12","REPUBLICAN","6"
"55","0","MACON","0","Over Votes","370","13TH CONGRESS","DECATUR 9","694","12","REPUBLICAN","1"
"55","0","MACON","0","Blank Ballots","370","13TH CONGRESS","DECATUR 9","694","12","REPUBLICAN","0"
"55","0","MACON","685","JESSE REISING","370","13TH CONGRESS","DECATUR 9","694","12","REPUBLICAN","24"
"55","0","MACON","680","MATT HAUSMAN","370","13TH CONGRESS","DECATUR 9","694","12","REPUBLICAN","5"
"55","0","MACON","675","REGAN DEERING","370","13TH CONGRESS","DECATUR 9","694","12","REPUBLICAN","28"
"55","0","MACON","690","TERRY MARTIN","370","13TH CONGRESS","DECATUR 9","694","12","REPUBLICAN","2"
"55","0","MACON","680","MATT HAUSMAN","370","13TH CONGRESS","DECATUR 16","844","12","REPUBLICAN","11"
"55","0","MACON","0","Under Votes","370","13TH CONGRESS","DECATUR 16","844","12","REPUBLICAN","2"
"55","0","MACON","0","Over Votes","370","13TH CONGRESS","DECATUR 16","844","12","REPUBLICAN","1"
"55","0","MACON","685","JESSE REISING","370","13TH CONGRESS","DECATUR 16","844","12","REPUBLICAN","30"
"55","0","MACON","0","Blank Ballots","370","13TH CONGRESS","DECATUR 16","844","12","REPUBLICAN","0"
"55","0","MACON","675","REGAN DEERING","370","13TH CONGRESS","DECATUR 16","844","12","REPUBLICAN","24"
"55","0","MACON","690","TERRY MARTIN","370","13TH CONGRESS","DECATUR 16","844","12","REPUBLICAN","5"
"55","0","MACON","0","Under Votes","370","13TH CONGRESS","DECATUR 27","713","12","REPUBLICAN","9"
"55","0","MACON","0","Over Votes","370","13TH CONGRESS","DECATUR 27","713","12","REPUBLICAN","0"
"55","0","MACON","685","JESSE REISING","370","13TH CONGRESS","DECATUR 27","713","12","REPUBLICAN","31"
"55","0","MACON","680","MATT HAUSMAN","370","13TH CONGRESS","DECATUR 27","713","12","REPUBLICAN","11"
"55","0","MACON","0","Blank Ballots","370","13TH CONGRESS","DECATUR 27","713","12","REPUBLICAN","0"
"55","0","MACON","675","REGAN DEERING","370","13TH CONGRESS","DECATUR 27","713","12","REPUBLICAN","37"
"55","0","MACON","690","TERRY MARTIN","370","13TH CONGRESS","DECATUR 27","713","12","REPUBLICAN","13"
"55","0","MACON","0","Under Votes","370","13TH CONGRESS","HICKORY PT. 2","1250","12","REPUBLICAN","2"
"55","0","MACON","0","Over Votes","370","13TH CONGRESS","HICKORY PT. 2","1250","12","REPUBLICAN","0"
"55","0","MACON","685","JESSE REISING","370","13TH CONGRESS","HICKORY PT. 2","1250","12","REPUBLICAN","0"
"55","0","MACON","680","MATT HAUSMAN","370","13TH CONGRESS","HICKORY PT. 2","1250","12","REPUBLICAN","0"
"107","88","CITY OF EAST ST. LOUIS","675","REGAN DEERING","370","13TH CONGRESS","PRECINCT 06","341","12","REPUBLICAN","0"
"107","88","CITY OF EAST ST. LOUIS","690","TERRY MARTIN","370","13TH CONGRESS","PRECINCT 06","341","12","REPUBLICAN","0"
"107","88","CITY OF EAST ST. LOUIS","685","JESSE REISING","370","13TH CONGRESS","PRECINCT 06","341","12","REPUBLICAN","0"
"107","88","CITY OF EAST ST. LOUIS","680","MATT HAUSMAN","370","13TH CONGRESS","PRECINCT 06","341","12","REPUBLICAN","0"
"107","88","CITY OF EAST ST. LOUIS","675","REGAN DEERING","370","13TH CONGRESS","PRECINCT 09","626","12","REPUBLICAN","1"
"107","88","CITY OF EAST ST. LOUIS","690","TERRY MARTIN","370","13TH CONGRESS","PRECINCT 09","626","12","REPUBLICAN","0"
"107","88","CITY OF EAST ST. LOUIS","685","JESSE REISING","370","13TH CONGRESS","PRECINCT 09","626","12","REPUBLICAN","3"
"107","88","CITY OF EAST ST. LOUIS","680","MATT HAUSMAN","370","13TH CONGRESS","PRECINCT 09","626","12","REPUBLICAN","0"
"107","88","CITY OF EAST ST. LOUIS","675","REGAN DEERING","370","13TH CONGRESS","PRECINCT 12","728","12","REPUBLICAN","0"
"107","88","CITY OF EAST ST. LOUIS","690","TERRY MARTIN","370","13TH CONGRESS","PRECINCT 12","728","12","REPUBLICAN","0"
"107","88","CITY OF EAST ST. LOUIS","685","JESSE REISING","370","13TH CONGRESS","PRECINCT 12","728","12","REPUBLICAN","0"
"107","88","CITY OF EAST ST. LOUIS","680","MATT HAUSMAN","370","13TH CONGRESS","PRECINCT 12","728","12","REPUBLICAN","0"
"107","88","CITY OF EAST ST. LOUIS","675","REGAN DEERING","370","13TH CONGRESS","PRECINCT 15","554","12","REPUBLICAN","0"
"107","88","CITY OF EAST ST. LOUIS","690","TERRY MARTIN","370","13TH CONGRESS","PRECINCT 15","554","12","REPUBLICAN","0"
"107","88","CITY OF EAST ST. LOUIS","685","JESSE REISING","370","13TH CONGRESS","PRECINCT 15","554","12","REPUBLICAN","1"
"107","88","CITY OF EAST ST. LOUIS","680","MATT HAUSMAN","370","13TH CONGRESS","PRECINCT 15","554","12","REPUBLICAN","0"
"107","88","CITY OF EAST ST. LOUIS","680","MATT HAUSMAN","370","13TH CONGRESS","PRECINCT 16","727","12","REPUBLICAN","0"
"107","88","CITY OF EAST ST. LOUIS","675","REGAN DEERING","370","13TH CONGRESS","PRECINCT 19","691","12","REPUBLICAN","0"
"107","88","CITY OF EAST ST. LOUIS","690","TERRY MARTIN","370","13TH CONGRESS","PRECINCT 19","691","12","REPUBLICAN","0"
"107","88","CITY OF EAST ST. LOUIS","685","JESSE REISING","370","13TH CONGRESS","PRECINCT 19","691","12","REPUBLICAN","0"
"107","88","CITY OF EAST ST. LOUIS","680","MATT HAUSMAN","370","13TH CONGRESS","PRECINCT 19","691","12","REPUBLICAN","0"
"107","88","CITY OF EAST ST. LOUIS","675","REGAN DEERING","370","13TH CONGRESS","PRECINCT 02","602","12","REPUBLICAN","0"
"107","88","CITY OF EAST ST. LOUIS","690","TERRY MARTIN","370","13TH CONGRESS","PRECINCT 02","602","12","REPUBLICAN","0"
"107","88","CITY OF EAST ST. LOUIS","685","JESSE REISING","370","13TH CONGRESS","PRECINCT 02","602","12","REPUBLICAN","0"
"107","88","CITY OF EAST ST. LOUIS","680","MATT HAUSMAN","370","13TH CONGRESS","PRECINCT 02","602","12","REPUBLICAN","1"
"107","88","CITY OF EAST ST. LOUIS","675","REGAN DEERING","370","13TH CONGRESS","PRECINCT 05","520","12","REPUBLICAN","0"
"107","88","CITY OF EAST ST. LOUIS","690","TERRY MARTIN","370","13TH CONGRESS","PRECINCT 05","520","12","REPUBLICAN","1"
"107","88","CITY OF EAST ST. LOUIS","685","JESSE REISING","370","13TH CONGRESS","PRECINCT 05","520","12","REPUBLICAN","0"
"107","88","CITY OF EAST ST. LOUIS","680","MATT HAUSMAN","370","13TH CONGRESS","PRECINCT 05","520","12","REPUBLICAN","1"
"107","88","CITY OF EAST ST. LOUIS","675","REGAN DEERING","370","13TH CONGRESS","PRECINCT 08","397","12","REPUBLICAN","0"
"107","88","CITY OF EAST ST. LOUIS","690","TERRY MARTIN","370","13TH CONGRESS","PRECINCT 08","397","12","REPUBLICAN","0"
"107","88","CITY OF EAST ST. LOUIS","685","JESSE REISING","370","13TH CONGRESS","PRECINCT 08","397","12","REPUBLICAN","1"
"107","88","CITY OF EAST ST. LOUIS","680","MATT HAUSMAN","370","13TH CONGRESS","PRECINCT 08","397","12","REPUBLICAN","0"
"107","88","CITY OF EAST ST. LOUIS","675","REGAN DEERING","370","13TH CONGRESS","PRECINCT 11","469","12","REPUBLICAN","0"
"107","88","CITY OF EAST ST. LOUIS","690","TERRY MARTIN","370","13TH CONGRESS","PRECINCT 11","469","12","REPUBLICAN","0"
"107","88","CITY OF EAST ST. LOUIS","685","JESSE REISING","370","13TH CONGRESS","PRECINCT 11","469","12","REPUBLICAN","2"
"107","88","CITY OF EAST ST. LOUIS","680","MATT HAUSMAN","370","13TH CONGRESS","PRECINCT 11","469","12","REPUBLICAN","1"
"107","88","CITY OF EAST ST. LOUIS","675","REGAN DEERING","370","13TH CONGRESS","PRECINCT 22","325","12","REPUBLICAN","0"
"107","88","CITY OF EAST ST. LOUIS","690","TERRY MARTIN","370","13TH CONGRESS","PRECINCT 22","325","12","REPUBLICAN","0"
"107","88","CITY OF EAST ST. LOUIS","685","JESSE REISING","370","13TH CONGRESS","PRECINCT 22","325","12","REPUBLICAN","0"
"107","88","CITY OF EAST ST. LOUIS","680","MATT HAUSMAN","370","13TH CONGRESS","PRECINCT 22","325","12","REPUBLICAN","0"
"107","88","CITY OF EAST ST. LOUIS","675","REGAN DEERING","370","13TH CONGRESS","PRECINCT 25","786","12","REPUBLICAN","0"
"107","88","CITY OF EAST ST. LOUIS","690","TERRY MARTIN","370","13TH CONGRESS","PRECINCT 25","786","12","REPUBLICAN","0"
"107","88","CITY OF EAST ST. LOUIS","685","JESSE REISING","370","13TH CONGRESS","PRECINCT 25","786","12","REPUBLICAN","0"
"107","88","CITY OF EAST ST. LOUIS","680","MATT HAUSMAN","370","13TH CONGRESS","PRECINCT 25","786","12","REPUBLICAN","0"
"107","88","CITY OF EAST ST. LOUIS","675","REGAN DEERING","370","13TH CONGRESS","PRECINCT 14","678","12","REPUBLICAN","0"
"107","88","CITY OF EAST ST. LOUIS","690","TERRY MARTIN","370","13TH CONGRESS","PRECINCT 14","678","12","REPUBLICAN","0"
"107","88","CITY OF EAST ST. LOUIS","685","JESSE REISING","370","13TH CONGRESS","PRECINCT 14","678","12","REPUBLICAN","0"
"107","88","CITY OF EAST ST. LOUIS","680","MATT HAUSMAN","370","13TH CONGRESS","PRECINCT 14","678","12","REPUBLICAN","0"
"107","88","CITY OF EAST ST. LOUIS","675","REGAN DEERING","370","13TH CONGRESS","PRECINCT 17","696","12","REPUBLICAN","0"
"107","88","CITY OF EAST ST. LOUIS","685","JESSE REISING","370","13TH CONGRESS","PRECINCT 17","696","12","REPUBLICAN","0"
"107","88","CITY OF EAST ST. LOUIS","690","TERRY MARTIN","370","13TH CONGRESS","PRECINCT 17","696","12","REPUBLICAN","0"
"107","88","CITY OF EAST ST. LOUIS","680","MATT HAUSMAN","370","13TH CONGRESS","PRECINCT 17","696","12","REPUBLICAN","0"
"107","88","CITY OF EAST ST. LOUIS","675","REGAN DEERING","370","13TH CONGRESS","PRECINCT 20","680","12","REPUBLICAN","0"
"107","88","CITY OF EAST ST. LOUIS","685","JESSE REISING","370","13TH CONGRESS","PRECINCT 20","680","12","REPUBLICAN","2"
"107","88","CITY OF EAST ST. LOUIS","690","TERRY MARTIN","370","13TH CONGRESS","PRECINCT 20","680","12","REPUBLICAN","0"
"107","88","CITY OF EAST ST. LOUIS","680","MATT HAUSMAN","370","13TH CONGRESS","PRECINCT 20","680","12","REPUBLICAN","0"
"107","88","CITY OF EAST ST. LOUIS","675","REGAN DEERING","370","13TH CONGRESS","PRECINCT 23","796","12","REPUBLICAN","0"
"107","88","CITY OF EAST ST. LOUIS","685","JESSE REISING","370","13TH CONGRESS","PRECINCT 23","796","12","REPUBLICAN","0"
"107","88","CITY OF EAST ST. LOUIS","690","TERRY MARTIN","370","13TH CONGRESS","PRECINCT 23","796","12","REPUBLICAN","0"
"107","88","CITY OF EAST ST. LOUIS","680","MATT HAUSMAN","370","13TH CONGRESS","PRECINCT 23","796","12","REPUBLICAN","0"
"107","88","CITY OF EAST ST. LOUIS","675","REGAN DEERING","370","13TH CONGRESS","PRECINCT 10","385","12","REPUBLICAN","1"
"107","88","CITY OF EAST ST. LOUIS","690","TERRY MARTIN","370","13TH CONGRESS","PRECINCT 10","385","12","REPUBLICAN","0"
"107","88","CITY OF EAST ST. LOUIS","685","JESSE REISING","370","13TH CONGRESS","PRECINCT 10","385","12","REPUBLICAN","2"
"107","88","CITY OF EAST ST. LOUIS","680","MATT HAUSMAN","370","13TH CONGRESS","PRECINCT 10","385","12","REPUBLICAN","4"
"107","88","CITY OF EAST ST. LOUIS","675","REGAN DEERING","370","13TH CONGRESS","PRECINCT 13","866","12","REPUBLICAN","0"
"107","88","CITY OF EAST ST. LOUIS","690","TERRY MARTIN","370","13TH CONGRESS","PRECINCT 13","866","12","REPUBLICAN","0"
"107","88","CITY OF EAST ST. LOUIS","685","JESSE REISING","370","13TH CONGRESS","PRECINCT 13","866","12","REPUBLICAN","0"
"107","88","CITY OF EAST ST. LOUIS","680","MATT HAUSMAN","370","13TH CONGRESS","PRECINCT 13","866","12","REPUBLICAN","0"
"107","88","CITY OF EAST ST. LOUIS","675","REGAN DEERING","370","13TH CONGRESS","PRECINCT 16","727","12","REPUBLICAN","0"
"107","88","CITY OF EAST ST. LOUIS","690","TERRY MARTIN","370","13TH CONGRESS","PRECINCT 16","727","12","REPUBLICAN","1"
"107","88","CITY OF EAST ST. LOUIS","685","JESSE REISING","370","13TH CONGRESS","PRECINCT 16","727","12","REPUBLICAN","0"
"107","88","CITY OF EAST ST. LOUIS","675","REGAN DEERING","370","13TH CONGRESS","PRECINCT 18","325","12","REPUBLICAN","0"
"107","88","CITY OF EAST ST. LOUIS","690","TERRY MARTIN","370","13TH CONGRESS","PRECINCT 18","325","12","REPUBLICAN","0"
"107","88","CITY OF EAST ST. LOUIS","685","JESSE REISING","370","13TH CONGRESS","PRECINCT 18","325","12","REPUBLICAN","0"
"107","88","CITY OF EAST ST. LOUIS","680","MATT HAUSMAN","370","13TH CONGRESS","PRECINCT 18","325","12","REPUBLICAN","1"
"107","88","CITY OF EAST ST. LOUIS","675","REGAN DEERING","370","13TH CONGRESS","PRECINCT 21","681","12","REPUBLICAN","0"
"107","88","CITY OF EAST ST. LOUIS","690","TERRY MARTIN","370","13TH CONGRESS","PRECINCT 21","681","12","REPUBLICAN","0"
"107","88","CITY OF EAST ST. LOUIS","685","JESSE REISING","370","13TH CONGRESS","PRECINCT 21","681","12","REPUBLICAN","0"
"107","88","CITY OF EAST ST. LOUIS","680","MATT HAUSMAN","370","13TH CONGRESS","PRECINCT 21","681","12","REPUBLICAN","0"
"107","88","CITY OF EAST ST. LOUIS","675","REGAN DEERING","370","13TH CONGRESS","PRECINCT 24","365","12","REPUBLICAN","0"
"107","88","CITY OF EAST ST. LOUIS","690","TERRY MARTIN","370","13TH CONGRESS","PRECINCT 24","365","12","REPUBLICAN","1"
"107","88","CITY OF EAST ST. LOUIS","685","JESSE REISING","370","13TH CONGRESS","PRECINCT 24","365","12","REPUBLICAN","1"
"107","88","CITY OF EAST ST. LOUIS","680","MATT HAUSMAN","370","13TH CONGRESS","PRECINCT 24","365","12","REPUBLICAN","0"
"107","88","CITY OF EAST ST. LOUIS","675","REGAN DEERING","370","13TH CONGRESS","PRECINCT 01","1119","12","REPUBLICAN","0"
"107","88","CITY OF EAST ST. LOUIS","690","TERRY MARTIN","370","13TH CONGRESS","PRECINCT 01","1119","12","REPUBLICAN","0"
"107","88","CITY OF EAST ST. LOUIS","685","JESSE REISING","370","13TH CONGRESS","PRECINCT 01","1119","12","REPUBLICAN","0"
"107","88","CITY OF EAST ST. LOUIS","680","MATT HAUSMAN","370","13TH CONGRESS","PRECINCT 01","1119","12","REPUBLICAN","0"
"107","88","CITY OF EAST ST. LOUIS","675","REGAN DEERING","370","13TH CONGRESS","PRECINCT 04","818","12","REPUBLICAN","1"
"107","88","CITY OF EAST ST. LOUIS","690","TERRY MARTIN","370","13TH CONGRESS","PRECINCT 04","818","12","REPUBLICAN","0"
"107","88","CITY OF EAST ST. LOUIS","680","MATT HAUSMAN","370","13TH CONGRESS","PRECINCT 04","818","12","REPUBLICAN","1"
"107","88","CITY OF EAST ST. LOUIS","685","JESSE REISING","370","13TH CONGRESS","PRECINCT 04","818","12","REPUBLICAN","0"
"107","88","CITY OF EAST ST. LOUIS","675","REGAN DEERING","370","13TH CONGRESS","PRECINCT 07","358","12","REPUBLICAN","0"
"107","88","CITY OF EAST ST. LOUIS","690","TERRY MARTIN","370","13TH CONGRESS","PRECINCT 07","358","12","REPUBLICAN","0"
"107","88","CITY OF EAST ST. LOUIS","685","JESSE REISING","370","13TH CONGRESS","PRECINCT 07","358","12","REPUBLICAN","0"
"107","88","CITY OF EAST ST. LOUIS","680","MATT HAUSMAN","370","13TH CONGRESS","PRECINCT 07","358","12","REPUBLICAN","1"
"107","88","CITY OF EAST ST. LOUIS","675","REGAN DEERING","370","13TH CONGRESS","PRECINCT 03","489","12","REPUBLICAN","0"
"107","88","CITY OF EAST ST. LOUIS","690","TERRY MARTIN","370","13TH CONGRESS","PRECINCT 03","489","12","REPUBLICAN","0"
"107","88","CITY OF EAST ST. LOUIS","685","JESSE REISING","370","13TH CONGRESS","PRECINCT 03","489","12","REPUBLICAN","0"
"107","88","CITY OF EAST ST. LOUIS","680","MATT HAUSMAN","370","13TH CONGRESS","PRECINCT 03","489","12","REPUBLICAN","0"
"107","88","CITY OF EAST ST. LOUIS","0","Under Votes","370","13TH CONGRESS","","0","12","REPUBLICAN","6"
"107","88","CITY OF EAST ST. LOUIS","0","Over Votes","370","13TH CONGRESS","","0","12","REPUBLICAN","0"
"10","0","CHAMPAIGN","690","TERRY MARTIN","370","13TH CONGRESS","CITY OF CHAMPAIGN 27","585","12","REPUBLICAN","3"
"10","0","CHAMPAIGN","675","REGAN DEERING","370","13TH CONGRESS","CITY OF CHAMPAIGN 27","585","12","REPUBLICAN","25"
"10","0","CHAMPAIGN","680","MATT HAUSMAN","370","13TH CONGRESS","CITY OF CHAMPAIGN 27","585","12","REPUBLICAN","20"
"10","0","CHAMPAIGN","0","Under Votes","370","13TH CONGRESS","COLFAX","180","12","REPUBLICAN","1"
"10","0","CHAMPAIGN","0","Over Votes","370","13TH CONGRESS","COLFAX","180","12","REPUBLICAN","0"
"10","0","CHAMPAIGN","690","TERRY MARTIN","370","13TH CONGRESS","COLFAX","180","12","REPUBLICAN","0"
"10","0","CHAMPAIGN","675","REGAN DEERING","370","13TH CONGRESS","COLFAX","180","12","REPUBLICAN","12"
"10","0","CHAMPAIGN","685","JESSE REISING","370","13TH CONGRESS","COLFAX","180","12","REPUBLICAN","7"
"10","0","CHAMPAIGN","680","MATT HAUSMAN","370","13TH CONGRESS","COLFAX","180","12","REPUBLICAN","28"
"10","0","CHAMPAIGN","0","Under Votes","370","13TH CONGRESS","CUNNINGHAM 12","1162","12","REPUBLICAN","1"
"10","0","CHAMPAIGN","0","Over Votes","370","13TH CONGRESS","CUNNINGHAM 12","1162","12","REPUBLICAN","0"
"10","0","CHAMPAIGN","690","TERRY MARTIN","370","13TH CONGRESS","CUNNINGHAM 12","1162","12","REPUBLICAN","5"
"10","0","CHAMPAIGN","675","REGAN DEERING","370","13TH CONGRESS","CUNNINGHAM 12","1162","12","REPUBLICAN","12"
"10","0","CHAMPAIGN","685","JESSE REISING","370","13TH CONGRESS","CUNNINGHAM 12","1162","12","REPUBLICAN","9"
"10","0","CHAMPAIGN","680","MATT HAUSMAN","370","13TH CONGRESS","CUNNINGHAM 12","1162","12","REPUBLICAN","10"
"10","0","CHAMPAIGN","0","Over Votes","370","13TH CONGRESS","TOLONO 2","1579","12","REPUBLICAN","0"
"10","0","CHAMPAIGN","0","Under Votes","370","13TH CONGRESS","TOLONO 2","1579","12","REPUBLICAN","20"
"10","0","CHAMPAIGN","690","TERRY MARTIN","370","13TH CONGRESS","TOLONO 2","1579","12","REPUBLICAN","14"
"10","0","CHAMPAIGN","675","REGAN DEERING","370","13TH CONGRESS","TOLONO 2","1579","12","REPUBLICAN","49"
"10","0","CHAMPAIGN","685","JESSE REISING","370","13TH CONGRESS","TOLONO 2","1579","12","REPUBLICAN","47"
"10","0","CHAMPAIGN","680","MATT HAUSMAN","370","13TH CONGRESS","TOLONO 2","1579","12","REPUBLICAN","75"
"10","0","CHAMPAIGN","0","Under Votes","370","13TH CONGRESS","CHAMPAIGN 4","2554","12","REPUBLICAN","27"
"10","0","CHAMPAIGN","680","MATT HAUSMAN","370","13TH CONGRESS","CHAMPAIGN 4","2554","12","REPUBLICAN","106"
"10","0","CHAMPAIGN","0","Over Votes","370","13TH CONGRESS","CHAMPAIGN 4","2554","12","REPUBLICAN","0"
"10","0","CHAMPAIGN","685","JESSE REISING","370","13TH CONGRESS","CHAMPAIGN 4","2554","12","REPUBLICAN","55"
"10","0","CHAMPAIGN","690","TERRY MARTIN","370","13TH CONGRESS","CHAMPAIGN 4","2554","12","REPUBLICAN","13"
"10","0","CHAMPAIGN","675","REGAN DEERING","370","13TH CONGRESS","CHAMPAIGN 4","2554","12","REPUBLICAN","86"
"10","0","CHAMPAIGN","0","Under Votes","370","13TH CONGRESS","CITY OF CHAMPAIGN 02","629","12","REPUBLICAN","0"
"10","0","CHAMPAIGN","675","REGAN DEERING","370","13TH CONGRESS","CHAMPAIGN 6","1695","12","REPUBLICAN","61"
"10","0","CHAMPAIGN","685","JESSE REISING","370","13TH CONGRESS","CHAMPAIGN 6","1695","12","REPUBLICAN","48"
"10","0","CHAMPAIGN","680","MATT HAUSMAN","370","13TH CONGRESS","CHAMPAIGN 6","1695","12","REPUBLICAN","83"
"10","0","CHAMPAIGN","0","Under Votes","370","13TH CONGRESS","CHAMPAIGN 6","1695","12","REPUBLICAN","22"
"10","0","CHAMPAIGN","0","Over Votes","370","13TH CONGRESS","CHAMPAIGN 6","1695","12","REPUBLICAN","1"
"10","0","CHAMPAIGN","0","Under Votes","370","13TH CONGRESS","CITY OF CHAMPAIGN 05","730","12","REPUBLICAN","1"
"10","0","CHAMPAIGN","0","Over Votes","370","13TH CONGRESS","CITY OF CHAMPAIGN 05","730","12","REPUBLICAN","0"
"10","0","CHAMPAIGN","690","TERRY MARTIN","370","13TH CONGRESS","CITY OF CHAMPAIGN 05","730","12","REPUBLICAN","0"
"10","0","CHAMPAIGN","675","REGAN DEERING","370","13TH CONGRESS","CITY OF CHAMPAIGN 05","730","12","REPUBLICAN","0"
"10","0","CHAMPAIGN","685","JESSE REISING","370","13TH CONGRESS","CITY OF CHAMPAIGN 05","730","12","REPUBLICAN","0"
"10","0","CHAMPAIGN","680","MATT HAUSMAN","370","13TH CONGRESS","CITY OF CHAMPAIGN 05","730","12","REPUBLICAN","2"
"10","0","CHAMPAIGN","0","Under Votes","370","13TH CONGRESS","CITY OF CHAMPAIGN 08","1192","12","REPUBLICAN","1"
"10","0","CHAMPAIGN","0","Over Votes","370","13TH CONGRESS","CITY OF CHAMPAIGN 08","1192","12","REPUBLICAN","0"
"10","0","CHAMPAIGN","690","TERRY MARTIN","370","13TH CONGRESS","CITY OF CHAMPAIGN 08","1192","12","REPUBLICAN","0"
"10","0","CHAMPAIGN","675","REGAN DEERING","370","13TH CONGRESS","CITY OF CHAMPAIGN 08","1192","12","REPUBLICAN","1"
"10","0","CHAMPAIGN","685","JESSE REISING","370","13TH CONGRESS","CITY OF CHAMPAIGN 08","1192","12","REPUBLICAN","0"
"10","0","CHAMPAIGN","680","MATT HAUSMAN","370","13TH CONGRESS","CITY OF CHAMPAIGN 08","1192","12","REPUBLICAN","1"
"10","0","CHAMPAIGN","0","Under Votes","370","13TH CONGRESS","CITY OF CHAMPAIGN 18","1288","12","REPUBLICAN","4"
"10","0","CHAMPAIGN","0","Over Votes","370","13TH CONGRESS","CITY OF CHAMPAIGN 18","1288","12","REPUBLICAN","0"
"10","0","CHAMPAIGN","675","REGAN DEERING","370","13TH CONGRESS","CITY OF CHAMPAIGN 18","1288","12","REPUBLICAN","28"
"10","0","CHAMPAIGN","690","TERRY MARTIN","370","13TH CONGRESS","CITY OF CHAMPAIGN 18","1288","12","REPUBLICAN","3"
"10","0","CHAMPAIGN","685","JESSE REISING","370","13TH CONGRESS","CITY OF CHAMPAIGN 18","1288","12","REPUBLICAN","43"
"10","0","CHAMPAIGN","680","MATT HAUSMAN","370","13TH CONGRESS","CITY OF CHAMPAIGN 18","1288","12","REPUBLICAN","27"
"10","0","CHAMPAIGN","0","Under Votes","370","13TH CONGRESS","CITY OF CHAMPAIGN 21","582","12","REPUBLICAN","8"
"10","0","CHAMPAIGN","0","Over Votes","370","13TH CONGRESS","CITY OF CHAMPAIGN 21","582","12","REPUBLICAN","0"
"10","0","CHAMPAIGN","675","REGAN DEERING","370","13TH CONGRESS","CITY OF CHAMPAIGN 21","582","12","REPUBLICAN","23"
"10","0","CHAMPAIGN","690","TERRY MARTIN","370","13TH CONGRESS","CITY OF CHAMPAIGN 21","582","12","REPUBLICAN","9"
"10","0","CHAMPAIGN","685","JESSE REISING","370","13TH CONGRESS","CITY OF CHAMPAIGN 21","582","12","REPUBLICAN","20"
"10","0","CHAMPAIGN","680","MATT HAUSMAN","370","13TH CONGRESS","CITY OF CHAMPAIGN 21","582","12","REPUBLICAN","14"
"10","0","CHAMPAIGN","0","Over Votes","370","13TH CONGRESS","CITY OF CHAMPAIGN 34","3068","12","REPUBLICAN","0"
"10","0","CHAMPAIGN","0","Under Votes","370","13TH CONGRESS","CITY OF CHAMPAIGN 34","3068","12","REPUBLICAN","22"
"10","0","CHAMPAIGN","690","TERRY MARTIN","370","13TH CONGRESS","CITY OF CHAMPAIGN 34","3068","12","REPUBLICAN","26"
"10","0","CHAMPAIGN","675","REGAN DEERING","370","13TH CONGRESS","CITY OF CHAMPAIGN 34","3068","12","REPUBLICAN","63"
"10","0","CHAMPAIGN","685","JESSE REISING","370","13TH CONGRESS","CITY OF CHAMPAIGN 34","3068","12","REPUBLICAN","86"
"10","0","CHAMPAIGN","680","MATT HAUSMAN","370","13TH CONGRESS","CITY OF CHAMPAIGN 34","3068","12","REPUBLICAN","60"
"10","0","CHAMPAIGN","0","Under Votes","370","13TH CONGRESS","CITY OF CHAMPAIGN 37","2324","12","REPUBLICAN","18"
"10","0","CHAMPAIGN","0","Over Votes","370","13TH CONGRESS","CITY OF CHAMPAIGN 37","2324","12","REPUBLICAN","3"
"10","0","CHAMPAIGN","690","TERRY MARTIN","370","13TH CONGRESS","CITY OF CHAMPAIGN 37","2324","12","REPUBLICAN","20"
"10","0","CHAMPAIGN","675","REGAN DEERING","370","13TH CONGRESS","CITY OF CHAMPAIGN 37","2324","12","REPUBLICAN","75"
"10","0","CHAMPAIGN","685","JESSE REISING","370","13TH CONGRESS","CITY OF CHAMPAIGN 37","2324","12","REPUBLICAN","62"
"10","0","CHAMPAIGN","680","MATT HAUSMAN","370","13TH CONGRESS","CITY OF CHAMPAIGN 37","2324","12","REPUBLICAN","77"
"10","0","CHAMPAIGN","675","REGAN DEERING","370","13TH CONGRESS","CITY OF CHAMPAIGN 22","414","12","REPUBLICAN","22"
"10","0","CHAMPAIGN","685","JESSE REISING","370","13TH CONGRESS","CITY OF CHAMPAIGN 22","414","12","REPUBLICAN","6"
"10","0","CHAMPAIGN","0","Under Votes","370","13TH CONGRESS","CITY OF CHAMPAIGN 25","728","12","REPUBLICAN","6"
"10","0","CHAMPAIGN","0","Over Votes","370","13TH CONGRESS","CITY OF CHAMPAIGN 25","728","12","REPUBLICAN","0"
"10","0","CHAMPAIGN","690","TERRY MARTIN","370","13TH CONGRESS","CITY OF CHAMPAIGN 25","728","12","REPUBLICAN","6"
"10","0","CHAMPAIGN","675","REGAN DEERING","370","13TH CONGRESS","CITY OF CHAMPAIGN 25","728","12","REPUBLICAN","16"
"10","0","CHAMPAIGN","685","JESSE REISING","370","13TH CONGRESS","CITY OF CHAMPAIGN 25","728","12","REPUBLICAN","18"
"10","0","CHAMPAIGN","680","MATT HAUSMAN","370","13TH CONGRESS","CITY OF CHAMPAIGN 25","728","12","REPUBLICAN","14"
"10","0","CHAMPAIGN","690","TERRY MARTIN","370","13TH CONGRESS","CITY OF CHAMPAIGN 38","1773","12","REPUBLICAN","12"
"10","0","CHAMPAIGN","675","REGAN DEERING","370","13TH CONGRESS","CITY OF CHAMPAIGN 38","1773","12","REPUBLICAN","53"
"10","0","CHAMPAIGN","685","JESSE REISING","370","13TH CONGRESS","CITY OF CHAMPAIGN 38","1773","12","REPUBLICAN","66"
"10","0","CHAMPAIGN","680","MATT HAUSMAN","370","13TH CONGRESS","CITY OF CHAMPAIGN 38","1773","12","REPUBLICAN","80"
"10","0","CHAMPAIGN","0","Under Votes","370","13TH CONGRESS","CITY OF CHAMPAIGN 38","1773","12","REPUBLICAN","27"
"10","0","CHAMPAIGN","0","Over Votes","370","13TH CONGRESS","CITY OF CHAMPAIGN 38","1773","12","REPUBLICAN","1"
"10","0","CHAMPAIGN","0","Under Votes","370","13TH CONGRESS","CUNNINGHAM 10","662","12","REPUBLICAN","2"
"10","0","CHAMPAIGN","0","Over Votes","370","13TH CONGRESS","CUNNINGHAM 10","662","12","REPUBLICAN","0"
"10","0","CHAMPAIGN","690","TERRY MARTIN","370","13TH CONGRESS","CUNNINGHAM 10","662","12","REPUBLICAN","0"
"10","0","CHAMPAIGN","675","REGAN DEERING","370","13TH CONGRESS","CUNNINGHAM 10","662","12","REPUBLICAN","8"
"10","0","CHAMPAIGN","685","JESSE REISING","370","13TH CONGRESS","CUNNINGHAM 10","662","12","REPUBLICAN","0"
"10","0","CHAMPAIGN","680","MATT HAUSMAN","370","13TH CONGRESS","CUNNINGHAM 10","662","12","REPUBLICAN","9"
"10","0","CHAMPAIGN","0","Under Votes","370","13TH CONGRESS","CUNNINGHAM 13","859","12","REPUBLICAN","4"
"10","0","CHAMPAIGN","0","Over Votes","370","13TH CONGRESS","CUNNINGHAM 13","859","12","REPUBLICAN","0"
"10","0","CHAMPAIGN","690","TERRY MARTIN","370","13TH CONGRESS","CUNNINGHAM 13","859","12","REPUBLICAN","3"
"10","0","CHAMPAIGN","675","REGAN DEERING","370","13TH CONGRESS","CUNNINGHAM 13","859","12","REPUBLICAN","15"
"10","0","CHAMPAIGN","685","JESSE REISING","370","13TH CONGRESS","CUNNINGHAM 13","859","12","REPUBLICAN","15"
"10","0","CHAMPAIGN","680","MATT HAUSMAN","370","13TH CONGRESS","CUNNINGHAM 13","859","12","REPUBLICAN","11"
"10","0","CHAMPAIGN","0","Over Votes","370","13TH CONGRESS","CUNNINGHAM 23","1754","12","REPUBLICAN","0"
"10","0","CHAMPAIGN","0","Under Votes","370","13TH CONGRESS","CUNNINGHAM 23","1754","12","REPUBLICAN","11"
"10","0","CHAMPAIGN","690","TERRY MARTIN","370","13TH CONGRESS","CUNNINGHAM 23","1754","12","REPUBLICAN","10"
"10","0","CHAMPAIGN","675","REGAN DEERING","370","13TH CONGRESS","CUNNINGHAM 23","1754","12","REPUBLICAN","52"
"10","0","CHAMPAIGN","685","JESSE REISING","370","13TH CONGRESS","CUNNINGHAM 23","1754","12","REPUBLICAN","41"
"10","0","CHAMPAIGN","680","MATT HAUSMAN","370","13TH CONGRESS","CUNNINGHAM 23","1754","12","REPUBLICAN","46"
"10","0","CHAMPAIGN","0","Over Votes","370","13TH CONGRESS","HENSLEY","744","12","REPUBLICAN","0"
"10","0","CHAMPAIGN","0","Under Votes","370","13TH CONGRESS","HENSLEY","744","12","REPUBLICAN","1"
"10","0","CHAMPAIGN","690","TERRY MARTIN","370","13TH CONGRESS","HENSLEY","744","12","REPUBLICAN","1"
"10","0","CHAMPAIGN","675","REGAN DEERING","370","13TH CONGRESS","HENSLEY","744","12","REPUBLICAN","6"
"10","0","CHAMPAIGN","685","JESSE REISING","370","13TH CONGRESS","HENSLEY","744","12","REPUBLICAN","1"
"10","0","CHAMPAIGN","680","MATT HAUSMAN","370","13TH CONGRESS","HENSLEY","744","12","REPUBLICAN","9"
"10","0","CHAMPAIGN","685","JESSE REISING","370","13TH CONGRESS","CUNNINGHAM 20","764","12","REPUBLICAN","20"
"10","0","CHAMPAIGN","680","MATT HAUSMAN","370","13TH CONGRESS","CUNNINGHAM 20","764","12","REPUBLICAN","11"
"10","0","CHAMPAIGN","0","Under Votes","370","13TH CONGRESS","CUNNINGHAM 20","764","12","REPUBLICAN","6"
"10","0","CHAMPAIGN","0","Over Votes","370","13TH CONGRESS","CUNNINGHAM 20","764","12","REPUBLICAN","0"
"10","0","CHAMPAIGN","690","TERRY MARTIN","370","13TH CONGRESS","CUNNINGHAM 20","764","12","REPUBLICAN","1"
"10","0","CHAMPAIGN","675","REGAN DEERING","370","13TH CONGRESS","CUNNINGHAM 20","764","12","REPUBLICAN","15"
"10","0","CHAMPAIGN","0","Under Votes","370","13TH CONGRESS","SADORUS IVESDALE","230","12","REPUBLICAN","3"
"10","0","CHAMPAIGN","0","Over Votes","370","13TH CONGRESS","SADORUS IVESDALE","230","12","REPUBLICAN","0"
"10","0","CHAMPAIGN","690","TERRY MARTIN","370","13TH CONGRESS","SADORUS IVESDALE","230","12","REPUBLICAN","1"
"10","0","CHAMPAIGN","675","REGAN DEERING","370","13TH CONGRESS","SADORUS IVESDALE","230","12","REPUBLICAN","9"
"10","0","CHAMPAIGN","685","JESSE REISING","370","13TH CONGRESS","SADORUS IVESDALE","230","12","REPUBLICAN","8"
"10","0","CHAMPAIGN","680","MATT HAUSMAN","370","13TH CONGRESS","SADORUS IVESDALE","230","12","REPUBLICAN","13"
"10","0","CHAMPAIGN","0","Under Votes","370","13TH CONGRESS","URBANA 4","1392","12","REPUBLICAN","4"
"10","0","CHAMPAIGN","0","Over Votes","370","13TH CONGRESS","URBANA 4","1392","12","REPUBLICAN","0"
"10","0","CHAMPAIGN","690","TERRY MARTIN","370","13TH CONGRESS","URBANA 4","1392","12","REPUBLICAN","10"
"10","0","CHAMPAIGN","675","REGAN DEERING","370","13TH CONGRESS","URBANA 4","1392","12","REPUBLICAN","31"
"10","0","CHAMPAIGN","685","JESSE REISING","370","13TH CONGRESS","URBANA 4","1392","12","REPUBLICAN","28"
"10","0","CHAMPAIGN","680","MATT HAUSMAN","370","13TH CONGRESS","URBANA 4","1392","12","REPUBLICAN","36"
"10","0","CHAMPAIGN","0","Over Votes","370","13TH CONGRESS","CUNNINGHAM 06","924","12","REPUBLICAN","0"
"10","0","CHAMPAIGN","0","Under Votes","370","13TH CONGRESS","CUNNINGHAM 06","924","12","REPUBLICAN","2"
"10","0","CHAMPAIGN","690","TERRY MARTIN","370","13TH CONGRESS","CUNNINGHAM 06","924","12","REPUBLICAN","3"
"10","0","CHAMPAIGN","675","REGAN DEERING","370","13TH CONGRESS","CUNNINGHAM 06","924","12","REPUBLICAN","10"
"10","0","CHAMPAIGN","685","JESSE REISING","370","13TH CONGRESS","CUNNINGHAM 06","924","12","REPUBLICAN","5"
"10","0","CHAMPAIGN","680","MATT HAUSMAN","370","13TH CONGRESS","CUNNINGHAM 06","924","12","REPUBLICAN","3"
"10","0","CHAMPAIGN","0","Under Votes","370","13TH CONGRESS","CUNNINGHAM 09","968","12","REPUBLICAN","3"
"10","0","CHAMPAIGN","0","Over Votes","370","13TH CONGRESS","CUNNINGHAM 09","968","12","REPUBLICAN","0"
"10","0","CHAMPAIGN","690","TERRY MARTIN","370","13TH CONGRESS","CUNNINGHAM 09","968","12","REPUBLICAN","2"
"10","0","CHAMPAIGN","675","REGAN DEERING","370","13TH CONGRESS","CUNNINGHAM 09","968","12","REPUBLICAN","6"
"10","0","CHAMPAIGN","685","JESSE REISING","370","13TH CONGRESS","CUNNINGHAM 09","968","12","REPUBLICAN","2"
"10","0","CHAMPAIGN","680","MATT HAUSMAN","370","13TH CONGRESS","CUNNINGHAM 09","968","12","REPUBLICAN","6"
"10","0","CHAMPAIGN","0","Over Votes","370","13TH CONGRESS","CUNNINGHAM 18","1000","12","REPUBLICAN","0"
"10","0","CHAMPAIGN","675","REGAN DEERING","370","13TH CONGRESS","CUNNINGHAM 18","1000","12","REPUBLICAN","27"
"10","0","CHAMPAIGN","0","Under Votes","370","13TH CONGRESS","CUNNINGHAM 18","1000","12","REPUBLICAN","9"
"10","0","CHAMPAIGN","690","TERRY MARTIN","370","13TH CONGRESS","CUNNINGHAM 18","1000","12","REPUBLICAN","13"
"10","0","CHAMPAIGN","685","JESSE REISING","370","13TH CONGRESS","CUNNINGHAM 18","1000","12","REPUBLICAN","22"
"10","0","CHAMPAIGN","680","MATT HAUSMAN","370","13TH CONGRESS","CUNNINGHAM 18","1000","12","REPUBLICAN","30"
"10","0","CHAMPAIGN","0","Over Votes","370","13TH CONGRESS","CUNNINGHAM 22","1043","12","REPUBLICAN","0"
"10","0","CHAMPAIGN","0","Under Votes","370","13TH CONGRESS","CUNNINGHAM 22","1043","12","REPUBLICAN","9"
"10","0","CHAMPAIGN","690","TERRY MARTIN","370","13TH CONGRESS","CUNNINGHAM 22","1043","12","REPUBLICAN","13"
"10","0","CHAMPAIGN","675","REGAN DEERING","370","13TH CONGRESS","CUNNINGHAM 22","1043","12","REPUBLICAN","16"
"10","0","CHAMPAIGN","685","JESSE REISING","370","13TH CONGRESS","CUNNINGHAM 22","1043","12","REPUBLICAN","16"
"10","0","CHAMPAIGN","680","MATT HAUSMAN","370","13TH CONGRESS","CUNNINGHAM 22","1043","12","REPUBLICAN","24"
"10","0","CHAMPAIGN","0","Over Votes","370","13TH CONGRESS","SCOTT SEYMOUR","300","12","REPUBLICAN","0"
"10","0","CHAMPAIGN","675","REGAN DEERING","370","13TH CONGRESS","SCOTT SEYMOUR","300","12","REPUBLICAN","27"
"10","0","CHAMPAIGN","0","Under Votes","370","13TH CONGRESS","SCOTT SEYMOUR","300","12","REPUBLICAN","8"
"10","0","CHAMPAIGN","690","TERRY MARTIN","370","13TH CONGRESS","SCOTT SEYMOUR","300","12","REPUBLICAN","5"
"10","0","CHAMPAIGN","685","JESSE REISING","370","13TH CONGRESS","SCOTT SEYMOUR","300","12","REPUBLICAN","20"
"10","0","CHAMPAIGN","680","MATT HAUSMAN","370","13TH CONGRESS","SCOTT SEYMOUR","300","12","REPUBLICAN","29"
"10","0","CHAMPAIGN","0","Over Votes","370","13TH CONGRESS","URBANA 3","1146","12","REPUBLICAN","0"
"10","0","CHAMPAIGN","0","Under Votes","370","13TH CONGRESS","URBANA 3","1146","12","REPUBLICAN","7"
"10","0","CHAMPAIGN","690","TERRY MARTIN","370","13TH CONGRESS","URBANA 3","1146","12","REPUBLICAN","10"
"10","0","CHAMPAIGN","675","REGAN DEERING","370","13TH CONGRESS","URBANA 3","1146","12","REPUBLICAN","32"
"10","0","CHAMPAIGN","685","JESSE REISING","370","13TH CONGRESS","URBANA 3","1146","12","REPUBLICAN","30"
"10","0","CHAMPAIGN","680","MATT HAUSMAN","370","13TH CONGRESS","URBANA 3","1146","12","REPUBLICAN","34"
"10","0","CHAMPAIGN","0","Over Votes","370","13TH CONGRESS","CITY OF CHAMPAIGN 02","629","12","REPUBLICAN","0"
"10","0","CHAMPAIGN","675","REGAN DEERING","370","13TH CONGRESS","CITY OF CHAMPAIGN 02","629","12","REPUBLICAN","3"
"10","0","CHAMPAIGN","685","JESSE REISING","370","13TH CONGRESS","CITY OF CHAMPAIGN 02","629","12","REPUBLICAN","0"
"10","0","CHAMPAIGN","690","TERRY MARTIN","370","13TH CONGRESS","CITY OF CHAMPAIGN 02","629","12","REPUBLICAN","2"
"10","0","CHAMPAIGN","680","MATT HAUSMAN","370","13TH CONGRESS","CITY OF CHAMPAIGN 02","629","12","REPUBLICAN","2"
"10","0","CHAMPAIGN","0","Over Votes","370","13TH CONGRESS","CITY OF CHAMPAIGN 12","1345","12","REPUBLICAN","0"
"10","0","CHAMPAIGN","0","Under Votes","370","13TH CONGRESS","CITY OF CHAMPAIGN 12","1345","12","REPUBLICAN","7"
"10","0","CHAMPAIGN","690","TERRY MARTIN","370","13TH CONGRESS","CITY OF CHAMPAIGN 12","1345","12","REPUBLICAN","4"
"10","0","CHAMPAIGN","675","REGAN DEERING","370","13TH CONGRESS","CITY OF CHAMPAIGN 12","1345","12","REPUBLICAN","21"
"10","0","CHAMPAIGN","685","JESSE REISING","370","13TH CONGRESS","CITY OF CHAMPAIGN 12","1345","12","REPUBLICAN","15"
"10","0","CHAMPAIGN","680","MATT HAUSMAN","370","13TH CONGRESS","CITY OF CHAMPAIGN 12","1345","12","REPUBLICAN","16"
"10","0","CHAMPAIGN","0","Under Votes","370","13TH CONGRESS","CITY OF CHAMPAIGN 15","916","12","REPUBLICAN","5"
"10","0","CHAMPAIGN","0","Over Votes","370","13TH CONGRESS","CITY OF CHAMPAIGN 15","916","12","REPUBLICAN","0"
"10","0","CHAMPAIGN","675","REGAN DEERING","370","13TH CONGRESS","CITY OF CHAMPAIGN 15","916","12","REPUBLICAN","20"
"10","0","CHAMPAIGN","690","TERRY MARTIN","370","13TH CONGRESS","CITY OF CHAMPAIGN 15","916","12","REPUBLICAN","3"
"10","0","CHAMPAIGN","685","JESSE REISING","370","13TH CONGRESS","CITY OF CHAMPAIGN 15","916","12","REPUBLICAN","11"
"10","0","CHAMPAIGN","680","MATT HAUSMAN","370","13TH CONGRESS","CITY OF CHAMPAIGN 15","916","12","REPUBLICAN","20"
"10","0","CHAMPAIGN","0","Under Votes","370","13TH CONGRESS","CITY OF CHAMPAIGN 28","449","12","REPUBLICAN","3"
"10","0","CHAMPAIGN","0","Over Votes","370","13TH CONGRESS","CITY OF CHAMPAIGN 28","449","12","REPUBLICAN","0"
"10","0","CHAMPAIGN","690","TERRY MARTIN","370","13TH CONGRESS","CITY OF CHAMPAIGN 28","449","12","REPUBLICAN","4"
"10","0","CHAMPAIGN","675","REGAN DEERING","370","13TH CONGRESS","CITY OF CHAMPAIGN 28","449","12","REPUBLICAN","22"
"10","0","CHAMPAIGN","685","JESSE REISING","370","13TH CONGRESS","CITY OF CHAMPAIGN 28","449","12","REPUBLICAN","11"
"10","0","CHAMPAIGN","680","MATT HAUSMAN","370","13TH CONGRESS","CITY OF CHAMPAIGN 28","449","12","REPUBLICAN","13"
"10","0","CHAMPAIGN","0","Over Votes","370","13TH CONGRESS","CITY OF CHAMPAIGN 31","938","12","REPUBLICAN","0"
"10","0","CHAMPAIGN","675","REGAN DEERING","370","13TH CONGRESS","CITY OF CHAMPAIGN 31","938","12","REPUBLICAN","17"
"10","0","CHAMPAIGN","0","Under Votes","370","13TH CONGRESS","CITY OF CHAMPAIGN 31","938","12","REPUBLICAN","4"
"10","0","CHAMPAIGN","690","TERRY MARTIN","370","13TH CONGRESS","CITY OF CHAMPAIGN 31","938","12","REPUBLICAN","3"
"10","0","CHAMPAIGN","685","JESSE REISING","370","13TH CONGRESS","CITY OF CHAMPAIGN 31","938","12","REPUBLICAN","11"
"10","0","CHAMPAIGN","680","MATT HAUSMAN","370","13TH CONGRESS","CITY OF CHAMPAIGN 31","938","12","REPUBLICAN","16"
"10","0","CHAMPAIGN","0","Over Votes","370","13TH CONGRESS","CUNNINGHAM 03","350","12","REPUBLICAN","0"
"10","0","CHAMPAIGN","0","Under Votes","370","13TH CONGRESS","CUNNINGHAM 03","350","12","REPUBLICAN","1"
"10","0","CHAMPAIGN","690","TERRY MARTIN","370","13TH CONGRESS","CUNNINGHAM 03","350","12","REPUBLICAN","0"
"10","0","CHAMPAIGN","675","REGAN DEERING","370","13TH CONGRESS","CUNNINGHAM 03","350","12","REPUBLICAN","0"
"10","0","CHAMPAIGN","685","JESSE REISING","370","13TH CONGRESS","CUNNINGHAM 03","350","12","REPUBLICAN","0"
"10","0","CHAMPAIGN","680","MATT HAUSMAN","370","13TH CONGRESS","CUNNINGHAM 03","350","12","REPUBLICAN","1"
"10","0","CHAMPAIGN","0","Under Votes","370","13TH CONGRESS","CUNNINGHAM 16","810","12","REPUBLICAN","2"
"10","0","CHAMPAIGN","0","Over Votes","370","13TH CONGRESS","CUNNINGHAM 16","810","12","REPUBLICAN","0"
"10","0","CHAMPAIGN","690","TERRY MARTIN","370","13TH CONGRESS","CUNNINGHAM 16","810","12","REPUBLICAN","5"
"10","0","CHAMPAIGN","675","REGAN DEERING","370","13TH CONGRESS","CUNNINGHAM 16","810","12","REPUBLICAN","18"
"10","0","CHAMPAIGN","685","JESSE REISING","370","13TH CONGRESS","CUNNINGHAM 16","810","12","REPUBLICAN","9"
"10","0","CHAMPAIGN","680","MATT HAUSMAN","370","13TH CONGRESS","CUNNINGHAM 16","810","12","REPUBLICAN","10"
"10","0","CHAMPAIGN","680","MATT HAUSMAN","370","13TH CONGRESS","CITY OF CHAMPAIGN 01","1067","12","REPUBLICAN","2"
"10","0","CHAMPAIGN","0","Over Votes","370","13TH CONGRESS","CITY OF CHAMPAIGN 01","1067","12","REPUBLICAN","0"
"10","0","CHAMPAIGN","675","REGAN DEERING","370","13TH CONGRESS","CITY OF CHAMPAIGN 01","1067","12","REPUBLICAN","2"
"10","0","CHAMPAIGN","0","Under Votes","370","13TH CONGRESS","CITY OF CHAMPAIGN 01","1067","12","REPUBLICAN","3"
"10","0","CHAMPAIGN","685","JESSE REISING","370","13TH CONGRESS","CITY OF CHAMPAIGN 01","1067","12","REPUBLICAN","2"
"10","0","CHAMPAIGN","690","TERRY MARTIN","370","13TH CONGRESS","CITY OF CHAMPAIGN 01","1067","12","REPUBLICAN","1"
"10","0","CHAMPAIGN","0","Under Votes","370","13TH CONGRESS","CITY OF CHAMPAIGN 04","867","12","REPUBLICAN","1"
"10","0","CHAMPAIGN","680","MATT HAUSMAN","370","13TH CONGRESS","CITY OF CHAMPAIGN 04","867","12","REPUBLICAN","0"
"10","0","CHAMPAIGN","0","Over Votes","370","13TH CONGRESS","CITY OF CHAMPAIGN 04","867","12","REPUBLICAN","0"
"10","0","CHAMPAIGN","675","REGAN DEERING","370","13TH CONGRESS","CITY OF CHAMPAIGN 04","867","12","REPUBLICAN","2"
"10","0","CHAMPAIGN","685","JESSE REISING","370","13TH CONGRESS","CITY OF CHAMPAIGN 04","867","12","REPUBLICAN","1"
"10","0","CHAMPAIGN","690","TERRY MARTIN","370","13TH CONGRESS","CITY OF CHAMPAIGN 04","867","12","REPUBLICAN","1"
"10","0","CHAMPAIGN","0","Over Votes","370","13TH CONGRESS","CITY OF CHAMPAIGN 14","509","12","REPUBLICAN","0"
"10","0","CHAMPAIGN","675","REGAN DEERING","370","13TH CONGRESS","CITY OF CHAMPAIGN 14","509","12","REPUBLICAN","10"
"10","0","CHAMPAIGN","0","Under Votes","370","13TH CONGRESS","CITY OF CHAMPAIGN 14","509","12","REPUBLICAN","2"
"10","0","CHAMPAIGN","690","TERRY MARTIN","370","13TH CONGRESS","CITY OF CHAMPAIGN 14","509","12","REPUBLICAN","4"
"10","0","CHAMPAIGN","680","MATT HAUSMAN","370","13TH CONGRESS","CITY OF CHAMPAIGN 14","509","12","REPUBLICAN","10"
"10","0","CHAMPAIGN","685","JESSE REISING","370","13TH CONGRESS","CITY OF CHAMPAIGN 14","509","12","REPUBLICAN","2"
"10","0","CHAMPAIGN","0","Under Votes","370","13TH CONGRESS","CITY OF CHAMPAIGN 17","2214","12","REPUBLICAN","11"
"10","0","CHAMPAIGN","0","Over Votes","370","13TH CONGRESS","CHAMPAIGN 3","1866","12","REPUBLICAN","0"
"10","0","CHAMPAIGN","680","MATT HAUSMAN","370","13TH CONGRESS","CHAMPAIGN 3","1866","12","REPUBLICAN","158"
"10","0","CHAMPAIGN","690","TERRY MARTIN","370","13TH CONGRESS","CHAMPAIGN 3","1866","12","REPUBLICAN","21"
"10","0","CHAMPAIGN","675","REGAN DEERING","370","13TH CONGRESS","CHAMPAIGN 3","1866","12","REPUBLICAN","177"
"10","0","CHAMPAIGN","0","Under Votes","370","13TH CONGRESS","CHAMPAIGN 3","1866","12","REPUBLICAN","42"
"10","0","CHAMPAIGN","685","JESSE REISING","370","13TH CONGRESS","CHAMPAIGN 3","1866","12","REPUBLICAN","94"
"10","0","CHAMPAIGN","0","Over Votes","370","13TH CONGRESS","CITY OF CHAMPAIGN 11","1617","12","REPUBLICAN","0"
"10","0","CHAMPAIGN","0","Under Votes","370","13TH CONGRESS","CITY OF CHAMPAIGN 11","1617","12","REPUBLICAN","5"
"10","0","CHAMPAIGN","680","MATT HAUSMAN","370","13TH CONGRESS","CITY OF CHAMPAIGN 11","1617","12","REPUBLICAN","12"
"10","0","CHAMPAIGN","675","REGAN DEERING","370","13TH CONGRESS","CITY OF CHAMPAIGN 11","1617","12","REPUBLICAN","20"
"10","0","CHAMPAIGN","690","TERRY MARTIN","370","13TH CONGRESS","CITY OF CHAMPAIGN 11","1617","12","REPUBLICAN","6"
"10","0","CHAMPAIGN","685","JESSE REISING","370","13TH CONGRESS","CITY OF CHAMPAIGN 11","1617","12","REPUBLICAN","17"
"10","0","CHAMPAIGN","0","Under Votes","370","13TH CONGRESS","CITY OF CHAMPAIGN 24","1725","12","REPUBLICAN","22"
"10","0","CHAMPAIGN","0","Over Votes","370","13TH CONGRESS","CITY OF CHAMPAIGN 24","1725","12","REPUBLICAN","1"
"10","0","CHAMPAIGN","675","REGAN DEERING","370","13TH CONGRESS","CITY OF CHAMPAIGN 24","1725","12","REPUBLICAN","54"
"10","0","CHAMPAIGN","690","TERRY MARTIN","370","13TH CONGRESS","CITY OF CHAMPAIGN 24","1725","12","REPUBLICAN","10"
"10","0","CHAMPAIGN","685","JESSE REISING","370","13TH CONGRESS","CITY OF CHAMPAIGN 24","1725","12","REPUBLICAN","89"
"10","0","CHAMPAIGN","680","MATT HAUSMAN","370","13TH CONGRESS","CITY OF CHAMPAIGN 24","1725","12","REPUBLICAN","74"
"10","0","CHAMPAIGN","0","Under Votes","370","13TH CONGRESS","CITY OF CHAMPAIGN 27","585","12","REPUBLICAN","5"
"10","0","CHAMPAIGN","0","Over Votes","370","13TH CONGRESS","CITY OF CHAMPAIGN 27","585","12","REPUBLICAN","0"
"10","0","CHAMPAIGN","685","JESSE REISING","370","13TH CONGRESS","CITY OF CHAMPAIGN 27","585","12","REPUBLICAN","17"
"10","0","CHAMPAIGN","0","Over Votes","370","13TH CONGRESS","CHAMPAIGN 1","223","12","REPUBLICAN","0"
"10","0","CHAMPAIGN","0","Under Votes","370","13TH CONGRESS","CHAMPAIGN 1","223","12","REPUBLICAN","0"
"10","0","CHAMPAIGN","680","MATT HAUSMAN","370","13TH CONGRESS","CHAMPAIGN 1","223","12","REPUBLICAN","5"
"10","0","CHAMPAIGN","690","TERRY MARTIN","370","13TH CONGRESS","CHAMPAIGN 1","223","12","REPUBLICAN","0"
"10","0","CHAMPAIGN","685","JESSE REISING","370","13TH CONGRESS","CHAMPAIGN 1","223","12","REPUBLICAN","5"
"10","0","CHAMPAIGN","675","REGAN DEERING","370","13TH CONGRESS","CHAMPAIGN 1","223","12","REPUBLICAN","5"
"10","0","CHAMPAIGN","680","MATT HAUSMAN","370","13TH CONGRESS","CITY OF CHAMPAIGN 09","1421","12","REPUBLICAN","9"
"10","0","CHAMPAIGN","0","Over Votes","370","13TH CONGRESS","CITY OF CHAMPAIGN 09","1421","12","REPUBLICAN","0"
"10","0","CHAMPAIGN","690","TERRY MARTIN","370","13TH CONGRESS","CITY OF CHAMPAIGN 09","1421","12","REPUBLICAN","4"
"10","0","CHAMPAIGN","0","Under Votes","370","13TH CONGRESS","CITY OF CHAMPAIGN 09","1421","12","REPUBLICAN","2"
"10","0","CHAMPAIGN","685","JESSE REISING","370","13TH CONGRESS","CITY OF CHAMPAIGN 09","1421","12","REPUBLICAN","9"
"10","0","CHAMPAIGN","675","REGAN DEERING","370","13TH CONGRESS","CITY OF CHAMPAIGN 09","1421","12","REPUBLICAN","5"
"10","0","CHAMPAIGN","0","Under Votes","370","13TH CONGRESS","CITY OF CHAMPAIGN 22","414","12","REPUBLICAN","5"
"10","0","CHAMPAIGN","680","MATT HAUSMAN","370","13TH CONGRESS","CITY OF CHAMPAIGN 22","414","12","REPUBLICAN","15"
"10","0","CHAMPAIGN","0","Over Votes","370","13TH CONGRESS","CITY OF CHAMPAIGN 22","414","12","REPUBLICAN","0"
"10","0","CHAMPAIGN","690","TERRY MARTIN","370","13TH CONGRESS","CITY OF CHAMPAIGN 22","414","12","REPUBLICAN","3"
"10","0","CHAMPAIGN","0","Over Votes","370","13TH CONGRESS","CHAMPAIGN 2","1824","12","REPUBLICAN","0"
"10","0","CHAMPAIGN","0","Under Votes","370","13TH CONGRESS","CHAMPAIGN 2","1824","12","REPUBLICAN","21"
"10","0","CHAMPAIGN","690","TERRY MARTIN","370","13TH CONGRESS","CHAMPAIGN 2","1824","12","REPUBLICAN","16"
"10","0","CHAMPAIGN","685","JESSE REISING","370","13TH CONGRESS","CHAMPAIGN 2","1824","12","REPUBLICAN","70"
"10","0","CHAMPAIGN","675","REGAN DEERING","370","13TH CONGRESS","CHAMPAIGN 2","1824","12","REPUBLICAN","86"
"10","0","CHAMPAIGN","680","MATT HAUSMAN","370","13TH CONGRESS","CHAMPAIGN 2","1824","12","REPUBLICAN","84"
"10","0","CHAMPAIGN","0","Over Votes","370","13TH CONGRESS","CHAMPAIGN 5","1846","12","REPUBLICAN","0"
"10","0","CHAMPAIGN","680","MATT HAUSMAN","370","13TH CONGRESS","CHAMPAIGN 5","1846","12","REPUBLICAN","91"
"10","0","CHAMPAIGN","690","TERRY MARTIN","370","13TH CONGRESS","CHAMPAIGN 5","1846","12","REPUBLICAN","13"
"10","0","CHAMPAIGN","675","REGAN DEERING","370","13TH CONGRESS","CHAMPAIGN 5","1846","12","REPUBLICAN","68"
"10","0","CHAMPAIGN","0","Over Votes","370","13TH CONGRESS","CITY OF CHAMPAIGN 03","1339","12","REPUBLICAN","0"
"10","0","CHAMPAIGN","680","MATT HAUSMAN","370","13TH CONGRESS","CITY OF CHAMPAIGN 03","1339","12","REPUBLICAN","0"
"10","0","CHAMPAIGN","675","REGAN DEERING","370","13TH CONGRESS","CITY OF CHAMPAIGN 03","1339","12","REPUBLICAN","3"
"10","0","CHAMPAIGN","690","TERRY MARTIN","370","13TH CONGRESS","CITY OF CHAMPAIGN 03","1339","12","REPUBLICAN","0"
"10","0","CHAMPAIGN","0","Under Votes","370","13TH CONGRESS","CITY OF CHAMPAIGN 03","1339","12","REPUBLICAN","0"
"10","0","CHAMPAIGN","685","JESSE REISING","370","13TH CONGRESS","CITY OF CHAMPAIGN 03","1339","12","REPUBLICAN","1"
"10","0","CHAMPAIGN","0","Over Votes","370","13TH CONGRESS","CITY OF CHAMPAIGN 06","2436","12","REPUBLICAN","0"
"10","0","CHAMPAIGN","680","MATT HAUSMAN","370","13TH CONGRESS","CITY OF CHAMPAIGN 06","2436","12","REPUBLICAN","28"
"10","0","CHAMPAIGN","675","REGAN DEERING","370","13TH CONGRESS","CITY OF CHAMPAIGN 06","2436","12","REPUBLICAN","24"
"10","0","CHAMPAIGN","690","TERRY MARTIN","370","13TH CONGRESS","CITY OF CHAMPAIGN 06","2436","12","REPUBLICAN","8"
"10","0","CHAMPAIGN","0","Under Votes","370","13TH CONGRESS","CITY OF CHAMPAIGN 06","2436","12","REPUBLICAN","2"
"10","0","CHAMPAIGN","685","JESSE REISING","370","13TH CONGRESS","CITY OF CHAMPAIGN 06","2436","12","REPUBLICAN","12"
"10","0","CHAMPAIGN","0","Under Votes","370","13TH CONGRESS","CITY OF CHAMPAIGN 07","1210","12","REPUBLICAN","0"
"10","0","CHAMPAIGN","0","Over Votes","370","13TH CONGRESS","CITY OF CHAMPAIGN 07","1210","12","REPUBLICAN","0"
"10","0","CHAMPAIGN","690","TERRY MARTIN","370","13TH CONGRESS","CITY OF CHAMPAIGN 07","1210","12","REPUBLICAN","0"
"10","0","CHAMPAIGN","685","JESSE REISING","370","13TH CONGRESS","CITY OF CHAMPAIGN 07","1210","12","REPUBLICAN","1"
"10","0","CHAMPAIGN","675","REGAN DEERING","370","13TH CONGRESS","CITY OF CHAMPAIGN 07","1210","12","REPUBLICAN","2"
"10","0","CHAMPAIGN","680","MATT HAUSMAN","370","13TH CONGRESS","CITY OF CHAMPAIGN 07","1210","12","REPUBLICAN","0"
"10","0","CHAMPAIGN","0","Over Votes","370","13TH CONGRESS","CITY OF CHAMPAIGN 10","964","12","REPUBLICAN","0"
"10","0","CHAMPAIGN","0","Under Votes","370","13TH CONGRESS","CITY OF CHAMPAIGN 10","964","12","REPUBLICAN","0"
"10","0","CHAMPAIGN","690","TERRY MARTIN","370","13TH CONGRESS","CITY OF CHAMPAIGN 10","964","12","REPUBLICAN","2"
"10","0","CHAMPAIGN","675","REGAN DEERING","370","13TH CONGRESS","CITY OF CHAMPAIGN 10","964","12","REPUBLICAN","9"
"10","0","CHAMPAIGN","685","JESSE REISING","370","13TH CONGRESS","CITY OF CHAMPAIGN 10","964","12","REPUBLICAN","8"
"10","0","CHAMPAIGN","680","MATT HAUSMAN","370","13TH CONGRESS","CITY OF CHAMPAIGN 10","964","12","REPUBLICAN","10"
"10","0","CHAMPAIGN","675","REGAN DEERING","370","13TH CONGRESS","CITY OF CHAMPAIGN 20","939","12","REPUBLICAN","40"
"10","0","CHAMPAIGN","680","MATT HAUSMAN","370","13TH CONGRESS","CITY OF CHAMPAIGN 20","939","12","REPUBLICAN","21"
"10","0","CHAMPAIGN","0","Under Votes","370","13TH CONGRESS","CITY OF CHAMPAIGN 20","939","12","REPUBLICAN","9"
"10","0","CHAMPAIGN","0","Over Votes","370","13TH CONGRESS","CITY OF CHAMPAIGN 20","939","12","REPUBLICAN","0"
"10","0","CHAMPAIGN","690","TERRY MARTIN","370","13TH CONGRESS","CITY OF CHAMPAIGN 20","939","12","REPUBLICAN","3"
"10","0","CHAMPAIGN","685","JESSE REISING","370","13TH CONGRESS","CITY OF CHAMPAIGN 20","939","12","REPUBLICAN","15"
"10","0","CHAMPAIGN","0","Under Votes","370","13TH CONGRESS","CITY OF CHAMPAIGN 23","496","12","REPUBLICAN","2"
"10","0","CHAMPAIGN","0","Over Votes","370","13TH CONGRESS","CITY OF CHAMPAIGN 23","496","12","REPUBLICAN","0"
"10","0","CHAMPAIGN","690","TERRY MARTIN","370","13TH CONGRESS","CITY OF CHAMPAIGN 23","496","12","REPUBLICAN","5"
"10","0","CHAMPAIGN","675","REGAN DEERING","370","13TH CONGRESS","CITY OF CHAMPAIGN 23","496","12","REPUBLICAN","14"
"10","0","CHAMPAIGN","685","JESSE REISING","370","13TH CONGRESS","CITY OF CHAMPAIGN 23","496","12","REPUBLICAN","26"
"10","0","CHAMPAIGN","680","MATT HAUSMAN","370","13TH CONGRESS","CITY OF CHAMPAIGN 23","496","12","REPUBLICAN","14"
"10","0","CHAMPAIGN","0","Under Votes","370","13TH CONGRESS","CITY OF CHAMPAIGN 36","1058","12","REPUBLICAN","7"
"10","0","CHAMPAIGN","0","Over Votes","370","13TH CONGRESS","CITY OF CHAMPAIGN 36","1058","12","REPUBLICAN","0"
"10","0","CHAMPAIGN","690","TERRY MARTIN","370","13TH CONGRESS","CITY OF CHAMPAIGN 36","1058","12","REPUBLICAN","7"
"10","0","CHAMPAIGN","675","REGAN DEERING","370","13TH CONGRESS","CITY OF CHAMPAIGN 36","1058","12","REPUBLICAN","41"
"10","0","CHAMPAIGN","685","JESSE REISING","370","13TH CONGRESS","CITY OF CHAMPAIGN 36","1058","12","REPUBLICAN","31"
"10","0","CHAMPAIGN","680","MATT HAUSMAN","370","13TH CONGRESS","CITY OF CHAMPAIGN 36","1058","12","REPUBLICAN","51"
"10","0","CHAMPAIGN","0","Under Votes","370","13TH CONGRESS","CITY OF CHAMPAIGN 39","1644","12","REPUBLICAN","8"
"10","0","CHAMPAIGN","0","Over Votes","370","13TH CONGRESS","CITY OF CHAMPAIGN 39","1644","12","REPUBLICAN","0"
"10","0","CHAMPAIGN","690","TERRY MARTIN","370","13TH CONGRESS","CITY OF CHAMPAIGN 39","1644","12","REPUBLICAN","12"
"10","0","CHAMPAIGN","675","REGAN DEERING","370","13TH CONGRESS","CITY OF CHAMPAIGN 39","1644","12","REPUBLICAN","35"
"10","0","CHAMPAIGN","685","JESSE REISING","370","13TH CONGRESS","CITY OF CHAMPAIGN 39","1644","12","REPUBLICAN","28"
"10","0","CHAMPAIGN","680","MATT HAUSMAN","370","13TH CONGRESS","CITY OF CHAMPAIGN 39","1644","12","REPUBLICAN","33"
"10","0","CHAMPAIGN","0","Over Votes","370","13TH CONGRESS","SCOTT BONDVILLE","411","12","REPUBLICAN","0"
"10","0","CHAMPAIGN","690","TERRY MARTIN","370","13TH CONGRESS","SCOTT BONDVILLE","411","12","REPUBLICAN","9"
"10","0","CHAMPAIGN","675","REGAN DEERING","370","13TH CONGRESS","SCOTT BONDVILLE","411","12","REPUBLICAN","29"
"10","0","CHAMPAIGN","685","JESSE REISING","370","13TH CONGRESS","SCOTT BONDVILLE","411","12","REPUBLICAN","18"
"10","0","CHAMPAIGN","680","MATT HAUSMAN","370","13TH CONGRESS","SCOTT BONDVILLE","411","12","REPUBLICAN","36"
"10","0","CHAMPAIGN","0","Over Votes","370","13TH CONGRESS","URBANA 2","1283","12","REPUBLICAN","0"
"10","0","CHAMPAIGN","0","Under Votes","370","13TH CONGRESS","URBANA 2","1283","12","REPUBLICAN","15"
"10","0","CHAMPAIGN","690","TERRY MARTIN","370","13TH CONGRESS","URBANA 2","1283","12","REPUBLICAN","14"
"10","0","CHAMPAIGN","675","REGAN DEERING","370","13TH CONGRESS","URBANA 2","1283","12","REPUBLICAN","44"
"10","0","CHAMPAIGN","685","JESSE REISING","370","13TH CONGRESS","URBANA 2","1283","12","REPUBLICAN","27"
"10","0","CHAMPAIGN","680","MATT HAUSMAN","370","13TH CONGRESS","URBANA 2","1283","12","REPUBLICAN","41"
"10","0","CHAMPAIGN","690","TERRY MARTIN","370","13TH CONGRESS","CHAMPAIGN 6","1695","12","REPUBLICAN","18"
"10","0","CHAMPAIGN","0","Over Votes","370","13TH CONGRESS","CITY OF CHAMPAIGN 17","2214","12","REPUBLICAN","0"
"10","0","CHAMPAIGN","685","JESSE REISING","370","13TH CONGRESS","CITY OF CHAMPAIGN 17","2214","12","REPUBLICAN","34"
"10","0","CHAMPAIGN","690","TERRY MARTIN","370","13TH CONGRESS","CITY OF CHAMPAIGN 17","2214","12","REPUBLICAN","17"
"10","0","CHAMPAIGN","675","REGAN DEERING","370","13TH CONGRESS","CITY OF CHAMPAIGN 17","2214","12","REPUBLICAN","65"
"10","0","CHAMPAIGN","680","MATT HAUSMAN","370","13TH CONGRESS","CITY OF CHAMPAIGN 17","2214","12","REPUBLICAN","50"
"10","0","CHAMPAIGN","0","Under Votes","370","13TH CONGRESS","CITY OF CHAMPAIGN 30","1114","12","REPUBLICAN","3"
"10","0","CHAMPAIGN","0","Over Votes","370","13TH CONGRESS","CITY OF CHAMPAIGN 30","1114","12","REPUBLICAN","0"
"10","0","CHAMPAIGN","685","JESSE REISING","370","13TH CONGRESS","CITY OF CHAMPAIGN 30","1114","12","REPUBLICAN","9"
"10","0","CHAMPAIGN","690","TERRY MARTIN","370","13TH CONGRESS","CITY OF CHAMPAIGN 30","1114","12","REPUBLICAN","3"
"10","0","CHAMPAIGN","675","REGAN DEERING","370","13TH CONGRESS","CITY OF CHAMPAIGN 30","1114","12","REPUBLICAN","10"
"10","0","CHAMPAIGN","680","MATT HAUSMAN","370","13TH CONGRESS","CITY OF CHAMPAIGN 30","1114","12","REPUBLICAN","7"
"10","0","CHAMPAIGN","0","Under Votes","370","13TH CONGRESS","CITY OF CHAMPAIGN 33","1478","12","REPUBLICAN","18"
"10","0","CHAMPAIGN","0","Over Votes","370","13TH CONGRESS","CITY OF CHAMPAIGN 33","1478","12","REPUBLICAN","0"
"10","0","CHAMPAIGN","690","TERRY MARTIN","370","13TH CONGRESS","CITY OF CHAMPAIGN 33","1478","12","REPUBLICAN","11"
"10","0","CHAMPAIGN","675","REGAN DEERING","370","13TH CONGRESS","CITY OF CHAMPAIGN 33","1478","12","REPUBLICAN","46"
"10","0","CHAMPAIGN","685","JESSE REISING","370","13TH CONGRESS","CITY OF CHAMPAIGN 33","1478","12","REPUBLICAN","67"
"10","0","CHAMPAIGN","680","MATT HAUSMAN","370","13TH CONGRESS","CITY OF CHAMPAIGN 33","1478","12","REPUBLICAN","50"
"10","0","CHAMPAIGN","0","Over Votes","370","13TH CONGRESS","CUNNINGHAM 02","392","12","REPUBLICAN","0"
"10","0","CHAMPAIGN","0","Under Votes","370","13TH CONGRESS","CUNNINGHAM 02","392","12","REPUBLICAN","1"
"10","0","CHAMPAIGN","690","TERRY MARTIN","370","13TH CONGRESS","CUNNINGHAM 02","392","12","REPUBLICAN","0"
"10","0","CHAMPAIGN","675","REGAN DEERING","370","13TH CONGRESS","CUNNINGHAM 02","392","12","REPUBLICAN","1"
"10","0","CHAMPAIGN","685","JESSE REISING","370","13TH CONGRESS","CUNNINGHAM 02","392","12","REPUBLICAN","0"
"10","0","CHAMPAIGN","680","MATT HAUSMAN","370","13TH CONGRESS","CUNNINGHAM 02","392","12","REPUBLICAN","0"
"10","0","CHAMPAIGN","0","Under Votes","370","13TH CONGRESS","CUNNINGHAM 05","357","12","REPUBLICAN","0"
"10","0","CHAMPAIGN","0","Over Votes","370","13TH CONGRESS","CUNNINGHAM 05","357","12","REPUBLICAN","0"
"10","0","CHAMPAIGN","690","TERRY MARTIN","370","13TH CONGRESS","CUNNINGHAM 05","357","12","REPUBLICAN","0"
"10","0","CHAMPAIGN","675","REGAN DEERING","370","13TH CONGRESS","CUNNINGHAM 05","357","12","REPUBLICAN","0"
"10","0","CHAMPAIGN","685","JESSE REISING","370","13TH CONGRESS","CUNNINGHAM 05","357","12","REPUBLICAN","0"
"10","0","CHAMPAIGN","680","MATT HAUSMAN","370","13TH CONGRESS","CUNNINGHAM 05","357","12","REPUBLICAN","0"
"10","0","CHAMPAIGN","0","Over Votes","370","13TH CONGRESS","CUNNINGHAM 15","634","12","REPUBLICAN","0"
"10","0","CHAMPAIGN","0","Under Votes","370","13TH CONGRESS","CUNNINGHAM 15","634","12","REPUBLICAN","4"
"10","0","CHAMPAIGN","690","TERRY MARTIN","370","13TH CONGRESS","CUNNINGHAM 15","634","12","REPUBLICAN","2"
"10","0","CHAMPAIGN","675","REGAN DEERING","370","13TH CONGRESS","CUNNINGHAM 15","634","12","REPUBLICAN","17"
"10","0","CHAMPAIGN","685","JESSE REISING","370","13TH CONGRESS","CUNNINGHAM 15","634","12","REPUBLICAN","21"
"10","0","CHAMPAIGN","680","MATT HAUSMAN","370","13TH CONGRESS","CUNNINGHAM 15","634","12","REPUBLICAN","8"
"10","0","CHAMPAIGN","0","Over Votes","370","13TH CONGRESS","CUNNINGHAM 17","1214","12","REPUBLICAN","0"
"10","0","CHAMPAIGN","0","Under Votes","370","13TH CONGRESS","CUNNINGHAM 17","1214","12","REPUBLICAN","5"
"10","0","CHAMPAIGN","690","TERRY MARTIN","370","13TH CONGRESS","CUNNINGHAM 17","1214","12","REPUBLICAN","5"
"10","0","CHAMPAIGN","675","REGAN DEERING","370","13TH CONGRESS","CUNNINGHAM 17","1214","12","REPUBLICAN","33"
"10","0","CHAMPAIGN","685","JESSE REISING","370","13TH CONGRESS","CUNNINGHAM 17","1214","12","REPUBLICAN","29"
"10","0","CHAMPAIGN","680","MATT HAUSMAN","370","13TH CONGRESS","CUNNINGHAM 17","1214","12","REPUBLICAN","29"
"10","0","CHAMPAIGN","0","Under Votes","370","13TH CONGRESS","SCOTT BONDVILLE","411","12","REPUBLICAN","8"
"10","0","CHAMPAIGN","0","Over Votes","370","13TH CONGRESS","CITY OF CHAMPAIGN 16","690","12","REPUBLICAN","0"
"10","0","CHAMPAIGN","0","Under Votes","370","13TH CONGRESS","CITY OF CHAMPAIGN 16","690","12","REPUBLICAN","4"
"10","0","CHAMPAIGN","680","MATT HAUSMAN","370","13TH CONGRESS","CITY OF CHAMPAIGN 16","690","12","REPUBLICAN","32"
"10","0","CHAMPAIGN","690","TERRY MARTIN","370","13TH CONGRESS","CITY OF CHAMPAIGN 16","690","12","REPUBLICAN","4"
"10","0","CHAMPAIGN","675","REGAN DEERING","370","13TH CONGRESS","CITY OF CHAMPAIGN 16","690","12","REPUBLICAN","20"
"10","0","CHAMPAIGN","685","JESSE REISING","370","13TH CONGRESS","CITY OF CHAMPAIGN 16","690","12","REPUBLICAN","10"
"10","0","CHAMPAIGN","0","Over Votes","370","13TH CONGRESS","CITY OF CHAMPAIGN 19","875","12","REPUBLICAN","0"
"10","0","CHAMPAIGN","0","Under Votes","370","13TH CONGRESS","CITY OF CHAMPAIGN 19","875","12","REPUBLICAN","6"
"10","0","CHAMPAIGN","680","MATT HAUSMAN","370","13TH CONGRESS","CITY OF CHAMPAIGN 19","875","12","REPUBLICAN","16"
"10","0","CHAMPAIGN","690","TERRY MARTIN","370","13TH CONGRESS","CITY OF CHAMPAIGN 19","875","12","REPUBLICAN","6"
"10","0","CHAMPAIGN","675","REGAN DEERING","370","13TH CONGRESS","CITY OF CHAMPAIGN 19","875","12","REPUBLICAN","30"
"10","0","CHAMPAIGN","685","JESSE REISING","370","13TH CONGRESS","CITY OF CHAMPAIGN 19","875","12","REPUBLICAN","13"
"10","0","CHAMPAIGN","0","Under Votes","370","13TH CONGRESS","CITY OF CHAMPAIGN 32","1069","12","REPUBLICAN","9"
"10","0","CHAMPAIGN","680","MATT HAUSMAN","370","13TH CONGRESS","CITY OF CHAMPAIGN 32","1069","12","REPUBLICAN","51"
"10","0","CHAMPAIGN","0","Over Votes","370","13TH CONGRESS","CITY OF CHAMPAIGN 32","1069","12","REPUBLICAN","0"
"10","0","CHAMPAIGN","690","TERRY MARTIN","370","13TH CONGRESS","CITY OF CHAMPAIGN 32","1069","12","REPUBLICAN","10"
"10","0","CHAMPAIGN","675","REGAN DEERING","370","13TH CONGRESS","CITY OF CHAMPAIGN 32","1069","12","REPUBLICAN","45"
"10","0","CHAMPAIGN","685","JESSE REISING","370","13TH CONGRESS","CITY OF CHAMPAIGN 32","1069","12","REPUBLICAN","53"
"10","0","CHAMPAIGN","0","Under Votes","370","13TH CONGRESS","CITY OF CHAMPAIGN 35","1442","12","REPUBLICAN","7"
"10","0","CHAMPAIGN","0","Over Votes","370","13TH CONGRESS","CITY OF CHAMPAIGN 35","1442","12","REPUBLICAN","0"
"10","0","CHAMPAIGN","690","TERRY MARTIN","370","13TH CONGRESS","CITY OF CHAMPAIGN 35","1442","12","REPUBLICAN","9"
"10","0","CHAMPAIGN","675","REGAN DEERING","370","13TH CONGRESS","CITY OF CHAMPAIGN 35","1442","12","REPUBLICAN","26"
"10","0","CHAMPAIGN","685","JESSE REISING","370","13TH CONGRESS","CITY OF CHAMPAIGN 35","1442","12","REPUBLICAN","35"
"10","0","CHAMPAIGN","680","MATT HAUSMAN","370","13TH CONGRESS","CITY OF CHAMPAIGN 35","1442","12","REPUBLICAN","32"
"10","0","CHAMPAIGN","0","Under Votes","370","13TH CONGRESS","CUNNINGHAM 04","242","12","REPUBLICAN","0"
"10","0","CHAMPAIGN","0","Over Votes","370","13TH CONGRESS","CUNNINGHAM 04","242","12","REPUBLICAN","0"
"10","0","CHAMPAIGN","690","TERRY MARTIN","370","13TH CONGRESS","CUNNINGHAM 04","242","12","REPUBLICAN","0"
"10","0","CHAMPAIGN","675","REGAN DEERING","370","13TH CONGRESS","CUNNINGHAM 04","242","12","REPUBLICAN","0"
"10","0","CHAMPAIGN","685","JESSE REISING","370","13TH CONGRESS","CUNNINGHAM 04","242","12","REPUBLICAN","0"
"10","0","CHAMPAIGN","680","MATT HAUSMAN","370","13TH CONGRESS","CUNNINGHAM 04","242","12","REPUBLICAN","0"
"10","0","CHAMPAIGN","0","Under Votes","370","13TH CONGRESS","CUNNINGHAM 07","554","12","REPUBLICAN","1"
"10","0","CHAMPAIGN","0","Over Votes","370","13TH CONGRESS","CUNNINGHAM 07","554","12","REPUBLICAN","0"
"10","0","CHAMPAIGN","690","TERRY MARTIN","370","13TH CONGRESS","CUNNINGHAM 07","554","12","REPUBLICAN","0"
"10","0","CHAMPAIGN","675","REGAN DEERING","370","13TH CONGRESS","CUNNINGHAM 07","554","12","REPUBLICAN","5"
"10","0","CHAMPAIGN","685","JESSE REISING","370","13TH CONGRESS","CUNNINGHAM 07","554","12","REPUBLICAN","5"
"10","0","CHAMPAIGN","680","MATT HAUSMAN","370","13TH CONGRESS","CUNNINGHAM 07","554","12","REPUBLICAN","4"
"10","0","CHAMPAIGN","0","Under Votes","370","13TH CONGRESS","CUNNINGHAM 19","2037","12","REPUBLICAN","12"
"10","0","CHAMPAIGN","0","Over Votes","370","13TH CONGRESS","CUNNINGHAM 19","2037","12","REPUBLICAN","0"
"10","0","CHAMPAIGN","690","TERRY MARTIN","370","13TH CONGRESS","CUNNINGHAM 19","2037","12","REPUBLICAN","14"
"10","0","CHAMPAIGN","675","REGAN DEERING","370","13TH CONGRESS","CUNNINGHAM 19","2037","12","REPUBLICAN","35"
"10","0","CHAMPAIGN","685","JESSE REISING","370","13TH CONGRESS","CUNNINGHAM 19","2037","12","REPUBLICAN","25"
"10","0","CHAMPAIGN","680","MATT HAUSMAN","370","13TH CONGRESS","CUNNINGHAM 19","2037","12","REPUBLICAN","23"
"10","0","CHAMPAIGN","0","Under Votes","370","13TH CONGRESS","CHAMPAIGN 5","1846","12","REPUBLICAN","31"
"10","0","CHAMPAIGN","685","JESSE REISING","370","13TH CONGRESS","CHAMPAIGN 5","1846","12","REPUBLICAN","75"
"10","0","CHAMPAIGN","0","Under Votes","370","13TH CONGRESS","CITY OF CHAMPAIGN 13","1131","12","REPUBLICAN","6"
"10","0","CHAMPAIGN","0","Over Votes","370","13TH CONGRESS","CITY OF CHAMPAIGN 13","1131","12","REPUBLICAN","1"
"10","0","CHAMPAIGN","675","REGAN DEERING","370","13TH CONGRESS","CITY OF CHAMPAIGN 13","1131","12","REPUBLICAN","22"
"10","0","CHAMPAIGN","690","TERRY MARTIN","370","13TH CONGRESS","CITY OF CHAMPAIGN 13","1131","12","REPUBLICAN","6"
"10","0","CHAMPAIGN","685","JESSE REISING","370","13TH CONGRESS","CITY OF CHAMPAIGN 13","1131","12","REPUBLICAN","14"
"10","0","CHAMPAIGN","680","MATT HAUSMAN","370","13TH CONGRESS","CITY OF CHAMPAIGN 13","1131","12","REPUBLICAN","27"
"10","0","CHAMPAIGN","0","Under Votes","370","13TH CONGRESS","CITY OF CHAMPAIGN 26","1073","12","REPUBLICAN","15"
"10","0","CHAMPAIGN","0","Over Votes","370","13TH CONGRESS","CITY OF CHAMPAIGN 26","1073","12","REPUBLICAN","0"
"10","0","CHAMPAIGN","690","TERRY MARTIN","370","13TH CONGRESS","CITY OF CHAMPAIGN 26","1073","12","REPUBLICAN","8"
"10","0","CHAMPAIGN","675","REGAN DEERING","370","13TH CONGRESS","CITY OF CHAMPAIGN 26","1073","12","REPUBLICAN","35"
"10","0","CHAMPAIGN","685","JESSE REISING","370","13TH CONGRESS","CITY OF CHAMPAIGN 26","1073","12","REPUBLICAN","42"
"10","0","CHAMPAIGN","680","MATT HAUSMAN","370","13TH CONGRESS","CITY OF CHAMPAIGN 26","1073","12","REPUBLICAN","23"
"10","0","CHAMPAIGN","0","Under Votes","370","13TH CONGRESS","CITY OF CHAMPAIGN 29","716","12","REPUBLICAN","1"
"10","0","CHAMPAIGN","680","MATT HAUSMAN","370","13TH CONGRESS","CITY OF CHAMPAIGN 29","716","12","REPUBLICAN","41"
"10","0","CHAMPAIGN","0","Over Votes","370","13TH CONGRESS","CITY OF CHAMPAIGN 29","716","12","REPUBLICAN","0"
"10","0","CHAMPAIGN","690","TERRY MARTIN","370","13TH CONGRESS","CITY OF CHAMPAIGN 29","716","12","REPUBLICAN","1"
"10","0","CHAMPAIGN","675","REGAN DEERING","370","13TH CONGRESS","CITY OF CHAMPAIGN 29","716","12","REPUBLICAN","25"
"10","0","CHAMPAIGN","685","JESSE REISING","370","13TH CONGRESS","CITY OF CHAMPAIGN 29","716","12","REPUBLICAN","19"
"10","0","CHAMPAIGN","0","Under Votes","370","13TH CONGRESS","CUNNINGHAM 01","1125","12","REPUBLICAN","0"
"10","0","CHAMPAIGN","680","MATT HAUSMAN","370","13TH CONGRESS","CUNNINGHAM 01","1125","12","REPUBLICAN","1"
"10","0","CHAMPAIGN","0","Over Votes","370","13TH CONGRESS","CUNNINGHAM 01","1125","12","REPUBLICAN","0"
"10","0","CHAMPAIGN","690","TERRY MARTIN","370","13TH CONGRESS","CUNNINGHAM 01","1125","12","REPUBLICAN","2"
"10","0","CHAMPAIGN","675","REGAN DEERING","370","13TH CONGRESS","CUNNINGHAM 01","1125","12","REPUBLICAN","5"
"10","0","CHAMPAIGN","685","JESSE REISING","370","13TH CONGRESS","CUNNINGHAM 01","1125","12","REPUBLICAN","3"
"10","0","CHAMPAIGN","0","Under Votes","370","13TH CONGRESS","CUNNINGHAM 14","881","12","REPUBLICAN","6"
"10","0","CHAMPAIGN","0","Over Votes","370","13TH CONGRESS","CUNNINGHAM 14","881","12","REPUBLICAN","0"
"10","0","CHAMPAIGN","690","TERRY MARTIN","370","13TH CONGRESS","CUNNINGHAM 14","881","12","REPUBLICAN","8"
"10","0","CHAMPAIGN","675","REGAN DEERING","370","13TH CONGRESS","CUNNINGHAM 14","881","12","REPUBLICAN","18"
"10","0","CHAMPAIGN","685","JESSE REISING","370","13TH CONGRESS","CUNNINGHAM 14","881","12","REPUBLICAN","7"
"10","0","CHAMPAIGN","680","MATT HAUSMAN","370","13TH CONGRESS","CUNNINGHAM 14","881","12","REPUBLICAN","21"
"10","0","CHAMPAIGN","0","Under Votes","370","13TH CONGRESS","URBANA 1","383","12","REPUBLICAN","2"
"10","0","CHAMPAIGN","0","Over Votes","370","13TH CONGRESS","URBANA 1","383","12","REPUBLICAN","0"
"10","0","CHAMPAIGN","690","TERRY MARTIN","370","13TH CONGRESS","URBANA 1","383","12","REPUBLICAN","6"
"10","0","CHAMPAIGN","675","REGAN DEERING","370","13TH CONGRESS","URBANA 1","383","12","REPUBLICAN","11"
"10","0","CHAMPAIGN","685","JESSE REISING","370","13TH CONGRESS","URBANA 1","383","12","REPUBLICAN","10"
"10","0","CHAMPAIGN","680","MATT HAUSMAN","370","13TH CONGRESS","URBANA 1","383","12","REPUBLICAN","25"
"10","0","CHAMPAIGN","0","Under Votes","370","13TH CONGRESS","CUNNINGHAM 08","690","12","REPUBLICAN","1"
"10","0","CHAMPAIGN","0","Over Votes","370","13TH CONGRESS","CUNNINGHAM 08","690","12","REPUBLICAN","0"
"10","0","CHAMPAIGN","690","TERRY MARTIN","370","13TH CONGRESS","CUNNINGHAM 08","690","12","REPUBLICAN","1"
"10","0","CHAMPAIGN","675","REGAN DEERING","370","13TH CONGRESS","CUNNINGHAM 08","690","12","REPUBLICAN","1"
"10","0","CHAMPAIGN","685","JESSE REISING","370","13TH CONGRESS","CUNNINGHAM 08","690","12","REPUBLICAN","3"
"10","0","CHAMPAIGN","680","MATT HAUSMAN","370","13TH CONGRESS","CUNNINGHAM 08","690","12","REPUBLICAN","3"
"10","0","CHAMPAIGN","0","Under Votes","370","13TH CONGRESS","CUNNINGHAM 11","453","12","REPUBLICAN","1"
"10","0","CHAMPAIGN","0","Over Votes","370","13TH CONGRESS","CUNNINGHAM 11","453","12","REPUBLICAN","1"
"10","0","CHAMPAIGN","690","TERRY MARTIN","370","13TH CONGRESS","CUNNINGHAM 11","453","12","REPUBLICAN","1"
"10","0","CHAMPAIGN","675","REGAN DEERING","370","13TH CONGRESS","CUNNINGHAM 11","453","12","REPUBLICAN","4"
"10","0","CHAMPAIGN","685","JESSE REISING","370","13TH CONGRESS","CUNNINGHAM 11","453","12","REPUBLICAN","4"
"10","0","CHAMPAIGN","680","MATT HAUSMAN","370","13TH CONGRESS","CUNNINGHAM 11","453","12","REPUBLICAN","4"
"10","0","CHAMPAIGN","0","Under Votes","370","13TH CONGRESS","CUNNINGHAM 21","804","12","REPUBLICAN","2"
"10","0","CHAMPAIGN","0","Over Votes","370","13TH CONGRESS","CUNNINGHAM 21","804","12","REPUBLICAN","0"
"10","0","CHAMPAIGN","690","TERRY MARTIN","370","13TH CONGRESS","CUNNINGHAM 21","804","12","REPUBLICAN","6"
"10","0","CHAMPAIGN","675","REGAN DEERING","370","13TH CONGRESS","CUNNINGHAM 21","804","12","REPUBLICAN","12"
"10","0","CHAMPAIGN","685","JESSE REISING","370","13TH CONGRESS","CUNNINGHAM 21","804","12","REPUBLICAN","18"
"10","0","CHAMPAIGN","680","MATT HAUSMAN","370","13TH CONGRESS","CUNNINGHAM 21","804","12","REPUBLICAN","14"
"10","0","CHAMPAIGN","0","Under Votes","370","13TH CONGRESS","SOMER","659","12","REPUBLICAN","3"
"10","0","CHAMPAIGN","0","Over Votes","370","13TH CONGRESS","SOMER","659","12","REPUBLICAN","0"
"10","0","CHAMPAIGN","690","TERRY MARTIN","370","13TH CONGRESS","SOMER","659","12","REPUBLICAN","1"
"10","0","CHAMPAIGN","675","REGAN DEERING","370","13TH CONGRESS","SOMER","659","12","REPUBLICAN","6"
"10","0","CHAMPAIGN","685","JESSE REISING","370","13TH CONGRESS","SOMER","659","12","REPUBLICAN","6"
"10","0","CHAMPAIGN","680","MATT HAUSMAN","370","13TH CONGRESS","SOMER","659","12","REPUBLICAN","9"
"88","0","ST. CLAIR","675","REGAN DEERING","370","13TH CONGRESS","BELLEVILLE 1","649","12","REPUBLICAN","11"
"88","0","ST. CLAIR","680","MATT HAUSMAN","370","13TH CONGRESS","BELLEVILLE 1","649","12","REPUBLICAN","6"
"88","0","ST. CLAIR","685","JESSE REISING","370","13TH CONGRESS","BELLEVILLE 1","649","12","REPUBLICAN","13"
"88","0","ST. CLAIR","690","TERRY MARTIN","370","13TH CONGRESS","BELLEVILLE 1","649","12","REPUBLICAN","7"
"88","0","ST. CLAIR","675","REGAN DEERING","370","13TH CONGRESS","BELLEVILLE 21","730","12","REPUBLICAN","13"
"88","0","ST. CLAIR","680","MATT HAUSMAN","370","13TH CONGRESS","BELLEVILLE 21","730","12","REPUBLICAN","12"
"88","0","ST. CLAIR","685","JESSE REISING","370","13TH CONGRESS","BELLEVILLE 21","730","12","REPUBLICAN","10"
"88","0","ST. CLAIR","690","TERRY MARTIN","370","13TH CONGRESS","BELLEVILLE 21","730","12","REPUBLICAN","6"
"88","0","ST. CLAIR","675","REGAN DEERING","370","13TH CONGRESS","BELLEVILLE 24","971","12","REPUBLICAN","16"
"88","0","ST. CLAIR","680","MATT HAUSMAN","370","13TH CONGRESS","BELLEVILLE 24","971","12","REPUBLICAN","19"
"88","0","ST. CLAIR","685","JESSE REISING","370","13TH CONGRESS","BELLEVILLE 24","971","12","REPUBLICAN","22"
"88","0","ST. CLAIR","690","TERRY MARTIN","370","13TH CONGRESS","BELLEVILLE 24","971","12","REPUBLICAN","6"
"88","0","ST. CLAIR","675","REGAN DEERING","370","13TH CONGRESS","BELLEVILLE 27","657","12","REPUBLICAN","17"
"88","0","ST. CLAIR","680","MATT HAUSMAN","370","13TH CONGRESS","BELLEVILLE 27","657","12","REPUBLICAN","13"
"88","0","ST. CLAIR","685","JESSE REISING","370","13TH CONGRESS","BELLEVILLE 27","657","12","REPUBLICAN","17"
"88","0","ST. CLAIR","690","TERRY MARTIN","370","13TH CONGRESS","BELLEVILLE 27","657","12","REPUBLICAN","2"
"88","0","ST. CLAIR","675","REGAN DEERING","370","13TH CONGRESS","BELLEVILLE 30","538","12","REPUBLICAN","3"
"88","0","ST. CLAIR","680","MATT HAUSMAN","370","13TH CONGRESS","BELLEVILLE 30","538","12","REPUBLICAN","8"
"88","0","ST. CLAIR","685","JESSE REISING","370","13TH CONGRESS","BELLEVILLE 30","538","12","REPUBLICAN","10"
"88","0","ST. CLAIR","690","TERRY MARTIN","370","13TH CONGRESS","BELLEVILLE 30","538","12","REPUBLICAN","1"
"88","0","ST. CLAIR","675","REGAN DEERING","370","13TH CONGRESS","ST CLAIR 4","755","12","REPUBLICAN","16"
"88","0","ST. CLAIR","685","JESSE REISING","370","13TH CONGRESS","ST CLAIR 4","755","12","REPUBLICAN","21"
"88","0","ST. CLAIR","690","TERRY MARTIN","370","13TH CONGRESS","ST CLAIR 4","755","12","REPUBLICAN","2"
"88","0","ST. CLAIR","680","MATT HAUSMAN","370","13TH CONGRESS","ST CLAIR 4","755","12","REPUBLICAN","13"
"88","0","ST. CLAIR","675","REGAN DEERING","370","13TH CONGRESS","ST CLAIR 24","750","12","REPUBLICAN","32"
"88","0","ST. CLAIR","680","MATT HAUSMAN","370","13TH CONGRESS","ST CLAIR 24","750","12","REPUBLICAN","15"
"88","0","ST. CLAIR","685","JESSE REISING","370","13TH CONGRESS","ST CLAIR 24","750","12","REPUBLICAN","40"
"88","0","ST. CLAIR","690","TERRY MARTIN","370","13TH CONGRESS","ST CLAIR 24","750","12","REPUBLICAN","3"
"88","0","ST. CLAIR","675","REGAN DEERING","370","13TH CONGRESS","ST CLAIR 27","914","12","REPUBLICAN","15"
"88","0","ST. CLAIR","690","TERRY MARTIN","370","13TH CONGRESS","ST CLAIR 27","914","12","REPUBLICAN","7"
"88","0","ST. CLAIR","680","MATT HAUSMAN","370","13TH CONGRESS","ST CLAIR 27","914","12","REPUBLICAN","15"
"88","0","ST. CLAIR","685","JESSE REISING","370","13TH CONGRESS","ST CLAIR 27","914","12","REPUBLICAN","33"
"88","0","ST. CLAIR","675","REGAN DEERING","370","13TH CONGRESS","ST CLAIR 30","756","12","REPUBLICAN","18"
"88","0","ST. CLAIR","690","TERRY MARTIN","370","13TH CONGRESS","ST CLAIR 30","756","12","REPUBLICAN","6"
"88","0","ST. CLAIR","680","MATT HAUSMAN","370","13TH CONGRESS","ST CLAIR 30","756","12","REPUBLICAN","18"
"88","0","ST. CLAIR","685","JESSE REISING","370","13TH CONGRESS","ST CLAIR 30","756","12","REPUBLICAN","32"
"88","0","ST. CLAIR","680","MATT HAUSMAN","370","13TH CONGRESS","BELLEVILLE 15","629","12","REPUBLICAN","4"
"88","0","ST. CLAIR","685","JESSE REISING","370","13TH CONGRESS","BELLEVILLE 15","629","12","REPUBLICAN","7"
"88","0","ST. CLAIR","690","TERRY MARTIN","370","13TH CONGRESS","BELLEVILLE 15","629","12","REPUBLICAN","4"
"88","0","ST. CLAIR","675","REGAN DEERING","370","13TH CONGRESS","BELLEVILLE 18","604","12","REPUBLICAN","7"
"88","0","ST. CLAIR","680","MATT HAUSMAN","370","13TH CONGRESS","BELLEVILLE 18","604","12","REPUBLICAN","7"
"88","0","ST. CLAIR","685","JESSE REISING","370","13TH CONGRESS","BELLEVILLE 18","604","12","REPUBLICAN","14"
"88","0","ST. CLAIR","690","TERRY MARTIN","370","13TH CONGRESS","BELLEVILLE 18","604","12","REPUBLICAN","5"
"88","0","ST. CLAIR","675","REGAN DEERING","370","13TH CONGRESS","CANTEEN 2","524","12","REPUBLICAN","7"
"88","0","ST. CLAIR","680","MATT HAUSMAN","370","13TH CONGRESS","CANTEEN 2","524","12","REPUBLICAN","6"
"88","0","ST. CLAIR","685","JESSE REISING","370","13TH CONGRESS","CANTEEN 2","524","12","REPUBLICAN","9"
"88","0","ST. CLAIR","690","TERRY MARTIN","370","13TH CONGRESS","CANTEEN 2","524","12","REPUBLICAN","3"
"88","0","ST. CLAIR","675","REGAN DEERING","370","13TH CONGRESS","CANTEEN 5","524","12","REPUBLICAN","2"
"88","0","ST. CLAIR","680","MATT HAUSMAN","370","13TH CONGRESS","CANTEEN 5","524","12","REPUBLICAN","0"
"88","0","ST. CLAIR","685","JESSE REISING","370","13TH CONGRESS","CANTEEN 5","524","12","REPUBLICAN","0"
"88","0","ST. CLAIR","690","TERRY MARTIN","370","13TH CONGRESS","CANTEEN 5","524","12","REPUBLICAN","2"
"88","0","ST. CLAIR","675","REGAN DEERING","370","13TH CONGRESS","CANTEEN 8","473","12","REPUBLICAN","8"
"88","0","ST. CLAIR","680","MATT HAUSMAN","370","13TH CONGRESS","CANTEEN 8","473","12","REPUBLICAN","4"
"88","0","ST. CLAIR","685","JESSE REISING","370","13TH CONGRESS","CANTEEN 8","473","12","REPUBLICAN","11"
"88","0","ST. CLAIR","690","TERRY MARTIN","370","13TH CONGRESS","CANTEEN 8","473","12","REPUBLICAN","0"
"88","0","ST. CLAIR","675","REGAN DEERING","370","13TH CONGRESS","CASEYVILLE 1","1018","12","REPUBLICAN","1"
"88","0","ST. CLAIR","680","MATT HAUSMAN","370","13TH CONGRESS","CASEYVILLE 1","1018","12","REPUBLICAN","0"
"88","0","ST. CLAIR","685","JESSE REISING","370","13TH CONGRESS","CASEYVILLE 1","1018","12","REPUBLICAN","0"
"88","0","ST. CLAIR","690","TERRY MARTIN","370","13TH CONGRESS","CASEYVILLE 1","1018","12","REPUBLICAN","1"
"88","0","ST. CLAIR","675","REGAN DEERING","370","13TH CONGRESS","CASEYVILLE 24","736","12","REPUBLICAN","12"
"88","0","ST. CLAIR","680","MATT HAUSMAN","370","13TH CONGRESS","CASEYVILLE 24","736","12","REPUBLICAN","7"
"88","0","ST. CLAIR","685","JESSE REISING","370","13TH CONGRESS","CASEYVILLE 24","736","12","REPUBLICAN","12"
"88","0","ST. CLAIR","690","TERRY MARTIN","370","13TH CONGRESS","CASEYVILLE 24","736","12","REPUBLICAN","6"
"88","0","ST. CLAIR","675","REGAN DEERING","370","13TH CONGRESS","CENTREVILLE 11","581","12","REPUBLICAN","7"
"88","0","ST. CLAIR","680","MATT HAUSMAN","370","13TH CONGRESS","CENTREVILLE 11","581","12","REPUBLICAN","6"
"88","0","ST. CLAIR","685","JESSE REISING","370","13TH CONGRESS","CENTREVILLE 11","581","12","REPUBLICAN","2"
"88","0","ST. CLAIR","690","TERRY MARTIN","370","13TH CONGRESS","CENTREVILLE 11","581","12","REPUBLICAN","1"
"88","0","ST. CLAIR","675","REGAN DEERING","370","13TH CONGRESS","CENTREVILLE 14","604","12","REPUBLICAN","1"
"88","0","ST. CLAIR","680","MATT HAUSMAN","370","13TH CONGRESS","CENTREVILLE 14","604","12","REPUBLICAN","0"
"88","0","ST. CLAIR","685","JESSE REISING","370","13TH CONGRESS","CENTREVILLE 14","604","12","REPUBLICAN","0"
"88","0","ST. CLAIR","690","TERRY MARTIN","370","13TH CONGRESS","CENTREVILLE 14","604","12","REPUBLICAN","0"
"88","0","ST. CLAIR","675","REGAN DEERING","370","13TH CONGRESS","CENTREVILLE 17","558","12","REPUBLICAN","1"
"88","0","ST. CLAIR","680","MATT HAUSMAN","370","13TH CONGRESS","CENTREVILLE 17","558","12","REPUBLICAN","5"
"88","0","ST. CLAIR","685","JESSE REISING","370","13TH CONGRESS","CENTREVILLE 17","558","12","REPUBLICAN","1"
"88","0","ST. CLAIR","690","TERRY MARTIN","370","13TH CONGRESS","CENTREVILLE 17","558","12","REPUBLICAN","2"
"88","0","ST. CLAIR","675","REGAN DEERING","370","13TH CONGRESS","CENTREVILLE 20","722","12","REPUBLICAN","6"
"88","0","ST. CLAIR","680","MATT HAUSMAN","370","13TH CONGRESS","CENTREVILLE 20","722","12","REPUBLICAN","5"
"88","0","ST. CLAIR","685","JESSE REISING","370","13TH CONGRESS","CENTREVILLE 20","722","12","REPUBLICAN","3"
"88","0","ST. CLAIR","690","TERRY MARTIN","370","13TH CONGRESS","CENTREVILLE 20","722","12","REPUBLICAN","1"
"88","0","ST. CLAIR","675","REGAN DEERING","370","13TH CONGRESS","BELLEVILLE 12","761","12","REPUBLICAN","9"
"88","0","ST. CLAIR","680","MATT HAUSMAN","370","13TH CONGRESS","BELLEVILLE 12","761","12","REPUBLICAN","7"
"88","0","ST. CLAIR","685","JESSE REISING","370","13TH CONGRESS","BELLEVILLE 12","761","12","REPUBLICAN","6"
"88","0","ST. CLAIR","690","TERRY MARTIN","370","13TH CONGRESS","BELLEVILLE 12","761","12","REPUBLICAN","2"
"88","0","ST. CLAIR","675","REGAN DEERING","370","13TH CONGRESS","BELLEVILLE 15","629","12","REPUBLICAN","5"
"88","0","ST. CLAIR","675","REGAN DEERING","370","13TH CONGRESS","BELLEVILLE 17","689","12","REPUBLICAN","19"
"88","0","ST. CLAIR","680","MATT HAUSMAN","370","13TH CONGRESS","BELLEVILLE 17","689","12","REPUBLICAN","10"
"88","0","ST. CLAIR","685","JESSE REISING","370","13TH CONGRESS","BELLEVILLE 17","689","12","REPUBLICAN","7"
"88","0","ST. CLAIR","690","TERRY MARTIN","370","13TH CONGRESS","BELLEVILLE 17","689","12","REPUBLICAN","4"
"88","0","ST. CLAIR","675","REGAN DEERING","370","13TH CONGRESS","BELLEVILLE 20","930","12","REPUBLICAN","14"
"88","0","ST. CLAIR","680","MATT HAUSMAN","370","13TH CONGRESS","BELLEVILLE 20","930","12","REPUBLICAN","16"
"88","0","ST. CLAIR","685","JESSE REISING","370","13TH CONGRESS","BELLEVILLE 20","930","12","REPUBLICAN","21"
"88","0","ST. CLAIR","690","TERRY MARTIN","370","13TH CONGRESS","BELLEVILLE 20","930","12","REPUBLICAN","5"
"88","0","ST. CLAIR","675","REGAN DEERING","370","13TH CONGRESS","BELLEVILLE 23","748","12","REPUBLICAN","20"
"88","0","ST. CLAIR","680","MATT HAUSMAN","370","13TH CONGRESS","BELLEVILLE 23","748","12","REPUBLICAN","12"
"88","0","ST. CLAIR","685","JESSE REISING","370","13TH CONGRESS","BELLEVILLE 23","748","12","REPUBLICAN","16"
"88","0","ST. CLAIR","690","TERRY MARTIN","370","13TH CONGRESS","BELLEVILLE 23","748","12","REPUBLICAN","6"
"88","0","ST. CLAIR","675","REGAN DEERING","370","13TH CONGRESS","BELLEVILLE 26","1777","12","REPUBLICAN","8"
"88","0","ST. CLAIR","680","MATT HAUSMAN","370","13TH CONGRESS","BELLEVILLE 26","1777","12","REPUBLICAN","13"
"88","0","ST. CLAIR","685","JESSE REISING","370","13TH CONGRESS","BELLEVILLE 26","1777","12","REPUBLICAN","14"
"88","0","ST. CLAIR","690","TERRY MARTIN","370","13TH CONGRESS","BELLEVILLE 26","1777","12","REPUBLICAN","3"
"88","0","ST. CLAIR","675","REGAN DEERING","370","13TH CONGRESS","CASEYVILLE 3","656","12","REPUBLICAN","15"
"88","0","ST. CLAIR","680","MATT HAUSMAN","370","13TH CONGRESS","CASEYVILLE 3","656","12","REPUBLICAN","7"
"88","0","ST. CLAIR","690","TERRY MARTIN","370","13TH CONGRESS","CASEYVILLE 3","656","12","REPUBLICAN","7"
"88","0","ST. CLAIR","685","JESSE REISING","370","13TH CONGRESS","CASEYVILLE 3","656","12","REPUBLICAN","11"
"88","0","ST. CLAIR","675","REGAN DEERING","370","13TH CONGRESS","CASEYVILLE 6","544","12","REPUBLICAN","18"
"88","0","ST. CLAIR","680","MATT HAUSMAN","370","13TH CONGRESS","CASEYVILLE 6","544","12","REPUBLICAN","12"
"88","0","ST. CLAIR","685","JESSE REISING","370","13TH CONGRESS","CASEYVILLE 6","544","12","REPUBLICAN","12"
"88","0","ST. CLAIR","690","TERRY MARTIN","370","13TH CONGRESS","CASEYVILLE 6","544","12","REPUBLICAN","3"
"88","0","ST. CLAIR","675","REGAN DEERING","370","13TH CONGRESS","CENTREVILLE 19","672","12","REPUBLICAN","7"
"88","0","ST. CLAIR","685","JESSE REISING","370","13TH CONGRESS","CENTREVILLE 19","672","12","REPUBLICAN","3"
"88","0","ST. CLAIR","680","MATT HAUSMAN","370","13TH CONGRESS","CENTREVILLE 19","672","12","REPUBLICAN","4"
"88","0","ST. CLAIR","690","TERRY MARTIN","370","13TH CONGRESS","CENTREVILLE 19","672","12","REPUBLICAN","1"
"88","0","ST. CLAIR","675","REGAN DEERING","370","13TH CONGRESS","ST CLAIR 1","842","12","REPUBLICAN","9"
"88","0","ST. CLAIR","685","JESSE REISING","370","13TH CONGRESS","ST CLAIR 1","842","12","REPUBLICAN","12"
"88","0","ST. CLAIR","690","TERRY MARTIN","370","13TH CONGRESS","ST CLAIR 1","842","12","REPUBLICAN","4"
"88","0","ST. CLAIR","680","MATT HAUSMAN","370","13TH CONGRESS","ST CLAIR 1","842","12","REPUBLICAN","11"
"88","0","ST. CLAIR","675","REGAN DEERING","370","13TH CONGRESS","BELLEVILLE 8","646","12","REPUBLICAN","15"
"88","0","ST. CLAIR","680","MATT HAUSMAN","370","13TH CONGRESS","BELLEVILLE 8","646","12","REPUBLICAN","9"
"88","0","ST. CLAIR","685","JESSE REISING","370","13TH CONGRESS","BELLEVILLE 8","646","12","REPUBLICAN","17"
"88","0","ST. CLAIR","690","TERRY MARTIN","370","13TH CONGRESS","BELLEVILLE 8","646","12","REPUBLICAN","4"
"88","0","ST. CLAIR","675","REGAN DEERING","370","13TH CONGRESS","BELLEVILLE 11","558","12","REPUBLICAN","12"
"88","0","ST. CLAIR","680","MATT HAUSMAN","370","13TH CONGRESS","BELLEVILLE 11","558","12","REPUBLICAN","9"
"88","0","ST. CLAIR","685","JESSE REISING","370","13TH CONGRESS","BELLEVILLE 11","558","12","REPUBLICAN","10"
"88","0","ST. CLAIR","690","TERRY MARTIN","370","13TH CONGRESS","BELLEVILLE 11","558","12","REPUBLICAN","3"
"88","0","ST. CLAIR","675","REGAN DEERING","370","13TH CONGRESS","BELLEVILLE 14","994","12","REPUBLICAN","16"
"88","0","ST. CLAIR","680","MATT HAUSMAN","370","13TH CONGRESS","BELLEVILLE 14","994","12","REPUBLICAN","12"
"88","0","ST. CLAIR","685","JESSE REISING","370","13TH CONGRESS","BELLEVILLE 14","994","12","REPUBLICAN","8"
"88","0","ST. CLAIR","690","TERRY MARTIN","370","13TH CONGRESS","BELLEVILLE 14","994","12","REPUBLICAN","7"
"88","0","ST. CLAIR","675","REGAN DEERING","370","13TH CONGRESS","CANTEEN 1","597","12","REPUBLICAN","5"
"88","0","ST. CLAIR","680","MATT HAUSMAN","370","13TH CONGRESS","CANTEEN 1","597","12","REPUBLICAN","2"
"88","0","ST. CLAIR","685","JESSE REISING","370","13TH CONGRESS","CANTEEN 1","597","12","REPUBLICAN","5"
"88","0","ST. CLAIR","690","TERRY MARTIN","370","13TH CONGRESS","CANTEEN 1","597","12","REPUBLICAN","2"
"88","0","ST. CLAIR","675","REGAN DEERING","370","13TH CONGRESS","CANTEEN 4","390","12","REPUBLICAN","0"
"88","0","ST. CLAIR","680","MATT HAUSMAN","370","13TH CONGRESS","CANTEEN 4","390","12","REPUBLICAN","0"
"88","0","ST. CLAIR","685","JESSE REISING","370","13TH CONGRESS","CANTEEN 4","390","12","REPUBLICAN","0"
"88","0","ST. CLAIR","690","TERRY MARTIN","370","13TH CONGRESS","CANTEEN 4","390","12","REPUBLICAN","0"
"88","0","ST. CLAIR","675","REGAN DEERING","370","13TH CONGRESS","CANTEEN 7","542","12","REPUBLICAN","6"
"88","0","ST. CLAIR","680","MATT HAUSMAN","370","13TH CONGRESS","CANTEEN 7","542","12","REPUBLICAN","7"
"88","0","ST. CLAIR","685","JESSE REISING","370","13TH CONGRESS","CANTEEN 7","542","12","REPUBLICAN","15"
"88","0","ST. CLAIR","690","TERRY MARTIN","370","13TH CONGRESS","CANTEEN 7","542","12","REPUBLICAN","2"
"88","0","ST. CLAIR","675","REGAN DEERING","370","13TH CONGRESS","CASEYVILLE 17","850","12","REPUBLICAN","17"
"88","0","ST. CLAIR","685","JESSE REISING","370","13TH CONGRESS","CASEYVILLE 17","850","12","REPUBLICAN","23"
"88","0","ST. CLAIR","680","MATT HAUSMAN","370","13TH CONGRESS","CASEYVILLE 17","850","12","REPUBLICAN","29"
"88","0","ST. CLAIR","690","TERRY MARTIN","370","13TH CONGRESS","CASEYVILLE 17","850","12","REPUBLICAN","6"
"88","0","ST. CLAIR","675","REGAN DEERING","370","13TH CONGRESS","CASEYVILLE 20","462","12","REPUBLICAN","7"
"88","0","ST. CLAIR","680","MATT HAUSMAN","370","13TH CONGRESS","CASEYVILLE 20","462","12","REPUBLICAN","8"
"88","0","ST. CLAIR","685","JESSE REISING","370","13TH CONGRESS","CASEYVILLE 20","462","12","REPUBLICAN","14"
"88","0","ST. CLAIR","690","TERRY MARTIN","370","13TH CONGRESS","CASEYVILLE 20","462","12","REPUBLICAN","2"
"88","0","ST. CLAIR","675","REGAN DEERING","370","13TH CONGRESS","CASEYVILLE 23","950","12","REPUBLICAN","22"
"88","0","ST. CLAIR","680","MATT HAUSMAN","370","13TH CONGRESS","CASEYVILLE 23","950","12","REPUBLICAN","14"
"88","0","ST. CLAIR","685","JESSE REISING","370","13TH CONGRESS","CASEYVILLE 23","950","12","REPUBLICAN","15"
"88","0","ST. CLAIR","690","TERRY MARTIN","370","13TH CONGRESS","CASEYVILLE 23","950","12","REPUBLICAN","10"
"88","0","ST. CLAIR","675","REGAN DEERING","370","13TH CONGRESS","CASEYVILLE 26","1674","12","REPUBLICAN","29"
"88","0","ST. CLAIR","690","TERRY MARTIN","370","13TH CONGRESS","CASEYVILLE 26","1674","12","REPUBLICAN","9"
"88","0","ST. CLAIR","680","MATT HAUSMAN","370","13TH CONGRESS","CASEYVILLE 26","1674","12","REPUBLICAN","20"
"88","0","ST. CLAIR","685","JESSE REISING","370","13TH CONGRESS","CASEYVILLE 26","1674","12","REPUBLICAN","32"
"88","0","ST. CLAIR","675","REGAN DEERING","370","13TH CONGRESS","CENTREVILLE 7","363","12","REPUBLICAN","0"
"88","0","ST. CLAIR","685","JESSE REISING","370","13TH CONGRESS","CENTREVILLE 7","363","12","REPUBLICAN","0"
"88","0","ST. CLAIR","690","TERRY MARTIN","370","13TH CONGRESS","CENTREVILLE 7","363","12","REPUBLICAN","0"
"88","0","ST. CLAIR","680","MATT HAUSMAN","370","13TH CONGRESS","CENTREVILLE 7","363","12","REPUBLICAN","1"
"88","0","ST. CLAIR","680","MATT HAUSMAN","370","13TH CONGRESS","ST CLAIR 9","903","12","REPUBLICAN","13"
"88","0","ST. CLAIR","675","REGAN DEERING","370","13TH CONGRESS","ST CLAIR 12","1096","12","REPUBLICAN","21"
"88","0","ST. CLAIR","685","JESSE REISING","370","13TH CONGRESS","ST CLAIR 12","1096","12","REPUBLICAN","23"
"88","0","ST. CLAIR","690","TERRY MARTIN","370","13TH CONGRESS","ST CLAIR 12","1096","12","REPUBLICAN","5"
"88","0","ST. CLAIR","680","MATT HAUSMAN","370","13TH CONGRESS","ST CLAIR 12","1096","12","REPUBLICAN","13"
"88","0","ST. CLAIR","675","REGAN DEERING","370","13TH CONGRESS","STOOKEY 4","625","12","REPUBLICAN","14"
"88","0","ST. CLAIR","680","MATT HAUSMAN","370","13TH CONGRESS","STOOKEY 4","625","12","REPUBLICAN","14"
"88","0","ST. CLAIR","685","JESSE REISING","370","13TH CONGRESS","STOOKEY 4","625","12","REPUBLICAN","14"
"88","0","ST. CLAIR","690","TERRY MARTIN","370","13TH CONGRESS","STOOKEY 4","625","12","REPUBLICAN","5"
"88","0","ST. CLAIR","675","REGAN DEERING","370","13TH CONGRESS","CENTREVILLE 10","579","12","REPUBLICAN","0"
"88","0","ST. CLAIR","690","TERRY MARTIN","370","13TH CONGRESS","CENTREVILLE 10","579","12","REPUBLICAN","0"
"88","0","ST. CLAIR","680","MATT HAUSMAN","370","13TH CONGRESS","CENTREVILLE 10","579","12","REPUBLICAN","0"
"88","0","ST. CLAIR","685","JESSE REISING","370","13TH CONGRESS","CENTREVILLE 10","579","12","REPUBLICAN","0"
"88","0","ST. CLAIR","675","REGAN DEERING","370","13TH CONGRESS","CENTREVILLE 13","819","12","REPUBLICAN","4"
"88","0","ST. CLAIR","680","MATT HAUSMAN","370","13TH CONGRESS","CENTREVILLE 13","819","12","REPUBLICAN","4"
"88","0","ST. CLAIR","685","JESSE REISING","370","13TH CONGRESS","CENTREVILLE 13","819","12","REPUBLICAN","4"
"88","0","ST. CLAIR","690","TERRY MARTIN","370","13TH CONGRESS","CENTREVILLE 13","819","12","REPUBLICAN","4"
"88","0","ST. CLAIR","675","REGAN DEERING","370","13TH CONGRESS","CENTREVILLE 16","543","12","REPUBLICAN","0"
"88","0","ST. CLAIR","680","MATT HAUSMAN","370","13TH CONGRESS","CENTREVILLE 16","543","12","REPUBLICAN","1"
"88","0","ST. CLAIR","685","JESSE REISING","370","13TH CONGRESS","CENTREVILLE 16","543","12","REPUBLICAN","1"
"88","0","ST. CLAIR","690","TERRY MARTIN","370","13TH CONGRESS","CENTREVILLE 16","543","12","REPUBLICAN","2"
"88","0","ST. CLAIR","675","REGAN DEERING","370","13TH CONGRESS","O FALLON 6","800","12","REPUBLICAN","0"
"88","0","ST. CLAIR","680","MATT HAUSMAN","370","13TH CONGRESS","O FALLON 6","800","12","REPUBLICAN","0"
"88","0","ST. CLAIR","685","JESSE REISING","370","13TH CONGRESS","O FALLON 6","800","12","REPUBLICAN","0"
"88","0","ST. CLAIR","690","TERRY MARTIN","370","13TH CONGRESS","O FALLON 6","800","12","REPUBLICAN","0"
"88","0","ST. CLAIR","675","REGAN DEERING","370","13TH CONGRESS","ST CLAIR 15","1340","12","REPUBLICAN","56"
"88","0","ST. CLAIR","680","MATT HAUSMAN","370","13TH CONGRESS","ST CLAIR 15","1340","12","REPUBLICAN","26"
"88","0","ST. CLAIR","685","JESSE REISING","370","13TH CONGRESS","ST CLAIR 15","1340","12","REPUBLICAN","30"
"88","0","ST. CLAIR","690","TERRY MARTIN","370","13TH CONGRESS","ST CLAIR 15","1340","12","REPUBLICAN","12"
"88","0","ST. CLAIR","675","REGAN DEERING","370","13TH CONGRESS","ST CLAIR 18","627","12","REPUBLICAN","10"
"88","0","ST. CLAIR","680","MATT HAUSMAN","370","13TH CONGRESS","ST CLAIR 18","627","12","REPUBLICAN","3"
"88","0","ST. CLAIR","685","JESSE REISING","370","13TH CONGRESS","ST CLAIR 18","627","12","REPUBLICAN","15"
"88","0","ST. CLAIR","690","TERRY MARTIN","370","13TH CONGRESS","ST CLAIR 18","627","12","REPUBLICAN","6"
"88","0","ST. CLAIR","675","REGAN DEERING","370","13TH CONGRESS","ST CLAIR 21","595","12","REPUBLICAN","24"
"88","0","ST. CLAIR","685","JESSE REISING","370","13TH CONGRESS","ST CLAIR 21","595","12","REPUBLICAN","23"
"88","0","ST. CLAIR","680","MATT HAUSMAN","370","13TH CONGRESS","ST CLAIR 21","595","12","REPUBLICAN","14"
"88","0","ST. CLAIR","690","TERRY MARTIN","370","13TH CONGRESS","ST CLAIR 21","595","12","REPUBLICAN","3"
"88","0","ST. CLAIR","675","REGAN DEERING","370","13TH CONGRESS","SMITHTON 1","1282","12","REPUBLICAN","0"
"88","0","ST. CLAIR","680","MATT HAUSMAN","370","13TH CONGRESS","SMITHTON 1","1282","12","REPUBLICAN","0"
"88","0","ST. CLAIR","685","JESSE REISING","370","13TH CONGRESS","SMITHTON 1","1282","12","REPUBLICAN","0"
"88","0","ST. CLAIR","690","TERRY MARTIN","370","13TH CONGRESS","SMITHTON 1","1282","12","REPUBLICAN","0"
"88","0","ST. CLAIR","675","REGAN DEERING","370","13TH CONGRESS","STOOKEY 7","621","12","REPUBLICAN","20"
"88","0","ST. CLAIR","680","MATT HAUSMAN","370","13TH CONGRESS","STOOKEY 7","621","12","REPUBLICAN","10"
"88","0","ST. CLAIR","685","JESSE REISING","370","13TH CONGRESS","STOOKEY 7","621","12","REPUBLICAN","24"
"88","0","ST. CLAIR","690","TERRY MARTIN","370","13TH CONGRESS","STOOKEY 7","621","12","REPUBLICAN","8"
"88","0","ST. CLAIR","675","REGAN DEERING","370","13TH CONGRESS","STOOKEY 10","730","12","REPUBLICAN","2"
"88","0","ST. CLAIR","680","MATT HAUSMAN","370","13TH CONGRESS","STOOKEY 10","730","12","REPUBLICAN","1"
"88","0","ST. CLAIR","685","JESSE REISING","370","13TH CONGRESS","STOOKEY 10","730","12","REPUBLICAN","4"
"88","0","ST. CLAIR","690","TERRY MARTIN","370","13TH CONGRESS","STOOKEY 10","730","12","REPUBLICAN","2"
"88","0","ST. CLAIR","675","REGAN DEERING","370","13TH CONGRESS","SUGAR LOAF 3","534","12","REPUBLICAN","9"
"88","0","ST. CLAIR","680","MATT HAUSMAN","370","13TH CONGRESS","SUGAR LOAF 3","534","12","REPUBLICAN","5"
"88","0","ST. CLAIR","685","JESSE REISING","370","13TH CONGRESS","SUGAR LOAF 3","534","12","REPUBLICAN","5"
"88","0","ST. CLAIR","690","TERRY MARTIN","370","13TH CONGRESS","SUGAR LOAF 3","534","12","REPUBLICAN","4"
"88","0","ST. CLAIR","675","REGAN DEERING","370","13TH CONGRESS","SUGAR LOAF 6","884","12","REPUBLICAN","30"
"88","0","ST. CLAIR","680","MATT HAUSMAN","370","13TH CONGRESS","SUGAR LOAF 6","884","12","REPUBLICAN","21"
"88","0","ST. CLAIR","685","JESSE REISING","370","13TH CONGRESS","SUGAR LOAF 6","884","12","REPUBLICAN","14"
"88","0","ST. CLAIR","690","TERRY MARTIN","370","13TH CONGRESS","SUGAR LOAF 6","884","12","REPUBLICAN","10"
"88","0","ST. CLAIR","675","REGAN DEERING","370","13TH CONGRESS","BELLEVILLE 2","1193","12","REPUBLICAN","18"
"88","0","ST. CLAIR","685","JESSE REISING","370","13TH CONGRESS","BELLEVILLE 2","1193","12","REPUBLICAN","16"
"88","0","ST. CLAIR","690","TERRY MARTIN","370","13TH CONGRESS","BELLEVILLE 2","1193","12","REPUBLICAN","3"
"88","0","ST. CLAIR","680","MATT HAUSMAN","370","13TH CONGRESS","BELLEVILLE 2","1193","12","REPUBLICAN","14"
"88","0","ST. CLAIR","675","REGAN DEERING","370","13TH CONGRESS","BELLEVILLE 5","786","12","REPUBLICAN","10"
"88","0","ST. CLAIR","685","JESSE REISING","370","13TH CONGRESS","BELLEVILLE 5","786","12","REPUBLICAN","12"
"88","0","ST. CLAIR","690","TERRY MARTIN","370","13TH CONGRESS","BELLEVILLE 5","786","12","REPUBLICAN","2"
"88","0","ST. CLAIR","680","MATT HAUSMAN","370","13TH CONGRESS","BELLEVILLE 5","786","12","REPUBLICAN","15"
"88","0","ST. CLAIR","680","MATT HAUSMAN","370","13TH CONGRESS","SMITHTON 3","1145","12","REPUBLICAN","0"
"88","0","ST. CLAIR","685","JESSE REISING","370","13TH CONGRESS","SMITHTON 3","1145","12","REPUBLICAN","0"
"88","0","ST. CLAIR","690","TERRY MARTIN","370","13TH CONGRESS","SMITHTON 3","1145","12","REPUBLICAN","0"
"88","0","ST. CLAIR","675","REGAN DEERING","370","13TH CONGRESS","SUGAR LOAF 5","730","12","REPUBLICAN","17"
"88","0","ST. CLAIR","680","MATT HAUSMAN","370","13TH CONGRESS","SUGAR LOAF 5","730","12","REPUBLICAN","25"
"88","0","ST. CLAIR","685","JESSE REISING","370","13TH CONGRESS","SUGAR LOAF 5","730","12","REPUBLICAN","14"
"88","0","ST. CLAIR","690","TERRY MARTIN","370","13TH CONGRESS","SUGAR LOAF 5","730","12","REPUBLICAN","8"
"88","0","ST. CLAIR","0","Under Votes","370","13TH CONGRESS","","0","12","REPUBLICAN","370"
"88","0","ST. CLAIR","0","Over Votes","370","13TH CONGRESS","","0","12","REPUBLICAN","3"
"88","0","ST. CLAIR","675","REGAN DEERING","370","13TH CONGRESS","BELLEVILLE 25","698","12","REPUBLICAN","17"
"88","0","ST. CLAIR","680","MATT HAUSMAN","370","13TH CONGRESS","BELLEVILLE 25","698","12","REPUBLICAN","13"
"88","0","ST. CLAIR","690","TERRY MARTIN","370","13TH CONGRESS","BELLEVILLE 25","698","12","REPUBLICAN","4"
"88","0","ST. CLAIR","685","JESSE REISING","370","13TH CONGRESS","BELLEVILLE 25","698","12","REPUBLICAN","6"
"88","0","ST. CLAIR","675","REGAN DEERING","370","13TH CONGRESS","BELLEVILLE 28","703","12","REPUBLICAN","16"
"88","0","ST. CLAIR","690","TERRY MARTIN","370","13TH CONGRESS","BELLEVILLE 28","703","12","REPUBLICAN","2"
"88","0","ST. CLAIR","680","MATT HAUSMAN","370","13TH CONGRESS","BELLEVILLE 28","703","12","REPUBLICAN","15"
"88","0","ST. CLAIR","685","JESSE REISING","370","13TH CONGRESS","BELLEVILLE 28","703","12","REPUBLICAN","26"
"88","0","ST. CLAIR","675","REGAN DEERING","370","13TH CONGRESS","BELLEVILLE 31","862","12","REPUBLICAN","20"
"88","0","ST. CLAIR","685","JESSE REISING","370","13TH CONGRESS","BELLEVILLE 31","862","12","REPUBLICAN","24"
"88","0","ST. CLAIR","690","TERRY MARTIN","370","13TH CONGRESS","BELLEVILLE 31","862","12","REPUBLICAN","4"
"88","0","ST. CLAIR","680","MATT HAUSMAN","370","13TH CONGRESS","BELLEVILLE 31","862","12","REPUBLICAN","13"
"88","0","ST. CLAIR","675","REGAN DEERING","370","13TH CONGRESS","BELLEVILLE 34","331","12","REPUBLICAN","4"
"88","0","ST. CLAIR","685","JESSE REISING","370","13TH CONGRESS","BELLEVILLE 34","331","12","REPUBLICAN","4"
"88","0","ST. CLAIR","690","TERRY MARTIN","370","13TH CONGRESS","BELLEVILLE 34","331","12","REPUBLICAN","3"
"88","0","ST. CLAIR","680","MATT HAUSMAN","370","13TH CONGRESS","BELLEVILLE 34","331","12","REPUBLICAN","9"
"88","0","ST. CLAIR","675","REGAN DEERING","370","13TH CONGRESS","CASEYVILLE 8","928","12","REPUBLICAN","27"
"88","0","ST. CLAIR","690","TERRY MARTIN","370","13TH CONGRESS","CASEYVILLE 8","928","12","REPUBLICAN","8"
"88","0","ST. CLAIR","680","MATT HAUSMAN","370","13TH CONGRESS","CASEYVILLE 8","928","12","REPUBLICAN","27"
"88","0","ST. CLAIR","685","JESSE REISING","370","13TH CONGRESS","CASEYVILLE 8","928","12","REPUBLICAN","38"
"88","0","ST. CLAIR","675","REGAN DEERING","370","13TH CONGRESS","CASEYVILLE 14","609","12","REPUBLICAN","18"
"88","0","ST. CLAIR","685","JESSE REISING","370","13TH CONGRESS","CASEYVILLE 14","609","12","REPUBLICAN","17"
"88","0","ST. CLAIR","690","TERRY MARTIN","370","13TH CONGRESS","CASEYVILLE 14","609","12","REPUBLICAN","5"
"88","0","ST. CLAIR","680","MATT HAUSMAN","370","13TH CONGRESS","CASEYVILLE 14","609","12","REPUBLICAN","11"
"88","0","ST. CLAIR","675","REGAN DEERING","370","13TH CONGRESS","CENTREVILLE 1","406","12","REPUBLICAN","0"
"88","0","ST. CLAIR","690","TERRY MARTIN","370","13TH CONGRESS","CENTREVILLE 1","406","12","REPUBLICAN","0"
"88","0","ST. CLAIR","680","MATT HAUSMAN","370","13TH CONGRESS","CENTREVILLE 1","406","12","REPUBLICAN","0"
"88","0","ST. CLAIR","685","JESSE REISING","370","13TH CONGRESS","CENTREVILLE 1","406","12","REPUBLICAN","0"
"88","0","ST. CLAIR","675","REGAN DEERING","370","13TH CONGRESS","CENTREVILLE 4","787","12","REPUBLICAN","20"
"88","0","ST. CLAIR","685","JESSE REISING","370","13TH CONGRESS","CENTREVILLE 4","787","12","REPUBLICAN","15"
"88","0","ST. CLAIR","690","TERRY MARTIN","370","13TH CONGRESS","CENTREVILLE 4","787","12","REPUBLICAN","7"
"88","0","ST. CLAIR","680","MATT HAUSMAN","370","13TH CONGRESS","CENTREVILLE 4","787","12","REPUBLICAN","6"
"88","0","ST. CLAIR","675","REGAN DEERING","370","13TH CONGRESS","ST CLAIR 3","688","12","REPUBLICAN","11"
"88","0","ST. CLAIR","690","TERRY MARTIN","370","13TH CONGRESS","ST CLAIR 3","688","12","REPUBLICAN","3"
"88","0","ST. CLAIR","680","MATT HAUSMAN","370","13TH CONGRESS","ST CLAIR 3","688","12","REPUBLICAN","5"
"88","0","ST. CLAIR","685","JESSE REISING","370","13TH CONGRESS","ST CLAIR 3","688","12","REPUBLICAN","16"
"88","0","ST. CLAIR","675","REGAN DEERING","370","13TH CONGRESS","ST CLAIR 6","654","12","REPUBLICAN","18"
"88","0","ST. CLAIR","690","TERRY MARTIN","370","13TH CONGRESS","ST CLAIR 6","654","12","REPUBLICAN","2"
"88","0","ST. CLAIR","680","MATT HAUSMAN","370","13TH CONGRESS","ST CLAIR 6","654","12","REPUBLICAN","15"
"88","0","ST. CLAIR","685","JESSE REISING","370","13TH CONGRESS","ST CLAIR 6","654","12","REPUBLICAN","27"
"88","0","ST. CLAIR","675","REGAN DEERING","370","13TH CONGRESS","ST CLAIR 9","903","12","REPUBLICAN","22"
"88","0","ST. CLAIR","685","JESSE REISING","370","13TH CONGRESS","ST CLAIR 9","903","12","REPUBLICAN","17"
"88","0","ST. CLAIR","690","TERRY MARTIN","370","13TH CONGRESS","ST CLAIR 9","903","12","REPUBLICAN","7"
"88","0","ST. CLAIR","675","REGAN DEERING","370","13TH CONGRESS","BELLEVILLE 13","1047","12","REPUBLICAN","10"
"88","0","ST. CLAIR","685","JESSE REISING","370","13TH CONGRESS","BELLEVILLE 13","1047","12","REPUBLICAN","5"
"88","0","ST. CLAIR","690","TERRY MARTIN","370","13TH CONGRESS","BELLEVILLE 13","1047","12","REPUBLICAN","4"
"88","0","ST. CLAIR","680","MATT HAUSMAN","370","13TH CONGRESS","BELLEVILLE 13","1047","12","REPUBLICAN","9"
"88","0","ST. CLAIR","675","REGAN DEERING","370","13TH CONGRESS","BELLEVILLE 16","883","12","REPUBLICAN","15"
"88","0","ST. CLAIR","680","MATT HAUSMAN","370","13TH CONGRESS","BELLEVILLE 16","883","12","REPUBLICAN","16"
"88","0","ST. CLAIR","685","JESSE REISING","370","13TH CONGRESS","BELLEVILLE 16","883","12","REPUBLICAN","9"
"88","0","ST. CLAIR","690","TERRY MARTIN","370","13TH CONGRESS","BELLEVILLE 16","883","12","REPUBLICAN","0"
"88","0","ST. CLAIR","675","REGAN DEERING","370","13TH CONGRESS","BELLEVILLE 19","650","12","REPUBLICAN","13"
"88","0","ST. CLAIR","680","MATT HAUSMAN","370","13TH CONGRESS","BELLEVILLE 19","650","12","REPUBLICAN","8"
"88","0","ST. CLAIR","685","JESSE REISING","370","13TH CONGRESS","BELLEVILLE 19","650","12","REPUBLICAN","13"
"88","0","ST. CLAIR","690","TERRY MARTIN","370","13TH CONGRESS","BELLEVILLE 19","650","12","REPUBLICAN","7"
"88","0","ST. CLAIR","675","REGAN DEERING","370","13TH CONGRESS","BELLEVILLE 22","1463","12","REPUBLICAN","31"
"88","0","ST. CLAIR","680","MATT HAUSMAN","370","13TH CONGRESS","BELLEVILLE 22","1463","12","REPUBLICAN","15"
"88","0","ST. CLAIR","685","JESSE REISING","370","13TH CONGRESS","BELLEVILLE 22","1463","12","REPUBLICAN","13"
"88","0","ST. CLAIR","690","TERRY MARTIN","370","13TH CONGRESS","BELLEVILLE 22","1463","12","REPUBLICAN","13"
"88","0","ST. CLAIR","675","REGAN DEERING","370","13TH CONGRESS","CANTEEN 6","406","12","REPUBLICAN","0"
"88","0","ST. CLAIR","680","MATT HAUSMAN","370","13TH CONGRESS","CANTEEN 6","406","12","REPUBLICAN","0"
"88","0","ST. CLAIR","685","JESSE REISING","370","13TH CONGRESS","CANTEEN 6","406","12","REPUBLICAN","0"
"88","0","ST. CLAIR","690","TERRY MARTIN","370","13TH CONGRESS","CANTEEN 6","406","12","REPUBLICAN","0"
"88","0","ST. CLAIR","675","REGAN DEERING","370","13TH CONGRESS","CANTEEN 9","525","12","REPUBLICAN","6"
"88","0","ST. CLAIR","680","MATT HAUSMAN","370","13TH CONGRESS","CANTEEN 9","525","12","REPUBLICAN","5"
"88","0","ST. CLAIR","685","JESSE REISING","370","13TH CONGRESS","CANTEEN 9","525","12","REPUBLICAN","13"
"88","0","ST. CLAIR","690","TERRY MARTIN","370","13TH CONGRESS","CANTEEN 9","525","12","REPUBLICAN","5"
"88","0","ST. CLAIR","675","REGAN DEERING","370","13TH CONGRESS","CASEYVILLE 2","1655","12","REPUBLICAN","45"
"88","0","ST. CLAIR","680","MATT HAUSMAN","370","13TH CONGRESS","CASEYVILLE 2","1655","12","REPUBLICAN","23"
"88","0","ST. CLAIR","675","REGAN DEERING","370","13TH CONGRESS","BELLEVILLE 4","767","12","REPUBLICAN","25"
"88","0","ST. CLAIR","690","TERRY MARTIN","370","13TH CONGRESS","BELLEVILLE 4","767","12","REPUBLICAN","6"
"88","0","ST. CLAIR","680","MATT HAUSMAN","370","13TH CONGRESS","BELLEVILLE 4","767","12","REPUBLICAN","16"
"88","0","ST. CLAIR","685","JESSE REISING","370","13TH CONGRESS","BELLEVILLE 4","767","12","REPUBLICAN","11"
"88","0","ST. CLAIR","675","REGAN DEERING","370","13TH CONGRESS","BELLEVILLE 7","708","12","REPUBLICAN","9"
"88","0","ST. CLAIR","675","REGAN DEERING","370","13TH CONGRESS","CASEYVILLE 4","727","12","REPUBLICAN","24"
"88","0","ST. CLAIR","680","MATT HAUSMAN","370","13TH CONGRESS","CASEYVILLE 4","727","12","REPUBLICAN","13"
"88","0","ST. CLAIR","685","JESSE REISING","370","13TH CONGRESS","CASEYVILLE 4","727","12","REPUBLICAN","21"
"88","0","ST. CLAIR","690","TERRY MARTIN","370","13TH CONGRESS","CASEYVILLE 4","727","12","REPUBLICAN","7"
"88","0","ST. CLAIR","675","REGAN DEERING","370","13TH CONGRESS","CASEYVILLE 7","682","12","REPUBLICAN","13"
"88","0","ST. CLAIR","680","MATT HAUSMAN","370","13TH CONGRESS","CASEYVILLE 7","682","12","REPUBLICAN","16"
"88","0","ST. CLAIR","685","JESSE REISING","370","13TH CONGRESS","CASEYVILLE 7","682","12","REPUBLICAN","17"
"88","0","ST. CLAIR","690","TERRY MARTIN","370","13TH CONGRESS","CASEYVILLE 7","682","12","REPUBLICAN","2"
"88","0","ST. CLAIR","675","REGAN DEERING","370","13TH CONGRESS","CASEYVILLE 10","477","12","REPUBLICAN","7"
"88","0","ST. CLAIR","680","MATT HAUSMAN","370","13TH CONGRESS","CASEYVILLE 10","477","12","REPUBLICAN","5"
"88","0","ST. CLAIR","685","JESSE REISING","370","13TH CONGRESS","CASEYVILLE 10","477","12","REPUBLICAN","7"
"88","0","ST. CLAIR","690","TERRY MARTIN","370","13TH CONGRESS","CASEYVILLE 10","477","12","REPUBLICAN","0"
"88","0","ST. CLAIR","675","REGAN DEERING","370","13TH CONGRESS","CENTREVILLE 3","768","12","REPUBLICAN","1"
"88","0","ST. CLAIR","680","MATT HAUSMAN","370","13TH CONGRESS","CENTREVILLE 3","768","12","REPUBLICAN","0"
"88","0","ST. CLAIR","685","JESSE REISING","370","13TH CONGRESS","CENTREVILLE 3","768","12","REPUBLICAN","1"
"88","0","ST. CLAIR","690","TERRY MARTIN","370","13TH CONGRESS","CENTREVILLE 3","768","12","REPUBLICAN","0"
"88","0","ST. CLAIR","675","REGAN DEERING","370","13TH CONGRESS","ST CLAIR 2","720","12","REPUBLICAN","21"
"88","0","ST. CLAIR","680","MATT HAUSMAN","370","13TH CONGRESS","ST CLAIR 2","720","12","REPUBLICAN","17"
"88","0","ST. CLAIR","685","JESSE REISING","370","13TH CONGRESS","ST CLAIR 2","720","12","REPUBLICAN","18"
"88","0","ST. CLAIR","690","TERRY MARTIN","370","13TH CONGRESS","ST CLAIR 2","720","12","REPUBLICAN","5"
"88","0","ST. CLAIR","675","REGAN DEERING","370","13TH CONGRESS","ST CLAIR 5","549","12","REPUBLICAN","14"
"88","0","ST. CLAIR","680","MATT HAUSMAN","370","13TH CONGRESS","ST CLAIR 5","549","12","REPUBLICAN","17"
"88","0","ST. CLAIR","685","JESSE REISING","370","13TH CONGRESS","ST CLAIR 5","549","12","REPUBLICAN","26"
"88","0","ST. CLAIR","690","TERRY MARTIN","370","13TH CONGRESS","ST CLAIR 5","549","12","REPUBLICAN","5"
"88","0","ST. CLAIR","675","REGAN DEERING","370","13TH CONGRESS","ST CLAIR 8","1082","12","REPUBLICAN","31"
"88","0","ST. CLAIR","680","MATT HAUSMAN","370","13TH CONGRESS","ST CLAIR 8","1082","12","REPUBLICAN","31"
"88","0","ST. CLAIR","685","JESSE REISING","370","13TH CONGRESS","ST CLAIR 8","1082","12","REPUBLICAN","60"
"88","0","ST. CLAIR","690","TERRY MARTIN","370","13TH CONGRESS","ST CLAIR 8","1082","12","REPUBLICAN","14"
"88","0","ST. CLAIR","675","REGAN DEERING","370","13TH CONGRESS","ST CLAIR 28","914","12","REPUBLICAN","51"
"88","0","ST. CLAIR","680","MATT HAUSMAN","370","13TH CONGRESS","ST CLAIR 28","914","12","REPUBLICAN","14"
"88","0","ST. CLAIR","685","JESSE REISING","370","13TH CONGRESS","ST CLAIR 28","914","12","REPUBLICAN","35"
"88","0","ST. CLAIR","690","TERRY MARTIN","370","13TH CONGRESS","ST CLAIR 28","914","12","REPUBLICAN","5"
"88","0","ST. CLAIR","675","REGAN DEERING","370","13TH CONGRESS","ST CLAIR 31","812","12","REPUBLICAN","17"
"88","0","ST. CLAIR","680","MATT HAUSMAN","370","13TH CONGRESS","ST CLAIR 31","812","12","REPUBLICAN","13"
"88","0","ST. CLAIR","685","JESSE REISING","370","13TH CONGRESS","ST CLAIR 31","812","12","REPUBLICAN","29"
"88","0","ST. CLAIR","690","TERRY MARTIN","370","13TH CONGRESS","ST CLAIR 31","812","12","REPUBLICAN","3"
"88","0","ST. CLAIR","675","REGAN DEERING","370","13TH CONGRESS","STITES 1","406","12","REPUBLICAN","1"
"88","0","ST. CLAIR","680","MATT HAUSMAN","370","13TH CONGRESS","STITES 1","406","12","REPUBLICAN","1"
"88","0","ST. CLAIR","685","JESSE REISING","370","13TH CONGRESS","STITES 1","406","12","REPUBLICAN","0"
"88","0","ST. CLAIR","690","TERRY MARTIN","370","13TH CONGRESS","STITES 1","406","12","REPUBLICAN","0"
"88","0","ST. CLAIR","675","REGAN DEERING","370","13TH CONGRESS","MILLSTADT 1","1195","12","REPUBLICAN","0"
"88","0","ST. CLAIR","680","MATT HAUSMAN","370","13TH CONGRESS","MILLSTADT 1","1195","12","REPUBLICAN","0"
"88","0","ST. CLAIR","685","JESSE REISING","370","13TH CONGRESS","MILLSTADT 1","1195","12","REPUBLICAN","0"
"88","0","ST. CLAIR","690","TERRY MARTIN","370","13TH CONGRESS","MILLSTADT 1","1195","12","REPUBLICAN","0"
"88","0","ST. CLAIR","675","REGAN DEERING","370","13TH CONGRESS","O FALLON 10","1137","12","REPUBLICAN","31"
"88","0","ST. CLAIR","680","MATT HAUSMAN","370","13TH CONGRESS","O FALLON 10","1137","12","REPUBLICAN","8"
"88","0","ST. CLAIR","685","JESSE REISING","370","13TH CONGRESS","O FALLON 10","1137","12","REPUBLICAN","17"
"88","0","ST. CLAIR","690","TERRY MARTIN","370","13TH CONGRESS","O FALLON 10","1137","12","REPUBLICAN","6"
"88","0","ST. CLAIR","675","REGAN DEERING","370","13TH CONGRESS","ST CLAIR 19","647","12","REPUBLICAN","25"
"88","0","ST. CLAIR","680","MATT HAUSMAN","370","13TH CONGRESS","ST CLAIR 19","647","12","REPUBLICAN","13"
"88","0","ST. CLAIR","685","JESSE REISING","370","13TH CONGRESS","ST CLAIR 19","647","12","REPUBLICAN","28"
"88","0","ST. CLAIR","690","TERRY MARTIN","370","13TH CONGRESS","ST CLAIR 19","647","12","REPUBLICAN","7"
"88","0","ST. CLAIR","675","REGAN DEERING","370","13TH CONGRESS","ST CLAIR 22","460","12","REPUBLICAN","3"
"88","0","ST. CLAIR","680","MATT HAUSMAN","370","13TH CONGRESS","ST CLAIR 22","460","12","REPUBLICAN","4"
"88","0","ST. CLAIR","685","JESSE REISING","370","13TH CONGRESS","ST CLAIR 22","460","12","REPUBLICAN","3"
"88","0","ST. CLAIR","690","TERRY MARTIN","370","13TH CONGRESS","ST CLAIR 22","460","12","REPUBLICAN","1"
"88","0","ST. CLAIR","675","REGAN DEERING","370","13TH CONGRESS","ST CLAIR 25","1470","12","REPUBLICAN","16"
"88","0","ST. CLAIR","680","MATT HAUSMAN","370","13TH CONGRESS","ST CLAIR 25","1470","12","REPUBLICAN","18"
"88","0","ST. CLAIR","685","JESSE REISING","370","13TH CONGRESS","ST CLAIR 25","1470","12","REPUBLICAN","28"
"88","0","ST. CLAIR","690","TERRY MARTIN","370","13TH CONGRESS","ST CLAIR 25","1470","12","REPUBLICAN","13"
"88","0","ST. CLAIR","675","REGAN DEERING","370","13TH CONGRESS","SUGAR LOAF 1","1238","12","REPUBLICAN","0"
"88","0","ST. CLAIR","685","JESSE REISING","370","13TH CONGRESS","SUGAR LOAF 1","1238","12","REPUBLICAN","0"
"88","0","ST. CLAIR","680","MATT HAUSMAN","370","13TH CONGRESS","SUGAR LOAF 1","1238","12","REPUBLICAN","0"
"88","0","ST. CLAIR","690","TERRY MARTIN","370","13TH CONGRESS","SUGAR LOAF 1","1238","12","REPUBLICAN","0"
"88","0","ST. CLAIR","675","REGAN DEERING","370","13TH CONGRESS","SUGAR LOAF 4","723","12","REPUBLICAN","13"
"88","0","ST. CLAIR","680","MATT HAUSMAN","370","13TH CONGRESS","SUGAR LOAF 4","723","12","REPUBLICAN","15"
"88","0","ST. CLAIR","685","JESSE REISING","370","13TH CONGRESS","SUGAR LOAF 4","723","12","REPUBLICAN","10"
"88","0","ST. CLAIR","690","TERRY MARTIN","370","13TH CONGRESS","SUGAR LOAF 4","723","12","REPUBLICAN","4"
"88","0","ST. CLAIR","680","MATT HAUSMAN","370","13TH CONGRESS","BELLEVILLE 7","708","12","REPUBLICAN","3"
"88","0","ST. CLAIR","690","TERRY MARTIN","370","13TH CONGRESS","BELLEVILLE 7","708","12","REPUBLICAN","1"
"88","0","ST. CLAIR","685","JESSE REISING","370","13TH CONGRESS","BELLEVILLE 7","708","12","REPUBLICAN","13"
"88","0","ST. CLAIR","675","REGAN DEERING","370","13TH CONGRESS","BELLEVILLE 10","639","12","REPUBLICAN","10"
"88","0","ST. CLAIR","680","MATT HAUSMAN","370","13TH CONGRESS","BELLEVILLE 10","639","12","REPUBLICAN","7"
"88","0","ST. CLAIR","685","JESSE REISING","370","13TH CONGRESS","BELLEVILLE 10","639","12","REPUBLICAN","6"
"88","0","ST. CLAIR","690","TERRY MARTIN","370","13TH CONGRESS","BELLEVILLE 10","639","12","REPUBLICAN","3"
"88","0","ST. CLAIR","675","REGAN DEERING","370","13TH CONGRESS","BELLEVILLE 33","753","12","REPUBLICAN","20"
"88","0","ST. CLAIR","690","TERRY MARTIN","370","13TH CONGRESS","BELLEVILLE 33","753","12","REPUBLICAN","2"
"88","0","ST. CLAIR","680","MATT HAUSMAN","370","13TH CONGRESS","BELLEVILLE 33","753","12","REPUBLICAN","13"
"88","0","ST. CLAIR","685","JESSE REISING","370","13TH CONGRESS","BELLEVILLE 33","753","12","REPUBLICAN","15"
"88","0","ST. CLAIR","675","REGAN DEERING","370","13TH CONGRESS","CANTEEN 3","435","12","REPUBLICAN","0"
"88","0","ST. CLAIR","685","JESSE REISING","370","13TH CONGRESS","CANTEEN 3","435","12","REPUBLICAN","0"
"88","0","ST. CLAIR","690","TERRY MARTIN","370","13TH CONGRESS","CANTEEN 3","435","12","REPUBLICAN","0"
"88","0","ST. CLAIR","680","MATT HAUSMAN","370","13TH CONGRESS","CANTEEN 3","435","12","REPUBLICAN","2"
"88","0","ST. CLAIR","675","REGAN DEERING","370","13TH CONGRESS","CASEYVILLE 13","799","12","REPUBLICAN","24"
"88","0","ST. CLAIR","680","MATT HAUSMAN","370","13TH CONGRESS","CASEYVILLE 13","799","12","REPUBLICAN","11"
"88","0","ST. CLAIR","685","JESSE REISING","370","13TH CONGRESS","CASEYVILLE 13","799","12","REPUBLICAN","21"
"88","0","ST. CLAIR","690","TERRY MARTIN","370","13TH CONGRESS","CASEYVILLE 13","799","12","REPUBLICAN","6"
"88","0","ST. CLAIR","675","REGAN DEERING","370","13TH CONGRESS","CASEYVILLE 16","419","12","REPUBLICAN","12"
"88","0","ST. CLAIR","690","TERRY MARTIN","370","13TH CONGRESS","CASEYVILLE 16","419","12","REPUBLICAN","0"
"88","0","ST. CLAIR","680","MATT HAUSMAN","370","13TH CONGRESS","CASEYVILLE 16","419","12","REPUBLICAN","18"
"88","0","ST. CLAIR","685","JESSE REISING","370","13TH CONGRESS","CASEYVILLE 16","419","12","REPUBLICAN","10"
"88","0","ST. CLAIR","675","REGAN DEERING","370","13TH CONGRESS","CASEYVILLE 19","517","12","REPUBLICAN","12"
"88","0","ST. CLAIR","690","TERRY MARTIN","370","13TH CONGRESS","CASEYVILLE 19","517","12","REPUBLICAN","6"
"88","0","ST. CLAIR","680","MATT HAUSMAN","370","13TH CONGRESS","CASEYVILLE 19","517","12","REPUBLICAN","8"
"88","0","ST. CLAIR","685","JESSE REISING","370","13TH CONGRESS","CASEYVILLE 19","517","12","REPUBLICAN","20"
"88","0","ST. CLAIR","675","REGAN DEERING","370","13TH CONGRESS","CASEYVILLE 22","486","12","REPUBLICAN","8"
"88","0","ST. CLAIR","685","JESSE REISING","370","13TH CONGRESS","CASEYVILLE 22","486","12","REPUBLICAN","16"
"88","0","ST. CLAIR","690","TERRY MARTIN","370","13TH CONGRESS","CASEYVILLE 22","486","12","REPUBLICAN","5"
"88","0","ST. CLAIR","680","MATT HAUSMAN","370","13TH CONGRESS","CASEYVILLE 22","486","12","REPUBLICAN","7"
"88","0","ST. CLAIR","675","REGAN DEERING","370","13TH CONGRESS","CENTREVILLE 6","708","12","REPUBLICAN","1"
"88","0","ST. CLAIR","690","TERRY MARTIN","370","13TH CONGRESS","CENTREVILLE 6","708","12","REPUBLICAN","1"
"88","0","ST. CLAIR","680","MATT HAUSMAN","370","13TH CONGRESS","CENTREVILLE 6","708","12","REPUBLICAN","0"
"88","0","ST. CLAIR","685","JESSE REISING","370","13TH CONGRESS","CENTREVILLE 6","708","12","REPUBLICAN","1"
"88","0","ST. CLAIR","675","REGAN DEERING","370","13TH CONGRESS","CENTREVILLE 9","776","12","REPUBLICAN","5"
"88","0","ST. CLAIR","690","TERRY MARTIN","370","13TH CONGRESS","CENTREVILLE 9","776","12","REPUBLICAN","0"
"88","0","ST. CLAIR","680","MATT HAUSMAN","370","13TH CONGRESS","CENTREVILLE 9","776","12","REPUBLICAN","3"
"88","0","ST. CLAIR","685","JESSE REISING","370","13TH CONGRESS","CENTREVILLE 9","776","12","REPUBLICAN","3"
"88","0","ST. CLAIR","675","REGAN DEERING","370","13TH CONGRESS","CENTREVILLE 12","763","12","REPUBLICAN","1"
"88","0","ST. CLAIR","685","JESSE REISING","370","13TH CONGRESS","CENTREVILLE 12","763","12","REPUBLICAN","0"
"88","0","ST. CLAIR","690","TERRY MARTIN","370","13TH CONGRESS","CENTREVILLE 12","763","12","REPUBLICAN","0"
"88","0","ST. CLAIR","680","MATT HAUSMAN","370","13TH CONGRESS","CENTREVILLE 12","763","12","REPUBLICAN","0"
"88","0","ST. CLAIR","685","JESSE REISING","370","13TH CONGRESS","CASEYVILLE 2","1655","12","REPUBLICAN","26"
"88","0","ST. CLAIR","690","TERRY MARTIN","370","13TH CONGRESS","CASEYVILLE 2","1655","12","REPUBLICAN","8"
"88","0","ST. CLAIR","675","REGAN DEERING","370","13TH CONGRESS","CASEYVILLE 5","1525","12","REPUBLICAN","34"
"88","0","ST. CLAIR","680","MATT HAUSMAN","370","13TH CONGRESS","CASEYVILLE 5","1525","12","REPUBLICAN","43"
"88","0","ST. CLAIR","685","JESSE REISING","370","13TH CONGRESS","CASEYVILLE 5","1525","12","REPUBLICAN","46"
"88","0","ST. CLAIR","690","TERRY MARTIN","370","13TH CONGRESS","CASEYVILLE 5","1525","12","REPUBLICAN","14"
"88","0","ST. CLAIR","675","REGAN DEERING","370","13TH CONGRESS","CASEYVILLE 25","1127","12","REPUBLICAN","15"
"88","0","ST. CLAIR","685","JESSE REISING","370","13TH CONGRESS","CASEYVILLE 25","1127","12","REPUBLICAN","24"
"88","0","ST. CLAIR","680","MATT HAUSMAN","370","13TH CONGRESS","CASEYVILLE 25","1127","12","REPUBLICAN","7"
"88","0","ST. CLAIR","690","TERRY MARTIN","370","13TH CONGRESS","CASEYVILLE 25","1127","12","REPUBLICAN","5"
"88","0","ST. CLAIR","675","REGAN DEERING","370","13TH CONGRESS","CENTREVILLE 15","602","12","REPUBLICAN","9"
"88","0","ST. CLAIR","685","JESSE REISING","370","13TH CONGRESS","CENTREVILLE 15","602","12","REPUBLICAN","5"
"88","0","ST. CLAIR","680","MATT HAUSMAN","370","13TH CONGRESS","CENTREVILLE 15","602","12","REPUBLICAN","5"
"88","0","ST. CLAIR","690","TERRY MARTIN","370","13TH CONGRESS","CENTREVILLE 15","602","12","REPUBLICAN","1"
"88","0","ST. CLAIR","675","REGAN DEERING","370","13TH CONGRESS","CENTREVILLE 18","590","12","REPUBLICAN","4"
"88","0","ST. CLAIR","680","MATT HAUSMAN","370","13TH CONGRESS","CENTREVILLE 18","590","12","REPUBLICAN","2"
"88","0","ST. CLAIR","685","JESSE REISING","370","13TH CONGRESS","CENTREVILLE 18","590","12","REPUBLICAN","4"
"88","0","ST. CLAIR","690","TERRY MARTIN","370","13TH CONGRESS","CENTREVILLE 18","590","12","REPUBLICAN","0"
"88","0","ST. CLAIR","675","REGAN DEERING","370","13TH CONGRESS","CENTREVILLE 21","726","12","REPUBLICAN","3"
"88","0","ST. CLAIR","680","MATT HAUSMAN","370","13TH CONGRESS","CENTREVILLE 21","726","12","REPUBLICAN","3"
"88","0","ST. CLAIR","685","JESSE REISING","370","13TH CONGRESS","CENTREVILLE 21","726","12","REPUBLICAN","3"
"88","0","ST. CLAIR","690","TERRY MARTIN","370","13TH CONGRESS","CENTREVILLE 21","726","12","REPUBLICAN","3"
"88","0","ST. CLAIR","675","REGAN DEERING","370","13TH CONGRESS","O FALLON 14","823","12","REPUBLICAN","29"
"88","0","ST. CLAIR","680","MATT HAUSMAN","370","13TH CONGRESS","O FALLON 14","823","12","REPUBLICAN","16"
"88","0","ST. CLAIR","685","JESSE REISING","370","13TH CONGRESS","O FALLON 14","823","12","REPUBLICAN","26"
"88","0","ST. CLAIR","690","TERRY MARTIN","370","13TH CONGRESS","O FALLON 14","823","12","REPUBLICAN","4"
"88","0","ST. CLAIR","675","REGAN DEERING","370","13TH CONGRESS","O FALLON 17","1012","12","REPUBLICAN","26"
"88","0","ST. CLAIR","680","MATT HAUSMAN","370","13TH CONGRESS","O FALLON 17","1012","12","REPUBLICAN","10"
"88","0","ST. CLAIR","685","JESSE REISING","370","13TH CONGRESS","O FALLON 17","1012","12","REPUBLICAN","35"
"88","0","ST. CLAIR","690","TERRY MARTIN","370","13TH CONGRESS","O FALLON 17","1012","12","REPUBLICAN","7"
"88","0","ST. CLAIR","675","REGAN DEERING","370","13TH CONGRESS","ST CLAIR 23","1438","12","REPUBLICAN","35"
"88","0","ST. CLAIR","680","MATT HAUSMAN","370","13TH CONGRESS","ST CLAIR 23","1438","12","REPUBLICAN","25"
"88","0","ST. CLAIR","685","JESSE REISING","370","13TH CONGRESS","ST CLAIR 23","1438","12","REPUBLICAN","37"
"88","0","ST. CLAIR","690","TERRY MARTIN","370","13TH CONGRESS","ST CLAIR 23","1438","12","REPUBLICAN","12"
"88","0","ST. CLAIR","675","REGAN DEERING","370","13TH CONGRESS","ST CLAIR 26","926","12","REPUBLICAN","24"
"88","0","ST. CLAIR","680","MATT HAUSMAN","370","13TH CONGRESS","ST CLAIR 26","926","12","REPUBLICAN","13"
"88","0","ST. CLAIR","685","JESSE REISING","370","13TH CONGRESS","ST CLAIR 26","926","12","REPUBLICAN","17"
"88","0","ST. CLAIR","690","TERRY MARTIN","370","13TH CONGRESS","ST CLAIR 26","926","12","REPUBLICAN","2"
"88","0","ST. CLAIR","675","REGAN DEERING","370","13TH CONGRESS","ST CLAIR 29","907","12","REPUBLICAN","10"
"88","0","ST. CLAIR","680","MATT HAUSMAN","370","13TH CONGRESS","ST CLAIR 29","907","12","REPUBLICAN","9"
"88","0","ST. CLAIR","685","JESSE REISING","370","13TH CONGRESS","ST CLAIR 29","907","12","REPUBLICAN","16"
"88","0","ST. CLAIR","690","TERRY MARTIN","370","13TH CONGRESS","ST CLAIR 29","907","12","REPUBLICAN","3"
"88","0","ST. CLAIR","675","REGAN DEERING","370","13TH CONGRESS","SMITHTON 3","1145","12","REPUBLICAN","0"
"88","0","ST. CLAIR","675","REGAN DEERING","370","13TH CONGRESS","O FALLON 2","1128","12","REPUBLICAN","17"
"88","0","ST. CLAIR","690","TERRY MARTIN","370","13TH CONGRESS","O FALLON 2","1128","12","REPUBLICAN","7"
"88","0","ST. CLAIR","680","MATT HAUSMAN","370","13TH CONGRESS","O FALLON 2","1128","12","REPUBLICAN","8"
"88","0","ST. CLAIR","685","JESSE REISING","370","13TH CONGRESS","O FALLON 2","1128","12","REPUBLICAN","13"
"88","0","ST. CLAIR","675","REGAN DEERING","370","13TH CONGRESS","ST CLAIR 11","781","12","REPUBLICAN","14"
"88","0","ST. CLAIR","690","TERRY MARTIN","370","13TH CONGRESS","ST CLAIR 11","781","12","REPUBLICAN","9"
"88","0","ST. CLAIR","680","MATT HAUSMAN","370","13TH CONGRESS","ST CLAIR 11","781","12","REPUBLICAN","11"
"88","0","ST. CLAIR","685","JESSE REISING","370","13TH CONGRESS","ST CLAIR 11","781","12","REPUBLICAN","19"
"88","0","ST. CLAIR","675","REGAN DEERING","370","13TH CONGRESS","ST CLAIR 14","779","12","REPUBLICAN","7"
"88","0","ST. CLAIR","690","TERRY MARTIN","370","13TH CONGRESS","ST CLAIR 14","779","12","REPUBLICAN","3"
"88","0","ST. CLAIR","680","MATT HAUSMAN","370","13TH CONGRESS","ST CLAIR 14","779","12","REPUBLICAN","4"
"88","0","ST. CLAIR","685","JESSE REISING","370","13TH CONGRESS","ST CLAIR 14","779","12","REPUBLICAN","16"
"88","0","ST. CLAIR","675","REGAN DEERING","370","13TH CONGRESS","ST CLAIR 17","577","12","REPUBLICAN","0"
"88","0","ST. CLAIR","685","JESSE REISING","370","13TH CONGRESS","ST CLAIR 17","577","12","REPUBLICAN","3"
"88","0","ST. CLAIR","690","TERRY MARTIN","370","13TH CONGRESS","ST CLAIR 17","577","12","REPUBLICAN","1"
"88","0","ST. CLAIR","680","MATT HAUSMAN","370","13TH CONGRESS","ST CLAIR 17","577","12","REPUBLICAN","0"
"88","0","ST. CLAIR","675","REGAN DEERING","370","13TH CONGRESS","ST CLAIR 20","761","12","REPUBLICAN","14"
"88","0","ST. CLAIR","685","JESSE REISING","370","13TH CONGRESS","ST CLAIR 20","761","12","REPUBLICAN","32"
"88","0","ST. CLAIR","690","TERRY MARTIN","370","13TH CONGRESS","ST CLAIR 20","761","12","REPUBLICAN","12"
"88","0","ST. CLAIR","680","MATT HAUSMAN","370","13TH CONGRESS","ST CLAIR 20","761","12","REPUBLICAN","19"
"88","0","ST. CLAIR","675","REGAN DEERING","370","13TH CONGRESS","SHILOH VALLEY 1","1500","12","REPUBLICAN","0"
"88","0","ST. CLAIR","690","TERRY MARTIN","370","13TH CONGRESS","SHILOH VALLEY 1","1500","12","REPUBLICAN","0"
"88","0","ST. CLAIR","680","MATT HAUSMAN","370","13TH CONGRESS","SHILOH VALLEY 1","1500","12","REPUBLICAN","0"
"88","0","ST. CLAIR","685","JESSE REISING","370","13TH CONGRESS","SHILOH VALLEY 1","1500","12","REPUBLICAN","0"
"88","0","ST. CLAIR","675","REGAN DEERING","370","13TH CONGRESS","STOOKEY 3","518","12","REPUBLICAN","14"
"88","0","ST. CLAIR","690","TERRY MARTIN","370","13TH CONGRESS","STOOKEY 3","518","12","REPUBLICAN","2"
"88","0","ST. CLAIR","680","MATT HAUSMAN","370","13TH CONGRESS","STOOKEY 3","518","12","REPUBLICAN","9"
"88","0","ST. CLAIR","685","JESSE REISING","370","13TH CONGRESS","STOOKEY 3","518","12","REPUBLICAN","13"
"88","0","ST. CLAIR","675","REGAN DEERING","370","13TH CONGRESS","STOOKEY 6","921","12","REPUBLICAN","0"
"88","0","ST. CLAIR","690","TERRY MARTIN","370","13TH CONGRESS","STOOKEY 6","921","12","REPUBLICAN","0"
"88","0","ST. CLAIR","680","MATT HAUSMAN","370","13TH CONGRESS","STOOKEY 6","921","12","REPUBLICAN","0"
"88","0","ST. CLAIR","685","JESSE REISING","370","13TH CONGRESS","STOOKEY 6","921","12","REPUBLICAN","0"
"88","0","ST. CLAIR","675","REGAN DEERING","370","13TH CONGRESS","STOOKEY 9","921","12","REPUBLICAN","21"
"88","0","ST. CLAIR","685","JESSE REISING","370","13TH CONGRESS","STOOKEY 9","921","12","REPUBLICAN","16"
"88","0","ST. CLAIR","690","TERRY MARTIN","370","13TH CONGRESS","STOOKEY 9","921","12","REPUBLICAN","1"
"88","0","ST. CLAIR","680","MATT HAUSMAN","370","13TH CONGRESS","STOOKEY 9","921","12","REPUBLICAN","16"
"88","0","ST. CLAIR","675","REGAN DEERING","370","13TH CONGRESS","SUGAR LOAF 2","640","12","REPUBLICAN","9"
"88","0","ST. CLAIR","685","JESSE REISING","370","13TH CONGRESS","SUGAR LOAF 2","640","12","REPUBLICAN","4"
"88","0","ST. CLAIR","690","TERRY MARTIN","370","13TH CONGRESS","SUGAR LOAF 2","640","12","REPUBLICAN","3"
"88","0","ST. CLAIR","680","MATT HAUSMAN","370","13TH CONGRESS","SUGAR LOAF 2","640","12","REPUBLICAN","8"
"88","0","ST. CLAIR","675","REGAN DEERING","370","13TH CONGRESS","BELLEVILLE 3","823","12","REPUBLICAN","18"
"88","0","ST. CLAIR","680","MATT HAUSMAN","370","13TH CONGRESS","BELLEVILLE 3","823","12","REPUBLICAN","6"
"88","0","ST. CLAIR","685","JESSE REISING","370","13TH CONGRESS","BELLEVILLE 3","823","12","REPUBLICAN","15"
"88","0","ST. CLAIR","690","TERRY MARTIN","370","13TH CONGRESS","BELLEVILLE 3","823","12","REPUBLICAN","8"
"88","0","ST. CLAIR","675","REGAN DEERING","370","13TH CONGRESS","BELLEVILLE 6","838","12","REPUBLICAN","4"
"88","0","ST. CLAIR","680","MATT HAUSMAN","370","13TH CONGRESS","BELLEVILLE 6","838","12","REPUBLICAN","13"
"88","0","ST. CLAIR","685","JESSE REISING","370","13TH CONGRESS","BELLEVILLE 6","838","12","REPUBLICAN","11"
"88","0","ST. CLAIR","690","TERRY MARTIN","370","13TH CONGRESS","BELLEVILLE 6","838","12","REPUBLICAN","2"
"88","0","ST. CLAIR","675","REGAN DEERING","370","13TH CONGRESS","BELLEVILLE 9","559","12","REPUBLICAN","9"
"88","0","ST. CLAIR","680","MATT HAUSMAN","370","13TH CONGRESS","BELLEVILLE 9","559","12","REPUBLICAN","8"
"88","0","ST. CLAIR","685","JESSE REISING","370","13TH CONGRESS","BELLEVILLE 9","559","12","REPUBLICAN","13"
"88","0","ST. CLAIR","690","TERRY MARTIN","370","13TH CONGRESS","BELLEVILLE 9","559","12","REPUBLICAN","7"
"88","0","ST. CLAIR","675","REGAN DEERING","370","13TH CONGRESS","BELLEVILLE 29","696","12","REPUBLICAN","12"
"88","0","ST. CLAIR","680","MATT HAUSMAN","370","13TH CONGRESS","BELLEVILLE 29","696","12","REPUBLICAN","12"
"88","0","ST. CLAIR","685","JESSE REISING","370","13TH CONGRESS","BELLEVILLE 29","696","12","REPUBLICAN","10"
"88","0","ST. CLAIR","690","TERRY MARTIN","370","13TH CONGRESS","BELLEVILLE 29","696","12","REPUBLICAN","3"
"88","0","ST. CLAIR","675","REGAN DEERING","370","13TH CONGRESS","BELLEVILLE 32","807","12","REPUBLICAN","17"
"88","0","ST. CLAIR","680","MATT HAUSMAN","370","13TH CONGRESS","BELLEVILLE 32","807","12","REPUBLICAN","21"
"88","0","ST. CLAIR","685","JESSE REISING","370","13TH CONGRESS","BELLEVILLE 32","807","12","REPUBLICAN","18"
"88","0","ST. CLAIR","690","TERRY MARTIN","370","13TH CONGRESS","BELLEVILLE 32","807","12","REPUBLICAN","4"
"88","0","ST. CLAIR","675","REGAN DEERING","370","13TH CONGRESS","CASEYVILLE 9","942","12","REPUBLICAN","20"
"88","0","ST. CLAIR","685","JESSE REISING","370","13TH CONGRESS","CASEYVILLE 9","942","12","REPUBLICAN","22"
"88","0","ST. CLAIR","690","TERRY MARTIN","370","13TH CONGRESS","CASEYVILLE 9","942","12","REPUBLICAN","9"
"88","0","ST. CLAIR","680","MATT HAUSMAN","370","13TH CONGRESS","CASEYVILLE 9","942","12","REPUBLICAN","9"
"88","0","ST. CLAIR","675","REGAN DEERING","370","13TH CONGRESS","CASEYVILLE 12","2624","12","REPUBLICAN","11"
"88","0","ST. CLAIR","680","MATT HAUSMAN","370","13TH CONGRESS","CASEYVILLE 12","2624","12","REPUBLICAN","6"
"88","0","ST. CLAIR","685","JESSE REISING","370","13TH CONGRESS","CASEYVILLE 12","2624","12","REPUBLICAN","16"
"88","0","ST. CLAIR","690","TERRY MARTIN","370","13TH CONGRESS","CASEYVILLE 12","2624","12","REPUBLICAN","2"
"88","0","ST. CLAIR","675","REGAN DEERING","370","13TH CONGRESS","CASEYVILLE 15","485","12","REPUBLICAN","9"
"88","0","ST. CLAIR","680","MATT HAUSMAN","370","13TH CONGRESS","CASEYVILLE 15","485","12","REPUBLICAN","5"
"88","0","ST. CLAIR","685","JESSE REISING","370","13TH CONGRESS","CASEYVILLE 15","485","12","REPUBLICAN","7"
"88","0","ST. CLAIR","690","TERRY MARTIN","370","13TH CONGRESS","CASEYVILLE 15","485","12","REPUBLICAN","1"
"88","0","ST. CLAIR","675","REGAN DEERING","370","13TH CONGRESS","CASEYVILLE 18","2019","12","REPUBLICAN","0"
"88","0","ST. CLAIR","680","MATT HAUSMAN","370","13TH CONGRESS","CASEYVILLE 18","2019","12","REPUBLICAN","0"
"88","0","ST. CLAIR","690","TERRY MARTIN","370","13TH CONGRESS","CASEYVILLE 18","2019","12","REPUBLICAN","0"
"88","0","ST. CLAIR","685","JESSE REISING","370","13TH CONGRESS","CASEYVILLE 18","2019","12","REPUBLICAN","0"
"88","0","ST. CLAIR","675","REGAN DEERING","370","13TH CONGRESS","CENTREVILLE 2","692","12","REPUBLICAN","0"
"88","0","ST. CLAIR","680","MATT HAUSMAN","370","13TH CONGRESS","CENTREVILLE 2","692","12","REPUBLICAN","2"
"88","0","ST. CLAIR","685","JESSE REISING","370","13TH CONGRESS","CENTREVILLE 2","692","12","REPUBLICAN","0"
"88","0","ST. CLAIR","690","TERRY MARTIN","370","13TH CONGRESS","CENTREVILLE 2","692","12","REPUBLICAN","2"
"88","0","ST. CLAIR","675","REGAN DEERING","370","13TH CONGRESS","CENTREVILLE 5","796","12","REPUBLICAN","5"
"88","0","ST. CLAIR","680","MATT HAUSMAN","370","13TH CONGRESS","CENTREVILLE 5","796","12","REPUBLICAN","3"
"88","0","ST. CLAIR","685","JESSE REISING","370","13TH CONGRESS","CENTREVILLE 5","796","12","REPUBLICAN","8"
"88","0","ST. CLAIR","690","TERRY MARTIN","370","13TH CONGRESS","CENTREVILLE 5","796","12","REPUBLICAN","4"
"88","0","ST. CLAIR","675","REGAN DEERING","370","13TH CONGRESS","CENTREVILLE 8","530","12","REPUBLICAN","2"
"88","0","ST. CLAIR","680","MATT HAUSMAN","370","13TH CONGRESS","CENTREVILLE 8","530","12","REPUBLICAN","3"
"88","0","ST. CLAIR","685","JESSE REISING","370","13TH CONGRESS","CENTREVILLE 8","530","12","REPUBLICAN","6"
"88","0","ST. CLAIR","690","TERRY MARTIN","370","13TH CONGRESS","CENTREVILLE 8","530","12","REPUBLICAN","2"
"88","0","ST. CLAIR","675","REGAN DEERING","370","13TH CONGRESS","ST CLAIR 7","658","12","REPUBLICAN","22"
"88","0","ST. CLAIR","680","MATT HAUSMAN","370","13TH CONGRESS","ST CLAIR 7","658","12","REPUBLICAN","13"
"88","0","ST. CLAIR","685","JESSE REISING","370","13TH CONGRESS","ST CLAIR 7","658","12","REPUBLICAN","21"
"88","0","ST. CLAIR","690","TERRY MARTIN","370","13TH CONGRESS","ST CLAIR 7","658","12","REPUBLICAN","5"
"88","0","ST. CLAIR","675","REGAN DEERING","370","13TH CONGRESS","ST CLAIR 10","710","12","REPUBLICAN","15"
"88","0","ST. CLAIR","680","MATT HAUSMAN","370","13TH CONGRESS","ST CLAIR 10","710","12","REPUBLICAN","10"
"88","0","ST. CLAIR","685","JESSE REISING","370","13TH CONGRESS","ST CLAIR 10","710","12","REPUBLICAN","23"
"88","0","ST. CLAIR","690","TERRY MARTIN","370","13TH CONGRESS","ST CLAIR 10","710","12","REPUBLICAN","1"
"88","0","ST. CLAIR","675","REGAN DEERING","370","13TH CONGRESS","ST CLAIR 13","769","12","REPUBLICAN","33"
"88","0","ST. CLAIR","680","MATT HAUSMAN","370","13TH CONGRESS","ST CLAIR 13","769","12","REPUBLICAN","17"
"88","0","ST. CLAIR","690","TERRY MARTIN","370","13TH CONGRESS","ST CLAIR 13","769","12","REPUBLICAN","5"
"88","0","ST. CLAIR","685","JESSE REISING","370","13TH CONGRESS","ST CLAIR 13","769","12","REPUBLICAN","38"
"88","0","ST. CLAIR","675","REGAN DEERING","370","13TH CONGRESS","ST CLAIR 16","1118","12","REPUBLICAN","8"
"88","0","ST. CLAIR","680","MATT HAUSMAN","370","13TH CONGRESS","ST CLAIR 16","1118","12","REPUBLICAN","7"
"88","0","ST. CLAIR","685","JESSE REISING","370","13TH CONGRESS","ST CLAIR 16","1118","12","REPUBLICAN","11"
"88","0","ST. CLAIR","690","TERRY MARTIN","370","13TH CONGRESS","ST CLAIR 16","1118","12","REPUBLICAN","0"
"88","0","ST. CLAIR","675","REGAN DEERING","370","13TH CONGRESS","STOOKEY 2","743","12","REPUBLICAN","22"
"88","0","ST. CLAIR","680","MATT HAUSMAN","370","13TH CONGRESS","STOOKEY 2","743","12","REPUBLICAN","12"
"88","0","ST. CLAIR","685","JESSE REISING","370","13TH CONGRESS","STOOKEY 2","743","12","REPUBLICAN","29"
"88","0","ST. CLAIR","690","TERRY MARTIN","370","13TH CONGRESS","STOOKEY 2","743","12","REPUBLICAN","16"
"88","0","ST. CLAIR","675","REGAN DEERING","370","13TH CONGRESS","STOOKEY 5","340","12","REPUBLICAN","4"
"88","0","ST. CLAIR","680","MATT HAUSMAN","370","13TH CONGRESS","STOOKEY 5","340","12","REPUBLICAN","3"
"88","0","ST. CLAIR","685","JESSE REISING","370","13TH CONGRESS","STOOKEY 5","340","12","REPUBLICAN","12"
"88","0","ST. CLAIR","690","TERRY MARTIN","370","13TH CONGRESS","STOOKEY 5","340","12","REPUBLICAN","1"
"88","0","ST. CLAIR","675","REGAN DEERING","370","13TH CONGRESS","STOOKEY 8","421","12","REPUBLICAN","6"
"88","0","ST. CLAIR","680","MATT HAUSMAN","370","13TH CONGRESS","STOOKEY 8","421","12","REPUBLICAN","7"
"88","0","ST. CLAIR","690","TERRY MARTIN","370","13TH CONGRESS","STOOKEY 8","421","12","REPUBLICAN","1"
"88","0","ST. CLAIR","685","JESSE REISING","370","13TH CONGRESS","STOOKEY 8","421","12","REPUBLICAN","9"
