contest_id,election_id,election_date,election_type,primary_party,question_text,question_type,office_id,office_name,office_modifier,district_id,district_type,district_name,candidate_id,candidate_name,retention_candidate_id,retention_candidate_name,division_id,division_type,division_name,vote_channel,is_winner,number_seats,candidate_party_id,candidate_party_name,votes
5625,161,2024-11-05T00:00:00Z,General,,,,5,State Senator,,203,State Senate District,1,75,Anthony H. Palumbo,,,429,County,Suffolk,,true,1,8,Republican,77459
5625,161,2024-11-05T00:00:00Z,General,,,,5,State Senator,,203,State Senate District,1,75,Anthony H. Palumbo,,,429,County,Suffolk,,true,1,9,Conservative,10132
5625,161,2024-11-05T00:00:00Z,General,,,,5,State Senator,,203,State Senate District,1,13473,Sarah S. Anker,,,429,County,Suffolk,,false,1,7,Democratic,76874
5625,161,2024-11-05T00:00:00Z,General,,,,5,State Senator,,203,State Senate District,1,13473,Sarah S. Anker,,,429,County,Suffolk,,false,1,307,Common Sense Suffolk,979
5625,161,2024-11-05T00:00:00Z,General,,,,5,State Senator,,203,State Senate District,1,6,Scattering,,,429,County,Suffolk,,false,1,,,49
5625,161,2024-11-05T00:00:00Z,General,,,,5,State Senator,,203,State Senate District,1,10,Blank,,,429,County,Suffolk,,false,1,,,8567
5625,161,2024-11-05T00:00:00Z,General,,,,5,State Senator,,203,State Senate District,1,9,Void,,,429,County,Suffolk,,false,1,,,162
5625,161,2024-11-05T00:00:00Z,General,,,,5,State Senator,,203,State Senate District,1,1,Total Votes,,,429,County,Suffolk,,false,1,,,174222
5626,161,2024-11-05T00:00:00Z,General,,,,5,State Senator,,204,State Senate District,2,77,Mario R. Mattera,,,429,County,Suffolk,,true,1,8,Republican,92270
5626,161,2024-11-05T00:00:00Z,General,,,,5,State Senator,,204,State Senate District,2,77,Mario R. Mattera,,,429,County,Suffolk,,true,1,9,Conservative,11595
5626,161,2024-11-05T00:00:00Z,General,,,,5,State Senator,,204,State Senate District,2,13474,Craig G. Herskowitz,,,429,County,Suffolk,,false,1,7,Democratic,74307
5626,161,2024-11-05T00:00:00Z,General,,,,5,State Senator,,204,State Senate District,2,6,Scattering,,,429,County,Suffolk,,false,1,,,123
5626,161,2024-11-05T00:00:00Z,General,,,,5,State Senator,,204,State Senate District,2,10,Blank,,,429,County,Suffolk,,false,1,,,10617
5626,161,2024-11-05T00:00:00Z,General,,,,5,State Senator,,204,State Senate District,2,9,Void,,,429,County,Suffolk,,false,1,,,44
5626,161,2024-11-05T00:00:00Z,General,,,,5,State Senator,,204,State Senate District,2,1,Total Votes,,,429,County,Suffolk,,false,1,,,188956
5627,161,2024-11-05T00:00:00Z,General,,,,5,State Senator,,205,State Senate District,3,79,Dean Murray,,,429,County,Suffolk,,true,1,8,Republican,78923
5627,161,2024-11-05T00:00:00Z,General,,,,5,State Senator,,205,State Senate District,3,79,Dean Murray,,,429,County,Suffolk,,true,1,9,Conservative,10345
5627,161,2024-11-05T00:00:00Z,General,,,,5,State Senator,,205,State Senate District,3,3562,Michael L. Conroy,,,429,County,Suffolk,,false,1,7,Democratic,55904
5627,161,2024-11-05T00:00:00Z,General,,,,5,State Senator,,205,State Senate District,3,6,Scattering,,,429,County,Suffolk,,false,1,,,56
5627,161,2024-11-05T00:00:00Z,General,,,,5,State Senator,,205,State Senate District,3,10,Blank,,,429,County,Suffolk,,false,1,,,11921
5627,161,2024-11-05T00:00:00Z,General,,,,5,State Senator,,205,State Senate District,3,9,Void,,,429,County,Suffolk,,false,1,,,36
5627,161,2024-11-05T00:00:00Z,General,,,,5,State Senator,,205,State Senate District,3,1,Total Votes,,,429,County,Suffolk,,false,1,,,157185
5628,161,2024-11-05T00:00:00Z,General,,,,5,State Senator,,206,State Senate District,4,13212,Monica R. Martinez,,,429,County,Suffolk,,true,1,7,Democratic,58688
5628,161,2024-11-05T00:00:00Z,General,,,,5,State Senator,,206,State Senate District,4,13212,Monica R. Martinez,,,429,County,Suffolk,,true,1,10,Working Families,3328
5628,161,2024-11-05T00:00:00Z,General,,,,5,State Senator,,206,State Senate District,4,13475,Teresa J. Bryant,,,429,County,Suffolk,,false,1,8,Republican,42538
5628,161,2024-11-05T00:00:00Z,General,,,,5,State Senator,,206,State Senate District,4,13475,Teresa J. Bryant,,,429,County,Suffolk,,false,1,9,Conservative,5207
5628,161,2024-11-05T00:00:00Z,General,,,,5,State Senator,,206,State Senate District,4,6,Scattering,,,429,County,Suffolk,,false,1,,,72
5628,161,2024-11-05T00:00:00Z,General,,,,5,State Senator,,206,State Senate District,4,10,Blank,,,429,County,Suffolk,,false,1,,,9039
5628,161,2024-11-05T00:00:00Z,General,,,,5,State Senator,,206,State Senate District,4,9,Void,,,429,County,Suffolk,,false,1,,,152
5628,161,2024-11-05T00:00:00Z,General,,,,5,State Senator,,206,State Senate District,4,1,Total Votes,,,429,County,Suffolk,,false,1,,,119024
5629,161,2024-11-05T00:00:00Z,General,,,,5,State Senator,,207,State Senate District,5,83,Steven D. Rhoads,,,428,County,Nassau,,true,1,8,Republican,98010
5629,161,2024-11-05T00:00:00Z,General,,,,5,State Senator,,207,State Senate District,5,83,Steven D. Rhoads,,,428,County,Nassau,,true,1,9,Conservative,8240
5629,161,2024-11-05T00:00:00Z,General,,,,5,State Senator,,207,State Senate District,5,13476,Lisa Lin,,,428,County,Nassau,,false,1,7,Democratic,66978
5629,161,2024-11-05T00:00:00Z,General,,,,5,State Senator,,207,State Senate District,5,6,Scattering,,,428,County,Nassau,,false,1,,,222
5629,161,2024-11-05T00:00:00Z,General,,,,5,State Senator,,207,State Senate District,5,10,Blank,,,428,County,Nassau,,false,1,,,11292
5629,161,2024-11-05T00:00:00Z,General,,,,5,State Senator,,207,State Senate District,5,9,Void,,,428,County,Nassau,,false,1,,,62
5629,161,2024-11-05T00:00:00Z,General,,,,5,State Senator,,207,State Senate District,5,1,Total Votes,,,428,County,Nassau,,false,1,,,184804
5630,161,2024-11-05T00:00:00Z,General,,,,5,State Senator,,208,State Senate District,6,13477,Siela A. Bynoe,,,428,County,Nassau,,true,1,7,Democratic,78951
5630,161,2024-11-05T00:00:00Z,General,,,,5,State Senator,,208,State Senate District,6,13478,Thomas Philip Montefinise,,,428,County,Nassau,,false,1,8,Republican,46278
5630,161,2024-11-05T00:00:00Z,General,,,,5,State Senator,,208,State Senate District,6,13478,Thomas Philip Montefinise,,,428,County,Nassau,,false,1,9,Conservative,4437
5630,161,2024-11-05T00:00:00Z,General,,,,5,State Senator,,208,State Senate District,6,6,Scattering,,,428,County,Nassau,,false,1,,,117
5630,161,2024-11-05T00:00:00Z,General,,,,5,State Senator,,208,State Senate District,6,10,Blank,,,428,County,Nassau,,false,1,,,10893
5630,161,2024-11-05T00:00:00Z,General,,,,5,State Senator,,208,State Senate District,6,9,Void,,,428,County,Nassau,,false,1,,,45
5630,161,2024-11-05T00:00:00Z,General,,,,5,State Senator,,208,State Senate District,6,1,Total Votes,,,428,County,Nassau,,false,1,,,140721
5631,161,2024-11-05T00:00:00Z,General,,,,5,State Senator,,209,State Senate District,7,87,Jack M. Martins,,,428,County,Nassau,,true,1,8,Republican,82155
5631,161,2024-11-05T00:00:00Z,General,,,,5,State Senator,,209,State Senate District,7,87,Jack M. Martins,,,428,County,Nassau,,true,1,9,Conservative,6099
5631,161,2024-11-05T00:00:00Z,General,,,,5,State Senator,,209,State Senate District,7,13479,Kim Keiserman,,,428,County,Nassau,,false,1,7,Democratic,71700
5631,161,2024-11-05T00:00:00Z,General,,,,5,State Senator,,209,State Senate District,7,6,Scattering,,,428,County,Nassau,,false,1,,,251
5631,161,2024-11-05T00:00:00Z,General,,,,5,State Senator,,209,State Senate District,7,10,Blank,,,428,County,Nassau,,false,1,,,10152
5631,161,2024-11-05T00:00:00Z,General,,,,5,State Senator,,209,State Senate District,7,9,Void,,,428,County,Nassau,,false,1,,,55
5631,161,2024-11-05T00:00:00Z,General,,,,5,State Senator,,209,State Senate District,7,1,Total Votes,,,428,County,Nassau,,false,1,,,170412
5632,161,2024-11-05T00:00:00Z,General,,,,5,State Senator,,210,State Senate District,8,89,Alexis Weik,,,428,County,Nassau,,true,1,8,Republican,34908
5632,161,2024-11-05T00:00:00Z,General,,,,5,State Senator,,210,State Senate District,8,89,Alexis Weik,,,428,County,Nassau,,true,1,9,Conservative,2914
5632,161,2024-11-05T00:00:00Z,General,,,,5,State Senator,,210,State Senate District,8,13480,Francis R. Dolan,,,428,County,Nassau,,false,1,7,Democratic,16838
5632,161,2024-11-05T00:00:00Z,General,,,,5,State Senator,,210,State Senate District,8,6,Scattering,,,428,County,Nassau,,false,1,,,17
5632,161,2024-11-05T00:00:00Z,General,,,,5,State Senator,,210,State Senate District,8,10,Blank,,,428,County,Nassau,,false,1,,,3797
5632,161,2024-11-05T00:00:00Z,General,,,,5,State Senator,,210,State Senate District,8,9,Void,,,428,County,Nassau,,false,1,,,6
5632,161,2024-11-05T00:00:00Z,General,,,,5,State Senator,,210,State Senate District,8,1,Total Votes,,,428,County,Nassau,,false,1,,,58480
5632,161,2024-11-05T00:00:00Z,General,,,,5,State Senator,,210,State Senate District,8,89,Alexis Weik,,,429,County,Suffolk,,true,1,8,Republican,71031
5632,161,2024-11-05T00:00:00Z,General,,,,5,State Senator,,210,State Senate District,8,89,Alexis Weik,,,429,County,Suffolk,,true,1,9,Conservative,9750
5632,161,2024-11-05T00:00:00Z,General,,,,5,State Senator,,210,State Senate District,8,13480,Francis R. Dolan,,,429,County,Suffolk,,false,1,7,Democratic,40988
5632,161,2024-11-05T00:00:00Z,General,,,,5,State Senator,,210,State Senate District,8,6,Scattering,,,429,County,Suffolk,,false,1,,,41
5632,161,2024-11-05T00:00:00Z,General,,,,5,State Senator,,210,State Senate District,8,10,Blank,,,429,County,Suffolk,,false,1,,,8326
5632,161,2024-11-05T00:00:00Z,General,,,,5,State Senator,,210,State Senate District,8,9,Void,,,429,County,Suffolk,,false,1,,,37
5632,161,2024-11-05T00:00:00Z,General,,,,5,State Senator,,210,State Senate District,8,1,Total Votes,,,429,County,Suffolk,,false,1,,,130173
5633,161,2024-11-05T00:00:00Z,General,,,,5,State Senator,,211,State Senate District,9,91,Patricia M. Canzoneri-Fitzpatrick,,,428,County,Nassau,,true,1,8,Republican,77632
5633,161,2024-11-05T00:00:00Z,General,,,,5,State Senator,,211,State Senate District,9,91,Patricia M. Canzoneri-Fitzpatrick,,,428,County,Nassau,,true,1,9,Conservative,6270
5633,161,2024-11-05T00:00:00Z,General,,,,5,State Senator,,211,State Senate District,9,13481,James Lynch,,,428,County,Nassau,,false,1,7,Democratic,40422
5633,161,2024-11-05T00:00:00Z,General,,,,5,State Senator,,211,State Senate District,9,6,Scattering,,,428,County,Nassau,,false,1,,,334
5633,161,2024-11-05T00:00:00Z,General,,,,5,State Senator,,211,State Senate District,9,10,Blank,,,428,County,Nassau,,false,1,,,11261
5633,161,2024-11-05T00:00:00Z,General,,,,5,State Senator,,211,State Senate District,9,9,Void,,,428,County,Nassau,,false,1,,,52
5633,161,2024-11-05T00:00:00Z,General,,,,5,State Senator,,211,State Senate District,9,1,Total Votes,,,428,County,Nassau,,false,1,,,135971
5634,161,2024-11-05T00:00:00Z,General,,,,5,State Senator,,212,State Senate District,10,12288,James Sanders Jr.,,,430,County,Queens,,true,1,7,Democratic,65391
5634,161,2024-11-05T00:00:00Z,General,,,,5,State Senator,,212,State Senate District,10,12288,James Sanders Jr.,,,430,County,Queens,,true,1,10,Working Families,2683
5634,161,2024-11-05T00:00:00Z,General,,,,5,State Senator,,212,State Senate District,10,3672,Michael A. O'Reilly,,,430,County,Queens,,false,1,8,Republican,25129
5634,161,2024-11-05T00:00:00Z,General,,,,5,State Senator,,212,State Senate District,10,3672,Michael A. O'Reilly,,,430,County,Queens,,false,1,9,Conservative,2151
5634,161,2024-11-05T00:00:00Z,General,,,,5,State Senator,,212,State Senate District,10,3672,Michael A. O'Reilly,,,430,County,Queens,,false,1,293,Common Sense,393
5634,161,2024-11-05T00:00:00Z,General,,,,5,State Senator,,212,State Senate District,10,6,Scattering,,,430,County,Queens,,false,1,,,144
5634,161,2024-11-05T00:00:00Z,General,,,,5,State Senator,,212,State Senate District,10,10,Blank,,,430,County,Queens,,false,1,,,4182
5634,161,2024-11-05T00:00:00Z,General,,,,5,State Senator,,212,State Senate District,10,9,Void,,,430,County,Queens,,false,1,,,179
5634,161,2024-11-05T00:00:00Z,General,,,,5,State Senator,,212,State Senate District,10,1,Total Votes,,,430,County,Queens,,false,1,,,100252
5635,161,2024-11-05T00:00:00Z,General,,,,5,State Senator,,213,State Senate District,11,9770,Toby Ann Stavisky,,,431,County,Bronx,,false,1,7,Democratic,0
5635,161,2024-11-05T00:00:00Z,General,,,,5,State Senator,,213,State Senate District,11,9770,Toby Ann Stavisky,,,431,County,Bronx,,false,1,10,Working Families,0
5635,161,2024-11-05T00:00:00Z,General,,,,5,State Senator,,213,State Senate District,11,13482,Yiatin Chu,,,431,County,Bronx,,true,1,8,Republican,1
5635,161,2024-11-05T00:00:00Z,General,,,,5,State Senator,,213,State Senate District,11,13482,Yiatin Chu,,,431,County,Bronx,,true,1,9,Conservative,0
5635,161,2024-11-05T00:00:00Z,General,,,,5,State Senator,,213,State Senate District,11,6,Scattering,,,431,County,Bronx,,false,1,,,0
5635,161,2024-11-05T00:00:00Z,General,,,,5,State Senator,,213,State Senate District,11,10,Blank,,,431,County,Bronx,,false,1,,,0
5635,161,2024-11-05T00:00:00Z,General,,,,5,State Senator,,213,State Senate District,11,9,Void,,,431,County,Bronx,,false,1,,,0
5635,161,2024-11-05T00:00:00Z,General,,,,5,State Senator,,213,State Senate District,11,1,Total Votes,,,431,County,Bronx,,false,1,,,1
5635,161,2024-11-05T00:00:00Z,General,,,,5,State Senator,,213,State Senate District,11,9770,Toby Ann Stavisky,,,430,County,Queens,,true,1,7,Democratic,52998
5635,161,2024-11-05T00:00:00Z,General,,,,5,State Senator,,213,State Senate District,11,9770,Toby Ann Stavisky,,,430,County,Queens,,true,1,10,Working Families,3265
5635,161,2024-11-05T00:00:00Z,General,,,,5,State Senator,,213,State Senate District,11,13482,Yiatin Chu,,,430,County,Queens,,false,1,8,Republican,43524
5635,161,2024-11-05T00:00:00Z,General,,,,5,State Senator,,213,State Senate District,11,13482,Yiatin Chu,,,430,County,Queens,,false,1,9,Conservative,3683
5635,161,2024-11-05T00:00:00Z,General,,,,5,State Senator,,213,State Senate District,11,6,Scattering,,,430,County,Queens,,false,1,,,439
5635,161,2024-11-05T00:00:00Z,General,,,,5,State Senator,,213,State Senate District,11,10,Blank,,,430,County,Queens,,false,1,,,6087
5635,161,2024-11-05T00:00:00Z,General,,,,5,State Senator,,213,State Senate District,11,9,Void,,,430,County,Queens,,false,1,,,359
5635,161,2024-11-05T00:00:00Z,General,,,,5,State Senator,,213,State Senate District,11,1,Total Votes,,,430,County,Queens,,false,1,,,110355
5636,161,2024-11-05T00:00:00Z,General,,,,5,State Senator,,214,State Senate District,12,9343,Michael N. Gianaris,,,67,County,Kings,,false,1,7,Democratic,1
5636,161,2024-11-05T00:00:00Z,General,,,,5,State Senator,,214,State Senate District,12,9343,Michael N. Gianaris,,,67,County,Kings,,false,1,10,Working Families,0
5636,161,2024-11-05T00:00:00Z,General,,,,5,State Senator,,214,State Senate District,12,13483,Han-Khon To,,,67,County,Kings,,true,1,8,Republican,2
5636,161,2024-11-05T00:00:00Z,General,,,,5,State Senator,,214,State Senate District,12,6,Scattering,,,67,County,Kings,,false,1,,,0
5636,161,2024-11-05T00:00:00Z,General,,,,5,State Senator,,214,State Senate District,12,10,Blank,,,67,County,Kings,,false,1,,,0
5636,161,2024-11-05T00:00:00Z,General,,,,5,State Senator,,214,State Senate District,12,9,Void,,,67,County,Kings,,false,1,,,0
5636,161,2024-11-05T00:00:00Z,General,,,,5,State Senator,,214,State Senate District,12,1,Total Votes,,,67,County,Kings,,false,1,,,3
5636,161,2024-11-05T00:00:00Z,General,,,,5,State Senator,,214,State Senate District,12,9343,Michael N. Gianaris,,,430,County,Queens,,true,1,7,Democratic,48819
5636,161,2024-11-05T00:00:00Z,General,,,,5,State Senator,,214,State Senate District,12,9343,Michael N. Gianaris,,,430,County,Queens,,true,1,10,Working Families,10049
5636,161,2024-11-05T00:00:00Z,General,,,,5,State Senator,,214,State Senate District,12,13483,Han-Khon To,,,430,County,Queens,,false,1,8,Republican,28190
5636,161,2024-11-05T00:00:00Z,General,,,,5,State Senator,,214,State Senate District,12,6,Scattering,,,430,County,Queens,,false,1,,,290
5636,161,2024-11-05T00:00:00Z,General,,,,5,State Senator,,214,State Senate District,12,10,Blank,,,430,County,Queens,,false,1,,,7012
5636,161,2024-11-05T00:00:00Z,General,,,,5,State Senator,,214,State Senate District,12,9,Void,,,430,County,Queens,,false,1,,,566
5636,161,2024-11-05T00:00:00Z,General,,,,5,State Senator,,214,State Senate District,12,1,Total Votes,,,430,County,Queens,,false,1,,,94926
5637,161,2024-11-05T00:00:00Z,General,,,,5,State Senator,,215,State Senate District,13,8709,Jessica Ramos,,,430,County,Queens,,true,1,7,Democratic,40572
5637,161,2024-11-05T00:00:00Z,General,,,,5,State Senator,,215,State Senate District,13,8709,Jessica Ramos,,,430,County,Queens,,true,1,10,Working Families,7795
5637,161,2024-11-05T00:00:00Z,General,,,,5,State Senator,,215,State Senate District,13,6,Scattering,,,430,County,Queens,,false,1,,,810
5637,161,2024-11-05T00:00:00Z,General,,,,5,State Senator,,215,State Senate District,13,10,Blank,,,430,County,Queens,,false,1,,,19833
5637,161,2024-11-05T00:00:00Z,General,,,,5,State Senator,,215,State Senate District,13,9,Void,,,430,County,Queens,,false,1,,,217
5637,161,2024-11-05T00:00:00Z,General,,,,5,State Senator,,215,State Senate District,13,1,Total Votes,,,430,County,Queens,,false,1,,,69227
5638,161,2024-11-05T00:00:00Z,General,,,,5,State Senator,,216,State Senate District,14,97,"Leroy G. Comrie, Jr.",,,430,County,Queens,,true,1,7,Democratic,89194
5638,161,2024-11-05T00:00:00Z,General,,,,5,State Senator,,216,State Senate District,14,6,Scattering,,,430,County,Queens,,false,1,,,912
5638,161,2024-11-05T00:00:00Z,General,,,,5,State Senator,,216,State Senate District,14,10,Blank,,,430,County,Queens,,false,1,,,21881
5638,161,2024-11-05T00:00:00Z,General,,,,5,State Senator,,216,State Senate District,14,9,Void,,,430,County,Queens,,false,1,,,532
5638,161,2024-11-05T00:00:00Z,General,,,,5,State Senator,,216,State Senate District,14,1,Total Votes,,,430,County,Queens,,false,1,,,112519
5639,161,2024-11-05T00:00:00Z,General,,,,5,State Senator,,217,State Senate District,15,98,"Joseph P. Addabbo, Jr.",,,67,County,Kings,,true,1,7,Democratic,20
5639,161,2024-11-05T00:00:00Z,General,,,,5,State Senator,,217,State Senate District,15,99,Danniel S. Maio,,,67,County,Kings,,false,1,9,Conservative,0
5639,161,2024-11-05T00:00:00Z,General,,,,5,State Senator,,217,State Senate District,15,6,Scattering,,,67,County,Kings,,false,1,,,0
5639,161,2024-11-05T00:00:00Z,General,,,,5,State Senator,,217,State Senate District,15,10,Blank,,,67,County,Kings,,false,1,,,7
5639,161,2024-11-05T00:00:00Z,General,,,,5,State Senator,,217,State Senate District,15,9,Void,,,67,County,Kings,,false,1,,,0
5639,161,2024-11-05T00:00:00Z,General,,,,5,State Senator,,217,State Senate District,15,1,Total Votes,,,67,County,Kings,,false,1,,,27
5639,161,2024-11-05T00:00:00Z,General,,,,5,State Senator,,217,State Senate District,15,98,"Joseph P. Addabbo, Jr.",,,430,County,Queens,,true,1,7,Democratic,53093
5639,161,2024-11-05T00:00:00Z,General,,,,5,State Senator,,217,State Senate District,15,99,Danniel S. Maio,,,430,County,Queens,,false,1,9,Conservative,15972
5639,161,2024-11-05T00:00:00Z,General,,,,5,State Senator,,217,State Senate District,15,6,Scattering,,,430,County,Queens,,false,1,,,348
5639,161,2024-11-05T00:00:00Z,General,,,,5,State Senator,,217,State Senate District,15,10,Blank,,,430,County,Queens,,false,1,,,23648
5639,161,2024-11-05T00:00:00Z,General,,,,5,State Senator,,217,State Senate District,15,9,Void,,,430,County,Queens,,false,1,,,313
5639,161,2024-11-05T00:00:00Z,General,,,,5,State Senator,,217,State Senate District,15,1,Total Votes,,,430,County,Queens,,false,1,,,93374
5640,161,2024-11-05T00:00:00Z,General,,,,5,State Senator,,218,State Senate District,16,9769,John C. Liu,,,430,County,Queens,,true,1,7,Democratic,43841
5640,161,2024-11-05T00:00:00Z,General,,,,5,State Senator,,218,State Senate District,16,9769,John C. Liu,,,430,County,Queens,,true,1,10,Working Families,4629
5640,161,2024-11-05T00:00:00Z,General,,,,5,State Senator,,218,State Senate District,16,13484,Juan M. Pagan,,,430,County,Queens,,false,1,9,Conservative,12299
5640,161,2024-11-05T00:00:00Z,General,,,,5,State Senator,,218,State Senate District,16,6,Scattering,,,430,County,Queens,,false,1,,,286
5640,161,2024-11-05T00:00:00Z,General,,,,5,State Senator,,218,State Senate District,16,10,Blank,,,430,County,Queens,,false,1,,,18282
5640,161,2024-11-05T00:00:00Z,General,,,,5,State Senator,,218,State Senate District,16,9,Void,,,430,County,Queens,,false,1,,,397
5640,161,2024-11-05T00:00:00Z,General,,,,5,State Senator,,218,State Senate District,16,1,Total Votes,,,430,County,Queens,,false,1,,,79734
5641,161,2024-11-05T00:00:00Z,General,,,,5,State Senator,,219,State Senate District,17,13485,Steve Chan,,,67,County,Kings,,true,1,8,Republican,27938
5641,161,2024-11-05T00:00:00Z,General,,,,5,State Senator,,219,State Senate District,17,13485,Steve Chan,,,67,County,Kings,,true,1,9,Conservative,2930
5641,161,2024-11-05T00:00:00Z,General,,,,5,State Senator,,219,State Senate District,17,102,Iwen Chu,,,67,County,Kings,,false,1,7,Democratic,22679
5641,161,2024-11-05T00:00:00Z,General,,,,5,State Senator,,219,State Senate District,17,102,Iwen Chu,,,67,County,Kings,,false,1,10,Working Families,2685
5641,161,2024-11-05T00:00:00Z,General,,,,5,State Senator,,219,State Senate District,17,6,Scattering,,,67,County,Kings,,false,1,,,240
5641,161,2024-11-05T00:00:00Z,General,,,,5,State Senator,,219,State Senate District,17,10,Blank,,,67,County,Kings,,false,1,,,5094
5641,161,2024-11-05T00:00:00Z,General,,,,5,State Senator,,219,State Senate District,17,9,Void,,,67,County,Kings,,false,1,,,180
5641,161,2024-11-05T00:00:00Z,General,,,,5,State Senator,,219,State Senate District,17,1,Total Votes,,,67,County,Kings,,false,1,,,61746
5642,161,2024-11-05T00:00:00Z,General,,,,5,State Senator,,220,State Senate District,18,8457,Julia Salazar,,,67,County,Kings,,true,1,7,Democratic,51584
5642,161,2024-11-05T00:00:00Z,General,,,,5,State Senator,,220,State Senate District,18,8457,Julia Salazar,,,67,County,Kings,,true,1,10,Working Families,11880
5642,161,2024-11-05T00:00:00Z,General,,,,5,State Senator,,220,State Senate District,18,6,Scattering,,,67,County,Kings,,false,1,,,549
5642,161,2024-11-05T00:00:00Z,General,,,,5,State Senator,,220,State Senate District,18,10,Blank,,,67,County,Kings,,false,1,,,19017
5642,161,2024-11-05T00:00:00Z,General,,,,5,State Senator,,220,State Senate District,18,9,Void,,,67,County,Kings,,false,1,,,356
5642,161,2024-11-05T00:00:00Z,General,,,,5,State Senator,,220,State Senate District,18,1,Total Votes,,,67,County,Kings,,false,1,,,83386
5642,161,2024-11-05T00:00:00Z,General,,,,5,State Senator,,220,State Senate District,18,8457,Julia Salazar,,,430,County,Queens,,true,1,7,Democratic,3216
5642,161,2024-11-05T00:00:00Z,General,,,,5,State Senator,,220,State Senate District,18,8457,Julia Salazar,,,430,County,Queens,,true,1,10,Working Families,1209
5642,161,2024-11-05T00:00:00Z,General,,,,5,State Senator,,220,State Senate District,18,6,Scattering,,,430,County,Queens,,false,1,,,36
5642,161,2024-11-05T00:00:00Z,General,,,,5,State Senator,,220,State Senate District,18,10,Blank,,,430,County,Queens,,false,1,,,1111
5642,161,2024-11-05T00:00:00Z,General,,,,5,State Senator,,220,State Senate District,18,9,Void,,,430,County,Queens,,false,1,,,22
5642,161,2024-11-05T00:00:00Z,General,,,,5,State Senator,,220,State Senate District,18,1,Total Votes,,,430,County,Queens,,false,1,,,5594
5643,161,2024-11-05T00:00:00Z,General,,,,5,State Senator,,221,State Senate District,19,105,Roxanne J. Persaud,,,67,County,Kings,,true,1,7,Democratic,72678
5643,161,2024-11-05T00:00:00Z,General,,,,5,State Senator,,221,State Senate District,19,6,Scattering,,,67,County,Kings,,false,1,,,254
5643,161,2024-11-05T00:00:00Z,General,,,,5,State Senator,,221,State Senate District,19,10,Blank,,,67,County,Kings,,false,1,,,14197
5643,161,2024-11-05T00:00:00Z,General,,,,5,State Senator,,221,State Senate District,19,9,Void,,,67,County,Kings,,false,1,,,86
5643,161,2024-11-05T00:00:00Z,General,,,,5,State Senator,,221,State Senate District,19,1,Total Votes,,,67,County,Kings,,false,1,,,87215
5643,161,2024-11-05T00:00:00Z,General,,,,5,State Senator,,221,State Senate District,19,105,Roxanne J. Persaud,,,430,County,Queens,,true,1,7,Democratic,1333
5643,161,2024-11-05T00:00:00Z,General,,,,5,State Senator,,221,State Senate District,19,6,Scattering,,,430,County,Queens,,false,1,,,59
5643,161,2024-11-05T00:00:00Z,General,,,,5,State Senator,,221,State Senate District,19,10,Blank,,,430,County,Queens,,false,1,,,2772
5643,161,2024-11-05T00:00:00Z,General,,,,5,State Senator,,221,State Senate District,19,9,Void,,,430,County,Queens,,false,1,,,8
5643,161,2024-11-05T00:00:00Z,General,,,,5,State Senator,,221,State Senate District,19,1,Total Votes,,,430,County,Queens,,false,1,,,4172
5644,161,2024-11-05T00:00:00Z,General,,,,5,State Senator,,222,State Senate District,20,106,Zellnor Y. Myrie,,,67,County,Kings,,true,1,7,Democratic,107498
5644,161,2024-11-05T00:00:00Z,General,,,,5,State Senator,,222,State Senate District,20,6,Scattering,,,67,County,Kings,,false,1,,,714
5644,161,2024-11-05T00:00:00Z,General,,,,5,State Senator,,222,State Senate District,20,10,Blank,,,67,County,Kings,,false,1,,,19878
5644,161,2024-11-05T00:00:00Z,General,,,,5,State Senator,,222,State Senate District,20,9,Void,,,67,County,Kings,,false,1,,,874
5644,161,2024-11-05T00:00:00Z,General,,,,5,State Senator,,222,State Senate District,20,1,Total Votes,,,67,County,Kings,,false,1,,,128964
5645,161,2024-11-05T00:00:00Z,General,,,,5,State Senator,,223,State Senate District,21,9994,Kevin S. Parker,,,67,County,Kings,,true,1,7,Democratic,82275
5645,161,2024-11-05T00:00:00Z,General,,,,5,State Senator,,223,State Senate District,21,6,Scattering,,,67,County,Kings,,false,1,,,1307
5645,161,2024-11-05T00:00:00Z,General,,,,5,State Senator,,223,State Senate District,21,10,Blank,,,67,County,Kings,,false,1,,,28062
5645,161,2024-11-05T00:00:00Z,General,,,,5,State Senator,,223,State Senate District,21,9,Void,,,67,County,Kings,,false,1,,,373
5645,161,2024-11-05T00:00:00Z,General,,,,5,State Senator,,223,State Senate District,21,1,Total Votes,,,67,County,Kings,,false,1,,,112017
5646,161,2024-11-05T00:00:00Z,General,,,,5,State Senator,,224,State Senate District,22,3124,Simcha Felder,,,67,County,Kings,,true,1,7,Democratic,21959
5646,161,2024-11-05T00:00:00Z,General,,,,5,State Senator,,224,State Senate District,22,3124,Simcha Felder,,,67,County,Kings,,true,1,8,Republican,46468
5646,161,2024-11-05T00:00:00Z,General,,,,5,State Senator,,224,State Senate District,22,3124,Simcha Felder,,,67,County,Kings,,true,1,9,Conservative,6572
5646,161,2024-11-05T00:00:00Z,General,,,,5,State Senator,,224,State Senate District,22,6,Scattering,,,67,County,Kings,,false,1,,,689
5646,161,2024-11-05T00:00:00Z,General,,,,5,State Senator,,224,State Senate District,22,10,Blank,,,67,County,Kings,,false,1,,,8936
5646,161,2024-11-05T00:00:00Z,General,,,,5,State Senator,,224,State Senate District,22,9,Void,,,67,County,Kings,,false,1,,,632
5646,161,2024-11-05T00:00:00Z,General,,,,5,State Senator,,224,State Senate District,22,1,Total Votes,,,67,County,Kings,,false,1,,,85256
5647,161,2024-11-05T00:00:00Z,General,,,,5,State Senator,,225,State Senate District,23,111,Jessica Scarcella-Spanton,,,67,County,Kings,,false,1,7,Democratic,14728
5647,161,2024-11-05T00:00:00Z,General,,,,5,State Senator,,225,State Senate District,23,1504,Marko Kepi,,,67,County,Kings,,true,1,8,Republican,19626
5647,161,2024-11-05T00:00:00Z,General,,,,5,State Senator,,225,State Senate District,23,6,Scattering,,,67,County,Kings,,false,1,,,132
5647,161,2024-11-05T00:00:00Z,General,,,,5,State Senator,,225,State Senate District,23,10,Blank,,,67,County,Kings,,false,1,,,5444
5647,161,2024-11-05T00:00:00Z,General,,,,5,State Senator,,225,State Senate District,23,9,Void,,,67,County,Kings,,false,1,,,100
5647,161,2024-11-05T00:00:00Z,General,,,,5,State Senator,,225,State Senate District,23,1,Total Votes,,,67,County,Kings,,false,1,,,40030
5647,161,2024-11-05T00:00:00Z,General,,,,5,State Senator,,225,State Senate District,23,111,Jessica Scarcella-Spanton,,,63,County,Richmond,,true,1,7,Democratic,33009
5647,161,2024-11-05T00:00:00Z,General,,,,5,State Senator,,225,State Senate District,23,1504,Marko Kepi,,,63,County,Richmond,,false,1,8,Republican,19075
5647,161,2024-11-05T00:00:00Z,General,,,,5,State Senator,,225,State Senate District,23,6,Scattering,,,63,County,Richmond,,false,1,,,262
5647,161,2024-11-05T00:00:00Z,General,,,,5,State Senator,,225,State Senate District,23,10,Blank,,,63,County,Richmond,,false,1,,,2255
5647,161,2024-11-05T00:00:00Z,General,,,,5,State Senator,,225,State Senate District,23,9,Void,,,63,County,Richmond,,false,1,,,122
5647,161,2024-11-05T00:00:00Z,General,,,,5,State Senator,,225,State Senate District,23,1,Total Votes,,,63,County,Richmond,,false,1,,,54723
5648,161,2024-11-05T00:00:00Z,General,,,,5,State Senator,,226,State Senate District,24,3099,Andrew J. Lanza,,,63,County,Richmond,,true,1,8,Republican,109201
5648,161,2024-11-05T00:00:00Z,General,,,,5,State Senator,,226,State Senate District,24,3099,Andrew J. Lanza,,,63,County,Richmond,,true,1,9,Conservative,11443
5648,161,2024-11-05T00:00:00Z,General,,,,5,State Senator,,226,State Senate District,24,6,Scattering,,,63,County,Richmond,,false,1,,,2167
5648,161,2024-11-05T00:00:00Z,General,,,,5,State Senator,,226,State Senate District,24,10,Blank,,,63,County,Richmond,,false,1,,,23725
5648,161,2024-11-05T00:00:00Z,General,,,,5,State Senator,,226,State Senate District,24,9,Void,,,63,County,Richmond,,false,1,,,325
5648,161,2024-11-05T00:00:00Z,General,,,,5,State Senator,,226,State Senate District,24,1,Total Votes,,,63,County,Richmond,,false,1,,,146861
5649,161,2024-11-05T00:00:00Z,General,,,,5,State Senator,,227,State Senate District,25,114,Jabari Brisport,,,67,County,Kings,,true,1,7,Democratic,90484
5649,161,2024-11-05T00:00:00Z,General,,,,5,State Senator,,227,State Senate District,25,6,Scattering,,,67,County,Kings,,false,1,,,525
5649,161,2024-11-05T00:00:00Z,General,,,,5,State Senator,,227,State Senate District,25,10,Blank,,,67,County,Kings,,false,1,,,16603
5649,161,2024-11-05T00:00:00Z,General,,,,5,State Senator,,227,State Senate District,25,9,Void,,,67,County,Kings,,false,1,,,470
5649,161,2024-11-05T00:00:00Z,General,,,,5,State Senator,,227,State Senate District,25,1,Total Votes,,,67,County,Kings,,false,1,,,108082
5650,161,2024-11-05T00:00:00Z,General,,,,5,State Senator,,228,State Senate District,26,115,Andrew S. Gounardes,,,67,County,Kings,,true,1,7,Democratic,78176
5650,161,2024-11-05T00:00:00Z,General,,,,5,State Senator,,228,State Senate District,26,115,Andrew S. Gounardes,,,67,County,Kings,,true,1,10,Working Families,13231
5650,161,2024-11-05T00:00:00Z,General,,,,5,State Senator,,228,State Senate District,26,103,Vito J. Labella,,,67,County,Kings,,false,1,8,Republican,21445
5650,161,2024-11-05T00:00:00Z,General,,,,5,State Senator,,228,State Senate District,26,103,Vito J. Labella,,,67,County,Kings,,false,1,9,Conservative,3194
5650,161,2024-11-05T00:00:00Z,General,,,,5,State Senator,,228,State Senate District,26,6,Scattering,,,67,County,Kings,,false,1,,,357
5650,161,2024-11-05T00:00:00Z,General,,,,5,State Senator,,228,State Senate District,26,10,Blank,,,67,County,Kings,,false,1,,,7293
5650,161,2024-11-05T00:00:00Z,General,,,,5,State Senator,,228,State Senate District,26,9,Void,,,67,County,Kings,,false,1,,,1220
5650,161,2024-11-05T00:00:00Z,General,,,,5,State Senator,,228,State Senate District,26,1,Total Votes,,,67,County,Kings,,false,1,,,124916
5650,161,2024-11-05T00:00:00Z,General,,,,5,State Senator,,228,State Senate District,26,115,Andrew S. Gounardes,,,68,County,New York ,,false,1,7,Democratic,0
5650,161,2024-11-05T00:00:00Z,General,,,,5,State Senator,,228,State Senate District,26,115,Andrew S. Gounardes,,,68,County,New York ,,false,1,10,Working Families,0
5650,161,2024-11-05T00:00:00Z,General,,,,5,State Senator,,228,State Senate District,26,103,Vito J. Labella,,,68,County,New York ,,false,1,8,Republican,0
5650,161,2024-11-05T00:00:00Z,General,,,,5,State Senator,,228,State Senate District,26,103,Vito J. Labella,,,68,County,New York ,,false,1,9,Conservative,0
5650,161,2024-11-05T00:00:00Z,General,,,,5,State Senator,,228,State Senate District,26,6,Scattering,,,68,County,New York ,,false,1,,,0
5650,161,2024-11-05T00:00:00Z,General,,,,5,State Senator,,228,State Senate District,26,10,Blank,,,68,County,New York ,,false,1,,,0
5650,161,2024-11-05T00:00:00Z,General,,,,5,State Senator,,228,State Senate District,26,9,Void,,,68,County,New York ,,false,1,,,2
5650,161,2024-11-05T00:00:00Z,General,,,,5,State Senator,,228,State Senate District,26,1,Total Votes,,,68,County,New York ,,false,1,,,2
5651,161,2024-11-05T00:00:00Z,General,,,,5,State Senator,,229,State Senate District,27,118,Brian Kavanagh,,,68,County,New York ,,true,1,7,Democratic,79048
5651,161,2024-11-05T00:00:00Z,General,,,,5,State Senator,,229,State Senate District,27,118,Brian Kavanagh,,,68,County,New York ,,true,1,10,Working Families,9169
5651,161,2024-11-05T00:00:00Z,General,,,,5,State Senator,,229,State Senate District,27,6,Scattering,,,68,County,New York ,,false,1,,,807
5651,161,2024-11-05T00:00:00Z,General,,,,5,State Senator,,229,State Senate District,27,10,Blank,,,68,County,New York ,,false,1,,,25534
5651,161,2024-11-05T00:00:00Z,General,,,,5,State Senator,,229,State Senate District,27,9,Void,,,68,County,New York ,,false,1,,,2176
5651,161,2024-11-05T00:00:00Z,General,,,,5,State Senator,,229,State Senate District,27,1,Total Votes,,,68,County,New York ,,false,1,,,116734
5652,161,2024-11-05T00:00:00Z,General,,,,5,State Senator,,230,State Senate District,28,9342,Liz Krueger,,,68,County,New York ,,true,1,7,Democratic,97851
5652,161,2024-11-05T00:00:00Z,General,,,,5,State Senator,,230,State Senate District,28,798,Louis Puliafito,,,68,County,New York ,,false,1,8,Republican,30881
5652,161,2024-11-05T00:00:00Z,General,,,,5,State Senator,,230,State Senate District,28,6,Scattering,,,68,County,New York ,,false,1,,,229
5652,161,2024-11-05T00:00:00Z,General,,,,5,State Senator,,230,State Senate District,28,10,Blank,,,68,County,New York ,,false,1,,,7659
5652,161,2024-11-05T00:00:00Z,General,,,,5,State Senator,,230,State Senate District,28,9,Void,,,68,County,New York ,,false,1,,,2920
5652,161,2024-11-05T00:00:00Z,General,,,,5,State Senator,,230,State Senate District,28,1,Total Votes,,,68,County,New York ,,false,1,,,139540
5653,161,2024-11-05T00:00:00Z,General,,,,5,State Senator,,231,State Senate District,29,122,Jose M. Serrano,,,431,County,Bronx,,true,1,7,Democratic,32127
5653,161,2024-11-05T00:00:00Z,General,,,,5,State Senator,,231,State Senate District,29,122,Jose M. Serrano,,,431,County,Bronx,,true,1,10,Working Families,2249
5653,161,2024-11-05T00:00:00Z,General,,,,5,State Senator,,231,State Senate District,29,316,Tanya Carmichael,,,431,County,Bronx,,false,1,8,Republican,7191
5653,161,2024-11-05T00:00:00Z,General,,,,5,State Senator,,231,State Senate District,29,316,Tanya Carmichael,,,431,County,Bronx,,false,1,9,Conservative,786
5653,161,2024-11-05T00:00:00Z,General,,,,5,State Senator,,231,State Senate District,29,6,Scattering,,,431,County,Bronx,,false,1,,,84
5653,161,2024-11-05T00:00:00Z,General,,,,5,State Senator,,231,State Senate District,29,10,Blank,,,431,County,Bronx,,false,1,,,4686
5653,161,2024-11-05T00:00:00Z,General,,,,5,State Senator,,231,State Senate District,29,9,Void,,,431,County,Bronx,,false,1,,,37
5653,161,2024-11-05T00:00:00Z,General,,,,5,State Senator,,231,State Senate District,29,1,Total Votes,,,431,County,Bronx,,false,1,,,47160
5653,161,2024-11-05T00:00:00Z,General,,,,5,State Senator,,231,State Senate District,29,122,Jose M. Serrano,,,68,County,New York ,,true,1,7,Democratic,28857
5653,161,2024-11-05T00:00:00Z,General,,,,5,State Senator,,231,State Senate District,29,122,Jose M. Serrano,,,68,County,New York ,,true,1,10,Working Families,2484
5653,161,2024-11-05T00:00:00Z,General,,,,5,State Senator,,231,State Senate District,29,316,Tanya Carmichael,,,68,County,New York ,,false,1,8,Republican,6051
5653,161,2024-11-05T00:00:00Z,General,,,,5,State Senator,,231,State Senate District,29,316,Tanya Carmichael,,,68,County,New York ,,false,1,9,Conservative,528
5653,161,2024-11-05T00:00:00Z,General,,,,5,State Senator,,231,State Senate District,29,6,Scattering,,,68,County,New York ,,false,1,,,81
5653,161,2024-11-05T00:00:00Z,General,,,,5,State Senator,,231,State Senate District,29,10,Blank,,,68,County,New York ,,false,1,,,3863
5653,161,2024-11-05T00:00:00Z,General,,,,5,State Senator,,231,State Senate District,29,9,Void,,,68,County,New York ,,false,1,,,404
5653,161,2024-11-05T00:00:00Z,General,,,,5,State Senator,,231,State Senate District,29,1,Total Votes,,,68,County,New York ,,false,1,,,42268
5654,161,2024-11-05T00:00:00Z,General,,,,5,State Senator,,232,State Senate District,30,123,Cordell Cleare,,,68,County,New York ,,true,1,7,Democratic,80476
5654,161,2024-11-05T00:00:00Z,General,,,,5,State Senator,,232,State Senate District,30,123,Cordell Cleare,,,68,County,New York ,,true,1,10,Working Families,10047
5654,161,2024-11-05T00:00:00Z,General,,,,5,State Senator,,232,State Senate District,30,6,Scattering,,,68,County,New York ,,false,1,,,427
5654,161,2024-11-05T00:00:00Z,General,,,,5,State Senator,,232,State Senate District,30,10,Blank,,,68,County,New York ,,false,1,,,19709
5654,161,2024-11-05T00:00:00Z,General,,,,5,State Senator,,232,State Senate District,30,9,Void,,,68,County,New York ,,false,1,,,1024
5654,161,2024-11-05T00:00:00Z,General,,,,5,State Senator,,232,State Senate District,30,1,Total Votes,,,68,County,New York ,,false,1,,,111683
5655,161,2024-11-05T00:00:00Z,General,,,,5,State Senator,,233,State Senate District,31,9168,Robert Jackson,,,431,County,Bronx,,true,1,7,Democratic,19102
5655,161,2024-11-05T00:00:00Z,General,,,,5,State Senator,,233,State Senate District,31,9168,Robert Jackson,,,431,County,Bronx,,true,1,10,Working Families,2101
5655,161,2024-11-05T00:00:00Z,General,,,,5,State Senator,,233,State Senate District,31,6,Scattering,,,431,County,Bronx,,false,1,,,130
5655,161,2024-11-05T00:00:00Z,General,,,,5,State Senator,,233,State Senate District,31,10,Blank,,,431,County,Bronx,,false,1,,,9666
5655,161,2024-11-05T00:00:00Z,General,,,,5,State Senator,,233,State Senate District,31,9,Void,,,431,County,Bronx,,false,1,,,124
5655,161,2024-11-05T00:00:00Z,General,,,,5,State Senator,,233,State Senate District,31,1,Total Votes,,,431,County,Bronx,,false,1,,,31123
5655,161,2024-11-05T00:00:00Z,General,,,,5,State Senator,,233,State Senate District,31,9168,Robert Jackson,,,68,County,New York ,,true,1,7,Democratic,41986
5655,161,2024-11-05T00:00:00Z,General,,,,5,State Senator,,233,State Senate District,31,9168,Robert Jackson,,,68,County,New York ,,true,1,10,Working Families,7105
5655,161,2024-11-05T00:00:00Z,General,,,,5,State Senator,,233,State Senate District,31,6,Scattering,,,68,County,New York ,,false,1,,,346
5655,161,2024-11-05T00:00:00Z,General,,,,5,State Senator,,233,State Senate District,31,10,Blank,,,68,County,New York ,,false,1,,,16499
5655,161,2024-11-05T00:00:00Z,General,,,,5,State Senator,,233,State Senate District,31,9,Void,,,68,County,New York ,,false,1,,,532
5655,161,2024-11-05T00:00:00Z,General,,,,5,State Senator,,233,State Senate District,31,1,Total Votes,,,68,County,New York ,,false,1,,,66468
5656,161,2024-11-05T00:00:00Z,General,,,,5,State Senator,,234,State Senate District,32,126,Luis R. Sepulveda,,,431,County,Bronx,,true,1,7,Democratic,45549
5656,161,2024-11-05T00:00:00Z,General,,,,5,State Senator,,234,State Senate District,32,13486,Bernadette E. Stroud,,,431,County,Bronx,,false,1,8,Republican,10749
5656,161,2024-11-05T00:00:00Z,General,,,,5,State Senator,,234,State Senate District,32,13486,Bernadette E. Stroud,,,431,County,Bronx,,false,1,9,Conservative,1233
5656,161,2024-11-05T00:00:00Z,General,,,,5,State Senator,,234,State Senate District,32,6,Scattering,,,431,County,Bronx,,false,1,,,125
5656,161,2024-11-05T00:00:00Z,General,,,,5,State Senator,,234,State Senate District,32,10,Blank,,,431,County,Bronx,,false,1,,,8131
5656,161,2024-11-05T00:00:00Z,General,,,,5,State Senator,,234,State Senate District,32,9,Void,,,431,County,Bronx,,false,1,,,56
5656,161,2024-11-05T00:00:00Z,General,,,,5,State Senator,,234,State Senate District,32,1,Total Votes,,,431,County,Bronx,,false,1,,,65843
5657,161,2024-11-05T00:00:00Z,General,,,,5,State Senator,,235,State Senate District,33,8682,J. Gustavo Rivera,,,431,County,Bronx,,true,1,7,Democratic,47793
5657,161,2024-11-05T00:00:00Z,General,,,,5,State Senator,,235,State Senate District,33,8682,J. Gustavo Rivera,,,431,County,Bronx,,true,1,10,Working Families,3842
5657,161,2024-11-05T00:00:00Z,General,,,,5,State Senator,,235,State Senate District,33,13487,Dion J. Powell,,,431,County,Bronx,,false,1,8,Republican,15868
5657,161,2024-11-05T00:00:00Z,General,,,,5,State Senator,,235,State Senate District,33,13487,Dion J. Powell,,,431,County,Bronx,,false,1,9,Conservative,1435
5657,161,2024-11-05T00:00:00Z,General,,,,5,State Senator,,235,State Senate District,33,6,Scattering,,,431,County,Bronx,,false,1,,,194
5657,161,2024-11-05T00:00:00Z,General,,,,5,State Senator,,235,State Senate District,33,10,Blank,,,431,County,Bronx,,false,1,,,8098
5657,161,2024-11-05T00:00:00Z,General,,,,5,State Senator,,235,State Senate District,33,9,Void,,,431,County,Bronx,,false,1,,,347
5657,161,2024-11-05T00:00:00Z,General,,,,5,State Senator,,235,State Senate District,33,1,Total Votes,,,431,County,Bronx,,false,1,,,77577
5658,161,2024-11-05T00:00:00Z,General,,,,5,State Senator,,236,State Senate District,34,130,Nathalia Fernandez,,,431,County,Bronx,,true,1,7,Democratic,43150
5658,161,2024-11-05T00:00:00Z,General,,,,5,State Senator,,236,State Senate District,34,13488,Edwinna Herrera,,,431,County,Bronx,,false,1,8,Republican,18846
5658,161,2024-11-05T00:00:00Z,General,,,,5,State Senator,,236,State Senate District,34,13488,Edwinna Herrera,,,431,County,Bronx,,false,1,9,Conservative,1980
5658,161,2024-11-05T00:00:00Z,General,,,,5,State Senator,,236,State Senate District,34,6,Scattering,,,431,County,Bronx,,false,1,,,200
5658,161,2024-11-05T00:00:00Z,General,,,,5,State Senator,,236,State Senate District,34,10,Blank,,,431,County,Bronx,,false,1,,,7043
5658,161,2024-11-05T00:00:00Z,General,,,,5,State Senator,,236,State Senate District,34,9,Void,,,431,County,Bronx,,false,1,,,112
5658,161,2024-11-05T00:00:00Z,General,,,,5,State Senator,,236,State Senate District,34,1,Total Votes,,,431,County,Bronx,,false,1,,,71331
5658,161,2024-11-05T00:00:00Z,General,,,,5,State Senator,,236,State Senate District,34,130,Nathalia Fernandez,,,432,County,Westchester,,true,1,7,Democratic,15177
5658,161,2024-11-05T00:00:00Z,General,,,,5,State Senator,,236,State Senate District,34,13488,Edwinna Herrera,,,432,County,Westchester,,false,1,8,Republican,6549
5658,161,2024-11-05T00:00:00Z,General,,,,5,State Senator,,236,State Senate District,34,13488,Edwinna Herrera,,,432,County,Westchester,,false,1,9,Conservative,533
5658,161,2024-11-05T00:00:00Z,General,,,,5,State Senator,,236,State Senate District,34,6,Scattering,,,432,County,Westchester,,false,1,,,8
5658,161,2024-11-05T00:00:00Z,General,,,,5,State Senator,,236,State Senate District,34,10,Blank,,,432,County,Westchester,,false,1,,,2384
5658,161,2024-11-05T00:00:00Z,General,,,,5,State Senator,,236,State Senate District,34,9,Void,,,432,County,Westchester,,false,1,,,0
5658,161,2024-11-05T00:00:00Z,General,,,,5,State Senator,,236,State Senate District,34,1,Total Votes,,,432,County,Westchester,,false,1,,,24651
5659,161,2024-11-05T00:00:00Z,General,,,,5,State Senator,,237,State Senate District,35,12352,Andrea Stewart-Cousins,,,432,County,Westchester,,true,1,7,Democratic,77106
5659,161,2024-11-05T00:00:00Z,General,,,,5,State Senator,,237,State Senate District,35,12352,Andrea Stewart-Cousins,,,432,County,Westchester,,true,1,10,Working Families,4148
5659,161,2024-11-05T00:00:00Z,General,,,,5,State Senator,,237,State Senate District,35,133,Khristen M. Kerr,,,432,County,Westchester,,false,1,8,Republican,41541
5659,161,2024-11-05T00:00:00Z,General,,,,5,State Senator,,237,State Senate District,35,6,Scattering,,,432,County,Westchester,,false,1,,,55
5659,161,2024-11-05T00:00:00Z,General,,,,5,State Senator,,237,State Senate District,35,10,Blank,,,432,County,Westchester,,false,1,,,10589
5659,161,2024-11-05T00:00:00Z,General,,,,5,State Senator,,237,State Senate District,35,1,Total Votes,,,432,County,Westchester,,false,1,,,133439
5660,161,2024-11-05T00:00:00Z,General,,,,5,State Senator,,238,State Senate District,36,134,Jamaal T. Bailey,,,431,County,Bronx,,true,1,7,Democratic,58190
5660,161,2024-11-05T00:00:00Z,General,,,,5,State Senator,,238,State Senate District,36,13489,Irene Estrada,,,431,County,Bronx,,false,1,9,Conservative,5494
5660,161,2024-11-05T00:00:00Z,General,,,,5,State Senator,,238,State Senate District,36,6,Scattering,,,431,County,Bronx,,false,1,,,127
5660,161,2024-11-05T00:00:00Z,General,,,,5,State Senator,,238,State Senate District,36,10,Blank,,,431,County,Bronx,,false,1,,,10359
5660,161,2024-11-05T00:00:00Z,General,,,,5,State Senator,,238,State Senate District,36,9,Void,,,431,County,Bronx,,false,1,,,141
5660,161,2024-11-05T00:00:00Z,General,,,,5,State Senator,,238,State Senate District,36,1,Total Votes,,,431,County,Bronx,,false,1,,,74311
5660,161,2024-11-05T00:00:00Z,General,,,,5,State Senator,,238,State Senate District,36,134,Jamaal T. Bailey,,,432,County,Westchester,,true,1,7,Democratic,19404
5660,161,2024-11-05T00:00:00Z,General,,,,5,State Senator,,238,State Senate District,36,13489,Irene Estrada,,,432,County,Westchester,,false,1,9,Conservative,1592
5660,161,2024-11-05T00:00:00Z,General,,,,5,State Senator,,238,State Senate District,36,6,Scattering,,,432,County,Westchester,,false,1,,,6
5660,161,2024-11-05T00:00:00Z,General,,,,5,State Senator,,238,State Senate District,36,10,Blank,,,432,County,Westchester,,false,1,,,4269
5660,161,2024-11-05T00:00:00Z,General,,,,5,State Senator,,238,State Senate District,36,9,Void,,,432,County,Westchester,,false,1,,,0
5660,161,2024-11-05T00:00:00Z,General,,,,5,State Senator,,238,State Senate District,36,1,Total Votes,,,432,County,Westchester,,false,1,,,25271
5661,161,2024-11-05T00:00:00Z,General,,,,5,State Senator,,239,State Senate District,37,135,Shelley B. Mayer,,,432,County,Westchester,,true,1,7,Democratic,87008
5661,161,2024-11-05T00:00:00Z,General,,,,5,State Senator,,239,State Senate District,37,135,Shelley B. Mayer,,,432,County,Westchester,,true,1,10,Working Families,3873
5661,161,2024-11-05T00:00:00Z,General,,,,5,State Senator,,239,State Senate District,37,13490,Tricia S. Lindsay,,,432,County,Westchester,,false,1,8,Republican,52077
5661,161,2024-11-05T00:00:00Z,General,,,,5,State Senator,,239,State Senate District,37,13490,Tricia S. Lindsay,,,432,County,Westchester,,false,1,9,Conservative,4207
5661,161,2024-11-05T00:00:00Z,General,,,,5,State Senator,,239,State Senate District,37,6,Scattering,,,432,County,Westchester,,false,1,,,59
5661,161,2024-11-05T00:00:00Z,General,,,,5,State Senator,,239,State Senate District,37,10,Blank,,,432,County,Westchester,,false,1,,,11376
5661,161,2024-11-05T00:00:00Z,General,,,,5,State Senator,,239,State Senate District,37,1,Total Votes,,,432,County,Westchester,,false,1,,,158600
5662,161,2024-11-05T00:00:00Z,General,,,,5,State Senator,,240,State Senate District,38,700,"William J. Weber, Jr.",,,40,County,Rockland,,true,1,8,Republican,63428
5662,161,2024-11-05T00:00:00Z,General,,,,5,State Senator,,240,State Senate District,38,700,"William J. Weber, Jr.",,,40,County,Rockland,,true,1,9,Conservative,5850
5662,161,2024-11-05T00:00:00Z,General,,,,5,State Senator,,240,State Senate District,38,13491,Elijah A. Reichlin-Melnick,,,40,County,Rockland,,false,1,7,Democratic,59750
5662,161,2024-11-05T00:00:00Z,General,,,,5,State Senator,,240,State Senate District,38,13492,Barbara J. Francis,,,40,County,Rockland,,false,1,10,Working Families,3099
5662,161,2024-11-05T00:00:00Z,General,,,,5,State Senator,,240,State Senate District,38,6,Scattering,,,40,County,Rockland,,false,1,,,159
5662,161,2024-11-05T00:00:00Z,General,,,,5,State Senator,,240,State Senate District,38,10,Blank,,,40,County,Rockland,,false,1,,,10176
5662,161,2024-11-05T00:00:00Z,General,,,,5,State Senator,,240,State Senate District,38,9,Void,,,40,County,Rockland,,false,1,,,394
5662,161,2024-11-05T00:00:00Z,General,,,,5,State Senator,,240,State Senate District,38,1,Total Votes,,,40,County,Rockland,,false,1,,,142856
5663,161,2024-11-05T00:00:00Z,General,,,,5,State Senator,,241,State Senate District,39,140,Rob Rolison,,,14,County,Dutchess,,true,1,8,Republican,47825
5663,161,2024-11-05T00:00:00Z,General,,,,5,State Senator,,241,State Senate District,39,140,Rob Rolison,,,14,County,Dutchess,,true,1,9,Conservative,5994
5663,161,2024-11-05T00:00:00Z,General,,,,5,State Senator,,241,State Senate District,39,13493,Yvette Valdes Smith,,,14,County,Dutchess,,false,1,7,Democratic,46262
5663,161,2024-11-05T00:00:00Z,General,,,,5,State Senator,,241,State Senate District,39,13493,Yvette Valdes Smith,,,14,County,Dutchess,,false,1,10,Working Families,4013
5663,161,2024-11-05T00:00:00Z,General,,,,5,State Senator,,241,State Senate District,39,6,Scattering,,,14,County,Dutchess,,false,1,,,43
5663,161,2024-11-05T00:00:00Z,General,,,,5,State Senator,,241,State Senate District,39,10,Blank,,,14,County,Dutchess,,false,1,,,4987
5663,161,2024-11-05T00:00:00Z,General,,,,5,State Senator,,241,State Senate District,39,9,Void,,,14,County,Dutchess,,false,1,,,61
5663,161,2024-11-05T00:00:00Z,General,,,,5,State Senator,,241,State Senate District,39,1,Total Votes,,,14,County,Dutchess,,false,1,,,109185
5663,161,2024-11-05T00:00:00Z,General,,,,5,State Senator,,241,State Senate District,39,140,Rob Rolison,,,34,County,Orange,,false,1,8,Republican,14171
5663,161,2024-11-05T00:00:00Z,General,,,,5,State Senator,,241,State Senate District,39,140,Rob Rolison,,,34,County,Orange,,false,1,9,Conservative,1633
5663,161,2024-11-05T00:00:00Z,General,,,,5,State Senator,,241,State Senate District,39,13493,Yvette Valdes Smith,,,34,County,Orange,,true,1,7,Democratic,15327
5663,161,2024-11-05T00:00:00Z,General,,,,5,State Senator,,241,State Senate District,39,13493,Yvette Valdes Smith,,,34,County,Orange,,true,1,10,Working Families,1307
5663,161,2024-11-05T00:00:00Z,General,,,,5,State Senator,,241,State Senate District,39,6,Scattering,,,34,County,Orange,,false,1,,,18
5663,161,2024-11-05T00:00:00Z,General,,,,5,State Senator,,241,State Senate District,39,10,Blank,,,34,County,Orange,,false,1,,,2713
5663,161,2024-11-05T00:00:00Z,General,,,,5,State Senator,,241,State Senate District,39,9,Void,,,34,County,Orange,,false,1,,,15
5663,161,2024-11-05T00:00:00Z,General,,,,5,State Senator,,241,State Senate District,39,1,Total Votes,,,34,County,Orange,,false,1,,,35184
5663,161,2024-11-05T00:00:00Z,General,,,,5,State Senator,,241,State Senate District,39,140,Rob Rolison,,,38,County,Putnam,,false,1,8,Republican,5316
5663,161,2024-11-05T00:00:00Z,General,,,,5,State Senator,,241,State Senate District,39,140,Rob Rolison,,,38,County,Putnam,,false,1,9,Conservative,655
5663,161,2024-11-05T00:00:00Z,General,,,,5,State Senator,,241,State Senate District,39,13493,Yvette Valdes Smith,,,38,County,Putnam,,true,1,7,Democratic,6167
5663,161,2024-11-05T00:00:00Z,General,,,,5,State Senator,,241,State Senate District,39,13493,Yvette Valdes Smith,,,38,County,Putnam,,true,1,10,Working Families,444
5663,161,2024-11-05T00:00:00Z,General,,,,5,State Senator,,241,State Senate District,39,6,Scattering,,,38,County,Putnam,,false,1,,,2
5663,161,2024-11-05T00:00:00Z,General,,,,5,State Senator,,241,State Senate District,39,10,Blank,,,38,County,Putnam,,false,1,,,634
5663,161,2024-11-05T00:00:00Z,General,,,,5,State Senator,,241,State Senate District,39,9,Void,,,38,County,Putnam,,false,1,,,7
5663,161,2024-11-05T00:00:00Z,General,,,,5,State Senator,,241,State Senate District,39,1,Total Votes,,,38,County,Putnam,,false,1,,,13225
5664,161,2024-11-05T00:00:00Z,General,,,,5,State Senator,,242,State Senate District,40,141,Peter B. Harckham,,,38,County,Putnam,,false,1,7,Democratic,15286
5664,161,2024-11-05T00:00:00Z,General,,,,5,State Senator,,242,State Senate District,40,141,Peter B. Harckham,,,38,County,Putnam,,false,1,10,Working Families,932
5664,161,2024-11-05T00:00:00Z,General,,,,5,State Senator,,242,State Senate District,40,142,Gina M. Arena,,,38,County,Putnam,,true,1,8,Republican,22417
5664,161,2024-11-05T00:00:00Z,General,,,,5,State Senator,,242,State Senate District,40,142,Gina M. Arena,,,38,County,Putnam,,true,1,9,Conservative,2324
5664,161,2024-11-05T00:00:00Z,General,,,,5,State Senator,,242,State Senate District,40,6,Scattering,,,38,County,Putnam,,false,1,,,11
5664,161,2024-11-05T00:00:00Z,General,,,,5,State Senator,,242,State Senate District,40,10,Blank,,,38,County,Putnam,,false,1,,,2216
5664,161,2024-11-05T00:00:00Z,General,,,,5,State Senator,,242,State Senate District,40,9,Void,,,38,County,Putnam,,false,1,,,10
5664,161,2024-11-05T00:00:00Z,General,,,,5,State Senator,,242,State Senate District,40,1,Total Votes,,,38,County,Putnam,,false,1,,,43196
5664,161,2024-11-05T00:00:00Z,General,,,,5,State Senator,,242,State Senate District,40,141,Peter B. Harckham,,,40,County,Rockland,,false,1,7,Democratic,2836
5664,161,2024-11-05T00:00:00Z,General,,,,5,State Senator,,242,State Senate District,40,141,Peter B. Harckham,,,40,County,Rockland,,false,1,10,Working Families,152
5664,161,2024-11-05T00:00:00Z,General,,,,5,State Senator,,242,State Senate District,40,142,Gina M. Arena,,,40,County,Rockland,,true,1,8,Republican,4282
5664,161,2024-11-05T00:00:00Z,General,,,,5,State Senator,,242,State Senate District,40,142,Gina M. Arena,,,40,County,Rockland,,true,1,9,Conservative,468
5664,161,2024-11-05T00:00:00Z,General,,,,5,State Senator,,242,State Senate District,40,6,Scattering,,,40,County,Rockland,,false,1,,,3
5664,161,2024-11-05T00:00:00Z,General,,,,5,State Senator,,242,State Senate District,40,10,Blank,,,40,County,Rockland,,false,1,,,703
5664,161,2024-11-05T00:00:00Z,General,,,,5,State Senator,,242,State Senate District,40,9,Void,,,40,County,Rockland,,false,1,,,3
5664,161,2024-11-05T00:00:00Z,General,,,,5,State Senator,,242,State Senate District,40,1,Total Votes,,,40,County,Rockland,,false,1,,,8447
5664,161,2024-11-05T00:00:00Z,General,,,,5,State Senator,,242,State Senate District,40,141,Peter B. Harckham,,,432,County,Westchester,,true,1,7,Democratic,65966
5664,161,2024-11-05T00:00:00Z,General,,,,5,State Senator,,242,State Senate District,40,141,Peter B. Harckham,,,432,County,Westchester,,true,1,10,Working Families,3410
5664,161,2024-11-05T00:00:00Z,General,,,,5,State Senator,,242,State Senate District,40,142,Gina M. Arena,,,432,County,Westchester,,false,1,8,Republican,43052
5664,161,2024-11-05T00:00:00Z,General,,,,5,State Senator,,242,State Senate District,40,142,Gina M. Arena,,,432,County,Westchester,,false,1,9,Conservative,4117
5664,161,2024-11-05T00:00:00Z,General,,,,5,State Senator,,242,State Senate District,40,6,Scattering,,,432,County,Westchester,,false,1,,,45
5664,161,2024-11-05T00:00:00Z,General,,,,5,State Senator,,242,State Senate District,40,10,Blank,,,432,County,Westchester,,false,1,,,6430
5664,161,2024-11-05T00:00:00Z,General,,,,5,State Senator,,242,State Senate District,40,9,Void,,,432,County,Westchester,,false,1,,,0
5664,161,2024-11-05T00:00:00Z,General,,,,5,State Senator,,242,State Senate District,40,1,Total Votes,,,432,County,Westchester,,false,1,,,123020
5665,161,2024-11-05T00:00:00Z,General,,,,5,State Senator,,243,State Senate District,41,143,Michelle Hinchey,,,11,County,Columbia,,true,1,7,Democratic,18148
5665,161,2024-11-05T00:00:00Z,General,,,,5,State Senator,,243,State Senate District,41,143,Michelle Hinchey,,,11,County,Columbia,,true,1,10,Working Families,2482
5665,161,2024-11-05T00:00:00Z,General,,,,5,State Senator,,243,State Senate District,41,368,Patrick Sheehan,,,11,County,Columbia,,false,1,8,Republican,12636
5665,161,2024-11-05T00:00:00Z,General,,,,5,State Senator,,243,State Senate District,41,368,Patrick Sheehan,,,11,County,Columbia,,false,1,9,Conservative,1972
5665,161,2024-11-05T00:00:00Z,General,,,,5,State Senator,,243,State Senate District,41,6,Scattering,,,11,County,Columbia,,false,1,,,25
5665,161,2024-11-05T00:00:00Z,General,,,,5,State Senator,,243,State Senate District,41,10,Blank,,,11,County,Columbia,,false,1,,,901
5665,161,2024-11-05T00:00:00Z,General,,,,5,State Senator,,243,State Senate District,41,9,Void,,,11,County,Columbia,,false,1,,,16
5665,161,2024-11-05T00:00:00Z,General,,,,5,State Senator,,243,State Senate District,41,1,Total Votes,,,11,County,Columbia,,false,1,,,36180
5665,161,2024-11-05T00:00:00Z,General,,,,5,State Senator,,243,State Senate District,41,143,Michelle Hinchey,,,14,County,Dutchess,,true,1,7,Democratic,21751
5665,161,2024-11-05T00:00:00Z,General,,,,5,State Senator,,243,State Senate District,41,143,Michelle Hinchey,,,14,County,Dutchess,,true,1,10,Working Families,2279
5665,161,2024-11-05T00:00:00Z,General,,,,5,State Senator,,243,State Senate District,41,368,Patrick Sheehan,,,14,County,Dutchess,,false,1,8,Republican,16942
5665,161,2024-11-05T00:00:00Z,General,,,,5,State Senator,,243,State Senate District,41,368,Patrick Sheehan,,,14,County,Dutchess,,false,1,9,Conservative,2128
5665,161,2024-11-05T00:00:00Z,General,,,,5,State Senator,,243,State Senate District,41,6,Scattering,,,14,County,Dutchess,,false,1,,,18
5665,161,2024-11-05T00:00:00Z,General,,,,5,State Senator,,243,State Senate District,41,10,Blank,,,14,County,Dutchess,,false,1,,,1724
5665,161,2024-11-05T00:00:00Z,General,,,,5,State Senator,,243,State Senate District,41,9,Void,,,14,County,Dutchess,,false,1,,,11
5665,161,2024-11-05T00:00:00Z,General,,,,5,State Senator,,243,State Senate District,41,1,Total Votes,,,14,County,Dutchess,,false,1,,,44853
5665,161,2024-11-05T00:00:00Z,General,,,,5,State Senator,,243,State Senate District,41,143,Michelle Hinchey,,,20,County,Greene,,false,1,7,Democratic,9665
5665,161,2024-11-05T00:00:00Z,General,,,,5,State Senator,,243,State Senate District,41,143,Michelle Hinchey,,,20,County,Greene,,false,1,10,Working Families,1533
5665,161,2024-11-05T00:00:00Z,General,,,,5,State Senator,,243,State Senate District,41,368,Patrick Sheehan,,,20,County,Greene,,true,1,8,Republican,11779
5665,161,2024-11-05T00:00:00Z,General,,,,5,State Senator,,243,State Senate District,41,368,Patrick Sheehan,,,20,County,Greene,,true,1,9,Conservative,1689
5665,161,2024-11-05T00:00:00Z,General,,,,5,State Senator,,243,State Senate District,41,6,Scattering,,,20,County,Greene,,false,1,,,12
5665,161,2024-11-05T00:00:00Z,General,,,,5,State Senator,,243,State Senate District,41,10,Blank,,,20,County,Greene,,false,1,,,924
5665,161,2024-11-05T00:00:00Z,General,,,,5,State Senator,,243,State Senate District,41,9,Void,,,20,County,Greene,,false,1,,,7
5665,161,2024-11-05T00:00:00Z,General,,,,5,State Senator,,243,State Senate District,41,1,Total Votes,,,20,County,Greene,,false,1,,,25609
5665,161,2024-11-05T00:00:00Z,General,,,,5,State Senator,,243,State Senate District,41,143,Michelle Hinchey,,,52,County,Ulster,,true,1,7,Democratic,39040
5665,161,2024-11-05T00:00:00Z,General,,,,5,State Senator,,243,State Senate District,41,143,Michelle Hinchey,,,52,County,Ulster,,true,1,10,Working Families,7256
5665,161,2024-11-05T00:00:00Z,General,,,,5,State Senator,,243,State Senate District,41,368,Patrick Sheehan,,,52,County,Ulster,,false,1,8,Republican,21368
5665,161,2024-11-05T00:00:00Z,General,,,,5,State Senator,,243,State Senate District,41,368,Patrick Sheehan,,,52,County,Ulster,,false,1,9,Conservative,3508
5665,161,2024-11-05T00:00:00Z,General,,,,5,State Senator,,243,State Senate District,41,6,Scattering,,,52,County,Ulster,,false,1,,,29
5665,161,2024-11-05T00:00:00Z,General,,,,5,State Senator,,243,State Senate District,41,10,Blank,,,52,County,Ulster,,false,1,,,2388
5665,161,2024-11-05T00:00:00Z,General,,,,5,State Senator,,243,State Senate District,41,9,Void,,,52,County,Ulster,,false,1,,,34
5665,161,2024-11-05T00:00:00Z,General,,,,5,State Senator,,243,State Senate District,41,1,Total Votes,,,52,County,Ulster,,false,1,,,73623
5666,161,2024-11-05T00:00:00Z,General,,,,5,State Senator,,244,State Senate District,42,145,James G. Skoufis,,,34,County,Orange,,true,1,7,Democratic,68764
5666,161,2024-11-05T00:00:00Z,General,,,,5,State Senator,,244,State Senate District,42,145,James G. Skoufis,,,34,County,Orange,,true,1,10,Working Families,4656
5666,161,2024-11-05T00:00:00Z,General,,,,5,State Senator,,244,State Senate District,42,13494,Dorey F. Houle,,,34,County,Orange,,false,1,8,Republican,54614
5666,161,2024-11-05T00:00:00Z,General,,,,5,State Senator,,244,State Senate District,42,13495,Timothy Mitts,,,34,County,Orange,,false,1,9,Conservative,6694
5666,161,2024-11-05T00:00:00Z,General,,,,5,State Senator,,244,State Senate District,42,6,Scattering,,,34,County,Orange,,false,1,,,77
5666,161,2024-11-05T00:00:00Z,General,,,,5,State Senator,,244,State Senate District,42,10,Blank,,,34,County,Orange,,false,1,,,8032
5666,161,2024-11-05T00:00:00Z,General,,,,5,State Senator,,244,State Senate District,42,9,Void,,,34,County,Orange,,false,1,,,214
5666,161,2024-11-05T00:00:00Z,General,,,,5,State Senator,,244,State Senate District,42,1,Total Votes,,,34,County,Orange,,false,1,,,143051
5667,161,2024-11-05T00:00:00Z,General,,,,5,State Senator,,245,State Senate District,43,13497,Jake Ashby,,,2,County,Albany,,false,1,8,Republican,22677
5667,161,2024-11-05T00:00:00Z,General,,,,5,State Senator,,245,State Senate District,43,13497,Jake Ashby,,,2,County,Albany,,false,1,9,Conservative,3135
5667,161,2024-11-05T00:00:00Z,General,,,,5,State Senator,,245,State Senate District,43,13496,Alvin Gamble,,,2,County,Albany,,true,1,7,Democratic,28799
5667,161,2024-11-05T00:00:00Z,General,,,,5,State Senator,,245,State Senate District,43,6,Scattering,,,2,County,Albany,,false,1,,,61
5667,161,2024-11-05T00:00:00Z,General,,,,5,State Senator,,245,State Senate District,43,10,Blank,,,2,County,Albany,,false,1,,,3082
5667,161,2024-11-05T00:00:00Z,General,,,,5,State Senator,,245,State Senate District,43,9,Void,,,2,County,Albany,,false,1,,,29
5667,161,2024-11-05T00:00:00Z,General,,,,5,State Senator,,245,State Senate District,43,1,Total Votes,,,2,County,Albany,,false,1,,,57783
5667,161,2024-11-05T00:00:00Z,General,,,,5,State Senator,,245,State Senate District,43,13497,Jake Ashby,,,39,County,Rensselaer ,,true,1,8,Republican,36838
5667,161,2024-11-05T00:00:00Z,General,,,,5,State Senator,,245,State Senate District,43,13497,Jake Ashby,,,39,County,Rensselaer ,,true,1,9,Conservative,7217
5667,161,2024-11-05T00:00:00Z,General,,,,5,State Senator,,245,State Senate District,43,13496,Alvin Gamble,,,39,County,Rensselaer ,,false,1,7,Democratic,32650
5667,161,2024-11-05T00:00:00Z,General,,,,5,State Senator,,245,State Senate District,43,6,Scattering,,,39,County,Rensselaer ,,false,1,,,43
5667,161,2024-11-05T00:00:00Z,General,,,,5,State Senator,,245,State Senate District,43,10,Blank,,,39,County,Rensselaer ,,false,1,,,2851
5667,161,2024-11-05T00:00:00Z,General,,,,5,State Senator,,245,State Senate District,43,9,Void,,,39,County,Rensselaer ,,false,1,,,13
5667,161,2024-11-05T00:00:00Z,General,,,,5,State Senator,,245,State Senate District,43,1,Total Votes,,,39,County,Rensselaer ,,false,1,,,79612
5667,161,2024-11-05T00:00:00Z,General,,,,5,State Senator,,245,State Senate District,43,13497,Jake Ashby,,,54,County,Washington,,true,1,8,Republican,10309
5667,161,2024-11-05T00:00:00Z,General,,,,5,State Senator,,245,State Senate District,43,13497,Jake Ashby,,,54,County,Washington,,true,1,9,Conservative,1551
5667,161,2024-11-05T00:00:00Z,General,,,,5,State Senator,,245,State Senate District,43,13496,Alvin Gamble,,,54,County,Washington,,false,1,7,Democratic,6375
5667,161,2024-11-05T00:00:00Z,General,,,,5,State Senator,,245,State Senate District,43,6,Scattering,,,54,County,Washington,,false,1,,,8
5667,161,2024-11-05T00:00:00Z,General,,,,5,State Senator,,245,State Senate District,43,10,Blank,,,54,County,Washington,,false,1,,,892
5667,161,2024-11-05T00:00:00Z,General,,,,5,State Senator,,245,State Senate District,43,9,Void,,,54,County,Washington,,false,1,,,13
5667,161,2024-11-05T00:00:00Z,General,,,,5,State Senator,,245,State Senate District,43,1,Total Votes,,,54,County,Washington,,false,1,,,19148
5668,161,2024-11-05T00:00:00Z,General,,,,5,State Senator,,246,State Senate District,44,150,James N. Tedisco,,,42,County,Saratoga,,true,1,8,Republican,68911
5668,161,2024-11-05T00:00:00Z,General,,,,5,State Senator,,246,State Senate District,44,150,James N. Tedisco,,,42,County,Saratoga,,true,1,9,Conservative,9269
5668,161,2024-11-05T00:00:00Z,General,,,,5,State Senator,,246,State Senate District,44,13498,Minita J. Sanghvi,,,42,County,Saratoga,,false,1,7,Democratic,46473
5668,161,2024-11-05T00:00:00Z,General,,,,5,State Senator,,246,State Senate District,44,13498,Minita J. Sanghvi,,,42,County,Saratoga,,false,1,10,Working Families,3497
5668,161,2024-11-05T00:00:00Z,General,,,,5,State Senator,,246,State Senate District,44,6,Scattering,,,42,County,Saratoga,,false,1,,,49
5668,161,2024-11-05T00:00:00Z,General,,,,5,State Senator,,246,State Senate District,44,10,Blank,,,42,County,Saratoga,,false,1,,,4604
5668,161,2024-11-05T00:00:00Z,General,,,,5,State Senator,,246,State Senate District,44,9,Void,,,42,County,Saratoga,,false,1,,,14
5668,161,2024-11-05T00:00:00Z,General,,,,5,State Senator,,246,State Senate District,44,1,Total Votes,,,42,County,Saratoga,,false,1,,,132817
5668,161,2024-11-05T00:00:00Z,General,,,,5,State Senator,,246,State Senate District,44,150,James N. Tedisco,,,43,County,Schenectady,,false,1,8,Republican,12192
5668,161,2024-11-05T00:00:00Z,General,,,,5,State Senator,,246,State Senate District,44,150,James N. Tedisco,,,43,County,Schenectady,,false,1,9,Conservative,2073
5668,161,2024-11-05T00:00:00Z,General,,,,5,State Senator,,246,State Senate District,44,13498,Minita J. Sanghvi,,,43,County,Schenectady,,true,1,7,Democratic,15781
5668,161,2024-11-05T00:00:00Z,General,,,,5,State Senator,,246,State Senate District,44,13498,Minita J. Sanghvi,,,43,County,Schenectady,,true,1,10,Working Families,1533
5668,161,2024-11-05T00:00:00Z,General,,,,5,State Senator,,246,State Senate District,44,6,Scattering,,,43,County,Schenectady,,false,1,,,36
5668,161,2024-11-05T00:00:00Z,General,,,,5,State Senator,,246,State Senate District,44,10,Blank,,,43,County,Schenectady,,false,1,,,1760
5668,161,2024-11-05T00:00:00Z,General,,,,5,State Senator,,246,State Senate District,44,9,Void,,,43,County,Schenectady,,false,1,,,13
5668,161,2024-11-05T00:00:00Z,General,,,,5,State Senator,,246,State Senate District,44,1,Total Votes,,,43,County,Schenectady,,false,1,,,33388
5669,161,2024-11-05T00:00:00Z,General,,,,5,State Senator,,247,State Senate District,45,152,Daniel G. Stec,,,10,County,Clinton,,true,1,8,Republican,21677
5669,161,2024-11-05T00:00:00Z,General,,,,5,State Senator,,247,State Senate District,45,152,Daniel G. Stec,,,10,County,Clinton,,true,1,9,Conservative,3838
5669,161,2024-11-05T00:00:00Z,General,,,,5,State Senator,,247,State Senate District,45,6,Scattering,,,10,County,Clinton,,false,1,,,261
5669,161,2024-11-05T00:00:00Z,General,,,,5,State Senator,,247,State Senate District,45,10,Blank,,,10,County,Clinton,,false,1,,,10459
5669,161,2024-11-05T00:00:00Z,General,,,,5,State Senator,,247,State Senate District,45,9,Void,,,10,County,Clinton,,false,1,,,3
5669,161,2024-11-05T00:00:00Z,General,,,,5,State Senator,,247,State Senate District,45,1,Total Votes,,,10,County,Clinton,,false,1,,,36238
5669,161,2024-11-05T00:00:00Z,General,,,,5,State Senator,,247,State Senate District,45,152,Daniel G. Stec,,,438,County,Essex,,true,1,8,Republican,11233
5669,161,2024-11-05T00:00:00Z,General,,,,5,State Senator,,247,State Senate District,45,152,Daniel G. Stec,,,438,County,Essex,,true,1,9,Conservative,1651
5669,161,2024-11-05T00:00:00Z,General,,,,5,State Senator,,247,State Senate District,45,6,Scattering,,,438,County,Essex,,false,1,,,78
5669,161,2024-11-05T00:00:00Z,General,,,,5,State Senator,,247,State Senate District,45,10,Blank,,,438,County,Essex,,false,1,,,6546
5669,161,2024-11-05T00:00:00Z,General,,,,5,State Senator,,247,State Senate District,45,9,Void,,,438,County,Essex,,false,1,,,21
5669,161,2024-11-05T00:00:00Z,General,,,,5,State Senator,,247,State Senate District,45,1,Total Votes,,,438,County,Essex,,false,1,,,19529
5669,161,2024-11-05T00:00:00Z,General,,,,5,State Senator,,247,State Senate District,45,152,Daniel G. Stec,,,17,County,Franklin,,true,1,8,Republican,12027
5669,161,2024-11-05T00:00:00Z,General,,,,5,State Senator,,247,State Senate District,45,152,Daniel G. Stec,,,17,County,Franklin,,true,1,9,Conservative,2140
5669,161,2024-11-05T00:00:00Z,General,,,,5,State Senator,,247,State Senate District,45,6,Scattering,,,17,County,Franklin,,false,1,,,102
5669,161,2024-11-05T00:00:00Z,General,,,,5,State Senator,,247,State Senate District,45,10,Blank,,,17,County,Franklin,,false,1,,,5317
5669,161,2024-11-05T00:00:00Z,General,,,,5,State Senator,,247,State Senate District,45,9,Void,,,17,County,Franklin,,false,1,,,4
5669,161,2024-11-05T00:00:00Z,General,,,,5,State Senator,,247,State Senate District,45,1,Total Votes,,,17,County,Franklin,,false,1,,,19590
5669,161,2024-11-05T00:00:00Z,General,,,,5,State Senator,,247,State Senate District,45,152,Daniel G. Stec,,,41,County,St. Lawrence,,true,1,8,Republican,17373
5669,161,2024-11-05T00:00:00Z,General,,,,5,State Senator,,247,State Senate District,45,152,Daniel G. Stec,,,41,County,St. Lawrence,,true,1,9,Conservative,3175
5669,161,2024-11-05T00:00:00Z,General,,,,5,State Senator,,247,State Senate District,45,6,Scattering,,,41,County,St. Lawrence,,false,1,,,136
5669,161,2024-11-05T00:00:00Z,General,,,,5,State Senator,,247,State Senate District,45,10,Blank,,,41,County,St. Lawrence,,false,1,,,8695
5669,161,2024-11-05T00:00:00Z,General,,,,5,State Senator,,247,State Senate District,45,9,Void,,,41,County,St. Lawrence,,false,1,,,0
5669,161,2024-11-05T00:00:00Z,General,,,,5,State Senator,,247,State Senate District,45,1,Total Votes,,,41,County,St. Lawrence,,false,1,,,29379
5669,161,2024-11-05T00:00:00Z,General,,,,5,State Senator,,247,State Senate District,45,152,Daniel G. Stec,,,53,County,Warren,,true,1,8,Republican,21595
5669,161,2024-11-05T00:00:00Z,General,,,,5,State Senator,,247,State Senate District,45,152,Daniel G. Stec,,,53,County,Warren,,true,1,9,Conservative,3766
5669,161,2024-11-05T00:00:00Z,General,,,,5,State Senator,,247,State Senate District,45,6,Scattering,,,53,County,Warren,,false,1,,,427
5669,161,2024-11-05T00:00:00Z,General,,,,5,State Senator,,247,State Senate District,45,10,Blank,,,53,County,Warren,,false,1,,,10528
5669,161,2024-11-05T00:00:00Z,General,,,,5,State Senator,,247,State Senate District,45,9,Void,,,53,County,Warren,,false,1,,,2
5669,161,2024-11-05T00:00:00Z,General,,,,5,State Senator,,247,State Senate District,45,1,Total Votes,,,53,County,Warren,,false,1,,,36318
5669,161,2024-11-05T00:00:00Z,General,,,,5,State Senator,,247,State Senate District,45,152,Daniel G. Stec,,,54,County,Washington,,true,1,8,Republican,6609
5669,161,2024-11-05T00:00:00Z,General,,,,5,State Senator,,247,State Senate District,45,152,Daniel G. Stec,,,54,County,Washington,,true,1,9,Conservative,989
5669,161,2024-11-05T00:00:00Z,General,,,,5,State Senator,,247,State Senate District,45,6,Scattering,,,54,County,Washington,,false,1,,,52
5669,161,2024-11-05T00:00:00Z,General,,,,5,State Senator,,247,State Senate District,45,10,Blank,,,54,County,Washington,,false,1,,,2054
5669,161,2024-11-05T00:00:00Z,General,,,,5,State Senator,,247,State Senate District,45,9,Void,,,54,County,Washington,,false,1,,,3
5669,161,2024-11-05T00:00:00Z,General,,,,5,State Senator,,247,State Senate District,45,1,Total Votes,,,54,County,Washington,,false,1,,,9707
5670,161,2024-11-05T00:00:00Z,General,,,,5,State Senator,,248,State Senate District,46,376,Patricia A. Fahy,,,2,County,Albany,,true,1,7,Democratic,51965
5670,161,2024-11-05T00:00:00Z,General,,,,5,State Senator,,248,State Senate District,46,376,Patricia A. Fahy,,,2,County,Albany,,true,1,10,Working Families,6401
5670,161,2024-11-05T00:00:00Z,General,,,,5,State Senator,,248,State Senate District,46,13499,Ted Danz Jr,,,2,County,Albany,,false,1,8,Republican,26688
5670,161,2024-11-05T00:00:00Z,General,,,,5,State Senator,,248,State Senate District,46,13499,Ted Danz Jr,,,2,County,Albany,,false,1,9,Conservative,4318
5670,161,2024-11-05T00:00:00Z,General,,,,5,State Senator,,248,State Senate District,46,6,Scattering,,,2,County,Albany,,false,1,,,120
5670,161,2024-11-05T00:00:00Z,General,,,,5,State Senator,,248,State Senate District,46,10,Blank,,,2,County,Albany,,false,1,,,3558
5670,161,2024-11-05T00:00:00Z,General,,,,5,State Senator,,248,State Senate District,46,9,Void,,,2,County,Albany,,false,1,,,39
5670,161,2024-11-05T00:00:00Z,General,,,,5,State Senator,,248,State Senate District,46,1,Total Votes,,,2,County,Albany,,false,1,,,93089
5670,161,2024-11-05T00:00:00Z,General,,,,5,State Senator,,248,State Senate District,46,376,Patricia A. Fahy,,,28,County,Montgomery,,false,1,7,Democratic,6200
5670,161,2024-11-05T00:00:00Z,General,,,,5,State Senator,,248,State Senate District,46,376,Patricia A. Fahy,,,28,County,Montgomery,,false,1,10,Working Families,556
5670,161,2024-11-05T00:00:00Z,General,,,,5,State Senator,,248,State Senate District,46,13499,Ted Danz Jr,,,28,County,Montgomery,,true,1,8,Republican,11392
5670,161,2024-11-05T00:00:00Z,General,,,,5,State Senator,,248,State Senate District,46,13499,Ted Danz Jr,,,28,County,Montgomery,,true,1,9,Conservative,1424
5670,161,2024-11-05T00:00:00Z,General,,,,5,State Senator,,248,State Senate District,46,6,Scattering,,,28,County,Montgomery,,false,1,,,11
5670,161,2024-11-05T00:00:00Z,General,,,,5,State Senator,,248,State Senate District,46,10,Blank,,,28,County,Montgomery,,false,1,,,1332
5670,161,2024-11-05T00:00:00Z,General,,,,5,State Senator,,248,State Senate District,46,9,Void,,,28,County,Montgomery,,false,1,,,7
5670,161,2024-11-05T00:00:00Z,General,,,,5,State Senator,,248,State Senate District,46,1,Total Votes,,,28,County,Montgomery,,false,1,,,20922
5670,161,2024-11-05T00:00:00Z,General,,,,5,State Senator,,248,State Senate District,46,376,Patricia A. Fahy,,,43,County,Schenectady,,false,1,7,Democratic,15434
5670,161,2024-11-05T00:00:00Z,General,,,,5,State Senator,,248,State Senate District,46,376,Patricia A. Fahy,,,43,County,Schenectady,,false,1,10,Working Families,1420
5670,161,2024-11-05T00:00:00Z,General,,,,5,State Senator,,248,State Senate District,46,13499,Ted Danz Jr,,,43,County,Schenectady,,true,1,8,Republican,17193
5670,161,2024-11-05T00:00:00Z,General,,,,5,State Senator,,248,State Senate District,46,13499,Ted Danz Jr,,,43,County,Schenectady,,true,1,9,Conservative,3584
5670,161,2024-11-05T00:00:00Z,General,,,,5,State Senator,,248,State Senate District,46,6,Scattering,,,43,County,Schenectady,,false,1,,,24
5670,161,2024-11-05T00:00:00Z,General,,,,5,State Senator,,248,State Senate District,46,10,Blank,,,43,County,Schenectady,,false,1,,,2059
5670,161,2024-11-05T00:00:00Z,General,,,,5,State Senator,,248,State Senate District,46,9,Void,,,43,County,Schenectady,,false,1,,,10
5670,161,2024-11-05T00:00:00Z,General,,,,5,State Senator,,248,State Senate District,46,1,Total Votes,,,43,County,Schenectady,,false,1,,,39724
5671,161,2024-11-05T00:00:00Z,General,,,,5,State Senator,,249,State Senate District,47,13500,Brad Hoylman-Sigal,,,68,County,New York ,,true,1,7,Democratic,103859
5671,161,2024-11-05T00:00:00Z,General,,,,5,State Senator,,249,State Senate District,47,13500,Brad Hoylman-Sigal,,,68,County,New York ,,true,1,10,Working Families,8852
5671,161,2024-11-05T00:00:00Z,General,,,,5,State Senator,,249,State Senate District,47,13501,Emily Yuexin Miller,,,68,County,New York ,,false,1,8,Republican,21537
5671,161,2024-11-05T00:00:00Z,General,,,,5,State Senator,,249,State Senate District,47,6,Scattering,,,68,County,New York ,,false,1,,,280
5671,161,2024-11-05T00:00:00Z,General,,,,5,State Senator,,249,State Senate District,47,10,Blank,,,68,County,New York ,,false,1,,,9925
5671,161,2024-11-05T00:00:00Z,General,,,,5,State Senator,,249,State Senate District,47,9,Void,,,68,County,New York ,,false,1,,,2944
5671,161,2024-11-05T00:00:00Z,General,,,,5,State Senator,,249,State Senate District,47,1,Total Votes,,,68,County,New York ,,false,1,,,147397
5672,161,2024-11-05T00:00:00Z,General,,,,5,State Senator,,250,State Senate District,48,3082,Rachel May,,,6,County,Cayuga,,false,1,7,Democratic,14223
5672,161,2024-11-05T00:00:00Z,General,,,,5,State Senator,,250,State Senate District,48,3082,Rachel May,,,6,County,Cayuga,,false,1,10,Working Families,1553
5672,161,2024-11-05T00:00:00Z,General,,,,5,State Senator,,250,State Senate District,48,13393,Caleb C. Slater,,,6,County,Cayuga,,true,1,8,Republican,18631
5672,161,2024-11-05T00:00:00Z,General,,,,5,State Senator,,250,State Senate District,48,6,Scattering,,,6,County,Cayuga,,false,1,,,19
5672,161,2024-11-05T00:00:00Z,General,,,,5,State Senator,,250,State Senate District,48,10,Blank,,,6,County,Cayuga,,false,1,,,2309
5672,161,2024-11-05T00:00:00Z,General,,,,5,State Senator,,250,State Senate District,48,9,Void,,,6,County,Cayuga,,false,1,,,10
5672,161,2024-11-05T00:00:00Z,General,,,,5,State Senator,,250,State Senate District,48,1,Total Votes,,,6,County,Cayuga,,false,1,,,36745
5672,161,2024-11-05T00:00:00Z,General,,,,5,State Senator,,250,State Senate District,48,3082,Rachel May,,,32,County,Onondaga,,true,1,7,Democratic,57004
5672,161,2024-11-05T00:00:00Z,General,,,,5,State Senator,,250,State Senate District,48,3082,Rachel May,,,32,County,Onondaga,,true,1,10,Working Families,6002
5672,161,2024-11-05T00:00:00Z,General,,,,5,State Senator,,250,State Senate District,48,13393,Caleb C. Slater,,,32,County,Onondaga,,false,1,8,Republican,37349
5672,161,2024-11-05T00:00:00Z,General,,,,5,State Senator,,250,State Senate District,48,6,Scattering,,,32,County,Onondaga,,false,1,,,125
5672,161,2024-11-05T00:00:00Z,General,,,,5,State Senator,,250,State Senate District,48,10,Blank,,,32,County,Onondaga,,false,1,,,5011
5672,161,2024-11-05T00:00:00Z,General,,,,5,State Senator,,250,State Senate District,48,9,Void,,,32,County,Onondaga,,false,1,,,27
5672,161,2024-11-05T00:00:00Z,General,,,,5,State Senator,,250,State Senate District,48,1,Total Votes,,,32,County,Onondaga,,false,1,,,105518
5673,161,2024-11-05T00:00:00Z,General,,,,5,State Senator,,251,State Senate District,49,161,Mark C. Walczyk,,,18,County,Fulton,,true,1,8,Republican,15730
5673,161,2024-11-05T00:00:00Z,General,,,,5,State Senator,,251,State Senate District,49,161,Mark C. Walczyk,,,18,County,Fulton,,true,1,9,Conservative,2122
5673,161,2024-11-05T00:00:00Z,General,,,,5,State Senator,,251,State Senate District,49,6,Scattering,,,18,County,Fulton,,false,1,,,93
5673,161,2024-11-05T00:00:00Z,General,,,,5,State Senator,,251,State Senate District,49,10,Blank,,,18,County,Fulton,,false,1,,,6205
5673,161,2024-11-05T00:00:00Z,General,,,,5,State Senator,,251,State Senate District,49,9,Void,,,18,County,Fulton,,false,1,,,8
5673,161,2024-11-05T00:00:00Z,General,,,,5,State Senator,,251,State Senate District,49,1,Total Votes,,,18,County,Fulton,,false,1,,,24158
5673,161,2024-11-05T00:00:00Z,General,,,,5,State Senator,,251,State Senate District,49,161,Mark C. Walczyk,,,21,County,Hamilton,,true,1,8,Republican,2324
5673,161,2024-11-05T00:00:00Z,General,,,,5,State Senator,,251,State Senate District,49,161,Mark C. Walczyk,,,21,County,Hamilton,,true,1,9,Conservative,295
5673,161,2024-11-05T00:00:00Z,General,,,,5,State Senator,,251,State Senate District,49,6,Scattering,,,21,County,Hamilton,,false,1,,,7
5673,161,2024-11-05T00:00:00Z,General,,,,5,State Senator,,251,State Senate District,49,10,Blank,,,21,County,Hamilton,,false,1,,,816
5673,161,2024-11-05T00:00:00Z,General,,,,5,State Senator,,251,State Senate District,49,9,Void,,,21,County,Hamilton,,false,1,,,0
5673,161,2024-11-05T00:00:00Z,General,,,,5,State Senator,,251,State Senate District,49,1,Total Votes,,,21,County,Hamilton,,false,1,,,3442
5673,161,2024-11-05T00:00:00Z,General,,,,5,State Senator,,251,State Senate District,49,161,Mark C. Walczyk,,,22,County,Herkimer,,true,1,8,Republican,17375
5673,161,2024-11-05T00:00:00Z,General,,,,5,State Senator,,251,State Senate District,49,161,Mark C. Walczyk,,,22,County,Herkimer,,true,1,9,Conservative,2730
5673,161,2024-11-05T00:00:00Z,General,,,,5,State Senator,,251,State Senate District,49,6,Scattering,,,22,County,Herkimer,,false,1,,,78
5673,161,2024-11-05T00:00:00Z,General,,,,5,State Senator,,251,State Senate District,49,10,Blank,,,22,County,Herkimer,,false,1,,,6117
5673,161,2024-11-05T00:00:00Z,General,,,,5,State Senator,,251,State Senate District,49,9,Void,,,22,County,Herkimer,,false,1,,,95
5673,161,2024-11-05T00:00:00Z,General,,,,5,State Senator,,251,State Senate District,49,1,Total Votes,,,22,County,Herkimer,,false,1,,,26395
5673,161,2024-11-05T00:00:00Z,General,,,,5,State Senator,,251,State Senate District,49,161,Mark C. Walczyk,,,23,County,Jefferson,,true,1,8,Republican,29464
5673,161,2024-11-05T00:00:00Z,General,,,,5,State Senator,,251,State Senate District,49,161,Mark C. Walczyk,,,23,County,Jefferson,,true,1,9,Conservative,4454
5673,161,2024-11-05T00:00:00Z,General,,,,5,State Senator,,251,State Senate District,49,6,Scattering,,,23,County,Jefferson,,false,1,,,251
5673,161,2024-11-05T00:00:00Z,General,,,,5,State Senator,,251,State Senate District,49,10,Blank,,,23,County,Jefferson,,false,1,,,9028
5673,161,2024-11-05T00:00:00Z,General,,,,5,State Senator,,251,State Senate District,49,9,Void,,,23,County,Jefferson,,false,1,,,5
5673,161,2024-11-05T00:00:00Z,General,,,,5,State Senator,,251,State Senate District,49,1,Total Votes,,,23,County,Jefferson,,false,1,,,43202
5673,161,2024-11-05T00:00:00Z,General,,,,5,State Senator,,251,State Senate District,49,161,Mark C. Walczyk,,,24,County,Lewis,,true,1,8,Republican,9553
5673,161,2024-11-05T00:00:00Z,General,,,,5,State Senator,,251,State Senate District,49,161,Mark C. Walczyk,,,24,County,Lewis,,true,1,9,Conservative,1212
5673,161,2024-11-05T00:00:00Z,General,,,,5,State Senator,,251,State Senate District,49,6,Scattering,,,24,County,Lewis,,false,1,,,44
5673,161,2024-11-05T00:00:00Z,General,,,,5,State Senator,,251,State Senate District,49,10,Blank,,,24,County,Lewis,,false,1,,,2433
5673,161,2024-11-05T00:00:00Z,General,,,,5,State Senator,,251,State Senate District,49,9,Void,,,24,County,Lewis,,false,1,,,4
5673,161,2024-11-05T00:00:00Z,General,,,,5,State Senator,,251,State Senate District,49,1,Total Votes,,,24,County,Lewis,,false,1,,,13246
5673,161,2024-11-05T00:00:00Z,General,,,,5,State Senator,,251,State Senate District,49,161,Mark C. Walczyk,,,733,County,Oswego,,true,1,8,Republican,9353
5673,161,2024-11-05T00:00:00Z,General,,,,5,State Senator,,251,State Senate District,49,161,Mark C. Walczyk,,,733,County,Oswego,,true,1,9,Conservative,1308
5673,161,2024-11-05T00:00:00Z,General,,,,5,State Senator,,251,State Senate District,49,6,Scattering,,,733,County,Oswego,,false,1,,,87
5673,161,2024-11-05T00:00:00Z,General,,,,5,State Senator,,251,State Senate District,49,10,Blank,,,733,County,Oswego,,false,1,,,2665
5673,161,2024-11-05T00:00:00Z,General,,,,5,State Senator,,251,State Senate District,49,9,Void,,,733,County,Oswego,,false,1,,,0
5673,161,2024-11-05T00:00:00Z,General,,,,5,State Senator,,251,State Senate District,49,1,Total Votes,,,733,County,Oswego,,false,1,,,13413
5673,161,2024-11-05T00:00:00Z,General,,,,5,State Senator,,251,State Senate District,49,161,Mark C. Walczyk,,,41,County,St. Lawrence,,true,1,8,Republican,10583
5673,161,2024-11-05T00:00:00Z,General,,,,5,State Senator,,251,State Senate District,49,161,Mark C. Walczyk,,,41,County,St. Lawrence,,true,1,9,Conservative,1616
5673,161,2024-11-05T00:00:00Z,General,,,,5,State Senator,,251,State Senate District,49,6,Scattering,,,41,County,St. Lawrence,,false,1,,,39
5673,161,2024-11-05T00:00:00Z,General,,,,5,State Senator,,251,State Senate District,49,10,Blank,,,41,County,St. Lawrence,,false,1,,,2932
5673,161,2024-11-05T00:00:00Z,General,,,,5,State Senator,,251,State Senate District,49,9,Void,,,41,County,St. Lawrence,,false,1,,,0
5673,161,2024-11-05T00:00:00Z,General,,,,5,State Senator,,251,State Senate District,49,1,Total Votes,,,41,County,St. Lawrence,,false,1,,,15170
5674,161,2024-11-05T00:00:00Z,General,,,,5,State Senator,,252,State Senate District,50,13396,Christopher J. Ryan,,,32,County,Onondaga,,true,1,7,Democratic,61151
5674,161,2024-11-05T00:00:00Z,General,,,,5,State Senator,,252,State Senate District,50,13396,Christopher J. Ryan,,,32,County,Onondaga,,true,1,10,Working Families,5032
5674,161,2024-11-05T00:00:00Z,General,,,,5,State Senator,,252,State Senate District,50,13502,Nick Paro,,,32,County,Onondaga,,false,1,8,Republican,48729
5674,161,2024-11-05T00:00:00Z,General,,,,5,State Senator,,252,State Senate District,50,13502,Nick Paro,,,32,County,Onondaga,,false,1,9,Conservative,7270
5674,161,2024-11-05T00:00:00Z,General,,,,5,State Senator,,252,State Senate District,50,6,Scattering,,,32,County,Onondaga,,false,1,,,83
5674,161,2024-11-05T00:00:00Z,General,,,,5,State Senator,,252,State Senate District,50,10,Blank,,,32,County,Onondaga,,false,1,,,3889
5674,161,2024-11-05T00:00:00Z,General,,,,5,State Senator,,252,State Senate District,50,9,Void,,,32,County,Onondaga,,false,1,,,35
5674,161,2024-11-05T00:00:00Z,General,,,,5,State Senator,,252,State Senate District,50,1,Total Votes,,,32,County,Onondaga,,false,1,,,126189
5674,161,2024-11-05T00:00:00Z,General,,,,5,State Senator,,252,State Senate District,50,13396,Christopher J. Ryan,,,733,County,Oswego,,false,1,7,Democratic,14156
5674,161,2024-11-05T00:00:00Z,General,,,,5,State Senator,,252,State Senate District,50,13396,Christopher J. Ryan,,,733,County,Oswego,,false,1,10,Working Families,1334
5674,161,2024-11-05T00:00:00Z,General,,,,5,State Senator,,252,State Senate District,50,13502,Nick Paro,,,733,County,Oswego,,true,1,8,Republican,21548
5674,161,2024-11-05T00:00:00Z,General,,,,5,State Senator,,252,State Senate District,50,13502,Nick Paro,,,733,County,Oswego,,true,1,9,Conservative,2616
5674,161,2024-11-05T00:00:00Z,General,,,,5,State Senator,,252,State Senate District,50,6,Scattering,,,733,County,Oswego,,false,1,,,31
5674,161,2024-11-05T00:00:00Z,General,,,,5,State Senator,,252,State Senate District,50,10,Blank,,,733,County,Oswego,,false,1,,,1511
5674,161,2024-11-05T00:00:00Z,General,,,,5,State Senator,,252,State Senate District,50,9,Void,,,733,County,Oswego,,false,1,,,19
5674,161,2024-11-05T00:00:00Z,General,,,,5,State Senator,,252,State Senate District,50,1,Total Votes,,,733,County,Oswego,,false,1,,,41215
5675,161,2024-11-05T00:00:00Z,General,,,,5,State Senator,,253,State Senate District,51,13504,Peter Oberacker,,,4,County,Broome,,true,1,8,Republican,9662
5675,161,2024-11-05T00:00:00Z,General,,,,5,State Senator,,253,State Senate District,51,13504,Peter Oberacker,,,4,County,Broome,,true,1,9,Conservative,899
5675,161,2024-11-05T00:00:00Z,General,,,,5,State Senator,,253,State Senate District,51,13503,Michele Frazier,,,4,County,Broome,,false,1,7,Democratic,4717
5675,161,2024-11-05T00:00:00Z,General,,,,5,State Senator,,253,State Senate District,51,13503,Michele Frazier,,,4,County,Broome,,false,1,10,Working Families,519
5675,161,2024-11-05T00:00:00Z,General,,,,5,State Senator,,253,State Senate District,51,6,Scattering,,,4,County,Broome,,false,1,,,11
5675,161,2024-11-05T00:00:00Z,General,,,,5,State Senator,,253,State Senate District,51,10,Blank,,,4,County,Broome,,false,1,,,986
5675,161,2024-11-05T00:00:00Z,General,,,,5,State Senator,,253,State Senate District,51,9,Void,,,4,County,Broome,,false,1,,,3
5675,161,2024-11-05T00:00:00Z,General,,,,5,State Senator,,253,State Senate District,51,1,Total Votes,,,4,County,Broome,,false,1,,,16797
5675,161,2024-11-05T00:00:00Z,General,,,,5,State Senator,,253,State Senate District,51,13504,Peter Oberacker,,,9,County,Chenango,,true,1,8,Republican,8011
5675,161,2024-11-05T00:00:00Z,General,,,,5,State Senator,,253,State Senate District,51,13504,Peter Oberacker,,,9,County,Chenango,,true,1,9,Conservative,675
5675,161,2024-11-05T00:00:00Z,General,,,,5,State Senator,,253,State Senate District,51,13503,Michele Frazier,,,9,County,Chenango,,false,1,7,Democratic,4320
5675,161,2024-11-05T00:00:00Z,General,,,,5,State Senator,,253,State Senate District,51,13503,Michele Frazier,,,9,County,Chenango,,false,1,10,Working Families,453
5675,161,2024-11-05T00:00:00Z,General,,,,5,State Senator,,253,State Senate District,51,6,Scattering,,,9,County,Chenango,,false,1,,,9
5675,161,2024-11-05T00:00:00Z,General,,,,5,State Senator,,253,State Senate District,51,10,Blank,,,9,County,Chenango,,false,1,,,678
5675,161,2024-11-05T00:00:00Z,General,,,,5,State Senator,,253,State Senate District,51,9,Void,,,9,County,Chenango,,false,1,,,1
5675,161,2024-11-05T00:00:00Z,General,,,,5,State Senator,,253,State Senate District,51,1,Total Votes,,,9,County,Chenango,,false,1,,,14147
5675,161,2024-11-05T00:00:00Z,General,,,,5,State Senator,,253,State Senate District,51,13504,Peter Oberacker,,,13,County,Delaware,,true,1,8,Republican,12855
5675,161,2024-11-05T00:00:00Z,General,,,,5,State Senator,,253,State Senate District,51,13504,Peter Oberacker,,,13,County,Delaware,,true,1,9,Conservative,1179
5675,161,2024-11-05T00:00:00Z,General,,,,5,State Senator,,253,State Senate District,51,13503,Michele Frazier,,,13,County,Delaware,,false,1,7,Democratic,7577
5675,161,2024-11-05T00:00:00Z,General,,,,5,State Senator,,253,State Senate District,51,13503,Michele Frazier,,,13,County,Delaware,,false,1,10,Working Families,887
5675,161,2024-11-05T00:00:00Z,General,,,,5,State Senator,,253,State Senate District,51,6,Scattering,,,13,County,Delaware,,false,1,,,16
5675,161,2024-11-05T00:00:00Z,General,,,,5,State Senator,,253,State Senate District,51,10,Blank,,,13,County,Delaware,,false,1,,,879
5675,161,2024-11-05T00:00:00Z,General,,,,5,State Senator,,253,State Senate District,51,9,Void,,,13,County,Delaware,,false,1,,,8
5675,161,2024-11-05T00:00:00Z,General,,,,5,State Senator,,253,State Senate District,51,1,Total Votes,,,13,County,Delaware,,false,1,,,23401
5675,161,2024-11-05T00:00:00Z,General,,,,5,State Senator,,253,State Senate District,51,13504,Peter Oberacker,,,37,County,Otsego,,true,1,8,Republican,14224
5675,161,2024-11-05T00:00:00Z,General,,,,5,State Senator,,253,State Senate District,51,13504,Peter Oberacker,,,37,County,Otsego,,true,1,9,Conservative,1834
5675,161,2024-11-05T00:00:00Z,General,,,,5,State Senator,,253,State Senate District,51,13503,Michele Frazier,,,37,County,Otsego,,false,1,7,Democratic,10390
5675,161,2024-11-05T00:00:00Z,General,,,,5,State Senator,,253,State Senate District,51,13503,Michele Frazier,,,37,County,Otsego,,false,1,10,Working Families,1067
5675,161,2024-11-05T00:00:00Z,General,,,,5,State Senator,,253,State Senate District,51,6,Scattering,,,37,County,Otsego,,false,1,,,26
5675,161,2024-11-05T00:00:00Z,General,,,,5,State Senator,,253,State Senate District,51,10,Blank,,,37,County,Otsego,,false,1,,,1127
5675,161,2024-11-05T00:00:00Z,General,,,,5,State Senator,,253,State Senate District,51,9,Void,,,37,County,Otsego,,false,1,,,10
5675,161,2024-11-05T00:00:00Z,General,,,,5,State Senator,,253,State Senate District,51,1,Total Votes,,,37,County,Otsego,,false,1,,,28678
5675,161,2024-11-05T00:00:00Z,General,,,,5,State Senator,,253,State Senate District,51,13504,Peter Oberacker,,,44,County,Schoharie,,true,1,8,Republican,9552
5675,161,2024-11-05T00:00:00Z,General,,,,5,State Senator,,253,State Senate District,51,13504,Peter Oberacker,,,44,County,Schoharie,,true,1,9,Conservative,1276
5675,161,2024-11-05T00:00:00Z,General,,,,5,State Senator,,253,State Senate District,51,13503,Michele Frazier,,,44,County,Schoharie,,false,1,7,Democratic,4325
5675,161,2024-11-05T00:00:00Z,General,,,,5,State Senator,,253,State Senate District,51,13503,Michele Frazier,,,44,County,Schoharie,,false,1,10,Working Families,512
5675,161,2024-11-05T00:00:00Z,General,,,,5,State Senator,,253,State Senate District,51,6,Scattering,,,44,County,Schoharie,,false,1,,,7
5675,161,2024-11-05T00:00:00Z,General,,,,5,State Senator,,253,State Senate District,51,10,Blank,,,44,County,Schoharie,,false,1,,,522
5675,161,2024-11-05T00:00:00Z,General,,,,5,State Senator,,253,State Senate District,51,9,Void,,,44,County,Schoharie,,false,1,,,14
5675,161,2024-11-05T00:00:00Z,General,,,,5,State Senator,,253,State Senate District,51,1,Total Votes,,,44,County,Schoharie,,false,1,,,16208
5675,161,2024-11-05T00:00:00Z,General,,,,5,State Senator,,253,State Senate District,51,13504,Peter Oberacker,,,49,County,Sullivan,,true,1,8,Republican,17519
5675,161,2024-11-05T00:00:00Z,General,,,,5,State Senator,,253,State Senate District,51,13504,Peter Oberacker,,,49,County,Sullivan,,true,1,9,Conservative,2154
5675,161,2024-11-05T00:00:00Z,General,,,,5,State Senator,,253,State Senate District,51,13503,Michele Frazier,,,49,County,Sullivan,,false,1,7,Democratic,12352
5675,161,2024-11-05T00:00:00Z,General,,,,5,State Senator,,253,State Senate District,51,13503,Michele Frazier,,,49,County,Sullivan,,false,1,10,Working Families,1526
5675,161,2024-11-05T00:00:00Z,General,,,,5,State Senator,,253,State Senate District,51,6,Scattering,,,49,County,Sullivan,,false,1,,,13
5675,161,2024-11-05T00:00:00Z,General,,,,5,State Senator,,253,State Senate District,51,10,Blank,,,49,County,Sullivan,,false,1,,,1997
5675,161,2024-11-05T00:00:00Z,General,,,,5,State Senator,,253,State Senate District,51,9,Void,,,49,County,Sullivan,,false,1,,,12
5675,161,2024-11-05T00:00:00Z,General,,,,5,State Senator,,253,State Senate District,51,1,Total Votes,,,49,County,Sullivan,,false,1,,,35573
5675,161,2024-11-05T00:00:00Z,General,,,,5,State Senator,,253,State Senate District,51,13504,Peter Oberacker,,,52,County,Ulster,,false,1,8,Republican,9960
5675,161,2024-11-05T00:00:00Z,General,,,,5,State Senator,,253,State Senate District,51,13504,Peter Oberacker,,,52,County,Ulster,,false,1,9,Conservative,1482
5675,161,2024-11-05T00:00:00Z,General,,,,5,State Senator,,253,State Senate District,51,13503,Michele Frazier,,,52,County,Ulster,,true,1,7,Democratic,11939
5675,161,2024-11-05T00:00:00Z,General,,,,5,State Senator,,253,State Senate District,51,13503,Michele Frazier,,,52,County,Ulster,,true,1,10,Working Families,1901
5675,161,2024-11-05T00:00:00Z,General,,,,5,State Senator,,253,State Senate District,51,6,Scattering,,,52,County,Ulster,,false,1,,,11
5675,161,2024-11-05T00:00:00Z,General,,,,5,State Senator,,253,State Senate District,51,10,Blank,,,52,County,Ulster,,false,1,,,1092
5675,161,2024-11-05T00:00:00Z,General,,,,5,State Senator,,253,State Senate District,51,9,Void,,,52,County,Ulster,,false,1,,,16
5675,161,2024-11-05T00:00:00Z,General,,,,5,State Senator,,253,State Senate District,51,1,Total Votes,,,52,County,Ulster,,false,1,,,26401
5676,161,2024-11-05T00:00:00Z,General,,,,5,State Senator,,254,State Senate District,52,166,Lea Webb,,,4,County,Broome,,true,1,7,Democratic,33264
5676,161,2024-11-05T00:00:00Z,General,,,,5,State Senator,,254,State Senate District,52,166,Lea Webb,,,4,County,Broome,,true,1,10,Working Families,3699
5676,161,2024-11-05T00:00:00Z,General,,,,5,State Senator,,254,State Senate District,52,7008,Michael J. Sigler,,,4,County,Broome,,false,1,8,Republican,33548
5676,161,2024-11-05T00:00:00Z,General,,,,5,State Senator,,254,State Senate District,52,7008,Michael J. Sigler,,,4,County,Broome,,false,1,308,Local 607 ,929
5676,161,2024-11-05T00:00:00Z,General,,,,5,State Senator,,254,State Senate District,52,6,Scattering,,,4,County,Broome,,false,1,,,80
5676,161,2024-11-05T00:00:00Z,General,,,,5,State Senator,,254,State Senate District,52,10,Blank,,,4,County,Broome,,false,1,,,3246
5676,161,2024-11-05T00:00:00Z,General,,,,5,State Senator,,254,State Senate District,52,9,Void,,,4,County,Broome,,false,1,,,44
5676,161,2024-11-05T00:00:00Z,General,,,,5,State Senator,,254,State Senate District,52,1,Total Votes,,,4,County,Broome,,false,1,,,74810
5676,161,2024-11-05T00:00:00Z,General,,,,5,State Senator,,254,State Senate District,52,166,Lea Webb,,,12,County,Cortland,,false,1,7,Democratic,8833
5676,161,2024-11-05T00:00:00Z,General,,,,5,State Senator,,254,State Senate District,52,166,Lea Webb,,,12,County,Cortland,,false,1,10,Working Families,638
5676,161,2024-11-05T00:00:00Z,General,,,,5,State Senator,,254,State Senate District,52,7008,Michael J. Sigler,,,12,County,Cortland,,true,1,8,Republican,11098
5676,161,2024-11-05T00:00:00Z,General,,,,5,State Senator,,254,State Senate District,52,7008,Michael J. Sigler,,,12,County,Cortland,,true,1,308,Local 607 ,623
5676,161,2024-11-05T00:00:00Z,General,,,,5,State Senator,,254,State Senate District,52,6,Scattering,,,12,County,Cortland,,false,1,,,7
5676,161,2024-11-05T00:00:00Z,General,,,,5,State Senator,,254,State Senate District,52,10,Blank,,,12,County,Cortland,,false,1,,,1131
5676,161,2024-11-05T00:00:00Z,General,,,,5,State Senator,,254,State Senate District,52,9,Void,,,12,County,Cortland,,false,1,,,0
5676,161,2024-11-05T00:00:00Z,General,,,,5,State Senator,,254,State Senate District,52,1,Total Votes,,,12,County,Cortland,,false,1,,,22330
5676,161,2024-11-05T00:00:00Z,General,,,,5,State Senator,,254,State Senate District,52,166,Lea Webb,,,51,County,Tompkins,,true,1,7,Democratic,27546
5676,161,2024-11-05T00:00:00Z,General,,,,5,State Senator,,254,State Senate District,52,166,Lea Webb,,,51,County,Tompkins,,true,1,10,Working Families,5195
5676,161,2024-11-05T00:00:00Z,General,,,,5,State Senator,,254,State Senate District,52,7008,Michael J. Sigler,,,51,County,Tompkins,,false,1,8,Republican,11715
5676,161,2024-11-05T00:00:00Z,General,,,,5,State Senator,,254,State Senate District,52,7008,Michael J. Sigler,,,51,County,Tompkins,,false,1,308,Local 607 ,516
5676,161,2024-11-05T00:00:00Z,General,,,,5,State Senator,,254,State Senate District,52,6,Scattering,,,51,County,Tompkins,,false,1,,,53
5676,161,2024-11-05T00:00:00Z,General,,,,5,State Senator,,254,State Senate District,52,10,Blank,,,51,County,Tompkins,,false,1,,,1616
5676,161,2024-11-05T00:00:00Z,General,,,,5,State Senator,,254,State Senate District,52,9,Void,,,51,County,Tompkins,,false,1,,,36
5676,161,2024-11-05T00:00:00Z,General,,,,5,State Senator,,254,State Senate District,52,1,Total Votes,,,51,County,Tompkins,,false,1,,,46677
5677,161,2024-11-05T00:00:00Z,General,,,,5,State Senator,,255,State Senate District,53,6236,Joseph A. Griffo,,,9,County,Chenango,,true,1,8,Republican,5208
5677,161,2024-11-05T00:00:00Z,General,,,,5,State Senator,,255,State Senate District,53,6236,Joseph A. Griffo,,,9,County,Chenango,,true,1,9,Conservative,454
5677,161,2024-11-05T00:00:00Z,General,,,,5,State Senator,,255,State Senate District,53,13505,James Meyers,,,9,County,Chenango,,false,1,7,Democratic,2177
5677,161,2024-11-05T00:00:00Z,General,,,,5,State Senator,,255,State Senate District,53,13505,James Meyers,,,9,County,Chenango,,false,1,10,Working Families,273
5677,161,2024-11-05T00:00:00Z,General,,,,5,State Senator,,255,State Senate District,53,6,Scattering,,,9,County,Chenango,,false,1,,,10
5677,161,2024-11-05T00:00:00Z,General,,,,5,State Senator,,255,State Senate District,53,10,Blank,,,9,County,Chenango,,false,1,,,466
5677,161,2024-11-05T00:00:00Z,General,,,,5,State Senator,,255,State Senate District,53,9,Void,,,9,County,Chenango,,false,1,,,4
5677,161,2024-11-05T00:00:00Z,General,,,,5,State Senator,,255,State Senate District,53,1,Total Votes,,,9,County,Chenango,,false,1,,,8592
5677,161,2024-11-05T00:00:00Z,General,,,,5,State Senator,,255,State Senate District,53,6236,Joseph A. Griffo,,,22,County,Herkimer,,true,1,8,Republican,1904
5677,161,2024-11-05T00:00:00Z,General,,,,5,State Senator,,255,State Senate District,53,6236,Joseph A. Griffo,,,22,County,Herkimer,,true,1,9,Conservative,245
5677,161,2024-11-05T00:00:00Z,General,,,,5,State Senator,,255,State Senate District,53,13505,James Meyers,,,22,County,Herkimer,,false,1,7,Democratic,365
5677,161,2024-11-05T00:00:00Z,General,,,,5,State Senator,,255,State Senate District,53,13505,James Meyers,,,22,County,Herkimer,,false,1,10,Working Families,61
5677,161,2024-11-05T00:00:00Z,General,,,,5,State Senator,,255,State Senate District,53,6,Scattering,,,22,County,Herkimer,,false,1,,,0
5677,161,2024-11-05T00:00:00Z,General,,,,5,State Senator,,255,State Senate District,53,10,Blank,,,22,County,Herkimer,,false,1,,,53
5677,161,2024-11-05T00:00:00Z,General,,,,5,State Senator,,255,State Senate District,53,9,Void,,,22,County,Herkimer,,false,1,,,1
5677,161,2024-11-05T00:00:00Z,General,,,,5,State Senator,,255,State Senate District,53,1,Total Votes,,,22,County,Herkimer,,false,1,,,2629
5677,161,2024-11-05T00:00:00Z,General,,,,5,State Senator,,255,State Senate District,53,6236,Joseph A. Griffo,,,26,County,Madison,,true,1,8,Republican,18053
5677,161,2024-11-05T00:00:00Z,General,,,,5,State Senator,,255,State Senate District,53,6236,Joseph A. Griffo,,,26,County,Madison,,true,1,9,Conservative,2354
5677,161,2024-11-05T00:00:00Z,General,,,,5,State Senator,,255,State Senate District,53,13505,James Meyers,,,26,County,Madison,,false,1,7,Democratic,11344
5677,161,2024-11-05T00:00:00Z,General,,,,5,State Senator,,255,State Senate District,53,13505,James Meyers,,,26,County,Madison,,false,1,10,Working Families,1202
5677,161,2024-11-05T00:00:00Z,General,,,,5,State Senator,,255,State Senate District,53,6,Scattering,,,26,County,Madison,,false,1,,,18
5677,161,2024-11-05T00:00:00Z,General,,,,5,State Senator,,255,State Senate District,53,10,Blank,,,26,County,Madison,,false,1,,,1272
5677,161,2024-11-05T00:00:00Z,General,,,,5,State Senator,,255,State Senate District,53,9,Void,,,26,County,Madison,,false,1,,,22
5677,161,2024-11-05T00:00:00Z,General,,,,5,State Senator,,255,State Senate District,53,1,Total Votes,,,26,County,Madison,,false,1,,,34265
5677,161,2024-11-05T00:00:00Z,General,,,,5,State Senator,,255,State Senate District,53,6236,Joseph A. Griffo,,,31,County,Oneida,,true,1,8,Republican,63858
5677,161,2024-11-05T00:00:00Z,General,,,,5,State Senator,,255,State Senate District,53,6236,Joseph A. Griffo,,,31,County,Oneida,,true,1,9,Conservative,7383
5677,161,2024-11-05T00:00:00Z,General,,,,5,State Senator,,255,State Senate District,53,13505,James Meyers,,,31,County,Oneida,,false,1,7,Democratic,24399
5677,161,2024-11-05T00:00:00Z,General,,,,5,State Senator,,255,State Senate District,53,13505,James Meyers,,,31,County,Oneida,,false,1,10,Working Families,2385
5677,161,2024-11-05T00:00:00Z,General,,,,5,State Senator,,255,State Senate District,53,6,Scattering,,,31,County,Oneida,,false,1,,,43
5677,161,2024-11-05T00:00:00Z,General,,,,5,State Senator,,255,State Senate District,53,10,Blank,,,31,County,Oneida,,false,1,,,3171
5677,161,2024-11-05T00:00:00Z,General,,,,5,State Senator,,255,State Senate District,53,9,Void,,,31,County,Oneida,,false,1,,,103
5677,161,2024-11-05T00:00:00Z,General,,,,5,State Senator,,255,State Senate District,53,1,Total Votes,,,31,County,Oneida,,false,1,,,101342
5678,161,2024-11-05T00:00:00Z,General,,,,5,State Senator,,256,State Senate District,54,170,Pamela A. Helming,,,442,County,Livingston,,true,1,8,Republican,17607
5678,161,2024-11-05T00:00:00Z,General,,,,5,State Senator,,256,State Senate District,54,170,Pamela A. Helming,,,442,County,Livingston,,true,1,9,Conservative,2463
5678,161,2024-11-05T00:00:00Z,General,,,,5,State Senator,,256,State Senate District,54,412,Scott Comegys,,,442,County,Livingston,,false,1,7,Democratic,9544
5678,161,2024-11-05T00:00:00Z,General,,,,5,State Senator,,256,State Senate District,54,6,Scattering,,,442,County,Livingston,,false,1,,,9
5678,161,2024-11-05T00:00:00Z,General,,,,5,State Senator,,256,State Senate District,54,10,Blank,,,442,County,Livingston,,false,1,,,1785
5678,161,2024-11-05T00:00:00Z,General,,,,5,State Senator,,256,State Senate District,54,9,Void,,,442,County,Livingston,,false,1,,,0
5678,161,2024-11-05T00:00:00Z,General,,,,5,State Senator,,256,State Senate District,54,1,Total Votes,,,442,County,Livingston,,false,1,,,31408
5678,161,2024-11-05T00:00:00Z,General,,,,5,State Senator,,256,State Senate District,54,170,Pamela A. Helming,,,535,County,Monroe,,true,1,8,Republican,14516
5678,161,2024-11-05T00:00:00Z,General,,,,5,State Senator,,256,State Senate District,54,170,Pamela A. Helming,,,535,County,Monroe,,true,1,9,Conservative,2744
5678,161,2024-11-05T00:00:00Z,General,,,,5,State Senator,,256,State Senate District,54,412,Scott Comegys,,,535,County,Monroe,,false,1,7,Democratic,12212
5678,161,2024-11-05T00:00:00Z,General,,,,5,State Senator,,256,State Senate District,54,6,Scattering,,,535,County,Monroe,,false,1,,,6
5678,161,2024-11-05T00:00:00Z,General,,,,5,State Senator,,256,State Senate District,54,10,Blank,,,535,County,Monroe,,false,1,,,1810
5678,161,2024-11-05T00:00:00Z,General,,,,5,State Senator,,256,State Senate District,54,9,Void,,,535,County,Monroe,,false,1,,,2
5678,161,2024-11-05T00:00:00Z,General,,,,5,State Senator,,256,State Senate District,54,1,Total Votes,,,535,County,Monroe,,false,1,,,31290
5678,161,2024-11-05T00:00:00Z,General,,,,5,State Senator,,256,State Senate District,54,170,Pamela A. Helming,,,33,County,Ontario,,true,1,8,Republican,31101
5678,161,2024-11-05T00:00:00Z,General,,,,5,State Senator,,256,State Senate District,54,170,Pamela A. Helming,,,33,County,Ontario,,true,1,9,Conservative,4785
5678,161,2024-11-05T00:00:00Z,General,,,,5,State Senator,,256,State Senate District,54,412,Scott Comegys,,,33,County,Ontario,,false,1,7,Democratic,22470
5678,161,2024-11-05T00:00:00Z,General,,,,5,State Senator,,256,State Senate District,54,6,Scattering,,,33,County,Ontario,,false,1,,,21
5678,161,2024-11-05T00:00:00Z,General,,,,5,State Senator,,256,State Senate District,54,10,Blank,,,33,County,Ontario,,false,1,,,2418
5678,161,2024-11-05T00:00:00Z,General,,,,5,State Senator,,256,State Senate District,54,9,Void,,,33,County,Ontario,,false,1,,,19
5678,161,2024-11-05T00:00:00Z,General,,,,5,State Senator,,256,State Senate District,54,1,Total Votes,,,33,County,Ontario,,false,1,,,60814
5678,161,2024-11-05T00:00:00Z,General,,,,5,State Senator,,256,State Senate District,54,170,Pamela A. Helming,,,55,County,Wayne,,true,1,8,Republican,25772
5678,161,2024-11-05T00:00:00Z,General,,,,5,State Senator,,256,State Senate District,54,170,Pamela A. Helming,,,55,County,Wayne,,true,1,9,Conservative,4449
5678,161,2024-11-05T00:00:00Z,General,,,,5,State Senator,,256,State Senate District,54,412,Scott Comegys,,,55,County,Wayne,,false,1,7,Democratic,12662
5678,161,2024-11-05T00:00:00Z,General,,,,5,State Senator,,256,State Senate District,54,6,Scattering,,,55,County,Wayne,,false,1,,,15
5678,161,2024-11-05T00:00:00Z,General,,,,5,State Senator,,256,State Senate District,54,10,Blank,,,55,County,Wayne,,false,1,,,2106
5678,161,2024-11-05T00:00:00Z,General,,,,5,State Senator,,256,State Senate District,54,9,Void,,,55,County,Wayne,,false,1,,,11
5678,161,2024-11-05T00:00:00Z,General,,,,5,State Senator,,256,State Senate District,54,1,Total Votes,,,55,County,Wayne,,false,1,,,45015
5679,161,2024-11-05T00:00:00Z,General,,,,5,State Senator,,257,State Senate District,55,171,Samra G. Brouk,,,535,County,Monroe,,true,1,7,Democratic,89485
5679,161,2024-11-05T00:00:00Z,General,,,,5,State Senator,,257,State Senate District,55,171,Samra G. Brouk,,,535,County,Monroe,,true,1,10,Working Families,8255
5679,161,2024-11-05T00:00:00Z,General,,,,5,State Senator,,257,State Senate District,55,13506,Luis Martinez,,,535,County,Monroe,,false,1,8,Republican,52531
5679,161,2024-11-05T00:00:00Z,General,,,,5,State Senator,,257,State Senate District,55,13506,Luis Martinez,,,535,County,Monroe,,false,1,9,Conservative,8449
5679,161,2024-11-05T00:00:00Z,General,,,,5,State Senator,,257,State Senate District,55,6,Scattering,,,535,County,Monroe,,false,1,,,45
5679,161,2024-11-05T00:00:00Z,General,,,,5,State Senator,,257,State Senate District,55,10,Blank,,,535,County,Monroe,,false,1,,,6507
5679,161,2024-11-05T00:00:00Z,General,,,,5,State Senator,,257,State Senate District,55,9,Void,,,535,County,Monroe,,false,1,,,35
5679,161,2024-11-05T00:00:00Z,General,,,,5,State Senator,,257,State Senate District,55,1,Total Votes,,,535,County,Monroe,,false,1,,,165307
5680,161,2024-11-05T00:00:00Z,General,,,,5,State Senator,,258,State Senate District,56,173,Jeremy A. Cooney,,,535,County,Monroe,,true,1,7,Democratic,70091
5680,161,2024-11-05T00:00:00Z,General,,,,5,State Senator,,258,State Senate District,56,173,Jeremy A. Cooney,,,535,County,Monroe,,true,1,10,Working Families,6250
5680,161,2024-11-05T00:00:00Z,General,,,,5,State Senator,,258,State Senate District,56,174,Jim VanBrederode,,,535,County,Monroe,,false,1,8,Republican,45830
5680,161,2024-11-05T00:00:00Z,General,,,,5,State Senator,,258,State Senate District,56,174,Jim VanBrederode,,,535,County,Monroe,,false,1,9,Conservative,7462
5680,161,2024-11-05T00:00:00Z,General,,,,5,State Senator,,258,State Senate District,56,6,Scattering,,,535,County,Monroe,,false,1,,,69
5680,161,2024-11-05T00:00:00Z,General,,,,5,State Senator,,258,State Senate District,56,10,Blank,,,535,County,Monroe,,false,1,,,5592
5680,161,2024-11-05T00:00:00Z,General,,,,5,State Senator,,258,State Senate District,56,9,Void,,,535,County,Monroe,,false,1,,,59
5680,161,2024-11-05T00:00:00Z,General,,,,5,State Senator,,258,State Senate District,56,1,Total Votes,,,535,County,Monroe,,false,1,,,135353
5681,161,2024-11-05T00:00:00Z,General,,,,5,State Senator,,259,State Senate District,57,176,George M. Borrello,,,3,County,Allegany,,true,1,8,Republican,7524
5681,161,2024-11-05T00:00:00Z,General,,,,5,State Senator,,259,State Senate District,57,176,George M. Borrello,,,3,County,Allegany,,true,1,9,Conservative,1028
5681,161,2024-11-05T00:00:00Z,General,,,,5,State Senator,,259,State Senate District,57,6,Scattering,,,3,County,Allegany,,false,1,,,37
5681,161,2024-11-05T00:00:00Z,General,,,,5,State Senator,,259,State Senate District,57,10,Blank,,,3,County,Allegany,,false,1,,,1898
5681,161,2024-11-05T00:00:00Z,General,,,,5,State Senator,,259,State Senate District,57,9,Void,,,3,County,Allegany,,false,1,,,0
5681,161,2024-11-05T00:00:00Z,General,,,,5,State Senator,,259,State Senate District,57,1,Total Votes,,,3,County,Allegany,,false,1,,,10487
5681,161,2024-11-05T00:00:00Z,General,,,,5,State Senator,,259,State Senate District,57,176,George M. Borrello,,,5,County,Cattaraugus,,true,1,8,Republican,22777
5681,161,2024-11-05T00:00:00Z,General,,,,5,State Senator,,259,State Senate District,57,176,George M. Borrello,,,5,County,Cattaraugus,,true,1,9,Conservative,3848
5681,161,2024-11-05T00:00:00Z,General,,,,5,State Senator,,259,State Senate District,57,6,Scattering,,,5,County,Cattaraugus,,false,1,,,51
5681,161,2024-11-05T00:00:00Z,General,,,,5,State Senator,,259,State Senate District,57,10,Blank,,,5,County,Cattaraugus,,false,1,,,7757
5681,161,2024-11-05T00:00:00Z,General,,,,5,State Senator,,259,State Senate District,57,9,Void,,,5,County,Cattaraugus,,false,1,,,46
5681,161,2024-11-05T00:00:00Z,General,,,,5,State Senator,,259,State Senate District,57,1,Total Votes,,,5,County,Cattaraugus,,false,1,,,34479
5681,161,2024-11-05T00:00:00Z,General,,,,5,State Senator,,259,State Senate District,57,176,George M. Borrello,,,7,County,Chautauqua,,true,1,8,Republican,35921
5681,161,2024-11-05T00:00:00Z,General,,,,5,State Senator,,259,State Senate District,57,176,George M. Borrello,,,7,County,Chautauqua,,true,1,9,Conservative,6800
5681,161,2024-11-05T00:00:00Z,General,,,,5,State Senator,,259,State Senate District,57,6,Scattering,,,7,County,Chautauqua,,false,1,,,269
5681,161,2024-11-05T00:00:00Z,General,,,,5,State Senator,,259,State Senate District,57,10,Blank,,,7,County,Chautauqua,,false,1,,,14415
5681,161,2024-11-05T00:00:00Z,General,,,,5,State Senator,,259,State Senate District,57,9,Void,,,7,County,Chautauqua,,false,1,,,5
5681,161,2024-11-05T00:00:00Z,General,,,,5,State Senator,,259,State Senate District,57,1,Total Votes,,,7,County,Chautauqua,,false,1,,,57410
5681,161,2024-11-05T00:00:00Z,General,,,,5,State Senator,,259,State Senate District,57,176,George M. Borrello,,,19,County,Genesee,,true,1,8,Republican,18811
5681,161,2024-11-05T00:00:00Z,General,,,,5,State Senator,,259,State Senate District,57,176,George M. Borrello,,,19,County,Genesee,,true,1,9,Conservative,3372
5681,161,2024-11-05T00:00:00Z,General,,,,5,State Senator,,259,State Senate District,57,6,Scattering,,,19,County,Genesee,,false,1,,,85
5681,161,2024-11-05T00:00:00Z,General,,,,5,State Senator,,259,State Senate District,57,10,Blank,,,19,County,Genesee,,false,1,,,6549
5681,161,2024-11-05T00:00:00Z,General,,,,5,State Senator,,259,State Senate District,57,9,Void,,,19,County,Genesee,,false,1,,,4
5681,161,2024-11-05T00:00:00Z,General,,,,5,State Senator,,259,State Senate District,57,1,Total Votes,,,19,County,Genesee,,false,1,,,28821
5681,161,2024-11-05T00:00:00Z,General,,,,5,State Senator,,259,State Senate District,57,176,George M. Borrello,,,57,County,Wyoming,,true,1,8,Republican,13399
5681,161,2024-11-05T00:00:00Z,General,,,,5,State Senator,,259,State Senate District,57,176,George M. Borrello,,,57,County,Wyoming,,true,1,9,Conservative,1993
5681,161,2024-11-05T00:00:00Z,General,,,,5,State Senator,,259,State Senate District,57,6,Scattering,,,57,County,Wyoming,,false,1,,,39
5681,161,2024-11-05T00:00:00Z,General,,,,5,State Senator,,259,State Senate District,57,10,Blank,,,57,County,Wyoming,,false,1,,,3974
5681,161,2024-11-05T00:00:00Z,General,,,,5,State Senator,,259,State Senate District,57,9,Void,,,57,County,Wyoming,,false,1,,,10
5681,161,2024-11-05T00:00:00Z,General,,,,5,State Senator,,259,State Senate District,57,1,Total Votes,,,57,County,Wyoming,,false,1,,,19415
5682,161,2024-11-05T00:00:00Z,General,,,,5,State Senator,,260,State Senate District,58,13507,Thomas Fellers O'Mara,,,3,County,Allegany,,true,1,8,Republican,6478
5682,161,2024-11-05T00:00:00Z,General,,,,5,State Senator,,260,State Senate District,58,13507,Thomas Fellers O'Mara,,,3,County,Allegany,,true,1,9,Conservative,994
5682,161,2024-11-05T00:00:00Z,General,,,,5,State Senator,,260,State Senate District,58,6,Scattering,,,3,County,Allegany,,false,1,,,55
5682,161,2024-11-05T00:00:00Z,General,,,,5,State Senator,,260,State Senate District,58,10,Blank,,,3,County,Allegany,,false,1,,,2574
5682,161,2024-11-05T00:00:00Z,General,,,,5,State Senator,,260,State Senate District,58,9,Void,,,3,County,Allegany,,false,1,,,0
5682,161,2024-11-05T00:00:00Z,General,,,,5,State Senator,,260,State Senate District,58,1,Total Votes,,,3,County,Allegany,,false,1,,,10101
5682,161,2024-11-05T00:00:00Z,General,,,,5,State Senator,,260,State Senate District,58,13507,Thomas Fellers O'Mara,,,8,County,Chemung,,true,1,8,Republican,24222
5682,161,2024-11-05T00:00:00Z,General,,,,5,State Senator,,260,State Senate District,58,13507,Thomas Fellers O'Mara,,,8,County,Chemung,,true,1,9,Conservative,4051
5682,161,2024-11-05T00:00:00Z,General,,,,5,State Senator,,260,State Senate District,58,6,Scattering,,,8,County,Chemung,,false,1,,,180
5682,161,2024-11-05T00:00:00Z,General,,,,5,State Senator,,260,State Senate District,58,10,Blank,,,8,County,Chemung,,false,1,,,9469
5682,161,2024-11-05T00:00:00Z,General,,,,5,State Senator,,260,State Senate District,58,9,Void,,,8,County,Chemung,,false,1,,,2
5682,161,2024-11-05T00:00:00Z,General,,,,5,State Senator,,260,State Senate District,58,1,Total Votes,,,8,County,Chemung,,false,1,,,37924
5682,161,2024-11-05T00:00:00Z,General,,,,5,State Senator,,260,State Senate District,58,13507,Thomas Fellers O'Mara,,,45,County,Schuyler,,true,1,8,Republican,6115
5682,161,2024-11-05T00:00:00Z,General,,,,5,State Senator,,260,State Senate District,58,13507,Thomas Fellers O'Mara,,,45,County,Schuyler,,true,1,9,Conservative,991
5682,161,2024-11-05T00:00:00Z,General,,,,5,State Senator,,260,State Senate District,58,6,Scattering,,,45,County,Schuyler,,false,1,,,56
5682,161,2024-11-05T00:00:00Z,General,,,,5,State Senator,,260,State Senate District,58,10,Blank,,,45,County,Schuyler,,false,1,,,2399
5682,161,2024-11-05T00:00:00Z,General,,,,5,State Senator,,260,State Senate District,58,9,Void,,,45,County,Schuyler,,false,1,,,1
5682,161,2024-11-05T00:00:00Z,General,,,,5,State Senator,,260,State Senate District,58,1,Total Votes,,,45,County,Schuyler,,false,1,,,9562
5682,161,2024-11-05T00:00:00Z,General,,,,5,State Senator,,260,State Senate District,58,13507,Thomas Fellers O'Mara,,,46,County,Seneca,,true,1,8,Republican,8947
5682,161,2024-11-05T00:00:00Z,General,,,,5,State Senator,,260,State Senate District,58,13507,Thomas Fellers O'Mara,,,46,County,Seneca,,true,1,9,Conservative,1779
5682,161,2024-11-05T00:00:00Z,General,,,,5,State Senator,,260,State Senate District,58,6,Scattering,,,46,County,Seneca,,false,1,,,84
5682,161,2024-11-05T00:00:00Z,General,,,,5,State Senator,,260,State Senate District,58,10,Blank,,,46,County,Seneca,,false,1,,,4411
5682,161,2024-11-05T00:00:00Z,General,,,,5,State Senator,,260,State Senate District,58,9,Void,,,46,County,Seneca,,false,1,,,6
5682,161,2024-11-05T00:00:00Z,General,,,,5,State Senator,,260,State Senate District,58,1,Total Votes,,,46,County,Seneca,,false,1,,,15227
5682,161,2024-11-05T00:00:00Z,General,,,,5,State Senator,,260,State Senate District,58,13507,Thomas Fellers O'Mara,,,47,County,Steuben,,true,1,8,Republican,31582
5682,161,2024-11-05T00:00:00Z,General,,,,5,State Senator,,260,State Senate District,58,13507,Thomas Fellers O'Mara,,,47,County,Steuben,,true,1,9,Conservative,4228
5682,161,2024-11-05T00:00:00Z,General,,,,5,State Senator,,260,State Senate District,58,6,Scattering,,,47,County,Steuben,,false,1,,,290
5682,161,2024-11-05T00:00:00Z,General,,,,5,State Senator,,260,State Senate District,58,10,Blank,,,47,County,Steuben,,false,1,,,9643
5682,161,2024-11-05T00:00:00Z,General,,,,5,State Senator,,260,State Senate District,58,9,Void,,,47,County,Steuben,,false,1,,,79
5682,161,2024-11-05T00:00:00Z,General,,,,5,State Senator,,260,State Senate District,58,1,Total Votes,,,47,County,Steuben,,false,1,,,45822
5682,161,2024-11-05T00:00:00Z,General,,,,5,State Senator,,260,State Senate District,58,13507,Thomas Fellers O'Mara,,,50,County,Tioga,,true,1,8,Republican,15570
5682,161,2024-11-05T00:00:00Z,General,,,,5,State Senator,,260,State Senate District,58,13507,Thomas Fellers O'Mara,,,50,County,Tioga,,true,1,9,Conservative,2082
5682,161,2024-11-05T00:00:00Z,General,,,,5,State Senator,,260,State Senate District,58,6,Scattering,,,50,County,Tioga,,false,1,,,167
5682,161,2024-11-05T00:00:00Z,General,,,,5,State Senator,,260,State Senate District,58,10,Blank,,,50,County,Tioga,,false,1,,,6992
5682,161,2024-11-05T00:00:00Z,General,,,,5,State Senator,,260,State Senate District,58,9,Void,,,50,County,Tioga,,false,1,,,1
5682,161,2024-11-05T00:00:00Z,General,,,,5,State Senator,,260,State Senate District,58,1,Total Votes,,,50,County,Tioga,,false,1,,,24812
5682,161,2024-11-05T00:00:00Z,General,,,,5,State Senator,,260,State Senate District,58,13507,Thomas Fellers O'Mara,,,58,County,Yates,,true,1,8,Republican,6575
5682,161,2024-11-05T00:00:00Z,General,,,,5,State Senator,,260,State Senate District,58,13507,Thomas Fellers O'Mara,,,58,County,Yates,,true,1,9,Conservative,1151
5682,161,2024-11-05T00:00:00Z,General,,,,5,State Senator,,260,State Senate District,58,6,Scattering,,,58,County,Yates,,false,1,,,62
5682,161,2024-11-05T00:00:00Z,General,,,,5,State Senator,,260,State Senate District,58,10,Blank,,,58,County,Yates,,false,1,,,2864
5682,161,2024-11-05T00:00:00Z,General,,,,5,State Senator,,260,State Senate District,58,9,Void,,,58,County,Yates,,false,1,,,3
5682,161,2024-11-05T00:00:00Z,General,,,,5,State Senator,,260,State Senate District,58,1,Total Votes,,,58,County,Yates,,false,1,,,10655
5683,161,2024-11-05T00:00:00Z,General,,,,5,State Senator,,261,State Senate District,59,13508,Kristen Gonzalez,,,67,County,Kings,,true,1,7,Democratic,20371
5683,161,2024-11-05T00:00:00Z,General,,,,5,State Senator,,261,State Senate District,59,13508,Kristen Gonzalez,,,67,County,Kings,,true,1,10,Working Families,4942
5683,161,2024-11-05T00:00:00Z,General,,,,5,State Senator,,261,State Senate District,59,6,Scattering,,,67,County,Kings,,false,1,,,240
5683,161,2024-11-05T00:00:00Z,General,,,,5,State Senator,,261,State Senate District,59,10,Blank,,,67,County,Kings,,false,1,,,4435
5683,161,2024-11-05T00:00:00Z,General,,,,5,State Senator,,261,State Senate District,59,9,Void,,,67,County,Kings,,false,1,,,280
5683,161,2024-11-05T00:00:00Z,General,,,,5,State Senator,,261,State Senate District,59,1,Total Votes,,,67,County,Kings,,false,1,,,30268
5683,161,2024-11-05T00:00:00Z,General,,,,5,State Senator,,261,State Senate District,59,13508,Kristen Gonzalez,,,68,County,New York ,,true,1,7,Democratic,30398
5683,161,2024-11-05T00:00:00Z,General,,,,5,State Senator,,261,State Senate District,59,13508,Kristen Gonzalez,,,68,County,New York ,,true,1,10,Working Families,3015
5683,161,2024-11-05T00:00:00Z,General,,,,5,State Senator,,261,State Senate District,59,6,Scattering,,,68,County,New York ,,false,1,,,356
5683,161,2024-11-05T00:00:00Z,General,,,,5,State Senator,,261,State Senate District,59,10,Blank,,,68,County,New York ,,false,1,,,7978
5683,161,2024-11-05T00:00:00Z,General,,,,5,State Senator,,261,State Senate District,59,9,Void,,,68,County,New York ,,false,1,,,760
5683,161,2024-11-05T00:00:00Z,General,,,,5,State Senator,,261,State Senate District,59,1,Total Votes,,,68,County,New York ,,false,1,,,42507
5683,161,2024-11-05T00:00:00Z,General,,,,5,State Senator,,261,State Senate District,59,13508,Kristen Gonzalez,,,430,County,Queens,,true,1,7,Democratic,33610
5683,161,2024-11-05T00:00:00Z,General,,,,5,State Senator,,261,State Senate District,59,13508,Kristen Gonzalez,,,430,County,Queens,,true,1,10,Working Families,7737
5683,161,2024-11-05T00:00:00Z,General,,,,5,State Senator,,261,State Senate District,59,6,Scattering,,,430,County,Queens,,false,1,,,546
5683,161,2024-11-05T00:00:00Z,General,,,,5,State Senator,,261,State Senate District,59,10,Blank,,,430,County,Queens,,false,1,,,9489
5683,161,2024-11-05T00:00:00Z,General,,,,5,State Senator,,261,State Senate District,59,9,Void,,,430,County,Queens,,false,1,,,402
5683,161,2024-11-05T00:00:00Z,General,,,,5,State Senator,,261,State Senate District,59,1,Total Votes,,,430,County,Queens,,false,1,,,51784
5684,161,2024-11-05T00:00:00Z,General,,,,5,State Senator,,262,State Senate District,60,179,Patrick M. Gallivan,,,445,County,Erie,,true,1,8,Republican,109393
5684,161,2024-11-05T00:00:00Z,General,,,,5,State Senator,,262,State Senate District,60,179,Patrick M. Gallivan,,,445,County,Erie,,true,1,9,Conservative,27499
5684,161,2024-11-05T00:00:00Z,General,,,,5,State Senator,,262,State Senate District,60,6,Scattering,,,445,County,Erie,,false,1,,,1424
5684,161,2024-11-05T00:00:00Z,General,,,,5,State Senator,,262,State Senate District,60,10,Blank,,,445,County,Erie,,false,1,,,55298
5684,161,2024-11-05T00:00:00Z,General,,,,5,State Senator,,262,State Senate District,60,9,Void,,,445,County,Erie,,false,1,,,12
5684,161,2024-11-05T00:00:00Z,General,,,,5,State Senator,,262,State Senate District,60,1,Total Votes,,,445,County,Erie,,false,1,,,193626
5685,161,2024-11-05T00:00:00Z,General,,,,5,State Senator,,263,State Senate District,61,180,Sean M. Ryan,,,445,County,Erie,,true,1,7,Democratic,80274
5685,161,2024-11-05T00:00:00Z,General,,,,5,State Senator,,263,State Senate District,61,180,Sean M. Ryan,,,445,County,Erie,,true,1,10,Working Families,8146
5685,161,2024-11-05T00:00:00Z,General,,,,5,State Senator,,263,State Senate District,61,13509,Christine M. Czarnik,,,445,County,Erie,,false,1,8,Republican,46343
5685,161,2024-11-05T00:00:00Z,General,,,,5,State Senator,,263,State Senate District,61,13509,Christine M. Czarnik,,,445,County,Erie,,false,1,9,Conservative,8323
5685,161,2024-11-05T00:00:00Z,General,,,,5,State Senator,,263,State Senate District,61,6,Scattering,,,445,County,Erie,,false,1,,,160
5685,161,2024-11-05T00:00:00Z,General,,,,5,State Senator,,263,State Senate District,61,10,Blank,,,445,County,Erie,,false,1,,,9365
5685,161,2024-11-05T00:00:00Z,General,,,,5,State Senator,,263,State Senate District,61,9,Void,,,445,County,Erie,,false,1,,,52
5685,161,2024-11-05T00:00:00Z,General,,,,5,State Senator,,263,State Senate District,61,1,Total Votes,,,445,County,Erie,,false,1,,,152663
5686,161,2024-11-05T00:00:00Z,General,,,,5,State Senator,,264,State Senate District,62,182,Robert G. Ortt,,,535,County,Monroe,,true,1,8,Republican,21459
5686,161,2024-11-05T00:00:00Z,General,,,,5,State Senator,,264,State Senate District,62,182,Robert G. Ortt,,,535,County,Monroe,,true,1,9,Conservative,4401
5686,161,2024-11-05T00:00:00Z,General,,,,5,State Senator,,264,State Senate District,62,6,Scattering,,,535,County,Monroe,,false,1,,,170
5686,161,2024-11-05T00:00:00Z,General,,,,5,State Senator,,264,State Senate District,62,10,Blank,,,535,County,Monroe,,false,1,,,9386
5686,161,2024-11-05T00:00:00Z,General,,,,5,State Senator,,264,State Senate District,62,9,Void,,,535,County,Monroe,,false,1,,,0
5686,161,2024-11-05T00:00:00Z,General,,,,5,State Senator,,264,State Senate District,62,1,Total Votes,,,535,County,Monroe,,false,1,,,35416
5686,161,2024-11-05T00:00:00Z,General,,,,5,State Senator,,264,State Senate District,62,182,Robert G. Ortt,,,30,County,Niagara,,true,1,8,Republican,60115
5686,161,2024-11-05T00:00:00Z,General,,,,5,State Senator,,264,State Senate District,62,182,Robert G. Ortt,,,30,County,Niagara,,true,1,9,Conservative,13525
5686,161,2024-11-05T00:00:00Z,General,,,,5,State Senator,,264,State Senate District,62,6,Scattering,,,30,County,Niagara,,false,1,,,511
5686,161,2024-11-05T00:00:00Z,General,,,,5,State Senator,,264,State Senate District,62,10,Blank,,,30,County,Niagara,,false,1,,,29064
5686,161,2024-11-05T00:00:00Z,General,,,,5,State Senator,,264,State Senate District,62,9,Void,,,30,County,Niagara,,false,1,,,11
5686,161,2024-11-05T00:00:00Z,General,,,,5,State Senator,,264,State Senate District,62,1,Total Votes,,,30,County,Niagara,,false,1,,,103226
5686,161,2024-11-05T00:00:00Z,General,,,,5,State Senator,,264,State Senate District,62,182,Robert G. Ortt,,,35,County,Orleans,,true,1,8,Republican,12248
5686,161,2024-11-05T00:00:00Z,General,,,,5,State Senator,,264,State Senate District,62,182,Robert G. Ortt,,,35,County,Orleans,,true,1,9,Conservative,1996
5686,161,2024-11-05T00:00:00Z,General,,,,5,State Senator,,264,State Senate District,62,6,Scattering,,,35,County,Orleans,,false,1,,,35
5686,161,2024-11-05T00:00:00Z,General,,,,5,State Senator,,264,State Senate District,62,10,Blank,,,35,County,Orleans,,false,1,,,4022
5686,161,2024-11-05T00:00:00Z,General,,,,5,State Senator,,264,State Senate District,62,9,Void,,,35,County,Orleans,,false,1,,,0
5686,161,2024-11-05T00:00:00Z,General,,,,5,State Senator,,264,State Senate District,62,1,Total Votes,,,35,County,Orleans,,false,1,,,18301
5687,161,2024-11-05T00:00:00Z,General,,,,5,State Senator,,265,State Senate District,63,13378,April N. McCants-Baskin,,,445,County,Erie,,true,1,7,Democratic,64386
5687,161,2024-11-05T00:00:00Z,General,,,,5,State Senator,,265,State Senate District,63,13378,April N. McCants-Baskin,,,445,County,Erie,,true,1,10,Working Families,5580
5687,161,2024-11-05T00:00:00Z,General,,,,5,State Senator,,265,State Senate District,63,13510,John P. Moretti Jr,,,445,County,Erie,,false,1,8,Republican,30043
5687,161,2024-11-05T00:00:00Z,General,,,,5,State Senator,,265,State Senate District,63,13510,John P. Moretti Jr,,,445,County,Erie,,false,1,9,Conservative,5341
5687,161,2024-11-05T00:00:00Z,General,,,,5,State Senator,,265,State Senate District,63,6,Scattering,,,445,County,Erie,,false,1,,,180
5687,161,2024-11-05T00:00:00Z,General,,,,5,State Senator,,265,State Senate District,63,10,Blank,,,445,County,Erie,,false,1,,,9909
5687,161,2024-11-05T00:00:00Z,General,,,,5,State Senator,,265,State Senate District,63,9,Void,,,445,County,Erie,,false,1,,,60
5687,161,2024-11-05T00:00:00Z,General,,,,5,State Senator,,265,State Senate District,63,1,Total Votes,,,445,County,Erie,,false,1,,,115499
5688,161,2024-11-05T00:00:00Z,General,,,,14,Member of Assembly,,266,State Assembly District,1,13511,Tommy John Schiavoni,,,429,County,Suffolk,,true,1,7,Democratic,33700
5688,161,2024-11-05T00:00:00Z,General,,,,14,Member of Assembly,,266,State Assembly District,1,13511,Tommy John Schiavoni,,,429,County,Suffolk,,true,1,10,Working Families,1544
5688,161,2024-11-05T00:00:00Z,General,,,,14,Member of Assembly,,266,State Assembly District,1,1379,Stephen F. Kiely,,,429,County,Suffolk,,false,1,8,Republican,23909
5688,161,2024-11-05T00:00:00Z,General,,,,14,Member of Assembly,,266,State Assembly District,1,1379,Stephen F. Kiely,,,429,County,Suffolk,,false,1,9,Conservative,3344
5688,161,2024-11-05T00:00:00Z,General,,,,14,Member of Assembly,,266,State Assembly District,1,6,Scattering,,,429,County,Suffolk,,false,1,,,26
5688,161,2024-11-05T00:00:00Z,General,,,,14,Member of Assembly,,266,State Assembly District,1,10,Blank,,,429,County,Suffolk,,false,1,,,3555
5688,161,2024-11-05T00:00:00Z,General,,,,14,Member of Assembly,,266,State Assembly District,1,9,Void,,,429,County,Suffolk,,false,1,,,25
5688,161,2024-11-05T00:00:00Z,General,,,,14,Member of Assembly,,266,State Assembly District,1,1,Total Votes,,,429,County,Suffolk,,false,1,,,66103
5689,161,2024-11-05T00:00:00Z,General,,,,14,Member of Assembly,,267,State Assembly District,2,188,Jodi A. Giglio,,,429,County,Suffolk,,true,1,8,Republican,40975
5689,161,2024-11-05T00:00:00Z,General,,,,14,Member of Assembly,,267,State Assembly District,2,188,Jodi A. Giglio,,,429,County,Suffolk,,true,1,9,Conservative,5513
5689,161,2024-11-05T00:00:00Z,General,,,,14,Member of Assembly,,267,State Assembly District,2,13512,Tricia L. Chiaramonte,,,429,County,Suffolk,,false,1,7,Democratic,25455
5689,161,2024-11-05T00:00:00Z,General,,,,14,Member of Assembly,,267,State Assembly District,2,6,Scattering,,,429,County,Suffolk,,false,1,,,28
5689,161,2024-11-05T00:00:00Z,General,,,,14,Member of Assembly,,267,State Assembly District,2,10,Blank,,,429,County,Suffolk,,false,1,,,5795
5689,161,2024-11-05T00:00:00Z,General,,,,14,Member of Assembly,,267,State Assembly District,2,9,Void,,,429,County,Suffolk,,false,1,,,23
5689,161,2024-11-05T00:00:00Z,General,,,,14,Member of Assembly,,267,State Assembly District,2,1,Total Votes,,,429,County,Suffolk,,false,1,,,77789
5690,161,2024-11-05T00:00:00Z,General,,,,14,Member of Assembly,,268,State Assembly District,3,190,Joseph P. De Stefano,,,429,County,Suffolk,,true,1,8,Republican,28626
5690,161,2024-11-05T00:00:00Z,General,,,,14,Member of Assembly,,268,State Assembly District,3,190,Joseph P. De Stefano,,,429,County,Suffolk,,true,1,9,Conservative,4008
5690,161,2024-11-05T00:00:00Z,General,,,,14,Member of Assembly,,268,State Assembly District,3,189,Trina R. Miles,,,429,County,Suffolk,,false,1,7,Democratic,21451
5690,161,2024-11-05T00:00:00Z,General,,,,14,Member of Assembly,,268,State Assembly District,3,6,Scattering,,,429,County,Suffolk,,false,1,,,14
5690,161,2024-11-05T00:00:00Z,General,,,,14,Member of Assembly,,268,State Assembly District,3,10,Blank,,,429,County,Suffolk,,false,1,,,4786
5690,161,2024-11-05T00:00:00Z,General,,,,14,Member of Assembly,,268,State Assembly District,3,9,Void,,,429,County,Suffolk,,false,1,,,16
5690,161,2024-11-05T00:00:00Z,General,,,,14,Member of Assembly,,268,State Assembly District,3,1,Total Votes,,,429,County,Suffolk,,false,1,,,58901
5691,161,2024-11-05T00:00:00Z,General,,,,14,Member of Assembly,,269,State Assembly District,4,13513,Rebecca A. Kassay,,,429,County,Suffolk,,true,1,7,Democratic,30795
5691,161,2024-11-05T00:00:00Z,General,,,,14,Member of Assembly,,269,State Assembly District,4,192,Edward A. Flood,,,429,County,Suffolk,,false,1,8,Republican,26631
5691,161,2024-11-05T00:00:00Z,General,,,,14,Member of Assembly,,269,State Assembly District,4,192,Edward A. Flood,,,429,County,Suffolk,,false,1,9,Conservative,3333
5691,161,2024-11-05T00:00:00Z,General,,,,14,Member of Assembly,,269,State Assembly District,4,6,Scattering,,,429,County,Suffolk,,false,1,,,36
5691,161,2024-11-05T00:00:00Z,General,,,,14,Member of Assembly,,269,State Assembly District,4,10,Blank,,,429,County,Suffolk,,false,1,,,4642
5691,161,2024-11-05T00:00:00Z,General,,,,14,Member of Assembly,,269,State Assembly District,4,9,Void,,,429,County,Suffolk,,false,1,,,12
5691,161,2024-11-05T00:00:00Z,General,,,,14,Member of Assembly,,269,State Assembly District,4,1,Total Votes,,,429,County,Suffolk,,false,1,,,65449
5692,161,2024-11-05T00:00:00Z,General,,,,14,Member of Assembly,,270,State Assembly District,5,194,Douglas M. Smith,,,429,County,Suffolk,,true,1,8,Republican,36953
5692,161,2024-11-05T00:00:00Z,General,,,,14,Member of Assembly,,270,State Assembly District,5,194,Douglas M. Smith,,,429,County,Suffolk,,true,1,9,Conservative,4521
5692,161,2024-11-05T00:00:00Z,General,,,,14,Member of Assembly,,270,State Assembly District,5,13514,Michael A. Reynolds,,,429,County,Suffolk,,false,1,7,Democratic,22783
5692,161,2024-11-05T00:00:00Z,General,,,,14,Member of Assembly,,270,State Assembly District,5,6,Scattering,,,429,County,Suffolk,,false,1,,,47
5692,161,2024-11-05T00:00:00Z,General,,,,14,Member of Assembly,,270,State Assembly District,5,10,Blank,,,429,County,Suffolk,,false,1,,,6332
5692,161,2024-11-05T00:00:00Z,General,,,,14,Member of Assembly,,270,State Assembly District,5,9,Void,,,429,County,Suffolk,,false,1,,,12
5692,161,2024-11-05T00:00:00Z,General,,,,14,Member of Assembly,,270,State Assembly District,5,1,Total Votes,,,429,County,Suffolk,,false,1,,,70648
5693,161,2024-11-05T00:00:00Z,General,,,,14,Member of Assembly,,271,State Assembly District,6,9652,Philip R. Ramos,,,429,County,Suffolk,,true,1,7,Democratic,20464
5693,161,2024-11-05T00:00:00Z,General,,,,14,Member of Assembly,,271,State Assembly District,6,9652,Philip R. Ramos,,,429,County,Suffolk,,true,1,10,Working Families,1575
5693,161,2024-11-05T00:00:00Z,General,,,,14,Member of Assembly,,271,State Assembly District,6,13515,Daniel Mitola,,,429,County,Suffolk,,false,1,8,Republican,11483
5693,161,2024-11-05T00:00:00Z,General,,,,14,Member of Assembly,,271,State Assembly District,6,6,Scattering,,,429,County,Suffolk,,false,1,,,16
5693,161,2024-11-05T00:00:00Z,General,,,,14,Member of Assembly,,271,State Assembly District,6,10,Blank,,,429,County,Suffolk,,false,1,,,4241
5693,161,2024-11-05T00:00:00Z,General,,,,14,Member of Assembly,,271,State Assembly District,6,9,Void,,,429,County,Suffolk,,false,1,,,59
5693,161,2024-11-05T00:00:00Z,General,,,,14,Member of Assembly,,271,State Assembly District,6,1,Total Votes,,,429,County,Suffolk,,false,1,,,37838
5694,161,2024-11-05T00:00:00Z,General,,,,14,Member of Assembly,,272,State Assembly District,7,198,Jarett C. Gandolfo,,,429,County,Suffolk,,true,1,8,Republican,36819
5694,161,2024-11-05T00:00:00Z,General,,,,14,Member of Assembly,,272,State Assembly District,7,198,Jarett C. Gandolfo,,,429,County,Suffolk,,true,1,9,Conservative,5837
5694,161,2024-11-05T00:00:00Z,General,,,,14,Member of Assembly,,272,State Assembly District,7,13516,Garrett J. Petersen,,,429,County,Suffolk,,false,1,7,Democratic,25003
5694,161,2024-11-05T00:00:00Z,General,,,,14,Member of Assembly,,272,State Assembly District,7,6,Scattering,,,429,County,Suffolk,,false,1,,,18
5694,161,2024-11-05T00:00:00Z,General,,,,14,Member of Assembly,,272,State Assembly District,7,10,Blank,,,429,County,Suffolk,,false,1,,,5360
5694,161,2024-11-05T00:00:00Z,General,,,,14,Member of Assembly,,272,State Assembly District,7,9,Void,,,429,County,Suffolk,,false,1,,,16
5694,161,2024-11-05T00:00:00Z,General,,,,14,Member of Assembly,,272,State Assembly District,7,1,Total Votes,,,429,County,Suffolk,,false,1,,,73053
5695,161,2024-11-05T00:00:00Z,General,,,,14,Member of Assembly,,273,State Assembly District,8,200,Michael J. Fitzpatrick,,,429,County,Suffolk,,true,1,8,Republican,44993
5695,161,2024-11-05T00:00:00Z,General,,,,14,Member of Assembly,,273,State Assembly District,8,200,Michael J. Fitzpatrick,,,429,County,Suffolk,,true,1,9,Conservative,5575
5695,161,2024-11-05T00:00:00Z,General,,,,14,Member of Assembly,,273,State Assembly District,8,13517,Steven P. Basileo,,,429,County,Suffolk,,false,1,7,Democratic,24966
5695,161,2024-11-05T00:00:00Z,General,,,,14,Member of Assembly,,273,State Assembly District,8,13517,Steven P. Basileo,,,429,County,Suffolk,,false,1,10,Working Families,1050
5695,161,2024-11-05T00:00:00Z,General,,,,14,Member of Assembly,,273,State Assembly District,8,6,Scattering,,,429,County,Suffolk,,false,1,,,28
5695,161,2024-11-05T00:00:00Z,General,,,,14,Member of Assembly,,273,State Assembly District,8,10,Blank,,,429,County,Suffolk,,false,1,,,5439
5695,161,2024-11-05T00:00:00Z,General,,,,14,Member of Assembly,,273,State Assembly District,8,9,Void,,,429,County,Suffolk,,false,1,,,20
5695,161,2024-11-05T00:00:00Z,General,,,,14,Member of Assembly,,273,State Assembly District,8,1,Total Votes,,,429,County,Suffolk,,false,1,,,82071
5696,161,2024-11-05T00:00:00Z,General,,,,14,Member of Assembly,,274,State Assembly District,9,202,Michael A. Durso,,,428,County,Nassau,,true,1,8,Republican,16419
5696,161,2024-11-05T00:00:00Z,General,,,,14,Member of Assembly,,274,State Assembly District,9,202,Michael A. Durso,,,428,County,Nassau,,true,1,9,Conservative,1318
5696,161,2024-11-05T00:00:00Z,General,,,,14,Member of Assembly,,274,State Assembly District,9,201,Steven J. Dellavecchia,,,428,County,Nassau,,false,1,7,Democratic,6350
5696,161,2024-11-05T00:00:00Z,General,,,,14,Member of Assembly,,274,State Assembly District,9,6,Scattering,,,428,County,Nassau,,false,1,,,6
5696,161,2024-11-05T00:00:00Z,General,,,,14,Member of Assembly,,274,State Assembly District,9,10,Blank,,,428,County,Nassau,,false,1,,,1208
5696,161,2024-11-05T00:00:00Z,General,,,,14,Member of Assembly,,274,State Assembly District,9,9,Void,,,428,County,Nassau,,false,1,,,8
5696,161,2024-11-05T00:00:00Z,General,,,,14,Member of Assembly,,274,State Assembly District,9,1,Total Votes,,,428,County,Nassau,,false,1,,,25309
5696,161,2024-11-05T00:00:00Z,General,,,,14,Member of Assembly,,274,State Assembly District,9,202,Michael A. Durso,,,429,County,Suffolk,,true,1,8,Republican,25803
5696,161,2024-11-05T00:00:00Z,General,,,,14,Member of Assembly,,274,State Assembly District,9,202,Michael A. Durso,,,429,County,Suffolk,,true,1,9,Conservative,2918
5696,161,2024-11-05T00:00:00Z,General,,,,14,Member of Assembly,,274,State Assembly District,9,201,Steven J. Dellavecchia,,,429,County,Suffolk,,false,1,7,Democratic,16022
5696,161,2024-11-05T00:00:00Z,General,,,,14,Member of Assembly,,274,State Assembly District,9,6,Scattering,,,429,County,Suffolk,,false,1,,,15
5696,161,2024-11-05T00:00:00Z,General,,,,14,Member of Assembly,,274,State Assembly District,9,10,Blank,,,429,County,Suffolk,,false,1,,,3675
5696,161,2024-11-05T00:00:00Z,General,,,,14,Member of Assembly,,274,State Assembly District,9,9,Void,,,429,County,Suffolk,,false,1,,,14
5696,161,2024-11-05T00:00:00Z,General,,,,14,Member of Assembly,,274,State Assembly District,9,1,Total Votes,,,429,County,Suffolk,,false,1,,,48447
5697,161,2024-11-05T00:00:00Z,General,,,,14,Member of Assembly,,275,State Assembly District,10,203,Steve Stern,,,428,County,Nassau,,true,1,7,Democratic,3708
5697,161,2024-11-05T00:00:00Z,General,,,,14,Member of Assembly,,275,State Assembly District,10,204,Aamir Sultan,,,428,County,Nassau,,false,1,8,Republican,2136
5697,161,2024-11-05T00:00:00Z,General,,,,14,Member of Assembly,,275,State Assembly District,10,204,Aamir Sultan,,,428,County,Nassau,,false,1,9,Conservative,144
5697,161,2024-11-05T00:00:00Z,General,,,,14,Member of Assembly,,275,State Assembly District,10,6,Scattering,,,428,County,Nassau,,false,1,,,7
5697,161,2024-11-05T00:00:00Z,General,,,,14,Member of Assembly,,275,State Assembly District,10,10,Blank,,,428,County,Nassau,,false,1,,,500
5697,161,2024-11-05T00:00:00Z,General,,,,14,Member of Assembly,,275,State Assembly District,10,9,Void,,,428,County,Nassau,,false,1,,,7
5697,161,2024-11-05T00:00:00Z,General,,,,14,Member of Assembly,,275,State Assembly District,10,1,Total Votes,,,428,County,Nassau,,false,1,,,6502
5697,161,2024-11-05T00:00:00Z,General,,,,14,Member of Assembly,,275,State Assembly District,10,203,Steve Stern,,,429,County,Suffolk,,true,1,7,Democratic,32230
5697,161,2024-11-05T00:00:00Z,General,,,,14,Member of Assembly,,275,State Assembly District,10,204,Aamir Sultan,,,429,County,Suffolk,,false,1,8,Republican,23151
5697,161,2024-11-05T00:00:00Z,General,,,,14,Member of Assembly,,275,State Assembly District,10,204,Aamir Sultan,,,429,County,Suffolk,,false,1,9,Conservative,2856
5697,161,2024-11-05T00:00:00Z,General,,,,14,Member of Assembly,,275,State Assembly District,10,6,Scattering,,,429,County,Suffolk,,false,1,,,38
5697,161,2024-11-05T00:00:00Z,General,,,,14,Member of Assembly,,275,State Assembly District,10,10,Blank,,,429,County,Suffolk,,false,1,,,4105
5697,161,2024-11-05T00:00:00Z,General,,,,14,Member of Assembly,,275,State Assembly District,10,9,Void,,,429,County,Suffolk,,false,1,,,38
5697,161,2024-11-05T00:00:00Z,General,,,,14,Member of Assembly,,275,State Assembly District,10,1,Total Votes,,,429,County,Suffolk,,false,1,,,62418
5698,161,2024-11-05T00:00:00Z,General,,,,14,Member of Assembly,,276,State Assembly District,11,13518,Kwani B. O'Pharrow,,,428,County,Nassau,,true,1,7,Democratic,1882
5698,161,2024-11-05T00:00:00Z,General,,,,14,Member of Assembly,,276,State Assembly District,11,13519,Joseph R. Cardinale,,,428,County,Nassau,,false,1,8,Republican,1275
5698,161,2024-11-05T00:00:00Z,General,,,,14,Member of Assembly,,276,State Assembly District,11,13519,Joseph R. Cardinale,,,428,County,Nassau,,false,1,9,Conservative,120
5698,161,2024-11-05T00:00:00Z,General,,,,14,Member of Assembly,,276,State Assembly District,11,6,Scattering,,,428,County,Nassau,,false,1,,,0
5698,161,2024-11-05T00:00:00Z,General,,,,14,Member of Assembly,,276,State Assembly District,11,10,Blank,,,428,County,Nassau,,false,1,,,233
5698,161,2024-11-05T00:00:00Z,General,,,,14,Member of Assembly,,276,State Assembly District,11,9,Void,,,428,County,Nassau,,false,1,,,0
5698,161,2024-11-05T00:00:00Z,General,,,,14,Member of Assembly,,276,State Assembly District,11,1,Total Votes,,,428,County,Nassau,,false,1,,,3510
5698,161,2024-11-05T00:00:00Z,General,,,,14,Member of Assembly,,276,State Assembly District,11,13518,Kwani B. O'Pharrow,,,429,County,Suffolk,,true,1,7,Democratic,24996
5698,161,2024-11-05T00:00:00Z,General,,,,14,Member of Assembly,,276,State Assembly District,11,13519,Joseph R. Cardinale,,,429,County,Suffolk,,false,1,8,Republican,21999
5698,161,2024-11-05T00:00:00Z,General,,,,14,Member of Assembly,,276,State Assembly District,11,13519,Joseph R. Cardinale,,,429,County,Suffolk,,false,1,9,Conservative,2587
5698,161,2024-11-05T00:00:00Z,General,,,,14,Member of Assembly,,276,State Assembly District,11,6,Scattering,,,429,County,Suffolk,,false,1,,,27
5698,161,2024-11-05T00:00:00Z,General,,,,14,Member of Assembly,,276,State Assembly District,11,10,Blank,,,429,County,Suffolk,,false,1,,,4061
5698,161,2024-11-05T00:00:00Z,General,,,,14,Member of Assembly,,276,State Assembly District,11,9,Void,,,429,County,Suffolk,,false,1,,,35
5698,161,2024-11-05T00:00:00Z,General,,,,14,Member of Assembly,,276,State Assembly District,11,1,Total Votes,,,429,County,Suffolk,,false,1,,,53705
5699,161,2024-11-05T00:00:00Z,General,,,,14,Member of Assembly,,277,State Assembly District,12,208,Keith Brown,,,429,County,Suffolk,,true,1,8,Republican,34370
5699,161,2024-11-05T00:00:00Z,General,,,,14,Member of Assembly,,277,State Assembly District,12,208,Keith Brown,,,429,County,Suffolk,,true,1,9,Conservative,4438
5699,161,2024-11-05T00:00:00Z,General,,,,14,Member of Assembly,,277,State Assembly District,12,13520,Thomas J. Cox,,,429,County,Suffolk,,false,1,7,Democratic,29137
5699,161,2024-11-05T00:00:00Z,General,,,,14,Member of Assembly,,277,State Assembly District,12,6,Scattering,,,429,County,Suffolk,,false,1,,,53
5699,161,2024-11-05T00:00:00Z,General,,,,14,Member of Assembly,,277,State Assembly District,12,10,Blank,,,429,County,Suffolk,,false,1,,,5125
5699,161,2024-11-05T00:00:00Z,General,,,,14,Member of Assembly,,277,State Assembly District,12,9,Void,,,429,County,Suffolk,,false,1,,,15
5699,161,2024-11-05T00:00:00Z,General,,,,14,Member of Assembly,,277,State Assembly District,12,1,Total Votes,,,429,County,Suffolk,,false,1,,,73138
5700,161,2024-11-05T00:00:00Z,General,,,,14,Member of Assembly,,278,State Assembly District,13,209,Charles D. Lavine,,,428,County,Nassau,,true,1,7,Democratic,30850
5700,161,2024-11-05T00:00:00Z,General,,,,14,Member of Assembly,,278,State Assembly District,13,210,Ruka Anzai,,,428,County,Nassau,,false,1,8,Republican,23178
5700,161,2024-11-05T00:00:00Z,General,,,,14,Member of Assembly,,278,State Assembly District,13,210,Ruka Anzai,,,428,County,Nassau,,false,1,9,Conservative,2022
5700,161,2024-11-05T00:00:00Z,General,,,,14,Member of Assembly,,278,State Assembly District,13,6,Scattering,,,428,County,Nassau,,false,1,,,99
5700,161,2024-11-05T00:00:00Z,General,,,,14,Member of Assembly,,278,State Assembly District,13,10,Blank,,,428,County,Nassau,,false,1,,,4644
5700,161,2024-11-05T00:00:00Z,General,,,,14,Member of Assembly,,278,State Assembly District,13,9,Void,,,428,County,Nassau,,false,1,,,11
5700,161,2024-11-05T00:00:00Z,General,,,,14,Member of Assembly,,278,State Assembly District,13,1,Total Votes,,,428,County,Nassau,,false,1,,,60804
5701,161,2024-11-05T00:00:00Z,General,,,,14,Member of Assembly,,279,State Assembly District,14,212,David G. McDonough,,,428,County,Nassau,,true,1,8,Republican,45916
5701,161,2024-11-05T00:00:00Z,General,,,,14,Member of Assembly,,279,State Assembly District,14,212,David G. McDonough,,,428,County,Nassau,,true,1,9,Conservative,3729
5701,161,2024-11-05T00:00:00Z,General,,,,14,Member of Assembly,,279,State Assembly District,14,13521,Ellen M. Lederer DeFrancesco,,,428,County,Nassau,,false,1,7,Democratic,27907
5701,161,2024-11-05T00:00:00Z,General,,,,14,Member of Assembly,,279,State Assembly District,14,6,Scattering,,,428,County,Nassau,,false,1,,,55
5701,161,2024-11-05T00:00:00Z,General,,,,14,Member of Assembly,,279,State Assembly District,14,10,Blank,,,428,County,Nassau,,false,1,,,5443
5701,161,2024-11-05T00:00:00Z,General,,,,14,Member of Assembly,,279,State Assembly District,14,9,Void,,,428,County,Nassau,,false,1,,,19
5701,161,2024-11-05T00:00:00Z,General,,,,14,Member of Assembly,,279,State Assembly District,14,1,Total Votes,,,428,County,Nassau,,false,1,,,83069
5702,161,2024-11-05T00:00:00Z,General,,,,14,Member of Assembly,,280,State Assembly District,15,13523,Jacob Ryan Blumencranz,,,428,County,Nassau,,true,1,8,Republican,35819
5702,161,2024-11-05T00:00:00Z,General,,,,14,Member of Assembly,,280,State Assembly District,15,13523,Jacob Ryan Blumencranz,,,428,County,Nassau,,true,1,9,Conservative,3028
5702,161,2024-11-05T00:00:00Z,General,,,,14,Member of Assembly,,280,State Assembly District,15,13522,William L. Murphy,,,428,County,Nassau,,false,1,7,Democratic,28081
5702,161,2024-11-05T00:00:00Z,General,,,,14,Member of Assembly,,280,State Assembly District,15,6,Scattering,,,428,County,Nassau,,false,1,,,103
5702,161,2024-11-05T00:00:00Z,General,,,,14,Member of Assembly,,280,State Assembly District,15,10,Blank,,,428,County,Nassau,,false,1,,,5327
5702,161,2024-11-05T00:00:00Z,General,,,,14,Member of Assembly,,280,State Assembly District,15,9,Void,,,428,County,Nassau,,false,1,,,11
5702,161,2024-11-05T00:00:00Z,General,,,,14,Member of Assembly,,280,State Assembly District,15,1,Total Votes,,,428,County,Nassau,,false,1,,,72369
5703,161,2024-11-05T00:00:00Z,General,,,,14,Member of Assembly,,281,State Assembly District,16,13524,Daniel J. Norber,,,428,County,Nassau,,true,1,8,Republican,32723
5703,161,2024-11-05T00:00:00Z,General,,,,14,Member of Assembly,,281,State Assembly District,16,13524,Daniel J. Norber,,,428,County,Nassau,,true,1,9,Conservative,2120
5703,161,2024-11-05T00:00:00Z,General,,,,14,Member of Assembly,,281,State Assembly District,16,215,Gina L. Sillitti,,,428,County,Nassau,,false,1,7,Democratic,34104
5703,161,2024-11-05T00:00:00Z,General,,,,14,Member of Assembly,,281,State Assembly District,16,6,Scattering,,,428,County,Nassau,,false,1,,,111
5703,161,2024-11-05T00:00:00Z,General,,,,14,Member of Assembly,,281,State Assembly District,16,10,Blank,,,428,County,Nassau,,false,1,,,4071
5703,161,2024-11-05T00:00:00Z,General,,,,14,Member of Assembly,,281,State Assembly District,16,9,Void,,,428,County,Nassau,,false,1,,,21
5703,161,2024-11-05T00:00:00Z,General,,,,14,Member of Assembly,,281,State Assembly District,16,1,Total Votes,,,428,County,Nassau,,false,1,,,73150
5704,161,2024-11-05T00:00:00Z,General,,,,14,Member of Assembly,,282,State Assembly District,17,218,John K. Mikulin,,,428,County,Nassau,,true,1,8,Republican,41294
5704,161,2024-11-05T00:00:00Z,General,,,,14,Member of Assembly,,282,State Assembly District,17,218,John K. Mikulin,,,428,County,Nassau,,true,1,9,Conservative,3733
5704,161,2024-11-05T00:00:00Z,General,,,,14,Member of Assembly,,282,State Assembly District,17,13525,Harpreet S. Toor,,,428,County,Nassau,,false,1,7,Democratic,23887
5704,161,2024-11-05T00:00:00Z,General,,,,14,Member of Assembly,,282,State Assembly District,17,6,Scattering,,,428,County,Nassau,,false,1,,,79
5704,161,2024-11-05T00:00:00Z,General,,,,14,Member of Assembly,,282,State Assembly District,17,10,Blank,,,428,County,Nassau,,false,1,,,5418
5704,161,2024-11-05T00:00:00Z,General,,,,14,Member of Assembly,,282,State Assembly District,17,9,Void,,,428,County,Nassau,,false,1,,,26
5704,161,2024-11-05T00:00:00Z,General,,,,14,Member of Assembly,,282,State Assembly District,17,1,Total Votes,,,428,County,Nassau,,false,1,,,74437
5705,161,2024-11-05T00:00:00Z,General,,,,14,Member of Assembly,,283,State Assembly District,18,13526,Noah Burroughs,,,428,County,Nassau,,true,1,7,Democratic,32865
5705,161,2024-11-05T00:00:00Z,General,,,,14,Member of Assembly,,283,State Assembly District,18,13526,Noah Burroughs,,,428,County,Nassau,,true,1,10,Working Families,553
5705,161,2024-11-05T00:00:00Z,General,,,,14,Member of Assembly,,283,State Assembly District,18,13527,Danielle Samantha Smikle,,,428,County,Nassau,,false,1,8,Republican,6525
5705,161,2024-11-05T00:00:00Z,General,,,,14,Member of Assembly,,283,State Assembly District,18,13527,Danielle Samantha Smikle,,,428,County,Nassau,,false,1,9,Conservative,749
5705,161,2024-11-05T00:00:00Z,General,,,,14,Member of Assembly,,283,State Assembly District,18,6,Scattering,,,428,County,Nassau,,false,1,,,40
5705,161,2024-11-05T00:00:00Z,General,,,,14,Member of Assembly,,283,State Assembly District,18,10,Blank,,,428,County,Nassau,,false,1,,,3783
5705,161,2024-11-05T00:00:00Z,General,,,,14,Member of Assembly,,283,State Assembly District,18,9,Void,,,428,County,Nassau,,false,1,,,38
5705,161,2024-11-05T00:00:00Z,General,,,,14,Member of Assembly,,283,State Assembly District,18,1,Total Votes,,,428,County,Nassau,,false,1,,,44553
5706,161,2024-11-05T00:00:00Z,General,,,,14,Member of Assembly,,284,State Assembly District,19,222,Edward P. Ra,,,428,County,Nassau,,true,1,8,Republican,39277
5706,161,2024-11-05T00:00:00Z,General,,,,14,Member of Assembly,,284,State Assembly District,19,222,Edward P. Ra,,,428,County,Nassau,,true,1,9,Conservative,3588
5706,161,2024-11-05T00:00:00Z,General,,,,14,Member of Assembly,,284,State Assembly District,19,221,Sanjeev Kumar Jindal,,,428,County,Nassau,,false,1,7,Democratic,23726
5706,161,2024-11-05T00:00:00Z,General,,,,14,Member of Assembly,,284,State Assembly District,19,6,Scattering,,,428,County,Nassau,,false,1,,,88
5706,161,2024-11-05T00:00:00Z,General,,,,14,Member of Assembly,,284,State Assembly District,19,10,Blank,,,428,County,Nassau,,false,1,,,5189
5706,161,2024-11-05T00:00:00Z,General,,,,14,Member of Assembly,,284,State Assembly District,19,9,Void,,,428,County,Nassau,,false,1,,,16
5706,161,2024-11-05T00:00:00Z,General,,,,14,Member of Assembly,,284,State Assembly District,19,1,Total Votes,,,428,County,Nassau,,false,1,,,71884
5707,161,2024-11-05T00:00:00Z,General,,,,14,Member of Assembly,,285,State Assembly District,20,13529,Eric G. Brown,,,428,County,Nassau,,true,1,8,Republican,37134
5707,161,2024-11-05T00:00:00Z,General,,,,14,Member of Assembly,,285,State Assembly District,20,13529,Eric G. Brown,,,428,County,Nassau,,true,1,9,Conservative,2457
5707,161,2024-11-05T00:00:00Z,General,,,,14,Member of Assembly,,285,State Assembly District,20,13528,Tina M. Posterli,,,428,County,Nassau,,false,1,7,Democratic,23616
5707,161,2024-11-05T00:00:00Z,General,,,,14,Member of Assembly,,285,State Assembly District,20,6,Scattering,,,428,County,Nassau,,false,1,,,57
5707,161,2024-11-05T00:00:00Z,General,,,,14,Member of Assembly,,285,State Assembly District,20,10,Blank,,,428,County,Nassau,,false,1,,,4753
5707,161,2024-11-05T00:00:00Z,General,,,,14,Member of Assembly,,285,State Assembly District,20,9,Void,,,428,County,Nassau,,false,1,,,16
5707,161,2024-11-05T00:00:00Z,General,,,,14,Member of Assembly,,285,State Assembly District,20,1,Total Votes,,,428,County,Nassau,,false,1,,,68033
5708,161,2024-11-05T00:00:00Z,General,,,,14,Member of Assembly,,286,State Assembly District,21,225,Judy A. Griffin,,,428,County,Nassau,,true,1,7,Democratic,36036
5708,161,2024-11-05T00:00:00Z,General,,,,14,Member of Assembly,,286,State Assembly District,21,226,Brian F. Curran,,,428,County,Nassau,,false,1,8,Republican,30446
5708,161,2024-11-05T00:00:00Z,General,,,,14,Member of Assembly,,286,State Assembly District,21,226,Brian F. Curran,,,428,County,Nassau,,false,1,9,Conservative,2978
5708,161,2024-11-05T00:00:00Z,General,,,,14,Member of Assembly,,286,State Assembly District,21,12934,Blank Enrollment,,,428,County,Nassau,,false,1,,,3968
5708,161,2024-11-05T00:00:00Z,General,,,,14,Member of Assembly,,286,State Assembly District,21,6,Scattering,,,428,County,Nassau,,false,1,,,75
5708,161,2024-11-05T00:00:00Z,General,,,,14,Member of Assembly,,286,State Assembly District,21,9,Void,,,428,County,Nassau,,false,1,,,40
5708,161,2024-11-05T00:00:00Z,General,,,,14,Member of Assembly,,286,State Assembly District,21,1,Total Votes,,,428,County,Nassau,,false,1,,,73543
5709,161,2024-11-05T00:00:00Z,General,,,,14,Member of Assembly,,287,State Assembly District,22,8385,Michaelle C. Solages,,,428,County,Nassau,,true,1,7,Democratic,35473
5709,161,2024-11-05T00:00:00Z,General,,,,14,Member of Assembly,,287,State Assembly District,22,8385,Michaelle C. Solages,,,428,County,Nassau,,true,1,10,Working Families,1079
5709,161,2024-11-05T00:00:00Z,General,,,,14,Member of Assembly,,287,State Assembly District,22,13530,Ian Joseph Bergstrom,,,428,County,Nassau,,false,1,8,Republican,20386
5709,161,2024-11-05T00:00:00Z,General,,,,14,Member of Assembly,,287,State Assembly District,22,13530,Ian Joseph Bergstrom,,,428,County,Nassau,,false,1,9,Conservative,1819
5709,161,2024-11-05T00:00:00Z,General,,,,14,Member of Assembly,,287,State Assembly District,22,6,Scattering,,,428,County,Nassau,,false,1,,,227
5709,161,2024-11-05T00:00:00Z,General,,,,14,Member of Assembly,,287,State Assembly District,22,10,Blank,,,428,County,Nassau,,false,1,,,4198
5709,161,2024-11-05T00:00:00Z,General,,,,14,Member of Assembly,,287,State Assembly District,22,9,Void,,,428,County,Nassau,,false,1,,,43
5709,161,2024-11-05T00:00:00Z,General,,,,14,Member of Assembly,,287,State Assembly District,22,1,Total Votes,,,428,County,Nassau,,false,1,,,63225
5710,161,2024-11-05T00:00:00Z,General,,,,14,Member of Assembly,,288,State Assembly District,23,229,Stacey G. Pheffer Amato,,,430,County,Queens,,true,1,7,Democratic,23133
5710,161,2024-11-05T00:00:00Z,General,,,,14,Member of Assembly,,288,State Assembly District,23,229,Stacey G. Pheffer Amato,,,430,County,Queens,,true,1,16,We the People,1102
5710,161,2024-11-05T00:00:00Z,General,,,,14,Member of Assembly,,288,State Assembly District,23,3090,Thomas P. Sullivan,,,430,County,Queens,,false,1,8,Republican,20658
5710,161,2024-11-05T00:00:00Z,General,,,,14,Member of Assembly,,288,State Assembly District,23,3090,Thomas P. Sullivan,,,430,County,Queens,,false,1,9,Conservative,1733
5710,161,2024-11-05T00:00:00Z,General,,,,14,Member of Assembly,,288,State Assembly District,23,3090,Thomas P. Sullivan,,,430,County,Queens,,false,1,293,Common Sense,276
5710,161,2024-11-05T00:00:00Z,General,,,,14,Member of Assembly,,288,State Assembly District,23,6,Scattering,,,430,County,Queens,,false,1,,,92
5710,161,2024-11-05T00:00:00Z,General,,,,14,Member of Assembly,,288,State Assembly District,23,10,Blank,,,430,County,Queens,,false,1,,,1717
5710,161,2024-11-05T00:00:00Z,General,,,,14,Member of Assembly,,288,State Assembly District,23,9,Void,,,430,County,Queens,,false,1,,,135
5710,161,2024-11-05T00:00:00Z,General,,,,14,Member of Assembly,,288,State Assembly District,23,1,Total Votes,,,430,County,Queens,,false,1,,,48846
5711,161,2024-11-05T00:00:00Z,General,,,,14,Member of Assembly,,289,State Assembly District,24,231,David I. Weprin,,,430,County,Queens,,true,1,7,Democratic,23300
5711,161,2024-11-05T00:00:00Z,General,,,,14,Member of Assembly,,289,State Assembly District,24,101,"Ruben D. Cruz, II",,,430,County,Queens,,false,1,8,Republican,12313
5711,161,2024-11-05T00:00:00Z,General,,,,14,Member of Assembly,,289,State Assembly District,24,101,"Ruben D. Cruz, II",,,430,County,Queens,,false,1,9,Conservative,883
5711,161,2024-11-05T00:00:00Z,General,,,,14,Member of Assembly,,289,State Assembly District,24,101,"Ruben D. Cruz, II",,,430,County,Queens,,false,1,293,Common Sense,187
5711,161,2024-11-05T00:00:00Z,General,,,,14,Member of Assembly,,289,State Assembly District,24,13531,Misbaah U. Mahmood,,,430,County,Queens,,false,1,309,People First,1325
5711,161,2024-11-05T00:00:00Z,General,,,,14,Member of Assembly,,289,State Assembly District,24,6,Scattering,,,430,County,Queens,,false,1,,,131
5711,161,2024-11-05T00:00:00Z,General,,,,14,Member of Assembly,,289,State Assembly District,24,10,Blank,,,430,County,Queens,,false,1,,,2305
5711,161,2024-11-05T00:00:00Z,General,,,,14,Member of Assembly,,289,State Assembly District,24,9,Void,,,430,County,Queens,,false,1,,,143
5711,161,2024-11-05T00:00:00Z,General,,,,14,Member of Assembly,,289,State Assembly District,24,1,Total Votes,,,430,County,Queens,,false,1,,,40587
5712,161,2024-11-05T00:00:00Z,General,,,,14,Member of Assembly,,290,State Assembly District,25,232,Nily D. Rozic,,,430,County,Queens,,true,1,7,Democratic,15394
5712,161,2024-11-05T00:00:00Z,General,,,,14,Member of Assembly,,290,State Assembly District,25,232,Nily D. Rozic,,,430,County,Queens,,true,1,10,Working Families,1318
5712,161,2024-11-05T00:00:00Z,General,,,,14,Member of Assembly,,290,State Assembly District,25,13532,Kenneth Paek,,,430,County,Queens,,false,1,8,Republican,13601
5712,161,2024-11-05T00:00:00Z,General,,,,14,Member of Assembly,,290,State Assembly District,25,13532,Kenneth Paek,,,430,County,Queens,,false,1,9,Conservative,1140
5712,161,2024-11-05T00:00:00Z,General,,,,14,Member of Assembly,,290,State Assembly District,25,6,Scattering,,,430,County,Queens,,false,1,,,135
5712,161,2024-11-05T00:00:00Z,General,,,,14,Member of Assembly,,290,State Assembly District,25,10,Blank,,,430,County,Queens,,false,1,,,2151
5712,161,2024-11-05T00:00:00Z,General,,,,14,Member of Assembly,,290,State Assembly District,25,9,Void,,,430,County,Queens,,false,1,,,179
5712,161,2024-11-05T00:00:00Z,General,,,,14,Member of Assembly,,290,State Assembly District,25,1,Total Votes,,,430,County,Queens,,false,1,,,33918
5713,161,2024-11-05T00:00:00Z,General,,,,14,Member of Assembly,,291,State Assembly District,26,234,Edward C. Braunstein,,,430,County,Queens,,true,1,7,Democratic,27022
5713,161,2024-11-05T00:00:00Z,General,,,,14,Member of Assembly,,291,State Assembly District,26,235,Robert J. Speranza,,,430,County,Queens,,false,1,9,Conservative,11944
5713,161,2024-11-05T00:00:00Z,General,,,,14,Member of Assembly,,291,State Assembly District,26,235,Robert J. Speranza,,,430,County,Queens,,false,1,293,Common Sense,794
5713,161,2024-11-05T00:00:00Z,General,,,,14,Member of Assembly,,291,State Assembly District,26,6,Scattering,,,430,County,Queens,,false,1,,,142
5713,161,2024-11-05T00:00:00Z,General,,,,14,Member of Assembly,,291,State Assembly District,26,10,Blank,,,430,County,Queens,,false,1,,,10698
5713,161,2024-11-05T00:00:00Z,General,,,,14,Member of Assembly,,291,State Assembly District,26,9,Void,,,430,County,Queens,,false,1,,,161
5713,161,2024-11-05T00:00:00Z,General,,,,14,Member of Assembly,,291,State Assembly District,26,1,Total Votes,,,430,County,Queens,,false,1,,,50761
5714,161,2024-11-05T00:00:00Z,General,,,,14,Member of Assembly,,292,State Assembly District,27,13533,Sam Berger,,,430,County,Queens,,true,1,7,Democratic,20429
5714,161,2024-11-05T00:00:00Z,General,,,,14,Member of Assembly,,292,State Assembly District,27,237,Angelo King,,,430,County,Queens,,false,1,8,Republican,15150
5714,161,2024-11-05T00:00:00Z,General,,,,14,Member of Assembly,,292,State Assembly District,27,6,Scattering,,,430,County,Queens,,false,1,,,96
5714,161,2024-11-05T00:00:00Z,General,,,,14,Member of Assembly,,292,State Assembly District,27,10,Blank,,,430,County,Queens,,false,1,,,3148
5714,161,2024-11-05T00:00:00Z,General,,,,14,Member of Assembly,,292,State Assembly District,27,9,Void,,,430,County,Queens,,false,1,,,324
5714,161,2024-11-05T00:00:00Z,General,,,,14,Member of Assembly,,292,State Assembly District,27,1,Total Votes,,,430,County,Queens,,false,1,,,39147
5715,161,2024-11-05T00:00:00Z,General,,,,14,Member of Assembly,,293,State Assembly District,28,238,Andrew D. Hevesi,,,430,County,Queens,,true,1,7,Democratic,28376
5715,161,2024-11-05T00:00:00Z,General,,,,14,Member of Assembly,,293,State Assembly District,28,13534,Jonathan D. Rinaldi,,,430,County,Queens,,false,1,8,Republican,19158
5715,161,2024-11-05T00:00:00Z,General,,,,14,Member of Assembly,,293,State Assembly District,28,13534,Jonathan D. Rinaldi,,,430,County,Queens,,false,1,16,We the People,547
5715,161,2024-11-05T00:00:00Z,General,,,,14,Member of Assembly,,293,State Assembly District,28,13534,Jonathan D. Rinaldi,,,430,County,Queens,,false,1,306,Truth,195
5715,161,2024-11-05T00:00:00Z,General,,,,14,Member of Assembly,,293,State Assembly District,28,6,Scattering,,,430,County,Queens,,false,1,,,117
5715,161,2024-11-05T00:00:00Z,General,,,,14,Member of Assembly,,293,State Assembly District,28,10,Blank,,,430,County,Queens,,false,1,,,3051
5715,161,2024-11-05T00:00:00Z,General,,,,14,Member of Assembly,,293,State Assembly District,28,9,Void,,,430,County,Queens,,false,1,,,366
5715,161,2024-11-05T00:00:00Z,General,,,,14,Member of Assembly,,293,State Assembly District,28,1,Total Votes,,,430,County,Queens,,false,1,,,51810
5716,161,2024-11-05T00:00:00Z,General,,,,14,Member of Assembly,,294,State Assembly District,29,240,Alicia L. Hyndman,,,430,County,Queens,,true,1,7,Democratic,37110
5716,161,2024-11-05T00:00:00Z,General,,,,14,Member of Assembly,,294,State Assembly District,29,13535,Dwayne Moore,,,430,County,Queens,,false,1,8,Republican,6015
5716,161,2024-11-05T00:00:00Z,General,,,,14,Member of Assembly,,294,State Assembly District,29,6,Scattering,,,430,County,Queens,,false,1,,,142
5716,161,2024-11-05T00:00:00Z,General,,,,14,Member of Assembly,,294,State Assembly District,29,10,Blank,,,430,County,Queens,,false,1,,,2048
5716,161,2024-11-05T00:00:00Z,General,,,,14,Member of Assembly,,294,State Assembly District,29,9,Void,,,430,County,Queens,,false,1,,,64
5716,161,2024-11-05T00:00:00Z,General,,,,14,Member of Assembly,,294,State Assembly District,29,1,Total Votes,,,430,County,Queens,,false,1,,,45379
5717,161,2024-11-05T00:00:00Z,General,,,,14,Member of Assembly,,295,State Assembly District,30,241,Steven B. Raga,,,430,County,Queens,,true,1,7,Democratic,16396
5717,161,2024-11-05T00:00:00Z,General,,,,14,Member of Assembly,,295,State Assembly District,30,241,Steven B. Raga,,,430,County,Queens,,true,1,10,Working Families,2057
5717,161,2024-11-05T00:00:00Z,General,,,,14,Member of Assembly,,295,State Assembly District,30,13536,Brandon P. Castro,,,430,County,Queens,,false,1,8,Republican,11720
5717,161,2024-11-05T00:00:00Z,General,,,,14,Member of Assembly,,295,State Assembly District,30,13536,Brandon P. Castro,,,430,County,Queens,,false,1,293,Common Sense,305
5717,161,2024-11-05T00:00:00Z,General,,,,14,Member of Assembly,,295,State Assembly District,30,6,Scattering,,,430,County,Queens,,false,1,,,94
5717,161,2024-11-05T00:00:00Z,General,,,,14,Member of Assembly,,295,State Assembly District,30,10,Blank,,,430,County,Queens,,false,1,,,2366
5717,161,2024-11-05T00:00:00Z,General,,,,14,Member of Assembly,,295,State Assembly District,30,9,Void,,,430,County,Queens,,false,1,,,154
5717,161,2024-11-05T00:00:00Z,General,,,,14,Member of Assembly,,295,State Assembly District,30,1,Total Votes,,,430,County,Queens,,false,1,,,33092
5718,161,2024-11-05T00:00:00Z,General,,,,14,Member of Assembly,,296,State Assembly District,31,765,Khaleel M. Anderson,,,430,County,Queens,,true,1,7,Democratic,26045
5718,161,2024-11-05T00:00:00Z,General,,,,14,Member of Assembly,,296,State Assembly District,31,765,Khaleel M. Anderson,,,430,County,Queens,,true,1,10,Working Families,2082
5718,161,2024-11-05T00:00:00Z,General,,,,14,Member of Assembly,,296,State Assembly District,31,6,Scattering,,,430,County,Queens,,false,1,,,172
5718,161,2024-11-05T00:00:00Z,General,,,,14,Member of Assembly,,296,State Assembly District,31,10,Blank,,,430,County,Queens,,false,1,,,6103
5718,161,2024-11-05T00:00:00Z,General,,,,14,Member of Assembly,,296,State Assembly District,31,9,Void,,,430,County,Queens,,false,1,,,44
5718,161,2024-11-05T00:00:00Z,General,,,,14,Member of Assembly,,296,State Assembly District,31,1,Total Votes,,,430,County,Queens,,false,1,,,34446
5719,161,2024-11-05T00:00:00Z,General,,,,14,Member of Assembly,,297,State Assembly District,32,6499,Vivian E. Cook,,,430,County,Queens,,true,1,7,Democratic,32663
5719,161,2024-11-05T00:00:00Z,General,,,,14,Member of Assembly,,297,State Assembly District,32,6,Scattering,,,430,County,Queens,,false,1,,,184
5719,161,2024-11-05T00:00:00Z,General,,,,14,Member of Assembly,,297,State Assembly District,32,10,Blank,,,430,County,Queens,,false,1,,,6174
5719,161,2024-11-05T00:00:00Z,General,,,,14,Member of Assembly,,297,State Assembly District,32,9,Void,,,430,County,Queens,,false,1,,,32
5719,161,2024-11-05T00:00:00Z,General,,,,14,Member of Assembly,,297,State Assembly District,32,1,Total Votes,,,430,County,Queens,,false,1,,,39053
5720,161,2024-11-05T00:00:00Z,General,,,,14,Member of Assembly,,298,State Assembly District,33,247,Clyde Vanel,,,430,County,Queens,,true,1,7,Democratic,39298
5720,161,2024-11-05T00:00:00Z,General,,,,14,Member of Assembly,,298,State Assembly District,33,6,Scattering,,,430,County,Queens,,false,1,,,443
5720,161,2024-11-05T00:00:00Z,General,,,,14,Member of Assembly,,298,State Assembly District,33,10,Blank,,,430,County,Queens,,false,1,,,9789
5720,161,2024-11-05T00:00:00Z,General,,,,14,Member of Assembly,,298,State Assembly District,33,9,Void,,,430,County,Queens,,false,1,,,70
5720,161,2024-11-05T00:00:00Z,General,,,,14,Member of Assembly,,298,State Assembly District,33,1,Total Votes,,,430,County,Queens,,false,1,,,49600
5721,161,2024-11-05T00:00:00Z,General,,,,14,Member of Assembly,,299,State Assembly District,34,248,Jessica Gonzalez-Rojas,,,430,County,Queens,,true,1,7,Democratic,21293
5721,161,2024-11-05T00:00:00Z,General,,,,14,Member of Assembly,,299,State Assembly District,34,248,Jessica Gonzalez-Rojas,,,430,County,Queens,,true,1,10,Working Families,5342
5721,161,2024-11-05T00:00:00Z,General,,,,14,Member of Assembly,,299,State Assembly District,34,6,Scattering,,,430,County,Queens,,false,1,,,491
5721,161,2024-11-05T00:00:00Z,General,,,,14,Member of Assembly,,299,State Assembly District,34,10,Blank,,,430,County,Queens,,false,1,,,11133
5721,161,2024-11-05T00:00:00Z,General,,,,14,Member of Assembly,,299,State Assembly District,34,9,Void,,,430,County,Queens,,false,1,,,219
5721,161,2024-11-05T00:00:00Z,General,,,,14,Member of Assembly,,299,State Assembly District,34,1,Total Votes,,,430,County,Queens,,false,1,,,38478
5722,161,2024-11-05T00:00:00Z,General,,,,14,Member of Assembly,,300,State Assembly District,35,1919,Larinda C. Hooks,,,430,County,Queens,,true,1,7,Democratic,16178
5722,161,2024-11-05T00:00:00Z,General,,,,14,Member of Assembly,,300,State Assembly District,35,1919,Larinda C. Hooks,,,430,County,Queens,,true,1,10,Working Families,2800
5722,161,2024-11-05T00:00:00Z,General,,,,14,Member of Assembly,,300,State Assembly District,35,6,Scattering,,,430,County,Queens,,false,1,,,252
5722,161,2024-11-05T00:00:00Z,General,,,,14,Member of Assembly,,300,State Assembly District,35,10,Blank,,,430,County,Queens,,false,1,,,9331
5722,161,2024-11-05T00:00:00Z,General,,,,14,Member of Assembly,,300,State Assembly District,35,9,Void,,,430,County,Queens,,false,1,,,62
5722,161,2024-11-05T00:00:00Z,General,,,,14,Member of Assembly,,300,State Assembly District,35,1,Total Votes,,,430,County,Queens,,false,1,,,28623
5723,161,2024-11-05T00:00:00Z,General,,,,14,Member of Assembly,,301,State Assembly District,36,770,Zohran Kwame Mamdani,,,430,County,Queens,,true,1,7,Democratic,30161
5723,161,2024-11-05T00:00:00Z,General,,,,14,Member of Assembly,,301,State Assembly District,36,770,Zohran Kwame Mamdani,,,430,County,Queens,,true,1,10,Working Families,7750
5723,161,2024-11-05T00:00:00Z,General,,,,14,Member of Assembly,,301,State Assembly District,36,6,Scattering,,,430,County,Queens,,false,1,,,596
5723,161,2024-11-05T00:00:00Z,General,,,,14,Member of Assembly,,301,State Assembly District,36,10,Blank,,,430,County,Queens,,false,1,,,10424
5723,161,2024-11-05T00:00:00Z,General,,,,14,Member of Assembly,,301,State Assembly District,36,9,Void,,,430,County,Queens,,false,1,,,380
5723,161,2024-11-05T00:00:00Z,General,,,,14,Member of Assembly,,301,State Assembly District,36,1,Total Votes,,,430,County,Queens,,false,1,,,49311
5724,161,2024-11-05T00:00:00Z,General,,,,14,Member of Assembly,,302,State Assembly District,37,13537,Claire Valdez,,,68,County,New York ,,true,1,7,Democratic,0
5724,161,2024-11-05T00:00:00Z,General,,,,14,Member of Assembly,,302,State Assembly District,37,13537,Claire Valdez,,,68,County,New York ,,true,1,10,Working Families,0
5724,161,2024-11-05T00:00:00Z,General,,,,14,Member of Assembly,,302,State Assembly District,37,6,Scattering,,,68,County,New York ,,false,1,,,0
5724,161,2024-11-05T00:00:00Z,General,,,,14,Member of Assembly,,302,State Assembly District,37,10,Blank,,,68,County,New York ,,false,1,,,0
5724,161,2024-11-05T00:00:00Z,General,,,,14,Member of Assembly,,302,State Assembly District,37,9,Void,,,68,County,New York ,,false,1,,,0
5724,161,2024-11-05T00:00:00Z,General,,,,14,Member of Assembly,,302,State Assembly District,37,1,Total Votes,,,68,County,New York ,,false,1,,,0
5724,161,2024-11-05T00:00:00Z,General,,,,14,Member of Assembly,,302,State Assembly District,37,13537,Claire Valdez,,,430,County,Queens,,true,1,7,Democratic,26527
5724,161,2024-11-05T00:00:00Z,General,,,,14,Member of Assembly,,302,State Assembly District,37,13537,Claire Valdez,,,430,County,Queens,,true,1,10,Working Families,7766
5724,161,2024-11-05T00:00:00Z,General,,,,14,Member of Assembly,,302,State Assembly District,37,6,Scattering,,,430,County,Queens,,false,1,,,533
5724,161,2024-11-05T00:00:00Z,General,,,,14,Member of Assembly,,302,State Assembly District,37,10,Blank,,,430,County,Queens,,false,1,,,11844
5724,161,2024-11-05T00:00:00Z,General,,,,14,Member of Assembly,,302,State Assembly District,37,9,Void,,,430,County,Queens,,false,1,,,306
5724,161,2024-11-05T00:00:00Z,General,,,,14,Member of Assembly,,302,State Assembly District,37,1,Total Votes,,,430,County,Queens,,false,1,,,46976
5725,161,2024-11-05T00:00:00Z,General,,,,14,Member of Assembly,,303,State Assembly District,38,772,Jenifer Rajkumar,,,430,County,Queens,,true,1,7,Democratic,22718
5725,161,2024-11-05T00:00:00Z,General,,,,14,Member of Assembly,,303,State Assembly District,38,6,Scattering,,,430,County,Queens,,false,1,,,519
5725,161,2024-11-05T00:00:00Z,General,,,,14,Member of Assembly,,303,State Assembly District,38,10,Blank,,,430,County,Queens,,false,1,,,11096
5725,161,2024-11-05T00:00:00Z,General,,,,14,Member of Assembly,,303,State Assembly District,38,9,Void,,,430,County,Queens,,false,1,,,79
5725,161,2024-11-05T00:00:00Z,General,,,,14,Member of Assembly,,303,State Assembly District,38,1,Total Votes,,,430,County,Queens,,false,1,,,34412
5726,161,2024-11-05T00:00:00Z,General,,,,14,Member of Assembly,,304,State Assembly District,39,3052,Catalina Cruz,,,430,County,Queens,,true,1,7,Democratic,19859
5726,161,2024-11-05T00:00:00Z,General,,,,14,Member of Assembly,,304,State Assembly District,39,6,Scattering,,,430,County,Queens,,false,1,,,525
5726,161,2024-11-05T00:00:00Z,General,,,,14,Member of Assembly,,304,State Assembly District,39,10,Blank,,,430,County,Queens,,false,1,,,10526
5726,161,2024-11-05T00:00:00Z,General,,,,14,Member of Assembly,,304,State Assembly District,39,9,Void,,,430,County,Queens,,false,1,,,147
5726,161,2024-11-05T00:00:00Z,General,,,,14,Member of Assembly,,304,State Assembly District,39,1,Total Votes,,,430,County,Queens,,false,1,,,31057
5727,161,2024-11-05T00:00:00Z,General,,,,14,Member of Assembly,,305,State Assembly District,40,254,Ron Kim,,,430,County,Queens,,true,1,7,Democratic,12499
5727,161,2024-11-05T00:00:00Z,General,,,,14,Member of Assembly,,305,State Assembly District,40,254,Ron Kim,,,430,County,Queens,,true,1,10,Working Families,982
5727,161,2024-11-05T00:00:00Z,General,,,,14,Member of Assembly,,305,State Assembly District,40,13538,Philip S.C. Wang,,,430,County,Queens,,false,1,8,Republican,10007
5727,161,2024-11-05T00:00:00Z,General,,,,14,Member of Assembly,,305,State Assembly District,40,13538,Philip S.C. Wang,,,430,County,Queens,,false,1,9,Conservative,807
5727,161,2024-11-05T00:00:00Z,General,,,,14,Member of Assembly,,305,State Assembly District,40,6,Scattering,,,430,County,Queens,,false,1,,,68
5727,161,2024-11-05T00:00:00Z,General,,,,14,Member of Assembly,,305,State Assembly District,40,10,Blank,,,430,County,Queens,,false,1,,,1948
5727,161,2024-11-05T00:00:00Z,General,,,,14,Member of Assembly,,305,State Assembly District,40,9,Void,,,430,County,Queens,,false,1,,,130
5727,161,2024-11-05T00:00:00Z,General,,,,14,Member of Assembly,,305,State Assembly District,40,1,Total Votes,,,430,County,Queens,,false,1,,,26441
5728,161,2024-11-05T00:00:00Z,General,,,,14,Member of Assembly,,306,State Assembly District,41,13539,Kalman Yeger,,,67,County,Kings,,true,1,7,Democratic,19061
5728,161,2024-11-05T00:00:00Z,General,,,,14,Member of Assembly,,306,State Assembly District,41,13539,Kalman Yeger,,,67,County,Kings,,true,1,8,Republican,16305
5728,161,2024-11-05T00:00:00Z,General,,,,14,Member of Assembly,,306,State Assembly District,41,13539,Kalman Yeger,,,67,County,Kings,,true,1,9,Conservative,1982
5728,161,2024-11-05T00:00:00Z,General,,,,14,Member of Assembly,,306,State Assembly District,41,6,Scattering,,,67,County,Kings,,false,1,,,345
5728,161,2024-11-05T00:00:00Z,General,,,,14,Member of Assembly,,306,State Assembly District,41,10,Blank,,,67,County,Kings,,false,1,,,6256
5728,161,2024-11-05T00:00:00Z,General,,,,14,Member of Assembly,,306,State Assembly District,41,9,Void,,,67,County,Kings,,false,1,,,185
5728,161,2024-11-05T00:00:00Z,General,,,,14,Member of Assembly,,306,State Assembly District,41,1,Total Votes,,,67,County,Kings,,false,1,,,44134
5729,161,2024-11-05T00:00:00Z,General,,,,14,Member of Assembly,,307,State Assembly District,42,258,Rodneyse Bichotte,,,67,County,Kings,,true,1,7,Democratic,34509
5729,161,2024-11-05T00:00:00Z,General,,,,14,Member of Assembly,,307,State Assembly District,42,6,Scattering,,,67,County,Kings,,false,1,,,471
5729,161,2024-11-05T00:00:00Z,General,,,,14,Member of Assembly,,307,State Assembly District,42,10,Blank,,,67,County,Kings,,false,1,,,9379
5729,161,2024-11-05T00:00:00Z,General,,,,14,Member of Assembly,,307,State Assembly District,42,9,Void,,,67,County,Kings,,false,1,,,175
5729,161,2024-11-05T00:00:00Z,General,,,,14,Member of Assembly,,307,State Assembly District,42,1,Total Votes,,,67,County,Kings,,false,1,,,44534
5730,161,2024-11-05T00:00:00Z,General,,,,14,Member of Assembly,,308,State Assembly District,43,259,Brian A. Cunningham,,,67,County,Kings,,true,1,7,Democratic,37884
5730,161,2024-11-05T00:00:00Z,General,,,,14,Member of Assembly,,308,State Assembly District,43,259,Brian A. Cunningham,,,67,County,Kings,,true,1,10,Working Families,5538
5730,161,2024-11-05T00:00:00Z,General,,,,14,Member of Assembly,,308,State Assembly District,43,6,Scattering,,,67,County,Kings,,false,1,,,243
5730,161,2024-11-05T00:00:00Z,General,,,,14,Member of Assembly,,308,State Assembly District,43,10,Blank,,,67,County,Kings,,false,1,,,8176
5730,161,2024-11-05T00:00:00Z,General,,,,14,Member of Assembly,,308,State Assembly District,43,9,Void,,,67,County,Kings,,false,1,,,234
5730,161,2024-11-05T00:00:00Z,General,,,,14,Member of Assembly,,308,State Assembly District,43,1,Total Votes,,,67,County,Kings,,false,1,,,52075
5731,161,2024-11-05T00:00:00Z,General,,,,14,Member of Assembly,,309,State Assembly District,44,13269,Robert C. Carroll,,,67,County,Kings,,true,1,7,Democratic,37408
5731,161,2024-11-05T00:00:00Z,General,,,,14,Member of Assembly,,309,State Assembly District,44,13269,Robert C. Carroll,,,67,County,Kings,,true,1,10,Working Families,9673
5731,161,2024-11-05T00:00:00Z,General,,,,14,Member of Assembly,,309,State Assembly District,44,13540,John L. Bennett,,,67,County,Kings,,false,1,8,Republican,6920
5731,161,2024-11-05T00:00:00Z,General,,,,14,Member of Assembly,,309,State Assembly District,44,13540,John L. Bennett,,,67,County,Kings,,false,1,9,Conservative,1167
5731,161,2024-11-05T00:00:00Z,General,,,,14,Member of Assembly,,309,State Assembly District,44,6,Scattering,,,67,County,Kings,,false,1,,,284
5731,161,2024-11-05T00:00:00Z,General,,,,14,Member of Assembly,,309,State Assembly District,44,10,Blank,,,67,County,Kings,,false,1,,,3833
5731,161,2024-11-05T00:00:00Z,General,,,,14,Member of Assembly,,309,State Assembly District,44,9,Void,,,67,County,Kings,,false,1,,,569
5731,161,2024-11-05T00:00:00Z,General,,,,14,Member of Assembly,,309,State Assembly District,44,1,Total Votes,,,67,County,Kings,,false,1,,,59854
5732,161,2024-11-05T00:00:00Z,General,,,,14,Member of Assembly,,310,State Assembly District,45,264,Michael Novakhov,,,67,County,Kings,,true,1,8,Republican,14060
5732,161,2024-11-05T00:00:00Z,General,,,,14,Member of Assembly,,310,State Assembly District,45,264,Michael Novakhov,,,67,County,Kings,,true,1,9,Conservative,1323
5732,161,2024-11-05T00:00:00Z,General,,,,14,Member of Assembly,,310,State Assembly District,45,13541,Joey Cohen-Saban,,,67,County,Kings,,false,1,7,Democratic,15151
5732,161,2024-11-05T00:00:00Z,General,,,,14,Member of Assembly,,310,State Assembly District,45,6,Scattering,,,67,County,Kings,,false,1,,,138
5732,161,2024-11-05T00:00:00Z,General,,,,14,Member of Assembly,,310,State Assembly District,45,10,Blank,,,67,County,Kings,,false,1,,,3345
5732,161,2024-11-05T00:00:00Z,General,,,,14,Member of Assembly,,310,State Assembly District,45,9,Void,,,67,County,Kings,,false,1,,,149
5732,161,2024-11-05T00:00:00Z,General,,,,14,Member of Assembly,,310,State Assembly District,45,1,Total Votes,,,67,County,Kings,,false,1,,,34166
5733,161,2024-11-05T00:00:00Z,General,,,,14,Member of Assembly,,311,State Assembly District,46,266,Alec Brook-Krasny,,,67,County,Kings,,true,1,8,Republican,19099
5733,161,2024-11-05T00:00:00Z,General,,,,14,Member of Assembly,,311,State Assembly District,46,266,Alec Brook-Krasny,,,67,County,Kings,,true,1,9,Conservative,1932
5733,161,2024-11-05T00:00:00Z,General,,,,14,Member of Assembly,,311,State Assembly District,46,5432,Chris McCreight,,,67,County,Kings,,false,1,7,Democratic,19540
5733,161,2024-11-05T00:00:00Z,General,,,,14,Member of Assembly,,311,State Assembly District,46,6,Scattering,,,67,County,Kings,,false,1,,,160
5733,161,2024-11-05T00:00:00Z,General,,,,14,Member of Assembly,,311,State Assembly District,46,10,Blank,,,67,County,Kings,,false,1,,,4352
5733,161,2024-11-05T00:00:00Z,General,,,,14,Member of Assembly,,311,State Assembly District,46,9,Void,,,67,County,Kings,,false,1,,,155
5733,161,2024-11-05T00:00:00Z,General,,,,14,Member of Assembly,,311,State Assembly District,46,1,Total Votes,,,67,County,Kings,,false,1,,,45238
5734,161,2024-11-05T00:00:00Z,General,,,,14,Member of Assembly,,312,State Assembly District,47,267,William Colton,,,67,County,Kings,,true,1,7,Democratic,16365
5734,161,2024-11-05T00:00:00Z,General,,,,14,Member of Assembly,,312,State Assembly District,47,13542,David Sepiashvili,,,67,County,Kings,,false,1,8,Republican,9479
5734,161,2024-11-05T00:00:00Z,General,,,,14,Member of Assembly,,312,State Assembly District,47,13542,David Sepiashvili,,,67,County,Kings,,false,1,9,Conservative,1087
5734,161,2024-11-05T00:00:00Z,General,,,,14,Member of Assembly,,312,State Assembly District,47,6,Scattering,,,67,County,Kings,,false,1,,,121
5734,161,2024-11-05T00:00:00Z,General,,,,14,Member of Assembly,,312,State Assembly District,47,10,Blank,,,67,County,Kings,,false,1,,,2919
5734,161,2024-11-05T00:00:00Z,General,,,,14,Member of Assembly,,312,State Assembly District,47,9,Void,,,67,County,Kings,,false,1,,,74
5734,161,2024-11-05T00:00:00Z,General,,,,14,Member of Assembly,,312,State Assembly District,47,1,Total Votes,,,67,County,Kings,,false,1,,,30045
5735,161,2024-11-05T00:00:00Z,General,,,,14,Member of Assembly,,313,State Assembly District,48,13265,Simcha Eichenstein,,,67,County,Kings,,true,1,7,Democratic,12539
5735,161,2024-11-05T00:00:00Z,General,,,,14,Member of Assembly,,313,State Assembly District,48,13265,Simcha Eichenstein,,,67,County,Kings,,true,1,9,Conservative,12104
5735,161,2024-11-05T00:00:00Z,General,,,,14,Member of Assembly,,313,State Assembly District,48,6,Scattering,,,67,County,Kings,,false,1,,,279
5735,161,2024-11-05T00:00:00Z,General,,,,14,Member of Assembly,,313,State Assembly District,48,10,Blank,,,67,County,Kings,,false,1,,,8144
5735,161,2024-11-05T00:00:00Z,General,,,,14,Member of Assembly,,313,State Assembly District,48,9,Void,,,67,County,Kings,,false,1,,,370
5735,161,2024-11-05T00:00:00Z,General,,,,14,Member of Assembly,,313,State Assembly District,48,1,Total Votes,,,67,County,Kings,,false,1,,,33436
5736,161,2024-11-05T00:00:00Z,General,,,,14,Member of Assembly,,314,State Assembly District,49,272,Lester Chang,,,67,County,Kings,,true,1,8,Republican,12951
5736,161,2024-11-05T00:00:00Z,General,,,,14,Member of Assembly,,314,State Assembly District,49,272,Lester Chang,,,67,County,Kings,,true,1,9,Conservative,2142
5736,161,2024-11-05T00:00:00Z,General,,,,14,Member of Assembly,,314,State Assembly District,49,6,Scattering,,,67,County,Kings,,false,1,,,425
5736,161,2024-11-05T00:00:00Z,General,,,,14,Member of Assembly,,314,State Assembly District,49,10,Blank,,,67,County,Kings,,false,1,,,7930
5736,161,2024-11-05T00:00:00Z,General,,,,14,Member of Assembly,,314,State Assembly District,49,9,Void,,,67,County,Kings,,false,1,,,62
5736,161,2024-11-05T00:00:00Z,General,,,,14,Member of Assembly,,314,State Assembly District,49,1,Total Votes,,,67,County,Kings,,false,1,,,23510
5737,161,2024-11-05T00:00:00Z,General,,,,14,Member of Assembly,,315,State Assembly District,50,273,Emily E. Gallagher,,,67,County,Kings,,true,1,7,Democratic,29622
5737,161,2024-11-05T00:00:00Z,General,,,,14,Member of Assembly,,315,State Assembly District,50,273,Emily E. Gallagher,,,67,County,Kings,,true,1,10,Working Families,6976
5737,161,2024-11-05T00:00:00Z,General,,,,14,Member of Assembly,,315,State Assembly District,50,6,Scattering,,,67,County,Kings,,false,1,,,749
5737,161,2024-11-05T00:00:00Z,General,,,,14,Member of Assembly,,315,State Assembly District,50,10,Blank,,,67,County,Kings,,false,1,,,11509
5737,161,2024-11-05T00:00:00Z,General,,,,14,Member of Assembly,,315,State Assembly District,50,9,Void,,,67,County,Kings,,false,1,,,390
5737,161,2024-11-05T00:00:00Z,General,,,,14,Member of Assembly,,315,State Assembly District,50,1,Total Votes,,,67,County,Kings,,false,1,,,49246
5738,161,2024-11-05T00:00:00Z,General,,,,14,Member of Assembly,,317,State Assembly District,51,276,Marcela Mitaynes,,,67,County,Kings,,true,1,7,Democratic,17669
5738,161,2024-11-05T00:00:00Z,General,,,,14,Member of Assembly,,317,State Assembly District,51,276,Marcela Mitaynes,,,67,County,Kings,,true,1,10,Working Families,4338
5738,161,2024-11-05T00:00:00Z,General,,,,14,Member of Assembly,,317,State Assembly District,51,13543,Erik S. Frankel,,,67,County,Kings,,false,1,8,Republican,5749
5738,161,2024-11-05T00:00:00Z,General,,,,14,Member of Assembly,,317,State Assembly District,51,13543,Erik S. Frankel,,,67,County,Kings,,false,1,9,Conservative,805
5738,161,2024-11-05T00:00:00Z,General,,,,14,Member of Assembly,,317,State Assembly District,51,6,Scattering,,,67,County,Kings,,false,1,,,91
5738,161,2024-11-05T00:00:00Z,General,,,,14,Member of Assembly,,317,State Assembly District,51,10,Blank,,,67,County,Kings,,false,1,,,3217
5738,161,2024-11-05T00:00:00Z,General,,,,14,Member of Assembly,,317,State Assembly District,51,9,Void,,,67,County,Kings,,false,1,,,167
5738,161,2024-11-05T00:00:00Z,General,,,,14,Member of Assembly,,317,State Assembly District,51,1,Total Votes,,,67,County,Kings,,false,1,,,32036
5739,161,2024-11-05T00:00:00Z,General,,,,14,Member of Assembly,,316,State Assembly District,52,13270,Jo Anne Simon,,,67,County,Kings,,true,1,7,Democratic,51326
5739,161,2024-11-05T00:00:00Z,General,,,,14,Member of Assembly,,316,State Assembly District,52,13270,Jo Anne Simon,,,67,County,Kings,,true,1,10,Working Families,9432
5739,161,2024-11-05T00:00:00Z,General,,,,14,Member of Assembly,,316,State Assembly District,52,13544,Brett Wynkoop,,,67,County,Kings,,false,1,9,Conservative,3785
5739,161,2024-11-05T00:00:00Z,General,,,,14,Member of Assembly,,316,State Assembly District,52,6,Scattering,,,67,County,Kings,,false,1,,,176
5739,161,2024-11-05T00:00:00Z,General,,,,14,Member of Assembly,,316,State Assembly District,52,10,Blank,,,67,County,Kings,,false,1,,,4847
5739,161,2024-11-05T00:00:00Z,General,,,,14,Member of Assembly,,316,State Assembly District,52,9,Void,,,67,County,Kings,,false,1,,,1042
5739,161,2024-11-05T00:00:00Z,General,,,,14,Member of Assembly,,316,State Assembly District,52,1,Total Votes,,,67,County,Kings,,false,1,,,70608
5740,161,2024-11-05T00:00:00Z,General,,,,14,Member of Assembly,,318,State Assembly District,53,3074,Maritza Davila,,,67,County,Kings,,true,1,7,Democratic,33100
5740,161,2024-11-05T00:00:00Z,General,,,,14,Member of Assembly,,318,State Assembly District,53,6,Scattering,,,67,County,Kings,,false,1,,,245
5740,161,2024-11-05T00:00:00Z,General,,,,14,Member of Assembly,,318,State Assembly District,53,10,Blank,,,67,County,Kings,,false,1,,,8998
5740,161,2024-11-05T00:00:00Z,General,,,,14,Member of Assembly,,318,State Assembly District,53,9,Void,,,67,County,Kings,,false,1,,,206
5740,161,2024-11-05T00:00:00Z,General,,,,14,Member of Assembly,,318,State Assembly District,53,1,Total Votes,,,67,County,Kings,,false,1,,,42549
5741,161,2024-11-05T00:00:00Z,General,,,,14,Member of Assembly,,319,State Assembly District,54,279,Erik Martin Dilan,,,67,County,Kings,,true,1,7,Democratic,21908
5741,161,2024-11-05T00:00:00Z,General,,,,14,Member of Assembly,,319,State Assembly District,54,6,Scattering,,,67,County,Kings,,false,1,,,277
5741,161,2024-11-05T00:00:00Z,General,,,,14,Member of Assembly,,319,State Assembly District,54,10,Blank,,,67,County,Kings,,false,1,,,7600
5741,161,2024-11-05T00:00:00Z,General,,,,14,Member of Assembly,,319,State Assembly District,54,9,Void,,,67,County,Kings,,false,1,,,44
5741,161,2024-11-05T00:00:00Z,General,,,,14,Member of Assembly,,319,State Assembly District,54,1,Total Votes,,,67,County,Kings,,false,1,,,29829
5742,161,2024-11-05T00:00:00Z,General,,,,14,Member of Assembly,,320,State Assembly District,55,781,Latrice Walker,,,67,County,Kings,,true,1,7,Democratic,28825
5742,161,2024-11-05T00:00:00Z,General,,,,14,Member of Assembly,,320,State Assembly District,55,282,Berneda W. Jackson,,,67,County,Kings,,false,1,8,Republican,2068
5742,161,2024-11-05T00:00:00Z,General,,,,14,Member of Assembly,,320,State Assembly District,55,282,Berneda W. Jackson,,,67,County,Kings,,false,1,9,Conservative,544
5742,161,2024-11-05T00:00:00Z,General,,,,14,Member of Assembly,,320,State Assembly District,55,6,Scattering,,,67,County,Kings,,false,1,,,51
5742,161,2024-11-05T00:00:00Z,General,,,,14,Member of Assembly,,320,State Assembly District,55,10,Blank,,,67,County,Kings,,false,1,,,2632
5742,161,2024-11-05T00:00:00Z,General,,,,14,Member of Assembly,,320,State Assembly District,55,9,Void,,,67,County,Kings,,false,1,,,21
5742,161,2024-11-05T00:00:00Z,General,,,,14,Member of Assembly,,320,State Assembly District,55,1,Total Votes,,,67,County,Kings,,false,1,,,34141
5743,161,2024-11-05T00:00:00Z,General,,,,14,Member of Assembly,,321,State Assembly District,56,284,Stefani L. Zinerman,,,67,County,Kings,,true,1,7,Democratic,37956
5743,161,2024-11-05T00:00:00Z,General,,,,14,Member of Assembly,,321,State Assembly District,56,6,Scattering,,,67,County,Kings,,false,1,,,371
5743,161,2024-11-05T00:00:00Z,General,,,,14,Member of Assembly,,321,State Assembly District,56,10,Blank,,,67,County,Kings,,false,1,,,7868
5743,161,2024-11-05T00:00:00Z,General,,,,14,Member of Assembly,,321,State Assembly District,56,9,Void,,,67,County,Kings,,false,1,,,140
5743,161,2024-11-05T00:00:00Z,General,,,,14,Member of Assembly,,321,State Assembly District,56,1,Total Votes,,,67,County,Kings,,false,1,,,46335
5744,161,2024-11-05T00:00:00Z,General,,,,14,Member of Assembly,,322,State Assembly District,57,285,Phara Souffrant Forrest,,,67,County,Kings,,true,1,7,Democratic,47424
5744,161,2024-11-05T00:00:00Z,General,,,,14,Member of Assembly,,322,State Assembly District,57,6,Scattering,,,67,County,Kings,,false,1,,,317
5744,161,2024-11-05T00:00:00Z,General,,,,14,Member of Assembly,,322,State Assembly District,57,10,Blank,,,67,County,Kings,,false,1,,,8485
5744,161,2024-11-05T00:00:00Z,General,,,,14,Member of Assembly,,322,State Assembly District,57,9,Void,,,67,County,Kings,,false,1,,,352
5744,161,2024-11-05T00:00:00Z,General,,,,14,Member of Assembly,,322,State Assembly District,57,1,Total Votes,,,67,County,Kings,,false,1,,,56578
5745,161,2024-11-05T00:00:00Z,General,,,,14,Member of Assembly,,323,State Assembly District,58,286,Monique Chandler-Waterman,,,67,County,Kings,,true,1,7,Democratic,35744
5745,161,2024-11-05T00:00:00Z,General,,,,14,Member of Assembly,,323,State Assembly District,58,6,Scattering,,,67,County,Kings,,false,1,,,71
5745,161,2024-11-05T00:00:00Z,General,,,,14,Member of Assembly,,323,State Assembly District,58,10,Blank,,,67,County,Kings,,false,1,,,5087
5745,161,2024-11-05T00:00:00Z,General,,,,14,Member of Assembly,,323,State Assembly District,58,9,Void,,,67,County,Kings,,false,1,,,64
5745,161,2024-11-05T00:00:00Z,General,,,,14,Member of Assembly,,323,State Assembly District,58,1,Total Votes,,,67,County,Kings,,false,1,,,40966
5746,161,2024-11-05T00:00:00Z,General,,,,14,Member of Assembly,,324,State Assembly District,59,8491,Jaime R. Williams,,,67,County,Kings,,true,1,7,Democratic,29237
5746,161,2024-11-05T00:00:00Z,General,,,,14,Member of Assembly,,324,State Assembly District,59,8491,Jaime R. Williams,,,67,County,Kings,,true,1,8,Republican,10147
5746,161,2024-11-05T00:00:00Z,General,,,,14,Member of Assembly,,324,State Assembly District,59,8491,Jaime R. Williams,,,67,County,Kings,,true,1,9,Conservative,1646
5746,161,2024-11-05T00:00:00Z,General,,,,14,Member of Assembly,,324,State Assembly District,59,6,Scattering,,,67,County,Kings,,false,1,,,190
5746,161,2024-11-05T00:00:00Z,General,,,,14,Member of Assembly,,324,State Assembly District,59,10,Blank,,,67,County,Kings,,false,1,,,5084
5746,161,2024-11-05T00:00:00Z,General,,,,14,Member of Assembly,,324,State Assembly District,59,9,Void,,,67,County,Kings,,false,1,,,88
5746,161,2024-11-05T00:00:00Z,General,,,,14,Member of Assembly,,324,State Assembly District,59,1,Total Votes,,,67,County,Kings,,false,1,,,46392
5747,161,2024-11-05T00:00:00Z,General,,,,14,Member of Assembly,,325,State Assembly District,60,289,Nikki Lucas,,,67,County,Kings,,true,1,7,Democratic,29257
5747,161,2024-11-05T00:00:00Z,General,,,,14,Member of Assembly,,325,State Assembly District,60,6,Scattering,,,67,County,Kings,,false,1,,,103
5747,161,2024-11-05T00:00:00Z,General,,,,14,Member of Assembly,,325,State Assembly District,60,10,Blank,,,67,County,Kings,,false,1,,,6681
5747,161,2024-11-05T00:00:00Z,General,,,,14,Member of Assembly,,325,State Assembly District,60,9,Void,,,67,County,Kings,,false,1,,,28
5747,161,2024-11-05T00:00:00Z,General,,,,14,Member of Assembly,,325,State Assembly District,60,1,Total Votes,,,67,County,Kings,,false,1,,,36069
5748,161,2024-11-05T00:00:00Z,General,,,,14,Member of Assembly,,326,State Assembly District,61,13278,Charles D. Fall,,,67,County,Kings,,true,1,7,Democratic,1
5748,161,2024-11-05T00:00:00Z,General,,,,14,Member of Assembly,,326,State Assembly District,61,6,Scattering,,,67,County,Kings,,false,1,,,0
5748,161,2024-11-05T00:00:00Z,General,,,,14,Member of Assembly,,326,State Assembly District,61,10,Blank,,,67,County,Kings,,false,1,,,1
5748,161,2024-11-05T00:00:00Z,General,,,,14,Member of Assembly,,326,State Assembly District,61,9,Void,,,67,County,Kings,,false,1,,,0
5748,161,2024-11-05T00:00:00Z,General,,,,14,Member of Assembly,,326,State Assembly District,61,1,Total Votes,,,67,County,Kings,,false,1,,,2
5748,161,2024-11-05T00:00:00Z,General,,,,14,Member of Assembly,,326,State Assembly District,61,13278,Charles D. Fall,,,68,County,New York ,,true,1,7,Democratic,6614
5748,161,2024-11-05T00:00:00Z,General,,,,14,Member of Assembly,,326,State Assembly District,61,6,Scattering,,,68,County,New York ,,false,1,,,96
5748,161,2024-11-05T00:00:00Z,General,,,,14,Member of Assembly,,326,State Assembly District,61,10,Blank,,,68,County,New York ,,false,1,,,2343
5748,161,2024-11-05T00:00:00Z,General,,,,14,Member of Assembly,,326,State Assembly District,61,9,Void,,,68,County,New York ,,false,1,,,135
5748,161,2024-11-05T00:00:00Z,General,,,,14,Member of Assembly,,326,State Assembly District,61,1,Total Votes,,,68,County,New York ,,false,1,,,9188
5748,161,2024-11-05T00:00:00Z,General,,,,14,Member of Assembly,,326,State Assembly District,61,13278,Charles D. Fall,,,63,County,Richmond,,true,1,7,Democratic,25369
5748,161,2024-11-05T00:00:00Z,General,,,,14,Member of Assembly,,326,State Assembly District,61,6,Scattering,,,63,County,Richmond,,false,1,,,608
5748,161,2024-11-05T00:00:00Z,General,,,,14,Member of Assembly,,326,State Assembly District,61,10,Blank,,,63,County,Richmond,,false,1,,,9979
5748,161,2024-11-05T00:00:00Z,General,,,,14,Member of Assembly,,326,State Assembly District,61,9,Void,,,63,County,Richmond,,false,1,,,98
5748,161,2024-11-05T00:00:00Z,General,,,,14,Member of Assembly,,326,State Assembly District,61,1,Total Votes,,,63,County,Richmond,,false,1,,,36054
5749,161,2024-11-05T00:00:00Z,General,,,,14,Member of Assembly,,327,State Assembly District,62,292,"Michael W. Reilly, Jr",,,63,County,Richmond,,true,1,8,Republican,53553
5749,161,2024-11-05T00:00:00Z,General,,,,14,Member of Assembly,,327,State Assembly District,62,292,"Michael W. Reilly, Jr",,,63,County,Richmond,,true,1,9,Conservative,4856
5749,161,2024-11-05T00:00:00Z,General,,,,14,Member of Assembly,,327,State Assembly District,62,6,Scattering,,,63,County,Richmond,,false,1,,,696
5749,161,2024-11-05T00:00:00Z,General,,,,14,Member of Assembly,,327,State Assembly District,62,10,Blank,,,63,County,Richmond,,false,1,,,8475
5749,161,2024-11-05T00:00:00Z,General,,,,14,Member of Assembly,,327,State Assembly District,62,9,Void,,,63,County,Richmond,,false,1,,,65
5749,161,2024-11-05T00:00:00Z,General,,,,14,Member of Assembly,,327,State Assembly District,62,1,Total Votes,,,63,County,Richmond,,false,1,,,67645
5750,161,2024-11-05T00:00:00Z,General,,,,14,Member of Assembly,,328,State Assembly District,63,294,Sam T. Pirozzolo,,,63,County,Richmond,,true,1,8,Republican,26858
5750,161,2024-11-05T00:00:00Z,General,,,,14,Member of Assembly,,328,State Assembly District,63,294,Sam T. Pirozzolo,,,63,County,Richmond,,true,1,9,Conservative,2298
5750,161,2024-11-05T00:00:00Z,General,,,,14,Member of Assembly,,328,State Assembly District,63,13545,Matthew Mobilia,,,63,County,Richmond,,false,1,7,Democratic,21481
5750,161,2024-11-05T00:00:00Z,General,,,,14,Member of Assembly,,328,State Assembly District,63,6,Scattering,,,63,County,Richmond,,false,1,,,247
5750,161,2024-11-05T00:00:00Z,General,,,,14,Member of Assembly,,328,State Assembly District,63,10,Blank,,,63,County,Richmond,,false,1,,,1868
5750,161,2024-11-05T00:00:00Z,General,,,,14,Member of Assembly,,328,State Assembly District,63,9,Void,,,63,County,Richmond,,false,1,,,206
5750,161,2024-11-05T00:00:00Z,General,,,,14,Member of Assembly,,328,State Assembly District,63,1,Total Votes,,,63,County,Richmond,,false,1,,,52958
5751,161,2024-11-05T00:00:00Z,General,,,,14,Member of Assembly,,329,State Assembly District,64,295,Michael Tannousis,,,67,County,Kings,,true,1,8,Republican,4357
5751,161,2024-11-05T00:00:00Z,General,,,,14,Member of Assembly,,329,State Assembly District,64,295,Michael Tannousis,,,67,County,Kings,,true,1,9,Conservative,992
5751,161,2024-11-05T00:00:00Z,General,,,,14,Member of Assembly,,329,State Assembly District,64,6,Scattering,,,67,County,Kings,,false,1,,,367
5751,161,2024-11-05T00:00:00Z,General,,,,14,Member of Assembly,,329,State Assembly District,64,10,Blank,,,67,County,Kings,,false,1,,,4395
5751,161,2024-11-05T00:00:00Z,General,,,,14,Member of Assembly,,329,State Assembly District,64,9,Void,,,67,County,Kings,,false,1,,,56
5751,161,2024-11-05T00:00:00Z,General,,,,14,Member of Assembly,,329,State Assembly District,64,1,Total Votes,,,67,County,Kings,,false,1,,,10167
5751,161,2024-11-05T00:00:00Z,General,,,,14,Member of Assembly,,329,State Assembly District,64,295,Michael Tannousis,,,63,County,Richmond,,true,1,8,Republican,32269
5751,161,2024-11-05T00:00:00Z,General,,,,14,Member of Assembly,,329,State Assembly District,64,295,Michael Tannousis,,,63,County,Richmond,,true,1,9,Conservative,3734
5751,161,2024-11-05T00:00:00Z,General,,,,14,Member of Assembly,,329,State Assembly District,64,6,Scattering,,,63,County,Richmond,,false,1,,,790
5751,161,2024-11-05T00:00:00Z,General,,,,14,Member of Assembly,,329,State Assembly District,64,10,Blank,,,63,County,Richmond,,false,1,,,8056
5751,161,2024-11-05T00:00:00Z,General,,,,14,Member of Assembly,,329,State Assembly District,64,9,Void,,,63,County,Richmond,,false,1,,,78
5751,161,2024-11-05T00:00:00Z,General,,,,14,Member of Assembly,,329,State Assembly District,64,1,Total Votes,,,63,County,Richmond,,false,1,,,44927
5752,161,2024-11-05T00:00:00Z,General,,,,14,Member of Assembly,,330,State Assembly District,65,296,Grace Lee,,,68,County,New York ,,true,1,7,Democratic,29492
5752,161,2024-11-05T00:00:00Z,General,,,,14,Member of Assembly,,330,State Assembly District,65,296,Grace Lee,,,68,County,New York ,,true,1,10,Working Families,4138
5752,161,2024-11-05T00:00:00Z,General,,,,14,Member of Assembly,,330,State Assembly District,65,12934,Blank Enrollment,,,68,County,New York ,,false,1,,,10523
5752,161,2024-11-05T00:00:00Z,General,,,,14,Member of Assembly,,330,State Assembly District,65,6,Scattering,,,68,County,New York ,,false,1,,,303
5752,161,2024-11-05T00:00:00Z,General,,,,14,Member of Assembly,,330,State Assembly District,65,9,Void,,,68,County,New York ,,false,1,,,524
5752,161,2024-11-05T00:00:00Z,General,,,,14,Member of Assembly,,330,State Assembly District,65,1,Total Votes,,,68,County,New York ,,false,1,,,44980
5753,161,2024-11-05T00:00:00Z,General,,,,14,Member of Assembly,,331,State Assembly District,66,10825,Deborah J. Glick,,,68,County,New York ,,true,1,7,Democratic,47097
5753,161,2024-11-05T00:00:00Z,General,,,,14,Member of Assembly,,331,State Assembly District,66,6,Scattering,,,68,County,New York ,,false,1,,,515
5753,161,2024-11-05T00:00:00Z,General,,,,14,Member of Assembly,,331,State Assembly District,66,10,Blank,,,68,County,New York ,,false,1,,,11017
5753,161,2024-11-05T00:00:00Z,General,,,,14,Member of Assembly,,331,State Assembly District,66,9,Void,,,68,County,New York ,,false,1,,,1587
5753,161,2024-11-05T00:00:00Z,General,,,,14,Member of Assembly,,331,State Assembly District,66,1,Total Votes,,,68,County,New York ,,false,1,,,60216
5754,161,2024-11-05T00:00:00Z,General,,,,14,Member of Assembly,,332,State Assembly District,67,13282,Linda B. Rosenthal,,,68,County,New York ,,true,1,7,Democratic,48227
5754,161,2024-11-05T00:00:00Z,General,,,,14,Member of Assembly,,332,State Assembly District,67,13282,Linda B. Rosenthal,,,68,County,New York ,,true,1,10,Working Families,4012
5754,161,2024-11-05T00:00:00Z,General,,,,14,Member of Assembly,,332,State Assembly District,67,6,Scattering,,,68,County,New York ,,false,1,,,633
5754,161,2024-11-05T00:00:00Z,General,,,,14,Member of Assembly,,332,State Assembly District,67,10,Blank,,,68,County,New York ,,false,1,,,10303
5754,161,2024-11-05T00:00:00Z,General,,,,14,Member of Assembly,,332,State Assembly District,67,9,Void,,,68,County,New York ,,false,1,,,1263
5754,161,2024-11-05T00:00:00Z,General,,,,14,Member of Assembly,,332,State Assembly District,67,1,Total Votes,,,68,County,New York ,,false,1,,,64438
5755,161,2024-11-05T00:00:00Z,General,,,,14,Member of Assembly,,333,State Assembly District,68,300,Edward Gibbs,,,68,County,New York ,,true,1,7,Democratic,34635
5755,161,2024-11-05T00:00:00Z,General,,,,14,Member of Assembly,,333,State Assembly District,68,6,Scattering,,,68,County,New York ,,false,1,,,420
5755,161,2024-11-05T00:00:00Z,General,,,,14,Member of Assembly,,333,State Assembly District,68,10,Blank,,,68,County,New York ,,false,1,,,11088
5755,161,2024-11-05T00:00:00Z,General,,,,14,Member of Assembly,,333,State Assembly District,68,9,Void,,,68,County,New York ,,false,1,,,362
5755,161,2024-11-05T00:00:00Z,General,,,,14,Member of Assembly,,333,State Assembly District,68,1,Total Votes,,,68,County,New York ,,false,1,,,46505
5756,161,2024-11-05T00:00:00Z,General,,,,14,Member of Assembly,,334,State Assembly District,69,13546,Micah C. Lasher,,,68,County,New York ,,true,1,7,Democratic,48223
5756,161,2024-11-05T00:00:00Z,General,,,,14,Member of Assembly,,334,State Assembly District,69,6,Scattering,,,68,County,New York ,,false,1,,,434
5756,161,2024-11-05T00:00:00Z,General,,,,14,Member of Assembly,,334,State Assembly District,69,10,Blank,,,68,County,New York ,,false,1,,,11737
5756,161,2024-11-05T00:00:00Z,General,,,,14,Member of Assembly,,334,State Assembly District,69,9,Void,,,68,County,New York ,,false,1,,,1321
5756,161,2024-11-05T00:00:00Z,General,,,,14,Member of Assembly,,334,State Assembly District,69,1,Total Votes,,,68,County,New York ,,false,1,,,61715
5757,161,2024-11-05T00:00:00Z,General,,,,14,Member of Assembly,,335,State Assembly District,70,13547,Jordan J.G. Wright,,,68,County,New York ,,true,1,7,Democratic,41529
5757,161,2024-11-05T00:00:00Z,General,,,,14,Member of Assembly,,335,State Assembly District,70,13548,Seson Adams,,,68,County,New York ,,false,1,8,Republican,3989
5757,161,2024-11-05T00:00:00Z,General,,,,14,Member of Assembly,,335,State Assembly District,70,6,Scattering,,,68,County,New York ,,false,1,,,144
5757,161,2024-11-05T00:00:00Z,General,,,,14,Member of Assembly,,335,State Assembly District,70,10,Blank,,,68,County,New York ,,false,1,,,5150
5757,161,2024-11-05T00:00:00Z,General,,,,14,Member of Assembly,,335,State Assembly District,70,9,Void,,,68,County,New York ,,false,1,,,293
5757,161,2024-11-05T00:00:00Z,General,,,,14,Member of Assembly,,335,State Assembly District,70,1,Total Votes,,,68,County,New York ,,false,1,,,51105
5758,161,2024-11-05T00:00:00Z,General,,,,14,Member of Assembly,,336,State Assembly District,71,13549,Al Taylor,,,68,County,New York ,,true,1,7,Democratic,37267
5758,161,2024-11-05T00:00:00Z,General,,,,14,Member of Assembly,,336,State Assembly District,71,13550,Joziel Andujar,,,68,County,New York ,,false,1,8,Republican,5621
5758,161,2024-11-05T00:00:00Z,General,,,,14,Member of Assembly,,336,State Assembly District,71,6,Scattering,,,68,County,New York ,,false,1,,,167
5758,161,2024-11-05T00:00:00Z,General,,,,14,Member of Assembly,,336,State Assembly District,71,10,Blank,,,68,County,New York ,,false,1,,,5570
5758,161,2024-11-05T00:00:00Z,General,,,,14,Member of Assembly,,336,State Assembly District,71,9,Void,,,68,County,New York ,,false,1,,,371
5758,161,2024-11-05T00:00:00Z,General,,,,14,Member of Assembly,,336,State Assembly District,71,1,Total Votes,,,68,County,New York ,,false,1,,,48996
5759,161,2024-11-05T00:00:00Z,General,,,,14,Member of Assembly,,337,State Assembly District,72,13295,Manny De Los Santos,,,68,County,New York ,,true,1,7,Democratic,26275
5759,161,2024-11-05T00:00:00Z,General,,,,14,Member of Assembly,,337,State Assembly District,72,13295,Manny De Los Santos,,,68,County,New York ,,true,1,10,Working Families,4164
5759,161,2024-11-05T00:00:00Z,General,,,,14,Member of Assembly,,337,State Assembly District,72,6,Scattering,,,68,County,New York ,,false,1,,,254
5759,161,2024-11-05T00:00:00Z,General,,,,14,Member of Assembly,,337,State Assembly District,72,10,Blank,,,68,County,New York ,,false,1,,,10386
5759,161,2024-11-05T00:00:00Z,General,,,,14,Member of Assembly,,337,State Assembly District,72,9,Void,,,68,County,New York ,,false,1,,,254
5759,161,2024-11-05T00:00:00Z,General,,,,14,Member of Assembly,,337,State Assembly District,72,1,Total Votes,,,68,County,New York ,,false,1,,,41333
5760,161,2024-11-05T00:00:00Z,General,,,,14,Member of Assembly,,338,State Assembly District,73,308,Alex Bores,,,68,County,New York ,,true,1,7,Democratic,40741
5760,161,2024-11-05T00:00:00Z,General,,,,14,Member of Assembly,,338,State Assembly District,73,308,Alex Bores,,,68,County,New York ,,true,1,10,Working Families,1811
5760,161,2024-11-05T00:00:00Z,General,,,,14,Member of Assembly,,338,State Assembly District,73,13551,Awadhesh Gupta,,,68,County,New York ,,false,1,8,Republican,15414
5760,161,2024-11-05T00:00:00Z,General,,,,14,Member of Assembly,,338,State Assembly District,73,6,Scattering,,,68,County,New York ,,false,1,,,93
5760,161,2024-11-05T00:00:00Z,General,,,,14,Member of Assembly,,338,State Assembly District,73,10,Blank,,,68,County,New York ,,false,1,,,4019
5760,161,2024-11-05T00:00:00Z,General,,,,14,Member of Assembly,,338,State Assembly District,73,9,Void,,,68,County,New York ,,false,1,,,1377
5760,161,2024-11-05T00:00:00Z,General,,,,14,Member of Assembly,,338,State Assembly District,73,1,Total Votes,,,68,County,New York ,,false,1,,,63455
5761,161,2024-11-05T00:00:00Z,General,,,,14,Member of Assembly,,339,State Assembly District,74,8648,Harvey D. Epstein,,,68,County,New York ,,true,1,7,Democratic,38149
5761,161,2024-11-05T00:00:00Z,General,,,,14,Member of Assembly,,339,State Assembly District,74,8648,Harvey D. Epstein,,,68,County,New York ,,true,1,10,Working Families,4502
5761,161,2024-11-05T00:00:00Z,General,,,,14,Member of Assembly,,339,State Assembly District,74,6,Scattering,,,68,County,New York ,,false,1,,,445
5761,161,2024-11-05T00:00:00Z,General,,,,14,Member of Assembly,,339,State Assembly District,74,10,Blank,,,68,County,New York ,,false,1,,,11118
5761,161,2024-11-05T00:00:00Z,General,,,,14,Member of Assembly,,339,State Assembly District,74,9,Void,,,68,County,New York ,,false,1,,,967
5761,161,2024-11-05T00:00:00Z,General,,,,14,Member of Assembly,,339,State Assembly District,74,1,Total Votes,,,68,County,New York ,,false,1,,,55181
5762,161,2024-11-05T00:00:00Z,General,,,,14,Member of Assembly,,340,State Assembly District,75,312,Tony Simone,,,68,County,New York ,,true,1,7,Democratic,39750
5762,161,2024-11-05T00:00:00Z,General,,,,14,Member of Assembly,,340,State Assembly District,75,312,Tony Simone,,,68,County,New York ,,true,1,10,Working Families,3781
5762,161,2024-11-05T00:00:00Z,General,,,,14,Member of Assembly,,340,State Assembly District,75,6,Scattering,,,68,County,New York ,,false,1,,,404
5762,161,2024-11-05T00:00:00Z,General,,,,14,Member of Assembly,,340,State Assembly District,75,10,Blank,,,68,County,New York ,,false,1,,,10586
5762,161,2024-11-05T00:00:00Z,General,,,,14,Member of Assembly,,340,State Assembly District,75,9,Void,,,68,County,New York ,,false,1,,,1123
5762,161,2024-11-05T00:00:00Z,General,,,,14,Member of Assembly,,340,State Assembly District,75,1,Total Votes,,,68,County,New York ,,false,1,,,55644
5763,161,2024-11-05T00:00:00Z,General,,,,14,Member of Assembly,,341,State Assembly District,76,8634,Rebecca A. Seawright,,,68,County,New York ,,true,1,7,Democratic,46962
5763,161,2024-11-05T00:00:00Z,General,,,,14,Member of Assembly,,341,State Assembly District,76,8634,Rebecca A. Seawright,,,68,County,New York ,,true,1,10,Working Families,3546
5763,161,2024-11-05T00:00:00Z,General,,,,14,Member of Assembly,,341,State Assembly District,76,6,Scattering,,,68,County,New York ,,false,1,,,584
5763,161,2024-11-05T00:00:00Z,General,,,,14,Member of Assembly,,341,State Assembly District,76,10,Blank,,,68,County,New York ,,false,1,,,11566
5763,161,2024-11-05T00:00:00Z,General,,,,14,Member of Assembly,,341,State Assembly District,76,9,Void,,,68,County,New York ,,false,1,,,1185
5763,161,2024-11-05T00:00:00Z,General,,,,14,Member of Assembly,,341,State Assembly District,76,1,Total Votes,,,68,County,New York ,,false,1,,,63843
5764,161,2024-11-05T00:00:00Z,General,,,,14,Member of Assembly,,342,State Assembly District,77,13021,Landon C. Dais,,,431,County,Bronx,,true,1,7,Democratic,18104
5764,161,2024-11-05T00:00:00Z,General,,,,14,Member of Assembly,,342,State Assembly District,77,13022,Norman Sobe McGill,,,431,County,Bronx,,false,1,8,Republican,5020
5764,161,2024-11-05T00:00:00Z,General,,,,14,Member of Assembly,,342,State Assembly District,77,13552,Elianni Del Carmen Tejada Fabian,,,431,County,Bronx,,false,1,9,Conservative,1204
5764,161,2024-11-05T00:00:00Z,General,,,,14,Member of Assembly,,342,State Assembly District,77,6,Scattering,,,431,County,Bronx,,false,1,,,53
5764,161,2024-11-05T00:00:00Z,General,,,,14,Member of Assembly,,342,State Assembly District,77,10,Blank,,,431,County,Bronx,,false,1,,,4048
5764,161,2024-11-05T00:00:00Z,General,,,,14,Member of Assembly,,342,State Assembly District,77,9,Void,,,431,County,Bronx,,false,1,,,32
5764,161,2024-11-05T00:00:00Z,General,,,,14,Member of Assembly,,342,State Assembly District,77,1,Total Votes,,,431,County,Bronx,,false,1,,,28461
5765,161,2024-11-05T00:00:00Z,General,,,,14,Member of Assembly,,343,State Assembly District,78,317,George A. Alvarez,,,431,County,Bronx,,true,1,7,Democratic,17254
5765,161,2024-11-05T00:00:00Z,General,,,,14,Member of Assembly,,343,State Assembly District,78,13553,John Santiago,,,431,County,Bronx,,false,1,8,Republican,5674
5765,161,2024-11-05T00:00:00Z,General,,,,14,Member of Assembly,,343,State Assembly District,78,13553,John Santiago,,,431,County,Bronx,,false,1,9,Conservative,555
5765,161,2024-11-05T00:00:00Z,General,,,,14,Member of Assembly,,343,State Assembly District,78,6,Scattering,,,431,County,Bronx,,false,1,,,47
5765,161,2024-11-05T00:00:00Z,General,,,,14,Member of Assembly,,343,State Assembly District,78,10,Blank,,,431,County,Bronx,,false,1,,,3106
5765,161,2024-11-05T00:00:00Z,General,,,,14,Member of Assembly,,343,State Assembly District,78,9,Void,,,431,County,Bronx,,false,1,,,58
5765,161,2024-11-05T00:00:00Z,General,,,,14,Member of Assembly,,343,State Assembly District,78,1,Total Votes,,,431,County,Bronx,,false,1,,,26694
5766,161,2024-11-05T00:00:00Z,General,,,,14,Member of Assembly,,344,State Assembly District,79,804,Chantel Jackson,,,431,County,Bronx,,true,1,7,Democratic,20585
5766,161,2024-11-05T00:00:00Z,General,,,,14,Member of Assembly,,344,State Assembly District,79,13554,Sharon Darby,,,431,County,Bronx,,false,1,8,Republican,4238
5766,161,2024-11-05T00:00:00Z,General,,,,14,Member of Assembly,,344,State Assembly District,79,13555,Emmanuel A. Findlay Jr,,,431,County,Bronx,,false,1,9,Conservative,841
5766,161,2024-11-05T00:00:00Z,General,,,,14,Member of Assembly,,344,State Assembly District,79,6,Scattering,,,431,County,Bronx,,false,1,,,39
5766,161,2024-11-05T00:00:00Z,General,,,,14,Member of Assembly,,344,State Assembly District,79,10,Blank,,,431,County,Bronx,,false,1,,,3611
5766,161,2024-11-05T00:00:00Z,General,,,,14,Member of Assembly,,344,State Assembly District,79,9,Void,,,431,County,Bronx,,false,1,,,18
5766,161,2024-11-05T00:00:00Z,General,,,,14,Member of Assembly,,344,State Assembly District,79,1,Total Votes,,,431,County,Bronx,,false,1,,,29332
5767,161,2024-11-05T00:00:00Z,General,,,,14,Member of Assembly,,345,State Assembly District,80,321,"John Zaccaro, Jr.",,,431,County,Bronx,,true,1,7,Democratic,20766
5767,161,2024-11-05T00:00:00Z,General,,,,14,Member of Assembly,,345,State Assembly District,80,3621,Nicholas Marricco,,,431,County,Bronx,,false,1,8,Republican,8243
5767,161,2024-11-05T00:00:00Z,General,,,,14,Member of Assembly,,345,State Assembly District,80,13556,Grace Marrero,,,431,County,Bronx,,false,1,9,Conservative,1605
5767,161,2024-11-05T00:00:00Z,General,,,,14,Member of Assembly,,345,State Assembly District,80,6,Scattering,,,431,County,Bronx,,false,1,,,123
5767,161,2024-11-05T00:00:00Z,General,,,,14,Member of Assembly,,345,State Assembly District,80,10,Blank,,,431,County,Bronx,,false,1,,,3936
5767,161,2024-11-05T00:00:00Z,General,,,,14,Member of Assembly,,345,State Assembly District,80,9,Void,,,431,County,Bronx,,false,1,,,82
5767,161,2024-11-05T00:00:00Z,General,,,,14,Member of Assembly,,345,State Assembly District,80,1,Total Votes,,,431,County,Bronx,,false,1,,,34755
5768,161,2024-11-05T00:00:00Z,General,,,,14,Member of Assembly,,346,State Assembly District,81,12355,Jeffrey Dinowitz,,,431,County,Bronx,,true,1,7,Democratic,29907
5768,161,2024-11-05T00:00:00Z,General,,,,14,Member of Assembly,,346,State Assembly District,81,324,Kevin Pazmino,,,431,County,Bronx,,false,1,8,Republican,7941
5768,161,2024-11-05T00:00:00Z,General,,,,14,Member of Assembly,,346,State Assembly District,81,324,Kevin Pazmino,,,431,County,Bronx,,false,1,9,Conservative,1003
5768,161,2024-11-05T00:00:00Z,General,,,,14,Member of Assembly,,346,State Assembly District,81,6,Scattering,,,431,County,Bronx,,false,1,,,298
5768,161,2024-11-05T00:00:00Z,General,,,,14,Member of Assembly,,346,State Assembly District,81,10,Blank,,,431,County,Bronx,,false,1,,,3582
5768,161,2024-11-05T00:00:00Z,General,,,,14,Member of Assembly,,346,State Assembly District,81,9,Void,,,431,County,Bronx,,false,1,,,379
5768,161,2024-11-05T00:00:00Z,General,,,,14,Member of Assembly,,346,State Assembly District,81,1,Total Votes,,,431,County,Bronx,,false,1,,,43110
5769,161,2024-11-05T00:00:00Z,General,,,,14,Member of Assembly,,347,State Assembly District,82,13557,Michael Benedetto,,,431,County,Bronx,,true,1,7,Democratic,29668
5769,161,2024-11-05T00:00:00Z,General,,,,14,Member of Assembly,,347,State Assembly District,82,13558,Juan De La Cruz,,,431,County,Bronx,,false,1,8,Republican,11957
5769,161,2024-11-05T00:00:00Z,General,,,,14,Member of Assembly,,347,State Assembly District,82,13558,Juan De La Cruz,,,431,County,Bronx,,false,1,9,Conservative,1405
5769,161,2024-11-05T00:00:00Z,General,,,,14,Member of Assembly,,347,State Assembly District,82,6,Scattering,,,431,County,Bronx,,false,1,,,87
5769,161,2024-11-05T00:00:00Z,General,,,,14,Member of Assembly,,347,State Assembly District,82,10,Blank,,,431,County,Bronx,,false,1,,,3555
5769,161,2024-11-05T00:00:00Z,General,,,,14,Member of Assembly,,347,State Assembly District,82,9,Void,,,431,County,Bronx,,false,1,,,76
5769,161,2024-11-05T00:00:00Z,General,,,,14,Member of Assembly,,347,State Assembly District,82,1,Total Votes,,,431,County,Bronx,,false,1,,,46748
5770,161,2024-11-05T00:00:00Z,General,,,,14,Member of Assembly,,348,State Assembly District,83,6151,Carl E. Heastie,,,431,County,Bronx,,true,1,7,Democratic,30322
5770,161,2024-11-05T00:00:00Z,General,,,,14,Member of Assembly,,348,State Assembly District,83,13559,Stephanie Liggio,,,431,County,Bronx,,false,1,8,Republican,3300
5770,161,2024-11-05T00:00:00Z,General,,,,14,Member of Assembly,,348,State Assembly District,83,13559,Stephanie Liggio,,,431,County,Bronx,,false,1,9,Conservative,634
5770,161,2024-11-05T00:00:00Z,General,,,,14,Member of Assembly,,348,State Assembly District,83,6,Scattering,,,431,County,Bronx,,false,1,,,41
5770,161,2024-11-05T00:00:00Z,General,,,,14,Member of Assembly,,348,State Assembly District,83,10,Blank,,,431,County,Bronx,,false,1,,,2988
5770,161,2024-11-05T00:00:00Z,General,,,,14,Member of Assembly,,348,State Assembly District,83,9,Void,,,431,County,Bronx,,false,1,,,47
5770,161,2024-11-05T00:00:00Z,General,,,,14,Member of Assembly,,348,State Assembly District,83,1,Total Votes,,,431,County,Bronx,,false,1,,,37332
5771,161,2024-11-05T00:00:00Z,General,,,,14,Member of Assembly,,349,State Assembly District,84,330,Amanda N. Septimo,,,431,County,Bronx,,true,1,7,Democratic,18861
5771,161,2024-11-05T00:00:00Z,General,,,,14,Member of Assembly,,349,State Assembly District,84,330,Amanda N. Septimo,,,431,County,Bronx,,true,1,10,Working Families,1442
5771,161,2024-11-05T00:00:00Z,General,,,,14,Member of Assembly,,349,State Assembly District,84,331,Rosaline Nieves,,,431,County,Bronx,,false,1,8,Republican,5328
5771,161,2024-11-05T00:00:00Z,General,,,,14,Member of Assembly,,349,State Assembly District,84,13560,Tyreek Goodman,,,431,County,Bronx,,false,1,9,Conservative,760
5771,161,2024-11-05T00:00:00Z,General,,,,14,Member of Assembly,,349,State Assembly District,84,6,Scattering,,,431,County,Bronx,,false,1,,,59
5771,161,2024-11-05T00:00:00Z,General,,,,14,Member of Assembly,,349,State Assembly District,84,10,Blank,,,431,County,Bronx,,false,1,,,3769
5771,161,2024-11-05T00:00:00Z,General,,,,14,Member of Assembly,,349,State Assembly District,84,9,Void,,,431,County,Bronx,,false,1,,,28
5771,161,2024-11-05T00:00:00Z,General,,,,14,Member of Assembly,,349,State Assembly District,84,1,Total Votes,,,431,County,Bronx,,false,1,,,30247
5772,161,2024-11-05T00:00:00Z,General,,,,14,Member of Assembly,,350,State Assembly District,85,2125,Emerita Torres,,,431,County,Bronx,,true,1,7,Democratic,20881
5772,161,2024-11-05T00:00:00Z,General,,,,14,Member of Assembly,,350,State Assembly District,85,13561,Kelly Atkinson,,,431,County,Bronx,,false,1,8,Republican,4849
5772,161,2024-11-05T00:00:00Z,General,,,,14,Member of Assembly,,350,State Assembly District,85,13562,Gary W. Lutz,,,431,County,Bronx,,false,1,9,Conservative,685
5772,161,2024-11-05T00:00:00Z,General,,,,14,Member of Assembly,,350,State Assembly District,85,6,Scattering,,,431,County,Bronx,,false,1,,,61
5772,161,2024-11-05T00:00:00Z,General,,,,14,Member of Assembly,,350,State Assembly District,85,10,Blank,,,431,County,Bronx,,false,1,,,3645
5772,161,2024-11-05T00:00:00Z,General,,,,14,Member of Assembly,,350,State Assembly District,85,9,Void,,,431,County,Bronx,,false,1,,,24
5772,161,2024-11-05T00:00:00Z,General,,,,14,Member of Assembly,,350,State Assembly District,85,1,Total Votes,,,431,County,Bronx,,false,1,,,30145
5773,161,2024-11-05T00:00:00Z,General,,,,14,Member of Assembly,,351,State Assembly District,86,334,Yudelka  Tapia,,,431,County,Bronx,,true,1,7,Democratic,17491
5773,161,2024-11-05T00:00:00Z,General,,,,14,Member of Assembly,,351,State Assembly District,86,13563,Woodrow Hines Jr,,,431,County,Bronx,,false,1,8,Republican,5369
5773,161,2024-11-05T00:00:00Z,General,,,,14,Member of Assembly,,351,State Assembly District,86,13564,Darney Rivers,,,431,County,Bronx,,false,1,9,Conservative,598
5773,161,2024-11-05T00:00:00Z,General,,,,14,Member of Assembly,,351,State Assembly District,86,6,Scattering,,,431,County,Bronx,,false,1,,,47
5773,161,2024-11-05T00:00:00Z,General,,,,14,Member of Assembly,,351,State Assembly District,86,10,Blank,,,431,County,Bronx,,false,1,,,3566
5773,161,2024-11-05T00:00:00Z,General,,,,14,Member of Assembly,,351,State Assembly District,86,9,Void,,,431,County,Bronx,,false,1,,,31
5773,161,2024-11-05T00:00:00Z,General,,,,14,Member of Assembly,,351,State Assembly District,86,1,Total Votes,,,431,County,Bronx,,false,1,,,27102
5774,161,2024-11-05T00:00:00Z,General,,,,14,Member of Assembly,,352,State Assembly District,87,336,Karines Reyes,,,431,County,Bronx,,true,1,7,Democratic,23224
5774,161,2024-11-05T00:00:00Z,General,,,,14,Member of Assembly,,352,State Assembly District,87,336,Karines Reyes,,,431,County,Bronx,,true,1,10,Working Families,2411
5774,161,2024-11-05T00:00:00Z,General,,,,14,Member of Assembly,,352,State Assembly District,87,6,Scattering,,,431,County,Bronx,,false,1,,,208
5774,161,2024-11-05T00:00:00Z,General,,,,14,Member of Assembly,,352,State Assembly District,87,10,Blank,,,431,County,Bronx,,false,1,,,7535
5774,161,2024-11-05T00:00:00Z,General,,,,14,Member of Assembly,,352,State Assembly District,87,9,Void,,,431,County,Bronx,,false,1,,,42
5774,161,2024-11-05T00:00:00Z,General,,,,14,Member of Assembly,,352,State Assembly District,87,1,Total Votes,,,431,County,Bronx,,false,1,,,33420
5775,161,2024-11-05T00:00:00Z,General,,,,14,Member of Assembly,,353,State Assembly District,88,338,Amy Paulin,,,432,County,Westchester,,true,1,7,Democratic,42979
5775,161,2024-11-05T00:00:00Z,General,,,,14,Member of Assembly,,353,State Assembly District,88,338,Amy Paulin,,,432,County,Westchester,,true,1,10,Working Families,1967
5775,161,2024-11-05T00:00:00Z,General,,,,14,Member of Assembly,,353,State Assembly District,88,339,Thomas H. Fix Jr.,,,432,County,Westchester,,false,1,8,Republican,22341
5775,161,2024-11-05T00:00:00Z,General,,,,14,Member of Assembly,,353,State Assembly District,88,339,Thomas H. Fix Jr.,,,432,County,Westchester,,false,1,9,Conservative,1724
5775,161,2024-11-05T00:00:00Z,General,,,,14,Member of Assembly,,353,State Assembly District,88,6,Scattering,,,432,County,Westchester,,false,1,,,29
5775,161,2024-11-05T00:00:00Z,General,,,,14,Member of Assembly,,353,State Assembly District,88,10,Blank,,,432,County,Westchester,,false,1,,,4962
5775,161,2024-11-05T00:00:00Z,General,,,,14,Member of Assembly,,353,State Assembly District,88,1,Total Votes,,,432,County,Westchester,,false,1,,,74002
5776,161,2024-11-05T00:00:00Z,General,,,,14,Member of Assembly,,354,State Assembly District,89,340,J. Gary Pretlow,,,432,County,Westchester,,true,1,7,Democratic,31486
5776,161,2024-11-05T00:00:00Z,General,,,,14,Member of Assembly,,354,State Assembly District,89,6,Scattering,,,432,County,Westchester,,false,1,,,69
5776,161,2024-11-05T00:00:00Z,General,,,,14,Member of Assembly,,354,State Assembly District,89,10,Blank,,,432,County,Westchester,,false,1,,,13119
5776,161,2024-11-05T00:00:00Z,General,,,,14,Member of Assembly,,354,State Assembly District,89,1,Total Votes,,,432,County,Westchester,,false,1,,,44674
5777,161,2024-11-05T00:00:00Z,General,,,,14,Member of Assembly,,355,State Assembly District,90,342,Nader J. Sayegh,,,432,County,Westchester,,true,1,7,Democratic,27146
5777,161,2024-11-05T00:00:00Z,General,,,,14,Member of Assembly,,355,State Assembly District,90,13565,John Isaac,,,432,County,Westchester,,false,1,8,Republican,19212
5777,161,2024-11-05T00:00:00Z,General,,,,14,Member of Assembly,,355,State Assembly District,90,13565,John Isaac,,,432,County,Westchester,,false,1,9,Conservative,1732
5777,161,2024-11-05T00:00:00Z,General,,,,14,Member of Assembly,,355,State Assembly District,90,6,Scattering,,,432,County,Westchester,,false,1,,,17
5777,161,2024-11-05T00:00:00Z,General,,,,14,Member of Assembly,,355,State Assembly District,90,10,Blank,,,432,County,Westchester,,false,1,,,4682
5777,161,2024-11-05T00:00:00Z,General,,,,14,Member of Assembly,,355,State Assembly District,90,1,Total Votes,,,432,County,Westchester,,false,1,,,52789
5778,161,2024-11-05T00:00:00Z,General,,,,14,Member of Assembly,,356,State Assembly District,91,344,Steven Otis,,,432,County,Westchester,,true,1,7,Democratic,33568
5778,161,2024-11-05T00:00:00Z,General,,,,14,Member of Assembly,,356,State Assembly District,91,344,Steven Otis,,,432,County,Westchester,,true,1,10,Working Families,1529
5778,161,2024-11-05T00:00:00Z,General,,,,14,Member of Assembly,,356,State Assembly District,91,13566,Katie Manger,,,432,County,Westchester,,false,1,8,Republican,17333
5778,161,2024-11-05T00:00:00Z,General,,,,14,Member of Assembly,,356,State Assembly District,91,6,Scattering,,,432,County,Westchester,,false,1,,,11
5778,161,2024-11-05T00:00:00Z,General,,,,14,Member of Assembly,,356,State Assembly District,91,10,Blank,,,432,County,Westchester,,false,1,,,6118
5778,161,2024-11-05T00:00:00Z,General,,,,14,Member of Assembly,,356,State Assembly District,91,1,Total Votes,,,432,County,Westchester,,false,1,,,58559
5779,161,2024-11-05T00:00:00Z,General,,,,14,Member of Assembly,,357,State Assembly District,92,345,MaryJane C. Shimsky,,,432,County,Westchester,,true,1,7,Democratic,41998
5779,161,2024-11-05T00:00:00Z,General,,,,14,Member of Assembly,,357,State Assembly District,92,345,MaryJane C. Shimsky,,,432,County,Westchester,,true,1,10,Working Families,2571
5779,161,2024-11-05T00:00:00Z,General,,,,14,Member of Assembly,,357,State Assembly District,92,13567,Alessandro Crocco,,,432,County,Westchester,,false,1,8,Republican,21477
5779,161,2024-11-05T00:00:00Z,General,,,,14,Member of Assembly,,357,State Assembly District,92,13567,Alessandro Crocco,,,432,County,Westchester,,false,1,9,Conservative,1723
5779,161,2024-11-05T00:00:00Z,General,,,,14,Member of Assembly,,357,State Assembly District,92,6,Scattering,,,432,County,Westchester,,false,1,,,36
5779,161,2024-11-05T00:00:00Z,General,,,,14,Member of Assembly,,357,State Assembly District,92,10,Blank,,,432,County,Westchester,,false,1,,,5430
5779,161,2024-11-05T00:00:00Z,General,,,,14,Member of Assembly,,357,State Assembly District,92,1,Total Votes,,,432,County,Westchester,,false,1,,,73235
5780,161,2024-11-05T00:00:00Z,General,,,,14,Member of Assembly,,358,State Assembly District,93,347,Chris Burdick,,,432,County,Westchester,,true,1,7,Democratic,45219
5780,161,2024-11-05T00:00:00Z,General,,,,14,Member of Assembly,,358,State Assembly District,93,347,Chris Burdick,,,432,County,Westchester,,true,1,10,Working Families,3778
5780,161,2024-11-05T00:00:00Z,General,,,,14,Member of Assembly,,358,State Assembly District,93,6,Scattering,,,432,County,Westchester,,false,1,,,161
5780,161,2024-11-05T00:00:00Z,General,,,,14,Member of Assembly,,358,State Assembly District,93,10,Blank,,,432,County,Westchester,,false,1,,,25735
5780,161,2024-11-05T00:00:00Z,General,,,,14,Member of Assembly,,358,State Assembly District,93,1,Total Votes,,,432,County,Westchester,,false,1,,,74893
5781,161,2024-11-05T00:00:00Z,General,,,,14,Member of Assembly,,359,State Assembly District,94,350,Matthew J. Slater,,,38,County,Putnam,,true,1,8,Republican,26864
5781,161,2024-11-05T00:00:00Z,General,,,,14,Member of Assembly,,359,State Assembly District,94,350,Matthew J. Slater,,,38,County,Putnam,,true,1,9,Conservative,2950
5781,161,2024-11-05T00:00:00Z,General,,,,14,Member of Assembly,,359,State Assembly District,94,13568,Zachary C. Couzens,,,38,County,Putnam,,false,1,7,Democratic,17245
5781,161,2024-11-05T00:00:00Z,General,,,,14,Member of Assembly,,359,State Assembly District,94,6,Scattering,,,38,County,Putnam,,false,1,,,12
5781,161,2024-11-05T00:00:00Z,General,,,,14,Member of Assembly,,359,State Assembly District,94,10,Blank,,,38,County,Putnam,,false,1,,,2945
5781,161,2024-11-05T00:00:00Z,General,,,,14,Member of Assembly,,359,State Assembly District,94,9,Void,,,38,County,Putnam,,false,1,,,13
5781,161,2024-11-05T00:00:00Z,General,,,,14,Member of Assembly,,359,State Assembly District,94,1,Total Votes,,,38,County,Putnam,,false,1,,,50029
5781,161,2024-11-05T00:00:00Z,General,,,,14,Member of Assembly,,359,State Assembly District,94,350,Matthew J. Slater,,,432,County,Westchester,,true,1,8,Republican,15208
5781,161,2024-11-05T00:00:00Z,General,,,,14,Member of Assembly,,359,State Assembly District,94,350,Matthew J. Slater,,,432,County,Westchester,,true,1,9,Conservative,1428
5781,161,2024-11-05T00:00:00Z,General,,,,14,Member of Assembly,,359,State Assembly District,94,13568,Zachary C. Couzens,,,432,County,Westchester,,false,1,7,Democratic,10553
5781,161,2024-11-05T00:00:00Z,General,,,,14,Member of Assembly,,359,State Assembly District,94,6,Scattering,,,432,County,Westchester,,false,1,,,4
5781,161,2024-11-05T00:00:00Z,General,,,,14,Member of Assembly,,359,State Assembly District,94,10,Blank,,,432,County,Westchester,,false,1,,,1442
5781,161,2024-11-05T00:00:00Z,General,,,,14,Member of Assembly,,359,State Assembly District,94,9,Void,,,432,County,Westchester,,false,1,,,0
5781,161,2024-11-05T00:00:00Z,General,,,,14,Member of Assembly,,359,State Assembly District,94,1,Total Votes,,,432,County,Westchester,,false,1,,,28635
5782,161,2024-11-05T00:00:00Z,General,,,,14,Member of Assembly,,360,State Assembly District,95,351,Dana Levenberg,,,38,County,Putnam,,true,1,7,Democratic,3698
5782,161,2024-11-05T00:00:00Z,General,,,,14,Member of Assembly,,360,State Assembly District,95,351,Dana Levenberg,,,38,County,Putnam,,true,1,10,Working Families,265
5782,161,2024-11-05T00:00:00Z,General,,,,14,Member of Assembly,,360,State Assembly District,95,13569,Michael L. Capalbo,,,38,County,Putnam,,false,1,8,Republican,1817
5782,161,2024-11-05T00:00:00Z,General,,,,14,Member of Assembly,,360,State Assembly District,95,13569,Michael L. Capalbo,,,38,County,Putnam,,false,1,9,Conservative,278
5782,161,2024-11-05T00:00:00Z,General,,,,14,Member of Assembly,,360,State Assembly District,95,6,Scattering,,,38,County,Putnam,,false,1,,,3
5782,161,2024-11-05T00:00:00Z,General,,,,14,Member of Assembly,,360,State Assembly District,95,10,Blank,,,38,County,Putnam,,false,1,,,331
5782,161,2024-11-05T00:00:00Z,General,,,,14,Member of Assembly,,360,State Assembly District,95,9,Void,,,38,County,Putnam,,false,1,,,0
5782,161,2024-11-05T00:00:00Z,General,,,,14,Member of Assembly,,360,State Assembly District,95,1,Total Votes,,,38,County,Putnam,,false,1,,,6392
5782,161,2024-11-05T00:00:00Z,General,,,,14,Member of Assembly,,360,State Assembly District,95,351,Dana Levenberg,,,432,County,Westchester,,true,1,7,Democratic,32344
5782,161,2024-11-05T00:00:00Z,General,,,,14,Member of Assembly,,360,State Assembly District,95,351,Dana Levenberg,,,432,County,Westchester,,true,1,10,Working Families,2165
5782,161,2024-11-05T00:00:00Z,General,,,,14,Member of Assembly,,360,State Assembly District,95,13569,Michael L. Capalbo,,,432,County,Westchester,,false,1,8,Republican,17865
5782,161,2024-11-05T00:00:00Z,General,,,,14,Member of Assembly,,360,State Assembly District,95,13569,Michael L. Capalbo,,,432,County,Westchester,,false,1,9,Conservative,1848
5782,161,2024-11-05T00:00:00Z,General,,,,14,Member of Assembly,,360,State Assembly District,95,6,Scattering,,,432,County,Westchester,,false,1,,,26
5782,161,2024-11-05T00:00:00Z,General,,,,14,Member of Assembly,,360,State Assembly District,95,10,Blank,,,432,County,Westchester,,false,1,,,3946
5782,161,2024-11-05T00:00:00Z,General,,,,14,Member of Assembly,,360,State Assembly District,95,9,Void,,,432,County,Westchester,,false,1,,,0
5782,161,2024-11-05T00:00:00Z,General,,,,14,Member of Assembly,,360,State Assembly District,95,1,Total Votes,,,432,County,Westchester,,false,1,,,58194
5783,161,2024-11-05T00:00:00Z,General,,,,14,Member of Assembly,,361,State Assembly District,96,13570,Patrick Carroll,,,40,County,Rockland,,true,1,7,Democratic,34402
5783,161,2024-11-05T00:00:00Z,General,,,,14,Member of Assembly,,361,State Assembly District,96,13570,Patrick Carroll,,,40,County,Rockland,,true,1,10,Working Families,2031
5783,161,2024-11-05T00:00:00Z,General,,,,14,Member of Assembly,,361,State Assembly District,96,13571,Ronald D. Diz,,,40,County,Rockland,,false,1,8,Republican,23358
5783,161,2024-11-05T00:00:00Z,General,,,,14,Member of Assembly,,361,State Assembly District,96,13571,Ronald D. Diz,,,40,County,Rockland,,false,1,9,Conservative,2100
5783,161,2024-11-05T00:00:00Z,General,,,,14,Member of Assembly,,361,State Assembly District,96,6,Scattering,,,40,County,Rockland,,false,1,,,47
5783,161,2024-11-05T00:00:00Z,General,,,,14,Member of Assembly,,361,State Assembly District,96,10,Blank,,,40,County,Rockland,,false,1,,,5677
5783,161,2024-11-05T00:00:00Z,General,,,,14,Member of Assembly,,361,State Assembly District,96,9,Void,,,40,County,Rockland,,false,1,,,54
5783,161,2024-11-05T00:00:00Z,General,,,,14,Member of Assembly,,361,State Assembly District,96,1,Total Votes,,,40,County,Rockland,,false,1,,,67669
5784,161,2024-11-05T00:00:00Z,General,,,,14,Member of Assembly,,362,State Assembly District,97,3632,Aron B. Wieder,,,40,County,Rockland,,true,1,7,Democratic,24749
5784,161,2024-11-05T00:00:00Z,General,,,,14,Member of Assembly,,362,State Assembly District,97,356,John W. McGowan,,,40,County,Rockland,,false,1,8,Republican,21098
5784,161,2024-11-05T00:00:00Z,General,,,,14,Member of Assembly,,362,State Assembly District,97,13399,Thomas F. Sullivan,,,40,County,Rockland,,false,1,9,Conservative,1715
5784,161,2024-11-05T00:00:00Z,General,,,,14,Member of Assembly,,362,State Assembly District,97,6,Scattering,,,40,County,Rockland,,false,1,,,118
5784,161,2024-11-05T00:00:00Z,General,,,,14,Member of Assembly,,362,State Assembly District,97,10,Blank,,,40,County,Rockland,,false,1,,,4587
5784,161,2024-11-05T00:00:00Z,General,,,,14,Member of Assembly,,362,State Assembly District,97,9,Void,,,40,County,Rockland,,false,1,,,153
5784,161,2024-11-05T00:00:00Z,General,,,,14,Member of Assembly,,362,State Assembly District,97,1,Total Votes,,,40,County,Rockland,,false,1,,,52420
5785,161,2024-11-05T00:00:00Z,General,,,,14,Member of Assembly,,363,State Assembly District,98,358,Karl A. Brabenec,,,34,County,Orange,,true,1,8,Republican,25375
5785,161,2024-11-05T00:00:00Z,General,,,,14,Member of Assembly,,363,State Assembly District,98,358,Karl A. Brabenec,,,34,County,Orange,,true,1,9,Conservative,3373
5785,161,2024-11-05T00:00:00Z,General,,,,14,Member of Assembly,,363,State Assembly District,98,6,Scattering,,,34,County,Orange,,false,1,,,242
5785,161,2024-11-05T00:00:00Z,General,,,,14,Member of Assembly,,363,State Assembly District,98,10,Blank,,,34,County,Orange,,false,1,,,14443
5785,161,2024-11-05T00:00:00Z,General,,,,14,Member of Assembly,,363,State Assembly District,98,9,Void,,,34,County,Orange,,false,1,,,3
5785,161,2024-11-05T00:00:00Z,General,,,,14,Member of Assembly,,363,State Assembly District,98,1,Total Votes,,,34,County,Orange,,false,1,,,43436
5785,161,2024-11-05T00:00:00Z,General,,,,14,Member of Assembly,,363,State Assembly District,98,358,Karl A. Brabenec,,,40,County,Rockland,,true,1,8,Republican,11653
5785,161,2024-11-05T00:00:00Z,General,,,,14,Member of Assembly,,363,State Assembly District,98,358,Karl A. Brabenec,,,40,County,Rockland,,true,1,9,Conservative,1662
5785,161,2024-11-05T00:00:00Z,General,,,,14,Member of Assembly,,363,State Assembly District,98,6,Scattering,,,40,County,Rockland,,false,1,,,185
5785,161,2024-11-05T00:00:00Z,General,,,,14,Member of Assembly,,363,State Assembly District,98,10,Blank,,,40,County,Rockland,,false,1,,,9263
5785,161,2024-11-05T00:00:00Z,General,,,,14,Member of Assembly,,363,State Assembly District,98,9,Void,,,40,County,Rockland,,false,1,,,4
5785,161,2024-11-05T00:00:00Z,General,,,,14,Member of Assembly,,363,State Assembly District,98,1,Total Votes,,,40,County,Rockland,,false,1,,,22767
5786,161,2024-11-05T00:00:00Z,General,,,,14,Member of Assembly,,364,State Assembly District,99,359,Christopher W. Eachus,,,34,County,Orange,,true,1,7,Democratic,24173
5786,161,2024-11-05T00:00:00Z,General,,,,14,Member of Assembly,,364,State Assembly District,99,359,Christopher W. Eachus,,,34,County,Orange,,true,1,10,Working Families,1203
5786,161,2024-11-05T00:00:00Z,General,,,,14,Member of Assembly,,364,State Assembly District,99,13572,Tom Lapolla,,,34,County,Orange,,false,1,8,Republican,15183
5786,161,2024-11-05T00:00:00Z,General,,,,14,Member of Assembly,,364,State Assembly District,99,13572,Tom Lapolla,,,34,County,Orange,,false,1,9,Conservative,1687
5786,161,2024-11-05T00:00:00Z,General,,,,14,Member of Assembly,,364,State Assembly District,99,6,Scattering,,,34,County,Orange,,false,1,,,23
5786,161,2024-11-05T00:00:00Z,General,,,,14,Member of Assembly,,364,State Assembly District,99,10,Blank,,,34,County,Orange,,false,1,,,2730
5786,161,2024-11-05T00:00:00Z,General,,,,14,Member of Assembly,,364,State Assembly District,99,9,Void,,,34,County,Orange,,false,1,,,16
5786,161,2024-11-05T00:00:00Z,General,,,,14,Member of Assembly,,364,State Assembly District,99,1,Total Votes,,,34,County,Orange,,false,1,,,45015
5786,161,2024-11-05T00:00:00Z,General,,,,14,Member of Assembly,,364,State Assembly District,99,359,Christopher W. Eachus,,,40,County,Rockland,,false,1,7,Democratic,2828
5786,161,2024-11-05T00:00:00Z,General,,,,14,Member of Assembly,,364,State Assembly District,99,359,Christopher W. Eachus,,,40,County,Rockland,,false,1,10,Working Families,142
5786,161,2024-11-05T00:00:00Z,General,,,,14,Member of Assembly,,364,State Assembly District,99,13572,Tom Lapolla,,,40,County,Rockland,,true,1,8,Republican,4333
5786,161,2024-11-05T00:00:00Z,General,,,,14,Member of Assembly,,364,State Assembly District,99,13572,Tom Lapolla,,,40,County,Rockland,,true,1,9,Conservative,480
5786,161,2024-11-05T00:00:00Z,General,,,,14,Member of Assembly,,364,State Assembly District,99,6,Scattering,,,40,County,Rockland,,false,1,,,3
5786,161,2024-11-05T00:00:00Z,General,,,,14,Member of Assembly,,364,State Assembly District,99,10,Blank,,,40,County,Rockland,,false,1,,,659
5786,161,2024-11-05T00:00:00Z,General,,,,14,Member of Assembly,,364,State Assembly District,99,9,Void,,,40,County,Rockland,,false,1,,,2
5786,161,2024-11-05T00:00:00Z,General,,,,14,Member of Assembly,,364,State Assembly District,99,1,Total Votes,,,40,County,Rockland,,false,1,,,8447
5787,161,2024-11-05T00:00:00Z,General,,,,14,Member of Assembly,,365,State Assembly District,100,13573,Paula Elaine Kay,,,34,County,Orange,,true,1,7,Democratic,11905
5787,161,2024-11-05T00:00:00Z,General,,,,14,Member of Assembly,,365,State Assembly District,100,13573,Paula Elaine Kay,,,34,County,Orange,,true,1,310,People Over Politics ,210
5787,161,2024-11-05T00:00:00Z,General,,,,14,Member of Assembly,,365,State Assembly District,100,13401,"Louis J. Ingrassia, Jr.",,,34,County,Orange,,false,1,8,Republican,8592
5787,161,2024-11-05T00:00:00Z,General,,,,14,Member of Assembly,,365,State Assembly District,100,13401,"Louis J. Ingrassia, Jr.",,,34,County,Orange,,false,1,9,Conservative,1058
5787,161,2024-11-05T00:00:00Z,General,,,,14,Member of Assembly,,365,State Assembly District,100,6,Scattering,,,34,County,Orange,,false,1,,,7
5787,161,2024-11-05T00:00:00Z,General,,,,14,Member of Assembly,,365,State Assembly District,100,10,Blank,,,34,County,Orange,,false,1,,,1512
5787,161,2024-11-05T00:00:00Z,General,,,,14,Member of Assembly,,365,State Assembly District,100,9,Void,,,34,County,Orange,,false,1,,,33
5787,161,2024-11-05T00:00:00Z,General,,,,14,Member of Assembly,,365,State Assembly District,100,1,Total Votes,,,34,County,Orange,,false,1,,,23317
5787,161,2024-11-05T00:00:00Z,General,,,,14,Member of Assembly,,365,State Assembly District,100,13573,Paula Elaine Kay,,,49,County,Sullivan,,true,1,7,Democratic,12611
5787,161,2024-11-05T00:00:00Z,General,,,,14,Member of Assembly,,365,State Assembly District,100,13573,Paula Elaine Kay,,,49,County,Sullivan,,true,1,310,People Over Politics ,2347
5787,161,2024-11-05T00:00:00Z,General,,,,14,Member of Assembly,,365,State Assembly District,100,13401,"Louis J. Ingrassia, Jr.",,,49,County,Sullivan,,false,1,8,Republican,12991
5787,161,2024-11-05T00:00:00Z,General,,,,14,Member of Assembly,,365,State Assembly District,100,13401,"Louis J. Ingrassia, Jr.",,,49,County,Sullivan,,false,1,9,Conservative,1754
5787,161,2024-11-05T00:00:00Z,General,,,,14,Member of Assembly,,365,State Assembly District,100,6,Scattering,,,49,County,Sullivan,,false,1,,,17
5787,161,2024-11-05T00:00:00Z,General,,,,14,Member of Assembly,,365,State Assembly District,100,10,Blank,,,49,County,Sullivan,,false,1,,,1368
5787,161,2024-11-05T00:00:00Z,General,,,,14,Member of Assembly,,365,State Assembly District,100,9,Void,,,49,County,Sullivan,,false,1,,,68
5787,161,2024-11-05T00:00:00Z,General,,,,14,Member of Assembly,,365,State Assembly District,100,1,Total Votes,,,49,County,Sullivan,,false,1,,,31156
5788,161,2024-11-05T00:00:00Z,General,,,,14,Member of Assembly,,366,State Assembly District,101,364,Brian M. Maher,,,13,County,Delaware,,true,1,8,Republican,3095
5788,161,2024-11-05T00:00:00Z,General,,,,14,Member of Assembly,,366,State Assembly District,101,364,Brian M. Maher,,,13,County,Delaware,,true,1,9,Conservative,365
5788,161,2024-11-05T00:00:00Z,General,,,,14,Member of Assembly,,366,State Assembly District,101,6,Scattering,,,13,County,Delaware,,false,1,,,35
5788,161,2024-11-05T00:00:00Z,General,,,,14,Member of Assembly,,366,State Assembly District,101,10,Blank,,,13,County,Delaware,,false,1,,,1828
5788,161,2024-11-05T00:00:00Z,General,,,,14,Member of Assembly,,366,State Assembly District,101,9,Void,,,13,County,Delaware,,false,1,,,0
5788,161,2024-11-05T00:00:00Z,General,,,,14,Member of Assembly,,366,State Assembly District,101,1,Total Votes,,,13,County,Delaware,,false,1,,,5323
5788,161,2024-11-05T00:00:00Z,General,,,,14,Member of Assembly,,366,State Assembly District,101,364,Brian M. Maher,,,34,County,Orange,,true,1,8,Republican,24280
5788,161,2024-11-05T00:00:00Z,General,,,,14,Member of Assembly,,366,State Assembly District,101,364,Brian M. Maher,,,34,County,Orange,,true,1,9,Conservative,3651
5788,161,2024-11-05T00:00:00Z,General,,,,14,Member of Assembly,,366,State Assembly District,101,6,Scattering,,,34,County,Orange,,false,1,,,211
5788,161,2024-11-05T00:00:00Z,General,,,,14,Member of Assembly,,366,State Assembly District,101,10,Blank,,,34,County,Orange,,false,1,,,15051
5788,161,2024-11-05T00:00:00Z,General,,,,14,Member of Assembly,,366,State Assembly District,101,9,Void,,,34,County,Orange,,false,1,,,3
5788,161,2024-11-05T00:00:00Z,General,,,,14,Member of Assembly,,366,State Assembly District,101,1,Total Votes,,,34,County,Orange,,false,1,,,43196
5788,161,2024-11-05T00:00:00Z,General,,,,14,Member of Assembly,,366,State Assembly District,101,364,Brian M. Maher,,,49,County,Sullivan,,true,1,8,Republican,2506
5788,161,2024-11-05T00:00:00Z,General,,,,14,Member of Assembly,,366,State Assembly District,101,364,Brian M. Maher,,,49,County,Sullivan,,true,1,9,Conservative,423
5788,161,2024-11-05T00:00:00Z,General,,,,14,Member of Assembly,,366,State Assembly District,101,6,Scattering,,,49,County,Sullivan,,false,1,,,25
5788,161,2024-11-05T00:00:00Z,General,,,,14,Member of Assembly,,366,State Assembly District,101,10,Blank,,,49,County,Sullivan,,false,1,,,1463
5788,161,2024-11-05T00:00:00Z,General,,,,14,Member of Assembly,,366,State Assembly District,101,9,Void,,,49,County,Sullivan,,false,1,,,0
5788,161,2024-11-05T00:00:00Z,General,,,,14,Member of Assembly,,366,State Assembly District,101,1,Total Votes,,,49,County,Sullivan,,false,1,,,4417
5788,161,2024-11-05T00:00:00Z,General,,,,14,Member of Assembly,,366,State Assembly District,101,364,Brian M. Maher,,,52,County,Ulster,,true,1,8,Republican,8961
5788,161,2024-11-05T00:00:00Z,General,,,,14,Member of Assembly,,366,State Assembly District,101,364,Brian M. Maher,,,52,County,Ulster,,true,1,9,Conservative,1536
5788,161,2024-11-05T00:00:00Z,General,,,,14,Member of Assembly,,366,State Assembly District,101,6,Scattering,,,52,County,Ulster,,false,1,,,157
5788,161,2024-11-05T00:00:00Z,General,,,,14,Member of Assembly,,366,State Assembly District,101,10,Blank,,,52,County,Ulster,,false,1,,,6964
5788,161,2024-11-05T00:00:00Z,General,,,,14,Member of Assembly,,366,State Assembly District,101,9,Void,,,52,County,Ulster,,false,1,,,3
5788,161,2024-11-05T00:00:00Z,General,,,,14,Member of Assembly,,366,State Assembly District,101,1,Total Votes,,,52,County,Ulster,,false,1,,,17621
5789,161,2024-11-05T00:00:00Z,General,,,,14,Member of Assembly,,367,State Assembly District,102,366,Christopher Tague,,,2,County,Albany,,true,1,8,Republican,5994
5789,161,2024-11-05T00:00:00Z,General,,,,14,Member of Assembly,,367,State Assembly District,102,366,Christopher Tague,,,2,County,Albany,,true,1,9,Conservative,1142
5789,161,2024-11-05T00:00:00Z,General,,,,14,Member of Assembly,,367,State Assembly District,102,13403,Janet S. Tweed,,,2,County,Albany,,false,1,7,Democratic,3695
5789,161,2024-11-05T00:00:00Z,General,,,,14,Member of Assembly,,367,State Assembly District,102,13403,Janet S. Tweed,,,2,County,Albany,,false,1,10,Working Families,505
5789,161,2024-11-05T00:00:00Z,General,,,,14,Member of Assembly,,367,State Assembly District,102,6,Scattering,,,2,County,Albany,,false,1,,,4
5789,161,2024-11-05T00:00:00Z,General,,,,14,Member of Assembly,,367,State Assembly District,102,10,Blank,,,2,County,Albany,,false,1,,,560
5789,161,2024-11-05T00:00:00Z,General,,,,14,Member of Assembly,,367,State Assembly District,102,9,Void,,,2,County,Albany,,false,1,,,3
5789,161,2024-11-05T00:00:00Z,General,,,,14,Member of Assembly,,367,State Assembly District,102,1,Total Votes,,,2,County,Albany,,false,1,,,11903
5789,161,2024-11-05T00:00:00Z,General,,,,14,Member of Assembly,,367,State Assembly District,102,366,Christopher Tague,,,13,County,Delaware,,true,1,8,Republican,7179
5789,161,2024-11-05T00:00:00Z,General,,,,14,Member of Assembly,,367,State Assembly District,102,366,Christopher Tague,,,13,County,Delaware,,true,1,9,Conservative,698
5789,161,2024-11-05T00:00:00Z,General,,,,14,Member of Assembly,,367,State Assembly District,102,13403,Janet S. Tweed,,,13,County,Delaware,,false,1,7,Democratic,4662
5789,161,2024-11-05T00:00:00Z,General,,,,14,Member of Assembly,,367,State Assembly District,102,13403,Janet S. Tweed,,,13,County,Delaware,,false,1,10,Working Families,557
5789,161,2024-11-05T00:00:00Z,General,,,,14,Member of Assembly,,367,State Assembly District,102,6,Scattering,,,13,County,Delaware,,false,1,,,8
5789,161,2024-11-05T00:00:00Z,General,,,,14,Member of Assembly,,367,State Assembly District,102,10,Blank,,,13,County,Delaware,,false,1,,,525
5789,161,2024-11-05T00:00:00Z,General,,,,14,Member of Assembly,,367,State Assembly District,102,9,Void,,,13,County,Delaware,,false,1,,,3
5789,161,2024-11-05T00:00:00Z,General,,,,14,Member of Assembly,,367,State Assembly District,102,1,Total Votes,,,13,County,Delaware,,false,1,,,13632
5789,161,2024-11-05T00:00:00Z,General,,,,14,Member of Assembly,,367,State Assembly District,102,366,Christopher Tague,,,20,County,Greene,,true,1,8,Republican,13433
5789,161,2024-11-05T00:00:00Z,General,,,,14,Member of Assembly,,367,State Assembly District,102,366,Christopher Tague,,,20,County,Greene,,true,1,9,Conservative,1982
5789,161,2024-11-05T00:00:00Z,General,,,,14,Member of Assembly,,367,State Assembly District,102,13403,Janet S. Tweed,,,20,County,Greene,,false,1,7,Democratic,8017
5789,161,2024-11-05T00:00:00Z,General,,,,14,Member of Assembly,,367,State Assembly District,102,13403,Janet S. Tweed,,,20,County,Greene,,false,1,10,Working Families,1193
5789,161,2024-11-05T00:00:00Z,General,,,,14,Member of Assembly,,367,State Assembly District,102,6,Scattering,,,20,County,Greene,,false,1,,,12
5789,161,2024-11-05T00:00:00Z,General,,,,14,Member of Assembly,,367,State Assembly District,102,10,Blank,,,20,County,Greene,,false,1,,,967
5789,161,2024-11-05T00:00:00Z,General,,,,14,Member of Assembly,,367,State Assembly District,102,9,Void,,,20,County,Greene,,false,1,,,5
5789,161,2024-11-05T00:00:00Z,General,,,,14,Member of Assembly,,367,State Assembly District,102,1,Total Votes,,,20,County,Greene,,false,1,,,25609
5789,161,2024-11-05T00:00:00Z,General,,,,14,Member of Assembly,,367,State Assembly District,102,366,Christopher Tague,,,37,County,Otsego,,true,1,8,Republican,3835
5789,161,2024-11-05T00:00:00Z,General,,,,14,Member of Assembly,,367,State Assembly District,102,366,Christopher Tague,,,37,County,Otsego,,true,1,9,Conservative,505
5789,161,2024-11-05T00:00:00Z,General,,,,14,Member of Assembly,,367,State Assembly District,102,13403,Janet S. Tweed,,,37,County,Otsego,,false,1,7,Democratic,3010
5789,161,2024-11-05T00:00:00Z,General,,,,14,Member of Assembly,,367,State Assembly District,102,13403,Janet S. Tweed,,,37,County,Otsego,,false,1,10,Working Families,272
5789,161,2024-11-05T00:00:00Z,General,,,,14,Member of Assembly,,367,State Assembly District,102,6,Scattering,,,37,County,Otsego,,false,1,,,5
5789,161,2024-11-05T00:00:00Z,General,,,,14,Member of Assembly,,367,State Assembly District,102,10,Blank,,,37,County,Otsego,,false,1,,,403
5789,161,2024-11-05T00:00:00Z,General,,,,14,Member of Assembly,,367,State Assembly District,102,9,Void,,,37,County,Otsego,,false,1,,,2
5789,161,2024-11-05T00:00:00Z,General,,,,14,Member of Assembly,,367,State Assembly District,102,1,Total Votes,,,37,County,Otsego,,false,1,,,8032
5789,161,2024-11-05T00:00:00Z,General,,,,14,Member of Assembly,,367,State Assembly District,102,366,Christopher Tague,,,44,County,Schoharie,,true,1,8,Republican,9912
5789,161,2024-11-05T00:00:00Z,General,,,,14,Member of Assembly,,367,State Assembly District,102,366,Christopher Tague,,,44,County,Schoharie,,true,1,9,Conservative,1358
5789,161,2024-11-05T00:00:00Z,General,,,,14,Member of Assembly,,367,State Assembly District,102,13403,Janet S. Tweed,,,44,County,Schoharie,,false,1,7,Democratic,4048
5789,161,2024-11-05T00:00:00Z,General,,,,14,Member of Assembly,,367,State Assembly District,102,13403,Janet S. Tweed,,,44,County,Schoharie,,false,1,10,Working Families,464
5789,161,2024-11-05T00:00:00Z,General,,,,14,Member of Assembly,,367,State Assembly District,102,6,Scattering,,,44,County,Schoharie,,false,1,,,7
5789,161,2024-11-05T00:00:00Z,General,,,,14,Member of Assembly,,367,State Assembly District,102,10,Blank,,,44,County,Schoharie,,false,1,,,404
5789,161,2024-11-05T00:00:00Z,General,,,,14,Member of Assembly,,367,State Assembly District,102,9,Void,,,44,County,Schoharie,,false,1,,,15
5789,161,2024-11-05T00:00:00Z,General,,,,14,Member of Assembly,,367,State Assembly District,102,1,Total Votes,,,44,County,Schoharie,,false,1,,,16208
5790,161,2024-11-05T00:00:00Z,General,,,,14,Member of Assembly,,368,State Assembly District,103,367,Sarahana Shrestha,,,14,County,Dutchess,,true,1,7,Democratic,6362
5790,161,2024-11-05T00:00:00Z,General,,,,14,Member of Assembly,,368,State Assembly District,103,367,Sarahana Shrestha,,,14,County,Dutchess,,true,1,10,Working Families,808
5790,161,2024-11-05T00:00:00Z,General,,,,14,Member of Assembly,,368,State Assembly District,103,3637,Jack Hayes,,,14,County,Dutchess,,false,1,8,Republican,3096
5790,161,2024-11-05T00:00:00Z,General,,,,14,Member of Assembly,,368,State Assembly District,103,3637,Jack Hayes,,,14,County,Dutchess,,false,1,9,Conservative,430
5790,161,2024-11-05T00:00:00Z,General,,,,14,Member of Assembly,,368,State Assembly District,103,6,Scattering,,,14,County,Dutchess,,false,1,,,3
5790,161,2024-11-05T00:00:00Z,General,,,,14,Member of Assembly,,368,State Assembly District,103,10,Blank,,,14,County,Dutchess,,false,1,,,547
5790,161,2024-11-05T00:00:00Z,General,,,,14,Member of Assembly,,368,State Assembly District,103,9,Void,,,14,County,Dutchess,,false,1,,,0
5790,161,2024-11-05T00:00:00Z,General,,,,14,Member of Assembly,,368,State Assembly District,103,1,Total Votes,,,14,County,Dutchess,,false,1,,,11246
5790,161,2024-11-05T00:00:00Z,General,,,,14,Member of Assembly,,368,State Assembly District,103,367,Sarahana Shrestha,,,52,County,Ulster,,true,1,7,Democratic,33360
5790,161,2024-11-05T00:00:00Z,General,,,,14,Member of Assembly,,368,State Assembly District,103,367,Sarahana Shrestha,,,52,County,Ulster,,true,1,10,Working Families,6463
5790,161,2024-11-05T00:00:00Z,General,,,,14,Member of Assembly,,368,State Assembly District,103,3637,Jack Hayes,,,52,County,Ulster,,false,1,8,Republican,19107
5790,161,2024-11-05T00:00:00Z,General,,,,14,Member of Assembly,,368,State Assembly District,103,3637,Jack Hayes,,,52,County,Ulster,,false,1,9,Conservative,3543
5790,161,2024-11-05T00:00:00Z,General,,,,14,Member of Assembly,,368,State Assembly District,103,6,Scattering,,,52,County,Ulster,,false,1,,,104
5790,161,2024-11-05T00:00:00Z,General,,,,14,Member of Assembly,,368,State Assembly District,103,10,Blank,,,52,County,Ulster,,false,1,,,3299
5790,161,2024-11-05T00:00:00Z,General,,,,14,Member of Assembly,,368,State Assembly District,103,9,Void,,,52,County,Ulster,,false,1,,,25
5790,161,2024-11-05T00:00:00Z,General,,,,14,Member of Assembly,,368,State Assembly District,103,1,Total Votes,,,52,County,Ulster,,false,1,,,65901
5791,161,2024-11-05T00:00:00Z,General,,,,14,Member of Assembly,,369,State Assembly District,104,12218,Jonathan G. Jacobson,,,14,County,Dutchess,,true,1,7,Democratic,11666
5791,161,2024-11-05T00:00:00Z,General,,,,14,Member of Assembly,,369,State Assembly District,104,12218,Jonathan G. Jacobson,,,14,County,Dutchess,,true,1,10,Working Families,1872
5791,161,2024-11-05T00:00:00Z,General,,,,14,Member of Assembly,,369,State Assembly District,104,6,Scattering,,,14,County,Dutchess,,false,1,,,71
5791,161,2024-11-05T00:00:00Z,General,,,,14,Member of Assembly,,369,State Assembly District,104,10,Blank,,,14,County,Dutchess,,false,1,,,4614
5791,161,2024-11-05T00:00:00Z,General,,,,14,Member of Assembly,,369,State Assembly District,104,9,Void,,,14,County,Dutchess,,false,1,,,2
5791,161,2024-11-05T00:00:00Z,General,,,,14,Member of Assembly,,369,State Assembly District,104,1,Total Votes,,,14,County,Dutchess,,false,1,,,18225
5791,161,2024-11-05T00:00:00Z,General,,,,14,Member of Assembly,,369,State Assembly District,104,12218,Jonathan G. Jacobson,,,34,County,Orange,,true,1,7,Democratic,12195
5791,161,2024-11-05T00:00:00Z,General,,,,14,Member of Assembly,,369,State Assembly District,104,12218,Jonathan G. Jacobson,,,34,County,Orange,,true,1,10,Working Families,1882
5791,161,2024-11-05T00:00:00Z,General,,,,14,Member of Assembly,,369,State Assembly District,104,6,Scattering,,,34,County,Orange,,false,1,,,89
5791,161,2024-11-05T00:00:00Z,General,,,,14,Member of Assembly,,369,State Assembly District,104,10,Blank,,,34,County,Orange,,false,1,,,9102
5791,161,2024-11-05T00:00:00Z,General,,,,14,Member of Assembly,,369,State Assembly District,104,9,Void,,,34,County,Orange,,false,1,,,3
5791,161,2024-11-05T00:00:00Z,General,,,,14,Member of Assembly,,369,State Assembly District,104,1,Total Votes,,,34,County,Orange,,false,1,,,23271
5791,161,2024-11-05T00:00:00Z,General,,,,14,Member of Assembly,,369,State Assembly District,104,12218,Jonathan G. Jacobson,,,52,County,Ulster,,true,1,7,Democratic,7779
5791,161,2024-11-05T00:00:00Z,General,,,,14,Member of Assembly,,369,State Assembly District,104,12218,Jonathan G. Jacobson,,,52,County,Ulster,,true,1,10,Working Families,1881
5791,161,2024-11-05T00:00:00Z,General,,,,14,Member of Assembly,,369,State Assembly District,104,6,Scattering,,,52,County,Ulster,,false,1,,,77
5791,161,2024-11-05T00:00:00Z,General,,,,14,Member of Assembly,,369,State Assembly District,104,10,Blank,,,52,County,Ulster,,false,1,,,6764
5791,161,2024-11-05T00:00:00Z,General,,,,14,Member of Assembly,,369,State Assembly District,104,9,Void,,,52,County,Ulster,,false,1,,,1
5791,161,2024-11-05T00:00:00Z,General,,,,14,Member of Assembly,,369,State Assembly District,104,1,Total Votes,,,52,County,Ulster,,false,1,,,16502
5792,161,2024-11-05T00:00:00Z,General,,,,14,Member of Assembly,,370,State Assembly District,105,371,"Anil R. Beephan, Jr.",,,14,County,Dutchess,,true,1,8,Republican,41926
5792,161,2024-11-05T00:00:00Z,General,,,,14,Member of Assembly,,370,State Assembly District,105,371,"Anil R. Beephan, Jr.",,,14,County,Dutchess,,true,1,9,Conservative,7032
5792,161,2024-11-05T00:00:00Z,General,,,,14,Member of Assembly,,370,State Assembly District,105,6,Scattering,,,14,County,Dutchess,,false,1,,,515
5792,161,2024-11-05T00:00:00Z,General,,,,14,Member of Assembly,,370,State Assembly District,105,10,Blank,,,14,County,Dutchess,,false,1,,,25477
5792,161,2024-11-05T00:00:00Z,General,,,,14,Member of Assembly,,370,State Assembly District,105,9,Void,,,14,County,Dutchess,,false,1,,,5
5792,161,2024-11-05T00:00:00Z,General,,,,14,Member of Assembly,,370,State Assembly District,105,1,Total Votes,,,14,County,Dutchess,,false,1,,,74955
5793,161,2024-11-05T00:00:00Z,General,,,,14,Member of Assembly,,371,State Assembly District,106,372,Didi Barrett,,,11,County,Columbia,,true,1,7,Democratic,14700
5793,161,2024-11-05T00:00:00Z,General,,,,14,Member of Assembly,,371,State Assembly District,106,13574,Stephan L. Krakower,,,11,County,Columbia,,false,1,8,Republican,7889
5793,161,2024-11-05T00:00:00Z,General,,,,14,Member of Assembly,,371,State Assembly District,106,13574,Stephan L. Krakower,,,11,County,Columbia,,false,1,9,Conservative,1164
5793,161,2024-11-05T00:00:00Z,General,,,,14,Member of Assembly,,371,State Assembly District,106,6,Scattering,,,11,County,Columbia,,false,1,,,54
5793,161,2024-11-05T00:00:00Z,General,,,,14,Member of Assembly,,371,State Assembly District,106,10,Blank,,,11,County,Columbia,,false,1,,,945
5793,161,2024-11-05T00:00:00Z,General,,,,14,Member of Assembly,,371,State Assembly District,106,9,Void,,,11,County,Columbia,,false,1,,,8
5793,161,2024-11-05T00:00:00Z,General,,,,14,Member of Assembly,,371,State Assembly District,106,1,Total Votes,,,11,County,Columbia,,false,1,,,24760
5793,161,2024-11-05T00:00:00Z,General,,,,14,Member of Assembly,,371,State Assembly District,106,372,Didi Barrett,,,14,County,Dutchess,,true,1,7,Democratic,25841
5793,161,2024-11-05T00:00:00Z,General,,,,14,Member of Assembly,,371,State Assembly District,106,13574,Stephan L. Krakower,,,14,County,Dutchess,,false,1,8,Republican,18642
5793,161,2024-11-05T00:00:00Z,General,,,,14,Member of Assembly,,371,State Assembly District,106,13574,Stephan L. Krakower,,,14,County,Dutchess,,false,1,9,Conservative,2524
5793,161,2024-11-05T00:00:00Z,General,,,,14,Member of Assembly,,371,State Assembly District,106,6,Scattering,,,14,County,Dutchess,,false,1,,,46
5793,161,2024-11-05T00:00:00Z,General,,,,14,Member of Assembly,,371,State Assembly District,106,10,Blank,,,14,County,Dutchess,,false,1,,,2543
5793,161,2024-11-05T00:00:00Z,General,,,,14,Member of Assembly,,371,State Assembly District,106,9,Void,,,14,County,Dutchess,,false,1,,,16
5793,161,2024-11-05T00:00:00Z,General,,,,14,Member of Assembly,,371,State Assembly District,106,1,Total Votes,,,14,County,Dutchess,,false,1,,,49612
5794,161,2024-11-05T00:00:00Z,General,,,,14,Member of Assembly,,372,State Assembly District,107,13575,Scott H. Bendett,,,2,County,Albany,,false,1,8,Republican,6173
5794,161,2024-11-05T00:00:00Z,General,,,,14,Member of Assembly,,372,State Assembly District,107,13575,Scott H. Bendett,,,2,County,Albany,,false,1,9,Conservative,935
5794,161,2024-11-05T00:00:00Z,General,,,,14,Member of Assembly,,372,State Assembly District,107,13407,Chloe E. Pierce,,,2,County,Albany,,true,1,7,Democratic,12401
5794,161,2024-11-05T00:00:00Z,General,,,,14,Member of Assembly,,372,State Assembly District,107,6,Scattering,,,2,County,Albany,,false,1,,,32
5794,161,2024-11-05T00:00:00Z,General,,,,14,Member of Assembly,,372,State Assembly District,107,10,Blank,,,2,County,Albany,,false,1,,,1085
5794,161,2024-11-05T00:00:00Z,General,,,,14,Member of Assembly,,372,State Assembly District,107,9,Void,,,2,County,Albany,,false,1,,,6
5794,161,2024-11-05T00:00:00Z,General,,,,14,Member of Assembly,,372,State Assembly District,107,1,Total Votes,,,2,County,Albany,,false,1,,,20632
5794,161,2024-11-05T00:00:00Z,General,,,,14,Member of Assembly,,372,State Assembly District,107,13575,Scott H. Bendett,,,11,County,Columbia,,true,1,8,Republican,4746
5794,161,2024-11-05T00:00:00Z,General,,,,14,Member of Assembly,,372,State Assembly District,107,13575,Scott H. Bendett,,,11,County,Columbia,,true,1,9,Conservative,861
5794,161,2024-11-05T00:00:00Z,General,,,,14,Member of Assembly,,372,State Assembly District,107,13407,Chloe E. Pierce,,,11,County,Columbia,,false,1,7,Democratic,5423
5794,161,2024-11-05T00:00:00Z,General,,,,14,Member of Assembly,,372,State Assembly District,107,6,Scattering,,,11,County,Columbia,,false,1,,,9
5794,161,2024-11-05T00:00:00Z,General,,,,14,Member of Assembly,,372,State Assembly District,107,10,Blank,,,11,County,Columbia,,false,1,,,380
5794,161,2024-11-05T00:00:00Z,General,,,,14,Member of Assembly,,372,State Assembly District,107,9,Void,,,11,County,Columbia,,false,1,,,1
5794,161,2024-11-05T00:00:00Z,General,,,,14,Member of Assembly,,372,State Assembly District,107,1,Total Votes,,,11,County,Columbia,,false,1,,,11420
5794,161,2024-11-05T00:00:00Z,General,,,,14,Member of Assembly,,372,State Assembly District,107,13575,Scott H. Bendett,,,39,County,Rensselaer ,,true,1,8,Republican,20875
5794,161,2024-11-05T00:00:00Z,General,,,,14,Member of Assembly,,372,State Assembly District,107,13575,Scott H. Bendett,,,39,County,Rensselaer ,,true,1,9,Conservative,3856
5794,161,2024-11-05T00:00:00Z,General,,,,14,Member of Assembly,,372,State Assembly District,107,13407,Chloe E. Pierce,,,39,County,Rensselaer ,,false,1,7,Democratic,15935
5794,161,2024-11-05T00:00:00Z,General,,,,14,Member of Assembly,,372,State Assembly District,107,6,Scattering,,,39,County,Rensselaer ,,false,1,,,22
5794,161,2024-11-05T00:00:00Z,General,,,,14,Member of Assembly,,372,State Assembly District,107,10,Blank,,,39,County,Rensselaer ,,false,1,,,1542
5794,161,2024-11-05T00:00:00Z,General,,,,14,Member of Assembly,,372,State Assembly District,107,9,Void,,,39,County,Rensselaer ,,false,1,,,4
5794,161,2024-11-05T00:00:00Z,General,,,,14,Member of Assembly,,372,State Assembly District,107,1,Total Votes,,,39,County,Rensselaer ,,false,1,,,42234
5794,161,2024-11-05T00:00:00Z,General,,,,14,Member of Assembly,,372,State Assembly District,107,13575,Scott H. Bendett,,,54,County,Washington,,true,1,8,Republican,1952
5794,161,2024-11-05T00:00:00Z,General,,,,14,Member of Assembly,,372,State Assembly District,107,13575,Scott H. Bendett,,,54,County,Washington,,true,1,9,Conservative,372
5794,161,2024-11-05T00:00:00Z,General,,,,14,Member of Assembly,,372,State Assembly District,107,13407,Chloe E. Pierce,,,54,County,Washington,,false,1,7,Democratic,1674
5794,161,2024-11-05T00:00:00Z,General,,,,14,Member of Assembly,,372,State Assembly District,107,6,Scattering,,,54,County,Washington,,false,1,,,4
5794,161,2024-11-05T00:00:00Z,General,,,,14,Member of Assembly,,372,State Assembly District,107,10,Blank,,,54,County,Washington,,false,1,,,182
5794,161,2024-11-05T00:00:00Z,General,,,,14,Member of Assembly,,372,State Assembly District,107,9,Void,,,54,County,Washington,,false,1,,,2
5794,161,2024-11-05T00:00:00Z,General,,,,14,Member of Assembly,,372,State Assembly District,107,1,Total Votes,,,54,County,Washington,,false,1,,,4186
5795,161,2024-11-05T00:00:00Z,General,,,,14,Member of Assembly,,373,State Assembly District,108,375,"John T. McDonald, III",,,2,County,Albany,,true,1,7,Democratic,8334
5795,161,2024-11-05T00:00:00Z,General,,,,14,Member of Assembly,,373,State Assembly District,108,6,Scattering,,,2,County,Albany,,false,1,,,97
5795,161,2024-11-05T00:00:00Z,General,,,,14,Member of Assembly,,373,State Assembly District,108,10,Blank,,,2,County,Albany,,false,1,,,3485
5795,161,2024-11-05T00:00:00Z,General,,,,14,Member of Assembly,,373,State Assembly District,108,9,Void,,,2,County,Albany,,false,1,,,1
5795,161,2024-11-05T00:00:00Z,General,,,,14,Member of Assembly,,373,State Assembly District,108,1,Total Votes,,,2,County,Albany,,false,1,,,11917
5795,161,2024-11-05T00:00:00Z,General,,,,14,Member of Assembly,,373,State Assembly District,108,375,"John T. McDonald, III",,,39,County,Rensselaer ,,true,1,7,Democratic,25138
5795,161,2024-11-05T00:00:00Z,General,,,,14,Member of Assembly,,373,State Assembly District,108,6,Scattering,,,39,County,Rensselaer ,,false,1,,,324
5795,161,2024-11-05T00:00:00Z,General,,,,14,Member of Assembly,,373,State Assembly District,108,10,Blank,,,39,County,Rensselaer ,,false,1,,,11915
5795,161,2024-11-05T00:00:00Z,General,,,,14,Member of Assembly,,373,State Assembly District,108,9,Void,,,39,County,Rensselaer ,,false,1,,,1
5795,161,2024-11-05T00:00:00Z,General,,,,14,Member of Assembly,,373,State Assembly District,108,1,Total Votes,,,39,County,Rensselaer ,,false,1,,,37378
5795,161,2024-11-05T00:00:00Z,General,,,,14,Member of Assembly,,373,State Assembly District,108,375,"John T. McDonald, III",,,42,County,Saratoga,,true,1,7,Democratic,2379
5795,161,2024-11-05T00:00:00Z,General,,,,14,Member of Assembly,,373,State Assembly District,108,6,Scattering,,,42,County,Saratoga,,false,1,,,11
5795,161,2024-11-05T00:00:00Z,General,,,,14,Member of Assembly,,373,State Assembly District,108,10,Blank,,,42,County,Saratoga,,false,1,,,1734
5795,161,2024-11-05T00:00:00Z,General,,,,14,Member of Assembly,,373,State Assembly District,108,9,Void,,,42,County,Saratoga,,false,1,,,0
5795,161,2024-11-05T00:00:00Z,General,,,,14,Member of Assembly,,373,State Assembly District,108,1,Total Votes,,,42,County,Saratoga,,false,1,,,4124
5796,161,2024-11-05T00:00:00Z,General,,,,14,Member of Assembly,,374,State Assembly District,109,13576,Gabriella A. Romero,,,2,County,Albany,,true,1,7,Democratic,31488
5796,161,2024-11-05T00:00:00Z,General,,,,14,Member of Assembly,,374,State Assembly District,109,13576,Gabriella A. Romero,,,2,County,Albany,,true,1,10,Working Families,4382
5796,161,2024-11-05T00:00:00Z,General,,,,14,Member of Assembly,,374,State Assembly District,109,13577,Alicia M. Purdy,,,2,County,Albany,,false,1,8,Republican,11837
5796,161,2024-11-05T00:00:00Z,General,,,,14,Member of Assembly,,374,State Assembly District,109,13577,Alicia M. Purdy,,,2,County,Albany,,false,1,9,Conservative,1834
5796,161,2024-11-05T00:00:00Z,General,,,,14,Member of Assembly,,374,State Assembly District,109,6,Scattering,,,2,County,Albany,,false,1,,,206
5796,161,2024-11-05T00:00:00Z,General,,,,14,Member of Assembly,,374,State Assembly District,109,10,Blank,,,2,County,Albany,,false,1,,,3263
5796,161,2024-11-05T00:00:00Z,General,,,,14,Member of Assembly,,374,State Assembly District,109,9,Void,,,2,County,Albany,,false,1,,,22
5796,161,2024-11-05T00:00:00Z,General,,,,14,Member of Assembly,,374,State Assembly District,109,1,Total Votes,,,2,County,Albany,,false,1,,,53032
5797,161,2024-11-05T00:00:00Z,General,,,,14,Member of Assembly,,375,State Assembly District,110,8911,Phillip G. Steck,,,2,County,Albany,,true,1,7,Democratic,26369
5797,161,2024-11-05T00:00:00Z,General,,,,14,Member of Assembly,,375,State Assembly District,110,8911,Phillip G. Steck,,,2,County,Albany,,true,1,10,Working Families,2422
5797,161,2024-11-05T00:00:00Z,General,,,,14,Member of Assembly,,375,State Assembly District,110,13578,Jeff Madden,,,2,County,Albany,,false,1,8,Republican,19640
5797,161,2024-11-05T00:00:00Z,General,,,,14,Member of Assembly,,375,State Assembly District,110,13578,Jeff Madden,,,2,County,Albany,,false,1,9,Conservative,2584
5797,161,2024-11-05T00:00:00Z,General,,,,14,Member of Assembly,,375,State Assembly District,110,6,Scattering,,,2,County,Albany,,false,1,,,65
5797,161,2024-11-05T00:00:00Z,General,,,,14,Member of Assembly,,375,State Assembly District,110,10,Blank,,,2,County,Albany,,false,1,,,2280
5797,161,2024-11-05T00:00:00Z,General,,,,14,Member of Assembly,,375,State Assembly District,110,9,Void,,,2,County,Albany,,false,1,,,28
5797,161,2024-11-05T00:00:00Z,General,,,,14,Member of Assembly,,375,State Assembly District,110,1,Total Votes,,,2,County,Albany,,false,1,,,53388
5797,161,2024-11-05T00:00:00Z,General,,,,14,Member of Assembly,,375,State Assembly District,110,8911,Phillip G. Steck,,,43,County,Schenectady,,true,1,7,Democratic,10055
5797,161,2024-11-05T00:00:00Z,General,,,,14,Member of Assembly,,375,State Assembly District,110,8911,Phillip G. Steck,,,43,County,Schenectady,,true,1,10,Working Families,869
5797,161,2024-11-05T00:00:00Z,General,,,,14,Member of Assembly,,375,State Assembly District,110,13578,Jeff Madden,,,43,County,Schenectady,,false,1,8,Republican,5228
5797,161,2024-11-05T00:00:00Z,General,,,,14,Member of Assembly,,375,State Assembly District,110,13578,Jeff Madden,,,43,County,Schenectady,,false,1,9,Conservative,929
5797,161,2024-11-05T00:00:00Z,General,,,,14,Member of Assembly,,375,State Assembly District,110,6,Scattering,,,43,County,Schenectady,,false,1,,,23
5797,161,2024-11-05T00:00:00Z,General,,,,14,Member of Assembly,,375,State Assembly District,110,10,Blank,,,43,County,Schenectady,,false,1,,,911
5797,161,2024-11-05T00:00:00Z,General,,,,14,Member of Assembly,,375,State Assembly District,110,9,Void,,,43,County,Schenectady,,false,1,,,5
5797,161,2024-11-05T00:00:00Z,General,,,,14,Member of Assembly,,375,State Assembly District,110,1,Total Votes,,,43,County,Schenectady,,false,1,,,18020
5798,161,2024-11-05T00:00:00Z,General,,,,14,Member of Assembly,,376,State Assembly District,111,380,Angelo L. Santabarbara,,,28,County,Montgomery,,true,1,7,Democratic,5868
5798,161,2024-11-05T00:00:00Z,General,,,,14,Member of Assembly,,376,State Assembly District,111,380,Angelo L. Santabarbara,,,28,County,Montgomery,,true,1,309,People First,158
5798,161,2024-11-05T00:00:00Z,General,,,,14,Member of Assembly,,376,State Assembly District,111,381,Joseph C. Mastroianni,,,28,County,Montgomery,,false,1,8,Republican,3642
5798,161,2024-11-05T00:00:00Z,General,,,,14,Member of Assembly,,376,State Assembly District,111,381,Joseph C. Mastroianni,,,28,County,Montgomery,,false,1,9,Conservative,488
5798,161,2024-11-05T00:00:00Z,General,,,,14,Member of Assembly,,376,State Assembly District,111,6,Scattering,,,28,County,Montgomery,,false,1,,,11
5798,161,2024-11-05T00:00:00Z,General,,,,14,Member of Assembly,,376,State Assembly District,111,10,Blank,,,28,County,Montgomery,,false,1,,,460
5798,161,2024-11-05T00:00:00Z,General,,,,14,Member of Assembly,,376,State Assembly District,111,9,Void,,,28,County,Montgomery,,false,1,,,25
5798,161,2024-11-05T00:00:00Z,General,,,,14,Member of Assembly,,376,State Assembly District,111,1,Total Votes,,,28,County,Montgomery,,false,1,,,10652
5798,161,2024-11-05T00:00:00Z,General,,,,14,Member of Assembly,,376,State Assembly District,111,380,Angelo L. Santabarbara,,,43,County,Schenectady,,true,1,7,Democratic,23980
5798,161,2024-11-05T00:00:00Z,General,,,,14,Member of Assembly,,376,State Assembly District,111,380,Angelo L. Santabarbara,,,43,County,Schenectady,,true,1,309,People First,836
5798,161,2024-11-05T00:00:00Z,General,,,,14,Member of Assembly,,376,State Assembly District,111,381,Joseph C. Mastroianni,,,43,County,Schenectady,,false,1,8,Republican,12063
5798,161,2024-11-05T00:00:00Z,General,,,,14,Member of Assembly,,376,State Assembly District,111,381,Joseph C. Mastroianni,,,43,County,Schenectady,,false,1,9,Conservative,2496
5798,161,2024-11-05T00:00:00Z,General,,,,14,Member of Assembly,,376,State Assembly District,111,6,Scattering,,,43,County,Schenectady,,false,1,,,62
5798,161,2024-11-05T00:00:00Z,General,,,,14,Member of Assembly,,376,State Assembly District,111,10,Blank,,,43,County,Schenectady,,false,1,,,1908
5798,161,2024-11-05T00:00:00Z,General,,,,14,Member of Assembly,,376,State Assembly District,111,9,Void,,,43,County,Schenectady,,false,1,,,81
5798,161,2024-11-05T00:00:00Z,General,,,,14,Member of Assembly,,376,State Assembly District,111,1,Total Votes,,,43,County,Schenectady,,false,1,,,41426
5799,161,2024-11-05T00:00:00Z,General,,,,14,Member of Assembly,,377,State Assembly District,112,384,Mary Beth Walsh,,,18,County,Fulton,,true,1,8,Republican,2843
5799,161,2024-11-05T00:00:00Z,General,,,,14,Member of Assembly,,377,State Assembly District,112,384,Mary Beth Walsh,,,18,County,Fulton,,true,1,9,Conservative,309
5799,161,2024-11-05T00:00:00Z,General,,,,14,Member of Assembly,,377,State Assembly District,112,13579,Joe Seeman,,,18,County,Fulton,,false,1,7,Democratic,1110
5799,161,2024-11-05T00:00:00Z,General,,,,14,Member of Assembly,,377,State Assembly District,112,13579,Joe Seeman,,,18,County,Fulton,,false,1,10,Working Families,89
5799,161,2024-11-05T00:00:00Z,General,,,,14,Member of Assembly,,377,State Assembly District,112,6,Scattering,,,18,County,Fulton,,false,1,,,1
5799,161,2024-11-05T00:00:00Z,General,,,,14,Member of Assembly,,377,State Assembly District,112,10,Blank,,,18,County,Fulton,,false,1,,,259
5799,161,2024-11-05T00:00:00Z,General,,,,14,Member of Assembly,,377,State Assembly District,112,9,Void,,,18,County,Fulton,,false,1,,,4
5799,161,2024-11-05T00:00:00Z,General,,,,14,Member of Assembly,,377,State Assembly District,112,1,Total Votes,,,18,County,Fulton,,false,1,,,4615
5799,161,2024-11-05T00:00:00Z,General,,,,14,Member of Assembly,,377,State Assembly District,112,384,Mary Beth Walsh,,,42,County,Saratoga,,true,1,8,Republican,29554
5799,161,2024-11-05T00:00:00Z,General,,,,14,Member of Assembly,,377,State Assembly District,112,384,Mary Beth Walsh,,,42,County,Saratoga,,true,1,9,Conservative,4133
5799,161,2024-11-05T00:00:00Z,General,,,,14,Member of Assembly,,377,State Assembly District,112,13579,Joe Seeman,,,42,County,Saratoga,,false,1,7,Democratic,22402
5799,161,2024-11-05T00:00:00Z,General,,,,14,Member of Assembly,,377,State Assembly District,112,13579,Joe Seeman,,,42,County,Saratoga,,false,1,10,Working Families,1805
5799,161,2024-11-05T00:00:00Z,General,,,,14,Member of Assembly,,377,State Assembly District,112,6,Scattering,,,42,County,Saratoga,,false,1,,,22
5799,161,2024-11-05T00:00:00Z,General,,,,14,Member of Assembly,,377,State Assembly District,112,10,Blank,,,42,County,Saratoga,,false,1,,,2633
5799,161,2024-11-05T00:00:00Z,General,,,,14,Member of Assembly,,377,State Assembly District,112,9,Void,,,42,County,Saratoga,,false,1,,,3
5799,161,2024-11-05T00:00:00Z,General,,,,14,Member of Assembly,,377,State Assembly District,112,1,Total Votes,,,42,County,Saratoga,,false,1,,,60552
5799,161,2024-11-05T00:00:00Z,General,,,,14,Member of Assembly,,377,State Assembly District,112,384,Mary Beth Walsh,,,43,County,Schenectady,,true,1,8,Republican,6197
5799,161,2024-11-05T00:00:00Z,General,,,,14,Member of Assembly,,377,State Assembly District,112,384,Mary Beth Walsh,,,43,County,Schenectady,,true,1,9,Conservative,1252
5799,161,2024-11-05T00:00:00Z,General,,,,14,Member of Assembly,,377,State Assembly District,112,13579,Joe Seeman,,,43,County,Schenectady,,false,1,7,Democratic,5105
5799,161,2024-11-05T00:00:00Z,General,,,,14,Member of Assembly,,377,State Assembly District,112,13579,Joe Seeman,,,43,County,Schenectady,,false,1,10,Working Families,445
5799,161,2024-11-05T00:00:00Z,General,,,,14,Member of Assembly,,377,State Assembly District,112,6,Scattering,,,43,County,Schenectady,,false,1,,,7
5799,161,2024-11-05T00:00:00Z,General,,,,14,Member of Assembly,,377,State Assembly District,112,10,Blank,,,43,County,Schenectady,,false,1,,,658
5799,161,2024-11-05T00:00:00Z,General,,,,14,Member of Assembly,,377,State Assembly District,112,9,Void,,,43,County,Schenectady,,false,1,,,2
5799,161,2024-11-05T00:00:00Z,General,,,,14,Member of Assembly,,377,State Assembly District,112,1,Total Votes,,,43,County,Schenectady,,false,1,,,13666
5800,161,2024-11-05T00:00:00Z,General,,,,14,Member of Assembly,,378,State Assembly District,113,385,Carrie Woerner,,,42,County,Saratoga,,true,1,7,Democratic,30381
5800,161,2024-11-05T00:00:00Z,General,,,,14,Member of Assembly,,378,State Assembly District,113,13580,Jeremy Messina,,,42,County,Saratoga,,false,1,8,Republican,22190
5800,161,2024-11-05T00:00:00Z,General,,,,14,Member of Assembly,,378,State Assembly District,113,13580,Jeremy Messina,,,42,County,Saratoga,,false,1,9,Conservative,2970
5800,161,2024-11-05T00:00:00Z,General,,,,14,Member of Assembly,,378,State Assembly District,113,6,Scattering,,,42,County,Saratoga,,false,1,,,19
5800,161,2024-11-05T00:00:00Z,General,,,,14,Member of Assembly,,378,State Assembly District,113,10,Blank,,,42,County,Saratoga,,false,1,,,2390
5800,161,2024-11-05T00:00:00Z,General,,,,14,Member of Assembly,,378,State Assembly District,113,9,Void,,,42,County,Saratoga,,false,1,,,10
5800,161,2024-11-05T00:00:00Z,General,,,,14,Member of Assembly,,378,State Assembly District,113,1,Total Votes,,,42,County,Saratoga,,false,1,,,57960
5800,161,2024-11-05T00:00:00Z,General,,,,14,Member of Assembly,,378,State Assembly District,113,385,Carrie Woerner,,,53,County,Warren,,true,1,7,Democratic,4090
5800,161,2024-11-05T00:00:00Z,General,,,,14,Member of Assembly,,378,State Assembly District,113,13580,Jeremy Messina,,,53,County,Warren,,false,1,8,Republican,2207
5800,161,2024-11-05T00:00:00Z,General,,,,14,Member of Assembly,,378,State Assembly District,113,13580,Jeremy Messina,,,53,County,Warren,,false,1,9,Conservative,308
5800,161,2024-11-05T00:00:00Z,General,,,,14,Member of Assembly,,378,State Assembly District,113,6,Scattering,,,53,County,Warren,,false,1,,,8
5800,161,2024-11-05T00:00:00Z,General,,,,14,Member of Assembly,,378,State Assembly District,113,10,Blank,,,53,County,Warren,,false,1,,,236
5800,161,2024-11-05T00:00:00Z,General,,,,14,Member of Assembly,,378,State Assembly District,113,9,Void,,,53,County,Warren,,false,1,,,2
5800,161,2024-11-05T00:00:00Z,General,,,,14,Member of Assembly,,378,State Assembly District,113,1,Total Votes,,,53,County,Warren,,false,1,,,6851
5800,161,2024-11-05T00:00:00Z,General,,,,14,Member of Assembly,,378,State Assembly District,113,385,Carrie Woerner,,,54,County,Washington,,true,1,7,Democratic,3877
5800,161,2024-11-05T00:00:00Z,General,,,,14,Member of Assembly,,378,State Assembly District,113,13580,Jeremy Messina,,,54,County,Washington,,false,1,8,Republican,3426
5800,161,2024-11-05T00:00:00Z,General,,,,14,Member of Assembly,,378,State Assembly District,113,13580,Jeremy Messina,,,54,County,Washington,,false,1,9,Conservative,439
5800,161,2024-11-05T00:00:00Z,General,,,,14,Member of Assembly,,378,State Assembly District,113,6,Scattering,,,54,County,Washington,,false,1,,,2
5800,161,2024-11-05T00:00:00Z,General,,,,14,Member of Assembly,,378,State Assembly District,113,10,Blank,,,54,County,Washington,,false,1,,,254
5800,161,2024-11-05T00:00:00Z,General,,,,14,Member of Assembly,,378,State Assembly District,113,9,Void,,,54,County,Washington,,false,1,,,14
5800,161,2024-11-05T00:00:00Z,General,,,,14,Member of Assembly,,378,State Assembly District,113,1,Total Votes,,,54,County,Washington,,false,1,,,8012
5801,161,2024-11-05T00:00:00Z,General,,,,14,Member of Assembly,,379,State Assembly District,114,387,Matthew J. Simpson,,,438,County,Essex,,true,1,8,Republican,7546
5801,161,2024-11-05T00:00:00Z,General,,,,14,Member of Assembly,,379,State Assembly District,114,387,Matthew J. Simpson,,,438,County,Essex,,true,1,9,Conservative,998
5801,161,2024-11-05T00:00:00Z,General,,,,14,Member of Assembly,,379,State Assembly District,114,6,Scattering,,,438,County,Essex,,false,1,,,36
5801,161,2024-11-05T00:00:00Z,General,,,,14,Member of Assembly,,379,State Assembly District,114,10,Blank,,,438,County,Essex,,false,1,,,3612
5801,161,2024-11-05T00:00:00Z,General,,,,14,Member of Assembly,,379,State Assembly District,114,9,Void,,,438,County,Essex,,false,1,,,12
5801,161,2024-11-05T00:00:00Z,General,,,,14,Member of Assembly,,379,State Assembly District,114,1,Total Votes,,,438,County,Essex,,false,1,,,12204
5801,161,2024-11-05T00:00:00Z,General,,,,14,Member of Assembly,,379,State Assembly District,114,387,Matthew J. Simpson,,,18,County,Fulton,,true,1,8,Republican,981
5801,161,2024-11-05T00:00:00Z,General,,,,14,Member of Assembly,,379,State Assembly District,114,387,Matthew J. Simpson,,,18,County,Fulton,,true,1,9,Conservative,144
5801,161,2024-11-05T00:00:00Z,General,,,,14,Member of Assembly,,379,State Assembly District,114,6,Scattering,,,18,County,Fulton,,false,1,,,6
5801,161,2024-11-05T00:00:00Z,General,,,,14,Member of Assembly,,379,State Assembly District,114,10,Blank,,,18,County,Fulton,,false,1,,,371
5801,161,2024-11-05T00:00:00Z,General,,,,14,Member of Assembly,,379,State Assembly District,114,9,Void,,,18,County,Fulton,,false,1,,,0
5801,161,2024-11-05T00:00:00Z,General,,,,14,Member of Assembly,,379,State Assembly District,114,1,Total Votes,,,18,County,Fulton,,false,1,,,1502
5801,161,2024-11-05T00:00:00Z,General,,,,14,Member of Assembly,,379,State Assembly District,114,387,Matthew J. Simpson,,,42,County,Saratoga,,true,1,8,Republican,6328
5801,161,2024-11-05T00:00:00Z,General,,,,14,Member of Assembly,,379,State Assembly District,114,387,Matthew J. Simpson,,,42,County,Saratoga,,true,1,9,Conservative,942
5801,161,2024-11-05T00:00:00Z,General,,,,14,Member of Assembly,,379,State Assembly District,114,6,Scattering,,,42,County,Saratoga,,false,1,,,24
5801,161,2024-11-05T00:00:00Z,General,,,,14,Member of Assembly,,379,State Assembly District,114,10,Blank,,,42,County,Saratoga,,false,1,,,2886
5801,161,2024-11-05T00:00:00Z,General,,,,14,Member of Assembly,,379,State Assembly District,114,9,Void,,,42,County,Saratoga,,false,1,,,1
5801,161,2024-11-05T00:00:00Z,General,,,,14,Member of Assembly,,379,State Assembly District,114,1,Total Votes,,,42,County,Saratoga,,false,1,,,10181
5801,161,2024-11-05T00:00:00Z,General,,,,14,Member of Assembly,,379,State Assembly District,114,387,Matthew J. Simpson,,,53,County,Warren,,true,1,8,Republican,17954
5801,161,2024-11-05T00:00:00Z,General,,,,14,Member of Assembly,,379,State Assembly District,114,387,Matthew J. Simpson,,,53,County,Warren,,true,1,9,Conservative,3086
5801,161,2024-11-05T00:00:00Z,General,,,,14,Member of Assembly,,379,State Assembly District,114,6,Scattering,,,53,County,Warren,,false,1,,,233
5801,161,2024-11-05T00:00:00Z,General,,,,14,Member of Assembly,,379,State Assembly District,114,10,Blank,,,53,County,Warren,,false,1,,,8194
5801,161,2024-11-05T00:00:00Z,General,,,,14,Member of Assembly,,379,State Assembly District,114,9,Void,,,53,County,Warren,,false,1,,,0
5801,161,2024-11-05T00:00:00Z,General,,,,14,Member of Assembly,,379,State Assembly District,114,1,Total Votes,,,53,County,Warren,,false,1,,,29467
5801,161,2024-11-05T00:00:00Z,General,,,,14,Member of Assembly,,379,State Assembly District,114,387,Matthew J. Simpson,,,54,County,Washington,,true,1,8,Republican,10835
5801,161,2024-11-05T00:00:00Z,General,,,,14,Member of Assembly,,379,State Assembly District,114,387,Matthew J. Simpson,,,54,County,Washington,,true,1,9,Conservative,1736
5801,161,2024-11-05T00:00:00Z,General,,,,14,Member of Assembly,,379,State Assembly District,114,6,Scattering,,,54,County,Washington,,false,1,,,88
5801,161,2024-11-05T00:00:00Z,General,,,,14,Member of Assembly,,379,State Assembly District,114,10,Blank,,,54,County,Washington,,false,1,,,3994
5801,161,2024-11-05T00:00:00Z,General,,,,14,Member of Assembly,,379,State Assembly District,114,9,Void,,,54,County,Washington,,false,1,,,4
5801,161,2024-11-05T00:00:00Z,General,,,,14,Member of Assembly,,379,State Assembly District,114,1,Total Votes,,,54,County,Washington,,false,1,,,16657
5802,161,2024-11-05T00:00:00Z,General,,,,14,Member of Assembly,,380,State Assembly District,115,388,D. Billy Jones,,,10,County,Clinton,,true,1,7,Democratic,26626
5802,161,2024-11-05T00:00:00Z,General,,,,14,Member of Assembly,,380,State Assembly District,115,12934,Blank Enrollment,,,10,County,Clinton,,false,1,,,9422
5802,161,2024-11-05T00:00:00Z,General,,,,14,Member of Assembly,,380,State Assembly District,115,6,Scattering,,,10,County,Clinton,,false,1,,,184
5802,161,2024-11-05T00:00:00Z,General,,,,14,Member of Assembly,,380,State Assembly District,115,9,Void,,,10,County,Clinton,,false,1,,,6
5802,161,2024-11-05T00:00:00Z,General,,,,14,Member of Assembly,,380,State Assembly District,115,1,Total Votes,,,10,County,Clinton,,false,1,,,36238
5802,161,2024-11-05T00:00:00Z,General,,,,14,Member of Assembly,,380,State Assembly District,115,388,D. Billy Jones,,,438,County,Essex,,true,1,7,Democratic,4967
5802,161,2024-11-05T00:00:00Z,General,,,,14,Member of Assembly,,380,State Assembly District,115,12934,Blank Enrollment,,,438,County,Essex,,false,1,,,2351
5802,161,2024-11-05T00:00:00Z,General,,,,14,Member of Assembly,,380,State Assembly District,115,6,Scattering,,,438,County,Essex,,false,1,,,6
5802,161,2024-11-05T00:00:00Z,General,,,,14,Member of Assembly,,380,State Assembly District,115,9,Void,,,438,County,Essex,,false,1,,,1
5802,161,2024-11-05T00:00:00Z,General,,,,14,Member of Assembly,,380,State Assembly District,115,1,Total Votes,,,438,County,Essex,,false,1,,,7325
5802,161,2024-11-05T00:00:00Z,General,,,,14,Member of Assembly,,380,State Assembly District,115,388,D. Billy Jones,,,17,County,Franklin,,true,1,7,Democratic,13278
5802,161,2024-11-05T00:00:00Z,General,,,,14,Member of Assembly,,380,State Assembly District,115,12934,Blank Enrollment,,,17,County,Franklin,,false,1,,,6223
5802,161,2024-11-05T00:00:00Z,General,,,,14,Member of Assembly,,380,State Assembly District,115,6,Scattering,,,17,County,Franklin,,false,1,,,85
5802,161,2024-11-05T00:00:00Z,General,,,,14,Member of Assembly,,380,State Assembly District,115,9,Void,,,17,County,Franklin,,false,1,,,4
5802,161,2024-11-05T00:00:00Z,General,,,,14,Member of Assembly,,380,State Assembly District,115,1,Total Votes,,,17,County,Franklin,,false,1,,,19590
5803,161,2024-11-05T00:00:00Z,General,,,,14,Member of Assembly,,381,State Assembly District,116,6579,Scott A. Gray,,,23,County,Jefferson,,true,1,8,Republican,20027
5803,161,2024-11-05T00:00:00Z,General,,,,14,Member of Assembly,,381,State Assembly District,116,6579,Scott A. Gray,,,23,County,Jefferson,,true,1,9,Conservative,3197
5803,161,2024-11-05T00:00:00Z,General,,,,14,Member of Assembly,,381,State Assembly District,116,12934,Blank Enrollment,,,23,County,Jefferson,,false,1,,,6063
5803,161,2024-11-05T00:00:00Z,General,,,,14,Member of Assembly,,381,State Assembly District,116,6,Scattering,,,23,County,Jefferson,,false,1,,,189
5803,161,2024-11-05T00:00:00Z,General,,,,14,Member of Assembly,,381,State Assembly District,116,9,Void,,,23,County,Jefferson,,false,1,,,2
5803,161,2024-11-05T00:00:00Z,General,,,,14,Member of Assembly,,381,State Assembly District,116,1,Total Votes,,,23,County,Jefferson,,false,1,,,29478
5803,161,2024-11-05T00:00:00Z,General,,,,14,Member of Assembly,,381,State Assembly District,116,6579,Scott A. Gray,,,41,County,St. Lawrence,,true,1,8,Republican,17386
5803,161,2024-11-05T00:00:00Z,General,,,,14,Member of Assembly,,381,State Assembly District,116,6579,Scott A. Gray,,,41,County,St. Lawrence,,true,1,9,Conservative,3062
5803,161,2024-11-05T00:00:00Z,General,,,,14,Member of Assembly,,381,State Assembly District,116,12934,Blank Enrollment,,,41,County,St. Lawrence,,false,1,,,7203
5803,161,2024-11-05T00:00:00Z,General,,,,14,Member of Assembly,,381,State Assembly District,116,6,Scattering,,,41,County,St. Lawrence,,false,1,,,126
5803,161,2024-11-05T00:00:00Z,General,,,,14,Member of Assembly,,381,State Assembly District,116,9,Void,,,41,County,St. Lawrence,,false,1,,,0
5803,161,2024-11-05T00:00:00Z,General,,,,14,Member of Assembly,,381,State Assembly District,116,1,Total Votes,,,41,County,St. Lawrence,,false,1,,,27777
5804,161,2024-11-05T00:00:00Z,General,,,,14,Member of Assembly,,382,State Assembly District,117,13581,Kenneth Blankenbush,,,23,County,Jefferson,,true,1,8,Republican,6235
5804,161,2024-11-05T00:00:00Z,General,,,,14,Member of Assembly,,382,State Assembly District,117,13581,Kenneth Blankenbush,,,23,County,Jefferson,,true,1,9,Conservative,892
5804,161,2024-11-05T00:00:00Z,General,,,,14,Member of Assembly,,382,State Assembly District,117,6,Scattering,,,23,County,Jefferson,,false,1,,,39
5804,161,2024-11-05T00:00:00Z,General,,,,14,Member of Assembly,,382,State Assembly District,117,10,Blank,,,23,County,Jefferson,,false,1,,,1772
5804,161,2024-11-05T00:00:00Z,General,,,,14,Member of Assembly,,382,State Assembly District,117,9,Void,,,23,County,Jefferson,,false,1,,,0
5804,161,2024-11-05T00:00:00Z,General,,,,14,Member of Assembly,,382,State Assembly District,117,1,Total Votes,,,23,County,Jefferson,,false,1,,,8938
5804,161,2024-11-05T00:00:00Z,General,,,,14,Member of Assembly,,382,State Assembly District,117,13581,Kenneth Blankenbush,,,24,County,Lewis,,true,1,8,Republican,9664
5804,161,2024-11-05T00:00:00Z,General,,,,14,Member of Assembly,,382,State Assembly District,117,13581,Kenneth Blankenbush,,,24,County,Lewis,,true,1,9,Conservative,1216
5804,161,2024-11-05T00:00:00Z,General,,,,14,Member of Assembly,,382,State Assembly District,117,6,Scattering,,,24,County,Lewis,,false,1,,,46
5804,161,2024-11-05T00:00:00Z,General,,,,14,Member of Assembly,,382,State Assembly District,117,10,Blank,,,24,County,Lewis,,false,1,,,2318
5804,161,2024-11-05T00:00:00Z,General,,,,14,Member of Assembly,,382,State Assembly District,117,9,Void,,,24,County,Lewis,,false,1,,,2
5804,161,2024-11-05T00:00:00Z,General,,,,14,Member of Assembly,,382,State Assembly District,117,1,Total Votes,,,24,County,Lewis,,false,1,,,13246
5804,161,2024-11-05T00:00:00Z,General,,,,14,Member of Assembly,,382,State Assembly District,117,13581,Kenneth Blankenbush,,,31,County,Oneida,,true,1,8,Republican,9310
5804,161,2024-11-05T00:00:00Z,General,,,,14,Member of Assembly,,382,State Assembly District,117,13581,Kenneth Blankenbush,,,31,County,Oneida,,true,1,9,Conservative,1328
5804,161,2024-11-05T00:00:00Z,General,,,,14,Member of Assembly,,382,State Assembly District,117,6,Scattering,,,31,County,Oneida,,false,1,,,34
5804,161,2024-11-05T00:00:00Z,General,,,,14,Member of Assembly,,382,State Assembly District,117,10,Blank,,,31,County,Oneida,,false,1,,,2707
5804,161,2024-11-05T00:00:00Z,General,,,,14,Member of Assembly,,382,State Assembly District,117,9,Void,,,31,County,Oneida,,false,1,,,1
5804,161,2024-11-05T00:00:00Z,General,,,,14,Member of Assembly,,382,State Assembly District,117,1,Total Votes,,,31,County,Oneida,,false,1,,,13380
5804,161,2024-11-05T00:00:00Z,General,,,,14,Member of Assembly,,382,State Assembly District,117,13581,Kenneth Blankenbush,,,41,County,St. Lawrence,,true,1,8,Republican,11013
5804,161,2024-11-05T00:00:00Z,General,,,,14,Member of Assembly,,382,State Assembly District,117,13581,Kenneth Blankenbush,,,41,County,St. Lawrence,,true,1,9,Conservative,1789
5804,161,2024-11-05T00:00:00Z,General,,,,14,Member of Assembly,,382,State Assembly District,117,6,Scattering,,,41,County,St. Lawrence,,false,1,,,36
5804,161,2024-11-05T00:00:00Z,General,,,,14,Member of Assembly,,382,State Assembly District,117,10,Blank,,,41,County,St. Lawrence,,false,1,,,3934
5804,161,2024-11-05T00:00:00Z,General,,,,14,Member of Assembly,,382,State Assembly District,117,9,Void,,,41,County,St. Lawrence,,false,1,,,0
5804,161,2024-11-05T00:00:00Z,General,,,,14,Member of Assembly,,382,State Assembly District,117,1,Total Votes,,,41,County,St. Lawrence,,false,1,,,16772
5805,161,2024-11-05T00:00:00Z,General,,,,14,Member of Assembly,,383,State Assembly District,118,393,Robert J. Smullen,,,18,County,Fulton,,true,1,8,Republican,12100
5805,161,2024-11-05T00:00:00Z,General,,,,14,Member of Assembly,,383,State Assembly District,118,393,Robert J. Smullen,,,18,County,Fulton,,true,1,9,Conservative,1618
5805,161,2024-11-05T00:00:00Z,General,,,,14,Member of Assembly,,383,State Assembly District,118,6,Scattering,,,18,County,Fulton,,false,1,,,242
5805,161,2024-11-05T00:00:00Z,General,,,,14,Member of Assembly,,383,State Assembly District,118,10,Blank,,,18,County,Fulton,,false,1,,,4076
5805,161,2024-11-05T00:00:00Z,General,,,,14,Member of Assembly,,383,State Assembly District,118,9,Void,,,18,County,Fulton,,false,1,,,5
5805,161,2024-11-05T00:00:00Z,General,,,,14,Member of Assembly,,383,State Assembly District,118,1,Total Votes,,,18,County,Fulton,,false,1,,,18041
5805,161,2024-11-05T00:00:00Z,General,,,,14,Member of Assembly,,383,State Assembly District,118,393,Robert J. Smullen,,,21,County,Hamilton,,true,1,8,Republican,2362
5805,161,2024-11-05T00:00:00Z,General,,,,14,Member of Assembly,,383,State Assembly District,118,393,Robert J. Smullen,,,21,County,Hamilton,,true,1,9,Conservative,310
5805,161,2024-11-05T00:00:00Z,General,,,,14,Member of Assembly,,383,State Assembly District,118,6,Scattering,,,21,County,Hamilton,,false,1,,,15
5805,161,2024-11-05T00:00:00Z,General,,,,14,Member of Assembly,,383,State Assembly District,118,10,Blank,,,21,County,Hamilton,,false,1,,,755
5805,161,2024-11-05T00:00:00Z,General,,,,14,Member of Assembly,,383,State Assembly District,118,9,Void,,,21,County,Hamilton,,false,1,,,0
5805,161,2024-11-05T00:00:00Z,General,,,,14,Member of Assembly,,383,State Assembly District,118,1,Total Votes,,,21,County,Hamilton,,false,1,,,3442
5805,161,2024-11-05T00:00:00Z,General,,,,14,Member of Assembly,,383,State Assembly District,118,393,Robert J. Smullen,,,22,County,Herkimer,,true,1,8,Republican,18027
5805,161,2024-11-05T00:00:00Z,General,,,,14,Member of Assembly,,383,State Assembly District,118,393,Robert J. Smullen,,,22,County,Herkimer,,true,1,9,Conservative,2811
5805,161,2024-11-05T00:00:00Z,General,,,,14,Member of Assembly,,383,State Assembly District,118,6,Scattering,,,22,County,Herkimer,,false,1,,,89
5805,161,2024-11-05T00:00:00Z,General,,,,14,Member of Assembly,,383,State Assembly District,118,10,Blank,,,22,County,Herkimer,,false,1,,,6266
5805,161,2024-11-05T00:00:00Z,General,,,,14,Member of Assembly,,383,State Assembly District,118,9,Void,,,22,County,Herkimer,,false,1,,,24
5805,161,2024-11-05T00:00:00Z,General,,,,14,Member of Assembly,,383,State Assembly District,118,1,Total Votes,,,22,County,Herkimer,,false,1,,,27217
5805,161,2024-11-05T00:00:00Z,General,,,,14,Member of Assembly,,383,State Assembly District,118,393,Robert J. Smullen,,,28,County,Montgomery,,true,1,8,Republican,6893
5805,161,2024-11-05T00:00:00Z,General,,,,14,Member of Assembly,,383,State Assembly District,118,393,Robert J. Smullen,,,28,County,Montgomery,,true,1,9,Conservative,1051
5805,161,2024-11-05T00:00:00Z,General,,,,14,Member of Assembly,,383,State Assembly District,118,6,Scattering,,,28,County,Montgomery,,false,1,,,66
5805,161,2024-11-05T00:00:00Z,General,,,,14,Member of Assembly,,383,State Assembly District,118,10,Blank,,,28,County,Montgomery,,false,1,,,2260
5805,161,2024-11-05T00:00:00Z,General,,,,14,Member of Assembly,,383,State Assembly District,118,9,Void,,,28,County,Montgomery,,false,1,,,0
5805,161,2024-11-05T00:00:00Z,General,,,,14,Member of Assembly,,383,State Assembly District,118,1,Total Votes,,,28,County,Montgomery,,false,1,,,10270
5805,161,2024-11-05T00:00:00Z,General,,,,14,Member of Assembly,,383,State Assembly District,118,393,Robert J. Smullen,,,31,County,Oneida,,true,1,8,Republican,3742
5805,161,2024-11-05T00:00:00Z,General,,,,14,Member of Assembly,,383,State Assembly District,118,393,Robert J. Smullen,,,31,County,Oneida,,true,1,9,Conservative,481
5805,161,2024-11-05T00:00:00Z,General,,,,14,Member of Assembly,,383,State Assembly District,118,6,Scattering,,,31,County,Oneida,,false,1,,,15
5805,161,2024-11-05T00:00:00Z,General,,,,14,Member of Assembly,,383,State Assembly District,118,10,Blank,,,31,County,Oneida,,false,1,,,1000
5805,161,2024-11-05T00:00:00Z,General,,,,14,Member of Assembly,,383,State Assembly District,118,9,Void,,,31,County,Oneida,,false,1,,,1
5805,161,2024-11-05T00:00:00Z,General,,,,14,Member of Assembly,,383,State Assembly District,118,1,Total Votes,,,31,County,Oneida,,false,1,,,5239
5805,161,2024-11-05T00:00:00Z,General,,,,14,Member of Assembly,,383,State Assembly District,118,393,Robert J. Smullen,,,37,County,Otsego,,true,1,8,Republican,749
5805,161,2024-11-05T00:00:00Z,General,,,,14,Member of Assembly,,383,State Assembly District,118,393,Robert J. Smullen,,,37,County,Otsego,,true,1,9,Conservative,106
5805,161,2024-11-05T00:00:00Z,General,,,,14,Member of Assembly,,383,State Assembly District,118,6,Scattering,,,37,County,Otsego,,false,1,,,5
5805,161,2024-11-05T00:00:00Z,General,,,,14,Member of Assembly,,383,State Assembly District,118,10,Blank,,,37,County,Otsego,,false,1,,,293
5805,161,2024-11-05T00:00:00Z,General,,,,14,Member of Assembly,,383,State Assembly District,118,9,Void,,,37,County,Otsego,,false,1,,,0
5805,161,2024-11-05T00:00:00Z,General,,,,14,Member of Assembly,,383,State Assembly District,118,1,Total Votes,,,37,County,Otsego,,false,1,,,1153
5806,161,2024-11-05T00:00:00Z,General,,,,14,Member of Assembly,,384,State Assembly District,119,394,Marianne Buttenschon,,,31,County,Oneida,,true,1,7,Democratic,22227
5806,161,2024-11-05T00:00:00Z,General,,,,14,Member of Assembly,,384,State Assembly District,119,394,Marianne Buttenschon,,,31,County,Oneida,,true,1,311,Mohawk Valley 1st,1110
5806,161,2024-11-05T00:00:00Z,General,,,,14,Member of Assembly,,384,State Assembly District,119,13582,Christine Esposito,,,31,County,Oneida,,false,1,8,Republican,20409
5806,161,2024-11-05T00:00:00Z,General,,,,14,Member of Assembly,,384,State Assembly District,119,13582,Christine Esposito,,,31,County,Oneida,,false,1,9,Conservative,2220
5806,161,2024-11-05T00:00:00Z,General,,,,14,Member of Assembly,,384,State Assembly District,119,6,Scattering,,,31,County,Oneida,,false,1,,,26
5806,161,2024-11-05T00:00:00Z,General,,,,14,Member of Assembly,,384,State Assembly District,119,10,Blank,,,31,County,Oneida,,false,1,,,1860
5806,161,2024-11-05T00:00:00Z,General,,,,14,Member of Assembly,,384,State Assembly District,119,9,Void,,,31,County,Oneida,,false,1,,,135
5806,161,2024-11-05T00:00:00Z,General,,,,14,Member of Assembly,,384,State Assembly District,119,1,Total Votes,,,31,County,Oneida,,false,1,,,47987
5807,161,2024-11-05T00:00:00Z,General,,,,14,Member of Assembly,,385,State Assembly District,120,396,William A. Barclay,,,6,County,Cayuga,,true,1,8,Republican,2322
5807,161,2024-11-05T00:00:00Z,General,,,,14,Member of Assembly,,385,State Assembly District,120,396,William A. Barclay,,,6,County,Cayuga,,true,1,9,Conservative,429
5807,161,2024-11-05T00:00:00Z,General,,,,14,Member of Assembly,,385,State Assembly District,120,6,Scattering,,,6,County,Cayuga,,false,1,,,32
5807,161,2024-11-05T00:00:00Z,General,,,,14,Member of Assembly,,385,State Assembly District,120,10,Blank,,,6,County,Cayuga,,false,1,,,771
5807,161,2024-11-05T00:00:00Z,General,,,,14,Member of Assembly,,385,State Assembly District,120,9,Void,,,6,County,Cayuga,,false,1,,,0
5807,161,2024-11-05T00:00:00Z,General,,,,14,Member of Assembly,,385,State Assembly District,120,1,Total Votes,,,6,County,Cayuga,,false,1,,,3554
5807,161,2024-11-05T00:00:00Z,General,,,,14,Member of Assembly,,385,State Assembly District,120,396,William A. Barclay,,,23,County,Jefferson,,true,1,8,Republican,3369
5807,161,2024-11-05T00:00:00Z,General,,,,14,Member of Assembly,,385,State Assembly District,120,396,William A. Barclay,,,23,County,Jefferson,,true,1,9,Conservative,432
5807,161,2024-11-05T00:00:00Z,General,,,,14,Member of Assembly,,385,State Assembly District,120,6,Scattering,,,23,County,Jefferson,,false,1,,,15
5807,161,2024-11-05T00:00:00Z,General,,,,14,Member of Assembly,,385,State Assembly District,120,10,Blank,,,23,County,Jefferson,,false,1,,,970
5807,161,2024-11-05T00:00:00Z,General,,,,14,Member of Assembly,,385,State Assembly District,120,9,Void,,,23,County,Jefferson,,false,1,,,0
5807,161,2024-11-05T00:00:00Z,General,,,,14,Member of Assembly,,385,State Assembly District,120,1,Total Votes,,,23,County,Jefferson,,false,1,,,4786
5807,161,2024-11-05T00:00:00Z,General,,,,14,Member of Assembly,,385,State Assembly District,120,396,William A. Barclay,,,733,County,Oswego,,true,1,8,Republican,36028
5807,161,2024-11-05T00:00:00Z,General,,,,14,Member of Assembly,,385,State Assembly District,120,396,William A. Barclay,,,733,County,Oswego,,true,1,9,Conservative,5970
5807,161,2024-11-05T00:00:00Z,General,,,,14,Member of Assembly,,385,State Assembly District,120,6,Scattering,,,733,County,Oswego,,false,1,,,541
5807,161,2024-11-05T00:00:00Z,General,,,,14,Member of Assembly,,385,State Assembly District,120,10,Blank,,,733,County,Oswego,,false,1,,,12086
5807,161,2024-11-05T00:00:00Z,General,,,,14,Member of Assembly,,385,State Assembly District,120,9,Void,,,733,County,Oswego,,false,1,,,3
5807,161,2024-11-05T00:00:00Z,General,,,,14,Member of Assembly,,385,State Assembly District,120,1,Total Votes,,,733,County,Oswego,,false,1,,,54628
5808,161,2024-11-05T00:00:00Z,General,,,,14,Member of Assembly,,386,State Assembly District,121,397,Joe Angelino,,,4,County,Broome,,true,1,8,Republican,15310
5808,161,2024-11-05T00:00:00Z,General,,,,14,Member of Assembly,,386,State Assembly District,121,397,Joe Angelino,,,4,County,Broome,,true,1,9,Conservative,1434
5808,161,2024-11-05T00:00:00Z,General,,,,14,Member of Assembly,,386,State Assembly District,121,13583,Vicki Davis,,,4,County,Broome,,false,1,7,Democratic,8733
5808,161,2024-11-05T00:00:00Z,General,,,,14,Member of Assembly,,386,State Assembly District,121,6,Scattering,,,4,County,Broome,,false,1,,,18
5808,161,2024-11-05T00:00:00Z,General,,,,14,Member of Assembly,,386,State Assembly District,121,10,Blank,,,4,County,Broome,,false,1,,,1532
5808,161,2024-11-05T00:00:00Z,General,,,,14,Member of Assembly,,386,State Assembly District,121,9,Void,,,4,County,Broome,,false,1,,,4
5808,161,2024-11-05T00:00:00Z,General,,,,14,Member of Assembly,,386,State Assembly District,121,1,Total Votes,,,4,County,Broome,,false,1,,,27031
5808,161,2024-11-05T00:00:00Z,General,,,,14,Member of Assembly,,386,State Assembly District,121,397,Joe Angelino,,,9,County,Chenango,,true,1,8,Republican,12978
5808,161,2024-11-05T00:00:00Z,General,,,,14,Member of Assembly,,386,State Assembly District,121,397,Joe Angelino,,,9,County,Chenango,,true,1,9,Conservative,1260
5808,161,2024-11-05T00:00:00Z,General,,,,14,Member of Assembly,,386,State Assembly District,121,13583,Vicki Davis,,,9,County,Chenango,,false,1,7,Democratic,5327
5808,161,2024-11-05T00:00:00Z,General,,,,14,Member of Assembly,,386,State Assembly District,121,6,Scattering,,,9,County,Chenango,,false,1,,,22
5808,161,2024-11-05T00:00:00Z,General,,,,14,Member of Assembly,,386,State Assembly District,121,10,Blank,,,9,County,Chenango,,false,1,,,730
5808,161,2024-11-05T00:00:00Z,General,,,,14,Member of Assembly,,386,State Assembly District,121,9,Void,,,9,County,Chenango,,false,1,,,4
5808,161,2024-11-05T00:00:00Z,General,,,,14,Member of Assembly,,386,State Assembly District,121,1,Total Votes,,,9,County,Chenango,,false,1,,,20321
5808,161,2024-11-05T00:00:00Z,General,,,,14,Member of Assembly,,386,State Assembly District,121,397,Joe Angelino,,,13,County,Delaware,,true,1,8,Republican,2684
5808,161,2024-11-05T00:00:00Z,General,,,,14,Member of Assembly,,386,State Assembly District,121,397,Joe Angelino,,,13,County,Delaware,,true,1,9,Conservative,235
5808,161,2024-11-05T00:00:00Z,General,,,,14,Member of Assembly,,386,State Assembly District,121,13583,Vicki Davis,,,13,County,Delaware,,false,1,7,Democratic,1333
5808,161,2024-11-05T00:00:00Z,General,,,,14,Member of Assembly,,386,State Assembly District,121,6,Scattering,,,13,County,Delaware,,false,1,,,7
5808,161,2024-11-05T00:00:00Z,General,,,,14,Member of Assembly,,386,State Assembly District,121,10,Blank,,,13,County,Delaware,,false,1,,,183
5808,161,2024-11-05T00:00:00Z,General,,,,14,Member of Assembly,,386,State Assembly District,121,9,Void,,,13,County,Delaware,,false,1,,,4
5808,161,2024-11-05T00:00:00Z,General,,,,14,Member of Assembly,,386,State Assembly District,121,1,Total Votes,,,13,County,Delaware,,false,1,,,4446
5808,161,2024-11-05T00:00:00Z,General,,,,14,Member of Assembly,,386,State Assembly District,121,397,Joe Angelino,,,26,County,Madison,,true,1,8,Republican,3527
5808,161,2024-11-05T00:00:00Z,General,,,,14,Member of Assembly,,386,State Assembly District,121,397,Joe Angelino,,,26,County,Madison,,true,1,9,Conservative,508
5808,161,2024-11-05T00:00:00Z,General,,,,14,Member of Assembly,,386,State Assembly District,121,13583,Vicki Davis,,,26,County,Madison,,false,1,7,Democratic,2828
5808,161,2024-11-05T00:00:00Z,General,,,,14,Member of Assembly,,386,State Assembly District,121,6,Scattering,,,26,County,Madison,,false,1,,,5
5808,161,2024-11-05T00:00:00Z,General,,,,14,Member of Assembly,,386,State Assembly District,121,10,Blank,,,26,County,Madison,,false,1,,,384
5808,161,2024-11-05T00:00:00Z,General,,,,14,Member of Assembly,,386,State Assembly District,121,9,Void,,,26,County,Madison,,false,1,,,2
5808,161,2024-11-05T00:00:00Z,General,,,,14,Member of Assembly,,386,State Assembly District,121,1,Total Votes,,,26,County,Madison,,false,1,,,7254
5808,161,2024-11-05T00:00:00Z,General,,,,14,Member of Assembly,,386,State Assembly District,121,397,Joe Angelino,,,37,County,Otsego,,true,1,8,Republican,3874
5808,161,2024-11-05T00:00:00Z,General,,,,14,Member of Assembly,,386,State Assembly District,121,397,Joe Angelino,,,37,County,Otsego,,true,1,9,Conservative,449
5808,161,2024-11-05T00:00:00Z,General,,,,14,Member of Assembly,,386,State Assembly District,121,13583,Vicki Davis,,,37,County,Otsego,,false,1,7,Democratic,2104
5808,161,2024-11-05T00:00:00Z,General,,,,14,Member of Assembly,,386,State Assembly District,121,6,Scattering,,,37,County,Otsego,,false,1,,,4
5808,161,2024-11-05T00:00:00Z,General,,,,14,Member of Assembly,,386,State Assembly District,121,10,Blank,,,37,County,Otsego,,false,1,,,306
5808,161,2024-11-05T00:00:00Z,General,,,,14,Member of Assembly,,386,State Assembly District,121,9,Void,,,37,County,Otsego,,false,1,,,3
5808,161,2024-11-05T00:00:00Z,General,,,,14,Member of Assembly,,386,State Assembly District,121,1,Total Votes,,,37,County,Otsego,,false,1,,,6740
5809,161,2024-11-05T00:00:00Z,General,,,,14,Member of Assembly,,387,State Assembly District,122,399,Brian D. Miller,,,22,County,Herkimer,,true,1,8,Republican,1247
5809,161,2024-11-05T00:00:00Z,General,,,,14,Member of Assembly,,387,State Assembly District,122,399,Brian D. Miller,,,22,County,Herkimer,,true,1,9,Conservative,159
5809,161,2024-11-05T00:00:00Z,General,,,,14,Member of Assembly,,387,State Assembly District,122,13584,Adrienne Martini,,,22,County,Herkimer,,false,1,7,Democratic,276
5809,161,2024-11-05T00:00:00Z,General,,,,14,Member of Assembly,,387,State Assembly District,122,13584,Adrienne Martini,,,22,County,Herkimer,,false,1,10,Working Families,38
5809,161,2024-11-05T00:00:00Z,General,,,,14,Member of Assembly,,387,State Assembly District,122,6,Scattering,,,22,County,Herkimer,,false,1,,,0
5809,161,2024-11-05T00:00:00Z,General,,,,14,Member of Assembly,,387,State Assembly District,122,10,Blank,,,22,County,Herkimer,,false,1,,,59
5809,161,2024-11-05T00:00:00Z,General,,,,14,Member of Assembly,,387,State Assembly District,122,9,Void,,,22,County,Herkimer,,false,1,,,28
5809,161,2024-11-05T00:00:00Z,General,,,,14,Member of Assembly,,387,State Assembly District,122,1,Total Votes,,,22,County,Herkimer,,false,1,,,1807
5809,161,2024-11-05T00:00:00Z,General,,,,14,Member of Assembly,,387,State Assembly District,122,399,Brian D. Miller,,,26,County,Madison,,true,1,8,Republican,11015
5809,161,2024-11-05T00:00:00Z,General,,,,14,Member of Assembly,,387,State Assembly District,122,399,Brian D. Miller,,,26,County,Madison,,true,1,9,Conservative,1380
5809,161,2024-11-05T00:00:00Z,General,,,,14,Member of Assembly,,387,State Assembly District,122,13584,Adrienne Martini,,,26,County,Madison,,false,1,7,Democratic,6372
5809,161,2024-11-05T00:00:00Z,General,,,,14,Member of Assembly,,387,State Assembly District,122,13584,Adrienne Martini,,,26,County,Madison,,false,1,10,Working Families,673
5809,161,2024-11-05T00:00:00Z,General,,,,14,Member of Assembly,,387,State Assembly District,122,6,Scattering,,,26,County,Madison,,false,1,,,13
5809,161,2024-11-05T00:00:00Z,General,,,,14,Member of Assembly,,387,State Assembly District,122,10,Blank,,,26,County,Madison,,false,1,,,959
5809,161,2024-11-05T00:00:00Z,General,,,,14,Member of Assembly,,387,State Assembly District,122,9,Void,,,26,County,Madison,,false,1,,,10
5809,161,2024-11-05T00:00:00Z,General,,,,14,Member of Assembly,,387,State Assembly District,122,1,Total Votes,,,26,County,Madison,,false,1,,,20422
5809,161,2024-11-05T00:00:00Z,General,,,,14,Member of Assembly,,387,State Assembly District,122,399,Brian D. Miller,,,31,County,Oneida,,true,1,8,Republican,19428
5809,161,2024-11-05T00:00:00Z,General,,,,14,Member of Assembly,,387,State Assembly District,122,399,Brian D. Miller,,,31,County,Oneida,,true,1,9,Conservative,2229
5809,161,2024-11-05T00:00:00Z,General,,,,14,Member of Assembly,,387,State Assembly District,122,13584,Adrienne Martini,,,31,County,Oneida,,false,1,7,Democratic,10432
5809,161,2024-11-05T00:00:00Z,General,,,,14,Member of Assembly,,387,State Assembly District,122,13584,Adrienne Martini,,,31,County,Oneida,,false,1,10,Working Families,948
5809,161,2024-11-05T00:00:00Z,General,,,,14,Member of Assembly,,387,State Assembly District,122,6,Scattering,,,31,County,Oneida,,false,1,,,14
5809,161,2024-11-05T00:00:00Z,General,,,,14,Member of Assembly,,387,State Assembly District,122,10,Blank,,,31,County,Oneida,,false,1,,,1674
5809,161,2024-11-05T00:00:00Z,General,,,,14,Member of Assembly,,387,State Assembly District,122,9,Void,,,31,County,Oneida,,false,1,,,11
5809,161,2024-11-05T00:00:00Z,General,,,,14,Member of Assembly,,387,State Assembly District,122,1,Total Votes,,,31,County,Oneida,,false,1,,,34736
5809,161,2024-11-05T00:00:00Z,General,,,,14,Member of Assembly,,387,State Assembly District,122,399,Brian D. Miller,,,37,County,Otsego,,true,1,8,Republican,5482
5809,161,2024-11-05T00:00:00Z,General,,,,14,Member of Assembly,,387,State Assembly District,122,399,Brian D. Miller,,,37,County,Otsego,,true,1,9,Conservative,765
5809,161,2024-11-05T00:00:00Z,General,,,,14,Member of Assembly,,387,State Assembly District,122,13584,Adrienne Martini,,,37,County,Otsego,,false,1,7,Democratic,5335
5809,161,2024-11-05T00:00:00Z,General,,,,14,Member of Assembly,,387,State Assembly District,122,13584,Adrienne Martini,,,37,County,Otsego,,false,1,10,Working Families,556
5809,161,2024-11-05T00:00:00Z,General,,,,14,Member of Assembly,,387,State Assembly District,122,6,Scattering,,,37,County,Otsego,,false,1,,,8
5809,161,2024-11-05T00:00:00Z,General,,,,14,Member of Assembly,,387,State Assembly District,122,10,Blank,,,37,County,Otsego,,false,1,,,605
5809,161,2024-11-05T00:00:00Z,General,,,,14,Member of Assembly,,387,State Assembly District,122,9,Void,,,37,County,Otsego,,false,1,,,2
5809,161,2024-11-05T00:00:00Z,General,,,,14,Member of Assembly,,387,State Assembly District,122,1,Total Votes,,,37,County,Otsego,,false,1,,,12753
5810,161,2024-11-05T00:00:00Z,General,,,,14,Member of Assembly,,388,State Assembly District,123,6181,Donna A. Lupardo,,,4,County,Broome,,true,1,7,Democratic,29295
5810,161,2024-11-05T00:00:00Z,General,,,,14,Member of Assembly,,388,State Assembly District,123,6181,Donna A. Lupardo,,,4,County,Broome,,true,1,10,Working Families,3146
5810,161,2024-11-05T00:00:00Z,General,,,,14,Member of Assembly,,388,State Assembly District,123,13585,Lisa M. OKeefe,,,4,County,Broome,,false,1,8,Republican,19735
5810,161,2024-11-05T00:00:00Z,General,,,,14,Member of Assembly,,388,State Assembly District,123,13585,Lisa M. OKeefe,,,4,County,Broome,,false,1,9,Conservative,2139
5810,161,2024-11-05T00:00:00Z,General,,,,14,Member of Assembly,,388,State Assembly District,123,13585,Lisa M. OKeefe,,,4,County,Broome,,false,1,312,Economic Renewal,275
5810,161,2024-11-05T00:00:00Z,General,,,,14,Member of Assembly,,388,State Assembly District,123,6,Scattering,,,4,County,Broome,,false,1,,,64
5810,161,2024-11-05T00:00:00Z,General,,,,14,Member of Assembly,,388,State Assembly District,123,10,Blank,,,4,County,Broome,,false,1,,,2203
5810,161,2024-11-05T00:00:00Z,General,,,,14,Member of Assembly,,388,State Assembly District,123,9,Void,,,4,County,Broome,,false,1,,,64
5810,161,2024-11-05T00:00:00Z,General,,,,14,Member of Assembly,,388,State Assembly District,123,1,Total Votes,,,4,County,Broome,,false,1,,,56921
5811,161,2024-11-05T00:00:00Z,General,,,,14,Member of Assembly,,389,State Assembly District,124,403,Christopher S. Friend,,,4,County,Broome,,true,1,8,Republican,4149
5811,161,2024-11-05T00:00:00Z,General,,,,14,Member of Assembly,,389,State Assembly District,124,403,Christopher S. Friend,,,4,County,Broome,,true,1,9,Conservative,540
5811,161,2024-11-05T00:00:00Z,General,,,,14,Member of Assembly,,389,State Assembly District,124,6,Scattering,,,4,County,Broome,,false,1,,,16
5811,161,2024-11-05T00:00:00Z,General,,,,14,Member of Assembly,,389,State Assembly District,124,10,Blank,,,4,County,Broome,,false,1,,,1537
5811,161,2024-11-05T00:00:00Z,General,,,,14,Member of Assembly,,389,State Assembly District,124,9,Void,,,4,County,Broome,,false,1,,,0
5811,161,2024-11-05T00:00:00Z,General,,,,14,Member of Assembly,,389,State Assembly District,124,1,Total Votes,,,4,County,Broome,,false,1,,,6242
5811,161,2024-11-05T00:00:00Z,General,,,,14,Member of Assembly,,389,State Assembly District,124,403,Christopher S. Friend,,,8,County,Chemung,,true,1,8,Republican,20701
5811,161,2024-11-05T00:00:00Z,General,,,,14,Member of Assembly,,389,State Assembly District,124,403,Christopher S. Friend,,,8,County,Chemung,,true,1,9,Conservative,3492
5811,161,2024-11-05T00:00:00Z,General,,,,14,Member of Assembly,,389,State Assembly District,124,6,Scattering,,,8,County,Chemung,,false,1,,,162
5811,161,2024-11-05T00:00:00Z,General,,,,14,Member of Assembly,,389,State Assembly District,124,10,Blank,,,8,County,Chemung,,false,1,,,8714
5811,161,2024-11-05T00:00:00Z,General,,,,14,Member of Assembly,,389,State Assembly District,124,9,Void,,,8,County,Chemung,,false,1,,,2
5811,161,2024-11-05T00:00:00Z,General,,,,14,Member of Assembly,,389,State Assembly District,124,1,Total Votes,,,8,County,Chemung,,false,1,,,33071
5811,161,2024-11-05T00:00:00Z,General,,,,14,Member of Assembly,,389,State Assembly District,124,403,Christopher S. Friend,,,50,County,Tioga,,true,1,8,Republican,15584
5811,161,2024-11-05T00:00:00Z,General,,,,14,Member of Assembly,,389,State Assembly District,124,403,Christopher S. Friend,,,50,County,Tioga,,true,1,9,Conservative,2107
5811,161,2024-11-05T00:00:00Z,General,,,,14,Member of Assembly,,389,State Assembly District,124,6,Scattering,,,50,County,Tioga,,false,1,,,166
5811,161,2024-11-05T00:00:00Z,General,,,,14,Member of Assembly,,389,State Assembly District,124,10,Blank,,,50,County,Tioga,,false,1,,,6954
5811,161,2024-11-05T00:00:00Z,General,,,,14,Member of Assembly,,389,State Assembly District,124,9,Void,,,50,County,Tioga,,false,1,,,1
5811,161,2024-11-05T00:00:00Z,General,,,,14,Member of Assembly,,389,State Assembly District,124,1,Total Votes,,,50,County,Tioga,,false,1,,,24812
5812,161,2024-11-05T00:00:00Z,General,,,,14,Member of Assembly,,390,State Assembly District,125,404,Anna Kelles,,,12,County,Cortland,,true,1,7,Democratic,6582
5812,161,2024-11-05T00:00:00Z,General,,,,14,Member of Assembly,,390,State Assembly District,125,404,Anna Kelles,,,12,County,Cortland,,true,1,10,Working Families,1636
5812,161,2024-11-05T00:00:00Z,General,,,,14,Member of Assembly,,390,State Assembly District,125,6,Scattering,,,12,County,Cortland,,false,1,,,66
5812,161,2024-11-05T00:00:00Z,General,,,,14,Member of Assembly,,390,State Assembly District,125,10,Blank,,,12,County,Cortland,,false,1,,,5008
5812,161,2024-11-05T00:00:00Z,General,,,,14,Member of Assembly,,390,State Assembly District,125,9,Void,,,12,County,Cortland,,false,1,,,0
5812,161,2024-11-05T00:00:00Z,General,,,,14,Member of Assembly,,390,State Assembly District,125,1,Total Votes,,,12,County,Cortland,,false,1,,,13292
5812,161,2024-11-05T00:00:00Z,General,,,,14,Member of Assembly,,390,State Assembly District,125,404,Anna Kelles,,,51,County,Tompkins,,true,1,7,Democratic,29091
5812,161,2024-11-05T00:00:00Z,General,,,,14,Member of Assembly,,390,State Assembly District,125,404,Anna Kelles,,,51,County,Tompkins,,true,1,10,Working Families,6995
5812,161,2024-11-05T00:00:00Z,General,,,,14,Member of Assembly,,390,State Assembly District,125,6,Scattering,,,51,County,Tompkins,,false,1,,,1065
5812,161,2024-11-05T00:00:00Z,General,,,,14,Member of Assembly,,390,State Assembly District,125,10,Blank,,,51,County,Tompkins,,false,1,,,9520
5812,161,2024-11-05T00:00:00Z,General,,,,14,Member of Assembly,,390,State Assembly District,125,9,Void,,,51,County,Tompkins,,false,1,,,6
5812,161,2024-11-05T00:00:00Z,General,,,,14,Member of Assembly,,390,State Assembly District,125,1,Total Votes,,,51,County,Tompkins,,false,1,,,46677
5813,161,2024-11-05T00:00:00Z,General,,,,14,Member of Assembly,,391,State Assembly District,126,406,"John Lemondes, Jr.",,,6,County,Cayuga,,true,1,8,Republican,10187
5813,161,2024-11-05T00:00:00Z,General,,,,14,Member of Assembly,,391,State Assembly District,126,406,"John Lemondes, Jr.",,,6,County,Cayuga,,true,1,9,Conservative,1405
5813,161,2024-11-05T00:00:00Z,General,,,,14,Member of Assembly,,391,State Assembly District,126,13586,Ian Phillips,,,6,County,Cayuga,,false,1,7,Democratic,8079
5813,161,2024-11-05T00:00:00Z,General,,,,14,Member of Assembly,,391,State Assembly District,126,13586,Ian Phillips,,,6,County,Cayuga,,false,1,10,Working Families,756
5813,161,2024-11-05T00:00:00Z,General,,,,14,Member of Assembly,,391,State Assembly District,126,6,Scattering,,,6,County,Cayuga,,false,1,,,18
5813,161,2024-11-05T00:00:00Z,General,,,,14,Member of Assembly,,391,State Assembly District,126,10,Blank,,,6,County,Cayuga,,false,1,,,1074
5813,161,2024-11-05T00:00:00Z,General,,,,14,Member of Assembly,,391,State Assembly District,126,9,Void,,,6,County,Cayuga,,false,1,,,10
5813,161,2024-11-05T00:00:00Z,General,,,,14,Member of Assembly,,391,State Assembly District,126,1,Total Votes,,,6,County,Cayuga,,false,1,,,21529
5813,161,2024-11-05T00:00:00Z,General,,,,14,Member of Assembly,,391,State Assembly District,126,406,"John Lemondes, Jr.",,,32,County,Onondaga,,true,1,8,Republican,24982
5813,161,2024-11-05T00:00:00Z,General,,,,14,Member of Assembly,,391,State Assembly District,126,406,"John Lemondes, Jr.",,,32,County,Onondaga,,true,1,9,Conservative,3590
5813,161,2024-11-05T00:00:00Z,General,,,,14,Member of Assembly,,391,State Assembly District,126,13586,Ian Phillips,,,32,County,Onondaga,,false,1,7,Democratic,22222
5813,161,2024-11-05T00:00:00Z,General,,,,14,Member of Assembly,,391,State Assembly District,126,13586,Ian Phillips,,,32,County,Onondaga,,false,1,10,Working Families,1785
5813,161,2024-11-05T00:00:00Z,General,,,,14,Member of Assembly,,391,State Assembly District,126,6,Scattering,,,32,County,Onondaga,,false,1,,,13
5813,161,2024-11-05T00:00:00Z,General,,,,14,Member of Assembly,,391,State Assembly District,126,10,Blank,,,32,County,Onondaga,,false,1,,,2209
5813,161,2024-11-05T00:00:00Z,General,,,,14,Member of Assembly,,391,State Assembly District,126,9,Void,,,32,County,Onondaga,,false,1,,,5
5813,161,2024-11-05T00:00:00Z,General,,,,14,Member of Assembly,,391,State Assembly District,126,1,Total Votes,,,32,County,Onondaga,,false,1,,,54806
5814,161,2024-11-05T00:00:00Z,General,,,,14,Member of Assembly,,392,State Assembly District,127,407,"Albert A. Stirpe, Jr.",,,26,County,Madison,,true,1,7,Democratic,2146
5814,161,2024-11-05T00:00:00Z,General,,,,14,Member of Assembly,,392,State Assembly District,127,407,"Albert A. Stirpe, Jr.",,,26,County,Madison,,true,1,10,Working Families,157
5814,161,2024-11-05T00:00:00Z,General,,,,14,Member of Assembly,,392,State Assembly District,127,13587,Timothy R. Kelly,,,26,County,Madison,,false,1,8,Republican,1610
5814,161,2024-11-05T00:00:00Z,General,,,,14,Member of Assembly,,392,State Assembly District,127,13587,Timothy R. Kelly,,,26,County,Madison,,false,1,9,Conservative,220
5814,161,2024-11-05T00:00:00Z,General,,,,14,Member of Assembly,,392,State Assembly District,127,6,Scattering,,,26,County,Madison,,false,1,,,3
5814,161,2024-11-05T00:00:00Z,General,,,,14,Member of Assembly,,392,State Assembly District,127,10,Blank,,,26,County,Madison,,false,1,,,105
5814,161,2024-11-05T00:00:00Z,General,,,,14,Member of Assembly,,392,State Assembly District,127,9,Void,,,26,County,Madison,,false,1,,,1
5814,161,2024-11-05T00:00:00Z,General,,,,14,Member of Assembly,,392,State Assembly District,127,1,Total Votes,,,26,County,Madison,,false,1,,,4242
5814,161,2024-11-05T00:00:00Z,General,,,,14,Member of Assembly,,392,State Assembly District,127,407,"Albert A. Stirpe, Jr.",,,32,County,Onondaga,,true,1,7,Democratic,36000
5814,161,2024-11-05T00:00:00Z,General,,,,14,Member of Assembly,,392,State Assembly District,127,407,"Albert A. Stirpe, Jr.",,,32,County,Onondaga,,true,1,10,Working Families,2977
5814,161,2024-11-05T00:00:00Z,General,,,,14,Member of Assembly,,392,State Assembly District,127,13587,Timothy R. Kelly,,,32,County,Onondaga,,false,1,8,Republican,25985
5814,161,2024-11-05T00:00:00Z,General,,,,14,Member of Assembly,,392,State Assembly District,127,13587,Timothy R. Kelly,,,32,County,Onondaga,,false,1,9,Conservative,3895
5814,161,2024-11-05T00:00:00Z,General,,,,14,Member of Assembly,,392,State Assembly District,127,6,Scattering,,,32,County,Onondaga,,false,1,,,38
5814,161,2024-11-05T00:00:00Z,General,,,,14,Member of Assembly,,392,State Assembly District,127,10,Blank,,,32,County,Onondaga,,false,1,,,2048
5814,161,2024-11-05T00:00:00Z,General,,,,14,Member of Assembly,,392,State Assembly District,127,9,Void,,,32,County,Onondaga,,false,1,,,17
5814,161,2024-11-05T00:00:00Z,General,,,,14,Member of Assembly,,392,State Assembly District,127,1,Total Votes,,,32,County,Onondaga,,false,1,,,70960
5815,161,2024-11-05T00:00:00Z,General,,,,14,Member of Assembly,,393,State Assembly District,128,409,Pamela Jo Hunter,,,32,County,Onondaga,,true,1,7,Democratic,31864
5815,161,2024-11-05T00:00:00Z,General,,,,14,Member of Assembly,,393,State Assembly District,128,409,Pamela Jo Hunter,,,32,County,Onondaga,,true,1,10,Working Families,2884
5815,161,2024-11-05T00:00:00Z,General,,,,14,Member of Assembly,,393,State Assembly District,128,13588,Daniel A. Ciciarelli,,,32,County,Onondaga,,false,1,8,Republican,17555
5815,161,2024-11-05T00:00:00Z,General,,,,14,Member of Assembly,,393,State Assembly District,128,13588,Daniel A. Ciciarelli,,,32,County,Onondaga,,false,1,9,Conservative,2827
5815,161,2024-11-05T00:00:00Z,General,,,,14,Member of Assembly,,393,State Assembly District,128,6,Scattering,,,32,County,Onondaga,,false,1,,,47
5815,161,2024-11-05T00:00:00Z,General,,,,14,Member of Assembly,,393,State Assembly District,128,10,Blank,,,32,County,Onondaga,,false,1,,,2296
5815,161,2024-11-05T00:00:00Z,General,,,,14,Member of Assembly,,393,State Assembly District,128,9,Void,,,32,County,Onondaga,,false,1,,,22
5815,161,2024-11-05T00:00:00Z,General,,,,14,Member of Assembly,,393,State Assembly District,128,1,Total Votes,,,32,County,Onondaga,,false,1,,,57495
5816,161,2024-11-05T00:00:00Z,General,,,,14,Member of Assembly,,394,State Assembly District,129,411,William B. Magnarelli,,,32,County,Onondaga,,true,1,7,Democratic,35165
5816,161,2024-11-05T00:00:00Z,General,,,,14,Member of Assembly,,394,State Assembly District,129,6,Scattering,,,32,County,Onondaga,,false,1,,,527
5816,161,2024-11-05T00:00:00Z,General,,,,14,Member of Assembly,,394,State Assembly District,129,10,Blank,,,32,County,Onondaga,,false,1,,,12754
5816,161,2024-11-05T00:00:00Z,General,,,,14,Member of Assembly,,394,State Assembly District,129,9,Void,,,32,County,Onondaga,,false,1,,,0
5816,161,2024-11-05T00:00:00Z,General,,,,14,Member of Assembly,,394,State Assembly District,129,1,Total Votes,,,32,County,Onondaga,,false,1,,,48446
5817,161,2024-11-05T00:00:00Z,General,,,,14,Member of Assembly,,395,State Assembly District,130,413,Brian D. Manktelow,,,535,County,Monroe,,true,1,8,Republican,12027
5817,161,2024-11-05T00:00:00Z,General,,,,14,Member of Assembly,,395,State Assembly District,130,413,Brian D. Manktelow,,,535,County,Monroe,,true,1,9,Conservative,1965
5817,161,2024-11-05T00:00:00Z,General,,,,14,Member of Assembly,,395,State Assembly District,130,13589,James Schuler,,,535,County,Monroe,,false,1,7,Democratic,12225
5817,161,2024-11-05T00:00:00Z,General,,,,14,Member of Assembly,,395,State Assembly District,130,6,Scattering,,,535,County,Monroe,,false,1,,,4
5817,161,2024-11-05T00:00:00Z,General,,,,14,Member of Assembly,,395,State Assembly District,130,10,Blank,,,535,County,Monroe,,false,1,,,1642
5817,161,2024-11-05T00:00:00Z,General,,,,14,Member of Assembly,,395,State Assembly District,130,9,Void,,,535,County,Monroe,,false,1,,,3
5817,161,2024-11-05T00:00:00Z,General,,,,14,Member of Assembly,,395,State Assembly District,130,1,Total Votes,,,535,County,Monroe,,false,1,,,27866
5817,161,2024-11-05T00:00:00Z,General,,,,14,Member of Assembly,,395,State Assembly District,130,413,Brian D. Manktelow,,,55,County,Wayne,,true,1,8,Republican,25619
5817,161,2024-11-05T00:00:00Z,General,,,,14,Member of Assembly,,395,State Assembly District,130,413,Brian D. Manktelow,,,55,County,Wayne,,true,1,9,Conservative,4390
5817,161,2024-11-05T00:00:00Z,General,,,,14,Member of Assembly,,395,State Assembly District,130,13589,James Schuler,,,55,County,Wayne,,false,1,7,Democratic,12846
5817,161,2024-11-05T00:00:00Z,General,,,,14,Member of Assembly,,395,State Assembly District,130,6,Scattering,,,55,County,Wayne,,false,1,,,12
5817,161,2024-11-05T00:00:00Z,General,,,,14,Member of Assembly,,395,State Assembly District,130,10,Blank,,,55,County,Wayne,,false,1,,,2134
5817,161,2024-11-05T00:00:00Z,General,,,,14,Member of Assembly,,395,State Assembly District,130,9,Void,,,55,County,Wayne,,false,1,,,14
5817,161,2024-11-05T00:00:00Z,General,,,,14,Member of Assembly,,395,State Assembly District,130,1,Total Votes,,,55,County,Wayne,,false,1,,,45015
5818,161,2024-11-05T00:00:00Z,General,,,,14,Member of Assembly,,396,State Assembly District,131,414,Jeff Gallahan,,,4,County,Broome,,true,1,8,Republican,938
5818,161,2024-11-05T00:00:00Z,General,,,,14,Member of Assembly,,396,State Assembly District,131,414,Jeff Gallahan,,,4,County,Broome,,true,1,9,Conservative,125
5818,161,2024-11-05T00:00:00Z,General,,,,14,Member of Assembly,,396,State Assembly District,131,6,Scattering,,,4,County,Broome,,false,1,,,5
5818,161,2024-11-05T00:00:00Z,General,,,,14,Member of Assembly,,396,State Assembly District,131,10,Blank,,,4,County,Broome,,false,1,,,345
5818,161,2024-11-05T00:00:00Z,General,,,,14,Member of Assembly,,396,State Assembly District,131,9,Void,,,4,County,Broome,,false,1,,,0
5818,161,2024-11-05T00:00:00Z,General,,,,14,Member of Assembly,,396,State Assembly District,131,1,Total Votes,,,4,County,Broome,,false,1,,,1413
5818,161,2024-11-05T00:00:00Z,General,,,,14,Member of Assembly,,396,State Assembly District,131,414,Jeff Gallahan,,,6,County,Cayuga,,true,1,8,Republican,6918
5818,161,2024-11-05T00:00:00Z,General,,,,14,Member of Assembly,,396,State Assembly District,131,414,Jeff Gallahan,,,6,County,Cayuga,,true,1,9,Conservative,1165
5818,161,2024-11-05T00:00:00Z,General,,,,14,Member of Assembly,,396,State Assembly District,131,6,Scattering,,,6,County,Cayuga,,false,1,,,97
5818,161,2024-11-05T00:00:00Z,General,,,,14,Member of Assembly,,396,State Assembly District,131,10,Blank,,,6,County,Cayuga,,false,1,,,3482
5818,161,2024-11-05T00:00:00Z,General,,,,14,Member of Assembly,,396,State Assembly District,131,9,Void,,,6,County,Cayuga,,false,1,,,0
5818,161,2024-11-05T00:00:00Z,General,,,,14,Member of Assembly,,396,State Assembly District,131,1,Total Votes,,,6,County,Cayuga,,false,1,,,11662
5818,161,2024-11-05T00:00:00Z,General,,,,14,Member of Assembly,,396,State Assembly District,131,414,Jeff Gallahan,,,9,County,Chenango,,true,1,8,Republican,1622
5818,161,2024-11-05T00:00:00Z,General,,,,14,Member of Assembly,,396,State Assembly District,131,414,Jeff Gallahan,,,9,County,Chenango,,true,1,9,Conservative,194
5818,161,2024-11-05T00:00:00Z,General,,,,14,Member of Assembly,,396,State Assembly District,131,6,Scattering,,,9,County,Chenango,,false,1,,,11
5818,161,2024-11-05T00:00:00Z,General,,,,14,Member of Assembly,,396,State Assembly District,131,10,Blank,,,9,County,Chenango,,false,1,,,591
5818,161,2024-11-05T00:00:00Z,General,,,,14,Member of Assembly,,396,State Assembly District,131,9,Void,,,9,County,Chenango,,false,1,,,0
5818,161,2024-11-05T00:00:00Z,General,,,,14,Member of Assembly,,396,State Assembly District,131,1,Total Votes,,,9,County,Chenango,,false,1,,,2418
5818,161,2024-11-05T00:00:00Z,General,,,,14,Member of Assembly,,396,State Assembly District,131,414,Jeff Gallahan,,,12,County,Cortland,,true,1,8,Republican,5653
5818,161,2024-11-05T00:00:00Z,General,,,,14,Member of Assembly,,396,State Assembly District,131,414,Jeff Gallahan,,,12,County,Cortland,,true,1,9,Conservative,877
5818,161,2024-11-05T00:00:00Z,General,,,,14,Member of Assembly,,396,State Assembly District,131,6,Scattering,,,12,County,Cortland,,false,1,,,30
5818,161,2024-11-05T00:00:00Z,General,,,,14,Member of Assembly,,396,State Assembly District,131,10,Blank,,,12,County,Cortland,,false,1,,,2478
5818,161,2024-11-05T00:00:00Z,General,,,,14,Member of Assembly,,396,State Assembly District,131,9,Void,,,12,County,Cortland,,false,1,,,0
5818,161,2024-11-05T00:00:00Z,General,,,,14,Member of Assembly,,396,State Assembly District,131,1,Total Votes,,,12,County,Cortland,,false,1,,,9038
5818,161,2024-11-05T00:00:00Z,General,,,,14,Member of Assembly,,396,State Assembly District,131,414,Jeff Gallahan,,,26,County,Madison,,true,1,8,Republican,1451
5818,161,2024-11-05T00:00:00Z,General,,,,14,Member of Assembly,,396,State Assembly District,131,414,Jeff Gallahan,,,26,County,Madison,,true,1,9,Conservative,297
5818,161,2024-11-05T00:00:00Z,General,,,,14,Member of Assembly,,396,State Assembly District,131,6,Scattering,,,26,County,Madison,,false,1,,,12
5818,161,2024-11-05T00:00:00Z,General,,,,14,Member of Assembly,,396,State Assembly District,131,10,Blank,,,26,County,Madison,,false,1,,,587
5818,161,2024-11-05T00:00:00Z,General,,,,14,Member of Assembly,,396,State Assembly District,131,9,Void,,,26,County,Madison,,false,1,,,0
5818,161,2024-11-05T00:00:00Z,General,,,,14,Member of Assembly,,396,State Assembly District,131,1,Total Votes,,,26,County,Madison,,false,1,,,2347
5818,161,2024-11-05T00:00:00Z,General,,,,14,Member of Assembly,,396,State Assembly District,131,414,Jeff Gallahan,,,33,County,Ontario,,true,1,8,Republican,18680
5818,161,2024-11-05T00:00:00Z,General,,,,14,Member of Assembly,,396,State Assembly District,131,414,Jeff Gallahan,,,33,County,Ontario,,true,1,9,Conservative,3798
5818,161,2024-11-05T00:00:00Z,General,,,,14,Member of Assembly,,396,State Assembly District,131,6,Scattering,,,33,County,Ontario,,false,1,,,179
5818,161,2024-11-05T00:00:00Z,General,,,,14,Member of Assembly,,396,State Assembly District,131,10,Blank,,,33,County,Ontario,,false,1,,,9464
5818,161,2024-11-05T00:00:00Z,General,,,,14,Member of Assembly,,396,State Assembly District,131,9,Void,,,33,County,Ontario,,false,1,,,2
5818,161,2024-11-05T00:00:00Z,General,,,,14,Member of Assembly,,396,State Assembly District,131,1,Total Votes,,,33,County,Ontario,,false,1,,,32123
5818,161,2024-11-05T00:00:00Z,General,,,,14,Member of Assembly,,396,State Assembly District,131,414,Jeff Gallahan,,,46,County,Seneca,,true,1,8,Republican,6275
5818,161,2024-11-05T00:00:00Z,General,,,,14,Member of Assembly,,396,State Assembly District,131,414,Jeff Gallahan,,,46,County,Seneca,,true,1,9,Conservative,1257
5818,161,2024-11-05T00:00:00Z,General,,,,14,Member of Assembly,,396,State Assembly District,131,6,Scattering,,,46,County,Seneca,,false,1,,,49
5818,161,2024-11-05T00:00:00Z,General,,,,14,Member of Assembly,,396,State Assembly District,131,10,Blank,,,46,County,Seneca,,false,1,,,2827
5818,161,2024-11-05T00:00:00Z,General,,,,14,Member of Assembly,,396,State Assembly District,131,9,Void,,,46,County,Seneca,,false,1,,,5
5818,161,2024-11-05T00:00:00Z,General,,,,14,Member of Assembly,,396,State Assembly District,131,1,Total Votes,,,46,County,Seneca,,false,1,,,10413
5819,161,2024-11-05T00:00:00Z,General,,,,14,Member of Assembly,,397,State Assembly District,132,415,Philip A. Palmesano,,,8,County,Chemung,,true,1,8,Republican,3362
5819,161,2024-11-05T00:00:00Z,General,,,,14,Member of Assembly,,397,State Assembly District,132,415,Philip A. Palmesano,,,8,County,Chemung,,true,1,9,Conservative,548
5819,161,2024-11-05T00:00:00Z,General,,,,14,Member of Assembly,,397,State Assembly District,132,6,Scattering,,,8,County,Chemung,,false,1,,,17
5819,161,2024-11-05T00:00:00Z,General,,,,14,Member of Assembly,,397,State Assembly District,132,10,Blank,,,8,County,Chemung,,false,1,,,925
5819,161,2024-11-05T00:00:00Z,General,,,,14,Member of Assembly,,397,State Assembly District,132,9,Void,,,8,County,Chemung,,false,1,,,1
5819,161,2024-11-05T00:00:00Z,General,,,,14,Member of Assembly,,397,State Assembly District,132,1,Total Votes,,,8,County,Chemung,,false,1,,,4853
5819,161,2024-11-05T00:00:00Z,General,,,,14,Member of Assembly,,397,State Assembly District,132,415,Philip A. Palmesano,,,45,County,Schuyler,,true,1,8,Republican,6075
5819,161,2024-11-05T00:00:00Z,General,,,,14,Member of Assembly,,397,State Assembly District,132,415,Philip A. Palmesano,,,45,County,Schuyler,,true,1,9,Conservative,999
5819,161,2024-11-05T00:00:00Z,General,,,,14,Member of Assembly,,397,State Assembly District,132,6,Scattering,,,45,County,Schuyler,,false,1,,,50
5819,161,2024-11-05T00:00:00Z,General,,,,14,Member of Assembly,,397,State Assembly District,132,10,Blank,,,45,County,Schuyler,,false,1,,,2437
5819,161,2024-11-05T00:00:00Z,General,,,,14,Member of Assembly,,397,State Assembly District,132,9,Void,,,45,County,Schuyler,,false,1,,,1
5819,161,2024-11-05T00:00:00Z,General,,,,14,Member of Assembly,,397,State Assembly District,132,1,Total Votes,,,45,County,Schuyler,,false,1,,,9562
5819,161,2024-11-05T00:00:00Z,General,,,,14,Member of Assembly,,397,State Assembly District,132,415,Philip A. Palmesano,,,46,County,Seneca,,true,1,8,Republican,2714
5819,161,2024-11-05T00:00:00Z,General,,,,14,Member of Assembly,,397,State Assembly District,132,415,Philip A. Palmesano,,,46,County,Seneca,,true,1,9,Conservative,522
5819,161,2024-11-05T00:00:00Z,General,,,,14,Member of Assembly,,397,State Assembly District,132,6,Scattering,,,46,County,Seneca,,false,1,,,28
5819,161,2024-11-05T00:00:00Z,General,,,,14,Member of Assembly,,397,State Assembly District,132,10,Blank,,,46,County,Seneca,,false,1,,,1549
5819,161,2024-11-05T00:00:00Z,General,,,,14,Member of Assembly,,397,State Assembly District,132,9,Void,,,46,County,Seneca,,false,1,,,1
5819,161,2024-11-05T00:00:00Z,General,,,,14,Member of Assembly,,397,State Assembly District,132,1,Total Votes,,,46,County,Seneca,,false,1,,,4814
5819,161,2024-11-05T00:00:00Z,General,,,,14,Member of Assembly,,397,State Assembly District,132,415,Philip A. Palmesano,,,47,County,Steuben,,true,1,8,Republican,24333
5819,161,2024-11-05T00:00:00Z,General,,,,14,Member of Assembly,,397,State Assembly District,132,415,Philip A. Palmesano,,,47,County,Steuben,,true,1,9,Conservative,3332
5819,161,2024-11-05T00:00:00Z,General,,,,14,Member of Assembly,,397,State Assembly District,132,6,Scattering,,,47,County,Steuben,,false,1,,,233
5819,161,2024-11-05T00:00:00Z,General,,,,14,Member of Assembly,,397,State Assembly District,132,10,Blank,,,47,County,Steuben,,false,1,,,7851
5819,161,2024-11-05T00:00:00Z,General,,,,14,Member of Assembly,,397,State Assembly District,132,9,Void,,,47,County,Steuben,,false,1,,,72
5819,161,2024-11-05T00:00:00Z,General,,,,14,Member of Assembly,,397,State Assembly District,132,1,Total Votes,,,47,County,Steuben,,false,1,,,35821
5819,161,2024-11-05T00:00:00Z,General,,,,14,Member of Assembly,,397,State Assembly District,132,415,Philip A. Palmesano,,,58,County,Yates,,true,1,8,Republican,6571
5819,161,2024-11-05T00:00:00Z,General,,,,14,Member of Assembly,,397,State Assembly District,132,415,Philip A. Palmesano,,,58,County,Yates,,true,1,9,Conservative,1133
5819,161,2024-11-05T00:00:00Z,General,,,,14,Member of Assembly,,397,State Assembly District,132,6,Scattering,,,58,County,Yates,,false,1,,,57
5819,161,2024-11-05T00:00:00Z,General,,,,14,Member of Assembly,,397,State Assembly District,132,10,Blank,,,58,County,Yates,,false,1,,,2891
5819,161,2024-11-05T00:00:00Z,General,,,,14,Member of Assembly,,397,State Assembly District,132,9,Void,,,58,County,Yates,,false,1,,,3
5819,161,2024-11-05T00:00:00Z,General,,,,14,Member of Assembly,,397,State Assembly District,132,1,Total Votes,,,58,County,Yates,,false,1,,,10655
5820,161,2024-11-05T00:00:00Z,General,,,,14,Member of Assembly,,398,State Assembly District,133,13591,Andrea K. Bailey,,,442,County,Livingston,,true,1,8,Republican,17799
5820,161,2024-11-05T00:00:00Z,General,,,,14,Member of Assembly,,398,State Assembly District,133,13591,Andrea K. Bailey,,,442,County,Livingston,,true,1,9,Conservative,2490
5820,161,2024-11-05T00:00:00Z,General,,,,14,Member of Assembly,,398,State Assembly District,133,13590,Colleen Walsh-Williams,,,442,County,Livingston,,false,1,7,Democratic,9437
5820,161,2024-11-05T00:00:00Z,General,,,,14,Member of Assembly,,398,State Assembly District,133,6,Scattering,,,442,County,Livingston,,false,1,,,14
5820,161,2024-11-05T00:00:00Z,General,,,,14,Member of Assembly,,398,State Assembly District,133,10,Blank,,,442,County,Livingston,,false,1,,,1666
5820,161,2024-11-05T00:00:00Z,General,,,,14,Member of Assembly,,398,State Assembly District,133,9,Void,,,442,County,Livingston,,false,1,,,2
5820,161,2024-11-05T00:00:00Z,General,,,,14,Member of Assembly,,398,State Assembly District,133,1,Total Votes,,,442,County,Livingston,,false,1,,,31408
5820,161,2024-11-05T00:00:00Z,General,,,,14,Member of Assembly,,398,State Assembly District,133,13591,Andrea K. Bailey,,,535,County,Monroe,,true,1,8,Republican,1092
5820,161,2024-11-05T00:00:00Z,General,,,,14,Member of Assembly,,398,State Assembly District,133,13591,Andrea K. Bailey,,,535,County,Monroe,,true,1,9,Conservative,245
5820,161,2024-11-05T00:00:00Z,General,,,,14,Member of Assembly,,398,State Assembly District,133,13590,Colleen Walsh-Williams,,,535,County,Monroe,,false,1,7,Democratic,910
5820,161,2024-11-05T00:00:00Z,General,,,,14,Member of Assembly,,398,State Assembly District,133,6,Scattering,,,535,County,Monroe,,false,1,,,1
5820,161,2024-11-05T00:00:00Z,General,,,,14,Member of Assembly,,398,State Assembly District,133,10,Blank,,,535,County,Monroe,,false,1,,,114
5820,161,2024-11-05T00:00:00Z,General,,,,14,Member of Assembly,,398,State Assembly District,133,9,Void,,,535,County,Monroe,,false,1,,,1
5820,161,2024-11-05T00:00:00Z,General,,,,14,Member of Assembly,,398,State Assembly District,133,1,Total Votes,,,535,County,Monroe,,false,1,,,2363
5820,161,2024-11-05T00:00:00Z,General,,,,14,Member of Assembly,,398,State Assembly District,133,13591,Andrea K. Bailey,,,33,County,Ontario,,true,1,8,Republican,13639
5820,161,2024-11-05T00:00:00Z,General,,,,14,Member of Assembly,,398,State Assembly District,133,13591,Andrea K. Bailey,,,33,County,Ontario,,true,1,9,Conservative,2089
5820,161,2024-11-05T00:00:00Z,General,,,,14,Member of Assembly,,398,State Assembly District,133,13590,Colleen Walsh-Williams,,,33,County,Ontario,,false,1,7,Democratic,11549
5820,161,2024-11-05T00:00:00Z,General,,,,14,Member of Assembly,,398,State Assembly District,133,6,Scattering,,,33,County,Ontario,,false,1,,,8
5820,161,2024-11-05T00:00:00Z,General,,,,14,Member of Assembly,,398,State Assembly District,133,10,Blank,,,33,County,Ontario,,false,1,,,1402
5820,161,2024-11-05T00:00:00Z,General,,,,14,Member of Assembly,,398,State Assembly District,133,9,Void,,,33,County,Ontario,,false,1,,,4
5820,161,2024-11-05T00:00:00Z,General,,,,14,Member of Assembly,,398,State Assembly District,133,1,Total Votes,,,33,County,Ontario,,false,1,,,28691
5820,161,2024-11-05T00:00:00Z,General,,,,14,Member of Assembly,,398,State Assembly District,133,13591,Andrea K. Bailey,,,47,County,Steuben,,true,1,8,Republican,4390
5820,161,2024-11-05T00:00:00Z,General,,,,14,Member of Assembly,,398,State Assembly District,133,13591,Andrea K. Bailey,,,47,County,Steuben,,true,1,9,Conservative,476
5820,161,2024-11-05T00:00:00Z,General,,,,14,Member of Assembly,,398,State Assembly District,133,13590,Colleen Walsh-Williams,,,47,County,Steuben,,false,1,7,Democratic,1310
5820,161,2024-11-05T00:00:00Z,General,,,,14,Member of Assembly,,398,State Assembly District,133,6,Scattering,,,47,County,Steuben,,false,1,,,2
5820,161,2024-11-05T00:00:00Z,General,,,,14,Member of Assembly,,398,State Assembly District,133,10,Blank,,,47,County,Steuben,,false,1,,,349
5820,161,2024-11-05T00:00:00Z,General,,,,14,Member of Assembly,,398,State Assembly District,133,9,Void,,,47,County,Steuben,,false,1,,,9
5820,161,2024-11-05T00:00:00Z,General,,,,14,Member of Assembly,,398,State Assembly District,133,1,Total Votes,,,47,County,Steuben,,false,1,,,6536
5820,161,2024-11-05T00:00:00Z,General,,,,14,Member of Assembly,,398,State Assembly District,133,13591,Andrea K. Bailey,,,57,County,Wyoming,,true,1,8,Republican,2470
5820,161,2024-11-05T00:00:00Z,General,,,,14,Member of Assembly,,398,State Assembly District,133,13591,Andrea K. Bailey,,,57,County,Wyoming,,true,1,9,Conservative,301
5820,161,2024-11-05T00:00:00Z,General,,,,14,Member of Assembly,,398,State Assembly District,133,13590,Colleen Walsh-Williams,,,57,County,Wyoming,,false,1,7,Democratic,989
5820,161,2024-11-05T00:00:00Z,General,,,,14,Member of Assembly,,398,State Assembly District,133,6,Scattering,,,57,County,Wyoming,,false,1,,,2
5820,161,2024-11-05T00:00:00Z,General,,,,14,Member of Assembly,,398,State Assembly District,133,10,Blank,,,57,County,Wyoming,,false,1,,,246
5820,161,2024-11-05T00:00:00Z,General,,,,14,Member of Assembly,,398,State Assembly District,133,9,Void,,,57,County,Wyoming,,false,1,,,3
5820,161,2024-11-05T00:00:00Z,General,,,,14,Member of Assembly,,398,State Assembly District,133,1,Total Votes,,,57,County,Wyoming,,false,1,,,4011
5821,161,2024-11-05T00:00:00Z,General,,,,14,Member of Assembly,,399,State Assembly District,134,418,Josh Jensen,,,535,County,Monroe,,true,1,8,Republican,40247
5821,161,2024-11-05T00:00:00Z,General,,,,14,Member of Assembly,,399,State Assembly District,134,418,Josh Jensen,,,535,County,Monroe,,true,1,9,Conservative,8656
5821,161,2024-11-05T00:00:00Z,General,,,,14,Member of Assembly,,399,State Assembly District,134,6,Scattering,,,535,County,Monroe,,false,1,,,314
5821,161,2024-11-05T00:00:00Z,General,,,,14,Member of Assembly,,399,State Assembly District,134,10,Blank,,,535,County,Monroe,,false,1,,,22555
5821,161,2024-11-05T00:00:00Z,General,,,,14,Member of Assembly,,399,State Assembly District,134,9,Void,,,535,County,Monroe,,false,1,,,3
5821,161,2024-11-05T00:00:00Z,General,,,,14,Member of Assembly,,399,State Assembly District,134,1,Total Votes,,,535,County,Monroe,,false,1,,,71775
5822,161,2024-11-05T00:00:00Z,General,,,,14,Member of Assembly,,400,State Assembly District,135,419,Jen Lunsford,,,535,County,Monroe,,true,1,7,Democratic,42653
5822,161,2024-11-05T00:00:00Z,General,,,,14,Member of Assembly,,400,State Assembly District,135,419,Jen Lunsford,,,535,County,Monroe,,true,1,10,Working Families,2831
5822,161,2024-11-05T00:00:00Z,General,,,,14,Member of Assembly,,400,State Assembly District,135,13592,Kimberly DeRosa,,,535,County,Monroe,,false,1,8,Republican,28393
5822,161,2024-11-05T00:00:00Z,General,,,,14,Member of Assembly,,400,State Assembly District,135,13592,Kimberly DeRosa,,,535,County,Monroe,,false,1,9,Conservative,4515
5822,161,2024-11-05T00:00:00Z,General,,,,14,Member of Assembly,,400,State Assembly District,135,6,Scattering,,,535,County,Monroe,,false,1,,,27
5822,161,2024-11-05T00:00:00Z,General,,,,14,Member of Assembly,,400,State Assembly District,135,10,Blank,,,535,County,Monroe,,false,1,,,2754
5822,161,2024-11-05T00:00:00Z,General,,,,14,Member of Assembly,,400,State Assembly District,135,9,Void,,,535,County,Monroe,,false,1,,,18
5822,161,2024-11-05T00:00:00Z,General,,,,14,Member of Assembly,,400,State Assembly District,135,1,Total Votes,,,535,County,Monroe,,false,1,,,81191
5823,161,2024-11-05T00:00:00Z,General,,,,14,Member of Assembly,,401,State Assembly District,136,13593,Sarah H. Clark,,,535,County,Monroe,,true,1,7,Democratic,37039
5823,161,2024-11-05T00:00:00Z,General,,,,14,Member of Assembly,,401,State Assembly District,136,13593,Sarah H. Clark,,,535,County,Monroe,,true,1,10,Working Families,3880
5823,161,2024-11-05T00:00:00Z,General,,,,14,Member of Assembly,,401,State Assembly District,136,422,Orlando J. Rivera,,,535,County,Monroe,,false,1,8,Republican,16811
5823,161,2024-11-05T00:00:00Z,General,,,,14,Member of Assembly,,401,State Assembly District,136,422,Orlando J. Rivera,,,535,County,Monroe,,false,1,9,Conservative,2958
5823,161,2024-11-05T00:00:00Z,General,,,,14,Member of Assembly,,401,State Assembly District,136,6,Scattering,,,535,County,Monroe,,false,1,,,32
5823,161,2024-11-05T00:00:00Z,General,,,,14,Member of Assembly,,401,State Assembly District,136,10,Blank,,,535,County,Monroe,,false,1,,,3479
5823,161,2024-11-05T00:00:00Z,General,,,,14,Member of Assembly,,401,State Assembly District,136,9,Void,,,535,County,Monroe,,false,1,,,13
5823,161,2024-11-05T00:00:00Z,General,,,,14,Member of Assembly,,401,State Assembly District,136,1,Total Votes,,,535,County,Monroe,,false,1,,,64212
5824,161,2024-11-05T00:00:00Z,General,,,,14,Member of Assembly,,402,State Assembly District,137,423,Demond L. Meeks,,,535,County,Monroe,,true,1,7,Democratic,24629
5824,161,2024-11-05T00:00:00Z,General,,,,14,Member of Assembly,,402,State Assembly District,137,423,Demond L. Meeks,,,535,County,Monroe,,true,1,10,Working Families,2062
5824,161,2024-11-05T00:00:00Z,General,,,,14,Member of Assembly,,402,State Assembly District,137,424,Marcus C. Williams,,,535,County,Monroe,,false,1,8,Republican,9055
5824,161,2024-11-05T00:00:00Z,General,,,,14,Member of Assembly,,402,State Assembly District,137,424,Marcus C. Williams,,,535,County,Monroe,,false,1,9,Conservative,1518
5824,161,2024-11-05T00:00:00Z,General,,,,14,Member of Assembly,,402,State Assembly District,137,6,Scattering,,,535,County,Monroe,,false,1,,,17
5824,161,2024-11-05T00:00:00Z,General,,,,14,Member of Assembly,,402,State Assembly District,137,10,Blank,,,535,County,Monroe,,false,1,,,2511
5824,161,2024-11-05T00:00:00Z,General,,,,14,Member of Assembly,,402,State Assembly District,137,9,Void,,,535,County,Monroe,,false,1,,,26
5824,161,2024-11-05T00:00:00Z,General,,,,14,Member of Assembly,,402,State Assembly District,137,1,Total Votes,,,535,County,Monroe,,false,1,,,39818
5825,161,2024-11-05T00:00:00Z,General,,,,14,Member of Assembly,,403,State Assembly District,138,425,Harry B. Bronson,,,535,County,Monroe,,true,1,7,Democratic,32923
5825,161,2024-11-05T00:00:00Z,General,,,,14,Member of Assembly,,403,State Assembly District,138,425,Harry B. Bronson,,,535,County,Monroe,,true,1,10,Working Families,4087
5825,161,2024-11-05T00:00:00Z,General,,,,14,Member of Assembly,,403,State Assembly District,138,426,Tracy A. DiFlorio,,,535,County,Monroe,,false,1,8,Republican,19759
5825,161,2024-11-05T00:00:00Z,General,,,,14,Member of Assembly,,403,State Assembly District,138,426,Tracy A. DiFlorio,,,535,County,Monroe,,false,1,9,Conservative,3595
5825,161,2024-11-05T00:00:00Z,General,,,,14,Member of Assembly,,403,State Assembly District,138,12934,Blank Enrollment,,,535,County,Monroe,,false,1,,,2592
5825,161,2024-11-05T00:00:00Z,General,,,,14,Member of Assembly,,403,State Assembly District,138,6,Scattering,,,535,County,Monroe,,false,1,,,28
5825,161,2024-11-05T00:00:00Z,General,,,,14,Member of Assembly,,403,State Assembly District,138,9,Void,,,535,County,Monroe,,false,1,,,11
5825,161,2024-11-05T00:00:00Z,General,,,,14,Member of Assembly,,403,State Assembly District,138,1,Total Votes,,,535,County,Monroe,,false,1,,,62995
5826,161,2024-11-05T00:00:00Z,General,,,,14,Member of Assembly,,404,State Assembly District,139,429,Stephen M. Hawley,,,445,County,Erie,,true,1,8,Republican,0
5826,161,2024-11-05T00:00:00Z,General,,,,14,Member of Assembly,,404,State Assembly District,139,429,Stephen M. Hawley,,,445,County,Erie,,true,1,9,Conservative,0
5826,161,2024-11-05T00:00:00Z,General,,,,14,Member of Assembly,,404,State Assembly District,139,6,Scattering,,,445,County,Erie,,false,1,,,0
5826,161,2024-11-05T00:00:00Z,General,,,,14,Member of Assembly,,404,State Assembly District,139,10,Blank,,,445,County,Erie,,false,1,,,0
5826,161,2024-11-05T00:00:00Z,General,,,,14,Member of Assembly,,404,State Assembly District,139,9,Void,,,445,County,Erie,,false,1,,,0
5826,161,2024-11-05T00:00:00Z,General,,,,14,Member of Assembly,,404,State Assembly District,139,1,Total Votes,,,445,County,Erie,,false,1,,,0
5826,161,2024-11-05T00:00:00Z,General,,,,14,Member of Assembly,,404,State Assembly District,139,429,Stephen M. Hawley,,,19,County,Genesee,,true,1,8,Republican,19861
5826,161,2024-11-05T00:00:00Z,General,,,,14,Member of Assembly,,404,State Assembly District,139,429,Stephen M. Hawley,,,19,County,Genesee,,true,1,9,Conservative,3465
5826,161,2024-11-05T00:00:00Z,General,,,,14,Member of Assembly,,404,State Assembly District,139,6,Scattering,,,19,County,Genesee,,false,1,,,97
5826,161,2024-11-05T00:00:00Z,General,,,,14,Member of Assembly,,404,State Assembly District,139,10,Blank,,,19,County,Genesee,,false,1,,,5393
5826,161,2024-11-05T00:00:00Z,General,,,,14,Member of Assembly,,404,State Assembly District,139,9,Void,,,19,County,Genesee,,false,1,,,5
5826,161,2024-11-05T00:00:00Z,General,,,,14,Member of Assembly,,404,State Assembly District,139,1,Total Votes,,,19,County,Genesee,,false,1,,,28821
5826,161,2024-11-05T00:00:00Z,General,,,,14,Member of Assembly,,404,State Assembly District,139,429,Stephen M. Hawley,,,535,County,Monroe,,true,1,8,Republican,10183
5826,161,2024-11-05T00:00:00Z,General,,,,14,Member of Assembly,,404,State Assembly District,139,429,Stephen M. Hawley,,,535,County,Monroe,,true,1,9,Conservative,2346
5826,161,2024-11-05T00:00:00Z,General,,,,14,Member of Assembly,,404,State Assembly District,139,6,Scattering,,,535,County,Monroe,,false,1,,,79
5826,161,2024-11-05T00:00:00Z,General,,,,14,Member of Assembly,,404,State Assembly District,139,10,Blank,,,535,County,Monroe,,false,1,,,4538
5826,161,2024-11-05T00:00:00Z,General,,,,14,Member of Assembly,,404,State Assembly District,139,9,Void,,,535,County,Monroe,,false,1,,,0
5826,161,2024-11-05T00:00:00Z,General,,,,14,Member of Assembly,,404,State Assembly District,139,1,Total Votes,,,535,County,Monroe,,false,1,,,17146
5826,161,2024-11-05T00:00:00Z,General,,,,14,Member of Assembly,,404,State Assembly District,139,429,Stephen M. Hawley,,,30,County,Niagara,,true,1,8,Republican,0
5826,161,2024-11-05T00:00:00Z,General,,,,14,Member of Assembly,,404,State Assembly District,139,429,Stephen M. Hawley,,,30,County,Niagara,,true,1,9,Conservative,0
5826,161,2024-11-05T00:00:00Z,General,,,,14,Member of Assembly,,404,State Assembly District,139,6,Scattering,,,30,County,Niagara,,false,1,,,0
5826,161,2024-11-05T00:00:00Z,General,,,,14,Member of Assembly,,404,State Assembly District,139,10,Blank,,,30,County,Niagara,,false,1,,,0
5826,161,2024-11-05T00:00:00Z,General,,,,14,Member of Assembly,,404,State Assembly District,139,9,Void,,,30,County,Niagara,,false,1,,,0
5826,161,2024-11-05T00:00:00Z,General,,,,14,Member of Assembly,,404,State Assembly District,139,1,Total Votes,,,30,County,Niagara,,false,1,,,0
5826,161,2024-11-05T00:00:00Z,General,,,,14,Member of Assembly,,404,State Assembly District,139,429,Stephen M. Hawley,,,35,County,Orleans,,true,1,8,Republican,12435
5826,161,2024-11-05T00:00:00Z,General,,,,14,Member of Assembly,,404,State Assembly District,139,429,Stephen M. Hawley,,,35,County,Orleans,,true,1,9,Conservative,2040
5826,161,2024-11-05T00:00:00Z,General,,,,14,Member of Assembly,,404,State Assembly District,139,6,Scattering,,,35,County,Orleans,,false,1,,,28
5826,161,2024-11-05T00:00:00Z,General,,,,14,Member of Assembly,,404,State Assembly District,139,10,Blank,,,35,County,Orleans,,false,1,,,3798
5826,161,2024-11-05T00:00:00Z,General,,,,14,Member of Assembly,,404,State Assembly District,139,9,Void,,,35,County,Orleans,,false,1,,,0
5826,161,2024-11-05T00:00:00Z,General,,,,14,Member of Assembly,,404,State Assembly District,139,1,Total Votes,,,35,County,Orleans,,false,1,,,18301
5827,161,2024-11-05T00:00:00Z,General,,,,14,Member of Assembly,,405,State Assembly District,140,430,"William C. Conrad, III",,,445,County,Erie,,true,1,7,Democratic,30881
5827,161,2024-11-05T00:00:00Z,General,,,,14,Member of Assembly,,405,State Assembly District,140,430,"William C. Conrad, III",,,445,County,Erie,,true,1,10,Working Families,6704
5827,161,2024-11-05T00:00:00Z,General,,,,14,Member of Assembly,,405,State Assembly District,140,6,Scattering,,,445,County,Erie,,false,1,,,326
5827,161,2024-11-05T00:00:00Z,General,,,,14,Member of Assembly,,405,State Assembly District,140,10,Blank,,,445,County,Erie,,false,1,,,16873
5827,161,2024-11-05T00:00:00Z,General,,,,14,Member of Assembly,,405,State Assembly District,140,9,Void,,,445,County,Erie,,false,1,,,5
5827,161,2024-11-05T00:00:00Z,General,,,,14,Member of Assembly,,405,State Assembly District,140,1,Total Votes,,,445,County,Erie,,false,1,,,54789
5827,161,2024-11-05T00:00:00Z,General,,,,14,Member of Assembly,,405,State Assembly District,140,430,"William C. Conrad, III",,,30,County,Niagara,,true,1,7,Democratic,4822
5827,161,2024-11-05T00:00:00Z,General,,,,14,Member of Assembly,,405,State Assembly District,140,430,"William C. Conrad, III",,,30,County,Niagara,,true,1,10,Working Families,1581
5827,161,2024-11-05T00:00:00Z,General,,,,14,Member of Assembly,,405,State Assembly District,140,6,Scattering,,,30,County,Niagara,,false,1,,,28
5827,161,2024-11-05T00:00:00Z,General,,,,14,Member of Assembly,,405,State Assembly District,140,10,Blank,,,30,County,Niagara,,false,1,,,4254
5827,161,2024-11-05T00:00:00Z,General,,,,14,Member of Assembly,,405,State Assembly District,140,9,Void,,,30,County,Niagara,,false,1,,,0
5827,161,2024-11-05T00:00:00Z,General,,,,14,Member of Assembly,,405,State Assembly District,140,1,Total Votes,,,30,County,Niagara,,false,1,,,10685
5828,161,2024-11-05T00:00:00Z,General,,,,14,Member of Assembly,,406,State Assembly District,141,432,Crystal D. Peoples,,,445,County,Erie,,true,1,7,Democratic,35582
5828,161,2024-11-05T00:00:00Z,General,,,,14,Member of Assembly,,406,State Assembly District,141,6,Scattering,,,445,County,Erie,,false,1,,,287
5828,161,2024-11-05T00:00:00Z,General,,,,14,Member of Assembly,,406,State Assembly District,141,10,Blank,,,445,County,Erie,,false,1,,,7412
5828,161,2024-11-05T00:00:00Z,General,,,,14,Member of Assembly,,406,State Assembly District,141,9,Void,,,445,County,Erie,,false,1,,,13
5828,161,2024-11-05T00:00:00Z,General,,,,14,Member of Assembly,,406,State Assembly District,141,1,Total Votes,,,445,County,Erie,,false,1,,,43294
5829,161,2024-11-05T00:00:00Z,General,,,,14,Member of Assembly,,407,State Assembly District,142,9133,Patrick B. Burke,,,445,County,Erie,,true,1,7,Democratic,29192
5829,161,2024-11-05T00:00:00Z,General,,,,14,Member of Assembly,,407,State Assembly District,142,13594,Marc D. Priore,,,445,County,Erie,,false,1,8,Republican,23463
5829,161,2024-11-05T00:00:00Z,General,,,,14,Member of Assembly,,407,State Assembly District,142,13594,Marc D. Priore,,,445,County,Erie,,false,1,9,Conservative,4912
5829,161,2024-11-05T00:00:00Z,General,,,,14,Member of Assembly,,407,State Assembly District,142,6,Scattering,,,445,County,Erie,,false,1,,,83
5829,161,2024-11-05T00:00:00Z,General,,,,14,Member of Assembly,,407,State Assembly District,142,10,Blank,,,445,County,Erie,,false,1,,,4971
5829,161,2024-11-05T00:00:00Z,General,,,,14,Member of Assembly,,407,State Assembly District,142,9,Void,,,445,County,Erie,,false,1,,,38
5829,161,2024-11-05T00:00:00Z,General,,,,14,Member of Assembly,,407,State Assembly District,142,1,Total Votes,,,445,County,Erie,,false,1,,,62659
5830,161,2024-11-05T00:00:00Z,General,,,,14,Member of Assembly,,408,State Assembly District,143,13595,Patrick J. Chludzinski,,,445,County,Erie,,true,1,8,Republican,25802
5830,161,2024-11-05T00:00:00Z,General,,,,14,Member of Assembly,,408,State Assembly District,143,13595,Patrick J. Chludzinski,,,445,County,Erie,,true,1,9,Conservative,4607
5830,161,2024-11-05T00:00:00Z,General,,,,14,Member of Assembly,,408,State Assembly District,143,435,Monica Piga Wallace,,,445,County,Erie,,false,1,7,Democratic,26176
5830,161,2024-11-05T00:00:00Z,General,,,,14,Member of Assembly,,408,State Assembly District,143,435,Monica Piga Wallace,,,445,County,Erie,,false,1,10,Working Families,2032
5830,161,2024-11-05T00:00:00Z,General,,,,14,Member of Assembly,,408,State Assembly District,143,6,Scattering,,,445,County,Erie,,false,1,,,64
5830,161,2024-11-05T00:00:00Z,General,,,,14,Member of Assembly,,408,State Assembly District,143,10,Blank,,,445,County,Erie,,false,1,,,3059
5830,161,2024-11-05T00:00:00Z,General,,,,14,Member of Assembly,,408,State Assembly District,143,9,Void,,,445,County,Erie,,false,1,,,46
5830,161,2024-11-05T00:00:00Z,General,,,,14,Member of Assembly,,408,State Assembly District,143,1,Total Votes,,,445,County,Erie,,false,1,,,61786
5831,161,2024-11-05T00:00:00Z,General,,,,14,Member of Assembly,,409,State Assembly District,144,13597,Paul A. Bologna,,,445,County,Erie,,true,1,8,Republican,17706
5831,161,2024-11-05T00:00:00Z,General,,,,14,Member of Assembly,,409,State Assembly District,144,13597,Paul A. Bologna,,,445,County,Erie,,true,1,9,Conservative,3311
5831,161,2024-11-05T00:00:00Z,General,,,,14,Member of Assembly,,409,State Assembly District,144,13596,Michelle M. Roman,,,445,County,Erie,,false,1,7,Democratic,12344
5831,161,2024-11-05T00:00:00Z,General,,,,14,Member of Assembly,,409,State Assembly District,144,13596,Michelle M. Roman,,,445,County,Erie,,false,1,10,Working Families,783
5831,161,2024-11-05T00:00:00Z,General,,,,14,Member of Assembly,,409,State Assembly District,144,6,Scattering,,,445,County,Erie,,false,1,,,18
5831,161,2024-11-05T00:00:00Z,General,,,,14,Member of Assembly,,409,State Assembly District,144,10,Blank,,,445,County,Erie,,false,1,,,2321
5831,161,2024-11-05T00:00:00Z,General,,,,14,Member of Assembly,,409,State Assembly District,144,9,Void,,,445,County,Erie,,false,1,,,14
5831,161,2024-11-05T00:00:00Z,General,,,,14,Member of Assembly,,409,State Assembly District,144,1,Total Votes,,,445,County,Erie,,false,1,,,36497
5831,161,2024-11-05T00:00:00Z,General,,,,14,Member of Assembly,,409,State Assembly District,144,13597,Paul A. Bologna,,,30,County,Niagara,,true,1,8,Republican,19820
5831,161,2024-11-05T00:00:00Z,General,,,,14,Member of Assembly,,409,State Assembly District,144,13597,Paul A. Bologna,,,30,County,Niagara,,true,1,9,Conservative,3513
5831,161,2024-11-05T00:00:00Z,General,,,,14,Member of Assembly,,409,State Assembly District,144,13596,Michelle M. Roman,,,30,County,Niagara,,false,1,7,Democratic,12865
5831,161,2024-11-05T00:00:00Z,General,,,,14,Member of Assembly,,409,State Assembly District,144,13596,Michelle M. Roman,,,30,County,Niagara,,false,1,10,Working Families,1410
5831,161,2024-11-05T00:00:00Z,General,,,,14,Member of Assembly,,409,State Assembly District,144,6,Scattering,,,30,County,Niagara,,false,1,,,17
5831,161,2024-11-05T00:00:00Z,General,,,,14,Member of Assembly,,409,State Assembly District,144,10,Blank,,,30,County,Niagara,,false,1,,,2260
5831,161,2024-11-05T00:00:00Z,General,,,,14,Member of Assembly,,409,State Assembly District,144,9,Void,,,30,County,Niagara,,false,1,,,12
5831,161,2024-11-05T00:00:00Z,General,,,,14,Member of Assembly,,409,State Assembly District,144,1,Total Votes,,,30,County,Niagara,,false,1,,,39897
5832,161,2024-11-05T00:00:00Z,General,,,,14,Member of Assembly,,410,State Assembly District,145,439,Angelo J. Morinello,,,445,County,Erie,,true,1,8,Republican,6388
5832,161,2024-11-05T00:00:00Z,General,,,,14,Member of Assembly,,410,State Assembly District,145,439,Angelo J. Morinello,,,445,County,Erie,,true,1,9,Conservative,1169
5832,161,2024-11-05T00:00:00Z,General,,,,14,Member of Assembly,,410,State Assembly District,145,13598,Jeffrey Elder,,,445,County,Erie,,false,1,7,Democratic,4308
5832,161,2024-11-05T00:00:00Z,General,,,,14,Member of Assembly,,410,State Assembly District,145,13598,Jeffrey Elder,,,445,County,Erie,,false,1,10,Working Families,379
5832,161,2024-11-05T00:00:00Z,General,,,,14,Member of Assembly,,410,State Assembly District,145,6,Scattering,,,445,County,Erie,,false,1,,,4
5832,161,2024-11-05T00:00:00Z,General,,,,14,Member of Assembly,,410,State Assembly District,145,10,Blank,,,445,County,Erie,,false,1,,,831
5832,161,2024-11-05T00:00:00Z,General,,,,14,Member of Assembly,,410,State Assembly District,145,9,Void,,,445,County,Erie,,false,1,,,2
5832,161,2024-11-05T00:00:00Z,General,,,,14,Member of Assembly,,410,State Assembly District,145,1,Total Votes,,,445,County,Erie,,false,1,,,13081
5832,161,2024-11-05T00:00:00Z,General,,,,14,Member of Assembly,,410,State Assembly District,145,439,Angelo J. Morinello,,,30,County,Niagara,,true,1,8,Republican,26023
5832,161,2024-11-05T00:00:00Z,General,,,,14,Member of Assembly,,410,State Assembly District,145,439,Angelo J. Morinello,,,30,County,Niagara,,true,1,9,Conservative,4087
5832,161,2024-11-05T00:00:00Z,General,,,,14,Member of Assembly,,410,State Assembly District,145,13598,Jeffrey Elder,,,30,County,Niagara,,false,1,7,Democratic,17693
5832,161,2024-11-05T00:00:00Z,General,,,,14,Member of Assembly,,410,State Assembly District,145,13598,Jeffrey Elder,,,30,County,Niagara,,false,1,10,Working Families,1394
5832,161,2024-11-05T00:00:00Z,General,,,,14,Member of Assembly,,410,State Assembly District,145,6,Scattering,,,30,County,Niagara,,false,1,,,18
5832,161,2024-11-05T00:00:00Z,General,,,,14,Member of Assembly,,410,State Assembly District,145,10,Blank,,,30,County,Niagara,,false,1,,,3398
5832,161,2024-11-05T00:00:00Z,General,,,,14,Member of Assembly,,410,State Assembly District,145,9,Void,,,30,County,Niagara,,false,1,,,31
5832,161,2024-11-05T00:00:00Z,General,,,,14,Member of Assembly,,410,State Assembly District,145,1,Total Votes,,,30,County,Niagara,,false,1,,,52644
5833,161,2024-11-05T00:00:00Z,General,,,,14,Member of Assembly,,411,State Assembly District,146,440,Karen M. McMahon,,,445,County,Erie,,true,1,7,Democratic,34720
5833,161,2024-11-05T00:00:00Z,General,,,,14,Member of Assembly,,411,State Assembly District,146,440,Karen M. McMahon,,,445,County,Erie,,true,1,10,Working Families,2650
5833,161,2024-11-05T00:00:00Z,General,,,,14,Member of Assembly,,411,State Assembly District,146,13599,Deborah L. Kilbourn,,,445,County,Erie,,false,1,8,Republican,21055
5833,161,2024-11-05T00:00:00Z,General,,,,14,Member of Assembly,,411,State Assembly District,146,13599,Deborah L. Kilbourn,,,445,County,Erie,,false,1,9,Conservative,3826
5833,161,2024-11-05T00:00:00Z,General,,,,14,Member of Assembly,,411,State Assembly District,146,6,Scattering,,,445,County,Erie,,false,1,,,60
5833,161,2024-11-05T00:00:00Z,General,,,,14,Member of Assembly,,411,State Assembly District,146,10,Blank,,,445,County,Erie,,false,1,,,3529
5833,161,2024-11-05T00:00:00Z,General,,,,14,Member of Assembly,,411,State Assembly District,146,9,Void,,,445,County,Erie,,false,1,,,24
5833,161,2024-11-05T00:00:00Z,General,,,,14,Member of Assembly,,411,State Assembly District,146,1,Total Votes,,,445,County,Erie,,false,1,,,65864
5834,161,2024-11-05T00:00:00Z,General,,,,14,Member of Assembly,,412,State Assembly District,147,442,David J. DiPietro,,,445,County,Erie,,true,1,8,Republican,33718
5834,161,2024-11-05T00:00:00Z,General,,,,14,Member of Assembly,,412,State Assembly District,147,442,David J. DiPietro,,,445,County,Erie,,true,1,9,Conservative,7088
5834,161,2024-11-05T00:00:00Z,General,,,,14,Member of Assembly,,412,State Assembly District,147,13600,Darci B. Cramer,,,445,County,Erie,,false,1,7,Democratic,21431
5834,161,2024-11-05T00:00:00Z,General,,,,14,Member of Assembly,,412,State Assembly District,147,6,Scattering,,,445,County,Erie,,false,1,,,45
5834,161,2024-11-05T00:00:00Z,General,,,,14,Member of Assembly,,412,State Assembly District,147,10,Blank,,,445,County,Erie,,false,1,,,4207
5834,161,2024-11-05T00:00:00Z,General,,,,14,Member of Assembly,,412,State Assembly District,147,9,Void,,,445,County,Erie,,false,1,,,13
5834,161,2024-11-05T00:00:00Z,General,,,,14,Member of Assembly,,412,State Assembly District,147,1,Total Votes,,,445,County,Erie,,false,1,,,66502
5834,161,2024-11-05T00:00:00Z,General,,,,14,Member of Assembly,,412,State Assembly District,147,442,David J. DiPietro,,,57,County,Wyoming,,true,1,8,Republican,10134
5834,161,2024-11-05T00:00:00Z,General,,,,14,Member of Assembly,,412,State Assembly District,147,442,David J. DiPietro,,,57,County,Wyoming,,true,1,9,Conservative,1307
5834,161,2024-11-05T00:00:00Z,General,,,,14,Member of Assembly,,412,State Assembly District,147,13600,Darci B. Cramer,,,57,County,Wyoming,,false,1,7,Democratic,3124
5834,161,2024-11-05T00:00:00Z,General,,,,14,Member of Assembly,,412,State Assembly District,147,6,Scattering,,,57,County,Wyoming,,false,1,,,4
5834,161,2024-11-05T00:00:00Z,General,,,,14,Member of Assembly,,412,State Assembly District,147,10,Blank,,,57,County,Wyoming,,false,1,,,816
5834,161,2024-11-05T00:00:00Z,General,,,,14,Member of Assembly,,412,State Assembly District,147,9,Void,,,57,County,Wyoming,,false,1,,,19
5834,161,2024-11-05T00:00:00Z,General,,,,14,Member of Assembly,,412,State Assembly District,147,1,Total Votes,,,57,County,Wyoming,,false,1,,,15404
5835,161,2024-11-05T00:00:00Z,General,,,,14,Member of Assembly,,413,State Assembly District,148,556,Joseph Sempolinski,,,3,County,Allegany,,true,1,8,Republican,12815
5835,161,2024-11-05T00:00:00Z,General,,,,14,Member of Assembly,,413,State Assembly District,148,556,Joseph Sempolinski,,,3,County,Allegany,,true,1,9,Conservative,1466
5835,161,2024-11-05T00:00:00Z,General,,,,14,Member of Assembly,,413,State Assembly District,148,175,Daniel J. Brown,,,3,County,Allegany,,false,1,7,Democratic,4987
5835,161,2024-11-05T00:00:00Z,General,,,,14,Member of Assembly,,413,State Assembly District,148,12934,Blank Enrollment,,,3,County,Allegany,,false,1,,,1311
5835,161,2024-11-05T00:00:00Z,General,,,,14,Member of Assembly,,413,State Assembly District,148,6,Scattering,,,3,County,Allegany,,false,1,,,9
5835,161,2024-11-05T00:00:00Z,General,,,,14,Member of Assembly,,413,State Assembly District,148,9,Void,,,3,County,Allegany,,false,1,,,0
5835,161,2024-11-05T00:00:00Z,General,,,,14,Member of Assembly,,413,State Assembly District,148,1,Total Votes,,,3,County,Allegany,,false,1,,,20588
5835,161,2024-11-05T00:00:00Z,General,,,,14,Member of Assembly,,413,State Assembly District,148,556,Joseph Sempolinski,,,5,County,Cattaraugus,,true,1,8,Republican,19117
5835,161,2024-11-05T00:00:00Z,General,,,,14,Member of Assembly,,413,State Assembly District,148,556,Joseph Sempolinski,,,5,County,Cattaraugus,,true,1,9,Conservative,2424
5835,161,2024-11-05T00:00:00Z,General,,,,14,Member of Assembly,,413,State Assembly District,148,175,Daniel J. Brown,,,5,County,Cattaraugus,,false,1,7,Democratic,10337
5835,161,2024-11-05T00:00:00Z,General,,,,14,Member of Assembly,,413,State Assembly District,148,12934,Blank Enrollment,,,5,County,Cattaraugus,,false,1,,,2586
5835,161,2024-11-05T00:00:00Z,General,,,,14,Member of Assembly,,413,State Assembly District,148,6,Scattering,,,5,County,Cattaraugus,,false,1,,,2
5835,161,2024-11-05T00:00:00Z,General,,,,14,Member of Assembly,,413,State Assembly District,148,9,Void,,,5,County,Cattaraugus,,false,1,,,13
5835,161,2024-11-05T00:00:00Z,General,,,,14,Member of Assembly,,413,State Assembly District,148,1,Total Votes,,,5,County,Cattaraugus,,false,1,,,34479
5835,161,2024-11-05T00:00:00Z,General,,,,14,Member of Assembly,,413,State Assembly District,148,556,Joseph Sempolinski,,,445,County,Erie,,false,1,8,Republican,0
5835,161,2024-11-05T00:00:00Z,General,,,,14,Member of Assembly,,413,State Assembly District,148,556,Joseph Sempolinski,,,445,County,Erie,,false,1,9,Conservative,0
5835,161,2024-11-05T00:00:00Z,General,,,,14,Member of Assembly,,413,State Assembly District,148,175,Daniel J. Brown,,,445,County,Erie,,false,1,7,Democratic,0
5835,161,2024-11-05T00:00:00Z,General,,,,14,Member of Assembly,,413,State Assembly District,148,12934,Blank Enrollment,,,445,County,Erie,,false,1,,,0
5835,161,2024-11-05T00:00:00Z,General,,,,14,Member of Assembly,,413,State Assembly District,148,6,Scattering,,,445,County,Erie,,false,1,,,0
5835,161,2024-11-05T00:00:00Z,General,,,,14,Member of Assembly,,413,State Assembly District,148,9,Void,,,445,County,Erie,,false,1,,,0
5835,161,2024-11-05T00:00:00Z,General,,,,14,Member of Assembly,,413,State Assembly District,148,1,Total Votes,,,445,County,Erie,,false,1,,,0
5835,161,2024-11-05T00:00:00Z,General,,,,14,Member of Assembly,,413,State Assembly District,148,556,Joseph Sempolinski,,,47,County,Steuben,,true,1,8,Republican,2496
5835,161,2024-11-05T00:00:00Z,General,,,,14,Member of Assembly,,413,State Assembly District,148,556,Joseph Sempolinski,,,47,County,Steuben,,true,1,9,Conservative,218
5835,161,2024-11-05T00:00:00Z,General,,,,14,Member of Assembly,,413,State Assembly District,148,175,Daniel J. Brown,,,47,County,Steuben,,false,1,7,Democratic,569
5835,161,2024-11-05T00:00:00Z,General,,,,14,Member of Assembly,,413,State Assembly District,148,12934,Blank Enrollment,,,47,County,Steuben,,false,1,,,177
5835,161,2024-11-05T00:00:00Z,General,,,,14,Member of Assembly,,413,State Assembly District,148,6,Scattering,,,47,County,Steuben,,false,1,,,3
5835,161,2024-11-05T00:00:00Z,General,,,,14,Member of Assembly,,413,State Assembly District,148,9,Void,,,47,County,Steuben,,false,1,,,2
5835,161,2024-11-05T00:00:00Z,General,,,,14,Member of Assembly,,413,State Assembly District,148,1,Total Votes,,,47,County,Steuben,,false,1,,,3465
5836,161,2024-11-05T00:00:00Z,General,,,,14,Member of Assembly,,414,State Assembly District,149,444,Jonathan D. Rivera,,,445,County,Erie,,true,1,7,Democratic,30507
5836,161,2024-11-05T00:00:00Z,General,,,,14,Member of Assembly,,414,State Assembly District,149,444,Jonathan D. Rivera,,,445,County,Erie,,true,1,10,Working Families,7584
5836,161,2024-11-05T00:00:00Z,General,,,,14,Member of Assembly,,414,State Assembly District,149,6,Scattering,,,445,County,Erie,,false,1,,,449
5836,161,2024-11-05T00:00:00Z,General,,,,14,Member of Assembly,,414,State Assembly District,149,10,Blank,,,445,County,Erie,,false,1,,,18409
5836,161,2024-11-05T00:00:00Z,General,,,,14,Member of Assembly,,414,State Assembly District,149,9,Void,,,445,County,Erie,,false,1,,,5
5836,161,2024-11-05T00:00:00Z,General,,,,14,Member of Assembly,,414,State Assembly District,149,1,Total Votes,,,445,County,Erie,,false,1,,,56954
5837,161,2024-11-05T00:00:00Z,General,,,,14,Member of Assembly,,415,State Assembly District,150,13602,Andrew M. Molitor,,,7,County,Chautauqua,,true,1,8,Republican,29720
5837,161,2024-11-05T00:00:00Z,General,,,,14,Member of Assembly,,415,State Assembly District,150,13602,Andrew M. Molitor,,,7,County,Chautauqua,,true,1,9,Conservative,4505
5837,161,2024-11-05T00:00:00Z,General,,,,14,Member of Assembly,,415,State Assembly District,150,13601,Mike Bobseine,,,7,County,Chautauqua,,false,1,7,Democratic,18211
5837,161,2024-11-05T00:00:00Z,General,,,,14,Member of Assembly,,415,State Assembly District,150,13601,Mike Bobseine,,,7,County,Chautauqua,,false,1,10,Working Families,1633
5837,161,2024-11-05T00:00:00Z,General,,,,14,Member of Assembly,,415,State Assembly District,150,13601,Mike Bobseine,,,7,County,Chautauqua,,false,1,313,Restore Freedom,167
5837,161,2024-11-05T00:00:00Z,General,,,,14,Member of Assembly,,415,State Assembly District,150,6,Scattering,,,7,County,Chautauqua,,false,1,,,25
5837,161,2024-11-05T00:00:00Z,General,,,,14,Member of Assembly,,415,State Assembly District,150,10,Blank,,,7,County,Chautauqua,,false,1,,,3107
5837,161,2024-11-05T00:00:00Z,General,,,,14,Member of Assembly,,415,State Assembly District,150,9,Void,,,7,County,Chautauqua,,false,1,,,42
5837,161,2024-11-05T00:00:00Z,General,,,,14,Member of Assembly,,415,State Assembly District,150,1,Total Votes,,,7,County,Chautauqua,,false,1,,,57410
5837,161,2024-11-05T00:00:00Z,General,,,,14,Member of Assembly,,415,State Assembly District,150,13602,Andrew M. Molitor,,,445,County,Erie,,false,1,8,Republican,63
5837,161,2024-11-05T00:00:00Z,General,,,,14,Member of Assembly,,415,State Assembly District,150,13602,Andrew M. Molitor,,,445,County,Erie,,false,1,9,Conservative,9
5837,161,2024-11-05T00:00:00Z,General,,,,14,Member of Assembly,,415,State Assembly District,150,13601,Mike Bobseine,,,445,County,Erie,,true,1,7,Democratic,225
5837,161,2024-11-05T00:00:00Z,General,,,,14,Member of Assembly,,415,State Assembly District,150,13601,Mike Bobseine,,,445,County,Erie,,true,1,10,Working Families,28
5837,161,2024-11-05T00:00:00Z,General,,,,14,Member of Assembly,,415,State Assembly District,150,13601,Mike Bobseine,,,445,County,Erie,,true,1,313,Restore Freedom,0
5837,161,2024-11-05T00:00:00Z,General,,,,14,Member of Assembly,,415,State Assembly District,150,6,Scattering,,,445,County,Erie,,false,1,,,0
5837,161,2024-11-05T00:00:00Z,General,,,,14,Member of Assembly,,415,State Assembly District,150,10,Blank,,,445,County,Erie,,false,1,,,37
5837,161,2024-11-05T00:00:00Z,General,,,,14,Member of Assembly,,415,State Assembly District,150,9,Void,,,445,County,Erie,,false,1,,,0
5837,161,2024-11-05T00:00:00Z,General,,,,14,Member of Assembly,,415,State Assembly District,150,1,Total Votes,,,445,County,Erie,,false,1,,,362
5838,161,2024-11-05T00:00:00Z,General,,Proposition 1,Amendment to Protect Against Unequal Treatment,,,,1,State,New York,12934,Blank Enrollment,,,2,County,Albany,,false,1,,,7175
5838,161,2024-11-05T00:00:00Z,General,,Proposition 1,Amendment to Protect Against Unequal Treatment,,,,1,State,New York,7,Yes,,,2,County,Albany,,true,1,,,92489
5838,161,2024-11-05T00:00:00Z,General,,Proposition 1,Amendment to Protect Against Unequal Treatment,,,,1,State,New York,8,No,,,2,County,Albany,,false,1,,,51167
5838,161,2024-11-05T00:00:00Z,General,,Proposition 1,Amendment to Protect Against Unequal Treatment,,,,1,State,New York,9,Void,,,2,County,Albany,,false,1,,,41
5838,161,2024-11-05T00:00:00Z,General,,Proposition 1,Amendment to Protect Against Unequal Treatment,,,,1,State,New York,1,Total Votes,,,2,County,Albany,,false,1,,,150872
5838,161,2024-11-05T00:00:00Z,General,,Proposition 1,Amendment to Protect Against Unequal Treatment,,,,1,State,New York,12934,Blank Enrollment,,,3,County,Allegany,,false,1,,,1195
5838,161,2024-11-05T00:00:00Z,General,,Proposition 1,Amendment to Protect Against Unequal Treatment,,,,1,State,New York,7,Yes,,,3,County,Allegany,,false,1,,,7046
5838,161,2024-11-05T00:00:00Z,General,,Proposition 1,Amendment to Protect Against Unequal Treatment,,,,1,State,New York,8,No,,,3,County,Allegany,,true,1,,,12347
5838,161,2024-11-05T00:00:00Z,General,,Proposition 1,Amendment to Protect Against Unequal Treatment,,,,1,State,New York,9,Void,,,3,County,Allegany,,false,1,,,0
5838,161,2024-11-05T00:00:00Z,General,,Proposition 1,Amendment to Protect Against Unequal Treatment,,,,1,State,New York,1,Total Votes,,,3,County,Allegany,,false,1,,,20588
5838,161,2024-11-05T00:00:00Z,General,,Proposition 1,Amendment to Protect Against Unequal Treatment,,,,1,State,New York,12934,Blank Enrollment,,,431,County,Bronx,,false,1,,,46072
5838,161,2024-11-05T00:00:00Z,General,,Proposition 1,Amendment to Protect Against Unequal Treatment,,,,1,State,New York,7,Yes,,,431,County,Bronx,,true,1,,,266970
5838,161,2024-11-05T00:00:00Z,General,,Proposition 1,Amendment to Protect Against Unequal Treatment,,,,1,State,New York,8,No,,,431,County,Bronx,,false,1,,,53487
5838,161,2024-11-05T00:00:00Z,General,,Proposition 1,Amendment to Protect Against Unequal Treatment,,,,1,State,New York,9,Void,,,431,County,Bronx,,false,1,,,817
5838,161,2024-11-05T00:00:00Z,General,,Proposition 1,Amendment to Protect Against Unequal Treatment,,,,1,State,New York,1,Total Votes,,,431,County,Bronx,,false,1,,,367346
5838,161,2024-11-05T00:00:00Z,General,,Proposition 1,Amendment to Protect Against Unequal Treatment,,,,1,State,New York,12934,Blank Enrollment,,,4,County,Broome,,false,1,,,6455
5838,161,2024-11-05T00:00:00Z,General,,Proposition 1,Amendment to Protect Against Unequal Treatment,,,,1,State,New York,7,Yes,,,4,County,Broome,,true,1,,,48041
5838,161,2024-11-05T00:00:00Z,General,,Proposition 1,Amendment to Protect Against Unequal Treatment,,,,1,State,New York,8,No,,,4,County,Broome,,false,1,,,37073
5838,161,2024-11-05T00:00:00Z,General,,Proposition 1,Amendment to Protect Against Unequal Treatment,,,,1,State,New York,9,Void,,,4,County,Broome,,false,1,,,38
5838,161,2024-11-05T00:00:00Z,General,,Proposition 1,Amendment to Protect Against Unequal Treatment,,,,1,State,New York,1,Total Votes,,,4,County,Broome,,false,1,,,91607
5838,161,2024-11-05T00:00:00Z,General,,Proposition 1,Amendment to Protect Against Unequal Treatment,,,,1,State,New York,12934,Blank Enrollment,,,5,County,Cattaraugus,,false,1,,,2605
5838,161,2024-11-05T00:00:00Z,General,,Proposition 1,Amendment to Protect Against Unequal Treatment,,,,1,State,New York,7,Yes,,,5,County,Cattaraugus,,false,1,,,12920
5838,161,2024-11-05T00:00:00Z,General,,Proposition 1,Amendment to Protect Against Unequal Treatment,,,,1,State,New York,8,No,,,5,County,Cattaraugus,,true,1,,,18944
5838,161,2024-11-05T00:00:00Z,General,,Proposition 1,Amendment to Protect Against Unequal Treatment,,,,1,State,New York,9,Void,,,5,County,Cattaraugus,,false,1,,,10
5838,161,2024-11-05T00:00:00Z,General,,Proposition 1,Amendment to Protect Against Unequal Treatment,,,,1,State,New York,1,Total Votes,,,5,County,Cattaraugus,,false,1,,,34479
5838,161,2024-11-05T00:00:00Z,General,,Proposition 1,Amendment to Protect Against Unequal Treatment,,,,1,State,New York,12934,Blank Enrollment,,,6,County,Cayuga,,false,1,,,1378
5838,161,2024-11-05T00:00:00Z,General,,Proposition 1,Amendment to Protect Against Unequal Treatment,,,,1,State,New York,7,Yes,,,6,County,Cayuga,,false,1,,,17489
5838,161,2024-11-05T00:00:00Z,General,,Proposition 1,Amendment to Protect Against Unequal Treatment,,,,1,State,New York,8,No,,,6,County,Cayuga,,true,1,,,17873
5838,161,2024-11-05T00:00:00Z,General,,Proposition 1,Amendment to Protect Against Unequal Treatment,,,,1,State,New York,9,Void,,,6,County,Cayuga,,false,1,,,5
5838,161,2024-11-05T00:00:00Z,General,,Proposition 1,Amendment to Protect Against Unequal Treatment,,,,1,State,New York,1,Total Votes,,,6,County,Cayuga,,false,1,,,36745
5838,161,2024-11-05T00:00:00Z,General,,Proposition 1,Amendment to Protect Against Unequal Treatment,,,,1,State,New York,12934,Blank Enrollment,,,7,County,Chautauqua,,false,1,,,2317
5838,161,2024-11-05T00:00:00Z,General,,Proposition 1,Amendment to Protect Against Unequal Treatment,,,,1,State,New York,7,Yes,,,7,County,Chautauqua,,false,1,,,24156
5838,161,2024-11-05T00:00:00Z,General,,Proposition 1,Amendment to Protect Against Unequal Treatment,,,,1,State,New York,8,No,,,7,County,Chautauqua,,true,1,,,30922
5838,161,2024-11-05T00:00:00Z,General,,Proposition 1,Amendment to Protect Against Unequal Treatment,,,,1,State,New York,9,Void,,,7,County,Chautauqua,,false,1,,,15
5838,161,2024-11-05T00:00:00Z,General,,Proposition 1,Amendment to Protect Against Unequal Treatment,,,,1,State,New York,1,Total Votes,,,7,County,Chautauqua,,false,1,,,57410
5838,161,2024-11-05T00:00:00Z,General,,Proposition 1,Amendment to Protect Against Unequal Treatment,,,,1,State,New York,12934,Blank Enrollment,,,8,County,Chemung,,false,1,,,2229
5838,161,2024-11-05T00:00:00Z,General,,Proposition 1,Amendment to Protect Against Unequal Treatment,,,,1,State,New York,7,Yes,,,8,County,Chemung,,true,1,,,18648
5838,161,2024-11-05T00:00:00Z,General,,Proposition 1,Amendment to Protect Against Unequal Treatment,,,,1,State,New York,8,No,,,8,County,Chemung,,false,1,,,17039
5838,161,2024-11-05T00:00:00Z,General,,Proposition 1,Amendment to Protect Against Unequal Treatment,,,,1,State,New York,9,Void,,,8,County,Chemung,,false,1,,,8
5838,161,2024-11-05T00:00:00Z,General,,Proposition 1,Amendment to Protect Against Unequal Treatment,,,,1,State,New York,1,Total Votes,,,8,County,Chemung,,false,1,,,37924
5838,161,2024-11-05T00:00:00Z,General,,Proposition 1,Amendment to Protect Against Unequal Treatment,,,,1,State,New York,12934,Blank Enrollment,,,9,County,Chenango,,false,1,,,2523
5838,161,2024-11-05T00:00:00Z,General,,Proposition 1,Amendment to Protect Against Unequal Treatment,,,,1,State,New York,7,Yes,,,9,County,Chenango,,false,1,,,8789
5838,161,2024-11-05T00:00:00Z,General,,Proposition 1,Amendment to Protect Against Unequal Treatment,,,,1,State,New York,8,No,,,9,County,Chenango,,true,1,,,11417
5838,161,2024-11-05T00:00:00Z,General,,Proposition 1,Amendment to Protect Against Unequal Treatment,,,,1,State,New York,9,Void,,,9,County,Chenango,,false,1,,,10
5838,161,2024-11-05T00:00:00Z,General,,Proposition 1,Amendment to Protect Against Unequal Treatment,,,,1,State,New York,1,Total Votes,,,9,County,Chenango,,false,1,,,22739
5838,161,2024-11-05T00:00:00Z,General,,Proposition 1,Amendment to Protect Against Unequal Treatment,,,,1,State,New York,12934,Blank Enrollment,,,10,County,Clinton,,false,1,,,1633
5838,161,2024-11-05T00:00:00Z,General,,Proposition 1,Amendment to Protect Against Unequal Treatment,,,,1,State,New York,7,Yes,,,10,County,Clinton,,true,1,,,20289
5838,161,2024-11-05T00:00:00Z,General,,Proposition 1,Amendment to Protect Against Unequal Treatment,,,,1,State,New York,8,No,,,10,County,Clinton,,false,1,,,14310
5838,161,2024-11-05T00:00:00Z,General,,Proposition 1,Amendment to Protect Against Unequal Treatment,,,,1,State,New York,9,Void,,,10,County,Clinton,,false,1,,,6
5838,161,2024-11-05T00:00:00Z,General,,Proposition 1,Amendment to Protect Against Unequal Treatment,,,,1,State,New York,1,Total Votes,,,10,County,Clinton,,false,1,,,36238
5838,161,2024-11-05T00:00:00Z,General,,Proposition 1,Amendment to Protect Against Unequal Treatment,,,,1,State,New York,12934,Blank Enrollment,,,11,County,Columbia,,false,1,,,1366
5838,161,2024-11-05T00:00:00Z,General,,Proposition 1,Amendment to Protect Against Unequal Treatment,,,,1,State,New York,7,Yes,,,11,County,Columbia,,true,1,,,21109
5838,161,2024-11-05T00:00:00Z,General,,Proposition 1,Amendment to Protect Against Unequal Treatment,,,,1,State,New York,8,No,,,11,County,Columbia,,false,1,,,13704
5838,161,2024-11-05T00:00:00Z,General,,Proposition 1,Amendment to Protect Against Unequal Treatment,,,,1,State,New York,9,Void,,,11,County,Columbia,,false,1,,,1
5838,161,2024-11-05T00:00:00Z,General,,Proposition 1,Amendment to Protect Against Unequal Treatment,,,,1,State,New York,1,Total Votes,,,11,County,Columbia,,false,1,,,36180
5838,161,2024-11-05T00:00:00Z,General,,Proposition 1,Amendment to Protect Against Unequal Treatment,,,,1,State,New York,12934,Blank Enrollment,,,12,County,Cortland,,false,1,,,1351
5838,161,2024-11-05T00:00:00Z,General,,Proposition 1,Amendment to Protect Against Unequal Treatment,,,,1,State,New York,7,Yes,,,12,County,Cortland,,true,1,,,11038
5838,161,2024-11-05T00:00:00Z,General,,Proposition 1,Amendment to Protect Against Unequal Treatment,,,,1,State,New York,8,No,,,12,County,Cortland,,false,1,,,9941
5838,161,2024-11-05T00:00:00Z,General,,Proposition 1,Amendment to Protect Against Unequal Treatment,,,,1,State,New York,9,Void,,,12,County,Cortland,,false,1,,,0
5838,161,2024-11-05T00:00:00Z,General,,Proposition 1,Amendment to Protect Against Unequal Treatment,,,,1,State,New York,1,Total Votes,,,12,County,Cortland,,false,1,,,22330
5838,161,2024-11-05T00:00:00Z,General,,Proposition 1,Amendment to Protect Against Unequal Treatment,,,,1,State,New York,12934,Blank Enrollment,,,13,County,Delaware,,false,1,,,1255
5838,161,2024-11-05T00:00:00Z,General,,Proposition 1,Amendment to Protect Against Unequal Treatment,,,,1,State,New York,7,Yes,,,13,County,Delaware,,false,1,,,10420
5838,161,2024-11-05T00:00:00Z,General,,Proposition 1,Amendment to Protect Against Unequal Treatment,,,,1,State,New York,8,No,,,13,County,Delaware,,true,1,,,11724
5838,161,2024-11-05T00:00:00Z,General,,Proposition 1,Amendment to Protect Against Unequal Treatment,,,,1,State,New York,9,Void,,,13,County,Delaware,,false,1,,,2
5838,161,2024-11-05T00:00:00Z,General,,Proposition 1,Amendment to Protect Against Unequal Treatment,,,,1,State,New York,1,Total Votes,,,13,County,Delaware,,false,1,,,23401
5838,161,2024-11-05T00:00:00Z,General,,Proposition 1,Amendment to Protect Against Unequal Treatment,,,,1,State,New York,12934,Blank Enrollment,,,14,County,Dutchess,,false,1,,,7361
5838,161,2024-11-05T00:00:00Z,General,,Proposition 1,Amendment to Protect Against Unequal Treatment,,,,1,State,New York,7,Yes,,,14,County,Dutchess,,true,1,,,84497
5838,161,2024-11-05T00:00:00Z,General,,Proposition 1,Amendment to Protect Against Unequal Treatment,,,,1,State,New York,8,No,,,14,County,Dutchess,,false,1,,,62143
5838,161,2024-11-05T00:00:00Z,General,,Proposition 1,Amendment to Protect Against Unequal Treatment,,,,1,State,New York,9,Void,,,14,County,Dutchess,,false,1,,,37
5838,161,2024-11-05T00:00:00Z,General,,Proposition 1,Amendment to Protect Against Unequal Treatment,,,,1,State,New York,1,Total Votes,,,14,County,Dutchess,,false,1,,,154038
5838,161,2024-11-05T00:00:00Z,General,,Proposition 1,Amendment to Protect Against Unequal Treatment,,,,1,State,New York,12934,Blank Enrollment,,,445,County,Erie,,false,1,,,34341
5838,161,2024-11-05T00:00:00Z,General,,Proposition 1,Amendment to Protect Against Unequal Treatment,,,,1,State,New York,7,Yes,,,445,County,Erie,,true,1,,,241010
5838,161,2024-11-05T00:00:00Z,General,,Proposition 1,Amendment to Protect Against Unequal Treatment,,,,1,State,New York,8,No,,,445,County,Erie,,false,1,,,186248
5838,161,2024-11-05T00:00:00Z,General,,Proposition 1,Amendment to Protect Against Unequal Treatment,,,,1,State,New York,9,Void,,,445,County,Erie,,false,1,,,189
5838,161,2024-11-05T00:00:00Z,General,,Proposition 1,Amendment to Protect Against Unequal Treatment,,,,1,State,New York,1,Total Votes,,,445,County,Erie,,false,1,,,461788
5838,161,2024-11-05T00:00:00Z,General,,Proposition 1,Amendment to Protect Against Unequal Treatment,,,,1,State,New York,12934,Blank Enrollment,,,438,County,Essex,,false,1,,,1194
5838,161,2024-11-05T00:00:00Z,General,,Proposition 1,Amendment to Protect Against Unequal Treatment,,,,1,State,New York,7,Yes,,,438,County,Essex,,true,1,,,9886
5838,161,2024-11-05T00:00:00Z,General,,Proposition 1,Amendment to Protect Against Unequal Treatment,,,,1,State,New York,8,No,,,438,County,Essex,,false,1,,,8446
5838,161,2024-11-05T00:00:00Z,General,,Proposition 1,Amendment to Protect Against Unequal Treatment,,,,1,State,New York,9,Void,,,438,County,Essex,,false,1,,,3
5838,161,2024-11-05T00:00:00Z,General,,Proposition 1,Amendment to Protect Against Unequal Treatment,,,,1,State,New York,1,Total Votes,,,438,County,Essex,,false,1,,,19529
5838,161,2024-11-05T00:00:00Z,General,,Proposition 1,Amendment to Protect Against Unequal Treatment,,,,1,State,New York,12934,Blank Enrollment,,,17,County,Franklin,,false,1,,,1313
5838,161,2024-11-05T00:00:00Z,General,,Proposition 1,Amendment to Protect Against Unequal Treatment,,,,1,State,New York,7,Yes,,,17,County,Franklin,,true,1,,,9417
5838,161,2024-11-05T00:00:00Z,General,,Proposition 1,Amendment to Protect Against Unequal Treatment,,,,1,State,New York,8,No,,,17,County,Franklin,,false,1,,,8853
5838,161,2024-11-05T00:00:00Z,General,,Proposition 1,Amendment to Protect Against Unequal Treatment,,,,1,State,New York,9,Void,,,17,County,Franklin,,false,1,,,7
5838,161,2024-11-05T00:00:00Z,General,,Proposition 1,Amendment to Protect Against Unequal Treatment,,,,1,State,New York,1,Total Votes,,,17,County,Franklin,,false,1,,,19590
5838,161,2024-11-05T00:00:00Z,General,,Proposition 1,Amendment to Protect Against Unequal Treatment,,,,1,State,New York,12934,Blank Enrollment,,,18,County,Fulton,,false,1,,,1544
5838,161,2024-11-05T00:00:00Z,General,,Proposition 1,Amendment to Protect Against Unequal Treatment,,,,1,State,New York,7,Yes,,,18,County,Fulton,,false,1,,,9157
5838,161,2024-11-05T00:00:00Z,General,,Proposition 1,Amendment to Protect Against Unequal Treatment,,,,1,State,New York,8,No,,,18,County,Fulton,,true,1,,,13455
5838,161,2024-11-05T00:00:00Z,General,,Proposition 1,Amendment to Protect Against Unequal Treatment,,,,1,State,New York,9,Void,,,18,County,Fulton,,false,1,,,2
5838,161,2024-11-05T00:00:00Z,General,,Proposition 1,Amendment to Protect Against Unequal Treatment,,,,1,State,New York,1,Total Votes,,,18,County,Fulton,,false,1,,,24158
5838,161,2024-11-05T00:00:00Z,General,,Proposition 1,Amendment to Protect Against Unequal Treatment,,,,1,State,New York,12934,Blank Enrollment,,,19,County,Genesee,,false,1,,,1265
5838,161,2024-11-05T00:00:00Z,General,,Proposition 1,Amendment to Protect Against Unequal Treatment,,,,1,State,New York,7,Yes,,,19,County,Genesee,,false,1,,,10481
5838,161,2024-11-05T00:00:00Z,General,,Proposition 1,Amendment to Protect Against Unequal Treatment,,,,1,State,New York,8,No,,,19,County,Genesee,,true,1,,,17066
5838,161,2024-11-05T00:00:00Z,General,,Proposition 1,Amendment to Protect Against Unequal Treatment,,,,1,State,New York,9,Void,,,19,County,Genesee,,false,1,,,9
5838,161,2024-11-05T00:00:00Z,General,,Proposition 1,Amendment to Protect Against Unequal Treatment,,,,1,State,New York,1,Total Votes,,,19,County,Genesee,,false,1,,,28821
5838,161,2024-11-05T00:00:00Z,General,,Proposition 1,Amendment to Protect Against Unequal Treatment,,,,1,State,New York,12934,Blank Enrollment,,,20,County,Greene,,false,1,,,1437
5838,161,2024-11-05T00:00:00Z,General,,Proposition 1,Amendment to Protect Against Unequal Treatment,,,,1,State,New York,7,Yes,,,20,County,Greene,,false,1,,,11147
5838,161,2024-11-05T00:00:00Z,General,,Proposition 1,Amendment to Protect Against Unequal Treatment,,,,1,State,New York,8,No,,,20,County,Greene,,true,1,,,13024
5838,161,2024-11-05T00:00:00Z,General,,Proposition 1,Amendment to Protect Against Unequal Treatment,,,,1,State,New York,9,Void,,,20,County,Greene,,false,1,,,1
5838,161,2024-11-05T00:00:00Z,General,,Proposition 1,Amendment to Protect Against Unequal Treatment,,,,1,State,New York,1,Total Votes,,,20,County,Greene,,false,1,,,25609
5838,161,2024-11-05T00:00:00Z,General,,Proposition 1,Amendment to Protect Against Unequal Treatment,,,,1,State,New York,12934,Blank Enrollment,,,21,County,Hamilton,,false,1,,,237
5838,161,2024-11-05T00:00:00Z,General,,Proposition 1,Amendment to Protect Against Unequal Treatment,,,,1,State,New York,7,Yes,,,21,County,Hamilton,,false,1,,,1249
5838,161,2024-11-05T00:00:00Z,General,,Proposition 1,Amendment to Protect Against Unequal Treatment,,,,1,State,New York,8,No,,,21,County,Hamilton,,true,1,,,1956
5838,161,2024-11-05T00:00:00Z,General,,Proposition 1,Amendment to Protect Against Unequal Treatment,,,,1,State,New York,9,Void,,,21,County,Hamilton,,false,1,,,0
5838,161,2024-11-05T00:00:00Z,General,,Proposition 1,Amendment to Protect Against Unequal Treatment,,,,1,State,New York,1,Total Votes,,,21,County,Hamilton,,false,1,,,3442
5838,161,2024-11-05T00:00:00Z,General,,Proposition 1,Amendment to Protect Against Unequal Treatment,,,,1,State,New York,12934,Blank Enrollment,,,22,County,Herkimer,,false,1,,,1718
5838,161,2024-11-05T00:00:00Z,General,,Proposition 1,Amendment to Protect Against Unequal Treatment,,,,1,State,New York,7,Yes,,,22,County,Herkimer,,false,1,,,11746
5838,161,2024-11-05T00:00:00Z,General,,Proposition 1,Amendment to Protect Against Unequal Treatment,,,,1,State,New York,8,No,,,22,County,Herkimer,,true,1,,,15550
5838,161,2024-11-05T00:00:00Z,General,,Proposition 1,Amendment to Protect Against Unequal Treatment,,,,1,State,New York,9,Void,,,22,County,Herkimer,,false,1,,,10
5838,161,2024-11-05T00:00:00Z,General,,Proposition 1,Amendment to Protect Against Unequal Treatment,,,,1,State,New York,1,Total Votes,,,22,County,Herkimer,,false,1,,,29024
5838,161,2024-11-05T00:00:00Z,General,,Proposition 1,Amendment to Protect Against Unequal Treatment,,,,1,State,New York,12934,Blank Enrollment,,,23,County,Jefferson,,false,1,,,2296
5838,161,2024-11-05T00:00:00Z,General,,Proposition 1,Amendment to Protect Against Unequal Treatment,,,,1,State,New York,7,Yes,,,23,County,Jefferson,,false,1,,,18481
5838,161,2024-11-05T00:00:00Z,General,,Proposition 1,Amendment to Protect Against Unequal Treatment,,,,1,State,New York,8,No,,,23,County,Jefferson,,true,1,,,22413
5838,161,2024-11-05T00:00:00Z,General,,Proposition 1,Amendment to Protect Against Unequal Treatment,,,,1,State,New York,9,Void,,,23,County,Jefferson,,false,1,,,12
5838,161,2024-11-05T00:00:00Z,General,,Proposition 1,Amendment to Protect Against Unequal Treatment,,,,1,State,New York,1,Total Votes,,,23,County,Jefferson,,false,1,,,43202
5838,161,2024-11-05T00:00:00Z,General,,Proposition 1,Amendment to Protect Against Unequal Treatment,,,,1,State,New York,12934,Blank Enrollment,,,67,County,Kings,,false,1,,,140927
5838,161,2024-11-05T00:00:00Z,General,,Proposition 1,Amendment to Protect Against Unequal Treatment,,,,1,State,New York,7,Yes,,,67,County,Kings,,true,1,,,567108
5838,161,2024-11-05T00:00:00Z,General,,Proposition 1,Amendment to Protect Against Unequal Treatment,,,,1,State,New York,8,No,,,67,County,Kings,,false,1,,,149304
5838,161,2024-11-05T00:00:00Z,General,,Proposition 1,Amendment to Protect Against Unequal Treatment,,,,1,State,New York,9,Void,,,67,County,Kings,,false,1,,,4571
5838,161,2024-11-05T00:00:00Z,General,,Proposition 1,Amendment to Protect Against Unequal Treatment,,,,1,State,New York,1,Total Votes,,,67,County,Kings,,false,1,,,861910
5838,161,2024-11-05T00:00:00Z,General,,Proposition 1,Amendment to Protect Against Unequal Treatment,,,,1,State,New York,12934,Blank Enrollment,,,24,County,Lewis,,false,1,,,459
5838,161,2024-11-05T00:00:00Z,General,,Proposition 1,Amendment to Protect Against Unequal Treatment,,,,1,State,New York,7,Yes,,,24,County,Lewis,,false,1,,,4154
5838,161,2024-11-05T00:00:00Z,General,,Proposition 1,Amendment to Protect Against Unequal Treatment,,,,1,State,New York,8,No,,,24,County,Lewis,,true,1,,,8632
5838,161,2024-11-05T00:00:00Z,General,,Proposition 1,Amendment to Protect Against Unequal Treatment,,,,1,State,New York,9,Void,,,24,County,Lewis,,false,1,,,1
5838,161,2024-11-05T00:00:00Z,General,,Proposition 1,Amendment to Protect Against Unequal Treatment,,,,1,State,New York,1,Total Votes,,,24,County,Lewis,,false,1,,,13246
5838,161,2024-11-05T00:00:00Z,General,,Proposition 1,Amendment to Protect Against Unequal Treatment,,,,1,State,New York,12934,Blank Enrollment,,,442,County,Livingston,,false,1,,,1078
5838,161,2024-11-05T00:00:00Z,General,,Proposition 1,Amendment to Protect Against Unequal Treatment,,,,1,State,New York,7,Yes,,,442,County,Livingston,,false,1,,,12850
5838,161,2024-11-05T00:00:00Z,General,,Proposition 1,Amendment to Protect Against Unequal Treatment,,,,1,State,New York,8,No,,,442,County,Livingston,,true,1,,,17478
5838,161,2024-11-05T00:00:00Z,General,,Proposition 1,Amendment to Protect Against Unequal Treatment,,,,1,State,New York,9,Void,,,442,County,Livingston,,false,1,,,2
5838,161,2024-11-05T00:00:00Z,General,,Proposition 1,Amendment to Protect Against Unequal Treatment,,,,1,State,New York,1,Total Votes,,,442,County,Livingston,,false,1,,,31408
5838,161,2024-11-05T00:00:00Z,General,,Proposition 1,Amendment to Protect Against Unequal Treatment,,,,1,State,New York,12934,Blank Enrollment,,,26,County,Madison,,false,1,,,1158
5838,161,2024-11-05T00:00:00Z,General,,Proposition 1,Amendment to Protect Against Unequal Treatment,,,,1,State,New York,7,Yes,,,26,County,Madison,,true,1,,,16673
5838,161,2024-11-05T00:00:00Z,General,,Proposition 1,Amendment to Protect Against Unequal Treatment,,,,1,State,New York,8,No,,,26,County,Madison,,false,1,,,16429
5838,161,2024-11-05T00:00:00Z,General,,Proposition 1,Amendment to Protect Against Unequal Treatment,,,,1,State,New York,9,Void,,,26,County,Madison,,false,1,,,5
5838,161,2024-11-05T00:00:00Z,General,,Proposition 1,Amendment to Protect Against Unequal Treatment,,,,1,State,New York,1,Total Votes,,,26,County,Madison,,false,1,,,34265
5838,161,2024-11-05T00:00:00Z,General,,Proposition 1,Amendment to Protect Against Unequal Treatment,,,,1,State,New York,12934,Blank Enrollment,,,535,County,Monroe,,false,1,,,21762
5838,161,2024-11-05T00:00:00Z,General,,Proposition 1,Amendment to Protect Against Unequal Treatment,,,,1,State,New York,7,Yes,,,535,County,Monroe,,true,1,,,201615
5838,161,2024-11-05T00:00:00Z,General,,Proposition 1,Amendment to Protect Against Unequal Treatment,,,,1,State,New York,8,No,,,535,County,Monroe,,false,1,,,143932
5838,161,2024-11-05T00:00:00Z,General,,Proposition 1,Amendment to Protect Against Unequal Treatment,,,,1,State,New York,9,Void,,,535,County,Monroe,,false,1,,,57
5838,161,2024-11-05T00:00:00Z,General,,Proposition 1,Amendment to Protect Against Unequal Treatment,,,,1,State,New York,1,Total Votes,,,535,County,Monroe,,false,1,,,367366
5838,161,2024-11-05T00:00:00Z,General,,Proposition 1,Amendment to Protect Against Unequal Treatment,,,,1,State,New York,12934,Blank Enrollment,,,28,County,Montgomery,,false,1,,,1690
5838,161,2024-11-05T00:00:00Z,General,,Proposition 1,Amendment to Protect Against Unequal Treatment,,,,1,State,New York,7,Yes,,,28,County,Montgomery,,false,1,,,8124
5838,161,2024-11-05T00:00:00Z,General,,Proposition 1,Amendment to Protect Against Unequal Treatment,,,,1,State,New York,8,No,,,28,County,Montgomery,,true,1,,,11098
5838,161,2024-11-05T00:00:00Z,General,,Proposition 1,Amendment to Protect Against Unequal Treatment,,,,1,State,New York,9,Void,,,28,County,Montgomery,,false,1,,,10
5838,161,2024-11-05T00:00:00Z,General,,Proposition 1,Amendment to Protect Against Unequal Treatment,,,,1,State,New York,1,Total Votes,,,28,County,Montgomery,,false,1,,,20922
5838,161,2024-11-05T00:00:00Z,General,,Proposition 1,Amendment to Protect Against Unequal Treatment,,,,1,State,New York,12934,Blank Enrollment,,,428,County,Nassau,,false,1,,,65556
5838,161,2024-11-05T00:00:00Z,General,,Proposition 1,Amendment to Protect Against Unequal Treatment,,,,1,State,New York,7,Yes,,,428,County,Nassau,,true,1,,,364463
5838,161,2024-11-05T00:00:00Z,General,,Proposition 1,Amendment to Protect Against Unequal Treatment,,,,1,State,New York,8,No,,,428,County,Nassau,,false,1,,,289794
5838,161,2024-11-05T00:00:00Z,General,,Proposition 1,Amendment to Protect Against Unequal Treatment,,,,1,State,New York,9,Void,,,428,County,Nassau,,false,1,,,575
5838,161,2024-11-05T00:00:00Z,General,,Proposition 1,Amendment to Protect Against Unequal Treatment,,,,1,State,New York,1,Total Votes,,,428,County,Nassau,,false,1,,,720388
5838,161,2024-11-05T00:00:00Z,General,,Proposition 1,Amendment to Protect Against Unequal Treatment,,,,1,State,New York,12934,Blank Enrollment,,,68,County,New York ,,false,1,,,56296
5838,161,2024-11-05T00:00:00Z,General,,Proposition 1,Amendment to Protect Against Unequal Treatment,,,,1,State,New York,7,Yes,,,68,County,New York ,,true,1,,,515395
5838,161,2024-11-05T00:00:00Z,General,,Proposition 1,Amendment to Protect Against Unequal Treatment,,,,1,State,New York,8,No,,,68,County,New York ,,false,1,,,84146
5838,161,2024-11-05T00:00:00Z,General,,Proposition 1,Amendment to Protect Against Unequal Treatment,,,,1,State,New York,9,Void,,,68,County,New York ,,false,1,,,10762
5838,161,2024-11-05T00:00:00Z,General,,Proposition 1,Amendment to Protect Against Unequal Treatment,,,,1,State,New York,1,Total Votes,,,68,County,New York ,,false,1,,,666599
5838,161,2024-11-05T00:00:00Z,General,,Proposition 1,Amendment to Protect Against Unequal Treatment,,,,1,State,New York,12934,Blank Enrollment,,,30,County,Niagara,,false,1,,,5042
5838,161,2024-11-05T00:00:00Z,General,,Proposition 1,Amendment to Protect Against Unequal Treatment,,,,1,State,New York,7,Yes,,,30,County,Niagara,,false,1,,,47499
5838,161,2024-11-05T00:00:00Z,General,,Proposition 1,Amendment to Protect Against Unequal Treatment,,,,1,State,New York,8,No,,,30,County,Niagara,,true,1,,,50668
5838,161,2024-11-05T00:00:00Z,General,,Proposition 1,Amendment to Protect Against Unequal Treatment,,,,1,State,New York,9,Void,,,30,County,Niagara,,false,1,,,17
5838,161,2024-11-05T00:00:00Z,General,,Proposition 1,Amendment to Protect Against Unequal Treatment,,,,1,State,New York,1,Total Votes,,,30,County,Niagara,,false,1,,,103226
5838,161,2024-11-05T00:00:00Z,General,,Proposition 1,Amendment to Protect Against Unequal Treatment,,,,1,State,New York,12934,Blank Enrollment,,,31,County,Oneida,,false,1,,,5764
5838,161,2024-11-05T00:00:00Z,General,,Proposition 1,Amendment to Protect Against Unequal Treatment,,,,1,State,New York,7,Yes,,,31,County,Oneida,,false,1,,,47050
5838,161,2024-11-05T00:00:00Z,General,,Proposition 1,Amendment to Protect Against Unequal Treatment,,,,1,State,New York,8,No,,,31,County,Oneida,,true,1,,,48509
5838,161,2024-11-05T00:00:00Z,General,,Proposition 1,Amendment to Protect Against Unequal Treatment,,,,1,State,New York,9,Void,,,31,County,Oneida,,false,1,,,19
5838,161,2024-11-05T00:00:00Z,General,,Proposition 1,Amendment to Protect Against Unequal Treatment,,,,1,State,New York,1,Total Votes,,,31,County,Oneida,,false,1,,,101342
5838,161,2024-11-05T00:00:00Z,General,,Proposition 1,Amendment to Protect Against Unequal Treatment,,,,1,State,New York,12934,Blank Enrollment,,,32,County,Onondaga,,false,1,,,20481
5838,161,2024-11-05T00:00:00Z,General,,Proposition 1,Amendment to Protect Against Unequal Treatment,,,,1,State,New York,7,Yes,,,32,County,Onondaga,,true,1,,,133324
5838,161,2024-11-05T00:00:00Z,General,,Proposition 1,Amendment to Protect Against Unequal Treatment,,,,1,State,New York,8,No,,,32,County,Onondaga,,false,1,,,77805
5838,161,2024-11-05T00:00:00Z,General,,Proposition 1,Amendment to Protect Against Unequal Treatment,,,,1,State,New York,9,Void,,,32,County,Onondaga,,false,1,,,97
5838,161,2024-11-05T00:00:00Z,General,,Proposition 1,Amendment to Protect Against Unequal Treatment,,,,1,State,New York,1,Total Votes,,,32,County,Onondaga,,false,1,,,231707
5838,161,2024-11-05T00:00:00Z,General,,Proposition 1,Amendment to Protect Against Unequal Treatment,,,,1,State,New York,12934,Blank Enrollment,,,33,County,Ontario,,false,1,,,2731
5838,161,2024-11-05T00:00:00Z,General,,Proposition 1,Amendment to Protect Against Unequal Treatment,,,,1,State,New York,7,Yes,,,33,County,Ontario,,true,1,,,29085
5838,161,2024-11-05T00:00:00Z,General,,Proposition 1,Amendment to Protect Against Unequal Treatment,,,,1,State,New York,8,No,,,33,County,Ontario,,false,1,,,28992
5838,161,2024-11-05T00:00:00Z,General,,Proposition 1,Amendment to Protect Against Unequal Treatment,,,,1,State,New York,9,Void,,,33,County,Ontario,,false,1,,,6
5838,161,2024-11-05T00:00:00Z,General,,Proposition 1,Amendment to Protect Against Unequal Treatment,,,,1,State,New York,1,Total Votes,,,33,County,Ontario,,false,1,,,60814
5838,161,2024-11-05T00:00:00Z,General,,Proposition 1,Amendment to Protect Against Unequal Treatment,,,,1,State,New York,12934,Blank Enrollment,,,34,County,Orange,,false,1,,,17156
5838,161,2024-11-05T00:00:00Z,General,,Proposition 1,Amendment to Protect Against Unequal Treatment,,,,1,State,New York,7,Yes,,,34,County,Orange,,true,1,,,82482
5838,161,2024-11-05T00:00:00Z,General,,Proposition 1,Amendment to Protect Against Unequal Treatment,,,,1,State,New York,8,No,,,34,County,Orange,,false,1,,,78563
5838,161,2024-11-05T00:00:00Z,General,,Proposition 1,Amendment to Protect Against Unequal Treatment,,,,1,State,New York,9,Void,,,34,County,Orange,,false,1,,,34
5838,161,2024-11-05T00:00:00Z,General,,Proposition 1,Amendment to Protect Against Unequal Treatment,,,,1,State,New York,1,Total Votes,,,34,County,Orange,,false,1,,,178235
5838,161,2024-11-05T00:00:00Z,General,,Proposition 1,Amendment to Protect Against Unequal Treatment,,,,1,State,New York,12934,Blank Enrollment,,,35,County,Orleans,,false,1,,,1506
5838,161,2024-11-05T00:00:00Z,General,,Proposition 1,Amendment to Protect Against Unequal Treatment,,,,1,State,New York,7,Yes,,,35,County,Orleans,,false,1,,,5947
5838,161,2024-11-05T00:00:00Z,General,,Proposition 1,Amendment to Protect Against Unequal Treatment,,,,1,State,New York,8,No,,,35,County,Orleans,,true,1,,,10846
5838,161,2024-11-05T00:00:00Z,General,,Proposition 1,Amendment to Protect Against Unequal Treatment,,,,1,State,New York,9,Void,,,35,County,Orleans,,false,1,,,2
5838,161,2024-11-05T00:00:00Z,General,,Proposition 1,Amendment to Protect Against Unequal Treatment,,,,1,State,New York,1,Total Votes,,,35,County,Orleans,,false,1,,,18301
5838,161,2024-11-05T00:00:00Z,General,,Proposition 1,Amendment to Protect Against Unequal Treatment,,,,1,State,New York,12934,Blank Enrollment,,,733,County,Oswego,,false,1,,,2628
5838,161,2024-11-05T00:00:00Z,General,,Proposition 1,Amendment to Protect Against Unequal Treatment,,,,1,State,New York,7,Yes,,,733,County,Oswego,,false,1,,,24168
5838,161,2024-11-05T00:00:00Z,General,,Proposition 1,Amendment to Protect Against Unequal Treatment,,,,1,State,New York,8,No,,,733,County,Oswego,,true,1,,,27818
5838,161,2024-11-05T00:00:00Z,General,,Proposition 1,Amendment to Protect Against Unequal Treatment,,,,1,State,New York,9,Void,,,733,County,Oswego,,false,1,,,14
5838,161,2024-11-05T00:00:00Z,General,,Proposition 1,Amendment to Protect Against Unequal Treatment,,,,1,State,New York,1,Total Votes,,,733,County,Oswego,,false,1,,,54628
5838,161,2024-11-05T00:00:00Z,General,,Proposition 1,Amendment to Protect Against Unequal Treatment,,,,1,State,New York,12934,Blank Enrollment,,,37,County,Otsego,,false,1,,,1469
5838,161,2024-11-05T00:00:00Z,General,,Proposition 1,Amendment to Protect Against Unequal Treatment,,,,1,State,New York,7,Yes,,,37,County,Otsego,,true,1,,,14577
5838,161,2024-11-05T00:00:00Z,General,,Proposition 1,Amendment to Protect Against Unequal Treatment,,,,1,State,New York,8,No,,,37,County,Otsego,,false,1,,,12609
5838,161,2024-11-05T00:00:00Z,General,,Proposition 1,Amendment to Protect Against Unequal Treatment,,,,1,State,New York,9,Void,,,37,County,Otsego,,false,1,,,23
5838,161,2024-11-05T00:00:00Z,General,,Proposition 1,Amendment to Protect Against Unequal Treatment,,,,1,State,New York,1,Total Votes,,,37,County,Otsego,,false,1,,,28678
5838,161,2024-11-05T00:00:00Z,General,,Proposition 1,Amendment to Protect Against Unequal Treatment,,,,1,State,New York,12934,Blank Enrollment,,,38,County,Putnam,,false,1,,,4003
5838,161,2024-11-05T00:00:00Z,General,,Proposition 1,Amendment to Protect Against Unequal Treatment,,,,1,State,New York,7,Yes,,,38,County,Putnam,,false,1,,,26140
5838,161,2024-11-05T00:00:00Z,General,,Proposition 1,Amendment to Protect Against Unequal Treatment,,,,1,State,New York,8,No,,,38,County,Putnam,,true,1,,,26269
5838,161,2024-11-05T00:00:00Z,General,,Proposition 1,Amendment to Protect Against Unequal Treatment,,,,1,State,New York,9,Void,,,38,County,Putnam,,false,1,,,9
5838,161,2024-11-05T00:00:00Z,General,,Proposition 1,Amendment to Protect Against Unequal Treatment,,,,1,State,New York,1,Total Votes,,,38,County,Putnam,,false,1,,,56421
5838,161,2024-11-05T00:00:00Z,General,,Proposition 1,Amendment to Protect Against Unequal Treatment,,,,1,State,New York,12934,Blank Enrollment,,,430,County,Queens,,false,1,,,91124
5838,161,2024-11-05T00:00:00Z,General,,Proposition 1,Amendment to Protect Against Unequal Treatment,,,,1,State,New York,7,Yes,,,430,County,Queens,,true,1,,,469504
5838,161,2024-11-05T00:00:00Z,General,,Proposition 1,Amendment to Protect Against Unequal Treatment,,,,1,State,New York,8,No,,,430,County,Queens,,false,1,,,158314
5838,161,2024-11-05T00:00:00Z,General,,Proposition 1,Amendment to Protect Against Unequal Treatment,,,,1,State,New York,9,Void,,,430,County,Queens,,false,1,,,2995
5838,161,2024-11-05T00:00:00Z,General,,Proposition 1,Amendment to Protect Against Unequal Treatment,,,,1,State,New York,1,Total Votes,,,430,County,Queens,,false,1,,,721937
5838,161,2024-11-05T00:00:00Z,General,,Proposition 1,Amendment to Protect Against Unequal Treatment,,,,1,State,New York,12934,Blank Enrollment,,,39,County,Rensselaer ,,false,1,,,6370
5838,161,2024-11-05T00:00:00Z,General,,Proposition 1,Amendment to Protect Against Unequal Treatment,,,,1,State,New York,7,Yes,,,39,County,Rensselaer ,,true,1,,,39093
5838,161,2024-11-05T00:00:00Z,General,,Proposition 1,Amendment to Protect Against Unequal Treatment,,,,1,State,New York,8,No,,,39,County,Rensselaer ,,false,1,,,34133
5838,161,2024-11-05T00:00:00Z,General,,Proposition 1,Amendment to Protect Against Unequal Treatment,,,,1,State,New York,9,Void,,,39,County,Rensselaer ,,false,1,,,16
5838,161,2024-11-05T00:00:00Z,General,,Proposition 1,Amendment to Protect Against Unequal Treatment,,,,1,State,New York,1,Total Votes,,,39,County,Rensselaer ,,false,1,,,79612
5838,161,2024-11-05T00:00:00Z,General,,Proposition 1,Amendment to Protect Against Unequal Treatment,,,,1,State,New York,12934,Blank Enrollment,,,63,County,Richmond,,false,1,,,18417
5838,161,2024-11-05T00:00:00Z,General,,Proposition 1,Amendment to Protect Against Unequal Treatment,,,,1,State,New York,7,Yes,,,63,County,Richmond,,true,1,,,92497
5838,161,2024-11-05T00:00:00Z,General,,Proposition 1,Amendment to Protect Against Unequal Treatment,,,,1,State,New York,8,No,,,63,County,Richmond,,false,1,,,90223
5838,161,2024-11-05T00:00:00Z,General,,Proposition 1,Amendment to Protect Against Unequal Treatment,,,,1,State,New York,9,Void,,,63,County,Richmond,,false,1,,,447
5838,161,2024-11-05T00:00:00Z,General,,Proposition 1,Amendment to Protect Against Unequal Treatment,,,,1,State,New York,1,Total Votes,,,63,County,Richmond,,false,1,,,201584
5838,161,2024-11-05T00:00:00Z,General,,Proposition 1,Amendment to Protect Against Unequal Treatment,,,,1,State,New York,12934,Blank Enrollment,,,40,County,Rockland,,false,1,,,16379
5838,161,2024-11-05T00:00:00Z,General,,Proposition 1,Amendment to Protect Against Unequal Treatment,,,,1,State,New York,7,Yes,,,40,County,Rockland,,false,1,,,66515
5838,161,2024-11-05T00:00:00Z,General,,Proposition 1,Amendment to Protect Against Unequal Treatment,,,,1,State,New York,8,No,,,40,County,Rockland,,true,1,,,68332
5838,161,2024-11-05T00:00:00Z,General,,Proposition 1,Amendment to Protect Against Unequal Treatment,,,,1,State,New York,9,Void,,,40,County,Rockland,,false,1,,,77
5838,161,2024-11-05T00:00:00Z,General,,Proposition 1,Amendment to Protect Against Unequal Treatment,,,,1,State,New York,1,Total Votes,,,40,County,Rockland,,false,1,,,151303
5838,161,2024-11-05T00:00:00Z,General,,Proposition 1,Amendment to Protect Against Unequal Treatment,,,,1,State,New York,12934,Blank Enrollment,,,42,County,Saratoga,,false,1,,,7005
5838,161,2024-11-05T00:00:00Z,General,,Proposition 1,Amendment to Protect Against Unequal Treatment,,,,1,State,New York,7,Yes,,,42,County,Saratoga,,true,1,,,67678
5838,161,2024-11-05T00:00:00Z,General,,Proposition 1,Amendment to Protect Against Unequal Treatment,,,,1,State,New York,8,No,,,42,County,Saratoga,,false,1,,,58124
5838,161,2024-11-05T00:00:00Z,General,,Proposition 1,Amendment to Protect Against Unequal Treatment,,,,1,State,New York,9,Void,,,42,County,Saratoga,,false,1,,,10
5838,161,2024-11-05T00:00:00Z,General,,Proposition 1,Amendment to Protect Against Unequal Treatment,,,,1,State,New York,1,Total Votes,,,42,County,Saratoga,,false,1,,,132817
5838,161,2024-11-05T00:00:00Z,General,,Proposition 1,Amendment to Protect Against Unequal Treatment,,,,1,State,New York,12934,Blank Enrollment,,,43,County,Schenectady,,false,1,,,3055
5838,161,2024-11-05T00:00:00Z,General,,Proposition 1,Amendment to Protect Against Unequal Treatment,,,,1,State,New York,7,Yes,,,43,County,Schenectady,,true,1,,,41143
5838,161,2024-11-05T00:00:00Z,General,,Proposition 1,Amendment to Protect Against Unequal Treatment,,,,1,State,New York,8,No,,,43,County,Schenectady,,false,1,,,28902
5838,161,2024-11-05T00:00:00Z,General,,Proposition 1,Amendment to Protect Against Unequal Treatment,,,,1,State,New York,9,Void,,,43,County,Schenectady,,false,1,,,12
5838,161,2024-11-05T00:00:00Z,General,,Proposition 1,Amendment to Protect Against Unequal Treatment,,,,1,State,New York,1,Total Votes,,,43,County,Schenectady,,false,1,,,73112
5838,161,2024-11-05T00:00:00Z,General,,Proposition 1,Amendment to Protect Against Unequal Treatment,,,,1,State,New York,12934,Blank Enrollment,,,44,County,Schoharie,,false,1,,,698
5838,161,2024-11-05T00:00:00Z,General,,Proposition 1,Amendment to Protect Against Unequal Treatment,,,,1,State,New York,7,Yes,,,44,County,Schoharie,,false,1,,,6490
5838,161,2024-11-05T00:00:00Z,General,,Proposition 1,Amendment to Protect Against Unequal Treatment,,,,1,State,New York,8,No,,,44,County,Schoharie,,true,1,,,9019
5838,161,2024-11-05T00:00:00Z,General,,Proposition 1,Amendment to Protect Against Unequal Treatment,,,,1,State,New York,9,Void,,,44,County,Schoharie,,false,1,,,1
5838,161,2024-11-05T00:00:00Z,General,,Proposition 1,Amendment to Protect Against Unequal Treatment,,,,1,State,New York,1,Total Votes,,,44,County,Schoharie,,false,1,,,16208
5838,161,2024-11-05T00:00:00Z,General,,Proposition 1,Amendment to Protect Against Unequal Treatment,,,,1,State,New York,12934,Blank Enrollment,,,45,County,Schuyler,,false,1,,,236
5838,161,2024-11-05T00:00:00Z,General,,Proposition 1,Amendment to Protect Against Unequal Treatment,,,,1,State,New York,7,Yes,,,45,County,Schuyler,,false,1,,,4358
5838,161,2024-11-05T00:00:00Z,General,,Proposition 1,Amendment to Protect Against Unequal Treatment,,,,1,State,New York,8,No,,,45,County,Schuyler,,true,1,,,4965
5838,161,2024-11-05T00:00:00Z,General,,Proposition 1,Amendment to Protect Against Unequal Treatment,,,,1,State,New York,9,Void,,,45,County,Schuyler,,false,1,,,3
5838,161,2024-11-05T00:00:00Z,General,,Proposition 1,Amendment to Protect Against Unequal Treatment,,,,1,State,New York,1,Total Votes,,,45,County,Schuyler,,false,1,,,9562
5838,161,2024-11-05T00:00:00Z,General,,Proposition 1,Amendment to Protect Against Unequal Treatment,,,,1,State,New York,12934,Blank Enrollment,,,46,County,Seneca,,false,1,,,586
5838,161,2024-11-05T00:00:00Z,General,,Proposition 1,Amendment to Protect Against Unequal Treatment,,,,1,State,New York,7,Yes,,,46,County,Seneca,,false,1,,,7017
5838,161,2024-11-05T00:00:00Z,General,,Proposition 1,Amendment to Protect Against Unequal Treatment,,,,1,State,New York,8,No,,,46,County,Seneca,,true,1,,,7623
5838,161,2024-11-05T00:00:00Z,General,,Proposition 1,Amendment to Protect Against Unequal Treatment,,,,1,State,New York,9,Void,,,46,County,Seneca,,false,1,,,1
5838,161,2024-11-05T00:00:00Z,General,,Proposition 1,Amendment to Protect Against Unequal Treatment,,,,1,State,New York,1,Total Votes,,,46,County,Seneca,,false,1,,,15227
5838,161,2024-11-05T00:00:00Z,General,,Proposition 1,Amendment to Protect Against Unequal Treatment,,,,1,State,New York,12934,Blank Enrollment,,,41,County,St. Lawrence,,false,1,,,3481
5838,161,2024-11-05T00:00:00Z,General,,Proposition 1,Amendment to Protect Against Unequal Treatment,,,,1,State,New York,7,Yes,,,41,County,St. Lawrence,,false,1,,,18615
5838,161,2024-11-05T00:00:00Z,General,,Proposition 1,Amendment to Protect Against Unequal Treatment,,,,1,State,New York,8,No,,,41,County,St. Lawrence,,true,1,,,22453
5838,161,2024-11-05T00:00:00Z,General,,Proposition 1,Amendment to Protect Against Unequal Treatment,,,,1,State,New York,9,Void,,,41,County,St. Lawrence,,false,1,,,0
5838,161,2024-11-05T00:00:00Z,General,,Proposition 1,Amendment to Protect Against Unequal Treatment,,,,1,State,New York,1,Total Votes,,,41,County,St. Lawrence,,false,1,,,44549
5838,161,2024-11-05T00:00:00Z,General,,Proposition 1,Amendment to Protect Against Unequal Treatment,,,,1,State,New York,12934,Blank Enrollment,,,47,County,Steuben,,false,1,,,1854
5838,161,2024-11-05T00:00:00Z,General,,Proposition 1,Amendment to Protect Against Unequal Treatment,,,,1,State,New York,7,Yes,,,47,County,Steuben,,false,1,,,17507
5838,161,2024-11-05T00:00:00Z,General,,Proposition 1,Amendment to Protect Against Unequal Treatment,,,,1,State,New York,8,No,,,47,County,Steuben,,true,1,,,26371
5838,161,2024-11-05T00:00:00Z,General,,Proposition 1,Amendment to Protect Against Unequal Treatment,,,,1,State,New York,9,Void,,,47,County,Steuben,,false,1,,,90
5838,161,2024-11-05T00:00:00Z,General,,Proposition 1,Amendment to Protect Against Unequal Treatment,,,,1,State,New York,1,Total Votes,,,47,County,Steuben,,false,1,,,45822
5838,161,2024-11-05T00:00:00Z,General,,Proposition 1,Amendment to Protect Against Unequal Treatment,,,,1,State,New York,12934,Blank Enrollment,,,429,County,Suffolk,,false,1,,,46860
5838,161,2024-11-05T00:00:00Z,General,,Proposition 1,Amendment to Protect Against Unequal Treatment,,,,1,State,New York,7,Yes,,,429,County,Suffolk,,true,1,,,391069
5838,161,2024-11-05T00:00:00Z,General,,Proposition 1,Amendment to Protect Against Unequal Treatment,,,,1,State,New York,8,No,,,429,County,Suffolk,,false,1,,,331228
5838,161,2024-11-05T00:00:00Z,General,,Proposition 1,Amendment to Protect Against Unequal Treatment,,,,1,State,New York,9,Void,,,429,County,Suffolk,,false,1,,,403
5838,161,2024-11-05T00:00:00Z,General,,Proposition 1,Amendment to Protect Against Unequal Treatment,,,,1,State,New York,1,Total Votes,,,429,County,Suffolk,,false,1,,,769560
5838,161,2024-11-05T00:00:00Z,General,,Proposition 1,Amendment to Protect Against Unequal Treatment,,,,1,State,New York,12934,Blank Enrollment,,,49,County,Sullivan,,false,1,,,3225
5838,161,2024-11-05T00:00:00Z,General,,Proposition 1,Amendment to Protect Against Unequal Treatment,,,,1,State,New York,7,Yes,,,49,County,Sullivan,,true,1,,,16174
5838,161,2024-11-05T00:00:00Z,General,,Proposition 1,Amendment to Protect Against Unequal Treatment,,,,1,State,New York,8,No,,,49,County,Sullivan,,false,1,,,16167
5838,161,2024-11-05T00:00:00Z,General,,Proposition 1,Amendment to Protect Against Unequal Treatment,,,,1,State,New York,9,Void,,,49,County,Sullivan,,false,1,,,7
5838,161,2024-11-05T00:00:00Z,General,,Proposition 1,Amendment to Protect Against Unequal Treatment,,,,1,State,New York,1,Total Votes,,,49,County,Sullivan,,false,1,,,35573
5838,161,2024-11-05T00:00:00Z,General,,Proposition 1,Amendment to Protect Against Unequal Treatment,,,,1,State,New York,12934,Blank Enrollment,,,50,County,Tioga,,false,1,,,687
5838,161,2024-11-05T00:00:00Z,General,,Proposition 1,Amendment to Protect Against Unequal Treatment,,,,1,State,New York,7,Yes,,,50,County,Tioga,,false,1,,,11404
5838,161,2024-11-05T00:00:00Z,General,,Proposition 1,Amendment to Protect Against Unequal Treatment,,,,1,State,New York,8,No,,,50,County,Tioga,,true,1,,,12719
5838,161,2024-11-05T00:00:00Z,General,,Proposition 1,Amendment to Protect Against Unequal Treatment,,,,1,State,New York,9,Void,,,50,County,Tioga,,false,1,,,2
5838,161,2024-11-05T00:00:00Z,General,,Proposition 1,Amendment to Protect Against Unequal Treatment,,,,1,State,New York,1,Total Votes,,,50,County,Tioga,,false,1,,,24812
5838,161,2024-11-05T00:00:00Z,General,,Proposition 1,Amendment to Protect Against Unequal Treatment,,,,1,State,New York,12934,Blank Enrollment,,,51,County,Tompkins,,false,1,,,3140
5838,161,2024-11-05T00:00:00Z,General,,Proposition 1,Amendment to Protect Against Unequal Treatment,,,,1,State,New York,7,Yes,,,51,County,Tompkins,,true,1,,,33376
5838,161,2024-11-05T00:00:00Z,General,,Proposition 1,Amendment to Protect Against Unequal Treatment,,,,1,State,New York,8,No,,,51,County,Tompkins,,false,1,,,10156
5838,161,2024-11-05T00:00:00Z,General,,Proposition 1,Amendment to Protect Against Unequal Treatment,,,,1,State,New York,9,Void,,,51,County,Tompkins,,false,1,,,5
5838,161,2024-11-05T00:00:00Z,General,,Proposition 1,Amendment to Protect Against Unequal Treatment,,,,1,State,New York,1,Total Votes,,,51,County,Tompkins,,false,1,,,46677
5838,161,2024-11-05T00:00:00Z,General,,Proposition 1,Amendment to Protect Against Unequal Treatment,,,,1,State,New York,12934,Blank Enrollment,,,52,County,Ulster,,false,1,,,5521
5838,161,2024-11-05T00:00:00Z,General,,Proposition 1,Amendment to Protect Against Unequal Treatment,,,,1,State,New York,7,Yes,,,52,County,Ulster,,true,1,,,59762
5838,161,2024-11-05T00:00:00Z,General,,Proposition 1,Amendment to Protect Against Unequal Treatment,,,,1,State,New York,8,No,,,52,County,Ulster,,false,1,,,34710
5838,161,2024-11-05T00:00:00Z,General,,Proposition 1,Amendment to Protect Against Unequal Treatment,,,,1,State,New York,9,Void,,,52,County,Ulster,,false,1,,,31
5838,161,2024-11-05T00:00:00Z,General,,Proposition 1,Amendment to Protect Against Unequal Treatment,,,,1,State,New York,1,Total Votes,,,52,County,Ulster,,false,1,,,100024
5838,161,2024-11-05T00:00:00Z,General,,Proposition 1,Amendment to Protect Against Unequal Treatment,,,,1,State,New York,12934,Blank Enrollment,,,53,County,Warren,,false,1,,,1297
5838,161,2024-11-05T00:00:00Z,General,,Proposition 1,Amendment to Protect Against Unequal Treatment,,,,1,State,New York,7,Yes,,,53,County,Warren,,false,1,,,17117
5838,161,2024-11-05T00:00:00Z,General,,Proposition 1,Amendment to Protect Against Unequal Treatment,,,,1,State,New York,8,No,,,53,County,Warren,,true,1,,,17897
5838,161,2024-11-05T00:00:00Z,General,,Proposition 1,Amendment to Protect Against Unequal Treatment,,,,1,State,New York,9,Void,,,53,County,Warren,,false,1,,,7
5838,161,2024-11-05T00:00:00Z,General,,Proposition 1,Amendment to Protect Against Unequal Treatment,,,,1,State,New York,1,Total Votes,,,53,County,Warren,,false,1,,,36318
5838,161,2024-11-05T00:00:00Z,General,,Proposition 1,Amendment to Protect Against Unequal Treatment,,,,1,State,New York,12934,Blank Enrollment,,,54,County,Washington,,false,1,,,1262
5838,161,2024-11-05T00:00:00Z,General,,Proposition 1,Amendment to Protect Against Unequal Treatment,,,,1,State,New York,7,Yes,,,54,County,Washington,,false,1,,,12572
5838,161,2024-11-05T00:00:00Z,General,,Proposition 1,Amendment to Protect Against Unequal Treatment,,,,1,State,New York,8,No,,,54,County,Washington,,true,1,,,15002
5838,161,2024-11-05T00:00:00Z,General,,Proposition 1,Amendment to Protect Against Unequal Treatment,,,,1,State,New York,9,Void,,,54,County,Washington,,false,1,,,19
5838,161,2024-11-05T00:00:00Z,General,,Proposition 1,Amendment to Protect Against Unequal Treatment,,,,1,State,New York,1,Total Votes,,,54,County,Washington,,false,1,,,28855
5838,161,2024-11-05T00:00:00Z,General,,Proposition 1,Amendment to Protect Against Unequal Treatment,,,,1,State,New York,12934,Blank Enrollment,,,55,County,Wayne,,false,1,,,1625
5838,161,2024-11-05T00:00:00Z,General,,Proposition 1,Amendment to Protect Against Unequal Treatment,,,,1,State,New York,7,Yes,,,55,County,Wayne,,false,1,,,18159
5838,161,2024-11-05T00:00:00Z,General,,Proposition 1,Amendment to Protect Against Unequal Treatment,,,,1,State,New York,8,No,,,55,County,Wayne,,true,1,,,25225
5838,161,2024-11-05T00:00:00Z,General,,Proposition 1,Amendment to Protect Against Unequal Treatment,,,,1,State,New York,9,Void,,,55,County,Wayne,,false,1,,,6
5838,161,2024-11-05T00:00:00Z,General,,Proposition 1,Amendment to Protect Against Unequal Treatment,,,,1,State,New York,1,Total Votes,,,55,County,Wayne,,false,1,,,45015
5838,161,2024-11-05T00:00:00Z,General,,Proposition 1,Amendment to Protect Against Unequal Treatment,,,,1,State,New York,12934,Blank Enrollment,,,432,County,Westchester,,false,1,,,39605
5838,161,2024-11-05T00:00:00Z,General,,Proposition 1,Amendment to Protect Against Unequal Treatment,,,,1,State,New York,7,Yes,,,432,County,Westchester,,true,1,,,290369
5838,161,2024-11-05T00:00:00Z,General,,Proposition 1,Amendment to Protect Against Unequal Treatment,,,,1,State,New York,8,No,,,432,County,Westchester,,false,1,,,135007
5838,161,2024-11-05T00:00:00Z,General,,Proposition 1,Amendment to Protect Against Unequal Treatment,,,,1,State,New York,9,Void,,,432,County,Westchester,,false,1,,,0
5838,161,2024-11-05T00:00:00Z,General,,Proposition 1,Amendment to Protect Against Unequal Treatment,,,,1,State,New York,1,Total Votes,,,432,County,Westchester,,false,1,,,464981
5838,161,2024-11-05T00:00:00Z,General,,Proposition 1,Amendment to Protect Against Unequal Treatment,,,,1,State,New York,12934,Blank Enrollment,,,57,County,Wyoming,,false,1,,,741
5838,161,2024-11-05T00:00:00Z,General,,Proposition 1,Amendment to Protect Against Unequal Treatment,,,,1,State,New York,7,Yes,,,57,County,Wyoming,,false,1,,,5639
5838,161,2024-11-05T00:00:00Z,General,,Proposition 1,Amendment to Protect Against Unequal Treatment,,,,1,State,New York,8,No,,,57,County,Wyoming,,true,1,,,13031
5838,161,2024-11-05T00:00:00Z,General,,Proposition 1,Amendment to Protect Against Unequal Treatment,,,,1,State,New York,9,Void,,,57,County,Wyoming,,false,1,,,4
5838,161,2024-11-05T00:00:00Z,General,,Proposition 1,Amendment to Protect Against Unequal Treatment,,,,1,State,New York,1,Total Votes,,,57,County,Wyoming,,false,1,,,19415
5838,161,2024-11-05T00:00:00Z,General,,Proposition 1,Amendment to Protect Against Unequal Treatment,,,,1,State,New York,12934,Blank Enrollment,,,58,County,Yates,,false,1,,,236
5838,161,2024-11-05T00:00:00Z,General,,Proposition 1,Amendment to Protect Against Unequal Treatment,,,,1,State,New York,7,Yes,,,58,County,Yates,,false,1,,,4199
5838,161,2024-11-05T00:00:00Z,General,,Proposition 1,Amendment to Protect Against Unequal Treatment,,,,1,State,New York,8,No,,,58,County,Yates,,true,1,,,6214
5838,161,2024-11-05T00:00:00Z,General,,Proposition 1,Amendment to Protect Against Unequal Treatment,,,,1,State,New York,9,Void,,,58,County,Yates,,false,1,,,6
5838,161,2024-11-05T00:00:00Z,General,,Proposition 1,Amendment to Protect Against Unequal Treatment,,,,1,State,New York,1,Total Votes,,,58,County,Yates,,false,1,,,10655
5569,160,2024-06-25T00:00:00Z,Primary,Republican,,,5,State Senator,,250,State Senate District,48,13393,Caleb C. Slater,,,6,County,Cayuga,,true,1,8,Republican,1138
5569,160,2024-06-25T00:00:00Z,Primary,Republican,,,5,State Senator,,250,State Senate District,48,13394,Fanny Patricia Villarreal,,,6,County,Cayuga,,false,1,8,Republican,585
5569,160,2024-06-25T00:00:00Z,Primary,Republican,,,5,State Senator,,250,State Senate District,48,6,Scattering,,,6,County,Cayuga,,false,1,,,17
5569,160,2024-06-25T00:00:00Z,Primary,Republican,,,5,State Senator,,250,State Senate District,48,10,Blank,,,6,County,Cayuga,,false,1,,,168
5569,160,2024-06-25T00:00:00Z,Primary,Republican,,,5,State Senator,,250,State Senate District,48,9,Void,,,6,County,Cayuga,,false,1,,,2
5569,160,2024-06-25T00:00:00Z,Primary,Republican,,,5,State Senator,,250,State Senate District,48,1,Total Votes,,,6,County,Cayuga,,false,1,,,1910
5569,160,2024-06-25T00:00:00Z,Primary,Republican,,,5,State Senator,,250,State Senate District,48,13393,Caleb C. Slater,,,32,County,Onondaga,,true,1,8,Republican,1498
5569,160,2024-06-25T00:00:00Z,Primary,Republican,,,5,State Senator,,250,State Senate District,48,13394,Fanny Patricia Villarreal,,,32,County,Onondaga,,false,1,8,Republican,1470
5569,160,2024-06-25T00:00:00Z,Primary,Republican,,,5,State Senator,,250,State Senate District,48,6,Scattering,,,32,County,Onondaga,,false,1,,,22
5569,160,2024-06-25T00:00:00Z,Primary,Republican,,,5,State Senator,,250,State Senate District,48,10,Blank,,,32,County,Onondaga,,false,1,,,46
5569,160,2024-06-25T00:00:00Z,Primary,Republican,,,5,State Senator,,250,State Senate District,48,9,Void,,,32,County,Onondaga,,false,1,,,16
5569,160,2024-06-25T00:00:00Z,Primary,Republican,,,5,State Senator,,250,State Senate District,48,1,Total Votes,,,32,County,Onondaga,,false,1,,,3052
5570,160,2024-06-25T00:00:00Z,Primary,Democratic,,,5,State Senator,,252,State Senate District,50,13396,Christopher J. Ryan,,,32,County,Onondaga,,true,1,7,Democratic,5551
5570,160,2024-06-25T00:00:00Z,Primary,Democratic,,,5,State Senator,,252,State Senate District,50,13395,Thomas Drumm,,,32,County,Onondaga,,false,1,7,Democratic,3198
5570,160,2024-06-25T00:00:00Z,Primary,Democratic,,,5,State Senator,,252,State Senate District,50,6,Scattering,,,32,County,Onondaga,,false,1,,,19
5570,160,2024-06-25T00:00:00Z,Primary,Democratic,,,5,State Senator,,252,State Senate District,50,10,Blank,,,32,County,Onondaga,,false,1,,,1175
5570,160,2024-06-25T00:00:00Z,Primary,Democratic,,,5,State Senator,,252,State Senate District,50,9,Void,,,32,County,Onondaga,,false,1,,,32
5570,160,2024-06-25T00:00:00Z,Primary,Democratic,,,5,State Senator,,252,State Senate District,50,1,Total Votes,,,32,County,Onondaga,,false,1,,,9975
5570,160,2024-06-25T00:00:00Z,Primary,Democratic,,,5,State Senator,,252,State Senate District,50,13396,Christopher J. Ryan,,,733,County,Oswego,,false,1,7,Democratic,475
5570,160,2024-06-25T00:00:00Z,Primary,Democratic,,,5,State Senator,,252,State Senate District,50,13395,Thomas Drumm,,,733,County,Oswego,,true,1,7,Democratic,1077
5570,160,2024-06-25T00:00:00Z,Primary,Democratic,,,5,State Senator,,252,State Senate District,50,6,Scattering,,,733,County,Oswego,,false,1,,,8
5570,160,2024-06-25T00:00:00Z,Primary,Democratic,,,5,State Senator,,252,State Senate District,50,10,Blank,,,733,County,Oswego,,false,1,,,2
5570,160,2024-06-25T00:00:00Z,Primary,Democratic,,,5,State Senator,,252,State Senate District,50,9,Void,,,733,County,Oswego,,false,1,,,3
5570,160,2024-06-25T00:00:00Z,Primary,Democratic,,,5,State Senator,,252,State Senate District,50,1,Total Votes,,,733,County,Oswego,,false,1,,,1565
5573,160,2024-06-25T00:00:00Z,Primary,Conservative,,,14,Member of Assembly,,362,State Assembly District,97,13399,Thomas F. Sullivan,,,40,County,Rockland,,true,1,9,Conservative,272
5573,160,2024-06-25T00:00:00Z,Primary,Conservative,,,14,Member of Assembly,,362,State Assembly District,97,356,John W. McGowan,,,40,County,Rockland,,false,1,9,Conservative,194
5573,160,2024-06-25T00:00:00Z,Primary,Conservative,,,14,Member of Assembly,,362,State Assembly District,97,6,Scattering,,,40,County,Rockland,,false,1,,,10
5573,160,2024-06-25T00:00:00Z,Primary,Conservative,,,14,Member of Assembly,,362,State Assembly District,97,10,Blank,,,40,County,Rockland,,false,1,,,3
5573,160,2024-06-25T00:00:00Z,Primary,Conservative,,,14,Member of Assembly,,362,State Assembly District,97,9,Void,,,40,County,Rockland,,false,1,,,2
5573,160,2024-06-25T00:00:00Z,Primary,Conservative,,,14,Member of Assembly,,362,State Assembly District,97,1,Total Votes,,,40,County,Rockland,,false,1,,,481
5574,160,2024-06-25T00:00:00Z,Primary,Republican,,,14,Member of Assembly,,365,State Assembly District,100,13401,"Louis J. Ingrassia, Jr.",,,34,County,Orange,,true,1,8,Republican,733
5574,160,2024-06-25T00:00:00Z,Primary,Republican,,,14,Member of Assembly,,365,State Assembly District,100,13400,Camille O'Brien,,,34,County,Orange,,false,1,8,Republican,98
5574,160,2024-06-25T00:00:00Z,Primary,Republican,,,14,Member of Assembly,,365,State Assembly District,100,6,Scattering,,,34,County,Orange,,false,1,,,0
5574,160,2024-06-25T00:00:00Z,Primary,Republican,,,14,Member of Assembly,,365,State Assembly District,100,10,Blank,,,34,County,Orange,,false,1,,,2
5574,160,2024-06-25T00:00:00Z,Primary,Republican,,,14,Member of Assembly,,365,State Assembly District,100,9,Void,,,34,County,Orange,,false,1,,,5
5574,160,2024-06-25T00:00:00Z,Primary,Republican,,,14,Member of Assembly,,365,State Assembly District,100,1,Total Votes,,,34,County,Orange,,false,1,,,838
5574,160,2024-06-25T00:00:00Z,Primary,Republican,,,14,Member of Assembly,,365,State Assembly District,100,13401,"Louis J. Ingrassia, Jr.",,,49,County,Sullivan,,false,1,8,Republican,589
5574,160,2024-06-25T00:00:00Z,Primary,Republican,,,14,Member of Assembly,,365,State Assembly District,100,13400,Camille O'Brien,,,49,County,Sullivan,,true,1,8,Republican,775
5574,160,2024-06-25T00:00:00Z,Primary,Republican,,,14,Member of Assembly,,365,State Assembly District,100,6,Scattering,,,49,County,Sullivan,,false,1,,,3
5574,160,2024-06-25T00:00:00Z,Primary,Republican,,,14,Member of Assembly,,365,State Assembly District,100,10,Blank,,,49,County,Sullivan,,false,1,,,3
5574,160,2024-06-25T00:00:00Z,Primary,Republican,,,14,Member of Assembly,,365,State Assembly District,100,9,Void,,,49,County,Sullivan,,false,1,,,12
5574,160,2024-06-25T00:00:00Z,Primary,Republican,,,14,Member of Assembly,,365,State Assembly District,100,1,Total Votes,,,49,County,Sullivan,,false,1,,,1382
5575,160,2024-06-25T00:00:00Z,Primary,Democratic,,,14,Member of Assembly,,367,State Assembly District,102,13403,Janet S. Tweed,,,2,County,Albany,,false,1,7,Democratic,241
5575,160,2024-06-25T00:00:00Z,Primary,Democratic,,,14,Member of Assembly,,367,State Assembly District,102,13402,Mary T. Finneran,,,2,County,Albany,,true,1,7,Democratic,453
5575,160,2024-06-25T00:00:00Z,Primary,Democratic,,,14,Member of Assembly,,367,State Assembly District,102,6,Scattering,,,2,County,Albany,,false,1,,,6
5575,160,2024-06-25T00:00:00Z,Primary,Democratic,,,14,Member of Assembly,,367,State Assembly District,102,10,Blank,,,2,County,Albany,,false,1,,,69
5575,160,2024-06-25T00:00:00Z,Primary,Democratic,,,14,Member of Assembly,,367,State Assembly District,102,9,Void,,,2,County,Albany,,false,1,,,1
5575,160,2024-06-25T00:00:00Z,Primary,Democratic,,,14,Member of Assembly,,367,State Assembly District,102,1,Total Votes,,,2,County,Albany,,false,1,,,770
5575,160,2024-06-25T00:00:00Z,Primary,Democratic,,,14,Member of Assembly,,367,State Assembly District,102,13403,Janet S. Tweed,,,13,County,Delaware,,true,1,7,Democratic,642
5575,160,2024-06-25T00:00:00Z,Primary,Democratic,,,14,Member of Assembly,,367,State Assembly District,102,13402,Mary T. Finneran,,,13,County,Delaware,,false,1,7,Democratic,167
5575,160,2024-06-25T00:00:00Z,Primary,Democratic,,,14,Member of Assembly,,367,State Assembly District,102,6,Scattering,,,13,County,Delaware,,false,1,,,4
5575,160,2024-06-25T00:00:00Z,Primary,Democratic,,,14,Member of Assembly,,367,State Assembly District,102,10,Blank,,,13,County,Delaware,,false,1,,,7
5575,160,2024-06-25T00:00:00Z,Primary,Democratic,,,14,Member of Assembly,,367,State Assembly District,102,9,Void,,,13,County,Delaware,,false,1,,,2
5575,160,2024-06-25T00:00:00Z,Primary,Democratic,,,14,Member of Assembly,,367,State Assembly District,102,1,Total Votes,,,13,County,Delaware,,false,1,,,822
5575,160,2024-06-25T00:00:00Z,Primary,Democratic,,,14,Member of Assembly,,367,State Assembly District,102,13403,Janet S. Tweed,,,20,County,Greene,,false,1,7,Democratic,418
5575,160,2024-06-25T00:00:00Z,Primary,Democratic,,,14,Member of Assembly,,367,State Assembly District,102,13402,Mary T. Finneran,,,20,County,Greene,,true,1,7,Democratic,691
5575,160,2024-06-25T00:00:00Z,Primary,Democratic,,,14,Member of Assembly,,367,State Assembly District,102,6,Scattering,,,20,County,Greene,,false,1,,,6
5575,160,2024-06-25T00:00:00Z,Primary,Democratic,,,14,Member of Assembly,,367,State Assembly District,102,10,Blank,,,20,County,Greene,,false,1,,,0
5575,160,2024-06-25T00:00:00Z,Primary,Democratic,,,14,Member of Assembly,,367,State Assembly District,102,9,Void,,,20,County,Greene,,false,1,,,1
5575,160,2024-06-25T00:00:00Z,Primary,Democratic,,,14,Member of Assembly,,367,State Assembly District,102,1,Total Votes,,,20,County,Greene,,false,1,,,1116
5575,160,2024-06-25T00:00:00Z,Primary,Democratic,,,14,Member of Assembly,,367,State Assembly District,102,13403,Janet S. Tweed,,,37,County,Otsego,,true,1,7,Democratic,250
5575,160,2024-06-25T00:00:00Z,Primary,Democratic,,,14,Member of Assembly,,367,State Assembly District,102,13402,Mary T. Finneran,,,37,County,Otsego,,false,1,7,Democratic,136
5575,160,2024-06-25T00:00:00Z,Primary,Democratic,,,14,Member of Assembly,,367,State Assembly District,102,6,Scattering,,,37,County,Otsego,,false,1,,,0
5575,160,2024-06-25T00:00:00Z,Primary,Democratic,,,14,Member of Assembly,,367,State Assembly District,102,10,Blank,,,37,County,Otsego,,false,1,,,1
5575,160,2024-06-25T00:00:00Z,Primary,Democratic,,,14,Member of Assembly,,367,State Assembly District,102,9,Void,,,37,County,Otsego,,false,1,,,2
5575,160,2024-06-25T00:00:00Z,Primary,Democratic,,,14,Member of Assembly,,367,State Assembly District,102,1,Total Votes,,,37,County,Otsego,,false,1,,,389
5575,160,2024-06-25T00:00:00Z,Primary,Democratic,,,14,Member of Assembly,,367,State Assembly District,102,13403,Janet S. Tweed,,,44,County,Schoharie,,false,1,7,Democratic,257
5575,160,2024-06-25T00:00:00Z,Primary,Democratic,,,14,Member of Assembly,,367,State Assembly District,102,13402,Mary T. Finneran,,,44,County,Schoharie,,true,1,7,Democratic,284
5575,160,2024-06-25T00:00:00Z,Primary,Democratic,,,14,Member of Assembly,,367,State Assembly District,102,6,Scattering,,,44,County,Schoharie,,false,1,,,3
5575,160,2024-06-25T00:00:00Z,Primary,Democratic,,,14,Member of Assembly,,367,State Assembly District,102,10,Blank,,,44,County,Schoharie,,false,1,,,22
5575,160,2024-06-25T00:00:00Z,Primary,Democratic,,,14,Member of Assembly,,367,State Assembly District,102,9,Void,,,44,County,Schoharie,,false,1,,,1
5575,160,2024-06-25T00:00:00Z,Primary,Democratic,,,14,Member of Assembly,,367,State Assembly District,102,1,Total Votes,,,44,County,Schoharie,,false,1,,,567
5576,160,2024-06-25T00:00:00Z,Primary,Democratic,,,14,Member of Assembly,,368,State Assembly District,103,367,Sarahana Shrestha,,,14,County,Dutchess,,true,1,7,Democratic,1347
5576,160,2024-06-25T00:00:00Z,Primary,Democratic,,,14,Member of Assembly,,368,State Assembly District,103,13404,Gabi Madden,,,14,County,Dutchess,,false,1,7,Democratic,549
5576,160,2024-06-25T00:00:00Z,Primary,Democratic,,,14,Member of Assembly,,368,State Assembly District,103,6,Scattering,,,14,County,Dutchess,,false,1,,,1
5576,160,2024-06-25T00:00:00Z,Primary,Democratic,,,14,Member of Assembly,,368,State Assembly District,103,10,Blank,,,14,County,Dutchess,,false,1,,,0
5576,160,2024-06-25T00:00:00Z,Primary,Democratic,,,14,Member of Assembly,,368,State Assembly District,103,9,Void,,,14,County,Dutchess,,false,1,,,5
5576,160,2024-06-25T00:00:00Z,Primary,Democratic,,,14,Member of Assembly,,368,State Assembly District,103,1,Total Votes,,,14,County,Dutchess,,false,1,,,1902
5576,160,2024-06-25T00:00:00Z,Primary,Democratic,,,14,Member of Assembly,,368,State Assembly District,103,367,Sarahana Shrestha,,,52,County,Ulster,,true,1,7,Democratic,7872
5576,160,2024-06-25T00:00:00Z,Primary,Democratic,,,14,Member of Assembly,,368,State Assembly District,103,13404,Gabi Madden,,,52,County,Ulster,,false,1,7,Democratic,4139
5576,160,2024-06-25T00:00:00Z,Primary,Democratic,,,14,Member of Assembly,,368,State Assembly District,103,6,Scattering,,,52,County,Ulster,,false,1,,,10
5576,160,2024-06-25T00:00:00Z,Primary,Democratic,,,14,Member of Assembly,,368,State Assembly District,103,10,Blank,,,52,County,Ulster,,false,1,,,10
5576,160,2024-06-25T00:00:00Z,Primary,Democratic,,,14,Member of Assembly,,368,State Assembly District,103,9,Void,,,52,County,Ulster,,false,1,,,13
5576,160,2024-06-25T00:00:00Z,Primary,Democratic,,,14,Member of Assembly,,368,State Assembly District,103,1,Total Votes,,,52,County,Ulster,,false,1,,,12044
5577,160,2024-06-25T00:00:00Z,Primary,Democratic,,,14,Member of Assembly,,371,State Assembly District,106,372,Didi Barrett,,,11,County,Columbia,,true,1,7,Democratic,2477
5577,160,2024-06-25T00:00:00Z,Primary,Democratic,,,14,Member of Assembly,,371,State Assembly District,106,13405,Claire Elizabeth Cousin,,,11,County,Columbia,,false,1,7,Democratic,1574
5577,160,2024-06-25T00:00:00Z,Primary,Democratic,,,14,Member of Assembly,,371,State Assembly District,106,6,Scattering,,,11,County,Columbia,,false,1,,,2
5577,160,2024-06-25T00:00:00Z,Primary,Democratic,,,14,Member of Assembly,,371,State Assembly District,106,10,Blank,,,11,County,Columbia,,false,1,,,3
5577,160,2024-06-25T00:00:00Z,Primary,Democratic,,,14,Member of Assembly,,371,State Assembly District,106,9,Void,,,11,County,Columbia,,false,1,,,1
5577,160,2024-06-25T00:00:00Z,Primary,Democratic,,,14,Member of Assembly,,371,State Assembly District,106,1,Total Votes,,,11,County,Columbia,,false,1,,,4057
5577,160,2024-06-25T00:00:00Z,Primary,Democratic,,,14,Member of Assembly,,371,State Assembly District,106,372,Didi Barrett,,,14,County,Dutchess,,true,1,7,Democratic,2351
5577,160,2024-06-25T00:00:00Z,Primary,Democratic,,,14,Member of Assembly,,371,State Assembly District,106,13405,Claire Elizabeth Cousin,,,14,County,Dutchess,,false,1,7,Democratic,2049
5577,160,2024-06-25T00:00:00Z,Primary,Democratic,,,14,Member of Assembly,,371,State Assembly District,106,6,Scattering,,,14,County,Dutchess,,false,1,,,1
5577,160,2024-06-25T00:00:00Z,Primary,Democratic,,,14,Member of Assembly,,371,State Assembly District,106,10,Blank,,,14,County,Dutchess,,false,1,,,0
5577,160,2024-06-25T00:00:00Z,Primary,Democratic,,,14,Member of Assembly,,371,State Assembly District,106,9,Void,,,14,County,Dutchess,,false,1,,,11
5577,160,2024-06-25T00:00:00Z,Primary,Democratic,,,14,Member of Assembly,,371,State Assembly District,106,1,Total Votes,,,14,County,Dutchess,,false,1,,,4412
5578,160,2024-06-25T00:00:00Z,Primary,Democratic,,,14,Member of Assembly,,372,State Assembly District,107,13407,Chloe E. Pierce,,,2,County,Albany,,false,1,7,Democratic,1652
5578,160,2024-06-25T00:00:00Z,Primary,Democratic,,,14,Member of Assembly,,372,State Assembly District,107,13406,"Kent T. Sopris, Jr.",,,2,County,Albany,,true,1,7,Democratic,1968
5578,160,2024-06-25T00:00:00Z,Primary,Democratic,,,14,Member of Assembly,,372,State Assembly District,107,6,Scattering,,,2,County,Albany,,false,1,,,19
5578,160,2024-06-25T00:00:00Z,Primary,Democratic,,,14,Member of Assembly,,372,State Assembly District,107,10,Blank,,,2,County,Albany,,false,1,,,161
5578,160,2024-06-25T00:00:00Z,Primary,Democratic,,,14,Member of Assembly,,372,State Assembly District,107,9,Void,,,2,County,Albany,,false,1,,,3
5578,160,2024-06-25T00:00:00Z,Primary,Democratic,,,14,Member of Assembly,,372,State Assembly District,107,1,Total Votes,,,2,County,Albany,,false,1,,,3803
5578,160,2024-06-25T00:00:00Z,Primary,Democratic,,,14,Member of Assembly,,372,State Assembly District,107,13407,Chloe E. Pierce,,,11,County,Columbia,,true,1,7,Democratic,627
5578,160,2024-06-25T00:00:00Z,Primary,Democratic,,,14,Member of Assembly,,372,State Assembly District,107,13406,"Kent T. Sopris, Jr.",,,11,County,Columbia,,false,1,7,Democratic,179
5578,160,2024-06-25T00:00:00Z,Primary,Democratic,,,14,Member of Assembly,,372,State Assembly District,107,6,Scattering,,,11,County,Columbia,,false,1,,,2
5578,160,2024-06-25T00:00:00Z,Primary,Democratic,,,14,Member of Assembly,,372,State Assembly District,107,10,Blank,,,11,County,Columbia,,false,1,,,2
5578,160,2024-06-25T00:00:00Z,Primary,Democratic,,,14,Member of Assembly,,372,State Assembly District,107,9,Void,,,11,County,Columbia,,false,1,,,1
5578,160,2024-06-25T00:00:00Z,Primary,Democratic,,,14,Member of Assembly,,372,State Assembly District,107,1,Total Votes,,,11,County,Columbia,,false,1,,,811
5578,160,2024-06-25T00:00:00Z,Primary,Democratic,,,14,Member of Assembly,,372,State Assembly District,107,13407,Chloe E. Pierce,,,39,County,Rensselaer ,,true,1,7,Democratic,1167
5578,160,2024-06-25T00:00:00Z,Primary,Democratic,,,14,Member of Assembly,,372,State Assembly District,107,13406,"Kent T. Sopris, Jr.",,,39,County,Rensselaer ,,false,1,7,Democratic,723
5578,160,2024-06-25T00:00:00Z,Primary,Democratic,,,14,Member of Assembly,,372,State Assembly District,107,6,Scattering,,,39,County,Rensselaer ,,false,1,,,7
5578,160,2024-06-25T00:00:00Z,Primary,Democratic,,,14,Member of Assembly,,372,State Assembly District,107,10,Blank,,,39,County,Rensselaer ,,false,1,,,3
5578,160,2024-06-25T00:00:00Z,Primary,Democratic,,,14,Member of Assembly,,372,State Assembly District,107,9,Void,,,39,County,Rensselaer ,,false,1,,,9
5578,160,2024-06-25T00:00:00Z,Primary,Democratic,,,14,Member of Assembly,,372,State Assembly District,107,1,Total Votes,,,39,County,Rensselaer ,,false,1,,,1909
5578,160,2024-06-25T00:00:00Z,Primary,Democratic,,,14,Member of Assembly,,372,State Assembly District,107,13407,Chloe E. Pierce,,,54,County,Washington,,true,1,7,Democratic,169
5578,160,2024-06-25T00:00:00Z,Primary,Democratic,,,14,Member of Assembly,,372,State Assembly District,107,13406,"Kent T. Sopris, Jr.",,,54,County,Washington,,false,1,7,Democratic,142
5578,160,2024-06-25T00:00:00Z,Primary,Democratic,,,14,Member of Assembly,,372,State Assembly District,107,6,Scattering,,,54,County,Washington,,false,1,,,0
5578,160,2024-06-25T00:00:00Z,Primary,Democratic,,,14,Member of Assembly,,372,State Assembly District,107,10,Blank,,,54,County,Washington,,false,1,,,1
5578,160,2024-06-25T00:00:00Z,Primary,Democratic,,,14,Member of Assembly,,372,State Assembly District,107,9,Void,,,54,County,Washington,,false,1,,,1
5578,160,2024-06-25T00:00:00Z,Primary,Democratic,,,14,Member of Assembly,,372,State Assembly District,107,1,Total Votes,,,54,County,Washington,,false,1,,,313
5579,160,2024-06-25T00:00:00Z,Primary,Republican,,,14,Member of Assembly,,412,State Assembly District,147,442,David J. DiPietro,,,445,County,Erie,,true,1,8,Republican,4412
5579,160,2024-06-25T00:00:00Z,Primary,Republican,,,14,Member of Assembly,,412,State Assembly District,147,13408,Mitch Martin,,,445,County,Erie,,false,1,8,Republican,966
5579,160,2024-06-25T00:00:00Z,Primary,Republican,,,14,Member of Assembly,,412,State Assembly District,147,6,Scattering,,,445,County,Erie,,false,1,,,12
5579,160,2024-06-25T00:00:00Z,Primary,Republican,,,14,Member of Assembly,,412,State Assembly District,147,10,Blank,,,445,County,Erie,,false,1,,,31
5579,160,2024-06-25T00:00:00Z,Primary,Republican,,,14,Member of Assembly,,412,State Assembly District,147,9,Void,,,445,County,Erie,,false,1,,,12
5579,160,2024-06-25T00:00:00Z,Primary,Republican,,,14,Member of Assembly,,412,State Assembly District,147,1,Total Votes,,,445,County,Erie,,false,1,,,5433
5579,160,2024-06-25T00:00:00Z,Primary,Republican,,,14,Member of Assembly,,412,State Assembly District,147,442,David J. DiPietro,,,57,County,Wyoming,,true,1,8,Republican,1300
5579,160,2024-06-25T00:00:00Z,Primary,Republican,,,14,Member of Assembly,,412,State Assembly District,147,13408,Mitch Martin,,,57,County,Wyoming,,false,1,8,Republican,324
5579,160,2024-06-25T00:00:00Z,Primary,Republican,,,14,Member of Assembly,,412,State Assembly District,147,6,Scattering,,,57,County,Wyoming,,false,1,,,1
5579,160,2024-06-25T00:00:00Z,Primary,Republican,,,14,Member of Assembly,,412,State Assembly District,147,10,Blank,,,57,County,Wyoming,,false,1,,,30
5579,160,2024-06-25T00:00:00Z,Primary,Republican,,,14,Member of Assembly,,412,State Assembly District,147,9,Void,,,57,County,Wyoming,,false,1,,,3
5579,160,2024-06-25T00:00:00Z,Primary,Republican,,,14,Member of Assembly,,412,State Assembly District,147,1,Total Votes,,,57,County,Wyoming,,false,1,,,1658
5533,156,2024-02-13T00:00:00Z,Special,,,,14,Member of Assembly,,342,State Assembly District,77,13021,Landon C. Dais,,,431,County,Bronx,,true,1,7,Democratic,1143
5533,156,2024-02-13T00:00:00Z,Special,,,,14,Member of Assembly,,342,State Assembly District,77,13022,Norman Sobe McGill,,,431,County,Bronx,,false,1,8,Republican,244
5533,156,2024-02-13T00:00:00Z,Special,,,,14,Member of Assembly,,342,State Assembly District,77,13022,Norman Sobe McGill,,,431,County,Bronx,,false,1,9,Conservative,64
5533,156,2024-02-13T00:00:00Z,Special,,,,14,Member of Assembly,,342,State Assembly District,77,6,Scattering,,,431,County,Bronx,,false,1,,,74
5533,156,2024-02-13T00:00:00Z,Special,,,,14,Member of Assembly,,342,State Assembly District,77,10,Blank,,,431,County,Bronx,,false,1,,,8
5533,156,2024-02-13T00:00:00Z,Special,,,,14,Member of Assembly,,342,State Assembly District,77,9,Void,,,431,County,Bronx,,false,1,,,0
5533,156,2024-02-13T00:00:00Z,Special,,,,14,Member of Assembly,,342,State Assembly District,77,1,Total Votes,,,431,County,Bronx,,false,1,,,1533
