{"type":"FeatureCollection","features":[{"type":"Feature","properties":{"sourceGeoid":"0102","stateFips":"01","districtCode":"02","stateCode":null,"label":"Congressional District 2"},"geometry":{"type":"MultiPolygon","coordinates":[[[[-88.46443,31.697952],[-88.464428,31.697926],[-88.464059,31.692121],[-88.463854,31.688894],[-88.463487,31.683125],[-88.462802,31.67202],[-88.462802,31.671998],[-88.462638,31.669404],[-88.462629,31.669263],[-88.462304,31.664086],[-88.462112,31.661037],[-88.462003,31.65931],[-88.461777,31.655698],[-88.461678,31.654131],[-88.461653,31.653723],[-88.461573,31.652405],[-88.461561,31.652229],[-88.461525,31.651701],[-88.461514,31.651525],[-88.461478,31.650943],[-88.461314,31.647951],[-88.460782,31.638255],[-88.460661,31.636048],[-88.460396,31.631213],[-88.460386,31.631024],[-88.460065,31.625161],[-88.459849,31.624543],[-88.459883,31.624458],[-88.459926,31.624292],[-88.460043,31.62378],[-88.460064,31.623638],[-88.460067,31.623422],[-88.460036,31.623221],[-88.459931,31.622641],[-88.459896,31.622397],[-88.459876,31.622292],[-88.459761,31.621833],[-88.459709,31.621689],[-88.459432,31.620929],[-88.459158,31.616411],[-88.458902,31.611626],[-88.458868,31.610984],[-88.457734,31.589707],[-88.457729,31.589589],[-88.457295,31.581455],[-88.457283,31.581235],[-88.456921,31.574428],[-88.456557,31.567592],[-88.456501,31.566566],[-88.456336,31.563491],[-88.456291,31.562648],[-88.456281,31.562467],[-88.456114,31.55934],[-88.455614,31.549962],[-88.455448,31.546836],[-88.455446,31.546805],[-88.455443,31.546751],[-88.45543,31.546497],[-88.455426,31.546413],[-88.455261,31.543317],[-88.455224,31.542613],[-88.455124,31.540942],[-88.45499,31.538712],[-88.454853,31.536408],[-88.454807,31.535621],[-88.454713,31.534032],[-88.45453,31.530938],[-88.454514,31.530691],[-88.454468,31.529951],[-88.454453,31.529705],[-88.454365,31.528214],[-88.454101,31.523741],[-88.454013,31.522251],[-88.453977,31.521654],[-88.453871,31.519866],[-88.453836,31.51927],[-88.453796,31.518609],[-88.453679,31.516626],[-88.45364,31.515965],[-88.453371,31.511406],[-88.453347,31.510665],[-88.453299,31.50918],[-88.453179,31.505388],[-88.453012,31.500169],[-88.452547,31.493564],[-88.45254,31.493452],[-88.452532,31.493341],[-88.452528,31.49329],[-88.452509,31.493061],[-88.451573,31.481531],[-88.451459,31.477887],[-88.4513,31.472885],[-88.45097,31.460868],[-88.450985,31.460579],[-88.45103,31.459714],[-88.451045,31.45945],[-88.451044,31.459426],[-88.45098,31.458481],[-88.450788,31.455649],[-88.450725,31.454705],[-88.450576,31.4525],[-88.450315,31.448641],[-88.450312,31.44858],[-88.450044,31.444613],[-88.45003,31.444427],[-88.450016,31.444241],[-88.450013,31.444198],[-88.450004,31.444071],[-88.450001,31.444029],[-88.449888,31.44239],[-88.44955,31.437475],[-88.449438,31.435837],[-88.449417,31.435232],[-88.449413,31.435128],[-88.44941,31.435033],[-88.449407,31.434938],[-88.449335,31.433165],[-88.448971,31.42674],[-88.44895,31.42637],[-88.44893,31.426036],[-88.448683,31.421267],[-88.448682,31.420849],[-88.448711,31.420788],[-88.448729,31.420699],[-88.448752,31.420671],[-88.448736,31.420657],[-88.448689,31.420618],[-88.448674,31.420605],[-88.44867,31.420535],[-88.448658,31.420327],[-88.448654,31.420258],[-88.448597,31.419116],[-88.448426,31.415693],[-88.448369,31.414552],[-88.448229,31.411752],[-88.447797,31.403111],[-88.447796,31.403084],[-88.447764,31.402606],[-88.44756,31.397926],[-88.447552,31.397751],[-88.447529,31.397226],[-88.447522,31.397051],[-88.447498,31.396516],[-88.447427,31.394914],[-88.447404,31.39438],[-88.447388,31.394022],[-88.44734,31.392948],[-88.447324,31.39259],[-88.447316,31.392412],[-88.447292,31.391878],[-88.447284,31.391701],[-88.447233,31.390573],[-88.447093,31.387393],[-88.447081,31.387189],[-88.447016,31.386062],[-88.446979,31.385379],[-88.446871,31.38333],[-88.446835,31.382648],[-88.446775,31.38152],[-88.446598,31.378137],[-88.446548,31.37717],[-88.446535,31.37701],[-88.446467,31.376324],[-88.446354,31.375171],[-88.446321,31.374264],[-88.446296,31.373576],[-88.44627,31.372891],[-88.446195,31.370836],[-88.44617,31.370152],[-88.44613,31.369607],[-88.446011,31.367974],[-88.445972,31.36743],[-88.445913,31.366583],[-88.445737,31.364042],[-88.445679,31.363196],[-88.445596,31.362022],[-88.445584,31.361853],[-88.445222,31.356219],[-88.445214,31.356037],[-88.445211,31.355997],[-88.445209,31.355969],[-88.445181,31.355854],[-88.444975,31.352382],[-88.444938,31.351764],[-88.444827,31.349913],[-88.444791,31.349296],[-88.444752,31.348657],[-88.444638,31.34674],[-88.4446,31.346101],[-88.444197,31.339298],[-88.443892,31.334099],[-88.44387,31.333729],[-88.44387,31.333713],[-88.443658,31.330176],[-88.443608,31.329331],[-88.443504,31.327563],[-88.443192,31.322261],[-88.443089,31.320494],[-88.443029,31.31947],[-88.442851,31.316398],[-88.442792,31.315375],[-88.442777,31.315101],[-88.442732,31.314279],[-88.442717,31.314006],[-88.442634,31.312615],[-88.442385,31.308445],[-88.442302,31.307055],[-88.44219,31.30519],[-88.441913,31.300583],[-88.441912,31.300561],[-88.4418,31.298683],[-88.441447,31.292749],[-88.441307,31.290408],[-88.441281,31.289984],[-88.440837,31.282595],[-88.440689,31.281023],[-88.440585,31.278555],[-88.439929,31.26761],[-88.439718,31.263777],[-88.439595,31.261548],[-88.439295,31.258225],[-88.438834,31.253219],[-88.438781,31.252651],[-88.43874,31.250174],[-88.43898,31.246896],[-88.438967,31.246665],[-88.43893,31.245973],[-88.438918,31.245743],[-88.438888,31.245194],[-88.4388,31.243551],[-88.438771,31.243003],[-88.438765,31.242904],[-88.438749,31.242607],[-88.438744,31.242508],[-88.438667,31.241078],[-88.438436,31.236791],[-88.43836,31.235362],[-88.438358,31.235283],[-88.438354,31.235047],[-88.438353,31.234969],[-88.438351,31.234853],[-88.438345,31.234506],[-88.438344,31.234391],[-88.438333,31.233827],[-88.43833,31.233623],[-88.438256,31.232139],[-88.438228,31.231577],[-88.438219,31.231498],[-88.438192,31.231386],[-88.438183,31.231336],[-88.438145,31.231127],[-88.438097,31.230982],[-88.438074,31.230613],[-88.438067,31.230498],[-88.438052,31.23037],[-88.438045,31.230315],[-88.438038,31.230254],[-88.438019,31.230153],[-88.438009,31.2301],[-88.438006,31.229808],[-88.437999,31.228932],[-88.437997,31.22864],[-88.437534,31.219429],[-88.437156,31.211968],[-88.437156,31.211952],[-88.436974,31.208299],[-88.436863,31.206052],[-88.436765,31.204507],[-88.436749,31.204271],[-88.436704,31.203564],[-88.436689,31.203329],[-88.436648,31.202702],[-88.436525,31.200822],[-88.436484,31.200196],[-88.436433,31.199348],[-88.436282,31.196807],[-88.436232,31.19596],[-88.43619,31.195265],[-88.436067,31.193181],[-88.436026,31.192487],[-88.435711,31.187117],[-88.435581,31.184964],[-88.435203,31.178563],[-88.435179,31.178155],[-88.435158,31.177801],[-88.435095,31.17674],[-88.435075,31.176387],[-88.435068,31.176269],[-88.435058,31.176094],[-88.435047,31.175917],[-88.43504,31.1758],[-88.435036,31.175731],[-88.43503,31.175629],[-88.435024,31.175526],[-88.43502,31.175458],[-88.434988,31.174932],[-88.434895,31.173354],[-88.434865,31.172828],[-88.434862,31.172533],[-88.434853,31.171651],[-88.43485,31.171357],[-88.434865,31.170839],[-88.434886,31.17012],[-88.434824,31.16929],[-88.434787,31.168775],[-88.434771,31.168555],[-88.434723,31.167897],[-88.434716,31.167798],[-88.434709,31.167678],[-88.434631,31.166155],[-88.434562,31.164807],[-88.43456,31.163308],[-88.434446,31.161588],[-88.434368,31.160406],[-88.434379,31.160067],[-88.4344,31.159415],[-88.434438,31.158311],[-88.434419,31.157462],[-88.434405,31.156811],[-88.434381,31.155688],[-88.434364,31.154845],[-88.434167,31.152329],[-88.43408,31.151211],[-88.433499,31.143637],[-88.433444,31.142625],[-88.433151,31.137067],[-88.432799,31.131144],[-88.432726,31.129174],[-88.432714,31.128994],[-88.432489,31.125197],[-88.432522,31.12466],[-88.432523,31.12464],[-88.432525,31.1246],[-88.432464,31.123472],[-88.432352,31.12144],[-88.432007,31.114298],[-88.431633,31.106567],[-88.431632,31.106535],[-88.43133,31.100274],[-88.430902,31.092611],[-88.430706,31.089124],[-88.430677,31.088559],[-88.43067,31.088413],[-88.430512,31.085318],[-88.430508,31.085237],[-88.430496,31.084994],[-88.430492,31.084913],[-88.430245,31.07798],[-88.430105,31.076774],[-88.430141,31.075439],[-88.430056,31.074506],[-88.429993,31.073464],[-88.429976,31.073182],[-88.429963,31.072962],[-88.429888,31.071474],[-88.429865,31.070589],[-88.429864,31.070541],[-88.429864,31.070513],[-88.429654,31.068662],[-88.42963,31.068225],[-88.429612,31.067843],[-88.429336,31.061802],[-88.429321,31.06148],[-88.429315,31.061351],[-88.429312,31.061273],[-88.4293,31.060997],[-88.429275,31.060432],[-88.429051,31.057595],[-88.42904,31.057461],[-88.428718,31.053392],[-88.428552,31.05128],[-88.4284,31.048588],[-88.428396,31.048542],[-88.427925,31.04021],[-88.4279,31.039765],[-88.427677,31.035814],[-88.427492,31.032672],[-88.426865,31.021985],[-88.426849,31.021705],[-88.426832,31.021416],[-88.426743,31.019904],[-88.426726,31.019618],[-88.426588,31.017317],[-88.426574,31.016222],[-88.426566,31.015819],[-88.426558,31.015255],[-88.426549,31.014243],[-88.426546,31.013923],[-88.425935,31.003656],[-88.425794,31.00128],[-88.425807,31.00113],[-88.425729,31.000183],[-88.425432,30.998323],[-88.425323,30.99541],[-88.425318,30.995266],[-88.425309,30.995156],[-88.425282,30.994323],[-88.425277,30.994181],[-88.425186,30.991787],[-88.425051,30.988131],[-88.425003,30.986838],[-88.424836,30.982375],[-88.424836,30.982352],[-88.424847,30.981923],[-88.42461,30.977326],[-88.424612,30.976354],[-88.424494,30.975332],[-88.424329,30.97242],[-88.424215,30.971377],[-88.424242,30.967405],[-88.424225,30.967032],[-88.424178,30.966125],[-88.424152,30.965595],[-88.423995,30.962482],[-88.423973,30.96209],[-88.423889,30.960432],[-88.423804,30.958747],[-88.423642,30.955565],[-88.42351,30.952975],[-88.423502,30.95282],[-88.423436,30.951535],[-88.423427,30.951351],[-88.423265,30.948184],[-88.423237,30.947628],[-88.42323,30.947488],[-88.423221,30.947311],[-88.42308,30.944516],[-88.423074,30.944405],[-88.422834,30.939686],[-88.422826,30.939547],[-88.422773,30.938515],[-88.422767,30.938392],[-88.422755,30.938144],[-88.422751,30.938064],[-88.422746,30.937966],[-88.422692,30.936911],[-88.422453,30.932209],[-88.42225,30.928222],[-88.422134,30.925958],[-88.422089,30.925064],[-88.422044,30.924182],[-88.422042,30.924154],[-88.421611,30.915677],[-88.421608,30.91561],[-88.420944,30.902554],[-88.420762,30.898971],[-88.42073,30.898339],[-88.420701,30.897765],[-88.420688,30.897519],[-88.42068,30.897359],[-88.420429,30.892421],[-88.420426,30.892347],[-88.420206,30.887868],[-88.420202,30.887763],[-88.419877,30.88139],[-88.419867,30.881211],[-88.41957,30.875363],[-88.419562,30.875187],[-88.418632,30.86657],[-88.418632,30.866547],[-88.418485,30.86328],[-88.418472,30.862953],[-88.418471,30.862901],[-88.418481,30.862468],[-88.418477,30.862369],[-88.418474,30.862281],[-88.41847,30.862195],[-88.41846,30.862039],[-88.41845,30.8619],[-88.418448,30.861857],[-88.418442,30.861755],[-88.418432,30.861593],[-88.418427,30.861512],[-88.418417,30.861366],[-88.418278,30.859256],[-88.418266,30.859077],[-88.418251,30.858838],[-88.41825,30.858815],[-88.418243,30.858585],[-88.418243,30.858554],[-88.418237,30.858477],[-88.418232,30.8584],[-88.418232,30.858389],[-88.418231,30.858161],[-88.418229,30.857908],[-88.418229,30.85786],[-88.418217,30.857658],[-88.418208,30.857649],[-88.418211,30.857514],[-88.418206,30.857406],[-88.418204,30.857367],[-88.418188,30.857014],[-88.418162,30.856451],[-88.418135,30.855876],[-88.417925,30.851414],[-88.417919,30.851279],[-88.417738,30.848202],[-88.41773,30.848072],[-88.417705,30.847653],[-88.4177,30.84756],[-88.417685,30.847186],[-88.417678,30.846984],[-88.41767,30.846785],[-88.417626,30.845863],[-88.417623,30.845803],[-88.41752,30.842844],[-88.417514,30.842717],[-88.417446,30.841269],[-88.41744,30.84114],[-88.417391,30.840106],[-88.41738,30.839882],[-88.417369,30.83967],[-88.4172,30.836079],[-88.417149,30.834988],[-88.417103,30.834013],[-88.41706,30.833098],[-88.416919,30.830119],[-88.416825,30.828115],[-88.416779,30.827135],[-88.416768,30.826881],[-88.416756,30.826636],[-88.416611,30.823569],[-88.416599,30.823324],[-88.416573,30.82278],[-88.416571,30.82272],[-88.416568,30.822654],[-88.416547,30.82222],[-88.415996,30.810528],[-88.415994,30.810494],[-88.415568,30.801482],[-88.415371,30.797299],[-88.41521,30.793933],[-88.415209,30.793905],[-88.415207,30.793846],[-88.415035,30.790193],[-88.415031,30.790091],[-88.41497,30.788806],[-88.414863,30.786529],[-88.414838,30.785988],[-88.41482,30.785667],[-88.41482,30.785616],[-88.414444,30.785473],[-88.414031,30.785315],[-88.413021,30.784945],[-88.411762,30.784504],[-88.411542,30.784426],[-88.410991,30.784203],[-88.410646,30.78403],[-88.410389,30.783852],[-88.409916,30.783618],[-88.40769,30.782367],[-88.406442,30.781675],[-88.40537,30.780941],[-88.404625,30.780262],[-88.404309,30.779874],[-88.403519,30.778973],[-88.402954,30.778323],[-88.402696,30.777995],[-88.40212,30.777262],[-88.401879,30.776993],[-88.40171,30.776789],[-88.401508,30.776596],[-88.401165,30.776337],[-88.400218,30.775593],[-88.399959,30.775385],[-88.399696,30.775188],[-88.399564,30.775088],[-88.399242,30.774846],[-88.398914,30.774599],[-88.398577,30.774326],[-88.396678,30.772827],[-88.396359,30.772578],[-88.395659,30.772047],[-88.395217,30.771727],[-88.394929,30.771629],[-88.394839,30.771593],[-88.394474,30.771544],[-88.393655,30.771515],[-88.393587,30.771516],[-88.392804,30.77153],[-88.392339,30.771538],[-88.391368,30.771534],[-88.389177,30.771539],[-88.388414,30.771561],[-88.388072,30.771594],[-88.387763,30.771678],[-88.387467,30.771805],[-88.387204,30.771985],[-88.386953,30.772198],[-88.386718,30.772514],[-88.386579,30.772722],[-88.38639,30.773099],[-88.386323,30.773426],[-88.386215,30.773723],[-88.386007,30.77414],[-88.385791,30.774471],[-88.385366,30.77481],[-88.38483,30.775062],[-88.384625,30.77516],[-88.384521,30.775152],[-88.38423,30.775159],[-88.383986,30.775177],[-88.3834,30.775197],[-88.38311,30.775209],[-88.382124,30.775249],[-88.381215,30.775279],[-88.380555,30.775303],[-88.380318,30.775308],[-88.379876,30.775268],[-88.37953,30.7752],[-88.379079,30.775084],[-88.378792,30.775002],[-88.37798,30.774809],[-88.377607,30.774703],[-88.375496,30.774162],[-88.375179,30.774072],[-88.374595,30.773933],[-88.373819,30.77377],[-88.373398,30.773692],[-88.373153,30.773654],[-88.37297,30.773626],[-88.372206,30.773557],[-88.370762,30.773495],[-88.368861,30.773485],[-88.367992,30.773482],[-88.367196,30.773472],[-88.366138,30.773404],[-88.365797,30.773351],[-88.365292,30.773255],[-88.36483,30.773132],[-88.364551,30.773041],[-88.363563,30.772709],[-88.362775,30.772491],[-88.361901,30.772266],[-88.361031,30.772042],[-88.360512,30.771915],[-88.360232,30.771872],[-88.35975,30.771826],[-88.35868,30.771822],[-88.357858,30.771838],[-88.357397,30.771813],[-88.357035,30.771745],[-88.35669,30.771651],[-88.356353,30.771527],[-88.356074,30.771372],[-88.355322,30.770885],[-88.355179,30.770818],[-88.355119,30.770791],[-88.354698,30.770591],[-88.353975,30.770309],[-88.353641,30.770136],[-88.353281,30.769919],[-88.353105,30.769767],[-88.352906,30.769574],[-88.352245,30.769082],[-88.352116,30.768971],[-88.35206,30.768923],[-88.35195,30.768861],[-88.351933,30.768821],[-88.351847,30.768772],[-88.351013,30.7683],[-88.349696,30.766956],[-88.34924,30.76628],[-88.348767,30.765578],[-88.348781,30.765396],[-88.348556,30.764696],[-88.348172,30.7635],[-88.348148,30.763425],[-88.348014,30.762335],[-88.347736,30.760131],[-88.347324,30.758742],[-88.346429,30.757004],[-88.345521,30.755759],[-88.344742,30.755046],[-88.343795,30.754421],[-88.342569,30.753546],[-88.341265,30.751443],[-88.340906,30.75129],[-88.340753,30.751244],[-88.339801,30.750968],[-88.339426,30.75094],[-88.339059,30.751415],[-88.338925,30.751598],[-88.338803,30.751786],[-88.338697,30.75198],[-88.33856,30.752282],[-88.338354,30.752793],[-88.338268,30.752996],[-88.338111,30.75333],[-88.337871,30.753868],[-88.337822,30.754005],[-88.337737,30.754321],[-88.337714,30.75443],[-88.337695,30.75446],[-88.337637,30.754509],[-88.336824,30.755022],[-88.336359,30.755329],[-88.336099,30.75551],[-88.335701,30.755774],[-88.335621,30.755796],[-88.33558,30.755798],[-88.335539,30.755795],[-88.335125,30.755735],[-88.334835,30.755699],[-88.334709,30.755697],[-88.334584,30.755704],[-88.334459,30.755719],[-88.334172,30.755771],[-88.333966,30.755801],[-88.333802,30.75583],[-88.333056,30.755928],[-88.332985,30.755939],[-88.33204,30.756264],[-88.331492,30.756452],[-88.330455,30.759623],[-88.329679,30.761968],[-88.329417,30.762758],[-88.329229,30.763215],[-88.329097,30.76316],[-88.329079,30.763153],[-88.327577,30.763028],[-88.32728,30.763125],[-88.327251,30.763141],[-88.327026,30.76317],[-88.326213,30.763024],[-88.325859,30.76292],[-88.325362,30.762664],[-88.325054,30.762531],[-88.324837,30.762451],[-88.322697,30.761876],[-88.322498,30.761823],[-88.321254,30.761489],[-88.320966,30.761398],[-88.320578,30.761213],[-88.320323,30.761047],[-88.319887,30.760675],[-88.319526,30.760339],[-88.319383,30.760201],[-88.319039,30.759957],[-88.318822,30.759841],[-88.31863,30.759739],[-88.317753,30.759293],[-88.317311,30.759094],[-88.316728,30.758939],[-88.316176,30.758844],[-88.315648,30.758756],[-88.315352,30.75867],[-88.315082,30.758579],[-88.31481,30.758453],[-88.314534,30.758284],[-88.314408,30.758185],[-88.314138,30.757974],[-88.313742,30.757665],[-88.313013,30.757057],[-88.312786,30.75688],[-88.312424,30.75658],[-88.31209,30.756304],[-88.311901,30.756137],[-88.311732,30.755899],[-88.311571,30.755623],[-88.31109,30.75441],[-88.31104,30.754288],[-88.310842,30.753804],[-88.310592,30.753177],[-88.310423,30.752809],[-88.310293,30.752622],[-88.310243,30.752565],[-88.310087,30.752388],[-88.309964,30.752293],[-88.309789,30.752157],[-88.309522,30.75201],[-88.309128,30.751801],[-88.308567,30.751514],[-88.307543,30.75099],[-88.30725,30.750877],[-88.30714,30.750841],[-88.305484,30.750431],[-88.305396,30.750401],[-88.304887,30.750191],[-88.304829,30.750161],[-88.30447,30.749975],[-88.304003,30.749722],[-88.303925,30.749675],[-88.303731,30.749567],[-88.303499,30.74944],[-88.303217,30.749287],[-88.30267,30.749037],[-88.302494,30.748973],[-88.30232,30.748909],[-88.302244,30.748889],[-88.302032,30.748832],[-88.301372,30.748704],[-88.298161,30.748159],[-88.297709,30.748061],[-88.29755,30.748027],[-88.295985,30.747609],[-88.295831,30.747568],[-88.295347,30.747455],[-88.294821,30.747366],[-88.294447,30.747325],[-88.294113,30.747261],[-88.293932,30.74722],[-88.293833,30.747197],[-88.293591,30.747131],[-88.293402,30.74708],[-88.293068,30.746989],[-88.292344,30.746795],[-88.290887,30.746388],[-88.289692,30.74607],[-88.289208,30.74597],[-88.288501,30.745872],[-88.288118,30.745836],[-88.287966,30.745816],[-88.287897,30.745807],[-88.287639,30.745774],[-88.287552,30.745758],[-88.287358,30.745723],[-88.287236,30.745695],[-88.286937,30.745598],[-88.28668,30.745499],[-88.286361,30.74533],[-88.285683,30.744875],[-88.285476,30.744727],[-88.285084,30.744448],[-88.284877,30.744301],[-88.283762,30.743505],[-88.283548,30.743356],[-88.282731,30.742786],[-88.282215,30.742425],[-88.281767,30.742182],[-88.281539,30.742083],[-88.281358,30.742006],[-88.280942,30.741861],[-88.280717,30.741798],[-88.280477,30.741746],[-88.278956,30.741456],[-88.278384,30.741351],[-88.277717,30.741228],[-88.277386,30.741167],[-88.276862,30.741073],[-88.276404,30.740995],[-88.275792,30.740914],[-88.275092,30.74085],[-88.27438,30.7408],[-88.274059,30.740778],[-88.27405,30.740048],[-88.274033,30.739435],[-88.274025,30.739146],[-88.274003,30.738263],[-88.273982,30.737274],[-88.273968,30.736617],[-88.273938,30.736466],[-88.273871,30.736304],[-88.272918,30.736476],[-88.272026,30.736641],[-88.269127,30.737165],[-88.268299,30.737299],[-88.268381,30.737516],[-88.269002,30.738356],[-88.269453,30.73894],[-88.269499,30.739096],[-88.26969,30.739237],[-88.269668,30.739371],[-88.269686,30.739506],[-88.269799,30.739754],[-88.26984,30.740005],[-88.269803,30.740573],[-88.268313,30.740507],[-88.267928,30.740488],[-88.267205,30.740461],[-88.26639,30.740432],[-88.264878,30.740371],[-88.263627,30.740295],[-88.263041,30.740238],[-88.262612,30.740163],[-88.262433,30.740113],[-88.261958,30.739982],[-88.261783,30.739918],[-88.261373,30.739769],[-88.260967,30.739596],[-88.260708,30.739479],[-88.260588,30.739425],[-88.260333,30.739279],[-88.260138,30.73915],[-88.260025,30.739075],[-88.259662,30.73878],[-88.25937,30.738498],[-88.258624,30.737778],[-88.257979,30.737139],[-88.257609,30.736723],[-88.257447,30.736541],[-88.257307,30.736329],[-88.257101,30.736024],[-88.256903,30.735636],[-88.256738,30.735199],[-88.256662,30.734877],[-88.256594,30.734463],[-88.256561,30.734265],[-88.256506,30.733881],[-88.256372,30.732954],[-88.256334,30.732667],[-88.256293,30.732354],[-88.256271,30.732182],[-88.256251,30.73205],[-88.256173,30.73155],[-88.256159,30.731462],[-88.256145,30.731367],[-88.256068,30.730815],[-88.255989,30.730558],[-88.255922,30.730381],[-88.255705,30.729993],[-88.255391,30.729568],[-88.255286,30.729426],[-88.255057,30.729172],[-88.254963,30.729068],[-88.254322,30.728462],[-88.253982,30.728139],[-88.253676,30.727885],[-88.253341,30.727607],[-88.252951,30.7273],[-88.252358,30.726809],[-88.254691,30.726822],[-88.254824,30.726815],[-88.254917,30.726796],[-88.254998,30.726751],[-88.255031,30.726668],[-88.255036,30.726265],[-88.255036,30.7262],[-88.255001,30.72431],[-88.254998,30.723274],[-88.255017,30.723209],[-88.255051,30.72315],[-88.255098,30.723117],[-88.255163,30.723089],[-88.255327,30.723067],[-88.256615,30.723063],[-88.259077,30.723049],[-88.259162,30.723033],[-88.25922,30.723003],[-88.259254,30.72294],[-88.259266,30.722875],[-88.259276,30.722552],[-88.259275,30.72231],[-88.259272,30.721706],[-88.259267,30.720564],[-88.25926,30.72005],[-88.259262,30.719372],[-88.259265,30.718783],[-88.259272,30.71815],[-88.259279,30.71754],[-88.259273,30.717049],[-88.25927,30.716807],[-88.259267,30.716594],[-88.259277,30.716319],[-88.259275,30.715128],[-88.259285,30.714555],[-88.25928,30.714443],[-88.259288,30.713261],[-88.259288,30.712435],[-88.259287,30.71237],[-88.259286,30.71212],[-88.257157,30.712098],[-88.257163,30.711053],[-88.25706,30.711075],[-88.25699,30.711102],[-88.256799,30.711118],[-88.256582,30.711124],[-88.256372,30.711074],[-88.256319,30.711052],[-88.256201,30.711003],[-88.255978,30.710882],[-88.255761,30.71081],[-88.255647,30.710804],[-88.255596,30.710788],[-88.254921,30.710832],[-88.254768,30.710821],[-88.254749,30.710848],[-88.25473,30.710832],[-88.254571,30.710793],[-88.254361,30.710677],[-88.254266,30.710567],[-88.254139,30.710336],[-88.253986,30.710127],[-88.253873,30.710005],[-88.253738,30.709858],[-88.25354,30.709682],[-88.253432,30.709605],[-88.253273,30.709538],[-88.25313,30.709529],[-88.253095,30.709527],[-88.253031,30.709555],[-88.25298,30.709593],[-88.252929,30.709648],[-88.252757,30.70994],[-88.252604,30.710325],[-88.252541,30.710418],[-88.252171,30.710649],[-88.252006,30.710778],[-88.251815,30.710929],[-88.251678,30.710982],[-88.251617,30.711006],[-88.251522,30.711006],[-88.251043,30.710737],[-88.251032,30.710731],[-88.250822,30.710648],[-88.250485,30.710615],[-88.250332,30.710676],[-88.250268,30.71072],[-88.250166,30.710813],[-88.250052,30.710868],[-88.250005,30.710882],[-88.249968,30.71087],[-88.249859,30.710833],[-88.249515,30.710855],[-88.249392,30.710844],[-88.249381,30.709988],[-88.249415,30.709465],[-88.249409,30.70831],[-88.249389,30.708194],[-88.249359,30.708013],[-88.249253,30.707814],[-88.248964,30.707569],[-88.24858,30.70735],[-88.248679,30.707253],[-88.248858,30.707071],[-88.249243,30.706688],[-88.250012,30.705889],[-88.249602,30.705587],[-88.249312,30.705325],[-88.249158,30.705254],[-88.248853,30.705086],[-88.248753,30.704997],[-88.248651,30.704848],[-88.248532,30.704591],[-88.248427,30.704492],[-88.246186,30.702388],[-88.245965,30.702181],[-88.245847,30.702074],[-88.245097,30.701401],[-88.244549,30.70098],[-88.244068,30.70068],[-88.24338,30.700298],[-88.24305,30.700143],[-88.242092,30.699759],[-88.241293,30.699456],[-88.240635,30.699201],[-88.239194,30.698651],[-88.239048,30.698592],[-88.238746,30.698476],[-88.23829,30.698302],[-88.23662,30.697647],[-88.234549,30.696884],[-88.234133,30.696731],[-88.234066,30.696706],[-88.234091,30.696939],[-88.234098,30.697717],[-88.234037,30.6978],[-88.233802,30.697949],[-88.233649,30.697974],[-88.233591,30.697984],[-88.231925,30.697967],[-88.23193,30.697436],[-88.232071,30.695961],[-88.231803,30.695859],[-88.231433,30.695728],[-88.231236,30.695654],[-88.230898,30.695528],[-88.23013,30.695243],[-88.22975,30.695102],[-88.228669,30.694705],[-88.228161,30.694556],[-88.227641,30.69445],[-88.227521,30.694426],[-88.227039,30.694339],[-88.226861,30.694307],[-88.226871,30.694144],[-88.226858,30.69278],[-88.22548,30.692761],[-88.225459,30.692438],[-88.225459,30.692271],[-88.22546,30.692016],[-88.225461,30.691884],[-88.225461,30.691737],[-88.225463,30.691228],[-88.225464,30.690963],[-88.225465,30.690526],[-88.225466,30.690412],[-88.225459,30.690098],[-88.225461,30.68904],[-88.225463,30.688476],[-88.225467,30.688067],[-88.225467,30.687617],[-88.225465,30.687359],[-88.225464,30.687187],[-88.225464,30.687122],[-88.225468,30.686007],[-88.225467,30.685176],[-88.225469,30.684573],[-88.22547,30.684381],[-88.225471,30.684045],[-88.225472,30.683875],[-88.225473,30.683556],[-88.225451,30.683224],[-88.225448,30.683021],[-88.225883,30.682864],[-88.226369,30.682687],[-88.226778,30.682539],[-88.226847,30.682507],[-88.227053,30.682434],[-88.227817,30.682142],[-88.228857,30.681745],[-88.229464,30.681514],[-88.229435,30.681413],[-88.229447,30.681332],[-88.229539,30.681178],[-88.229813,30.680808],[-88.229959,30.680538],[-88.230109,30.680161],[-88.230334,30.679363],[-88.230645,30.678269],[-88.230799,30.677723],[-88.231105,30.676806],[-88.23131,30.676353],[-88.231483,30.676015],[-88.231529,30.675926],[-88.231632,30.675762],[-88.23168,30.675683],[-88.231827,30.675451],[-88.232624,30.674321],[-88.23283,30.674034],[-88.233166,30.673566],[-88.233981,30.67242],[-88.234046,30.672327],[-88.234392,30.671833],[-88.234718,30.671377],[-88.234809,30.671256],[-88.235139,30.670815],[-88.235268,30.670629],[-88.235305,30.670576],[-88.235823,30.66983],[-88.236085,30.669472],[-88.236017,30.669434],[-88.23599,30.669372],[-88.23597,30.669324],[-88.235969,30.66915],[-88.235993,30.669032],[-88.23613,30.668614],[-88.236363,30.667903],[-88.236387,30.667828],[-88.236602,30.667167],[-88.236677,30.666936],[-88.23682,30.666472],[-88.236839,30.666406],[-88.236902,30.666184],[-88.237066,30.665611],[-88.237252,30.664788],[-88.237271,30.664691],[-88.237305,30.664501],[-88.23732,30.66442],[-88.237346,30.664213],[-88.237393,30.663832],[-88.237487,30.662928],[-88.237487,30.662118],[-88.237481,30.661801],[-88.237465,30.66106],[-88.237461,30.660831],[-88.237482,30.660552],[-88.237509,30.660368],[-88.237516,30.660317],[-88.237654,30.659922],[-88.237677,30.659874],[-88.237766,30.659693],[-88.237899,30.659306],[-88.237938,30.659153],[-88.237957,30.659052],[-88.237973,30.658843],[-88.237976,30.658593],[-88.237962,30.658396],[-88.237956,30.658304],[-88.237929,30.657954],[-88.237863,30.657293],[-88.237853,30.657198],[-88.237815,30.65681],[-88.237774,30.656286],[-88.237752,30.655985],[-88.23771,30.655715],[-88.23767,30.655565],[-88.2376,30.6554],[-88.237485,30.655131],[-88.237358,30.654955],[-88.237188,30.654753],[-88.237056,30.654625],[-88.236864,30.654471],[-88.236815,30.654443],[-88.236579,30.654305],[-88.236348,30.654205],[-88.236212,30.65417],[-88.235763,30.654076],[-88.235109,30.653991],[-88.234916,30.653955],[-88.234773,30.653901],[-88.234542,30.653814],[-88.234316,30.653692],[-88.234141,30.653581],[-88.233884,30.653385],[-88.233783,30.653273],[-88.233618,30.653034],[-88.233517,30.652852],[-88.233434,30.652676],[-88.233382,30.652537],[-88.233369,30.652449],[-88.23274,30.652492],[-88.232039,30.65254],[-88.231461,30.652582],[-88.231323,30.652593],[-88.230552,30.652645],[-88.229678,30.6527],[-88.229563,30.652708],[-88.229357,30.652721],[-88.228979,30.652736],[-88.228745,30.652711],[-88.228624,30.652691],[-88.228511,30.652649],[-88.228098,30.652363],[-88.227477,30.651907],[-88.227277,30.651796],[-88.227111,30.651734],[-88.227009,30.651718],[-88.226785,30.651704],[-88.226544,30.651722],[-88.22614,30.651752],[-88.225248,30.651814],[-88.224954,30.651834],[-88.224762,30.651838],[-88.224784,30.652145],[-88.224596,30.65212],[-88.224253,30.652038],[-88.223846,30.651879],[-88.222802,30.651565],[-88.222236,30.651345],[-88.221956,30.651219],[-88.221441,30.650966],[-88.220976,30.650719],[-88.220773,30.650581],[-88.220626,30.650444],[-88.220493,30.650334],[-88.220327,30.65023],[-88.219971,30.64996],[-88.219474,30.649515],[-88.21929,30.649284],[-88.218914,30.648591],[-88.218666,30.64809],[-88.21859,30.64791],[-88.218494,30.647683],[-88.218201,30.647161],[-88.218042,30.646947],[-88.21773,30.646435],[-88.21773,30.646419],[-88.217679,30.646182],[-88.217667,30.645907],[-88.217641,30.64566],[-88.217628,30.645335],[-88.217654,30.644961],[-88.217615,30.644818],[-88.217545,30.644648],[-88.217514,30.644615],[-88.217297,30.644213],[-88.217125,30.643977],[-88.217023,30.643801],[-88.216992,30.643674],[-88.216972,30.643454],[-88.216985,30.64335],[-88.217036,30.643251],[-88.217271,30.643042],[-88.217309,30.642981],[-88.217322,30.642899],[-88.217271,30.642767],[-88.217239,30.642635],[-88.217169,30.642547],[-88.216706,30.642204],[-88.216635,30.642151],[-88.216629,30.642118],[-88.216641,30.642063],[-88.216635,30.641722],[-88.216654,30.641705],[-88.216635,30.641667],[-88.216622,30.641221],[-88.21659,30.641056],[-88.216456,30.640616],[-88.216361,30.640446],[-88.216291,30.640347],[-88.21617,30.640122],[-88.215909,30.639203],[-88.215718,30.638829],[-88.215572,30.638593],[-88.2154,30.638373],[-88.215203,30.638059],[-88.21492,30.637559],[-88.214768,30.637311],[-88.214718,30.637195],[-88.214612,30.637012],[-88.214502,30.636868],[-88.214296,30.636672],[-88.214175,30.636534],[-88.214111,30.636364],[-88.214043,30.636073],[-88.214038,30.636008],[-88.213358,30.636362],[-88.21268,30.636895],[-88.212544,30.637003],[-88.21225,30.637234],[-88.212037,30.637386],[-88.211838,30.637529],[-88.21158,30.637716],[-88.211518,30.637762],[-88.211129,30.638045],[-88.210606,30.638401],[-88.210455,30.638504],[-88.210362,30.638568],[-88.210016,30.638803],[-88.209639,30.639066],[-88.209479,30.63918],[-88.209024,30.639498],[-88.208764,30.639675],[-88.208536,30.639801],[-88.208325,30.639893],[-88.208253,30.639924],[-88.208042,30.639993],[-88.207825,30.640038],[-88.20781,30.639717],[-88.207801,30.639523],[-88.207783,30.639147],[-88.207731,30.638506],[-88.207718,30.637915],[-88.207723,30.637394],[-88.207741,30.635888],[-88.207742,30.635624],[-88.207745,30.634915],[-88.207752,30.633272],[-88.207752,30.633148],[-88.207745,30.632203],[-88.207745,30.632009],[-88.207746,30.631919],[-88.207749,30.631752],[-88.207753,30.631467],[-88.207754,30.631396],[-88.207757,30.631229],[-88.207765,30.630711],[-88.207755,30.629846],[-88.207744,30.628756],[-88.207739,30.628308],[-88.207728,30.627248],[-88.207728,30.626815],[-88.207729,30.625529],[-88.207729,30.625437],[-88.207727,30.624853],[-88.207726,30.624596],[-88.207725,30.624306],[-88.207723,30.623858],[-88.207716,30.62228],[-88.207722,30.621709],[-88.207724,30.621616],[-88.207725,30.621506],[-88.207721,30.621187],[-88.207708,30.620151],[-88.207706,30.619957],[-88.207705,30.619869],[-88.207696,30.619155],[-88.207699,30.618699],[-88.207704,30.618032],[-88.207705,30.617019],[-88.207701,30.615798],[-88.2077,30.615661],[-88.207699,30.615525],[-88.2077,30.614498],[-88.207709,30.613363],[-88.20771,30.613299],[-88.207713,30.612245],[-88.207713,30.61216],[-88.207697,30.60967],[-88.207695,30.609033],[-88.207692,30.607065],[-88.207692,30.606744],[-88.2077,30.605797],[-88.207683,30.604919],[-88.207687,30.603548],[-88.207688,30.603402],[-88.207699,30.602889],[-88.207688,30.602046],[-88.207684,30.601712],[-88.207665,30.600478],[-88.207655,30.599937],[-88.207643,30.599243],[-88.207628,30.598024],[-88.207622,30.596817],[-88.207618,30.593859],[-88.207626,30.591768],[-88.207632,30.5903],[-88.207652,30.58923],[-88.207639,30.58891],[-88.207166,30.588913],[-88.20663,30.588916],[-88.206188,30.588919],[-88.205354,30.588917],[-88.204967,30.588915],[-88.204926,30.5879],[-88.204947,30.587665],[-88.204979,30.587529],[-88.205035,30.587417],[-88.205011,30.587403],[-88.204871,30.587304],[-88.204649,30.587073],[-88.204401,30.586792],[-88.204203,30.586429],[-88.203943,30.586077],[-88.203752,30.585791],[-88.203657,30.585698],[-88.203593,30.585626],[-88.203561,30.58556],[-88.203269,30.585236],[-88.203097,30.585093],[-88.203068,30.585032],[-88.203034,30.584961],[-88.203008,30.584884],[-88.202995,30.584818],[-88.202976,30.584802],[-88.202976,30.584648],[-88.202925,30.58445],[-88.2029,30.584312],[-88.202874,30.584241],[-88.202849,30.584153],[-88.202779,30.584043],[-88.202665,30.583938],[-88.202601,30.58385],[-88.202556,30.58374],[-88.202531,30.583707],[-88.202423,30.583289],[-88.202378,30.583031],[-88.202377,30.583],[-88.202372,30.582866],[-88.202277,30.582673],[-88.202124,30.582464],[-88.201965,30.582184],[-88.201946,30.582167],[-88.201924,30.582088],[-88.201914,30.582052],[-88.201831,30.581815],[-88.201831,30.581782],[-88.201812,30.581771],[-88.2018,30.581705],[-88.201774,30.581661],[-88.201748,30.581605],[-88.201723,30.581551],[-88.201698,30.581381],[-88.201672,30.581331],[-88.201659,30.581204],[-88.20164,30.580996],[-88.201558,30.580528],[-88.201539,30.580512],[-88.201526,30.580385],[-88.201488,30.580275],[-88.201412,30.579978],[-88.201366,30.579865],[-88.201329,30.579775],[-88.201278,30.57972],[-88.20124,30.579698],[-88.201106,30.579582],[-88.200896,30.579461],[-88.200744,30.579401],[-88.200515,30.579357],[-88.199835,30.579112],[-88.19771,30.578346],[-88.197484,30.578167],[-88.196015,30.577008],[-88.195557,30.576375],[-88.193343,30.573311],[-88.193249,30.573181],[-88.193217,30.573148],[-88.193198,30.573082],[-88.193134,30.572977],[-88.193052,30.572873],[-88.193051,30.572855],[-88.193001,30.572823],[-88.193,30.572805],[-88.192835,30.572581],[-88.192645,30.572378],[-88.192422,30.572031],[-88.1922,30.571821],[-88.192092,30.571718],[-88.191589,30.571283],[-88.191583,30.571261],[-88.191563,30.571255],[-88.191418,30.571091],[-88.191246,30.570937],[-88.190973,30.570673],[-88.190706,30.570464],[-88.190471,30.570271],[-88.190464,30.570249],[-88.190433,30.570244],[-88.190325,30.570117],[-88.190235,30.569947],[-88.190064,30.569325],[-88.19,30.569188],[-88.189981,30.569116],[-88.189956,30.569067],[-88.189924,30.568952],[-88.18988,30.568797],[-88.18986,30.568716],[-88.187654,30.570334],[-88.185538,30.571894],[-88.183168,30.573602],[-88.182545,30.574023],[-88.180536,30.575357],[-88.178953,30.576325],[-88.177976,30.576898],[-88.177838,30.576979],[-88.177822,30.576987],[-88.17599,30.578004],[-88.174462,30.578804],[-88.173921,30.579076],[-88.170513,30.580831],[-88.170485,30.581096],[-88.170475,30.581191],[-88.1703,30.58283],[-88.170298,30.582846],[-88.170104,30.584677],[-88.170018,30.585474],[-88.169963,30.585987],[-88.169874,30.586849],[-88.169834,30.587225],[-88.169755,30.587967],[-88.169738,30.588114],[-88.169724,30.588238],[-88.169701,30.588453],[-88.169691,30.58855],[-88.169669,30.588747],[-88.169632,30.589081],[-88.16962,30.589187],[-88.169585,30.589502],[-88.169502,30.590249],[-88.169426,30.590921],[-88.169394,30.591275],[-88.169373,30.591501],[-88.169331,30.591962],[-88.169258,30.592764],[-88.169248,30.59287],[-88.169145,30.59378],[-88.16908,30.594364],[-88.168971,30.594916],[-88.168883,30.595286],[-88.16871,30.595889],[-88.168385,30.596616],[-88.168282,30.596846],[-88.168198,30.597034],[-88.167935,30.597528],[-88.167455,30.59843],[-88.166466,30.600046],[-88.166211,30.600461],[-88.165803,30.601182],[-88.165514,30.601694],[-88.165182,30.602348],[-88.164735,30.60323],[-88.164595,30.603504],[-88.163868,30.605146],[-88.162406,30.608479],[-88.162311,30.608451],[-88.162031,30.608369],[-88.161808,30.608325],[-88.161725,30.608319],[-88.161706,30.608286],[-88.161617,30.608264],[-88.161535,30.608215],[-88.161433,30.608176],[-88.161318,30.608083],[-88.161273,30.608036],[-88.161239,30.608023],[-88.161094,30.6079],[-88.160998,30.607834],[-88.160847,30.607713],[-88.160782,30.60767],[-88.160728,30.607615],[-88.160684,30.607555],[-88.160625,30.607462],[-88.160601,30.607395],[-88.160588,30.607253],[-88.160566,30.607148],[-88.160554,30.607114],[-88.160517,30.607051],[-88.160455,30.607002],[-88.160389,30.606959],[-88.160284,30.606903],[-88.160204,30.606869],[-88.160257,30.606806],[-88.160039,30.606752],[-88.160013,30.606746],[-88.159575,30.606556],[-88.1592,30.606574],[-88.159034,30.606595],[-88.158872,30.606659],[-88.158681,30.606673],[-88.15816,30.606725],[-88.157965,30.606656],[-88.157911,30.606427],[-88.157737,30.606169],[-88.157327,30.6061],[-88.157165,30.606035],[-88.157119,30.606017],[-88.157034,30.605983],[-88.156961,30.605981],[-88.156838,30.606017],[-88.156773,30.606061],[-88.156756,30.606072],[-88.156731,30.606089],[-88.156696,30.606127],[-88.156672,30.606154],[-88.156479,30.606187],[-88.156372,30.606194],[-88.156279,30.606228],[-88.156213,30.606299],[-88.156139,30.60651],[-88.156044,30.606733],[-88.155864,30.60678],[-88.155603,30.606728],[-88.155339,30.606614],[-88.155156,30.606466],[-88.154998,30.606374],[-88.154798,30.606369],[-88.154666,30.606382],[-88.15444,30.606456],[-88.154248,30.606483],[-88.154098,30.606432],[-88.153959,30.606414],[-88.153884,30.606451],[-88.153775,30.606592],[-88.153635,30.606632],[-88.153514,30.606612],[-88.15338,30.606538],[-88.153248,30.606426],[-88.153214,30.606315],[-88.15314,30.60613],[-88.152974,30.606157],[-88.152801,30.606297],[-88.152575,30.606377],[-88.152437,30.606315],[-88.152422,30.606257],[-88.15198,30.606141],[-88.151761,30.606121],[-88.151539,30.606136],[-88.15137,30.60614],[-88.150978,30.605948],[-88.150936,30.605936],[-88.150916,30.605822],[-88.150858,30.605662],[-88.15081,30.605571],[-88.150723,30.605534],[-88.150675,30.60555],[-88.150302,30.605588],[-88.150065,30.605687],[-88.149988,30.605682],[-88.14967,30.605484],[-88.14932,30.605214],[-88.148958,30.604994],[-88.14878,30.604912],[-88.148672,30.604835],[-88.148602,30.604769],[-88.148574,30.604751],[-88.148594,30.604724],[-88.148431,30.604598],[-88.148411,30.604624],[-88.147793,30.605446],[-88.146754,30.606747],[-88.145891,30.60777],[-88.145168,30.608597],[-88.143864,30.610024],[-88.141575,30.612396],[-88.14002,30.614],[-88.137249,30.616857],[-88.137083,30.617029],[-88.136583,30.61747],[-88.136035,30.618014],[-88.135345,30.618572],[-88.13487,30.618977],[-88.134279,30.619457],[-88.133647,30.619936],[-88.1323,30.620886],[-88.131224,30.621598],[-88.130758,30.621885],[-88.130681,30.621932],[-88.129651,30.62253],[-88.129554,30.622587],[-88.129503,30.622613],[-88.129354,30.622689],[-88.128525,30.623111],[-88.127941,30.623424],[-88.127315,30.623713],[-88.127266,30.623734],[-88.126474,30.624078],[-88.124991,30.6247],[-88.124887,30.624739],[-88.124125,30.625022],[-88.123972,30.625068],[-88.123564,30.625192],[-88.122515,30.625424],[-88.121469,30.62559],[-88.121275,30.625621],[-88.12098,30.625661],[-88.120405,30.625738],[-88.120357,30.625744],[-88.119621,30.625858],[-88.119034,30.62597],[-88.11858,30.626089],[-88.118159,30.626221],[-88.117772,30.626353],[-88.117541,30.626441],[-88.116602,30.626871],[-88.112153,30.628971],[-88.110885,30.629602],[-88.11056,30.629748],[-88.10996,30.630018],[-88.109539,30.630207],[-88.106502,30.631573],[-88.10513,30.632173],[-88.102628,30.633267],[-88.098871,30.634938],[-88.097916,30.635448],[-88.09687,30.636024],[-88.096187,30.636435],[-88.095885,30.636618],[-88.095655,30.636756],[-88.095208,30.637007],[-88.094591,30.637383],[-88.093333,30.638104],[-88.092542,30.638501],[-88.092084,30.638695],[-88.090816,30.639222],[-88.090446,30.639378],[-88.089912,30.639619],[-88.089483,30.639836],[-88.08914,30.640009],[-88.089014,30.640056],[-88.088812,30.640156],[-88.08857,30.640277],[-88.088516,30.640304],[-88.087549,30.640789],[-88.086428,30.641351],[-88.086308,30.641415],[-88.085989,30.641586],[-88.084876,30.642182],[-88.084348,30.642497],[-88.0839,30.642765],[-88.082998,30.643391],[-88.082925,30.643442],[-88.080743,30.644957],[-88.079347,30.645955],[-88.079256,30.64603],[-88.079,30.64624],[-88.078876,30.646245],[-88.076275,30.648191],[-88.075671,30.648632],[-88.07551,30.648665],[-88.075448,30.648644],[-88.075385,30.648597],[-88.07531,30.648522],[-88.075166,30.648969],[-88.074966,30.649657],[-88.074807,30.649744],[-88.074232,30.650056],[-88.073317,30.650464],[-88.073094,30.65057],[-88.072073,30.651054],[-88.071996,30.651097],[-88.071455,30.651403],[-88.071003,30.651714],[-88.070296,30.652216],[-88.069805,30.652595],[-88.069492,30.652837],[-88.069069,30.653164],[-88.068864,30.653323],[-88.068103,30.653911],[-88.06619,30.655352],[-88.065992,30.655502],[-88.063789,30.657152],[-88.061454,30.658728],[-88.059278,30.660167],[-88.058183,30.660891],[-88.057996,30.661265],[-88.057733,30.661795],[-88.0575,30.661939],[-88.057223,30.662111],[-88.056278,30.66265],[-88.054804,30.663506],[-88.054672,30.663582],[-88.054216,30.663774],[-88.053365,30.664346],[-88.052195,30.665134],[-88.051809,30.66543],[-88.05148,30.665712],[-88.051062,30.666135],[-88.050759,30.666459],[-88.050391,30.666899],[-88.049905,30.667532],[-88.049802,30.667665],[-88.049239,30.668398],[-88.048822,30.668907],[-88.048743,30.669002],[-88.048643,30.669123],[-88.0486,30.669176],[-88.048563,30.669221],[-88.047448,30.670578],[-88.046914,30.671244],[-88.046833,30.671345],[-88.046558,30.671313],[-88.045498,30.672612],[-88.045198,30.673064],[-88.045025,30.673325],[-88.0448,30.673682],[-88.044748,30.673764],[-88.044333,30.67447],[-88.044274,30.674604],[-88.04453,30.674606],[-88.044187,30.675466],[-88.043833,30.676486],[-88.043631,30.677548],[-88.043328,30.679581],[-88.043186,30.680442],[-88.042765,30.683262],[-88.042751,30.683457],[-88.042658,30.684031],[-88.042481,30.685281],[-88.042365,30.685833],[-88.042036,30.687119],[-88.041914,30.687469],[-88.04187,30.68758],[-88.041597,30.688044],[-88.041495,30.688142],[-88.041386,30.688239],[-88.041288,30.688324],[-88.041171,30.688409],[-88.041058,30.688482],[-88.040823,30.688607],[-88.040706,30.688656],[-88.040572,30.688708],[-88.040471,30.688741],[-88.040345,30.688777],[-88.040231,30.688811],[-88.039857,30.688918],[-88.039663,30.688957],[-88.038911,30.689136],[-88.038678,30.689192],[-88.038692,30.689287],[-88.03876,30.689536],[-88.038825,30.689776],[-88.039007,30.690562],[-88.039026,30.690645],[-88.038826,30.690693],[-88.038577,30.690765],[-88.038246,30.690873],[-88.037524,30.691084],[-88.037307,30.691147],[-88.035583,30.691647],[-88.034811,30.691887],[-88.033305,30.692313],[-88.033263,30.692186],[-88.033269,30.692078],[-88.033263,30.691945],[-88.033431,30.691867],[-88.033975,30.691817],[-88.033975,30.691696],[-88.033895,30.690766],[-88.033762,30.690796],[-88.033737,30.690597],[-88.033721,30.690466],[-88.032038,30.690973],[-88.03169,30.691074],[-88.031567,30.691115],[-88.031512,30.691132],[-88.031209,30.691231],[-88.031061,30.691283],[-88.030078,30.691549],[-88.029383,30.691727],[-88.028777,30.69188],[-88.028391,30.691936],[-88.028134,30.691943],[-88.027715,30.691955],[-88.027419,30.691964],[-88.027353,30.691938],[-88.025474,30.691192],[-88.025403,30.691163],[-88.02524,30.691097],[-88.024611,30.690845],[-88.023709,30.690482],[-88.022329,30.689936],[-88.021447,30.689588],[-88.019106,30.688653],[-88.015761,30.687337],[-88.014467,30.686821],[-88.01387,30.686582],[-88.013587,30.686469],[-88.012578,30.686065],[-88.012341,30.685971],[-88.012058,30.685837],[-88.011376,30.685469],[-88.010461,30.684859],[-88.008829,30.683773],[-88.008822,30.683792],[-88.008815,30.683811],[-88.008396,30.684956],[-88.007874,30.685779],[-88.007801,30.685894],[-88.007758,30.685962],[-88.007607,30.686184],[-88.007269,30.686598],[-88.007258,30.686612],[-88.007132,30.686765],[-88.006968,30.686988],[-88.006651,30.687419],[-88.006334,30.68785],[-88.006284,30.687934],[-88.005718,30.688837],[-88.004651,30.690539],[-88.004603,30.690612],[-88.003522,30.692248],[-88.002408,30.693861],[-88.001721,30.695666],[-88.001401,30.697386],[-88.000997,30.698289],[-88.001065,30.700464],[-88.001294,30.702662],[-88.00166,30.704619],[-88.002469,30.706438],[-88.003297,30.708089],[-88.003415,30.708296],[-88.005185,30.709757],[-88.006922,30.7109],[-88.007764,30.711455],[-88.008695,30.712176],[-88.009207,30.712572],[-88.009719,30.712968],[-88.010327,30.713438],[-88.010797,30.714089],[-88.011685,30.715235],[-88.012027,30.715892],[-88.012145,30.716122],[-88.012263,30.716352],[-88.01254,30.716887],[-88.013684,30.719679],[-88.014897,30.722989],[-88.015485,30.727137],[-88.015149,30.730958],[-88.014279,30.734903],[-88.014275,30.7351],[-88.014256,30.736042],[-88.014237,30.736984],[-88.014218,30.737935],[-88.015498,30.739988],[-88.016142,30.741204],[-88.016493,30.741868],[-88.017181,30.742673],[-88.018248,30.74392],[-88.019897,30.745521],[-88.019935,30.745558],[-88.020228,30.745843],[-88.020344,30.745955],[-88.022337,30.747213],[-88.02277,30.747529],[-88.02394,30.748391],[-88.025111,30.749253],[-88.025236,30.749345],[-88.025312,30.749501],[-88.026274,30.751477],[-88.026298,30.751788],[-88.026319,30.753358],[-88.025633,30.755387],[-88.024778,30.757016],[-88.023939,30.75826],[-88.022779,30.759957],[-88.021315,30.762487],[-88.020198,30.764588],[-88.020002,30.766259],[-88.020277,30.767708],[-88.020346,30.767865],[-88.020872,30.769054],[-88.020976,30.7693],[-88.021284,30.770031],[-88.021698,30.771087],[-88.021917,30.771569],[-88.022198,30.772187],[-88.022198,30.773271],[-88.022198,30.774355],[-88.022198,30.774487],[-88.021956,30.774777],[-88.019327,30.777932],[-88.016698,30.781087],[-88.016923,30.781209],[-88.018389,30.782065],[-88.018523,30.782074],[-88.018575,30.782026],[-88.018684,30.782065],[-88.019244,30.782241],[-88.020473,30.782654],[-88.020639,30.782682],[-88.020818,30.782693],[-88.020913,30.782704],[-88.025672,30.783244],[-88.025805,30.783266],[-88.031112,30.782503],[-88.041082,30.781102],[-88.055345,30.778953],[-88.05546,30.778882],[-88.055626,30.778854],[-88.055963,30.778849],[-88.056014,30.778854],[-88.056836,30.778733],[-88.057154,30.778667],[-88.057174,30.778634],[-88.057239,30.778725],[-88.057301,30.77881],[-88.0576,30.778898],[-88.058161,30.779008],[-88.058339,30.779063],[-88.058594,30.779212],[-88.05876,30.779278],[-88.059588,30.779437],[-88.059913,30.779525],[-88.059942,30.779531],[-88.060038,30.779549],[-88.060368,30.779189],[-88.060433,30.779155],[-88.060779,30.779003],[-88.060785,30.778931],[-88.0609,30.778816],[-88.061015,30.778755],[-88.061276,30.778656],[-88.061582,30.778497],[-88.061926,30.778337],[-88.062384,30.778079],[-88.062798,30.777782],[-88.063015,30.777666],[-88.063219,30.7776],[-88.063531,30.777551],[-88.063837,30.777551],[-88.064665,30.777727],[-88.064913,30.777831],[-88.065045,30.777901],[-88.065162,30.777963],[-88.065467,30.778183],[-88.065792,30.778464],[-88.066404,30.77908],[-88.066601,30.779256],[-88.066723,30.779391],[-88.066824,30.779503],[-88.067028,30.779789],[-88.067117,30.77996],[-88.067207,30.780081],[-88.067366,30.780235],[-88.067436,30.780334],[-88.067468,30.7804],[-88.067475,30.780562],[-88.067696,30.780226],[-88.067764,30.780112],[-88.067828,30.780022],[-88.067893,30.780111],[-88.067936,30.780163],[-88.06823,30.780519],[-88.068464,30.780752],[-88.068642,30.78093],[-88.068727,30.780989],[-88.068949,30.781144],[-88.069121,30.781273],[-88.069575,30.781508],[-88.069782,30.781586],[-88.069985,30.781674],[-88.070056,30.781701],[-88.070161,30.781724],[-88.070724,30.781867],[-88.071696,30.782072],[-88.071823,30.782101],[-88.071898,30.782118],[-88.072104,30.782153],[-88.072141,30.782163],[-88.072273,30.782199],[-88.072425,30.782241],[-88.072421,30.782353],[-88.072413,30.782476],[-88.072411,30.782618],[-88.072407,30.782676],[-88.072438,30.782689],[-88.07231,30.785774],[-88.07225,30.787545],[-88.072532,30.787546],[-88.072644,30.787547],[-88.075674,30.787558],[-88.075801,30.787558],[-88.075872,30.787559],[-88.075991,30.787559],[-88.076023,30.787615],[-88.0761,30.787782],[-88.076161,30.787953],[-88.076142,30.788204],[-88.076169,30.788278],[-88.076204,30.788376],[-88.076244,30.788432],[-88.076248,30.788449],[-88.076324,30.788553],[-88.076397,30.788654],[-88.0765,30.788767],[-88.07662,30.788914],[-88.076701,30.788997],[-88.076759,30.789049],[-88.076887,30.789142],[-88.076994,30.789198],[-88.077072,30.789232],[-88.07741,30.789368],[-88.077647,30.789439],[-88.077968,30.789522],[-88.078126,30.789569],[-88.078406,30.789642],[-88.078674,30.789745],[-88.078713,30.789755],[-88.078878,30.789781],[-88.079036,30.789829],[-88.079111,30.78986],[-88.079182,30.789898],[-88.079215,30.789921],[-88.079301,30.789999],[-88.079393,30.79012],[-88.079456,30.790213],[-88.079522,30.790345],[-88.079617,30.790505],[-88.079648,30.790572],[-88.079728,30.790772],[-88.079751,30.790845],[-88.079858,30.791117],[-88.079906,30.791218],[-88.080025,30.791408],[-88.080075,30.791465],[-88.080162,30.791543],[-88.080457,30.791745],[-88.080561,30.791807],[-88.0806,30.791805],[-88.08076,30.791763],[-88.080817,30.791742],[-88.080865,30.791725],[-88.080914,30.791707],[-88.081073,30.791662],[-88.081285,30.791579],[-88.081257,30.791327],[-88.081259,30.791255],[-88.081273,30.791176],[-88.081296,30.791042],[-88.081357,30.790833],[-88.081385,30.790765],[-88.081433,30.790627],[-88.081492,30.790523],[-88.081543,30.790433],[-88.081652,30.790324],[-88.081742,30.790249],[-88.081842,30.790184],[-88.081983,30.790106],[-88.082208,30.790011],[-88.082467,30.789894],[-88.082894,30.789668],[-88.083227,30.78945],[-88.0836,30.789219],[-88.083663,30.789172],[-88.083752,30.789096],[-88.083828,30.78901],[-88.083864,30.788965],[-88.084013,30.788805],[-88.084245,30.788574],[-88.08452,30.788444],[-88.084731,30.788479],[-88.084893,30.788656],[-88.084909,30.788741],[-88.084905,30.788885],[-88.08488,30.789135],[-88.084812,30.789416],[-88.084766,30.789628],[-88.084757,30.7897],[-88.084749,30.789987],[-88.084714,30.790309],[-88.084692,30.790518],[-88.0846,30.790722],[-88.08452,30.790975],[-88.084536,30.791144],[-88.0846,30.791206],[-88.084675,30.791279],[-88.084913,30.791351],[-88.085096,30.791338],[-88.085369,30.791264],[-88.08565,30.791081],[-88.085793,30.790932],[-88.085877,30.790694],[-88.085866,30.790587],[-88.085895,30.790489],[-88.085893,30.790453],[-88.085837,30.790243],[-88.085835,30.7902],[-88.085952,30.790013],[-88.08611,30.789959],[-88.08621,30.790008],[-88.086318,30.7901],[-88.086451,30.790217],[-88.086601,30.790361],[-88.08679,30.790501],[-88.086997,30.790574],[-88.087222,30.790631],[-88.087362,30.790654],[-88.087572,30.790663],[-88.087842,30.790675],[-88.088113,30.790681],[-88.088298,30.790739],[-88.088452,30.790784],[-88.088648,30.790818],[-88.088784,30.790818],[-88.088954,30.790696],[-88.089025,30.790567],[-88.089025,30.790282],[-88.088994,30.790094],[-88.08896,30.789949],[-88.088904,30.789794],[-88.08885,30.789597],[-88.088861,30.78946],[-88.08893,30.789338],[-88.089091,30.78926],[-88.089274,30.789339],[-88.089324,30.789404],[-88.089428,30.789539],[-88.089536,30.789785],[-88.089558,30.789971],[-88.089566,30.790065],[-88.089638,30.790188],[-88.089715,30.790273],[-88.089746,30.790297],[-88.089816,30.790337],[-88.089853,30.790353],[-88.089974,30.790382],[-88.090016,30.790385],[-88.09014,30.790373],[-88.090306,30.790347],[-88.090387,30.790334],[-88.090628,30.790275],[-88.090818,30.790199],[-88.090926,30.790145],[-88.090995,30.790104],[-88.091087,30.790032],[-88.091112,30.790003],[-88.091223,30.789809],[-88.091332,30.789576],[-88.091411,30.789372],[-88.091569,30.788926],[-88.091609,30.788824],[-88.091718,30.788671],[-88.091744,30.788643],[-88.091834,30.788568],[-88.091987,30.788511],[-88.092066,30.788488],[-88.092399,30.788461],[-88.092733,30.788444],[-88.092897,30.788416],[-88.093086,30.788341],[-88.093156,30.788302],[-88.093254,30.788235],[-88.093316,30.788186],[-88.093472,30.788018],[-88.093531,30.787922],[-88.093644,30.787653],[-88.09366,30.787582],[-88.093658,30.78751],[-88.093653,30.787475],[-88.09357,30.787196],[-88.093556,30.787125],[-88.093556,30.787089],[-88.093574,30.787058],[-88.093602,30.787031],[-88.093732,30.786941],[-88.093807,30.786908],[-88.093888,30.786892],[-88.093972,30.786893],[-88.094013,30.786899],[-88.094174,30.786935],[-88.094212,30.786918],[-88.094291,30.786896],[-88.094333,30.786891],[-88.094374,30.786891],[-88.09454,30.786912],[-88.094661,30.78694],[-88.095032,30.786993],[-88.095205,30.78704],[-88.095242,30.787058],[-88.095282,30.787068],[-88.095364,30.787081],[-88.095571,30.787104],[-88.095775,30.787141],[-88.095859,30.787144],[-88.095942,30.787136],[-88.095981,30.787124],[-88.096087,30.787181],[-88.096125,30.787197],[-88.096365,30.78726],[-88.096568,30.787302],[-88.09697,30.787398],[-88.097051,30.787413],[-88.097175,30.787429],[-88.097298,30.78745],[-88.097506,30.787468],[-88.097673,30.787472],[-88.097805,30.787482],[-88.097887,30.787469],[-88.098136,30.787439],[-88.09822,30.787435],[-88.098429,30.787444],[-88.098594,30.787432],[-88.098624,30.787458],[-88.09869,30.787502],[-88.0988,30.787554],[-88.098879,30.787578],[-88.099125,30.787622],[-88.099249,30.787637],[-88.099415,30.787649],[-88.09954,30.787665],[-88.099565,30.787669],[-88.099909,30.787727],[-88.100009,30.787732],[-88.10023,30.787744],[-88.100577,30.787767],[-88.100768,30.787712],[-88.100864,30.787694],[-88.101431,30.787568],[-88.101548,30.787529],[-88.101668,30.787497],[-88.101859,30.787424],[-88.101944,30.787379],[-88.102015,30.787513],[-88.102067,30.787489],[-88.102303,30.787313],[-88.102379,30.787241],[-88.1025,30.787049],[-88.102589,30.786845],[-88.102697,30.786553],[-88.102755,30.786284],[-88.102786,30.786064],[-88.102818,30.78591],[-88.102895,30.785734],[-88.102977,30.785646],[-88.103162,30.785503],[-88.103347,30.785426],[-88.103583,30.785387],[-88.10378,30.785426],[-88.10392,30.785508],[-88.104003,30.78558],[-88.104169,30.785783],[-88.104341,30.78603],[-88.10457,30.78641],[-88.104647,30.786503],[-88.104717,30.786536],[-88.104851,30.786586],[-88.104991,30.786619],[-88.105399,30.786608],[-88.105571,30.786563],[-88.105673,30.786492],[-88.105781,30.786376],[-88.105832,30.786244],[-88.105844,30.786085],[-88.105876,30.785837],[-88.105946,30.785617],[-88.105965,30.785568],[-88.106048,30.785441],[-88.106188,30.785144],[-88.106213,30.785067],[-88.106245,30.785029],[-88.10629,30.784858],[-88.106385,30.784605],[-88.106474,30.784457],[-88.106532,30.784391],[-88.106563,30.784374],[-88.106672,30.784385],[-88.106729,30.784435],[-88.106742,30.784605],[-88.106742,30.785249],[-88.106774,30.785408],[-88.106851,30.785546],[-88.106965,30.785683],[-88.10701,30.785765],[-88.107144,30.785903],[-88.10731,30.785996],[-88.107469,30.786035],[-88.107711,30.786007],[-88.107857,30.785848],[-88.107908,30.785771],[-88.107934,30.785749],[-88.107997,30.785611],[-88.108118,30.785391],[-88.108277,30.785149],[-88.108481,30.784896],[-88.108672,30.784698],[-88.10892,30.784489],[-88.109335,30.784351],[-88.109513,30.784329],[-88.10973,30.784384],[-88.109902,30.78445],[-88.110004,30.784521],[-88.110176,30.784604],[-88.110373,30.784664],[-88.110532,30.784675],[-88.110755,30.784659],[-88.110966,30.784604],[-88.111112,30.784576],[-88.11122,30.784427],[-88.111271,30.784312],[-88.11136,30.784048],[-88.111424,30.783657],[-88.111436,30.783459],[-88.111424,30.783382],[-88.111379,30.783245],[-88.111404,30.78281],[-88.111347,30.782684],[-88.1112,30.78253],[-88.111111,30.782475],[-88.11106,30.782469],[-88.110996,30.782502],[-88.110984,30.782596],[-88.111067,30.782827],[-88.111105,30.78303],[-88.111092,30.783553],[-88.111048,30.783657],[-88.110978,30.783718],[-88.110895,30.783707],[-88.110819,30.78368],[-88.11064,30.783515],[-88.110398,30.78335],[-88.110366,30.7833],[-88.110379,30.78324],[-88.11043,30.783168],[-88.110544,30.78308],[-88.110729,30.78286],[-88.110799,30.782745],[-88.110818,30.782723],[-88.110882,30.782547],[-88.110901,30.78225],[-88.1109,30.78209],[-88.110881,30.782019],[-88.110843,30.781936],[-88.110754,30.781843],[-88.110486,30.781755],[-88.110327,30.781683],[-88.110193,30.78165],[-88.109728,30.781656],[-88.109626,30.781634],[-88.109588,30.781596],[-88.109601,30.781425],[-88.109632,30.781343],[-88.109728,30.78126],[-88.109887,30.781166],[-88.110142,30.781089],[-88.110288,30.781023],[-88.110409,30.780919],[-88.110568,30.780633],[-88.110619,30.780578],[-88.110702,30.780512],[-88.111008,30.780385],[-88.111033,30.780352],[-88.111046,30.780083],[-88.111097,30.78],[-88.111192,30.779923],[-88.111345,30.779857],[-88.111619,30.779802],[-88.111868,30.779829],[-88.111931,30.779818],[-88.11204,30.779741],[-88.112129,30.779609],[-88.112281,30.779416],[-88.112422,30.779301],[-88.112536,30.779262],[-88.112759,30.77924],[-88.113371,30.779268],[-88.11353,30.779323],[-88.113626,30.779416],[-88.113657,30.779498],[-88.11367,30.779603],[-88.1136,30.77985],[-88.113677,30.779916],[-88.114021,30.780037],[-88.114167,30.780142],[-88.114206,30.780208],[-88.114187,30.780345],[-88.114136,30.780472],[-88.114136,30.780532],[-88.114238,30.780604],[-88.114486,30.780736],[-88.114582,30.780802],[-88.114639,30.780901],[-88.114627,30.781099],[-88.114601,30.781181],[-88.114614,30.781352],[-88.114652,30.781495],[-88.114684,30.781555],[-88.11471,30.781703],[-88.114742,30.78177],[-88.114799,30.781808],[-88.114882,30.781841],[-88.115079,30.781879],[-88.115602,30.781868],[-88.115691,30.781907],[-88.115742,30.781989],[-88.115793,30.78222],[-88.115825,30.782495],[-88.11585,30.78255],[-88.115876,30.782726],[-88.115921,30.782814],[-88.11608,30.783094],[-88.116123,30.783161],[-88.11616,30.783104],[-88.116203,30.783048],[-88.116285,30.782941],[-88.116367,30.783072],[-88.116532,30.783254],[-88.116647,30.783309],[-88.116736,30.783336],[-88.116927,30.78332],[-88.117068,30.78327],[-88.117208,30.783127],[-88.117246,30.783061],[-88.117297,30.782819],[-88.117309,30.782555],[-88.117354,30.782478],[-88.11743,30.782429],[-88.117838,30.782472],[-88.117946,30.7825],[-88.118118,30.782588],[-88.118182,30.782654],[-88.118182,30.782758],[-88.118017,30.782989],[-88.118017,30.78305],[-88.118055,30.783072],[-88.118115,30.783059],[-88.11824,30.783033],[-88.118412,30.782978],[-88.118571,30.78295],[-88.118692,30.782961],[-88.118762,30.782978],[-88.118819,30.783022],[-88.118851,30.783082],[-88.118826,30.783242],[-88.118768,30.783374],[-88.118673,30.78355],[-88.118578,30.783748],[-88.118501,30.783957],[-88.118444,30.784144],[-88.118444,30.784276],[-88.118462,30.784289],[-88.118508,30.78432],[-88.118597,30.784292],[-88.11875,30.784127],[-88.118756,30.784089],[-88.118845,30.78394],[-88.118896,30.783896],[-88.118947,30.78388],[-88.119005,30.783885],[-88.119094,30.783929],[-88.119259,30.784105],[-88.119393,30.784287],[-88.119578,30.784484],[-88.119712,30.784688],[-88.119744,30.78482],[-88.119744,30.784919],[-88.11977,30.784957],[-88.119833,30.784957],[-88.120126,30.78488],[-88.120375,30.784864],[-88.12047,30.784897],[-88.12054,30.78494],[-88.120611,30.785017],[-88.120706,30.785232],[-88.120815,30.785292],[-88.120904,30.785259],[-88.12098,30.785155],[-88.121139,30.78488],[-88.121203,30.784808],[-88.121305,30.784753],[-88.121426,30.784759],[-88.121598,30.784802],[-88.121783,30.784885],[-88.122324,30.785022],[-88.122464,30.785088],[-88.122496,30.785143],[-88.122509,30.785468],[-88.122541,30.785523],[-88.122656,30.785572],[-88.122732,30.785588],[-88.122917,30.785544],[-88.122987,30.785511],[-88.123146,30.78539],[-88.123758,30.785016],[-88.12384,30.784939],[-88.124095,30.784636],[-88.124165,30.784488],[-88.124222,30.784295],[-88.124273,30.784202],[-88.124324,30.784152],[-88.124451,30.78413],[-88.124681,30.784262],[-88.124808,30.784322],[-88.124923,30.784344],[-88.125002,30.784345],[-88.125067,30.784296],[-88.125115,30.784249],[-88.12514,30.784201],[-88.125145,30.78417],[-88.125141,30.784112],[-88.125102,30.784008],[-88.125079,30.78398],[-88.125064,30.783932],[-88.125042,30.783753],[-88.125058,30.78369],[-88.125082,30.783657],[-88.125139,30.783608],[-88.125187,30.783595],[-88.125235,30.783596],[-88.125283,30.783624],[-88.125394,30.783724],[-88.125452,30.783819],[-88.125526,30.783963],[-88.125565,30.784019],[-88.12562,30.784081],[-88.125731,30.784172],[-88.125771,30.784187],[-88.125813,30.784209],[-88.125867,30.784228],[-88.125966,30.784246],[-88.126026,30.784223],[-88.126075,30.784196],[-88.126116,30.784158],[-88.12618,30.784073],[-88.126201,30.78398],[-88.126239,30.783874],[-88.126279,30.783812],[-88.126368,30.783737],[-88.126415,30.78371],[-88.12648,30.78369],[-88.126508,30.783687],[-88.126545,30.783676],[-88.126739,30.783709],[-88.126871,30.783755],[-88.127046,30.783805],[-88.127117,30.78384],[-88.127325,30.783904],[-88.127409,30.783915],[-88.12754,30.783906],[-88.12758,30.783886],[-88.127653,30.783804],[-88.127661,30.783783],[-88.127661,30.783734],[-88.12765,30.78367],[-88.127616,30.783583],[-88.127554,30.783458],[-88.127451,30.783319],[-88.127396,30.783257],[-88.127322,30.783112],[-88.127294,30.783049],[-88.127272,30.782946],[-88.127273,30.782863],[-88.127282,30.782846],[-88.127285,30.782825],[-88.127297,30.782802],[-88.127305,30.782774],[-88.127386,30.782699],[-88.127483,30.782645],[-88.127523,30.782631],[-88.127554,30.782625],[-88.127595,30.782604],[-88.127667,30.782598],[-88.127867,30.7826],[-88.128034,30.782629],[-88.128058,30.782629],[-88.128165,30.782654],[-88.128342,30.782712],[-88.12844,30.782757],[-88.128642,30.782876],[-88.12886,30.783043],[-88.128924,30.783098],[-88.129041,30.783238],[-88.129147,30.78339],[-88.129201,30.783477],[-88.129262,30.783577],[-88.129277,30.783611],[-88.129309,30.78366],[-88.129316,30.783687],[-88.129347,30.783736],[-88.129359,30.783771],[-88.129519,30.784068],[-88.129707,30.784463],[-88.129785,30.784563],[-88.129966,30.784755],[-88.129998,30.784799],[-88.130085,30.7849],[-88.1301,30.784935],[-88.130171,30.785024],[-88.130187,30.785059],[-88.130478,30.785438],[-88.130596,30.785531],[-88.13066,30.785546],[-88.130765,30.785547],[-88.130876,30.785527],[-88.130928,30.78551],[-88.131037,30.785501],[-88.131188,30.785523],[-88.131315,30.785566],[-88.131451,30.785601],[-88.131585,30.785611],[-88.131635,30.785595],[-88.131682,30.785562],[-88.131732,30.785494],[-88.131748,30.785411],[-88.131735,30.785225],[-88.1317,30.785118],[-88.131697,30.78508],[-88.131704,30.785045],[-88.131753,30.785004],[-88.131881,30.784978],[-88.131977,30.784965],[-88.132049,30.784966],[-88.132209,30.784953],[-88.132464,30.784956],[-88.132582,30.784996],[-88.132747,30.785089],[-88.132822,30.785145],[-88.13294,30.785277],[-88.132988,30.785318],[-88.133051,30.785354],[-88.133102,30.785371],[-88.133258,30.785386],[-88.1334,30.785365],[-88.133515,30.785324],[-88.133647,30.785286],[-88.133699,30.785284],[-88.133799,30.785261],[-88.133851,30.785258],[-88.133891,30.785244],[-88.134059,30.785232],[-88.134123,30.785218],[-88.134155,30.785219],[-88.134291,30.785207],[-88.134442,30.785208],[-88.134575,30.785199],[-88.134646,30.785206],[-88.134771,30.785211],[-88.134858,30.785197],[-88.134958,30.785196],[-88.13509,30.7852],[-88.135241,30.785228],[-88.135288,30.785264],[-88.135328,30.785312],[-88.135327,30.785415],[-88.135302,30.785463],[-88.135157,30.785621],[-88.135108,30.785682],[-88.135112,30.785703],[-88.135108,30.785737],[-88.135091,30.785772],[-88.135122,30.78591],[-88.135175,30.786048],[-88.135223,30.786124],[-88.135301,30.786235],[-88.135324,30.786283],[-88.135443,30.786429],[-88.135482,30.786464],[-88.135593,30.786582],[-88.135703,30.786686],[-88.135823,30.78679],[-88.136107,30.786986],[-88.13629,30.787084],[-88.136393,30.787134],[-88.136463,30.787153],[-88.13668,30.787198],[-88.136704,30.787198],[-88.136792,30.787212],[-88.136911,30.787214],[-88.137183,30.787244],[-88.137326,30.787273],[-88.13735,30.787272],[-88.137661,30.787345],[-88.137685,30.787344],[-88.137748,30.787366],[-88.137788,30.787387],[-88.137821,30.787394],[-88.137911,30.787443],[-88.137987,30.787499],[-88.138026,30.787547],[-88.138057,30.787623],[-88.138081,30.787651],[-88.138135,30.787769],[-88.138182,30.787845],[-88.138324,30.788039],[-88.138427,30.788171],[-88.138489,30.78824],[-88.138544,30.78832],[-88.138706,30.788477],[-88.138861,30.788581],[-88.138945,30.788606],[-88.139044,30.788611],[-88.13914,30.78859],[-88.139251,30.788559],[-88.139324,30.788524],[-88.139385,30.788482],[-88.139405,30.788452],[-88.139446,30.788414],[-88.139486,30.788394],[-88.139571,30.788393],[-88.139646,30.788409],[-88.139686,30.788409],[-88.13975,30.788424],[-88.139933,30.788419],[-88.140044,30.788433],[-88.140207,30.788531],[-88.140307,30.788615],[-88.140369,30.788684],[-88.140432,30.788775],[-88.140455,30.788823],[-88.140479,30.788851],[-88.140518,30.788961],[-88.140564,30.789072],[-88.140635,30.789165],[-88.140738,30.789259],[-88.140802,30.789294],[-88.140829,30.789302],[-88.14092,30.789343],[-88.14104,30.789414],[-88.141226,30.789553],[-88.141345,30.789636],[-88.141459,30.789734],[-88.141566,30.789852],[-88.141601,30.7899],[-88.141656,30.790005],[-88.141687,30.790157],[-88.141677,30.790573],[-88.141696,30.790673],[-88.14172,30.790721],[-88.141767,30.790763],[-88.141894,30.790854],[-88.141949,30.790875],[-88.142072,30.790935],[-88.142101,30.790945],[-88.142152,30.790919],[-88.142285,30.79083],[-88.142326,30.79081],[-88.142382,30.790789],[-88.14243,30.790776],[-88.142574,30.790778],[-88.142669,30.790799],[-88.142709,30.790813],[-88.142838,30.790882],[-88.142986,30.791002],[-88.143059,30.791009],[-88.143114,30.791009],[-88.143201,30.790992],[-88.143339,30.790922],[-88.143387,30.790909],[-88.143443,30.790909],[-88.143621,30.791065],[-88.143721,30.791515],[-88.143849,30.792153],[-88.144175,30.793778],[-88.144375,30.794777],[-88.144572,30.795586],[-88.144614,30.795859],[-88.144916,30.797242],[-88.145106,30.798265],[-88.145124,30.798361],[-88.145286,30.799112],[-88.145457,30.799831],[-88.145679,30.800956],[-88.145809,30.801491],[-88.145868,30.801944],[-88.145959,30.802403],[-88.146062,30.802821],[-88.146076,30.80288],[-88.146107,30.803046],[-88.146227,30.803034],[-88.146404,30.80302],[-88.146611,30.803043],[-88.147264,30.803031],[-88.148195,30.803026],[-88.149596,30.802989],[-88.150285,30.802977],[-88.150492,30.802961],[-88.150808,30.802939],[-88.150821,30.803216],[-88.15083,30.803376],[-88.150906,30.805176],[-88.151001,30.80696],[-88.151083,30.807448],[-88.151227,30.807984],[-88.151385,30.808464],[-88.151591,30.808981],[-88.151788,30.809375],[-88.151846,30.809491],[-88.152192,30.810014],[-88.152409,30.810327],[-88.152717,30.810718],[-88.153037,30.811065],[-88.153281,30.811291],[-88.153901,30.811865],[-88.154315,30.812208],[-88.15534,30.813054],[-88.155712,30.813369],[-88.156612,30.814135],[-88.157352,30.814746],[-88.158198,30.815433],[-88.159353,30.816356],[-88.159854,30.816738],[-88.16031,30.817148],[-88.161295,30.817967],[-88.162122,30.818627],[-88.162525,30.818966],[-88.163092,30.819456],[-88.163391,30.819737],[-88.16356,30.819907],[-88.163705,30.820064],[-88.163888,30.819937],[-88.16432,30.819786],[-88.166155,30.819192],[-88.166286,30.819144],[-88.166345,30.819147],[-88.166324,30.819005],[-88.166226,30.818912],[-88.166254,30.818716],[-88.166323,30.81857],[-88.166408,30.818489],[-88.166545,30.818445],[-88.166998,30.818483],[-88.167125,30.818485],[-88.167245,30.817904],[-88.167408,30.817564],[-88.167538,30.817434],[-88.167707,30.817239],[-88.167784,30.817106],[-88.167815,30.816928],[-88.167805,30.816709],[-88.167754,30.8165],[-88.167812,30.816361],[-88.167781,30.816279],[-88.167669,30.816293],[-88.167435,30.816347],[-88.16717,30.816375],[-88.167091,30.816318],[-88.167034,30.816225],[-88.167135,30.816088],[-88.166977,30.815865],[-88.166826,30.815728],[-88.166715,30.815651],[-88.166622,30.815428],[-88.166631,30.81535],[-88.166593,30.815188],[-88.166802,30.815107],[-88.167429,30.814844],[-88.167637,30.814783],[-88.167908,30.814748],[-88.168411,30.814749],[-88.168898,30.814774],[-88.169611,30.814792],[-88.17076,30.814794],[-88.171565,30.814789],[-88.172359,30.814782],[-88.172617,30.814768],[-88.172901,30.814753],[-88.173555,30.814596],[-88.173606,30.814571],[-88.174172,30.814287],[-88.174586,30.814067],[-88.17531,30.813683],[-88.175678,30.813479],[-88.176028,30.813281],[-88.17723,30.812638],[-88.177761,30.812361],[-88.178126,30.81218],[-88.178412,30.812077],[-88.178672,30.81201],[-88.179069,30.811989],[-88.179443,30.812038],[-88.17956,30.81206],[-88.179761,30.812097],[-88.180927,30.812329],[-88.181325,30.812379],[-88.182134,30.812435],[-88.183025,30.812498],[-88.183479,30.812534],[-88.183822,30.812553],[-88.184416,30.81261],[-88.1854,30.812678],[-88.185642,30.812709],[-88.186059,30.812763],[-88.186251,30.812819],[-88.186427,30.812869],[-88.187104,30.813085],[-88.187339,30.813148],[-88.187716,30.813248],[-88.188985,30.813378],[-88.189535,30.813435],[-88.19007,30.813478],[-88.190402,30.813475],[-88.190497,30.813441],[-88.191204,30.813198],[-88.191447,30.813134],[-88.191488,30.813385],[-88.191483,30.813554],[-88.191489,30.813979],[-88.191481,30.814472],[-88.191473,30.814933],[-88.191477,30.815199],[-88.191478,30.81529],[-88.191482,30.815851],[-88.191483,30.816102],[-88.191478,30.817024],[-88.191472,30.817535],[-88.191479,30.81759],[-88.191494,30.817709],[-88.191537,30.817907],[-88.191664,30.818361],[-88.191648,30.818676],[-88.191637,30.819468],[-88.191636,30.819933],[-88.191635,30.820391],[-88.191635,30.820614],[-88.191633,30.821265],[-88.191777,30.821295],[-88.19199,30.821319],[-88.192432,30.821299],[-88.193099,30.821283],[-88.193518,30.821287],[-88.194131,30.821294],[-88.195278,30.821283],[-88.197175,30.821272],[-88.197421,30.821068],[-88.19745,30.821054],[-88.197511,30.821007],[-88.197595,30.820959],[-88.197868,30.820817],[-88.198055,30.820734],[-88.19814,30.820709],[-88.198189,30.820688],[-88.198269,30.820661],[-88.198352,30.820626],[-88.198609,30.820532],[-88.198751,30.820507],[-88.198798,30.820494],[-88.198951,30.820467],[-88.199082,30.820452],[-88.199154,30.820438],[-88.199334,30.820382],[-88.199472,30.820306],[-88.199495,30.820283],[-88.199512,30.820259],[-88.199657,30.82017],[-88.199793,30.820144],[-88.199865,30.820145],[-88.199985,30.820098],[-88.200144,30.820099],[-88.200155,30.819955],[-88.200175,30.819941],[-88.200443,30.819874],[-88.200457,30.819858],[-88.200532,30.819771],[-88.200553,30.819766],[-88.200621,30.819697],[-88.20075,30.819608],[-88.20087,30.819589],[-88.200979,30.819514],[-88.201007,30.8195],[-88.20121,30.819512],[-88.201222,30.819564],[-88.201362,30.81949],[-88.20143,30.819442],[-88.201583,30.81936],[-88.201792,30.819265],[-88.201953,30.819184],[-88.202033,30.81915],[-88.20225,30.819076],[-88.202425,30.819026],[-88.20247,30.819013],[-88.202498,30.81901],[-88.202575,30.818987],[-88.20261,30.818983],[-88.202658,30.81897],[-88.202782,30.818947],[-88.202819,30.818944],[-88.202963,30.818917],[-88.202994,30.818918],[-88.203059,30.818904],[-88.20309,30.818904],[-88.203155,30.818891],[-88.203178,30.818892],[-88.203242,30.818878],[-88.203358,30.818869],[-88.203442,30.818867],[-88.20355,30.81887],[-88.203626,30.818868],[-88.203914,30.818829],[-88.204074,30.81883],[-88.204216,30.818858],[-88.20442,30.818926],[-88.204447,30.818929],[-88.204523,30.818954],[-88.204567,30.818958],[-88.204607,30.818972],[-88.204786,30.819012],[-88.204982,30.819044],[-88.205081,30.81907],[-88.205109,30.819073],[-88.205157,30.819087],[-88.205282,30.819114],[-88.205384,30.819141],[-88.205412,30.819144],[-88.205662,30.819226],[-88.20569,30.819229],[-88.205917,30.819297],[-88.205945,30.819301],[-88.205985,30.819315],[-88.206096,30.819344],[-88.206176,30.819357],[-88.206279,30.819386],[-88.206463,30.819429],[-88.206494,30.819443],[-88.206542,30.819457],[-88.206829,30.819514],[-88.207131,30.819559],[-88.207204,30.819573],[-88.207235,30.819573],[-88.207323,30.819587],[-88.207435,30.819588],[-88.207523,30.819603],[-88.207554,30.819603],[-88.207594,30.819617],[-88.207627,30.819618],[-88.207809,30.819668],[-88.208239,30.819823],[-88.208338,30.819855],[-88.208367,30.819858],[-88.208549,30.819908],[-88.208636,30.819936],[-88.208685,30.819957],[-88.208755,30.819999],[-88.208819,30.820054],[-88.208929,30.820208],[-88.208956,30.82028],[-88.208968,30.820345],[-88.208967,30.820387],[-88.20895,30.820497],[-88.208904,30.82061],[-88.208886,30.820768],[-88.208912,30.820938],[-88.209013,30.8212],[-88.209084,30.821346],[-88.209235,30.821719],[-88.209327,30.821933],[-88.20937,30.822023],[-88.209699,30.822625],[-88.209776,30.822805],[-88.209887,30.823006],[-88.209902,30.82304],[-88.21005,30.823289],[-88.210129,30.8234],[-88.210145,30.823435],[-88.210192,30.823497],[-88.210262,30.823628],[-88.210286,30.823656],[-88.210309,30.823705],[-88.210333,30.823732],[-88.210371,30.823809],[-88.210396,30.823836],[-88.210418,30.823885],[-88.210443,30.823913],[-88.210536,30.824044],[-88.210552,30.824079],[-88.210803,30.824412],[-88.210819,30.824446],[-88.210859,30.824494],[-88.210882,30.824543],[-88.210906,30.824571],[-88.211008,30.824719],[-88.211217,30.824918],[-88.211537,30.825155],[-88.211807,30.825378],[-88.212099,30.825552],[-88.212274,30.825643],[-88.21245,30.82572],[-88.212489,30.825741],[-88.212513,30.825748],[-88.212703,30.825847],[-88.213128,30.826091],[-88.213195,30.82614],[-88.213321,30.82621],[-88.213464,30.826273],[-88.213731,30.826361],[-88.213759,30.826366],[-88.213918,30.826422],[-88.214089,30.826474],[-88.214117,30.826479],[-88.214204,30.826507],[-88.214304,30.826532],[-88.214332,30.826535],[-88.214372,30.826549],[-88.214452,30.826564],[-88.214492,30.826578],[-88.214914,30.826651],[-88.215009,30.826671],[-88.215113,30.8267],[-88.215294,30.826762],[-88.215486,30.826841],[-88.215558,30.826877],[-88.215709,30.826918],[-88.215813,30.82694],[-88.216048,30.827001],[-88.216076,30.827004],[-88.216116,30.827018],[-88.216298,30.827068],[-88.216392,30.827101],[-88.216481,30.827139],[-88.216529,30.827167],[-88.216584,30.827188],[-88.216938,30.827383],[-88.217037,30.827454],[-88.217155,30.827572],[-88.217218,30.827661],[-88.217289,30.827748],[-88.217415,30.827887],[-88.217817,30.828293],[-88.217951,30.828439],[-88.217999,30.828498],[-88.218086,30.828591],[-88.218227,30.828731],[-88.21837,30.828897],[-88.218479,30.82905],[-88.218557,30.829195],[-88.218659,30.829423],[-88.218693,30.829517],[-88.218707,30.829648],[-88.218728,30.829958],[-88.218769,30.830148],[-88.218863,30.830369],[-88.219011,30.830645],[-88.219113,30.830756],[-88.21924,30.830875],[-88.219359,30.830965],[-88.219481,30.831029],[-88.219583,30.831089],[-88.219756,30.831189],[-88.219826,30.831238],[-88.219965,30.831322],[-88.220009,30.831357],[-88.220087,30.831461],[-88.220107,30.831512],[-88.22011,30.83164],[-88.220123,30.831805],[-88.220146,30.831867],[-88.220186,30.831916],[-88.220249,30.831972],[-88.220336,30.83202],[-88.22044,30.832042],[-88.220635,30.832109],[-88.220682,30.83213],[-88.220974,30.832246],[-88.221163,30.832288],[-88.221199,30.832294],[-88.221396,30.832323],[-88.221657,30.832359],[-88.221732,30.832362],[-88.221834,30.832366],[-88.221935,30.832405],[-88.221989,30.832493],[-88.221998,30.832613],[-88.222036,30.832815],[-88.222055,30.832917],[-88.222098,30.832951],[-88.222241,30.833032],[-88.222431,30.833133],[-88.222477,30.833146],[-88.222638,30.834219],[-88.22266,30.834337],[-88.222704,30.834385],[-88.222783,30.834499],[-88.222884,30.834586],[-88.222919,30.834992],[-88.222911,30.835301],[-88.222905,30.835502],[-88.222913,30.836072],[-88.222893,30.836746],[-88.221176,30.836892],[-88.220403,30.836939],[-88.220142,30.836945],[-88.219749,30.836912],[-88.219477,30.836885],[-88.218728,30.836701],[-88.21829,30.836603],[-88.21753,30.836445],[-88.21712,30.836411],[-88.216801,30.836414],[-88.216583,30.836416],[-88.216003,30.836483],[-88.21557,30.836577],[-88.215515,30.836595],[-88.214159,30.837054],[-88.213303,30.837349],[-88.212559,30.837595],[-88.212057,30.837712],[-88.211609,30.837764],[-88.21099,30.837789],[-88.210415,30.837794],[-88.20996,30.837714],[-88.20966,30.837588],[-88.209136,30.837273],[-88.209021,30.837196],[-88.20793,30.836462],[-88.207551,30.836222],[-88.205427,30.835231],[-88.204796,30.834943],[-88.204446,30.834808],[-88.204179,30.83472],[-88.203797,30.834652],[-88.202383,30.834474],[-88.201861,30.834411],[-88.200919,30.834306],[-88.200181,30.834207],[-88.199197,30.834081],[-88.198804,30.83407],[-88.198484,30.834092],[-88.19817,30.834191],[-88.197828,30.834332],[-88.197625,30.834487],[-88.197412,30.83467],[-88.197232,30.834911],[-88.197135,30.835107],[-88.197052,30.835311],[-88.197012,30.835409],[-88.196822,30.835702],[-88.196702,30.835837],[-88.196471,30.836011],[-88.196164,30.836224],[-88.195896,30.836392],[-88.195848,30.836422],[-88.195483,30.836598],[-88.195202,30.836701],[-88.194768,30.836807],[-88.194628,30.836841],[-88.193834,30.837001],[-88.193712,30.837026],[-88.193287,30.837078],[-88.192972,30.837118],[-88.19228,30.837101],[-88.192208,30.837095],[-88.190387,30.836943],[-88.189788,30.836882],[-88.189161,30.836818],[-88.188928,30.836803],[-88.188771,30.836793],[-88.188264,30.83676],[-88.188046,30.836764],[-88.187787,30.83677],[-88.187407,30.836777],[-88.186155,30.836843],[-88.184775,30.836908],[-88.184669,30.836914],[-88.184393,30.836961],[-88.184469,30.837033],[-88.184996,30.83754],[-88.185663,30.838191],[-88.185692,30.838218],[-88.18605,30.838574],[-88.1864,30.838953],[-88.186799,30.839431],[-88.187169,30.839893],[-88.187641,30.840531],[-88.18784,30.84079],[-88.188079,30.841138],[-88.188429,30.841647],[-88.188452,30.841681],[-88.188832,30.842302],[-88.188924,30.842453],[-88.189379,30.843245],[-88.189501,30.843492],[-88.189653,30.843799],[-88.190102,30.844719],[-88.190193,30.844909],[-88.190761,30.846316],[-88.190889,30.846658],[-88.191224,30.847552],[-88.191387,30.847956],[-88.191508,30.848255],[-88.19164,30.848581],[-88.192138,30.849925],[-88.192243,30.85021],[-88.192777,30.851549],[-88.193337,30.853043],[-88.193511,30.853484],[-88.19356,30.853618],[-88.193516,30.853625],[-88.193492,30.853624],[-88.19342,30.853638],[-88.193261,30.853678],[-88.193232,30.853681],[-88.193124,30.853704],[-88.192861,30.853729],[-88.192784,30.853726],[-88.192637,30.853727],[-88.192573,30.85374],[-88.192549,30.85374],[-88.19242,30.853788],[-88.192332,30.853828],[-88.192204,30.853875],[-88.192156,30.853888],[-88.191948,30.853915],[-88.191708,30.853912],[-88.191464,30.853893],[-88.191277,30.853895],[-88.191203,30.85391],[-88.191141,30.853928],[-88.19102,30.853996],[-88.190957,30.854016],[-88.190832,30.854012],[-88.190773,30.853987],[-88.190702,30.853938],[-88.190635,30.853875],[-88.190615,30.853862],[-88.190535,30.853855],[-88.190479,30.85386],[-88.190415,30.853874],[-88.190252,30.853971],[-88.190108,30.854024],[-88.190022,30.854042],[-88.18991,30.854034],[-88.189839,30.854006],[-88.189726,30.853992],[-88.189639,30.854005],[-88.189619,30.854018],[-88.189591,30.854025],[-88.189495,30.854093],[-88.189421,30.854154],[-88.189349,30.854236],[-88.189307,30.854326],[-88.189278,30.854446],[-88.189281,30.854511],[-88.189265,30.854559],[-88.189248,30.85458],[-88.189184,30.854614],[-88.189033,30.854633],[-88.18896,30.854619],[-88.188913,30.854605],[-88.188877,30.854601],[-88.188682,30.854534],[-88.188647,30.854531],[-88.18853,30.854533],[-88.18849,30.854546],[-88.188275,30.854572],[-88.188067,30.854584],[-88.187951,30.8546],[-88.187705,30.854651],[-88.18757,30.85469],[-88.187542,30.854693],[-88.187426,30.854723],[-88.187322,30.854743],[-88.187286,30.854746],[-88.18717,30.854769],[-88.187075,30.854782],[-88.18701,30.854795],[-88.186986,30.854795],[-88.186689,30.854849],[-88.186482,30.854908],[-88.186321,30.854927],[-88.186038,30.854949],[-88.185939,30.854923],[-88.185851,30.854888],[-88.1857,30.854811],[-88.185597,30.854734],[-88.185416,30.854575],[-88.185305,30.854471],[-88.185225,30.854415],[-88.185186,30.854401],[-88.185144,30.854378],[-88.185067,30.854351],[-88.18478,30.854293],[-88.184501,30.854271],[-88.184405,30.85427],[-88.184117,30.854288],[-88.183977,30.85429],[-88.183909,30.854286],[-88.183838,30.854271],[-88.183608,30.854132],[-88.183503,30.854089],[-88.183413,30.854058],[-88.183282,30.854005],[-88.183032,30.853879],[-88.182848,30.853791],[-88.182826,30.853778],[-88.182708,30.85395],[-88.182605,30.854156],[-88.182471,30.854468],[-88.182413,30.854698],[-88.182371,30.854908],[-88.182337,30.855257],[-88.182321,30.856246],[-88.182335,30.856476],[-88.18226,30.856667],[-88.182151,30.856864],[-88.182032,30.857032],[-88.181848,30.857239],[-88.181687,30.857355],[-88.181481,30.857477],[-88.181372,30.857526],[-88.181348,30.857567],[-88.181295,30.857561],[-88.18115,30.857621],[-88.180703,30.857785],[-88.180492,30.857863],[-88.179727,30.858157],[-88.179026,30.858359],[-88.178541,30.858468],[-88.177492,30.859181],[-88.175644,30.861531],[-88.175324,30.862072],[-88.174986,30.862282],[-88.174974,30.862371],[-88.17495,30.862425],[-88.174976,30.862739],[-88.174936,30.862817],[-88.174832,30.862942],[-88.174702,30.862997],[-88.17455,30.863041],[-88.174451,30.863115],[-88.17442,30.863169],[-88.17442,30.863181],[-88.174422,30.86326],[-88.174438,30.86334],[-88.174451,30.863361],[-88.174638,30.863661],[-88.174574,30.863759],[-88.174461,30.863847],[-88.173704,30.864317],[-88.17344,30.864491],[-88.173073,30.864712],[-88.172594,30.865051],[-88.172531,30.865145],[-88.172479,30.865249],[-88.172426,30.865439],[-88.172396,30.865582],[-88.172412,30.865873],[-88.172405,30.866152],[-88.172458,30.866583],[-88.172501,30.866805],[-88.172586,30.867006],[-88.172713,30.867165],[-88.17305,30.867563],[-88.173137,30.867709],[-88.173178,30.867826],[-88.1732,30.867917],[-88.173232,30.868309],[-88.173234,30.868525],[-88.173252,30.868706],[-88.17324,30.868956],[-88.173226,30.869146],[-88.173196,30.869348],[-88.173139,30.869631],[-88.173114,30.869697],[-88.173091,30.869842],[-88.173022,30.87009],[-88.172683,30.870662],[-88.172125,30.871529],[-88.171255,30.872514],[-88.170951,30.872725],[-88.169858,30.872977],[-88.16964,30.873183],[-88.169419,30.873513],[-88.169237,30.87384],[-88.168844,30.87438],[-88.168776,30.874794],[-88.168738,30.874935],[-88.168677,30.875004],[-88.168611,30.875101],[-88.168376,30.875293],[-88.168098,30.875553],[-88.167653,30.876008],[-88.167503,30.876145],[-88.16729,30.876239],[-88.167003,30.876315],[-88.166706,30.87641],[-88.166348,30.876573],[-88.165772,30.876909],[-88.164747,30.87738],[-88.164529,30.877538],[-88.164329,30.877729],[-88.164134,30.877945],[-88.164,30.878043],[-88.163855,30.878132],[-88.163726,30.878172],[-88.163479,30.878297],[-88.163293,30.878231],[-88.162767,30.878088],[-88.162352,30.877988],[-88.162265,30.877967],[-88.162042,30.87775],[-88.161863,30.877358],[-88.161773,30.876927],[-88.161615,30.876404],[-88.161518,30.876268],[-88.161358,30.876125],[-88.161317,30.876089],[-88.161166,30.876024],[-88.160568,30.875956],[-88.160376,30.875963],[-88.16005,30.875942],[-88.159836,30.875948],[-88.159616,30.875984],[-88.159409,30.876064],[-88.158966,30.87618],[-88.158646,30.876323],[-88.158333,30.876525],[-88.157965,30.876781],[-88.157808,30.876851],[-88.157696,30.876881],[-88.157459,30.876888],[-88.157273,30.876865],[-88.157137,30.876798],[-88.157017,30.876673],[-88.156721,30.876418],[-88.156635,30.876298],[-88.156584,30.876196],[-88.15647,30.876114],[-88.156136,30.875985],[-88.155937,30.875837],[-88.155546,30.875617],[-88.155008,30.875345],[-88.154832,30.875283],[-88.154531,30.875072],[-88.15435,30.874956],[-88.153634,30.874438],[-88.153464,30.874303],[-88.153158,30.874155],[-88.153049,30.874035],[-88.153008,30.87389],[-88.152989,30.873744],[-88.152915,30.873652],[-88.152791,30.8736],[-88.152397,30.873608],[-88.152076,30.873631],[-88.151546,30.873601],[-88.151312,30.873616],[-88.151253,30.873619],[-88.151079,30.873659],[-88.150833,30.873753],[-88.150564,30.873916],[-88.150317,30.873962],[-88.149783,30.874045],[-88.149558,30.874042],[-88.149169,30.874011],[-88.148932,30.873945],[-88.148613,30.873844],[-88.148418,30.873814],[-88.147926,30.873692],[-88.14774,30.873689],[-88.147498,30.873701],[-88.147173,30.873796],[-88.146891,30.873905],[-88.146635,30.874004],[-88.145513,30.874373],[-88.144677,30.874672],[-88.144397,30.874786],[-88.14419,30.874924],[-88.144012,30.875086],[-88.143902,30.875271],[-88.143857,30.875452],[-88.143826,30.875579],[-88.143831,30.875643],[-88.143846,30.875833],[-88.144162,30.876345],[-88.144419,30.876663],[-88.144768,30.877058],[-88.144945,30.877299],[-88.145135,30.877614],[-88.145211,30.877861],[-88.145241,30.878035],[-88.145207,30.878526],[-88.145165,30.878774],[-88.145035,30.879203],[-88.144958,30.879383],[-88.144865,30.879549],[-88.144667,30.879995],[-88.144385,30.880521],[-88.144528,30.88055],[-88.147384,30.880781],[-88.148214,30.880928],[-88.148339,30.880951],[-88.148585,30.881034],[-88.148838,30.88119],[-88.149106,30.881363],[-88.149357,30.881539],[-88.149591,30.881681],[-88.150013,30.881897],[-88.150564,30.882136],[-88.151206,30.88236],[-88.151598,30.882478],[-88.151915,30.882604],[-88.152206,30.88268],[-88.15251,30.882699],[-88.15324,30.882685],[-88.153423,30.882741],[-88.154543,30.883325],[-88.154845,30.883537],[-88.155155,30.88378],[-88.155374,30.884021],[-88.155602,30.884349],[-88.155722,30.884663],[-88.155784,30.884881],[-88.155947,30.885455],[-88.156043,30.885841],[-88.156152,30.885947],[-88.156273,30.886039],[-88.156373,30.88611],[-88.156592,30.886301],[-88.156735,30.886458],[-88.156845,30.88665],[-88.156973,30.886957],[-88.157118,30.887257],[-88.157381,30.887684],[-88.157617,30.888047],[-88.157947,30.88851],[-88.158176,30.888923],[-88.158313,30.889259],[-88.158359,30.889351],[-88.158449,30.889531],[-88.158535,30.889795],[-88.158655,30.890095],[-88.158809,30.890444],[-88.158902,30.890557],[-88.158327,30.891128],[-88.158065,30.891446],[-88.157673,30.891951],[-88.157661,30.892024],[-88.157538,30.892168],[-88.157294,30.892543],[-88.157058,30.892939],[-88.156929,30.893255],[-88.156734,30.893629],[-88.156537,30.893874],[-88.155921,30.894403],[-88.155542,30.894685],[-88.155237,30.89486],[-88.1545,30.895024],[-88.154413,30.895012],[-88.153991,30.895145],[-88.153493,30.895228],[-88.152848,30.895413],[-88.152567,30.895537],[-88.152386,30.895682],[-88.152213,30.895834],[-88.151952,30.896194],[-88.151716,30.896591],[-88.151373,30.897081],[-88.151021,30.897507],[-88.150742,30.897824],[-88.150074,30.898524],[-88.149811,30.898791],[-88.149319,30.899261],[-88.148498,30.900076],[-88.14784,30.900598],[-88.147181,30.901084],[-88.147071,30.901198],[-88.146857,30.90135],[-88.146462,30.901662],[-88.146058,30.901944],[-88.145827,30.902083],[-88.145757,30.90209],[-88.145531,30.902693],[-88.145443,30.902966],[-88.145379,30.903124],[-88.145107,30.903992],[-88.145077,30.904336],[-88.145162,30.905167],[-88.145268,30.905675],[-88.145373,30.906125],[-88.145501,30.907133],[-88.145553,30.907319],[-88.145518,30.907434],[-88.145551,30.907784],[-88.145626,30.908593],[-88.145648,30.909445],[-88.145662,30.910006],[-88.145653,30.910865],[-88.145638,30.911208],[-88.145592,30.911459],[-88.145557,30.911735],[-88.145524,30.912267],[-88.145435,30.912869],[-88.145354,30.913295],[-88.145355,30.91331],[-88.145307,30.913588],[-88.145242,30.913806],[-88.145229,30.914291],[-88.145179,30.915047],[-88.145178,30.916035],[-88.145178,30.9162],[-88.145178,30.91656],[-88.145167,30.917235],[-88.145131,30.918321],[-88.145137,30.918848],[-88.145111,30.919057],[-88.145125,30.919424],[-88.145111,30.919967],[-88.145095,30.920236],[-88.145056,30.920935],[-88.145053,30.920994],[-88.145035,30.921222],[-88.145033,30.921874],[-88.145055,30.922151],[-88.145092,30.922604],[-88.145179,30.922787],[-88.145216,30.922863],[-88.145353,30.923297],[-88.145401,30.923477],[-88.145543,30.924],[-88.145597,30.924365],[-88.145636,30.924499],[-88.145638,30.924649],[-88.145679,30.924874],[-88.145776,30.925701],[-88.145827,30.925926],[-88.145862,30.926417],[-88.145868,30.92686],[-88.145868,30.926893],[-88.145854,30.92712],[-88.145836,30.927428],[-88.145761,30.927671],[-88.145753,30.927796],[-88.145677,30.927947],[-88.14564,30.928123],[-88.145481,30.928572],[-88.145445,30.928814],[-88.145354,30.929275],[-88.145326,30.92935],[-88.145129,30.930111],[-88.14501,30.930647],[-88.144955,30.93099],[-88.144799,30.931728],[-88.144626,30.932607],[-88.144551,30.932867],[-88.1444,30.933218],[-88.144049,30.933823],[-88.143424,30.935089],[-88.143321,30.935333],[-88.143294,30.935533],[-88.14366,30.935304],[-88.14403,30.935043],[-88.144646,30.934678],[-88.145358,30.934304],[-88.146536,30.93391],[-88.147963,30.933391],[-88.148399,30.933233],[-88.149262,30.932935],[-88.149629,30.932813],[-88.149967,30.932701],[-88.15071,30.932409],[-88.152503,30.931933],[-88.154241,30.93138],[-88.154598,30.931293],[-88.155189,30.93111],[-88.155711,30.930989],[-88.156832,30.930678],[-88.157643,30.930462],[-88.158011,30.9304],[-88.158047,30.930391],[-88.158214,30.930348],[-88.158658,30.930252],[-88.159088,30.93014],[-88.159678,30.930001],[-88.160026,30.929964],[-88.160404,30.929936],[-88.160598,30.929984],[-88.161016,30.930064],[-88.161531,30.930066],[-88.16204,30.93007],[-88.162437,30.930041],[-88.162834,30.929996],[-88.163433,30.92984],[-88.16407,30.929617],[-88.164426,30.929455],[-88.164744,30.929327],[-88.165226,30.929055],[-88.165706,30.928733],[-88.166071,30.928429],[-88.166569,30.927957],[-88.166821,30.927564],[-88.167279,30.926941],[-88.16772,30.926528],[-88.168072,30.926271],[-88.168807,30.925883],[-88.16936,30.925703],[-88.170086,30.925587],[-88.170418,30.925529],[-88.170743,30.925473],[-88.171112,30.925461],[-88.171449,30.925308],[-88.171796,30.925171],[-88.17229,30.9251],[-88.172733,30.924912],[-88.173254,30.924673],[-88.173764,30.924409],[-88.173887,30.924298],[-88.174435,30.923942],[-88.174667,30.923748],[-88.174878,30.923604],[-88.175263,30.923367],[-88.175994,30.922942],[-88.176323,30.922848],[-88.176821,30.922818],[-88.178149,30.922814],[-88.17845,30.922845],[-88.179014,30.922973],[-88.179646,30.923151],[-88.180473,30.923428],[-88.180979,30.923616],[-88.181145,30.923689],[-88.181908,30.923883],[-88.182667,30.924126],[-88.182959,30.924191],[-88.183469,30.924094],[-88.183464,30.924131],[-88.183468,30.924154],[-88.183506,30.924258],[-88.183545,30.924307],[-88.183663,30.924521],[-88.183703,30.924576],[-88.18374,30.924721],[-88.183752,30.924814],[-88.18373,30.924934],[-88.183689,30.925016],[-88.183656,30.925057],[-88.183648,30.925085],[-88.183567,30.925152],[-88.183528,30.925159],[-88.183503,30.925179],[-88.183384,30.925192],[-88.183335,30.925212],[-88.183191,30.925245],[-88.183073,30.925277],[-88.182931,30.925309],[-88.182823,30.925324],[-88.182691,30.925361],[-88.182423,30.925393],[-88.182345,30.925415],[-88.182239,30.92543],[-88.182175,30.925449],[-88.182151,30.92547],[-88.18199,30.925503],[-88.181822,30.92555],[-88.18179,30.925576],[-88.181428,30.925759],[-88.181292,30.925868],[-88.18117,30.925983],[-88.181146,30.926022],[-88.181082,30.926079],[-88.181041,30.926133],[-88.181016,30.926195],[-88.181,30.92625],[-88.181028,30.926574],[-88.18104,30.92689],[-88.181101,30.927193],[-88.181131,30.927269],[-88.181154,30.927296],[-88.18117,30.927345],[-88.181209,30.927401],[-88.181217,30.927435],[-88.181233,30.927455],[-88.181248,30.927511],[-88.181303,30.927559],[-88.181295,30.92758],[-88.181313,30.927734],[-88.181266,30.927986],[-88.181254,30.928009],[-88.181228,30.928129],[-88.181204,30.928181],[-88.181183,30.928266],[-88.181163,30.928318],[-88.181124,30.928499],[-88.181102,30.928688],[-88.181131,30.928847],[-88.181153,30.929019],[-88.181113,30.929345],[-88.181065,30.929454],[-88.181024,30.929495],[-88.180983,30.929585],[-88.180934,30.929646],[-88.180918,30.92968],[-88.180894,30.929708],[-88.180878,30.929756],[-88.180821,30.929824],[-88.180804,30.929879],[-88.18078,30.929899],[-88.180763,30.929954],[-88.180739,30.929974],[-88.180657,30.930173],[-88.180604,30.930286],[-88.180582,30.930406],[-88.180504,30.930595],[-88.180483,30.930687],[-88.180458,30.930748],[-88.180417,30.930789],[-88.180393,30.930858],[-88.180361,30.930892],[-88.180352,30.930926],[-88.18032,30.930968],[-88.180303,30.931022],[-88.180271,30.931057],[-88.180254,30.931111],[-88.180222,30.931146],[-88.180198,30.931214],[-88.180115,30.93133],[-88.180099,30.931378],[-88.180059,30.931432],[-88.179994,30.93157],[-88.179969,30.931597],[-88.179936,30.931652],[-88.179904,30.931685],[-88.179806,30.931933],[-88.179736,30.932072],[-88.179731,30.932097],[-88.179674,30.932159],[-88.179626,30.932274],[-88.179601,30.932323],[-88.179559,30.932494],[-88.179536,30.932558],[-88.179501,30.932724],[-88.179492,30.932741],[-88.179481,30.932906],[-88.17957,30.933199],[-88.1796,30.933405],[-88.179595,30.933443],[-88.179504,30.933662],[-88.179439,30.933799],[-88.179391,30.933861],[-88.179383,30.933895],[-88.179333,30.933956],[-88.179124,30.934127],[-88.179076,30.934153],[-88.179035,30.93416],[-88.178988,30.934194],[-88.178947,30.934214],[-88.178907,30.934221],[-88.178859,30.934255],[-88.178815,30.934275],[-88.178694,30.934398],[-88.178657,30.934452],[-88.178618,30.934547],[-88.178575,30.934599],[-88.178455,30.934705],[-88.178398,30.934739],[-88.17831,30.934755],[-88.178225,30.934782],[-88.177911,30.934769],[-88.177827,30.934744],[-88.177624,30.934718],[-88.177456,30.93471],[-88.177058,30.93472],[-88.176929,30.934767],[-88.176832,30.934862],[-88.176816,30.93491],[-88.176702,30.935012],[-88.176284,30.935363],[-88.176195,30.935452],[-88.176122,30.935516],[-88.176104,30.935599],[-88.176114,30.935822],[-88.176084,30.936004],[-88.176059,30.936031],[-88.175928,30.936367],[-88.175899,30.936418],[-88.175877,30.936607],[-88.175791,30.936803],[-88.175761,30.937011],[-88.175757,30.937913],[-88.175745,30.938249],[-88.175741,30.938607],[-88.17576,30.939074],[-88.175747,30.939411],[-88.175839,30.939673],[-88.175949,30.939908],[-88.17601,30.940053],[-88.176042,30.940102],[-88.17608,30.940205],[-88.17612,30.940267],[-88.176258,30.940413],[-88.176278,30.940441],[-88.176285,30.940464],[-88.1763,30.940482],[-88.17633,30.940688],[-88.176396,30.940857],[-88.176479,30.941417],[-88.176503,30.941508],[-88.176574,30.94168],[-88.176629,30.941749],[-88.176637,30.941784],[-88.176676,30.941825],[-88.176706,30.941908],[-88.176756,30.942404],[-88.176804,30.942446],[-88.17683,30.942569],[-88.176912,30.942749],[-88.176943,30.94279],[-88.176951,30.942825],[-88.176974,30.942853],[-88.177036,30.94297],[-88.177154,30.943122],[-88.177281,30.943275],[-88.177394,30.943443],[-88.177437,30.94349],[-88.1775,30.943573],[-88.177531,30.943656],[-88.177563,30.94371],[-88.177594,30.943752],[-88.17761,30.943814],[-88.177633,30.943842],[-88.177834,30.944366],[-88.177897,30.944435],[-88.17807,30.944664],[-88.178132,30.944754],[-88.178179,30.944847],[-88.178262,30.944941],[-88.178305,30.945003],[-88.178407,30.945193],[-88.17843,30.945217],[-88.178438,30.945252],[-88.178493,30.94532],[-88.17868,30.945666],[-88.17872,30.945715],[-88.178767,30.945804],[-88.178806,30.945853],[-88.178899,30.946026],[-88.178939,30.946074],[-88.178954,30.946116],[-88.178993,30.946157],[-88.179048,30.946265],[-88.17908,30.946296],[-88.179158,30.946403],[-88.179395,30.946648],[-88.179403,30.946673],[-88.179418,30.946691],[-88.179418,30.946711],[-88.179489,30.946774],[-88.179607,30.946926],[-88.179669,30.947016],[-88.179693,30.947078],[-88.179783,30.947168],[-88.179804,30.947196],[-88.179819,30.94723],[-88.17985,30.947258],[-88.179913,30.947328],[-88.179921,30.947351],[-88.179945,30.947376],[-88.179944,30.947396],[-88.179999,30.947459],[-88.180023,30.947507],[-88.180054,30.947556],[-88.180117,30.947632],[-88.180153,30.947682],[-88.180282,30.947819],[-88.180298,30.947853],[-88.180653,30.948197],[-88.180709,30.948259],[-88.180835,30.94838],[-88.181167,30.948652],[-88.181229,30.948714],[-88.181459,30.948895],[-88.181688,30.949028],[-88.181815,30.949108],[-88.181862,30.949132],[-88.181895,30.949139],[-88.181943,30.949181],[-88.182006,30.949216],[-88.182093,30.949258],[-88.182204,30.949328],[-88.182394,30.94944],[-88.182425,30.949447],[-88.182497,30.949492],[-88.182783,30.949653],[-88.182834,30.949677],[-88.182854,30.949691],[-88.182917,30.949706],[-88.182958,30.949733],[-88.183021,30.949748],[-88.18312,30.949817],[-88.183217,30.949896],[-88.183368,30.950019],[-88.183487,30.950088],[-88.183511,30.950089],[-88.184373,30.950825],[-88.184436,30.95086],[-88.184492,30.950874],[-88.184523,30.950895],[-88.184579,30.950909],[-88.184611,30.950931],[-88.18465,30.950938],[-88.184797,30.951028],[-88.184951,30.951132],[-88.185157,30.951314],[-88.185244,30.95141],[-88.185275,30.951493],[-88.185298,30.951569],[-88.18536,30.951673],[-88.185537,30.951888],[-88.18558,30.951949],[-88.185635,30.952054],[-88.185674,30.952157],[-88.185697,30.952185],[-88.18572,30.952253],[-88.185744,30.952281],[-88.185797,30.952433],[-88.185844,30.952612],[-88.185859,30.952716],[-88.185882,30.952742],[-88.185898,30.952778],[-88.185988,30.952881],[-88.18607,30.952999],[-88.186133,30.953124],[-88.186156,30.953151],[-88.186203,30.953241],[-88.186225,30.953268],[-88.186243,30.95329],[-88.186274,30.953344],[-88.186392,30.953476],[-88.186501,30.953622],[-88.18651,30.953635],[-88.186556,30.953746],[-88.186603,30.953815],[-88.186618,30.95387],[-88.186642,30.953926],[-88.18672,30.954057],[-88.186806,30.954174],[-88.18683,30.954222],[-88.187075,30.954466],[-88.187082,30.95449],[-88.187137,30.954548],[-88.187161,30.954579],[-88.187279,30.954701],[-88.187357,30.954811],[-88.187412,30.954915],[-88.187435,30.954943],[-88.187459,30.954992],[-88.187513,30.955068],[-88.187529,30.955129],[-88.187575,30.955247],[-88.187616,30.955282],[-88.187599,30.955302],[-88.187683,30.955639],[-88.187687,30.955894],[-88.187661,30.956107],[-88.18762,30.956203],[-88.187575,30.956282],[-88.187562,30.956313],[-88.18753,30.95636],[-88.187497,30.956394],[-88.187473,30.956463],[-88.187448,30.95649],[-88.187416,30.956538],[-88.187383,30.95662],[-88.187359,30.95664],[-88.187343,30.956682],[-88.187181,30.956835],[-88.186786,30.957171],[-88.186589,30.957314],[-88.1864,30.95746],[-88.186326,30.957532],[-88.18631,30.957566],[-88.186286,30.957594],[-88.186262,30.957642],[-88.186108,30.957778],[-88.186022,30.957987],[-88.186005,30.958048],[-88.18589,30.958648],[-88.185865,30.958745],[-88.185762,30.959002],[-88.185758,30.959039],[-88.185765,30.95906],[-88.185716,30.959094],[-88.185684,30.959176],[-88.185659,30.959204],[-88.185651,30.959238],[-88.185627,30.959265],[-88.185602,30.959348],[-88.185578,30.959379],[-88.185465,30.959498],[-88.185432,30.959559],[-88.185399,30.9596],[-88.185383,30.959635],[-88.185359,30.959662],[-88.185247,30.959946],[-88.185217,30.960128],[-88.185153,30.960183],[-88.185097,30.960217],[-88.185056,30.960222],[-88.185032,30.960243],[-88.184897,30.960276],[-88.184794,30.960294],[-88.18472,30.96035],[-88.184704,30.960412],[-88.18469,30.960443],[-88.18466,30.960632],[-88.184651,30.960804],[-88.184675,30.961076],[-88.184712,30.961344],[-88.18471,30.961795],[-88.184734,30.961815],[-88.18471,30.961835],[-88.184684,30.962021],[-88.184644,30.962653],[-88.184626,30.962804],[-88.18461,30.962845],[-88.184566,30.962893],[-88.184537,30.962938],[-88.184473,30.962995],[-88.184351,30.963087],[-88.184262,30.963183],[-88.184133,30.963308],[-88.184117,30.963336],[-88.183996,30.963459],[-88.183979,30.963493],[-88.183906,30.963596],[-88.183897,30.963636],[-88.183857,30.963684],[-88.183849,30.963719],[-88.183809,30.96376],[-88.183743,30.963917],[-88.183694,30.963978],[-88.183694,30.963999],[-88.183661,30.964034],[-88.183616,30.96416],[-88.183595,30.9643],[-88.18357,30.964356],[-88.183465,30.964478],[-88.183432,30.964527],[-88.183137,30.9648],[-88.182999,30.964942],[-88.18298,30.964973],[-88.182891,30.965065],[-88.182866,30.965098],[-88.182866,30.965119],[-88.18281,30.965187],[-88.182809,30.965208],[-88.182769,30.965249],[-88.182728,30.965307],[-88.182583,30.965433],[-88.182136,30.96578],[-88.181986,30.965916],[-88.181825,30.966045],[-88.181753,30.966093],[-88.181712,30.966106],[-88.18168,30.966126],[-88.181601,30.966147],[-88.181528,30.966193],[-88.181472,30.966214],[-88.18144,30.966234],[-88.181383,30.966248],[-88.18132,30.966281],[-88.181231,30.966315],[-88.181199,30.966335],[-88.181079,30.966375],[-88.180942,30.966457],[-88.180902,30.96647],[-88.18087,30.966491],[-88.18083,30.966497],[-88.180741,30.966551],[-88.180621,30.966633],[-88.180545,30.966673],[-88.180475,30.966734],[-88.18042,30.966741],[-88.180388,30.966769],[-88.180299,30.966808],[-88.18001,30.967012],[-88.179913,30.967053],[-88.179816,30.967114],[-88.179772,30.967134],[-88.179639,30.967229],[-88.179428,30.967347],[-88.179293,30.967443],[-88.179202,30.967487],[-88.1789,30.96771],[-88.178819,30.967758],[-88.178687,30.967825],[-88.178554,30.96792],[-88.178489,30.967954],[-88.178376,30.968036],[-88.178332,30.968056],[-88.178039,30.968256],[-88.177954,30.9683],[-88.177854,30.968375],[-88.177554,30.968541],[-88.177395,30.968653],[-88.177321,30.96869],[-88.17692,30.968985],[-88.176525,30.969319],[-88.17638,30.969424],[-88.176239,30.969558],[-88.175944,30.969853],[-88.175783,30.970006],[-88.175726,30.970075],[-88.175701,30.970113],[-88.175661,30.97015],[-88.175361,30.970525],[-88.174911,30.971099],[-88.174874,30.971153],[-88.174858,30.971208],[-88.174833,30.971236],[-88.174802,30.971284],[-88.174776,30.971345],[-88.174736,30.971386],[-88.174711,30.971441],[-88.174703,30.971469],[-88.174663,30.971509],[-88.174638,30.971571],[-88.174614,30.971598],[-88.174589,30.97166],[-88.174565,30.971687],[-88.174474,30.971893],[-88.174434,30.971933],[-88.174426,30.971961],[-88.174385,30.972008],[-88.174377,30.972036],[-88.174361,30.97206],[-88.174336,30.972084],[-88.174312,30.972159],[-88.174287,30.97218],[-88.174254,30.972255],[-88.174206,30.972317],[-88.174092,30.97248],[-88.174076,30.972543],[-88.174063,30.972573],[-88.174059,30.972604],[-88.174035,30.972624],[-88.174018,30.972679],[-88.173994,30.972699],[-88.173969,30.972761],[-88.173945,30.972788],[-88.173888,30.972871],[-88.173887,30.972912],[-88.17379,30.973007],[-88.173766,30.973055],[-88.173644,30.973219],[-88.173603,30.973284],[-88.173402,30.973457],[-88.173264,30.973587],[-88.173167,30.973709],[-88.173119,30.973782],[-88.173014,30.973884],[-88.172909,30.973975],[-88.172767,30.974119],[-88.172682,30.974238],[-88.172351,30.974534],[-88.172012,30.974868],[-88.171987,30.974916],[-88.171963,30.974944],[-88.171938,30.975012],[-88.171906,30.975046],[-88.171881,30.975114],[-88.171857,30.975141],[-88.171848,30.975176],[-88.171824,30.975203],[-88.171548,30.975566],[-88.17154,30.9756],[-88.1715,30.975641],[-88.171475,30.975688],[-88.171451,30.975715],[-88.171418,30.975805],[-88.171337,30.97588],[-88.171352,30.975915],[-88.171336,30.975948],[-88.171255,30.97603],[-88.171222,30.976071],[-88.171198,30.97614],[-88.171128,30.976307],[-88.171098,30.976496],[-88.171024,30.976654],[-88.171,30.976681],[-88.170992,30.976715],[-88.170967,30.976743],[-88.170951,30.976812],[-88.170921,30.977238],[-88.170932,30.977623],[-88.170994,30.977857],[-88.171063,30.97805],[-88.171087,30.978078],[-88.171094,30.978105],[-88.171165,30.978202],[-88.171196,30.978347],[-88.171211,30.978707],[-88.17123,30.978815],[-88.171294,30.979039],[-88.171363,30.979348],[-88.171395,30.979586],[-88.171327,30.980284],[-88.171311,30.980546],[-88.171387,30.98092],[-88.171458,30.981093],[-88.171528,30.981189],[-88.171883,30.981495],[-88.171963,30.981517],[-88.171995,30.981537],[-88.172034,30.981551],[-88.172146,30.981614],[-88.172281,30.981684],[-88.17232,30.981685],[-88.172416,30.981754],[-88.172506,30.98181],[-88.172581,30.981866],[-88.173063,30.982289],[-88.173344,30.982555],[-88.173353,30.982572],[-88.173583,30.982799],[-88.174152,30.983303],[-88.174239,30.9834],[-88.174302,30.983483],[-88.174428,30.983662],[-88.174477,30.983764],[-88.174293,30.983807],[-88.173141,30.983926],[-88.172447,30.984048],[-88.172023,30.984102],[-88.171677,30.984163],[-88.171475,30.984207],[-88.171096,30.984219],[-88.170884,30.984179],[-88.170565,30.984207],[-88.170228,30.984226],[-88.170029,30.984212],[-88.169896,30.984229],[-88.169823,30.984238],[-88.169669,30.984281],[-88.169148,30.984328],[-88.169003,30.984329],[-88.168802,30.984439],[-88.168351,30.984601],[-88.168178,30.984702],[-88.167692,30.984806],[-88.167355,30.984843],[-88.166998,30.984896],[-88.166815,30.984914],[-88.166449,30.984984],[-88.166267,30.98506],[-88.166027,30.985179],[-88.165886,30.985291],[-88.165857,30.985488],[-88.165734,30.985706],[-88.165639,30.985841],[-88.165564,30.985983],[-88.165469,30.986109],[-88.165396,30.986517],[-88.165429,30.986816],[-88.165402,30.986957],[-88.165416,30.987048],[-88.165475,30.987431],[-88.165542,30.987698],[-88.165543,30.987827],[-88.165531,30.988164],[-88.16546,30.988501],[-88.165512,30.988694],[-88.165632,30.988923],[-88.166242,30.989935],[-88.166455,30.990305],[-88.166525,30.990583],[-88.166544,30.990819],[-88.166472,30.991034],[-88.166267,30.991315],[-88.166179,30.991588],[-88.166107,30.991761],[-88.166026,30.991976],[-88.165963,30.992285],[-88.165943,30.992686],[-88.16594,30.99313],[-88.166011,30.99346],[-88.166207,30.993845],[-88.166367,30.994037],[-88.166593,30.994192],[-88.166861,30.994319],[-88.16712,30.994428],[-88.167656,30.994752],[-88.167892,30.994972],[-88.167977,30.995143],[-88.168184,30.995759],[-88.16822,30.996002],[-88.168165,30.99628],[-88.168102,30.996574],[-88.167939,30.997012],[-88.167818,30.99725],[-88.167695,30.997388],[-88.167643,30.997503],[-88.167529,30.997588],[-88.167196,30.99781],[-88.16679,30.997989],[-88.166752,30.998006],[-88.166346,30.998135],[-88.165882,30.99829],[-88.165448,30.998478],[-88.165024,30.998707],[-88.16476,30.99895],[-88.164309,30.999297],[-88.164106,30.999382],[-88.163903,30.999384],[-88.163572,30.99932],[-88.163311,30.999216],[-88.163202,30.999173],[-88.162939,30.999117],[-88.162774,30.99911],[-88.162552,30.999221],[-88.162428,30.999339],[-88.162398,30.999498],[-88.16239,30.99964],[-88.162414,31.000024],[-88.162474,31.000199],[-88.162511,31.000809],[-88.162436,31.001093],[-88.162313,31.001295],[-88.162112,31.001537],[-88.161978,31.001721],[-88.161683,31.002118],[-88.161362,31.002678],[-88.161129,31.003192],[-88.160984,31.003621],[-88.160873,31.004747],[-88.160709,31.005115],[-88.160597,31.005345],[-88.160422,31.005591],[-88.160212,31.00583],[-88.159734,31.00625],[-88.159321,31.006529],[-88.158829,31.006946],[-88.158461,31.007285],[-88.15811,31.007686],[-88.157591,31.008057],[-88.157414,31.008051],[-88.157265,31.00822],[-88.157028,31.008398],[-88.156925,31.008705],[-88.156796,31.009019],[-88.156726,31.009143],[-88.156684,31.009326],[-88.156731,31.009502],[-88.157084,31.009731],[-88.157168,31.009754],[-88.159221,31.00974],[-88.160618,31.00971],[-88.161268,31.009721],[-88.162786,31.009662],[-88.162931,31.009656],[-88.163891,31.009681],[-88.164309,31.009736],[-88.165396,31.009809],[-88.165955,31.009881],[-88.16613,31.00993],[-88.166577,31.009979],[-88.166946,31.010034],[-88.167316,31.010123],[-88.167832,31.010235],[-88.168202,31.01034],[-88.16904,31.010584],[-88.169566,31.010754],[-88.170144,31.010976],[-88.170465,31.011117],[-88.170673,31.011189],[-88.17106,31.011351],[-88.173477,31.012331],[-88.174326,31.012702],[-88.174691,31.012862],[-88.17723,31.013876],[-88.178241,31.014309],[-88.178552,31.014414],[-88.180377,31.015204],[-88.180952,31.015419],[-88.181995,31.015878],[-88.182975,31.016259],[-88.183281,31.016386],[-88.184,31.016686],[-88.184279,31.016802],[-88.184682,31.016959],[-88.185121,31.017143],[-88.186335,31.017664],[-88.187571,31.018164],[-88.187781,31.018263],[-88.18921,31.018833],[-88.190611,31.019449],[-88.191048,31.01963],[-88.192326,31.020122],[-88.192924,31.020405],[-88.193337,31.020639],[-88.193703,31.020912],[-88.19443,31.021545],[-88.194735,31.02191],[-88.194951,31.022254],[-88.195198,31.022618],[-88.195352,31.022919],[-88.19562,31.023632],[-88.195762,31.024243],[-88.195791,31.024596],[-88.195815,31.025394],[-88.195798,31.025558],[-88.195761,31.025749],[-88.195511,31.026579],[-88.195458,31.026743],[-88.195409,31.026895],[-88.195234,31.027571],[-88.19519,31.02774],[-88.195101,31.028106],[-88.194668,31.029805],[-88.194561,31.030251],[-88.194465,31.030675],[-88.194333,31.031185],[-88.194272,31.03154],[-88.194226,31.031972],[-88.194214,31.032137],[-88.194234,31.032682],[-88.194289,31.032935],[-88.194332,31.033193],[-88.194393,31.033404],[-88.194508,31.033729],[-88.194583,31.033976],[-88.194764,31.034357],[-88.195381,31.03576],[-88.195679,31.036409],[-88.196062,31.03726],[-88.196252,31.037665],[-88.196524,31.038201],[-88.197275,31.040006],[-88.197635,31.040854],[-88.197823,31.041268],[-88.197964,31.041549],[-88.198378,31.04226],[-88.198998,31.043167],[-88.199075,31.043233],[-88.19923,31.043501],[-88.199928,31.044474],[-88.200342,31.045027],[-88.201144,31.046099],[-88.201643,31.046766],[-88.202672,31.048112],[-88.20299,31.048553],[-88.202718,31.048577],[-88.201572,31.048582],[-88.201258,31.048584],[-88.201159,31.048593],[-88.201103,31.048598],[-88.200846,31.048651],[-88.200677,31.04871],[-88.200458,31.048852],[-88.199881,31.049308],[-88.19964,31.049488],[-88.199449,31.049585],[-88.19891,31.049887],[-88.198812,31.04994],[-88.198255,31.050155],[-88.197896,31.050336],[-88.197764,31.050438],[-88.197581,31.050554],[-88.197465,31.050665],[-88.197378,31.050787],[-88.19724,31.050953],[-88.19711,31.051138],[-88.196949,31.051292],[-88.196745,31.051434],[-88.196444,31.051589],[-88.196129,31.051706],[-88.19582,31.051804],[-88.195439,31.051947],[-88.195085,31.051989],[-88.194083,31.052017],[-88.193766,31.052007],[-88.193463,31.051978],[-88.193079,31.051918],[-88.192774,31.051828],[-88.192525,31.051611],[-88.192377,31.051457],[-88.192319,31.05126],[-88.192322,31.050949],[-88.192277,31.050716],[-88.192253,31.050406],[-88.192189,31.050287],[-88.191974,31.04978],[-88.191861,31.04959],[-88.191783,31.049483],[-88.191771,31.049106],[-88.191767,31.048796],[-88.191745,31.04866],[-88.19166,31.048532],[-88.191455,31.048253],[-88.191426,31.048152],[-88.19141,31.04794],[-88.191401,31.047823],[-88.191399,31.047638],[-88.191478,31.047272],[-88.19158,31.047098],[-88.191998,31.046658],[-88.192108,31.046555],[-88.192176,31.046447],[-88.19223,31.046315],[-88.192255,31.046117],[-88.192253,31.045973],[-88.192203,31.045848],[-88.192132,31.045747],[-88.191964,31.045617],[-88.191838,31.045571],[-88.191615,31.045519],[-88.19149,31.04552],[-88.191289,31.045534],[-88.191075,31.04559],[-88.190715,31.045707],[-88.190466,31.045823],[-88.19039,31.045835],[-88.19021,31.045843],[-88.189911,31.04587],[-88.189259,31.045883],[-88.189064,31.045897],[-88.188905,31.04594],[-88.18847,31.046112],[-88.188158,31.046211],[-88.187736,31.046317],[-88.187452,31.046367],[-88.187168,31.046447],[-88.186844,31.0466],[-88.186416,31.046789],[-88.186139,31.046887],[-88.185834,31.046962],[-88.185647,31.046982],[-88.18546,31.047013],[-88.185279,31.047024],[-88.1853,31.046939],[-88.185366,31.046323],[-88.185463,31.04578],[-88.185563,31.045519],[-88.185802,31.04506],[-88.185982,31.044816],[-88.186211,31.04454],[-88.186283,31.044434],[-88.18636,31.04426],[-88.18639,31.044165],[-88.186395,31.044086],[-88.186344,31.043996],[-88.186289,31.043898],[-88.186227,31.043828],[-88.185837,31.043458],[-88.185713,31.043323],[-88.185364,31.042779],[-88.185058,31.042235],[-88.184971,31.042115],[-88.184755,31.041933],[-88.184679,31.04188],[-88.185364,31.04144],[-88.185869,31.041333],[-88.186213,31.041134],[-88.187082,31.04015],[-88.187129,31.038844],[-88.187604,31.038239],[-88.187813,31.037766],[-88.187887,31.036596],[-88.188071,31.036215],[-88.188041,31.035607],[-88.187503,31.034934],[-88.187449,31.034664],[-88.187099,31.034306],[-88.186811,31.034177],[-88.186698,31.033971],[-88.186481,31.033977],[-88.186251,31.033943],[-88.185951,31.033874],[-88.185678,31.033769],[-88.185462,31.033711],[-88.185182,31.033564],[-88.184972,31.0335],[-88.184652,31.033467],[-88.184388,31.033469],[-88.183872,31.03339],[-88.183593,31.033333],[-88.182897,31.033317],[-88.182487,31.033327],[-88.181966,31.033374],[-88.181737,31.033424],[-88.181295,31.033631],[-88.180783,31.033894],[-88.180554,31.034003],[-88.180008,31.03426],[-88.179905,31.034345],[-88.179816,31.034454],[-88.179735,31.03461],[-88.179516,31.034918],[-88.179137,31.035227],[-88.178978,31.035342],[-88.178833,31.035433],[-88.178598,31.035543],[-88.178245,31.035642],[-88.177613,31.035756],[-88.177335,31.035794],[-88.176174,31.035811],[-88.176049,31.035832],[-88.17556,31.035929],[-88.175438,31.035966],[-88.175175,31.03603],[-88.175043,31.036031],[-88.174953,31.036016],[-88.174869,31.036003],[-88.174715,31.035932],[-88.174491,31.035811],[-88.174133,31.035592],[-88.173734,31.035386],[-88.17351,31.035287],[-88.173364,31.03524],[-88.173308,31.035223],[-88.173196,31.035212],[-88.173064,31.035213],[-88.172856,31.035239],[-88.172682,31.03527],[-88.172433,31.035362],[-88.172205,31.03546],[-88.171853,31.035721],[-88.17173,31.035866],[-88.1716,31.036059],[-88.171496,31.036232],[-88.171225,31.036682],[-88.170905,31.037176],[-88.170706,31.037441],[-88.170568,31.037562],[-88.170361,31.037714],[-88.169934,31.038017],[-88.169271,31.038467],[-88.168865,31.038806],[-88.168631,31.03903],[-88.1685,31.039109],[-88.168106,31.039292],[-88.167856,31.039379],[-88.167697,31.039452],[-88.167546,31.039561],[-88.167312,31.039755],[-88.166912,31.040106],[-88.166706,31.040269],[-88.166402,31.04047],[-88.166001,31.040683],[-88.165642,31.04089],[-88.165387,31.041048],[-88.164856,31.041466],[-88.164422,31.041853],[-88.163838,31.042447],[-88.163068,31.043149],[-88.162834,31.043336],[-88.162537,31.043537],[-88.162288,31.043683],[-88.162187,31.043733],[-88.161999,31.043834],[-88.162347,31.044335],[-88.162485,31.044463],[-88.162724,31.044639],[-88.162947,31.044767],[-88.163367,31.045041],[-88.163505,31.045202],[-88.163657,31.045305],[-88.163881,31.045433],[-88.164025,31.045506],[-88.164091,31.045592],[-88.164114,31.045715],[-88.164159,31.045869],[-88.164255,31.046078],[-88.164317,31.046516],[-88.164399,31.046769],[-88.164553,31.047033],[-88.164619,31.047168],[-88.164702,31.047452],[-88.164864,31.047833],[-88.164967,31.047987],[-88.165033,31.048103],[-88.165122,31.048382],[-88.165145,31.048512],[-88.165175,31.048641],[-88.165234,31.048777],[-88.1653,31.048869],[-88.165402,31.04896],[-88.165503,31.049034],[-88.165618,31.049094],[-88.165684,31.049186],[-88.165743,31.049297],[-88.165773,31.049377],[-88.165766,31.049463],[-88.165764,31.04989],[-88.165788,31.050056],[-88.165847,31.050167],[-88.166028,31.050338],[-88.166094,31.050436],[-88.16611,31.050597],[-88.166105,31.050739],[-88.16598,31.051117],[-88.165906,31.0515],[-88.165858,31.051647],[-88.165514,31.052323],[-88.165487,31.052465],[-88.165482,31.052614],[-88.165602,31.053076],[-88.165686,31.053489],[-88.165739,31.053655],[-88.165826,31.053784],[-88.165978,31.053906],[-88.166123,31.053991],[-88.16621,31.054083],[-88.166298,31.054206],[-88.166356,31.05431],[-88.166465,31.054414],[-88.166589,31.054569],[-88.166663,31.054699],[-88.166722,31.05484],[-88.166753,31.055019],[-88.166769,31.055185],[-88.166757,31.055389],[-88.166769,31.055772],[-88.16683,31.056105],[-88.166911,31.056265],[-88.166949,31.056388],[-88.166958,31.056549],[-88.166996,31.056709],[-88.167062,31.056881],[-88.167092,31.057005],[-88.167086,31.057097],[-88.167052,31.057196],[-88.166974,31.057277],[-88.166745,31.057329],[-88.166566,31.057386],[-88.166481,31.057461],[-88.166404,31.057579],[-88.166376,31.057697],[-88.166387,31.057999],[-88.166425,31.058193],[-88.16629,31.05825],[-88.16622,31.058423],[-88.166201,31.058615],[-88.166141,31.058967],[-88.166107,31.05911],[-88.165945,31.059383],[-88.165874,31.059464],[-88.16576,31.059539],[-88.165611,31.059621],[-88.165246,31.059735],[-88.165025,31.059824],[-88.16476,31.059919],[-88.164561,31.060038],[-88.16444,31.060138],[-88.164377,31.060262],[-88.164357,31.060342],[-88.164286,31.060476],[-88.164068,31.060837],[-88.163863,31.061061],[-88.163708,31.061272],[-88.163538,31.061478],[-88.163389,31.061609],[-88.163197,31.06174],[-88.162983,31.061859],[-88.16284,31.061916],[-88.162697,31.061936],[-88.162446,31.061938],[-88.161972,31.061924],[-88.161016,31.061778],[-88.160908,31.061748],[-88.160663,31.061652],[-88.160484,31.061629],[-88.160347,31.061624],[-88.160182,31.061594],[-88.160009,31.061553],[-88.159742,31.061456],[-88.159527,31.061452],[-88.159133,31.061523],[-88.158445,31.061585],[-88.158158,31.061557],[-88.157972,31.061558],[-88.157828,31.061541],[-88.157691,31.061487],[-88.157517,31.06139],[-88.157199,31.061182],[-88.157041,31.061128],[-88.156876,31.061111],[-88.156503,31.061115],[-88.156331,31.061135],[-88.15618,31.061173],[-88.156045,31.061242],[-88.155852,31.061318],[-88.155495,31.061494],[-88.155274,31.061589],[-88.155117,31.06164],[-88.154988,31.061653],[-88.15483,31.061636],[-88.154557,31.061571],[-88.154459,31.061535],[-88.154351,31.061494],[-88.154181,31.061396],[-88.154017,31.061319],[-88.15408,31.060775],[-88.154071,31.06062],[-88.154035,31.060501],[-88.15388,31.060288],[-88.153698,31.060122],[-88.153292,31.059839],[-88.153201,31.059763],[-88.153109,31.059656],[-88.153066,31.059501],[-88.153011,31.058389],[-88.152996,31.058264],[-88.152967,31.058175],[-88.152917,31.058085],[-88.152812,31.057955],[-88.152454,31.0576],[-88.152346,31.057524],[-88.152244,31.057471],[-88.151868,31.057361],[-88.151631,31.057243],[-88.151491,31.057125],[-88.151371,31.056941],[-88.151293,31.056787],[-88.151143,31.056404],[-88.150845,31.055833],[-88.150773,31.055631],[-88.150751,31.055506],[-88.150748,31.055315],[-88.150766,31.055082],[-88.150818,31.054753],[-88.150948,31.054072],[-88.151093,31.053423],[-88.151171,31.052999],[-88.151162,31.052808],[-88.151131,31.052552],[-88.151102,31.052468],[-88.150995,31.05223],[-88.150734,31.051839],[-88.150677,31.051726],[-88.150655,31.051601],[-88.150639,31.051416],[-88.150651,31.051249],[-88.150698,31.051099],[-88.150774,31.050902],[-88.151037,31.050437],[-88.151077,31.050153],[-88.150958,31.05024],[-88.150751,31.050374],[-88.150592,31.050441],[-88.150266,31.050558],[-88.150052,31.050626],[-88.149685,31.050773],[-88.149318,31.050908],[-88.148944,31.051085],[-88.148605,31.051256],[-88.148336,31.051402],[-88.14788,31.051687],[-88.147653,31.051917],[-88.147393,31.052255],[-88.147263,31.05249],[-88.147142,31.052808],[-88.146985,31.053073],[-88.146849,31.053326],[-88.146616,31.053611],[-88.146396,31.053852],[-88.146163,31.05413],[-88.145978,31.054371],[-88.145807,31.054648],[-88.14563,31.054955],[-88.144885,31.056615],[-88.144768,31.05679],[-88.14459,31.056996],[-88.144432,31.057135],[-88.144245,31.057257],[-88.144133,31.057604],[-88.144027,31.057845],[-88.143985,31.057969],[-88.143837,31.058208],[-88.143826,31.058321],[-88.14372,31.058344],[-88.143538,31.058345],[-88.143313,31.058364],[-88.142812,31.058373],[-88.142662,31.058461],[-88.142501,31.058592],[-88.142359,31.058744],[-88.142217,31.058934],[-88.142195,31.059204],[-88.142197,31.059382],[-88.142224,31.059549],[-88.142346,31.059813],[-88.142386,31.059963],[-88.142394,31.060139],[-88.142371,31.0603],[-88.14231,31.060414],[-88.141864,31.060871],[-88.141535,31.061117],[-88.140931,31.061484],[-88.140676,31.061629],[-88.14052,31.06169],[-88.140113,31.061737],[-88.139857,31.061836],[-88.139527,31.061979],[-88.139172,31.062144],[-88.138842,31.062347],[-88.13845,31.062572],[-88.138288,31.062675],[-88.138139,31.062752],[-88.138196,31.062822],[-88.138216,31.06293],[-88.138231,31.063119],[-88.138221,31.063356],[-88.138198,31.063545],[-88.138172,31.063939],[-88.138192,31.06408],[-88.138244,31.064214],[-88.138258,31.064314],[-88.138259,31.06446],[-88.13823,31.06466],[-88.138226,31.064811],[-88.13824,31.064983],[-88.138307,31.065317],[-88.138352,31.065424],[-88.138486,31.065596],[-88.13909,31.066292],[-88.139103,31.066378],[-88.139086,31.066507],[-88.139094,31.066626],[-88.139151,31.066712],[-88.13924,31.066797],[-88.139461,31.066937],[-88.139511,31.066979],[-88.139614,31.067184],[-88.139836,31.067894],[-88.139971,31.068216],[-88.140022,31.068294],[-88.140042,31.068369],[-88.140012,31.068483],[-88.139938,31.068624],[-88.139858,31.068743],[-88.139687,31.069117],[-88.139268,31.069714],[-88.139177,31.069942],[-88.139054,31.070142],[-88.138943,31.070284],[-88.138563,31.07046],[-88.138306,31.070521],[-88.138094,31.070588],[-88.137838,31.070682],[-88.13752,31.070833],[-88.137296,31.070921],[-88.137008,31.070999],[-88.136483,31.071063],[-88.136151,31.071066],[-88.13595,31.071036],[-88.135755,31.070978],[-88.134895,31.070921],[-88.134588,31.070913],[-88.134087,31.070933],[-88.13373,31.070936],[-88.133567,31.070965],[-88.133292,31.071],[-88.133179,31.071001],[-88.133287,31.07149],[-88.1336,31.071904],[-88.133779,31.072008],[-88.133846,31.071997],[-88.134152,31.071908],[-88.134411,31.071825],[-88.134491,31.071804],[-88.134738,31.071728],[-88.13477,31.071721],[-88.134826,31.071693],[-88.134873,31.071679],[-88.134938,31.071652],[-88.134969,31.071632],[-88.13516,31.071569],[-88.135312,31.071555],[-88.135547,31.071593],[-88.135822,31.071671],[-88.136257,31.071722],[-88.136424,31.07175],[-88.13701,31.071744],[-88.137102,31.071748],[-88.137671,31.071737],[-88.137695,31.071744],[-88.137743,31.071806],[-88.137768,31.071853],[-88.137824,31.072129],[-88.137812,31.072235],[-88.137779,31.072421],[-88.137762,31.072555],[-88.137722,31.072596],[-88.137706,31.072644],[-88.137667,31.072692],[-88.137659,31.072727],[-88.13761,31.072789],[-88.137595,31.072837],[-88.137528,31.073006],[-88.137504,31.073119],[-88.137488,31.07315],[-88.137445,31.073449],[-88.137466,31.073759],[-88.137591,31.07404],[-88.137614,31.074102],[-88.137655,31.074143],[-88.137687,31.074184],[-88.137694,31.074209],[-88.13783,31.074336],[-88.13785,31.074364],[-88.138238,31.074671],[-88.13839,31.074761],[-88.138445,31.074774],[-88.138724,31.074877],[-88.138761,31.074887],[-88.138932,31.074904],[-88.139423,31.074913],[-88.139522,31.074903],[-88.139549,31.074892],[-88.139765,31.074851],[-88.139873,31.074834],[-88.139936,31.074813],[-88.139984,31.074778],[-88.140064,31.074758],[-88.14012,31.074723],[-88.140239,31.074696],[-88.140582,31.074599],[-88.140629,31.074564],[-88.140852,31.074447],[-88.140937,31.074428],[-88.140987,31.074399],[-88.141019,31.074392],[-88.141083,31.074354],[-88.14152,31.074122],[-88.14156,31.074109],[-88.141592,31.074088],[-88.141624,31.074081],[-88.14168,31.074047],[-88.141735,31.074033],[-88.141776,31.074006],[-88.14184,31.073992],[-88.141879,31.073964],[-88.141903,31.073964],[-88.14195,31.073929],[-88.142046,31.073909],[-88.142209,31.073864],[-88.14242,31.073832],[-88.142564,31.073832],[-88.14266,31.073853],[-88.142835,31.074003],[-88.142892,31.074072],[-88.143092,31.07458],[-88.143132,31.074629],[-88.143133,31.07465],[-88.143172,31.074697],[-88.143212,31.074827],[-88.143228,31.074931],[-88.143238,31.075385],[-88.143209,31.075617],[-88.143191,31.075708],[-88.143175,31.075743],[-88.143151,31.07577],[-88.143151,31.075791],[-88.143063,31.075887],[-88.142936,31.076045],[-88.142778,31.076279],[-88.142725,31.076419],[-88.142691,31.076678],[-88.142684,31.076822],[-88.142693,31.07707],[-88.142741,31.077228],[-88.142837,31.077448],[-88.142862,31.077496],[-88.14299,31.077695],[-88.142998,31.077729],[-88.143021,31.077757],[-88.143053,31.077822],[-88.143182,31.077963],[-88.143349,31.07819],[-88.143374,31.078237],[-88.143469,31.078355],[-88.143486,31.078389],[-88.143621,31.078505],[-88.14363,31.078529],[-88.143757,31.078656],[-88.143805,31.078711],[-88.143861,31.078787],[-88.143878,31.078821],[-88.143909,31.078849],[-88.143977,31.078924],[-88.144109,31.07911],[-88.144158,31.079202],[-88.144181,31.079226],[-88.14419,31.079268],[-88.144213,31.079288],[-88.14423,31.079343],[-88.144253,31.079371],[-88.144262,31.079398],[-88.144285,31.079432],[-88.14431,31.079488],[-88.144338,31.0796],[-88.144367,31.079742],[-88.144575,31.080443],[-88.144611,31.080552],[-88.144632,31.080594],[-88.144696,31.080752],[-88.14472,31.080772],[-88.144727,31.080813],[-88.144752,31.080833],[-88.14476,31.080882],[-88.144904,31.081005],[-88.144936,31.080992],[-88.145243,31.081022],[-88.145645,31.081018],[-88.145844,31.081024],[-88.146055,31.081041],[-88.146593,31.081064],[-88.146761,31.081064],[-88.147351,31.081042],[-88.14744,31.081035],[-88.147554,31.081025],[-88.147817,31.080983],[-88.148028,31.080917],[-88.14806,31.080918],[-88.148115,31.08089],[-88.148148,31.080883],[-88.148187,31.080862],[-88.14837,31.080807],[-88.148554,31.080745],[-88.148633,31.080724],[-88.148673,31.080697],[-88.148713,31.080696],[-88.1488,31.080648],[-88.148936,31.080613],[-88.149111,31.080534],[-88.149166,31.080496],[-88.149421,31.080427],[-88.149453,31.080406],[-88.149493,31.080406],[-88.149517,31.080385],[-88.149581,31.080372],[-88.149612,31.080351],[-88.149669,31.080337],[-88.1497,31.080317],[-88.149741,31.080309],[-88.149811,31.080268],[-88.150114,31.080179],[-88.150414,31.08014],[-88.150658,31.080086],[-88.150728,31.08006],[-88.150955,31.080029],[-88.151174,31.079963],[-88.151305,31.079946],[-88.151349,31.079932],[-88.151497,31.079911],[-88.151596,31.07988],[-88.1517,31.079859],[-88.15182,31.079818],[-88.152237,31.079765],[-88.152321,31.079741],[-88.152444,31.079724],[-88.152497,31.079706],[-88.152962,31.079647],[-88.153046,31.079623],[-88.153273,31.079598],[-88.153831,31.079508],[-88.154086,31.079473],[-88.154154,31.079452],[-88.154393,31.079421],[-88.154628,31.079383],[-88.154703,31.079359],[-88.154803,31.079348],[-88.155058,31.079306],[-88.155126,31.079286],[-88.155855,31.079181],[-88.156101,31.079161],[-88.15719,31.079086],[-88.157413,31.07912],[-88.157644,31.07925],[-88.157745,31.079325],[-88.157796,31.079357],[-88.157844,31.079394],[-88.157884,31.079408],[-88.157943,31.079442],[-88.158118,31.079576],[-88.158139,31.079593],[-88.158195,31.079614],[-88.158251,31.079647],[-88.158463,31.079757],[-88.158541,31.079823],[-88.158592,31.079861],[-88.15865,31.079915],[-88.158707,31.079983],[-88.158815,31.080245],[-88.158895,31.08042],[-88.158931,31.080595],[-88.158979,31.08065],[-88.158955,31.080671],[-88.158972,31.080774],[-88.158992,31.081046],[-88.159013,31.081173],[-88.159025,31.081203],[-88.159029,31.081235],[-88.159052,31.081255],[-88.159029,31.081275],[-88.159037,31.081489],[-88.159011,31.081794],[-88.158994,31.081919],[-88.158967,31.082066],[-88.158944,31.082163],[-88.15888,31.082307],[-88.158824,31.082418],[-88.158769,31.082497],[-88.158729,31.082534],[-88.158634,31.082658],[-88.158618,31.082693],[-88.158491,31.082817],[-88.158404,31.082934],[-88.158364,31.083078],[-88.158348,31.083174],[-88.158342,31.083297],[-88.158341,31.083319],[-88.158358,31.083635],[-88.15839,31.083759],[-88.15847,31.083958],[-88.158502,31.084006],[-88.158511,31.084034],[-88.15859,31.084171],[-88.158654,31.084253],[-88.158702,31.084342],[-88.158775,31.084528],[-88.158859,31.084833],[-88.158839,31.085037],[-88.158816,31.085057],[-88.158768,31.085195],[-88.158729,31.085236],[-88.158729,31.085257],[-88.15869,31.085298],[-88.158586,31.085449],[-88.158479,31.085728],[-88.15846,31.085869],[-88.158472,31.086003],[-88.158496,31.086195],[-88.158532,31.086426],[-88.158557,31.08646],[-88.158573,31.086501],[-88.158605,31.086543],[-88.158613,31.086577],[-88.158636,31.086605],[-88.158661,31.086659],[-88.158741,31.086913],[-88.158853,31.087181],[-88.158877,31.087202],[-88.158885,31.087243],[-88.15891,31.087277],[-88.158917,31.087305],[-88.159022,31.087545],[-88.159046,31.087573],[-88.159066,31.087627],[-88.159172,31.087819],[-88.159231,31.087889],[-88.159262,31.087951],[-88.159454,31.088191],[-88.159462,31.088215],[-88.159578,31.088335],[-88.159618,31.088391],[-88.159813,31.088582],[-88.159878,31.088637],[-88.16007,31.088781],[-88.160165,31.088832],[-88.160285,31.08889],[-88.160321,31.088901],[-88.160356,31.088904],[-88.160405,31.088938],[-88.160452,31.088952],[-88.160484,31.088973],[-88.16054,31.088986],[-88.16058,31.089014],[-88.160668,31.089034],[-88.1607,31.089055],[-88.160756,31.089068],[-88.160787,31.089089],[-88.160843,31.089103],[-88.160908,31.089144],[-88.160948,31.089157],[-88.160979,31.089178],[-88.161011,31.089184],[-88.161035,31.089205],[-88.161227,31.08926],[-88.161258,31.08928],[-88.161338,31.089301],[-88.161473,31.089383],[-88.161705,31.089554],[-88.162073,31.08987],[-88.162712,31.090456],[-88.163087,31.090807],[-88.163311,31.091002],[-88.163463,31.091112],[-88.16369,31.091242],[-88.163858,31.091358],[-88.164222,31.091654],[-88.164549,31.091846],[-88.164628,31.09188],[-88.164643,31.091894],[-88.164244,31.091894],[-88.16421,31.096921],[-88.164206,31.097641],[-88.164358,31.102398],[-88.167616,31.102425],[-88.167645,31.102577],[-88.167662,31.102715],[-88.167662,31.102763],[-88.167635,31.103138],[-88.167615,31.103286],[-88.167536,31.103444],[-88.167513,31.103482],[-88.167472,31.10352],[-88.167433,31.103568],[-88.16733,31.103716],[-88.16679,31.104187],[-88.16667,31.104305],[-88.166638,31.104353],[-88.166528,31.104628],[-88.166487,31.10469],[-88.166479,31.104718],[-88.166449,31.104772],[-88.166408,31.104821],[-88.166392,31.10487],[-88.166313,31.104972],[-88.166297,31.10502],[-88.166257,31.105062],[-88.166249,31.105096],[-88.166218,31.105131],[-88.166202,31.105186],[-88.166163,31.105234],[-88.166123,31.10533],[-88.166091,31.105371],[-88.166083,31.105399],[-88.166044,31.105447],[-88.165988,31.105572],[-88.165957,31.105612],[-88.165949,31.10564],[-88.165925,31.105688],[-88.165893,31.105729],[-88.165845,31.105853],[-88.165818,31.105905],[-88.165806,31.10597],[-88.165806,31.106039],[-88.165839,31.106169],[-88.165846,31.106176],[-88.165942,31.106231],[-88.166078,31.106252],[-88.16681,31.106223],[-88.166922,31.106257],[-88.167026,31.106312],[-88.167289,31.106538],[-88.167314,31.106572],[-88.167409,31.106668],[-88.167585,31.106909],[-88.167713,31.10706],[-88.167722,31.107083],[-88.167913,31.10729],[-88.168041,31.107417],[-88.168169,31.107588],[-88.168225,31.107691],[-88.168248,31.107718],[-88.168273,31.107767],[-88.168353,31.107883],[-88.168369,31.107945],[-88.168521,31.108124],[-88.168529,31.108144],[-88.168545,31.108165],[-88.168577,31.108267],[-88.168609,31.108392],[-88.168674,31.108543],[-88.168713,31.108604],[-88.168722,31.108632],[-88.168778,31.108728],[-88.168842,31.108804],[-88.168862,31.108833],[-88.168937,31.108916],[-88.169057,31.109033],[-88.169225,31.109174],[-88.169233,31.109202],[-88.169337,31.109304],[-88.169377,31.109366],[-88.169393,31.109428],[-88.169401,31.109552],[-88.169426,31.109579],[-88.169441,31.109627],[-88.169513,31.109792],[-88.169538,31.109819],[-88.169578,31.10995],[-88.169634,31.110253],[-88.169645,31.111181],[-88.169642,31.111652],[-88.169646,31.11184],[-88.1696,31.112542],[-88.169577,31.112618],[-88.169552,31.112645],[-88.169529,31.112683],[-88.169409,31.11279],[-88.16923,31.112879],[-88.169179,31.112914],[-88.169166,31.112908],[-88.16906,31.112921],[-88.168988,31.112955],[-88.168645,31.112991],[-88.167991,31.112977],[-88.167122,31.112951],[-88.166784,31.11299],[-88.166419,31.113026],[-88.165992,31.113044],[-88.165585,31.113052],[-88.165386,31.113045],[-88.165155,31.113063],[-88.165044,31.113101],[-88.164984,31.113135],[-88.164876,31.113231],[-88.164845,31.113328],[-88.164862,31.1135],[-88.164893,31.113555],[-88.164974,31.113651],[-88.165013,31.113706],[-88.165029,31.11374],[-88.165293,31.114011],[-88.165357,31.11407],[-88.165429,31.114158],[-88.165485,31.114262],[-88.165525,31.114385],[-88.16555,31.11453],[-88.165538,31.114664],[-88.165518,31.114777],[-88.165462,31.114936],[-88.165423,31.114984],[-88.165392,31.115066],[-88.165368,31.115094],[-88.165352,31.115142],[-88.165328,31.11517],[-88.165288,31.115287],[-88.165225,31.115355],[-88.165217,31.115389],[-88.165194,31.115417],[-88.165162,31.115507],[-88.165066,31.115741],[-88.165019,31.115795],[-88.165011,31.11583],[-88.164987,31.115858],[-88.164845,31.116236],[-88.164786,31.116363],[-88.164766,31.116477],[-88.164738,31.116549],[-88.164702,31.116759],[-88.164667,31.116838],[-88.164648,31.116992],[-88.164648,31.117041],[-88.164668,31.117192],[-88.164752,31.11737],[-88.164792,31.117432],[-88.164872,31.117535],[-88.164912,31.11761],[-88.164937,31.117638],[-88.165016,31.117789],[-88.165032,31.117851],[-88.165041,31.117954],[-88.165001,31.118195],[-88.165001,31.118222],[-88.164978,31.118367],[-88.164959,31.118411],[-88.164931,31.118531],[-88.16487,31.118678],[-88.164852,31.118779],[-88.164874,31.119012],[-88.164868,31.119041],[-88.164956,31.119116],[-88.165071,31.119239],[-88.165122,31.119317],[-88.165158,31.119371],[-88.165188,31.119425],[-88.165211,31.119453],[-88.165239,31.119508],[-88.165268,31.119597],[-88.165269,31.119762],[-88.165257,31.119837],[-88.16523,31.119989],[-88.16523,31.120085],[-88.165254,31.120236],[-88.165278,31.120263],[-88.165286,31.120291],[-88.165377,31.120417],[-88.165613,31.120658],[-88.165941,31.120943],[-88.165997,31.121012],[-88.166021,31.12106],[-88.16609,31.121293],[-88.166109,31.121341],[-88.16615,31.121389],[-88.166166,31.121431],[-88.166277,31.121551],[-88.166325,31.121595],[-88.166381,31.121609],[-88.166453,31.12165],[-88.166524,31.121664],[-88.166589,31.121684],[-88.166732,31.121697],[-88.167202,31.121669],[-88.167313,31.121683],[-88.167417,31.121689],[-88.167552,31.121785],[-88.167791,31.121991],[-88.16788,31.122067],[-88.167976,31.122122],[-88.168008,31.122128],[-88.168104,31.122196],[-88.169006,31.122703],[-88.169069,31.122717],[-88.169141,31.122758],[-88.169253,31.122792],[-88.169285,31.122813],[-88.16946,31.122902],[-88.169492,31.122909],[-88.1697,31.123053],[-88.170234,31.123395],[-88.170682,31.123663],[-88.17069,31.123687],[-88.170801,31.1238],[-88.170842,31.123848],[-88.170881,31.123903],[-88.170906,31.123951],[-88.170913,31.123975],[-88.170929,31.123992],[-88.170954,31.124136],[-88.17097,31.124343],[-88.170994,31.124377],[-88.17101,31.124439],[-88.171063,31.124889],[-88.171103,31.125096],[-88.171119,31.125176],[-88.171145,31.125227],[-88.171225,31.125331],[-88.171232,31.125356],[-88.171319,31.125445],[-88.171645,31.125753],[-88.171677,31.125794],[-88.171685,31.125819],[-88.171756,31.125895],[-88.17224,31.126369],[-88.172454,31.126631],[-88.172518,31.126721],[-88.172526,31.126745],[-88.172649,31.126873],[-88.172668,31.126901],[-88.172684,31.126935],[-88.172827,31.12709],[-88.172946,31.127204],[-88.172987,31.127204],[-88.173105,31.127294],[-88.173154,31.127308],[-88.173273,31.127378],[-88.173425,31.127427],[-88.173456,31.127447],[-88.173488,31.127455],[-88.173521,31.127476],[-88.173576,31.12749],[-88.173616,31.127517],[-88.173744,31.127553],[-88.173776,31.127573],[-88.173833,31.127588],[-88.173879,31.127607],[-88.173919,31.127623],[-88.173951,31.127643],[-88.173983,31.12765],[-88.174026,31.127668],[-88.174359,31.127659],[-88.174455,31.12768],[-88.174563,31.127764],[-88.174861,31.127971],[-88.175068,31.128083],[-88.175132,31.128145],[-88.175267,31.128249],[-88.175465,31.128422],[-88.175596,31.128554],[-88.175616,31.128581],[-88.175631,31.128622],[-88.175672,31.128664],[-88.175703,31.128726],[-88.175727,31.128794],[-88.175813,31.128902],[-88.175964,31.129058],[-88.176003,31.129112],[-88.176051,31.129206],[-88.176083,31.129237],[-88.176123,31.129292],[-88.176146,31.129347],[-88.176169,31.129389],[-88.176209,31.129444],[-88.176233,31.129492],[-88.176319,31.129726],[-88.176372,31.129835],[-88.176399,31.129864],[-88.176421,31.129961],[-88.176445,31.130005],[-88.176477,31.130085],[-88.176564,31.130229],[-88.176603,31.130278],[-88.176634,31.130343],[-88.176659,31.130367],[-88.176658,31.130388],[-88.176706,31.130437],[-88.176733,31.130451],[-88.176889,31.130561],[-88.177001,31.130624],[-88.177136,31.130673],[-88.177168,31.13068],[-88.177248,31.130736],[-88.177315,31.130777],[-88.177431,31.13086],[-88.177669,31.131067],[-88.177717,31.131096],[-88.177868,31.131138],[-88.177917,31.131165],[-88.178004,31.13118],[-88.178291,31.131264],[-88.178316,31.131284],[-88.178372,31.131298],[-88.178396,31.131312],[-88.178459,31.131334],[-88.178491,31.131354],[-88.17853,31.13136],[-88.178698,31.131479],[-88.178849,31.13157],[-88.179001,31.131653],[-88.179168,31.131737],[-88.179232,31.131751],[-88.179328,31.131813],[-88.179543,31.131917],[-88.17968,31.131994],[-88.179701,31.131999],[-88.179758,31.132035],[-88.17979,31.132042],[-88.179862,31.132084],[-88.17989,31.132087],[-88.17999,31.132071],[-88.180038,31.132058],[-88.180086,31.132023],[-88.180166,31.132004],[-88.180303,31.131963],[-88.180327,31.131943],[-88.180491,31.131912],[-88.180791,31.131897],[-88.18082,31.131907],[-88.180963,31.131894],[-88.181456,31.131935],[-88.181511,31.131943],[-88.181623,31.13197],[-88.181767,31.131992],[-88.181807,31.132013],[-88.182195,31.131998],[-88.182648,31.131963],[-88.18286,31.131899],[-88.183052,31.131879],[-88.183328,31.131864],[-88.183608,31.131885],[-88.183657,31.131886],[-88.183768,31.131915],[-88.18396,31.131936],[-88.184096,31.131978],[-88.184295,31.132082],[-88.184351,31.132096],[-88.184386,31.132117],[-88.184422,31.132145],[-88.184534,31.132201],[-88.184614,31.132256],[-88.184694,31.132277],[-88.184734,31.132297],[-88.184758,31.132298],[-88.184861,31.132326],[-88.184893,31.132346],[-88.184933,31.13236],[-88.184969,31.132382],[-88.185569,31.1329],[-88.18576,31.133081],[-88.185815,31.133163],[-88.185815,31.13319],[-88.185855,31.133233],[-88.185896,31.133294],[-88.185901,31.133329],[-88.186139,31.133578],[-88.186172,31.133646],[-88.186226,31.133736],[-88.18633,31.133864],[-88.186448,31.133971],[-88.186691,31.134159],[-88.187045,31.134449],[-88.187229,31.134553],[-88.187275,31.134565],[-88.187323,31.134594],[-88.187375,31.134626],[-88.18742,31.134636],[-88.187484,31.134672],[-88.187563,31.134699],[-88.187683,31.134728],[-88.187764,31.134728],[-88.187963,31.134757],[-88.188035,31.134778],[-88.188078,31.134809],[-88.1882,31.134832],[-88.188298,31.134903],[-88.188449,31.135035],[-88.188489,31.135083],[-88.188504,31.135124],[-88.188607,31.135255],[-88.188608,31.135276],[-88.188647,31.135324],[-88.188688,31.135407],[-88.188693,31.135435],[-88.188718,31.135463],[-88.188775,31.135575],[-88.188788,31.135614],[-88.188836,31.135676],[-88.188876,31.135752],[-88.188955,31.135856],[-88.188986,31.135921],[-88.18901,31.135945],[-88.189009,31.135966],[-88.189065,31.136035],[-88.189089,31.136104],[-88.189121,31.136145],[-88.189144,31.136228],[-88.189191,31.136338],[-88.189238,31.136414],[-88.189254,31.136476],[-88.189297,31.136589],[-88.189347,31.136806],[-88.18948,31.137261],[-88.189566,31.137481],[-88.189621,31.137571],[-88.189629,31.137599],[-88.1897,31.137723],[-88.189724,31.13775],[-88.189723,31.137771],[-88.189906,31.138013],[-88.189922,31.138047],[-88.189977,31.138106],[-88.190311,31.1384],[-88.190375,31.138442],[-88.190566,31.138608],[-88.190582,31.138636],[-88.190716,31.13876],[-88.190756,31.138812],[-88.190938,31.138974],[-88.191026,31.139084],[-88.191089,31.139174],[-88.191192,31.139361],[-88.191223,31.139436],[-88.191254,31.139547],[-88.191321,31.139736],[-88.191348,31.139849],[-88.191403,31.139905],[-88.191499,31.140022],[-88.191649,31.140133],[-88.192082,31.140122],[-88.192291,31.140082],[-88.192475,31.140028],[-88.192507,31.140007],[-88.192547,31.14],[-88.192587,31.139973],[-88.192635,31.139967],[-88.192696,31.139933],[-88.192739,31.139899],[-88.192812,31.139851],[-88.19306,31.139811],[-88.193157,31.13988],[-88.193244,31.139956],[-88.193378,31.140095],[-88.193497,31.140247],[-88.193576,31.140361],[-88.193783,31.140544],[-88.193862,31.140599],[-88.193983,31.140669],[-88.194213,31.140787],[-88.194384,31.140891],[-88.194444,31.140933],[-88.194476,31.14094],[-88.194548,31.140982],[-88.194595,31.141016],[-88.194787,31.141134],[-88.194906,31.141197],[-88.19504,31.14123],[-88.195226,31.141267],[-88.195733,31.14135],[-88.195841,31.141381],[-88.196012,31.141491],[-88.196215,31.141664],[-88.196302,31.141713],[-88.196493,31.141866],[-88.196779,31.142115],[-88.196811,31.142149],[-88.196842,31.142307],[-88.19688,31.14261],[-88.196903,31.142672],[-88.196942,31.142943],[-88.196938,31.14336],[-88.19693,31.144044],[-88.193174,31.144053],[-88.190827,31.144059],[-88.190809,31.144059],[-88.184949,31.144043],[-88.183627,31.144038],[-88.177934,31.144023],[-88.176101,31.144018],[-88.175363,31.144015],[-88.167432,31.143982],[-88.156828,31.143939],[-88.153627,31.143949],[-88.148878,31.143965],[-88.148842,31.143965],[-88.14611,31.143974],[-88.145478,31.143976],[-88.142323,31.143996],[-88.140994,31.144005],[-88.138534,31.14401],[-88.13772,31.144012],[-88.135476,31.144017],[-88.134902,31.144018],[-88.131683,31.144024],[-88.125003,31.144062],[-88.122154,31.144176],[-88.112935,31.144141],[-88.10565,31.144111],[-88.102124,31.144097],[-88.100416,31.144109],[-88.100357,31.144109],[-88.099319,31.144107],[-88.094103,31.144095],[-88.090893,31.144087],[-88.090111,31.144084],[-88.090094,31.144084],[-88.085968,31.144069],[-88.081942,31.144056],[-88.081924,31.144056],[-88.080576,31.144046],[-88.075761,31.144009],[-88.073005,31.143946],[-88.068167,31.143835],[-88.063532,31.143729],[-88.062913,31.143731],[-88.062766,31.143732],[-88.062668,31.143732],[-88.06241,31.143721],[-88.061664,31.143787],[-88.060268,31.14391],[-88.058317,31.144083],[-88.057767,31.144085],[-88.054457,31.144102],[-88.052939,31.14411],[-88.051887,31.144115],[-88.050496,31.144122],[-88.047525,31.144138],[-88.046136,31.144145],[-88.043295,31.14416],[-88.042921,31.144162],[-88.034786,31.144203],[-88.032974,31.144213],[-88.027824,31.144239],[-88.027702,31.14424],[-88.027028,31.144244],[-88.026936,31.144244],[-88.023282,31.144263],[-88.022649,31.144267],[-88.020853,31.145814],[-88.019699,31.146808],[-88.014541,31.151256],[-88.014272,31.151488],[-88.01121,31.154131],[-88.01017,31.155027],[-88.010111,31.155078],[-88.009982,31.155189],[-88.009897,31.155263],[-88.009813,31.155335],[-88.009768,31.155374],[-88.009588,31.155529],[-88.009443,31.155654],[-88.009241,31.155828],[-88.009218,31.155848],[-88.008624,31.156361],[-88.008519,31.156451],[-88.008086,31.156823],[-88.007997,31.156901],[-88.007881,31.157],[-88.005751,31.158839],[-88.002431,31.16172],[-87.999999,31.163831],[-87.990431,31.171954],[-87.990325,31.172027],[-87.990294,31.172048],[-87.990213,31.172118],[-87.990119,31.172198],[-87.988999,31.173153],[-87.98882,31.173306],[-87.988004,31.172826],[-87.986953,31.17221],[-87.982722,31.169728],[-87.982031,31.169322],[-87.976424,31.16603],[-87.975804,31.165666],[-87.974092,31.164661],[-87.973944,31.164574],[-87.973466,31.164293],[-87.973338,31.163956],[-87.973288,31.163824],[-87.973197,31.163574],[-87.972869,31.162694],[-87.971341,31.163024],[-87.968391,31.162847],[-87.963908,31.16111],[-87.961071,31.160411],[-87.959312,31.160411],[-87.957073,31.160762],[-87.954103,31.161649],[-87.952341,31.161996],[-87.948767,31.161753],[-87.946071,31.161251],[-87.943748,31.161341],[-87.942652,31.161876],[-87.941318,31.16305],[-87.940818,31.164457],[-87.940935,31.165848],[-87.941468,31.166638],[-87.942151,31.167649],[-87.943432,31.16896],[-87.944789,31.170482],[-87.945949,31.172282],[-87.946769,31.174419],[-87.946979,31.176104],[-87.946548,31.177642],[-87.94571,31.179587],[-87.945346,31.181103],[-87.945192,31.183004],[-87.94566,31.187868],[-87.945933,31.189861],[-87.946311,31.19155],[-87.946588,31.19293],[-87.945538,31.192974],[-87.945334,31.192927],[-87.944601,31.192762],[-87.943559,31.19233],[-87.942442,31.191412],[-87.941664,31.190413],[-87.940509,31.18976],[-87.936282,31.189902],[-87.933612,31.18999],[-87.931674,31.189509],[-87.929308,31.187942],[-87.925679,31.186123],[-87.921613,31.185486],[-87.918249,31.185611],[-87.914221,31.186735],[-87.913637,31.187356],[-87.914267,31.188536],[-87.915496,31.189966],[-87.915403,31.190714],[-87.914647,31.191178],[-87.911366,31.191063],[-87.910654,31.19336],[-87.907869,31.195543],[-87.906544,31.198718],[-87.906237,31.199162],[-87.901384,31.198801],[-87.899689,31.197317],[-87.899211,31.197352],[-87.897093,31.199659],[-87.896488,31.200086],[-87.892537,31.201631],[-87.891387,31.202599],[-87.889581,31.204349],[-87.888703,31.204817],[-87.887643,31.20511],[-87.886749,31.205247],[-87.885929,31.20541],[-87.885375,31.2052],[-87.885362,31.204788],[-87.885783,31.203799],[-87.886055,31.203016],[-87.88623,31.202609],[-87.886018,31.202006],[-87.885751,31.201393],[-87.884815,31.201149],[-87.883828,31.200992],[-87.882731,31.200792],[-87.881973,31.200537],[-87.881162,31.199957],[-87.880348,31.199208],[-87.879749,31.198449],[-87.879167,31.197996],[-87.878208,31.197865],[-87.876672,31.198387],[-87.875511,31.199412],[-87.874996,31.200067],[-87.874208,31.20128],[-87.873887,31.201496],[-87.873454,31.203006],[-87.873426,31.203157],[-87.873331,31.203693],[-87.873337,31.204541],[-87.873937,31.206302],[-87.874495,31.207256],[-87.874996,31.208519],[-87.875269,31.20914],[-87.875679,31.210709],[-87.875904,31.212192],[-87.875876,31.213208],[-87.875668,31.214009],[-87.875379,31.214461],[-87.874996,31.214741],[-87.869774,31.215765],[-87.867972,31.214582],[-87.865382,31.209733],[-87.859946,31.204633],[-87.855999,31.203452],[-87.853499,31.203445],[-87.849544,31.206105],[-87.848503,31.208378],[-87.849055,31.210583],[-87.849799,31.211578],[-87.857943,31.216451],[-87.859657,31.218441],[-87.862573,31.223962],[-87.863593,31.226112],[-87.864113,31.229172],[-87.863757,31.2311],[-87.860066,31.2354],[-87.858262,31.236476],[-87.85677,31.237069],[-87.85455,31.237233],[-87.852912,31.236986],[-87.848612,31.234827],[-87.84461,31.229504],[-87.844391,31.228245],[-87.843919,31.227032],[-87.84293,31.226182],[-87.841342,31.225411],[-87.840143,31.225512],[-87.839445,31.225726],[-87.838679,31.22596],[-87.83646,31.227761],[-87.83565,31.228639],[-87.835608,31.229736],[-87.83592,31.231053],[-87.840499,31.233237],[-87.842926,31.234786],[-87.844091,31.236145],[-87.844626,31.237939],[-87.844628,31.239335],[-87.843966,31.240656],[-87.842517,31.24204],[-87.841287,31.242698],[-87.841158,31.242769],[-87.840131,31.24334],[-87.838769,31.244111],[-87.837517,31.245431],[-87.837147,31.24635],[-87.837105,31.247254],[-87.83755,31.248361],[-87.838584,31.249462],[-87.840254,31.250171],[-87.840978,31.250874],[-87.841775,31.252024],[-87.842236,31.253052],[-87.842369,31.254086],[-87.842288,31.254933],[-87.842377,31.255466],[-87.842985,31.255784],[-87.843412,31.255986],[-87.844314,31.25588],[-87.845187,31.255578],[-87.845919,31.255275],[-87.846484,31.254915],[-87.846992,31.254506],[-87.847323,31.25408],[-87.847719,31.253743],[-87.84831,31.253609],[-87.850897,31.253291],[-87.851617,31.253352],[-87.852336,31.253711],[-87.852782,31.254141],[-87.853142,31.254813],[-87.853275,31.25596],[-87.8531,31.256726],[-87.852868,31.257782],[-87.852545,31.258474],[-87.851959,31.259109],[-87.851348,31.25955],[-87.850662,31.259829],[-87.850052,31.259979],[-87.849284,31.260007],[-87.848349,31.259849],[-87.84705,31.259479],[-87.845612,31.258841],[-87.843763,31.25817],[-87.842989,31.257762],[-87.842297,31.257403],[-87.842055,31.257192],[-87.84194,31.256972],[-87.841899,31.256892],[-87.841603,31.256366],[-87.841288,31.255937],[-87.840801,31.255877],[-87.840275,31.256125],[-87.839026,31.256514],[-87.838097,31.256799],[-87.837224,31.257134],[-87.8362,31.2575],[-87.835477,31.257778],[-87.834583,31.258387],[-87.833698,31.259076],[-87.832818,31.260282],[-87.832286,31.261208],[-87.831727,31.262165],[-87.831061,31.26347],[-87.830479,31.264968],[-87.830217,31.266226],[-87.829819,31.268048],[-87.82931,31.270926],[-87.829048,31.272143],[-87.828768,31.27332],[-87.82861,31.274369],[-87.828313,31.275304],[-87.827902,31.276303],[-87.827512,31.277116],[-87.826869,31.277911],[-87.826012,31.278552],[-87.825288,31.278912],[-87.824096,31.27926],[-87.822971,31.279432],[-87.822034,31.279467],[-87.820985,31.279486],[-87.819732,31.279148],[-87.818219,31.278623],[-87.816408,31.277717],[-87.815233,31.277129],[-87.814206,31.276728],[-87.813114,31.276213],[-87.812115,31.275707],[-87.811072,31.274959],[-87.808535,31.273629],[-87.806585,31.272584],[-87.804673,31.271549],[-87.803023,31.27058],[-87.801633,31.269878],[-87.801502,31.269812],[-87.799612,31.269543],[-87.79872,31.269764],[-87.797989,31.269881],[-87.796929,31.270117],[-87.79614,31.270307],[-87.796065,31.270327],[-87.794348,31.270797],[-87.793004,31.27137],[-87.79146,31.272313],[-87.789315,31.273528],[-87.787961,31.274174],[-87.786804,31.274869],[-87.785523,31.27579],[-87.78455,31.276745],[-87.783896,31.277767],[-87.783671,31.278936],[-87.783737,31.280042],[-87.784103,31.281126],[-87.784769,31.282147],[-87.785775,31.282944],[-87.786885,31.283459],[-87.788633,31.284002],[-87.790397,31.284747],[-87.791992,31.285628],[-87.793519,31.286758],[-87.794457,31.287813],[-87.795351,31.289691],[-87.79566,31.290904],[-87.795662,31.29188],[-87.795558,31.29233],[-87.797417,31.29458],[-87.79747,31.294741],[-87.797657,31.294924],[-87.798084,31.29552],[-87.798084,31.295612],[-87.798244,31.295841],[-87.798671,31.296322],[-87.798991,31.296597],[-87.799205,31.296918],[-87.799551,31.297285],[-87.800032,31.297904],[-87.800245,31.29827],[-87.800699,31.298728],[-87.800752,31.298842],[-87.801233,31.299415],[-87.80222,31.300286],[-87.8023,31.300401],[-87.80254,31.300653],[-87.802567,31.300767],[-87.802811,31.301397],[-87.803315,31.301698],[-87.804014,31.30217],[-87.805113,31.302976],[-87.806268,31.303878],[-87.80717,31.304796],[-87.807997,31.305583],[-87.80836,31.305892],[-87.808973,31.306638],[-87.809184,31.307253],[-87.809465,31.308473],[-87.8096,31.3092],[-87.809824,31.310485],[-87.809788,31.31147],[-87.809537,31.312469],[-87.809342,31.313429],[-87.809092,31.314275],[-87.808878,31.315275],[-87.808449,31.316233],[-87.807966,31.3169],[-87.807598,31.317278],[-87.807135,31.317735],[-87.806325,31.318304],[-87.805591,31.318695],[-87.804896,31.318885],[-87.804023,31.319017],[-87.803517,31.319007],[-87.80276,31.318817],[-87.801884,31.318222],[-87.80112,31.317613],[-87.800402,31.317173],[-87.799683,31.31691],[-87.799281,31.316779],[-87.798929,31.316212],[-87.798794,31.31546],[-87.798322,31.313234],[-87.798375,31.312501],[-87.798455,31.312386],[-87.798455,31.311355],[-87.798375,31.311309],[-87.798242,31.310828],[-87.798055,31.30904],[-87.798112,31.30803],[-87.797777,31.306599],[-87.79744,31.305314],[-87.796746,31.304252],[-87.795633,31.302737],[-87.794425,31.301511],[-87.793317,31.300487],[-87.792338,31.299884],[-87.791208,31.29949],[-87.790189,31.299259],[-87.789684,31.29911],[-87.789123,31.298954],[-87.788782,31.298773],[-87.788489,31.297409],[-87.78726,31.297644],[-87.785797,31.297846],[-87.783969,31.297964],[-87.782527,31.297892],[-87.781263,31.297739],[-87.77997,31.297723],[-87.778905,31.29741],[-87.777823,31.296742],[-87.775978,31.295617],[-87.774326,31.294776],[-87.77301,31.294187],[-87.77158,31.293719],[-87.769969,31.293677],[-87.768779,31.293807],[-87.767708,31.294132],[-87.766515,31.294512],[-87.765703,31.295266],[-87.765216,31.296377],[-87.765152,31.297346],[-87.763603,31.297253],[-87.763461,31.297143],[-87.763208,31.297108],[-87.762921,31.297108],[-87.762651,31.29716],[-87.762473,31.297344],[-87.762409,31.297413],[-87.762099,31.297579],[-87.761846,31.297666],[-87.761421,31.297729],[-87.761076,31.297585],[-87.760604,31.297467],[-87.760399,31.297501],[-87.760134,31.297775],[-87.759904,31.298022],[-87.75972,31.298131],[-87.759726,31.298321],[-87.759925,31.29858],[-87.759919,31.298627],[-87.760026,31.298833],[-87.760293,31.299086],[-87.760293,31.299292],[-87.760132,31.299566],[-87.759225,31.299634],[-87.759198,31.299452],[-87.759305,31.299291],[-87.759412,31.298902],[-87.759199,31.29881],[-87.758745,31.298879],[-87.758371,31.299085],[-87.758264,31.299291],[-87.757917,31.29936],[-87.757811,31.299268],[-87.757303,31.299061],[-87.757063,31.298763],[-87.756956,31.298695],[-87.756743,31.298672],[-87.756315,31.298832],[-87.756022,31.299084],[-87.755701,31.299129],[-87.755488,31.298946],[-87.755275,31.298854],[-87.754554,31.298969],[-87.754501,31.298739],[-87.754581,31.298579],[-87.754501,31.298396],[-87.754288,31.298212],[-87.754047,31.298166],[-87.753781,31.297983],[-87.753781,31.297822],[-87.754395,31.297777],[-87.754528,31.297662],[-87.754528,31.297502],[-87.754395,31.297387],[-87.753915,31.297227],[-87.75306,31.297364],[-87.75274,31.297295],[-87.751913,31.296974],[-87.75162,31.296928],[-87.751459,31.297065],[-87.751246,31.297409],[-87.750925,31.297592],[-87.750658,31.297638],[-87.750552,31.297569],[-87.750579,31.297179],[-87.750483,31.297065],[-87.750309,31.296927],[-87.749993,31.296938],[-87.74957,31.297063],[-87.748789,31.297147],[-87.748713,31.297155],[-87.748473,31.297453],[-87.748394,31.298141],[-87.748287,31.298347],[-87.748047,31.298599],[-87.747567,31.298806],[-87.74746,31.298921],[-87.747327,31.299196],[-87.746874,31.299746],[-87.74666,31.299861],[-87.746367,31.300089],[-87.74634,31.300547],[-87.746234,31.300662],[-87.745967,31.300731],[-87.74554,31.300914],[-87.745113,31.30135],[-87.744393,31.301694],[-87.743432,31.301786],[-87.742658,31.301397],[-87.742391,31.301397],[-87.742204,31.301718],[-87.741644,31.301787],[-87.74135,31.301718],[-87.741057,31.301512],[-87.740603,31.301283],[-87.740496,31.301329],[-87.74047,31.301512],[-87.740363,31.301604],[-87.739883,31.301696],[-87.739696,31.301879],[-87.739696,31.301994],[-87.739589,31.302154],[-87.738895,31.302223],[-87.738602,31.302613],[-87.738202,31.302705],[-87.737801,31.302453],[-87.737241,31.30227],[-87.736787,31.302339],[-87.73652,31.302522],[-87.73652,31.302614],[-87.736414,31.302706],[-87.736093,31.302797],[-87.735639,31.302454],[-87.734839,31.302248],[-87.734332,31.302248],[-87.733851,31.302432],[-87.733264,31.302501],[-87.73225,31.302295],[-87.731956,31.302295],[-87.73185,31.302387],[-87.731583,31.30241],[-87.731262,31.302318],[-87.730915,31.302295],[-87.730782,31.302387],[-87.730462,31.302433],[-87.730328,31.302295],[-87.730328,31.302043],[-87.730568,31.301654],[-87.730568,31.301424],[-87.730381,31.301333],[-87.729687,31.30131],[-87.72966,31.300852],[-87.729554,31.300669],[-87.72934,31.300578],[-87.728993,31.300578],[-87.728886,31.300669],[-87.728566,31.300738],[-87.728273,31.300647],[-87.728006,31.300624],[-87.727739,31.300692],[-87.727339,31.301036],[-87.72719,31.301079],[-87.727018,31.301128],[-87.726218,31.300876],[-87.725897,31.300968],[-87.725524,31.301036],[-87.72499,31.300625],[-87.724536,31.300373],[-87.724269,31.30035],[-87.723976,31.300511],[-87.723762,31.300809],[-87.723709,31.301106],[-87.723522,31.301243],[-87.723309,31.301335],[-87.722962,31.301335],[-87.722161,31.301037],[-87.721841,31.301129],[-87.721707,31.30129],[-87.721734,31.301977],[-87.721681,31.302183],[-87.721494,31.302344],[-87.721228,31.302711],[-87.720881,31.30278],[-87.71944,31.302849],[-87.719226,31.303032],[-87.718772,31.303124],[-87.718506,31.303238],[-87.718185,31.303307],[-87.717944,31.303307],[-87.71765,31.303124],[-87.71773,31.302712],[-87.71757,31.302414],[-87.716769,31.301681],[-87.715995,31.301268],[-87.715595,31.301177],[-87.715301,31.301177],[-87.715034,31.30136],[-87.714874,31.301773],[-87.714741,31.301979],[-87.714634,31.302048],[-87.714287,31.302117],[-87.714047,31.302002],[-87.713273,31.30136],[-87.712606,31.301247],[-87.712365,31.301132],[-87.712259,31.300605],[-87.712045,31.300285],[-87.711484,31.300124],[-87.711164,31.299872],[-87.711164,31.29962],[-87.711271,31.299345],[-87.711297,31.29907],[-87.711111,31.29891],[-87.710598,31.298679],[-87.710123,31.298429],[-87.709829,31.29797],[-87.709589,31.297237],[-87.709349,31.297031],[-87.709135,31.296985],[-87.708948,31.297031],[-87.708281,31.2971],[-87.708148,31.297031],[-87.707427,31.296252],[-87.706706,31.295771],[-87.706706,31.295679],[-87.70692,31.295289],[-87.706946,31.295037],[-87.706893,31.294854],[-87.706679,31.294762],[-87.705879,31.294946],[-87.705665,31.294808],[-87.705345,31.294488],[-87.705265,31.294281],[-87.705238,31.293938],[-87.705452,31.293296],[-87.705451,31.292631],[-87.705345,31.292242],[-87.705238,31.292081],[-87.704544,31.29199],[-87.704437,31.291875],[-87.704411,31.291577],[-87.704464,31.291417],[-87.704357,31.290936],[-87.703797,31.290523],[-87.70345,31.290065],[-87.702782,31.289561],[-87.702329,31.289102],[-87.701848,31.288369],[-87.701768,31.287819],[-87.701821,31.287613],[-87.702035,31.287429],[-87.702702,31.287315],[-87.702889,31.287154],[-87.702915,31.286788],[-87.702835,31.286558],[-87.702675,31.286284],[-87.702568,31.286192],[-87.702488,31.286054],[-87.702168,31.285642],[-87.701714,31.285229],[-87.701474,31.285115],[-87.701127,31.285092],[-87.70054,31.285321],[-87.700193,31.285413],[-87.700113,31.285298],[-87.700086,31.285023],[-87.699926,31.284634],[-87.699766,31.284565],[-87.699419,31.284542],[-87.698405,31.285184],[-87.698059,31.28523],[-87.697605,31.285001],[-87.696964,31.284794],[-87.696217,31.28468],[-87.696164,31.284611],[-87.696084,31.284015],[-87.695977,31.28374],[-87.69563,31.283488],[-87.695283,31.283465],[-87.69475,31.283855],[-87.694536,31.283924],[-87.694029,31.283465],[-87.693869,31.28342],[-87.693469,31.283465],[-87.692802,31.283947],[-87.692401,31.284016],[-87.692055,31.283832],[-87.691494,31.283374],[-87.690614,31.282916],[-87.690453,31.282686],[-87.690453,31.282274],[-87.690373,31.281999],[-87.690107,31.281793],[-87.690053,31.281472],[-87.69024,31.281105],[-87.69024,31.280143],[-87.690026,31.279753],[-87.68968,31.279455],[-87.68968,31.278676],[-87.689599,31.278492],[-87.688772,31.278492],[-87.688505,31.278401],[-87.688319,31.27824],[-87.688319,31.278126],[-87.688826,31.277576],[-87.688852,31.277255],[-87.688799,31.277049],[-87.688692,31.276934],[-87.688025,31.276683],[-87.687892,31.276546],[-87.687838,31.276316],[-87.688105,31.275973],[-87.688079,31.275423],[-87.687704,31.274758],[-87.687491,31.274483],[-87.687117,31.274162],[-87.686503,31.273887],[-87.686397,31.273772],[-87.686397,31.273314],[-87.686343,31.273016],[-87.686157,31.272879],[-87.685463,31.272627],[-87.685223,31.272352],[-87.685063,31.271687],[-87.684769,31.271274],[-87.683675,31.271068],[-87.683248,31.270908],[-87.682928,31.270701],[-87.682928,31.270564],[-87.683649,31.270106],[-87.683675,31.269854],[-87.682928,31.269349],[-87.682555,31.269028],[-87.682448,31.268731],[-87.681941,31.26857],[-87.681781,31.268455],[-87.681594,31.268249],[-87.681594,31.267883],[-87.681488,31.267653],[-87.680634,31.267516],[-87.679807,31.267264],[-87.679193,31.267264],[-87.67906,31.267126],[-87.679033,31.266943],[-87.679247,31.266622],[-87.6793,31.266393],[-87.679087,31.266209],[-87.67858,31.266072],[-87.6781,31.265866],[-87.677886,31.265568],[-87.677806,31.265178],[-87.677753,31.265086],[-87.677246,31.264949],[-87.676979,31.264788],[-87.676953,31.264651],[-87.677113,31.264193],[-87.677139,31.263917],[-87.677006,31.263688],[-87.67689,31.263553],[-87.676473,31.263069],[-87.676553,31.262336],[-87.676419,31.261992],[-87.676233,31.261855],[-87.675726,31.261694],[-87.675086,31.26103],[-87.674899,31.260938],[-87.674739,31.260938],[-87.674045,31.261373],[-87.673672,31.261419],[-87.673565,31.261373],[-87.673058,31.260686],[-87.672765,31.260342],[-87.672445,31.259815],[-87.672285,31.259654],[-87.671778,31.25954],[-87.671404,31.25954],[-87.671031,31.259425],[-87.670657,31.259242],[-87.669137,31.258737],[-87.668683,31.25837],[-87.668123,31.258004],[-87.66807,31.257889],[-87.66671,31.257797],[-87.666389,31.257683],[-87.666149,31.257499],[-87.665883,31.257041],[-87.665456,31.256628],[-87.664923,31.256536],[-87.664576,31.256422],[-87.664256,31.256078],[-87.664149,31.255849],[-87.663909,31.255642],[-87.663322,31.25539],[-87.663136,31.255092],[-87.663109,31.254313],[-87.663029,31.254198],[-87.662762,31.253946],[-87.662656,31.253717],[-87.662576,31.253167],[-87.662469,31.252984],[-87.661776,31.253121],[-87.661322,31.252731],[-87.660602,31.251907],[-87.659642,31.251907],[-87.658762,31.251586],[-87.658094,31.251196],[-87.657561,31.250784],[-87.657401,31.250601],[-87.657001,31.250498],[-87.656681,31.250533],[-87.65612,31.250714],[-87.655613,31.250783],[-87.65532,31.250647],[-87.655027,31.250498],[-87.654974,31.250172],[-87.654815,31.249654],[-87.654709,31.249562],[-87.654495,31.249493],[-87.653935,31.249493],[-87.653401,31.249697],[-87.652708,31.249743],[-87.652281,31.249743],[-87.651988,31.249674],[-87.651668,31.24947],[-87.651454,31.24924],[-87.651108,31.248988],[-87.650894,31.248782],[-87.650388,31.24869],[-87.649588,31.248484],[-87.649374,31.248461],[-87.649107,31.24869],[-87.64892,31.248988],[-87.648547,31.249171],[-87.6474,31.249331],[-87.646973,31.249331],[-87.64644,31.24917],[-87.645906,31.248918],[-87.645613,31.24862],[-87.645,31.248138],[-87.64452,31.247565],[-87.644067,31.24713],[-87.643427,31.246832],[-87.642813,31.246259],[-87.642627,31.245961],[-87.642174,31.245548],[-87.641853,31.245433],[-87.641614,31.245227],[-87.641507,31.244677],[-87.641374,31.24447],[-87.64116,31.244379],[-87.640734,31.244333],[-87.639907,31.244562],[-87.63884,31.244767],[-87.638786,31.244859],[-87.638173,31.245042],[-87.637373,31.245157],[-87.636466,31.245042],[-87.635799,31.244743],[-87.635239,31.244262],[-87.635159,31.244101],[-87.634919,31.243849],[-87.634546,31.24362],[-87.633639,31.243551],[-87.633319,31.24339],[-87.632973,31.243115],[-87.632599,31.242977],[-87.632226,31.242931],[-87.631799,31.243183],[-87.631745,31.24355],[-87.631639,31.243688],[-87.631452,31.244123],[-87.631078,31.244421],[-87.630491,31.24442],[-87.629931,31.244214],[-87.628998,31.243732],[-87.628385,31.243526],[-87.627184,31.243731],[-87.627158,31.2438],[-87.626864,31.243938],[-87.626224,31.243479],[-87.62593,31.243433],[-87.625403,31.24341],[-87.624989,31.243524],[-87.624317,31.243959],[-87.623971,31.244097],[-87.622984,31.244189],[-87.622317,31.244533],[-87.621144,31.244556],[-87.620637,31.244809],[-87.62037,31.2449],[-87.619757,31.244901],[-87.618743,31.244718],[-87.618423,31.244695],[-87.618023,31.244879],[-87.617463,31.244902],[-87.61725,31.244787],[-87.617223,31.244696],[-87.617036,31.244604],[-87.616396,31.244421],[-87.616158,31.244439],[-87.61589,31.244458],[-87.615782,31.244467],[-87.615436,31.244375],[-87.615435,31.243803],[-87.615222,31.24378],[-87.614582,31.243917],[-87.614502,31.243872],[-87.614502,31.243688],[-87.614368,31.243207],[-87.614235,31.243024],[-87.613648,31.242818],[-87.613461,31.242589],[-87.613194,31.242428],[-87.612821,31.242474],[-87.612741,31.242429],[-87.61266,31.242108],[-87.612527,31.24197],[-87.611247,31.241902],[-87.610873,31.241765],[-87.610393,31.241421],[-87.609966,31.241513],[-87.60978,31.241696],[-87.609566,31.241788],[-87.608766,31.241788],[-87.608713,31.24172],[-87.608739,31.241032],[-87.608499,31.241032],[-87.608206,31.241216],[-87.607379,31.241949],[-87.607166,31.242064],[-87.606179,31.242248],[-87.605753,31.242523],[-87.605353,31.242706],[-87.604846,31.242729],[-87.604499,31.242844],[-87.604046,31.242913],[-87.603726,31.242844],[-87.602952,31.242822],[-87.602899,31.242707],[-87.602872,31.242363],[-87.602765,31.242272],[-87.602445,31.242226],[-87.602365,31.242089],[-87.602472,31.241859],[-87.602498,31.241676],[-87.602151,31.241378],[-87.601885,31.241378],[-87.601671,31.241608],[-87.601431,31.241745],[-87.600898,31.241562],[-87.600258,31.241539],[-87.600151,31.241379],[-87.600097,31.24092],[-87.599884,31.240691],[-87.599404,31.240439],[-87.59903,31.240394],[-87.59791,31.240486],[-87.597617,31.240394],[-87.596736,31.240417],[-87.596496,31.240257],[-87.596176,31.240234],[-87.595483,31.240486],[-87.595056,31.240486],[-87.594709,31.240212],[-87.594523,31.23996],[-87.592949,31.240189],[-87.592576,31.240052],[-87.591828,31.240029],[-87.589827,31.239525],[-87.589587,31.239411],[-87.58924,31.239136],[-87.589,31.239067],[-87.588813,31.238953],[-87.58844,31.23893],[-87.5882,31.239113],[-87.5878,31.239113],[-87.5874,31.238747],[-87.587,31.238884],[-87.586546,31.238953],[-87.58628,31.238747],[-87.58628,31.238655],[-87.5862,31.238586],[-87.586093,31.238243],[-87.585719,31.238082],[-87.585533,31.237922],[-87.585319,31.237624],[-87.585079,31.237418],[-87.584759,31.237349],[-87.584279,31.237349],[-87.584066,31.23728],[-87.584039,31.236914],[-87.583879,31.236799],[-87.582652,31.236799],[-87.582598,31.236341],[-87.582385,31.236249],[-87.581718,31.236341],[-87.581478,31.236272],[-87.581265,31.236135],[-87.581238,31.235883],[-87.581345,31.2357],[-87.581371,31.235447],[-87.581265,31.235218],[-87.580918,31.234897],[-87.580864,31.234416],[-87.580731,31.23405],[-87.580518,31.233729],[-87.580011,31.233729],[-87.579744,31.233523],[-87.579584,31.233477],[-87.579157,31.233614],[-87.579024,31.233546],[-87.578891,31.233294],[-87.578837,31.233041],[-87.578784,31.23295],[-87.57857,31.232858],[-87.577904,31.232789],[-87.57745,31.232331],[-87.577344,31.232285],[-87.57705,31.232285],[-87.576597,31.232606],[-87.575877,31.232606],[-87.575797,31.232675],[-87.57521,31.232675],[-87.57441,31.232744],[-87.573877,31.2324],[-87.57297,31.232171],[-87.572303,31.231552],[-87.572276,31.231415],[-87.57217,31.231323],[-87.571503,31.231117],[-87.571423,31.230934],[-87.571289,31.230819],[-87.570889,31.230636],[-87.570543,31.230636],[-87.570063,31.230934],[-87.569983,31.230957],[-87.569769,31.231324],[-87.569423,31.231621],[-87.568729,31.231988],[-87.568276,31.232057],[-87.568062,31.231897],[-87.568009,31.231736],[-87.567822,31.231576],[-87.567289,31.231622],[-87.566462,31.230728],[-87.566462,31.230156],[-87.566329,31.230041],[-87.565902,31.229973],[-87.565795,31.229904],[-87.565769,31.229514],[-87.565475,31.229308],[-87.565049,31.229514],[-87.564329,31.229675],[-87.563742,31.229583],[-87.563555,31.229423],[-87.563555,31.229125],[-87.563662,31.228895],[-87.563662,31.228552],[-87.563529,31.22846],[-87.563154,31.22846],[-87.562701,31.228643],[-87.561981,31.229216],[-87.561634,31.229285],[-87.561127,31.229079],[-87.561021,31.228712],[-87.560674,31.228483],[-87.560114,31.228529],[-87.559767,31.228529],[-87.559634,31.228323],[-87.559607,31.227658],[-87.559447,31.227429],[-87.559287,31.227291],[-87.558994,31.227268],[-87.558967,31.227383],[-87.558407,31.227772],[-87.558061,31.227956],[-87.55774,31.227956],[-87.557474,31.22775],[-87.557047,31.22791],[-87.556727,31.228185],[-87.5567,31.228575],[-87.556514,31.228712],[-87.55614,31.228712],[-87.555607,31.22862],[-87.554994,31.228804],[-87.554674,31.229193],[-87.554033,31.229537],[-87.553767,31.229491],[-87.552887,31.229445],[-87.55222,31.229583],[-87.551447,31.229651],[-87.551207,31.229995],[-87.550646,31.229995],[-87.550353,31.229926],[-87.548993,31.230041],[-87.548833,31.23011],[-87.548593,31.230316],[-87.548619,31.230797],[-87.548486,31.230889],[-87.547659,31.230957],[-87.547286,31.231095],[-87.547099,31.231346],[-87.547286,31.231667],[-87.547206,31.231965],[-87.546752,31.232309],[-87.546192,31.232423],[-87.545606,31.232721],[-87.545632,31.232996],[-87.545819,31.233363],[-87.545819,31.233477],[-87.545525,31.233477],[-87.544779,31.233363],[-87.544245,31.233019],[-87.543952,31.233087],[-87.543765,31.233362],[-87.543605,31.233477],[-87.542938,31.2335],[-87.542565,31.233981],[-87.542325,31.234416],[-87.541551,31.234898],[-87.540404,31.23492],[-87.539844,31.235012],[-87.539631,31.235127],[-87.539391,31.235447],[-87.539284,31.235677],[-87.539231,31.236158],[-87.538991,31.236341],[-87.53827,31.236547],[-87.53787,31.236593],[-87.537772,31.23663],[-87.537731,31.236645],[-87.537621,31.236684],[-87.537573,31.236701],[-87.537148,31.237095],[-87.53603,31.23728],[-87.53603,31.23822],[-87.535736,31.238747],[-87.535523,31.239182],[-87.535123,31.239343],[-87.534802,31.239411],[-87.534669,31.239595],[-87.534589,31.23987],[-87.534589,31.240145],[-87.534562,31.240397],[-87.534162,31.240672],[-87.533895,31.240809],[-87.533788,31.241038],[-87.533762,31.241497],[-87.533442,31.241726],[-87.532828,31.241932],[-87.532535,31.241909],[-87.532081,31.241932],[-87.531868,31.242023],[-87.531174,31.242688],[-87.529974,31.242596],[-87.529734,31.242733],[-87.529173,31.243237],[-87.529067,31.243421],[-87.52904,31.243604],[-87.528666,31.243833],[-87.528426,31.244223],[-87.527866,31.244452],[-87.527812,31.245025],[-87.527492,31.245414],[-87.526932,31.24562],[-87.526238,31.245735],[-87.526052,31.245849],[-87.525945,31.24617],[-87.525891,31.246674],[-87.525945,31.24672],[-87.525945,31.247041],[-87.525678,31.247156],[-87.525464,31.247087],[-87.525144,31.246812],[-87.524771,31.246903],[-87.524478,31.247155],[-87.524371,31.247339],[-87.523677,31.247568],[-87.52349,31.247842],[-87.52301,31.247911],[-87.52277,31.247819],[-87.522663,31.247636],[-87.522237,31.247338],[-87.52197,31.247315],[-87.52125,31.247567],[-87.52053,31.247544],[-87.51997,31.247337],[-87.519943,31.247177],[-87.518929,31.246924],[-87.518449,31.24713],[-87.518369,31.247314],[-87.517995,31.247703],[-87.517542,31.247703],[-87.516795,31.247451],[-87.516048,31.247657],[-87.515408,31.247909],[-87.515167,31.247886],[-87.514553,31.247725],[-87.514047,31.247931],[-87.513913,31.248069],[-87.513593,31.248183],[-87.513326,31.248183],[-87.513113,31.247977],[-87.512686,31.248114],[-87.512526,31.248274],[-87.512153,31.248251],[-87.511592,31.248297],[-87.511432,31.248503],[-87.510525,31.24848],[-87.510179,31.248205],[-87.509432,31.248296],[-87.509271,31.248777],[-87.509005,31.248961],[-87.508898,31.24896],[-87.508418,31.248731],[-87.507724,31.248731],[-87.507297,31.248845],[-87.507231,31.24891],[-87.506897,31.249235],[-87.506284,31.249395],[-87.506043,31.24967],[-87.505856,31.250172],[-87.505722,31.250459],[-87.504495,31.250447],[-87.50292,31.250933],[-87.502413,31.251459],[-87.502146,31.251597],[-87.501479,31.251734],[-87.500759,31.251894],[-87.499986,31.252008],[-87.49924,31.252122],[-87.498893,31.252237],[-87.49868,31.252489],[-87.49852,31.252856],[-87.498413,31.2532],[-87.4982,31.253475],[-87.49732,31.253773],[-87.496173,31.254049],[-87.495133,31.254531],[-87.493773,31.25492],[-87.492866,31.255241],[-87.492789,31.255285],[-87.492719,31.255325],[-87.492474,31.255459],[-87.492457,31.255468],[-87.492199,31.255609],[-87.491986,31.255632],[-87.491878,31.255816],[-87.491239,31.256366],[-87.490626,31.257329],[-87.490173,31.257787],[-87.490013,31.25813],[-87.490093,31.258382],[-87.490066,31.258909],[-87.489959,31.259184],[-87.489839,31.259306],[-87.489786,31.25936],[-87.489666,31.259482],[-87.489206,31.260076],[-87.483807,31.260093],[-87.480868,31.260103],[-87.480609,31.260104],[-87.473126,31.260131],[-87.471741,31.260138],[-87.470373,31.260143],[-87.46743,31.260154],[-87.46707,31.2602],[-87.466484,31.260154],[-87.465644,31.260173],[-87.463846,31.26018],[-87.453038,31.260226],[-87.433165,31.260358],[-87.427455,31.260386],[-87.427153,31.260379],[-87.418209,31.260407],[-87.417474,31.260409],[-87.410301,31.260432],[-87.404909,31.260452],[-87.403025,31.260462],[-87.39673,31.260468],[-87.392102,31.260471],[-87.390128,31.26047],[-87.382907,31.260499],[-87.381108,31.260524],[-87.379018,31.260524],[-87.377698,31.260545],[-87.377134,31.260538],[-87.37531,31.260549],[-87.373981,31.260557],[-87.371379,31.260566],[-87.37056,31.260556],[-87.370272,31.260558],[-87.369378,31.260563],[-87.369186,31.26057],[-87.368625,31.260564],[-87.36791,31.260556],[-87.366934,31.26057],[-87.365902,31.26057],[-87.365618,31.260576],[-87.365523,31.260529],[-87.36528,31.260364],[-87.355468,31.260569],[-87.351111,31.260564],[-87.339969,31.260608],[-87.337499,31.260618],[-87.33667,31.260606],[-87.336318,31.260595],[-87.333589,31.260604],[-87.332168,31.260637],[-87.326693,31.260661],[-87.326353,31.260662],[-87.320171,31.260784],[-87.318564,31.260787],[-87.317432,31.260843],[-87.316832,31.260845],[-87.315814,31.26079],[-87.315486,31.260767],[-87.315448,31.260764],[-87.31505,31.260731],[-87.314535,31.260712],[-87.313632,31.260712],[-87.312076,31.260713],[-87.311321,31.260714],[-87.311078,31.260714],[-87.309932,31.260714],[-87.308896,31.260731],[-87.305905,31.260736],[-87.305207,31.260697],[-87.304869,31.260648],[-87.304824,31.260637],[-87.303101,31.260635],[-87.297653,31.260626],[-87.287274,31.260609],[-87.28527,31.260593],[-87.270097,31.260558],[-87.253304,31.260555],[-87.249977,31.260512],[-87.241191,31.260644],[-87.234999,31.260608],[-87.234724,31.260606],[-87.234271,31.260584],[-87.233545,31.260586],[-87.229959,31.260594],[-87.228338,31.260631],[-87.225866,31.260639],[-87.22548,31.260639],[-87.225459,31.260639],[-87.219798,31.260655],[-87.211426,31.260661],[-87.210736,31.26066],[-87.210043,31.260661],[-87.197333,31.260689],[-87.192839,31.260696],[-87.188505,31.260703],[-87.187791,31.260702],[-87.186182,31.260706],[-87.186126,31.260706],[-87.18574,31.260707],[-87.184621,31.260683],[-87.179423,31.260699],[-87.175632,31.260705],[-87.163618,31.260744],[-87.163296,31.260744],[-87.16304,31.26074],[-87.149043,31.260772],[-87.144898,31.260795],[-87.140531,31.260805],[-87.13917,31.260807],[-87.135376,31.260824],[-87.134082,31.260824],[-87.132377,31.260831],[-87.126851,31.260852],[-87.12581,31.260845],[-87.124693,31.260857],[-87.120766,31.260902],[-87.116744,31.260915],[-87.110613,31.260935],[-87.107801,31.260947],[-87.095805,31.261045],[-87.085072,31.26107],[-87.076997,31.261088],[-87.076826,31.261089],[-87.073739,31.261147],[-87.073666,31.261128],[-87.073491,31.261117],[-87.071687,31.261094],[-87.071517,31.261085],[-87.071349,31.261053],[-87.071242,31.261009],[-87.071188,31.260985],[-87.062561,31.261151],[-87.042194,31.261145],[-87.036472,31.261315],[-87.034265,31.261323],[-87.033999,31.261322],[-87.033733,31.261321],[-87.03171,31.261307],[-87.030403,31.261313],[-87.030146,31.261306],[-87.029888,31.261305],[-87.029604,31.261304],[-87.029321,31.261303],[-87.023896,31.261288],[-87.018302,31.261273],[-87.018226,31.261273],[-87.018133,31.261272],[-87.018005,31.261272],[-87.017861,31.261272],[-87.017849,31.261282],[-87.011899,31.261256],[-87.00261,31.261231],[-86.99997,31.261038],[-86.990649,31.261102],[-86.986387,31.261131],[-86.976238,31.2612],[-86.974837,31.261224],[-86.974819,31.261215],[-86.974756,31.261216],[-86.971833,31.261245],[-86.969587,31.261268],[-86.964,31.261324],[-86.955406,31.261358],[-86.955083,31.261358],[-86.95332,31.261372],[-86.951673,31.261461],[-86.951439,31.261443],[-86.949764,31.261447],[-86.948074,31.261461],[-86.946695,31.261472],[-86.94549,31.261482],[-86.945282,31.26149],[-86.945264,31.261492],[-86.945181,31.261501],[-86.945068,31.261513],[-86.944814,31.261556],[-86.944709,31.26158],[-86.944669,31.261589],[-86.944587,31.261584],[-86.944539,31.261581],[-86.938094,31.261761],[-86.937975,31.261716],[-86.934613,31.261739],[-86.9253,31.261775],[-86.922475,31.261784],[-86.912612,31.261819],[-86.909072,31.26183],[-86.905649,31.26184],[-86.902254,31.26185],[-86.901187,31.261855],[-86.901173,31.261855],[-86.895459,31.261883],[-86.894938,31.261893],[-86.889701,31.261909],[-86.887179,31.261889],[-86.887094,31.261912],[-86.885842,31.261916],[-86.88232,31.261917],[-86.878507,31.261919],[-86.875052,31.261951],[-86.871022,31.261902],[-86.861742,31.261935],[-86.855058,31.261959],[-86.854619,31.261961],[-86.850694,31.261972],[-86.845941,31.261988],[-86.843202,31.261997],[-86.836956,31.261942],[-86.827502,31.261911],[-86.820844,31.261827],[-86.819484,31.26181],[-86.815059,31.261755],[-86.811055,31.261705],[-86.808115,31.261669],[-86.800752,31.261646],[-86.797639,31.261665],[-86.793338,31.261627],[-86.787601,31.261572],[-86.772506,31.261433],[-86.770408,31.261391],[-86.767537,31.261333],[-86.763961,31.261293],[-86.764602,31.261041],[-86.764889,31.260962],[-86.765122,31.260703],[-86.76525,31.260508],[-86.765306,31.260256],[-86.76546,31.2596],[-86.765568,31.2593],[-86.765625,31.258492],[-86.765705,31.258239],[-86.765764,31.256555],[-86.7659,31.255955],[-86.766115,31.255309],[-86.766331,31.254847],[-86.766384,31.254802],[-86.766439,31.25464],[-86.766572,31.254478],[-86.766653,31.254339],[-86.767056,31.253855],[-86.768287,31.253045],[-86.768314,31.25293],[-86.768607,31.252907],[-86.769728,31.252426],[-86.771222,31.251556],[-86.772023,31.250937],[-86.772263,31.250655],[-86.772303,31.250171],[-86.772299,31.250093],[-86.772284,31.249827],[-86.771863,31.24924],[-86.771543,31.248736],[-86.77149,31.248575],[-86.771356,31.248369],[-86.771117,31.247658],[-86.77109,31.246902],[-86.771144,31.246696],[-86.771731,31.24555],[-86.771935,31.245281],[-86.772132,31.245023],[-86.772372,31.244634],[-86.772612,31.244061],[-86.772754,31.243619],[-86.772812,31.243233],[-86.772592,31.242588],[-86.772159,31.242247],[-86.770853,31.241562],[-86.770186,31.240897],[-86.76995,31.240401],[-86.769752,31.239965],[-86.769467,31.239636],[-86.769413,31.239407],[-86.769384,31.239137],[-86.769054,31.238454],[-86.768828,31.237321],[-86.768749,31.23425],[-86.768812,31.2326],[-86.768796,31.232512],[-86.768775,31.232394],[-86.768802,31.232142],[-86.768909,31.231844],[-86.769113,31.229869],[-86.768915,31.228472],[-86.768239,31.227511],[-86.768107,31.227233],[-86.766192,31.225381],[-86.765099,31.224486],[-86.764646,31.224074],[-86.764539,31.224028],[-86.764196,31.223499],[-86.76417,31.223315],[-86.764091,31.223245],[-86.764066,31.223062],[-86.763887,31.222593],[-86.763569,31.221751],[-86.763573,31.220923],[-86.763763,31.220463],[-86.764393,31.219451],[-86.764907,31.218705],[-86.765362,31.218224],[-86.765773,31.217889],[-86.766324,31.217263],[-86.766823,31.216745],[-86.768327,31.215582],[-86.769142,31.215019],[-86.769759,31.214482],[-86.770133,31.214116],[-86.77059,31.213702],[-86.771161,31.213211],[-86.771691,31.212508],[-86.77196,31.212185],[-86.772446,31.211244],[-86.772592,31.210657],[-86.772409,31.210303],[-86.771997,31.210118],[-86.770899,31.209799],[-86.770305,31.209363],[-86.769119,31.208796],[-86.768115,31.208613],[-86.766375,31.208478],[-86.765893,31.208388],[-86.765491,31.208112],[-86.765304,31.207838],[-86.765222,31.207335],[-86.765327,31.207015],[-86.765927,31.206529],[-86.766676,31.205884],[-86.768459,31.205076],[-86.769255,31.204322],[-86.769467,31.203957],[-86.769758,31.20366],[-86.770263,31.203479],[-86.771484,31.203275],[-86.771962,31.203138],[-86.772453,31.202685],[-86.772519,31.202243],[-86.77217,31.201927],[-86.771526,31.201264],[-86.771232,31.20099],[-86.770882,31.200422],[-86.770507,31.199938],[-86.769766,31.198709],[-86.769524,31.198285],[-86.769245,31.197972],[-86.768632,31.19733],[-86.767966,31.196848],[-86.767459,31.196619],[-86.766766,31.196642],[-86.764179,31.197466],[-86.763513,31.197534],[-86.76322,31.197465],[-86.763005,31.197282],[-86.762899,31.196915],[-86.762979,31.196457],[-86.763753,31.195449],[-86.7649,31.194028],[-86.76554,31.192974],[-86.765568,31.192783],[-86.765773,31.192627],[-86.765832,31.192362],[-86.765707,31.192191],[-86.765377,31.191944],[-86.76465,31.191717],[-86.763684,31.191852],[-86.762834,31.192036],[-86.762462,31.192037],[-86.762197,31.191877],[-86.762091,31.19167],[-86.761831,31.191034],[-86.762,31.190294],[-86.762314,31.18977],[-86.763067,31.188534],[-86.763149,31.188261],[-86.763229,31.188146],[-86.76315,31.187757],[-86.762755,31.187161],[-86.762702,31.186977],[-86.762838,31.186567],[-86.76316,31.186033],[-86.763509,31.185765],[-86.76442,31.184896],[-86.764738,31.184567],[-86.765116,31.184349],[-86.765494,31.184131],[-86.765867,31.18405],[-86.766522,31.183789],[-86.766903,31.183631],[-86.767116,31.183391],[-86.767154,31.183044],[-86.766996,31.182769],[-86.766757,31.182585],[-86.766368,31.182297],[-86.763512,31.181133],[-86.763365,31.181679],[-86.763273,31.181829],[-86.763212,31.181985],[-86.763013,31.18236],[-86.762036,31.184207],[-86.761692,31.185055],[-86.761221,31.186546],[-86.760752,31.187622],[-86.759127,31.190052],[-86.757492,31.192646],[-86.757206,31.192955],[-86.756671,31.193158],[-86.756388,31.193179],[-86.755457,31.193246],[-86.751168,31.193249],[-86.750509,31.193137],[-86.749847,31.192914],[-86.749318,31.192624],[-86.748632,31.192362],[-86.74805,31.192318],[-86.747674,31.192349],[-86.747111,31.19249],[-86.746703,31.192675],[-86.74489,31.193896],[-86.744387,31.194326],[-86.743671,31.194822],[-86.743297,31.194986],[-86.742823,31.195127],[-86.741399,31.195347],[-86.740754,31.195314],[-86.740175,31.195229],[-86.739542,31.19504],[-86.738743,31.194647],[-86.738309,31.19431],[-86.738126,31.19399],[-86.738058,31.193747],[-86.738103,31.19275],[-86.738042,31.192143],[-86.737855,31.191786],[-86.737365,31.191395],[-86.737152,31.191326],[-86.736817,31.191337],[-86.734686,31.191739],[-86.733943,31.191843],[-86.733735,31.191819],[-86.733508,31.191728],[-86.733397,31.191621],[-86.733125,31.190982],[-86.732742,31.190346],[-86.73261,31.190007],[-86.73266,31.189765],[-86.732851,31.189582],[-86.733179,31.189523],[-86.734295,31.189671],[-86.734838,31.18965],[-86.73526,31.189497],[-86.735789,31.189089],[-86.73676,31.188053],[-86.737189,31.187358],[-86.737214,31.186965],[-86.737139,31.186677],[-86.736936,31.186365],[-86.736549,31.186038],[-86.735996,31.185714],[-86.735358,31.18545],[-86.734994,31.185364],[-86.734453,31.185308],[-86.733362,31.185321],[-86.73125,31.18561],[-86.730579,31.185642],[-86.729994,31.185612],[-86.729594,31.185504],[-86.72926,31.185354],[-86.728398,31.184728],[-86.728295,31.18471],[-86.728034,31.184664],[-86.727719,31.184756],[-86.727596,31.184853],[-86.727507,31.185015],[-86.727441,31.185259],[-86.727456,31.18551],[-86.727583,31.185962],[-86.727731,31.186259],[-86.727737,31.186402],[-86.727725,31.186473],[-86.72767,31.186492],[-86.727339,31.186498],[-86.727147,31.186428],[-86.726971,31.186275],[-86.726611,31.18571],[-86.726388,31.185056],[-86.726267,31.184493],[-86.726092,31.183978],[-86.725985,31.183825],[-86.725707,31.18378],[-86.725327,31.183925],[-86.72515,31.18404],[-86.725026,31.184121],[-86.723865,31.185199],[-86.723435,31.185423],[-86.723153,31.185492],[-86.722398,31.185508],[-86.72161,31.185409],[-86.721346,31.185309],[-86.721168,31.185111],[-86.721082,31.184872],[-86.721093,31.18455],[-86.721207,31.184021],[-86.721172,31.183665],[-86.721007,31.18346],[-86.720821,31.183384],[-86.720654,31.1834],[-86.720433,31.183502],[-86.719276,31.184541],[-86.71882,31.184795],[-86.718047,31.184978],[-86.717931,31.185005],[-86.717344,31.185008],[-86.71665,31.184874],[-86.716498,31.184946],[-86.716412,31.185109],[-86.716367,31.185393],[-86.716459,31.185815],[-86.716634,31.186179],[-86.716828,31.186456],[-86.717319,31.18699],[-86.718262,31.187898],[-86.719198,31.189085],[-86.719488,31.189289],[-86.719843,31.189397],[-86.720136,31.189417],[-86.720294,31.189408],[-86.720888,31.189372],[-86.721084,31.18951],[-86.721228,31.189768],[-86.721362,31.190219],[-86.721354,31.19054],[-86.721274,31.190743],[-86.721089,31.190983],[-86.720778,31.191165],[-86.720419,31.191265],[-86.71953,31.191256],[-86.719454,31.191255],[-86.718798,31.19113],[-86.718167,31.190938],[-86.717631,31.190853],[-86.715955,31.190851],[-86.713598,31.19038],[-86.713228,31.190442],[-86.713044,31.190526],[-86.712661,31.19095],[-86.712386,31.191469],[-86.712193,31.191607],[-86.711986,31.191627],[-86.711728,31.191514],[-86.711208,31.191],[-86.710893,31.190827],[-86.710402,31.190733],[-86.709645,31.190726],[-86.70923,31.19067],[-86.708052,31.19029],[-86.707676,31.190318],[-86.707244,31.19046],[-86.706837,31.190646],[-86.706521,31.190881],[-86.706348,31.191205],[-86.706341,31.191454],[-86.706438,31.191653],[-86.706629,31.191843],[-86.70748,31.192427],[-86.707776,31.192681],[-86.707877,31.192839],[-86.707963,31.193128],[-86.707976,31.193486],[-86.707852,31.193939],[-86.707595,31.194267],[-86.707098,31.194652],[-86.706654,31.194851],[-86.706151,31.194874],[-86.705526,31.194811],[-86.703749,31.194377],[-86.70263,31.193968],[-86.701479,31.193374],[-86.701047,31.193091],[-86.70068,31.192729],[-86.700282,31.192217],[-86.700285,31.192457],[-86.700283,31.192481],[-86.700284,31.192547],[-86.700291,31.193338],[-86.700178,31.210802],[-86.700177,31.210973],[-86.700248,31.214841],[-86.700446,31.225212],[-86.700446,31.225285],[-86.700445,31.225405],[-86.700733,31.237197],[-86.701003,31.250171],[-86.701002,31.253681],[-86.701011,31.262709],[-86.701012,31.263779],[-86.70102,31.271535],[-86.701025,31.281136],[-86.701026,31.283015],[-86.701031,31.288872],[-86.701034,31.291956],[-86.70104,31.293981],[-86.701042,31.295298],[-86.701045,31.295567],[-86.701047,31.296505],[-86.70113,31.315663],[-86.701139,31.324358],[-86.701642,31.337503],[-86.701268,31.337324],[-86.700911,31.337497],[-86.700327,31.338335],[-86.699878,31.339157],[-86.699278,31.339946],[-86.699084,31.340568],[-86.699159,31.340827],[-86.699278,31.341184],[-86.699289,31.341497],[-86.699268,31.342081],[-86.699495,31.342632],[-86.699949,31.343076],[-86.700359,31.343497],[-86.700619,31.343757],[-86.70103,31.344124],[-86.701354,31.344416],[-86.70183,31.344751],[-86.70223,31.345065],[-86.702791,31.345387],[-86.702446,31.345397],[-86.701986,31.346084],[-86.701543,31.346549],[-86.701019,31.346592],[-86.700062,31.347024],[-86.699619,31.347835],[-86.699435,31.348084],[-86.698846,31.34797],[-86.698484,31.347597],[-86.698041,31.347732],[-86.697159,31.347511],[-86.696505,31.347451],[-86.69603,31.348095],[-86.696104,31.348246],[-86.695662,31.348243],[-86.695366,31.348066],[-86.695174,31.34769],[-86.694891,31.347359],[-86.694188,31.347233],[-86.69368,31.347315],[-86.693222,31.347349],[-86.692516,31.347479],[-86.692434,31.347813],[-86.692632,31.348219],[-86.692973,31.348506],[-86.693117,31.348605],[-86.693225,31.348654],[-86.693525,31.349055],[-86.693525,31.349376],[-86.693178,31.34949],[-86.69179,31.349147],[-86.691389,31.348872],[-86.691015,31.348665],[-86.690428,31.348757],[-86.689789,31.348794],[-86.689306,31.349238],[-86.688505,31.349697],[-86.688158,31.350086],[-86.688158,31.350384],[-86.688372,31.351049],[-86.688318,31.351553],[-86.688051,31.352149],[-86.687811,31.352516],[-86.68741,31.352791],[-86.68685,31.352859],[-86.68482,31.352584],[-86.684046,31.352653],[-86.683534,31.352751],[-86.683458,31.353043],[-86.683405,31.353386],[-86.683084,31.35373],[-86.68239,31.354051],[-86.681936,31.354211],[-86.681509,31.354578],[-86.681509,31.354784],[-86.681592,31.354871],[-86.681749,31.355036],[-86.681722,31.355266],[-86.681449,31.355571],[-86.681188,31.355862],[-86.680868,31.355953],[-86.68036,31.355999],[-86.680247,31.356069],[-86.680173,31.356114],[-86.68012,31.356343],[-86.680146,31.356503],[-86.68028,31.356709],[-86.680253,31.356962],[-86.679959,31.357259],[-86.679105,31.357557],[-86.678704,31.357626],[-86.678571,31.357808],[-86.678597,31.357969],[-86.679238,31.358496],[-86.679585,31.358588],[-86.680493,31.358496],[-86.680707,31.358634],[-86.68068,31.358817],[-86.6806,31.358932],[-86.679906,31.359275],[-86.679799,31.359504],[-86.679665,31.360032],[-86.679665,31.360375],[-86.680119,31.360902],[-86.681027,31.361705],[-86.681161,31.361888],[-86.681241,31.362163],[-86.681134,31.362301],[-86.680974,31.362369],[-86.68068,31.362346],[-86.680333,31.36214],[-86.679986,31.361728],[-86.679799,31.361659],[-86.679452,31.361682],[-86.679078,31.362255],[-86.67841,31.362552],[-86.678089,31.362919],[-86.678063,31.363034],[-86.677956,31.36324],[-86.677715,31.363446],[-86.677422,31.363446],[-86.677261,31.363377],[-86.677181,31.363286],[-86.677075,31.362438],[-86.676968,31.362231],[-86.676834,31.362094],[-86.676487,31.362163],[-86.67598,31.362461],[-86.675713,31.362461],[-86.675152,31.362346],[-86.674564,31.362415],[-86.674244,31.362598],[-86.674244,31.363033],[-86.674324,31.363194],[-86.67427,31.363492],[-86.674217,31.363606],[-86.673896,31.363744],[-86.673549,31.363675],[-86.673122,31.363492],[-86.672855,31.363514],[-86.672507,31.363744],[-86.67232,31.363996],[-86.67224,31.364225],[-86.67208,31.364477],[-86.67176,31.364752],[-86.670985,31.365302],[-86.670771,31.365371],[-86.670718,31.365577],[-86.670157,31.366196],[-86.668955,31.367433],[-86.668126,31.368441],[-86.667459,31.369014],[-86.667245,31.369404],[-86.667298,31.37],[-86.667352,31.370091],[-86.667352,31.370206],[-86.667432,31.370275],[-86.667538,31.371237],[-86.667458,31.371535],[-86.667564,31.373598],[-86.667645,31.373689],[-86.667751,31.374194],[-86.667805,31.374262],[-86.668018,31.374797],[-86.668152,31.375167],[-86.668606,31.375608],[-86.66898,31.375688],[-86.669595,31.375871],[-86.670209,31.375757],[-86.670636,31.37578],[-86.670717,31.375871],[-86.67053,31.376238],[-86.669862,31.376627],[-86.66874,31.377475],[-86.66874,31.377727],[-86.669194,31.378025],[-86.669461,31.378255],[-86.669701,31.378575],[-86.669835,31.378942],[-86.669941,31.379469],[-86.670128,31.381257],[-86.670235,31.381486],[-86.670261,31.381784],[-86.670395,31.38222],[-86.670422,31.382495],[-86.670549,31.382762],[-86.670715,31.383113],[-86.670902,31.38332],[-86.671543,31.383778],[-86.672051,31.384168],[-86.675123,31.385222],[-86.675416,31.38536],[-86.675684,31.385635],[-86.675764,31.38575],[-86.675737,31.386208],[-86.675523,31.386505],[-86.675335,31.386689],[-86.675095,31.386803],[-86.674935,31.387009],[-86.674935,31.387628],[-86.675228,31.388452],[-86.675335,31.388612],[-86.675442,31.389001],[-86.675414,31.389459],[-86.675228,31.389734],[-86.674986,31.389871],[-86.674719,31.389872],[-86.674373,31.38978],[-86.674078,31.389573],[-86.673971,31.389435],[-86.673864,31.388978],[-86.673811,31.388908],[-86.67381,31.388772],[-86.673491,31.388381],[-86.673169,31.38822],[-86.672903,31.388289],[-86.672609,31.38861],[-86.672609,31.389],[-86.672955,31.389549],[-86.673034,31.390075],[-86.672666,31.390492],[-86.67133,31.391175],[-86.671085,31.391289],[-86.670793,31.39129],[-86.670153,31.391019],[-86.669645,31.391065],[-86.669218,31.391317],[-86.66839,31.391363],[-86.667535,31.391867],[-86.66708,31.39205],[-86.665825,31.392073],[-86.665745,31.392233],[-86.665798,31.392416],[-86.666038,31.392692],[-86.665744,31.393264],[-86.665771,31.3937],[-86.665931,31.394181],[-86.666145,31.39464],[-86.666118,31.395052],[-86.665797,31.395396],[-86.665584,31.395533],[-86.665583,31.395992],[-86.665797,31.396267],[-86.665984,31.396404],[-86.665984,31.396679],[-86.66577,31.396954],[-86.665583,31.397458],[-86.665583,31.398215],[-86.665663,31.39849],[-86.665796,31.398811],[-86.665823,31.399063],[-86.665823,31.399475],[-86.665556,31.399727],[-86.664728,31.399865],[-86.664434,31.400048],[-86.663979,31.400415],[-86.663285,31.400804],[-86.662643,31.401423],[-86.66251,31.401446],[-86.662403,31.401721],[-86.662269,31.40195],[-86.662135,31.402064],[-86.662082,31.402316],[-86.662082,31.402798],[-86.662189,31.403004],[-86.662589,31.40321],[-86.663659,31.403577],[-86.664033,31.403761],[-86.663979,31.40415],[-86.663632,31.404654],[-86.663525,31.405021],[-86.663578,31.405296],[-86.663979,31.405777],[-86.664834,31.40603],[-86.664887,31.406121],[-86.664861,31.406465],[-86.664754,31.406786],[-86.664834,31.406946],[-86.665181,31.407153],[-86.666063,31.407428],[-86.666677,31.407726],[-86.667051,31.407955],[-86.667185,31.40823],[-86.667238,31.408918],[-86.667051,31.409101],[-86.666944,31.409399],[-86.666837,31.409949],[-86.666837,31.410224],[-86.66697,31.41043],[-86.666997,31.410614],[-86.667184,31.410843],[-86.667184,31.41098],[-86.667531,31.411508],[-86.667959,31.412264],[-86.668306,31.412768],[-86.66852,31.412974],[-86.668546,31.413135],[-86.669054,31.413937],[-86.669268,31.414877],[-86.669374,31.415175],[-86.669374,31.416023],[-86.669187,31.416321],[-86.668519,31.416435],[-86.667263,31.416389],[-86.666969,31.416321],[-86.666381,31.416367],[-86.666062,31.416573],[-86.665901,31.41687],[-86.665794,31.417169],[-86.665714,31.417238],[-86.665366,31.418063],[-86.665366,31.418773],[-86.665472,31.418979],[-86.66566,31.419209],[-86.66582,31.419552],[-86.666381,31.420081],[-86.666542,31.420469],[-86.666595,31.420539],[-86.666675,31.420767],[-86.66681,31.420996],[-86.667104,31.421226],[-86.667451,31.42134],[-86.668921,31.421616],[-86.669802,31.421914],[-86.670765,31.422418],[-86.671967,31.42329],[-86.671994,31.423382],[-86.672608,31.424069],[-86.672742,31.424299],[-86.673009,31.424987],[-86.67309,31.425468],[-86.673196,31.425881],[-86.673224,31.426751],[-86.673411,31.427348],[-86.673598,31.427714],[-86.673624,31.427898],[-86.673677,31.428028],[-86.673783,31.428282],[-86.673784,31.428401],[-86.673864,31.428469],[-86.673971,31.428767],[-86.674184,31.42895],[-86.67421,31.429042],[-86.67429,31.429064],[-86.674504,31.429406],[-86.674557,31.42975],[-86.67445,31.429979],[-86.674103,31.430369],[-86.673916,31.431056],[-86.673836,31.431629],[-86.673702,31.432019],[-86.673301,31.43289],[-86.672953,31.433188],[-86.672793,31.433256],[-86.672579,31.433165],[-86.672392,31.433004],[-86.672258,31.432706],[-86.671938,31.432431],[-86.671537,31.432477],[-86.671136,31.432752],[-86.671002,31.433165],[-86.671002,31.433462],[-86.671109,31.43376],[-86.671216,31.433852],[-86.671243,31.434013],[-86.67167,31.434242],[-86.6729,31.43454],[-86.673514,31.435044],[-86.674236,31.435457],[-86.674476,31.435686],[-86.674637,31.436076],[-86.674744,31.43619],[-86.674744,31.436282],[-86.67485,31.436442],[-86.67485,31.436557],[-86.677096,31.436571],[-86.688109,31.436587],[-86.697953,31.43661],[-86.70122,31.436641],[-86.701194,31.437725],[-86.701151,31.444143],[-86.701114,31.449578],[-86.701127,31.45088],[-86.701179,31.456211],[-86.70122,31.460303],[-86.701238,31.462064],[-86.701327,31.463223],[-86.701332,31.463656],[-86.701361,31.466072],[-86.701424,31.471185],[-86.701402,31.472648],[-86.701368,31.480233],[-86.70133,31.48715],[-86.701371,31.498383],[-86.701372,31.49853],[-86.701382,31.50067],[-86.701373,31.501178],[-86.701372,31.501244],[-86.701339,31.503972],[-86.701342,31.504235],[-86.701344,31.504373],[-86.701345,31.504436],[-86.701346,31.504519],[-86.701348,31.504601],[-86.701349,31.50469],[-86.701351,31.504852],[-86.701352,31.504948],[-86.701358,31.505587],[-86.70136,31.505857],[-86.701362,31.505991],[-86.701364,31.506158],[-86.701365,31.5063],[-86.701501,31.520006],[-86.701554,31.523946],[-86.700626,31.523984],[-86.699825,31.523999],[-86.699443,31.523993],[-86.699015,31.523987],[-86.698958,31.523985],[-86.697879,31.523938],[-86.697513,31.523909],[-86.697334,31.523876],[-86.697156,31.523843],[-86.697128,31.523834],[-86.697072,31.523833],[-86.695121,31.523786],[-86.690418,31.523697],[-86.690217,31.523693],[-86.689314,31.52394],[-86.689249,31.523959],[-86.688891,31.524032],[-86.688534,31.524069],[-86.688172,31.524055],[-86.687454,31.523945],[-86.687095,31.523927],[-86.685647,31.523948],[-86.684373,31.523942],[-86.684329,31.523941],[-86.684282,31.52394],[-86.67688,31.523893],[-86.676611,31.523884],[-86.676252,31.523827],[-86.675909,31.523726],[-86.675809,31.523683],[-86.675441,31.523683],[-86.669891,31.523684],[-86.667325,31.523691],[-86.666982,31.523692],[-86.657394,31.523716],[-86.642246,31.523753],[-86.641666,31.523755],[-86.624967,31.52376],[-86.619473,31.523885],[-86.617193,31.523897],[-86.589109,31.524025],[-86.584376,31.524043],[-86.574692,31.524015],[-86.571134,31.524062],[-86.565604,31.524128],[-86.537906,31.524473],[-86.527066,31.524673],[-86.526676,31.524377],[-86.520061,31.524652],[-86.519345,31.524625],[-86.506196,31.52485],[-86.502714,31.525085],[-86.499964,31.525272],[-86.499213,31.525331],[-86.497891,31.525334],[-86.487319,31.525361],[-86.486137,31.525364],[-86.485946,31.525365],[-86.485141,31.525367],[-86.484601,31.525368],[-86.465465,31.525419],[-86.465441,31.525419],[-86.459944,31.52544],[-86.459654,31.52544],[-86.434715,31.525504],[-86.429512,31.525518],[-86.429497,31.525518],[-86.424474,31.525532],[-86.418754,31.52555],[-86.418739,31.525553],[-86.415383,31.525572],[-86.414881,31.525639],[-86.414804,31.525649],[-86.414177,31.525732],[-86.413915,31.525754],[-86.413522,31.525788],[-86.412975,31.525842],[-86.412873,31.525852],[-86.412811,31.525858],[-86.412755,31.525864],[-86.412736,31.525866],[-86.408246,31.526311],[-86.406203,31.526513],[-86.39994,31.527128],[-86.3998,31.517375],[-86.399791,31.51679],[-86.39979,31.516731],[-86.399789,31.516714],[-86.399789,31.516702],[-86.399789,31.51669],[-86.399788,31.516635],[-86.399784,31.516366],[-86.399783,31.516278],[-86.399749,31.514067],[-86.399664,31.508197],[-86.399624,31.505419],[-86.399601,31.503895],[-86.399587,31.503019],[-86.399587,31.503003],[-86.399557,31.500544],[-86.399556,31.500461],[-86.399464,31.495738],[-86.399462,31.495622],[-86.399461,31.495573],[-86.39946,31.495548],[-86.399459,31.495509],[-86.399458,31.495444],[-86.399455,31.495294],[-86.399445,31.494769],[-86.399288,31.486703],[-86.399287,31.486634],[-86.399268,31.485309],[-86.39915,31.480203],[-86.399135,31.47957],[-86.398979,31.472174],[-86.39896,31.471045],[-86.398925,31.469653],[-86.398924,31.469592],[-86.398922,31.469508],[-86.398922,31.469497],[-86.398921,31.469473],[-86.398884,31.468025],[-86.398883,31.46772],[-86.398686,31.458483],[-86.398684,31.458366],[-86.398682,31.458259],[-86.398682,31.458248],[-86.398681,31.45817],[-86.398665,31.457861],[-86.398661,31.457767],[-86.398653,31.457608],[-86.398642,31.45736],[-86.398631,31.456851],[-86.39863,31.456832],[-86.398629,31.45677],[-86.398628,31.45671],[-86.39861,31.455842],[-86.398604,31.455258],[-86.398602,31.455171],[-86.398594,31.454841],[-86.398589,31.454511],[-86.398587,31.454404],[-86.398585,31.454295],[-86.398585,31.454231],[-86.398582,31.454007],[-86.398578,31.453777],[-86.398565,31.453025],[-86.398561,31.452563],[-86.398556,31.452428],[-86.398553,31.452292],[-86.398552,31.45221],[-86.398552,31.452199],[-86.398551,31.452128],[-86.398546,31.451944],[-86.398544,31.451848],[-86.398542,31.451732],[-86.398541,31.451648],[-86.39854,31.451564],[-86.398539,31.451509],[-86.398538,31.451454],[-86.398537,31.451391],[-86.398536,31.451325],[-86.398286,31.451197],[-86.398135,31.451181],[-86.39793,31.451078],[-86.397638,31.451008],[-86.397454,31.450965],[-86.397325,31.45098],[-86.39673,31.450754],[-86.396144,31.450708],[-86.395686,31.450684],[-86.395363,31.450748],[-86.395202,31.450787],[-86.395089,31.45093],[-86.394993,31.451352],[-86.395077,31.451739],[-86.395261,31.451973],[-86.395559,31.452042],[-86.396135,31.452176],[-86.395896,31.45252],[-86.39584,31.452578],[-86.395283,31.452685],[-86.394905,31.452715],[-86.394507,31.452828],[-86.394148,31.453016],[-86.393042,31.45379],[-86.392844,31.453902],[-86.392476,31.454178],[-86.391595,31.455142],[-86.391144,31.455568],[-86.390944,31.455756],[-86.390745,31.455945],[-86.390498,31.45591],[-86.389873,31.45599],[-86.389173,31.456233],[-86.389102,31.456315],[-86.38905,31.456375],[-86.388965,31.456436],[-86.388968,31.457149],[-86.388837,31.457691],[-86.388741,31.457947],[-86.388735,31.458269],[-86.388054,31.458754],[-86.387707,31.458823],[-86.3876,31.458731],[-86.387546,31.458571],[-86.38767,31.458374],[-86.387734,31.458273],[-86.387774,31.458233],[-86.388156,31.457852],[-86.388214,31.45753],[-86.388033,31.457368],[-86.387663,31.457305],[-86.387269,31.457375],[-86.386817,31.457649],[-86.386376,31.457999],[-86.386217,31.458049],[-86.386202,31.45805],[-86.386033,31.458058],[-86.38594,31.458094],[-86.385903,31.458108],[-86.385597,31.458142],[-86.385294,31.458176],[-86.384736,31.458237],[-86.384687,31.458243],[-86.384657,31.458259],[-86.384695,31.458515],[-86.385221,31.458722],[-86.385356,31.458848],[-86.385471,31.458946],[-86.385721,31.459033],[-86.385729,31.459101],[-86.385901,31.459305],[-86.386134,31.459383],[-86.386308,31.459537],[-86.386478,31.459784],[-86.38649,31.459961],[-86.386399,31.46016],[-86.386206,31.460296],[-86.385536,31.460313],[-86.385214,31.460476],[-86.385009,31.460745],[-86.384949,31.461062],[-86.384799,31.461331],[-86.384716,31.461364],[-86.384633,31.461397],[-86.384347,31.461326],[-86.384283,31.46131],[-86.384123,31.461418],[-86.384048,31.461621],[-86.384124,31.462011],[-86.38409,31.462186],[-86.383918,31.46243],[-86.383855,31.462484],[-86.383562,31.462736],[-86.382804,31.463176],[-86.382726,31.463221],[-86.382602,31.463334],[-86.382297,31.463613],[-86.382177,31.463716],[-86.382057,31.463819],[-86.381378,31.4644],[-86.380677,31.464999],[-86.380218,31.465314],[-86.379917,31.465441],[-86.379594,31.46549],[-86.37955,31.465598],[-86.379377,31.465717],[-86.379317,31.46594],[-86.379283,31.465982],[-86.379334,31.46636],[-86.379334,31.46645],[-86.37936,31.466493],[-86.379552,31.46682],[-86.379752,31.467161],[-86.379786,31.467444],[-86.379788,31.467458],[-86.379853,31.467533],[-86.379868,31.46755],[-86.379868,31.467848],[-86.379799,31.467934],[-86.379572,31.467988],[-86.379253,31.468064],[-86.378784,31.468096],[-86.378532,31.468079],[-86.378504,31.468077],[-86.378317,31.467939],[-86.378281,31.46783],[-86.378264,31.467779],[-86.378018,31.467471],[-86.378008,31.467458],[-86.377807,31.466828],[-86.377664,31.466715],[-86.377564,31.466636],[-86.377523,31.466553],[-86.37733,31.466546],[-86.377126,31.46667],[-86.376791,31.467207],[-86.376554,31.467409],[-86.375998,31.467656],[-86.375341,31.467757],[-86.37521,31.46789],[-86.375176,31.467992],[-86.375217,31.468126],[-86.375933,31.468725],[-86.376185,31.468851],[-86.376727,31.468874],[-86.377223,31.469065],[-86.377594,31.469354],[-86.377942,31.469757],[-86.378016,31.469924],[-86.37799,31.4701],[-86.37785,31.470228],[-86.377248,31.47009],[-86.377094,31.470141],[-86.376962,31.47032],[-86.376969,31.470533],[-86.377314,31.470937],[-86.377413,31.471248],[-86.377405,31.471928],[-86.377317,31.472314],[-86.377243,31.472401],[-86.377125,31.472424],[-86.376973,31.472362],[-86.376697,31.472003],[-86.376418,31.471936],[-86.376127,31.471969],[-86.375818,31.472156],[-86.375565,31.47239],[-86.375383,31.473076],[-86.37569,31.473618],[-86.375681,31.473832],[-86.375556,31.474014],[-86.375275,31.474082],[-86.374895,31.47409],[-86.374737,31.47407],[-86.374312,31.474017],[-86.373692,31.474113],[-86.373452,31.474059],[-86.373366,31.473938],[-86.373338,31.47376],[-86.373389,31.473549],[-86.37377,31.472995],[-86.373858,31.472539],[-86.373781,31.472462],[-86.373574,31.472432],[-86.372932,31.472582],[-86.372613,31.472818],[-86.372185,31.473316],[-86.37207,31.47345],[-86.371902,31.473556],[-86.371719,31.473574],[-86.371652,31.473581],[-86.370829,31.473443],[-86.370541,31.473493],[-86.3703,31.473689],[-86.369836,31.47457],[-86.369443,31.475644],[-86.370555,31.475878],[-86.37062,31.476281],[-86.3694,31.476463],[-86.369323,31.47652],[-86.369204,31.476608],[-86.368988,31.477036],[-86.368743,31.477232],[-86.367465,31.477693],[-86.367392,31.477829],[-86.367357,31.478114],[-86.367523,31.478631],[-86.367538,31.478881],[-86.367314,31.479491],[-86.367201,31.480163],[-86.367026,31.480315],[-86.366711,31.480415],[-86.366146,31.480183],[-86.365812,31.480149],[-86.365377,31.480286],[-86.365062,31.480522],[-86.364947,31.48079],[-86.364789,31.481781],[-86.363952,31.483619],[-86.363856,31.483892],[-86.3638,31.484389],[-86.363756,31.484487],[-86.363624,31.484784],[-86.363631,31.48499],[-86.363779,31.485487],[-86.363966,31.485872],[-86.364465,31.486462],[-86.364659,31.486732],[-86.364692,31.487132],[-86.3644,31.487186],[-86.364314,31.487068],[-86.36416,31.486923],[-86.363919,31.486746],[-86.363595,31.486854],[-86.363054,31.487005],[-86.362686,31.48733],[-86.362146,31.487438],[-86.361843,31.487503],[-86.361339,31.487398],[-86.361171,31.487389],[-86.360279,31.486796],[-86.360032,31.486771],[-86.359719,31.486876],[-86.359575,31.487049],[-86.359572,31.487154],[-86.359713,31.487487],[-86.359505,31.48771],[-86.359163,31.487838],[-86.358938,31.487791],[-86.3589,31.487783],[-86.358797,31.487762],[-86.358217,31.487472],[-86.358082,31.487215],[-86.358146,31.486933],[-86.358372,31.486549],[-86.358374,31.486372],[-86.35826,31.486181],[-86.358115,31.48605],[-86.357959,31.486004],[-86.357749,31.486012],[-86.357552,31.486076],[-86.357226,31.486299],[-86.357078,31.486515],[-86.356856,31.487168],[-86.356691,31.487329],[-86.356351,31.487467],[-86.356153,31.487466],[-86.356138,31.487466],[-86.356004,31.487466],[-86.355758,31.487224],[-86.355624,31.486666],[-86.355509,31.48652],[-86.354744,31.486342],[-86.35456,31.486256],[-86.354288,31.485985],[-86.354166,31.485572],[-86.35436,31.485136],[-86.354365,31.484922],[-86.354306,31.484829],[-86.354044,31.484714],[-86.353794,31.484711],[-86.351168,31.485333],[-86.350166,31.485368],[-86.349041,31.485509],[-86.348722,31.485596],[-86.348301,31.485835],[-86.34814,31.485873],[-86.347973,31.485867],[-86.347792,31.485776],[-86.347467,31.485446],[-86.34724,31.485289],[-86.347037,31.485257],[-86.346794,31.485314],[-86.346679,31.48543],[-86.346631,31.485675],[-86.346633,31.485746],[-86.346822,31.485938],[-86.346764,31.486181],[-86.345602,31.487156],[-86.345405,31.48739],[-86.345384,31.487637],[-86.345415,31.487703],[-86.345526,31.487753],[-86.345734,31.487759],[-86.346007,31.487669],[-86.346485,31.487374],[-86.346812,31.487306],[-86.347015,31.487346],[-86.347261,31.487481],[-86.347723,31.487898],[-86.347765,31.488139],[-86.347571,31.488371],[-86.347074,31.488651],[-86.346751,31.488979],[-86.346638,31.489356],[-86.346695,31.48978],[-86.346558,31.490041],[-86.346185,31.490227],[-86.345895,31.490272],[-86.345565,31.490227],[-86.345421,31.4901],[-86.345266,31.489654],[-86.345025,31.489456],[-86.344463,31.48922],[-86.343821,31.489057],[-86.343467,31.488864],[-86.341298,31.48706],[-86.340957,31.486924],[-86.340454,31.486879],[-86.340037,31.486919],[-86.339806,31.487006],[-86.338539,31.48756],[-86.338246,31.487761],[-86.337711,31.48831],[-86.337095,31.489289],[-86.336388,31.490179],[-86.336211,31.490329],[-86.33572,31.49043],[-86.335582,31.490648],[-86.335601,31.490824],[-86.335671,31.490912],[-86.336288,31.491016],[-86.336558,31.491187],[-86.336578,31.491327],[-86.336416,31.491693],[-86.336217,31.491924],[-86.33579,31.492268],[-86.335463,31.492851],[-86.335127,31.492987],[-86.335014,31.493133],[-86.335042,31.493558],[-86.335429,31.494022],[-86.335392,31.494234],[-86.33524,31.494404],[-86.335034,31.494528],[-86.334791,31.494585],[-86.334582,31.494579],[-86.334442,31.494408],[-86.334456,31.493909],[-86.334408,31.4937],[-86.334148,31.49347],[-86.333812,31.493468],[-86.333578,31.493583],[-86.33344,31.493917],[-86.333398,31.494417],[-86.333431,31.494666],[-86.3336,31.494991],[-86.333483,31.495089],[-86.333284,31.495148],[-86.333159,31.49513],[-86.332925,31.49498],[-86.332758,31.494979],[-86.332579,31.495126],[-86.332263,31.495941],[-86.331736,31.496402],[-86.331077,31.49756],[-86.330944,31.497861],[-86.330753,31.498632],[-86.330621,31.498896],[-86.330409,31.499008],[-86.330243,31.499033],[-86.329899,31.498904],[-86.329648,31.49888],[-86.329413,31.498919],[-86.329236,31.49901],[-86.3291,31.499229],[-86.329069,31.49951],[-86.329151,31.499675],[-86.329697,31.500069],[-86.330187,31.500649],[-86.3306,31.500951],[-86.330711,31.50122],[-86.330713,31.501578],[-86.330586,31.501764],[-86.330395,31.501929],[-86.330122,31.502024],[-86.329789,31.501988],[-86.329574,31.501878],[-86.32918,31.501559],[-86.328603,31.501347],[-86.328313,31.501375],[-86.328075,31.501568],[-86.327983,31.502097],[-86.327858,31.502401],[-86.327697,31.502566],[-86.327522,31.502663],[-86.327004,31.502811],[-86.326545,31.502845],[-86.326233,31.502739],[-86.324814,31.501861],[-86.324481,31.501708],[-86.32408,31.501395],[-86.323795,31.501333],[-86.323592,31.501379],[-86.323479,31.501526],[-86.323577,31.501835],[-86.323743,31.50204],[-86.324428,31.502667],[-86.324638,31.503016],[-86.324751,31.503324],[-86.324754,31.503538],[-86.324685,31.503744],[-86.324555,31.503885],[-86.32428,31.50405],[-86.32404,31.504274],[-86.323928,31.504655],[-86.323732,31.50479],[-86.32281,31.504787],[-86.321503,31.505273],[-86.321318,31.505205],[-86.321165,31.504951],[-86.321017,31.504826],[-86.320723,31.504877],[-86.320288,31.505075],[-86.319967,31.504985],[-86.319641,31.505043],[-86.319329,31.50528],[-86.319185,31.505576],[-86.319135,31.505787],[-86.319193,31.506319],[-86.319342,31.506691],[-86.31962,31.507005],[-86.319776,31.507375],[-86.3198,31.507684],[-86.319745,31.508145],[-86.319851,31.508562],[-86.319848,31.508953],[-86.319621,31.509208],[-86.319328,31.509413],[-86.319072,31.509536],[-86.318713,31.509632],[-86.318552,31.509795],[-86.318462,31.510072],[-86.318562,31.510382],[-86.318835,31.5107],[-86.319104,31.510796],[-86.319393,31.510746],[-86.319598,31.510778],[-86.319772,31.510879],[-86.320051,31.511148],[-86.320109,31.511427],[-86.320018,31.511737],[-86.319666,31.511987],[-86.319173,31.511904],[-86.318673,31.51164],[-86.318501,31.511484],[-86.318326,31.511159],[-86.318155,31.511065],[-86.31794,31.511179],[-86.31785,31.511563],[-86.317728,31.511709],[-86.31748,31.511903],[-86.316926,31.512157],[-86.316658,31.51239],[-86.316175,31.512675],[-86.315887,31.512983],[-86.315606,31.513201],[-86.314922,31.514013],[-86.314809,31.514061],[-86.314515,31.514064],[-86.314198,31.513973],[-86.31403,31.513975],[-86.313666,31.514165],[-86.313419,31.514452],[-86.313291,31.514792],[-86.313469,31.515151],[-86.313479,31.515329],[-86.313307,31.51557],[-86.313021,31.51562],[-86.312538,31.515334],[-86.312294,31.515279],[-86.311855,31.515388],[-86.311303,31.515645],[-86.310595,31.516151],[-86.309829,31.516522],[-86.309218,31.517014],[-86.308803,31.517464],[-86.308285,31.518035],[-86.307806,31.518324],[-86.306957,31.519068],[-86.306677,31.519144],[-86.305341,31.5193],[-86.304713,31.519506],[-86.304454,31.519686],[-86.304374,31.519827],[-86.304461,31.52032],[-86.304423,31.520495],[-86.304272,31.520637],[-86.304027,31.520773],[-86.30348,31.520792],[-86.302945,31.520686],[-86.302229,31.520666],[-86.301744,31.52095],[-86.301421,31.52118],[-86.301306,31.521329],[-86.301339,31.521504],[-86.301608,31.521907],[-86.301609,31.522051],[-86.301502,31.522322],[-86.301333,31.522541],[-86.301087,31.522679],[-86.300842,31.522729],[-86.300591,31.5227],[-86.300308,31.522771],[-86.299334,31.523192],[-86.298925,31.52355],[-86.298853,31.52379],[-86.298979,31.524108],[-86.299147,31.524268],[-86.299382,31.524339],[-86.299439,31.524418],[-86.29935,31.524668],[-86.299287,31.524842],[-86.299156,31.524968],[-86.298988,31.52518],[-86.298847,31.525314],[-86.298747,31.525613],[-86.29881,31.525917],[-86.299041,31.526074],[-86.299292,31.526226],[-86.2994,31.526452],[-86.29947,31.526614],[-86.29945,31.526781],[-86.29935,31.526939],[-86.299156,31.527038],[-86.298962,31.527064],[-86.298768,31.526991],[-86.298637,31.526818],[-86.298407,31.526692],[-86.298229,31.526619],[-86.298015,31.526623],[-86.297783,31.526834],[-86.297615,31.527091],[-86.297448,31.527332],[-86.297348,31.527583],[-86.297421,31.527709],[-86.297608,31.527784],[-86.297726,31.527851],[-86.298266,31.527933],[-86.298708,31.528141],[-86.298728,31.528175],[-86.298762,31.528232],[-86.298841,31.528364],[-86.298887,31.528497],[-86.298793,31.528496],[-86.2987,31.528495],[-86.298511,31.528493],[-86.297626,31.528481],[-86.297615,31.528481],[-86.29739,31.528478],[-86.296987,31.528467],[-86.296975,31.528467],[-86.296935,31.528466],[-86.296726,31.528461],[-86.291655,31.528459],[-86.291192,31.528449],[-86.291156,31.528448],[-86.291129,31.528448],[-86.290938,31.528444],[-86.289203,31.528596],[-86.289114,31.528604],[-86.288973,31.52858],[-86.288828,31.528573],[-86.288468,31.528586],[-86.288105,31.528588],[-86.287944,31.528585],[-86.287743,31.528582],[-86.287595,31.528567],[-86.283482,31.528416],[-86.282608,31.528428],[-86.282176,31.528444],[-86.281902,31.528454],[-86.281825,31.528457],[-86.281659,31.528463],[-86.281638,31.528464],[-86.281476,31.52847],[-86.281428,31.528472],[-86.281398,31.528473],[-86.281355,31.528474],[-86.280395,31.528508],[-86.280155,31.52851],[-86.280052,31.527783],[-86.280051,31.527772],[-86.280048,31.527754],[-86.279855,31.526379],[-86.279852,31.526357],[-86.279836,31.526248],[-86.27982,31.526135],[-86.279777,31.525843],[-86.279775,31.525828],[-86.27977,31.525793],[-86.279767,31.525772],[-86.279133,31.521435],[-86.279106,31.521251],[-86.278869,31.519501],[-86.278527,31.517389],[-86.278522,31.517357],[-86.278223,31.514996],[-86.278196,31.514772],[-86.278081,31.513346],[-86.277992,31.511193],[-86.27795,31.50905],[-86.277929,31.506413],[-86.277869,31.504828],[-86.277873,31.504812],[-86.27785,31.500157],[-86.277721,31.499303],[-86.277714,31.499152],[-86.277711,31.499095],[-86.277678,31.496991],[-86.277677,31.49692],[-86.277659,31.495726],[-86.27765,31.495129],[-86.277645,31.494833],[-86.27761,31.492571],[-86.277523,31.487028],[-86.277494,31.485212],[-86.277492,31.485061],[-86.277486,31.48468],[-86.277483,31.484493],[-86.277482,31.484434],[-86.277481,31.484395],[-86.277462,31.48326],[-86.277462,31.483236],[-86.277417,31.480307],[-86.277416,31.480254],[-86.277416,31.48023],[-86.277416,31.480201],[-86.277415,31.480138],[-86.277413,31.48003],[-86.277411,31.479907],[-86.277375,31.477546],[-86.277367,31.477076],[-86.277366,31.477036],[-86.277366,31.477026],[-86.277365,31.476979],[-86.277363,31.476873],[-86.277327,31.474757],[-86.277326,31.474506],[-86.277326,31.474488],[-86.277325,31.474313],[-86.277059,31.457373],[-86.277053,31.456976],[-86.277051,31.456851],[-86.27705,31.456835],[-86.277047,31.456629],[-86.277042,31.45631],[-86.277031,31.455602],[-86.276215,31.455604],[-86.276175,31.455604],[-86.276055,31.455604],[-86.266599,31.455671],[-86.263637,31.455694],[-86.261352,31.455709],[-86.26106,31.455711],[-86.261018,31.455711],[-86.260189,31.455716],[-86.260365,31.45421],[-86.260367,31.4542],[-86.260368,31.45419],[-86.260371,31.454165],[-86.260376,31.454121],[-86.260379,31.454093],[-86.260391,31.453991],[-86.260417,31.453766],[-86.260665,31.45164],[-86.261769,31.442119],[-86.261876,31.441168],[-86.259634,31.441218],[-86.25962,31.441218],[-86.25408,31.441343],[-86.249953,31.441439],[-86.247664,31.441583],[-86.247558,31.44159],[-86.247509,31.441572],[-86.247333,31.441505],[-86.247296,31.441491],[-86.247095,31.441444],[-86.246802,31.441375],[-86.246705,31.441364],[-86.246685,31.441361],[-86.246674,31.44136],[-86.246296,31.441315],[-86.245786,31.441314],[-86.245703,31.441315],[-86.240172,31.441382],[-86.239869,31.441379],[-86.239809,31.441374],[-86.239799,31.441371],[-86.239727,31.441348],[-86.239684,31.441349],[-86.229225,31.441521],[-86.224888,31.441491],[-86.223448,31.441524],[-86.222007,31.441568],[-86.22139,31.441582],[-86.220193,31.441599],[-86.2184,31.4416],[-86.216607,31.44163],[-86.215624,31.441636],[-86.215406,31.441637],[-86.215357,31.441635],[-86.215226,31.44163],[-86.215173,31.441623],[-86.215079,31.441622],[-86.210698,31.44171],[-86.19936,31.4406],[-86.193951,31.440072],[-86.193958,31.442156],[-86.193958,31.442194],[-86.193973,31.446475],[-86.193973,31.446586],[-86.19398,31.447261],[-86.193977,31.447794],[-86.193978,31.448055],[-86.19398,31.448615],[-86.193981,31.448951],[-86.193981,31.44901],[-86.193981,31.449035],[-86.193982,31.449391],[-86.194003,31.456441],[-86.194026,31.461974],[-86.194023,31.462061],[-86.194033,31.462196],[-86.194033,31.462229],[-86.19403,31.462706],[-86.194038,31.46359],[-86.194043,31.464224],[-86.194049,31.465738],[-86.194043,31.466751],[-86.194075,31.467254],[-86.194113,31.467667],[-86.194121,31.467757],[-86.194137,31.468262],[-86.194136,31.469033],[-86.194116,31.46987],[-86.194112,31.470375],[-86.194125,31.470884],[-86.194149,31.471396],[-86.194167,31.472412],[-86.194162,31.47344],[-86.19415,31.473636],[-86.194148,31.47366],[-86.194157,31.473759],[-86.194164,31.473832],[-86.194179,31.474074],[-86.194158,31.47421],[-86.194112,31.474284],[-86.194084,31.474317],[-86.194084,31.474338],[-86.194098,31.476789],[-86.194108,31.479843],[-86.194108,31.479869],[-86.194169,31.486239],[-86.194293,31.495356],[-86.1943,31.495569],[-86.194313,31.49579],[-86.194314,31.495806],[-86.194318,31.495881],[-86.194316,31.495949],[-86.194314,31.496028],[-86.194311,31.496099],[-86.194312,31.496254],[-86.194312,31.496312],[-86.194314,31.496373],[-86.194328,31.496814],[-86.194332,31.497136],[-86.194332,31.49716],[-86.194486,31.500161],[-86.194536,31.505527],[-86.194565,31.508407],[-86.194681,31.519801],[-86.194724,31.524447],[-86.194724,31.52446],[-86.194737,31.525327],[-86.194737,31.525347],[-86.194737,31.525361],[-86.194737,31.525373],[-86.194738,31.525419],[-86.194742,31.525693],[-86.194742,31.525711],[-86.194784,31.529949],[-86.189279,31.529985],[-86.186382,31.530022],[-86.186265,31.530029],[-86.186246,31.530024],[-86.182163,31.530047],[-86.182098,31.530047],[-86.156561,31.530203],[-86.156587,31.53119],[-86.156764,31.53687],[-86.156768,31.537527],[-86.150314,31.537601],[-86.14395,31.537675],[-86.144135,31.54529],[-86.144221,31.548841],[-86.144603,31.564461],[-86.144704,31.568607],[-86.144761,31.570978],[-86.144761,31.570994],[-86.144804,31.572697],[-86.144805,31.572727],[-86.144806,31.572761],[-86.144835,31.573921],[-86.145019,31.58154],[-86.145021,31.581638],[-86.145029,31.581963],[-86.14503,31.582005],[-86.14503,31.582017],[-86.145151,31.587146],[-86.145338,31.594676],[-86.145359,31.595467],[-86.145363,31.595621],[-86.145365,31.595695],[-86.145365,31.595711],[-86.145368,31.595832],[-86.14537,31.595909],[-86.145371,31.595925],[-86.145392,31.596667],[-86.145427,31.598168],[-86.145432,31.598375],[-86.145435,31.598491],[-86.145435,31.598505],[-86.145435,31.598524],[-86.145436,31.59856],[-86.145438,31.598641],[-86.14551,31.601793],[-86.145505,31.601816],[-86.145657,31.6075],[-86.145874,31.616772],[-86.145895,31.617741],[-86.137469,31.617884],[-86.136466,31.6179],[-86.136448,31.617901],[-86.127269,31.618015],[-86.124952,31.618044],[-86.123977,31.618152],[-86.123834,31.618167],[-86.116539,31.618233],[-86.116521,31.618234],[-86.110844,31.618288],[-86.110808,31.618288],[-86.106921,31.618325],[-86.101301,31.618362],[-86.095038,31.618403],[-86.094925,31.618405],[-86.088723,31.618468],[-86.088712,31.618469],[-86.084443,31.618514],[-86.081428,31.618546],[-86.076452,31.618598],[-86.073091,31.618634],[-86.073007,31.618635],[-86.067742,31.618691],[-86.062206,31.618749],[-86.05804,31.618792],[-86.058021,31.618793],[-86.055821,31.618816],[-86.036709,31.618909],[-86.036691,31.618909],[-86.030471,31.618939],[-86.030441,31.618939],[-86.005063,31.619064],[-86.00504,31.619064],[-86.004085,31.619067],[-86.004044,31.619067],[-85.999948,31.619311],[-85.995308,31.619282],[-85.994104,31.619274],[-85.990494,31.619252],[-85.989518,31.619247],[-85.989291,31.619246],[-85.986469,31.619228],[-85.983352,31.619209],[-85.983341,31.619209],[-85.98011,31.619189],[-85.980098,31.619189],[-85.97901,31.619183],[-85.972038,31.61914],[-85.971651,31.619138],[-85.970469,31.619131],[-85.962912,31.619084],[-85.962708,31.619083],[-85.959253,31.619061],[-85.958118,31.619058],[-85.95378,31.619045],[-85.953764,31.619045],[-85.952746,31.619041],[-85.951499,31.619039],[-85.946932,31.619025],[-85.946791,31.619025],[-85.9461,31.619027],[-85.942971,31.619015],[-85.941637,31.61901],[-85.935953,31.618993],[-85.935777,31.618994],[-85.933962,31.618988],[-85.928792,31.618972],[-85.928517,31.618971],[-85.926866,31.618966],[-85.926702,31.618966],[-85.925346,31.618962],[-85.925108,31.61896],[-85.925053,31.618959],[-85.920109,31.618914],[-85.918461,31.6189],[-85.918068,31.618897],[-85.914275,31.618853],[-85.907648,31.618795],[-85.90446,31.618775],[-85.899274,31.618728],[-85.899202,31.618729],[-85.884885,31.6186],[-85.878908,31.618547],[-85.878888,31.618547],[-85.874952,31.618512],[-85.874084,31.618508],[-85.873987,31.618507],[-85.869794,31.61848],[-85.868458,31.618471],[-85.865719,31.618454],[-85.86331,31.618437],[-85.859933,31.618416],[-85.854389,31.618381],[-85.851093,31.61836],[-85.850874,31.618359],[-85.848835,31.618346],[-85.848643,31.618345],[-85.840311,31.618292],[-85.840283,31.618291],[-85.834243,31.618253],[-85.832369,31.61824],[-85.832214,31.61824],[-85.827102,31.618207],[-85.818883,31.618155],[-85.81462,31.618128],[-85.811655,31.618109],[-85.806177,31.618074],[-85.803792,31.618058],[-85.803637,31.618058],[-85.803421,31.618057],[-85.803146,31.618057],[-85.800553,31.618038],[-85.80002,31.618034],[-85.799994,31.618033],[-85.799828,31.618033],[-85.799209,31.618029],[-85.79896,31.618027],[-85.798252,31.618022],[-85.796456,31.618011],[-85.79613,31.618008],[-85.795487,31.618005],[-85.795423,31.618004],[-85.794166,31.617996],[-85.793652,31.617993],[-85.790398,31.617972],[-85.789142,31.617964],[-85.788483,31.617963],[-85.787688,31.617963],[-85.786508,31.617961],[-85.78585,31.617961],[-85.784614,31.617959],[-85.780907,31.617953],[-85.779744,31.617952],[-85.779672,31.617952],[-85.779116,31.617951],[-85.777451,31.617949],[-85.776896,31.617949],[-85.776862,31.617949],[-85.775814,31.617947],[-85.77257,31.617943],[-85.771522,31.617942],[-85.771489,31.617942],[-85.771201,31.617941],[-85.770337,31.61794],[-85.77005,31.61794],[-85.769614,31.617939],[-85.768306,31.617937],[-85.767871,31.617937],[-85.76785,31.617937],[-85.767428,31.617936],[-85.76738,31.617935],[-85.765907,31.617934],[-85.765416,31.617934],[-85.765327,31.617933],[-85.765059,31.617933],[-85.764971,31.617933],[-85.762169,31.617929],[-85.762015,31.617929],[-85.753764,31.617918],[-85.753591,31.617918],[-85.751269,31.617915],[-85.750963,31.617915],[-85.750389,31.617914],[-85.749941,31.617914],[-85.748671,31.618015],[-85.748251,31.618048],[-85.7481,31.61806],[-85.74704,31.618061],[-85.745074,31.618055],[-85.733354,31.61818],[-85.730759,31.618217],[-85.730484,31.618241],[-85.730466,31.618231],[-85.73044,31.618216],[-85.730376,31.618189],[-85.730286,31.61815],[-85.730271,31.618145],[-85.730123,31.618102],[-85.729872,31.618061],[-85.729739,31.618056],[-85.729617,31.618051],[-85.728674,31.618054],[-85.726506,31.618078],[-85.726448,31.618079],[-85.726143,31.618086],[-85.725962,31.618091],[-85.725857,31.618093],[-85.71311,31.618115],[-85.712954,31.618115],[-85.712897,31.618115],[-85.709462,31.618121],[-85.704923,31.618066],[-85.696318,31.617963],[-85.693785,31.617933],[-85.69097,31.617901],[-85.680097,31.617871],[-85.67267,31.61785],[-85.661869,31.61782],[-85.651841,31.617791],[-85.651391,31.61779],[-85.651275,31.61779],[-85.649305,31.617784],[-85.646384,31.617776],[-85.636498,31.617747],[-85.636485,31.617747],[-85.627912,31.617723],[-85.624886,31.617717],[-85.624088,31.617723],[-85.623976,31.617724],[-85.623937,31.617724],[-85.623915,31.617724],[-85.62193,31.617738],[-85.621916,31.617738],[-85.619338,31.61776],[-85.616096,31.617746],[-85.607341,31.617694],[-85.607076,31.617693],[-85.607034,31.617693],[-85.606979,31.617693],[-85.606804,31.617692],[-85.606687,31.617691],[-85.605144,31.617683],[-85.605099,31.617683],[-85.602139,31.617665],[-85.595146,31.617623],[-85.595059,31.617622],[-85.58878,31.617585],[-85.585439,31.617565],[-85.581511,31.617634],[-85.568146,31.617866],[-85.563463,31.618008],[-85.563293,31.618013],[-85.563191,31.618016],[-85.563165,31.618017],[-85.563152,31.618017],[-85.563107,31.618019],[-85.557821,31.618176],[-85.551439,31.618366],[-85.548812,31.618471],[-85.538939,31.618866],[-85.536183,31.618957],[-85.528309,31.619219],[-85.528298,31.619219],[-85.519868,31.619496],[-85.518729,31.619535],[-85.512617,31.619769],[-85.509201,31.619904],[-85.499956,31.620267],[-85.497314,31.620291],[-85.497291,31.620291],[-85.49153,31.620343],[-85.479673,31.62045],[-85.479661,31.62045],[-85.475051,31.620493],[-85.467038,31.620566],[-85.462908,31.62048],[-85.462247,31.620466],[-85.461191,31.620441],[-85.434249,31.61989],[-85.432325,31.619844],[-85.4283,31.619748],[-85.428178,31.619745],[-85.428138,31.619744],[-85.428125,31.619744],[-85.42805,31.619742],[-85.427983,31.61974],[-85.427559,31.61973],[-85.425017,31.619669],[-85.425002,31.619669],[-85.416437,31.619466],[-85.416427,31.619852],[-85.416284,31.625361],[-85.416284,31.625373],[-85.416262,31.627126],[-85.41623,31.629701],[-85.41623,31.629722],[-85.416199,31.632516],[-85.416002,31.649361],[-85.415999,31.649392],[-85.415996,31.64963],[-85.415996,31.649643],[-85.415996,31.64966],[-85.415994,31.649775],[-85.41599,31.650111],[-85.415966,31.652118],[-85.415967,31.65213],[-85.416368,31.659732],[-85.416364,31.660128],[-85.416371,31.660149],[-85.416376,31.66064],[-85.416376,31.660673],[-85.416376,31.660717],[-85.416377,31.660797],[-85.416381,31.661209],[-85.416393,31.662252],[-85.416422,31.665022],[-85.41642,31.665134],[-85.416417,31.665289],[-85.416189,31.677528],[-85.41585,31.68164],[-85.415846,31.683068],[-85.415846,31.683107],[-85.415837,31.685965],[-85.415839,31.686219],[-85.415917,31.694208],[-85.415933,31.69578],[-85.415933,31.695791],[-85.415964,31.698997],[-85.415994,31.702106],[-85.416016,31.704346],[-85.416034,31.706239],[-85.416038,31.706664],[-85.415999,31.706665],[-85.404694,31.706542],[-85.397598,31.706465],[-85.387161,31.706303],[-85.387141,31.706303],[-85.374938,31.706115],[-85.374836,31.706113],[-85.372527,31.706071],[-85.365319,31.706094],[-85.3653,31.706094],[-85.353914,31.706133],[-85.353713,31.706134],[-85.353489,31.706086],[-85.353478,31.706084],[-85.353058,31.706012],[-85.35272,31.705969],[-85.352464,31.705947],[-85.352211,31.705938],[-85.352122,31.705935],[-85.35118,31.705927],[-85.350576,31.705917],[-85.350313,31.705922],[-85.350216,31.705914],[-85.350062,31.705871],[-85.346468,31.705602],[-85.334142,31.705937],[-85.332212,31.70587],[-85.331071,31.705854],[-85.331044,31.705854],[-85.319625,31.705711],[-85.31839,31.705654],[-85.311043,31.705078],[-85.290747,31.704599],[-85.277952,31.704369],[-85.276331,31.704339],[-85.276306,31.704339],[-85.276047,31.704334],[-85.264479,31.704127],[-85.258014,31.704011],[-85.257004,31.703993],[-85.255227,31.703961],[-85.249934,31.703865],[-85.249415,31.703841],[-85.249345,31.703838],[-85.244798,31.703624],[-85.242896,31.703535],[-85.239013,31.703353],[-85.233136,31.703077],[-85.220789,31.702498],[-85.22076,31.702497],[-85.219861,31.702454],[-85.216076,31.702409],[-85.21546,31.703119],[-85.213773,31.705868],[-85.212996,31.706808],[-85.210772,31.708664],[-85.209995,31.709649],[-85.209513,31.710474],[-85.209111,31.711734],[-85.209192,31.71265],[-85.209272,31.712719],[-85.209272,31.713017],[-85.209433,31.7132],[-85.20946,31.713452],[-85.209581,31.713699],[-85.209862,31.714277],[-85.210362,31.714923],[-85.210854,31.715559],[-85.211116,31.716209],[-85.21139,31.716888],[-85.211341,31.717418],[-85.211337,31.717461],[-85.211058,31.71799],[-85.210854,31.718377],[-85.2109,31.718529],[-85.211015,31.718904],[-85.211096,31.719815],[-85.211133,31.720236],[-85.211177,31.720737],[-85.211016,31.72163],[-85.210775,31.722154],[-85.210721,31.722272],[-85.210721,31.722889],[-85.210733,31.72294],[-85.210855,31.723462],[-85.210871,31.724616],[-85.210879,31.725188],[-85.210883,31.725478],[-85.210776,31.725936],[-85.210647,31.726136],[-85.210469,31.726412],[-85.210347,31.726601],[-85.209784,31.727128],[-85.209516,31.727632],[-85.209061,31.727975],[-85.208892,31.728227],[-85.208846,31.728296],[-85.208852,31.728389],[-85.208873,31.728731],[-85.20898,31.728846],[-85.208933,31.730268],[-85.208927,31.73045],[-85.208907,31.730696],[-85.208767,31.732374],[-85.208333,31.733715],[-85.20807,31.734528],[-85.207314,31.735883],[-85.207239,31.736017],[-85.207052,31.736177],[-85.206677,31.736842],[-85.206543,31.737529],[-85.206596,31.738422],[-85.206704,31.738537],[-85.206731,31.740117],[-85.206409,31.741057],[-85.206463,31.74124],[-85.206034,31.741813],[-85.205069,31.742569],[-85.204292,31.742981],[-85.203139,31.743233],[-85.202896,31.743198],[-85.201399,31.742983],[-85.201117,31.742942],[-85.200753,31.74289],[-85.200633,31.742894],[-85.199978,31.742915],[-85.199306,31.742936],[-85.198582,31.743165],[-85.198341,31.743301],[-85.197491,31.74378],[-85.196223,31.744494],[-85.195644,31.744958],[-85.19322,31.746899],[-85.192442,31.747312],[-85.192351,31.747333],[-85.191774,31.747464],[-85.191638,31.747495],[-85.190727,31.747334],[-85.190378,31.747151],[-85.189735,31.746624],[-85.189645,31.74647],[-85.189547,31.746304],[-85.189252,31.746143],[-85.189065,31.746166],[-85.188662,31.746212],[-85.188314,31.746441],[-85.187831,31.74722],[-85.187563,31.74777],[-85.187335,31.748658],[-85.187322,31.748709],[-85.187273,31.748783],[-85.187192,31.748904],[-85.186893,31.74935],[-85.186476,31.74962],[-85.185808,31.750052],[-85.185635,31.750164],[-85.184699,31.750607],[-85.183278,31.750964],[-85.182769,31.751216],[-85.182474,31.75149],[-85.182411,31.751704],[-85.182367,31.751857],[-85.182688,31.752636],[-85.182686,31.752667],[-85.182668,31.75301],[-85.182661,31.75314],[-85.182366,31.753438],[-85.182045,31.753621],[-85.181572,31.753648],[-85.18124,31.753667],[-85.179927,31.753163],[-85.179417,31.753163],[-85.178988,31.753346],[-85.178627,31.753566],[-85.178425,31.753689],[-85.17797,31.75385],[-85.177652,31.75384],[-85.177246,31.753827],[-85.176468,31.753575],[-85.175932,31.753643],[-85.175476,31.753872],[-85.175342,31.754537],[-85.175476,31.754854],[-85.175584,31.75511],[-85.175557,31.755591],[-85.175396,31.755957],[-85.175262,31.756072],[-85.17486,31.75614],[-85.174484,31.755957],[-85.174243,31.75598],[-85.173975,31.756163],[-85.172634,31.756713],[-85.172125,31.757125],[-85.17183,31.757721],[-85.171883,31.757996],[-85.171937,31.758019],[-85.171883,31.758659],[-85.171732,31.758836],[-85.171454,31.759163],[-85.170837,31.759667],[-85.170596,31.760056],[-85.17057,31.760076],[-85.170087,31.760446],[-85.169228,31.760995],[-85.168955,31.761015],[-85.168585,31.761041],[-85.168163,31.760887],[-85.168022,31.760835],[-85.167325,31.760376],[-85.166842,31.760216],[-85.166199,31.760124],[-85.165379,31.760007],[-85.164893,31.760421],[-85.164705,31.760984],[-85.164937,31.761857],[-85.165022,31.762463],[-85.164366,31.76286],[-85.163321,31.763494],[-85.162825,31.763925],[-85.162478,31.764461],[-85.161889,31.764778],[-85.161339,31.765079],[-85.161001,31.765624],[-85.16102,31.76618],[-85.16141,31.76716],[-85.161579,31.767791],[-85.16177,31.768245],[-85.161792,31.768641],[-85.161332,31.768963],[-85.16077,31.769203],[-85.160629,31.769265],[-85.160226,31.769369],[-85.159925,31.769662],[-85.159995,31.769727],[-85.160013,31.769744],[-85.160136,31.76986],[-85.160437,31.770362],[-85.160433,31.770573],[-85.159628,31.771166],[-85.159689,31.77128],[-85.159839,31.771557],[-85.159431,31.771967],[-85.159134,31.772068],[-85.158,31.771756],[-85.157784,31.771681],[-85.157764,31.771674],[-85.157438,31.77156],[-85.156515,31.771639],[-85.156477,31.771643],[-85.156439,31.771646],[-85.156228,31.771664],[-85.155527,31.772661],[-85.155631,31.772963],[-85.155427,31.773169],[-85.15522,31.773299],[-85.154708,31.773624],[-85.154332,31.773866],[-85.153731,31.773667],[-85.153699,31.773551],[-85.153691,31.773522],[-85.153534,31.772958],[-85.153133,31.772961],[-85.152729,31.773673],[-85.152331,31.773967],[-85.151236,31.774364],[-85.151031,31.774162],[-85.151025,31.773967],[-85.151129,31.773465],[-85.151032,31.773364],[-85.150928,31.773364],[-85.150631,31.773456],[-85.150529,31.773562],[-85.149129,31.772964],[-85.148828,31.77315],[-85.148623,31.773367],[-85.148434,31.773468],[-85.147833,31.773071],[-85.147139,31.772771],[-85.146925,31.77266],[-85.146738,31.772563],[-85.146661,31.772493],[-85.146409,31.772264],[-85.14643,31.772068],[-85.14623,31.771964],[-85.145843,31.772062],[-85.145278,31.771717],[-85.145254,31.771702],[-85.145232,31.771689],[-85.145027,31.771564],[-85.144773,31.771649],[-85.144748,31.771658],[-85.144494,31.771485],[-85.144326,31.771371],[-85.144221,31.771198],[-85.144133,31.771053],[-85.144032,31.770851],[-85.143231,31.771261],[-85.142632,31.77076],[-85.142623,31.770753],[-85.142816,31.770154],[-85.142831,31.770163],[-85.143009,31.770264],[-85.143021,31.770258],[-85.143624,31.769959],[-85.143124,31.769658],[-85.142222,31.769451],[-85.141932,31.769262],[-85.141921,31.769255],[-85.142322,31.769065],[-85.142463,31.769063],[-85.142732,31.769059],[-85.142744,31.769059],[-85.142821,31.768525],[-85.142823,31.768512],[-85.14283,31.768462],[-85.142529,31.76805],[-85.142073,31.767932],[-85.141821,31.767867],[-85.14169,31.767769],[-85.141542,31.767659],[-85.141399,31.767498],[-85.141112,31.767175],[-85.140722,31.767075],[-85.140321,31.76757],[-85.140324,31.767766],[-85.139828,31.767965],[-85.139431,31.768063],[-85.139231,31.768463],[-85.139131,31.769163],[-85.138931,31.769563],[-85.138631,31.769563],[-85.137531,31.769063],[-85.136831,31.768563],[-85.135831,31.768263],[-85.135631,31.768363],[-85.134931,31.768263],[-85.134931,31.767863],[-85.134531,31.767763],[-85.134331,31.767763],[-85.134231,31.766963],[-85.134031,31.766863],[-85.133531,31.767163],[-85.133031,31.767463],[-85.132431,31.767263],[-85.132431,31.767063],[-85.133131,31.766763],[-85.133431,31.766563],[-85.132931,31.766363],[-85.132331,31.766363],[-85.132131,31.765763],[-85.132431,31.765563],[-85.132231,31.765463],[-85.131631,31.765163],[-85.131031,31.764763],[-85.130931,31.764663],[-85.129331,31.763663],[-85.129231,31.763763],[-85.128731,31.763963],[-85.128631,31.763763],[-85.128731,31.763263],[-85.128631,31.763263],[-85.12813,31.763263],[-85.12783,31.763163],[-85.12763,31.762963],[-85.12743,31.762663],[-85.127329,31.762563],[-85.12723,31.762663],[-85.12713,31.762763],[-85.12673,31.762963],[-85.12663,31.762963],[-85.126591,31.763002],[-85.12623,31.763363],[-85.12603,31.763663],[-85.12563,31.764463],[-85.12553,31.764963],[-85.12548,31.765187],[-85.12533,31.765863],[-85.125315,31.765923],[-85.12523,31.766263],[-85.12523,31.767063],[-85.125327,31.767354],[-85.125333,31.767372],[-85.12553,31.767863],[-85.12573,31.768163],[-85.12633,31.768863],[-85.12663,31.769063],[-85.12713,31.769563],[-85.12743,31.769763],[-85.128431,31.770563],[-85.128831,31.770863],[-85.129431,31.771363],[-85.129731,31.771463],[-85.130531,31.772063],[-85.130731,31.772263],[-85.131051,31.772505],[-85.131207,31.772623],[-85.132899,31.773902],[-85.134831,31.775363],[-85.136331,31.776463],[-85.137031,31.776963],[-85.138131,31.777763],[-85.138731,31.778263],[-85.139731,31.779063],[-85.140094,31.779374],[-85.140431,31.779663],[-85.140931,31.780163],[-85.14113,31.780463],[-85.141231,31.780463],[-85.141431,31.780663],[-85.141731,31.781163],[-85.141831,31.781263],[-85.141931,31.781963],[-85.141876,31.782181],[-85.141831,31.782363],[-85.141331,31.783163],[-85.141031,31.783463],[-85.140431,31.784263],[-85.140031,31.784663],[-85.139759,31.784935],[-85.139231,31.785463],[-85.138731,31.786063],[-85.137931,31.787063],[-85.137631,31.787563],[-85.137162,31.788313],[-85.137131,31.788363],[-85.136815,31.788679],[-85.136531,31.788963],[-85.135431,31.790063],[-85.135323,31.790171],[-85.134831,31.790663],[-85.133331,31.791963],[-85.132931,31.792363],[-85.132431,31.793462],[-85.132331,31.794162],[-85.132231,31.795162],[-85.132331,31.795962],[-85.132631,31.797062],[-85.132731,31.797662],[-85.132831,31.798862],[-85.132631,31.799562],[-85.132514,31.800376],[-85.132431,31.800962],[-85.132335,31.801441],[-85.132331,31.801462],[-85.132337,31.801533],[-85.132431,31.802562],[-85.132531,31.803262],[-85.132731,31.804862],[-85.132831,31.805662],[-85.132924,31.807144],[-85.132931,31.807262],[-85.132931,31.808062],[-85.132631,31.809762],[-85.132331,31.810562],[-85.131831,31.812162],[-85.131531,31.813062],[-85.131331,31.814662],[-85.131231,31.815262],[-85.131231,31.816762],[-85.131331,31.817562],[-85.131624,31.818516],[-85.131731,31.818862],[-85.13213,31.819527],[-85.132331,31.819862],[-85.133131,31.820962],[-85.133431,31.821362],[-85.133631,31.821662],[-85.134031,31.822162],[-85.134487,31.824716],[-85.134531,31.824962],[-85.133631,31.826062],[-85.133231,31.826262],[-85.132131,31.826662],[-85.131931,31.827062],[-85.132106,31.827852],[-85.132131,31.827962],[-85.132531,31.828462],[-85.133731,31.829462],[-85.134531,31.829862],[-85.135195,31.830146],[-85.135931,31.830462],[-85.136431,31.830862],[-85.137231,31.831562],[-85.137731,31.832162],[-85.138831,31.833561],[-85.139231,31.834161],[-85.140031,31.835461],[-85.140231,31.836061],[-85.140376,31.83633],[-85.140931,31.837361],[-85.141109,31.837599],[-85.141231,31.837761],[-85.141346,31.838048],[-85.141728,31.839003],[-85.141831,31.839261],[-85.141831,31.839861],[-85.141331,31.841061],[-85.140931,31.841561],[-85.140031,31.842261],[-85.139631,31.842761],[-85.138731,31.843661],[-85.138331,31.844161],[-85.137931,31.845161],[-85.137731,31.845861],[-85.137731,31.847361],[-85.137731,31.848061],[-85.137631,31.849361],[-85.137731,31.849961],[-85.138031,31.851262],[-85.138331,31.851961],[-85.138942,31.852922],[-85.139031,31.853061],[-85.139431,31.853461],[-85.139831,31.854461],[-85.140231,31.855261],[-85.140631,31.856661],[-85.140731,31.857461],[-85.140487,31.857989],[-85.140224,31.858559],[-85.140131,31.858761],[-85.139631,31.859261],[-85.138731,31.859861],[-85.138231,31.860061],[-85.137431,31.860661],[-85.137031,31.861261],[-85.136231,31.862061],[-85.135831,31.862461],[-85.135431,31.863561],[-85.135231,31.864261],[-85.134831,31.865461],[-85.134731,31.866261],[-85.134631,31.867361],[-85.134431,31.868061],[-85.133931,31.869461],[-85.133731,31.870061],[-85.133031,31.871261],[-85.132631,31.871761],[-85.131631,31.87276],[-85.131131,31.87326],[-85.130431,31.87436],[-85.130131,31.87476],[-85.129931,31.87506],[-85.12978,31.87516],[-85.129631,31.87526],[-85.129331,31.87576],[-85.129231,31.87596],[-85.128831,31.87636],[-85.128796,31.876429],[-85.128731,31.87656],[-85.128615,31.876948],[-85.128506,31.87731],[-85.128475,31.877412],[-85.128431,31.87756],[-85.128431,31.87816],[-85.128431,31.87906],[-85.128431,31.87966],[-85.128698,31.880729],[-85.128731,31.88086],[-85.128796,31.881032],[-85.128952,31.88145],[-85.129031,31.88166],[-85.129331,31.88246],[-85.129731,31.88326],[-85.129751,31.883311],[-85.129829,31.883484],[-85.129842,31.883513],[-85.130531,31.88496],[-85.130731,31.88526],[-85.131431,31.88636],[-85.131631,31.88676],[-85.132531,31.88776],[-85.132931,31.88826],[-85.133731,31.88956],[-85.134031,31.89016],[-85.134331,31.89106],[-85.134331,31.891408],[-85.134331,31.89146],[-85.134318,31.891504],[-85.134131,31.89216],[-85.133831,31.89246],[-85.133331,31.89286],[-85.132931,31.89306],[-85.132431,31.89296],[-85.131931,31.89296],[-85.131331,31.89306],[-85.131031,31.89306],[-85.130231,31.89306],[-85.129631,31.89306],[-85.128331,31.89306],[-85.127931,31.89306],[-85.126331,31.89296],[-85.125831,31.89296],[-85.125231,31.89296],[-85.124931,31.89281],[-85.123931,31.89276],[-85.121131,31.89326],[-85.120931,31.89326],[-85.120631,31.89336],[-85.119931,31.89326],[-85.119031,31.89316],[-85.118331,31.89306],[-85.117634,31.892973],[-85.117531,31.89296],[-85.117031,31.89286],[-85.116031,31.89296],[-85.115031,31.89306],[-85.115011,31.893066],[-85.114031,31.89336],[-85.113131,31.89386],[-85.112531,31.89436],[-85.11203,31.89476],[-85.11163,31.89516],[-85.11123,31.89566],[-85.110879,31.896361],[-85.11083,31.89646],[-85.11063,31.89686],[-85.11083,31.89756],[-85.11103,31.89846],[-85.11133,31.89936],[-85.111531,31.89986],[-85.111831,31.90056],[-85.112131,31.90126],[-85.112231,31.90206],[-85.112231,31.90276],[-85.112031,31.90326],[-85.111531,31.90356],[-85.11093,31.90376],[-85.11003,31.90386],[-85.10883,31.90406],[-85.10823,31.90426],[-85.10803,31.90456],[-85.10803,31.90516],[-85.10823,31.90576],[-85.10843,31.90626],[-85.10873,31.90676],[-85.10913,31.90716],[-85.10963,31.90776],[-85.10983,31.90806],[-85.111831,31.909259],[-85.112731,31.909859],[-85.113031,31.910359],[-85.113131,31.910959],[-85.113231,31.911559],[-85.113131,31.911859],[-85.112731,31.912159],[-85.112031,31.912559],[-85.111531,31.913059],[-85.111131,31.913259],[-85.110631,31.913259],[-85.110231,31.913559],[-85.109731,31.913959],[-85.10913,31.914359],[-85.10853,31.914459],[-85.10783,31.914559],[-85.10723,31.914759],[-85.10663,31.915159],[-85.10613,31.915659],[-85.10563,31.916059],[-85.10483,31.916359],[-85.10393,31.916659],[-85.10323,31.916959],[-85.10243,31.917359],[-85.10173,31.917959],[-85.10133,31.918659],[-85.10103,31.919659],[-85.10073,31.920859],[-85.10063,31.921959],[-85.10043,31.923159],[-85.10023,31.924059],[-85.09993,31.924659],[-85.09953,31.925259],[-85.09893,31.925759],[-85.09823,31.926259],[-85.09743,31.926559],[-85.09663,31.926859],[-85.09563,31.927159],[-85.09463,31.927459],[-85.09363,31.927859],[-85.09253,31.928359],[-85.09183,31.928859],[-85.09123,31.929359],[-85.09053,31.930159],[-85.09013,31.930959],[-85.08963,31.931959],[-85.08903,31.932759],[-85.08843,31.933559],[-85.08793,31.934359],[-85.08723,31.935159],[-85.08643,31.935959],[-85.08543,31.936759],[-85.08473,31.937359],[-85.08363,31.937859],[-85.08253,31.938359],[-85.08143,31.938859],[-85.07983,31.939559],[-85.07893,31.940159],[-85.07873,31.940859],[-85.07893,31.941459],[-85.07933,31.941859],[-85.07973,31.942059],[-85.08033,31.942559],[-85.08033,31.942659],[-85.08213,31.944658],[-85.08243,31.945358],[-85.08253,31.945958],[-85.08273,31.946758],[-85.08293,31.947658],[-85.08323,31.948358],[-85.08343,31.948958],[-85.08363,31.949758],[-85.08383,31.950558],[-85.08393,31.951358],[-85.08403,31.951858],[-85.08413,31.952458],[-85.08423,31.953058],[-85.08433,31.953658],[-85.08443,31.954058],[-85.08473,31.954658],[-85.08513,31.955258],[-85.08563,31.955858],[-85.08603,31.956458],[-85.08653,31.957158],[-85.08683,31.957758],[-85.08683,31.958458],[-85.08673,31.959158],[-85.08633,31.959958],[-85.08573,31.960758],[-85.085361,31.961073],[-85.08503,31.961358],[-85.08453,31.961758],[-85.08403,31.962058],[-85.08323,31.962458],[-85.08233,31.962658],[-85.08153,31.962858],[-85.07983,31.963058],[-85.07843,31.963358],[-85.07703,31.963558],[-85.07533,31.963858],[-85.07393,31.964158],[-85.07233,31.964758],[-85.07103,31.965258],[-85.07023,31.965658],[-85.06933,31.966158],[-85.068429,31.966858],[-85.067829,31.967358],[-85.067329,31.968258],[-85.066929,31.968958],[-85.066729,31.969558],[-85.066429,31.970158],[-85.066229,31.970558],[-85.065929,31.971158],[-85.065929,31.971658],[-85.065929,31.972458],[-85.066129,31.973258],[-85.066429,31.973858],[-85.066829,31.974758],[-85.067329,31.975358],[-85.067729,31.975758],[-85.06813,31.976358],[-85.06863,31.976858],[-85.06923,31.977358],[-85.06963,31.977858],[-85.06993,31.978358],[-85.07013,31.978758],[-85.07033,31.979158],[-85.07033,31.979458],[-85.07033,31.979658],[-85.07083,31.980958],[-85.07093,31.981658],[-85.07083,31.982157],[-85.07063,31.982857],[-85.07033,31.983357],[-85.06993,31.983957],[-85.06943,31.984657],[-85.06893,31.985357],[-85.06853,31.986057],[-85.06833,31.986757],[-85.06823,31.987457],[-85.06813,31.988357],[-85.06813,31.989157],[-85.06823,31.989757],[-85.06823,31.990557],[-85.06823,31.991157],[-85.06823,31.991557],[-85.06823,31.991657],[-85.06823,31.991757],[-85.06823,31.991857],[-85.06823,31.991957],[-85.06823,31.992057],[-85.06833,31.992157],[-85.06823,31.992357],[-85.06823,31.992557],[-85.06823,31.992657],[-85.06813,31.992857],[-85.06813,31.993057],[-85.06803,31.993357],[-85.06793,31.993557],[-85.06783,31.993857],[-85.06773,31.993957],[-85.06773,31.994157],[-85.06763,31.994457],[-85.06753,31.994657],[-85.06743,31.995057],[-85.06743,31.995257],[-85.06733,31.995557],[-85.06713,31.995957],[-85.06683,31.996557],[-85.06663,31.997257],[-85.06643,31.997757],[-85.065282,32.000157],[-85.064544,32.002488],[-85.063441,32.00414],[-85.058375,32.00839],[-85.055075,32.010714],[-85.053815,32.013502],[-85.054627,32.015786],[-85.055308,32.017753],[-85.054963,32.018745],[-85.053669,32.020662],[-85.051202,32.020666],[-85.049007,32.021178],[-85.048825,32.021701],[-85.048841,32.022215],[-85.048866,32.023007],[-85.050212,32.024196],[-85.052634,32.025733],[-85.054242,32.026654],[-85.055217,32.027213],[-85.056253,32.028336],[-85.057124,32.029919],[-85.057768,32.031815],[-85.058034,32.033606],[-85.056934,32.034354],[-85.054993,32.0351],[-85.053532,32.035952],[-85.053468,32.037823],[-85.054151,32.039324],[-85.05523,32.040756],[-85.05563,32.041156],[-85.05613,32.041656],[-85.05673,32.042256],[-85.05703,32.042555],[-85.05753,32.043056],[-85.05783,32.043456],[-85.05803,32.043756],[-85.05803,32.044055],[-85.05803,32.044255],[-85.05803,32.044556],[-85.05813,32.044656],[-85.05813,32.044956],[-85.05833,32.045156],[-85.05843,32.045456],[-85.05853,32.045755],[-85.05873,32.046356],[-85.05883,32.046656],[-85.05883,32.046956],[-85.05873,32.047455],[-85.05863,32.048056],[-85.05833,32.048755],[-85.05803,32.049556],[-85.05773,32.050156],[-85.05743,32.051254],[-85.05723,32.052155],[-85.05703,32.052655],[-85.05683,32.053055],[-85.05663,32.054155],[-85.05663,32.055055],[-85.05653,32.055954],[-85.05643,32.057155],[-85.05643,32.058055],[-85.05663,32.058754],[-85.05673,32.059255],[-85.05683,32.059755],[-85.05673,32.060355],[-85.05653,32.061055],[-85.05633,32.061954],[-85.05613,32.062755],[-85.05593,32.063055],[-85.056029,32.063055],[-85.054179,32.067985],[-85.054084,32.07021],[-85.054222,32.070912],[-85.054291,32.070985],[-85.054862,32.071638],[-85.055491,32.072657],[-85.055813,32.074439],[-85.054057,32.077903],[-85.053232,32.080604],[-85.051161,32.082527],[-85.048983,32.083063],[-85.046852,32.083784],[-85.044761,32.085836],[-85.045063,32.088063],[-85.045937,32.089145],[-85.047693,32.091907],[-85.04955,32.095362],[-85.050294,32.097928],[-85.051687,32.101519],[-85.053402,32.104844],[-85.053777,32.107684],[-85.055045,32.11367],[-85.057194,32.11956],[-85.05918,32.125152],[-85.05916,32.125255],[-85.059423,32.125886],[-85.059705,32.126404],[-85.060073,32.12697],[-85.060374,32.127408],[-85.060695,32.127861],[-85.060949,32.128282],[-85.061334,32.129164],[-85.06154,32.129672],[-85.061671,32.130086],[-85.061914,32.130902],[-85.062035,32.131565],[-85.062061,32.132081],[-85.06206,32.132486],[-85.061907,32.132863],[-85.061601,32.133412],[-85.061144,32.134065],[-85.060554,32.134676],[-85.060003,32.135126],[-85.059395,32.135568],[-85.058749,32.136018],[-85.058407,32.136201],[-85.057466,32.136803],[-85.056895,32.137141],[-85.056307,32.137501],[-85.055547,32.137797],[-85.054931,32.138005],[-85.054248,32.138188],[-85.053536,32.138517],[-85.052833,32.138869],[-85.052472,32.139054],[-85.052045,32.139398],[-85.052015,32.139419],[-85.051934,32.139476],[-85.05156,32.139736],[-85.051037,32.140138],[-85.050363,32.140538],[-85.049812,32.140844],[-85.049685,32.140906],[-85.049356,32.141067],[-85.049045,32.141244],[-85.048777,32.141396],[-85.048131,32.141863],[-85.047865,32.142032],[-85.047504,32.142263],[-85.046886,32.142713],[-85.046145,32.143276],[-85.045988,32.143413],[-85.045593,32.143758],[-85.045402,32.143984],[-85.045079,32.14437],[-85.044631,32.144941],[-85.044298,32.145415],[-85.04407,32.145718],[-85.043916,32.145924],[-85.043516,32.146495],[-85.04303,32.147059],[-85.042526,32.147581],[-85.041955,32.148144],[-85.041421,32.148853],[-85.041097,32.14932],[-85.040764,32.149633],[-85.040183,32.150439],[-85.039716,32.151131],[-85.038744,32.152265],[-85.038211,32.152811],[-85.037669,32.153278],[-85.036585,32.154121],[-85.035188,32.155246],[-85.035092,32.155327],[-85.034484,32.1558],[-85.033989,32.156348],[-85.033484,32.156927],[-85.032912,32.157789],[-85.032339,32.15869],[-85.031595,32.159875],[-85.03087,32.160929],[-85.030336,32.161727],[-85.029717,32.162483],[-85.028992,32.163417],[-85.028173,32.164318],[-85.027345,32.165259],[-85.026583,32.166103],[-85.025869,32.166731],[-85.024937,32.167541],[-85.024023,32.168346],[-85.023187,32.169005],[-85.022426,32.169607],[-85.021941,32.169928],[-85.020572,32.170899],[-85.018907,32.172095],[-85.018184,32.172666],[-85.017623,32.173083],[-85.01722,32.173405],[-85.01708,32.173516],[-85.016557,32.174072],[-85.016223,32.174481],[-85.015775,32.175102],[-85.015431,32.175609],[-85.015078,32.176189],[-85.014648,32.176882],[-85.014124,32.177655],[-85.01376,32.178299],[-85.013446,32.178694],[-85.013065,32.179112],[-85.012599,32.179498],[-85.012209,32.179803],[-85.011638,32.180236],[-85.011267,32.180493],[-85.011204,32.180532],[-85.010896,32.180726],[-85.010459,32.180974],[-85.010079,32.181199],[-85.009613,32.181455],[-85.009224,32.181646],[-85.008531,32.181903],[-85.0078,32.182101],[-85.006272,32.182426],[-85.005523,32.182536],[-85.004755,32.182597],[-85.003939,32.182713],[-85.002687,32.182798],[-85.001407,32.182938],[-85.000534,32.183087],[-84.999929,32.183301],[-84.999229,32.183752],[-84.998129,32.184151],[-84.996929,32.184551],[-84.995929,32.184852],[-84.994829,32.185152],[-84.994029,32.185451],[-84.993529,32.185651],[-84.992629,32.185952],[-84.992529,32.185952],[-84.992429,32.185952],[-84.990429,32.186752],[-84.990129,32.186852],[-84.989429,32.186951],[-84.988529,32.187151],[-84.987929,32.187351],[-84.987429,32.187452],[-84.986929,32.187652],[-84.985929,32.188052],[-84.984429,32.188451],[-84.983129,32.188851],[-84.982249,32.189145],[-84.981628,32.189352],[-84.980328,32.189752],[-84.979228,32.190052],[-84.978428,32.190252],[-84.978028,32.190351],[-84.977828,32.190452],[-84.977028,32.190551],[-84.976228,32.190752],[-84.975728,32.190852],[-84.975028,32.191052],[-84.974428,32.191252],[-84.973728,32.191552],[-84.973528,32.191651],[-84.973028,32.191952],[-84.972428,32.192252],[-84.971828,32.192552],[-84.971428,32.192752],[-84.971028,32.192852],[-84.970428,32.193151],[-84.969828,32.193452],[-84.969228,32.193752],[-84.969128,32.193852],[-84.968228,32.194052],[-84.967828,32.194052],[-84.967628,32.194052],[-84.967428,32.193952],[-84.967128,32.193852],[-84.966828,32.193952],[-84.966228,32.194252],[-84.965728,32.194552],[-84.965228,32.194752],[-84.965128,32.194851],[-84.965028,32.194851],[-84.964828,32.194952],[-84.964828,32.195051],[-84.964628,32.195152],[-84.964628,32.195252],[-84.963928,32.195752],[-84.963728,32.195852],[-84.963628,32.196052],[-84.963528,32.196151],[-84.963428,32.196351],[-84.963428,32.196551],[-84.963128,32.196952],[-84.963028,32.197052],[-84.962728,32.197252],[-84.962528,32.197552],[-84.962228,32.197851],[-84.962028,32.198151],[-84.961781,32.198481],[-84.961728,32.198551],[-84.961728,32.19865],[-84.961728,32.198751],[-84.961892,32.199572],[-84.961928,32.199751],[-84.962228,32.200051],[-84.962328,32.20055],[-84.962428,32.200851],[-84.962528,32.201051],[-84.962728,32.201551],[-84.962958,32.201873],[-84.96314,32.202128],[-84.963228,32.20225],[-84.964028,32.203051],[-84.964628,32.20355],[-84.965228,32.203951],[-84.966028,32.204151],[-84.966928,32.204451],[-84.967828,32.204451],[-84.968828,32.204451],[-84.969428,32.204451],[-84.970028,32.204351],[-84.970628,32.204151],[-84.971628,32.20375],[-84.972328,32.20355],[-84.972771,32.203403],[-84.972928,32.20335],[-84.972977,32.20335],[-84.973128,32.20335],[-84.973428,32.20335],[-84.974028,32.203451],[-84.974428,32.20355],[-84.974628,32.203651],[-84.974928,32.20375],[-84.975228,32.204051],[-84.975528,32.204351],[-84.976028,32.204651],[-84.976428,32.20505],[-84.976928,32.205551],[-84.977128,32.205751],[-84.977628,32.206251],[-84.978029,32.206451],[-84.978429,32.20675],[-84.979029,32.207151],[-84.979329,32.207251],[-84.979829,32.207451],[-84.980129,32.207651],[-84.980229,32.207751],[-84.980329,32.20805],[-84.980429,32.20845],[-84.980429,32.208851],[-84.980429,32.209451],[-84.980229,32.210051],[-84.980029,32.210551],[-84.979829,32.21105],[-84.979529,32.21145],[-84.978729,32.21255],[-84.978329,32.21295],[-84.977529,32.213951],[-84.977029,32.214551],[-84.976129,32.215351],[-84.975228,32.216251],[-84.974228,32.216951],[-84.973328,32.21765],[-84.972128,32.218251],[-84.970828,32.218851],[-84.969928,32.219051],[-84.969028,32.219251],[-84.968128,32.219351],[-84.967528,32.219351],[-84.967428,32.219351],[-84.965228,32.21895],[-84.963728,32.218651],[-84.962528,32.218351],[-84.962028,32.218251],[-84.961428,32.218051],[-84.960428,32.217951],[-84.959401,32.217857],[-84.958173,32.217853],[-84.957728,32.217851],[-84.956328,32.217851],[-84.955228,32.217951],[-84.954428,32.217951],[-84.953628,32.218051],[-84.952828,32.218251],[-84.951628,32.218351],[-84.950228,32.218451],[-84.949451,32.218511],[-84.948928,32.21855],[-84.947828,32.218451],[-84.946828,32.218451],[-84.945528,32.218251],[-84.944728,32.218151],[-84.943685,32.218055],[-84.943628,32.218051],[-84.942728,32.217951],[-84.942128,32.217951],[-84.942072,32.217951],[-84.941328,32.217951],[-84.940328,32.217951],[-84.939857,32.217951],[-84.939328,32.217951],[-84.938027,32.218051],[-84.937027,32.218151],[-84.935527,32.218351],[-84.933727,32.218651],[-84.932127,32.218851],[-84.930727,32.21895],[-84.930327,32.219051],[-84.930127,32.219051],[-84.929527,32.219251],[-84.928927,32.219551],[-84.928227,32.219851],[-84.927727,32.22025],[-84.926727,32.220751],[-84.925727,32.221351],[-84.925427,32.22155],[-84.925027,32.22215],[-84.924893,32.222312],[-84.924527,32.222751],[-84.924227,32.223151],[-84.923727,32.22365],[-84.923427,32.224051],[-84.922927,32.22475],[-84.922927,32.22515],[-84.923027,32.225551],[-84.923027,32.226051],[-84.923227,32.226851],[-84.923327,32.227351],[-84.923527,32.227851],[-84.923527,32.228551],[-84.923527,32.229351],[-84.923527,32.229751],[-84.923484,32.229881],[-84.923427,32.230051],[-84.923327,32.230251],[-84.923327,32.230551],[-84.923326,32.230851],[-84.923027,32.230851],[-84.922927,32.23115],[-84.922827,32.23135],[-84.922627,32.231751],[-84.922227,32.232351],[-84.921827,32.23285],[-84.921127,32.233451],[-84.920627,32.23395],[-84.920027,32.23435],[-84.919427,32.234651],[-84.919027,32.234851],[-84.918227,32.235351],[-84.917727,32.235551],[-84.917127,32.23585],[-84.916627,32.236351],[-84.916527,32.236451],[-84.916427,32.236551],[-84.916327,32.236551],[-84.915727,32.237651],[-84.915527,32.238151],[-84.915227,32.238751],[-84.914827,32.239351],[-84.914527,32.239851],[-84.914227,32.24035],[-84.914022,32.240693],[-84.913927,32.240851],[-84.913627,32.241251],[-84.913602,32.241312],[-84.913561,32.241413],[-84.913427,32.241751],[-84.913127,32.242251],[-84.913027,32.242551],[-84.912927,32.24295],[-84.912727,32.24335],[-84.912827,32.24365],[-84.912927,32.24385],[-84.913127,32.24405],[-84.913327,32.24425],[-84.913627,32.24475],[-84.913927,32.24515],[-84.914227,32.24545],[-84.914827,32.245849],[-84.915427,32.246049],[-84.916527,32.24615],[-84.916927,32.246049],[-84.917227,32.24595],[-84.917527,32.245649],[-84.917927,32.24535],[-84.918627,32.24495],[-84.919327,32.24445],[-84.919827,32.244149],[-84.920327,32.24405],[-84.920927,32.244149],[-84.921327,32.244149],[-84.922527,32.24445],[-84.923027,32.244549],[-84.923227,32.24465],[-84.923527,32.24485],[-84.923727,32.24515],[-84.923927,32.24545],[-84.924127,32.245649],[-84.924327,32.246049],[-84.924327,32.24635],[-84.924327,32.24685],[-84.924327,32.24725],[-84.924327,32.24745],[-84.924327,32.24815],[-84.924327,32.24835],[-84.924327,32.249049],[-84.924427,32.249797],[-84.924427,32.250149],[-84.923863,32.250582],[-84.923015,32.250822],[-84.922231,32.250709],[-84.921943,32.250662],[-84.921751,32.250662],[-84.921047,32.25039],[-84.920103,32.250182],[-84.919927,32.250149],[-84.919727,32.250149],[-84.919227,32.24985],[-84.918627,32.24955],[-84.918027,32.24925],[-84.917327,32.249049],[-84.916527,32.249049],[-84.916027,32.249049],[-84.915727,32.249049],[-84.915527,32.24915],[-84.915227,32.24925],[-84.914927,32.24935],[-84.914627,32.24925],[-84.914427,32.24915],[-84.914327,32.249049],[-84.914227,32.248849],[-84.914027,32.24875],[-84.913527,32.248649],[-84.912927,32.24875],[-84.912627,32.248849],[-84.912427,32.24895],[-84.912227,32.24895],[-84.912127,32.248849],[-84.911727,32.248849],[-84.911627,32.24875],[-84.911427,32.24875],[-84.910827,32.248649],[-84.910127,32.248649],[-84.909627,32.24875],[-84.909227,32.248849],[-84.908627,32.24895],[-84.908227,32.248849],[-84.907827,32.24895],[-84.907227,32.249049],[-84.906827,32.24935],[-84.906127,32.24965],[-84.905427,32.24995],[-84.905227,32.250149],[-84.904599,32.250486],[-84.904087,32.250838],[-84.903895,32.251174],[-84.903799,32.251413],[-84.903831,32.252133],[-84.903959,32.25343],[-84.903831,32.254502],[-84.903479,32.255606],[-84.902967,32.25663],[-84.902071,32.25775],[-84.901191,32.258374],[-84.900151,32.258774],[-84.899575,32.258966],[-84.898279,32.25903],[-84.896407,32.258758],[-84.894167,32.258422],[-84.893127,32.258069],[-84.891991,32.257638],[-84.891191,32.257494],[-84.890503,32.257621],[-84.890055,32.257814],[-84.889142,32.25839],[-84.888566,32.258902],[-84.888278,32.259334],[-84.888246,32.25967],[-84.888519,32.260869],[-84.888983,32.26151],[-84.889431,32.261941],[-84.890711,32.262901],[-84.891751,32.263621],[-84.893015,32.264502],[-84.893543,32.265302],[-84.893959,32.265846],[-84.894647,32.266278],[-84.895655,32.266726],[-84.896535,32.267381],[-84.897639,32.267974],[-84.898647,32.268438],[-84.898999,32.268822],[-84.899351,32.26943],[-84.899383,32.269509],[-84.900135,32.270038],[-84.900791,32.270662],[-84.901351,32.271414],[-84.901671,32.271734],[-84.902391,32.272405],[-84.902871,32.272725],[-84.903153,32.272953],[-84.903623,32.273333],[-84.904023,32.273749],[-84.904439,32.274005],[-84.905255,32.274372],[-84.906167,32.274836],[-84.907303,32.275349],[-84.910215,32.276469],[-84.911127,32.276949],[-84.912039,32.277605],[-84.912823,32.278149],[-84.914151,32.279349],[-84.915159,32.280005],[-84.91604,32.280773],[-84.916136,32.280949],[-84.91796,32.281877],[-84.918808,32.282452],[-84.920168,32.283285],[-84.92076,32.283797],[-84.921736,32.284565],[-84.922872,32.285333],[-84.923848,32.286372],[-84.924728,32.287301],[-84.925512,32.288373],[-84.926296,32.289445],[-84.926856,32.290084],[-84.927704,32.291092],[-84.928392,32.292116],[-84.929656,32.29354],[-84.930712,32.294837],[-84.93164,32.295845],[-84.932504,32.296756],[-84.933176,32.297492],[-84.9338,32.29826],[-84.934648,32.298916],[-84.935096,32.29914],[-84.935944,32.29954],[-84.936536,32.299732],[-84.93724,32.30002],[-84.938079,32.300421],[-84.938159,32.300458],[-84.93868,32.300708],[-84.939016,32.300948],[-84.9394,32.301172],[-84.940152,32.301699],[-84.940808,32.302068],[-84.941864,32.30258],[-84.943097,32.302964],[-84.944073,32.303348],[-84.945161,32.303508],[-84.946249,32.3037],[-84.947385,32.304052],[-84.948473,32.304291],[-84.949465,32.30442],[-84.950569,32.30466],[-84.951305,32.304884],[-84.952073,32.305315],[-84.953049,32.30554],[-84.953561,32.305892],[-84.954441,32.30626],[-84.955273,32.306612],[-84.955537,32.306694],[-84.955785,32.306772],[-84.956111,32.306896],[-84.956122,32.306905],[-84.956585,32.30706],[-84.956735,32.307144],[-84.957129,32.307364],[-84.957465,32.307422],[-84.958521,32.307603],[-84.959609,32.30794],[-84.960425,32.30818],[-84.961273,32.308563],[-84.962265,32.308916],[-84.962633,32.309156],[-84.963513,32.309556],[-84.964489,32.309844],[-84.965289,32.310004],[-84.965833,32.310228],[-84.967081,32.310724],[-84.967945,32.311059],[-84.969897,32.311684],[-84.971705,32.312436],[-84.973305,32.313204],[-84.974569,32.313651],[-84.975657,32.314003],[-84.977321,32.314692],[-84.97873,32.315092],[-84.979738,32.31546],[-84.981802,32.316276],[-84.983114,32.316724],[-84.983866,32.316947],[-84.985642,32.317715],[-84.98745,32.318483],[-84.988826,32.319172],[-84.989514,32.319316],[-84.991018,32.319651],[-84.992044,32.319893],[-84.99265,32.320036],[-84.994122,32.320468],[-84.995402,32.320771],[-84.99705,32.321123],[-84.998127,32.321371],[-84.998196,32.321387],[-84.999888,32.321371],[-84.999908,32.321371],[-84.999931,32.321371],[-85.000271,32.32141],[-85.000343,32.321418],[-85.001874,32.322015],[-85.002791,32.322428],[-85.003276,32.322794],[-85.003842,32.323321],[-85.003842,32.323436],[-85.005351,32.32504],[-85.006402,32.326757],[-85.006941,32.328086],[-85.007103,32.328362],[-85.007291,32.329324],[-85.007327,32.330109],[-85.007397,32.331615],[-85.007719,32.33379],[-85.008096,32.335234],[-85.008096,32.336677],[-85.007257,32.33899],[-85.00649,32.340269],[-85.006102,32.340918],[-85.005901,32.341253],[-85.005556,32.341828],[-85.00534,32.342356],[-85.005063,32.344081],[-85.005042,32.344211],[-85.004582,32.345196],[-85.004231,32.345608],[-85.003097,32.346707],[-85.002935,32.346936],[-85.002773,32.346981],[-85.002493,32.347268],[-85.002014,32.347758],[-85.00172,32.348058],[-84.99993,32.349545],[-84.999407,32.349539],[-84.996186,32.351425],[-84.992714,32.353842],[-84.991448,32.35486],[-84.991242,32.355026],[-84.98961,32.356546],[-84.988058,32.35781],[-84.988058,32.357937],[-84.986778,32.359057],[-84.985962,32.359969],[-84.984714,32.361378],[-84.984216,32.36197],[-84.983866,32.362386],[-84.983466,32.363186],[-84.983338,32.363714],[-84.983226,32.364545],[-84.983242,32.365122],[-84.98361,32.365778],[-84.98401,32.366194],[-84.985978,32.367666],[-84.98633,32.36869],[-84.986298,32.369666],[-84.986058,32.370738],[-84.985898,32.371153],[-84.985658,32.37173],[-84.985322,32.372514],[-84.98473,32.372978],[-84.98409,32.373522],[-84.983338,32.373938],[-84.983002,32.374049],[-84.982522,32.374226],[-84.982042,32.374338],[-84.981178,32.37445],[-84.980282,32.374386],[-84.979418,32.374226],[-84.978426,32.374001],[-84.977274,32.373842],[-84.976186,32.373874],[-84.975226,32.374162],[-84.97433,32.374578],[-84.973594,32.374994],[-84.973162,32.37533],[-84.972698,32.375954],[-84.972154,32.376914],[-84.971962,32.377698],[-84.972026,32.378065],[-84.97209,32.378289],[-84.972554,32.37896],[-84.972986,32.379393],[-84.973818,32.379873],[-84.97481,32.380257],[-84.976474,32.380529],[-84.977914,32.380657],[-84.979354,32.380705],[-84.980538,32.380401],[-84.981914,32.380193],[-84.98329,32.380017],[-84.984218,32.379984],[-84.984938,32.379953],[-84.986282,32.380336],[-84.987386,32.3812],[-84.988074,32.382129],[-84.98849,32.383105],[-84.988554,32.384081],[-84.98841,32.385216],[-84.98793,32.386288],[-84.987354,32.387281],[-84.987226,32.387633],[-84.986826,32.388305],[-84.98649,32.38888],[-84.985978,32.389665],[-84.985498,32.390321],[-84.984618,32.390977],[-84.983386,32.391761],[-84.983002,32.391953],[-84.982538,32.391857],[-84.981562,32.391585],[-84.980282,32.390945],[-84.978362,32.390497],[-84.97801,32.390561],[-84.977466,32.390641],[-84.977082,32.390817],[-84.976394,32.391025],[-84.97569,32.391057],[-84.97505,32.390993],[-84.974298,32.391025],[-84.972906,32.390833],[-84.971418,32.390593],[-84.97057,32.390625],[-84.969498,32.391008],[-84.96873,32.391457],[-84.96841,32.392001],[-84.968442,32.392449],[-84.968762,32.393009],[-84.969274,32.393441],[-84.970074,32.393713],[-84.971002,32.393921],[-84.971834,32.394016],[-84.97249,32.394385],[-84.973114,32.394945],[-84.973882,32.395217],[-84.974746,32.395601],[-84.974858,32.395792],[-84.974666,32.395873],[-84.974698,32.395985],[-84.97489,32.396161],[-84.975162,32.396289],[-84.97537,32.3964],[-84.97569,32.396577],[-84.97633,32.396912],[-84.977034,32.397345],[-84.97761,32.397489],[-84.97777,32.397905],[-84.978026,32.398321],[-84.978554,32.399057],[-84.979226,32.399648],[-84.979898,32.400097],[-84.98041,32.400785],[-84.980714,32.401536],[-84.981098,32.402833],[-84.981082,32.403745],[-84.981034,32.405009],[-84.980954,32.406064],[-84.98063,32.407344],[-84.979431,32.412244],[-84.97693,32.414243],[-84.975169,32.414935],[-84.97183,32.416244],[-84.96603,32.420944],[-84.96469,32.421769],[-84.96343,32.422544],[-84.963311,32.423048],[-84.963222,32.423428],[-84.96303,32.424244],[-84.964316,32.426589],[-84.96473,32.427343],[-84.966694,32.434173],[-84.967031,32.435343],[-84.969831,32.440443],[-84.971831,32.442843],[-84.977531,32.443942],[-84.979327,32.444302],[-84.981031,32.444643],[-84.983831,32.445642],[-84.985631,32.446543],[-84.98823,32.447943],[-84.98993,32.449043],[-84.990391,32.44926],[-84.99353,32.450743],[-84.995197,32.453055],[-84.995245,32.453122],[-84.99533,32.453243],[-84.996631,32.456543],[-84.996657,32.456914],[-84.996731,32.457943],[-84.997071,32.458937],[-84.997693,32.460756],[-84.998031,32.461743],[-84.998031,32.461813],[-84.998031,32.461931],[-84.998031,32.461955],[-84.998031,32.463442],[-84.998036,32.463462],[-84.998042,32.463486],[-84.998234,32.464252],[-84.998431,32.465043],[-84.998398,32.465372],[-84.998331,32.466042],[-84.998431,32.466541],[-84.99843,32.466642],[-84.998431,32.467442],[-84.998531,32.468742],[-84.998231,32.469842],[-84.997679,32.470867],[-84.996831,32.472442],[-84.996722,32.47261],[-84.995731,32.474142],[-84.995228,32.475299],[-84.995331,32.477241],[-84.995315,32.477357],[-84.995308,32.477409],[-84.995119,32.478775],[-84.994931,32.480142],[-84.994927,32.481046],[-84.994923,32.481741],[-84.994923,32.481789],[-84.994895,32.483089],[-84.994877,32.483916],[-84.994858,32.484758],[-84.994841,32.485566],[-84.99483,32.4861],[-84.995061,32.48715],[-84.995432,32.488942],[-84.995871,32.490091],[-84.996732,32.492342],[-84.998332,32.494141],[-84.998399,32.494528],[-84.998573,32.495542],[-84.998832,32.497041],[-84.997807,32.498919],[-84.997632,32.49924],[-84.996656,32.50137],[-84.996532,32.501641],[-84.996932,32.503141],[-84.999832,32.50434],[-84.999832,32.505141],[-84.998932,32.506341],[-84.999076,32.506666],[-84.999264,32.507088],[-84.999311,32.507194],[-84.999341,32.507261],[-84.99944,32.507483],[-84.999472,32.507556],[-84.999552,32.507736],[-84.999732,32.508141],[-85.000932,32.508741],[-85.00102,32.510157],[-85.006583,32.510046],[-85.009068,32.510001],[-85.018286,32.509836],[-85.018388,32.509834],[-85.018461,32.509833],[-85.018521,32.509832],[-85.018576,32.509832],[-85.018604,32.509831],[-85.018683,32.509831],[-85.018734,32.509831],[-85.019182,32.509831],[-85.019265,32.509831],[-85.019805,32.509831],[-85.020013,32.509821],[-85.020084,32.509822],[-85.020139,32.509822],[-85.020196,32.509822],[-85.021751,32.509809],[-85.022396,32.509792],[-85.022609,32.509787],[-85.022649,32.509786],[-85.023009,32.509776],[-85.025,32.509725],[-85.025052,32.509724],[-85.025217,32.509719],[-85.025317,32.509716],[-85.025377,32.509715],[-85.025456,32.509713],[-85.025859,32.509704],[-85.027042,32.509674],[-85.02759,32.509655],[-85.033384,32.509455],[-85.033719,32.509451],[-85.034518,32.509443],[-85.03568,32.509432],[-85.035785,32.509431],[-85.036229,32.509427],[-85.036424,32.509425],[-85.036745,32.509422],[-85.039206,32.509403],[-85.039582,32.509401],[-85.04026,32.509397],[-85.040793,32.509395],[-85.043718,32.509381],[-85.044283,32.509379],[-85.044351,32.509378],[-85.044993,32.509374],[-85.045374,32.509373],[-85.04567,32.509371],[-85.045832,32.50937],[-85.04611,32.509369],[-85.046873,32.509366],[-85.046894,32.509366],[-85.046972,32.509366],[-85.047067,32.509366],[-85.047767,32.509363],[-85.051146,32.509346],[-85.051307,32.509346],[-85.052221,32.509342],[-85.05246,32.509341],[-85.05319,32.509338],[-85.056343,32.50928],[-85.056516,32.509277],[-85.056847,32.509271],[-85.060784,32.509177],[-85.060755,32.508249],[-85.060775,32.508076],[-85.060814,32.507713],[-85.060814,32.507652],[-85.060814,32.507415],[-85.060814,32.507295],[-85.060814,32.504894],[-85.060814,32.504572],[-85.060782,32.504253],[-85.060792,32.50403],[-85.060798,32.503884],[-85.060754,32.503608],[-85.060573,32.500359],[-85.060522,32.499086],[-85.060508,32.498722],[-85.060482,32.498214],[-85.06032,32.494903],[-85.06028,32.493516],[-85.060282,32.493436],[-85.060203,32.491822],[-85.0602,32.491771],[-85.060149,32.490762],[-85.060086,32.489476],[-85.060018,32.488087],[-85.060014,32.487997],[-85.060013,32.487987],[-85.060012,32.487921],[-85.060012,32.487902],[-85.060011,32.487865],[-85.059985,32.486759],[-85.059982,32.486637],[-85.059924,32.485244],[-85.059918,32.485101],[-85.059392,32.474823],[-85.059384,32.474662],[-85.059294,32.473283],[-85.059302,32.473219],[-85.059297,32.472977],[-85.059294,32.472909],[-85.060362,32.472888],[-85.062827,32.472825],[-85.065831,32.472751],[-85.065886,32.472749],[-85.070681,32.472665],[-85.07169,32.472648],[-85.072099,32.472641],[-85.072369,32.472636],[-85.072681,32.472631],[-85.074142,32.472605],[-85.07555,32.472541],[-85.077138,32.472541],[-85.078014,32.472541],[-85.078035,32.47254],[-85.078644,32.472522],[-85.078703,32.472521],[-85.079191,32.472507],[-85.079245,32.472505],[-85.079758,32.47249],[-85.080119,32.472479],[-85.080301,32.472474],[-85.080502,32.472468],[-85.080591,32.472465],[-85.081091,32.472451],[-85.081146,32.472448],[-85.08144,32.472435],[-85.081471,32.472434],[-85.081707,32.472424],[-85.081814,32.47242],[-85.081869,32.472418],[-85.082526,32.47239],[-85.082568,32.472389],[-85.082743,32.472386],[-85.082979,32.472382],[-85.083312,32.472374],[-85.083616,32.472367],[-85.084208,32.472358],[-85.084811,32.47234],[-85.084849,32.472339],[-85.08502,32.472334],[-85.085496,32.47232],[-85.086531,32.47229],[-85.086953,32.472278],[-85.087839,32.472253],[-85.088959,32.472172],[-85.08908,32.47217],[-85.089807,32.472153],[-85.089882,32.472151],[-85.08996,32.472149],[-85.090033,32.472147],[-85.090134,32.472144],[-85.090263,32.472141],[-85.092207,32.472095],[-85.092354,32.472091],[-85.093812,32.472056],[-85.094108,32.472049],[-85.094524,32.47204],[-85.095708,32.472012],[-85.098526,32.471944],[-85.098839,32.471936],[-85.100538,32.471895],[-85.102122,32.471857],[-85.102271,32.471853],[-85.105199,32.471794],[-85.105439,32.471789],[-85.105735,32.471783],[-85.10582,32.471781],[-85.113184,32.471629],[-85.119425,32.471486],[-85.124593,32.471442],[-85.125133,32.471438],[-85.125282,32.471421],[-85.138543,32.471283],[-85.147472,32.471179],[-85.150795,32.471142],[-85.153462,32.471111],[-85.165354,32.470973],[-85.167255,32.470951],[-85.175542,32.470854],[-85.178114,32.470824],[-85.178188,32.470823],[-85.179178,32.470812],[-85.179663,32.470806],[-85.181317,32.470787],[-85.185102,32.470743],[-85.186577,32.470726],[-85.186685,32.470725],[-85.187508,32.470715],[-85.194895,32.470629],[-85.202754,32.470543],[-85.206457,32.470503],[-85.207441,32.470483],[-85.207686,32.470478],[-85.207962,32.470474],[-85.208362,32.470466],[-85.208708,32.47046],[-85.209114,32.470452],[-85.209696,32.470441],[-85.210117,32.470435],[-85.210521,32.47043],[-85.211489,32.470447],[-85.211523,32.470447],[-85.212698,32.47043],[-85.212945,32.470426],[-85.218412,32.47041],[-85.21869,32.470411],[-85.218856,32.470408],[-85.21927,32.470397],[-85.219635,32.470389],[-85.219833,32.470385],[-85.224747,32.470283],[-85.231551,32.470204],[-85.231939,32.470177],[-85.234847,32.470165],[-85.23492,32.470165],[-85.236465,32.470146],[-85.237751,32.470132],[-85.238983,32.470117],[-85.239171,32.470115],[-85.240495,32.4701],[-85.248404,32.470008],[-85.249941,32.46999],[-85.250379,32.469982],[-85.250487,32.46998],[-85.256375,32.46987],[-85.262173,32.469761],[-85.264861,32.46971],[-85.265028,32.469707],[-85.269466,32.469625],[-85.271712,32.469583],[-85.271801,32.46958],[-85.274517,32.469535],[-85.274679,32.469533],[-85.2814,32.469409],[-85.28201,32.469398],[-85.285333,32.469337],[-85.286529,32.469315],[-85.29487,32.46916],[-85.296042,32.469139],[-85.296504,32.469133],[-85.302389,32.46906],[-85.311859,32.46893],[-85.318699,32.46884],[-85.321097,32.468808],[-85.322043,32.468795],[-85.325898,32.468744],[-85.333782,32.46864],[-85.333843,32.468639],[-85.333837,32.468549],[-85.333812,32.468161],[-85.333685,32.466237],[-85.332881,32.454017],[-85.332875,32.453924],[-85.332001,32.44062],[-85.331999,32.440589],[-85.331043,32.42604],[-85.330565,32.417963],[-85.330204,32.411875],[-85.330175,32.411381],[-85.330147,32.410915],[-85.330143,32.410842],[-85.344762,32.410649],[-85.349763,32.410584],[-85.350487,32.410573],[-85.352843,32.410541],[-85.356843,32.410487],[-85.357402,32.410479],[-85.361957,32.410418],[-85.370779,32.410297],[-85.374944,32.410241],[-85.405235,32.410035],[-85.407857,32.410018],[-85.410262,32.410001],[-85.410509,32.409999],[-85.416489,32.409959],[-85.416784,32.409958],[-85.433755,32.409841],[-85.43391,32.409841],[-85.434045,32.40984],[-85.434243,32.416595],[-85.434244,32.416635],[-85.434245,32.416679],[-85.434305,32.418717],[-85.434543,32.426872],[-85.434743,32.429555],[-85.434749,32.42969],[-85.434753,32.429775],[-85.435363,32.442267],[-85.43537,32.442383],[-85.435371,32.442408],[-85.435372,32.442444],[-85.435765,32.450477],[-85.435772,32.450622],[-85.436375,32.459831],[-85.436558,32.461665],[-85.436568,32.46169],[-85.436569,32.461725],[-85.436568,32.46199],[-85.436553,32.466576],[-85.436657,32.46896],[-85.436669,32.468972],[-85.437103,32.477902],[-85.437142,32.478681],[-85.437224,32.480292],[-85.437227,32.480342],[-85.438116,32.491402],[-85.438125,32.491509],[-85.43853,32.496546],[-85.438534,32.496594],[-85.438571,32.497055],[-85.438573,32.497075],[-85.438575,32.49709],[-85.438595,32.49709],[-85.439591,32.497107],[-85.441321,32.497136],[-85.442093,32.497149],[-85.442309,32.497152],[-85.443049,32.497164],[-85.44419,32.497183],[-85.444545,32.497189],[-85.444653,32.497185],[-85.444675,32.497191],[-85.445021,32.497197],[-85.448547,32.497176],[-85.448613,32.497176],[-85.460855,32.497104],[-85.467946,32.497062],[-85.468386,32.497059],[-85.47034,32.497048],[-85.470442,32.497047],[-85.471379,32.497041],[-85.475211,32.497019],[-85.475261,32.497019],[-85.475476,32.497017],[-85.483855,32.496969],[-85.489348,32.496937],[-85.491865,32.497925],[-85.494015,32.498781],[-85.494184,32.498845],[-85.497595,32.500128],[-85.498402,32.500577],[-85.498551,32.500659],[-85.498598,32.500684],[-85.498793,32.500766],[-85.501979,32.502082],[-85.502473,32.502285],[-85.512858,32.506579],[-85.527127,32.512478],[-85.52722,32.512515],[-85.533577,32.515185],[-85.533615,32.5152],[-85.537458,32.516773],[-85.538555,32.517241],[-85.552023,32.523007],[-85.552215,32.523089],[-85.565306,32.528492],[-85.565584,32.528607],[-85.565605,32.528613],[-85.570213,32.530047],[-85.570266,32.530063],[-85.570337,32.530085],[-85.570351,32.530089],[-85.57123,32.530362],[-85.571776,32.530532],[-85.573061,32.530931],[-85.573408,32.531039],[-85.575704,32.531752],[-85.577974,32.532458],[-85.579717,32.533],[-85.58077,32.533246],[-85.580817,32.53324],[-85.581247,32.533329],[-85.587849,32.53705],[-85.588357,32.537335],[-85.593024,32.539949],[-85.593171,32.540011],[-85.598903,32.542417],[-85.599076,32.54249],[-85.60159,32.543528],[-85.601857,32.543638],[-85.602124,32.543749],[-85.609356,32.54674],[-85.610102,32.547049],[-85.6102,32.547089],[-85.615166,32.549051],[-85.615888,32.549335],[-85.61661,32.549621],[-85.617626,32.550022],[-85.624712,32.552819],[-85.625157,32.553001],[-85.628406,32.554327],[-85.629434,32.554752],[-85.629728,32.554876],[-85.630462,32.555182],[-85.631017,32.555402],[-85.631023,32.555416],[-85.635122,32.557125],[-85.635207,32.55716],[-85.635228,32.557169],[-85.635245,32.557176],[-85.637323,32.558042],[-85.643916,32.560789],[-85.646973,32.562064],[-85.647105,32.56212],[-85.648287,32.562613],[-85.648382,32.562652],[-85.648417,32.562666],[-85.65487,32.565357],[-85.655043,32.565429],[-85.660926,32.567881],[-85.661018,32.56792],[-85.661053,32.567935],[-85.661054,32.568005],[-85.661061,32.568401],[-85.661063,32.568548],[-85.661064,32.56862],[-85.661064,32.568639],[-85.661066,32.568714],[-85.661076,32.569268],[-85.661098,32.571494],[-85.661099,32.571576],[-85.661102,32.571855],[-85.661137,32.573701],[-85.661138,32.573754],[-85.661138,32.573802],[-85.661139,32.573833],[-85.661141,32.573963],[-85.661169,32.574511],[-85.661155,32.574903],[-85.661159,32.57522],[-85.661253,32.582334],[-85.678419,32.582183],[-85.678519,32.582183],[-85.678621,32.582182],[-85.678732,32.582182],[-85.678843,32.582181],[-85.678996,32.582178],[-85.682259,32.582151],[-85.68244,32.582149],[-85.682624,32.582147],[-85.684129,32.582128],[-85.684141,32.582133],[-85.68423,32.582134],[-85.68432,32.582133],[-85.684412,32.582132],[-85.684509,32.58213],[-85.692696,32.58206],[-85.693059,32.582057],[-85.695654,32.582034],[-85.69573,32.587286],[-85.695854,32.595933],[-85.697529,32.595911],[-85.697645,32.595909],[-85.697743,32.595908],[-85.700837,32.595872],[-85.70393,32.595837],[-85.704025,32.595836],[-85.70412,32.595835],[-85.704188,32.595834],[-85.704255,32.595833],[-85.7083,32.595785],[-85.708402,32.595785],[-85.708504,32.595784],[-85.708541,32.595783],[-85.708628,32.595782],[-85.708753,32.595781],[-85.70887,32.595779],[-85.709026,32.595777],[-85.709182,32.595776],[-85.709254,32.595775],[-85.709336,32.595774],[-85.709377,32.595774],[-85.709501,32.595772],[-85.712756,32.595731],[-85.712749,32.594811],[-85.712689,32.585957],[-85.712671,32.583188],[-85.712661,32.582048],[-85.712654,32.581834],[-85.716576,32.581787],[-85.717416,32.581773],[-85.717511,32.581771],[-85.717639,32.581792],[-85.717978,32.581828],[-85.718149,32.581839],[-85.718321,32.581843],[-85.71867,32.581846],[-85.718842,32.581842],[-85.720452,32.581761],[-85.720536,32.581757],[-85.720914,32.581736],[-85.721306,32.581713],[-85.72173,32.581694],[-85.722929,32.581629],[-85.723926,32.581576],[-85.724294,32.581556],[-85.724979,32.58153],[-85.725491,32.581522],[-85.725832,32.581527],[-85.72617,32.581542],[-85.726513,32.581567],[-85.727021,32.581618],[-85.727278,32.58165],[-85.732299,32.581601],[-85.735976,32.581535],[-85.736165,32.581549],[-85.73702,32.581539],[-85.7399,32.581504],[-85.740126,32.581502],[-85.740886,32.581453],[-85.741805,32.581465],[-85.745512,32.581437],[-85.74565,32.581436],[-85.749584,32.581367],[-85.749357,32.581469],[-85.749593,32.581463],[-85.749719,32.581463],[-85.749862,32.581457],[-85.75095,32.581453],[-85.752411,32.581443],[-85.752696,32.58144],[-85.753083,32.581438],[-85.753937,32.581437],[-85.754792,32.581424],[-85.755651,32.581418],[-85.755904,32.581416],[-85.756669,32.581409],[-85.757522,32.58141],[-85.75923,32.581393],[-85.761794,32.581379],[-85.762649,32.581366],[-85.764067,32.581358],[-85.766585,32.581336],[-85.767012,32.581339],[-85.770425,32.581311],[-85.772738,32.581299],[-85.772872,32.581298],[-85.774782,32.581282],[-85.775209,32.581283],[-85.776066,32.581274],[-85.782052,32.581232],[-85.782841,32.581229],[-85.78334,32.581228],[-85.783468,32.581226],[-85.783771,32.581221],[-85.785052,32.581215],[-85.785589,32.581206],[-85.785827,32.58121],[-85.786597,32.581201],[-85.787446,32.581197],[-85.787784,32.581201],[-85.788347,32.581221],[-85.788475,32.58122],[-85.788886,32.581217],[-85.789162,32.581214],[-85.789568,32.58121],[-85.790268,32.581203],[-85.790582,32.581198],[-85.790749,32.581196],[-85.792888,32.581162],[-85.792982,32.58116],[-85.793257,32.581156],[-85.794538,32.581142],[-85.794774,32.581138],[-85.794966,32.581134],[-85.795824,32.58113],[-85.798302,32.581086],[-85.79844,32.581086],[-85.798585,32.581089],[-85.798585,32.58092],[-85.798585,32.580803],[-85.798569,32.58015],[-85.798546,32.578359],[-85.798532,32.57726],[-85.798537,32.577115],[-85.798548,32.57697],[-85.798584,32.576712],[-85.798539,32.57654],[-85.798532,32.576472],[-85.79853,32.576034],[-85.79852,32.575384],[-85.798461,32.57423],[-85.798462,32.574084],[-85.798474,32.574012],[-85.798502,32.573943],[-85.798549,32.573881],[-85.798379,32.566446],[-85.798273,32.560864],[-85.79822,32.558849],[-85.798239,32.558191],[-85.798238,32.558117],[-85.798204,32.554249],[-85.798207,32.551864],[-85.798208,32.551757],[-85.798147,32.547924],[-85.798058,32.537354],[-85.798003,32.53539],[-85.797979,32.534526],[-85.797955,32.533659],[-85.797888,32.531256],[-85.79782,32.528855],[-85.797797,32.528036],[-85.797777,32.527323],[-85.797656,32.522933],[-85.797652,32.522726],[-85.79755,32.517753],[-85.797479,32.514341],[-85.797458,32.513303],[-85.797446,32.512718],[-85.797443,32.51259],[-85.797369,32.508969],[-85.797356,32.508336],[-85.797256,32.500135],[-85.797156,32.494236],[-85.800049,32.494202],[-85.805759,32.494132],[-85.806236,32.494128],[-85.814647,32.494037],[-85.817225,32.494022],[-85.820695,32.493999],[-85.820881,32.493998],[-85.827336,32.493964],[-85.830917,32.493941],[-85.831653,32.493937],[-85.834172,32.493935],[-85.834456,32.493935],[-85.83474,32.493937],[-85.839689,32.493935],[-85.84061,32.493935],[-85.840835,32.493935],[-85.843186,32.493934],[-85.848714,32.49393],[-85.850858,32.493892],[-85.855008,32.493822],[-85.862496,32.493688],[-85.865457,32.493636],[-85.868767,32.493513],[-85.869291,32.493495],[-85.8753,32.493277],[-85.878246,32.493186],[-85.879139,32.493156],[-85.885014,32.49297],[-85.885746,32.493024],[-85.886148,32.493053],[-85.886093,32.49301],[-85.885973,32.492915],[-85.88537,32.492682],[-85.884383,32.492303],[-85.88271,32.491343],[-85.882082,32.490883],[-85.881123,32.490183],[-85.879687,32.489154],[-85.878611,32.488363],[-85.878124,32.487713],[-85.877821,32.48731],[-85.877518,32.486907],[-85.876728,32.485974],[-85.876683,32.485923],[-85.875815,32.484927],[-85.874957,32.484336],[-85.873886,32.483626],[-85.87275,32.482968],[-85.872456,32.482799],[-85.870305,32.481474],[-85.868257,32.480673],[-85.868213,32.480656],[-85.867865,32.480562],[-85.864505,32.47966],[-85.862518,32.479349],[-85.861235,32.479418],[-85.860606,32.47945],[-85.859324,32.479739],[-85.858917,32.47983],[-85.857805,32.480113],[-85.856481,32.480278],[-85.855705,32.480354],[-85.855413,32.480383],[-85.854234,32.479753],[-85.853543,32.478899],[-85.852718,32.477013],[-85.852675,32.476435],[-85.852643,32.475996],[-85.85264,32.475957],[-85.852625,32.475747],[-85.852932,32.475392],[-85.853041,32.475265],[-85.853711,32.475087],[-85.853876,32.475043],[-85.854102,32.474983],[-85.854492,32.474879],[-85.854615,32.474846],[-85.854879,32.474887],[-85.855306,32.474953],[-85.855697,32.475028],[-85.855797,32.475053],[-85.856138,32.475139],[-85.856702,32.475297],[-85.856804,32.475326],[-85.856873,32.47535],[-85.857654,32.475617],[-85.860029,32.476349],[-85.861159,32.476446],[-85.862489,32.476404],[-85.862771,32.476263],[-85.863495,32.475749],[-85.86442,32.475496],[-85.865332,32.475246],[-85.866949,32.47506],[-85.86719,32.475012],[-85.870686,32.474311],[-85.872695,32.473869],[-85.874495,32.472924],[-85.874783,32.472225],[-85.874744,32.471279],[-85.874726,32.470837],[-85.874521,32.469859],[-85.874504,32.469366],[-85.874518,32.469039],[-85.874609,32.468884],[-85.874787,32.468792],[-85.874887,32.468809],[-85.874957,32.46828],[-85.875196,32.468105],[-85.875958,32.467548],[-85.87736,32.466318],[-85.878192,32.465182],[-85.878512,32.464157],[-85.878597,32.462615],[-85.878571,32.460794],[-85.87857,32.460749],[-85.878545,32.459197],[-85.878543,32.459077],[-85.878874,32.458398],[-85.878956,32.45823],[-85.880882,32.456518],[-85.882219,32.454988],[-85.88233,32.454406],[-85.882261,32.454101],[-85.882057,32.453814],[-85.881319,32.4532],[-85.880819,32.45277],[-85.878767,32.451999],[-85.878407,32.451864],[-85.878403,32.451704],[-85.878392,32.451226],[-85.878604,32.450605],[-85.879072,32.450014],[-85.879254,32.449784],[-85.879677,32.449593],[-85.879861,32.449526],[-85.880309,32.44936],[-85.880396,32.44934],[-85.880955,32.449209],[-85.881576,32.449115],[-85.882644,32.448957],[-85.883545,32.448887],[-85.885282,32.448571],[-85.886922,32.448127],[-85.888037,32.447822],[-85.889641,32.447521],[-85.891281,32.447386],[-85.89151,32.447367],[-85.893094,32.447332],[-85.893542,32.447415],[-85.89442,32.447578],[-85.895875,32.448433],[-85.896932,32.449196],[-85.897624,32.449579],[-85.897637,32.449584],[-85.897787,32.449646],[-85.898152,32.449784],[-85.898674,32.449982],[-85.898815,32.450035],[-85.899469,32.450198],[-85.900741,32.450408],[-85.902986,32.450268],[-85.903897,32.450175],[-85.905974,32.450158],[-85.909793,32.450543],[-85.91103,32.450674],[-85.913247,32.450909],[-85.915464,32.451144],[-85.917109,32.45132],[-85.920275,32.451558],[-85.921133,32.451672],[-85.922398,32.451839],[-85.923346,32.452165],[-85.923779,32.452312],[-85.925481,32.45319],[-85.926778,32.453704],[-85.927676,32.454062],[-85.928401,32.454203],[-85.928849,32.45425],[-85.929297,32.454296],[-85.929394,32.4543],[-85.929424,32.454299],[-85.929961,32.454281],[-85.930456,32.454115],[-85.930844,32.453985],[-85.931776,32.453528],[-85.933015,32.4528],[-85.933498,32.452516],[-85.935325,32.451351],[-85.935753,32.451078],[-85.937596,32.449823],[-85.938946,32.448703],[-85.939677,32.447972],[-85.940977,32.446854],[-85.941144,32.44671],[-85.941387,32.446453],[-85.941445,32.446392],[-85.94225,32.445542],[-85.944448,32.44429],[-85.945202,32.444116],[-85.945946,32.443944],[-85.946689,32.443781],[-85.946831,32.443748],[-85.947373,32.443646],[-85.947492,32.443624],[-85.94757,32.443607],[-85.948132,32.443486],[-85.949481,32.443038],[-85.95017,32.442749],[-85.950654,32.442546],[-85.951138,32.442343],[-85.951429,32.442221],[-85.953776,32.441122],[-85.955808,32.440731],[-85.957182,32.440761],[-85.958953,32.44113],[-85.960617,32.442072],[-85.961464,32.443246],[-85.962542,32.445689],[-85.962592,32.446877],[-85.962595,32.446944],[-85.962599,32.447001],[-85.962637,32.447515],[-85.962702,32.447828],[-85.962736,32.447992],[-85.96277,32.448155],[-85.96285,32.448541],[-85.963169,32.448831],[-85.963605,32.449226],[-85.964011,32.449562],[-85.964154,32.44963],[-85.96613,32.450563],[-85.968088,32.451135],[-85.968754,32.45133],[-85.968895,32.451376],[-85.973455,32.453453],[-85.973704,32.453508],[-85.975188,32.453837],[-85.97678,32.454019],[-85.977333,32.453958],[-85.977445,32.453946],[-85.977557,32.453933],[-85.977654,32.453922],[-85.978213,32.453862],[-85.978384,32.453749],[-85.979669,32.452897],[-85.98026,32.452278],[-85.980518,32.451754],[-85.980606,32.450791],[-85.980629,32.450535],[-85.98031,32.449896],[-85.979924,32.44932],[-85.979163,32.448763],[-85.978752,32.448461],[-85.976121,32.44746],[-85.974882,32.446802],[-85.974383,32.446313],[-85.974344,32.446275],[-85.974395,32.445701],[-85.974629,32.445372],[-85.974787,32.445148],[-85.974946,32.444923],[-85.975245,32.444501],[-85.976073,32.443683],[-85.976712,32.44305],[-85.977754,32.442182],[-85.978121,32.441876],[-85.979549,32.440871],[-85.980289,32.440472],[-85.981117,32.440027],[-85.982675,32.439442],[-85.983598,32.439393],[-85.983662,32.439389],[-85.98373,32.439416],[-85.984239,32.439617],[-85.985262,32.440472],[-85.98653,32.442033],[-85.987798,32.443593],[-85.989444,32.445625],[-85.989904,32.446621],[-85.990025,32.447426],[-85.990042,32.447542],[-85.989896,32.448324],[-85.989329,32.449776],[-85.989275,32.450742],[-85.989262,32.450989],[-85.989248,32.451236],[-85.989246,32.45127],[-85.989398,32.451487],[-85.989715,32.451938],[-85.990032,32.452388],[-85.990093,32.452475],[-85.990198,32.452495],[-85.991183,32.452672],[-85.992142,32.452498],[-85.992932,32.451911],[-85.993493,32.451509],[-85.993704,32.451106],[-85.994423,32.449444],[-85.994896,32.448701],[-85.995081,32.448408],[-85.995266,32.448118],[-85.995417,32.447881],[-85.996038,32.44688],[-85.996451,32.445766],[-85.99639,32.444716],[-85.996232,32.443966],[-85.995583,32.442476],[-85.994512,32.440908],[-85.993174,32.439086],[-85.991004,32.436673],[-85.990489,32.43529],[-85.990389,32.434531],[-85.990469,32.434078],[-85.990652,32.433053],[-85.991236,32.4319],[-85.992562,32.430127],[-85.993511,32.429324],[-85.993847,32.42904],[-85.995131,32.428172],[-85.995397,32.428058],[-85.995449,32.428037],[-85.996547,32.42757],[-85.998321,32.427187],[-85.99996,32.426969],[-86.00129,32.427048],[-86.001709,32.427073],[-86.002862,32.427369],[-86.004731,32.427996],[-86.006321,32.428491],[-86.007059,32.428632],[-86.007354,32.428688],[-86.007636,32.428598],[-86.007966,32.428493],[-86.008296,32.428387],[-86.008422,32.428347],[-86.008523,32.428275],[-86.009722,32.427436],[-86.011372,32.425686],[-86.01416,32.422657],[-86.016641,32.420802],[-86.018656,32.419921],[-86.020674,32.419542],[-86.020957,32.419584],[-86.022699,32.419834],[-86.023012,32.419978],[-86.02465,32.420729],[-86.026111,32.421368],[-86.02718,32.421836],[-86.028249,32.422303],[-86.028512,32.422418],[-86.030696,32.42281],[-86.032799,32.4229],[-86.033127,32.422857],[-86.033845,32.422764],[-86.034146,32.422725],[-86.035766,32.422148],[-86.037782,32.421401],[-86.039009,32.420598],[-86.039279,32.420422],[-86.039663,32.420143],[-86.040413,32.4196],[-86.040711,32.419382],[-86.041009,32.419164],[-86.041367,32.418903],[-86.042547,32.417926],[-86.044036,32.415975],[-86.044695,32.414363],[-86.044719,32.413252],[-86.044722,32.413089],[-86.044649,32.412851],[-86.044452,32.412208],[-86.044256,32.411565],[-86.04415,32.411217],[-86.044115,32.411023],[-86.04369,32.408706],[-86.043933,32.40795],[-86.04396,32.407867],[-86.044018,32.407801],[-86.044378,32.40739],[-86.044739,32.406979],[-86.044784,32.406925],[-86.044924,32.406858],[-86.046402,32.406146],[-86.048043,32.406049],[-86.048264,32.406036],[-86.048575,32.406084],[-86.049694,32.406263],[-86.052168,32.407183],[-86.053871,32.407817],[-86.055063,32.408078],[-86.058593,32.408261],[-86.060496,32.408251],[-86.06366,32.408946],[-86.064071,32.409036],[-86.064183,32.409063],[-86.064346,32.409101],[-86.064509,32.409139],[-86.072933,32.411099],[-86.075052,32.411364],[-86.075239,32.411391],[-86.075427,32.411409],[-86.075513,32.41142],[-86.075666,32.411473],[-86.076064,32.411606],[-86.076444,32.411734],[-86.076464,32.411728],[-86.076985,32.411915],[-86.077328,32.41217],[-86.077643,32.412402],[-86.077958,32.412636],[-86.078063,32.412714],[-86.078211,32.412866],[-86.078818,32.413489],[-86.079426,32.414112],[-86.080827,32.415548],[-86.083707,32.418213],[-86.084062,32.41894],[-86.084719,32.420285],[-86.085442,32.420918],[-86.085589,32.421047],[-86.085736,32.421174],[-86.085924,32.42134],[-86.086113,32.421505],[-86.086196,32.421578],[-86.086279,32.42165],[-86.086452,32.421681],[-86.087192,32.421813],[-86.08834,32.421639],[-86.090117,32.420892],[-86.093467,32.418763],[-86.095368,32.41845],[-86.097389,32.418339],[-86.099731,32.418595],[-86.102231,32.418849],[-86.105522,32.418763],[-86.108449,32.418143],[-86.110462,32.417161],[-86.11159,32.416561],[-86.111834,32.416431],[-86.112079,32.4163],[-86.112118,32.41628],[-86.112201,32.416255],[-86.112292,32.416229],[-86.112383,32.416202],[-86.112666,32.416117],[-86.11295,32.416035],[-86.113858,32.415768],[-86.115287,32.415995],[-86.116085,32.416493],[-86.116329,32.417026],[-86.116666,32.420124],[-86.116791,32.42127],[-86.116915,32.422416],[-86.116941,32.422652],[-86.117112,32.422891],[-86.117324,32.42319],[-86.117537,32.423487],[-86.117705,32.423721],[-86.11782,32.42378],[-86.118542,32.424152],[-86.119375,32.424146],[-86.119809,32.424011],[-86.12036,32.423572],[-86.121769,32.421754],[-86.121926,32.421553],[-86.122726,32.420589],[-86.122737,32.420569],[-86.123579,32.420337],[-86.123636,32.420335],[-86.123738,32.420299],[-86.12383,32.420263],[-86.123894,32.420244],[-86.124406,32.420094],[-86.125034,32.41979],[-86.125586,32.420242],[-86.1259,32.420443],[-86.126042,32.420544],[-86.12614,32.420614],[-86.126662,32.420856],[-86.127076,32.421004],[-86.127181,32.421036],[-86.128051,32.421385],[-86.128187,32.421457],[-86.128274,32.421503],[-86.128511,32.421633],[-86.129179,32.421931],[-86.12935,32.422023],[-86.129386,32.422052],[-86.129555,32.422188],[-86.129674,32.422401],[-86.129839,32.422604],[-86.12985,32.422617],[-86.129865,32.422636],[-86.129897,32.422676],[-86.130154,32.423018],[-86.130231,32.423141],[-86.130236,32.423149],[-86.130247,32.423167],[-86.13035,32.42334],[-86.130352,32.423357],[-86.130363,32.423437],[-86.130368,32.423484],[-86.130369,32.423494],[-86.130377,32.423565],[-86.130378,32.423602],[-86.130381,32.423714],[-86.130384,32.423825],[-86.130221,32.424104],[-86.130211,32.424117],[-86.129991,32.424405],[-86.129806,32.424646],[-86.129583,32.424827],[-86.128998,32.42532],[-86.128919,32.425389],[-86.128889,32.425415],[-86.128859,32.425442],[-86.128713,32.42557],[-86.128459,32.425866],[-86.128256,32.426059],[-86.127825,32.426487],[-86.127777,32.426564],[-86.127768,32.426579],[-86.127542,32.426943],[-86.127531,32.426957],[-86.127358,32.427182],[-86.127052,32.427635],[-86.126791,32.428081],[-86.126756,32.428128],[-86.126531,32.428435],[-86.126056,32.429128],[-86.125948,32.429276],[-86.125809,32.429468],[-86.125698,32.429708],[-86.125645,32.429822],[-86.125461,32.430155],[-86.125259,32.430498],[-86.124963,32.430821],[-86.124864,32.430977],[-86.124709,32.431231],[-86.124677,32.431272],[-86.124598,32.431375],[-86.124559,32.431426],[-86.124399,32.431877],[-86.124295,32.432195],[-86.124296,32.432284],[-86.124299,32.432536],[-86.124302,32.432868],[-86.124304,32.432933],[-86.12434,32.432985],[-86.124429,32.433109],[-86.124559,32.433255],[-86.124571,32.433268],[-86.12458,32.433278],[-86.124612,32.433314],[-86.124658,32.433364],[-86.124953,32.433684],[-86.12503,32.433768],[-86.125109,32.433853],[-86.12545,32.434049],[-86.126424,32.433947],[-86.127102,32.433731],[-86.12873,32.432484],[-86.129897,32.431441],[-86.130862,32.430914],[-86.131203,32.430765],[-86.131607,32.430652],[-86.132824,32.430455],[-86.133207,32.430428],[-86.134276,32.430432],[-86.135716,32.430588],[-86.13674,32.430548],[-86.138381,32.430154],[-86.139395,32.429623],[-86.140939,32.428384],[-86.14098,32.428353],[-86.142249,32.427411],[-86.142721,32.426996],[-86.143278,32.426605],[-86.143872,32.426321],[-86.144849,32.425961],[-86.145299,32.425846],[-86.146181,32.425713],[-86.147042,32.4255],[-86.147846,32.425431],[-86.148627,32.425061],[-86.149428,32.424815],[-86.150056,32.424706],[-86.151034,32.424636],[-86.151876,32.424754],[-86.152462,32.42497],[-86.153478,32.425564],[-86.153951,32.425978],[-86.154408,32.426665],[-86.154599,32.427363],[-86.154771,32.427729],[-86.154867,32.428404],[-86.15501,32.428779],[-86.155075,32.429133],[-86.155366,32.429768],[-86.155549,32.430321],[-86.154902,32.431735],[-86.154712,32.431973],[-86.154561,32.432268],[-86.154197,32.433486],[-86.154191,32.43406],[-86.154242,32.434347],[-86.154464,32.434694],[-86.154731,32.434925],[-86.155194,32.435183],[-86.15557,32.435246],[-86.155993,32.435206],[-86.156607,32.435052],[-86.156885,32.434961],[-86.157693,32.434558],[-86.15802,32.434475],[-86.159086,32.434449],[-86.159776,32.434645],[-86.159854,32.434666],[-86.160549,32.434942],[-86.161167,32.435384],[-86.161735,32.435871],[-86.162152,32.436324],[-86.16251,32.436855],[-86.163253,32.43773],[-86.163983,32.438335],[-86.164288,32.43853],[-86.165428,32.43902],[-86.166345,32.439269],[-86.167478,32.439451],[-86.169009,32.439546],[-86.16956,32.439607],[-86.169993,32.439718],[-86.170133,32.43985],[-86.170657,32.440092],[-86.171256,32.440278],[-86.171754,32.440378],[-86.172005,32.440337],[-86.173209,32.439973],[-86.173548,32.439829],[-86.175103,32.440058],[-86.176706,32.440463],[-86.177257,32.44044],[-86.177475,32.440328],[-86.178282,32.43974],[-86.179084,32.438996],[-86.180102,32.437846],[-86.180891,32.437094],[-86.18143,32.436451],[-86.182108,32.435336],[-86.182443,32.434964],[-86.182915,32.434548],[-86.184036,32.433776],[-86.184621,32.433535],[-86.18488,32.43343],[-86.185661,32.432992],[-86.186243,32.432768],[-86.187251,32.432613],[-86.188098,32.432668],[-86.188754,32.432409],[-86.189252,32.43231],[-86.19008,32.432474],[-86.190702,32.433014],[-86.1911,32.433646],[-86.191347,32.434255],[-86.191566,32.435057],[-86.192097,32.435916],[-86.192284,32.43613],[-86.19231,32.436159],[-86.192916,32.436826],[-86.193563,32.437423],[-86.194036,32.43786],[-86.194734,32.438761],[-86.194918,32.4392],[-86.195049,32.439872],[-86.194946,32.440582],[-86.194775,32.440871],[-86.19438,32.441229],[-86.193998,32.44139],[-86.1914,32.441974],[-86.190431,32.442255],[-86.189091,32.442481],[-86.188604,32.442704],[-86.188079,32.442853],[-86.187556,32.443095],[-86.187144,32.443348],[-86.186808,32.443657],[-86.18625,32.444167],[-86.185602,32.444634],[-86.184001,32.44531],[-86.183218,32.445596],[-86.181933,32.445982],[-86.181396,32.446274],[-86.180855,32.446779],[-86.180701,32.447074],[-86.180603,32.447496],[-86.18074,32.447983],[-86.181241,32.448603],[-86.182936,32.449277],[-86.183747,32.449858],[-86.18466,32.45039],[-86.185308,32.450857],[-86.185671,32.451255],[-86.186625,32.452529],[-86.186952,32.45303],[-86.187291,32.453802],[-86.187885,32.454873],[-86.18847,32.455789],[-86.188607,32.455956],[-86.188885,32.456297],[-86.189209,32.456531],[-86.189441,32.456622],[-86.189683,32.45669],[-86.190108,32.456729],[-86.190657,32.456676],[-86.191369,32.456432],[-86.193148,32.45544],[-86.194351,32.454636],[-86.196302,32.452928],[-86.197527,32.451777],[-86.198075,32.45138],[-86.198842,32.450989],[-86.199275,32.45084],[-86.199828,32.450829],[-86.200246,32.450904],[-86.20055,32.451036],[-86.200888,32.451255],[-86.201341,32.451635],[-86.201457,32.451755],[-86.201637,32.45194],[-86.20187,32.452281],[-86.202013,32.45262],[-86.202352,32.453913],[-86.202664,32.454734],[-86.202773,32.454971],[-86.20288,32.4552],[-86.202885,32.455211],[-86.203029,32.455521],[-86.203034,32.455533],[-86.203163,32.455813],[-86.203422,32.45637],[-86.203991,32.45725],[-86.204944,32.45844],[-86.20606,32.459573],[-86.207008,32.46045],[-86.207868,32.46138],[-86.208596,32.462176],[-86.209569,32.463484],[-86.209725,32.463855],[-86.209759,32.464461],[-86.210284,32.465443],[-86.210969,32.465926],[-86.211286,32.466352],[-86.211408,32.466619],[-86.211655,32.467306],[-86.211768,32.467799],[-86.211787,32.468443],[-86.21173,32.468798],[-86.211876,32.469135],[-86.211928,32.469597],[-86.211745,32.470771],[-86.211569,32.471472],[-86.211405,32.471879],[-86.21139,32.47256],[-86.211619,32.473059],[-86.211812,32.473339],[-86.212187,32.47373],[-86.212741,32.474176],[-86.213988,32.474553],[-86.214158,32.474563],[-86.214711,32.474519],[-86.215208,32.474411],[-86.215654,32.474283],[-86.215979,32.474114],[-86.21801,32.47242],[-86.218385,32.472029],[-86.218732,32.471577],[-86.21905,32.471055],[-86.219354,32.470557],[-86.21974,32.469531],[-86.219926,32.469209],[-86.220697,32.468489],[-86.221088,32.468271],[-86.221486,32.468139],[-86.222218,32.467945],[-86.223108,32.46785],[-86.224128,32.467945],[-86.224948,32.46812],[-86.226014,32.468384],[-86.22656,32.468587],[-86.226801,32.468736],[-86.227249,32.469121],[-86.227654,32.469583],[-86.227785,32.469724],[-86.227981,32.470084],[-86.228354,32.471111],[-86.228361,32.472507],[-86.228399,32.473177],[-86.228234,32.473843],[-86.228154,32.474485],[-86.22821,32.475485],[-86.228175,32.475662],[-86.227872,32.476557],[-86.227659,32.477026],[-86.22714,32.477891],[-86.226789,32.478341],[-86.226607,32.478492],[-86.226026,32.478793],[-86.225396,32.478881],[-86.224071,32.478875],[-86.222833,32.478617],[-86.222277,32.4788],[-86.222026,32.478935],[-86.221591,32.479328],[-86.221456,32.479591],[-86.22139,32.479843],[-86.221385,32.480201],[-86.221517,32.480541],[-86.221825,32.480883],[-86.222705,32.481391],[-86.22307,32.481692],[-86.223178,32.481873],[-86.223414,32.482266],[-86.223943,32.483592],[-86.224455,32.484294],[-86.224886,32.48469],[-86.225121,32.484845],[-86.22675,32.485557],[-86.227051,32.485692],[-86.227405,32.485951],[-86.228,32.486466],[-86.228223,32.486728],[-86.228694,32.487493],[-86.229083,32.488591],[-86.229465,32.489348],[-86.230033,32.489835],[-86.230527,32.490118],[-86.231155,32.490342],[-86.231745,32.490426],[-86.2323,32.490415],[-86.232884,32.490309],[-86.233457,32.49],[-86.233783,32.489718],[-86.234045,32.489227],[-86.23413,32.488768],[-86.234062,32.488127],[-86.233887,32.487499],[-86.233987,32.48715],[-86.234485,32.486443],[-86.234825,32.486136],[-86.235219,32.486043],[-86.235613,32.48595],[-86.236253,32.4859],[-86.236713,32.485968],[-86.237058,32.486111],[-86.237692,32.486477],[-86.238084,32.486615],[-86.238709,32.487105],[-86.239045,32.487475],[-86.239321,32.488038],[-86.239456,32.488636],[-86.239462,32.48903],[-86.239371,32.489525],[-86.239097,32.49016],[-86.238817,32.490644],[-86.237968,32.491676],[-86.237259,32.492297],[-86.236687,32.492917],[-86.236553,32.493062],[-86.236433,32.493516],[-86.236294,32.493778],[-86.236442,32.494444],[-86.236687,32.494692],[-86.237068,32.49498],[-86.237845,32.495272],[-86.238401,32.495283],[-86.238866,32.495342],[-86.23966,32.495472],[-86.240047,32.495618],[-86.240609,32.495621],[-86.240644,32.495621],[-86.242038,32.495803],[-86.242679,32.495824],[-86.243743,32.495735],[-86.244795,32.495596],[-86.245218,32.495781],[-86.246517,32.495415],[-86.246865,32.495596],[-86.248033,32.496443],[-86.248986,32.497591],[-86.249201,32.498741],[-86.24953,32.499175],[-86.249969,32.499429],[-86.251624,32.499979],[-86.25243,32.499964],[-86.252972,32.49994],[-86.253014,32.499938],[-86.25339,32.499921],[-86.25444,32.499969],[-86.255345,32.499963],[-86.256046,32.499981],[-86.256583,32.500112],[-86.256896,32.50023],[-86.25691,32.500227],[-86.257415,32.500134],[-86.257416,32.500217],[-86.257416,32.500231],[-86.257723,32.500386],[-86.257746,32.500398],[-86.257779,32.500414],[-86.257814,32.500432],[-86.257875,32.500463],[-86.258161,32.500608],[-86.258558,32.500794],[-86.258575,32.500802],[-86.258733,32.500876],[-86.259195,32.501092],[-86.259502,32.501235],[-86.260684,32.501447],[-86.260817,32.501471],[-86.260864,32.501479],[-86.260881,32.501482],[-86.260949,32.501494],[-86.261047,32.501512],[-86.261286,32.501555],[-86.261496,32.501593],[-86.261684,32.501627],[-86.262006,32.50169],[-86.26211,32.501638],[-86.262574,32.501415],[-86.262894,32.501246],[-86.263238,32.500845],[-86.263165,32.500602],[-86.263213,32.500373],[-86.263263,32.500134],[-86.26332,32.499905],[-86.263076,32.499127],[-86.262817,32.498387],[-86.262908,32.497372],[-86.263473,32.496595],[-86.264556,32.495984],[-86.265625,32.495404],[-86.265934,32.494968],[-86.266169,32.494635],[-86.266159,32.493803],[-86.265914,32.493215],[-86.265533,32.492314],[-86.265167,32.491857],[-86.264606,32.491461],[-86.264565,32.491439],[-86.263671,32.490986],[-86.262771,32.4907],[-86.262755,32.490685],[-86.261734,32.490377],[-86.261123,32.490118],[-86.260543,32.489812],[-86.260169,32.489334],[-86.259994,32.488714],[-86.260131,32.488134],[-86.260669,32.487434],[-86.260864,32.487195],[-86.262023,32.486524],[-86.26332,32.486105],[-86.265295,32.485687],[-86.266433,32.485357],[-86.267501,32.484785],[-86.268569,32.48415],[-86.269669,32.483835],[-86.270683,32.483825],[-86.270843,32.483823],[-86.270897,32.48384],[-86.271251,32.48395],[-86.271604,32.48406],[-86.27185,32.484136],[-86.272027,32.484257],[-86.272903,32.484861],[-86.273635,32.485363],[-86.273998,32.485557],[-86.274284,32.485709],[-86.274569,32.485861],[-86.274765,32.485967],[-86.27537,32.486133],[-86.275488,32.48616],[-86.275607,32.486187],[-86.275787,32.486227],[-86.276718,32.486257],[-86.277664,32.486134],[-86.278069,32.486035],[-86.278108,32.486016],[-86.278159,32.485991],[-86.278196,32.485972],[-86.278231,32.485955],[-86.278373,32.485885],[-86.278624,32.485761],[-86.278638,32.485754],[-86.278869,32.485639],[-86.278947,32.485572],[-86.280105,32.484578],[-86.280746,32.48364],[-86.280769,32.4836],[-86.281925,32.481592],[-86.281935,32.481575],[-86.281982,32.481496],[-86.283721,32.47981],[-86.284593,32.479224],[-86.284888,32.479025],[-86.285184,32.478825],[-86.286148,32.478178],[-86.28807,32.476957],[-86.288696,32.475842],[-86.288669,32.475634],[-86.288314,32.47476],[-86.28828,32.474657],[-86.287887,32.473455],[-86.288589,32.472608],[-86.290252,32.472608],[-86.290904,32.472802],[-86.292099,32.473157],[-86.294343,32.474172],[-86.29557,32.474935],[-86.296433,32.475408],[-86.297276,32.476095],[-86.297542,32.476312],[-86.297808,32.476529],[-86.298127,32.476788],[-86.298789,32.477811],[-86.298877,32.477946],[-86.298965,32.478082],[-86.299546,32.478979],[-86.300751,32.481138],[-86.301804,32.483068],[-86.303238,32.486058],[-86.304017,32.487264],[-86.304486,32.48778],[-86.30539,32.488774],[-86.306687,32.489614],[-86.307153,32.489736],[-86.30847,32.490081],[-86.309373,32.490298],[-86.30977,32.490335],[-86.310792,32.490346],[-86.311411,32.490223],[-86.311936,32.490118],[-86.313248,32.488973],[-86.313904,32.48753],[-86.314087,32.486173],[-86.314014,32.485815],[-86.313859,32.485059],[-86.313521,32.484198],[-86.313248,32.483494],[-86.312348,32.482174],[-86.310669,32.480511],[-86.309678,32.47907],[-86.308732,32.477155],[-86.308677,32.476947],[-86.308091,32.474721],[-86.30777,32.472645],[-86.307557,32.46906],[-86.307602,32.468799],[-86.307648,32.468534],[-86.307687,32.46831],[-86.307689,32.4683],[-86.307695,32.468266],[-86.307697,32.468253],[-86.30777,32.467837],[-86.307949,32.467142],[-86.307959,32.467104],[-86.307984,32.467008],[-86.30848,32.465768],[-86.308786,32.465001],[-86.309011,32.464426],[-86.309071,32.464272],[-86.309131,32.464117],[-86.309231,32.463859],[-86.309463,32.463265],[-86.309493,32.463187],[-86.309548,32.463047],[-86.309552,32.463036],[-86.309565,32.463003],[-86.309569,32.462993],[-86.309574,32.462981],[-86.309622,32.462858],[-86.309914,32.462108],[-86.310502,32.459778],[-86.311614,32.457804],[-86.312744,32.455613],[-86.313566,32.453944],[-86.313613,32.45386],[-86.315779,32.449975],[-86.315791,32.449954],[-86.315803,32.449933],[-86.315815,32.449912],[-86.315827,32.449891],[-86.315839,32.44987],[-86.315851,32.449849],[-86.315863,32.449828],[-86.315971,32.449635],[-86.316879,32.44886],[-86.318175,32.448059],[-86.32267,32.446135],[-86.323104,32.445892],[-86.323835,32.445328],[-86.32457,32.444598],[-86.324973,32.443933],[-86.325165,32.443527],[-86.325259,32.442794],[-86.325262,32.442767],[-86.325265,32.442741],[-86.32527,32.442704],[-86.325303,32.442449],[-86.325274,32.442306],[-86.325269,32.442283],[-86.325264,32.44226],[-86.325184,32.441872],[-86.325181,32.441858],[-86.325164,32.441775],[-86.325088,32.441405],[-86.325028,32.441334],[-86.324923,32.441209],[-86.324667,32.440906],[-86.324411,32.440602],[-86.324271,32.440437],[-86.323905,32.440258],[-86.323886,32.440249],[-86.323861,32.440237],[-86.323674,32.440146],[-86.32077,32.438733],[-86.319122,32.438102],[-86.318048,32.437654],[-86.316833,32.436948],[-86.316274,32.436407],[-86.316242,32.436374],[-86.315811,32.43593],[-86.315758,32.435873],[-86.315077,32.435142],[-86.313783,32.433365],[-86.312851,32.432082],[-86.311813,32.430213],[-86.310653,32.42694],[-86.309844,32.424887],[-86.309412,32.424098],[-86.309332,32.423952],[-86.309267,32.423855],[-86.309253,32.423832],[-86.309245,32.423819],[-86.309252,32.423806],[-86.309066,32.423468],[-86.307128,32.420062],[-86.306944,32.419738],[-86.306924,32.419703],[-86.306722,32.419347],[-86.306655,32.419021],[-86.306686,32.418388],[-86.306969,32.417537],[-86.307106,32.417169],[-86.307581,32.416213],[-86.307833,32.415709],[-86.307914,32.415547],[-86.308068,32.415237],[-86.308109,32.415127],[-86.308156,32.415019],[-86.308178,32.414963],[-86.308195,32.414921],[-86.308359,32.41451],[-86.308405,32.414413],[-86.308944,32.413344],[-86.308959,32.413322],[-86.309829,32.412391],[-86.310511,32.411873],[-86.310714,32.41172],[-86.311669,32.411237],[-86.311889,32.411171],[-86.313003,32.411094],[-86.313797,32.411194],[-86.315048,32.411651],[-86.315765,32.412146],[-86.316069,32.412537],[-86.31614,32.412777],[-86.316386,32.413606],[-86.316631,32.414434],[-86.317142,32.416162],[-86.317255,32.416527],[-86.317673,32.417874],[-86.317691,32.417932],[-86.317749,32.418019],[-86.317968,32.418344],[-86.31802,32.418422],[-86.318226,32.418737],[-86.318235,32.41875],[-86.318476,32.418947],[-86.318629,32.419072],[-86.318866,32.419241],[-86.319779,32.419822],[-86.32117,32.420337],[-86.323197,32.42121],[-86.325318,32.422202],[-86.326386,32.42253],[-86.328019,32.423116],[-86.330506,32.4243],[-86.332764,32.425688],[-86.335312,32.427892],[-86.337979,32.429772],[-86.33807,32.429836],[-86.338298,32.429936],[-86.340264,32.430796],[-86.34447,32.432636],[-86.346451,32.433013],[-86.348484,32.433214],[-86.348819,32.433247],[-86.34929,32.433295],[-86.350343,32.433356],[-86.351271,32.433236],[-86.352419,32.433081],[-86.353532,32.432882],[-86.354555,32.432402],[-86.355577,32.431883],[-86.356386,32.431128],[-86.356771,32.430636],[-86.356852,32.430636],[-86.357143,32.430635],[-86.357167,32.430635],[-86.357272,32.430635],[-86.357692,32.430636],[-86.358432,32.430638],[-86.360639,32.430644],[-86.360663,32.430644],[-86.368979,32.430636],[-86.369253,32.430638],[-86.369282,32.430638],[-86.369866,32.430639],[-86.371682,32.430577],[-86.372769,32.430535],[-86.373028,32.429957],[-86.37305,32.429896],[-86.373071,32.429837],[-86.373981,32.430022],[-86.374913,32.429946],[-86.382971,32.427536],[-86.386382,32.426893],[-86.390051,32.426712],[-86.395215,32.427137],[-86.396606,32.427244],[-86.396624,32.427245],[-86.397572,32.4272],[-86.398398,32.426941],[-86.398723,32.426737],[-86.399041,32.426461],[-86.3995,32.42572],[-86.39973,32.425121],[-86.399746,32.425078],[-86.39975,32.424999],[-86.399753,32.424942],[-86.399756,32.424883],[-86.399767,32.424659],[-86.399719,32.423951],[-86.399531,32.423537],[-86.398108,32.421219],[-86.397258,32.420021],[-86.396695,32.419106],[-86.396345,32.418338],[-86.396134,32.417634],[-86.396031,32.41689],[-86.396027,32.416864],[-86.39594,32.416178],[-86.395929,32.416165],[-86.395909,32.416015],[-86.396052,32.415239],[-86.396293,32.414437],[-86.396861,32.413674],[-86.397855,32.412821],[-86.399662,32.411938],[-86.400578,32.411623],[-86.401676,32.411515],[-86.401775,32.411505],[-86.401867,32.411493],[-86.402852,32.411392],[-86.405286,32.411316],[-86.407465,32.411186],[-86.407822,32.411102],[-86.408285,32.410999],[-86.408331,32.410989],[-86.408603,32.410929],[-86.408942,32.410811],[-86.408969,32.410802],[-86.409176,32.41073],[-86.40975,32.410615],[-86.410382,32.410297],[-86.411172,32.409937],[-86.416147,32.407203],[-86.416235,32.407156],[-86.416469,32.407031],[-86.416909,32.406796],[-86.417671,32.406388],[-86.418574,32.405906],[-86.425072,32.402437],[-86.426211,32.402237],[-86.428193,32.401843],[-86.428598,32.401761],[-86.429002,32.401681],[-86.43001,32.40148],[-86.431776,32.401325],[-86.432111,32.401296],[-86.432446,32.401266],[-86.432816,32.401234],[-86.433185,32.401201],[-86.433306,32.40119],[-86.433427,32.401181],[-86.433826,32.401145],[-86.43613,32.40094],[-86.438526,32.40036],[-86.439257,32.400253],[-86.4394,32.400232],[-86.439543,32.400211],[-86.439796,32.400174],[-86.440876,32.400016],[-86.443573,32.399836],[-86.444721,32.399841],[-86.444785,32.399859],[-86.445407,32.400039],[-86.44603,32.400219],[-86.446526,32.400364],[-86.447022,32.400508],[-86.447696,32.400703],[-86.448073,32.400937],[-86.449604,32.402206],[-86.451282,32.403694],[-86.453037,32.404808],[-86.455616,32.405807],[-86.456273,32.405837],[-86.457035,32.405966],[-86.458759,32.405731],[-86.459398,32.405496],[-86.459552,32.405441],[-86.46056,32.404701],[-86.460653,32.404566],[-86.460673,32.404536],[-86.461243,32.403533],[-86.461277,32.403473],[-86.461246,32.403211],[-86.461224,32.40303],[-86.461202,32.402849],[-86.461048,32.401573],[-86.4603,32.399749],[-86.459339,32.397514],[-86.45914,32.395781],[-86.460514,32.392913],[-86.462055,32.390304],[-86.462373,32.389037],[-86.462385,32.388996],[-86.462574,32.388365],[-86.462472,32.387687],[-86.462376,32.38704],[-86.462279,32.386394],[-86.461994,32.384483],[-86.461772,32.381155],[-86.46175,32.38082],[-86.462161,32.379342],[-86.462165,32.379329],[-86.462497,32.378135],[-86.463498,32.377339],[-86.463564,32.377288],[-86.464082,32.376877],[-86.464599,32.376466],[-86.466273,32.375137],[-86.466648,32.37487],[-86.466907,32.374671],[-86.467182,32.374473],[-86.467487,32.374283],[-86.467777,32.374091],[-86.468067,32.373893],[-86.468357,32.37368],[-86.468616,32.373466],[-86.468891,32.373237],[-86.46915,32.373008],[-86.46941,32.372771],[-86.469654,32.372543],[-86.469913,32.372314],[-86.470173,32.372078],[-86.470432,32.371841],[-86.470683,32.3716],[-86.47092,32.37136],[-86.471149,32.371108],[-86.471363,32.370849],[-86.471592,32.37059],[-86.471805,32.370331],[-86.472019,32.370064],[-86.472233,32.369805],[-86.472446,32.369538],[-86.472645,32.369279],[-86.472858,32.369011],[-86.473056,32.368744],[-86.473255,32.36847],[-86.473438,32.368188],[-86.473606,32.367905],[-86.473758,32.367615],[-86.473926,32.367326],[-86.474094,32.367043],[-86.474262,32.366753],[-86.47443,32.366456],[-86.474582,32.366166],[-86.474765,32.365876],[-86.474949,32.3656],[-86.475162,32.365349],[-86.475422,32.365128],[-86.475712,32.364922],[-86.476017,32.364731],[-86.476352,32.364564],[-86.476703,32.364418],[-86.47707,32.364303],[-86.477421,32.36422],[-86.477771,32.364182],[-86.478153,32.364213],[-86.478432,32.364265],[-86.478519,32.364281],[-86.478901,32.364373],[-86.47906,32.364421],[-86.479267,32.364486],[-86.479431,32.364547],[-86.479603,32.364609],[-86.479924,32.364776],[-86.480229,32.364967],[-86.480534,32.365159],[-86.480855,32.365333],[-86.48116,32.365516],[-86.481465,32.365693],[-86.481786,32.365868],[-86.482106,32.366036],[-86.482426,32.366204],[-86.482747,32.366372],[-86.483083,32.366532],[-86.483418,32.366669],[-86.483769,32.366776],[-86.48412,32.366844],[-86.484502,32.366898],[-86.484883,32.366929],[-86.485265,32.366943],[-86.485674,32.366937],[-86.485997,32.366936],[-86.486363,32.366898],[-86.486729,32.36683],[-86.487096,32.366737],[-86.487462,32.366631],[-86.487813,32.366517],[-86.488148,32.366387],[-86.488484,32.36625],[-86.48882,32.366104],[-86.489156,32.365945],[-86.489476,32.365792],[-86.489796,32.365631],[-86.490132,32.365471],[-86.490468,32.365319],[-86.490803,32.365159],[-86.491109,32.364991],[-86.491414,32.364793],[-86.491673,32.36457],[-86.491902,32.364327],[-86.492116,32.364052],[-86.492299,32.36377],[-86.492451,32.36348],[-86.492574,32.363138],[-86.49265,32.362862],[-86.492696,32.362549],[-86.492741,32.362229],[-86.492757,32.361908],[-86.492772,32.361587],[-86.492761,32.361364],[-86.492757,32.361268],[-86.492726,32.360947],[-86.49268,32.360635],[-86.492635,32.360321],[-86.492558,32.360008],[-86.492482,32.359696],[-86.49239,32.359383],[-86.492299,32.359077],[-86.492192,32.358773],[-86.49207,32.358468],[-86.491959,32.358196],[-86.491948,32.35817],[-86.491811,32.357872],[-86.491673,32.357574],[-86.491551,32.35727],[-86.491429,32.356972],[-86.491322,32.356667],[-86.491215,32.356361],[-86.491109,32.356057],[-86.491002,32.355752],[-86.49091,32.355438],[-86.490803,32.355134],[-86.490712,32.354821],[-86.490636,32.354515],[-86.490529,32.354203],[-86.490437,32.353898],[-86.49033,32.353592],[-86.490193,32.353295],[-86.490071,32.35299],[-86.489949,32.352691],[-86.489937,32.352643],[-86.489873,32.352379],[-86.489812,32.352066],[-86.489766,32.351746],[-86.489735,32.351425],[-86.48972,32.351104],[-86.489735,32.350793],[-86.489766,32.350472],[-86.489827,32.350158],[-86.489903,32.349846],[-86.489979,32.349534],[-86.490041,32.349221],[-86.490117,32.348908],[-86.490193,32.348595],[-86.490274,32.348238],[-86.490376,32.347977],[-86.490468,32.347665],[-86.49059,32.347358],[-86.490712,32.347054],[-86.490865,32.346772],[-86.491063,32.346497],[-86.491292,32.346245],[-86.491551,32.346009],[-86.491826,32.345788],[-86.492116,32.345588],[-86.492421,32.345399],[-86.492741,32.345231],[-86.493077,32.345086],[-86.493413,32.344963],[-86.493779,32.344872],[-86.494145,32.344796],[-86.494511,32.344727],[-86.494878,32.344673],[-86.495259,32.34462],[-86.495625,32.344582],[-86.495991,32.344535],[-86.496373,32.344506],[-86.496774,32.344437],[-86.496795,32.344152],[-86.496849,32.343846],[-86.496902,32.34348],[-86.496905,32.343463],[-86.496909,32.343438],[-86.496905,32.343277],[-86.497151,32.342705],[-86.497801,32.341499],[-86.498504,32.339813],[-86.498531,32.339747],[-86.49851,32.339442],[-86.498299,32.339224],[-86.498118,32.3392],[-86.49792,32.339174],[-86.497548,32.339221],[-86.497598,32.33965],[-86.497548,32.339805],[-86.497521,32.339891],[-86.497413,32.340045],[-86.496696,32.340705],[-86.496141,32.341037],[-86.495718,32.341206],[-86.495127,32.341262],[-86.494844,32.341191],[-86.494664,32.341095],[-86.494545,32.34095],[-86.49445,32.340311],[-86.494727,32.340003],[-86.494879,32.339481],[-86.494894,32.338873],[-86.494771,32.338457],[-86.494418,32.337967],[-86.494112,32.337669],[-86.493732,32.337381],[-86.49345,32.337218],[-86.493208,32.33715],[-86.492617,32.337179],[-86.492385,32.337268],[-86.492116,32.337497],[-86.491939,32.337742],[-86.491753,32.338143],[-86.491924,32.338377],[-86.492004,32.338617],[-86.491948,32.339509],[-86.491944,32.339528],[-86.491795,32.340068],[-86.491225,32.340823],[-86.490635,32.341284],[-86.490472,32.34149],[-86.490206,32.341569],[-86.488934,32.342352],[-86.488468,32.342528],[-86.488219,32.342577],[-86.487668,32.34255],[-86.486759,32.342363],[-86.486219,32.342152],[-86.48586,32.341901],[-86.485778,32.341777],[-86.485768,32.341385],[-86.486021,32.341153],[-86.486389,32.341074],[-86.487668,32.341047],[-86.488081,32.340958],[-86.488327,32.340819],[-86.488531,32.340636],[-86.488895,32.340069],[-86.489047,32.339661],[-86.489103,32.339126],[-86.489062,32.339025],[-86.488641,32.338728],[-86.48801,32.338658],[-86.487767,32.338592],[-86.487148,32.338749],[-86.486085,32.339118],[-86.484941,32.339388],[-86.484596,32.33953],[-86.484159,32.339806],[-86.483158,32.340201],[-86.482665,32.34031],[-86.48236,32.340201],[-86.481873,32.339951],[-86.480955,32.339666],[-86.480405,32.339613],[-86.480194,32.33973],[-86.47999,32.339782],[-86.479398,32.33982],[-86.478904,32.339927],[-86.47863,32.339838],[-86.478341,32.339545],[-86.478333,32.339536],[-86.478273,32.339399],[-86.478213,32.339261],[-86.478207,32.339246],[-86.478098,32.339002],[-86.478062,32.338755],[-86.478165,32.338226],[-86.478453,32.337702],[-86.479507,32.337238],[-86.480581,32.337027],[-86.480804,32.33699],[-86.481172,32.337072],[-86.482868,32.336927],[-86.483462,32.336731],[-86.483754,32.336585],[-86.484223,32.336221],[-86.484413,32.335984],[-86.484637,32.33552],[-86.484703,32.335132],[-86.484677,32.334775],[-86.48458,32.334465],[-86.484522,32.334365],[-86.48402,32.333501],[-86.483921,32.33312],[-86.48401,32.332918],[-86.484298,32.332656],[-86.484922,32.33243],[-86.485366,32.332046],[-86.485892,32.331044],[-86.485929,32.330973],[-86.486257,32.330348],[-86.486297,32.330036],[-86.486366,32.329498],[-86.486215,32.329357],[-86.485671,32.329285],[-86.4851,32.329425],[-86.484596,32.32969],[-86.484002,32.330202],[-86.482641,32.331663],[-86.482229,32.33197],[-86.481582,32.332309],[-86.481333,32.332302],[-86.480592,32.331952],[-86.480148,32.331674],[-86.479521,32.331196],[-86.47921,32.33109],[-86.478713,32.331165],[-86.477754,32.331918],[-86.47722,32.332208],[-86.476553,32.332299],[-86.475881,32.332274],[-86.475008,32.332003],[-86.474654,32.331747],[-86.474479,32.331547],[-86.474404,32.331307],[-86.474394,32.330877],[-86.474521,32.330692],[-86.474838,32.330464],[-86.47509,32.330494],[-86.475915,32.330328],[-86.476338,32.33016],[-86.477304,32.329639],[-86.477701,32.329369],[-86.478205,32.328933],[-86.478483,32.328575],[-86.478539,32.328297],[-86.478309,32.328046],[-86.478037,32.327955],[-86.477701,32.327979],[-86.477274,32.328207],[-86.477104,32.32821],[-86.476912,32.328136],[-86.476635,32.327914],[-86.475889,32.327092],[-86.474473,32.325885],[-86.474416,32.325837],[-86.47392,32.325415],[-86.473563,32.324962],[-86.473401,32.324447],[-86.473415,32.324126],[-86.473586,32.323838],[-86.473813,32.32358],[-86.474313,32.323141],[-86.474612,32.322941],[-86.475063,32.32274],[-86.475312,32.322696],[-86.475808,32.322791],[-86.47721,32.323391],[-86.477767,32.32365],[-86.47913,32.324441],[-86.479535,32.324551],[-86.480001,32.324574],[-86.480796,32.324461],[-86.481332,32.324249],[-86.481652,32.324046],[-86.481874,32.323737],[-86.481871,32.323594],[-86.481746,32.323452],[-86.48158,32.323341],[-86.480346,32.323075],[-86.47971,32.322787],[-86.479157,32.322345],[-86.478779,32.321869],[-86.478525,32.321457],[-86.47819,32.320686],[-86.478155,32.320224],[-86.478278,32.319809],[-86.478732,32.318891],[-86.478888,32.318413],[-86.478988,32.317853],[-86.479047,32.31628],[-86.479105,32.315965],[-86.4792,32.315767],[-86.479434,32.315516],[-86.480175,32.315105],[-86.480551,32.31508],[-86.480926,32.315123],[-86.481617,32.315295],[-86.482228,32.31554],[-86.483151,32.31611],[-86.483619,32.316467],[-86.484535,32.317312],[-86.484901,32.317704],[-86.486009,32.319104],[-86.486277,32.319333],[-86.486522,32.319473],[-86.486958,32.319605],[-86.487123,32.319598],[-86.487356,32.319513],[-86.487795,32.319184],[-86.488093,32.3188],[-86.488277,32.318404],[-86.488347,32.317732],[-86.488222,32.317065],[-86.488039,32.31667],[-86.487695,32.316262],[-86.487156,32.315838],[-86.486641,32.315589],[-86.486275,32.315503],[-86.485487,32.315385],[-86.48465,32.31532],[-86.483999,32.315156],[-86.483626,32.31499],[-86.483064,32.314557],[-86.482912,32.314345],[-86.482741,32.313905],[-86.482662,32.31313],[-86.482722,32.312888],[-86.482887,32.312728],[-86.482982,32.312658],[-86.483417,32.312516],[-86.483968,32.312469],[-86.485028,32.312513],[-86.485343,32.312415],[-86.485628,32.312153],[-86.485636,32.311943],[-86.484949,32.311183],[-86.48497,32.310619],[-86.485188,32.309823],[-86.485543,32.308613],[-86.485561,32.308329],[-86.485484,32.308128],[-86.485019,32.307451],[-86.484809,32.306955],[-86.484714,32.306609],[-86.484688,32.306289],[-86.484783,32.305984],[-86.485049,32.305813],[-86.486139,32.305723],[-86.487667,32.305337],[-86.488006,32.305341],[-86.488968,32.305472],[-86.489389,32.305473],[-86.48966,32.305252],[-86.489774,32.304931],[-86.489893,32.304361],[-86.489937,32.304149],[-86.490596,32.303368],[-86.490938,32.302456],[-86.491055,32.301622],[-86.490978,32.301202],[-86.490894,32.30104],[-86.490636,32.300863],[-86.490218,32.300814],[-86.489515,32.300935],[-86.489151,32.301065],[-86.488815,32.301184],[-86.488247,32.301326],[-86.487699,32.301358],[-86.486647,32.301256],[-86.486295,32.301136],[-86.485869,32.300907],[-86.484865,32.30022],[-86.484515,32.299908],[-86.484283,32.29961],[-86.483969,32.299066],[-86.483961,32.298926],[-86.484028,32.298841],[-86.484349,32.298772],[-86.485922,32.299038],[-86.487351,32.299366],[-86.487645,32.299348],[-86.48788,32.299266],[-86.488116,32.299118],[-86.488236,32.298907],[-86.488226,32.298623],[-86.488059,32.29842],[-86.487781,32.2982],[-86.487267,32.297767],[-86.487095,32.297565],[-86.486949,32.29731],[-86.486943,32.297133],[-86.48712,32.29694],[-86.487466,32.296809],[-86.488079,32.296669],[-86.488308,32.296576],[-86.488495,32.296433],[-86.488814,32.296061],[-86.4891,32.295432],[-86.48953,32.294863],[-86.489673,32.293771],[-86.48965,32.293353],[-86.489365,32.292616],[-86.489165,32.292388],[-86.48881,32.291915],[-86.488565,32.291722],[-86.488229,32.291702],[-86.487934,32.291739],[-86.48696,32.291973],[-86.48637,32.291978],[-86.486164,32.291939],[-86.485753,32.291756],[-86.485498,32.291573],[-86.485269,32.291317],[-86.485033,32.290945],[-86.484872,32.29054],[-86.484829,32.290048],[-86.484883,32.289702],[-86.485008,32.289364],[-86.485173,32.289158],[-86.485374,32.289033],[-86.485863,32.28895],[-86.486863,32.288972],[-86.488043,32.288891],[-86.488723,32.2887],[-86.488978,32.288573],[-86.489376,32.288258],[-86.489448,32.288092],[-86.489462,32.287844],[-86.489396,32.287458],[-86.489326,32.287329],[-86.489154,32.287231],[-86.488436,32.287224],[-86.488112,32.287145],[-86.48786,32.286956],[-86.487716,32.286624],[-86.48747,32.28615],[-86.487407,32.285696],[-86.487275,32.285556],[-86.487001,32.285338],[-86.486673,32.285176],[-86.486222,32.285095],[-86.485801,32.285097],[-86.485599,32.285043],[-86.485092,32.284785],[-86.484701,32.284492],[-86.484678,32.284473],[-86.484599,32.284395],[-86.484536,32.284333],[-86.484353,32.284151],[-86.484248,32.283884],[-86.484244,32.283741],[-86.484305,32.283609],[-86.484598,32.283316],[-86.485067,32.282964],[-86.485107,32.282615],[-86.485207,32.282384],[-86.485128,32.281716],[-86.485065,32.281626],[-86.484872,32.28157],[-86.484332,32.281638],[-86.48375,32.281762],[-86.483419,32.281757],[-86.483095,32.281532],[-86.482412,32.281182],[-86.480755,32.280813],[-86.480497,32.280583],[-86.480448,32.280344],[-86.480494,32.280209],[-86.480812,32.279927],[-86.481519,32.279618],[-86.482149,32.279206],[-86.483723,32.277254],[-86.484123,32.276995],[-86.48484,32.276394],[-86.484936,32.276235],[-86.484922,32.275995],[-86.484466,32.275582],[-86.484176,32.275543],[-86.483969,32.275571],[-86.483815,32.275627],[-86.48363,32.275771],[-86.483105,32.276269],[-86.482599,32.276528],[-86.482153,32.276632],[-86.481901,32.276513],[-86.481716,32.276275],[-86.481234,32.27583],[-86.480869,32.275651],[-86.480293,32.275543],[-86.478861,32.27554],[-86.478375,32.275436],[-86.478215,32.275325],[-86.478176,32.274797],[-86.478225,32.274372],[-86.47847,32.273662],[-86.478767,32.273074],[-86.478996,32.272697],[-86.479114,32.272596],[-86.479454,32.272461],[-86.479822,32.272171],[-86.479982,32.272126],[-86.480207,32.271968],[-86.48046,32.271945],[-86.480579,32.271842],[-86.480635,32.271672],[-86.48063,32.271458],[-86.48052,32.27131],[-86.480432,32.271251],[-86.480141,32.27121],[-86.479874,32.271107],[-86.479327,32.271064],[-86.478949,32.271085],[-86.478646,32.271272],[-86.478206,32.271796],[-86.477545,32.272581],[-86.477288,32.272818],[-86.477166,32.272837],[-86.476976,32.2727],[-86.476557,32.272166],[-86.475841,32.271557],[-86.475602,32.271459],[-86.475116,32.271346],[-86.474739,32.271347],[-86.474642,32.271414],[-86.474389,32.27178],[-86.47422,32.272402],[-86.473897,32.273097],[-86.473388,32.273656],[-86.473271,32.273756],[-86.473151,32.273788],[-86.472654,32.273716],[-86.472377,32.273631],[-86.472083,32.273435],[-86.47196,32.273096],[-86.471981,32.272813],[-86.472594,32.272191],[-86.472915,32.271349],[-86.472908,32.271065],[-86.472728,32.270592],[-86.472542,32.270314],[-86.472055,32.269852],[-86.471987,32.269788],[-86.471758,32.269706],[-86.471233,32.269727],[-86.47086,32.269789],[-86.470717,32.269865],[-86.470596,32.27001],[-86.470484,32.270423],[-86.470251,32.271893],[-86.470098,32.272447],[-86.469945,32.272565],[-86.469358,32.272584],[-86.469145,32.27247],[-86.468883,32.272109],[-86.468544,32.27131],[-86.46834,32.271134],[-86.467972,32.27107],[-86.467413,32.271154],[-86.467225,32.271182],[-86.466812,32.271355],[-86.466703,32.271673],[-86.466866,32.272696],[-86.466846,32.272762],[-86.466707,32.272841],[-86.46646,32.272823],[-86.465747,32.272227],[-86.465192,32.271974],[-86.465028,32.272011],[-86.4649,32.272103],[-86.463919,32.27312],[-86.463239,32.27328],[-86.462955,32.273244],[-86.462635,32.272969],[-86.462478,32.27292],[-86.460746,32.272692],[-86.460493,32.2727],[-86.46021,32.272771],[-86.459826,32.273097],[-86.459563,32.273211],[-86.459294,32.273435],[-86.459199,32.273593],[-86.459128,32.273944],[-86.458974,32.274056],[-86.458512,32.274092],[-86.458377,32.274056],[-86.458249,32.273964],[-86.458036,32.273663],[-86.457778,32.273487],[-86.457063,32.273528],[-86.456462,32.273384],[-86.455671,32.273476],[-86.455369,32.273353],[-86.455166,32.273203],[-86.455158,32.273182],[-86.455036,32.273031],[-86.455027,32.272996],[-86.45497,32.272914],[-86.454955,32.272858],[-86.454931,32.272832],[-86.454848,32.272702],[-86.454788,32.272564],[-86.454726,32.272393],[-86.454701,32.272303],[-86.454669,32.272219],[-86.454629,32.272171],[-86.454523,32.272083],[-86.45445,32.272077],[-86.454353,32.272098],[-86.454295,32.272132],[-86.45423,32.272148],[-86.454098,32.272163],[-86.453984,32.272157],[-86.453907,32.272139],[-86.453761,32.272036],[-86.453737,32.272016],[-86.453737,32.271996],[-86.453712,32.271968],[-86.453696,32.271926],[-86.453672,32.271893],[-86.453639,32.271769],[-86.453614,32.271745],[-86.453574,32.271693],[-86.453375,32.271529],[-86.453176,32.271419],[-86.453055,32.27133],[-86.45303,32.27133],[-86.452982,32.271303],[-86.45288,32.271234],[-86.452746,32.271152],[-86.452414,32.270918],[-86.452356,32.270912],[-86.452113,32.270705],[-86.451796,32.270466],[-86.451561,32.270263],[-86.45148,32.270164],[-86.451439,32.270089],[-86.451399,32.270041],[-86.451382,32.269834],[-86.451422,32.269717],[-86.451518,32.269587],[-86.451527,32.269559],[-86.451566,32.269497],[-86.451582,32.26936],[-86.451469,32.269263],[-86.450327,32.269239],[-86.449921,32.269219],[-86.449683,32.269195],[-86.449582,32.269171],[-86.449557,32.269171],[-86.449516,32.269143],[-86.449387,32.269129],[-86.449346,32.269109],[-86.449209,32.269064],[-86.44912,32.269041],[-86.449078,32.269014],[-86.449014,32.268994],[-86.448981,32.268973],[-86.448949,32.268967],[-86.448916,32.268946],[-86.448885,32.268939],[-86.448795,32.268891],[-86.448527,32.268684],[-86.448527,32.268664],[-86.448486,32.268616],[-86.448396,32.268397],[-86.448372,32.268245],[-86.448375,32.268138],[-86.448403,32.268073],[-86.44842,32.268003],[-86.448436,32.267986],[-86.448459,32.26795],[-86.448597,32.267789],[-86.448847,32.267563],[-86.449053,32.267398],[-86.449179,32.267336],[-86.44926,32.26728],[-86.449469,32.2671],[-86.449505,32.266939],[-86.449489,32.266781],[-86.449476,32.266751],[-86.449468,32.266709],[-86.449444,32.266685],[-86.449436,32.266661],[-86.449339,32.266551],[-86.449057,32.266317],[-86.448933,32.26626],[-86.448851,32.266216],[-86.448802,32.266202],[-86.448713,32.26614],[-86.448673,32.266133],[-86.448583,32.266084],[-86.448446,32.265976],[-86.448429,32.26594],[-86.448397,32.265831],[-86.448412,32.265473],[-86.448375,32.265271],[-86.448354,32.265081],[-86.448353,32.264985],[-86.448369,32.264868],[-86.448401,32.264772],[-86.448502,32.264688],[-86.448587,32.264626],[-86.448627,32.26462],[-86.448846,32.264434],[-86.448865,32.264392],[-86.448893,32.264165],[-86.448885,32.264104],[-86.448893,32.264083],[-86.448861,32.264049],[-86.448811,32.263807],[-86.448746,32.263595],[-86.448705,32.263545],[-86.448632,32.263485],[-86.448583,32.263457],[-86.448503,32.263437],[-86.448179,32.263424],[-86.447542,32.263512],[-86.446636,32.263651],[-86.446296,32.263706],[-86.446191,32.26372],[-86.445867,32.263742],[-86.445567,32.263722],[-86.445498,32.263695],[-86.445417,32.263671],[-86.44532,32.263609],[-86.445262,32.263561],[-86.445239,32.263485],[-86.445238,32.263437],[-86.445247,32.263388],[-86.44527,32.263354],[-86.445691,32.262983],[-86.445843,32.262833],[-86.445932,32.262721],[-86.445944,32.262656],[-86.445956,32.262631],[-86.445973,32.262507],[-86.445972,32.262452],[-86.445956,32.262431],[-86.445826,32.262321],[-86.445761,32.262279],[-86.445672,32.262205],[-86.445607,32.26213],[-86.445461,32.262006],[-86.445355,32.261985],[-86.445299,32.261992],[-86.445258,32.26202],[-86.445226,32.262048],[-86.445202,32.262151],[-86.445211,32.262295],[-86.445227,32.262439],[-86.445195,32.262475],[-86.445114,32.262537],[-86.445065,32.262551],[-86.444976,32.262537],[-86.444887,32.262489],[-86.444862,32.262482],[-86.444757,32.262489],[-86.444709,32.262517],[-86.44466,32.262552],[-86.444595,32.262565],[-86.444555,32.262558],[-86.444482,32.26251],[-86.444465,32.262476],[-86.444441,32.262407],[-86.444331,32.261922],[-86.444277,32.261767],[-86.444269,32.261726],[-86.444245,32.261702],[-86.444237,32.261678],[-86.44418,32.261609],[-86.444171,32.26159],[-86.444099,32.261499],[-86.44387,32.261315],[-86.443741,32.261274],[-86.443701,32.261266],[-86.443668,32.261254],[-86.443401,32.261234],[-86.443295,32.261234],[-86.442939,32.261288],[-86.442843,32.26131],[-86.442721,32.261386],[-86.442292,32.261718],[-86.442155,32.261758],[-86.442066,32.26178],[-86.441961,32.261814],[-86.441759,32.261863],[-86.441738,32.261877],[-86.441653,32.261918],[-86.441605,32.261953],[-86.441516,32.261972],[-86.441491,32.261994],[-86.441403,32.262022],[-86.441273,32.262036],[-86.441233,32.262022],[-86.441054,32.261912],[-86.440916,32.261899],[-86.440665,32.261899],[-86.440486,32.261885],[-86.440463,32.261865],[-86.440373,32.261845],[-86.440341,32.261823],[-86.4403,32.261811],[-86.44026,32.261789],[-86.439887,32.261494],[-86.439854,32.261488],[-86.43922,32.260953],[-86.439196,32.260919],[-86.439106,32.260699],[-86.43909,32.260624],[-86.439097,32.260404],[-86.439056,32.260238],[-86.439024,32.260204],[-86.438886,32.260088],[-86.438797,32.260087],[-86.43874,32.260094],[-86.438635,32.260153],[-86.438255,32.260419],[-86.438198,32.260433],[-86.438118,32.260488],[-86.438053,32.260509],[-86.438,32.260512],[-86.437875,32.260502],[-86.437855,32.260488],[-86.437802,32.260465],[-86.437663,32.260371],[-86.43759,32.260309],[-86.437493,32.260211],[-86.437485,32.260185],[-86.437379,32.26007],[-86.437176,32.25986],[-86.436916,32.259605],[-86.436469,32.259183],[-86.43603,32.258792],[-86.435779,32.258581],[-86.435495,32.258387],[-86.43538,32.258319],[-86.435178,32.25821],[-86.435089,32.258183],[-86.434992,32.258135],[-86.434724,32.258052],[-86.43453,32.258032],[-86.434457,32.258006],[-86.434028,32.258013],[-86.433858,32.258048],[-86.433752,32.25811],[-86.433655,32.258179],[-86.433591,32.258241],[-86.43357,32.258282],[-86.433523,32.258616],[-86.433455,32.258784],[-86.433439,32.258969],[-86.433472,32.259093],[-86.433505,32.259135],[-86.433513,32.259163],[-86.433545,32.259194],[-86.43357,32.259225],[-86.433724,32.259379],[-86.433854,32.25954],[-86.433895,32.259582],[-86.433919,32.259636],[-86.433904,32.259808],[-86.433871,32.259842],[-86.433766,32.259926],[-86.433717,32.25994],[-86.433509,32.259911],[-86.433369,32.259861],[-86.433304,32.259845],[-86.43328,32.259824],[-86.433223,32.25981],[-86.433166,32.259774],[-86.43311,32.259769],[-86.433069,32.259742],[-86.432972,32.259721],[-86.432907,32.2597],[-86.432793,32.259645],[-86.432619,32.259529],[-86.432403,32.259392],[-86.432258,32.259379],[-86.432104,32.259386],[-86.43208,32.259407],[-86.432056,32.259407],[-86.432023,32.259427],[-86.431966,32.259448],[-86.431837,32.259469],[-86.431789,32.259497],[-86.431691,32.259511],[-86.431651,32.259511],[-86.431562,32.25949],[-86.431448,32.259414],[-86.43133,32.259307],[-86.431306,32.259271],[-86.431204,32.259168],[-86.431009,32.259002],[-86.430701,32.258823],[-86.430571,32.258735],[-86.430465,32.258646],[-86.430433,32.258612],[-86.4304,32.258474],[-86.4304,32.258398],[-86.430416,32.258378],[-86.430508,32.258302],[-86.430715,32.258201],[-86.430756,32.258178],[-86.430812,32.258164],[-86.430933,32.258102],[-86.43099,32.25808],[-86.431075,32.258026],[-86.431127,32.258001],[-86.431265,32.257902],[-86.431451,32.25774],[-86.431491,32.257688],[-86.431515,32.257633],[-86.431535,32.257492],[-86.431518,32.25725],[-86.431416,32.256985],[-86.431334,32.25667],[-86.431309,32.256546],[-86.431285,32.256512],[-86.431106,32.256368],[-86.430912,32.2563],[-86.430823,32.256286],[-86.430734,32.256265],[-86.430531,32.256273],[-86.430222,32.256329],[-86.43015,32.256369],[-86.430033,32.256453],[-86.429916,32.256556],[-86.429379,32.256998],[-86.429124,32.257136],[-86.429076,32.257171],[-86.42889,32.257226],[-86.428752,32.25726],[-86.428684,32.257271],[-86.428622,32.257288],[-86.428433,32.257319],[-86.428395,32.25733],[-86.428104,32.257344],[-86.427999,32.257344],[-86.427755,32.257317],[-86.427715,32.257297],[-86.427456,32.257222],[-86.427399,32.257195],[-86.427367,32.257187],[-86.427309,32.25716],[-86.427262,32.257153],[-86.427205,32.257122],[-86.42705,32.257022],[-86.42684,32.256906],[-86.426668,32.25679],[-86.426604,32.256776],[-86.426494,32.256687],[-86.425922,32.256344],[-86.425747,32.256227],[-86.425614,32.256131],[-86.425508,32.256037],[-86.425467,32.255994],[-86.425451,32.255884],[-86.42545,32.255836],[-86.425474,32.255732],[-86.42549,32.255715],[-86.42558,32.255643],[-86.425835,32.255611],[-86.426033,32.255553],[-86.426122,32.255532],[-86.426235,32.255482],[-86.426291,32.25547],[-86.426349,32.255435],[-86.426389,32.255428],[-86.426567,32.255339],[-86.426647,32.255283],[-86.426841,32.255114],[-86.42693,32.25498],[-86.426955,32.254953],[-86.42697,32.254918],[-86.427011,32.254877],[-86.427034,32.254815],[-86.427058,32.254545],[-86.426984,32.254306],[-86.426936,32.254244],[-86.426765,32.2541],[-86.426713,32.254089],[-86.426497,32.254101],[-86.426401,32.25412],[-86.426312,32.254168],[-86.426101,32.254303],[-86.42608,32.254306],[-86.426021,32.254342],[-86.425939,32.254356],[-86.425907,32.254376],[-86.425827,32.254396],[-86.425672,32.254482],[-86.425651,32.254486],[-86.425591,32.254517],[-86.42557,32.25452],[-86.425527,32.254543],[-86.425463,32.254562],[-86.425438,32.254576],[-86.42535,32.254604],[-86.425139,32.254626],[-86.425098,32.254626],[-86.424955,32.254604],[-86.424864,32.254585],[-86.424734,32.254509],[-86.424709,32.254489],[-86.424684,32.254434],[-86.424595,32.254309],[-86.424513,32.254213],[-86.424407,32.254022],[-86.424335,32.253933],[-86.424156,32.25378],[-86.424115,32.253768],[-86.423994,32.25374],[-86.42369,32.253759],[-86.423617,32.253773],[-86.423556,32.25379],[-86.423491,32.253824],[-86.423394,32.253892],[-86.423354,32.2539],[-86.423306,32.253935],[-86.42312,32.25399],[-86.422979,32.254013],[-86.422941,32.254025],[-86.42282,32.254018],[-86.42274,32.254004],[-86.422707,32.253984],[-86.42265,32.25397],[-86.422569,32.253929],[-86.422537,32.253908],[-86.422472,32.253895],[-86.422236,32.253717],[-86.422188,32.253675],[-86.422188,32.253653],[-86.422089,32.253482],[-86.422065,32.253455],[-86.422057,32.253421],[-86.422017,32.253366],[-86.422,32.253318],[-86.421976,32.253298],[-86.421959,32.253242],[-86.421935,32.253222],[-86.421918,32.253166],[-86.421894,32.25314],[-86.421886,32.253112],[-86.421861,32.253064],[-86.42182,32.253016],[-86.42182,32.252988],[-86.421794,32.252952],[-86.421772,32.252899],[-86.421747,32.252878],[-86.421731,32.252823],[-86.421706,32.252775],[-86.421682,32.252747],[-86.421658,32.252693],[-86.421625,32.252651],[-86.421535,32.252418],[-86.42147,32.252218],[-86.421466,32.252043],[-86.421469,32.252018],[-86.421485,32.251978],[-86.421627,32.251866],[-86.421671,32.251846],[-86.421704,32.251826],[-86.421784,32.251804],[-86.421857,32.251764],[-86.422181,32.251672],[-86.42237,32.251641],[-86.422424,32.251624],[-86.422537,32.251604],[-86.422573,32.251601],[-86.42261,32.251587],[-86.422893,32.251556],[-86.42299,32.2515],[-86.423176,32.25134],[-86.423289,32.251238],[-86.423313,32.251188],[-86.423369,32.25112],[-86.423386,32.25108],[-86.423426,32.25103],[-86.423482,32.250892],[-86.423497,32.250577],[-86.423438,32.250149],[-86.423429,32.249985],[-86.423416,32.249726],[-86.423424,32.249691],[-86.423464,32.249643],[-86.42344,32.249622],[-86.423413,32.249251],[-86.42342,32.249065],[-86.423369,32.248694],[-86.423345,32.24859],[-86.423214,32.248434],[-86.422991,32.248249],[-86.422808,32.248126],[-86.422776,32.248126],[-86.422711,32.248092],[-86.422501,32.248086],[-86.42242,32.2481],[-86.422283,32.248134],[-86.422234,32.24817],[-86.422186,32.248177],[-86.42213,32.248212],[-86.422049,32.248232],[-86.422009,32.24826],[-86.421883,32.248278],[-86.421831,32.248268],[-86.421766,32.248233],[-86.421709,32.24822],[-86.421628,32.248179],[-86.421218,32.247864],[-86.421088,32.247776],[-86.420857,32.247633],[-86.420816,32.247625],[-86.420751,32.247585],[-86.420727,32.247585],[-86.420638,32.247537],[-86.420557,32.247481],[-86.420484,32.247469],[-86.420459,32.247449],[-86.420435,32.247449],[-86.420322,32.247401],[-86.419957,32.247286],[-86.419909,32.247286],[-86.419884,32.24727],[-86.419769,32.24725],[-86.419633,32.247211],[-86.419613,32.247197],[-86.419495,32.247143],[-86.419414,32.247095],[-86.419333,32.247041],[-86.419292,32.247],[-86.419252,32.246944],[-86.419161,32.24665],[-86.419106,32.246358],[-86.418963,32.245341],[-86.418932,32.244918],[-86.418907,32.244787],[-86.418874,32.244753],[-86.41872,32.244622],[-86.418655,32.24461],[-86.418615,32.24461],[-86.418574,32.244616],[-86.418534,32.244596],[-86.418445,32.244662],[-86.418341,32.244762],[-86.418325,32.244824],[-86.418225,32.245089],[-86.418222,32.245113],[-86.41819,32.24521],[-86.418102,32.245444],[-86.41807,32.245478],[-86.417991,32.245692],[-86.417879,32.245967],[-86.417847,32.246001],[-86.417799,32.246147],[-86.417767,32.246181],[-86.417744,32.246236],[-86.417711,32.246277],[-86.417607,32.246367],[-86.417502,32.246429],[-86.417429,32.246443],[-86.41728,32.246488],[-86.417139,32.246507],[-86.417042,32.246535],[-86.416994,32.246569],[-86.416953,32.246583],[-86.416921,32.246603],[-86.416877,32.246625],[-86.416792,32.246679],[-86.416659,32.246743],[-86.416639,32.246755],[-86.416461,32.246778],[-86.416332,32.246737],[-86.416267,32.246702],[-86.416023,32.246498],[-86.415917,32.246416],[-86.41578,32.246389],[-86.415626,32.246369],[-86.415573,32.246342],[-86.415545,32.246321],[-86.41548,32.246287],[-86.415228,32.246074],[-86.415123,32.246],[-86.415066,32.245986],[-86.415009,32.245952],[-86.41488,32.245925],[-86.414686,32.245919],[-86.414613,32.245939],[-86.414541,32.246015],[-86.414517,32.246077],[-86.414501,32.246147],[-86.414519,32.24636],[-86.414597,32.246555],[-86.414684,32.246937],[-86.414668,32.247026],[-86.414652,32.247059],[-86.414508,32.247192],[-86.414451,32.247225],[-86.414411,32.247233],[-86.414047,32.247228],[-86.413772,32.247242],[-86.413732,32.247264],[-86.413635,32.247292],[-86.413563,32.247332],[-86.413538,32.247332],[-86.413474,32.247382],[-86.413434,32.247396],[-86.413289,32.247512],[-86.413184,32.247555],[-86.413152,32.247576],[-86.413039,32.24761],[-86.412914,32.2477],[-86.412524,32.248032],[-86.412291,32.248205],[-86.412234,32.248238],[-86.412194,32.248246],[-86.41217,32.248267],[-86.412,32.248316],[-86.411944,32.248323],[-86.411879,32.248303],[-86.411773,32.248241],[-86.411729,32.248221],[-86.41166,32.248173],[-86.411652,32.248139],[-86.411627,32.248117],[-86.411594,32.247988],[-86.411594,32.247926],[-86.411605,32.24786],[-86.411689,32.24765],[-86.411704,32.247506],[-86.411739,32.247282],[-86.411823,32.247072],[-86.411855,32.247024],[-86.411879,32.246996],[-86.411911,32.246913],[-86.411951,32.246851],[-86.411975,32.246823],[-86.412046,32.246617],[-86.41207,32.246575],[-86.412086,32.246465],[-86.412133,32.246239],[-86.412157,32.246211],[-86.412165,32.246177],[-86.412237,32.246101],[-86.412326,32.246025],[-86.41239,32.245984],[-86.412438,32.245977],[-86.412503,32.245956],[-86.412535,32.245935],[-86.412592,32.245928],[-86.412616,32.245907],[-86.412648,32.2459],[-86.412773,32.24581],[-86.412858,32.245768],[-86.412938,32.24572],[-86.413107,32.245651],[-86.413172,32.245616],[-86.413365,32.245447],[-86.413389,32.245409],[-86.413413,32.245381],[-86.413428,32.245257],[-86.413419,32.245113],[-86.413361,32.244844],[-86.413337,32.244818],[-86.413304,32.244735],[-86.413279,32.244708],[-86.413247,32.244646],[-86.413149,32.244523],[-86.412954,32.244359],[-86.412767,32.244236],[-86.412731,32.244231],[-86.412678,32.244214],[-86.412597,32.244194],[-86.412569,32.244192],[-86.412468,32.244168],[-86.412387,32.244168],[-86.412201,32.244197],[-86.412056,32.244307],[-86.411912,32.244459],[-86.411896,32.2445],[-86.411856,32.244556],[-86.411783,32.244639],[-86.411735,32.244701],[-86.411639,32.244797],[-86.411595,32.244887],[-86.411543,32.245018],[-86.411496,32.245182],[-86.411456,32.24523],[-86.411383,32.245292],[-86.411329,32.245295],[-86.411294,32.24528],[-86.411168,32.245191],[-86.410944,32.245053],[-86.410923,32.24505],[-86.410824,32.245013],[-86.410589,32.244974],[-86.410557,32.244953],[-86.410289,32.244906],[-86.410208,32.244858],[-86.410192,32.244838],[-86.410175,32.244783],[-86.410134,32.244611],[-86.410093,32.244563],[-86.409947,32.244439],[-86.409911,32.244436],[-86.409809,32.244413],[-86.409615,32.244421],[-86.409498,32.244404],[-86.409462,32.244394],[-86.409437,32.24438],[-86.409291,32.24434],[-86.409267,32.244318],[-86.409235,32.244318],[-86.409186,32.244292],[-86.409032,32.244251],[-86.408984,32.244251],[-86.408822,32.24428],[-86.408771,32.244309],[-86.408816,32.240851],[-86.408838,32.239509],[-86.408745,32.239433],[-86.40873,32.23928],[-86.40873,32.239119],[-86.408865,32.238729],[-86.408893,32.237217],[-86.408839,32.236255],[-86.408805,32.234645],[-86.408757,32.232357],[-86.408757,32.232343],[-86.408663,32.227897],[-86.408609,32.225321],[-86.408587,32.224282],[-86.408587,32.224266],[-86.408579,32.22388],[-86.408576,32.223726],[-86.408576,32.223708],[-86.408575,32.22366],[-86.408575,32.223645],[-86.408575,32.223635],[-86.408567,32.223289],[-86.408567,32.223225],[-86.408567,32.222859],[-86.408569,32.221522],[-86.408566,32.220384],[-86.408458,32.216078],[-86.408391,32.213326],[-86.408352,32.211762],[-86.408314,32.21003],[-86.408313,32.20998],[-86.408309,32.209744],[-86.408291,32.20942],[-86.408288,32.20935],[-86.408274,32.209011],[-86.408272,32.208976],[-86.407984,32.205076],[-86.408031,32.20489],[-86.408035,32.204876],[-86.408122,32.204473],[-86.408124,32.204462],[-86.408181,32.204093],[-86.408204,32.203833],[-86.408223,32.203628],[-86.408226,32.203532],[-86.408235,32.203172],[-86.408235,32.203146],[-86.408225,32.201714],[-86.408221,32.201067],[-86.40822,32.200918],[-86.408212,32.200544],[-86.408204,32.200186],[-86.4082,32.199894],[-86.408199,32.199852],[-86.408199,32.19983],[-86.408198,32.199736],[-86.408196,32.199554],[-86.408196,32.199508],[-86.408189,32.198915],[-86.408175,32.197664],[-86.408149,32.19588],[-86.408113,32.195025],[-86.408083,32.194558],[-86.40808,32.194539],[-86.408052,32.194363],[-86.4082,32.190702],[-86.408204,32.187996],[-86.408202,32.187435],[-86.408062,32.17959],[-86.40806,32.179505],[-86.40806,32.179491],[-86.408058,32.179378],[-86.408026,32.177571],[-86.407997,32.175556],[-86.408076,32.17478],[-86.408075,32.174476],[-86.408075,32.174438],[-86.408075,32.174426],[-86.408071,32.172479],[-86.408008,32.166142],[-86.408008,32.166127],[-86.407905,32.155769],[-86.407902,32.155453],[-86.407902,32.155437],[-86.407901,32.155406],[-86.4079,32.155304],[-86.4079,32.155263],[-86.407885,32.153793],[-86.407861,32.151753],[-86.407844,32.149158],[-86.407835,32.148657],[-86.407817,32.147601],[-86.40771,32.146752],[-86.40771,32.146524],[-86.407656,32.146394],[-86.407622,32.14468],[-86.407622,32.144665],[-86.407594,32.142117],[-86.407574,32.141252],[-86.407563,32.13996],[-86.407563,32.139934],[-86.407563,32.139914],[-86.407562,32.13983],[-86.407561,32.139773],[-86.407544,32.137922],[-86.407493,32.134667],[-86.407493,32.134645],[-86.407492,32.134628],[-86.407492,32.134607],[-86.407482,32.133955],[-86.407386,32.131777],[-86.407377,32.131718],[-86.407412,32.130514],[-86.407269,32.124614],[-86.407129,32.122413],[-86.407132,32.122397],[-86.407134,32.121965],[-86.407121,32.117915],[-86.407121,32.117831],[-86.407113,32.116857],[-86.407105,32.1141],[-86.407098,32.111849],[-86.407085,32.107671],[-86.407027,32.10667],[-86.406935,32.105055],[-86.406464,32.099141],[-86.406485,32.099026],[-86.406527,32.098799],[-86.40655,32.09863],[-86.406556,32.098588],[-86.406576,32.098439],[-86.406598,32.09828],[-86.406606,32.098199],[-86.406651,32.097749],[-86.406681,32.097285],[-86.406685,32.097228],[-86.406687,32.097149],[-86.406691,32.097024],[-86.406692,32.097006],[-86.406692,32.096992],[-86.406692,32.096981],[-86.406699,32.096717],[-86.406696,32.096501],[-86.406696,32.096487],[-86.406686,32.095605],[-86.406687,32.09433],[-86.406687,32.09432],[-86.406687,32.094228],[-86.406686,32.094138],[-86.406686,32.094118],[-86.406685,32.094083],[-86.406678,32.093398],[-86.406676,32.093226],[-86.406675,32.093089],[-86.406676,32.092813],[-86.406676,32.092688],[-86.406676,32.092657],[-86.406677,32.092179],[-86.406669,32.090304],[-86.406648,32.088261],[-86.406648,32.08825],[-86.406648,32.088233],[-86.406648,32.088213],[-86.406648,32.088194],[-86.406643,32.087722],[-86.406627,32.084771],[-86.406612,32.081899],[-86.406614,32.081531],[-86.406616,32.081176],[-86.406617,32.080931],[-86.406633,32.080534],[-86.406598,32.07894],[-86.406568,32.078031],[-86.406554,32.077626],[-86.406553,32.07754],[-86.406553,32.077498],[-86.406553,32.077441],[-86.406518,32.073301],[-86.406523,32.073236],[-86.406538,32.073028],[-86.406566,32.072622],[-86.406749,32.070076],[-86.406786,32.06956],[-86.406765,32.069419],[-86.406748,32.069314],[-86.406733,32.069225],[-86.406717,32.069125],[-86.406711,32.069088],[-86.406568,32.068224],[-86.406553,32.068134],[-86.406527,32.067924],[-86.406504,32.067736],[-86.406502,32.067718],[-86.406499,32.06768],[-86.406498,32.067662],[-86.406496,32.067633],[-86.406486,32.067483],[-86.406483,32.067299],[-86.406489,32.067172],[-86.406494,32.067061],[-86.406498,32.067026],[-86.406515,32.066833],[-86.406537,32.066603],[-86.406605,32.066232],[-86.406669,32.065981],[-86.406733,32.065731],[-86.406787,32.065603],[-86.406567,32.059499],[-86.406295,32.051995],[-86.406295,32.051984],[-86.40628,32.051563],[-86.406276,32.050731],[-86.406162,32.043805],[-86.397656,32.043951],[-86.397138,32.04396],[-86.396505,32.043971],[-86.396452,32.041558],[-86.396371,32.037675],[-86.396368,32.037546],[-86.396363,32.037306],[-86.396357,32.036985],[-86.397484,32.036968],[-86.398309,32.036956],[-86.398802,32.036949],[-86.399029,32.036946],[-86.402362,32.036886],[-86.406047,32.036819],[-86.406022,32.035294],[-86.405935,32.032727],[-86.40578,32.024065],[-86.405729,32.020516],[-86.405691,32.018273],[-86.405623,32.014325],[-86.405633,32.013789],[-86.405641,32.013351],[-86.405646,32.013081],[-86.405549,32.001862],[-86.405534,32.000148],[-86.405412,31.989961],[-86.405359,31.986858],[-86.405351,31.98636],[-86.405348,31.986181],[-86.405345,31.986001],[-86.405317,31.984263],[-86.40513,31.971506],[-86.405129,31.971445],[-86.405123,31.971135],[-86.405116,31.970723],[-86.405115,31.970681],[-86.405114,31.970624],[-86.405114,31.9706],[-86.405092,31.969372],[-86.405005,31.963775],[-86.406443,31.963948],[-86.411035,31.964501],[-86.413607,31.964801],[-86.414229,31.964844],[-86.415043,31.96483],[-86.415396,31.964824],[-86.416621,31.964853],[-86.427094,31.964807],[-86.430829,31.964781],[-86.433129,31.964766],[-86.447348,31.964636],[-86.448198,31.964629],[-86.449814,31.964617],[-86.450534,31.964588],[-86.450549,31.964587],[-86.450848,31.964576],[-86.450867,31.964576],[-86.450878,31.964576],[-86.450912,31.964575],[-86.455746,31.964533],[-86.461799,31.964479],[-86.465861,31.964453],[-86.467082,31.964445],[-86.467107,31.964445],[-86.475397,31.964396],[-86.477576,31.964383],[-86.480714,31.964364],[-86.48282,31.964352],[-86.48656,31.964326],[-86.492214,31.964296],[-86.499963,31.96361],[-86.50099,31.963613],[-86.504382,31.963619],[-86.5044,31.963619],[-86.508074,31.963626],[-86.508105,31.963626],[-86.515624,31.963632],[-86.526863,31.963654],[-86.530304,31.963661],[-86.530793,31.963662],[-86.533135,31.963667],[-86.538458,31.963678],[-86.538477,31.963678],[-86.539171,31.963683],[-86.53919,31.963683],[-86.540742,31.963684],[-86.546061,31.963696],[-86.546499,31.9637],[-86.546513,31.9637],[-86.55099,31.963741],[-86.551003,31.963741],[-86.55567,31.963757],[-86.558106,31.963764],[-86.568624,31.963794],[-86.568644,31.963794],[-86.569226,31.963795],[-86.569462,31.963796],[-86.578634,31.963822],[-86.583727,31.963836],[-86.583753,31.963836],[-86.584759,31.963839],[-86.58478,31.963839],[-86.584958,31.96384],[-86.585632,31.963842],[-86.592906,31.963864],[-86.6136,31.963921],[-86.613611,31.963921],[-86.619132,31.963775],[-86.619806,31.963757],[-86.619898,31.963754],[-86.61991,31.963754],[-86.620098,31.963749],[-86.621406,31.963714],[-86.622702,31.96368],[-86.624977,31.96362],[-86.626216,31.963658],[-86.629894,31.96361],[-86.632002,31.963607],[-86.633727,31.963605],[-86.633931,31.963639],[-86.636487,31.963589],[-86.64507,31.963525],[-86.65757,31.963358],[-86.66117,31.963311],[-86.662271,31.963297],[-86.664585,31.963263],[-86.674131,31.963127],[-86.678513,31.963065],[-86.708274,31.962641],[-86.708333,31.96264],[-86.708559,31.962637],[-86.709086,31.962629],[-86.72245,31.962482],[-86.728184,31.962419],[-86.749508,31.962185],[-86.749979,31.96218],[-86.749979,31.96202],[-86.751411,31.962012],[-86.773992,31.961897],[-86.797373,31.961671],[-86.801219,31.961601],[-86.803233,31.961605],[-86.805723,31.961611],[-86.806854,31.961658],[-86.807277,31.961609],[-86.813167,31.961931],[-86.813528,31.961942],[-86.817172,31.962054],[-86.819344,31.962183],[-86.820199,31.962234],[-86.820734,31.962266],[-86.822769,31.9624],[-86.824682,31.962437],[-86.826497,31.962405],[-86.834509,31.962269],[-86.836365,31.96229],[-86.843136,31.962198],[-86.850624,31.962178],[-86.851173,31.962177],[-86.851751,31.962177],[-86.857225,31.962174],[-86.857583,31.962167],[-86.858077,31.962159],[-86.859896,31.96213],[-86.861908,31.962134],[-86.863361,31.962116],[-86.864358,31.962105],[-86.865149,31.96212],[-86.870076,31.961974],[-86.874981,31.961635],[-86.886679,31.961647],[-86.905883,31.961672],[-86.906321,31.961672],[-86.908939,31.961673],[-86.908937,31.959706],[-86.908784,31.951326],[-86.908441,31.931718],[-86.908448,31.931548],[-86.908399,31.930875],[-86.908429,31.930708],[-86.90851,31.930502],[-86.908539,31.930283],[-86.908512,31.930108],[-86.90846,31.929935],[-86.908468,31.929457],[-86.908597,31.921842],[-86.908624,31.918014],[-86.908625,31.917735],[-86.908681,31.917026],[-86.908333,31.911995],[-86.90818,31.910122],[-86.908082,31.901746],[-86.908033,31.897491],[-86.907966,31.894497],[-86.907869,31.890065],[-86.907844,31.888918],[-86.907731,31.883864],[-86.907538,31.87515],[-86.907632,31.87333],[-86.907517,31.87006],[-86.907503,31.869628],[-86.907352,31.865742],[-86.907162,31.860774],[-86.907101,31.859745],[-86.907164,31.85748],[-86.907196,31.855774],[-86.907264,31.852375],[-86.907301,31.848145],[-86.907306,31.84768],[-86.907352,31.846961],[-86.907352,31.844798],[-86.907251,31.841528],[-86.907134,31.837955],[-86.906957,31.832441],[-86.906938,31.83185],[-86.9069,31.830677],[-86.906899,31.830628],[-86.907137,31.830629],[-86.917172,31.830712],[-86.917618,31.830747],[-86.923766,31.83076],[-86.925698,31.830656],[-86.92616,31.830663],[-86.934159,31.830561],[-86.937022,31.830531],[-86.938125,31.83052],[-86.939485,31.830486],[-86.94169,31.830455],[-86.943352,31.830432],[-86.948224,31.830365],[-86.948607,31.83036],[-86.957828,31.830243],[-86.959248,31.830205],[-86.961241,31.830189],[-86.963469,31.830172],[-86.971128,31.830102],[-86.97485,31.830069],[-86.976519,31.83006],[-86.989497,31.829996],[-86.999923,31.829942],[-87.008023,31.829889],[-87.014205,31.829812],[-87.020235,31.829747],[-87.022407,31.829727],[-87.025723,31.829697],[-87.029299,31.829684],[-87.033665,31.829669],[-87.037577,31.829656],[-87.03968,31.829626],[-87.050052,31.82948],[-87.057805,31.82943],[-87.058038,31.829429],[-87.059352,31.829421],[-87.063523,31.829398],[-87.067707,31.829375],[-87.07212,31.829259],[-87.076806,31.82921],[-87.078913,31.829196],[-87.079889,31.82919],[-87.083642,31.829173],[-87.087452,31.82914],[-87.091187,31.829131],[-87.092107,31.82912],[-87.093217,31.829107],[-87.094054,31.829099],[-87.094753,31.829091],[-87.098887,31.829048],[-87.098988,31.829032],[-87.099847,31.828991],[-87.100718,31.82898],[-87.101609,31.828999],[-87.103171,31.829046],[-87.103825,31.829094],[-87.104258,31.829102],[-87.104696,31.829079],[-87.105134,31.829045],[-87.107093,31.828963],[-87.107534,31.828958],[-87.108057,31.828972],[-87.108195,31.828976],[-87.108636,31.828966],[-87.10929,31.828924],[-87.109725,31.828886],[-87.110158,31.828875],[-87.110893,31.828919],[-87.111769,31.828949],[-87.112646,31.82899],[-87.113589,31.82897],[-87.113674,31.828964],[-87.113735,31.828959],[-87.11388,31.828929],[-87.114024,31.828876],[-87.114144,31.828812],[-87.116242,31.828785],[-87.116341,31.828784],[-87.116378,31.828801],[-87.116567,31.828842],[-87.116593,31.828848],[-87.116703,31.828859],[-87.116951,31.828883],[-87.117099,31.828886],[-87.118458,31.828916],[-87.119296,31.828903],[-87.123655,31.828625],[-87.135378,31.828336],[-87.140138,31.82838],[-87.157732,31.828408],[-87.162832,31.828416],[-87.165869,31.82842],[-87.174576,31.82848],[-87.177543,31.828481],[-87.179153,31.828481],[-87.191807,31.828503],[-87.193408,31.828502],[-87.203334,31.8285],[-87.207653,31.828499],[-87.214084,31.828498],[-87.218403,31.829386],[-87.221451,31.830013],[-87.228283,31.831418],[-87.232732,31.831563],[-87.232786,31.831564],[-87.232903,31.83152],[-87.23556,31.831565],[-87.239599,31.831668],[-87.244551,31.831795],[-87.249987,31.831367],[-87.252235,31.831363],[-87.254329,31.83136],[-87.269819,31.831337],[-87.27336,31.831332],[-87.282104,31.831319],[-87.283568,31.831317],[-87.289402,31.831278],[-87.292208,31.83126],[-87.298297,31.83122],[-87.298835,31.831217],[-87.300464,31.831207],[-87.300662,31.831197],[-87.300706,31.831197],[-87.30519,31.831165],[-87.312516,31.831115],[-87.31381,31.831131],[-87.316715,31.831107],[-87.318331,31.831094],[-87.318636,31.831092],[-87.321055,31.831053],[-87.321164,31.831053],[-87.321839,31.831047],[-87.329277,31.830901],[-87.330559,31.830882],[-87.344213,31.830846],[-87.344417,31.830846],[-87.344646,31.830839],[-87.345167,31.830822],[-87.34651,31.830816],[-87.347113,31.830814],[-87.348854,31.830837],[-87.349071,31.830867],[-87.349288,31.83091],[-87.349514,31.830913],[-87.34994,31.830815],[-87.350154,31.830792],[-87.350589,31.830805],[-87.351671,31.830804],[-87.351883,31.830761],[-87.351982,31.830651],[-87.354828,31.830617],[-87.366488,31.830518],[-87.367729,31.830507],[-87.374993,31.830527],[-87.381245,31.830312],[-87.38234,31.830274],[-87.383775,31.830225],[-87.390456,31.829997],[-87.396692,31.829912],[-87.405658,31.829791],[-87.413389,31.829647],[-87.425655,31.829534],[-87.430288,31.829464],[-87.434376,31.829417],[-87.44267,31.829377],[-87.443075,31.829328],[-87.460051,31.829279],[-87.466773,31.82926],[-87.46954,31.8293],[-87.483504,31.829577],[-87.484116,31.829564],[-87.485482,31.829536],[-87.499994,31.829246],[-87.50093,31.829251],[-87.501174,31.829243],[-87.50262,31.829199],[-87.503984,31.829158],[-87.51867,31.828717],[-87.523839,31.828562],[-87.526544,31.828481],[-87.534581,31.828239],[-87.536097,31.828193],[-87.540101,31.828092],[-87.541761,31.828041],[-87.54226,31.828026],[-87.543049,31.828001],[-87.543258,31.827994],[-87.551529,31.827737],[-87.551518,31.827677],[-87.551196,31.827173],[-87.551196,31.827081],[-87.551142,31.827013],[-87.551115,31.826829],[-87.551008,31.826761],[-87.550954,31.826256],[-87.550847,31.826119],[-87.550847,31.826027],[-87.549935,31.825271],[-87.549639,31.824813],[-87.549613,31.824102],[-87.549801,31.823186],[-87.54972,31.822888],[-87.54964,31.822819],[-87.54964,31.822727],[-87.549532,31.82259],[-87.548861,31.822338],[-87.548405,31.822108],[-87.547922,31.821696],[-87.547278,31.821329],[-87.546419,31.820939],[-87.545292,31.820641],[-87.544219,31.820206],[-87.542797,31.819449],[-87.541938,31.819587],[-87.541589,31.81938],[-87.540918,31.819105],[-87.540435,31.819059],[-87.540113,31.819197],[-87.539898,31.819197],[-87.539549,31.818991],[-87.539442,31.818716],[-87.53912,31.818532],[-87.538315,31.817845],[-87.538101,31.817478],[-87.537966,31.816997],[-87.537886,31.816928],[-87.537886,31.816836],[-87.537832,31.81679],[-87.537779,31.816424],[-87.537564,31.815851],[-87.537108,31.815094],[-87.537108,31.81498],[-87.537001,31.814796],[-87.537001,31.814086],[-87.536867,31.813857],[-87.536867,31.813238],[-87.536975,31.813032],[-87.537109,31.812184],[-87.53719,31.812069],[-87.537753,31.811657],[-87.537995,31.811313],[-87.537995,31.811038],[-87.53778,31.810695],[-87.537753,31.810397],[-87.538076,31.810122],[-87.538076,31.809893],[-87.537967,31.809801],[-87.537806,31.809549],[-87.53778,31.808036],[-87.537887,31.807853],[-87.538263,31.807716],[-87.538424,31.807555],[-87.538424,31.806891],[-87.537888,31.806386],[-87.537888,31.806157],[-87.538156,31.805447],[-87.538076,31.804874],[-87.537888,31.804599],[-87.537298,31.804438],[-87.536976,31.804301],[-87.536627,31.803842],[-87.536574,31.80343],[-87.536493,31.803086],[-87.536198,31.802215],[-87.536011,31.802055],[-87.534723,31.80194],[-87.534374,31.801642],[-87.53432,31.801413],[-87.534481,31.800932],[-87.534019,31.800556],[-87.534387,31.800141],[-87.534781,31.799726],[-87.535203,31.799332],[-87.535657,31.798963],[-87.536138,31.798621],[-87.537613,31.797627],[-87.537814,31.797477],[-87.538004,31.797316],[-87.53818,31.797143],[-87.538235,31.797079],[-87.538339,31.796958],[-87.538483,31.796765],[-87.53853,31.796688],[-87.538608,31.796563],[-87.538718,31.796355],[-87.538808,31.796142],[-87.538835,31.796062],[-87.538881,31.795926],[-87.538959,31.79556],[-87.538982,31.795339],[-87.53898,31.794746],[-87.538919,31.793605],[-87.538887,31.793218],[-87.538773,31.792448],[-87.538038,31.788754],[-87.537984,31.788378],[-87.537969,31.78811],[-87.537977,31.787689],[-87.538008,31.787396],[-87.538112,31.786881],[-87.538345,31.785907],[-87.538447,31.785417],[-87.538803,31.783834],[-87.53886,31.783458],[-87.538905,31.783165],[-87.538946,31.782554],[-87.538952,31.780693],[-87.538984,31.780203],[-87.539049,31.779792],[-87.539094,31.779589],[-87.539124,31.779451],[-87.539269,31.778995],[-87.539509,31.778435],[-87.539765,31.777771],[-87.539879,31.777401],[-87.539914,31.777246],[-87.539968,31.776778],[-87.539974,31.776542],[-87.539952,31.77631],[-87.539746,31.775163],[-87.539631,31.77458],[-87.539347,31.773142],[-87.539226,31.772467],[-87.539127,31.771477],[-87.539112,31.771329],[-87.53896,31.769048],[-87.538924,31.76861],[-87.538859,31.76833],[-87.538811,31.76819],[-87.538726,31.768013],[-87.538601,31.767821],[-87.538462,31.76765],[-87.538238,31.767419],[-87.538083,31.767306],[-87.537918,31.767208],[-87.537014,31.766735],[-87.536901,31.766662],[-87.536767,31.766576],[-87.536673,31.766509],[-87.536517,31.766372],[-87.536415,31.76627],[-87.536276,31.76611],[-87.536155,31.765923],[-87.536107,31.765833],[-87.536051,31.76573],[-87.53598,31.765554],[-87.535911,31.765324],[-87.535842,31.765005],[-87.535813,31.764814],[-87.535787,31.764407],[-87.535824,31.763915],[-87.536103,31.762812],[-87.536387,31.761775],[-87.536495,31.761333],[-87.536542,31.761039],[-87.536562,31.760618],[-87.536542,31.76034],[-87.5365,31.759967],[-87.536395,31.759587],[-87.536326,31.759399],[-87.536166,31.759049],[-87.536011,31.758786],[-87.535876,31.758588],[-87.534824,31.757202],[-87.534228,31.756415],[-87.534016,31.756083],[-87.533945,31.755944],[-87.533852,31.755731],[-87.533779,31.755512],[-87.533739,31.755364],[-87.533697,31.755139],[-87.533669,31.754761],[-87.533683,31.753003],[-87.533635,31.752315],[-87.533568,31.752092],[-87.533504,31.751947],[-87.533385,31.75174],[-87.533241,31.751545],[-87.533071,31.751369],[-87.532879,31.751212],[-87.531719,31.75045],[-87.531209,31.750073],[-87.530614,31.749568],[-87.530428,31.749373],[-87.531351,31.749068],[-87.531677,31.748987],[-87.53239,31.748786],[-87.53338,31.748531],[-87.533886,31.748462],[-87.534394,31.748443],[-87.534897,31.748439],[-87.535406,31.748474],[-87.537464,31.748667],[-87.538051,31.74874],[-87.537902,31.74917],[-87.537882,31.749271],[-87.537874,31.749412],[-87.537878,31.749794],[-87.537931,31.750821],[-87.537941,31.751162],[-87.538025,31.75144],[-87.538122,31.75163],[-87.53828,31.751421],[-87.538566,31.751014],[-87.538981,31.750388],[-87.539487,31.749684],[-87.539894,31.74924],[-87.539983,31.74909],[-87.54245,31.74895],[-87.544735,31.748905],[-87.544879,31.748888],[-87.545021,31.748859],[-87.546,31.748565],[-87.547122,31.748244],[-87.547548,31.748146],[-87.548493,31.748053],[-87.54924,31.748005],[-87.549974,31.747971],[-87.550331,31.74793],[-87.550607,31.747826],[-87.550904,31.747676],[-87.551151,31.747551],[-87.551641,31.74726],[-87.552522,31.746761],[-87.552969,31.746517],[-87.553354,31.746323],[-87.553962,31.74594],[-87.554453,31.745613],[-87.555322,31.744967],[-87.555448,31.744896],[-87.555586,31.744855],[-87.556236,31.744752],[-87.556457,31.744729],[-87.556679,31.744733],[-87.556821,31.744743],[-87.557238,31.744815],[-87.557521,31.744882],[-87.557663,31.744895],[-87.557806,31.744891],[-87.557947,31.744868],[-87.558089,31.744825],[-87.55822,31.744753],[-87.558323,31.744648],[-87.558384,31.744513],[-87.558548,31.743966],[-87.558689,31.743608],[-87.558848,31.743249],[-87.558886,31.743107],[-87.558891,31.743012],[-87.558857,31.742876],[-87.558781,31.742758],[-87.558487,31.742437],[-87.558389,31.742338],[-87.558054,31.741956],[-87.557777,31.741529],[-87.55756,31.741247],[-87.557441,31.741167],[-87.557307,31.741118],[-87.557168,31.741089],[-87.556748,31.740981],[-87.556618,31.740914],[-87.556501,31.74082],[-87.556418,31.7407],[-87.556388,31.740604],[-87.556367,31.740458],[-87.556371,31.740317],[-87.55639,31.740219],[-87.556424,31.740123],[-87.55649,31.739993],[-87.556997,31.739312],[-87.557183,31.739096],[-87.557798,31.73875],[-87.558155,31.738509],[-87.559396,31.737627],[-87.559581,31.737509],[-87.559776,31.737411],[-87.559912,31.737359],[-87.560053,31.737324],[-87.560342,31.737315],[-87.560486,31.737336],[-87.561824,31.737685],[-87.562514,31.737887],[-87.563297,31.738082],[-87.563441,31.738098],[-87.563588,31.738098],[-87.563803,31.738073],[-87.563944,31.738042],[-87.564219,31.737954],[-87.564554,31.737811],[-87.564749,31.737707],[-87.564932,31.737582],[-87.56533,31.737272],[-87.565508,31.73715],[-87.565637,31.737082],[-87.565768,31.737026],[-87.566398,31.736847],[-87.566767,31.736782],[-87.566911,31.736771],[-87.567088,31.736525],[-87.567151,31.736397],[-87.567206,31.736186],[-87.567223,31.736046],[-87.567218,31.735909],[-87.567186,31.735769],[-87.56707,31.735426],[-87.566949,31.734863],[-87.566854,31.734514],[-87.566735,31.733803],[-87.566693,31.733596],[-87.566673,31.733382],[-87.566694,31.733167],[-87.566744,31.732886],[-87.566748,31.732745],[-87.566727,31.73261],[-87.566683,31.732474],[-87.56656,31.732207],[-87.566513,31.732067],[-87.566487,31.73186],[-87.566477,31.731491],[-87.566457,31.731347],[-87.566414,31.731214],[-87.566347,31.731086],[-87.566181,31.730847],[-87.566124,31.730717],[-87.566103,31.730648],[-87.566091,31.730427],[-87.566099,31.730131],[-87.566124,31.729868],[-87.566121,31.729592],[-87.56609,31.728935],[-87.566078,31.728504],[-87.566043,31.728364],[-87.565957,31.728165],[-87.565716,31.727745],[-87.565436,31.727173],[-87.565329,31.726982],[-87.564921,31.72638],[-87.564851,31.726233],[-87.564778,31.725983],[-87.564774,31.725845],[-87.564818,31.725357],[-87.564822,31.725002],[-87.564785,31.72464],[-87.564784,31.724567],[-87.564818,31.724429],[-87.564905,31.724236],[-87.565147,31.723795],[-87.565238,31.723684],[-87.565355,31.723595],[-87.565491,31.723522],[-87.565556,31.723475],[-87.565605,31.723423],[-87.565643,31.723361],[-87.565692,31.723223],[-87.565734,31.723016],[-87.56576,31.722734],[-87.56577,31.722441],[-87.565807,31.72223],[-87.565937,31.721755],[-87.566004,31.721326],[-87.566027,31.721068],[-87.566023,31.72093],[-87.565965,31.720651],[-87.565891,31.720446],[-87.565745,31.720194],[-87.565519,31.719831],[-87.565374,31.719578],[-87.565245,31.719401],[-87.565093,31.719249],[-87.56474,31.718991],[-87.564189,31.718637],[-87.564012,31.718513],[-87.563845,31.718375],[-87.563686,31.718227],[-87.563538,31.718069],[-87.563261,31.717725],[-87.563106,31.717574],[-87.56298,31.717501],[-87.56277,31.717427],[-87.562492,31.717335],[-87.562429,31.717308],[-87.562337,31.717255],[-87.562241,31.71718],[-87.562144,31.71718],[-87.562086,31.717164],[-87.562043,31.717126],[-87.562027,31.717062],[-87.562048,31.716949],[-87.561905,31.716723],[-87.561846,31.716588],[-87.561831,31.716451],[-87.561856,31.716309],[-87.561905,31.716158],[-87.561944,31.715955],[-87.561943,31.715617],[-87.561949,31.715548],[-87.562021,31.715345],[-87.562153,31.715068],[-87.562163,31.714999],[-87.56214,31.714864],[-87.561995,31.714464],[-87.561923,31.714337],[-87.561777,31.714181],[-87.561604,31.714055],[-87.56142,31.71393],[-87.561207,31.713736],[-87.560613,31.712999],[-87.560543,31.712873],[-87.560486,31.712673],[-87.560416,31.712041],[-87.560366,31.711829],[-87.560341,31.711754],[-87.560231,31.711422],[-87.560131,31.711224],[-87.560256,31.711127],[-87.560315,31.711094],[-87.560595,31.711026],[-87.560661,31.711004],[-87.560728,31.710973],[-87.560856,31.710915],[-87.560991,31.710875],[-87.561132,31.710861],[-87.561277,31.710879],[-87.561416,31.71091],[-87.56155,31.710954],[-87.56162,31.710965],[-87.561755,31.71095],[-87.562597,31.710806],[-87.562879,31.710741],[-87.563088,31.71067],[-87.563287,31.710586],[-87.563481,31.710486],[-87.563804,31.710306],[-87.564195,31.710133],[-87.564329,31.710092],[-87.564686,31.710019],[-87.564812,31.70996],[-87.56494,31.709861],[-87.564992,31.709802],[-87.565027,31.709738],[-87.565041,31.70967],[-87.565037,31.709315],[-87.565052,31.709173],[-87.56507,31.709103],[-87.565103,31.709039],[-87.565149,31.708983],[-87.565495,31.708743],[-87.565745,31.708615],[-87.566146,31.70845],[-87.566344,31.70835],[-87.566527,31.708227],[-87.566832,31.708006],[-87.566894,31.707953],[-87.566982,31.707847],[-87.566999,31.707771],[-87.566997,31.707702],[-87.566948,31.707571],[-87.566812,31.707324],[-87.566611,31.706714],[-87.566366,31.70589],[-87.566321,31.705667],[-87.566321,31.705239],[-87.566409,31.704686],[-87.566429,31.704467],[-87.566439,31.704189],[-87.566477,31.703983],[-87.566593,31.703639],[-87.56674,31.703298],[-87.566755,31.703227],[-87.566744,31.703083],[-87.566689,31.702947],[-87.566565,31.70276],[-87.566439,31.702583],[-87.566278,31.702253],[-87.566192,31.702138],[-87.566089,31.702045],[-87.565843,31.701884],[-87.565376,31.701611],[-87.565193,31.701429],[-87.565151,31.701373],[-87.565119,31.701308],[-87.565103,31.701245],[-87.565101,31.701178],[-87.565126,31.701049],[-87.565193,31.700914],[-87.565335,31.700666],[-87.565476,31.700321],[-87.565567,31.700049],[-87.565687,31.699804],[-87.565767,31.699694],[-87.566125,31.699312],[-87.566295,31.699089],[-87.566548,31.698578],[-87.56663,31.698462],[-87.566754,31.698387],[-87.566962,31.698332],[-87.567243,31.698282],[-87.567443,31.698208],[-87.567636,31.698102],[-87.567747,31.698006],[-87.567795,31.697947],[-87.567829,31.697881],[-87.567899,31.697594],[-87.567913,31.697385],[-87.567881,31.697096],[-87.567798,31.696587],[-87.567776,31.696521],[-87.5676,31.69621],[-87.567513,31.696093],[-87.567404,31.696001],[-87.567139,31.695862],[-87.567013,31.695791],[-87.566959,31.695746],[-87.566915,31.695692],[-87.566854,31.69557],[-87.566823,31.695476],[-87.56682,31.695145],[-87.56681,31.694297],[-87.566803,31.693623],[-87.566692,31.683141],[-87.566539,31.671882],[-87.566472,31.66511],[-87.566439,31.661763],[-87.566421,31.659982],[-87.566402,31.658044],[-87.566994,31.659096],[-87.567154,31.6596],[-87.567422,31.660127],[-87.567905,31.660814],[-87.568199,31.661318],[-87.568467,31.661616],[-87.568789,31.662188],[-87.569083,31.662532],[-87.569083,31.662624],[-87.569028,31.662781],[-87.571203,31.663704],[-87.570959,31.664067],[-87.570545,31.664574],[-87.570495,31.664611],[-87.571019,31.664821],[-87.574181,31.663682],[-87.574554,31.663693],[-87.575024,31.663778],[-87.576163,31.664074],[-87.576672,31.664262],[-87.576831,31.66431],[-87.57705,31.664422],[-87.577178,31.664468],[-87.577312,31.664496],[-87.577467,31.6645],[-87.577574,31.664484],[-87.577774,31.664419],[-87.577843,31.664385],[-87.577985,31.664286],[-87.578095,31.664166],[-87.578178,31.664033],[-87.578242,31.663896],[-87.578429,31.663408],[-87.578806,31.662596],[-87.579017,31.662307],[-87.579661,31.66162],[-87.580149,31.661153],[-87.580471,31.660891],[-87.580974,31.660555],[-87.581279,31.660268],[-87.581476,31.660013],[-87.581794,31.659675],[-87.582032,31.659513],[-87.582224,31.65942],[-87.582495,31.659318],[-87.582858,31.659213],[-87.58338,31.659035],[-87.583882,31.658773],[-87.584334,31.65844],[-87.584508,31.658283],[-87.58465,31.658116],[-87.584791,31.657883],[-87.584903,31.657566],[-87.584964,31.657366],[-87.585068,31.657178],[-87.585187,31.657086],[-87.585396,31.657001],[-87.585956,31.656945],[-87.586441,31.656882],[-87.586823,31.656788],[-87.587163,31.65664],[-87.587484,31.656465],[-87.588074,31.656098],[-87.588355,31.655839],[-87.588534,31.655614],[-87.588635,31.655431],[-87.588689,31.655303],[-87.588761,31.654956],[-87.588799,31.654678],[-87.588892,31.65433],[-87.588996,31.654061],[-87.589184,31.653747],[-87.589682,31.653046],[-87.589788,31.652945],[-87.589903,31.652853],[-87.590025,31.652772],[-87.590153,31.652702],[-87.590417,31.652591],[-87.59156,31.652247],[-87.591731,31.652453],[-87.591999,31.652804],[-87.592293,31.653152],[-87.592455,31.653275],[-87.592984,31.653552],[-87.593281,31.653634],[-87.593656,31.653672],[-87.59432,31.653685],[-87.594827,31.653759],[-87.595237,31.653862],[-87.595506,31.653943],[-87.595638,31.654002],[-87.595903,31.65414],[-87.596101,31.654258],[-87.596683,31.654586],[-87.598498,31.655541],[-87.599385,31.656036],[-87.59983,31.656254],[-87.600258,31.656537],[-87.600611,31.656902],[-87.600924,31.657304],[-87.601224,31.657718],[-87.601544,31.658112],[-87.602252,31.658925],[-87.603527,31.660465],[-87.603991,31.661043],[-87.604487,31.66164],[-87.605315,31.662582],[-87.605849,31.663168],[-87.606452,31.663715],[-87.606997,31.664223],[-87.607178,31.664458],[-87.607292,31.664648],[-87.60735,31.664768],[-87.607399,31.66492],[-87.607417,31.665086],[-87.607409,31.66526],[-87.607385,31.665471],[-87.607149,31.66654],[-87.607081,31.666995],[-87.607103,31.667221],[-87.607135,31.667429],[-87.607229,31.667472],[-87.607348,31.667513],[-87.607666,31.667651],[-87.607803,31.667691],[-87.607944,31.667711],[-87.608646,31.667622],[-87.609432,31.667456],[-87.610152,31.667361],[-87.610438,31.667306],[-87.610987,31.6671],[-87.611315,31.666947],[-87.611587,31.66685],[-87.612163,31.666718],[-87.612831,31.666426],[-87.61324,31.666235],[-87.613376,31.666185],[-87.613514,31.666158],[-87.613719,31.666159],[-87.613857,31.666191],[-87.614003,31.666225],[-87.614985,31.666639],[-87.615019,31.666652],[-87.615053,31.666664],[-87.615841,31.667194],[-87.616621,31.667644],[-87.616837,31.667789],[-87.617615,31.668453],[-87.617843,31.668621],[-87.618163,31.668806],[-87.61918,31.66927],[-87.61945,31.66937],[-87.619583,31.669396],[-87.619716,31.669408],[-87.620276,31.669418],[-87.620742,31.669452],[-87.620965,31.669445],[-87.621182,31.669395],[-87.621444,31.669294],[-87.621711,31.669215],[-87.622203,31.669148],[-87.623223,31.668982],[-87.62372,31.668847],[-87.624311,31.668586],[-87.624922,31.668295],[-87.625595,31.668012],[-87.625839,31.667835],[-87.626013,31.667605],[-87.626217,31.666705],[-87.626852,31.665475],[-87.626938,31.665361],[-87.627108,31.665224],[-87.627299,31.66513],[-87.627429,31.665094],[-87.627566,31.665075],[-87.628192,31.665145],[-87.628615,31.665156],[-87.628762,31.66516],[-87.629214,31.665098],[-87.629791,31.664828],[-87.63045,31.664508],[-87.630811,31.664397],[-87.630942,31.664375],[-87.631021,31.664371],[-87.631104,31.66437],[-87.631138,31.664368],[-87.6312,31.664364],[-87.631763,31.664232],[-87.632015,31.664138],[-87.632146,31.664113],[-87.633147,31.664229],[-87.63345,31.664303],[-87.633727,31.664389],[-87.63386,31.664423],[-87.633997,31.664446],[-87.634137,31.664455],[-87.63435,31.664447],[-87.634979,31.664305],[-87.635907,31.664004],[-87.636113,31.663906],[-87.636239,31.663837],[-87.636377,31.663786],[-87.636521,31.66376],[-87.636803,31.663782],[-87.637151,31.663895],[-87.637509,31.66392],[-87.638082,31.66363],[-87.638132,31.663605],[-87.638335,31.663548],[-87.638623,31.66352],[-87.63892,31.663535],[-87.639274,31.663637],[-87.639749,31.664084],[-87.639943,31.664468],[-87.640107,31.664872],[-87.64019,31.664993],[-87.640293,31.665094],[-87.640412,31.665172],[-87.641151,31.665407],[-87.641839,31.665566],[-87.64262,31.66558],[-87.642733,31.66557],[-87.643061,31.665541],[-87.643568,31.665404],[-87.643969,31.665197],[-87.644251,31.664947],[-87.644428,31.664711],[-87.644529,31.66452],[-87.644687,31.663884],[-87.644777,31.663616],[-87.64486,31.663497],[-87.645017,31.663345],[-87.645204,31.663224],[-87.645485,31.663134],[-87.646042,31.663077],[-87.647347,31.662979],[-87.648,31.662907],[-87.648298,31.66284],[-87.64876,31.662642],[-87.649196,31.66242],[-87.649462,31.662307],[-87.649809,31.66221],[-87.650166,31.66217],[-87.650526,31.662198],[-87.651043,31.662331],[-87.651266,31.662371],[-87.651487,31.662381],[-87.651697,31.662355],[-87.652537,31.662012],[-87.65346,31.661559],[-87.653805,31.661458],[-87.654163,31.661432],[-87.654787,31.661545],[-87.655137,31.661643],[-87.655629,31.661747],[-87.656279,31.661853],[-87.656773,31.661968],[-87.657498,31.662072],[-87.658249,31.662094],[-87.6586,31.662089],[-87.658995,31.662092],[-87.659168,31.662109],[-87.659537,31.662734],[-87.65989,31.663538],[-87.659976,31.663655],[-87.660022,31.663702],[-87.660138,31.663794],[-87.66024,31.663897],[-87.660472,31.664176],[-87.660635,31.664333],[-87.660657,31.6641],[-87.660756,31.663748],[-87.660919,31.663421],[-87.661144,31.663136],[-87.661515,31.662803],[-87.662064,31.662388],[-87.662375,31.662138],[-87.662664,31.661869],[-87.662965,31.661511],[-87.663055,31.661386],[-87.663174,31.661198],[-87.663401,31.660777],[-87.66384,31.659776],[-87.663998,31.659455],[-87.664224,31.658908],[-87.664346,31.658578],[-87.66445,31.658231],[-87.664493,31.65803],[-87.664526,31.657874],[-87.664574,31.657513],[-87.664591,31.657148],[-87.664586,31.656783],[-87.664555,31.656059],[-87.664583,31.655697],[-87.664667,31.655339],[-87.66481,31.654999],[-87.665021,31.654699],[-87.66527,31.654431],[-87.667171,31.652688],[-87.667439,31.652432],[-87.667699,31.65217],[-87.667945,31.6519],[-87.668175,31.651621],[-87.668388,31.651327],[-87.669768,31.649187],[-87.670039,31.648733],[-87.670178,31.648467],[-87.670311,31.648013],[-87.670388,31.647647],[-87.670425,31.647347],[-87.670433,31.647104],[-87.670425,31.646923],[-87.670393,31.646643],[-87.670303,31.646208],[-87.669918,31.644953],[-87.669561,31.643726],[-87.669462,31.643325],[-87.669405,31.643049],[-87.669376,31.642802],[-87.669358,31.642493],[-87.669358,31.642232],[-87.669379,31.641967],[-87.669426,31.641625],[-87.669632,31.640631],[-87.669735,31.640137],[-87.669839,31.639709],[-87.669943,31.639163],[-87.670059,31.638467],[-87.670133,31.637374],[-87.67019,31.636991],[-87.670208,31.636753],[-87.670467,31.636775],[-87.67172,31.636901],[-87.673047,31.637039],[-87.674313,31.637252],[-87.676109,31.637828],[-87.677864,31.638467],[-87.680198,31.639299],[-87.681392,31.639603],[-87.681683,31.63966],[-87.684486,31.640213],[-87.687727,31.640889],[-87.688243,31.640999],[-87.68951,31.641292],[-87.690756,31.641622],[-87.691972,31.64199],[-87.693126,31.642378],[-87.694234,31.642777],[-87.695572,31.643267],[-87.697719,31.644054],[-87.701546,31.645456],[-87.703133,31.646037],[-87.704341,31.646447],[-87.704388,31.64646],[-87.705843,31.639981],[-87.707412,31.636816],[-87.708663,31.634814],[-87.708744,31.634656],[-87.707663,31.634529],[-87.707128,31.634461],[-87.706779,31.634071],[-87.706244,31.633544],[-87.70611,31.632994],[-87.706029,31.632902],[-87.706002,31.632627],[-87.705788,31.632238],[-87.705306,31.631734],[-87.705386,31.631459],[-87.706323,31.631069],[-87.706939,31.630679],[-87.707127,31.630588],[-87.707636,31.630106],[-87.707743,31.629923],[-87.707957,31.629694],[-87.708225,31.629075],[-87.708278,31.62841],[-87.708198,31.627975],[-87.708117,31.627906],[-87.708117,31.62754],[-87.708064,31.627494],[-87.708063,31.627356],[-87.707608,31.626279],[-87.707501,31.625798],[-87.707488,31.625158],[-87.707556,31.624785],[-87.708707,31.624133],[-87.708841,31.62395],[-87.709135,31.623331],[-87.709483,31.623033],[-87.710769,31.622964],[-87.710903,31.622804],[-87.710849,31.622552],[-87.710662,31.622323],[-87.710662,31.622093],[-87.710742,31.621979],[-87.711465,31.621727],[-87.711706,31.621612],[-87.71192,31.621314],[-87.711947,31.620764],[-87.712027,31.620535],[-87.712134,31.620374],[-87.712562,31.620122],[-87.713017,31.620008],[-87.713285,31.619824],[-87.713607,31.619641],[-87.714383,31.619526],[-87.714731,31.619343],[-87.715106,31.618976],[-87.715186,31.618747],[-87.715347,31.618563],[-87.715802,31.618472],[-87.716445,31.618586],[-87.716712,31.618471],[-87.717141,31.618402],[-87.717677,31.618677],[-87.718293,31.618746],[-87.718614,31.618563],[-87.718935,31.618287],[-87.719604,31.617989],[-87.719658,31.617898],[-87.719658,31.617439],[-87.719551,31.617256],[-87.719524,31.616776],[-87.719657,31.616478],[-87.719925,31.616157],[-87.720166,31.61579],[-87.7203,31.615424],[-87.72046,31.615148],[-87.721183,31.615125],[-87.721371,31.614873],[-87.721424,31.614667],[-87.721344,31.614621],[-87.721344,31.61453],[-87.720862,31.614163],[-87.720861,31.613911],[-87.721584,31.613682],[-87.721879,31.613498],[-87.722093,31.613406],[-87.722173,31.612788],[-87.721932,31.612238],[-87.721771,31.611573],[-87.721717,31.611023],[-87.721824,31.61029],[-87.721744,31.609946],[-87.721663,31.609763],[-87.72161,31.609534],[-87.721449,31.609282],[-87.721342,31.608984],[-87.720618,31.608228],[-87.720618,31.607563],[-87.720484,31.607426],[-87.720457,31.607036],[-87.720832,31.606692],[-87.720859,31.60628],[-87.720564,31.606005],[-87.719761,31.606005],[-87.719466,31.606074],[-87.717378,31.607106],[-87.716896,31.607152],[-87.716628,31.606945],[-87.716601,31.606739],[-87.716709,31.606579],[-87.717297,31.606097],[-87.717565,31.605754],[-87.717645,31.605685],[-87.717672,31.605456],[-87.717806,31.605089],[-87.718234,31.604447],[-87.718448,31.603645],[-87.718582,31.603645],[-87.719358,31.603393],[-87.719599,31.603186],[-87.720429,31.602017],[-87.720776,31.601399],[-87.72083,31.600963],[-87.720883,31.600711],[-87.72099,31.600528],[-87.721686,31.600115],[-87.721793,31.599909],[-87.7219,31.599336],[-87.722007,31.599015],[-87.722355,31.598511],[-87.722355,31.598144],[-87.721739,31.59764],[-87.721632,31.597457],[-87.721176,31.597251],[-87.721069,31.597159],[-87.720213,31.596999],[-87.720105,31.596884],[-87.720105,31.596495],[-87.720801,31.595738],[-87.721122,31.595555],[-87.721684,31.595463],[-87.722729,31.595715],[-87.723157,31.5956],[-87.723478,31.595554],[-87.724014,31.595852],[-87.724629,31.595806],[-87.72487,31.5956],[-87.725379,31.595347],[-87.726182,31.594476],[-87.726235,31.594408],[-87.726396,31.594293],[-87.72645,31.59413],[-87.72721,31.594314],[-87.72754,31.594389],[-87.727836,31.594432],[-87.728368,31.594529],[-87.728577,31.594567],[-87.728848,31.594617],[-87.729556,31.59472],[-87.730094,31.594775],[-87.730309,31.594772],[-87.730589,31.59473],[-87.730868,31.594658],[-87.731073,31.594576],[-87.731201,31.594508],[-87.731374,31.594376],[-87.731481,31.594274],[-87.731597,31.59409],[-87.73171,31.593823],[-87.731859,31.59326],[-87.731977,31.59284],[-87.732054,31.592633],[-87.73254,31.591416],[-87.732975,31.590418],[-87.733074,31.590222],[-87.733241,31.589919],[-87.733391,31.589648],[-87.733594,31.589266],[-87.733806,31.588881],[-87.733925,31.588698],[-87.734061,31.588525],[-87.734366,31.588208],[-87.734533,31.588059],[-87.734677,31.587901],[-87.734989,31.587604],[-87.735456,31.587143],[-87.735788,31.586854],[-87.735962,31.58672],[-87.736859,31.586114],[-87.737784,31.585531],[-87.738135,31.585321],[-87.738502,31.5851],[-87.738537,31.585079],[-87.739601,31.584508],[-87.739767,31.584398],[-87.739925,31.584325],[-87.740078,31.584274],[-87.740145,31.584242],[-87.740641,31.58405],[-87.74105,31.583874],[-87.741639,31.583596],[-87.742235,31.583329],[-87.742432,31.583231],[-87.742615,31.583117],[-87.742787,31.582985],[-87.743125,31.582706],[-87.743637,31.582325],[-87.744012,31.582047],[-87.744904,31.581439],[-87.745774,31.580768],[-87.746135,31.580519],[-87.74669,31.58017],[-87.747297,31.57978],[-87.747665,31.579551],[-87.747796,31.579487],[-87.747899,31.579449],[-87.748001,31.579412],[-87.748292,31.579351],[-87.748959,31.579263],[-87.749791,31.579171],[-87.750085,31.579138],[-87.751583,31.578953],[-87.751788,31.578903],[-87.751987,31.578816],[-87.752589,31.578517],[-87.753,31.578346],[-87.75341,31.578201],[-87.753817,31.578084],[-87.754672,31.577886],[-87.755342,31.577758],[-87.755536,31.577721],[-87.756117,31.577561],[-87.756438,31.577462],[-87.756867,31.577337],[-87.757288,31.577228],[-87.758031,31.577026],[-87.758752,31.576829],[-87.759712,31.57653],[-87.760355,31.57631],[-87.760987,31.576108],[-87.762053,31.575757],[-87.762963,31.575472],[-87.763637,31.575203],[-87.764657,31.574816],[-87.766672,31.574191],[-87.767098,31.574075],[-87.767377,31.574013],[-87.767729,31.573972],[-87.768435,31.573948],[-87.768784,31.573959],[-87.768895,31.573962],[-87.769117,31.573988],[-87.769483,31.574061],[-87.769768,31.574099],[-87.769986,31.574102],[-87.770279,31.574079],[-87.77049,31.574032],[-87.770701,31.573964],[-87.771174,31.573739],[-87.771615,31.573538],[-87.77236,31.573237],[-87.77292,31.573022],[-87.773199,31.572936],[-87.773487,31.572875],[-87.773708,31.572866],[-87.773926,31.572886],[-87.774402,31.572975],[-87.775061,31.573099],[-87.775621,31.573175],[-87.775801,31.57319],[-87.778801,31.575587],[-87.785059,31.585045],[-87.789997,31.591117],[-87.790103,31.591515],[-87.790186,31.591683],[-87.790318,31.592014],[-87.790335,31.59215],[-87.79033,31.592274],[-87.790295,31.592435],[-87.790261,31.592795],[-87.790275,31.592931],[-87.790324,31.593147],[-87.790334,31.593351],[-87.790372,31.593648],[-87.790377,31.593835],[-87.790354,31.594002],[-87.790329,31.594083],[-87.790243,31.594241],[-87.790164,31.594399],[-87.790069,31.594709],[-87.790035,31.594875],[-87.79003,31.595041],[-87.790074,31.595159],[-87.79012,31.595231],[-87.790324,31.595497],[-87.790359,31.59556],[-87.790379,31.595629],[-87.791119,31.595833],[-87.791444,31.595907],[-87.791696,31.595947],[-87.792517,31.596121],[-87.793103,31.596215],[-87.793954,31.596428],[-87.794362,31.596504],[-87.794628,31.596525],[-87.795007,31.596528],[-87.795267,31.596517],[-87.795365,31.596497],[-87.795746,31.596386],[-87.795855,31.596373],[-87.79597,31.596377],[-87.796048,31.596388],[-87.796268,31.596454],[-87.796382,31.596479],[-87.79661,31.596515],[-87.796914,31.596529],[-87.797522,31.596569],[-87.797757,31.596609],[-87.798304,31.596685],[-87.798692,31.596751],[-87.799206,31.596813],[-87.799556,31.596821],[-87.799756,31.596841],[-87.800384,31.596976],[-87.800465,31.597009],[-87.800598,31.597082],[-87.800659,31.597133],[-87.800853,31.59733],[-87.800922,31.597383],[-87.801005,31.597426],[-87.801138,31.59746],[-87.80131,31.597486],[-87.801756,31.597527],[-87.802369,31.597614],[-87.802734,31.597652],[-87.803095,31.597699],[-87.803099,31.597381],[-87.803082,31.596764],[-87.803044,31.596335],[-87.802945,31.595702],[-87.802758,31.594759],[-87.802266,31.592574],[-87.80202,31.591668],[-87.801801,31.590982],[-87.801233,31.589336],[-87.801576,31.589384],[-87.801777,31.589448],[-87.802069,31.589615],[-87.802374,31.589804],[-87.802687,31.589974],[-87.803023,31.590091],[-87.803374,31.590139],[-87.803739,31.590171],[-87.804121,31.590222],[-87.804503,31.590288],[-87.804896,31.590344],[-87.805682,31.590421],[-87.805831,31.590464],[-87.806045,31.590526],[-87.806709,31.590845],[-87.807079,31.591005],[-87.807459,31.591156],[-87.808235,31.591497],[-87.809614,31.592131],[-87.810323,31.592469],[-87.81073,31.592648],[-87.811123,31.592772],[-87.811515,31.592829],[-87.811915,31.592838],[-87.812322,31.592832],[-87.812738,31.592836],[-87.813162,31.592853],[-87.81358,31.592894],[-87.813997,31.592952],[-87.81482,31.593091],[-87.815219,31.593136],[-87.815604,31.593131],[-87.816677,31.592978],[-87.817078,31.592945],[-87.817477,31.592942],[-87.818264,31.593029],[-87.818622,31.593039],[-87.818987,31.592991],[-87.819316,31.59285],[-87.819622,31.592679],[-87.82028,31.592354],[-87.820602,31.592155],[-87.820876,31.591901],[-87.821279,31.591323],[-87.821503,31.591035],[-87.821765,31.590744],[-87.822323,31.590179],[-87.823156,31.589369],[-87.823413,31.589106],[-87.823677,31.588872],[-87.824244,31.588432],[-87.824256,31.588421],[-87.824527,31.588185],[-87.824838,31.58787],[-87.825061,31.587645],[-87.825319,31.58737],[-87.825538,31.587101],[-87.825751,31.586821],[-87.825878,31.58664],[-87.826014,31.586472],[-87.826174,31.586333],[-87.826357,31.586218],[-87.826566,31.58612],[-87.82695,31.585982],[-87.828952,31.585358],[-87.829328,31.585198],[-87.829658,31.584971],[-87.830301,31.584455],[-87.830612,31.58419],[-87.830885,31.583902],[-87.831103,31.583586],[-87.831282,31.583241],[-87.831585,31.582532],[-87.831744,31.582192],[-87.831958,31.581862],[-87.83222,31.581547],[-87.832775,31.580955],[-87.833044,31.580688],[-87.833355,31.580456],[-87.833693,31.580233],[-87.834006,31.579995],[-87.834279,31.579716],[-87.834525,31.57943],[-87.834794,31.579159],[-87.83489,31.579041],[-87.834997,31.578849],[-87.835079,31.578517],[-87.835158,31.577802],[-87.835234,31.577437],[-87.835345,31.57714],[-87.835369,31.577077],[-87.83558,31.576752],[-87.835837,31.576464],[-87.836096,31.576215],[-87.836153,31.576174],[-87.836397,31.576002],[-87.836711,31.575813],[-87.836829,31.575725],[-87.836973,31.575562],[-87.837118,31.575239],[-87.837191,31.575122],[-87.837327,31.574973],[-87.837628,31.57476],[-87.83798,31.574589],[-87.838189,31.574499],[-87.838392,31.574398],[-87.838631,31.574227],[-87.838823,31.574019],[-87.838873,31.573966],[-87.839353,31.573391],[-87.839635,31.573118],[-87.839958,31.572931],[-87.840188,31.572819],[-87.840435,31.572685],[-87.840804,31.572789],[-87.841007,31.572817],[-87.842374,31.572906],[-87.842373,31.572872],[-87.842131,31.571663],[-87.842037,31.571465],[-87.841857,31.570927],[-87.841654,31.570727],[-87.841595,31.570339],[-87.841692,31.570177],[-87.841957,31.56999],[-87.841988,31.569713],[-87.842068,31.56962],[-87.84234,31.569387],[-87.84234,31.569066],[-87.841965,31.568998],[-87.841751,31.568814],[-87.841644,31.568631],[-87.84159,31.568219],[-87.842152,31.567966],[-87.842794,31.567325],[-87.842955,31.566981],[-87.843008,31.565927],[-87.843355,31.564918],[-87.843542,31.563474],[-87.843756,31.562764],[-87.843783,31.562352],[-87.843408,31.56116],[-87.8433,31.560198],[-87.843246,31.558754],[-87.843085,31.558089],[-87.842925,31.557883],[-87.842898,31.557723],[-87.842577,31.557287],[-87.84204,31.55677],[-87.841976,31.556701],[-87.841946,31.556681],[-87.841871,31.556584],[-87.841805,31.556497],[-87.841753,31.556412],[-87.841479,31.555844],[-87.841452,31.555294],[-87.841559,31.554881],[-87.841693,31.554515],[-87.841746,31.553873],[-87.841612,31.553369],[-87.841559,31.5533],[-87.841505,31.553117],[-87.841371,31.553117],[-87.840675,31.552773],[-87.84014,31.552384],[-87.839899,31.551949],[-87.839818,31.550642],[-87.839631,31.550115],[-87.838694,31.548947],[-87.838646,31.54885],[-87.838587,31.548741],[-87.838587,31.547984],[-87.83864,31.547893],[-87.838694,31.547343],[-87.838586,31.547091],[-87.838533,31.546793],[-87.838051,31.54622],[-87.83781,31.54583],[-87.837917,31.545303],[-87.838104,31.544937],[-87.838291,31.544524],[-87.838318,31.544295],[-87.838211,31.543951],[-87.838184,31.54347],[-87.838451,31.542805],[-87.838344,31.542439],[-87.83813,31.542141],[-87.837782,31.541935],[-87.837461,31.541637],[-87.837434,31.541087],[-87.837595,31.540651],[-87.837541,31.540262],[-87.837033,31.539781],[-87.836818,31.539437],[-87.836792,31.53907],[-87.837166,31.538429],[-87.837166,31.538085],[-87.836898,31.537764],[-87.83655,31.537604],[-87.835667,31.537375],[-87.835079,31.537077],[-87.83481,31.536779],[-87.834596,31.535588],[-87.83453,31.535447],[-87.834344,31.534995],[-87.834229,31.534787],[-87.834034,31.534396],[-87.833712,31.533892],[-87.833659,31.533846],[-87.833338,31.533343],[-87.833338,31.533251],[-87.833257,31.533183],[-87.833124,31.532587],[-87.833097,31.532266],[-87.832936,31.531693],[-87.832802,31.530731],[-87.832722,31.530662],[-87.832695,31.530433],[-87.832802,31.530204],[-87.833364,31.529768],[-87.833471,31.529516],[-87.83339,31.529195],[-87.832828,31.528577],[-87.832775,31.527775],[-87.832694,31.527614],[-87.832293,31.527293],[-87.832025,31.526995],[-87.831972,31.526537],[-87.832079,31.526216],[-87.832667,31.525529],[-87.832988,31.524681],[-87.833416,31.523947],[-87.833603,31.523672],[-87.833603,31.52326],[-87.833273,31.522777],[-87.834013,31.52253],[-87.836526,31.521313],[-87.83805,31.520487],[-87.844146,31.517893],[-87.850246,31.515188],[-87.850564,31.515047],[-87.855765,31.512633],[-87.855861,31.512773],[-87.855882,31.512803],[-87.855903,31.513046],[-87.856007,31.513154],[-87.856095,31.513665],[-87.855765,31.513777],[-87.854572,31.514332],[-87.854158,31.514633],[-87.853876,31.51484],[-87.853518,31.51523],[-87.853341,31.515576],[-87.853325,31.515898],[-87.853167,31.516772],[-87.853046,31.517187],[-87.852394,31.518383],[-87.852264,31.518406],[-87.85197,31.519211],[-87.851522,31.520179],[-87.851084,31.520525],[-87.85023,31.521055],[-87.849898,31.521424],[-87.849854,31.5217],[-87.849968,31.521906],[-87.850387,31.52239],[-87.850415,31.523218],[-87.850168,31.523863],[-87.850054,31.524438],[-87.850094,31.524852],[-87.850269,31.52529],[-87.851007,31.526485],[-87.851118,31.526578],[-87.851289,31.526877],[-87.851625,31.527245],[-87.851994,31.527866],[-87.852197,31.528304],[-87.852906,31.529408],[-87.852994,31.529637],[-87.853162,31.529868],[-87.853223,31.530075],[-87.853683,31.530995],[-87.853936,31.531341],[-87.853939,31.531432],[-87.854052,31.531594],[-87.854311,31.5321],[-87.854666,31.533135],[-87.854748,31.533181],[-87.854907,31.53394],[-87.85499,31.53401],[-87.855083,31.534401],[-87.855421,31.534814],[-87.856477,31.535759],[-87.856535,31.535851],[-87.856757,31.536035],[-87.856871,31.536242],[-87.856841,31.536955],[-87.85617,31.538474],[-87.856126,31.538727],[-87.85617,31.539256],[-87.856258,31.539509],[-87.856457,31.539855],[-87.856568,31.539946],[-87.856911,31.540568],[-87.857037,31.540616],[-87.857349,31.540548],[-87.857493,31.540534],[-87.857783,31.540528],[-87.858144,31.540556],[-87.859156,31.540695],[-87.860816,31.540914],[-87.861836,31.541007],[-87.863136,31.54111],[-87.863578,31.54113],[-87.863871,31.54112],[-87.864236,31.541087],[-87.864381,31.541063],[-87.864794,31.54096],[-87.865416,31.540725],[-87.865555,31.540688],[-87.865699,31.540664],[-87.865916,31.540655],[-87.86606,31.540671],[-87.866201,31.5407],[-87.866336,31.540744],[-87.866534,31.540829],[-87.866637,31.540879],[-87.866853,31.540985],[-87.866976,31.541061],[-87.86713,31.541136],[-87.867609,31.541417],[-87.869652,31.542571],[-87.869751,31.542621],[-87.869981,31.542735],[-87.870042,31.542766],[-87.870338,31.542879],[-87.870473,31.542906],[-87.870695,31.542933],[-87.872891,31.543013],[-87.873716,31.543056],[-87.874019,31.543518],[-87.874201,31.543743],[-87.874404,31.543951],[-87.874623,31.544144],[-87.874863,31.544316],[-87.875118,31.544465],[-87.875393,31.544595],[-87.875682,31.544705],[-87.875978,31.544792],[-87.87635,31.544868],[-87.878314,31.545089],[-87.878813,31.545184],[-87.879319,31.545319],[-87.879456,31.545368],[-87.879651,31.545455],[-87.880107,31.545688],[-87.880259,31.545766],[-87.880423,31.545551],[-87.88139,31.544368],[-87.881742,31.544006],[-87.881876,31.543858],[-87.882616,31.54304],[-87.883513,31.541954],[-87.884103,31.541333],[-87.884613,31.540854],[-87.884812,31.540686],[-87.88508,31.54044],[-87.88584,31.539875],[-87.885878,31.539847],[-87.886462,31.539419],[-87.886463,31.539318],[-87.886478,31.539198],[-87.886555,31.538913],[-87.886597,31.538786],[-87.886713,31.53859],[-87.886812,31.538446],[-87.887141,31.537953],[-87.887991,31.536689],[-87.890032,31.533652],[-87.890397,31.533074],[-87.890735,31.532475],[-87.89112,31.531697],[-87.891454,31.530911],[-87.891771,31.530089],[-87.891842,31.529905],[-87.891914,31.529713],[-87.892234,31.528856],[-87.892281,31.528713],[-87.892219,31.528586],[-87.892191,31.528447],[-87.892231,31.528105],[-87.892353,31.527385],[-87.892362,31.527242],[-87.892358,31.527099],[-87.892342,31.526955],[-87.892308,31.526814],[-87.892257,31.526678],[-87.89219,31.526548],[-87.892026,31.526304],[-87.891879,31.526056],[-87.891721,31.525808],[-87.891666,31.525673],[-87.891633,31.525532],[-87.891609,31.525107],[-87.891614,31.524343],[-87.891618,31.523658],[-87.891621,31.522386],[-87.891641,31.521143],[-87.891638,31.520312],[-87.891647,31.519383],[-87.891644,31.518902],[-87.891647,31.518424],[-87.891654,31.517416],[-87.891663,31.51622],[-87.891669,31.515722],[-87.891671,31.515168],[-87.891675,31.514034],[-87.89102,31.514037],[-87.890462,31.514021],[-87.890249,31.51401],[-87.889576,31.514004],[-87.889218,31.513991],[-87.888827,31.513983],[-87.888198,31.513964],[-87.887906,31.513963],[-87.887573,31.513951],[-87.886963,31.513945],[-87.886809,31.513955],[-87.886196,31.513961],[-87.886009,31.513989],[-87.885971,31.513325],[-87.885974,31.512802],[-87.885994,31.512591],[-87.886011,31.511731],[-87.886005,31.510827],[-87.886974,31.510899],[-87.88758,31.510935],[-87.887957,31.510932],[-87.8883,31.510914],[-87.888441,31.510895],[-87.888575,31.510859],[-87.888636,31.510831],[-87.888693,31.510792],[-87.888744,31.510744],[-87.888973,31.510469],[-87.889132,31.510343],[-87.889228,31.510308],[-87.889384,31.51028],[-87.891347,31.510309],[-87.891695,31.51033],[-87.891866,31.510339],[-87.892534,31.510334],[-87.893128,31.510332],[-87.893145,31.510388],[-87.893759,31.510359],[-87.89595,31.510317],[-87.897056,31.510284],[-87.897434,31.51028],[-87.897692,31.510276],[-87.897988,31.510263],[-87.898128,31.510235],[-87.898195,31.510208],[-87.898256,31.510167],[-87.898265,31.510157],[-87.898307,31.510113],[-87.898344,31.510047],[-87.898392,31.509904],[-87.898422,31.50968],[-87.898417,31.509533],[-87.898358,31.509176],[-87.89823,31.508514],[-87.898079,31.508343],[-87.897797,31.508087],[-87.896966,31.50739],[-87.896552,31.507058],[-87.897522,31.506271],[-87.898793,31.505297],[-87.899772,31.504538],[-87.900255,31.504163],[-87.900617,31.503918],[-87.901223,31.503564],[-87.901911,31.503289],[-87.901981,31.503271],[-87.902081,31.503226],[-87.902903,31.503026],[-87.903039,31.502992],[-87.903431,31.502931],[-87.904144,31.502877],[-87.904309,31.502887],[-87.904757,31.502913],[-87.904972,31.502932],[-87.905184,31.50298],[-87.905411,31.503005],[-87.905877,31.503083],[-87.90636,31.503193],[-87.9068,31.503307],[-87.907057,31.503379],[-87.907263,31.503452],[-87.90746,31.503521],[-87.907813,31.503665],[-87.908146,31.503825],[-87.907907,31.503933],[-87.907451,31.504415],[-87.906941,31.504875],[-87.906886,31.50515],[-87.906833,31.505288],[-87.906805,31.505516],[-87.90659,31.506044],[-87.906241,31.506526],[-87.906133,31.506733],[-87.906051,31.507192],[-87.905997,31.507283],[-87.905943,31.507444],[-87.905675,31.507926],[-87.905513,31.508132],[-87.904948,31.509256],[-87.904812,31.510014],[-87.904806,31.512377],[-87.904562,31.513226],[-87.904347,31.513776],[-87.904075,31.515061],[-87.903941,31.515405],[-87.903939,31.515956],[-87.904418,31.516668],[-87.904498,31.51692],[-87.904422,31.517532],[-87.90436,31.518021],[-87.904411,31.519146],[-87.904464,31.519191],[-87.904464,31.519307],[-87.904463,31.519328],[-87.904539,31.519374],[-87.904536,31.519464],[-87.904635,31.519624],[-87.904778,31.520031],[-87.904818,31.520372],[-87.904954,31.520938],[-87.905011,31.521505],[-87.904891,31.523752],[-87.904741,31.524114],[-87.904264,31.524475],[-87.903539,31.524857],[-87.902733,31.525216],[-87.902477,31.52551],[-87.902355,31.525873],[-87.902207,31.52619],[-87.901898,31.526461],[-87.902164,31.52692],[-87.902537,31.527613],[-87.902618,31.527758],[-87.902882,31.527607],[-87.902959,31.527551],[-87.903129,31.527456],[-87.903475,31.527262],[-87.90395,31.527026],[-87.90483,31.526634],[-87.905307,31.526445],[-87.905813,31.526265],[-87.90632,31.526106],[-87.907084,31.525895],[-87.907776,31.525734],[-87.908306,31.525635],[-87.90908,31.525524],[-87.90974,31.525453],[-87.910152,31.525432],[-87.910359,31.52541],[-87.910965,31.52539],[-87.911472,31.52539],[-87.912196,31.525418],[-87.913135,31.525497],[-87.921246,31.526375],[-87.923868,31.526659],[-87.924922,31.526757],[-87.925536,31.526787],[-87.926072,31.526787],[-87.92661,31.526764],[-87.927132,31.52672],[-87.927689,31.526649],[-87.928225,31.526555],[-87.928757,31.526434],[-87.929592,31.526208],[-87.930211,31.525984],[-87.930666,31.525793],[-87.930952,31.525665],[-87.931727,31.525258],[-87.931943,31.525135],[-87.932432,31.524825],[-87.933361,31.524176],[-87.935919,31.522379],[-87.936534,31.521947],[-87.93746,31.522909],[-87.940746,31.525573],[-87.942514,31.526719],[-87.943212,31.527019],[-87.943899,31.527231],[-87.946177,31.5276],[-87.958498,31.529219],[-87.960029,31.529294],[-87.966071,31.530025],[-87.970377,31.530546],[-87.973418,31.531445],[-87.973768,31.531652],[-87.974288,31.532002],[-87.974714,31.532312],[-87.975132,31.532728],[-87.977814,31.536623],[-87.978518,31.537399],[-87.979134,31.537901],[-87.979596,31.538147],[-87.981756,31.538901],[-87.99174,31.541107],[-87.99386,31.541796],[-87.994596,31.542056],[-87.995644,31.54257],[-87.997192,31.54337],[-87.99826,31.543981],[-88.000002,31.545112],[-88.007847,31.549085],[-88.011582,31.550976],[-88.01651,31.551963],[-88.018627,31.552366],[-88.020322,31.553427],[-88.024208,31.55586],[-88.031277,31.560494],[-88.031315,31.560552],[-88.032541,31.562432],[-88.036142,31.567955],[-88.038295,31.570481],[-88.03966,31.571604],[-88.040058,31.572261],[-88.039997,31.57327],[-88.039957,31.573939],[-88.039716,31.574503],[-88.038297,31.57501],[-88.036503,31.575239],[-88.034337,31.575063],[-88.03256,31.574582],[-88.027184,31.57205],[-88.025268,31.571342],[-88.023349,31.570917],[-88.021605,31.570969],[-88.019933,31.571337],[-88.018531,31.571965],[-88.01757,31.572878],[-88.016931,31.573624],[-88.01691,31.574738],[-88.017008,31.575028],[-88.017258,31.575766],[-88.017778,31.576512],[-88.019733,31.578956],[-88.02111,31.580685],[-88.02205,31.581895],[-88.023454,31.583019],[-88.025463,31.583897],[-88.027693,31.584251],[-88.028801,31.584153],[-88.031609,31.583907],[-88.037251,31.583422],[-88.049853,31.583494],[-88.051449,31.583504],[-88.060198,31.587333],[-88.065769,31.590348],[-88.069482,31.592733],[-88.072234,31.5945],[-88.075648,31.598454],[-88.078922,31.601213],[-88.079749,31.60251],[-88.080063,31.60319],[-88.080148,31.604143],[-88.080102,31.605079],[-88.079963,31.605772],[-88.079284,31.606793],[-88.077577,31.608784],[-88.075188,31.612102],[-88.07461,31.613438],[-88.074367,31.615164],[-88.074261,31.616382],[-88.074779,31.617387],[-88.075355,31.618335],[-88.076229,31.619592],[-88.081155,31.625161],[-88.082733,31.627804],[-88.083974,31.63032],[-88.085497,31.63452],[-88.086587,31.639378],[-88.086399,31.643238],[-88.086624,31.645656],[-88.086682,31.647168],[-88.087217,31.648967],[-88.090127,31.654512],[-88.090949,31.655836],[-88.091189,31.657059],[-88.090896,31.657921],[-88.090211,31.658504],[-88.089388,31.658747],[-88.087456,31.658803],[-88.084041,31.659135],[-88.082284,31.659548],[-88.08107,31.660135],[-88.079488,31.661534],[-88.078863,31.662555],[-88.078615,31.666762],[-88.078711,31.669618],[-88.078747,31.670682],[-88.079289,31.674921],[-88.080058,31.676786],[-88.080207,31.677064],[-88.080629,31.67785],[-88.081652,31.678991],[-88.083009,31.68057],[-88.086946,31.686181],[-88.087274,31.688673],[-88.087801,31.69267],[-88.087639,31.695957],[-88.088206,31.698968],[-88.088288,31.699303],[-88.088915,31.699294],[-88.100148,31.69914],[-88.106851,31.699048],[-88.111381,31.698985],[-88.125008,31.698757],[-88.130114,31.698757],[-88.141977,31.698757],[-88.155129,31.698672],[-88.158908,31.698662],[-88.159269,31.698661],[-88.159301,31.69866],[-88.159328,31.69866],[-88.159366,31.69866],[-88.159406,31.69866],[-88.159456,31.69866],[-88.163818,31.698648],[-88.180248,31.698603],[-88.184316,31.698611],[-88.186891,31.698616],[-88.188836,31.698619],[-88.188857,31.698619],[-88.189667,31.698617],[-88.19401,31.698609],[-88.198675,31.698599],[-88.203628,31.698588],[-88.206499,31.698582],[-88.208548,31.698578],[-88.214093,31.698605],[-88.223167,31.69859],[-88.223377,31.69859],[-88.223719,31.698589],[-88.223747,31.698589],[-88.223795,31.698589],[-88.22386,31.698589],[-88.223925,31.698589],[-88.223974,31.698589],[-88.224003,31.698588],[-88.224032,31.698588],[-88.22428,31.698588],[-88.234516,31.698571],[-88.240751,31.698573],[-88.250012,31.698576],[-88.254842,31.698568],[-88.25765,31.698551],[-88.259024,31.698543],[-88.260991,31.698531],[-88.261351,31.698529],[-88.261625,31.698527],[-88.261669,31.698527],[-88.261697,31.698526],[-88.261723,31.698526],[-88.261749,31.698526],[-88.261765,31.698526],[-88.261876,31.698525],[-88.264471,31.698509],[-88.265335,31.698491],[-88.265382,31.69849],[-88.265615,31.698488],[-88.266822,31.698467],[-88.272875,31.698465],[-88.274537,31.698465],[-88.28717,31.698462],[-88.298737,31.698456],[-88.298823,31.698456],[-88.298875,31.698456],[-88.300795,31.698455],[-88.30091,31.698455],[-88.301061,31.698455],[-88.302995,31.698454],[-88.303102,31.698454],[-88.303721,31.698454],[-88.304293,31.698454],[-88.305051,31.698454],[-88.306577,31.698453],[-88.306727,31.698453],[-88.306773,31.698453],[-88.308494,31.698452],[-88.308864,31.698452],[-88.309182,31.698452],[-88.309393,31.698452],[-88.309451,31.698452],[-88.309466,31.698451],[-88.309481,31.698451],[-88.30951,31.698451],[-88.309621,31.698451],[-88.312339,31.69845],[-88.313024,31.69845],[-88.319412,31.698447],[-88.332715,31.698383],[-88.337479,31.69836],[-88.338658,31.698354],[-88.338724,31.698354],[-88.338743,31.698354],[-88.338767,31.698353],[-88.338801,31.698353],[-88.338831,31.698353],[-88.338848,31.698353],[-88.339647,31.698349],[-88.339887,31.698348],[-88.34231,31.698336],[-88.351009,31.698293],[-88.352044,31.698289],[-88.357422,31.698263],[-88.357435,31.698263],[-88.357484,31.698263],[-88.357528,31.698262],[-88.357539,31.698262],[-88.357555,31.698262],[-88.357593,31.698262],[-88.361745,31.698242],[-88.362174,31.69824],[-88.364184,31.698231],[-88.365645,31.698224],[-88.36582,31.698223],[-88.365878,31.698223],[-88.365889,31.698223],[-88.36757,31.698215],[-88.373993,31.698185],[-88.375019,31.698111],[-88.378671,31.698116],[-88.385953,31.698172],[-88.392456,31.698225],[-88.392487,31.698225],[-88.395031,31.698244],[-88.395778,31.69825],[-88.398116,31.698268],[-88.398129,31.698268],[-88.399373,31.698306],[-88.399851,31.698321],[-88.400224,31.698282],[-88.400793,31.698224],[-88.402312,31.698147],[-88.402346,31.698145],[-88.402439,31.69814],[-88.402544,31.698135],[-88.402742,31.698125],[-88.405406,31.69799],[-88.413241,31.698034],[-88.427165,31.698154],[-88.430546,31.698177],[-88.432394,31.698171],[-88.432411,31.698171],[-88.433082,31.698165],[-88.433277,31.698163],[-88.433532,31.698161],[-88.433567,31.698161],[-88.433662,31.69816],[-88.43588,31.69814],[-88.437289,31.698127],[-88.438829,31.698113],[-88.441858,31.698086],[-88.451363,31.697999],[-88.459063,31.697929],[-88.464181,31.697944],[-88.46443,31.697952]]]]}},{"type":"Feature","properties":{"sourceGeoid":"0105","stateFips":"01","districtCode":"05","stateCode":null,"label":"Congressional District 5"},"geometry":{"type":"MultiPolygon","coordinates":[[[[-86.149806,34.533633],[-86.14989,34.533634],[-86.150868,34.533651],[-86.150966,34.533653],[-86.151588,34.533668],[-86.152435,34.533719],[-86.152663,34.533719],[-86.153198,34.533719],[-86.153273,34.53372],[-86.154227,34.533779],[-86.154248,34.533165],[-86.154252,34.532955],[-86.154254,34.532814],[-86.154273,34.530265],[-86.154275,34.530055],[-86.152039,34.530103],[-86.151627,34.530112],[-86.150697,34.530117],[-86.150534,34.530118],[-86.149789,34.530153],[-86.149813,34.532912],[-86.149813,34.533347],[-86.149806,34.533633]]],[[[-87.424571,35.002433],[-87.424608,35.002352],[-87.424653,35.002286],[-87.424779,35.002186],[-87.424843,35.002111],[-87.42488,35.002047],[-87.424898,35.001993],[-87.424911,35.001921],[-87.424915,35.001848],[-87.424903,35.001558],[-87.424915,35.001413],[-87.42495,35.00127],[-87.424977,35.001201],[-87.425009,35.001132],[-87.42509,35.001002],[-87.42523,35.000815],[-87.425329,35.000692],[-87.425383,35.000634],[-87.425442,35.000578],[-87.425508,35.000531],[-87.425582,35.000489],[-87.425823,35.000393],[-87.426072,35.000316],[-87.426328,35.000253],[-87.426501,35.000223],[-87.426767,35.000206],[-87.427492,35.000179],[-87.427788,35.000173],[-87.427995,35.000193],[-87.428494,35.000261],[-87.428578,35.000279],[-87.42882,35.000368],[-87.428966,35.000452],[-87.429186,35.000588],[-87.429265,35.000624],[-87.429431,35.000669],[-87.429605,35.000678],[-87.430043,35.00066],[-87.431012,35.000662],[-87.43234,35.000685],[-87.432719,35.000687],[-87.432908,35.000696],[-87.432999,35.000692],[-87.43308,35.000664],[-87.433143,35.000614],[-87.433179,35.000549],[-87.433198,35.000479],[-87.433346,34.999547],[-87.433362,34.999475],[-87.43341,34.999336],[-87.433477,34.999201],[-87.43356,34.999072],[-87.433752,34.998828],[-87.434369,34.998116],[-87.434687,34.997764],[-87.434911,34.997528],[-87.435278,34.997115],[-87.435445,34.996946],[-87.435816,34.996601],[-87.435992,34.996432],[-87.436059,34.996381],[-87.436131,34.996336],[-87.436359,34.996217],[-87.436587,34.996107],[-87.436729,34.996026],[-87.436926,34.995886],[-87.437311,34.995576],[-87.437799,34.995151],[-87.437971,34.994985],[-87.438249,34.994703],[-87.4383,34.994645],[-87.438391,34.994519],[-87.438463,34.994385],[-87.438491,34.994316],[-87.438514,34.994244],[-87.438528,34.99417],[-87.438532,34.994091],[-87.43852,34.99401],[-87.43849,34.993934],[-87.438253,34.993557],[-87.438161,34.99341],[-87.438045,34.993343],[-87.437942,34.993214],[-87.437899,34.993107],[-87.437628,34.99183],[-87.437648,34.991152],[-87.437627,34.990967],[-87.437474,34.990395],[-87.437453,34.98962],[-87.43736,34.989208],[-87.437151,34.988716],[-87.437053,34.988294],[-87.436959,34.988075],[-87.437031,34.987877],[-87.437021,34.987444],[-87.437069,34.987309],[-87.437123,34.987185],[-87.437224,34.987091],[-87.43726,34.987028],[-87.437327,34.986965],[-87.437411,34.9869],[-87.437546,34.986882],[-87.437686,34.986844],[-87.437854,34.986735],[-87.437962,34.986589],[-87.438098,34.986389],[-87.438096,34.986198],[-87.438121,34.986089],[-87.438144,34.985985],[-87.43807,34.985353],[-87.438003,34.985067],[-87.43789,34.984786],[-87.437676,34.984369],[-87.437456,34.983874],[-87.437329,34.983731],[-87.437215,34.983649],[-87.436975,34.983533],[-87.436808,34.983506],[-87.436674,34.983522],[-87.436334,34.983693],[-87.436133,34.983731],[-87.43598,34.983704],[-87.435686,34.983517],[-87.435512,34.983313],[-87.435298,34.982885],[-87.434951,34.982274],[-87.434717,34.981719],[-87.434677,34.981653],[-87.434483,34.981259],[-87.434218,34.981016],[-87.433888,34.980686],[-87.433759,34.98058],[-87.433579,34.980139],[-87.433514,34.980058],[-87.433368,34.979944],[-87.433098,34.97976],[-87.432843,34.979555],[-87.432562,34.97923],[-87.43221,34.978938],[-87.431837,34.978548],[-87.431632,34.97824],[-87.431705,34.977481],[-87.431645,34.977118],[-87.431365,34.976371],[-87.431134,34.975956],[-87.43106,34.975823],[-87.430825,34.974549],[-87.430852,34.974154],[-87.430901,34.974008],[-87.430982,34.973819],[-87.431117,34.973586],[-87.431209,34.973337],[-87.431301,34.973207],[-87.43135,34.973153],[-87.431393,34.973099],[-87.431415,34.973013],[-87.43142,34.972931],[-87.431415,34.972834],[-87.431407,34.972585],[-87.431745,34.971768],[-87.43175,34.971698],[-87.431739,34.971627],[-87.431712,34.971584],[-87.431636,34.971497],[-87.431506,34.971368],[-87.431393,34.971027],[-87.431398,34.970978],[-87.431436,34.970913],[-87.431474,34.970843],[-87.431528,34.970767],[-87.431599,34.970697],[-87.431669,34.970583],[-87.43168,34.970507],[-87.431664,34.970426],[-87.431647,34.970345],[-87.431626,34.970237],[-87.431626,34.970145],[-87.431652,34.970038],[-87.431691,34.969988],[-87.431734,34.969961],[-87.431864,34.969901],[-87.432114,34.969806],[-87.432486,34.969593],[-87.432562,34.969566],[-87.432621,34.969528],[-87.432675,34.969447],[-87.432724,34.969355],[-87.432751,34.969268],[-87.432773,34.96916],[-87.432784,34.96897],[-87.432789,34.968862],[-87.4328,34.968743],[-87.432822,34.968629],[-87.432854,34.968505],[-87.432914,34.96831],[-87.433006,34.968115],[-87.433162,34.967938],[-87.433167,34.967905],[-87.433166,34.967799],[-87.433176,34.967729],[-87.433198,34.967699],[-87.43325,34.967569],[-87.433479,34.967306],[-87.433537,34.967253],[-87.43366,34.967154],[-87.433688,34.967127],[-87.433839,34.96695],[-87.433852,34.966916],[-87.433891,34.966853],[-87.433915,34.966785],[-87.433943,34.96668],[-87.433974,34.96647],[-87.43395,34.966186],[-87.433906,34.965903],[-87.43373,34.965355],[-87.43368,34.965257],[-87.433568,34.965063],[-87.433322,34.964727],[-87.433265,34.96463],[-87.433141,34.964401],[-87.433086,34.964229],[-87.433037,34.964093],[-87.432998,34.963918],[-87.432983,34.963706],[-87.432987,34.963671],[-87.432988,34.96339],[-87.432994,34.963284],[-87.433115,34.962759],[-87.433139,34.962619],[-87.433189,34.962408],[-87.433207,34.962303],[-87.433221,34.962091],[-87.433178,34.96188],[-87.433093,34.96168],[-87.433057,34.961615],[-87.432919,34.961434],[-87.432841,34.961348],[-87.432687,34.961221],[-87.432428,34.961029],[-87.432024,34.960759],[-87.431853,34.960649],[-87.431687,34.960536],[-87.431625,34.960487],[-87.431491,34.960398],[-87.431311,34.960196],[-87.431265,34.960128],[-87.431235,34.960024],[-87.431211,34.959919],[-87.431208,34.959742],[-87.43122,34.959671],[-87.431302,34.959506],[-87.43135,34.959447],[-87.431465,34.95934],[-87.43149,34.959311],[-87.43153,34.959248],[-87.431559,34.959181],[-87.431594,34.959079],[-87.43161,34.959009],[-87.431642,34.958724],[-87.431654,34.958654],[-87.431747,34.958418],[-87.431887,34.958197],[-87.431954,34.958105],[-87.431984,34.958079],[-87.432089,34.957966],[-87.432232,34.957787],[-87.432422,34.957507],[-87.432439,34.957474],[-87.432461,34.957406],[-87.432608,34.957043],[-87.432705,34.956804],[-87.432727,34.956736],[-87.432843,34.956506],[-87.432973,34.956321],[-87.433086,34.956213],[-87.433218,34.956119],[-87.433333,34.956069],[-87.433502,34.956036],[-87.433632,34.956027],[-87.433806,34.956034],[-87.433937,34.956047],[-87.434152,34.956078],[-87.434369,34.9561],[-87.434501,34.956096],[-87.434672,34.956065],[-87.434713,34.956052],[-87.434786,34.956015],[-87.434821,34.955992],[-87.434896,34.955957],[-87.435422,34.955637],[-87.435504,34.955555],[-87.435553,34.955497],[-87.435596,34.955434],[-87.435619,34.955329],[-87.435602,34.95526],[-87.435589,34.955226],[-87.435573,34.955156],[-87.435511,34.954985],[-87.435432,34.954708],[-87.435407,34.954604],[-87.435361,34.954359],[-87.435322,34.95422],[-87.435242,34.954055],[-87.435091,34.953722],[-87.43504,34.953625],[-87.435001,34.953562],[-87.434943,34.953446],[-87.43492,34.953417],[-87.434903,34.953384],[-87.434836,34.953292],[-87.434644,34.953061],[-87.434617,34.953034],[-87.43457,34.952975],[-87.434542,34.952949],[-87.434466,34.952864],[-87.434422,34.952804],[-87.434369,34.952749],[-87.434347,34.952719],[-87.434223,34.952577],[-87.434168,34.952523],[-87.433999,34.95232],[-87.433915,34.952239],[-87.433674,34.952032],[-87.433543,34.951937],[-87.433459,34.951916],[-87.433373,34.951907],[-87.433328,34.951908],[-87.433242,34.951919],[-87.433156,34.951935],[-87.43295,34.951994],[-87.432906,34.951999],[-87.432819,34.951991],[-87.432735,34.95197],[-87.432656,34.951939],[-87.432471,34.951847],[-87.432401,34.951805],[-87.432267,34.951714],[-87.432072,34.951569],[-87.431953,34.951465],[-87.431692,34.951136],[-87.431616,34.95105],[-87.431556,34.950999],[-87.431445,34.95089],[-87.431353,34.950814],[-87.431255,34.950744],[-87.43098,34.950564],[-87.430621,34.95036],[-87.430354,34.950194],[-87.430324,34.950167],[-87.430257,34.950121],[-87.430167,34.950044],[-87.430111,34.949989],[-87.430066,34.949928],[-87.429994,34.949799],[-87.429973,34.949769],[-87.429929,34.949668],[-87.429905,34.9496],[-87.42989,34.949531],[-87.429848,34.949394],[-87.42973,34.948913],[-87.429719,34.948843],[-87.42965,34.948568],[-87.429629,34.9485],[-87.42951,34.948018],[-87.429499,34.947949],[-87.42938,34.947466],[-87.429359,34.947398],[-87.429306,34.947183],[-87.429283,34.947079],[-87.429267,34.946974],[-87.429266,34.946938],[-87.429237,34.946692],[-87.429232,34.946406],[-87.429249,34.946301],[-87.429292,34.946092],[-87.429319,34.945988],[-87.429381,34.945782],[-87.429483,34.945508],[-87.429505,34.945439],[-87.429702,34.945086],[-87.42981,34.944815],[-87.429938,34.944401],[-87.429967,34.944334],[-87.430112,34.944039],[-87.430241,34.943815],[-87.430303,34.943682],[-87.430312,34.943647],[-87.430325,34.943507],[-87.430338,34.943437],[-87.430332,34.943296],[-87.430314,34.943227],[-87.430277,34.943126],[-87.430258,34.943094],[-87.430234,34.943064],[-87.430046,34.942891],[-87.429953,34.942817],[-87.429887,34.94277],[-87.429601,34.9425],[-87.429541,34.942448],[-87.429364,34.942246],[-87.429271,34.942089],[-87.429257,34.941984],[-87.429255,34.941914],[-87.42926,34.941845],[-87.429303,34.941708],[-87.429449,34.941335],[-87.429473,34.941231],[-87.42948,34.941161],[-87.429483,34.940986],[-87.429475,34.940915],[-87.429406,34.940564],[-87.429394,34.940426],[-87.429413,34.940321],[-87.429435,34.940252],[-87.429491,34.940118],[-87.429635,34.939859],[-87.429794,34.939603],[-87.429902,34.939449],[-87.429928,34.93942],[-87.430042,34.939313],[-87.43015,34.939204],[-87.430209,34.939152],[-87.430317,34.939044],[-87.430375,34.938992],[-87.430398,34.938963],[-87.430483,34.938883],[-87.430634,34.938756],[-87.430729,34.938683],[-87.43097,34.938528],[-87.43111,34.938443],[-87.431225,34.93839],[-87.431385,34.93833],[-87.431514,34.938308],[-87.431775,34.93828],[-87.431817,34.93827],[-87.431856,34.938254],[-87.43193,34.938216],[-87.43196,34.938189],[-87.431983,34.938159],[-87.432034,34.938061],[-87.432064,34.937921],[-87.432073,34.93785],[-87.432069,34.937672],[-87.432034,34.937389],[-87.431958,34.937147],[-87.431927,34.936971],[-87.431906,34.936794],[-87.431883,34.936653],[-87.431878,34.936547],[-87.431888,34.936264],[-87.43193,34.936018],[-87.431981,34.935846],[-87.431988,34.935775],[-87.431986,34.935739],[-87.431995,34.935563],[-87.432015,34.935494],[-87.432124,34.93519],[-87.432157,34.935125],[-87.432182,34.935058],[-87.432265,34.934869],[-87.432273,34.934834],[-87.432305,34.934769],[-87.432339,34.934668],[-87.432378,34.934495],[-87.432397,34.934317],[-87.432449,34.934073],[-87.432486,34.933613],[-87.432511,34.933472],[-87.43255,34.933334],[-87.432614,34.933241],[-87.43304,34.932664],[-87.433092,34.932565],[-87.43313,34.932428],[-87.433157,34.932251],[-87.433155,34.932144],[-87.433138,34.932003],[-87.433135,34.931933],[-87.433113,34.931721],[-87.433099,34.931651],[-87.433018,34.931373],[-87.432874,34.930778],[-87.432801,34.930499],[-87.432702,34.930227],[-87.432672,34.930161],[-87.432664,34.930126],[-87.432621,34.930026],[-87.43252,34.929832],[-87.432336,34.92951],[-87.432265,34.929342],[-87.432246,34.92931],[-87.432218,34.929243],[-87.432152,34.929112],[-87.432139,34.929078],[-87.432018,34.928889],[-87.431866,34.928673],[-87.431826,34.92861],[-87.431712,34.928457],[-87.431203,34.927881],[-87.431149,34.927826],[-87.430843,34.927435],[-87.430643,34.927158],[-87.430606,34.927094],[-87.430582,34.927064],[-87.430522,34.926969],[-87.430509,34.926936],[-87.430467,34.926867],[-87.430374,34.92667],[-87.430278,34.926436],[-87.430245,34.926372],[-87.430219,34.926304],[-87.430086,34.926007],[-87.43006,34.92594],[-87.429851,34.925476],[-87.429795,34.92538],[-87.429732,34.925286],[-87.429481,34.924995],[-87.42947,34.924925],[-87.429471,34.924889],[-87.429483,34.924819],[-87.429557,34.92469],[-87.42973,34.924483],[-87.429746,34.92445],[-87.429823,34.9241],[-87.429859,34.923961],[-87.429888,34.923894],[-87.429966,34.923767],[-87.429996,34.92374],[-87.430126,34.923644],[-87.4302,34.923606],[-87.430282,34.923581],[-87.430579,34.923555],[-87.43069,34.923565],[-87.430811,34.923607],[-87.430968,34.92367],[-87.431111,34.923753],[-87.431176,34.9238],[-87.431295,34.923905],[-87.431397,34.92402],[-87.431418,34.924051],[-87.431562,34.924228],[-87.431614,34.924285],[-87.431734,34.924431],[-87.431892,34.924601],[-87.431939,34.92466],[-87.432067,34.924803],[-87.432283,34.925069],[-87.432447,34.925236],[-87.432618,34.925399],[-87.4328,34.925599],[-87.432892,34.925719],[-87.432924,34.925785],[-87.43297,34.925922],[-87.43298,34.926064],[-87.43295,34.926204],[-87.432939,34.926239],[-87.432939,34.926274],[-87.433011,34.926364],[-87.433146,34.926455],[-87.433285,34.926541],[-87.433616,34.926775],[-87.433653,34.926794],[-87.433721,34.926838],[-87.43376,34.926854],[-87.433886,34.926883],[-87.43393,34.926884],[-87.434016,34.926897],[-87.434103,34.926905],[-87.43419,34.926908],[-87.434453,34.926895],[-87.434584,34.926883],[-87.434843,34.926843],[-87.434971,34.926816],[-87.435048,34.926782],[-87.435261,34.926657],[-87.435394,34.926566],[-87.435456,34.926517],[-87.435654,34.926378],[-87.435723,34.926335],[-87.436936,34.925684],[-87.436975,34.92567],[-87.437051,34.925634],[-87.437092,34.925622],[-87.437129,34.925603],[-87.437288,34.925544],[-87.437663,34.925445],[-87.437745,34.92542],[-87.438124,34.925325],[-87.438296,34.925299],[-87.438513,34.925273],[-87.438813,34.925217],[-87.439109,34.925147],[-87.439439,34.92505],[-87.439634,34.92497],[-87.439675,34.924957],[-87.439752,34.924923],[-87.439929,34.92482],[-87.440159,34.924605],[-87.440389,34.924346],[-87.440432,34.924286],[-87.440459,34.924257],[-87.440619,34.92401],[-87.440672,34.923913],[-87.440703,34.923846],[-87.441214,34.922155],[-87.441416,34.921609],[-87.441518,34.921264],[-87.44161,34.921026],[-87.441659,34.920868],[-87.441681,34.920837],[-87.441703,34.920732],[-87.441708,34.920675],[-87.441713,34.920626],[-87.441723,34.920379],[-87.441731,34.920309],[-87.441728,34.919778],[-87.44172,34.9196],[-87.441694,34.91946],[-87.441662,34.919142],[-87.441612,34.918935],[-87.441586,34.918868],[-87.441544,34.918731],[-87.441362,34.918368],[-87.441321,34.918267],[-87.441299,34.918199],[-87.441281,34.918095],[-87.441271,34.917846],[-87.441344,34.917679],[-87.441368,34.917612],[-87.441402,34.917546],[-87.441508,34.917391],[-87.44156,34.917335],[-87.441868,34.916952],[-87.441975,34.91684],[-87.442023,34.916782],[-87.442131,34.91667],[-87.442351,34.916496],[-87.442424,34.916445],[-87.442615,34.916356],[-87.4427,34.916341],[-87.442949,34.916286],[-87.442989,34.916273],[-87.443076,34.916265],[-87.44334,34.916258],[-87.443384,34.91626],[-87.443425,34.91627],[-87.443494,34.916314],[-87.443584,34.916391],[-87.443636,34.916449],[-87.443795,34.91666],[-87.443908,34.916768],[-87.444001,34.91684],[-87.444104,34.916905],[-87.444177,34.916943],[-87.444334,34.917008],[-87.444375,34.91702],[-87.444459,34.917034],[-87.444667,34.917078],[-87.445054,34.917124],[-87.445318,34.917126],[-87.445404,34.917121],[-87.445753,34.917114],[-87.44606,34.917127],[-87.446317,34.917106],[-87.446446,34.917089],[-87.446487,34.917078],[-87.446609,34.917062],[-87.446718,34.917003],[-87.446783,34.916956],[-87.446926,34.916821],[-87.447003,34.916736],[-87.447048,34.916676],[-87.447172,34.916532],[-87.44753,34.91609],[-87.447581,34.916033],[-87.4476,34.916001],[-87.447648,34.915943],[-87.447779,34.915761],[-87.447901,34.915574],[-87.447948,34.915515],[-87.448025,34.915387],[-87.448075,34.915252],[-87.448091,34.915183],[-87.448147,34.914832],[-87.448219,34.914484],[-87.448291,34.914099],[-87.448309,34.914031],[-87.448388,34.913503],[-87.44853,34.91277],[-87.448555,34.912665],[-87.448694,34.912184],[-87.448718,34.912044],[-87.448749,34.911941],[-87.448801,34.911734],[-87.448954,34.911257],[-87.44898,34.91119],[-87.449133,34.910713],[-87.449141,34.910678],[-87.449166,34.91061],[-87.449182,34.910541],[-87.449281,34.910235],[-87.449306,34.910189],[-87.449312,34.910148],[-87.44945,34.909661],[-87.449475,34.909556],[-87.449486,34.909486],[-87.449519,34.909346],[-87.449534,34.909241],[-87.449545,34.908888],[-87.449553,34.908818],[-87.449557,34.908713],[-87.449548,34.908607],[-87.449512,34.908469],[-87.449464,34.908371],[-87.449372,34.90821],[-87.449209,34.907957],[-87.448968,34.907539],[-87.448713,34.907163],[-87.448676,34.907099],[-87.448644,34.907033],[-87.448338,34.906487],[-87.448144,34.906171],[-87.448109,34.906106],[-87.448086,34.906075],[-87.447956,34.90587],[-87.44773,34.905554],[-87.447802,34.905488],[-87.448064,34.905248],[-87.448306,34.905017],[-87.448411,34.904916],[-87.448534,34.90481],[-87.448733,34.904663],[-87.448803,34.904617],[-87.449019,34.904488],[-87.449245,34.904374],[-87.449564,34.90425],[-87.449646,34.904225],[-87.449899,34.90416],[-87.450157,34.904113],[-87.450418,34.904076],[-87.450768,34.904034],[-87.451158,34.904001],[-87.451569,34.903983],[-87.451922,34.903984],[-87.452276,34.904004],[-87.452539,34.904029],[-87.452715,34.904051],[-87.453064,34.904104],[-87.45376,34.904217],[-87.454112,34.904262],[-87.45438,34.904272],[-87.454469,34.90427],[-87.454647,34.904257],[-87.454736,34.904247],[-87.454798,34.904236],[-87.454995,34.904203],[-87.455334,34.904115],[-87.455657,34.903989],[-87.45597,34.903847],[-87.456896,34.903411],[-87.457352,34.903189],[-87.457572,34.903064],[-87.457858,34.902893],[-87.458427,34.902543],[-87.458572,34.902459],[-87.45872,34.90238],[-87.459109,34.902207],[-87.459516,34.90206],[-87.460336,34.901785],[-87.460994,34.901572],[-87.461576,34.901397],[-87.462737,34.901037],[-87.463142,34.900887],[-87.463377,34.900784],[-87.4637,34.900625],[-87.46459,34.900153],[-87.464728,34.90008],[-87.465018,34.899909],[-87.465228,34.899773],[-87.465776,34.899402],[-87.46631,34.899015],[-87.466714,34.89873],[-87.467584,34.898106],[-87.467886,34.897881],[-87.467988,34.897811],[-87.469209,34.896913],[-87.469247,34.896885],[-87.469896,34.896388],[-87.470278,34.896081],[-87.470459,34.89592],[-87.470686,34.895693],[-87.470845,34.895516],[-87.471201,34.895098],[-87.471517,34.894745],[-87.471627,34.894631],[-87.4718,34.894464],[-87.472218,34.894086],[-87.472341,34.893984],[-87.472398,34.89393],[-87.47265,34.893725],[-87.472915,34.893533],[-87.473199,34.893348],[-87.473525,34.893173],[-87.473907,34.892988],[-87.474079,34.8929],[-87.474151,34.892864],[-87.474359,34.892758],[-87.474655,34.892598],[-87.475121,34.892323],[-87.475222,34.892264],[-87.475586,34.892023],[-87.475642,34.891986],[-87.476521,34.891366],[-87.476978,34.891022],[-87.477683,34.890468],[-87.477991,34.890205],[-87.478219,34.889982],[-87.478474,34.889714],[-87.478543,34.88965],[-87.478499,34.889582],[-87.478463,34.889505],[-87.478441,34.889347],[-87.478448,34.889057],[-87.478448,34.888766],[-87.478472,34.887017],[-87.478468,34.886729],[-87.47847,34.886437],[-87.47848,34.886174],[-87.47848,34.885853],[-87.478495,34.885558],[-87.478524,34.883406],[-87.478528,34.883221],[-87.47854,34.88258],[-87.478535,34.88244],[-87.478548,34.882068],[-87.478552,34.881721],[-87.479048,34.88143],[-87.479353,34.881262],[-87.481442,34.88011],[-87.481768,34.879868],[-87.481888,34.879703],[-87.481942,34.87956],[-87.481882,34.879197],[-87.481881,34.879104],[-87.481928,34.878966],[-87.482515,34.878411],[-87.482861,34.878119],[-87.483015,34.878026],[-87.483568,34.877773],[-87.483768,34.877641],[-87.484295,34.877234],[-87.484902,34.876656],[-87.485308,34.876194],[-87.485422,34.875991],[-87.485642,34.875788],[-87.485708,34.875666],[-87.485762,34.875485],[-87.485781,34.875095],[-87.485772,34.875078],[-87.485769,34.87493],[-87.485829,34.874738],[-87.486042,34.874518],[-87.486202,34.874204],[-87.486302,34.874127],[-87.486482,34.874089],[-87.486655,34.873924],[-87.486849,34.873896],[-87.486969,34.873781],[-87.487042,34.873627],[-87.487075,34.873445],[-87.487249,34.873071],[-87.487542,34.872632],[-87.487842,34.872318],[-87.487908,34.872214],[-87.488073,34.871708],[-87.488563,34.871725],[-87.489096,34.87173],[-87.490038,34.871719],[-87.490144,34.871718],[-87.491907,34.871717],[-87.492261,34.871713],[-87.492987,34.871722],[-87.494754,34.871722],[-87.495115,34.871728],[-87.496094,34.871725],[-87.496267,34.871719],[-87.496475,34.871718],[-87.496471,34.871607],[-87.496479,34.870735],[-87.496517,34.86928],[-87.496528,34.869024],[-87.496537,34.868811],[-87.496457,34.86879],[-87.49607,34.868642],[-87.49571,34.868461],[-87.494882,34.86795],[-87.494348,34.867516],[-87.493641,34.867066],[-87.493267,34.866742],[-87.49298,34.866379],[-87.492847,34.866077],[-87.492713,34.865873],[-87.492386,34.864994],[-87.492105,34.86456],[-87.491878,34.864313],[-87.491745,34.864208],[-87.491318,34.864021],[-87.490804,34.863972],[-87.490664,34.863934],[-87.490524,34.86384],[-87.490364,34.863813],[-87.490131,34.863808],[-87.490117,34.863795],[-87.490063,34.863796],[-87.489986,34.863797],[-87.48991,34.863798],[-87.489685,34.863798],[-87.48961,34.863797],[-87.489534,34.863796],[-87.489382,34.863794],[-87.489311,34.863794],[-87.489234,34.863792],[-87.489158,34.863789],[-87.489083,34.863787],[-87.488937,34.863788],[-87.488869,34.863789],[-87.488806,34.863789],[-87.488749,34.863789],[-87.488653,34.863787],[-87.488531,34.863767],[-87.488531,34.863715],[-87.488534,34.863666],[-87.488537,34.863615],[-87.488538,34.863563],[-87.488537,34.8635],[-87.488539,34.863429],[-87.488544,34.863344],[-87.488547,34.863297],[-87.488549,34.863248],[-87.488551,34.863197],[-87.488552,34.863145],[-87.488553,34.863095],[-87.488554,34.863047],[-87.488556,34.862997],[-87.488556,34.862945],[-87.488556,34.86289],[-87.488554,34.86283],[-87.488554,34.862768],[-87.488554,34.862706],[-87.488554,34.862638],[-87.488555,34.862568],[-87.488554,34.862502],[-87.488216,34.86239],[-87.488142,34.862335],[-87.487962,34.861912],[-87.487775,34.86172],[-87.487541,34.861033],[-87.487588,34.860571],[-87.487561,34.860285],[-87.487701,34.860093],[-87.487421,34.859961],[-87.487314,34.859807],[-87.487311,34.859753],[-87.492898,34.859747],[-87.492898,34.859696],[-87.492868,34.859644],[-87.492816,34.859601],[-87.492786,34.859601],[-87.491897,34.859587],[-87.491009,34.85958],[-87.489236,34.859559],[-87.488358,34.859558],[-87.487473,34.859572],[-87.487302,34.859579],[-87.487293,34.85941],[-87.48728,34.859153],[-87.487193,34.858993],[-87.486813,34.858625],[-87.486806,34.858543],[-87.48728,34.858422],[-87.487533,34.858235],[-87.487826,34.857515],[-87.487852,34.856761],[-87.487759,34.856514],[-87.487565,34.855409],[-87.487504,34.854832],[-87.487504,34.854392],[-87.487431,34.854156],[-87.487424,34.853997],[-87.487497,34.853716],[-87.48765,34.853353],[-87.48765,34.853282],[-87.487476,34.852661],[-87.487343,34.85238],[-87.487283,34.852144],[-87.487256,34.851479],[-87.487195,34.851292],[-87.487249,34.851193],[-87.487229,34.850946],[-87.487081,34.850248],[-87.486881,34.849649],[-87.486827,34.849352],[-87.486821,34.849099],[-87.487053,34.847977],[-87.48694,34.847483],[-87.48694,34.847213],[-87.487053,34.84679],[-87.487046,34.846361],[-87.487139,34.845702],[-87.487165,34.84568],[-87.487218,34.844976],[-87.487325,34.844569],[-87.487525,34.844316],[-87.487978,34.843975],[-87.488511,34.843689],[-87.488884,34.84353],[-87.489471,34.843183],[-87.489791,34.842919],[-87.490091,34.842864],[-87.490437,34.842649],[-87.490713,34.842447],[-87.491247,34.84196],[-87.491614,34.841603],[-87.49222,34.840687],[-87.492535,34.840062],[-87.493166,34.837936],[-87.493241,34.831751],[-87.493171,34.831505],[-87.493088,34.831216],[-87.493358,34.831023],[-87.493027,34.830728],[-87.493048,34.830528],[-87.493077,34.830255],[-87.493211,34.828979],[-87.493308,34.828054],[-87.493965,34.825092],[-87.494452,34.822896],[-87.494815,34.821259],[-87.494877,34.820979],[-87.495219,34.819442],[-87.495307,34.819044],[-87.494653,34.818808],[-87.493364,34.818267],[-87.491362,34.817339],[-87.490805,34.817033],[-87.489829,34.81642],[-87.488599,34.815581],[-87.487379,34.814855],[-87.486607,34.814467],[-87.486521,34.814434],[-87.485631,34.814096],[-87.484508,34.813709],[-87.479966,34.812626],[-87.479126,34.812521],[-87.47812,34.812424],[-87.477084,34.812351],[-87.475403,34.812252],[-87.47515,34.812237],[-87.472776,34.812171],[-87.468693,34.811983],[-87.468235,34.811929],[-87.467443,34.811838],[-87.466075,34.811595],[-87.45723,34.809761],[-87.457216,34.809759],[-87.457187,34.809753],[-87.451249,34.808515],[-87.449999,34.808284],[-87.44998,34.80828],[-87.447148,34.807438],[-87.44544,34.80693],[-87.443732,34.806423],[-87.442256,34.805985],[-87.437308,34.804513],[-87.436467,34.804263],[-87.435334,34.803907],[-87.434573,34.803584],[-87.433899,34.803212],[-87.43226,34.802243],[-87.430621,34.801323],[-87.428912,34.800692],[-87.427868,34.800337],[-87.42651,34.800022],[-87.426899,34.799176],[-87.427289,34.798331],[-87.428737,34.795186],[-87.428845,34.794815],[-87.428855,34.794589],[-87.428777,34.794307],[-87.427648,34.791652],[-87.427548,34.791416],[-87.427448,34.791181],[-87.426948,34.790002],[-87.426447,34.788823],[-87.4262,34.788241],[-87.426094,34.787644],[-87.426066,34.787008],[-87.426155,34.786411],[-87.426361,34.785831],[-87.426704,34.785086],[-87.426744,34.785],[-87.42782,34.783436],[-87.427889,34.783336],[-87.427959,34.783235],[-87.428075,34.783067],[-87.428242,34.782768],[-87.428369,34.782446],[-87.428478,34.782075],[-87.428556,34.781954],[-87.429084,34.781592],[-87.429279,34.781495],[-87.429582,34.781504],[-87.430949,34.781747],[-87.431349,34.781747],[-87.431808,34.781723],[-87.432991,34.781378],[-87.433548,34.781048],[-87.433685,34.78087],[-87.433685,34.780685],[-87.433588,34.780443],[-87.433344,34.78008],[-87.43274,34.779676],[-87.432141,34.779362],[-87.431618,34.779087],[-87.43152,34.77895],[-87.431511,34.778764],[-87.431629,34.778377],[-87.431834,34.778135],[-87.432416,34.777637],[-87.432597,34.777483],[-87.43291,34.777153],[-87.433185,34.776627],[-87.433381,34.776202],[-87.433646,34.775363],[-87.433881,34.774936],[-87.434077,34.774614],[-87.434092,34.774592],[-87.434302,34.774284],[-87.434371,34.77405],[-87.434391,34.773614],[-87.434216,34.77326],[-87.433787,34.772896],[-87.433279,34.77271],[-87.432947,34.772678],[-87.431258,34.772886],[-87.427547,34.773044],[-87.427107,34.773052],[-87.42677,34.772996],[-87.426375,34.77293],[-87.425634,34.772583],[-87.425068,34.772131],[-87.424591,34.771703],[-87.423888,34.771533],[-87.422922,34.770968],[-87.422171,34.77062],[-87.420619,34.770175],[-87.419921,34.769828],[-87.41941,34.769579],[-87.418732,34.769127],[-87.416772,34.767749],[-87.416639,34.767656],[-87.416484,34.767544],[-87.416095,34.766999],[-87.415992,34.766083],[-87.415939,34.765606],[-87.415888,34.765065],[-87.41591,34.764316],[-87.415927,34.764173],[-87.416008,34.763622],[-87.416082,34.763075],[-87.416115,34.762898],[-87.416206,34.762476],[-87.416228,34.762407],[-87.416552,34.761821],[-87.416622,34.761651],[-87.416992,34.76066],[-87.417075,34.760514],[-87.417066,34.760442],[-87.417066,34.760407],[-87.417078,34.760336],[-87.417116,34.760233],[-87.417265,34.759936],[-87.417499,34.759361],[-87.4177,34.759045],[-87.417779,34.758959],[-87.417945,34.758793],[-87.418059,34.758685],[-87.418121,34.758634],[-87.418474,34.758365],[-87.418874,34.758086],[-87.419107,34.757898],[-87.419196,34.75782],[-87.419421,34.7576],[-87.419655,34.757342],[-87.419777,34.757239],[-87.420118,34.757013],[-87.421265,34.756293],[-87.421444,34.75619],[-87.421632,34.756097],[-87.421699,34.756078],[-87.421884,34.755981],[-87.421919,34.755959],[-87.421949,34.755934],[-87.422016,34.755888],[-87.422535,34.755404],[-87.422688,34.755276],[-87.422882,34.755132],[-87.422984,34.755065],[-87.423172,34.754972],[-87.423368,34.754892],[-87.423448,34.754864],[-87.423825,34.75477],[-87.424231,34.754634],[-87.42446,34.754467],[-87.424573,34.754361],[-87.424606,34.754331],[-87.424632,34.754306],[-87.424742,34.754194],[-87.424869,34.75405],[-87.425263,34.753625],[-87.425523,34.753384],[-87.425598,34.753297],[-87.425821,34.753127],[-87.426189,34.752875],[-87.426372,34.752777],[-87.426412,34.752763],[-87.426488,34.752727],[-87.426965,34.752474],[-87.42714,34.752375],[-87.427404,34.752247],[-87.427509,34.752183],[-87.427762,34.751985],[-87.427851,34.751907],[-87.427902,34.75185],[-87.427946,34.751788],[-87.42798,34.751723],[-87.427993,34.751689],[-87.428,34.751654],[-87.428,34.751368],[-87.427953,34.751231],[-87.427918,34.751166],[-87.427878,34.751103],[-87.427832,34.751042],[-87.427747,34.750961],[-87.42771,34.750938],[-87.427662,34.750891],[-87.427526,34.750802],[-87.427193,34.750629],[-87.427153,34.750616],[-87.427109,34.750609],[-87.426934,34.750601],[-87.42689,34.750603],[-87.426804,34.750536],[-87.426717,34.750455],[-87.426668,34.750396],[-87.426586,34.75027],[-87.426524,34.750136],[-87.426515,34.750101],[-87.426513,34.75003],[-87.426504,34.749959],[-87.426495,34.749924],[-87.426483,34.749782],[-87.42648,34.749497],[-87.426445,34.749394],[-87.426439,34.749323],[-87.426401,34.749039],[-87.4264,34.748575],[-87.426416,34.748362],[-87.42639,34.748113],[-87.426367,34.747829],[-87.426357,34.747794],[-87.426345,34.747687],[-87.426324,34.747618],[-87.426299,34.747477],[-87.426255,34.747302],[-87.426246,34.747231],[-87.426224,34.747162],[-87.426211,34.747091],[-87.426193,34.747059],[-87.42618,34.747025],[-87.426156,34.74692],[-87.426142,34.746886],[-87.426122,34.746854],[-87.426075,34.746717],[-87.426053,34.746611],[-87.426027,34.746543],[-87.42601,34.746473],[-87.425947,34.746302],[-87.425926,34.746233],[-87.42585,34.746065],[-87.425803,34.745928],[-87.425745,34.745793],[-87.425724,34.745762],[-87.42568,34.745661],[-87.425658,34.74563],[-87.425624,34.745564],[-87.425495,34.745261],[-87.425444,34.745162],[-87.425435,34.745127],[-87.425409,34.745059],[-87.425387,34.745028],[-87.425307,34.744862],[-87.425283,34.744832],[-87.425266,34.744799],[-87.425251,34.744729],[-87.425217,34.744626],[-87.425114,34.744429],[-87.425083,34.744362],[-87.425063,34.74433],[-87.425012,34.744272],[-87.424968,34.744171],[-87.424907,34.744077],[-87.424805,34.743879],[-87.424717,34.743755],[-87.424598,34.743606],[-87.424521,34.743519],[-87.424483,34.743455],[-87.424366,34.743304],[-87.424114,34.743056],[-87.423981,34.742914],[-87.423719,34.742673],[-87.423585,34.742532],[-87.42336,34.74227],[-87.423313,34.74221],[-87.423271,34.742147],[-87.423101,34.74194],[-87.422899,34.741708],[-87.422851,34.741648],[-87.422722,34.741462],[-87.422708,34.741428],[-87.422662,34.741367],[-87.422557,34.741171],[-87.422529,34.741104],[-87.422498,34.741],[-87.422512,34.740857],[-87.422533,34.740773],[-87.422591,34.740677],[-87.422687,34.740557],[-87.422905,34.740381],[-87.423253,34.740166],[-87.423519,34.739979],[-87.424307,34.739465],[-87.424456,34.739334],[-87.424478,34.739303],[-87.424492,34.739269],[-87.424498,34.739198],[-87.424492,34.739163],[-87.424466,34.739095],[-87.424393,34.738965],[-87.42428,34.738812],[-87.42422,34.738717],[-87.424172,34.738657],[-87.424036,34.738433],[-87.424026,34.738399],[-87.424028,34.738363],[-87.424012,34.738257],[-87.424013,34.738221],[-87.424044,34.738117],[-87.424065,34.738085],[-87.424091,34.738057],[-87.424158,34.73801],[-87.42423,34.737971],[-87.424273,34.737961],[-87.424403,34.737946],[-87.424491,34.737948],[-87.424534,34.737955],[-87.424575,34.737967],[-87.424695,34.738012],[-87.424732,34.738031],[-87.424801,34.738075],[-87.425294,34.738427],[-87.425405,34.738485],[-87.425561,34.738551],[-87.425723,34.738603],[-87.426104,34.738689],[-87.426234,34.738708],[-87.426885,34.738776],[-87.427016,34.738783],[-87.427148,34.738785],[-87.427323,34.738779],[-87.427411,34.738771],[-87.427495,34.738752],[-87.427574,34.738721],[-87.427648,34.738682],[-87.427701,34.738625],[-87.427805,34.738468],[-87.427852,34.738408],[-87.428078,34.738146],[-87.42817,34.738069],[-87.428268,34.737998],[-87.42834,34.737956],[-87.428428,34.737919],[-87.428513,34.737901],[-87.428774,34.73787],[-87.42908,34.737852],[-87.429299,34.737853],[-87.429825,34.737872],[-87.430044,34.737874],[-87.430132,34.737869],[-87.430701,34.737858],[-87.431051,34.737833],[-87.43143,34.737744],[-87.431513,34.737719],[-87.431752,34.73763],[-87.432011,34.737496],[-87.432117,34.737433],[-87.432239,34.73733],[-87.432323,34.737248],[-87.432429,34.737135],[-87.432488,34.737039],[-87.432521,34.736972],[-87.432551,34.736868],[-87.432543,34.73669],[-87.432531,34.736619],[-87.432456,34.736452],[-87.432387,34.73632],[-87.432362,34.736237],[-87.432327,34.73614],[-87.43231,34.736106],[-87.432302,34.736072],[-87.432291,34.735965],[-87.43228,34.73593],[-87.432277,34.735895],[-87.432279,34.735574],[-87.432289,34.735503],[-87.432363,34.735261],[-87.43238,34.735191],[-87.432389,34.735013],[-87.432391,34.734871],[-87.432374,34.734801],[-87.432345,34.734624],[-87.432335,34.73459],[-87.432314,34.734412],[-87.432277,34.734273],[-87.432256,34.734131],[-87.432233,34.734062],[-87.432206,34.733921],[-87.4322,34.733708],[-87.43222,34.733494],[-87.432231,34.733459],[-87.432377,34.733199],[-87.432517,34.733018],[-87.432685,34.73281],[-87.432817,34.732625],[-87.432861,34.732524],[-87.43287,34.732489],[-87.43287,34.732382],[-87.432843,34.732206],[-87.432822,34.732137],[-87.432798,34.73196],[-87.432781,34.731927],[-87.432756,34.731822],[-87.432726,34.731609],[-87.432725,34.731538],[-87.432754,34.731397],[-87.43279,34.731294],[-87.432906,34.731102],[-87.432982,34.731014],[-87.43309,34.730902],[-87.433244,34.730774],[-87.433318,34.730737],[-87.433439,34.730694],[-87.433604,34.730643],[-87.433763,34.730582],[-87.433884,34.73054],[-87.433926,34.730529],[-87.434285,34.730396],[-87.434555,34.730276],[-87.43479,34.730178],[-87.434979,34.730088],[-87.435372,34.729927],[-87.435638,34.729803],[-87.435761,34.729701],[-87.435798,34.729636],[-87.435827,34.729532],[-87.435831,34.729461],[-87.43582,34.72936],[-87.435676,34.729061],[-87.435636,34.728922],[-87.43562,34.728889],[-87.435603,34.728783],[-87.435613,34.72857],[-87.435653,34.72843],[-87.435678,34.728362],[-87.435805,34.728096],[-87.435975,34.727766],[-87.436095,34.727498],[-87.436104,34.727463],[-87.436107,34.727427],[-87.436105,34.727249],[-87.436095,34.727178],[-87.436078,34.727108],[-87.43605,34.72704],[-87.435968,34.726914],[-87.435934,34.726848],[-87.435833,34.726731],[-87.435788,34.726671],[-87.43576,34.726644],[-87.435614,34.726465],[-87.435587,34.726437],[-87.435445,34.726257],[-87.435379,34.726164],[-87.435235,34.72603],[-87.4352,34.726008],[-87.435075,34.725974],[-87.435032,34.725967],[-87.434725,34.725955],[-87.434293,34.726004],[-87.434162,34.726014],[-87.434031,34.726006],[-87.433945,34.725995],[-87.433861,34.725973],[-87.433825,34.725953],[-87.433795,34.725927],[-87.433744,34.725869],[-87.433714,34.725801],[-87.433715,34.725766],[-87.433733,34.725696],[-87.433749,34.725663],[-87.433794,34.725602],[-87.433876,34.725518],[-87.43391,34.725495],[-87.434091,34.725395],[-87.434206,34.725344],[-87.434242,34.725323],[-87.434271,34.725296],[-87.434316,34.725235],[-87.434329,34.725165],[-87.434346,34.725023],[-87.434354,34.724453],[-87.434372,34.724347],[-87.434354,34.724241],[-87.434327,34.724136],[-87.434283,34.723999],[-87.434261,34.723967],[-87.4342,34.723917],[-87.434118,34.72389],[-87.433945,34.723865],[-87.433901,34.723865],[-87.433642,34.723898],[-87.433554,34.723905],[-87.433422,34.723908],[-87.433379,34.723906],[-87.433339,34.723892],[-87.433237,34.723824],[-87.433175,34.723774],[-87.433067,34.723661],[-87.433054,34.723629],[-87.4331,34.723528],[-87.43313,34.723423],[-87.433162,34.723357],[-87.433271,34.723086],[-87.433349,34.72292],[-87.43339,34.722818],[-87.433472,34.722541],[-87.43349,34.722435],[-87.433479,34.722292],[-87.433471,34.722257],[-87.433423,34.72212],[-87.433402,34.722088],[-87.433389,34.722054],[-87.43332,34.721738],[-87.433306,34.721632],[-87.433297,34.721597],[-87.433292,34.72149],[-87.433323,34.721133],[-87.433326,34.720991],[-87.433341,34.720848],[-87.43334,34.720777],[-87.433347,34.720735],[-87.43335,34.720627],[-87.433368,34.720449],[-87.433365,34.720415],[-87.43319,34.720254],[-87.433147,34.720192],[-87.433093,34.720136],[-87.433053,34.720072],[-87.433008,34.719972],[-87.432983,34.719942],[-87.432947,34.719839],[-87.432938,34.719768],[-87.432917,34.719663],[-87.432917,34.71952],[-87.432937,34.719379],[-87.433059,34.719074],[-87.43315,34.718873],[-87.433209,34.718778],[-87.433355,34.718479],[-87.433369,34.718409],[-87.433399,34.718305],[-87.43345,34.718169],[-87.433454,34.718085],[-87.43343,34.717908],[-87.43333,34.717711],[-87.43331,34.717679],[-87.433201,34.717568],[-87.433097,34.717504],[-87.43306,34.717485],[-87.432898,34.71743],[-87.432813,34.717411],[-87.432168,34.717307],[-87.432038,34.717289],[-87.431733,34.717261],[-87.431472,34.717231],[-87.43104,34.717168],[-87.430955,34.717149],[-87.430753,34.717081],[-87.430562,34.716993],[-87.430389,34.716883],[-87.430159,34.716717],[-87.429924,34.716507],[-87.429863,34.716457],[-87.429806,34.716403],[-87.429783,34.716372],[-87.429628,34.7162],[-87.429536,34.71608],[-87.429455,34.715954],[-87.429379,34.715826],[-87.429357,34.715757],[-87.429333,34.715616],[-87.429406,34.715193],[-87.429419,34.71516],[-87.429436,34.715091],[-87.429443,34.71502],[-87.42946,34.714951],[-87.429465,34.714808],[-87.429454,34.714702],[-87.429435,34.714632],[-87.429395,34.714531],[-87.429353,34.714468],[-87.429336,34.714435],[-87.429286,34.714377],[-87.429257,34.71435],[-87.42916,34.714278],[-87.429007,34.714209],[-87.428721,34.714116],[-87.428526,34.714036],[-87.428097,34.713787],[-87.427763,34.713557],[-87.427544,34.713382],[-87.427288,34.713137],[-87.427213,34.71305],[-87.427118,34.71293],[-87.427039,34.712803],[-87.426989,34.712744],[-87.426923,34.712627],[-87.42685,34.71246],[-87.42684,34.712425],[-87.426665,34.712061],[-87.426654,34.712027],[-87.426618,34.711962],[-87.426612,34.711948],[-87.426504,34.711694],[-87.426427,34.711492],[-87.426368,34.71136],[-87.426345,34.711292],[-87.426302,34.71112],[-87.42629,34.711058],[-87.42626,34.710922],[-87.426257,34.71091],[-87.42624,34.710805],[-87.426227,34.710664],[-87.426211,34.710594],[-87.426188,34.710381],[-87.426165,34.710063],[-87.426161,34.709743],[-87.426175,34.709601],[-87.426228,34.709465],[-87.426291,34.709332],[-87.426506,34.709021],[-87.426545,34.708957],[-87.426717,34.708795],[-87.426907,34.708646],[-87.427149,34.708493],[-87.427284,34.708403],[-87.427747,34.708131],[-87.427971,34.708019],[-87.428335,34.70782],[-87.428614,34.707646],[-87.428681,34.7076],[-87.429235,34.707345],[-87.429706,34.707158],[-87.430253,34.706934],[-87.430404,34.706861],[-87.43083,34.70668],[-87.431407,34.706426],[-87.431744,34.706259],[-87.431882,34.706172],[-87.431983,34.706103],[-87.432111,34.706006],[-87.432443,34.705674],[-87.432493,34.705616],[-87.432738,34.705365],[-87.432909,34.705202],[-87.433208,34.704942],[-87.433397,34.704795],[-87.433717,34.704607],[-87.433867,34.704533],[-87.433944,34.7045],[-87.434315,34.704307],[-87.434467,34.704238],[-87.434894,34.704058],[-87.434973,34.70403],[-87.435318,34.703877],[-87.435617,34.70373],[-87.436049,34.703485],[-87.43608,34.70346],[-87.436182,34.703392],[-87.436398,34.703219],[-87.436574,34.703061],[-87.436683,34.702949],[-87.436817,34.702767],[-87.436889,34.702637],[-87.437015,34.702224],[-87.437087,34.701879],[-87.437223,34.701504],[-87.437278,34.701297],[-87.437344,34.701128],[-87.437364,34.701059],[-87.437402,34.700956],[-87.437481,34.70079],[-87.437563,34.700665],[-87.437598,34.7006],[-87.437797,34.700325],[-87.437823,34.700296],[-87.437907,34.700171],[-87.437932,34.700143],[-87.437963,34.700117],[-87.437997,34.700095],[-87.438152,34.69997],[-87.438299,34.699893],[-87.438377,34.699862],[-87.438414,34.699843],[-87.438495,34.699816],[-87.438706,34.699769],[-87.43922,34.699681],[-87.439409,34.699654],[-87.439564,34.699632],[-87.439693,34.69961],[-87.439988,34.699546],[-87.440117,34.699526],[-87.44042,34.699491],[-87.440592,34.699462],[-87.440889,34.699402],[-87.441191,34.699359],[-87.441448,34.699314],[-87.441957,34.699205],[-87.442464,34.699091],[-87.442841,34.698993],[-87.443138,34.698929],[-87.443698,34.69884],[-87.443785,34.698831],[-87.444487,34.698808],[-87.444575,34.698808],[-87.444795,34.698818],[-87.44541,34.698828],[-87.445629,34.698811],[-87.445672,34.698803],[-87.445877,34.69874],[-87.445992,34.698687],[-87.446135,34.698604],[-87.44632,34.698453],[-87.446496,34.698293],[-87.446738,34.697954],[-87.446937,34.697719],[-87.446964,34.69768],[-87.447123,34.69751],[-87.447362,34.697304],[-87.447532,34.697192],[-87.447597,34.697144],[-87.447742,34.697064],[-87.447967,34.696956],[-87.448045,34.696924],[-87.448168,34.696887],[-87.44834,34.696864],[-87.448471,34.696855],[-87.448559,34.696855],[-87.448733,34.696863],[-87.448951,34.696881],[-87.44917,34.696893],[-87.449477,34.69688],[-87.449737,34.696848],[-87.44995,34.696804],[-87.450032,34.696778],[-87.450188,34.696713],[-87.450388,34.696639],[-87.450643,34.6965],[-87.45075,34.696437],[-87.450781,34.696412],[-87.45095,34.696299],[-87.451085,34.696191],[-87.451106,34.696174],[-87.451257,34.696044],[-87.451333,34.695957],[-87.451426,34.695836],[-87.451581,34.69558],[-87.451587,34.695572],[-87.451611,34.69554],[-87.451763,34.695336],[-87.451821,34.69524],[-87.451865,34.695179],[-87.4519,34.695113],[-87.451922,34.695082],[-87.452009,34.694896],[-87.452032,34.694827],[-87.452066,34.694761],[-87.452161,34.694486],[-87.452211,34.694276],[-87.452233,34.694207],[-87.452324,34.693968],[-87.452457,34.69359],[-87.452564,34.693319],[-87.452636,34.69315],[-87.452685,34.693013],[-87.452772,34.692664],[-87.452836,34.692276],[-87.452857,34.692098],[-87.452866,34.692064],[-87.452882,34.691886],[-87.45292,34.691674],[-87.452925,34.691531],[-87.452952,34.691318],[-87.453001,34.691072],[-87.453076,34.690794],[-87.453116,34.690619],[-87.453154,34.69048],[-87.453184,34.69034],[-87.453222,34.690201],[-87.453246,34.690023],[-87.453261,34.689953],[-87.453272,34.689811],[-87.453294,34.689705],[-87.453304,34.689599],[-87.453325,34.689457],[-87.453334,34.689422],[-87.453337,34.689315],[-87.453334,34.689244],[-87.453303,34.688995],[-87.453288,34.688961],[-87.453265,34.688856],[-87.453239,34.688788],[-87.453221,34.688755],[-87.453189,34.688651],[-87.453139,34.688514],[-87.453052,34.688238],[-87.453027,34.688133],[-87.452995,34.688029],[-87.452962,34.687852],[-87.452948,34.687638],[-87.452931,34.687532],[-87.452931,34.687461],[-87.452945,34.68739],[-87.45299,34.687252],[-87.453041,34.687194],[-87.453131,34.687116],[-87.453158,34.687087],[-87.453249,34.68701],[-87.453276,34.686982],[-87.453358,34.686856],[-87.453372,34.686822],[-87.453394,34.68668],[-87.453391,34.686645],[-87.453368,34.686539],[-87.453359,34.686468],[-87.453346,34.686434],[-87.453308,34.68637],[-87.453234,34.686281],[-87.453205,34.686254],[-87.453138,34.686209],[-87.453023,34.686157],[-87.452777,34.68608],[-87.452697,34.686051],[-87.45254,34.685986],[-87.452392,34.68591],[-87.452359,34.685886],[-87.452242,34.685781],[-87.452197,34.68572],[-87.452162,34.685655],[-87.452144,34.685585],[-87.452113,34.685513],[-87.452077,34.685337],[-87.452069,34.685266],[-87.452069,34.685088],[-87.452045,34.684947],[-87.452035,34.684841],[-87.452033,34.68477],[-87.452009,34.684629],[-87.452005,34.684558],[-87.451972,34.684418],[-87.451969,34.684383],[-87.451948,34.684277],[-87.451927,34.684209],[-87.4519,34.684141],[-87.451835,34.683898],[-87.45181,34.68383],[-87.451802,34.683795],[-87.451749,34.683661],[-87.451691,34.68349],[-87.451672,34.683459],[-87.451623,34.683323],[-87.451571,34.683225],[-87.451561,34.683202],[-87.451549,34.683173],[-87.4515,34.683057],[-87.451452,34.682958],[-87.451428,34.682889],[-87.451373,34.682792],[-87.451333,34.682696],[-87.451303,34.682623],[-87.4512,34.682466],[-87.451138,34.682385],[-87.451,34.682212],[-87.450969,34.682179],[-87.450679,34.681903],[-87.45047,34.681677],[-87.450243,34.681465],[-87.450175,34.681374],[-87.450039,34.681236],[-87.450016,34.681205],[-87.449979,34.681142],[-87.449927,34.681084],[-87.449857,34.680955],[-87.449835,34.680925],[-87.449751,34.680722],[-87.449706,34.680548],[-87.449689,34.680443],[-87.449683,34.68023],[-87.449703,34.680088],[-87.449723,34.680019],[-87.449727,34.679983],[-87.449755,34.67988],[-87.449835,34.679714],[-87.44986,34.679685],[-87.449901,34.679622],[-87.450019,34.679518],[-87.450056,34.679498],[-87.450121,34.679451],[-87.450243,34.679203],[-87.45039,34.679231],[-87.450419,34.6792],[-87.450453,34.679205],[-87.450573,34.679223],[-87.450625,34.679231],[-87.450662,34.679239],[-87.450722,34.679251],[-87.450857,34.679278],[-87.450979,34.679303],[-87.45111,34.67933],[-87.451218,34.67938],[-87.451608,34.67946],[-87.451659,34.67948],[-87.451969,34.679362],[-87.452204,34.679149],[-87.452435,34.67883],[-87.452601,34.678547],[-87.45271,34.678228],[-87.452745,34.677831],[-87.452566,34.677242],[-87.452217,34.676619],[-87.451816,34.6764],[-87.451327,34.676405],[-87.450939,34.676636],[-87.450743,34.676832],[-87.450442,34.677063],[-87.450093,34.677338],[-87.449443,34.677884],[-87.44897,34.678263],[-87.448915,34.678318],[-87.44865,34.678551],[-87.448596,34.678605],[-87.448508,34.678683],[-87.448434,34.678768],[-87.448351,34.678851],[-87.448304,34.67891],[-87.448221,34.678993],[-87.448188,34.679015],[-87.448042,34.679149],[-87.447981,34.6792],[-87.447885,34.679272],[-87.447849,34.679293],[-87.447697,34.679364],[-87.447614,34.679386],[-87.447439,34.679394],[-87.447353,34.679384],[-87.447269,34.679363],[-87.447199,34.67932],[-87.447079,34.679217],[-87.446946,34.679125],[-87.44691,34.679105],[-87.44656,34.67884],[-87.446468,34.678765],[-87.44624,34.678549],[-87.445737,34.678152],[-87.445499,34.677943],[-87.44522,34.677716],[-87.445141,34.677632],[-87.445068,34.677545],[-87.444929,34.67741],[-87.444649,34.677184],[-87.444517,34.677093],[-87.44439,34.676996],[-87.444082,34.676741],[-87.443907,34.676584],[-87.443774,34.676445],[-87.443579,34.676254],[-87.443475,34.676142],[-87.443429,34.676082],[-87.443375,34.676025],[-87.443303,34.675937],[-87.443199,34.675822],[-87.443113,34.6757],[-87.443055,34.675605],[-87.443036,34.675535],[-87.443029,34.675465],[-87.443034,34.675429],[-87.443066,34.675326],[-87.443121,34.675214],[-87.443166,34.675153],[-87.443217,34.675095],[-87.443275,34.675042],[-87.443327,34.674985],[-87.443388,34.674933],[-87.443498,34.674823],[-87.443871,34.674522],[-87.443907,34.674502],[-87.444067,34.674381],[-87.444296,34.674218],[-87.44465,34.673955],[-87.445094,34.673654],[-87.445151,34.673615],[-87.445247,34.673541],[-87.44552,34.673309],[-87.445841,34.672974],[-87.445964,34.672829],[-87.446009,34.672769],[-87.446284,34.672453],[-87.446312,34.672426],[-87.446411,34.67231],[-87.446495,34.672186],[-87.446542,34.672126],[-87.446559,34.672093],[-87.446623,34.672],[-87.446674,34.671944],[-87.446792,34.671796],[-87.446858,34.671705],[-87.447003,34.671486],[-87.447033,34.67142],[-87.447103,34.671289],[-87.447182,34.671162],[-87.447228,34.671102],[-87.447436,34.670708],[-87.447499,34.670576],[-87.447511,34.670542],[-87.447581,34.670412],[-87.447675,34.670215],[-87.447694,34.670147],[-87.447749,34.670014],[-87.447843,34.669745],[-87.447962,34.669225],[-87.447982,34.669048],[-87.448034,34.668841],[-87.448047,34.668808],[-87.448067,34.668703],[-87.448067,34.668667],[-87.448087,34.668562],[-87.448115,34.668459],[-87.448136,34.668354],[-87.448155,34.668286],[-87.448175,34.668181],[-87.448177,34.668145],[-87.448208,34.668006],[-87.448231,34.667829],[-87.448293,34.66748],[-87.448341,34.667128],[-87.44836,34.667059],[-87.448378,34.666882],[-87.448425,34.666564],[-87.448437,34.666457],[-87.448446,34.666422],[-87.448468,34.666174],[-87.44849,34.666068],[-87.448486,34.665476],[-87.448478,34.665334],[-87.448414,34.664911],[-87.448378,34.664809],[-87.448317,34.664676],[-87.448259,34.66458],[-87.448212,34.66452],[-87.448183,34.664494],[-87.448131,34.664437],[-87.448027,34.664365],[-87.447877,34.664292],[-87.447637,34.664211],[-87.447223,34.664101],[-87.447064,34.664049],[-87.446898,34.664005],[-87.446654,34.66393],[-87.446535,34.663887],[-87.446382,34.663822],[-87.446348,34.663801],[-87.446235,34.663751],[-87.446194,34.663741],[-87.44616,34.66372],[-87.446082,34.663694],[-87.445975,34.663638],[-87.445942,34.663616],[-87.445726,34.663503],[-87.445688,34.663487],[-87.445549,34.663403],[-87.445476,34.663367],[-87.445374,34.663299],[-87.445211,34.663181],[-87.4448,34.662862],[-87.444666,34.66276],[-87.44461,34.662706],[-87.444461,34.662578],[-87.44426,34.662393],[-87.444049,34.662212],[-87.44388,34.662052],[-87.443777,34.661939],[-87.443665,34.661832],[-87.443568,34.661716],[-87.443529,34.661653],[-87.443503,34.661626],[-87.443482,34.661595],[-87.443411,34.661467],[-87.443383,34.661401],[-87.443356,34.661297],[-87.443353,34.661227],[-87.443356,34.661191],[-87.443367,34.661157],[-87.443404,34.661092],[-87.443486,34.661009],[-87.443566,34.660981],[-87.44361,34.660979],[-87.443697,34.660968],[-87.443995,34.66094],[-87.444216,34.660919],[-87.444345,34.660902],[-87.444473,34.660879],[-87.444598,34.660847],[-87.4448,34.660779],[-87.444991,34.660699],[-87.445025,34.660676],[-87.445098,34.660639],[-87.445163,34.660592],[-87.445219,34.660538],[-87.445242,34.660507],[-87.445309,34.660376],[-87.445312,34.660269],[-87.445304,34.660235],[-87.445286,34.660094],[-87.445258,34.659992],[-87.445223,34.659891],[-87.445208,34.659859],[-87.44519,34.659791],[-87.445186,34.65972],[-87.445188,34.65965],[-87.445205,34.65958],[-87.445223,34.659548],[-87.44527,34.659488],[-87.445414,34.659354],[-87.445485,34.659313],[-87.445566,34.659288],[-87.445609,34.659279],[-87.445738,34.659264],[-87.445782,34.659268],[-87.445866,34.659287],[-87.44618,34.65941],[-87.446331,34.659479],[-87.446371,34.659492],[-87.446456,34.65951],[-87.446631,34.65951],[-87.446673,34.659499],[-87.446792,34.659454],[-87.446931,34.659372],[-87.447129,34.659241],[-87.447201,34.659205],[-87.447225,34.659175],[-87.447287,34.659129],[-87.447406,34.659029],[-87.447574,34.658869],[-87.447658,34.658779],[-87.447698,34.658725],[-87.447729,34.658659],[-87.447758,34.658519],[-87.447746,34.658381],[-87.447735,34.658312],[-87.44769,34.658212],[-87.447668,34.658138],[-87.447649,34.658106],[-87.447625,34.658039],[-87.447608,34.658006],[-87.447523,34.657882],[-87.447506,34.657849],[-87.447386,34.657702],[-87.447262,34.657559],[-87.44715,34.657454],[-87.447076,34.657367],[-87.446821,34.657041],[-87.446712,34.656887],[-87.446592,34.656696],[-87.446518,34.656567],[-87.446473,34.656506],[-87.446448,34.656439],[-87.446355,34.656277],[-87.446324,34.656211],[-87.446246,34.656085],[-87.446155,34.655888],[-87.446023,34.655664],[-87.445961,34.65557],[-87.445915,34.65551],[-87.445799,34.655318],[-87.445774,34.655289],[-87.445623,34.655033],[-87.445591,34.654967],[-87.445554,34.654903],[-87.445491,34.65481],[-87.445397,34.654692],[-87.44537,34.654664],[-87.445355,34.654631],[-87.445302,34.654575],[-87.44515,34.654362],[-87.445101,34.654304],[-87.445074,34.654237],[-87.444997,34.65411],[-87.444988,34.654075],[-87.444961,34.654008],[-87.444943,34.653975],[-87.444917,34.653908],[-87.444871,34.653703],[-87.444871,34.653668],[-87.444861,34.653598],[-87.444862,34.653209],[-87.444874,34.653138],[-87.444911,34.653036],[-87.445009,34.652728],[-87.445061,34.652593],[-87.445154,34.652393],[-87.445312,34.652026],[-87.445422,34.651794],[-87.445517,34.65156],[-87.445526,34.651525],[-87.445567,34.651425],[-87.445632,34.651295],[-87.445643,34.651262],[-87.445676,34.651198],[-87.445724,34.651066],[-87.44577,34.650968],[-87.445826,34.650874],[-87.445869,34.650812],[-87.445943,34.650725],[-87.446003,34.650677],[-87.446167,34.650583],[-87.44621,34.650576],[-87.446247,34.650557],[-87.446324,34.650527],[-87.446359,34.650506],[-87.446437,34.650477],[-87.446549,34.650425],[-87.446658,34.650367],[-87.446893,34.650207],[-87.447074,34.650054],[-87.447096,34.650025],[-87.4472,34.649915],[-87.447433,34.649622],[-87.447452,34.649591],[-87.447523,34.649505],[-87.447575,34.64945],[-87.447674,34.64938],[-87.447804,34.649366],[-87.448014,34.649428],[-87.448055,34.649529],[-87.448065,34.649564],[-87.44813,34.649655],[-87.448201,34.649743],[-87.448305,34.649857],[-87.448392,34.649933],[-87.448465,34.64997],[-87.448497,34.649993],[-87.44861,34.650043],[-87.448775,34.650086],[-87.448905,34.650087],[-87.449034,34.650083],[-87.449077,34.650078],[-87.449154,34.650051],[-87.449236,34.650022],[-87.449273,34.650003],[-87.449366,34.64993],[-87.449463,34.649811],[-87.449517,34.649716],[-87.449513,34.649681],[-87.449519,34.649645],[-87.449533,34.649612],[-87.449523,34.649577],[-87.449503,34.649546],[-87.449469,34.649524],[-87.449256,34.649481],[-87.449138,34.649439],[-87.449102,34.649419],[-87.449074,34.649392],[-87.449027,34.649333],[-87.449015,34.649298],[-87.44901,34.649263],[-87.449011,34.649166],[-87.449087,34.649132],[-87.449256,34.649021],[-87.449405,34.648949],[-87.44955,34.648897],[-87.449593,34.648894],[-87.449679,34.648896],[-87.449765,34.64891],[-87.449889,34.648944],[-87.450008,34.648986],[-87.450158,34.649057],[-87.4502,34.649068],[-87.450272,34.649105],[-87.450466,34.649182],[-87.450752,34.649269],[-87.451024,34.649379],[-87.451173,34.64945],[-87.451253,34.649476],[-87.451463,34.649529],[-87.451506,34.649536],[-87.451549,34.649537],[-87.45172,34.649557],[-87.451807,34.649557],[-87.45198,34.649566],[-87.452153,34.649568],[-87.452283,34.649561],[-87.452627,34.649556],[-87.452927,34.649566],[-87.453056,34.649579],[-87.453522,34.64966],[-87.453733,34.64971],[-87.453855,34.649749],[-87.454045,34.649833],[-87.454079,34.649855],[-87.454334,34.65005],[-87.45447,34.65014],[-87.454506,34.650159],[-87.454586,34.650189],[-87.45471,34.650222],[-87.454837,34.650247],[-87.45501,34.650236],[-87.455053,34.650228],[-87.455167,34.650177],[-87.455244,34.650111],[-87.455306,34.650016],[-87.455353,34.649918],[-87.455375,34.64985],[-87.455382,34.649815],[-87.455395,34.649674],[-87.45539,34.649569],[-87.455378,34.649501],[-87.455382,34.649466],[-87.455367,34.649296],[-87.455348,34.649229],[-87.455332,34.649059],[-87.455336,34.649025],[-87.455333,34.648991],[-87.455323,34.648958],[-87.455321,34.648854],[-87.455312,34.648785],[-87.455308,34.648646],[-87.455312,34.648611],[-87.45531,34.648507],[-87.455318,34.648332],[-87.455313,34.648264],[-87.455316,34.648229],[-87.455347,34.648126],[-87.455384,34.648026],[-87.455444,34.647935],[-87.455516,34.647849],[-87.455617,34.647783],[-87.455736,34.647742],[-87.455823,34.647731],[-87.455909,34.647732],[-87.455952,34.647736],[-87.456038,34.647753],[-87.456162,34.647784],[-87.45624,34.647812],[-87.456282,34.64782],[-87.456394,34.64787],[-87.45657,34.647973],[-87.456731,34.648093],[-87.456846,34.648199],[-87.456878,34.648223],[-87.45712,34.648376],[-87.457268,34.648449],[-87.457376,34.648509],[-87.457534,34.648631],[-87.457701,34.648746],[-87.457958,34.648936],[-87.458403,34.649222],[-87.458732,34.649394],[-87.459259,34.649641],[-87.459618,34.649768],[-87.459746,34.649792],[-87.459921,34.649784],[-87.459962,34.649772],[-87.460076,34.649721],[-87.460213,34.649583],[-87.460264,34.649525],[-87.460397,34.649264],[-87.460534,34.648926],[-87.460586,34.648829],[-87.460607,34.648798],[-87.460655,34.648699],[-87.460722,34.648528],[-87.460792,34.648323],[-87.460844,34.648115],[-87.460867,34.647903],[-87.460863,34.647618],[-87.460849,34.647548],[-87.460842,34.647442],[-87.460824,34.647373],[-87.460814,34.647303],[-87.460763,34.647095],[-87.460751,34.647025],[-87.46072,34.646922],[-87.460691,34.646855],[-87.460686,34.64682],[-87.460654,34.646717],[-87.460628,34.646649],[-87.460596,34.646583],[-87.460556,34.64652],[-87.460508,34.64646],[-87.460442,34.646414],[-87.460404,34.646396],[-87.46032,34.646377],[-87.460276,34.646373],[-87.460189,34.646378],[-87.460146,34.646386],[-87.459902,34.646464],[-87.459864,34.646481],[-87.459829,34.646502],[-87.459681,34.646575],[-87.459563,34.64662],[-87.459441,34.646658],[-87.459312,34.646668],[-87.459268,34.646668],[-87.459225,34.646663],[-87.459149,34.646627],[-87.459116,34.646606],[-87.459056,34.646556],[-87.459002,34.64646],[-87.458993,34.646425],[-87.458983,34.646324],[-87.45899,34.64629],[-87.458974,34.646153],[-87.458979,34.646119],[-87.458976,34.646016],[-87.458959,34.645912],[-87.458927,34.645774],[-87.458868,34.645567],[-87.458848,34.645535],[-87.458809,34.645434],[-87.458786,34.645404],[-87.458747,34.645304],[-87.458661,34.64503],[-87.458649,34.644961],[-87.458654,34.644926],[-87.458647,34.644856],[-87.458653,34.644786],[-87.458651,34.644751],[-87.458656,34.644645],[-87.458675,34.644576],[-87.458722,34.644516],[-87.45883,34.644404],[-87.458939,34.644346],[-87.459018,34.644319],[-87.459145,34.644299],[-87.459319,34.64431],[-87.459496,34.644349],[-87.459931,34.644515],[-87.460277,34.644667],[-87.460808,34.644919],[-87.461434,34.645247],[-87.461505,34.645289],[-87.461837,34.645461],[-87.462221,34.645631],[-87.462786,34.645813],[-87.462868,34.645836],[-87.462989,34.645877],[-87.463186,34.645955],[-87.463596,34.646159],[-87.463808,34.646284],[-87.464189,34.646519],[-87.464455,34.646703],[-87.464557,34.646769],[-87.464628,34.64681],[-87.464756,34.646893],[-87.46482,34.646941],[-87.464958,34.647028],[-87.465354,34.647304],[-87.465418,34.647353],[-87.465518,34.647421],[-87.465765,34.647563],[-87.465831,34.647608],[-87.466055,34.647718],[-87.466283,34.647824],[-87.466403,34.647866],[-87.466442,34.647883],[-87.466523,34.647909],[-87.467101,34.648163],[-87.467453,34.648308],[-87.467669,34.648427],[-87.467887,34.648541],[-87.467956,34.648583],[-87.468223,34.648703],[-87.468624,34.648845],[-87.468901,34.648952],[-87.469749,34.649227],[-87.470282,34.64937],[-87.470777,34.649491],[-87.47094,34.64954],[-87.471104,34.649583],[-87.471635,34.649741],[-87.471677,34.64975],[-87.471721,34.649752],[-87.471932,34.649786],[-87.472257,34.649892],[-87.472417,34.64995],[-87.473191,34.650201],[-87.473353,34.650257],[-87.473951,34.650478],[-87.474345,34.650631],[-87.47483,34.650802],[-87.475482,34.651007],[-87.475796,34.651133],[-87.475861,34.651151],[-87.476012,34.651221],[-87.476249,34.65131],[-87.476747,34.651452],[-87.476789,34.651461],[-87.476918,34.651478],[-87.477137,34.651485],[-87.477224,34.651481],[-87.477483,34.651445],[-87.477696,34.651401],[-87.477737,34.651389],[-87.478018,34.651287],[-87.478099,34.651261],[-87.478176,34.651227],[-87.478321,34.651148],[-87.478473,34.651077],[-87.478506,34.651054],[-87.478617,34.650997],[-87.478733,34.650948],[-87.478963,34.650859],[-87.478999,34.65084],[-87.479102,34.650773],[-87.479483,34.650598],[-87.479732,34.650479],[-87.479898,34.6504],[-87.479977,34.65037],[-87.480019,34.650359],[-87.480098,34.650328],[-87.480346,34.650259],[-87.48062,34.650149],[-87.480661,34.650137],[-87.48085,34.650048],[-87.480918,34.650005],[-87.480947,34.649979],[-87.481015,34.649935],[-87.481105,34.649858],[-87.48122,34.649752],[-87.481282,34.649703],[-87.481394,34.649594],[-87.481456,34.649545],[-87.481535,34.64946],[-87.481646,34.649351],[-87.481823,34.649195],[-87.482028,34.649061],[-87.482173,34.648982],[-87.482452,34.648883],[-87.482702,34.648818],[-87.482824,34.64878],[-87.4829,34.648746],[-87.482941,34.648734],[-87.483053,34.64868],[-87.483226,34.64857],[-87.483409,34.648418],[-87.483434,34.648389],[-87.483493,34.648337],[-87.483576,34.648254],[-87.483649,34.648144],[-87.483666,34.648111],[-87.48371,34.647973],[-87.483708,34.647867],[-87.483685,34.647762],[-87.483647,34.647682],[-87.483624,34.647613],[-87.48356,34.647481],[-87.483507,34.64731],[-87.483498,34.647239],[-87.483492,34.647132],[-87.483506,34.647099],[-87.483529,34.647068],[-87.483619,34.64699],[-87.483846,34.646881],[-87.483989,34.646799],[-87.484151,34.646681],[-87.484211,34.646629],[-87.48429,34.646544],[-87.484399,34.64639],[-87.484424,34.646322],[-87.484482,34.646114],[-87.48448,34.645937],[-87.484476,34.645901],[-87.48445,34.645833],[-87.484412,34.645769],[-87.484352,34.645717],[-87.484282,34.645675],[-87.484164,34.645629],[-87.483883,34.645534],[-87.483605,34.645432],[-87.483524,34.645406],[-87.483287,34.645316],[-87.483056,34.645217],[-87.48291,34.645139],[-87.482814,34.645069],[-87.482723,34.644993],[-87.482637,34.644913],[-87.482512,34.644767],[-87.482468,34.644706],[-87.482394,34.644577],[-87.482325,34.644336],[-87.482323,34.644122],[-87.482342,34.643981],[-87.48238,34.643843],[-87.482403,34.643775],[-87.482458,34.64364],[-87.482499,34.643578],[-87.482621,34.643349],[-87.482631,34.643315],[-87.482719,34.643152],[-87.482738,34.643047],[-87.48275,34.642941],[-87.482737,34.642799],[-87.482728,34.642764],[-87.482692,34.6427],[-87.482649,34.642637],[-87.482517,34.642544],[-87.482356,34.642488],[-87.482229,34.642461],[-87.482056,34.64244],[-87.481798,34.642403],[-87.481418,34.642338],[-87.481335,34.64232],[-87.481176,34.642267],[-87.480989,34.642178],[-87.480916,34.642139],[-87.480739,34.642034],[-87.480519,34.641919],[-87.480183,34.641753],[-87.479955,34.64165],[-87.479877,34.64162],[-87.479766,34.641562],[-87.479516,34.641419],[-87.479412,34.641342],[-87.479099,34.641109],[-87.478867,34.640947],[-87.478612,34.640753],[-87.478403,34.640624],[-87.478336,34.640578],[-87.478177,34.640457],[-87.478026,34.640331],[-87.477944,34.64025],[-87.477911,34.640226],[-87.477839,34.640139],[-87.477756,34.640014],[-87.47771,34.639955],[-87.477692,34.639922],[-87.477626,34.639831],[-87.477578,34.639731],[-87.477373,34.639419],[-87.477363,34.639384],[-87.477319,34.639284],[-87.477299,34.639252],[-87.477262,34.63915],[-87.477217,34.638977],[-87.477151,34.638771],[-87.477062,34.638533],[-87.477016,34.638434],[-87.476991,34.638404],[-87.476941,34.638307],[-87.476898,34.638207],[-87.47689,34.638173],[-87.476863,34.638106],[-87.476829,34.638042],[-87.476811,34.637974],[-87.476806,34.637902],[-87.476816,34.637868],[-87.476822,34.637798],[-87.476864,34.637697],[-87.476903,34.637633],[-87.476955,34.637576],[-87.477013,34.637523],[-87.47711,34.637452],[-87.477183,34.637413],[-87.477336,34.637344],[-87.477502,34.637303],[-87.477545,34.637296],[-87.478196,34.637266],[-87.478497,34.637299],[-87.478801,34.637321],[-87.478927,34.637292],[-87.479045,34.637246],[-87.479151,34.637183],[-87.479209,34.637131],[-87.479272,34.637082],[-87.479451,34.636926],[-87.479477,34.636898],[-87.479602,34.636799],[-87.479734,34.636704],[-87.479838,34.636639],[-87.479912,34.636602],[-87.479965,34.636566],[-87.480173,34.636509],[-87.480217,34.636505],[-87.480611,34.636494],[-87.48074,34.636514],[-87.480909,34.636552],[-87.480991,34.636578],[-87.481177,34.636671],[-87.481335,34.636794],[-87.481394,34.636847],[-87.481419,34.636876],[-87.481436,34.636909],[-87.481487,34.637081],[-87.481508,34.637295],[-87.481516,34.637471],[-87.481526,34.637542],[-87.481535,34.637683],[-87.481561,34.637823],[-87.481589,34.63792],[-87.481601,34.637961],[-87.481616,34.637994],[-87.481678,34.638088],[-87.481709,34.638113],[-87.481782,34.638153],[-87.481823,34.638166],[-87.481954,34.638173],[-87.481997,34.638166],[-87.482075,34.638134],[-87.482145,34.638092],[-87.482201,34.638038],[-87.482238,34.637973],[-87.482262,34.637905],[-87.482277,34.637763],[-87.482275,34.637445],[-87.482271,34.637374],[-87.482295,34.637233],[-87.482309,34.637199],[-87.482349,34.637136],[-87.482376,34.637107],[-87.482407,34.637083],[-87.482444,34.637064],[-87.482486,34.637054],[-87.482616,34.637037],[-87.482703,34.637036],[-87.482921,34.637057],[-87.483047,34.637086],[-87.483129,34.63711],[-87.483836,34.637285],[-87.483963,34.637312],[-87.484394,34.63737],[-87.484569,34.63737],[-87.484656,34.637364],[-87.484866,34.637319],[-87.48503,34.637269],[-87.485143,34.637215],[-87.485256,34.637106],[-87.485281,34.637077],[-87.485359,34.63695],[-87.485375,34.636808],[-87.485354,34.636739],[-87.485295,34.636644],[-87.485247,34.636584],[-87.485219,34.636557],[-87.48517,34.636528],[-87.485127,34.636526],[-87.485083,34.63653],[-87.484999,34.636551],[-87.484882,34.636599],[-87.484781,34.636666],[-87.484559,34.636776],[-87.484395,34.636826],[-87.484352,34.636827],[-87.484178,34.636812],[-87.483754,34.636731],[-87.483547,34.636673],[-87.483468,34.636643],[-87.483223,34.636494],[-87.483001,34.636323],[-87.482974,34.636296],[-87.482931,34.636235],[-87.482921,34.6362],[-87.48292,34.636093],[-87.482931,34.635987],[-87.482941,34.635952],[-87.482997,34.635817],[-87.483087,34.635656],[-87.483108,34.635625],[-87.483193,34.635544],[-87.48326,34.635498],[-87.483369,34.635438],[-87.483445,34.635404],[-87.483662,34.635381],[-87.483749,34.635384],[-87.483963,34.635424],[-87.484301,34.635497],[-87.484387,34.635511],[-87.484519,34.635511],[-87.484605,34.6355],[-87.484893,34.635418],[-87.484977,34.635398],[-87.485192,34.635369],[-87.485278,34.63537],[-87.48532,34.635364],[-87.48545,34.635361],[-87.485622,34.635363],[-87.485751,34.635345],[-87.485834,34.635324],[-87.485874,34.635309],[-87.485987,34.635255],[-87.486055,34.63521],[-87.486103,34.635151],[-87.486139,34.635086],[-87.486156,34.635016],[-87.486156,34.634945],[-87.48614,34.634839],[-87.486099,34.634738],[-87.486079,34.634706],[-87.486052,34.634678],[-87.485951,34.63461],[-87.485912,34.634594],[-87.48583,34.634571],[-87.485787,34.634564],[-87.485704,34.634542],[-87.485443,34.634544],[-87.485227,34.634565],[-87.485097,34.634568],[-87.484923,34.634559],[-87.484836,34.634559],[-87.484711,34.634531],[-87.484668,34.634525],[-87.484627,34.634513],[-87.484452,34.634447],[-87.484351,34.634408],[-87.484275,34.634373],[-87.484172,34.634309],[-87.484051,34.634205],[-87.483985,34.634114],[-87.483955,34.634047],[-87.483939,34.633977],[-87.483933,34.633906],[-87.483958,34.633838],[-87.484023,34.633746],[-87.484117,34.633671],[-87.484184,34.633625],[-87.484327,34.633543],[-87.48444,34.633489],[-87.484736,34.633336],[-87.484998,34.633211],[-87.485146,34.633136],[-87.485224,34.633105],[-87.48544,34.632983],[-87.485508,34.632938],[-87.485779,34.632709],[-87.485847,34.632618],[-87.485965,34.632428],[-87.486044,34.632283],[-87.485934,34.632239],[-87.485794,34.632181],[-87.485704,34.632144],[-87.485597,34.632113],[-87.485395,34.632074],[-87.485153,34.632095],[-87.484881,34.632152],[-87.484646,34.632301],[-87.48459,34.632338],[-87.484376,34.632371],[-87.484113,34.632283],[-87.483744,34.632081],[-87.483539,34.631904],[-87.483384,34.631647],[-87.483245,34.630881],[-87.483313,34.630575],[-87.483475,34.630305],[-87.483577,34.630133],[-87.483593,34.630107],[-87.483913,34.629792],[-87.484175,34.629614],[-87.484333,34.629602],[-87.484351,34.629609],[-87.484515,34.629605],[-87.484807,34.629637],[-87.485186,34.6297],[-87.485964,34.630045],[-87.486207,34.630133],[-87.486401,34.630149],[-87.486501,34.630128],[-87.486635,34.6301],[-87.486981,34.629915],[-87.487128,34.629839],[-87.487151,34.629778],[-87.487195,34.629678],[-87.487299,34.629466],[-87.48732,34.629435],[-87.487406,34.629272],[-87.487427,34.629241],[-87.487477,34.629142],[-87.487504,34.629038],[-87.487528,34.628969],[-87.487549,34.628828],[-87.487556,34.628713],[-87.487561,34.628571],[-87.487567,34.628536],[-87.487566,34.628412],[-87.487564,34.628216],[-87.487569,34.62818],[-87.487593,34.628111],[-87.487651,34.628016],[-87.487698,34.627956],[-87.487779,34.627872],[-87.487909,34.627777],[-87.488021,34.627724],[-87.488138,34.627677],[-87.488598,34.627556],[-87.488682,34.627539],[-87.488767,34.62753],[-87.489108,34.627472],[-87.489276,34.627433],[-87.4894,34.627399],[-87.48957,34.627362],[-87.48976,34.627343],[-87.489829,34.627336],[-87.489915,34.627351],[-87.489996,34.627378],[-87.490107,34.627435],[-87.49029,34.627587],[-87.490478,34.627785],[-87.4906,34.627887],[-87.490664,34.627935],[-87.49074,34.627969],[-87.490823,34.627993],[-87.49091,34.627996],[-87.490953,34.627989],[-87.49103,34.627955],[-87.491084,34.627899],[-87.491104,34.627868],[-87.491136,34.627692],[-87.491124,34.627587],[-87.491107,34.627518],[-87.491075,34.627453],[-87.491053,34.627349],[-87.491004,34.627213],[-87.490962,34.627076],[-87.490895,34.626906],[-87.490875,34.626837],[-87.490827,34.626629],[-87.490776,34.626314],[-87.490772,34.626208],[-87.490775,34.626172],[-87.490796,34.626067],[-87.490837,34.625965],[-87.490879,34.625903],[-87.49093,34.625846],[-87.490961,34.62582],[-87.491037,34.625786],[-87.491122,34.625766],[-87.491165,34.62576],[-87.491209,34.625762],[-87.491252,34.625769],[-87.491293,34.625781],[-87.491369,34.625816],[-87.491401,34.625841],[-87.491451,34.625899],[-87.491472,34.625931],[-87.491521,34.626068],[-87.491533,34.626138],[-87.491539,34.626244],[-87.491529,34.626278],[-87.491535,34.626385],[-87.491549,34.62649],[-87.491577,34.626589],[-87.491614,34.626653],[-87.491681,34.626785],[-87.49173,34.626844],[-87.492001,34.627078],[-87.492216,34.627199],[-87.492253,34.62722],[-87.49232,34.627264],[-87.492428,34.627324],[-87.49255,34.627364],[-87.492636,34.627373],[-87.492723,34.627364],[-87.492761,34.627346],[-87.492864,34.627282],[-87.492892,34.627255],[-87.492928,34.62719],[-87.492975,34.627091],[-87.492984,34.62702],[-87.49298,34.626914],[-87.492966,34.626809],[-87.492916,34.626636],[-87.492885,34.62657],[-87.492847,34.626507],[-87.492835,34.626472],[-87.492793,34.626411],[-87.492756,34.626347],[-87.492709,34.626249],[-87.49259,34.626061],[-87.492539,34.625964],[-87.492516,34.625896],[-87.492496,34.625791],[-87.492495,34.625685],[-87.492503,34.62565],[-87.492523,34.625618],[-87.492548,34.625589],[-87.492633,34.625508],[-87.492774,34.625425],[-87.492854,34.625395],[-87.492935,34.62537],[-87.493022,34.625365],[-87.493152,34.625364],[-87.493195,34.625373],[-87.493271,34.625408],[-87.493362,34.625483],[-87.493441,34.625567],[-87.49367,34.625872],[-87.493696,34.625901],[-87.493827,34.625994],[-87.493943,34.626042],[-87.494072,34.626063],[-87.494421,34.626055],[-87.494593,34.626036],[-87.494635,34.626027],[-87.494764,34.626015],[-87.495071,34.626011],[-87.495158,34.626019],[-87.495376,34.62603],[-87.495891,34.6261],[-87.496152,34.626126],[-87.496458,34.626115],[-87.496586,34.626093],[-87.496712,34.626065],[-87.496835,34.626028],[-87.496908,34.625988],[-87.496937,34.625962],[-87.496987,34.625904],[-87.497002,34.62587],[-87.497014,34.625809],[-87.497002,34.62576],[-87.496942,34.625665],[-87.496866,34.625578],[-87.496777,34.6255],[-87.496611,34.625384],[-87.496471,34.625299],[-87.496285,34.625148],[-87.496093,34.625034],[-87.495539,34.624627],[-87.495471,34.624582],[-87.495282,34.624493],[-87.495118,34.624445],[-87.495075,34.624437],[-87.495032,34.624434],[-87.494901,34.624444],[-87.494691,34.624494],[-87.494521,34.624527],[-87.49439,34.624526],[-87.494348,34.624515],[-87.494311,34.624497],[-87.494178,34.624404],[-87.494129,34.624345],[-87.49412,34.624275],[-87.494134,34.624134],[-87.494185,34.624036],[-87.494449,34.623591],[-87.494537,34.623468],[-87.494676,34.623332],[-87.494868,34.623249],[-87.494954,34.623239],[-87.495041,34.623238],[-87.495299,34.623262],[-87.495426,34.623278],[-87.495548,34.623301],[-87.49576,34.623324],[-87.495841,34.62334],[-87.496095,34.62337],[-87.496139,34.623372],[-87.496263,34.623393],[-87.496346,34.623403],[-87.496425,34.623426],[-87.49663,34.623462],[-87.496797,34.623486],[-87.496837,34.623497],[-87.496921,34.623508],[-87.49696,34.62352],[-87.497044,34.623532],[-87.497247,34.623584],[-87.497641,34.623722],[-87.497831,34.623807],[-87.497902,34.623848],[-87.498062,34.623965],[-87.498119,34.624017],[-87.498274,34.624136],[-87.49834,34.624179],[-87.498493,34.624298],[-87.49855,34.624349],[-87.498651,34.624413],[-87.498725,34.624449],[-87.498765,34.624464],[-87.498806,34.624473],[-87.498892,34.62448],[-87.498978,34.624474],[-87.499068,34.624397],[-87.499128,34.624304],[-87.499156,34.6242],[-87.499182,34.62406],[-87.49918,34.623991],[-87.499189,34.623921],[-87.499188,34.623887],[-87.499209,34.623607],[-87.499221,34.623501],[-87.4993,34.623225],[-87.499339,34.623123],[-87.49938,34.623061],[-87.49943,34.623003],[-87.499552,34.622901],[-87.499589,34.622883],[-87.499631,34.622873],[-87.499716,34.62286],[-87.499848,34.622851],[-87.500025,34.622854],[-87.500109,34.622855],[-87.500276,34.622896],[-87.500317,34.622909],[-87.500401,34.622928],[-87.50053,34.622943],[-87.500574,34.622942],[-87.500613,34.622927],[-87.500649,34.622906],[-87.500711,34.622857],[-87.500738,34.622829],[-87.50078,34.622768],[-87.500789,34.622733],[-87.500787,34.622663],[-87.50077,34.622558],[-87.500725,34.622459],[-87.500701,34.62243],[-87.500526,34.622274],[-87.50049,34.622253],[-87.500431,34.622203],[-87.50019,34.622057],[-87.500136,34.622],[-87.500081,34.621934],[-87.500029,34.621872],[-87.499915,34.621735],[-87.49985,34.621604],[-87.499829,34.621573],[-87.499817,34.621502],[-87.499818,34.621467],[-87.499805,34.621397],[-87.499798,34.621296],[-87.499817,34.621155],[-87.499828,34.621137],[-87.499878,34.621022],[-87.499956,34.620895],[-87.500004,34.620837],[-87.500034,34.62081],[-87.50007,34.62079],[-87.50019,34.620749],[-87.500321,34.620743],[-87.50054,34.620747],[-87.500669,34.620729],[-87.500754,34.620712],[-87.500992,34.620625],[-87.50112,34.620529],[-87.501181,34.620478],[-87.501208,34.62045],[-87.501302,34.620331],[-87.501358,34.620278],[-87.501516,34.620114],[-87.501574,34.620063],[-87.501625,34.620008],[-87.501668,34.619948],[-87.501788,34.619805],[-87.501842,34.619751],[-87.501896,34.619654],[-87.501918,34.619586],[-87.501933,34.619517],[-87.502016,34.618962],[-87.502039,34.618859],[-87.502093,34.618727],[-87.502111,34.61866],[-87.502149,34.618559],[-87.502204,34.618463],[-87.502303,34.618307],[-87.502347,34.618247],[-87.502399,34.618191],[-87.502517,34.618092],[-87.502573,34.61804],[-87.502666,34.617968],[-87.502741,34.617932],[-87.503096,34.617791],[-87.503253,34.617729],[-87.503327,34.617692],[-87.503395,34.617649],[-87.503454,34.6176],[-87.503492,34.617583],[-87.503578,34.617508],[-87.503674,34.61739],[-87.503804,34.617204],[-87.503836,34.617139],[-87.503873,34.617076],[-87.503939,34.616947],[-87.504036,34.616829],[-87.504144,34.61672],[-87.504258,34.616616],[-87.504291,34.616593],[-87.504332,34.616579],[-87.504497,34.616537],[-87.50467,34.616547],[-87.504711,34.616559],[-87.504828,34.616605],[-87.505056,34.616708],[-87.505342,34.616796],[-87.505673,34.61689],[-87.505875,34.616957],[-87.506131,34.617003],[-87.506303,34.617022],[-87.506347,34.617021],[-87.50647,34.616988],[-87.506549,34.616957],[-87.506615,34.616911],[-87.506682,34.616828],[-87.506735,34.616731],[-87.506854,34.616428],[-87.506903,34.616254],[-87.506979,34.615941],[-87.507044,34.61556],[-87.507047,34.615456],[-87.507023,34.615427],[-87.506992,34.615325],[-87.506989,34.615291],[-87.506979,34.615256],[-87.506959,34.615225],[-87.50691,34.615126],[-87.506862,34.615068],[-87.506798,34.615019],[-87.506621,34.614919],[-87.506583,34.614902],[-87.506465,34.614861],[-87.506342,34.614824],[-87.506293,34.614819],[-87.505945,34.61483],[-87.505858,34.614829],[-87.505771,34.614836],[-87.505382,34.614881],[-87.505165,34.614888],[-87.50508,34.614876],[-87.504998,34.614851],[-87.504882,34.614802],[-87.504846,34.614782],[-87.504619,34.614617],[-87.504326,34.614312],[-87.504232,34.614194],[-87.504133,34.614078],[-87.503888,34.613833],[-87.503843,34.613772],[-87.503807,34.613708],[-87.503785,34.613677],[-87.503764,34.613608],[-87.503754,34.613538],[-87.503759,34.613467],[-87.503791,34.613364],[-87.503814,34.613333],[-87.5039,34.613254],[-87.503967,34.613211],[-87.503998,34.613185],[-87.504032,34.613165],[-87.50407,34.613149],[-87.504172,34.613086],[-87.504203,34.61306],[-87.504313,34.612949],[-87.504334,34.612919],[-87.504365,34.612816],[-87.504366,34.612782],[-87.504353,34.612712],[-87.504334,34.612645],[-87.50429,34.612586],[-87.504143,34.61246],[-87.504073,34.612418],[-87.503815,34.61228],[-87.503746,34.612238],[-87.503682,34.612191],[-87.503646,34.612172],[-87.503588,34.612122],[-87.503505,34.611957],[-87.503494,34.611856],[-87.503504,34.611822],[-87.503496,34.611789],[-87.503494,34.611755],[-87.503532,34.611655],[-87.503583,34.611598],[-87.503604,34.611567],[-87.50376,34.611444],[-87.50384,34.611361],[-87.503884,34.611301],[-87.503911,34.611274],[-87.503976,34.611183],[-87.504031,34.61105],[-87.504063,34.610952],[-87.504079,34.610886],[-87.504066,34.610816],[-87.504027,34.610715],[-87.503901,34.610492],[-87.503871,34.610426],[-87.503828,34.610365],[-87.503776,34.610308],[-87.503743,34.610285],[-87.503683,34.610234],[-87.503494,34.610088],[-87.5031,34.609862],[-87.503038,34.609813],[-87.502923,34.609708],[-87.50286,34.609659],[-87.502784,34.609572],[-87.502717,34.60948],[-87.502698,34.609375],[-87.502699,34.609304],[-87.502715,34.60927],[-87.502807,34.609151],[-87.502866,34.6091],[-87.5029,34.609077],[-87.502972,34.609039],[-87.503006,34.609016],[-87.503121,34.608967],[-87.503204,34.608945],[-87.503247,34.608941],[-87.50333,34.608922],[-87.503499,34.608894],[-87.503624,34.608867],[-87.503747,34.608834],[-87.503861,34.608799],[-87.504032,34.608746],[-87.504115,34.608731],[-87.504319,34.608664],[-87.504357,34.608648],[-87.504481,34.608619],[-87.504973,34.608484],[-87.505055,34.608466],[-87.505131,34.608431],[-87.505201,34.608392],[-87.505266,34.608348],[-87.50541,34.608278],[-87.505511,34.608217],[-87.505663,34.608098],[-87.505687,34.608069],[-87.505751,34.608022],[-87.50579,34.607959],[-87.505858,34.607795],[-87.505904,34.607662],[-87.505938,34.607599],[-87.505985,34.60743],[-87.506006,34.607335],[-87.506088,34.60681],[-87.506148,34.60668],[-87.506183,34.606616],[-87.506247,34.606524],[-87.506438,34.606286],[-87.506497,34.606192],[-87.50652,34.606125],[-87.506532,34.606019],[-87.506529,34.605844],[-87.506496,34.6056],[-87.506492,34.605529],[-87.506454,34.605215],[-87.506453,34.605145],[-87.506445,34.605075],[-87.506471,34.604935],[-87.50651,34.604835],[-87.506529,34.604803],[-87.506688,34.604639],[-87.506723,34.60462],[-87.506766,34.604581],[-87.50699,34.604479],[-87.507069,34.604457],[-87.507184,34.604417],[-87.507221,34.604399],[-87.507458,34.604252],[-87.507507,34.604196],[-87.507523,34.604164],[-87.50762,34.60405],[-87.507656,34.603987],[-87.507719,34.603817],[-87.507731,34.603677],[-87.507718,34.603469],[-87.507724,34.603434],[-87.507735,34.603402],[-87.507729,34.603367],[-87.50774,34.603334],[-87.507755,34.603197],[-87.507755,34.603094],[-87.507761,34.603027],[-87.507753,34.602992],[-87.507766,34.602926],[-87.507756,34.602891],[-87.507776,34.60279],[-87.507805,34.602725],[-87.507862,34.602631],[-87.507952,34.602512],[-87.508076,34.602419],[-87.508197,34.602379],[-87.508241,34.602377],[-87.508283,34.602383],[-87.508364,34.602406],[-87.5084,34.602426],[-87.508559,34.602548],[-87.5086,34.602609],[-87.508636,34.602672],[-87.508683,34.60273],[-87.5088,34.602915],[-87.508889,34.603113],[-87.508953,34.603243],[-87.50899,34.603346],[-87.509008,34.603415],[-87.509004,34.603448],[-87.509016,34.603517],[-87.509004,34.603549],[-87.509009,34.603616],[-87.509008,34.603685],[-87.508987,34.603752],[-87.508723,34.60428],[-87.5087,34.604348],[-87.508704,34.604384],[-87.508735,34.604484],[-87.508762,34.604549],[-87.508817,34.604605],[-87.508913,34.604675],[-87.508958,34.604687],[-87.509019,34.604677],[-87.509139,34.604635],[-87.509459,34.60446],[-87.509492,34.604438],[-87.509565,34.604401],[-87.50963,34.604358],[-87.50989,34.604232],[-87.510283,34.604019],[-87.510317,34.603997],[-87.51039,34.60396],[-87.510492,34.603896],[-87.51089,34.60363],[-87.510942,34.603578],[-87.510992,34.60352],[-87.511079,34.6034],[-87.511248,34.603196],[-87.511289,34.603135],[-87.511389,34.603021],[-87.511452,34.60293],[-87.51152,34.602803],[-87.511564,34.602745],[-87.511576,34.602711],[-87.511638,34.602622],[-87.511665,34.602596],[-87.511717,34.6025],[-87.511744,34.602432],[-87.511795,34.602259],[-87.511816,34.602155],[-87.511816,34.60212],[-87.511829,34.60205],[-87.511842,34.601839],[-87.511832,34.601732],[-87.511816,34.601663],[-87.511753,34.601495],[-87.511722,34.601429],[-87.511403,34.60096],[-87.511248,34.600705],[-87.511187,34.600574],[-87.511117,34.600408],[-87.511068,34.600273],[-87.511066,34.600061],[-87.51107,34.599849],[-87.511088,34.599745],[-87.51114,34.599539],[-87.511166,34.599471],[-87.511243,34.599305],[-87.511404,34.599141],[-87.511436,34.599117],[-87.511487,34.599061],[-87.511567,34.599014],[-87.511628,34.598977],[-87.511701,34.59894],[-87.511808,34.598879],[-87.511908,34.598842],[-87.51211,34.598787],[-87.512406,34.598755],[-87.512489,34.59874],[-87.512705,34.598738],[-87.512877,34.59875],[-87.51292,34.598758],[-87.512959,34.59877],[-87.513043,34.598785],[-87.513124,34.598809],[-87.513247,34.598839],[-87.51333,34.598855],[-87.513502,34.598871],[-87.513544,34.598862],[-87.513629,34.598855],[-87.513755,34.598831],[-87.513795,34.598817],[-87.513877,34.598797],[-87.513996,34.598758],[-87.51414,34.59868],[-87.514163,34.598651],[-87.514226,34.598604],[-87.514326,34.598496],[-87.514386,34.598448],[-87.51441,34.598421],[-87.514449,34.598404],[-87.514525,34.598325],[-87.514629,34.598176],[-87.514687,34.598083],[-87.51472,34.598018],[-87.514788,34.597849],[-87.51486,34.597646],[-87.51487,34.597576],[-87.514885,34.597542],[-87.5149,34.597438],[-87.514898,34.597403],[-87.514908,34.597333],[-87.514912,34.597228],[-87.514905,34.597086],[-87.514883,34.596837],[-87.514808,34.596453],[-87.514789,34.596385],[-87.514762,34.596246],[-87.514708,34.596085],[-87.514669,34.595987],[-87.514648,34.595956],[-87.514625,34.595889],[-87.514591,34.595826],[-87.51458,34.595792],[-87.514571,34.595773],[-87.514485,34.595588],[-87.514468,34.59553],[-87.514449,34.595499],[-87.514359,34.595228],[-87.51432,34.595166],[-87.514254,34.595074],[-87.514203,34.595016],[-87.514173,34.594992],[-87.514121,34.594936],[-87.514034,34.594858],[-87.514,34.594836],[-87.513944,34.594783],[-87.513912,34.59476],[-87.513795,34.594715],[-87.513753,34.594704],[-87.513405,34.59469],[-87.512498,34.594736],[-87.512119,34.594779],[-87.512038,34.594796],[-87.511826,34.594817],[-87.511783,34.594817],[-87.511656,34.594827],[-87.511574,34.594842],[-87.511403,34.594852],[-87.511234,34.594874],[-87.511149,34.594881],[-87.510985,34.59491],[-87.510941,34.594908],[-87.510861,34.594926],[-87.510777,34.594928],[-87.510476,34.594918],[-87.51017,34.594894],[-87.51009,34.594879],[-87.510051,34.594865],[-87.509979,34.59483],[-87.509854,34.59474],[-87.509818,34.594722],[-87.509786,34.5947],[-87.509594,34.594506],[-87.509549,34.594448],[-87.509521,34.59442],[-87.509412,34.594271],[-87.509355,34.594178],[-87.509324,34.594114],[-87.509322,34.594008],[-87.509315,34.593937],[-87.509335,34.59387],[-87.509337,34.593834],[-87.509388,34.5937],[-87.509583,34.593312],[-87.509595,34.593279],[-87.50963,34.593215],[-87.509654,34.59315],[-87.509735,34.59299],[-87.509807,34.592863],[-87.509821,34.592831],[-87.509954,34.592691],[-87.510028,34.592605],[-87.51014,34.592457],[-87.510176,34.592395],[-87.510272,34.592281],[-87.510335,34.592191],[-87.510348,34.592158],[-87.510392,34.5921],[-87.510409,34.592068],[-87.510539,34.591888],[-87.510564,34.591859],[-87.510604,34.591797],[-87.51076,34.591587],[-87.510859,34.59143],[-87.510894,34.591366],[-87.510937,34.591306],[-87.511012,34.59118],[-87.511179,34.590939],[-87.511276,34.590825],[-87.511315,34.590764],[-87.511412,34.59065],[-87.51143,34.590618],[-87.511475,34.59056],[-87.511486,34.590527],[-87.511564,34.590443],[-87.511683,34.590341],[-87.511757,34.590306],[-87.511827,34.590266],[-87.511964,34.590176],[-87.512023,34.590125],[-87.512071,34.590068],[-87.512105,34.590002],[-87.512132,34.589935],[-87.512195,34.589732],[-87.512202,34.589697],[-87.51219,34.589559],[-87.512178,34.589489],[-87.512135,34.58939],[-87.512059,34.589305],[-87.512028,34.58928],[-87.511957,34.58924],[-87.511854,34.589175],[-87.51169,34.589061],[-87.51162,34.589019],[-87.511427,34.588939],[-87.511134,34.588795],[-87.510953,34.5887],[-87.510842,34.588647],[-87.510724,34.588603],[-87.5106,34.588569],[-87.51043,34.588549],[-87.510387,34.588549],[-87.510302,34.588534],[-87.51026,34.588542],[-87.510218,34.588538],[-87.510133,34.588545],[-87.510005,34.588547],[-87.509877,34.588537],[-87.509795,34.588516],[-87.50955,34.58844],[-87.509442,34.58838],[-87.509339,34.588315],[-87.509277,34.588265],[-87.509242,34.588245],[-87.509161,34.588163],[-87.509138,34.588133],[-87.508933,34.587948],[-87.508598,34.587666],[-87.508364,34.587455],[-87.508314,34.587397],[-87.508176,34.587261],[-87.507901,34.587031],[-87.507701,34.586844],[-87.507575,34.586745],[-87.507342,34.586491],[-87.507305,34.586426],[-87.507179,34.58616],[-87.507148,34.586094],[-87.507118,34.585996],[-87.507116,34.58596],[-87.507123,34.585925],[-87.507189,34.585794],[-87.507236,34.585587],[-87.507254,34.585483],[-87.507251,34.585448],[-87.507265,34.585379],[-87.50728,34.58517],[-87.507273,34.584959],[-87.507284,34.584889],[-87.507292,34.584748],[-87.507293,34.584501],[-87.507304,34.584325],[-87.507317,34.584256],[-87.507329,34.584116],[-87.507367,34.583907],[-87.507395,34.583804],[-87.507472,34.583602],[-87.507528,34.583506],[-87.507648,34.583278],[-87.507718,34.583109],[-87.507789,34.582979],[-87.507835,34.582919],[-87.507914,34.582792],[-87.507983,34.582702],[-87.50818,34.582469],[-87.508295,34.58232],[-87.508358,34.582228],[-87.508374,34.582195],[-87.508438,34.582105],[-87.508465,34.582077],[-87.508554,34.581957],[-87.508592,34.581894],[-87.508639,34.581836],[-87.508667,34.58181],[-87.508742,34.581725],[-87.508763,34.581695],[-87.508814,34.58164],[-87.508856,34.581581],[-87.508886,34.581556],[-87.508931,34.581499],[-87.50901,34.581418],[-87.509054,34.58136],[-87.509239,34.581169],[-87.50931,34.581083],[-87.509325,34.581051],[-87.509371,34.580993],[-87.509456,34.580873],[-87.509482,34.580845],[-87.509543,34.580753],[-87.509606,34.580621],[-87.509642,34.580557],[-87.509686,34.580457],[-87.509697,34.580423],[-87.509729,34.580357],[-87.509898,34.579958],[-87.510035,34.579664],[-87.510078,34.579605],[-87.510141,34.579478],[-87.510176,34.579418],[-87.510201,34.579392],[-87.510238,34.579332],[-87.510285,34.579277],[-87.510303,34.579247],[-87.51037,34.57916],[-87.510402,34.579136],[-87.510557,34.578974],[-87.510613,34.578921],[-87.510635,34.578892],[-87.510748,34.578786],[-87.51078,34.578762],[-87.510958,34.578662],[-87.510998,34.578648],[-87.51104,34.578641],[-87.511118,34.578613],[-87.511328,34.578569],[-87.511414,34.578565],[-87.511499,34.578576],[-87.511542,34.578575],[-87.511881,34.578635],[-87.512089,34.578691],[-87.512283,34.57877],[-87.512838,34.578864],[-87.512965,34.578893],[-87.513005,34.578906],[-87.513089,34.578925],[-87.513473,34.578993],[-87.513897,34.579044],[-87.514023,34.579064],[-87.514074,34.579077],[-87.514371,34.579112],[-87.514629,34.579127],[-87.514716,34.579128],[-87.514934,34.57911],[-87.515192,34.57908],[-87.515662,34.579014],[-87.515745,34.578998],[-87.515916,34.578976],[-87.516042,34.578955],[-87.516242,34.578899],[-87.516319,34.578871],[-87.51644,34.578839],[-87.516482,34.578833],[-87.516845,34.578724],[-87.517119,34.57862],[-87.517281,34.578573],[-87.517359,34.578542],[-87.517399,34.57853],[-87.517516,34.578483],[-87.517592,34.578447],[-87.517674,34.578424],[-87.51771,34.578404],[-87.517772,34.578356],[-87.51783,34.578304],[-87.517987,34.578182],[-87.518076,34.578105],[-87.51819,34.577998],[-87.518341,34.577824],[-87.518414,34.577709],[-87.51843,34.577687],[-87.518466,34.57764],[-87.518524,34.577546],[-87.518558,34.577482],[-87.51864,34.577205],[-87.51865,34.577137],[-87.518694,34.576931],[-87.518695,34.576896],[-87.518708,34.576827],[-87.51871,34.576758],[-87.518743,34.57655],[-87.518855,34.576105],[-87.518869,34.576072],[-87.518877,34.576037],[-87.518882,34.575968],[-87.518911,34.575795],[-87.519108,34.575285],[-87.51912,34.575215],[-87.519129,34.575111],[-87.519127,34.575076],[-87.519153,34.574869],[-87.519185,34.574698],[-87.519204,34.574631],[-87.519204,34.574597],[-87.519222,34.574529],[-87.519234,34.574461],[-87.519235,34.574392],[-87.519251,34.574183],[-87.519255,34.574006],[-87.519265,34.573936],[-87.519286,34.573657],[-87.519284,34.573588],[-87.519307,34.57345],[-87.519325,34.573174],[-87.519324,34.573104],[-87.519343,34.572788],[-87.51937,34.572508],[-87.519381,34.572438],[-87.51939,34.572334],[-87.519406,34.572229],[-87.51944,34.572055],[-87.519464,34.571881],[-87.519469,34.571811],[-87.519471,34.571601],[-87.519478,34.571531],[-87.519475,34.571496],[-87.519435,34.571396],[-87.5194,34.571332],[-87.519326,34.57117],[-87.519274,34.571038],[-87.519163,34.57085],[-87.519096,34.57076],[-87.518869,34.570501],[-87.518705,34.570336],[-87.518587,34.570231],[-87.518395,34.570093],[-87.518228,34.569985],[-87.518156,34.569946],[-87.518091,34.569901],[-87.517847,34.569758],[-87.517816,34.569734],[-87.517744,34.569696],[-87.517711,34.569674],[-87.517522,34.569589],[-87.517072,34.569447],[-87.516782,34.569371],[-87.516539,34.569289],[-87.516462,34.569256],[-87.516064,34.569043],[-87.515996,34.568997],[-87.515944,34.568941],[-87.515827,34.568838],[-87.515776,34.568782],[-87.515699,34.568655],[-87.515665,34.568554],[-87.515649,34.56852],[-87.515631,34.568452],[-87.515629,34.568416],[-87.515635,34.568345],[-87.515665,34.568132],[-87.515683,34.5681],[-87.515701,34.568032],[-87.515734,34.567969],[-87.515793,34.567876],[-87.515838,34.567816],[-87.515856,34.567785],[-87.515948,34.567664],[-87.516001,34.567608],[-87.516245,34.567326],[-87.51628,34.567304],[-87.516371,34.56723],[-87.516425,34.567176],[-87.516573,34.567049],[-87.516638,34.567004],[-87.516884,34.566807],[-87.517114,34.566597],[-87.517209,34.566527],[-87.517346,34.566442],[-87.51741,34.566397],[-87.517615,34.566271],[-87.517655,34.56626],[-87.517696,34.566257],[-87.517735,34.56624],[-87.517815,34.56623],[-87.517898,34.566233],[-87.517983,34.566243],[-87.51814,34.5663],[-87.518211,34.566339],[-87.51825,34.566354],[-87.518313,34.566402],[-87.518616,34.56666],[-87.518732,34.566766],[-87.518815,34.566848],[-87.518866,34.566905],[-87.518951,34.566985],[-87.51907,34.567132],[-87.519122,34.567188],[-87.519193,34.567274],[-87.519213,34.567306],[-87.519268,34.56736],[-87.519291,34.567389],[-87.519502,34.567611],[-87.519726,34.56787],[-87.519985,34.568151],[-87.52008,34.568224],[-87.520184,34.568285],[-87.520305,34.568325],[-87.52051,34.568383],[-87.520637,34.56839],[-87.520679,34.568386],[-87.52072,34.568397],[-87.520833,34.568389],[-87.520848,34.568389],[-87.52106,34.568367],[-87.521145,34.568351],[-87.521396,34.56829],[-87.52151,34.56824],[-87.521566,34.568211],[-87.521619,34.568185],[-87.52176,34.568107],[-87.521871,34.568058],[-87.521994,34.568031],[-87.522168,34.568031],[-87.522296,34.568045],[-87.522422,34.568067],[-87.522573,34.568136],[-87.522682,34.568192],[-87.522716,34.568213],[-87.522734,34.568242],[-87.52277,34.568259],[-87.522808,34.568321],[-87.522859,34.568493],[-87.522888,34.56856],[-87.522933,34.568697],[-87.522959,34.568802],[-87.522986,34.568976],[-87.523032,34.569217],[-87.523046,34.569356],[-87.523087,34.569635],[-87.523211,34.57005],[-87.523243,34.570114],[-87.523319,34.5702],[-87.52335,34.570225],[-87.523487,34.57031],[-87.523611,34.570342],[-87.523696,34.570357],[-87.523783,34.570364],[-87.52387,34.570359],[-87.52391,34.570345],[-87.523994,34.570326],[-87.524034,34.570311],[-87.52413,34.570242],[-87.524191,34.570193],[-87.524225,34.570171],[-87.524341,34.570023],[-87.524367,34.569957],[-87.524478,34.569585],[-87.524505,34.569445],[-87.524567,34.569019],[-87.524591,34.568953],[-87.52461,34.568884],[-87.524623,34.568813],[-87.52464,34.568672],[-87.524652,34.568631],[-87.524645,34.568596],[-87.524638,34.568421],[-87.524643,34.568068],[-87.524636,34.568033],[-87.524625,34.567893],[-87.524608,34.567754],[-87.524581,34.567652],[-87.524566,34.567619],[-87.524525,34.567451],[-87.524521,34.567382],[-87.52448,34.567178],[-87.524466,34.567145],[-87.524436,34.56701],[-87.524406,34.56693],[-87.524458,34.566932],[-87.528033,34.567032],[-87.528049,34.567036],[-87.529667,34.567081],[-87.529681,34.566845],[-87.529685,34.56678],[-87.529723,34.566364],[-87.529778,34.566085],[-87.52986,34.565921],[-87.529739,34.565654],[-87.529719,34.565584],[-87.529721,34.565175],[-87.529731,34.564731],[-87.529741,34.564315],[-87.52977,34.563737],[-87.529773,34.563447],[-87.529785,34.563155],[-87.529816,34.561405],[-87.529832,34.560824],[-87.529836,34.559803],[-87.529843,34.559726],[-87.529843,34.559411],[-87.529843,34.55934],[-87.529842,34.559264],[-87.529841,34.559142],[-87.529844,34.55885],[-87.529863,34.55739],[-87.529861,34.556233],[-87.529868,34.555935],[-87.529868,34.55577],[-87.529867,34.555351],[-87.529878,34.554474],[-87.529879,34.553889],[-87.52989,34.553012],[-87.529894,34.548627],[-87.529888,34.548336],[-87.529896,34.545683],[-87.529903,34.545057],[-87.529897,34.54463],[-87.529921,34.543172],[-87.529922,34.542443],[-87.529945,34.540247],[-87.529956,34.539882],[-87.52996,34.539517],[-87.529951,34.538788],[-87.529953,34.538421],[-87.529909,34.536596],[-87.529908,34.535135],[-87.529902,34.534404],[-87.529908,34.534038],[-87.529907,34.533672],[-87.529919,34.5322],[-87.529921,34.531103],[-87.529916,34.529492],[-87.529915,34.529019],[-87.529914,34.528547],[-87.529919,34.527817],[-87.529902,34.526713],[-87.529891,34.525997],[-87.529889,34.525545],[-87.529887,34.525052],[-87.529887,34.525038],[-87.529894,34.524761],[-87.529886,34.524527],[-87.529884,34.52446],[-87.529882,34.524401],[-87.529877,34.524246],[-87.529875,34.524181],[-87.529882,34.524139],[-87.529877,34.524112],[-87.52987,34.52398],[-87.529869,34.523941],[-87.529869,34.523931],[-87.529863,34.523666],[-87.529862,34.52364],[-87.529862,34.523626],[-87.529784,34.520273],[-87.529785,34.519744],[-87.529785,34.519614],[-87.529785,34.519551],[-87.529785,34.519383],[-87.529786,34.519178],[-87.529786,34.519135],[-87.529786,34.518976],[-87.529787,34.518789],[-87.529795,34.518525],[-87.529786,34.515432],[-87.529785,34.515182],[-87.529785,34.51517],[-87.529781,34.513432],[-87.529774,34.510809],[-87.52977,34.509479],[-87.52977,34.509409],[-87.529769,34.509123],[-87.529769,34.509013],[-87.529769,34.508946],[-87.529768,34.508705],[-87.529768,34.508641],[-87.529767,34.50821],[-87.529767,34.50815],[-87.529765,34.50771],[-87.529765,34.507654],[-87.529745,34.500447],[-87.529745,34.500406],[-87.529726,34.500096],[-87.529747,34.499851],[-87.529874,34.498327],[-87.529873,34.497828],[-87.529872,34.49758],[-87.529873,34.497464],[-87.529894,34.494224],[-87.529891,34.493788],[-87.529838,34.492182],[-87.52983,34.491597],[-87.529838,34.490838],[-87.529842,34.490749],[-87.529875,34.489985],[-87.529952,34.487788],[-87.53,34.486621],[-87.53,34.486611],[-87.530008,34.486386],[-87.530139,34.481825],[-87.530155,34.480731],[-87.530181,34.479636],[-87.5302,34.478541],[-87.530226,34.477444],[-87.530274,34.475984],[-87.530279,34.475792],[-87.530352,34.473055],[-87.530367,34.472683],[-87.530368,34.472317],[-87.530393,34.471411],[-87.530411,34.470943],[-87.530414,34.470857],[-87.530415,34.470829],[-87.530114,34.469079],[-87.530128,34.467925],[-87.530129,34.467893],[-87.530225,34.460195],[-87.530261,34.458358],[-87.530277,34.45756],[-87.530553,34.443316],[-87.530554,34.443252],[-87.530595,34.441144],[-87.530599,34.440923],[-87.530604,34.440708],[-87.530608,34.440492],[-87.53069,34.436242],[-87.530718,34.434816],[-87.530796,34.430804],[-87.530825,34.429295],[-87.530867,34.424918],[-87.530961,34.414682],[-87.531024,34.407996],[-87.530986,34.401764],[-87.530957,34.396986],[-87.530914,34.389897],[-87.530832,34.376427],[-87.530824,34.375096],[-87.530729,34.37084],[-87.530649,34.367248],[-87.530573,34.363875],[-87.530551,34.36289],[-87.530341,34.353465],[-87.530223,34.348197],[-87.530197,34.346344],[-87.530157,34.343429],[-87.530144,34.342459],[-87.530069,34.336902],[-87.530063,34.33645],[-87.530023,34.333497],[-87.530023,34.326791],[-87.530023,34.322049],[-87.530023,34.318998],[-87.529978,34.316835],[-87.529869,34.311611],[-87.529722,34.304598],[-87.523188,34.304635],[-87.519148,34.304658],[-87.514462,34.304685],[-87.512004,34.304698],[-87.508337,34.304636],[-87.508052,34.304631],[-87.508037,34.304631],[-87.508011,34.304631],[-87.507961,34.30463],[-87.507847,34.304628],[-87.507071,34.304615],[-87.505529,34.30459],[-87.505106,34.304583],[-87.505028,34.304582],[-87.504793,34.304578],[-87.504775,34.304578],[-87.504601,34.304575],[-87.504575,34.304575],[-87.504035,34.304565],[-87.500423,34.304504],[-87.498155,34.304443],[-87.49449,34.304336],[-87.49432,34.304331],[-87.494305,34.304331],[-87.493892,34.304319],[-87.493483,34.304307],[-87.491632,34.304253],[-87.484242,34.304037],[-87.479002,34.303884],[-87.478592,34.303872],[-87.478552,34.303871],[-87.478527,34.30387],[-87.478471,34.303868],[-87.478403,34.303866],[-87.477859,34.30385],[-87.477439,34.303838],[-87.472696,34.303699],[-87.46856,34.303579],[-87.463591,34.303434],[-87.458712,34.303291],[-87.438996,34.302717],[-87.438905,34.302714],[-87.438813,34.302711],[-87.436703,34.30265],[-87.436691,34.30265],[-87.436661,34.302649],[-87.436146,34.302634],[-87.435849,34.302626],[-87.435632,34.30262],[-87.434534,34.302587],[-87.434388,34.302583],[-87.434224,34.302578],[-87.434181,34.302577],[-87.434151,34.302576],[-87.43358,34.302558],[-87.43351,34.302556],[-87.43344,34.302554],[-87.433323,34.302552],[-87.427971,34.302395],[-87.42046,34.302176],[-87.420109,34.302165],[-87.418445,34.302116],[-87.41622,34.302051],[-87.407868,34.301809],[-87.400936,34.301606],[-87.400852,34.301603],[-87.400781,34.301601],[-87.400639,34.301597],[-87.400622,34.301596],[-87.388587,34.301258],[-87.375001,34.300851],[-87.374822,34.300846],[-87.374799,34.300845],[-87.374751,34.300844],[-87.374456,34.300836],[-87.374208,34.30083],[-87.373991,34.300829],[-87.37397,34.300829],[-87.373887,34.300829],[-87.369924,34.300766],[-87.369333,34.300757],[-87.368515,34.300744],[-87.368461,34.300743],[-87.368447,34.300743],[-87.368417,34.300742],[-87.368296,34.30074],[-87.368277,34.30074],[-87.368156,34.300738],[-87.36668,34.300714],[-87.359804,34.300591],[-87.354149,34.300487],[-87.352751,34.300463],[-87.351118,34.300435],[-87.350751,34.30043],[-87.345552,34.300338],[-87.33638,34.300181],[-87.333969,34.300139],[-87.333955,34.300139],[-87.32952,34.300066],[-87.323561,34.299963],[-87.322936,34.299952],[-87.319914,34.299897],[-87.319897,34.299897],[-87.319848,34.299896],[-87.31981,34.299895],[-87.319792,34.299895],[-87.318428,34.299856],[-87.318399,34.299855],[-87.318385,34.299855],[-87.318302,34.299853],[-87.318242,34.299851],[-87.318175,34.299849],[-87.317821,34.299839],[-87.317794,34.299838],[-87.316789,34.29981],[-87.315586,34.299776],[-87.314861,34.299755],[-87.314841,34.299754],[-87.314786,34.299752],[-87.314774,34.299752],[-87.314742,34.299751],[-87.314467,34.299743],[-87.314252,34.299737],[-87.307337,34.299536],[-87.304852,34.299467],[-87.304743,34.299464],[-87.304033,34.299445],[-87.302487,34.299401],[-87.28577,34.299354],[-87.28567,34.299354],[-87.274794,34.29932],[-87.274714,34.29932],[-87.274634,34.29932],[-87.274538,34.29932],[-87.274441,34.29932],[-87.27329,34.299317],[-87.272453,34.299315],[-87.271314,34.299312],[-87.271301,34.299312],[-87.271084,34.299311],[-87.270998,34.299311],[-87.27091,34.299311],[-87.270068,34.299308],[-87.270047,34.299308],[-87.270016,34.299308],[-87.26985,34.299304],[-87.269839,34.299304],[-87.269818,34.299304],[-87.269779,34.299305],[-87.26974,34.299305],[-87.269727,34.299305],[-87.269668,34.299304],[-87.269608,34.299303],[-87.26955,34.299302],[-87.26898,34.299322],[-87.268711,34.299308],[-87.268693,34.299308],[-87.265365,34.299365],[-87.264961,34.299364],[-87.264942,34.299368],[-87.264825,34.299334],[-87.26456,34.299311],[-87.26384,34.299344],[-87.263497,34.299367],[-87.262453,34.299453],[-87.262205,34.299482],[-87.261875,34.299492],[-87.261554,34.299486],[-87.261132,34.299449],[-87.26058,34.299383],[-87.260068,34.299327],[-87.259629,34.299304],[-87.258806,34.299294],[-87.257987,34.299294],[-87.257525,34.299287],[-87.257128,34.299254],[-87.256643,34.299195],[-87.256269,34.299144],[-87.25623,34.299139],[-87.255956,34.299106],[-87.255734,34.299096],[-87.255586,34.299106],[-87.255487,34.299139],[-87.255446,34.299164],[-87.255423,34.299178],[-87.255402,34.299191],[-87.255106,34.299189],[-87.254493,34.299187],[-87.254064,34.299186],[-87.252765,34.299175],[-87.252753,34.299175],[-87.251547,34.299164],[-87.250014,34.299149],[-87.238665,34.299182],[-87.234893,34.299193],[-87.232236,34.299201],[-87.22388,34.299249],[-87.223803,34.299249],[-87.223638,34.29925],[-87.22362,34.29925],[-87.223607,34.29925],[-87.223546,34.299251],[-87.223326,34.299252],[-87.223293,34.299252],[-87.222107,34.29926],[-87.202507,34.299372],[-87.202489,34.299367],[-87.201808,34.299376],[-87.200938,34.299381],[-87.200577,34.299383],[-87.200497,34.299383],[-87.200475,34.299383],[-87.197503,34.299399],[-87.196772,34.299394],[-87.186269,34.299336],[-87.184537,34.299326],[-87.184018,34.299323],[-87.182074,34.299312],[-87.180076,34.2993],[-87.179626,34.299295],[-87.172577,34.299215],[-87.169216,34.299177],[-87.164741,34.299142],[-87.162372,34.299098],[-87.162325,34.299098],[-87.162295,34.299098],[-87.162281,34.299098],[-87.144273,34.299159],[-87.14426,34.299157],[-87.144202,34.299195],[-87.144139,34.299228],[-87.14407,34.299253],[-87.143924,34.299285],[-87.143851,34.29929],[-87.14334,34.299296],[-87.141823,34.299327],[-87.141857,34.299153],[-87.141834,34.299153],[-87.140084,34.299157],[-87.135137,34.299171],[-87.13202,34.299174],[-87.130433,34.29918],[-87.124998,34.299199],[-87.124575,34.299202],[-87.121219,34.299223],[-87.119577,34.299234],[-87.112932,34.299278],[-87.112686,34.29928],[-87.112652,34.29928],[-87.112639,34.29928],[-87.112602,34.299281],[-87.112559,34.299281],[-87.112534,34.299281],[-87.109911,34.299299],[-87.109941,34.301492],[-87.110006,34.306344],[-87.110031,34.308087],[-87.110039,34.308106],[-87.110105,34.313368],[-87.110111,34.313799],[-87.101295,34.313049],[-87.095231,34.312536],[-87.092741,34.31232],[-87.092311,34.312297],[-87.09198,34.312296],[-87.086044,34.312257],[-87.083026,34.312237],[-87.077505,34.3122],[-87.066453,34.312125],[-87.061151,34.312089],[-87.059626,34.312079],[-87.051065,34.312021],[-87.045647,34.311984],[-87.043938,34.311972],[-87.036004,34.311918],[-87.032185,34.311892],[-87.022123,34.311825],[-87.013547,34.311766],[-87.008596,34.311733],[-87.003508,34.311698],[-87.000008,34.311798],[-86.998216,34.311702],[-86.998132,34.311702],[-86.997834,34.311701],[-86.99689,34.311698],[-86.991845,34.311677],[-86.987383,34.311645],[-86.985972,34.311635],[-86.984525,34.311625],[-86.98231,34.311609],[-86.978559,34.311582],[-86.97755,34.311576],[-86.9748,34.311558],[-86.973625,34.311548],[-86.971847,34.311506],[-86.967772,34.311407],[-86.955736,34.311126],[-86.953803,34.311081],[-86.953124,34.311065],[-86.950843,34.311012],[-86.938586,34.310724],[-86.933053,34.310594],[-86.929224,34.310504],[-86.929043,34.310505],[-86.928625,34.310505],[-86.92785,34.310519],[-86.925019,34.310468],[-86.9246,34.310439],[-86.922785,34.310398],[-86.912741,34.310082],[-86.910985,34.310027],[-86.904992,34.30984],[-86.90441,34.309822],[-86.904102,34.309812],[-86.903542,34.309795],[-86.901184,34.309722],[-86.899406,34.309674],[-86.899373,34.309673],[-86.893356,34.309488],[-86.892575,34.309464],[-86.892448,34.30946],[-86.885722,34.309252],[-86.885577,34.309248],[-86.884636,34.309194],[-86.884527,34.30919],[-86.883842,34.309167],[-86.883771,34.309149],[-86.883738,34.309171],[-86.883696,34.309196],[-86.883396,34.309186],[-86.877133,34.308964],[-86.876425,34.308938],[-86.875666,34.308912],[-86.874611,34.308884],[-86.873954,34.308867],[-86.867709,34.308733],[-86.858226,34.308479],[-86.857994,34.308464],[-86.857735,34.308452],[-86.85766,34.308448],[-86.857154,34.308458],[-86.856936,34.308452],[-86.856066,34.308412],[-86.855406,34.308394],[-86.855185,34.308391],[-86.855036,34.308385],[-86.854961,34.308377],[-86.854887,34.308362],[-86.850982,34.308316],[-86.839376,34.308181],[-86.838978,34.308177],[-86.838659,34.308173],[-86.838559,34.308173],[-86.818178,34.307823],[-86.814585,34.307761],[-86.814101,34.307732],[-86.813309,34.307713],[-86.812212,34.307701],[-86.811265,34.307707],[-86.810679,34.307697],[-86.810239,34.307704],[-86.810017,34.307698],[-86.809658,34.307696],[-86.809576,34.307695],[-86.809514,34.307689],[-86.809222,34.307693],[-86.808349,34.307685],[-86.807797,34.307688],[-86.807645,34.307688],[-86.807474,34.307689],[-86.807046,34.307671],[-86.80611,34.307657],[-86.805883,34.307653],[-86.805741,34.307651],[-86.805524,34.307636],[-86.805381,34.307635],[-86.805068,34.307632],[-86.803295,34.307618],[-86.799459,34.307577],[-86.799291,34.307573],[-86.793358,34.307538],[-86.793173,34.307523],[-86.793093,34.307513],[-86.79298,34.307506],[-86.792651,34.307498],[-86.792383,34.307492],[-86.791571,34.307494],[-86.791486,34.307492],[-86.791375,34.307489],[-86.791179,34.307473],[-86.791059,34.307482],[-86.789026,34.30745],[-86.775833,34.307247],[-86.77083,34.307375],[-86.770531,34.307383],[-86.770443,34.307346],[-86.770373,34.307327],[-86.770309,34.30732],[-86.769676,34.307306],[-86.769317,34.307291],[-86.768807,34.307282],[-86.768218,34.307281],[-86.767633,34.307292],[-86.767341,34.307305],[-86.766991,34.307336],[-86.766677,34.307335],[-86.766469,34.307343],[-86.766376,34.307346],[-86.766223,34.307348],[-86.766073,34.307337],[-86.765873,34.307322],[-86.765385,34.307304],[-86.765028,34.307304],[-86.764811,34.307299],[-86.764515,34.307278],[-86.764296,34.307281],[-86.762698,34.307232],[-86.762115,34.307192],[-86.761602,34.307184],[-86.761098,34.307164],[-86.761069,34.307163],[-86.760984,34.307173],[-86.757489,34.30702],[-86.751396,34.306928],[-86.749998,34.306908],[-86.744846,34.306962],[-86.74477,34.306943],[-86.74462,34.306935],[-86.744472,34.306938],[-86.74396,34.306963],[-86.743586,34.306977],[-86.743525,34.306979],[-86.743307,34.306977],[-86.741774,34.306927],[-86.740025,34.30689],[-86.739172,34.306878],[-86.738859,34.306874],[-86.738722,34.306867],[-86.738532,34.306835],[-86.738418,34.306846],[-86.738175,34.306855],[-86.738028,34.306853],[-86.737588,34.30683],[-86.737156,34.306779],[-86.737002,34.306748],[-86.736954,34.306736],[-86.736811,34.306699],[-86.736739,34.306677],[-86.736631,34.306643],[-86.736604,34.306648],[-86.732612,34.306617],[-86.731991,34.306611],[-86.731583,34.306608],[-86.726278,34.30658],[-86.72519,34.306576],[-86.724593,34.306571],[-86.723382,34.306559],[-86.72289,34.306557],[-86.716959,34.306507],[-86.715322,34.30649],[-86.709862,34.306463],[-86.709671,34.306462],[-86.708466,34.306465],[-86.708383,34.306465],[-86.707925,34.306459],[-86.707043,34.306448],[-86.705205,34.306424],[-86.703595,34.306407],[-86.701325,34.306383],[-86.700057,34.306357],[-86.69926,34.306317],[-86.698681,34.306296],[-86.697957,34.306278],[-86.697478,34.306278],[-86.697206,34.30628],[-86.694616,34.306237],[-86.693143,34.306217],[-86.692414,34.306216],[-86.690727,34.306178],[-86.690716,34.306171],[-86.690677,34.306174],[-86.688288,34.306161],[-86.688262,34.306162],[-86.688118,34.30616],[-86.688042,34.30615],[-86.687904,34.306096],[-86.683782,34.306034],[-86.676582,34.305947],[-86.67015,34.305457],[-86.669954,34.305443],[-86.664162,34.305477],[-86.661833,34.305494],[-86.661293,34.305498],[-86.659958,34.305492],[-86.655155,34.305496],[-86.652478,34.305501],[-86.646623,34.305512],[-86.643706,34.305518],[-86.643441,34.305571],[-86.643276,34.305566],[-86.642494,34.305585],[-86.641765,34.305582],[-86.641025,34.305585],[-86.640681,34.305582],[-86.640562,34.305581],[-86.640429,34.305614],[-86.640355,34.305627],[-86.63965,34.305698],[-86.639415,34.305717],[-86.631207,34.305409],[-86.625508,34.305321],[-86.62416,34.305309],[-86.621212,34.305301],[-86.620426,34.305301],[-86.620379,34.305301],[-86.619676,34.305314],[-86.619464,34.305318],[-86.619108,34.305318],[-86.617464,34.305274],[-86.617263,34.305278],[-86.614493,34.305244],[-86.612824,34.305233],[-86.604744,34.305165],[-86.603706,34.305158],[-86.598727,34.305049],[-86.597771,34.305071],[-86.595951,34.305057],[-86.595436,34.305042],[-86.594424,34.305017],[-86.592181,34.304958],[-86.591661,34.304945],[-86.587597,34.304842],[-86.584225,34.304757],[-86.581936,34.304694],[-86.581806,34.309254],[-86.581754,34.311061],[-86.581722,34.312258],[-86.581712,34.312601],[-86.581709,34.313186],[-86.581695,34.316588],[-86.581668,34.323451],[-86.581653,34.327181],[-86.581652,34.327364],[-86.581652,34.327411],[-86.581651,34.32744],[-86.581651,34.32745],[-86.581651,34.327483],[-86.581651,34.327542],[-86.581634,34.33168],[-86.581628,34.333507],[-86.581624,34.334024],[-86.581616,34.334591],[-86.581616,34.334615],[-86.581615,34.334699],[-86.581614,34.334731],[-86.581614,34.334754],[-86.581604,34.335426],[-86.581547,34.339386],[-86.581522,34.344229],[-86.58152,34.344341],[-86.581467,34.347312],[-86.581449,34.349936],[-86.581404,34.356272],[-86.581404,34.356337],[-86.581402,34.356974],[-86.581402,34.357096],[-86.581402,34.357219],[-86.581402,34.357316],[-86.581401,34.357413],[-86.581385,34.359001],[-86.581384,34.359101],[-86.581384,34.359124],[-86.581383,34.359168],[-86.581383,34.359182],[-86.581378,34.359644],[-86.581374,34.360481],[-86.581368,34.361733],[-86.581328,34.367154],[-86.58132,34.371094],[-86.581299,34.37122],[-86.581051,34.372709],[-86.581042,34.372782],[-86.5808,34.374694],[-86.580792,34.374755],[-86.58079,34.374768],[-86.580786,34.374801],[-86.580759,34.375015],[-86.580414,34.376921],[-86.579611,34.381491],[-86.57853,34.387617],[-86.578125,34.390024],[-86.577863,34.391523],[-86.577855,34.391571],[-86.577333,34.394561],[-86.576764,34.398218],[-86.574781,34.410954],[-86.574705,34.41144],[-86.574595,34.412147],[-86.57422,34.414553],[-86.573744,34.417594],[-86.573656,34.418158],[-86.573546,34.418902],[-86.573382,34.42001],[-86.573365,34.420125],[-86.573362,34.42014],[-86.573354,34.420198],[-86.57335,34.420225],[-86.573344,34.420265],[-86.57333,34.420346],[-86.573313,34.420449],[-86.573296,34.420546],[-86.573287,34.420599],[-86.573284,34.420611],[-86.573281,34.420634],[-86.573278,34.420663],[-86.573275,34.420692],[-86.572875,34.423229],[-86.572546,34.42535],[-86.572477,34.425801],[-86.572325,34.426785],[-86.572217,34.427479],[-86.572145,34.427942],[-86.572055,34.428459],[-86.572024,34.428632],[-86.571724,34.430369],[-86.571433,34.432346],[-86.570922,34.435525],[-86.570874,34.435839],[-86.570868,34.435853],[-86.569647,34.443482],[-86.56896,34.447567],[-86.568947,34.447613],[-86.568936,34.44766],[-86.568881,34.447892],[-86.568467,34.449648],[-86.568446,34.449739],[-86.568426,34.449834],[-86.568386,34.450025],[-86.568376,34.450168],[-86.568373,34.450212],[-86.568369,34.450261],[-86.568323,34.450741],[-86.568158,34.452474],[-86.567427,34.456832],[-86.567348,34.457302],[-86.567107,34.458734],[-86.567101,34.458772],[-86.566652,34.461169],[-86.566628,34.461314],[-86.566076,34.464629],[-86.566072,34.464649],[-86.566068,34.464673],[-86.566065,34.464686],[-86.566061,34.46471],[-86.566056,34.464735],[-86.565445,34.468047],[-86.565327,34.46822],[-86.565321,34.468236],[-86.565299,34.468292],[-86.565295,34.468307],[-86.565293,34.468316],[-86.565279,34.468378],[-86.565265,34.46844],[-86.565242,34.468587],[-86.565176,34.468945],[-86.565153,34.469092],[-86.56515,34.469152],[-86.565219,34.469726],[-86.56521,34.469779],[-86.565047,34.470784],[-86.564858,34.472217],[-86.564854,34.472238],[-86.564431,34.474638],[-86.562931,34.483164],[-86.562924,34.483205],[-86.562832,34.483749],[-86.562826,34.483766],[-86.561776,34.489742],[-86.561788,34.489752],[-86.560544,34.496753],[-86.560471,34.497165],[-86.560032,34.499664],[-86.559957,34.500095],[-86.559573,34.501763],[-86.559542,34.5019],[-86.557382,34.513663],[-86.555828,34.522158],[-86.555659,34.523178],[-86.555657,34.523192],[-86.55394,34.533419],[-86.553905,34.53363],[-86.553767,34.53447],[-86.553762,34.534485],[-86.553481,34.536045],[-86.553479,34.536056],[-86.553477,34.536065],[-86.553469,34.536108],[-86.553456,34.536182],[-86.553274,34.537192],[-86.552782,34.539951],[-86.553133,34.541296],[-86.553279,34.541653],[-86.55331,34.541931],[-86.553312,34.541947],[-86.553443,34.541924],[-86.553438,34.541993],[-86.553428,34.542098],[-86.553425,34.542122],[-86.553389,34.542508],[-86.553369,34.542585],[-86.553249,34.543051],[-86.553232,34.543127],[-86.552967,34.543654],[-86.55291,34.543766],[-86.552876,34.543823],[-86.552818,34.543921],[-86.552724,34.544007],[-86.552651,34.544074],[-86.552601,34.544118],[-86.552536,34.544176],[-86.552348,34.544344],[-86.552297,34.54439],[-86.552016,34.544641],[-86.551717,34.544941],[-86.551498,34.545161],[-86.551091,34.545469],[-86.55077,34.545663],[-86.550264,34.545914],[-86.550166,34.545963],[-86.550326,34.545579],[-86.550438,34.545179],[-86.55063,34.544699],[-86.55071,34.544379],[-86.550774,34.544155],[-86.55087,34.543643],[-86.55103,34.543131],[-86.551126,34.542571],[-86.551126,34.542011],[-86.551094,34.541499],[-86.55095,34.540827],[-86.550806,34.540475],[-86.550742,34.539899],[-86.55055,34.539387],[-86.55031,34.538971],[-86.550006,34.538395],[-86.549638,34.537835],[-86.549046,34.537083],[-86.548646,34.536539],[-86.548182,34.535995],[-86.548046,34.535828],[-86.548038,34.535819],[-86.547871,34.53561],[-86.547846,34.535579],[-86.547574,34.535243],[-86.546904,34.533995],[-86.546488,34.533221],[-86.546072,34.532447],[-86.545908,34.532156],[-86.545695,34.531773],[-86.545643,34.531672],[-86.545351,34.531102],[-86.545077,34.530595],[-86.545071,34.530581],[-86.544918,34.530295],[-86.544763,34.530007],[-86.544438,34.529403],[-86.541798,34.524219],[-86.539859,34.520753],[-86.539014,34.519243],[-86.537174,34.515803],[-86.536742,34.515115],[-86.536614,34.514843],[-86.536342,34.514347],[-86.536214,34.514011],[-86.535942,34.513595],[-86.535669,34.512763],[-86.535541,34.512187],[-86.535365,34.511259],[-86.535301,34.510171],[-86.535301,34.509483],[-86.535365,34.508827],[-86.535429,34.508411],[-86.535413,34.507787],[-86.535317,34.507115],[-86.535253,34.506683],[-86.535157,34.506235],[-86.535013,34.505691],[-86.534773,34.504939],[-86.534517,34.504283],[-86.534181,34.503819],[-86.533445,34.502795],[-86.532949,34.502363],[-86.532215,34.501721],[-86.532181,34.501691],[-86.531749,34.501275],[-86.53159,34.50115],[-86.53143,34.501025],[-86.531221,34.500859],[-86.530777,34.500398],[-86.53063,34.500244],[-86.530482,34.500091],[-86.528114,34.498349],[-86.523802,34.496005],[-86.51856,34.492894],[-86.518543,34.492884],[-86.514784,34.490695],[-86.512061,34.489186],[-86.506714,34.486193],[-86.50379,34.484353],[-86.501514,34.483048],[-86.500497,34.482536],[-86.499988,34.482292],[-86.498285,34.481698],[-86.494599,34.480969],[-86.490659,34.480483],[-86.489606,34.480352],[-86.488409,34.480204],[-86.487213,34.480056],[-86.487119,34.480044],[-86.486602,34.47998],[-86.482623,34.479744],[-86.479899,34.479734],[-86.477515,34.479862],[-86.475491,34.479764],[-86.474207,34.479327],[-86.472409,34.47834],[-86.471019,34.477411],[-86.469902,34.476587],[-86.469736,34.476465],[-86.469622,34.47635],[-86.46891,34.475633],[-86.468831,34.475652],[-86.468806,34.475658],[-86.468326,34.475778],[-86.468002,34.475937],[-86.467704,34.476084],[-86.467248,34.476328],[-86.467137,34.476395],[-86.466919,34.476514],[-86.466578,34.476678],[-86.464316,34.477615],[-86.464047,34.477736],[-86.46385,34.477813],[-86.463682,34.477853],[-86.4636,34.477907],[-86.463345,34.478046],[-86.463172,34.478156],[-86.46314,34.47818],[-86.463028,34.478208],[-86.46297,34.478231],[-86.462831,34.478287],[-86.462611,34.478409],[-86.462142,34.47867],[-86.461856,34.478835],[-86.461121,34.479286],[-86.460943,34.479391],[-86.460675,34.479574],[-86.460503,34.479685],[-86.459929,34.480071],[-86.459516,34.480335],[-86.459389,34.480435],[-86.459361,34.480462],[-86.459313,34.480522],[-86.459151,34.480584],[-86.458897,34.480725],[-86.458623,34.480901],[-86.457888,34.481352],[-86.457137,34.481787],[-86.456869,34.481971],[-86.456709,34.482092],[-86.456683,34.482122],[-86.456533,34.482195],[-86.456183,34.48241],[-86.455839,34.482631],[-86.455521,34.482819],[-86.455299,34.482936],[-86.455122,34.483041],[-86.454746,34.483287],[-86.454457,34.483505],[-86.454213,34.483656],[-86.45396,34.483798],[-86.453684,34.483905],[-86.45344,34.483987],[-86.453112,34.484089],[-86.452899,34.484131],[-86.452856,34.484135],[-86.452205,34.484128],[-86.451554,34.484122],[-86.451435,34.484128],[-86.451116,34.484144],[-86.450783,34.484196],[-86.449777,34.484354],[-86.449667,34.484302],[-86.449626,34.484288],[-86.449542,34.484271],[-86.44941,34.48426],[-86.449236,34.48424],[-86.448591,34.484139],[-86.448287,34.484106],[-86.447763,34.484066],[-86.44768,34.484047],[-86.447394,34.484063],[-86.446826,34.48404],[-86.446519,34.484038],[-86.446169,34.484024],[-86.445905,34.484021],[-86.445818,34.484025],[-86.445736,34.484004],[-86.44565,34.483989],[-86.444686,34.483965],[-86.444205,34.483935],[-86.443859,34.48389],[-86.44351,34.483858],[-86.443342,34.483817],[-86.443123,34.483816],[-86.442907,34.483788],[-86.442782,34.48376],[-86.44265,34.483768],[-86.442431,34.483767],[-86.442213,34.48375],[-86.442125,34.483753],[-86.442039,34.483761],[-86.441954,34.483744],[-86.441824,34.483726],[-86.441255,34.483694],[-86.441212,34.483688],[-86.441127,34.483669],[-86.440975,34.483681],[-86.440843,34.483676],[-86.440799,34.48368],[-86.440714,34.483696],[-86.440643,34.483671],[-86.440515,34.483648],[-86.440434,34.48362],[-86.440392,34.483615],[-86.440305,34.483616],[-86.440217,34.483623],[-86.439998,34.48362],[-86.43978,34.483601],[-86.439434,34.483558],[-86.438559,34.483504],[-86.437771,34.483488],[-86.436808,34.483498],[-86.43659,34.483479],[-86.436284,34.483492],[-86.436241,34.4835],[-86.435979,34.483522],[-86.435629,34.483537],[-86.435498,34.483533],[-86.435368,34.48352],[-86.435324,34.483512],[-86.435243,34.483487],[-86.435126,34.483437],[-86.434981,34.483357],[-86.434733,34.483208],[-86.434536,34.483067],[-86.434416,34.482963],[-86.434021,34.482581],[-86.433775,34.482328],[-86.433604,34.482167],[-86.433169,34.481867],[-86.4327,34.481603],[-86.432297,34.481387],[-86.432262,34.481365],[-86.4322,34.481315],[-86.432043,34.481253],[-86.431934,34.481192],[-86.431896,34.481175],[-86.431814,34.481148],[-86.431647,34.481107],[-86.431483,34.481055],[-86.431445,34.481037],[-86.431377,34.480993],[-86.431208,34.480954],[-86.430844,34.480831],[-86.43047,34.480729],[-86.430175,34.480661],[-86.430004,34.480629],[-86.429963,34.480617],[-86.429884,34.480584],[-86.429797,34.480581],[-86.429627,34.480546],[-86.429261,34.480427],[-86.429088,34.480403],[-86.428965,34.480324],[-86.428887,34.480292],[-86.428515,34.480186],[-86.428187,34.480085],[-86.427853,34.479999],[-86.427606,34.479927],[-86.427197,34.479796],[-86.427077,34.479753],[-86.426761,34.47963],[-86.426194,34.479439],[-86.426151,34.47943],[-86.426022,34.479416],[-86.425939,34.479392],[-86.425779,34.479334],[-86.425697,34.47931],[-86.425482,34.479277],[-86.425133,34.479268],[-86.424914,34.479272],[-86.424739,34.479284],[-86.42461,34.4793],[-86.424314,34.479368],[-86.424274,34.479382],[-86.42401,34.479509],[-86.423914,34.479581],[-86.423833,34.479666],[-86.423716,34.479817],[-86.423588,34.480004],[-86.423382,34.480359],[-86.423322,34.480455],[-86.423179,34.480635],[-86.423152,34.480662],[-86.423089,34.480713],[-86.423047,34.480831],[-86.422988,34.480967],[-86.422968,34.480998],[-86.422851,34.481149],[-86.422765,34.481313],[-86.422695,34.481357],[-86.42258,34.481465],[-86.422357,34.481729],[-86.422195,34.481941],[-86.421904,34.482298],[-86.421262,34.483064],[-86.421218,34.483125],[-86.421101,34.483318],[-86.421078,34.483387],[-86.420985,34.483462],[-86.420794,34.483658],[-86.420566,34.483919],[-86.420255,34.484308],[-86.420178,34.484395],[-86.419777,34.484818],[-86.419659,34.484967],[-86.419499,34.485137],[-86.419352,34.485269],[-86.419022,34.485554],[-86.418994,34.485582],[-86.418932,34.485676],[-86.418831,34.485744],[-86.418683,34.485877],[-86.418433,34.486124],[-86.417954,34.486635],[-86.417894,34.486687],[-86.41787,34.486717],[-86.417831,34.486781],[-86.417715,34.486932],[-86.417304,34.487437],[-86.417125,34.487639],[-86.417026,34.487711],[-86.416996,34.487737],[-86.416958,34.487801],[-86.416911,34.487871],[-86.416732,34.488073],[-86.416351,34.488418],[-86.416054,34.488727],[-86.415781,34.48905],[-86.415455,34.489387],[-86.415228,34.48965],[-86.415137,34.489772],[-86.414935,34.490006],[-86.414915,34.490037],[-86.414867,34.490173],[-86.414816,34.490272],[-86.414629,34.490596],[-86.414101,34.491458],[-86.413998,34.491615],[-86.413972,34.491644],[-86.413917,34.491814],[-86.413458,34.49266],[-86.412762,34.493687],[-86.412478,34.494089],[-86.412446,34.494155],[-86.412368,34.494206],[-86.412306,34.494257],[-86.412239,34.494303],[-86.412095,34.494385],[-86.41186,34.49448],[-86.411819,34.494492],[-86.411607,34.494538],[-86.411345,34.49456],[-86.411257,34.494558],[-86.411065,34.494474],[-86.410816,34.494405],[-86.41073,34.494391],[-86.41038,34.494381],[-86.410248,34.49439],[-86.410032,34.494374],[-86.409949,34.494399],[-86.409758,34.494486],[-86.409647,34.494543],[-86.409482,34.494661],[-86.409483,34.494731],[-86.409474,34.494802],[-86.409464,34.494837],[-86.40942,34.494938],[-86.409399,34.49497],[-86.409276,34.495117],[-86.409142,34.495258],[-86.408963,34.495414],[-86.408867,34.495487],[-86.408724,34.495568],[-86.408649,34.495605],[-86.408569,34.495633],[-86.408445,34.49567],[-86.408183,34.495681],[-86.40797,34.495638],[-86.40793,34.495624],[-86.407551,34.495532],[-86.407167,34.49546],[-86.406992,34.495446],[-86.406686,34.495451],[-86.406644,34.49546],[-86.4064,34.495541],[-86.406243,34.495604],[-86.406089,34.495672],[-86.405965,34.495708],[-86.40594,34.49574],[-86.405822,34.495845],[-86.405802,34.495877],[-86.405627,34.496081],[-86.405541,34.496207],[-86.405267,34.496527],[-86.405003,34.496767],[-86.404941,34.496817],[-86.404875,34.496863],[-86.404845,34.49689],[-86.40478,34.496937],[-86.40467,34.496997],[-86.404486,34.49709],[-86.404154,34.497182],[-86.403981,34.497205],[-86.403807,34.497222],[-86.403546,34.497207],[-86.403249,34.497145],[-86.403209,34.49713],[-86.402956,34.496989],[-86.402725,34.496825],[-86.402605,34.496721],[-86.402494,34.49661],[-86.402425,34.496519],[-86.402312,34.496326],[-86.402184,34.49618],[-86.40196,34.495962],[-86.401598,34.495702],[-86.401375,34.495589],[-86.401144,34.495486],[-86.400788,34.495347],[-86.400503,34.495254],[-86.399888,34.495064],[-86.399552,34.494983],[-86.399339,34.494941],[-86.399216,34.494969],[-86.399129,34.49498],[-86.398954,34.494974],[-86.398782,34.494945],[-86.398741,34.494934],[-86.398661,34.494905],[-86.39865,34.494904],[-86.398543,34.494946],[-86.398376,34.494987],[-86.398072,34.495024],[-86.397943,34.495048],[-86.397735,34.495103],[-86.397424,34.495233],[-86.397116,34.49537],[-86.396855,34.495501],[-86.396574,34.495671],[-86.396419,34.495797],[-86.396309,34.495908],[-86.39627,34.495959],[-86.396262,34.49597],[-86.39618,34.496],[-86.396142,34.496018],[-86.395893,34.496163],[-86.394807,34.49694],[-86.394777,34.496967],[-86.394742,34.496987],[-86.393984,34.497269],[-86.393613,34.497379],[-86.393187,34.497462],[-86.392807,34.497547],[-86.39264,34.497589],[-86.39228,34.497721],[-86.392098,34.497822],[-86.392003,34.497895],[-86.391945,34.497949],[-86.391859,34.498073],[-86.391844,34.498107],[-86.391818,34.498211],[-86.391792,34.498532],[-86.391749,34.498707],[-86.391687,34.498878],[-86.39165,34.498942],[-86.391514,34.499082],[-86.391492,34.499114],[-86.391442,34.499171],[-86.391412,34.499197],[-86.391265,34.499275],[-86.391186,34.499305],[-86.391073,34.499341],[-86.391024,34.499356],[-86.390968,34.499365],[-86.390849,34.499382],[-86.390756,34.499388],[-86.390718,34.499391],[-86.390105,34.499405],[-86.389712,34.499425],[-86.389454,34.499465],[-86.38929,34.499515],[-86.389216,34.499554],[-86.389118,34.499624],[-86.389059,34.499677],[-86.389042,34.499698],[-86.389035,34.499707],[-86.388967,34.499844],[-86.388957,34.499879],[-86.388939,34.499986],[-86.388926,34.500199],[-86.388934,34.500235],[-86.388968,34.500338],[-86.389038,34.500469],[-86.389063,34.500498],[-86.389124,34.500549],[-86.389289,34.500667],[-86.389403,34.500776],[-86.389473,34.500866],[-86.389526,34.500923],[-86.389616,34.501199],[-86.389636,34.501413],[-86.389612,34.501554],[-86.3896,34.501589],[-86.389524,34.501717],[-86.389354,34.501978],[-86.389339,34.502001],[-86.389223,34.502021],[-86.389183,34.502034],[-86.388988,34.502115],[-86.388953,34.502137],[-86.388878,34.502174],[-86.388708,34.502287],[-86.388582,34.502385],[-86.388526,34.50244],[-86.388484,34.502503],[-86.388471,34.502537],[-86.38842,34.502636],[-86.388377,34.502699],[-86.388398,34.502768],[-86.38841,34.502838],[-86.388422,34.502873],[-86.388426,34.502908],[-86.388424,34.503051],[-86.388469,34.503188],[-86.388497,34.503257],[-86.388539,34.503319],[-86.388592,34.503375],[-86.388885,34.503638],[-86.388946,34.503688],[-86.389173,34.503904],[-86.389302,34.504048],[-86.389469,34.504212],[-86.389902,34.504566],[-86.390048,34.5047],[-86.390074,34.504729],[-86.390092,34.504761],[-86.390103,34.504795],[-86.390124,34.504937],[-86.390108,34.50508],[-86.390098,34.505114],[-86.390079,34.505146],[-86.390028,34.505205],[-86.38994,34.505284],[-86.389874,34.50533],[-86.389807,34.505362],[-86.389757,34.50538],[-86.38966,34.505382],[-86.389575,34.505363],[-86.389341,34.505267],[-86.389304,34.505248],[-86.389071,34.505148],[-86.38878,34.505066],[-86.388696,34.505047],[-86.388437,34.50501],[-86.388262,34.505008],[-86.388175,34.50502],[-86.38809,34.505039],[-86.387883,34.505096],[-86.387803,34.505124],[-86.38757,34.505223],[-86.387535,34.505245],[-86.387454,34.505329],[-86.387384,34.50542],[-86.387349,34.505485],[-86.387261,34.505687],[-86.387135,34.506067],[-86.387093,34.506168],[-86.386885,34.50675],[-86.386776,34.507169],[-86.386734,34.507417],[-86.386727,34.507523],[-86.386728,34.50763],[-86.386736,34.507665],[-86.38674,34.507735],[-86.386761,34.50784],[-86.386849,34.508002],[-86.387014,34.508168],[-86.387048,34.50819],[-86.3872,34.508261],[-86.387242,34.508272],[-86.387286,34.508278],[-86.387373,34.508281],[-86.38746,34.508277],[-86.387546,34.508259],[-86.387793,34.508187],[-86.387874,34.50816],[-86.38841,34.507918],[-86.388917,34.507636],[-86.389194,34.507529],[-86.389475,34.507429],[-86.389683,34.507374],[-86.38981,34.507347],[-86.390365,34.507249],[-86.390929,34.507188],[-86.391144,34.507156],[-86.391204,34.507142],[-86.391313,34.507118],[-86.391598,34.507348],[-86.391668,34.507391],[-86.391967,34.50765],[-86.392069,34.507765],[-86.39213,34.507859],[-86.392147,34.507892],[-86.392189,34.50803],[-86.392195,34.508066],[-86.392191,34.50828],[-86.392157,34.5086],[-86.392141,34.508885],[-86.392144,34.508956],[-86.392109,34.509203],[-86.392049,34.509375],[-86.392018,34.509442],[-86.391975,34.509504],[-86.3919,34.509631],[-86.391682,34.509855],[-86.391617,34.509902],[-86.391579,34.509921],[-86.391491,34.509954],[-86.391368,34.509992],[-86.391253,34.510024],[-86.390999,34.510075],[-86.390742,34.510116],[-86.390573,34.510152],[-86.390329,34.510234],[-86.390091,34.510324],[-86.389947,34.510406],[-86.389882,34.510453],[-86.38979,34.51053],[-86.389672,34.51068],[-86.389655,34.510713],[-86.389645,34.510747],[-86.389635,34.510854],[-86.38968,34.510954],[-86.389718,34.511019],[-86.389742,34.511048],[-86.390031,34.511265],[-86.390326,34.511477],[-86.390637,34.511729],[-86.390803,34.511894],[-86.390884,34.512021],[-86.390921,34.512123],[-86.390935,34.512194],[-86.390937,34.512301],[-86.390929,34.512372],[-86.390906,34.512478],[-86.390865,34.512616],[-86.3908,34.512749],[-86.390671,34.512976],[-86.390624,34.513076],[-86.390588,34.513179],[-86.390535,34.513425],[-86.390528,34.513496],[-86.390511,34.513568],[-86.390518,34.513674],[-86.39048,34.513733],[-86.390439,34.513835],[-86.390405,34.513964],[-86.390384,34.514043],[-86.390381,34.514078],[-86.390386,34.514115],[-86.390382,34.514185],[-86.390387,34.514291],[-86.390395,34.514327],[-86.390432,34.514429],[-86.390469,34.514494],[-86.390517,34.514554],[-86.3906,34.514637],[-86.390899,34.514846],[-86.391094,34.514989],[-86.391278,34.515139],[-86.391504,34.515358],[-86.391692,34.515597],[-86.391752,34.515691],[-86.391835,34.515894],[-86.391932,34.516113],[-86.392079,34.516522],[-86.392141,34.516768],[-86.39215,34.516909],[-86.392172,34.517122],[-86.392203,34.517298],[-86.39223,34.517403],[-86.392329,34.517676],[-86.392359,34.51779],[-86.392376,34.517884],[-86.392389,34.517911],[-86.392427,34.518096],[-86.392432,34.518308],[-86.392422,34.518379],[-86.392355,34.518585],[-86.392244,34.518856],[-86.392203,34.518993],[-86.392178,34.51906],[-86.392135,34.519271],[-86.392083,34.519406],[-86.392063,34.519438],[-86.392003,34.51949],[-86.391979,34.519506],[-86.391963,34.51951],[-86.391929,34.519544],[-86.391907,34.519561],[-86.39177,34.51965],[-86.391512,34.519784],[-86.39136,34.519853],[-86.391212,34.519928],[-86.391134,34.51996],[-86.390811,34.52007],[-86.390684,34.520096],[-86.390469,34.520128],[-86.390338,34.52013],[-86.390207,34.520122],[-86.389991,34.520094],[-86.389821,34.520058],[-86.389447,34.519958],[-86.389211,34.519863],[-86.389139,34.519823],[-86.388844,34.519609],[-86.388584,34.519371],[-86.388531,34.519314],[-86.388413,34.519123],[-86.388366,34.518878],[-86.388373,34.518771],[-86.38839,34.518701],[-86.388418,34.518634],[-86.388566,34.518415],[-86.388647,34.518251],[-86.388691,34.518151],[-86.388712,34.518046],[-86.388728,34.517833],[-86.38866,34.517626],[-86.388556,34.517469],[-86.388506,34.517411],[-86.388367,34.517274],[-86.388336,34.517249],[-86.388093,34.517098],[-86.388019,34.517058],[-86.387779,34.516972],[-86.387696,34.516948],[-86.387611,34.516932],[-86.387393,34.51691],[-86.38735,34.516914],[-86.387137,34.516955],[-86.387053,34.516975],[-86.386814,34.517063],[-86.386467,34.517215],[-86.386095,34.517404],[-86.385993,34.517472],[-86.385869,34.517573],[-86.385664,34.517758],[-86.385551,34.517867],[-86.385533,34.517907],[-86.385388,34.518217],[-86.385323,34.518387],[-86.385305,34.518456],[-86.38519,34.5188],[-86.385172,34.51887],[-86.38517,34.518905],[-86.385146,34.519021],[-86.385119,34.519148],[-86.385109,34.519215],[-86.385091,34.519282],[-86.385009,34.519452],[-86.384977,34.519519],[-86.38495,34.519583],[-86.384903,34.519677],[-86.384868,34.519748],[-86.384782,34.51995],[-86.384742,34.520125],[-86.384697,34.520263],[-86.384686,34.520334],[-86.384659,34.520361],[-86.384625,34.520383],[-86.384536,34.520461],[-86.384488,34.520522],[-86.384453,34.520542],[-86.384262,34.520628],[-86.383861,34.520775],[-86.383635,34.520855],[-86.383208,34.520932],[-86.383121,34.520942],[-86.382946,34.520953],[-86.382731,34.520921],[-86.382517,34.520881],[-86.381714,34.5207],[-86.38101,34.520503],[-86.380488,34.520316],[-86.379976,34.520111],[-86.379909,34.520084],[-86.379858,34.520064],[-86.379549,34.519929],[-86.378783,34.519584],[-86.378747,34.519563],[-86.378671,34.519528],[-86.377422,34.518868],[-86.376165,34.518219],[-86.375872,34.518062],[-86.375481,34.517831],[-86.375178,34.517693],[-86.374997,34.517591],[-86.374849,34.517515],[-86.374709,34.517428],[-86.374599,34.51737],[-86.374356,34.517219],[-86.374317,34.517202],[-86.374177,34.517116],[-86.373929,34.516914],[-86.373799,34.516818],[-86.373202,34.516345],[-86.373038,34.516227],[-86.372777,34.515987],[-86.372696,34.515902],[-86.372552,34.515722],[-86.372441,34.515613],[-86.372291,34.515437],[-86.372016,34.515159],[-86.371774,34.514954],[-86.37155,34.514783],[-86.371289,34.514592],[-86.371218,34.51455],[-86.371082,34.51446],[-86.370872,34.514334],[-86.370645,34.514166],[-86.37044,34.514033],[-86.370255,34.513939],[-86.370055,34.513866],[-86.369851,34.513802],[-86.369816,34.513781],[-86.369777,34.513765],[-86.369735,34.513754],[-86.369517,34.513742],[-86.36921,34.513745],[-86.368952,34.513788],[-86.368368,34.513941],[-86.367562,34.514217],[-86.367124,34.514377],[-86.366967,34.51444],[-86.366269,34.514738],[-86.366159,34.514797],[-86.366126,34.514821],[-86.365772,34.515029],[-86.365739,34.515054],[-86.36549,34.515196],[-86.365411,34.515246],[-86.365124,34.515464],[-86.364954,34.515576],[-86.364757,34.515717],[-86.364409,34.515989],[-86.364173,34.5162],[-86.364011,34.516368],[-86.36399,34.516399],[-86.363885,34.516632],[-86.363862,34.5167],[-86.36382,34.516874],[-86.363801,34.516978],[-86.363783,34.517225],[-86.363771,34.517295],[-86.363767,34.517365],[-86.363772,34.517579],[-86.363724,34.517861],[-86.363708,34.517931],[-86.363636,34.518098],[-86.363596,34.518162],[-86.363435,34.518374],[-86.363226,34.518554],[-86.363132,34.51863],[-86.362999,34.518722],[-86.362505,34.519018],[-86.362316,34.519108],[-86.362245,34.519149],[-86.36209,34.519215],[-86.361799,34.519294],[-86.361477,34.519405],[-86.361232,34.519484],[-86.360898,34.519568],[-86.360526,34.519674],[-86.35996,34.519863],[-86.359634,34.519962],[-86.359256,34.520053],[-86.35887,34.520116],[-86.358657,34.520157],[-86.357899,34.520334],[-86.357728,34.520361],[-86.357431,34.520427],[-86.357314,34.520473],[-86.357086,34.520581],[-86.356793,34.520735],[-86.35664,34.520861],[-86.356446,34.521098],[-86.35639,34.521194],[-86.356381,34.521261],[-86.356425,34.521616],[-86.356493,34.521968],[-86.356474,34.522181],[-86.356433,34.52232],[-86.356284,34.522654],[-86.356258,34.522722],[-86.35621,34.522822],[-86.356157,34.522919],[-86.356059,34.523035],[-86.355995,34.523128],[-86.355943,34.523184],[-86.355804,34.52332],[-86.35574,34.523367],[-86.355519,34.523484],[-86.355478,34.523496],[-86.355393,34.523513],[-86.355262,34.523513],[-86.35518,34.523489],[-86.355106,34.523437],[-86.355076,34.523411],[-86.354979,34.523293],[-86.354932,34.523156],[-86.35489,34.523055],[-86.354718,34.522766],[-86.354564,34.522551],[-86.354517,34.522492],[-86.354399,34.5223],[-86.354335,34.522206],[-86.354135,34.521972],[-86.354082,34.521916],[-86.353883,34.521726],[-86.353863,34.521694],[-86.353745,34.521589],[-86.35355,34.521449],[-86.353431,34.521344],[-86.353398,34.52132],[-86.353361,34.521301],[-86.353108,34.521105],[-86.352974,34.521015],[-86.35283,34.520936],[-86.352767,34.520887],[-86.352523,34.520743],[-86.352492,34.520718],[-86.352151,34.520561],[-86.351879,34.520447],[-86.351837,34.520438],[-86.351707,34.520424],[-86.351399,34.520432],[-86.351144,34.520383],[-86.351062,34.520359],[-86.351019,34.520352],[-86.350861,34.520289],[-86.350825,34.52027],[-86.350687,34.520181],[-86.350622,34.520134],[-86.350534,34.520054],[-86.3505,34.520033],[-86.350411,34.519954],[-86.350238,34.519709],[-86.350145,34.519587],[-86.350044,34.519392],[-86.350014,34.519326],[-86.349992,34.519288],[-86.349809,34.519045],[-86.349678,34.518901],[-86.349617,34.51885],[-86.34939,34.518633],[-86.349345,34.518603],[-86.349274,34.518556],[-86.349233,34.518529],[-86.34922,34.518521],[-86.349031,34.518372],[-86.348607,34.518061],[-86.348577,34.518035],[-86.348384,34.517841],[-86.348234,34.517712],[-86.348071,34.517593],[-86.347585,34.517184],[-86.34741,34.517076],[-86.347264,34.516998],[-86.347144,34.516954],[-86.34703,34.516901],[-86.34699,34.516887],[-86.346782,34.516832],[-86.346611,34.516802],[-86.346527,34.516781],[-86.346367,34.516724],[-86.346145,34.516609],[-86.345665,34.516437],[-86.345566,34.516368],[-86.345356,34.516238],[-86.345244,34.516183],[-86.344668,34.515797],[-86.344374,34.515582],[-86.344167,34.515451],[-86.343964,34.515315],[-86.343404,34.514972],[-86.343109,34.514758],[-86.342898,34.514631],[-86.342769,34.514536],[-86.342279,34.514078],[-86.342229,34.514035],[-86.342147,34.513964],[-86.342012,34.513872],[-86.341942,34.51383],[-86.341718,34.51366],[-86.341657,34.513608],[-86.341561,34.513535],[-86.341385,34.513378],[-86.341254,34.513283],[-86.341162,34.513207],[-86.341106,34.513153],[-86.340806,34.512896],[-86.340414,34.512611],[-86.340321,34.512535],[-86.340233,34.512456],[-86.339861,34.512058],[-86.339732,34.511914],[-86.339684,34.511854],[-86.339549,34.511713],[-86.3395,34.511654],[-86.339457,34.511593],[-86.339262,34.511357],[-86.339006,34.511067],[-86.338832,34.51082],[-86.338785,34.510759],[-86.338373,34.510296],[-86.338181,34.510103],[-86.338085,34.510031],[-86.337982,34.509967],[-86.337783,34.509827],[-86.33756,34.509715],[-86.337324,34.50962],[-86.3372,34.509585],[-86.336945,34.509534],[-86.336686,34.509505],[-86.336298,34.509453],[-86.335561,34.509386],[-86.335475,34.509382],[-86.335302,34.509365],[-86.335046,34.509314],[-86.33496,34.509309],[-86.33475,34.509355],[-86.334628,34.509393],[-86.334516,34.509449],[-86.334415,34.509518],[-86.334322,34.509593],[-86.334294,34.509627],[-86.334207,34.509732],[-86.334174,34.509799],[-86.334146,34.509902],[-86.334127,34.510044],[-86.334127,34.510079],[-86.334194,34.510286],[-86.334239,34.510385],[-86.334261,34.510416],[-86.33429,34.510483],[-86.334326,34.510546],[-86.334442,34.510698],[-86.33476,34.510987],[-86.334812,34.511044],[-86.334977,34.511254],[-86.334997,34.511286],[-86.335011,34.51132],[-86.335131,34.511549],[-86.335218,34.511788],[-86.335204,34.511895],[-86.335185,34.511964],[-86.335169,34.511997],[-86.335054,34.512189],[-86.335012,34.512252],[-86.334913,34.512369],[-86.334856,34.512423],[-86.334823,34.512447],[-86.334405,34.512641],[-86.334044,34.512768],[-86.333793,34.512827],[-86.333706,34.512829],[-86.333533,34.512842],[-86.333401,34.512845],[-86.333315,34.512832],[-86.332984,34.51274],[-86.332709,34.512631],[-86.332629,34.512604],[-86.332243,34.512438],[-86.332201,34.512429],[-86.33208,34.512392],[-86.332001,34.512363],[-86.331918,34.512344],[-86.331616,34.512294],[-86.331486,34.51228],[-86.331355,34.51228],[-86.331226,34.512301],[-86.331016,34.51235],[-86.330528,34.51251],[-86.330198,34.512684],[-86.330164,34.512707],[-86.330145,34.512725],[-86.330098,34.51277],[-86.330007,34.512893],[-86.329881,34.513037],[-86.329837,34.513099],[-86.32982,34.513131],[-86.329725,34.513553],[-86.329722,34.513588],[-86.329743,34.513906],[-86.329748,34.514048],[-86.329776,34.51433],[-86.329825,34.514577],[-86.32992,34.514809],[-86.329975,34.514905],[-86.330136,34.515154],[-86.330303,34.515402],[-86.33039,34.51548],[-86.330487,34.515551],[-86.330561,34.515588],[-86.330677,34.515637],[-86.330761,34.515658],[-86.330931,34.51569],[-86.331691,34.515859],[-86.331898,34.515914],[-86.331979,34.515941],[-86.332196,34.516064],[-86.332288,34.516139],[-86.33234,34.516196],[-86.332363,34.516227],[-86.332472,34.51646],[-86.332564,34.516698],[-86.332584,34.516767],[-86.33265,34.517046],[-86.33267,34.517151],[-86.332677,34.517222],[-86.332691,34.517291],[-86.332715,34.51736],[-86.332787,34.517528],[-86.332912,34.517753],[-86.33301,34.517951],[-86.333021,34.517985],[-86.333029,34.518057],[-86.333019,34.518092],[-86.332953,34.518262],[-86.332898,34.518317],[-86.332837,34.518368],[-86.332765,34.518409],[-86.332725,34.518423],[-86.332683,34.518421],[-86.332641,34.518413],[-86.332554,34.518404],[-86.332378,34.518398],[-86.332339,34.518383],[-86.332229,34.518325],[-86.332153,34.518291],[-86.331736,34.518186],[-86.331395,34.518126],[-86.331308,34.518119],[-86.331264,34.518122],[-86.330829,34.518122],[-86.330611,34.518136],[-86.33018,34.518198],[-86.329798,34.518271],[-86.329454,34.518328],[-86.329123,34.518418],[-86.329003,34.518463],[-86.328812,34.518551],[-86.328491,34.518737],[-86.328156,34.518965],[-86.328094,34.519015],[-86.327929,34.519182],[-86.327865,34.519256],[-86.327802,34.519351],[-86.327679,34.51958],[-86.327545,34.519843],[-86.327474,34.52005],[-86.327446,34.520191],[-86.327412,34.520294],[-86.327405,34.520329],[-86.327395,34.520544],[-86.327393,34.520687],[-86.327399,34.520758],[-86.327445,34.521005],[-86.327582,34.521489],[-86.327597,34.521559],[-86.327706,34.521866],[-86.327718,34.521936],[-86.327753,34.522075],[-86.327798,34.522392],[-86.3278,34.522463],[-86.327717,34.522992],[-86.327676,34.523204],[-86.327573,34.523512],[-86.327469,34.523781],[-86.327446,34.52385],[-86.327379,34.524018],[-86.327273,34.524252],[-86.327069,34.524607],[-86.327028,34.52467],[-86.32696,34.524762],[-86.326512,34.525289],[-86.326291,34.525511],[-86.326137,34.525727],[-86.326009,34.525921],[-86.325953,34.526018],[-86.325886,34.526149],[-86.325776,34.526383],[-86.325688,34.526546],[-86.325468,34.527163],[-86.325298,34.527529],[-86.325263,34.527633],[-86.32521,34.527769],[-86.325116,34.528043],[-86.325023,34.528205],[-86.324981,34.528306],[-86.324931,34.528406],[-86.324846,34.528609],[-86.324793,34.528706],[-86.324636,34.528961],[-86.324499,34.529144],[-86.324312,34.529342],[-86.32414,34.529549],[-86.324033,34.529661],[-86.323831,34.529893],[-86.323628,34.53008],[-86.323604,34.530111],[-86.323524,34.530195],[-86.323282,34.530402],[-86.322917,34.530656],[-86.322714,34.530844],[-86.32265,34.530893],[-86.322615,34.530914],[-86.322424,34.531003],[-86.322217,34.531134],[-86.322075,34.531217],[-86.32187,34.531351],[-86.321582,34.531571],[-86.321372,34.531698],[-86.321283,34.531744],[-86.320864,34.532055],[-86.320835,34.53208],[-86.320569,34.532264],[-86.320077,34.532616],[-86.319956,34.532719],[-86.319829,34.532816],[-86.319502,34.533099],[-86.319123,34.533391],[-86.31879,34.53367],[-86.318543,34.533922],[-86.318217,34.534209],[-86.31788,34.534484],[-86.317792,34.534563],[-86.317767,34.534592],[-86.317719,34.534646],[-86.31746,34.534887],[-86.317382,34.534972],[-86.316943,34.535416],[-86.316465,34.535882],[-86.316117,34.536151],[-86.315909,34.536333],[-86.315564,34.536606],[-86.315447,34.536712],[-86.315221,34.53693],[-86.315123,34.537],[-86.315093,34.537026],[-86.314984,34.537087],[-86.314882,34.537153],[-86.314524,34.537358],[-86.314418,34.537423],[-86.314355,34.537471],[-86.314327,34.537498],[-86.314156,34.537609],[-86.31401,34.537741],[-86.313909,34.537811],[-86.313601,34.537948],[-86.313496,34.538011],[-86.313195,34.538216],[-86.312971,34.538385],[-86.31277,34.538522],[-86.312554,34.538645],[-86.3124,34.538712],[-86.311985,34.538909],[-86.311697,34.539072],[-86.311378,34.53919],[-86.311187,34.539277],[-86.311156,34.539301],[-86.311129,34.53933],[-86.311021,34.539485],[-86.310997,34.539553],[-86.310989,34.539625],[-86.311001,34.539731],[-86.311002,34.539874],[-86.31106,34.540008],[-86.311163,34.540205],[-86.311175,34.54024],[-86.311201,34.540381],[-86.311238,34.54052],[-86.311252,34.54059],[-86.311312,34.540981],[-86.311369,34.541262],[-86.311394,34.541439],[-86.31149,34.541824],[-86.311536,34.541961],[-86.31158,34.542063],[-86.311687,34.542257],[-86.311702,34.542291],[-86.31178,34.542429],[-86.31188,34.542586],[-86.311987,34.542743],[-86.312077,34.542905],[-86.312116,34.543007],[-86.312291,34.543707],[-86.312366,34.544167],[-86.312453,34.544589],[-86.312466,34.544731],[-86.312468,34.544802],[-86.312493,34.545014],[-86.312501,34.545049],[-86.312528,34.545333],[-86.312533,34.545547],[-86.312558,34.54576],[-86.312561,34.545867],[-86.312583,34.546008],[-86.312682,34.546429],[-86.312762,34.546706],[-86.312819,34.546877],[-86.312917,34.547299],[-86.312983,34.547687],[-86.312993,34.547936],[-86.312986,34.547972],[-86.312921,34.548105],[-86.312773,34.548281],[-86.312608,34.548534],[-86.312568,34.548635],[-86.312549,34.548741],[-86.312542,34.548811],[-86.312533,34.548846],[-86.312525,34.548917],[-86.312526,34.548952],[-86.312566,34.549091],[-86.312581,34.549161],[-86.312596,34.549267],[-86.312589,34.549341],[-86.312587,34.549484],[-86.312593,34.549519],[-86.312641,34.549657],[-86.312677,34.549721],[-86.312701,34.549751],[-86.312906,34.549972],[-86.313045,34.550122],[-86.313065,34.550153],[-86.313073,34.550188],[-86.313055,34.550282],[-86.313045,34.550336],[-86.313021,34.550405],[-86.312964,34.550501],[-86.312936,34.550528],[-86.312859,34.550564],[-86.312787,34.550587],[-86.312737,34.550603],[-86.312694,34.550609],[-86.312458,34.550626],[-86.312374,34.550644],[-86.312165,34.5507],[-86.312125,34.550714],[-86.31201,34.550765],[-86.31196,34.550792],[-86.311755,34.550903],[-86.311649,34.550966],[-86.311582,34.551012],[-86.311557,34.551042],[-86.311501,34.551138],[-86.311476,34.551206],[-86.311446,34.55131],[-86.311444,34.551346],[-86.31145,34.55138],[-86.311452,34.551451],[-86.311462,34.551521],[-86.311645,34.551996],[-86.311675,34.552101],[-86.311721,34.552311],[-86.31172,34.55249],[-86.311761,34.552663],[-86.311764,34.55277],[-86.311759,34.55284],[-86.31178,34.553053],[-86.311775,34.553304],[-86.311756,34.553515],[-86.311723,34.553655],[-86.311666,34.553936],[-86.311497,34.554266],[-86.311437,34.554362],[-86.311373,34.554454],[-86.311079,34.55485],[-86.310914,34.5551],[-86.310721,34.555461],[-86.310661,34.555556],[-86.310538,34.555704],[-86.310412,34.555891],[-86.31007,34.556429],[-86.309607,34.557117],[-86.30935,34.557531],[-86.309286,34.557624],[-86.309239,34.557684],[-86.309036,34.557918],[-86.308818,34.558185],[-86.30875,34.558277],[-86.308607,34.558497],[-86.30856,34.558557],[-86.30853,34.558584],[-86.308335,34.558821],[-86.308183,34.558996],[-86.307887,34.559305],[-86.307675,34.559487],[-86.307574,34.559555],[-86.307411,34.559674],[-86.307322,34.559753],[-86.307181,34.559888],[-86.306974,34.560119],[-86.306833,34.5603],[-86.306742,34.560463],[-86.306715,34.56053],[-86.306646,34.560738],[-86.306629,34.560951],[-86.306631,34.561058],[-86.306674,34.561413],[-86.306735,34.561658],[-86.306838,34.561881],[-86.306879,34.561945],[-86.306932,34.562043],[-86.307076,34.562262],[-86.3071,34.562293],[-86.307179,34.562378],[-86.307248,34.562469],[-86.307325,34.562555],[-86.307542,34.562779],[-86.307629,34.562859],[-86.307723,34.562934],[-86.307836,34.563043],[-86.30796,34.563143],[-86.308049,34.563222],[-86.308269,34.563396],[-86.308389,34.5635],[-86.308618,34.563663],[-86.308694,34.563697],[-86.308765,34.563738],[-86.308797,34.563761],[-86.308835,34.563781],[-86.308951,34.56383],[-86.309061,34.563887],[-86.309095,34.563909],[-86.309208,34.563965],[-86.309363,34.56403],[-86.309446,34.564053],[-86.309574,34.564078],[-86.309661,34.564088],[-86.309705,34.564087],[-86.309792,34.564077],[-86.309961,34.564039],[-86.310065,34.563973],[-86.31033,34.563735],[-86.310636,34.563433],[-86.31067,34.56341],[-86.31085,34.563308],[-86.311196,34.563157],[-86.31148,34.563064],[-86.312026,34.562943],[-86.312111,34.562936],[-86.312243,34.562932],[-86.312636,34.56294],[-86.312679,34.562944],[-86.312721,34.562953],[-86.31285,34.562968],[-86.312921,34.562972],[-86.31333,34.562995],[-86.313464,34.563008],[-86.313631,34.56305],[-86.313716,34.563065],[-86.314134,34.563167],[-86.314345,34.563212],[-86.314798,34.563348],[-86.315204,34.563481],[-86.315818,34.563671],[-86.315858,34.563687],[-86.315968,34.563746],[-86.316045,34.56378],[-86.316242,34.563856],[-86.316348,34.563919],[-86.316617,34.564039],[-86.316936,34.564155],[-86.317183,34.56423],[-86.317464,34.564329],[-86.317546,34.564354],[-86.317842,34.564417],[-86.318014,34.564446],[-86.318445,34.564509],[-86.319039,34.564637],[-86.319341,34.56468],[-86.319732,34.564727],[-86.320073,34.564796],[-86.320245,34.564823],[-86.320922,34.564978],[-86.321093,34.565009],[-86.321308,34.565041],[-86.321644,34.565125],[-86.321773,34.565149],[-86.32199,34.565167],[-86.322341,34.565183],[-86.322605,34.565184],[-86.322824,34.565174],[-86.323305,34.565167],[-86.32374,34.565121],[-86.324045,34.565103],[-86.324303,34.565066],[-86.324387,34.565047],[-86.324514,34.565025],[-86.32473,34.564996],[-86.324905,34.564986],[-86.324948,34.56498],[-86.325471,34.564974],[-86.325515,34.564978],[-86.325645,34.56498],[-86.325861,34.564973],[-86.326382,34.564967],[-86.326426,34.564973],[-86.326513,34.564973],[-86.327377,34.565053],[-86.327681,34.56509],[-86.32842,34.565169],[-86.328593,34.565195],[-86.328847,34.565242],[-86.329008,34.565295],[-86.329123,34.565347],[-86.329362,34.565435],[-86.32958,34.56555],[-86.329775,34.565631],[-86.329843,34.565674],[-86.330041,34.565812],[-86.33035,34.566064],[-86.330463,34.56617],[-86.330495,34.566195],[-86.330541,34.566254],[-86.330583,34.566355],[-86.33059,34.56639],[-86.330615,34.566457],[-86.330633,34.566527],[-86.330592,34.566628],[-86.330548,34.56669],[-86.330369,34.566892],[-86.330228,34.567072],[-86.330021,34.567384],[-86.329996,34.567413],[-86.329955,34.567476],[-86.329885,34.567565],[-86.329812,34.567694],[-86.32978,34.567759],[-86.329764,34.567829],[-86.329751,34.567864],[-86.329737,34.567969],[-86.329738,34.568005],[-86.329728,34.568075],[-86.329741,34.568218],[-86.329769,34.568321],[-86.329805,34.568386],[-86.329848,34.568448],[-86.329877,34.568475],[-86.32991,34.568498],[-86.329984,34.568536],[-86.330067,34.56856],[-86.330432,34.56868],[-86.330471,34.568698],[-86.330576,34.568763],[-86.330774,34.568903],[-86.330891,34.569009],[-86.330998,34.569122],[-86.331405,34.569588],[-86.331524,34.569738],[-86.331649,34.569926],[-86.331758,34.570121],[-86.331824,34.570254],[-86.331917,34.570492],[-86.331935,34.570598],[-86.331927,34.570704],[-86.331881,34.5708],[-86.331818,34.571081],[-86.331794,34.57115],[-86.331702,34.571352],[-86.331579,34.571657],[-86.33153,34.572047],[-86.331534,34.572261],[-86.331558,34.572402],[-86.331572,34.572616],[-86.331595,34.572865],[-86.331595,34.572972],[-86.331581,34.573005],[-86.331423,34.573261],[-86.331278,34.573395],[-86.331173,34.573459],[-86.331062,34.573515],[-86.331021,34.573529],[-86.33087,34.573558],[-86.330826,34.573561],[-86.330782,34.573559],[-86.33061,34.573534],[-86.33057,34.57352],[-86.330535,34.573498],[-86.330385,34.573367],[-86.330253,34.573224],[-86.330164,34.573146],[-86.329805,34.572785],[-86.329593,34.572604],[-86.329424,34.57249],[-86.329315,34.572431],[-86.329246,34.572387],[-86.329061,34.57229],[-86.32879,34.572171],[-86.32875,34.572158],[-86.328493,34.572113],[-86.328012,34.57208],[-86.327749,34.572058],[-86.327531,34.572058],[-86.327269,34.572084],[-86.327184,34.572101],[-86.326721,34.572212],[-86.326681,34.572225],[-86.326489,34.572313],[-86.326201,34.572474],[-86.326063,34.572561],[-86.32553,34.572932],[-86.325169,34.573244],[-86.325059,34.573355],[-86.32488,34.573511],[-86.324712,34.573677],[-86.324483,34.573938],[-86.324436,34.573998],[-86.324329,34.574153],[-86.324109,34.574502],[-86.323844,34.574871],[-86.323752,34.575032],[-86.323649,34.575189],[-86.32344,34.575462],[-86.32303,34.575966],[-86.322919,34.576076],[-86.322683,34.576284],[-86.322614,34.576327],[-86.322392,34.57644],[-86.322351,34.576454],[-86.322183,34.576494],[-86.322097,34.576505],[-86.321879,34.576512],[-86.321705,34.576492],[-86.321619,34.576478],[-86.321324,34.57641],[-86.321201,34.576372],[-86.320927,34.57626],[-86.320854,34.57622],[-86.320717,34.57613],[-86.320404,34.576033],[-86.320361,34.576023],[-86.319973,34.575972],[-86.319755,34.575955],[-86.319405,34.57595],[-86.319099,34.575961],[-86.318052,34.576041],[-86.317746,34.576072],[-86.317576,34.576104],[-86.317033,34.57625],[-86.316691,34.576312],[-86.315256,34.576461],[-86.314733,34.576497],[-86.314342,34.576534],[-86.313996,34.576587],[-86.31328,34.576749],[-86.3127,34.57691],[-86.312362,34.576985],[-86.31178,34.57714],[-86.311575,34.577203],[-86.311185,34.577365],[-86.311067,34.57741],[-86.310903,34.577462],[-86.310654,34.57753],[-86.310277,34.577625],[-86.31015,34.577653],[-86.309333,34.577785],[-86.309161,34.577816],[-86.308704,34.57794],[-86.308582,34.577981],[-86.308184,34.57813],[-86.307896,34.578219],[-86.307482,34.578335],[-86.307397,34.578352],[-86.306402,34.578633],[-86.306244,34.578695],[-86.305856,34.57886],[-86.305494,34.578989],[-86.305261,34.579088],[-86.304981,34.579191],[-86.304688,34.579264],[-86.304523,34.579312],[-86.30419,34.579401],[-86.303683,34.579513],[-86.303081,34.579617],[-86.302247,34.579637],[-86.301983,34.579634],[-86.301721,34.579617],[-86.301547,34.579611],[-86.301371,34.579605],[-86.301198,34.579576],[-86.300994,34.579507],[-86.300782,34.579458],[-86.300526,34.579408],[-86.300396,34.5794],[-86.300222,34.57942],[-86.300141,34.579448],[-86.300026,34.579502],[-86.299991,34.579523],[-86.29991,34.579606],[-86.299738,34.579931],[-86.299686,34.580105],[-86.299676,34.580175],[-86.299688,34.580353],[-86.299779,34.580516],[-86.299803,34.580545],[-86.300063,34.580734],[-86.300282,34.580908],[-86.300348,34.580955],[-86.300656,34.581154],[-86.301003,34.581372],[-86.301138,34.581462],[-86.301394,34.581656],[-86.301709,34.58185],[-86.302041,34.582023],[-86.30208,34.582039],[-86.302368,34.582128],[-86.302624,34.582177],[-86.302884,34.582208],[-86.303059,34.582222],[-86.30319,34.58222],[-86.30367,34.58218],[-86.303801,34.582164],[-86.304019,34.582157],[-86.304678,34.582163],[-86.304898,34.582159],[-86.305337,34.582162],[-86.305642,34.582132],[-86.305686,34.582131],[-86.306036,34.582146],[-86.3063,34.582146],[-86.306475,34.582152],[-86.306824,34.582184],[-86.306909,34.582199],[-86.307074,34.582247],[-86.307111,34.582267],[-86.307143,34.582291],[-86.307214,34.582381],[-86.30725,34.582446],[-86.307275,34.582514],[-86.307282,34.582622],[-86.307265,34.583123],[-86.307274,34.583336],[-86.307196,34.584154],[-86.307144,34.585011],[-86.307115,34.585152],[-86.30711,34.585193],[-86.306981,34.585826],[-86.306885,34.586101],[-86.306781,34.586336],[-86.306672,34.586608],[-86.306606,34.586815],[-86.306465,34.587302],[-86.30638,34.587542],[-86.306257,34.587809],[-86.306159,34.588083],[-86.305965,34.588669],[-86.305835,34.588935],[-86.30548,34.589549],[-86.305417,34.589642],[-86.305235,34.589887],[-86.304907,34.590391],[-86.304428,34.590989],[-86.304374,34.591045],[-86.304145,34.591305],[-86.304009,34.591445],[-86.303959,34.591504],[-86.303619,34.591875],[-86.303547,34.591964],[-86.303409,34.592147],[-86.3033,34.592302],[-86.303133,34.592633],[-86.303111,34.592774],[-86.303102,34.592809],[-86.303101,34.592952],[-86.303109,34.592987],[-86.303156,34.593087],[-86.303177,34.593117],[-86.303259,34.593202],[-86.303407,34.593333],[-86.303471,34.593382],[-86.303643,34.593491],[-86.303835,34.593578],[-86.304096,34.59371],[-86.304323,34.593819],[-86.304593,34.593937],[-86.304754,34.593994],[-86.304918,34.594044],[-86.305425,34.594255],[-86.305462,34.594275],[-86.305529,34.594321],[-86.305617,34.594326],[-86.305873,34.594375],[-86.305956,34.594398],[-86.306461,34.594518],[-86.306753,34.594596],[-86.307423,34.594765],[-86.307834,34.59489],[-86.308256,34.594977],[-86.308298,34.594983],[-86.308382,34.595003],[-86.308593,34.595044],[-86.308679,34.595054],[-86.309145,34.595136],[-86.30923,34.595154],[-86.309529,34.595201],[-86.309699,34.595232],[-86.310414,34.595382],[-86.310621,34.595438],[-86.3107,34.595466],[-86.310814,34.595519],[-86.310957,34.5956],[-86.311268,34.595798],[-86.31147,34.595936],[-86.311648,34.596093],[-86.311752,34.596209],[-86.311865,34.596318],[-86.31211,34.59657],[-86.312286,34.596775],[-86.312422,34.596915],[-86.312728,34.597171],[-86.312858,34.597314],[-86.312932,34.597404],[-86.312977,34.597443],[-86.313242,34.597682],[-86.313657,34.598098],[-86.314193,34.598662],[-86.314408,34.598841],[-86.31454,34.598935],[-86.314779,34.599092],[-86.315355,34.599352],[-86.315693,34.599519],[-86.316018,34.599627],[-86.316228,34.599678],[-86.316619,34.599722],[-86.316794,34.599734],[-86.317363,34.599745],[-86.317756,34.599724],[-86.31806,34.599692],[-86.318489,34.59962],[-86.319085,34.599498],[-86.319462,34.599402],[-86.319627,34.599355],[-86.319667,34.59934],[-86.319918,34.599278],[-86.320048,34.599258],[-86.320095,34.599246],[-86.320217,34.599206],[-86.320423,34.599147],[-86.320841,34.599042],[-86.32146,34.598873],[-86.321501,34.598858],[-86.321628,34.598834],[-86.32206,34.598774],[-86.322231,34.598746],[-86.322771,34.598601],[-86.32319,34.598505],[-86.323852,34.59833],[-86.324154,34.598301],[-86.32424,34.598289],[-86.324328,34.598286],[-86.324675,34.598312],[-86.324848,34.598335],[-86.32493,34.598361],[-86.324972,34.59837],[-86.32509,34.598418],[-86.325506,34.598616],[-86.325653,34.598693],[-86.325693,34.598709],[-86.3258,34.598772],[-86.325972,34.598881],[-86.326387,34.599082],[-86.326491,34.599148],[-86.326785,34.599362],[-86.326853,34.599403],[-86.326906,34.599573],[-86.326958,34.599744],[-86.318264,34.599801],[-86.318251,34.59979],[-86.317146,34.599796],[-86.316036,34.599802],[-86.316025,34.599815],[-86.311677,34.599827],[-86.305591,34.59986],[-86.300533,34.599888],[-86.284617,34.599974],[-86.279503,34.600004],[-86.27814,34.600009],[-86.275775,34.600023],[-86.269123,34.600059],[-86.266148,34.600075],[-86.257783,34.600122],[-86.254082,34.600143],[-86.252434,34.600125],[-86.249983,34.6001],[-86.24568,34.600116],[-86.245611,34.600116],[-86.237028,34.600023],[-86.235077,34.600001],[-86.233777,34.599987],[-86.224237,34.599884],[-86.221192,34.599851],[-86.218975,34.599827],[-86.218962,34.599827],[-86.218086,34.599817],[-86.199778,34.59962],[-86.182992,34.599442],[-86.182976,34.599438],[-86.179053,34.599396],[-86.178649,34.599392],[-86.175324,34.599354],[-86.174103,34.599336],[-86.172856,34.599318],[-86.16753,34.599264],[-86.148464,34.599069],[-86.148681,34.588339],[-86.149102,34.566955],[-86.149098,34.56694],[-86.149066,34.566819],[-86.149051,34.566609],[-86.149059,34.566255],[-86.149061,34.5659],[-86.149071,34.565581],[-86.149093,34.564838],[-86.149099,34.564126],[-86.14911,34.563769],[-86.149127,34.563413],[-86.149138,34.563054],[-86.149134,34.56298],[-86.149107,34.562849],[-86.149089,34.562801],[-86.149182,34.561768],[-86.14943,34.549866],[-86.149433,34.549747],[-86.149574,34.54977],[-86.154319,34.550572],[-86.15508,34.550202],[-86.152224,34.548019],[-86.149204,34.545711],[-86.143265,34.541172],[-86.144057,34.534798],[-86.144127,34.534259],[-86.144549,34.534298],[-86.14957,34.534773],[-86.149803,34.534795],[-86.149805,34.534088],[-86.149806,34.533633],[-86.14864,34.533594],[-86.147888,34.533564],[-86.14707,34.533554],[-86.146999,34.533548],[-86.146948,34.533545],[-86.146321,34.533504],[-86.146177,34.533499],[-86.145533,34.533479],[-86.144101,34.533435],[-86.143224,34.533425],[-86.142377,34.533383],[-86.141735,34.533366],[-86.139846,34.533296],[-86.140022,34.532894],[-86.140336,34.532305],[-86.14063,34.531741],[-86.140924,34.531168],[-86.141884,34.529458],[-86.142188,34.52891],[-86.142511,34.528369],[-86.142873,34.527781],[-86.14393,34.526136],[-86.144331,34.525612],[-86.144654,34.525072],[-86.145026,34.524523],[-86.146161,34.522903],[-86.146562,34.522363],[-86.147051,34.521758],[-86.147442,34.521331],[-86.147764,34.520904],[-86.146053,34.520068],[-86.145898,34.520004],[-86.145602,34.520011],[-86.145528,34.520011],[-86.145333,34.520043],[-86.144767,34.5203],[-86.144163,34.520606],[-86.143431,34.521024],[-86.142739,34.521386],[-86.142192,34.521805],[-86.141723,34.522248],[-86.141225,34.522715],[-86.140756,34.523247],[-86.140306,34.523714],[-86.139759,34.524238],[-86.139271,34.5246],[-86.138481,34.52497],[-86.137886,34.5253],[-86.137097,34.525605],[-86.136502,34.525878],[-86.135303,34.526352],[-86.134883,34.526553],[-86.134542,34.52677],[-86.133917,34.527213],[-86.133273,34.527607],[-86.132746,34.527977],[-86.131087,34.528943],[-86.130619,34.529297],[-86.130316,34.529595],[-86.130247,34.529886],[-86.130166,34.530506],[-86.130125,34.5312],[-86.130151,34.532081],[-86.130121,34.532387],[-86.130013,34.532581],[-86.129622,34.533129],[-86.129417,34.533322],[-86.128987,34.533564],[-86.128781,34.533634],[-86.128285,34.533804],[-86.12772,34.533852],[-86.127399,34.533819],[-86.127088,34.533729],[-86.126777,34.533599],[-86.126378,34.5333],[-86.126165,34.533057],[-86.125816,34.532531],[-86.125497,34.531893],[-86.125314,34.531287],[-86.125141,34.53085],[-86.12498,34.530374],[-86.124842,34.530165],[-86.124803,34.530044],[-86.124707,34.52968],[-86.12463,34.529172],[-86.124456,34.528704],[-86.124263,34.52834],[-86.123971,34.527961],[-86.123545,34.527412],[-86.123108,34.526968],[-86.122779,34.526701],[-86.122459,34.526507],[-86.12177,34.526159],[-86.121217,34.525795],[-86.120897,34.525544],[-86.120635,34.525294],[-86.120092,34.52476],[-86.119927,34.524647],[-86.119568,34.524469],[-86.119005,34.524484],[-86.118256,34.524725],[-86.117838,34.524999],[-86.117624,34.525208],[-86.117302,34.525692],[-86.117107,34.525998],[-86.11698,34.526376],[-86.116707,34.527037],[-86.116512,34.527368],[-86.116249,34.527537],[-86.115968,34.527593],[-86.115491,34.527673],[-86.115258,34.527858],[-86.115044,34.528108],[-86.114819,34.528519],[-86.11444,34.528946],[-86.114148,34.529155],[-86.113739,34.529364],[-86.113117,34.529517],[-86.112476,34.52962],[-86.112068,34.529636],[-86.111417,34.529522],[-86.110951,34.529335],[-86.110282,34.528915],[-86.109768,34.528583],[-86.109176,34.528122],[-86.10874,34.527718],[-86.108372,34.527241],[-86.108266,34.527031],[-86.108228,34.526741],[-86.108238,34.526571],[-86.108335,34.526418],[-86.108744,34.526104],[-86.108987,34.52604],[-86.109473,34.525807],[-86.109901,34.525501],[-86.11029,34.525219],[-86.110543,34.524897],[-86.11069,34.524631],[-86.110963,34.523995],[-86.111101,34.523366],[-86.111219,34.522704],[-86.111171,34.522067],[-86.111133,34.52176],[-86.110969,34.521405],[-86.11063,34.520969],[-86.110155,34.5205],[-86.109796,34.520273],[-86.109039,34.519893],[-86.108379,34.519617],[-86.107651,34.519439],[-86.107011,34.51922],[-86.106681,34.519138],[-86.10571,34.519016],[-86.105331,34.518894],[-86.104875,34.518816],[-86.104516,34.518755],[-86.104312,34.518771],[-86.104185,34.518844],[-86.103621,34.519117],[-86.102931,34.519422],[-86.101755,34.519905],[-86.101404,34.520114],[-86.10119,34.520307],[-86.100947,34.520597],[-86.100576,34.521145],[-86.100178,34.521411],[-86.099925,34.521475],[-86.099225,34.521538],[-86.098429,34.521569],[-86.09804,34.521649],[-86.097846,34.521696],[-86.097389,34.521639],[-86.096953,34.521413],[-86.096769,34.520945],[-86.096731,34.520654],[-86.096625,34.520533],[-86.096411,34.520412],[-86.095887,34.520177],[-86.094879,34.519626],[-86.094704,34.519432],[-86.094695,34.519255],[-86.094763,34.51915],[-86.094958,34.519078],[-86.095181,34.51903],[-86.095463,34.519111],[-86.096045,34.519314],[-86.096453,34.519387],[-86.096666,34.519331],[-86.096851,34.519242],[-86.097435,34.518896],[-86.098165,34.518268],[-86.098671,34.517842],[-86.098982,34.517487],[-86.099216,34.517197],[-86.099451,34.516487],[-86.099549,34.516068],[-86.099724,34.51585],[-86.099949,34.515351],[-86.099969,34.515012],[-86.099863,34.514907],[-86.099717,34.514898],[-86.099581,34.514946],[-86.099503,34.515011],[-86.099211,34.515398],[-86.099036,34.515551],[-86.09886,34.515647],[-86.098627,34.515671],[-86.098443,34.515638],[-86.098268,34.515549],[-86.098113,34.515355],[-86.098007,34.51525],[-86.097531,34.514983],[-86.096862,34.514611],[-86.096241,34.514384],[-86.095775,34.514165],[-86.095591,34.513987],[-86.095592,34.513826],[-86.09567,34.513479],[-86.095797,34.513318],[-86.095943,34.513302],[-86.096127,34.513383],[-86.096321,34.513529],[-86.096669,34.513965],[-86.096922,34.514022],[-86.097145,34.513966],[-86.097282,34.513877],[-86.097369,34.513805],[-86.097428,34.513627],[-86.097624,34.512966],[-86.097741,34.512547],[-86.097917,34.512144],[-86.098102,34.511918],[-86.098423,34.511725],[-86.099084,34.511395],[-86.099658,34.511146],[-86.099901,34.511042],[-86.100425,34.510978],[-86.101135,34.510858],[-86.10264,34.510675],[-86.102883,34.510579],[-86.103039,34.510466],[-86.103098,34.510353],[-86.103069,34.510224],[-86.102972,34.510079],[-86.102865,34.510006],[-86.102167,34.509779],[-86.101468,34.509632],[-86.101264,34.509527],[-86.10108,34.50918],[-86.101003,34.508905],[-86.100994,34.50872],[-86.101121,34.508543],[-86.101266,34.508486],[-86.101548,34.508592],[-86.102033,34.508754],[-86.102431,34.508682],[-86.102664,34.508626],[-86.10283,34.508529],[-86.103307,34.508086],[-86.103794,34.507547],[-86.10427,34.50712],[-86.104601,34.506951],[-86.10464,34.506862],[-86.104601,34.506741],[-86.104417,34.506579],[-86.10336,34.506029],[-86.102603,34.505713],[-86.102477,34.505664],[-86.102254,34.505519],[-86.102041,34.505284],[-86.101381,34.504912],[-86.100984,34.50479],[-86.10011,34.504563],[-86.099994,34.504458],[-86.099858,34.504215],[-86.099849,34.503885],[-86.0999,34.503231],[-86.099862,34.50265],[-86.099863,34.502311],[-86.099747,34.502061],[-86.099467,34.501471],[-86.099041,34.50072],[-86.098712,34.500389],[-86.098479,34.500087],[-86.09835,34.499928],[-86.098145,34.499702],[-86.098097,34.499242],[-86.098215,34.498701],[-86.098547,34.498281],[-86.098878,34.498072],[-86.099375,34.497918],[-86.100038,34.497644],[-86.100214,34.4972],[-86.099932,34.496667],[-86.099494,34.496126],[-86.09894,34.495674],[-86.098366,34.495117],[-86.097558,34.493962],[-86.097073,34.492549],[-86.096958,34.491604],[-86.09659,34.490482],[-86.096386,34.48961],[-86.096154,34.488738],[-86.095687,34.487963],[-86.094773,34.487195],[-86.094024,34.486678],[-86.092702,34.485322],[-86.091866,34.484507],[-86.09169,34.484336],[-86.090318,34.483698],[-86.089617,34.483488],[-86.088567,34.482817],[-86.087731,34.481776],[-86.087581,34.481305],[-86.087372,34.480645],[-86.087462,34.479693],[-86.087474,34.478054],[-86.088158,34.476399],[-86.088756,34.473711],[-86.089372,34.471959],[-86.089812,34.470781],[-86.089824,34.469207],[-86.08965,34.468319],[-86.089058,34.467528],[-86.087628,34.466558],[-86.085702,34.465653],[-86.084388,34.46533],[-86.083415,34.464571],[-86.082763,34.464473],[-86.082461,34.464594],[-86.081633,34.464949],[-86.080669,34.465377],[-86.080123,34.465764],[-86.079304,34.466054],[-86.078671,34.466224],[-86.077912,34.466369],[-86.076743,34.466473],[-86.075682,34.466456],[-86.075146,34.466561],[-86.074994,34.466587],[-86.074358,34.466698],[-86.07351,34.467083],[-86.072321,34.46793],[-86.069971,34.470769],[-86.068007,34.471434],[-86.066984,34.47164],[-86.064827,34.472144],[-86.063693,34.472671],[-86.062974,34.473449],[-86.062144,34.474114],[-86.059738,34.475419],[-86.0583,34.475877],[-86.057712,34.475994],[-86.057609,34.476015],[-86.056304,34.475967],[-86.056092,34.476009],[-86.055881,34.475974],[-86.055721,34.475957],[-86.055608,34.475896],[-86.055383,34.475814],[-86.055241,34.475706],[-86.055163,34.475641],[-86.055106,34.475542],[-86.055024,34.475464],[-86.054955,34.475416],[-86.054812,34.475382],[-86.054601,34.475308],[-86.054363,34.475269],[-86.054164,34.475178],[-86.053779,34.475189],[-86.052188,34.475373],[-86.050529,34.475922],[-86.049091,34.476039],[-86.048417,34.476251],[-86.04829,34.476332],[-86.048114,34.476432],[-86.047911,34.476528],[-86.047651,34.476636],[-86.04731,34.476675],[-86.047016,34.476575],[-86.046699,34.476463],[-86.046324,34.476311],[-86.04606,34.476186],[-86.045398,34.476104],[-86.044763,34.475991],[-86.044313,34.475918],[-86.043816,34.475844],[-86.043478,34.475818],[-86.043081,34.475841],[-86.043006,34.47583],[-86.04228,34.475869],[-86.041801,34.475883],[-86.041563,34.475879],[-86.041221,34.475944],[-86.040914,34.476026],[-86.040724,34.476138],[-86.040546,34.476238],[-86.040374,34.476333],[-86.040222,34.476515],[-86.040101,34.476692],[-86.039967,34.476839],[-86.039833,34.476921],[-86.039682,34.476943],[-86.039439,34.476925],[-86.039318,34.476848],[-86.039176,34.47677],[-86.039059,34.476752],[-86.038955,34.476701],[-86.038769,34.476636],[-86.038484,34.476502],[-86.038311,34.476281],[-86.03819,34.476043],[-86.038069,34.475831],[-86.037874,34.475511],[-86.037621,34.47524],[-86.037503,34.475027],[-86.037033,34.474202],[-86.036618,34.473904],[-86.035678,34.473446],[-86.034848,34.473423],[-86.032746,34.474224],[-86.031297,34.47467],[-86.031114,34.474727],[-86.030312,34.474865],[-86.027823,34.474772],[-86.026024,34.475505],[-86.02572,34.475848],[-86.025692,34.476009],[-86.024614,34.477372],[-86.024356,34.477622],[-86.024252,34.477769],[-86.024131,34.477959],[-86.023954,34.478141],[-86.023837,34.47827],[-86.023513,34.47853],[-86.023245,34.478804],[-86.023181,34.479135],[-86.023206,34.479481],[-86.023197,34.479749],[-86.023163,34.479888],[-86.023059,34.479996],[-86.022829,34.480172],[-86.022791,34.480329],[-86.02273,34.480545],[-86.022652,34.480765],[-86.022575,34.480956],[-86.022406,34.481194],[-86.022216,34.481397],[-86.021961,34.481544],[-86.021697,34.481652],[-86.021394,34.481743],[-86.021113,34.481799],[-86.020585,34.481821],[-86.019811,34.481786],[-86.018942,34.481721],[-86.017874,34.481691],[-86.01755,34.481751],[-86.01729,34.481799],[-86.016758,34.481764],[-86.01633,34.481751],[-86.015594,34.481639],[-86.014184,34.480975],[-86.013105,34.480745],[-86.012265,34.480549],[-86.011803,34.480497],[-86.011491,34.480489],[-86.010972,34.480562],[-86.010661,34.480631],[-86.010428,34.480692],[-86.01009,34.480826],[-86.009766,34.480934],[-86.009407,34.481051],[-86.00894,34.481155],[-86.008451,34.481245],[-86.008006,34.481306],[-86.007448,34.481332],[-86.006825,34.481293],[-86.006492,34.481245],[-86.006467,34.481246],[-86.005969,34.481085],[-86.00514,34.48026],[-86.004587,34.479985],[-86.00384,34.480031],[-86.00153,34.481305],[-86.000249,34.482029],[-85.999976,34.482183],[-85.99896,34.482596],[-85.996997,34.483628],[-85.995255,34.484339],[-85.994369,34.484316],[-85.99282,34.483905],[-85.992184,34.483996],[-85.991797,34.48418],[-85.991244,34.484661],[-85.990885,34.485325],[-85.990526,34.486288],[-85.990222,34.486517],[-85.989282,34.486861],[-85.987982,34.486655],[-85.986432,34.486152],[-85.985658,34.48606],[-85.985049,34.486152],[-85.984247,34.486519],[-85.98375,34.487069],[-85.983888,34.487596],[-85.984608,34.488626],[-85.984747,34.489222],[-85.984747,34.490115],[-85.984554,34.490573],[-85.984194,34.49094],[-85.983697,34.491215],[-85.983199,34.491306],[-85.982314,34.49133],[-85.981567,34.491215],[-85.980598,34.491216],[-85.979408,34.491056],[-85.977665,34.491217],[-85.976476,34.491538],[-85.975536,34.491927],[-85.974596,34.492661],[-85.97302,34.494654],[-85.971609,34.496166],[-85.970807,34.496853],[-85.969425,34.497495],[-85.967793,34.497976],[-85.967184,34.498114],[-85.966156,34.498606],[-85.965552,34.498894],[-85.964114,34.499642],[-85.962343,34.499755],[-85.961873,34.500087],[-85.961177,34.500587],[-85.960742,34.501356],[-85.960106,34.502179],[-85.959998,34.502536],[-85.959912,34.502821],[-85.959608,34.503485],[-85.958363,34.504859],[-85.95698,34.506142],[-85.956896,34.506651],[-85.956935,34.507125],[-85.954488,34.509524],[-85.954409,34.509601],[-85.950026,34.513899],[-85.941375,34.522386],[-85.938544,34.525354],[-85.937723,34.525863],[-85.935969,34.526956],[-85.935834,34.527039],[-85.934123,34.528137],[-85.93266,34.529077],[-85.931485,34.529885],[-85.93112,34.530138],[-85.928444,34.53185],[-85.928244,34.531962],[-85.9275,34.532375],[-85.926888,34.532716],[-85.926552,34.532904],[-85.925874,34.533386],[-85.923182,34.535113],[-85.920153,34.537057],[-85.916532,34.539731],[-85.916445,34.539795],[-85.915593,34.540425],[-85.912748,34.542528],[-85.912556,34.54267],[-85.911486,34.543459],[-85.911464,34.543475],[-85.91082,34.543847],[-85.910665,34.543935],[-85.905821,34.546729],[-85.905165,34.547105],[-85.904387,34.547565],[-85.899874,34.550209],[-85.899599,34.550372],[-85.899415,34.550481],[-85.899362,34.550512],[-85.897247,34.551753],[-85.896444,34.552268],[-85.895604,34.552808],[-85.894584,34.553463],[-85.893559,34.55412],[-85.889873,34.556485],[-85.88203,34.561705],[-85.881114,34.562315],[-85.880827,34.562506],[-85.877945,34.564424],[-85.875341,34.566157],[-85.874973,34.566385],[-85.871632,34.568557],[-85.865553,34.572509],[-85.865419,34.572596],[-85.856839,34.578171],[-85.856526,34.578374],[-85.854424,34.57974],[-85.854032,34.579996],[-85.853927,34.580064],[-85.848049,34.583882],[-85.846887,34.584638],[-85.839153,34.589665],[-85.838531,34.590069],[-85.827247,34.59741],[-85.824362,34.59928],[-85.820654,34.601689],[-85.820462,34.601815],[-85.815304,34.605168],[-85.813676,34.606225],[-85.813563,34.606298],[-85.812667,34.606882],[-85.808496,34.609594],[-85.803585,34.612786],[-85.794918,34.618432],[-85.792636,34.619919],[-85.790666,34.621204],[-85.790241,34.621481],[-85.786015,34.624235],[-85.785471,34.624584],[-85.785121,34.625084],[-85.785041,34.625179],[-85.784947,34.625295],[-85.783478,34.627204],[-85.781763,34.629285],[-85.780648,34.630632],[-85.778876,34.632852],[-85.77727,34.634872],[-85.776905,34.635334],[-85.775338,34.637267],[-85.775309,34.637303],[-85.774175,34.638697],[-85.771679,34.641754],[-85.766613,34.647973],[-85.766525,34.648125],[-85.765822,34.649312],[-85.765758,34.649422],[-85.762328,34.653202],[-85.761916,34.653656],[-85.759582,34.656768],[-85.759571,34.656778],[-85.756814,34.660459],[-85.755897,34.661682],[-85.755648,34.662014],[-85.75212,34.666717],[-85.749976,34.669565],[-85.749971,34.669583],[-85.745598,34.675299],[-85.745123,34.675922],[-85.741882,34.680156],[-85.74116,34.6811],[-85.735509,34.688486],[-85.734357,34.689993],[-85.733194,34.691514],[-85.731853,34.693268],[-85.730667,34.694819],[-85.727672,34.69878],[-85.725671,34.7014],[-85.724445,34.703005],[-85.724234,34.703281],[-85.723516,34.704221],[-85.721884,34.706359],[-85.719606,34.70934],[-85.718908,34.710254],[-85.71793,34.711534],[-85.713558,34.71728],[-85.710954,34.720701],[-85.706908,34.726016],[-85.704718,34.728896],[-85.704073,34.729742],[-85.699907,34.735217],[-85.694443,34.742396],[-85.693183,34.744051],[-85.69308,34.744191],[-85.693037,34.74425],[-85.687127,34.744456],[-85.682057,34.744635],[-85.67996,34.744719],[-85.679353,34.744744],[-85.679271,34.744747],[-85.674367,34.744881],[-85.67372,34.744903],[-85.673379,34.744915],[-85.666118,34.75008],[-85.666167,34.75008],[-85.664003,34.751848],[-85.663872,34.751955],[-85.660198,34.754963],[-85.660124,34.755287],[-85.660066,34.755543],[-85.659972,34.755957],[-85.659802,34.756535],[-85.659751,34.756712],[-85.659617,34.756917],[-85.657036,34.760881],[-85.655702,34.762933],[-85.654993,34.764153],[-85.648424,34.77546],[-85.647969,34.77598],[-85.647869,34.77628],[-85.647869,34.77638],[-85.645068,34.77988],[-85.644168,34.78118],[-85.643768,34.78178],[-85.642968,34.78278],[-85.642568,34.78328],[-85.641773,34.78447],[-85.641468,34.78508],[-85.640868,34.78608],[-85.640568,34.78668],[-85.639868,34.78778],[-85.639468,34.78848],[-85.638768,34.79008],[-85.638468,34.79068],[-85.637868,34.79178],[-85.637468,34.79228],[-85.636768,34.79348],[-85.63669,34.793662],[-85.636468,34.79418],[-85.636327,34.794486],[-85.635868,34.79548],[-85.635567,34.795981],[-85.63499,34.797234],[-85.634968,34.797281],[-85.634879,34.797429],[-85.634668,34.79778],[-85.634468,34.79808],[-85.634406,34.798327],[-85.634368,34.79848],[-85.634316,34.798742],[-85.634268,34.798978],[-85.634268,34.799078],[-85.634268,34.800079],[-85.634268,34.800479],[-85.634268,34.801388],[-85.634288,34.802958],[-85.634313,34.803596],[-85.634303,34.805042],[-85.634233,34.806617],[-85.634297,34.807998],[-85.634293,34.808131],[-85.634222,34.809955],[-85.634181,34.811024],[-85.634142,34.812676],[-85.634163,34.812962],[-85.634112,34.813084],[-85.634085,34.813145],[-85.634078,34.813168],[-85.63407,34.813195],[-85.633823,34.813769],[-85.633347,34.814906],[-85.633059,34.815598],[-85.629654,34.824744],[-85.629468,34.825179],[-85.629068,34.826579],[-85.628768,34.827379],[-85.628268,34.828579],[-85.627968,34.829179],[-85.627698,34.830124],[-85.627568,34.830579],[-85.627268,34.831279],[-85.627068,34.831879],[-85.626886,34.832121],[-85.626673,34.831976],[-85.624968,34.832149],[-85.623593,34.832368],[-85.622316,34.832826],[-85.620706,34.83356],[-85.619762,34.833812],[-85.617901,34.833973],[-85.61779,34.834225],[-85.618324,34.83465],[-85.618735,34.834912],[-85.618818,34.835095],[-85.618652,34.835278],[-85.618374,34.835416],[-85.616847,34.835783],[-85.61582,34.836768],[-85.615209,34.837204],[-85.613544,34.839219],[-85.613183,34.839334],[-85.613239,34.83993],[-85.612988,34.84012],[-85.612906,34.840182],[-85.612683,34.840182],[-85.611381,34.84009],[-85.610323,34.840572],[-85.610267,34.840938],[-85.609934,34.841076],[-85.609033,34.841147],[-85.608661,34.841183],[-85.608295,34.841214],[-85.607657,34.841512],[-85.607546,34.841672],[-85.607216,34.841916],[-85.606463,34.842474],[-85.606019,34.842657],[-85.605435,34.843161],[-85.605428,34.843199],[-85.605408,34.843299],[-85.605175,34.843371],[-85.604963,34.843436],[-85.604603,34.844009],[-85.604497,34.844119],[-85.603008,34.845642],[-85.60227,34.846277],[-85.60116,34.846827],[-85.600965,34.846964],[-85.600965,34.847308],[-85.601382,34.847743],[-85.601521,34.848682],[-85.601966,34.84914],[-85.602772,34.849574],[-85.60287,34.849682],[-85.602939,34.849758],[-85.602828,34.850399],[-85.602689,34.85088],[-85.602272,34.850994],[-85.602162,34.851361],[-85.602023,34.851453],[-85.601889,34.851479],[-85.601576,34.85154],[-85.601078,34.851636],[-85.599883,34.852255],[-85.598552,34.852543],[-85.598189,34.852622],[-85.597911,34.85324],[-85.5973,34.853584],[-85.596078,34.853676],[-85.595467,34.853779],[-85.595331,34.853802],[-85.594994,34.853859],[-85.594133,34.854226],[-85.593439,34.854363],[-85.593022,34.85473],[-85.592689,34.855302],[-85.592495,34.855394],[-85.592384,34.855577],[-85.592134,34.855783],[-85.591078,34.856287],[-85.590134,34.85686],[-85.590106,34.857501],[-85.589961,34.857584],[-85.589745,34.857708],[-85.588967,34.857845],[-85.58844,34.858028],[-85.588329,34.858166],[-85.588718,34.858532],[-85.58869,34.859036],[-85.588162,34.859128],[-85.588023,34.859402],[-85.586884,34.859471],[-85.586829,34.859838],[-85.586412,34.860067],[-85.585912,34.860204],[-85.585729,34.860187],[-85.585162,34.860136],[-85.585079,34.859975],[-85.584986,34.859939],[-85.584725,34.859838],[-85.584606,34.859792],[-85.583995,34.859861],[-85.583912,34.859792],[-85.583523,34.859907],[-85.583273,34.860251],[-85.583225,34.860296],[-85.583145,34.860371],[-85.583166,34.860479],[-85.583991,34.864874],[-85.584107,34.865494],[-85.58448,34.867452],[-85.584719,34.868768],[-85.584831,34.869321],[-85.585129,34.870902],[-85.585916,34.875078],[-85.58593,34.875161],[-85.586,34.875555],[-85.586371,34.877637],[-85.587027,34.881334],[-85.587037,34.881392],[-85.587329,34.883045],[-85.589103,34.891877],[-85.590317,34.898023],[-85.590479,34.898844],[-85.590501,34.898945],[-85.590854,34.901271],[-85.591145,34.903179],[-85.591348,34.904502],[-85.591379,34.904699],[-85.591511,34.905137],[-85.591581,34.905377],[-85.591696,34.905754],[-85.591792,34.906299],[-85.592196,34.908718],[-85.592316,34.909888],[-85.592379,34.910492],[-85.592411,34.910611],[-85.592458,34.910779],[-85.592517,34.911026],[-85.592603,34.911612],[-85.592735,34.912256],[-85.592985,34.913467],[-85.594572,34.921127],[-85.595163,34.924171],[-85.595191,34.924331],[-85.595811,34.927671],[-85.596629,34.931965],[-85.596974,34.933766],[-85.596952,34.933878],[-85.598225,34.941495],[-85.598755,34.944663],[-85.598768,34.944731],[-85.598772,34.944782],[-85.599241,34.950133],[-85.599385,34.951766],[-85.600103,34.955852],[-85.600961,34.96074],[-85.601507,34.963847],[-85.60154,34.964036],[-85.602482,34.969403],[-85.603826,34.977055],[-85.605165,34.984678],[-85.610559,34.984814],[-85.611494,34.984837],[-85.612697,34.984868],[-85.622034,34.985104],[-85.624967,34.985178],[-85.627338,34.985214],[-85.62761,34.985218],[-85.636211,34.98535],[-85.636247,34.985351],[-85.637641,34.985372],[-85.638299,34.985381],[-85.654616,34.985629],[-85.654867,34.985633],[-85.655931,34.985649],[-85.667909,34.985831],[-85.668316,34.985837],[-85.676966,34.985969],[-85.690979,34.986183],[-85.691417,34.98619],[-85.692499,34.986206],[-85.694715,34.98624],[-85.694764,34.986241],[-85.695438,34.986251],[-85.696423,34.986266],[-85.696584,34.986268],[-85.699245,34.986309],[-85.699396,34.986311],[-85.700303,34.986324],[-85.700824,34.986333],[-85.702067,34.986352],[-85.702249,34.986355],[-85.713842,34.986531],[-85.715988,34.986564],[-85.718987,34.98661],[-85.719769,34.986622],[-85.720283,34.98663],[-85.722153,34.986657],[-85.722353,34.98666],[-85.726237,34.98672],[-85.726723,34.986726],[-85.727261,34.986734],[-85.729603,34.98677],[-85.732259,34.986811],[-85.735604,34.986862],[-85.735776,34.986865],[-85.744933,34.987004],[-85.745415,34.987011],[-85.748941,34.987065],[-85.749972,34.987081],[-85.757948,34.987166],[-85.763072,34.98722],[-85.772677,34.987323],[-85.772773,34.987324],[-85.773079,34.987327],[-85.777966,34.987379],[-85.783435,34.987437],[-85.783787,34.987441],[-85.787572,34.987481],[-85.794201,34.987576],[-85.795819,34.9876],[-85.796117,34.987604],[-85.796922,34.987616],[-85.798203,34.987634],[-85.802241,34.987692],[-85.807889,34.987774],[-85.808116,34.987776],[-85.808611,34.987782],[-85.810782,34.987809],[-85.810854,34.987809],[-85.812858,34.987835],[-85.813815,34.987846],[-85.813855,34.987848],[-85.822546,34.98809],[-85.823789,34.988124],[-85.824023,34.988131],[-85.824046,34.988126],[-85.824075,34.988116],[-85.824144,34.988101],[-85.824216,34.988097],[-85.824286,34.988101],[-85.824338,34.988107],[-85.824349,34.988118],[-85.824374,34.988055],[-85.824404,34.988043],[-85.824515,34.988036],[-85.824856,34.988024],[-85.825373,34.988016],[-85.825894,34.988023],[-85.826415,34.988024],[-85.828412,34.988053],[-85.828677,34.988072],[-85.828767,34.988069],[-85.83653,34.988126],[-85.836915,34.988129],[-85.847865,34.988203],[-85.850571,34.988211],[-85.851628,34.988214],[-85.860901,34.988243],[-85.860921,34.988243],[-85.863935,34.988253],[-85.865285,34.988257],[-85.873018,34.988281],[-85.873076,34.988282],[-85.874976,34.988382],[-85.875341,34.988385],[-85.882146,34.988449],[-85.884415,34.988471],[-85.88596,34.988491],[-85.890594,34.988551],[-85.89214,34.988572],[-85.892161,34.988572],[-85.89223,34.988567],[-85.8925,34.988552],[-85.89259,34.988547],[-85.893049,34.98855],[-85.894429,34.98856],[-85.894889,34.988564],[-85.895191,34.988566],[-85.896099,34.988574],[-85.896402,34.988577],[-85.896936,34.988581],[-85.89854,34.988595],[-85.898901,34.988599],[-85.898988,34.9886],[-85.899075,34.988601],[-85.899161,34.988602],[-85.899248,34.988603],[-85.90378,34.988643],[-85.904077,34.988646],[-85.908203,34.988682],[-85.923475,34.988594],[-85.925374,34.988583],[-85.931264,34.988617],[-85.940869,34.988672],[-85.954377,34.988749],[-85.954646,34.988751],[-85.955125,34.988753],[-85.955585,34.988756],[-85.956026,34.988758],[-85.957353,34.988764],[-85.957795,34.988766],[-85.96038,34.988783],[-85.962403,34.988794],[-85.967803,34.988827],[-85.97623,34.988877],[-85.97718,34.988883],[-85.980839,34.988907],[-85.980867,34.988907],[-85.980951,34.988907],[-85.98098,34.988908],[-85.98635,34.988943],[-85.999981,34.989034],[-86.002461,34.989029],[-86.007497,34.989021],[-86.007832,34.989024],[-86.011806,34.989056],[-86.018688,34.989113],[-86.02373,34.989154],[-86.027705,34.989187],[-86.038669,34.989277],[-86.051727,34.989385],[-86.06162,34.989467],[-86.067069,34.989513],[-86.067137,34.989514],[-86.067212,34.989514],[-86.07301,34.98954],[-86.084648,34.989594],[-86.085603,34.989601],[-86.088471,34.989622],[-86.089427,34.98963],[-86.091924,34.989648],[-86.099415,34.989704],[-86.101912,34.989723],[-86.10271,34.989725],[-86.105107,34.989731],[-86.105906,34.989734],[-86.108386,34.98974],[-86.115829,34.989761],[-86.11831,34.989768],[-86.122079,34.989778],[-86.124985,34.989786],[-86.133386,34.989828],[-86.137005,34.989847],[-86.137155,34.989848],[-86.137692,34.98985],[-86.139303,34.989858],[-86.139841,34.989861],[-86.152753,34.989926],[-86.152814,34.989926],[-86.152827,34.989926],[-86.152919,34.989926],[-86.153256,34.989928],[-86.155065,34.989937],[-86.161644,34.98997],[-86.163837,34.989982],[-86.178541,34.990057],[-86.180036,34.990065],[-86.18571,34.990093],[-86.18618,34.990096],[-86.188827,34.990109],[-86.192227,34.990126],[-86.202428,34.990177],[-86.205829,34.990195],[-86.206929,34.9902],[-86.210229,34.990217],[-86.211329,34.990223],[-86.212844,34.99023],[-86.217391,34.990254],[-86.218907,34.990262],[-86.22253,34.990287],[-86.225737,34.99031],[-86.233399,34.990362],[-86.237023,34.990387],[-86.247525,34.990414],[-86.248019,34.990421],[-86.249985,34.99058],[-86.253141,34.990607],[-86.253947,34.990613],[-86.254101,34.990613],[-86.255211,34.990612],[-86.255806,34.990616],[-86.257593,34.990631],[-86.258189,34.990636],[-86.264901,34.990702],[-86.285041,34.9909],[-86.291754,34.990967],[-86.293371,34.990971],[-86.297007,34.990983],[-86.298225,34.990986],[-86.299843,34.990991],[-86.302129,34.991012],[-86.308987,34.991076],[-86.311274,34.991098],[-86.312771,34.991112],[-86.317263,34.991154],[-86.318761,34.991169],[-86.321134,34.991192],[-86.321257,34.991193],[-86.33377,34.991311],[-86.333824,34.991312],[-86.335574,34.991328],[-86.335665,34.991329],[-86.340127,34.991371],[-86.341763,34.991386],[-86.343458,34.991403],[-86.343655,34.991405],[-86.343734,34.991406],[-86.352084,34.991484],[-86.355371,34.991516],[-86.358422,34.991544],[-86.367576,34.991628],[-86.370628,34.991656],[-86.370748,34.991657],[-86.374317,34.991696],[-86.374966,34.991738],[-86.377401,34.991721],[-86.377491,34.991725],[-86.384307,34.991684],[-86.385173,34.991678],[-86.387772,34.991663],[-86.388639,34.991658],[-86.388723,34.99166],[-86.388857,34.991664],[-86.389586,34.991687],[-86.38995,34.991689],[-86.390221,34.991691],[-86.390807,34.991687],[-86.392565,34.991678],[-86.393149,34.991669],[-86.393172,34.991675],[-86.397202,34.991642],[-86.39728,34.991642],[-86.397896,34.991621],[-86.398237,34.991593],[-86.399064,34.991579],[-86.399194,34.991574],[-86.399271,34.99158],[-86.399298,34.991584],[-86.399478,34.991564],[-86.399786,34.99157],[-86.401199,34.991528],[-86.402356,34.991516],[-86.402593,34.991514],[-86.403961,34.99146],[-86.40563,34.991422],[-86.40595,34.991415],[-86.406051,34.991414],[-86.408014,34.991392],[-86.408406,34.991379],[-86.408502,34.991377],[-86.409976,34.991357],[-86.4106,34.991367],[-86.41066,34.991364],[-86.410918,34.991356],[-86.411731,34.991304],[-86.411749,34.991303],[-86.411801,34.9913],[-86.412216,34.991282],[-86.413388,34.991232],[-86.414186,34.991209],[-86.414446,34.991202],[-86.414694,34.991196],[-86.416749,34.991147],[-86.418135,34.991124],[-86.418487,34.991119],[-86.418623,34.991117],[-86.418855,34.991114],[-86.419673,34.991104],[-86.419736,34.991105],[-86.41987,34.991105],[-86.420696,34.991105],[-86.420946,34.991107],[-86.422898,34.991061],[-86.42378,34.991066],[-86.424378,34.991054],[-86.425168,34.991024],[-86.427089,34.990984],[-86.428324,34.990958],[-86.428637,34.990927],[-86.428663,34.990925],[-86.429117,34.990907],[-86.429728,34.990857],[-86.430391,34.990838],[-86.431761,34.990861],[-86.433059,34.990873],[-86.434102,34.99086],[-86.436718,34.991057],[-86.439203,34.991031],[-86.439328,34.99103],[-86.439419,34.991026],[-86.439663,34.990984],[-86.439779,34.990984],[-86.447291,34.990951],[-86.450846,34.990935],[-86.450986,34.990933],[-86.45544,34.990869],[-86.455492,34.990868],[-86.459556,34.990809],[-86.459787,34.990806],[-86.460028,34.990803],[-86.464155,34.990744],[-86.464243,34.990742],[-86.467716,34.990693],[-86.467941,34.990486],[-86.468115,34.99048],[-86.468399,34.990501],[-86.469065,34.990507],[-86.472691,34.990538],[-86.473105,34.990541],[-86.473192,34.990542],[-86.473299,34.990543],[-86.476821,34.99054],[-86.477364,34.990544],[-86.479471,34.990603],[-86.481771,34.990685],[-86.481789,34.990589],[-86.481959,34.990592],[-86.483097,34.990597],[-86.484242,34.9906],[-86.484967,34.990601],[-86.487038,34.990608],[-86.487121,34.990609],[-86.487269,34.990613],[-86.488666,34.990658],[-86.491116,34.990732],[-86.491106,34.990617],[-86.493114,34.99061],[-86.494491,34.990639],[-86.497223,34.99065],[-86.497365,34.990649],[-86.497506,34.990649],[-86.500086,34.990636],[-86.500287,34.990636],[-86.500331,34.990636],[-86.50242,34.990639],[-86.502696,34.99064],[-86.502992,34.990642],[-86.504361,34.990646],[-86.504797,34.990659],[-86.50514,34.990668],[-86.505471,34.990676],[-86.507826,34.990673],[-86.509008,34.990673],[-86.510024,34.990663],[-86.513125,34.990655],[-86.515764,34.990636],[-86.517032,34.990659],[-86.517738,34.990661],[-86.517809,34.990661],[-86.517832,34.990661],[-86.51788,34.990661],[-86.517938,34.990662],[-86.519387,34.990662],[-86.520808,34.990679],[-86.521235,34.990681],[-86.522207,34.990667],[-86.52246,34.990656],[-86.522708,34.990716],[-86.523023,34.990742],[-86.526745,34.990684],[-86.526846,34.990685],[-86.527257,34.990679],[-86.527713,34.990679],[-86.528549,34.990677],[-86.528586,34.990677],[-86.536248,34.990774],[-86.538208,34.990799],[-86.538686,34.990805],[-86.545808,34.990886],[-86.549441,34.990927],[-86.555227,34.990993],[-86.55577,34.990753],[-86.555922,34.990765],[-86.556038,34.990765],[-86.556567,34.990762],[-86.558553,34.990771],[-86.558915,34.990773],[-86.559104,34.990775],[-86.559321,34.990777],[-86.559662,34.990779],[-86.559857,34.990781],[-86.561336,34.990792],[-86.562075,34.990798],[-86.562292,34.990794],[-86.562311,34.990794],[-86.562742,34.990788],[-86.564445,34.990776],[-86.566045,34.990808],[-86.56667,34.99082],[-86.568105,34.990855],[-86.569235,34.990913],[-86.569305,34.990913],[-86.569367,34.990912],[-86.5694,34.990912],[-86.569931,34.990932],[-86.570527,34.991017],[-86.57078,34.991014],[-86.571087,34.991024],[-86.571308,34.991012],[-86.571381,34.991016],[-86.577815,34.991071],[-86.578131,34.99108],[-86.578745,34.991085],[-86.588416,34.99117],[-86.588712,34.991172],[-86.588803,34.991196],[-86.588842,34.991196],[-86.588962,34.991219],[-86.588991,34.991219],[-86.589079,34.991063],[-86.589985,34.991081],[-86.590862,34.991111],[-86.591565,34.991087],[-86.591891,34.99108],[-86.592102,34.991093],[-86.592348,34.991117],[-86.592754,34.991117],[-86.593196,34.991099],[-86.593479,34.991092],[-86.594834,34.991111],[-86.596183,34.991138],[-86.596316,34.99114],[-86.596458,34.991143],[-86.597712,34.991164],[-86.598944,34.991192],[-86.60004,34.991241],[-86.600089,34.991243],[-86.600876,34.991244],[-86.600967,34.991245],[-86.608638,34.99126],[-86.608871,34.991262],[-86.624976,34.991371],[-86.626508,34.99139],[-86.62668,34.991401],[-86.626698,34.991402],[-86.627214,34.991417],[-86.627261,34.991418],[-86.629056,34.991514],[-86.629246,34.991522],[-86.629851,34.991515],[-86.629877,34.991515],[-86.630239,34.991516],[-86.630335,34.991518],[-86.632391,34.991569],[-86.632444,34.991569],[-86.632592,34.991572],[-86.633254,34.991558],[-86.633957,34.991566],[-86.637566,34.991637],[-86.637674,34.991638],[-86.639204,34.991648],[-86.639682,34.991658],[-86.641216,34.991734],[-86.641334,34.99174],[-86.641393,34.991687],[-86.650855,34.991767],[-86.651126,34.991768],[-86.658357,34.991736],[-86.658387,34.991735],[-86.659454,34.991744],[-86.659462,34.991776],[-86.659608,34.991748],[-86.659648,34.991741],[-86.661692,34.991733],[-86.661731,34.991734],[-86.66264,34.991754],[-86.662696,34.991755],[-86.662887,34.991721],[-86.662963,34.991721],[-86.665508,34.991721],[-86.667379,34.991721],[-86.667454,34.991752],[-86.667935,34.991746],[-86.668151,34.991731],[-86.668275,34.991742],[-86.668398,34.991777],[-86.668544,34.991877],[-86.668821,34.992029],[-86.669105,34.992175],[-86.669309,34.992269],[-86.669564,34.992339],[-86.669665,34.992337],[-86.669773,34.992318],[-86.66986,34.992294],[-86.670012,34.992203],[-86.670249,34.991991],[-86.670393,34.991877],[-86.670501,34.991804],[-86.670639,34.991755],[-86.67074,34.991736],[-86.670846,34.991735],[-86.67151,34.991755],[-86.671905,34.991759],[-86.672076,34.99177],[-86.6721,34.991771],[-86.672216,34.991787],[-86.672328,34.991792],[-86.673809,34.991812],[-86.67392,34.991815],[-86.675532,34.991935],[-86.676598,34.9919],[-86.677642,34.992012],[-86.677675,34.992016],[-86.677965,34.991975],[-86.67948,34.991875],[-86.679504,34.991876],[-86.679652,34.991879],[-86.679865,34.991883],[-86.680573,34.991916],[-86.680727,34.991922],[-86.681389,34.991917],[-86.681656,34.991906],[-86.682806,34.991935],[-86.684846,34.991966],[-86.686016,34.991965],[-86.68672,34.991968],[-86.686734,34.991968],[-86.687844,34.991975],[-86.688155,34.991976],[-86.688633,34.991982],[-86.690264,34.991996],[-86.691213,34.992005],[-86.691779,34.99201],[-86.692136,34.992014],[-86.692431,34.992015],[-86.692866,34.992018],[-86.693743,34.992023],[-86.693979,34.992025],[-86.694302,34.992026],[-86.694334,34.992027],[-86.694474,34.992033],[-86.694898,34.992041],[-86.695345,34.992029],[-86.696825,34.992028],[-86.696964,34.992028],[-86.698317,34.992044],[-86.698417,34.992045],[-86.698643,34.992048],[-86.700192,34.99205],[-86.700448,34.992051],[-86.702239,34.992091],[-86.702277,34.992092],[-86.702643,34.992105],[-86.702751,34.99211],[-86.703134,34.992124],[-86.703339,34.992123],[-86.70343,34.992124],[-86.703553,34.992126],[-86.704215,34.992112],[-86.706223,34.992117],[-86.706414,34.992109],[-86.707866,34.992122],[-86.708986,34.992117],[-86.710101,34.992109],[-86.710837,34.992104],[-86.712341,34.992108],[-86.712739,34.992102],[-86.713276,34.992093],[-86.713396,34.992091],[-86.718887,34.992106],[-86.719092,34.992136],[-86.719153,34.992128],[-86.719339,34.992105],[-86.721303,34.992096],[-86.721357,34.992082],[-86.721626,34.991961],[-86.721724,34.99193],[-86.721835,34.99193],[-86.72891,34.991955],[-86.728941,34.991955],[-86.730608,34.992006],[-86.73181,34.992043],[-86.732329,34.992059],[-86.732654,34.992069],[-86.733232,34.992087],[-86.734067,34.992112],[-86.734187,34.992115],[-86.734674,34.992134],[-86.734697,34.992133],[-86.736298,34.992112],[-86.737089,34.992101],[-86.737464,34.992096],[-86.739395,34.991982],[-86.739409,34.991982],[-86.748052,34.992007],[-86.748098,34.992008],[-86.748721,34.992056],[-86.748813,34.99206],[-86.748949,34.99206],[-86.749032,34.992061],[-86.749907,34.992065],[-86.750524,34.992067],[-86.751357,34.99207],[-86.751368,34.992071],[-86.752617,34.992051],[-86.752861,34.992048],[-86.753553,34.992049],[-86.754327,34.99205],[-86.755738,34.992053],[-86.7563,34.992064],[-86.756326,34.992064],[-86.757055,34.992055],[-86.757074,34.992054],[-86.757107,34.992054],[-86.75922,34.992046],[-86.760802,34.99204],[-86.761154,34.992024],[-86.761315,34.992017],[-86.761435,34.99202],[-86.761446,34.99202],[-86.762341,34.99204],[-86.762682,34.992033],[-86.766553,34.992018],[-86.766859,34.992013],[-86.767233,34.992006],[-86.767745,34.992007],[-86.768071,34.992008],[-86.769335,34.992009],[-86.770028,34.991997],[-86.770903,34.991995],[-86.770951,34.991995],[-86.772065,34.991996],[-86.772647,34.991997],[-86.773056,34.992005],[-86.773547,34.991997],[-86.774233,34.991998],[-86.774723,34.991985],[-86.774739,34.992012],[-86.775044,34.992003],[-86.77534,34.991996],[-86.776058,34.991982],[-86.776087,34.991972],[-86.776341,34.991983],[-86.776938,34.991997],[-86.777133,34.991995],[-86.777203,34.991991],[-86.7775,34.991991],[-86.777536,34.991977],[-86.778225,34.991974],[-86.778876,34.991978],[-86.779382,34.99198],[-86.77959,34.99198],[-86.779936,34.991972],[-86.780754,34.991968],[-86.782025,34.991945],[-86.782829,34.991948],[-86.78352,34.991943],[-86.783628,34.991948],[-86.783876,34.991941],[-86.784692,34.991941],[-86.785444,34.991937],[-86.7856,34.991937],[-86.785868,34.991936],[-86.788785,34.991926],[-86.79259,34.991926],[-86.792766,34.991927],[-86.79406,34.991923],[-86.794831,34.991921],[-86.796143,34.991917],[-86.798454,34.99191],[-86.800082,34.991911],[-86.801395,34.991912],[-86.801442,34.991911],[-86.801585,34.991909],[-86.801633,34.991909],[-86.802493,34.99191],[-86.8045,34.991905],[-86.805486,34.991899],[-86.805844,34.9919],[-86.806918,34.991903],[-86.807277,34.991905],[-86.80731,34.991905],[-86.80771,34.991902],[-86.808268,34.991898],[-86.808347,34.991898],[-86.808688,34.991896],[-86.810164,34.991893],[-86.811279,34.991883],[-86.811742,34.991878],[-86.812135,34.991875],[-86.814382,34.991884],[-86.814408,34.991884],[-86.814462,34.991885],[-86.814799,34.991882],[-86.815279,34.991878],[-86.815523,34.991876],[-86.815603,34.991875],[-86.81605,34.991873],[-86.816467,34.991871],[-86.819132,34.991877],[-86.819334,34.99188],[-86.819389,34.991881],[-86.819422,34.991881],[-86.819722,34.991873],[-86.819849,34.991887],[-86.8207,34.991842],[-86.821879,34.991882],[-86.82729,34.991888],[-86.828972,34.99189],[-86.83402,34.991896],[-86.834213,34.991896],[-86.835703,34.991898],[-86.835782,34.991898],[-86.836019,34.991898],[-86.836098,34.991899],[-86.836139,34.991899],[-86.836264,34.991899],[-86.836306,34.991899],[-86.837276,34.991926],[-86.837678,34.991926],[-86.83774,34.991926],[-86.838675,34.991929],[-86.840283,34.991938],[-86.840904,34.991953],[-86.841211,34.99196],[-86.841592,34.991969],[-86.84171,34.991972],[-86.84195,34.991975],[-86.842067,34.991976],[-86.843104,34.99199],[-86.844496,34.992],[-86.84461,34.992001],[-86.844716,34.992002],[-86.846462,34.992006],[-86.846718,34.992002],[-86.846848,34.992],[-86.847308,34.991993],[-86.847817,34.991986],[-86.847835,34.99198],[-86.848481,34.992001],[-86.849936,34.992002],[-86.852652,34.992017],[-86.854016,34.992024],[-86.855101,34.99204],[-86.855354,34.992044],[-86.856689,34.992046],[-86.857422,34.992059],[-86.857582,34.992062],[-86.857683,34.992062],[-86.859069,34.992065],[-86.85909,34.992065],[-86.859368,34.992066],[-86.860128,34.99208],[-86.861426,34.992087],[-86.86151,34.992066],[-86.861532,34.992053],[-86.86155,34.992043],[-86.861581,34.992026],[-86.86159,34.992014],[-86.862147,34.991957],[-86.8665,34.992053],[-86.8682,34.992079],[-86.873303,34.992157],[-86.875004,34.992183],[-86.875546,34.992188],[-86.877175,34.992203],[-86.877718,34.992208],[-86.877944,34.992213],[-86.878624,34.992231],[-86.878851,34.992237],[-86.878898,34.992238],[-86.878957,34.992239],[-86.879239,34.992246],[-86.879462,34.992252],[-86.88128,34.992289],[-86.888083,34.992465],[-86.889009,34.992489],[-86.895239,34.992651],[-86.895287,34.992651],[-86.898613,34.992782],[-86.898695,34.992786],[-86.899903,34.992796],[-86.902871,34.992763],[-86.904741,34.992743],[-86.904915,34.992738],[-86.905538,34.992729],[-86.912792,34.992926],[-86.915487,34.992999],[-86.916682,34.993041],[-86.91713,34.993057],[-86.922686,34.993255],[-86.927401,34.993424],[-86.929983,34.993594],[-86.930117,34.993602],[-86.937456,34.993907],[-86.938972,34.993887],[-86.939044,34.993886],[-86.940599,34.99393],[-86.940756,34.993934],[-86.940912,34.993939],[-86.943595,34.994016],[-86.949644,34.994093],[-86.951738,34.99412],[-86.952395,34.994128],[-86.952537,34.994131],[-86.965484,34.994369],[-86.967121,34.994401],[-86.967145,34.994402],[-86.967219,34.994405],[-86.967244,34.994406],[-86.967603,34.994423],[-86.968681,34.994475],[-86.969041,34.994493],[-86.96918,34.994492],[-86.969597,34.994492],[-86.969737,34.994492],[-86.969805,34.994499],[-86.970012,34.994522],[-86.970081,34.99453],[-86.970237,34.994547],[-86.972541,34.99446],[-86.972602,34.994432],[-86.972678,34.994427],[-86.972758,34.994423],[-86.973031,34.994418],[-86.974266,34.994414],[-86.974384,34.994414],[-86.974724,34.994472],[-86.974874,34.99449],[-86.975596,34.994505],[-86.976034,34.994514],[-86.977662,34.994531],[-86.983065,34.994628],[-86.985729,34.994685],[-86.986254,34.994696],[-86.988396,34.99472],[-86.988681,34.994736],[-86.988776,34.994742],[-86.989114,34.994751],[-86.98977,34.99477],[-86.990219,34.994778],[-86.99081,34.994788],[-86.992024,34.994809],[-86.992182,34.994811],[-86.992246,34.994812],[-86.99228,34.994813],[-86.992323,34.994812],[-86.992415,34.99481],[-86.992649,34.99482],[-86.995211,34.994863],[-86.995418,34.994867],[-86.997197,34.994907],[-86.998354,34.994911],[-87.002538,34.994964],[-87.003967,34.994994],[-87.005106,34.995006],[-87.007492,34.995075],[-87.008136,34.995074],[-87.008757,34.995083],[-87.0091,34.995085],[-87.009381,34.995086],[-87.010891,34.995118],[-87.010978,34.99513],[-87.01106,34.995152],[-87.011174,34.995162],[-87.012248,34.99518],[-87.029637,34.995453],[-87.029701,34.995457],[-87.029847,34.995466],[-87.029993,34.995474],[-87.030095,34.99548],[-87.030132,34.995482],[-87.030246,34.995489],[-87.030284,34.995492],[-87.030407,34.995499],[-87.031406,34.995516],[-87.034773,34.995574],[-87.035896,34.995594],[-87.040547,34.99576],[-87.042654,34.995837],[-87.045822,34.995927],[-87.047074,34.995965],[-87.047349,34.99598],[-87.048386,34.996042],[-87.055395,34.996184],[-87.05662,34.996196],[-87.07283,34.996355],[-87.07301,34.996359],[-87.079446,34.996414],[-87.084881,34.996462],[-87.085226,34.996485],[-87.08572,34.996513],[-87.089895,34.99659],[-87.091479,34.996619],[-87.094472,34.996673],[-87.105115,34.996866],[-87.111357,34.996981],[-87.111399,34.996982],[-87.120322,34.997144],[-87.122648,34.997199],[-87.125049,34.997346],[-87.125396,34.997352],[-87.125616,34.997356],[-87.1266,34.997372],[-87.129555,34.997422],[-87.13054,34.997439],[-87.130704,34.997441],[-87.131196,34.99745],[-87.131361,34.997453],[-87.132116,34.997465],[-87.134382,34.997504],[-87.135138,34.997517],[-87.136034,34.997532],[-87.138725,34.997577],[-87.139622,34.997592],[-87.14056,34.997608],[-87.143376,34.997656],[-87.144315,34.997672],[-87.144394,34.997678],[-87.144631,34.997699],[-87.14471,34.997706],[-87.144943,34.997725],[-87.153988,34.997898],[-87.156747,34.997951],[-87.161003,34.998033],[-87.161404,34.998039],[-87.162753,34.998066],[-87.173519,34.998273],[-87.17725,34.998344],[-87.177272,34.998345],[-87.178823,34.998375],[-87.183476,34.998467],[-87.185027,34.998498],[-87.18507,34.998499],[-87.192343,34.998639],[-87.192425,34.998641],[-87.192507,34.998643],[-87.192592,34.998645],[-87.192676,34.998646],[-87.193712,34.998667],[-87.193846,34.998671],[-87.193977,34.998673],[-87.203278,34.998866],[-87.210759,34.999024],[-87.214646,34.999105],[-87.215237,34.999117],[-87.21645,34.999141],[-87.21685,34.999263],[-87.218139,34.999329],[-87.218161,34.999354],[-87.218717,34.999378],[-87.219768,34.999378],[-87.219781,34.999378],[-87.220478,34.999385],[-87.221596,34.999388],[-87.221703,34.999389],[-87.221973,34.999401],[-87.222223,34.999408],[-87.222447,34.99941],[-87.222482,34.99941],[-87.222577,34.999407],[-87.223569,34.9994],[-87.223824,34.999391],[-87.224002,34.999377],[-87.224052,34.999377],[-87.225008,34.999378],[-87.225632,34.999396],[-87.22625,34.999429],[-87.226953,34.999442],[-87.227476,34.99944],[-87.227843,34.999445],[-87.228472,34.999438],[-87.228857,34.999441],[-87.229237,34.999443],[-87.230033,34.99944],[-87.230262,34.999447],[-87.230387,34.999489],[-87.230625,34.99949],[-87.23134,34.999494],[-87.231579,34.999496],[-87.232322,34.9995],[-87.234553,34.999515],[-87.235297,34.99952],[-87.235572,34.999525],[-87.236399,34.999541],[-87.236675,34.999547],[-87.237169,34.999556],[-87.23865,34.999584],[-87.239145,34.999594],[-87.240712,34.999635],[-87.245414,34.999761],[-87.246982,34.999803],[-87.248156,34.999829],[-87.25006,34.999872],[-87.251681,34.9999],[-87.252856,34.999922],[-87.25464,34.999954],[-87.259992,35.00005],[-87.261776,35.000083],[-87.262065,35.000083],[-87.262935,35.000083],[-87.263225,35.000083],[-87.263655,35.000104],[-87.264945,35.00017],[-87.265376,35.000192],[-87.266303,35.000182],[-87.269085,35.000155],[-87.270013,35.000146],[-87.272659,35.000067],[-87.274238,35.000157],[-87.274536,35.00018],[-87.274568,35.000182],[-87.275071,35.000209],[-87.275555,35.000224],[-87.276186,35.000252],[-87.276946,35.000298],[-87.278213,35.000356],[-87.278627,35.000366],[-87.279194,35.000384],[-87.279767,35.000417],[-87.280137,35.000433],[-87.280237,35.000436],[-87.281047,35.000481],[-87.281418,35.000486],[-87.283165,35.000533],[-87.28481,35.000543],[-87.28682,35.000565],[-87.287685,35.000585],[-87.288925,35.000607],[-87.290443,35.000625],[-87.290892,35.000629],[-87.291443,35.000651],[-87.292121,35.000656],[-87.292831,35.000666],[-87.293601,35.000673],[-87.293914,35.000681],[-87.295099,35.000712],[-87.296972,35.000746],[-87.297677,35.000755],[-87.298855,35.000757],[-87.299222,35.000777],[-87.299619,35.000782],[-87.302483,35.000932],[-87.30271,35.000941],[-87.303393,35.000971],[-87.303621,35.000981],[-87.305242,35.001005],[-87.310106,35.001078],[-87.311728,35.001103],[-87.312951,35.001121],[-87.316621,35.001177],[-87.317845,35.001196],[-87.318195,35.001201],[-87.319248,35.001217],[-87.319599,35.001223],[-87.319983,35.001228],[-87.321137,35.001245],[-87.321522,35.001251],[-87.322138,35.00126],[-87.323989,35.001288],[-87.324606,35.001298],[-87.325837,35.001316],[-87.32953,35.001373],[-87.330762,35.001392],[-87.332052,35.001411],[-87.335922,35.00147],[-87.337212,35.00149],[-87.337262,35.00149],[-87.337412,35.001493],[-87.337462,35.001494],[-87.338729,35.00151],[-87.342533,35.001558],[-87.343801,35.001575],[-87.344905,35.001591],[-87.348219,35.001642],[-87.349324,35.001659],[-87.350978,35.001674],[-87.355943,35.00172],[-87.357598,35.001736],[-87.358368,35.001741],[-87.358464,35.001741],[-87.358576,35.001739],[-87.358964,35.001748],[-87.359279,35.00176],[-87.359621,35.001768],[-87.360512,35.001773],[-87.361198,35.001777],[-87.361654,35.001788],[-87.362926,35.001802],[-87.363358,35.001814],[-87.364615,35.001816],[-87.365256,35.001821],[-87.365641,35.001832],[-87.366065,35.001835],[-87.366408,35.001845],[-87.367226,35.001861],[-87.368317,35.001868],[-87.369719,35.001874],[-87.370547,35.001886],[-87.371328,35.001916],[-87.371784,35.001918],[-87.372199,35.001925],[-87.372327,35.00193],[-87.37238,35.001932],[-87.37254,35.001938],[-87.372594,35.00194],[-87.372695,35.001944],[-87.373851,35.00196],[-87.37395,35.001962],[-87.37527,35.001915],[-87.376243,35.001905],[-87.377278,35.001905],[-87.377624,35.001907],[-87.377737,35.001908],[-87.378714,35.001922],[-87.378882,35.001928],[-87.379326,35.001942],[-87.379934,35.001963],[-87.380234,35.00197],[-87.380659,35.001988],[-87.380703,35.00199],[-87.381104,35.001978],[-87.381992,35.002027],[-87.384658,35.002174],[-87.385547,35.002224],[-87.386069,35.002224],[-87.387635,35.002226],[-87.388158,35.002227],[-87.391478,35.002207],[-87.392014,35.002215],[-87.39241,35.002235],[-87.393304,35.002246],[-87.394062,35.002254],[-87.395014,35.002281],[-87.396664,35.002282],[-87.397073,35.002288],[-87.397886,35.002286],[-87.398169,35.002285],[-87.398715,35.00229],[-87.399756,35.002316],[-87.400421,35.00234],[-87.401011,35.00235],[-87.401467,35.002368],[-87.401897,35.002375],[-87.402353,35.002391],[-87.402661,35.002401],[-87.403249,35.002421],[-87.403587,35.002436],[-87.403896,35.002451],[-87.404081,35.00246],[-87.404106,35.00246],[-87.404313,35.002464],[-87.404504,35.002445],[-87.40463,35.002424],[-87.404736,35.002428],[-87.404812,35.002431],[-87.404947,35.002432],[-87.405074,35.002433],[-87.40514,35.002435],[-87.40572,35.002455],[-87.405914,35.002462],[-87.406257,35.002474],[-87.406498,35.002471],[-87.406671,35.00247],[-87.407599,35.002452],[-87.408253,35.002417],[-87.408665,35.002396],[-87.408838,35.002393],[-87.409192,35.002387],[-87.409296,35.002388],[-87.409895,35.002396],[-87.410672,35.002396],[-87.411131,35.002397],[-87.411356,35.002402],[-87.411778,35.002414],[-87.412031,35.002415],[-87.412257,35.002416],[-87.413213,35.002426],[-87.413854,35.002433],[-87.415487,35.002442],[-87.415846,35.002446],[-87.416081,35.002444],[-87.416285,35.002443],[-87.416983,35.002428],[-87.417038,35.002428],[-87.417259,35.002426],[-87.417407,35.002429],[-87.417496,35.002432],[-87.417803,35.002452],[-87.417999,35.002473],[-87.418218,35.002515],[-87.418501,35.002581],[-87.418757,35.002642],[-87.41886,35.002668],[-87.419381,35.002629],[-87.420945,35.002514],[-87.421467,35.002476],[-87.421634,35.002457],[-87.421881,35.002423],[-87.422084,35.002402],[-87.422144,35.002397],[-87.422375,35.00238],[-87.42263,35.002373],[-87.423229,35.002383],[-87.423949,35.002409],[-87.424571,35.002433]]]]}},{"type":"Feature","properties":{"sourceGeoid":"0107","stateFips":"01","districtCode":"07","stateCode":null,"label":"Congressional District 7"},"geometry":{"type":"MultiPolygon","coordinates":[[[[-88.274495,33.534],[-88.274656,33.53269],[-88.275515,33.525637],[-88.275567,33.525205],[-88.276236,33.520067],[-88.27658,33.517657],[-88.276802,33.516585],[-88.276944,33.515616],[-88.277001,33.515179],[-88.277156,33.5142],[-88.277227,33.51372],[-88.277364,33.512696],[-88.277367,33.512666],[-88.277207,33.512341],[-88.277989,33.50609],[-88.278156,33.504759],[-88.278607,33.500952],[-88.27866,33.500496],[-88.278871,33.498795],[-88.279358,33.495412],[-88.279486,33.494361],[-88.279523,33.494077],[-88.279885,33.49112],[-88.280001,33.490097],[-88.280012,33.490008],[-88.280182,33.488498],[-88.280715,33.484277],[-88.280789,33.484131],[-88.281636,33.477122],[-88.28165,33.47701],[-88.281748,33.476197],[-88.281851,33.475341],[-88.282106,33.473236],[-88.282441,33.470454],[-88.282753,33.467874],[-88.283126,33.46479],[-88.283151,33.464582],[-88.283184,33.464306],[-88.283348,33.462949],[-88.283369,33.462778],[-88.283877,33.45857],[-88.28485,33.450508],[-88.285586,33.444411],[-88.285602,33.44428],[-88.285921,33.44164],[-88.286239,33.439006],[-88.286467,33.437116],[-88.287695,33.42694],[-88.289683,33.410484],[-88.289705,33.410302],[-88.290057,33.407386],[-88.290796,33.401264],[-88.291062,33.399065],[-88.291063,33.399053],[-88.292192,33.38971],[-88.292202,33.389628],[-88.292575,33.386537],[-88.292573,33.386522],[-88.293006,33.382962],[-88.293217,33.381216],[-88.293233,33.381083],[-88.293953,33.375121],[-88.294867,33.367103],[-88.295836,33.359137],[-88.295859,33.358945],[-88.296245,33.355793],[-88.296279,33.355508],[-88.297059,33.349083],[-88.297102,33.348739],[-88.297116,33.348622],[-88.298725,33.335532],[-88.298732,33.335473],[-88.299435,33.32972],[-88.300507,33.320847],[-88.300798,33.31844],[-88.300993,33.316826],[-88.30261,33.303447],[-88.302639,33.303209],[-88.302759,33.302211],[-88.303697,33.294448],[-88.304134,33.290811],[-88.304227,33.290036],[-88.30437,33.288851],[-88.304399,33.288611],[-88.304434,33.28832],[-88.304718,33.28603],[-88.304747,33.285798],[-88.30573,33.277901],[-88.306295,33.273359],[-88.307757,33.261603],[-88.307962,33.259955],[-88.308114,33.258733],[-88.308172,33.258268],[-88.308227,33.257824],[-88.30828,33.257402],[-88.308726,33.253812],[-88.308781,33.253372],[-88.309043,33.251261],[-88.309231,33.250291],[-88.309185,33.250121],[-88.309559,33.247084],[-88.309569,33.247003],[-88.309761,33.245444],[-88.309792,33.245194],[-88.309876,33.24451],[-88.30989,33.244396],[-88.310043,33.243153],[-88.310108,33.242621],[-88.310114,33.242572],[-88.310139,33.242367],[-88.310563,33.238929],[-88.310571,33.238864],[-88.310636,33.238335],[-88.310661,33.238135],[-88.310724,33.23762],[-88.31073,33.237575],[-88.310747,33.237434],[-88.310751,33.237409],[-88.310835,33.236722],[-88.311584,33.229759],[-88.311896,33.226855],[-88.311913,33.226695],[-88.312065,33.225288],[-88.312535,33.220923],[-88.313629,33.213779],[-88.313634,33.213743],[-88.313989,33.211444],[-88.313991,33.211428],[-88.314898,33.205519],[-88.314938,33.205263],[-88.314962,33.205105],[-88.315235,33.203322],[-88.315652,33.199105],[-88.31575,33.198113],[-88.316347,33.192084],[-88.316355,33.192005],[-88.316901,33.186484],[-88.316908,33.186411],[-88.317025,33.185237],[-88.317029,33.185195],[-88.317135,33.184123],[-88.317212,33.183497],[-88.317766,33.17904],[-88.318029,33.176927],[-88.318054,33.176727],[-88.318061,33.17667],[-88.318078,33.176531],[-88.319134,33.168024],[-88.319589,33.164588],[-88.319674,33.163948],[-88.3198,33.162993],[-88.319819,33.162846],[-88.320164,33.160233],[-88.320172,33.160175],[-88.321755,33.148182],[-88.321843,33.147518],[-88.321935,33.146824],[-88.32199,33.146345],[-88.322035,33.145953],[-88.322096,33.145553],[-88.322476,33.143063],[-88.322513,33.142829],[-88.322505,33.142358],[-88.324569,33.133246],[-88.325443,33.120989],[-88.326339,33.109948],[-88.326353,33.10978],[-88.327037,33.104304],[-88.327122,33.103624],[-88.327993,33.096655],[-88.328007,33.096542],[-88.328839,33.089888],[-88.330934,33.073125],[-88.330996,33.072606],[-88.33101,33.07249],[-88.333458,33.051943],[-88.333471,33.051837],[-88.334201,33.04571],[-88.334211,33.045623],[-88.334214,33.045601],[-88.335965,33.03091],[-88.336107,33.029704],[-88.336498,33.02643],[-88.336507,33.026361],[-88.338452,33.010044],[-88.339291,33.003003],[-88.339634,33.000127],[-88.33982,32.998044],[-88.340432,32.991199],[-88.341359,32.983428],[-88.342781,32.97152],[-88.342783,32.971501],[-88.343132,32.968572],[-88.343141,32.968501],[-88.343164,32.968304],[-88.343265,32.967459],[-88.344105,32.960422],[-88.344351,32.958356],[-88.344366,32.958232],[-88.344718,32.955281],[-88.344726,32.955212],[-88.344734,32.955141],[-88.344738,32.955109],[-88.344751,32.955001],[-88.345222,32.951127],[-88.34571,32.94712],[-88.34716,32.935215],[-88.347454,32.932738],[-88.347887,32.929082],[-88.348941,32.920198],[-88.350005,32.911246],[-88.350863,32.903593],[-88.351061,32.901942],[-88.351839,32.895471],[-88.351999,32.894152],[-88.352012,32.894048],[-88.352013,32.894036],[-88.352025,32.893943],[-88.352351,32.891222],[-88.352614,32.889047],[-88.354177,32.87608],[-88.354272,32.875288],[-88.354292,32.875131],[-88.354304,32.87498],[-88.354789,32.868748],[-88.354906,32.86724],[-88.35492,32.867044],[-88.35682,32.850447],[-88.357194,32.847181],[-88.357666,32.843058],[-88.357866,32.841305],[-88.357903,32.840985],[-88.35794,32.840664],[-88.358862,32.832612],[-88.359099,32.830539],[-88.360328,32.819804],[-88.360898,32.814815],[-88.361688,32.807874],[-88.361886,32.80614],[-88.361898,32.806028],[-88.361909,32.805911],[-88.361918,32.805858],[-88.362432,32.801417],[-88.362603,32.799915],[-88.363592,32.791073],[-88.363679,32.790291],[-88.364293,32.784965],[-88.365139,32.777633],[-88.3668,32.763455],[-88.366925,32.762349],[-88.366952,32.762116],[-88.366978,32.761882],[-88.367014,32.761555],[-88.367278,32.75922],[-88.368012,32.752732],[-88.368311,32.750131],[-88.368151,32.749134],[-88.36813,32.748967],[-88.368311,32.747886],[-88.368579,32.746006],[-88.369055,32.742584],[-88.369201,32.741491],[-88.369762,32.737363],[-88.370956,32.728586],[-88.370974,32.72846],[-88.373328,32.711896],[-88.373338,32.711824],[-88.373514,32.710057],[-88.373526,32.709933],[-88.374703,32.698684],[-88.375022,32.694777],[-88.376358,32.683261],[-88.376398,32.68291],[-88.376985,32.677855],[-88.376994,32.677782],[-88.377187,32.676166],[-88.377228,32.675819],[-88.377601,32.672542],[-88.377617,32.672406],[-88.378436,32.665468],[-88.378461,32.665253],[-88.379348,32.657656],[-88.379554,32.655821],[-88.379561,32.655757],[-88.379979,32.652067],[-88.381112,32.642762],[-88.381165,32.642325],[-88.381507,32.639583],[-88.381798,32.637059],[-88.382817,32.628249],[-88.382856,32.627916],[-88.382968,32.627142],[-88.383039,32.626679],[-88.383254,32.625135],[-88.384135,32.616468],[-88.384139,32.616438],[-88.384401,32.61419],[-88.38444,32.613864],[-88.384896,32.610005],[-88.384915,32.60985],[-88.385235,32.607143],[-88.38558,32.604216],[-88.385694,32.603253],[-88.386019,32.600564],[-88.386028,32.600487],[-88.38702,32.592291],[-88.387054,32.592008],[-88.388195,32.582588],[-88.38872,32.578693],[-88.388797,32.578123],[-88.389421,32.572223],[-88.389789,32.568743],[-88.390162,32.565556],[-88.390488,32.56277],[-88.390769,32.560268],[-88.39147,32.554336],[-88.391852,32.551108],[-88.392176,32.548377],[-88.392318,32.547248],[-88.39255,32.545397],[-88.393248,32.539847],[-88.393481,32.537997],[-88.393596,32.537083],[-88.39394,32.534343],[-88.394056,32.53343],[-88.394195,32.532317],[-88.394475,32.530099],[-88.394615,32.528978],[-88.394755,32.527865],[-88.394991,32.525979],[-88.39628,32.515727],[-88.397177,32.508594],[-88.397867,32.502342],[-88.39811,32.500142],[-88.399147,32.491844],[-88.399388,32.489837],[-88.399594,32.488663],[-88.399562,32.48854],[-88.399535,32.488536],[-88.399532,32.488462],[-88.399612,32.487903],[-88.399831,32.486375],[-88.399882,32.486007],[-88.399971,32.485375],[-88.40005,32.48469],[-88.40029,32.482641],[-88.400371,32.481958],[-88.400589,32.480089],[-88.401166,32.475174],[-88.401245,32.474483],[-88.401461,32.472614],[-88.401883,32.468956],[-88.40272,32.461709],[-88.403011,32.457971],[-88.403298,32.454301],[-88.403399,32.453383],[-88.403704,32.450629],[-88.403786,32.44989],[-88.403791,32.449711],[-88.403793,32.449677],[-88.403823,32.449032],[-88.403831,32.448866],[-88.403842,32.448773],[-88.404144,32.446284],[-88.405269,32.437046],[-88.405296,32.436825],[-88.40631,32.428655],[-88.406645,32.425914],[-88.407543,32.418599],[-88.407806,32.416454],[-88.40781,32.416422],[-88.407942,32.415346],[-88.408349,32.412025],[-88.408486,32.410918],[-88.408598,32.410003],[-88.409122,32.405742],[-88.40945,32.403129],[-88.409957,32.399272],[-88.410294,32.396714],[-88.410458,32.395511],[-88.41095,32.391902],[-88.411115,32.3907],[-88.411907,32.384593],[-88.41223,32.382103],[-88.412498,32.380038],[-88.41351,32.37514],[-88.413782,32.374069],[-88.413819,32.373922],[-88.414715,32.36627],[-88.414918,32.364523],[-88.415775,32.357208],[-88.416354,32.352257],[-88.416603,32.350138],[-88.417442,32.342971],[-88.417799,32.339918],[-88.417824,32.339706],[-88.418006,32.338177],[-88.418751,32.331744],[-88.418756,32.331701],[-88.420824,32.31405],[-88.420842,32.3139],[-88.42095,32.312976],[-88.421327,32.309753],[-88.421453,32.30868],[-88.421713,32.306465],[-88.422493,32.299821],[-88.422753,32.297605],[-88.422755,32.297595],[-88.423018,32.295342],[-88.423812,32.288553],[-88.424077,32.28629],[-88.424082,32.286244],[-88.424275,32.284605],[-88.424867,32.279546],[-88.425065,32.27786],[-88.425076,32.277762],[-88.425109,32.277485],[-88.42511,32.27747],[-88.425122,32.277372],[-88.425237,32.276393],[-88.42558,32.273455],[-88.425695,32.272475],[-88.425723,32.27224],[-88.425777,32.271777],[-88.426022,32.269679],[-88.426102,32.269001],[-88.426104,32.26898],[-88.426442,32.266099],[-88.427456,32.257454],[-88.427794,32.254572],[-88.427804,32.254484],[-88.42783,32.254265],[-88.427938,32.253343],[-88.427974,32.253036],[-88.428021,32.252636],[-88.428162,32.251431],[-88.428208,32.251041],[-88.428209,32.25103],[-88.428278,32.250143],[-88.428444,32.248982],[-88.429322,32.242854],[-88.429615,32.240811],[-88.429796,32.239547],[-88.43034,32.235753],[-88.430521,32.234487],[-88.430536,32.234383],[-88.430578,32.234048],[-88.430744,32.232726],[-88.430799,32.232286],[-88.430838,32.231979],[-88.430953,32.231058],[-88.430984,32.230811],[-88.430992,32.23075],[-88.431042,32.230353],[-88.431191,32.229161],[-88.431235,32.228815],[-88.431241,32.228764],[-88.431269,32.228545],[-88.431351,32.227886],[-88.431379,32.227666],[-88.431796,32.224354],[-88.433046,32.214417],[-88.433461,32.211118],[-88.433463,32.211105],[-88.433528,32.210585],[-88.433724,32.209022],[-88.433767,32.208681],[-88.433789,32.208501],[-88.433947,32.207247],[-88.43442,32.203485],[-88.434573,32.202271],[-88.434578,32.20223],[-88.434792,32.200595],[-88.435433,32.195688],[-88.435646,32.194052],[-88.435658,32.193953],[-88.435908,32.19196],[-88.436694,32.185684],[-88.436956,32.183591],[-88.436972,32.1835],[-88.437066,32.182958],[-88.437396,32.181058],[-88.437506,32.180425],[-88.437633,32.179697],[-88.437679,32.179432],[-88.437841,32.177489],[-88.437902,32.176757],[-88.438052,32.175962],[-88.4385,32.173595],[-88.43865,32.172806],[-88.438582,32.1727],[-88.438584,32.17267],[-88.438609,32.172241],[-88.438628,32.17221],[-88.43871,32.172078],[-88.438771,32.171245],[-88.438952,32.168746],[-88.439013,32.167912],[-88.439028,32.167792],[-88.439187,32.166516],[-88.439708,32.162323],[-88.439864,32.161068],[-88.439882,32.160926],[-88.440241,32.158044],[-88.441317,32.149398],[-88.441676,32.146515],[-88.44169,32.146407],[-88.441873,32.144932],[-88.442464,32.140185],[-88.442661,32.138601],[-88.442711,32.1382],[-88.44286,32.136996],[-88.44291,32.136595],[-88.443047,32.135492],[-88.443459,32.132185],[-88.443596,32.131081],[-88.443603,32.131021],[-88.443894,32.128597],[-88.444307,32.125146],[-88.44478,32.12114],[-88.445074,32.118654],[-88.445191,32.117713],[-88.445541,32.11489],[-88.445655,32.113969],[-88.445658,32.113948],[-88.445904,32.111963],[-88.446643,32.106007],[-88.44689,32.104021],[-88.447105,32.102294],[-88.447748,32.097112],[-88.447963,32.095384],[-88.448167,32.093813],[-88.44878,32.089099],[-88.448984,32.087527],[-88.4495,32.083495],[-88.451049,32.071396],[-88.451565,32.067362],[-88.451568,32.067339],[-88.451931,32.0645],[-88.453028,32.055913],[-88.453394,32.05305],[-88.453491,32.052295],[-88.453781,32.050028],[-88.453877,32.049273],[-88.454066,32.047751],[-88.454635,32.04318],[-88.454824,32.041657],[-88.454856,32.041385],[-88.454952,32.040567],[-88.454985,32.040294],[-88.454961,32.04026],[-88.454968,32.040172],[-88.45504,32.040049],[-88.455054,32.039978],[-88.455088,32.039769],[-88.455039,32.039718],[-88.455133,32.039183],[-88.455281,32.038342],[-88.455659,32.036193],[-88.455814,32.035311],[-88.456007,32.033721],[-88.456587,32.028952],[-88.45678,32.027363],[-88.456793,32.027256],[-88.456796,32.027235],[-88.456842,32.026852],[-88.456858,32.026725],[-88.457115,32.024613],[-88.457884,32.01828],[-88.458141,32.01617],[-88.458353,32.01443],[-88.458987,32.00921],[-88.459199,32.007471],[-88.459203,32.007439],[-88.459286,32.006797],[-88.459549,32.004775],[-88.459637,32.004102],[-88.459694,32.003641],[-88.459863,32.002258],[-88.45992,32.001797],[-88.460047,32.000519],[-88.460084,32.000149],[-88.460524,31.996699],[-88.460686,31.995426],[-88.460934,31.993487],[-88.461677,31.987669],[-88.461808,31.986646],[-88.461927,31.98573],[-88.461938,31.985649],[-88.462345,31.982523],[-88.463262,31.975482],[-88.463603,31.972903],[-88.464028,31.969696],[-88.464096,31.969183],[-88.464135,31.968889],[-88.464456,31.966465],[-88.464563,31.965657],[-88.464743,31.964243],[-88.465281,31.960001],[-88.465461,31.958587],[-88.465901,31.95512],[-88.466635,31.949343],[-88.467165,31.94471],[-88.467538,31.941448],[-88.467562,31.941237],[-88.46763,31.940736],[-88.467834,31.939231],[-88.467877,31.938915],[-88.467902,31.938728],[-88.467943,31.938282],[-88.468065,31.936941],[-88.468106,31.936493],[-88.468194,31.935904],[-88.468479,31.934158],[-88.468581,31.933584],[-88.46856,31.933276],[-88.468584,31.932946],[-88.46885,31.93098],[-88.468905,31.93057],[-88.468903,31.930395],[-88.468883,31.930324],[-88.468879,31.930262],[-88.469119,31.928416],[-88.469862,31.922692],[-88.470109,31.920784],[-88.470359,31.918855],[-88.470529,31.917525],[-88.471504,31.909918],[-88.471755,31.907742],[-88.472131,31.904477],[-88.472345,31.902352],[-88.472781,31.898029],[-88.473082,31.895988],[-88.473089,31.895938],[-88.473227,31.893856],[-88.473197,31.893009],[-88.473113,31.890606],[-88.47311,31.890465],[-88.473091,31.889616],[-88.473066,31.88843],[-88.472989,31.884873],[-88.472968,31.88388],[-88.472962,31.883727],[-88.47296,31.883686],[-88.472903,31.882167],[-88.472734,31.877604],[-88.472677,31.876084],[-88.472676,31.876065],[-88.472642,31.875153],[-88.47263,31.874924],[-88.47244,31.871446],[-88.472377,31.870286],[-88.472312,31.869324],[-88.472119,31.866438],[-88.472054,31.865476],[-88.472047,31.86536],[-88.472022,31.86498],[-88.471921,31.86349],[-88.471889,31.862993],[-88.471837,31.862214],[-88.471681,31.859873],[-88.471654,31.859467],[-88.471629,31.859093],[-88.471546,31.857552],[-88.471297,31.852927],[-88.471214,31.851385],[-88.471193,31.851299],[-88.471128,31.851037],[-88.471106,31.850949],[-88.471096,31.850693],[-88.471067,31.849924],[-88.471057,31.849666],[-88.470934,31.846421],[-88.470564,31.836685],[-88.470513,31.835334],[-88.470423,31.833456],[-88.470422,31.833438],[-88.470338,31.83168],[-88.470085,31.826401],[-88.47,31.824642],[-88.469997,31.824575],[-88.469949,31.823574],[-88.469921,31.822974],[-88.469798,31.820371],[-88.469747,31.819304],[-88.469741,31.819167],[-88.469736,31.819068],[-88.469717,31.818671],[-88.469702,31.818358],[-88.469691,31.818121],[-88.469659,31.817424],[-88.469525,31.815315],[-88.469481,31.814614],[-88.469487,31.814311],[-88.469488,31.814238],[-88.46951,31.813107],[-88.469517,31.81273],[-88.4695,31.812303],[-88.46945,31.811023],[-88.469433,31.810595],[-88.469414,31.810088],[-88.469403,31.809791],[-88.46931,31.807377],[-88.469279,31.806571],[-88.46923,31.805302],[-88.469084,31.801495],[-88.469035,31.800225],[-88.468948,31.797972],[-88.468688,31.791211],[-88.468669,31.790722],[-88.468586,31.788957],[-88.468577,31.788788],[-88.468553,31.788344],[-88.468453,31.786508],[-88.468423,31.785953],[-88.468423,31.785895],[-88.468423,31.785495],[-88.468422,31.784292],[-88.468422,31.783891],[-88.468419,31.783851],[-88.468385,31.783446],[-88.468274,31.782107],[-88.468248,31.781786],[-88.468242,31.781659],[-88.468209,31.78093],[-88.468109,31.778739],[-88.468076,31.778009],[-88.467961,31.775928],[-88.467619,31.769683],[-88.467507,31.767642],[-88.467504,31.767602],[-88.467397,31.76544],[-88.467072,31.758951],[-88.466964,31.756788],[-88.466939,31.756382],[-88.466879,31.755435],[-88.466626,31.751379],[-88.46655,31.750158],[-88.466597,31.750035],[-88.466374,31.745906],[-88.465708,31.73352],[-88.46549,31.729454],[-88.465486,31.729392],[-88.465398,31.72775],[-88.465133,31.722824],[-88.465106,31.722312],[-88.465096,31.721181],[-88.465086,31.720137],[-88.465056,31.717008],[-88.465046,31.715965],[-88.465044,31.71572],[-88.465037,31.714985],[-88.465035,31.71476],[-88.465035,31.714741],[-88.46502,31.713309],[-88.46498,31.709013],[-88.464966,31.707581],[-88.464962,31.707418],[-88.464912,31.705638],[-88.464908,31.705476],[-88.464548,31.69982],[-88.46443,31.697952],[-88.464181,31.697944],[-88.459063,31.697929],[-88.451363,31.697999],[-88.441858,31.698086],[-88.438829,31.698113],[-88.437289,31.698127],[-88.43588,31.69814],[-88.433662,31.69816],[-88.433567,31.698161],[-88.433532,31.698161],[-88.433277,31.698163],[-88.433082,31.698165],[-88.432411,31.698171],[-88.432394,31.698171],[-88.430546,31.698177],[-88.427165,31.698154],[-88.413241,31.698034],[-88.405406,31.69799],[-88.402742,31.698125],[-88.402544,31.698135],[-88.402439,31.69814],[-88.402346,31.698145],[-88.402312,31.698147],[-88.400793,31.698224],[-88.400224,31.698282],[-88.399851,31.698321],[-88.399373,31.698306],[-88.398129,31.698268],[-88.398116,31.698268],[-88.395778,31.69825],[-88.395031,31.698244],[-88.392487,31.698225],[-88.392456,31.698225],[-88.385953,31.698172],[-88.378671,31.698116],[-88.375019,31.698111],[-88.373993,31.698185],[-88.36757,31.698215],[-88.365889,31.698223],[-88.365878,31.698223],[-88.36582,31.698223],[-88.365645,31.698224],[-88.364184,31.698231],[-88.362174,31.69824],[-88.361745,31.698242],[-88.357593,31.698262],[-88.357555,31.698262],[-88.357539,31.698262],[-88.357528,31.698262],[-88.357484,31.698263],[-88.357435,31.698263],[-88.357422,31.698263],[-88.352044,31.698289],[-88.351009,31.698293],[-88.34231,31.698336],[-88.339887,31.698348],[-88.339647,31.698349],[-88.338848,31.698353],[-88.338831,31.698353],[-88.338801,31.698353],[-88.338767,31.698353],[-88.338743,31.698354],[-88.338724,31.698354],[-88.338658,31.698354],[-88.337479,31.69836],[-88.332715,31.698383],[-88.319412,31.698447],[-88.313024,31.69845],[-88.312339,31.69845],[-88.309621,31.698451],[-88.30951,31.698451],[-88.309481,31.698451],[-88.309466,31.698451],[-88.309451,31.698452],[-88.309393,31.698452],[-88.309182,31.698452],[-88.308864,31.698452],[-88.308494,31.698452],[-88.306773,31.698453],[-88.306727,31.698453],[-88.306577,31.698453],[-88.305051,31.698454],[-88.304293,31.698454],[-88.303721,31.698454],[-88.303102,31.698454],[-88.302995,31.698454],[-88.301061,31.698455],[-88.30091,31.698455],[-88.300795,31.698455],[-88.298875,31.698456],[-88.298823,31.698456],[-88.298737,31.698456],[-88.28717,31.698462],[-88.274537,31.698465],[-88.272875,31.698465],[-88.266822,31.698467],[-88.265615,31.698488],[-88.265382,31.69849],[-88.265335,31.698491],[-88.264471,31.698509],[-88.261876,31.698525],[-88.261765,31.698526],[-88.261749,31.698526],[-88.261723,31.698526],[-88.261697,31.698526],[-88.261669,31.698527],[-88.261625,31.698527],[-88.261351,31.698529],[-88.260991,31.698531],[-88.259024,31.698543],[-88.25765,31.698551],[-88.254842,31.698568],[-88.250012,31.698576],[-88.240751,31.698573],[-88.234516,31.698571],[-88.22428,31.698588],[-88.224032,31.698588],[-88.224003,31.698588],[-88.223974,31.698589],[-88.223925,31.698589],[-88.22386,31.698589],[-88.223795,31.698589],[-88.223747,31.698589],[-88.223719,31.698589],[-88.223377,31.69859],[-88.223167,31.69859],[-88.214093,31.698605],[-88.208548,31.698578],[-88.206499,31.698582],[-88.203628,31.698588],[-88.198675,31.698599],[-88.19401,31.698609],[-88.189667,31.698617],[-88.188857,31.698619],[-88.188836,31.698619],[-88.186891,31.698616],[-88.184316,31.698611],[-88.180248,31.698603],[-88.163818,31.698648],[-88.159456,31.69866],[-88.159406,31.69866],[-88.159366,31.69866],[-88.159328,31.69866],[-88.159301,31.69866],[-88.159269,31.698661],[-88.158908,31.698662],[-88.155129,31.698672],[-88.141977,31.698757],[-88.130114,31.698757],[-88.125008,31.698757],[-88.111381,31.698985],[-88.106851,31.699048],[-88.100148,31.69914],[-88.088915,31.699294],[-88.088288,31.699303],[-88.088206,31.698968],[-88.087639,31.695957],[-88.087801,31.69267],[-88.087274,31.688673],[-88.086946,31.686181],[-88.083009,31.68057],[-88.081652,31.678991],[-88.080629,31.67785],[-88.080207,31.677064],[-88.080058,31.676786],[-88.079289,31.674921],[-88.078747,31.670682],[-88.078711,31.669618],[-88.078615,31.666762],[-88.078863,31.662555],[-88.079488,31.661534],[-88.08107,31.660135],[-88.082284,31.659548],[-88.084041,31.659135],[-88.087456,31.658803],[-88.089388,31.658747],[-88.090211,31.658504],[-88.090896,31.657921],[-88.091189,31.657059],[-88.090949,31.655836],[-88.090127,31.654512],[-88.087217,31.648967],[-88.086682,31.647168],[-88.086624,31.645656],[-88.086399,31.643238],[-88.086587,31.639378],[-88.085497,31.63452],[-88.083974,31.63032],[-88.082733,31.627804],[-88.081155,31.625161],[-88.076229,31.619592],[-88.075355,31.618335],[-88.074779,31.617387],[-88.074261,31.616382],[-88.074367,31.615164],[-88.07461,31.613438],[-88.075188,31.612102],[-88.077577,31.608784],[-88.079284,31.606793],[-88.079963,31.605772],[-88.080102,31.605079],[-88.080148,31.604143],[-88.080063,31.60319],[-88.079749,31.60251],[-88.078922,31.601213],[-88.075648,31.598454],[-88.072234,31.5945],[-88.069482,31.592733],[-88.065769,31.590348],[-88.060198,31.587333],[-88.051449,31.583504],[-88.049853,31.583494],[-88.037251,31.583422],[-88.031609,31.583907],[-88.028801,31.584153],[-88.027693,31.584251],[-88.025463,31.583897],[-88.023454,31.583019],[-88.02205,31.581895],[-88.02111,31.580685],[-88.019733,31.578956],[-88.017778,31.576512],[-88.017258,31.575766],[-88.017008,31.575028],[-88.01691,31.574738],[-88.016931,31.573624],[-88.01757,31.572878],[-88.018531,31.571965],[-88.019933,31.571337],[-88.021605,31.570969],[-88.023349,31.570917],[-88.025268,31.571342],[-88.027184,31.57205],[-88.03256,31.574582],[-88.034337,31.575063],[-88.036503,31.575239],[-88.038297,31.57501],[-88.039716,31.574503],[-88.039957,31.573939],[-88.039997,31.57327],[-88.040058,31.572261],[-88.03966,31.571604],[-88.038295,31.570481],[-88.036142,31.567955],[-88.032541,31.562432],[-88.031315,31.560552],[-88.031277,31.560494],[-88.024208,31.55586],[-88.020322,31.553427],[-88.018627,31.552366],[-88.01651,31.551963],[-88.011582,31.550976],[-88.007847,31.549085],[-88.000002,31.545112],[-87.99826,31.543981],[-87.997192,31.54337],[-87.995644,31.54257],[-87.994596,31.542056],[-87.99386,31.541796],[-87.99174,31.541107],[-87.981756,31.538901],[-87.979596,31.538147],[-87.979134,31.537901],[-87.978518,31.537399],[-87.977814,31.536623],[-87.975132,31.532728],[-87.974714,31.532312],[-87.974288,31.532002],[-87.973768,31.531652],[-87.973418,31.531445],[-87.970377,31.530546],[-87.966071,31.530025],[-87.960029,31.529294],[-87.958498,31.529219],[-87.946177,31.5276],[-87.943899,31.527231],[-87.943212,31.527019],[-87.942514,31.526719],[-87.940746,31.525573],[-87.93746,31.522909],[-87.936534,31.521947],[-87.935919,31.522379],[-87.933361,31.524176],[-87.932432,31.524825],[-87.931943,31.525135],[-87.931727,31.525258],[-87.930952,31.525665],[-87.930666,31.525793],[-87.930211,31.525984],[-87.929592,31.526208],[-87.928757,31.526434],[-87.928225,31.526555],[-87.927689,31.526649],[-87.927132,31.52672],[-87.92661,31.526764],[-87.926072,31.526787],[-87.925536,31.526787],[-87.924922,31.526757],[-87.923868,31.526659],[-87.921246,31.526375],[-87.913135,31.525497],[-87.912196,31.525418],[-87.911472,31.52539],[-87.910965,31.52539],[-87.910359,31.52541],[-87.910152,31.525432],[-87.90974,31.525453],[-87.90908,31.525524],[-87.908306,31.525635],[-87.907776,31.525734],[-87.907084,31.525895],[-87.90632,31.526106],[-87.905813,31.526265],[-87.905307,31.526445],[-87.90483,31.526634],[-87.90395,31.527026],[-87.903475,31.527262],[-87.903129,31.527456],[-87.902959,31.527551],[-87.902882,31.527607],[-87.902618,31.527758],[-87.902537,31.527613],[-87.902164,31.52692],[-87.901898,31.526461],[-87.902207,31.52619],[-87.902355,31.525873],[-87.902477,31.52551],[-87.902733,31.525216],[-87.903539,31.524857],[-87.904264,31.524475],[-87.904741,31.524114],[-87.904891,31.523752],[-87.905011,31.521505],[-87.904954,31.520938],[-87.904818,31.520372],[-87.904778,31.520031],[-87.904635,31.519624],[-87.904536,31.519464],[-87.904539,31.519374],[-87.904463,31.519328],[-87.904464,31.519307],[-87.904464,31.519191],[-87.904411,31.519146],[-87.90436,31.518021],[-87.904422,31.517532],[-87.904498,31.51692],[-87.904418,31.516668],[-87.903939,31.515956],[-87.903941,31.515405],[-87.904075,31.515061],[-87.904347,31.513776],[-87.904562,31.513226],[-87.904806,31.512377],[-87.904812,31.510014],[-87.904948,31.509256],[-87.905513,31.508132],[-87.905675,31.507926],[-87.905943,31.507444],[-87.905997,31.507283],[-87.906051,31.507192],[-87.906133,31.506733],[-87.906241,31.506526],[-87.90659,31.506044],[-87.906805,31.505516],[-87.906833,31.505288],[-87.906886,31.50515],[-87.906941,31.504875],[-87.907451,31.504415],[-87.907907,31.503933],[-87.908146,31.503825],[-87.907813,31.503665],[-87.90746,31.503521],[-87.907263,31.503452],[-87.907057,31.503379],[-87.9068,31.503307],[-87.90636,31.503193],[-87.905877,31.503083],[-87.905411,31.503005],[-87.905184,31.50298],[-87.904972,31.502932],[-87.904757,31.502913],[-87.904309,31.502887],[-87.904144,31.502877],[-87.903431,31.502931],[-87.903039,31.502992],[-87.902903,31.503026],[-87.902081,31.503226],[-87.901981,31.503271],[-87.901911,31.503289],[-87.901223,31.503564],[-87.900617,31.503918],[-87.900255,31.504163],[-87.899772,31.504538],[-87.898793,31.505297],[-87.897522,31.506271],[-87.896552,31.507058],[-87.896966,31.50739],[-87.897797,31.508087],[-87.898079,31.508343],[-87.89823,31.508514],[-87.898358,31.509176],[-87.898417,31.509533],[-87.898422,31.50968],[-87.898392,31.509904],[-87.898344,31.510047],[-87.898307,31.510113],[-87.898265,31.510157],[-87.898256,31.510167],[-87.898195,31.510208],[-87.898128,31.510235],[-87.897988,31.510263],[-87.897692,31.510276],[-87.897434,31.51028],[-87.897056,31.510284],[-87.89595,31.510317],[-87.893759,31.510359],[-87.893145,31.510388],[-87.893128,31.510332],[-87.892534,31.510334],[-87.891866,31.510339],[-87.891695,31.51033],[-87.891347,31.510309],[-87.889384,31.51028],[-87.889228,31.510308],[-87.889132,31.510343],[-87.888973,31.510469],[-87.888744,31.510744],[-87.888693,31.510792],[-87.888636,31.510831],[-87.888575,31.510859],[-87.888441,31.510895],[-87.8883,31.510914],[-87.887957,31.510932],[-87.88758,31.510935],[-87.886974,31.510899],[-87.886005,31.510827],[-87.886011,31.511731],[-87.885994,31.512591],[-87.885974,31.512802],[-87.885971,31.513325],[-87.886009,31.513989],[-87.886196,31.513961],[-87.886809,31.513955],[-87.886963,31.513945],[-87.887573,31.513951],[-87.887906,31.513963],[-87.888198,31.513964],[-87.888827,31.513983],[-87.889218,31.513991],[-87.889576,31.514004],[-87.890249,31.51401],[-87.890462,31.514021],[-87.89102,31.514037],[-87.891675,31.514034],[-87.891671,31.515168],[-87.891669,31.515722],[-87.891663,31.51622],[-87.891654,31.517416],[-87.891647,31.518424],[-87.891644,31.518902],[-87.891647,31.519383],[-87.891638,31.520312],[-87.891641,31.521143],[-87.891621,31.522386],[-87.891618,31.523658],[-87.891614,31.524343],[-87.891609,31.525107],[-87.891633,31.525532],[-87.891666,31.525673],[-87.891721,31.525808],[-87.891879,31.526056],[-87.892026,31.526304],[-87.89219,31.526548],[-87.892257,31.526678],[-87.892308,31.526814],[-87.892342,31.526955],[-87.892358,31.527099],[-87.892362,31.527242],[-87.892353,31.527385],[-87.892231,31.528105],[-87.892191,31.528447],[-87.892219,31.528586],[-87.892281,31.528713],[-87.892234,31.528856],[-87.891914,31.529713],[-87.891842,31.529905],[-87.891771,31.530089],[-87.891454,31.530911],[-87.89112,31.531697],[-87.890735,31.532475],[-87.890397,31.533074],[-87.890032,31.533652],[-87.887991,31.536689],[-87.887141,31.537953],[-87.886812,31.538446],[-87.886713,31.53859],[-87.886597,31.538786],[-87.886555,31.538913],[-87.886478,31.539198],[-87.886463,31.539318],[-87.886462,31.539419],[-87.885878,31.539847],[-87.88584,31.539875],[-87.88508,31.54044],[-87.884812,31.540686],[-87.884613,31.540854],[-87.884103,31.541333],[-87.883513,31.541954],[-87.882616,31.54304],[-87.881876,31.543858],[-87.881742,31.544006],[-87.88139,31.544368],[-87.880423,31.545551],[-87.880259,31.545766],[-87.880107,31.545688],[-87.879651,31.545455],[-87.879456,31.545368],[-87.879319,31.545319],[-87.878813,31.545184],[-87.878314,31.545089],[-87.87635,31.544868],[-87.875978,31.544792],[-87.875682,31.544705],[-87.875393,31.544595],[-87.875118,31.544465],[-87.874863,31.544316],[-87.874623,31.544144],[-87.874404,31.543951],[-87.874201,31.543743],[-87.874019,31.543518],[-87.873716,31.543056],[-87.872891,31.543013],[-87.870695,31.542933],[-87.870473,31.542906],[-87.870338,31.542879],[-87.870042,31.542766],[-87.869981,31.542735],[-87.869751,31.542621],[-87.869652,31.542571],[-87.867609,31.541417],[-87.86713,31.541136],[-87.866976,31.541061],[-87.866853,31.540985],[-87.866637,31.540879],[-87.866534,31.540829],[-87.866336,31.540744],[-87.866201,31.5407],[-87.86606,31.540671],[-87.865916,31.540655],[-87.865699,31.540664],[-87.865555,31.540688],[-87.865416,31.540725],[-87.864794,31.54096],[-87.864381,31.541063],[-87.864236,31.541087],[-87.863871,31.54112],[-87.863578,31.54113],[-87.863136,31.54111],[-87.861836,31.541007],[-87.860816,31.540914],[-87.859156,31.540695],[-87.858144,31.540556],[-87.857783,31.540528],[-87.857493,31.540534],[-87.857349,31.540548],[-87.857037,31.540616],[-87.856911,31.540568],[-87.856568,31.539946],[-87.856457,31.539855],[-87.856258,31.539509],[-87.85617,31.539256],[-87.856126,31.538727],[-87.85617,31.538474],[-87.856841,31.536955],[-87.856871,31.536242],[-87.856757,31.536035],[-87.856535,31.535851],[-87.856477,31.535759],[-87.855421,31.534814],[-87.855083,31.534401],[-87.85499,31.53401],[-87.854907,31.53394],[-87.854748,31.533181],[-87.854666,31.533135],[-87.854311,31.5321],[-87.854052,31.531594],[-87.853939,31.531432],[-87.853936,31.531341],[-87.853683,31.530995],[-87.853223,31.530075],[-87.853162,31.529868],[-87.852994,31.529637],[-87.852906,31.529408],[-87.852197,31.528304],[-87.851994,31.527866],[-87.851625,31.527245],[-87.851289,31.526877],[-87.851118,31.526578],[-87.851007,31.526485],[-87.850269,31.52529],[-87.850094,31.524852],[-87.850054,31.524438],[-87.850168,31.523863],[-87.850415,31.523218],[-87.850387,31.52239],[-87.849968,31.521906],[-87.849854,31.5217],[-87.849898,31.521424],[-87.85023,31.521055],[-87.851084,31.520525],[-87.851522,31.520179],[-87.85197,31.519211],[-87.852264,31.518406],[-87.852394,31.518383],[-87.853046,31.517187],[-87.853167,31.516772],[-87.853325,31.515898],[-87.853341,31.515576],[-87.853518,31.51523],[-87.853876,31.51484],[-87.854158,31.514633],[-87.854572,31.514332],[-87.855765,31.513777],[-87.856095,31.513665],[-87.856007,31.513154],[-87.855903,31.513046],[-87.855882,31.512803],[-87.855861,31.512773],[-87.855765,31.512633],[-87.850564,31.515047],[-87.850246,31.515188],[-87.844146,31.517893],[-87.83805,31.520487],[-87.836526,31.521313],[-87.834013,31.52253],[-87.833273,31.522777],[-87.833603,31.52326],[-87.833603,31.523672],[-87.833416,31.523947],[-87.832988,31.524681],[-87.832667,31.525529],[-87.832079,31.526216],[-87.831972,31.526537],[-87.832025,31.526995],[-87.832293,31.527293],[-87.832694,31.527614],[-87.832775,31.527775],[-87.832828,31.528577],[-87.83339,31.529195],[-87.833471,31.529516],[-87.833364,31.529768],[-87.832802,31.530204],[-87.832695,31.530433],[-87.832722,31.530662],[-87.832802,31.530731],[-87.832936,31.531693],[-87.833097,31.532266],[-87.833124,31.532587],[-87.833257,31.533183],[-87.833338,31.533251],[-87.833338,31.533343],[-87.833659,31.533846],[-87.833712,31.533892],[-87.834034,31.534396],[-87.834229,31.534787],[-87.834344,31.534995],[-87.83453,31.535447],[-87.834596,31.535588],[-87.83481,31.536779],[-87.835079,31.537077],[-87.835667,31.537375],[-87.83655,31.537604],[-87.836898,31.537764],[-87.837166,31.538085],[-87.837166,31.538429],[-87.836792,31.53907],[-87.836818,31.539437],[-87.837033,31.539781],[-87.837541,31.540262],[-87.837595,31.540651],[-87.837434,31.541087],[-87.837461,31.541637],[-87.837782,31.541935],[-87.83813,31.542141],[-87.838344,31.542439],[-87.838451,31.542805],[-87.838184,31.54347],[-87.838211,31.543951],[-87.838318,31.544295],[-87.838291,31.544524],[-87.838104,31.544937],[-87.837917,31.545303],[-87.83781,31.54583],[-87.838051,31.54622],[-87.838533,31.546793],[-87.838586,31.547091],[-87.838694,31.547343],[-87.83864,31.547893],[-87.838587,31.547984],[-87.838587,31.548741],[-87.838646,31.54885],[-87.838694,31.548947],[-87.839631,31.550115],[-87.839818,31.550642],[-87.839899,31.551949],[-87.84014,31.552384],[-87.840675,31.552773],[-87.841371,31.553117],[-87.841505,31.553117],[-87.841559,31.5533],[-87.841612,31.553369],[-87.841746,31.553873],[-87.841693,31.554515],[-87.841559,31.554881],[-87.841452,31.555294],[-87.841479,31.555844],[-87.841753,31.556412],[-87.841805,31.556497],[-87.841871,31.556584],[-87.841946,31.556681],[-87.841976,31.556701],[-87.84204,31.55677],[-87.842577,31.557287],[-87.842898,31.557723],[-87.842925,31.557883],[-87.843085,31.558089],[-87.843246,31.558754],[-87.8433,31.560198],[-87.843408,31.56116],[-87.843783,31.562352],[-87.843756,31.562764],[-87.843542,31.563474],[-87.843355,31.564918],[-87.843008,31.565927],[-87.842955,31.566981],[-87.842794,31.567325],[-87.842152,31.567966],[-87.84159,31.568219],[-87.841644,31.568631],[-87.841751,31.568814],[-87.841965,31.568998],[-87.84234,31.569066],[-87.84234,31.569387],[-87.842068,31.56962],[-87.841988,31.569713],[-87.841957,31.56999],[-87.841692,31.570177],[-87.841595,31.570339],[-87.841654,31.570727],[-87.841857,31.570927],[-87.842037,31.571465],[-87.842131,31.571663],[-87.842373,31.572872],[-87.842374,31.572906],[-87.841007,31.572817],[-87.840804,31.572789],[-87.840435,31.572685],[-87.840188,31.572819],[-87.839958,31.572931],[-87.839635,31.573118],[-87.839353,31.573391],[-87.838873,31.573966],[-87.838823,31.574019],[-87.838631,31.574227],[-87.838392,31.574398],[-87.838189,31.574499],[-87.83798,31.574589],[-87.837628,31.57476],[-87.837327,31.574973],[-87.837191,31.575122],[-87.837118,31.575239],[-87.836973,31.575562],[-87.836829,31.575725],[-87.836711,31.575813],[-87.836397,31.576002],[-87.836153,31.576174],[-87.836096,31.576215],[-87.835837,31.576464],[-87.83558,31.576752],[-87.835369,31.577077],[-87.835345,31.57714],[-87.835234,31.577437],[-87.835158,31.577802],[-87.835079,31.578517],[-87.834997,31.578849],[-87.83489,31.579041],[-87.834794,31.579159],[-87.834525,31.57943],[-87.834279,31.579716],[-87.834006,31.579995],[-87.833693,31.580233],[-87.833355,31.580456],[-87.833044,31.580688],[-87.832775,31.580955],[-87.83222,31.581547],[-87.831958,31.581862],[-87.831744,31.582192],[-87.831585,31.582532],[-87.831282,31.583241],[-87.831103,31.583586],[-87.830885,31.583902],[-87.830612,31.58419],[-87.830301,31.584455],[-87.829658,31.584971],[-87.829328,31.585198],[-87.828952,31.585358],[-87.82695,31.585982],[-87.826566,31.58612],[-87.826357,31.586218],[-87.826174,31.586333],[-87.826014,31.586472],[-87.825878,31.58664],[-87.825751,31.586821],[-87.825538,31.587101],[-87.825319,31.58737],[-87.825061,31.587645],[-87.824838,31.58787],[-87.824527,31.588185],[-87.824256,31.588421],[-87.824244,31.588432],[-87.823677,31.588872],[-87.823413,31.589106],[-87.823156,31.589369],[-87.822323,31.590179],[-87.821765,31.590744],[-87.821503,31.591035],[-87.821279,31.591323],[-87.820876,31.591901],[-87.820602,31.592155],[-87.82028,31.592354],[-87.819622,31.592679],[-87.819316,31.59285],[-87.818987,31.592991],[-87.818622,31.593039],[-87.818264,31.593029],[-87.817477,31.592942],[-87.817078,31.592945],[-87.816677,31.592978],[-87.815604,31.593131],[-87.815219,31.593136],[-87.81482,31.593091],[-87.813997,31.592952],[-87.81358,31.592894],[-87.813162,31.592853],[-87.812738,31.592836],[-87.812322,31.592832],[-87.811915,31.592838],[-87.811515,31.592829],[-87.811123,31.592772],[-87.81073,31.592648],[-87.810323,31.592469],[-87.809614,31.592131],[-87.808235,31.591497],[-87.807459,31.591156],[-87.807079,31.591005],[-87.806709,31.590845],[-87.806045,31.590526],[-87.805831,31.590464],[-87.805682,31.590421],[-87.804896,31.590344],[-87.804503,31.590288],[-87.804121,31.590222],[-87.803739,31.590171],[-87.803374,31.590139],[-87.803023,31.590091],[-87.802687,31.589974],[-87.802374,31.589804],[-87.802069,31.589615],[-87.801777,31.589448],[-87.801576,31.589384],[-87.801233,31.589336],[-87.801801,31.590982],[-87.80202,31.591668],[-87.802266,31.592574],[-87.802758,31.594759],[-87.802945,31.595702],[-87.803044,31.596335],[-87.803082,31.596764],[-87.803099,31.597381],[-87.803095,31.597699],[-87.802734,31.597652],[-87.802369,31.597614],[-87.801756,31.597527],[-87.80131,31.597486],[-87.801138,31.59746],[-87.801005,31.597426],[-87.800922,31.597383],[-87.800853,31.59733],[-87.800659,31.597133],[-87.800598,31.597082],[-87.800465,31.597009],[-87.800384,31.596976],[-87.799756,31.596841],[-87.799556,31.596821],[-87.799206,31.596813],[-87.798692,31.596751],[-87.798304,31.596685],[-87.797757,31.596609],[-87.797522,31.596569],[-87.796914,31.596529],[-87.79661,31.596515],[-87.796382,31.596479],[-87.796268,31.596454],[-87.796048,31.596388],[-87.79597,31.596377],[-87.795855,31.596373],[-87.795746,31.596386],[-87.795365,31.596497],[-87.795267,31.596517],[-87.795007,31.596528],[-87.794628,31.596525],[-87.794362,31.596504],[-87.793954,31.596428],[-87.793103,31.596215],[-87.792517,31.596121],[-87.791696,31.595947],[-87.791444,31.595907],[-87.791119,31.595833],[-87.790379,31.595629],[-87.790359,31.59556],[-87.790324,31.595497],[-87.79012,31.595231],[-87.790074,31.595159],[-87.79003,31.595041],[-87.790035,31.594875],[-87.790069,31.594709],[-87.790164,31.594399],[-87.790243,31.594241],[-87.790329,31.594083],[-87.790354,31.594002],[-87.790377,31.593835],[-87.790372,31.593648],[-87.790334,31.593351],[-87.790324,31.593147],[-87.790275,31.592931],[-87.790261,31.592795],[-87.790295,31.592435],[-87.79033,31.592274],[-87.790335,31.59215],[-87.790318,31.592014],[-87.790186,31.591683],[-87.790103,31.591515],[-87.789997,31.591117],[-87.785059,31.585045],[-87.778801,31.575587],[-87.775801,31.57319],[-87.775621,31.573175],[-87.775061,31.573099],[-87.774402,31.572975],[-87.773926,31.572886],[-87.773708,31.572866],[-87.773487,31.572875],[-87.773199,31.572936],[-87.77292,31.573022],[-87.77236,31.573237],[-87.771615,31.573538],[-87.771174,31.573739],[-87.770701,31.573964],[-87.77049,31.574032],[-87.770279,31.574079],[-87.769986,31.574102],[-87.769768,31.574099],[-87.769483,31.574061],[-87.769117,31.573988],[-87.768895,31.573962],[-87.768784,31.573959],[-87.768435,31.573948],[-87.767729,31.573972],[-87.767377,31.574013],[-87.767098,31.574075],[-87.766672,31.574191],[-87.764657,31.574816],[-87.763637,31.575203],[-87.762963,31.575472],[-87.762053,31.575757],[-87.760987,31.576108],[-87.760355,31.57631],[-87.759712,31.57653],[-87.758752,31.576829],[-87.758031,31.577026],[-87.757288,31.577228],[-87.756867,31.577337],[-87.756438,31.577462],[-87.756117,31.577561],[-87.755536,31.577721],[-87.755342,31.577758],[-87.754672,31.577886],[-87.753817,31.578084],[-87.75341,31.578201],[-87.753,31.578346],[-87.752589,31.578517],[-87.751987,31.578816],[-87.751788,31.578903],[-87.751583,31.578953],[-87.750085,31.579138],[-87.749791,31.579171],[-87.748959,31.579263],[-87.748292,31.579351],[-87.748001,31.579412],[-87.747899,31.579449],[-87.747796,31.579487],[-87.747665,31.579551],[-87.747297,31.57978],[-87.74669,31.58017],[-87.746135,31.580519],[-87.745774,31.580768],[-87.744904,31.581439],[-87.744012,31.582047],[-87.743637,31.582325],[-87.743125,31.582706],[-87.742787,31.582985],[-87.742615,31.583117],[-87.742432,31.583231],[-87.742235,31.583329],[-87.741639,31.583596],[-87.74105,31.583874],[-87.740641,31.58405],[-87.740145,31.584242],[-87.740078,31.584274],[-87.739925,31.584325],[-87.739767,31.584398],[-87.739601,31.584508],[-87.738537,31.585079],[-87.738502,31.5851],[-87.738135,31.585321],[-87.737784,31.585531],[-87.736859,31.586114],[-87.735962,31.58672],[-87.735788,31.586854],[-87.735456,31.587143],[-87.734989,31.587604],[-87.734677,31.587901],[-87.734533,31.588059],[-87.734366,31.588208],[-87.734061,31.588525],[-87.733925,31.588698],[-87.733806,31.588881],[-87.733594,31.589266],[-87.733391,31.589648],[-87.733241,31.589919],[-87.733074,31.590222],[-87.732975,31.590418],[-87.73254,31.591416],[-87.732054,31.592633],[-87.731977,31.59284],[-87.731859,31.59326],[-87.73171,31.593823],[-87.731597,31.59409],[-87.731481,31.594274],[-87.731374,31.594376],[-87.731201,31.594508],[-87.731073,31.594576],[-87.730868,31.594658],[-87.730589,31.59473],[-87.730309,31.594772],[-87.730094,31.594775],[-87.729556,31.59472],[-87.728848,31.594617],[-87.728577,31.594567],[-87.728368,31.594529],[-87.727836,31.594432],[-87.72754,31.594389],[-87.72721,31.594314],[-87.72645,31.59413],[-87.726396,31.594293],[-87.726235,31.594408],[-87.726182,31.594476],[-87.725379,31.595347],[-87.72487,31.5956],[-87.724629,31.595806],[-87.724014,31.595852],[-87.723478,31.595554],[-87.723157,31.5956],[-87.722729,31.595715],[-87.721684,31.595463],[-87.721122,31.595555],[-87.720801,31.595738],[-87.720105,31.596495],[-87.720105,31.596884],[-87.720213,31.596999],[-87.721069,31.597159],[-87.721176,31.597251],[-87.721632,31.597457],[-87.721739,31.59764],[-87.722355,31.598144],[-87.722355,31.598511],[-87.722007,31.599015],[-87.7219,31.599336],[-87.721793,31.599909],[-87.721686,31.600115],[-87.72099,31.600528],[-87.720883,31.600711],[-87.72083,31.600963],[-87.720776,31.601399],[-87.720429,31.602017],[-87.719599,31.603186],[-87.719358,31.603393],[-87.718582,31.603645],[-87.718448,31.603645],[-87.718234,31.604447],[-87.717806,31.605089],[-87.717672,31.605456],[-87.717645,31.605685],[-87.717565,31.605754],[-87.717297,31.606097],[-87.716709,31.606579],[-87.716601,31.606739],[-87.716628,31.606945],[-87.716896,31.607152],[-87.717378,31.607106],[-87.719466,31.606074],[-87.719761,31.606005],[-87.720564,31.606005],[-87.720859,31.60628],[-87.720832,31.606692],[-87.720457,31.607036],[-87.720484,31.607426],[-87.720618,31.607563],[-87.720618,31.608228],[-87.721342,31.608984],[-87.721449,31.609282],[-87.72161,31.609534],[-87.721663,31.609763],[-87.721744,31.609946],[-87.721824,31.61029],[-87.721717,31.611023],[-87.721771,31.611573],[-87.721932,31.612238],[-87.722173,31.612788],[-87.722093,31.613406],[-87.721879,31.613498],[-87.721584,31.613682],[-87.720861,31.613911],[-87.720862,31.614163],[-87.721344,31.61453],[-87.721344,31.614621],[-87.721424,31.614667],[-87.721371,31.614873],[-87.721183,31.615125],[-87.72046,31.615148],[-87.7203,31.615424],[-87.720166,31.61579],[-87.719925,31.616157],[-87.719657,31.616478],[-87.719524,31.616776],[-87.719551,31.617256],[-87.719658,31.617439],[-87.719658,31.617898],[-87.719604,31.617989],[-87.718935,31.618287],[-87.718614,31.618563],[-87.718293,31.618746],[-87.717677,31.618677],[-87.717141,31.618402],[-87.716712,31.618471],[-87.716445,31.618586],[-87.715802,31.618472],[-87.715347,31.618563],[-87.715186,31.618747],[-87.715106,31.618976],[-87.714731,31.619343],[-87.714383,31.619526],[-87.713607,31.619641],[-87.713285,31.619824],[-87.713017,31.620008],[-87.712562,31.620122],[-87.712134,31.620374],[-87.712027,31.620535],[-87.711947,31.620764],[-87.71192,31.621314],[-87.711706,31.621612],[-87.711465,31.621727],[-87.710742,31.621979],[-87.710662,31.622093],[-87.710662,31.622323],[-87.710849,31.622552],[-87.710903,31.622804],[-87.710769,31.622964],[-87.709483,31.623033],[-87.709135,31.623331],[-87.708841,31.62395],[-87.708707,31.624133],[-87.707556,31.624785],[-87.707488,31.625158],[-87.707501,31.625798],[-87.707608,31.626279],[-87.708063,31.627356],[-87.708064,31.627494],[-87.708117,31.62754],[-87.708117,31.627906],[-87.708198,31.627975],[-87.708278,31.62841],[-87.708225,31.629075],[-87.707957,31.629694],[-87.707743,31.629923],[-87.707636,31.630106],[-87.707127,31.630588],[-87.706939,31.630679],[-87.706323,31.631069],[-87.705386,31.631459],[-87.705306,31.631734],[-87.705788,31.632238],[-87.706002,31.632627],[-87.706029,31.632902],[-87.70611,31.632994],[-87.706244,31.633544],[-87.706779,31.634071],[-87.707128,31.634461],[-87.707663,31.634529],[-87.708744,31.634656],[-87.708663,31.634814],[-87.707412,31.636816],[-87.705843,31.639981],[-87.704388,31.64646],[-87.704341,31.646447],[-87.703133,31.646037],[-87.701546,31.645456],[-87.697719,31.644054],[-87.695572,31.643267],[-87.694234,31.642777],[-87.693126,31.642378],[-87.691972,31.64199],[-87.690756,31.641622],[-87.68951,31.641292],[-87.688243,31.640999],[-87.687727,31.640889],[-87.684486,31.640213],[-87.681683,31.63966],[-87.681392,31.639603],[-87.680198,31.639299],[-87.677864,31.638467],[-87.676109,31.637828],[-87.674313,31.637252],[-87.673047,31.637039],[-87.67172,31.636901],[-87.670467,31.636775],[-87.670208,31.636753],[-87.67019,31.636991],[-87.670133,31.637374],[-87.670059,31.638467],[-87.669943,31.639163],[-87.669839,31.639709],[-87.669735,31.640137],[-87.669632,31.640631],[-87.669426,31.641625],[-87.669379,31.641967],[-87.669358,31.642232],[-87.669358,31.642493],[-87.669376,31.642802],[-87.669405,31.643049],[-87.669462,31.643325],[-87.669561,31.643726],[-87.669918,31.644953],[-87.670303,31.646208],[-87.670393,31.646643],[-87.670425,31.646923],[-87.670433,31.647104],[-87.670425,31.647347],[-87.670388,31.647647],[-87.670311,31.648013],[-87.670178,31.648467],[-87.670039,31.648733],[-87.669768,31.649187],[-87.668388,31.651327],[-87.668175,31.651621],[-87.667945,31.6519],[-87.667699,31.65217],[-87.667439,31.652432],[-87.667171,31.652688],[-87.66527,31.654431],[-87.665021,31.654699],[-87.66481,31.654999],[-87.664667,31.655339],[-87.664583,31.655697],[-87.664555,31.656059],[-87.664586,31.656783],[-87.664591,31.657148],[-87.664574,31.657513],[-87.664526,31.657874],[-87.664493,31.65803],[-87.66445,31.658231],[-87.664346,31.658578],[-87.664224,31.658908],[-87.663998,31.659455],[-87.66384,31.659776],[-87.663401,31.660777],[-87.663174,31.661198],[-87.663055,31.661386],[-87.662965,31.661511],[-87.662664,31.661869],[-87.662375,31.662138],[-87.662064,31.662388],[-87.661515,31.662803],[-87.661144,31.663136],[-87.660919,31.663421],[-87.660756,31.663748],[-87.660657,31.6641],[-87.660635,31.664333],[-87.660472,31.664176],[-87.66024,31.663897],[-87.660138,31.663794],[-87.660022,31.663702],[-87.659976,31.663655],[-87.65989,31.663538],[-87.659537,31.662734],[-87.659168,31.662109],[-87.658995,31.662092],[-87.6586,31.662089],[-87.658249,31.662094],[-87.657498,31.662072],[-87.656773,31.661968],[-87.656279,31.661853],[-87.655629,31.661747],[-87.655137,31.661643],[-87.654787,31.661545],[-87.654163,31.661432],[-87.653805,31.661458],[-87.65346,31.661559],[-87.652537,31.662012],[-87.651697,31.662355],[-87.651487,31.662381],[-87.651266,31.662371],[-87.651043,31.662331],[-87.650526,31.662198],[-87.650166,31.66217],[-87.649809,31.66221],[-87.649462,31.662307],[-87.649196,31.66242],[-87.64876,31.662642],[-87.648298,31.66284],[-87.648,31.662907],[-87.647347,31.662979],[-87.646042,31.663077],[-87.645485,31.663134],[-87.645204,31.663224],[-87.645017,31.663345],[-87.64486,31.663497],[-87.644777,31.663616],[-87.644687,31.663884],[-87.644529,31.66452],[-87.644428,31.664711],[-87.644251,31.664947],[-87.643969,31.665197],[-87.643568,31.665404],[-87.643061,31.665541],[-87.642733,31.66557],[-87.64262,31.66558],[-87.641839,31.665566],[-87.641151,31.665407],[-87.640412,31.665172],[-87.640293,31.665094],[-87.64019,31.664993],[-87.640107,31.664872],[-87.639943,31.664468],[-87.639749,31.664084],[-87.639274,31.663637],[-87.63892,31.663535],[-87.638623,31.66352],[-87.638335,31.663548],[-87.638132,31.663605],[-87.638082,31.66363],[-87.637509,31.66392],[-87.637151,31.663895],[-87.636803,31.663782],[-87.636521,31.66376],[-87.636377,31.663786],[-87.636239,31.663837],[-87.636113,31.663906],[-87.635907,31.664004],[-87.634979,31.664305],[-87.63435,31.664447],[-87.634137,31.664455],[-87.633997,31.664446],[-87.63386,31.664423],[-87.633727,31.664389],[-87.63345,31.664303],[-87.633147,31.664229],[-87.632146,31.664113],[-87.632015,31.664138],[-87.631763,31.664232],[-87.6312,31.664364],[-87.631138,31.664368],[-87.631104,31.66437],[-87.631021,31.664371],[-87.630942,31.664375],[-87.630811,31.664397],[-87.63045,31.664508],[-87.629791,31.664828],[-87.629214,31.665098],[-87.628762,31.66516],[-87.628615,31.665156],[-87.628192,31.665145],[-87.627566,31.665075],[-87.627429,31.665094],[-87.627299,31.66513],[-87.627108,31.665224],[-87.626938,31.665361],[-87.626852,31.665475],[-87.626217,31.666705],[-87.626013,31.667605],[-87.625839,31.667835],[-87.625595,31.668012],[-87.624922,31.668295],[-87.624311,31.668586],[-87.62372,31.668847],[-87.623223,31.668982],[-87.622203,31.669148],[-87.621711,31.669215],[-87.621444,31.669294],[-87.621182,31.669395],[-87.620965,31.669445],[-87.620742,31.669452],[-87.620276,31.669418],[-87.619716,31.669408],[-87.619583,31.669396],[-87.61945,31.66937],[-87.61918,31.66927],[-87.618163,31.668806],[-87.617843,31.668621],[-87.617615,31.668453],[-87.616837,31.667789],[-87.616621,31.667644],[-87.615841,31.667194],[-87.615053,31.666664],[-87.615019,31.666652],[-87.614985,31.666639],[-87.614003,31.666225],[-87.613857,31.666191],[-87.613719,31.666159],[-87.613514,31.666158],[-87.613376,31.666185],[-87.61324,31.666235],[-87.612831,31.666426],[-87.612163,31.666718],[-87.611587,31.66685],[-87.611315,31.666947],[-87.610987,31.6671],[-87.610438,31.667306],[-87.610152,31.667361],[-87.609432,31.667456],[-87.608646,31.667622],[-87.607944,31.667711],[-87.607803,31.667691],[-87.607666,31.667651],[-87.607348,31.667513],[-87.607229,31.667472],[-87.607135,31.667429],[-87.607103,31.667221],[-87.607081,31.666995],[-87.607149,31.66654],[-87.607385,31.665471],[-87.607409,31.66526],[-87.607417,31.665086],[-87.607399,31.66492],[-87.60735,31.664768],[-87.607292,31.664648],[-87.607178,31.664458],[-87.606997,31.664223],[-87.606452,31.663715],[-87.605849,31.663168],[-87.605315,31.662582],[-87.604487,31.66164],[-87.603991,31.661043],[-87.603527,31.660465],[-87.602252,31.658925],[-87.601544,31.658112],[-87.601224,31.657718],[-87.600924,31.657304],[-87.600611,31.656902],[-87.600258,31.656537],[-87.59983,31.656254],[-87.599385,31.656036],[-87.598498,31.655541],[-87.596683,31.654586],[-87.596101,31.654258],[-87.595903,31.65414],[-87.595638,31.654002],[-87.595506,31.653943],[-87.595237,31.653862],[-87.594827,31.653759],[-87.59432,31.653685],[-87.593656,31.653672],[-87.593281,31.653634],[-87.592984,31.653552],[-87.592455,31.653275],[-87.592293,31.653152],[-87.591999,31.652804],[-87.591731,31.652453],[-87.59156,31.652247],[-87.590417,31.652591],[-87.590153,31.652702],[-87.590025,31.652772],[-87.589903,31.652853],[-87.589788,31.652945],[-87.589682,31.653046],[-87.589184,31.653747],[-87.588996,31.654061],[-87.588892,31.65433],[-87.588799,31.654678],[-87.588761,31.654956],[-87.588689,31.655303],[-87.588635,31.655431],[-87.588534,31.655614],[-87.588355,31.655839],[-87.588074,31.656098],[-87.587484,31.656465],[-87.587163,31.65664],[-87.586823,31.656788],[-87.586441,31.656882],[-87.585956,31.656945],[-87.585396,31.657001],[-87.585187,31.657086],[-87.585068,31.657178],[-87.584964,31.657366],[-87.584903,31.657566],[-87.584791,31.657883],[-87.58465,31.658116],[-87.584508,31.658283],[-87.584334,31.65844],[-87.583882,31.658773],[-87.58338,31.659035],[-87.582858,31.659213],[-87.582495,31.659318],[-87.582224,31.65942],[-87.582032,31.659513],[-87.581794,31.659675],[-87.581476,31.660013],[-87.581279,31.660268],[-87.580974,31.660555],[-87.580471,31.660891],[-87.580149,31.661153],[-87.579661,31.66162],[-87.579017,31.662307],[-87.578806,31.662596],[-87.578429,31.663408],[-87.578242,31.663896],[-87.578178,31.664033],[-87.578095,31.664166],[-87.577985,31.664286],[-87.577843,31.664385],[-87.577774,31.664419],[-87.577574,31.664484],[-87.577467,31.6645],[-87.577312,31.664496],[-87.577178,31.664468],[-87.57705,31.664422],[-87.576831,31.66431],[-87.576672,31.664262],[-87.576163,31.664074],[-87.575024,31.663778],[-87.574554,31.663693],[-87.574181,31.663682],[-87.571019,31.664821],[-87.570495,31.664611],[-87.570545,31.664574],[-87.570959,31.664067],[-87.571203,31.663704],[-87.569028,31.662781],[-87.569083,31.662624],[-87.569083,31.662532],[-87.568789,31.662188],[-87.568467,31.661616],[-87.568199,31.661318],[-87.567905,31.660814],[-87.567422,31.660127],[-87.567154,31.6596],[-87.566994,31.659096],[-87.566402,31.658044],[-87.566421,31.659982],[-87.566439,31.661763],[-87.566472,31.66511],[-87.566539,31.671882],[-87.566692,31.683141],[-87.566803,31.693623],[-87.56681,31.694297],[-87.56682,31.695145],[-87.566823,31.695476],[-87.566854,31.69557],[-87.566915,31.695692],[-87.566959,31.695746],[-87.567013,31.695791],[-87.567139,31.695862],[-87.567404,31.696001],[-87.567513,31.696093],[-87.5676,31.69621],[-87.567776,31.696521],[-87.567798,31.696587],[-87.567881,31.697096],[-87.567913,31.697385],[-87.567899,31.697594],[-87.567829,31.697881],[-87.567795,31.697947],[-87.567747,31.698006],[-87.567636,31.698102],[-87.567443,31.698208],[-87.567243,31.698282],[-87.566962,31.698332],[-87.566754,31.698387],[-87.56663,31.698462],[-87.566548,31.698578],[-87.566295,31.699089],[-87.566125,31.699312],[-87.565767,31.699694],[-87.565687,31.699804],[-87.565567,31.700049],[-87.565476,31.700321],[-87.565335,31.700666],[-87.565193,31.700914],[-87.565126,31.701049],[-87.565101,31.701178],[-87.565103,31.701245],[-87.565119,31.701308],[-87.565151,31.701373],[-87.565193,31.701429],[-87.565376,31.701611],[-87.565843,31.701884],[-87.566089,31.702045],[-87.566192,31.702138],[-87.566278,31.702253],[-87.566439,31.702583],[-87.566565,31.70276],[-87.566689,31.702947],[-87.566744,31.703083],[-87.566755,31.703227],[-87.56674,31.703298],[-87.566593,31.703639],[-87.566477,31.703983],[-87.566439,31.704189],[-87.566429,31.704467],[-87.566409,31.704686],[-87.566321,31.705239],[-87.566321,31.705667],[-87.566366,31.70589],[-87.566611,31.706714],[-87.566812,31.707324],[-87.566948,31.707571],[-87.566997,31.707702],[-87.566999,31.707771],[-87.566982,31.707847],[-87.566894,31.707953],[-87.566832,31.708006],[-87.566527,31.708227],[-87.566344,31.70835],[-87.566146,31.70845],[-87.565745,31.708615],[-87.565495,31.708743],[-87.565149,31.708983],[-87.565103,31.709039],[-87.56507,31.709103],[-87.565052,31.709173],[-87.565037,31.709315],[-87.565041,31.70967],[-87.565027,31.709738],[-87.564992,31.709802],[-87.56494,31.709861],[-87.564812,31.70996],[-87.564686,31.710019],[-87.564329,31.710092],[-87.564195,31.710133],[-87.563804,31.710306],[-87.563481,31.710486],[-87.563287,31.710586],[-87.563088,31.71067],[-87.562879,31.710741],[-87.562597,31.710806],[-87.561755,31.71095],[-87.56162,31.710965],[-87.56155,31.710954],[-87.561416,31.71091],[-87.561277,31.710879],[-87.561132,31.710861],[-87.560991,31.710875],[-87.560856,31.710915],[-87.560728,31.710973],[-87.560661,31.711004],[-87.560595,31.711026],[-87.560315,31.711094],[-87.560256,31.711127],[-87.560131,31.711224],[-87.560231,31.711422],[-87.560341,31.711754],[-87.560366,31.711829],[-87.560416,31.712041],[-87.560486,31.712673],[-87.560543,31.712873],[-87.560613,31.712999],[-87.561207,31.713736],[-87.56142,31.71393],[-87.561604,31.714055],[-87.561777,31.714181],[-87.561923,31.714337],[-87.561995,31.714464],[-87.56214,31.714864],[-87.562163,31.714999],[-87.562153,31.715068],[-87.562021,31.715345],[-87.561949,31.715548],[-87.561943,31.715617],[-87.561944,31.715955],[-87.561905,31.716158],[-87.561856,31.716309],[-87.561831,31.716451],[-87.561846,31.716588],[-87.561905,31.716723],[-87.562048,31.716949],[-87.562027,31.717062],[-87.562043,31.717126],[-87.562086,31.717164],[-87.562144,31.71718],[-87.562241,31.71718],[-87.562337,31.717255],[-87.562429,31.717308],[-87.562492,31.717335],[-87.56277,31.717427],[-87.56298,31.717501],[-87.563106,31.717574],[-87.563261,31.717725],[-87.563538,31.718069],[-87.563686,31.718227],[-87.563845,31.718375],[-87.564012,31.718513],[-87.564189,31.718637],[-87.56474,31.718991],[-87.565093,31.719249],[-87.565245,31.719401],[-87.565374,31.719578],[-87.565519,31.719831],[-87.565745,31.720194],[-87.565891,31.720446],[-87.565965,31.720651],[-87.566023,31.72093],[-87.566027,31.721068],[-87.566004,31.721326],[-87.565937,31.721755],[-87.565807,31.72223],[-87.56577,31.722441],[-87.56576,31.722734],[-87.565734,31.723016],[-87.565692,31.723223],[-87.565643,31.723361],[-87.565605,31.723423],[-87.565556,31.723475],[-87.565491,31.723522],[-87.565355,31.723595],[-87.565238,31.723684],[-87.565147,31.723795],[-87.564905,31.724236],[-87.564818,31.724429],[-87.564784,31.724567],[-87.564785,31.72464],[-87.564822,31.725002],[-87.564818,31.725357],[-87.564774,31.725845],[-87.564778,31.725983],[-87.564851,31.726233],[-87.564921,31.72638],[-87.565329,31.726982],[-87.565436,31.727173],[-87.565716,31.727745],[-87.565957,31.728165],[-87.566043,31.728364],[-87.566078,31.728504],[-87.56609,31.728935],[-87.566121,31.729592],[-87.566124,31.729868],[-87.566099,31.730131],[-87.566091,31.730427],[-87.566103,31.730648],[-87.566124,31.730717],[-87.566181,31.730847],[-87.566347,31.731086],[-87.566414,31.731214],[-87.566457,31.731347],[-87.566477,31.731491],[-87.566487,31.73186],[-87.566513,31.732067],[-87.56656,31.732207],[-87.566683,31.732474],[-87.566727,31.73261],[-87.566748,31.732745],[-87.566744,31.732886],[-87.566694,31.733167],[-87.566673,31.733382],[-87.566693,31.733596],[-87.566735,31.733803],[-87.566854,31.734514],[-87.566949,31.734863],[-87.56707,31.735426],[-87.567186,31.735769],[-87.567218,31.735909],[-87.567223,31.736046],[-87.567206,31.736186],[-87.567151,31.736397],[-87.567088,31.736525],[-87.566911,31.736771],[-87.566767,31.736782],[-87.566398,31.736847],[-87.565768,31.737026],[-87.565637,31.737082],[-87.565508,31.73715],[-87.56533,31.737272],[-87.564932,31.737582],[-87.564749,31.737707],[-87.564554,31.737811],[-87.564219,31.737954],[-87.563944,31.738042],[-87.563803,31.738073],[-87.563588,31.738098],[-87.563441,31.738098],[-87.563297,31.738082],[-87.562514,31.737887],[-87.561824,31.737685],[-87.560486,31.737336],[-87.560342,31.737315],[-87.560053,31.737324],[-87.559912,31.737359],[-87.559776,31.737411],[-87.559581,31.737509],[-87.559396,31.737627],[-87.558155,31.738509],[-87.557798,31.73875],[-87.557183,31.739096],[-87.556997,31.739312],[-87.55649,31.739993],[-87.556424,31.740123],[-87.55639,31.740219],[-87.556371,31.740317],[-87.556367,31.740458],[-87.556388,31.740604],[-87.556418,31.7407],[-87.556501,31.74082],[-87.556618,31.740914],[-87.556748,31.740981],[-87.557168,31.741089],[-87.557307,31.741118],[-87.557441,31.741167],[-87.55756,31.741247],[-87.557777,31.741529],[-87.558054,31.741956],[-87.558389,31.742338],[-87.558487,31.742437],[-87.558781,31.742758],[-87.558857,31.742876],[-87.558891,31.743012],[-87.558886,31.743107],[-87.558848,31.743249],[-87.558689,31.743608],[-87.558548,31.743966],[-87.558384,31.744513],[-87.558323,31.744648],[-87.55822,31.744753],[-87.558089,31.744825],[-87.557947,31.744868],[-87.557806,31.744891],[-87.557663,31.744895],[-87.557521,31.744882],[-87.557238,31.744815],[-87.556821,31.744743],[-87.556679,31.744733],[-87.556457,31.744729],[-87.556236,31.744752],[-87.555586,31.744855],[-87.555448,31.744896],[-87.555322,31.744967],[-87.554453,31.745613],[-87.553962,31.74594],[-87.553354,31.746323],[-87.552969,31.746517],[-87.552522,31.746761],[-87.551641,31.74726],[-87.551151,31.747551],[-87.550904,31.747676],[-87.550607,31.747826],[-87.550331,31.74793],[-87.549974,31.747971],[-87.54924,31.748005],[-87.548493,31.748053],[-87.547548,31.748146],[-87.547122,31.748244],[-87.546,31.748565],[-87.545021,31.748859],[-87.544879,31.748888],[-87.544735,31.748905],[-87.54245,31.74895],[-87.539983,31.74909],[-87.539894,31.74924],[-87.539487,31.749684],[-87.538981,31.750388],[-87.538566,31.751014],[-87.53828,31.751421],[-87.538122,31.75163],[-87.538025,31.75144],[-87.537941,31.751162],[-87.537931,31.750821],[-87.537878,31.749794],[-87.537874,31.749412],[-87.537882,31.749271],[-87.537902,31.74917],[-87.538051,31.74874],[-87.537464,31.748667],[-87.535406,31.748474],[-87.534897,31.748439],[-87.534394,31.748443],[-87.533886,31.748462],[-87.53338,31.748531],[-87.53239,31.748786],[-87.531677,31.748987],[-87.531351,31.749068],[-87.530428,31.749373],[-87.530614,31.749568],[-87.531209,31.750073],[-87.531719,31.75045],[-87.532879,31.751212],[-87.533071,31.751369],[-87.533241,31.751545],[-87.533385,31.75174],[-87.533504,31.751947],[-87.533568,31.752092],[-87.533635,31.752315],[-87.533683,31.753003],[-87.533669,31.754761],[-87.533697,31.755139],[-87.533739,31.755364],[-87.533779,31.755512],[-87.533852,31.755731],[-87.533945,31.755944],[-87.534016,31.756083],[-87.534228,31.756415],[-87.534824,31.757202],[-87.535876,31.758588],[-87.536011,31.758786],[-87.536166,31.759049],[-87.536326,31.759399],[-87.536395,31.759587],[-87.5365,31.759967],[-87.536542,31.76034],[-87.536562,31.760618],[-87.536542,31.761039],[-87.536495,31.761333],[-87.536387,31.761775],[-87.536103,31.762812],[-87.535824,31.763915],[-87.535787,31.764407],[-87.535813,31.764814],[-87.535842,31.765005],[-87.535911,31.765324],[-87.53598,31.765554],[-87.536051,31.76573],[-87.536107,31.765833],[-87.536155,31.765923],[-87.536276,31.76611],[-87.536415,31.76627],[-87.536517,31.766372],[-87.536673,31.766509],[-87.536767,31.766576],[-87.536901,31.766662],[-87.537014,31.766735],[-87.537918,31.767208],[-87.538083,31.767306],[-87.538238,31.767419],[-87.538462,31.76765],[-87.538601,31.767821],[-87.538726,31.768013],[-87.538811,31.76819],[-87.538859,31.76833],[-87.538924,31.76861],[-87.53896,31.769048],[-87.539112,31.771329],[-87.539127,31.771477],[-87.539226,31.772467],[-87.539347,31.773142],[-87.539631,31.77458],[-87.539746,31.775163],[-87.539952,31.77631],[-87.539974,31.776542],[-87.539968,31.776778],[-87.539914,31.777246],[-87.539879,31.777401],[-87.539765,31.777771],[-87.539509,31.778435],[-87.539269,31.778995],[-87.539124,31.779451],[-87.539094,31.779589],[-87.539049,31.779792],[-87.538984,31.780203],[-87.538952,31.780693],[-87.538946,31.782554],[-87.538905,31.783165],[-87.53886,31.783458],[-87.538803,31.783834],[-87.538447,31.785417],[-87.538345,31.785907],[-87.538112,31.786881],[-87.538008,31.787396],[-87.537977,31.787689],[-87.537969,31.78811],[-87.537984,31.788378],[-87.538038,31.788754],[-87.538773,31.792448],[-87.538887,31.793218],[-87.538919,31.793605],[-87.53898,31.794746],[-87.538982,31.795339],[-87.538959,31.79556],[-87.538881,31.795926],[-87.538835,31.796062],[-87.538808,31.796142],[-87.538718,31.796355],[-87.538608,31.796563],[-87.53853,31.796688],[-87.538483,31.796765],[-87.538339,31.796958],[-87.538235,31.797079],[-87.53818,31.797143],[-87.538004,31.797316],[-87.537814,31.797477],[-87.537613,31.797627],[-87.536138,31.798621],[-87.535657,31.798963],[-87.535203,31.799332],[-87.534781,31.799726],[-87.534387,31.800141],[-87.534019,31.800556],[-87.534481,31.800932],[-87.53432,31.801413],[-87.534374,31.801642],[-87.534723,31.80194],[-87.536011,31.802055],[-87.536198,31.802215],[-87.536493,31.803086],[-87.536574,31.80343],[-87.536627,31.803842],[-87.536976,31.804301],[-87.537298,31.804438],[-87.537888,31.804599],[-87.538076,31.804874],[-87.538156,31.805447],[-87.537888,31.806157],[-87.537888,31.806386],[-87.538424,31.806891],[-87.538424,31.807555],[-87.538263,31.807716],[-87.537887,31.807853],[-87.53778,31.808036],[-87.537806,31.809549],[-87.537967,31.809801],[-87.538076,31.809893],[-87.538076,31.810122],[-87.537753,31.810397],[-87.53778,31.810695],[-87.537995,31.811038],[-87.537995,31.811313],[-87.537753,31.811657],[-87.53719,31.812069],[-87.537109,31.812184],[-87.536975,31.813032],[-87.536867,31.813238],[-87.536867,31.813857],[-87.537001,31.814086],[-87.537001,31.814796],[-87.537108,31.81498],[-87.537108,31.815094],[-87.537564,31.815851],[-87.537779,31.816424],[-87.537832,31.81679],[-87.537886,31.816836],[-87.537886,31.816928],[-87.537966,31.816997],[-87.538101,31.817478],[-87.538315,31.817845],[-87.53912,31.818532],[-87.539442,31.818716],[-87.539549,31.818991],[-87.539898,31.819197],[-87.540113,31.819197],[-87.540435,31.819059],[-87.540918,31.819105],[-87.541589,31.81938],[-87.541938,31.819587],[-87.542797,31.819449],[-87.544219,31.820206],[-87.545292,31.820641],[-87.546419,31.820939],[-87.547278,31.821329],[-87.547922,31.821696],[-87.548405,31.822108],[-87.548861,31.822338],[-87.549532,31.82259],[-87.54964,31.822727],[-87.54964,31.822819],[-87.54972,31.822888],[-87.549801,31.823186],[-87.549613,31.824102],[-87.549639,31.824813],[-87.549935,31.825271],[-87.550847,31.826027],[-87.550847,31.826119],[-87.550954,31.826256],[-87.551008,31.826761],[-87.551115,31.826829],[-87.551142,31.827013],[-87.551196,31.827081],[-87.551196,31.827173],[-87.551518,31.827677],[-87.551529,31.827737],[-87.543258,31.827994],[-87.543049,31.828001],[-87.54226,31.828026],[-87.541761,31.828041],[-87.540101,31.828092],[-87.536097,31.828193],[-87.534581,31.828239],[-87.526544,31.828481],[-87.523839,31.828562],[-87.51867,31.828717],[-87.503984,31.829158],[-87.50262,31.829199],[-87.501174,31.829243],[-87.50093,31.829251],[-87.499994,31.829246],[-87.485482,31.829536],[-87.484116,31.829564],[-87.483504,31.829577],[-87.46954,31.8293],[-87.466773,31.82926],[-87.460051,31.829279],[-87.443075,31.829328],[-87.44267,31.829377],[-87.434376,31.829417],[-87.430288,31.829464],[-87.425655,31.829534],[-87.413389,31.829647],[-87.405658,31.829791],[-87.396692,31.829912],[-87.390456,31.829997],[-87.383775,31.830225],[-87.38234,31.830274],[-87.381245,31.830312],[-87.374993,31.830527],[-87.367729,31.830507],[-87.366488,31.830518],[-87.354828,31.830617],[-87.351982,31.830651],[-87.351883,31.830761],[-87.351671,31.830804],[-87.350589,31.830805],[-87.350154,31.830792],[-87.34994,31.830815],[-87.349514,31.830913],[-87.349288,31.83091],[-87.349071,31.830867],[-87.348854,31.830837],[-87.347113,31.830814],[-87.34651,31.830816],[-87.345167,31.830822],[-87.344646,31.830839],[-87.344417,31.830846],[-87.344213,31.830846],[-87.330559,31.830882],[-87.329277,31.830901],[-87.321839,31.831047],[-87.321164,31.831053],[-87.321055,31.831053],[-87.318636,31.831092],[-87.318331,31.831094],[-87.316715,31.831107],[-87.31381,31.831131],[-87.312516,31.831115],[-87.30519,31.831165],[-87.300706,31.831197],[-87.300662,31.831197],[-87.300464,31.831207],[-87.298835,31.831217],[-87.298297,31.83122],[-87.292208,31.83126],[-87.289402,31.831278],[-87.283568,31.831317],[-87.282104,31.831319],[-87.27336,31.831332],[-87.269819,31.831337],[-87.254329,31.83136],[-87.252235,31.831363],[-87.249987,31.831367],[-87.244551,31.831795],[-87.239599,31.831668],[-87.23556,31.831565],[-87.232903,31.83152],[-87.232786,31.831564],[-87.232732,31.831563],[-87.228283,31.831418],[-87.221451,31.830013],[-87.218403,31.829386],[-87.214084,31.828498],[-87.207653,31.828499],[-87.203334,31.8285],[-87.193408,31.828502],[-87.191807,31.828503],[-87.179153,31.828481],[-87.177543,31.828481],[-87.174576,31.82848],[-87.165869,31.82842],[-87.162832,31.828416],[-87.157732,31.828408],[-87.140138,31.82838],[-87.135378,31.828336],[-87.123655,31.828625],[-87.119296,31.828903],[-87.118458,31.828916],[-87.117099,31.828886],[-87.116951,31.828883],[-87.116703,31.828859],[-87.116593,31.828848],[-87.116567,31.828842],[-87.116378,31.828801],[-87.116341,31.828784],[-87.116242,31.828785],[-87.114144,31.828812],[-87.114024,31.828876],[-87.11388,31.828929],[-87.113735,31.828959],[-87.113674,31.828964],[-87.113589,31.82897],[-87.112646,31.82899],[-87.111769,31.828949],[-87.110893,31.828919],[-87.110158,31.828875],[-87.109725,31.828886],[-87.10929,31.828924],[-87.108636,31.828966],[-87.108195,31.828976],[-87.108057,31.828972],[-87.107534,31.828958],[-87.107093,31.828963],[-87.105134,31.829045],[-87.104696,31.829079],[-87.104258,31.829102],[-87.103825,31.829094],[-87.103171,31.829046],[-87.101609,31.828999],[-87.100718,31.82898],[-87.099847,31.828991],[-87.098988,31.829032],[-87.098887,31.829048],[-87.094753,31.829091],[-87.094054,31.829099],[-87.093217,31.829107],[-87.092107,31.82912],[-87.091187,31.829131],[-87.087452,31.82914],[-87.083642,31.829173],[-87.079889,31.82919],[-87.078913,31.829196],[-87.076806,31.82921],[-87.07212,31.829259],[-87.067707,31.829375],[-87.063523,31.829398],[-87.059352,31.829421],[-87.058038,31.829429],[-87.057805,31.82943],[-87.050052,31.82948],[-87.03968,31.829626],[-87.037577,31.829656],[-87.033665,31.829669],[-87.029299,31.829684],[-87.025723,31.829697],[-87.022407,31.829727],[-87.020235,31.829747],[-87.014205,31.829812],[-87.008023,31.829889],[-86.999923,31.829942],[-86.989497,31.829996],[-86.976519,31.83006],[-86.97485,31.830069],[-86.971128,31.830102],[-86.963469,31.830172],[-86.961241,31.830189],[-86.959248,31.830205],[-86.957828,31.830243],[-86.948607,31.83036],[-86.948224,31.830365],[-86.943352,31.830432],[-86.94169,31.830455],[-86.939485,31.830486],[-86.938125,31.83052],[-86.937022,31.830531],[-86.934159,31.830561],[-86.92616,31.830663],[-86.925698,31.830656],[-86.923766,31.83076],[-86.917618,31.830747],[-86.917172,31.830712],[-86.907137,31.830629],[-86.906899,31.830628],[-86.9069,31.830677],[-86.906938,31.83185],[-86.906957,31.832441],[-86.907134,31.837955],[-86.907251,31.841528],[-86.907352,31.844798],[-86.907352,31.846961],[-86.907306,31.84768],[-86.907301,31.848145],[-86.907264,31.852375],[-86.907196,31.855774],[-86.907164,31.85748],[-86.907101,31.859745],[-86.907162,31.860774],[-86.907352,31.865742],[-86.907503,31.869628],[-86.907517,31.87006],[-86.907632,31.87333],[-86.907538,31.87515],[-86.907731,31.883864],[-86.907844,31.888918],[-86.907869,31.890065],[-86.907966,31.894497],[-86.908033,31.897491],[-86.908082,31.901746],[-86.90818,31.910122],[-86.908333,31.911995],[-86.908681,31.917026],[-86.908625,31.917735],[-86.908624,31.918014],[-86.908597,31.921842],[-86.908468,31.929457],[-86.90846,31.929935],[-86.908512,31.930108],[-86.908539,31.930283],[-86.90851,31.930502],[-86.908429,31.930708],[-86.908399,31.930875],[-86.908448,31.931548],[-86.908441,31.931718],[-86.908784,31.951326],[-86.908937,31.959706],[-86.908939,31.961673],[-86.906321,31.961672],[-86.905883,31.961672],[-86.886679,31.961647],[-86.874981,31.961635],[-86.870076,31.961974],[-86.865149,31.96212],[-86.864358,31.962105],[-86.863361,31.962116],[-86.861908,31.962134],[-86.859896,31.96213],[-86.858077,31.962159],[-86.857583,31.962167],[-86.857225,31.962174],[-86.851751,31.962177],[-86.851173,31.962177],[-86.850624,31.962178],[-86.843136,31.962198],[-86.836365,31.96229],[-86.834509,31.962269],[-86.826497,31.962405],[-86.824682,31.962437],[-86.822769,31.9624],[-86.820734,31.962266],[-86.820199,31.962234],[-86.819344,31.962183],[-86.817172,31.962054],[-86.813528,31.961942],[-86.813167,31.961931],[-86.807277,31.961609],[-86.806854,31.961658],[-86.805723,31.961611],[-86.803233,31.961605],[-86.801219,31.961601],[-86.797373,31.961671],[-86.773992,31.961897],[-86.751411,31.962012],[-86.749979,31.96202],[-86.749979,31.96218],[-86.749508,31.962185],[-86.728184,31.962419],[-86.72245,31.962482],[-86.709086,31.962629],[-86.708559,31.962637],[-86.708333,31.96264],[-86.708274,31.962641],[-86.678513,31.963065],[-86.674131,31.963127],[-86.664585,31.963263],[-86.662271,31.963297],[-86.66117,31.963311],[-86.65757,31.963358],[-86.64507,31.963525],[-86.636487,31.963589],[-86.633931,31.963639],[-86.633727,31.963605],[-86.632002,31.963607],[-86.629894,31.96361],[-86.626216,31.963658],[-86.624977,31.96362],[-86.622702,31.96368],[-86.621406,31.963714],[-86.620098,31.963749],[-86.61991,31.963754],[-86.619898,31.963754],[-86.619806,31.963757],[-86.619132,31.963775],[-86.613611,31.963921],[-86.6136,31.963921],[-86.592906,31.963864],[-86.585632,31.963842],[-86.584958,31.96384],[-86.58478,31.963839],[-86.584759,31.963839],[-86.583753,31.963836],[-86.583727,31.963836],[-86.578634,31.963822],[-86.569462,31.963796],[-86.569226,31.963795],[-86.568644,31.963794],[-86.568624,31.963794],[-86.558106,31.963764],[-86.55567,31.963757],[-86.551003,31.963741],[-86.55099,31.963741],[-86.546513,31.9637],[-86.546499,31.9637],[-86.546061,31.963696],[-86.540742,31.963684],[-86.53919,31.963683],[-86.539171,31.963683],[-86.538477,31.963678],[-86.538458,31.963678],[-86.533135,31.963667],[-86.530793,31.963662],[-86.530304,31.963661],[-86.526863,31.963654],[-86.515624,31.963632],[-86.508105,31.963626],[-86.508074,31.963626],[-86.5044,31.963619],[-86.504382,31.963619],[-86.50099,31.963613],[-86.499963,31.96361],[-86.492214,31.964296],[-86.48656,31.964326],[-86.48282,31.964352],[-86.480714,31.964364],[-86.477576,31.964383],[-86.475397,31.964396],[-86.467107,31.964445],[-86.467082,31.964445],[-86.465861,31.964453],[-86.461799,31.964479],[-86.455746,31.964533],[-86.450912,31.964575],[-86.450878,31.964576],[-86.450867,31.964576],[-86.450848,31.964576],[-86.450549,31.964587],[-86.450534,31.964588],[-86.449814,31.964617],[-86.448198,31.964629],[-86.447348,31.964636],[-86.433129,31.964766],[-86.430829,31.964781],[-86.427094,31.964807],[-86.416621,31.964853],[-86.415396,31.964824],[-86.415043,31.96483],[-86.414229,31.964844],[-86.413607,31.964801],[-86.411035,31.964501],[-86.406443,31.963948],[-86.405005,31.963775],[-86.405092,31.969372],[-86.405114,31.9706],[-86.405114,31.970624],[-86.405115,31.970681],[-86.405116,31.970723],[-86.405123,31.971135],[-86.405129,31.971445],[-86.40513,31.971506],[-86.405317,31.984263],[-86.405345,31.986001],[-86.405348,31.986181],[-86.405351,31.98636],[-86.405359,31.986858],[-86.405412,31.989961],[-86.405534,32.000148],[-86.405549,32.001862],[-86.405646,32.013081],[-86.405641,32.013351],[-86.405633,32.013789],[-86.405623,32.014325],[-86.405691,32.018273],[-86.405729,32.020516],[-86.40578,32.024065],[-86.405935,32.032727],[-86.406022,32.035294],[-86.406047,32.036819],[-86.402362,32.036886],[-86.399029,32.036946],[-86.398802,32.036949],[-86.398309,32.036956],[-86.397484,32.036968],[-86.396357,32.036985],[-86.396363,32.037306],[-86.396368,32.037546],[-86.396371,32.037675],[-86.396452,32.041558],[-86.396505,32.043971],[-86.397138,32.04396],[-86.397656,32.043951],[-86.406162,32.043805],[-86.406276,32.050731],[-86.40628,32.051563],[-86.406295,32.051984],[-86.406295,32.051995],[-86.406567,32.059499],[-86.406787,32.065603],[-86.406733,32.065731],[-86.406669,32.065981],[-86.406605,32.066232],[-86.406537,32.066603],[-86.406515,32.066833],[-86.406498,32.067026],[-86.406494,32.067061],[-86.406489,32.067172],[-86.406483,32.067299],[-86.406486,32.067483],[-86.406496,32.067633],[-86.406498,32.067662],[-86.406499,32.06768],[-86.406502,32.067718],[-86.406504,32.067736],[-86.406527,32.067924],[-86.406553,32.068134],[-86.406568,32.068224],[-86.406711,32.069088],[-86.406717,32.069125],[-86.406733,32.069225],[-86.406748,32.069314],[-86.406765,32.069419],[-86.406786,32.06956],[-86.406749,32.070076],[-86.406566,32.072622],[-86.406538,32.073028],[-86.406523,32.073236],[-86.406518,32.073301],[-86.406553,32.077441],[-86.406553,32.077498],[-86.406553,32.07754],[-86.406554,32.077626],[-86.406568,32.078031],[-86.406598,32.07894],[-86.406633,32.080534],[-86.406617,32.080931],[-86.406616,32.081176],[-86.406614,32.081531],[-86.406612,32.081899],[-86.406627,32.084771],[-86.406643,32.087722],[-86.406648,32.088194],[-86.406648,32.088213],[-86.406648,32.088233],[-86.406648,32.08825],[-86.406648,32.088261],[-86.406669,32.090304],[-86.406677,32.092179],[-86.406676,32.092657],[-86.406676,32.092688],[-86.406676,32.092813],[-86.406675,32.093089],[-86.406676,32.093226],[-86.406678,32.093398],[-86.406685,32.094083],[-86.406686,32.094118],[-86.406686,32.094138],[-86.406687,32.094228],[-86.406687,32.09432],[-86.406687,32.09433],[-86.406686,32.095605],[-86.406696,32.096487],[-86.406696,32.096501],[-86.406699,32.096717],[-86.406692,32.096981],[-86.406692,32.096992],[-86.406692,32.097006],[-86.406691,32.097024],[-86.406687,32.097149],[-86.406685,32.097228],[-86.406681,32.097285],[-86.406651,32.097749],[-86.406606,32.098199],[-86.406598,32.09828],[-86.406576,32.098439],[-86.406556,32.098588],[-86.40655,32.09863],[-86.406527,32.098799],[-86.406485,32.099026],[-86.406464,32.099141],[-86.406935,32.105055],[-86.407027,32.10667],[-86.407085,32.107671],[-86.407098,32.111849],[-86.407105,32.1141],[-86.407113,32.116857],[-86.407121,32.117831],[-86.407121,32.117915],[-86.407134,32.121965],[-86.407132,32.122397],[-86.407129,32.122413],[-86.407269,32.124614],[-86.407412,32.130514],[-86.407377,32.131718],[-86.407386,32.131777],[-86.407482,32.133955],[-86.407492,32.134607],[-86.407492,32.134628],[-86.407493,32.134645],[-86.407493,32.134667],[-86.407544,32.137922],[-86.407561,32.139773],[-86.407562,32.13983],[-86.407563,32.139914],[-86.407563,32.139934],[-86.407563,32.13996],[-86.407574,32.141252],[-86.407594,32.142117],[-86.407622,32.144665],[-86.407622,32.14468],[-86.407656,32.146394],[-86.40771,32.146524],[-86.40771,32.146752],[-86.407817,32.147601],[-86.407835,32.148657],[-86.407844,32.149158],[-86.407861,32.151753],[-86.407885,32.153793],[-86.4079,32.155263],[-86.4079,32.155304],[-86.407901,32.155406],[-86.407902,32.155437],[-86.407902,32.155453],[-86.407905,32.155769],[-86.408008,32.166127],[-86.408008,32.166142],[-86.408071,32.172479],[-86.408075,32.174426],[-86.408075,32.174438],[-86.408075,32.174476],[-86.408076,32.17478],[-86.407997,32.175556],[-86.408026,32.177571],[-86.408058,32.179378],[-86.40806,32.179491],[-86.40806,32.179505],[-86.408062,32.17959],[-86.408202,32.187435],[-86.408204,32.187996],[-86.4082,32.190702],[-86.408052,32.194363],[-86.40808,32.194539],[-86.408083,32.194558],[-86.408113,32.195025],[-86.408149,32.19588],[-86.408175,32.197664],[-86.408189,32.198915],[-86.408196,32.199508],[-86.408196,32.199554],[-86.408198,32.199736],[-86.408199,32.19983],[-86.408199,32.199852],[-86.4082,32.199894],[-86.408204,32.200186],[-86.408212,32.200544],[-86.40822,32.200918],[-86.408221,32.201067],[-86.408225,32.201714],[-86.408235,32.203146],[-86.408235,32.203172],[-86.408226,32.203532],[-86.408223,32.203628],[-86.408204,32.203833],[-86.408181,32.204093],[-86.408124,32.204462],[-86.408122,32.204473],[-86.408035,32.204876],[-86.408031,32.20489],[-86.407984,32.205076],[-86.408272,32.208976],[-86.408274,32.209011],[-86.408288,32.20935],[-86.408291,32.20942],[-86.408309,32.209744],[-86.408313,32.20998],[-86.408314,32.21003],[-86.408352,32.211762],[-86.408391,32.213326],[-86.408458,32.216078],[-86.408566,32.220384],[-86.408569,32.221522],[-86.408567,32.222859],[-86.408567,32.223225],[-86.408567,32.223289],[-86.408575,32.223635],[-86.408575,32.223645],[-86.408575,32.22366],[-86.408576,32.223708],[-86.408576,32.223726],[-86.408579,32.22388],[-86.408587,32.224266],[-86.408587,32.224282],[-86.408609,32.225321],[-86.408663,32.227897],[-86.408757,32.232343],[-86.408757,32.232357],[-86.408805,32.234645],[-86.408839,32.236255],[-86.408893,32.237217],[-86.408865,32.238729],[-86.40873,32.239119],[-86.40873,32.23928],[-86.408745,32.239433],[-86.408838,32.239509],[-86.408816,32.240851],[-86.408771,32.244309],[-86.408822,32.24428],[-86.408984,32.244251],[-86.409032,32.244251],[-86.409186,32.244292],[-86.409235,32.244318],[-86.409267,32.244318],[-86.409291,32.24434],[-86.409437,32.24438],[-86.409462,32.244394],[-86.409498,32.244404],[-86.409615,32.244421],[-86.409809,32.244413],[-86.409911,32.244436],[-86.409947,32.244439],[-86.410093,32.244563],[-86.410134,32.244611],[-86.410175,32.244783],[-86.410192,32.244838],[-86.410208,32.244858],[-86.410289,32.244906],[-86.410557,32.244953],[-86.410589,32.244974],[-86.410824,32.245013],[-86.410923,32.24505],[-86.410944,32.245053],[-86.411168,32.245191],[-86.411294,32.24528],[-86.411329,32.245295],[-86.411383,32.245292],[-86.411456,32.24523],[-86.411496,32.245182],[-86.411543,32.245018],[-86.411595,32.244887],[-86.411639,32.244797],[-86.411735,32.244701],[-86.411783,32.244639],[-86.411856,32.244556],[-86.411896,32.2445],[-86.411912,32.244459],[-86.412056,32.244307],[-86.412201,32.244197],[-86.412387,32.244168],[-86.412468,32.244168],[-86.412569,32.244192],[-86.412597,32.244194],[-86.412678,32.244214],[-86.412731,32.244231],[-86.412767,32.244236],[-86.412954,32.244359],[-86.413149,32.244523],[-86.413247,32.244646],[-86.413279,32.244708],[-86.413304,32.244735],[-86.413337,32.244818],[-86.413361,32.244844],[-86.413419,32.245113],[-86.413428,32.245257],[-86.413413,32.245381],[-86.413389,32.245409],[-86.413365,32.245447],[-86.413172,32.245616],[-86.413107,32.245651],[-86.412938,32.24572],[-86.412858,32.245768],[-86.412773,32.24581],[-86.412648,32.2459],[-86.412616,32.245907],[-86.412592,32.245928],[-86.412535,32.245935],[-86.412503,32.245956],[-86.412438,32.245977],[-86.41239,32.245984],[-86.412326,32.246025],[-86.412237,32.246101],[-86.412165,32.246177],[-86.412157,32.246211],[-86.412133,32.246239],[-86.412086,32.246465],[-86.41207,32.246575],[-86.412046,32.246617],[-86.411975,32.246823],[-86.411951,32.246851],[-86.411911,32.246913],[-86.411879,32.246996],[-86.411855,32.247024],[-86.411823,32.247072],[-86.411739,32.247282],[-86.411704,32.247506],[-86.411689,32.24765],[-86.411605,32.24786],[-86.411594,32.247926],[-86.411594,32.247988],[-86.411627,32.248117],[-86.411652,32.248139],[-86.41166,32.248173],[-86.411729,32.248221],[-86.411773,32.248241],[-86.411879,32.248303],[-86.411944,32.248323],[-86.412,32.248316],[-86.41217,32.248267],[-86.412194,32.248246],[-86.412234,32.248238],[-86.412291,32.248205],[-86.412524,32.248032],[-86.412914,32.2477],[-86.413039,32.24761],[-86.413152,32.247576],[-86.413184,32.247555],[-86.413289,32.247512],[-86.413434,32.247396],[-86.413474,32.247382],[-86.413538,32.247332],[-86.413563,32.247332],[-86.413635,32.247292],[-86.413732,32.247264],[-86.413772,32.247242],[-86.414047,32.247228],[-86.414411,32.247233],[-86.414451,32.247225],[-86.414508,32.247192],[-86.414652,32.247059],[-86.414668,32.247026],[-86.414684,32.246937],[-86.414597,32.246555],[-86.414519,32.24636],[-86.414501,32.246147],[-86.414517,32.246077],[-86.414541,32.246015],[-86.414613,32.245939],[-86.414686,32.245919],[-86.41488,32.245925],[-86.415009,32.245952],[-86.415066,32.245986],[-86.415123,32.246],[-86.415228,32.246074],[-86.41548,32.246287],[-86.415545,32.246321],[-86.415573,32.246342],[-86.415626,32.246369],[-86.41578,32.246389],[-86.415917,32.246416],[-86.416023,32.246498],[-86.416267,32.246702],[-86.416332,32.246737],[-86.416461,32.246778],[-86.416639,32.246755],[-86.416659,32.246743],[-86.416792,32.246679],[-86.416877,32.246625],[-86.416921,32.246603],[-86.416953,32.246583],[-86.416994,32.246569],[-86.417042,32.246535],[-86.417139,32.246507],[-86.41728,32.246488],[-86.417429,32.246443],[-86.417502,32.246429],[-86.417607,32.246367],[-86.417711,32.246277],[-86.417744,32.246236],[-86.417767,32.246181],[-86.417799,32.246147],[-86.417847,32.246001],[-86.417879,32.245967],[-86.417991,32.245692],[-86.41807,32.245478],[-86.418102,32.245444],[-86.41819,32.24521],[-86.418222,32.245113],[-86.418225,32.245089],[-86.418325,32.244824],[-86.418341,32.244762],[-86.418445,32.244662],[-86.418534,32.244596],[-86.418574,32.244616],[-86.418615,32.24461],[-86.418655,32.24461],[-86.41872,32.244622],[-86.418874,32.244753],[-86.418907,32.244787],[-86.418932,32.244918],[-86.418963,32.245341],[-86.419106,32.246358],[-86.419161,32.24665],[-86.419252,32.246944],[-86.419292,32.247],[-86.419333,32.247041],[-86.419414,32.247095],[-86.419495,32.247143],[-86.419613,32.247197],[-86.419633,32.247211],[-86.419769,32.24725],[-86.419884,32.24727],[-86.419909,32.247286],[-86.419957,32.247286],[-86.420322,32.247401],[-86.420435,32.247449],[-86.420459,32.247449],[-86.420484,32.247469],[-86.420557,32.247481],[-86.420638,32.247537],[-86.420727,32.247585],[-86.420751,32.247585],[-86.420816,32.247625],[-86.420857,32.247633],[-86.421088,32.247776],[-86.421218,32.247864],[-86.421628,32.248179],[-86.421709,32.24822],[-86.421766,32.248233],[-86.421831,32.248268],[-86.421883,32.248278],[-86.422009,32.24826],[-86.422049,32.248232],[-86.42213,32.248212],[-86.422186,32.248177],[-86.422234,32.24817],[-86.422283,32.248134],[-86.42242,32.2481],[-86.422501,32.248086],[-86.422711,32.248092],[-86.422776,32.248126],[-86.422808,32.248126],[-86.422991,32.248249],[-86.423214,32.248434],[-86.423345,32.24859],[-86.423369,32.248694],[-86.42342,32.249065],[-86.423413,32.249251],[-86.42344,32.249622],[-86.423464,32.249643],[-86.423424,32.249691],[-86.423416,32.249726],[-86.423429,32.249985],[-86.423438,32.250149],[-86.423497,32.250577],[-86.423482,32.250892],[-86.423426,32.25103],[-86.423386,32.25108],[-86.423369,32.25112],[-86.423313,32.251188],[-86.423289,32.251238],[-86.423176,32.25134],[-86.42299,32.2515],[-86.422893,32.251556],[-86.42261,32.251587],[-86.422573,32.251601],[-86.422537,32.251604],[-86.422424,32.251624],[-86.42237,32.251641],[-86.422181,32.251672],[-86.421857,32.251764],[-86.421784,32.251804],[-86.421704,32.251826],[-86.421671,32.251846],[-86.421627,32.251866],[-86.421485,32.251978],[-86.421469,32.252018],[-86.421466,32.252043],[-86.42147,32.252218],[-86.421535,32.252418],[-86.421625,32.252651],[-86.421658,32.252693],[-86.421682,32.252747],[-86.421706,32.252775],[-86.421731,32.252823],[-86.421747,32.252878],[-86.421772,32.252899],[-86.421794,32.252952],[-86.42182,32.252988],[-86.42182,32.253016],[-86.421861,32.253064],[-86.421886,32.253112],[-86.421894,32.25314],[-86.421918,32.253166],[-86.421935,32.253222],[-86.421959,32.253242],[-86.421976,32.253298],[-86.422,32.253318],[-86.422017,32.253366],[-86.422057,32.253421],[-86.422065,32.253455],[-86.422089,32.253482],[-86.422188,32.253653],[-86.422188,32.253675],[-86.422236,32.253717],[-86.422472,32.253895],[-86.422537,32.253908],[-86.422569,32.253929],[-86.42265,32.25397],[-86.422707,32.253984],[-86.42274,32.254004],[-86.42282,32.254018],[-86.422941,32.254025],[-86.422979,32.254013],[-86.42312,32.25399],[-86.423306,32.253935],[-86.423354,32.2539],[-86.423394,32.253892],[-86.423491,32.253824],[-86.423556,32.25379],[-86.423617,32.253773],[-86.42369,32.253759],[-86.423994,32.25374],[-86.424115,32.253768],[-86.424156,32.25378],[-86.424335,32.253933],[-86.424407,32.254022],[-86.424513,32.254213],[-86.424595,32.254309],[-86.424684,32.254434],[-86.424709,32.254489],[-86.424734,32.254509],[-86.424864,32.254585],[-86.424955,32.254604],[-86.425098,32.254626],[-86.425139,32.254626],[-86.42535,32.254604],[-86.425438,32.254576],[-86.425463,32.254562],[-86.425527,32.254543],[-86.42557,32.25452],[-86.425591,32.254517],[-86.425651,32.254486],[-86.425672,32.254482],[-86.425827,32.254396],[-86.425907,32.254376],[-86.425939,32.254356],[-86.426021,32.254342],[-86.42608,32.254306],[-86.426101,32.254303],[-86.426312,32.254168],[-86.426401,32.25412],[-86.426497,32.254101],[-86.426713,32.254089],[-86.426765,32.2541],[-86.426936,32.254244],[-86.426984,32.254306],[-86.427058,32.254545],[-86.427034,32.254815],[-86.427011,32.254877],[-86.42697,32.254918],[-86.426955,32.254953],[-86.42693,32.25498],[-86.426841,32.255114],[-86.426647,32.255283],[-86.426567,32.255339],[-86.426389,32.255428],[-86.426349,32.255435],[-86.426291,32.25547],[-86.426235,32.255482],[-86.426122,32.255532],[-86.426033,32.255553],[-86.425835,32.255611],[-86.42558,32.255643],[-86.42549,32.255715],[-86.425474,32.255732],[-86.42545,32.255836],[-86.425451,32.255884],[-86.425467,32.255994],[-86.425508,32.256037],[-86.425614,32.256131],[-86.425747,32.256227],[-86.425922,32.256344],[-86.426494,32.256687],[-86.426604,32.256776],[-86.426668,32.25679],[-86.42684,32.256906],[-86.42705,32.257022],[-86.427205,32.257122],[-86.427262,32.257153],[-86.427309,32.25716],[-86.427367,32.257187],[-86.427399,32.257195],[-86.427456,32.257222],[-86.427715,32.257297],[-86.427755,32.257317],[-86.427999,32.257344],[-86.428104,32.257344],[-86.428395,32.25733],[-86.428433,32.257319],[-86.428622,32.257288],[-86.428684,32.257271],[-86.428752,32.25726],[-86.42889,32.257226],[-86.429076,32.257171],[-86.429124,32.257136],[-86.429379,32.256998],[-86.429916,32.256556],[-86.430033,32.256453],[-86.43015,32.256369],[-86.430222,32.256329],[-86.430531,32.256273],[-86.430734,32.256265],[-86.430823,32.256286],[-86.430912,32.2563],[-86.431106,32.256368],[-86.431285,32.256512],[-86.431309,32.256546],[-86.431334,32.25667],[-86.431416,32.256985],[-86.431518,32.25725],[-86.431535,32.257492],[-86.431515,32.257633],[-86.431491,32.257688],[-86.431451,32.25774],[-86.431265,32.257902],[-86.431127,32.258001],[-86.431075,32.258026],[-86.43099,32.25808],[-86.430933,32.258102],[-86.430812,32.258164],[-86.430756,32.258178],[-86.430715,32.258201],[-86.430508,32.258302],[-86.430416,32.258378],[-86.4304,32.258398],[-86.4304,32.258474],[-86.430433,32.258612],[-86.430465,32.258646],[-86.430571,32.258735],[-86.430701,32.258823],[-86.431009,32.259002],[-86.431204,32.259168],[-86.431306,32.259271],[-86.43133,32.259307],[-86.431448,32.259414],[-86.431562,32.25949],[-86.431651,32.259511],[-86.431691,32.259511],[-86.431789,32.259497],[-86.431837,32.259469],[-86.431966,32.259448],[-86.432023,32.259427],[-86.432056,32.259407],[-86.43208,32.259407],[-86.432104,32.259386],[-86.432258,32.259379],[-86.432403,32.259392],[-86.432619,32.259529],[-86.432793,32.259645],[-86.432907,32.2597],[-86.432972,32.259721],[-86.433069,32.259742],[-86.43311,32.259769],[-86.433166,32.259774],[-86.433223,32.25981],[-86.43328,32.259824],[-86.433304,32.259845],[-86.433369,32.259861],[-86.433509,32.259911],[-86.433717,32.25994],[-86.433766,32.259926],[-86.433871,32.259842],[-86.433904,32.259808],[-86.433919,32.259636],[-86.433895,32.259582],[-86.433854,32.25954],[-86.433724,32.259379],[-86.43357,32.259225],[-86.433545,32.259194],[-86.433513,32.259163],[-86.433505,32.259135],[-86.433472,32.259093],[-86.433439,32.258969],[-86.433455,32.258784],[-86.433523,32.258616],[-86.43357,32.258282],[-86.433591,32.258241],[-86.433655,32.258179],[-86.433752,32.25811],[-86.433858,32.258048],[-86.434028,32.258013],[-86.434457,32.258006],[-86.43453,32.258032],[-86.434724,32.258052],[-86.434992,32.258135],[-86.435089,32.258183],[-86.435178,32.25821],[-86.43538,32.258319],[-86.435495,32.258387],[-86.435779,32.258581],[-86.43603,32.258792],[-86.436469,32.259183],[-86.436916,32.259605],[-86.437176,32.25986],[-86.437379,32.26007],[-86.437485,32.260185],[-86.437493,32.260211],[-86.43759,32.260309],[-86.437663,32.260371],[-86.437802,32.260465],[-86.437855,32.260488],[-86.437875,32.260502],[-86.438,32.260512],[-86.438053,32.260509],[-86.438118,32.260488],[-86.438198,32.260433],[-86.438255,32.260419],[-86.438635,32.260153],[-86.43874,32.260094],[-86.438797,32.260087],[-86.438886,32.260088],[-86.439024,32.260204],[-86.439056,32.260238],[-86.439097,32.260404],[-86.43909,32.260624],[-86.439106,32.260699],[-86.439196,32.260919],[-86.43922,32.260953],[-86.439854,32.261488],[-86.439887,32.261494],[-86.44026,32.261789],[-86.4403,32.261811],[-86.440341,32.261823],[-86.440373,32.261845],[-86.440463,32.261865],[-86.440486,32.261885],[-86.440665,32.261899],[-86.440916,32.261899],[-86.441054,32.261912],[-86.441233,32.262022],[-86.441273,32.262036],[-86.441403,32.262022],[-86.441491,32.261994],[-86.441516,32.261972],[-86.441605,32.261953],[-86.441653,32.261918],[-86.441738,32.261877],[-86.441759,32.261863],[-86.441961,32.261814],[-86.442066,32.26178],[-86.442155,32.261758],[-86.442292,32.261718],[-86.442721,32.261386],[-86.442843,32.26131],[-86.442939,32.261288],[-86.443295,32.261234],[-86.443401,32.261234],[-86.443668,32.261254],[-86.443701,32.261266],[-86.443741,32.261274],[-86.44387,32.261315],[-86.444099,32.261499],[-86.444171,32.26159],[-86.44418,32.261609],[-86.444237,32.261678],[-86.444245,32.261702],[-86.444269,32.261726],[-86.444277,32.261767],[-86.444331,32.261922],[-86.444441,32.262407],[-86.444465,32.262476],[-86.444482,32.26251],[-86.444555,32.262558],[-86.444595,32.262565],[-86.44466,32.262552],[-86.444709,32.262517],[-86.444757,32.262489],[-86.444862,32.262482],[-86.444887,32.262489],[-86.444976,32.262537],[-86.445065,32.262551],[-86.445114,32.262537],[-86.445195,32.262475],[-86.445227,32.262439],[-86.445211,32.262295],[-86.445202,32.262151],[-86.445226,32.262048],[-86.445258,32.26202],[-86.445299,32.261992],[-86.445355,32.261985],[-86.445461,32.262006],[-86.445607,32.26213],[-86.445672,32.262205],[-86.445761,32.262279],[-86.445826,32.262321],[-86.445956,32.262431],[-86.445972,32.262452],[-86.445973,32.262507],[-86.445956,32.262631],[-86.445944,32.262656],[-86.445932,32.262721],[-86.445843,32.262833],[-86.445691,32.262983],[-86.44527,32.263354],[-86.445247,32.263388],[-86.445238,32.263437],[-86.445239,32.263485],[-86.445262,32.263561],[-86.44532,32.263609],[-86.445417,32.263671],[-86.445498,32.263695],[-86.445567,32.263722],[-86.445867,32.263742],[-86.446191,32.26372],[-86.446296,32.263706],[-86.446636,32.263651],[-86.447542,32.263512],[-86.448179,32.263424],[-86.448503,32.263437],[-86.448583,32.263457],[-86.448632,32.263485],[-86.448705,32.263545],[-86.448746,32.263595],[-86.448811,32.263807],[-86.448861,32.264049],[-86.448893,32.264083],[-86.448885,32.264104],[-86.448893,32.264165],[-86.448865,32.264392],[-86.448846,32.264434],[-86.448627,32.26462],[-86.448587,32.264626],[-86.448502,32.264688],[-86.448401,32.264772],[-86.448369,32.264868],[-86.448353,32.264985],[-86.448354,32.265081],[-86.448375,32.265271],[-86.448412,32.265473],[-86.448397,32.265831],[-86.448429,32.26594],[-86.448446,32.265976],[-86.448583,32.266084],[-86.448673,32.266133],[-86.448713,32.26614],[-86.448802,32.266202],[-86.448851,32.266216],[-86.448933,32.26626],[-86.449057,32.266317],[-86.449339,32.266551],[-86.449436,32.266661],[-86.449444,32.266685],[-86.449468,32.266709],[-86.449476,32.266751],[-86.449489,32.266781],[-86.449505,32.266939],[-86.449469,32.2671],[-86.44926,32.26728],[-86.449179,32.267336],[-86.449053,32.267398],[-86.448847,32.267563],[-86.448597,32.267789],[-86.448459,32.26795],[-86.448436,32.267986],[-86.44842,32.268003],[-86.448403,32.268073],[-86.448375,32.268138],[-86.448372,32.268245],[-86.448396,32.268397],[-86.448486,32.268616],[-86.448527,32.268664],[-86.448527,32.268684],[-86.448795,32.268891],[-86.448885,32.268939],[-86.448916,32.268946],[-86.448949,32.268967],[-86.448981,32.268973],[-86.449014,32.268994],[-86.449078,32.269014],[-86.44912,32.269041],[-86.449209,32.269064],[-86.449346,32.269109],[-86.449387,32.269129],[-86.449516,32.269143],[-86.449557,32.269171],[-86.449582,32.269171],[-86.449683,32.269195],[-86.449921,32.269219],[-86.450327,32.269239],[-86.451469,32.269263],[-86.451582,32.26936],[-86.451566,32.269497],[-86.451527,32.269559],[-86.451518,32.269587],[-86.451422,32.269717],[-86.451382,32.269834],[-86.451399,32.270041],[-86.451439,32.270089],[-86.45148,32.270164],[-86.451561,32.270263],[-86.451796,32.270466],[-86.452113,32.270705],[-86.452356,32.270912],[-86.452414,32.270918],[-86.452746,32.271152],[-86.45288,32.271234],[-86.452982,32.271303],[-86.45303,32.27133],[-86.453055,32.27133],[-86.453176,32.271419],[-86.453375,32.271529],[-86.453574,32.271693],[-86.453614,32.271745],[-86.453639,32.271769],[-86.453672,32.271893],[-86.453696,32.271926],[-86.453712,32.271968],[-86.453737,32.271996],[-86.453737,32.272016],[-86.453761,32.272036],[-86.453907,32.272139],[-86.453984,32.272157],[-86.454098,32.272163],[-86.45423,32.272148],[-86.454295,32.272132],[-86.454353,32.272098],[-86.45445,32.272077],[-86.454523,32.272083],[-86.454629,32.272171],[-86.454669,32.272219],[-86.454701,32.272303],[-86.454726,32.272393],[-86.454788,32.272564],[-86.454848,32.272702],[-86.454931,32.272832],[-86.454955,32.272858],[-86.45497,32.272914],[-86.455027,32.272996],[-86.455036,32.273031],[-86.455158,32.273182],[-86.455166,32.273203],[-86.455369,32.273353],[-86.455671,32.273476],[-86.456462,32.273384],[-86.457063,32.273528],[-86.457778,32.273487],[-86.458036,32.273663],[-86.458249,32.273964],[-86.458377,32.274056],[-86.458512,32.274092],[-86.458974,32.274056],[-86.459128,32.273944],[-86.459199,32.273593],[-86.459294,32.273435],[-86.459563,32.273211],[-86.459826,32.273097],[-86.46021,32.272771],[-86.460493,32.2727],[-86.460746,32.272692],[-86.462478,32.27292],[-86.462635,32.272969],[-86.462955,32.273244],[-86.463239,32.27328],[-86.463919,32.27312],[-86.4649,32.272103],[-86.465028,32.272011],[-86.465192,32.271974],[-86.465747,32.272227],[-86.46646,32.272823],[-86.466707,32.272841],[-86.466846,32.272762],[-86.466866,32.272696],[-86.466703,32.271673],[-86.466812,32.271355],[-86.467225,32.271182],[-86.467413,32.271154],[-86.467972,32.27107],[-86.46834,32.271134],[-86.468544,32.27131],[-86.468883,32.272109],[-86.469145,32.27247],[-86.469358,32.272584],[-86.469945,32.272565],[-86.470098,32.272447],[-86.470251,32.271893],[-86.470484,32.270423],[-86.470596,32.27001],[-86.470717,32.269865],[-86.47086,32.269789],[-86.471233,32.269727],[-86.471758,32.269706],[-86.471987,32.269788],[-86.472055,32.269852],[-86.472542,32.270314],[-86.472728,32.270592],[-86.472908,32.271065],[-86.472915,32.271349],[-86.472594,32.272191],[-86.471981,32.272813],[-86.47196,32.273096],[-86.472083,32.273435],[-86.472377,32.273631],[-86.472654,32.273716],[-86.473151,32.273788],[-86.473271,32.273756],[-86.473388,32.273656],[-86.473897,32.273097],[-86.47422,32.272402],[-86.474389,32.27178],[-86.474642,32.271414],[-86.474739,32.271347],[-86.475116,32.271346],[-86.475602,32.271459],[-86.475841,32.271557],[-86.476557,32.272166],[-86.476976,32.2727],[-86.477166,32.272837],[-86.477288,32.272818],[-86.477545,32.272581],[-86.478206,32.271796],[-86.478646,32.271272],[-86.478949,32.271085],[-86.479327,32.271064],[-86.479874,32.271107],[-86.480141,32.27121],[-86.480432,32.271251],[-86.48052,32.27131],[-86.48063,32.271458],[-86.480635,32.271672],[-86.480579,32.271842],[-86.48046,32.271945],[-86.480207,32.271968],[-86.479982,32.272126],[-86.479822,32.272171],[-86.479454,32.272461],[-86.479114,32.272596],[-86.478996,32.272697],[-86.478767,32.273074],[-86.47847,32.273662],[-86.478225,32.274372],[-86.478176,32.274797],[-86.478215,32.275325],[-86.478375,32.275436],[-86.478861,32.27554],[-86.480293,32.275543],[-86.480869,32.275651],[-86.481234,32.27583],[-86.481716,32.276275],[-86.481901,32.276513],[-86.482153,32.276632],[-86.482599,32.276528],[-86.483105,32.276269],[-86.48363,32.275771],[-86.483815,32.275627],[-86.483969,32.275571],[-86.484176,32.275543],[-86.484466,32.275582],[-86.484922,32.275995],[-86.484936,32.276235],[-86.48484,32.276394],[-86.484123,32.276995],[-86.483723,32.277254],[-86.482149,32.279206],[-86.481519,32.279618],[-86.480812,32.279927],[-86.480494,32.280209],[-86.480448,32.280344],[-86.480497,32.280583],[-86.480755,32.280813],[-86.482412,32.281182],[-86.483095,32.281532],[-86.483419,32.281757],[-86.48375,32.281762],[-86.484332,32.281638],[-86.484872,32.28157],[-86.485065,32.281626],[-86.485128,32.281716],[-86.485207,32.282384],[-86.485107,32.282615],[-86.485067,32.282964],[-86.484598,32.283316],[-86.484305,32.283609],[-86.484244,32.283741],[-86.484248,32.283884],[-86.484353,32.284151],[-86.484536,32.284333],[-86.484599,32.284395],[-86.484678,32.284473],[-86.484701,32.284492],[-86.485092,32.284785],[-86.485599,32.285043],[-86.485801,32.285097],[-86.486222,32.285095],[-86.486673,32.285176],[-86.487001,32.285338],[-86.487275,32.285556],[-86.487407,32.285696],[-86.48747,32.28615],[-86.487716,32.286624],[-86.48786,32.286956],[-86.488112,32.287145],[-86.488436,32.287224],[-86.489154,32.287231],[-86.489326,32.287329],[-86.489396,32.287458],[-86.489462,32.287844],[-86.489448,32.288092],[-86.489376,32.288258],[-86.488978,32.288573],[-86.488723,32.2887],[-86.488043,32.288891],[-86.486863,32.288972],[-86.485863,32.28895],[-86.485374,32.289033],[-86.485173,32.289158],[-86.485008,32.289364],[-86.484883,32.289702],[-86.484829,32.290048],[-86.484872,32.29054],[-86.485033,32.290945],[-86.485269,32.291317],[-86.485498,32.291573],[-86.485753,32.291756],[-86.486164,32.291939],[-86.48637,32.291978],[-86.48696,32.291973],[-86.487934,32.291739],[-86.488229,32.291702],[-86.488565,32.291722],[-86.48881,32.291915],[-86.489165,32.292388],[-86.489365,32.292616],[-86.48965,32.293353],[-86.489673,32.293771],[-86.48953,32.294863],[-86.4891,32.295432],[-86.488814,32.296061],[-86.488495,32.296433],[-86.488308,32.296576],[-86.488079,32.296669],[-86.487466,32.296809],[-86.48712,32.29694],[-86.486943,32.297133],[-86.486949,32.29731],[-86.487095,32.297565],[-86.487267,32.297767],[-86.487781,32.2982],[-86.488059,32.29842],[-86.488226,32.298623],[-86.488236,32.298907],[-86.488116,32.299118],[-86.48788,32.299266],[-86.487645,32.299348],[-86.487351,32.299366],[-86.485922,32.299038],[-86.484349,32.298772],[-86.484028,32.298841],[-86.483961,32.298926],[-86.483969,32.299066],[-86.484283,32.29961],[-86.484515,32.299908],[-86.484865,32.30022],[-86.485869,32.300907],[-86.486295,32.301136],[-86.486647,32.301256],[-86.487699,32.301358],[-86.488247,32.301326],[-86.488815,32.301184],[-86.489151,32.301065],[-86.489515,32.300935],[-86.490218,32.300814],[-86.490636,32.300863],[-86.490894,32.30104],[-86.490978,32.301202],[-86.491055,32.301622],[-86.490938,32.302456],[-86.490596,32.303368],[-86.489937,32.304149],[-86.489893,32.304361],[-86.489774,32.304931],[-86.48966,32.305252],[-86.489389,32.305473],[-86.488968,32.305472],[-86.488006,32.305341],[-86.487667,32.305337],[-86.486139,32.305723],[-86.485049,32.305813],[-86.484783,32.305984],[-86.484688,32.306289],[-86.484714,32.306609],[-86.484809,32.306955],[-86.485019,32.307451],[-86.485484,32.308128],[-86.485561,32.308329],[-86.485543,32.308613],[-86.485188,32.309823],[-86.48497,32.310619],[-86.484949,32.311183],[-86.485636,32.311943],[-86.485628,32.312153],[-86.485343,32.312415],[-86.485028,32.312513],[-86.483968,32.312469],[-86.483417,32.312516],[-86.482982,32.312658],[-86.482887,32.312728],[-86.482722,32.312888],[-86.482662,32.31313],[-86.482741,32.313905],[-86.482912,32.314345],[-86.483064,32.314557],[-86.483626,32.31499],[-86.483999,32.315156],[-86.48465,32.31532],[-86.485487,32.315385],[-86.486275,32.315503],[-86.486641,32.315589],[-86.487156,32.315838],[-86.487695,32.316262],[-86.488039,32.31667],[-86.488222,32.317065],[-86.488347,32.317732],[-86.488277,32.318404],[-86.488093,32.3188],[-86.487795,32.319184],[-86.487356,32.319513],[-86.487123,32.319598],[-86.486958,32.319605],[-86.486522,32.319473],[-86.486277,32.319333],[-86.486009,32.319104],[-86.484901,32.317704],[-86.484535,32.317312],[-86.483619,32.316467],[-86.483151,32.31611],[-86.482228,32.31554],[-86.481617,32.315295],[-86.480926,32.315123],[-86.480551,32.31508],[-86.480175,32.315105],[-86.479434,32.315516],[-86.4792,32.315767],[-86.479105,32.315965],[-86.479047,32.31628],[-86.478988,32.317853],[-86.478888,32.318413],[-86.478732,32.318891],[-86.478278,32.319809],[-86.478155,32.320224],[-86.47819,32.320686],[-86.478525,32.321457],[-86.478779,32.321869],[-86.479157,32.322345],[-86.47971,32.322787],[-86.480346,32.323075],[-86.48158,32.323341],[-86.481746,32.323452],[-86.481871,32.323594],[-86.481874,32.323737],[-86.481652,32.324046],[-86.481332,32.324249],[-86.480796,32.324461],[-86.480001,32.324574],[-86.479535,32.324551],[-86.47913,32.324441],[-86.477767,32.32365],[-86.47721,32.323391],[-86.475808,32.322791],[-86.475312,32.322696],[-86.475063,32.32274],[-86.474612,32.322941],[-86.474313,32.323141],[-86.473813,32.32358],[-86.473586,32.323838],[-86.473415,32.324126],[-86.473401,32.324447],[-86.473563,32.324962],[-86.47392,32.325415],[-86.474416,32.325837],[-86.474473,32.325885],[-86.475889,32.327092],[-86.476635,32.327914],[-86.476912,32.328136],[-86.477104,32.32821],[-86.477274,32.328207],[-86.477701,32.327979],[-86.478037,32.327955],[-86.478309,32.328046],[-86.478539,32.328297],[-86.478483,32.328575],[-86.478205,32.328933],[-86.477701,32.329369],[-86.477304,32.329639],[-86.476338,32.33016],[-86.475915,32.330328],[-86.47509,32.330494],[-86.474838,32.330464],[-86.474521,32.330692],[-86.474394,32.330877],[-86.474404,32.331307],[-86.474479,32.331547],[-86.474654,32.331747],[-86.475008,32.332003],[-86.475881,32.332274],[-86.476553,32.332299],[-86.47722,32.332208],[-86.477754,32.331918],[-86.478713,32.331165],[-86.47921,32.33109],[-86.479521,32.331196],[-86.480148,32.331674],[-86.480592,32.331952],[-86.481333,32.332302],[-86.481582,32.332309],[-86.482229,32.33197],[-86.482641,32.331663],[-86.484002,32.330202],[-86.484596,32.32969],[-86.4851,32.329425],[-86.485671,32.329285],[-86.486215,32.329357],[-86.486366,32.329498],[-86.486297,32.330036],[-86.486257,32.330348],[-86.485929,32.330973],[-86.485892,32.331044],[-86.485366,32.332046],[-86.484922,32.33243],[-86.484298,32.332656],[-86.48401,32.332918],[-86.483921,32.33312],[-86.48402,32.333501],[-86.484522,32.334365],[-86.48458,32.334465],[-86.484677,32.334775],[-86.484703,32.335132],[-86.484637,32.33552],[-86.484413,32.335984],[-86.484223,32.336221],[-86.483754,32.336585],[-86.483462,32.336731],[-86.482868,32.336927],[-86.481172,32.337072],[-86.480804,32.33699],[-86.480581,32.337027],[-86.479507,32.337238],[-86.478453,32.337702],[-86.478165,32.338226],[-86.478062,32.338755],[-86.478098,32.339002],[-86.478207,32.339246],[-86.478213,32.339261],[-86.478273,32.339399],[-86.478333,32.339536],[-86.478341,32.339545],[-86.47863,32.339838],[-86.478904,32.339927],[-86.479398,32.33982],[-86.47999,32.339782],[-86.480194,32.33973],[-86.480405,32.339613],[-86.480955,32.339666],[-86.481873,32.339951],[-86.48236,32.340201],[-86.482665,32.34031],[-86.483158,32.340201],[-86.484159,32.339806],[-86.484596,32.33953],[-86.484941,32.339388],[-86.486085,32.339118],[-86.487148,32.338749],[-86.487767,32.338592],[-86.48801,32.338658],[-86.488641,32.338728],[-86.489062,32.339025],[-86.489103,32.339126],[-86.489047,32.339661],[-86.488895,32.340069],[-86.488531,32.340636],[-86.488327,32.340819],[-86.488081,32.340958],[-86.487668,32.341047],[-86.486389,32.341074],[-86.486021,32.341153],[-86.485768,32.341385],[-86.485778,32.341777],[-86.48586,32.341901],[-86.486219,32.342152],[-86.486759,32.342363],[-86.487668,32.34255],[-86.488219,32.342577],[-86.488468,32.342528],[-86.488934,32.342352],[-86.490206,32.341569],[-86.490472,32.34149],[-86.490635,32.341284],[-86.491225,32.340823],[-86.491795,32.340068],[-86.491944,32.339528],[-86.491948,32.339509],[-86.492004,32.338617],[-86.491924,32.338377],[-86.491753,32.338143],[-86.491939,32.337742],[-86.492116,32.337497],[-86.492385,32.337268],[-86.492617,32.337179],[-86.493208,32.33715],[-86.49345,32.337218],[-86.493732,32.337381],[-86.494112,32.337669],[-86.494418,32.337967],[-86.494771,32.338457],[-86.494894,32.338873],[-86.494879,32.339481],[-86.494727,32.340003],[-86.49445,32.340311],[-86.494545,32.34095],[-86.494664,32.341095],[-86.494844,32.341191],[-86.495127,32.341262],[-86.495718,32.341206],[-86.496141,32.341037],[-86.496696,32.340705],[-86.497413,32.340045],[-86.497521,32.339891],[-86.497548,32.339805],[-86.497598,32.33965],[-86.497548,32.339221],[-86.49792,32.339174],[-86.498118,32.3392],[-86.498299,32.339224],[-86.49851,32.339442],[-86.498531,32.339747],[-86.498504,32.339813],[-86.497801,32.341499],[-86.497151,32.342705],[-86.496905,32.343277],[-86.496909,32.343438],[-86.496905,32.343463],[-86.496902,32.34348],[-86.496849,32.343846],[-86.496795,32.344152],[-86.496774,32.344437],[-86.49697,32.344408],[-86.497166,32.344377],[-86.497411,32.344338],[-86.497777,32.344268],[-86.498143,32.344201],[-86.498509,32.344132],[-86.498875,32.344063],[-86.499242,32.343987],[-86.499608,32.343919],[-86.499974,32.343958],[-86.50037,32.343902],[-86.500766,32.343846],[-86.501855,32.343694],[-86.502944,32.343541],[-86.505718,32.343038],[-86.508492,32.342537],[-86.50913,32.342422],[-86.509769,32.342306],[-86.511142,32.342056],[-86.513113,32.341676],[-86.516445,32.341032],[-86.519777,32.340387],[-86.520054,32.340333],[-86.532499,32.338779],[-86.532531,32.338775],[-86.532554,32.338787],[-86.534111,32.339613],[-86.535668,32.34044],[-86.536392,32.340823],[-86.537115,32.341209],[-86.537215,32.341262],[-86.537388,32.341596],[-86.539251,32.3452],[-86.539671,32.34754],[-86.540578,32.352596],[-86.541484,32.35765],[-86.541804,32.359434],[-86.542125,32.361221],[-86.542142,32.361317],[-86.54216,32.361417],[-86.542241,32.361869],[-86.542322,32.362321],[-86.542418,32.362858],[-86.542515,32.363394],[-86.542537,32.363517],[-86.543139,32.364652],[-86.543404,32.365152],[-86.543669,32.365651],[-86.544042,32.366356],[-86.544418,32.366637],[-86.544454,32.366664],[-86.54544,32.367402],[-86.546426,32.368139],[-86.546439,32.368149],[-86.547899,32.369242],[-86.549909,32.369203],[-86.550224,32.369197],[-86.550539,32.369193],[-86.558946,32.369033],[-86.561591,32.370359],[-86.563526,32.371391],[-86.565243,32.372273],[-86.565918,32.372621],[-86.566583,32.372963],[-86.566593,32.372968],[-86.568572,32.373987],[-86.570551,32.375006],[-86.5714,32.375137],[-86.572586,32.375541],[-86.573809,32.375822],[-86.575392,32.37608],[-86.576637,32.376067],[-86.576966,32.376063],[-86.579213,32.37586],[-86.580921,32.375464],[-86.581347,32.37527],[-86.58164,32.375138],[-86.581725,32.375095],[-86.581735,32.37509],[-86.581753,32.375081],[-86.581794,32.375059],[-86.581804,32.375054],[-86.581873,32.375019],[-86.588261,32.367749],[-86.588342,32.367658],[-86.588427,32.367446],[-86.590571,32.362125],[-86.592865,32.361668],[-86.593907,32.361576],[-86.594594,32.361464],[-86.595335,32.361345],[-86.605097,32.367811],[-86.60548,32.368065],[-86.605863,32.368319],[-86.610104,32.371128],[-86.614345,32.373938],[-86.614841,32.374266],[-86.615144,32.374989],[-86.615206,32.375137],[-86.61622,32.377356],[-86.616391,32.378444],[-86.616594,32.379744],[-86.616619,32.379904],[-86.616458,32.380716],[-86.616326,32.38138],[-86.616146,32.382269],[-86.616071,32.382638],[-86.615607,32.383848],[-86.61502,32.385333],[-86.614585,32.386712],[-86.61457,32.386758],[-86.614332,32.3875],[-86.614094,32.38824],[-86.61409,32.388254],[-86.614074,32.388302],[-86.613847,32.389673],[-86.61361,32.391173],[-86.613441,32.392166],[-86.613393,32.392448],[-86.613176,32.393948],[-86.613319,32.396825],[-86.613453,32.398584],[-86.613738,32.399689],[-86.614507,32.401356],[-86.615485,32.403066],[-86.616387,32.404097],[-86.616921,32.404634],[-86.616963,32.404676],[-86.617005,32.404718],[-86.617472,32.405186],[-86.617938,32.405655],[-86.618,32.405717],[-86.619812,32.406474],[-86.621405,32.406682],[-86.621509,32.40668],[-86.621706,32.406675],[-86.621903,32.40667],[-86.622856,32.406647],[-86.623634,32.406155],[-86.624107,32.405631],[-86.624281,32.405427],[-86.62461,32.405042],[-86.624978,32.404728],[-86.625821,32.404235],[-86.626264,32.403978],[-86.626706,32.40372],[-86.626851,32.403636],[-86.628712,32.402769],[-86.630933,32.402113],[-86.631319,32.402101],[-86.633057,32.402046],[-86.635248,32.402389],[-86.635994,32.402506],[-86.636021,32.402509],[-86.637766,32.40272],[-86.639547,32.402966],[-86.641448,32.40294],[-86.641542,32.402939],[-86.641636,32.402938],[-86.642459,32.402926],[-86.64541,32.402296],[-86.645964,32.402071],[-86.647907,32.401285],[-86.649234,32.400699],[-86.649559,32.400554],[-86.651507,32.399317],[-86.652072,32.398705],[-86.652746,32.397976],[-86.653419,32.397247],[-86.653953,32.396279],[-86.654424,32.394999],[-86.654528,32.394716],[-86.654923,32.392812],[-86.65579,32.388689],[-86.655516,32.387517],[-86.655473,32.387334],[-86.654808,32.385672],[-86.654777,32.385596],[-86.654034,32.383884],[-86.653831,32.382519],[-86.653835,32.381262],[-86.653837,32.380687],[-86.654168,32.379389],[-86.654181,32.379337],[-86.654219,32.379188],[-86.654257,32.37904],[-86.654269,32.378993],[-86.65429,32.37895],[-86.654947,32.377647],[-86.655242,32.376967],[-86.655597,32.376147],[-86.656338,32.375447],[-86.656665,32.375137],[-86.6571,32.374779],[-86.657472,32.374474],[-86.657921,32.374107],[-86.658682,32.373484],[-86.660107,32.372317],[-86.66123,32.371397],[-86.661251,32.371377],[-86.66241,32.370261],[-86.662559,32.370117],[-86.662705,32.369977],[-86.662761,32.369923],[-86.663035,32.369659],[-86.663308,32.369396],[-86.663331,32.369374],[-86.663528,32.369185],[-86.663719,32.369001],[-86.663747,32.368974],[-86.664753,32.368004],[-86.66625,32.366407],[-86.667497,32.365077],[-86.668337,32.364334],[-86.668528,32.364165],[-86.668719,32.363996],[-86.668986,32.36376],[-86.669254,32.363524],[-86.671134,32.361862],[-86.673513,32.359732],[-86.674805,32.358638],[-86.67531,32.35821],[-86.675816,32.357781],[-86.676041,32.35759],[-86.676266,32.357399],[-86.676426,32.357264],[-86.677215,32.35663],[-86.677264,32.356591],[-86.677312,32.356552],[-86.677328,32.35654],[-86.67739,32.35649],[-86.677466,32.356428],[-86.677474,32.356422],[-86.677954,32.356036],[-86.67842,32.355661],[-86.678442,32.355643],[-86.678795,32.355359],[-86.67976,32.35476],[-86.67987,32.354692],[-86.67998,32.354622],[-86.680345,32.354396],[-86.681001,32.354049],[-86.681314,32.353883],[-86.682274,32.35367],[-86.682298,32.353664],[-86.682654,32.353583],[-86.682732,32.353565],[-86.68275,32.353561],[-86.682802,32.353549],[-86.68284,32.35354],[-86.683537,32.353395],[-86.684378,32.353375],[-86.685994,32.353693],[-86.686199,32.353735],[-86.687447,32.354202],[-86.689391,32.354929],[-86.689841,32.355098],[-86.690069,32.355182],[-86.690297,32.355269],[-86.690817,32.355463],[-86.691335,32.355658],[-86.691544,32.355736],[-86.69175,32.355812],[-86.691821,32.355839],[-86.692792,32.356204],[-86.693928,32.356583],[-86.694069,32.35663],[-86.694276,32.356698],[-86.694482,32.356766],[-86.694598,32.356806],[-86.694709,32.356843],[-86.694861,32.356893],[-86.69497,32.35693],[-86.695008,32.356943],[-86.69696,32.357594],[-86.700609,32.358393],[-86.701247,32.358479],[-86.701283,32.358484],[-86.701792,32.358552],[-86.702336,32.358626],[-86.703595,32.358795],[-86.705575,32.359338],[-86.70621,32.359512],[-86.709716,32.3604],[-86.710258,32.360522],[-86.710799,32.360644],[-86.711337,32.360767],[-86.712265,32.361277],[-86.713086,32.36186],[-86.713372,32.362077],[-86.713477,32.362192],[-86.713768,32.362508],[-86.71406,32.362824],[-86.714118,32.362887],[-86.714189,32.363081],[-86.714278,32.363324],[-86.714338,32.363488],[-86.714366,32.363566],[-86.714419,32.363709],[-86.714457,32.364078],[-86.714518,32.365015],[-86.714545,32.365107],[-86.714987,32.366614],[-86.71532,32.367632],[-86.715362,32.367759],[-86.715448,32.367902],[-86.71576,32.36842],[-86.716072,32.368938],[-86.716239,32.369214],[-86.716669,32.369646],[-86.717969,32.370952],[-86.719028,32.372059],[-86.719172,32.372551],[-86.719431,32.373438],[-86.719718,32.375137],[-86.719744,32.375706],[-86.719893,32.376699],[-86.719663,32.377868],[-86.719328,32.379047],[-86.718983,32.380401],[-86.71898,32.381468],[-86.719071,32.382921],[-86.71909,32.38313],[-86.719171,32.384027],[-86.719253,32.384923],[-86.719273,32.38514],[-86.719351,32.385545],[-86.719535,32.386529],[-86.719823,32.388402],[-86.719847,32.388771],[-86.719908,32.389705],[-86.719914,32.389789],[-86.719945,32.390594],[-86.719967,32.391154],[-86.719916,32.391526],[-86.719774,32.392558],[-86.719268,32.39372],[-86.719219,32.393797],[-86.718714,32.394584],[-86.718497,32.39492],[-86.718485,32.394939],[-86.717985,32.395729],[-86.717812,32.396001],[-86.717572,32.397171],[-86.717561,32.397267],[-86.717449,32.398207],[-86.717193,32.400367],[-86.717194,32.400402],[-86.717209,32.401287],[-86.717897,32.402814],[-86.719259,32.403995],[-86.720954,32.404812],[-86.722435,32.405126],[-86.722688,32.40518],[-86.723414,32.405258],[-86.724072,32.405327],[-86.725355,32.404955],[-86.725704,32.404854],[-86.727181,32.404497],[-86.727766,32.404029],[-86.727783,32.404015],[-86.727802,32.404],[-86.727825,32.403982],[-86.728523,32.403422],[-86.728563,32.403375],[-86.728667,32.403253],[-86.729874,32.401843],[-86.73046,32.40109],[-86.730834,32.40061],[-86.732099,32.399054],[-86.732323,32.398848],[-86.733738,32.397551],[-86.733838,32.39746],[-86.735956,32.395833],[-86.736362,32.395516],[-86.736767,32.395201],[-86.737372,32.39473],[-86.739074,32.393693],[-86.739869,32.393209],[-86.740171,32.393017],[-86.742157,32.391751],[-86.74397,32.390892],[-86.744237,32.390782],[-86.746598,32.389806],[-86.74846,32.389364],[-86.748514,32.38935],[-86.749981,32.389105],[-86.751902,32.389193],[-86.754465,32.389086],[-86.755426,32.389136],[-86.757398,32.389239],[-86.758015,32.389348],[-86.759641,32.389637],[-86.761259,32.389925],[-86.761785,32.390102],[-86.762305,32.390278],[-86.763543,32.390697],[-86.767256,32.392688],[-86.76756,32.392868],[-86.768276,32.393293],[-86.768992,32.393718],[-86.769425,32.393976],[-86.771681,32.394796],[-86.773026,32.39495],[-86.774765,32.39515],[-86.778365,32.394601],[-86.780021,32.393742],[-86.781354,32.392494],[-86.782141,32.390473],[-86.78226,32.389102],[-86.78228,32.388877],[-86.782169,32.388205],[-86.781973,32.387013],[-86.781879,32.386591],[-86.781516,32.384956],[-86.781243,32.379472],[-86.781342,32.378452],[-86.781411,32.377747],[-86.781746,32.376616],[-86.781757,32.376579],[-86.781854,32.376303],[-86.78216,32.375435],[-86.782184,32.375411],[-86.782326,32.375275],[-86.782467,32.375137],[-86.782442,32.374651],[-86.782417,32.374166],[-86.782397,32.37377],[-86.782377,32.373375],[-86.782218,32.370288],[-86.780447,32.3686],[-86.77694,32.355179],[-86.776656,32.354092],[-86.776371,32.353004],[-86.775448,32.349471],[-86.774525,32.345937],[-86.77405,32.344123],[-86.773576,32.342309],[-86.773163,32.340728],[-86.774233,32.339171],[-86.774989,32.338067],[-86.775745,32.336962],[-86.775804,32.336878],[-86.775862,32.336793],[-86.777003,32.33513],[-86.778143,32.333466],[-86.779039,32.33216],[-86.78122,32.32898],[-86.784297,32.324492],[-86.784355,32.324408],[-86.784392,32.324354],[-86.786411,32.32141],[-86.788422,32.318478],[-86.78843,32.318466],[-86.78886,32.317838],[-86.78929,32.317211],[-86.789953,32.316245],[-86.790616,32.315278],[-86.791073,32.314611],[-86.791632,32.314147],[-86.792363,32.31354],[-86.793094,32.312932],[-86.7943,32.311929],[-86.795506,32.310927],[-86.798268,32.308632],[-86.801146,32.308389],[-86.802047,32.308313],[-86.802948,32.308237],[-86.803516,32.308189],[-86.804085,32.308141],[-86.806254,32.307958],[-86.808424,32.307775],[-86.809613,32.307675],[-86.810802,32.307574],[-86.811559,32.307916],[-86.812317,32.308258],[-86.8124,32.308296],[-86.812924,32.308541],[-86.813098,32.308622],[-86.813591,32.308843],[-86.813676,32.308881],[-86.816107,32.30997],[-86.818374,32.312711],[-86.818446,32.312798],[-86.818778,32.313198],[-86.81911,32.313601],[-86.820273,32.315007],[-86.820329,32.316574],[-86.820394,32.318399],[-86.820458,32.320224],[-86.820476,32.320731],[-86.820494,32.321238],[-86.820596,32.324087],[-86.820697,32.326936],[-86.820805,32.329977],[-86.820913,32.333018],[-86.820921,32.33324],[-86.820875,32.333373],[-86.820554,32.334314],[-86.820232,32.335254],[-86.819985,32.33598],[-86.819738,32.336706],[-86.819706,32.336799],[-86.819679,32.336823],[-86.818602,32.337722],[-86.817525,32.338621],[-86.816939,32.339109],[-86.816353,32.339599],[-86.815632,32.340201],[-86.814912,32.340803],[-86.812293,32.34299],[-86.812065,32.343179],[-86.810732,32.344282],[-86.809259,32.345501],[-86.809045,32.345864],[-86.808788,32.3463],[-86.808528,32.346741],[-86.808405,32.346951],[-86.808397,32.346965],[-86.808167,32.347356],[-86.808146,32.347392],[-86.807765,32.348038],[-86.807651,32.348232],[-86.807438,32.348593],[-86.807246,32.349663],[-86.80701,32.35098],[-86.806867,32.351781],[-86.807046,32.352681],[-86.807378,32.354356],[-86.807395,32.35439],[-86.80786,32.355311],[-86.808356,32.356226],[-86.808683,32.356838],[-86.808845,32.357141],[-86.808852,32.357154],[-86.809658,32.358685],[-86.810986,32.361207],[-86.811142,32.361593],[-86.811789,32.363198],[-86.812406,32.364727],[-86.812714,32.365354],[-86.812778,32.365485],[-86.812811,32.365551],[-86.812827,32.365584],[-86.812845,32.36562],[-86.812941,32.365816],[-86.812949,32.365832],[-86.813049,32.366035],[-86.813078,32.366095],[-86.813477,32.366907],[-86.813608,32.367174],[-86.813915,32.3678],[-86.814985,32.369978],[-86.81506,32.370131],[-86.815132,32.370278],[-86.815399,32.370821],[-86.815963,32.371377],[-86.816201,32.371612],[-86.817664,32.373056],[-86.820502,32.374397],[-86.821233,32.374741],[-86.821522,32.374878],[-86.821958,32.375084],[-86.822067,32.375137],[-86.822216,32.375254],[-86.822258,32.375286],[-86.822268,32.375294],[-86.822357,32.375362],[-86.822366,32.375369],[-86.822906,32.375791],[-86.823081,32.375894],[-86.823412,32.376088],[-86.824317,32.376618],[-86.826296,32.378031],[-86.827244,32.378816],[-86.829107,32.380836],[-86.830079,32.382458],[-86.830673,32.383645],[-86.83167,32.385784],[-86.831798,32.386051],[-86.831883,32.386223],[-86.832085,32.386636],[-86.832093,32.386653],[-86.832097,32.386662],[-86.832624,32.387977],[-86.833644,32.38964],[-86.834286,32.390321],[-86.8344,32.390442],[-86.834514,32.390562],[-86.835489,32.391595],[-86.836023,32.392139],[-86.837069,32.393203],[-86.837957,32.393717],[-86.838272,32.393898],[-86.83866,32.394142],[-86.839343,32.39457],[-86.840336,32.395563],[-86.840846,32.396434],[-86.841357,32.397138],[-86.842378,32.398283],[-86.842718,32.398809],[-86.843758,32.400416],[-86.844085,32.401549],[-86.844509,32.403021],[-86.845119,32.405184],[-86.845864,32.408468],[-86.846149,32.409725],[-86.846115,32.410975],[-86.846074,32.412475],[-86.845766,32.414015],[-86.845456,32.41538],[-86.845448,32.415416],[-86.845392,32.415483],[-86.844524,32.416504],[-86.843781,32.417067],[-86.842811,32.417614],[-86.841099,32.41849],[-86.838731,32.419437],[-86.836567,32.42009],[-86.836393,32.420143],[-86.836147,32.420169],[-86.834531,32.420341],[-86.832005,32.420554],[-86.83003,32.420518],[-86.829314,32.420603],[-86.828082,32.420749],[-86.827446,32.421028],[-86.827304,32.421092],[-86.827161,32.421155],[-86.82677,32.421326],[-86.825266,32.422459],[-86.825189,32.422517],[-86.824579,32.423186],[-86.824292,32.423918],[-86.824394,32.424725],[-86.824494,32.424869],[-86.82461,32.425036],[-86.824725,32.425202],[-86.825084,32.425718],[-86.826485,32.426955],[-86.827515,32.427639],[-86.828371,32.428207],[-86.830685,32.429026],[-86.831056,32.42915],[-86.8312,32.429198],[-86.831345,32.429246],[-86.832896,32.429765],[-86.834011,32.42996],[-86.834153,32.429985],[-86.834259,32.430003],[-86.834961,32.430126],[-86.835663,32.430249],[-86.83609,32.430324],[-86.836518,32.430399],[-86.837081,32.430497],[-86.83809,32.430735],[-86.838576,32.43085],[-86.839063,32.430965],[-86.840042,32.431196],[-86.840593,32.431416],[-86.841522,32.431787],[-86.842724,32.432571],[-86.842741,32.432582],[-86.842761,32.432595],[-86.843096,32.432814],[-86.8433,32.432966],[-86.843482,32.433101],[-86.843503,32.433117],[-86.844802,32.434083],[-86.845328,32.434558],[-86.845349,32.434577],[-86.845643,32.434843],[-86.84601,32.435167],[-86.846141,32.435284],[-86.846376,32.435493],[-86.846857,32.435924],[-86.847569,32.436601],[-86.847677,32.436704],[-86.847822,32.436842],[-86.848192,32.437193],[-86.849898,32.438325],[-86.851284,32.438746],[-86.852594,32.438868],[-86.85318,32.438904],[-86.853346,32.438914],[-86.853379,32.438916],[-86.853391,32.438917],[-86.853433,32.438919],[-86.853449,32.43892],[-86.853572,32.438927],[-86.854829,32.43864],[-86.855061,32.438575],[-86.855291,32.438512],[-86.855658,32.438484],[-86.856023,32.438456],[-86.85676,32.438401],[-86.856983,32.438386],[-86.856995,32.438385],[-86.857038,32.438382],[-86.857105,32.438377],[-86.857201,32.43837],[-86.857263,32.438457],[-86.857402,32.438654],[-86.857527,32.438833],[-86.857545,32.438858],[-86.857667,32.439031],[-86.85791,32.439319],[-86.857938,32.439353],[-86.858253,32.439726],[-86.858309,32.439757],[-86.858475,32.439849],[-86.85874,32.439996],[-86.859192,32.44017],[-86.859231,32.440174],[-86.859657,32.440216],[-86.859927,32.44016],[-86.860193,32.440105],[-86.860818,32.439801],[-86.86093,32.439724],[-86.861249,32.439507],[-86.861825,32.43902],[-86.862262,32.438736],[-86.862424,32.438691],[-86.86268,32.438696],[-86.862802,32.438723],[-86.863175,32.438806],[-86.863786,32.439059],[-86.864331,32.439445],[-86.864483,32.43938],[-86.864681,32.439194],[-86.864938,32.438826],[-86.865258,32.438201],[-86.865533,32.43784],[-86.866016,32.437548],[-86.866269,32.437528],[-86.866452,32.437573],[-86.866663,32.437798],[-86.866684,32.43784],[-86.866873,32.438229],[-86.867034,32.43871],[-86.86709,32.439188],[-86.867067,32.439324],[-86.866996,32.439745],[-86.866903,32.440302],[-86.866605,32.440939],[-86.865726,32.441612],[-86.865771,32.441967],[-86.866248,32.442726],[-86.866315,32.442932],[-86.866371,32.443429],[-86.866323,32.443638],[-86.866231,32.443759],[-86.865608,32.443804],[-86.86492,32.444155],[-86.864856,32.44428],[-86.864911,32.44454],[-86.864982,32.444879],[-86.864936,32.445268],[-86.864606,32.445724],[-86.864152,32.445917],[-86.862793,32.446393],[-86.862307,32.446841],[-86.862194,32.447034],[-86.861962,32.447685],[-86.861908,32.448431],[-86.861835,32.448711],[-86.861382,32.449478],[-86.86118,32.449661],[-86.860994,32.449748],[-86.860776,32.449827],[-86.860138,32.450183],[-86.859955,32.450381],[-86.85995,32.450628],[-86.860056,32.450861],[-86.860521,32.451417],[-86.860923,32.452088],[-86.861556,32.453418],[-86.86197,32.454244],[-86.862269,32.456052],[-86.862426,32.456451],[-86.86277,32.456803],[-86.863115,32.457154],[-86.863512,32.457478],[-86.864415,32.45835],[-86.864761,32.458559],[-86.865142,32.458499],[-86.865964,32.458312],[-86.867017,32.458171],[-86.867442,32.458181],[-86.868591,32.45809],[-86.868932,32.458078],[-86.869225,32.458123],[-86.869547,32.458295],[-86.86969,32.458512],[-86.869776,32.458899],[-86.869854,32.460113],[-86.869974,32.460605],[-86.870014,32.461208],[-86.870112,32.461955],[-86.870199,32.462193],[-86.870413,32.462623],[-86.871019,32.463526],[-86.871172,32.463973],[-86.871198,32.464235],[-86.871169,32.464951],[-86.87096,32.465716],[-86.870867,32.466462],[-86.870588,32.467138],[-86.870029,32.467627],[-86.869335,32.467803],[-86.869116,32.467913],[-86.869054,32.467962],[-86.869074,32.46821],[-86.869139,32.468342],[-86.869343,32.468527],[-86.869904,32.468853],[-86.870212,32.468974],[-86.870718,32.469043],[-86.871271,32.469026],[-86.871724,32.468924],[-86.872251,32.468691],[-86.872658,32.468584],[-86.872869,32.468567],[-86.873112,32.468632],[-86.873603,32.469257],[-86.873813,32.469762],[-86.873838,32.470444],[-86.873839,32.470459],[-86.873847,32.470688],[-86.873845,32.470703],[-86.873781,32.471257],[-86.873613,32.471584],[-86.873621,32.471688],[-86.873636,32.471879],[-86.873498,32.472006],[-86.873446,32.472143],[-86.87348,32.472459],[-86.8739,32.472699],[-86.874324,32.472692],[-86.874507,32.472638],[-86.874618,32.472605],[-86.874874,32.472529],[-86.875063,32.472583],[-86.875276,32.472647],[-86.875413,32.472731],[-86.876534,32.473806],[-86.876902,32.474294],[-86.877044,32.474514],[-86.877201,32.474998],[-86.8774,32.475859],[-86.877513,32.477],[-86.877763,32.478547],[-86.877937,32.478822],[-86.878168,32.478982],[-86.878508,32.479025],[-86.878842,32.478958],[-86.879315,32.478941],[-86.879827,32.479],[-86.881289,32.479631],[-86.881493,32.479765],[-86.881726,32.48006],[-86.881641,32.480296],[-86.881429,32.480609],[-86.881429,32.480795],[-86.881624,32.481024],[-86.882001,32.481265],[-86.882622,32.481284],[-86.882913,32.481231],[-86.883723,32.481216],[-86.884212,32.481341],[-86.884433,32.481448],[-86.884818,32.481777],[-86.88497,32.481907],[-86.885158,32.482227],[-86.885203,32.482438],[-86.885031,32.482798],[-86.88448,32.482987],[-86.883453,32.48311],[-86.883158,32.483075],[-86.882692,32.483236],[-86.882109,32.483549],[-86.881814,32.483681],[-86.881557,32.483731],[-86.881269,32.483737],[-86.880974,32.483687],[-86.880736,32.483631],[-86.880573,32.483593],[-86.88046,32.483593],[-86.880297,32.483806],[-86.880239,32.484229],[-86.880226,32.484655],[-86.880033,32.485286],[-86.879826,32.485634],[-86.879453,32.485892],[-86.879233,32.486124],[-86.879092,32.486407],[-86.878989,32.486897],[-86.878989,32.487323],[-86.879138,32.487615],[-86.879223,32.487792],[-86.879684,32.488183],[-86.879695,32.488189],[-86.880273,32.488519],[-86.880294,32.488531],[-86.880578,32.488693],[-86.880722,32.488775],[-86.880794,32.488816],[-86.880861,32.488855],[-86.880872,32.488861],[-86.881424,32.489272],[-86.881917,32.489638],[-86.882152,32.489818],[-86.882706,32.490242],[-86.883398,32.490519],[-86.883423,32.490525],[-86.883708,32.490599],[-86.884007,32.490722],[-86.884098,32.490863],[-86.884098,32.490962],[-86.884056,32.491082],[-86.883972,32.49118],[-86.88381,32.491307],[-86.883274,32.491525],[-86.882936,32.491687],[-86.882569,32.491887],[-86.882369,32.492103],[-86.882355,32.49221],[-86.882369,32.492335],[-86.882569,32.492674],[-86.882782,32.493106],[-86.882968,32.49346],[-86.883038,32.493641],[-86.883047,32.493808],[-86.883029,32.493897],[-86.882913,32.494027],[-86.88196,32.49459],[-86.881799,32.494855],[-86.881752,32.495063],[-86.881776,32.495287],[-86.881853,32.495487],[-86.881968,32.495657],[-86.882107,32.495772],[-86.882349,32.495915],[-86.882824,32.496034],[-86.883286,32.496081],[-86.883933,32.496189],[-86.884242,32.496281],[-86.884481,32.496396],[-86.884689,32.496566],[-86.884913,32.49696],[-86.885028,32.497924],[-86.885054,32.498294],[-86.885197,32.4985],[-86.885413,32.498639],[-86.88569,32.498716],[-86.885937,32.498801],[-86.886153,32.498947],[-86.886307,32.499148],[-86.886559,32.499869],[-86.886705,32.5004],[-86.886879,32.50064],[-86.88717,32.500981],[-86.887264,32.501091],[-86.8875,32.50125],[-86.888186,32.501411],[-86.889248,32.501552],[-86.889596,32.501655],[-86.88986,32.50189],[-86.890367,32.502455],[-86.890585,32.503021],[-86.890668,32.503461],[-86.890692,32.504161],[-86.890674,32.505412],[-86.89058,32.505986],[-86.889919,32.508537],[-86.889676,32.5098],[-86.889616,32.510184],[-86.889666,32.510386],[-86.889759,32.510488],[-86.889771,32.510492],[-86.890141,32.510508],[-86.890667,32.51051],[-86.891142,32.510528],[-86.891354,32.510599],[-86.891506,32.51073],[-86.891627,32.510922],[-86.891587,32.511175],[-86.891405,32.511458],[-86.890808,32.512246],[-86.890445,32.512852],[-86.890414,32.513237],[-86.890475,32.51352],[-86.890626,32.513661],[-86.890829,32.513742],[-86.891416,32.513817],[-86.892133,32.513803],[-86.892911,32.513908],[-86.893457,32.514086],[-86.893808,32.514221],[-86.894621,32.514904],[-86.895006,32.515659],[-86.895312,32.516402],[-86.895402,32.517939],[-86.895371,32.518652],[-86.895226,32.519392],[-86.894853,32.520228],[-86.894779,32.520901],[-86.894833,32.52111],[-86.895057,32.521496],[-86.895701,32.522217],[-86.895712,32.522229],[-86.896696,32.523046],[-86.896722,32.523068],[-86.896777,32.523114],[-86.89679,32.523124],[-86.896807,32.523138],[-86.896825,32.523153],[-86.896957,32.523263],[-86.896971,32.523275],[-86.897846,32.524001],[-86.897877,32.524026],[-86.897882,32.524031],[-86.897915,32.524059],[-86.898317,32.524375],[-86.898337,32.524391],[-86.898909,32.524841],[-86.899508,32.525398],[-86.899791,32.525878],[-86.900017,32.526454],[-86.900323,32.52684],[-86.900556,32.527047],[-86.900569,32.527059],[-86.901284,32.527813],[-86.901361,32.528308],[-86.901357,32.52895],[-86.901486,32.529251],[-86.901894,32.529564],[-86.903634,32.530319],[-86.903757,32.530422],[-86.903818,32.530473],[-86.903811,32.530862],[-86.903682,32.531087],[-86.903531,32.531213],[-86.903281,32.53135],[-86.901623,32.531999],[-86.901308,32.532179],[-86.90109,32.532486],[-86.901022,32.532766],[-86.901069,32.533299],[-86.901573,32.534242],[-86.901709,32.535021],[-86.901943,32.535856],[-86.90233,32.536409],[-86.902607,32.536679],[-86.9032,32.536963],[-86.903993,32.537104],[-86.90453,32.537111],[-86.904548,32.537111],[-86.904733,32.537087],[-86.90476,32.537083],[-86.9049,32.537065],[-86.905011,32.53705],[-86.906403,32.536712],[-86.906527,32.536731],[-86.906667,32.53685],[-86.906742,32.536977],[-86.90675,32.537298],[-86.906501,32.538276],[-86.906461,32.539253],[-86.906345,32.53951],[-86.90623,32.539766],[-86.90604,32.539962],[-86.905793,32.540101],[-86.905436,32.540219],[-86.904929,32.540281],[-86.904469,32.540224],[-86.903845,32.539915],[-86.903509,32.539924],[-86.90323,32.540139],[-86.903096,32.540626],[-86.903115,32.540826],[-86.903133,32.541018],[-86.903253,32.541432],[-86.903466,32.541701],[-86.903925,32.542074],[-86.904899,32.542515],[-86.906032,32.542831],[-86.906308,32.543024],[-86.906518,32.54317],[-86.906603,32.543346],[-86.906625,32.543391],[-86.906688,32.543522],[-86.906637,32.543747],[-86.906563,32.544074],[-86.906106,32.544756],[-86.905947,32.545126],[-86.905907,32.545839],[-86.905972,32.546514],[-86.905915,32.547297],[-86.905878,32.547366],[-86.905354,32.548344],[-86.905223,32.548758],[-86.905214,32.549152],[-86.905131,32.549391],[-86.904939,32.549669],[-86.904526,32.550123],[-86.903923,32.550674],[-86.903732,32.551028],[-86.903797,32.551738],[-86.903994,32.55247],[-86.904178,32.552981],[-86.904782,32.553579],[-86.904806,32.553756],[-86.904732,32.554071],[-86.90446,32.554288],[-86.903779,32.554313],[-86.903532,32.554364],[-86.903131,32.554732],[-86.903,32.554916],[-86.902828,32.555317],[-86.902737,32.555391],[-86.902514,32.555494],[-86.901184,32.55576],[-86.900709,32.555918],[-86.900527,32.556056],[-86.900234,32.556275],[-86.899764,32.556739],[-86.899601,32.556989],[-86.899589,32.557222],[-86.899582,32.557353],[-86.899581,32.557381],[-86.899612,32.557439],[-86.899639,32.557488],[-86.899679,32.557563],[-86.899889,32.557786],[-86.900329,32.558056],[-86.900533,32.558563],[-86.900499,32.558883],[-86.900235,32.559328],[-86.899743,32.559894],[-86.899458,32.560414],[-86.899346,32.56105],[-86.899318,32.561762],[-86.899363,32.561936],[-86.899259,32.562207],[-86.899211,32.562525],[-86.899138,32.564242],[-86.898917,32.565008],[-86.898065,32.566285],[-86.897996,32.566491],[-86.897968,32.566848],[-86.898192,32.567495],[-86.898304,32.567687],[-86.898822,32.568058],[-86.899514,32.568471],[-86.899857,32.568835],[-86.900151,32.56931],[-86.900401,32.570194],[-86.900682,32.571188],[-86.900757,32.571863],[-86.9009,32.573389],[-86.90128,32.574374],[-86.901367,32.574834],[-86.901334,32.575044],[-86.901335,32.57506],[-86.901332,32.575085],[-86.901329,32.57511],[-86.901324,32.575145],[-86.901312,32.575229],[-86.901303,32.575237],[-86.900828,32.575662],[-86.89939,32.576355],[-86.898982,32.57681],[-86.898707,32.577446],[-86.898783,32.577831],[-86.899049,32.578194],[-86.899389,32.578465],[-86.900637,32.579206],[-86.900921,32.579422],[-86.901457,32.579925],[-86.901646,32.580162],[-86.902205,32.581085],[-86.902231,32.581296],[-86.901948,32.58193],[-86.901941,32.582214],[-86.902089,32.582342],[-86.902266,32.582495],[-86.902975,32.582819],[-86.903624,32.583222],[-86.903718,32.583401],[-86.903898,32.583745],[-86.904028,32.584269],[-86.904024,32.584282],[-86.903876,32.584875],[-86.903277,32.585828],[-86.90281,32.586373],[-86.902669,32.586841],[-86.90277,32.587173],[-86.903188,32.587459],[-86.903899,32.587594],[-86.904368,32.58763],[-86.904731,32.587685],[-86.904776,32.587715],[-86.905067,32.588006],[-86.905241,32.588226],[-86.9054,32.588876],[-86.905392,32.589209],[-86.905392,32.589663],[-86.905385,32.589867],[-86.90544,32.590437],[-86.905297,32.590809],[-86.90505,32.591099],[-86.904076,32.591887],[-86.903849,32.592122],[-86.903698,32.592386],[-86.903645,32.592606],[-86.903728,32.592871],[-86.904216,32.593997],[-86.904364,32.594656],[-86.9045,32.59514],[-86.904636,32.59545],[-86.90478,32.595715],[-86.90512,32.596249],[-86.905732,32.596994],[-86.906234,32.597485],[-86.906265,32.597758],[-86.906265,32.598059],[-86.906119,32.598352],[-86.906093,32.59873],[-86.906272,32.599869],[-86.906138,32.600242],[-86.9058,32.600696],[-86.905677,32.601002],[-86.905754,32.601385],[-86.906187,32.601872],[-86.906424,32.602331],[-86.906496,32.602719],[-86.906556,32.604004],[-86.906648,32.604352],[-86.906764,32.604541],[-86.907212,32.604937],[-86.90778,32.605471],[-86.908391,32.606082],[-86.908532,32.606266],[-86.908589,32.606418],[-86.908564,32.606573],[-86.908513,32.606755],[-86.908358,32.606895],[-86.908123,32.606985],[-86.907536,32.607072],[-86.906888,32.607239],[-86.906389,32.607367],[-86.906144,32.607546],[-86.905981,32.607735],[-86.905886,32.607925],[-86.905895,32.60808],[-86.905946,32.608183],[-86.906075,32.608347],[-86.906308,32.608493],[-86.906497,32.608562],[-86.906954,32.608605],[-86.90765,32.608421],[-86.908598,32.608252],[-86.909278,32.608166],[-86.909631,32.608149],[-86.909881,32.608192],[-86.910107,32.608338],[-86.910146,32.608576],[-86.910135,32.608762],[-86.909849,32.609151],[-86.909626,32.609509],[-86.909433,32.609914],[-86.909371,32.61023],[-86.909424,32.610529],[-86.909529,32.610766],[-86.909855,32.610977],[-86.910391,32.611311],[-86.910769,32.611478],[-86.910997,32.611487],[-86.911296,32.611382],[-86.911648,32.611267],[-86.911938,32.611241],[-86.912122,32.611285],[-86.912254,32.611461],[-86.912267,32.611816],[-86.912132,32.612121],[-86.912011,32.612248],[-86.911706,32.612421],[-86.910687,32.612919],[-86.910428,32.613094],[-86.910117,32.613209],[-86.909892,32.613297],[-86.909703,32.61348],[-86.909617,32.613698],[-86.90968,32.61407],[-86.910044,32.614804],[-86.910115,32.614946],[-86.91013,32.615189],[-86.910156,32.615626],[-86.910109,32.615985],[-86.909963,32.616363],[-86.909673,32.61688],[-86.909573,32.617117],[-86.909547,32.617388],[-86.909544,32.617658],[-86.9097,32.617835],[-86.909929,32.618127],[-86.910273,32.618325],[-86.910617,32.618513],[-86.911398,32.618877],[-86.911794,32.6192],[-86.912013,32.619356],[-86.912158,32.619492],[-86.912321,32.619843],[-86.911715,32.620576],[-86.911631,32.620855],[-86.911675,32.621281],[-86.911646,32.621816],[-86.911604,32.621991],[-86.911506,32.622136],[-86.911498,32.622152],[-86.911393,32.622359],[-86.911135,32.622867],[-86.911106,32.623188],[-86.91115,32.623506],[-86.911233,32.623671],[-86.911482,32.623866],[-86.912058,32.62409],[-86.912699,32.62471],[-86.912822,32.625051],[-86.912733,32.625367],[-86.912728,32.62538],[-86.912692,32.625558],[-86.912683,32.625601],[-86.912657,32.625858],[-86.912556,32.626054],[-86.9123,32.62634],[-86.912023,32.626506],[-86.911501,32.626663],[-86.911358,32.626795],[-86.91123,32.627018],[-86.911224,32.627077],[-86.911149,32.627764],[-86.910894,32.628484],[-86.910845,32.628802],[-86.910859,32.629088],[-86.911027,32.629677],[-86.911128,32.630367],[-86.911679,32.630605],[-86.911808,32.630743],[-86.911935,32.63123],[-86.911882,32.631402],[-86.911741,32.631534],[-86.911904,32.631783],[-86.912353,32.632055],[-86.912472,32.632095],[-86.912785,32.632202],[-86.912884,32.632361],[-86.912956,32.632711],[-86.912846,32.63342],[-86.912833,32.633954],[-86.912948,32.634259],[-86.91309,32.634433],[-86.913754,32.635391],[-86.913967,32.635896],[-86.913903,32.636536],[-86.913706,32.63693],[-86.91378,32.637354],[-86.914034,32.637641],[-86.914311,32.637808],[-86.91516,32.637878],[-86.91554,32.638039],[-86.915691,32.638208],[-86.916078,32.63864],[-86.916285,32.639072],[-86.916309,32.639294],[-86.916193,32.63939],[-86.916102,32.63959],[-86.916059,32.639943],[-86.915932,32.640175],[-86.91592,32.640458],[-86.916018,32.640566],[-86.916265,32.640607],[-86.917419,32.641466],[-86.918099,32.642059],[-86.918251,32.642315],[-86.918385,32.642837],[-86.918808,32.643535],[-86.918865,32.643818],[-86.918817,32.644278],[-86.918501,32.644519],[-86.918274,32.644779],[-86.918106,32.645069],[-86.91797,32.64537],[-86.917998,32.645905],[-86.917989,32.646256],[-86.917883,32.646565],[-86.917639,32.646813],[-86.917341,32.646953],[-86.916874,32.646987],[-86.915938,32.646732],[-86.915215,32.64667],[-86.914713,32.646756],[-86.913852,32.64707],[-86.913692,32.647185],[-86.913547,32.647219],[-86.913386,32.647332],[-86.913176,32.647635],[-86.913146,32.647775],[-86.913187,32.648018],[-86.913244,32.648114],[-86.913385,32.648193],[-86.913795,32.648941],[-86.914112,32.649366],[-86.914435,32.649745],[-86.915049,32.650292],[-86.915457,32.650487],[-86.91594,32.650633],[-86.916734,32.650782],[-86.917253,32.650945],[-86.918152,32.651356],[-86.918413,32.651638],[-86.918499,32.651915],[-86.918494,32.651999],[-86.918477,32.652271],[-86.918379,32.652529],[-86.918411,32.65281],[-86.91827,32.653219],[-86.918222,32.653534],[-86.918204,32.653652],[-86.918155,32.653789],[-86.917991,32.653978],[-86.918054,32.654186],[-86.918286,32.654569],[-86.918604,32.654859],[-86.918884,32.654948],[-86.920323,32.655405],[-86.920452,32.655463],[-86.920586,32.655524],[-86.920876,32.655785],[-86.921145,32.65623],[-86.921205,32.656475],[-86.921211,32.656588],[-86.921237,32.65708],[-86.921196,32.657542],[-86.920929,32.657947],[-86.920917,32.657957],[-86.920535,32.658322],[-86.920352,32.658563],[-86.920277,32.658759],[-86.920236,32.658868],[-86.920246,32.659171],[-86.920247,32.659187],[-86.92025,32.65926],[-86.920328,32.659656],[-86.920411,32.660077],[-86.920322,32.660403],[-86.920287,32.660459],[-86.920106,32.66075],[-86.919478,32.661284],[-86.919122,32.661766],[-86.918746,32.662599],[-86.918491,32.663012],[-86.918123,32.663773],[-86.91767,32.664113],[-86.917595,32.664169],[-86.917742,32.664172],[-86.917888,32.664174],[-86.922375,32.664257],[-86.923149,32.664247],[-86.923165,32.664247],[-86.924407,32.664232],[-86.924484,32.664231],[-86.924533,32.66423],[-86.924581,32.66423],[-86.92813,32.664187],[-86.93132,32.664109],[-86.938018,32.664095],[-86.940059,32.664091],[-86.942063,32.664087],[-86.943011,32.664085],[-86.943359,32.664084],[-86.943372,32.664084],[-86.943408,32.664084],[-86.943484,32.664084],[-86.943582,32.664084],[-86.943619,32.664083],[-86.943652,32.664083],[-86.943699,32.664083],[-86.951374,32.664066],[-86.951475,32.664068],[-86.951486,32.664068],[-86.9515,32.664068],[-86.951518,32.664068],[-86.951542,32.664068],[-86.951575,32.664068],[-86.951878,32.66407],[-86.952328,32.664054],[-86.952404,32.664051],[-86.952479,32.66405],[-86.952773,32.664042],[-86.956203,32.663893],[-86.956221,32.663893],[-86.966961,32.663817],[-86.971512,32.663787],[-86.971616,32.663775],[-86.971644,32.663772],[-86.971845,32.663749],[-86.971917,32.66378],[-86.972011,32.663793],[-86.972126,32.663786],[-86.972389,32.663756],[-86.972652,32.663739],[-86.973063,32.663731],[-86.973314,32.663711],[-86.974296,32.663635],[-86.987517,32.663483],[-86.987983,32.663479],[-86.999994,32.663286],[-87.000112,32.663286],[-87.004053,32.66328],[-87.004153,32.66328],[-87.004248,32.66328],[-87.004424,32.66328],[-87.004541,32.66328],[-87.004626,32.66328],[-87.004691,32.663279],[-87.004704,32.663279],[-87.004729,32.663279],[-87.007859,32.663274],[-87.015522,32.663269],[-87.01766,32.663269],[-87.017657,32.663487],[-87.017657,32.663502],[-87.017656,32.66354],[-87.017656,32.663551],[-87.017649,32.664108],[-87.017625,32.666864],[-87.017623,32.667066],[-87.017622,32.667178],[-87.017622,32.667222],[-87.017622,32.667256],[-87.017602,32.669582],[-87.01758,32.671771],[-87.01758,32.671782],[-87.01758,32.671796],[-87.01758,32.671817],[-87.017579,32.671883],[-87.017579,32.671921],[-87.017524,32.677557],[-87.017526,32.677779],[-87.017559,32.679763],[-87.017705,32.692076],[-87.017712,32.696225],[-87.017719,32.699388],[-87.017728,32.702216],[-87.017741,32.706412],[-87.017742,32.706682],[-87.017744,32.709258],[-87.017749,32.715195],[-87.017753,32.721134],[-87.017764,32.728053],[-87.017762,32.729532],[-87.017771,32.731206],[-87.017781,32.735363],[-87.017783,32.735788],[-87.017763,32.741861],[-87.017759,32.743284],[-87.017753,32.745449],[-87.017653,32.750127],[-87.017778,32.755414],[-87.017885,32.759959],[-87.017901,32.760956],[-87.018025,32.768493],[-87.01803,32.768794],[-87.018071,32.769008],[-87.018068,32.76912],[-87.018044,32.770094],[-87.018047,32.770367],[-87.018199,32.783521],[-87.018251,32.78803],[-87.018251,32.788044],[-87.018252,32.788095],[-87.018254,32.788216],[-87.018258,32.788416],[-87.018414,32.797325],[-87.018594,32.807488],[-87.018594,32.807502],[-87.018639,32.807619],[-87.01878,32.824435],[-87.018793,32.824885],[-87.018948,32.830039],[-87.019105,32.835282],[-87.019157,32.837034],[-87.020145,32.83702],[-87.032105,32.836857],[-87.033339,32.836824],[-87.035555,32.836768],[-87.042085,32.836599],[-87.043304,32.836593],[-87.052828,32.836548],[-87.060441,32.836498],[-87.065052,32.836471],[-87.069854,32.836378],[-87.073023,32.836337],[-87.085039,32.836194],[-87.087216,32.836168],[-87.098183,32.836008],[-87.104602,32.835839],[-87.10796,32.835769],[-87.10907,32.835746],[-87.11153,32.835696],[-87.113665,32.835651],[-87.116315,32.835597],[-87.116386,32.835597],[-87.117295,32.835574],[-87.124995,32.835393],[-87.126866,32.835392],[-87.135587,32.835394],[-87.139317,32.835395],[-87.144195,32.835397],[-87.149576,32.835343],[-87.155294,32.835286],[-87.162768,32.835517],[-87.172003,32.8358],[-87.173438,32.835777],[-87.174613,32.83576],[-87.175998,32.835738],[-87.179556,32.835623],[-87.181043,32.835578],[-87.187436,32.835374],[-87.188331,32.835343],[-87.193722,32.835254],[-87.193912,32.835254],[-87.193925,32.835254],[-87.19522,32.835234],[-87.196792,32.835209],[-87.203092,32.835194],[-87.205126,32.835189],[-87.21115,32.835175],[-87.211329,32.835175],[-87.211507,32.835175],[-87.211556,32.835175],[-87.211667,32.835175],[-87.211841,32.835174],[-87.211918,32.835174],[-87.212528,32.835172],[-87.212786,32.835171],[-87.213378,32.835169],[-87.213456,32.835171],[-87.216731,32.835165],[-87.221006,32.835158],[-87.223663,32.835149],[-87.233286,32.832239],[-87.234037,32.832245],[-87.234146,32.832244],[-87.243728,32.831957],[-87.243861,32.831954],[-87.249414,32.831717],[-87.249563,32.831711],[-87.249676,32.831721],[-87.249998,32.83175],[-87.252937,32.831746],[-87.255504,32.831741],[-87.256663,32.831739],[-87.257874,32.831718],[-87.26324,32.831695],[-87.26404,32.831691],[-87.267394,32.831677],[-87.268097,32.831676],[-87.286695,32.831612],[-87.29089,32.831598],[-87.297707,32.831573],[-87.297762,32.831572],[-87.297824,32.831572],[-87.298176,32.83157],[-87.300749,32.831564],[-87.313034,32.831542],[-87.319184,32.831522],[-87.319262,32.858233],[-87.319283,32.865713],[-87.319392,32.871108],[-87.319473,32.875124],[-87.319532,32.875124],[-87.32176,32.875124],[-87.322332,32.875129],[-87.323847,32.875124],[-87.32398,32.875124],[-87.324012,32.875124],[-87.324264,32.875115],[-87.335832,32.874786],[-87.365808,32.874691],[-87.374548,32.874661],[-87.374648,32.874653],[-87.374728,32.874647],[-87.375001,32.874626],[-87.377925,32.874615],[-87.385454,32.874586],[-87.394902,32.874549],[-87.39694,32.874545],[-87.397673,32.874547],[-87.401769,32.874555],[-87.41138,32.874572],[-87.4212,32.874508],[-87.421116,32.875126],[-87.421085,32.875917],[-87.420911,32.880153],[-87.420774,32.884645],[-87.42056,32.8906],[-87.420558,32.890667],[-87.420305,32.897759],[-87.420301,32.89786],[-87.420277,32.898524],[-87.420274,32.898615],[-87.420267,32.898809],[-87.420251,32.899248],[-87.420132,32.902605],[-87.420267,32.906757],[-87.42027,32.906844],[-87.420515,32.91431],[-87.420628,32.917749],[-87.420777,32.92228],[-87.420797,32.926046],[-87.420798,32.926163],[-87.420831,32.93211],[-87.42086,32.937185],[-87.420854,32.937932],[-87.420853,32.938089],[-87.420853,32.9381],[-87.420852,32.93825],[-87.420843,32.939334],[-87.420832,32.940658],[-87.420832,32.940685],[-87.420831,32.940709],[-87.420831,32.940727],[-87.420831,32.940755],[-87.42083,32.940883],[-87.420825,32.941494],[-87.420817,32.942525],[-87.420811,32.943336],[-87.42078,32.947277],[-87.420657,32.962826],[-87.420655,32.963244],[-87.420609,32.969041],[-87.420608,32.969188],[-87.420608,32.969199],[-87.420607,32.969219],[-87.420607,32.969247],[-87.420607,32.969268],[-87.420606,32.969365],[-87.420604,32.969615],[-87.42059,32.971411],[-87.420589,32.971593],[-87.420675,32.974283],[-87.420685,32.97459],[-87.420738,32.976227],[-87.420829,32.979057],[-87.420836,32.979262],[-87.420844,32.979513],[-87.420844,32.979525],[-87.420844,32.97954],[-87.420845,32.97957],[-87.420846,32.979592],[-87.42085,32.979712],[-87.420936,32.982391],[-87.420936,32.98241],[-87.420982,32.98471],[-87.421038,32.987508],[-87.42104,32.987634],[-87.421162,32.991962],[-87.421166,32.992087],[-87.421246,32.994902],[-87.421989,33.000123],[-87.421936,33.003379],[-87.416888,33.003466],[-87.416484,33.003473],[-87.415507,33.00349],[-87.405253,33.00367],[-87.400295,33.003756],[-87.394395,33.003856],[-87.387647,33.003945],[-87.387628,33.003945],[-87.384278,33.004012],[-87.383475,33.004028],[-87.383145,33.004035],[-87.383127,33.004035],[-87.38311,33.004036],[-87.382766,33.004043],[-87.379484,33.004109],[-87.375001,33.004198],[-87.370742,33.00432],[-87.366044,33.004455],[-87.365439,33.004472],[-87.365136,33.004481],[-87.364199,33.004516],[-87.356611,33.004799],[-87.35067,33.00502],[-87.343057,33.005304],[-87.339347,33.00544],[-87.339324,33.005441],[-87.332741,33.005688],[-87.331769,33.005719],[-87.328396,33.005837],[-87.322023,33.006058],[-87.318539,33.006179],[-87.318327,33.013328],[-87.318093,33.021561],[-87.318081,33.021981],[-87.318077,33.022122],[-87.318076,33.022152],[-87.318076,33.022165],[-87.318066,33.022525],[-87.318045,33.022741],[-87.318038,33.022798],[-87.317959,33.023771],[-87.317928,33.024015],[-87.317877,33.024589],[-87.317875,33.024603],[-87.317853,33.02485],[-87.316231,33.042667],[-87.316218,33.042811],[-87.314972,33.056537],[-87.314773,33.058728],[-87.314243,33.064565],[-87.314032,33.066887],[-87.313905,33.068288],[-87.312874,33.079626],[-87.312861,33.079766],[-87.312265,33.086219],[-87.312179,33.087287],[-87.31211,33.088055],[-87.312023,33.089016],[-87.311577,33.093933],[-87.305075,33.102566],[-87.302904,33.105449],[-87.300364,33.108829],[-87.299421,33.110076],[-87.299228,33.110332],[-87.299189,33.110384],[-87.299141,33.110448],[-87.299093,33.110511],[-87.299001,33.110632],[-87.29756,33.112526],[-87.294513,33.116594],[-87.294331,33.116836],[-87.293511,33.117921],[-87.290688,33.121651],[-87.290598,33.12176],[-87.288653,33.124102],[-87.288524,33.124258],[-87.288233,33.124608],[-87.287804,33.125124],[-87.286297,33.127167],[-87.284666,33.129376],[-87.281945,33.13306],[-87.278972,33.132939],[-87.276765,33.13286],[-87.272586,33.132708],[-87.267482,33.132516],[-87.254286,33.132005],[-87.249998,33.131841],[-87.242909,33.131676],[-87.242268,33.131661],[-87.241883,33.131625],[-87.241453,33.131585],[-87.241413,33.13158],[-87.23869,33.131501],[-87.236622,33.131442],[-87.236372,33.131435],[-87.234098,33.131367],[-87.230279,33.131253],[-87.229833,33.131239],[-87.229821,33.131239],[-87.228745,33.131209],[-87.226648,33.131143],[-87.221101,33.130989],[-87.218741,33.130932],[-87.218635,33.13093],[-87.218529,33.130927],[-87.218463,33.13092],[-87.218398,33.130924],[-87.215825,33.130864],[-87.206328,33.130633],[-87.203275,33.13065],[-87.202884,33.130654],[-87.202667,33.130654],[-87.199317,33.130657],[-87.199246,33.136642],[-87.199163,33.143797],[-87.199163,33.143814],[-87.199157,33.144295],[-87.199151,33.147323],[-87.199146,33.149352],[-87.199144,33.151005],[-87.199144,33.15133],[-87.199144,33.151548],[-87.199143,33.152645],[-87.199136,33.156263],[-87.199167,33.167008],[-87.199175,33.169733],[-87.199173,33.170206],[-87.19915,33.174641],[-87.199129,33.176506],[-87.19907,33.181838],[-87.199069,33.181883],[-87.199066,33.182133],[-87.199064,33.182335],[-87.199064,33.182362],[-87.199064,33.182396],[-87.199063,33.18249],[-87.199061,33.182647],[-87.199058,33.182896],[-87.199058,33.182913],[-87.199076,33.184036],[-87.199083,33.184478],[-87.199088,33.18479],[-87.199092,33.184989],[-87.199092,33.185001],[-87.199092,33.185012],[-87.199093,33.185056],[-87.199096,33.185238],[-87.199125,33.186141],[-87.199125,33.186155],[-87.199136,33.186475],[-87.199136,33.186486],[-87.199139,33.186578],[-87.199154,33.187039],[-87.19918,33.18786],[-87.199183,33.187936],[-87.199185,33.18801],[-87.199207,33.188706],[-87.19921,33.188798],[-87.199224,33.189224],[-87.199221,33.189542],[-87.199153,33.196554],[-87.197966,33.197516],[-87.197685,33.197743],[-87.197448,33.197935],[-87.196843,33.198393],[-87.196773,33.198446],[-87.196753,33.198461],[-87.196615,33.198565],[-87.194897,33.199866],[-87.191821,33.202205],[-87.190899,33.202906],[-87.187007,33.205862],[-87.183658,33.208405],[-87.18354,33.208494],[-87.181422,33.210102],[-87.180641,33.210695],[-87.179374,33.211658],[-87.178329,33.212454],[-87.177431,33.213136],[-87.173673,33.215989],[-87.173631,33.216023],[-87.173542,33.21609],[-87.173119,33.21641],[-87.171909,33.217329],[-87.171201,33.217868],[-87.170951,33.218058],[-87.170822,33.218156],[-87.170738,33.21822],[-87.170723,33.218231],[-87.170712,33.218238],[-87.170692,33.218254],[-87.170672,33.218269],[-87.170659,33.218279],[-87.170581,33.218338],[-87.170475,33.218418],[-87.1704,33.218475],[-87.17038,33.21849],[-87.170369,33.218499],[-87.170349,33.218514],[-87.17032,33.218536],[-87.170157,33.218659],[-87.169946,33.218818],[-87.169907,33.218848],[-87.169314,33.219296],[-87.169297,33.219308],[-87.168224,33.220123],[-87.167396,33.22075],[-87.16484,33.222685],[-87.162582,33.224395],[-87.162551,33.224419],[-87.162359,33.224563],[-87.162257,33.224641],[-87.162235,33.224651],[-87.160771,33.225763],[-87.160436,33.225992],[-87.160423,33.226],[-87.160413,33.226007],[-87.160392,33.226023],[-87.160382,33.226031],[-87.160361,33.226048],[-87.160352,33.226055],[-87.160182,33.226189],[-87.157143,33.228583],[-87.156666,33.228965],[-87.156268,33.229281],[-87.155546,33.22983],[-87.152071,33.232484],[-87.15066,33.23248],[-87.147795,33.232473],[-87.147495,33.232472],[-87.145925,33.232467],[-87.14521,33.232466],[-87.144496,33.232464],[-87.144277,33.232464],[-87.144058,33.232463],[-87.14355,33.232467],[-87.14355,33.23341],[-87.143545,33.233426],[-87.14355,33.234093],[-87.143542,33.234417],[-87.143542,33.234698],[-87.143502,33.236189],[-87.143344,33.236186],[-87.142982,33.236182],[-87.138006,33.236123],[-87.130041,33.23603],[-87.128288,33.23601],[-87.127859,33.236006],[-87.124995,33.235971],[-87.121871,33.235843],[-87.121838,33.23451],[-87.121797,33.232916],[-87.121785,33.232402],[-87.121748,33.230967],[-87.121746,33.230862],[-87.121743,33.230746],[-87.12174,33.230626],[-87.121739,33.230605],[-87.121674,33.228008],[-87.121671,33.227899],[-87.121627,33.226146],[-87.121619,33.225838],[-87.121594,33.224839],[-87.121587,33.224573],[-87.121585,33.224508],[-87.121531,33.222313],[-87.121517,33.221744],[-87.121511,33.221474],[-87.120958,33.221472],[-87.120597,33.221471],[-87.115038,33.221466],[-87.115015,33.221466],[-87.112774,33.221465],[-87.104101,33.221457],[-87.102644,33.222802],[-87.101329,33.224017],[-87.100998,33.224323],[-87.100989,33.224331],[-87.100976,33.224343],[-87.100938,33.224379],[-87.100399,33.224877],[-87.100359,33.224914],[-87.100338,33.224933],[-87.099693,33.225529],[-87.093313,33.231425],[-87.082191,33.241703],[-87.076642,33.246831],[-87.07347,33.246858],[-87.073278,33.246859],[-87.070815,33.246881],[-87.068124,33.246906],[-87.067998,33.246909],[-87.067981,33.246909],[-87.067963,33.246909],[-87.067926,33.24691],[-87.067903,33.246911],[-87.067777,33.246914],[-87.067633,33.246918],[-87.067607,33.246919],[-87.067371,33.246925],[-87.067347,33.246926],[-87.067285,33.246925],[-87.067223,33.246924],[-87.065738,33.246907],[-87.064763,33.246888],[-87.061349,33.246856],[-87.044829,33.246667],[-87.031046,33.246508],[-87.026846,33.246459],[-87.023586,33.246422],[-87.023384,33.24642],[-87.021974,33.246403],[-87.021951,33.246403],[-87.020558,33.246386],[-87.020537,33.246386],[-87.020523,33.246386],[-87.020506,33.246385],[-87.020155,33.246381],[-87.019802,33.246377],[-87.019436,33.246378],[-87.019412,33.246373],[-87.018876,33.246366],[-87.01847,33.246361],[-87.017973,33.246355],[-87.016247,33.246335],[-87.016109,33.246335],[-87.015946,33.246334],[-87.015934,33.246334],[-87.015895,33.246334],[-87.015758,33.246333],[-87.015451,33.246329],[-87.014734,33.246321],[-87.013983,33.246312],[-87.013727,33.246309],[-87.013562,33.246307],[-87.013525,33.246307],[-87.013198,33.246303],[-87.013142,33.246302],[-87.01313,33.246302],[-87.013056,33.246301],[-87.001804,33.246162],[-87.000028,33.246142],[-86.995732,33.24609],[-86.98988,33.246021],[-86.989413,33.24602],[-86.988404,33.246017],[-86.986929,33.246015],[-86.986653,33.246015],[-86.986288,33.246014],[-86.986224,33.246014],[-86.985195,33.246012],[-86.984667,33.246011],[-86.984639,33.24601],[-86.984627,33.24601],[-86.984615,33.24601],[-86.984573,33.24601],[-86.984522,33.24601],[-86.984476,33.24601],[-86.984445,33.24601],[-86.984428,33.24601],[-86.984416,33.24601],[-86.984019,33.245995],[-86.982887,33.246007],[-86.982873,33.250114],[-86.982744,33.252994],[-86.982633,33.252992],[-86.978456,33.252913],[-86.978363,33.255144],[-86.978361,33.255799],[-86.97836,33.256128],[-86.97836,33.256222],[-86.97836,33.256273],[-86.978264,33.256594],[-86.976132,33.256508],[-86.975879,33.256498],[-86.975852,33.256499],[-86.975255,33.256514],[-86.974892,33.256541],[-86.974715,33.256555],[-86.974199,33.256594],[-86.974055,33.260114],[-86.969639,33.260162],[-86.969617,33.262612],[-86.969608,33.263671],[-86.969601,33.264408],[-86.969575,33.267474],[-86.965994,33.267326],[-86.965892,33.267347],[-86.965258,33.267339],[-86.960935,33.267284],[-86.958592,33.267254],[-86.956845,33.267231],[-86.956693,33.267229],[-86.955301,33.267215],[-86.954037,33.267196],[-86.952988,33.267182],[-86.952079,33.26717],[-86.951394,33.267162],[-86.950571,33.267151],[-86.948609,33.267126],[-86.94781,33.267115],[-86.947797,33.268198],[-86.947794,33.268418],[-86.947788,33.26891],[-86.947766,33.270793],[-86.947765,33.270849],[-86.947786,33.272208],[-86.947797,33.272893],[-86.947823,33.274445],[-86.947641,33.274446],[-86.946259,33.27445],[-86.944761,33.274455],[-86.943347,33.27446],[-86.939047,33.274477],[-86.937481,33.274479],[-86.936362,33.274483],[-86.935515,33.274486],[-86.934919,33.274488],[-86.934766,33.274488],[-86.934676,33.274489],[-86.934672,33.274656],[-86.934599,33.277905],[-86.934595,33.27816],[-86.933347,33.27816],[-86.932863,33.27816],[-86.931431,33.27816],[-86.931191,33.278164],[-86.930603,33.278175],[-86.930423,33.278179],[-86.930257,33.278182],[-86.929735,33.278191],[-86.926167,33.27816],[-86.926181,33.280026],[-86.926187,33.28073],[-86.926195,33.281371],[-86.926198,33.281533],[-86.926194,33.282062],[-86.926172,33.285857],[-86.92617,33.286216],[-86.926169,33.286324],[-86.926154,33.288964],[-86.926154,33.288984],[-86.926153,33.289167],[-86.926151,33.289397],[-86.926151,33.289416],[-86.92615,33.289845],[-86.926148,33.290208],[-86.926147,33.29091],[-86.926138,33.293948],[-86.926137,33.294223],[-86.926136,33.294761],[-86.926135,33.294899],[-86.926135,33.295098],[-86.926135,33.296422],[-86.926135,33.296477],[-86.926135,33.296529],[-86.925976,33.296531],[-86.924295,33.296554],[-86.923799,33.29656],[-86.923761,33.29656],[-86.923544,33.296556],[-86.923348,33.296553],[-86.923213,33.296551],[-86.922749,33.296543],[-86.921959,33.296529],[-86.921822,33.297995],[-86.921815,33.298074],[-86.921867,33.300302],[-86.920697,33.30029],[-86.919615,33.30028],[-86.919543,33.300279],[-86.917978,33.300264],[-86.917897,33.30026],[-86.917309,33.300206],[-86.917302,33.300707],[-86.917302,33.300753],[-86.917292,33.301571],[-86.917291,33.301694],[-86.917289,33.301881],[-86.917289,33.301933],[-86.917283,33.302435],[-86.917278,33.303026],[-86.917271,33.303792],[-86.916411,33.303825],[-86.915378,33.303864],[-86.91311,33.303952],[-86.912928,33.303952],[-86.912821,33.303952],[-86.911891,33.303952],[-86.911566,33.303952],[-86.910837,33.303952],[-86.908509,33.303956],[-86.908547,33.306556],[-86.908558,33.307219],[-86.908565,33.307687],[-86.908009,33.307691],[-86.907351,33.307697],[-86.90722,33.307696],[-86.906497,33.307704],[-86.904006,33.307726],[-86.903439,33.307732],[-86.900911,33.307755],[-86.900071,33.307763],[-86.89972,33.307765],[-86.89972,33.307837],[-86.899739,33.310333],[-86.899743,33.311498],[-86.899745,33.312009],[-86.899746,33.312321],[-86.899749,33.312939],[-86.899748,33.313113],[-86.899749,33.313197],[-86.899755,33.314666],[-86.899756,33.314718],[-86.899758,33.315067],[-86.899377,33.315072],[-86.89751,33.315088],[-86.897038,33.315071],[-86.896485,33.315052],[-86.895758,33.315027],[-86.89567,33.315024],[-86.895591,33.316069],[-86.895563,33.316434],[-86.895556,33.316549],[-86.895521,33.317427],[-86.895492,33.318147],[-86.89549,33.318195],[-86.895477,33.318649],[-86.895476,33.318692],[-86.895353,33.31869],[-86.895335,33.31869],[-86.894784,33.318686],[-86.894473,33.318683],[-86.894348,33.318682],[-86.893098,33.318671],[-86.893084,33.318671],[-86.892991,33.318671],[-86.892849,33.318669],[-86.892692,33.318667],[-86.892464,33.318666],[-86.892107,33.318663],[-86.892076,33.318663],[-86.891498,33.318658],[-86.891364,33.318658],[-86.891349,33.320479],[-86.891341,33.321193],[-86.89129,33.325395],[-86.891286,33.325792],[-86.888782,33.325772],[-86.888605,33.325768],[-86.888552,33.325767],[-86.887355,33.325761],[-86.887319,33.325761],[-86.887298,33.325761],[-86.885693,33.325722],[-86.884553,33.325695],[-86.884136,33.325685],[-86.883404,33.325667],[-86.88322,33.325663],[-86.883142,33.32566],[-86.882566,33.325648],[-86.882544,33.327145],[-86.882531,33.328043],[-86.882525,33.328415],[-86.882526,33.328758],[-86.882525,33.328839],[-86.882519,33.329161],[-86.882516,33.329331],[-86.882515,33.329358],[-86.882487,33.330995],[-86.882486,33.331086],[-86.882518,33.332687],[-86.882538,33.332961],[-86.88132,33.332961],[-86.880835,33.332966],[-86.880636,33.332968],[-86.878133,33.33293],[-86.877629,33.332918],[-86.875336,33.33284],[-86.875087,33.332839],[-86.874665,33.332825],[-86.874587,33.332823],[-86.874242,33.332818],[-86.873951,33.332813],[-86.870712,33.332758],[-86.869709,33.332741],[-86.867199,33.332698],[-86.866537,33.332687],[-86.860489,33.332567],[-86.860331,33.332565],[-86.85726,33.332502],[-86.855559,33.332467],[-86.854449,33.332445],[-86.85417,33.332439],[-86.852325,33.332401],[-86.848463,33.332329],[-86.843762,33.332243],[-86.842184,33.332213],[-86.839849,33.332172],[-86.839649,33.332173],[-86.839444,33.33217],[-86.839232,33.332158],[-86.835121,33.332082],[-86.832261,33.332028],[-86.830688,33.332015],[-86.830685,33.332165],[-86.830684,33.332331],[-86.830682,33.332584],[-86.830681,33.332678],[-86.83068,33.332768],[-86.830679,33.332952],[-86.830678,33.33304],[-86.830677,33.333128],[-86.830677,33.333162],[-86.830676,33.333249],[-86.830675,33.33337],[-86.830674,33.333464],[-86.830673,33.333559],[-86.830672,33.333747],[-86.830671,33.33382],[-86.83067,33.333985],[-86.830668,33.334157],[-86.830667,33.33433],[-86.830666,33.334411],[-86.830664,33.334687],[-86.830662,33.334856],[-86.830661,33.334976],[-86.830661,33.335041],[-86.830659,33.335245],[-86.830656,33.335574],[-86.830656,33.335615],[-86.830655,33.335697],[-86.83065,33.336219],[-86.83065,33.336262],[-86.830642,33.337113],[-86.830642,33.337209],[-86.830642,33.337293],[-86.830641,33.337341],[-86.830641,33.337375],[-86.83064,33.33744],[-86.83064,33.337505],[-86.830637,33.337891],[-86.830632,33.338407],[-86.830629,33.338752],[-86.830628,33.338814],[-86.830628,33.338876],[-86.830625,33.33917],[-86.830622,33.33951],[-86.830621,33.339692],[-86.83062,33.339879],[-86.830619,33.339953],[-86.830618,33.340022],[-86.830617,33.340161],[-86.830617,33.340187],[-86.830616,33.340214],[-86.830616,33.340333],[-86.830609,33.341159],[-86.830596,33.342702],[-86.830595,33.342803],[-86.830594,33.342884],[-86.830592,33.343092],[-86.83059,33.34332],[-86.830589,33.343483],[-86.830587,33.343628],[-86.830586,33.343773],[-86.830585,33.34389],[-86.830583,33.344059],[-86.830582,33.344273],[-86.830579,33.344604],[-86.830578,33.344715],[-86.830576,33.344919],[-86.830576,33.344956],[-86.830574,33.345138],[-86.830573,33.345318],[-86.830572,33.345473],[-86.830543,33.348231],[-86.830541,33.3484],[-86.830538,33.3486],[-86.830515,33.350701],[-86.830515,33.350847],[-86.830513,33.350987],[-86.830493,33.352835],[-86.830474,33.354282],[-86.830469,33.354752],[-86.830463,33.355274],[-86.830453,33.35621],[-86.83045,33.356463],[-86.830444,33.356999],[-86.83044,33.357351],[-86.830439,33.357429],[-86.830435,33.357783],[-86.830406,33.360375],[-86.830403,33.360663],[-86.830401,33.360768],[-86.830229,33.360766],[-86.830407,33.36088],[-86.830288,33.360954],[-86.829579,33.361396],[-86.82823,33.362239],[-86.827708,33.362564],[-86.828455,33.363364],[-86.828743,33.363673],[-86.829095,33.364213],[-86.828989,33.364266],[-86.82879,33.364424],[-86.828693,33.364493],[-86.828523,33.364583],[-86.828299,33.364677],[-86.827981,33.364786],[-86.827732,33.364869],[-86.827497,33.364945],[-86.827327,33.365017],[-86.827002,33.365168],[-86.826804,33.365295],[-86.826666,33.365396],[-86.826541,33.365499],[-86.826439,33.365662],[-86.82641,33.365705],[-86.826547,33.365761],[-86.826731,33.365837],[-86.826983,33.365924],[-86.827171,33.366085],[-86.827219,33.366152],[-86.827302,33.366391],[-86.827323,33.366768],[-86.827264,33.367044],[-86.827171,33.367213],[-86.826967,33.36741],[-86.826752,33.367533],[-86.825627,33.368173],[-86.825265,33.367745],[-86.82454,33.368245],[-86.823924,33.368932],[-86.823673,33.369112],[-86.823655,33.369124],[-86.823275,33.369481],[-86.823131,33.369587],[-86.82298,33.369647],[-86.822567,33.370064],[-86.822332,33.370207],[-86.822142,33.370289],[-86.821768,33.370538],[-86.821349,33.370663],[-86.821185,33.37078],[-86.821142,33.370804],[-86.820407,33.370958],[-86.820098,33.371059],[-86.819541,33.371161],[-86.819077,33.371122],[-86.818696,33.371153],[-86.817836,33.371136],[-86.817692,33.371147],[-86.817503,33.371079],[-86.816749,33.37154],[-86.816604,33.372],[-86.817439,33.372678],[-86.81936,33.374276],[-86.819558,33.374437],[-86.8196,33.374471],[-86.819516,33.374743],[-86.819304,33.374942],[-86.818965,33.375421],[-86.818654,33.375903],[-86.818274,33.376377],[-86.81776,33.376777],[-86.817354,33.376928],[-86.816387,33.377435],[-86.816348,33.377482],[-86.816105,33.377743],[-86.816092,33.377792],[-86.816069,33.377988],[-86.816125,33.378259],[-86.81623,33.378528],[-86.81625,33.378579],[-86.816348,33.378689],[-86.816492,33.378867],[-86.816754,33.379126],[-86.817154,33.379508],[-86.817201,33.379547],[-86.817233,33.379573],[-86.817285,33.379632],[-86.817318,33.379662],[-86.817331,33.379679],[-86.817338,33.3797],[-86.817354,33.379719],[-86.819319,33.378818],[-86.820104,33.378459],[-86.822156,33.379479],[-86.822215,33.379458],[-86.822238,33.379455],[-86.822261,33.379441],[-86.822333,33.37943],[-86.822392,33.379409],[-86.822427,33.379391],[-86.822458,33.379387],[-86.822491,33.379365],[-86.822536,33.379343],[-86.822563,33.379337],[-86.8226,33.379312],[-86.822622,33.379309],[-86.822668,33.379283],[-86.82272,33.379261],[-86.82277,33.379223],[-86.822792,33.379222],[-86.822838,33.379195],[-86.822982,33.379129],[-86.82308,33.379063],[-86.823198,33.378999],[-86.823244,33.378968],[-86.823421,33.37887],[-86.823487,33.378821],[-86.823543,33.378788],[-86.823592,33.378771],[-86.823651,33.378742],[-86.823746,33.378667],[-86.823769,33.378639],[-86.823782,33.378611],[-86.823815,33.378568],[-86.823844,33.378394],[-86.823926,33.378149],[-86.823946,33.378078],[-86.824382,33.377693],[-86.824726,33.377501],[-86.824817,33.377443],[-86.824975,33.377342],[-86.825093,33.37726],[-86.82518,33.377185],[-86.825316,33.37706],[-86.825357,33.377037],[-86.825798,33.376891],[-86.825862,33.376874],[-86.825896,33.376859],[-86.826207,33.376758],[-86.826607,33.376555],[-86.826653,33.376527],[-86.827105,33.376406],[-86.827289,33.37639],[-86.827505,33.376362],[-86.827603,33.376323],[-86.827656,33.376313],[-86.827669,33.376329],[-86.827718,33.376452],[-86.827536,33.376615],[-86.827272,33.3768],[-86.826832,33.377034],[-86.826468,33.37717],[-86.826258,33.377249],[-86.825971,33.377359],[-86.825504,33.377581],[-86.825115,33.377893],[-86.82501,33.378014],[-86.824877,33.378121],[-86.824459,33.37847],[-86.824291,33.378611],[-86.823821,33.379002],[-86.822998,33.379646],[-86.822782,33.379863],[-86.822684,33.379962],[-86.822212,33.38056],[-86.821969,33.380947],[-86.821685,33.381689],[-86.821625,33.381968],[-86.821282,33.383119],[-86.821687,33.38339],[-86.821857,33.383544],[-86.822178,33.383896],[-86.82274,33.384511],[-86.82298,33.384715],[-86.823248,33.384905],[-86.823522,33.385043],[-86.823882,33.385171],[-86.824933,33.385348],[-86.825139,33.385384],[-86.82625,33.38559],[-86.827918,33.385941],[-86.829469,33.386296],[-86.829723,33.386391],[-86.830036,33.386612],[-86.830094,33.386702],[-86.830104,33.386727],[-86.830463,33.386717],[-86.830635,33.386713],[-86.831152,33.386775],[-86.831709,33.386949],[-86.832133,33.387189],[-86.832526,33.387574],[-86.832797,33.388036],[-86.832834,33.388503],[-86.832637,33.388962],[-86.831909,33.389919],[-86.831881,33.389957],[-86.831487,33.390652],[-86.831409,33.390788],[-86.83109,33.391683],[-86.830905,33.391683],[-86.830517,33.391756],[-86.830553,33.395052],[-86.831331,33.395451],[-86.831429,33.396743],[-86.831511,33.397201],[-86.83153,33.397306],[-86.831642,33.397939],[-86.831797,33.398358],[-86.831839,33.398472],[-86.831982,33.39869],[-86.832163,33.398901],[-86.832421,33.399136],[-86.832669,33.399315],[-86.832791,33.399383],[-86.832972,33.399485],[-86.833455,33.399755],[-86.833761,33.399876],[-86.834671,33.400357],[-86.835651,33.40077],[-86.835703,33.400774],[-86.836038,33.400799],[-86.836221,33.400745],[-86.836647,33.400742],[-86.837194,33.400673],[-86.837271,33.400663],[-86.838283,33.40041],[-86.838823,33.400275],[-86.839225,33.400194],[-86.839903,33.399968],[-86.840559,33.399822],[-86.841616,33.39958],[-86.841892,33.399467],[-86.842583,33.399113],[-86.842836,33.39945],[-86.843238,33.400007],[-86.843952,33.400973],[-86.844173,33.401178],[-86.844251,33.401235],[-86.844349,33.40131],[-86.844773,33.401587],[-86.844789,33.401601],[-86.844899,33.401701],[-86.844854,33.40175],[-86.844323,33.402356],[-86.844165,33.402441],[-86.843981,33.402469],[-86.843604,33.402518],[-86.842927,33.402957],[-86.842908,33.402964],[-86.842362,33.40318],[-86.842192,33.403212],[-86.842021,33.403211],[-86.841805,33.40316],[-86.841512,33.402994],[-86.841283,33.402904],[-86.840956,33.402842],[-86.840713,33.402836],[-86.84049,33.402851],[-86.839972,33.402963],[-86.839774,33.403067],[-86.839603,33.403219],[-86.83947,33.403416],[-86.839417,33.403593],[-86.8394,33.404027],[-86.839451,33.404176],[-86.839762,33.404531],[-86.839295,33.404818],[-86.839369,33.404898],[-86.83942,33.405047],[-86.839422,33.405772],[-86.839427,33.405844],[-86.839444,33.408161],[-86.840792,33.408186],[-86.840884,33.408184],[-86.841015,33.408199],[-86.842241,33.408222],[-86.842316,33.408233],[-86.843233,33.408281],[-86.843244,33.40847],[-86.843286,33.409863],[-86.843326,33.410465],[-86.843337,33.412004],[-86.843306,33.412595],[-86.843217,33.413072],[-86.843109,33.413483],[-86.842923,33.413933],[-86.842671,33.414284],[-86.842302,33.415864],[-86.84094,33.416237],[-86.840588,33.416334],[-86.840371,33.41655],[-86.840182,33.416704],[-86.840091,33.416816],[-86.840011,33.417004],[-86.839999,33.417216],[-86.839954,33.417376],[-86.839919,33.417473],[-86.839943,33.417657],[-86.839796,33.417637],[-86.839765,33.417637],[-86.839488,33.417648],[-86.839429,33.417686],[-86.839347,33.41773],[-86.839317,33.417752],[-86.839298,33.41784],[-86.839275,33.417914],[-86.839288,33.418002],[-86.839318,33.418137],[-86.839337,33.418163],[-86.839344,33.418186],[-86.839386,33.418266],[-86.839429,33.418687],[-86.839396,33.41878],[-86.839344,33.418835],[-86.83919,33.418967],[-86.839121,33.419009],[-86.838872,33.419127],[-86.838727,33.419215],[-86.838108,33.419593],[-86.838006,33.419685],[-86.837836,33.41982],[-86.837796,33.419842],[-86.837661,33.419898],[-86.837541,33.419947],[-86.837514,33.419963],[-86.837206,33.42009],[-86.836685,33.420381],[-86.836439,33.420575],[-86.836144,33.420882],[-86.836093,33.421007],[-86.836006,33.421118],[-86.835987,33.421129],[-86.835901,33.42114],[-86.835639,33.42114],[-86.835458,33.421177],[-86.835265,33.421217],[-86.834904,33.421343],[-86.834878,33.42136],[-86.834406,33.421597],[-86.834318,33.421646],[-86.834134,33.421777],[-86.834039,33.421844],[-86.833993,33.421872],[-86.83377,33.421982],[-86.833717,33.422004],[-86.833413,33.422078],[-86.833153,33.422081],[-86.832898,33.42202],[-86.832498,33.421878],[-86.832134,33.421781],[-86.831848,33.421773],[-86.831546,33.421823],[-86.831219,33.421894],[-86.830805,33.422109],[-86.830723,33.422128],[-86.830668,33.422136],[-86.830559,33.422161],[-86.830504,33.422168],[-86.830474,33.422176],[-86.830254,33.422179],[-86.830146,33.422167],[-86.829723,33.422092],[-86.829599,33.422065],[-86.829258,33.422086],[-86.82891,33.42219],[-86.828277,33.422342],[-86.828104,33.422356],[-86.827867,33.422373],[-86.827578,33.422373],[-86.827477,33.422342],[-86.827447,33.42234],[-86.827437,33.422314],[-86.827441,33.422268],[-86.827433,33.422251],[-86.827414,33.422235],[-86.827398,33.422156],[-86.827388,33.422131],[-86.827401,33.422103],[-86.827401,33.422075],[-86.827414,33.422026],[-86.827434,33.421993],[-86.827447,33.421933],[-86.827467,33.4219],[-86.82749,33.421819],[-86.827513,33.421702],[-86.827529,33.421507],[-86.827519,33.421383],[-86.827506,33.421356],[-86.827506,33.421328],[-86.827487,33.421306],[-86.827473,33.421256],[-86.827454,33.421239],[-86.827441,33.421202],[-86.827421,33.42118],[-86.827414,33.421152],[-86.827401,33.421125],[-86.827382,33.421103],[-86.827375,33.421081],[-86.827349,33.421048],[-86.827342,33.421025],[-86.827316,33.421],[-86.827224,33.420887],[-86.827211,33.420861],[-86.827178,33.420822],[-86.826814,33.420502],[-86.826768,33.42047],[-86.826745,33.420465],[-86.826712,33.420437],[-86.82669,33.420434],[-86.826667,33.42042],[-86.826614,33.420403],[-86.826597,33.420392],[-86.826424,33.420349],[-86.826319,33.420316],[-86.826227,33.420274],[-86.826079,33.420188],[-86.826025,33.420164],[-86.826004,33.420144],[-86.825978,33.420129],[-86.825957,33.420122],[-86.825925,33.420096],[-86.825899,33.420091],[-86.82587,33.420068],[-86.825768,33.420014],[-86.825696,33.41997],[-86.825643,33.419943],[-86.825611,33.419932],[-86.825565,33.419898],[-86.825538,33.419893],[-86.825453,33.419843],[-86.825407,33.419822],[-86.825328,33.419772],[-86.825306,33.41977],[-86.825283,33.419756],[-86.825178,33.419722],[-86.825158,33.419705],[-86.825115,33.419697],[-86.824981,33.419657],[-86.824958,33.419654],[-86.824876,33.419629],[-86.824804,33.419618],[-86.824561,33.419536],[-86.824507,33.419511],[-86.824437,33.419492],[-86.824364,33.419459],[-86.824338,33.419452],[-86.824305,33.419431],[-86.824246,33.419404],[-86.824187,33.419371],[-86.824148,33.419354],[-86.824056,33.419294],[-86.824023,33.419277],[-86.823958,33.419233],[-86.823925,33.419217],[-86.823895,33.419195],[-86.823669,33.419074],[-86.823636,33.419063],[-86.82359,33.419035],[-86.823558,33.419024],[-86.823374,33.418909],[-86.823321,33.418886],[-86.823262,33.418847],[-86.82321,33.418821],[-86.823184,33.418815],[-86.823151,33.418799],[-86.823085,33.418777],[-86.823033,33.418756],[-86.822873,33.418753],[-86.822742,33.41875],[-86.822592,33.418745],[-86.822587,33.418523],[-86.822561,33.418518],[-86.822518,33.418484],[-86.822393,33.418402],[-86.822377,33.418386],[-86.822295,33.418332],[-86.822242,33.418304],[-86.82222,33.418298],[-86.822193,33.418277],[-86.822121,33.418249],[-86.82206,33.418213],[-86.821964,33.418156],[-86.821938,33.418149],[-86.821898,33.418123],[-86.821876,33.418121],[-86.821839,33.418095],[-86.821813,33.41809],[-86.821734,33.418039],[-86.821708,33.418035],[-86.821669,33.418013],[-86.821642,33.418007],[-86.821616,33.417991],[-86.821551,33.417969],[-86.821528,33.417966],[-86.821414,33.417934],[-86.82133,33.41894],[-86.822204,33.419296],[-86.82233,33.419908],[-86.822451,33.420392],[-86.822469,33.420639],[-86.82242,33.420935],[-86.82238,33.421045],[-86.822321,33.421115],[-86.82232,33.42121],[-86.822239,33.421478],[-86.82221,33.421902],[-86.822111,33.421929],[-86.821679,33.421915],[-86.821327,33.421996],[-86.821189,33.422094],[-86.821103,33.422127],[-86.820803,33.42284],[-86.82107,33.423022],[-86.821317,33.423299],[-86.821271,33.423375],[-86.821072,33.423578],[-86.820893,33.42389],[-86.820688,33.424124],[-86.820233,33.424458],[-86.820081,33.424594],[-86.819551,33.425272],[-86.819636,33.425356],[-86.8204,33.425767],[-86.820537,33.425812],[-86.820662,33.425812],[-86.820779,33.42589],[-86.821202,33.426015],[-86.821663,33.42615],[-86.822053,33.426246],[-86.822884,33.426394],[-86.823263,33.426555],[-86.823413,33.426693],[-86.823588,33.426941],[-86.823725,33.427053],[-86.823722,33.427092],[-86.823685,33.42718],[-86.823661,33.427187],[-86.823336,33.427346],[-86.823197,33.427396],[-86.823106,33.427428],[-86.822974,33.42745],[-86.82205,33.427456],[-86.821874,33.427483],[-86.821784,33.427497],[-86.82166,33.427517],[-86.821639,33.427522],[-86.821412,33.427645],[-86.821036,33.427777],[-86.821201,33.428028],[-86.821698,33.428787],[-86.821774,33.428902],[-86.82201,33.429349],[-86.822902,33.43074],[-86.823036,33.430948],[-86.823453,33.43163],[-86.824091,33.432671],[-86.824122,33.43273],[-86.824588,33.433655],[-86.824727,33.434166],[-86.824758,33.434286],[-86.824825,33.435183],[-86.824825,33.435526],[-86.824825,33.43571],[-86.824706,33.43625],[-86.824403,33.436949],[-86.823586,33.438622],[-86.823253,33.439231],[-86.822835,33.440102],[-86.822608,33.440448],[-86.822572,33.440431],[-86.822467,33.440566],[-86.822173,33.440945],[-86.822043,33.440881],[-86.821926,33.441059],[-86.821463,33.441696],[-86.821233,33.441934],[-86.820654,33.442529],[-86.819769,33.443441],[-86.819622,33.443592],[-86.81976,33.443659],[-86.819416,33.444013],[-86.819296,33.443996],[-86.819257,33.443969],[-86.819069,33.444163],[-86.818614,33.444729],[-86.818225,33.445391],[-86.817936,33.446036],[-86.817732,33.4468],[-86.817711,33.44688],[-86.817556,33.446902],[-86.816963,33.446983],[-86.816504,33.447177],[-86.816235,33.447408],[-86.816147,33.447502],[-86.816011,33.447649],[-86.816136,33.447652],[-86.816344,33.447658],[-86.817084,33.447678],[-86.817488,33.447687],[-86.817462,33.448089],[-86.817472,33.448134],[-86.81748,33.448172],[-86.817511,33.44831],[-86.817736,33.449984],[-86.817103,33.450069],[-86.816661,33.450138],[-86.816285,33.450198],[-86.815664,33.450335],[-86.814123,33.450854],[-86.813521,33.451109],[-86.813302,33.451203],[-86.813144,33.451273],[-86.81269,33.451507],[-86.812509,33.451618],[-86.812297,33.451755],[-86.812187,33.451831],[-86.811691,33.452196],[-86.811581,33.452281],[-86.811491,33.452343],[-86.811294,33.452463],[-86.811244,33.452492],[-86.811098,33.452582],[-86.810897,33.452677],[-86.810641,33.452813],[-86.810581,33.452844],[-86.808971,33.453704],[-86.808487,33.453975],[-86.807578,33.45462],[-86.805857,33.455813],[-86.804801,33.456522],[-86.804208,33.456856],[-86.802205,33.45767],[-86.802269,33.457808],[-86.80231,33.457886],[-86.802799,33.458688],[-86.803072,33.458843],[-86.803223,33.458888],[-86.803376,33.458962],[-86.803691,33.458903],[-86.803905,33.458852],[-86.804168,33.458747],[-86.804522,33.458584],[-86.804966,33.458315],[-86.805115,33.458219],[-86.80525,33.458437],[-86.80524,33.45864],[-86.805264,33.459401],[-86.805293,33.459587],[-86.805428,33.459935],[-86.805549,33.460079],[-86.80559,33.460219],[-86.80561,33.460274],[-86.805717,33.460517],[-86.805805,33.461049],[-86.805916,33.46204],[-86.807574,33.462037],[-86.807812,33.462038],[-86.808517,33.462041],[-86.808996,33.462038],[-86.809075,33.462021],[-86.809176,33.461971],[-86.810247,33.460707],[-86.810397,33.460807],[-86.810638,33.461029],[-86.810827,33.461211],[-86.810859,33.46132],[-86.810838,33.461409],[-86.810666,33.461627],[-86.810551,33.461734],[-86.81046,33.461849],[-86.810435,33.46192],[-86.811072,33.461948],[-86.811149,33.461799],[-86.811355,33.460802],[-86.811919,33.460876],[-86.811681,33.461985],[-86.81163,33.462209],[-86.811314,33.46295],[-86.811234,33.463138],[-86.811092,33.463321],[-86.81072,33.463638],[-86.810325,33.463974],[-86.809513,33.46465],[-86.80937,33.464812],[-86.809319,33.464958],[-86.809292,33.465255],[-86.808974,33.465277],[-86.808595,33.465359],[-86.807389,33.465815],[-86.806986,33.466039],[-86.805682,33.467055],[-86.805534,33.467295],[-86.805512,33.467505],[-86.805541,33.467685],[-86.805546,33.467716],[-86.805635,33.467996],[-86.805645,33.468154],[-86.805578,33.468653],[-86.805556,33.469368],[-86.805554,33.471114],[-86.805559,33.471505],[-86.805572,33.472512],[-86.805602,33.474275],[-86.805318,33.474344],[-86.80477,33.474475],[-86.804296,33.474581],[-86.804097,33.474621],[-86.803837,33.474672],[-86.80327,33.474805],[-86.803005,33.474862],[-86.802583,33.474969],[-86.802278,33.474987],[-86.801891,33.474995],[-86.801085,33.474927],[-86.800424,33.474911],[-86.799873,33.474946],[-86.799236,33.475037],[-86.798881,33.475127],[-86.798567,33.475195],[-86.798202,33.47527],[-86.79763,33.475347],[-86.797429,33.475368],[-86.796409,33.47536],[-86.796083,33.475378],[-86.79584,33.475403],[-86.795451,33.475506],[-86.795079,33.475653],[-86.794711,33.475897],[-86.79467,33.475932],[-86.794505,33.476079],[-86.794269,33.476305],[-86.79392,33.476641],[-86.793639,33.476889],[-86.793623,33.476904],[-86.793562,33.476962],[-86.793271,33.477188],[-86.79297,33.47733],[-86.792735,33.4774],[-86.792447,33.477446],[-86.792202,33.477469],[-86.791725,33.477427],[-86.791706,33.477035],[-86.791674,33.476336],[-86.791591,33.47617],[-86.791556,33.47608],[-86.791538,33.47598],[-86.791517,33.47571],[-86.791537,33.475406],[-86.791529,33.475225],[-86.791495,33.475028],[-86.791437,33.474921],[-86.791319,33.474821],[-86.791092,33.474738],[-86.788433,33.474725],[-86.787805,33.474721],[-86.787377,33.474721],[-86.787238,33.474724],[-86.787238,33.475651],[-86.787219,33.476232],[-86.787227,33.476629],[-86.787219,33.477213],[-86.787218,33.477463],[-86.787213,33.477941],[-86.787199,33.478766],[-86.787198,33.478991],[-86.787181,33.47939],[-86.787147,33.479991],[-86.787139,33.480131],[-86.787118,33.480517],[-86.787078,33.481263],[-86.787251,33.481248],[-86.787482,33.481257],[-86.788534,33.481225],[-86.789642,33.481218],[-86.79068,33.481198],[-86.791041,33.481187],[-86.791773,33.481177],[-86.791985,33.481099],[-86.792292,33.480986],[-86.79276,33.480834],[-86.793359,33.480641],[-86.793903,33.480473],[-86.794842,33.48015],[-86.794938,33.480018],[-86.79517,33.479649],[-86.795375,33.479731],[-86.79557,33.479808],[-86.79557,33.482505],[-86.795586,33.483763],[-86.794679,33.483749],[-86.794663,33.484218],[-86.794672,33.484727],[-86.794623,33.485182],[-86.794447,33.485777],[-86.794394,33.485894],[-86.793713,33.485895],[-86.793712,33.486093],[-86.793716,33.486743],[-86.793437,33.486662],[-86.793246,33.48666],[-86.792876,33.486658],[-86.792734,33.486657],[-86.79246,33.486648],[-86.792623,33.48715],[-86.792641,33.487204],[-86.79272,33.48744],[-86.792772,33.487597],[-86.793157,33.488753],[-86.792984,33.488808],[-86.790478,33.489921],[-86.787405,33.491383],[-86.78725,33.491459],[-86.787152,33.491508],[-86.786944,33.491614],[-86.786785,33.491695],[-86.78645,33.491833],[-86.786152,33.491965],[-86.786361,33.492255],[-86.78643,33.492385],[-86.786449,33.492444],[-86.786463,33.492486],[-86.786527,33.492758],[-86.786548,33.49288],[-86.786553,33.492958],[-86.786528,33.492997],[-86.785207,33.493583],[-86.783654,33.494293],[-86.783604,33.494352],[-86.782561,33.494805],[-86.781949,33.495002],[-86.782129,33.495493],[-86.78215,33.495484],[-86.782154,33.495496],[-86.78218,33.49554],[-86.782144,33.495556],[-86.781912,33.495656],[-86.781656,33.495766],[-86.781608,33.495838],[-86.781543,33.495935],[-86.781505,33.495978],[-86.781406,33.495974],[-86.781364,33.495971],[-86.781143,33.496242],[-86.781066,33.496288],[-86.780969,33.496395],[-86.780768,33.496702],[-86.780679,33.496758],[-86.78057,33.496783],[-86.780347,33.496778],[-86.780257,33.496757],[-86.780058,33.496796],[-86.779262,33.497093],[-86.779036,33.497206],[-86.778753,33.497318],[-86.778558,33.497455],[-86.778424,33.497617],[-86.778392,33.49799],[-86.778339,33.498072],[-86.778234,33.498154],[-86.777872,33.49819],[-86.777688,33.498255],[-86.777589,33.498337],[-86.77745,33.498545],[-86.777317,33.498654],[-86.77681,33.498921],[-86.776582,33.499069],[-86.77646,33.499149],[-86.776243,33.499225],[-86.775288,33.499741],[-86.77513,33.499796],[-86.77506,33.499789],[-86.774765,33.4994],[-86.774743,33.49937],[-86.774156,33.499693],[-86.773364,33.500123],[-86.772966,33.500356],[-86.772674,33.500551],[-86.772434,33.500722],[-86.771969,33.501061],[-86.771891,33.501158],[-86.771467,33.501466],[-86.771452,33.501438],[-86.771114,33.501684],[-86.770345,33.502247],[-86.770062,33.50239],[-86.770048,33.502572],[-86.769718,33.50269],[-86.768726,33.503038],[-86.768493,33.503121],[-86.768366,33.503163],[-86.767759,33.503377],[-86.767031,33.503711],[-86.76694,33.503753],[-86.766273,33.504055],[-86.766219,33.50408],[-86.766133,33.504122],[-86.764726,33.504828],[-86.763504,33.505347],[-86.762996,33.505614],[-86.762744,33.505691],[-86.762575,33.505798],[-86.76189,33.506102],[-86.761745,33.5062],[-86.761836,33.506316],[-86.761934,33.506404],[-86.761259,33.506939],[-86.759895,33.508022],[-86.759627,33.508234],[-86.759493,33.508339],[-86.759361,33.508337],[-86.758065,33.508322],[-86.757808,33.508323],[-86.757777,33.508342],[-86.757729,33.508392],[-86.755533,33.509776],[-86.755381,33.509824],[-86.755275,33.509928],[-86.752949,33.511379],[-86.752703,33.511533],[-86.752573,33.511615],[-86.752221,33.511832],[-86.752141,33.511908],[-86.75203,33.511976],[-86.750622,33.512844],[-86.749705,33.51341],[-86.749379,33.51361],[-86.749202,33.513719],[-86.74416,33.516849],[-86.743888,33.516578],[-86.74357,33.516213],[-86.743522,33.516175],[-86.743465,33.516129],[-86.743331,33.51607],[-86.743264,33.515881],[-86.743167,33.515788],[-86.743076,33.515644],[-86.743044,33.515529],[-86.743047,33.515405],[-86.743048,33.515349],[-86.742969,33.515346],[-86.742004,33.51532],[-86.741924,33.51532],[-86.741925,33.514792],[-86.741917,33.513618],[-86.741919,33.51277],[-86.741921,33.511505],[-86.741922,33.510652],[-86.740818,33.510637],[-86.739667,33.510589],[-86.739666,33.510118],[-86.739665,33.509608],[-86.739663,33.508645],[-86.739658,33.50855],[-86.739606,33.508468],[-86.739487,33.507687],[-86.739449,33.507441],[-86.739473,33.505252],[-86.739471,33.505116],[-86.739452,33.505041],[-86.739396,33.504974],[-86.739357,33.504904],[-86.739285,33.504776],[-86.739242,33.504701],[-86.739203,33.504642],[-86.739238,33.504625],[-86.739266,33.504602],[-86.739293,33.504576],[-86.739319,33.504547],[-86.739346,33.50451],[-86.739368,33.504477],[-86.7394,33.504404],[-86.739409,33.504371],[-86.739414,33.504303],[-86.739273,33.5043],[-86.738986,33.504292],[-86.738221,33.50427],[-86.738092,33.504366],[-86.738051,33.504365],[-86.737693,33.504281],[-86.737612,33.504268],[-86.737513,33.504255],[-86.737379,33.504252],[-86.737134,33.504246],[-86.736986,33.504127],[-86.736824,33.504177],[-86.736693,33.504217],[-86.736661,33.504236],[-86.736641,33.504247],[-86.73663,33.504482],[-86.736134,33.504664],[-86.735353,33.504961],[-86.735103,33.505054],[-86.733738,33.505042],[-86.73342,33.505032],[-86.732885,33.505025],[-86.732632,33.50502],[-86.732462,33.504828],[-86.732105,33.504386],[-86.732089,33.504366],[-86.731933,33.504196],[-86.731887,33.504146],[-86.73186,33.504145],[-86.731783,33.504055],[-86.731847,33.504023],[-86.731726,33.503852],[-86.731622,33.503705],[-86.731441,33.503453],[-86.731293,33.503251],[-86.73118,33.503297],[-86.731034,33.503367],[-86.730929,33.503433],[-86.730849,33.503499],[-86.730778,33.503566],[-86.730723,33.503649],[-86.730672,33.50374],[-86.730636,33.503824],[-86.730616,33.503916],[-86.730605,33.503999],[-86.7306,33.504064],[-86.730586,33.504179],[-86.730603,33.504271],[-86.730617,33.504306],[-86.730953,33.504647],[-86.731046,33.504742],[-86.731248,33.504947],[-86.731505,33.505209],[-86.731795,33.505565],[-86.731939,33.505742],[-86.732051,33.50588],[-86.732287,33.506171],[-86.732303,33.506197],[-86.73232,33.506226],[-86.732358,33.506301],[-86.732382,33.506362],[-86.732408,33.506457],[-86.732428,33.506551],[-86.732425,33.506662],[-86.732412,33.506764],[-86.732388,33.506859],[-86.732375,33.506898],[-86.732257,33.507189],[-86.732151,33.507277],[-86.732054,33.507369],[-86.731838,33.507476],[-86.731758,33.507567],[-86.731724,33.507624],[-86.731627,33.507698],[-86.731541,33.507825],[-86.73145,33.507907],[-86.731434,33.507988],[-86.731462,33.508073],[-86.731513,33.508177],[-86.731577,33.50828],[-86.731657,33.508382],[-86.731791,33.508536],[-86.731903,33.508746],[-86.731972,33.508897],[-86.732047,33.509077],[-86.732066,33.509198],[-86.73207,33.509252],[-86.732024,33.509404],[-86.731965,33.509598],[-86.731893,33.50974],[-86.731776,33.509873],[-86.731452,33.510144],[-86.73117,33.510431],[-86.730822,33.510708],[-86.730658,33.510855],[-86.730427,33.511062],[-86.730408,33.511091],[-86.73028,33.511275],[-86.730132,33.511488],[-86.730114,33.511482],[-86.730101,33.511478],[-86.730096,33.511559],[-86.730087,33.511642],[-86.730072,33.511732],[-86.730043,33.511858],[-86.730021,33.51194],[-86.729993,33.512025],[-86.729944,33.512125],[-86.729913,33.512173],[-86.729875,33.512223],[-86.729834,33.512268],[-86.729799,33.512302],[-86.729762,33.512334],[-86.729732,33.512357],[-86.729685,33.51239],[-86.729645,33.512415],[-86.72958,33.512454],[-86.729513,33.512498],[-86.729457,33.512542],[-86.729363,33.512627],[-86.729309,33.512685],[-86.729293,33.512706],[-86.72922,33.512807],[-86.729196,33.512862],[-86.729002,33.513186],[-86.728852,33.513461],[-86.728609,33.513653],[-86.728356,33.513777],[-86.728324,33.513795],[-86.728278,33.513822],[-86.72798,33.513401],[-86.727649,33.513618],[-86.726499,33.514369],[-86.726499,33.514423],[-86.72607,33.514678],[-86.726078,33.514886],[-86.726081,33.514945],[-86.726061,33.514944],[-86.726036,33.514943],[-86.725616,33.515372],[-86.724396,33.515952],[-86.724402,33.516278],[-86.723918,33.516573],[-86.723339,33.516924],[-86.723341,33.516974],[-86.723091,33.517083],[-86.722812,33.517193],[-86.72281,33.517141],[-86.722715,33.517171],[-86.72244,33.517283],[-86.722385,33.517327],[-86.722237,33.517443],[-86.722217,33.516852],[-86.722214,33.516756],[-86.721546,33.517195],[-86.719829,33.518464],[-86.72084,33.518481],[-86.720144,33.518941],[-86.719717,33.5193],[-86.717909,33.520456],[-86.716975,33.520878],[-86.716945,33.520899],[-86.716881,33.520936],[-86.716403,33.521022],[-86.7157,33.5214],[-86.714922,33.521952],[-86.714165,33.522395],[-86.714046,33.522741],[-86.713711,33.523227],[-86.71316,33.52339],[-86.712154,33.523995],[-86.711225,33.524806],[-86.711154,33.524858],[-86.709873,33.525814],[-86.709549,33.526027],[-86.70929,33.526229],[-86.709217,33.526286],[-86.709142,33.526345],[-86.708883,33.526403],[-86.708646,33.526457],[-86.708306,33.52676],[-86.707446,33.527219],[-86.706295,33.528063],[-86.705603,33.528727],[-86.705203,33.529203],[-86.70476,33.530403],[-86.704675,33.530679],[-86.704598,33.53069],[-86.704055,33.530796],[-86.703837,33.530839],[-86.702852,33.531101],[-86.702162,33.531325],[-86.701664,33.531512],[-86.70115,33.53173],[-86.70049,33.532044],[-86.700231,33.532185],[-86.699654,33.532514],[-86.699326,33.532733],[-86.698269,33.533472],[-86.699348,33.533856],[-86.699706,33.53405],[-86.698161,33.535442],[-86.697989,33.535482],[-86.697502,33.535687],[-86.696383,33.536179],[-86.694664,33.537292],[-86.693555,33.538132],[-86.691941,33.539484],[-86.691328,33.539937],[-86.691148,33.54008],[-86.686714,33.543613],[-86.68453,33.54536],[-86.683963,33.545707],[-86.683458,33.545938],[-86.682879,33.546202],[-86.682419,33.546325],[-86.682156,33.546394],[-86.681584,33.546501],[-86.681197,33.546532],[-86.680828,33.546562],[-86.680043,33.546532],[-86.679889,33.547356],[-86.679752,33.548696],[-86.679698,33.549224],[-86.679823,33.549253],[-86.680287,33.549604],[-86.682565,33.551592],[-86.683072,33.551814],[-86.685927,33.553084],[-86.688247,33.554133],[-86.688543,33.554257],[-86.689087,33.554504],[-86.692563,33.551814],[-86.695946,33.547303],[-86.696724,33.546726],[-86.697698,33.546004],[-86.69855,33.545381],[-86.699116,33.544974],[-86.700002,33.544347],[-86.700222,33.544255],[-86.700372,33.544241],[-86.700369,33.544489],[-86.700353,33.545099],[-86.70051,33.55079],[-86.700386,33.550812],[-86.699363,33.550883],[-86.699271,33.550855],[-86.69884,33.550821],[-86.69824,33.550731],[-86.698205,33.550727],[-86.697733,33.550599],[-86.697229,33.550601],[-86.696834,33.550674],[-86.696601,33.550857],[-86.696282,33.551203],[-86.695473,33.552273],[-86.695323,33.552518],[-86.693091,33.554404],[-86.691625,33.554376],[-86.691544,33.554377],[-86.691525,33.554397],[-86.691327,33.554599],[-86.685861,33.560185],[-86.684631,33.561466],[-86.683216,33.562888],[-86.683657,33.563194],[-86.683712,33.563231],[-86.6836,33.563322],[-86.683577,33.563341],[-86.683228,33.563571],[-86.683014,33.563712],[-86.682845,33.563823],[-86.682559,33.563986],[-86.682469,33.564062],[-86.68238,33.564105],[-86.682069,33.564367],[-86.68155,33.565133],[-86.681595,33.565136],[-86.68172,33.565156],[-86.68191,33.565196],[-86.682226,33.565192],[-86.682626,33.565228],[-86.682744,33.565251],[-86.682796,33.56529],[-86.682808,33.565355],[-86.682795,33.565891],[-86.682743,33.565982],[-86.681884,33.56598],[-86.681686,33.56598],[-86.681056,33.565965],[-86.680992,33.565954],[-86.680838,33.566156],[-86.679007,33.568951],[-86.678903,33.569109],[-86.678399,33.569877],[-86.677591,33.57111],[-86.676974,33.572192],[-86.676592,33.57275],[-86.674617,33.574875],[-86.674156,33.575371],[-86.673787,33.575605],[-86.67184,33.576808],[-86.671907,33.576894],[-86.667724,33.579413],[-86.667326,33.57964],[-86.66775,33.580355],[-86.667847,33.580615],[-86.667563,33.580783],[-86.667337,33.580918],[-86.667306,33.580937],[-86.667327,33.580964],[-86.667356,33.580953],[-86.667413,33.581113],[-86.667795,33.582174],[-86.667944,33.582445],[-86.669747,33.582446],[-86.669811,33.582446],[-86.669812,33.582247],[-86.669814,33.582119],[-86.670025,33.582122],[-86.67075,33.582135],[-86.670747,33.582285],[-86.670739,33.582655],[-86.670698,33.582655],[-86.670711,33.583588],[-86.67057,33.583621],[-86.670067,33.583769],[-86.669996,33.58379],[-86.669861,33.583828],[-86.669626,33.583895],[-86.668998,33.584082],[-86.666342,33.58485],[-86.666033,33.584943],[-86.665981,33.584958],[-86.665534,33.585084],[-86.664972,33.585248],[-86.664357,33.585427],[-86.664086,33.585505],[-86.664017,33.585321],[-86.663909,33.58503],[-86.663805,33.585053],[-86.66371,33.585059],[-86.663671,33.585062],[-86.66365,33.585063],[-86.66348,33.585077],[-86.66345,33.585079],[-86.663475,33.585221],[-86.663601,33.585439],[-86.663703,33.585616],[-86.663319,33.585727],[-86.662932,33.58584],[-86.662827,33.58587],[-86.662639,33.585925],[-86.662397,33.585996],[-86.662258,33.586036],[-86.662218,33.586048],[-86.662113,33.586078],[-86.662091,33.586084],[-86.661958,33.586122],[-86.661815,33.586165],[-86.661234,33.586337],[-86.661074,33.586384],[-86.661084,33.586424],[-86.661086,33.586503],[-86.660986,33.586532],[-86.660811,33.586584],[-86.660777,33.586594],[-86.66071,33.586614],[-86.660682,33.586622],[-86.66059,33.586648],[-86.660423,33.586697],[-86.660302,33.586732],[-86.660009,33.586818],[-86.659812,33.586876],[-86.659768,33.586889],[-86.659609,33.586936],[-86.659473,33.586976],[-86.659436,33.586987],[-86.65886,33.587156],[-86.658008,33.587436],[-86.657171,33.58775],[-86.656836,33.587902],[-86.656636,33.587993],[-86.656314,33.588139],[-86.656221,33.588181],[-86.656207,33.588187],[-86.656149,33.588214],[-86.655973,33.588301],[-86.655753,33.588408],[-86.655637,33.588464],[-86.655589,33.58849],[-86.655152,33.588728],[-86.654736,33.588959],[-86.654709,33.588975],[-86.654692,33.588985],[-86.654653,33.589007],[-86.65462,33.589027],[-86.654575,33.589053],[-86.654542,33.589073],[-86.654158,33.589297],[-86.653976,33.589404],[-86.653521,33.58967],[-86.653117,33.589917],[-86.653078,33.589947],[-86.652754,33.590202],[-86.652489,33.590486],[-86.652233,33.590821],[-86.651819,33.59144],[-86.651604,33.591714],[-86.651374,33.591991],[-86.651693,33.592186],[-86.65056,33.593135],[-86.650462,33.592976],[-86.65002,33.593335],[-86.650311,33.593525],[-86.650597,33.593712],[-86.650328,33.593768],[-86.650303,33.59376],[-86.650015,33.59388],[-86.650003,33.593908],[-86.648969,33.593964],[-86.649292,33.594337],[-86.649351,33.594405],[-86.65076,33.596034],[-86.65095,33.596254],[-86.651056,33.59639],[-86.651563,33.597062],[-86.651756,33.597386],[-86.651909,33.597743],[-86.651959,33.597913],[-86.652001,33.598067],[-86.652008,33.598114],[-86.652051,33.598397],[-86.652059,33.598685],[-86.652039,33.599031],[-86.651967,33.599384],[-86.651963,33.599403],[-86.651847,33.599763],[-86.651719,33.600015],[-86.651557,33.600264],[-86.651367,33.600556],[-86.65141,33.600579],[-86.651474,33.600615],[-86.651895,33.600845],[-86.652386,33.601125],[-86.652625,33.601263],[-86.652698,33.601306],[-86.652907,33.601427],[-86.65313,33.601548],[-86.65335,33.601671],[-86.653646,33.60185],[-86.653798,33.601954],[-86.653843,33.601993],[-86.654061,33.602191],[-86.654178,33.602343],[-86.654285,33.602496],[-86.654305,33.602535],[-86.654362,33.602649],[-86.65441,33.602761],[-86.654569,33.603138],[-86.654717,33.603384],[-86.65488,33.603599],[-86.655184,33.603968],[-86.655361,33.604175],[-86.655525,33.604331],[-86.655766,33.604511],[-86.656568,33.605051],[-86.657978,33.606053],[-86.658464,33.606263],[-86.659872,33.606717],[-86.660095,33.606812],[-86.660258,33.606918],[-86.66062,33.607222],[-86.660804,33.607389],[-86.660827,33.607402],[-86.660842,33.60741],[-86.661115,33.607564],[-86.662219,33.608008],[-86.663102,33.608448],[-86.662948,33.608729],[-86.662392,33.609741],[-86.661421,33.612306],[-86.66136,33.61252],[-86.661347,33.612734],[-86.661368,33.613581],[-86.661362,33.614927],[-86.661367,33.615895],[-86.661355,33.616713],[-86.661307,33.616922],[-86.661162,33.617252],[-86.660891,33.617799],[-86.660638,33.618132],[-86.66154,33.618748],[-86.66127,33.619395],[-86.661304,33.619597],[-86.661417,33.619717],[-86.661718,33.619882],[-86.662055,33.620169],[-86.662276,33.62],[-86.663011,33.619337],[-86.663122,33.619413],[-86.663335,33.619602],[-86.66368,33.619861],[-86.663847,33.61992],[-86.663953,33.619948],[-86.664466,33.619951],[-86.665076,33.619952],[-86.665245,33.619985],[-86.665514,33.619976],[-86.666849,33.619992],[-86.667415,33.619971],[-86.66987,33.620002],[-86.669681,33.620251],[-86.669512,33.620462],[-86.669034,33.620973],[-86.668997,33.621012],[-86.668778,33.621256],[-86.668655,33.621407],[-86.668404,33.621843],[-86.668383,33.621879],[-86.668335,33.621985],[-86.668282,33.622102],[-86.668208,33.622384],[-86.668193,33.622504],[-86.668173,33.622656],[-86.668169,33.622685],[-86.668144,33.622886],[-86.668146,33.623027],[-86.668156,33.623676],[-86.668167,33.624042],[-86.668171,33.624265],[-86.668153,33.624347],[-86.668011,33.624805],[-86.667878,33.625267],[-86.667786,33.625515],[-86.66762,33.625937],[-86.667445,33.626377],[-86.667432,33.626423],[-86.667383,33.626595],[-86.667343,33.626709],[-86.667092,33.627421],[-86.668295,33.627406],[-86.670147,33.627391],[-86.670787,33.62739],[-86.670849,33.627399],[-86.672153,33.627439],[-86.672444,33.627446],[-86.672604,33.627458],[-86.672828,33.627471],[-86.67308,33.627486],[-86.673146,33.627493],[-86.673336,33.627478],[-86.673675,33.627462],[-86.673725,33.627597],[-86.673744,33.627707],[-86.673757,33.627836],[-86.673816,33.628007],[-86.673886,33.628135],[-86.673921,33.628228],[-86.673928,33.628261],[-86.673927,33.628333],[-86.673914,33.628435],[-86.673875,33.628542],[-86.673823,33.628742],[-86.673789,33.628916],[-86.67378,33.628989],[-86.673726,33.629406],[-86.673701,33.629637],[-86.673705,33.62975],[-86.673729,33.629885],[-86.673742,33.629912],[-86.673763,33.629954],[-86.673829,33.630025],[-86.673921,33.630103],[-86.674052,33.630184],[-86.674089,33.630206],[-86.674245,33.630288],[-86.674423,33.630363],[-86.674609,33.630421],[-86.675002,33.630514],[-86.675232,33.630587],[-86.675392,33.63065],[-86.677868,33.631909],[-86.67806,33.632032],[-86.678286,33.63221],[-86.678546,33.632416],[-86.678829,33.632652],[-86.679077,33.632897],[-86.679351,33.633181],[-86.679644,33.633458],[-86.679929,33.63371],[-86.67921,33.634214],[-86.679168,33.634268],[-86.679154,33.634349],[-86.679164,33.634533],[-86.679164,33.635009],[-86.679172,33.635278],[-86.67905,33.635526],[-86.67901,33.635621],[-86.679,33.635684],[-86.678998,33.635798],[-86.679,33.635955],[-86.67901,33.635994],[-86.679031,33.636025],[-86.679068,33.63605],[-86.679216,33.636103],[-86.679296,33.636124],[-86.679932,33.636164],[-86.68002,33.636149],[-86.680066,33.636123],[-86.680102,33.636084],[-86.680115,33.636035],[-86.680131,33.635614],[-86.680119,33.635578],[-86.680097,33.635549],[-86.680073,33.635527],[-86.679986,33.635481],[-86.679952,33.635449],[-86.679947,33.635425],[-86.679947,33.635379],[-86.679957,33.635323],[-86.679975,33.635253],[-86.679974,33.635236],[-86.679966,33.63503],[-86.679958,33.634842],[-86.679954,33.63457],[-86.679969,33.634418],[-86.680391,33.634095],[-86.680656,33.634275],[-86.680867,33.634367],[-86.681005,33.634399],[-86.68122,33.634409],[-86.681344,33.6344],[-86.681456,33.634391],[-86.681619,33.634386],[-86.681724,33.634392],[-86.681862,33.634424],[-86.681987,33.63446],[-86.682497,33.634631],[-86.682739,33.634687],[-86.682732,33.634815],[-86.682733,33.635479],[-86.682732,33.635518],[-86.682739,33.6357],[-86.68274,33.635805],[-86.682732,33.6359],[-86.68274,33.636026],[-86.682731,33.636136],[-86.682724,33.636221],[-86.682718,33.636387],[-86.682729,33.6371],[-86.683691,33.637113],[-86.68369,33.638332],[-86.683698,33.639334],[-86.683692,33.640303],[-86.683698,33.640557],[-86.683701,33.64117],[-86.683698,33.64177],[-86.683707,33.642075],[-86.683706,33.64242],[-86.683723,33.643613],[-86.683777,33.645738],[-86.683798,33.646381],[-86.683797,33.647366],[-86.683742,33.648027],[-86.683689,33.648358],[-86.683468,33.649334],[-86.68359,33.649341],[-86.683459,33.649867],[-86.683293,33.650618],[-86.68321,33.651047],[-86.683894,33.651048],[-86.685254,33.65107],[-86.685978,33.651077],[-86.687229,33.651088],[-86.688569,33.651093],[-86.689284,33.651096],[-86.689976,33.651062],[-86.690712,33.651069],[-86.690754,33.651083],[-86.690798,33.651107],[-86.691712,33.651822],[-86.691957,33.65208],[-86.692212,33.65234],[-86.69233,33.652474],[-86.692387,33.652586],[-86.692509,33.652592],[-86.692634,33.652576],[-86.692972,33.652359],[-86.693441,33.652045],[-86.693417,33.652019],[-86.693621,33.651949],[-86.694505,33.651665],[-86.694639,33.651635],[-86.694806,33.651591],[-86.695221,33.651468],[-86.695354,33.651376],[-86.695417,33.65124],[-86.695421,33.650442],[-86.695427,33.649447],[-86.69601,33.649452],[-86.696021,33.649122],[-86.696013,33.648424],[-86.69601,33.647633],[-86.696025,33.646448],[-86.695996,33.645597],[-86.695654,33.645597],[-86.694535,33.645461],[-86.694238,33.645422],[-86.694211,33.645138],[-86.694235,33.64485],[-86.694322,33.644306],[-86.694484,33.643828],[-86.694647,33.643363],[-86.695043,33.643293],[-86.695248,33.643243],[-86.695564,33.643153],[-86.695882,33.643024],[-86.696261,33.642809],[-86.698436,33.641295],[-86.700065,33.640175],[-86.700424,33.639923],[-86.700991,33.639464],[-86.701478,33.639087],[-86.701494,33.639076],[-86.701831,33.638853],[-86.70191,33.638805],[-86.70217,33.638677],[-86.702218,33.638666],[-86.702288,33.638649],[-86.702355,33.638633],[-86.702675,33.638567],[-86.702821,33.638544],[-86.702851,33.638611],[-86.70317,33.639161],[-86.703559,33.639736],[-86.703683,33.639913],[-86.703835,33.639841],[-86.704616,33.639432],[-86.704587,33.640527],[-86.704586,33.640555],[-86.704567,33.640715],[-86.704572,33.640846],[-86.704618,33.640888],[-86.704632,33.640901],[-86.706311,33.642432],[-86.706608,33.642709],[-86.706871,33.642945],[-86.70717,33.643223],[-86.707691,33.643685],[-86.70801,33.643428],[-86.708853,33.642685],[-86.708988,33.642597],[-86.709154,33.64252],[-86.709241,33.642494],[-86.709419,33.642462],[-86.709736,33.642452],[-86.710621,33.642375],[-86.710853,33.642355],[-86.710942,33.642342],[-86.711588,33.642249],[-86.711902,33.642182],[-86.712121,33.642109],[-86.712133,33.642105],[-86.712416,33.642018],[-86.712431,33.642015],[-86.712625,33.64198],[-86.712642,33.641977],[-86.712869,33.641969],[-86.713522,33.642069],[-86.713866,33.642071],[-86.714005,33.642081],[-86.713927,33.642142],[-86.713383,33.64255],[-86.713304,33.642634],[-86.713261,33.642736],[-86.713242,33.642947],[-86.71324,33.643176],[-86.713238,33.64332],[-86.7139,33.643397],[-86.714302,33.643444],[-86.714406,33.64346],[-86.714361,33.643848],[-86.714324,33.644171],[-86.714643,33.644344],[-86.715504,33.64481],[-86.715878,33.645014],[-86.71665,33.645429],[-86.715121,33.64772],[-86.715731,33.647952],[-86.716298,33.64812],[-86.718315,33.648857],[-86.71856,33.648998],[-86.718232,33.649354],[-86.717409,33.650248],[-86.714661,33.652988],[-86.713862,33.653739],[-86.713209,33.654397],[-86.711348,33.656179],[-86.711524,33.656316],[-86.712148,33.65678],[-86.715886,33.658805],[-86.715944,33.658836],[-86.716156,33.658951],[-86.716252,33.659028],[-86.716551,33.659192],[-86.717625,33.659784],[-86.718371,33.660111],[-86.718603,33.660156],[-86.718841,33.660203],[-86.719203,33.660214],[-86.719608,33.660181],[-86.720082,33.660054],[-86.720315,33.659956],[-86.72063,33.659771],[-86.721632,33.658918],[-86.723989,33.656805],[-86.725528,33.655439],[-86.726144,33.654892],[-86.72644,33.654631],[-86.726828,33.654334],[-86.727091,33.654155],[-86.727671,33.65382],[-86.729653,33.65285],[-86.731238,33.652075],[-86.735643,33.649922],[-86.736728,33.649319],[-86.737722,33.64868],[-86.740534,33.646723],[-86.741909,33.645819],[-86.7428,33.645373],[-86.742969,33.645341],[-86.743148,33.645308],[-86.743563,33.64523],[-86.743607,33.645222],[-86.743838,33.645178],[-86.745506,33.644832],[-86.74751,33.644416],[-86.752061,33.643461],[-86.756469,33.642536],[-86.757959,33.642242],[-86.758455,33.642168],[-86.759147,33.6421],[-86.761454,33.641927],[-86.762451,33.641821],[-86.763081,33.641729],[-86.764242,33.641508],[-86.765685,33.641133],[-86.766457,33.640894],[-86.767886,33.640351],[-86.768878,33.639897],[-86.76933,33.639691],[-86.770478,33.63904],[-86.771539,33.638357],[-86.772312,33.637776],[-86.772985,33.637232],[-86.781371,33.630405],[-86.781395,33.630424],[-86.781566,33.63056],[-86.781629,33.63061],[-86.781942,33.630816],[-86.782424,33.631022],[-86.782693,33.631137],[-86.782715,33.631145],[-86.782768,33.631164],[-86.78287,33.6312],[-86.783171,33.631306],[-86.783505,33.631418],[-86.783949,33.631566],[-86.784127,33.631625],[-86.784368,33.631746],[-86.784681,33.632035],[-86.784832,33.632175],[-86.785171,33.632547],[-86.785321,33.632757],[-86.785424,33.632966],[-86.785507,33.633262],[-86.785543,33.633423],[-86.785545,33.633593],[-86.785735,33.633591],[-86.78575,33.633591],[-86.785931,33.633591],[-86.786087,33.633591],[-86.786088,33.634063],[-86.786093,33.634891],[-86.786546,33.634894],[-86.786652,33.634895],[-86.786715,33.634667],[-86.786917,33.63461],[-86.787044,33.63456],[-86.787147,33.634519],[-86.787173,33.634504],[-86.787115,33.634425],[-86.786986,33.634246],[-86.787038,33.634163],[-86.78732,33.63399],[-86.787389,33.634059],[-86.787517,33.634176],[-86.787858,33.63399],[-86.787909,33.633974],[-86.787885,33.633892],[-86.787837,33.633806],[-86.788209,33.633719],[-86.788257,33.633863],[-86.788291,33.633945],[-86.788356,33.633945],[-86.788453,33.633998],[-86.788453,33.633957],[-86.788443,33.633933],[-86.788423,33.633907],[-86.7886,33.633768],[-86.788842,33.633579],[-86.788944,33.633499],[-86.78921,33.633508],[-86.789434,33.633516],[-86.789265,33.633658],[-86.789221,33.63379],[-86.78912,33.63408],[-86.789379,33.634183],[-86.789826,33.63436],[-86.789915,33.634384],[-86.789782,33.634625],[-86.789747,33.634688],[-86.789612,33.634896],[-86.789557,33.63498],[-86.789658,33.635049],[-86.790036,33.635239],[-86.789955,33.635278],[-86.79028,33.635528],[-86.78978,33.635742],[-86.78957,33.635495],[-86.789489,33.635539],[-86.78961,33.635681],[-86.789638,33.635714],[-86.78977,33.635869],[-86.78985,33.635979],[-86.789945,33.636096],[-86.790008,33.636162],[-86.790029,33.636179],[-86.789942,33.636246],[-86.78979,33.63636],[-86.789595,33.636505],[-86.789754,33.636777],[-86.790404,33.636777],[-86.790406,33.636946],[-86.790832,33.636942],[-86.791012,33.636944],[-86.791542,33.636943],[-86.791541,33.636027],[-86.795888,33.636046],[-86.795911,33.63311],[-86.795919,33.631446],[-86.795931,33.62987],[-86.795886,33.629666],[-86.795891,33.62929],[-86.795887,33.629183],[-86.795895,33.62883],[-86.795902,33.628273],[-86.796633,33.62828],[-86.797136,33.628287],[-86.796819,33.628725],[-86.79678,33.628779],[-86.796522,33.62914],[-86.79665,33.629087],[-86.796778,33.629034],[-86.796997,33.628965],[-86.797202,33.62893],[-86.798376,33.628953],[-86.800206,33.628955],[-86.800221,33.629266],[-86.800226,33.629678],[-86.800227,33.629744],[-86.800228,33.629756],[-86.800265,33.629757],[-86.801138,33.629682],[-86.801149,33.62967],[-86.801238,33.629663],[-86.801832,33.629741],[-86.803072,33.629798],[-86.803231,33.629799],[-86.803361,33.629807],[-86.8046,33.629832],[-86.804692,33.629828],[-86.804692,33.629806],[-86.804692,33.629776],[-86.804693,33.629674],[-86.804702,33.628922],[-86.805191,33.628598],[-86.805084,33.628222],[-86.804924,33.627661],[-86.80486,33.627474],[-86.805033,33.627476],[-86.805543,33.627481],[-86.806242,33.628757],[-86.806593,33.629394],[-86.80687,33.629365],[-86.807273,33.629315],[-86.807442,33.629323],[-86.807591,33.629351],[-86.807987,33.629479],[-86.808466,33.629678],[-86.808591,33.629721],[-86.808795,33.629772],[-86.808978,33.629805],[-86.809078,33.62982],[-86.80933,33.629835],[-86.810097,33.629833],[-86.811083,33.629838],[-86.811169,33.629828],[-86.811209,33.629745],[-86.811207,33.62931],[-86.811226,33.628251],[-86.811247,33.627158],[-86.811279,33.626198],[-86.811295,33.625227],[-86.811295,33.625088],[-86.811303,33.624912],[-86.81131,33.624539],[-86.811303,33.624365],[-86.811283,33.624264],[-86.811226,33.624138],[-86.811148,33.62404],[-86.811006,33.623906],[-86.810854,33.623756],[-86.810732,33.623594],[-86.810588,33.623376],[-86.81037,33.623086],[-86.810048,33.622725],[-86.809705,33.622364],[-86.809381,33.622057],[-86.809259,33.621933],[-86.809178,33.62182],[-86.809119,33.621534],[-86.809228,33.62149],[-86.809586,33.621317],[-86.809753,33.621286],[-86.810109,33.621309],[-86.810283,33.621286],[-86.810405,33.621325],[-86.810589,33.621372],[-86.810796,33.621416],[-86.810954,33.621443],[-86.811025,33.621443],[-86.811083,33.621567],[-86.81112,33.621648],[-86.811241,33.621838],[-86.811336,33.621925],[-86.811525,33.62202],[-86.811711,33.622065],[-86.811967,33.622056],[-86.812128,33.622035],[-86.812483,33.62196],[-86.812728,33.621912],[-86.813715,33.621717],[-86.81392,33.621709],[-86.814126,33.621768],[-86.814676,33.622003],[-86.814776,33.622033],[-86.814926,33.622078],[-86.815202,33.622102],[-86.816146,33.622132],[-86.817064,33.622183],[-86.817325,33.622586],[-86.817395,33.622693],[-86.817679,33.622702],[-86.817869,33.62271],[-86.817948,33.622711],[-86.818023,33.622714],[-86.822126,33.622855],[-86.826644,33.623016],[-86.830942,33.623169],[-86.83091,33.626133],[-86.830903,33.626797],[-86.832,33.626828],[-86.835289,33.626924],[-86.835279,33.628288],[-86.835279,33.628433],[-86.835246,33.630581],[-86.836655,33.630634],[-86.841507,33.630787],[-86.844019,33.630861],[-86.844019,33.630885],[-86.844019,33.631795],[-86.843995,33.632149],[-86.844901,33.632149],[-86.845491,33.632149],[-86.845605,33.632149],[-86.845595,33.631946],[-86.845693,33.631581],[-86.845829,33.631286],[-86.846139,33.630893],[-86.846569,33.630578],[-86.846934,33.630382],[-86.847294,33.630191],[-86.847668,33.630013],[-86.847662,33.628702],[-86.848568,33.628728],[-86.848767,33.628718],[-86.849249,33.628695],[-86.850039,33.628809],[-86.851125,33.629002],[-86.852625,33.629899],[-86.853142,33.630189],[-86.853498,33.630389],[-86.854621,33.631085],[-86.855435,33.63155],[-86.856505,33.631871],[-86.857755,33.631794],[-86.858059,33.631685],[-86.858747,33.631442],[-86.860066,33.630976],[-86.861147,33.630762],[-86.861413,33.630729],[-86.862442,33.63046],[-86.862883,33.630483],[-86.863459,33.630513],[-86.863867,33.630581],[-86.86422,33.630627],[-86.864597,33.630699],[-86.865127,33.630855],[-86.865182,33.63087],[-86.865261,33.630889],[-86.865305,33.630909],[-86.86561,33.630986],[-86.866842,33.63121],[-86.867834,33.631146],[-86.869162,33.630921],[-86.87089,33.630409],[-86.871706,33.630169],[-86.872458,33.629865],[-86.873385,33.629769],[-86.874553,33.629913],[-86.876265,33.630489],[-86.877561,33.630968],[-86.878713,33.631496],[-86.879161,33.631912],[-86.879353,33.632296],[-86.879289,33.632408],[-86.879481,33.633112],[-86.879337,33.633592],[-86.878818,33.635788],[-86.878004,33.635746],[-86.874357,33.635657],[-86.873704,33.635753],[-86.873469,33.635926],[-86.873153,33.636269],[-86.873049,33.636378],[-86.872949,33.636482],[-86.872795,33.636643],[-86.872678,33.636768],[-86.872447,33.636943],[-86.872234,33.637067],[-86.872117,33.637134],[-86.871715,33.63728],[-86.871254,33.637349],[-86.870163,33.637366],[-86.869795,33.637408],[-86.86944,33.637521],[-86.869209,33.637651],[-86.86911,33.637707],[-86.868548,33.638116],[-86.868205,33.638323],[-86.868087,33.638369],[-86.867902,33.638442],[-86.867217,33.63856],[-86.865822,33.638529],[-86.86588,33.639129],[-86.865887,33.639555],[-86.865856,33.639852],[-86.865812,33.640269],[-86.865996,33.640619],[-86.866262,33.641127],[-86.869614,33.64231],[-86.869803,33.642386],[-86.869801,33.642447],[-86.869676,33.646118],[-86.869614,33.647823],[-86.869599,33.648253],[-86.869587,33.648562],[-86.869436,33.648616],[-86.869446,33.64863],[-86.870028,33.649696],[-86.871469,33.651824],[-86.871587,33.652185],[-86.871631,33.652552],[-86.871752,33.653264],[-86.871786,33.653484],[-86.871798,33.653565],[-86.871882,33.654162],[-86.871954,33.654637],[-86.872004,33.655226],[-86.872104,33.655284],[-86.872351,33.655785],[-86.872364,33.656003],[-86.872529,33.656033],[-86.872848,33.656041],[-86.873076,33.6559],[-86.873375,33.65557],[-86.873481,33.655144],[-86.873709,33.654701],[-86.873795,33.654533],[-86.874864,33.654696],[-86.875882,33.655639],[-86.878464,33.657986],[-86.885703,33.657243],[-86.889468,33.656856],[-86.893307,33.656462],[-86.895197,33.656259],[-86.899322,33.655816],[-86.899386,33.656104],[-86.899386,33.656424],[-86.89921,33.65676],[-86.898954,33.657176],[-86.89873,33.657384],[-86.89857,33.65764],[-86.898394,33.658024],[-86.898394,33.658248],[-86.898426,33.658344],[-86.898426,33.658552],[-86.898618,33.658568],[-86.898842,33.658696],[-86.899546,33.659112],[-86.899898,33.659384],[-86.90041,33.660056],[-86.901354,33.66148],[-86.90185,33.662216],[-86.902554,33.663192],[-86.903178,33.664105],[-86.90377,33.665017],[-86.904458,33.665817],[-86.904794,33.666281],[-86.90489,33.666553],[-86.904922,33.666857],[-86.905002,33.667369],[-86.90505,33.667881],[-86.905194,33.668265],[-86.905482,33.668809],[-86.905882,33.669721],[-86.906202,33.670297],[-86.906258,33.670448],[-86.906394,33.670601],[-86.906746,33.670873],[-86.907082,33.671081],[-86.907546,33.671273],[-86.90793,33.671337],[-86.908938,33.671448],[-86.91113,33.671704],[-86.911903,33.67179],[-86.911916,33.67172],[-86.911964,33.671575],[-86.912043,33.671438],[-86.912484,33.670729],[-86.912469,33.670625],[-86.91249,33.670482],[-86.912488,33.670343],[-86.912429,33.670209],[-86.912294,33.670054],[-86.912177,33.669964],[-86.912039,33.669873],[-86.911846,33.669721],[-86.911717,33.669599],[-86.911633,33.669482],[-86.911543,33.669171],[-86.911474,33.668769],[-86.91143,33.668639],[-86.91135,33.668435],[-86.911162,33.668064],[-86.911091,33.667937],[-86.910988,33.667813],[-86.91088,33.667751],[-86.910529,33.667621],[-86.910413,33.667567],[-86.910798,33.667278],[-86.910892,33.667156],[-86.911564,33.666025],[-86.911619,33.665872],[-86.911618,33.665686],[-86.911524,33.664997],[-86.911371,33.664235],[-86.911231,33.663759],[-86.910462,33.661492],[-86.910399,33.660537],[-86.910277,33.66032],[-86.910081,33.660092],[-86.909786,33.659915],[-86.909523,33.659449],[-86.909547,33.659229],[-86.909504,33.658874],[-86.909322,33.658643],[-86.909254,33.658451],[-86.90919,33.657856],[-86.908897,33.657336],[-86.908379,33.656163],[-86.908379,33.656109],[-86.908444,33.656001],[-86.908602,33.655878],[-86.908687,33.655662],[-86.908651,33.655562],[-86.908559,33.655476],[-86.908439,33.655437],[-86.907921,33.655524],[-86.907506,33.655421],[-86.907288,33.655319],[-86.907125,33.6552],[-86.907005,33.655062],[-86.906932,33.654531],[-86.906966,33.654321],[-86.907099,33.654194],[-86.907143,33.654127],[-86.907234,33.654065],[-86.907369,33.65394],[-86.907373,33.653872],[-86.90736,33.653839],[-86.90732,33.653825],[-86.907256,33.653818],[-86.906904,33.653829],[-86.906809,33.653823],[-86.906718,33.653798],[-86.90664,33.65374],[-86.906549,33.653653],[-86.906453,33.653524],[-86.906356,33.65331],[-86.906273,33.653061],[-86.906248,33.652928],[-86.906213,33.652854],[-86.906031,33.652681],[-86.90597,33.652599],[-86.905864,33.652351],[-86.905787,33.652263],[-86.905696,33.652143],[-86.905639,33.65189],[-86.90561,33.651819],[-86.905559,33.651729],[-86.905507,33.651614],[-86.905505,33.651543],[-86.905522,33.651465],[-86.905568,33.651407],[-86.905633,33.651345],[-86.905673,33.651291],[-86.905686,33.651231],[-86.90568,33.65116],[-86.905603,33.650922],[-86.905591,33.650856],[-86.905586,33.650687],[-86.9056,33.650507],[-86.905673,33.650324],[-86.905765,33.650148],[-86.905795,33.650042],[-86.905809,33.649935],[-86.905803,33.649813],[-86.905769,33.649754],[-86.905955,33.649542],[-86.906074,33.649423],[-86.907128,33.649526],[-86.913958,33.650315],[-86.927544,33.651864],[-86.930913,33.652248],[-86.93183,33.652353],[-86.9318,33.653131],[-86.931857,33.653432],[-86.931995,33.653816],[-86.932062,33.654247],[-86.931813,33.655177],[-86.931812,33.655329],[-86.932117,33.655739],[-86.932152,33.656027],[-86.931948,33.656768],[-86.931854,33.657221],[-86.931869,33.657736],[-86.932084,33.658116],[-86.932371,33.658465],[-86.932056,33.659645],[-86.932109,33.659842],[-86.932753,33.661435],[-86.933447,33.661945],[-86.933822,33.662187],[-86.933985,33.662277],[-86.934039,33.662307],[-86.93424,33.66237],[-86.934443,33.662377],[-86.934472,33.662378],[-86.934736,33.662326],[-86.935617,33.662152],[-86.938442,33.661596],[-86.939066,33.661639],[-86.939449,33.661802],[-86.939447,33.662003],[-86.939374,33.662143],[-86.938941,33.662402],[-86.938819,33.662642],[-86.938818,33.662863],[-86.938864,33.663124],[-86.938959,33.663285],[-86.939173,33.663547],[-86.939388,33.663709],[-86.939888,33.664334],[-86.940845,33.66498],[-86.940964,33.665121],[-86.943096,33.665854],[-86.943595,33.66678],[-86.943857,33.666849],[-86.94429,33.666964],[-86.945082,33.667007],[-86.945346,33.667049],[-86.945657,33.667191],[-86.946066,33.667112],[-86.9465,33.666833],[-86.946668,33.666794],[-86.947555,33.667079],[-86.947938,33.667141],[-86.948369,33.667424],[-86.949683,33.668373],[-86.95028,33.668978],[-86.950586,33.669392],[-86.950687,33.669643],[-86.950758,33.669937],[-86.950829,33.670136],[-86.950951,33.670369],[-86.951022,33.67062],[-86.951081,33.671156],[-86.951202,33.671493],[-86.951139,33.671726],[-86.950741,33.672545],[-86.95076,33.672787],[-86.950986,33.673021],[-86.951294,33.673241],[-86.951598,33.673399],[-86.951595,33.674775],[-86.95159,33.675273],[-86.95159,33.675553],[-86.95159,33.676746],[-86.951508,33.67692],[-86.951458,33.677007],[-86.951428,33.677079],[-86.951382,33.677199],[-86.951351,33.677313],[-86.951332,33.677439],[-86.951323,33.677563],[-86.951316,33.677676],[-86.951326,33.677736],[-86.951327,33.677792],[-86.951339,33.677815],[-86.951359,33.677849],[-86.951382,33.677901],[-86.951388,33.677935],[-86.951398,33.677983],[-86.951416,33.67805],[-86.95143,33.678094],[-86.951446,33.678128],[-86.95148,33.678151],[-86.951504,33.678167],[-86.951544,33.678214],[-86.951587,33.678254],[-86.951589,33.678448],[-86.951586,33.679551],[-86.951587,33.679638],[-86.951587,33.679923],[-86.951506,33.679999],[-86.951364,33.680112],[-86.951319,33.680152],[-86.951263,33.680197],[-86.951183,33.68025],[-86.951107,33.680302],[-86.951037,33.68036],[-86.95099,33.680409],[-86.950927,33.680452],[-86.950824,33.680529],[-86.950689,33.680634],[-86.95058,33.680718],[-86.950517,33.680772],[-86.950414,33.68088],[-86.950341,33.680985],[-86.950276,33.681118],[-86.950309,33.681166],[-86.950366,33.681243],[-86.950431,33.681311],[-86.950503,33.681358],[-86.950578,33.681421],[-86.950679,33.681505],[-86.950745,33.68156],[-86.950816,33.681624],[-86.950869,33.681659],[-86.950961,33.681709],[-86.95102,33.681748],[-86.951092,33.681791],[-86.951127,33.681815],[-86.951191,33.681881],[-86.951207,33.681916],[-86.951214,33.681992],[-86.951172,33.682173],[-86.95115,33.682233],[-86.951138,33.682277],[-86.951108,33.68235],[-86.951091,33.682405],[-86.951073,33.682463],[-86.951049,33.682536],[-86.951027,33.682599],[-86.951008,33.682657],[-86.950977,33.682724],[-86.950927,33.682802],[-86.950889,33.682872],[-86.950854,33.682924],[-86.950826,33.682964],[-86.950801,33.682999],[-86.95076,33.683052],[-86.950693,33.683126],[-86.950638,33.683185],[-86.950585,33.683265],[-86.950562,33.683311],[-86.950527,33.683362],[-86.950468,33.683435],[-86.950434,33.683467],[-86.950388,33.683527],[-86.950361,33.68357],[-86.950349,33.683602],[-86.950323,33.683663],[-86.950293,33.683739],[-86.950281,33.683768],[-86.950244,33.683839],[-86.950224,33.68387],[-86.950187,33.683916],[-86.950167,33.683969],[-86.950138,33.684022],[-86.950124,33.684084],[-86.950121,33.684159],[-86.950123,33.684221],[-86.950133,33.684323],[-86.950151,33.684423],[-86.950166,33.6845],[-86.950179,33.684555],[-86.950195,33.684648],[-86.950199,33.684715],[-86.950213,33.684788],[-86.950244,33.684908],[-86.950272,33.684992],[-86.950299,33.685096],[-86.950332,33.685249],[-86.950361,33.685338],[-86.950379,33.685393],[-86.950393,33.685448],[-86.95041,33.685549],[-86.950416,33.685637],[-86.950426,33.68569],[-86.950461,33.685851],[-86.950485,33.685936],[-86.950511,33.686116],[-86.950527,33.686238],[-86.950549,33.686425],[-86.950554,33.686518],[-86.950558,33.686611],[-86.950535,33.686663],[-86.950526,33.686679],[-86.950489,33.686728],[-86.950456,33.686757],[-86.950435,33.686789],[-86.950426,33.686843],[-86.950424,33.686876],[-86.950428,33.686915],[-86.950438,33.686953],[-86.950446,33.686963],[-86.950478,33.686962],[-86.950515,33.68696],[-86.950532,33.687009],[-86.950532,33.687059],[-86.950518,33.68715],[-86.950491,33.687265],[-86.950462,33.687316],[-86.950439,33.687367],[-86.950425,33.687393],[-86.950391,33.68745],[-86.950372,33.68748],[-86.950334,33.687499],[-86.950288,33.687512],[-86.950241,33.687515],[-86.950166,33.687505],[-86.950136,33.687494],[-86.950063,33.687472],[-86.950007,33.687454],[-86.949928,33.687416],[-86.949858,33.687368],[-86.949808,33.687302],[-86.94973,33.6872],[-86.949678,33.687137],[-86.949628,33.687069],[-86.949574,33.687002],[-86.949546,33.686965],[-86.949492,33.686907],[-86.949443,33.686856],[-86.949409,33.686827],[-86.949373,33.686811],[-86.949349,33.686801],[-86.949322,33.686777],[-86.949251,33.686721],[-86.949089,33.686595],[-86.94904,33.686557],[-86.948974,33.686525],[-86.948925,33.686485],[-86.948879,33.686441],[-86.948828,33.6864],[-86.948788,33.686367],[-86.948715,33.686316],[-86.94869,33.686297],[-86.948614,33.686241],[-86.948517,33.686184],[-86.948423,33.686139],[-86.948325,33.686094],[-86.948221,33.686054],[-86.948126,33.68602],[-86.94804,33.685978],[-86.947859,33.685888],[-86.947823,33.685868],[-86.94774,33.685822],[-86.94769,33.685805],[-86.947613,33.685775],[-86.947522,33.685736],[-86.947406,33.685668],[-86.947332,33.685632],[-86.947116,33.685547],[-86.947055,33.685512],[-86.946878,33.685432],[-86.946759,33.685393],[-86.9466,33.685351],[-86.946525,33.685344],[-86.946385,33.685349],[-86.94632,33.68536],[-86.946297,33.685377],[-86.946264,33.685405],[-86.946245,33.685434],[-86.946229,33.685476],[-86.946221,33.685573],[-86.946221,33.685625],[-86.946213,33.685664],[-86.946207,33.685728],[-86.946203,33.685793],[-86.946195,33.685913],[-86.946179,33.685993],[-86.946162,33.686088],[-86.946136,33.686226],[-86.946122,33.686288],[-86.946107,33.686351],[-86.946102,33.686437],[-86.9461,33.686554],[-86.946101,33.68661],[-86.946099,33.68676],[-86.946106,33.686821],[-86.946133,33.687022],[-86.946141,33.687078],[-86.946149,33.687135],[-86.946145,33.68717],[-86.946155,33.687261],[-86.946119,33.687329],[-86.946065,33.687355],[-86.946029,33.687365],[-86.945932,33.687357],[-86.945851,33.687331],[-86.945735,33.687281],[-86.945654,33.687244],[-86.945499,33.687164],[-86.945428,33.687127],[-86.94534,33.687076],[-86.945259,33.687025],[-86.94517,33.686968],[-86.945094,33.686932],[-86.944959,33.686872],[-86.944859,33.686823],[-86.944788,33.686788],[-86.94471,33.686757],[-86.944602,33.68672],[-86.944537,33.686701],[-86.944349,33.686657],[-86.944317,33.686647],[-86.944266,33.686631],[-86.944137,33.686579],[-86.944075,33.686551],[-86.944036,33.686522],[-86.943987,33.686485],[-86.943948,33.686456],[-86.943901,33.68642],[-86.943642,33.686202],[-86.943585,33.686163],[-86.943502,33.686118],[-86.943359,33.686043],[-86.943267,33.686],[-86.943178,33.685969],[-86.943056,33.685942],[-86.942979,33.68592],[-86.943031,33.688347],[-86.943088,33.690434],[-86.943106,33.691054],[-86.946206,33.69116],[-86.950118,33.691294],[-86.951927,33.691356],[-86.951957,33.692169],[-86.952033,33.694215],[-86.952109,33.696302],[-86.952189,33.698368],[-86.952207,33.698906],[-86.952197,33.70046],[-86.952184,33.702544],[-86.952176,33.704594],[-86.952158,33.706616],[-86.952153,33.707896],[-86.952103,33.707919],[-86.951493,33.708195],[-86.951022,33.7084],[-86.950747,33.708488],[-86.950571,33.708515],[-86.950468,33.708521],[-86.950247,33.708516],[-86.949267,33.708435],[-86.949038,33.708412],[-86.948952,33.708408],[-86.948866,33.708411],[-86.948605,33.708431],[-86.948084,33.708485],[-86.947956,33.708561],[-86.947686,33.708739],[-86.947543,33.708808],[-86.947446,33.70892],[-86.947386,33.708997],[-86.947307,33.709044],[-86.947245,33.709072],[-86.953318,33.710415],[-86.953582,33.710459],[-86.953645,33.710009],[-86.95413,33.708884],[-86.955358,33.708037],[-86.956413,33.707466],[-86.957364,33.707431],[-86.959059,33.708019],[-86.961014,33.708954],[-86.962709,33.709736],[-86.963888,33.71042],[-86.964923,33.711153],[-86.964928,33.710913],[-86.965286,33.704408],[-86.965394,33.704416],[-86.965525,33.704401],[-86.96577,33.704332],[-86.966,33.704277],[-86.966139,33.704279],[-86.96624,33.704308],[-86.966335,33.704348],[-86.966445,33.70443],[-86.966754,33.704696],[-86.967019,33.704856],[-86.967505,33.705193],[-86.967767,33.705382],[-86.968073,33.70559],[-86.968237,33.705652],[-86.96843,33.705697],[-86.968665,33.705746],[-86.968745,33.705755],[-86.968824,33.705758],[-86.969165,33.705726],[-86.969368,33.705695],[-86.969603,33.705681],[-86.969721,33.705695],[-86.969844,33.705735],[-86.969979,33.705803],[-86.970068,33.705882],[-86.970177,33.706044],[-86.970293,33.706281],[-86.970379,33.706359],[-86.970478,33.706412],[-86.970609,33.706454],[-86.97082,33.706483],[-86.97105,33.706563],[-86.971288,33.70669],[-86.971603,33.706809],[-86.97188,33.706876],[-86.97275,33.707058],[-86.973425,33.707199],[-86.9741,33.707277],[-86.974735,33.707404],[-86.974965,33.707414],[-86.975264,33.707375],[-86.975489,33.707313],[-86.975842,33.707201],[-86.976449,33.707008],[-86.976706,33.706893],[-86.976852,33.706837],[-86.97707,33.706753],[-86.977484,33.706613],[-86.978143,33.70642],[-86.978524,33.706232],[-86.97883,33.706073],[-86.979135,33.705883],[-86.979528,33.705558],[-86.979647,33.705394],[-86.979762,33.705155],[-86.979829,33.704839],[-86.979769,33.704586],[-86.979784,33.704537],[-86.979839,33.704467],[-86.979964,33.704427],[-86.98019,33.704418],[-86.980272,33.704495],[-86.981025,33.705058],[-86.981249,33.705221],[-86.981921,33.704962],[-86.982226,33.704859],[-86.982459,33.704812],[-86.982628,33.704765],[-86.982865,33.704667],[-86.98335,33.704431],[-86.983471,33.704372],[-86.983712,33.70427],[-86.983873,33.704203],[-86.984052,33.704138],[-86.984268,33.70407],[-86.984366,33.704039],[-86.98447,33.703999],[-86.984533,33.703975],[-86.984652,33.703915],[-86.984784,33.703833],[-86.984918,33.703715],[-86.985,33.703648],[-86.985125,33.703522],[-86.985289,33.70333],[-86.985505,33.703096],[-86.985667,33.702909],[-86.985956,33.702532],[-86.986077,33.702356],[-86.986214,33.702191],[-86.98639,33.701915],[-86.986486,33.70168],[-86.986565,33.701546],[-86.986707,33.701348],[-86.986679,33.700876],[-86.986678,33.700797],[-86.986669,33.699779],[-86.986669,33.699735],[-86.986668,33.699192],[-86.986676,33.698117],[-86.987905,33.698126],[-86.987904,33.69823],[-86.987913,33.700132],[-86.988115,33.699991],[-86.988393,33.699561],[-86.988438,33.699492],[-86.989119,33.69881],[-86.989459,33.698581],[-86.989029,33.698059],[-86.988515,33.697505],[-86.987798,33.696836],[-86.987461,33.696559],[-86.985274,33.694961],[-86.985453,33.694863],[-86.985491,33.694842],[-86.985965,33.694584],[-86.986662,33.694181],[-86.98965,33.692451],[-86.990589,33.691912],[-86.991357,33.691576],[-86.991933,33.691336],[-86.992414,33.691175],[-86.992846,33.691111],[-86.993214,33.691095],[-86.993646,33.691111],[-86.994206,33.691223],[-86.994622,33.691351],[-86.995069,33.691527],[-86.995529,33.691817],[-86.995598,33.691863],[-86.995918,33.692103],[-86.996382,33.692503],[-86.996942,33.692951],[-86.99715,33.693115],[-86.997566,33.693673],[-86.998265,33.694192],[-86.998597,33.694341],[-86.998541,33.694024],[-86.998493,33.693784],[-86.998445,33.6934],[-86.998445,33.693032],[-86.998493,33.692648],[-86.998621,33.692296],[-86.998685,33.692008],[-86.998749,33.691704],[-86.998733,33.691288],[-86.998717,33.691],[-86.998685,33.690712],[-86.998621,33.690504],[-86.998605,33.690328],[-86.998557,33.690184],[-86.998445,33.690152],[-86.998317,33.690184],[-86.998253,33.690232],[-86.997933,33.69028],[-86.997821,33.690248],[-86.997645,33.690024],[-86.997581,33.68988],[-86.997581,33.68964],[-86.997517,33.689512],[-86.997389,33.689416],[-86.996973,33.6894],[-86.996349,33.689528],[-86.995835,33.689743],[-86.995848,33.689647],[-86.995894,33.689461],[-86.995923,33.689401],[-86.995973,33.689332],[-86.996041,33.689264],[-86.996303,33.689137],[-86.996462,33.689074],[-86.997482,33.688776],[-86.997862,33.688681],[-86.998282,33.688547],[-86.998577,33.688497],[-86.998719,33.688484],[-86.998882,33.688475],[-86.999028,33.688476],[-86.999151,33.688472],[-86.99931,33.688453],[-86.999377,33.688434],[-86.999444,33.688391],[-86.999515,33.688316],[-86.999541,33.688282],[-86.999767,33.688146],[-86.999603,33.688025],[-86.999507,33.687939],[-86.999402,33.687829],[-86.999238,33.687621],[-86.999015,33.687419],[-86.99876,33.687202],[-86.998722,33.68717],[-86.99841,33.686917],[-86.998209,33.686803],[-86.997892,33.686642],[-86.997813,33.686575],[-86.997787,33.686516],[-86.997775,33.686439],[-86.997769,33.686324],[-86.997776,33.686229],[-86.997867,33.685769],[-86.998045,33.68588],[-86.999661,33.687176],[-87.000125,33.688233],[-87.000829,33.688841],[-87.001101,33.689065],[-87.001149,33.689129],[-87.001549,33.689545],[-87.002493,33.690633],[-87.002749,33.691113],[-87.003181,33.691833],[-87.003773,33.692745],[-87.004509,33.693705],[-87.005933,33.695017],[-87.007805,33.695849],[-87.008973,33.696409],[-87.010365,33.697161],[-87.010829,33.697353],[-87.011453,33.697545],[-87.012333,33.697545],[-87.013053,33.697449],[-87.013357,33.696338],[-87.013421,33.696105],[-87.013503,33.695892],[-87.013516,33.695862],[-87.013597,33.695657],[-87.013645,33.695433],[-87.014013,33.694713],[-87.014445,33.694025],[-87.014877,33.693593],[-87.015319,33.693211],[-87.015326,33.693249],[-87.015339,33.693281],[-87.015458,33.693413],[-87.015652,33.693591],[-87.015828,33.693731],[-87.01601,33.693858],[-87.01624,33.694034],[-87.016519,33.694329],[-87.016881,33.694661],[-87.017511,33.695111],[-87.017665,33.69522],[-87.017792,33.695302],[-87.017817,33.695319],[-87.018109,33.695209],[-87.018221,33.695177],[-87.01883,33.69508],[-87.023537,33.695093],[-87.02594,33.694184],[-87.026105,33.694126],[-87.026251,33.694006],[-87.026931,33.693596],[-87.027172,33.693464],[-87.027496,33.693304],[-87.027766,33.693158],[-87.027864,33.693086],[-87.02794,33.693014],[-87.028005,33.692941],[-87.028116,33.692783],[-87.028356,33.692404],[-87.028483,33.692301],[-87.028555,33.692253],[-87.028645,33.692205],[-87.02882,33.692156],[-87.028957,33.692124],[-87.029276,33.69209],[-87.030161,33.692012],[-87.030306,33.691988],[-87.030507,33.691939],[-87.030645,33.691885],[-87.030889,33.691761],[-87.031068,33.69166],[-87.031571,33.691358],[-87.032281,33.691017],[-87.033127,33.690675],[-87.033425,33.69058],[-87.033678,33.690527],[-87.033901,33.690499],[-87.034183,33.690487],[-87.034527,33.690503],[-87.034754,33.690536],[-87.035269,33.690639],[-87.035629,33.690724],[-87.035845,33.690761],[-87.036113,33.690788],[-87.036285,33.690801],[-87.036967,33.690808],[-87.037092,33.690796],[-87.037214,33.690775],[-87.037376,33.690699],[-87.037469,33.690632],[-87.037559,33.69056],[-87.037725,33.690397],[-87.037892,33.690224],[-87.038057,33.690033],[-87.038163,33.689869],[-87.038281,33.689638],[-87.038324,33.689554],[-87.038419,33.689343],[-87.038627,33.68886],[-87.038769,33.688623],[-87.038917,33.688431],[-87.039035,33.688308],[-87.039194,33.688176],[-87.039358,33.68806],[-87.039543,33.687916],[-87.039697,33.687761],[-87.039737,33.687689],[-87.039796,33.687565],[-87.039818,33.687461],[-87.03982,33.687452],[-87.039822,33.687442],[-87.039823,33.687223],[-87.039793,33.686859],[-87.039772,33.686495],[-87.039772,33.68614],[-87.039774,33.68605],[-87.039776,33.685968],[-87.039793,33.68537],[-87.039793,33.685356],[-87.039997,33.685364],[-87.040083,33.685379],[-87.040152,33.685401],[-87.040227,33.685438],[-87.040317,33.685388],[-87.040348,33.685371],[-87.040427,33.685344],[-87.040511,33.685328],[-87.040946,33.685311],[-87.041816,33.685361],[-87.042686,33.685384],[-87.043526,33.685396],[-87.043993,33.685402],[-87.044428,33.685399],[-87.045295,33.685408],[-87.045726,33.685408],[-87.045894,33.685402],[-87.046065,33.68538],[-87.046175,33.685358],[-87.046238,33.685345],[-87.046294,33.685386],[-87.046443,33.685435],[-87.046563,33.685442],[-87.047879,33.68545],[-87.048752,33.685476],[-87.049187,33.68548],[-87.050053,33.6855],[-87.050924,33.685508],[-87.051783,33.685508],[-87.052375,33.685512],[-87.052454,33.685511],[-87.052625,33.68551],[-87.052734,33.685509],[-87.057252,33.685473],[-87.057271,33.683535],[-87.05735,33.683169],[-87.057378,33.682813],[-87.057385,33.682451],[-87.057385,33.680998],[-87.057415,33.680022],[-87.057425,33.679878],[-87.057426,33.679869],[-87.057437,33.679712],[-87.057454,33.679239],[-87.057458,33.678872],[-87.057456,33.678385],[-87.057455,33.678262],[-87.057446,33.677054],[-87.057438,33.676722],[-87.057434,33.676547],[-87.057424,33.67614],[-87.057428,33.675047],[-87.05742,33.67455],[-87.057418,33.674477],[-87.057412,33.674271],[-87.057421,33.673539],[-87.057436,33.673177],[-87.057437,33.673145],[-87.057443,33.672816],[-87.05744,33.672651],[-87.057466,33.672367],[-87.057483,33.672294],[-87.057512,33.672227],[-87.057506,33.672155],[-87.057492,33.671973],[-87.057392,33.671742],[-87.057388,33.671651],[-87.057382,33.671516],[-87.057385,33.671157],[-87.057381,33.670619],[-87.05738,33.670431],[-87.057382,33.670067],[-87.057432,33.668977],[-87.057436,33.668924],[-87.057459,33.668615],[-87.05746,33.668604],[-87.057487,33.668253],[-87.057488,33.668227],[-87.057503,33.667893],[-87.057504,33.667533],[-87.057556,33.667172],[-87.057646,33.666651],[-87.057682,33.666456],[-87.057822,33.665741],[-87.057867,33.665382],[-87.057882,33.665032],[-87.057882,33.665021],[-87.057859,33.664662],[-87.057758,33.663939],[-87.057724,33.66321],[-87.057714,33.662845],[-87.05771,33.662762],[-87.057711,33.662671],[-87.057711,33.662653],[-87.057711,33.662634],[-87.057719,33.661843],[-87.05772,33.661786],[-87.057725,33.66129],[-87.057728,33.660842],[-87.057749,33.657624],[-87.057757,33.656363],[-87.059468,33.656398],[-87.059564,33.6564],[-87.059611,33.656401],[-87.059634,33.656401],[-87.059654,33.656401],[-87.059849,33.656405],[-87.059876,33.656406],[-87.059976,33.656408],[-87.060071,33.65641],[-87.060516,33.656419],[-87.062377,33.656457],[-87.062416,33.656458],[-87.067994,33.65654],[-87.068339,33.656547],[-87.075198,33.65665],[-87.075286,33.65665],[-87.079315,33.656678],[-87.079755,33.656682],[-87.081922,33.656726],[-87.083567,33.656764],[-87.08499,33.656794],[-87.085167,33.656794],[-87.08529,33.656794],[-87.087086,33.656794],[-87.087473,33.656803],[-87.08804,33.656816],[-87.088498,33.656826],[-87.088598,33.656828],[-87.088784,33.656832],[-87.089214,33.656842],[-87.089248,33.656843],[-87.089267,33.656843],[-87.089318,33.656844],[-87.08933,33.656844],[-87.091183,33.656861],[-87.091268,33.656862],[-87.092546,33.656873],[-87.0927,33.656873],[-87.092641,33.654022],[-87.092638,33.653866],[-87.09265,33.653296],[-87.092669,33.652394],[-87.092683,33.650999],[-87.092687,33.650597],[-87.092689,33.650392],[-87.0927,33.649416],[-87.092718,33.647822],[-87.092702,33.644378],[-87.092702,33.642778],[-87.09272,33.638759],[-87.092722,33.638402],[-87.092728,33.63747],[-87.092731,33.637007],[-87.092733,33.636758],[-87.092734,33.636641],[-87.092733,33.636538],[-87.092733,33.636522],[-87.092733,33.636071],[-87.092734,33.635645],[-87.092734,33.635597],[-87.092734,33.635322],[-87.092734,33.635133],[-87.092734,33.634651],[-87.092734,33.631757],[-87.092733,33.62785],[-87.09494,33.627833],[-87.095264,33.627835],[-87.096467,33.62784],[-87.098327,33.627849],[-87.098867,33.627851],[-87.105977,33.627883],[-87.107902,33.627915],[-87.108302,33.627947],[-87.109742,33.627931],[-87.121653,33.628013],[-87.121838,33.62801],[-87.124133,33.627976],[-87.124467,33.627971],[-87.124643,33.627968],[-87.124845,33.627965],[-87.124907,33.627964],[-87.124932,33.627964],[-87.124945,33.627964],[-87.125013,33.627963],[-87.13028,33.628014],[-87.135002,33.628075],[-87.135495,33.628081],[-87.137585,33.628108],[-87.137656,33.628109],[-87.137677,33.62811],[-87.137706,33.62811],[-87.138776,33.628124],[-87.143975,33.628192],[-87.144432,33.628198],[-87.144473,33.628198],[-87.144504,33.625096],[-87.14433,33.622275],[-87.14435,33.619713],[-87.144366,33.617627],[-87.144374,33.61656],[-87.144413,33.613406],[-87.148904,33.613454],[-87.148934,33.613454],[-87.149274,33.613459],[-87.157081,33.613549],[-87.157409,33.613553],[-87.161607,33.613595],[-87.165344,33.613636],[-87.165386,33.613636],[-87.165555,33.613638],[-87.166081,33.613644],[-87.16803,33.613666],[-87.168339,33.613669],[-87.177111,33.613766],[-87.177273,33.613768],[-87.177396,33.61377],[-87.177412,33.61377],[-87.177445,33.613771],[-87.177465,33.613771],[-87.177539,33.613772],[-87.177701,33.613774],[-87.177816,33.613775],[-87.178073,33.613778],[-87.179018,33.613789],[-87.17943,33.613794],[-87.179431,33.613751],[-87.179433,33.613666],[-87.179433,33.613645],[-87.179512,33.604322],[-87.179555,33.599275],[-87.180212,33.599284],[-87.180924,33.599293],[-87.183446,33.599326],[-87.18463,33.599327],[-87.190499,33.599333],[-87.1931,33.599334],[-87.193384,33.599336],[-87.193668,33.599336],[-87.194045,33.599336],[-87.194231,33.599336],[-87.194415,33.599336],[-87.196924,33.599339],[-87.197034,33.59421],[-87.197052,33.594229],[-87.197105,33.594526],[-87.197282,33.594873],[-87.197368,33.594928],[-87.197532,33.594933],[-87.197538,33.5949],[-87.19742,33.59479],[-87.197381,33.594691],[-87.197394,33.594543],[-87.197361,33.59435],[-87.197197,33.593932],[-87.197164,33.59374],[-87.19717,33.593603],[-87.197229,33.593454],[-87.197301,33.593381],[-87.197185,33.59332],[-87.197066,33.59326],[-87.197136,33.593043],[-87.197296,33.592757],[-87.197499,33.592394],[-87.197658,33.592008],[-87.19766,33.591839],[-87.197556,33.591232],[-87.197518,33.591007],[-87.197469,33.590402],[-87.197551,33.590015],[-87.197771,33.589348],[-87.197861,33.589236],[-87.198425,33.588522],[-87.198989,33.587807],[-87.199093,33.587653],[-87.200408,33.585826],[-87.201679,33.583991],[-87.202553,33.582468],[-87.202897,33.58181],[-87.203613,33.580542],[-87.203726,33.580341],[-87.203857,33.580099],[-87.203941,33.579954],[-87.204021,33.57981],[-87.204123,33.57964],[-87.204221,33.579453],[-87.204292,33.57934],[-87.204392,33.579163],[-87.204577,33.578835],[-87.204709,33.578349],[-87.204766,33.578085],[-87.204825,33.57774],[-87.204846,33.577581],[-87.204926,33.577104],[-87.204943,33.575855],[-87.204949,33.575419],[-87.204109,33.57252],[-87.202722,33.570588],[-87.202671,33.570516],[-87.202372,33.570095],[-87.202072,33.569675],[-87.201807,33.569302],[-87.201619,33.56904],[-87.20153,33.568865],[-87.201381,33.568664],[-87.201247,33.568501],[-87.201105,33.568326],[-87.200388,33.567317],[-87.19993,33.566631],[-87.199805,33.566438],[-87.199725,33.566333],[-87.199656,33.566246],[-87.199037,33.565378],[-87.198418,33.564509],[-87.196914,33.5624],[-87.194145,33.560269],[-87.193404,33.559891],[-87.191512,33.559339],[-87.188364,33.558278],[-87.188257,33.558242],[-87.187358,33.557752],[-87.187148,33.557638],[-87.187117,33.557621],[-87.186516,33.556951],[-87.18629,33.556701],[-87.186222,33.556589],[-87.185794,33.555882],[-87.185691,33.55501],[-87.185797,33.554391],[-87.185858,33.554036],[-87.186326,33.553119],[-87.186498,33.552782],[-87.18667,33.552446],[-87.186764,33.552262],[-87.187222,33.551743],[-87.187618,33.551488],[-87.18825,33.551313],[-87.188628,33.551208],[-87.189943,33.551011],[-87.190207,33.550989],[-87.19284,33.550773],[-87.195474,33.550556],[-87.195497,33.550556],[-87.19598,33.550469],[-87.197696,33.55016],[-87.198997,33.549657],[-87.200291,33.548879],[-87.205253,33.543708],[-87.205367,33.543588],[-87.205481,33.54347],[-87.206734,33.542165],[-87.206853,33.542041],[-87.206889,33.542004],[-87.206962,33.541928],[-87.208444,33.540384],[-87.210029,33.538732],[-87.211868,33.537346],[-87.212882,33.536766],[-87.213931,33.536382],[-87.215118,33.536174],[-87.215262,33.536156],[-87.215368,33.536131],[-87.215385,33.536127],[-87.215458,33.536115],[-87.217184,33.53597],[-87.219374,33.536208],[-87.220112,33.536386],[-87.223232,33.537145],[-87.226353,33.537903],[-87.228389,33.538398],[-87.229826,33.538753],[-87.230004,33.538798],[-87.230183,33.538843],[-87.230402,33.538898],[-87.230475,33.538916],[-87.230621,33.538952],[-87.231006,33.539043],[-87.231389,33.539134],[-87.231598,33.53918],[-87.231777,33.53922],[-87.231804,33.539226],[-87.232599,33.539383],[-87.234073,33.539415],[-87.235652,33.539104],[-87.235791,33.539077],[-87.237304,33.538328],[-87.237518,33.538131],[-87.238787,33.536958],[-87.238953,33.536644],[-87.239228,33.536126],[-87.239608,33.534173],[-87.239678,33.533535],[-87.239738,33.532981],[-87.239721,33.531914],[-87.239717,33.531593],[-87.239713,33.531353],[-87.239711,33.531225],[-87.239706,33.530906],[-87.239649,33.530254],[-87.239645,33.530207],[-87.239642,33.530169],[-87.239635,33.530084],[-87.239622,33.529939],[-87.23962,33.528619],[-87.239802,33.527831],[-87.239813,33.527809],[-87.24021,33.526978],[-87.24028,33.526834],[-87.240349,33.526688],[-87.240362,33.52666],[-87.24054,33.526289],[-87.240554,33.526259],[-87.240559,33.526249],[-87.240769,33.525809],[-87.24094,33.525455],[-87.241013,33.525303],[-87.241518,33.524486],[-87.24195,33.523787],[-87.242112,33.523524],[-87.242382,33.523088],[-87.242868,33.5223],[-87.243392,33.521454],[-87.243471,33.521355],[-87.245097,33.519334],[-87.246743,33.51729],[-87.248777,33.515086],[-87.248795,33.515066],[-87.248847,33.51501],[-87.248876,33.514979],[-87.24889,33.514964],[-87.248907,33.514952],[-87.24893,33.514935],[-87.248983,33.514897],[-87.249056,33.514845],[-87.249122,33.514798],[-87.249469,33.51455],[-87.249624,33.5145],[-87.249811,33.514438],[-87.249899,33.514408],[-87.249934,33.514396],[-87.249953,33.51439],[-87.249998,33.514375],[-87.250469,33.514198],[-87.251435,33.514015],[-87.252355,33.513888],[-87.252573,33.513917],[-87.252655,33.513928],[-87.252667,33.51393],[-87.253657,33.514063],[-87.254679,33.514265],[-87.255359,33.514445],[-87.255771,33.514615],[-87.256145,33.514769],[-87.256987,33.515442],[-87.257538,33.515963],[-87.257722,33.516137],[-87.258304,33.516955],[-87.25901,33.517764],[-87.259407,33.51879],[-87.259451,33.518924],[-87.259459,33.518946],[-87.259824,33.520041],[-87.260136,33.521101],[-87.260503,33.52236],[-87.260656,33.522773],[-87.260803,33.52317],[-87.260949,33.523564],[-87.261604,33.524948],[-87.261886,33.52611],[-87.262334,33.526887],[-87.263021,33.527712],[-87.263795,33.528489],[-87.263928,33.528613],[-87.264112,33.528785],[-87.264252,33.528916],[-87.264391,33.529047],[-87.264435,33.529088],[-87.265412,33.529606],[-87.266037,33.529895],[-87.266168,33.529956],[-87.266983,33.530225],[-87.267768,33.530441],[-87.26799,33.530502],[-87.2687,33.530583],[-87.268736,33.530578],[-87.270209,33.530322],[-87.271056,33.529862],[-87.271586,33.52942],[-87.272204,33.528874],[-87.272619,33.528412],[-87.27288,33.52818],[-87.273536,33.527431],[-87.273885,33.526761],[-87.274264,33.525881],[-87.274809,33.524662],[-87.27507,33.523908],[-87.275344,33.523121],[-87.275532,33.522056],[-87.2755,33.520826],[-87.275201,33.519396],[-87.275006,33.518903],[-87.274949,33.518757],[-87.274869,33.518554],[-87.274469,33.517988],[-87.27427,33.517766],[-87.27402,33.517487],[-87.273705,33.517181],[-87.273256,33.516748],[-87.273228,33.516731],[-87.272577,33.516343],[-87.271812,33.515952],[-87.271709,33.515903],[-87.270902,33.515521],[-87.269839,33.515065],[-87.269341,33.514655],[-87.269189,33.51453],[-87.268051,33.51368],[-87.267643,33.513422],[-87.267575,33.513385],[-87.26718,33.513151],[-87.266923,33.512929],[-87.266359,33.512439],[-87.265518,33.51162],[-87.265146,33.511189],[-87.264841,33.510835],[-87.264125,33.51005],[-87.264084,33.509995],[-87.263753,33.509548],[-87.262971,33.508561],[-87.262475,33.507986],[-87.262242,33.507708],[-87.261808,33.507193],[-87.261312,33.506513],[-87.260989,33.505842],[-87.26081,33.505243],[-87.260784,33.505134],[-87.260764,33.505049],[-87.260728,33.504896],[-87.260688,33.504726],[-87.260672,33.504658],[-87.260566,33.504209],[-87.260521,33.503667],[-87.260601,33.502966],[-87.260633,33.502826],[-87.260778,33.502183],[-87.26104,33.50152],[-87.261361,33.500683],[-87.261888,33.50011],[-87.262177,33.499727],[-87.262466,33.499344],[-87.26262,33.499139],[-87.263585,33.498322],[-87.264651,33.497785],[-87.264938,33.497695],[-87.265921,33.49739],[-87.267185,33.497189],[-87.268269,33.497143],[-87.269869,33.497345],[-87.270011,33.497363],[-87.270161,33.497414],[-87.270403,33.497497],[-87.270645,33.49758],[-87.271093,33.497736],[-87.272071,33.498143],[-87.273064,33.498897],[-87.273863,33.499572],[-87.274423,33.500107],[-87.274788,33.500448],[-87.274968,33.500528],[-87.275889,33.500936],[-87.277248,33.501602],[-87.27903,33.502172],[-87.279504,33.502277],[-87.279655,33.50231],[-87.279806,33.502344],[-87.280392,33.502474],[-87.282233,33.502674],[-87.283942,33.502581],[-87.28544,33.50228],[-87.286643,33.501629],[-87.287384,33.501187],[-87.287789,33.500752],[-87.288374,33.50011],[-87.288561,33.499571],[-87.288708,33.499145],[-87.288855,33.498719],[-87.288894,33.498607],[-87.289011,33.497656],[-87.288889,33.49619],[-87.288599,33.495009],[-87.287947,33.492978],[-87.287382,33.491414],[-87.286042,33.488505],[-87.285024,33.485785],[-87.284796,33.48437],[-87.284849,33.483038],[-87.285407,33.481509],[-87.286112,33.480655],[-87.287326,33.479801],[-87.288508,33.47936],[-87.29029,33.479127],[-87.290357,33.479124],[-87.292333,33.479028],[-87.292377,33.479031],[-87.29416,33.479174],[-87.29574,33.479354],[-87.296065,33.479391],[-87.296568,33.479595],[-87.297712,33.480209],[-87.297881,33.48037],[-87.298318,33.48079],[-87.298833,33.48167],[-87.299358,33.483074],[-87.299944,33.484807],[-87.300028,33.485056],[-87.300395,33.485934],[-87.30058,33.486379],[-87.301364,33.488318],[-87.302207,33.489252],[-87.303477,33.489945],[-87.304674,33.490299],[-87.305808,33.490366],[-87.30606,33.490335],[-87.307035,33.490181],[-87.307386,33.490068],[-87.308391,33.489745],[-87.310239,33.488923],[-87.310789,33.488649],[-87.312418,33.487839],[-87.313913,33.487361],[-87.314127,33.487293],[-87.314615,33.487247],[-87.314757,33.487313],[-87.315255,33.487544],[-87.315924,33.487931],[-87.317015,33.488746],[-87.318794,33.489848],[-87.320026,33.490611],[-87.322175,33.492066],[-87.32384,33.492818],[-87.325612,33.493101],[-87.327148,33.49308],[-87.328058,33.492916],[-87.329176,33.49266],[-87.330278,33.491961],[-87.33065,33.491646],[-87.330816,33.491501],[-87.33117,33.490893],[-87.331396,33.490164],[-87.331451,33.489503],[-87.331419,33.48912],[-87.331364,33.488449],[-87.33133,33.487603],[-87.331482,33.486488],[-87.331742,33.485526],[-87.332442,33.48388],[-87.333133,33.48234],[-87.333161,33.482286],[-87.334412,33.479857],[-87.334634,33.479467],[-87.335091,33.478662],[-87.335725,33.477663],[-87.336554,33.476291],[-87.3372,33.475396],[-87.338327,33.474072],[-87.338895,33.473405],[-87.339463,33.472737],[-87.34095,33.471091],[-87.341698,33.470501],[-87.343034,33.469575],[-87.344048,33.469032],[-87.344251,33.468922],[-87.345459,33.468085],[-87.346298,33.467503],[-87.348033,33.466386],[-87.349532,33.4654],[-87.350657,33.464515],[-87.351673,33.463414],[-87.352823,33.461807],[-87.353105,33.461413],[-87.354181,33.460458],[-87.355196,33.45926],[-87.356146,33.45821],[-87.356939,33.45709],[-87.357181,33.456792],[-87.358204,33.455528],[-87.359153,33.454197],[-87.360302,33.453097],[-87.361732,33.452103],[-87.362691,33.451524],[-87.363108,33.451331],[-87.364223,33.450811],[-87.36564,33.450122],[-87.366061,33.449812],[-87.36665,33.449381],[-87.367296,33.448906],[-87.368208,33.448251],[-87.368717,33.447887],[-87.370385,33.446807],[-87.371509,33.445808],[-87.372501,33.445006],[-87.373613,33.443934],[-87.373987,33.443441],[-87.374998,33.44233],[-87.375001,33.441043],[-87.375328,33.440534],[-87.375656,33.440026],[-87.375719,33.439928],[-87.376103,33.439385],[-87.377179,33.437863],[-87.378377,33.436444],[-87.379463,33.434978],[-87.379568,33.434837],[-87.379672,33.434694],[-87.379817,33.4345],[-87.381127,33.433307],[-87.382144,33.432383],[-87.382179,33.43235],[-87.383385,33.431131],[-87.383543,33.430923],[-87.384153,33.430013],[-87.384914,33.428958],[-87.386384,33.426778],[-87.387832,33.424028],[-87.388796,33.421853],[-87.389607,33.419598],[-87.389808,33.418816],[-87.39017,33.4174],[-87.390926,33.414406],[-87.391133,33.413732],[-87.3912,33.413514],[-87.392023,33.410815],[-87.392043,33.410791],[-87.392478,33.409649],[-87.393511,33.406947],[-87.394419,33.403728],[-87.394853,33.402191],[-87.395604,33.400395],[-87.396195,33.398983],[-87.397129,33.396642],[-87.397498,33.396046],[-87.397623,33.395842],[-87.397749,33.39564],[-87.398494,33.39444],[-87.399401,33.393358],[-87.400502,33.392048],[-87.404626,33.388117],[-87.408629,33.384217],[-87.408876,33.383978],[-87.410065,33.382528],[-87.410478,33.382027],[-87.411395,33.380895],[-87.411957,33.379874],[-87.412075,33.379539],[-87.412346,33.378771],[-87.412578,33.376831],[-87.412553,33.375266],[-87.41255,33.375114],[-87.412519,33.37503],[-87.411928,33.373413],[-87.410662,33.370826],[-87.409659,33.368112],[-87.409671,33.368012],[-87.409702,33.366813],[-87.40967,33.364921],[-87.411242,33.361601],[-87.412467,33.359672],[-87.413256,33.358429],[-87.413602,33.357813],[-87.414507,33.356185],[-87.415514,33.354149],[-87.415755,33.351379],[-87.415758,33.351342],[-87.415302,33.348115],[-87.415074,33.347166],[-87.414599,33.345185],[-87.414512,33.343013],[-87.414461,33.341735],[-87.415063,33.339429],[-87.415255,33.338692],[-87.416201,33.335282],[-87.416521,33.332496],[-87.416225,33.331263],[-87.415773,33.329383],[-87.415502,33.328715],[-87.414675,33.326355],[-87.413805,33.324074],[-87.413079,33.322401],[-87.412462,33.320977],[-87.411333,33.318688],[-87.410036,33.316743],[-87.408861,33.314988],[-87.408305,33.314141],[-87.407302,33.312615],[-87.406969,33.312516],[-87.406302,33.312126],[-87.406201,33.312072],[-87.405779,33.311829],[-87.403963,33.310975],[-87.402578,33.31045],[-87.401888,33.310189],[-87.399798,33.309395],[-87.397921,33.308663],[-87.396639,33.307969],[-87.395998,33.307434],[-87.395502,33.307115],[-87.395434,33.306962],[-87.394824,33.306404],[-87.394472,33.306077],[-87.393725,33.304955],[-87.393302,33.304115],[-87.392885,33.303246],[-87.39229,33.300987],[-87.392183,33.29918],[-87.391955,33.297257],[-87.392122,33.294396],[-87.392748,33.289223],[-87.393236,33.287889],[-87.393274,33.287855],[-87.394202,33.287016],[-87.394475,33.286779],[-87.396043,33.286202],[-87.398745,33.285548],[-87.400376,33.285086],[-87.403431,33.284666],[-87.404861,33.284526],[-87.407255,33.284294],[-87.410798,33.284013],[-87.411079,33.283991],[-87.411368,33.283921],[-87.414228,33.283226],[-87.417206,33.281962],[-87.417348,33.2819],[-87.419672,33.280357],[-87.422154,33.278746],[-87.422197,33.278717],[-87.423294,33.276832],[-87.423245,33.276159],[-87.423169,33.275121],[-87.422619,33.273555],[-87.422367,33.272466],[-87.422174,33.271928],[-87.421604,33.270619],[-87.421294,33.269641],[-87.421322,33.26934],[-87.421349,33.269038],[-87.421172,33.268638],[-87.421183,33.268603],[-87.421214,33.268245],[-87.42129,33.267893],[-87.42132,33.267715],[-87.421329,33.267501],[-87.421337,33.267035],[-87.421346,33.266855],[-87.421311,33.266607],[-87.421244,33.266],[-87.421324,33.265503],[-87.42138,33.265257],[-87.421446,33.265012],[-87.421452,33.264977],[-87.421435,33.264512],[-87.421439,33.264367],[-87.421453,33.264225],[-87.421506,33.263798],[-87.421547,33.263585],[-87.421609,33.263303],[-87.421636,33.263199],[-87.421671,33.263095],[-87.42172,33.262921],[-87.42177,33.26271],[-87.421936,33.262216],[-87.422062,33.26207],[-87.422195,33.261929],[-87.422306,33.261696],[-87.42235,33.261558],[-87.422515,33.261113],[-87.422635,33.260844],[-87.422726,33.260681],[-87.422848,33.260492],[-87.422911,33.260357],[-87.422947,33.260292],[-87.423128,33.260008],[-87.423303,33.259804],[-87.423461,33.259633],[-87.423579,33.259483],[-87.423716,33.259345],[-87.423865,33.259214],[-87.424028,33.259048],[-87.424199,33.258887],[-87.424524,33.258598],[-87.424547,33.258569],[-87.424565,33.258536],[-87.424754,33.258255],[-87.424886,33.258069],[-87.424933,33.25801],[-87.42504,33.257897],[-87.425163,33.257708],[-87.425276,33.257556],[-87.425374,33.257437],[-87.42577,33.257012],[-87.42596,33.256816],[-87.425982,33.256786],[-87.426147,33.256438],[-87.426608,33.256059],[-87.426866,33.255868],[-87.427073,33.255739],[-87.427218,33.255662],[-87.42744,33.25555],[-87.427511,33.25551],[-87.427869,33.255198],[-87.428178,33.254948],[-87.428375,33.254807],[-87.428526,33.25468],[-87.428651,33.254582],[-87.428911,33.254392],[-87.429178,33.254157],[-87.429764,33.254035],[-87.429881,33.253988],[-87.430436,33.253788],[-87.430719,33.253698],[-87.430931,33.253664],[-87.43123,33.253628],[-87.431311,33.253604],[-87.431521,33.25356],[-87.431691,33.253535],[-87.431948,33.253509],[-87.432292,33.253484],[-87.432465,33.253478],[-87.432724,33.253476],[-87.433242,33.253494],[-87.433631,33.253498],[-87.433802,33.253487],[-87.433829,33.253494],[-87.434106,33.253481],[-87.434313,33.253476],[-87.434365,33.253476],[-87.434495,33.253476],[-87.434576,33.253501],[-87.434815,33.253586],[-87.434938,33.253617],[-87.434981,33.253622],[-87.435283,33.253646],[-87.435709,33.253706],[-87.435751,33.253715],[-87.435996,33.253785],[-87.43608,33.253802],[-87.436244,33.253847],[-87.436541,33.253892],[-87.436963,33.253968],[-87.437341,33.254044],[-87.437673,33.254126],[-87.437844,33.254143],[-87.438015,33.254165],[-87.438227,33.254199],[-87.438438,33.254239],[-87.438904,33.254316],[-87.439249,33.254334],[-87.439462,33.25436],[-87.439632,33.254387],[-87.439885,33.254436],[-87.440134,33.254492],[-87.440386,33.254544],[-87.440594,33.254593],[-87.440954,33.254686],[-87.441167,33.254654],[-87.44121,33.254651],[-87.441642,33.254662],[-87.44216,33.254666],[-87.442462,33.254675],[-87.442851,33.254691],[-87.443153,33.254694],[-87.443412,33.254703],[-87.443498,33.254697],[-87.443757,33.254693],[-87.444059,33.25468],[-87.444361,33.254658],[-87.444819,33.254553],[-87.444867,33.254541],[-87.44524,33.254446],[-87.445492,33.254495],[-87.445924,33.254503],[-87.446097,33.254502],[-87.446399,33.254491],[-87.446787,33.254471],[-87.447271,33.25443],[-87.447405,33.25434],[-87.447613,33.254212],[-87.447791,33.254111],[-87.448011,33.253997],[-87.44805,33.253982],[-87.448804,33.253821],[-87.449016,33.253787],[-87.449187,33.253767],[-87.449398,33.253749],[-87.449617,33.253732],[-87.44979,33.253726],[-87.450006,33.253728],[-87.450178,33.253737],[-87.45035,33.253754],[-87.450605,33.253791],[-87.450853,33.25378],[-87.451128,33.253794],[-87.451798,33.253615],[-87.453106,33.253332],[-87.454714,33.252986],[-87.455785,33.252803],[-87.456061,33.252792],[-87.456435,33.252813],[-87.456562,33.252836],[-87.456861,33.252875],[-87.456988,33.252896],[-87.457244,33.252929],[-87.457417,33.25293],[-87.457546,33.252937],[-87.457889,33.252972],[-87.458101,33.253005],[-87.458231,33.25301],[-87.458747,33.253042],[-87.459005,33.253069],[-87.459393,33.253082],[-87.459479,33.253079],[-87.459695,33.253065],[-87.459738,33.253067],[-87.459996,33.253089],[-87.460466,33.253147],[-87.460595,33.253149],[-87.460809,33.253121],[-87.460915,33.253103],[-87.460917,33.253031],[-87.460926,33.252961],[-87.46095,33.252782],[-87.460951,33.252668],[-87.461031,33.252513],[-87.461063,33.252451],[-87.461207,33.252214],[-87.461595,33.251953],[-87.461905,33.251717],[-87.462336,33.251356],[-87.462645,33.251089],[-87.463069,33.250661],[-87.463412,33.250262],[-87.463506,33.250121],[-87.463513,33.250103],[-87.46404,33.249375],[-87.464071,33.249321],[-87.464101,33.249254],[-87.464203,33.248981],[-87.464264,33.248738],[-87.464333,33.248531],[-87.464492,33.248085],[-87.464566,33.247844],[-87.464582,33.247774],[-87.464592,33.247703],[-87.464631,33.247563],[-87.464633,33.247529],[-87.46465,33.247459],[-87.464666,33.247354],[-87.464705,33.246964],[-87.464707,33.246786],[-87.464701,33.246679],[-87.464675,33.246467],[-87.464637,33.246256],[-87.46461,33.246152],[-87.464592,33.246119],[-87.464582,33.246085],[-87.46458,33.246049],[-87.464563,33.24598],[-87.464363,33.245508],[-87.464238,33.245241],[-87.463934,33.244729],[-87.463849,33.244566],[-87.463753,33.244407],[-87.463667,33.244242],[-87.463582,33.24412],[-87.463506,33.243992],[-87.463416,33.243828],[-87.463391,33.2438],[-87.463273,33.243609],[-87.46322,33.243533],[-87.463194,33.243504],[-87.463059,33.243281],[-87.463005,33.243225],[-87.462947,33.243172],[-87.462819,33.243077],[-87.46267,33.242947],[-87.462534,33.242809],[-87.462305,33.242595],[-87.462061,33.242393],[-87.461914,33.242317],[-87.461835,33.242291],[-87.461792,33.242283],[-87.461713,33.242257],[-87.461672,33.242247],[-87.461629,33.242243],[-87.461546,33.242224],[-87.461462,33.242213],[-87.461119,33.242193],[-87.460949,33.242213],[-87.460909,33.242227],[-87.460874,33.242247],[-87.460844,33.242272],[-87.460818,33.2423],[-87.460757,33.242395],[-87.460659,33.242741],[-87.460612,33.243021],[-87.460611,33.243057],[-87.460576,33.243302],[-87.460555,33.24355],[-87.460539,33.24362],[-87.460484,33.243972],[-87.460453,33.244075],[-87.460433,33.244216],[-87.460385,33.244495],[-87.460351,33.244599],[-87.460276,33.244726],[-87.460224,33.244783],[-87.460136,33.244861],[-87.460045,33.244934],[-87.4599,33.245013],[-87.459822,33.245041],[-87.459697,33.24507],[-87.45957,33.245086],[-87.459356,33.245092],[-87.45914,33.245081],[-87.458931,33.245044],[-87.458523,33.244928],[-87.458484,33.244912],[-87.45832,33.244867],[-87.4582,33.24483],[-87.457993,33.244784],[-87.457913,33.24476],[-87.45779,33.244729],[-87.457711,33.244706],[-87.457341,33.244622],[-87.457298,33.244618],[-87.457217,33.244594],[-87.457052,33.24456],[-87.456971,33.244539],[-87.456805,33.244508],[-87.456764,33.244497],[-87.456639,33.244476],[-87.456512,33.244461],[-87.456429,33.244444],[-87.456217,33.244418],[-87.456134,33.2444],[-87.45605,33.244387],[-87.45601,33.244374],[-87.455885,33.244349],[-87.455638,33.244293],[-87.45556,33.244262],[-87.455486,33.244227],[-87.455416,33.244186],[-87.455361,33.244131],[-87.455339,33.244101],[-87.45529,33.24389],[-87.455291,33.243855],[-87.455307,33.243785],[-87.45532,33.243678],[-87.455338,33.243645],[-87.455478,33.243465],[-87.455546,33.243395],[-87.45558,33.243375],[-87.455699,33.243271],[-87.455922,33.243104],[-87.456033,33.243048],[-87.456166,33.242958],[-87.456239,33.242919],[-87.456374,33.242832],[-87.456584,33.242707],[-87.456762,33.242607],[-87.456795,33.242584],[-87.45709,33.242437],[-87.457189,33.242368],[-87.457293,33.242305],[-87.457392,33.242237],[-87.457573,33.242085],[-87.457601,33.242057],[-87.457624,33.242027],[-87.457708,33.241945],[-87.457745,33.241881],[-87.457874,33.241695],[-87.457925,33.241597],[-87.457995,33.241428],[-87.458006,33.241393],[-87.458055,33.241073],[-87.458053,33.240859],[-87.458034,33.240718],[-87.457979,33.240436],[-87.457926,33.240226],[-87.457901,33.240159],[-87.457862,33.240021],[-87.457792,33.239815],[-87.457743,33.239739],[-87.457735,33.239702],[-87.457713,33.239671],[-87.457654,33.239537],[-87.457598,33.239441],[-87.457399,33.239125],[-87.457332,33.239033],[-87.457096,33.238737],[-87.457051,33.238675],[-87.456955,33.238557],[-87.456799,33.238345],[-87.45675,33.238286],[-87.456645,33.238131],[-87.456613,33.238064],[-87.45659,33.238034],[-87.456559,33.237968],[-87.456485,33.237839],[-87.456442,33.237738],[-87.456423,33.237706],[-87.456399,33.237676],[-87.456326,33.237511],[-87.456311,33.237476],[-87.456303,33.23744],[-87.456291,33.237299],[-87.456307,33.237192],[-87.456324,33.23716],[-87.456351,33.237132],[-87.456415,33.237084],[-87.456514,33.237],[-87.456681,33.236916],[-87.456983,33.236781],[-87.457063,33.236756],[-87.457144,33.236735],[-87.457439,33.236693],[-87.457997,33.236652],[-87.458556,33.236621],[-87.458685,33.236621],[-87.458897,33.236643],[-87.458982,33.236655],[-87.459066,33.23666],[-87.459319,33.236697],[-87.459567,33.236756],[-87.45961,33.236763],[-87.45965,33.236773],[-87.459806,33.236832],[-87.459966,33.236884],[-87.460004,33.236901],[-87.460249,33.236969],[-87.460726,33.23713],[-87.46084,33.237181],[-87.461074,33.237268],[-87.461156,33.23729],[-87.461189,33.237313],[-87.461227,33.237329],[-87.461269,33.237336],[-87.461348,33.237366],[-87.461385,33.237384],[-87.461465,33.237409],[-87.461507,33.237417],[-87.461547,33.237431],[-87.461584,33.237448],[-87.461704,33.237485],[-87.461787,33.237505],[-87.461914,33.237526],[-87.461999,33.23753],[-87.46217,33.23753],[-87.462293,33.237499],[-87.462398,33.237437],[-87.462489,33.237361],[-87.462573,33.237281],[-87.462596,33.237251],[-87.462651,33.237195],[-87.462686,33.237128],[-87.462753,33.237037],[-87.462779,33.237009],[-87.462836,33.236913],[-87.462975,33.236652],[-87.463017,33.236592],[-87.463052,33.236525],[-87.463079,33.236459],[-87.463102,33.236427],[-87.463369,33.235863],[-87.463444,33.235695],[-87.463476,33.235591],[-87.4635,33.23545],[-87.463499,33.235343],[-87.463487,33.235202],[-87.463441,33.235065],[-87.463352,33.234864],[-87.463277,33.234735],[-87.463231,33.234636],[-87.463156,33.234507],[-87.463027,33.234322],[-87.462962,33.234229],[-87.462822,33.23405],[-87.46276,33.233956],[-87.462686,33.233828],[-87.462622,33.233696],[-87.462585,33.233632],[-87.462444,33.233294],[-87.462433,33.23326],[-87.462257,33.232895],[-87.462216,33.232833],[-87.462112,33.232639],[-87.46207,33.232537],[-87.462001,33.232408],[-87.461902,33.23225],[-87.461838,33.232158],[-87.46179,33.232098],[-87.461727,33.232006],[-87.461611,33.231855],[-87.461532,33.231771],[-87.461462,33.231681],[-87.461408,33.231626],[-87.461261,33.231496],[-87.461199,33.231448],[-87.461142,33.231395],[-87.46108,33.231347],[-87.460976,33.231282],[-87.460901,33.231248],[-87.460745,33.231189],[-87.460663,33.231167],[-87.460579,33.23115],[-87.460495,33.231144],[-87.460368,33.231127],[-87.460248,33.231088],[-87.460138,33.231034],[-87.460074,33.230986],[-87.460049,33.230956],[-87.460017,33.230891],[-87.46001,33.230855],[-87.460009,33.23082],[-87.459995,33.23075],[-87.459988,33.2305],[-87.459992,33.230322],[-87.460011,33.230182],[-87.460031,33.230075],[-87.460073,33.229903],[-87.460099,33.229835],[-87.460145,33.229734],[-87.460165,33.229703],[-87.460238,33.229615],[-87.460266,33.229588],[-87.460363,33.229517],[-87.460401,33.229501],[-87.460482,33.229476],[-87.460565,33.229459],[-87.460605,33.229447],[-87.460689,33.229432],[-87.461031,33.229412],[-87.461159,33.229422],[-87.461412,33.229459],[-87.461748,33.229526],[-87.461831,33.229546],[-87.46202,33.229602],[-87.462072,33.229619],[-87.462268,33.229689],[-87.462389,33.229726],[-87.462506,33.229771],[-87.462627,33.229806],[-87.462982,33.229931],[-87.463024,33.22994],[-87.463103,33.229965],[-87.463293,33.230047],[-87.463413,33.230086],[-87.463495,33.230106],[-87.463623,33.23012],[-87.46375,33.230128],[-87.464007,33.230134],[-87.464351,33.230123],[-87.4644,33.230117],[-87.464443,33.23012],[-87.464615,33.230109],[-87.464958,33.230078],[-87.465128,33.230058],[-87.465382,33.230022],[-87.465423,33.23001],[-87.466275,33.229916],[-87.466961,33.229855],[-87.46705,33.229839],[-87.467089,33.229824],[-87.467257,33.229793],[-87.467381,33.229763],[-87.467625,33.229694],[-87.467906,33.229605],[-87.468231,33.229511],[-87.468309,33.229481],[-87.468384,33.229447],[-87.468541,33.22939],[-87.468655,33.229339],[-87.468763,33.229281],[-87.468889,33.229183],[-87.468916,33.229156],[-87.468978,33.229107],[-87.469005,33.22908],[-87.4691,33.22896],[-87.469153,33.228862],[-87.469181,33.228794],[-87.469201,33.228726],[-87.469243,33.228442],[-87.469244,33.22837],[-87.469234,33.228122],[-87.46921,33.227908],[-87.469182,33.227767],[-87.469116,33.227488],[-87.468991,33.227074],[-87.468943,33.226947],[-87.468642,33.226157],[-87.468611,33.22609],[-87.468578,33.225997],[-87.468553,33.225957],[-87.468526,33.225889],[-87.468482,33.225828],[-87.468471,33.225786],[-87.468428,33.225724],[-87.468395,33.225659],[-87.468301,33.225423],[-87.46827,33.225357],[-87.468215,33.225184],[-87.468145,33.224868],[-87.468118,33.224441],[-87.468084,33.224193],[-87.468012,33.223768],[-87.467984,33.223664],[-87.46792,33.223384],[-87.467823,33.223035],[-87.467747,33.223],[-87.467714,33.222977],[-87.467686,33.222951],[-87.467626,33.222856],[-87.467603,33.222789],[-87.46746,33.222533],[-87.46742,33.222472],[-87.467404,33.22244],[-87.467322,33.222316],[-87.467184,33.222062],[-87.466989,33.221747],[-87.466968,33.221679],[-87.46697,33.22157],[-87.466975,33.221532],[-87.466826,33.221398],[-87.466765,33.221348],[-87.4666,33.221232],[-87.466323,33.221063],[-87.466212,33.221009],[-87.466131,33.220984],[-87.466055,33.22095],[-87.465773,33.220869],[-87.465735,33.220853],[-87.46558,33.220829],[-87.465455,33.220802],[-87.46537,33.220796],[-87.465247,33.220765],[-87.465204,33.220762],[-87.465121,33.220743],[-87.464529,33.220654],[-87.464018,33.220599],[-87.463464,33.220551],[-87.462868,33.220475],[-87.461673,33.220346],[-87.461632,33.220338],[-87.460991,33.220281],[-87.460307,33.220231],[-87.460222,33.220219],[-87.460052,33.220207],[-87.459924,33.220191],[-87.459714,33.220156],[-87.459504,33.220115],[-87.459422,33.220093],[-87.459338,33.220077],[-87.459258,33.22005],[-87.459194,33.220036],[-87.458955,33.219957],[-87.45884,33.219907],[-87.458799,33.219896],[-87.458682,33.21985],[-87.458576,33.21979],[-87.458445,33.219698],[-87.458324,33.219597],[-87.458313,33.219562],[-87.458296,33.219456],[-87.458297,33.21942],[-87.45829,33.21935],[-87.458302,33.219279],[-87.458343,33.219177],[-87.458416,33.219049],[-87.458512,33.21893],[-87.458556,33.21887],[-87.458711,33.218699],[-87.45882,33.218587],[-87.458868,33.218528],[-87.459007,33.218393],[-87.459028,33.218362],[-87.459103,33.218275],[-87.459596,33.217734],[-87.459708,33.217626],[-87.459809,33.217511],[-87.459889,33.217428],[-87.459932,33.217367],[-87.460007,33.21728],[-87.460148,33.217063],[-87.460173,33.217034],[-87.460231,33.21694],[-87.46028,33.216842],[-87.460421,33.216504],[-87.460466,33.216367],[-87.460615,33.215994],[-87.460652,33.215854],[-87.460665,33.215786],[-87.460666,33.21575],[-87.460681,33.21568],[-87.460694,33.215539],[-87.46072,33.215435],[-87.460737,33.215401],[-87.460791,33.215266],[-87.460903,33.215075],[-87.460978,33.214989],[-87.46114,33.214824],[-87.461262,33.214723],[-87.461359,33.214654],[-87.461464,33.214594],[-87.461647,33.214502],[-87.461724,33.214471],[-87.461799,33.214435],[-87.46188,33.214412],[-87.461953,33.214376],[-87.462196,33.214306],[-87.462399,33.214253],[-87.462519,33.214216],[-87.462953,33.214102],[-87.463287,33.214114],[-87.465254,33.214182],[-87.468328,33.214277],[-87.469196,33.214306],[-87.470151,33.214333],[-87.471692,33.21438],[-87.472789,33.214419],[-87.472752,33.214308],[-87.472669,33.214058],[-87.473347,33.213893],[-87.474592,33.21356],[-87.474994,33.213439],[-87.475395,33.213306],[-87.475458,33.213279],[-87.475474,33.213273],[-87.475542,33.213223],[-87.47558,33.213153],[-87.47557,33.213079],[-87.47553,33.213015],[-87.475444,33.212891],[-87.475283,33.212724],[-87.475145,33.212634],[-87.474981,33.212581],[-87.474713,33.212553],[-87.474629,33.212532],[-87.474579,33.212474],[-87.474565,33.21241],[-87.474537,33.212201],[-87.474546,33.212063],[-87.474586,33.211927],[-87.474646,33.211803],[-87.474491,33.211743],[-87.474401,33.211722],[-87.47427,33.211681],[-87.473996,33.211643],[-87.473665,33.211646],[-87.473366,33.211661],[-87.472961,33.211644],[-87.472585,33.211665],[-87.472172,33.211702],[-87.471947,33.211767],[-87.471759,33.211793],[-87.471651,33.211794],[-87.471525,33.211796],[-87.471333,33.211793],[-87.471243,33.211773],[-87.471072,33.211723],[-87.471047,33.211703],[-87.470904,33.211678],[-87.470775,33.211691],[-87.470658,33.211706],[-87.470466,33.211703],[-87.470376,33.211655],[-87.470107,33.211455],[-87.470041,33.211413],[-87.46996,33.211393],[-87.469935,33.211371],[-87.469878,33.211365],[-87.469845,33.211365],[-87.469731,33.211343],[-87.469682,33.211317],[-87.469479,33.211273],[-87.469257,33.211165],[-87.469126,33.211123],[-87.468897,33.211036],[-87.468799,33.211005],[-87.468521,33.210929],[-87.468488,33.210929],[-87.468464,33.210914],[-87.468177,33.210873],[-87.468136,33.210881],[-87.468104,33.210853],[-87.468087,33.210811],[-87.468047,33.210763],[-87.468006,33.210701],[-87.46799,33.210661],[-87.467965,33.210627],[-87.467953,33.210403],[-87.467982,33.210338],[-87.468007,33.210248],[-87.468085,33.210172],[-87.468195,33.210098],[-87.468253,33.21005],[-87.468286,33.209829],[-87.468343,33.209788],[-87.468437,33.209764],[-87.468724,33.209724],[-87.468793,33.209707],[-87.468826,33.209685],[-87.468875,33.209679],[-87.469015,33.209556],[-87.469072,33.209418],[-87.469195,33.209308],[-87.4694,33.209246],[-87.469432,33.209226],[-87.469498,33.209213],[-87.469528,33.210708],[-87.469752,33.210714],[-87.469754,33.210768],[-87.474078,33.210977],[-87.474704,33.211008],[-87.474704,33.210874],[-87.476914,33.210942],[-87.478,33.21091],[-87.478074,33.210909],[-87.478075,33.210861],[-87.478074,33.210836],[-87.47807,33.210713],[-87.478081,33.210061],[-87.478095,33.209699],[-87.478102,33.20938],[-87.478181,33.209397],[-87.478276,33.209418],[-87.478696,33.209494],[-87.479122,33.209553],[-87.479985,33.209621],[-87.480107,33.209626],[-87.481103,33.209663],[-87.481471,33.209691],[-87.481518,33.209152],[-87.481569,33.208427],[-87.481595,33.208134],[-87.481602,33.207984],[-87.481617,33.207844],[-87.481891,33.207848],[-87.483085,33.207909],[-87.484232,33.20798],[-87.484521,33.207993],[-87.484834,33.20801],[-87.485445,33.208028],[-87.485642,33.208036],[-87.485866,33.208046],[-87.485968,33.20805],[-87.486007,33.207659],[-87.486011,33.207612],[-87.486089,33.207616],[-87.486416,33.207632],[-87.486677,33.207645],[-87.486801,33.20765],[-87.486818,33.207113],[-87.487038,33.207116],[-87.487027,33.207292],[-87.486967,33.208112],[-87.48693,33.20853],[-87.486915,33.208661],[-87.48688,33.208838],[-87.486873,33.208874],[-87.48682,33.209079],[-87.4868,33.209156],[-87.486777,33.209268],[-87.486759,33.209364],[-87.486745,33.209442],[-87.486725,33.209584],[-87.486711,33.209899],[-87.486726,33.210057],[-87.486803,33.210555],[-87.48683,33.210734],[-87.486851,33.210908],[-87.48688,33.211295],[-87.487337,33.211318],[-87.487464,33.211319],[-87.487511,33.21132],[-87.487775,33.211309],[-87.487912,33.211302],[-87.487971,33.211373],[-87.488018,33.211444],[-87.488038,33.211509],[-87.48805,33.211578],[-87.488066,33.211793],[-87.488076,33.212156],[-87.488048,33.212431],[-87.488201,33.212444],[-87.489247,33.212529],[-87.489138,33.211412],[-87.491198,33.211607],[-87.491211,33.212173],[-87.491217,33.212407],[-87.491214,33.21255],[-87.491221,33.212835],[-87.491218,33.213227],[-87.491221,33.213565],[-87.491222,33.213681],[-87.491231,33.215039],[-87.491232,33.21511],[-87.491241,33.216344],[-87.491245,33.216903],[-87.491247,33.217184],[-87.491248,33.217318],[-87.49125,33.217681],[-87.491251,33.217797],[-87.491252,33.217964],[-87.49126,33.21812],[-87.491261,33.218374],[-87.491264,33.218771],[-87.48925,33.218675],[-87.489219,33.220257],[-87.489218,33.220314],[-87.489215,33.220488],[-87.489509,33.220504],[-87.489771,33.220518],[-87.489777,33.220708],[-87.489787,33.221001],[-87.489812,33.221718],[-87.490057,33.221728],[-87.490703,33.221754],[-87.491325,33.221779],[-87.491326,33.221821],[-87.49202,33.221845],[-87.492029,33.222199],[-87.49203,33.222422],[-87.491339,33.222398],[-87.491338,33.222386],[-87.490693,33.222357],[-87.490043,33.222329],[-87.489185,33.222292],[-87.487084,33.222186],[-87.487084,33.222769],[-87.487114,33.22558],[-87.487116,33.225732],[-87.487221,33.225741],[-87.487791,33.225741],[-87.488125,33.225729],[-87.488293,33.225721],[-87.488408,33.225717],[-87.48878,33.225693],[-87.489081,33.225669],[-87.48934,33.225639],[-87.489578,33.225606],[-87.489897,33.225558],[-87.490208,33.22551],[-87.490499,33.225454],[-87.490758,33.225406],[-87.49097,33.225358],[-87.493944,33.224736],[-87.49455,33.224617],[-87.497452,33.224021],[-87.497562,33.223993],[-87.497729,33.223953],[-87.498093,33.223829],[-87.498329,33.22372],[-87.498632,33.223551],[-87.498848,33.223385],[-87.499037,33.223211],[-87.499253,33.222977],[-87.499455,33.222721],[-87.499641,33.222476],[-87.50001,33.221936],[-87.500252,33.221601],[-87.500478,33.221282],[-87.500934,33.220658],[-87.500985,33.220582],[-87.501292,33.220108],[-87.50153,33.219721],[-87.5017,33.219479],[-87.501982,33.21916],[-87.502151,33.218963],[-87.502342,33.218795],[-87.502862,33.218426],[-87.502919,33.218395],[-87.503299,33.218186],[-87.503835,33.217985],[-87.504203,33.217886],[-87.50466,33.217756],[-87.505127,33.217641],[-87.50541,33.217557],[-87.506051,33.21737],[-87.507035,33.217064],[-87.508134,33.216741],[-87.50918,33.216457],[-87.509557,33.216389],[-87.509921,33.216338],[-87.510286,33.216304],[-87.510555,33.216281],[-87.5106,33.216279],[-87.510785,33.21627],[-87.511129,33.216264],[-87.511398,33.21627],[-87.511736,33.216281],[-87.512458,33.216368],[-87.512702,33.216392],[-87.513183,33.216385],[-87.5139,33.216412],[-87.514413,33.216484],[-87.514643,33.216509],[-87.515267,33.216577],[-87.516456,33.216774],[-87.516979,33.21694],[-87.51752,33.217153],[-87.51831,33.217557],[-87.519215,33.218074],[-87.519807,33.218392],[-87.520153,33.218578],[-87.520336,33.218656],[-87.520481,33.218718],[-87.520482,33.219186],[-87.520493,33.219361],[-87.520561,33.219541],[-87.520696,33.219728],[-87.52077,33.219921],[-87.520439,33.220112],[-87.520244,33.220253],[-87.519892,33.22058],[-87.519693,33.22081],[-87.519508,33.221046],[-87.519334,33.221276],[-87.518966,33.221733],[-87.519145,33.222016],[-87.519399,33.221711],[-87.520032,33.222641],[-87.520637,33.223075],[-87.521129,33.224123],[-87.52138,33.224687],[-87.521413,33.224743],[-87.521468,33.224831],[-87.521479,33.224849],[-87.521632,33.225101],[-87.521647,33.225588],[-87.521559,33.225651],[-87.521272,33.225869],[-87.521638,33.226501],[-87.521665,33.226484],[-87.521866,33.226349],[-87.521994,33.226252],[-87.522128,33.226162],[-87.522417,33.226005],[-87.522575,33.225935],[-87.522687,33.225881],[-87.522765,33.22585],[-87.522953,33.225761],[-87.52321,33.22563],[-87.523472,33.225443],[-87.523749,33.225271],[-87.523932,33.225177],[-87.524122,33.225091],[-87.524417,33.224942],[-87.524494,33.22491],[-87.524642,33.224837],[-87.524871,33.224736],[-87.52503,33.22468],[-87.525208,33.22461],[-87.52548,33.2245],[-87.525961,33.224339],[-87.526077,33.224293],[-87.526197,33.224252],[-87.52632,33.224218],[-87.526641,33.224111],[-87.52725,33.223929],[-87.527416,33.223891],[-87.527538,33.223854],[-87.527954,33.223757],[-87.528117,33.223711],[-87.528367,33.223654],[-87.528751,33.223601],[-87.529007,33.223571],[-87.529433,33.223514],[-87.529982,33.223415],[-87.530623,33.223336],[-87.531091,33.223272],[-87.531349,33.223247],[-87.531576,33.223238],[-87.532082,33.223218],[-87.532166,33.223221],[-87.532185,33.223222],[-87.532261,33.223225],[-87.53229,33.223226],[-87.532557,33.223236],[-87.532716,33.223233],[-87.532902,33.22323],[-87.533593,33.223231],[-87.534068,33.223247],[-87.534239,33.223263],[-87.534713,33.223294],[-87.53497,33.223322],[-87.535054,33.223338],[-87.535222,33.223377],[-87.535476,33.223418],[-87.535645,33.223445],[-87.535752,33.223463],[-87.536029,33.223497],[-87.536115,33.223501],[-87.536411,33.223554],[-87.536792,33.223616],[-87.537049,33.223641],[-87.537307,33.223658],[-87.537419,33.223669],[-87.537591,33.223681],[-87.538148,33.223742],[-87.538319,33.223764],[-87.538748,33.223801],[-87.539308,33.223836],[-87.53961,33.223847],[-87.540128,33.223858],[-87.541208,33.223843],[-87.541939,33.223791],[-87.542539,33.22373],[-87.542667,33.223711],[-87.542807,33.223703],[-87.542978,33.223685],[-87.543275,33.22364],[-87.543401,33.223612],[-87.543722,33.223506],[-87.543914,33.223425],[-87.544027,33.223371],[-87.544111,33.223357],[-87.544241,33.223353],[-87.54437,33.223343],[-87.544582,33.223312],[-87.544834,33.223262],[-87.545038,33.223202],[-87.545163,33.223174],[-87.545449,33.223093],[-87.545862,33.222988],[-87.546066,33.222929],[-87.546192,33.222904],[-87.546316,33.222873],[-87.546917,33.222673],[-87.547039,33.222639],[-87.547199,33.222583],[-87.547277,33.222552],[-87.547519,33.222476],[-87.547716,33.222403],[-87.54793,33.222306],[-87.547997,33.222261],[-87.548027,33.222237],[-87.548156,33.222141],[-87.54865,33.221919],[-87.548828,33.221817],[-87.549041,33.221679],[-87.549906,33.221418],[-87.55153,33.220968],[-87.55227,33.220762],[-87.553011,33.220557],[-87.554736,33.220078],[-87.555813,33.21978],[-87.558615,33.219005],[-87.559291,33.218819],[-87.561982,33.218072],[-87.563705,33.217594],[-87.564674,33.217326],[-87.564641,33.217263],[-87.564832,33.217179],[-87.565163,33.217011],[-87.565444,33.216918],[-87.56556,33.21687],[-87.565639,33.216842],[-87.565805,33.216804],[-87.565845,33.21679],[-87.565968,33.216757],[-87.566155,33.216701],[-87.566171,33.216696],[-87.566331,33.216642],[-87.566601,33.216529],[-87.566838,33.216443],[-87.56708,33.216366],[-87.567245,33.216324],[-87.567325,33.216296],[-87.567476,33.216227],[-87.567633,33.216166],[-87.567818,33.216074],[-87.567857,33.21606],[-87.568063,33.216006],[-87.568225,33.215955],[-87.568387,33.215908],[-87.568705,33.215795],[-87.569019,33.215676],[-87.569228,33.215629],[-87.569484,33.215597],[-87.569525,33.215587],[-87.569644,33.215545],[-87.569721,33.215511],[-87.570165,33.21537],[-87.570322,33.215313],[-87.570475,33.215246],[-87.570584,33.215187],[-87.570622,33.215173],[-87.570793,33.215151],[-87.571004,33.215113],[-87.571206,33.215051],[-87.571417,33.215012],[-87.57162,33.21495],[-87.571743,33.214917],[-87.572243,33.214776],[-87.572654,33.214658],[-87.572683,33.214651],[-87.572767,33.214633],[-87.572896,33.214593],[-87.573008,33.214559],[-87.573104,33.214526],[-87.573435,33.214422],[-87.57362,33.214352],[-87.573644,33.214344],[-87.573686,33.214325],[-87.573781,33.214284],[-87.573803,33.214275],[-87.573876,33.214247],[-87.574146,33.214174],[-87.574262,33.214153],[-87.574415,33.214131],[-87.574466,33.214127],[-87.574594,33.214109],[-87.57468,33.214107],[-87.574872,33.214025],[-87.575033,33.213973],[-87.57515,33.213928],[-87.575632,33.213769],[-87.575711,33.21374],[-87.575871,33.213687],[-87.576028,33.213628],[-87.576113,33.213614],[-87.57628,33.213576],[-87.576434,33.21353],[-87.576767,33.21343],[-87.577003,33.213341],[-87.57712,33.213299],[-87.57717,33.213275],[-87.577672,33.213155],[-87.578215,33.213104],[-87.580625,33.212476],[-87.582007,33.212117],[-87.583774,33.21179],[-87.584705,33.211621],[-87.585711,33.211286],[-87.588393,33.210392],[-87.588524,33.210348],[-87.588766,33.210265],[-87.590501,33.209689],[-87.591665,33.209312],[-87.593172,33.208856],[-87.593712,33.208693],[-87.599803,33.206846],[-87.601118,33.206273],[-87.60119,33.206252],[-87.601359,33.206213],[-87.601783,33.206117],[-87.601659,33.205596],[-87.601724,33.203882],[-87.601717,33.201636],[-87.602248,33.201663],[-87.603337,33.20162],[-87.603635,33.201613],[-87.604686,33.201287],[-87.605799,33.200871],[-87.607103,33.200291],[-87.607677,33.200044],[-87.608186,33.199824],[-87.608565,33.199658],[-87.609429,33.199247],[-87.609799,33.19907],[-87.610524,33.198732],[-87.610793,33.198602],[-87.611123,33.198398],[-87.611401,33.198147],[-87.612093,33.197443],[-87.612224,33.197341],[-87.612285,33.197288],[-87.612412,33.197187],[-87.61255,33.19709],[-87.61269,33.197001],[-87.612837,33.196917],[-87.612993,33.196841],[-87.613308,33.196709],[-87.613627,33.196586],[-87.614441,33.196299],[-87.614662,33.196226],[-87.614896,33.196145],[-87.615218,33.196022],[-87.61537,33.19595],[-87.615515,33.195861],[-87.615651,33.195766],[-87.61578,33.195663],[-87.615896,33.195548],[-87.616001,33.195425],[-87.616094,33.195299],[-87.616174,33.195163],[-87.616203,33.195096],[-87.616256,33.194953],[-87.616294,33.194806],[-87.616324,33.194659],[-87.616326,33.194584],[-87.616319,33.19451],[-87.616213,33.194266],[-87.616399,33.194172],[-87.616706,33.194029],[-87.617166,33.193804],[-87.617317,33.193719],[-87.617457,33.19362],[-87.617565,33.193498],[-87.617608,33.19343],[-87.617645,33.193359],[-87.617674,33.193289],[-87.617836,33.192681],[-87.617245,33.192521],[-87.617086,33.192465],[-87.616727,33.192307],[-87.61682,33.192122],[-87.616839,33.192085],[-87.616878,33.191944],[-87.617076,33.190952],[-87.617155,33.190557],[-87.617226,33.190345],[-87.617291,33.190205],[-87.617424,33.190008],[-87.617574,33.189825],[-87.617742,33.189653],[-87.617929,33.189495],[-87.618062,33.189394],[-87.6182,33.189304],[-87.618346,33.189219],[-87.618575,33.189104],[-87.619126,33.188875],[-87.619361,33.188772],[-87.619592,33.188665],[-87.619742,33.188587],[-87.619955,33.188457],[-87.620166,33.188299],[-87.620263,33.188227],[-87.620379,33.188141],[-87.620659,33.187902],[-87.620831,33.187736],[-87.620989,33.187558],[-87.621075,33.187451],[-87.621829,33.186514],[-87.621983,33.186344],[-87.622499,33.185713],[-87.623003,33.185105],[-87.62358,33.18439],[-87.623694,33.18424],[-87.624189,33.183625],[-87.624276,33.183525],[-87.624383,33.1834],[-87.624928,33.182724],[-87.625432,33.182116],[-87.625989,33.181424],[-87.626064,33.181306],[-87.626114,33.181233],[-87.626042,33.181222],[-87.626008,33.181217],[-87.625944,33.181207],[-87.625912,33.181202],[-87.625782,33.181192],[-87.625605,33.181179],[-87.625477,33.18117],[-87.625032,33.18115],[-87.624506,33.18112],[-87.62442,33.181113],[-87.623005,33.181037],[-87.622563,33.18101],[-87.622023,33.180983],[-87.621896,33.180977],[-87.621684,33.180967],[-87.62147,33.180964],[-87.621282,33.180961],[-87.620389,33.180909],[-87.619223,33.180849],[-87.618814,33.180827],[-87.618777,33.180826],[-87.618492,33.180812],[-87.618401,33.180807],[-87.618325,33.180799],[-87.618221,33.180798],[-87.617709,33.180779],[-87.617331,33.180757],[-87.616521,33.180714],[-87.615398,33.180655],[-87.61413,33.180588],[-87.613945,33.180566],[-87.613585,33.180543],[-87.613319,33.180535],[-87.613143,33.180545],[-87.613058,33.180562],[-87.613019,33.180574],[-87.612974,33.180587],[-87.612868,33.180633],[-87.612817,33.180659],[-87.612767,33.180692],[-87.612744,33.180708],[-87.612684,33.180754],[-87.612499,33.180902],[-87.612206,33.180722],[-87.611406,33.18023],[-87.611205,33.180095],[-87.610746,33.179796],[-87.610443,33.179572],[-87.61001,33.179969],[-87.609879,33.180068],[-87.609806,33.180112],[-87.609731,33.180148],[-87.609652,33.180177],[-87.609569,33.180202],[-87.609518,33.180213],[-87.609481,33.180221],[-87.609394,33.180234],[-87.609344,33.180238],[-87.609306,33.180241],[-87.609132,33.180239],[-87.608876,33.180225],[-87.608612,33.180219],[-87.608276,33.180198],[-87.608264,33.180198],[-87.608093,33.180193],[-87.60775,33.180199],[-87.607671,33.180204],[-87.607487,33.180214],[-87.607144,33.180244],[-87.606973,33.180263],[-87.606885,33.180273],[-87.606635,33.180315],[-87.60654,33.180335],[-87.606358,33.180376],[-87.606301,33.180388],[-87.606257,33.180401],[-87.605972,33.180483],[-87.605238,33.180708],[-87.604859,33.180833],[-87.604514,33.180953],[-87.604361,33.181015],[-87.603797,33.181207],[-87.603639,33.181268],[-87.603408,33.18137],[-87.603264,33.181441],[-87.603048,33.181565],[-87.602765,33.181742],[-87.602204,33.182107],[-87.601409,33.182622],[-87.601334,33.182671],[-87.601162,33.182775],[-87.601046,33.182851],[-87.600298,33.183335],[-87.599674,33.183729],[-87.599472,33.183861],[-87.599262,33.183991],[-87.599159,33.184049],[-87.599175,33.182232],[-87.596312,33.182086],[-87.596235,33.182082],[-87.596238,33.182461],[-87.596241,33.182696],[-87.596249,33.182988],[-87.596246,33.183352],[-87.596238,33.183497],[-87.59624,33.183569],[-87.59623,33.183859],[-87.596222,33.184219],[-87.596227,33.184585],[-87.596224,33.184731],[-87.596233,33.184879],[-87.596242,33.184953],[-87.596272,33.185031],[-87.596114,33.185111],[-87.595884,33.185221],[-87.595751,33.185296],[-87.59545,33.185465],[-87.593904,33.1864],[-87.593693,33.186517],[-87.593617,33.186546],[-87.593539,33.186587],[-87.593381,33.186647],[-87.593213,33.186678],[-87.593095,33.186686],[-87.593099,33.186669],[-87.593127,33.186557],[-87.592253,33.186506],[-87.592292,33.18591],[-87.592326,33.185198],[-87.592342,33.184713],[-87.592362,33.184138],[-87.592279,33.184135],[-87.592297,33.18388],[-87.592335,33.183336],[-87.592261,33.183064],[-87.592192,33.18281],[-87.591776,33.182791],[-87.591081,33.182758],[-87.590699,33.18274],[-87.590671,33.183259],[-87.590637,33.183906],[-87.590639,33.183982],[-87.589942,33.18399],[-87.589221,33.183997],[-87.589196,33.183945],[-87.589141,33.183961],[-87.589149,33.183978],[-87.589227,33.184117],[-87.588859,33.184105],[-87.588518,33.184083],[-87.588239,33.184071],[-87.587656,33.184047],[-87.587454,33.184032],[-87.587462,33.183864],[-87.587471,33.183788],[-87.587472,33.183644],[-87.587477,33.183571],[-87.587482,33.183132],[-87.587512,33.18265],[-87.587778,33.18267],[-87.587879,33.182678],[-87.587962,33.182678],[-87.588045,33.182665],[-87.588124,33.182644],[-87.588193,33.182603],[-87.588253,33.182549],[-87.588293,33.182488],[-87.588319,33.18242],[-87.588328,33.182347],[-87.588325,33.182274],[-87.588216,33.181814],[-87.588098,33.181841],[-87.588008,33.181854],[-87.587919,33.181859],[-87.587831,33.181856],[-87.587743,33.181845],[-87.587658,33.181826],[-87.587575,33.1818],[-87.587498,33.181767],[-87.587425,33.181725],[-87.587299,33.181627],[-87.587208,33.181509],[-87.587171,33.181446],[-87.587117,33.181339],[-87.587109,33.181316],[-87.587096,33.181266],[-87.587083,33.181213],[-87.58707,33.181161],[-87.587062,33.181116],[-87.587043,33.181064],[-87.587044,33.181013],[-87.587035,33.180963],[-87.587016,33.180914],[-87.586999,33.180869],[-87.586977,33.180816],[-87.586961,33.180771],[-87.586952,33.180715],[-87.586941,33.180659],[-87.586929,33.180605],[-87.586919,33.180549],[-87.586915,33.180499],[-87.586645,33.180506],[-87.586695,33.179634],[-87.586691,33.179574],[-87.586699,33.179191],[-87.586275,33.17917],[-87.586285,33.177191],[-87.58628,33.17711],[-87.580306,33.177019],[-87.579237,33.176893],[-87.577809,33.176854],[-87.577723,33.176848],[-87.577602,33.176851],[-87.577654,33.17562],[-87.577787,33.175414],[-87.57786,33.17505],[-87.577919,33.174867],[-87.577986,33.17475],[-87.578039,33.174675],[-87.578116,33.174578],[-87.578155,33.17454],[-87.578242,33.174468],[-87.578509,33.174308],[-87.578546,33.174253],[-87.578912,33.173919],[-87.579014,33.173688],[-87.579117,33.173308],[-87.57938,33.172466],[-87.579537,33.172018],[-87.579641,33.171782],[-87.579735,33.171497],[-87.579854,33.171371],[-87.579875,33.171304],[-87.580065,33.170686],[-87.579747,33.169925],[-87.579517,33.169938],[-87.579514,33.169926],[-87.579499,33.169874],[-87.579476,33.169866],[-87.579379,33.16983],[-87.579416,33.169634],[-87.579479,33.169204],[-87.579584,33.168283],[-87.579803,33.168287],[-87.580751,33.168284],[-87.580835,33.168295],[-87.58101,33.1683],[-87.581098,33.168298],[-87.581181,33.168263],[-87.581224,33.168196],[-87.58125,33.168127],[-87.581334,33.167772],[-87.58138,33.167558],[-87.581427,33.167268],[-87.581559,33.166697],[-87.581596,33.166477],[-87.581592,33.166404],[-87.581555,33.166331],[-87.581493,33.16628],[-87.581414,33.166247],[-87.581337,33.166221],[-87.580836,33.166095],[-87.580086,33.165892],[-87.580287,33.165481],[-87.58044,33.165215],[-87.580606,33.164965],[-87.580743,33.164777],[-87.580894,33.164597],[-87.581051,33.164423],[-87.581221,33.164253],[-87.581395,33.164094],[-87.58158,33.163936],[-87.581771,33.163786],[-87.581967,33.163643],[-87.582169,33.163507],[-87.582378,33.163379],[-87.582597,33.163255],[-87.582819,33.163144],[-87.583049,33.163036],[-87.58328,33.162937],[-87.583516,33.162847],[-87.583756,33.162762],[-87.583998,33.162685],[-87.584246,33.162616],[-87.584584,33.162545],[-87.584753,33.162515],[-87.585009,33.162478],[-87.58655,33.162291],[-87.587062,33.162225],[-87.587397,33.162174],[-87.587565,33.162142],[-87.587608,33.162137],[-87.588315,33.161975],[-87.588979,33.161806],[-87.589797,33.161582],[-87.590419,33.161389],[-87.590298,33.161042],[-87.590206,33.160835],[-87.590171,33.160767],[-87.589833,33.159939],[-87.589655,33.159453],[-87.589387,33.158761],[-87.589303,33.158555],[-87.589279,33.158487],[-87.588941,33.15766],[-87.588677,33.15697],[-87.588294,33.156014],[-87.588215,33.155806],[-87.588134,33.155597],[-87.586281,33.156117],[-87.586264,33.156122],[-87.585275,33.156404],[-87.584306,33.156686],[-87.58332,33.156989],[-87.582596,33.157218],[-87.581615,33.157544],[-87.581099,33.157724],[-87.580176,33.158046],[-87.579214,33.158392],[-87.578706,33.158583],[-87.578265,33.158751],[-87.576856,33.159311],[-87.57639,33.159509],[-87.57592,33.159699],[-87.575454,33.159897],[-87.574303,33.160401],[-87.568359,33.163052],[-87.57024,33.154302],[-87.570489,33.153266],[-87.571051,33.150374],[-87.571254,33.149381],[-87.57223,33.144922],[-87.572434,33.143874],[-87.57259,33.143141],[-87.572927,33.141351],[-87.573322,33.139492],[-87.573404,33.139105],[-87.573482,33.138763],[-87.573515,33.138606],[-87.573316,33.138587],[-87.573187,33.138558],[-87.572825,33.13852],[-87.572658,33.138513],[-87.57247,33.138517],[-87.572365,33.138529],[-87.572317,33.138536],[-87.572257,33.138544],[-87.572207,33.138554],[-87.572089,33.13858],[-87.572045,33.13859],[-87.571859,33.138636],[-87.571655,33.138694],[-87.57149,33.138747],[-87.571327,33.138797],[-87.571286,33.138821],[-87.571232,33.138833],[-87.571199,33.13884],[-87.571172,33.138848],[-87.571148,33.138855],[-87.571156,33.138553],[-87.571162,33.138469],[-87.571162,33.138443],[-87.571133,33.138334],[-87.571133,33.138303],[-87.571242,33.137331],[-87.571196,33.136674],[-87.571179,33.136598],[-87.571147,33.136558],[-87.57106,33.136128],[-87.570928,33.135029],[-87.570963,33.134455],[-87.571008,33.133997],[-87.571146,33.133344],[-87.57119,33.133162],[-87.571223,33.133114],[-87.571443,33.132612],[-87.57154,33.132364],[-87.571606,33.132227],[-87.572013,33.131242],[-87.572241,33.130671],[-87.572431,33.129362],[-87.572585,33.128538],[-87.5728,33.127833],[-87.572873,33.127681],[-87.572955,33.12753],[-87.573053,33.12733],[-87.573134,33.127179],[-87.573191,33.127062],[-87.573211,33.126963],[-87.573292,33.126433],[-87.573369,33.125742],[-87.573499,33.125509],[-87.573499,33.125459],[-87.573572,33.125439],[-87.573654,33.125391],[-87.573744,33.125349],[-87.573777,33.125343],[-87.57385,33.125309],[-87.574169,33.125239],[-87.574251,33.125191],[-87.574323,33.125121],[-87.574847,33.124867],[-87.575043,33.124785],[-87.575167,33.124724],[-87.575284,33.124654],[-87.575349,33.124578],[-87.575395,33.124457],[-87.575447,33.124166],[-87.57546,33.124049],[-87.575486,33.123962],[-87.57561,33.12366],[-87.575646,33.123601],[-87.574979,33.123587],[-87.572247,33.123536],[-87.562446,33.122981],[-87.559989,33.121957],[-87.556681,33.120624],[-87.556893,33.120292],[-87.556915,33.120258],[-87.557025,33.120088],[-87.557255,33.119773],[-87.557324,33.119678],[-87.557356,33.119602],[-87.557451,33.119473],[-87.557525,33.11936],[-87.557594,33.119228],[-87.557815,33.118927],[-87.55791,33.118736],[-87.557943,33.118662],[-87.557973,33.118597],[-87.558027,33.118454],[-87.558053,33.118386],[-87.558127,33.118175],[-87.55814,33.118107],[-87.55818,33.117964],[-87.558224,33.117745],[-87.558269,33.117593],[-87.558333,33.117229],[-87.558448,33.116689],[-87.558698,33.115384],[-87.558723,33.115254],[-87.558848,33.114727],[-87.558904,33.114514],[-87.558595,33.114473],[-87.558304,33.114515],[-87.558031,33.114568],[-87.557722,33.114669],[-87.557521,33.11477],[-87.55725,33.114433],[-87.55712,33.114213],[-87.557069,33.114117],[-87.557022,33.114029],[-87.556983,33.113937],[-87.556971,33.113857],[-87.556965,33.113786],[-87.556986,33.113305],[-87.556629,33.113278],[-87.555806,33.11324],[-87.555587,33.113234],[-87.555471,33.11321],[-87.555397,33.113183],[-87.555337,33.113148],[-87.555275,33.113082],[-87.555014,33.112726],[-87.554969,33.112646],[-87.554951,33.112575],[-87.554948,33.112486],[-87.554963,33.112394],[-87.555037,33.112245],[-87.555025,33.11223],[-87.554978,33.112183],[-87.554922,33.112103],[-87.554877,33.112005],[-87.554868,33.111951],[-87.554896,33.111505],[-87.554579,33.11149],[-87.554191,33.111468],[-87.554095,33.111581],[-87.554086,33.11167],[-87.554076,33.111789],[-87.554058,33.111987],[-87.554044,33.112152],[-87.554032,33.112317],[-87.55401,33.112671],[-87.554005,33.112731],[-87.553972,33.113079],[-87.553968,33.113133],[-87.553961,33.113291],[-87.55396,33.113361],[-87.553932,33.11346],[-87.553913,33.113533],[-87.553904,33.113565],[-87.553864,33.113647],[-87.553787,33.113763],[-87.553755,33.1138],[-87.553728,33.113831],[-87.553715,33.113848],[-87.553697,33.113877],[-87.553653,33.113959],[-87.553601,33.11405],[-87.553555,33.114131],[-87.553538,33.11416],[-87.553524,33.114187],[-87.553513,33.114202],[-87.553507,33.114216],[-87.553473,33.11433],[-87.553467,33.114399],[-87.55346,33.114489],[-87.553431,33.114549],[-87.553401,33.114617],[-87.553377,33.114654],[-87.553343,33.114712],[-87.553316,33.114761],[-87.553284,33.114823],[-87.553249,33.114849],[-87.553219,33.114878],[-87.553182,33.114916],[-87.551929,33.114912],[-87.551897,33.11491],[-87.55183,33.115684],[-87.551791,33.116105],[-87.551785,33.116204],[-87.551691,33.116204],[-87.551505,33.116193],[-87.551507,33.11609],[-87.551247,33.116073],[-87.551039,33.116048],[-87.550946,33.116048],[-87.550765,33.116037],[-87.550458,33.116006],[-87.550236,33.11598],[-87.549822,33.115879],[-87.54954,33.115779],[-87.549348,33.115786],[-87.549196,33.116034],[-87.54915,33.116098],[-87.549099,33.11616],[-87.548212,33.116768],[-87.547425,33.117303],[-87.547304,33.117401],[-87.547252,33.117455],[-87.547212,33.117517],[-87.547165,33.117644],[-87.547155,33.117702],[-87.547152,33.117849],[-87.547012,33.117835],[-87.54678,33.117823],[-87.54635,33.11782],[-87.545722,33.117794],[-87.545432,33.11777],[-87.545014,33.117753],[-87.544597,33.117697],[-87.544205,33.117534],[-87.543978,33.117356],[-87.543942,33.117316],[-87.543841,33.117202],[-87.543757,33.11708],[-87.54369,33.116948],[-87.543643,33.11681],[-87.543619,33.116666],[-87.54361,33.116374],[-87.54361,33.115673],[-87.543875,33.115682],[-87.544156,33.115692],[-87.544817,33.115698],[-87.54481,33.115479],[-87.544811,33.115097],[-87.544827,33.114886],[-87.54491,33.114533],[-87.545049,33.114172],[-87.545126,33.113884],[-87.545199,33.113424],[-87.545219,33.113266],[-87.545473,33.1133],[-87.546339,33.113394],[-87.546357,33.113194],[-87.546404,33.112867],[-87.546471,33.112484],[-87.546526,33.112232],[-87.546614,33.111576],[-87.546632,33.111381],[-87.546799,33.111382],[-87.547191,33.111392],[-87.547846,33.111381],[-87.548145,33.111373],[-87.548324,33.111373],[-87.549023,33.111353],[-87.549156,33.111347],[-87.549307,33.111344],[-87.549875,33.111347],[-87.550736,33.111337],[-87.550825,33.111339],[-87.550993,33.111336],[-87.551613,33.111325],[-87.551881,33.111325],[-87.551923,33.110498],[-87.551925,33.110469],[-87.552058,33.108682],[-87.552156,33.107593],[-87.552255,33.106859],[-87.552293,33.106627],[-87.552341,33.106265],[-87.552402,33.105907],[-87.552471,33.105547],[-87.552622,33.104822],[-87.552741,33.104317],[-87.552792,33.104109],[-87.552983,33.103402],[-87.5531,33.103004],[-87.553187,33.102705],[-87.553414,33.102013],[-87.553831,33.100813],[-87.553866,33.100693],[-87.554004,33.100344],[-87.554309,33.099472],[-87.554536,33.098815],[-87.554693,33.099182],[-87.554764,33.099393],[-87.554785,33.099467],[-87.554788,33.099702],[-87.55497,33.100392],[-87.555083,33.10082],[-87.555297,33.101599],[-87.555484,33.102244],[-87.555606,33.1026],[-87.555745,33.102955],[-87.555841,33.103166],[-87.556159,33.103772],[-87.556222,33.103879],[-87.55629,33.103996],[-87.557037,33.105351],[-87.557189,33.105233],[-87.557261,33.105172],[-87.557307,33.105046],[-87.557378,33.104898],[-87.55747,33.104799],[-87.557587,33.1047],[-87.557959,33.104463],[-87.558116,33.104348],[-87.558149,33.104253],[-87.558096,33.103918],[-87.558109,33.103864],[-87.558145,33.103786],[-87.558328,33.103726],[-87.558498,33.10371],[-87.558883,33.103713],[-87.559046,33.103718],[-87.559255,33.103712],[-87.559392,33.10369],[-87.559543,33.103641],[-87.55983,33.103487],[-87.559967,33.103459],[-87.560084,33.103448],[-87.56015,33.10347],[-87.560222,33.10353],[-87.560287,33.103662],[-87.560307,33.10369],[-87.560392,33.103679],[-87.560509,33.10364],[-87.56064,33.103606],[-87.560698,33.103624],[-87.560894,33.103761],[-87.561041,33.103821],[-87.561126,33.103831],[-87.561257,33.103838],[-87.561521,33.103755],[-87.561685,33.103684],[-87.561789,33.103628],[-87.562031,33.103453],[-87.562044,33.103337],[-87.562031,33.1032],[-87.561998,33.103084],[-87.561932,33.102952],[-87.561854,33.102848],[-87.561828,33.102744],[-87.56186,33.102634],[-87.561939,33.102513],[-87.562069,33.102403],[-87.562226,33.102297],[-87.562304,33.102232],[-87.562539,33.101929],[-87.562578,33.101891],[-87.562657,33.101864],[-87.562872,33.101776],[-87.562957,33.101715],[-87.563016,33.101644],[-87.563127,33.101391],[-87.563127,33.101297],[-87.563094,33.101187],[-87.562996,33.101094],[-87.562865,33.101083],[-87.5628,33.101055],[-87.562773,33.101022],[-87.56276,33.10094],[-87.5628,33.100836],[-87.563145,33.1004],[-87.563191,33.100296],[-87.56323,33.100175],[-87.563217,33.100077],[-87.563165,33.099967],[-87.563093,33.099852],[-87.563112,33.099753],[-87.563321,33.099339],[-87.563438,33.099218],[-87.563546,33.099164],[-87.563677,33.099153],[-87.56385,33.09917],[-87.564163,33.099169],[-87.564297,33.099117],[-87.564382,33.099078],[-87.564454,33.099128],[-87.564503,33.099254],[-87.564581,33.099276],[-87.564653,33.099254],[-87.564745,33.099172],[-87.564931,33.099044],[-87.565081,33.099018],[-87.565309,33.099023],[-87.565394,33.099012],[-87.565466,33.098945],[-87.56557,33.09893],[-87.565655,33.099023],[-87.565708,33.099066],[-87.565734,33.099061],[-87.56578,33.098984],[-87.565825,33.098732],[-87.565864,33.098638],[-87.565903,33.098616],[-87.566021,33.098616],[-87.566132,33.098638],[-87.566191,33.098692],[-87.566276,33.098819],[-87.566322,33.098858],[-87.566387,33.098863],[-87.566472,33.098808],[-87.566609,33.098764],[-87.566681,33.098779],[-87.566713,33.098878],[-87.566701,33.099038],[-87.566743,33.099193],[-87.566835,33.099308],[-87.566906,33.099347],[-87.567076,33.099396],[-87.567096,33.099489],[-87.567102,33.099544],[-87.567194,33.099566],[-87.567292,33.09955],[-87.567436,33.099494],[-87.567566,33.099466],[-87.567932,33.099527],[-87.568089,33.099544],[-87.568206,33.099511],[-87.568343,33.099428],[-87.568914,33.099054],[-87.569058,33.099005],[-87.569215,33.09901],[-87.569319,33.099043],[-87.569424,33.099136],[-87.56963,33.099449],[-87.569695,33.099488],[-87.569793,33.099491],[-87.56993,33.099452],[-87.57012,33.099286],[-87.570834,33.098748],[-87.570985,33.098643],[-87.571108,33.098605],[-87.57135,33.098571],[-87.57154,33.098566],[-87.571624,33.098605],[-87.57167,33.098687],[-87.571664,33.098819],[-87.571651,33.098868],[-87.57169,33.098885],[-87.571762,33.098868],[-87.572166,33.098753],[-87.572297,33.098753],[-87.572389,33.098802],[-87.572428,33.098878],[-87.572415,33.098982],[-87.57233,33.099093],[-87.572343,33.099148],[-87.572572,33.09912],[-87.57267,33.099148],[-87.572732,33.09922],[-87.572797,33.099247],[-87.572928,33.09928],[-87.573346,33.099302],[-87.573444,33.099313],[-87.573561,33.099291],[-87.57362,33.099241],[-87.573646,33.09917],[-87.573623,33.09906],[-87.573486,33.098757],[-87.573473,33.098664],[-87.573531,33.098619],[-87.573688,33.098576],[-87.573864,33.098537],[-87.574047,33.098466],[-87.57421,33.098422],[-87.574361,33.098416],[-87.574563,33.098449],[-87.574831,33.098548],[-87.574935,33.098559],[-87.57504,33.098542],[-87.575151,33.098471],[-87.575216,33.098371],[-87.575242,33.098253],[-87.575307,33.098098],[-87.575392,33.097918],[-87.575503,33.097786],[-87.575562,33.097731],[-87.575601,33.097654],[-87.575607,33.097489],[-87.575509,33.097043],[-87.575489,33.096916],[-87.575476,33.09678],[-87.575495,33.096637],[-87.575548,33.096505],[-87.575685,33.096313],[-87.575789,33.096192],[-87.575795,33.096097],[-87.575508,33.095751],[-87.575449,33.095658],[-87.575436,33.095609],[-87.575449,33.09556],[-87.575521,33.095537],[-87.575749,33.095587],[-87.575952,33.095686],[-87.576076,33.095691],[-87.576148,33.095669],[-87.576193,33.09563],[-87.576193,33.095532],[-87.576147,33.095411],[-87.576043,33.095323],[-87.575775,33.095169],[-87.57569,33.095098],[-87.575631,33.095016],[-87.575618,33.094927],[-87.575664,33.0948],[-87.575775,33.094701],[-87.575885,33.094625],[-87.57601,33.094548],[-87.576085,33.094476],[-87.57613,33.094338],[-87.576156,33.094152],[-87.576228,33.094037],[-87.576339,33.093921],[-87.576535,33.093795],[-87.576606,33.093729],[-87.576606,33.093618],[-87.576469,33.093359],[-87.576397,33.093251],[-87.576338,33.093179],[-87.576325,33.09308],[-87.576377,33.093024],[-87.576508,33.092987],[-87.576775,33.092965],[-87.576984,33.092931],[-87.577115,33.092892],[-87.577258,33.092821],[-87.577454,33.092633],[-87.577702,33.092596],[-87.577807,33.092563],[-87.577872,33.092529],[-87.57797,33.092447],[-87.577996,33.092359],[-87.577963,33.092276],[-87.577944,33.092205],[-87.577989,33.092145],[-87.57814,33.092145],[-87.57827,33.092117],[-87.578348,33.092067],[-87.578381,33.09198],[-87.578374,33.091903],[-87.578407,33.091793],[-87.578603,33.091512],[-87.578661,33.091479],[-87.578779,33.091518],[-87.579001,33.091627],[-87.579151,33.091721],[-87.579249,33.091759],[-87.579321,33.091776],[-87.57938,33.091775],[-87.579439,33.091752],[-87.579511,33.091704],[-87.579614,33.091465],[-87.579745,33.09125],[-87.579752,33.091182],[-87.579758,33.091113],[-87.579865,33.090967],[-87.579935,33.090902],[-87.580072,33.090823],[-87.580689,33.090725],[-87.580782,33.09066],[-87.580817,33.090339],[-87.58091,33.090275],[-87.581169,33.090345],[-87.581168,33.090412],[-87.581318,33.090469],[-87.581547,33.090567],[-87.581619,33.090578],[-87.58171,33.090556],[-87.581782,33.090496],[-87.581834,33.090353],[-87.58186,33.090187],[-87.581873,33.090045],[-87.581892,33.089979],[-87.581954,33.089902],[-87.582327,33.089775],[-87.582659,33.089686],[-87.582953,33.089621],[-87.583156,33.089599],[-87.583306,33.08961],[-87.583423,33.089643],[-87.583633,33.08972],[-87.583731,33.089747],[-87.583874,33.089758],[-87.58409,33.08973],[-87.584442,33.089658],[-87.58454,33.089619],[-87.584605,33.089576],[-87.584651,33.089483],[-87.584651,33.089312],[-87.584657,33.089202],[-87.584761,33.088878],[-87.584879,33.088673],[-87.584938,33.088614],[-87.585029,33.088552],[-87.585329,33.088442],[-87.585453,33.088393],[-87.585597,33.088295],[-87.585721,33.0882],[-87.585793,33.088135],[-87.585845,33.088025],[-87.585847,33.087994],[-87.585864,33.087816],[-87.585842,33.087788],[-87.585412,33.087471],[-87.584988,33.087234],[-87.584858,33.087139],[-87.58483,33.087068],[-87.584926,33.086988],[-87.585186,33.086983],[-87.585389,33.087087],[-87.585621,33.087305],[-87.585728,33.08732],[-87.5859,33.087333],[-87.586145,33.087063],[-87.586164,33.086885],[-87.586304,33.086787],[-87.586499,33.086899],[-87.58659,33.086951],[-87.586761,33.086965],[-87.586902,33.086866],[-87.586913,33.08676],[-87.587007,33.086695],[-87.587041,33.086374],[-87.587181,33.086275],[-87.58788,33.086219],[-87.588332,33.086036],[-87.588487,33.08592],[-87.588753,33.085719],[-87.58886,33.085639],[-87.588897,33.085611],[-87.588971,33.085609],[-87.587641,33.085025],[-87.585821,33.084457],[-87.584507,33.083525],[-87.584348,33.0821],[-87.584868,33.080784],[-87.584872,33.080745],[-87.584904,33.080723],[-87.584965,33.08068],[-87.585474,33.079566],[-87.585895,33.078913],[-87.58594,33.078845],[-87.586364,33.078539],[-87.58702,33.078069],[-87.58744,33.077768],[-87.588407,33.077185],[-87.588422,33.077193],[-87.588497,33.077199],[-87.589619,33.076417],[-87.589714,33.076321],[-87.590588,33.075446],[-87.592216,33.07401],[-87.593075,33.072991],[-87.59334,33.071499],[-87.593594,33.071262],[-87.594446,33.070118],[-87.594454,33.070047],[-87.594691,33.069848],[-87.595174,33.06938],[-87.595735,33.06899],[-87.596101,33.068801],[-87.596109,33.068728],[-87.597558,33.067721],[-87.598014,33.067304],[-87.598757,33.066622],[-87.598967,33.066277],[-87.599847,33.065334],[-87.601213,33.064284],[-87.602927,33.063091],[-87.60313,33.06295],[-87.60316,33.062952],[-87.603388,33.062969],[-87.604552,33.062192],[-87.605188,33.061915],[-87.606851,33.060921],[-87.607023,33.060935],[-87.607303,33.060738],[-87.607522,33.060719],[-87.608742,33.060234],[-87.609506,33.059966],[-87.609635,33.059975],[-87.610052,33.059717],[-87.610696,33.059766],[-87.611023,33.059538],[-87.611555,33.05959],[-87.612612,33.059686],[-87.612865,33.059708],[-87.61293,33.059773],[-87.613022,33.059865],[-87.613083,33.059872],[-87.613267,33.059908],[-87.614133,33.060184],[-87.615868,33.060702],[-87.616199,33.060744],[-87.617802,33.060951],[-87.619024,33.061127],[-87.619313,33.061169],[-87.621023,33.061117],[-87.623271,33.060822],[-87.626461,33.060879],[-87.627169,33.060822],[-87.627727,33.060857],[-87.627869,33.060758],[-87.627914,33.060727],[-87.62812,33.06072],[-87.628262,33.060716],[-87.62835,33.060654],[-87.628402,33.060617],[-87.629137,33.060389],[-87.629574,33.060108],[-87.629913,33.059901],[-87.630103,33.059786],[-87.630475,33.059314],[-87.63065,33.05847],[-87.630438,33.057243],[-87.630056,33.056393],[-87.629769,33.05566],[-87.629725,33.055508],[-87.629706,33.055493],[-87.629646,33.055421],[-87.629628,33.055225],[-87.629606,33.054986],[-87.629668,33.054811],[-87.628572,33.052067],[-87.628301,33.051795],[-87.625176,33.048816],[-87.624672,33.047954],[-87.62369,33.046155],[-87.624567,33.045016],[-87.625376,33.044447],[-87.626423,33.044231],[-87.627562,33.043946],[-87.629867,33.044489],[-87.630203,33.044489],[-87.631297,33.044443],[-87.631477,33.044441],[-87.632804,33.044272],[-87.63372,33.044105],[-87.633974,33.044046],[-87.634055,33.044052],[-87.634108,33.044015],[-87.634335,33.043855],[-87.634468,33.04383],[-87.635164,33.043749],[-87.635461,33.043715],[-87.635833,33.043607],[-87.635957,33.043523],[-87.637467,33.042501],[-87.637791,33.042274],[-87.637894,33.041707],[-87.638018,33.040132],[-87.637911,33.039743],[-87.637492,33.038207],[-87.637426,33.037967],[-87.636902,33.036381],[-87.636623,33.035749],[-87.635271,33.034407],[-87.633777,33.032924],[-87.633453,33.032601],[-87.632928,33.031844],[-87.632648,33.031565],[-87.632576,33.031494],[-87.63258,33.031453],[-87.632583,33.031422],[-87.632529,33.031368],[-87.632309,33.031151],[-87.632129,33.030814],[-87.632144,33.03067],[-87.632066,33.030594],[-87.632079,33.030268],[-87.632091,33.029947],[-87.63216,33.029701],[-87.632142,33.028655],[-87.632052,33.028489],[-87.631961,33.028319],[-87.63201,33.027855],[-87.632123,33.027749],[-87.632154,33.027721],[-87.632283,33.026666],[-87.632449,33.025302],[-87.632489,33.024976],[-87.63232,33.024532],[-87.631795,33.023774],[-87.630228,33.022218],[-87.630112,33.022103],[-87.629399,33.021079],[-87.627323,33.019018],[-87.626778,33.018476],[-87.626692,33.018469],[-87.625894,33.017834],[-87.625233,33.017139],[-87.625078,33.017125],[-87.624501,33.016553],[-87.624309,33.01594],[-87.624383,33.015005],[-87.624698,33.014452],[-87.625241,33.013936],[-87.626339,33.013286],[-87.626557,33.013157],[-87.627387,33.012833],[-87.627556,33.012774],[-87.627652,33.012741],[-87.627681,33.012721],[-87.627879,33.012583],[-87.628311,33.012454],[-87.62847,33.012386],[-87.628623,33.012321],[-87.629798,33.011848],[-87.630744,33.011437],[-87.631934,33.010948],[-87.632972,33.010559],[-87.634223,33.010002],[-87.634879,33.009766],[-87.635581,33.009628],[-87.636207,33.009622],[-87.636543,33.009667],[-87.636992,33.009948],[-87.637199,33.010078],[-87.638191,33.010758],[-87.638847,33.011437],[-87.639396,33.012307],[-87.63993,33.013199],[-87.640403,33.014015],[-87.640983,33.014832],[-87.641407,33.015323],[-87.641568,33.015596],[-87.643145,33.018953],[-87.643124,33.022391],[-87.643264,33.02417],[-87.64287,33.024729],[-87.642864,33.025521],[-87.642929,33.02657],[-87.642832,33.027064],[-87.64287,33.027237],[-87.643048,33.027456],[-87.644829,33.028314],[-87.645603,33.028456],[-87.64586,33.028503],[-87.646111,33.02855],[-87.647286,33.028848],[-87.647382,33.028875],[-87.647888,33.029018],[-87.648552,33.029206],[-87.649146,33.029407],[-87.649326,33.029466],[-87.649503,33.029527],[-87.649727,33.029603],[-87.649806,33.029628],[-87.650078,33.029716],[-87.65029,33.02982],[-87.650765,33.029939],[-87.650826,33.02996],[-87.650936,33.029998],[-87.651574,33.03022],[-87.651633,33.030248],[-87.651809,33.030327],[-87.652111,33.030467],[-87.652413,33.030605],[-87.65246,33.030658],[-87.654259,33.031143],[-87.654976,33.031266],[-87.655522,33.031199],[-87.655632,33.031191],[-87.655743,33.031184],[-87.656108,33.031222],[-87.656807,33.031014],[-87.657479,33.03061],[-87.657952,33.030236],[-87.658226,33.029901],[-87.658327,33.029747],[-87.658608,33.029322],[-87.658867,33.028816],[-87.65902,33.028184],[-87.659218,33.027428],[-87.659294,33.026711],[-87.659386,33.025933],[-87.659417,33.025201],[-87.659462,33.024102],[-87.659508,33.023103],[-87.659545,33.02283],[-87.659593,33.022423],[-87.659603,33.021269],[-87.659696,33.020457],[-87.659792,33.019821],[-87.66007,33.01912],[-87.660433,33.018501],[-87.660784,33.018053],[-87.661294,33.017375],[-87.662046,33.016832],[-87.662786,33.016291],[-87.663558,33.015897],[-87.664423,33.015529],[-87.665349,33.015245],[-87.665799,33.015202],[-87.665818,33.015187],[-87.666187,33.015185],[-87.666231,33.015188],[-87.666745,33.015249],[-87.667517,33.015399],[-87.667887,33.015577],[-87.669248,33.015946],[-87.670888,33.018313],[-87.670763,33.020274],[-87.67047,33.022489],[-87.669659,33.023348],[-87.669772,33.023781],[-87.670253,33.023851],[-87.670048,33.025246],[-87.67007,33.025618],[-87.670186,33.025931],[-87.670675,33.026254],[-87.67128,33.02634],[-87.672059,33.026686],[-87.673497,33.027032],[-87.674459,33.026621],[-87.675378,33.025929],[-87.675886,33.025605],[-87.677118,33.024081],[-87.677452,33.022975],[-87.678124,33.022385],[-87.678618,33.021796],[-87.678887,33.021546],[-87.679578,33.020631],[-87.679596,33.020618],[-87.680062,33.019821],[-87.68055,33.01896],[-87.681099,33.017983],[-87.681557,33.017114],[-87.681817,33.016743],[-87.682152,33.016267],[-87.682701,33.015405],[-87.683144,33.014595],[-87.683488,33.013849],[-87.683602,33.013604],[-87.683656,33.013486],[-87.683921,33.01292],[-87.684073,33.012589],[-87.684402,33.012011],[-87.684508,33.011823],[-87.684586,33.01171],[-87.6847,33.011545],[-87.684914,33.011333],[-87.68528,33.010973],[-87.685728,33.010765],[-87.685786,33.010739],[-87.685843,33.010711],[-87.686104,33.010592],[-87.686249,33.010568],[-87.686336,33.010554],[-87.686423,33.010539],[-87.688178,33.009889],[-87.693475,33.012235],[-87.694488,33.013978],[-87.695367,33.015489],[-87.69567,33.016478],[-87.69607,33.017454],[-87.696232,33.018351],[-87.695556,33.01881],[-87.695291,33.019235],[-87.696291,33.019037],[-87.695994,33.019367],[-87.696468,33.019455],[-87.696756,33.019509],[-87.697793,33.019509],[-87.698038,33.019509],[-87.69926,33.019171],[-87.699566,33.019132],[-87.699868,33.019058],[-87.700009,33.019022],[-87.700108,33.018948],[-87.701623,33.017789],[-87.701674,33.01776],[-87.701684,33.017733],[-87.702319,33.016815],[-87.702335,33.016798],[-87.702844,33.015908],[-87.70321,33.015228],[-87.703668,33.014521],[-87.70405,33.014131],[-87.704409,33.013824],[-87.705163,33.013413],[-87.706064,33.01323],[-87.707056,33.01317],[-87.707986,33.013185],[-87.708837,33.013359],[-87.709466,33.013559],[-87.710123,33.013948],[-87.710409,33.014224],[-87.710702,33.014452],[-87.711145,33.014933],[-87.711386,33.015136],[-87.711679,33.015383],[-87.712009,33.015624],[-87.711846,33.015763],[-87.711784,33.015847],[-87.711738,33.015946],[-87.710995,33.017721],[-87.71101,33.017721],[-87.711891,33.017721],[-87.714737,33.017722],[-87.7148,33.017722],[-87.726663,33.017651],[-87.747548,33.017525],[-87.75001,33.01751],[-87.751851,33.01727],[-87.752331,33.017263],[-87.752355,33.017263],[-87.752389,33.017262],[-87.752641,33.017259],[-87.752657,33.017261],[-87.75304,33.017254],[-87.753139,33.017258],[-87.753152,33.017259],[-87.753568,33.017276],[-87.755956,33.017378],[-87.756479,33.017289],[-87.756576,33.017287],[-87.756709,33.017283],[-87.760012,33.017243],[-87.762575,33.017238],[-87.770524,33.017223],[-87.770655,33.017222],[-87.770681,33.017222],[-87.770696,33.017222],[-87.770773,33.017221],[-87.770828,33.017221],[-87.770872,33.017221],[-87.770903,33.017221],[-87.770923,33.017221],[-87.770952,33.017221],[-87.771234,33.017221],[-87.771437,33.01722],[-87.778168,33.017201],[-87.780063,33.017196],[-87.780268,33.017197],[-87.783099,33.017233],[-87.783729,33.017241],[-87.783802,33.017242],[-87.78383,33.017242],[-87.783913,33.017243],[-87.783957,33.017244],[-87.784001,33.017245],[-87.785645,33.017266],[-87.787401,33.017288],[-87.788694,33.017304],[-87.788961,33.017307],[-87.789019,33.017308],[-87.790362,33.017325],[-87.791249,33.017336],[-87.791449,33.017339],[-87.813949,33.017128],[-87.814216,33.017127],[-87.817691,33.017189],[-87.82063,33.017242],[-87.827996,33.017283],[-87.828173,33.017285],[-87.828286,33.017286],[-87.832112,33.017255],[-87.832233,33.017258],[-87.832142,33.017597],[-87.832121,33.019105],[-87.831998,33.027806],[-87.831901,33.034694],[-87.831875,33.035888],[-87.831805,33.040764],[-87.831814,33.044393],[-87.831735,33.047649],[-87.831734,33.047694],[-87.831592,33.053556],[-87.831543,33.055616],[-87.831524,33.056899],[-87.831524,33.056931],[-87.831476,33.060415],[-87.831471,33.060983],[-87.831457,33.062632],[-87.831461,33.063505],[-87.83148,33.067214],[-87.831469,33.069242],[-87.831475,33.070946],[-87.831487,33.073785],[-87.831487,33.073835],[-87.831542,33.075035],[-87.831532,33.07687],[-87.83148,33.077872],[-87.831517,33.078149],[-87.831514,33.078451],[-87.831497,33.07989],[-87.831501,33.080053],[-87.831511,33.080554],[-87.831429,33.089098],[-87.831432,33.089523],[-87.831472,33.089764],[-87.831508,33.089984],[-87.831523,33.090204],[-87.831511,33.090646],[-87.831457,33.091634],[-87.831438,33.091971],[-87.831459,33.093857],[-87.838985,33.093961],[-87.838766,33.110193],[-87.838677,33.116863],[-87.838724,33.118646],[-87.83872,33.118682],[-87.838681,33.119],[-87.838654,33.120361],[-87.838657,33.120804],[-87.838654,33.120959],[-87.838646,33.121474],[-87.838613,33.122143],[-87.838586,33.122808],[-87.83852,33.12392],[-87.838479,33.124139],[-87.838437,33.124268],[-87.838408,33.124333],[-87.838384,33.124361],[-87.838356,33.124395],[-87.838334,33.124575],[-87.838316,33.124809],[-87.838309,33.125039],[-87.838315,33.125264],[-87.838322,33.125574],[-87.838326,33.125715],[-87.838386,33.126824],[-87.838387,33.126925],[-87.838389,33.127035],[-87.838393,33.127267],[-87.838375,33.127937],[-87.838361,33.129038],[-87.838358,33.129274],[-87.838361,33.129941],[-87.838325,33.130574],[-87.838325,33.130585],[-87.838323,33.130605],[-87.838308,33.131253],[-87.838289,33.131443],[-87.838281,33.131521],[-87.838271,33.131807],[-87.838245,33.132543],[-87.838204,33.133215],[-87.838067,33.136529],[-87.838047,33.136864],[-87.837609,33.150993],[-87.837521,33.153637],[-87.837325,33.159529],[-87.837071,33.167173],[-87.83707,33.167203],[-87.836803,33.177959],[-87.836661,33.183664],[-87.836631,33.184899],[-87.836596,33.186317],[-87.836628,33.189604],[-87.836693,33.196243],[-87.836695,33.196438],[-87.836715,33.198459],[-87.836726,33.199527],[-87.83674,33.200966],[-87.836893,33.211696],[-87.836954,33.216828],[-87.836955,33.21689],[-87.837208,33.225544],[-87.837384,33.231564],[-87.837598,33.238838],[-87.837729,33.243294],[-87.837892,33.248857],[-87.837893,33.24888],[-87.838279,33.2539],[-87.838254,33.256044],[-87.838298,33.271236],[-87.838166,33.27827],[-87.838161,33.278462],[-87.83811,33.280177],[-87.83809,33.281493],[-87.83809,33.281545],[-87.83809,33.281562],[-87.838021,33.284133],[-87.838004,33.284288],[-87.838027,33.294091],[-87.838035,33.295364],[-87.838048,33.297373],[-87.838159,33.314771],[-87.838181,33.318164],[-87.838106,33.321123],[-87.838105,33.32115],[-87.8381,33.321382],[-87.838175,33.323406],[-87.838359,33.328362],[-87.838377,33.330767],[-87.838426,33.336799],[-87.838463,33.341383],[-87.838406,33.346915],[-87.838279,33.359505],[-87.838264,33.361238],[-87.838234,33.364748],[-87.838209,33.370336],[-87.838179,33.375116],[-87.838191,33.377439],[-87.83844,33.388531],[-87.838406,33.391883],[-87.838228,33.409267],[-87.838356,33.414009],[-87.838487,33.424706],[-87.838604,33.431671],[-87.838604,33.431691],[-87.838605,33.431738],[-87.838605,33.431767],[-87.838605,33.431783],[-87.838608,33.431877],[-87.838835,33.436264],[-87.838607,33.437831],[-87.838475,33.438744],[-87.838784,33.442002],[-87.839028,33.456282],[-87.839137,33.462643],[-87.839137,33.462659],[-87.839139,33.462799],[-87.839387,33.47732],[-87.839583,33.488805],[-87.839639,33.4916],[-87.839691,33.495877],[-87.839695,33.496114],[-87.839766,33.499406],[-87.839789,33.499553],[-87.839879,33.500114],[-87.83999,33.500855],[-87.840192,33.503391],[-87.840282,33.505108],[-87.840429,33.507382],[-87.840657,33.511539],[-87.840711,33.514288],[-87.84071,33.514443],[-87.840687,33.51756],[-87.840683,33.524839],[-87.845271,33.524985],[-87.8503,33.525157],[-87.854916,33.52523],[-87.85856,33.525326],[-87.860685,33.525259],[-87.861862,33.525242],[-87.866272,33.525181],[-87.870726,33.525077],[-87.875018,33.524993],[-87.878684,33.524945],[-87.885318,33.524859],[-87.891365,33.52478],[-87.898612,33.524686],[-87.898831,33.524683],[-87.900786,33.524658],[-87.908804,33.524552],[-87.909377,33.524546],[-87.921368,33.524389],[-87.921388,33.524389],[-87.932801,33.524243],[-87.932844,33.524242],[-87.933144,33.524237],[-87.937553,33.524181],[-87.946519,33.524065],[-87.946519,33.523987],[-87.966146,33.524808],[-87.978576,33.525329],[-87.990133,33.525813],[-87.990151,33.525814],[-87.990435,33.525827],[-87.996227,33.526069],[-88.000022,33.52623],[-88.001326,33.526417],[-88.001548,33.526423],[-88.007172,33.526567],[-88.009872,33.526637],[-88.010006,33.526639],[-88.01004,33.52664],[-88.01484,33.526764],[-88.023863,33.527],[-88.023877,33.527],[-88.023892,33.527],[-88.023911,33.527001],[-88.023975,33.527002],[-88.02445,33.527008],[-88.026447,33.527034],[-88.026464,33.527034],[-88.03315,33.527126],[-88.036644,33.527174],[-88.04037,33.527168],[-88.044343,33.527254],[-88.048533,33.527344],[-88.050575,33.527451],[-88.050873,33.527467],[-88.051595,33.52743],[-88.05803,33.527766],[-88.058075,33.527769],[-88.058711,33.527802],[-88.058724,33.527803],[-88.063757,33.528067],[-88.063939,33.528077],[-88.069839,33.528357],[-88.069933,33.528362],[-88.069994,33.528365],[-88.070195,33.528385],[-88.070349,33.528371],[-88.074973,33.528588],[-88.076516,33.52866],[-88.081266,33.528874],[-88.081763,33.528922],[-88.081787,33.528923],[-88.083806,33.529004],[-88.085583,33.529068],[-88.085736,33.529072],[-88.092284,33.529297],[-88.095518,33.52942],[-88.115109,33.529974],[-88.124304,33.530234],[-88.125028,33.530332],[-88.130419,33.530434],[-88.135555,33.530628],[-88.144726,33.530886],[-88.14476,33.530887],[-88.147675,33.530969],[-88.158264,33.531267],[-88.161206,33.531397],[-88.161223,33.531398],[-88.161403,33.531405],[-88.16504,33.531514],[-88.17692,33.531867],[-88.201368,33.53259],[-88.20642,33.532739],[-88.20648,33.532739],[-88.206555,33.532739],[-88.210862,33.532759],[-88.218159,33.532832],[-88.22858,33.532915],[-88.23857,33.532994],[-88.246291,33.533054],[-88.250034,33.533558],[-88.252996,33.533616],[-88.25301,33.533613],[-88.253182,33.533619],[-88.258761,33.533704],[-88.268316,33.533865],[-88.271563,33.53392],[-88.273833,33.533958],[-88.274495,33.534]]]]}}]}
