{"type":"FeatureCollection","features":[{"type":"Feature","properties":{"sourceGeoid":"1206","stateFips":"12","districtCode":"06","stateCode":null,"label":"Congressional District 6"},"geometry":{"type":"MultiPolygon","coordinates":[[[[-82.049244,29.71867],[-82.05052,29.718582],[-82.054348,29.718319],[-82.055625,29.718232],[-82.05548,29.717825],[-82.055455,29.717539],[-82.055474,29.717209],[-82.05482,29.717049],[-82.054283,29.716918],[-82.053993,29.716995],[-82.053533,29.717005],[-82.053004,29.717017],[-82.052976,29.71701],[-82.052709,29.716945],[-82.052419,29.716875],[-82.052027,29.71678],[-82.05185,29.716686],[-82.051693,29.716643],[-82.051635,29.716611],[-82.051522,29.716549],[-82.051391,29.716442],[-82.051189,29.716279],[-82.051175,29.716272],[-82.051087,29.716228],[-82.050829,29.716098],[-82.050324,29.715498],[-82.050117,29.715163],[-82.049972,29.714134],[-82.049928,29.714062],[-82.049783,29.713952],[-82.0496,29.713996],[-82.049562,29.713991],[-82.049562,29.713919],[-82.049682,29.713881],[-82.049732,29.713798],[-82.049436,29.713456],[-82.049323,29.713418],[-82.04909,29.713401],[-82.049052,29.713368],[-82.049146,29.713192],[-82.049184,29.713181],[-82.049348,29.713291],[-82.049417,29.713291],[-82.049436,29.713225],[-82.04948,29.713209],[-82.049613,29.713319],[-82.049852,29.713374],[-82.049981,29.713467],[-82.05008,29.71235],[-82.050157,29.711531],[-82.050169,29.710487],[-82.050291,29.709735],[-82.050333,29.7087],[-82.050447,29.707554],[-82.050955,29.702569],[-82.050966,29.702466],[-82.051017,29.702009],[-82.052302,29.690543],[-82.052563,29.689291],[-82.052741,29.688442],[-82.054833,29.671144],[-82.055027,29.669608],[-82.055426,29.664713],[-82.055447,29.66445],[-82.055464,29.664237],[-82.055469,29.664174],[-82.055968,29.658085],[-82.055981,29.65793],[-82.055995,29.657776],[-82.056003,29.657657],[-82.056014,29.657539],[-82.056071,29.656846],[-82.056101,29.652281],[-82.056126,29.648535],[-82.056151,29.645355],[-82.056014,29.643532],[-82.056009,29.641919],[-82.056002,29.639531],[-82.056001,29.637669],[-82.055999,29.636525],[-82.055961,29.631151],[-82.05581,29.627638],[-82.0558,29.627421],[-82.055791,29.627204],[-82.055706,29.625172],[-82.055668,29.622191],[-82.055598,29.616761],[-82.055584,29.615334],[-82.055552,29.613535],[-82.055521,29.611736],[-82.055491,29.610042],[-82.055461,29.608349],[-82.05546,29.608262],[-82.055458,29.608175],[-82.055448,29.607604],[-82.055438,29.607003],[-82.055427,29.606402],[-82.055428,29.602006],[-82.055409,29.6007],[-82.055337,29.59482],[-82.055413,29.594097],[-82.055444,29.59381],[-82.05545,29.58793],[-82.055462,29.584169],[-82.055471,29.58079],[-82.055488,29.577408],[-82.05548,29.576783],[-82.055489,29.576157],[-82.055486,29.574436],[-82.055491,29.572717],[-82.055481,29.569061],[-82.05547,29.568873],[-82.055395,29.568206],[-82.055405,29.567922],[-82.055429,29.567693],[-82.055442,29.567359],[-82.055439,29.567074],[-82.055434,29.566682],[-82.055433,29.566576],[-82.055424,29.566343],[-82.055418,29.56619],[-82.055392,29.566031],[-82.055378,29.565948],[-82.055363,29.565814],[-82.055364,29.565796],[-82.055379,29.565615],[-82.055394,29.565311],[-82.055404,29.564999],[-82.055405,29.564474],[-82.055409,29.564429],[-82.055418,29.564323],[-82.055527,29.563922],[-82.055531,29.562917],[-82.055531,29.562859],[-82.055546,29.562219],[-82.055549,29.5616],[-82.055554,29.560482],[-82.055558,29.559365],[-82.055563,29.558188],[-82.055568,29.557012],[-82.055568,29.556395],[-82.055568,29.55632],[-82.055569,29.556245],[-82.05557,29.553673],[-82.055581,29.549887],[-82.055582,29.549755],[-82.055589,29.547381],[-82.055591,29.546489],[-82.055625,29.543761],[-82.055628,29.543501],[-82.055666,29.540086],[-82.055701,29.536923],[-82.055709,29.536274],[-82.055818,29.530444],[-82.055845,29.528815],[-82.055862,29.527484],[-82.055885,29.527157],[-82.055901,29.526876],[-82.055928,29.526429],[-82.055971,29.526094],[-82.055958,29.525989],[-82.05589,29.525549],[-82.055893,29.525434],[-82.05589,29.525262],[-82.055925,29.523237],[-82.055927,29.523068],[-82.055929,29.522898],[-82.055933,29.522646],[-82.055936,29.522395],[-82.055938,29.522196],[-82.055941,29.521997],[-82.055953,29.521087],[-82.055994,29.51813],[-82.055999,29.517786],[-82.055978,29.516081],[-82.056104,29.50802],[-82.055957,29.506908],[-82.055949,29.506594],[-82.055942,29.506282],[-82.055926,29.505688],[-82.055911,29.505096],[-82.055944,29.501497],[-82.055947,29.501152],[-82.055942,29.500812],[-82.055934,29.500282],[-82.055909,29.499989],[-82.055896,29.499452],[-82.055899,29.493122],[-82.055899,29.491989],[-82.055899,29.491963],[-82.055899,29.491398],[-82.055899,29.490823],[-82.055897,29.484526],[-82.055896,29.478349],[-82.055898,29.473219],[-82.055899,29.471304],[-82.055899,29.471232],[-82.055902,29.471095],[-82.055906,29.470929],[-82.0559,29.469455],[-82.055938,29.465587],[-82.055956,29.465543],[-82.055944,29.463877],[-82.055963,29.463079],[-82.055944,29.462182],[-82.055975,29.460603],[-82.055976,29.458078],[-82.055952,29.456918],[-82.055944,29.456533],[-82.055944,29.455581],[-82.055926,29.454007],[-82.055747,29.450651],[-82.055723,29.448533],[-82.055722,29.448433],[-82.05572,29.44821],[-82.055717,29.447987],[-82.05569,29.445779],[-82.055643,29.441847],[-82.056148,29.441532],[-82.056397,29.441048],[-82.056535,29.440427],[-82.056747,29.439951],[-82.057023,29.439782],[-82.057491,29.439742],[-82.058153,29.43979],[-82.05886,29.439621],[-82.059614,29.439331],[-82.060321,29.43934],[-82.061387,29.439518],[-82.061826,29.439358],[-82.061885,29.439357],[-82.062682,29.439363],[-82.063024,29.439373],[-82.064016,29.439576],[-82.064473,29.4399],[-82.064686,29.440361],[-82.064823,29.44148],[-82.065089,29.4419],[-82.06542,29.442078],[-82.066007,29.442296],[-82.06643,29.442563],[-82.06687,29.443467],[-82.067032,29.443605],[-82.067094,29.443662],[-82.067155,29.443798],[-82.06766,29.443927],[-82.068349,29.443895],[-82.070414,29.443453],[-82.071291,29.443271],[-82.071641,29.443006],[-82.071726,29.442609],[-82.071125,29.441283],[-82.071047,29.440167],[-82.070326,29.439195],[-82.070019,29.437893],[-82.070088,29.436811],[-82.070467,29.436182],[-82.070589,29.43561],[-82.070412,29.434445],[-82.070522,29.434236],[-82.070554,29.434264],[-82.070889,29.434559],[-82.07109,29.434604],[-82.07145,29.434539],[-82.072115,29.434541],[-82.073574,29.434548],[-82.073637,29.434562],[-82.074024,29.434647],[-82.074601,29.435198],[-82.075488,29.435752],[-82.075508,29.435761],[-82.07556,29.435901],[-82.075809,29.436487],[-82.076102,29.43682],[-82.075945,29.437045],[-82.075783,29.438337],[-82.075901,29.43875],[-82.077478,29.439831],[-82.078207,29.440091],[-82.078387,29.440149],[-82.078463,29.440158],[-82.079435,29.440258],[-82.079544,29.440277],[-82.080055,29.440362],[-82.080105,29.44037],[-82.080529,29.440441],[-82.080943,29.440386],[-82.08195,29.439259],[-82.082204,29.439001],[-82.082252,29.438966],[-82.082857,29.438512],[-82.083806,29.437892],[-82.085125,29.437436],[-82.085674,29.43723],[-82.08642,29.436434],[-82.086878,29.436241],[-82.087006,29.436188],[-82.087613,29.435704],[-82.087852,29.435018],[-82.087961,29.434496],[-82.088002,29.434302],[-82.088074,29.433955],[-82.088257,29.433672],[-82.088744,29.433221],[-82.088927,29.432902],[-82.088886,29.432646],[-82.088561,29.432486],[-82.087342,29.432362],[-82.086692,29.432123],[-82.086946,29.431655],[-82.087017,29.431407],[-82.087068,29.431177],[-82.086885,29.430956],[-82.08652,29.430929],[-82.086408,29.431124],[-82.086124,29.431186],[-82.086053,29.431106],[-82.08654,29.430027],[-82.08675,29.429853],[-82.087167,29.429508],[-82.087882,29.429482],[-82.088164,29.429467],[-82.088274,29.429331],[-82.088284,29.429212],[-82.088277,29.428971],[-82.088122,29.428714],[-82.087781,29.428349],[-82.08755,29.428168],[-82.087329,29.428033],[-82.087137,29.42782],[-82.086983,29.427633],[-82.086517,29.42677],[-82.086535,29.426655],[-82.086768,29.426778],[-82.087041,29.426834],[-82.087253,29.426812],[-82.08763,29.426673],[-82.087808,29.426535],[-82.087953,29.426266],[-82.088123,29.426198],[-82.089427,29.428046],[-82.089207,29.428364],[-82.08893,29.428942],[-82.089022,29.429071],[-82.090022,29.42922],[-82.090473,29.429669],[-82.089971,29.430697],[-82.090056,29.430762],[-82.090344,29.430874],[-82.090951,29.430936],[-82.0915,29.430814],[-82.091849,29.430798],[-82.091986,29.430754],[-82.09213,29.430571],[-82.092044,29.43042],[-82.092091,29.430154],[-82.09242,29.429956],[-82.092499,29.429751],[-82.092514,29.429553],[-82.092201,29.4293],[-82.091534,29.429157],[-82.09144,29.429068],[-82.091463,29.428822],[-82.09162,29.428692],[-82.092279,29.428863],[-82.092522,29.42902],[-82.092671,29.429232],[-82.092933,29.430339],[-82.093048,29.430632],[-82.093228,29.430728],[-82.093471,29.430748],[-82.093879,29.430666],[-82.094537,29.430352],[-82.094679,29.429956],[-82.094953,29.429587],[-82.095526,29.429273],[-82.095729,29.428781],[-82.09551,29.428419],[-82.095455,29.427811],[-82.095659,29.427374],[-82.096035,29.426861],[-82.096467,29.426472],[-82.096631,29.426069],[-82.096874,29.425242],[-82.096796,29.424197],[-82.096683,29.423731],[-82.096378,29.423158],[-82.096344,29.423093],[-82.096163,29.422882],[-82.095799,29.42245],[-82.095524,29.421776],[-82.095474,29.421073],[-82.095629,29.420499],[-82.096194,29.420203],[-82.096674,29.419802],[-82.09742,29.419485],[-82.099199,29.418815],[-82.099768,29.418686],[-82.099886,29.418664],[-82.099941,29.418898],[-82.099408,29.419277],[-82.098839,29.419761],[-82.098719,29.420238],[-82.098912,29.42056],[-82.099546,29.420899],[-82.099674,29.421109],[-82.099425,29.422489],[-82.099331,29.422518],[-82.099047,29.422285],[-82.098733,29.421892],[-82.098359,29.421452],[-82.098136,29.421244],[-82.097787,29.421062],[-82.097416,29.421082],[-82.09724,29.421141],[-82.0969,29.421391],[-82.096817,29.421835],[-82.097414,29.422933],[-82.097441,29.422981],[-82.097605,29.423188],[-82.097623,29.42321],[-82.098515,29.424337],[-82.098543,29.424571],[-82.098331,29.424732],[-82.098156,29.425144],[-82.098331,29.425386],[-82.098808,29.426919],[-82.098716,29.427258],[-82.097611,29.427702],[-82.096999,29.428244],[-82.097135,29.428831],[-82.096556,29.428888],[-82.096262,29.429364],[-82.096234,29.429969],[-82.09572,29.429936],[-82.095664,29.430098],[-82.095762,29.430207],[-82.095897,29.430316],[-82.096867,29.430639],[-82.097039,29.430816],[-82.097162,29.43101],[-82.097859,29.431672],[-82.09785,29.432051],[-82.097427,29.432503],[-82.097335,29.432874],[-82.09751,29.433141],[-82.097981,29.433204],[-82.098242,29.433218],[-82.098556,29.433177],[-82.098725,29.43313],[-82.098787,29.43327],[-82.098502,29.433472],[-82.098364,29.433625],[-82.098511,29.433786],[-82.099145,29.43377],[-82.099209,29.433908],[-82.098662,29.434146],[-82.098713,29.434295],[-82.099438,29.434658],[-82.099328,29.43511],[-82.098832,29.435344],[-82.098806,29.435658],[-82.098767,29.436062],[-82.098914,29.436328],[-82.099364,29.43653],[-82.099226,29.436813],[-82.099981,29.437052],[-82.100182,29.43694],[-82.100295,29.436806],[-82.100355,29.436699],[-82.100499,29.436584],[-82.100567,29.436918],[-82.100851,29.437561],[-82.10075,29.437692],[-82.100757,29.437864],[-82.100814,29.438008],[-82.101143,29.438313],[-82.101548,29.438324],[-82.102348,29.438195],[-82.102588,29.438387],[-82.102924,29.438394],[-82.103532,29.438165],[-82.103819,29.438234],[-82.104124,29.438273],[-82.104499,29.437922],[-82.104865,29.437815],[-82.105231,29.437636],[-82.105315,29.436745],[-82.105486,29.436387],[-82.105688,29.435966],[-82.105709,29.435922],[-82.105914,29.435709],[-82.106073,29.435692],[-82.107373,29.43555],[-82.108514,29.435656],[-82.108834,29.435674],[-82.108941,29.435688],[-82.109199,29.435604],[-82.109514,29.43538],[-82.109691,29.43538],[-82.109795,29.435379],[-82.109847,29.434271],[-82.109847,29.433048],[-82.109831,29.431905],[-82.10983,29.425978],[-82.109847,29.422944],[-82.109857,29.421618],[-82.109841,29.420121],[-82.109834,29.419498],[-82.109831,29.419213],[-82.109807,29.417871],[-82.109854,29.4166],[-82.109847,29.415319],[-82.109874,29.414065],[-82.109873,29.412774],[-82.109872,29.411833],[-82.109972,29.411226],[-82.110146,29.41062],[-82.110268,29.41024],[-82.110654,29.409571],[-82.110951,29.409168],[-82.111367,29.40869],[-82.111375,29.408681],[-82.111753,29.408294],[-82.112262,29.407836],[-82.112625,29.407478],[-82.112971,29.407048],[-82.113152,29.40677],[-82.11337,29.406379],[-82.113449,29.406206],[-82.113537,29.406019],[-82.113674,29.405649],[-82.11376,29.405392],[-82.113808,29.405184],[-82.113843,29.405037],[-82.113878,29.404769],[-82.113892,29.404589],[-82.113905,29.40444],[-82.113901,29.40428],[-82.113892,29.403802],[-82.113889,29.403643],[-82.113884,29.403438],[-82.113872,29.402826],[-82.113868,29.402622],[-82.113866,29.402543],[-82.113866,29.402297],[-82.113867,29.401929],[-82.113897,29.401492],[-82.113915,29.401326],[-82.113936,29.40114],[-82.113965,29.401007],[-82.113973,29.400965],[-82.114,29.400841],[-82.11401,29.4008],[-82.114019,29.400772],[-82.114048,29.400689],[-82.114059,29.400662],[-82.114121,29.400503],[-82.114311,29.400027],[-82.114375,29.399869],[-82.114398,29.399816],[-82.114484,29.399659],[-82.114625,29.39943],[-82.114746,29.399255],[-82.11478,29.399208],[-82.115006,29.398922],[-82.116199,29.397666],[-82.116797,29.397038],[-82.116868,29.396963],[-82.11761,29.396186],[-82.119837,29.393856],[-82.12058,29.39308],[-82.121271,29.392346],[-82.123347,29.390148],[-82.123836,29.389631],[-82.124017,29.389396],[-82.124273,29.389076],[-82.124412,29.388872],[-82.124668,29.388446],[-82.124804,29.388188],[-82.126838,29.384357],[-82.127512,29.383081],[-82.131899,29.374829],[-82.133758,29.371348],[-82.134445,29.370054],[-82.135799,29.367502],[-82.138463,29.362518],[-82.14049,29.358734],[-82.141004,29.357776],[-82.143663,29.352793],[-82.145992,29.348391],[-82.146199,29.34803],[-82.146428,29.347679],[-82.146592,29.347449],[-82.146618,29.347414],[-82.146764,29.347227],[-82.14704,29.346904],[-82.149132,29.344621],[-82.149388,29.344327],[-82.149474,29.344211],[-82.149676,29.343939],[-82.149884,29.34361],[-82.150014,29.34331],[-82.150091,29.343133],[-82.150272,29.3427],[-82.150405,29.342324],[-82.150521,29.341877],[-82.151036,29.340318],[-82.151367,29.339317],[-82.151375,29.339267],[-82.151388,29.339154],[-82.151446,29.338664],[-82.151466,29.338501],[-82.151476,29.338408],[-82.15151,29.33813],[-82.151521,29.338038],[-82.151525,29.337182],[-82.151538,29.334615],[-82.151543,29.33376],[-82.151544,29.333101],[-82.151546,29.332607],[-82.151549,29.331454],[-82.151549,29.331127],[-82.15155,29.330962],[-82.151552,29.330469],[-82.151569,29.328486],[-82.151581,29.327235],[-82.151609,29.324324],[-82.151617,29.323566],[-82.151614,29.323366],[-82.151605,29.32254],[-82.151593,29.321441],[-82.151584,29.320558],[-82.151594,29.319031],[-82.151626,29.31445],[-82.151637,29.312924],[-82.151749,29.295952],[-82.151749,29.295744],[-82.151751,29.295123],[-82.151752,29.294917],[-82.151755,29.293664],[-82.151765,29.289905],[-82.151769,29.288653],[-82.151774,29.287944],[-82.151792,29.285821],[-82.151798,29.285113],[-82.151803,29.284363],[-82.151822,29.282114],[-82.151828,29.281365],[-82.15183,29.280706],[-82.15184,29.278729],[-82.151844,29.278071],[-82.151844,29.27798],[-82.151846,29.277707],[-82.151847,29.277617],[-82.151848,29.277281],[-82.151853,29.276277],[-82.151854,29.275995],[-82.151855,29.275942],[-82.151854,29.275592],[-82.151853,29.274544],[-82.151853,29.274195],[-82.151866,29.272708],[-82.151908,29.268247],[-82.151923,29.266761],[-82.151923,29.266251],[-82.151924,29.264721],[-82.151925,29.264212],[-82.151925,29.263272],[-82.151929,29.260454],[-82.151929,29.259656],[-82.15193,29.259515],[-82.151938,29.258558],[-82.151964,29.255691],[-82.151973,29.254735],[-82.151978,29.254239],[-82.151997,29.252751],[-82.152004,29.252256],[-82.152006,29.251854],[-82.152012,29.250652],[-82.152015,29.250251],[-82.152017,29.249757],[-82.152025,29.248275],[-82.152028,29.247782],[-82.152032,29.247389],[-82.152045,29.246211],[-82.15205,29.245819],[-82.152049,29.245675],[-82.152046,29.245244],[-82.152046,29.245101],[-82.152045,29.245057],[-82.152045,29.244925],[-82.152045,29.244881],[-82.152049,29.244754],[-82.152054,29.243574],[-82.152061,29.242241],[-82.15204,29.241206],[-82.15197,29.240163],[-82.15193,29.239691],[-82.151926,29.239661],[-82.151852,29.23892],[-82.151796,29.238558],[-82.151762,29.238366],[-82.151435,29.238059],[-82.150945,29.2376],[-82.150446,29.237148],[-82.150115,29.236847],[-82.149983,29.236721],[-82.14959,29.236343],[-82.149459,29.236217],[-82.149223,29.236072],[-82.148691,29.235746],[-82.148718,29.235738],[-82.149183,29.235596],[-82.149407,29.235529],[-82.149643,29.235447],[-82.149901,29.235382],[-82.150228,29.235311],[-82.150598,29.235246],[-82.151078,29.235162],[-82.151034,29.234979],[-82.150948,29.234692],[-82.150796,29.234185],[-82.150724,29.233954],[-82.15052,29.233296],[-82.150376,29.232831],[-82.150265,29.232493],[-82.149933,29.231479],[-82.149823,29.231141],[-82.149312,29.229541],[-82.1492,29.229189],[-82.148578,29.227237],[-82.148444,29.226816],[-82.14507,29.226793],[-82.145069,29.226741],[-82.142721,29.226748],[-82.143595,29.22432],[-82.144031,29.223108],[-82.14289,29.223101],[-82.139469,29.22308],[-82.138329,29.223073],[-82.137929,29.223071],[-82.136923,29.223068],[-82.136732,29.223068],[-82.136333,29.223067],[-82.13611,29.223066],[-82.135542,29.223064],[-82.135443,29.223064],[-82.135221,29.223064],[-82.135193,29.223063],[-82.135109,29.223063],[-82.135213,29.223174],[-82.135245,29.223207],[-82.13679,29.224648],[-82.136727,29.230401],[-82.136209,29.230355],[-82.135617,29.230359],[-82.134656,29.230348],[-82.134576,29.230347],[-82.134577,29.230237],[-82.134584,29.22674],[-82.134337,29.226737],[-82.132541,29.22672],[-82.132579,29.223061],[-82.132214,29.22306],[-82.131115,29.22306],[-82.130168,29.22306],[-82.129439,29.223059],[-82.127255,29.223058],[-82.126527,29.223058],[-82.126456,29.223058],[-82.126246,29.223059],[-82.126176,29.22306],[-82.125714,29.223063],[-82.124327,29.223072],[-82.123866,29.223076],[-82.123316,29.223066],[-82.12294,29.22306],[-82.122206,29.223048],[-82.121666,29.223045],[-82.121117,29.223042],[-82.120928,29.223041],[-82.12036,29.223037],[-82.120172,29.223037],[-82.12008,29.223033],[-82.119807,29.223024],[-82.119716,29.223021],[-82.119613,29.223016],[-82.119439,29.22301],[-82.119304,29.223007],[-82.1191,29.223004],[-82.11899,29.223002],[-82.118799,29.222998],[-82.118699,29.222997],[-82.118478,29.222995],[-82.117818,29.222992],[-82.117598,29.222991],[-82.117333,29.222989],[-82.11654,29.222986],[-82.116276,29.222985],[-82.116195,29.222985],[-82.115952,29.222988],[-82.115872,29.22299],[-82.115142,29.222998],[-82.11499,29.222998],[-82.114838,29.222998],[-82.114575,29.222998],[-82.114324,29.222997],[-82.114109,29.222997],[-82.113951,29.222997],[-82.11356,29.222998],[-82.113478,29.222999],[-82.113321,29.223001],[-82.113222,29.223001],[-82.112928,29.223002],[-82.11283,29.223003],[-82.112569,29.223001],[-82.112194,29.222999],[-82.111788,29.222997],[-82.111528,29.222996],[-82.111281,29.222995],[-82.110542,29.222992],[-82.110296,29.222992],[-82.110276,29.222992],[-82.109899,29.222992],[-82.108711,29.222994],[-82.108316,29.222996],[-82.108095,29.222996],[-82.107435,29.222996],[-82.107215,29.222996],[-82.10716,29.222995],[-82.106995,29.222993],[-82.106941,29.222993],[-82.106737,29.222992],[-82.106123,29.222992],[-82.10592,29.222992],[-82.10565,29.222991],[-82.104842,29.222991],[-82.104573,29.222991],[-82.10354,29.222984],[-82.103243,29.222982],[-82.101153,29.222968],[-82.10061,29.222967],[-82.098981,29.222964],[-82.098439,29.222964],[-82.098356,29.222964],[-82.09811,29.222964],[-82.098028,29.222965],[-82.09793,29.222965],[-82.097638,29.222965],[-82.097541,29.222966],[-82.097048,29.222964],[-82.097028,29.222964],[-82.096516,29.222962],[-82.095798,29.222969],[-82.095572,29.222971],[-82.09508,29.222976],[-82.09489,29.222975],[-82.094323,29.222975],[-82.094134,29.222975],[-82.093909,29.222974],[-82.093237,29.222974],[-82.093013,29.222974],[-82.092715,29.222973],[-82.092351,29.222972],[-82.091821,29.222972],[-82.091524,29.222972],[-82.091364,29.222971],[-82.090963,29.22297],[-82.090886,29.22297],[-82.090727,29.22297],[-82.090262,29.222969],[-82.088867,29.222966],[-82.088789,29.222965],[-82.088403,29.222965],[-82.088318,29.222964],[-82.088065,29.222964],[-82.087981,29.222964],[-82.087763,29.222963],[-82.08711,29.222961],[-82.086893,29.222961],[-82.085554,29.222956],[-82.08275,29.222946],[-82.081537,29.222943],[-82.080199,29.222939],[-82.080145,29.222938],[-82.080058,29.222938],[-82.079985,29.222938],[-82.079932,29.222938],[-82.078968,29.222935],[-82.078899,29.222935],[-82.077818,29.222941],[-82.077063,29.22294],[-82.075801,29.22294],[-82.074769,29.22294],[-82.074639,29.222939],[-82.07425,29.222939],[-82.074121,29.222939],[-82.073479,29.222938],[-82.072115,29.222938],[-82.071556,29.222938],[-82.070915,29.222938],[-82.070461,29.222934],[-82.070267,29.222933],[-82.070283,29.221339],[-82.070288,29.220569],[-82.070289,29.220113],[-82.070286,29.219531],[-82.070316,29.216678],[-82.070321,29.216264],[-82.070371,29.212035],[-82.070373,29.2119],[-82.070373,29.21186],[-82.069722,29.211861],[-82.069721,29.211586],[-82.069093,29.211586],[-82.069094,29.211697],[-82.069096,29.211911],[-82.068457,29.211918],[-82.068249,29.21192],[-82.067176,29.211922],[-82.066237,29.211923],[-82.066171,29.211555],[-82.06617,29.211365],[-82.066118,29.210869],[-82.065978,29.210938],[-82.065902,29.210975],[-82.065677,29.211085],[-82.065602,29.211123],[-82.065421,29.211211],[-82.06495,29.211445],[-82.064882,29.21148],[-82.064704,29.211573],[-82.064688,29.211581],[-82.064643,29.211604],[-82.064628,29.211613],[-82.06453,29.211663],[-82.064237,29.211816],[-82.06414,29.211867],[-82.064046,29.211853],[-82.06389,29.211831],[-82.063606,29.211831],[-82.063398,29.211831],[-82.062978,29.211832],[-82.0619,29.211866],[-82.061341,29.21187],[-82.060651,29.211874],[-82.058582,29.211888],[-82.057893,29.211893],[-82.057871,29.211894],[-82.057809,29.211899],[-82.057788,29.211901],[-82.057807,29.211463],[-82.0578,29.210994],[-82.057762,29.210705],[-82.057692,29.210431],[-82.057624,29.210202],[-82.057604,29.210133],[-82.057483,29.209835],[-82.057253,29.209413],[-82.056973,29.209009],[-82.056663,29.208667],[-82.054829,29.206686],[-82.05446,29.206263],[-82.054418,29.206206],[-82.054321,29.206075],[-82.054223,29.205925],[-82.054069,29.205652],[-82.053923,29.205355],[-82.053757,29.204866],[-82.053724,29.204653],[-82.05369,29.204438],[-82.053681,29.204315],[-82.053657,29.202455],[-82.053655,29.202249],[-82.053653,29.201022],[-82.053659,29.200623],[-82.053674,29.195855],[-82.053682,29.193655],[-82.054104,29.193658],[-82.055371,29.193667],[-82.055794,29.19367],[-82.056203,29.193672],[-82.05743,29.193681],[-82.057839,29.193684],[-82.058355,29.193684],[-82.059903,29.193685],[-82.06042,29.193686],[-82.060732,29.193688],[-82.061668,29.193696],[-82.061981,29.193699],[-82.061983,29.193042],[-82.061992,29.191073],[-82.061995,29.190417],[-82.061994,29.190231],[-82.061991,29.189676],[-82.061991,29.189491],[-82.061992,29.189407],[-82.061999,29.189156],[-82.062001,29.189073],[-82.062004,29.188521],[-82.062016,29.186867],[-82.06202,29.186316],[-82.062021,29.185679],[-82.062026,29.183768],[-82.062029,29.183132],[-82.062028,29.183096],[-82.062025,29.182988],[-82.062024,29.182953],[-82.06203,29.182339],[-82.062045,29.180871],[-82.062041,29.180497],[-82.062036,29.179883],[-82.062034,29.179719],[-82.062029,29.179229],[-82.062028,29.179066],[-82.062025,29.178672],[-82.062017,29.177492],[-82.062016,29.177181],[-82.062012,29.176738],[-82.062004,29.175659],[-82.062003,29.175415],[-82.061999,29.174876],[-82.06199,29.17361],[-82.061988,29.173188],[-82.061985,29.172904],[-82.061977,29.172053],[-82.061975,29.17177],[-82.061976,29.171433],[-82.061979,29.170901],[-82.061956,29.170819],[-82.061906,29.170731],[-82.061829,29.170618],[-82.06172,29.170506],[-82.061485,29.170266],[-82.061564,29.170217],[-82.061606,29.170192],[-82.061738,29.1701],[-82.061801,29.170066],[-82.061884,29.170022],[-82.061896,29.170015],[-82.062084,29.169943],[-82.062118,29.169933],[-82.062231,29.169905],[-82.062436,29.169865],[-82.06273,29.169856],[-82.062864,29.169856],[-82.063116,29.169856],[-82.063597,29.169851],[-82.064078,29.169848],[-82.064551,29.169852],[-82.064884,29.169859],[-82.064986,29.169853],[-82.065039,29.169839],[-82.065087,29.169816],[-82.065146,29.16978],[-82.06519,29.169737],[-82.065221,29.169697],[-82.06525,29.169645],[-82.065267,29.169583],[-82.06528,29.16946],[-82.065279,29.169143],[-82.065278,29.168249],[-82.06528,29.168192],[-82.065296,29.167876],[-82.065198,29.167813],[-82.06484,29.167664],[-82.06466,29.167547],[-82.064605,29.167437],[-82.064561,29.167309],[-82.064557,29.167067],[-82.064556,29.166943],[-82.06455,29.166521],[-82.064536,29.165356],[-82.064528,29.165258],[-82.064527,29.165231],[-82.064457,29.165068],[-82.065563,29.16504],[-82.065565,29.164827],[-82.065574,29.164187],[-82.065578,29.163975],[-82.065578,29.163795],[-82.065578,29.163258],[-82.065578,29.163079],[-82.065576,29.162896],[-82.065573,29.162347],[-82.065572,29.162165],[-82.065571,29.161984],[-82.065568,29.161443],[-82.065567,29.161263],[-82.065696,29.161148],[-82.066082,29.160805],[-82.066212,29.160691],[-82.066221,29.160515],[-82.065985,29.160347],[-82.066005,29.15969],[-82.066099,29.159693],[-82.066103,29.157149],[-82.066138,29.149859],[-82.067901,29.149879],[-82.068614,29.149921],[-82.068957,29.149965],[-82.069262,29.149975],[-82.07021,29.149952],[-82.07114,29.14995],[-82.071287,29.149923],[-82.071381,29.149906],[-82.071462,29.149882],[-82.071525,29.149846],[-82.071607,29.149798],[-82.071664,29.14977],[-82.071775,29.149653],[-82.071823,29.149572],[-82.07185,29.149526],[-82.071878,29.149477],[-82.071907,29.149428],[-82.071939,29.149375],[-82.071974,29.149319],[-82.072009,29.149263],[-82.072039,29.149221],[-82.072087,29.149152],[-82.072117,29.149106],[-82.072145,29.149063],[-82.072182,29.149011],[-82.072263,29.148903],[-82.072359,29.148761],[-82.072602,29.148404],[-82.07294,29.147904],[-82.072989,29.147818],[-82.073072,29.14774],[-82.073165,29.147677],[-82.073323,29.147601],[-82.073484,29.147552],[-82.073631,29.14748],[-82.07373,29.147428],[-82.073757,29.147407],[-82.07392,29.147283],[-82.073999,29.147224],[-82.074133,29.147086],[-82.074281,29.146889],[-82.074317,29.146822],[-82.074417,29.146644],[-82.074409,29.146595],[-82.074409,29.14657],[-82.074409,29.146348],[-82.074409,29.146275],[-82.074408,29.145715],[-82.074406,29.144036],[-82.074406,29.143477],[-82.074417,29.142687],[-82.074435,29.142597],[-82.074497,29.142425],[-82.074949,29.141651],[-82.075906,29.139959],[-82.075984,29.139829],[-82.076553,29.138788],[-82.078292,29.135744],[-82.078338,29.135662],[-82.078479,29.135418],[-82.078526,29.135337],[-82.078646,29.135304],[-82.078701,29.1353],[-82.079509,29.1353],[-82.080622,29.1353],[-82.081734,29.1353],[-82.081932,29.1353],[-82.082527,29.1353],[-82.082726,29.135301],[-82.082765,29.135301],[-82.082882,29.135301],[-82.082921,29.135301],[-82.083515,29.135301],[-82.085297,29.135302],[-82.085565,29.135303],[-82.085892,29.135303],[-82.085945,29.135303],[-82.086104,29.135303],[-82.086157,29.135303],[-82.086837,29.135304],[-82.087028,29.135303],[-82.087319,29.135303],[-82.087359,29.135302],[-82.087482,29.135302],[-82.087523,29.135302],[-82.087558,29.135302],[-82.087607,29.135302],[-82.087663,29.135302],[-82.087699,29.135302],[-82.087819,29.135302],[-82.087931,29.135301],[-82.088105,29.135301],[-82.088415,29.135304],[-82.088466,29.135304],[-82.089531,29.135298],[-82.089638,29.135298],[-82.090121,29.135297],[-82.090452,29.135296],[-82.090664,29.135296],[-82.091631,29.135305],[-82.092067,29.135304],[-82.092655,29.135302],[-82.093721,29.135297],[-82.094526,29.135295],[-82.09481,29.135294],[-82.094866,29.135295],[-82.095034,29.135299],[-82.095091,29.135301],[-82.095237,29.1353],[-82.095264,29.1353],[-82.095383,29.1353],[-82.095671,29.135298],[-82.095785,29.135297],[-82.095959,29.135296],[-82.096037,29.135295],[-82.096274,29.135294],[-82.096353,29.135294],[-82.096413,29.135295],[-82.096593,29.135299],[-82.096654,29.135301],[-82.096705,29.135302],[-82.096859,29.135305],[-82.096911,29.135307],[-82.097082,29.135303],[-82.097595,29.135294],[-82.097767,29.135291],[-82.097794,29.13529],[-82.097876,29.13529],[-82.097904,29.13529],[-82.098013,29.135292],[-82.09834,29.135299],[-82.09845,29.135302],[-82.098646,29.135299],[-82.099117,29.135294],[-82.099236,29.135293],[-82.099433,29.135291],[-82.099552,29.135292],[-82.09991,29.135298],[-82.10003,29.1353],[-82.100224,29.1353],[-82.100323,29.1353],[-82.100611,29.135301],[-82.100809,29.135303],[-82.101004,29.135304],[-82.10121,29.135304],[-82.101574,29.135305],[-82.101828,29.135307],[-82.102035,29.135308],[-82.102317,29.135307],[-82.102363,29.135306],[-82.103166,29.135306],[-82.103199,29.135306],[-82.103449,29.135306],[-82.103717,29.135306],[-82.104313,29.135308],[-82.106906,29.135317],[-82.107771,29.13532],[-82.107952,29.135312],[-82.108171,29.135304],[-82.108505,29.135292],[-82.109374,29.135307],[-82.109776,29.135315],[-82.110018,29.135317],[-82.110744,29.135325],[-82.110986,29.135328],[-82.111451,29.135332],[-82.112281,29.135341],[-82.112333,29.135341],[-82.112849,29.135344],[-82.113315,29.135348],[-82.11406,29.135352],[-82.116082,29.135365],[-82.116296,29.135361],[-82.116619,29.135356],[-82.117042,29.135351],[-82.117474,29.135354],[-82.118773,29.135366],[-82.119206,29.13537],[-82.11938,29.135371],[-82.119905,29.135375],[-82.12008,29.135377],[-82.120708,29.135379],[-82.122595,29.135387],[-82.123224,29.13539],[-82.123452,29.135391],[-82.124136,29.135397],[-82.124364,29.135399],[-82.126697,29.135389],[-82.128119,29.135383],[-82.133697,29.13539],[-82.135889,29.135394],[-82.136042,29.135392],[-82.13605,29.134355],[-82.136111,29.131239],[-82.136132,29.130201],[-82.136138,29.129829],[-82.136159,29.128715],[-82.136166,29.128344],[-82.136172,29.127724],[-82.136191,29.125864],[-82.136198,29.125245],[-82.136203,29.124708],[-82.136206,29.124495],[-82.136215,29.123856],[-82.136218,29.123627],[-82.140108,29.123177],[-82.147231,29.12309],[-82.15184,29.123034],[-82.156507,29.122976],[-82.159125,29.122944],[-82.168849,29.122825],[-82.168856,29.121781],[-82.168862,29.120909],[-82.172011,29.120904],[-82.17517,29.120904],[-82.175913,29.120904],[-82.178972,29.120904],[-82.1847,29.12093],[-82.18475,29.112519],[-82.184793,29.106828],[-82.184793,29.106806],[-82.184795,29.1064],[-82.184852,29.095644],[-82.184862,29.09189],[-82.184867,29.090367],[-82.184887,29.081224],[-82.184801,29.080341],[-82.184292,29.078235],[-82.184022,29.077367],[-82.183338,29.075783],[-82.18316,29.075521],[-82.180972,29.071973],[-82.174787,29.062641],[-82.174029,29.061496],[-82.17322,29.060274],[-82.171677,29.05786],[-82.171212,29.05702],[-82.169562,29.053738],[-82.16878,29.052296],[-82.167877,29.050722],[-82.167109,29.049458],[-82.166535,29.048512],[-82.165626,29.046968],[-82.16408,29.044341],[-82.163149,29.042781],[-82.162945,29.04244],[-82.162494,29.041568],[-82.162246,29.041006],[-82.162022,29.040471],[-82.161793,29.039923],[-82.161438,29.038897],[-82.161033,29.037599],[-82.160688,29.03641],[-82.159765,29.033387],[-82.159315,29.031922],[-82.158564,29.029482],[-82.158458,29.029137],[-82.158457,29.028785],[-82.157384,29.025489],[-82.156773,29.023304],[-82.156406,29.022284],[-82.156394,29.02227],[-82.154945,29.017236],[-82.15463,29.0163],[-82.152951,29.011108],[-82.152915,29.01101],[-82.151922,29.008586],[-82.150251,29.004971],[-82.148832,29.002513],[-82.147924,29.000971],[-82.147818,29.000736],[-82.14772,29.000547],[-82.14638,28.998392],[-82.145228,28.996414],[-82.141581,28.99047],[-82.140689,28.989017],[-82.138178,28.984924],[-82.136291,28.981853],[-82.135409,28.98048],[-82.134558,28.979086],[-82.133182,28.97684],[-82.131198,28.973618],[-82.129845,28.971346],[-82.12903,28.97007],[-82.127475,28.967497],[-82.125104,28.963006],[-82.123647,28.960197],[-82.123087,28.960176],[-82.120711,28.960089],[-82.11992,28.96006],[-82.11949,28.960053],[-82.118199,28.960035],[-82.11777,28.96003],[-82.117602,28.960041],[-82.117097,28.960077],[-82.11693,28.96009],[-82.11591,28.9601],[-82.11527,28.960097],[-82.11308,28.96009],[-82.11029,28.960096],[-82.10863,28.9601],[-82.107518,28.960092],[-82.10555,28.96008],[-82.10464,28.96008],[-82.104184,28.960086],[-82.10328,28.9601],[-82.103073,28.9601],[-82.101908,28.9601],[-82.10107,28.9601],[-82.098416,28.960118],[-82.09817,28.96012],[-82.097252,28.960108],[-82.096939,28.960103],[-82.09669,28.9601],[-82.09609,28.96011],[-82.096002,28.96011],[-82.09569,28.960113],[-82.095165,28.960117],[-82.09481,28.96012],[-82.09393,28.96014],[-82.092882,28.960148],[-82.09276,28.96015],[-82.08919,28.96015],[-82.08713,28.96017],[-82.0868,28.96018],[-82.086793,28.960214],[-82.084485,28.960184],[-82.083492,28.960172],[-82.08236,28.9602],[-82.081678,28.960192],[-82.08155,28.96019],[-82.081274,28.960191],[-82.08016,28.9602],[-82.080063,28.9602],[-82.07966,28.9602],[-82.079454,28.96021],[-82.078838,28.960244],[-82.078633,28.960256],[-82.078549,28.960256],[-82.078297,28.960256],[-82.078213,28.960256],[-82.078165,28.960256],[-82.078022,28.960256],[-82.077975,28.960256],[-82.076661,28.960254],[-82.072722,28.96025],[-82.071705,28.960249],[-82.07169,28.960249],[-82.071409,28.960249],[-82.07132,28.960249],[-82.071056,28.960249],[-82.070968,28.960249],[-82.069997,28.960248],[-82.069928,28.960248],[-82.069858,28.960248],[-82.06751,28.960245],[-82.057139,28.960232],[-82.053682,28.960228],[-82.040671,28.960116],[-82.040442,28.960117],[-82.040189,28.96013],[-82.040162,28.960134],[-82.03918,28.960162],[-82.039004,28.960164],[-82.03887,28.960165],[-82.037011,28.960182],[-82.036764,28.960181],[-82.036682,28.96018],[-82.03664,28.96018],[-82.036436,28.96018],[-82.036355,28.96018],[-82.036002,28.96018],[-82.0353,28.96018],[-82.034946,28.960169],[-82.034595,28.96016],[-82.034233,28.96015],[-82.03422,28.96015],[-82.033147,28.96015],[-82.032785,28.96015],[-82.03267,28.96015],[-82.03237,28.96015],[-82.032327,28.960149],[-82.032213,28.960149],[-82.031886,28.960146],[-82.03104,28.96014],[-82.030905,28.96014],[-82.030578,28.96014],[-82.030218,28.96014],[-82.02967,28.96014],[-82.029139,28.960145],[-82.02878,28.96015],[-82.02866,28.96015],[-82.02668,28.96014],[-82.026301,28.96014],[-82.0244,28.96014],[-82.02222,28.96013],[-82.02201,28.96012],[-82.02049,28.96013],[-82.018867,28.96013],[-82.01839,28.96013],[-82.01646,28.96015],[-82.01639,28.96014],[-82.016302,28.960138],[-82.014383,28.960108],[-82.008362,28.960015],[-82.006356,28.959984],[-82.0046,28.959964],[-82.004261,28.95996],[-82.002345,28.959939],[-82.002212,28.959937],[-81.999807,28.959909],[-81.997976,28.959914],[-81.996126,28.95992],[-81.995881,28.959921],[-81.995662,28.959921],[-81.988774,28.95995],[-81.984517,28.959968],[-81.983518,28.959973],[-81.982663,28.959976],[-81.982143,28.959978],[-81.981991,28.959978],[-81.98184,28.959979],[-81.981356,28.959981],[-81.980851,28.959984],[-81.980344,28.959985],[-81.979102,28.95999],[-81.974906,28.960006],[-81.965419,28.960043],[-81.965139,28.960043],[-81.963173,28.960044],[-81.956435,28.96005],[-81.95419,28.960053],[-81.954185,28.959553],[-81.954184,28.959492],[-81.95419,28.959127],[-81.954182,28.958124],[-81.954148,28.953535],[-81.954121,28.949161],[-81.954122,28.949009],[-81.954122,28.948984],[-81.954122,28.948874],[-81.954126,28.947111],[-81.954126,28.946914],[-81.954126,28.946675],[-81.954128,28.945959],[-81.954136,28.941447],[-81.954148,28.940983],[-81.954136,28.940943],[-81.954136,28.940904],[-81.954136,28.940871],[-81.954136,28.940776],[-81.954137,28.940744],[-81.954137,28.94066],[-81.954138,28.940409],[-81.954139,28.940326],[-81.954138,28.940286],[-81.954137,28.940167],[-81.954137,28.940128],[-81.954136,28.940093],[-81.954135,28.93999],[-81.954135,28.939956],[-81.95413,28.939582],[-81.954123,28.938998],[-81.954089,28.936124],[-81.954078,28.935167],[-81.954076,28.93502],[-81.954071,28.93458],[-81.95407,28.934434],[-81.954069,28.934368],[-81.954066,28.93417],[-81.954066,28.934105],[-81.954053,28.933093],[-81.95404,28.93195],[-81.954015,28.930058],[-81.954002,28.929047],[-81.954002,28.92903],[-81.954004,28.92898],[-81.954005,28.928964],[-81.954005,28.928948],[-81.954007,28.9289],[-81.954008,28.928885],[-81.953999,28.928418],[-81.953968,28.925854],[-81.953968,28.925802],[-81.953958,28.92502],[-81.953956,28.924761],[-81.95393,28.922676],[-81.95393,28.92261],[-81.953924,28.92203],[-81.953923,28.921895],[-81.953922,28.921798],[-81.953918,28.921549],[-81.953904,28.920515],[-81.953902,28.920378],[-81.9539,28.92017],[-81.9539,28.9201],[-81.953895,28.919764],[-81.953893,28.919683],[-81.953855,28.916623],[-81.953754,28.916028],[-81.95374,28.915256],[-81.95374,28.91524],[-81.95372,28.91393],[-81.95368,28.91214],[-81.953676,28.911865],[-81.95367,28.91143],[-81.953666,28.911041],[-81.953664,28.910767],[-81.953663,28.910737],[-81.953663,28.910646],[-81.953663,28.910617],[-81.953662,28.910561],[-81.95366,28.910395],[-81.95366,28.91034],[-81.953647,28.910018],[-81.95364,28.90984],[-81.953632,28.909052],[-81.95363,28.90878],[-81.95363,28.90873],[-81.953622,28.908114],[-81.95362,28.90792],[-81.95362,28.90646],[-81.953618,28.906266],[-81.953615,28.90565],[-81.953611,28.905171],[-81.95361,28.90488],[-81.953607,28.904703],[-81.953595,28.903736],[-81.95359,28.9033],[-81.95359,28.903258],[-81.953588,28.902918],[-81.953582,28.901899],[-81.95358,28.90156],[-81.95358,28.90048],[-81.95356,28.8988],[-81.953559,28.898699],[-81.953556,28.898339],[-81.95355,28.89727],[-81.953539,28.89525],[-81.953538,28.895027],[-81.95353,28.89343],[-81.953519,28.892354],[-81.95351,28.89132],[-81.95351,28.890118],[-81.95351,28.88903],[-81.953509,28.888865],[-81.95348,28.88726],[-81.953477,28.887232],[-81.953471,28.887148],[-81.95347,28.88712],[-81.95346,28.886991],[-81.953376,28.88699],[-81.953202,28.88698],[-81.951374,28.886986],[-81.951279,28.886986],[-81.950827,28.886986],[-81.950047,28.88698],[-81.949176,28.886985],[-81.948247,28.887],[-81.947922,28.887006],[-81.946146,28.887014],[-81.945079,28.88702],[-81.944261,28.887025],[-81.943252,28.887017],[-81.942995,28.887018],[-81.941818,28.887029],[-81.941062,28.887023],[-81.939938,28.887045],[-81.938442,28.887025],[-81.937405,28.887021],[-81.936794,28.887023],[-81.935601,28.887013],[-81.935429,28.887012],[-81.935386,28.887012],[-81.934995,28.887011],[-81.9341,28.88701],[-81.933222,28.887014],[-81.932662,28.887009],[-81.931803,28.886998],[-81.931375,28.886989],[-81.930349,28.887001],[-81.92868,28.886995],[-81.928535,28.886994],[-81.928484,28.886994],[-81.928465,28.886994],[-81.928426,28.886994],[-81.927132,28.887005],[-81.92705,28.887004],[-81.925855,28.886996],[-81.925112,28.886999],[-81.924195,28.887002],[-81.924152,28.887005],[-81.924089,28.887003],[-81.923978,28.887002],[-81.923769,28.88701],[-81.923292,28.88701],[-81.922545,28.887018],[-81.922358,28.887019],[-81.922225,28.887021],[-81.922185,28.887021],[-81.922081,28.887022],[-81.921165,28.887032],[-81.921051,28.887032],[-81.920591,28.88703],[-81.920468,28.887022],[-81.920317,28.887012],[-81.920202,28.886994],[-81.920096,28.886964],[-81.92007,28.886957],[-81.919948,28.886911],[-81.919821,28.886848],[-81.919537,28.886688],[-81.919514,28.886679],[-81.919442,28.886651],[-81.919292,28.886616],[-81.919161,28.886598],[-81.919062,28.886592],[-81.918929,28.886593],[-81.918425,28.88666],[-81.918264,28.886686],[-81.918113,28.886711],[-81.918119,28.883384],[-81.91812,28.883371],[-81.917082,28.883373],[-81.917081,28.883389],[-81.917071,28.886667],[-81.917074,28.88686],[-81.916398,28.886962],[-81.916022,28.887008],[-81.915801,28.887019],[-81.914012,28.887024],[-81.91396,28.887025],[-81.91374,28.887023],[-81.91332,28.88702],[-81.913082,28.887018],[-81.912487,28.887015],[-81.912266,28.88702],[-81.912181,28.887037],[-81.912095,28.887067],[-81.912073,28.88708],[-81.912032,28.887108],[-81.911939,28.887236],[-81.911901,28.887415],[-81.911915,28.888107],[-81.91191,28.888246],[-81.911892,28.888327],[-81.911864,28.88839],[-81.911832,28.88842],[-81.911769,28.88845],[-81.911693,28.888477],[-81.911625,28.888489],[-81.911412,28.888498],[-81.910866,28.888481],[-81.910011,28.888463],[-81.908397,28.888455],[-81.908333,28.888453],[-81.907845,28.88844],[-81.906719,28.888359],[-81.906599,28.888352],[-81.906427,28.888343],[-81.906421,28.888513],[-81.906438,28.888937],[-81.906483,28.889315],[-81.906487,28.889334],[-81.906325,28.889342],[-81.906293,28.889344],[-81.906081,28.889355],[-81.905495,28.889357],[-81.905686,28.888154],[-81.906019,28.888197],[-81.906057,28.887067],[-81.905336,28.887067],[-81.905008,28.887056],[-81.904148,28.887069],[-81.90308,28.887071],[-81.902093,28.887062],[-81.901945,28.887061],[-81.901535,28.887065],[-81.901173,28.887069],[-81.899509,28.887062],[-81.899465,28.887062],[-81.899266,28.887061],[-81.896817,28.887052],[-81.89119,28.887078],[-81.890656,28.887081],[-81.885157,28.887116],[-81.884724,28.887115],[-81.884425,28.887115],[-81.884176,28.887114],[-81.884029,28.887103],[-81.883886,28.887072],[-81.883321,28.886866],[-81.883149,28.886823],[-81.883031,28.88681],[-81.882907,28.886808],[-81.882788,28.886821],[-81.88267,28.886847],[-81.882201,28.887032],[-81.882115,28.887056],[-81.881957,28.887079],[-81.881813,28.887085],[-81.881396,28.887074],[-81.880973,28.887071],[-81.878727,28.887071],[-81.877683,28.887078],[-81.877327,28.88708],[-81.876238,28.887075],[-81.875246,28.887075],[-81.873915,28.887075],[-81.872122,28.887067],[-81.871206,28.887076],[-81.868817,28.887066],[-81.868319,28.887067],[-81.868011,28.887067],[-81.866887,28.887071],[-81.866591,28.887072],[-81.865757,28.88707],[-81.864317,28.887076],[-81.864187,28.887069],[-81.864027,28.88705],[-81.863926,28.887031],[-81.863784,28.886991],[-81.863605,28.886923],[-81.863481,28.886865],[-81.863167,28.886685],[-81.86308,28.886639],[-81.863003,28.886599],[-81.862962,28.88658],[-81.862904,28.886639],[-81.862845,28.886683],[-81.862786,28.886722],[-81.86273,28.886758],[-81.862683,28.886773],[-81.862644,28.886777],[-81.862573,28.886751],[-81.862462,28.886695],[-81.862415,28.886652],[-81.862089,28.886586],[-81.862067,28.886591],[-81.861984,28.886564],[-81.861864,28.886525],[-81.861565,28.886289],[-81.861529,28.886261],[-81.861492,28.886113],[-81.861392,28.886025],[-81.860485,28.886262],[-81.860029,28.886244],[-81.858587,28.885686],[-81.857634,28.884228],[-81.855506,28.884007],[-81.850179,28.881511],[-81.84698,28.887163],[-81.846341,28.887288],[-81.845712,28.88866],[-81.844765,28.890275],[-81.841945,28.892062],[-81.839151,28.893052],[-81.839211,28.894029],[-81.839222,28.894197],[-81.839192,28.894699],[-81.836885,28.893855],[-81.831977,28.892059],[-81.828963,28.890718],[-81.828918,28.891022],[-81.828836,28.891383],[-81.828822,28.891454],[-81.828798,28.891546],[-81.828266,28.891166],[-81.826885,28.890412],[-81.826097,28.889796],[-81.825565,28.889587],[-81.825165,28.889252],[-81.824903,28.889131],[-81.824928,28.889076],[-81.824903,28.889065],[-81.824628,28.889026],[-81.824202,28.888938],[-81.822771,28.888471],[-81.821946,28.888108],[-81.821758,28.888003],[-81.821796,28.887832],[-81.821606,28.888182],[-81.820733,28.88841],[-81.819089,28.887579],[-81.818103,28.887321],[-81.817712,28.887112],[-81.81759,28.887047],[-81.817965,28.887044],[-81.818482,28.88706],[-81.818392,28.886956],[-81.818301,28.886853],[-81.817733,28.886356],[-81.817282,28.886144],[-81.815798,28.885444],[-81.815717,28.885372],[-81.815453,28.885244],[-81.815088,28.885011],[-81.813526,28.884013],[-81.812432,28.883556],[-81.811794,28.883289],[-81.811363,28.883122],[-81.810685,28.882707],[-81.810481,28.882594],[-81.809532,28.882118],[-81.809231,28.88199],[-81.808429,28.881651],[-81.807631,28.881388],[-81.806987,28.881289],[-81.806027,28.881305],[-81.80488,28.881198],[-81.803801,28.880937],[-81.802744,28.880583],[-81.802496,28.880564],[-81.802074,28.880563],[-81.801521,28.880657],[-81.801257,28.880732],[-81.801012,28.880834],[-81.800698,28.880944],[-81.800367,28.881038],[-81.799996,28.881126],[-81.799719,28.88117],[-81.799371,28.88119],[-81.799173,28.881186],[-81.798784,28.881105],[-81.797996,28.880747],[-81.797103,28.880286],[-81.79559,28.879504],[-81.794633,28.878913],[-81.794212,28.878561],[-81.793662,28.877841],[-81.793196,28.876893],[-81.79277,28.876197],[-81.79227,28.875847],[-81.791387,28.875313],[-81.790753,28.875001],[-81.790679,28.874913],[-81.789894,28.874577],[-81.78876,28.873913],[-81.788264,28.873687],[-81.787724,28.873118],[-81.787465,28.872965],[-81.787349,28.872835],[-81.787317,28.872804],[-81.787107,28.872603],[-81.78706,28.872558],[-81.786995,28.872495],[-81.786958,28.872459],[-81.786618,28.872225],[-81.786363,28.872209],[-81.786196,28.872199],[-81.785726,28.871987],[-81.785126,28.871666],[-81.784346,28.871286],[-81.784251,28.87118],[-81.784061,28.871075],[-81.783786,28.871009],[-81.783722,28.870931],[-81.783404,28.870766],[-81.783146,28.870616],[-81.7829,28.87047],[-81.782728,28.870359],[-81.782621,28.870242],[-81.781958,28.869661],[-81.780537,28.868775],[-81.780038,28.868503],[-81.77895,28.867875],[-81.778558,28.867702],[-81.777953,28.867435],[-81.777156,28.86706],[-81.776307,28.866473],[-81.775922,28.866333],[-81.775303,28.866248],[-81.77516,28.866265],[-81.774792,28.86631],[-81.774769,28.866316],[-81.774556,28.866376],[-81.773791,28.866594],[-81.773511,28.866639],[-81.773125,28.866702],[-81.772938,28.866696],[-81.772671,28.866666],[-81.772394,28.866533],[-81.772147,28.86635],[-81.771918,28.866117],[-81.771072,28.86536],[-81.770251,28.864787],[-81.769601,28.864387],[-81.769109,28.863617],[-81.768914,28.863439],[-81.768729,28.86321],[-81.768606,28.862887],[-81.768486,28.862411],[-81.768074,28.861596],[-81.768051,28.861136],[-81.768158,28.860901],[-81.76845,28.860546],[-81.769275,28.86015],[-81.769467,28.860046],[-81.770155,28.859472],[-81.770426,28.858871],[-81.770613,28.858459],[-81.770513,28.85776],[-81.770313,28.857183],[-81.769789,28.856838],[-81.769142,28.856555],[-81.768063,28.856333],[-81.766966,28.855898],[-81.763316,28.854401],[-81.761745,28.853909],[-81.761461,28.853892],[-81.761131,28.853675],[-81.759508,28.853107],[-81.759076,28.852782],[-81.757858,28.852449],[-81.757925,28.852135],[-81.75785,28.852135],[-81.757737,28.852091],[-81.757506,28.851926],[-81.757437,28.851772],[-81.757119,28.851513],[-81.757044,28.851414],[-81.756889,28.851284],[-81.756763,28.851178],[-81.756407,28.850902],[-81.756001,28.850462],[-81.755588,28.849791],[-81.755333,28.84924],[-81.754983,28.848244],[-81.754784,28.847518],[-81.754723,28.84725],[-81.75469,28.847105],[-81.754615,28.847028],[-81.754334,28.845862],[-81.754297,28.845598],[-81.754291,28.845455],[-81.754098,28.844552],[-81.754055,28.844409],[-81.754016,28.84441],[-81.751975,28.844094],[-81.752029,28.843554],[-81.751051,28.842435],[-81.750722,28.842059],[-81.750892,28.841762],[-81.751158,28.841075],[-81.751192,28.840446],[-81.751276,28.839161],[-81.751319,28.838508],[-81.751305,28.83821],[-81.75128,28.837661],[-81.751257,28.837361],[-81.751187,28.83645],[-81.750985,28.835207],[-81.749792,28.835367],[-81.737044,28.835425],[-81.731154,28.835452],[-81.723307,28.835487],[-81.710067,28.835547],[-81.707939,28.835343],[-81.707836,28.835334],[-81.707848,28.835369],[-81.707815,28.835391],[-81.707761,28.835448],[-81.707685,28.835526],[-81.707171,28.836006],[-81.707009,28.836158],[-81.706979,28.836135],[-81.70692,28.836091],[-81.706774,28.83598],[-81.704965,28.834615],[-81.704118,28.833977],[-81.704135,28.833829],[-81.704134,28.832719],[-81.70331,28.832725],[-81.703302,28.831895],[-81.703241,28.8319],[-81.703182,28.831905],[-81.703083,28.831913],[-81.703069,28.831914],[-81.702978,28.831932],[-81.702893,28.831949],[-81.702829,28.831963],[-81.702737,28.831982],[-81.70264,28.832004],[-81.702569,28.83202],[-81.702534,28.832033],[-81.702504,28.832045],[-81.702326,28.832126],[-81.702247,28.832181],[-81.702207,28.832199],[-81.702122,28.832246],[-81.702079,28.832272],[-81.701881,28.832436],[-81.701758,28.832566],[-81.701701,28.832524],[-81.701692,28.832531],[-81.701634,28.83259],[-81.701576,28.832658],[-81.701532,28.832713],[-81.701489,28.832768],[-81.70148,28.832784],[-81.701503,28.832782],[-81.701342,28.833054],[-81.701321,28.833105],[-81.701295,28.83319],[-81.70125,28.833303],[-81.701227,28.833421],[-81.701202,28.833535],[-81.701213,28.83364],[-81.70123,28.833744],[-81.701233,28.833791],[-81.701251,28.833853],[-81.70127,28.83393],[-81.701341,28.834121],[-81.701352,28.834157],[-81.701397,28.834242],[-81.701453,28.834334],[-81.701512,28.834424],[-81.701571,28.834517],[-81.701629,28.834608],[-81.701664,28.834672],[-81.701704,28.834726],[-81.701723,28.834753],[-81.701756,28.834791],[-81.701833,28.834883],[-81.701924,28.83497],[-81.702029,28.835044],[-81.702134,28.835121],[-81.702239,28.835192],[-81.702329,28.835236],[-81.702315,28.835253],[-81.702293,28.83528],[-81.702211,28.835381],[-81.702069,28.835556],[-81.701904,28.835758],[-81.701845,28.835752],[-81.701807,28.835779],[-81.701796,28.835804],[-81.701776,28.835881],[-81.701792,28.835913],[-81.701807,28.835946],[-81.701821,28.835978],[-81.701849,28.836044],[-81.701873,28.836111],[-81.701895,28.836178],[-81.701908,28.836221],[-81.701937,28.836315],[-81.701745,28.836313],[-81.701702,28.836226],[-81.701686,28.83619],[-81.70158,28.835966],[-81.701521,28.835834],[-81.701107,28.83587],[-81.700641,28.835916],[-81.700669,28.836032],[-81.700749,28.836404],[-81.700606,28.836434],[-81.700523,28.836093],[-81.700486,28.835947],[-81.700479,28.83592],[-81.700474,28.835899],[-81.700441,28.835921],[-81.700366,28.835984],[-81.700326,28.836016],[-81.70022,28.836103],[-81.700215,28.836112],[-81.700153,28.836076],[-81.699918,28.835942],[-81.69945,28.835918],[-81.699475,28.835996],[-81.699441,28.836005],[-81.699506,28.836126],[-81.699525,28.836163],[-81.699581,28.836374],[-81.699501,28.8364],[-81.699439,28.836433],[-81.699383,28.836474],[-81.699341,28.83652],[-81.699314,28.836575],[-81.699297,28.83666],[-81.699302,28.836744],[-81.699328,28.836822],[-81.698883,28.836958],[-81.698521,28.837068],[-81.697889,28.837267],[-81.697577,28.837365],[-81.697555,28.837372],[-81.697531,28.83738],[-81.696544,28.837693],[-81.695722,28.837936],[-81.695607,28.83797],[-81.695531,28.837991],[-81.695137,28.838072],[-81.694838,28.838133],[-81.694615,28.838179],[-81.694483,28.838204],[-81.693331,28.838279],[-81.692648,28.838279],[-81.692573,28.83828],[-81.692561,28.83828],[-81.692474,28.838282],[-81.69249,28.838248],[-81.692499,28.838228],[-81.692507,28.838209],[-81.692628,28.837939],[-81.692709,28.837768],[-81.69275,28.837684],[-81.692771,28.837645],[-81.692795,28.837597],[-81.692811,28.837568],[-81.692826,28.837539],[-81.692853,28.83749],[-81.692873,28.837454],[-81.692925,28.837364],[-81.692985,28.837262],[-81.693097,28.837085],[-81.693162,28.836987],[-81.693229,28.836891],[-81.693299,28.836794],[-81.69337,28.836699],[-81.693443,28.836605],[-81.693499,28.836536],[-81.693595,28.836302],[-81.693911,28.83596],[-81.694566,28.835254],[-81.695181,28.834617],[-81.696533,28.833178],[-81.69686,28.832834],[-81.697013,28.832672],[-81.69973,28.829807],[-81.699866,28.829634],[-81.699901,28.829569],[-81.699976,28.829435],[-81.70003,28.829285],[-81.700053,28.829129],[-81.700318,28.829126],[-81.700547,28.829125],[-81.700606,28.829125],[-81.700696,28.8291],[-81.70073,28.829091],[-81.700807,28.829022],[-81.701735,28.828047],[-81.702765,28.826949],[-81.703929,28.825708],[-81.704177,28.825444],[-81.704355,28.825255],[-81.70467,28.824928],[-81.704685,28.824912],[-81.707339,28.822148],[-81.707898,28.822152],[-81.70821,28.822154],[-81.708211,28.82213],[-81.70821,28.821987],[-81.70821,28.821973],[-81.70821,28.821956],[-81.708209,28.821815],[-81.708209,28.821798],[-81.708208,28.821769],[-81.708208,28.821656],[-81.707918,28.821657],[-81.707895,28.821658],[-81.707799,28.821658],[-81.707619,28.821659],[-81.707286,28.821661],[-81.706871,28.821664],[-81.706845,28.821664],[-81.706653,28.821665],[-81.706355,28.821667],[-81.705731,28.82167],[-81.705016,28.821675],[-81.704069,28.82168],[-81.70344,28.821684],[-81.702808,28.821688],[-81.702183,28.821676],[-81.702103,28.821682],[-81.702029,28.821687],[-81.701929,28.821693],[-81.701867,28.821693],[-81.701257,28.821697],[-81.701256,28.821628],[-81.699992,28.821636],[-81.699993,28.821704],[-81.697778,28.821718],[-81.697619,28.82172],[-81.69746,28.821724],[-81.697301,28.821731],[-81.697143,28.821741],[-81.696985,28.821753],[-81.696823,28.821767],[-81.696669,28.821784],[-81.696452,28.821811],[-81.696452,28.821781],[-81.696421,28.820326],[-81.695769,28.820547],[-81.694907,28.82084],[-81.69461,28.82094],[-81.694268,28.820178],[-81.694029,28.819647],[-81.693391,28.819714],[-81.69331,28.819722],[-81.693023,28.819711],[-81.692192,28.819414],[-81.692005,28.819425],[-81.69168,28.819403],[-81.69143,28.819299],[-81.691155,28.819277],[-81.691117,28.819343],[-81.691242,28.819596],[-81.691342,28.819728],[-81.691548,28.820102],[-81.691542,28.820284],[-81.691486,28.820498],[-81.69133,28.820685],[-81.691105,28.820911],[-81.690868,28.82106],[-81.690649,28.821192],[-81.69043,28.821225],[-81.69033,28.821252],[-81.690187,28.821269],[-81.690005,28.821313],[-81.689805,28.821318],[-81.689562,28.82134],[-81.689312,28.821307],[-81.689224,28.82128],[-81.689162,28.821241],[-81.6891,28.821225],[-81.688968,28.821214],[-81.688912,28.821164],[-81.688843,28.82112],[-81.688793,28.82112],[-81.688631,28.821049],[-81.688546,28.82099],[-81.688456,28.820928],[-81.688325,28.820823],[-81.6882,28.820685],[-81.688169,28.820597],[-81.6881,28.820509],[-81.688075,28.82035],[-81.688087,28.820251],[-81.688056,28.820152],[-81.688075,28.819794],[-81.688025,28.819563],[-81.687756,28.819013],[-81.687613,28.818743],[-81.687546,28.818237],[-81.687541,28.818201],[-81.687469,28.817648],[-81.687563,28.817076],[-81.687579,28.817021],[-81.68769,28.816642],[-81.687725,28.81652],[-81.68773,28.816509],[-81.687787,28.816377],[-81.687817,28.816325],[-81.687894,28.81619],[-81.688218,28.815893],[-81.688912,28.815926],[-81.690161,28.815921],[-81.690193,28.815789],[-81.690036,28.815667],[-81.689911,28.815673],[-81.689719,28.815642],[-81.690028,28.815629],[-81.690046,28.815567],[-81.690083,28.815501],[-81.690124,28.815448],[-81.690173,28.815393],[-81.690207,28.815329],[-81.690224,28.815268],[-81.690263,28.815128],[-81.69029,28.815032],[-81.688371,28.81502],[-81.688249,28.815035],[-81.685557,28.815043],[-81.685555,28.81466],[-81.685545,28.812121],[-81.685548,28.811194],[-81.685562,28.811098],[-81.685602,28.810991],[-81.685666,28.810893],[-81.685832,28.810692],[-81.686216,28.810227],[-81.686726,28.809609],[-81.686997,28.809271],[-81.687118,28.80912],[-81.687138,28.809077],[-81.687177,28.80899],[-81.687219,28.808831],[-81.687231,28.808691],[-81.687235,28.808065],[-81.68723,28.807554],[-81.687228,28.807362],[-81.687225,28.807082],[-81.687224,28.806169],[-81.687225,28.805364],[-81.687244,28.805107],[-81.687252,28.804997],[-81.687284,28.804719],[-81.687294,28.804642],[-81.687314,28.804469],[-81.687318,28.804163],[-81.68732,28.804049],[-81.687321,28.803949],[-81.687321,28.803878],[-81.687322,28.803811],[-81.687328,28.803125],[-81.687324,28.802721],[-81.687313,28.801192],[-81.687291,28.798279],[-81.687284,28.797381],[-81.687281,28.796953],[-81.687275,28.796244],[-81.687274,28.796134],[-81.687281,28.796018],[-81.687287,28.795788],[-81.687397,28.787869],[-81.686275,28.787928],[-81.683427,28.787877],[-81.683009,28.78787],[-81.67831,28.78821],[-81.676219,28.788809],[-81.673701,28.789557],[-81.67242,28.790045],[-81.67155,28.790411],[-81.670039,28.791002],[-81.669307,28.791315],[-81.667155,28.792131],[-81.664516,28.793146],[-81.663929,28.793308],[-81.662624,28.793669],[-81.659397,28.793969],[-81.65848,28.79386],[-81.657813,28.793781],[-81.657024,28.793688],[-81.65359,28.793493],[-81.651121,28.79305],[-81.648979,28.789528],[-81.647959,28.787867],[-81.646741,28.785882],[-81.64652,28.785884],[-81.646513,28.785872],[-81.64469,28.78587],[-81.643061,28.785869],[-81.64245,28.785869],[-81.641196,28.78587],[-81.640825,28.78587],[-81.638072,28.78586],[-81.636034,28.785892],[-81.635725,28.785886],[-81.626826,28.785921],[-81.625713,28.785924],[-81.624979,28.785914],[-81.624896,28.785919],[-81.624846,28.785921],[-81.624731,28.785927],[-81.62464,28.785932],[-81.624514,28.785939],[-81.624425,28.785944],[-81.624382,28.785946],[-81.623997,28.78597],[-81.623986,28.78597],[-81.623855,28.78597],[-81.623696,28.78597],[-81.623641,28.78597],[-81.623611,28.78597],[-81.62341,28.78597],[-81.622982,28.78597],[-81.622553,28.78597],[-81.622337,28.78597],[-81.622268,28.78597],[-81.621965,28.78597],[-81.62161,28.78597],[-81.621512,28.78597],[-81.621057,28.78597],[-81.620755,28.78597],[-81.620626,28.78597],[-81.620432,28.78597],[-81.620239,28.78597],[-81.62011,28.78597],[-81.619951,28.78597],[-81.619714,28.78597],[-81.619477,28.78597],[-81.619319,28.78597],[-81.617334,28.78597],[-81.614358,28.78597],[-81.61138,28.78597],[-81.609396,28.78597],[-81.601304,28.78597],[-81.592971,28.78597],[-81.592921,28.786082],[-81.592886,28.786189],[-81.592861,28.786344],[-81.592845,28.786556],[-81.59284,28.787222],[-81.592834,28.789018],[-81.592823,28.792352],[-81.592819,28.793342],[-81.592817,28.79407],[-81.59281,28.794827],[-81.592806,28.795136],[-81.592804,28.795407],[-81.592795,28.796245],[-81.592792,28.796962],[-81.592791,28.797625],[-81.592551,28.797634],[-81.592495,28.797637],[-81.591916,28.797638],[-81.589481,28.797668],[-81.589213,28.797657],[-81.588721,28.797665],[-81.588557,28.797694],[-81.588313,28.797755],[-81.587732,28.797939],[-81.587475,28.798013],[-81.587242,28.798089],[-81.586942,28.798172],[-81.586484,28.798313],[-81.586221,28.798394],[-81.585995,28.798469],[-81.585529,28.7986],[-81.58521,28.798706],[-81.584981,28.798771],[-81.58476,28.79884],[-81.584492,28.7989],[-81.584326,28.79892],[-81.584228,28.798924],[-81.584191,28.798925],[-81.584,28.798932],[-81.583948,28.798934],[-81.58388,28.798934],[-81.583538,28.798935],[-81.583262,28.798946],[-81.582469,28.798954],[-81.582183,28.798965],[-81.581677,28.798974],[-81.58089,28.798979],[-81.580469,28.798995],[-81.580198,28.79899],[-81.579948,28.798995],[-81.579669,28.79899],[-81.579135,28.799],[-81.578288,28.798996],[-81.577985,28.799003],[-81.577587,28.798999],[-81.57658,28.799014],[-81.576066,28.799009],[-81.576145,28.80392],[-81.576149,28.804103],[-81.57615,28.804253],[-81.575846,28.804289],[-81.575705,28.804298],[-81.575325,28.804321],[-81.575144,28.804338],[-81.574932,28.804358],[-81.574719,28.804378],[-81.574356,28.804423],[-81.573996,28.804481],[-81.572688,28.804828],[-81.572511,28.804891],[-81.57233,28.804956],[-81.5723,28.804566],[-81.572299,28.804508],[-81.570831,28.804796],[-81.569707,28.80509],[-81.568148,28.805571],[-81.567955,28.805659],[-81.567154,28.805887],[-81.56614,28.806162],[-81.565264,28.806486],[-81.565042,28.806569],[-81.564102,28.806899],[-81.564108,28.806728],[-81.564103,28.805984],[-81.563955,28.805992],[-81.563671,28.805981],[-81.563532,28.805976],[-81.562911,28.805966],[-81.562064,28.80594],[-81.561482,28.805957],[-81.56122,28.805957],[-81.560407,28.80594],[-81.560031,28.805942],[-81.560038,28.806432],[-81.560041,28.806667],[-81.560032,28.807725],[-81.559975,28.807727],[-81.559463,28.807738],[-81.558983,28.807749],[-81.557735,28.807776],[-81.556844,28.807792],[-81.556804,28.807793],[-81.555972,28.807806],[-81.555477,28.807813],[-81.55533,28.807816],[-81.554801,28.807825],[-81.554208,28.807835],[-81.554063,28.807837],[-81.553761,28.807845],[-81.552704,28.807871],[-81.552635,28.807872],[-81.551562,28.807884],[-81.550802,28.807902],[-81.54964,28.807906],[-81.549116,28.807908],[-81.547615,28.807931],[-81.546769,28.807949],[-81.545588,28.807974],[-81.543622,28.808004],[-81.543542,28.808005],[-81.542891,28.808015],[-81.541853,28.808023],[-81.541463,28.808031],[-81.539461,28.808069],[-81.538056,28.808085],[-81.537127,28.808103],[-81.535973,28.808125],[-81.534586,28.808143],[-81.534179,28.808147],[-81.5337,28.80815],[-81.533458,28.808175],[-81.533186,28.808247],[-81.533002,28.808323],[-81.532846,28.808411],[-81.532362,28.808725],[-81.531966,28.808983],[-81.531855,28.809055],[-81.53057,28.809907],[-81.529883,28.81036],[-81.529095,28.81088],[-81.528736,28.811116],[-81.528122,28.811493],[-81.527896,28.811605],[-81.527716,28.811688],[-81.527251,28.811878],[-81.526945,28.811975],[-81.526907,28.811987],[-81.526862,28.811999],[-81.526547,28.812083],[-81.526181,28.812159],[-81.525148,28.812347],[-81.524901,28.812389],[-81.524474,28.812459],[-81.523835,28.812558],[-81.523689,28.81258],[-81.523641,28.812584],[-81.523068,28.812641],[-81.522949,28.812653],[-81.522697,28.812671],[-81.522374,28.812694],[-81.521699,28.812718],[-81.520851,28.812723],[-81.517395,28.812727],[-81.517168,28.812727],[-81.516248,28.812728],[-81.514449,28.812729],[-81.514291,28.812729],[-81.511012,28.812733],[-81.510193,28.812738],[-81.509614,28.812743],[-81.508415,28.812743],[-81.508374,28.812961],[-81.507439,28.812944],[-81.505799,28.812897],[-81.504788,28.812868],[-81.504115,28.81288],[-81.503962,28.812883],[-81.50323,28.812896],[-81.503166,28.812897],[-81.503109,28.812911],[-81.501944,28.813197],[-81.501303,28.81342],[-81.50053,28.81381],[-81.499741,28.814208],[-81.499472,28.814339],[-81.498861,28.814637],[-81.493686,28.817162],[-81.493212,28.817393],[-81.492918,28.817534],[-81.491543,28.818204],[-81.490254,28.818574],[-81.489513,28.818644],[-81.48285,28.818609],[-81.480119,28.818568],[-81.478143,28.818621],[-81.477178,28.818609],[-81.476714,28.818603],[-81.475713,28.818398],[-81.475461,28.818313],[-81.474825,28.818098],[-81.474057,28.817616],[-81.473153,28.817037],[-81.472415,28.816564],[-81.470659,28.815389],[-81.469457,28.814619],[-81.469148,28.814411],[-81.468545,28.814005],[-81.467982,28.813626],[-81.467955,28.813609],[-81.466546,28.812733],[-81.466194,28.812533],[-81.46605,28.812439],[-81.465698,28.812209],[-81.465202,28.811897],[-81.464647,28.811625],[-81.464091,28.811402],[-81.463468,28.811205],[-81.462928,28.811023],[-81.462701,28.811008],[-81.461552,28.811008],[-81.457849,28.811005],[-81.457596,28.811005],[-81.455204,28.811003],[-81.448945,28.810998],[-81.445743,28.810985],[-81.445162,28.811007],[-81.445083,28.81101],[-81.444785,28.811038],[-81.444514,28.811074],[-81.444083,28.811157],[-81.443681,28.811262],[-81.443342,28.811373],[-81.443217,28.811422],[-81.442896,28.811548],[-81.442611,28.811668],[-81.441798,28.812012],[-81.44129,28.812227],[-81.440766,28.812448],[-81.437913,28.813667],[-81.436949,28.814064],[-81.436915,28.814078],[-81.434747,28.815007],[-81.434635,28.815055],[-81.434509,28.815104],[-81.434188,28.815233],[-81.433802,28.815362],[-81.433391,28.815467],[-81.432967,28.815545],[-81.432536,28.815598],[-81.432091,28.815621],[-81.431405,28.815613],[-81.430029,28.815568],[-81.429219,28.815525],[-81.428986,28.815517],[-81.428013,28.815484],[-81.4262,28.815422],[-81.426182,28.815421],[-81.425093,28.815383],[-81.424227,28.815345],[-81.423406,28.815321],[-81.423048,28.815305],[-81.422578,28.815285],[-81.422086,28.815267],[-81.421985,28.815264],[-81.421158,28.815236],[-81.419818,28.815186],[-81.419555,28.815181],[-81.419556,28.815237],[-81.419564,28.815276],[-81.41957,28.815305],[-81.419578,28.815328],[-81.419588,28.815342],[-81.419619,28.815385],[-81.41963,28.8154],[-81.419635,28.815423],[-81.419651,28.815513],[-81.419648,28.815583],[-81.419643,28.815792],[-81.419615,28.816066],[-81.419599,28.816227],[-81.41958,28.816394],[-81.419529,28.816646],[-81.419281,28.817897],[-81.419199,28.818315],[-81.419187,28.818359],[-81.419174,28.818411],[-81.41915,28.818491],[-81.419137,28.818536],[-81.41905,28.818761],[-81.41879,28.819435],[-81.418704,28.819661],[-81.418355,28.820661],[-81.417801,28.822103],[-81.417562,28.822727],[-81.416846,28.824569],[-81.416294,28.825565],[-81.41575,28.826372],[-81.414377,28.8275],[-81.413612,28.828528],[-81.41357,28.828586],[-81.412761,28.829624],[-81.412004,28.830577],[-81.411798,28.830762],[-81.411541,28.83087],[-81.410909,28.831137],[-81.410085,28.831671],[-81.409804,28.831854],[-81.409696,28.832046],[-81.409504,28.832158],[-81.409261,28.832302],[-81.40911,28.832476],[-81.409139,28.832627],[-81.409181,28.832846],[-81.409165,28.832878],[-81.409194,28.833018],[-81.409232,28.833191],[-81.409098,28.833332],[-81.409039,28.833336],[-81.408897,28.833348],[-81.408889,28.83336],[-81.408882,28.833374],[-81.408868,28.833396],[-81.408862,28.833409],[-81.40874,28.833627],[-81.408617,28.83374],[-81.408279,28.834056],[-81.40764,28.834515],[-81.407302,28.834759],[-81.407288,28.834769],[-81.407261,28.834773],[-81.407129,28.834795],[-81.407086,28.834803],[-81.406913,28.834773],[-81.406809,28.834756],[-81.406516,28.834748],[-81.406389,28.834759],[-81.406215,28.834775],[-81.406183,28.834776],[-81.406131,28.834778],[-81.406088,28.83478],[-81.406057,28.834782],[-81.405902,28.834784],[-81.405574,28.83488],[-81.405307,28.834978],[-81.405137,28.835041],[-81.404819,28.835056],[-81.404572,28.834985],[-81.404239,28.834847],[-81.404029,28.834794],[-81.403862,28.83483],[-81.403724,28.835002],[-81.403568,28.835326],[-81.4034,28.83552],[-81.403322,28.835611],[-81.403261,28.835915],[-81.403255,28.836266],[-81.403235,28.836359],[-81.403206,28.836498],[-81.403168,28.836637],[-81.403144,28.83673],[-81.403126,28.836798],[-81.403082,28.837006],[-81.403068,28.837076],[-81.403063,28.837096],[-81.403051,28.837155],[-81.403047,28.837176],[-81.402864,28.837337],[-81.402323,28.837741],[-81.402274,28.837768],[-81.402062,28.837888],[-81.402034,28.837903],[-81.401992,28.837927],[-81.40195,28.837949],[-81.401923,28.837964],[-81.401791,28.83802],[-81.401153,28.838364],[-81.400525,28.838705],[-81.399922,28.839328],[-81.399192,28.840044],[-81.399091,28.840144],[-81.398747,28.840333],[-81.398574,28.840484],[-81.39853,28.840578],[-81.398516,28.840587],[-81.398476,28.840613],[-81.398463,28.840623],[-81.398393,28.840668],[-81.398468,28.840852],[-81.398487,28.840895],[-81.398521,28.840971],[-81.39863,28.841009],[-81.398671,28.841023],[-81.39887,28.84109],[-81.398837,28.841206],[-81.398728,28.841307],[-81.398612,28.841417],[-81.39848,28.841704],[-81.398397,28.841887],[-81.398271,28.841969],[-81.398011,28.841977],[-81.397684,28.8419],[-81.397637,28.841889],[-81.397412,28.841746],[-81.397287,28.841737],[-81.397231,28.841734],[-81.396974,28.841693],[-81.396917,28.841698],[-81.396794,28.841711],[-81.396712,28.84178],[-81.396578,28.841929],[-81.396333,28.842206],[-81.396195,28.842295],[-81.396059,28.842281],[-81.395949,28.842132],[-81.395915,28.842073],[-81.395762,28.841806],[-81.395717,28.841801],[-81.395642,28.841793],[-81.395582,28.841788],[-81.395556,28.841786],[-81.39554,28.841794],[-81.395412,28.841855],[-81.395399,28.841862],[-81.39501,28.84199],[-81.394876,28.842035],[-81.39466,28.842106],[-81.394466,28.842287],[-81.394129,28.842604],[-81.393688,28.843194],[-81.393555,28.843439],[-81.393386,28.843755],[-81.393387,28.84389],[-81.393387,28.843966],[-81.393388,28.844082],[-81.393388,28.844197],[-81.393388,28.844274],[-81.393356,28.844441],[-81.393316,28.84466],[-81.393086,28.844837],[-81.393003,28.844902],[-81.392951,28.844941],[-81.392942,28.844947],[-81.392915,28.844967],[-81.392907,28.844974],[-81.392859,28.845008],[-81.392749,28.845087],[-81.392755,28.845126],[-81.392765,28.845184],[-81.392775,28.845247],[-81.392796,28.845367],[-81.392766,28.845433],[-81.392741,28.845493],[-81.3927,28.845585],[-81.392643,28.8457],[-81.392595,28.845798],[-81.392299,28.845856],[-81.392117,28.845775],[-81.392078,28.845842],[-81.391965,28.846041],[-81.39191,28.846136],[-81.391863,28.846219],[-81.391828,28.846451],[-81.391812,28.84656],[-81.391794,28.846673],[-81.391769,28.846843],[-81.391679,28.846993],[-81.39162,28.847092],[-81.391592,28.847132],[-81.391397,28.847404],[-81.391342,28.847482],[-81.390803,28.847865],[-81.390439,28.848019],[-81.390086,28.848169],[-81.389989,28.848266],[-81.38998,28.848276],[-81.389931,28.848342],[-81.38998,28.848432],[-81.390169,28.848533],[-81.390223,28.848562],[-81.390226,28.848639],[-81.390234,28.84887],[-81.390122,28.849013],[-81.389988,28.849054],[-81.389362,28.849248],[-81.388917,28.849229],[-81.388626,28.849338],[-81.388474,28.849533],[-81.388324,28.849727],[-81.388068,28.849898],[-81.388047,28.849905],[-81.387866,28.849922],[-81.387672,28.849949],[-81.387416,28.849954],[-81.38729,28.849898],[-81.387141,28.849833],[-81.387079,28.849679],[-81.387079,28.84936],[-81.386985,28.849233],[-81.386873,28.849211],[-81.386716,28.84936],[-81.386516,28.849745],[-81.386379,28.849872],[-81.386304,28.849915],[-81.386041,28.849943],[-81.385844,28.849891],[-81.385791,28.849877],[-81.38566,28.849877],[-81.385522,28.849943],[-81.385454,28.850025],[-81.38546,28.85035],[-81.385435,28.850355],[-81.385403,28.850399],[-81.385322,28.850476],[-81.385172,28.850498],[-81.385003,28.850548],[-81.384878,28.850619],[-81.38481,28.850674],[-81.384703,28.85078],[-81.384584,28.8509],[-81.384366,28.851054],[-81.384084,28.851065],[-81.383953,28.85112],[-81.383572,28.851538],[-81.38335,28.851705],[-81.382965,28.851994],[-81.382928,28.852082],[-81.382965,28.852203],[-81.383003,28.85239],[-81.382965,28.852487],[-81.382959,28.852506],[-81.382927,28.85261],[-81.382458,28.853166],[-81.382446,28.853188],[-81.382458,28.853204],[-81.382396,28.853309],[-81.382258,28.853526],[-81.382008,28.85392],[-81.381727,28.854161],[-81.381508,28.854266],[-81.381462,28.854301],[-81.381364,28.854381],[-81.381183,28.854557],[-81.381126,28.854612],[-81.381083,28.85464],[-81.38092,28.854871],[-81.380757,28.855195],[-81.380706,28.855328],[-81.380469,28.855955],[-81.380007,28.856477],[-81.379844,28.856857],[-81.379744,28.857275],[-81.379731,28.857484],[-81.379769,28.8576],[-81.379867,28.857791],[-81.379893,28.857842],[-81.379918,28.858106],[-81.379806,28.858337],[-81.379556,28.858568],[-81.379174,28.858661],[-81.37894,28.858773],[-81.378924,28.858782],[-81.378749,28.859013],[-81.378699,28.859349],[-81.378599,28.859635],[-81.378311,28.859844],[-81.378136,28.859943],[-81.377948,28.859943],[-81.377701,28.859855],[-81.377517,28.859789],[-81.37738,28.859788],[-81.377098,28.859937],[-81.377111,28.859964],[-81.377055,28.860102],[-81.376948,28.860388],[-81.376944,28.860481],[-81.376917,28.861142],[-81.376816,28.861296],[-81.376641,28.861428],[-81.376335,28.86173],[-81.376175,28.861908],[-81.375966,28.862143],[-81.375891,28.862154],[-81.375747,28.862104],[-81.375735,28.862071],[-81.375681,28.862068],[-81.375641,28.862066],[-81.375553,28.862055],[-81.375523,28.862048],[-81.375472,28.862038],[-81.37536,28.862063],[-81.375248,28.86209],[-81.375174,28.86214],[-81.375073,28.862209],[-81.375063,28.862221],[-81.375013,28.862288],[-81.374998,28.862315],[-81.374929,28.862385],[-81.374912,28.862495],[-81.37492,28.862591],[-81.375005,28.862669],[-81.375022,28.862685],[-81.375038,28.862735],[-81.375029,28.862778],[-81.374999,28.862806],[-81.374976,28.862852],[-81.374971,28.862881],[-81.37498,28.862908],[-81.375004,28.86294],[-81.375012,28.862974],[-81.375028,28.863015],[-81.375067,28.863045],[-81.375098,28.86307],[-81.375106,28.863105],[-81.375099,28.863132],[-81.375082,28.863149],[-81.375077,28.863178],[-81.375086,28.863194],[-81.375095,28.863211],[-81.375111,28.863259],[-81.375127,28.863312],[-81.37512,28.863337],[-81.375117,28.863346],[-81.375088,28.863366],[-81.376006,28.865901],[-81.375941,28.865933],[-81.37593,28.865939],[-81.375898,28.865959],[-81.375888,28.865966],[-81.375884,28.865976],[-81.375871,28.866006],[-81.375868,28.866017],[-81.375863,28.866028],[-81.375849,28.866062],[-81.375845,28.866074],[-81.375831,28.86611],[-81.375826,28.86612],[-81.375813,28.866153],[-81.375809,28.866165],[-81.375802,28.866182],[-81.375781,28.866233],[-81.375775,28.866251],[-81.37576,28.866289],[-81.375754,28.866303],[-81.375735,28.866347],[-81.37573,28.866362],[-81.375724,28.866376],[-81.375706,28.866419],[-81.375701,28.866434],[-81.375684,28.866477],[-81.375329,28.866511],[-81.375038,28.86654],[-81.374909,28.866682],[-81.375089,28.867235],[-81.375151,28.867423],[-81.37526,28.867539],[-81.375253,28.867556],[-81.375234,28.867602],[-81.375207,28.867672],[-81.375179,28.86774],[-81.375161,28.867787],[-81.375154,28.867804],[-81.375176,28.868074],[-81.375186,28.868197],[-81.375047,28.868435],[-81.374811,28.868593],[-81.374627,28.868635],[-81.374422,28.868683],[-81.374379,28.868749],[-81.374326,28.868829],[-81.374248,28.86895],[-81.374168,28.86907],[-81.374116,28.869151],[-81.374122,28.869273],[-81.374132,28.86946],[-81.374121,28.869641],[-81.374115,28.869764],[-81.374036,28.869868],[-81.373903,28.870047],[-81.373752,28.870121],[-81.373635,28.870179],[-81.37362,28.870186],[-81.373574,28.870208],[-81.37356,28.870216],[-81.373523,28.870233],[-81.373491,28.87025],[-81.373412,28.870216],[-81.373375,28.8702],[-81.373313,28.870173],[-81.373129,28.870094],[-81.373088,28.870043],[-81.372926,28.869822],[-81.372897,28.86956],[-81.372882,28.869415],[-81.372919,28.869104],[-81.372622,28.868908],[-81.37238,28.8689],[-81.372009,28.869039],[-81.371928,28.869175],[-81.371758,28.869464],[-81.37172,28.869663],[-81.371715,28.869688],[-81.371709,28.86972],[-81.3717,28.869766],[-81.371695,28.869792],[-81.371686,28.869834],[-81.371675,28.869895],[-81.371645,28.869955],[-81.371627,28.869994],[-81.371618,28.870011],[-81.371592,28.870065],[-81.371584,28.870083],[-81.371575,28.870101],[-81.371553,28.870147],[-81.371543,28.870152],[-81.371525,28.870162],[-81.371322,28.870292],[-81.371217,28.87036],[-81.370946,28.870378],[-81.370699,28.870303],[-81.370632,28.870287],[-81.370397,28.870234],[-81.370332,28.870219],[-81.370244,28.870235],[-81.369936,28.870295],[-81.369827,28.870402],[-81.369717,28.870512],[-81.369692,28.870536],[-81.369737,28.870887],[-81.369788,28.871266],[-81.369763,28.87134],[-81.369646,28.871695],[-81.369447,28.872024],[-81.369127,28.872513],[-81.368608,28.872921],[-81.368105,28.873043],[-81.368078,28.873046],[-81.367525,28.873116],[-81.367238,28.873163],[-81.366902,28.873217],[-81.366705,28.87325],[-81.366296,28.873602],[-81.366226,28.873874],[-81.366152,28.874165],[-81.366153,28.874205],[-81.366155,28.87442],[-81.366158,28.874744],[-81.366238,28.875057],[-81.366292,28.875267],[-81.366296,28.875282],[-81.36631,28.875327],[-81.366315,28.875342],[-81.366345,28.875421],[-81.36639,28.87554],[-81.366434,28.875659],[-81.366464,28.875739],[-81.36654,28.875969],[-81.366602,28.876153],[-81.366764,28.876619],[-81.366771,28.876662],[-81.366814,28.876902],[-81.36686,28.877163],[-81.366898,28.877365],[-81.366972,28.877755],[-81.367052,28.878315],[-81.367036,28.878766],[-81.367036,28.878779],[-81.36694,28.879227],[-81.366779,28.879479],[-81.366757,28.879637],[-81.366595,28.879766],[-81.36654,28.879851],[-81.366422,28.879899],[-81.366312,28.88],[-81.366108,28.880027],[-81.365766,28.880078],[-81.365533,28.880027],[-81.36542,28.880027],[-81.364972,28.879883],[-81.36483,28.879702],[-81.364169,28.879096],[-81.363636,28.878991],[-81.363048,28.879188],[-81.36302,28.879387],[-81.363052,28.879707],[-81.363238,28.879986],[-81.363564,28.880475],[-81.363622,28.880543],[-81.364303,28.88124],[-81.364525,28.88161],[-81.364844,28.881995],[-81.365372,28.882859],[-81.365644,28.883563],[-81.365666,28.883643],[-81.365964,28.884747],[-81.36606,28.885707],[-81.366114,28.886324],[-81.36614,28.886619],[-81.366126,28.887605],[-81.366124,28.887755],[-81.365868,28.888379],[-81.365657,28.888703],[-81.365569,28.889032],[-81.365143,28.889647],[-81.364535,28.890262],[-81.363591,28.890542],[-81.362607,28.89036],[-81.361774,28.889808],[-81.36068,28.888773],[-81.359962,28.888085],[-81.358912,28.887272],[-81.357991,28.886938],[-81.357168,28.887149],[-81.356612,28.887575],[-81.356361,28.888051],[-81.356284,28.888219],[-81.356217,28.888567],[-81.356188,28.888715],[-81.356076,28.889387],[-81.355931,28.889803],[-81.355771,28.890155],[-81.355483,28.890955],[-81.355227,28.891771],[-81.354978,28.89222],[-81.354835,28.892607],[-81.354766,28.893076],[-81.3547,28.893521],[-81.354715,28.893579],[-81.354672,28.89372],[-81.354615,28.894117],[-81.354758,28.895091],[-81.354987,28.895578],[-81.355531,28.896186],[-81.355755,28.896602],[-81.355636,28.896871],[-81.355563,28.897034],[-81.355327,28.897134],[-81.355249,28.897167],[-81.355183,28.897261],[-81.355001,28.897194],[-81.354754,28.897166],[-81.354715,28.897162],[-81.354512,28.89701],[-81.35438,28.896961],[-81.353391,28.896473],[-81.352788,28.896685],[-81.352643,28.897103],[-81.352702,28.897211],[-81.352861,28.8975],[-81.353499,28.898026],[-81.354059,28.898458],[-81.354747,28.898602],[-81.355723,28.898634],[-81.355831,28.898661],[-81.355886,28.898674],[-81.355928,28.898684],[-81.356507,28.898826],[-81.356527,28.898838],[-81.357163,28.899226],[-81.357413,28.899486],[-81.357563,28.899642],[-81.357819,28.90041],[-81.357739,28.901162],[-81.357595,28.902042],[-81.357419,28.902794],[-81.357421,28.903408],[-81.357531,28.903722],[-81.358123,28.904458],[-81.359019,28.90513],[-81.359245,28.905316],[-81.359643,28.905642],[-81.360054,28.906114],[-81.360075,28.906138],[-81.360153,28.906555],[-81.360171,28.90665],[-81.360011,28.90721],[-81.35997,28.907282],[-81.359637,28.907957],[-81.359498,28.90812],[-81.359029,28.908673],[-81.358114,28.909216],[-81.357353,28.909649],[-81.357223,28.909764],[-81.357145,28.909832],[-81.357067,28.909901],[-81.356993,28.909966],[-81.356966,28.909989],[-81.35692,28.910064],[-81.356818,28.910226],[-81.356667,28.910538],[-81.356661,28.910723],[-81.356689,28.911053],[-81.357035,28.911514],[-81.357339,28.9117],[-81.357556,28.911833],[-81.357774,28.911966],[-81.357835,28.912016],[-81.357899,28.912042],[-81.358603,28.912394],[-81.358916,28.912633],[-81.358944,28.912647],[-81.35897,28.912674],[-81.359211,28.912858],[-81.359451,28.913178],[-81.359463,28.913282],[-81.359513,28.913703],[-81.359543,28.913961],[-81.359457,28.914134],[-81.359202,28.914646],[-81.358891,28.915008],[-81.358621,28.915318],[-81.358411,28.915594],[-81.357579,28.916842],[-81.356459,28.918202],[-81.355707,28.919066],[-81.355099,28.919722],[-81.354959,28.919898],[-81.354874,28.920005],[-81.354789,28.920112],[-81.354539,28.920426],[-81.354123,28.920905],[-81.354083,28.920907],[-81.353867,28.920921],[-81.35337,28.920986],[-81.35254,28.920661],[-81.352174,28.920651],[-81.352044,28.920639],[-81.352019,28.920646],[-81.351998,28.920651],[-81.351931,28.920746],[-81.351931,28.921433],[-81.352171,28.922089],[-81.352215,28.922271],[-81.35266,28.922486],[-81.352683,28.922505],[-81.35276,28.923032],[-81.352763,28.923049],[-81.352767,28.923117],[-81.352733,28.92311],[-81.352601,28.923083],[-81.352545,28.923072],[-81.352358,28.923034],[-81.35188,28.923179],[-81.351817,28.923201],[-81.350873,28.923199],[-81.350377,28.923121],[-81.350218,28.923118],[-81.350108,28.923117],[-81.349821,28.923123],[-81.349471,28.923123],[-81.348707,28.923112],[-81.348476,28.923112],[-81.347199,28.923114],[-81.347016,28.923121],[-81.346717,28.923161],[-81.3463,28.923171],[-81.345681,28.923159],[-81.345291,28.923168],[-81.34485,28.923158],[-81.344663,28.923159],[-81.344575,28.923142],[-81.344522,28.923112],[-81.344477,28.92306],[-81.344459,28.922997],[-81.344435,28.922491],[-81.344424,28.922368],[-81.344436,28.921925],[-81.344468,28.921451],[-81.34447,28.921398],[-81.344488,28.921077],[-81.344494,28.92],[-81.344486,28.919615],[-81.34447,28.919499],[-81.343918,28.91948],[-81.343069,28.91947],[-81.341973,28.919459],[-81.34052,28.919429],[-81.339474,28.919424],[-81.339196,28.919417],[-81.338867,28.919394],[-81.338594,28.919376],[-81.338271,28.919375],[-81.337789,28.919363],[-81.337708,28.919367],[-81.337574,28.919348],[-81.337476,28.919311],[-81.337404,28.919329],[-81.337232,28.919354],[-81.337175,28.919354],[-81.337184,28.91947],[-81.336273,28.919464],[-81.333142,28.919443],[-81.333141,28.91955],[-81.332932,28.919551],[-81.332932,28.919575],[-81.332928,28.921183],[-81.332916,28.926985],[-81.332912,28.928919],[-81.332905,28.930615],[-81.332903,28.931306],[-81.332914,28.932933],[-81.332895,28.933994],[-81.332892,28.934149],[-81.332885,28.934524],[-81.332874,28.934795],[-81.332858,28.934965],[-81.332841,28.93517],[-81.332819,28.93539],[-81.332786,28.935606],[-81.332772,28.935698],[-81.33253,28.937378],[-81.332413,28.938194],[-81.332369,28.938529],[-81.332346,28.938778],[-81.332297,28.93931],[-81.332276,28.939721],[-81.332271,28.939991],[-81.332268,28.940812],[-81.332275,28.943013],[-81.332281,28.944426],[-81.332261,28.945952],[-81.332261,28.946009],[-81.332261,28.950758],[-81.332261,28.952342],[-81.33225,28.953084],[-81.332241,28.953789],[-81.332234,28.955313],[-81.332231,28.956056],[-81.332227,28.957484],[-81.332217,28.961769],[-81.332214,28.963198],[-81.332209,28.964369],[-81.332197,28.967886],[-81.332193,28.969058],[-81.332197,28.972135],[-81.332198,28.972331],[-81.332188,28.97475],[-81.326999,28.974768],[-81.326963,28.972256],[-81.321771,28.972478],[-81.321845,28.974768],[-81.315584,28.974919],[-81.315618,28.976148],[-81.315635,28.976272],[-81.315626,28.976343],[-81.315609,28.976387],[-81.315573,28.976458],[-81.31552,28.976538],[-81.315497,28.976718],[-81.315488,28.976772],[-81.315478,28.976819],[-81.315475,28.976869],[-81.315478,28.976922],[-81.315483,28.976979],[-81.315482,28.977033],[-81.315477,28.977078],[-81.315497,28.977136],[-81.315527,28.977204],[-81.315538,28.977251],[-81.315531,28.977302],[-81.315521,28.977351],[-81.315502,28.9774],[-81.315493,28.977449],[-81.315518,28.97749],[-81.315512,28.977551],[-81.315498,28.977615],[-81.31545,28.977651],[-81.315401,28.977685],[-81.315351,28.977713],[-81.315297,28.97774],[-81.315249,28.977777],[-81.31521,28.97782],[-81.315174,28.977876],[-81.315147,28.977928],[-81.315102,28.977971],[-81.315072,28.978015],[-81.315062,28.978068],[-81.315064,28.978114],[-81.315083,28.978158],[-81.315127,28.97819],[-81.315158,28.978226],[-81.315173,28.978275],[-81.315186,28.978324],[-81.315185,28.978377],[-81.31518,28.978425],[-81.315158,28.978473],[-81.315142,28.978534],[-81.315121,28.978579],[-81.315092,28.978624],[-81.315045,28.978688],[-81.315004,28.978731],[-81.314949,28.978775],[-81.314902,28.978796],[-81.314848,28.978802],[-81.31479,28.978792],[-81.314737,28.978795],[-81.314683,28.978794],[-81.314604,28.97877],[-81.314544,28.978761],[-81.314489,28.978761],[-81.314424,28.978774],[-81.314368,28.978772],[-81.314309,28.978759],[-81.314257,28.978747],[-81.314199,28.978737],[-81.314144,28.978714],[-81.314089,28.978698],[-81.314034,28.978689],[-81.313985,28.978672],[-81.313732,28.978601],[-81.313605,28.978637],[-81.313613,28.978956],[-81.313619,28.979258],[-81.313649,28.980745],[-81.313674,28.98136],[-81.313679,28.982074],[-81.313695,28.98277],[-81.313696,28.982931],[-81.313701,28.983388],[-81.313731,28.984156],[-81.313408,28.984159],[-81.313315,28.98416],[-81.312069,28.984185],[-81.311654,28.984194],[-81.311628,28.984193],[-81.311551,28.984192],[-81.311526,28.984192],[-81.311237,28.984199],[-81.311128,28.984202],[-81.310382,28.984212],[-81.310371,28.984212],[-81.310083,28.984222],[-81.309778,28.98423],[-81.308872,28.984255],[-81.308562,28.98426],[-81.308533,28.98426],[-81.308445,28.984262],[-81.308417,28.984263],[-81.308138,28.984264],[-81.307302,28.984285],[-81.307024,28.984292],[-81.306978,28.984293],[-81.306841,28.984298],[-81.306796,28.9843],[-81.306626,28.984306],[-81.306385,28.984309],[-81.306356,28.984309],[-81.3059,28.984316],[-81.305152,28.984319],[-81.304742,28.984322],[-81.304488,28.984334],[-81.303583,28.984347],[-81.303097,28.984354],[-81.302815,28.984356],[-81.302582,28.984356],[-81.302332,28.984356],[-81.302346,28.982844],[-81.301691,28.982853],[-81.301576,28.982855],[-81.301562,28.982855],[-81.300534,28.98287],[-81.300534,28.982799],[-81.300534,28.982497],[-81.300518,28.982107],[-81.300346,28.982112],[-81.300275,28.982115],[-81.299605,28.98211],[-81.299598,28.981872],[-81.299569,28.980694],[-81.299528,28.979063],[-81.299516,28.978934],[-81.299241,28.978931],[-81.299214,28.97849],[-81.299157,28.977643],[-81.299073,28.976385],[-81.299065,28.976256],[-81.298891,28.974077],[-81.298771,28.974008],[-81.298685,28.973967],[-81.298428,28.973897],[-81.297619,28.973631],[-81.296938,28.973443],[-81.296331,28.973376],[-81.295222,28.973326],[-81.294758,28.973309],[-81.292652,28.973205],[-81.291721,28.973187],[-81.291703,28.973002],[-81.291646,28.972426],[-81.291628,28.972259],[-81.291661,28.972176],[-81.291685,28.971986],[-81.291695,28.971819],[-81.291696,28.971727],[-81.291661,28.970781],[-81.291654,28.970439],[-81.29165,28.970201],[-81.291637,28.969774],[-81.291423,28.969774],[-81.290834,28.969775],[-81.290782,28.969775],[-81.290569,28.96978],[-81.290446,28.969777],[-81.290161,28.969772],[-81.290077,28.969772],[-81.289954,28.969774],[-81.289881,28.969775],[-81.289641,28.969771],[-81.28942,28.969768],[-81.288704,28.96977],[-81.288392,28.969772],[-81.288323,28.969772],[-81.288005,28.969777],[-81.287714,28.969782],[-81.28699,28.969785],[-81.286844,28.969787],[-81.286458,28.969795],[-81.285625,28.9698],[-81.285546,28.969801],[-81.284867,28.969812],[-81.283811,28.969814],[-81.283141,28.969825],[-81.283129,28.969825],[-81.282297,28.969827],[-81.282295,28.969781],[-81.282316,28.969483],[-81.282317,28.96941],[-81.282324,28.969016],[-81.282294,28.968503],[-81.282288,28.968311],[-81.282289,28.96816],[-81.282295,28.967744],[-81.282291,28.96757],[-81.282287,28.967317],[-81.282308,28.967052],[-81.282322,28.96688],[-81.28231,28.966592],[-81.282305,28.966441],[-81.282303,28.965728],[-81.282303,28.965712],[-81.282343,28.965443],[-81.282306,28.9653],[-81.282198,28.964873],[-81.282162,28.964731],[-81.281772,28.964722],[-81.281161,28.96471],[-81.280605,28.964701],[-81.280216,28.964695],[-81.280215,28.964911],[-81.280214,28.965562],[-81.280214,28.965779],[-81.280213,28.966],[-81.280212,28.966663],[-81.280212,28.966885],[-81.280212,28.967042],[-81.280215,28.967513],[-81.280216,28.96767],[-81.280214,28.967986],[-81.280214,28.968241],[-81.280217,28.968936],[-81.280209,28.969033],[-81.28019,28.96908],[-81.280141,28.969147],[-81.280038,28.96929],[-81.279067,28.968679],[-81.276058,28.966781],[-81.265849,28.960345],[-81.265723,28.960359],[-81.265605,28.960373],[-81.264941,28.959945],[-81.264605,28.959728],[-81.264597,28.959827],[-81.262045,28.95816],[-81.261738,28.95796],[-81.261333,28.957696],[-81.260508,28.957156],[-81.259465,28.956475],[-81.258871,28.956161],[-81.258805,28.956124],[-81.258392,28.955894],[-81.25831,28.955848],[-81.258321,28.955833],[-81.258048,28.955649],[-81.25796,28.95559],[-81.257941,28.955648],[-81.257758,28.955547],[-81.257739,28.955609],[-81.257093,28.957605],[-81.256543,28.959339],[-81.256508,28.959452],[-81.256475,28.959556],[-81.256312,28.959555],[-81.256282,28.959645],[-81.256185,28.959623],[-81.255768,28.960918],[-81.254478,28.964938],[-81.254048,28.966278],[-81.253844,28.966935],[-81.253352,28.968484],[-81.251254,28.9751],[-81.250677,28.976922],[-81.250554,28.977306],[-81.250399,28.977791],[-81.249933,28.979248],[-81.249884,28.979399],[-81.249779,28.979734],[-81.24953,28.980512],[-81.24909,28.981885],[-81.249062,28.981968],[-81.248594,28.983443],[-81.248613,28.983972],[-81.248624,28.984272],[-81.248634,28.984549],[-81.248637,28.984631],[-81.251481,28.984749],[-81.251592,28.984754],[-81.251926,28.984786],[-81.252228,28.984818],[-81.25229,28.984824],[-81.252305,28.984825],[-81.252317,28.984826],[-81.252312,28.985866],[-81.252319,28.986541],[-81.252793,28.98654],[-81.253118,28.986957],[-81.253459,28.987523],[-81.253531,28.987576],[-81.252785,28.988346],[-81.25276,28.988387],[-81.252013,28.988388],[-81.251794,28.988388],[-81.251587,28.988389],[-81.251455,28.988387],[-81.251456,28.988103],[-81.251456,28.988061],[-81.250518,28.987901],[-81.250049,28.987821],[-81.249468,28.987722],[-81.249303,28.987694],[-81.249196,28.987622],[-81.249114,28.987567],[-81.249051,28.987525],[-81.248986,28.987482],[-81.248643,28.987254],[-81.248642,28.987283],[-81.248641,28.987581],[-81.248641,28.987624],[-81.248641,28.987909],[-81.248641,28.988379],[-81.248724,28.988379],[-81.248795,28.988379],[-81.248807,28.990159],[-81.248818,28.991939],[-81.24883,28.993746],[-81.248832,28.994138],[-81.248832,28.994166],[-81.248833,28.994222],[-81.248852,28.995097],[-81.248852,28.995599],[-81.248853,28.997439],[-81.248854,28.997682],[-81.248855,28.999403],[-81.248775,28.999405],[-81.244111,28.999398],[-81.243808,28.999371],[-81.24353,28.999346],[-81.243512,28.999396],[-81.243481,28.999482],[-81.243192,29.000399],[-81.242325,29.00315],[-81.242115,29.003818],[-81.242036,29.004067],[-81.241911,29.004426],[-81.241797,29.004781],[-81.24155,29.005463],[-81.241419,29.00579],[-81.241265,29.006147],[-81.2411,29.0065],[-81.240927,29.006842],[-81.240744,29.00718],[-81.240643,29.007351],[-81.240362,29.007832],[-81.240163,29.008147],[-81.239955,29.008456],[-81.239725,29.008775],[-81.239485,29.009088],[-81.238889,29.009819],[-81.238528,29.010234],[-81.238338,29.010443],[-81.236229,29.012675],[-81.235653,29.013284],[-81.231717,29.01747],[-81.231568,29.01763],[-81.231238,29.01763],[-81.229013,29.017633],[-81.227806,29.017825],[-81.226272,29.018049],[-81.2242,29.018386],[-81.22415,29.018393],[-81.222133,29.018664],[-81.219284,29.019017],[-81.215829,29.019393],[-81.214004,29.019534],[-81.211872,29.019745],[-81.210239,29.01984],[-81.208584,29.020231],[-81.205707,29.020988],[-81.204279,29.021445],[-81.202218,29.022495],[-81.200474,29.023497],[-81.199696,29.02389],[-81.198163,29.024508],[-81.196156,29.025268],[-81.195193,29.025626],[-81.194646,29.025787],[-81.193988,29.025935],[-81.193096,29.026095],[-81.190937,29.026461],[-81.189567,29.026696],[-81.187832,29.026983],[-81.187453,29.027053],[-81.187079,29.027152],[-81.186474,29.027312],[-81.185989,29.027469],[-81.185212,29.02774],[-81.18464,29.02797],[-81.183529,29.028477],[-81.182752,29.028849],[-81.182165,29.029116],[-81.181674,29.029313],[-81.181358,29.029425],[-81.180831,29.029599],[-81.17989,29.029822],[-81.179254,29.029934],[-81.178507,29.030012],[-81.178031,29.030042],[-81.176288,29.030083],[-81.173426,29.03012],[-81.171954,29.030153],[-81.169775,29.030194],[-81.168876,29.030194],[-81.168054,29.030168],[-81.167415,29.030124],[-81.166671,29.030038],[-81.164534,29.029696],[-81.163634,29.029547],[-81.162757,29.029436],[-81.161198,29.029281],[-81.16089,29.029269],[-81.160601,29.029249],[-81.159663,29.029182],[-81.158812,29.029114],[-81.158218,29.029068],[-81.157702,29.029024],[-81.157495,29.029],[-81.156465,29.028856],[-81.155994,29.028766],[-81.155457,29.028638],[-81.155033,29.028526],[-81.154664,29.028411],[-81.153779,29.028107],[-81.152437,29.027605],[-81.150793,29.026991],[-81.150147,29.026791],[-81.149648,29.026654],[-81.149161,29.026544],[-81.148659,29.026448],[-81.148153,29.026373],[-81.147514,29.026292],[-81.146359,29.026223],[-81.144497,29.026111],[-81.142588,29.025995],[-81.141303,29.02592],[-81.139429,29.025813],[-81.13909,29.025793],[-81.137735,29.025706],[-81.136783,29.025652],[-81.135108,29.025544],[-81.134016,29.025491],[-81.133813,29.025478],[-81.132524,29.025399],[-81.131357,29.025328],[-81.13,29.025247],[-81.12709,29.025076],[-81.126857,29.025072],[-81.12652,29.025116],[-81.126183,29.025134],[-81.125959,29.025153],[-81.124446,29.025366],[-81.124622,29.025279],[-81.124688,29.025221],[-81.124719,29.025151],[-81.124727,29.025086],[-81.12473,29.024908],[-81.12388,29.024816],[-81.123007,29.024684],[-81.121771,29.024466],[-81.120249,29.024148],[-81.119344,29.023923],[-81.118514,29.023686],[-81.117198,29.023262],[-81.115089,29.022551],[-81.113304,29.021939],[-81.110465,29.020978],[-81.108893,29.020454],[-81.106615,29.019686],[-81.105074,29.019162],[-81.101145,29.017815],[-81.096862,29.016386],[-81.095533,29.015924],[-81.093349,29.015188],[-81.091889,29.014695],[-81.088152,29.013416],[-81.085768,29.012604],[-81.084832,29.012305],[-81.084004,29.012065],[-81.084019,29.013142],[-81.08407,29.016696],[-81.084087,29.017881],[-81.084146,29.018287],[-81.084324,29.019507],[-81.084384,29.019914],[-81.084349,29.022414],[-81.084245,29.029914],[-81.084211,29.032415],[-81.084159,29.033517],[-81.084003,29.036827],[-81.083952,29.03793],[-81.084154,29.046677],[-81.084221,29.049559],[-81.084347,29.055014],[-81.084484,29.06018],[-81.084545,29.062439],[-81.084612,29.06244],[-81.084795,29.067936],[-81.084953,29.07285],[-81.085049,29.075796],[-81.085115,29.078649],[-81.085116,29.07873],[-81.085182,29.081597],[-81.08522,29.081962],[-81.08568,29.08595],[-81.085708,29.086193],[-81.086307,29.091372],[-81.086502,29.09318],[-81.086898,29.096843],[-81.087238,29.099987],[-81.087526,29.102647],[-81.088686,29.104216],[-81.088487,29.104545],[-81.087892,29.105532],[-81.087694,29.105862],[-81.087222,29.105874],[-81.086694,29.105888],[-81.085809,29.105911],[-81.085694,29.105914],[-81.085338,29.105923],[-81.085292,29.105656],[-81.085292,29.105566],[-81.085302,29.104486],[-81.085306,29.104126],[-81.083575,29.104166],[-81.083259,29.104172],[-81.079259,29.104249],[-81.079122,29.104253],[-81.078515,29.104268],[-81.078451,29.10427],[-81.078377,29.104272],[-81.078258,29.104275],[-81.078126,29.104279],[-81.077264,29.104302],[-81.07712,29.104303],[-81.075867,29.104317],[-81.075074,29.104329],[-81.073824,29.104348],[-81.073306,29.104357],[-81.071894,29.104383],[-81.071397,29.104387],[-81.070695,29.104397],[-81.070077,29.104405],[-81.069563,29.104413],[-81.068829,29.10443],[-81.068947,29.106022],[-81.068974,29.106221],[-81.069017,29.106418],[-81.069102,29.106702],[-81.069112,29.106735],[-81.06936,29.107472],[-81.069563,29.108096],[-81.069642,29.10836],[-81.069702,29.108597],[-81.069781,29.108997],[-81.06985,29.109472],[-81.070037,29.111141],[-81.070299,29.11346],[-81.070358,29.113981],[-81.070557,29.115742],[-81.070575,29.115902],[-81.070585,29.115995],[-81.070601,29.116138],[-81.070666,29.11671],[-81.070706,29.117092],[-81.070733,29.117328],[-81.07077,29.11764],[-81.07077,29.117725],[-81.070818,29.118084],[-81.07086,29.118442],[-81.07088,29.118608],[-81.071057,29.120205],[-81.071107,29.120597],[-81.071111,29.120627],[-81.071143,29.120819],[-81.071197,29.121075],[-81.071257,29.121304],[-81.07127,29.121347],[-81.071312,29.121478],[-81.071328,29.121522],[-81.071563,29.122185],[-81.072112,29.123729],[-81.072272,29.124176],[-81.072483,29.124762],[-81.069312,29.124763],[-81.066063,29.124771],[-81.066064,29.124227],[-81.065985,29.123655],[-81.065939,29.1235],[-81.065865,29.123248],[-81.065759,29.123004],[-81.065656,29.122816],[-81.065539,29.122634],[-81.065372,29.122416],[-81.065224,29.122252],[-81.065098,29.122134],[-81.065021,29.122061],[-81.06469,29.121801],[-81.064305,29.121576],[-81.064089,29.12145],[-81.063638,29.121193],[-81.063323,29.120963],[-81.063206,29.120868],[-81.063126,29.120802],[-81.063022,29.120718],[-81.062645,29.120372],[-81.062604,29.120329],[-81.062559,29.120286],[-81.062479,29.120204],[-81.062297,29.120015],[-81.062132,29.119827],[-81.06194,29.11959],[-81.061752,29.119337],[-81.061614,29.119133],[-81.061485,29.118925],[-81.061337,29.118665],[-81.061197,29.118389],[-81.060968,29.117877],[-81.060936,29.117804],[-81.060903,29.117731],[-81.060842,29.117592],[-81.060755,29.117626],[-81.060625,29.117695],[-81.060326,29.117811],[-81.056487,29.120891],[-81.054644,29.119176],[-81.054262,29.118821],[-81.053336,29.117962],[-81.052805,29.117466],[-81.052688,29.117549],[-81.052561,29.117639],[-81.051791,29.11818],[-81.051628,29.118294],[-81.051434,29.118453],[-81.051117,29.118713],[-81.050639,29.118933],[-81.049209,29.119725],[-81.04899,29.119863],[-81.048875,29.119935],[-81.04839,29.120106],[-81.048365,29.120255],[-81.048334,29.120385],[-81.048303,29.120518],[-81.048292,29.120566],[-81.04825,29.120721],[-81.047983,29.121727],[-81.047923,29.121956],[-81.047903,29.122034],[-81.047895,29.122063],[-81.047868,29.122165],[-81.047787,29.12247],[-81.047761,29.122573],[-81.047583,29.123246],[-81.047507,29.123537],[-81.047157,29.124923],[-81.047062,29.125268],[-81.046912,29.125815],[-81.046884,29.125941],[-81.046814,29.126214],[-81.046805,29.126251],[-81.0467,29.126694],[-81.046623,29.127192],[-81.046614,29.127257],[-81.046585,29.127488],[-81.046583,29.12751],[-81.04658,29.127545],[-81.046578,29.127589],[-81.046572,29.127652],[-81.04657,29.127688],[-81.046562,29.127804],[-81.046558,29.127923],[-81.046553,29.128137],[-81.046559,29.128323],[-81.04656,29.128371],[-81.046564,29.128491],[-81.046575,29.128631],[-81.046587,29.12876],[-81.046601,29.128866],[-81.046639,29.129152],[-81.046701,29.129485],[-81.046752,29.129703],[-81.046782,29.129825],[-81.046873,29.130157],[-81.046974,29.130462],[-81.04708,29.130738],[-81.047202,29.131025],[-81.047227,29.131076],[-81.047233,29.131089],[-81.047299,29.131226],[-81.047337,29.131305],[-81.047471,29.131558],[-81.047636,29.131843],[-81.047759,29.132037],[-81.047945,29.132329],[-81.048057,29.132487],[-81.048249,29.132733],[-81.048258,29.132745],[-81.048331,29.132831],[-81.048516,29.133049],[-81.048588,29.133118],[-81.048681,29.133207],[-81.049042,29.133555],[-81.049152,29.133654],[-81.049311,29.133791],[-81.049489,29.133944],[-81.049593,29.134026],[-81.050499,29.134748],[-81.051147,29.135283],[-81.051316,29.135414],[-81.05153,29.135581],[-81.051991,29.135948],[-81.052019,29.13597],[-81.052105,29.136038],[-81.052134,29.136061],[-81.052237,29.136143],[-81.053071,29.136814],[-81.053383,29.137063],[-81.055507,29.138758],[-81.055825,29.139024],[-81.05603,29.139204],[-81.056264,29.139425],[-81.056278,29.139439],[-81.056507,29.139666],[-81.056677,29.139849],[-81.056491,29.140057],[-81.056329,29.140172],[-81.055528,29.140735],[-81.054693,29.141196],[-81.054319,29.14135],[-81.053835,29.14151],[-81.053183,29.14166],[-81.052622,29.141736],[-81.051897,29.141763],[-81.044994,29.141713],[-81.044977,29.145303],[-81.044969,29.145378],[-81.044966,29.145799],[-81.044965,29.145992],[-81.04496,29.146616],[-81.044958,29.14694],[-81.044962,29.147505],[-81.044952,29.147803],[-81.044952,29.14804],[-81.044951,29.14819],[-81.04495,29.148637],[-81.044949,29.148962],[-81.044948,29.149398],[-81.044947,29.149748],[-81.044946,29.150075],[-81.044945,29.150348],[-81.044945,29.150446],[-81.044947,29.150763],[-81.044949,29.151092],[-81.04495,29.151426],[-81.044951,29.151879],[-81.044952,29.152213],[-81.044953,29.152539],[-81.044954,29.152838],[-81.044937,29.153654],[-81.044933,29.15381],[-81.044924,29.154281],[-81.044921,29.154438],[-81.044915,29.154757],[-81.044913,29.154906],[-81.044269,29.154901],[-81.043092,29.154896],[-81.04239,29.154886],[-81.042051,29.1549],[-81.041864,29.154906],[-81.04177,29.154904],[-81.041585,29.15491],[-81.039741,29.154892],[-81.039587,29.15489],[-81.039207,29.154887],[-81.039149,29.154886],[-81.03754,29.154877],[-81.037353,29.154891],[-81.037342,29.154876],[-81.035496,29.154888],[-81.035496,29.154289],[-81.035496,29.15426],[-81.035496,29.154241],[-81.036184,29.154228],[-81.036681,29.154219],[-81.036671,29.154176],[-81.036662,29.154132],[-81.036656,29.154108],[-81.036651,29.154084],[-81.036589,29.153802],[-81.03654,29.153732],[-81.036513,29.153694],[-81.036364,29.153481],[-81.036288,29.153374],[-81.03627,29.153347],[-81.036061,29.153055],[-81.035985,29.152949],[-81.035977,29.152936],[-81.035944,29.152886],[-81.035935,29.152871],[-81.035816,29.15291],[-81.035765,29.152927],[-81.0355,29.152958],[-81.035464,29.152954],[-81.03542,29.152973],[-81.035404,29.152972],[-81.035105,29.152966],[-81.035106,29.153012],[-81.035107,29.153072],[-81.035093,29.153072],[-81.034827,29.153074],[-81.034624,29.153075],[-81.034514,29.153075],[-81.0342,29.153077],[-81.034081,29.153078],[-81.03376,29.15308],[-81.033756,29.152762],[-81.032291,29.152765],[-81.032293,29.153101],[-81.031276,29.153103],[-81.031005,29.153103],[-81.031008,29.153696],[-81.031022,29.155726],[-81.027967,29.155718],[-81.026896,29.155732],[-81.026896,29.155797],[-81.026895,29.157574],[-81.026895,29.157594],[-81.0269,29.157811],[-81.026356,29.156855],[-81.023958,29.15262],[-81.023506,29.152808],[-81.023367,29.152875],[-81.022026,29.153436],[-81.021752,29.153491],[-81.021703,29.153521],[-81.021652,29.153548],[-81.021462,29.15365],[-81.021443,29.153546],[-81.021161,29.15301],[-81.020899,29.152511],[-81.020768,29.152261],[-81.020639,29.152015],[-81.020344,29.151453],[-81.020326,29.15142],[-81.020296,29.151362],[-81.020199,29.151177],[-81.020152,29.151198],[-81.020086,29.151228],[-81.019943,29.151291],[-81.019665,29.15142],[-81.019446,29.15152],[-81.018972,29.151735],[-81.018614,29.151898],[-81.018542,29.151917],[-81.01845,29.151708],[-81.018357,29.151524],[-81.018285,29.15137],[-81.018137,29.151047],[-81.017988,29.15077],[-81.017876,29.150816],[-81.017717,29.150546],[-81.017542,29.150236],[-81.017411,29.150008],[-81.017311,29.149814],[-81.017068,29.149382],[-81.016983,29.149216],[-81.016955,29.149166],[-81.016927,29.149141],[-81.016904,29.14909],[-81.016864,29.149044],[-81.016663,29.148667],[-81.016559,29.148458],[-81.016367,29.148102],[-81.016249,29.147885],[-81.016206,29.147819],[-81.015931,29.147927],[-81.015004,29.148298],[-81.014436,29.148528],[-81.014339,29.148566],[-81.014206,29.148617],[-81.014188,29.148596],[-81.014104,29.148433],[-81.013884,29.148034],[-81.013307,29.146986],[-81.013232,29.147017],[-81.01242,29.147356],[-81.011417,29.147751],[-81.011637,29.148155],[-81.011847,29.148542],[-81.012222,29.149229],[-81.012273,29.149322],[-81.012295,29.149365],[-81.011812,29.149572],[-81.011794,29.14958],[-81.011826,29.149638],[-81.012178,29.150284],[-81.011715,29.150462],[-81.011658,29.150485],[-81.011507,29.150547],[-81.01146,29.150565],[-81.011404,29.150588],[-81.011199,29.150671],[-81.011143,29.150694],[-81.010861,29.150807],[-81.010763,29.150846],[-81.010848,29.151002],[-81.010911,29.151121],[-81.010945,29.151184],[-81.010966,29.151221],[-81.010981,29.151249],[-81.011069,29.151413],[-81.01108,29.151433],[-81.011094,29.15146],[-81.011109,29.151487],[-81.01118,29.151619],[-81.011194,29.151645],[-81.011209,29.151672],[-81.011223,29.151698],[-81.011286,29.151816],[-81.011297,29.151835],[-81.011312,29.151864],[-81.011337,29.15191],[-81.011401,29.152029],[-81.011411,29.152048],[-81.011426,29.152075],[-81.011451,29.152121],[-81.011511,29.152233],[-81.011565,29.152332],[-81.011679,29.152544],[-81.011707,29.152596],[-81.01172,29.15262],[-81.011793,29.152755],[-81.011916,29.152982],[-81.01193,29.153008],[-81.011945,29.153036],[-81.012117,29.153358],[-81.012147,29.153414],[-81.012169,29.153459],[-81.012158,29.153464],[-81.011097,29.153911],[-81.010762,29.154048],[-81.010359,29.154218],[-81.010335,29.154227],[-81.01031,29.154188],[-81.010275,29.15412],[-81.010199,29.153975],[-81.010169,29.153918],[-81.010087,29.153762],[-81.010061,29.153714],[-81.009978,29.153554],[-81.009958,29.153517],[-81.009869,29.153348],[-81.00985,29.153312],[-81.009791,29.153198],[-81.009742,29.153106],[-81.00965,29.15293],[-81.009631,29.152893],[-81.009527,29.152695],[-81.009471,29.152588],[-81.009457,29.152561],[-81.009433,29.152516],[-81.009405,29.152463],[-81.007601,29.153194],[-81.007517,29.153219],[-81.007326,29.152866],[-81.007181,29.15261],[-81.007041,29.152361],[-81.006886,29.152064],[-81.006421,29.151175],[-81.006267,29.150879],[-81.006095,29.150566],[-81.006007,29.150406],[-81.005586,29.149626],[-81.005417,29.149313],[-81.005315,29.149126],[-81.005154,29.148828],[-81.005143,29.148808],[-81.004831,29.148477],[-81.004376,29.148671],[-81.004363,29.14868],[-81.00443,29.148799],[-81.002982,29.149404],[-81.003089,29.149592],[-81.0031,29.149611],[-81.003288,29.149957],[-81.003399,29.150163],[-81.003606,29.150523],[-80.998516,29.150494],[-80.996584,29.150486],[-80.996335,29.150485],[-80.996071,29.150482],[-80.995764,29.150493],[-80.995701,29.150487],[-80.995556,29.150476],[-80.995515,29.150476],[-80.995467,29.150484],[-80.995454,29.150473],[-80.994713,29.150481],[-80.993607,29.150477],[-80.993601,29.1503],[-80.993581,29.149398],[-80.992502,29.149842],[-80.992435,29.149871],[-80.992392,29.149889],[-80.99233,29.149913],[-80.992133,29.149996],[-80.991157,29.150408],[-80.991139,29.150416],[-80.991093,29.150423],[-80.990915,29.150452],[-80.990801,29.150472],[-80.990778,29.150483],[-80.99042,29.150659],[-80.990361,29.150688],[-80.990384,29.150732],[-80.990263,29.150786],[-80.990005,29.150906],[-80.989898,29.150705],[-80.989801,29.150744],[-80.989715,29.150779],[-80.983208,29.15334],[-80.982183,29.153747],[-80.981471,29.154022],[-80.979155,29.154927],[-80.981265,29.158157],[-80.982251,29.159668],[-80.982698,29.160423],[-80.98306,29.161035],[-80.98331,29.161426],[-80.983645,29.161959],[-80.990632,29.172874],[-80.990806,29.173146],[-80.990284,29.173356],[-80.987141,29.17461],[-80.986162,29.175029],[-80.986086,29.175053],[-80.986054,29.174983],[-80.985704,29.175126],[-80.984655,29.175558],[-80.984461,29.175639],[-80.984416,29.175573],[-80.984295,29.175336],[-80.984228,29.175363],[-80.983812,29.175526],[-80.9836,29.175612],[-80.983606,29.175624],[-80.983688,29.175774],[-80.983706,29.175814],[-80.983755,29.175917],[-80.983614,29.175976],[-80.983191,29.176153],[-80.983051,29.176213],[-80.983417,29.176944],[-80.983596,29.177304],[-80.984515,29.179141],[-80.984881,29.179873],[-80.985047,29.179871],[-80.985549,29.179866],[-80.985716,29.179865],[-80.985993,29.179862],[-80.986826,29.179856],[-80.987104,29.179854],[-80.987352,29.17985],[-80.988097,29.179841],[-80.988346,29.179839],[-80.9884,29.179954],[-80.988459,29.179947],[-80.988555,29.179935],[-80.988633,29.179933],[-80.989703,29.179893],[-80.989927,29.179881],[-80.990021,29.180075],[-80.990097,29.180164],[-80.990114,29.180185],[-80.990159,29.180215],[-80.990223,29.180303],[-80.990337,29.180356],[-80.990511,29.18048],[-80.990564,29.180518],[-80.990587,29.180534],[-80.990597,29.180549],[-80.990639,29.180608],[-80.990723,29.180643],[-80.990817,29.180698],[-80.990905,29.180764],[-80.990974,29.180863],[-80.99105,29.181028],[-80.991088,29.181059],[-80.99111,29.181104],[-80.991183,29.181226],[-80.991262,29.181357],[-80.99141,29.181546],[-80.991523,29.181576],[-80.991641,29.181572],[-80.991752,29.181566],[-80.991752,29.181644],[-80.991665,29.181645],[-80.991628,29.181643],[-80.989215,29.181686],[-80.989224,29.181705],[-80.989344,29.181952],[-80.98939,29.182045],[-80.989423,29.182115],[-80.989522,29.182326],[-80.989556,29.182397],[-80.98964,29.182575],[-80.98966,29.182619],[-80.989352,29.182617],[-80.988982,29.182615],[-80.988904,29.182616],[-80.98918,29.183161],[-80.989068,29.183201],[-80.988888,29.183263],[-80.988873,29.183234],[-80.988643,29.182795],[-80.988617,29.182753],[-80.988599,29.182734],[-80.98856,29.182711],[-80.988516,29.182699],[-80.988476,29.182699],[-80.988442,29.182697],[-80.988416,29.182699],[-80.988375,29.182707],[-80.988358,29.182713],[-80.988329,29.182728],[-80.98831,29.182741],[-80.988292,29.182754],[-80.988283,29.182768],[-80.988277,29.182785],[-80.988273,29.182801],[-80.98827,29.182826],[-80.988271,29.182848],[-80.988273,29.182867],[-80.988276,29.182882],[-80.988282,29.182896],[-80.988293,29.182912],[-80.988305,29.182925],[-80.988321,29.182938],[-80.988337,29.182949],[-80.988351,29.182955],[-80.988366,29.182959],[-80.988396,29.182959],[-80.988424,29.182956],[-80.988455,29.182948],[-80.988476,29.182943],[-80.988486,29.182966],[-80.988493,29.182982],[-80.988133,29.183112],[-80.98816,29.183173],[-80.988219,29.183297],[-80.988568,29.183172],[-80.988688,29.183131],[-80.98878,29.183316],[-80.988335,29.183469],[-80.988515,29.183805],[-80.987627,29.183805],[-80.987668,29.183885],[-80.987691,29.183954],[-80.987723,29.184016],[-80.987931,29.184412],[-80.988165,29.18486],[-80.988383,29.185276],[-80.988651,29.185787],[-80.988667,29.185871],[-80.988679,29.185961],[-80.989418,29.187384],[-80.989565,29.187385],[-80.989856,29.187921],[-80.989937,29.187921],[-80.989944,29.188192],[-80.989968,29.188262],[-80.989998,29.188329],[-80.99001,29.188687],[-80.989905,29.188687],[-80.99012,29.189117],[-80.990144,29.189183],[-80.99024,29.189363],[-80.990293,29.189461],[-80.990383,29.189629],[-80.990531,29.189907],[-80.990552,29.189967],[-80.990578,29.190027],[-80.990749,29.190395],[-80.990977,29.190392],[-80.991039,29.190719],[-80.991055,29.190809],[-80.991058,29.190833],[-80.990996,29.190835],[-80.990933,29.190838],[-80.99095,29.190885],[-80.991088,29.191258],[-80.99112,29.191341],[-80.991176,29.191325],[-80.991334,29.191324],[-80.991333,29.191878],[-80.99146,29.191876],[-80.991802,29.191869],[-80.991812,29.192202],[-80.991823,29.192416],[-80.992141,29.192402],[-80.992292,29.192402],[-80.992309,29.192793],[-80.992427,29.192912],[-80.99246,29.192961],[-80.992528,29.193401],[-80.992416,29.193441],[-80.992418,29.193551],[-80.992416,29.193771],[-80.992462,29.1938],[-80.992523,29.193837],[-80.992527,29.193998],[-80.993174,29.193993],[-80.993483,29.193994],[-80.993491,29.194238],[-80.993493,29.194274],[-80.99361,29.194524],[-80.993195,29.194527],[-80.992908,29.19453],[-80.992993,29.194736],[-80.993034,29.194802],[-80.993073,29.194807],[-80.993078,29.194818],[-80.993148,29.194819],[-80.99319,29.194819],[-80.993355,29.194844],[-80.993435,29.194857],[-80.993972,29.194965],[-80.994108,29.194993],[-80.994179,29.195003],[-80.994186,29.195068],[-80.994203,29.195104],[-80.994337,29.195393],[-80.994382,29.19549],[-80.994522,29.195754],[-80.994541,29.195789],[-80.994923,29.196559],[-80.99496,29.196606],[-80.995049,29.196671],[-80.995107,29.196697],[-80.995157,29.196707],[-80.995173,29.196707],[-80.995192,29.196722],[-80.995276,29.1968],[-80.995303,29.196843],[-80.995348,29.196923],[-80.995763,29.197659],[-80.995902,29.197905],[-80.995924,29.197944],[-80.995964,29.198013],[-80.995996,29.198059],[-80.996023,29.198097],[-80.996073,29.198189],[-80.996137,29.198306],[-80.99622,29.198467],[-80.996269,29.198561],[-80.996136,29.19861],[-80.995736,29.198758],[-80.995604,29.198808],[-80.995689,29.198978],[-80.995945,29.199487],[-80.995997,29.199592],[-80.995517,29.199762],[-80.995554,29.199837],[-80.995507,29.199855],[-80.995542,29.199926],[-80.995592,29.200025],[-80.995641,29.200142],[-80.995673,29.200216],[-80.995735,29.200192],[-80.995802,29.200298],[-80.995887,29.200459],[-80.99595,29.200436],[-80.996355,29.20029],[-80.996372,29.200324],[-80.996412,29.200403],[-80.996432,29.200443],[-80.995989,29.200599],[-80.996108,29.200837],[-80.996176,29.200977],[-80.996619,29.200817],[-80.996632,29.200843],[-80.996688,29.200955],[-80.996697,29.200972],[-80.996708,29.200993],[-80.99634,29.201122],[-80.996232,29.20116],[-80.996243,29.201179],[-80.996252,29.201196],[-80.996328,29.201349],[-80.996452,29.201593],[-80.996483,29.201703],[-80.996437,29.20172],[-80.996462,29.201784],[-80.996537,29.201977],[-80.996547,29.202001],[-80.996568,29.20204],[-80.996755,29.201979],[-80.997283,29.201969],[-80.997402,29.202269],[-80.997415,29.202335],[-80.997524,29.202592],[-80.997293,29.202596],[-80.997152,29.202274],[-80.997061,29.202275],[-80.99695,29.202277],[-80.996961,29.202343],[-80.997068,29.2026],[-80.997206,29.202598],[-80.997338,29.202862],[-80.99746,29.203085],[-80.997542,29.203269],[-80.997788,29.203824],[-80.997871,29.204009],[-80.99796,29.204194],[-80.998002,29.204279],[-80.998211,29.204759],[-80.998294,29.204948],[-80.998245,29.204947],[-80.998156,29.204946],[-80.998157,29.20523],[-80.998157,29.205544],[-80.998122,29.205544],[-80.997939,29.205546],[-80.99789,29.205546],[-80.997745,29.205546],[-80.997716,29.205547],[-80.997646,29.205576],[-80.997595,29.205596],[-80.997571,29.205596],[-80.99691,29.2056],[-80.996728,29.205602],[-80.996725,29.205591],[-80.996681,29.205593],[-80.996584,29.205597],[-80.996307,29.20561],[-80.994594,29.206466],[-80.992591,29.207467],[-80.989456,29.209034],[-80.987744,29.209891],[-80.987733,29.209871],[-80.987703,29.209811],[-80.987693,29.209792],[-80.979443,29.213277],[-80.954696,29.223732],[-80.946448,29.227218],[-80.947491,29.229793],[-80.950623,29.237521],[-80.951667,29.240097],[-80.95249,29.242129],[-80.953674,29.24505],[-80.954961,29.248225],[-80.955681,29.250002],[-80.955733,29.25013],[-80.955785,29.250258],[-80.956215,29.251104],[-80.957505,29.253645],[-80.957936,29.254492],[-80.95855,29.255701],[-80.960393,29.259329],[-80.961008,29.260539],[-80.963863,29.266158],[-80.972428,29.283016],[-80.975283,29.288636],[-80.977183,29.292376],[-80.982883,29.303598],[-80.984784,29.307339],[-80.988551,29.314754],[-80.994218,29.325909],[-80.995887,29.329194],[-80.999776,29.33685],[-80.999776,29.33682],[-80.999888,29.337054],[-81.000001,29.337288],[-81.00116,29.339701],[-81.002318,29.342114],[-81.010995,29.360183],[-81.037028,29.414392],[-81.045706,29.432462],[-81.044949,29.432548],[-81.042679,29.432806],[-81.041923,29.432893],[-81.045947,29.441997],[-81.053096,29.458171],[-81.058021,29.469312],[-81.062046,29.478417],[-81.063954,29.482733],[-81.069463,29.495194],[-81.069678,29.495681],[-81.071587,29.499998],[-81.071643,29.500125],[-81.071699,29.500252],[-81.072204,29.501513],[-81.075031,29.507164],[-81.075926,29.509099],[-81.077085,29.511605],[-81.078209,29.513825],[-81.080186,29.518367],[-81.082745,29.523749],[-81.083277,29.524862],[-81.085187,29.528862],[-81.088093,29.53431],[-81.090185,29.538211],[-81.091773,29.541104],[-81.094756,29.546282],[-81.097509,29.551697],[-81.099873,29.555866],[-81.102042,29.559599],[-81.103709,29.562658],[-81.106192,29.568107],[-81.108716,29.573961],[-81.111277,29.578904],[-81.113777,29.584731],[-81.114034,29.58533],[-81.116003,29.589525],[-81.116828,29.591283],[-81.119814,29.59673],[-81.122571,29.602785],[-81.122996,29.603748],[-81.123775,29.60551],[-81.124782,29.608079],[-81.125,29.60864],[-81.125228,29.609227],[-81.127322,29.614153],[-81.130217,29.620664],[-81.130388,29.621043],[-81.131231,29.622907],[-81.132291,29.625251],[-81.132703,29.626287],[-81.13383,29.629126],[-81.134723,29.632267],[-81.136117,29.635479],[-81.137472,29.638657],[-81.138863,29.642037],[-81.140068,29.644911],[-81.141534,29.648697],[-81.14266,29.651637],[-81.144208,29.654884],[-81.145744,29.658565],[-81.145901,29.65894],[-81.147749,29.663032],[-81.149144,29.666143],[-81.150268,29.669454],[-81.150817,29.671087],[-81.151541,29.673238],[-81.15293,29.676922],[-81.154056,29.680098],[-81.155587,29.685199],[-81.157241,29.689458],[-81.158751,29.692704],[-81.160258,29.696287],[-81.161605,29.700443],[-81.162237,29.702941],[-81.162952,29.704732],[-81.163696,29.707467],[-81.163901,29.710267],[-81.164153,29.712123],[-81.164561,29.713778],[-81.16542,29.716682],[-81.16563,29.71749],[-81.166238,29.719823],[-81.167403,29.723101],[-81.168801,29.726009],[-81.170124,29.728748],[-81.171486,29.731386],[-81.173343,29.734736],[-81.174894,29.737847],[-81.175576,29.739099],[-81.175794,29.739336],[-81.181423,29.750249],[-81.183108,29.753449],[-81.186399,29.76008],[-81.189221,29.768156],[-81.192768,29.778326],[-81.194404,29.784475],[-81.195088,29.787038],[-81.1992,29.801157],[-81.199361,29.802513],[-81.200433,29.811512],[-81.202162,29.815493],[-81.203984,29.819688],[-81.205177,29.822433],[-81.20617,29.835382],[-81.206196,29.838481],[-81.249024,29.826038],[-81.258263,29.822577],[-81.258263,29.82266],[-81.262402,29.822055],[-81.262401,29.822036],[-81.262412,29.82186],[-81.262411,29.821685],[-81.262405,29.821613],[-81.262387,29.821377],[-81.262337,29.821072],[-81.262294,29.820678],[-81.262229,29.820264],[-81.262196,29.819825],[-81.262159,29.819519],[-81.265078,29.819506],[-81.269816,29.819458],[-81.269973,29.819448],[-81.270267,29.820411],[-81.27052,29.821236],[-81.270628,29.821596],[-81.27118,29.821591],[-81.271077,29.821236],[-81.271018,29.821059],[-81.271282,29.821059],[-81.271412,29.821054],[-81.271967,29.821049],[-81.272386,29.821044],[-81.272575,29.821042],[-81.272765,29.821041],[-81.272954,29.821039],[-81.273143,29.821037],[-81.273332,29.821035],[-81.273521,29.821033],[-81.273711,29.821031],[-81.2739,29.821029],[-81.274284,29.821025],[-81.274355,29.821024],[-81.275323,29.82101],[-81.275815,29.821009],[-81.275918,29.821361],[-81.275982,29.821579],[-81.275997,29.821627],[-81.276012,29.821679],[-81.27606,29.821843],[-81.276109,29.822008],[-81.276157,29.822172],[-81.276205,29.822337],[-81.276254,29.822501],[-81.276302,29.822666],[-81.27635,29.82283],[-81.276399,29.822995],[-81.276447,29.823159],[-81.276496,29.823324],[-81.276544,29.823488],[-81.276573,29.823587],[-81.276584,29.823651],[-81.276573,29.823653],[-81.276337,29.823655],[-81.27634,29.823819],[-81.276347,29.823845],[-81.276338,29.823882],[-81.276372,29.823902],[-81.276358,29.823909],[-81.276274,29.823931],[-81.276187,29.823941],[-81.27614,29.823957],[-81.276105,29.823989],[-81.276083,29.823999],[-81.275909,29.824025],[-81.275731,29.824079],[-81.275676,29.824106],[-81.275655,29.824133],[-81.275628,29.824195],[-81.275637,29.824305],[-81.27563,29.82436],[-81.275639,29.824436],[-81.275633,29.824491],[-81.275633,29.824628],[-81.275543,29.824632],[-81.274785,29.824645],[-81.274625,29.824647],[-81.274329,29.824652],[-81.274137,29.824656],[-81.273945,29.824659],[-81.27374,29.824662],[-81.273653,29.824664],[-81.273572,29.824657],[-81.273461,29.824645],[-81.273272,29.824648],[-81.273258,29.824648],[-81.273161,29.824649],[-81.273152,29.824614],[-81.273148,29.824604],[-81.273147,29.824537],[-81.273146,29.824352],[-81.273137,29.824246],[-81.273139,29.824218],[-81.273135,29.824103],[-81.273132,29.82399],[-81.273096,29.823853],[-81.272974,29.823854],[-81.272784,29.823856],[-81.272448,29.82386],[-81.272268,29.823862],[-81.272217,29.823697],[-81.272084,29.8237],[-81.271318,29.823704],[-81.271275,29.823704],[-81.271303,29.823797],[-81.271621,29.82483],[-81.27195,29.825885],[-81.272142,29.826502],[-81.272576,29.826497],[-81.272918,29.826493],[-81.273004,29.826819],[-81.272485,29.826824],[-81.272361,29.826832],[-81.272241,29.826833],[-81.272686,29.828266],[-81.273126,29.829686],[-81.273652,29.831381],[-81.273698,29.831515],[-81.273764,29.831709],[-81.274146,29.832724],[-81.274315,29.833194],[-81.274404,29.833461],[-81.274487,29.833731],[-81.274899,29.835455],[-81.27499,29.835869],[-81.275097,29.83628],[-81.275221,29.836688],[-81.275374,29.837127],[-81.275455,29.837394],[-81.275583,29.837808],[-81.275715,29.838238],[-81.276245,29.839961],[-81.276497,29.84078],[-81.276556,29.840983],[-81.276971,29.840975],[-81.277009,29.840969],[-81.277761,29.84096],[-81.277989,29.840958],[-81.278013,29.840958],[-81.278466,29.840952],[-81.278577,29.840951],[-81.278847,29.840948],[-81.278869,29.840948],[-81.280293,29.840945],[-81.280716,29.840924],[-81.28091,29.840921],[-81.280947,29.840929],[-81.280988,29.840938],[-81.28106,29.840954],[-81.281062,29.840945],[-81.281067,29.840917],[-81.281099,29.840875],[-81.281444,29.840549],[-81.28179,29.840235],[-81.282114,29.839941],[-81.282951,29.839191],[-81.283311,29.838828],[-81.283275,29.838728],[-81.283182,29.838673],[-81.283043,29.838604],[-81.282879,29.83851],[-81.282792,29.838359],[-81.28277,29.838096],[-81.282806,29.837884],[-81.282907,29.837771],[-81.283037,29.837759],[-81.283239,29.837784],[-81.283405,29.83774],[-81.283621,29.837597],[-81.283838,29.837533],[-81.284112,29.837553],[-81.284444,29.837497],[-81.284613,29.837425],[-81.284633,29.837474],[-81.284754,29.837417],[-81.284774,29.837279],[-81.28469,29.837042],[-81.284812,29.836969],[-81.285066,29.836944],[-81.285292,29.836969],[-81.285611,29.836903],[-81.285809,29.83661],[-81.285969,29.836478],[-81.285978,29.836291],[-81.285922,29.835932],[-81.285997,29.835638],[-81.286071,29.83488],[-81.286147,29.834291],[-81.286045,29.83406],[-81.286066,29.8338],[-81.286078,29.833713],[-81.286068,29.833681],[-81.286042,29.833657],[-81.285994,29.833622],[-81.285966,29.833586],[-81.285966,29.833564],[-81.285976,29.833544],[-81.286015,29.833515],[-81.286029,29.833486],[-81.286041,29.833398],[-81.286042,29.833266],[-81.286018,29.833181],[-81.285973,29.833102],[-81.285931,29.832964],[-81.285907,29.832867],[-81.285869,29.832833],[-81.285861,29.832816],[-81.285897,29.832771],[-81.285931,29.83262],[-81.285921,29.832589],[-81.285869,29.832527],[-81.285867,29.832505],[-81.285891,29.832483],[-81.285916,29.832483],[-81.285939,29.832474],[-81.285963,29.832448],[-81.286026,29.832341],[-81.28618,29.832139],[-81.286293,29.832036],[-81.286352,29.831965],[-81.286436,29.831898],[-81.286481,29.831877],[-81.286495,29.83186],[-81.286504,29.831816],[-81.286504,29.831739],[-81.286519,29.831722],[-81.286554,29.831713],[-81.286575,29.831726],[-81.286606,29.83176],[-81.286638,29.831832],[-81.286681,29.831872],[-81.286725,29.831893],[-81.286876,29.831949],[-81.286953,29.831987],[-81.287033,29.832005],[-81.287107,29.832066],[-81.287128,29.832077],[-81.287153,29.832077],[-81.287182,29.832063],[-81.28724,29.83202],[-81.287264,29.832013],[-81.287288,29.83202],[-81.287296,29.83204],[-81.287294,29.832062],[-81.287244,29.832126],[-81.287234,29.832146],[-81.287235,29.832168],[-81.287265,29.832216],[-81.287324,29.832288],[-81.287409,29.832353],[-81.287426,29.832378],[-81.28746,29.832465],[-81.287487,29.832502],[-81.287542,29.832521],[-81.28763,29.832549],[-81.287578,29.832601],[-81.287587,29.832654],[-81.28761,29.832717],[-81.287633,29.832743],[-81.287689,29.832768],[-81.287737,29.832818],[-81.287764,29.832834],[-81.287806,29.832872],[-81.287803,29.832895],[-81.287783,29.832909],[-81.287743,29.832908],[-81.287726,29.832923],[-81.287706,29.832987],[-81.2877,29.833031],[-81.287708,29.833107],[-81.287774,29.83341],[-81.287797,29.833473],[-81.287845,29.833508],[-81.287866,29.83356],[-81.287908,29.833601],[-81.287995,29.833665],[-81.288052,29.833687],[-81.28814,29.833693],[-81.288508,29.833809],[-81.289516,29.833959],[-81.290238,29.834134],[-81.291074,29.834183],[-81.291564,29.833983],[-81.291593,29.833683],[-81.291479,29.833323],[-81.29145,29.833233],[-81.291131,29.832957],[-81.290872,29.832333],[-81.290988,29.832157],[-81.291507,29.832106],[-81.292777,29.832257],[-81.293641,29.832333],[-81.293815,29.832207],[-81.293786,29.831882],[-81.293613,29.831356],[-81.293555,29.830681],[-81.293844,29.83033],[-81.294219,29.830156],[-81.29468,29.830205],[-81.2952,29.830481],[-81.296007,29.830731],[-81.297046,29.830731],[-81.299728,29.830831],[-81.300256,29.830869],[-81.302112,29.831023],[-81.302465,29.831806],[-81.302575,29.832513],[-81.302624,29.832823],[-81.302617,29.833509],[-81.302553,29.834034],[-81.302417,29.834881],[-81.302199,29.835939],[-81.301953,29.837199],[-81.301827,29.838523],[-81.301886,29.839782],[-81.301962,29.840694],[-81.302197,29.84226],[-81.30255,29.843147],[-81.302876,29.844341],[-81.302926,29.844534],[-81.302937,29.844535],[-81.30792,29.844615],[-81.308237,29.844603],[-81.309165,29.844567],[-81.309244,29.844652],[-81.309644,29.844948],[-81.309665,29.844964],[-81.310127,29.845243],[-81.3102,29.845288],[-81.310224,29.845258],[-81.310261,29.845232],[-81.310301,29.845214],[-81.310341,29.845204],[-81.310811,29.845149],[-81.310764,29.844798],[-81.310718,29.844506],[-81.311081,29.844409],[-81.311544,29.844505],[-81.31188,29.844619],[-81.312372,29.844505],[-81.312444,29.844959],[-81.312502,29.844953],[-81.313266,29.844931],[-81.314657,29.844904],[-81.315474,29.84489],[-81.316299,29.844873],[-81.316286,29.84437],[-81.317101,29.844353],[-81.317109,29.844856],[-81.317848,29.844843],[-81.317993,29.844837],[-81.318078,29.844829],[-81.318,29.844718],[-81.317964,29.844648],[-81.317939,29.844574],[-81.317924,29.844498],[-81.317919,29.844319],[-81.319836,29.844253],[-81.319834,29.844096],[-81.31982,29.843477],[-81.319807,29.843381],[-81.319783,29.843287],[-81.319617,29.842833],[-81.319021,29.841272],[-81.319391,29.841168],[-81.320097,29.84096],[-81.320778,29.842716],[-81.320816,29.842802],[-81.320882,29.842978],[-81.320933,29.843161],[-81.320975,29.843139],[-81.321039,29.843123],[-81.321484,29.843106],[-81.321552,29.843106],[-81.321671,29.843094],[-81.321764,29.843066],[-81.321873,29.843019],[-81.321944,29.843057],[-81.322055,29.843085],[-81.322171,29.843097],[-81.322229,29.843098],[-81.322398,29.843109],[-81.322573,29.843109],[-81.322563,29.842496],[-81.322539,29.841693],[-81.322539,29.841173],[-81.32251,29.839979],[-81.322492,29.839419],[-81.322474,29.838639],[-81.322451,29.837881],[-81.322421,29.836435],[-81.322399,29.835492],[-81.322329,29.833579],[-81.3223,29.832334],[-81.322295,29.831744],[-81.322289,29.830952],[-81.322277,29.830601],[-81.322254,29.829619],[-81.322225,29.828672],[-81.322216,29.828334],[-81.322194,29.827692],[-81.322173,29.827099],[-81.322162,29.826563],[-81.322149,29.826053],[-81.322145,29.825855],[-81.322162,29.825392],[-81.322184,29.824969],[-81.322227,29.82445],[-81.322265,29.823998],[-81.322314,29.823578],[-81.322423,29.822957],[-81.322505,29.82244],[-81.322548,29.822195],[-81.32263,29.821656],[-81.322773,29.821491],[-81.323111,29.821635],[-81.323176,29.821915],[-81.323174,29.821962],[-81.323158,29.821982],[-81.323123,29.821991],[-81.32312,29.821944],[-81.323072,29.821861],[-81.323032,29.821822],[-81.322949,29.821771],[-81.322903,29.821722],[-81.322873,29.821702],[-81.322809,29.821635],[-81.322737,29.821602],[-81.322705,29.821591],[-81.322669,29.821767],[-81.322662,29.821826],[-81.322669,29.821859],[-81.322702,29.821885],[-81.322748,29.821951],[-81.322771,29.821996],[-81.322772,29.822095],[-81.322752,29.822203],[-81.322678,29.822487],[-81.32269,29.822768],[-81.322727,29.822901],[-81.322754,29.822974],[-81.322787,29.823046],[-81.322868,29.823283],[-81.322894,29.82332],[-81.32292,29.823382],[-81.322841,29.823414],[-81.322833,29.823436],[-81.322814,29.823449],[-81.322746,29.82348],[-81.322722,29.823478],[-81.322704,29.823468],[-81.322679,29.823397],[-81.322663,29.82341],[-81.322635,29.82345],[-81.322639,29.823472],[-81.322698,29.823521],[-81.322736,29.823597],[-81.322738,29.823656],[-81.322762,29.823594],[-81.322759,29.823545],[-81.322811,29.823513],[-81.322836,29.823482],[-81.322886,29.823458],[-81.322895,29.82344],[-81.322909,29.823426],[-81.32294,29.82342],[-81.322978,29.823496],[-81.322945,29.823573],[-81.322897,29.823584],[-81.322883,29.823621],[-81.322891,29.823659],[-81.322882,29.823682],[-81.322867,29.823696],[-81.322824,29.823717],[-81.322877,29.823716],[-81.322898,29.82372],[-81.322905,29.823743],[-81.322885,29.823783],[-81.322951,29.823758],[-81.323011,29.823768],[-81.323013,29.823745],[-81.322996,29.823716],[-81.322971,29.823705],[-81.322958,29.823691],[-81.322957,29.823667],[-81.322984,29.823597],[-81.322981,29.823564],[-81.323003,29.823537],[-81.323055,29.823627],[-81.323157,29.823753],[-81.3232,29.8238],[-81.323297,29.82389],[-81.323381,29.823986],[-81.323454,29.824051],[-81.323485,29.82407],[-81.323628,29.824092],[-81.323725,29.824096],[-81.323802,29.824121],[-81.32388,29.824129],[-81.324,29.824121],[-81.324093,29.824107],[-81.324203,29.824048],[-81.324416,29.823872],[-81.324429,29.82385],[-81.324504,29.823781],[-81.324514,29.823756],[-81.324513,29.823736],[-81.324518,29.823703],[-81.324483,29.823694],[-81.324468,29.823678],[-81.324444,29.823614],[-81.324439,29.823537],[-81.324446,29.823472],[-81.324537,29.823218],[-81.324557,29.823193],[-81.32463,29.823169],[-81.324659,29.823147],[-81.324789,29.823107],[-81.324839,29.8231],[-81.324872,29.823085],[-81.324959,29.823071],[-81.325173,29.823057],[-81.325299,29.823069],[-81.325421,29.823096],[-81.325519,29.823112],[-81.325522,29.823134],[-81.32554,29.823144],[-81.325561,29.823163],[-81.325567,29.823195],[-81.325577,29.823215],[-81.325611,29.823228],[-81.325625,29.823247],[-81.325681,29.823291],[-81.325697,29.823308],[-81.32578,29.823357],[-81.325879,29.823407],[-81.325891,29.823425],[-81.325897,29.82345],[-81.325891,29.823468],[-81.325872,29.823477],[-81.325844,29.823484],[-81.32568,29.823491],[-81.325545,29.823517],[-81.325523,29.823529],[-81.325489,29.823562],[-81.325482,29.823582],[-81.325488,29.823649],[-81.325503,29.823691],[-81.325533,29.823711],[-81.325582,29.823722],[-81.32567,29.823723],[-81.325693,29.823732],[-81.325708,29.823745],[-81.325742,29.823764],[-81.325752,29.823785],[-81.325756,29.823814],[-81.325714,29.823846],[-81.325668,29.823871],[-81.325631,29.823876],[-81.325594,29.823869],[-81.32555,29.823869],[-81.325511,29.823879],[-81.325481,29.823908],[-81.32542,29.823949],[-81.325429,29.823988],[-81.325459,29.824016],[-81.325514,29.824046],[-81.325543,29.824076],[-81.325563,29.824081],[-81.325603,29.824019],[-81.325643,29.823993],[-81.325677,29.824012],[-81.3257,29.824047],[-81.325712,29.824019],[-81.325635,29.823917],[-81.325685,29.823924],[-81.325706,29.823918],[-81.325774,29.823858],[-81.325786,29.823823],[-81.32578,29.823785],[-81.325749,29.823737],[-81.325726,29.823711],[-81.325639,29.823667],[-81.325603,29.823656],[-81.325542,29.823617],[-81.325532,29.823597],[-81.32554,29.82358],[-81.325571,29.823554],[-81.325605,29.823541],[-81.325692,29.823529],[-81.325831,29.823529],[-81.32588,29.823523],[-81.325937,29.823496],[-81.325962,29.823473],[-81.325965,29.823439],[-81.325954,29.823419],[-81.325928,29.823395],[-81.325871,29.823373],[-81.325787,29.823323],[-81.325759,29.823287],[-81.325678,29.823234],[-81.325616,29.82318],[-81.325606,29.823148],[-81.32561,29.823126],[-81.325634,29.823121],[-81.325709,29.823128],[-81.325768,29.823146],[-81.325842,29.82316],[-81.326182,29.823181],[-81.326547,29.823159],[-81.326748,29.823162],[-81.326837,29.823167],[-81.327036,29.82319],[-81.327206,29.823233],[-81.327368,29.823256],[-81.327506,29.823267],[-81.327581,29.823257],[-81.327717,29.823256],[-81.327792,29.823294],[-81.327835,29.823305],[-81.3279,29.82331],[-81.327991,29.8233],[-81.328042,29.823286],[-81.328051,29.823267],[-81.32807,29.823259],[-81.328215,29.823262],[-81.328262,29.823276],[-81.328308,29.823311],[-81.328346,29.823357],[-81.328404,29.823391],[-81.328501,29.823423],[-81.328635,29.823446],[-81.328674,29.823437],[-81.328751,29.823399],[-81.328791,29.823368],[-81.328976,29.823042],[-81.328991,29.822983],[-81.329024,29.82291],[-81.329062,29.822714],[-81.329066,29.822635],[-81.329062,29.822597],[-81.328987,29.822605],[-81.32896,29.822602],[-81.328954,29.822567],[-81.328929,29.822523],[-81.328976,29.822488],[-81.328963,29.82245],[-81.328933,29.822402],[-81.328872,29.822339],[-81.328667,29.822215],[-81.328594,29.822199],[-81.328511,29.822173],[-81.328476,29.822151],[-81.328453,29.822144],[-81.328327,29.822141],[-81.328127,29.822114],[-81.327982,29.822076],[-81.327788,29.821997],[-81.327571,29.821886],[-81.32754,29.82185],[-81.327343,29.821732],[-81.327129,29.82153],[-81.326933,29.821391],[-81.326579,29.8212],[-81.326435,29.821093],[-81.326364,29.821031],[-81.326312,29.820968],[-81.326292,29.820871],[-81.326298,29.820827],[-81.326344,29.820748],[-81.326537,29.820504],[-81.326603,29.820453],[-81.326669,29.820421],[-81.32672,29.820389],[-81.32677,29.820384],[-81.326807,29.820374],[-81.326869,29.820367],[-81.326995,29.820367],[-81.327079,29.820391],[-81.32716,29.820422],[-81.327242,29.820472],[-81.327387,29.820578],[-81.327451,29.820632],[-81.327515,29.820726],[-81.327553,29.820755],[-81.327604,29.820819],[-81.327652,29.820869],[-81.327689,29.820939],[-81.327724,29.820985],[-81.327759,29.821055],[-81.327788,29.821162],[-81.327896,29.821298],[-81.327957,29.821353],[-81.328112,29.821465],[-81.32816,29.821478],[-81.328228,29.821507],[-81.328247,29.821521],[-81.328316,29.821548],[-81.328401,29.821567],[-81.328462,29.821585],[-81.328747,29.821297],[-81.328913,29.820996],[-81.328872,29.820903],[-81.328824,29.820813],[-81.32875,29.820724],[-81.328626,29.820614],[-81.32846,29.820492],[-81.328375,29.820471],[-81.328316,29.82045],[-81.328119,29.820412],[-81.328095,29.8204],[-81.328055,29.820367],[-81.328038,29.820342],[-81.328033,29.82027],[-81.328039,29.820207],[-81.328067,29.820158],[-81.328097,29.820123],[-81.328172,29.820103],[-81.328309,29.820124],[-81.328501,29.820189],[-81.328852,29.820356],[-81.328978,29.8204],[-81.329043,29.820412],[-81.329125,29.820416],[-81.32917,29.820404],[-81.329237,29.820372],[-81.329329,29.820282],[-81.329366,29.820225],[-81.329374,29.820201],[-81.329351,29.820001],[-81.329324,29.819933],[-81.329347,29.819927],[-81.329382,29.81993],[-81.32941,29.819937],[-81.329423,29.819951],[-81.329424,29.819984],[-81.32944,29.82002],[-81.329523,29.820045],[-81.329641,29.820057],[-81.329729,29.820055],[-81.32976,29.820074],[-81.329874,29.820108],[-81.329898,29.82011],[-81.32992,29.820099],[-81.32992,29.820069],[-81.32989,29.820031],[-81.329889,29.819971],[-81.329858,29.819952],[-81.329807,29.81993],[-81.329608,29.819908],[-81.329463,29.819914],[-81.329413,29.819906],[-81.32933,29.819912],[-81.329308,29.819906],[-81.32929,29.819876],[-81.329269,29.819796],[-81.32926,29.819708],[-81.329271,29.819666],[-81.329329,29.819574],[-81.329463,29.819492],[-81.329567,29.81944],[-81.329623,29.819431],[-81.329693,29.819407],[-81.329768,29.8194],[-81.32992,29.819407],[-81.330036,29.81943],[-81.330093,29.819456],[-81.330157,29.819504],[-81.330209,29.819585],[-81.33022,29.819634],[-81.330234,29.819665],[-81.330286,29.819723],[-81.330311,29.819738],[-81.330386,29.819779],[-81.330513,29.819828],[-81.330586,29.819844],[-81.330687,29.819852],[-81.330749,29.819842],[-81.33082,29.819797],[-81.330895,29.819721],[-81.330925,29.819674],[-81.330939,29.819597],[-81.330937,29.819542],[-81.330894,29.819475],[-81.330815,29.81942],[-81.330755,29.819403],[-81.330714,29.819377],[-81.330665,29.819367],[-81.330521,29.819299],[-81.330481,29.819272],[-81.330454,29.819235],[-81.330437,29.819193],[-81.330448,29.819173],[-81.330501,29.819145],[-81.330645,29.819104],[-81.330682,29.819098],[-81.330795,29.819094],[-81.330845,29.819076],[-81.330915,29.819061],[-81.330962,29.819044],[-81.331058,29.819018],[-81.331132,29.819008],[-81.331343,29.819006],[-81.331446,29.818989],[-81.33156,29.818942],[-81.331697,29.818864],[-81.331807,29.81881],[-81.331867,29.818771],[-81.331915,29.818757],[-81.331953,29.81876],[-81.331974,29.818771],[-81.331984,29.818791],[-81.331983,29.818835],[-81.331921,29.818991],[-81.331895,29.819029],[-81.331824,29.819158],[-81.331782,29.819261],[-81.33174,29.8194],[-81.33173,29.819465],[-81.331746,29.819507],[-81.331774,29.819544],[-81.331815,29.819586],[-81.331875,29.819602],[-81.331964,29.819606],[-81.332026,29.819599],[-81.332071,29.819578],[-81.332173,29.819497],[-81.332221,29.819485],[-81.332247,29.819461],[-81.332256,29.819418],[-81.332273,29.819389],[-81.332346,29.819333],[-81.332446,29.819242],[-81.332615,29.819118],[-81.332717,29.819063],[-81.332783,29.819046],[-81.332906,29.818989],[-81.332949,29.818958],[-81.33298,29.818916],[-81.33302,29.818835],[-81.33303,29.818798],[-81.333048,29.818757],[-81.333054,29.818713],[-81.333081,29.818652],[-81.33313,29.818587],[-81.333164,29.818555],[-81.333272,29.818498],[-81.333334,29.818488],[-81.333396,29.818462],[-81.333464,29.818449],[-81.333527,29.818448],[-81.333608,29.818459],[-81.333681,29.818491],[-81.333795,29.818523],[-81.333914,29.818537],[-81.334014,29.818538],[-81.334115,29.818528],[-81.334299,29.818456],[-81.334377,29.818436],[-81.334429,29.818415],[-81.334525,29.818387],[-81.334597,29.818345],[-81.33469,29.818293],[-81.334804,29.818246],[-81.334851,29.818219],[-81.334987,29.818168],[-81.335083,29.818152],[-81.335122,29.818133],[-81.33516,29.818123],[-81.335349,29.818111],[-81.335472,29.818118],[-81.335587,29.818133],[-81.33566,29.818139],[-81.335874,29.818202],[-81.335922,29.818216],[-81.336012,29.818257],[-81.336061,29.818263],[-81.336124,29.818258],[-81.336182,29.818236],[-81.336209,29.818214],[-81.336236,29.818176],[-81.336243,29.818133],[-81.336238,29.818067],[-81.33618,29.817887],[-81.3361,29.817667],[-81.336007,29.817564],[-81.335924,29.817513],[-81.335895,29.817477],[-81.335884,29.817446],[-81.335888,29.817413],[-81.335899,29.817394],[-81.336,29.817325],[-81.336022,29.81732],[-81.336067,29.8173],[-81.336117,29.817296],[-81.336178,29.817281],[-81.33643,29.817279],[-81.336518,29.817282],[-81.336588,29.817308],[-81.33663,29.817331],[-81.336657,29.817369],[-81.336672,29.817422],[-81.336654,29.817564],[-81.336519,29.817836],[-81.336506,29.817957],[-81.336505,29.818089],[-81.336521,29.818142],[-81.336541,29.81817],[-81.336607,29.818221],[-81.336643,29.81823],[-81.336745,29.818238],[-81.336781,29.818229],[-81.336812,29.81821],[-81.336867,29.81815],[-81.336936,29.818045],[-81.336942,29.81799],[-81.336958,29.817937],[-81.336958,29.817772],[-81.336968,29.817696],[-81.336963,29.817586],[-81.33698,29.817557],[-81.337027,29.817455],[-81.337075,29.81738],[-81.337148,29.817228],[-81.337168,29.817165],[-81.337189,29.817138],[-81.337237,29.81706],[-81.337282,29.817007],[-81.337313,29.816988],[-81.337373,29.816973],[-81.33748,29.816972],[-81.337575,29.816979],[-81.337647,29.817],[-81.337717,29.817046],[-81.337849,29.81711],[-81.337917,29.817203],[-81.337926,29.817235],[-81.33793,29.817317],[-81.337918,29.817404],[-81.337872,29.81753],[-81.33778,29.817686],[-81.337748,29.81772],[-81.337547,29.817973],[-81.337523,29.818036],[-81.337516,29.818102],[-81.337524,29.818168],[-81.337549,29.818231],[-81.337577,29.818267],[-81.337622,29.818288],[-81.337719,29.818315],[-81.337769,29.818317],[-81.33792,29.818311],[-81.338062,29.818265],[-81.338164,29.818221],[-81.338193,29.818201],[-81.33833,29.818144],[-81.338452,29.818119],[-81.338498,29.8181],[-81.338699,29.818081],[-81.3389,29.818094],[-81.339024,29.818109],[-81.339047,29.818119],[-81.339144,29.818143],[-81.33922,29.818147],[-81.33927,29.818142],[-81.339313,29.81812],[-81.339345,29.818086],[-81.339353,29.818065],[-81.339349,29.818021],[-81.339338,29.818002],[-81.339224,29.817884],[-81.339158,29.817852],[-81.339111,29.817838],[-81.338909,29.817846],[-81.338884,29.81784],[-81.338867,29.817825],[-81.338862,29.817803],[-81.338868,29.817782],[-81.338929,29.817712],[-81.339026,29.817641],[-81.339275,29.817491],[-81.339348,29.81743],[-81.339391,29.817376],[-81.339456,29.817282],[-81.339508,29.817158],[-81.339565,29.817085],[-81.339608,29.817064],[-81.339659,29.817062],[-81.339683,29.817068],[-81.33979,29.817126],[-81.33983,29.817153],[-81.339979,29.817302],[-81.340189,29.817424],[-81.340287,29.817493],[-81.340485,29.817591],[-81.34076,29.8177],[-81.34087,29.817754],[-81.340885,29.817772],[-81.340894,29.817792],[-81.340897,29.817814],[-81.340894,29.817858],[-81.340872,29.817897],[-81.34071,29.818066],[-81.34066,29.818136],[-81.340629,29.818216],[-81.340614,29.818295],[-81.340616,29.818402],[-81.340627,29.818436],[-81.340653,29.818457],[-81.340736,29.81849],[-81.340932,29.818531],[-81.341057,29.818569],[-81.341185,29.818638],[-81.341362,29.818794],[-81.341431,29.818873],[-81.341494,29.818968],[-81.341555,29.819038],[-81.341623,29.819143],[-81.341665,29.819229],[-81.341718,29.819335],[-81.341747,29.819356],[-81.341815,29.819385],[-81.341888,29.819401],[-81.342027,29.819401],[-81.342165,29.81939],[-81.342266,29.81939],[-81.342309,29.819413],[-81.342322,29.819431],[-81.342322,29.819453],[-81.342306,29.81947],[-81.342253,29.819499],[-81.342181,29.819521],[-81.341868,29.819552],[-81.341767,29.819553],[-81.341706,29.81954],[-81.341668,29.819536],[-81.341608,29.81955],[-81.341551,29.819574],[-81.341526,29.819598],[-81.341528,29.81962],[-81.341545,29.819661],[-81.341569,29.819686],[-81.341633,29.819722],[-81.341781,29.819825],[-81.341865,29.819874],[-81.341957,29.819909],[-81.341982,29.81991],[-81.342031,29.8199],[-81.342082,29.819868],[-81.34221,29.819731],[-81.342262,29.8197],[-81.342298,29.819691],[-81.342336,29.819692],[-81.342369,29.819707],[-81.342397,29.819729],[-81.342412,29.819759],[-81.342417,29.819847],[-81.342366,29.820062],[-81.342339,29.820112],[-81.342273,29.820179],[-81.342224,29.820268],[-81.342195,29.820304],[-81.342121,29.820346],[-81.342094,29.820383],[-81.34208,29.820425],[-81.342084,29.820491],[-81.342124,29.82056],[-81.342168,29.820613],[-81.342404,29.82076],[-81.342428,29.820767],[-81.342504,29.820765],[-81.34255,29.820752],[-81.342577,29.820728],[-81.342605,29.820656],[-81.342605,29.8206],[-81.342571,29.820394],[-81.342541,29.820287],[-81.342539,29.820221],[-81.342551,29.820203],[-81.342575,29.820196],[-81.3426,29.820199],[-81.342643,29.820222],[-81.34268,29.82028],[-81.342734,29.820438],[-81.342767,29.820497],[-81.34283,29.820698],[-81.342908,29.820824],[-81.34294,29.820858],[-81.342991,29.820892],[-81.343037,29.820906],[-81.343139,29.820903],[-81.343226,29.820887],[-81.343294,29.820859],[-81.343409,29.820792],[-81.34348,29.820729],[-81.343499,29.820721],[-81.343519,29.820812],[-81.343541,29.820852],[-81.343587,29.820904],[-81.343645,29.820947],[-81.343711,29.820979],[-81.343772,29.820991],[-81.343861,29.820987],[-81.343922,29.820973],[-81.343977,29.820947],[-81.344064,29.820884],[-81.34413,29.820851],[-81.344177,29.820814],[-81.344232,29.820787],[-81.344405,29.820756],[-81.344429,29.820762],[-81.344466,29.820792],[-81.344518,29.820823],[-81.344566,29.820835],[-81.344642,29.820835],[-81.344817,29.820816],[-81.344852,29.820827],[-81.344899,29.820864],[-81.344901,29.820897],[-81.344856,29.820976],[-81.344852,29.821009],[-81.344856,29.821163],[-81.344873,29.821204],[-81.344902,29.821226],[-81.344939,29.821232],[-81.345014,29.821222],[-81.345082,29.821194],[-81.34524,29.821085],[-81.345275,29.821072],[-81.345316,29.82107],[-81.345336,29.821076],[-81.34536,29.821103],[-81.345365,29.821212],[-81.345349,29.821298],[-81.345331,29.821473],[-81.345331,29.821616],[-81.345326,29.821748],[-81.345335,29.821803],[-81.345333,29.821836],[-81.345317,29.821848],[-81.345268,29.821869],[-81.345238,29.821889],[-81.345209,29.821925],[-81.345189,29.821965],[-81.345182,29.82202],[-81.345187,29.822086],[-81.345215,29.822122],[-81.345238,29.822132],[-81.345263,29.822134],[-81.345387,29.82208],[-81.345412,29.82208],[-81.34543,29.822097],[-81.345431,29.822118],[-81.3454,29.822154],[-81.345275,29.822228],[-81.345206,29.822306],[-81.345165,29.822362],[-81.345159,29.822394],[-81.345167,29.822426],[-81.345189,29.822453],[-81.34521,29.822465],[-81.345259,29.822473],[-81.345296,29.822466],[-81.345424,29.82242],[-81.345664,29.822352],[-81.345825,29.822323],[-81.345913,29.822315],[-81.346265,29.822297],[-81.346315,29.822303],[-81.346431,29.822346],[-81.346506,29.822418],[-81.346518,29.822439],[-81.346635,29.822391],[-81.346658,29.822492],[-81.346672,29.82259],[-81.346691,29.822612],[-81.346701,29.82266],[-81.346779,29.822881],[-81.346812,29.823121],[-81.346832,29.82322],[-81.346935,29.823769],[-81.347009,29.823936],[-81.347178,29.82428],[-81.347245,29.824434],[-81.34727,29.824542],[-81.347319,29.824679],[-81.34737,29.82486],[-81.347383,29.824925],[-81.347381,29.825079],[-81.347356,29.825232],[-81.347348,29.825352],[-81.347363,29.825627],[-81.347443,29.825893],[-81.347542,29.826119],[-81.347592,29.826267],[-81.347658,29.826421],[-81.347773,29.826641],[-81.347915,29.826982],[-81.347979,29.82709],[-81.348035,29.827149],[-81.348136,29.827314],[-81.34824,29.82741],[-81.348325,29.827508],[-81.348577,29.827633],[-81.348788,29.82781],[-81.348987,29.827977],[-81.349454,29.827745],[-81.3496,29.827654],[-81.349638,29.82762],[-81.349685,29.827561],[-81.349719,29.827495],[-81.349738,29.827423],[-81.34974,29.82737],[-81.349733,29.827318],[-81.349704,29.827244],[-81.349585,29.827069],[-81.34924,29.826541],[-81.349145,29.826345],[-81.349017,29.826046],[-81.349002,29.82599],[-81.348997,29.825932],[-81.349,29.825875],[-81.349014,29.825819],[-81.349036,29.825765],[-81.349066,29.825714],[-81.349105,29.825667],[-81.349151,29.825626],[-81.349203,29.825591],[-81.349327,29.825533],[-81.349522,29.825429],[-81.349885,29.826022],[-81.349962,29.826155],[-81.350089,29.826348],[-81.350231,29.826533],[-81.350377,29.826698],[-81.350514,29.826831],[-81.350661,29.826955],[-81.350818,29.82707],[-81.35202,29.827871],[-81.354131,29.829269],[-81.354952,29.829812],[-81.35569,29.830302],[-81.355889,29.830444],[-81.356076,29.830597],[-81.35625,29.83076],[-81.356412,29.830934],[-81.356498,29.831039],[-81.356555,29.831117],[-81.356618,29.831213],[-81.35673,29.831411],[-81.356823,29.831616],[-81.356895,29.831828],[-81.356924,29.831935],[-81.356964,29.832146],[-81.356985,29.832351],[-81.356986,29.832501],[-81.357001,29.833898],[-81.35701,29.834342],[-81.357011,29.834386],[-81.357011,29.83486],[-81.357012,29.835264],[-81.357018,29.835672],[-81.357025,29.836407],[-81.357969,29.83639],[-81.358524,29.836385],[-81.361085,29.836366],[-81.361803,29.836432],[-81.362827,29.836432],[-81.362977,29.836428],[-81.365146,29.836371],[-81.365366,29.836377],[-81.365609,29.836385],[-81.365999,29.836473],[-81.366349,29.83664],[-81.366556,29.836774],[-81.366734,29.837018],[-81.366885,29.837254],[-81.36694,29.837451],[-81.367014,29.837812],[-81.367014,29.838736],[-81.367014,29.838819],[-81.367009,29.839006],[-81.367124,29.839238],[-81.367234,29.83937],[-81.367406,29.839473],[-81.367612,29.839588],[-81.367638,29.839558],[-81.367711,29.839474],[-81.368859,29.838081],[-81.369509,29.837315],[-81.36993,29.836797],[-81.370348,29.836265],[-81.370744,29.835745],[-81.370978,29.835425],[-81.371865,29.834358],[-81.37227,29.833883],[-81.373031,29.832972],[-81.373289,29.832663],[-81.373431,29.832482],[-81.373714,29.832171],[-81.374163,29.831644],[-81.374437,29.831322],[-81.37477,29.830902],[-81.375112,29.830512],[-81.375457,29.830099],[-81.375707,29.829831],[-81.376416,29.828946],[-81.376697,29.828625],[-81.376746,29.828568],[-81.376926,29.828319],[-81.37761,29.827438],[-81.378193,29.826713],[-81.378698,29.826164],[-81.379015,29.825794],[-81.3791,29.82569],[-81.380448,29.828423],[-81.380759,29.829041],[-81.382179,29.831936],[-81.382243,29.832046],[-81.383348,29.83429],[-81.385985,29.839614],[-81.38669,29.841046],[-81.387147,29.841974],[-81.387345,29.842366],[-81.387593,29.842876],[-81.387777,29.843235],[-81.387989,29.84367],[-81.390424,29.848593],[-81.390435,29.848609],[-81.390462,29.848671],[-81.390877,29.849513],[-81.39117,29.850128],[-81.391377,29.850589],[-81.391452,29.850762],[-81.391535,29.850954],[-81.391826,29.851671],[-81.391993,29.852105],[-81.392138,29.852504],[-81.392365,29.853172],[-81.39273,29.854344],[-81.392916,29.854977],[-81.393238,29.856016],[-81.393412,29.856607],[-81.39373,29.857653],[-81.394319,29.859591],[-81.394458,29.860061],[-81.394507,29.860226],[-81.39486,29.861382],[-81.395006,29.861368],[-81.395138,29.861354],[-81.39733,29.861123],[-81.399144,29.860939],[-81.4025,29.860591],[-81.403108,29.860536],[-81.406918,29.860127],[-81.40872,29.85995],[-81.409938,29.859821],[-81.411173,29.8597],[-81.411262,29.859687],[-81.412775,29.859528],[-81.414043,29.859398],[-81.415559,29.859237],[-81.417674,29.859014],[-81.420741,29.858693],[-81.423379,29.858412],[-81.424523,29.858297],[-81.425434,29.858215],[-81.427055,29.858067],[-81.428004,29.857997],[-81.436675,29.85731],[-81.43674,29.857305],[-81.439927,29.85705],[-81.440936,29.856974],[-81.443706,29.856751],[-81.444729,29.856674],[-81.448026,29.856411],[-81.448778,29.856348],[-81.449525,29.856293],[-81.452749,29.856035],[-81.45339,29.855984],[-81.455197,29.855829],[-81.456614,29.855717],[-81.458072,29.855575],[-81.459048,29.855458],[-81.460024,29.855335],[-81.461222,29.855174],[-81.467766,29.854302],[-81.473009,29.853602],[-81.473737,29.8535],[-81.4754,29.85328],[-81.481736,29.852432],[-81.483078,29.852263],[-81.485269,29.852],[-81.487763,29.851695],[-81.489121,29.851533],[-81.490565,29.851355],[-81.491685,29.851228],[-81.49207,29.851196],[-81.492456,29.851177],[-81.492843,29.851171],[-81.493973,29.851174],[-81.497299,29.851188],[-81.498696,29.851188],[-81.502312,29.8512],[-81.506264,29.851205],[-81.510489,29.85121],[-81.510526,29.851213],[-81.519588,29.851226],[-81.519909,29.851226],[-81.520129,29.851222],[-81.520348,29.851209],[-81.520567,29.851188],[-81.520784,29.851158],[-81.521,29.85112],[-81.521213,29.851074],[-81.521425,29.851021],[-81.521633,29.850959],[-81.521838,29.850889],[-81.522039,29.850811],[-81.523581,29.850261],[-81.526708,29.849138],[-81.527008,29.84903],[-81.5283,29.84857],[-81.531152,29.84754],[-81.533788,29.846594],[-81.535075,29.846137],[-81.535475,29.846014],[-81.536107,29.845831],[-81.536514,29.845724],[-81.537099,29.845585],[-81.537687,29.845458],[-81.538153,29.84537],[-81.538778,29.845265],[-81.539248,29.845196],[-81.539753,29.845135],[-81.540261,29.845085],[-81.540788,29.845043],[-81.541472,29.845008],[-81.541883,29.844997],[-81.546399,29.844998],[-81.552524,29.845013],[-81.558083,29.845022],[-81.558507,29.845026],[-81.55878,29.845054],[-81.560587,29.845022],[-81.564628,29.84495],[-81.574012,29.844712],[-81.581203,29.844576],[-81.583457,29.844556],[-81.583009,29.843678],[-81.581668,29.841046],[-81.581621,29.840954],[-81.581207,29.840176],[-81.586181,29.840056],[-81.596075,29.839818],[-81.601103,29.839692],[-81.606078,29.839569],[-81.606135,29.839568],[-81.608512,29.839553],[-81.608749,29.839551],[-81.613416,29.839525],[-81.615815,29.839514],[-81.615948,29.839514],[-81.61825,29.839503],[-81.618284,29.839503],[-81.618315,29.839502],[-81.618509,29.839502],[-81.618575,29.839502],[-81.618775,29.839501],[-81.618809,29.8395],[-81.619511,29.839497],[-81.619746,29.839497],[-81.621437,29.83949],[-81.622459,29.839512],[-81.624807,29.839563],[-81.628961,29.839479],[-81.630598,29.839445],[-81.631437,29.839428],[-81.633134,29.839394],[-81.633311,29.839391],[-81.634328,29.83937],[-81.634375,29.839369],[-81.63757,29.839305],[-81.638635,29.839284],[-81.640994,29.839236],[-81.642485,29.839207],[-81.648073,29.839117],[-81.650433,29.83908],[-81.650592,29.839077],[-81.65125,29.839067],[-81.653704,29.839027],[-81.654522,29.839015],[-81.654892,29.839009],[-81.65492,29.839008],[-81.656116,29.838968],[-81.656515,29.838955],[-81.657542,29.838922],[-81.660623,29.838826],[-81.661334,29.838805],[-81.66165,29.838788],[-81.66182,29.83878],[-81.66185,29.83877],[-81.662429,29.838758],[-81.66477,29.838715],[-81.664921,29.838713],[-81.665551,29.838707],[-81.667552,29.838681],[-81.668701,29.838666],[-81.67211,29.838609],[-81.673557,29.838558],[-81.674309,29.838534],[-81.674402,29.838533],[-81.67556,29.838522],[-81.67581,29.83852],[-81.690902,29.838276],[-81.6932,29.83823],[-81.693375,29.838225],[-81.69637,29.83815],[-81.69776,29.83808],[-81.70018,29.83805],[-81.700796,29.838038],[-81.70327,29.83799],[-81.703558,29.837986],[-81.704422,29.837973],[-81.70471,29.83797],[-81.704973,29.837961],[-81.705764,29.837938],[-81.706029,29.837931],[-81.706576,29.837919],[-81.707419,29.837897],[-81.709498,29.837844],[-81.711593,29.837817],[-81.712985,29.837801],[-81.713029,29.837799],[-81.715746,29.837764],[-81.71673,29.837752],[-81.72006,29.837655],[-81.72344,29.837588],[-81.724029,29.837573],[-81.726789,29.837511],[-81.72684,29.837511],[-81.72686,29.83751],[-81.728639,29.837485],[-81.729273,29.837472],[-81.73148,29.837431],[-81.733209,29.837415],[-81.735099,29.83739],[-81.736722,29.837378],[-81.737209,29.837375],[-81.739207,29.837326],[-81.73938,29.83732],[-81.73941,29.83732],[-81.7399,29.837321],[-81.740074,29.837309],[-81.740195,29.837306],[-81.740558,29.837301],[-81.74068,29.837299],[-81.742309,29.837272],[-81.74374,29.83725],[-81.74599,29.83722],[-81.747196,29.8372],[-81.748826,29.837175],[-81.74926,29.837167],[-81.750565,29.837146],[-81.751,29.83714],[-81.752049,29.837126],[-81.752259,29.837121],[-81.754249,29.837088],[-81.756038,29.837062],[-81.756899,29.83705],[-81.7573,29.83705],[-81.7573,29.837069],[-81.757799,29.837059],[-81.759299,29.837031],[-81.75937,29.83703],[-81.75961,29.837028],[-81.7598,29.837027],[-81.76227,29.83701],[-81.762788,29.837004],[-81.76678,29.83696],[-81.771753,29.836919],[-81.77287,29.83691],[-81.774742,29.836878],[-81.774856,29.836876],[-81.775198,29.83687],[-81.775313,29.836869],[-81.77584,29.83686],[-81.777115,29.836848],[-81.78021,29.83682],[-81.782522,29.836794],[-81.784325,29.836774],[-81.786612,29.836751],[-81.786902,29.836751],[-81.790052,29.836745],[-81.793398,29.836718],[-81.794638,29.836695],[-81.797218,29.836649],[-81.797232,29.83665],[-81.798782,29.836599],[-81.799223,29.836592],[-81.799276,29.836591],[-81.799327,29.83659],[-81.800247,29.836583],[-81.802244,29.83657],[-81.803163,29.836567],[-81.804135,29.836564],[-81.804224,29.836562],[-81.804492,29.836559],[-81.804582,29.836558],[-81.80519,29.83655],[-81.806151,29.836542],[-81.80786,29.83653],[-81.81086,29.836496],[-81.81233,29.83648],[-81.81243,29.83649],[-81.81262,29.83632],[-81.81362,29.83547],[-81.81435,29.83475],[-81.814399,29.834711],[-81.81476,29.83443],[-81.81539,29.83399],[-81.81581,29.83361],[-81.81724,29.83191],[-81.81781,29.831383],[-81.81802,29.83119],[-81.81873,29.83061],[-81.81914,29.83024],[-81.81969,29.82957],[-81.820035,29.829132],[-81.82044,29.82862],[-81.82099,29.82772],[-81.8213,29.82727],[-81.821483,29.826912],[-81.82152,29.82684],[-81.821662,29.826637],[-81.821872,29.82634],[-81.822313,29.826041],[-81.822389,29.825991],[-81.822666,29.825814],[-81.822884,29.825671],[-81.823284,29.825571],[-81.82461,29.825399],[-81.826073,29.82521],[-81.826523,29.82508],[-81.827422,29.82465],[-81.827892,29.82442],[-81.829111,29.82343],[-81.829766,29.822904],[-81.829889,29.822806],[-81.83062,29.82222],[-81.83145,29.82154],[-81.832063,29.82105],[-81.83219,29.82095],[-81.83335,29.81983],[-81.833757,29.819415],[-81.834308,29.818856],[-81.83456,29.8186],[-81.83553,29.817581],[-81.835564,29.817543],[-81.836361,29.816691],[-81.836671,29.816392],[-81.837001,29.816142],[-81.837952,29.815503],[-81.839879,29.814255],[-81.841363,29.813295],[-81.841405,29.813269],[-81.841463,29.813233],[-81.842339,29.812686],[-81.843372,29.812043],[-81.845102,29.810881],[-81.84573,29.81046],[-81.84603,29.81029],[-81.84604,29.81026],[-81.846051,29.810253],[-81.846148,29.81019],[-81.846165,29.81018],[-81.846182,29.810169],[-81.846284,29.810102],[-81.846596,29.809904],[-81.8467,29.80984],[-81.8467,29.80983],[-81.846901,29.809695],[-81.847213,29.809493],[-81.847523,29.809313],[-81.847656,29.809237],[-81.847737,29.809198],[-81.84779,29.80917],[-81.847922,29.809095],[-81.848509,29.808874],[-81.848706,29.808801],[-81.84873,29.80879],[-81.848826,29.80875],[-81.848914,29.808724],[-81.849556,29.808541],[-81.849769,29.80848],[-81.84977,29.80846],[-81.849965,29.808394],[-81.850556,29.808203],[-81.850756,29.808141],[-81.85078,29.80813],[-81.851027,29.808025],[-81.851846,29.807683],[-81.852,29.80762],[-81.85253,29.807427],[-81.852789,29.807278],[-81.853016,29.807149],[-81.853337,29.806965],[-81.853438,29.80688],[-81.853984,29.806341],[-81.854273,29.806081],[-81.85443,29.805968],[-81.854748,29.805737],[-81.855328,29.80535],[-81.85584,29.805059],[-81.85649,29.80469],[-81.856791,29.804511],[-81.857193,29.80428],[-81.857369,29.804179],[-81.8574,29.80416],[-81.857601,29.804043],[-81.8583,29.803635],[-81.858533,29.8035],[-81.858637,29.803441],[-81.858794,29.803349],[-81.85888,29.8033],[-81.859585,29.802912],[-81.85968,29.80286],[-81.859847,29.802763],[-81.85999,29.80268],[-81.86014,29.80255],[-81.860187,29.802492],[-81.860612,29.801972],[-81.861005,29.801468],[-81.861275,29.801123],[-81.8613,29.80109],[-81.861624,29.800644],[-81.861804,29.800396],[-81.861994,29.800187],[-81.862184,29.800137],[-81.862502,29.800168],[-81.863156,29.800316],[-81.863249,29.800338],[-81.863735,29.800429],[-81.86375,29.80043],[-81.864237,29.800512],[-81.864259,29.800515],[-81.865469,29.800638],[-81.865746,29.800669],[-81.866249,29.800725],[-81.86629,29.80073],[-81.86656,29.800765],[-81.86746,29.800797],[-81.86824,29.800826],[-81.86935,29.800877],[-81.87033,29.800868],[-81.871093,29.800784],[-81.8718,29.800709],[-81.8723,29.80066],[-81.872686,29.800618],[-81.873844,29.800493],[-81.87397,29.80048],[-81.874231,29.80045],[-81.874348,29.800436],[-81.8747,29.800395],[-81.874818,29.800382],[-81.875194,29.80034],[-81.87536,29.800323],[-81.876324,29.800207],[-81.876701,29.800162],[-81.87672,29.80016],[-81.876865,29.800139],[-81.877362,29.800074],[-81.87753,29.800053],[-81.87755,29.80005],[-81.877575,29.800048],[-81.877713,29.800041],[-81.87776,29.80004],[-81.877877,29.800023],[-81.878232,29.799975],[-81.87835,29.79996],[-81.878448,29.799949],[-81.878741,29.799919],[-81.87884,29.79991],[-81.878923,29.799899],[-81.879176,29.799869],[-81.87926,29.79986],[-81.87926,29.79985],[-81.879392,29.799829],[-81.879792,29.799769],[-81.879927,29.799749],[-81.879997,29.799747],[-81.88004,29.79974],[-81.880077,29.799734],[-81.880535,29.799682],[-81.880691,29.799667],[-81.880825,29.799651],[-81.881233,29.799612],[-81.88137,29.79959],[-81.881596,29.799558],[-81.88228,29.799469],[-81.88251,29.79944],[-81.88294,29.79937],[-81.883497,29.799276],[-81.88413,29.79917],[-81.88526,29.79901],[-81.886467,29.798826],[-81.88664,29.7988],[-81.887107,29.798737],[-81.88746,29.79869],[-81.887953,29.798623],[-81.88865,29.79853],[-81.88881,29.79851],[-81.889436,29.798426],[-81.88993,29.79836],[-81.890081,29.798336],[-81.89045,29.79828],[-81.890533,29.798254],[-81.89068,29.79821],[-81.891351,29.797932],[-81.89276,29.79735],[-81.893366,29.797103],[-81.89404,29.79683],[-81.894219,29.796754],[-81.89476,29.796526],[-81.89494,29.79645],[-81.895055,29.796401],[-81.895404,29.796257],[-81.89552,29.79621],[-81.895827,29.796068],[-81.89652,29.79575],[-81.89675,29.795647],[-81.897059,29.79551],[-81.897135,29.795475],[-81.897363,29.795374],[-81.89744,29.79534],[-81.8978,29.79519],[-81.897992,29.795104],[-81.89904,29.79464],[-81.8996,29.79438],[-81.899636,29.794364],[-81.89989,29.79426],[-81.90019,29.79413],[-81.90089,29.79394],[-81.901093,29.79389],[-81.90306,29.79341],[-81.90378,29.79326],[-81.903823,29.793249],[-81.90422,29.79315],[-81.90474,29.79307],[-81.90476,29.79307],[-81.905079,29.79306],[-81.90536,29.79307],[-81.90574,29.79315],[-81.90619,29.79326],[-81.90657,29.79332],[-81.90744,29.79342],[-81.9083,29.79353],[-81.90893,29.79357],[-81.90926,29.79356],[-81.90951,29.79352],[-81.909689,29.793476],[-81.90971,29.79347],[-81.909929,29.793416],[-81.910106,29.793356],[-81.910409,29.793256],[-81.911019,29.792987],[-81.911719,29.792607],[-81.911785,29.792571],[-81.912334,29.792285],[-81.912519,29.792188],[-81.912698,29.79209],[-81.913329,29.791749],[-81.913759,29.791539],[-81.913798,29.791526],[-81.914192,29.791399],[-81.914233,29.79115],[-81.914668,29.790465],[-81.915629,29.789604],[-81.916023,29.789287],[-81.916571,29.788848],[-81.918731,29.787529],[-81.919525,29.786869],[-81.920218,29.78616],[-81.920634,29.785516],[-81.921586,29.783832],[-81.921928,29.78331],[-81.923416,29.781043],[-81.923497,29.780919],[-81.923759,29.780207],[-81.923837,29.779932],[-81.924151,29.778845],[-81.924228,29.778578],[-81.924269,29.778434],[-81.924615,29.776899],[-81.924631,29.77683],[-81.924681,29.776445],[-81.924683,29.776429],[-81.924758,29.775865],[-81.924784,29.775665],[-81.924863,29.775066],[-81.924871,29.775009],[-81.924899,29.774868],[-81.924906,29.774832],[-81.924973,29.774449],[-81.925042,29.774068],[-81.925533,29.773332],[-81.92577,29.77298],[-81.92579,29.772859],[-81.926216,29.772059],[-81.926266,29.771955],[-81.926846,29.770761],[-81.92712,29.770228],[-81.927536,29.768787],[-81.927781,29.767671],[-81.927795,29.767567],[-81.927838,29.767259],[-81.927853,29.767156],[-81.927949,29.766532],[-81.928104,29.765539],[-81.928184,29.764655],[-81.928239,29.764051],[-81.928241,29.764027],[-81.928241,29.764017],[-81.928227,29.763742],[-81.928188,29.76289],[-81.928175,29.762606],[-81.928252,29.761927],[-81.928346,29.76111],[-81.928826,29.759983],[-81.929094,29.759356],[-81.929246,29.759143],[-81.929263,29.759119],[-81.929734,29.758528],[-81.92983,29.75841],[-81.929897,29.758325],[-81.929992,29.758192],[-81.930074,29.758082],[-81.930209,29.757757],[-81.93025,29.75766],[-81.930275,29.757609],[-81.930395,29.757369],[-81.93041,29.75734],[-81.930456,29.757228],[-81.93053,29.75705],[-81.93074,29.75664],[-81.930897,29.756424],[-81.93111,29.75613],[-81.931254,29.755982],[-81.93166,29.75557],[-81.93222,29.75502],[-81.932445,29.75476],[-81.93255,29.75464],[-81.93285,29.75436],[-81.933238,29.753985],[-81.93341,29.75382],[-81.9343,29.75291],[-81.934376,29.752833],[-81.934758,29.752452],[-81.934861,29.752348],[-81.935173,29.752036],[-81.935277,29.751933],[-81.93532,29.75189],[-81.935666,29.751539],[-81.9364,29.7508],[-81.936827,29.750352],[-81.93721,29.749952],[-81.93724,29.74992],[-81.937381,29.749757],[-81.93786,29.74921],[-81.937894,29.749171],[-81.93807,29.74898],[-81.938125,29.748919],[-81.938236,29.748797],[-81.93828,29.74875],[-81.93853,29.74849],[-81.938745,29.748256],[-81.938913,29.748075],[-81.939018,29.747962],[-81.939234,29.747733],[-81.93928,29.74768],[-81.939397,29.747534],[-81.939427,29.747497],[-81.939892,29.747475],[-81.940006,29.747471],[-81.941282,29.747442],[-81.941745,29.747425],[-81.942031,29.747425],[-81.942384,29.747416],[-81.943473,29.747392],[-81.944298,29.747362],[-81.944944,29.747343],[-81.945057,29.747353],[-81.945942,29.747336],[-81.946672,29.747274],[-81.947235,29.74728],[-81.948061,29.747291],[-81.948517,29.747326],[-81.948831,29.747326],[-81.949751,29.74733],[-81.950024,29.74733],[-81.950845,29.747335],[-81.950863,29.747331],[-81.95112,29.747335],[-81.9518,29.74734],[-81.951953,29.747344],[-81.952549,29.747361],[-81.95418,29.74738],[-81.95427,29.747381],[-81.954455,29.74738],[-81.954539,29.74738],[-81.95529,29.74738],[-81.955772,29.747336],[-81.955999,29.747316],[-81.956782,29.747269],[-81.956794,29.747268],[-81.957117,29.747243],[-81.957225,29.747246],[-81.957393,29.747254],[-81.957712,29.747272],[-81.957692,29.747447],[-81.957851,29.747476],[-81.957896,29.747483],[-81.958093,29.74746],[-81.958335,29.74742],[-81.958497,29.747396],[-81.95889,29.74722],[-81.95905,29.747208],[-81.959536,29.74718],[-81.959699,29.747171],[-81.960014,29.747184],[-81.960959,29.747225],[-81.961275,29.747239],[-81.96173,29.74722],[-81.963102,29.747166],[-81.96356,29.74715],[-81.963616,29.747161],[-81.96379,29.747201],[-81.963849,29.747215],[-81.96431,29.747195],[-81.965696,29.747138],[-81.96616,29.74712],[-81.966378,29.747122],[-81.967035,29.747135],[-81.967255,29.747141],[-81.967314,29.747142],[-81.967492,29.747145],[-81.967552,29.747146],[-81.967899,29.747142],[-81.968942,29.747133],[-81.96929,29.74713],[-81.96931,29.74713],[-81.9697,29.747121],[-81.97068,29.7471],[-81.97093,29.747092],[-81.97134,29.74708],[-81.972025,29.747088],[-81.97213,29.74709],[-81.973384,29.747065],[-81.974831,29.74704],[-81.974914,29.74704],[-81.975648,29.747028],[-81.975871,29.747062],[-81.975908,29.747067],[-81.976228,29.747114],[-81.977495,29.746847],[-81.979438,29.74644],[-81.980365,29.746245],[-81.981297,29.746049],[-81.982312,29.745836],[-81.982559,29.745777],[-81.982645,29.745756],[-81.983232,29.745616],[-81.985242,29.745141],[-81.985912,29.744983],[-81.985864,29.743652],[-81.987334,29.743744],[-81.987376,29.743747],[-81.991073,29.743952],[-81.991121,29.743932],[-81.99125,29.74388],[-81.991265,29.743873],[-81.991313,29.743852],[-81.991333,29.743842],[-81.991394,29.743816],[-81.991415,29.743807],[-81.991716,29.743745],[-81.992036,29.743666],[-81.993891,29.74321],[-81.99451,29.743059],[-81.99451,29.74288],[-81.994519,29.74287],[-81.99457,29.74282],[-81.99472,29.74277],[-81.995046,29.742654],[-81.99506,29.74265],[-81.99523,29.7426],[-81.99608,29.742391],[-81.996147,29.742374],[-81.996732,29.74223],[-81.998901,29.741697],[-81.99982,29.741472],[-82.000778,29.741246],[-82.003663,29.740574],[-82.004625,29.740352],[-82.005113,29.740179],[-82.005611,29.740003],[-82.006581,29.739662],[-82.00707,29.73949],[-82.007358,29.739219],[-82.007485,29.739102],[-82.007756,29.738858],[-82.008762,29.737971],[-82.00885,29.737894],[-82.009188,29.737594],[-82.0092,29.73757],[-82.01085,29.736189],[-82.011339,29.735815],[-82.011749,29.73546],[-82.011944,29.735302],[-82.01234,29.735],[-82.01264,29.734742],[-82.012697,29.734685],[-82.012871,29.734516],[-82.01293,29.73446],[-82.01304,29.734376],[-82.013088,29.734338],[-82.013371,29.734127],[-82.013487,29.734039],[-82.013495,29.734033],[-82.01354,29.733999],[-82.01358,29.73397],[-82.013718,29.733868],[-82.013778,29.733825],[-82.013797,29.733809],[-82.013902,29.733733],[-82.01421,29.73351],[-82.014279,29.733462],[-82.014407,29.733375],[-82.014499,29.733311],[-82.014556,29.73327],[-82.014777,29.733123],[-82.01487,29.73306],[-82.015344,29.732702],[-82.01609,29.73214],[-82.016753,29.731608],[-82.01684,29.73154],[-82.017216,29.731235],[-82.017229,29.731223],[-82.017368,29.731107],[-82.018104,29.73052],[-82.018982,29.729821],[-82.0196,29.729352],[-82.020417,29.728719],[-82.020808,29.728427],[-82.021075,29.728229],[-82.021729,29.727766],[-82.022027,29.727546],[-82.022175,29.727435],[-82.022862,29.726929],[-82.023447,29.726486],[-82.02387,29.72617],[-82.024365,29.725757],[-82.024913,29.725236],[-82.025183,29.724912],[-82.025459,29.724585],[-82.025876,29.723995],[-82.026253,29.723265],[-82.02661,29.722555],[-82.027016,29.721765],[-82.027324,29.721155],[-82.027885,29.720175],[-82.027979,29.720014],[-82.028256,29.719594],[-82.028734,29.718944],[-82.028917,29.718681],[-82.028984,29.718679],[-82.029191,29.718678],[-82.029261,29.71868],[-82.032443,29.718677],[-82.041991,29.718672],[-82.045174,29.718671],[-82.045186,29.718672],[-82.045482,29.718672],[-82.045987,29.718671],[-82.048429,29.71867],[-82.049244,29.71867]]]]}},{"type":"Feature","properties":{"sourceGeoid":"1212","stateFips":"12","districtCode":"12","stateCode":null,"label":"Congressional District 12"},"geometry":{"type":"MultiPolygon","coordinates":[[[[-83.187906,28.986573],[-83.18437,28.98398],[-83.17966,28.98074],[-83.1755,28.97806],[-83.16812,28.97349],[-83.16508,28.97164],[-83.16027,28.96888],[-83.15608,28.96665],[-83.15075,28.964],[-83.14303,28.96055],[-83.13532,28.95752],[-83.1286,28.9552],[-83.12217,28.95325],[-83.11744,28.95195],[-83.11028,28.95025],[-83.10465,28.94912],[-83.0996,28.94825],[-83.0939,28.94744],[-83.0892,28.9469],[-83.08444,28.94641],[-83.08218,28.94619],[-83.07847,28.94589],[-83.07456,28.94565],[-83.07002,28.94547],[-83.06485,28.94539],[-83.05866,28.94548],[-83.05476,28.94564],[-83.05209,28.94579],[-83.05148,28.94583],[-83.04759,28.94554],[-83.04389,28.9453],[-83.03731,28.94505],[-83.03237,28.94502],[-83.0266,28.94513],[-83.02167,28.94536],[-83.01777,28.94564],[-83.01429,28.94595],[-83.01028,28.94635],[-83.00568,28.9468],[-83.00158,28.9473],[-82.99792,28.94782],[-82.99265,28.94869],[-82.98481,28.95027],[-82.97845,28.95181],[-82.97255,28.95345],[-82.96692,28.95521],[-82.96307,28.95652],[-82.9587,28.95813],[-82.9542,28.95992],[-82.9494,28.96197],[-82.94557,28.96375],[-82.94604,28.96051],[-82.94644,28.95708],[-82.94674,28.95382],[-82.947,28.94983],[-82.94712,28.94656],[-82.94715,28.94311],[-82.94703,28.93767],[-82.94688,28.93477],[-82.94659,28.93114],[-82.94611,28.92681],[-82.94564,28.92338],[-82.94508,28.91996],[-82.94427,28.91584],[-82.94287,28.9109],[-82.94177,28.90683],[-82.94026,28.90191],[-82.93882,28.89773],[-82.9369,28.89274],[-82.93485,28.88798],[-82.93171,28.88145],[-82.92932,28.87702],[-82.92887,28.87621],[-82.92717,28.87331],[-82.92429,28.86869],[-82.92133,28.86433],[-82.92001,28.86248],[-82.91981,28.86172],[-82.91847,28.8599],[-82.9158,28.8565],[-82.91687,28.85366],[-82.91859,28.84943],[-82.91988,28.846],[-82.92157,28.84097],[-82.92312,28.83573],[-82.92427,28.83114],[-82.92535,28.82616],[-82.92625,28.82096],[-82.92718,28.81358],[-82.92743,28.8107],[-82.92762,28.80779],[-82.92778,28.804],[-82.9278,28.80146],[-82.92778,28.79747],[-82.92754,28.7924],[-82.92717,28.7877],[-82.92695,28.78572],[-82.92655,28.78247],[-82.92606,28.77925],[-82.92539,28.77548],[-82.92441,28.77085],[-82.9235,28.76713],[-82.92248,28.76343],[-82.92124,28.75941],[-82.9205,28.75715],[-82.91944,28.75421],[-82.91799,28.75044],[-82.91699,28.74806],[-82.91536,28.74434],[-82.9114,28.73638],[-82.90871,28.7313],[-82.90723,28.72793],[-82.90475,28.72278],[-82.90196,28.71754],[-82.89991,28.714],[-82.89623,28.70815],[-82.89042,28.7],[-82.89014,28.69748],[-82.88993,28.69586],[-82.889544,28.693213],[-82.88887,28.68922],[-82.88827,28.68619],[-82.88738,28.68229],[-82.88564,28.67577],[-82.88427,28.6714],[-82.88256,28.66656],[-82.88117,28.66299],[-82.88067,28.6594],[-82.87997,28.65399],[-82.8788,28.64735],[-82.87756,28.64182],[-82.87649,28.63775],[-82.87567,28.63493],[-82.87341,28.62813],[-82.87086,28.6216],[-82.86791,28.61503],[-82.86496,28.60924],[-82.86352,28.60664],[-82.86222,28.60436],[-82.86018,28.60101],[-82.85763,28.59708],[-82.85517,28.59353],[-82.85248,28.58989],[-82.84896,28.58543],[-82.84525,28.5811],[-82.84282,28.57841],[-82.84073,28.5762],[-82.83914,28.57458],[-82.84044,28.57232],[-82.8424,28.56873],[-82.84522,28.56311],[-82.84756,28.55789],[-82.84955,28.55294],[-82.85158,28.54724],[-82.85319,28.542],[-82.85422,28.53818],[-82.8551,28.53452],[-82.85549,28.53275],[-82.85645,28.52774],[-82.85692,28.52487],[-82.85708,28.52187],[-82.85747,28.51862],[-82.85785,28.51464],[-82.85813,28.5101],[-82.85823,28.50756],[-82.85827,28.50357],[-82.85818,28.49903],[-82.85795,28.49485],[-82.85757,28.49038],[-82.85702,28.48611],[-82.85663,28.48361],[-82.85579,28.47899],[-82.85543,28.47721],[-82.85654,28.47548],[-82.85752,28.47389],[-82.85887,28.47165],[-82.86044,28.4689],[-82.86109,28.46724],[-82.8624,28.46479],[-82.86405,28.46148],[-82.86584,28.45765],[-82.86799,28.45258],[-82.86956,28.44847],[-82.87094,28.44526],[-82.87179,28.44265],[-82.87343,28.43703],[-82.87407,28.43456],[-82.87494,28.430786],[-82.87573,28.4269],[-82.87662,28.42152],[-82.87726,28.41647],[-82.87751,28.41394],[-82.87761,28.41268],[-82.87839,28.41046],[-82.88006,28.40603],[-82.88175,28.40101],[-82.8832,28.39609],[-82.8839,28.39343],[-82.88476,28.39064],[-82.88675,28.38666],[-82.88769,28.38465],[-82.88963,28.38024],[-82.89165,28.3751],[-82.89228,28.37337],[-82.8933,28.37042],[-82.89392,28.3685],[-82.89493,28.36517],[-82.89664,28.35864],[-82.89736,28.35701],[-82.90039,28.35623],[-82.90489,28.35499],[-82.91049,28.35326],[-82.91279,28.3525],[-82.91281,28.35191],[-82.91681,28.35035],[-82.92096,28.34878],[-82.92709,28.34623],[-82.93092,28.3445],[-82.93381,28.34312],[-82.93773,28.34115],[-82.94072,28.33956],[-82.94676,28.33612],[-82.95378,28.3317],[-82.95926,28.3279],[-82.96349,28.32474],[-82.96895,28.32034],[-82.97418,28.31574],[-82.97863,28.31148],[-82.98381,28.30609],[-82.98821,28.30107],[-82.99258,28.29559],[-82.99647,28.29026],[-82.99971,28.28541],[-83.00099,28.28334],[-83.00282,28.28029],[-83.00519,28.27605],[-83.0074,28.27175],[-83.00916,28.26807],[-83.00992,28.26638],[-83.01094,28.264],[-83.0124,28.26041],[-83.01399,28.25609],[-83.01529,28.25226],[-83.01698,28.24645],[-83.01856,28.24019],[-83.01942,28.23637],[-83.02025,28.23135],[-83.02163,28.2211],[-83.02224,28.21482],[-83.02236,28.21138],[-83.02236,28.20559],[-83.02205,28.19891],[-83.02141,28.19224],[-83.0202,28.18233],[-83.019273,28.175089],[-83.01875,28.17098],[-82.959072,28.171462],[-82.906477,28.171961],[-82.896738,28.172047],[-82.893331,28.172076],[-82.880942,28.172186],[-82.875024,28.172266],[-82.875018,28.172212],[-82.875003,28.17205],[-82.874999,28.171997],[-82.87046,28.172049],[-82.856844,28.172204],[-82.854653,28.172229],[-82.852306,28.172257],[-82.851399,28.172142],[-82.849361,28.171883],[-82.848679,28.171797],[-82.847773,28.171682],[-82.847134,28.171687],[-82.845217,28.171704],[-82.844579,28.17171],[-82.841436,28.171758],[-82.833312,28.171884],[-82.833319,28.172519],[-82.815124,28.173023],[-82.813021,28.173036],[-82.805495,28.173074],[-82.805109,28.173076],[-82.800727,28.173111],[-82.800152,28.173117],[-82.798038,28.173124],[-82.790192,28.172915],[-82.790083,28.172912],[-82.789949,28.172909],[-82.789401,28.172914],[-82.789178,28.172914],[-82.786039,28.172936],[-82.785652,28.172699],[-82.78549,28.172567],[-82.784608,28.172756],[-82.783716,28.172863],[-82.783073,28.172865],[-82.782984,28.172856],[-82.781861,28.172854],[-82.781378,28.172855],[-82.781013,28.172855],[-82.779828,28.172858],[-82.779208,28.172848],[-82.779047,28.172853],[-82.77856,28.172868],[-82.778337,28.172871],[-82.777747,28.17288],[-82.776807,28.172875],[-82.773703,28.172879],[-82.773372,28.172879],[-82.772735,28.172879],[-82.767739,28.17288],[-82.765876,28.172887],[-82.765518,28.172888],[-82.765393,28.172889],[-82.765323,28.172889],[-82.764808,28.172891],[-82.764477,28.172891],[-82.763983,28.172895],[-82.76397,28.172895],[-82.763156,28.172899],[-82.762454,28.172902],[-82.761632,28.172908],[-82.761218,28.172913],[-82.760781,28.172916],[-82.75992,28.172923],[-82.759073,28.172931],[-82.758679,28.172935],[-82.758232,28.172939],[-82.757716,28.172944],[-82.757077,28.172951],[-82.752903,28.172993],[-82.750906,28.173003],[-82.750487,28.173007],[-82.750435,28.17298],[-82.750202,28.172755],[-82.749711,28.173191],[-82.748975,28.173201],[-82.748903,28.173199],[-82.748796,28.1732],[-82.748671,28.1732],[-82.748185,28.173202],[-82.74684,28.17321],[-82.744061,28.173219],[-82.743655,28.173222],[-82.743385,28.17322],[-82.742835,28.173223],[-82.742506,28.173224],[-82.740626,28.173301],[-82.7404,28.173309],[-82.740176,28.173311],[-82.738509,28.173326],[-82.735493,28.173352],[-82.733932,28.173306],[-82.733302,28.173287],[-82.733118,28.173289],[-82.731832,28.173299],[-82.731685,28.1733],[-82.730892,28.173302],[-82.730723,28.173303],[-82.729316,28.173306],[-82.729315,28.173264],[-82.729319,28.17317],[-82.729085,28.173173],[-82.728127,28.173181],[-82.725254,28.173206],[-82.72445,28.173214],[-82.724297,28.173215],[-82.72426,28.173216],[-82.724205,28.173218],[-82.724149,28.173219],[-82.724112,28.17322],[-82.724079,28.173221],[-82.724035,28.173216],[-82.723906,28.173201],[-82.723863,28.173196],[-82.723683,28.173188],[-82.723145,28.173166],[-82.722966,28.173159],[-82.722937,28.173159],[-82.722894,28.17316],[-82.722851,28.173161],[-82.722823,28.173162],[-82.722777,28.173162],[-82.722709,28.173164],[-82.72264,28.173165],[-82.722595,28.173167],[-82.722492,28.173175],[-82.722184,28.1732],[-82.722082,28.173209],[-82.722038,28.173204],[-82.721973,28.173198],[-82.721907,28.173191],[-82.721864,28.173187],[-82.721815,28.173181],[-82.721744,28.173174],[-82.721671,28.173166],[-82.721623,28.173162],[-82.721435,28.173172],[-82.720871,28.173205],[-82.720684,28.173216],[-82.720523,28.173207],[-82.720215,28.17319],[-82.72004,28.173181],[-82.719879,28.173173],[-82.719626,28.173174],[-82.719362,28.173176],[-82.718901,28.173157],[-82.718868,28.173157],[-82.718616,28.17316],[-82.718507,28.173161],[-82.718344,28.173163],[-82.71818,28.173164],[-82.718072,28.173166],[-82.716773,28.173176],[-82.714595,28.173194],[-82.712876,28.173202],[-82.711578,28.173209],[-82.711324,28.173215],[-82.711053,28.173215],[-82.710988,28.173215],[-82.704853,28.173241],[-82.699024,28.173247],[-82.694047,28.17326],[-82.686738,28.17328],[-82.681236,28.173294],[-82.679353,28.173299],[-82.674455,28.173312],[-82.673834,28.173313],[-82.673213,28.173314],[-82.67278,28.173315],[-82.672348,28.173318],[-82.672144,28.173319],[-82.669225,28.173331],[-82.666045,28.173346],[-82.65408,28.173281],[-82.651165,28.173266],[-82.649725,28.173314],[-82.645407,28.173304],[-82.643968,28.173301],[-82.640138,28.173292],[-82.628649,28.173268],[-82.62482,28.17326],[-82.624056,28.173276],[-82.621767,28.173326],[-82.621004,28.173344],[-82.620798,28.173348],[-82.619394,28.173379],[-82.619278,28.173378],[-82.61878,28.173375],[-82.618567,28.173374],[-82.618354,28.173372],[-82.614759,28.173351],[-82.601037,28.173268],[-82.6005,28.173264],[-82.60012,28.173262],[-82.59737,28.173244],[-82.596454,28.173239],[-82.596331,28.173238],[-82.596019,28.173237],[-82.595964,28.173236],[-82.595842,28.173236],[-82.595472,28.173233],[-82.594364,28.173227],[-82.593995,28.173225],[-82.593823,28.173224],[-82.59381,28.173224],[-82.593626,28.173223],[-82.593382,28.173222],[-82.59331,28.173221],[-82.593139,28.173221],[-82.592871,28.173219],[-82.592068,28.173213],[-82.591801,28.173211],[-82.590626,28.173204],[-82.59001,28.173201],[-82.589069,28.173175],[-82.588928,28.173166],[-82.587105,28.173079],[-82.585932,28.173023],[-82.585833,28.173018],[-82.583214,28.17297],[-82.583196,28.172974],[-82.582282,28.17297],[-82.581316,28.17297],[-82.579729,28.172959],[-82.577875,28.172941],[-82.57707,28.172935],[-82.576012,28.172921],[-82.572839,28.17288],[-82.571782,28.172867],[-82.571751,28.172867],[-82.567914,28.172899],[-82.567857,28.172899],[-82.567802,28.1729],[-82.567745,28.172902],[-82.567574,28.172901],[-82.567562,28.172902],[-82.567503,28.172902],[-82.56745,28.172902],[-82.567397,28.172901],[-82.567341,28.172901],[-82.567272,28.172901],[-82.565632,28.172893],[-82.564395,28.172887],[-82.563547,28.172882],[-82.563445,28.172882],[-82.563326,28.172881],[-82.563289,28.17288],[-82.56304,28.172879],[-82.562726,28.172877],[-82.560034,28.172869],[-82.55571,28.172859],[-82.555371,28.172864],[-82.536009,28.172576],[-82.536027,28.17266],[-82.536055,28.172791],[-82.536275,28.173521],[-82.536439,28.174115],[-82.537078,28.176272],[-82.538315,28.180608],[-82.538564,28.181359],[-82.538747,28.181845],[-82.538856,28.182121],[-82.538922,28.182241],[-82.539438,28.183238],[-82.53987,28.183964],[-82.540279,28.184553],[-82.540621,28.184985],[-82.541167,28.185622],[-82.541624,28.186162],[-82.54214,28.186751],[-82.542578,28.187297],[-82.543173,28.188036],[-82.543749,28.188876],[-82.54404,28.189336],[-82.5438,28.189445],[-82.543077,28.189778],[-82.542833,28.18988],[-82.5397,28.191192],[-82.539518,28.191268],[-82.538273,28.191789],[-82.535164,28.193069],[-82.533936,28.193462],[-82.533184,28.193645],[-82.531971,28.193804],[-82.52505,28.194263],[-82.52219,28.194452],[-82.520151,28.194588],[-82.518253,28.194724],[-82.514351,28.194957],[-82.513335,28.194984],[-82.512793,28.194944],[-82.512115,28.194849],[-82.505628,28.193426],[-82.505391,28.193376],[-82.504253,28.193137],[-82.503605,28.193046],[-82.502728,28.192966],[-82.502268,28.19295],[-82.501861,28.19295],[-82.501039,28.193003],[-82.499915,28.193217],[-82.498677,28.193588],[-82.497821,28.193973],[-82.497676,28.194038],[-82.495262,28.195582],[-82.492772,28.197176],[-82.492387,28.197355],[-82.491973,28.197548],[-82.491472,28.197694],[-82.490883,28.197818],[-82.490343,28.197896],[-82.489931,28.197903],[-82.489249,28.197854],[-82.488738,28.197747],[-82.487999,28.197527],[-82.487409,28.197236],[-82.485238,28.19588],[-82.482341,28.194016],[-82.481659,28.193651],[-82.481008,28.193365],[-82.480308,28.193143],[-82.479917,28.19305],[-82.479451,28.192973],[-82.479095,28.192934],[-82.47874,28.19291],[-82.478467,28.1929],[-82.478038,28.192894],[-82.477808,28.192894],[-82.477576,28.192904],[-82.4773,28.19292],[-82.477092,28.192937],[-82.474025,28.193498],[-82.47356,28.193552],[-82.473317,28.193569],[-82.472687,28.193588],[-82.472074,28.193582],[-82.471682,28.193566],[-82.471318,28.193528],[-82.471035,28.19348],[-82.470322,28.193357],[-82.469646,28.193149],[-82.468896,28.192833],[-82.467464,28.192156],[-82.466731,28.191865],[-82.466169,28.191708],[-82.465847,28.191622],[-82.4656,28.191568],[-82.465317,28.191499],[-82.464687,28.191347],[-82.464609,28.191322],[-82.463825,28.191198],[-82.462094,28.19082],[-82.461281,28.190549],[-82.458351,28.189275],[-82.456828,28.188614],[-82.454822,28.187677],[-82.454112,28.187363],[-82.45249,28.186553],[-82.451339,28.186043],[-82.450748,28.185872],[-82.450318,28.185814],[-82.449921,28.185789],[-82.449019,28.185787],[-82.443456,28.185759],[-82.437986,28.18584],[-82.429977,28.185779],[-82.427767,28.185763],[-82.425358,28.18584],[-82.425262,28.185843],[-82.423153,28.185837],[-82.421533,28.185816],[-82.420528,28.185808],[-82.417524,28.185786],[-82.413308,28.185757],[-82.411407,28.185742],[-82.407682,28.185713],[-82.406052,28.185717],[-82.405318,28.185738],[-82.404769,28.185801],[-82.404209,28.185917],[-82.403351,28.186232],[-82.402903,28.186404],[-82.402139,28.186835],[-82.401695,28.187078],[-82.399235,28.188901],[-82.397025,28.190584],[-82.397107,28.190726],[-82.397215,28.190867],[-82.397423,28.191137],[-82.397815,28.191603],[-82.398056,28.191958],[-82.398264,28.192354],[-82.398516,28.192707],[-82.398574,28.19279],[-82.398724,28.193135],[-82.39885,28.19349],[-82.399012,28.193936],[-82.399115,28.194312],[-82.399176,28.194512],[-82.399196,28.194577],[-82.399242,28.195046],[-82.399314,28.196311],[-82.399305,28.196391],[-82.399294,28.196488],[-82.399242,28.196981],[-82.399022,28.199303],[-82.399017,28.199328],[-82.398849,28.200237],[-82.398563,28.200959],[-82.398383,28.201331],[-82.398177,28.201695],[-82.397528,28.202773],[-82.396434,28.204596],[-82.394407,28.207967],[-82.393744,28.20907],[-82.393065,28.210201],[-82.392258,28.211497],[-82.391886,28.212105],[-82.39175,28.212328],[-82.390335,28.214561],[-82.389554,28.215566],[-82.389132,28.216186],[-82.38901,28.216441],[-82.388115,28.217551],[-82.38609,28.220036],[-82.385532,28.220661],[-82.385301,28.220865],[-82.385032,28.221105],[-82.384368,28.221664],[-82.383864,28.222064],[-82.383612,28.222254],[-82.383222,28.222547],[-82.381095,28.224045],[-82.380761,28.224285],[-82.379138,28.225459],[-82.378938,28.225604],[-82.378544,28.225889],[-82.378177,28.226153],[-82.377885,28.226365],[-82.376875,28.227109],[-82.376478,28.227402],[-82.376435,28.227432],[-82.374454,28.228932],[-82.374371,28.229012],[-82.374108,28.229263],[-82.374004,28.229381],[-82.373797,28.229617],[-82.373781,28.229637],[-82.373465,28.230015],[-82.372373,28.23141],[-82.372241,28.23158],[-82.371727,28.232238],[-82.371331,28.232752],[-82.370144,28.234295],[-82.369749,28.23481],[-82.369706,28.234865],[-82.369579,28.23503],[-82.369537,28.235086],[-82.369386,28.235278],[-82.369013,28.235758],[-82.368691,28.236173],[-82.368399,28.236523],[-82.368162,28.236785],[-82.367894,28.237039],[-82.367659,28.237248],[-82.367437,28.237415],[-82.367223,28.23756],[-82.367212,28.237569],[-82.366948,28.237722],[-82.36647,28.237956],[-82.366251,28.238047],[-82.366068,28.238107],[-82.365546,28.238254],[-82.365497,28.238263],[-82.365234,28.238314],[-82.364868,28.238357],[-82.364577,28.238377],[-82.364296,28.238385],[-82.364002,28.23838],[-82.363537,28.238345],[-82.363117,28.238302],[-82.362449,28.238218],[-82.361436,28.238092],[-82.361374,28.238085],[-82.360648,28.238008],[-82.360051,28.237945],[-82.359275,28.237827],[-82.358298,28.237654],[-82.357518,28.237517],[-82.357012,28.237419],[-82.355724,28.23717],[-82.355495,28.237135],[-82.354987,28.237059],[-82.3549,28.237042],[-82.35464,28.236993],[-82.354554,28.236977],[-82.354399,28.236946],[-82.354189,28.236904],[-82.353936,28.236854],[-82.353782,28.236824],[-82.353443,28.236752],[-82.353123,28.236685],[-82.352789,28.236609],[-82.352426,28.23654],[-82.352086,28.236476],[-82.351602,28.236393],[-82.351128,28.236334],[-82.350693,28.236306],[-82.350194,28.236309],[-82.350146,28.236313],[-82.34966,28.236354],[-82.349257,28.236415],[-82.348531,28.236608],[-82.348493,28.236619],[-82.347617,28.236887],[-82.346896,28.237107],[-82.345047,28.237641],[-82.343897,28.237974],[-82.342838,28.238277],[-82.341374,28.238698],[-82.339666,28.239204],[-82.338611,28.239517],[-82.338194,28.239627],[-82.337853,28.239717],[-82.336936,28.23993],[-82.336511,28.240001],[-82.336014,28.240098],[-82.335976,28.240103],[-82.33528,28.240199],[-82.33455,28.240279],[-82.334353,28.240294],[-82.333811,28.240337],[-82.333649,28.24034],[-82.333162,28.240352],[-82.333001,28.240356],[-82.3329,28.240359],[-82.332596,28.24037],[-82.332496,28.240374],[-82.332395,28.240374],[-82.332091,28.240377],[-82.331991,28.240379],[-82.331551,28.240393],[-82.330231,28.240435],[-82.329791,28.240449],[-82.329285,28.240461],[-82.327768,28.240496],[-82.327484,28.240503],[-82.327263,28.240509],[-82.326952,28.24051],[-82.326815,28.24051],[-82.326021,28.240516],[-82.325711,28.240519],[-82.325582,28.240519],[-82.325196,28.240521],[-82.325068,28.240523],[-82.324929,28.240523],[-82.324515,28.240524],[-82.324377,28.240525],[-82.324171,28.240525],[-82.324044,28.240525],[-82.323555,28.240528],[-82.32335,28.240529],[-82.322531,28.240534],[-82.320942,28.240546],[-82.320358,28.240531],[-82.320372,28.242521],[-82.320371,28.243087],[-82.320386,28.244009],[-82.320358,28.244103],[-82.320285,28.24435],[-82.32027,28.244455],[-82.320265,28.244792],[-82.320263,28.244998],[-82.32026,28.245449],[-82.320259,28.245769],[-82.320249,28.248085],[-82.320248,28.2482],[-82.320246,28.248857],[-82.320239,28.249077],[-82.32022,28.24974],[-82.320215,28.249961],[-82.320218,28.250252],[-82.320228,28.251129],[-82.320232,28.251421],[-82.320221,28.251611],[-82.320188,28.252181],[-82.320177,28.252371],[-82.320172,28.252927],[-82.320168,28.253403],[-82.320158,28.254598],[-82.320154,28.255155],[-82.320152,28.25529],[-82.32015,28.25543],[-82.32014,28.256258],[-82.320138,28.256408],[-82.320137,28.256535],[-82.320135,28.25667],[-82.320129,28.25714],[-82.319275,28.25711],[-82.318389,28.256983],[-82.317393,28.256731],[-82.31536,28.256173],[-82.313378,28.255617],[-82.312295,28.255344],[-82.311875,28.255239],[-82.309922,28.255199],[-82.307734,28.255183],[-82.305562,28.255147],[-82.305429,28.255148],[-82.304876,28.255149],[-82.303221,28.255165],[-82.302816,28.255168],[-82.301775,28.255176],[-82.299678,28.255194],[-82.29939,28.255176],[-82.299167,28.255136],[-82.298959,28.255074],[-82.298778,28.25497],[-82.298502,28.25478],[-82.297223,28.256109],[-82.294928,28.258581],[-82.294612,28.25893],[-82.294468,28.259092],[-82.293959,28.259634],[-82.293817,28.259785],[-82.293292,28.260345],[-82.292487,28.261204],[-82.291698,28.262051],[-82.291,28.262797],[-82.29095,28.262851],[-82.290878,28.26293],[-82.289893,28.263986],[-82.289089,28.26485],[-82.287396,28.266767],[-82.287098,28.267104],[-82.286347,28.267973],[-82.286212,28.268128],[-82.285498,28.268956],[-82.285379,28.269091],[-82.284523,28.270075],[-82.283872,28.270826],[-82.281208,28.273936],[-82.280973,28.274241],[-82.280793,28.27452],[-82.280765,28.274578],[-82.280655,28.274814],[-82.280521,28.275147],[-82.280419,28.275519],[-82.279915,28.277127],[-82.279887,28.277217],[-82.278849,28.280685],[-82.27882,28.280801],[-82.278795,28.280923],[-82.278739,28.281216],[-82.278734,28.281246],[-82.278688,28.281578],[-82.278661,28.282017],[-82.278658,28.282109],[-82.278655,28.282289],[-82.278655,28.282409],[-82.278649,28.284314],[-82.278647,28.285045],[-82.27865,28.287987],[-82.27865,28.288247],[-82.278656,28.289766],[-82.278657,28.290029],[-82.278671,28.291934],[-82.278671,28.292464],[-82.278672,28.294057],[-82.278673,28.294588],[-82.27867,28.294934],[-82.278662,28.295975],[-82.27866,28.296322],[-82.278663,28.29712],[-82.278674,28.299516],[-82.278678,28.300315],[-82.278677,28.300414],[-82.278677,28.300713],[-82.278677,28.300813],[-82.278676,28.301207],[-82.278675,28.302392],[-82.278675,28.302787],[-82.278663,28.3046],[-82.278629,28.31004],[-82.278623,28.311037],[-82.278614,28.311308],[-82.278593,28.311497],[-82.278541,28.311672],[-82.27848,28.311818],[-82.278474,28.311832],[-82.278383,28.311984],[-82.278335,28.31205],[-82.278251,28.312166],[-82.278036,28.312351],[-82.277856,28.312497],[-82.277753,28.312554],[-82.27765,28.312612],[-82.277519,28.312662],[-82.277393,28.31271],[-82.277082,28.312769],[-82.27689,28.312772],[-82.276607,28.312777],[-82.274961,28.312782],[-82.274318,28.312785],[-82.274314,28.315147],[-82.274303,28.322233],[-82.2743,28.324596],[-82.273463,28.324595],[-82.270955,28.324592],[-82.270119,28.324592],[-82.267657,28.324589],[-82.26635,28.324588],[-82.262623,28.324623],[-82.261028,28.324642],[-82.260272,28.324642],[-82.260244,28.324642],[-82.259318,28.324623],[-82.259222,28.324634],[-82.259132,28.324655],[-82.259015,28.324718],[-82.258944,28.324757],[-82.25871,28.324946],[-82.25868,28.32497],[-82.258482,28.325197],[-82.258284,28.325482],[-82.258228,28.325584],[-82.258225,28.325598],[-82.257961,28.325598],[-82.257959,28.325579],[-82.257583,28.325574],[-82.255651,28.325546],[-82.255007,28.325537],[-82.254711,28.325533],[-82.254148,28.325524],[-82.254044,28.325501],[-82.25397,28.325454],[-82.253922,28.325399],[-82.253892,28.325326],[-82.253886,28.325223],[-82.253896,28.324967],[-82.253899,28.324904],[-82.253896,28.32482],[-82.253879,28.324757],[-82.253867,28.324736],[-82.253852,28.324709],[-82.253809,28.324666],[-82.253744,28.324644],[-82.253671,28.324636],[-82.252885,28.324644],[-82.249442,28.324679],[-82.244425,28.324731],[-82.241606,28.324761],[-82.241522,28.324797],[-82.24144,28.324871],[-82.241377,28.324985],[-82.241338,28.325152],[-82.241333,28.325415],[-82.241324,28.325859],[-82.241295,28.327418],[-82.24129,28.327717],[-82.241276,28.328485],[-82.241153,28.328518],[-82.241033,28.328527],[-82.240458,28.328528],[-82.23845,28.328535],[-82.237991,28.328524],[-82.237169,28.328506],[-82.237167,28.329221],[-82.23716,28.331367],[-82.237159,28.331805],[-82.237159,28.332083],[-82.237133,28.332083],[-82.237055,28.332083],[-82.23703,28.332083],[-82.236883,28.332083],[-82.236568,28.332083],[-82.236442,28.332083],[-82.236295,28.332083],[-82.235018,28.332083],[-82.234578,28.332083],[-82.231188,28.332083],[-82.229912,28.332083],[-82.228868,28.332082],[-82.227624,28.332082],[-82.226615,28.332077],[-82.225817,28.332086],[-82.225738,28.33208],[-82.2255,28.332062],[-82.225251,28.332011],[-82.225007,28.331951],[-82.224729,28.331843],[-82.224725,28.332132],[-82.224724,28.332264],[-82.224722,28.33353],[-82.224722,28.333952],[-82.223896,28.333958],[-82.221764,28.333975],[-82.221418,28.333969],[-82.220593,28.333958],[-82.220296,28.333954],[-82.219619,28.333967],[-82.219419,28.333972],[-82.21853,28.333995],[-82.216889,28.333988],[-82.215726,28.333985],[-82.215725,28.333652],[-82.215726,28.332739],[-82.215729,28.332701],[-82.215734,28.33266],[-82.215758,28.332611],[-82.215801,28.332568],[-82.215853,28.332542],[-82.215955,28.332539],[-82.215953,28.331715],[-82.215952,28.330893],[-82.215959,28.329246],[-82.215963,28.328424],[-82.215757,28.328425],[-82.215139,28.328429],[-82.214934,28.328431],[-82.21462,28.32843],[-82.213679,28.328429],[-82.213366,28.328429],[-82.212006,28.328427],[-82.211822,28.328427],[-82.207926,28.328431],[-82.206567,28.328433],[-82.20629,28.328435],[-82.205461,28.328444],[-82.205185,28.328447],[-82.204973,28.328446],[-82.204339,28.328443],[-82.204128,28.328443],[-82.203498,28.328443],[-82.201611,28.328447],[-82.200983,28.328448],[-82.200355,28.328448],[-82.198474,28.328448],[-82.197847,28.328449],[-82.197134,28.328449],[-82.196825,28.328449],[-82.194999,28.32845],[-82.194287,28.328451],[-82.194213,28.32845],[-82.193992,28.32845],[-82.193919,28.32845],[-82.193828,28.328449],[-82.193557,28.328449],[-82.193467,28.328449],[-82.193416,28.328448],[-82.193332,28.328448],[-82.193263,28.328448],[-82.193212,28.328448],[-82.193055,28.328447],[-82.192584,28.328446],[-82.192427,28.328446],[-82.192193,28.328445],[-82.191899,28.328444],[-82.191898,28.328353],[-82.191897,28.327337],[-82.192947,28.327338],[-82.193188,28.327338],[-82.193172,28.326564],[-82.190037,28.326565],[-82.189924,28.326565],[-82.189924,28.326733],[-82.189922,28.326774],[-82.189844,28.326774],[-82.189728,28.326774],[-82.189534,28.326774],[-82.189511,28.326561],[-82.188869,28.32656],[-82.187821,28.326557],[-82.187658,28.326557],[-82.187658,28.326542],[-82.187658,28.326428],[-82.187661,28.326088],[-82.187662,28.325975],[-82.187663,28.325741],[-82.187669,28.325039],[-82.187671,28.324806],[-82.187671,28.324734],[-82.187673,28.324518],[-82.187674,28.324447],[-82.18763,28.324409],[-82.187501,28.324295],[-82.187458,28.324258],[-82.187459,28.324281],[-82.187465,28.32435],[-82.187467,28.324373],[-82.187473,28.324459],[-82.187491,28.324717],[-82.187497,28.324804],[-82.187291,28.324788],[-82.187251,28.324788],[-82.187061,28.324788],[-82.186631,28.324788],[-82.185605,28.324793],[-82.183552,28.324794],[-82.183542,28.328296],[-82.183544,28.328424],[-82.182576,28.32842],[-82.182321,28.32842],[-82.181415,28.328415],[-82.179673,28.328408],[-82.179431,28.328407],[-82.178886,28.328404],[-82.178706,28.328404],[-82.177333,28.328398],[-82.175957,28.328398],[-82.17529,28.328395],[-82.17459,28.328392],[-82.171198,28.328379],[-82.17112,28.328379],[-82.168755,28.328384],[-82.167697,28.328381],[-82.164525,28.328374],[-82.163779,28.328373],[-82.163521,28.32837],[-82.163468,28.328377],[-82.163373,28.328326],[-82.163089,28.328174],[-82.162995,28.328124],[-82.162824,28.327852],[-82.162624,28.327491],[-82.161751,28.325909],[-82.161564,28.325564],[-82.161216,28.32492],[-82.161292,28.324885],[-82.161331,28.324868],[-82.161411,28.324854],[-82.161484,28.324855],[-82.161538,28.324867],[-82.16162,28.324887],[-82.161601,28.324717],[-82.161545,28.324207],[-82.161527,28.324038],[-82.161554,28.323996],[-82.161555,28.323934],[-82.161542,28.32366],[-82.161564,28.323604],[-82.161596,28.32356],[-82.161642,28.323535],[-82.161807,28.323524],[-82.161879,28.323523],[-82.162824,28.323516],[-82.16293,28.323504],[-82.163039,28.323465],[-82.163192,28.323403],[-82.163314,28.323398],[-82.163739,28.323409],[-82.164231,28.323401],[-82.164955,28.32339],[-82.165021,28.323381],[-82.165011,28.322974],[-82.164997,28.322303],[-82.165002,28.321753],[-82.165006,28.321346],[-82.165008,28.321153],[-82.165019,28.321109],[-82.163023,28.321101],[-82.163004,28.321077],[-82.162988,28.321041],[-82.162992,28.320376],[-82.162996,28.319719],[-82.162978,28.317492],[-82.162171,28.317491],[-82.159689,28.317497],[-82.158862,28.317497],[-82.158513,28.317493],[-82.157466,28.317479],[-82.157353,28.317479],[-82.157237,28.317481],[-82.157118,28.317489],[-82.157013,28.3173],[-82.15683,28.317013],[-82.156633,28.316746],[-82.156188,28.316274],[-82.155965,28.316075],[-82.155853,28.315975],[-82.155397,28.315615],[-82.154758,28.315161],[-82.1547,28.31512],[-82.153187,28.313992],[-82.152801,28.313708],[-82.151633,28.312851],[-82.15155,28.312787],[-82.151185,28.312508],[-82.150785,28.312147],[-82.150538,28.3119],[-82.150268,28.311597],[-82.150216,28.311535],[-82.150008,28.311286],[-82.149764,28.310962],[-82.149535,28.31062],[-82.149458,28.310487],[-82.149296,28.310208],[-82.1491,28.309797],[-82.148925,28.309376],[-82.148757,28.308886],[-82.148735,28.308804],[-82.148614,28.308352],[-82.148409,28.307203],[-82.147925,28.304338],[-82.147674,28.302846],[-82.147553,28.302093],[-82.147192,28.299834],[-82.147072,28.299082],[-82.146985,28.299033],[-82.146723,28.298887],[-82.146637,28.298839],[-82.145039,28.297945],[-82.140245,28.295265],[-82.138648,28.294372],[-82.137905,28.293958],[-82.135678,28.292716],[-82.13519,28.292443],[-82.134936,28.292302],[-82.134686,28.292163],[-82.131231,28.290235],[-82.129968,28.28953],[-82.124839,28.286669],[-82.12438,28.286413],[-82.120121,28.284034],[-82.118359,28.283049],[-82.116418,28.281966],[-82.114138,28.280693],[-82.111086,28.278988],[-82.101822,28.273816],[-82.10122,28.273481],[-82.095087,28.270062],[-82.090656,28.267591],[-82.089754,28.267089],[-82.089272,28.26682],[-82.087827,28.266015],[-82.087346,28.265747],[-82.083413,28.263554],[-82.076149,28.259505],[-82.075588,28.259196],[-82.073635,28.25921],[-82.072582,28.259187],[-82.072434,28.259184],[-82.071571,28.25918],[-82.07076,28.259177],[-82.065371,28.259156],[-82.065195,28.259154],[-82.065017,28.259153],[-82.063851,28.259151],[-82.06257,28.259125],[-82.057579,28.259023],[-82.055764,28.25894],[-82.055531,28.258928],[-82.055531,28.25896],[-82.055528,28.259635],[-82.055528,28.259889],[-82.055529,28.260044],[-82.055529,28.2602],[-82.055512,28.265638],[-82.055513,28.266244],[-82.055505,28.266995],[-82.05551,28.267823],[-82.055501,28.268676],[-82.055504,28.270499],[-82.055491,28.274958],[-82.055496,28.275968],[-82.055502,28.282192],[-82.055502,28.282297],[-82.055504,28.284453],[-82.055508,28.28539],[-82.055503,28.286617],[-82.055503,28.29199],[-82.055502,28.292064],[-82.055502,28.293623],[-82.055501,28.293645],[-82.055501,28.294603],[-82.055501,28.294644],[-82.055501,28.295038],[-82.055516,28.295683],[-82.055549,28.296327],[-82.055573,28.296625],[-82.055574,28.296638],[-82.055644,28.297492],[-82.055739,28.298574],[-82.055818,28.299628],[-82.055847,28.300492],[-82.05585,28.300808],[-82.055851,28.300895],[-82.055855,28.301355],[-82.055854,28.301944],[-82.055854,28.302009],[-82.055853,28.302123],[-82.055847,28.302768],[-82.055846,28.302879],[-82.055838,28.303794],[-82.055836,28.305732],[-82.055809,28.311773],[-82.05581,28.311874],[-82.055811,28.31198],[-82.055819,28.312794],[-82.055787,28.313096],[-82.055775,28.315895],[-82.055754,28.32056],[-82.055742,28.321855],[-82.055709,28.325823],[-82.055658,28.328234],[-82.055552,28.333283],[-82.055531,28.339735],[-82.055513,28.345696],[-82.055509,28.345898],[-82.055498,28.346508],[-82.055495,28.346711],[-82.055474,28.352116],[-82.055418,28.368332],[-82.055399,28.373705],[-82.0554,28.37374],[-82.055389,28.374043],[-82.055359,28.37496],[-82.055351,28.375266],[-82.055337,28.379553],[-82.055305,28.390609],[-82.0553,28.39242],[-82.05529,28.39671],[-82.055269,28.398594],[-82.055212,28.404247],[-82.055194,28.406134],[-82.05519,28.406721],[-82.055179,28.408483],[-82.055176,28.409071],[-82.055181,28.409321],[-82.055196,28.409964],[-82.055198,28.410071],[-82.055202,28.410264],[-82.0552,28.410322],[-82.05519,28.410568],[-82.055165,28.411309],[-82.055158,28.411556],[-82.055149,28.41257],[-82.055148,28.412756],[-82.055139,28.413957],[-82.055128,28.415292],[-82.055125,28.415612],[-82.055117,28.416627],[-82.055114,28.416988],[-82.05511,28.417531],[-82.055105,28.418072],[-82.055103,28.418434],[-82.055091,28.419827],[-82.05509,28.420035],[-82.05505,28.42484],[-82.055038,28.426442],[-82.055036,28.426639],[-82.055031,28.427231],[-82.05503,28.427429],[-82.055012,28.430368],[-82.054989,28.434241],[-82.054963,28.439188],[-82.05495,28.44197],[-82.054948,28.442127],[-82.054935,28.443672],[-82.054899,28.448311],[-82.054894,28.449048],[-82.05489,28.449858],[-82.054876,28.451616],[-82.054841,28.456893],[-82.05483,28.458654],[-82.05483,28.45868],[-82.0547,28.47462],[-82.054694,28.478397],[-82.05465,28.48128],[-82.054626,28.486479],[-82.05467,28.490276],[-82.054663,28.498554],[-82.054642,28.500278],[-82.054619,28.501777],[-82.054535,28.505719],[-82.054504,28.509157],[-82.054508,28.512275],[-82.0545,28.513445],[-82.054491,28.515006],[-82.054469,28.521367],[-82.054588,28.521509],[-82.054899,28.521856],[-82.054945,28.521903],[-82.055223,28.522186],[-82.055491,28.522488],[-82.056245,28.523391],[-82.05683,28.524012],[-82.057086,28.524266],[-82.057298,28.524458],[-82.057634,28.524733],[-82.05797,28.525047],[-82.058382,28.525388],[-82.0586,28.525531],[-82.058886,28.525768],[-82.05916,28.52596],[-82.059409,28.52612],[-82.05974,28.526312],[-82.059908,28.526389],[-82.060145,28.526516],[-82.060531,28.526697],[-82.060923,28.526863],[-82.061297,28.527055],[-82.061671,28.527215],[-82.061827,28.527369],[-82.061995,28.527572],[-82.062076,28.527715],[-82.062157,28.527814],[-82.062394,28.527963],[-82.062742,28.528205],[-82.063048,28.528403],[-82.063278,28.528585],[-82.06344,28.528761],[-82.063652,28.528926],[-82.063951,28.52914],[-82.064418,28.529448],[-82.064593,28.529586],[-82.064898,28.52979],[-82.065178,28.530015],[-82.065477,28.530191],[-82.065901,28.530477],[-82.066555,28.530862],[-82.067159,28.531176],[-82.067783,28.531435],[-82.068194,28.531566],[-82.068499,28.531633],[-82.069452,28.531754],[-82.070063,28.531875],[-82.070343,28.531919],[-82.070723,28.531913],[-82.070923,28.531891],[-82.071234,28.531825],[-82.0721,28.531605],[-82.072517,28.531478],[-82.072785,28.531379],[-82.072935,28.531297],[-82.073408,28.531109],[-82.073763,28.530928],[-82.074156,28.530763],[-82.07443,28.530625],[-82.074679,28.530488],[-82.074922,28.530378],[-82.075196,28.53024],[-82.075495,28.530113],[-82.0758,28.529965],[-82.076149,28.529811],[-82.076511,28.529706],[-82.077302,28.529525],[-82.077837,28.529354],[-82.078037,28.529282],[-82.078354,28.529227],[-82.078548,28.529183],[-82.078797,28.529073],[-82.079332,28.528804],[-82.079569,28.528699],[-82.08008,28.528341],[-82.080416,28.52816],[-82.080565,28.528081],[-82.081128,28.528099],[-82.081713,28.528257],[-82.081795,28.528259],[-82.082053,28.528265],[-82.082354,28.528211],[-82.082815,28.528181],[-82.082927,28.52817],[-82.083033,28.528186],[-82.083182,28.528209],[-82.08327,28.52822],[-82.083463,28.528214],[-82.083594,28.528181],[-82.083949,28.528022],[-82.084235,28.527961],[-82.08459,28.527873],[-82.085001,28.527752],[-82.085244,28.527642],[-82.085425,28.527499],[-82.085631,28.52729],[-82.085824,28.527053],[-82.085929,28.526684],[-82.086016,28.52631],[-82.086066,28.525953],[-82.086153,28.525639],[-82.086191,28.525446],[-82.086303,28.525204],[-82.086477,28.524962],[-82.086695,28.524748],[-82.086876,28.524615],[-82.086908,28.5246],[-82.0871,28.524511],[-82.087542,28.524395],[-82.088502,28.524224],[-82.089361,28.524043],[-82.089561,28.523971],[-82.089953,28.52379],[-82.090327,28.523597],[-82.0909,28.523399],[-82.091342,28.523305],[-82.091921,28.52325],[-82.092258,28.523255],[-82.092837,28.523294],[-82.093597,28.523371],[-82.094463,28.523508],[-82.09498,28.523618],[-82.095447,28.523838],[-82.09637,28.524492],[-82.096614,28.524738],[-82.096825,28.524949],[-82.097142,28.525356],[-82.097392,28.525961],[-82.097566,28.526599],[-82.097916,28.527677],[-82.098464,28.528888],[-82.098882,28.529498],[-82.099212,28.529889],[-82.099536,28.530197],[-82.099842,28.530521],[-82.100153,28.530824],[-82.100658,28.53122],[-82.101269,28.531621],[-82.101661,28.531825],[-82.10213,28.532159],[-82.103244,28.532952],[-82.103593,28.53337],[-82.104017,28.53392],[-82.104372,28.534305],[-82.104665,28.53469],[-82.104884,28.535152],[-82.105058,28.5354],[-82.105314,28.535961],[-82.105455,28.53632],[-82.105476,28.536374],[-82.105613,28.53688],[-82.105707,28.537281],[-82.105813,28.53765],[-82.106268,28.538679],[-82.10643,28.539113],[-82.106536,28.53946],[-82.106699,28.539889],[-82.106948,28.540455],[-82.107185,28.540896],[-82.107515,28.541391],[-82.107802,28.541842],[-82.108095,28.542254],[-82.108407,28.54259],[-82.108525,28.542865],[-82.108987,28.543409],[-82.109186,28.543662],[-82.109423,28.543838],[-82.110046,28.544102],[-82.110376,28.544168],[-82.110496,28.544146],[-82.110582,28.544129],[-82.110813,28.544036],[-82.111056,28.543893],[-82.111236,28.543876],[-82.111442,28.543882],[-82.111747,28.544068],[-82.111953,28.544118],[-82.11219,28.544063],[-82.112295,28.543964],[-82.112401,28.543744],[-82.112526,28.543595],[-82.112694,28.543523],[-82.1129,28.543463],[-82.11328,28.54338],[-82.113554,28.543347],[-82.113766,28.54327],[-82.113909,28.543127],[-82.114027,28.542929],[-82.114145,28.542846],[-82.114357,28.542797],[-82.114386,28.542794],[-82.114594,28.542769],[-82.114694,28.542752],[-82.114787,28.542689],[-82.114874,28.542631],[-82.114943,28.542598],[-82.115061,28.542543],[-82.115204,28.542422],[-82.115317,28.542252],[-82.115466,28.541894],[-82.115572,28.54174],[-82.11574,28.541575],[-82.115908,28.541388],[-82.116213,28.541118],[-82.116262,28.541068],[-82.116419,28.540909],[-82.116593,28.540788],[-82.116873,28.540694],[-82.117297,28.540644],[-82.118387,28.540594],[-82.118661,28.540611],[-82.119073,28.540726],[-82.11959,28.540946],[-82.120207,28.541182],[-82.12169,28.541781],[-82.122263,28.542111],[-82.12336,28.542672],[-82.123797,28.542864],[-82.124058,28.542979],[-82.124707,28.543353],[-82.125001,28.543636],[-82.1251,28.543729],[-82.125237,28.543817],[-82.125436,28.544021],[-82.125916,28.544302],[-82.126296,28.544588],[-82.126564,28.544671],[-82.126987,28.544748],[-82.127411,28.544803],[-82.127679,28.544847],[-82.127841,28.54493],[-82.127953,28.544924],[-82.128028,28.54487],[-82.128196,28.544842],[-82.12847,28.544859],[-82.128639,28.544941],[-82.12885,28.54515],[-82.129037,28.54531],[-82.129081,28.545426],[-82.129367,28.545783],[-82.129548,28.546026],[-82.129616,28.546136],[-82.129797,28.54629],[-82.129946,28.546339],[-82.13022,28.546372],[-82.130688,28.546384],[-82.130769,28.546417],[-82.130837,28.546582],[-82.130806,28.546642],[-82.130806,28.54673],[-82.130874,28.546939],[-82.131111,28.547248],[-82.131204,28.547638],[-82.131378,28.547968],[-82.131509,28.548244],[-82.131609,28.548557],[-82.131609,28.548711],[-82.131714,28.549173],[-82.131752,28.549388],[-82.131808,28.54952],[-82.131857,28.549729],[-82.131957,28.549872],[-82.131969,28.549916],[-82.131994,28.550098],[-82.131982,28.550224],[-82.131957,28.550384],[-82.131919,28.550516],[-82.131901,28.550642],[-82.131869,28.550758],[-82.131882,28.550995],[-82.131987,28.551319],[-82.132081,28.55138],[-82.132237,28.551578],[-82.132747,28.551925],[-82.133053,28.552167],[-82.133189,28.55242],[-82.13327,28.55308],[-82.13337,28.553388],[-82.133575,28.553796],[-82.1337,28.553961],[-82.133787,28.554175],[-82.133936,28.55439],[-82.134179,28.554654],[-82.134353,28.554808],[-82.134522,28.554984],[-82.134958,28.555562],[-82.135063,28.555755],[-82.135132,28.555986],[-82.135331,28.556311],[-82.135387,28.556624],[-82.135337,28.556987],[-82.135225,28.557284],[-82.135094,28.557559],[-82.135056,28.557829],[-82.135274,28.558264],[-82.135392,28.558418],[-82.135473,28.558539],[-82.135772,28.558869],[-82.135785,28.559106],[-82.135791,28.559188],[-82.13571,28.559502],[-82.135585,28.559749],[-82.135498,28.560024],[-82.135479,28.560239],[-82.135553,28.560454],[-82.135634,28.560751],[-82.135827,28.561185],[-82.136058,28.561538],[-82.136419,28.562181],[-82.136705,28.562435],[-82.136961,28.562627],[-82.137297,28.562787],[-82.137665,28.562936],[-82.137833,28.563084],[-82.138007,28.563304],[-82.138163,28.563535],[-82.138207,28.563756],[-82.138169,28.564047],[-82.138069,28.564212],[-82.13787,28.564377],[-82.137577,28.564537],[-82.137446,28.564729],[-82.137458,28.564894],[-82.137489,28.565059],[-82.137633,28.565252],[-82.137826,28.5654],[-82.138025,28.565516],[-82.138312,28.565577],[-82.138773,28.565654],[-82.139359,28.565709],[-82.140343,28.565841],[-82.140817,28.565886],[-82.141291,28.565913],[-82.141808,28.565897],[-82.142649,28.565914],[-82.143191,28.565914],[-82.143615,28.565919],[-82.143914,28.565991],[-82.144126,28.566096],[-82.144245,28.566209],[-82.144288,28.56625],[-82.144313,28.566299],[-82.144388,28.566437],[-82.144512,28.566707],[-82.144606,28.566971],[-82.144761,28.56718],[-82.144936,28.567312],[-82.144973,28.56746],[-82.145073,28.567647],[-82.145135,28.567791],[-82.145235,28.567857],[-82.145646,28.568005],[-82.145864,28.568093],[-82.146045,28.568231],[-82.146119,28.568363],[-82.146126,28.568528],[-82.14615,28.568748],[-82.146194,28.568919],[-82.146306,28.569018],[-82.146431,28.569001],[-82.146599,28.568941],[-82.146736,28.56893],[-82.147116,28.569079],[-82.147309,28.569183],[-82.147453,28.569315],[-82.147511,28.569358],[-82.147876,28.569623],[-82.147957,28.569695],[-82.148599,28.570069],[-82.148842,28.570201],[-82.149085,28.570256],[-82.149159,28.570376],[-82.149297,28.570647],[-82.14939,28.570878],[-82.149521,28.570983],[-82.149911,28.571152],[-82.149939,28.571164],[-82.1502,28.57123],[-82.150362,28.571258],[-82.150568,28.57122],[-82.150755,28.571121],[-82.151298,28.570747],[-82.151566,28.570593],[-82.15174,28.570554],[-82.152008,28.570747],[-82.152151,28.570873],[-82.152382,28.571171],[-82.15283,28.571677],[-82.153067,28.571886],[-82.153098,28.571902],[-82.153266,28.572007],[-82.153497,28.572057],[-82.15374,28.572057],[-82.153925,28.572009],[-82.154033,28.571936],[-82.154145,28.571837],[-82.154208,28.571826],[-82.154251,28.571881],[-82.154289,28.571963],[-82.15432,28.572],[-82.154556,28.572282],[-82.154961,28.572602],[-82.155136,28.572706],[-82.155316,28.572738],[-82.155338,28.572742],[-82.155416,28.572756],[-82.155572,28.5728],[-82.155753,28.572888],[-82.15589,28.57302],[-82.155934,28.573075],[-82.156052,28.57324],[-82.156164,28.57335],[-82.156289,28.573339],[-82.156401,28.573229],[-82.156526,28.573053],[-82.1567,28.572778],[-82.156931,28.57253],[-82.157168,28.572332],[-82.157311,28.572244],[-82.157517,28.572228],[-82.157835,28.57214],[-82.158028,28.571981],[-82.158134,28.571804],[-82.158178,28.571518],[-82.158109,28.571238],[-82.157978,28.570968],[-82.157798,28.570711],[-82.157542,28.570346],[-82.157486,28.570148],[-82.157517,28.570055],[-82.157561,28.569922],[-82.157692,28.569734],[-82.157736,28.56967],[-82.157997,28.569472],[-82.158203,28.569384],[-82.158471,28.569318],[-82.158714,28.569329],[-82.158914,28.569351],[-82.159231,28.569461],[-82.159462,28.569505],[-82.159724,28.569483],[-82.159967,28.569401],[-82.160163,28.569314],[-82.160204,28.569296],[-82.160347,28.569208],[-82.160521,28.569126],[-82.16064,28.569082],[-82.160796,28.569071],[-82.160895,28.569021],[-82.161064,28.568819],[-82.161095,28.568708],[-82.161138,28.568633],[-82.161164,28.568588],[-82.161319,28.568499],[-82.161463,28.568471],[-82.161606,28.568499],[-82.161799,28.568576],[-82.162017,28.568647],[-82.16212,28.568667],[-82.162242,28.568691],[-82.162379,28.568696],[-82.162485,28.568532],[-82.162547,28.568416],[-82.162522,28.568317],[-82.162516,28.568284],[-82.162391,28.568114],[-82.162391,28.567965],[-82.162516,28.567789],[-82.162728,28.56753],[-82.162865,28.567365],[-82.163033,28.567118],[-82.163102,28.566958],[-82.163058,28.566645],[-82.163108,28.566568],[-82.163214,28.566562],[-82.163376,28.566529],[-82.163489,28.566436],[-82.163582,28.56626],[-82.163763,28.56599],[-82.1639,28.56582],[-82.163987,28.565798],[-82.164037,28.565842],[-82.164155,28.566018],[-82.16423,28.56604],[-82.16433,28.565996],[-82.164349,28.565754],[-82.164386,28.565589],[-82.164367,28.565391],[-82.164293,28.565253],[-82.164299,28.565104],[-82.164399,28.565072],[-82.164561,28.565071],[-82.164735,28.565116],[-82.164878,28.565072],[-82.165016,28.564934],[-82.165084,28.564758],[-82.165096,28.564714],[-82.165115,28.564648],[-82.165122,28.564312],[-82.165153,28.564109],[-82.165246,28.563944],[-82.16539,28.563911],[-82.165545,28.563955],[-82.16558,28.56397],[-82.165882,28.564103],[-82.166007,28.56412],[-82.166138,28.564032],[-82.166169,28.563894],[-82.166138,28.563762],[-82.166163,28.563685],[-82.166268,28.563663],[-82.166368,28.563707],[-82.166412,28.563806],[-82.166492,28.563882],[-82.16658,28.563888],[-82.166673,28.56386],[-82.166779,28.563893],[-82.166835,28.563981],[-82.166754,28.564048],[-82.166655,28.564108],[-82.166536,28.564241],[-82.16653,28.56434],[-82.166605,28.564417],[-82.166761,28.564467],[-82.166871,28.56451],[-82.16701,28.564565],[-82.167122,28.564642],[-82.167153,28.564757],[-82.167159,28.564867],[-82.167259,28.564983],[-82.167396,28.565038],[-82.167527,28.565049],[-82.167633,28.565082],[-82.167689,28.565236],[-82.16777,28.565665],[-82.167708,28.565808],[-82.167689,28.565973],[-82.167683,28.566145],[-82.167732,28.56626],[-82.16779,28.566333],[-82.167832,28.566386],[-82.167938,28.566468],[-82.168032,28.566567],[-82.168094,28.566672],[-82.168137,28.566788],[-82.168169,28.566914],[-82.168206,28.566997],[-82.168287,28.56703],[-82.168405,28.567013],[-82.168511,28.56692],[-82.168636,28.566777],[-82.168742,28.566716],[-82.168829,28.566744],[-82.168954,28.566848],[-82.169103,28.566903],[-82.169284,28.566826],[-82.169365,28.566733],[-82.169465,28.56659],[-82.169496,28.566529],[-82.169602,28.566496],[-82.169671,28.56654],[-82.169702,28.566601],[-82.169826,28.5667],[-82.169901,28.566711],[-82.169932,28.566678],[-82.170007,28.566441],[-82.170069,28.566304],[-82.17015,28.56621],[-82.170325,28.566111],[-82.170512,28.566067],[-82.170624,28.56615],[-82.170724,28.566287],[-82.17083,28.566403],[-82.170967,28.566447],[-82.171172,28.566474],[-82.171384,28.56643],[-82.171577,28.566359],[-82.171789,28.566199],[-82.172014,28.565859],[-82.17212,28.565787],[-82.172213,28.565832],[-82.172276,28.56592],[-82.172276,28.566024],[-82.172288,28.566123],[-82.172381,28.56625],[-82.172475,28.566266],[-82.1726,28.566261],[-82.17273,28.566189],[-82.172812,28.566107],[-82.172942,28.566068],[-82.173067,28.566118],[-82.173142,28.566217],[-82.17316,28.566354],[-82.173129,28.566564],[-82.172982,28.566758],[-82.172956,28.566929],[-82.172982,28.567042],[-82.173039,28.567089],[-82.173091,28.567109],[-82.173148,28.567104],[-82.17323,28.567053],[-82.173359,28.567022],[-82.1737,28.567022],[-82.173886,28.567053],[-82.174072,28.567073],[-82.17415,28.567063],[-82.174206,28.567037],[-82.174253,28.566996],[-82.174279,28.566929],[-82.174279,28.566841],[-82.174284,28.566784],[-82.174325,28.566763],[-82.174432,28.566773],[-82.174573,28.566794],[-82.174728,28.566856],[-82.174785,28.566934],[-82.174831,28.567022],[-82.174899,28.567125],[-82.175064,28.567228],[-82.175255,28.56727],[-82.175451,28.56728],[-82.175818,28.567347],[-82.175978,28.567399],[-82.176143,28.567523],[-82.176257,28.567672],[-82.17635,28.567771],[-82.176417,28.567833],[-82.176469,28.567848],[-82.176593,28.567848],[-82.176665,28.567796],[-82.176701,28.567667],[-82.176753,28.567569],[-82.17683,28.567517],[-82.176903,28.567517],[-82.177006,28.567574],[-82.177145,28.567678],[-82.177264,28.567781],[-82.177337,28.567864],[-82.177448,28.567956],[-82.177516,28.568016],[-82.177529,28.568115],[-82.177498,28.568176],[-82.177354,28.568335],[-82.177329,28.568412],[-82.177398,28.568445],[-82.177498,28.568467],[-82.177629,28.568478],[-82.177759,28.568473],[-82.17789,28.568445],[-82.17804,28.568368],[-82.178221,28.568324],[-82.178401,28.56833],[-82.178551,28.568379],[-82.178651,28.568495],[-82.178732,28.568638],[-82.178862,28.568732],[-82.1789,28.568781],[-82.178956,28.568814],[-82.179025,28.56882],[-82.179093,28.568798],[-82.179137,28.56877],[-82.179193,28.568715],[-82.179236,28.568643],[-82.179336,28.568594],[-82.179411,28.568578],[-82.179461,28.56861],[-82.179498,28.568682],[-82.179542,28.568836],[-82.179579,28.568869],[-82.179673,28.568847],[-82.179679,28.568814],[-82.179716,28.568743],[-82.179785,28.568704],[-82.179872,28.568704],[-82.179909,28.568715],[-82.18009,28.568897],[-82.180134,28.56892],[-82.180196,28.568952],[-82.180314,28.568968],[-82.180595,28.568919],[-82.180681,28.568818],[-82.180695,28.568802],[-82.180738,28.568725],[-82.180857,28.568604],[-82.181162,28.568412],[-82.181206,28.568367],[-82.181268,28.568263],[-82.18143,28.568037],[-82.181474,28.568015],[-82.181536,28.56801],[-82.18158,28.568032],[-82.181611,28.568092],[-82.181611,28.568175],[-82.181623,28.568252],[-82.181679,28.568274],[-82.181779,28.568279],[-82.18186,28.568268],[-82.181972,28.56818],[-82.182084,28.568131],[-82.182533,28.568037],[-82.182664,28.568076],[-82.18277,28.568136],[-82.183007,28.56818],[-82.183082,28.56818],[-82.183169,28.568197],[-82.183212,28.568246],[-82.183237,28.56834],[-82.183119,28.568643],[-82.183119,28.568703],[-82.18325,28.568857],[-82.183331,28.568902],[-82.183505,28.568891],[-82.183661,28.568791],[-82.183755,28.568758],[-82.183798,28.568819],[-82.183811,28.568974],[-82.183854,28.569078],[-82.184085,28.56921],[-82.184234,28.569309],[-82.184328,28.569441],[-82.184303,28.569667],[-82.184347,28.569837],[-82.184396,28.569865],[-82.184471,28.569876],[-82.184565,28.569876],[-82.184627,28.569904],[-82.18464,28.570008],[-82.184615,28.570151],[-82.184652,28.570212],[-82.184714,28.570239],[-82.184845,28.570267],[-82.18502,28.570267],[-82.185275,28.57025],[-82.185487,28.570201],[-82.185687,28.570025],[-82.185749,28.569832],[-82.185749,28.569595],[-82.185724,28.569375],[-82.18573,28.569298],[-82.185905,28.569172],[-82.186098,28.569089],[-82.186166,28.569034],[-82.186216,28.568968],[-82.186204,28.568864],[-82.186229,28.568791],[-82.186185,28.568709],[-82.186198,28.568604],[-82.186272,28.568549],[-82.186353,28.568549],[-82.186603,28.568582],[-82.186858,28.568709],[-82.187009,28.568835],[-82.187076,28.568891],[-82.18717,28.568946],[-82.187363,28.569001],[-82.187399,28.569017],[-82.187581,28.569095],[-82.187631,28.569216],[-82.187693,28.569282],[-82.187849,28.569271],[-82.187911,28.569293],[-82.187986,28.569364],[-82.188048,28.569463],[-82.188055,28.569661],[-82.188005,28.569804],[-82.187874,28.569881],[-82.187681,28.569931],[-82.1875,28.569903],[-82.187332,28.569936],[-82.187257,28.57004],[-82.187319,28.57015],[-82.187394,28.570403],[-82.187226,28.570794],[-82.187026,28.571795],[-82.186958,28.572417],[-82.186995,28.572653],[-82.187027,28.572697],[-82.187145,28.57284],[-82.187319,28.572829],[-82.187475,28.572796],[-82.187637,28.572708],[-82.187737,28.572774],[-82.187662,28.573088],[-82.187749,28.573137],[-82.187874,28.573104],[-82.188024,28.573082],[-82.188242,28.572989],[-82.18831,28.572972],[-82.188385,28.573028],[-82.188373,28.573089],[-82.188279,28.57322],[-82.188329,28.573264],[-82.188416,28.573281],[-82.188697,28.573243],[-82.188915,28.573193],[-82.189058,28.573232],[-82.189133,28.573314],[-82.189177,28.573403],[-82.189226,28.573612],[-82.189381,28.573656],[-82.189738,28.57359],[-82.18985,28.573501],[-82.189906,28.573325],[-82.190012,28.573089],[-82.19008,28.572962],[-82.190255,28.572858],[-82.190342,28.572885],[-82.190417,28.572929],[-82.190454,28.573028],[-82.190629,28.573281],[-82.190972,28.573556],[-82.191078,28.573672],[-82.191102,28.573859],[-82.191177,28.573975],[-82.191248,28.574012],[-82.191369,28.574074],[-82.19155,28.5742],[-82.191584,28.574241],[-82.191651,28.574321],[-82.191632,28.574514],[-82.191614,28.574563],[-82.191551,28.574596],[-82.191526,28.574701],[-82.191558,28.574849],[-82.19167,28.574932],[-82.191751,28.574932],[-82.191857,28.574915],[-82.191994,28.574822],[-82.192037,28.574728],[-82.192118,28.574613],[-82.192355,28.574227],[-82.192442,28.574045],[-82.192561,28.573907],[-82.192717,28.57383],[-82.192872,28.573803],[-82.193016,28.573886],[-82.193203,28.574117],[-82.193365,28.574161],[-82.193583,28.57416],[-82.193745,28.574183],[-82.193826,28.574287],[-82.193826,28.574408],[-82.193795,28.574524],[-82.193658,28.574755],[-82.193633,28.57487],[-82.193683,28.574947],[-82.193739,28.57498],[-82.193932,28.574925],[-82.194094,28.574837],[-82.194194,28.574843],[-82.194331,28.574909],[-82.194374,28.574958],[-82.194406,28.575019],[-82.194437,28.575123],[-82.194462,28.575278],[-82.194487,28.575306],[-82.194568,28.575317],[-82.194618,28.575283],[-82.194699,28.575255],[-82.194748,28.575255],[-82.194786,28.575266],[-82.194817,28.575283],[-82.194838,28.57536],[-82.194849,28.575398],[-82.194892,28.575453],[-82.194998,28.575497],[-82.195085,28.575514],[-82.195409,28.57547],[-82.195528,28.575464],[-82.195633,28.57547],[-82.195814,28.575503],[-82.196039,28.575558],[-82.196107,28.575508],[-82.196132,28.57547],[-82.196145,28.575371],[-82.196176,28.575272],[-82.196275,28.575266],[-82.196313,28.575294],[-82.196344,28.575365],[-82.196394,28.575563],[-82.196444,28.575657],[-82.196543,28.57569],[-82.196612,28.575684],[-82.197098,28.575508],[-82.197248,28.575354],[-82.197403,28.575156],[-82.197565,28.574974],[-82.19774,28.574831],[-82.197815,28.574578],[-82.197927,28.574474],[-82.198151,28.574386],[-82.198432,28.574188],[-82.198706,28.57367],[-82.19883,28.573303],[-82.198862,28.573116],[-82.198893,28.573022],[-82.198967,28.573011],[-82.199092,28.573028],[-82.199229,28.57311],[-82.199379,28.573149],[-82.199553,28.573175],[-82.199784,28.573115],[-82.199909,28.573065],[-82.200015,28.572956],[-82.200117,28.572812],[-82.200219,28.572668],[-82.200505,28.572664],[-82.200989,28.57244],[-82.201371,28.57233],[-82.20195,28.572226],[-82.202734,28.572167],[-82.204197,28.572254],[-82.20521,28.572259],[-82.205477,28.572228],[-82.206121,28.572178],[-82.206538,28.572122],[-82.207009,28.572045],[-82.206957,28.571943],[-82.20698,28.571906],[-82.207184,28.571936],[-82.207387,28.571967],[-82.207671,28.57201],[-82.207737,28.572012],[-82.207872,28.572016],[-82.208184,28.572054],[-82.209703,28.572775],[-82.211951,28.574055],[-82.212629,28.574548],[-82.212828,28.574693],[-82.213724,28.575363],[-82.215298,28.576908],[-82.2154,28.577058],[-82.215755,28.577581],[-82.216403,28.579029],[-82.216591,28.579309],[-82.21665,28.579397],[-82.216709,28.579485],[-82.21695,28.579843],[-82.217113,28.580087],[-82.21719,28.580203],[-82.217253,28.580305],[-82.217306,28.580389],[-82.21795,28.581348],[-82.218255,28.581691],[-82.218423,28.58186],[-82.218521,28.581918],[-82.218875,28.582124],[-82.219003,28.58226],[-82.219116,28.582381],[-82.219284,28.582654],[-82.219586,28.583491],[-82.220176,28.585275],[-82.220277,28.585582],[-82.220289,28.585617],[-82.220439,28.585931],[-82.220568,28.586099],[-82.220534,28.586213],[-82.220563,28.586414],[-82.220348,28.586764],[-82.220313,28.586885],[-82.220351,28.587079],[-82.2204,28.587183],[-82.220821,28.588068],[-82.220851,28.58815],[-82.220908,28.588309],[-82.220966,28.588468],[-82.221086,28.588801],[-82.221211,28.589308],[-82.221217,28.58985],[-82.221275,28.590124],[-82.221472,28.59055],[-82.222171,28.591529],[-82.222226,28.591635],[-82.222302,28.591778],[-82.222315,28.592174],[-82.222281,28.592401],[-82.222156,28.59262],[-82.221838,28.592857],[-82.221765,28.592964],[-82.221721,28.593028],[-82.22165,28.593239],[-82.221668,28.593364],[-82.22168,28.593448],[-82.221774,28.593633],[-82.221838,28.593697],[-82.22195,28.593809],[-82.222562,28.594206],[-82.223131,28.594574],[-82.22364,28.595021],[-82.224057,28.595446],[-82.224226,28.59565],[-82.224298,28.595786],[-82.224512,28.596424],[-82.224929,28.596945],[-82.225544,28.597357],[-82.226238,28.597677],[-82.226841,28.598031],[-82.227245,28.598248],[-82.227559,28.598432],[-82.227477,28.598615],[-82.227216,28.598686],[-82.226942,28.59878],[-82.226957,28.59909],[-82.227245,28.599169],[-82.227713,28.599041],[-82.228105,28.599167],[-82.228173,28.599523],[-82.227953,28.599719],[-82.227758,28.599939],[-82.227878,28.600215],[-82.228258,28.600524],[-82.228651,28.60074],[-82.229276,28.600658],[-82.229574,28.600311],[-82.229821,28.600092],[-82.230054,28.600091],[-82.230357,28.600297],[-82.230619,28.600538],[-82.230945,28.600548],[-82.231297,28.600535],[-82.231662,28.600545],[-82.232054,28.600531],[-82.232236,28.600497],[-82.232291,28.60033],[-82.232381,28.600208],[-82.232577,28.600207],[-82.232747,28.600265],[-82.233009,28.600506],[-82.233219,28.600844],[-82.233365,28.601068],[-82.233426,28.601367],[-82.233348,28.601529],[-82.233134,28.601691],[-82.232893,28.601922],[-82.23274,28.602221],[-82.232786,28.602849],[-82.233103,28.603411],[-82.233411,28.603744],[-82.233797,28.603915],[-82.234022,28.604284],[-82.23402,28.604478],[-82.23429,28.605046],[-82.234562,28.605619],[-82.234628,28.605847],[-82.234678,28.60625],[-82.234618,28.606574],[-82.234547,28.606735],[-82.234129,28.607031],[-82.234072,28.607159],[-82.234049,28.60721],[-82.234039,28.607315],[-82.234003,28.607823],[-82.234071,28.608276],[-82.234203,28.608662],[-82.234448,28.609],[-82.234511,28.609088],[-82.234681,28.609224],[-82.23476,28.609287],[-82.2349,28.609378],[-82.235542,28.609563],[-82.235882,28.609697],[-82.236261,28.609968],[-82.236659,28.610352],[-82.237107,28.611058],[-82.237463,28.61175],[-82.237607,28.611924],[-82.2379,28.612278],[-82.238188,28.612525],[-82.238815,28.612903],[-82.239786,28.613404],[-82.239988,28.613459],[-82.240198,28.613464],[-82.2406,28.613337],[-82.24073,28.613245],[-82.240752,28.613154],[-82.240773,28.613062],[-82.241134,28.612893],[-82.241548,28.612876],[-82.241931,28.612998],[-82.242237,28.613318],[-82.242162,28.61374],[-82.241769,28.614109],[-82.241601,28.614328],[-82.241564,28.614602],[-82.241776,28.615021],[-82.242025,28.61525],[-82.242968,28.61567],[-82.243322,28.615989],[-82.243406,28.616382],[-82.24333,28.616635],[-82.242793,28.616963],[-82.242598,28.617344],[-82.242472,28.617787],[-82.242455,28.618348],[-82.242685,28.618964],[-82.242902,28.619165],[-82.244045,28.619612],[-82.244467,28.61971],[-82.244545,28.619728],[-82.244915,28.619663],[-82.245079,28.619577],[-82.245326,28.619535],[-82.245454,28.61961],[-82.245761,28.619728],[-82.246125,28.619855],[-82.246338,28.620057],[-82.24647,28.620659],[-82.246618,28.620934],[-82.246795,28.621235],[-82.24687,28.621521],[-82.246984,28.622062],[-82.247114,28.62229],[-82.247255,28.622383],[-82.247356,28.622528],[-82.247318,28.623103],[-82.247283,28.623532],[-82.2472,28.623784],[-82.24706,28.62384],[-82.246937,28.62383],[-82.2468,28.623766],[-82.246689,28.623767],[-82.246603,28.623826],[-82.246461,28.624071],[-82.246299,28.624323],[-82.246047,28.624457],[-82.245897,28.624593],[-82.245803,28.624695],[-82.245782,28.624999],[-82.245806,28.625291],[-82.246271,28.62569],[-82.246284,28.625928],[-82.246146,28.626283],[-82.245977,28.626599],[-82.245948,28.62677],[-82.246069,28.626919],[-82.246281,28.626993],[-82.246534,28.626985],[-82.24686,28.627064],[-82.247058,28.627182],[-82.247187,28.627523],[-82.24729,28.627757],[-82.247337,28.628077],[-82.247397,28.628409],[-82.247579,28.628603],[-82.248194,28.628973],[-82.248083,28.629227],[-82.248124,28.629502],[-82.248293,28.629719],[-82.248409,28.629869],[-82.248705,28.630034],[-82.249173,28.630115],[-82.249459,28.630185],[-82.249764,28.630161],[-82.250001,28.63009],[-82.250228,28.630095],[-82.250455,28.630099],[-82.250679,28.629915],[-82.25089,28.629799],[-82.251069,28.629699],[-82.251657,28.629242],[-82.251933,28.629096],[-82.252117,28.629136],[-82.252324,28.629225],[-82.25324,28.62962],[-82.253397,28.629741],[-82.253481,28.629926],[-82.253558,28.630435],[-82.253697,28.630652],[-82.254741,28.631972],[-82.255373,28.632616],[-82.255451,28.632695],[-82.256131,28.632882],[-82.256546,28.633154],[-82.256784,28.633254],[-82.257011,28.633349],[-82.257761,28.633401],[-82.258375,28.633478],[-82.258651,28.633646],[-82.258901,28.634016],[-82.259472,28.634522],[-82.259968,28.634762],[-82.260155,28.635044],[-82.260697,28.636738],[-82.26074,28.636986],[-82.260768,28.637136],[-82.260795,28.637287],[-82.260724,28.63759],[-82.260615,28.637822],[-82.260383,28.638299],[-82.260122,28.638581],[-82.259852,28.638707],[-82.259682,28.639169],[-82.259622,28.639647],[-82.259652,28.639828],[-82.259718,28.640228],[-82.259934,28.640946],[-82.259947,28.641407],[-82.259927,28.641531],[-82.259912,28.641624],[-82.259901,28.641696],[-82.259886,28.641787],[-82.259659,28.642529],[-82.259636,28.642605],[-82.259446,28.642897],[-82.257802,28.64431],[-82.257537,28.644566],[-82.257508,28.644591],[-82.257165,28.644892],[-82.256884,28.645225],[-82.25675,28.645646],[-82.256761,28.645887],[-82.2568,28.646764],[-82.256839,28.647641],[-82.256854,28.648344],[-82.256792,28.648582],[-82.256811,28.64883],[-82.25684,28.648868],[-82.25695,28.648951],[-82.257102,28.648963],[-82.257365,28.648873],[-82.257535,28.648826],[-82.257887,28.64877],[-82.258091,28.648783],[-82.258217,28.648773],[-82.258277,28.648768],[-82.258339,28.648765],[-82.258459,28.648676],[-82.258497,28.648609],[-82.258471,28.64856],[-82.258406,28.648395],[-82.258341,28.648229],[-82.258388,28.647912],[-82.258448,28.647735],[-82.258511,28.64755],[-82.25871,28.647368],[-82.259064,28.647341],[-82.25919,28.647329],[-82.259642,28.647288],[-82.260231,28.647129],[-82.260565,28.647017],[-82.260858,28.64698],[-82.261333,28.647047],[-82.261718,28.647163],[-82.262051,28.647343],[-82.262156,28.647481],[-82.262261,28.64762],[-82.262434,28.647722],[-82.262774,28.647788],[-82.263112,28.647852],[-82.263629,28.647962],[-82.264145,28.648071],[-82.264794,28.648209],[-82.264997,28.648208],[-82.266394,28.64807],[-82.267007,28.648131],[-82.267301,28.648218],[-82.268302,28.648624],[-82.26851,28.648751],[-82.268854,28.64896],[-82.269198,28.649168],[-82.269211,28.649176],[-82.270069,28.649794],[-82.2705,28.650163],[-82.271469,28.651158],[-82.27283,28.65284],[-82.273605,28.653797],[-82.274096,28.654602],[-82.274823,28.656198],[-82.274873,28.656699],[-82.274849,28.657201],[-82.274722,28.658407],[-82.274713,28.658495],[-82.274621,28.658911],[-82.274603,28.658992],[-82.274585,28.659074],[-82.274467,28.659606],[-82.274325,28.660251],[-82.274006,28.660683],[-82.273698,28.660895],[-82.272507,28.661316],[-82.272383,28.66137],[-82.27224,28.66141],[-82.272011,28.661421],[-82.271511,28.661396],[-82.271364,28.661387],[-82.271218,28.661378],[-82.271196,28.661371],[-82.27099,28.661307],[-82.270765,28.661241],[-82.270667,28.661212],[-82.270378,28.66108],[-82.270157,28.660947],[-82.269987,28.660815],[-82.269232,28.660227],[-82.269019,28.660138],[-82.268833,28.660138],[-82.268383,28.660047],[-82.267688,28.660107],[-82.267641,28.660127],[-82.267479,28.660182],[-82.26728,28.660224],[-82.267235,28.660326],[-82.26719,28.660428],[-82.267136,28.66044],[-82.26682,28.660519],[-82.266537,28.660712],[-82.266537,28.660849],[-82.266656,28.66108],[-82.266905,28.661405],[-82.26705,28.661561],[-82.267424,28.661604],[-82.267638,28.661867],[-82.267762,28.662166],[-82.267804,28.662563],[-82.26779,28.662648],[-82.267783,28.66274],[-82.267771,28.662809],[-82.267683,28.662912],[-82.267176,28.663483],[-82.266708,28.66401],[-82.265903,28.664731],[-82.264738,28.666112],[-82.263052,28.667634],[-82.2622,28.668409],[-82.261774,28.668986],[-82.261603,28.669342],[-82.261084,28.670752],[-82.260454,28.672195],[-82.26025,28.672964],[-82.260118,28.673676],[-82.260041,28.674251],[-82.260071,28.674638],[-82.260132,28.674991],[-82.260148,28.675083],[-82.260148,28.675136],[-82.26015,28.67543],[-82.25994,28.676579],[-82.259638,28.677769],[-82.259565,28.678784],[-82.259531,28.679258],[-82.259557,28.679565],[-82.259602,28.680106],[-82.259652,28.6803],[-82.259698,28.680478],[-82.259744,28.680655],[-82.259819,28.680945],[-82.25997,28.681293],[-82.260145,28.681695],[-82.260147,28.681709],[-82.260183,28.681938],[-82.260095,28.68231],[-82.25997,28.682723],[-82.259509,28.683421],[-82.259468,28.683477],[-82.258178,28.685223],[-82.2575,28.686479],[-82.257401,28.686661],[-82.257303,28.686843],[-82.257285,28.686877],[-82.257058,28.687218],[-82.25684,28.687437],[-82.256649,28.687528],[-82.256202,28.687716],[-82.25592,28.687944],[-82.255232,28.688706],[-82.254777,28.689063],[-82.254442,28.689368],[-82.254016,28.689624],[-82.253737,28.689944],[-82.253618,28.690261],[-82.25354,28.690898],[-82.253499,28.691187],[-82.253575,28.692315],[-82.253467,28.692575],[-82.252715,28.69359],[-82.252465,28.69401],[-82.251861,28.69503],[-82.251739,28.695237],[-82.251446,28.695597],[-82.251435,28.69561],[-82.25076,28.696439],[-82.250553,28.696877],[-82.2505,28.697152],[-82.250507,28.697481],[-82.250513,28.697704],[-82.250518,28.697954],[-82.250524,28.698203],[-82.250485,28.698318],[-82.250462,28.69835],[-82.250376,28.698479],[-82.250239,28.698683],[-82.250192,28.698752],[-82.250103,28.698888],[-82.250145,28.699148],[-82.250149,28.69929],[-82.249981,28.699684],[-82.249947,28.699763],[-82.249613,28.700085],[-82.249569,28.70016],[-82.249515,28.700256],[-82.24946,28.70035],[-82.24927,28.700677],[-82.249019,28.700962],[-82.248955,28.701042],[-82.248603,28.701494],[-82.248472,28.701862],[-82.248443,28.702382],[-82.248645,28.702764],[-82.249115,28.703651],[-82.249711,28.704141],[-82.249875,28.704247],[-82.250489,28.704577],[-82.250654,28.70468],[-82.250955,28.704867],[-82.251164,28.705202],[-82.251174,28.705408],[-82.251174,28.705534],[-82.251072,28.705794],[-82.250859,28.705972],[-82.250832,28.705984],[-82.250625,28.706081],[-82.250302,28.70617],[-82.250001,28.706267],[-82.249787,28.706386],[-82.249628,28.706488],[-82.249417,28.706645],[-82.249133,28.707044],[-82.249098,28.707104],[-82.248926,28.707403],[-82.248979,28.707637],[-82.249069,28.707727],[-82.249159,28.707829],[-82.249388,28.707996],[-82.249669,28.708067],[-82.249767,28.708092],[-82.24987,28.708313],[-82.24993,28.708544],[-82.25007,28.708946],[-82.250205,28.709125],[-82.25052,28.70924],[-82.250751,28.709309],[-82.250912,28.709439],[-82.250973,28.709542],[-82.251026,28.709632],[-82.251,28.71013],[-82.250993,28.71024],[-82.251113,28.710805],[-82.25114,28.710931],[-82.251013,28.711092],[-82.250867,28.711274],[-82.250214,28.711935],[-82.250108,28.712123],[-82.250094,28.712147],[-82.249959,28.712387],[-82.249811,28.712653],[-82.249338,28.713492],[-82.249232,28.71396],[-82.249101,28.71454],[-82.249092,28.714581],[-82.249124,28.714794],[-82.249222,28.715455],[-82.249223,28.71576],[-82.249224,28.716376],[-82.249207,28.717393],[-82.249076,28.717772],[-82.248643,28.717959],[-82.248085,28.718202],[-82.247291,28.718459],[-82.246268,28.718894],[-82.245997,28.71916],[-82.245963,28.719192],[-82.244812,28.720323],[-82.243639,28.721698],[-82.243015,28.722715],[-82.242777,28.723106],[-82.242649,28.723209],[-82.242319,28.723482],[-82.241988,28.723754],[-82.241926,28.723782],[-82.241811,28.723827],[-82.24169,28.723875],[-82.240619,28.724299],[-82.240453,28.724333],[-82.239321,28.724572],[-82.238448,28.725112],[-82.238016,28.72557],[-82.23771,28.726091],[-82.237153,28.726955],[-82.237016,28.727225],[-82.23671,28.727836],[-82.236497,28.728145],[-82.236379,28.728191],[-82.236193,28.728263],[-82.236009,28.728336],[-82.235952,28.728576],[-82.235828,28.72861],[-82.235714,28.728669],[-82.235666,28.728753],[-82.235589,28.72889],[-82.235048,28.729065],[-82.234736,28.729158],[-82.234611,28.729201],[-82.234411,28.729293],[-82.234268,28.729287],[-82.233991,28.729512],[-82.233575,28.729856],[-82.2332,28.730227],[-82.23295,28.730479],[-82.232681,28.730711],[-82.232579,28.731931],[-82.232575,28.731967],[-82.232431,28.733312],[-82.231491,28.73573],[-82.231357,28.736076],[-82.230934,28.736397],[-82.229647,28.737375],[-82.228866,28.737619],[-82.228085,28.737863],[-82.227874,28.737929],[-82.227443,28.738251],[-82.227324,28.738339],[-82.226512,28.738947],[-82.225295,28.740159],[-82.225121,28.740336],[-82.225054,28.740404],[-82.224986,28.740473],[-82.224409,28.741059],[-82.222169,28.741941],[-82.221119,28.742582],[-82.220808,28.742773],[-82.219347,28.743612],[-82.218949,28.743904],[-82.218658,28.743999],[-82.218591,28.744022],[-82.217979,28.744607],[-82.217759,28.74482],[-82.217849,28.745441],[-82.217734,28.746034],[-82.217488,28.747168],[-82.217352,28.747751],[-82.216879,28.74812],[-82.216309,28.748291],[-82.215865,28.748292],[-82.215773,28.748293],[-82.215169,28.74819],[-82.214703,28.747911],[-82.214503,28.747562],[-82.214168,28.747378],[-82.213846,28.74737],[-82.213504,28.747431],[-82.21322,28.747674],[-82.212985,28.748],[-82.212816,28.748219],[-82.212636,28.748395],[-82.212571,28.748697],[-82.21262,28.749023],[-82.212519,28.749392],[-82.212482,28.74976],[-82.212451,28.749928],[-82.212135,28.750606],[-82.212035,28.751],[-82.212039,28.751719],[-82.211855,28.752072],[-82.211683,28.752328],[-82.211457,28.752547],[-82.211272,28.752803],[-82.211097,28.753436],[-82.210885,28.753808],[-82.210702,28.754063],[-82.210145,28.754259],[-82.209644,28.754449],[-82.209087,28.754877],[-82.209065,28.754894],[-82.208475,28.755243],[-82.208145,28.755584],[-82.207835,28.756205],[-82.207754,28.756618],[-82.207314,28.756874],[-82.20677,28.757089],[-82.206173,28.757159],[-82.205565,28.756958],[-82.204694,28.756671],[-82.203851,28.756639],[-82.203709,28.756698],[-82.203656,28.756723],[-82.203391,28.756838],[-82.203127,28.756954],[-82.202959,28.75724],[-82.20278,28.75744],[-82.202356,28.757612],[-82.202134,28.757703],[-82.201662,28.757759],[-82.201308,28.757646],[-82.200629,28.757342],[-82.200286,28.75731],[-82.200101,28.757294],[-82.19936,28.757304],[-82.199022,28.757308],[-82.198873,28.757371],[-82.198705,28.757443],[-82.198537,28.757513],[-82.198322,28.757604],[-82.198049,28.757764],[-82.197748,28.758004],[-82.197112,28.758667],[-82.196745,28.759046],[-82.196665,28.759129],[-82.196357,28.75941],[-82.195475,28.760065],[-82.195065,28.760161],[-82.194703,28.760161],[-82.194385,28.760112],[-82.193915,28.759994],[-82.193676,28.759934],[-82.193438,28.759875],[-82.193297,28.759839],[-82.192672,28.759591],[-82.192467,28.759509],[-82.192209,28.759406],[-82.191647,28.759334],[-82.190648,28.759213],[-82.189842,28.759021],[-82.189702,28.759002],[-82.189562,28.758983],[-82.189439,28.758969],[-82.189288,28.758989],[-82.188714,28.759067],[-82.188088,28.759353],[-82.187735,28.759556],[-82.187252,28.759835],[-82.186994,28.760003],[-82.186736,28.760171],[-82.18628,28.760468],[-82.185642,28.761019],[-82.184809,28.761771],[-82.184411,28.762196],[-82.183882,28.762757],[-82.183443,28.763385],[-82.183361,28.763503],[-82.183229,28.763849],[-82.183141,28.764406],[-82.183098,28.764963],[-82.183062,28.765778],[-82.182912,28.766042],[-82.182761,28.766379],[-82.182706,28.766501],[-82.18239,28.76695],[-82.182198,28.767676],[-82.18212,28.768127],[-82.182241,28.768879],[-82.182456,28.769269],[-82.182561,28.769347],[-82.18312,28.76976],[-82.183951,28.770058],[-82.184186,28.770101],[-82.184225,28.770108],[-82.184445,28.770127],[-82.184968,28.770094],[-82.185628,28.770056],[-82.186153,28.770229],[-82.186633,28.770388],[-82.187361,28.770823],[-82.187873,28.77119],[-82.187943,28.77124],[-82.188128,28.771503],[-82.188241,28.771662],[-82.188373,28.772237],[-82.188454,28.77315],[-82.188346,28.773876],[-82.188317,28.774613],[-82.188308,28.774845],[-82.188293,28.775451],[-82.188296,28.775968],[-82.188298,28.776043],[-82.188299,28.776097],[-82.188315,28.776783],[-82.188235,28.77696],[-82.188118,28.777218],[-82.18809,28.777297],[-82.187929,28.777757],[-82.187789,28.777998],[-82.187098,28.779147],[-82.186898,28.779501],[-82.186765,28.779744],[-82.18665,28.779959],[-82.186363,28.780472],[-82.186229,28.780715],[-82.186042,28.781052],[-82.185735,28.781464],[-82.185624,28.781614],[-82.185212,28.782178],[-82.184945,28.782545],[-82.184491,28.78307],[-82.184453,28.783114],[-82.184357,28.783179],[-82.184148,28.783321],[-82.183925,28.783403],[-82.183725,28.783479],[-82.183429,28.783572],[-82.18325,28.783628],[-82.183072,28.783684],[-82.182675,28.783814],[-82.182159,28.783982],[-82.181945,28.78416],[-82.1819,28.784178],[-82.181769,28.784234],[-82.18141,28.784319],[-82.18089,28.784647],[-82.180769,28.784715],[-82.180432,28.784736],[-82.179708,28.784881],[-82.179505,28.785026],[-82.179428,28.78508],[-82.179091,28.785338],[-82.178905,28.78548],[-82.178537,28.785841],[-82.178509,28.78587],[-82.17835,28.786257],[-82.178326,28.786349],[-82.178181,28.786942],[-82.17814,28.786969],[-82.178081,28.787009],[-82.17806,28.787138],[-82.178042,28.787192],[-82.178026,28.787244],[-82.178001,28.787321],[-82.177787,28.78745],[-82.177604,28.78756],[-82.177368,28.787676],[-82.177306,28.787706],[-82.177286,28.787703],[-82.177272,28.7877],[-82.176905,28.787631],[-82.176575,28.787539],[-82.17629,28.787465],[-82.176257,28.787463],[-82.176048,28.787449],[-82.175977,28.787446],[-82.175842,28.787515],[-82.175624,28.787733],[-82.175378,28.78803],[-82.174973,28.788214],[-82.174651,28.788299],[-82.174591,28.788315],[-82.17429,28.788395],[-82.173921,28.788571],[-82.173684,28.788734],[-82.173557,28.788657],[-82.173291,28.788909],[-82.173242,28.788941],[-82.17308,28.789048],[-82.173055,28.789064],[-82.172958,28.789128],[-82.172666,28.789297],[-82.172151,28.789599],[-82.172129,28.789613],[-82.171838,28.789709],[-82.171751,28.789738],[-82.171576,28.789817],[-82.171402,28.789848],[-82.171181,28.789967],[-82.170929,28.790136],[-82.170848,28.79019],[-82.170601,28.790495],[-82.170569,28.790535],[-82.170033,28.791028],[-82.169986,28.791071],[-82.169468,28.791559],[-82.169289,28.791929],[-82.169221,28.792401],[-82.169141,28.792954],[-82.169167,28.793123],[-82.169191,28.793221],[-82.169333,28.793795],[-82.169336,28.793829],[-82.169369,28.794167],[-82.169391,28.794385],[-82.169395,28.794854],[-82.169413,28.795055],[-82.169436,28.795316],[-82.169459,28.795577],[-82.16948,28.795816],[-82.16951,28.796147],[-82.169643,28.796488],[-82.169655,28.796508],[-82.169779,28.796715],[-82.170115,28.79696],[-82.171181,28.797605],[-82.171308,28.797682],[-82.172054,28.798188],[-82.173398,28.799218],[-82.173482,28.799283],[-82.174159,28.799808],[-82.174945,28.800419],[-82.175188,28.800567],[-82.175455,28.80073],[-82.176537,28.801537],[-82.176792,28.801727],[-82.177193,28.801981],[-82.177558,28.80217],[-82.177841,28.802294],[-82.177872,28.802299],[-82.177947,28.802312],[-82.178023,28.802325],[-82.178381,28.802387],[-82.178754,28.802636],[-82.178812,28.802675],[-82.178869,28.802713],[-82.178909,28.802739],[-82.179307,28.803316],[-82.179393,28.80381],[-82.179358,28.80448],[-82.179215,28.804979],[-82.179281,28.805715],[-82.179378,28.806033],[-82.179476,28.806355],[-82.179586,28.806529],[-82.179889,28.807009],[-82.180143,28.807411],[-82.180404,28.807806],[-82.180928,28.808597],[-82.181206,28.809173],[-82.18138,28.810055],[-82.181461,28.811033],[-82.181491,28.812495],[-82.181475,28.812932],[-82.181465,28.813221],[-82.181553,28.813521],[-82.181597,28.813722],[-82.181618,28.813818],[-82.181639,28.813914],[-82.18172,28.814282],[-82.182088,28.814947],[-82.182219,28.815099],[-82.182233,28.815114],[-82.182442,28.815346],[-82.182616,28.816042],[-82.182637,28.816129],[-82.182657,28.816207],[-82.18267,28.816261],[-82.182763,28.816997],[-82.182753,28.817095],[-82.18274,28.817226],[-82.182728,28.81734],[-82.182716,28.817455],[-82.182692,28.817691],[-82.182523,28.818558],[-82.182507,28.818642],[-82.182473,28.819385],[-82.182459,28.8197],[-82.182486,28.820325],[-82.182518,28.821049],[-82.182602,28.821785],[-82.182846,28.822432],[-82.182896,28.822563],[-82.18333,28.82318],[-82.183355,28.823217],[-82.183503,28.823433],[-82.183637,28.823626],[-82.184027,28.823943],[-82.184119,28.824018],[-82.1846,28.82445],[-82.185039,28.82493],[-82.185316,28.825232],[-82.185393,28.825309],[-82.185806,28.825721],[-82.186325,28.826089],[-82.186973,28.826313],[-82.18709,28.82633],[-82.187962,28.826459],[-82.189172,28.826542],[-82.189309,28.826555],[-82.190564,28.826675],[-82.191213,28.826834],[-82.192006,28.827318],[-82.192826,28.82781],[-82.194053,28.828822],[-82.19409,28.828847],[-82.194455,28.829092],[-82.19482,28.829336],[-82.194989,28.829449],[-82.195128,28.829542],[-82.196074,28.830212],[-82.196897,28.830478],[-82.19765,28.830631],[-82.197684,28.830638],[-82.198583,28.83067],[-82.198958,28.830795],[-82.199494,28.831187],[-82.200497,28.831801],[-82.200588,28.831859],[-82.201408,28.832383],[-82.202509,28.833184],[-82.203436,28.833919],[-82.204093,28.83428],[-82.204977,28.834748],[-82.205469,28.835132],[-82.205873,28.835902],[-82.206152,28.836663],[-82.206203,28.836802],[-82.206568,28.837822],[-82.206647,28.838227],[-82.206593,28.839002],[-82.206701,28.840029],[-82.206934,28.840547],[-82.207324,28.840979],[-82.207569,28.841116],[-82.207814,28.841252],[-82.207853,28.841274],[-82.208647,28.841596],[-82.209352,28.841755],[-82.210333,28.841812],[-82.210538,28.841843],[-82.210822,28.841886],[-82.210836,28.841889],[-82.211365,28.842152],[-82.211958,28.842521],[-82.212231,28.842733],[-82.212528,28.843075],[-82.212711,28.843286],[-82.213119,28.843741],[-82.214006,28.844904],[-82.214449,28.845465],[-82.215284,28.846329],[-82.216307,28.847566],[-82.217078,28.848452],[-82.217964,28.849558],[-82.218269,28.849851],[-82.218457,28.850032],[-82.219217,28.850764],[-82.219619,28.850937],[-82.220148,28.851225],[-82.220522,28.851381],[-82.221088,28.851686],[-82.221162,28.851726],[-82.22132,28.851803],[-82.221373,28.851829],[-82.221518,28.851901],[-82.221545,28.851915],[-82.221872,28.852216],[-82.222001,28.852354],[-82.222154,28.852517],[-82.2224,28.852737],[-82.222965,28.853049],[-82.223672,28.85334],[-82.224308,28.853601],[-82.225083,28.854028],[-82.225356,28.854129],[-82.22618,28.854433],[-82.227163,28.855095],[-82.227501,28.855211],[-82.227804,28.855246],[-82.227938,28.855252],[-82.228537,28.855284],[-82.228812,28.855311],[-82.229461,28.855543],[-82.23075,28.855965],[-82.231481,28.85623],[-82.231952,28.856582],[-82.232111,28.856768],[-82.232267,28.856956],[-82.232327,28.857028],[-82.232443,28.857167],[-82.232608,28.857455],[-82.23275,28.857703],[-82.232895,28.857891],[-82.233157,28.858231],[-82.233603,28.858598],[-82.234222,28.859072],[-82.235478,28.859995],[-82.236224,28.860583],[-82.236236,28.860599],[-82.23674,28.861282],[-82.236756,28.861595],[-82.236761,28.861688],[-82.236766,28.861782],[-82.236771,28.861871],[-82.236612,28.862169],[-82.236398,28.862574],[-82.2362,28.862949],[-82.23617,28.863378],[-82.236157,28.863595],[-82.236353,28.864129],[-82.236438,28.864273],[-82.236512,28.864398],[-82.236585,28.864524],[-82.236635,28.864609],[-82.236684,28.864694],[-82.236958,28.86516],[-82.237395,28.865508],[-82.237522,28.86561],[-82.237613,28.865682],[-82.23837,28.866035],[-82.238542,28.866099],[-82.23943,28.866432],[-82.240142,28.866785],[-82.240276,28.867222],[-82.240282,28.867265],[-82.240308,28.86746],[-82.240328,28.867666],[-82.240156,28.868174],[-82.239988,28.868464],[-82.239904,28.868608],[-82.239767,28.868765],[-82.239625,28.868929],[-82.239541,28.869095],[-82.239497,28.869182],[-82.239453,28.86927],[-82.239345,28.869484],[-82.239183,28.870016],[-82.239236,28.870266],[-82.239303,28.870438],[-82.239379,28.870631],[-82.239694,28.871159],[-82.240121,28.871647],[-82.240484,28.872046],[-82.240938,28.872469],[-82.241117,28.872766],[-82.241443,28.873305],[-82.241524,28.873489],[-82.241641,28.873752],[-82.241758,28.874015],[-82.241838,28.874197],[-82.241866,28.874352],[-82.241942,28.874771],[-82.242051,28.875261],[-82.242235,28.876425],[-82.242415,28.876663],[-82.242529,28.876813],[-82.243153,28.87708],[-82.244291,28.877109],[-82.244419,28.877112],[-82.244523,28.877249],[-82.245685,28.878785],[-82.245911,28.879036],[-82.245976,28.879109],[-82.246245,28.879408],[-82.249814,28.88059],[-82.250766,28.881028],[-82.251032,28.881151],[-82.251453,28.881508],[-82.252377,28.882367],[-82.25288,28.882894],[-82.253247,28.883159],[-82.253273,28.883178],[-82.253458,28.883235],[-82.254145,28.883447],[-82.255152,28.884064],[-82.256579,28.885321],[-82.258081,28.886352],[-82.258704,28.886645],[-82.25898,28.886638],[-82.259417,28.886972],[-82.260408,28.887732],[-82.261303,28.888817],[-82.261557,28.888962],[-82.2621,28.889272],[-82.263283,28.889639],[-82.263596,28.889715],[-82.26443,28.889917],[-82.265659,28.890341],[-82.266712,28.891128],[-82.267645,28.892028],[-82.268421,28.893218],[-82.268786,28.893998],[-82.269509,28.894433],[-82.270066,28.895218],[-82.271037,28.895771],[-82.271192,28.89584],[-82.272302,28.89634],[-82.272472,28.896444],[-82.272754,28.896616],[-82.273035,28.896787],[-82.273182,28.896876],[-82.273585,28.897216],[-82.273897,28.897707],[-82.274011,28.898527],[-82.274265,28.899311],[-82.275509,28.900583],[-82.27564,28.900739],[-82.275651,28.900752],[-82.275803,28.900934],[-82.275955,28.901115],[-82.276039,28.901215],[-82.276248,28.901668],[-82.276102,28.902009],[-82.275767,28.902475],[-82.275643,28.902573],[-82.275589,28.902614],[-82.274998,28.903078],[-82.274821,28.903232],[-82.274731,28.903352],[-82.274944,28.903798],[-82.275049,28.903913],[-82.275104,28.903972],[-82.27531,28.904194],[-82.275642,28.904351],[-82.275759,28.904406],[-82.276092,28.904674],[-82.276171,28.904738],[-82.276229,28.905003],[-82.276433,28.905927],[-82.276463,28.906099],[-82.27653,28.906467],[-82.276662,28.907245],[-82.276702,28.907422],[-82.276692,28.908145],[-82.276777,28.90875],[-82.277135,28.9095],[-82.277317,28.910163],[-82.277317,28.910553],[-82.277618,28.910912],[-82.27784,28.911177],[-82.277853,28.91119],[-82.278761,28.911645],[-82.279539,28.912205],[-82.280215,28.912533],[-82.280428,28.912636],[-82.281106,28.913219],[-82.281553,28.91394],[-82.282184,28.914693],[-82.282347,28.915266],[-82.282159,28.91602],[-82.282066,28.916376],[-82.281894,28.917037],[-82.28193,28.917827],[-82.282035,28.918027],[-82.282306,28.918451],[-82.282618,28.919042],[-82.283494,28.920296],[-82.283628,28.92052],[-82.284132,28.921295],[-82.284266,28.921889],[-82.284275,28.921948],[-82.284375,28.922585],[-82.284398,28.923176],[-82.284675,28.923435],[-82.284978,28.923672],[-82.285078,28.923727],[-82.285508,28.924059],[-82.28602,28.924667],[-82.286843,28.925582],[-82.287547,28.926618],[-82.288341,28.928067],[-82.288595,28.928786],[-82.288586,28.929195],[-82.288582,28.929354],[-82.288579,28.929513],[-82.288562,28.93033],[-82.28863,28.931687],[-82.288939,28.932553],[-82.289039,28.932887],[-82.28921,28.933457],[-82.289274,28.933669],[-82.289648,28.934526],[-82.289992,28.935593],[-82.290642,28.93633],[-82.291192,28.936695],[-82.29176,28.936995],[-82.292246,28.937239],[-82.292632,28.937256],[-82.292999,28.937257],[-82.293376,28.937258],[-82.293867,28.937353],[-82.293927,28.937365],[-82.294431,28.937657],[-82.294798,28.937917],[-82.295174,28.938015],[-82.295679,28.93804],[-82.295944,28.938397],[-82.29585,28.938922],[-82.295835,28.938958],[-82.295801,28.939037],[-82.295767,28.939117],[-82.295544,28.93964],[-82.295321,28.940286],[-82.295027,28.941085],[-82.294848,28.941569],[-82.294853,28.941998],[-82.294862,28.942692],[-82.295338,28.943146],[-82.295611,28.943688],[-82.295554,28.944237],[-82.295424,28.944544],[-82.295358,28.944713],[-82.295698,28.945162],[-82.295926,28.945556],[-82.296081,28.945725],[-82.296438,28.946114],[-82.29651,28.946567],[-82.296708,28.947529],[-82.297091,28.948354],[-82.297658,28.949002],[-82.298318,28.949529],[-82.299041,28.950048],[-82.300151,28.950714],[-82.30122,28.951462],[-82.301747,28.951866],[-82.30194,28.951987],[-82.302387,28.952263],[-82.304215,28.952284],[-82.304231,28.952288],[-82.304527,28.952371],[-82.304822,28.952454],[-82.305106,28.952537],[-82.305687,28.953206],[-82.305894,28.953445],[-82.306102,28.953684],[-82.306204,28.953801],[-82.306835,28.954473],[-82.307153,28.95466],[-82.307444,28.95483],[-82.307734,28.955001],[-82.307761,28.955017],[-82.3083,28.955236],[-82.308481,28.955289],[-82.308701,28.955558],[-82.308752,28.955834],[-82.308801,28.956107],[-82.308821,28.956338],[-82.30883,28.956435],[-82.308838,28.956527],[-82.309071,28.956774],[-82.309159,28.956867],[-82.309479,28.957255],[-82.309545,28.95733],[-82.309791,28.957614],[-82.31108,28.958158],[-82.311268,28.958428],[-82.311358,28.958888],[-82.311385,28.95903],[-82.311518,28.959716],[-82.311656,28.960215],[-82.31167,28.960324],[-82.311691,28.960377],[-82.311697,28.960391],[-82.311609,28.96039],[-82.311491,28.960393],[-82.311351,28.960394],[-82.311291,28.960404],[-82.311266,28.960399],[-82.311331,28.960504],[-82.311412,28.960669],[-82.311487,28.961016],[-82.311431,28.961654],[-82.311362,28.961781],[-82.31125,28.961863],[-82.311081,28.961885],[-82.310981,28.961918],[-82.310912,28.961979],[-82.310862,28.962089],[-82.310812,28.962171],[-82.310743,28.962193],[-82.310693,28.962155],[-82.310568,28.961885],[-82.310511,28.96161],[-82.310449,28.961572],[-82.310355,28.961621],[-82.310305,28.961682],[-82.310255,28.961687],[-82.31013,28.961995],[-82.310105,28.962116],[-82.310111,28.962182],[-82.310142,28.962254],[-82.310184,28.962274],[-82.310211,28.962287],[-82.310389,28.962291],[-82.310623,28.963422],[-82.310587,28.963453],[-82.309924,28.964196],[-82.309937,28.9642],[-82.311283,28.964562],[-82.311961,28.965088],[-82.311778,28.965891],[-82.311778,28.966212],[-82.311987,28.966441],[-82.311909,28.966831],[-82.31256,28.967563],[-82.312612,28.968869],[-82.312821,28.96935],[-82.31329,28.969831],[-82.313733,28.969991],[-82.314645,28.970174],[-82.315061,28.970403],[-82.315373,28.970816],[-82.315504,28.97132],[-82.315531,28.971779],[-82.31527,28.972236],[-82.31527,28.972762],[-82.315922,28.973542],[-82.316157,28.973633],[-82.316964,28.973702],[-82.317589,28.973931],[-82.319023,28.974709],[-82.319491,28.974709],[-82.31983,28.974388],[-82.319908,28.974113],[-82.319622,28.973701],[-82.319596,28.97345],[-82.319804,28.973312],[-82.320011,28.973336],[-82.321002,28.973748],[-82.321158,28.973908],[-82.321133,28.97409],[-82.320482,28.974662],[-82.320508,28.974983],[-82.320638,28.975258],[-82.321185,28.975648],[-82.322123,28.975351],[-82.322747,28.975374],[-82.322904,28.975464],[-82.323086,28.975854],[-82.322357,28.976106],[-82.322435,28.976244],[-82.323217,28.976542],[-82.323764,28.976954],[-82.324962,28.977183],[-82.32564,28.977526],[-82.326553,28.978466],[-82.327178,28.978992],[-82.327413,28.979106],[-82.328298,28.979015],[-82.328715,28.9789],[-82.329392,28.979015],[-82.329496,28.979129],[-82.329809,28.980044],[-82.330408,28.980478],[-82.331346,28.980685],[-82.331503,28.980937],[-82.331503,28.981143],[-82.331659,28.981349],[-82.331947,28.982311],[-82.332234,28.982494],[-82.333327,28.982402],[-82.333796,28.981852],[-82.334109,28.982081],[-82.334552,28.98286],[-82.3351,28.983249],[-82.336064,28.983639],[-82.337002,28.983775],[-82.337315,28.984004],[-82.337681,28.985219],[-82.338332,28.985722],[-82.340209,28.986592],[-82.340548,28.986935],[-82.340653,28.98744],[-82.341251,28.987943],[-82.341981,28.987851],[-82.343154,28.987369],[-82.344018,28.987341],[-82.344018,28.987359],[-82.344417,28.9874],[-82.34483,28.987306],[-82.345068,28.987235],[-82.345268,28.987152],[-82.345512,28.987202],[-82.345718,28.987323],[-82.346069,28.987576],[-82.346695,28.987861],[-82.346926,28.987977],[-82.34712,28.988021],[-82.347245,28.988026],[-82.34742,28.987988],[-82.347664,28.987999],[-82.347946,28.987999],[-82.348253,28.988059],[-82.348672,28.988262],[-82.348165,28.988824],[-82.34769,28.989275],[-82.347771,28.989363],[-82.348272,28.988868],[-82.348359,28.988884],[-82.348434,28.98895],[-82.348497,28.988983],[-82.348534,28.988862],[-82.348428,28.988785],[-82.348403,28.988725],[-82.348785,28.988444],[-82.348991,28.988504],[-82.349298,28.98873],[-82.349429,28.988848],[-82.349445,28.988831],[-82.349495,28.988781],[-82.349512,28.988765],[-82.349569,28.988712],[-82.349612,28.988672],[-82.34968,28.988753],[-82.349714,28.988792],[-82.349794,28.988942],[-82.349863,28.989095],[-82.350285,28.989492],[-82.350639,28.989788],[-82.350717,28.989854],[-82.350795,28.989919],[-82.351679,28.990658],[-82.351959,28.990887],[-82.352394,28.991242],[-82.35266,28.991267],[-82.352756,28.991267],[-82.353589,28.991269],[-82.354462,28.991271],[-82.354781,28.9913],[-82.35527,28.991345],[-82.355959,28.991541],[-82.356336,28.991703],[-82.356721,28.991995],[-82.357032,28.992303],[-82.357307,28.992659],[-82.357358,28.992747],[-82.357499,28.992999],[-82.357609,28.993144],[-82.357829,28.99325],[-82.357855,28.993253],[-82.358711,28.993341],[-82.358896,28.993354],[-82.359126,28.993345],[-82.359325,28.993349],[-82.359667,28.993344],[-82.359911,28.993352],[-82.360149,28.993351],[-82.360426,28.993332],[-82.360675,28.993359],[-82.360954,28.99338],[-82.361222,28.993453],[-82.361391,28.993509],[-82.361575,28.993649],[-82.361715,28.993801],[-82.361875,28.993996],[-82.361975,28.994136],[-82.362119,28.994327],[-82.36218,28.99451],[-82.36221,28.994768],[-82.362181,28.995012],[-82.362132,28.99523],[-82.362093,28.995427],[-82.362074,28.995671],[-82.362117,28.995751],[-82.362144,28.995828],[-82.362191,28.995895],[-82.362249,28.995938],[-82.362407,28.996056],[-82.362641,28.996248],[-82.362653,28.996258],[-82.362877,28.996331],[-82.363046,28.996413],[-82.36318,28.996465],[-82.36326,28.996596],[-82.363276,28.996766],[-82.363247,28.996963],[-82.363138,28.997072],[-82.363063,28.997107],[-82.362949,28.997103],[-82.36283,28.99709],[-82.362765,28.997075],[-82.362366,28.997243],[-82.362083,28.99741],[-82.362025,28.997445],[-82.361879,28.997661],[-82.361805,28.997809],[-82.361771,28.997979],[-82.361785,28.998109],[-82.361791,28.998158],[-82.361831,28.998315],[-82.361906,28.998437],[-82.362022,28.998571],[-82.362172,28.99868],[-82.362218,28.998711],[-82.362763,28.998929],[-82.362791,28.998941],[-82.363169,28.999085],[-82.363382,28.999367],[-82.363596,28.999724],[-82.363768,29.000001],[-82.363921,29.000198],[-82.364036,29.000411],[-82.364161,29.000655],[-82.364267,29.000881],[-82.364362,29.001073],[-82.364407,29.00126],[-82.364368,29.00143],[-82.364284,29.001557],[-82.36419,29.001636],[-82.364022,29.001732],[-82.363933,29.001811],[-82.363918,29.001917],[-82.364071,29.001984],[-82.364532,29.002233],[-82.364839,29.002395],[-82.365436,29.002575],[-82.365946,29.002687],[-82.366259,29.002661],[-82.366411,29.002616],[-82.366705,29.002409],[-82.366941,29.002149],[-82.367156,29.001797],[-82.367309,29.001609],[-82.367405,29.001587],[-82.367539,29.001556],[-82.367607,29.001876],[-82.367684,29.001937],[-82.367963,29.001935],[-82.368062,29.001746],[-82.36819,29.001514],[-82.368344,29.001353],[-82.368457,29.001239],[-82.368606,29.001147],[-82.368799,29.00105],[-82.368998,29.001028],[-82.369101,29.00105],[-82.369177,29.001067],[-82.369316,29.001158],[-82.369431,29.001297],[-82.369437,29.001459],[-82.369472,29.001633],[-82.369552,29.001775],[-82.369613,29.001795],[-82.370135,29.001765],[-82.370469,29.001753],[-82.371294,29.001877],[-82.371445,29.001909],[-82.371964,29.002023],[-82.372946,29.002224],[-82.373446,29.002368],[-82.37376,29.002386],[-82.374056,29.002362],[-82.374337,29.002264],[-82.37465,29.002128],[-82.375,29.001968],[-82.375441,29.001729],[-82.375622,29.001603],[-82.37583,29.001467],[-82.376068,29.001284],[-82.376227,29.00113],[-82.376504,29.000938],[-82.376732,29.000824],[-82.37698,29.000696],[-82.377203,29.000639],[-82.377347,29.000639],[-82.377546,29.000712],[-82.37771,29.000851],[-82.37786,29.001065],[-82.377908,29.001215],[-82.377921,29.001287],[-82.377996,29.00154],[-82.378126,29.00174],[-82.378286,29.001945],[-82.37843,29.002119],[-82.378575,29.002315],[-82.37871,29.002502],[-82.378786,29.002728],[-82.378762,29.002977],[-82.378696,29.003192],[-82.378562,29.003468],[-82.378326,29.003734],[-82.377994,29.004033],[-82.377948,29.004272],[-82.377953,29.0046],[-82.378075,29.004793],[-82.37842,29.005073],[-82.378647,29.005217],[-82.379286,29.005485],[-82.380307,29.005888],[-82.381171,29.006085],[-82.381837,29.006265],[-82.38253,29.006602],[-82.383072,29.006876],[-82.383512,29.007078],[-82.383598,29.007116],[-82.384143,29.007358],[-82.385158,29.007696],[-82.385534,29.007911],[-82.385858,29.008078],[-82.386128,29.008593],[-82.386467,29.009015],[-82.386871,29.009262],[-82.387281,29.009221],[-82.387703,29.009083],[-82.38825,29.008796],[-82.388738,29.008473],[-82.389168,29.008295],[-82.389383,29.008181],[-82.389583,29.008059],[-82.389856,29.008001],[-82.390024,29.007948],[-82.390243,29.007921],[-82.390432,29.007938],[-82.390655,29.008025],[-82.39077,29.00816],[-82.390781,29.008326],[-82.390767,29.008463],[-82.390645,29.008673],[-82.390445,29.008946],[-82.390312,29.009271],[-82.390316,29.009617],[-82.390457,29.009835],[-82.390635,29.009914],[-82.390996,29.009847],[-82.391209,29.009585],[-82.391388,29.009219],[-82.391521,29.008842],[-82.391574,29.008718],[-82.391782,29.008521],[-82.391955,29.008372],[-82.392287,29.008245],[-82.39255,29.008118],[-82.392808,29.008021],[-82.393031,29.007946],[-82.393329,29.007941],[-82.393503,29.008006],[-82.393613,29.008128],[-82.393634,29.008173],[-82.393688,29.008289],[-82.393754,29.008405],[-82.393793,29.008445],[-82.393909,29.008575],[-82.394121,29.008842],[-82.394253,29.008975],[-82.394428,29.009237],[-82.394493,29.009454],[-82.394589,29.009738],[-82.394783,29.010003],[-82.394888,29.010147],[-82.395107,29.01033],[-82.395312,29.010477],[-82.39557,29.010594],[-82.395781,29.010702],[-82.395964,29.010812],[-82.39615,29.010963],[-82.396408,29.011161],[-82.396544,29.011232],[-82.396837,29.011285],[-82.39707,29.011292],[-82.39728,29.011287],[-82.397473,29.011382],[-82.397577,29.011491],[-82.397583,29.011665],[-82.397583,29.011787],[-82.397514,29.012048],[-82.397367,29.012552],[-82.397133,29.012802],[-82.396879,29.012903],[-82.396577,29.012947],[-82.396203,29.012974],[-82.395784,29.01307],[-82.395444,29.013184],[-82.395145,29.0134],[-82.394984,29.013616],[-82.394935,29.013828],[-82.394897,29.013997],[-82.394928,29.014344],[-82.395042,29.014544],[-82.395428,29.014696],[-82.395968,29.014783],[-82.396217,29.014843],[-82.396583,29.014868],[-82.39696,29.014933],[-82.397273,29.014967],[-82.397612,29.015051],[-82.39793,29.0152],[-82.398139,29.015339],[-82.398304,29.015531],[-82.398329,29.015675],[-82.398315,29.015836],[-82.398246,29.015972],[-82.398132,29.016085],[-82.397993,29.016195],[-82.397835,29.016256],[-82.397597,29.016353],[-82.397408,29.016428],[-82.397351,29.01647],[-82.397212,29.016716],[-82.397341,29.01698],[-82.397384,29.016984],[-82.397676,29.017011],[-82.398561,29.016909],[-82.398714,29.016888],[-82.399335,29.016803],[-82.39982,29.016694],[-82.400303,29.016504],[-82.400687,29.016229],[-82.400877,29.015996],[-82.401044,29.015689],[-82.40122,29.015583],[-82.40147,29.015626],[-82.4018,29.015761],[-82.402166,29.016104],[-82.402298,29.016593],[-82.402257,29.017004],[-82.402085,29.017369],[-82.40168,29.018032],[-82.401415,29.018606],[-82.401464,29.018859],[-82.401637,29.018996],[-82.402072,29.019072],[-82.402499,29.019103],[-82.402662,29.019087],[-82.40288,29.019068],[-82.403273,29.018863],[-82.403704,29.018401],[-82.404112,29.017783],[-82.404292,29.017242],[-82.404538,29.016974],[-82.405023,29.016685],[-82.405477,29.01661],[-82.405677,29.016578],[-82.406156,29.016536],[-82.407041,29.016563],[-82.407616,29.016777],[-82.4079,29.016957],[-82.40838,29.017025],[-82.409125,29.016706],[-82.409411,29.016328],[-82.409374,29.015935],[-82.40942,29.015431],[-82.409677,29.0152],[-82.410051,29.015178],[-82.410374,29.015256],[-82.410607,29.015455],[-82.41096,29.015406],[-82.41116,29.015325],[-82.411658,29.015164],[-82.412372,29.014967],[-82.412959,29.014814],[-82.413348,29.014517],[-82.413766,29.014279],[-82.414363,29.014109],[-82.415078,29.013915],[-82.415096,29.013911],[-82.415557,29.013855],[-82.416015,29.013574],[-82.416365,29.013337],[-82.416913,29.013202],[-82.417638,29.013091],[-82.418226,29.01305],[-82.418663,29.013131],[-82.418688,29.013166],[-82.418821,29.013246],[-82.418903,29.013326],[-82.418989,29.013538],[-82.419019,29.013698],[-82.419052,29.013851],[-82.419086,29.013947],[-82.419264,29.0142],[-82.419332,29.014227],[-82.419558,29.014297],[-82.419761,29.014333],[-82.419947,29.014357],[-82.420044,29.014366],[-82.420193,29.014428],[-82.420273,29.014516],[-82.42033,29.014616],[-82.420316,29.014842],[-82.420244,29.014987],[-82.420169,29.015082],[-82.420103,29.015183],[-82.420063,29.015531],[-82.420043,29.015602],[-82.419991,29.015757],[-82.419903,29.015945],[-82.419841,29.016212],[-82.419787,29.01659],[-82.419747,29.016821],[-82.419674,29.017057],[-82.419587,29.017345],[-82.419553,29.017692],[-82.419694,29.01804],[-82.420057,29.018345],[-82.42047,29.01854],[-82.42127,29.018667],[-82.42215,29.018676],[-82.423249,29.018654],[-82.423289,29.018657],[-82.423481,29.018633],[-82.423884,29.018615],[-82.424294,29.018644],[-82.424669,29.018724],[-82.425003,29.018821],[-82.425236,29.018918],[-82.42545,29.019059],[-82.425627,29.019223],[-82.425739,29.019396],[-82.425755,29.019605],[-82.425731,29.019809],[-82.425656,29.020001],[-82.425575,29.020156],[-82.425414,29.020375],[-82.425185,29.020587],[-82.424979,29.020764],[-82.424805,29.020944],[-82.424706,29.021064],[-82.424611,29.021449],[-82.425011,29.021694],[-82.425819,29.021556],[-82.426106,29.021419],[-82.426859,29.021396],[-82.426886,29.021393],[-82.426969,29.021386],[-82.426997,29.021385],[-82.427587,29.021339],[-82.42837,29.021293],[-82.428649,29.021214],[-82.428896,29.021157],[-82.428935,29.021145],[-82.429107,29.021087],[-82.429376,29.021098],[-82.429535,29.021189],[-82.429601,29.021334],[-82.429587,29.021501],[-82.429503,29.021675],[-82.429401,29.021805],[-82.429285,29.021977],[-82.429146,29.022296],[-82.429142,29.022742],[-82.429393,29.022985],[-82.429707,29.022992],[-82.43012,29.022849],[-82.430544,29.022697],[-82.43087,29.022772],[-82.43091,29.022785],[-82.431064,29.022928],[-82.431119,29.023075],[-82.431085,29.023208],[-82.430979,29.023291],[-82.430825,29.023379],[-82.430729,29.023434],[-82.430576,29.023458],[-82.430487,29.023457],[-82.430018,29.02358],[-82.429751,29.02377],[-82.429833,29.024045],[-82.430105,29.024249],[-82.430294,29.024294],[-82.430544,29.024353],[-82.430925,29.024339],[-82.431294,29.024403],[-82.431566,29.024451],[-82.431972,29.024624],[-82.432023,29.024698],[-82.432125,29.024765],[-82.432328,29.024979],[-82.432381,29.025089],[-82.432382,29.025228],[-82.432342,29.025437],[-82.432287,29.025659],[-82.432286,29.025823],[-82.432236,29.026267],[-82.432185,29.026642],[-82.432148,29.026852],[-82.432112,29.027057],[-82.432174,29.027451],[-82.432266,29.027666],[-82.432401,29.027774],[-82.432533,29.02783],[-82.432794,29.027798],[-82.43313,29.027585],[-82.433625,29.027186],[-82.433775,29.026974],[-82.433993,29.026784],[-82.434242,29.026645],[-82.434423,29.026614],[-82.43462,29.026658],[-82.434815,29.02676],[-82.434982,29.026873],[-82.435138,29.026997],[-82.435346,29.027105],[-82.435538,29.027163],[-82.435754,29.027163],[-82.435955,29.027109],[-82.436179,29.027102],[-82.436358,29.027154],[-82.436545,29.027356],[-82.436576,29.027533],[-82.436532,29.027691],[-82.436338,29.027803],[-82.436122,29.027862],[-82.435976,29.027888],[-82.435754,29.028006],[-82.435665,29.028216],[-82.435646,29.028474],[-82.435596,29.028787],[-82.435446,29.028909],[-82.435268,29.029071],[-82.43526,29.029081],[-82.435182,29.029209],[-82.435124,29.029406],[-82.435196,29.029623],[-82.435418,29.029837],[-82.435857,29.030027],[-82.43619,29.030056],[-82.436372,29.029955],[-82.436564,29.02994],[-82.436619,29.029875],[-82.43665,29.029716],[-82.43669,29.029514],[-82.436689,29.029128],[-82.436933,29.029003],[-82.436996,29.028979],[-82.437049,29.029006],[-82.437095,29.029029],[-82.437341,29.029153],[-82.437433,29.0292],[-82.437671,29.029748],[-82.437644,29.030418],[-82.437691,29.030731],[-82.437875,29.031111],[-82.438246,29.031683],[-82.438439,29.03193],[-82.438629,29.032381],[-82.438871,29.032845],[-82.438938,29.032925],[-82.439199,29.033085],[-82.439393,29.033104],[-82.439437,29.033108],[-82.4396,29.033032],[-82.439647,29.03301],[-82.440223,29.032572],[-82.440413,29.032429],[-82.440429,29.032418],[-82.440472,29.032413],[-82.441085,29.032343],[-82.441315,29.032382],[-82.441353,29.032417],[-82.441498,29.032549],[-82.4416,29.032705],[-82.441776,29.032976],[-82.44199,29.033444],[-82.44235,29.034036],[-82.442293,29.034255],[-82.442252,29.034415],[-82.441779,29.034732],[-82.441545,29.034904],[-82.44147,29.034959],[-82.441499,29.035249],[-82.441534,29.035289],[-82.441777,29.035484],[-82.442341,29.035575],[-82.442696,29.035613],[-82.443049,29.035787],[-82.443097,29.035802],[-82.443364,29.035803],[-82.443985,29.03596],[-82.444169,29.035985],[-82.444398,29.036018],[-82.444714,29.036285],[-82.445061,29.036582],[-82.445358,29.036733],[-82.44612,29.037166],[-82.446151,29.037184],[-82.446317,29.037278],[-82.446882,29.037598],[-82.447283,29.037826],[-82.448174,29.038257],[-82.448558,29.038489],[-82.449023,29.038771],[-82.449309,29.039006],[-82.449346,29.03901],[-82.449421,29.03902],[-82.449457,29.039036],[-82.449492,29.039052],[-82.449729,29.03916],[-82.449952,29.039262],[-82.450413,29.039472],[-82.450594,29.039554],[-82.450886,29.03972],[-82.451147,29.039868],[-82.451493,29.040066],[-82.451584,29.040077],[-82.45175,29.040096],[-82.451886,29.040064],[-82.45217,29.039816],[-82.452341,29.039667],[-82.452625,29.039524],[-82.45323,29.039581],[-82.453658,29.03977],[-82.454028,29.040057],[-82.454521,29.040519],[-82.455068,29.04101],[-82.455561,29.041438],[-82.455735,29.041567],[-82.456085,29.041826],[-82.456161,29.041883],[-82.456237,29.04194],[-82.456305,29.04199],[-82.456353,29.042037],[-82.456669,29.042351],[-82.456985,29.042665],[-82.457049,29.042728],[-82.457113,29.042792],[-82.457861,29.043658],[-82.458201,29.044138],[-82.45835,29.044348],[-82.458613,29.044995],[-82.458667,29.045128],[-82.458764,29.045933],[-82.458701,29.046308],[-82.458693,29.046353],[-82.458587,29.046748],[-82.458554,29.046835],[-82.458498,29.046982],[-82.458443,29.047129],[-82.458407,29.047224],[-82.45841,29.047238],[-82.458464,29.047473],[-82.458566,29.04765],[-82.458911,29.047651],[-82.458923,29.047647],[-82.459445,29.047456],[-82.459869,29.047233],[-82.460557,29.046869],[-82.460797,29.046742],[-82.461774,29.045945],[-82.462532,29.045104],[-82.462865,29.044905],[-82.46312,29.044817],[-82.463161,29.044779],[-82.46349,29.044641],[-82.463784,29.044656],[-82.464024,29.044865],[-82.464326,29.045191],[-82.464466,29.04533],[-82.464641,29.04562],[-82.4648,29.045762],[-82.464983,29.045981],[-82.465406,29.046375],[-82.465775,29.046704],[-82.466055,29.047021],[-82.466367,29.047459],[-82.466759,29.047849],[-82.467054,29.048029],[-82.467376,29.048045],[-82.467526,29.048052],[-82.467676,29.048059],[-82.467755,29.048063],[-82.467816,29.048048],[-82.467878,29.048034],[-82.46794,29.048019],[-82.468101,29.047981],[-82.468233,29.04786],[-82.468386,29.047588],[-82.468527,29.047283],[-82.468747,29.047035],[-82.468914,29.046876],[-82.468983,29.046811],[-82.469491,29.046554],[-82.470036,29.046472],[-82.470546,29.046582],[-82.470911,29.04682],[-82.471421,29.047162],[-82.471805,29.047496],[-82.472161,29.047747],[-82.47259,29.048032],[-82.472872,29.048277],[-82.473176,29.048494],[-82.473414,29.048799],[-82.473562,29.049204],[-82.473588,29.049621],[-82.473492,29.050306],[-82.472838,29.050801],[-82.472727,29.050985],[-82.472923,29.051203],[-82.473245,29.05121],[-82.473628,29.051109],[-82.474032,29.051079],[-82.474493,29.051176],[-82.474859,29.051366],[-82.475273,29.051368],[-82.475911,29.051212],[-82.476067,29.05113],[-82.476382,29.05106],[-82.476646,29.051148],[-82.476899,29.051473],[-82.477215,29.052067],[-82.477389,29.052238],[-82.477563,29.052409],[-82.477639,29.052484],[-82.477893,29.052565],[-82.478115,29.052555],[-82.478406,29.052346],[-82.47881,29.052217],[-82.4791,29.052253],[-82.479746,29.052398],[-82.480434,29.052482],[-82.481276,29.052528],[-82.481866,29.052526],[-82.482059,29.052483],[-82.482091,29.05245],[-82.482238,29.052299],[-82.482386,29.052148],[-82.482631,29.051902],[-82.482876,29.051655],[-82.482943,29.051587],[-82.48331,29.051306],[-82.483388,29.051246],[-82.483944,29.051099],[-82.48421,29.051176],[-82.484228,29.051182],[-82.484513,29.051266],[-82.484695,29.05132],[-82.484976,29.051446],[-82.484992,29.051453],[-82.485111,29.051506],[-82.485846,29.05169],[-82.486472,29.051671],[-82.487154,29.051602],[-82.487761,29.0515],[-82.488072,29.051449],[-82.488369,29.051115],[-82.488637,29.050796],[-82.488588,29.05014],[-82.488243,29.049752],[-82.487598,29.049329],[-82.487216,29.048867],[-82.487118,29.048375],[-82.487271,29.048238],[-82.487341,29.048173],[-82.487441,29.048037],[-82.487839,29.047969],[-82.488276,29.048034],[-82.488731,29.048165],[-82.489244,29.048347],[-82.489757,29.048395],[-82.490135,29.048277],[-82.490494,29.048009],[-82.490732,29.047696],[-82.491004,29.047391],[-82.491064,29.047332],[-82.491501,29.047128],[-82.492167,29.047004],[-82.493052,29.04679],[-82.493602,29.046591],[-82.493681,29.046561],[-82.493718,29.046537],[-82.494051,29.046214],[-82.494315,29.045846],[-82.494493,29.04551],[-82.494524,29.045436],[-82.495227,29.044354],[-82.495681,29.043917],[-82.496207,29.043382],[-82.4966,29.043134],[-82.49695,29.042824],[-82.49727,29.042459],[-82.497637,29.042175],[-82.497964,29.041993],[-82.497995,29.041959],[-82.498006,29.041947],[-82.498379,29.041784],[-82.498727,29.041758],[-82.499339,29.041843],[-82.499822,29.041835],[-82.500156,29.041843],[-82.500344,29.041355],[-82.500612,29.041134],[-82.501346,29.04105],[-82.501541,29.04105],[-82.501827,29.041038],[-82.502062,29.04103],[-82.502239,29.041119],[-82.502456,29.041505],[-82.502634,29.041629],[-82.502719,29.041647],[-82.502757,29.041619],[-82.503009,29.041433],[-82.504573,29.040155],[-82.505871,29.039275],[-82.505933,29.039234],[-82.506815,29.038835],[-82.50717,29.038702],[-82.507378,29.038538],[-82.507387,29.038523],[-82.507718,29.038001],[-82.508131,29.037479],[-82.508617,29.037431],[-82.509031,29.037374],[-82.509602,29.037496],[-82.509826,29.037572],[-82.510041,29.03786],[-82.509956,29.038273],[-82.509687,29.038599],[-82.509242,29.038879],[-82.508864,29.039215],[-82.508809,29.039264],[-82.508568,29.039679],[-82.508572,29.039742],[-82.508606,29.040333],[-82.508953,29.040688],[-82.509121,29.040859],[-82.509652,29.041402],[-82.509804,29.041503],[-82.510152,29.041562],[-82.510395,29.041546],[-82.510459,29.041459],[-82.510473,29.041426],[-82.51077,29.041129],[-82.510824,29.041074],[-82.511197,29.040916],[-82.511519,29.040985],[-82.511769,29.0412],[-82.511857,29.041555],[-82.511783,29.042081],[-82.511603,29.042658],[-82.511498,29.042994],[-82.511493,29.043011],[-82.511583,29.043234],[-82.511931,29.04337],[-82.512348,29.043322],[-82.512435,29.043301],[-82.512598,29.04321],[-82.512776,29.043187],[-82.513,29.043157],[-82.51323,29.043224],[-82.515336,29.04384],[-82.515741,29.043941],[-82.516055,29.04409],[-82.516216,29.044164],[-82.516313,29.044209],[-82.516443,29.044232],[-82.516624,29.044231],[-82.516939,29.044199],[-82.517096,29.044029],[-82.517112,29.043767],[-82.517076,29.043506],[-82.516899,29.043276],[-82.516827,29.042927],[-82.516809,29.042646],[-82.516825,29.042353],[-82.51703,29.042051],[-82.517364,29.041772],[-82.518781,29.041197],[-82.518902,29.041148],[-82.5192,29.040894],[-82.519533,29.040543],[-82.519975,29.040191],[-82.520483,29.039788],[-82.52092,29.039653],[-82.521764,29.039648],[-82.522358,29.039644],[-82.52278,29.039728],[-82.523049,29.039903],[-82.52313,29.039999],[-82.523291,29.040191],[-82.523288,29.040698],[-82.523287,29.041063],[-82.523208,29.041678],[-82.523197,29.041767],[-82.523214,29.041804],[-82.52333,29.042057],[-82.523469,29.042184],[-82.523681,29.04223],[-82.524018,29.042137],[-82.524208,29.041957],[-82.524609,29.041282],[-82.524758,29.040844],[-82.52501,29.04059],[-82.525229,29.040563],[-82.525496,29.040649],[-82.525692,29.040857],[-82.525706,29.04118],[-82.525683,29.041471],[-82.525504,29.04174],[-82.524945,29.042255],[-82.524868,29.042424],[-82.524839,29.042491],[-82.52488,29.042789],[-82.525057,29.043005],[-82.525389,29.043115],[-82.525614,29.043116],[-82.52581,29.043118],[-82.526595,29.042939],[-82.526687,29.042909],[-82.526965,29.042821],[-82.527058,29.042792],[-82.527291,29.042718],[-82.527342,29.042703],[-82.52776,29.042529],[-82.527985,29.042571],[-82.527999,29.042574],[-82.52822,29.042644],[-82.528361,29.042845],[-82.528685,29.043107],[-82.529092,29.043377],[-82.529644,29.043531],[-82.530378,29.043627],[-82.530824,29.043481],[-82.530843,29.043476],[-82.531042,29.04332],[-82.531203,29.043076],[-82.531136,29.042327],[-82.531157,29.041898],[-82.531424,29.041394],[-82.531931,29.041057],[-82.532689,29.040934],[-82.534922,29.040866],[-82.535116,29.040928],[-82.535219,29.041129],[-82.535214,29.041339],[-82.535124,29.041462],[-82.53489,29.041707],[-82.534347,29.042133],[-82.533914,29.042559],[-82.533774,29.04294],[-82.533773,29.04298],[-82.533763,29.043409],[-82.53415,29.044156],[-82.534477,29.044532],[-82.534846,29.044697],[-82.535131,29.04475],[-82.535591,29.044855],[-82.536478,29.044823],[-82.536851,29.044697],[-82.537086,29.044492],[-82.537166,29.044313],[-82.537163,29.044119],[-82.537106,29.043931],[-82.536692,29.043489],[-82.536562,29.043198],[-82.536613,29.042963],[-82.536893,29.042717],[-82.538085,29.04225],[-82.539604,29.042148],[-82.541032,29.042053],[-82.541737,29.042052],[-82.54205,29.042146],[-82.542773,29.042694],[-82.543029,29.042724],[-82.543368,29.042687],[-82.543856,29.042334],[-82.544148,29.042258],[-82.544953,29.042167],[-82.545308,29.042042],[-82.545817,29.041793],[-82.546504,29.041359],[-82.549887,29.039223],[-82.550157,29.038961],[-82.550325,29.038595],[-82.550625,29.037881],[-82.550859,29.037611],[-82.551114,29.037503],[-82.551908,29.037372],[-82.552217,29.037191],[-82.552423,29.036922],[-82.552601,29.036621],[-82.554229,29.035381],[-82.554711,29.035165],[-82.554954,29.034895],[-82.55501,29.034822],[-82.555277,29.034471],[-82.555751,29.034082],[-82.556018,29.033864],[-82.556737,29.033605],[-82.557323,29.033598],[-82.557774,29.03377],[-82.558081,29.034049],[-82.558187,29.034363],[-82.558182,29.034605],[-82.558223,29.034912],[-82.558273,29.035186],[-82.558523,29.035304],[-82.558761,29.035358],[-82.559118,29.035305],[-82.560922,29.034758],[-82.56147,29.03467],[-82.562076,29.034729],[-82.562203,29.034742],[-82.562739,29.035042],[-82.563058,29.035515],[-82.563485,29.035825],[-82.563888,29.035877],[-82.564135,29.035817],[-82.564425,29.035684],[-82.565081,29.035523],[-82.565292,29.035472],[-82.565591,29.035315],[-82.565771,29.03507],[-82.565931,29.034809],[-82.5661,29.034517],[-82.566207,29.034445],[-82.5663,29.034385],[-82.566684,29.034388],[-82.567454,29.034403],[-82.567588,29.034401],[-82.567875,29.034398],[-82.568047,29.034346],[-82.568339,29.034239],[-82.568521,29.034131],[-82.568727,29.033886],[-82.56888,29.033699],[-82.56895,29.033488],[-82.569058,29.033389],[-82.569268,29.033338],[-82.569707,29.033349],[-82.569844,29.033299],[-82.57058,29.032975],[-82.571175,29.032935],[-82.571805,29.032839],[-82.572196,29.032696],[-82.572608,29.032442],[-82.572704,29.032383],[-82.572902,29.032146],[-82.573033,29.031797],[-82.573039,29.031694],[-82.573077,29.031086],[-82.573192,29.030842],[-82.573562,29.030522],[-82.573734,29.030369],[-82.574004,29.030129],[-82.574298,29.029617],[-82.574338,29.029577],[-82.574803,29.029117],[-82.575168,29.028966],[-82.576067,29.028593],[-82.576347,29.028371],[-82.576682,29.028157],[-82.576974,29.028065],[-82.577605,29.028033],[-82.577972,29.02806],[-82.580963,29.027894],[-82.581882,29.027925],[-82.583592,29.027983],[-82.586133,29.028282],[-82.588529,29.028632],[-82.588684,29.028684],[-82.590141,29.029178],[-82.592384,29.029772],[-82.593616,29.030039],[-82.594412,29.030054],[-82.595224,29.029874],[-82.595997,29.029565],[-82.596641,29.029178],[-82.597282,29.028612],[-82.597884,29.027926],[-82.598448,29.02694],[-82.598765,29.026388],[-82.59963,29.024979],[-82.600283,29.024091],[-82.600681,29.023237],[-82.601684,29.021294],[-82.60191,29.020556],[-82.602036,29.019875],[-82.601996,29.019165],[-82.601811,29.018489],[-82.601414,29.017742],[-82.600925,29.016924],[-82.600715,29.016394],[-82.600763,29.016021],[-82.600827,29.015463],[-82.601326,29.0146],[-82.602131,29.013451],[-82.603476,29.012344],[-82.605363,29.011318],[-82.607473,29.010443],[-82.607992,29.010304],[-82.608168,29.010256],[-82.608343,29.010209],[-82.610662,29.009587],[-82.612653,29.009271],[-82.612938,29.009302],[-82.613396,29.009351],[-82.614048,29.00952],[-82.614768,29.009867],[-82.61522,29.010047],[-82.615541,29.010131],[-82.61607,29.010174],[-82.61624,29.010188],[-82.616311,29.010194],[-82.616599,29.010207],[-82.61666,29.010209],[-82.617256,29.010231],[-82.617803,29.010193],[-82.618224,29.01029],[-82.618621,29.010501],[-82.618854,29.01061],[-82.618922,29.010642],[-82.619143,29.010899],[-82.619328,29.011181],[-82.619418,29.011385],[-82.619467,29.011498],[-82.619569,29.011594],[-82.619643,29.011662],[-82.619716,29.01173],[-82.620278,29.012077],[-82.62084,29.012423],[-82.620956,29.012495],[-82.621014,29.012511],[-82.621181,29.012555],[-82.62159,29.012553],[-82.622044,29.012509],[-82.622312,29.012487],[-82.622451,29.012475],[-82.622591,29.012464],[-82.622973,29.012478],[-82.623433,29.012615],[-82.623845,29.012736],[-82.62425,29.012931],[-82.624658,29.013199],[-82.624774,29.013271],[-82.624889,29.013343],[-82.625121,29.013579],[-82.625419,29.013778],[-82.625838,29.013877],[-82.625993,29.013871],[-82.626819,29.013763],[-82.627377,29.013639],[-82.627926,29.013595],[-82.628241,29.013586],[-82.628574,29.013704],[-82.629043,29.01399],[-82.629447,29.014557],[-82.629682,29.014916],[-82.630047,29.015531],[-82.630075,29.015577],[-82.630419,29.016136],[-82.630658,29.016391],[-82.630942,29.016477],[-82.631326,29.016407],[-82.631751,29.01627],[-82.632204,29.01611],[-82.632775,29.016075],[-82.63318,29.016087],[-82.633309,29.016092],[-82.633577,29.016154],[-82.633845,29.016545],[-82.633921,29.016857],[-82.634005,29.0172],[-82.63441,29.017833],[-82.6347,29.017953],[-82.63485,29.018016],[-82.635039,29.017976],[-82.635102,29.017962],[-82.635292,29.017922],[-82.635356,29.01791],[-82.635563,29.017866],[-82.635802,29.017755],[-82.636167,29.017587],[-82.636245,29.01758],[-82.636625,29.017489],[-82.636986,29.017499],[-82.637225,29.017708],[-82.637392,29.017763],[-82.637979,29.017866],[-82.638349,29.017978],[-82.638462,29.018012],[-82.638975,29.018249],[-82.639251,29.018618],[-82.639392,29.018992],[-82.639418,29.019059],[-82.639528,29.019335],[-82.639097,29.019955],[-82.639344,29.020391],[-82.639391,29.020475],[-82.639591,29.020827],[-82.639731,29.020952],[-82.639952,29.021148],[-82.64029,29.02135],[-82.640486,29.021467],[-82.640988,29.021461],[-82.641618,29.021186],[-82.642012,29.021019],[-82.6428,29.020719],[-82.642875,29.020669],[-82.643127,29.020505],[-82.643375,29.020305],[-82.644072,29.020076],[-82.64449,29.020216],[-82.644616,29.020258],[-82.644909,29.020356],[-82.64531,29.020607],[-82.645527,29.020952],[-82.645823,29.021286],[-82.645892,29.021337],[-82.64613,29.021514],[-82.646399,29.021582],[-82.646568,29.021625],[-82.646953,29.021702],[-82.647125,29.021716],[-82.64731,29.021732],[-82.647409,29.021751],[-82.647709,29.021809],[-82.647809,29.021829],[-82.648,29.021866],[-82.648329,29.021895],[-82.648724,29.021818],[-82.648996,29.021604],[-82.649088,29.021256],[-82.649292,29.020951],[-82.649403,29.020952],[-82.649538,29.020955],[-82.649752,29.021285],[-82.649799,29.021358],[-82.650036,29.021762],[-82.650222,29.021857],[-82.65036,29.021929],[-82.650908,29.022139],[-82.651524,29.022387],[-82.651679,29.022486],[-82.651999,29.022689],[-82.65229,29.022834],[-82.652692,29.023035],[-82.653006,29.023065],[-82.653297,29.023093],[-82.653428,29.023103],[-82.653865,29.023139],[-82.654533,29.023117],[-82.654695,29.02308],[-82.655109,29.022988],[-82.65521,29.022965],[-82.655314,29.02292],[-82.655588,29.022803],[-82.655938,29.022741],[-82.656109,29.022711],[-82.656152,29.0227],[-82.656206,29.022686],[-82.656371,29.022646],[-82.656426,29.022633],[-82.656521,29.022609],[-82.656674,29.022573],[-82.656788,29.022494],[-82.656869,29.022438],[-82.65693,29.022395],[-82.65705,29.022312],[-82.657123,29.022288],[-82.657194,29.022266],[-82.657241,29.022251],[-82.657381,29.022206],[-82.657429,29.022192],[-82.657813,29.022256],[-82.658251,29.022481],[-82.658578,29.022825],[-82.658698,29.022991],[-82.658822,29.023163],[-82.658977,29.023253],[-82.659266,29.02342],[-82.65968,29.023579],[-82.659805,29.023577],[-82.660053,29.023574],[-82.660432,29.023497],[-82.660812,29.023453],[-82.66123,29.023461],[-82.661577,29.02353],[-82.661758,29.023566],[-82.66221,29.02383],[-82.662387,29.023944],[-82.662489,29.02401],[-82.662677,29.02406],[-82.662938,29.024044],[-82.663254,29.023963],[-82.663369,29.023933],[-82.663596,29.023889],[-82.663808,29.023849],[-82.664412,29.023802],[-82.664641,29.023807],[-82.6648,29.023811],[-82.664981,29.023874],[-82.665202,29.02395],[-82.665251,29.023988],[-82.665459,29.02415],[-82.665887,29.024604],[-82.666028,29.024753],[-82.666106,29.024802],[-82.666307,29.024927],[-82.666724,29.024994],[-82.666794,29.025006],[-82.667287,29.025072],[-82.66784,29.025098],[-82.66855,29.025148],[-82.668693,29.025161],[-82.669088,29.025198],[-82.669135,29.025203],[-82.669242,29.025213],[-82.669342,29.025287],[-82.670165,29.02533],[-82.670938,29.025349],[-82.670985,29.025352],[-82.671099,29.025359],[-82.671127,29.025361],[-82.671175,29.025365],[-82.671214,29.025367],[-82.671332,29.025375],[-82.671372,29.025378],[-82.671394,29.025379],[-82.67146,29.025383],[-82.671482,29.025385],[-82.671603,29.025393],[-82.671666,29.025398],[-82.672219,29.025443],[-82.672404,29.02546],[-82.672536,29.025472],[-82.672863,29.025502],[-82.672928,29.025532],[-82.67305,29.025588],[-82.673262,29.025685],[-82.673419,29.025757],[-82.6739,29.025941],[-82.673913,29.025944],[-82.674141,29.026],[-82.674335,29.026047],[-82.674387,29.026047],[-82.67482,29.026048],[-82.675141,29.026073],[-82.675179,29.026076],[-82.675377,29.026158],[-82.675412,29.026171],[-82.675472,29.026196],[-82.675479,29.026247],[-82.675482,29.026266],[-82.675485,29.026287],[-82.675503,29.026408],[-82.675513,29.026472],[-82.67553,29.026777],[-82.675535,29.026866],[-82.675538,29.0269],[-82.675559,29.02711],[-82.675588,29.027396],[-82.675802,29.027669],[-82.675904,29.027799],[-82.675935,29.027834],[-82.676133,29.028065],[-82.676195,29.028248],[-82.67619,29.02829],[-82.676169,29.028491],[-82.676197,29.028845],[-82.676247,29.029153],[-82.676378,29.02942],[-82.676619,29.029803],[-82.676907,29.03026],[-82.677001,29.03041],[-82.677095,29.03056],[-82.67713,29.030561],[-82.677394,29.030569],[-82.67775,29.030446],[-82.678023,29.030259],[-82.678218,29.030219],[-82.67844,29.030175],[-82.678604,29.03018],[-82.678659,29.030181],[-82.67891,29.030189],[-82.679404,29.030275],[-82.679831,29.03036],[-82.680018,29.030398],[-82.680131,29.03044],[-82.680276,29.030494],[-82.680379,29.030532],[-82.680657,29.030659],[-82.681215,29.030777],[-82.681646,29.030812],[-82.681828,29.030828],[-82.68232,29.03077],[-82.683176,29.030628],[-82.683541,29.030564],[-82.683804,29.030699],[-82.684047,29.030945],[-82.684386,29.031144],[-82.685299,29.031467],[-82.685575,29.031554],[-82.686063,29.031709],[-82.686357,29.031802],[-82.686667,29.03206],[-82.686865,29.03232],[-82.687115,29.032553],[-82.687301,29.032607],[-82.687415,29.032641],[-82.687768,29.032706],[-82.68785,29.032721],[-82.688142,29.032816],[-82.688718,29.033084],[-82.688931,29.033434],[-82.688948,29.033462],[-82.689303,29.033733],[-82.68939,29.033772],[-82.689654,29.03389],[-82.689742,29.03393],[-82.689814,29.033962],[-82.689865,29.033953],[-82.690246,29.033891],[-82.69037,29.033835],[-82.690639,29.033714],[-82.690802,29.033642],[-82.690908,29.033581],[-82.691262,29.033379],[-82.691416,29.033292],[-82.691534,29.033226],[-82.69167,29.033143],[-82.691702,29.033123],[-82.691801,29.033062],[-82.691834,29.033043],[-82.692103,29.032878],[-82.69227,29.032777],[-82.692386,29.032736],[-82.692826,29.032586],[-82.692989,29.032583],[-82.69323,29.032581],[-82.693303,29.032599],[-82.693769,29.032712],[-82.694166,29.032851],[-82.694565,29.032991],[-82.695128,29.03318],[-82.695486,29.033189],[-82.696019,29.03313],[-82.696516,29.0329],[-82.696688,29.032728],[-82.696802,29.032615],[-82.696866,29.031951],[-82.696907,29.031891],[-82.697019,29.031726],[-82.697369,29.031689],[-82.697796,29.031749],[-82.698233,29.032019],[-82.698633,29.03225],[-82.69903,29.032337],[-82.699563,29.032291],[-82.699761,29.032241],[-82.700031,29.032174],[-82.700692,29.031942],[-82.701028,29.031964],[-82.701397,29.032143],[-82.70167,29.032428],[-82.701988,29.032707],[-82.702318,29.032807],[-82.702617,29.032823],[-82.702833,29.032821],[-82.703631,29.032535],[-82.704371,29.032119],[-82.704701,29.031741],[-82.705,29.031343],[-82.705188,29.030986],[-82.705528,29.030766],[-82.705961,29.030767],[-82.706258,29.030865],[-82.706532,29.030956],[-82.707115,29.031244],[-82.70764,29.031434],[-82.707802,29.031443],[-82.708178,29.031467],[-82.708699,29.031316],[-82.708758,29.031294],[-82.709306,29.031096],[-82.709803,29.030899],[-82.710169,29.030867],[-82.710807,29.030911],[-82.710951,29.030924],[-82.711091,29.030938],[-82.711386,29.030971],[-82.71153,29.030988],[-82.711585,29.030962],[-82.71163,29.030941],[-82.711645,29.03093],[-82.711664,29.030917],[-82.711711,29.030909],[-82.711838,29.030889],[-82.711853,29.030884],[-82.7119,29.030872],[-82.712039,29.030834],[-82.712312,29.030673],[-82.71237,29.0306],[-82.712583,29.030335],[-82.71286,29.029944],[-82.713243,29.029624],[-82.713567,29.029507],[-82.713792,29.029427],[-82.714088,29.029316],[-82.714441,29.029183],[-82.714757,29.02887],[-82.714968,29.028732],[-82.715104,29.028643],[-82.715638,29.028465],[-82.716023,29.028384],[-82.716167,29.028354],[-82.716641,29.028157],[-82.716921,29.027904],[-82.717226,29.027415],[-82.717536,29.026978],[-82.718112,29.026597],[-82.719336,29.026122],[-82.720013,29.025575],[-82.720421,29.02498],[-82.720926,29.024317],[-82.720948,29.02429],[-82.721099,29.023501],[-82.721694,29.023376],[-82.722198,29.023185],[-82.722295,29.023001],[-82.722431,29.022741],[-82.722574,29.022472],[-82.722671,29.021985],[-82.722741,29.021949],[-82.723003,29.021818],[-82.723199,29.021719],[-82.723233,29.021703],[-82.723736,29.021407],[-82.723762,29.021381],[-82.72392,29.02123],[-82.724848,29.019899],[-82.725309,29.019051],[-82.725942,29.018522],[-82.726586,29.018103],[-82.726915,29.017865],[-82.727134,29.017488],[-82.727174,29.016901],[-82.727237,29.016182],[-82.727385,29.015543],[-82.727678,29.015092],[-82.727945,29.014914],[-82.728082,29.014823],[-82.728754,29.014743],[-82.729308,29.014737],[-82.73042,29.014913],[-82.731542,29.014947],[-82.732583,29.014953],[-82.733467,29.014945],[-82.733724,29.014882],[-82.734054,29.014635],[-82.734479,29.013987],[-82.73513,29.013621],[-82.736075,29.013145],[-82.736535,29.012769],[-82.737214,29.012406],[-82.737735,29.012272],[-82.738483,29.012311],[-82.739686,29.012453],[-82.740354,29.012362],[-82.741005,29.012069],[-82.741897,29.011415],[-82.742487,29.010671],[-82.742738,29.010175],[-82.742678,29.009732],[-82.742198,29.009144],[-82.741892,29.008656],[-82.741959,29.008352],[-82.742319,29.008024],[-82.742741,29.00785],[-82.743407,29.007847],[-82.744292,29.007748],[-82.744877,29.007568],[-82.74586,29.006932],[-82.747295,29.005782],[-82.748176,29.005055],[-82.749196,29.004493],[-82.749719,29.004229],[-82.750749,29.0039],[-82.751643,29.003393],[-82.752351,29.002996],[-82.753361,29.002725],[-82.754296,29.0025],[-82.75492,29.002248],[-82.755421,29.001865],[-82.755565,29.001175],[-82.75558,29.000758],[-82.755588,29.000268],[-82.755408,28.999828],[-82.755338,28.999769],[-82.75513,28.999593],[-82.755061,28.999535],[-82.754841,28.998954],[-82.754595,28.99838],[-82.754585,28.998357],[-82.75451,28.998025],[-82.754489,28.997937],[-82.754485,28.997922],[-82.754704,28.997575],[-82.754752,28.997497],[-82.754798,28.997468],[-82.754899,28.997404],[-82.755001,28.99734],[-82.755196,28.997217],[-82.755391,28.997093],[-82.75559,28.996965],[-82.756252,28.99637],[-82.756278,28.996346],[-82.756537,28.996027],[-82.756591,28.995961],[-82.756646,28.995896],[-82.756788,28.99572],[-82.757352,28.995001],[-82.757409,28.994927],[-82.757468,28.994854],[-82.757584,28.994705],[-82.757714,28.99458],[-82.757732,28.99456],[-82.75776,28.99453],[-82.757807,28.994479],[-82.75876,28.99351],[-82.758848,28.993401],[-82.758936,28.993213],[-82.759203,28.992655],[-82.759294,28.99247],[-82.759367,28.99242],[-82.759699,28.992372],[-82.761568,28.992091],[-82.762173,28.99207],[-82.763142,28.992071],[-82.763922,28.992071],[-82.765562,28.992122],[-82.766025,28.992044],[-82.772225,28.991973],[-82.801572,28.991607],[-82.843741,28.991088],[-82.999765,28.989141],[-83.187906,28.986573]]]]}},{"type":"Feature","properties":{"sourceGeoid":"1226","stateFips":"12","districtCode":"26","stateCode":null,"label":"Congressional District 26"},"geometry":{"type":"MultiPolygon","coordinates":[[[[-81.563763,26.513331],[-81.563761,26.513173],[-81.563687,26.508143],[-81.563647,26.506086],[-81.56363,26.505201],[-81.563538,26.500351],[-81.563463,26.496061],[-81.563441,26.494835],[-81.563383,26.491475],[-81.563075,26.473259],[-81.563075,26.473233],[-81.56311,26.473105],[-81.563112,26.473095],[-81.563125,26.473029],[-81.56313,26.472939],[-81.563104,26.471905],[-81.563029,26.467251],[-81.563026,26.467015],[-81.563026,26.466992],[-81.563025,26.466965],[-81.563025,26.466947],[-81.563013,26.466203],[-81.563013,26.466193],[-81.563011,26.466087],[-81.563007,26.465949],[-81.563006,26.465916],[-81.562937,26.46342],[-81.562884,26.460823],[-81.562882,26.460416],[-81.562806,26.45699],[-81.562759,26.45519],[-81.562755,26.454751],[-81.562743,26.454395],[-81.562702,26.452736],[-81.562699,26.452636],[-81.562685,26.451864],[-81.562679,26.451707],[-81.562675,26.451598],[-81.562675,26.451517],[-81.562666,26.451131],[-81.562665,26.451054],[-81.562646,26.450345],[-81.562627,26.448991],[-81.562603,26.447673],[-81.562583,26.446622],[-81.562581,26.446523],[-81.562555,26.444887],[-81.562555,26.444877],[-81.562555,26.444864],[-81.56254,26.443893],[-81.56254,26.44387],[-81.562539,26.443818],[-81.562534,26.443499],[-81.562529,26.443195],[-81.562357,26.432073],[-81.562351,26.431691],[-81.562349,26.431525],[-81.562335,26.43091],[-81.562334,26.43089],[-81.562334,26.430878],[-81.562319,26.430243],[-81.562326,26.430179],[-81.562216,26.423158],[-81.562186,26.422718],[-81.56218,26.422625],[-81.56252,26.422619],[-81.567518,26.422575],[-81.578532,26.422402],[-81.578793,26.422398],[-81.578996,26.422395],[-81.586929,26.422266],[-81.603441,26.421999],[-81.604224,26.421992],[-81.604426,26.421991],[-81.604628,26.42199],[-81.604775,26.421977],[-81.604843,26.421976],[-81.608073,26.421924],[-81.608179,26.421922],[-81.613776,26.421835],[-81.613874,26.42184],[-81.618837,26.421769],[-81.618932,26.421768],[-81.619072,26.421766],[-81.619086,26.421766],[-81.619106,26.421765],[-81.619122,26.421765],[-81.619245,26.421763],[-81.62073,26.421742],[-81.621105,26.421737],[-81.622702,26.421717],[-81.622733,26.421717],[-81.62281,26.421716],[-81.624803,26.421691],[-81.626433,26.421662],[-81.626585,26.421659],[-81.629793,26.421602],[-81.629947,26.421599],[-81.629988,26.421598],[-81.632763,26.421549],[-81.636322,26.421475],[-81.64059,26.421382],[-81.642832,26.421333],[-81.643034,26.421329],[-81.643359,26.421322],[-81.647347,26.421294],[-81.647372,26.421294],[-81.647819,26.421291],[-81.64916,26.421266],[-81.649555,26.421259],[-81.652397,26.421207],[-81.658356,26.421097],[-81.659506,26.421077],[-81.659502,26.420891],[-81.659495,26.420554],[-81.659473,26.419495],[-81.659466,26.419141],[-81.659459,26.418787],[-81.659441,26.41794],[-81.659303,26.411305],[-81.659196,26.406148],[-81.659161,26.404472],[-81.658558,26.375359],[-81.658396,26.363259],[-81.658389,26.36273],[-81.658221,26.347181],[-81.658122,26.338031],[-81.658061,26.332435],[-81.658064,26.332368],[-81.65806,26.332232],[-81.658058,26.332067],[-81.657903,26.317841],[-81.6579,26.317563],[-81.658546,26.31755],[-81.658911,26.317548],[-81.666066,26.31752],[-81.666194,26.317521],[-81.667248,26.317531],[-81.667719,26.317535],[-81.670527,26.317501],[-81.671457,26.317491],[-81.673716,26.317465],[-81.674639,26.317457],[-81.674858,26.317455],[-81.674895,26.317455],[-81.674907,26.317455],[-81.674936,26.317454],[-81.674952,26.317454],[-81.682003,26.31739],[-81.687247,26.31736],[-81.687267,26.31736],[-81.687428,26.317359],[-81.687727,26.317357],[-81.689877,26.317344],[-81.690036,26.317341],[-81.690494,26.317334],[-81.696669,26.317285],[-81.697153,26.31728],[-81.698112,26.317273],[-81.703265,26.317232],[-81.70404,26.317226],[-81.704925,26.317219],[-81.704959,26.317219],[-81.704979,26.317219],[-81.705024,26.317218],[-81.705924,26.317211],[-81.706103,26.317209],[-81.706262,26.317208],[-81.712347,26.317161],[-81.71366,26.317151],[-81.714,26.317148],[-81.714649,26.317142],[-81.717588,26.317119],[-81.722098,26.317084],[-81.722328,26.317082],[-81.722405,26.317081],[-81.722969,26.317077],[-81.723419,26.317073],[-81.724825,26.317062],[-81.725531,26.317057],[-81.727854,26.317039],[-81.729606,26.317011],[-81.730079,26.317004],[-81.730241,26.316996],[-81.730713,26.316968],[-81.73131,26.316928],[-81.731943,26.316885],[-81.73196,26.316884],[-81.731982,26.316882],[-81.732151,26.316871],[-81.732221,26.31687],[-81.732397,26.316867],[-81.732424,26.316866],[-81.732448,26.316866],[-81.732534,26.316865],[-81.732831,26.316862],[-81.732993,26.316861],[-81.733384,26.316858],[-81.733405,26.316858],[-81.733432,26.316858],[-81.73386,26.316854],[-81.733883,26.316857],[-81.734449,26.316942],[-81.734744,26.316985],[-81.735345,26.31698],[-81.735987,26.316975],[-81.737131,26.316966],[-81.737237,26.316965],[-81.737459,26.316963],[-81.7449,26.316904],[-81.745244,26.316901],[-81.745717,26.316893],[-81.745823,26.316898],[-81.746167,26.316896],[-81.746077,26.316662],[-81.743716,26.310765],[-81.743483,26.310115],[-81.743349,26.30966],[-81.743219,26.30917],[-81.743173,26.308998],[-81.743081,26.308583],[-81.742995,26.308139],[-81.742941,26.307808],[-81.742896,26.307476],[-81.742834,26.306879],[-81.742799,26.306401],[-81.742784,26.306011],[-81.742774,26.305254],[-81.742755,26.30248],[-81.742753,26.302211],[-81.742724,26.297909],[-81.742708,26.295791],[-81.7427,26.294747],[-81.742657,26.289227],[-81.742649,26.288218],[-81.742645,26.287516],[-81.742643,26.286919],[-81.742638,26.286417],[-81.742619,26.284569],[-81.7426,26.28089],[-81.74257,26.278049],[-81.742569,26.277906],[-81.742568,26.277772],[-81.74256,26.277049],[-81.742568,26.27682],[-81.742573,26.276287],[-81.742559,26.275446],[-81.742562,26.274547],[-81.742552,26.272888],[-81.742548,26.272235],[-81.74253,26.271141],[-81.742508,26.268627],[-81.74249,26.268091],[-81.74249,26.267913],[-81.742498,26.26775],[-81.7425,26.267088],[-81.742479,26.264677],[-81.74247,26.264428],[-81.742442,26.26393],[-81.742424,26.263682],[-81.742329,26.262784],[-81.742286,26.262496],[-81.742179,26.261874],[-81.74195,26.260731],[-81.741777,26.260093],[-81.741644,26.259646],[-81.741504,26.259213],[-81.741334,26.258712],[-81.740894,26.257536],[-81.740331,26.256033],[-81.739863,26.25478],[-81.73783,26.249347],[-81.737623,26.24878],[-81.737435,26.248215],[-81.737266,26.247651],[-81.737114,26.24708],[-81.737021,26.246692],[-81.737002,26.246602],[-81.736899,26.246113],[-81.736789,26.245508],[-81.736735,26.245152],[-81.736722,26.245067],[-81.736661,26.244583],[-81.736604,26.243989],[-81.736554,26.243247],[-81.73654,26.242854],[-81.736525,26.2418],[-81.736497,26.240549],[-81.736462,26.238612],[-81.736425,26.237037],[-81.736326,26.231985],[-81.73629,26.230139],[-81.736226,26.226706],[-81.736184,26.224462],[-81.73617,26.223748],[-81.736116,26.220848],[-81.736092,26.219754],[-81.736056,26.21848],[-81.736056,26.218258],[-81.736057,26.217676],[-81.736057,26.217623],[-81.736045,26.216905],[-81.736011,26.215553],[-81.735959,26.212518],[-81.735938,26.21161],[-81.7345,26.211624],[-81.733206,26.211637],[-81.733089,26.211638],[-81.73297,26.211639],[-81.732751,26.211641],[-81.732682,26.211643],[-81.73268,26.209965],[-81.730697,26.209988],[-81.729635,26.210001],[-81.728842,26.21001],[-81.728306,26.210022],[-81.726762,26.210037],[-81.725594,26.210055],[-81.723223,26.210081],[-81.721476,26.210108],[-81.720818,26.210111],[-81.720091,26.210125],[-81.718731,26.210137],[-81.717875,26.210151],[-81.717854,26.208533],[-81.71782,26.20652],[-81.717777,26.203988],[-81.717792,26.203596],[-81.717857,26.203246],[-81.717981,26.202891],[-81.718077,26.202656],[-81.71814,26.202536],[-81.718186,26.202447],[-81.718392,26.202148],[-81.71874,26.20169],[-81.718886,26.201488],[-81.719061,26.201204],[-81.719266,26.200778],[-81.719354,26.20051],[-81.719399,26.200246],[-81.719423,26.200017],[-81.719436,26.199749],[-81.71943,26.199239],[-81.719394,26.198049],[-81.719375,26.197418],[-81.719372,26.197335],[-81.719369,26.197238],[-81.719354,26.196751],[-81.718796,26.196749],[-81.718282,26.196755],[-81.717328,26.19677],[-81.717326,26.196436],[-81.717216,26.192761],[-81.718149,26.192736],[-81.718659,26.192725],[-81.719231,26.192711],[-81.719229,26.192621],[-81.719189,26.191323],[-81.718613,26.191338],[-81.718484,26.186962],[-81.718493,26.186874],[-81.718466,26.186199],[-81.718425,26.184878],[-81.718376,26.183543],[-81.71836,26.18288],[-81.718919,26.182868],[-81.718899,26.181742],[-81.71887,26.178827],[-81.718535,26.178835],[-81.718315,26.178847],[-81.718308,26.178656],[-81.718284,26.17639],[-81.718288,26.175853],[-81.718376,26.175853],[-81.718837,26.175828],[-81.718827,26.174433],[-81.718831,26.173412],[-81.718832,26.173085],[-81.718814,26.171029],[-81.718796,26.169785],[-81.71879,26.169281],[-81.718786,26.168939],[-81.719663,26.168917],[-81.720018,26.168912],[-81.727099,26.168805],[-81.728706,26.168794],[-81.728759,26.16878],[-81.729102,26.168789],[-81.7293,26.168786],[-81.729716,26.168781],[-81.729972,26.168788],[-81.730167,26.168776],[-81.730252,26.168771],[-81.730362,26.168755],[-81.731356,26.16876],[-81.731398,26.168802],[-81.731837,26.169285],[-81.732361,26.169901],[-81.732485,26.170054],[-81.732603,26.17021],[-81.732863,26.170569],[-81.733117,26.170931],[-81.733226,26.171096],[-81.733246,26.171126],[-81.733495,26.17152],[-81.733653,26.171787],[-81.733731,26.17192],[-81.733844,26.172123],[-81.73393,26.172292],[-81.73417,26.172761],[-81.734359,26.173166],[-81.734473,26.173409],[-81.734629,26.17379],[-81.734786,26.174216],[-81.736041,26.1742],[-81.736807,26.174191],[-81.737111,26.174187],[-81.740827,26.174142],[-81.744857,26.174093],[-81.748877,26.174044],[-81.751167,26.174014],[-81.75114,26.173335],[-81.751044,26.17209],[-81.750955,26.171153],[-81.750945,26.171071],[-81.750867,26.170374],[-81.750779,26.169591],[-81.75077,26.168463],[-81.750769,26.168375],[-81.75077,26.168355],[-81.750767,26.168268],[-81.750002,26.16829],[-81.749807,26.168279],[-81.744415,26.168287],[-81.743531,26.168321],[-81.742979,26.168323],[-81.74291,26.166197],[-81.742709,26.1662],[-81.742758,26.164021],[-81.742773,26.163237],[-81.74272,26.16074],[-81.74272,26.158033],[-81.742773,26.157458],[-81.742795,26.153829],[-81.74256,26.146395],[-81.742554,26.146293],[-81.742413,26.14244],[-81.742402,26.141467],[-81.74238,26.139609],[-81.742374,26.138715],[-81.742313,26.138075],[-81.742251,26.133972],[-81.742073,26.124462],[-81.742055,26.123881],[-81.74205,26.123783],[-81.742,26.121053],[-81.741865,26.117603],[-81.741846,26.114717],[-81.741817,26.11036],[-81.741866,26.109262],[-81.741894,26.109085],[-81.742189,26.108713],[-81.742618,26.108172],[-81.743122,26.107371],[-81.743596,26.106707],[-81.743774,26.106553],[-81.745169,26.105416],[-81.745576,26.105017],[-81.745712,26.104883],[-81.745638,26.104814],[-81.744324,26.103362],[-81.743425,26.102376],[-81.742677,26.101558],[-81.741258,26.099992],[-81.74042,26.099099],[-81.739362,26.097918],[-81.738688,26.097149],[-81.737545,26.095901],[-81.736467,26.094736],[-81.735966,26.094154],[-81.734715,26.092797],[-81.733332,26.091276],[-81.732305,26.090143],[-81.73104,26.088758],[-81.730474,26.08813],[-81.730321,26.087965],[-81.729729,26.087323],[-81.728715,26.086213],[-81.72835,26.08581],[-81.728191,26.085634],[-81.727317,26.084673],[-81.726375,26.083633],[-81.725939,26.083164],[-81.725348,26.082486],[-81.72487,26.081997],[-81.724112,26.081146],[-81.723434,26.080402],[-81.723152,26.080104],[-81.722208,26.079062],[-81.721181,26.077937],[-81.720501,26.077208],[-81.720037,26.076788],[-81.719721,26.076532],[-81.719481,26.076363],[-81.719224,26.076199],[-81.71875,26.075899],[-81.717348,26.07501],[-81.715728,26.07399],[-81.713743,26.07273],[-81.712614,26.071993],[-81.710571,26.0707],[-81.707282,26.068583],[-81.704447,26.066764],[-81.702914,26.065805],[-81.701173,26.0647],[-81.699252,26.063461],[-81.699106,26.063366],[-81.699115,26.063276],[-81.699124,26.063067],[-81.699151,26.062773],[-81.699163,26.062371],[-81.699186,26.061668],[-81.699261,26.060577],[-81.699295,26.059986],[-81.699321,26.059592],[-81.699363,26.058971],[-81.69941,26.058303],[-81.699427,26.057922],[-81.699491,26.056519],[-81.699536,26.055223],[-81.699557,26.053888],[-81.699601,26.052923],[-81.699623,26.052533],[-81.699631,26.052429],[-81.69966,26.051442],[-81.699686,26.050572],[-81.699684,26.05045],[-81.699699,26.050283],[-81.699702,26.049953],[-81.699769,26.0491],[-81.699798,26.048297],[-81.699827,26.047588],[-81.699849,26.047118],[-81.699895,26.046332],[-81.699957,26.0448],[-81.699986,26.043929],[-81.700003,26.043251],[-81.700037,26.042664],[-81.700082,26.041594],[-81.700117,26.040534],[-81.700151,26.039902],[-81.700166,26.038977],[-81.700168,26.038879],[-81.700208,26.038382],[-81.700265,26.037391],[-81.700305,26.036434],[-81.700339,26.035716],[-81.700396,26.034355],[-81.700441,26.033507],[-81.70045,26.032532],[-81.700519,26.03187],[-81.700585,26.030647],[-81.70063,26.029229],[-81.700709,26.027621],[-81.700774,26.026013],[-81.70083,26.02461],[-81.700881,26.022579],[-81.700944,26.021035],[-81.701052,26.019262],[-81.701035,26.018736],[-81.701056,26.018125],[-81.701151,26.016554],[-81.701231,26.014233],[-81.701283,26.013587],[-81.701345,26.012109],[-81.701424,26.010024],[-81.701494,26.008669],[-81.701521,26.007543],[-81.701573,26.00676],[-81.701661,26.004438],[-81.701644,26.002977],[-81.701626,26.002353],[-81.701609,26.001922],[-81.701661,26.000001],[-81.701744,25.998184],[-81.701767,25.997412],[-81.701771,25.997149],[-81.701792,25.99667],[-81.701824,25.996213],[-81.701844,25.995632],[-81.701854,25.995457],[-81.701855,25.995437],[-81.701857,25.9954],[-81.701861,25.995323],[-81.70188,25.99489],[-81.702001,25.991955],[-81.702081,25.988832],[-81.702109,25.987851],[-81.702131,25.9876],[-81.702152,25.987354],[-81.702157,25.987084],[-81.702207,25.986391],[-81.702266,25.985342],[-81.702306,25.98461],[-81.702355,25.984205],[-81.702474,25.983631],[-81.702593,25.983136],[-81.702752,25.982564],[-81.703108,25.981599],[-81.7036,25.980423],[-81.703978,25.979489],[-81.704365,25.97849],[-81.704558,25.97791],[-81.70464,25.977678],[-81.704784,25.977273],[-81.705581,25.975227],[-81.706113,25.973947],[-81.70662,25.972698],[-81.707121,25.971473],[-81.707291,25.971042],[-81.707469,25.970617],[-81.707529,25.970465],[-81.7076,25.97026],[-81.70768,25.96999],[-81.707731,25.96979],[-81.707769,25.969579],[-81.707817,25.969339],[-81.707836,25.969238],[-81.707864,25.969018],[-81.707941,25.968259],[-81.708026,25.967574],[-81.708075,25.967291],[-81.70818,25.966893],[-81.708264,25.966618],[-81.708423,25.966165],[-81.708719,25.965466],[-81.709089,25.964567],[-81.709332,25.964028],[-81.709633,25.963354],[-81.709688,25.963238],[-81.709078,25.96273],[-81.708771,25.962478],[-81.70686,25.960904],[-81.702847,25.958242],[-81.700933,25.957328],[-81.699577,25.956672],[-81.697918,25.956046],[-81.697202,25.955732],[-81.693883,25.954605],[-81.687523,25.953288],[-81.684247,25.952532],[-81.683321,25.952784],[-81.682364,25.95352],[-81.681618,25.953836],[-81.678242,25.953405],[-81.676814,25.953153],[-81.676279,25.95306],[-81.672669,25.952427],[-81.669777,25.951943],[-81.667664,25.951123],[-81.666062,25.950403],[-81.664841,25.949001],[-81.664089,25.946675],[-81.663242,25.945655],[-81.662149,25.945014],[-81.660238,25.944597],[-81.658945,25.944386],[-81.657224,25.9441],[-81.654303,25.942958],[-81.653796,25.94089],[-81.653715,25.940036],[-81.653837,25.938243],[-81.653786,25.936824],[-81.653603,25.935689],[-81.653656,25.934508],[-81.653091,25.934123],[-81.652398,25.932999],[-81.652118,25.93255],[-81.649374,25.930525],[-81.648872,25.930238],[-81.647814,25.929633],[-81.64623,25.928728],[-81.644058,25.92665],[-81.642988,25.925397],[-81.642755,25.925083],[-81.642482,25.924463],[-81.642529,25.923591],[-81.642581,25.922008],[-81.642333,25.920903],[-81.642111,25.91991],[-81.641088,25.917638],[-81.639542,25.914691],[-81.638632,25.912111],[-81.638364,25.90943],[-81.638767,25.905848],[-81.639844,25.901607],[-81.640125,25.897129],[-81.640352,25.892514],[-81.640427,25.890351],[-81.640458,25.889458],[-81.640457,25.88943],[-81.640197,25.875378],[-81.624807,25.875378],[-81.624807,25.870472],[-81.624807,25.870229],[-81.624808,25.815396],[-81.62488,25.802483],[-81.571785,25.802865],[-81.502696,25.803427],[-81.477454,25.803538],[-81.470842,25.803568],[-81.469308,25.803588],[-81.46858,25.803582],[-81.466999,25.803604],[-81.456598,25.803663],[-81.455546,25.803677],[-81.455316,25.803646],[-81.452907,25.803686],[-81.452552,25.803674],[-81.443858,25.803393],[-81.440819,25.80327],[-81.43698,25.803263],[-81.432779,25.803269],[-81.432442,25.803269],[-81.42887,25.80327],[-81.427985,25.803282],[-81.42333,25.803281],[-81.415517,25.803279],[-81.415276,25.803281],[-81.415035,25.803283],[-81.414844,25.80328],[-81.414654,25.803278],[-81.413904,25.803277],[-81.413547,25.803276],[-81.413227,25.803276],[-81.4118,25.803274],[-81.411184,25.80327],[-81.410569,25.803267],[-81.410224,25.803265],[-81.408791,25.803259],[-81.408239,25.803257],[-81.405975,25.803299],[-81.402399,25.803353],[-81.400978,25.803381],[-81.399402,25.803394],[-81.399218,25.803394],[-81.39901,25.803402],[-81.39875,25.803407],[-81.398477,25.803367],[-81.397908,25.803303],[-81.397672,25.803301],[-81.397359,25.803285],[-81.397053,25.803269],[-81.395971,25.803261],[-81.395788,25.803259],[-81.395554,25.803256],[-81.39532,25.803253],[-81.395056,25.803251],[-81.394252,25.803249],[-81.393666,25.803243],[-81.393079,25.803237],[-81.392948,25.803236],[-81.390981,25.803216],[-81.388957,25.803225],[-81.387814,25.80323],[-81.387468,25.803231],[-81.38715,25.803231],[-81.386833,25.803231],[-81.386541,25.80323],[-81.385519,25.803236],[-81.384497,25.803243],[-81.384133,25.803245],[-81.384021,25.803245],[-81.382606,25.803253],[-81.382421,25.803254],[-81.382237,25.803254],[-81.381973,25.803255],[-81.38089,25.80326],[-81.379808,25.803265],[-81.379418,25.803268],[-81.379292,25.803269],[-81.379166,25.80327],[-81.376475,25.803283],[-81.374801,25.803291],[-81.372886,25.803287],[-81.370972,25.803283],[-81.370682,25.803282],[-81.369599,25.80328],[-81.368517,25.803278],[-81.368181,25.803277],[-81.367272,25.803275],[-81.366362,25.803273],[-81.366304,25.803273],[-81.359989,25.803259],[-81.358398,25.803256],[-81.350491,25.803239],[-81.34417,25.803328],[-81.324904,25.803465],[-81.324779,25.803475],[-81.321526,25.80371],[-81.321397,25.803719],[-81.314968,25.80375],[-81.306591,25.803928],[-81.30563,25.803943],[-81.304888,25.803958],[-81.301659,25.803999],[-81.301473,25.804002],[-81.298127,25.803935],[-81.297847,25.803925],[-81.297755,25.80392],[-81.295142,25.803872],[-81.294139,25.803854],[-81.293787,25.803848],[-81.2899,25.803709],[-81.267432,25.803861],[-81.267127,25.803869],[-81.261854,25.804014],[-81.261723,25.804019],[-81.261601,25.804023],[-81.260697,25.804051],[-81.260234,25.804075],[-81.259917,25.804092],[-81.259493,25.804217],[-81.258635,25.804207],[-81.258072,25.804202],[-81.25786,25.8042],[-81.257649,25.804199],[-81.257551,25.804198],[-81.257453,25.804197],[-81.2497,25.804141],[-81.234943,25.803984],[-81.234852,25.803985],[-81.234757,25.803985],[-81.223931,25.803956],[-81.219246,25.803944],[-81.213699,25.80393],[-81.212662,25.803927],[-81.21261,25.803927],[-81.211607,25.803924],[-81.207198,25.803913],[-81.1858,25.803858],[-81.124795,25.803703],[-81.103125,25.803354],[-81.100532,25.803324],[-81.100483,25.803324],[-81.099998,25.803327],[-80.999792,25.803974],[-80.981371,25.803988],[-80.957306,25.804332],[-80.931137,25.804631],[-80.897001,25.805008],[-80.874785,25.805351],[-80.873267,25.805374],[-80.873096,25.805377],[-80.864883,25.797464],[-80.85455,25.78737],[-80.829529,25.763033],[-80.828516,25.76246],[-80.827363,25.761989],[-80.825873,25.761788],[-80.822396,25.761798],[-80.821563,25.761793],[-80.821076,25.761784],[-80.820686,25.761783],[-80.820326,25.761778],[-80.820226,25.761778],[-80.818194,25.761786],[-80.817181,25.761791],[-80.796394,25.761852],[-80.778126,25.761886],[-80.775693,25.761867],[-80.7746,25.761901],[-80.771626,25.761916],[-80.770458,25.761923],[-80.769785,25.761922],[-80.769491,25.761922],[-80.769236,25.761921],[-80.767675,25.76192],[-80.767167,25.761919],[-80.766486,25.761918],[-80.764609,25.761922],[-80.74987,25.761947],[-80.728176,25.761986],[-80.699778,25.761976],[-80.681723,25.762003],[-80.676253,25.761971],[-80.675458,25.761892],[-80.674145,25.761478],[-80.674075,25.761456],[-80.674005,25.761432],[-80.673722,25.761314],[-80.673031,25.761108],[-80.672177,25.760965],[-80.666919,25.760957],[-80.662261,25.76095],[-80.649143,25.760873],[-80.627038,25.760936],[-80.605671,25.760931],[-80.603283,25.760928],[-80.58112,25.760952],[-80.577361,25.760956],[-80.569429,25.760948],[-80.561493,25.760976],[-80.555512,25.760976],[-80.550754,25.760948],[-80.54856,25.760996],[-80.545215,25.760985],[-80.536907,25.760905],[-80.534395,25.760866],[-80.529391,25.760997],[-80.527885,25.760994],[-80.49842,25.76103],[-80.49811,25.760986],[-80.498043,25.760986],[-80.497949,25.760986],[-80.497254,25.760988],[-80.497218,25.760988],[-80.494662,25.760996],[-80.493802,25.760999],[-80.486264,25.761022],[-80.484406,25.761028],[-80.484068,25.760935],[-80.483596,25.760872],[-80.481366,25.760864],[-80.477143,25.760849],[-80.473041,25.760834],[-80.4714,25.760828],[-80.47122,25.760829],[-80.464238,25.760865],[-80.454981,25.760892],[-80.449164,25.760922],[-80.448968,25.760923],[-80.448076,25.760922],[-80.447359,25.760921],[-80.446984,25.76092],[-80.444492,25.760917],[-80.443943,25.760916],[-80.440988,25.760912],[-80.438927,25.76091],[-80.43885,25.76091],[-80.436879,25.760908],[-80.435954,25.760907],[-80.434238,25.760905],[-80.433467,25.760901],[-80.432863,25.760899],[-80.426941,25.760876],[-80.424805,25.760892],[-80.420887,25.760922],[-80.417521,25.760937],[-80.41703,25.76094],[-80.417033,25.761204],[-80.417034,25.761251],[-80.417035,25.761301],[-80.417085,25.7653],[-80.417116,25.766834],[-80.417132,25.768867],[-80.417169,25.770814],[-80.417202,25.772547],[-80.417203,25.772595],[-80.41723,25.77282],[-80.417268,25.773126],[-80.417282,25.773239],[-80.417249,25.774533],[-80.417415,25.775278],[-80.417471,25.775445],[-80.417528,25.775616],[-80.417688,25.775888],[-80.418026,25.776311],[-80.418448,25.776856],[-80.419003,25.777523],[-80.419294,25.777973],[-80.419406,25.778218],[-80.419491,25.778471],[-80.419547,25.778885],[-80.419519,25.77927],[-80.419453,25.779589],[-80.41935,25.77988],[-80.419134,25.780256],[-80.418796,25.780585],[-80.418444,25.78089],[-80.4181,25.781168],[-80.417969,25.781278],[-80.41719,25.781932],[-80.417067,25.782023],[-80.417035,25.782059],[-80.417048,25.781914],[-80.417048,25.781818],[-80.416963,25.781904],[-80.416277,25.782454],[-80.416229,25.782488],[-80.415824,25.78275],[-80.415361,25.782997],[-80.414717,25.783254],[-80.414405,25.783348],[-80.413918,25.783495],[-80.413402,25.783554],[-80.412491,25.78357],[-80.411818,25.783559],[-80.408799,25.78351],[-80.40707,25.783507],[-80.406825,25.783512],[-80.404766,25.783499],[-80.402777,25.783499],[-80.40119,25.783486],[-80.400804,25.783497],[-80.400742,25.783497],[-80.398035,25.78349],[-80.395575,25.78345],[-80.395254,25.783431],[-80.395015,25.783384],[-80.394643,25.783299],[-80.394328,25.783231],[-80.393357,25.783058],[-80.392751,25.782851],[-80.392567,25.782785],[-80.392272,25.782679],[-80.391539,25.782441],[-80.390827,25.78221],[-80.390128,25.782065],[-80.389321,25.781958],[-80.388496,25.781915],[-80.387098,25.781978],[-80.386232,25.78195],[-80.386013,25.781928],[-80.385887,25.781915],[-80.385744,25.781907],[-80.385549,25.781896],[-80.385137,25.781875],[-80.38477,25.781883],[-80.384365,25.781847],[-80.384362,25.781987],[-80.384358,25.782152],[-80.384351,25.782218],[-80.38435,25.782238],[-80.384481,25.782238],[-80.38471,25.782238],[-80.384747,25.782238],[-80.384746,25.782254],[-80.384734,25.782399],[-80.384729,25.782465],[-80.384717,25.782484],[-80.384684,25.782534],[-80.384646,25.782592],[-80.384502,25.782806],[-80.384523,25.783523],[-80.384563,25.784932],[-80.38458,25.785534],[-80.384603,25.786341],[-80.384614,25.786714],[-80.384763,25.786971],[-80.384812,25.789106],[-80.38484,25.790333],[-80.384924,25.794042],[-80.384967,25.795958],[-80.384986,25.796842],[-80.384987,25.796962],[-80.384989,25.79704],[-80.385013,25.797029],[-80.385208,25.797025],[-80.385226,25.797128],[-80.384975,25.79711],[-80.384796,25.797105],[-80.384514,25.797106],[-80.380503,25.797113],[-80.377104,25.797118],[-80.377036,25.797118],[-80.370646,25.797131],[-80.369369,25.797134],[-80.369315,25.797134],[-80.369095,25.797134],[-80.369093,25.797049],[-80.369092,25.797012],[-80.369088,25.79691],[-80.369067,25.796069],[-80.369059,25.795281],[-80.368999,25.794379],[-80.368994,25.79348],[-80.36893,25.792036],[-80.368912,25.791633],[-80.368827,25.789734],[-80.368778,25.787953],[-80.368769,25.78711],[-80.368763,25.78617],[-80.368643,25.784222],[-80.368676,25.783006],[-80.368725,25.782544],[-80.368741,25.782406],[-80.368779,25.782063],[-80.3688,25.781868],[-80.368824,25.781594],[-80.36892,25.781065],[-80.368974,25.780746],[-80.367688,25.78101],[-80.365713,25.781288],[-80.364762,25.781376],[-80.363682,25.78147],[-80.36308,25.781522],[-80.361924,25.781537],[-80.358998,25.781683],[-80.353092,25.78161],[-80.352717,25.781609],[-80.349609,25.7816],[-80.343588,25.781585],[-80.339328,25.781551],[-80.336775,25.781565],[-80.336689,25.781566],[-80.334848,25.781582],[-80.333014,25.781579],[-80.331181,25.781669],[-80.3291,25.781614],[-80.32875,25.781587],[-80.328517,25.78159],[-80.327557,25.781539],[-80.326745,25.781539],[-80.325299,25.781507],[-80.324959,25.781466],[-80.323893,25.781383],[-80.322792,25.781289],[-80.322264,25.781265],[-80.321857,25.781204],[-80.321526,25.781155],[-80.321115,25.781099],[-80.32104,25.781089],[-80.321006,25.781084],[-80.320974,25.781079],[-80.320903,25.781068],[-80.320826,25.781056],[-80.320554,25.78103],[-80.31994,25.780917],[-80.319772,25.780881],[-80.318682,25.780645],[-80.318269,25.780571],[-80.316518,25.780185],[-80.316326,25.78014],[-80.316209,25.780113],[-80.316093,25.780089],[-80.315974,25.780066],[-80.315854,25.780045],[-80.31574,25.780029],[-80.31555,25.780004],[-80.315372,25.77998],[-80.315245,25.77997],[-80.315154,25.779965],[-80.315073,25.779959],[-80.314944,25.779952],[-80.314844,25.779947],[-80.31462,25.779944],[-80.314496,25.779944],[-80.314377,25.779946],[-80.314256,25.779952],[-80.314138,25.779956],[-80.31402,25.779966],[-80.313899,25.779975],[-80.313784,25.779989],[-80.313663,25.780002],[-80.313542,25.780017],[-80.313424,25.780036],[-80.313274,25.780061],[-80.313186,25.780078],[-80.313067,25.780101],[-80.312955,25.780124],[-80.312835,25.780152],[-80.312718,25.780182],[-80.312608,25.780211],[-80.312499,25.780241],[-80.312151,25.78035],[-80.309984,25.781374],[-80.30892,25.781877],[-80.308771,25.78193],[-80.308668,25.78197],[-80.30841,25.782089],[-80.308286,25.782136],[-80.308079,25.782224],[-80.307634,25.782423],[-80.307511,25.782473],[-80.307408,25.782527],[-80.307305,25.782597],[-80.306818,25.782819],[-80.30533,25.783523],[-80.304814,25.783742],[-80.304101,25.784047],[-80.302981,25.784307],[-80.301517,25.784472],[-80.29923,25.784567],[-80.29785,25.784616],[-80.296137,25.784624],[-80.295204,25.784659],[-80.294316,25.784654],[-80.29345,25.784621],[-80.292931,25.784572],[-80.292297,25.784497],[-80.290988,25.784299],[-80.290411,25.784237],[-80.289738,25.78421],[-80.289275,25.784196],[-80.288819,25.784228],[-80.288546,25.784248],[-80.286783,25.784565],[-80.285452,25.784863],[-80.283282,25.785334],[-80.282015,25.785496],[-80.280522,25.785518],[-80.279342,25.785409],[-80.278213,25.785213],[-80.277893,25.785147],[-80.277099,25.784912],[-80.276085,25.784522],[-80.274457,25.783863],[-80.274386,25.783829],[-80.274282,25.783779],[-80.274199,25.783739],[-80.274176,25.783728],[-80.27416,25.783763],[-80.274097,25.783898],[-80.274047,25.783968],[-80.273842,25.784181],[-80.273141,25.78491],[-80.272725,25.785348],[-80.272353,25.785739],[-80.272085,25.786065],[-80.271617,25.786686],[-80.271448,25.786878],[-80.27137,25.786976],[-80.271267,25.787104],[-80.271225,25.78707],[-80.271167,25.787023],[-80.270961,25.787248],[-80.271008,25.78734],[-80.270896,25.787489],[-80.270871,25.787517],[-80.27082,25.787588],[-80.27069,25.787742],[-80.270673,25.787752],[-80.270418,25.788028],[-80.270346,25.788095],[-80.27028,25.788173],[-80.270182,25.788264],[-80.270074,25.788398],[-80.270004,25.788501],[-80.26993,25.788582],[-80.269842,25.788653],[-80.269731,25.788726],[-80.269578,25.788849],[-80.269345,25.789069],[-80.269298,25.789141],[-80.269192,25.789337],[-80.269109,25.789446],[-80.269011,25.789546],[-80.268892,25.78965],[-80.268822,25.789728],[-80.2687,25.78984],[-80.268599,25.789913],[-80.268525,25.790001],[-80.2684,25.790107],[-80.267998,25.790487],[-80.267946,25.790551],[-80.267802,25.790683],[-80.267601,25.790891],[-80.267446,25.791034],[-80.267239,25.791245],[-80.267057,25.791412],[-80.266949,25.791491],[-80.266861,25.791575],[-80.266808,25.791652],[-80.266751,25.791715],[-80.26668,25.791774],[-80.266585,25.791878],[-80.266386,25.792068],[-80.266324,25.792143],[-80.265921,25.792535],[-80.265843,25.792603],[-80.265778,25.792674],[-80.265657,25.792771],[-80.265541,25.792877],[-80.265461,25.792949],[-80.265325,25.793044],[-80.265106,25.793192],[-80.264975,25.793251],[-80.264807,25.793365],[-80.264682,25.793425],[-80.264594,25.793459],[-80.264481,25.793504],[-80.264386,25.793528],[-80.264296,25.79355],[-80.264206,25.793564],[-80.264147,25.793575],[-80.263847,25.793633],[-80.263527,25.793695],[-80.26309,25.79378],[-80.262834,25.793854],[-80.262506,25.793948],[-80.259017,25.794191],[-80.258355,25.79424],[-80.256168,25.7944],[-80.256159,25.794235],[-80.256157,25.794168],[-80.256149,25.793851],[-80.25614,25.793608],[-80.256123,25.793125],[-80.256093,25.792351],[-80.253837,25.792436],[-80.251585,25.79249],[-80.251624,25.793232],[-80.250025,25.793274],[-80.250009,25.792541],[-80.249965,25.79178],[-80.248911,25.791815],[-80.247917,25.791849],[-80.247893,25.7911],[-80.247868,25.790379],[-80.247858,25.789598],[-80.247803,25.789081],[-80.246618,25.789141],[-80.246597,25.78791],[-80.247796,25.787863],[-80.247789,25.787363],[-80.24776,25.786631],[-80.246561,25.786665],[-80.243646,25.786751],[-80.24211,25.786781],[-80.241118,25.786839],[-80.239576,25.786851],[-80.23957,25.786408],[-80.239533,25.785502],[-80.239522,25.785075],[-80.239521,25.784944],[-80.239153,25.784957],[-80.238666,25.78494],[-80.238254,25.784914],[-80.237937,25.784881],[-80.237146,25.784764],[-80.237113,25.784758],[-80.237066,25.784752],[-80.236353,25.784604],[-80.235731,25.784445],[-80.235253,25.784301],[-80.234828,25.78413],[-80.234057,25.783814],[-80.232713,25.783206],[-80.232415,25.783057],[-80.232182,25.782956],[-80.231849,25.78282],[-80.231221,25.78265],[-80.230752,25.782567],[-80.230449,25.782536],[-80.229639,25.782545],[-80.228128,25.782576],[-80.227667,25.782571],[-80.226055,25.782598],[-80.224306,25.782613],[-80.224263,25.782615],[-80.224221,25.782625],[-80.223913,25.782619],[-80.223606,25.782611],[-80.223511,25.782612],[-80.223408,25.782611],[-80.222737,25.782646],[-80.222108,25.782766],[-80.22156,25.782889],[-80.220867,25.78313],[-80.220473,25.783288],[-80.220264,25.783377],[-80.21937,25.783744],[-80.218863,25.783982],[-80.218213,25.784195],[-80.218087,25.784247],[-80.217834,25.784351],[-80.217404,25.784533],[-80.216124,25.785015],[-80.215554,25.785235],[-80.214859,25.785502],[-80.214121,25.785776],[-80.213499,25.786044],[-80.213451,25.78607],[-80.212103,25.78677],[-80.211788,25.786927],[-80.211472,25.787076],[-80.210974,25.787321],[-80.210552,25.787532],[-80.210474,25.787587],[-80.210314,25.787678],[-80.21018,25.787735],[-80.209243,25.788158],[-80.209118,25.788227],[-80.208596,25.788485],[-80.208572,25.788496],[-80.208009,25.788719],[-80.207757,25.788788],[-80.207462,25.788874],[-80.207252,25.788928],[-80.206952,25.788971],[-80.20656,25.789019],[-80.206088,25.789051],[-80.205828,25.789065],[-80.204353,25.789093],[-80.204166,25.789101],[-80.203753,25.789115],[-80.203995,25.78957],[-80.204294,25.790163],[-80.204519,25.790547],[-80.204787,25.791106],[-80.204966,25.791582],[-80.20515,25.792214],[-80.205255,25.793044],[-80.20523,25.793614],[-80.205231,25.793699],[-80.205231,25.79371],[-80.205254,25.794131],[-80.205294,25.794849],[-80.205297,25.795239],[-80.205098,25.795238],[-80.205025,25.795238],[-80.204362,25.79529],[-80.202433,25.795334],[-80.201387,25.795398],[-80.200353,25.795431],[-80.199353,25.795439],[-80.198872,25.795429],[-80.198453,25.795435],[-80.197677,25.795464],[-80.196718,25.795509],[-80.195814,25.79548],[-80.194855,25.795526],[-80.194455,25.795623],[-80.193886,25.79566],[-80.193244,25.79567],[-80.190799,25.795765],[-80.190815,25.796145],[-80.189052,25.796194],[-80.189056,25.797136],[-80.18908,25.798131],[-80.189104,25.799155],[-80.189117,25.799554],[-80.189127,25.800215],[-80.189117,25.800901],[-80.189148,25.801618],[-80.189199,25.802269],[-80.189243,25.802856],[-80.189269,25.803167],[-80.189314,25.803547],[-80.189357,25.804264],[-80.189397,25.805378],[-80.188601,25.805355],[-80.187366,25.80541],[-80.186202,25.805446],[-80.185572,25.80546],[-80.185376,25.80542],[-80.185376,25.805898],[-80.185376,25.806554],[-80.185376,25.807536],[-80.185378,25.808695],[-80.185378,25.809154],[-80.185379,25.809556],[-80.185384,25.810771],[-80.185384,25.811483],[-80.185464,25.8115],[-80.185952,25.811535],[-80.186088,25.811545],[-80.186665,25.81154],[-80.186703,25.81154],[-80.187559,25.811501],[-80.188659,25.811452],[-80.189153,25.811415],[-80.189383,25.811373],[-80.190661,25.811333],[-80.19084,25.811338],[-80.190966,25.811333],[-80.191285,25.811326],[-80.192184,25.811361],[-80.193206,25.811392],[-80.193582,25.81141],[-80.194554,25.811416],[-80.195358,25.81141],[-80.195999,25.811383],[-80.197448,25.811429],[-80.198028,25.811444],[-80.199449,25.811516],[-80.200373,25.811526],[-80.200774,25.811564],[-80.201278,25.811608],[-80.2015,25.811629],[-80.201897,25.811675],[-80.202584,25.811781],[-80.2033,25.811893],[-80.204255,25.812091],[-80.20457,25.812152],[-80.205018,25.812258],[-80.205606,25.81236],[-80.205847,25.812399],[-80.205899,25.812407],[-80.205957,25.812417],[-80.206052,25.812432],[-80.206074,25.812436],[-80.206151,25.812448],[-80.20631,25.812473],[-80.206435,25.812486],[-80.206708,25.812513],[-80.206903,25.812529],[-80.207157,25.81255],[-80.208066,25.812601],[-80.208313,25.812611],[-80.208443,25.812616],[-80.20869,25.812626],[-80.209003,25.812632],[-80.209128,25.812634],[-80.209398,25.812623],[-80.210048,25.812608],[-80.210986,25.812571],[-80.211731,25.812555],[-80.214181,25.812437],[-80.215656,25.812398],[-80.215787,25.812395],[-80.217087,25.812406],[-80.217244,25.812403],[-80.21843,25.812379],[-80.219147,25.812379],[-80.220703,25.812326],[-80.224021,25.812211],[-80.225931,25.812211],[-80.226525,25.812189],[-80.228104,25.812135],[-80.229493,25.812109],[-80.229737,25.812123],[-80.230836,25.812087],[-80.231004,25.812081],[-80.232163,25.812038],[-80.233158,25.812035],[-80.23418,25.812033],[-80.235108,25.812032],[-80.235566,25.812032],[-80.236069,25.812062],[-80.236878,25.812124],[-80.237291,25.812154],[-80.238389,25.812185],[-80.239717,25.812276],[-80.240419,25.812307],[-80.240412,25.812402],[-80.240379,25.812817],[-80.24112,25.812806],[-80.242396,25.812749],[-80.242408,25.813349],[-80.242445,25.813674],[-80.242443,25.814059],[-80.242479,25.814601],[-80.242502,25.815203],[-80.242538,25.815817],[-80.244546,25.815772],[-80.246476,25.815713],[-80.246579,25.815683],[-80.246574,25.81508],[-80.247352,25.814929],[-80.247848,25.814901],[-80.248582,25.814905],[-80.248597,25.815291],[-80.248607,25.81556],[-80.248629,25.816261],[-80.248652,25.816683],[-80.248663,25.817021],[-80.248684,25.817744],[-80.248708,25.818475],[-80.248733,25.819222],[-80.248758,25.819552],[-80.248783,25.819953],[-80.25086,25.819902],[-80.250883,25.820654],[-80.24882,25.820705],[-80.248816,25.82142],[-80.250907,25.821368],[-80.250957,25.82212],[-80.250952,25.822859],[-80.250956,25.823628],[-80.252981,25.823567],[-80.252984,25.823915],[-80.253004,25.824264],[-80.253134,25.827207],[-80.253165,25.82762],[-80.253183,25.828131],[-80.253182,25.828229],[-80.253181,25.828266],[-80.253177,25.828525],[-80.2532,25.829042],[-80.253246,25.830006],[-80.253324,25.830844],[-80.253404,25.832289],[-80.253407,25.832336],[-80.253409,25.832368],[-80.253436,25.832876],[-80.253468,25.833703],[-80.253503,25.834593],[-80.253587,25.835347],[-80.253572,25.836028],[-80.251586,25.836111],[-80.24956,25.836212],[-80.24959,25.837006],[-80.249584,25.837368],[-80.249607,25.837708],[-80.249654,25.83838],[-80.249651,25.838943],[-80.249673,25.839476],[-80.249702,25.840241],[-80.249767,25.841754],[-80.249768,25.841791],[-80.24977,25.841827],[-80.249772,25.841874],[-80.249787,25.842555],[-80.249827,25.843228],[-80.249825,25.843469],[-80.249852,25.844308],[-80.249888,25.845126],[-80.249907,25.84575],[-80.249908,25.845768],[-80.24918,25.845791],[-80.248915,25.8458],[-80.24817,25.845822],[-80.247883,25.845831],[-80.247303,25.845857],[-80.245822,25.845922],[-80.245041,25.845922],[-80.244615,25.845939],[-80.244143,25.845959],[-80.244081,25.845962],[-80.24257,25.846016],[-80.241746,25.84605],[-80.241753,25.846678],[-80.241765,25.846883],[-80.241783,25.847287],[-80.241813,25.848401],[-80.241845,25.849142],[-80.241847,25.849191],[-80.241838,25.849723],[-80.241906,25.850692],[-80.241996,25.853434],[-80.242004,25.853734],[-80.24202,25.85417],[-80.242044,25.85483],[-80.242059,25.855404],[-80.242067,25.855712],[-80.242083,25.856166],[-80.242108,25.856604],[-80.242124,25.857066],[-80.242141,25.857794],[-80.242165,25.858481],[-80.24217,25.858736],[-80.242187,25.859303],[-80.242185,25.859612],[-80.242221,25.860136],[-80.242229,25.860239],[-80.242243,25.86072],[-80.242258,25.861148],[-80.242286,25.862079],[-80.2423,25.862558],[-80.242328,25.862948],[-80.242353,25.863893],[-80.24237,25.86443],[-80.242377,25.864903],[-80.242443,25.865792],[-80.24244,25.866302],[-80.242468,25.86671],[-80.242447,25.867537],[-80.242452,25.867626],[-80.242484,25.868172],[-80.242559,25.869669],[-80.242569,25.87003],[-80.2426,25.870817],[-80.242613,25.871281],[-80.242616,25.871387],[-80.249384,25.87112],[-80.250289,25.871107],[-80.250921,25.871067],[-80.258189,25.87073],[-80.259017,25.870703],[-80.259052,25.870702],[-80.259055,25.870799],[-80.25918,25.872894],[-80.259216,25.872772],[-80.259233,25.874339],[-80.259359,25.880354],[-80.259431,25.88206],[-80.260375,25.882032],[-80.26042,25.88203],[-80.260461,25.882029],[-80.260527,25.882028],[-80.262201,25.882022],[-80.263051,25.882021],[-80.264185,25.881923],[-80.267197,25.88184],[-80.269194,25.881794],[-80.271182,25.881748],[-80.273086,25.881696],[-80.274307,25.881667],[-80.275027,25.881637],[-80.275047,25.882147],[-80.275073,25.88273],[-80.275055,25.882825],[-80.275085,25.883565],[-80.275104,25.88419],[-80.275112,25.884448],[-80.275148,25.885081],[-80.275168,25.886327],[-80.275206,25.887605],[-80.275239,25.888721],[-80.275241,25.8889],[-80.275242,25.888947],[-80.275246,25.889181],[-80.275253,25.889563],[-80.277854,25.891741],[-80.280005,25.893899],[-80.280177,25.894059],[-80.280457,25.894476],[-80.280916,25.894893],[-80.281228,25.895174],[-80.281625,25.895463],[-80.282045,25.895725],[-80.282469,25.895937],[-80.28326,25.896257],[-80.283792,25.896388],[-80.284301,25.896485],[-80.284736,25.896531],[-80.285367,25.896531],[-80.287712,25.896473],[-80.291875,25.896312],[-80.291903,25.896815],[-80.291939,25.897463],[-80.292002,25.898616],[-80.292017,25.898841],[-80.29204,25.899172],[-80.29204,25.899347],[-80.292065,25.899959],[-80.292171,25.902445],[-80.29237,25.905781],[-80.292514,25.909864],[-80.292534,25.910396],[-80.292635,25.913152],[-80.292643,25.913326],[-80.292645,25.913364],[-80.292651,25.913483],[-80.292818,25.916963],[-80.292848,25.917578],[-80.292848,25.917783],[-80.292926,25.919476],[-80.29294,25.919755],[-80.293018,25.921183],[-80.293007,25.921518],[-80.293064,25.92325],[-80.293123,25.924679],[-80.293174,25.925024],[-80.289377,25.92515],[-80.284726,25.92528],[-80.281327,25.925367],[-80.279858,25.925246],[-80.27887,25.925168],[-80.276728,25.925127],[-80.276721,25.925309],[-80.276714,25.925523],[-80.276776,25.926622],[-80.276799,25.927254],[-80.276837,25.928096],[-80.276979,25.931005],[-80.277164,25.93459],[-80.277179,25.934729],[-80.277183,25.934762],[-80.277186,25.93487],[-80.27719,25.934989],[-80.277215,25.935333],[-80.277293,25.936436],[-80.277288,25.937124],[-80.277324,25.937857],[-80.277352,25.93821],[-80.27736,25.938554],[-80.277406,25.939106],[-80.277447,25.939688],[-80.277481,25.940371],[-80.277518,25.940973],[-80.277528,25.941132],[-80.27753,25.941184],[-80.277546,25.941595],[-80.277585,25.941951],[-80.277586,25.942303],[-80.277609,25.94283],[-80.277622,25.943128],[-80.277646,25.943701],[-80.277672,25.944281],[-80.277676,25.94437],[-80.277702,25.944873],[-80.277734,25.945474],[-80.277754,25.946013],[-80.277767,25.946592],[-80.277792,25.946962],[-80.277827,25.947676],[-80.277857,25.948366],[-80.277874,25.948793],[-80.277991,25.949881],[-80.278048,25.950573],[-80.278063,25.950833],[-80.278091,25.951277],[-80.278111,25.951627],[-80.278094,25.951915],[-80.278123,25.952603],[-80.278206,25.953925],[-80.278209,25.954172],[-80.278217,25.95433],[-80.27832,25.956475],[-80.278312,25.957758],[-80.278331,25.958445],[-80.278432,25.960947],[-80.278396,25.961175],[-80.278422,25.96139],[-80.278447,25.962181],[-80.278256,25.96373],[-80.278261,25.964194],[-80.278266,25.964572],[-80.27827,25.964843],[-80.278395,25.968146],[-80.278436,25.970834],[-80.278764,25.970968],[-80.278811,25.970966],[-80.279164,25.970958],[-80.28197,25.97089],[-80.286375,25.970785],[-80.291588,25.970658],[-80.294794,25.97058],[-80.294876,25.970578],[-80.294997,25.970575],[-80.295104,25.970572],[-80.295187,25.97057],[-80.295154,25.968799],[-80.295148,25.968494],[-80.295115,25.966682],[-80.295089,25.965254],[-80.295085,25.965045],[-80.295076,25.964569],[-80.295075,25.964236],[-80.295072,25.963555],[-80.295067,25.960506],[-80.294976,25.956943],[-80.294976,25.956929],[-80.294975,25.956906],[-80.294972,25.95677],[-80.295055,25.95677],[-80.295278,25.956771],[-80.298667,25.956887],[-80.298822,25.956892],[-80.298979,25.956895],[-80.301702,25.956972],[-80.301901,25.956971],[-80.302228,25.95697],[-80.310108,25.957155],[-80.310143,25.957155],[-80.310251,25.957158],[-80.310287,25.957159],[-80.310353,25.95716],[-80.31055,25.957163],[-80.310617,25.957165],[-80.310648,25.957165],[-80.310681,25.957167],[-80.310741,25.957168],[-80.310772,25.95717],[-80.310785,25.95717],[-80.310826,25.95717],[-80.31084,25.95717],[-80.310886,25.95717],[-80.310916,25.95717],[-80.311025,25.95717],[-80.311072,25.95717],[-80.311186,25.95717],[-80.311272,25.95717],[-80.311531,25.957168],[-80.311646,25.957168],[-80.311734,25.957167],[-80.312,25.957167],[-80.312089,25.957167],[-80.312265,25.957166],[-80.312794,25.957166],[-80.312971,25.957166],[-80.313077,25.957165],[-80.313398,25.957163],[-80.313505,25.957163],[-80.314278,25.95716],[-80.316598,25.957152],[-80.317372,25.95715],[-80.31862,25.957145],[-80.322367,25.957133],[-80.323616,25.957129],[-80.324438,25.957126],[-80.326712,25.957118],[-80.326722,25.957117],[-80.331785,25.957102],[-80.333248,25.957097],[-80.336004,25.957088],[-80.338309,25.957081],[-80.339101,25.957078],[-80.339305,25.957086],[-80.33992,25.957112],[-80.340043,25.957117],[-80.340125,25.957121],[-80.340275,25.957127],[-80.340726,25.957146],[-80.340877,25.957153],[-80.341141,25.957164],[-80.341197,25.957167],[-80.341253,25.957169],[-80.341638,25.957171],[-80.341936,25.95717],[-80.342815,25.95717],[-80.342925,25.957171],[-80.342976,25.957167],[-80.343029,25.957164],[-80.343109,25.957162],[-80.343576,25.957112],[-80.344111,25.957053],[-80.345308,25.957056],[-80.347086,25.957036],[-80.348334,25.957021],[-80.349339,25.95701],[-80.350339,25.956991],[-80.351384,25.956963],[-80.35205,25.956968],[-80.352088,25.956968],[-80.353386,25.956982],[-80.357579,25.957031],[-80.358977,25.957048],[-80.359051,25.957047],[-80.361893,25.957046],[-80.366466,25.957045],[-80.370045,25.957032],[-80.370643,25.957036],[-80.372967,25.957053],[-80.37356,25.957069],[-80.373843,25.957057],[-80.374693,25.957064],[-80.374977,25.957073],[-80.375067,25.957072],[-80.37514,25.957072],[-80.375211,25.957072],[-80.375311,25.957072],[-80.375395,25.957072],[-80.37833,25.957071],[-80.387138,25.95707],[-80.390081,25.957022],[-80.393533,25.957043],[-80.403911,25.956965],[-80.407034,25.956942],[-80.407133,25.95694],[-80.407222,25.95694],[-80.407371,25.956939],[-80.407382,25.956939],[-80.408726,25.956903],[-80.423755,25.956947],[-80.430476,25.956966],[-80.430817,25.956966],[-80.431176,25.956965],[-80.431359,25.956965],[-80.43154,25.956963],[-80.433654,25.956906],[-80.43577,25.95685],[-80.43579,25.95685],[-80.438676,25.956844],[-80.439389,25.956852],[-80.439576,25.956855],[-80.440318,25.956857],[-80.44049,25.956861],[-80.440611,25.956864],[-80.440928,25.956858],[-80.441124,25.956856],[-80.441189,25.956854],[-80.441254,25.956854],[-80.450276,25.95677],[-80.451076,25.95677],[-80.451242,25.95677],[-80.451363,25.956769],[-80.451492,25.956769],[-80.451574,25.956768],[-80.451589,25.956767],[-80.451634,25.956767],[-80.451653,25.956767],[-80.451668,25.956767],[-80.452382,25.956763],[-80.454524,25.956754],[-80.455245,25.956752],[-80.455271,25.956752],[-80.455317,25.956751],[-80.455458,25.956751],[-80.455505,25.956751],[-80.455533,25.95675],[-80.455578,25.95675],[-80.45562,25.95675],[-80.45565,25.95675],[-80.455724,25.95675],[-80.457589,25.956753],[-80.463406,25.956766],[-80.465346,25.956771],[-80.472232,25.956787],[-80.49289,25.956835],[-80.499777,25.956852],[-80.504174,25.95687],[-80.508231,25.956887],[-80.517365,25.956924],[-80.521763,25.956942],[-80.523079,25.956947],[-80.527029,25.956963],[-80.528346,25.956969],[-80.528431,25.956969],[-80.528686,25.956969],[-80.528716,25.956969],[-80.528772,25.95697],[-80.528866,25.956975],[-80.533186,25.956983],[-80.535719,25.956992],[-80.546429,25.95701],[-80.550844,25.957018],[-80.550991,25.95701],[-80.551415,25.95699],[-80.551432,25.956994],[-80.551496,25.956995],[-80.55158,25.956983],[-80.551665,25.956978],[-80.55175,25.956974],[-80.577267,25.956994],[-80.583798,25.957],[-80.631913,25.956928],[-80.654328,25.956894],[-80.680016,25.956857],[-80.680019,25.959991],[-80.680025,25.965387],[-80.680028,25.969396],[-80.680032,25.972531],[-80.680033,25.973693],[-80.680035,25.975438],[-80.680036,25.977181],[-80.680038,25.978344],[-80.680038,25.978415],[-80.680038,25.978629],[-80.680038,25.978701],[-80.680038,25.978749],[-80.682977,25.978754],[-80.749784,25.978866],[-80.776484,25.978967],[-80.781324,25.979073],[-80.802596,25.979057],[-80.809247,25.979104],[-80.835379,25.97929],[-80.835452,25.97929],[-80.835822,25.979292],[-80.836167,25.979292],[-80.872932,25.979434],[-80.872958,25.987994],[-80.872965,25.990135],[-80.872965,25.990363],[-80.872966,25.991048],[-80.872967,25.991277],[-80.87297,25.992944],[-80.872558,25.99854],[-80.872554,25.999493],[-80.872559,25.99968],[-80.87256,26.001474],[-80.87488,26.062129],[-80.8765,26.104365],[-80.876622,26.107383],[-80.877878,26.140334],[-80.877888,26.140644],[-80.877902,26.140972],[-80.877909,26.14116],[-80.877932,26.141749],[-80.87794,26.141979],[-80.878951,26.168353],[-80.87911,26.171854],[-80.879147,26.172544],[-80.879159,26.172769],[-80.879166,26.172879],[-80.879174,26.173076],[-80.879179,26.173147],[-80.879182,26.173265],[-80.879187,26.173423],[-80.879252,26.175892],[-80.879266,26.176417],[-80.879361,26.180055],[-80.879382,26.185722],[-80.879384,26.186216],[-80.879419,26.195783],[-80.879423,26.196711],[-80.879458,26.206283],[-80.879459,26.206524],[-80.879468,26.208932],[-80.879478,26.211749],[-80.87948,26.212084],[-80.879522,26.223218],[-80.879524,26.223957],[-80.879528,26.224886],[-80.879529,26.225037],[-80.879537,26.227255],[-80.879538,26.227532],[-80.879549,26.230385],[-80.87955,26.230618],[-80.879558,26.232868],[-80.879558,26.232952],[-80.879557,26.235747],[-80.87971,26.259308],[-80.88002,26.259301],[-80.909209,26.258674],[-80.91561,26.258523],[-80.926258,26.258244],[-80.928408,26.25819],[-80.929064,26.258177],[-80.932903,26.258097],[-80.933038,26.258096],[-80.944089,26.257868],[-80.95271,26.257672],[-80.952867,26.257669],[-80.953044,26.257665],[-80.953301,26.257659],[-80.953443,26.257656],[-80.963242,26.25744],[-80.976641,26.257168],[-80.985673,26.257118],[-80.987379,26.257109],[-81.000282,26.257038],[-81.01238,26.25696],[-81.025417,26.256845],[-81.036422,26.256794],[-81.044533,26.256743],[-81.057257,26.256629],[-81.059524,26.256606],[-81.073263,26.256459],[-81.079632,26.256351],[-81.086822,26.256224],[-81.090307,26.256163],[-81.092152,26.256142],[-81.09343,26.256127],[-81.106605,26.255975],[-81.106798,26.255972],[-81.108438,26.255953],[-81.114014,26.255888],[-81.122904,26.255784],[-81.139034,26.2552],[-81.155642,26.254883],[-81.164164,26.254893],[-81.166915,26.254891],[-81.169257,26.2549],[-81.170648,26.254905],[-81.171617,26.254906],[-81.175837,26.254757],[-81.179784,26.254612],[-81.187891,26.254419],[-81.204302,26.25458],[-81.204755,26.254572],[-81.220458,26.254295],[-81.236425,26.253864],[-81.252604,26.253541],[-81.261157,26.253286],[-81.261727,26.253265],[-81.268236,26.253069],[-81.268328,26.258089],[-81.26833,26.258231],[-81.268681,26.28219],[-81.269058,26.296686],[-81.269434,26.311344],[-81.269548,26.315542],[-81.269818,26.3259],[-81.269821,26.326023],[-81.270025,26.333898],[-81.270025,26.333909],[-81.27004,26.334472],[-81.270162,26.337047],[-81.270271,26.339322],[-81.270323,26.340415],[-81.270434,26.34267],[-81.270446,26.34298],[-81.270454,26.343144],[-81.270543,26.345006],[-81.270789,26.350174],[-81.270792,26.350447],[-81.270836,26.353385],[-81.271006,26.364662],[-81.271027,26.3664],[-81.271047,26.368101],[-81.271065,26.369618],[-81.271112,26.37362],[-81.271128,26.375792],[-81.271202,26.38186],[-81.271211,26.38257],[-81.271246,26.384884],[-81.271314,26.391022],[-81.271333,26.392726],[-81.271336,26.393005],[-81.271358,26.39434],[-81.271365,26.395388],[-81.2714,26.395968],[-81.271398,26.396753],[-81.271405,26.397422],[-81.271514,26.401204],[-81.27154,26.402031],[-81.271684,26.406677],[-81.271824,26.411709],[-81.272002,26.421012],[-81.271936,26.422554],[-81.271932,26.422648],[-81.272638,26.422631],[-81.275727,26.422611],[-81.278534,26.422609],[-81.282361,26.422569],[-81.284898,26.422561],[-81.287081,26.422555],[-81.289455,26.422555],[-81.291945,26.422539],[-81.293853,26.422528],[-81.295679,26.422523],[-81.296998,26.422499],[-81.298777,26.422518],[-81.299101,26.422494],[-81.299993,26.422497],[-81.300812,26.422486],[-81.301471,26.422467],[-81.302252,26.422417],[-81.302568,26.422388],[-81.303125,26.422323],[-81.303366,26.422286],[-81.304968,26.422014],[-81.306198,26.421811],[-81.306477,26.421762],[-81.307125,26.421649],[-81.310721,26.421022],[-81.31493,26.420294],[-81.316805,26.41997],[-81.318371,26.419693],[-81.319266,26.419553],[-81.320155,26.419438],[-81.320197,26.419433],[-81.320658,26.4194],[-81.321223,26.41936],[-81.330954,26.419031],[-81.336281,26.418868],[-81.343992,26.41881],[-81.346143,26.418802],[-81.347749,26.418791],[-81.349033,26.418783],[-81.352706,26.418776],[-81.355128,26.418828],[-81.358487,26.418923],[-81.35936,26.418954],[-81.360704,26.418985],[-81.363459,26.419069],[-81.364357,26.419086],[-81.364601,26.41909],[-81.365358,26.419117],[-81.365877,26.419135],[-81.366751,26.419161],[-81.3687,26.419199],[-81.36953,26.419207],[-81.36991,26.419211],[-81.370918,26.419212],[-81.371523,26.419198],[-81.37327,26.419193],[-81.374077,26.419184],[-81.375287,26.419178],[-81.375623,26.41917],[-81.377438,26.419162],[-81.378244,26.419151],[-81.37932,26.419152],[-81.379857,26.419143],[-81.38174,26.419134],[-81.383536,26.419113],[-81.383756,26.41911],[-81.384361,26.419109],[-81.385422,26.419098],[-81.385504,26.419088],[-81.386892,26.419055],[-81.387801,26.419033],[-81.388009,26.419022],[-81.393259,26.418868],[-81.394965,26.418823],[-81.396414,26.418777],[-81.396852,26.418768],[-81.39789,26.418756],[-81.398076,26.418754],[-81.398936,26.418724],[-81.40056,26.418654],[-81.401389,26.418631],[-81.402351,26.418605],[-81.408398,26.418423],[-81.408617,26.418449],[-81.408779,26.418446],[-81.408866,26.418429],[-81.408957,26.418388],[-81.409015,26.418345],[-81.409059,26.418065],[-81.409284,26.418149],[-81.40951,26.418222],[-81.409801,26.418308],[-81.410052,26.418369],[-81.41048,26.418456],[-81.410642,26.418487],[-81.410844,26.41853],[-81.411104,26.418566],[-81.411511,26.418609],[-81.411685,26.418614],[-81.411887,26.418627],[-81.411999,26.418631],[-81.412377,26.418631],[-81.413258,26.418624],[-81.4136,26.41862],[-81.414928,26.418621],[-81.415988,26.418615],[-81.41741,26.418597],[-81.418366,26.418588],[-81.419433,26.418579],[-81.420501,26.418571],[-81.420772,26.418572],[-81.420772,26.418453],[-81.420767,26.417524],[-81.420746,26.416692],[-81.421433,26.416686],[-81.422061,26.416681],[-81.423433,26.416669],[-81.423438,26.416767],[-81.423451,26.417701],[-81.423462,26.418006],[-81.423463,26.41837],[-81.42347,26.418428],[-81.423478,26.41854],[-81.425507,26.418522],[-81.425826,26.418521],[-81.425994,26.418517],[-81.426077,26.418468],[-81.426167,26.418462],[-81.427511,26.418452],[-81.429493,26.418437],[-81.429735,26.418435],[-81.430063,26.418433],[-81.431049,26.418424],[-81.433549,26.418397],[-81.433615,26.420216],[-81.433633,26.421591],[-81.433614,26.42164],[-81.433577,26.421679],[-81.433464,26.421724],[-81.433502,26.421849],[-81.433553,26.422044],[-81.433581,26.42217],[-81.433612,26.422361],[-81.433642,26.422651],[-81.433651,26.422844],[-81.433678,26.42471],[-81.435127,26.424767],[-81.435703,26.424761],[-81.435705,26.424904],[-81.435702,26.424949],[-81.43514,26.424952],[-81.433682,26.424987],[-81.433695,26.425711],[-81.434018,26.425709],[-81.434779,26.425694],[-81.435177,26.425687],[-81.435189,26.426101],[-81.435194,26.426601],[-81.435215,26.427515],[-81.435223,26.428247],[-81.43523,26.428434],[-81.435227,26.428645],[-81.435243,26.429299],[-81.433926,26.429325],[-81.433838,26.429314],[-81.433755,26.429284],[-81.433773,26.430372],[-81.433817,26.433018],[-81.433844,26.434098],[-81.433841,26.434658],[-81.433847,26.434988],[-81.433885,26.437487],[-81.433896,26.437963],[-81.433926,26.439809],[-81.433926,26.439864],[-81.433928,26.440216],[-81.433937,26.440543],[-81.43394,26.440861],[-81.433944,26.440968],[-81.433959,26.441435],[-81.433975,26.4423],[-81.433979,26.442844],[-81.43397,26.443569],[-81.433995,26.444921],[-81.434025,26.446518],[-81.434063,26.448306],[-81.434064,26.448336],[-81.434068,26.450221],[-81.434099,26.451378],[-81.434135,26.453528],[-81.434291,26.462821],[-81.434306,26.463697],[-81.434418,26.47035],[-81.43445,26.472278],[-81.434475,26.473748],[-81.434487,26.474425],[-81.434492,26.474762],[-81.434562,26.478912],[-81.434663,26.485548],[-81.446924,26.488683],[-81.447043,26.488716],[-81.447911,26.488932],[-81.449222,26.489269],[-81.450823,26.489672],[-81.450951,26.489704],[-81.452511,26.490103],[-81.459068,26.491777],[-81.459621,26.491918],[-81.463423,26.492888],[-81.466207,26.4936],[-81.466349,26.493631],[-81.477444,26.496463],[-81.478381,26.496708],[-81.481138,26.497404],[-81.482094,26.497652],[-81.492508,26.500301],[-81.493862,26.500645],[-81.494994,26.500933],[-81.501955,26.502704],[-81.508066,26.50428],[-81.508154,26.504303],[-81.509699,26.504695],[-81.511285,26.505097],[-81.517735,26.506732],[-81.517732,26.506756],[-81.531004,26.510131],[-81.535929,26.511379],[-81.543642,26.513334],[-81.543988,26.513392],[-81.544425,26.513506],[-81.545029,26.513504],[-81.547296,26.513494],[-81.548602,26.513481],[-81.563763,26.513331]]]]}}]}
