{"type":"FeatureCollection","features":[{"type":"Feature","properties":{"sourceGeoid":"0401","stateFips":"04","districtCode":"01","stateCode":null,"label":"Congressional District 1"},"geometry":{"type":"MultiPolygon","coordinates":[[[[-111.996196,34.029866],[-111.996191,34.02891],[-111.996172,34.02662],[-111.996148,34.020573],[-111.996115,34.012356],[-111.99605,34.006282],[-111.996036,34.004834],[-111.996008,34.001799],[-111.995944,33.990262],[-111.99597,33.989864],[-111.995993,33.987794],[-111.995969,33.980891],[-111.995951,33.975719],[-111.995838,33.943501],[-111.995779,33.930089],[-111.995758,33.922397],[-111.995743,33.916857],[-111.995727,33.910886],[-111.995714,33.906091],[-111.9957,33.901948],[-111.995696,33.900934],[-111.99804,33.900994],[-112.000051,33.901045],[-112.000513,33.901057],[-112.000707,33.901062],[-112.008931,33.901077],[-112.03078,33.90112],[-112.030759,33.899228],[-112.030722,33.895868],[-112.030676,33.891743],[-112.030604,33.885219],[-112.030596,33.884412],[-112.030593,33.87889],[-112.030592,33.875865],[-112.030592,33.875534],[-112.03059,33.871651],[-112.03059,33.870188],[-112.030646,33.856928],[-112.030645,33.855601],[-112.030646,33.853796],[-112.030642,33.851393],[-112.03064,33.849109],[-112.030625,33.846811],[-112.030611,33.844664],[-112.03067,33.843861],[-112.030637,33.842753],[-112.030629,33.842561],[-112.030611,33.841887],[-112.030528,33.839148],[-112.030521,33.8371],[-112.030519,33.836237],[-112.030512,33.834032],[-112.0305,33.829834],[-112.030465,33.828132],[-112.029414,33.828145],[-112.029382,33.827222],[-112.028295,33.827223],[-112.02854,33.828171],[-112.02779,33.828178],[-112.027535,33.828117],[-112.026086,33.828102],[-112.025293,33.828157],[-112.025126,33.828168],[-112.022843,33.828132],[-112.022842,33.827228],[-112.02284,33.826492],[-112.02284,33.82632],[-112.022734,33.826321],[-112.022457,33.82632],[-112.022036,33.826321],[-112.021754,33.826321],[-112.021753,33.825215],[-112.021752,33.82444],[-112.02175,33.823075],[-112.021748,33.821239],[-112.021745,33.821118],[-112.021744,33.820828],[-112.021748,33.820587],[-112.021748,33.820192],[-112.021737,33.819366],[-112.021738,33.818436],[-112.021735,33.817227],[-112.021609,33.81723],[-112.021586,33.815782],[-112.021583,33.813592],[-112.021594,33.812253],[-112.021639,33.807253],[-112.021609,33.801966],[-112.021605,33.801099],[-112.021604,33.800071],[-112.021584,33.799365],[-112.021584,33.79935],[-112.021583,33.799321],[-112.021579,33.799269],[-112.021568,33.799128],[-112.021297,33.799128],[-112.021139,33.799128],[-112.021031,33.799128],[-112.019999,33.799129],[-112.019108,33.79913],[-112.019032,33.799033],[-112.018856,33.798811],[-112.013,33.792066],[-112.009718,33.788328],[-112.007534,33.785856],[-112.007207,33.785467],[-112.006529,33.784699],[-112.003841,33.781741],[-112.002515,33.780282],[-112.000684,33.778267],[-111.995513,33.772032],[-111.995515,33.771395],[-111.995518,33.770046],[-111.995526,33.7699],[-111.995534,33.769137],[-111.995528,33.768478],[-111.995525,33.768101],[-111.995531,33.768],[-111.995529,33.7661],[-111.995524,33.765533],[-111.995523,33.763833],[-111.995523,33.762766],[-111.995523,33.762716],[-111.995523,33.762502],[-111.99552,33.760967],[-111.995534,33.759729],[-111.995521,33.759454],[-111.995524,33.758334],[-111.995524,33.758159],[-111.995519,33.757899],[-111.995574,33.756963],[-111.995574,33.755527],[-111.99557,33.75535],[-111.995426,33.74831],[-111.995435,33.74794],[-111.995441,33.747686],[-111.995542,33.747521],[-111.996467,33.746],[-111.998933,33.741966],[-111.999252,33.741461],[-111.999497,33.741056],[-112.000241,33.739845],[-112.000579,33.739287],[-112.001582,33.737653],[-112.002059,33.736861],[-112.002859,33.735546],[-112.003537,33.734433],[-112.008376,33.726493],[-112.010092,33.723693],[-112.010954,33.722285],[-112.011452,33.721482],[-112.01291,33.719113],[-112.014128,33.717136],[-112.015206,33.715406],[-112.015345,33.715182],[-112.01559,33.714789],[-112.018691,33.7098],[-112.018926,33.709425],[-112.01956,33.708411],[-112.020031,33.707646],[-112.020522,33.706874],[-112.021031,33.706097],[-112.022254,33.704316],[-112.023179,33.702988],[-112.023638,33.702327],[-112.024336,33.701323],[-112.025036,33.700306],[-112.025688,33.699368],[-112.025788,33.699449],[-112.025869,33.699331],[-112.026331,33.699563],[-112.02682,33.699775],[-112.027315,33.700008],[-112.027747,33.700242],[-112.027807,33.700284],[-112.027819,33.700292],[-112.027861,33.700323],[-112.027933,33.700378],[-112.027984,33.700421],[-112.028045,33.700471],[-112.028114,33.700527],[-112.028261,33.700651],[-112.028335,33.700719],[-112.028481,33.700861],[-112.028549,33.700932],[-112.028612,33.701],[-112.028669,33.701062],[-112.028722,33.701121],[-112.02881,33.701226],[-112.028845,33.70127],[-112.028897,33.701343],[-112.028938,33.701397],[-112.028968,33.701444],[-112.029023,33.701543],[-112.029056,33.701603],[-112.029091,33.701669],[-112.029127,33.701737],[-112.029202,33.701885],[-112.029268,33.702032],[-112.029291,33.702091],[-112.02934,33.702182],[-112.029448,33.702244],[-112.029508,33.702266],[-112.029565,33.702253],[-112.029655,33.702224],[-112.029707,33.702208],[-112.029764,33.702191],[-112.029822,33.702169],[-112.029933,33.702117],[-112.030031,33.70206],[-112.030173,33.702425],[-112.030215,33.702649],[-112.030236,33.702799],[-112.030243,33.702962],[-112.030265,33.702999],[-112.030516,33.703029],[-112.030846,33.703072],[-112.030753,33.703763],[-112.030709,33.704109],[-112.031079,33.704118],[-112.031315,33.704116],[-112.031521,33.704113],[-112.031821,33.704118],[-112.032044,33.704128],[-112.032671,33.704136],[-112.032938,33.704147],[-112.03351,33.704142],[-112.033502,33.70315],[-112.033499,33.702799],[-112.033497,33.702432],[-112.033497,33.702334],[-112.033496,33.702103],[-112.033493,33.701866],[-112.03217,33.701851],[-112.031326,33.701845],[-112.031326,33.701376],[-112.031319,33.700436],[-112.031519,33.700434],[-112.031585,33.700459],[-112.031648,33.700468],[-112.031895,33.700463],[-112.032139,33.700478],[-112.032719,33.700488],[-112.033354,33.700498],[-112.033398,33.700492],[-112.033446,33.700473],[-112.033495,33.700468],[-112.033731,33.700465],[-112.034168,33.70047],[-112.034543,33.700475],[-112.034728,33.700479],[-112.034867,33.700472],[-112.034964,33.70046],[-112.035245,33.700386],[-112.035543,33.701064],[-112.035796,33.70164],[-112.03609,33.702307],[-112.035514,33.702479],[-112.035644,33.702768],[-112.035684,33.702847],[-112.035499,33.702942],[-112.035463,33.702965],[-112.035146,33.703255],[-112.034911,33.703476],[-112.034706,33.703669],[-112.034455,33.703891],[-112.0344,33.70392],[-112.034343,33.703934],[-112.034265,33.703943],[-112.034206,33.703973],[-112.034188,33.704009],[-112.034185,33.70446],[-112.034172,33.704729],[-112.034156,33.705058],[-112.034158,33.705214],[-112.03416,33.705395],[-112.034161,33.705517],[-112.034473,33.705497],[-112.034615,33.70547],[-112.034745,33.705433],[-112.035104,33.705301],[-112.035774,33.705061],[-112.03597,33.704982],[-112.036041,33.704941],[-112.036127,33.704878],[-112.036361,33.704662],[-112.036957,33.704103],[-112.037412,33.703672],[-112.037874,33.704015],[-112.038541,33.704507],[-112.038773,33.704706],[-112.039046,33.704941],[-112.039759,33.705457],[-112.040187,33.705766],[-112.040431,33.705943],[-112.041832,33.706973],[-112.042836,33.707742],[-112.042852,33.707756],[-112.043472,33.707434],[-112.043516,33.707402],[-112.043637,33.707313],[-112.044334,33.707027],[-112.044624,33.706807],[-112.044907,33.70667],[-112.044972,33.706609],[-112.045203,33.706257],[-112.045393,33.706087],[-112.045637,33.705972],[-112.0459,33.705966],[-112.04613,33.705928],[-112.046452,33.705829],[-112.046788,33.705669],[-112.047189,33.705537],[-112.04765,33.705241],[-112.04767,33.705213],[-112.047696,33.705224],[-112.048027,33.704832],[-112.048049,33.698473],[-112.048047,33.698252],[-112.048223,33.694011],[-112.048229,33.693876],[-112.048316,33.693904],[-112.049079,33.693943],[-112.050874,33.693784],[-112.052946,33.693602],[-112.055123,33.693339],[-112.056438,33.693306],[-112.056728,33.69335],[-112.056978,33.693471],[-112.057466,33.694099],[-112.060602,33.698177],[-112.060641,33.698224],[-112.061457,33.699205],[-112.063088,33.700348],[-112.06366,33.700704],[-112.065037,33.701561],[-112.065723,33.701988],[-112.065723,33.701641],[-112.065726,33.701277],[-112.06572,33.701038],[-112.065715,33.700871],[-112.065681,33.700585],[-112.065647,33.700388],[-112.065604,33.700199],[-112.065955,33.699761],[-112.066003,33.699702],[-112.066256,33.699396],[-112.066566,33.699006],[-112.066843,33.698692],[-112.067079,33.698412],[-112.068119,33.6984],[-112.068437,33.698396],[-112.069973,33.6984],[-112.070765,33.698394],[-112.071963,33.69841],[-112.073097,33.698417],[-112.073871,33.698409],[-112.074355,33.698412],[-112.07471,33.698404],[-112.0752,33.698425],[-112.075672,33.698424],[-112.07659,33.698415],[-112.0771,33.698415],[-112.07838,33.698416],[-112.07846,33.698409],[-112.078558,33.698389],[-112.078646,33.698347],[-112.078714,33.698328],[-112.078844,33.698312],[-112.079395,33.698296],[-112.079645,33.698304],[-112.079921,33.698312],[-112.080811,33.698324],[-112.081725,33.698328],[-112.082179,33.69834],[-112.082605,33.698331],[-112.083168,33.698327],[-112.08346,33.69826],[-112.087453,33.69826],[-112.089625,33.69826],[-112.09179,33.698256],[-112.094451,33.698269],[-112.096573,33.698279],[-112.097707,33.698285],[-112.098176,33.698297],[-112.098563,33.698296],[-112.09998,33.6983],[-112.100573,33.698318],[-112.101086,33.698356],[-112.101698,33.698437],[-112.102198,33.698538],[-112.102429,33.698596],[-112.102613,33.698649],[-112.10279,33.6987],[-112.10283,33.698711],[-112.103301,33.698875],[-112.103928,33.699137],[-112.104221,33.699263],[-112.10473,33.69951],[-112.104981,33.699639],[-112.105507,33.699898],[-112.105874,33.70003],[-112.106396,33.700196],[-112.10672,33.700289],[-112.107042,33.700362],[-112.10729,33.700414],[-112.10765,33.700478],[-112.108048,33.700525],[-112.108718,33.700571],[-112.10887,33.700582],[-112.109027,33.700588],[-112.109334,33.700576],[-112.109784,33.700547],[-112.11008,33.700517],[-112.110731,33.700422],[-112.111156,33.70037],[-112.112245,33.700203],[-112.113699,33.699995],[-112.113722,33.699992],[-112.11428,33.699917],[-112.114563,33.699875],[-112.114494,33.699554],[-112.113714,33.695853],[-112.113516,33.694913],[-112.113292,33.693838],[-112.113201,33.693377],[-112.113018,33.692344],[-112.112964,33.692043],[-112.11285,33.691323],[-112.112737,33.690544],[-112.11264,33.689897],[-112.112574,33.689431],[-112.112562,33.6891],[-112.112539,33.68887],[-112.112435,33.687792],[-112.112368,33.686873],[-112.112329,33.686164],[-112.112296,33.685553],[-112.112272,33.684823],[-112.112259,33.684427],[-112.112255,33.684001],[-112.112257,33.683918],[-112.112255,33.683775],[-112.112255,33.683712],[-112.112248,33.683527],[-112.112247,33.683283],[-112.112254,33.682559],[-112.112272,33.681821],[-112.11231,33.680789],[-112.11235,33.680135],[-112.112363,33.679756],[-112.112371,33.679534],[-112.112528,33.67757],[-112.112572,33.677113],[-112.11262,33.676509],[-112.112635,33.676333],[-112.112778,33.674425],[-112.112786,33.674269],[-112.112838,33.673638],[-112.112867,33.67317],[-112.112937,33.67206],[-112.113027,33.670858],[-112.113114,33.669776],[-112.113128,33.669592],[-112.113158,33.669328],[-112.113187,33.669071],[-112.113206,33.668837],[-112.113218,33.668697],[-112.113225,33.668599],[-112.113229,33.668558],[-112.113192,33.668558],[-112.112365,33.668555],[-112.111789,33.668514],[-112.110252,33.668549],[-112.110113,33.668552],[-112.108543,33.668589],[-112.108281,33.668595],[-112.106006,33.668605],[-112.105955,33.668604],[-112.105754,33.6686],[-112.105406,33.668605],[-112.105194,33.668615],[-112.104858,33.668631],[-112.104341,33.668668],[-112.104194,33.66868],[-112.103431,33.668767],[-112.101999,33.668964],[-112.100586,33.669105],[-112.100082,33.669186],[-112.099791,33.669224],[-112.0998,33.668846],[-112.099828,33.667624],[-112.099834,33.667078],[-112.099823,33.66561],[-112.099815,33.664239],[-112.09981,33.663499],[-112.099799,33.662755],[-112.099792,33.661966],[-112.099789,33.660778],[-112.099788,33.660157],[-112.099778,33.659394],[-112.099776,33.658349],[-112.099773,33.658005],[-112.099753,33.655667],[-112.099753,33.654733],[-112.099746,33.653403],[-112.099735,33.652486],[-112.099725,33.651653],[-112.099722,33.651076],[-112.099718,33.650434],[-112.099717,33.649996],[-112.099717,33.649886],[-112.099715,33.648875],[-112.099714,33.648319],[-112.099711,33.647424],[-112.099713,33.645617],[-112.099715,33.645192],[-112.099715,33.644866],[-112.099715,33.643639],[-112.099716,33.643107],[-112.099724,33.642309],[-112.099718,33.641585],[-112.099701,33.640842],[-112.099691,33.640134],[-112.099688,33.639917],[-112.099696,33.637455],[-112.099689,33.636551],[-112.099689,33.636481],[-112.099687,33.635915],[-112.099695,33.634263],[-112.099692,33.632871],[-112.099694,33.631926],[-112.099687,33.629233],[-112.099682,33.627422],[-112.099675,33.625737],[-112.099689,33.625609],[-112.099688,33.625243],[-112.099686,33.624675],[-112.099684,33.624182],[-112.099684,33.624112],[-112.099683,33.624043],[-112.099667,33.619549],[-112.099665,33.618869],[-112.099665,33.618786],[-112.099662,33.61795],[-112.09966,33.617471],[-112.09966,33.61737],[-112.099657,33.616573],[-112.099656,33.616411],[-112.099653,33.615633],[-112.099653,33.615525],[-112.09965,33.614733],[-112.09965,33.614716],[-112.09965,33.614674],[-112.099647,33.613771],[-112.099639,33.61188],[-112.099637,33.611092],[-112.099631,33.608983],[-112.09963,33.608693],[-112.099629,33.608173],[-112.099627,33.607472],[-112.099625,33.60688],[-112.099625,33.606723],[-112.099624,33.606223],[-112.099623,33.605984],[-112.099621,33.605163],[-112.099618,33.604356],[-112.099617,33.603956],[-112.099617,33.603786],[-112.099615,33.602661],[-112.099627,33.602484],[-112.099655,33.602308],[-112.099701,33.602124],[-112.09977,33.601923],[-112.100184,33.60096],[-112.10026,33.600753],[-112.10031,33.600566],[-112.100344,33.600376],[-112.100362,33.600184],[-112.100363,33.600149],[-112.100358,33.600045],[-112.100321,33.599816],[-112.100277,33.599636],[-112.100218,33.599469],[-112.099805,33.598527],[-112.099738,33.59836],[-112.099711,33.598286],[-112.09966,33.598105],[-112.099623,33.597906],[-112.099606,33.597741],[-112.099598,33.597532],[-112.099603,33.596559],[-112.099608,33.594694],[-112.099611,33.593883],[-112.099612,33.593508],[-112.099614,33.592943],[-112.099623,33.592418],[-112.099647,33.591132],[-112.099648,33.590837],[-112.09965,33.590478],[-112.099651,33.590199],[-112.099655,33.589324],[-112.099665,33.587524],[-112.099667,33.585856],[-112.09967,33.585709],[-112.099671,33.583904],[-112.099674,33.582926],[-112.099666,33.582791],[-112.099633,33.582108],[-112.099606,33.581471],[-112.099594,33.581165],[-112.099574,33.580793],[-112.099566,33.580282],[-112.099572,33.579816],[-112.099573,33.578474],[-112.099586,33.576896],[-112.099593,33.576293],[-112.099614,33.575687],[-112.099639,33.574874],[-112.099639,33.573535],[-112.099638,33.572538],[-112.099638,33.572223],[-112.099637,33.571695],[-112.099637,33.571623],[-112.099637,33.571548],[-112.099637,33.571534],[-112.09962,33.569845],[-112.099613,33.569123],[-112.099616,33.567609],[-112.099643,33.56506],[-112.099645,33.564396],[-112.099646,33.56396],[-112.099646,33.563904],[-112.099646,33.563859],[-112.099647,33.56356],[-112.099649,33.563009],[-112.099651,33.562367],[-112.099651,33.562264],[-112.099652,33.562016],[-112.099652,33.561903],[-112.099654,33.561231],[-112.099657,33.560431],[-112.099638,33.559965],[-112.09964,33.559747],[-112.099647,33.559035],[-112.099648,33.558928],[-112.099658,33.557978],[-112.099667,33.557237],[-112.099668,33.557121],[-112.099667,33.557011],[-112.099666,33.55671],[-112.099675,33.553078],[-112.099662,33.551276],[-112.099658,33.55068],[-112.099652,33.549717],[-112.09965,33.549481],[-112.099648,33.54914],[-112.099643,33.548273],[-112.099629,33.54766],[-112.099624,33.546841],[-112.099624,33.545862],[-112.099615,33.544417],[-112.099609,33.543584],[-112.099606,33.543095],[-112.0996,33.542256],[-112.099595,33.541641],[-112.099593,33.541324],[-112.099588,33.54054],[-112.099575,33.538642],[-112.099593,33.536614],[-112.099596,33.536327],[-112.099604,33.535451],[-112.099609,33.534795],[-112.099611,33.534621],[-112.09961,33.534505],[-112.09961,33.533906],[-112.099611,33.53379],[-112.099625,33.532576],[-112.09964,33.53139],[-112.099647,33.530622],[-112.099648,33.530424],[-112.099653,33.529868],[-112.099659,33.529204],[-112.099665,33.528546],[-112.099665,33.528464],[-112.09967,33.527837],[-112.099671,33.527757],[-112.099675,33.527335],[-112.09967,33.52679],[-112.099672,33.526446],[-112.099679,33.525581],[-112.099691,33.525404],[-112.099693,33.525093],[-112.099703,33.524102],[-112.099687,33.523079],[-112.099697,33.522464],[-112.099718,33.520999],[-112.099731,33.519906],[-112.099748,33.518496],[-112.099767,33.516871],[-112.098525,33.516857],[-112.097608,33.51684],[-112.09649,33.516819],[-112.095596,33.516803],[-112.09344,33.516781],[-112.093178,33.516778],[-112.091202,33.516757],[-112.086832,33.516692],[-112.08363,33.516638],[-112.082454,33.516616],[-112.082137,33.516609],[-112.080791,33.516593],[-112.08023,33.516591],[-112.079248,33.516584],[-112.07812,33.516576],[-112.077665,33.516574],[-112.077019,33.51657],[-112.07464,33.516565],[-112.074513,33.516565],[-112.074443,33.516565],[-112.073741,33.516561],[-112.073108,33.516554],[-112.072016,33.516543],[-112.071291,33.516534],[-112.070924,33.516531],[-112.069616,33.516517],[-112.069375,33.516515],[-112.068278,33.516508],[-112.0676,33.516503],[-112.066677,33.516498],[-112.066621,33.516498],[-112.064994,33.516488],[-112.062814,33.516486],[-112.062257,33.516486],[-112.060625,33.516486],[-112.059065,33.516495],[-112.057343,33.516481],[-112.05624,33.516482],[-112.054033,33.516484],[-112.05385,33.516484],[-112.051978,33.516475],[-112.051874,33.516475],[-112.049336,33.516478],[-112.049254,33.516478],[-112.047525,33.516488],[-112.047525,33.514664],[-112.047525,33.514116],[-112.047522,33.512861],[-112.047518,33.511032],[-112.047516,33.509213],[-112.047527,33.507393],[-112.047539,33.505617],[-112.047551,33.503769],[-112.047565,33.501949],[-112.047571,33.501044],[-112.047578,33.500137],[-112.047587,33.499232],[-112.047592,33.49835],[-112.047592,33.498272],[-112.047594,33.497705],[-112.047606,33.496512],[-112.04761,33.496195],[-112.047618,33.494722],[-112.045446,33.494728],[-112.044964,33.494728],[-112.044912,33.494728],[-112.044767,33.494728],[-112.044559,33.494729],[-112.044302,33.494735],[-112.044021,33.494748],[-112.043912,33.494751],[-112.04376,33.494757],[-112.043505,33.494765],[-112.043132,33.494772],[-112.042929,33.494776],[-112.042166,33.494771],[-112.041076,33.494768],[-112.0389,33.494783],[-112.038604,33.494785],[-112.036905,33.494777],[-112.036721,33.494783],[-112.036074,33.494799],[-112.034531,33.494812],[-112.032367,33.49483],[-112.030999,33.494839],[-112.030195,33.49485],[-112.029558,33.494859],[-112.028021,33.494894],[-112.025879,33.49494],[-112.024811,33.494965],[-112.023736,33.494996],[-112.022541,33.495019],[-112.021595,33.495044],[-112.021077,33.495058],[-112.019513,33.495091],[-112.0183,33.495122],[-112.018099,33.495126],[-112.017285,33.495143],[-112.016295,33.495165],[-112.014219,33.495213],[-112.013186,33.495235],[-112.012978,33.495235],[-112.012972,33.493402],[-112.012968,33.49297],[-112.012961,33.491964],[-112.012961,33.491908],[-112.012959,33.49156],[-112.012955,33.490637],[-112.012954,33.490581],[-112.012953,33.490339],[-112.012942,33.48912],[-112.012939,33.488706],[-112.012935,33.487887],[-112.012932,33.486935],[-112.012927,33.48604],[-112.012924,33.485117],[-112.012922,33.484189],[-112.012918,33.48321],[-112.012915,33.482345],[-112.01291,33.480491],[-112.012908,33.47865],[-112.012908,33.477728],[-112.012908,33.476801],[-112.012904,33.475875],[-112.012904,33.474959],[-112.012993,33.474932],[-112.013057,33.474922],[-112.013132,33.474922],[-112.013644,33.474927],[-112.014085,33.474916],[-112.01421,33.474919],[-112.014577,33.474922],[-112.01506,33.474916],[-112.015101,33.474922],[-112.015099,33.474856],[-112.015105,33.474789],[-112.015185,33.474507],[-112.015207,33.474409],[-112.015216,33.474308],[-112.015213,33.473101],[-112.015075,33.473101],[-112.014212,33.473106],[-112.012909,33.473112],[-112.012911,33.472194],[-112.01291,33.471266],[-112.012908,33.470201],[-112.012913,33.469645],[-112.01291,33.469436],[-112.012908,33.468698],[-112.012917,33.467194],[-112.012918,33.465732],[-112.010838,33.465725],[-112.010405,33.465722],[-112.010175,33.465722],[-112.010116,33.465725],[-112.010004,33.465719],[-112.008991,33.465714],[-112.008575,33.465712],[-112.008569,33.466803],[-112.008572,33.467937],[-112.008508,33.46793],[-112.007221,33.467923],[-112.006842,33.467927],[-112.006447,33.467926],[-112.006402,33.467937],[-112.00637,33.467951],[-112.006328,33.467973],[-112.006297,33.467978],[-112.005411,33.467976],[-112.005231,33.467982],[-112.005203,33.46799],[-112.005165,33.468017],[-112.005147,33.468044],[-112.005142,33.468065],[-112.005133,33.468503],[-112.005133,33.468718],[-112.004856,33.468733],[-112.004643,33.468736],[-112.004202,33.468733],[-112.00421,33.467425],[-112.004213,33.466844],[-112.004215,33.465707],[-112.002047,33.465702],[-112.001037,33.465691],[-112.00028,33.465684],[-111.999911,33.465688],[-111.997616,33.465667],[-111.997433,33.465669],[-111.995585,33.465657],[-111.994805,33.465657],[-111.99448,33.465659],[-111.992982,33.465654],[-111.992374,33.465654],[-111.992188,33.465654],[-111.991819,33.465653],[-111.991215,33.465651],[-111.990752,33.465653],[-111.989835,33.465673],[-111.989821,33.465673],[-111.989221,33.465691],[-111.989042,33.465697],[-111.988821,33.465704],[-111.988422,33.465705],[-111.987102,33.465705],[-111.985858,33.465705],[-111.985448,33.465688],[-111.984906,33.465646],[-111.984588,33.465637],[-111.984468,33.465637],[-111.983938,33.465653],[-111.98228,33.46564],[-111.981713,33.465637],[-111.981674,33.465639],[-111.981568,33.465643],[-111.981316,33.465651],[-111.980739,33.465656],[-111.980433,33.465657],[-111.980229,33.465659],[-111.979733,33.465663],[-111.97889,33.46567],[-111.978468,33.465666],[-111.97845,33.46423],[-111.978446,33.464087],[-111.978446,33.463777],[-111.978446,33.463757],[-111.978445,33.463343],[-111.978444,33.46286],[-111.978453,33.461933],[-111.978452,33.461712],[-111.978446,33.460746],[-111.978442,33.460016],[-111.97843,33.458311],[-111.978424,33.458129],[-111.978423,33.458072],[-111.97842,33.457766],[-111.978427,33.457344],[-111.978422,33.457155],[-111.978426,33.456933],[-111.979291,33.457177],[-111.979367,33.457196],[-111.980009,33.457363],[-111.98087,33.457568],[-111.981019,33.4576],[-111.98124,33.457649],[-111.981673,33.457745],[-111.982178,33.457847],[-111.982464,33.457901],[-111.982606,33.457928],[-111.982935,33.457988],[-111.982913,33.457897],[-111.982731,33.456926],[-111.98269,33.456629],[-111.982646,33.45631],[-111.982621,33.456086],[-111.982577,33.455588],[-111.98257,33.455388],[-111.982561,33.454962],[-111.982559,33.454893],[-111.982566,33.454276],[-111.98258,33.45406],[-111.982583,33.453809],[-111.982617,33.453121],[-111.982627,33.452695],[-111.982621,33.452274],[-111.982604,33.451921],[-111.982568,33.451501],[-111.982526,33.45115],[-111.982465,33.451149],[-111.981942,33.451144],[-111.981407,33.45114],[-111.98119,33.451138],[-111.980041,33.451127],[-111.978429,33.451115],[-111.976407,33.451096],[-111.975872,33.451082],[-111.975126,33.451045],[-111.974737,33.45102],[-111.974191,33.450993],[-111.973962,33.450983],[-111.973147,33.450968],[-111.972465,33.450968],[-111.972371,33.450967],[-111.971542,33.450961],[-111.97085,33.450961],[-111.970592,33.450971],[-111.970514,33.450971],[-111.970178,33.450974],[-111.969748,33.450961],[-111.969066,33.450946],[-111.968809,33.450941],[-111.968489,33.450944],[-111.968272,33.450941],[-111.967582,33.450927],[-111.96738,33.450924],[-111.966838,33.450935],[-111.965896,33.45093],[-111.965456,33.450938],[-111.965182,33.450944],[-111.9651,33.450947],[-111.96486,33.450958],[-111.964609,33.450972],[-111.963876,33.451011],[-111.963438,33.451022],[-111.963306,33.451023],[-111.96267,33.451023],[-111.962203,33.451023],[-111.960991,33.451017],[-111.961,33.450756],[-111.961008,33.44977],[-111.961006,33.449598],[-111.96101,33.449149],[-111.961012,33.448897],[-111.95952,33.44889],[-111.957577,33.44888],[-111.957507,33.448879],[-111.957487,33.448879],[-111.957458,33.448877],[-111.957422,33.448868],[-111.957405,33.448862],[-111.957371,33.448841],[-111.957351,33.448822],[-111.957336,33.448808],[-111.957317,33.448795],[-111.957288,33.448782],[-111.957268,33.448776],[-111.957239,33.448772],[-111.957204,33.448772],[-111.957141,33.448772],[-111.95691,33.448771],[-111.95645,33.448769],[-111.956389,33.448768],[-111.956326,33.448768],[-111.956282,33.448768],[-111.956224,33.448768],[-111.956194,33.448766],[-111.956161,33.448763],[-111.956124,33.448758],[-111.956098,33.44875],[-111.956066,33.448739],[-111.95604,33.448729],[-111.956025,33.448723],[-111.955998,33.448708],[-111.955976,33.448694],[-111.955945,33.448671],[-111.955927,33.448655],[-111.95591,33.448635],[-111.95588,33.4486],[-111.955873,33.448588],[-111.955862,33.44857],[-111.955843,33.448532],[-111.955837,33.44852],[-111.955813,33.448486],[-111.955794,33.448465],[-111.955761,33.448437],[-111.955722,33.448413],[-111.955704,33.448404],[-111.955668,33.448388],[-111.955623,33.448376],[-111.955592,33.448371],[-111.955524,33.448367],[-111.955357,33.448366],[-111.955198,33.448366],[-111.955008,33.448365],[-111.954976,33.448363],[-111.954944,33.448359],[-111.954898,33.448349],[-111.954852,33.448332],[-111.95481,33.448311],[-111.954785,33.448294],[-111.954761,33.448276],[-111.95474,33.448255],[-111.954704,33.44821],[-111.95468,33.448159],[-111.954665,33.448106],[-111.954665,33.44808],[-111.954664,33.448006],[-111.954664,33.447949],[-111.954663,33.447871],[-111.954662,33.44772],[-111.954661,33.447586],[-111.954658,33.44722],[-111.954655,33.446944],[-111.954636,33.444526],[-111.954457,33.444502],[-111.954166,33.444474],[-111.954123,33.444665],[-111.954098,33.444786],[-111.954057,33.444904],[-111.95366,33.445751],[-111.953477,33.446137],[-111.953414,33.446285],[-111.953326,33.446489],[-111.953028,33.447124],[-111.952918,33.447366],[-111.952832,33.447516],[-111.952736,33.447651],[-111.952673,33.447729],[-111.952581,33.447819],[-111.95257,33.44783],[-111.952454,33.447961],[-111.952341,33.448107],[-111.952271,33.448206],[-111.952214,33.448307],[-111.952176,33.448383],[-111.952131,33.448441],[-111.952079,33.448487],[-111.952066,33.448498],[-111.952038,33.448514],[-111.952015,33.448527],[-111.951993,33.44854],[-111.95191,33.448569],[-111.950934,33.447332],[-111.950579,33.447332],[-111.95007,33.447332],[-111.941466,33.447356],[-111.941259,33.447752],[-111.940965,33.448323],[-111.940633,33.448966],[-111.940477,33.449269],[-111.940312,33.449532],[-111.940095,33.449867],[-111.940654,33.451002],[-111.940681,33.451059],[-111.940973,33.451563],[-111.942057,33.452335],[-111.94325,33.454949],[-111.943172,33.455136],[-111.942998,33.455561],[-111.942869,33.455867],[-111.94226,33.456504],[-111.942052,33.456838],[-111.942052,33.458355],[-111.942062,33.458822],[-111.941638,33.461463],[-111.940555,33.463367],[-111.939339,33.464602],[-111.939301,33.463984],[-111.939338,33.461918],[-111.939341,33.46177],[-111.939407,33.458306],[-111.937901,33.458325],[-111.936554,33.458346],[-111.935007,33.458371],[-111.933857,33.458385],[-111.930665,33.458433],[-111.929548,33.45845],[-111.928236,33.458472],[-111.927464,33.458484],[-111.926344,33.458502],[-111.92637,33.456688],[-111.926403,33.454877],[-111.926425,33.453581],[-111.926427,33.453425],[-111.926432,33.453097],[-111.926435,33.452966],[-111.926448,33.452066],[-111.926461,33.451245],[-111.92548,33.451248],[-111.925345,33.45125],[-111.923518,33.45125],[-111.922192,33.451254],[-111.919976,33.451257],[-111.918978,33.451259],[-111.917909,33.451259],[-111.917906,33.450124],[-111.917915,33.449621],[-111.917915,33.449123],[-111.917923,33.448192],[-111.917924,33.448014],[-111.917923,33.447629],[-111.915769,33.447632],[-111.915767,33.448049],[-111.91576,33.451058],[-111.915753,33.451265],[-111.915465,33.451265],[-111.912864,33.451273],[-111.911887,33.451276],[-111.909713,33.45127],[-111.909279,33.451281],[-111.909294,33.450772],[-111.909306,33.449869],[-111.909311,33.449281],[-111.909321,33.448596],[-111.909397,33.445751],[-111.909443,33.444015],[-111.909502,33.441815],[-111.909518,33.441063],[-111.909538,33.440382],[-111.909642,33.436966],[-111.909645,33.436831],[-111.909647,33.436755],[-111.90917,33.436755],[-111.906259,33.436758],[-111.906088,33.436758],[-111.905966,33.436758],[-111.905869,33.436762],[-111.90524,33.436762],[-111.900838,33.436767],[-111.900567,33.436761],[-111.899604,33.436766],[-111.896918,33.436764],[-111.894259,33.436764],[-111.892187,33.436763],[-111.892116,33.436763],[-111.892043,33.436763],[-111.892045,33.436896],[-111.892045,33.437061],[-111.892044,33.437401],[-111.892032,33.438099],[-111.892043,33.439718],[-111.892045,33.440425],[-111.891613,33.440441],[-111.891396,33.440453],[-111.891071,33.440454],[-111.890738,33.440453],[-111.890465,33.440444],[-111.885572,33.440442],[-111.882386,33.44044],[-111.879073,33.440406],[-111.876901,33.440391],[-111.874595,33.440412],[-111.874595,33.440374],[-111.874579,33.437832],[-111.874566,33.43755],[-111.874571,33.436919],[-111.874151,33.437061],[-111.874144,33.43675],[-111.874011,33.43675],[-111.87372,33.436744],[-111.873352,33.436743],[-111.873188,33.436743],[-111.872323,33.43674],[-111.872154,33.436739],[-111.871425,33.436735],[-111.87061,33.436731],[-111.869652,33.436727],[-111.869352,33.436726],[-111.869357,33.43686],[-111.868257,33.437422],[-111.86765,33.437777],[-111.867511,33.437899],[-111.867383,33.437993],[-111.867186,33.438234],[-111.867037,33.4384],[-111.866756,33.438759],[-111.865881,33.439958],[-111.865512,33.440365],[-111.865274,33.440361],[-111.865205,33.437901],[-111.86519,33.437417],[-111.865173,33.436843],[-111.865173,33.436773],[-111.865089,33.436763],[-111.856187,33.436715],[-111.856188,33.436804],[-111.856192,33.437134],[-111.856201,33.43739],[-111.856241,33.438189],[-111.856244,33.438254],[-111.856267,33.438775],[-111.856278,33.439512],[-111.856291,33.440866],[-111.856311,33.442532],[-111.856315,33.442844],[-111.856315,33.442859],[-111.856315,33.442892],[-111.856837,33.442894],[-111.858744,33.442901],[-111.859606,33.442904],[-111.860815,33.442909],[-111.860931,33.442911],[-111.86095,33.443408],[-111.860954,33.44352],[-111.860972,33.443999],[-111.86086,33.444015],[-111.860812,33.444022],[-111.858729,33.444023],[-111.856452,33.443982],[-111.856333,33.44398],[-111.854835,33.443998],[-111.854642,33.444],[-111.854523,33.444002],[-111.854516,33.444126],[-111.854529,33.445561],[-111.853379,33.446307],[-111.853159,33.446488],[-111.852817,33.446794],[-111.85271,33.446889],[-111.852511,33.447122],[-111.852427,33.447221],[-111.852164,33.447536],[-111.852165,33.447577],[-111.852165,33.447679],[-111.852168,33.448046],[-111.852169,33.448112],[-111.852173,33.448439],[-111.852173,33.449273],[-111.852186,33.450026],[-111.852183,33.450792],[-111.852188,33.451229],[-111.852117,33.451225],[-111.850685,33.451229],[-111.849402,33.451232],[-111.849091,33.451238],[-111.848746,33.451236],[-111.848615,33.451236],[-111.84814,33.451239],[-111.847988,33.45124],[-111.847991,33.451341],[-111.848,33.451652],[-111.848004,33.451761],[-111.848008,33.45192],[-111.848011,33.452017],[-111.848013,33.45207],[-111.848026,33.452438],[-111.848068,33.453313],[-111.848122,33.454636],[-111.848137,33.454983],[-111.846044,33.455017],[-111.844814,33.455004],[-111.842258,33.455036],[-111.841527,33.455049],[-111.840607,33.455066],[-111.839655,33.455084],[-111.839206,33.455079],[-111.838585,33.455079],[-111.837269,33.455079],[-111.836259,33.455081],[-111.835929,33.455494],[-111.835675,33.455821],[-111.835636,33.455871],[-111.835448,33.456374],[-111.834966,33.457373],[-111.834811,33.45768],[-111.834782,33.45775],[-111.834697,33.457931],[-111.834644,33.45802],[-111.834596,33.45814],[-111.83449,33.458212],[-111.833883,33.458593],[-111.833748,33.458757],[-111.833748,33.458802],[-111.834653,33.458784],[-111.834993,33.458779],[-111.835399,33.458774],[-111.835459,33.458773],[-111.835467,33.459367],[-111.835507,33.462485],[-111.83507,33.462493],[-111.831044,33.462567],[-111.828742,33.462609],[-111.826792,33.462585],[-111.826763,33.462586],[-111.826752,33.462716],[-111.826778,33.466101],[-111.826779,33.466195],[-111.82678,33.466383],[-111.826577,33.466388],[-111.82639,33.466393],[-111.822375,33.466492],[-111.822355,33.466518],[-111.822314,33.466548],[-111.822249,33.466574],[-111.822158,33.466596],[-111.822096,33.466602],[-111.822077,33.466603],[-111.818632,33.466593],[-111.817883,33.466596],[-111.817477,33.466599],[-111.816576,33.466611],[-111.815872,33.466611],[-111.814152,33.46661],[-111.813452,33.466593],[-111.811679,33.466592],[-111.810986,33.466586],[-111.808821,33.466576],[-111.808254,33.466572],[-111.807449,33.466574],[-111.806996,33.466574],[-111.80488,33.466563],[-111.804355,33.466561],[-111.802796,33.466541],[-111.802575,33.466538],[-111.800495,33.46651],[-111.798445,33.466486],[-111.797576,33.466479],[-111.796102,33.466467],[-111.789068,33.466411],[-111.788238,33.466405],[-111.787423,33.466395],[-111.787284,33.466403],[-111.78734,33.469109],[-111.78734,33.469994],[-111.78734,33.470404],[-111.78734,33.471145],[-111.787362,33.471875],[-111.787362,33.473653],[-111.787362,33.473894],[-111.787362,33.474545],[-111.787362,33.476097],[-111.787366,33.477322],[-111.78732,33.480302],[-111.787299,33.480908],[-111.786673,33.48091],[-111.783866,33.480914],[-111.781284,33.480919],[-111.778869,33.480923],[-111.778957,33.477339],[-111.778999,33.475578],[-111.779033,33.474221],[-111.779035,33.474104],[-111.779051,33.473701],[-111.77907,33.472801],[-111.779089,33.471982],[-111.775214,33.471973],[-111.77505,33.472172],[-111.774575,33.472745],[-111.774537,33.472792],[-111.774048,33.473328],[-111.773622,33.473796],[-111.773127,33.474391],[-111.772827,33.47475],[-111.772391,33.475277],[-111.772256,33.47543],[-111.772115,33.475617],[-111.772032,33.475734],[-111.771906,33.475887],[-111.771761,33.476036],[-111.771641,33.476143],[-111.771517,33.476239],[-111.771383,33.476332],[-111.771243,33.476418],[-111.771097,33.476495],[-111.770925,33.476574],[-111.770749,33.476641],[-111.770566,33.4767],[-111.770345,33.476755],[-111.770331,33.478774],[-111.771166,33.479875],[-111.771382,33.480079],[-111.771867,33.480662],[-111.773152,33.480654],[-111.773139,33.480917],[-111.7732,33.480918],[-111.77441,33.480936],[-111.774787,33.480975],[-111.776763,33.481037],[-111.776918,33.481042],[-111.776922,33.481125],[-111.776919,33.48129],[-111.775719,33.482036],[-111.773588,33.482038],[-111.771075,33.48204],[-111.770374,33.482464],[-111.76948,33.482762],[-111.767667,33.483411],[-111.765927,33.48369],[-111.765935,33.483483],[-111.765935,33.48313],[-111.765269,33.483308],[-111.765277,33.482852],[-111.765928,33.482854],[-111.765935,33.482143],[-111.765936,33.481843],[-111.765936,33.481045],[-111.765311,33.481004],[-111.765314,33.480841],[-111.765051,33.48085],[-111.764916,33.480876],[-111.764883,33.48088],[-111.764696,33.480905],[-111.764579,33.480916],[-111.764542,33.480919],[-111.764442,33.480922],[-111.764337,33.480926],[-111.764319,33.480927],[-111.763248,33.48093],[-111.762353,33.480934],[-111.762075,33.480935],[-111.761959,33.480935],[-111.761928,33.48194],[-111.761871,33.481939],[-111.76185,33.481959],[-111.761847,33.482084],[-111.761505,33.482123],[-111.761162,33.482157],[-111.760819,33.482188],[-111.760796,33.48219],[-111.760547,33.482208],[-111.760475,33.482214],[-111.76039,33.482214],[-111.760382,33.482763],[-111.760377,33.483044],[-111.760363,33.48392],[-111.760354,33.484532],[-111.754918,33.48452],[-111.752907,33.484515],[-111.744342,33.484675],[-111.744335,33.48434],[-111.74433,33.484116],[-111.744332,33.482467],[-111.744273,33.482471],[-111.744258,33.482098],[-111.744257,33.482062],[-111.744254,33.481991],[-111.744201,33.481992],[-111.743519,33.482031],[-111.743177,33.482047],[-111.74305,33.482056],[-111.742667,33.482072],[-111.742581,33.482069],[-111.742162,33.48199],[-111.741227,33.481841],[-111.740971,33.481813],[-111.740842,33.481816],[-111.740628,33.481836],[-111.740379,33.481887],[-111.74034,33.481901],[-111.740258,33.481921],[-111.739855,33.482041],[-111.739691,33.482076],[-111.739611,33.482101],[-111.739446,33.482134],[-111.739366,33.482159],[-111.739292,33.482194],[-111.739185,33.482253],[-111.739082,33.482315],[-111.739019,33.482365],[-111.738911,33.482515],[-111.738895,33.482548],[-111.738829,33.482718],[-111.738779,33.482889],[-111.738767,33.482959],[-111.738695,33.483233],[-111.738681,33.483266],[-111.738671,33.48333],[-111.738569,33.483725],[-111.738488,33.48403],[-111.738466,33.484099],[-111.738397,33.484233],[-111.738232,33.484449],[-111.738045,33.484671],[-111.737941,33.484795],[-111.73793,33.484808],[-111.737844,33.484886],[-111.737809,33.484906],[-111.737658,33.484967],[-111.737533,33.484991],[-111.737149,33.484984],[-111.736765,33.484962],[-111.736295,33.484925],[-111.73621,33.484923],[-111.736126,33.484928],[-111.736083,33.484926],[-111.735917,33.484959],[-111.735801,33.485003],[-111.735621,33.4851],[-111.735333,33.485267],[-111.735213,33.485341],[-111.734862,33.485554],[-111.734618,33.485698],[-111.733998,33.486081],[-111.733931,33.486126],[-111.733792,33.486209],[-111.733418,33.486499],[-111.733332,33.486578],[-111.733118,33.486801],[-111.733075,33.486862],[-111.732895,33.487298],[-111.732821,33.487463],[-111.732723,33.487698],[-111.732681,33.48776],[-111.732616,33.487806],[-111.732542,33.487842],[-111.732427,33.487892],[-111.732346,33.487917],[-111.73214,33.487968],[-111.732059,33.487992],[-111.731746,33.488114],[-111.731625,33.488151],[-111.731583,33.488159],[-111.73154,33.48816],[-111.731456,33.488148],[-111.73133,33.488123],[-111.731171,33.488069],[-111.73114,33.488056],[-111.731054,33.488023],[-111.730942,33.487971],[-111.73087,33.487932],[-111.730666,33.487803],[-111.730332,33.487581],[-111.730048,33.487417],[-111.729913,33.487327],[-111.729774,33.487243],[-111.729574,33.487111],[-111.729482,33.487038],[-111.729457,33.487009],[-111.729395,33.48696],[-111.729162,33.486753],[-111.72908,33.486671],[-111.728849,33.486413],[-111.728728,33.486311],[-111.728672,33.486258],[-111.728598,33.486221],[-111.728439,33.486168],[-111.728353,33.486162],[-111.728225,33.486165],[-111.728183,33.486172],[-111.728141,33.486173],[-111.727994,33.48621],[-111.727911,33.486227],[-111.727832,33.486252],[-111.727757,33.486285],[-111.727692,33.486328],[-111.72759,33.486387],[-111.727438,33.486508],[-111.727401,33.486525],[-111.727094,33.486718],[-111.727036,33.486772],[-111.726917,33.486919],[-111.726896,33.48695],[-111.726883,33.486984],[-111.726834,33.487192],[-111.726804,33.487352],[-111.726722,33.487717],[-111.726696,33.487858],[-111.726655,33.487994],[-111.726535,33.488225],[-111.726369,33.488473],[-111.726321,33.488529],[-111.726192,33.488712],[-111.726131,33.488805],[-111.725998,33.489029],[-111.725898,33.489185],[-111.725617,33.489407],[-111.725549,33.489451],[-111.725477,33.489489],[-111.725341,33.489573],[-111.72527,33.489612],[-111.724862,33.489866],[-111.724791,33.489905],[-111.724725,33.48995],[-111.724274,33.490218],[-111.724045,33.490377],[-111.72399,33.49043],[-111.723947,33.490491],[-111.72388,33.490622],[-111.723871,33.490656],[-111.72387,33.490726],[-111.723875,33.490761],[-111.723888,33.490795],[-111.7239,33.490865],[-111.723928,33.490933],[-111.723961,33.490999],[-111.724003,33.491059],[-111.724094,33.49122],[-111.724124,33.491286],[-111.724175,33.491422],[-111.724187,33.491492],[-111.724193,33.491563],[-111.724202,33.491598],[-111.724198,33.491633],[-111.724178,33.491701],[-111.724057,33.491968],[-111.723806,33.492464],[-111.723438,33.493149],[-111.723381,33.493243],[-111.723355,33.493271],[-111.723312,33.493333],[-111.723152,33.493451],[-111.722992,33.493502],[-111.722909,33.493518],[-111.722328,33.49366],[-111.722196,33.493693],[-111.721949,33.49375],[-111.7215,33.493865],[-111.721417,33.493882],[-111.721378,33.493896],[-111.721253,33.493921],[-111.720833,33.493993],[-111.720546,33.494069],[-111.720261,33.494152],[-111.720064,33.494225],[-111.71997,33.494298],[-111.719941,33.494326],[-111.719902,33.494389],[-111.719836,33.494481],[-111.719824,33.494515],[-111.719833,33.494586],[-111.719839,33.494729],[-111.719851,33.494833],[-111.71986,33.494869],[-111.719897,33.495113],[-111.719934,33.495319],[-111.719956,33.495387],[-111.719979,33.495489],[-111.719989,33.495559],[-111.719989,33.495595],[-111.720003,33.495663],[-111.720003,33.495736],[-111.719994,33.495807],[-111.719987,33.495948],[-111.719948,33.496121],[-111.719849,33.496392],[-111.719829,33.496423],[-111.719646,33.496574],[-111.719582,33.49662],[-111.719476,33.496682],[-111.719199,33.496848],[-111.719134,33.496895],[-111.719065,33.496937],[-111.718715,33.497197],[-111.718486,33.497359],[-111.717979,33.497683],[-111.717908,33.497722],[-111.717854,33.497757],[-111.71778,33.497757],[-111.717705,33.497759],[-111.717074,33.497768],[-111.716815,33.498012],[-111.715684,33.497993],[-111.715444,33.497989],[-111.714845,33.49974],[-111.712622,33.499702],[-111.712657,33.497945],[-111.710641,33.497909],[-111.707965,33.49786],[-111.701805,33.497749],[-111.701254,33.497745],[-111.701279,33.499679],[-111.69907,33.499709],[-111.696648,33.499735],[-111.688481,33.499835],[-111.68453,33.499883],[-111.684037,33.499889],[-111.684026,33.499217],[-111.684008,33.498493],[-111.684,33.497909],[-111.683982,33.49729],[-111.683954,33.496681],[-111.683925,33.496045],[-111.683907,33.495348],[-111.683911,33.49519],[-111.683911,33.494405],[-111.683917,33.493693],[-111.683915,33.493256],[-111.683913,33.492897],[-111.683915,33.49206],[-111.683911,33.490034],[-111.683909,33.48972],[-111.683915,33.48829],[-111.683914,33.486758],[-111.683914,33.485653],[-111.68392,33.485055],[-111.683914,33.4844],[-111.683914,33.483714],[-111.683922,33.483126],[-111.683917,33.482152],[-111.6839,33.481586],[-111.683898,33.48117],[-111.683897,33.481074],[-111.683886,33.480814],[-111.683026,33.480815],[-111.682872,33.480815],[-111.682798,33.480817],[-111.682725,33.480817],[-111.682576,33.480817],[-111.682293,33.480817],[-111.682093,33.480826],[-111.681878,33.480848],[-111.681697,33.480876],[-111.681555,33.480911],[-111.681416,33.480956],[-111.681281,33.481012],[-111.681182,33.481064],[-111.680959,33.480742],[-111.68085,33.480562],[-111.680755,33.48037],[-111.680677,33.480178],[-111.680624,33.480013],[-111.680595,33.479892],[-111.680562,33.479735],[-111.680545,33.47965],[-111.680381,33.478578],[-111.680322,33.478313],[-111.680254,33.478077],[-111.680162,33.47782],[-111.680146,33.47778],[-111.680047,33.477555],[-111.679921,33.477317],[-111.679736,33.477021],[-111.679592,33.476819],[-111.679431,33.476619],[-111.678472,33.475513],[-111.678358,33.475382],[-111.678128,33.475095],[-111.678016,33.47495],[-111.677896,33.474795],[-111.677592,33.47437],[-111.677231,33.473821],[-111.6762,33.472121],[-111.675949,33.471707],[-111.675813,33.471502],[-111.67568,33.47133],[-111.675533,33.471165],[-111.675403,33.471033],[-111.67525,33.470895],[-111.675024,33.470717],[-111.674826,33.470582],[-111.674615,33.470458],[-111.674332,33.470315],[-111.674119,33.470225],[-111.673214,33.469851],[-111.672634,33.469611],[-111.672053,33.469372],[-111.671953,33.469527],[-111.671815,33.469715],[-111.67166,33.469892],[-111.671517,33.470035],[-111.671355,33.470177],[-111.671182,33.470312],[-111.671001,33.470436],[-111.670757,33.470584],[-111.670447,33.470787],[-111.670151,33.470974],[-111.670001,33.471075],[-111.6698,33.471224],[-111.669658,33.471347],[-111.669629,33.471372],[-111.669468,33.471527],[-111.669303,33.471708],[-111.669155,33.471898],[-111.669032,33.472079],[-111.668996,33.472136],[-111.668413,33.473156],[-111.668302,33.473315],[-111.668179,33.473469],[-111.668024,33.473635],[-111.667874,33.473773],[-111.667671,33.473934],[-111.667481,33.474062],[-111.666332,33.474733],[-111.664745,33.475659],[-111.661817,33.477369],[-111.66163,33.477476],[-111.661425,33.477611],[-111.661292,33.477711],[-111.661103,33.47787],[-111.661044,33.477925],[-111.660893,33.47808],[-111.660753,33.478243],[-111.660625,33.478417],[-111.660512,33.478595],[-111.659712,33.480075],[-111.65904,33.481316],[-111.658874,33.481623],[-111.658782,33.481836],[-111.658705,33.482067],[-111.658668,33.482205],[-111.658628,33.482388],[-111.658596,33.482602],[-111.658579,33.482821],[-111.658578,33.483044],[-111.658591,33.48326],[-111.658615,33.483449],[-111.658659,33.483665],[-111.658719,33.483882],[-111.658802,33.48411],[-111.658906,33.484336],[-111.658982,33.484479],[-111.659103,33.484674],[-111.659223,33.484842],[-111.659329,33.484977],[-111.659376,33.485033],[-111.659547,33.485217],[-111.659756,33.485414],[-111.659958,33.485579],[-111.660139,33.485709],[-111.660345,33.485841],[-111.660479,33.48592],[-111.662827,33.48722],[-111.662961,33.487309],[-111.663088,33.487403],[-111.663252,33.487544],[-111.663316,33.487609],[-111.66339,33.487698],[-111.663224,33.48778],[-111.663114,33.487841],[-111.662442,33.488265],[-111.662121,33.488504],[-111.661742,33.488785],[-111.661657,33.488835],[-111.661557,33.48888],[-111.661451,33.488917],[-111.661311,33.488948],[-111.661164,33.488962],[-111.660875,33.488968],[-111.660712,33.488977],[-111.660603,33.488992],[-111.660494,33.489018],[-111.660389,33.489053],[-111.660289,33.4891],[-111.659915,33.489328],[-111.659336,33.489685],[-111.659233,33.489736],[-111.659114,33.489779],[-111.658963,33.489812],[-111.658911,33.489818],[-111.658847,33.489823],[-111.658086,33.489815],[-111.657282,33.489804],[-111.655573,33.48978],[-111.655452,33.489767],[-111.65533,33.489744],[-111.655212,33.489708],[-111.655035,33.489635],[-111.654902,33.489575],[-111.654562,33.48941],[-111.654407,33.489342],[-111.654316,33.489311],[-111.654222,33.489286],[-111.654078,33.489266],[-111.654021,33.489261],[-111.653291,33.489255],[-111.652248,33.489251],[-111.652068,33.489234],[-111.651905,33.489203],[-111.651749,33.489158],[-111.6516,33.489098],[-111.651494,33.489044],[-111.651053,33.488782],[-111.650479,33.492146],[-111.650045,33.494695],[-111.649926,33.495157],[-111.649869,33.495156],[-111.649266,33.495154],[-111.641226,33.495132],[-111.64048,33.495129],[-111.639015,33.495124],[-111.638647,33.495086],[-111.637787,33.495086],[-111.637446,33.49503],[-111.636766,33.495058],[-111.635519,33.495068],[-111.63474,33.495036],[-111.633526,33.494985],[-111.632581,33.494993],[-111.632458,33.494994],[-111.625813,33.495019],[-111.625718,33.49494],[-111.617226,33.494826],[-111.605991,33.495631],[-111.603772,33.49579],[-111.600446,33.486108],[-111.601611,33.477718],[-111.603074,33.467182],[-111.602741,33.467163],[-111.59858,33.466925],[-111.59556,33.466752],[-111.584418,33.466119],[-111.581715,33.465964],[-111.580626,33.465902],[-111.580634,33.4658],[-111.579585,33.465798],[-111.57837,33.465797],[-111.577974,33.465795],[-111.574234,33.465788],[-111.573707,33.465787],[-111.573,33.465789],[-111.571964,33.465783],[-111.570973,33.465787],[-111.570689,33.465787],[-111.569773,33.465792],[-111.569466,33.465796],[-111.569471,33.465846],[-111.568907,33.465843],[-111.568286,33.46584],[-111.567665,33.465837],[-111.563553,33.465837],[-111.561433,33.465843],[-111.560284,33.465845],[-111.5596,33.465846],[-111.558916,33.465848],[-111.558248,33.465849],[-111.557579,33.46585],[-111.556631,33.465852],[-111.54924,33.465868],[-111.547341,33.465868],[-111.546821,33.465862],[-111.546112,33.465863],[-111.546065,33.465862],[-111.543084,33.465865],[-111.541384,33.465866],[-111.540572,33.465867],[-111.540014,33.465867],[-111.538761,33.465867],[-111.53868,33.465867],[-111.538215,33.465867],[-111.537516,33.465868],[-111.536572,33.465868],[-111.533597,33.46587],[-111.532955,33.46585],[-111.532837,33.465848],[-111.532631,33.465836],[-111.532486,33.465839],[-111.532328,33.465846],[-111.53221,33.465846],[-111.531884,33.465837],[-111.531831,33.465853],[-111.531806,33.465871],[-111.531736,33.465871],[-111.530944,33.465871],[-111.530808,33.465871],[-111.529857,33.465871],[-111.528905,33.465872],[-111.52879,33.465872],[-111.528578,33.465872],[-111.527747,33.465872],[-111.525238,33.465873],[-111.52168,33.465873],[-111.520906,33.465873],[-111.520131,33.465874],[-111.515005,33.465875],[-111.512887,33.465876],[-111.510768,33.465877],[-111.509735,33.465878],[-111.508697,33.465877],[-111.499639,33.465879],[-111.489167,33.465882],[-111.488489,33.465882],[-111.486651,33.465883],[-111.482364,33.465884],[-111.481712,33.465884],[-111.480897,33.465884],[-111.480124,33.465884],[-111.479574,33.465884],[-111.476812,33.465885],[-111.476259,33.465885],[-111.467387,33.465888],[-111.464382,33.465888],[-111.4567,33.465891],[-111.443141,33.465898],[-111.442165,33.465898],[-111.429177,33.465902],[-111.428783,33.465904],[-111.428354,33.465907],[-111.424423,33.465907],[-111.409599,33.465907],[-111.394774,33.465908],[-111.392644,33.465908],[-111.390512,33.465908],[-111.385818,33.465908],[-111.380892,33.465908],[-111.379982,33.465908],[-111.371563,33.465908],[-111.366682,33.46591],[-111.365546,33.46591],[-111.340344,33.465914],[-111.333688,33.465915],[-111.322774,33.465917],[-111.310345,33.46592],[-111.299366,33.465922],[-111.2867,33.465924],[-111.284757,33.465907],[-111.281074,33.46591],[-111.280284,33.465915],[-111.269748,33.465919],[-111.268899,33.465919],[-111.267433,33.465912],[-111.235019,33.465756],[-111.21197,33.465644],[-111.196223,33.465568],[-111.194582,33.465567],[-111.189622,33.465536],[-111.169459,33.465462],[-111.163585,33.465481],[-111.157711,33.465501],[-111.154052,33.465516],[-111.139213,33.465582],[-111.126241,33.4656],[-111.12553,33.465597],[-111.099459,33.465635],[-111.090379,33.465648],[-111.064387,33.465678],[-111.060897,33.465696],[-111.056743,33.465707],[-111.047857,33.465735],[-111.039976,33.466019],[-111.039905,33.466104],[-111.040277,33.466814],[-111.041393,33.468946],[-111.041765,33.469656],[-111.042096,33.470287],[-111.043088,33.47218],[-111.043419,33.472811],[-111.04565,33.477133],[-111.045813,33.477544],[-111.045883,33.477674],[-111.045902,33.477715],[-111.046299,33.478442],[-111.046315,33.478472],[-111.046364,33.478565],[-111.04638,33.478596],[-111.048674,33.482662],[-111.055557,33.49486],[-111.057851,33.498925],[-111.057851,33.498942],[-111.057949,33.499152],[-111.058264,33.499826],[-111.058369,33.500051],[-111.059378,33.501842],[-111.062407,33.507217],[-111.063417,33.50901],[-111.06546,33.512842],[-111.070115,33.521622],[-111.070568,33.522477],[-111.074543,33.529949],[-111.077223,33.534917],[-111.077446,33.535331],[-111.077647,33.535701],[-111.077918,33.536203],[-111.077972,33.536307],[-111.078562,33.537428],[-111.079447,33.539107],[-111.080332,33.540788],[-111.080922,33.541907],[-111.081507,33.543014],[-111.084405,33.548305],[-111.084572,33.548611],[-111.084822,33.549069],[-111.085073,33.549527],[-111.08524,33.549832],[-111.085397,33.550132],[-111.08587,33.551031],[-111.086027,33.55133],[-111.088701,33.556423],[-111.089533,33.558007],[-111.09078,33.560382],[-111.092027,33.562757],[-111.092858,33.56434],[-111.093827,33.566186],[-111.095355,33.569063],[-111.095738,33.569783],[-111.096887,33.571943],[-111.09727,33.572663],[-111.09733,33.572778],[-111.097962,33.573858],[-111.103328,33.583626],[-111.103405,33.583784],[-111.10353,33.584039],[-111.103664,33.584314],[-111.104018,33.585036],[-111.104698,33.586343],[-111.107852,33.592404],[-111.108388,33.593434],[-111.108896,33.594427],[-111.108927,33.594482],[-111.10902,33.594647],[-111.109051,33.594701],[-111.109059,33.594717],[-111.109083,33.594763],[-111.109091,33.594778],[-111.109314,33.595204],[-111.109982,33.596483],[-111.110204,33.596908],[-111.111013,33.598435],[-111.11344,33.603015],[-111.114249,33.604541],[-111.114291,33.604617],[-111.114777,33.605394],[-111.116371,33.60835],[-111.116371,33.608361],[-111.116602,33.608791],[-111.117287,33.610107],[-111.117515,33.610545],[-111.117808,33.611097],[-111.117882,33.611237],[-111.117911,33.611292],[-111.119812,33.614877],[-111.120616,33.616391],[-111.120842,33.616811],[-111.120902,33.616922],[-111.120913,33.616943],[-111.120921,33.616957],[-111.120991,33.617086],[-111.121045,33.617187],[-111.121291,33.617644],[-111.122304,33.619524],[-111.123316,33.621404],[-111.123991,33.622657],[-111.12527,33.625031],[-111.125279,33.625049],[-111.125677,33.625747],[-111.129101,33.632156],[-111.130372,33.634534],[-111.13392,33.641175],[-111.134158,33.64162],[-111.134468,33.642202],[-111.136111,33.645286],[-111.136658,33.646313],[-111.137283,33.647487],[-111.138222,33.649248],[-111.13916,33.651008],[-111.139786,33.652182],[-111.140252,33.653056],[-111.140952,33.654369],[-111.141651,33.655681],[-111.142117,33.656556],[-111.142902,33.658029],[-111.143281,33.65874],[-111.14385,33.659808],[-111.144418,33.660874],[-111.144797,33.661586],[-111.145782,33.663436],[-111.145897,33.663649],[-111.146339,33.664478],[-111.146932,33.66559],[-111.14801,33.667605],[-111.148566,33.668649],[-111.15135,33.673857],[-111.151357,33.673871],[-111.151622,33.674366],[-111.151948,33.674979],[-111.152176,33.675405],[-111.152861,33.676685],[-111.15309,33.677112],[-111.153143,33.677211],[-111.153301,33.677506],[-111.153354,33.677606],[-111.15349,33.677518],[-111.153695,33.677386],[-111.153899,33.677254],[-111.154036,33.677166],[-111.154081,33.677137],[-111.15415,33.677093],[-111.154213,33.677045],[-111.154263,33.67702],[-111.154991,33.67655],[-111.156585,33.675508],[-111.157017,33.675087],[-111.157066,33.675003],[-111.15719,33.674788],[-111.157334,33.674594],[-111.157525,33.674295],[-111.157542,33.674278],[-111.157626,33.674197],[-111.157655,33.674169],[-111.157866,33.673962],[-111.157992,33.673838],[-111.158105,33.673728],[-111.158126,33.673698],[-111.159255,33.672959],[-111.159337,33.672914],[-111.159584,33.672778],[-111.159667,33.672732],[-111.159765,33.672678],[-111.160061,33.672515],[-111.160109,33.672484],[-111.160163,33.672467],[-111.160583,33.672301],[-111.160774,33.672164],[-111.161014,33.671993],[-111.161304,33.67178],[-111.161429,33.671688],[-111.161489,33.671644],[-111.161711,33.67148],[-111.161729,33.671466],[-111.161784,33.671427],[-111.161912,33.671353],[-111.162325,33.671115],[-111.162445,33.671089],[-111.162462,33.671085],[-111.162765,33.67102],[-111.162821,33.670972],[-111.163208,33.670728],[-111.163979,33.670185],[-111.164,33.670171],[-111.164025,33.670153],[-111.164309,33.669948],[-111.164355,33.669915],[-111.165041,33.669715],[-111.165442,33.669569],[-111.165516,33.669545],[-111.166007,33.669389],[-111.167056,33.668966],[-111.167835,33.668447],[-111.168508,33.668033],[-111.16928,33.66762],[-111.169409,33.667551],[-111.169433,33.667538],[-111.16945,33.667529],[-111.169479,33.667514],[-111.169661,33.66732],[-111.169774,33.667048],[-111.169805,33.666973],[-111.170101,33.666246],[-111.170121,33.666163],[-111.170262,33.665576],[-111.170308,33.664891],[-111.170479,33.664261],[-111.170659,33.663471],[-111.170696,33.663376],[-111.17085,33.662986],[-111.171106,33.662518],[-111.171192,33.66236],[-111.171261,33.662235],[-111.171462,33.661889],[-111.171553,33.661732],[-111.171668,33.661535],[-111.171759,33.661379],[-111.172169,33.661084],[-111.172355,33.660951],[-111.172558,33.66081],[-111.172597,33.660782],[-111.173165,33.660382],[-111.173369,33.66024],[-111.173537,33.660123],[-111.17422,33.659774],[-111.17469,33.659442],[-111.175037,33.659376],[-111.175322,33.659418],[-111.175425,33.659434],[-111.175616,33.659462],[-111.175716,33.659484],[-111.176079,33.659566],[-111.176407,33.659806],[-111.176514,33.659812],[-111.176706,33.659822],[-111.176808,33.659809],[-111.177167,33.659764],[-111.17737,33.659739],[-111.178209,33.65976],[-111.178252,33.659764],[-111.178613,33.659794],[-111.179053,33.65983],[-111.179606,33.659876],[-111.180128,33.659898],[-111.18037,33.659846],[-111.180619,33.659792],[-111.180745,33.659652],[-111.180787,33.659605],[-111.180851,33.659534],[-111.180914,33.659463],[-111.180957,33.659416],[-111.181012,33.659355],[-111.181761,33.658661],[-111.18178,33.658643],[-111.183182,33.65742],[-111.183605,33.657064],[-111.18422,33.65657],[-111.184282,33.656515],[-111.185103,33.655777],[-111.185163,33.655724],[-111.185266,33.655631],[-111.185344,33.655567],[-111.185406,33.655515],[-111.185526,33.655416],[-111.185727,33.65525],[-111.185766,33.655049],[-111.185796,33.654896],[-111.185814,33.654808],[-111.185822,33.654766],[-111.185802,33.654637],[-111.185861,33.654559],[-111.185915,33.654486],[-111.185994,33.654379],[-111.186346,33.654189],[-111.186464,33.654126],[-111.18672,33.653949],[-111.186859,33.653852],[-111.187222,33.653262],[-111.187256,33.653198],[-111.187404,33.652922],[-111.187532,33.652683],[-111.187538,33.652672],[-111.187863,33.652074],[-111.187953,33.651993],[-111.188156,33.651812],[-111.188343,33.651645],[-111.18848,33.651542],[-111.189313,33.650916],[-111.189478,33.650757],[-111.189783,33.650462],[-111.190633,33.649633],[-111.19082,33.649451],[-111.192405,33.648228],[-111.193058,33.64775],[-111.19341,33.647411],[-111.193596,33.647232],[-111.194114,33.646771],[-111.194323,33.64666],[-111.194406,33.646616],[-111.194422,33.646608],[-111.194671,33.646518],[-111.19476,33.646486],[-111.194874,33.646445],[-111.194907,33.646407],[-111.195247,33.646016],[-111.195296,33.64596],[-111.195353,33.645879],[-111.196129,33.644764],[-111.196858,33.643882],[-111.196991,33.643608],[-111.197087,33.643309],[-111.197346,33.643042],[-111.197788,33.642847],[-111.198421,33.64224],[-111.199361,33.64122],[-111.199669,33.641026],[-111.199956,33.64071],[-111.200282,33.640257],[-111.201378,33.639641],[-111.202272,33.639258],[-111.203916,33.638519],[-111.205321,33.637949],[-111.20704,33.636878],[-111.208578,33.635225],[-111.208719,33.635074],[-111.208934,33.634739],[-111.209092,33.634492],[-111.209444,33.633499],[-111.209415,33.633031],[-111.209403,33.632838],[-111.209226,33.632466],[-111.209004,33.632001],[-111.208993,33.631975],[-111.208556,33.630906],[-111.208471,33.630437],[-111.208374,33.629901],[-111.208241,33.629166],[-111.20825,33.628901],[-111.208275,33.62819],[-111.208152,33.626328],[-111.207943,33.625918],[-111.207705,33.625451],[-111.207539,33.625048],[-111.207524,33.624997],[-111.207259,33.624078],[-111.207241,33.623299],[-111.20723,33.622811],[-111.207219,33.622218],[-111.207212,33.621817],[-111.20739,33.621081],[-111.207453,33.620572],[-111.207969,33.62006],[-111.208285,33.619775],[-111.208706,33.619166],[-111.20903,33.618874],[-111.209133,33.618803],[-111.210067,33.618162],[-111.210548,33.617798],[-111.211102,33.61738],[-111.212162,33.616624],[-111.212224,33.61658],[-111.213182,33.615741],[-111.213861,33.615067],[-111.214933,33.614058],[-111.21543,33.613391],[-111.216079,33.612701],[-111.216298,33.612327],[-111.216489,33.612002],[-111.216582,33.611606],[-111.216566,33.610814],[-111.216566,33.610393],[-111.216567,33.609667],[-111.216682,33.608908],[-111.216686,33.608883],[-111.216749,33.608317],[-111.217092,33.607912],[-111.218081,33.60733],[-111.218792,33.606889],[-111.219511,33.60631],[-111.219828,33.605991],[-111.219978,33.60584],[-111.220627,33.604784],[-111.220651,33.604749],[-111.22137,33.603688],[-111.221893,33.602723],[-111.222055,33.602446],[-111.222173,33.602476],[-111.222291,33.602505],[-111.222499,33.602557],[-111.222894,33.602658],[-111.223498,33.60281],[-111.223687,33.602857],[-111.224249,33.603118],[-111.224395,33.603375],[-111.225196,33.604629],[-111.225352,33.604749],[-111.225854,33.604834],[-111.226105,33.604921],[-111.226329,33.605186],[-111.227005,33.606538],[-111.22724,33.606916],[-111.227589,33.607172],[-111.227927,33.607201],[-111.228361,33.607174],[-111.228726,33.607018],[-111.229043,33.606935],[-111.229247,33.607014],[-111.229354,33.607199],[-111.229327,33.607409],[-111.229195,33.607741],[-111.229265,33.608064],[-111.230273,33.608702],[-111.230999,33.609012],[-111.231948,33.609506],[-111.232017,33.609731],[-111.231848,33.610225],[-111.231851,33.610621],[-111.232079,33.611403],[-111.232032,33.611573],[-111.231678,33.611906],[-111.231112,33.612217],[-111.230891,33.612292],[-111.230776,33.612406],[-111.230864,33.612591],[-111.231136,33.612774],[-111.231282,33.612951],[-111.231534,33.613175],[-111.231999,33.613342],[-111.232578,33.613442],[-111.232926,33.613569],[-111.233342,33.613735],[-111.233683,33.614096],[-111.234111,33.614545],[-111.234498,33.614736],[-111.235457,33.615198],[-111.235738,33.615389],[-111.236163,33.615451],[-111.236934,33.615429],[-111.237223,33.615354],[-111.237368,33.615401],[-111.237574,33.615796],[-111.2376,33.616554],[-111.237777,33.617062],[-111.238138,33.617544],[-111.238238,33.617931],[-111.23825,33.618197],[-111.238358,33.618447],[-111.239123,33.61878],[-111.23977,33.618969],[-111.240235,33.619184],[-111.240895,33.619583],[-111.241408,33.619724],[-111.2419,33.619745],[-111.242585,33.619828],[-111.243031,33.6201],[-111.243169,33.620462],[-111.243821,33.62116],[-111.244305,33.62139],[-111.244923,33.62141],[-111.245636,33.621372],[-111.246341,33.621407],[-111.246746,33.621493],[-111.246971,33.62179],[-111.247583,33.622351],[-111.247903,33.622518],[-111.24803,33.622776],[-111.248354,33.623387],[-111.24883,33.623852],[-111.249538,33.624331],[-111.250225,33.624511],[-111.250682,33.624523],[-111.250862,33.624409],[-111.251159,33.624013],[-111.251859,33.623156],[-111.252551,33.622645],[-111.253339,33.622191],[-111.254204,33.62189],[-111.254811,33.621856],[-111.255051,33.621759],[-111.255099,33.621638],[-111.255243,33.621411],[-111.255444,33.621241],[-111.255704,33.621128],[-111.256291,33.621118],[-111.256888,33.62106],[-111.257283,33.621002],[-111.257514,33.620977],[-111.258112,33.621088],[-111.258768,33.621337],[-111.25927,33.621747],[-111.259483,33.621851],[-111.259704,33.621883],[-111.260726,33.622211],[-111.26173,33.622571],[-111.262058,33.622828],[-111.262406,33.623005],[-111.262704,33.62306],[-111.26283,33.623157],[-111.262841,33.623431],[-111.262919,33.623641],[-111.263025,33.623818],[-111.263277,33.624067],[-111.263596,33.624333],[-111.263886,33.624566],[-111.264679,33.625048],[-111.264865,33.62583],[-111.265483,33.626377],[-111.266013,33.626746],[-111.26663,33.627099],[-111.267142,33.627364],[-111.267556,33.627629],[-111.267933,33.627935],[-111.26829,33.628321],[-111.268571,33.628626],[-111.268803,33.628779],[-111.269073,33.62898],[-111.269295,33.629229],[-111.269364,33.629567],[-111.269413,33.6298],[-111.269568,33.630106],[-111.269733,33.630606],[-111.269821,33.630936],[-111.269764,33.631363],[-111.269746,33.631637],[-111.269804,33.631798],[-111.270076,33.632418],[-111.270367,33.632998],[-111.270551,33.633352],[-111.270715,33.633594],[-111.271266,33.6341],[-111.272887,33.635451],[-111.27338,33.635998],[-111.273429,33.636199],[-111.273536,33.636691],[-111.273644,33.637238],[-111.273655,33.637464],[-111.273588,33.637779],[-111.273512,33.638133],[-111.27361,33.638448],[-111.273841,33.638649],[-111.274121,33.638672],[-111.274419,33.638655],[-111.27466,33.638655],[-111.274814,33.638759],[-111.275055,33.638888],[-111.275277,33.638887],[-111.275989,33.638885],[-111.276124,33.638966],[-111.276183,33.639135],[-111.276252,33.639659],[-111.276291,33.639941],[-111.276398,33.640085],[-111.276919,33.640415],[-111.277006,33.640664],[-111.277065,33.64093],[-111.277182,33.641462],[-111.277298,33.641679],[-111.277433,33.641792],[-111.277684,33.641896],[-111.277877,33.642008],[-111.278341,33.642491],[-111.278853,33.642949],[-111.279519,33.643431],[-111.279577,33.643584],[-111.279607,33.643899],[-111.279646,33.644076],[-111.279752,33.644156],[-111.28008,33.644333],[-111.280225,33.644518],[-111.280255,33.644784],[-111.279968,33.64534],[-111.279767,33.64572],[-111.279787,33.645865],[-111.280549,33.646379],[-111.280742,33.646338],[-111.280944,33.64637],[-111.281098,33.646434],[-111.281446,33.646635],[-111.281561,33.646602],[-111.282033,33.64652],[-111.282177,33.646439],[-111.282283,33.64648],[-111.282312,33.646576],[-111.282409,33.64689],[-111.282498,33.64743],[-111.282576,33.647656],[-111.282817,33.647792],[-111.283116,33.64788],[-111.283242,33.648105],[-111.283213,33.648315],[-111.283185,33.648573],[-111.283215,33.648726],[-111.283699,33.649378],[-111.283901,33.649458],[-111.284315,33.649521],[-111.284335,33.649618],[-111.284403,33.649836],[-111.284481,33.649981],[-111.284616,33.650125],[-111.2853,33.650309],[-111.285454,33.650301],[-111.285609,33.650389],[-111.285792,33.650614],[-111.285937,33.650839],[-111.286112,33.651186],[-111.286277,33.651459],[-111.286586,33.651716],[-111.287193,33.652021],[-111.2873,33.65219],[-111.287272,33.652432],[-111.287147,33.652634],[-111.28683,33.652844],[-111.286571,33.653087],[-111.286476,33.653329],[-111.286487,33.653804],[-111.286681,33.65415],[-111.286827,33.654577],[-111.28678,33.654884],[-111.286742,33.65515],[-111.286724,33.655424],[-111.286628,33.655569],[-111.286197,33.65632],[-111.286188,33.65657],[-111.286247,33.656884],[-111.286404,33.6572],[-111.286422,33.657236],[-111.286473,33.657341],[-111.28649,33.657375],[-111.28681,33.658197],[-111.286984,33.658381],[-111.287187,33.658615],[-111.287603,33.658968],[-111.288123,33.658927],[-111.288797,33.65903],[-111.289086,33.658981],[-111.289365,33.659004],[-111.289876,33.659205],[-111.290195,33.659462],[-111.290377,33.659365],[-111.290753,33.659356],[-111.292875,33.659963],[-111.293154,33.660083],[-111.293271,33.660252],[-111.293579,33.660445],[-111.293811,33.660557],[-111.294823,33.660764],[-111.295035,33.660868],[-111.295113,33.66115],[-111.295461,33.661488],[-111.296109,33.661929],[-111.297122,33.66262],[-111.297459,33.662789],[-111.297884,33.663199],[-111.298242,33.66348],[-111.298627,33.663584],[-111.299514,33.663823],[-111.299746,33.664097],[-111.299863,33.664403],[-111.300259,33.664684],[-111.300627,33.665134],[-111.300705,33.665465],[-111.30088,33.6659],[-111.301015,33.666101],[-111.301094,33.666439],[-111.30121,33.666769],[-111.301355,33.666938],[-111.301713,33.66726],[-111.301723,33.667485],[-111.301811,33.667791],[-111.301851,33.668041],[-111.301977,33.668299],[-111.302479,33.668725],[-111.302837,33.669143],[-111.302953,33.669328],[-111.302992,33.669537],[-111.303157,33.669706],[-111.303311,33.669843],[-111.303737,33.670285],[-111.303921,33.670711],[-111.304067,33.671009],[-111.304213,33.671403],[-111.305285,33.67211],[-111.305583,33.672149],[-111.306017,33.672116],[-111.306238,33.672035],[-111.306585,33.67205],[-111.306797,33.672082],[-111.307125,33.672226],[-111.307666,33.672716],[-111.30785,33.673054],[-111.307889,33.673264],[-111.308112,33.673618],[-111.308315,33.673674],[-111.30869,33.673697],[-111.309163,33.673857],[-111.309232,33.674316],[-111.309726,33.674936],[-111.310064,33.675168],[-111.310267,33.675442],[-111.31046,33.675562],[-111.310875,33.675843],[-111.311184,33.676052],[-111.311581,33.676551],[-111.312056,33.677251],[-111.312598,33.677999],[-111.313285,33.678795],[-111.313595,33.679318],[-111.313683,33.679608],[-111.313723,33.680205],[-111.313811,33.68047],[-111.314014,33.680704],[-111.314256,33.680912],[-111.314903,33.681394],[-111.315219,33.681546],[-111.315243,33.681558],[-111.315314,33.681592],[-111.315337,33.681603],[-111.316158,33.682068],[-111.31775,33.682846],[-111.318359,33.683011],[-111.318396,33.683021],[-111.318666,33.683085],[-111.319004,33.683229],[-111.319207,33.683325],[-111.320229,33.683444],[-111.320538,33.683523],[-111.320827,33.683684],[-111.321406,33.68394],[-111.322506,33.684364],[-111.322901,33.684444],[-111.32346,33.684579],[-111.323625,33.684651],[-111.323884,33.68461],[-111.324241,33.684569],[-111.324559,33.684568],[-111.324703,33.684511],[-111.32478,33.684415],[-111.325357,33.684292],[-111.325675,33.684259],[-111.326012,33.684379],[-111.326139,33.684645],[-111.326228,33.685265],[-111.326345,33.685579],[-111.326412,33.685619],[-111.326865,33.685642],[-111.327071,33.685686],[-111.32728,33.68573],[-111.327733,33.68601],[-111.327811,33.68622],[-111.327851,33.686462],[-111.327929,33.686631],[-111.328905,33.687482],[-111.329185,33.687602],[-111.329503,33.687739],[-111.330767,33.688235],[-111.331211,33.688322],[-111.331394,33.688338],[-111.331423,33.688434],[-111.331532,33.689103],[-111.331717,33.689651],[-111.33192,33.6899],[-111.332442,33.690414],[-111.332616,33.690575],[-111.332809,33.690655],[-111.332984,33.690864],[-111.333818,33.692281],[-111.333876,33.692474],[-111.333812,33.693135],[-111.333853,33.693917],[-111.333864,33.694223],[-111.333827,33.69457],[-111.333829,33.695053],[-111.333821,33.695416],[-111.334122,33.696214],[-111.334152,33.696294],[-111.334492,33.697034],[-111.334537,33.697137],[-111.334706,33.697525],[-111.335035,33.697944],[-111.335267,33.698128],[-111.335345,33.69833],[-111.335394,33.698555],[-111.335501,33.6987],[-111.33581,33.698836],[-111.335819,33.698917],[-111.335782,33.699062],[-111.335743,33.699175],[-111.335831,33.699473],[-111.335888,33.69962],[-111.336026,33.69998],[-111.336124,33.700262],[-111.336185,33.700585],[-111.336222,33.700777],[-111.336406,33.701035],[-111.337015,33.701501],[-111.337479,33.70183],[-111.337595,33.702031],[-111.337712,33.702146],[-111.338321,33.702746],[-111.338293,33.702908],[-111.33815,33.703456],[-111.338065,33.703771],[-111.338036,33.703908],[-111.338038,33.704238],[-111.338044,33.704355],[-111.338063,33.704709],[-111.338069,33.704827],[-111.338139,33.705318],[-111.33814,33.70556],[-111.337892,33.706278],[-111.337578,33.707367],[-111.337446,33.708052],[-111.337361,33.708327],[-111.337178,33.708553],[-111.337044,33.708666],[-111.337016,33.708989],[-111.337094,33.709077],[-111.337137,33.709083],[-111.337422,33.709125],[-111.337557,33.709181],[-111.337571,33.709226],[-111.337733,33.709768],[-111.337955,33.709985],[-111.338101,33.71038],[-111.33817,33.710573],[-111.338145,33.711573],[-111.338224,33.712088],[-111.338254,33.712379],[-111.338362,33.712837],[-111.33843,33.713038],[-111.338537,33.713223],[-111.338537,33.713376],[-111.338471,33.713642],[-111.338568,33.714617],[-111.338576,33.714698],[-111.338579,33.714757],[-111.338571,33.714818],[-111.338624,33.715705],[-111.338615,33.715899],[-111.338493,33.716247],[-111.338482,33.716278],[-111.338297,33.716467],[-111.338306,33.716503],[-111.338311,33.716586],[-111.3383,33.716666],[-111.338283,33.71672],[-111.338187,33.716941],[-111.338135,33.717075],[-111.338084,33.717159],[-111.338007,33.717247],[-111.337973,33.717281],[-111.337949,33.717322],[-111.337937,33.717371],[-111.337945,33.71743],[-111.338007,33.717611],[-111.338042,33.717689],[-111.338082,33.717777],[-111.338105,33.717866],[-111.338114,33.717951],[-111.338115,33.71802],[-111.33812,33.718348],[-111.33812,33.718388],[-111.33812,33.7184],[-111.33812,33.718414],[-111.33812,33.718431],[-111.33812,33.71845],[-111.33812,33.718471],[-111.338121,33.718493],[-111.338125,33.718676],[-111.338104,33.718753],[-111.338094,33.718769],[-111.338067,33.718815],[-111.337977,33.718926],[-111.337957,33.718951],[-111.33792,33.718989],[-111.337886,33.719024],[-111.337752,33.719138],[-111.337725,33.71916],[-111.337653,33.719204],[-111.337604,33.719225],[-111.33756,33.719245],[-111.337469,33.719269],[-111.337443,33.719273],[-111.337411,33.719278],[-111.337379,33.719292],[-111.337353,33.719303],[-111.337301,33.719346],[-111.337289,33.719364],[-111.337277,33.719382],[-111.337253,33.719429],[-111.337244,33.719422],[-111.337059,33.719282],[-111.336953,33.71954],[-111.336637,33.720007],[-111.336397,33.720258],[-111.336369,33.720355],[-111.336485,33.720411],[-111.336686,33.720516],[-111.33717,33.720885],[-111.337422,33.721125],[-111.33752,33.721157],[-111.337541,33.721164],[-111.338,33.72131],[-111.33829,33.721374],[-111.338494,33.72155],[-111.33862,33.721714],[-111.338653,33.721757],[-111.33866,33.721766],[-111.338671,33.72178],[-111.338785,33.721928],[-111.339017,33.721967],[-111.339334,33.721958],[-111.339981,33.722351],[-111.340127,33.722633],[-111.340166,33.722899],[-111.340222,33.722941],[-111.340252,33.722939],[-111.340303,33.722947],[-111.340362,33.722969],[-111.340375,33.722977],[-111.34039,33.722987],[-111.340427,33.723022],[-111.340438,33.723033],[-111.340465,33.72308],[-111.340481,33.723132],[-111.340482,33.723195],[-111.340458,33.723472],[-111.340456,33.723505],[-111.340473,33.723548],[-111.340496,33.723574],[-111.340514,33.723585],[-111.340567,33.723598],[-111.34058,33.723599],[-111.340597,33.7236],[-111.34064,33.723602],[-111.340735,33.723593],[-111.340796,33.7236],[-111.340856,33.723621],[-111.340893,33.723645],[-111.34091,33.723656],[-111.34097,33.723721],[-111.341007,33.723774],[-111.341013,33.723782],[-111.341182,33.723758],[-111.341489,33.72379],[-111.341645,33.723999],[-111.341829,33.724127],[-111.341964,33.72424],[-111.342378,33.724279],[-111.342475,33.724238],[-111.342552,33.724182],[-111.342716,33.724157],[-111.3429,33.724277],[-111.343172,33.724591],[-111.343461,33.724727],[-111.343626,33.724839],[-111.343674,33.724984],[-111.343704,33.725137],[-111.343705,33.725299],[-111.343793,33.725629],[-111.344025,33.725983],[-111.344171,33.726232],[-111.34422,33.726506],[-111.344167,33.726779],[-111.344166,33.726809],[-111.344156,33.726817],[-111.344185,33.72724],[-111.344195,33.727312],[-111.344263,33.727401],[-111.344521,33.727372],[-111.344783,33.727343],[-111.34512,33.727398],[-111.345265,33.727519],[-111.345421,33.72776],[-111.345614,33.727848],[-111.345952,33.727992],[-111.346058,33.728145],[-111.346059,33.728306],[-111.346021,33.728476],[-111.34607,33.728621],[-111.346157,33.728717],[-111.34663,33.728845],[-111.346746,33.728998],[-111.346785,33.729191],[-111.346777,33.729409],[-111.347048,33.729795],[-111.347434,33.729955],[-111.347878,33.730018],[-111.348123,33.73029],[-111.348406,33.730544],[-111.348832,33.730662],[-111.349212,33.73107],[-111.349377,33.731174],[-111.349493,33.731309],[-111.349495,33.731327],[-111.349497,33.731347],[-111.349507,33.731371],[-111.349511,33.73138],[-111.349518,33.731388],[-111.34954,33.731413],[-111.349577,33.731435],[-111.349662,33.731474],[-111.349745,33.731531],[-111.349792,33.731578],[-111.349799,33.731585],[-111.349835,33.731632],[-111.349884,33.731688],[-111.349995,33.731624],[-111.35014,33.731688],[-111.350586,33.73217],[-111.35073,33.732226],[-111.351269,33.732088],[-111.351399,33.731975],[-111.351419,33.731958],[-111.351428,33.73195],[-111.351548,33.731846],[-111.351625,33.731861],[-111.35176,33.731934],[-111.351771,33.732118],[-111.351868,33.732174],[-111.3521,33.732206],[-111.352302,33.732286],[-111.352447,33.732407],[-111.352458,33.732672],[-111.352337,33.732808],[-111.351844,33.733367],[-111.351844,33.733456],[-111.351912,33.73352],[-111.352211,33.733443],[-111.352254,33.733432],[-111.352265,33.733429],[-111.352287,33.733423],[-111.352338,33.733415],[-111.352376,33.733409],[-111.352414,33.733403],[-111.352451,33.733397],[-111.352507,33.733389],[-111.352663,33.733365],[-111.352923,33.733364],[-111.353035,33.733273],[-111.353097,33.733223],[-111.353327,33.733033],[-111.353673,33.732878],[-111.354039,33.732877],[-111.354406,33.732933],[-111.354831,33.733246],[-111.354967,33.733584],[-111.355123,33.73402],[-111.35518,33.734107],[-111.355201,33.734166],[-111.355208,33.734228],[-111.355201,33.734287],[-111.355196,33.7343],[-111.355125,33.734501],[-111.355124,33.734568],[-111.355136,33.734629],[-111.355166,33.734695],[-111.355243,33.734809],[-111.35529,33.734861],[-111.355312,33.734885],[-111.355378,33.734943],[-111.355404,33.734962],[-111.355512,33.735023],[-111.355584,33.735079],[-111.355592,33.735091],[-111.355626,33.735137],[-111.355639,33.73517],[-111.355646,33.735186],[-111.355654,33.735247],[-111.355663,33.735417],[-111.355814,33.735435],[-111.355892,33.735596],[-111.355863,33.735749],[-111.355731,33.736067],[-111.355701,33.736139],[-111.355694,33.736156],[-111.355682,33.736185],[-111.355676,33.736207],[-111.355663,33.73623],[-111.35565,33.736241],[-111.355568,33.73646],[-111.355578,33.736605],[-111.355705,33.737088],[-111.355728,33.737829],[-111.355757,33.738031],[-111.355816,33.738127],[-111.355999,33.738207],[-111.356086,33.738328],[-111.356184,33.738658],[-111.356291,33.738835],[-111.356503,33.738899],[-111.356763,33.739066],[-111.356786,33.739081],[-111.357846,33.739765],[-111.35803,33.739926],[-111.358137,33.740184],[-111.358215,33.740369],[-111.358814,33.740754],[-111.359345,33.74097],[-111.359934,33.741089],[-111.360851,33.741215],[-111.361853,33.741236],[-111.361931,33.741301],[-111.361999,33.74147],[-111.362048,33.741711],[-111.362503,33.742016],[-111.363304,33.742199],[-111.364017,33.742302],[-111.364538,33.742405],[-111.364857,33.742461],[-111.365002,33.742589],[-111.365223,33.742548],[-111.365502,33.742394],[-111.365656,33.742313],[-111.365887,33.742328],[-111.3664,33.742746],[-111.366992,33.743719],[-111.367235,33.74413],[-111.367419,33.74425],[-111.36768,33.74429],[-111.3682,33.744199],[-111.368365,33.744279],[-111.368751,33.744431],[-111.370199,33.744983],[-111.371174,33.74519],[-111.371665,33.745276],[-111.371954,33.745244],[-111.372137,33.745211],[-111.372496,33.745508],[-111.372969,33.746136],[-111.373049,33.74644],[-111.373051,33.746883],[-111.373003,33.747077],[-111.372918,33.74721],[-111.372831,33.747345],[-111.372832,33.747554],[-111.372862,33.747747],[-111.372527,33.748321],[-111.372528,33.748522],[-111.372654,33.748651],[-111.372781,33.749086],[-111.373014,33.749343],[-111.374694,33.749845],[-111.375157,33.749868],[-111.375407,33.749843],[-111.375687,33.749816],[-111.375703,33.749813],[-111.376446,33.74967],[-111.37663,33.749634],[-111.377079,33.749453],[-111.377815,33.749],[-111.377988,33.748893],[-111.378825,33.748813],[-111.379539,33.748899],[-111.379954,33.748905],[-111.380155,33.748785],[-111.380174,33.748756],[-111.380193,33.748728],[-111.380226,33.748679],[-111.380425,33.748387],[-111.38052,33.748032],[-111.380663,33.747838],[-111.380875,33.747684],[-111.381136,33.747659],[-111.381735,33.747898],[-111.382548,33.74837],[-111.383002,33.748529],[-111.383408,33.748608],[-111.384064,33.748694],[-111.38506,33.749028],[-111.386008,33.74954],[-111.386501,33.749828],[-111.386812,33.750044],[-111.386596,33.750532],[-111.386662,33.750896],[-111.386651,33.751073],[-111.386573,33.751266],[-111.386369,33.751492],[-111.386231,33.75187],[-111.386258,33.752282],[-111.386363,33.752532],[-111.386313,33.752847],[-111.386176,33.753121],[-111.385954,33.753128],[-111.385248,33.753158],[-111.384842,33.753189],[-111.38459,33.753309],[-111.384414,33.753631],[-111.384324,33.754156],[-111.384108,33.754849],[-111.383805,33.755541],[-111.383522,33.75604],[-111.383307,33.756483],[-111.383267,33.756765],[-111.383256,33.756983],[-111.383187,33.757192],[-111.382838,33.757466],[-111.382565,33.75782],[-111.38235,33.758247],[-111.382328,33.758642],[-111.382412,33.759255],[-111.382506,33.759651],[-111.382746,33.759998],[-111.382377,33.760376],[-111.382201,33.760691],[-111.382161,33.760957],[-111.382552,33.761797],[-111.3833,33.762791],[-111.384691,33.762893],[-111.385947,33.762921],[-111.386555,33.763043],[-111.38698,33.763101],[-111.387124,33.763231],[-111.38719,33.76357],[-111.386991,33.764254],[-111.387057,33.764263],[-111.387168,33.764263],[-111.387177,33.764401],[-111.387309,33.764612],[-111.387322,33.764653],[-111.387423,33.764975],[-111.387633,33.765403],[-111.387862,33.765904],[-111.388208,33.766228],[-111.388371,33.76643],[-111.388525,33.766665],[-111.388446,33.766947],[-111.388393,33.767209],[-111.388366,33.767344],[-111.388327,33.767476],[-111.388268,33.767664],[-111.388326,33.768246],[-111.388342,33.768399],[-111.388465,33.768657],[-111.388545,33.768703],[-111.388709,33.768799],[-111.388974,33.769264],[-111.389117,33.769563],[-111.389309,33.770047],[-111.389374,33.77041],[-111.389371,33.770807],[-111.389009,33.771278],[-111.388168,33.772071],[-111.387463,33.772535],[-111.387437,33.772552],[-111.386884,33.772848],[-111.386613,33.773001],[-111.386553,33.773215],[-111.386784,33.773637],[-111.386891,33.773812],[-111.387076,33.774107],[-111.387427,33.774506],[-111.388059,33.774865],[-111.388467,33.77524],[-111.388832,33.775588],[-111.389092,33.775798],[-111.38936,33.77613],[-111.389444,33.776663],[-111.3893,33.776903],[-111.389113,33.777218],[-111.388926,33.77767],[-111.388831,33.777852],[-111.388565,33.77837],[-111.388157,33.778956],[-111.387756,33.779579],[-111.387491,33.78006],[-111.386927,33.780596],[-111.386834,33.78069],[-111.386561,33.780967],[-111.386297,33.781235],[-111.38584,33.781718],[-111.385759,33.782226],[-111.385689,33.782637],[-111.385571,33.783032],[-111.385464,33.783185],[-111.38438,33.783472],[-111.383953,33.783664],[-111.383576,33.783663],[-111.38316,33.78371],[-111.382705,33.783903],[-111.382064,33.784376],[-111.381782,33.784706],[-111.381413,33.78502],[-111.381199,33.785229],[-111.381218,33.78539],[-111.381872,33.785941],[-111.3819,33.786062],[-111.381802,33.786247],[-111.381617,33.786497],[-111.381645,33.78669],[-111.381828,33.78686],[-111.382299,33.787193],[-111.382703,33.787549],[-111.382789,33.787791],[-111.382797,33.78813],[-111.382388,33.788597],[-111.381825,33.789071],[-111.381495,33.789263],[-111.381407,33.789465],[-111.381192,33.789843],[-111.380463,33.790519],[-111.379939,33.790832],[-111.37958,33.791129],[-111.379287,33.791556],[-111.378909,33.791877],[-111.378973,33.792442],[-111.378943,33.7927],[-111.37869,33.792901],[-111.378495,33.793167],[-111.378502,33.793715],[-111.378922,33.794596],[-111.379498,33.79534],[-111.379805,33.795736],[-111.380364,33.79602],[-111.380837,33.79611],[-111.381077,33.796426],[-111.381654,33.797033],[-111.381854,33.797469],[-111.382162,33.797655],[-111.382673,33.797988],[-111.383501,33.798531],[-111.383683,33.798773],[-111.383738,33.799306],[-111.38386,33.799968],[-111.384351,33.800404],[-111.384824,33.800599],[-111.385325,33.800568],[-111.385615,33.800634],[-111.38597,33.801272],[-111.386151,33.801781],[-111.386363,33.801967],[-111.386699,33.802242],[-111.386843,33.802574],[-111.386938,33.802864],[-111.387169,33.803018],[-111.387728,33.80306],[-111.387912,33.803214],[-111.387987,33.803401],[-111.388055,33.80357],[-111.388198,33.804014],[-111.388389,33.804329],[-111.388376,33.804982],[-111.388326,33.805353],[-111.387976,33.805562],[-111.387462,33.805851],[-111.387258,33.806012],[-111.387063,33.806422],[-111.386884,33.80718],[-111.386815,33.807487],[-111.386707,33.807777],[-111.386347,33.808219],[-111.386055,33.808501],[-111.385995,33.808847],[-111.385858,33.809178],[-111.385526,33.809653],[-111.385234,33.809974],[-111.385087,33.810305],[-111.384989,33.810676],[-111.385093,33.811103],[-111.385384,33.811654],[-111.385424,33.811735],[-111.385431,33.81175],[-111.385442,33.811772],[-111.385441,33.811781],[-111.385435,33.81182],[-111.385317,33.812138],[-111.385256,33.812209],[-111.385224,33.812315],[-111.385215,33.812346],[-111.385205,33.812388],[-111.385094,33.812544],[-111.385087,33.812592],[-111.385099,33.812701],[-111.385124,33.812804],[-111.385116,33.812844],[-111.385067,33.812886],[-111.384948,33.812965],[-111.384915,33.812981],[-111.384886,33.81304],[-111.384873,33.813079],[-111.384851,33.813103],[-111.384807,33.813179],[-111.384793,33.813229],[-111.384769,33.813414],[-111.38473,33.813495],[-111.384641,33.81356],[-111.384615,33.813579],[-111.38461,33.813609],[-111.384605,33.813642],[-111.384595,33.813703],[-111.384588,33.813743],[-111.384512,33.814195],[-111.384455,33.814538],[-111.384124,33.814811],[-111.384037,33.815041],[-111.383977,33.815198],[-111.383955,33.815714],[-111.384098,33.816191],[-111.38429,33.816377],[-111.384241,33.81649],[-111.383901,33.816755],[-111.383678,33.816794],[-111.383282,33.81668],[-111.382597,33.816315],[-111.382085,33.816217],[-111.381473,33.816247],[-111.381445,33.816252],[-111.3814,33.81626],[-111.380914,33.816342],[-111.380255,33.816663],[-111.37945,33.817136],[-111.378984,33.817441],[-111.378499,33.817682],[-111.378121,33.817769],[-111.377581,33.817623],[-111.377041,33.817282],[-111.37654,33.817046],[-111.376017,33.817037],[-111.375687,33.817221],[-111.374657,33.817292],[-111.373747,33.817443],[-111.372603,33.817891],[-111.372011,33.818245],[-111.3717,33.818527],[-111.371515,33.818849],[-111.371552,33.819124],[-111.37182,33.819585],[-111.372001,33.820038],[-111.372037,33.820514],[-111.371967,33.82087],[-111.371906,33.821427],[-111.371845,33.821855],[-111.371921,33.822154],[-111.372044,33.822631],[-111.372195,33.823293],[-111.372317,33.823924],[-111.372566,33.824256],[-111.373135,33.824621],[-111.373454,33.824693],[-111.37349,33.824701],[-111.373927,33.824801],[-111.374689,33.825151],[-111.375239,33.825411],[-111.375687,33.825844],[-111.377006,33.82668],[-111.378027,33.827393],[-111.378277,33.82787],[-111.378406,33.828951],[-111.378615,33.829581],[-111.379549,33.830294],[-111.380792,33.831081],[-111.381147,33.831646],[-111.381289,33.83209],[-111.382543,33.832796],[-111.383275,33.833323],[-111.383563,33.833622],[-111.383911,33.833704],[-111.384414,33.833609],[-111.38543,33.833628],[-111.386658,33.833696],[-111.387528,33.833715],[-111.388474,33.833984],[-111.389226,33.834414],[-111.390094,33.834868],[-111.391309,33.835517],[-111.391714,33.835753],[-111.39211,33.835851],[-111.392497,33.8359],[-111.391963,33.836205],[-111.391661,33.836599],[-111.391155,33.837074],[-111.390573,33.837403],[-111.390146,33.8377],[-111.390407,33.837717],[-111.390899,33.838001],[-111.391979,33.838496],[-111.393416,33.839283],[-111.394217,33.839592],[-111.394697,33.84019],[-111.394947,33.840498],[-111.395217,33.840732],[-111.395477,33.840862],[-111.395475,33.841225],[-111.395375,33.841814],[-111.395189,33.842249],[-111.395001,33.842926],[-111.395317,33.843629],[-111.395787,33.844276],[-111.395853,33.844623],[-111.395744,33.844977],[-111.395454,33.845097],[-111.395113,33.845524],[-111.394644,33.846224],[-111.394116,33.84728],[-111.393813,33.847932],[-111.393655,33.848447],[-111.393484,33.849568],[-111.393568,33.850109],[-111.393625,33.850415],[-111.393508,33.850592],[-111.393187,33.850801],[-111.392886,33.851002],[-111.392807,33.8513],[-111.39263,33.851921],[-111.392376,33.852211],[-111.391987,33.852613],[-111.391782,33.852959],[-111.391673,33.85341],[-111.391757,33.854],[-111.392073,33.854654],[-111.392323,33.854832],[-111.391741,33.85508],[-111.391101,33.855401],[-111.390847,33.855788],[-111.390661,33.856207],[-111.390299,33.856899],[-111.390384,33.857246],[-111.390315,33.857521],[-111.390041,33.858028],[-111.389671,33.858487],[-111.389127,33.858921],[-111.388438,33.859249],[-111.388156,33.859402],[-111.387807,33.859594],[-111.387341,33.85994],[-111.38699,33.860447],[-111.386949,33.860794],[-111.386967,33.861393],[-111.386974,33.861608],[-111.38721,33.862488],[-111.387459,33.862957],[-111.388076,33.863411],[-111.389235,33.863818],[-111.39105,33.864412],[-111.391986,33.86485],[-111.392602,33.865417],[-111.392639,33.865877],[-111.392732,33.866531],[-111.393058,33.86704],[-111.393278,33.867412],[-111.393353,33.867499],[-111.393477,33.867642],[-111.393615,33.8678],[-111.393969,33.867864],[-111.394156,33.867898],[-111.394921,33.86786],[-111.395462,33.86791],[-111.396003,33.868162],[-111.39631,33.868566],[-111.396289,33.868929],[-111.396142,33.869195],[-111.395831,33.869509],[-111.395665,33.869742],[-111.395673,33.86996],[-111.395934,33.870122],[-111.396261,33.870333],[-111.396299,33.870615],[-111.396258,33.870938],[-111.396382,33.871277],[-111.396439,33.87143],[-111.396235,33.871664],[-111.396058,33.872091],[-111.396083,33.872785],[-111.396274,33.873245],[-111.396775,33.87369],[-111.397112,33.873998],[-111.397314,33.874119],[-111.397284,33.874386],[-111.397177,33.874571],[-111.397099,33.874659],[-111.397426,33.874934],[-111.397583,33.875042],[-111.397524,33.875135],[-111.397164,33.875375],[-111.39693,33.875502],[-111.396579,33.875791],[-111.396149,33.876232],[-111.395953,33.876545],[-111.39596,33.876771],[-111.396046,33.876933],[-111.396229,33.877015],[-111.396529,33.877057],[-111.396771,33.877059],[-111.396875,33.877237],[-111.397077,33.877432],[-111.397249,33.877643],[-111.397413,33.877724],[-111.397723,33.877823],[-111.398216,33.877858],[-111.398902,33.877911],[-111.399734,33.877949],[-111.399946,33.878111],[-111.40034,33.878372],[-111.400523,33.878502],[-111.400821,33.87869],[-111.401111,33.878772],[-111.402002,33.878697],[-111.402262,33.878788],[-111.40259,33.878943],[-111.402841,33.879017],[-111.40316,33.879052],[-111.403333,33.879182],[-111.403553,33.879417],[-111.403737,33.879459],[-111.404173,33.879397],[-111.404975,33.879515],[-111.405488,33.879518],[-111.405652,33.879535],[-111.405825,33.879682],[-111.405834,33.879819],[-111.40588,33.880013],[-111.405926,33.880304],[-111.405954,33.880623],[-111.405961,33.880699],[-111.40596,33.880788],[-111.405902,33.880852],[-111.405794,33.88094],[-111.405561,33.881035],[-111.405318,33.881179],[-111.405209,33.881388],[-111.405198,33.881541],[-111.405245,33.88176],[-111.405369,33.881935],[-111.405503,33.882086],[-111.405522,33.882108],[-111.405734,33.882239],[-111.406004,33.882361],[-111.406035,33.882369],[-111.406229,33.88242],[-111.406351,33.882452],[-111.406651,33.882462],[-111.406922,33.882496],[-111.407337,33.882604],[-111.407577,33.882847],[-111.407643,33.883001],[-111.407709,33.883195],[-111.407746,33.883373],[-111.407754,33.883558],[-111.40783,33.883752],[-111.408051,33.883859],[-111.40837,33.883941],[-111.40865,33.883967],[-111.409029,33.883865],[-111.409456,33.883771],[-111.410028,33.883629],[-111.410746,33.883472],[-111.411016,33.883514],[-111.411199,33.883596],[-111.411334,33.883726],[-111.411487,33.883937],[-111.411678,33.88414],[-111.411841,33.884302],[-111.412053,33.884473],[-111.412235,33.884603],[-111.412331,33.884725],[-111.412416,33.884927],[-111.41252,33.885234],[-111.412663,33.885517],[-111.412824,33.885881],[-111.41286,33.88618],[-111.412829,33.88639],[-111.412738,33.886744],[-111.412755,33.887027],[-111.412898,33.887302],[-111.413097,33.88769],[-111.413316,33.888144],[-111.413381,33.88841],[-111.41331,33.888716],[-111.41324,33.888982],[-111.413023,33.889425],[-111.41261,33.8901],[-111.412014,33.890733],[-111.411466,33.891408],[-111.411435,33.891601],[-111.4115,33.89186],[-111.411615,33.892046],[-111.411865,33.89216],[-111.412038,33.892379],[-111.412112,33.892677],[-111.412158,33.89296],[-111.411988,33.893516],[-111.411859,33.893926],[-111.411806,33.89437],[-111.411872,33.894588],[-111.412034,33.894855],[-111.412234,33.895211],[-111.412387,33.895463],[-111.412663,33.895908],[-111.412912,33.8962],[-111.413124,33.896363],[-111.413345,33.896509],[-111.413594,33.896793],[-111.413698,33.897092],[-111.413734,33.897359],[-111.413712,33.897698],[-111.41365,33.898109],[-111.413666,33.898423],[-111.413663,33.898706],[-111.413516,33.898955],[-111.413221,33.899445],[-111.4128,33.899943],[-111.412652,33.900281],[-111.412669,33.900491],[-111.412881,33.900669],[-111.412994,33.90092],[-111.41305,33.901147],[-111.412989,33.901453],[-111.41284,33.901896],[-111.412643,33.902241],[-111.412349,33.902715],[-111.411976,33.903173],[-111.411584,33.903727],[-111.411186,33.904055],[-111.4106,33.904392],[-111.409864,33.90471],[-111.409379,33.904921],[-111.409355,33.904931],[-111.409057,33.904989],[-111.408977,33.905005],[-111.408737,33.905051],[-111.408657,33.905066],[-111.408425,33.905111],[-111.408124,33.905182],[-111.407997,33.905286],[-111.407996,33.905399],[-111.407984,33.905673],[-111.407933,33.905979],[-111.407765,33.906277],[-111.407676,33.906478],[-111.407675,33.906704],[-111.407741,33.906882],[-111.407798,33.907027],[-111.408009,33.907247],[-111.40822,33.907506],[-111.408401,33.907747],[-111.408503,33.908088],[-111.408558,33.908201],[-111.40857,33.908225],[-111.408606,33.908298],[-111.408617,33.908322],[-111.408653,33.908573],[-111.408699,33.908823],[-111.408774,33.909114],[-111.408733,33.90938],[-111.408663,33.909565],[-111.408564,33.909872],[-111.408352,33.910043],[-111.408263,33.910116],[-111.408186,33.910178],[-111.408186,33.910249],[-111.408186,33.910934],[-111.408543,33.911438],[-111.408543,33.91155],[-111.408556,33.91156],[-111.408577,33.911616],[-111.408606,33.911673],[-111.408603,33.91197],[-111.408563,33.912139],[-111.408502,33.912381],[-111.408316,33.912638],[-111.407975,33.912854],[-111.407665,33.912844],[-111.407327,33.912825],[-111.407181,33.912929],[-111.407043,33.91309],[-111.406896,33.913363],[-111.406815,33.913661],[-111.406774,33.913927],[-111.406821,33.914113],[-111.406848,33.914323],[-111.406818,33.914452],[-111.406729,33.914661],[-111.4066,33.914918],[-111.406433,33.915184],[-111.406441,33.915402],[-111.406448,33.915636],[-111.406504,33.915926],[-111.406588,33.916209],[-111.406616,33.916395],[-111.406438,33.916765],[-111.406212,33.917094],[-111.406026,33.917368],[-111.405724,33.917511],[-111.405432,33.917686],[-111.405265,33.917936],[-111.405107,33.91829],[-111.405025,33.918709],[-111.405069,33.919217],[-111.405203,33.919436],[-111.405356,33.919582],[-111.405722,33.919778],[-111.406194,33.920039],[-111.406802,33.920293],[-111.407488,33.920515],[-111.408048,33.920664],[-111.408531,33.920723],[-111.409209,33.920728],[-111.409771,33.920675],[-111.410287,33.920662],[-111.410836,33.920738],[-111.41088,33.92075],[-111.411213,33.920837],[-111.411482,33.920992],[-111.411743,33.921115],[-111.411856,33.92122],[-111.411935,33.921293],[-111.412063,33.9215],[-111.412106,33.921569],[-111.412201,33.921771],[-111.412287,33.921945],[-111.412442,33.921977],[-111.41374,33.922066],[-111.414223,33.922176],[-111.414918,33.922335],[-111.415267,33.922415],[-111.415682,33.922532],[-111.415797,33.922487],[-111.416146,33.922409],[-111.416437,33.922403],[-111.416571,33.92242],[-111.416698,33.922436],[-111.417017,33.922535],[-111.417364,33.922618],[-111.417519,33.922705],[-111.41774,33.92283],[-111.419602,33.923753],[-111.419721,33.923792],[-111.421605,33.924467],[-111.421842,33.924524],[-111.423017,33.924807],[-111.423339,33.924836],[-111.423831,33.92503],[-111.424372,33.925195],[-111.424815,33.92548],[-111.425249,33.925676],[-111.425518,33.925855],[-111.425749,33.926099],[-111.425932,33.926108],[-111.426388,33.92607],[-111.426951,33.925888],[-111.427982,33.925451],[-111.428605,33.925067],[-111.42917,33.924675],[-111.43021,33.924222],[-111.430638,33.923999],[-111.431039,33.923565],[-111.431607,33.922883],[-111.431991,33.922224],[-111.43212,33.92187],[-111.432221,33.921402],[-111.432438,33.920936],[-111.432915,33.920418],[-111.433317,33.92007],[-111.433766,33.919669],[-111.434371,33.919189],[-111.434888,33.918837],[-111.435208,33.918677],[-111.435502,33.918332],[-111.435835,33.917963],[-111.43642,33.917515],[-111.436754,33.916984],[-111.437293,33.916262],[-111.437487,33.916174],[-111.437806,33.916257],[-111.438066,33.916355],[-111.438336,33.916526],[-111.438558,33.916632],[-111.438994,33.916595],[-111.439362,33.916516],[-111.439788,33.916567],[-111.440068,33.916601],[-111.44029,33.916748],[-111.440542,33.916709],[-111.440909,33.916759],[-111.44146,33.916908],[-111.442059,33.917081],[-111.442629,33.91723],[-111.442928,33.917352],[-111.443325,33.917355],[-111.443749,33.917511],[-111.444164,33.917739],[-111.444404,33.91795],[-111.444635,33.918113],[-111.444953,33.918236],[-111.445378,33.918424],[-111.445706,33.918482],[-111.445928,33.918629],[-111.446136,33.91885],[-111.446302,33.919027],[-111.446533,33.919213],[-111.446861,33.919264],[-111.446994,33.919269],[-111.447103,33.919273],[-111.447478,33.919189],[-111.447519,33.919171],[-111.447919,33.919036],[-111.448123,33.918981],[-111.448335,33.919063],[-111.448634,33.919218],[-111.449019,33.919414],[-111.449252,33.919439],[-111.449562,33.919417],[-111.449861,33.9195],[-111.450296,33.919631],[-111.450643,33.919738],[-111.450904,33.919877],[-111.451038,33.920055],[-111.451191,33.920282],[-111.451372,33.920541],[-111.451535,33.920744],[-111.451736,33.920995],[-111.451763,33.921221],[-111.45175,33.921568],[-111.451468,33.9218],[-111.45129,33.922162],[-111.451236,33.922256],[-111.451104,33.922492],[-111.451015,33.922742],[-111.451062,33.923],[-111.451204,33.923339],[-111.451366,33.923666],[-111.451517,33.923913],[-111.451544,33.924168],[-111.451555,33.92427],[-111.451553,33.924496],[-111.451513,33.924753],[-111.451433,33.925051],[-111.451256,33.925373],[-111.451001,33.925678],[-111.450785,33.926008],[-111.450587,33.926458],[-111.450516,33.92674],[-111.450417,33.926933],[-111.450368,33.927062],[-111.45022,33.927384],[-111.450035,33.927503],[-111.449868,33.927728],[-111.449777,33.928074],[-111.449647,33.928567],[-111.44938,33.929008],[-111.449261,33.92937],[-111.449267,33.929733],[-111.449342,33.930064],[-111.449485,33.930364],[-111.449656,33.930639],[-111.449896,33.930915],[-111.450068,33.931134],[-111.450213,33.931256],[-111.450473,33.931362],[-111.450773,33.931461],[-111.45091,33.93153],[-111.451081,33.931616],[-111.451457,33.931852],[-111.451804,33.931991],[-111.452092,33.932259],[-111.452177,33.93255],[-111.452203,33.932833],[-111.452152,33.933228],[-111.45204,33.933767],[-111.451709,33.933951],[-111.451388,33.934143],[-111.451019,33.934278],[-111.450563,33.934388],[-111.450165,33.93445],[-111.449623,33.934439],[-111.449177,33.934493],[-111.448885,33.934495],[-111.448673,33.934498],[-111.448092,33.934535],[-111.447548,33.934669],[-111.44716,33.934755],[-111.447072,33.934859],[-111.447081,33.934948],[-111.447215,33.935118],[-111.447397,33.935329],[-111.447551,33.935508],[-111.447626,33.935766],[-111.447614,33.936032],[-111.447612,33.936236],[-111.447667,33.936533],[-111.447763,33.936727],[-111.447973,33.937051],[-111.448038,33.937302],[-111.448074,33.937608],[-111.448072,33.937907],[-111.448127,33.938198],[-111.448125,33.938496],[-111.448027,33.938625],[-111.447743,33.938905],[-111.447575,33.939324],[-111.447398,33.939605],[-111.447338,33.939855],[-111.447326,33.940065],[-111.447324,33.940371],[-111.447243,33.940782],[-111.44723,33.941056],[-111.447247,33.941339],[-111.447304,33.941549],[-111.447389,33.941735],[-111.447601,33.941906],[-111.447745,33.94202],[-111.447947,33.942174],[-111.448255,33.94237],[-111.448534,33.942557],[-111.44889,33.942857],[-111.449178,33.94319],[-111.449292,33.943425],[-111.449305,33.943597],[-111.44928,33.943749],[-111.449208,33.944126],[-111.449245,33.944369],[-111.44934,33.944612],[-111.449522,33.944766],[-111.449732,33.944993],[-111.450021,33.945213],[-111.450399,33.945415],[-111.450648,33.945537],[-111.45069,33.945569],[-111.450927,33.94575],[-111.451188,33.946001],[-111.451385,33.946331],[-111.451459,33.946516],[-111.451495,33.946598],[-111.451635,33.94695],[-111.451649,33.947244],[-111.451631,33.94748],[-111.451628,33.947659],[-111.451626,33.947813],[-111.45171,33.948021],[-111.451815,33.948253],[-111.451857,33.948302],[-111.452037,33.948507],[-111.452181,33.948629],[-111.452203,33.94867],[-111.452267,33.948791],[-111.452254,33.948899],[-111.452246,33.948969],[-111.452176,33.949138],[-111.452117,33.949323],[-111.452047,33.9495],[-111.452007,33.949678],[-111.452082,33.949922],[-111.45209,33.95017],[-111.45197,33.950506],[-111.451961,33.950521],[-111.451851,33.950888],[-111.451384,33.951713],[-111.451104,33.95259],[-111.451239,33.952808],[-111.451301,33.952908],[-111.451366,33.953142],[-111.451451,33.953401],[-111.451546,33.953652],[-111.451621,33.953951],[-111.451513,33.954103],[-111.45128,33.954191],[-111.451018,33.954292],[-111.450966,33.954312],[-111.450956,33.954316],[-111.450941,33.954322],[-111.450853,33.954356],[-111.450698,33.954416],[-111.450492,33.954595],[-111.450165,33.954879],[-111.450065,33.954966],[-111.45001,33.955126],[-111.449282,33.956398],[-111.449158,33.956615],[-111.448591,33.95695],[-111.44826,33.957198],[-111.447966,33.957519],[-111.448012,33.957786],[-111.448134,33.958238],[-111.448276,33.958659],[-111.448381,33.958885],[-111.448649,33.959193],[-111.44885,33.959525],[-111.449244,33.959842],[-111.449862,33.960225],[-111.450247,33.960452],[-111.450358,33.960518],[-111.450469,33.960584],[-111.450548,33.960606],[-111.450561,33.96061],[-111.450569,33.960617],[-111.450586,33.960617],[-111.450704,33.96065],[-111.450788,33.960674],[-111.451264,33.960516],[-111.451729,33.960535],[-111.451961,33.960552],[-111.452115,33.96069],[-111.452259,33.960861],[-111.452354,33.961006],[-111.452468,33.961257],[-111.45264,33.961581],[-111.452792,33.961896],[-111.452925,33.962204],[-111.452915,33.962217],[-111.452733,33.962434],[-111.45267,33.962501],[-111.452513,33.962758],[-111.452366,33.962975],[-111.452306,33.963136],[-111.452265,33.963426],[-111.452292,33.963677],[-111.452046,33.964054],[-111.451967,33.964215],[-111.451956,33.964368],[-111.451993,33.964562],[-111.452099,33.964724],[-111.452224,33.964814],[-111.452397,33.964903],[-111.452531,33.965114],[-111.452598,33.965276],[-111.452606,33.965397],[-111.452575,33.96559],[-111.452564,33.965752],[-111.452558,33.965834],[-111.452552,33.965928],[-111.452487,33.965985],[-111.451932,33.966263],[-111.451753,33.966352],[-111.451663,33.966397],[-111.451338,33.966406],[-111.451047,33.966469],[-111.450881,33.966556],[-111.450716,33.966652],[-111.450598,33.966756],[-111.450442,33.966885],[-111.450054,33.967028],[-111.449906,33.967269],[-111.449798,33.967486],[-111.449698,33.967784],[-111.44957,33.967985],[-111.449346,33.968209],[-111.449092,33.968409],[-111.448887,33.968602],[-111.448943,33.96878],[-111.449088,33.969144],[-111.449075,33.96928],[-111.448944,33.970626],[-111.448941,33.97066],[-111.448969,33.970796],[-111.449077,33.970846],[-111.449108,33.970999],[-111.449077,33.971209],[-111.44894,33.971378],[-111.448773,33.971578],[-111.448597,33.971779],[-111.44846,33.971972],[-111.44839,33.972157],[-111.448409,33.972278],[-111.448426,33.972512],[-111.448364,33.972891],[-111.448198,33.973116],[-111.44809,33.973285],[-111.447827,33.973372],[-111.447467,33.973531],[-111.447282,33.973675],[-111.447106,33.973819],[-111.446883,33.973923],[-111.446582,33.973913],[-111.446088,33.973966],[-111.445748,33.974005],[-111.445437,33.974092],[-111.445165,33.97426],[-111.44496,33.974428],[-111.444822,33.974661],[-111.444694,33.974926],[-111.444585,33.975119],[-111.444477,33.975328],[-111.444401,33.975499],[-111.444405,33.975515],[-111.443708,33.975848],[-111.443636,33.975882],[-111.442812,33.976631],[-111.442728,33.976707],[-111.4424,33.977185],[-111.442288,33.977348],[-111.442043,33.977718],[-111.441749,33.978047],[-111.441272,33.978375],[-111.440678,33.978517],[-111.440076,33.978707],[-111.439678,33.978793],[-111.4393,33.978783],[-111.438467,33.978753],[-111.43801,33.978952],[-111.437766,33.979128],[-111.437638,33.979362],[-111.437559,33.979523],[-111.437518,33.979756],[-111.437419,33.980006],[-111.437311,33.980134],[-111.437126,33.980206],[-111.436758,33.980179],[-111.436487,33.980234],[-111.435932,33.980473],[-111.435486,33.980575],[-111.435058,33.980693],[-111.434707,33.980893],[-111.434502,33.981134],[-111.434305,33.981463],[-111.434331,33.98177],[-111.434387,33.982069],[-111.434296,33.982431],[-111.43413,33.982664],[-111.433837,33.982848],[-111.433477,33.983048],[-111.433271,33.983321],[-111.433181,33.983603],[-111.43312,33.983965],[-111.433096,33.984401],[-111.433313,33.985072],[-111.433455,33.9855],[-111.433781,33.985865],[-111.434108,33.986174],[-111.434309,33.986409],[-111.43437,33.986504],[-111.434424,33.986587],[-111.434654,33.986806],[-111.434934,33.986961],[-111.435302,33.987036],[-111.435621,33.987078],[-111.435941,33.987048],[-111.436378,33.986922],[-111.436825,33.986763],[-111.437029,33.986724],[-111.437223,33.986749],[-111.437494,33.986912],[-111.438111,33.987279],[-111.438582,33.987669],[-111.438821,33.988009],[-111.439108,33.988398],[-111.439407,33.988658],[-111.440012,33.989178],[-111.440503,33.989601],[-111.44115,33.989887],[-111.441515,33.990212],[-111.441775,33.990438],[-111.442141,33.990675],[-111.442265,33.990885],[-111.442466,33.99112],[-111.442756,33.991291],[-111.442813,33.991372],[-111.442559,33.991621],[-111.442382,33.991935],[-111.442117,33.99228],[-111.441958,33.992666],[-111.441813,33.992698],[-111.441433,33.992881],[-111.441362,33.993203],[-111.441059,33.99354],[-111.440796,33.993732],[-111.440676,33.994046],[-111.440607,33.994264],[-111.440419,33.994618],[-111.44033,33.994915],[-111.440385,33.99519],[-111.440431,33.995521],[-111.440428,33.99582],[-111.440377,33.996126],[-111.440355,33.996416],[-111.440459,33.996659],[-111.440729,33.996822],[-111.440998,33.99709],[-111.441238,33.997414],[-111.441515,33.997779],[-111.441784,33.998079],[-111.442094,33.998089],[-111.442511,33.998115],[-111.442713,33.998246],[-111.442993,33.998409],[-111.44368,33.998502],[-111.444297,33.99886],[-111.444594,33.999217],[-111.444626,33.999306],[-111.444736,33.999605],[-111.444849,34.000039],[-111.44492,34.000637],[-111.445079,34.001176],[-111.446055,34.001281],[-111.447277,34.001084],[-111.448172,34.000953],[-111.448828,34.000215],[-111.449398,34.00015],[-111.449518,34.00042],[-111.450045,34.000793],[-111.450611,34.001334],[-111.45211,34.002384],[-111.454415,34.00475],[-111.455435,34.004283],[-111.456617,34.003883],[-111.456783,34.003413],[-111.456661,34.003345],[-111.457479,34.002574],[-111.458376,34.002207],[-111.459716,34.002717],[-111.461176,34.003498],[-111.462434,34.004041],[-111.463086,34.003876],[-111.463759,34.004316],[-111.464832,34.00432],[-111.465764,34.004997],[-111.466045,34.005773],[-111.466532,34.005943],[-111.46743,34.005341],[-111.469104,34.004303],[-111.470002,34.003768],[-111.470169,34.002961],[-111.470699,34.002761],[-111.470941,34.003166],[-111.471139,34.004143],[-111.472259,34.004612],[-111.472345,34.004648],[-111.472438,34.004687],[-111.472684,34.004302],[-111.472792,34.004134],[-111.473545,34.00321],[-111.473664,34.003715],[-111.474314,34.003852],[-111.475008,34.003485],[-111.475455,34.003127],[-111.475556,34.00307],[-111.47664,34.002447],[-111.478229,34.002083],[-111.479652,34.002291],[-111.481604,34.0025],[-111.482992,34.001563],[-111.484089,34.002004],[-111.48588,34.001842],[-111.487508,34.001747],[-111.488935,34.001146],[-111.489869,34.001352],[-111.49093,34.000851],[-111.491739,34.000039],[-111.491722,33.999809],[-111.494778,33.999817],[-111.494988,33.99995],[-111.495339,33.999824],[-111.496549,33.999833],[-111.500671,34.000037],[-111.502409,34.000038],[-111.506005,34.000039],[-111.513453,34.000042],[-111.515303,34.000042],[-111.51763,34.000043],[-111.530746,34.000047],[-111.541721,34.000049],[-111.548315,34.00005],[-111.557436,34.000051],[-111.557774,34.000051],[-111.562562,34.000051],[-111.565806,34.000051],[-111.568592,34.000051],[-111.578596,34.000051],[-111.596239,34.000048],[-111.605495,34.000045],[-111.609522,34.000043],[-111.613113,34.000042],[-111.613912,34.000042],[-111.61999,34.000039],[-111.625679,34.000037],[-111.627788,34.000037],[-111.631493,34.000038],[-111.633159,34.00004],[-111.640325,34.000042],[-111.648527,34.000046],[-111.648755,34.000045],[-111.649419,34.000046],[-111.653688,34.000046],[-111.656342,34.000047],[-111.666019,34.000048],[-111.676056,34.000048],[-111.67675,34.000049],[-111.683177,34.00005],[-111.695935,34.00005],[-111.698079,34.000049],[-111.699352,34.00005],[-111.700642,34.00005],[-111.705039,34.000049],[-111.706312,34.000049],[-111.706567,34.000049],[-111.706718,34.000049],[-111.711041,34.000048],[-111.711391,34.000048],[-111.7156,34.000047],[-111.718159,34.000047],[-111.725653,34.000045],[-111.726188,34.000045],[-111.726277,34.000045],[-111.726334,34.000041],[-111.72679,34.000095],[-111.727247,34.000148],[-111.727275,34.000152],[-111.727445,34.000171],[-111.727575,34.000186],[-111.727614,34.000191],[-111.730463,34.000524],[-111.7331,34.000833],[-111.733311,34.000857],[-111.735067,34.001063],[-111.736517,34.001233],[-111.736824,34.001266],[-111.739337,34.001539],[-111.739415,34.001555],[-111.7507,34.002771],[-111.764398,34.004289],[-111.78485,34.006548],[-111.784857,34.006559],[-111.785599,34.006633],[-111.78561,34.006643],[-111.787024,34.0068],[-111.787322,34.006834],[-111.787691,34.006874],[-111.799773,34.008213],[-111.805581,34.008857],[-111.811135,34.009472],[-111.811154,34.009475],[-111.837173,34.012357],[-111.837277,34.012369],[-111.850485,34.013832],[-111.850592,34.013844],[-111.861997,34.015108],[-111.862111,34.015121],[-111.864136,34.015345],[-111.865123,34.015415],[-111.870523,34.016008],[-111.870568,34.016013],[-111.874255,34.016424],[-111.874647,34.016477],[-111.875693,34.016618],[-111.890517,34.018215],[-111.89092,34.018258],[-111.895205,34.01872],[-111.90318,34.019604],[-111.908411,34.020184],[-111.914658,34.020876],[-111.915092,34.020964],[-111.92453,34.021993],[-111.925219,34.022079],[-111.925745,34.022104],[-111.925919,34.022123],[-111.926156,34.022149],[-111.926249,34.02216],[-111.926493,34.022187],[-111.933636,34.022978],[-111.934396,34.023112],[-111.938256,34.023529],[-111.949838,34.024781],[-111.953699,34.025199],[-111.959513,34.025837],[-111.99239,34.029439],[-111.993619,34.029578],[-111.996196,34.029866]]]]}},{"type":"Feature","properties":{"sourceGeoid":"0406","stateFips":"04","districtCode":"06","stateCode":null,"label":"Congressional District 6"},"geometry":{"type":"MultiPolygon","coordinates":[[[[-109.046717,33.777407],[-109.054331,33.777476],[-109.061846,33.777503],[-109.068573,33.777478],[-109.072559,33.777447],[-109.082014,33.777179],[-109.088138,33.777172],[-109.092394,33.777189],[-109.096603,33.777216],[-109.100527,33.777245],[-109.116281,33.777315],[-109.130987,33.777354],[-109.153759,33.777415],[-109.154187,33.777416],[-109.154563,33.777416],[-109.155501,33.777418],[-109.16088,33.777426],[-109.176722,33.777385],[-109.183588,33.777517],[-109.184006,33.777528],[-109.184203,33.777533],[-109.186783,33.777564],[-109.192786,33.777639],[-109.197362,33.777694],[-109.205934,33.777817],[-109.211566,33.777901],[-109.218013,33.777817],[-109.218548,33.77781],[-109.219369,33.777803],[-109.220993,33.777801],[-109.221407,33.777808],[-109.222253,33.7778],[-109.225825,33.777795],[-109.227308,33.777794],[-109.228427,33.777793],[-109.230035,33.777807],[-109.235037,33.777853],[-109.235809,33.77786],[-109.23648,33.777864],[-109.24099,33.777908],[-109.250531,33.777957],[-109.258979,33.777955],[-109.271235,33.777956],[-109.27425,33.777958],[-109.277082,33.77796],[-109.284397,33.777958],[-109.285167,33.777957],[-109.301281,33.777997],[-109.301563,33.777997],[-109.305047,33.778008],[-109.309416,33.778022],[-109.311993,33.778029],[-109.315499,33.778039],[-109.317581,33.778046],[-109.320085,33.778055],[-109.324047,33.778063],[-109.324356,33.778066],[-109.330688,33.778089],[-109.331114,33.778086],[-109.336394,33.778097],[-109.345398,33.778113],[-109.348581,33.778123],[-109.348062,33.77752],[-109.347968,33.777456],[-109.347819,33.777328],[-109.34767,33.777218],[-109.34751,33.777125],[-109.347371,33.777051],[-109.347275,33.776969],[-109.347212,33.776923],[-109.34719,33.776905],[-109.347148,33.776868],[-109.347137,33.77685],[-109.347117,33.776796],[-109.347086,33.776723],[-109.347065,33.77666],[-109.347056,33.776578],[-109.347091,33.776444],[-109.347148,33.776291],[-109.347293,33.776031],[-109.347427,33.775835],[-109.34756,33.775665],[-109.347703,33.775496],[-109.347813,33.77538],[-109.347935,33.775264],[-109.348143,33.775114],[-109.348407,33.774856],[-109.348715,33.774544],[-109.348913,33.774358],[-109.349442,33.773779],[-109.349793,33.773531],[-109.350087,33.773381],[-109.350217,33.773347],[-109.35049,33.773206],[-109.350632,33.7731],[-109.350818,33.772985],[-109.351169,33.772738],[-109.351333,33.772623],[-109.351791,33.772376],[-109.352064,33.772199],[-109.352261,33.772094],[-109.352403,33.771997],[-109.35259,33.771837],[-109.352776,33.771686],[-109.352929,33.771571],[-109.353149,33.771393],[-109.353226,33.771304],[-109.353282,33.771206],[-109.353371,33.77109],[-109.353458,33.771028],[-109.353656,33.770859],[-109.353797,33.770789],[-109.35395,33.770728],[-109.354026,33.770693],[-109.354156,33.770658],[-109.354254,33.770651],[-109.354415,33.770653],[-109.354491,33.770645],[-109.354545,33.770645],[-109.354621,33.77061],[-109.354654,33.770584],[-109.354775,33.770504],[-109.354885,33.770406],[-109.354983,33.770327],[-109.355049,33.770255],[-109.355094,33.770193],[-109.355116,33.770139],[-109.355128,33.770076],[-109.355003,33.769831],[-109.355016,33.76975],[-109.355237,33.769455],[-109.355325,33.769375],[-109.355525,33.769107],[-109.35567,33.768857],[-109.355783,33.768606],[-109.355873,33.768391],[-109.35592,33.768202],[-109.355944,33.768067],[-109.355925,33.76794],[-109.355895,33.767814],[-109.355854,33.767714],[-109.35578,33.767605],[-109.355717,33.767523],[-109.355675,33.767477],[-109.355583,33.767415],[-109.355516,33.767334],[-109.3554,33.767286],[-109.355319,33.767263],[-109.355243,33.767228],[-109.355176,33.767183],[-109.355116,33.767131],[-109.355075,33.767068],[-109.355063,33.767034],[-109.355033,33.766968],[-109.355021,33.766916],[-109.355019,33.766905],[-109.355015,33.766862],[-109.354997,33.766792],[-109.354979,33.76676],[-109.354931,33.766624],[-109.354915,33.766591],[-109.354873,33.766529],[-109.354795,33.766443],[-109.354722,33.766355],[-109.354686,33.76629],[-109.354592,33.766171],[-109.354588,33.766119],[-109.354579,33.766029],[-109.354538,33.765929],[-109.354528,33.7659],[-109.354497,33.765811],[-109.354476,33.765775],[-109.354401,33.765765],[-109.354441,33.765219],[-109.354474,33.764774],[-109.354485,33.764738],[-109.354508,33.764693],[-109.35452,33.764639],[-109.354555,33.764543],[-109.354592,33.764376],[-109.354601,33.764356],[-109.354621,33.764309],[-109.354681,33.764139],[-109.35471,33.764072],[-109.354716,33.764037],[-109.354737,33.763968],[-109.354848,33.763662],[-109.354873,33.76358],[-109.354879,33.763559],[-109.354922,33.76342],[-109.354976,33.763323],[-109.355007,33.7633],[-109.355048,33.763289],[-109.355086,33.763273],[-109.355103,33.763234],[-109.355108,33.763222],[-109.355263,33.763017],[-109.355518,33.762696],[-109.355728,33.76241],[-109.355872,33.762222],[-109.35606,33.761999],[-109.356307,33.761756],[-109.356621,33.761439],[-109.357003,33.761093],[-109.35702,33.761078],[-109.357083,33.761021],[-109.35716,33.760932],[-109.357226,33.76087],[-109.357303,33.760771],[-109.35736,33.760619],[-109.357363,33.760493],[-109.357401,33.760214],[-109.357504,33.75989],[-109.357604,33.759711],[-109.357672,33.75955],[-109.357718,33.759397],[-109.357754,33.759235],[-109.357756,33.759109],[-109.357747,33.759019],[-109.357761,33.758857],[-109.357764,33.758694],[-109.357778,33.758523],[-109.357781,33.758397],[-109.357792,33.758343],[-109.35785,33.758172],[-109.357908,33.757957],[-109.357976,33.757777],[-109.358065,33.757634],[-109.358154,33.757518],[-109.358296,33.757412],[-109.358405,33.757341],[-109.358688,33.757219],[-109.358895,33.75714],[-109.359037,33.757061],[-109.359179,33.756973],[-109.359278,33.756893],[-109.359431,33.756778],[-109.359618,33.756573],[-109.359784,33.756359],[-109.359985,33.756037],[-109.360321,33.755401],[-109.3604,33.75523],[-109.360603,33.754755],[-109.360648,33.754684],[-109.360715,33.754531],[-109.360871,33.75429],[-109.361004,33.754111],[-109.361082,33.753986],[-109.361557,33.753406],[-109.361678,33.753291],[-109.361898,33.753068],[-109.362053,33.752899],[-109.362196,33.752756],[-109.362371,33.752596],[-109.362493,33.752472],[-109.362658,33.752284],[-109.362758,33.752142],[-109.362887,33.751895],[-109.362994,33.751667],[-109.363006,33.751577],[-109.363029,33.751523],[-109.363041,33.751451],[-109.363011,33.751324],[-109.362981,33.751225],[-109.362892,33.750791],[-109.362871,33.750727],[-109.362863,33.75061],[-109.362817,33.750158],[-109.362819,33.750051],[-109.362853,33.749969],[-109.362942,33.749835],[-109.363141,33.749585],[-109.363219,33.749469],[-109.363264,33.749362],[-109.363422,33.74903],[-109.363469,33.748832],[-109.363503,33.748734],[-109.363517,33.748571],[-109.363519,33.748472],[-109.363478,33.748363],[-109.363436,33.748282],[-109.363404,33.748254],[-109.363362,33.748209],[-109.363255,33.748126],[-109.363117,33.748043],[-109.362934,33.747969],[-109.362849,33.747904],[-109.36267,33.747685],[-109.362606,33.747621],[-109.36248,33.747457],[-109.362258,33.747202],[-109.362143,33.747011],[-109.362059,33.746902],[-109.361969,33.746531],[-109.361938,33.746449],[-109.36194,33.746332],[-109.361931,33.746224],[-109.362004,33.74581],[-109.36204,33.745639],[-109.362163,33.745379],[-109.36241,33.744895],[-109.362621,33.744556],[-109.362667,33.744457],[-109.362778,33.744287],[-109.362854,33.744225],[-109.36292,33.744163],[-109.363174,33.743905],[-109.363437,33.743656],[-109.36358,33.74354],[-109.363723,33.743371],[-109.363768,33.743299],[-109.364001,33.742969],[-109.364057,33.742861],[-109.364102,33.742745],[-109.364136,33.742673],[-109.364193,33.742529],[-109.364318,33.742179],[-109.36442,33.741946],[-109.364454,33.741856],[-109.364478,33.741748],[-109.364538,33.741398],[-109.364591,33.740866],[-109.364629,33.740614],[-109.364688,33.740335],[-109.364748,33.739985],[-109.364752,33.739804],[-109.364621,33.738756],[-109.3646,33.738693],[-109.36458,33.738648],[-109.364465,33.738448],[-109.364328,33.738308],[-109.364157,33.738155],[-109.36405,33.738032],[-109.363935,33.737918],[-109.363871,33.737863],[-109.363625,33.737733],[-109.363529,33.737687],[-109.363422,33.737622],[-109.363157,33.737411],[-109.36304,33.737302],[-109.362721,33.737036],[-109.36214,33.736397],[-109.361589,33.735848],[-109.361335,33.735557],[-109.361251,33.735474],[-109.361133,33.735401],[-109.36077,33.735224],[-109.360619,33.735177],[-109.360253,33.735127],[-109.359973,33.735124],[-109.359401,33.735107],[-109.359012,33.735129],[-109.358926,33.735119],[-109.358829,33.735099],[-109.358278,33.735137],[-109.358192,33.735136],[-109.358041,33.735116],[-109.357869,33.735069],[-109.357741,33.735013],[-109.357634,33.734921],[-109.35753,33.734739],[-109.357411,33.734197],[-109.357176,33.733472],[-109.357062,33.733227],[-109.35702,33.733173],[-109.356871,33.733062],[-109.356015,33.732699],[-109.355727,33.732515],[-109.355642,33.732442],[-109.355568,33.732369],[-109.355494,33.732268],[-109.3554,33.732123],[-109.35516,33.731687],[-109.355022,33.731532],[-109.354792,33.73115],[-109.354761,33.731077],[-109.354627,33.730872],[-109.354375,33.730378],[-109.354272,33.730124],[-109.354189,33.729942],[-109.354084,33.729788],[-109.35384,33.729568],[-109.353328,33.729282],[-109.352985,33.729151],[-109.352911,33.729078],[-109.352868,33.72905],[-109.352783,33.728968],[-109.352763,33.728948],[-109.352761,33.728935],[-109.352714,33.728768],[-109.352686,33.7287],[-109.35261,33.728458],[-109.352593,33.728281],[-109.35258,33.728211],[-109.352572,33.728105],[-109.352573,33.728033],[-109.352578,33.727998],[-109.352597,33.727929],[-109.352632,33.727864],[-109.352655,33.727833],[-109.352736,33.72775],[-109.353233,33.727409],[-109.353425,33.727268],[-109.35355,33.727171],[-109.353598,33.727112],[-109.353637,33.727048],[-109.353647,33.726977],[-109.353646,33.726941],[-109.353638,33.726906],[-109.353612,33.726878],[-109.353378,33.72672],[-109.352997,33.726487],[-109.352958,33.726471],[-109.352823,33.726382],[-109.352737,33.726302],[-109.35267,33.726211],[-109.352632,33.726147],[-109.35262,33.726113],[-109.352595,33.726008],[-109.35259,33.725937],[-109.352591,33.725618],[-109.352613,33.725477],[-109.352643,33.725337],[-109.352665,33.725269],[-109.352685,33.725237],[-109.352709,33.725169],[-109.352764,33.725073],[-109.352888,33.724919],[-109.352975,33.724911],[-109.353202,33.724807],[-109.353281,33.72478],[-109.353319,33.724762],[-109.353482,33.724718],[-109.353566,33.724707],[-109.353609,33.724706],[-109.35369,33.724682],[-109.353725,33.72466],[-109.353765,33.724622],[-109.354224,33.724722],[-109.354309,33.724736],[-109.35435,33.724748],[-109.354478,33.724761],[-109.354777,33.724803],[-109.354899,33.724826],[-109.355021,33.724861],[-109.355172,33.724931],[-109.355282,33.724988],[-109.355386,33.725053],[-109.355451,33.7251],[-109.355585,33.725239],[-109.35566,33.725325],[-109.355898,33.725621],[-109.356052,33.725834],[-109.356139,33.725998],[-109.356194,33.726132],[-109.356234,33.726271],[-109.356247,33.726304],[-109.356265,33.726411],[-109.356275,33.726552],[-109.356293,33.726693],[-109.356291,33.726764],[-109.356284,33.726799],[-109.356203,33.726925],[-109.356191,33.726959],[-109.356225,33.727098],[-109.356269,33.727199],[-109.356292,33.727229],[-109.356465,33.727335],[-109.356537,33.727375],[-109.35677,33.72753],[-109.356912,33.727609],[-109.356944,33.727633],[-109.357161,33.72775],[-109.35724,33.727778],[-109.357407,33.727817],[-109.357619,33.727857],[-109.357662,33.727858],[-109.35779,33.727872],[-109.358005,33.727888],[-109.358786,33.727902],[-109.359609,33.727894],[-109.359913,33.727895],[-109.360129,33.727888],[-109.360257,33.727877],[-109.360345,33.727876],[-109.360561,33.727872],[-109.360691,33.727882],[-109.360774,33.727902],[-109.360892,33.727947],[-109.360933,33.727959],[-109.361017,33.727976],[-109.361103,33.727982],[-109.361147,33.727981],[-109.361275,33.727964],[-109.361442,33.727927],[-109.361565,33.727893],[-109.36174,33.727788],[-109.361861,33.727686],[-109.361913,33.727629],[-109.362012,33.727471],[-109.362081,33.727381],[-109.362158,33.727217],[-109.362195,33.727153],[-109.362324,33.726969],[-109.362397,33.72684],[-109.362531,33.726623],[-109.362572,33.726611],[-109.362683,33.726555],[-109.362928,33.726263],[-109.363258,33.725934],[-109.363384,33.725791],[-109.363468,33.725711],[-109.363528,33.725661],[-109.3637,33.725503],[-109.363734,33.725481],[-109.363793,33.725429],[-109.363833,33.725366],[-109.363845,33.725331],[-109.363856,33.725275],[-109.364004,33.7252],[-109.364181,33.725098],[-109.36428,33.725029],[-109.364311,33.725003],[-109.364365,33.724947],[-109.364487,33.7248],[-109.364567,33.724715],[-109.36466,33.72464],[-109.364733,33.724601],[-109.364931,33.724529],[-109.365095,33.724484],[-109.365556,33.724392],[-109.365719,33.724345],[-109.365839,33.724304],[-109.365997,33.724244],[-109.366071,33.724208],[-109.366206,33.724119],[-109.366303,33.724048],[-109.366394,33.723972],[-109.366479,33.723892],[-109.366689,33.723714],[-109.366722,33.723692],[-109.366908,33.723545],[-109.366966,33.723493],[-109.367222,33.723304],[-109.367505,33.723139],[-109.367606,33.723071],[-109.367667,33.723021],[-109.368068,33.722751],[-109.368548,33.722509],[-109.368785,33.722423],[-109.368866,33.722397],[-109.36895,33.722381],[-109.369207,33.72235],[-109.369379,33.722334],[-109.369552,33.722323],[-109.369638,33.722322],[-109.369767,33.72233],[-109.369938,33.722349],[-109.370066,33.722369],[-109.370193,33.722394],[-109.370465,33.722461],[-109.370501,33.72244],[-109.37054,33.722426],[-109.370582,33.722416],[-109.370711,33.722422],[-109.370794,33.722438],[-109.370957,33.722481],[-109.371156,33.722539],[-109.371232,33.722569],[-109.371311,33.722592],[-109.371622,33.722703],[-109.371697,33.722738],[-109.371852,33.722796],[-109.37189,33.722815],[-109.371941,33.722856],[-109.372027,33.722867],[-109.372275,33.722926],[-109.372525,33.72298],[-109.37261,33.722991],[-109.372735,33.723018],[-109.373271,33.723155],[-109.373614,33.7232],[-109.373866,33.72325],[-109.374232,33.723361],[-109.374427,33.723439],[-109.374539,33.723492],[-109.374606,33.723538],[-109.374696,33.723619],[-109.374787,33.723696],[-109.37482,33.723719],[-109.374907,33.723798],[-109.374942,33.723819],[-109.375211,33.723933],[-109.375251,33.723947],[-109.375417,33.723989],[-109.375672,33.72403],[-109.375801,33.724036],[-109.376011,33.724077],[-109.376054,33.724082],[-109.376096,33.724092],[-109.376191,33.724124],[-109.376273,33.724148],[-109.376315,33.724156],[-109.376761,33.724294],[-109.377009,33.724356],[-109.37726,33.72441],[-109.377508,33.724473],[-109.377633,33.7245],[-109.377846,33.724538],[-109.378009,33.724551],[-109.378174,33.724594],[-109.378472,33.724641],[-109.378515,33.724642],[-109.378617,33.724625],[-109.378819,33.724561],[-109.378969,33.724492],[-109.379116,33.724384],[-109.3794,33.724299],[-109.379593,33.724224],[-109.379822,33.724125],[-109.379939,33.72408],[-109.380098,33.724025],[-109.380248,33.723955],[-109.380793,33.723662],[-109.381017,33.723555],[-109.381123,33.723492],[-109.381223,33.723424],[-109.381349,33.723326],[-109.381533,33.723174],[-109.381816,33.722953],[-109.381907,33.722876],[-109.38207,33.722759],[-109.382262,33.722601],[-109.382465,33.722468],[-109.382662,33.722329],[-109.382767,33.722266],[-109.383137,33.721965],[-109.383362,33.721799],[-109.383449,33.721719],[-109.383543,33.721646],[-109.383668,33.721558],[-109.383702,33.721536],[-109.383758,33.721484],[-109.383794,33.721464],[-109.384027,33.721305],[-109.384203,33.721203],[-109.384267,33.721154],[-109.384414,33.721064],[-109.384546,33.720972],[-109.384617,33.72093],[-109.384692,33.720895],[-109.384727,33.720874],[-109.384948,33.720762],[-109.385306,33.720632],[-109.385474,33.720597],[-109.385679,33.72054],[-109.385799,33.720499],[-109.38598,33.720402],[-109.386181,33.720267],[-109.386288,33.720206],[-109.386591,33.720067],[-109.386828,33.719982],[-109.387274,33.719851],[-109.387633,33.719732],[-109.387875,33.719659],[-109.388351,33.71949],[-109.388432,33.719465],[-109.388589,33.719406],[-109.388818,33.719304],[-109.389228,33.719106],[-109.389493,33.718985],[-109.389789,33.718839],[-109.389828,33.718823],[-109.39012,33.718673],[-109.390497,33.7185],[-109.390606,33.718443],[-109.390639,33.71842],[-109.390711,33.718381],[-109.390849,33.718296],[-109.391428,33.71799],[-109.391567,33.717907],[-109.391703,33.71782],[-109.391844,33.717739],[-109.392186,33.717524],[-109.392464,33.717359],[-109.392531,33.717313],[-109.392706,33.717211],[-109.392851,33.717135],[-109.392919,33.717091],[-109.392991,33.717052],[-109.393269,33.716887],[-109.393335,33.716841],[-109.393474,33.716758],[-109.393593,33.716715],[-109.39376,33.716679],[-109.39389,33.716671],[-109.394019,33.716672],[-109.394062,33.716677],[-109.394192,33.716681],[-109.394278,33.716674],[-109.394362,33.71666],[-109.394535,33.716644],[-109.394663,33.716628],[-109.394847,33.716596],[-109.395092,33.716527],[-109.395206,33.716475],[-109.395336,33.716381],[-109.395421,33.7163],[-109.395445,33.716271],[-109.395463,33.716239],[-109.395475,33.716204],[-109.395506,33.716064],[-109.395504,33.715958],[-109.395489,33.715852],[-109.395449,33.715713],[-109.395416,33.715573],[-109.395306,33.715265],[-109.39529,33.715232],[-109.395211,33.714992],[-109.395178,33.714927],[-109.39514,33.714825],[-109.395078,33.714617],[-109.395002,33.714413],[-109.394931,33.714169],[-109.394918,33.714099],[-109.394883,33.713959],[-109.394873,33.713888],[-109.394878,33.713781],[-109.394909,33.713677],[-109.394927,33.713645],[-109.394996,33.713554],[-109.395105,33.713443],[-109.395164,33.71339],[-109.395348,33.713241],[-109.395446,33.713171],[-109.395548,33.713105],[-109.39569,33.713023],[-109.395888,33.712949],[-109.396012,33.712918],[-109.396139,33.712898],[-109.396354,33.712877],[-109.396614,33.712866],[-109.396743,33.712873],[-109.396915,33.712888],[-109.397001,33.712889],[-109.397087,33.712899],[-109.397171,33.712915],[-109.397295,33.712946],[-109.397649,33.713072],[-109.397795,33.713148],[-109.397995,33.713281],[-109.398079,33.713363],[-109.398157,33.713448],[-109.398226,33.713539],[-109.398252,33.713567],[-109.398319,33.713659],[-109.398357,33.713722],[-109.398473,33.713992],[-109.398482,33.714027],[-109.398503,33.714167],[-109.398507,33.714238],[-109.398483,33.714343],[-109.39846,33.714373],[-109.398437,33.714442],[-109.398405,33.714507],[-109.39834,33.714599],[-109.39828,33.714733],[-109.398258,33.714802],[-109.398256,33.714909],[-109.398282,33.715085],[-109.398337,33.715294],[-109.398385,33.71543],[-109.3984,33.7155],[-109.398439,33.715602],[-109.398461,33.715633],[-109.39849,33.715664],[-109.398534,33.715801],[-109.398637,33.716034],[-109.398662,33.716102],[-109.398696,33.716168],[-109.398795,33.716403],[-109.398865,33.716534],[-109.398977,33.716766],[-109.399023,33.716826],[-109.399042,33.716859],[-109.399116,33.716946],[-109.399249,33.717087],[-109.399313,33.717135],[-109.399349,33.717155],[-109.399426,33.717187],[-109.39951,33.717205],[-109.399596,33.71721],[-109.399726,33.717206],[-109.399899,33.717211],[-109.399941,33.717219],[-109.399982,33.717232],[-109.400055,33.717269],[-109.400122,33.717315],[-109.400151,33.717341],[-109.400175,33.717371],[-109.40027,33.717444],[-109.400337,33.71749],[-109.400442,33.717552],[-109.40059,33.717626],[-109.400671,33.71765],[-109.400754,33.717669],[-109.400797,33.717673],[-109.400926,33.717662],[-109.401011,33.71765],[-109.401051,33.717635],[-109.401125,33.717598],[-109.40123,33.717537],[-109.401486,33.717345],[-109.401569,33.717263],[-109.401646,33.717178],[-109.401705,33.717082],[-109.401776,33.716953],[-109.401804,33.716885],[-109.401853,33.716786],[-109.401891,33.716722],[-109.402021,33.716537],[-109.402201,33.716337],[-109.402246,33.716276],[-109.402353,33.716165],[-109.402521,33.715958],[-109.402657,33.715819],[-109.40275,33.715699],[-109.402879,33.715513],[-109.402928,33.715454],[-109.4031,33.715206],[-109.40329,33.714847],[-109.403495,33.714381],[-109.403622,33.714117],[-109.403658,33.714053],[-109.403705,33.713955],[-109.403746,33.713855],[-109.403756,33.71382],[-109.403822,33.71369],[-109.403864,33.713589],[-109.40392,33.713419],[-109.403935,33.713386],[-109.403989,33.713214],[-109.404032,33.713114],[-109.40405,33.713082],[-109.404096,33.712836],[-109.40412,33.712768],[-109.404207,33.712418],[-109.404249,33.712171],[-109.404252,33.712117],[-109.404263,33.711939],[-109.404267,33.711689],[-109.404284,33.711475],[-109.404324,33.711228],[-109.404329,33.711156],[-109.404365,33.710872],[-109.404421,33.710699],[-109.404466,33.7106],[-109.404585,33.710557],[-109.404658,33.710518],[-109.404777,33.710475],[-109.404941,33.710428],[-109.405107,33.710391],[-109.405237,33.710383],[-109.405453,33.71039],[-109.405537,33.710403],[-109.4057,33.710451],[-109.405808,33.710508],[-109.40594,33.710602],[-109.40596,33.710633],[-109.40601,33.710691],[-109.406119,33.710801],[-109.406287,33.711008],[-109.406398,33.711162],[-109.406448,33.71122],[-109.406488,33.711283],[-109.406513,33.711312],[-109.406544,33.711337],[-109.406579,33.711358],[-109.406804,33.711463],[-109.406877,33.711502],[-109.406968,33.711578],[-109.407036,33.711668],[-109.407058,33.711713],[-109.407216,33.711985],[-109.407247,33.712051],[-109.407301,33.712148],[-109.407382,33.712274],[-109.407435,33.71237],[-109.407481,33.71247],[-109.407492,33.712505],[-109.407541,33.712603],[-109.407581,33.712665],[-109.407613,33.712731],[-109.407642,33.712836],[-109.407721,33.713039],[-109.407805,33.713317],[-109.407818,33.713387],[-109.407921,33.713734],[-109.408003,33.713937],[-109.408048,33.714037],[-109.408067,33.714069],[-109.408104,33.714171],[-109.408125,33.714203],[-109.408191,33.714333],[-109.408229,33.714397],[-109.408262,33.714463],[-109.408334,33.71463],[-109.408388,33.714726],[-109.408486,33.714884],[-109.408708,33.71519],[-109.408779,33.715279],[-109.408807,33.715306],[-109.408841,33.715328],[-109.409015,33.715486],[-109.409038,33.715517],[-109.409126,33.715595],[-109.409219,33.715669],[-109.409327,33.715728],[-109.409367,33.715743],[-109.409491,33.715772],[-109.409577,33.715775],[-109.409664,33.715772],[-109.409749,33.715761],[-109.40979,33.715751],[-109.409988,33.71568],[-109.410062,33.715644],[-109.410351,33.715485],[-109.410454,33.715422],[-109.410484,33.715397],[-109.410551,33.715353],[-109.410672,33.715254],[-109.410834,33.715139],[-109.410928,33.715067],[-109.411095,33.714906],[-109.411168,33.714818],[-109.411246,33.714692],[-109.411456,33.71419],[-109.41152,33.71402],[-109.411571,33.713846],[-109.411608,33.713671],[-109.411653,33.713426],[-109.411678,33.71325],[-109.411681,33.71318],[-109.411695,33.713074],[-109.411731,33.712934],[-109.41175,33.712829],[-109.411755,33.712758],[-109.411783,33.712618],[-109.411816,33.712407],[-109.411816,33.712372],[-109.411852,33.712126],[-109.411867,33.711878],[-109.411869,33.711736],[-109.411875,33.711665],[-109.411877,33.711523],[-109.411888,33.711453],[-109.411893,33.711347],[-109.411889,33.711309],[-109.411897,33.711203],[-109.411912,33.711097],[-109.411928,33.71092],[-109.41196,33.710743],[-109.411967,33.710672],[-109.411971,33.710458],[-109.411988,33.71028],[-109.411988,33.710209],[-109.412024,33.710032],[-109.412045,33.709963],[-109.412078,33.709823],[-109.41213,33.709541],[-109.412166,33.709402],[-109.412229,33.709122],[-109.412251,33.709053],[-109.412287,33.708842],[-109.412364,33.708676],[-109.412417,33.708541],[-109.412471,33.708444],[-109.412523,33.708388],[-109.412581,33.708335],[-109.412724,33.708254],[-109.41303,33.708121],[-109.413268,33.708034],[-109.413349,33.708011],[-109.413516,33.707971],[-109.413637,33.707932],[-109.413764,33.707909],[-109.413935,33.707884],[-109.414193,33.707861],[-109.414323,33.707853],[-109.414366,33.707856],[-109.414453,33.707852],[-109.414582,33.707852],[-109.414841,33.707877],[-109.415007,33.707916],[-109.415206,33.707987],[-109.415396,33.708072],[-109.415722,33.708248],[-109.415896,33.708361],[-109.415929,33.708385],[-109.415954,33.708413],[-109.415975,33.708445],[-109.416007,33.708511],[-109.416053,33.708571],[-109.416119,33.708618],[-109.416274,33.708681],[-109.416316,33.708692],[-109.416442,33.708715],[-109.416614,33.708733],[-109.416827,33.708762],[-109.416999,33.70878],[-109.417085,33.708783],[-109.417129,33.70878],[-109.41717,33.70877],[-109.41721,33.708755],[-109.417251,33.708753],[-109.417416,33.708795],[-109.417501,33.708809],[-109.417667,33.708847],[-109.41771,33.708851],[-109.417917,33.708903],[-109.418038,33.708941],[-109.4181,33.708965],[-109.418137,33.708984],[-109.418205,33.709028],[-109.418354,33.709157],[-109.418406,33.709214],[-109.418475,33.709305],[-109.418515,33.709369],[-109.418541,33.709437],[-109.418558,33.709507],[-109.418576,33.709685],[-109.418614,33.709787],[-109.418687,33.709916],[-109.41876,33.710003],[-109.418901,33.710138],[-109.418932,33.710162],[-109.419135,33.710347],[-109.41938,33.710545],[-109.419446,33.71059],[-109.419596,33.710718],[-109.41983,33.710928],[-109.42012,33.71114],[-109.420189,33.711182],[-109.420252,33.71123],[-109.420348,33.711289],[-109.420672,33.711526],[-109.420741,33.711568],[-109.420773,33.711593],[-109.420916,33.711672],[-109.420982,33.711718],[-109.421067,33.711767],[-109.421304,33.711852],[-109.421427,33.711887],[-109.42147,33.711894],[-109.421642,33.711908],[-109.421816,33.711913],[-109.421944,33.711892],[-109.42216,33.711889],[-109.422287,33.711865],[-109.422369,33.711843],[-109.422408,33.711829],[-109.422479,33.711788],[-109.422541,33.711738],[-109.422603,33.711644],[-109.422629,33.71158],[-109.422677,33.711482],[-109.422687,33.711448],[-109.422717,33.711381],[-109.422741,33.711314],[-109.42277,33.71121],[-109.422782,33.71114],[-109.422788,33.711069],[-109.422839,33.710824],[-109.422847,33.710683],[-109.422868,33.710542],[-109.422905,33.710439],[-109.42294,33.710374],[-109.422964,33.710344],[-109.423019,33.710288],[-109.423085,33.710243],[-109.423159,33.710206],[-109.423279,33.710165],[-109.423446,33.710128],[-109.423576,33.710126],[-109.4237,33.710157],[-109.42382,33.710199],[-109.424003,33.710294],[-109.424107,33.710358],[-109.424144,33.710377],[-109.424246,33.710443],[-109.424354,33.710503],[-109.42442,33.710548],[-109.424672,33.710687],[-109.424807,33.710776],[-109.424869,33.710826],[-109.424937,33.710871],[-109.42515,33.710992],[-109.425218,33.711036],[-109.425248,33.711061],[-109.425319,33.711101],[-109.42549,33.711209],[-109.42567,33.711359],[-109.425778,33.711469],[-109.425841,33.711516],[-109.425989,33.711644],[-109.426072,33.711725],[-109.426256,33.711923],[-109.426381,33.712021],[-109.426517,33.712109],[-109.426556,33.712124],[-109.426638,33.712148],[-109.426767,33.712158],[-109.426853,33.712155],[-109.426939,33.712146],[-109.427108,33.712114],[-109.427229,33.712075],[-109.427452,33.711966],[-109.427522,33.711923],[-109.427559,33.711906],[-109.427666,33.711845],[-109.427733,33.711801],[-109.427908,33.711702],[-109.42795,33.711691],[-109.428026,33.711659],[-109.428187,33.711607],[-109.428224,33.711589],[-109.428536,33.711473],[-109.428727,33.711391],[-109.428798,33.711354],[-109.428917,33.711311],[-109.428999,33.711287],[-109.429165,33.711248],[-109.429205,33.711234],[-109.42929,33.711221],[-109.429456,33.711186],[-109.429542,33.711178],[-109.429583,33.711167],[-109.429654,33.711156],[-109.429697,33.711154],[-109.429739,33.711145],[-109.429912,33.711146],[-109.429954,33.711152],[-109.430128,33.711155],[-109.430255,33.711171],[-109.430297,33.711181],[-109.430381,33.711189],[-109.430762,33.71124],[-109.431019,33.711267],[-109.431061,33.711276],[-109.431364,33.71127],[-109.431623,33.711255],[-109.431709,33.711243],[-109.431752,33.711242],[-109.432138,33.711197],[-109.432441,33.711206],[-109.432569,33.711218],[-109.432696,33.71124],[-109.43295,33.711277],[-109.433116,33.711317],[-109.433285,33.711347],[-109.433368,33.711367],[-109.433696,33.711459],[-109.433905,33.711507],[-109.434146,33.711585],[-109.434309,33.711632],[-109.434668,33.711753],[-109.434706,33.71177],[-109.434786,33.711797],[-109.434901,33.711846],[-109.435267,33.712036],[-109.435445,33.712138],[-109.435685,33.71229],[-109.43575,33.712336],[-109.435887,33.712424],[-109.436118,33.712583],[-109.436187,33.712626],[-109.436297,33.712682],[-109.436453,33.712742],[-109.436493,33.712754],[-109.436647,33.712816],[-109.436688,33.712827],[-109.436817,33.71284],[-109.436945,33.712836],[-109.437031,33.712827],[-109.437156,33.712799],[-109.437477,33.7127],[-109.437552,33.712665],[-109.437668,33.712619],[-109.43787,33.712555],[-109.437912,33.712546],[-109.437997,33.712537],[-109.43804,33.712536],[-109.438125,33.712546],[-109.438169,33.712545],[-109.438292,33.712575],[-109.438331,33.712591],[-109.438472,33.712672],[-109.438525,33.712729],[-109.438589,33.712776],[-109.438724,33.712865],[-109.438795,33.712905],[-109.43887,33.712939],[-109.438969,33.712973],[-109.439149,33.713034],[-109.439233,33.713067],[-109.439357,33.713098],[-109.439526,33.713127],[-109.439697,33.713149],[-109.439993,33.713202],[-109.440423,33.713232],[-109.440682,33.713221],[-109.440939,33.713194],[-109.441112,33.713181],[-109.441495,33.713127],[-109.4417,33.713073],[-109.441742,33.713066],[-109.441782,33.713052],[-109.44185,33.713008],[-109.44188,33.712982],[-109.441929,33.712924],[-109.442049,33.712734],[-109.442149,33.712618],[-109.442178,33.712591],[-109.442226,33.712532],[-109.442433,33.712218],[-109.442491,33.712122],[-109.44254,33.712023],[-109.442729,33.711586],[-109.442828,33.711388],[-109.442954,33.711201],[-109.443044,33.711088],[-109.4431,33.711034],[-109.443201,33.710967],[-109.44331,33.710908],[-109.443379,33.710865],[-109.443509,33.710771],[-109.443717,33.710642],[-109.44379,33.710604],[-109.443866,33.71057],[-109.444069,33.710509],[-109.444195,33.710484],[-109.444452,33.710452],[-109.444754,33.710434],[-109.445013,33.710434],[-109.445227,33.710462],[-109.445353,33.710487],[-109.445561,33.710535],[-109.445685,33.710568],[-109.445806,33.710606],[-109.445848,33.710613],[-109.446132,33.710699],[-109.446174,33.710708],[-109.446373,33.710779],[-109.44661,33.71087],[-109.446725,33.710919],[-109.447081,33.71105],[-109.447163,33.711074],[-109.447232,33.711099],[-109.4475,33.711204],[-109.447581,33.71123],[-109.447707,33.711255],[-109.447793,33.711263],[-109.448009,33.711274],[-109.448095,33.711275],[-109.448181,33.711266],[-109.448385,33.711206],[-109.448613,33.711106],[-109.448757,33.711027],[-109.448823,33.710982],[-109.449001,33.71088],[-109.449103,33.710815],[-109.449199,33.710743],[-109.449521,33.710453],[-109.449595,33.710366],[-109.449684,33.710244],[-109.449733,33.710185],[-109.449795,33.710065],[-109.449825,33.709998],[-109.449853,33.709895],[-109.449852,33.709859],[-109.449801,33.709651],[-109.449753,33.709516],[-109.449712,33.709378],[-109.449707,33.709343],[-109.449678,33.709221],[-109.449655,33.70901],[-109.449603,33.708838],[-109.449586,33.708768],[-109.449551,33.70852],[-109.449541,33.708485],[-109.449456,33.708404],[-109.449354,33.708338],[-109.44928,33.708301],[-109.449237,33.708293],[-109.449151,33.708288],[-109.449022,33.708298],[-109.448856,33.708338],[-109.448775,33.708364],[-109.448657,33.708409],[-109.44839,33.708526],[-109.448192,33.708597],[-109.447958,33.708689],[-109.447768,33.708774],[-109.447653,33.708821],[-109.447544,33.708879],[-109.447469,33.708913],[-109.447208,33.709097],[-109.447102,33.709158],[-109.447035,33.709202],[-109.446938,33.709273],[-109.446799,33.709358],[-109.44667,33.709328],[-109.446591,33.709309],[-109.446542,33.709298],[-109.446207,33.709219],[-109.44611,33.709196],[-109.446062,33.709084],[-109.445869,33.708632],[-109.445852,33.708614],[-109.445845,33.708576],[-109.445836,33.708553],[-109.445898,33.708444],[-109.445935,33.708401],[-109.445948,33.708386],[-109.446009,33.708336],[-109.44612,33.708279],[-109.446205,33.708269],[-109.446292,33.708274],[-109.446591,33.708316],[-109.446635,33.708319],[-109.446721,33.708314],[-109.446803,33.708291],[-109.446842,33.708275],[-109.447015,33.708168],[-109.447111,33.708096],[-109.447167,33.708042],[-109.447365,33.707905],[-109.44746,33.707832],[-109.447766,33.707579],[-109.447943,33.707423],[-109.448286,33.707149],[-109.448636,33.706881],[-109.448817,33.706728],[-109.448912,33.706654],[-109.449046,33.706565],[-109.449116,33.706525],[-109.44939,33.706353],[-109.449535,33.706277],[-109.449742,33.706151],[-109.449875,33.706061],[-109.449912,33.706042],[-109.450048,33.705956],[-109.450483,33.705663],[-109.450612,33.705568],[-109.450769,33.705444],[-109.451164,33.705165],[-109.451437,33.704937],[-109.451675,33.70473],[-109.451954,33.704507],[-109.452239,33.704287],[-109.452391,33.70416],[-109.45261,33.703987],[-109.452732,33.703885],[-109.452842,33.703776],[-109.45301,33.703636],[-109.45303,33.703618],[-109.45313,33.703511],[-109.453254,33.703364],[-109.453334,33.70328],[-109.453392,33.703227],[-109.453518,33.703082],[-109.453903,33.702565],[-109.454072,33.702315],[-109.454204,33.702131],[-109.4543,33.701972],[-109.454345,33.701911],[-109.454475,33.701687],[-109.454627,33.701316],[-109.454701,33.701111],[-109.454794,33.700911],[-109.454805,33.700877],[-109.454837,33.70081],[-109.454887,33.700671],[-109.454903,33.700638],[-109.454984,33.700512],[-109.454998,33.700478],[-109.455052,33.700381],[-109.455263,33.700113],[-109.455523,33.699828],[-109.45574,33.699605],[-109.455832,33.699529],[-109.455941,33.699419],[-109.456168,33.699253],[-109.456272,33.699188],[-109.456428,33.699109],[-109.456597,33.698999],[-109.456704,33.698938],[-109.456814,33.698882],[-109.456884,33.698841],[-109.457072,33.698754],[-109.457265,33.698673],[-109.457467,33.69861],[-109.457666,33.698542],[-109.457871,33.698485],[-109.457997,33.69846],[-109.45812,33.698424],[-109.458289,33.698392],[-109.458414,33.698363],[-109.458584,33.698334],[-109.458712,33.698319],[-109.458754,33.69831],[-109.458873,33.698267],[-109.459065,33.698187],[-109.459244,33.698087],[-109.459345,33.698022],[-109.459475,33.69793],[-109.459753,33.697763],[-109.460055,33.697566],[-109.460199,33.697487],[-109.46034,33.697404],[-109.46039,33.697369],[-109.460406,33.697358],[-109.460834,33.697116],[-109.461078,33.696967],[-109.461418,33.696746],[-109.461482,33.696698],[-109.461621,33.696561],[-109.461696,33.696473],[-109.461738,33.696412],[-109.461784,33.696311],[-109.461809,33.696243],[-109.461828,33.696137],[-109.461911,33.695827],[-109.461924,33.695758],[-109.46196,33.69562],[-109.462003,33.69541],[-109.462023,33.695162],[-109.462026,33.695055],[-109.462016,33.694841],[-109.461993,33.694737],[-109.46196,33.694634],[-109.46185,33.694366],[-109.461842,33.694331],[-109.461805,33.694229],[-109.461758,33.69413],[-109.461705,33.693995],[-109.461672,33.693892],[-109.461637,33.693682],[-109.461615,33.693577],[-109.461598,33.693435],[-109.461597,33.693364],[-109.461615,33.693222],[-109.46165,33.693119],[-109.46168,33.693052],[-109.461717,33.692988],[-109.461762,33.692927],[-109.461847,33.692847],[-109.461967,33.692745],[-109.462002,33.692723],[-109.462111,33.692666],[-109.462267,33.692603],[-109.462389,33.69257],[-109.462641,33.692523],[-109.462769,33.692505],[-109.463071,33.692484],[-109.463327,33.692508],[-109.463453,33.692531],[-109.463702,33.692591],[-109.463783,33.692617],[-109.4639,33.692662],[-109.464128,33.692763],[-109.464308,33.692863],[-109.464455,33.692935],[-109.464576,33.692973],[-109.464661,33.692988],[-109.464832,33.693003],[-109.465044,33.693002],[-109.465128,33.692994],[-109.465344,33.693002],[-109.465512,33.69303],[-109.465672,33.693081],[-109.46571,33.693099],[-109.465947,33.693183],[-109.466112,33.693225],[-109.466354,33.693298],[-109.466599,33.693366],[-109.466797,33.693435],[-109.46696,33.69348],[-109.467112,33.693531],[-109.467227,33.693579],[-109.467621,33.693723],[-109.467733,33.693777],[-109.468015,33.693867],[-109.468054,33.693883],[-109.468163,33.69394],[-109.468264,33.694007],[-109.468349,33.694086],[-109.468507,33.694255],[-109.468603,33.694374],[-109.468667,33.694466],[-109.468702,33.694531],[-109.468813,33.694684],[-109.468931,33.694874],[-109.469022,33.694996],[-109.469151,33.695182],[-109.469311,33.695395],[-109.469463,33.695569],[-109.46955,33.695692],[-109.469697,33.695869],[-109.469856,33.696038],[-109.469999,33.696173],[-109.470148,33.696295],[-109.47018,33.696319],[-109.470237,33.696371],[-109.47039,33.696494],[-109.470478,33.69657],[-109.470603,33.696666],[-109.470815,33.696789],[-109.470925,33.696844],[-109.470965,33.696857],[-109.47108,33.696908],[-109.471163,33.696924],[-109.471203,33.696936],[-109.471544,33.696978],[-109.47163,33.696977],[-109.471801,33.696964],[-109.471887,33.696961],[-109.472271,33.696923],[-109.472482,33.696887],[-109.472691,33.696843],[-109.472811,33.696802],[-109.472918,33.696743],[-109.473046,33.696646],[-109.473103,33.696593],[-109.473165,33.696544],[-109.473366,33.696408],[-109.47346,33.696335],[-109.473488,33.696307],[-109.473673,33.696158],[-109.473868,33.696017],[-109.474021,33.69595],[-109.474129,33.695892],[-109.474198,33.695848],[-109.474415,33.695675],[-109.474503,33.695597],[-109.474606,33.695483],[-109.474687,33.695356],[-109.474747,33.695231],[-109.474762,33.695197],[-109.474841,33.694957],[-109.474848,33.694921],[-109.4749,33.694748],[-109.474934,33.694573],[-109.475018,33.69437],[-109.475058,33.694307],[-109.475104,33.694169],[-109.475211,33.693641],[-109.475256,33.693251],[-109.475263,33.693072],[-109.475262,33.692965],[-109.475251,33.692789],[-109.475239,33.692719],[-109.475231,33.692577],[-109.4752,33.692437],[-109.475147,33.692302],[-109.475119,33.692197],[-109.475073,33.691914],[-109.475058,33.691843],[-109.475007,33.691488],[-109.474959,33.690989],[-109.47496,33.690811],[-109.474984,33.690633],[-109.475028,33.690532],[-109.475071,33.69047],[-109.475126,33.690415],[-109.475189,33.690366],[-109.475262,33.690327],[-109.475421,33.690269],[-109.475504,33.69025],[-109.475716,33.690216],[-109.47593,33.690191],[-109.476059,33.690184],[-109.476102,33.690185],[-109.477046,33.69014],[-109.477089,33.690141],[-109.477154,33.69015],[-109.477197,33.690153],[-109.477239,33.690161],[-109.477323,33.69017],[-109.477441,33.690206],[-109.477479,33.690223],[-109.477557,33.690247],[-109.477592,33.690266],[-109.477667,33.690298],[-109.477772,33.69036],[-109.477865,33.690434],[-109.477922,33.690486],[-109.477947,33.690516],[-109.478006,33.690611],[-109.478038,33.690678],[-109.478083,33.690738],[-109.478183,33.690839],[-109.478343,33.691059],[-109.478485,33.691258],[-109.478687,33.691354],[-109.47886,33.691395],[-109.478899,33.691397],[-109.479059,33.691405],[-109.479201,33.691394],[-109.479213,33.691393],[-109.479374,33.691372],[-109.479455,33.691397],[-109.479623,33.691432],[-109.479752,33.691449],[-109.479838,33.691454],[-109.479881,33.691453],[-109.480135,33.69141],[-109.480267,33.691361],[-109.480306,33.691347],[-109.48042,33.691295],[-109.480493,33.691257],[-109.480732,33.691104],[-109.480816,33.691023],[-109.480945,33.69088],[-109.481028,33.690755],[-109.48108,33.690657],[-109.481093,33.690623],[-109.481115,33.690518],[-109.481122,33.690411],[-109.481086,33.690308],[-109.481057,33.690204],[-109.48102,33.69014],[-109.480972,33.690077],[-109.480949,33.690046],[-109.480915,33.689985],[-109.480833,33.689863],[-109.48081,33.689829],[-109.480786,33.68976],[-109.480742,33.68966],[-109.480687,33.68945],[-109.48063,33.689278],[-109.480569,33.689144],[-109.480483,33.688981],[-109.480404,33.688815],[-109.480314,33.688693],[-109.48013,33.68841],[-109.480086,33.688309],[-109.48002,33.688102],[-109.480013,33.687923],[-109.480015,33.687887],[-109.480047,33.687784],[-109.480113,33.687652],[-109.480179,33.68756],[-109.480251,33.68747],[-109.480385,33.687329],[-109.480432,33.68727],[-109.480486,33.687213],[-109.480516,33.687188],[-109.480654,33.68705],[-109.480712,33.686998],[-109.480927,33.686822],[-109.481054,33.686724],[-109.481156,33.686658],[-109.481262,33.686597],[-109.481489,33.686497],[-109.481608,33.686455],[-109.481776,33.686423],[-109.481861,33.686415],[-109.481947,33.686422],[-109.482071,33.686448],[-109.482152,33.686473],[-109.482191,33.686489],[-109.482227,33.686509],[-109.482325,33.686579],[-109.482394,33.686637],[-109.482437,33.686633],[-109.48248,33.686635],[-109.482518,33.686652],[-109.482575,33.686703],[-109.482598,33.686731],[-109.482719,33.68683],[-109.482774,33.686882],[-109.482811,33.686901],[-109.482868,33.686952],[-109.482989,33.687084],[-109.48305,33.687085],[-109.483136,33.687075],[-109.483262,33.687051],[-109.483302,33.68704],[-109.48334,33.687022],[-109.483409,33.686979],[-109.483506,33.686908],[-109.483559,33.686851],[-109.483646,33.686728],[-109.483682,33.686663],[-109.483708,33.686558],[-109.483719,33.686452],[-109.4837,33.686346],[-109.483637,33.686175],[-109.483589,33.685964],[-109.483569,33.685894],[-109.483553,33.685861],[-109.48349,33.685813],[-109.483351,33.685728],[-109.483203,33.685654],[-109.483012,33.685571],[-109.482892,33.685529],[-109.482806,33.685541],[-109.482763,33.685537],[-109.482556,33.685488],[-109.48245,33.685427],[-109.482251,33.685301],[-109.482219,33.685277],[-109.482148,33.685238],[-109.482083,33.685191],[-109.48203,33.685136],[-109.482007,33.685106],[-109.481874,33.684967],[-109.481705,33.684761],[-109.481567,33.684624],[-109.481429,33.684443],[-109.481325,33.684286],[-109.481288,33.684222],[-109.481262,33.684154],[-109.481244,33.684122],[-109.481224,33.684052],[-109.481219,33.684017],[-109.481223,33.683945],[-109.481235,33.683911],[-109.481317,33.683746],[-109.481397,33.683619],[-109.481452,33.683522],[-109.481498,33.683462],[-109.481537,33.683398],[-109.481618,33.683233],[-109.481643,33.683165],[-109.481879,33.682744],[-109.481906,33.682676],[-109.481961,33.682579],[-109.482047,33.682456],[-109.4821,33.682358],[-109.482166,33.682189],[-109.482249,33.682024],[-109.482276,33.681956],[-109.482296,33.681887],[-109.482323,33.681819],[-109.482373,33.68161],[-109.482386,33.681503],[-109.48243,33.681293],[-109.482437,33.681186],[-109.482456,33.681081],[-109.482467,33.680975],[-109.482463,33.680904],[-109.482466,33.680869],[-109.482494,33.680729],[-109.482514,33.680587],[-109.48255,33.680411],[-109.482564,33.680305],[-109.482585,33.680199],[-109.482611,33.680022],[-109.482633,33.679703],[-109.482632,33.679455],[-109.482646,33.679314],[-109.482653,33.679279],[-109.482673,33.678996],[-109.482674,33.678889],[-109.482667,33.678819],[-109.482665,33.678693],[-109.482688,33.678194],[-109.482682,33.678051],[-109.482691,33.677801],[-109.482712,33.677588],[-109.482731,33.677159],[-109.48272,33.676874],[-109.482725,33.676517],[-109.482733,33.676374],[-109.482758,33.676161],[-109.482777,33.676056],[-109.482851,33.675816],[-109.482929,33.675539],[-109.482995,33.675395],[-109.483041,33.675258],[-109.483083,33.675156],[-109.483187,33.674961],[-109.483231,33.674899],[-109.483289,33.674803],[-109.483481,33.674444],[-109.483577,33.674246],[-109.483637,33.674151],[-109.483739,33.673954],[-109.48383,33.673754],[-109.483875,33.673617],[-109.483933,33.673299],[-109.483962,33.673195],[-109.483967,33.673159],[-109.483995,33.673054],[-109.483993,33.672983],[-109.484008,33.67284],[-109.484011,33.672734],[-109.483992,33.672628],[-109.483953,33.672526],[-109.483901,33.672428],[-109.483785,33.672277],[-109.483732,33.672221],[-109.48367,33.672171],[-109.483463,33.67204],[-109.483179,33.67188],[-109.483041,33.671795],[-109.48298,33.671745],[-109.482779,33.67156],[-109.482716,33.671511],[-109.48256,33.671342],[-109.482439,33.671194],[-109.482165,33.670919],[-109.482142,33.670888],[-109.481795,33.670526],[-109.481577,33.670307],[-109.481503,33.67022],[-109.481447,33.670167],[-109.481283,33.669959],[-109.481177,33.669848],[-109.481029,33.669673],[-109.480873,33.669505],[-109.480716,33.669292],[-109.480596,33.669144],[-109.480483,33.668952],[-109.48038,33.668794],[-109.480325,33.668698],[-109.480278,33.668598],[-109.480209,33.668468],[-109.480108,33.66831],[-109.480074,33.668244],[-109.480004,33.668076],[-109.479955,33.667978],[-109.479822,33.667754],[-109.479808,33.66772],[-109.479772,33.667656],[-109.479744,33.667588],[-109.479715,33.667484],[-109.479676,33.667382],[-109.479639,33.667243],[-109.479613,33.667066],[-109.479597,33.666888],[-109.47959,33.666745],[-109.479616,33.666461],[-109.479619,33.666354],[-109.479612,33.666176],[-109.479623,33.665852],[-109.479643,33.665639],[-109.479648,33.665425],[-109.479662,33.665176],[-109.479664,33.665033],[-109.479657,33.664819],[-109.479663,33.664604],[-109.479679,33.664498],[-109.479701,33.664393],[-109.479717,33.664143],[-109.479731,33.664037],[-109.479759,33.663896],[-109.479765,33.663826],[-109.479787,33.66372],[-109.479806,33.663651],[-109.479842,33.663548],[-109.47992,33.663382],[-109.479967,33.663322],[-109.480006,33.663258],[-109.480106,33.663142],[-109.480271,33.662976],[-109.480374,33.662861],[-109.480648,33.662634],[-109.480777,33.662539],[-109.481026,33.662341],[-109.481221,33.662202],[-109.481464,33.662051],[-109.481677,33.661928],[-109.482004,33.661755],[-109.48222,33.661636],[-109.482554,33.661472],[-109.482837,33.661384],[-109.483003,33.661343],[-109.483256,33.661297],[-109.483428,33.661285],[-109.483558,33.661286],[-109.483644,33.661292],[-109.483777,33.661319],[-109.483936,33.661375],[-109.484053,33.661423],[-109.484126,33.66146],[-109.484398,33.661637],[-109.48446,33.661687],[-109.484517,33.66174],[-109.48458,33.66179],[-109.484695,33.661895],[-109.484885,33.662041],[-109.485023,33.662127],[-109.485131,33.662185],[-109.485209,33.662217],[-109.485415,33.662271],[-109.485544,33.662285],[-109.485587,33.662286],[-109.485673,33.662281],[-109.485802,33.662267],[-109.485929,33.662246],[-109.48597,33.662233],[-109.486006,33.662214],[-109.486127,33.662111],[-109.486147,33.662079],[-109.486194,33.661979],[-109.486239,33.661841],[-109.486312,33.661673],[-109.486346,33.661497],[-109.48634,33.661426],[-109.486342,33.66139],[-109.486296,33.661253],[-109.48625,33.661153],[-109.48615,33.661007],[-109.486015,33.660868],[-109.485803,33.660689],[-109.485708,33.660617],[-109.485509,33.660481],[-109.485306,33.66035],[-109.485199,33.66029],[-109.484756,33.660066],[-109.484605,33.659996],[-109.484527,33.659966],[-109.48438,33.659891],[-109.484205,33.659787],[-109.484168,33.659769],[-109.484065,33.659704],[-109.483906,33.659583],[-109.483801,33.65947],[-109.483754,33.65941],[-109.483736,33.659377],[-109.483728,33.659342],[-109.48372,33.659271],[-109.483738,33.659165],[-109.483787,33.659028],[-109.483869,33.658863],[-109.483989,33.658483],[-109.484004,33.658413],[-109.484021,33.658271],[-109.484037,33.658201],[-109.484049,33.658167],[-109.484065,33.658061],[-109.484075,33.657954],[-109.484076,33.657776],[-109.484054,33.657599],[-109.484036,33.657529],[-109.484012,33.657461],[-109.483993,33.657391],[-109.483945,33.657291],[-109.483922,33.657261],[-109.483809,33.657153],[-109.483769,33.65709],[-109.483672,33.656972],[-109.483634,33.656908],[-109.48357,33.656816],[-109.483545,33.656787],[-109.48346,33.656664],[-109.483252,33.656436],[-109.48306,33.656293],[-109.482921,33.656209],[-109.48269,33.656114],[-109.482649,33.656101],[-109.482442,33.65605],[-109.482361,33.656024],[-109.482325,33.656005],[-109.482227,33.655935],[-109.482155,33.655898],[-109.481769,33.655612],[-109.481742,33.655585],[-109.48167,33.655496],[-109.481643,33.655429],[-109.48163,33.655359],[-109.481609,33.655182],[-109.481618,33.655112],[-109.481655,33.654936],[-109.4817,33.654836],[-109.481774,33.654748],[-109.48183,33.654694],[-109.481908,33.654609],[-109.481999,33.654534],[-109.482033,33.654512],[-109.482159,33.654415],[-109.482238,33.65436],[-109.482324,33.654301],[-109.482427,33.654235],[-109.482539,33.654184],[-109.482616,33.654155],[-109.482778,33.654104],[-109.482934,33.654071],[-109.483151,33.654081],[-109.483365,33.654103],[-109.483407,33.654111],[-109.483488,33.654134],[-109.483681,33.654214],[-109.483822,33.654296],[-109.48388,33.654349],[-109.483913,33.654371],[-109.484179,33.654603],[-109.484435,33.654889],[-109.484667,33.655098],[-109.484691,33.655128],[-109.4848,33.655239],[-109.484929,33.655381],[-109.485041,33.65549],[-109.485197,33.655612],[-109.485328,33.655704],[-109.485504,33.655861],[-109.485636,33.656001],[-109.485766,33.656096],[-109.48589,33.656194],[-109.485917,33.656221],[-109.486014,33.656293],[-109.486048,33.656314],[-109.48611,33.656364],[-109.486214,33.656429],[-109.486329,33.656478],[-109.486454,33.656506],[-109.486581,33.656527],[-109.48684,33.656548],[-109.486969,33.656548],[-109.487228,33.656534],[-109.487571,33.656492],[-109.487697,33.656468],[-109.487888,33.656385],[-109.488036,33.656313],[-109.488065,33.656286],[-109.488273,33.656161],[-109.488337,33.656113],[-109.488467,33.655971],[-109.488806,33.655514],[-109.488864,33.655443],[-109.488999,33.655304],[-109.489085,33.655224],[-109.489157,33.655184],[-109.489235,33.655153],[-109.489476,33.655074],[-109.489645,33.655044],[-109.489688,33.655041],[-109.48986,33.655053],[-109.489987,33.655073],[-109.49007,33.655093],[-109.490188,33.655137],[-109.490294,33.655197],[-109.490387,33.65527],[-109.490472,33.65535],[-109.490658,33.655546],[-109.490681,33.655576],[-109.490789,33.655686],[-109.490861,33.655774],[-109.490876,33.655808],[-109.490891,33.655878],[-109.490913,33.655946],[-109.490924,33.656017],[-109.490925,33.656052],[-109.4909,33.656193],[-109.490873,33.656261],[-109.490811,33.656355],[-109.490728,33.656436],[-109.490598,33.65653],[-109.490458,33.656614],[-109.490359,33.656683],[-109.49033,33.656709],[-109.49028,33.656767],[-109.490193,33.65689],[-109.490156,33.656954],[-109.489908,33.657328],[-109.48982,33.657451],[-109.489801,33.657484],[-109.48974,33.657616],[-109.489686,33.657712],[-109.48954,33.657931],[-109.489426,33.658122],[-109.489371,33.658256],[-109.489351,33.658326],[-109.489289,33.658606],[-109.489295,33.658677],[-109.489313,33.658782],[-109.489333,33.658813],[-109.489385,33.658869],[-109.489406,33.6589],[-109.489498,33.658976],[-109.48957,33.659015],[-109.489694,33.659048],[-109.489954,33.659048],[-109.489996,33.659043],[-109.490206,33.658997],[-109.490324,33.658952],[-109.490432,33.658894],[-109.490788,33.658763],[-109.490826,33.658746],[-109.490895,33.658703],[-109.490968,33.658665],[-109.491142,33.658558],[-109.49118,33.658541],[-109.491287,33.658481],[-109.491552,33.658296],[-109.491613,33.658245],[-109.491739,33.6581],[-109.49183,33.657975],[-109.491844,33.657941],[-109.491897,33.657843],[-109.491986,33.657721],[-109.492004,33.657688],[-109.492157,33.657473],[-109.492278,33.657325],[-109.492405,33.657181],[-109.492521,33.65703],[-109.492562,33.656967],[-109.492701,33.656786],[-109.492737,33.656721],[-109.492778,33.656658],[-109.492825,33.656598],[-109.492883,33.656503],[-109.492915,33.656436],[-109.492936,33.656367],[-109.492938,33.656331],[-109.49295,33.656261],[-109.492952,33.656154],[-109.492934,33.655941],[-109.49288,33.65559],[-109.492857,33.655378],[-109.492859,33.655183],[-109.492865,33.655148],[-109.492926,33.654977],[-109.493049,33.654711],[-109.493074,33.654681],[-109.493171,33.654522],[-109.493303,33.654338],[-109.493447,33.65416],[-109.493548,33.654043],[-109.493706,33.653874],[-109.493817,33.653766],[-109.493906,33.653688],[-109.49415,33.653487],[-109.494379,33.653323],[-109.494889,33.652992],[-109.495106,33.652877],[-109.49518,33.652842],[-109.495321,33.65276],[-109.495429,33.652702],[-109.49544,33.652697],[-109.49544,33.65261],[-109.49544,33.648497],[-109.495443,33.647301],[-109.495443,33.647183],[-109.495443,33.647167],[-109.495442,33.641684],[-109.495466,33.641393],[-109.495483,33.641131],[-109.495527,33.640443],[-109.495555,33.640002],[-109.495555,33.63989],[-109.495556,33.638905],[-109.495556,33.638124],[-109.495556,33.637212],[-109.495556,33.636155],[-109.495556,33.635483],[-109.495557,33.634432],[-109.495557,33.633518],[-109.49556,33.633402],[-109.495557,33.632932],[-109.495557,33.631855],[-109.495558,33.62981],[-109.495556,33.629454],[-109.495558,33.62936],[-109.49556,33.629258],[-109.495558,33.629038],[-109.495556,33.628557],[-109.495558,33.627044],[-109.495558,33.626443],[-109.495563,33.610992],[-109.495556,33.606676],[-109.495563,33.604316],[-109.495564,33.601023],[-109.495564,33.598818],[-109.495564,33.598315],[-109.495565,33.596503],[-109.495565,33.596083],[-109.495565,33.596056],[-109.495565,33.595431],[-109.495562,33.595174],[-109.495565,33.594872],[-109.495565,33.594034],[-109.495565,33.593768],[-109.495566,33.592016],[-109.495566,33.589309],[-109.495567,33.586774],[-109.495567,33.585326],[-109.495567,33.584178],[-109.495567,33.583713],[-109.495567,33.58306],[-109.495568,33.582806],[-109.495568,33.581055],[-109.495568,33.580955],[-109.495568,33.580495],[-109.495568,33.579859],[-109.495568,33.579654],[-109.495568,33.579641],[-109.495568,33.579521],[-109.495568,33.579403],[-109.495568,33.579222],[-109.495568,33.579137],[-109.495568,33.578993],[-109.495568,33.578892],[-109.495568,33.578675],[-109.495569,33.578032],[-109.495569,33.577777],[-109.495569,33.577423],[-109.495569,33.576409],[-109.495569,33.575825],[-109.495569,33.575696],[-109.495569,33.575602],[-109.495569,33.574375],[-109.495569,33.574217],[-109.495569,33.573499],[-109.49557,33.573346],[-109.49557,33.572594],[-109.49557,33.571804],[-109.49557,33.571659],[-109.49557,33.57122],[-109.49557,33.571023],[-109.49557,33.570671],[-109.49557,33.570401],[-109.49557,33.568999],[-109.495571,33.568573],[-109.495571,33.566758],[-109.495571,33.564449],[-109.495572,33.560103],[-109.495578,33.554283],[-109.495574,33.552935],[-109.495575,33.547248],[-109.495579,33.542655],[-109.49558,33.541004],[-109.495578,33.535246],[-109.49558,33.534324],[-109.495579,33.530962],[-109.49558,33.528339],[-109.49558,33.525464],[-109.49558,33.524485],[-109.495581,33.5241],[-109.495581,33.523278],[-109.495582,33.519478],[-109.495582,33.518452],[-109.495582,33.517628],[-109.495583,33.512727],[-109.495583,33.511709],[-109.495584,33.510459],[-109.495585,33.507277],[-109.495586,33.50467],[-109.495585,33.504284],[-109.495586,33.501417],[-109.495587,33.498288],[-109.495587,33.495755],[-109.495588,33.494618],[-109.495589,33.492938],[-109.495589,33.48913],[-109.49559,33.485344],[-109.495591,33.479311],[-109.495592,33.475859],[-109.49559,33.472172],[-109.495594,33.472087],[-109.495593,33.471279],[-109.495588,33.463553],[-109.495589,33.459985],[-109.495591,33.450807],[-109.495591,33.448904],[-109.495586,33.447486],[-109.495592,33.444952],[-109.495594,33.437242],[-109.495594,33.436372],[-109.495594,33.435001],[-109.495596,33.427549],[-109.495601,33.417766],[-109.495598,33.415113],[-109.495599,33.412707],[-109.4956,33.409452],[-109.4956,33.407024],[-109.495602,33.399088],[-109.495603,33.394088],[-109.495603,33.392282],[-109.495604,33.391303],[-109.495604,33.390554],[-109.495604,33.389154],[-109.495604,33.388067],[-109.495604,33.386985],[-109.495604,33.386917],[-109.495605,33.385106],[-109.495605,33.383521],[-109.495607,33.378571],[-109.495605,33.378288],[-109.495609,33.377826],[-109.495603,33.376915],[-109.495601,33.375915],[-109.495604,33.375169],[-109.4956,33.374653],[-109.4956,33.374013],[-109.495599,33.373511],[-109.495594,33.370743],[-109.495587,33.366042],[-109.495587,33.364008],[-109.495581,33.359955],[-109.495573,33.356159],[-109.495567,33.351911],[-109.495558,33.345654],[-109.495556,33.344572],[-109.495554,33.343283],[-109.495553,33.342599],[-109.495552,33.341887],[-109.495546,33.337145],[-109.495542,33.334671],[-109.495539,33.329891],[-109.495528,33.324648],[-109.495537,33.322802],[-109.495535,33.321934],[-109.495539,33.320795],[-109.495549,33.317547],[-109.495552,33.316317],[-109.495554,33.315639],[-109.495556,33.315113],[-109.495558,33.314496],[-109.495562,33.313284],[-109.495566,33.311678],[-109.49557,33.310627],[-109.495574,33.309509],[-109.495575,33.308879],[-109.495576,33.308444],[-109.495578,33.30784],[-109.495585,33.305514],[-109.495592,33.303204],[-109.495603,33.299726],[-109.495604,33.299376],[-109.495605,33.299119],[-109.495608,33.297977],[-109.495614,33.296076],[-109.495617,33.294913],[-109.495624,33.293752],[-109.495621,33.2918],[-109.495621,33.291487],[-109.495629,33.286221],[-109.495631,33.285719],[-109.49563,33.285195],[-109.495631,33.284351],[-109.495636,33.280675],[-109.495638,33.278966],[-109.49564,33.277406],[-109.495647,33.272898],[-109.495648,33.272146],[-109.495655,33.2666],[-109.495666,33.2599],[-109.495666,33.258079],[-109.495668,33.256843],[-109.495663,33.253897],[-109.495673,33.253425],[-109.495678,33.249386],[-109.49568,33.248053],[-109.495712,33.247883],[-109.495723,33.244408],[-109.495727,33.243032],[-109.495743,33.237973],[-109.495745,33.237353],[-109.495749,33.236101],[-109.495765,33.230963],[-109.495768,33.229927],[-109.49577,33.229239],[-109.495777,33.226934],[-109.49578,33.225917],[-109.495787,33.223662],[-109.495788,33.223532],[-109.495788,33.223308],[-109.495792,33.222137],[-109.495805,33.218032],[-109.495815,33.214707],[-109.495815,33.214461],[-109.495826,33.211246],[-109.495829,33.210137],[-109.495827,33.209196],[-109.495826,33.20893],[-109.495825,33.20861],[-109.495822,33.20796],[-109.495813,33.206056],[-109.495793,33.20151],[-109.495778,33.19799],[-109.495771,33.196554],[-109.495755,33.19292],[-109.495749,33.191529],[-109.495747,33.191007],[-109.495752,33.190458],[-109.495739,33.189309],[-109.495733,33.187806],[-109.49571,33.183192],[-109.4957,33.180477],[-109.495692,33.178511],[-109.495693,33.177612],[-109.495691,33.176734],[-109.495694,33.174296],[-109.495695,33.173401],[-109.495692,33.172794],[-109.495696,33.170552],[-109.495697,33.167459],[-109.495702,33.166737],[-109.495705,33.166517],[-109.495698,33.165972],[-109.4957,33.165165],[-109.495699,33.163091],[-109.495699,33.162462],[-109.495701,33.161925],[-109.4957,33.16136],[-109.495702,33.156629],[-109.495703,33.154523],[-109.495703,33.153287],[-109.495705,33.149317],[-109.495706,33.149154],[-109.495706,33.147655],[-109.495706,33.146594],[-109.495706,33.145923],[-109.495707,33.144646],[-109.495708,33.142985],[-109.495708,33.142393],[-109.495709,33.139785],[-109.495711,33.139489],[-109.49571,33.136545],[-109.495712,33.132816],[-109.495712,33.131481],[-109.495714,33.129424],[-109.495715,33.125269],[-109.495716,33.123699],[-109.495717,33.121833],[-109.495722,33.120194],[-109.49577,33.115827],[-109.49577,33.115795],[-109.495769,33.11499],[-109.495765,33.109778],[-109.495757,33.100195],[-109.495757,33.100138],[-109.495745,33.084196],[-109.49574,33.078409],[-109.500686,33.067631],[-109.500976,33.067073],[-109.502648,33.062286],[-109.510159,33.045533],[-109.514694,33.036482],[-109.514838,33.034582],[-109.515512,33.034847],[-109.516225,33.03528],[-109.517137,33.03588],[-109.518208,33.036243],[-109.518164,33.03698],[-109.517763,33.037449],[-109.517321,33.038252],[-109.517437,33.03909],[-109.517031,33.040698],[-109.516986,33.042004],[-109.517538,33.043276],[-109.518131,33.044513],[-109.518486,33.045282],[-109.516521,33.04622],[-109.515875,33.047995],[-109.521108,33.051391],[-109.546361,33.051834],[-109.560227,33.051702],[-109.559815,33.05149],[-109.560812,33.051263],[-109.561174,33.051381],[-109.572385,33.039794],[-109.579516,33.032006],[-109.586995,33.023789],[-109.58849,33.022163],[-109.593233,33.016965],[-109.593709,33.016458],[-109.594783,33.015918],[-109.595662,33.016219],[-109.5987,33.01823],[-109.599418,33.018228],[-109.600135,33.018158],[-109.600934,33.018561],[-109.601855,33.019568],[-109.602736,33.020542],[-109.60306,33.021549],[-109.603742,33.022592],[-109.605976,33.023091],[-109.608291,33.023724],[-109.611401,33.023817],[-109.614351,33.023911],[-109.616147,33.024344],[-109.617386,33.025182],[-109.618428,33.026187],[-109.61911,33.02723],[-109.619351,33.0277],[-109.62031,33.028169],[-109.62202,33.027289],[-109.623452,33.026511],[-109.625126,33.026573],[-109.625634,33.026058],[-109.62585,33.026024],[-109.626764,33.025584],[-109.627919,33.025446],[-109.628796,33.02541],[-109.629752,33.025408],[-109.63059,33.025574],[-109.631067,33.02527],[-109.631384,33.024898],[-109.632139,33.024392],[-109.632735,33.023919],[-109.633173,33.023919],[-109.633219,33.023874],[-109.633769,33.023345],[-109.6348,33.022232],[-109.635835,33.021825],[-109.63703,33.021755],[-109.637426,33.021248],[-109.638379,33.020305],[-109.639291,33.019326],[-109.640245,33.018718],[-109.641516,33.017806],[-109.642032,33.0172],[-109.642029,33.016527],[-109.642624,33.015852],[-109.643538,33.015345],[-109.644256,33.015545],[-109.645057,33.016519],[-109.645538,33.017224],[-109.645902,33.018434],[-109.646263,33.018836],[-109.646343,33.018904],[-109.647537,33.018597],[-109.648452,33.018225],[-109.649527,33.01802],[-109.650682,33.017781],[-109.651636,33.017442],[-109.652751,33.017204],[-109.653629,33.01757],[-109.654985,33.017702],[-109.656496,33.017125],[-109.657292,33.016787],[-109.657686,33.015877],[-109.658082,33.015372],[-109.658677,33.014663],[-109.659632,33.014257],[-109.661068,33.014657],[-109.661906,33.015023],[-109.663061,33.014885],[-109.664215,33.014513],[-109.664932,33.014578],[-109.665691,33.014879],[-109.666811,33.016019],[-109.667216,33.016308],[-109.66817,33.01699],[-109.669288,33.017525],[-109.670688,33.018732],[-109.672008,33.019737],[-109.673248,33.020912],[-109.673971,33.022087],[-109.675007,33.022152],[-109.676012,33.022022],[-109.676082,33.022014],[-109.677476,33.02174],[-109.678419,33.021859],[-109.678512,33.021872],[-109.67915,33.022004],[-109.679473,33.022776],[-109.680072,33.023111],[-109.680912,33.023849],[-109.681592,33.024419],[-109.682551,33.025022],[-109.682913,33.025761],[-109.682876,33.026266],[-109.683356,33.026769],[-109.684076,33.027203],[-109.684518,33.02801],[-109.685797,33.028813],[-109.686318,33.029451],[-109.686359,33.029788],[-109.686678,33.029921],[-109.687197,33.030054],[-109.687797,33.030523],[-109.688438,33.03116],[-109.688799,33.031664],[-109.689278,33.031931],[-109.690037,33.032198],[-109.690755,33.032465],[-109.691357,33.033136],[-109.691957,33.033572],[-109.692837,33.034276],[-109.694396,33.035314],[-109.694799,33.036288],[-109.694959,33.036456],[-109.695441,33.037228],[-109.696001,33.037596],[-109.696722,33.038401],[-109.696806,33.039175],[-109.697047,33.039679],[-109.697249,33.040284],[-109.69741,33.040484],[-109.697971,33.041223],[-109.698572,33.041793],[-109.699171,33.041992],[-109.69981,33.042429],[-109.700332,33.0431],[-109.700972,33.04367],[-109.701254,33.044174],[-109.701852,33.044373],[-109.70241,33.044338],[-109.703007,33.044033],[-109.703603,33.04383],[-109.704241,33.043827],[-109.705279,33.04406],[-109.706077,33.044293],[-109.706635,33.044324],[-109.707473,33.044455],[-109.707831,33.044455],[-109.708587,33.044049],[-109.708864,33.043712],[-109.709341,33.043407],[-109.709706,33.043073],[-109.71045,33.042378],[-109.711043,33.041758],[-109.712392,33.040821],[-109.713302,33.040162],[-109.714019,33.040317],[-109.714618,33.040574],[-109.714779,33.041334],[-109.714183,33.041995],[-109.713627,33.042689],[-109.71331,33.04355],[-109.713433,33.044508],[-109.713793,33.045201],[-109.714115,33.046357],[-109.716271,33.048023],[-109.718542,33.048521],[-109.720333,33.04849],[-109.721403,33.047828],[-109.72283,33.046957],[-109.724061,33.04643],[-109.724898,33.046515],[-109.725656,33.047137],[-109.726135,33.047629],[-109.727013,33.047983],[-109.727769,33.048071],[-109.728647,33.04849],[-109.728967,33.049051],[-109.728968,33.049481],[-109.729567,33.049872],[-109.729965,33.049932],[-109.730444,33.050158],[-109.731042,33.050416],[-109.731524,33.051769],[-109.731329,33.053159],[-109.731333,33.054316],[-109.731096,33.055144],[-109.731098,33.055639],[-109.731614,33.055394],[-109.73229,33.055315],[-109.733246,33.055298],[-109.73436,33.055177],[-109.737863,33.055419],[-109.738538,33.055135],[-109.739416,33.05569],[-109.738745,33.057841],[-109.738787,33.058172],[-109.738987,33.058467],[-109.739067,33.058798],[-109.738749,33.059061],[-109.738154,33.060153],[-109.738038,33.061081],[-109.737805,33.063032],[-109.737808,33.06429],[-109.737653,33.065382],[-109.73662,33.066637],[-109.735742,33.066997],[-109.735145,33.067324],[-109.734748,33.067821],[-109.734232,33.06868],[-109.733875,33.06921],[-109.733559,33.070104],[-109.733321,33.070766],[-109.733484,33.07179],[-109.733607,33.072781],[-109.734526,33.073667],[-109.736045,33.074976],[-109.738081,33.076444],[-109.740316,33.07781],[-109.741553,33.078324],[-109.742269,33.078311],[-109.742706,33.078032],[-109.743062,33.07762],[-109.743176,33.077114],[-109.743255,33.076763],[-109.743488,33.076079],[-109.744003,33.075629],[-109.744836,33.075175],[-109.745552,33.075028],[-109.745879,33.074861],[-109.746307,33.074643],[-109.74702,33.074019],[-109.747495,33.073708],[-109.747611,33.07309],[-109.747406,33.072339],[-109.74724,33.071587],[-109.747278,33.071244],[-109.747436,33.071072],[-109.748152,33.070923],[-109.74851,33.070985],[-109.749029,33.07121],[-109.749667,33.071534],[-109.750467,33.072014],[-109.750594,33.072029],[-109.751031,33.072089],[-109.75131,33.072083],[-109.751906,33.07204],[-109.752462,33.071928],[-109.752939,33.071751],[-109.753535,33.071605],[-109.75417,33.071255],[-109.754764,33.070498],[-109.75516,33.070119],[-109.755357,33.069571],[-109.755754,33.069664],[-109.756391,33.069685],[-109.756833,33.069578],[-109.757147,33.069513],[-109.758225,33.069764],[-109.759544,33.070357],[-109.760266,33.071249],[-109.760591,33.072347],[-109.760875,33.073376],[-109.760919,33.074131],[-109.761361,33.074989],[-109.761645,33.075846],[-109.761528,33.076362],[-109.761492,33.077255],[-109.761818,33.078387],[-109.762101,33.079211],[-109.762903,33.080173],[-109.763542,33.080216],[-109.764223,33.080733],[-109.764506,33.081727],[-109.76447,33.082414],[-109.764473,33.082999],[-109.764316,33.083274],[-109.764077,33.083416],[-109.763562,33.083731],[-109.763325,33.084249],[-109.763449,33.084935],[-109.763335,33.085898],[-109.763459,33.086893],[-109.763462,33.087442],[-109.763745,33.088093],[-109.764187,33.088814],[-109.764548,33.089329],[-109.765147,33.089337],[-109.765746,33.08938],[-109.766025,33.089382],[-109.766146,33.08952],[-109.766069,33.0899],[-109.765911,33.090382],[-109.765714,33.090693],[-109.765597,33.091243],[-109.76564,33.091825],[-109.765883,33.092581],[-109.766528,33.093815],[-109.766928,33.094126],[-109.767527,33.094337],[-109.768048,33.094614],[-109.768648,33.095028],[-109.769329,33.095683],[-109.76961,33.096128],[-109.769811,33.096438],[-109.770054,33.09709],[-109.770657,33.097879],[-109.771136,33.098123],[-109.771856,33.098369],[-109.772137,33.098781],[-109.773375,33.098933],[-109.774415,33.099317],[-109.775057,33.100279],[-109.77506,33.100794],[-109.774626,33.101382],[-109.774311,33.102003],[-109.773003,33.103256],[-109.772409,33.103914],[-109.772333,33.104464],[-109.772375,33.104841],[-109.772817,33.10546],[-109.773301,33.106456],[-109.773785,33.107622],[-109.773868,33.108342],[-109.773199,33.109583],[-109.772289,33.110728],[-109.771062,33.112012],[-109.77047,33.11298],[-109.770315,33.113702],[-109.770241,33.115007],[-109.770327,33.116003],[-109.770332,33.117033],[-109.770179,33.118304],[-109.769908,33.119507],[-109.769354,33.120234],[-109.768484,33.121308],[-109.767373,33.12218],[-109.766979,33.123009],[-109.767263,33.123764],[-109.767584,33.124243],[-109.768304,33.124524],[-109.768751,33.124713],[-109.769598,33.125059],[-109.770202,33.125869],[-109.771241,33.126237],[-109.772358,33.126165],[-109.773592,33.125724],[-109.774227,33.125216],[-109.774625,33.125059],[-109.77468,33.124164],[-109.775196,33.123424],[-109.775951,33.122849],[-109.776986,33.12234],[-109.778418,33.121628],[-109.780209,33.120713],[-109.781165,33.120607],[-109.782321,33.120801],[-109.782929,33.1207],[-109.783556,33.120595],[-109.784391,33.119919],[-109.786141,33.118903],[-109.788888,33.118049],[-109.79064,33.117537],[-109.790839,33.117635],[-109.79128,33.118271],[-109.791442,33.119177],[-109.792441,33.120247],[-109.79368,33.121684],[-109.794201,33.122621],[-109.795161,33.123657],[-109.796078,33.124055],[-109.796756,33.124052],[-109.797552,33.123813],[-109.79811,33.12391],[-109.798431,33.124412],[-109.798711,33.12478],[-109.79899,33.124879],[-109.799468,33.124876],[-109.800263,33.124369],[-109.80094,33.123963],[-109.801734,33.122985],[-109.803008,33.122574],[-109.804123,33.122501],[-109.806356,33.12286],[-109.807192,33.122687],[-109.808465,33.122042],[-109.808464,33.121539],[-109.808423,33.121204],[-109.807623,33.120201],[-109.807342,33.119732],[-109.807061,33.118995],[-109.807219,33.118457],[-109.806939,33.118291],[-109.80666,33.118191],[-109.80662,33.11799],[-109.806739,33.117855],[-109.807336,33.117718],[-109.80881,33.117475],[-109.809925,33.117334],[-109.81092,33.11696],[-109.811477,33.116788],[-109.812155,33.116819],[-109.81371,33.117314],[-109.814988,33.118046],[-109.81746,33.118771],[-109.817741,33.119441],[-109.817784,33.120415],[-109.817628,33.121389],[-109.817512,33.122431],[-109.818072,33.123066],[-109.819589,33.124065],[-109.820575,33.125059],[-109.821017,33.125332],[-109.822494,33.125497],[-109.823278,33.129475],[-109.823883,33.130384],[-109.824926,33.131292],[-109.826404,33.131624],[-109.827801,33.131788],[-109.829239,33.132019],[-109.829801,33.132489],[-109.830404,33.133263],[-109.831486,33.133935],[-109.832567,33.134437],[-109.83333,33.135278],[-109.833902,33.137165],[-109.833949,33.138278],[-109.833633,33.138685],[-109.832916,33.13889],[-109.831799,33.138894],[-109.831402,33.139165],[-109.831365,33.139604],[-109.83153,33.140413],[-109.831538,33.141593],[-109.831748,33.143179],[-109.832478,33.144897],[-109.832885,33.146144],[-109.83325,33.147019],[-109.833853,33.147624],[-109.834412,33.147758],[-109.834852,33.147891],[-109.834778,33.148668],[-109.834423,33.149243],[-109.834308,33.149985],[-109.834433,33.150795],[-109.834559,33.151671],[-109.834452,33.153562],[-109.833308,33.155557],[-109.832998,33.156874],[-109.833045,33.157919],[-109.833605,33.158085],[-109.836713,33.157468],[-109.837946,33.156855],[-109.839424,33.157154],[-109.84131,33.158631],[-109.842553,33.159505],[-109.844754,33.160373],[-109.848235,33.161577],[-109.849634,33.161909],[-109.850508,33.161433],[-109.851105,33.161195],[-109.853338,33.160916],[-109.855693,33.160975],[-109.85737,33.161104],[-109.858722,33.16039],[-109.860712,33.159641],[-109.862106,33.159365],[-109.864017,33.158751],[-109.866129,33.158304],[-109.868322,33.158093],[-109.86968,33.158223],[-109.872642,33.15946],[-109.873162,33.159593],[-109.873916,33.159017],[-109.873909,33.158037],[-109.873859,33.156688],[-109.873569,33.155271],[-109.873525,33.154631],[-109.873563,33.154429],[-109.874122,33.154393],[-109.875639,33.153913],[-109.878858,33.154072],[-109.879817,33.154203],[-109.881135,33.154031],[-109.88189,33.153421],[-109.882283,33.15251],[-109.882317,33.151497],[-109.882468,33.15025],[-109.883023,33.149541],[-109.883381,33.149304],[-109.885219,33.149296],[-109.886135,33.148991],[-109.886729,33.148145],[-109.887197,33.146459],[-109.887626,33.144838],[-109.887943,33.144433],[-109.88862,33.144162],[-109.889859,33.144191],[-109.8909,33.144559],[-109.891381,33.144793],[-109.891944,33.145465],[-109.892747,33.145933],[-109.893307,33.146067],[-109.893866,33.146065],[-109.894028,33.146436],[-109.893631,33.146707],[-109.893354,33.147112],[-109.893197,33.147551],[-109.893161,33.148192],[-109.893046,33.148833],[-109.893052,33.149709],[-109.892938,33.150585],[-109.892783,33.151328],[-109.89259,33.152406],[-109.892434,33.153015],[-109.892359,33.153723],[-109.892484,33.154497],[-109.89245,33.155374],[-109.892212,33.155611],[-109.891617,33.156186],[-109.891181,33.156761],[-109.891188,33.15784],[-109.891635,33.158917],[-109.892921,33.160024],[-109.895083,33.160691],[-109.896565,33.161192],[-109.897488,33.161896],[-109.899405,33.161721],[-109.900246,33.162021],[-109.901039,33.162886],[-109.901293,33.163164],[-109.901334,33.163331],[-109.901456,33.163703],[-109.901897,33.16397],[-109.902338,33.16407],[-109.903535,33.16393],[-109.90493,33.163387],[-109.907881,33.162433],[-109.909119,33.162428],[-109.90972,33.162661],[-109.910325,33.163536],[-109.910573,33.164614],[-109.911057,33.165321],[-109.91118,33.165757],[-109.912064,33.166429],[-109.913145,33.166829],[-109.91447,33.167702],[-109.915874,33.16854],[-109.916877,33.169143],[-109.917678,33.169308],[-109.917997,33.169307],[-109.918436,33.169204],[-109.919273,33.16883],[-109.919988,33.168255],[-109.920626,33.168118],[-109.921186,33.168149],[-109.92187,33.168754],[-109.922594,33.169493],[-109.923359,33.170299],[-109.923961,33.170668],[-109.92468,33.170564],[-109.925875,33.170155],[-109.926198,33.170524],[-109.926321,33.170996],[-109.926971,33.172443],[-109.928538,33.173685],[-109.928862,33.174324],[-109.928149,33.175271],[-109.927319,33.176487],[-109.928162,33.177024],[-109.929802,33.177186],[-109.931167,33.178091],[-109.932336,33.17957],[-109.933223,33.180612],[-109.934348,33.181417],[-109.935387,33.18148],[-109.936984,33.181205],[-109.938024,33.181334],[-109.938866,33.181669],[-109.939953,33.182778],[-109.940598,33.183551],[-109.941319,33.183784],[-109.942198,33.183712],[-109.94324,33.184215],[-109.944444,33.184817],[-109.946091,33.186058],[-109.947177,33.186929],[-109.948026,33.18824],[-109.948551,33.189014],[-109.949311,33.189079],[-109.949992,33.189346],[-109.950756,33.189949],[-109.951401,33.190722],[-109.951932,33.192102],[-109.951939,33.193114],[-109.951423,33.193486],[-109.950704,33.193624],[-109.950029,33.194166],[-109.948517,33.195251],[-109.946966,33.196437],[-109.945417,33.19769],[-109.944578,33.197862],[-109.943387,33.198979],[-109.943073,33.199755],[-109.943278,33.200395],[-109.943318,33.200434],[-109.943722,33.200831],[-109.943887,33.201639],[-109.9439,33.203393],[-109.944187,33.204403],[-109.944472,33.205143],[-109.945482,33.206522],[-109.946089,33.207565],[-109.946013,33.208138],[-109.946096,33.208542],[-109.946622,33.209383],[-109.947472,33.210762],[-109.948685,33.212712],[-109.949295,33.214058],[-109.949458,33.21453],[-109.94942,33.214799],[-109.949061,33.214936],[-109.948223,33.215074],[-109.947505,33.215313],[-109.946667,33.215584],[-109.945911,33.21606],[-109.945837,33.21687],[-109.946041,33.217475],[-109.946606,33.218148],[-109.947088,33.218449],[-109.948127,33.218378],[-109.949086,33.218339],[-109.949888,33.218674],[-109.950293,33.219313],[-109.950258,33.219954],[-109.950262,33.220526],[-109.950665,33.221031],[-109.951349,33.221635],[-109.951793,33.222105],[-109.952077,33.222779],[-109.951923,33.22352],[-109.951287,33.224097],[-109.950852,33.224638],[-109.950859,33.225682],[-109.951147,33.226692],[-109.951675,33.227871],[-109.95236,33.228575],[-109.952687,33.229585],[-109.952532,33.230159],[-109.952255,33.230598],[-109.952378,33.23107],[-109.952622,33.231575],[-109.953024,33.23191],[-109.953746,33.232211],[-109.955305,33.232138],[-109.956464,33.232066],[-109.957945,33.23216],[-109.958987,33.23256],[-109.960316,33.233803],[-109.96052,33.234308],[-109.960487,33.235284],[-109.960372,33.23596],[-109.960176,33.236432],[-109.96022,33.236938],[-109.960541,33.237071],[-109.96098,33.237036],[-109.961617,33.236663],[-109.962294,33.236289],[-109.96305,33.23568],[-109.963771,33.235878],[-109.964574,33.23628],[-109.9655,33.237085],[-109.96679,33.238463],[-109.967756,33.239302],[-109.968598,33.239568],[-109.96952,33.239901],[-109.970326,33.240707],[-109.971657,33.242286],[-109.972389,33.243834],[-109.973037,33.244843],[-109.9738,33.245345],[-109.975044,33.245913],[-109.976254,33.247121],[-109.977339,33.247826],[-109.978297,33.247619],[-109.978974,33.247177],[-109.979772,33.246905],[-109.980528,33.246464],[-109.981254,33.247203],[-109.981539,33.247842],[-109.981744,33.248582],[-109.982307,33.248984],[-109.982947,33.248949],[-109.983825,33.248776],[-109.984704,33.248571],[-109.985544,33.248567],[-109.986225,33.248767],[-109.986787,33.249034],[-109.98735,33.249403],[-109.988031,33.249602],[-109.989035,33.250055],[-109.989788,33.250055],[-109.989954,33.249965],[-109.990474,33.249895],[-109.990633,33.249827],[-109.991072,33.24969],[-109.99143,33.249453],[-109.991867,33.249012],[-109.991881,33.248927],[-109.992058,33.247866],[-109.991647,33.246485],[-109.991281,33.245677],[-109.991678,33.245373],[-109.992918,33.245401],[-109.994038,33.245362],[-109.994633,33.244787],[-109.994985,33.243775],[-109.9963,33.24306],[-109.997815,33.242482],[-109.999248,33.241599],[-109.999521,33.240822],[-109.999673,33.23981],[-109.999826,33.2389],[-109.999821,33.238191],[-109.999856,33.237585],[-110.000089,33.237279],[-110.00064,33.235673],[-110.002097,33.235984],[-110.003107,33.236492],[-110.004602,33.236891],[-110.008488,33.238222],[-110.01142,33.239627],[-110.011809,33.240339],[-110.012272,33.241673],[-110.013107,33.243046],[-110.014026,33.243837],[-110.021886,33.245317],[-110.022393,33.245531],[-110.018316,33.250055],[-110.017277,33.250601],[-110.015844,33.251987],[-110.016005,33.253304],[-110.018721,33.258909],[-110.017168,33.260012],[-110.017577,33.260371],[-110.021341,33.263061],[-110.019624,33.264894],[-110.02104,33.266562],[-110.026202,33.268827],[-110.028931,33.269553],[-110.030913,33.269616],[-110.034375,33.271969],[-110.036592,33.272409],[-110.03859,33.274541],[-110.040982,33.274414],[-110.042591,33.273947],[-110.043428,33.276235],[-110.043261,33.277396],[-110.046068,33.280271],[-110.045315,33.281486],[-110.046686,33.283324],[-110.045971,33.288206],[-110.044653,33.290348],[-110.045416,33.292023],[-110.047313,33.294365],[-110.049338,33.296255],[-110.048764,33.298657],[-110.049088,33.300547],[-110.049813,33.301543],[-110.052022,33.301434],[-110.052127,33.301557],[-110.053341,33.30299],[-110.053828,33.304118],[-110.055429,33.304515],[-110.055694,33.304471],[-110.056753,33.304291],[-110.056735,33.298826],[-110.056731,33.297564],[-110.056687,33.283918],[-110.056711,33.278858],[-110.056744,33.272091],[-110.05675,33.269762],[-110.056778,33.259135],[-110.056801,33.250055],[-110.056838,33.24438],[-110.056848,33.236913],[-110.056889,33.206448],[-110.056978,33.195127],[-110.056937,33.182758],[-110.056878,33.164977],[-110.056969,33.146192],[-110.056892,33.125816],[-110.056793,33.125057],[-110.056746,33.111172],[-110.056907,33.109538],[-110.05677,33.104571],[-110.056709,33.095022],[-110.056708,33.094943],[-110.056708,33.094876],[-110.056701,33.090688],[-110.056716,33.086816],[-110.056682,33.083737],[-110.056622,33.060511],[-110.056604,33.060485],[-110.056487,33.060257],[-110.056461,33.060086],[-110.056475,33.056911],[-110.056499,33.056224],[-110.05652,33.055892],[-110.056482,33.055287],[-110.056549,33.054808],[-110.056501,33.054482],[-110.056472,33.053953],[-110.05648,33.052878],[-110.056499,33.052729],[-110.056548,33.052633],[-110.056585,33.051623],[-110.056283,33.047423],[-110.056283,33.041252],[-110.056429,33.040511],[-110.056594,33.0383],[-110.057327,33.036189],[-110.057342,33.035865],[-110.056472,32.999975],[-110.05591,32.99618],[-110.056035,32.991151],[-110.056077,32.98644],[-110.056155,32.977641],[-110.05644,32.974421],[-110.056432,32.973954],[-110.056414,32.973009],[-110.056389,32.972068],[-110.056343,32.971476],[-110.056294,32.970878],[-110.056214,32.969895],[-110.056203,32.96975],[-110.056154,32.969169],[-110.05614,32.968839],[-110.056104,32.968147],[-110.056088,32.967841],[-110.056069,32.967504],[-110.056067,32.96707],[-110.056066,32.967028],[-110.056054,32.965765],[-110.056048,32.965328],[-110.05578,32.957471],[-110.055662,32.953466],[-110.055634,32.952514],[-110.05568,32.944285],[-110.055682,32.944001],[-110.055625,32.942231],[-110.055724,32.936192],[-110.055686,32.933524],[-110.055576,32.925331],[-110.055514,32.920875],[-110.055446,32.914372],[-110.05542,32.912632],[-110.055396,32.910003],[-110.055344,32.907155],[-110.055326,32.90144],[-110.055262,32.897832],[-110.055089,32.891962],[-110.054994,32.887486],[-110.054887,32.884034],[-110.054818,32.881802],[-110.054737,32.879261],[-110.054746,32.877955],[-110.054755,32.875137],[-110.058676,32.877254],[-110.059405,32.877719],[-110.059804,32.877791],[-110.06032,32.878062],[-110.063899,32.87999],[-110.068528,32.882485],[-110.074583,32.885767],[-110.076257,32.8866],[-110.079917,32.888581],[-110.085029,32.891347],[-110.087862,32.892851],[-110.090315,32.894154],[-110.092959,32.895566],[-110.095041,32.898386],[-110.099342,32.904476],[-110.099748,32.905051],[-110.100461,32.906101],[-110.100788,32.906578],[-110.102216,32.90858],[-110.104646,32.911989],[-110.105614,32.913345],[-110.106644,32.914825],[-110.109373,32.918898],[-110.112321,32.923296],[-110.117657,32.931117],[-110.119866,32.934354],[-110.122395,32.937984],[-110.122446,32.93806],[-110.124485,32.941006],[-110.124632,32.941201],[-110.125641,32.942666],[-110.126629,32.94408],[-110.129203,32.94775],[-110.130782,32.950003],[-110.133552,32.953892],[-110.136748,32.958378],[-110.139167,32.958616],[-110.141715,32.959269],[-110.142567,32.959456],[-110.143077,32.959561],[-110.143907,32.959749],[-110.152724,32.961861],[-110.153567,32.962063],[-110.169364,32.966009],[-110.170265,32.966267],[-110.177536,32.968353],[-110.178214,32.968519],[-110.182081,32.969465],[-110.183218,32.969754],[-110.185458,32.970303],[-110.187108,32.970719],[-110.188506,32.971077],[-110.190632,32.971615],[-110.190936,32.971693],[-110.198722,32.975178],[-110.204426,32.977885],[-110.206702,32.978966],[-110.207577,32.979571],[-110.207686,32.979639],[-110.209837,32.980606],[-110.210555,32.980929],[-110.212588,32.981844],[-110.212851,32.981884],[-110.213123,32.982021],[-110.214788,32.982791],[-110.219471,32.984913],[-110.220689,32.985436],[-110.221528,32.985795],[-110.225516,32.987509],[-110.230373,32.989524],[-110.231387,32.989521],[-110.239395,32.989576],[-110.240017,32.989582],[-110.244763,32.989652],[-110.250703,32.989448],[-110.260977,32.989508],[-110.261093,32.989541],[-110.266161,32.989372],[-110.268272,32.989299],[-110.27682,32.989005],[-110.281533,32.988847],[-110.289683,32.991124],[-110.295088,32.992635],[-110.298995,32.993758],[-110.313193,32.997705],[-110.314261,32.997818],[-110.314858,32.997881],[-110.317903,32.998362],[-110.31949,32.998587],[-110.320049,32.998677],[-110.324046,32.999299],[-110.326335,32.999634],[-110.329297,33.000075],[-110.329897,33.000162],[-110.335951,33.001114],[-110.341487,33.001945],[-110.348762,33.003057],[-110.36271,33.005198],[-110.365003,33.00555],[-110.371161,33.006492],[-110.371725,33.006579],[-110.375648,33.006711],[-110.376171,33.006708],[-110.395138,33.006611],[-110.39729,33.004277],[-110.400949,33.001438],[-110.402723,33.000062],[-110.407591,32.995337],[-110.408759,32.99364],[-110.410099,32.991742],[-110.414509,32.985295],[-110.414764,32.984921],[-110.415038,32.984524],[-110.417414,32.981318],[-110.419578,32.981327],[-110.425242,32.981316],[-110.429857,32.981307],[-110.436061,32.981268],[-110.440877,32.983763],[-110.447928,32.987412],[-110.448177,32.987414],[-110.448459,32.987416],[-110.449387,32.987416],[-110.449387,32.987238],[-110.449387,32.986894],[-110.449387,32.98675],[-110.449385,32.985195],[-110.449384,32.982512],[-110.449382,32.980201],[-110.449382,32.979822],[-110.449382,32.979487],[-110.449382,32.979289],[-110.449381,32.978808],[-110.449381,32.978093],[-110.449381,32.977834],[-110.44938,32.977614],[-110.449379,32.975232],[-110.449377,32.972325],[-110.449377,32.972026],[-110.449377,32.971722],[-110.449375,32.969819],[-110.449375,32.968968],[-110.449374,32.967977],[-110.449374,32.967652],[-110.449372,32.965409],[-110.449371,32.962527],[-110.449369,32.959656],[-110.449369,32.959356],[-110.449368,32.957958],[-110.449367,32.957113],[-110.449366,32.956064],[-110.449366,32.955889],[-110.449366,32.955615],[-110.449366,32.955337],[-110.449366,32.955268],[-110.449366,32.955097],[-110.449365,32.953306],[-110.449364,32.952877],[-110.449364,32.952281],[-110.449364,32.952079],[-110.449364,32.951867],[-110.449363,32.951583],[-110.449363,32.951085],[-110.449363,32.95049],[-110.449363,32.95032],[-110.449363,32.950226],[-110.449362,32.950167],[-110.449362,32.949012],[-110.449361,32.948564],[-110.449361,32.948207],[-110.449361,32.947945],[-110.449361,32.947485],[-110.448483,32.947485],[-110.448482,32.94724],[-110.448482,32.947103],[-110.448482,32.945588],[-110.448482,32.944535],[-110.448482,32.943935],[-110.448482,32.94364],[-110.448481,32.94166],[-110.448481,32.939535],[-110.44848,32.93648],[-110.44848,32.934951],[-110.448479,32.932911],[-110.448479,32.93273],[-110.448479,32.931933],[-110.448479,32.930658],[-110.448478,32.930064],[-110.448478,32.926624],[-110.448477,32.923117],[-110.448477,32.922652],[-110.448476,32.921648],[-110.448476,32.918871],[-110.448475,32.916927],[-110.448475,32.914158],[-110.448474,32.9126],[-110.448474,32.912497],[-110.448474,32.912071],[-110.448474,32.910843],[-110.448474,32.910491],[-110.448474,32.909084],[-110.448473,32.908283],[-110.448473,32.907844],[-110.448473,32.905545],[-110.448473,32.90481],[-110.448472,32.904443],[-110.448472,32.903719],[-110.448472,32.903492],[-110.448472,32.901563],[-110.448472,32.89996],[-110.448471,32.899906],[-110.448471,32.898114],[-110.448471,32.897256],[-110.44847,32.892748],[-110.448469,32.890399],[-110.448466,32.88844],[-110.448466,32.888309],[-110.448468,32.884682],[-110.448466,32.878146],[-110.448466,32.875747],[-110.448465,32.874169],[-110.448465,32.873916],[-110.448465,32.873292],[-110.448465,32.873026],[-110.448465,32.872337],[-110.448466,32.871926],[-110.448461,32.869809],[-110.448464,32.868883],[-110.448464,32.867294],[-110.448464,32.867194],[-110.448464,32.867021],[-110.448464,32.866567],[-110.448463,32.866003],[-110.448463,32.865533],[-110.448463,32.865388],[-110.448463,32.865105],[-110.448463,32.864562],[-110.448463,32.862974],[-110.448462,32.862206],[-110.448462,32.861849],[-110.448465,32.861749],[-110.448462,32.861384],[-110.448463,32.860632],[-110.448463,32.860288],[-110.448464,32.859568],[-110.448464,32.859112],[-110.448466,32.856305],[-110.448467,32.855434],[-110.448469,32.852959],[-110.44847,32.851478],[-110.44847,32.851241],[-110.448471,32.850346],[-110.448472,32.849622],[-110.448473,32.848275],[-110.448473,32.847934],[-110.448474,32.846391],[-110.448474,32.846065],[-110.448476,32.844703],[-110.448477,32.843479],[-110.448477,32.842869],[-110.448478,32.842379],[-110.448478,32.841993],[-110.448478,32.841551],[-110.448478,32.841302],[-110.448478,32.840988],[-110.448487,32.829672],[-110.448491,32.826112],[-110.448501,32.811826],[-110.44851,32.801215],[-110.448518,32.790963],[-110.448521,32.78516],[-110.448522,32.785001],[-110.448522,32.784871],[-110.448523,32.784404],[-110.448524,32.782816],[-110.448525,32.782001],[-110.448526,32.780596],[-110.448526,32.779926],[-110.448527,32.778572],[-110.448528,32.777782],[-110.448529,32.776668],[-110.448529,32.775906],[-110.44853,32.775584],[-110.44853,32.774716],[-110.44853,32.774047],[-110.44853,32.773793],[-110.448538,32.772918],[-110.448532,32.772298],[-110.448533,32.77161],[-110.448533,32.77147],[-110.448533,32.771159],[-110.449414,32.771167],[-110.452991,32.771202],[-110.459141,32.771161],[-110.46422,32.771178],[-110.471072,32.771199],[-110.475454,32.771196],[-110.483179,32.771192],[-110.487142,32.771194],[-110.495233,32.771211],[-110.498323,32.7712],[-110.499718,32.771214],[-110.509312,32.771219],[-110.518474,32.771223],[-110.547206,32.77127],[-110.548729,32.771335],[-110.550588,32.771338],[-110.555927,32.771351],[-110.561708,32.771363],[-110.563272,32.77134],[-110.580428,32.771393],[-110.585173,32.771407],[-110.586489,32.771411],[-110.592534,32.77143],[-110.604864,32.771439],[-110.624734,32.771451],[-110.625652,32.771279],[-110.62657,32.771242],[-110.635501,32.771645],[-110.64013,32.771855],[-110.642848,32.771985],[-110.645781,32.772125],[-110.6559,32.772708],[-110.659194,32.772865],[-110.660532,32.772872],[-110.661168,32.772888],[-110.662099,32.772861],[-110.669992,32.772425],[-110.671442,32.77235],[-110.672794,32.77228],[-110.673562,32.772214],[-110.675533,32.772159],[-110.675729,32.772154],[-110.676355,32.772142],[-110.695865,32.77142],[-110.734424,32.771375],[-110.743833,32.771408],[-110.755483,32.771414],[-110.757422,32.771414],[-110.758542,32.771407],[-110.765637,32.771426],[-110.775063,32.77145],[-110.784602,32.771484],[-110.790517,32.771354],[-110.793392,32.771434],[-110.794028,32.77138],[-110.794487,32.771379],[-110.795327,32.771439],[-110.796966,32.771425],[-110.798549,32.771444],[-110.826621,32.771549],[-110.827211,32.771552],[-110.829778,32.771586],[-110.832297,32.771548],[-110.85407,32.771569],[-110.865747,32.771566],[-110.880029,32.771586],[-110.880621,32.771586],[-110.891514,32.77158],[-110.921161,32.771635],[-110.945063,32.771648],[-110.958504,32.771839],[-110.974349,32.7721],[-111.005443,32.772587],[-111.005505,32.772584],[-111.00558,32.772587],[-111.006388,32.772591],[-111.007167,32.772602],[-111.00857,32.772625],[-111.010881,32.772661],[-111.046099,32.7732],[-111.046604,32.773209],[-111.046861,32.773212],[-111.046827,32.772985],[-111.046854,32.772958],[-111.047075,32.773002],[-111.047459,32.772869],[-111.048045,32.772495],[-111.048182,32.772523],[-111.048279,32.772633],[-111.048455,32.772759],[-111.048631,32.772737],[-111.048833,32.772627],[-111.049086,32.772396],[-111.049243,32.772359],[-111.049405,32.772374],[-111.049848,32.772506],[-111.05033,32.77259],[-111.050479,32.772568],[-111.05066,32.7725],[-111.050662,32.773083],[-111.051096,32.773014],[-111.052778,32.772441],[-111.052886,32.772533],[-111.05408,32.772556],[-111.054893,32.772739],[-111.05568,32.772671],[-111.056304,32.772464],[-111.056819,32.772464],[-111.057388,32.772671],[-111.059205,32.772717],[-111.060524,32.772681],[-111.067775,32.772624],[-111.076674,32.769171],[-111.07709,32.769258],[-111.077415,32.769309],[-111.077775,32.769387],[-111.078133,32.769452],[-111.07849,32.769506],[-111.079417,32.769678],[-111.079643,32.76971],[-111.079852,32.769755],[-111.080626,32.7699],[-111.081064,32.769976],[-111.081652,32.77009],[-111.082614,32.77026],[-111.083012,32.770325],[-111.083246,32.77038],[-111.0834,32.77041],[-111.084092,32.770522],[-111.084404,32.770576],[-111.085046,32.770696],[-111.085131,32.770707],[-111.08539,32.770739],[-111.085682,32.770786],[-111.086233,32.770905],[-111.086902,32.771028],[-111.087158,32.771079],[-111.087378,32.771119],[-111.087663,32.77118],[-111.08777,32.771192],[-111.088179,32.771264],[-111.088453,32.771324],[-111.088606,32.771349],[-111.088743,32.771363],[-111.089041,32.77141],[-111.089328,32.771469],[-111.089568,32.771503],[-111.08982,32.77156],[-111.090234,32.771641],[-111.091155,32.771793],[-111.091585,32.771869],[-111.091846,32.771918],[-111.092056,32.771942],[-111.092547,32.772025],[-111.092816,32.772091],[-111.093176,32.772165],[-111.093539,32.772222],[-111.093993,32.772319],[-111.094275,32.772371],[-111.094452,32.772388],[-111.0945,32.772387],[-111.094562,32.772364],[-111.094684,32.77243],[-111.094833,32.772469],[-111.094963,32.772509],[-111.09544,32.772501],[-111.095857,32.772497],[-111.097673,32.772514],[-111.098463,32.772613],[-111.099884,32.772464],[-111.101567,32.772596],[-111.101649,32.772688],[-111.102652,32.772596],[-111.105599,32.772585],[-111.110545,32.77257],[-111.110898,32.772478],[-111.110898,32.772295],[-111.111173,32.772266],[-111.111976,32.771923],[-111.112859,32.771832],[-111.1138,32.772264],[-111.114657,32.772517],[-111.115209,32.772457],[-111.116012,32.772091],[-111.11706,32.772042],[-111.117778,32.771911],[-111.117783,32.77203],[-111.11783,32.772008],[-111.118122,32.771887],[-111.119432,32.771318],[-111.12073,32.770978],[-111.121853,32.770882],[-111.122877,32.770977],[-111.124213,32.771344],[-111.124322,32.771394],[-111.124439,32.771445],[-111.124563,32.771501],[-111.125187,32.771576],[-111.125664,32.771745],[-111.126489,32.771734],[-111.126515,32.771751],[-111.126762,32.771735],[-111.127048,32.77179],[-111.127439,32.771971],[-111.127634,32.772015],[-111.127849,32.77212],[-111.128428,32.772362],[-111.129163,32.772472],[-111.12943,32.772561],[-111.130485,32.77282],[-111.131142,32.772813],[-111.131415,32.772869],[-111.131643,32.772875],[-111.131656,32.772852],[-111.131851,32.772892],[-111.131871,32.772919],[-111.132157,32.772985],[-111.132541,32.773184],[-111.133133,32.773338],[-111.133322,32.77342],[-111.13353,32.773547],[-111.133992,32.773756],[-111.134213,32.773943],[-111.134445,32.773851],[-111.135152,32.773718],[-111.135296,32.773595],[-111.135909,32.773341],[-111.136469,32.772956],[-111.136797,32.772731],[-111.138407,32.771825],[-111.13932,32.771631],[-111.140023,32.77131],[-111.140379,32.771499],[-111.140978,32.771625],[-111.141277,32.771713],[-111.141394,32.771796],[-111.141817,32.772],[-111.141863,32.772042],[-111.142305,32.772104],[-111.142513,32.772143],[-111.142526,32.772165],[-111.142917,32.772198],[-111.142936,32.772219],[-111.143223,32.772225],[-111.143672,32.772198],[-111.143945,32.772143],[-111.144199,32.772061],[-111.144427,32.772028],[-111.144616,32.77194],[-111.144629,32.771957],[-111.144811,32.771912],[-111.144844,32.771884],[-111.145156,32.771797],[-111.145319,32.771704],[-111.145456,32.771638],[-111.145879,32.771347],[-111.146328,32.771253],[-111.146719,32.771105],[-111.146888,32.770995],[-111.147252,32.770857],[-111.147396,32.770753],[-111.147577,32.770615],[-111.148395,32.770493],[-111.150967,32.77055],[-111.151479,32.770653],[-111.151451,32.77058],[-111.15112,32.769965],[-111.150791,32.769302],[-111.150706,32.769142],[-111.152524,32.770862],[-111.153541,32.771065],[-111.155339,32.771841],[-111.156182,32.772165],[-111.157925,32.772457],[-111.158605,32.772787],[-111.159796,32.773466],[-111.160722,32.773566],[-111.161017,32.773539],[-111.161052,32.773583],[-111.162005,32.774718],[-111.162337,32.775121],[-111.162779,32.775646],[-111.163335,32.776333],[-111.163577,32.776635],[-111.164021,32.777219],[-111.164166,32.77741],[-111.165242,32.778886],[-111.16531,32.778982],[-111.165706,32.779549],[-111.165849,32.779733],[-111.166704,32.780907],[-111.167173,32.781562],[-111.167889,32.782536],[-111.1679,32.78255],[-111.168701,32.783681],[-111.169179,32.78432],[-111.170016,32.78548],[-111.170217,32.785749],[-111.170683,32.786406],[-111.170828,32.786329],[-111.170907,32.786301],[-111.171057,32.786321],[-111.171342,32.78642],[-111.171492,32.786457],[-111.172083,32.78656],[-111.172474,32.786644],[-111.172513,32.786651],[-111.172762,32.786692],[-111.172818,32.786701],[-111.173426,32.786822],[-111.173672,32.786878],[-111.173973,32.786946],[-111.17461,32.787069],[-111.174709,32.787087],[-111.174799,32.787103],[-111.175142,32.787101],[-111.177819,32.787121],[-111.178703,32.787104],[-111.179294,32.787121],[-111.180193,32.787107],[-111.18083,32.787109],[-111.181465,32.787123],[-111.182205,32.787112],[-111.182775,32.787115],[-111.183348,32.787115],[-111.183968,32.787101],[-111.184514,32.787098],[-111.185681,32.787101],[-111.186468,32.787096],[-111.188104,32.787104],[-111.18846,32.787097],[-111.188709,32.787106],[-111.188978,32.787123],[-111.18919,32.787142],[-111.189717,32.787159],[-111.190104,32.787157],[-111.190434,32.787166],[-111.190634,32.787162],[-111.191019,32.787135],[-111.191128,32.787124],[-111.191262,32.78711],[-111.1913,32.787109],[-111.191578,32.787104],[-111.191963,32.787115],[-111.193022,32.787117],[-111.193859,32.78714],[-111.194136,32.787159],[-111.194765,32.787185],[-111.194992,32.787183],[-111.195318,32.78718],[-111.195537,32.787179],[-111.195723,32.787159],[-111.196107,32.787146],[-111.196504,32.787153],[-111.196698,32.787146],[-111.196821,32.787135],[-111.196955,32.787126],[-111.197219,32.787111],[-111.197503,32.787126],[-111.197778,32.787132],[-111.198038,32.787131],[-111.198365,32.787118],[-111.198663,32.787112],[-111.199071,32.7871],[-111.199416,32.787117],[-111.199656,32.787109],[-111.200134,32.787079],[-111.200325,32.787076],[-111.200527,32.787101],[-111.200686,32.787121],[-111.200924,32.787135],[-111.201012,32.787129],[-111.201161,32.787121],[-111.201659,32.787112],[-111.203022,32.787121],[-111.203202,32.787125],[-111.203315,32.787135],[-111.203404,32.787157],[-111.203624,32.787166],[-111.203977,32.787166],[-111.204718,32.787155],[-111.206082,32.787112],[-111.206779,32.78712],[-111.207506,32.787101],[-111.207905,32.787112],[-111.208371,32.787087],[-111.208513,32.787092],[-111.208875,32.787087],[-111.208988,32.787098],[-111.209075,32.787125],[-111.209128,32.78678],[-111.209007,32.786462],[-111.209928,32.786245],[-111.210998,32.786121],[-111.211971,32.785805],[-111.214739,32.784484],[-111.216422,32.784146],[-111.217339,32.783569],[-111.218,32.783154],[-111.218974,32.783],[-111.220753,32.782997],[-111.221318,32.782904],[-111.222081,32.782532],[-111.223546,32.781992],[-111.224388,32.781959],[-111.225386,32.782241],[-111.225619,32.782189],[-111.22642,32.782007],[-111.227256,32.782366],[-111.228605,32.783054],[-111.22959,32.782971],[-111.230816,32.782643],[-111.232686,32.782686],[-111.233841,32.783222],[-111.235311,32.784377],[-111.235697,32.784644],[-111.23613,32.784944],[-111.236822,32.785172],[-111.238133,32.78524],[-111.240178,32.785775],[-111.241152,32.78561],[-111.24224,32.785471],[-111.242814,32.785483],[-111.242993,32.785784],[-111.243085,32.786324],[-111.243014,32.786957],[-111.243394,32.787208],[-111.244755,32.787214],[-111.245777,32.787218],[-111.24844,32.787228],[-111.248614,32.787229],[-111.24905,32.787],[-111.250663,32.78708],[-111.251731,32.787137],[-111.253377,32.787104],[-111.259499,32.786986],[-111.25976,32.78698],[-111.259739,32.784715],[-111.25973,32.784398],[-111.259621,32.781078],[-111.259434,32.780703],[-111.259376,32.780592],[-111.259351,32.780177],[-111.259571,32.779764],[-111.259574,32.779328],[-111.259523,32.777315],[-111.259769,32.776134],[-111.259769,32.775776],[-111.259768,32.774205],[-111.259659,32.773279],[-111.259768,32.773256],[-111.259741,32.772385],[-111.25966,32.772225],[-111.259617,32.767528],[-111.259621,32.766457],[-111.259488,32.76618],[-111.25914,32.765813],[-111.259115,32.765422],[-111.259608,32.765008],[-111.259637,32.764732],[-111.259606,32.764131],[-111.259647,32.762591],[-111.259868,32.762567],[-111.2622,32.762554],[-111.267689,32.762529],[-111.268177,32.762454],[-111.270986,32.762513],[-111.272127,32.762518],[-111.289173,32.762591],[-111.2917,32.762632],[-111.291724,32.762567],[-111.295368,32.762587],[-111.295451,32.762639],[-111.297068,32.762653],[-111.298847,32.762666],[-111.301319,32.762686],[-111.30486,32.762712],[-111.307273,32.762732],[-111.311422,32.762764],[-111.314354,32.762774],[-111.314803,32.762774],[-111.316827,32.762783],[-111.318728,32.762822],[-111.318982,32.762801],[-111.319431,32.762807],[-111.319743,32.762785],[-111.320498,32.762807],[-111.32111,32.762763],[-111.321819,32.762822],[-111.322424,32.76279],[-111.323899,32.762805],[-111.326782,32.762819],[-111.328578,32.762819],[-111.331703,32.76283],[-111.335751,32.762839],[-111.337185,32.762836],[-111.337478,32.762864],[-111.337738,32.76292],[-111.338116,32.762903],[-111.338279,32.762864],[-111.339034,32.762969],[-111.339164,32.762996],[-111.339248,32.762991],[-111.339593,32.762892],[-111.339925,32.76294],[-111.340153,32.762864],[-111.340602,32.762814],[-111.340609,32.762831],[-111.340889,32.762808],[-111.341214,32.762836],[-111.341643,32.762819],[-111.341826,32.762847],[-111.342281,32.762819],[-111.342496,32.762763],[-111.342756,32.762759],[-111.343082,32.762884],[-111.343179,32.762901],[-111.343863,32.762825],[-111.344065,32.762846],[-111.344696,32.762813],[-111.344924,32.76283],[-111.34577,32.762967],[-111.345984,32.762945],[-111.346303,32.762839],[-111.346609,32.762895],[-111.347188,32.762845],[-111.347416,32.762856],[-111.347644,32.762906],[-111.348021,32.762818],[-111.348321,32.762779],[-111.348575,32.762856],[-111.34864,32.762856],[-111.348861,32.762774],[-111.348933,32.762768],[-111.349082,32.76279],[-111.349271,32.762872],[-111.349393,32.762897],[-111.351617,32.762903],[-111.353603,32.762912],[-111.35558,32.76292],[-111.357697,32.762929],[-111.358504,32.762932],[-111.359536,32.762938],[-111.360546,32.762942],[-111.361251,32.762946],[-111.361607,32.762918],[-111.361571,32.762991],[-111.361575,32.76304],[-111.361579,32.763087],[-111.361547,32.763266],[-111.361547,32.763531],[-111.361555,32.764325],[-111.361554,32.765599],[-111.361556,32.768723],[-111.361552,32.769244],[-111.361552,32.769669],[-111.361559,32.772816],[-111.361557,32.774362],[-111.361559,32.777467],[-111.361558,32.779035],[-111.361555,32.782275],[-111.361554,32.782491],[-111.361553,32.78464],[-111.361551,32.787654],[-111.361528,32.790899],[-111.361514,32.792046],[-111.361625,32.797573],[-111.361713,32.805294],[-111.36173,32.806507],[-111.361694,32.807547],[-111.361728,32.809098],[-111.361715,32.809483],[-111.361536,32.821017],[-111.36152,32.830413],[-111.361525,32.832024],[-111.361525,32.834172],[-111.361523,32.835481],[-111.361523,32.835543],[-111.361518,32.83722],[-111.361508,32.840166],[-111.361498,32.843111],[-111.361485,32.845872],[-111.36145,32.847959],[-111.361475,32.849699],[-111.362146,32.849703],[-111.362943,32.849708],[-111.367253,32.849733],[-111.371395,32.84976],[-111.374995,32.849783],[-111.378579,32.849803],[-111.382725,32.849845],[-111.385799,32.849887],[-111.389778,32.849939],[-111.391767,32.849961],[-111.392352,32.849963],[-111.395775,32.850002],[-111.396596,32.850011],[-111.400859,32.850054],[-111.405247,32.850099],[-111.409582,32.850144],[-111.411513,32.850164],[-111.41298,32.850179],[-111.41379,32.850187],[-111.417998,32.850223],[-111.422351,32.850264],[-111.425941,32.850293],[-111.426417,32.850293],[-111.430251,32.850334],[-111.430827,32.850326],[-111.433226,32.850369],[-111.434903,32.850388],[-111.43596,32.850403],[-111.436584,32.850419],[-111.436804,32.850413],[-111.436952,32.850416],[-111.4391,32.85044],[-111.445218,32.850518],[-111.447408,32.850545],[-111.449152,32.850561],[-111.450422,32.850572],[-111.45264,32.850594],[-111.453761,32.850636],[-111.455977,32.850625],[-111.456505,32.850622],[-111.4571,32.850622],[-111.464697,32.850645],[-111.4717,32.850639],[-111.474629,32.850672],[-111.480775,32.850686],[-111.48679,32.85065],[-111.486807,32.85065],[-111.48976,32.850512],[-111.49041,32.85044],[-111.493738,32.85043],[-111.493754,32.85043],[-111.497858,32.850418],[-111.497982,32.850426],[-111.498,32.849272],[-111.49798,32.845623],[-111.497979,32.845447],[-111.498001,32.84537],[-111.498024,32.845291],[-111.497977,32.845115],[-111.497981,32.841738],[-111.498018,32.835988],[-111.498174,32.821447],[-111.497967,32.821447],[-111.492422,32.821452],[-111.492399,32.821138],[-111.492431,32.814204],[-111.493182,32.814202],[-111.493208,32.808751],[-111.493212,32.807831],[-111.493239,32.806998],[-111.495182,32.807029],[-111.497257,32.807008],[-111.497506,32.806949],[-111.497573,32.806941],[-111.497697,32.806925],[-111.498197,32.806931],[-111.498305,32.806928],[-111.498282,32.799698],[-111.497847,32.79971],[-111.493895,32.799709],[-111.493898,32.798863],[-111.493902,32.797735],[-111.493906,32.796325],[-111.49391,32.795211],[-111.493913,32.794101],[-111.493917,32.792992],[-111.493918,32.792714],[-111.493926,32.792439],[-111.493927,32.792373],[-111.494262,32.792321],[-111.494483,32.792293],[-111.495305,32.792284],[-111.498225,32.792312],[-111.498267,32.792312],[-111.498273,32.792198],[-111.498278,32.792112],[-111.498278,32.79199],[-111.498277,32.791582],[-111.498277,32.791521],[-111.498266,32.784297],[-111.49837,32.777883],[-111.500811,32.777873],[-111.504199,32.777866],[-111.510635,32.777853],[-111.510915,32.777853],[-111.51109,32.777853],[-111.511336,32.777852],[-111.511511,32.777852],[-111.515041,32.777844],[-111.51518,32.777844],[-111.515176,32.778529],[-111.515173,32.77897],[-111.512303,32.778973],[-111.511753,32.778975],[-111.511496,32.778978],[-111.511464,32.779275],[-111.51153,32.791531],[-111.515417,32.791528],[-111.515417,32.791955],[-111.515417,32.792057],[-111.515416,32.792138],[-111.515416,32.792394],[-111.515391,32.799684],[-111.515366,32.8069],[-111.515366,32.808273],[-111.515349,32.809527],[-111.515347,32.810522],[-111.511169,32.810529],[-111.511163,32.812343],[-111.511157,32.81416],[-111.51115,32.816315],[-111.515335,32.816309],[-111.515333,32.816896],[-111.515326,32.819874],[-111.511138,32.819885],[-111.511135,32.821034],[-111.511134,32.821174],[-111.511137,32.821309],[-111.51115,32.821429],[-111.515323,32.821435],[-111.515323,32.821495],[-111.515312,32.826537],[-111.515295,32.828834],[-111.515284,32.830368],[-111.515278,32.832276],[-111.515267,32.835912],[-111.519619,32.835929],[-111.519756,32.835929],[-111.523936,32.835925],[-111.524483,32.835924],[-111.528284,32.835904],[-111.532536,32.835901],[-111.536818,32.83589],[-111.538966,32.835875],[-111.541126,32.835863],[-111.54877,32.835839],[-111.549784,32.835836],[-111.54986,32.835836],[-111.549912,32.835836],[-111.550057,32.835835],[-111.551064,32.835832],[-111.552223,32.835828],[-111.552236,32.835828],[-111.555898,32.835817],[-111.558768,32.835811],[-111.560231,32.835808],[-111.562514,32.835816],[-111.565379,32.835814],[-111.567414,32.835789],[-111.567634,32.835786],[-111.56768,32.835786],[-111.567648,32.8411],[-111.567648,32.841137],[-111.567638,32.842867],[-111.567638,32.843009],[-111.567635,32.843034],[-111.567635,32.843074],[-111.575074,32.843045],[-111.575119,32.850339],[-111.576169,32.850339],[-111.57617,32.85046],[-111.576164,32.851006],[-111.57616,32.851336],[-111.576144,32.85167],[-111.576125,32.8521],[-111.576391,32.851993],[-111.576893,32.851801],[-111.577394,32.851625],[-111.577863,32.851537],[-111.578339,32.85152],[-111.578645,32.85152],[-111.578893,32.851531],[-111.579231,32.85158],[-111.580046,32.851788],[-111.580313,32.85185],[-111.580541,32.851866],[-111.58088,32.851855],[-111.581407,32.851844],[-111.5826,32.851782],[-111.582762,32.851816],[-111.582932,32.851866],[-111.583056,32.851915],[-111.583225,32.852052],[-111.583375,32.852212],[-111.58359,32.852491],[-111.584209,32.853202],[-111.584359,32.853323],[-111.584528,32.853416],[-111.584717,32.853498],[-111.584773,32.853513],[-111.584906,32.853548],[-111.585245,32.85363],[-111.586255,32.8539],[-111.586411,32.853927],[-111.586757,32.853971],[-111.586972,32.853976],[-111.588672,32.853959],[-111.593421,32.854002],[-111.594867,32.853991],[-111.597141,32.854011],[-111.59746,32.854007],[-111.597636,32.853985],[-111.597766,32.853957],[-111.597871,32.853918],[-111.598001,32.853836],[-111.598105,32.853752],[-111.598222,32.853648],[-111.598392,32.853521],[-111.59985,32.852279],[-111.601257,32.851107],[-111.602092,32.85042],[-111.60209,32.850525],[-111.602129,32.850525],[-111.602091,32.854445],[-111.602059,32.857716],[-111.602058,32.857872],[-111.601991,32.864722],[-111.601988,32.865032],[-111.602696,32.865033],[-111.602918,32.86415],[-111.603048,32.863743],[-111.603341,32.863342],[-111.603424,32.863254],[-111.603481,32.863199],[-111.60362,32.863095],[-111.603665,32.863066],[-111.603755,32.863016],[-111.60383,32.862985],[-111.603882,32.862972],[-111.604221,32.862935],[-111.604442,32.862945],[-111.604924,32.862945],[-111.605517,32.862912],[-111.606312,32.862895],[-111.607797,32.86284],[-111.607999,32.862806],[-111.608149,32.862746],[-111.608312,32.862642],[-111.608521,32.862482],[-111.608716,32.862273],[-111.60966,32.861338],[-111.610703,32.860289],[-111.61067,32.860993],[-111.610645,32.865124],[-111.610643,32.8653],[-111.610573,32.872358],[-111.602174,32.872357],[-111.602029,32.872357],[-111.601903,32.872357],[-111.593273,32.872327],[-111.593272,32.872512],[-111.593259,32.874293],[-111.593245,32.875062],[-111.593239,32.875672],[-111.593246,32.876078],[-111.593239,32.876464],[-111.593227,32.878064],[-111.593214,32.878922],[-111.593227,32.879313],[-111.593214,32.879678],[-111.593632,32.879682],[-111.601824,32.879682],[-111.605352,32.879691],[-111.610506,32.879686],[-111.614397,32.879694],[-111.616611,32.879692],[-111.617657,32.879691],[-111.619116,32.879693],[-111.621363,32.879696],[-111.62319,32.879703],[-111.625016,32.879709],[-111.626093,32.879722],[-111.627459,32.879723],[-111.627653,32.879724],[-111.627696,32.879724],[-111.62781,32.879724],[-111.6278,32.879504],[-111.627776,32.879003],[-111.627805,32.877154],[-111.627851,32.875282],[-111.627887,32.873842],[-111.627913,32.872775],[-111.627922,32.872405],[-111.628035,32.865077],[-111.628034,32.865026],[-111.627514,32.865034],[-111.623995,32.865032],[-111.623649,32.865032],[-111.623668,32.861388],[-111.619325,32.861395],[-111.619346,32.857726],[-111.619429,32.857725],[-111.627633,32.85772],[-111.628047,32.85772],[-111.62805,32.855013],[-111.628051,32.854097],[-111.628087,32.854096],[-111.631923,32.854099],[-111.63672,32.854102],[-111.636719,32.854975],[-111.636628,32.86502],[-111.636719,32.86502],[-111.645313,32.865051],[-111.64534,32.853792],[-111.64534,32.853597],[-111.645343,32.853426],[-111.645383,32.85067],[-111.645373,32.850444],[-111.645686,32.850448],[-111.648132,32.850448],[-111.650295,32.850462],[-111.651221,32.850457],[-111.651322,32.850456],[-111.651421,32.850455],[-111.654091,32.850448],[-111.654116,32.854675],[-111.654064,32.857805],[-111.653972,32.863129],[-111.653998,32.865051],[-111.653893,32.872144],[-111.653725,32.878693],[-111.653716,32.879727],[-111.653717,32.879874],[-111.653707,32.880329],[-111.653702,32.881377],[-111.653731,32.886943],[-111.653731,32.886978],[-111.653732,32.887076],[-111.653727,32.887813],[-111.653726,32.888109],[-111.6537,32.888956],[-111.653687,32.890102],[-111.653681,32.890963],[-111.653665,32.8919],[-111.65365,32.893644],[-111.653639,32.894297],[-111.65404,32.894291],[-111.654484,32.894302],[-111.656247,32.894275],[-111.657011,32.894275],[-111.659005,32.89425],[-111.661967,32.894249],[-111.662365,32.894244],[-111.662972,32.894236],[-111.663679,32.894236],[-111.664643,32.894227],[-111.665528,32.894219],[-111.666704,32.894219],[-111.667174,32.894213],[-111.667699,32.894208],[-111.669726,32.894199],[-111.67058,32.894188],[-111.670734,32.894185],[-111.671492,32.894193],[-111.672957,32.894196],[-111.673969,32.894193],[-111.676052,32.894208],[-111.67747,32.894205],[-111.67938,32.89421],[-111.680647,32.894218],[-111.682906,32.894216],[-111.683774,32.894228],[-111.684925,32.894232],[-111.685797,32.894228],[-111.686703,32.894219],[-111.687049,32.894224],[-111.687185,32.894225],[-111.687465,32.894226],[-111.687928,32.894228],[-111.688225,32.894226],[-111.690597,32.894213],[-111.69081,32.894261],[-111.691237,32.894266],[-111.692308,32.89426],[-111.693119,32.894256],[-111.696556,32.894261],[-111.701053,32.894255],[-111.703705,32.894253],[-111.705219,32.894244],[-111.705388,32.894243],[-111.70754,32.894264],[-111.709651,32.894269],[-111.711981,32.894275],[-111.71399,32.894275],[-111.715576,32.894267],[-111.716387,32.894244],[-111.716523,32.894207],[-111.716746,32.894202],[-111.718713,32.894195],[-111.719246,32.894193],[-111.722235,32.894176],[-111.722534,32.894177],[-111.722641,32.894177],[-111.725199,32.894181],[-111.728638,32.894146],[-111.73054,32.894136],[-111.731108,32.894132],[-111.731292,32.89413],[-111.732074,32.894126],[-111.732112,32.894126],[-111.732531,32.894123],[-111.734006,32.894113],[-111.734642,32.894109],[-111.735289,32.894101],[-111.735505,32.894098],[-111.736147,32.894091],[-111.737125,32.894078],[-111.737778,32.894081],[-111.73821,32.894083],[-111.738733,32.894109],[-111.739829,32.894139],[-111.739957,32.894139],[-111.739968,32.895148],[-111.739963,32.895688],[-111.739962,32.896237],[-111.739958,32.897691],[-111.739959,32.898538],[-111.73996,32.899238],[-111.740867,32.899243],[-111.741573,32.899133],[-111.741615,32.8992],[-111.741616,32.899243],[-111.742075,32.899245],[-111.7425,32.899245],[-111.742817,32.89925],[-111.742966,32.899251],[-111.743056,32.899251],[-111.7434,32.899252],[-111.74384,32.899254],[-111.7443,32.89926],[-111.744803,32.899261],[-111.745244,32.899261],[-111.745365,32.899259],[-111.745587,32.899257],[-111.745715,32.89928],[-111.745756,32.899288],[-111.745972,32.899334],[-111.746134,32.899411],[-111.746288,32.89954],[-111.746399,32.899683],[-111.74645,32.8998],[-111.746695,32.899804],[-111.747145,32.8998],[-111.748577,32.899805],[-111.748657,32.899808],[-111.748757,32.899814],[-111.749184,32.899832],[-111.749432,32.899867],[-111.749833,32.89994],[-111.750019,32.900005],[-111.750294,32.900118],[-111.750473,32.900239],[-111.750735,32.900444],[-111.751167,32.900765],[-111.751655,32.901138],[-111.751788,32.901201],[-111.752013,32.90132],[-111.752248,32.901404],[-111.752427,32.901442],[-111.752707,32.901483],[-111.752962,32.901499],[-111.753431,32.901493],[-111.754992,32.901476],[-111.755884,32.901469],[-111.756307,32.901468],[-111.756441,32.901469],[-111.757051,32.901469],[-111.757317,32.901468],[-111.757303,32.902209],[-111.757327,32.905032],[-111.757295,32.907176],[-111.757293,32.907334],[-111.757262,32.90878],[-111.757628,32.908776],[-111.758007,32.908762],[-111.758357,32.908763],[-111.761574,32.908706],[-111.762528,32.90869],[-111.76266,32.908686],[-111.764041,32.908642],[-111.765894,32.908611],[-111.768045,32.908563],[-111.768956,32.908544],[-111.769676,32.908532],[-111.771466,32.908499],[-111.772019,32.908486],[-111.773834,32.908451],[-111.774122,32.908453],[-111.775377,32.908459],[-111.778758,32.908445],[-111.781007,32.908441],[-111.782759,32.908454],[-111.783918,32.908434],[-111.784104,32.908431],[-111.785055,32.908436],[-111.785929,32.90844],[-111.791247,32.908462],[-111.791401,32.90847],[-111.791508,32.908461],[-111.791539,32.908445],[-111.791535,32.908663],[-111.791733,32.908446],[-111.800315,32.908494],[-111.804652,32.908517],[-111.80465,32.908913],[-111.804608,32.912187],[-111.808969,32.912221],[-111.808971,32.911784],[-111.808982,32.910051],[-111.808983,32.90974],[-111.807026,32.90853],[-111.807417,32.908532],[-111.807457,32.908558],[-111.808281,32.909042],[-111.808794,32.909356],[-111.808987,32.909477],[-111.809155,32.909582],[-111.809148,32.909331],[-111.809135,32.908876],[-111.808889,32.908386],[-111.80889,32.901857],[-111.808982,32.901287],[-111.808906,32.894035],[-111.808926,32.890417],[-111.808929,32.889958],[-111.808929,32.889818],[-111.817509,32.889809],[-111.826098,32.889801],[-111.8261,32.890213],[-111.826102,32.89085],[-111.827264,32.890872],[-111.827593,32.890878],[-111.827919,32.890879],[-111.828996,32.890881],[-111.830002,32.890884],[-111.830505,32.890887],[-111.830563,32.89072],[-111.830575,32.890242],[-111.830521,32.890241],[-111.830548,32.889832],[-111.83128,32.889832],[-111.831856,32.889833],[-111.832804,32.889833],[-111.833102,32.889836],[-111.83449,32.88985],[-111.834458,32.889997],[-111.83445,32.89004],[-111.834376,32.890453],[-111.83432,32.890862],[-111.834318,32.890904],[-111.834275,32.891657],[-111.834276,32.89211],[-111.834323,32.89322],[-111.834351,32.893461],[-111.834471,32.894052],[-111.836409,32.894061],[-111.83847,32.894081],[-111.838792,32.894084],[-111.839526,32.894092],[-111.843034,32.894128],[-111.843145,32.894129],[-111.843199,32.894139],[-111.843862,32.894122],[-111.844741,32.894122],[-111.845038,32.894134],[-111.845163,32.894143],[-111.845375,32.894185],[-111.845686,32.894219],[-111.845902,32.89423],[-111.846454,32.894218],[-111.847163,32.894213],[-111.847329,32.894226],[-111.847729,32.89434],[-111.848106,32.894488],[-111.848208,32.894509],[-111.848273,32.894492],[-111.848344,32.894461],[-111.848494,32.894371],[-111.84808,32.894092],[-111.8471,32.894092],[-111.847014,32.894092],[-111.843353,32.892563],[-111.843352,32.892496],[-111.843348,32.89213],[-111.843347,32.89179],[-111.843353,32.89118],[-111.84336,32.890094],[-111.845754,32.89011],[-111.855918,32.890194],[-111.859984,32.89401],[-111.860686,32.894627],[-111.860674,32.893994],[-111.860632,32.890997],[-111.860641,32.89051],[-111.86066,32.889398],[-111.860653,32.889032],[-111.860639,32.887234],[-111.860631,32.886395],[-111.860627,32.886004],[-111.860623,32.884414],[-111.860593,32.883122],[-111.860591,32.883006],[-111.860591,32.882866],[-111.860592,32.881373],[-111.860594,32.880767],[-111.860604,32.879449],[-111.861235,32.879447],[-111.861946,32.879446],[-111.862154,32.879446],[-111.862355,32.879454],[-111.862765,32.879471],[-111.86288,32.879471],[-111.864353,32.879466],[-111.864887,32.879461],[-111.864911,32.879461],[-111.866082,32.879478],[-111.866381,32.879483],[-111.86968,32.879486],[-111.874559,32.87949],[-111.875604,32.879492],[-111.877584,32.879505],[-111.877585,32.87919],[-111.877652,32.875022],[-111.877608,32.874211],[-111.877606,32.872297],[-111.877606,32.872217],[-111.860581,32.872179],[-111.858944,32.872204],[-111.856625,32.872104],[-111.852591,32.87209],[-111.851955,32.872087],[-111.851848,32.872093],[-111.84773,32.872073],[-111.846241,32.872104],[-111.845965,32.87211],[-111.844125,32.872126],[-111.843376,32.872124],[-111.843373,32.871581],[-111.84337,32.871074],[-111.843368,32.870573],[-111.843367,32.870072],[-111.843361,32.869563],[-111.84335,32.869052],[-111.84334,32.868615],[-111.843341,32.868098],[-111.843342,32.867312],[-111.843343,32.866524],[-111.843336,32.865736],[-111.843327,32.864863],[-111.843249,32.864863],[-111.843247,32.864123],[-111.843233,32.86246],[-111.843214,32.860594],[-111.84328,32.859263],[-111.843219,32.852336],[-111.843176,32.850879],[-111.843256,32.850423],[-111.843338,32.850236],[-111.825979,32.850102],[-111.825992,32.84932],[-111.825972,32.845429],[-111.825984,32.843815],[-111.825961,32.842062],[-111.825979,32.840423],[-111.825991,32.836433],[-111.825975,32.835742],[-111.825953,32.834767],[-111.825943,32.833031],[-111.825954,32.831308],[-111.825953,32.830101],[-111.825938,32.828522],[-111.825941,32.828187],[-111.825943,32.82786],[-111.825852,32.82786],[-111.825231,32.827862],[-111.824622,32.827883],[-111.823514,32.827882],[-111.821174,32.827868],[-111.819703,32.827872],[-111.819297,32.827855],[-111.81838,32.827871],[-111.813053,32.827899],[-111.812524,32.827883],[-111.810038,32.827894],[-111.809077,32.827894],[-111.808936,32.827894],[-111.808928,32.828197],[-111.807422,32.828204],[-111.802342,32.828184],[-111.798584,32.828167],[-111.791822,32.828139],[-111.788599,32.828144],[-111.785677,32.828153],[-111.781233,32.828184],[-111.780933,32.828178],[-111.780875,32.828175],[-111.780294,32.82815],[-111.779097,32.828159],[-111.777832,32.828167],[-111.776273,32.82817],[-111.774795,32.828173],[-111.774325,32.82817],[-111.774328,32.827849],[-111.774013,32.827849],[-111.772473,32.827872],[-111.770686,32.827866],[-111.770193,32.827864],[-111.767772,32.827863],[-111.767141,32.82784],[-111.764125,32.827863],[-111.760106,32.827869],[-111.758703,32.827866],[-111.757356,32.827863],[-111.75736,32.827423],[-111.757376,32.82546],[-111.757378,32.825198],[-111.757382,32.824737],[-111.757388,32.823312],[-111.75739,32.822691],[-111.757391,32.822442],[-111.757384,32.821231],[-111.757384,32.8212],[-111.757384,32.821132],[-111.757381,32.820537],[-111.757369,32.819854],[-111.757336,32.81806],[-111.75731,32.815787],[-111.757263,32.813106],[-111.757252,32.812505],[-111.757176,32.806638],[-111.757176,32.806626],[-111.757303,32.806625],[-111.757302,32.806302],[-111.757281,32.799867],[-111.757294,32.799278],[-111.757201,32.799274],[-111.757003,32.799276],[-111.755061,32.799291],[-111.753519,32.7993],[-111.748401,32.799331],[-111.747648,32.799336],[-111.744241,32.799356],[-111.740254,32.799381],[-111.740015,32.799383],[-111.739943,32.799381],[-111.73993,32.799381],[-111.739929,32.799152],[-111.739928,32.797542],[-111.739928,32.796979],[-111.739933,32.795867],[-111.739932,32.795721],[-111.739931,32.795672],[-111.739916,32.794827],[-111.73992,32.792635],[-111.739895,32.792174],[-111.739899,32.792118],[-111.739913,32.791539],[-111.739913,32.790286],[-111.739925,32.786336],[-111.739935,32.785749],[-111.739937,32.784729],[-111.739938,32.783816],[-111.73996,32.78296],[-111.739995,32.780153],[-111.739991,32.779626],[-111.739948,32.778283],[-111.739954,32.777572],[-111.739944,32.777206],[-111.739985,32.776208],[-111.740072,32.764597],[-111.74008,32.763622],[-111.74058,32.763052],[-111.740083,32.763048],[-111.739926,32.763047],[-111.739738,32.763046],[-111.732254,32.762985],[-111.731297,32.762977],[-111.724486,32.762923],[-111.723523,32.762924],[-111.722806,32.762925],[-111.722794,32.762827],[-111.722791,32.76278],[-111.72278,32.762585],[-111.722795,32.751998],[-111.722817,32.751188],[-111.722833,32.750017],[-111.722818,32.749699],[-111.722823,32.748247],[-111.722788,32.746758],[-111.722843,32.74409],[-111.722862,32.741146],[-111.722862,32.7411],[-111.722864,32.740969],[-111.72279,32.740913],[-111.713779,32.733888],[-111.713559,32.733717],[-111.705869,32.727857],[-111.704178,32.726568],[-111.697261,32.721296],[-111.694674,32.719324],[-111.697261,32.719332],[-111.705901,32.719114],[-111.706277,32.719115],[-111.714276,32.719146],[-111.714386,32.712205],[-111.7145,32.704954],[-111.714504,32.704694],[-111.714569,32.69734],[-111.71461,32.69271],[-111.714633,32.689975],[-111.70684,32.689943],[-111.706057,32.68994],[-111.701321,32.689948],[-111.688872,32.689931],[-111.688881,32.689402],[-111.688886,32.688973],[-111.688894,32.687071],[-111.6889,32.686527],[-111.688899,32.685789],[-111.688919,32.682774],[-111.688919,32.682176],[-111.688922,32.681592],[-111.688927,32.68111],[-111.688926,32.680736],[-111.688931,32.680227],[-111.688939,32.679454],[-111.688943,32.678084],[-111.688975,32.677094],[-111.68897,32.67605],[-111.688966,32.675956],[-111.688952,32.675365],[-111.687649,32.675356],[-111.686432,32.675373],[-111.685043,32.675379],[-111.684886,32.675382],[-111.684739,32.675382],[-111.683651,32.675396],[-111.682985,32.675392],[-111.682717,32.67539],[-111.682286,32.675389],[-111.680998,32.675382],[-111.673386,32.675393],[-111.671957,32.675379],[-111.671956,32.675226],[-111.672008,32.673792],[-111.67202,32.672241],[-111.672059,32.670544],[-111.672064,32.669207],[-111.672072,32.667596],[-111.672039,32.664577],[-111.672041,32.66414],[-111.672048,32.662976],[-111.672037,32.658823],[-111.67201,32.657483],[-111.672007,32.655405],[-111.672003,32.654704],[-111.672011,32.653357],[-111.672025,32.650667],[-111.672016,32.649093],[-111.672028,32.647461],[-111.67203,32.646126],[-111.671799,32.646124],[-111.670947,32.646141],[-111.669866,32.646137],[-111.668739,32.646144],[-111.665607,32.646138],[-111.664476,32.646153],[-111.66346,32.646133],[-111.662408,32.646134],[-111.659577,32.646149],[-111.658642,32.646138],[-111.657702,32.646152],[-111.656693,32.646146],[-111.655791,32.646154],[-111.654839,32.646144],[-111.653803,32.646124],[-111.652757,32.64612],[-111.651855,32.646134],[-111.649036,32.646158],[-111.648337,32.646164],[-111.647311,32.64616],[-111.64621,32.646172],[-111.646018,32.646172],[-111.644552,32.646167],[-111.643618,32.646174],[-111.642529,32.646182],[-111.641675,32.646172],[-111.63986,32.6462],[-111.637531,32.646192],[-111.636974,32.646189],[-111.636041,32.64621],[-111.634991,32.646197],[-111.632293,32.646222],[-111.631236,32.646216],[-111.630181,32.64623],[-111.62703,32.646253],[-111.62609,32.646251],[-111.625454,32.646257],[-111.623034,32.646287],[-111.620879,32.646267],[-111.620627,32.646275],[-111.620266,32.646287],[-111.619559,32.64631],[-111.617126,32.646334],[-111.615264,32.646324],[-111.611731,32.646349],[-111.608779,32.646369],[-111.606082,32.646411],[-111.603094,32.646406],[-111.602663,32.646407],[-111.60173,32.646409],[-111.599739,32.646394],[-111.599002,32.646397],[-111.596964,32.646407],[-111.595708,32.6464],[-111.594924,32.646403],[-111.585967,32.646428],[-111.581168,32.646482],[-111.578721,32.646487],[-111.577579,32.646516],[-111.577037,32.646521],[-111.572906,32.646557],[-111.570381,32.646579],[-111.568489,32.646577],[-111.566578,32.646577],[-111.563753,32.646608],[-111.562854,32.6466],[-111.562525,32.646608],[-111.560455,32.6466],[-111.560074,32.64661],[-111.559009,32.646637],[-111.557265,32.64665],[-111.556524,32.646635],[-111.552645,32.646692],[-111.551357,32.646686],[-111.550537,32.646683],[-111.549206,32.646707],[-111.548152,32.646704],[-111.547399,32.646729],[-111.546575,32.646729],[-111.545419,32.646754],[-111.543133,32.646785],[-111.54248,32.646789],[-111.535486,32.646831],[-111.534059,32.646878],[-111.5339,32.646883],[-111.533666,32.64689],[-111.532026,32.646886],[-111.531354,32.646884],[-111.531067,32.64688],[-111.530683,32.646875],[-111.528033,32.646839],[-111.526312,32.646835],[-111.525461,32.646825],[-111.524287,32.646811],[-111.522011,32.646799],[-111.519571,32.646769],[-111.516711,32.64676],[-111.510459,32.646717],[-111.500436,32.646648],[-111.500018,32.646645],[-111.499602,32.646648],[-111.499623,32.645719],[-111.499608,32.63953],[-111.499598,32.635373],[-111.499589,32.634577],[-111.499593,32.634323],[-111.499607,32.633525],[-111.499595,32.632502],[-111.499598,32.63219],[-111.499604,32.631419],[-111.499592,32.63037],[-111.499576,32.6297],[-111.499597,32.629177],[-111.499592,32.628349],[-111.499593,32.627494],[-111.499569,32.626686],[-111.499587,32.625801],[-111.499556,32.625014],[-111.499556,32.622393],[-111.499542,32.621121],[-111.499542,32.619735],[-111.499536,32.619022],[-111.49953,32.618294],[-111.499542,32.617649],[-111.496586,32.617651],[-111.492217,32.617665],[-111.491725,32.617677],[-111.49013,32.61772],[-111.488398,32.617705],[-111.484608,32.617735],[-111.482752,32.617753],[-111.482658,32.617744],[-111.482502,32.617727],[-111.482469,32.617706],[-111.482425,32.617641],[-111.482391,32.617494],[-111.482367,32.617193],[-111.482374,32.615032],[-111.482391,32.614353],[-111.477109,32.6145],[-111.477056,32.614503],[-111.465457,32.614796],[-111.465537,32.611736],[-111.465992,32.607297],[-111.466074,32.60552],[-111.465994,32.605262],[-111.46552,32.603726],[-111.46549,32.602991],[-111.465488,32.602804],[-111.465481,32.60205],[-111.465497,32.600498],[-111.465503,32.599914],[-111.465491,32.598973],[-111.465508,32.597907],[-111.465524,32.591158],[-111.465558,32.589194],[-111.465553,32.588925],[-111.465576,32.588506],[-111.465572,32.58841],[-111.465553,32.588332],[-111.465516,32.588251],[-111.465458,32.588198],[-111.4658,32.586999],[-111.465802,32.586603],[-111.465803,32.586356],[-111.465805,32.585882],[-111.465837,32.578283],[-111.465863,32.57736],[-111.465842,32.574418],[-111.465774,32.564691],[-111.465835,32.559264],[-111.465847,32.558884],[-111.465847,32.557636],[-111.465852,32.544987],[-111.465263,32.538659],[-111.4652,32.537643],[-111.465386,32.535272],[-111.465356,32.535155],[-111.465316,32.534869],[-111.465316,32.53461],[-111.465245,32.534374],[-111.465174,32.534191],[-111.465161,32.534027],[-111.46518,32.533873],[-111.465342,32.533406],[-111.46542,32.53296],[-111.465515,32.532725],[-111.465703,32.530023],[-111.465736,32.52221],[-111.465743,32.520575],[-111.465726,32.515043],[-111.465685,32.501342],[-111.43782,32.50135],[-111.437256,32.501349],[-111.432338,32.501351],[-111.432023,32.501332],[-111.42327,32.501348],[-111.419775,32.501356],[-111.413587,32.501367],[-111.412479,32.501369],[-111.412343,32.501369],[-111.410226,32.501372],[-111.405954,32.501379],[-111.40565,32.501353],[-111.405265,32.501352],[-111.401784,32.501352],[-111.397715,32.501351],[-111.383059,32.501348],[-111.380919,32.501348],[-111.369767,32.501348],[-111.369447,32.501348],[-111.369422,32.501348],[-111.366778,32.501349],[-111.36667,32.501349],[-111.365058,32.50135],[-111.36373,32.501351],[-111.360904,32.50136],[-111.359656,32.501364],[-111.355521,32.501378],[-111.351577,32.50139],[-111.351531,32.501355],[-111.350652,32.501161],[-111.35021,32.501049],[-111.34861,32.500678],[-111.34592,32.500036],[-111.345866,32.500021],[-111.345213,32.499846],[-111.344879,32.499721],[-111.344774,32.499697],[-111.344466,32.499676],[-111.344336,32.499685],[-111.344036,32.499707],[-111.343888,32.49969],[-111.343427,32.499588],[-111.343275,32.499564],[-111.342924,32.499452],[-111.342852,32.499435],[-111.342747,32.499399],[-111.342468,32.49924],[-111.342206,32.499054],[-111.341909,32.498798],[-111.341405,32.498342],[-111.341019,32.498008],[-111.340357,32.497425],[-111.340117,32.497215],[-111.339805,32.496968],[-111.339377,32.496562],[-111.339186,32.496371],[-111.339083,32.496268],[-111.338879,32.495987],[-111.338759,32.495757],[-111.338593,32.494915],[-111.33857,32.494738],[-111.338539,32.49458],[-111.338509,32.494061],[-111.3385,32.493584],[-111.3385,32.493268],[-111.338505,32.48891],[-111.338578,32.483486],[-111.338623,32.480226],[-111.338608,32.479373],[-111.338607,32.479261],[-111.338548,32.477925],[-111.338544,32.476815],[-111.338544,32.476747],[-111.338532,32.475963],[-111.338525,32.475528],[-111.338525,32.475091],[-111.338525,32.474402],[-111.338512,32.472482],[-111.338507,32.471612],[-111.33836,32.471469],[-111.338186,32.471299],[-111.33792,32.47104],[-111.337774,32.470898],[-111.337119,32.470259],[-111.335154,32.468344],[-111.3345,32.467706],[-111.334455,32.467704],[-111.334118,32.46763],[-111.333425,32.467428],[-111.332929,32.467225],[-111.33257,32.467003],[-111.331051,32.465883],[-111.330642,32.465587],[-111.329806,32.464987],[-111.329747,32.464945],[-111.329039,32.464433],[-111.328774,32.464243],[-111.328454,32.464037],[-111.328215,32.463921],[-111.328029,32.463858],[-111.327787,32.463802],[-111.327554,32.463767],[-111.326627,32.463768],[-111.325767,32.46377],[-111.325708,32.463769],[-111.325595,32.46377],[-111.325553,32.46376],[-111.325328,32.463708],[-111.325149,32.463635],[-111.324965,32.463518],[-111.324948,32.463508],[-111.324797,32.463387],[-111.324666,32.463281],[-111.324057,32.462713],[-111.323888,32.462555],[-111.323529,32.462179],[-111.322911,32.461647],[-111.322887,32.46162],[-111.321909,32.460715],[-111.321861,32.460666],[-111.321273,32.460062],[-111.321166,32.459947],[-111.320847,32.459604],[-111.320695,32.45944],[-111.319906,32.458564],[-111.319828,32.458478],[-111.319593,32.458217],[-111.313222,32.451143],[-111.313187,32.451104],[-111.304477,32.451132],[-111.304257,32.451133],[-111.304268,32.444904],[-111.304263,32.44427],[-111.30426,32.444255],[-111.304255,32.444076],[-111.304263,32.443653],[-111.30426,32.442612],[-111.304259,32.441913],[-111.304257,32.440846],[-111.304257,32.439819],[-111.304257,32.439121],[-111.304256,32.438948],[-111.304256,32.438429],[-111.304256,32.438258],[-111.304256,32.437973],[-111.304256,32.437345],[-111.304256,32.43712],[-111.304256,32.436836],[-111.304255,32.436715],[-111.304255,32.436352],[-111.304255,32.436231],[-111.304254,32.435584],[-111.304252,32.433642],[-111.304252,32.432996],[-111.304251,32.432271],[-111.304248,32.430099],[-111.304247,32.429376],[-111.304246,32.427918],[-111.304244,32.423544],[-111.304244,32.422088],[-111.304238,32.420814],[-111.30422,32.416998],[-111.304214,32.415726],[-111.304206,32.414154],[-111.304184,32.409439],[-111.304177,32.407869],[-111.304173,32.407145],[-111.304163,32.404975],[-111.30416,32.404252],[-111.304156,32.400552],[-111.304151,32.393258],[-111.304157,32.393065],[-111.304141,32.392729],[-111.30408,32.392281],[-111.304056,32.39221],[-111.303999,32.392077],[-111.303956,32.392023],[-111.303813,32.392118],[-111.303085,32.392521],[-111.302685,32.392694],[-111.302317,32.392832],[-111.301949,32.392939],[-111.301678,32.393005],[-111.301535,32.39304],[-111.301142,32.393117],[-111.300752,32.393169],[-111.300309,32.393204],[-111.298686,32.393198],[-111.29442,32.393222],[-111.293977,32.393225],[-111.292928,32.393226],[-111.292143,32.393227],[-111.291482,32.393228],[-111.288933,32.393243],[-111.288452,32.393244],[-111.287016,32.39325],[-111.286961,32.393256],[-111.286363,32.393258],[-111.284569,32.393262],[-111.283972,32.393266],[-111.28186,32.393272],[-111.276561,32.39329],[-111.276559,32.393189],[-111.274433,32.393198],[-111.274304,32.393199],[-111.274175,32.393202],[-111.274047,32.393209],[-111.273918,32.393219],[-111.27367,32.393251],[-111.273392,32.39329],[-111.273377,32.393294],[-111.273362,32.393298],[-111.273347,32.393301],[-111.272955,32.39339],[-111.272844,32.393422],[-111.271659,32.393424],[-111.269958,32.393432],[-111.269961,32.394615],[-111.269838,32.394654],[-111.269714,32.394689],[-111.269588,32.394721],[-111.269461,32.394748],[-111.269333,32.394772],[-111.269204,32.394792],[-111.269075,32.394808],[-111.268945,32.394821],[-111.268814,32.394829],[-111.268683,32.394834],[-111.268552,32.394835],[-111.26378,32.394899],[-111.263775,32.395122],[-111.261686,32.395123],[-111.260973,32.395126],[-111.255474,32.39515],[-111.255188,32.39515],[-111.251156,32.395163],[-111.251071,32.395165],[-111.251048,32.395162],[-111.250981,32.395153],[-111.250959,32.395152],[-111.250911,32.395162],[-111.250762,32.395173],[-111.25021,32.395223],[-111.25017,32.395231],[-111.249977,32.395272],[-111.249818,32.395305],[-111.249206,32.395483],[-111.248915,32.395601],[-111.248711,32.395686],[-111.248248,32.395933],[-111.24757,32.396481],[-111.247252,32.396797],[-111.246985,32.397155],[-111.246674,32.397711],[-111.246611,32.397891],[-111.246453,32.398348],[-111.246303,32.39896],[-111.246115,32.399721],[-111.245846,32.400282],[-111.245616,32.400641],[-111.245362,32.400954],[-111.245091,32.401218],[-111.244678,32.401541],[-111.244299,32.40179],[-111.244008,32.401949],[-111.243967,32.401971],[-111.243678,32.402077],[-111.243196,32.402255],[-111.242864,32.402321],[-111.24242,32.402372],[-111.241668,32.402464],[-111.241594,32.402464],[-111.241556,32.402464],[-111.240624,32.402467],[-111.23556,32.402485],[-111.235293,32.402486],[-111.233968,32.402492],[-111.233978,32.401969],[-111.233978,32.40111],[-111.233986,32.399328],[-111.233988,32.398875],[-111.233988,32.398784],[-111.233996,32.397061],[-111.234003,32.395528],[-111.234001,32.394535],[-111.233996,32.392773],[-111.233995,32.392592],[-111.233967,32.386004],[-111.233973,32.38581],[-111.23397,32.385117],[-111.233955,32.383756],[-111.233963,32.383659],[-111.233849,32.3808],[-111.233847,32.380705],[-111.233838,32.379258],[-111.233811,32.374917],[-111.233803,32.373471],[-111.233796,32.372011],[-111.233775,32.367637],[-111.233769,32.366179],[-111.233773,32.36584],[-111.230903,32.365849],[-111.21664,32.365893],[-111.216437,32.365894],[-111.216477,32.369635],[-111.216476,32.369938],[-111.215864,32.36994],[-111.213466,32.369947],[-111.211886,32.369951],[-111.2087,32.369961],[-111.207158,32.369965],[-111.204047,32.369974],[-111.197695,32.369991],[-111.197585,32.369993],[-111.197202,32.369992],[-111.196877,32.369994],[-111.196633,32.369993],[-111.19658,32.369993],[-111.185056,32.370023],[-111.184425,32.370025],[-111.18245,32.37003],[-111.182457,32.380244],[-111.182459,32.380626],[-111.182466,32.380761],[-111.182466,32.380847],[-111.181359,32.380848],[-111.179651,32.38085],[-111.176066,32.380854],[-111.174302,32.380856],[-111.173962,32.380858],[-111.173901,32.380858],[-111.173902,32.380913],[-111.173946,32.384569],[-111.173989,32.388145],[-111.165448,32.388158],[-111.165405,32.385711],[-111.165394,32.385075],[-111.165782,32.384651],[-111.166255,32.384168],[-111.167235,32.383143],[-111.168113,32.382225],[-111.168134,32.382198],[-111.1688,32.381506],[-111.169134,32.381153],[-111.169289,32.380892],[-111.169266,32.380892],[-111.169223,32.380892],[-111.168961,32.380893],[-111.167829,32.380897],[-111.16755,32.380896],[-111.166978,32.380899],[-111.166572,32.380899],[-111.165682,32.380902],[-111.165355,32.380902],[-111.16495,32.380904],[-111.163829,32.380906],[-111.163463,32.380907],[-111.160469,32.380916],[-111.159349,32.38092],[-111.159175,32.380912],[-111.159082,32.380909],[-111.158838,32.380876],[-111.158664,32.380829],[-111.158497,32.380784],[-111.158472,32.380775],[-111.158397,32.380755],[-111.158373,32.38075],[-111.158345,32.380743],[-111.156802,32.380326],[-111.15647,32.380237],[-111.15562,32.38001],[-111.155369,32.379944],[-111.155306,32.379927],[-111.155231,32.379907],[-111.153939,32.379561],[-111.15285,32.379271],[-111.15076,32.378712],[-111.148884,32.378212],[-111.148857,32.378205],[-111.148637,32.378147],[-111.148655,32.380859],[-111.148659,32.380947],[-111.148545,32.380948],[-111.144399,32.380978],[-111.144343,32.378246],[-111.141956,32.37827],[-111.141717,32.378273],[-111.140746,32.378283],[-111.140365,32.378286],[-111.139987,32.378289],[-111.139608,32.37829],[-111.139151,32.378292],[-111.138985,32.378293],[-111.138877,32.378292],[-111.1389,32.378203],[-111.139024,32.377716],[-111.139074,32.377517],[-111.139204,32.377074],[-111.139388,32.376452],[-111.139584,32.375874],[-111.139766,32.375213],[-111.139824,32.375012],[-111.139831,32.37486],[-111.139704,32.37467],[-111.139671,32.374623],[-111.139628,32.374569],[-111.139585,32.374515],[-111.139544,32.374461],[-111.139512,32.374414],[-111.139384,32.374227],[-111.139269,32.374033],[-111.139394,32.373983],[-111.139558,32.373921],[-111.139769,32.373835],[-111.139727,32.373746],[-111.139991,32.373747],[-111.140081,32.373753],[-111.140179,32.373748],[-111.140167,32.371724],[-111.140157,32.37014],[-111.140153,32.369459],[-111.14015,32.368887],[-111.140146,32.368286],[-111.140015,32.368282],[-111.138852,32.368248],[-111.137945,32.368222],[-111.137934,32.367602],[-111.137932,32.367482],[-111.137911,32.366469],[-111.139941,32.366464],[-111.140028,32.36646],[-111.140024,32.366087],[-111.140005,32.363774],[-111.140003,32.363594],[-111.140002,32.363464],[-111.139998,32.362949],[-111.139997,32.362807],[-111.140624,32.362806],[-111.143885,32.362803],[-111.148156,32.362798],[-111.148479,32.362797],[-111.148535,32.362797],[-111.148519,32.357875],[-111.148512,32.355569],[-111.1485,32.351984],[-111.14843,32.351987],[-111.141999,32.352017],[-111.141935,32.352017],[-111.14121,32.35202],[-111.140607,32.352018],[-111.139932,32.352026],[-111.139933,32.351998],[-111.139941,32.35173],[-111.139947,32.351549],[-111.139927,32.350538],[-111.139919,32.350133],[-111.139914,32.349509],[-111.139894,32.348972],[-111.139908,32.34871],[-111.139923,32.348615],[-111.139943,32.348559],[-111.140025,32.348421],[-111.140039,32.348365],[-111.140044,32.348291],[-111.140034,32.348209],[-111.140001,32.348111],[-111.139913,32.347941],[-111.139901,32.347895],[-111.139905,32.347138],[-111.139919,32.346598],[-111.139906,32.346221],[-111.1399,32.346048],[-111.139898,32.345711],[-111.139905,32.345487],[-111.139893,32.34533],[-111.139895,32.345256],[-111.139903,32.345226],[-111.139926,32.345185],[-111.139985,32.345144],[-111.140022,32.345108],[-111.140048,32.345074],[-111.140062,32.345044],[-111.140067,32.345008],[-111.140062,32.344966],[-111.140046,32.344932],[-111.140017,32.344896],[-111.139971,32.344872],[-111.135515,32.344894],[-111.135591,32.337588],[-111.131492,32.337591],[-111.131479,32.337591],[-111.131261,32.330488],[-111.12262,32.330399],[-111.122529,32.325636],[-111.12253,32.315913],[-111.120448,32.315913],[-111.120367,32.315508],[-111.119423,32.315656],[-111.118429,32.315662],[-111.117678,32.315765],[-111.11676,32.31573],[-111.116476,32.31572],[-111.115374,32.315689],[-111.114641,32.315718],[-111.114615,32.315715],[-111.114192,32.315659],[-111.113962,32.315629],[-111.113204,32.315515],[-111.112329,32.315398],[-111.111598,32.31527],[-111.110855,32.314926],[-111.110382,32.314684],[-111.109847,32.314326],[-111.109423,32.313936],[-111.108898,32.313476],[-111.108466,32.313009],[-111.108306,32.312813],[-111.108092,32.312551],[-111.107878,32.312201],[-111.107557,32.311497],[-111.107335,32.31101],[-111.107007,32.31065],[-111.106556,32.310195],[-111.106333,32.309842],[-111.106133,32.309595],[-111.10549,32.308841],[-111.105348,32.308653],[-111.105316,32.30867],[-111.10501,32.308649],[-111.104965,32.308647],[-111.104942,32.308645],[-111.104464,32.308639],[-111.104155,32.308619],[-111.103983,32.308599],[-111.103643,32.308562],[-111.103447,32.308593],[-111.10325,32.308626],[-111.102969,32.308643],[-111.102856,32.308642],[-111.102658,32.308641],[-111.102218,32.308667],[-111.101365,32.308723],[-111.1009,32.308705],[-111.100591,32.308693],[-111.100461,32.308689],[-111.098069,32.308685],[-111.096903,32.3087],[-111.096793,32.308716],[-111.09631,32.308725],[-111.095347,32.308742],[-111.094129,32.30872],[-111.093797,32.308723],[-111.09304,32.308715],[-111.092588,32.308691],[-111.091947,32.308686],[-111.091528,32.308716],[-111.090997,32.308777],[-111.089562,32.308721],[-111.089333,32.30872],[-111.088648,32.308719],[-111.08842,32.308719],[-111.087294,32.308732],[-111.08726,32.308733],[-111.085862,32.308723],[-111.083916,32.308729],[-111.083391,32.308732],[-111.082791,32.308735],[-111.082758,32.308735],[-111.08266,32.308735],[-111.082628,32.308736],[-111.082068,32.308732],[-111.080573,32.308725],[-111.080388,32.308723],[-111.079829,32.308721],[-111.078987,32.308728],[-111.078634,32.308732],[-111.076463,32.308723],[-111.076299,32.308723],[-111.075622,32.308749],[-111.07405,32.308742],[-111.073386,32.30875],[-111.073311,32.308745],[-111.072925,32.308725],[-111.072892,32.308723],[-111.070271,32.30872],[-111.069212,32.30872],[-111.068197,32.308747],[-111.067289,32.308723],[-111.067101,32.308718],[-111.067107,32.308656],[-111.06564,32.308656],[-111.065565,32.308657],[-111.065496,32.308657],[-111.064519,32.308657],[-111.064076,32.308657],[-111.062933,32.308658],[-111.062874,32.308654],[-111.054657,32.308633],[-111.054579,32.308632],[-111.054498,32.308632],[-111.0545,32.30872],[-111.0545,32.3088],[-111.054491,32.309076],[-111.054465,32.309912],[-111.054456,32.310303],[-111.054453,32.310415],[-111.054453,32.310448],[-111.054531,32.310733],[-111.054546,32.310749],[-111.054588,32.310794],[-111.054586,32.31095],[-111.054567,32.312347],[-111.054428,32.312351],[-111.05421,32.312356],[-111.053278,32.312349],[-111.052941,32.312347],[-111.052638,32.312345],[-111.052644,32.312475],[-111.052669,32.313217],[-111.051831,32.313237],[-111.050488,32.313277],[-111.049895,32.31328],[-111.049728,32.313339],[-111.049639,32.31335],[-111.049515,32.313382],[-111.049384,32.313394],[-111.049177,32.313399],[-111.049014,32.313409],[-111.04869,32.31344],[-111.048529,32.313462],[-111.04821,32.313519],[-111.048053,32.313554],[-111.047896,32.313593],[-111.047794,32.313613],[-111.047694,32.313639],[-111.047548,32.313688],[-111.04729,32.313332],[-111.046007,32.313301],[-111.045998,32.314165],[-111.045995,32.314498],[-111.045992,32.314736],[-111.045925,32.314773],[-111.045812,32.314834],[-111.045793,32.314843],[-111.045699,32.314894],[-111.045767,32.314994],[-111.045972,32.315295],[-111.045986,32.315315],[-111.04561,32.315435],[-111.044693,32.315729],[-111.044431,32.315776],[-111.044189,32.31582],[-111.044116,32.315811],[-111.043533,32.315737],[-111.043016,32.315406],[-111.042707,32.314956],[-111.042533,32.314702],[-111.04205,32.313997],[-111.041439,32.312934],[-111.041146,32.312712],[-111.040932,32.312452],[-111.040803,32.312324],[-111.040447,32.312057],[-111.040242,32.311903],[-111.03918,32.311513],[-111.039054,32.311466],[-111.038642,32.311316],[-111.038013,32.311085],[-111.037702,32.311012],[-111.037392,32.310938],[-111.036536,32.310735],[-111.035177,32.310516],[-111.031739,32.310486],[-111.03095,32.310307],[-111.030176,32.31001],[-111.029933,32.309906],[-111.028925,32.309481],[-111.028807,32.309429],[-111.028707,32.309373],[-111.028571,32.309318],[-111.027699,32.30832],[-111.026876,32.307944],[-111.026825,32.307922],[-111.026688,32.307868],[-111.021948,32.30563],[-111.021812,32.305566],[-111.021798,32.30556],[-111.021648,32.30549],[-111.021319,32.305337],[-111.020474,32.30539],[-111.019165,32.304979],[-111.018839,32.304971],[-111.017261,32.304731],[-111.016641,32.304398],[-111.016401,32.30427],[-111.015869,32.303987],[-111.015106,32.303762],[-111.015065,32.30375],[-111.014072,32.303486],[-111.013822,32.30342],[-111.013573,32.303353],[-111.012801,32.303147],[-111.012033,32.302944],[-111.01062,32.302044],[-111.009206,32.301145],[-111.009074,32.301061],[-111.008942,32.300977],[-111.008799,32.300886],[-111.008508,32.300701],[-111.008073,32.300425],[-111.007278,32.299919],[-111.006483,32.299413],[-111.005545,32.298852],[-111.004427,32.298184],[-111.004275,32.298144],[-111.003338,32.297896],[-111.002228,32.297602],[-110.999236,32.296731],[-110.998404,32.296242],[-110.995746,32.29468],[-110.995717,32.29463],[-110.995697,32.294602],[-110.995406,32.294451],[-110.995123,32.294283],[-110.994776,32.294145],[-110.99377,32.293745],[-110.993712,32.293722],[-110.993684,32.293704],[-110.99303,32.293292],[-110.9918,32.292827],[-110.990493,32.292579],[-110.98926,32.292648],[-110.989068,32.292661],[-110.988593,32.292881],[-110.988214,32.293057],[-110.987836,32.293233],[-110.987175,32.29354],[-110.986791,32.293681],[-110.986705,32.293714],[-110.986659,32.293731],[-110.986283,32.293869],[-110.985814,32.294043],[-110.985318,32.294226],[-110.984359,32.294581],[-110.984329,32.294591],[-110.984307,32.2946],[-110.983693,32.294652],[-110.983546,32.294666],[-110.983055,32.29472],[-110.98255,32.294774],[-110.982416,32.294789],[-110.982398,32.294791],[-110.981903,32.295064],[-110.981694,32.294832],[-110.981415,32.294523],[-110.979662,32.294341],[-110.97916,32.294289],[-110.978346,32.294206],[-110.97827,32.294198],[-110.978157,32.294186],[-110.978156,32.29414],[-110.978156,32.294127],[-110.978152,32.294017],[-110.97815,32.293952],[-110.978148,32.293894],[-110.97814,32.291978],[-110.978114,32.290076],[-110.978104,32.28935],[-110.97809,32.28828],[-110.97808,32.287188],[-110.978074,32.286474],[-110.978073,32.285742],[-110.978076,32.284752],[-110.978065,32.283546],[-110.978058,32.282815],[-110.977475,32.282818],[-110.975417,32.282828],[-110.974732,32.282832],[-110.974578,32.282832],[-110.974116,32.282832],[-110.973962,32.282832],[-110.973854,32.282831],[-110.973654,32.282831],[-110.97353,32.282831],[-110.973423,32.282831],[-110.973245,32.282832],[-110.972711,32.282838],[-110.972534,32.282841],[-110.972467,32.28284],[-110.972269,32.282845],[-110.972203,32.282847],[-110.97221,32.282837],[-110.972201,32.282368],[-110.972184,32.281481],[-110.972175,32.281393],[-110.972158,32.281306],[-110.972128,32.281205],[-110.97208,32.281091],[-110.972024,32.280984],[-110.972007,32.28096],[-110.971957,32.280891],[-110.97169,32.280601],[-110.971453,32.280778],[-110.970374,32.281317],[-110.970216,32.281412],[-110.970046,32.281525],[-110.969979,32.28158],[-110.969959,32.281604],[-110.969604,32.281399],[-110.968478,32.281409],[-110.966019,32.281441],[-110.96503,32.28145],[-110.962251,32.281479],[-110.962063,32.281481],[-110.961938,32.281482],[-110.961815,32.281484],[-110.961075,32.281486],[-110.961075,32.27935],[-110.961063,32.278078],[-110.961061,32.277508],[-110.96106,32.277354],[-110.961055,32.276679],[-110.961052,32.275757],[-110.961054,32.275709],[-110.961052,32.275267],[-110.961043,32.273924],[-110.961042,32.273882],[-110.96104,32.273477],[-110.961036,32.27319],[-110.961026,32.272336],[-110.961023,32.272051],[-110.961022,32.271689],[-110.96102,32.270605],[-110.96102,32.270244],[-110.961019,32.270165],[-110.961016,32.269928],[-110.961016,32.269849],[-110.961014,32.269653],[-110.961008,32.269069],[-110.961006,32.268874],[-110.961005,32.268785],[-110.961003,32.26852],[-110.961003,32.268432],[-110.961004,32.268338],[-110.961008,32.268062],[-110.96101,32.26797],[-110.961007,32.267864],[-110.961001,32.267547],[-110.960999,32.267442],[-110.960997,32.267276],[-110.960994,32.266781],[-110.960993,32.266616],[-110.960993,32.266484],[-110.960993,32.266091],[-110.960994,32.26596],[-110.960992,32.265729],[-110.960986,32.26504],[-110.960984,32.264811],[-110.960428,32.264818],[-110.960127,32.264826],[-110.959546,32.264843],[-110.958663,32.264832],[-110.958056,32.264808],[-110.957557,32.264794],[-110.957155,32.264783],[-110.956701,32.264786],[-110.956071,32.264786],[-110.95418,32.264786],[-110.953551,32.264787],[-110.953304,32.264787],[-110.952563,32.264787],[-110.952317,32.264787],[-110.950159,32.264794],[-110.948091,32.264817],[-110.948055,32.264818],[-110.945921,32.264817],[-110.943786,32.264846],[-110.943442,32.264835],[-110.942148,32.264824],[-110.94164,32.264841],[-110.941214,32.26484],[-110.940763,32.264839],[-110.939938,32.26485],[-110.939513,32.264857],[-110.937368,32.264881],[-110.935243,32.264912],[-110.934715,32.264916],[-110.933919,32.264925],[-110.933132,32.264919],[-110.932605,32.264917],[-110.932498,32.264916],[-110.932177,32.264916],[-110.932071,32.264917],[-110.931849,32.264918],[-110.931186,32.264923],[-110.930965,32.264926],[-110.930757,32.264927],[-110.930133,32.264932],[-110.929926,32.264934],[-110.929288,32.264937],[-110.927374,32.264947],[-110.927094,32.264949],[-110.926737,32.264946],[-110.926744,32.264584],[-110.926758,32.263941],[-110.926763,32.263502],[-110.926768,32.263141],[-110.926782,32.261332],[-110.926809,32.259501],[-110.926806,32.259466],[-110.92682,32.257689],[-110.92683,32.256595],[-110.926825,32.256448],[-110.926811,32.256006],[-110.926807,32.25586],[-110.926807,32.255801],[-110.926807,32.255628],[-110.926807,32.25557],[-110.926806,32.25544],[-110.926806,32.255052],[-110.926806,32.254923],[-110.926807,32.254849],[-110.92681,32.254631],[-110.926812,32.254558],[-110.926813,32.254446],[-110.92682,32.254111],[-110.926823,32.254],[-110.92682,32.253822],[-110.926814,32.253295],[-110.926812,32.253119],[-110.926816,32.252848],[-110.926832,32.252035],[-110.926838,32.251765],[-110.926844,32.251486],[-110.926863,32.250656],[-110.926867,32.25048],[-110.926866,32.250379],[-110.926862,32.250208],[-110.926851,32.249699],[-110.926848,32.24953],[-110.926836,32.248625],[-110.926817,32.246945],[-110.926817,32.246863],[-110.926811,32.24596],[-110.926803,32.245054],[-110.9268,32.244867],[-110.926792,32.244311],[-110.92679,32.244126],[-110.926789,32.243949],[-110.926786,32.24342],[-110.926786,32.243245],[-110.926783,32.242896],[-110.926777,32.241849],[-110.926775,32.241501],[-110.926775,32.241346],[-110.926779,32.240886],[-110.926781,32.240733],[-110.926779,32.240707],[-110.926776,32.240633],[-110.926775,32.240608],[-110.926773,32.240429],[-110.92677,32.239891],[-110.926769,32.239714],[-110.92677,32.239486],[-110.926777,32.238802],[-110.92678,32.238576],[-110.926777,32.238435],[-110.926769,32.238011],[-110.926767,32.237872],[-110.926766,32.237748],[-110.926765,32.237377],[-110.926765,32.237254],[-110.926813,32.23634],[-110.926814,32.236007],[-110.926627,32.236008],[-110.925398,32.236036],[-110.925213,32.236048],[-110.925094,32.23605],[-110.92474,32.236058],[-110.924622,32.236062],[-110.924279,32.236061],[-110.924084,32.236062],[-110.923655,32.236084],[-110.923252,32.236109],[-110.923002,32.236126],[-110.92291,32.236127],[-110.922824,32.236126],[-110.922567,32.236123],[-110.922482,32.236124],[-110.922154,32.236126],[-110.921173,32.236131],[-110.920847,32.236135],[-110.920746,32.236134],[-110.920446,32.236137],[-110.920346,32.236139],[-110.920123,32.236139],[-110.919454,32.236139],[-110.919232,32.23614],[-110.919029,32.236144],[-110.91842,32.236156],[-110.918218,32.236161],[-110.918098,32.236159],[-110.917739,32.236154],[-110.91762,32.236153],[-110.917313,32.236154],[-110.916394,32.236162],[-110.916088,32.236166],[-110.915666,32.23617],[-110.914403,32.236184],[-110.913982,32.236189],[-110.913846,32.23619],[-110.913441,32.236193],[-110.913306,32.236196],[-110.91301,32.236196],[-110.912122,32.236198],[-110.911827,32.2362],[-110.91155,32.236197],[-110.911397,32.236195],[-110.910876,32.236191],[-110.910109,32.236189],[-110.90968,32.236189],[-110.909683,32.236093],[-110.909682,32.236006],[-110.909682,32.235456],[-110.909682,32.235274],[-110.909678,32.235092],[-110.909667,32.234547],[-110.909664,32.234366],[-110.909657,32.234004],[-110.909636,32.232919],[-110.90963,32.232558],[-110.909627,32.232376],[-110.909618,32.231831],[-110.909616,32.23165],[-110.909612,32.231465],[-110.909603,32.230916],[-110.9096,32.230733],[-110.909594,32.230364],[-110.909578,32.229259],[-110.909578,32.229229],[-110.909584,32.228893],[-110.909577,32.228845],[-110.909557,32.22795],[-110.909536,32.227052],[-110.909533,32.226869],[-110.909524,32.22632],[-110.909521,32.226138],[-110.909508,32.225222],[-110.909497,32.224312],[-110.909477,32.223413],[-110.909506,32.222502],[-110.909445,32.222186],[-110.909589,32.221626],[-110.909595,32.22157],[-110.908491,32.221564],[-110.908391,32.221563],[-110.908093,32.221562],[-110.907994,32.221562],[-110.907862,32.221559],[-110.907467,32.221555],[-110.907336,32.221554],[-110.907105,32.221555],[-110.906415,32.221559],[-110.906185,32.221563],[-110.905204,32.221565],[-110.904063,32.221557],[-110.903864,32.221555],[-110.903268,32.221549],[-110.90307,32.221548],[-110.90285,32.221548],[-110.902193,32.22155],[-110.901974,32.221552],[-110.901756,32.221545],[-110.901106,32.221528],[-110.900889,32.221524],[-110.900458,32.221519],[-110.899168,32.221504],[-110.898738,32.2215],[-110.898306,32.221501],[-110.89701,32.221504],[-110.896578,32.221505],[-110.896141,32.221508],[-110.895157,32.221517],[-110.894831,32.221511],[-110.894395,32.221506],[-110.893979,32.221504],[-110.892734,32.221497],[-110.892712,32.221498],[-110.89232,32.221502],[-110.892234,32.221501],[-110.890153,32.221564],[-110.887867,32.221603],[-110.887734,32.221607],[-110.887336,32.221621],[-110.887204,32.221627],[-110.886502,32.221635],[-110.884397,32.221663],[-110.883696,32.221674],[-110.881646,32.221676],[-110.880055,32.221606],[-110.879461,32.221576],[-110.879415,32.221646],[-110.879224,32.221642],[-110.878565,32.221638],[-110.877927,32.221636],[-110.877503,32.221632],[-110.876014,32.221618],[-110.875165,32.221611],[-110.875051,32.221605],[-110.874711,32.221604],[-110.873349,32.221604],[-110.872896,32.221606],[-110.871957,32.221606],[-110.870845,32.221587],[-110.868757,32.221594],[-110.868652,32.221594],[-110.865509,32.221562],[-110.862266,32.221546],[-110.862095,32.221545],[-110.861393,32.221541],[-110.860958,32.22154],[-110.859957,32.221515],[-110.859602,32.22149],[-110.859422,32.221462],[-110.858937,32.221361],[-110.858793,32.221339],[-110.858688,32.221323],[-110.858057,32.221291],[-110.857924,32.221278],[-110.857738,32.221276],[-110.857281,32.221249],[-110.856803,32.22118],[-110.856099,32.221033],[-110.856051,32.221023],[-110.85587,32.221013],[-110.854952,32.22103],[-110.85487,32.221031],[-110.854028,32.221029],[-110.851756,32.221025],[-110.850906,32.221024],[-110.849683,32.221024],[-110.849547,32.221025],[-110.849111,32.221024],[-110.847807,32.221021],[-110.847372,32.221021],[-110.847087,32.221023],[-110.846235,32.22103],[-110.845952,32.221033],[-110.845809,32.221034],[-110.845382,32.221037],[-110.84524,32.221039],[-110.844388,32.221038],[-110.841833,32.221035],[-110.841559,32.221035],[-110.840982,32.221039],[-110.840215,32.221033],[-110.837914,32.221017],[-110.837148,32.221012],[-110.836636,32.221007],[-110.8351,32.220998],[-110.834589,32.220996],[-110.834143,32.220993],[-110.832808,32.220987],[-110.832363,32.220985],[-110.832087,32.220985],[-110.831258,32.220986],[-110.830983,32.220987],[-110.830743,32.220986],[-110.830023,32.220984],[-110.829783,32.220984],[-110.829721,32.220982],[-110.829538,32.220982],[-110.829477,32.220983],[-110.829212,32.219997],[-110.829191,32.219916],[-110.829095,32.219001],[-110.828874,32.21748],[-110.828799,32.216968],[-110.828724,32.216452],[-110.828653,32.215959],[-110.828577,32.215436],[-110.82854,32.21529],[-110.828209,32.213986],[-110.828188,32.213905],[-110.828126,32.213658],[-110.828092,32.213523],[-110.827703,32.211811],[-110.827474,32.211134],[-110.826453,32.20818],[-110.826418,32.208079],[-110.825425,32.20644],[-110.825359,32.206331],[-110.82476,32.205653],[-110.823937,32.204856],[-110.82243,32.203761],[-110.822271,32.203654],[-110.819806,32.202022],[-110.817826,32.200142],[-110.817022,32.199292],[-110.814925,32.197073],[-110.814242,32.196335],[-110.813057,32.195009],[-110.812179,32.194027],[-110.810395,32.19191],[-110.810276,32.191828],[-110.81042,32.191829],[-110.810853,32.191833],[-110.810998,32.191835],[-110.8111,32.191836],[-110.811407,32.191839],[-110.81151,32.19184],[-110.811733,32.191842],[-110.812402,32.191851],[-110.812625,32.191854],[-110.813622,32.191865],[-110.814538,32.191866],[-110.814987,32.191868],[-110.8173,32.191886],[-110.817764,32.191889],[-110.818302,32.191892],[-110.819156,32.191899],[-110.819621,32.191903],[-110.820468,32.191903],[-110.821177,32.191904],[-110.823011,32.191906],[-110.823762,32.191907],[-110.823859,32.19191],[-110.823956,32.191907],[-110.824396,32.191907],[-110.826008,32.19191],[-110.826546,32.191912],[-110.826755,32.191913],[-110.827029,32.191913],[-110.828064,32.19192],[-110.828479,32.191924],[-110.828963,32.191929],[-110.829645,32.19193],[-110.831694,32.19194],[-110.832377,32.191943],[-110.832936,32.191933],[-110.833125,32.191933],[-110.835372,32.191938],[-110.836122,32.191941],[-110.836206,32.191941],[-110.836461,32.191946],[-110.836546,32.191948],[-110.836659,32.191949],[-110.837,32.191955],[-110.837114,32.191958],[-110.837646,32.191958],[-110.837879,32.191958],[-110.839782,32.191963],[-110.840175,32.191958],[-110.840941,32.191949],[-110.841547,32.191947],[-110.842794,32.191946],[-110.843365,32.191946],[-110.843972,32.191946],[-110.844063,32.191946],[-110.844336,32.191946],[-110.844428,32.191946],[-110.844587,32.191947],[-110.845067,32.19195],[-110.845227,32.191952],[-110.845366,32.191947],[-110.845786,32.191938],[-110.845926,32.191936],[-110.846013,32.191936],[-110.846275,32.191938],[-110.846363,32.191939],[-110.847023,32.191938],[-110.848485,32.191942],[-110.849005,32.191946],[-110.849666,32.191952],[-110.849811,32.191952],[-110.853157,32.191958],[-110.853681,32.191974],[-110.854042,32.191963],[-110.85498,32.191967],[-110.855598,32.191978],[-110.856544,32.192009],[-110.856972,32.192036],[-110.857391,32.192062],[-110.857826,32.19212],[-110.857928,32.192134],[-110.85797,32.192135],[-110.858969,32.192228],[-110.859669,32.192247],[-110.860646,32.192254],[-110.866527,32.192271],[-110.873464,32.192258],[-110.874272,32.192271],[-110.87434,32.19227],[-110.874546,32.192273],[-110.874615,32.192276],[-110.875113,32.192284],[-110.876857,32.192296],[-110.877623,32.192381],[-110.87839,32.192541],[-110.87921,32.192807],[-110.879913,32.193105],[-110.880552,32.193435],[-110.881202,32.193797],[-110.882139,32.194309],[-110.882703,32.194585],[-110.883289,32.194798],[-110.883875,32.19499],[-110.885262,32.195248],[-110.886564,32.195315],[-110.892555,32.195317],[-110.892772,32.195323],[-110.894124,32.195332],[-110.894948,32.195309],[-110.895945,32.195236],[-110.896203,32.195196],[-110.909112,32.195151],[-110.909282,32.195151],[-110.909281,32.195065],[-110.909278,32.194806],[-110.909277,32.194721],[-110.909276,32.194682],[-110.909274,32.194566],[-110.909274,32.194528],[-110.90927,32.194338],[-110.90927,32.194284],[-110.90926,32.193771],[-110.909257,32.193582],[-110.909243,32.192885],[-110.909225,32.191679],[-110.909206,32.191294],[-110.909197,32.191174],[-110.909196,32.190788],[-110.909195,32.190283],[-110.909195,32.190099],[-110.909194,32.190004],[-110.909194,32.1899],[-110.909194,32.189717],[-110.909193,32.189619],[-110.909193,32.189526],[-110.909193,32.189427],[-110.909172,32.189374],[-110.909162,32.189269],[-110.90916,32.189163],[-110.90915,32.188582],[-110.909145,32.18853],[-110.909126,32.18832],[-110.909103,32.188066],[-110.90908,32.18781],[-110.909021,32.187392],[-110.909002,32.187309],[-110.908945,32.187062],[-110.908639,32.185723],[-110.908583,32.18545],[-110.908533,32.1852],[-110.908502,32.184778],[-110.908498,32.184683],[-110.908493,32.184534],[-110.908458,32.184185],[-110.908438,32.183981],[-110.90842,32.183649],[-110.908349,32.180507],[-110.908313,32.178894],[-110.908313,32.178856],[-110.908295,32.178788],[-110.908286,32.178029],[-110.908286,32.177979],[-110.908338,32.177978],[-110.908368,32.177977],[-110.908457,32.177976],[-110.908736,32.177973],[-110.908728,32.177695],[-110.908675,32.175884],[-110.908658,32.175281],[-110.90861,32.172849],[-110.908581,32.1713],[-110.908501,32.167101],[-110.908478,32.165916],[-110.908468,32.16556],[-110.908407,32.1634],[-110.9084,32.163131],[-110.908563,32.16313],[-110.909054,32.163128],[-110.909218,32.163128],[-110.909224,32.162525],[-110.909229,32.16207],[-110.909217,32.161065],[-110.909219,32.160716],[-110.909224,32.160114],[-110.909228,32.159616],[-110.909242,32.158126],[-110.909247,32.15763],[-110.909247,32.157454],[-110.909249,32.157279],[-110.909249,32.157252],[-110.909264,32.156121],[-110.90927,32.155745],[-110.90928,32.15453],[-110.909282,32.154322],[-110.909283,32.154127],[-110.909285,32.153877],[-110.909285,32.153695],[-110.909286,32.153152],[-110.909287,32.152971],[-110.909289,32.152712],[-110.909295,32.152245],[-110.909293,32.151936],[-110.909293,32.151678],[-110.909283,32.151121],[-110.909253,32.149451],[-110.909243,32.148896],[-110.909242,32.148666],[-110.90924,32.147976],[-110.90924,32.147748],[-110.90924,32.147723],[-110.909241,32.147557],[-110.909247,32.146988],[-110.90925,32.146828],[-110.90925,32.1468],[-110.909256,32.146725],[-110.909258,32.146544],[-110.90926,32.146372],[-110.909271,32.145778],[-110.909276,32.145524],[-110.909274,32.145469],[-110.909268,32.145305],[-110.909267,32.145252],[-110.909273,32.144987],[-110.909291,32.144198],[-110.909298,32.143935],[-110.909298,32.14387],[-110.909299,32.143676],[-110.9093,32.143613],[-110.909306,32.143338],[-110.909324,32.142512],[-110.909331,32.142238],[-110.909341,32.141778],[-110.909359,32.140985],[-110.909371,32.1404],[-110.909382,32.139941],[-110.909382,32.139902],[-110.909384,32.139792],[-110.909386,32.139755],[-110.909394,32.139384],[-110.909419,32.138278],[-110.909428,32.137909],[-110.909432,32.137661],[-110.909444,32.136919],[-110.909449,32.136672],[-110.909462,32.136187],[-110.909503,32.134734],[-110.909515,32.134333],[-110.909509,32.13425],[-110.907451,32.134257],[-110.907304,32.134258],[-110.906882,32.134261],[-110.901106,32.134303],[-110.899004,32.134321],[-110.898265,32.134328],[-110.897552,32.134335],[-110.896378,32.134347],[-110.895496,32.134355],[-110.894669,32.134363],[-110.892889,32.13438],[-110.892851,32.13438],[-110.89229,32.134385],[-110.892053,32.134388],[-110.89197,32.134389],[-110.891748,32.134386],[-110.891719,32.134386],[-110.891641,32.134385],[-110.890654,32.134372],[-110.890326,32.13437],[-110.890028,32.134365],[-110.889134,32.134352],[-110.888836,32.13435],[-110.888543,32.134345],[-110.887779,32.134332],[-110.887666,32.134331],[-110.887374,32.134329],[-110.887188,32.134324],[-110.886631,32.134312],[-110.886446,32.134309],[-110.885884,32.1343],[-110.885837,32.134299],[-110.885051,32.134291],[-110.884396,32.134298],[-110.884014,32.134352],[-110.883952,32.134361],[-110.883644,32.134435],[-110.883424,32.134497],[-110.883373,32.134511],[-110.883222,32.134552],[-110.883173,32.13457],[-110.883118,32.134588],[-110.883007,32.134627],[-110.882959,32.134652],[-110.882909,32.13468],[-110.882804,32.134716],[-110.882341,32.134924],[-110.881856,32.135225],[-110.881604,32.13541],[-110.881302,32.135682],[-110.880898,32.136112],[-110.880655,32.136457],[-110.880447,32.136816],[-110.880272,32.13719],[-110.880033,32.137753],[-110.87957,32.138847],[-110.879518,32.138968],[-110.879219,32.139467],[-110.878911,32.139852],[-110.878625,32.140148],[-110.878115,32.140552],[-110.878048,32.140595],[-110.877918,32.140683],[-110.877812,32.140743],[-110.877673,32.140821],[-110.877502,32.140918],[-110.877065,32.141127],[-110.876527,32.141322],[-110.876052,32.141454],[-110.875489,32.141538],[-110.875016,32.14157],[-110.874911,32.141568],[-110.874599,32.141568],[-110.874495,32.141569],[-110.874353,32.141568],[-110.873928,32.141568],[-110.873787,32.141569],[-110.871808,32.141567],[-110.8712,32.141566],[-110.865453,32.141559],[-110.863953,32.141557],[-110.862252,32.141554],[-110.859453,32.141551],[-110.857954,32.141551],[-110.857957,32.140653],[-110.857968,32.137965],[-110.857972,32.137069],[-110.857974,32.136496],[-110.857981,32.134779],[-110.857984,32.134207],[-110.857982,32.133286],[-110.857976,32.130522],[-110.857974,32.129602],[-110.857971,32.128597],[-110.857964,32.125585],[-110.857963,32.124695],[-110.857962,32.124581],[-110.857954,32.123994],[-110.85795,32.123581],[-110.857945,32.122233],[-110.857943,32.121647],[-110.857945,32.121302],[-110.857951,32.120271],[-110.857954,32.119928],[-110.857952,32.119062],[-110.857947,32.11647],[-110.857946,32.115607],[-110.857945,32.115499],[-110.857945,32.115183],[-110.857945,32.115077],[-110.857946,32.114994],[-110.857949,32.114745],[-110.857951,32.114663],[-110.857951,32.114514],[-110.857952,32.114341],[-110.857952,32.114067],[-110.857952,32.113918],[-110.857952,32.113811],[-110.857954,32.113492],[-110.857955,32.113386],[-110.857957,32.112903],[-110.85796,32.112206],[-110.857965,32.111455],[-110.857968,32.110973],[-110.857969,32.11065],[-110.857973,32.109684],[-110.857975,32.109362],[-110.857975,32.109098],[-110.857975,32.108306],[-110.857976,32.108043],[-110.857976,32.107483],[-110.857976,32.107086],[-110.857976,32.106707],[-110.857976,32.106377],[-110.857976,32.106365],[-110.857971,32.105803],[-110.857967,32.105244],[-110.857967,32.105193],[-110.857967,32.10504],[-110.857967,32.104989],[-110.857966,32.104789],[-110.857963,32.101769],[-110.857962,32.100954],[-110.857959,32.097846],[-110.857959,32.09687],[-110.857962,32.093944],[-110.857963,32.09297],[-110.857963,32.092914],[-110.857963,32.092415],[-110.857965,32.090753],[-110.857966,32.090439],[-110.857966,32.090354],[-110.857965,32.089663],[-110.857964,32.088054],[-110.857964,32.0877],[-110.857964,32.087518],[-110.857963,32.086591],[-110.857962,32.08381],[-110.857962,32.082883],[-110.857961,32.082299],[-110.857961,32.080553],[-110.857961,32.079971],[-110.85796,32.07911],[-110.857976,32.075671],[-110.858641,32.068904],[-110.858644,32.068674],[-110.858657,32.067985],[-110.858661,32.067757],[-110.858677,32.066884],[-110.858677,32.066853],[-110.858677,32.064141],[-110.858677,32.063672],[-110.858679,32.063239],[-110.858682,32.062511],[-110.858689,32.061065],[-110.858692,32.060327],[-110.858696,32.0596],[-110.858697,32.05934],[-110.858707,32.058287],[-110.858723,32.05678],[-110.858723,32.054793],[-110.858745,32.054353],[-110.858758,32.054103],[-110.858796,32.05355],[-110.858851,32.053172],[-110.858856,32.053049],[-110.858857,32.053012],[-110.85886,32.052901],[-110.858858,32.052865],[-110.85883,32.052425],[-110.858781,32.05142],[-110.85879,32.048636],[-110.858798,32.046903],[-110.858836,32.04536],[-110.858836,32.045319],[-110.858837,32.045298],[-110.858839,32.045231],[-110.858836,32.045203],[-110.858833,32.045164],[-110.858828,32.045112],[-110.858829,32.044931],[-110.85884,32.043225],[-110.858879,32.037411],[-110.858892,32.035473],[-110.858897,32.034551],[-110.858904,32.033619],[-110.858938,32.03179],[-110.858956,32.03087],[-110.858959,32.030642],[-110.858964,32.030392],[-110.858972,32.029964],[-110.858977,32.029739],[-110.858987,32.029204],[-110.858961,32.027999],[-110.858935,32.02679],[-110.858886,32.024544],[-110.858882,32.022779],[-110.858879,32.02104],[-110.858877,32.020256],[-110.858874,32.018562],[-110.858872,32.017907],[-110.858871,32.017125],[-110.85887,32.016852],[-110.858869,32.016033],[-110.858869,32.01576],[-110.858868,32.015396],[-110.858865,32.014409],[-110.858864,32.013638],[-110.858839,32.011117],[-110.858831,32.010359],[-110.858819,32.009009],[-110.858814,32.008558],[-110.858809,32.007989],[-110.85881,32.007205],[-110.858812,32.006755],[-110.858813,32.005927],[-110.858819,32.003445],[-110.858821,32.002618],[-110.858823,32.001454],[-110.858823,32.001381],[-110.858824,32.001244],[-110.858826,32.00057],[-110.858832,31.997964],[-110.858835,31.996801],[-110.858837,31.995852],[-110.85884,31.994815],[-110.858844,31.99306],[-110.858844,31.993005],[-110.858846,31.992056],[-110.858846,31.991758],[-110.858847,31.99163],[-110.858905,31.991027],[-110.858952,31.990876],[-110.858995,31.990745],[-110.858993,31.990586],[-110.859002,31.989928],[-110.859005,31.989732],[-110.859009,31.989414],[-110.859007,31.987957],[-110.859007,31.9873],[-110.859006,31.987197],[-110.859006,31.986891],[-110.859006,31.986789],[-110.859005,31.986171],[-110.859003,31.984208],[-110.859003,31.984108],[-110.859002,31.983302],[-110.859,31.982985],[-110.858991,31.981584],[-110.858966,31.977517],[-110.858959,31.976466],[-110.858957,31.976074],[-110.858944,31.973886],[-110.858937,31.973175],[-110.858919,31.971042],[-110.858913,31.970331],[-110.858911,31.969943],[-110.858905,31.968782],[-110.858904,31.968395],[-110.858902,31.968058],[-110.858897,31.967047],[-110.858896,31.966711],[-110.858895,31.966617],[-110.858895,31.966336],[-110.858895,31.966243],[-110.858894,31.965607],[-110.858892,31.9637],[-110.858892,31.963321],[-110.858892,31.963065],[-110.859856,31.963062],[-110.859952,31.963062],[-110.860807,31.963039],[-110.861791,31.962938],[-110.861936,31.962904],[-110.862103,31.962865],[-110.862334,31.962829],[-110.862624,31.962742],[-110.862716,31.962721],[-110.862875,31.962686],[-110.863111,31.962627],[-110.863646,31.962465],[-110.863729,31.96244],[-110.86403,31.962345],[-110.86445,31.962185],[-110.865099,31.961893],[-110.865607,31.96163],[-110.865657,31.961602],[-110.865802,31.961522],[-110.865899,31.961468],[-110.866264,31.961247],[-110.866923,31.960764],[-110.867493,31.960327],[-110.86869,31.959478],[-110.869011,31.95927],[-110.869179,31.959176],[-110.869428,31.959022],[-110.869483,31.958994],[-110.870047,31.958711],[-110.870075,31.958697],[-110.870349,31.958581],[-110.870566,31.958481],[-110.871094,31.958282],[-110.871264,31.958223],[-110.871446,31.958162],[-110.871645,31.958103],[-110.871958,31.957993],[-110.872465,31.957867],[-110.87275,31.957805],[-110.873286,31.957704],[-110.873388,31.957691],[-110.873449,31.957683],[-110.873743,31.957638],[-110.873926,31.95762],[-110.874095,31.957605],[-110.874267,31.957594],[-110.8745,31.95758],[-110.874901,31.957561],[-110.875554,31.957567],[-110.876098,31.957572],[-110.877707,31.95757],[-110.878352,31.957569],[-110.879141,31.957568],[-110.879306,31.957568],[-110.879408,31.957568],[-110.8808,31.957571],[-110.881599,31.957566],[-110.884072,31.957566],[-110.884734,31.957567],[-110.886867,31.957567],[-110.887921,31.957567],[-110.88827,31.957567],[-110.889017,31.957567],[-110.891007,31.957568],[-110.891314,31.957568],[-110.893281,31.957571],[-110.894994,31.957575],[-110.895091,31.957575],[-110.895141,31.957575],[-110.89682,31.957579],[-110.897728,31.957581],[-110.899033,31.957584],[-110.901356,31.957591],[-110.903284,31.957597],[-110.906624,31.957607],[-110.907766,31.957611],[-110.90911,31.957615],[-110.909543,31.957616],[-110.910452,31.957619],[-110.910433,31.956408],[-110.910417,31.955352],[-110.91038,31.953],[-110.910376,31.952778],[-110.910357,31.951569],[-110.91035,31.951145],[-110.91033,31.949876],[-110.910324,31.949453],[-110.910276,31.94632],[-110.910233,31.943623],[-110.910223,31.942932],[-110.910419,31.942917],[-110.910603,31.942873],[-110.9111,31.94288],[-110.911366,31.942876],[-110.91164,31.942878],[-110.911982,31.942886],[-110.912117,31.942887],[-110.913017,31.942895],[-110.914527,31.942911],[-110.915717,31.942929],[-110.916618,31.942944],[-110.916739,31.942943],[-110.916922,31.942966],[-110.91748,31.942994],[-110.917562,31.942998],[-110.91801,31.942999],[-110.918383,31.943],[-110.91869,31.943],[-110.918713,31.943001],[-110.919886,31.942999],[-110.922122,31.942996],[-110.923929,31.942993],[-110.924913,31.942992],[-110.925173,31.942992],[-110.926988,31.942989],[-110.927117,31.942988],[-110.927504,31.942988],[-110.927634,31.942988],[-110.927994,31.942991],[-110.929074,31.943],[-110.929434,31.943004],[-110.930059,31.943007],[-110.930903,31.943013],[-110.931936,31.943019],[-110.93244,31.943023],[-110.932561,31.943038],[-110.93265,31.943079],[-110.932705,31.943144],[-110.932709,31.943164],[-110.932723,31.94322],[-110.932739,31.943596],[-110.932724,31.944118],[-110.932724,31.944131],[-110.93276,31.944596],[-110.932798,31.946595],[-110.932803,31.947093],[-110.932814,31.947597],[-110.932819,31.94779],[-110.932848,31.948758],[-110.932856,31.94901],[-110.932856,31.949079],[-110.932859,31.950045],[-110.93286,31.950367],[-110.933079,31.950367],[-110.933193,31.950368],[-110.933378,31.950364],[-110.933539,31.950365],[-110.933679,31.950361],[-110.933739,31.950364],[-110.933757,31.950366],[-110.933803,31.950382],[-110.933839,31.950399],[-110.933952,31.950385],[-110.934006,31.95038],[-110.934102,31.950381],[-110.934202,31.950383],[-110.934303,31.950385],[-110.934402,31.950379],[-110.934436,31.950374],[-110.934501,31.950377],[-110.934559,31.950375],[-110.934626,31.950372],[-110.934697,31.950369],[-110.934773,31.95037],[-110.934852,31.950371],[-110.934933,31.950371],[-110.935016,31.950369],[-110.935101,31.95037],[-110.935277,31.950371],[-110.935368,31.95037],[-110.935459,31.95037],[-110.935638,31.950374],[-110.935806,31.950374],[-110.935954,31.95037],[-110.936027,31.950369],[-110.936098,31.950368],[-110.936164,31.950367],[-110.936236,31.950387],[-110.937859,31.950378],[-110.942683,31.950354],[-110.942729,31.950351],[-110.943133,31.950333],[-110.943507,31.950299],[-110.944351,31.95031],[-110.944358,31.949861],[-110.944365,31.949483],[-110.944677,31.949484],[-110.944711,31.948219],[-110.944849,31.94313],[-110.944906,31.941009],[-110.944948,31.939457],[-110.945799,31.939451],[-110.946189,31.939454],[-110.947359,31.939464],[-110.94775,31.939468],[-110.94866,31.939457],[-110.948733,31.939457],[-110.948668,31.936798],[-110.948646,31.935888],[-110.948619,31.935554],[-110.948538,31.934554],[-110.948511,31.934221],[-110.948522,31.933598],[-110.948534,31.932813],[-110.948604,31.92859],[-110.948628,31.927183],[-110.94862,31.926576],[-110.948596,31.924755],[-110.948589,31.924148],[-110.948557,31.923541],[-110.948461,31.921721],[-110.94843,31.921115],[-110.948494,31.921124],[-110.948686,31.921151],[-110.948751,31.921161],[-110.949252,31.921157],[-110.950754,31.921146],[-110.951256,31.921143],[-110.951831,31.921201],[-110.952385,31.921257],[-110.953083,31.921487],[-110.953525,31.921496],[-110.954104,31.921509],[-110.954985,31.921509],[-110.957629,31.921509],[-110.958511,31.921509],[-110.958613,31.921497],[-110.958921,31.921463],[-110.959024,31.921452],[-110.95923,31.919315],[-110.959348,31.918099],[-110.959542,31.916285],[-110.959669,31.914789],[-110.959714,31.914264],[-110.959858,31.912907],[-110.959873,31.912768],[-110.96006,31.910771],[-110.960132,31.910047],[-110.96035,31.907875],[-110.960424,31.907152],[-110.960433,31.907019],[-110.96046,31.906621],[-110.96047,31.906489],[-110.960693,31.904195],[-110.960779,31.90332],[-110.960829,31.902801],[-110.960958,31.902056],[-110.961138,31.901396],[-110.961381,31.900828],[-110.961582,31.900279],[-110.961718,31.899991],[-110.961926,31.899558],[-110.962198,31.898923],[-110.962771,31.897668],[-110.963144,31.896853],[-110.96371,31.895564],[-110.96384,31.895563],[-110.96423,31.895563],[-110.964361,31.895563],[-110.965253,31.896338],[-110.967929,31.898663],[-110.968821,31.899439],[-110.969648,31.899397],[-110.97213,31.899273],[-110.972958,31.899232],[-110.973211,31.899219],[-110.973973,31.899182],[-110.974228,31.899171],[-110.974244,31.899133],[-110.974296,31.89902],[-110.974313,31.898983],[-110.975111,31.898998],[-110.977506,31.899044],[-110.977524,31.899045],[-110.977909,31.89922],[-110.978235,31.899367],[-110.978268,31.899365],[-110.97837,31.899361],[-110.978404,31.899361],[-110.980792,31.899439],[-110.980813,31.899439],[-110.981019,31.899438],[-110.981249,31.899436],[-110.984784,31.899501],[-110.985239,31.899454],[-110.985476,31.899427],[-110.985642,31.899441],[-110.985848,31.89946],[-110.986142,31.899485],[-110.986309,31.8995],[-110.986373,31.899501],[-110.986568,31.899505],[-110.986633,31.899507],[-110.986712,31.899507],[-110.986952,31.899509],[-110.987032,31.89951],[-110.987093,31.899511],[-110.987276,31.899517],[-110.987337,31.899519],[-110.987805,31.899533],[-110.98921,31.899576],[-110.989446,31.899584],[-110.989679,31.89959],[-110.989948,31.899597],[-110.990757,31.899618],[-110.991027,31.899626],[-110.991786,31.899646],[-110.994065,31.899708],[-110.994825,31.899729],[-110.995347,31.899707],[-110.996915,31.899641],[-110.997438,31.89962],[-110.997745,31.89942],[-110.998668,31.898821],[-110.998976,31.898622],[-110.999354,31.898377],[-111.000491,31.897642],[-111.00087,31.897398],[-111.001488,31.897026],[-111.00155,31.896986],[-111.001562,31.896977],[-111.003496,31.895749],[-111.003612,31.895673],[-111.004292,31.895232],[-111.004255,31.895451],[-111.004147,31.896112],[-111.004111,31.896332],[-111.004665,31.895592],[-111.00507,31.895183],[-111.00539,31.894936],[-111.005484,31.894865],[-111.008079,31.893165],[-111.00879,31.892601],[-111.009601,31.892079],[-111.010125,31.891745],[-111.011733,31.890725],[-111.011737,31.890668],[-111.011751,31.890497],[-111.011756,31.890441],[-111.011758,31.890364],[-111.011764,31.890135],[-111.011767,31.890059],[-111.012393,31.889529],[-111.012692,31.889282],[-111.014382,31.887266],[-111.015032,31.886447],[-111.015435,31.885836],[-111.015969,31.884962],[-111.018062,31.881401],[-111.017851,31.875959],[-111.017824,31.871725],[-111.017776,31.864991],[-111.017802,31.862897],[-111.017893,31.861597],[-111.017928,31.860916],[-111.018071,31.859117],[-111.018162,31.858012],[-111.018214,31.856933],[-111.018162,31.855411],[-111.018162,31.854176],[-111.018123,31.853422],[-111.01811,31.853136],[-111.01772,31.853084],[-111.017312,31.853079],[-111.017152,31.853014],[-111.016948,31.852815],[-111.016675,31.852702],[-111.016558,31.852676],[-111.016359,31.852676],[-111.016263,31.852746],[-111.016034,31.85278],[-111.015834,31.85275],[-111.01567,31.852798],[-111.015382,31.852879],[-111.015246,31.852939],[-111.015053,31.852939],[-111.014976,31.852901],[-111.01475,31.852692],[-111.01457,31.852598],[-111.014441,31.852598],[-111.014331,31.852626],[-111.014151,31.852625],[-111.013999,31.852553],[-111.013977,31.852543],[-111.013829,31.852433],[-111.013591,31.852317],[-111.01341,31.852317],[-111.013185,31.852466],[-111.012972,31.852592],[-111.012895,31.852575],[-111.012798,31.852575],[-111.012753,31.852592],[-111.012688,31.852647],[-111.012669,31.852696],[-111.012688,31.852729],[-111.012688,31.852812],[-111.012598,31.853048],[-111.012572,31.853208],[-111.012495,31.853279],[-111.012346,31.853279],[-111.012282,31.853252],[-111.012153,31.853142],[-111.012024,31.852966],[-111.011876,31.852894],[-111.011799,31.852905],[-111.011702,31.852905],[-111.011606,31.852866],[-111.011477,31.85274],[-111.0114,31.85263],[-111.011284,31.852536],[-111.011219,31.852509],[-111.011052,31.85258],[-111.010949,31.852657],[-111.01082,31.852657],[-111.01045,31.852535],[-111.010285,31.852481],[-111.010014,31.852459],[-111.009795,31.852525],[-111.009731,31.85258],[-111.009653,31.85269],[-111.009621,31.852778],[-111.00957,31.852827],[-111.009524,31.852855],[-111.00946,31.852871],[-111.009312,31.852855],[-111.009123,31.852785],[-111.009987,31.85114],[-111.010882,31.849438],[-111.011761,31.847765],[-111.01258,31.846205],[-111.013445,31.84456],[-111.014255,31.843077],[-111.01452,31.842594],[-111.016431,31.839097],[-111.016687,31.838627],[-111.01709,31.837891],[-111.017354,31.837409],[-111.017498,31.837145],[-111.017714,31.836722],[-111.018338,31.835508],[-111.018365,31.835453],[-111.018583,31.835031],[-111.018983,31.834293],[-111.019267,31.833772],[-111.019842,31.832716],[-111.020356,31.831769],[-111.021057,31.830483],[-111.02132,31.829997],[-111.022005,31.828739],[-111.022167,31.828416],[-111.021959,31.828112],[-111.02192,31.827484],[-111.021764,31.826842],[-111.021881,31.826582],[-111.022119,31.826582],[-111.022254,31.8263],[-111.022431,31.825832],[-111.022583,31.825429],[-111.022822,31.825273],[-111.022852,31.824922],[-111.023077,31.824525],[-111.023181,31.82433],[-111.023318,31.824048],[-111.023583,31.823443],[-111.023768,31.823088],[-111.024033,31.82256],[-111.024203,31.82221],[-111.024396,31.821811],[-111.024568,31.821457],[-111.024744,31.8211],[-111.025072,31.820474],[-111.025373,31.819784],[-111.029298,31.811851],[-111.029414,31.811604],[-111.029477,31.811487],[-111.029589,31.811277],[-111.029737,31.810998],[-111.029762,31.810961],[-111.03019,31.810184],[-111.030238,31.810088],[-111.030407,31.809758],[-111.030522,31.809532],[-111.030882,31.808823],[-111.031303,31.807997],[-111.031471,31.807646],[-111.031628,31.807299],[-111.031965,31.806554],[-111.032404,31.805584],[-111.033266,31.803872],[-111.033593,31.803213],[-111.033799,31.802801],[-111.034101,31.802146],[-111.034142,31.802058],[-111.034266,31.801769],[-111.034468,31.801657],[-111.034546,31.801605],[-111.034599,31.801549],[-111.034619,31.8015],[-111.034617,31.801424],[-111.0346,31.801341],[-111.034584,31.801262],[-111.034597,31.801166],[-111.034729,31.800886],[-111.034749,31.800843],[-111.034842,31.800665],[-111.035223,31.79988],[-111.035241,31.799845],[-111.035448,31.799442],[-111.035556,31.799179],[-111.03558,31.799141],[-111.035614,31.799086],[-111.035684,31.799015],[-111.035818,31.798932],[-111.035931,31.79885],[-111.03598,31.798762],[-111.036035,31.798326],[-111.036124,31.798082],[-111.036245,31.79782],[-111.036265,31.797777],[-111.036357,31.797601],[-111.036469,31.797389],[-111.036744,31.796937],[-111.036789,31.796844],[-111.036851,31.796618],[-111.036977,31.796346],[-111.037145,31.796212],[-111.037201,31.796168],[-111.037264,31.796076],[-111.037482,31.795537],[-111.037755,31.794861],[-111.037837,31.794758],[-111.037866,31.794666],[-111.037928,31.794471],[-111.038076,31.794187],[-111.038182,31.793987],[-111.038405,31.793515],[-111.038638,31.793024],[-111.038754,31.792726],[-111.038762,31.792708],[-111.038962,31.792378],[-111.039191,31.791901],[-111.039357,31.791616],[-111.039479,31.791296],[-111.039569,31.791107],[-111.039729,31.790816],[-111.039769,31.790701],[-111.039906,31.790411],[-111.039935,31.790351],[-111.040318,31.789653],[-111.040339,31.789571],[-111.040651,31.788965],[-111.041158,31.787952],[-111.041761,31.786728],[-111.041858,31.78651],[-111.042704,31.784811],[-111.042856,31.784505],[-111.042903,31.784398],[-111.043044,31.784129],[-111.043352,31.783462],[-111.043447,31.783294],[-111.043678,31.782785],[-111.043867,31.7824],[-111.043977,31.782174],[-111.044071,31.781983],[-111.044279,31.781654],[-111.044377,31.781344],[-111.044389,31.781321],[-111.044475,31.781157],[-111.044507,31.781042],[-111.044527,31.780989],[-111.044637,31.780654],[-111.044923,31.780218],[-111.045024,31.780113],[-111.045207,31.779701],[-111.045389,31.779413],[-111.045572,31.778995],[-111.045615,31.778908],[-111.045922,31.778292],[-111.046082,31.778109],[-111.046101,31.778061],[-111.046098,31.777948],[-111.046155,31.777813],[-111.04663,31.776889],[-111.046939,31.776205],[-111.047294,31.775529],[-111.047329,31.775411],[-111.047345,31.775354],[-111.04788,31.774423],[-111.048834,31.772473],[-111.049076,31.772026],[-111.049248,31.771669],[-111.049835,31.770445],[-111.050188,31.769772],[-111.050209,31.76975],[-111.04995,31.769723],[-111.049735,31.769517],[-111.049735,31.768761],[-111.049607,31.76863],[-111.049038,31.76805],[-111.049012,31.768005],[-111.048663,31.767386],[-111.048286,31.76695],[-111.047508,31.766331],[-111.0473,31.766102],[-111.046721,31.765463],[-111.046489,31.765208],[-111.046489,31.765117],[-111.045792,31.764291],[-111.045765,31.764154],[-111.045554,31.763914],[-111.045283,31.763604],[-111.04429,31.762939],[-111.043352,31.761862],[-111.04303,31.761266],[-111.043003,31.760876],[-111.042708,31.760418],[-111.041823,31.759707],[-111.041742,31.759591],[-111.041663,31.759478],[-111.040115,31.75849],[-111.040015,31.758427],[-111.039899,31.758354],[-111.039716,31.758238],[-111.039617,31.758176],[-111.039857,31.757712],[-111.04058,31.756323],[-111.040821,31.75586],[-111.04253,31.752572],[-111.043964,31.749816],[-111.044522,31.748764],[-111.044723,31.748378],[-111.045749,31.746405],[-111.046361,31.745266],[-111.046508,31.745006],[-111.047037,31.744071],[-111.047759,31.74289],[-111.047815,31.742798],[-111.048099,31.742343],[-111.048422,31.741858],[-111.048607,31.741554],[-111.048955,31.741017],[-111.049309,31.740513],[-111.049543,31.740179],[-111.04967,31.740003],[-111.049874,31.739719],[-111.050456,31.73891],[-111.050467,31.738892],[-111.051058,31.73803],[-111.051942,31.736783],[-111.052223,31.736394],[-111.052651,31.735804],[-111.052748,31.735664],[-111.052815,31.735567],[-111.053359,31.734778],[-111.053662,31.73434],[-111.053969,31.733881],[-111.054348,31.733257],[-111.054682,31.732706],[-111.054884,31.732345],[-111.055147,31.731878],[-111.055328,31.731498],[-111.057969,31.726372],[-111.05804,31.72623],[-111.05723,31.726234],[-111.056962,31.726235],[-111.056893,31.726236],[-111.056813,31.726236],[-111.056721,31.726213],[-111.056594,31.726205],[-111.055567,31.726205],[-111.055219,31.726204],[-111.054677,31.726217],[-111.054327,31.726217],[-111.053769,31.726217],[-111.052956,31.726203],[-111.052874,31.726202],[-111.052734,31.726169],[-111.052557,31.726133],[-111.043752,31.726192],[-111.041478,31.726208],[-111.040421,31.726202],[-111.038837,31.726216],[-111.038602,31.726218],[-111.035905,31.726241],[-111.035878,31.726242],[-111.031801,31.726277],[-111.026873,31.726321],[-111.026816,31.726304],[-111.023224,31.726326],[-111.018174,31.726357],[-111.017965,31.72636],[-111.014511,31.726381],[-111.013462,31.726387],[-111.012657,31.726392],[-111.011709,31.726397],[-111.004507,31.726443],[-111.002377,31.726451],[-111.001973,31.726459],[-110.999961,31.726464],[-110.994253,31.726507],[-110.993846,31.726509],[-110.985799,31.726559],[-110.982045,31.726584],[-110.980435,31.726593],[-110.976979,31.726615],[-110.97231,31.726644],[-110.971275,31.72665],[-110.96849,31.726667],[-110.965491,31.726686],[-110.96512,31.726716],[-110.964415,31.726718],[-110.964318,31.726718],[-110.964026,31.726718],[-110.96393,31.726719],[-110.962859,31.72672],[-110.959645,31.726726],[-110.958575,31.726729],[-110.957492,31.726731],[-110.953074,31.726738],[-110.947972,31.726749],[-110.947072,31.72675],[-110.94553,31.726753],[-110.945079,31.726724],[-110.943167,31.726723],[-110.938238,31.726723],[-110.937824,31.726723],[-110.929046,31.726719],[-110.918577,31.726721],[-110.908837,31.726719],[-110.901706,31.726717],[-110.898079,31.726716],[-110.889826,31.726717],[-110.88892,31.72672],[-110.881222,31.726715],[-110.880436,31.72671],[-110.877566,31.726718],[-110.876899,31.726714],[-110.876445,31.726716],[-110.876299,31.726715],[-110.875657,31.726715],[-110.874868,31.726717],[-110.873137,31.726742],[-110.872361,31.726738],[-110.869692,31.726724],[-110.869479,31.726723],[-110.861623,31.726684],[-110.861442,31.726709],[-110.860276,31.726708],[-110.855766,31.726705],[-110.855766,31.728923],[-110.855765,31.731697],[-110.839914,31.731698],[-110.83836,31.731696],[-110.838151,31.731696],[-110.838137,31.731696],[-110.837872,31.731698],[-110.837724,31.731698],[-110.816607,31.731702],[-110.816216,31.731702],[-110.815433,31.731702],[-110.815278,31.731683],[-110.813573,31.731682],[-110.813169,31.731681],[-110.812707,31.73168],[-110.812078,31.731681],[-110.807081,31.731676],[-110.80314,31.731674],[-110.794016,31.731663],[-110.787958,31.731662],[-110.781186,31.731654],[-110.769323,31.731647],[-110.75945,31.731636],[-110.758681,31.731641],[-110.753376,31.731632],[-110.75223,31.731622],[-110.745603,31.731612],[-110.705612,31.731525],[-110.683849,31.731477],[-110.680536,31.731471],[-110.678842,31.731466],[-110.676039,31.73146],[-110.675656,31.731461],[-110.671113,31.731452],[-110.666275,31.731439],[-110.659637,31.731428],[-110.658476,31.73142],[-110.65751,31.73142],[-110.650577,31.731411],[-110.642698,31.7314],[-110.634755,31.731393],[-110.633667,31.731393],[-110.625845,31.731379],[-110.624373,31.731377],[-110.623646,31.73138],[-110.605353,31.731363],[-110.588366,31.731341],[-110.585896,31.73134],[-110.585455,31.731338],[-110.561759,31.731314],[-110.558682,31.731311],[-110.558522,31.731337],[-110.554864,31.731314],[-110.552931,31.731302],[-110.543335,31.731297],[-110.523873,31.731284],[-110.520337,31.731275],[-110.511306,31.731266],[-110.507532,31.731273],[-110.50335,31.731276],[-110.500922,31.73127],[-110.493173,31.731264],[-110.493121,31.731237],[-110.4928,31.731248],[-110.491683,31.731287],[-110.491644,31.731262],[-110.488339,31.731259],[-110.486311,31.731256],[-110.479087,31.731246],[-110.471095,31.731241],[-110.471004,31.73124],[-110.4523,31.731219],[-110.4523,31.730477],[-110.452283,31.711418],[-110.452283,31.711252],[-110.452289,31.711084],[-110.452295,31.710394],[-110.452279,31.707343],[-110.452279,31.7066],[-110.452267,31.693643],[-110.452266,31.692125],[-110.452279,31.689513],[-110.452261,31.686705],[-110.452257,31.682828],[-110.452251,31.676205],[-110.452246,31.670168],[-110.452238,31.661605],[-110.452226,31.647745],[-110.452224,31.645168],[-110.452224,31.640855],[-110.452232,31.637533],[-110.452228,31.636357],[-110.452228,31.636143],[-110.452233,31.630574],[-110.452233,31.630121],[-110.452232,31.62988],[-110.452239,31.625395],[-110.452247,31.613936],[-110.459359,31.613891],[-110.460752,31.613883],[-110.460753,31.611959],[-110.460757,31.604554],[-110.46076,31.600781],[-110.460764,31.59328],[-110.46077,31.585097],[-110.460779,31.569554],[-110.460779,31.569268],[-110.460788,31.555952],[-110.460799,31.547171],[-110.460815,31.534191],[-110.46083,31.524253],[-110.460828,31.523852],[-110.460836,31.517304],[-110.460843,31.511564],[-110.460847,31.5078],[-110.460852,31.503539],[-110.460864,31.493736],[-110.460873,31.486965],[-110.46088,31.481054],[-110.460881,31.479863],[-110.460867,31.477569],[-110.460889,31.474039],[-110.46089,31.473764],[-110.460916,31.46985],[-110.46042,31.46985],[-110.459918,31.46985],[-110.459918,31.46913],[-110.459918,31.468876],[-110.459944,31.468486],[-110.459945,31.467361],[-110.459945,31.467159],[-110.459945,31.46698],[-110.459939,31.463558],[-110.45994,31.463314],[-110.459938,31.459712],[-110.459932,31.448884],[-110.459928,31.442741],[-110.459927,31.441102],[-110.45992,31.42809],[-110.459917,31.425022],[-110.459914,31.422179],[-110.459909,31.409938],[-110.459905,31.40382],[-110.459904,31.399877],[-110.45951,31.40083],[-110.458976,31.402205],[-110.457908,31.403947],[-110.45748,31.404245],[-110.45732,31.404324],[-110.455584,31.405185],[-110.451336,31.406973],[-110.44853,31.408486],[-110.4469,31.409082],[-110.446811,31.409129],[-110.446072,31.409517],[-110.44519,31.410274],[-110.444683,31.410961],[-110.444095,31.412291],[-110.444015,31.412656],[-110.443881,31.415154],[-110.44308,31.417446],[-110.441656,31.419458],[-110.44119,31.420227],[-110.441114,31.420317],[-110.441068,31.420359],[-110.440853,31.420521],[-110.440743,31.420611],[-110.440644,31.420701],[-110.440562,31.420791],[-110.440488,31.420887],[-110.44045,31.420945],[-110.44038,31.421082],[-110.440268,31.421389],[-110.440092,31.421823],[-110.44003,31.421958],[-110.439953,31.422089],[-110.4396,31.422645],[-110.43951,31.422767],[-110.439434,31.422845],[-110.439226,31.42304],[-110.439066,31.423205],[-110.438917,31.423374],[-110.438714,31.423595],[-110.438424,31.423929],[-110.438078,31.424289],[-110.437916,31.42442],[-110.437805,31.424494],[-110.437695,31.424561],[-110.437583,31.424619],[-110.437461,31.424666],[-110.437309,31.424705],[-110.437185,31.424732],[-110.436918,31.424771],[-110.436704,31.424793],[-110.436274,31.424817],[-110.436356,31.424646],[-110.436675,31.42404],[-110.436769,31.423817],[-110.436809,31.423672],[-110.436818,31.423603],[-110.43682,31.423534],[-110.436805,31.423392],[-110.436789,31.423321],[-110.436747,31.42318],[-110.436688,31.423039],[-110.435826,31.421348],[-110.435559,31.420771],[-110.435433,31.42047],[-110.435325,31.420172],[-110.435265,31.419969],[-110.435156,31.419504],[-110.435111,31.419334],[-110.435056,31.419182],[-110.434985,31.419036],[-110.434941,31.418964],[-110.43489,31.418894],[-110.434834,31.418826],[-110.434644,31.418636],[-110.434218,31.418263],[-110.434082,31.418136],[-110.434025,31.418071],[-110.433973,31.418004],[-110.433931,31.417933],[-110.433896,31.417861],[-110.433821,31.41764],[-110.433793,31.417575],[-110.43376,31.417514],[-110.433722,31.417456],[-110.43368,31.417403],[-110.433631,31.417355],[-110.433574,31.41731],[-110.433509,31.417271],[-110.433437,31.417239],[-110.433361,31.417217],[-110.433284,31.417204],[-110.433203,31.417199],[-110.43312,31.417205],[-110.433037,31.417217],[-110.432531,31.417335],[-110.432366,31.417362],[-110.432218,31.417375],[-110.431882,31.417379],[-110.431763,31.417393],[-110.431705,31.417408],[-110.431651,31.417429],[-110.431601,31.417459],[-110.431556,31.417496],[-110.431514,31.41754],[-110.431477,31.417594],[-110.431411,31.417707],[-110.431371,31.41776],[-110.431342,31.417826],[-110.431237,31.418003],[-110.431159,31.418116],[-110.431067,31.418222],[-110.430959,31.418321],[-110.430716,31.418505],[-110.430506,31.418692],[-110.430401,31.41877],[-110.430378,31.418791],[-110.430251,31.418859],[-110.430118,31.418911],[-110.429965,31.418948],[-110.429886,31.41896],[-110.429731,31.418972],[-110.429517,31.418972],[-110.429388,31.418963],[-110.429274,31.418938],[-110.429219,31.418917],[-110.429168,31.418892],[-110.429146,31.418876],[-110.429123,31.418857],[-110.429108,31.418843],[-110.429092,31.418826],[-110.429071,31.418789],[-110.429059,31.418751],[-110.429056,31.418711],[-110.429063,31.41867],[-110.429078,31.418632],[-110.429163,31.418492],[-110.4292,31.418415],[-110.429224,31.41832],[-110.429228,31.418265],[-110.429217,31.418013],[-110.429223,31.417892],[-110.429234,31.417835],[-110.429252,31.417783],[-110.429374,31.417553],[-110.42941,31.417456],[-110.429429,31.417357],[-110.42943,31.417251],[-110.429409,31.417083],[-110.429383,31.416977],[-110.429348,31.416879],[-110.429325,31.416836],[-110.429294,31.416796],[-110.429257,31.416762],[-110.429214,31.416737],[-110.429165,31.41672],[-110.429112,31.416712],[-110.429055,31.416712],[-110.428941,31.416726],[-110.42852,31.416813],[-110.428179,31.416894],[-110.428047,31.416918],[-110.427989,31.416921],[-110.427938,31.416917],[-110.427894,31.416902],[-110.427864,31.41688],[-110.427845,31.416854],[-110.427836,31.416823],[-110.427839,31.41679],[-110.427854,31.416756],[-110.427875,31.416723],[-110.428668,31.415689],[-110.428924,31.415367],[-110.429117,31.415154],[-110.429476,31.414806],[-110.429614,31.41466],[-110.429647,31.414608],[-110.429669,31.414554],[-110.429679,31.414501],[-110.429677,31.414452],[-110.42966,31.414408],[-110.42963,31.414371],[-110.429589,31.414344],[-110.42954,31.414326],[-110.429483,31.41432],[-110.429423,31.414326],[-110.429364,31.414343],[-110.429305,31.414369],[-110.429247,31.414402],[-110.428578,31.414837],[-110.428426,31.414922],[-110.428268,31.414997],[-110.428104,31.415055],[-110.427936,31.415098],[-110.42777,31.415126],[-110.427527,31.415152],[-110.427449,31.415154],[-110.427296,31.415147],[-110.427149,31.415128],[-110.427077,31.415112],[-110.426933,31.415072],[-110.426791,31.415019],[-110.426724,31.414988],[-110.4266,31.414919],[-110.426486,31.414843],[-110.426382,31.414758],[-110.426288,31.414664],[-110.426248,31.414613],[-110.426213,31.414559],[-110.426152,31.414448],[-110.425886,31.413856],[-110.42582,31.413731],[-110.425402,31.41303],[-110.425202,31.412696],[-110.42518,31.412556],[-110.425176,31.412441],[-110.425187,31.412263],[-110.425206,31.412136],[-110.425146,31.412164],[-110.42511,31.412175],[-110.425067,31.41218],[-110.424937,31.412171],[-110.424862,31.411939],[-110.424636,31.410934],[-110.424606,31.41074],[-110.424592,31.410554],[-110.424596,31.410461],[-110.424609,31.410368],[-110.424683,31.410093],[-110.424721,31.409923],[-110.424729,31.409844],[-110.424727,31.409768],[-110.424717,31.40969],[-110.424693,31.409609],[-110.424655,31.409524],[-110.424607,31.409437],[-110.424498,31.40926],[-110.424401,31.409091],[-110.424241,31.408786],[-110.424204,31.408731],[-110.424162,31.408686],[-110.424114,31.408653],[-110.424057,31.408632],[-110.423994,31.408625],[-110.423928,31.408637],[-110.423866,31.408668],[-110.423811,31.408711],[-110.423714,31.40882],[-110.423572,31.409007],[-110.423463,31.409138],[-110.423401,31.409197],[-110.423327,31.409245],[-110.423245,31.409278],[-110.423158,31.409295],[-110.42307,31.409299],[-110.422807,31.409288],[-110.42247,31.40928],[-110.422383,31.40927],[-110.422295,31.409253],[-110.42206,31.409193],[-110.422032,31.409186],[-110.42187,31.409149],[-110.421799,31.409143],[-110.421734,31.40915],[-110.421671,31.409168],[-110.421613,31.409197],[-110.421563,31.409237],[-110.421522,31.409283],[-110.421491,31.409337],[-110.421468,31.409396],[-110.421454,31.409459],[-110.42144,31.40959],[-110.421424,31.409854],[-110.421419,31.409938],[-110.421374,31.410011],[-110.421344,31.410035],[-110.421305,31.410051],[-110.421257,31.410059],[-110.421203,31.410055],[-110.421151,31.41004],[-110.421107,31.410015],[-110.421068,31.409983],[-110.421007,31.4099],[-110.42095,31.409794],[-110.420856,31.409582],[-110.420754,31.409336],[-110.420728,31.409248],[-110.420709,31.409158],[-110.420689,31.408767],[-110.420661,31.408458],[-110.42066,31.408416],[-110.420654,31.408375],[-110.420657,31.408357],[-110.420646,31.408257],[-110.420628,31.40816],[-110.420618,31.408068],[-110.420599,31.407977],[-110.420554,31.407801],[-110.420503,31.407638],[-110.420471,31.407568],[-110.420434,31.407507],[-110.42039,31.407455],[-110.420338,31.40741],[-110.420279,31.407374],[-110.420213,31.407349],[-110.420143,31.407332],[-110.419899,31.407296],[-110.419727,31.40726],[-110.419642,31.407235],[-110.41956,31.407201],[-110.419484,31.407157],[-110.41942,31.407101],[-110.419372,31.407035],[-110.419337,31.406964],[-110.419277,31.406823],[-110.419199,31.406688],[-110.419103,31.406564],[-110.419048,31.406507],[-110.418923,31.406399],[-110.418853,31.406349],[-110.418777,31.406301],[-110.418369,31.406083],[-110.418039,31.405924],[-110.417842,31.405847],[-110.417799,31.405821],[-110.417766,31.405791],[-110.417745,31.405755],[-110.417739,31.405716],[-110.417748,31.405676],[-110.417772,31.405638],[-110.417807,31.405604],[-110.417851,31.405574],[-110.417904,31.405553],[-110.417963,31.405538],[-110.418026,31.405529],[-110.418381,31.405505],[-110.418458,31.405493],[-110.418609,31.405455],[-110.418679,31.405429],[-110.418746,31.405399],[-110.418808,31.405362],[-110.418864,31.405321],[-110.418916,31.405275],[-110.41905,31.405134],[-110.419124,31.405032],[-110.419184,31.404925],[-110.419228,31.404814],[-110.419252,31.404705],[-110.419269,31.404538],[-110.419276,31.404311],[-110.419265,31.40407],[-110.419244,31.403948],[-110.419223,31.403889],[-110.419165,31.40378],[-110.419126,31.40373],[-110.419082,31.403683],[-110.419031,31.403637],[-110.418915,31.403545],[-110.418785,31.40346],[-110.418646,31.40338],[-110.418355,31.403213],[-110.418215,31.403116],[-110.418148,31.403062],[-110.418022,31.402943],[-110.417906,31.402814],[-110.417854,31.402747],[-110.417659,31.402475],[-110.41755,31.402331],[-110.417421,31.402188],[-110.417352,31.402121],[-110.417207,31.401999],[-110.417129,31.401943],[-110.416964,31.401834],[-110.415722,31.401051],[-110.415532,31.400926],[-110.415351,31.400788],[-110.415267,31.400714],[-110.415188,31.400636],[-110.415115,31.400553],[-110.415048,31.400466],[-110.414986,31.400376],[-110.41481,31.400088],[-110.41377,31.398276],[-110.413371,31.397573],[-110.411548,31.394442],[-110.406401,31.385604],[-110.405969,31.384848],[-110.404941,31.383076],[-110.404923,31.382532],[-110.403467,31.378889],[-110.403228,31.378606],[-110.403164,31.378808],[-110.403123,31.378905],[-110.403023,31.379104],[-110.402441,31.380144],[-110.402381,31.380272],[-110.402363,31.380326],[-110.402347,31.380347],[-110.402334,31.380362],[-110.402313,31.38038],[-110.402288,31.380396],[-110.40226,31.38041],[-110.402226,31.38042],[-110.402201,31.380424],[-110.402134,31.380422],[-110.402063,31.3804],[-110.400797,31.379504],[-110.400717,31.379442],[-110.400561,31.379306],[-110.400487,31.379234],[-110.40042,31.379159],[-110.400299,31.379002],[-110.400243,31.378919],[-110.400143,31.378738],[-110.4001,31.378642],[-110.400025,31.378444],[-110.399872,31.37795],[-110.399801,31.37776],[-110.399714,31.377572],[-110.39966,31.377479],[-110.399599,31.377387],[-110.399529,31.377297],[-110.399374,31.377129],[-110.399157,31.376923],[-110.399086,31.376864],[-110.399013,31.376814],[-110.398937,31.376776],[-110.398856,31.376753],[-110.398768,31.376741],[-110.398674,31.376737],[-110.398478,31.376743],[-110.398378,31.37674],[-110.398281,31.376727],[-110.398185,31.376702],[-110.398093,31.376666],[-110.398004,31.376619],[-110.397921,31.376561],[-110.397686,31.376369],[-110.397608,31.376312],[-110.397527,31.376262],[-110.397441,31.37622],[-110.397349,31.376188],[-110.397251,31.376165],[-110.397146,31.376154],[-110.397037,31.376151],[-110.396924,31.376153],[-110.39669,31.376169],[-110.396088,31.376236],[-110.39548,31.376291],[-110.39523,31.376324],[-110.394981,31.376368],[-110.394663,31.376436],[-110.39433,31.376507],[-110.393711,31.376651],[-110.392672,31.376882],[-110.39229,31.376972],[-110.391784,31.377099],[-110.391653,31.377124],[-110.391558,31.377145],[-110.390968,31.377277],[-110.390563,31.377363],[-110.390063,31.377479],[-110.389233,31.377681],[-110.389116,31.377703],[-110.388999,31.377719],[-110.388883,31.377726],[-110.388768,31.377721],[-110.388656,31.377707],[-110.388544,31.377685],[-110.388434,31.377655],[-110.38752,31.377367],[-110.387329,31.377311],[-110.386965,31.377197],[-110.385959,31.376891],[-110.385247,31.376669],[-110.384326,31.376397],[-110.384143,31.376362],[-110.384053,31.376355],[-110.383964,31.376357],[-110.383876,31.376366],[-110.383789,31.376386],[-110.383705,31.376415],[-110.383624,31.376452],[-110.383542,31.376498],[-110.383386,31.376599],[-110.383306,31.376654],[-110.383262,31.376679],[-110.383224,31.37671],[-110.383086,31.376806],[-110.3828,31.377016],[-110.38261,31.377125],[-110.382502,31.377174],[-110.382406,31.377207],[-110.382288,31.377237],[-110.381744,31.377321],[-110.381504,31.377363],[-110.381252,31.377417],[-110.381068,31.37747],[-110.380973,31.377502],[-110.380784,31.377574],[-110.380598,31.377659],[-110.380055,31.377946],[-110.379883,31.378032],[-110.379803,31.378066],[-110.379725,31.378091],[-110.37965,31.378106],[-110.379578,31.378113],[-110.379509,31.378109],[-110.379443,31.378097],[-110.379408,31.378084],[-110.379381,31.378074],[-110.379103,31.377923],[-110.37897,31.377864],[-110.378743,31.377786],[-110.378573,31.377744],[-110.378481,31.377727],[-110.377806,31.377638],[-110.377512,31.377609],[-110.377109,31.377562],[-110.376316,31.377457],[-110.375994,31.377428],[-110.375537,31.377408],[-110.374653,31.377382],[-110.374016,31.377352],[-110.373021,31.377317],[-110.372783,31.377309],[-110.372668,31.377308],[-110.372436,31.377318],[-110.372319,31.377329],[-110.371597,31.377444],[-110.370851,31.377544],[-110.3706,31.377568],[-110.370343,31.377571],[-110.37008,31.377561],[-110.36954,31.377524],[-110.367773,31.377381],[-110.366942,31.377321],[-110.366839,31.37731],[-110.366736,31.377291],[-110.366634,31.377261],[-110.366535,31.377222],[-110.366443,31.377172],[-110.366358,31.377113],[-110.366109,31.376909],[-110.366019,31.376841],[-110.365925,31.376777],[-110.365829,31.376721],[-110.365735,31.376678],[-110.36564,31.37665],[-110.365546,31.376637],[-110.365451,31.376637],[-110.365357,31.376654],[-110.365269,31.376685],[-110.36519,31.376728],[-110.365119,31.376782],[-110.365058,31.376843],[-110.365007,31.376909],[-110.364963,31.376979],[-110.364891,31.377126],[-110.364655,31.377709],[-110.364517,31.378021],[-110.364341,31.378472],[-110.364259,31.378664],[-110.364197,31.378793],[-110.364092,31.378991],[-110.363971,31.379186],[-110.363923,31.379249],[-110.363809,31.379373],[-110.363674,31.379497],[-110.363557,31.379605],[-110.363441,31.379724],[-110.363391,31.379786],[-110.363223,31.380016],[-110.363182,31.380052],[-110.363142,31.380078],[-110.363067,31.380106],[-110.362995,31.380118],[-110.362899,31.380125],[-110.362803,31.380122],[-110.36269,31.380102],[-110.362631,31.38008],[-110.362572,31.38005],[-110.362513,31.38001],[-110.362458,31.379961],[-110.362404,31.379904],[-110.362307,31.379783],[-110.362262,31.379714],[-110.362233,31.379646],[-110.362222,31.379577],[-110.362227,31.379512],[-110.362244,31.379449],[-110.362368,31.379106],[-110.362434,31.378871],[-110.362469,31.378721],[-110.36248,31.37865],[-110.362482,31.37858],[-110.362475,31.37851],[-110.362459,31.378441],[-110.362432,31.378374],[-110.362391,31.378309],[-110.362336,31.37825],[-110.362271,31.378195],[-110.362061,31.378039],[-110.361998,31.377978],[-110.36194,31.37791],[-110.361729,31.377604],[-110.36151,31.377312],[-110.361393,31.377171],[-110.361118,31.376879],[-110.361046,31.376815],[-110.360969,31.376759],[-110.360886,31.376713],[-110.360798,31.376676],[-110.360706,31.376648],[-110.36051,31.376611],[-110.360409,31.376599],[-110.360095,31.376575],[-110.359882,31.376572],[-110.359777,31.376577],[-110.359677,31.37659],[-110.359581,31.376614],[-110.359489,31.376648],[-110.359307,31.376728],[-110.359121,31.376794],[-110.358949,31.376844],[-110.358928,31.376843],[-110.358869,31.376853],[-110.3588,31.376856],[-110.358744,31.376849],[-110.358694,31.376833],[-110.358652,31.376807],[-110.358619,31.37677],[-110.358601,31.376727],[-110.3586,31.376682],[-110.358616,31.376641],[-110.358748,31.376472],[-110.358771,31.376425],[-110.358782,31.376374],[-110.358781,31.376319],[-110.358773,31.376263],[-110.358759,31.376206],[-110.358738,31.376148],[-110.358706,31.376092],[-110.358668,31.376036],[-110.35853,31.375865],[-110.35838,31.375694],[-110.358292,31.375571],[-110.358226,31.375439],[-110.358201,31.375371],[-110.358146,31.375164],[-110.358122,31.375095],[-110.358091,31.37503],[-110.358051,31.374968],[-110.357999,31.374912],[-110.357935,31.374863],[-110.35786,31.37482],[-110.357776,31.374781],[-110.357583,31.374711],[-110.357365,31.37465],[-110.35702,31.374568],[-110.356289,31.374405],[-110.355387,31.374173],[-110.355001,31.374086],[-110.35475,31.374035],[-110.354631,31.374015],[-110.354515,31.374001],[-110.354399,31.373993],[-110.354283,31.37399],[-110.354046,31.373993],[-110.353563,31.374013],[-110.353313,31.374038],[-110.35319,31.374055],[-110.35272,31.374155],[-110.352607,31.37417],[-110.352392,31.374187],[-110.35188,31.374209],[-110.351768,31.374208],[-110.351712,31.374205],[-110.351654,31.374202],[-110.351539,31.37419],[-110.351199,31.374132],[-110.351087,31.374116],[-110.350977,31.374107],[-110.350865,31.374109],[-110.350754,31.374123],[-110.350645,31.374149],[-110.350539,31.374188],[-110.350437,31.374236],[-110.350339,31.374291],[-110.349978,31.374522],[-110.349871,31.374584],[-110.349797,31.374627],[-110.349615,31.374718],[-110.349525,31.374755],[-110.349433,31.374784],[-110.349339,31.374802],[-110.349241,31.374806],[-110.349143,31.374795],[-110.349047,31.374768],[-110.348675,31.374596],[-110.348577,31.374559],[-110.348477,31.374529],[-110.348375,31.374504],[-110.348271,31.37449],[-110.347954,31.374462],[-110.34785,31.374445],[-110.347771,31.374424],[-110.347613,31.374364],[-110.34716,31.374121],[-110.346787,31.373943],[-110.346734,31.373913],[-110.346686,31.37388],[-110.346644,31.373843],[-110.346612,31.373805],[-110.346592,31.373768],[-110.346579,31.373731],[-110.346576,31.373696],[-110.34658,31.373664],[-110.346593,31.373629],[-110.3467,31.373446],[-110.346725,31.373388],[-110.346742,31.373325],[-110.346746,31.373259],[-110.346735,31.373194],[-110.346708,31.373131],[-110.346666,31.373074],[-110.346612,31.373021],[-110.346548,31.372974],[-110.346476,31.372936],[-110.346402,31.372907],[-110.346329,31.372889],[-110.346256,31.372876],[-110.346128,31.372864],[-110.346079,31.372852],[-110.346038,31.372837],[-110.345978,31.372791],[-110.345952,31.372755],[-110.345936,31.372734],[-110.34592,31.372701],[-110.345899,31.372627],[-110.345896,31.372582],[-110.345904,31.372533],[-110.345922,31.372483],[-110.345997,31.372319],[-110.346015,31.372257],[-110.34602,31.37219],[-110.34601,31.372121],[-110.345987,31.372049],[-110.345956,31.371978],[-110.345794,31.37167],[-110.345754,31.371587],[-110.345683,31.371414],[-110.345627,31.371236],[-110.345537,31.370807],[-110.345511,31.370735],[-110.345431,31.3706],[-110.345375,31.370543],[-110.345308,31.370494],[-110.345232,31.370454],[-110.345148,31.370422],[-110.344865,31.370344],[-110.344331,31.370223],[-110.344227,31.370192],[-110.344128,31.370152],[-110.34404,31.370101],[-110.343958,31.370042],[-110.34388,31.369976],[-110.343414,31.369527],[-110.342929,31.369085],[-110.342766,31.368944],[-110.342467,31.368699],[-110.34245,31.368685],[-110.342295,31.368574],[-110.34227,31.36856],[-110.342212,31.368528],[-110.342129,31.36849],[-110.342044,31.368462],[-110.341958,31.368443],[-110.341872,31.368431],[-110.341783,31.368427],[-110.341692,31.368433],[-110.341601,31.368447],[-110.34151,31.368468],[-110.341327,31.368525],[-110.338408,31.369591],[-110.337813,31.369822],[-110.336353,31.370363],[-110.334778,31.370954],[-110.334199,31.371175],[-110.33323,31.371524],[-110.332848,31.371665],[-110.332411,31.371826],[-110.331421,31.372186],[-110.331266,31.372234],[-110.331109,31.372275],[-110.330879,31.372321],[-110.330208,31.372418],[-110.330092,31.372435],[-110.329698,31.372485],[-110.329513,31.372505],[-110.329336,31.372505],[-110.329246,31.372496],[-110.329157,31.372477],[-110.329072,31.37245],[-110.32899,31.372414],[-110.328911,31.372371],[-110.328835,31.372321],[-110.328764,31.372265],[-110.328698,31.372203],[-110.328636,31.372135],[-110.32858,31.372062],[-110.32853,31.371985],[-110.328485,31.371905],[-110.328282,31.371494],[-110.328238,31.37142],[-110.32819,31.371351],[-110.328135,31.371286],[-110.328072,31.371223],[-110.328002,31.371163],[-110.327925,31.371108],[-110.32784,31.371057],[-110.327657,31.370968],[-110.327464,31.370894],[-110.327266,31.370831],[-110.326756,31.37069],[-110.326558,31.37064],[-110.326459,31.37062],[-110.325956,31.370546],[-110.325862,31.370526],[-110.325771,31.370497],[-110.325687,31.370457],[-110.325611,31.370407],[-110.325547,31.370347],[-110.325434,31.370224],[-110.325374,31.370167],[-110.325305,31.370116],[-110.325228,31.37007],[-110.325143,31.370029],[-110.324958,31.369958],[-110.324861,31.36993],[-110.324564,31.369862],[-110.324468,31.369836],[-110.324375,31.369804],[-110.324199,31.369727],[-110.324115,31.369682],[-110.323964,31.369584],[-110.323893,31.369531],[-110.323828,31.369474],[-110.323779,31.369411],[-110.323754,31.369343],[-110.323748,31.369273],[-110.323771,31.369064],[-110.32377,31.368993],[-110.323756,31.368923],[-110.323726,31.368855],[-110.323683,31.36879],[-110.323627,31.368728],[-110.323561,31.368667],[-110.323188,31.368362],[-110.323123,31.368298],[-110.322971,31.368099],[-110.322916,31.368039],[-110.322855,31.367985],[-110.322785,31.367939],[-110.322707,31.3679],[-110.32209,31.367696],[-110.321754,31.367566],[-110.321674,31.367541],[-110.321594,31.367523],[-110.321514,31.367511],[-110.321433,31.367506],[-110.321352,31.367506],[-110.321272,31.367513],[-110.32119,31.367528],[-110.321025,31.367574],[-110.320843,31.367642],[-110.320794,31.367661],[-110.320723,31.367682],[-110.320654,31.367693],[-110.320586,31.367694],[-110.320521,31.367679],[-110.320464,31.367647],[-110.320416,31.367599],[-110.32038,31.36754],[-110.32035,31.367472],[-110.320327,31.367395],[-110.320299,31.367226],[-110.320276,31.366869],[-110.320264,31.366782],[-110.320242,31.366696],[-110.320212,31.366616],[-110.320175,31.36654],[-110.320131,31.36647],[-110.320079,31.366407],[-110.320017,31.366353],[-110.319943,31.366304],[-110.319856,31.366263],[-110.319759,31.366229],[-110.319656,31.366202],[-110.319549,31.366186],[-110.319443,31.366177],[-110.319337,31.366176],[-110.319238,31.366182],[-110.31899,31.366218],[-110.31892,31.366221],[-110.318855,31.366213],[-110.318795,31.366192],[-110.318743,31.366155],[-110.318704,31.366106],[-110.318678,31.366048],[-110.318641,31.365845],[-110.318623,31.365777],[-110.318595,31.365713],[-110.318556,31.365655],[-110.318505,31.365603],[-110.318445,31.365557],[-110.318376,31.365517],[-110.3183,31.365486],[-110.318218,31.365466],[-110.318131,31.365459],[-110.318044,31.365464],[-110.317959,31.365477],[-110.317617,31.365567],[-110.317525,31.365583],[-110.31743,31.365591],[-110.317333,31.365591],[-110.317236,31.365582],[-110.317139,31.365564],[-110.317043,31.365538],[-110.315958,31.365186],[-110.315443,31.365042],[-110.314928,31.364891],[-110.314725,31.364845],[-110.314589,31.364825],[-110.314444,31.364818],[-110.314293,31.364827],[-110.314214,31.364839],[-110.313943,31.364894],[-110.31389,31.364903],[-110.313852,31.364907],[-110.313811,31.36491],[-110.313731,31.364905],[-110.313654,31.364886],[-110.313584,31.364854],[-110.313525,31.36481],[-110.313374,31.36465],[-110.313311,31.364598],[-110.31324,31.364552],[-110.31316,31.364514],[-110.313072,31.364485],[-110.312979,31.364466],[-110.312881,31.364456],[-110.312782,31.364454],[-110.312581,31.364467],[-110.312386,31.364498],[-110.312292,31.364521],[-110.312021,31.364605],[-110.311394,31.364837],[-110.310939,31.364996],[-110.310863,31.365015],[-110.310791,31.365025],[-110.31072,31.365022],[-110.31065,31.365003],[-110.310588,31.364967],[-110.310541,31.364913],[-110.310508,31.364848],[-110.310451,31.364703],[-110.310414,31.364627],[-110.310369,31.364549],[-110.310317,31.364473],[-110.310256,31.3644],[-110.31019,31.364336],[-110.310119,31.364284],[-110.310044,31.364245],[-110.309963,31.364219],[-110.30981,31.364181],[-110.309743,31.364153],[-110.309682,31.364112],[-110.309632,31.36406],[-110.309544,31.363928],[-110.30946,31.363771],[-110.309381,31.363604],[-110.309349,31.363522],[-110.309326,31.363434],[-110.309292,31.363299],[-110.309264,31.363231],[-110.309223,31.363169],[-110.309169,31.363113],[-110.309102,31.363065],[-110.309027,31.363025],[-110.308946,31.362991],[-110.308612,31.362868],[-110.308293,31.362762],[-110.30813,31.362723],[-110.307963,31.362697],[-110.307875,31.362688],[-110.307694,31.36268],[-110.307326,31.362688],[-110.307148,31.362681],[-110.307063,31.362665],[-110.306804,31.362597],[-110.306712,31.362582],[-110.306616,31.362575],[-110.306519,31.362575],[-110.306423,31.362584],[-110.306051,31.362661],[-110.30596,31.362667],[-110.30587,31.362662],[-110.305784,31.362645],[-110.305228,31.362498],[-110.304688,31.362384],[-110.304461,31.362341],[-110.303287,31.362189],[-110.303065,31.362165],[-110.302854,31.362151],[-110.302646,31.362157],[-110.302547,31.362169],[-110.302455,31.362186],[-110.302372,31.362207],[-110.302297,31.362234],[-110.302229,31.362266],[-110.302045,31.362388],[-110.301983,31.362424],[-110.301917,31.362451],[-110.301846,31.362469],[-110.301333,31.362521],[-110.300882,31.362573],[-110.300796,31.362579],[-110.300712,31.362579],[-110.300637,31.362573],[-110.300549,31.362565],[-110.300469,31.362548],[-110.300394,31.362525],[-110.300322,31.362497],[-110.300252,31.362461],[-110.300235,31.36245],[-110.300181,31.362416],[-110.300112,31.362363],[-110.300043,31.3623],[-110.299909,31.362154],[-110.29956,31.361687],[-110.299504,31.361623],[-110.299443,31.361565],[-110.299378,31.361513],[-110.299308,31.361465],[-110.299164,31.361376],[-110.299088,31.361335],[-110.298927,31.361264],[-110.298842,31.361234],[-110.298754,31.361211],[-110.298665,31.361194],[-110.298479,31.361172],[-110.298384,31.361167],[-110.298289,31.361167],[-110.298092,31.361177],[-110.297789,31.361209],[-110.297691,31.361214],[-110.297595,31.361212],[-110.297504,31.361203],[-110.297055,31.361122],[-110.296585,31.361065],[-110.296502,31.361048],[-110.296427,31.361023],[-110.296363,31.360986],[-110.296309,31.36094],[-110.296264,31.360884],[-110.29615,31.360699],[-110.296064,31.360582],[-110.296015,31.360529],[-110.295962,31.360484],[-110.295904,31.360448],[-110.295841,31.360422],[-110.295773,31.360404],[-110.295699,31.360395],[-110.295623,31.360394],[-110.295465,31.360403],[-110.295385,31.360403],[-110.295306,31.360395],[-110.295154,31.360351],[-110.295082,31.360319],[-110.295009,31.360281],[-110.29494,31.360237],[-110.294749,31.360083],[-110.294543,31.359941],[-110.294478,31.359887],[-110.294359,31.359763],[-110.294252,31.359631],[-110.294126,31.359429],[-110.294082,31.35937],[-110.294032,31.359315],[-110.293972,31.359268],[-110.293903,31.359224],[-110.293825,31.359186],[-110.293741,31.359155],[-110.293652,31.359133],[-110.293527,31.359113],[-110.293478,31.359107],[-110.293435,31.359096],[-110.293395,31.359088],[-110.293321,31.359063],[-110.293258,31.359027],[-110.293078,31.358901],[-110.292882,31.358786],[-110.29283,31.358744],[-110.292794,31.358693],[-110.292776,31.358638],[-110.29278,31.358581],[-110.292853,31.358345],[-110.292865,31.358283],[-110.292869,31.358221],[-110.292862,31.358161],[-110.292843,31.358102],[-110.292812,31.358048],[-110.29277,31.357995],[-110.29272,31.357945],[-110.292663,31.357897],[-110.292532,31.357808],[-110.292304,31.357684],[-110.292136,31.357604],[-110.291957,31.35753],[-110.291677,31.35743],[-110.291298,31.35732],[-110.291027,31.357252],[-110.290862,31.357221],[-110.290793,31.357204],[-110.290732,31.357179],[-110.290679,31.357145],[-110.290469,31.356964],[-110.290407,31.356917],[-110.290337,31.356873],[-110.290262,31.356833],[-110.290182,31.356796],[-110.289923,31.356696],[-110.289742,31.35664],[-110.289387,31.356542],[-110.289309,31.356513],[-110.289238,31.356477],[-110.289177,31.356432],[-110.289128,31.356377],[-110.28909,31.356316],[-110.288946,31.356059],[-110.288899,31.355994],[-110.288846,31.355931],[-110.288788,31.35587],[-110.288657,31.355754],[-110.288509,31.35565],[-110.287776,31.355199],[-110.287702,31.355144],[-110.287639,31.355083],[-110.287585,31.355017],[-110.287327,31.354644],[-110.287234,31.354488],[-110.287072,31.354156],[-110.287025,31.354078],[-110.286929,31.353933],[-110.286894,31.35386],[-110.286877,31.353785],[-110.286879,31.353711],[-110.286895,31.353637],[-110.286919,31.353563],[-110.286952,31.35349],[-110.287035,31.353346],[-110.287083,31.353278],[-110.287256,31.352998],[-110.287288,31.352937],[-110.287312,31.352879],[-110.287326,31.352823],[-110.287328,31.352769],[-110.287319,31.352719],[-110.287297,31.352673],[-110.287264,31.352633],[-110.28722,31.352599],[-110.287201,31.352589],[-110.286248,31.353176],[-110.286683,31.355683],[-110.288961,31.358416],[-110.289218,31.3607],[-110.288359,31.362647],[-110.287752,31.363433],[-110.287723,31.363991],[-110.287993,31.364611],[-110.287743,31.365543],[-110.287447,31.365799],[-110.287006,31.36692],[-110.286375,31.367572],[-110.284465,31.367702],[-110.284017,31.366732],[-110.283389,31.366259],[-110.283085,31.366171],[-110.282377,31.36579],[-110.281815,31.365808],[-110.279869,31.365068],[-110.278815,31.364959],[-110.278457,31.364568],[-110.277904,31.364277],[-110.27748,31.363814],[-110.275076,31.362715],[-110.2742,31.362528],[-110.273801,31.362443],[-110.272384,31.361254],[-110.270679,31.360546],[-110.269597,31.360159],[-110.268866,31.360189],[-110.26836,31.359982],[-110.26801,31.359636],[-110.267613,31.35956],[-110.267225,31.359537],[-110.265635,31.359478],[-110.264693,31.361137],[-110.259085,31.359229],[-110.253241,31.357055],[-110.250217,31.356168],[-110.248833,31.35598],[-110.247506,31.355081],[-110.244971,31.354363],[-110.244763,31.354155],[-110.244595,31.353396],[-110.244468,31.35312],[-110.242492,31.351668],[-110.24112,31.350264],[-110.240209,31.349687],[-110.239664,31.34918],[-110.239435,31.348812],[-110.239112,31.347777],[-110.239015,31.347786],[-110.238867,31.347805],[-110.238774,31.34782],[-110.238651,31.347849],[-110.238527,31.34789],[-110.238402,31.347939],[-110.238323,31.347973],[-110.238006,31.348108],[-110.237873,31.348172],[-110.237747,31.348245],[-110.237632,31.34833],[-110.237529,31.348422],[-110.237435,31.34852],[-110.23735,31.348623],[-110.237112,31.348942],[-110.236941,31.349184],[-110.236884,31.349264],[-110.236796,31.349363],[-110.236701,31.349455],[-110.2366,31.34954],[-110.236496,31.34962],[-110.236386,31.34969],[-110.236273,31.349753],[-110.236154,31.349808],[-110.23603,31.349856],[-110.235902,31.349898],[-110.235771,31.34993],[-110.235636,31.349954],[-110.235565,31.349962],[-110.235498,31.349969],[-110.235217,31.349982],[-110.233841,31.350002],[-110.23139,31.350063],[-110.231253,31.350063],[-110.230979,31.350056],[-110.230574,31.350023],[-110.230308,31.34999],[-110.230044,31.34995],[-110.229832,31.349906],[-110.229624,31.349862],[-110.229515,31.349828],[-110.229123,31.349729],[-110.228318,31.349517],[-110.227788,31.349371],[-110.22574,31.348838],[-110.224551,31.348523],[-110.224508,31.348513],[-110.224301,31.348462],[-110.224175,31.34844],[-110.224017,31.348432],[-110.223769,31.348434],[-110.220877,31.348494],[-110.220557,31.348508],[-110.220398,31.348523],[-110.220239,31.348544],[-110.220082,31.34857],[-110.219775,31.348639],[-110.219625,31.348679],[-110.219335,31.348773],[-110.219056,31.34888],[-110.218922,31.34894],[-110.218664,31.349072],[-110.218413,31.34922],[-110.217566,31.349755],[-110.216587,31.350374],[-110.216262,31.350575],[-110.216152,31.350635],[-110.216039,31.350689],[-110.215924,31.350737],[-110.215693,31.350817],[-110.215453,31.350885],[-110.215323,31.35091],[-110.215187,31.350928],[-110.215043,31.350938],[-110.214734,31.350945],[-110.210683,31.350937],[-110.208618,31.350936],[-110.208355,31.350936],[-110.207789,31.35094],[-110.20768,31.350947],[-110.207573,31.350968],[-110.20747,31.351002],[-110.207377,31.351051],[-110.207293,31.351111],[-110.207221,31.351182],[-110.207162,31.351265],[-110.207117,31.351357],[-110.207087,31.351459],[-110.207069,31.351574],[-110.207063,31.351704],[-110.207064,31.35184],[-110.207066,31.352164],[-110.207069,31.352752],[-110.207066,31.355327],[-110.207068,31.355968],[-110.207072,31.357296],[-110.207072,31.357864],[-110.207071,31.358077],[-110.20707,31.358251],[-110.207068,31.358762],[-110.207075,31.360004],[-110.207071,31.361827],[-110.207073,31.363039],[-110.207076,31.364515],[-110.207078,31.365401],[-110.207077,31.367825],[-110.207075,31.369591],[-110.207077,31.37243],[-110.207078,31.372766],[-110.207078,31.37327],[-110.207081,31.376839],[-110.207083,31.37979],[-110.207083,31.379941],[-110.210353,31.379944],[-110.212223,31.379946],[-110.212935,31.379955],[-110.213405,31.379971],[-110.213871,31.379999],[-110.214568,31.380059],[-110.215035,31.380113],[-110.215262,31.380146],[-110.215737,31.380215],[-110.21621,31.380295],[-110.216687,31.380381],[-110.217644,31.380562],[-110.21835,31.380721],[-110.218584,31.38078],[-110.219048,31.380909],[-110.21928,31.380979],[-110.219739,31.381129],[-110.220194,31.381292],[-110.220642,31.381467],[-110.220863,31.381559],[-110.221132,31.381679],[-110.221516,31.381852],[-110.221729,31.381954],[-110.222226,31.382212],[-110.222553,31.382392],[-110.222751,31.382508],[-110.223139,31.382744],[-110.223328,31.382864],[-110.223696,31.383111],[-110.223897,31.383254],[-110.224413,31.383637],[-110.22459,31.383775],[-110.224938,31.384067],[-110.225282,31.384372],[-110.225451,31.38453],[-110.225783,31.384858],[-110.226106,31.385198],[-110.226456,31.385577],[-110.22668,31.385819],[-110.228222,31.387513],[-110.229058,31.388432],[-110.229868,31.389313],[-110.231997,31.391649],[-110.232063,31.391722],[-110.232532,31.392223],[-110.232855,31.392551],[-110.23335,31.393019],[-110.233533,31.393181],[-110.233685,31.393316],[-110.234797,31.394225],[-110.235099,31.394471],[-110.235925,31.395143],[-110.237852,31.396712],[-110.237911,31.39676],[-110.2382,31.397014],[-110.238542,31.397339],[-110.238694,31.397495],[-110.238836,31.397649],[-110.239103,31.397965],[-110.239353,31.39829],[-110.239471,31.398455],[-110.239583,31.398622],[-110.239689,31.398792],[-110.239884,31.399135],[-110.23995,31.399266],[-110.240061,31.399487],[-110.240119,31.399616],[-110.240221,31.399846],[-110.240321,31.400113],[-110.240359,31.400214],[-110.240438,31.400467],[-110.240477,31.40059],[-110.240565,31.400935],[-110.240573,31.400977],[-110.240585,31.401023],[-110.240654,31.40138],[-110.240683,31.401585],[-110.240706,31.401791],[-110.240723,31.401999],[-110.240737,31.402419],[-110.240742,31.402992],[-110.240743,31.405182],[-110.240743,31.406046],[-110.240744,31.407468],[-110.24074,31.408187],[-110.240744,31.409077],[-110.239779,31.408987],[-110.239424,31.408908],[-110.239082,31.408765],[-110.238972,31.408708],[-110.238625,31.408529],[-110.238509,31.408492],[-110.238379,31.408406],[-110.238003,31.408259],[-110.237744,31.408201],[-110.237607,31.408184],[-110.237211,31.408164],[-110.236828,31.408201],[-110.236446,31.408294],[-110.23607,31.40841],[-110.234957,31.408809],[-110.234274,31.409001],[-110.233823,31.409052],[-110.233715,31.409052],[-110.233027,31.409057],[-110.232676,31.409059],[-110.232217,31.409084],[-110.232095,31.409079],[-110.231562,31.409144],[-110.23105,31.409175],[-110.230718,31.409173],[-110.229486,31.409168],[-110.228783,31.409154],[-110.228743,31.409155],[-110.227983,31.409168],[-110.226279,31.409156],[-110.225895,31.409154],[-110.225436,31.409151],[-110.223902,31.409151],[-110.22382,31.409151],[-110.215935,31.409151],[-110.215342,31.409159],[-110.215231,31.409161],[-110.213346,31.409151],[-110.211243,31.409164],[-110.20814,31.409158],[-110.207964,31.409158],[-110.207097,31.409171],[-110.206871,31.409175],[-110.206106,31.409161],[-110.205023,31.409159],[-110.203235,31.409155],[-110.202213,31.409147],[-110.20155,31.409158],[-110.194149,31.4091],[-110.190046,31.409088],[-110.185445,31.409089],[-110.181518,31.409079],[-110.177366,31.409075],[-110.173157,31.409071],[-110.172921,31.409071],[-110.168991,31.40908],[-110.166761,31.409082],[-110.164604,31.409084],[-110.161393,31.409087],[-110.160385,31.409088],[-110.160313,31.409088],[-110.151922,31.409096],[-110.148943,31.409098],[-110.147851,31.409099],[-110.143995,31.409102],[-110.143553,31.409101],[-110.14277,31.409096],[-110.142449,31.4091],[-110.140858,31.409086],[-110.14044,31.409087],[-110.136493,31.4091],[-110.134284,31.409086],[-110.133855,31.409088],[-110.132388,31.409093],[-110.132251,31.409089],[-110.131958,31.409089],[-110.131808,31.409093],[-110.129579,31.409093],[-110.126228,31.409092],[-110.122333,31.409092],[-110.122334,31.408933],[-110.12234,31.405308],[-110.122336,31.40203],[-110.122336,31.40184],[-110.122336,31.401799],[-110.122326,31.394478],[-110.121401,31.394468],[-110.119297,31.394473],[-110.118204,31.394476],[-110.118005,31.394476],[-110.117391,31.394478],[-110.114686,31.394473],[-110.114522,31.394474],[-110.113958,31.394476],[-110.11273,31.394466],[-110.111728,31.394473],[-110.110697,31.394477],[-110.109585,31.394478],[-110.108811,31.394483],[-110.108031,31.394469],[-110.106506,31.394408],[-110.106647,31.394193],[-110.106762,31.394044],[-110.106987,31.393714],[-110.107224,31.393395],[-110.107614,31.392939],[-110.107922,31.392598],[-110.10823,31.392361],[-110.108877,31.391948],[-110.109185,31.391712],[-110.109306,31.391558],[-110.109351,31.391255],[-110.109236,31.390909],[-110.108985,31.390645],[-110.108479,31.390348],[-110.1076,31.389864],[-110.10676,31.389491],[-110.106484,31.389293],[-110.10626,31.389067],[-110.1061,31.38888],[-110.106029,31.388589],[-110.106035,31.388298],[-110.106118,31.387973],[-110.106214,31.387703],[-110.106451,31.387285],[-110.106682,31.386911],[-110.1069,31.386466],[-110.107118,31.386147],[-110.107348,31.385718],[-110.107873,31.384909],[-110.108053,31.384661],[-110.108418,31.384386],[-110.108598,31.384298],[-110.10888,31.384183],[-110.108947,31.384157],[-110.109489,31.383951],[-110.109796,31.383797],[-110.110303,31.383484],[-110.110687,31.383203],[-110.110937,31.382867],[-110.111135,31.382477],[-110.111231,31.382213],[-110.111244,31.381899],[-110.111077,31.381146],[-110.111077,31.380849],[-110.111153,31.380222],[-110.111132,31.379977],[-110.108385,31.379981],[-110.106896,31.379984],[-110.105817,31.379986],[-110.103678,31.379989],[-110.102451,31.379989],[-110.101087,31.379988],[-110.096794,31.379987],[-110.09033,31.379984],[-110.08904,31.379983],[-110.08837,31.379983],[-110.084226,31.379982],[-110.079561,31.379991],[-110.07876,31.380007],[-110.077677,31.380051],[-110.07686,31.380103],[-110.076418,31.38014],[-110.076048,31.380171],[-110.075242,31.380256],[-110.074177,31.380386],[-110.073686,31.380457],[-110.073122,31.380538],[-110.072733,31.380594],[-110.070971,31.380847],[-110.070427,31.380901],[-110.069879,31.380944],[-110.069329,31.380973],[-110.068778,31.380986],[-110.068229,31.380983],[-110.067682,31.380966],[-110.067137,31.380934],[-110.066595,31.380889],[-110.065785,31.380798],[-110.06497,31.380679],[-110.063579,31.380457],[-110.06218,31.380275],[-110.061089,31.380164],[-110.059539,31.380057],[-110.05857,31.380019],[-110.057399,31.380004],[-110.055128,31.380001],[-110.050511,31.379995],[-110.048729,31.379998],[-110.048661,31.379998],[-110.045391,31.379998],[-110.043892,31.380004],[-110.043811,31.380004],[-110.039463,31.379937],[-110.038476,31.379923],[-110.037489,31.37985],[-110.037502,31.380135],[-110.037509,31.380204],[-110.037516,31.380281],[-110.037535,31.380344],[-110.037608,31.380469],[-110.037636,31.38054],[-110.037671,31.380954],[-110.037666,31.387312],[-110.037655,31.388779],[-110.037648,31.38977],[-110.037636,31.389978],[-110.037633,31.390039],[-110.037631,31.393707],[-110.03763,31.394515],[-110.037628,31.398843],[-110.037639,31.403221],[-110.037652,31.408731],[-110.03766,31.408804],[-110.037681,31.408921],[-110.037687,31.408962],[-110.037685,31.409004],[-110.03768,31.40902],[-110.037664,31.409048],[-110.03764,31.409097],[-110.037629,31.409136],[-110.03763,31.409238],[-110.037621,31.409468],[-110.037627,31.409792],[-110.037626,31.409958],[-110.037617,31.410004],[-110.037577,31.410092],[-110.03756,31.410141],[-110.03755,31.410195],[-110.037552,31.410315],[-110.037544,31.410782],[-110.037561,31.411002],[-110.037555,31.411139],[-110.037534,31.411242],[-110.037527,31.411329],[-110.037544,31.411405],[-110.03754,31.411432],[-110.037514,31.411478],[-110.037509,31.411503],[-110.037532,31.411605],[-110.037542,31.411702],[-110.037554,31.412113],[-110.037518,31.412458],[-110.037519,31.412521],[-110.037528,31.412586],[-110.037566,31.412779],[-110.037565,31.412867],[-110.037564,31.412914],[-110.037556,31.412984],[-110.037547,31.413292],[-110.037553,31.413538],[-110.037549,31.413608],[-110.037558,31.413676],[-110.037579,31.41374],[-110.037565,31.413794],[-110.037574,31.413949],[-110.03757,31.414033],[-110.037577,31.414344],[-110.037578,31.414997],[-110.037584,31.415314],[-110.037584,31.415605],[-110.037563,31.415988],[-110.037589,31.41635],[-110.037583,31.416976],[-110.037569,31.417163],[-110.037586,31.417389],[-110.037585,31.417453],[-110.037595,31.417538],[-110.037587,31.417719],[-110.037593,31.417768],[-110.037591,31.417935],[-110.037576,31.418368],[-110.037579,31.418831],[-110.037558,31.419227],[-110.037524,31.419969],[-110.037557,31.423354],[-110.03382,31.423367],[-110.0222,31.423409],[-110.020735,31.423414],[-110.012139,31.423427],[-110.012045,31.423427],[-110.011968,31.423452],[-110.01104,31.423463],[-110.007684,31.423457],[-110.006496,31.423395],[-110.006356,31.423388],[-110.005794,31.423437],[-110.004647,31.423415],[-110.004469,31.423412],[-110.00417,31.423406],[-110.003645,31.423473],[-110.003629,31.423475],[-110.003521,31.423685],[-110.003456,31.423995],[-110.003393,31.424295],[-110.003605,31.425137],[-110.003671,31.425726],[-110.003775,31.425835],[-110.004188,31.426039],[-110.004394,31.426245],[-110.004442,31.426293],[-110.004582,31.42634],[-110.004329,31.430729],[-110.004485,31.432368],[-110.004494,31.432524],[-110.004691,31.436145],[-110.003889,31.449337],[-110.003851,31.449908],[-110.003763,31.451595],[-110.003719,31.454269],[-110.003621,31.460139],[-110.003554,31.464197],[-110.003525,31.465963],[-110.003545,31.466299],[-110.003552,31.467335],[-110.003542,31.468519],[-110.007486,31.46853],[-110.012762,31.468545],[-110.015912,31.468553],[-110.018664,31.468561],[-110.034049,31.468604],[-110.039967,31.46862],[-110.040109,31.468621],[-110.041107,31.468626],[-110.041523,31.468591],[-110.050554,31.468631],[-110.053208,31.468642],[-110.053212,31.47098],[-110.053215,31.472436],[-110.053238,31.484829],[-110.053246,31.489122],[-110.053252,31.492031],[-110.053252,31.506274],[-110.053294,31.506431],[-110.053189,31.513644],[-110.053165,31.515293],[-110.05321,31.516018],[-110.053261,31.516851],[-110.053261,31.517089],[-110.053263,31.519511],[-110.053265,31.52023],[-110.053287,31.527222],[-110.053332,31.529075],[-110.053385,31.54385],[-110.053357,31.545161],[-110.053369,31.552519],[-110.05337,31.553073],[-110.025065,31.553342],[-110.014996,31.55343],[-110.014716,31.553442],[-110.012101,31.553555],[-110.003647,31.553955],[-109.988563,31.553666],[-109.980866,31.553533],[-109.962441,31.553215],[-109.95776,31.553135],[-109.943863,31.553188],[-109.915767,31.553262],[-109.912157,31.553284],[-109.887165,31.553347],[-109.875742,31.553276],[-109.851943,31.553227],[-109.851929,31.557056],[-109.848635,31.552457],[-109.842629,31.544073],[-109.834179,31.532276],[-109.82972,31.526052],[-109.829374,31.52557],[-109.824466,31.518716],[-109.824323,31.511885],[-109.824189,31.505412],[-109.824172,31.504588],[-109.824132,31.502682],[-109.824032,31.499663],[-109.823959,31.492575],[-109.823747,31.478999],[-109.823771,31.478328],[-109.823606,31.47842],[-109.823125,31.478767],[-109.822952,31.478822],[-109.822821,31.47884],[-109.822817,31.478663],[-109.822831,31.478305],[-109.822819,31.477605],[-109.822766,31.476224],[-109.822731,31.474972],[-109.822664,31.472534],[-109.822663,31.472301],[-109.822679,31.471959],[-109.822678,31.471846],[-109.82267,31.471732],[-109.822601,31.471065],[-109.822573,31.470682],[-109.822571,31.470504],[-109.822587,31.470248],[-109.822628,31.469924],[-109.822635,31.469767],[-109.822609,31.468674],[-109.822492,31.463793],[-109.822482,31.463347],[-109.822429,31.46104],[-109.822378,31.458822],[-109.822379,31.458205],[-109.822396,31.457956],[-109.822412,31.457832],[-109.822435,31.457711],[-109.822463,31.457592],[-109.822527,31.457359],[-109.822764,31.456568],[-109.82341,31.454354],[-109.823494,31.454063],[-109.824422,31.450882],[-109.824736,31.449825],[-109.826177,31.444871],[-109.826219,31.444712],[-109.826233,31.444658],[-109.826254,31.444525],[-109.826259,31.444394],[-109.826226,31.442988],[-109.826229,31.442844],[-109.826242,31.44273],[-109.826277,31.442597],[-109.826454,31.442432],[-109.825316,31.441834],[-109.825231,31.44179],[-109.824017,31.441136],[-109.821008,31.439526],[-109.820758,31.439383],[-109.820273,31.43908],[-109.820037,31.438923],[-109.819805,31.438761],[-109.81958,31.438595],[-109.819146,31.438252],[-109.818134,31.43739],[-109.817072,31.436466],[-109.817076,31.437961],[-109.772063,31.437744],[-109.76726,31.437721],[-109.732061,31.437553],[-109.720531,31.437591],[-109.707447,31.437682],[-109.699122,31.43769],[-109.698254,31.437678],[-109.690085,31.43752],[-109.67228,31.43724],[-109.664228,31.43716],[-109.663936,31.437179],[-109.652392,31.437398],[-109.646524,31.437372],[-109.641053,31.437346],[-109.633007,31.437334],[-109.631112,31.437332],[-109.631022,31.437328],[-109.630811,31.437292],[-109.630644,31.437234],[-109.630512,31.437179],[-109.630436,31.437141],[-109.630301,31.437059],[-109.630244,31.437013],[-109.630196,31.436959],[-109.630194,31.437324],[-109.630175,31.442858],[-109.630174,31.44316],[-109.630169,31.443656],[-109.630148,31.445579],[-109.630108,31.448471],[-109.630087,31.450849],[-109.630093,31.451964],[-109.632774,31.451992],[-109.634412,31.45201],[-109.638565,31.452055],[-109.641721,31.452087],[-109.647016,31.45214],[-109.646949,31.459389],[-109.646475,31.466053],[-109.63339,31.466008],[-109.616439,31.465898],[-109.615845,31.465863],[-109.611054,31.465834],[-109.610123,31.46583],[-109.605934,31.465813],[-109.604454,31.465807],[-109.604128,31.465806],[-109.599598,31.465787],[-109.598912,31.465779],[-109.597938,31.465779],[-109.597447,31.465779],[-109.596803,31.466461],[-109.596742,31.466548],[-109.596399,31.466935],[-109.59562,31.466942],[-109.594415,31.466403],[-109.593413,31.465956],[-109.591042,31.465752],[-109.587801,31.465739],[-109.572877,31.465864],[-109.552372,31.466037],[-109.552297,31.465991],[-109.548033,31.466023],[-109.544896,31.466083],[-109.539246,31.465969],[-109.530335,31.465791],[-109.53023,31.465789],[-109.528025,31.465744],[-109.527959,31.465743],[-109.527888,31.465675],[-109.527664,31.465593],[-109.527458,31.465565],[-109.527317,31.465593],[-109.527176,31.465675],[-109.527111,31.465724],[-109.511425,31.465372],[-109.511028,31.465471],[-109.510593,31.465457],[-109.508188,31.465454],[-109.502928,31.465433],[-109.50294,31.465424],[-109.502987,31.465369],[-109.50302,31.465306],[-109.503039,31.465237],[-109.503046,31.465161],[-109.503045,31.464022],[-109.503044,31.46324],[-109.503035,31.463144],[-109.503006,31.462943],[-109.502996,31.462845],[-109.502994,31.462749],[-109.503017,31.462421],[-109.503027,31.462266],[-109.503036,31.461763],[-109.503021,31.458713],[-109.501551,31.458817],[-109.499705,31.458852],[-109.497802,31.458524],[-109.494784,31.458591],[-109.494517,31.458499],[-109.494062,31.458225],[-109.492458,31.456942],[-109.491148,31.456324],[-109.490399,31.456301],[-109.48925,31.456531],[-109.487967,31.456669],[-109.48762,31.456623],[-109.487059,31.45628],[-109.486435,31.455745],[-109.486123,31.455478],[-109.485428,31.455181],[-109.484385,31.454975],[-109.483583,31.454998],[-109.482835,31.454884],[-109.482773,31.454856],[-109.482454,31.454712],[-109.482324,31.454651],[-109.481276,31.453951],[-109.480558,31.453299],[-109.480254,31.453025],[-109.480057,31.452723],[-109.480078,31.451807],[-109.479829,31.451528],[-109.480296,31.451249],[-109.480653,31.451044],[-109.483398,31.44947],[-109.485161,31.448446],[-109.485899,31.448008],[-109.486394,31.447692],[-109.486629,31.447532],[-109.486755,31.447432],[-109.48688,31.447317],[-109.487,31.447194],[-109.487115,31.447066],[-109.487223,31.446932],[-109.487324,31.446792],[-109.487417,31.446646],[-109.487503,31.446497],[-109.487582,31.446344],[-109.487634,31.446228],[-109.487653,31.446186],[-109.487717,31.446025],[-109.487772,31.445859],[-109.487819,31.445691],[-109.48786,31.445521],[-109.488071,31.444493],[-109.488373,31.442943],[-109.488655,31.441523],[-109.48873,31.441114],[-109.488803,31.440752],[-109.488875,31.440357],[-109.488966,31.439911],[-109.489185,31.438764],[-109.489265,31.438306],[-109.48934,31.437744],[-109.489365,31.43749],[-109.489395,31.437046],[-109.489585,31.432557],[-109.489665,31.430678],[-109.489696,31.430073],[-109.4897,31.429884],[-109.489686,31.42983],[-109.489658,31.429782],[-109.489615,31.429743],[-109.489557,31.429716],[-109.489486,31.429698],[-109.489401,31.429689],[-109.489131,31.429671],[-109.488957,31.429659],[-109.488569,31.429625],[-109.48844,31.429605],[-109.488313,31.429577],[-109.488189,31.429543],[-109.488067,31.429502],[-109.487827,31.429404],[-109.487592,31.429293],[-109.486673,31.428823],[-109.485612,31.42829],[-109.48528,31.428132],[-109.486965,31.425684],[-109.490158,31.421043],[-109.491663,31.418896],[-109.492275,31.418029],[-109.491901,31.417877],[-109.491714,31.417821],[-109.491581,31.417801],[-109.491457,31.417781],[-109.490966,31.41772],[-109.490603,31.41768],[-109.490343,31.417662],[-109.489166,31.417624],[-109.489061,31.41762],[-109.488406,31.417607],[-109.485486,31.417494],[-109.483687,31.417448],[-109.481885,31.417403],[-109.480991,31.417381],[-109.48039,31.417375],[-109.480172,31.417252],[-109.480075,31.417258],[-109.47926,31.417311],[-109.478589,31.41734],[-109.478502,31.417164],[-109.478302,31.41676],[-109.477687,31.415958],[-109.477553,31.415454],[-109.47757,31.415225],[-109.477633,31.4144],[-109.477152,31.413598],[-109.476911,31.413048],[-109.476484,31.41227],[-109.476323,31.411788],[-109.476083,31.411307],[-109.475334,31.409795],[-109.475093,31.40881],[-109.475047,31.408765],[-109.474719,31.408444],[-109.472849,31.407092],[-109.472581,31.406588],[-109.472548,31.406331],[-109.472545,31.406303],[-109.472447,31.405534],[-109.472073,31.405237],[-109.471379,31.404893],[-109.468574,31.404001],[-109.468509,31.403991],[-109.46834,31.403495],[-109.467961,31.403262],[-109.467707,31.402854],[-109.467455,31.402349],[-109.467211,31.401908],[-109.466898,31.401644],[-109.467009,31.40129],[-109.467152,31.40118],[-109.467914,31.400667],[-109.468445,31.400385],[-109.468944,31.399868],[-109.468941,31.399173],[-109.468895,31.398663],[-109.468615,31.398189],[-109.468066,31.397978],[-109.467797,31.397828],[-109.467504,31.397468],[-109.467287,31.3971],[-109.467227,31.396997],[-109.467079,31.396741],[-109.466882,31.396309],[-109.466884,31.395768],[-109.466724,31.394949],[-109.466432,31.394556],[-109.466521,31.394364],[-109.466476,31.393829],[-109.466435,31.393723],[-109.466236,31.393211],[-109.465716,31.392976],[-109.465077,31.393006],[-109.464512,31.393117],[-109.464113,31.392917],[-109.464191,31.392756],[-109.464564,31.392455],[-109.464871,31.392137],[-109.465146,31.391536],[-109.465418,31.390692],[-109.465715,31.390406],[-109.465564,31.390031],[-109.465413,31.389633],[-109.465425,31.389083],[-109.465319,31.388929],[-109.465143,31.388674],[-109.464811,31.388394],[-109.464673,31.387834],[-109.46454,31.387476],[-109.464437,31.387054],[-109.46452,31.38666],[-109.464502,31.386207],[-109.46437,31.385816],[-109.46449,31.385455],[-109.464777,31.385209],[-109.46515,31.384884],[-109.465553,31.384446],[-109.465599,31.384364],[-109.465739,31.384118],[-109.465855,31.383877],[-109.465955,31.383669],[-109.466012,31.383578],[-109.466276,31.383157],[-109.466582,31.382435],[-109.466765,31.381775],[-109.466904,31.381317],[-109.467252,31.381275],[-109.46744,31.380864],[-109.4676,31.380633],[-109.467971,31.380331],[-109.468061,31.380221],[-109.46808,31.380078],[-109.468074,31.37983],[-109.468093,31.379748],[-109.468625,31.379071],[-109.468644,31.37889],[-109.46858,31.378499],[-109.468586,31.37801],[-109.468611,31.377378],[-109.468662,31.376833],[-109.469066,31.3763],[-109.46929,31.375915],[-109.46945,31.375557],[-109.469604,31.375139],[-109.469695,31.375072],[-109.469775,31.375],[-109.469823,31.374951],[-109.470336,31.37472],[-109.470675,31.374296],[-109.471175,31.374022],[-109.471528,31.373609],[-109.471675,31.373515],[-109.472284,31.373339],[-109.472771,31.373295],[-109.473425,31.373312],[-109.473764,31.373235],[-109.473976,31.37308],[-109.474104,31.372888],[-109.474264,31.37275],[-109.474969,31.372453],[-109.475148,31.372327],[-109.475276,31.372261],[-109.475699,31.37181],[-109.476071,31.371188],[-109.476244,31.370996],[-109.476615,31.370919],[-109.477288,31.370891],[-109.477545,31.371045],[-109.477705,31.371083],[-109.477865,31.371056],[-109.478352,31.370797],[-109.478878,31.37077],[-109.479004,31.370305],[-109.477778,31.364149],[-109.477734,31.364094],[-109.47766,31.363977],[-109.477597,31.363852],[-109.47757,31.363779],[-109.477549,31.3637],[-109.477537,31.363616],[-109.477531,31.363528],[-109.477531,31.354035],[-109.477528,31.353824],[-109.477517,31.353153],[-109.477744,31.353117],[-109.477913,31.35308],[-109.478247,31.352996],[-109.478575,31.352901],[-109.478735,31.352847],[-109.478891,31.352783],[-109.479039,31.352705],[-109.479177,31.352615],[-109.479306,31.352516],[-109.479426,31.35241],[-109.479654,31.352183],[-109.480555,31.351245],[-109.480786,31.351016],[-109.480906,31.350907],[-109.481032,31.350804],[-109.481165,31.350712],[-109.481305,31.35063],[-109.481451,31.350559],[-109.481601,31.350498],[-109.481755,31.350446],[-109.481913,31.350403],[-109.482072,31.350367],[-109.482394,31.350307],[-109.482742,31.350252],[-109.482651,31.349758],[-109.48259,31.349228],[-109.482543,31.348813],[-109.482409,31.348194],[-109.481875,31.347026],[-109.481314,31.346362],[-109.480271,31.345511],[-109.48113,31.344781],[-109.481255,31.344483],[-109.481325,31.344194],[-109.4816,31.343958],[-109.481764,31.3437],[-109.481728,31.343244],[-109.481859,31.342643],[-109.482271,31.342277],[-109.482828,31.342188],[-109.48344,31.34218],[-109.483689,31.342072],[-109.48386,31.341686],[-109.483727,31.340872],[-109.483642,31.339547],[-109.483703,31.33865],[-109.483768,31.337985],[-109.484346,31.337552],[-109.485386,31.336946],[-109.48574,31.336364],[-109.486191,31.33547],[-109.48669,31.334711],[-109.486814,31.334481],[-109.487042,31.334057],[-109.487273,31.334057],[-109.494488,31.334079],[-109.494488,31.333985],[-109.487069,31.333985],[-109.485703,31.333985],[-109.451897,31.33398],[-109.449152,31.333979],[-109.44325,31.333977],[-109.433708,31.333974],[-109.432264,31.333974],[-109.420941,31.333973],[-109.417873,31.333973],[-109.41339,31.333971],[-109.399479,31.33396],[-109.397892,31.33396],[-109.394921,31.333959],[-109.381887,31.333957],[-109.377995,31.333957],[-109.376368,31.333957],[-109.374548,31.333955],[-109.37422,31.333955],[-109.35041,31.333949],[-109.339873,31.333944],[-109.329394,31.333944],[-109.316822,31.333941],[-109.305113,31.333938],[-109.30213,31.333935],[-109.300928,31.333934],[-109.300688,31.333934],[-109.300378,31.333934],[-109.287512,31.333933],[-109.273632,31.33393],[-109.271742,31.333929],[-109.266862,31.333929],[-109.265688,31.33392],[-109.260086,31.333869],[-109.253063,31.333808],[-109.251362,31.33379],[-109.223292,31.333549],[-109.211718,31.33345],[-109.208252,31.333421],[-109.201374,31.333362],[-109.187885,31.333247],[-109.18096,31.333186],[-109.174097,31.333125],[-109.165762,31.333052],[-109.153074,31.33294],[-109.132256,31.332757],[-109.131911,31.332754],[-109.12827,31.332722],[-109.12317,31.332677],[-109.11148,31.332574],[-109.091785,31.3324],[-109.08946,31.33238],[-109.088459,31.332371],[-109.074645,31.332362],[-109.057911,31.332353],[-109.056505,31.332352],[-109.052285,31.332349],[-109.050033,31.332348],[-109.050045,31.336676],[-109.050045,31.339445],[-109.050046,31.342106],[-109.050048,31.342168],[-109.050049,31.342211],[-109.050055,31.342369],[-109.050067,31.34703],[-109.050067,31.347165],[-109.050057,31.349406],[-109.050054,31.349691],[-109.050047,31.350299],[-109.050047,31.352917],[-109.050045,31.37359],[-109.050052,31.373734],[-109.050027,31.383049],[-109.05003,31.387747],[-109.050035,31.395686],[-109.050035,31.395997],[-109.050036,31.396354],[-109.050043,31.400673],[-109.050051,31.401048],[-109.05005,31.408465],[-109.050061,31.408959],[-109.050068,31.412176],[-109.050068,31.412329],[-109.050067,31.41827],[-109.050067,31.418297],[-109.050062,31.429714],[-109.050057,31.436594],[-109.050056,31.437951],[-109.050056,31.437962],[-109.050064,31.448271],[-109.050076,31.455678],[-109.05007,31.460044],[-109.050055,31.465506],[-109.050055,31.465586],[-109.05004,31.471199],[-109.050133,31.475219],[-109.050231,31.479392],[-109.050241,31.479885],[-109.050244,31.480004],[-109.050357,31.484873],[-109.050348,31.485426],[-109.050283,31.489519],[-109.050178,31.496104],[-109.050125,31.499384],[-109.050126,31.499568],[-109.050127,31.499708],[-109.050116,31.499718],[-109.050128,31.499743],[-109.050153,31.503217],[-109.050183,31.507217],[-109.050244,31.514807],[-109.050251,31.515303],[-109.05031,31.519486],[-109.050351,31.522561],[-109.050384,31.524858],[-109.050431,31.528407],[-109.050362,31.532083],[-109.050361,31.532153],[-109.05022,31.539632],[-109.05013,31.544713],[-109.05013,31.544797],[-109.050048,31.550744],[-109.050016,31.552518],[-109.04993,31.558122],[-109.049984,31.575029],[-109.049983,31.586166],[-109.049954,31.591615],[-109.049952,31.591921],[-109.049954,31.592296],[-109.049924,31.597232],[-109.049906,31.601522],[-109.049905,31.601908],[-109.049892,31.605664],[-109.04989,31.610988],[-109.04989,31.611021],[-109.049884,31.623163],[-109.049884,31.623195],[-109.049884,31.624907],[-109.049884,31.629106],[-109.049875,31.631145],[-109.04986,31.634609],[-109.049854,31.63589],[-109.049851,31.63655],[-109.049851,31.636738],[-109.049851,31.636795],[-109.049831,31.641326],[-109.049823,31.643137],[-109.04981,31.646099],[-109.049766,31.656483],[-109.049716,31.670002],[-109.049713,31.670735],[-109.049711,31.671293],[-109.049709,31.673981],[-109.049695,31.675515],[-109.049681,31.681722],[-109.04968,31.682394],[-109.049671,31.685743],[-109.049666,31.687783],[-109.049652,31.690943],[-109.049652,31.690965],[-109.049634,31.694408],[-109.049611,31.698725],[-109.049595,31.701683],[-109.049579,31.704371],[-109.049556,31.707497],[-109.049555,31.707591],[-109.049509,31.713999],[-109.049476,31.71912],[-109.049466,31.72206],[-109.049435,31.731533],[-109.049435,31.731592],[-109.049382,31.750163],[-109.049334,31.762133],[-109.049229,31.790301],[-109.049217,31.796739],[-109.049216,31.797211],[-109.049186,31.797381],[-109.049186,31.797651],[-109.049185,31.797869],[-109.049185,31.79797],[-109.049177,31.802462],[-109.049176,31.802731],[-109.049173,31.804415],[-109.049162,31.810847],[-109.04917,31.810866],[-109.049169,31.811174],[-109.049168,31.81197],[-109.049164,31.813773],[-109.049164,31.813865],[-109.049157,31.818066],[-109.049157,31.818214],[-109.049139,31.822419],[-109.049133,31.823758],[-109.049131,31.82472],[-109.049131,31.825054],[-109.04913,31.825316],[-109.049133,31.826347],[-109.04913,31.827139],[-109.049123,31.829183],[-109.049118,31.830503],[-109.04912,31.83123],[-109.049124,31.832584],[-109.049125,31.833021],[-109.049122,31.83373],[-109.049119,31.834348],[-109.049116,31.836649],[-109.049114,31.837916],[-109.049118,31.840248],[-109.049115,31.841679],[-109.049111,31.843714],[-109.049107,31.845327],[-109.049107,31.848804],[-109.049107,31.848967],[-109.049107,31.856404],[-109.049099,31.859569],[-109.049095,31.861382],[-109.049093,31.862276],[-109.049087,31.863374],[-109.049066,31.867287],[-109.049056,31.869226],[-109.049052,31.869973],[-109.049048,31.870689],[-109.049047,31.870781],[-109.049046,31.870871],[-109.049045,31.870932],[-109.049049,31.871047],[-109.049055,31.871229],[-109.049054,31.871707],[-109.049042,31.876917],[-109.04904,31.881212],[-109.04904,31.881967],[-109.049038,31.885297],[-109.049022,31.887746],[-109.049038,31.889507],[-109.049036,31.890724],[-109.049032,31.893307],[-109.049032,31.895449],[-109.049029,31.898136],[-109.049029,31.898204],[-109.049023,31.905212],[-109.049048,31.920917],[-109.049004,31.930309],[-109.048994,31.932423],[-109.048989,31.933386],[-109.048981,31.935055],[-109.048974,31.941308],[-109.048972,31.942223],[-109.04897,31.943339],[-109.048957,31.950735],[-109.048943,31.959231],[-109.048938,31.96409],[-109.048934,31.964458],[-109.048929,31.966014],[-109.048902,31.97362],[-109.048888,31.978341],[-109.048884,31.979108],[-109.048857,31.995811],[-109.048849,32.000097],[-109.048844,32.002822],[-109.048843,32.003383],[-109.048827,32.012252],[-109.048825,32.013636],[-109.048809,32.023279],[-109.048799,32.028174],[-109.048798,32.028341],[-109.048792,32.029303],[-109.048732,32.04965],[-109.048729,32.050512],[-109.048718,32.054668],[-109.048686,32.070919],[-109.048685,32.072315],[-109.048679,32.081279],[-109.048678,32.081827],[-109.048678,32.081962],[-109.048677,32.082419],[-109.048677,32.082641],[-109.048674,32.084367],[-109.048672,32.085407],[-109.048667,32.089607],[-109.048667,32.089647],[-109.048662,32.09225],[-109.048661,32.094384],[-109.048658,32.096306],[-109.048655,32.09915],[-109.048649,32.103825],[-109.048646,32.106574],[-109.048642,32.1093],[-109.048642,32.109529],[-109.048638,32.111496],[-109.048632,32.115183],[-109.048631,32.115713],[-109.048628,32.117708],[-109.048622,32.120137],[-109.048617,32.123703],[-109.048615,32.124954],[-109.048615,32.125067],[-109.048612,32.126642],[-109.048605,32.130711],[-109.048601,32.133441],[-109.048591,32.141243],[-109.048589,32.14372],[-109.048588,32.145018],[-109.048591,32.145576],[-109.048587,32.145802],[-109.048584,32.151018],[-109.048576,32.155543],[-109.048567,32.160851],[-109.048566,32.160995],[-109.048561,32.163967],[-109.048554,32.167557],[-109.048546,32.171747],[-109.048543,32.17341],[-109.048536,32.177063],[-109.048522,32.183411],[-109.048514,32.187095],[-109.048511,32.188321],[-109.04851,32.188657],[-109.04851,32.188803],[-109.048504,32.191513],[-109.048494,32.195398],[-109.048492,32.196149],[-109.048491,32.196235],[-109.048475,32.198696],[-109.048445,32.203347],[-109.048403,32.210754],[-109.048403,32.210808],[-109.048402,32.213935],[-109.048401,32.216439],[-109.048398,32.217995],[-109.0484,32.220461],[-109.0484,32.220704],[-109.048398,32.224568],[-109.04839,32.22711],[-109.04839,32.227267],[-109.048389,32.227543],[-109.048385,32.228794],[-109.048378,32.231194],[-109.04837,32.233859],[-109.048358,32.237515],[-109.048345,32.243706],[-109.048338,32.248015],[-109.048335,32.25008],[-109.048329,32.2532],[-109.048258,32.262367],[-109.04826,32.262779],[-109.04826,32.262891],[-109.048248,32.279329],[-109.048249,32.279448],[-109.048234,32.28289],[-109.048223,32.289451],[-109.048204,32.292852],[-109.048193,32.294872],[-109.048191,32.295234],[-109.048184,32.296405],[-109.048174,32.298256],[-109.048153,32.302233],[-109.048142,32.30457],[-109.04814,32.304898],[-109.048139,32.305127],[-109.048128,32.30723],[-109.048084,32.319377],[-109.048083,32.319766],[-109.048025,32.333189],[-109.047988,32.341443],[-109.047988,32.341803],[-109.047989,32.34212],[-109.047989,32.342257],[-109.047991,32.345342],[-109.047993,32.348551],[-109.047994,32.350817],[-109.048007,32.370355],[-109.04799,32.388069],[-109.047989,32.388817],[-109.047983,32.390879],[-109.047982,32.391324],[-109.047969,32.397152],[-109.047967,32.39791],[-109.047964,32.399245],[-109.047965,32.401213],[-109.047966,32.401736],[-109.047972,32.407534],[-109.047979,32.413916],[-109.047979,32.413981],[-109.047946,32.420149],[-109.047933,32.422541],[-109.047918,32.426376],[-109.047898,32.431198],[-109.047894,32.43296],[-109.047879,32.439738],[-109.047874,32.441937],[-109.047873,32.442442],[-109.047882,32.443218],[-109.047958,32.44971],[-109.048042,32.457282],[-109.048042,32.464137],[-109.048042,32.471368],[-109.04803,32.476267],[-109.048018,32.481347],[-109.047997,32.491664],[-109.047997,32.491925],[-109.047983,32.500237],[-109.047983,32.500262],[-109.04798,32.501961],[-109.047953,32.514586],[-109.047942,32.520584],[-109.047922,32.53312],[-109.047916,32.537924],[-109.047904,32.547938],[-109.047897,32.554368],[-109.047892,32.559083],[-109.047888,32.564769],[-109.047887,32.565673],[-109.047883,32.570953],[-109.047873,32.578105],[-109.047872,32.578508],[-109.047852,32.5897],[-109.047844,32.598916],[-109.047844,32.599016],[-109.047842,32.60215],[-109.047841,32.602361],[-109.04784,32.602465],[-109.047848,32.604415],[-109.047866,32.607384],[-109.047919,32.616392],[-109.047924,32.617507],[-109.047914,32.618759],[-109.047914,32.618785],[-109.047905,32.619894],[-109.047867,32.624806],[-109.047864,32.625255],[-109.047811,32.631991],[-109.047806,32.636856],[-109.047805,32.637904],[-109.047799,32.647062],[-109.047799,32.647112],[-109.0478,32.647452],[-109.0478,32.647706],[-109.047801,32.647993],[-109.047812,32.651767],[-109.047822,32.655061],[-109.047831,32.658422],[-109.047839,32.661078],[-109.047835,32.675653],[-109.047779,32.68102],[-109.047774,32.681497],[-109.047774,32.681621],[-109.047776,32.682277],[-109.047796,32.68263],[-109.047777,32.683124],[-109.04777,32.68358],[-109.047785,32.684407],[-109.047776,32.685076],[-109.047789,32.686348],[-109.047791,32.686589],[-109.047793,32.686804],[-109.047818,32.689245],[-109.047821,32.689376],[-109.04783,32.690269],[-109.047828,32.691608],[-109.047827,32.693565],[-109.047826,32.693777],[-109.047824,32.694408],[-109.047824,32.695124],[-109.047824,32.695298],[-109.047824,32.695365],[-109.047821,32.696595],[-109.047821,32.696646],[-109.047821,32.69685],[-109.047813,32.703208],[-109.047812,32.703614],[-109.04781,32.704892],[-109.047776,32.715007],[-109.047761,32.719375],[-109.047753,32.726672],[-109.047709,32.748661],[-109.0477,32.75348],[-109.047692,32.757933],[-109.047675,32.765959],[-109.047674,32.767215],[-109.047673,32.767561],[-109.047659,32.770373],[-109.047643,32.777802],[-109.047659,32.78001],[-109.047674,32.781915],[-109.047681,32.782749],[-109.047705,32.786105],[-109.047711,32.786783],[-109.047704,32.787145],[-109.047745,32.791265],[-109.047748,32.79344],[-109.047786,32.796583],[-109.047843,32.804893],[-109.047803,32.808692],[-109.047678,32.814249],[-109.04762,32.816648],[-109.047512,32.821085],[-109.047517,32.822059],[-109.047523,32.82339],[-109.047545,32.825843],[-109.047513,32.827793],[-109.047547,32.828478],[-109.047552,32.82869],[-109.047552,32.828738],[-109.047566,32.830181],[-109.047552,32.830422],[-109.047577,32.83563],[-109.047543,32.840798],[-109.047581,32.850129],[-109.047582,32.850961],[-109.047584,32.85377],[-109.047585,32.856265],[-109.047587,32.859059],[-109.047589,32.861677],[-109.047591,32.866031],[-109.047583,32.868944],[-109.047576,32.870269],[-109.047545,32.877808],[-109.047539,32.880371],[-109.047558,32.88252],[-109.047543,32.88699],[-109.047551,32.889914],[-109.047556,32.894658],[-109.047554,32.896018],[-109.047551,32.898379],[-109.047549,32.898782],[-109.047549,32.898865],[-109.04753,32.908917],[-109.047506,32.911208],[-109.047526,32.912216],[-109.047509,32.92073],[-109.047495,32.932159],[-109.047492,32.938152],[-109.047502,32.946389],[-109.047479,32.949869],[-109.047487,32.954192],[-109.047496,32.958356],[-109.047457,32.959636],[-109.047453,32.960321],[-109.047478,32.976442],[-109.047477,32.983152],[-109.047471,32.992047],[-109.047455,32.998385],[-109.047454,33.00068],[-109.047452,33.002823],[-109.047449,33.005113],[-109.047449,33.007004],[-109.047451,33.009994],[-109.047458,33.021134],[-109.047459,33.026126],[-109.047461,33.035421],[-109.0475,33.03986],[-109.047587,33.049796],[-109.047586,33.058667],[-109.047592,33.060254],[-109.047562,33.065098],[-109.047556,33.067985],[-109.047549,33.068675],[-109.047524,33.07153],[-109.047472,33.079733],[-109.047565,33.089222],[-109.047583,33.096297],[-109.047583,33.096453],[-109.047586,33.098421],[-109.047604,33.09908],[-109.047549,33.10739],[-109.047512,33.107742],[-109.047724,33.12344],[-109.047728,33.126314],[-109.047735,33.130943],[-109.047726,33.13851],[-109.047723,33.140728],[-109.047688,33.144795],[-109.047627,33.151296],[-109.047703,33.163734],[-109.047714,33.165478],[-109.047716,33.16985],[-109.047714,33.177854],[-109.047708,33.184022],[-109.04769,33.189867],[-109.047687,33.191125],[-109.047678,33.193907],[-109.047671,33.195461],[-109.047668,33.19559],[-109.047667,33.195694],[-109.047667,33.195738],[-109.047664,33.196284],[-109.047663,33.196599],[-109.047602,33.205364],[-109.04757,33.20758],[-109.04757,33.207603],[-109.047578,33.208898],[-109.047577,33.209613],[-109.047522,33.216135],[-109.04741,33.239515],[-109.047405,33.240307],[-109.047404,33.24038],[-109.047404,33.240461],[-109.047404,33.240514],[-109.047403,33.240597],[-109.047402,33.240718],[-109.047396,33.242615],[-109.047394,33.242927],[-109.047371,33.247768],[-109.04747,33.250168],[-109.047356,33.256684],[-109.047341,33.257579],[-109.04733,33.262247],[-109.047318,33.264124],[-109.047294,33.270787],[-109.047273,33.278034],[-109.047245,33.285253],[-109.047239,33.290487],[-109.047224,33.292852],[-109.047217,33.295918],[-109.047212,33.304711],[-109.047205,33.304907],[-109.047197,33.310069],[-109.047192,33.313334],[-109.047182,33.319998],[-109.047179,33.320584],[-109.04718,33.321203],[-109.047173,33.325575],[-109.04717,33.327763],[-109.047154,33.337832],[-109.047154,33.338051],[-109.047148,33.33841],[-109.047149,33.341046],[-109.047151,33.343188],[-109.047139,33.347566],[-109.047146,33.347717],[-109.047139,33.347919],[-109.047117,33.360701],[-109.047113,33.365129],[-109.047113,33.365278],[-109.047112,33.365637],[-109.04711,33.367991],[-109.047111,33.369274],[-109.047108,33.372315],[-109.047107,33.372655],[-109.047107,33.372781],[-109.047106,33.374755],[-109.047117,33.375835],[-109.047099,33.386986],[-109.047099,33.387086],[-109.04711,33.387719],[-109.047099,33.388545],[-109.047104,33.388731],[-109.047098,33.388975],[-109.047078,33.396259],[-109.047077,33.396657],[-109.047071,33.399059],[-109.047045,33.409296],[-109.047042,33.409955],[-109.047109,33.411121],[-109.046921,33.430831],[-109.046926,33.439401],[-109.046919,33.439738],[-109.046929,33.442827],[-109.046935,33.44489],[-109.046928,33.445077],[-109.046949,33.450013],[-109.046951,33.450536],[-109.046953,33.450944],[-109.046958,33.455169],[-109.04697,33.455459],[-109.046981,33.462059],[-109.047014,33.464375],[-109.047011,33.464815],[-109.047013,33.464985],[-109.047017,33.465639],[-109.047046,33.469737],[-109.047118,33.480206],[-109.047148,33.485023],[-109.04719,33.49259],[-109.047192,33.493228],[-109.047192,33.493326],[-109.047232,33.508638],[-109.047224,33.51163],[-109.047222,33.513024],[-109.047205,33.522149],[-109.047085,33.533386],[-109.047095,33.537072],[-109.047128,33.546642],[-109.047129,33.546971],[-109.047129,33.54731],[-109.047132,33.548175],[-109.047095,33.551933],[-109.046979,33.562297],[-109.046955,33.563999],[-109.046865,33.57267],[-109.047017,33.588813],[-109.04705,33.593621],[-109.047053,33.594348],[-109.047076,33.598414],[-109.047075,33.601289],[-109.047104,33.604095],[-109.04707,33.611142],[-109.047068,33.616368],[-109.047057,33.617129],[-109.047056,33.618388],[-109.047056,33.625817],[-109.04706,33.625948],[-109.047052,33.632797],[-109.047052,33.632989],[-109.047053,33.633587],[-109.047052,33.633668],[-109.047021,33.649741],[-109.046982,33.655372],[-109.046957,33.65672],[-109.046964,33.657699],[-109.046947,33.659662],[-109.04691,33.666457],[-109.04689,33.670433],[-109.046874,33.673348],[-109.046861,33.679219],[-109.046859,33.680148],[-109.046849,33.685624],[-109.046849,33.691127],[-109.046852,33.693087],[-109.046872,33.702189],[-109.046883,33.707217],[-109.046904,33.713274],[-109.046913,33.71572],[-109.046906,33.717274],[-109.046916,33.718502],[-109.046908,33.724667],[-109.046913,33.725699],[-109.046911,33.727368],[-109.046913,33.727776],[-109.046911,33.727999],[-109.046866,33.738068],[-109.046862,33.738668],[-109.046853,33.740203],[-109.046815,33.746126],[-109.046815,33.748031],[-109.046779,33.750667],[-109.046701,33.761255],[-109.046701,33.762782],[-109.046717,33.777407]]]]}},{"type":"Feature","properties":{"sourceGeoid":"0407","stateFips":"04","districtCode":"07","stateCode":null,"label":"Congressional District 7"},"geometry":{"type":"MultiPolygon","coordinates":[[[[-114.52727,32.760416],[-114.526856,32.757094],[-114.527099,32.757091],[-114.527523,32.757086],[-114.531003,32.757045],[-114.53394,32.75701],[-114.53412,32.757008],[-114.536409,32.75698],[-114.537489,32.756967],[-114.538443,32.756956],[-114.538657,32.756954],[-114.538788,32.756952],[-114.538953,32.75695],[-114.539092,32.756949],[-114.539067,32.753591],[-114.539046,32.750904],[-114.539132,32.750045],[-114.539224,32.749812],[-114.548283,32.749645],[-114.550235,32.74966],[-114.551514,32.74965],[-114.552113,32.749646],[-114.564447,32.749554],[-114.564508,32.742274],[-114.564632,32.742274],[-114.572997,32.742306],[-114.573139,32.742309],[-114.573404,32.742313],[-114.578852,32.742351],[-114.581736,32.74232],[-114.581766,32.7402],[-114.581766,32.736607],[-114.581784,32.734946],[-114.581803,32.734946],[-114.583103,32.73492],[-114.583166,32.734919],[-114.584657,32.73489],[-114.585763,32.734868],[-114.586884,32.734846],[-114.612655,32.734516],[-114.612697,32.734515],[-114.613109,32.734515],[-114.613497,32.734523],[-114.614007,32.734517],[-114.614484,32.734513],[-114.615112,32.734515],[-114.615004,32.73434],[-114.614787,32.734076],[-114.614773,32.733942],[-114.614775,32.733713],[-114.614747,32.733358],[-114.614783,32.73305],[-114.614786,32.732846],[-114.614833,32.732761],[-114.614848,32.73267],[-114.614924,32.732525],[-114.614971,32.73247],[-114.615117,32.732291],[-114.615184,32.732201],[-114.615276,32.732031],[-114.615281,32.731982],[-114.615291,32.731899],[-114.615396,32.731648],[-114.61543,32.731584],[-114.615504,32.731449],[-114.615507,32.73119],[-114.61548,32.730899],[-114.615466,32.730707],[-114.615438,32.73057],[-114.61544,32.730386],[-114.615517,32.730303],[-114.615501,32.730044],[-114.615577,32.730039],[-114.615654,32.730034],[-114.615718,32.73003],[-114.615794,32.729892],[-114.61587,32.729717],[-114.61587,32.729633],[-114.61587,32.72958],[-114.61572,32.729413],[-114.615716,32.729339],[-114.615719,32.729308],[-114.615723,32.729295],[-114.615726,32.729284],[-114.61571,32.729262],[-114.615677,32.729217],[-114.615665,32.7292],[-114.615649,32.729151],[-114.615641,32.729124],[-114.61564,32.729097],[-114.615639,32.729034],[-114.615649,32.728938],[-114.615654,32.728851],[-114.615666,32.728662],[-114.615667,32.728628],[-114.615674,32.728518],[-114.61567,32.728454],[-114.615705,32.728458],[-114.615976,32.728489],[-114.616316,32.728412],[-114.616722,32.728358],[-114.617186,32.728291],[-114.617395,32.728257],[-114.618373,32.728353],[-114.619417,32.72848],[-114.619609,32.728504],[-114.619792,32.728558],[-114.620036,32.728603],[-114.620234,32.728626],[-114.620385,32.728644],[-114.620385,32.728657],[-114.620677,32.728726],[-114.620967,32.728779],[-114.621016,32.728787],[-114.621287,32.728831],[-114.621852,32.728924],[-114.622508,32.729069],[-114.623149,32.729076],[-114.623759,32.729199],[-114.624248,32.729298],[-114.624502,32.729327],[-114.624535,32.729331],[-114.624583,32.729336],[-114.624644,32.729342],[-114.626277,32.729511],[-114.626719,32.729549],[-114.626811,32.729557],[-114.627299,32.729626],[-114.627911,32.729717],[-114.628307,32.729785],[-114.628719,32.729839],[-114.629299,32.729908],[-114.629955,32.730083],[-114.630395,32.730188],[-114.630534,32.730221],[-114.631419,32.730426],[-114.632074,32.730643],[-114.632686,32.730846],[-114.633327,32.731052],[-114.633967,32.731167],[-114.634164,32.731201],[-114.634274,32.73122],[-114.634594,32.731304],[-114.635006,32.731372],[-114.635493,32.731419],[-114.635647,32.731434],[-114.636318,32.73151],[-114.637142,32.731571],[-114.638058,32.731686],[-114.63876,32.731738],[-114.639706,32.7318],[-114.640438,32.731854],[-114.642658,32.731999],[-114.644157,32.732039],[-114.645353,32.732139],[-114.64601,32.732282],[-114.646114,32.732294],[-114.648006,32.732525],[-114.648388,32.732624],[-114.648937,32.732761],[-114.649502,32.732861],[-114.650295,32.733013],[-114.650358,32.733018],[-114.650558,32.733032],[-114.651028,32.733067],[-114.651867,32.733173],[-114.65263,32.733317],[-114.653515,32.73344],[-114.654247,32.73357],[-114.654835,32.733598],[-114.654888,32.733601],[-114.655773,32.733607],[-114.656689,32.733662],[-114.657558,32.733738],[-114.65826,32.733798],[-114.65852,32.73379],[-114.65884,32.733829],[-114.659176,32.733814],[-114.659528,32.733829],[-114.660184,32.733829],[-114.660657,32.733883],[-114.661283,32.733959],[-114.661939,32.73386],[-114.662717,32.733952],[-114.663556,32.733959],[-114.66435,32.733936],[-114.665082,32.73399],[-114.665494,32.733997],[-114.665921,32.734028],[-114.666623,32.734135],[-114.667493,32.734226],[-114.667687,32.734251],[-114.667722,32.734257],[-114.668195,32.734325],[-114.668744,32.734417],[-114.669278,32.734538],[-114.66995,32.734676],[-114.67059,32.734806],[-114.671338,32.734882],[-114.672025,32.734951],[-114.672711,32.735096],[-114.673368,32.735225],[-114.673993,32.735416],[-114.674787,32.735546],[-114.675702,32.735782],[-114.67648,32.736033],[-114.677091,32.736218],[-114.677945,32.736446],[-114.678632,32.736614],[-114.678876,32.736614],[-114.679349,32.736697],[-114.680097,32.736874],[-114.680139,32.736881],[-114.680738,32.736981],[-114.681729,32.737156],[-114.682614,32.737348],[-114.68274,32.737321],[-114.682902,32.73725],[-114.683292,32.737326],[-114.684164,32.73752],[-114.685489,32.737456],[-114.686713,32.737374],[-114.686987,32.737346],[-114.687284,32.737392],[-114.687528,32.737408],[-114.687863,32.737461],[-114.68823,32.73753],[-114.68852,32.737591],[-114.688779,32.737675],[-114.689038,32.737789],[-114.689282,32.737927],[-114.689618,32.738171],[-114.689878,32.738461],[-114.690244,32.738757],[-114.690488,32.738987],[-114.690717,32.739224],[-114.690922,32.739421],[-114.690962,32.73946],[-114.69116,32.739666],[-114.691511,32.739894],[-114.691801,32.740147],[-114.692137,32.740344],[-114.692534,32.740566],[-114.693052,32.740872],[-114.693525,32.741146],[-114.693968,32.741413],[-114.69441,32.74168],[-114.694883,32.741932],[-114.695387,32.742244],[-114.695799,32.742558],[-114.696196,32.742877],[-114.696562,32.743145],[-114.696959,32.743443],[-114.697401,32.743831],[-114.697935,32.744259],[-114.698378,32.744557],[-114.69879,32.744846],[-114.699141,32.74503],[-114.699247,32.745098],[-114.699507,32.74522],[-114.699873,32.745312],[-114.700285,32.745434],[-114.700743,32.745617],[-114.701155,32.745663],[-114.701582,32.745632],[-114.701918,32.745548],[-114.702223,32.74541],[-114.702604,32.745106],[-114.702833,32.744884],[-114.70294,32.744793],[-114.703016,32.744639],[-114.703306,32.744282],[-114.703673,32.743862],[-114.704039,32.743481],[-114.704466,32.743023],[-114.705015,32.742344],[-114.705382,32.741917],[-114.705717,32.74158],[-114.706114,32.740986],[-114.706419,32.740414],[-114.70674,32.739948],[-114.70706,32.739483],[-114.707396,32.738827],[-114.707548,32.73827],[-114.707899,32.737568],[-114.708128,32.737125],[-114.708387,32.736631],[-114.708647,32.73615],[-114.708861,32.735852],[-114.709074,32.735456],[-114.709196,32.735334],[-114.709379,32.735112],[-114.709562,32.734883],[-114.709807,32.734662],[-114.710096,32.734417],[-114.71031,32.734204],[-114.710615,32.733936],[-114.710875,32.7338],[-114.711088,32.733693],[-114.711424,32.733503],[-114.711882,32.733227],[-114.712217,32.732976],[-114.712629,32.732678],[-114.712904,32.732411],[-114.713209,32.732098],[-114.713377,32.7319],[-114.71353,32.731656],[-114.713835,32.731282],[-114.714186,32.730832],[-114.714522,32.73039],[-114.714811,32.729855],[-114.714986,32.729517],[-114.715071,32.729352],[-114.715267,32.728945],[-114.71533,32.728817],[-114.71562,32.728208],[-114.715651,32.728116],[-114.715788,32.727758],[-114.71591,32.727376],[-114.716017,32.726979],[-114.716154,32.726498],[-114.716276,32.72607],[-114.716383,32.725667],[-114.71649,32.725285],[-114.716612,32.72495],[-114.716749,32.72453],[-114.716826,32.724248],[-114.716963,32.72392],[-114.717116,32.723638],[-114.717299,32.723142],[-114.717436,32.722676],[-114.717543,32.72218],[-114.717665,32.721654],[-114.717695,32.721547],[-114.717878,32.721372],[-114.717955,32.721142],[-114.718184,32.720914],[-114.718443,32.720624],[-114.718687,32.720304],[-114.718977,32.719869],[-114.719191,32.719426],[-114.719319,32.719163],[-114.719497,32.718739],[-114.71974,32.718179],[-114.720314,32.717068],[-114.720809,32.71611],[-114.721394,32.715062],[-114.721716,32.71438],[-114.722107,32.713672],[-114.722599,32.712965],[-114.72307,32.712444],[-114.723606,32.71201],[-114.724194,32.711491],[-114.724682,32.710956],[-114.725015,32.710532],[-114.725435,32.709996],[-114.725842,32.709287],[-114.726304,32.708437],[-114.726654,32.707999],[-114.726969,32.707604],[-114.727332,32.707282],[-114.727938,32.706763],[-114.728476,32.706272],[-114.728808,32.705834],[-114.729189,32.70547],[-114.729301,32.705368],[-114.729557,32.705012],[-114.729755,32.704708],[-114.729863,32.704458],[-114.729904,32.704146],[-114.729882,32.703699],[-114.729824,32.703338],[-114.729795,32.703147],[-114.729816,32.702749],[-114.729786,32.70217],[-114.729739,32.701353],[-114.729709,32.700347],[-114.729772,32.700109],[-114.729927,32.699795],[-114.730075,32.699486],[-114.730116,32.699401],[-114.73014,32.699351],[-114.730201,32.699224],[-114.730322,32.698862],[-114.730432,32.698532],[-114.730818,32.697513],[-114.731236,32.69655],[-114.731786,32.695442],[-114.73213,32.694895],[-114.732558,32.694184],[-114.732861,32.693723],[-114.733277,32.693058],[-114.733549,32.692623],[-114.733713,32.692334],[-114.734028,32.691833],[-114.734412,32.691318],[-114.734748,32.690965],[-114.73514,32.690577],[-114.735369,32.690411],[-114.735649,32.690244],[-114.735852,32.690125],[-114.736494,32.689833],[-114.736827,32.689666],[-114.736999,32.68958],[-114.737183,32.689392],[-114.737365,32.689207],[-114.737537,32.68897],[-114.737679,32.688715],[-114.737958,32.688213],[-114.738365,32.687536],[-114.738494,32.687324],[-114.73856,32.687216],[-114.738624,32.687109],[-114.738701,32.686983],[-114.738766,32.686875],[-114.738833,32.686765],[-114.738897,32.686657],[-114.738959,32.686555],[-114.739105,32.686296],[-114.739267,32.686007],[-114.739348,32.685864],[-114.739454,32.685676],[-114.739537,32.685527],[-114.739581,32.68545],[-114.739627,32.685368],[-114.739692,32.685254],[-114.739876,32.684998],[-114.740017,32.684804],[-114.740103,32.68468],[-114.740195,32.684549],[-114.7406,32.684091],[-114.740686,32.683982],[-114.740817,32.683816],[-114.741134,32.683418],[-114.741215,32.683315],[-114.741368,32.683123],[-114.741605,32.682793],[-114.74183,32.682482],[-114.742162,32.682],[-114.742239,32.681885],[-114.742366,32.681698],[-114.742599,32.681355],[-114.742803,32.681054],[-114.743032,32.680714],[-114.743354,32.68023],[-114.743557,32.679923],[-114.743728,32.679671],[-114.744032,32.679223],[-114.744162,32.679032],[-114.744239,32.678903],[-114.744349,32.678716],[-114.744497,32.678467],[-114.744536,32.678326],[-114.744595,32.67811],[-114.744696,32.677737],[-114.744799,32.677278],[-114.744819,32.677016],[-114.744843,32.676705],[-114.744874,32.676316],[-114.744895,32.6761],[-114.744943,32.675603],[-114.744969,32.675212],[-114.744978,32.675075],[-114.744995,32.67482],[-114.745044,32.674005],[-114.745063,32.673706],[-114.745117,32.67331],[-114.74518,32.67285],[-114.745272,32.672407],[-114.74532,32.67218],[-114.745503,32.671625],[-114.745567,32.671465],[-114.745667,32.671219],[-114.745794,32.670905],[-114.746056,32.670383],[-114.746093,32.67031],[-114.746184,32.670128],[-114.746288,32.66992],[-114.746369,32.66976],[-114.746436,32.669626],[-114.746627,32.669343],[-114.746844,32.66902],[-114.747091,32.668657],[-114.747474,32.668132],[-114.747587,32.667918],[-114.747719,32.667667],[-114.747757,32.667466],[-114.747864,32.666906],[-114.747917,32.666324],[-114.748001,32.665795],[-114.748071,32.665344],[-114.747931,32.664856],[-114.747889,32.664709],[-114.747861,32.664487],[-114.747901,32.664361],[-114.747945,32.664222],[-114.748195,32.66368],[-114.748599,32.663039],[-114.749015,32.662436],[-114.749156,32.662232],[-114.749643,32.661536],[-114.750033,32.66098],[-114.750701,32.6602],[-114.751313,32.659574],[-114.751907,32.659093],[-114.752858,32.658488],[-114.75389,32.657848],[-114.754504,32.657498],[-114.755572,32.656971],[-114.75622,32.656628],[-114.756685,32.656345],[-114.757353,32.655928],[-114.758007,32.655496],[-114.758898,32.654856],[-114.759455,32.654439],[-114.760025,32.654021],[-114.760568,32.653562],[-114.761431,32.652741],[-114.762015,32.652114],[-114.762363,32.651753],[-114.762669,32.651502],[-114.763323,32.650973],[-114.76395,32.650444],[-114.764242,32.650152],[-114.764548,32.649832],[-114.764743,32.649414],[-114.764845,32.648982],[-114.764814,32.648668],[-114.764782,32.648346],[-114.764559,32.647848],[-114.764104,32.647204],[-114.763584,32.646464],[-114.763227,32.645927],[-114.763137,32.645489],[-114.763102,32.64509],[-114.76317,32.644669],[-114.763419,32.644089],[-114.763784,32.643403],[-114.764172,32.643054],[-114.764747,32.642557],[-114.765387,32.642047],[-114.766119,32.641471],[-114.766829,32.640896],[-114.767805,32.640215],[-114.768542,32.639742],[-114.769153,32.639419],[-114.770117,32.638981],[-114.771197,32.638421],[-114.771743,32.6381],[-114.772286,32.637752],[-114.772871,32.637334],[-114.773372,32.636972],[-114.77404,32.636444],[-114.774847,32.63597],[-114.775431,32.635623],[-114.776175,32.635283],[-114.777072,32.634815],[-114.777686,32.634495],[-114.778424,32.634022],[-114.77912,32.633507],[-114.78001,32.6327],[-114.780581,32.632145],[-114.78104,32.631545],[-114.781264,32.631265],[-114.781416,32.631021],[-114.781709,32.630504],[-114.782124,32.629572],[-114.78232,32.62893],[-114.782338,32.6282],[-114.782257,32.627829],[-114.78195,32.627102],[-114.781669,32.626224],[-114.781561,32.625615],[-114.781611,32.625407],[-114.781833,32.625032],[-114.78207,32.624795],[-114.78236,32.624557],[-114.782725,32.624336],[-114.783175,32.624268],[-114.783573,32.624336],[-114.784039,32.624391],[-114.784492,32.624405],[-114.784951,32.62428],[-114.78541,32.624113],[-114.785838,32.624011],[-114.786356,32.623954],[-114.786817,32.623886],[-114.787456,32.623779],[-114.788361,32.623417],[-114.78882,32.623208],[-114.789182,32.622972],[-114.790086,32.622443],[-114.790699,32.622109],[-114.791074,32.621998],[-114.791715,32.62197],[-114.792299,32.622067],[-114.792925,32.62222],[-114.793454,32.622373],[-114.794345,32.622916],[-114.795417,32.623584],[-114.796286,32.624061],[-114.796912,32.624471],[-114.797482,32.62475],[-114.798137,32.625014],[-114.798721,32.625251],[-114.799319,32.625292],[-114.799751,32.625292],[-114.800141,32.625139],[-114.80053,32.624889],[-114.800962,32.624583],[-114.801296,32.624332],[-114.801685,32.624068],[-114.802103,32.623775],[-114.802626,32.623519],[-114.803503,32.623232],[-114.804345,32.622944],[-114.805137,32.62264],[-114.80622,32.622241],[-114.806685,32.622076],[-114.80717,32.621738],[-114.807402,32.621319],[-114.807586,32.620915],[-114.807867,32.620452],[-114.80844,32.619426],[-114.808749,32.618505],[-114.80905,32.617696],[-114.809335,32.61682],[-114.809437,32.615986],[-114.809353,32.615399],[-114.809276,32.615066],[-114.809016,32.614261],[-114.808847,32.613625],[-114.808779,32.613081],[-114.808745,32.612587],[-114.808704,32.612261],[-114.808741,32.611868],[-114.808747,32.611609],[-114.808765,32.611414],[-114.808847,32.611101],[-114.808908,32.610449],[-114.808868,32.609955],[-114.808749,32.609328],[-114.808681,32.608962],[-114.808574,32.608611],[-114.808337,32.608128],[-114.80812,32.607564],[-114.807913,32.607049],[-114.807774,32.606622],[-114.807714,32.606284],[-114.807652,32.605933],[-114.807596,32.605494],[-114.807564,32.605209],[-114.807588,32.605007],[-114.807613,32.604796],[-114.807687,32.604567],[-114.80787,32.604078],[-114.807931,32.603712],[-114.807913,32.603495],[-114.807826,32.603221],[-114.807585,32.602877],[-114.807229,32.60246],[-114.807127,32.602304],[-114.806917,32.601907],[-114.806818,32.601625],[-114.806671,32.601331],[-114.806428,32.601099],[-114.806124,32.600945],[-114.805964,32.600864],[-114.805139,32.600493],[-114.80454,32.600271],[-114.803787,32.600087],[-114.802617,32.599726],[-114.801895,32.599438],[-114.801753,32.599362],[-114.801577,32.599116],[-114.801468,32.598862],[-114.801406,32.598658],[-114.80132,32.598251],[-114.801231,32.597592],[-114.801199,32.597366],[-114.801133,32.5969],[-114.801057,32.596469],[-114.800926,32.596101],[-114.800636,32.595481],[-114.800491,32.595323],[-114.800245,32.595164],[-114.799914,32.594996],[-114.79982,32.594897],[-114.799731,32.594644],[-114.799495,32.59408],[-114.79944,32.593464],[-114.799394,32.593121],[-114.799402,32.592618],[-114.799585,32.591865],[-114.799693,32.591489],[-114.799772,32.591185],[-114.799824,32.59084],[-114.79991,32.590468],[-114.799937,32.590136],[-114.799958,32.589657],[-114.800014,32.58896],[-114.80005,32.588822],[-114.800176,32.588384],[-114.800461,32.587835],[-114.80101,32.587163],[-114.801413,32.586607],[-114.801799,32.586095],[-114.802431,32.585343],[-114.802781,32.584761],[-114.803168,32.58411],[-114.803432,32.583662],[-114.803652,32.583238],[-114.803799,32.582726],[-114.803916,32.582244],[-114.803951,32.581993],[-114.803918,32.581774],[-114.803791,32.581488],[-114.803672,32.581226],[-114.803458,32.58097],[-114.803149,32.580689],[-114.802736,32.580301],[-114.802052,32.579688],[-114.801602,32.57925],[-114.801356,32.57894],[-114.801186,32.578511],[-114.801082,32.577973],[-114.801153,32.577372],[-114.801381,32.576791],[-114.801552,32.576406],[-114.801745,32.576049],[-114.802045,32.575464],[-114.802207,32.575159],[-114.802376,32.574858],[-114.802523,32.574607],[-114.802695,32.574371],[-114.802923,32.574057],[-114.803208,32.57379],[-114.803565,32.573522],[-114.803778,32.573403],[-114.804165,32.573165],[-114.80445,32.573029],[-114.805257,32.57268],[-114.805807,32.572419],[-114.80656,32.572063],[-114.807463,32.571595],[-114.808291,32.571152],[-114.808662,32.570981],[-114.809868,32.570531],[-114.810689,32.570167],[-114.811303,32.569846],[-114.811967,32.569503],[-114.812652,32.569125],[-114.812916,32.568846],[-114.813116,32.568497],[-114.813316,32.568018],[-114.813427,32.567643],[-114.813634,32.566885],[-114.813752,32.566405],[-114.813825,32.566155],[-114.813916,32.56562],[-114.814009,32.565252],[-114.814017,32.564752],[-114.814046,32.563958],[-114.814059,32.563343],[-114.814087,32.562879],[-114.813934,32.562213],[-114.813746,32.561687],[-114.813523,32.561222],[-114.813346,32.560921],[-114.813038,32.560487],[-114.812694,32.560071],[-114.811881,32.559345],[-114.811646,32.559195],[-114.811457,32.559117],[-114.811026,32.559004],[-114.810361,32.558845],[-114.809956,32.55876],[-114.809468,32.558667],[-114.809093,32.558667],[-114.808619,32.558724],[-114.807423,32.559023],[-114.807099,32.559088],[-114.80682,32.559145],[-114.806492,32.559245],[-114.806199,32.559416],[-114.805564,32.559795],[-114.804015,32.560694],[-114.803651,32.560901],[-114.80338,32.561101],[-114.803115,32.561322],[-114.802916,32.561501],[-114.802723,32.561751],[-114.802466,32.562029],[-114.802028,32.562493],[-114.801452,32.562936],[-114.800774,32.563193],[-114.800074,32.563478],[-114.799575,32.563714],[-114.799204,32.563857],[-114.798847,32.563992],[-114.798397,32.564135],[-114.797986,32.564333],[-114.79754,32.564627],[-114.797283,32.564799],[-114.797105,32.565027],[-114.797005,32.565156],[-114.796848,32.565334],[-114.796654,32.565627],[-114.796204,32.56589],[-114.795449,32.566298],[-114.79512,32.566533],[-114.794949,32.566898],[-114.794928,32.567316],[-114.794904,32.567785],[-114.794842,32.568218],[-114.794721,32.568604],[-114.794621,32.568761],[-114.794385,32.569103],[-114.794207,32.569253],[-114.793943,32.569389],[-114.793471,32.569467],[-114.793036,32.569532],[-114.792808,32.569524],[-114.792501,32.569439],[-114.792194,32.569317],[-114.791965,32.569103],[-114.79183,32.568782],[-114.79183,32.568416],[-114.791862,32.567884],[-114.791927,32.566824],[-114.791932,32.566747],[-114.791937,32.566533],[-114.791951,32.566234],[-114.791972,32.565705],[-114.792029,32.565534],[-114.792336,32.564835],[-114.792493,32.564321],[-114.792526,32.564051],[-114.792529,32.563521],[-114.792563,32.563185],[-114.792608,32.562757],[-114.792665,32.562308],[-114.792579,32.561908],[-114.792395,32.561312],[-114.792208,32.560823],[-114.79198,32.560245],[-114.791673,32.559588],[-114.791607,32.559117],[-114.79153,32.558524],[-114.791416,32.55786],[-114.791419,32.55741],[-114.791419,32.556884],[-114.791408,32.556461],[-114.791444,32.556268],[-114.791606,32.555878],[-114.79183,32.555419],[-114.792188,32.554858],[-114.792486,32.554363],[-114.792708,32.554027],[-114.792822,32.553884],[-114.792957,32.553606],[-114.793043,32.553385],[-114.793107,32.553142],[-114.793207,32.552856],[-114.793352,32.552494],[-114.793471,32.552357],[-114.793633,32.552231],[-114.793928,32.551985],[-114.794327,32.551743],[-114.794678,32.551564],[-114.795092,32.551379],[-114.795318,32.551287],[-114.795716,32.551124],[-114.796341,32.55085],[-114.797461,32.550355],[-114.797862,32.550172],[-114.798267,32.549999],[-114.798825,32.549851],[-114.799532,32.549658],[-114.8002,32.549361],[-114.800706,32.549173],[-114.801307,32.548929],[-114.802737,32.54853],[-114.803522,32.548323],[-114.803908,32.548109],[-114.804236,32.547888],[-114.804654,32.547593],[-114.804993,32.547296],[-114.805193,32.547046],[-114.8055,32.546674],[-114.805578,32.546532],[-114.805678,32.546332],[-114.805714,32.546196],[-114.805671,32.545668],[-114.805507,32.545033],[-114.805335,32.54449],[-114.805228,32.544076],[-114.804928,32.542888],[-114.804693,32.542199],[-114.804571,32.541743],[-114.804293,32.541413],[-114.804065,32.541264],[-114.803727,32.541068],[-114.803222,32.540771],[-114.802695,32.540467],[-114.801909,32.53985],[-114.801802,32.539743],[-114.801781,32.53965],[-114.801865,32.538474],[-114.801926,32.537372],[-114.801938,32.536509],[-114.801982,32.536321],[-114.80215,32.53593],[-114.802476,32.535441],[-114.802659,32.535246],[-114.802883,32.535083],[-114.803215,32.534846],[-114.803501,32.534639],[-114.804008,32.534261],[-114.804674,32.533548],[-114.804952,32.533206],[-114.805093,32.533033],[-114.805416,32.532475],[-114.805807,32.531762],[-114.805964,32.531577],[-114.806149,32.531327],[-114.806547,32.531044],[-114.806763,32.530863],[-114.80697,32.530699],[-114.807329,32.530355],[-114.807536,32.530111],[-114.807613,32.529999],[-114.807755,32.529799],[-114.807855,32.529692],[-114.808005,32.529549],[-114.808155,32.52936],[-114.808212,32.529257],[-114.808305,32.529164],[-114.808491,32.529028],[-114.809224,32.528553],[-114.809661,32.528257],[-114.810047,32.527979],[-114.810332,32.527793],[-114.810525,32.527679],[-114.810639,32.527451],[-114.810782,32.527072],[-114.810932,32.526696],[-114.811138,32.526471],[-114.811439,32.526244],[-114.812074,32.525838],[-114.812781,32.525409],[-114.812888,32.525338],[-114.812988,32.525245],[-114.813088,32.525052],[-114.813188,32.524767],[-114.813166,32.524503],[-114.813101,32.524287],[-114.813002,32.524017],[-114.812888,32.52391],[-114.812368,32.523737],[-114.811974,32.523575],[-114.811824,32.523468],[-114.811689,32.523328],[-114.811654,32.523292],[-114.811626,32.523262],[-114.811582,32.523212],[-114.811332,32.522911],[-114.81106,32.522747],[-114.810825,32.52264],[-114.810725,32.522511],[-114.810461,32.522111],[-114.810356,32.521861],[-114.810272,32.521661],[-114.809997,32.520891],[-114.809881,32.52058],[-114.809769,32.520223],[-114.809825,32.519998],[-114.810054,32.519463],[-114.810218,32.519077],[-114.810354,32.518606],[-114.810354,32.518506],[-114.810311,32.518399],[-114.810218,32.518307],[-114.80999,32.518142],[-114.809597,32.51785],[-114.80924,32.5176],[-114.80899,32.517471],[-114.808511,32.517315],[-114.808119,32.517222],[-114.807541,32.517114],[-114.806942,32.517022],[-114.806285,32.516957],[-114.805003,32.516827],[-114.804207,32.516716],[-114.803686,32.516643],[-114.803458,32.516579],[-114.803237,32.516458],[-114.80303,32.516315],[-114.802676,32.516077],[-114.802337,32.515751],[-114.802251,32.515424],[-114.802151,32.51497],[-114.802028,32.514333],[-114.801973,32.514045],[-114.801967,32.513824],[-114.801995,32.513624],[-114.802069,32.513397],[-114.802145,32.513217],[-114.802187,32.513038],[-114.802237,32.512796],[-114.802337,32.51251],[-114.802516,32.512135],[-114.802851,32.511554],[-114.803023,32.511339],[-114.803208,32.511025],[-114.80333,32.510861],[-114.803465,32.510747],[-114.803608,32.510654],[-114.804072,32.510483],[-114.804493,32.510397],[-114.804829,32.510276],[-114.805036,32.510147],[-114.805434,32.509885],[-114.806035,32.509566],[-114.806485,32.509326],[-114.806949,32.509119],[-114.80748,32.508891],[-114.808005,32.508703],[-114.808605,32.508548],[-114.809062,32.508513],[-114.809419,32.508527],[-114.809768,32.50857],[-114.810394,32.508735],[-114.81136,32.509041],[-114.811767,32.509105],[-114.812581,32.509205],[-114.813402,32.509212],[-114.814123,32.509155],[-114.814553,32.509041],[-114.815101,32.508877],[-114.815757,32.508634],[-114.816057,32.508441],[-114.816157,32.508291],[-114.816243,32.508113],[-114.8163,32.507827],[-114.816271,32.507542],[-114.816164,32.507263],[-114.816107,32.507135],[-114.815976,32.506971],[-114.81521,32.506208],[-114.814572,32.5056],[-114.813937,32.504936],[-114.813823,32.504786],[-114.813709,32.504522],[-114.813559,32.504265],[-114.813427,32.503994],[-114.813333,32.503694],[-114.813243,32.50324],[-114.813264,32.502486],[-114.813223,32.502214],[-114.813116,32.501874],[-114.813009,32.501517],[-114.812881,32.501353],[-114.812592,32.501021],[-114.812531,32.500896],[-114.812445,32.500618],[-114.812386,32.50034],[-114.81236,32.500004],[-114.812395,32.499791],[-114.812481,32.49959],[-114.812588,32.499426],[-114.812766,32.499247],[-114.81323,32.49879],[-114.813487,32.498233],[-114.81361,32.497825],[-114.813765,32.497483],[-114.813959,32.49712],[-114.814073,32.496784],[-114.814051,32.496592],[-114.814017,32.496258],[-114.813987,32.495935],[-114.813936,32.495403],[-114.813887,32.495064],[-114.813834,32.49469],[-114.813692,32.494069],[-114.813546,32.494022],[-114.812606,32.493759],[-114.812335,32.493682],[-114.808031,32.492448],[-114.803728,32.491215],[-114.80114,32.490473],[-114.79943,32.489982],[-114.796989,32.489281],[-114.795134,32.488752],[-114.792359,32.487959],[-114.790843,32.487525],[-114.790707,32.487486],[-114.790602,32.487457],[-114.790498,32.487427],[-114.782498,32.485133],[-114.780786,32.484641],[-114.779885,32.484385],[-114.769454,32.481294],[-114.760944,32.47873],[-114.754635,32.476831],[-114.752397,32.47615],[-114.752098,32.47606],[-114.735541,32.471105],[-114.718086,32.465837],[-114.717743,32.465734],[-114.713442,32.464432],[-114.709161,32.463138],[-114.70579,32.462118],[-114.70488,32.461842],[-114.7006,32.460548],[-114.69632,32.459251],[-114.69377,32.458479],[-114.692041,32.457956],[-114.691067,32.457661],[-114.68776,32.456662],[-114.660875,32.448521],[-114.657744,32.447571],[-114.656591,32.447221],[-114.652306,32.44592],[-114.649484,32.445064],[-114.648022,32.444621],[-114.645736,32.443931],[-114.639496,32.442047],[-114.635233,32.44076],[-114.633717,32.440302],[-114.631006,32.439483],[-114.63097,32.439472],[-114.626677,32.438174],[-114.622384,32.436876],[-114.62171,32.436672],[-114.621518,32.436614],[-114.618077,32.435575],[-114.613799,32.434284],[-114.613375,32.434156],[-114.571008,32.421332],[-114.566729,32.420035],[-114.563775,32.419141],[-114.562449,32.418738],[-114.544134,32.413193],[-114.541521,32.412395],[-114.537835,32.411277],[-114.537243,32.411098],[-114.532965,32.409801],[-114.528688,32.408504],[-114.52584,32.40764],[-114.524407,32.407206],[-114.52013,32.405909],[-114.515854,32.404611],[-114.513884,32.404014],[-114.511577,32.403314],[-114.507294,32.402015],[-114.503746,32.400939],[-114.503011,32.400717],[-114.501904,32.400381],[-114.500839,32.400058],[-114.500698,32.400015],[-114.498722,32.399416],[-114.494446,32.398119],[-114.490165,32.396821],[-114.48994,32.396753],[-114.48834,32.396267],[-114.48286,32.394604],[-114.481603,32.394224],[-114.477961,32.393119],[-114.477322,32.392925],[-114.473036,32.391625],[-114.46875,32.390325],[-114.466004,32.389492],[-114.464464,32.389025],[-114.464345,32.388989],[-114.463958,32.388871],[-114.461684,32.388181],[-114.460179,32.387725],[-114.456833,32.386705],[-114.454091,32.385869],[-114.452552,32.3854],[-114.44827,32.384095],[-114.443988,32.38279],[-114.439716,32.381487],[-114.437359,32.380767],[-114.435444,32.380183],[-114.431173,32.378879],[-114.430375,32.378635],[-114.428001,32.377916],[-114.426899,32.377583],[-114.425877,32.377273],[-114.422604,32.376281],[-114.418404,32.375008],[-114.414014,32.373678],[-114.409719,32.372376],[-114.405431,32.371069],[-114.401156,32.369765],[-114.397333,32.3686],[-114.394499,32.367735],[-114.392595,32.367155],[-114.388318,32.36585],[-114.386559,32.365314],[-114.384703,32.364748],[-114.384042,32.364546],[-114.383824,32.36448],[-114.379757,32.363242],[-114.375489,32.361945],[-114.370653,32.360461],[-114.36697,32.359331],[-114.36271,32.358023],[-114.358451,32.356716],[-114.354654,32.355563],[-114.349859,32.354106],[-114.346098,32.35296],[-114.337542,32.350351],[-114.33491,32.349542],[-114.333273,32.349038],[-114.329698,32.347936],[-114.328998,32.34772],[-114.328725,32.347636],[-114.328713,32.347633],[-114.327646,32.347303],[-114.327612,32.347292],[-114.324721,32.346401],[-114.323164,32.345921],[-114.320445,32.345083],[-114.311896,32.342468],[-114.30762,32.34116],[-114.30503,32.340367],[-114.299068,32.338548],[-114.297219,32.337985],[-114.296946,32.337902],[-114.295477,32.337454],[-114.292663,32.336596],[-114.292643,32.33659],[-114.290064,32.335804],[-114.287951,32.33516],[-114.28765,32.335069],[-114.287198,32.334931],[-114.286742,32.334792],[-114.286234,32.334637],[-114.285001,32.334265],[-114.282838,32.333613],[-114.281989,32.333357],[-114.279791,32.332693],[-114.279002,32.332456],[-114.277744,32.332076],[-114.277434,32.331982],[-114.275837,32.331462],[-114.275597,32.331387],[-114.2735,32.330707],[-114.272135,32.330264],[-114.269255,32.329331],[-114.26497,32.328028],[-114.264934,32.328017],[-114.262764,32.327357],[-114.257638,32.325798],[-114.255718,32.325214],[-114.255262,32.325075],[-114.250949,32.323767],[-114.247804,32.32282],[-114.244464,32.32181],[-114.241466,32.320911],[-114.241428,32.320899],[-114.241307,32.320863],[-114.232448,32.318188],[-114.231129,32.317788],[-114.230648,32.317641],[-114.228814,32.317084],[-114.226367,32.316338],[-114.222086,32.315034],[-114.21958,32.31427],[-114.215603,32.313053],[-114.215354,32.312972],[-114.213535,32.312412],[-114.209264,32.311095],[-114.207174,32.310451],[-114.205199,32.309842],[-114.204995,32.309779],[-114.203198,32.309225],[-114.20305,32.30918],[-114.200724,32.308463],[-114.196453,32.307162],[-114.19331,32.306205],[-114.192182,32.305862],[-114.191949,32.305791],[-114.187911,32.304561],[-114.186875,32.304246],[-114.18364,32.303253],[-114.181278,32.302528],[-114.179369,32.301942],[-114.177574,32.301391],[-114.175098,32.30063],[-114.171896,32.299647],[-114.170826,32.299319],[-114.169457,32.298898],[-114.166555,32.298007],[-114.162151,32.296656],[-114.15788,32.295345],[-114.157633,32.295269],[-114.155431,32.294592],[-114.155045,32.294474],[-114.15361,32.294034],[-114.149338,32.292722],[-114.14582,32.291642],[-114.145484,32.291539],[-114.14299,32.290772],[-114.140796,32.290099],[-114.136526,32.288788],[-114.133999,32.288012],[-114.132255,32.287477],[-114.129686,32.286688],[-114.127985,32.286167],[-114.123715,32.284857],[-114.122193,32.284391],[-114.121726,32.284248],[-114.119445,32.283548],[-114.118586,32.283284],[-114.115175,32.282239],[-114.111539,32.28112],[-114.110906,32.280925],[-114.110424,32.280776],[-114.109587,32.280519],[-114.107836,32.279981],[-114.106637,32.279611],[-114.102369,32.278297],[-114.09867,32.277159],[-114.0981,32.276984],[-114.097538,32.276813],[-114.093832,32.275672],[-114.092121,32.275145],[-114.091878,32.275071],[-114.089564,32.27436],[-114.086919,32.273547],[-114.085297,32.273046],[-114.081028,32.271728],[-114.076759,32.27041],[-114.075971,32.270167],[-114.075175,32.269922],[-114.07249,32.269098],[-114.06822,32.267787],[-114.063951,32.266476],[-114.063316,32.26628],[-114.059516,32.265107],[-114.055251,32.263791],[-114.051531,32.262644],[-114.050984,32.262475],[-114.046717,32.261159],[-114.044619,32.260512],[-114.043218,32.260077],[-114.042463,32.259846],[-114.03978,32.259019],[-114.038195,32.258529],[-114.03393,32.257214],[-114.031239,32.256384],[-114.029665,32.255898],[-114.028044,32.255398],[-114.025404,32.254584],[-114.021143,32.253271],[-114.0186,32.252484],[-114.016883,32.251958],[-114.016324,32.251785],[-114.012622,32.250644],[-114.012163,32.250502],[-114.009354,32.249635],[-114.008362,32.24933],[-114.004594,32.248168],[-114.004101,32.248016],[-113.999841,32.246702],[-113.995581,32.245387],[-113.993706,32.244805],[-113.993596,32.244772],[-113.993395,32.244711],[-113.992853,32.244545],[-113.991322,32.244072],[-113.987061,32.242756],[-113.982805,32.241442],[-113.981157,32.240933],[-113.97855,32.240128],[-113.976778,32.23958],[-113.974274,32.238807],[-113.969997,32.237486],[-113.969839,32.237437],[-113.969693,32.237391],[-113.969391,32.237298],[-113.965709,32.236161],[-113.963068,32.235345],[-113.961445,32.234843],[-113.959554,32.23426],[-113.959481,32.234237],[-113.957622,32.233661],[-113.957361,32.233581],[-113.95309,32.23226],[-113.950393,32.231426],[-113.948815,32.230938],[-113.948057,32.230704],[-113.94579,32.230003],[-113.944539,32.229616],[-113.940272,32.228297],[-113.939495,32.228058],[-113.939393,32.228026],[-113.93805,32.22761],[-113.936005,32.226978],[-113.934319,32.226456],[-113.934047,32.226372],[-113.933252,32.226126],[-113.931738,32.225658],[-113.929458,32.224953],[-113.927472,32.224339],[-113.923203,32.223019],[-113.922299,32.22274],[-113.918935,32.221699],[-113.914667,32.22038],[-113.914305,32.220268],[-113.910532,32.219105],[-113.910399,32.219064],[-113.909106,32.218666],[-113.908136,32.218367],[-113.907969,32.218316],[-113.906128,32.217748],[-113.904834,32.217353],[-113.901858,32.216433],[-113.898654,32.215446],[-113.897585,32.215116],[-113.893318,32.213801],[-113.889048,32.212486],[-113.888904,32.212441],[-113.888069,32.212186],[-113.887792,32.2121],[-113.886876,32.211817],[-113.884778,32.21117],[-113.880509,32.209855],[-113.877545,32.208941],[-113.876333,32.208569],[-113.876239,32.208539],[-113.875087,32.208184],[-113.874669,32.208056],[-113.871973,32.207224],[-113.867706,32.20591],[-113.86344,32.204595],[-113.863299,32.204552],[-113.859174,32.20328],[-113.858696,32.20313],[-113.855057,32.201988],[-113.851536,32.200882],[-113.850787,32.200647],[-113.849105,32.200121],[-113.849014,32.200093],[-113.846519,32.199307],[-113.842251,32.197967],[-113.839979,32.197254],[-113.837985,32.196628],[-113.836226,32.196076],[-113.83372,32.195297],[-113.829454,32.193973],[-113.828319,32.193621],[-113.825189,32.192649],[-113.820922,32.191324],[-113.81895,32.190712],[-113.817184,32.190165],[-113.816655,32.19],[-113.81661,32.189986],[-113.814383,32.189294],[-113.812722,32.188778],[-113.812388,32.188675],[-113.808121,32.18735],[-113.804755,32.186306],[-113.803853,32.186025],[-113.799587,32.184701],[-113.796323,32.183688],[-113.795321,32.183376],[-113.793076,32.182678],[-113.791055,32.182049],[-113.786786,32.180722],[-113.785619,32.180358],[-113.785017,32.180171],[-113.782517,32.179394],[-113.78223,32.179305],[-113.781723,32.179144],[-113.781399,32.179047],[-113.778245,32.178066],[-113.77398,32.176739],[-113.769708,32.175411],[-113.765429,32.17408],[-113.761154,32.17275],[-113.757952,32.171754],[-113.756879,32.17142],[-113.752727,32.170135],[-113.751347,32.169708],[-113.748463,32.168808],[-113.746321,32.16814],[-113.744201,32.167478],[-113.742697,32.167009],[-113.739938,32.166148],[-113.735682,32.164827],[-113.734833,32.164563],[-113.731426,32.163505],[-113.72717,32.162183],[-113.723233,32.16096],[-113.722914,32.160861],[-113.721398,32.160389],[-113.718658,32.159538],[-113.714403,32.158214],[-113.711412,32.157284],[-113.710155,32.15689],[-113.706735,32.155819],[-113.705891,32.155556],[-113.704962,32.155266],[-113.704403,32.155092],[-113.70163,32.154227],[-113.699762,32.153645],[-113.697369,32.152899],[-113.693109,32.151571],[-113.688848,32.150243],[-113.688065,32.149999],[-113.687793,32.149914],[-113.68459,32.148915],[-113.680833,32.147744],[-113.680326,32.147586],[-113.67637,32.146353],[-113.676065,32.146258],[-113.674432,32.145749],[-113.671804,32.14493],[-113.667553,32.143604],[-113.664832,32.142756],[-113.664768,32.142736],[-113.663302,32.142283],[-113.659039,32.140966],[-113.654776,32.139649],[-113.653047,32.139108],[-113.650589,32.138339],[-113.646321,32.137004],[-113.642052,32.135668],[-113.641425,32.135472],[-113.639031,32.134723],[-113.637783,32.134333],[-113.633519,32.132999],[-113.624991,32.130331],[-113.621846,32.129347],[-113.618014,32.128148],[-113.614856,32.127159],[-113.612198,32.126328],[-113.611805,32.126205],[-113.611245,32.12603],[-113.609408,32.125455],[-113.607934,32.124994],[-113.606419,32.12452],[-113.60367,32.12366],[-113.599407,32.122326],[-113.595145,32.120993],[-113.594817,32.12089],[-113.590883,32.119659],[-113.58662,32.118325],[-113.586154,32.11818],[-113.583211,32.117258],[-113.582356,32.116991],[-113.578092,32.115656],[-113.573828,32.114321],[-113.571587,32.113619],[-113.569564,32.112986],[-113.565301,32.111651],[-113.561039,32.110317],[-113.559997,32.109991],[-113.556777,32.108983],[-113.552515,32.107648],[-113.548406,32.106362],[-113.548298,32.106328],[-113.544035,32.104993],[-113.539772,32.103658],[-113.536812,32.102731],[-113.535509,32.102323],[-113.531251,32.10099],[-113.526994,32.099657],[-113.525147,32.099078],[-113.522741,32.098325],[-113.518478,32.09699],[-113.514217,32.095656],[-113.513561,32.09545],[-113.509957,32.094316],[-113.505696,32.092974],[-113.50203,32.09182],[-113.501435,32.091633],[-113.497175,32.090292],[-113.492916,32.088951],[-113.46741,32.080921],[-113.467366,32.080907],[-113.450333,32.075544],[-113.446082,32.074224],[-113.441819,32.072912],[-113.437554,32.071594],[-113.436939,32.071404],[-113.43329,32.070292],[-113.432373,32.070013],[-113.429401,32.069083],[-113.425137,32.067748],[-113.420875,32.066396],[-113.41235,32.063692],[-113.408088,32.06234],[-113.407894,32.062279],[-113.403815,32.06098],[-113.399553,32.059624],[-113.396422,32.058628],[-113.395285,32.058266],[-113.391018,32.056908],[-113.386728,32.055578],[-113.384895,32.055009],[-113.382441,32.05425],[-113.380297,32.053586],[-113.3782,32.052923],[-113.375485,32.052063],[-113.361205,32.04755],[-113.356946,32.046204],[-113.352676,32.044854],[-113.35044,32.044146],[-113.348406,32.043503],[-113.344136,32.042153],[-113.339866,32.040802],[-113.338931,32.040513],[-113.335638,32.039501],[-113.333767,32.038927],[-113.331368,32.03817],[-113.322805,32.035468],[-113.316933,32.033609],[-113.31429,32.032771],[-113.310028,32.031422],[-113.304389,32.029638],[-113.303017,32.029205],[-113.293003,32.02605],[-113.292943,32.026031],[-113.288747,32.024725],[-113.284482,32.023377],[-113.282564,32.022771],[-113.282256,32.022674],[-113.281353,32.022388],[-113.280216,32.022029],[-113.277879,32.02129],[-113.276526,32.020864],[-113.27595,32.02068],[-113.271683,32.019332],[-113.267393,32.017977],[-113.263134,32.016632],[-113.258853,32.01528],[-113.258268,32.015095],[-113.257399,32.014821],[-113.254568,32.013941],[-113.237547,32.008629],[-113.233212,32.007257],[-113.227767,32.005533],[-113.224667,32.004551],[-113.22361,32.004216],[-113.217871,32.002386],[-113.217219,32.002176],[-113.216046,32.001798],[-113.212017,32.0005],[-113.210585,32.000039],[-113.210157,31.999901],[-113.209992,31.999848],[-113.209863,31.999807],[-113.209723,31.999762],[-113.209057,31.999547],[-113.208824,31.999471],[-113.207358,31.999],[-113.203014,31.997601],[-113.200731,31.996889],[-113.199834,31.996604],[-113.189164,31.993265],[-113.186389,31.992397],[-113.182134,31.991051],[-113.179384,31.990181],[-113.17788,31.989705],[-113.177597,31.989615],[-113.17363,31.98836],[-113.17154,31.987698],[-113.169373,31.987013],[-113.166272,31.986018],[-113.160082,31.984033],[-113.156796,31.982979],[-113.155326,31.982507],[-113.154929,31.982387],[-113.1526,31.981675],[-113.148308,31.980392],[-113.144016,31.979108],[-113.143663,31.979002],[-113.139723,31.977824],[-113.135437,31.976542],[-113.134013,31.97611],[-113.126103,31.973711],[-113.10562,31.967502],[-113.10137,31.966212],[-113.097127,31.964933],[-113.085572,31.961452],[-113.082405,31.96049],[-113.074523,31.958108],[-113.063036,31.954637],[-113.060316,31.953815],[-113.041703,31.948192],[-113.040522,31.947836],[-113.0391,31.947407],[-113.033228,31.945637],[-113.030388,31.944772],[-113.024673,31.943031],[-113.018387,31.941121],[-113.012166,31.939222],[-113.012013,31.939175],[-113.007374,31.937768],[-113.001123,31.935871],[-113.000134,31.935571],[-112.999131,31.935267],[-112.99486,31.933974],[-112.994358,31.933822],[-112.990602,31.932685],[-112.985788,31.931228],[-112.976289,31.928348],[-112.975573,31.928131],[-112.973574,31.927524],[-112.971474,31.926887],[-112.969318,31.926232],[-112.967884,31.925795],[-112.965064,31.924938],[-112.96412,31.92465],[-112.96055,31.923568],[-112.957368,31.922603],[-112.948033,31.919772],[-112.943774,31.918479],[-112.935282,31.915899],[-112.932826,31.915153],[-112.93104,31.91461],[-112.925777,31.913011],[-112.925685,31.912983],[-112.91665,31.910236],[-112.915534,31.909896],[-112.914772,31.909664],[-112.913848,31.909383],[-112.909607,31.908094],[-112.908235,31.907677],[-112.905366,31.906806],[-112.904835,31.906644],[-112.899251,31.904947],[-112.894439,31.903484],[-112.892009,31.902746],[-112.888621,31.901712],[-112.884132,31.900346],[-112.883489,31.90015],[-112.881042,31.899405],[-112.87855,31.898647],[-112.875988,31.897868],[-112.875228,31.897638],[-112.874282,31.89735],[-112.871662,31.896554],[-112.871448,31.896489],[-112.871379,31.896468],[-112.870361,31.896158],[-112.870036,31.89606],[-112.869126,31.895783],[-112.867752,31.895364],[-112.867112,31.895169],[-112.865809,31.894771],[-112.863807,31.894164],[-112.862252,31.893687],[-112.857213,31.892152],[-112.856127,31.891821],[-112.854384,31.891291],[-112.850143,31.889999],[-112.838784,31.886535],[-112.837404,31.886114],[-112.833359,31.884879],[-112.831458,31.884299],[-112.828897,31.883517],[-112.824608,31.882208],[-112.821422,31.881235],[-112.820344,31.880906],[-112.818397,31.880312],[-112.818115,31.880226],[-112.817557,31.880055],[-112.817455,31.880024],[-112.816114,31.879614],[-112.816087,31.879606],[-112.811832,31.878306],[-112.809563,31.877612],[-112.808069,31.877156],[-112.803404,31.87573],[-112.799112,31.874418],[-112.797683,31.873981],[-112.795474,31.873306],[-112.79482,31.873106],[-112.790565,31.871805],[-112.78631,31.870504],[-112.782055,31.869204],[-112.777799,31.867903],[-112.775939,31.867334],[-112.773865,31.8667],[-112.771307,31.865918],[-112.769304,31.865307],[-112.760809,31.862708],[-112.755299,31.86102],[-112.753966,31.860612],[-112.75231,31.860105],[-112.750854,31.859659],[-112.750562,31.85957],[-112.750119,31.859434],[-112.748063,31.858804],[-112.742049,31.856964],[-112.739561,31.856205],[-112.738248,31.855805],[-112.73531,31.854908],[-112.73447,31.854652],[-112.731061,31.853612],[-112.730142,31.853332],[-112.729263,31.853064],[-112.726812,31.852316],[-112.72584,31.852018],[-112.724802,31.8517],[-112.722573,31.851017],[-112.719822,31.850173],[-112.718578,31.849793],[-112.714943,31.848678],[-112.709785,31.847096],[-112.708114,31.846584],[-112.704041,31.845335],[-112.700407,31.844221],[-112.696168,31.84292],[-112.688185,31.84047],[-112.68463,31.83937],[-112.683431,31.839001],[-112.680437,31.838082],[-112.679238,31.837715],[-112.676955,31.837016],[-112.67464,31.836309],[-112.670169,31.83494],[-112.667907,31.834247],[-112.663422,31.832875],[-112.654796,31.830228],[-112.651488,31.829203],[-112.649784,31.828681],[-112.649551,31.828614],[-112.645253,31.827292],[-112.643153,31.826648],[-112.637716,31.82497],[-112.636861,31.824706],[-112.634773,31.824062],[-112.633448,31.823654],[-112.62995,31.822579],[-112.627173,31.821722],[-112.626281,31.821446],[-112.625477,31.821198],[-112.624911,31.821023],[-112.624392,31.820864],[-112.620661,31.819719],[-112.612171,31.817114],[-112.60776,31.815757],[-112.59941,31.813179],[-112.590904,31.810552],[-112.578133,31.80662],[-112.5739,31.805318],[-112.572963,31.80503],[-112.571074,31.804449],[-112.568768,31.803739],[-112.56868,31.803712],[-112.567696,31.80341],[-112.565402,31.802704],[-112.562517,31.801817],[-112.561582,31.801529],[-112.561154,31.801397],[-112.557823,31.800373],[-112.556909,31.800091],[-112.556187,31.799869],[-112.555669,31.799709],[-112.554517,31.799355],[-112.535694,31.793562],[-112.521971,31.789337],[-112.518449,31.788248],[-112.514202,31.786935],[-112.514013,31.786876],[-112.509962,31.785624],[-112.503811,31.783722],[-112.502241,31.783237],[-112.497624,31.781811],[-112.492988,31.780377],[-112.471761,31.773826],[-112.463295,31.771214],[-112.459544,31.770056],[-112.459065,31.769908],[-112.45057,31.767282],[-112.447409,31.766306],[-112.446307,31.765965],[-112.442039,31.764646],[-112.433539,31.762011],[-112.429287,31.760694],[-112.425036,31.759377],[-112.4203,31.757909],[-112.420137,31.757859],[-112.417944,31.757188],[-112.417486,31.757048],[-112.416368,31.756706],[-112.414733,31.756206],[-112.414585,31.756161],[-112.41426,31.756062],[-112.412122,31.755407],[-112.407853,31.754101],[-112.402618,31.752494],[-112.401049,31.752006],[-112.400009,31.751683],[-112.399526,31.751533],[-112.399384,31.751489],[-112.399326,31.751471],[-112.396499,31.750591],[-112.395057,31.750143],[-112.390813,31.748824],[-112.388115,31.747985],[-112.386569,31.747504],[-112.384764,31.746943],[-112.382319,31.746183],[-112.37807,31.744862],[-112.374976,31.743896],[-112.374602,31.743783],[-112.369573,31.74222],[-112.365321,31.740902],[-112.356819,31.738265],[-112.353119,31.737116],[-112.335568,31.73167],[-112.326098,31.728731],[-112.320614,31.727029],[-112.318579,31.72639],[-112.316375,31.725706],[-112.315871,31.72555],[-112.314362,31.725082],[-112.310145,31.723773],[-112.288991,31.717203],[-112.259295,31.707978],[-112.247337,31.704264],[-112.246939,31.70414],[-112.238048,31.701378],[-112.229546,31.698735],[-112.225297,31.697414],[-112.216798,31.694771],[-112.212612,31.69347],[-112.209304,31.692441],[-112.200044,31.68956],[-112.195639,31.688188],[-112.1829,31.68422],[-112.178656,31.682897],[-112.174411,31.681575],[-112.173392,31.681257],[-112.172951,31.681119],[-112.172338,31.680928],[-112.171207,31.680576],[-112.170167,31.680252],[-112.163494,31.678174],[-112.160605,31.677273],[-112.159161,31.676822],[-112.158454,31.676601],[-112.157434,31.676283],[-112.15559,31.675706],[-112.153186,31.674956],[-112.15106,31.674291],[-112.150447,31.6741],[-112.15006,31.673979],[-112.149712,31.673871],[-112.149509,31.673807],[-112.148939,31.673629],[-112.144692,31.672299],[-112.143143,31.671813],[-112.142813,31.67171],[-112.142427,31.671589],[-112.14208,31.67148],[-112.140445,31.670968],[-112.139519,31.670678],[-112.131951,31.668308],[-112.127952,31.667055],[-112.126817,31.666699],[-112.125731,31.66636],[-112.123457,31.665647],[-112.119214,31.664319],[-112.116358,31.663424],[-112.114079,31.662714],[-112.113596,31.662563],[-112.110767,31.661681],[-112.106962,31.660491],[-112.106524,31.660355],[-112.102274,31.659026],[-112.099514,31.658162],[-112.098024,31.657697],[-112.09378,31.656371],[-112.093271,31.656212],[-112.092341,31.655922],[-112.091644,31.655704],[-112.07593,31.650798],[-112.075331,31.650613],[-112.07084,31.6492],[-112.068329,31.64841],[-112.053899,31.643877],[-112.05313,31.643635],[-112.051367,31.643082],[-112.047127,31.64175],[-112.046896,31.641677],[-112.038087,31.638907],[-112.035717,31.638162],[-112.034403,31.637749],[-112.032618,31.637187],[-112.031765,31.636919],[-112.030161,31.636415],[-112.029529,31.636215],[-112.028523,31.6359],[-112.027636,31.635621],[-112.025918,31.635081],[-112.023813,31.634419],[-112.021678,31.633748],[-112.017816,31.632534],[-112.017442,31.632417],[-112.013206,31.631086],[-112.012265,31.63079],[-112.010635,31.630278],[-112.008955,31.62975],[-112.000727,31.627163],[-112.000381,31.627054],[-111.997914,31.626278],[-111.993673,31.624945],[-111.99127,31.62419],[-111.991166,31.624157],[-111.989433,31.623612],[-111.989163,31.623527],[-111.988246,31.623239],[-111.985192,31.622278],[-111.983194,31.62165],[-111.981991,31.621272],[-111.980951,31.620945],[-111.979326,31.620434],[-111.979072,31.620354],[-111.978756,31.620254],[-111.977881,31.619979],[-111.97587,31.619346],[-111.973555,31.618617],[-111.972879,31.618405],[-111.972464,31.618274],[-111.971717,31.618039],[-111.971421,31.617946],[-111.97129,31.617905],[-111.970568,31.617677],[-111.968221,31.616938],[-111.964335,31.615715],[-111.963978,31.615602],[-111.959737,31.614266],[-111.956272,31.613174],[-111.955497,31.61293],[-111.952826,31.612089],[-111.951261,31.611596],[-111.951211,31.61158],[-111.947028,31.610264],[-111.945262,31.609708],[-111.94278,31.608927],[-111.941294,31.608459],[-111.938534,31.607591],[-111.936964,31.607097],[-111.934294,31.606258],[-111.930055,31.604924],[-111.929753,31.604829],[-111.927376,31.604081],[-111.925813,31.603589],[-111.913087,31.599582],[-111.895235,31.593957],[-111.887765,31.5916],[-111.858851,31.582477],[-111.844586,31.577967],[-111.84368,31.57768],[-111.814908,31.568584],[-111.814755,31.568536],[-111.810382,31.567153],[-111.80642,31.5659],[-111.797919,31.563212],[-111.79367,31.561868],[-111.789421,31.560527],[-111.782797,31.558435],[-111.781489,31.558023],[-111.780925,31.557845],[-111.780142,31.557597],[-111.776677,31.556503],[-111.770223,31.55446],[-111.768667,31.553971],[-111.76289,31.552144],[-111.757357,31.550394],[-111.75718,31.550339],[-111.750149,31.548117],[-111.745906,31.546776],[-111.745696,31.546709],[-111.738741,31.544512],[-111.734025,31.543022],[-111.728921,31.54141],[-111.724674,31.540069],[-111.716927,31.53762],[-111.711251,31.535822],[-111.707696,31.534697],[-111.699157,31.531993],[-111.66462,31.521053],[-111.664228,31.520928],[-111.661381,31.520026],[-111.66086,31.519861],[-111.660609,31.519781],[-111.659813,31.519529],[-111.659535,31.519441],[-111.657064,31.518657],[-111.653521,31.51753],[-111.652814,31.517304],[-111.648565,31.515952],[-111.639663,31.513119],[-111.638055,31.512608],[-111.63678,31.512202],[-111.635815,31.511896],[-111.631565,31.510545],[-111.630855,31.51032],[-111.628194,31.509466],[-111.627726,31.509325],[-111.627521,31.50926],[-111.627314,31.509195],[-111.625961,31.508764],[-111.624382,31.508262],[-111.62311,31.507858],[-111.619373,31.506672],[-111.614613,31.505159],[-111.607879,31.503019],[-111.601725,31.501064],[-111.597672,31.499776],[-111.596453,31.499388],[-111.593443,31.498432],[-111.589208,31.497086],[-111.584997,31.495749],[-111.579607,31.494038],[-111.578004,31.493528],[-111.576521,31.493057],[-111.573595,31.492128],[-111.572246,31.4917],[-111.568068,31.490397],[-111.563797,31.489044],[-111.563091,31.48882],[-111.562009,31.488477],[-111.561613,31.488351],[-111.560629,31.488039],[-111.560065,31.48786],[-111.559581,31.487707],[-111.555321,31.486357],[-111.54998,31.48465],[-111.54685,31.48365],[-111.544517,31.482904],[-111.53858,31.481006],[-111.534024,31.479562],[-111.529876,31.478251],[-111.525472,31.47685],[-111.521242,31.475494],[-111.516984,31.474137],[-111.515971,31.473815],[-111.515678,31.473721],[-111.514452,31.473331],[-111.512724,31.472781],[-111.510712,31.47214],[-111.509452,31.471739],[-111.508463,31.471424],[-111.506263,31.470723],[-111.50457,31.470174],[-111.504026,31.469998],[-111.503221,31.469739],[-111.502096,31.469379],[-111.49992,31.468682],[-111.498726,31.468299],[-111.497606,31.46794],[-111.49724,31.467823],[-111.496592,31.467615],[-111.495814,31.467365],[-111.493402,31.466592],[-111.492478,31.466296],[-111.491546,31.465997],[-111.489048,31.465196],[-111.487988,31.464856],[-111.487217,31.464609],[-111.486931,31.464517],[-111.486309,31.464315],[-111.484583,31.463755],[-111.483838,31.463514],[-111.482083,31.462945],[-111.47899,31.461968],[-111.474748,31.460629],[-111.463668,31.457136],[-111.461232,31.456368],[-111.459429,31.455793],[-111.459065,31.455677],[-111.455158,31.454431],[-111.451081,31.453131],[-111.450925,31.453081],[-111.450106,31.452819],[-111.447669,31.452039],[-111.446675,31.451721],[-111.445694,31.451407],[-111.445403,31.451314],[-111.445241,31.451262],[-111.444087,31.450892],[-111.443371,31.450663],[-111.442427,31.450361],[-111.441686,31.450124],[-111.438199,31.449008],[-111.423402,31.444286],[-111.417045,31.442262],[-111.414055,31.441306],[-111.413374,31.441088],[-111.412787,31.4409],[-111.408538,31.439541],[-111.404302,31.438185],[-111.400071,31.436832],[-111.395829,31.435477],[-111.391592,31.434121],[-111.384835,31.43196],[-111.384231,31.431767],[-111.383208,31.43144],[-111.382055,31.431072],[-111.378998,31.430095],[-111.374787,31.42875],[-111.370577,31.427405],[-111.366397,31.426069],[-111.366372,31.426061],[-111.36561,31.425817],[-111.36551,31.425785],[-111.364334,31.425409],[-111.360486,31.424177],[-111.357909,31.423352],[-111.357673,31.423276],[-111.357305,31.423163],[-111.352941,31.421761],[-111.352482,31.421614],[-111.352156,31.42151],[-111.351952,31.421445],[-111.350085,31.420848],[-111.342938,31.418559],[-111.341246,31.418016],[-111.339377,31.417417],[-111.336457,31.416481],[-111.328922,31.414066],[-111.327914,31.413744],[-111.326104,31.413164],[-111.32562,31.413009],[-111.32219,31.41191],[-111.321187,31.411589],[-111.31822,31.410638],[-111.314422,31.409421],[-111.312987,31.408961],[-111.31253,31.408814],[-111.310748,31.408243],[-111.30786,31.407317],[-111.306858,31.406996],[-111.298593,31.404346],[-111.297238,31.403912],[-111.295686,31.403414],[-111.291846,31.402182],[-111.291297,31.402006],[-111.289729,31.401504],[-111.285245,31.400066],[-111.28225,31.399105],[-111.279546,31.398237],[-111.273313,31.396238],[-111.265257,31.393656],[-111.262987,31.39293],[-111.252667,31.389628],[-111.250531,31.388939],[-111.246225,31.387553],[-111.242841,31.386464],[-111.242227,31.386267],[-111.2407,31.385776],[-111.240239,31.385627],[-111.232853,31.383251],[-111.231534,31.382827],[-111.231363,31.382772],[-111.227317,31.381468],[-111.226285,31.381136],[-111.223096,31.380109],[-111.222881,31.380039],[-111.220115,31.379148],[-111.218845,31.378738],[-111.216519,31.377992],[-111.207827,31.375177],[-111.206143,31.37464],[-111.205958,31.374581],[-111.197506,31.371862],[-111.193438,31.370557],[-111.189202,31.369198],[-111.186285,31.368262],[-111.184958,31.367836],[-111.180729,31.36648],[-111.176496,31.365119],[-111.174935,31.364618],[-111.172263,31.363759],[-111.170316,31.363133],[-111.16803,31.362388],[-111.167267,31.362143],[-111.163797,31.361009],[-111.158619,31.359345],[-111.158449,31.359291],[-111.158058,31.359165],[-111.157993,31.359145],[-111.153822,31.357804],[-111.149589,31.356444],[-111.146854,31.355566],[-111.146018,31.355297],[-111.143531,31.354498],[-111.141127,31.353725],[-111.140835,31.353631],[-111.138056,31.352738],[-111.134286,31.351529],[-111.132669,31.351004],[-111.129422,31.349955],[-111.128438,31.349637],[-111.124198,31.348252],[-111.124135,31.348231],[-111.119954,31.346884],[-111.114688,31.345188],[-111.103847,31.341685],[-111.103023,31.341418],[-111.101612,31.340961],[-111.098781,31.340045],[-111.097949,31.339776],[-111.094551,31.338676],[-111.092733,31.338088],[-111.07498,31.332342],[-111.048286,31.332421],[-111.026243,31.332488],[-110.976827,31.332636],[-110.975937,31.33264],[-110.97033,31.332656],[-110.969527,31.332659],[-110.969334,31.332659],[-110.96548,31.33267],[-110.965378,31.332671],[-110.965298,31.33267],[-110.965204,31.33267],[-110.964893,31.332672],[-110.954769,31.332701],[-110.954617,31.332702],[-110.952136,31.332708],[-110.945125,31.332729],[-110.942891,31.332736],[-110.942692,31.332737],[-110.942313,31.332738],[-110.942186,31.332738],[-110.941523,31.33274],[-110.938972,31.332758],[-110.938342,31.332765],[-110.93815,31.332767],[-110.938104,31.332767],[-110.937,31.332779],[-110.936533,31.332783],[-110.931538,31.332835],[-110.92768,31.332876],[-110.917822,31.33298],[-110.915318,31.333009],[-110.913209,31.333031],[-110.90175,31.333155],[-110.891329,31.333267],[-110.890652,31.333275],[-110.889057,31.333292],[-110.868877,31.333509],[-110.868649,31.333511],[-110.868444,31.333513],[-110.853025,31.333683],[-110.850427,31.333709],[-110.850333,31.33371],[-110.850234,31.333711],[-110.847748,31.333738],[-110.84749,31.333738],[-110.845001,31.33373],[-110.82816,31.33368],[-110.803454,31.333602],[-110.800005,31.333591],[-110.798207,31.333586],[-110.795734,31.333576],[-110.792191,31.333566],[-110.790616,31.333562],[-110.787513,31.333552],[-110.784634,31.333543],[-110.783664,31.333542],[-110.779095,31.333524],[-110.778349,31.333521],[-110.774499,31.333508],[-110.770223,31.333493],[-110.768807,31.333489],[-110.762836,31.333467],[-110.761,31.333462],[-110.752549,31.333433],[-110.744051,31.333404],[-110.73793,31.333397],[-110.731389,31.333373],[-110.712077,31.333298],[-110.691163,31.333238],[-110.654018,31.333122],[-110.650852,31.333111],[-110.647206,31.333116],[-110.63654,31.333073],[-110.635688,31.33307],[-110.626982,31.333036],[-110.622045,31.333021],[-110.598854,31.332947],[-110.592742,31.332939],[-110.592472,31.332939],[-110.590034,31.332937],[-110.577664,31.332923],[-110.567159,31.332915],[-110.55389,31.332899],[-110.542748,31.332873],[-110.534285,31.332863],[-110.521653,31.33285],[-110.514938,31.332843],[-110.505411,31.332832],[-110.504911,31.332832],[-110.497959,31.332856],[-110.493437,31.332842],[-110.489353,31.332843],[-110.459747,31.332874],[-110.458608,31.332878],[-110.39642,31.33314],[-110.390452,31.333163],[-110.375299,31.333224],[-110.36123,31.33328],[-110.336531,31.333381],[-110.319882,31.333453],[-110.295917,31.333555],[-110.283641,31.333608],[-110.282795,31.333604],[-110.274198,31.333637],[-110.271236,31.333648],[-110.264624,31.333674],[-110.259963,31.333699],[-110.224526,31.333858],[-110.208972,31.333922],[-110.205074,31.333938],[-110.156498,31.334125],[-110.135621,31.334121],[-110.121392,31.334118],[-110.083326,31.334105],[-110.014497,31.334088],[-110.004905,31.334088],[-110.003087,31.334084],[-110.002875,31.334085],[-110.000778,31.334086],[-109.998799,31.334085],[-109.987953,31.334086],[-109.982606,31.334077],[-109.979736,31.334089],[-109.978389,31.334087],[-109.975994,31.334085],[-109.973232,31.334084],[-109.964156,31.334083],[-109.962066,31.334082],[-109.957215,31.334078],[-109.948787,31.334074],[-109.943053,31.334075],[-109.939352,31.334073],[-109.934755,31.334071],[-109.932867,31.33407],[-109.9184,31.334063],[-109.916994,31.334062],[-109.852956,31.334041],[-109.834193,31.334047],[-109.818967,31.334045],[-109.808756,31.334045],[-109.792747,31.334041],[-109.790752,31.334041],[-109.782882,31.334041],[-109.777086,31.334042],[-109.74802,31.334029],[-109.743682,31.334033],[-109.7407,31.334031],[-109.729798,31.334029],[-109.72438,31.334028],[-109.716902,31.334028],[-109.679454,31.334023],[-109.670436,31.33402],[-109.664785,31.33402],[-109.647166,31.334018],[-109.629709,31.334017],[-109.604021,31.334015],[-109.579341,31.334005],[-109.574048,31.334003],[-109.573004,31.334003],[-109.568665,31.334001],[-109.561367,31.333999],[-109.560652,31.333999],[-109.560532,31.333999],[-109.560218,31.333998],[-109.557346,31.333997],[-109.551417,31.333996],[-109.545696,31.333994],[-109.541142,31.333994],[-109.537416,31.333994],[-109.536945,31.333993],[-109.536075,31.333993],[-109.530963,31.333991],[-109.5287,31.333991],[-109.528218,31.333991],[-109.519921,31.333983],[-109.515571,31.333985],[-109.511592,31.333987],[-109.494488,31.333985],[-109.494488,31.334079],[-109.487273,31.334057],[-109.487042,31.334057],[-109.486814,31.334481],[-109.48669,31.334711],[-109.486191,31.33547],[-109.48574,31.336364],[-109.485386,31.336946],[-109.484346,31.337552],[-109.483768,31.337985],[-109.483703,31.33865],[-109.483642,31.339547],[-109.483727,31.340872],[-109.48386,31.341686],[-109.483689,31.342072],[-109.48344,31.34218],[-109.482828,31.342188],[-109.482271,31.342277],[-109.481859,31.342643],[-109.481728,31.343244],[-109.481764,31.3437],[-109.4816,31.343958],[-109.481325,31.344194],[-109.481255,31.344483],[-109.48113,31.344781],[-109.480271,31.345511],[-109.481314,31.346362],[-109.481875,31.347026],[-109.482409,31.348194],[-109.482543,31.348813],[-109.48259,31.349228],[-109.482651,31.349758],[-109.482742,31.350252],[-109.482394,31.350307],[-109.482072,31.350367],[-109.481913,31.350403],[-109.481755,31.350446],[-109.481601,31.350498],[-109.481451,31.350559],[-109.481305,31.35063],[-109.481165,31.350712],[-109.481032,31.350804],[-109.480906,31.350907],[-109.480786,31.351016],[-109.480555,31.351245],[-109.479654,31.352183],[-109.479426,31.35241],[-109.479306,31.352516],[-109.479177,31.352615],[-109.479039,31.352705],[-109.478891,31.352783],[-109.478735,31.352847],[-109.478575,31.352901],[-109.478247,31.352996],[-109.477913,31.35308],[-109.477744,31.353117],[-109.477517,31.353153],[-109.477528,31.353824],[-109.477531,31.354035],[-109.477531,31.363528],[-109.477537,31.363616],[-109.477549,31.3637],[-109.47757,31.363779],[-109.477597,31.363852],[-109.47766,31.363977],[-109.477734,31.364094],[-109.477778,31.364149],[-109.479004,31.370305],[-109.478878,31.37077],[-109.478352,31.370797],[-109.477865,31.371056],[-109.477705,31.371083],[-109.477545,31.371045],[-109.477288,31.370891],[-109.476615,31.370919],[-109.476244,31.370996],[-109.476071,31.371188],[-109.475699,31.37181],[-109.475276,31.372261],[-109.475148,31.372327],[-109.474969,31.372453],[-109.474264,31.37275],[-109.474104,31.372888],[-109.473976,31.37308],[-109.473764,31.373235],[-109.473425,31.373312],[-109.472771,31.373295],[-109.472284,31.373339],[-109.471675,31.373515],[-109.471528,31.373609],[-109.471175,31.374022],[-109.470675,31.374296],[-109.470336,31.37472],[-109.469823,31.374951],[-109.469775,31.375],[-109.469695,31.375072],[-109.469604,31.375139],[-109.46945,31.375557],[-109.46929,31.375915],[-109.469066,31.3763],[-109.468662,31.376833],[-109.468611,31.377378],[-109.468586,31.37801],[-109.46858,31.378499],[-109.468644,31.37889],[-109.468625,31.379071],[-109.468093,31.379748],[-109.468074,31.37983],[-109.46808,31.380078],[-109.468061,31.380221],[-109.467971,31.380331],[-109.4676,31.380633],[-109.46744,31.380864],[-109.467252,31.381275],[-109.466904,31.381317],[-109.466765,31.381775],[-109.466582,31.382435],[-109.466276,31.383157],[-109.466012,31.383578],[-109.465955,31.383669],[-109.465855,31.383877],[-109.465739,31.384118],[-109.465599,31.384364],[-109.465553,31.384446],[-109.46515,31.384884],[-109.464777,31.385209],[-109.46449,31.385455],[-109.46437,31.385816],[-109.464502,31.386207],[-109.46452,31.38666],[-109.464437,31.387054],[-109.46454,31.387476],[-109.464673,31.387834],[-109.464811,31.388394],[-109.465143,31.388674],[-109.465319,31.388929],[-109.465425,31.389083],[-109.465413,31.389633],[-109.465564,31.390031],[-109.465715,31.390406],[-109.465418,31.390692],[-109.465146,31.391536],[-109.464871,31.392137],[-109.464564,31.392455],[-109.464191,31.392756],[-109.464113,31.392917],[-109.464512,31.393117],[-109.465077,31.393006],[-109.465716,31.392976],[-109.466236,31.393211],[-109.466435,31.393723],[-109.466476,31.393829],[-109.466521,31.394364],[-109.466432,31.394556],[-109.466724,31.394949],[-109.466884,31.395768],[-109.466882,31.396309],[-109.467079,31.396741],[-109.467227,31.396997],[-109.467287,31.3971],[-109.467504,31.397468],[-109.467797,31.397828],[-109.468066,31.397978],[-109.468615,31.398189],[-109.468895,31.398663],[-109.468941,31.399173],[-109.468944,31.399868],[-109.468445,31.400385],[-109.467914,31.400667],[-109.467152,31.40118],[-109.467009,31.40129],[-109.466898,31.401644],[-109.467211,31.401908],[-109.467455,31.402349],[-109.467707,31.402854],[-109.467961,31.403262],[-109.46834,31.403495],[-109.468509,31.403991],[-109.468574,31.404001],[-109.471379,31.404893],[-109.472073,31.405237],[-109.472447,31.405534],[-109.472545,31.406303],[-109.472548,31.406331],[-109.472581,31.406588],[-109.472849,31.407092],[-109.474719,31.408444],[-109.475047,31.408765],[-109.475093,31.40881],[-109.475334,31.409795],[-109.476083,31.411307],[-109.476323,31.411788],[-109.476484,31.41227],[-109.476911,31.413048],[-109.477152,31.413598],[-109.477633,31.4144],[-109.47757,31.415225],[-109.477553,31.415454],[-109.477687,31.415958],[-109.478302,31.41676],[-109.478502,31.417164],[-109.478589,31.41734],[-109.47926,31.417311],[-109.480075,31.417258],[-109.480172,31.417252],[-109.48039,31.417375],[-109.480991,31.417381],[-109.481885,31.417403],[-109.483687,31.417448],[-109.485486,31.417494],[-109.488406,31.417607],[-109.489061,31.41762],[-109.489166,31.417624],[-109.490343,31.417662],[-109.490603,31.41768],[-109.490966,31.41772],[-109.491457,31.417781],[-109.491581,31.417801],[-109.491714,31.417821],[-109.491901,31.417877],[-109.492275,31.418029],[-109.491663,31.418896],[-109.490158,31.421043],[-109.486965,31.425684],[-109.48528,31.428132],[-109.485612,31.42829],[-109.486673,31.428823],[-109.487592,31.429293],[-109.487827,31.429404],[-109.488067,31.429502],[-109.488189,31.429543],[-109.488313,31.429577],[-109.48844,31.429605],[-109.488569,31.429625],[-109.488957,31.429659],[-109.489131,31.429671],[-109.489401,31.429689],[-109.489486,31.429698],[-109.489557,31.429716],[-109.489615,31.429743],[-109.489658,31.429782],[-109.489686,31.42983],[-109.4897,31.429884],[-109.489696,31.430073],[-109.489665,31.430678],[-109.489585,31.432557],[-109.489395,31.437046],[-109.489365,31.43749],[-109.48934,31.437744],[-109.489265,31.438306],[-109.489185,31.438764],[-109.488966,31.439911],[-109.488875,31.440357],[-109.488803,31.440752],[-109.48873,31.441114],[-109.488655,31.441523],[-109.488373,31.442943],[-109.488071,31.444493],[-109.48786,31.445521],[-109.487819,31.445691],[-109.487772,31.445859],[-109.487717,31.446025],[-109.487653,31.446186],[-109.487634,31.446228],[-109.487582,31.446344],[-109.487503,31.446497],[-109.487417,31.446646],[-109.487324,31.446792],[-109.487223,31.446932],[-109.487115,31.447066],[-109.487,31.447194],[-109.48688,31.447317],[-109.486755,31.447432],[-109.486629,31.447532],[-109.486394,31.447692],[-109.485899,31.448008],[-109.485161,31.448446],[-109.483398,31.44947],[-109.480653,31.451044],[-109.480296,31.451249],[-109.479829,31.451528],[-109.480078,31.451807],[-109.480057,31.452723],[-109.480254,31.453025],[-109.480558,31.453299],[-109.481276,31.453951],[-109.482324,31.454651],[-109.482454,31.454712],[-109.482773,31.454856],[-109.482835,31.454884],[-109.483583,31.454998],[-109.484385,31.454975],[-109.485428,31.455181],[-109.486123,31.455478],[-109.486435,31.455745],[-109.487059,31.45628],[-109.48762,31.456623],[-109.487967,31.456669],[-109.48925,31.456531],[-109.490399,31.456301],[-109.491148,31.456324],[-109.492458,31.456942],[-109.494062,31.458225],[-109.494517,31.458499],[-109.494784,31.458591],[-109.497802,31.458524],[-109.499705,31.458852],[-109.501551,31.458817],[-109.503021,31.458713],[-109.503036,31.461763],[-109.503027,31.462266],[-109.503017,31.462421],[-109.502994,31.462749],[-109.502996,31.462845],[-109.503006,31.462943],[-109.503035,31.463144],[-109.503044,31.46324],[-109.503045,31.464022],[-109.503046,31.465161],[-109.503039,31.465237],[-109.50302,31.465306],[-109.502987,31.465369],[-109.50294,31.465424],[-109.502928,31.465433],[-109.508188,31.465454],[-109.510593,31.465457],[-109.511028,31.465471],[-109.511425,31.465372],[-109.527111,31.465724],[-109.527176,31.465675],[-109.527317,31.465593],[-109.527458,31.465565],[-109.527664,31.465593],[-109.527888,31.465675],[-109.527959,31.465743],[-109.528025,31.465744],[-109.53023,31.465789],[-109.530335,31.465791],[-109.539246,31.465969],[-109.544896,31.466083],[-109.548033,31.466023],[-109.552297,31.465991],[-109.552372,31.466037],[-109.572877,31.465864],[-109.587801,31.465739],[-109.591042,31.465752],[-109.593413,31.465956],[-109.594415,31.466403],[-109.59562,31.466942],[-109.596399,31.466935],[-109.596742,31.466548],[-109.596803,31.466461],[-109.597447,31.465779],[-109.597938,31.465779],[-109.598912,31.465779],[-109.599598,31.465787],[-109.604128,31.465806],[-109.604454,31.465807],[-109.605934,31.465813],[-109.610123,31.46583],[-109.611054,31.465834],[-109.615845,31.465863],[-109.616439,31.465898],[-109.63339,31.466008],[-109.646475,31.466053],[-109.646949,31.459389],[-109.647016,31.45214],[-109.641721,31.452087],[-109.638565,31.452055],[-109.634412,31.45201],[-109.632774,31.451992],[-109.630093,31.451964],[-109.630087,31.450849],[-109.630108,31.448471],[-109.630148,31.445579],[-109.630169,31.443656],[-109.630174,31.44316],[-109.630175,31.442858],[-109.630194,31.437324],[-109.630196,31.436959],[-109.630244,31.437013],[-109.630301,31.437059],[-109.630436,31.437141],[-109.630512,31.437179],[-109.630644,31.437234],[-109.630811,31.437292],[-109.631022,31.437328],[-109.631112,31.437332],[-109.633007,31.437334],[-109.641053,31.437346],[-109.646524,31.437372],[-109.652392,31.437398],[-109.663936,31.437179],[-109.664228,31.43716],[-109.67228,31.43724],[-109.690085,31.43752],[-109.698254,31.437678],[-109.699122,31.43769],[-109.707447,31.437682],[-109.720531,31.437591],[-109.732061,31.437553],[-109.76726,31.437721],[-109.772063,31.437744],[-109.817076,31.437961],[-109.817072,31.436466],[-109.818134,31.43739],[-109.819146,31.438252],[-109.81958,31.438595],[-109.819805,31.438761],[-109.820037,31.438923],[-109.820273,31.43908],[-109.820758,31.439383],[-109.821008,31.439526],[-109.824017,31.441136],[-109.825231,31.44179],[-109.825316,31.441834],[-109.826454,31.442432],[-109.826277,31.442597],[-109.826242,31.44273],[-109.826229,31.442844],[-109.826226,31.442988],[-109.826259,31.444394],[-109.826254,31.444525],[-109.826233,31.444658],[-109.826219,31.444712],[-109.826177,31.444871],[-109.824736,31.449825],[-109.824422,31.450882],[-109.823494,31.454063],[-109.82341,31.454354],[-109.822764,31.456568],[-109.822527,31.457359],[-109.822463,31.457592],[-109.822435,31.457711],[-109.822412,31.457832],[-109.822396,31.457956],[-109.822379,31.458205],[-109.822378,31.458822],[-109.822429,31.46104],[-109.822482,31.463347],[-109.822492,31.463793],[-109.822609,31.468674],[-109.822635,31.469767],[-109.822628,31.469924],[-109.822587,31.470248],[-109.822571,31.470504],[-109.822573,31.470682],[-109.822601,31.471065],[-109.82267,31.471732],[-109.822678,31.471846],[-109.822679,31.471959],[-109.822663,31.472301],[-109.822664,31.472534],[-109.822731,31.474972],[-109.822766,31.476224],[-109.822819,31.477605],[-109.822831,31.478305],[-109.822817,31.478663],[-109.822821,31.47884],[-109.822952,31.478822],[-109.823125,31.478767],[-109.823606,31.47842],[-109.823771,31.478328],[-109.823747,31.478999],[-109.823959,31.492575],[-109.824032,31.499663],[-109.824132,31.502682],[-109.824172,31.504588],[-109.824189,31.505412],[-109.824323,31.511885],[-109.824466,31.518716],[-109.829374,31.52557],[-109.82972,31.526052],[-109.834179,31.532276],[-109.842629,31.544073],[-109.848635,31.552457],[-109.851929,31.557056],[-109.851943,31.553227],[-109.875742,31.553276],[-109.887165,31.553347],[-109.912157,31.553284],[-109.915767,31.553262],[-109.943863,31.553188],[-109.95776,31.553135],[-109.962441,31.553215],[-109.980866,31.553533],[-109.988563,31.553666],[-110.003647,31.553955],[-110.012101,31.553555],[-110.014716,31.553442],[-110.014996,31.55343],[-110.025065,31.553342],[-110.05337,31.553073],[-110.053369,31.552519],[-110.053357,31.545161],[-110.053385,31.54385],[-110.053332,31.529075],[-110.053287,31.527222],[-110.053265,31.52023],[-110.053263,31.519511],[-110.053261,31.517089],[-110.053261,31.516851],[-110.05321,31.516018],[-110.053165,31.515293],[-110.053189,31.513644],[-110.053294,31.506431],[-110.053252,31.506274],[-110.053252,31.492031],[-110.053246,31.489122],[-110.053238,31.484829],[-110.053215,31.472436],[-110.053212,31.47098],[-110.053208,31.468642],[-110.050554,31.468631],[-110.041523,31.468591],[-110.041107,31.468626],[-110.040109,31.468621],[-110.039967,31.46862],[-110.034049,31.468604],[-110.018664,31.468561],[-110.015912,31.468553],[-110.012762,31.468545],[-110.007486,31.46853],[-110.003542,31.468519],[-110.003552,31.467335],[-110.003545,31.466299],[-110.003525,31.465963],[-110.003554,31.464197],[-110.003621,31.460139],[-110.003719,31.454269],[-110.003763,31.451595],[-110.003851,31.449908],[-110.003889,31.449337],[-110.004691,31.436145],[-110.004494,31.432524],[-110.004485,31.432368],[-110.004329,31.430729],[-110.004582,31.42634],[-110.004442,31.426293],[-110.004394,31.426245],[-110.004188,31.426039],[-110.003775,31.425835],[-110.003671,31.425726],[-110.003605,31.425137],[-110.003393,31.424295],[-110.003456,31.423995],[-110.003521,31.423685],[-110.003629,31.423475],[-110.003645,31.423473],[-110.00417,31.423406],[-110.004469,31.423412],[-110.004647,31.423415],[-110.005794,31.423437],[-110.006356,31.423388],[-110.006496,31.423395],[-110.007684,31.423457],[-110.01104,31.423463],[-110.011968,31.423452],[-110.012045,31.423427],[-110.012139,31.423427],[-110.020735,31.423414],[-110.0222,31.423409],[-110.03382,31.423367],[-110.037557,31.423354],[-110.037524,31.419969],[-110.037558,31.419227],[-110.037579,31.418831],[-110.037576,31.418368],[-110.037591,31.417935],[-110.037593,31.417768],[-110.037587,31.417719],[-110.037595,31.417538],[-110.037585,31.417453],[-110.037586,31.417389],[-110.037569,31.417163],[-110.037583,31.416976],[-110.037589,31.41635],[-110.037563,31.415988],[-110.037584,31.415605],[-110.037584,31.415314],[-110.037578,31.414997],[-110.037577,31.414344],[-110.03757,31.414033],[-110.037574,31.413949],[-110.037565,31.413794],[-110.037579,31.41374],[-110.037558,31.413676],[-110.037549,31.413608],[-110.037553,31.413538],[-110.037547,31.413292],[-110.037556,31.412984],[-110.037564,31.412914],[-110.037565,31.412867],[-110.037566,31.412779],[-110.037528,31.412586],[-110.037519,31.412521],[-110.037518,31.412458],[-110.037554,31.412113],[-110.037542,31.411702],[-110.037532,31.411605],[-110.037509,31.411503],[-110.037514,31.411478],[-110.03754,31.411432],[-110.037544,31.411405],[-110.037527,31.411329],[-110.037534,31.411242],[-110.037555,31.411139],[-110.037561,31.411002],[-110.037544,31.410782],[-110.037552,31.410315],[-110.03755,31.410195],[-110.03756,31.410141],[-110.037577,31.410092],[-110.037617,31.410004],[-110.037626,31.409958],[-110.037627,31.409792],[-110.037621,31.409468],[-110.03763,31.409238],[-110.037629,31.409136],[-110.03764,31.409097],[-110.037664,31.409048],[-110.03768,31.40902],[-110.037685,31.409004],[-110.037687,31.408962],[-110.037681,31.408921],[-110.03766,31.408804],[-110.037652,31.408731],[-110.037639,31.403221],[-110.037628,31.398843],[-110.03763,31.394515],[-110.037631,31.393707],[-110.037633,31.390039],[-110.037636,31.389978],[-110.037648,31.38977],[-110.037655,31.388779],[-110.037666,31.387312],[-110.037671,31.380954],[-110.037636,31.38054],[-110.037608,31.380469],[-110.037535,31.380344],[-110.037516,31.380281],[-110.037509,31.380204],[-110.037502,31.380135],[-110.037489,31.37985],[-110.038476,31.379923],[-110.039463,31.379937],[-110.043811,31.380004],[-110.043892,31.380004],[-110.045391,31.379998],[-110.048661,31.379998],[-110.048729,31.379998],[-110.050511,31.379995],[-110.055128,31.380001],[-110.057399,31.380004],[-110.05857,31.380019],[-110.059539,31.380057],[-110.061089,31.380164],[-110.06218,31.380275],[-110.063579,31.380457],[-110.06497,31.380679],[-110.065785,31.380798],[-110.066595,31.380889],[-110.067137,31.380934],[-110.067682,31.380966],[-110.068229,31.380983],[-110.068778,31.380986],[-110.069329,31.380973],[-110.069879,31.380944],[-110.070427,31.380901],[-110.070971,31.380847],[-110.072733,31.380594],[-110.073122,31.380538],[-110.073686,31.380457],[-110.074177,31.380386],[-110.075242,31.380256],[-110.076048,31.380171],[-110.076418,31.38014],[-110.07686,31.380103],[-110.077677,31.380051],[-110.07876,31.380007],[-110.079561,31.379991],[-110.084226,31.379982],[-110.08837,31.379983],[-110.08904,31.379983],[-110.09033,31.379984],[-110.096794,31.379987],[-110.101087,31.379988],[-110.102451,31.379989],[-110.103678,31.379989],[-110.105817,31.379986],[-110.106896,31.379984],[-110.108385,31.379981],[-110.111132,31.379977],[-110.111153,31.380222],[-110.111077,31.380849],[-110.111077,31.381146],[-110.111244,31.381899],[-110.111231,31.382213],[-110.111135,31.382477],[-110.110937,31.382867],[-110.110687,31.383203],[-110.110303,31.383484],[-110.109796,31.383797],[-110.109489,31.383951],[-110.108947,31.384157],[-110.10888,31.384183],[-110.108598,31.384298],[-110.108418,31.384386],[-110.108053,31.384661],[-110.107873,31.384909],[-110.107348,31.385718],[-110.107118,31.386147],[-110.1069,31.386466],[-110.106682,31.386911],[-110.106451,31.387285],[-110.106214,31.387703],[-110.106118,31.387973],[-110.106035,31.388298],[-110.106029,31.388589],[-110.1061,31.38888],[-110.10626,31.389067],[-110.106484,31.389293],[-110.10676,31.389491],[-110.1076,31.389864],[-110.108479,31.390348],[-110.108985,31.390645],[-110.109236,31.390909],[-110.109351,31.391255],[-110.109306,31.391558],[-110.109185,31.391712],[-110.108877,31.391948],[-110.10823,31.392361],[-110.107922,31.392598],[-110.107614,31.392939],[-110.107224,31.393395],[-110.106987,31.393714],[-110.106762,31.394044],[-110.106647,31.394193],[-110.106506,31.394408],[-110.108031,31.394469],[-110.108811,31.394483],[-110.109585,31.394478],[-110.110697,31.394477],[-110.111728,31.394473],[-110.11273,31.394466],[-110.113958,31.394476],[-110.114522,31.394474],[-110.114686,31.394473],[-110.117391,31.394478],[-110.118005,31.394476],[-110.118204,31.394476],[-110.119297,31.394473],[-110.121401,31.394468],[-110.122326,31.394478],[-110.122336,31.401799],[-110.122336,31.40184],[-110.122336,31.40203],[-110.12234,31.405308],[-110.122334,31.408933],[-110.122333,31.409092],[-110.126228,31.409092],[-110.129579,31.409093],[-110.131808,31.409093],[-110.131958,31.409089],[-110.132251,31.409089],[-110.132388,31.409093],[-110.133855,31.409088],[-110.134284,31.409086],[-110.136493,31.4091],[-110.14044,31.409087],[-110.140858,31.409086],[-110.142449,31.4091],[-110.14277,31.409096],[-110.143553,31.409101],[-110.143995,31.409102],[-110.147851,31.409099],[-110.148943,31.409098],[-110.151922,31.409096],[-110.160313,31.409088],[-110.160385,31.409088],[-110.161393,31.409087],[-110.164604,31.409084],[-110.166761,31.409082],[-110.168991,31.40908],[-110.172921,31.409071],[-110.173157,31.409071],[-110.177366,31.409075],[-110.181518,31.409079],[-110.185445,31.409089],[-110.190046,31.409088],[-110.194149,31.4091],[-110.20155,31.409158],[-110.202213,31.409147],[-110.203235,31.409155],[-110.205023,31.409159],[-110.206106,31.409161],[-110.206871,31.409175],[-110.207097,31.409171],[-110.207964,31.409158],[-110.20814,31.409158],[-110.211243,31.409164],[-110.213346,31.409151],[-110.215231,31.409161],[-110.215342,31.409159],[-110.215935,31.409151],[-110.22382,31.409151],[-110.223902,31.409151],[-110.225436,31.409151],[-110.225895,31.409154],[-110.226279,31.409156],[-110.227983,31.409168],[-110.228743,31.409155],[-110.228783,31.409154],[-110.229486,31.409168],[-110.230718,31.409173],[-110.23105,31.409175],[-110.231562,31.409144],[-110.232095,31.409079],[-110.232217,31.409084],[-110.232676,31.409059],[-110.233027,31.409057],[-110.233715,31.409052],[-110.233823,31.409052],[-110.234274,31.409001],[-110.234957,31.408809],[-110.23607,31.40841],[-110.236446,31.408294],[-110.236828,31.408201],[-110.237211,31.408164],[-110.237607,31.408184],[-110.237744,31.408201],[-110.238003,31.408259],[-110.238379,31.408406],[-110.238509,31.408492],[-110.238625,31.408529],[-110.238972,31.408708],[-110.239082,31.408765],[-110.239424,31.408908],[-110.239779,31.408987],[-110.240744,31.409077],[-110.24074,31.408187],[-110.240744,31.407468],[-110.240743,31.406046],[-110.240743,31.405182],[-110.240742,31.402992],[-110.240737,31.402419],[-110.240723,31.401999],[-110.240706,31.401791],[-110.240683,31.401585],[-110.240654,31.40138],[-110.240585,31.401023],[-110.240573,31.400977],[-110.240565,31.400935],[-110.240477,31.40059],[-110.240438,31.400467],[-110.240359,31.400214],[-110.240321,31.400113],[-110.240221,31.399846],[-110.240119,31.399616],[-110.240061,31.399487],[-110.23995,31.399266],[-110.239884,31.399135],[-110.239689,31.398792],[-110.239583,31.398622],[-110.239471,31.398455],[-110.239353,31.39829],[-110.239103,31.397965],[-110.238836,31.397649],[-110.238694,31.397495],[-110.238542,31.397339],[-110.2382,31.397014],[-110.237911,31.39676],[-110.237852,31.396712],[-110.235925,31.395143],[-110.235099,31.394471],[-110.234797,31.394225],[-110.233685,31.393316],[-110.233533,31.393181],[-110.23335,31.393019],[-110.232855,31.392551],[-110.232532,31.392223],[-110.232063,31.391722],[-110.231997,31.391649],[-110.229868,31.389313],[-110.229058,31.388432],[-110.228222,31.387513],[-110.22668,31.385819],[-110.226456,31.385577],[-110.226106,31.385198],[-110.225783,31.384858],[-110.225451,31.38453],[-110.225282,31.384372],[-110.224938,31.384067],[-110.22459,31.383775],[-110.224413,31.383637],[-110.223897,31.383254],[-110.223696,31.383111],[-110.223328,31.382864],[-110.223139,31.382744],[-110.222751,31.382508],[-110.222553,31.382392],[-110.222226,31.382212],[-110.221729,31.381954],[-110.221516,31.381852],[-110.221132,31.381679],[-110.220863,31.381559],[-110.220642,31.381467],[-110.220194,31.381292],[-110.219739,31.381129],[-110.21928,31.380979],[-110.219048,31.380909],[-110.218584,31.38078],[-110.21835,31.380721],[-110.217644,31.380562],[-110.216687,31.380381],[-110.21621,31.380295],[-110.215737,31.380215],[-110.215262,31.380146],[-110.215035,31.380113],[-110.214568,31.380059],[-110.213871,31.379999],[-110.213405,31.379971],[-110.212935,31.379955],[-110.212223,31.379946],[-110.210353,31.379944],[-110.207083,31.379941],[-110.207083,31.37979],[-110.207081,31.376839],[-110.207078,31.37327],[-110.207078,31.372766],[-110.207077,31.37243],[-110.207075,31.369591],[-110.207077,31.367825],[-110.207078,31.365401],[-110.207076,31.364515],[-110.207073,31.363039],[-110.207071,31.361827],[-110.207075,31.360004],[-110.207068,31.358762],[-110.20707,31.358251],[-110.207071,31.358077],[-110.207072,31.357864],[-110.207072,31.357296],[-110.207068,31.355968],[-110.207066,31.355327],[-110.207069,31.352752],[-110.207066,31.352164],[-110.207064,31.35184],[-110.207063,31.351704],[-110.207069,31.351574],[-110.207087,31.351459],[-110.207117,31.351357],[-110.207162,31.351265],[-110.207221,31.351182],[-110.207293,31.351111],[-110.207377,31.351051],[-110.20747,31.351002],[-110.207573,31.350968],[-110.20768,31.350947],[-110.207789,31.35094],[-110.208355,31.350936],[-110.208618,31.350936],[-110.210683,31.350937],[-110.214734,31.350945],[-110.215043,31.350938],[-110.215187,31.350928],[-110.215323,31.35091],[-110.215453,31.350885],[-110.215693,31.350817],[-110.215924,31.350737],[-110.216039,31.350689],[-110.216152,31.350635],[-110.216262,31.350575],[-110.216587,31.350374],[-110.217566,31.349755],[-110.218413,31.34922],[-110.218664,31.349072],[-110.218922,31.34894],[-110.219056,31.34888],[-110.219335,31.348773],[-110.219625,31.348679],[-110.219775,31.348639],[-110.220082,31.34857],[-110.220239,31.348544],[-110.220398,31.348523],[-110.220557,31.348508],[-110.220877,31.348494],[-110.223769,31.348434],[-110.224017,31.348432],[-110.224175,31.34844],[-110.224301,31.348462],[-110.224508,31.348513],[-110.224551,31.348523],[-110.22574,31.348838],[-110.227788,31.349371],[-110.228318,31.349517],[-110.229123,31.349729],[-110.229515,31.349828],[-110.229624,31.349862],[-110.229832,31.349906],[-110.230044,31.34995],[-110.230308,31.34999],[-110.230574,31.350023],[-110.230979,31.350056],[-110.231253,31.350063],[-110.23139,31.350063],[-110.233841,31.350002],[-110.235217,31.349982],[-110.235498,31.349969],[-110.235565,31.349962],[-110.235636,31.349954],[-110.235771,31.34993],[-110.235902,31.349898],[-110.23603,31.349856],[-110.236154,31.349808],[-110.236273,31.349753],[-110.236386,31.34969],[-110.236496,31.34962],[-110.2366,31.34954],[-110.236701,31.349455],[-110.236796,31.349363],[-110.236884,31.349264],[-110.236941,31.349184],[-110.237112,31.348942],[-110.23735,31.348623],[-110.237435,31.34852],[-110.237529,31.348422],[-110.237632,31.34833],[-110.237747,31.348245],[-110.237873,31.348172],[-110.238006,31.348108],[-110.238323,31.347973],[-110.238402,31.347939],[-110.238527,31.34789],[-110.238651,31.347849],[-110.238774,31.34782],[-110.238867,31.347805],[-110.239015,31.347786],[-110.239112,31.347777],[-110.239435,31.348812],[-110.239664,31.34918],[-110.240209,31.349687],[-110.24112,31.350264],[-110.242492,31.351668],[-110.244468,31.35312],[-110.244595,31.353396],[-110.244763,31.354155],[-110.244971,31.354363],[-110.247506,31.355081],[-110.248833,31.35598],[-110.250217,31.356168],[-110.253241,31.357055],[-110.259085,31.359229],[-110.264693,31.361137],[-110.265635,31.359478],[-110.267225,31.359537],[-110.267613,31.35956],[-110.26801,31.359636],[-110.26836,31.359982],[-110.268866,31.360189],[-110.269597,31.360159],[-110.270679,31.360546],[-110.272384,31.361254],[-110.273801,31.362443],[-110.2742,31.362528],[-110.275076,31.362715],[-110.27748,31.363814],[-110.277904,31.364277],[-110.278457,31.364568],[-110.278815,31.364959],[-110.279869,31.365068],[-110.281815,31.365808],[-110.282377,31.36579],[-110.283085,31.366171],[-110.283389,31.366259],[-110.284017,31.366732],[-110.284465,31.367702],[-110.286375,31.367572],[-110.287006,31.36692],[-110.287447,31.365799],[-110.287743,31.365543],[-110.287993,31.364611],[-110.287723,31.363991],[-110.287752,31.363433],[-110.288359,31.362647],[-110.289218,31.3607],[-110.288961,31.358416],[-110.286683,31.355683],[-110.286248,31.353176],[-110.287201,31.352589],[-110.28722,31.352599],[-110.287264,31.352633],[-110.287297,31.352673],[-110.287319,31.352719],[-110.287328,31.352769],[-110.287326,31.352823],[-110.287312,31.352879],[-110.287288,31.352937],[-110.287256,31.352998],[-110.287083,31.353278],[-110.287035,31.353346],[-110.286952,31.35349],[-110.286919,31.353563],[-110.286895,31.353637],[-110.286879,31.353711],[-110.286877,31.353785],[-110.286894,31.35386],[-110.286929,31.353933],[-110.287025,31.354078],[-110.287072,31.354156],[-110.287234,31.354488],[-110.287327,31.354644],[-110.287585,31.355017],[-110.287639,31.355083],[-110.287702,31.355144],[-110.287776,31.355199],[-110.288509,31.35565],[-110.288657,31.355754],[-110.288788,31.35587],[-110.288846,31.355931],[-110.288899,31.355994],[-110.288946,31.356059],[-110.28909,31.356316],[-110.289128,31.356377],[-110.289177,31.356432],[-110.289238,31.356477],[-110.289309,31.356513],[-110.289387,31.356542],[-110.289742,31.35664],[-110.289923,31.356696],[-110.290182,31.356796],[-110.290262,31.356833],[-110.290337,31.356873],[-110.290407,31.356917],[-110.290469,31.356964],[-110.290679,31.357145],[-110.290732,31.357179],[-110.290793,31.357204],[-110.290862,31.357221],[-110.291027,31.357252],[-110.291298,31.35732],[-110.291677,31.35743],[-110.291957,31.35753],[-110.292136,31.357604],[-110.292304,31.357684],[-110.292532,31.357808],[-110.292663,31.357897],[-110.29272,31.357945],[-110.29277,31.357995],[-110.292812,31.358048],[-110.292843,31.358102],[-110.292862,31.358161],[-110.292869,31.358221],[-110.292865,31.358283],[-110.292853,31.358345],[-110.29278,31.358581],[-110.292776,31.358638],[-110.292794,31.358693],[-110.29283,31.358744],[-110.292882,31.358786],[-110.293078,31.358901],[-110.293258,31.359027],[-110.293321,31.359063],[-110.293395,31.359088],[-110.293435,31.359096],[-110.293478,31.359107],[-110.293527,31.359113],[-110.293652,31.359133],[-110.293741,31.359155],[-110.293825,31.359186],[-110.293903,31.359224],[-110.293972,31.359268],[-110.294032,31.359315],[-110.294082,31.35937],[-110.294126,31.359429],[-110.294252,31.359631],[-110.294359,31.359763],[-110.294478,31.359887],[-110.294543,31.359941],[-110.294749,31.360083],[-110.29494,31.360237],[-110.295009,31.360281],[-110.295082,31.360319],[-110.295154,31.360351],[-110.295306,31.360395],[-110.295385,31.360403],[-110.295465,31.360403],[-110.295623,31.360394],[-110.295699,31.360395],[-110.295773,31.360404],[-110.295841,31.360422],[-110.295904,31.360448],[-110.295962,31.360484],[-110.296015,31.360529],[-110.296064,31.360582],[-110.29615,31.360699],[-110.296264,31.360884],[-110.296309,31.36094],[-110.296363,31.360986],[-110.296427,31.361023],[-110.296502,31.361048],[-110.296585,31.361065],[-110.297055,31.361122],[-110.297504,31.361203],[-110.297595,31.361212],[-110.297691,31.361214],[-110.297789,31.361209],[-110.298092,31.361177],[-110.298289,31.361167],[-110.298384,31.361167],[-110.298479,31.361172],[-110.298665,31.361194],[-110.298754,31.361211],[-110.298842,31.361234],[-110.298927,31.361264],[-110.299088,31.361335],[-110.299164,31.361376],[-110.299308,31.361465],[-110.299378,31.361513],[-110.299443,31.361565],[-110.299504,31.361623],[-110.29956,31.361687],[-110.299909,31.362154],[-110.300043,31.3623],[-110.300112,31.362363],[-110.300181,31.362416],[-110.300235,31.36245],[-110.300252,31.362461],[-110.300322,31.362497],[-110.300394,31.362525],[-110.300469,31.362548],[-110.300549,31.362565],[-110.300637,31.362573],[-110.300712,31.362579],[-110.300796,31.362579],[-110.300882,31.362573],[-110.301333,31.362521],[-110.301846,31.362469],[-110.301917,31.362451],[-110.301983,31.362424],[-110.302045,31.362388],[-110.302229,31.362266],[-110.302297,31.362234],[-110.302372,31.362207],[-110.302455,31.362186],[-110.302547,31.362169],[-110.302646,31.362157],[-110.302854,31.362151],[-110.303065,31.362165],[-110.303287,31.362189],[-110.304461,31.362341],[-110.304688,31.362384],[-110.305228,31.362498],[-110.305784,31.362645],[-110.30587,31.362662],[-110.30596,31.362667],[-110.306051,31.362661],[-110.306423,31.362584],[-110.306519,31.362575],[-110.306616,31.362575],[-110.306712,31.362582],[-110.306804,31.362597],[-110.307063,31.362665],[-110.307148,31.362681],[-110.307326,31.362688],[-110.307694,31.36268],[-110.307875,31.362688],[-110.307963,31.362697],[-110.30813,31.362723],[-110.308293,31.362762],[-110.308612,31.362868],[-110.308946,31.362991],[-110.309027,31.363025],[-110.309102,31.363065],[-110.309169,31.363113],[-110.309223,31.363169],[-110.309264,31.363231],[-110.309292,31.363299],[-110.309326,31.363434],[-110.309349,31.363522],[-110.309381,31.363604],[-110.30946,31.363771],[-110.309544,31.363928],[-110.309632,31.36406],[-110.309682,31.364112],[-110.309743,31.364153],[-110.30981,31.364181],[-110.309963,31.364219],[-110.310044,31.364245],[-110.310119,31.364284],[-110.31019,31.364336],[-110.310256,31.3644],[-110.310317,31.364473],[-110.310369,31.364549],[-110.310414,31.364627],[-110.310451,31.364703],[-110.310508,31.364848],[-110.310541,31.364913],[-110.310588,31.364967],[-110.31065,31.365003],[-110.31072,31.365022],[-110.310791,31.365025],[-110.310863,31.365015],[-110.310939,31.364996],[-110.311394,31.364837],[-110.312021,31.364605],[-110.312292,31.364521],[-110.312386,31.364498],[-110.312581,31.364467],[-110.312782,31.364454],[-110.312881,31.364456],[-110.312979,31.364466],[-110.313072,31.364485],[-110.31316,31.364514],[-110.31324,31.364552],[-110.313311,31.364598],[-110.313374,31.36465],[-110.313525,31.36481],[-110.313584,31.364854],[-110.313654,31.364886],[-110.313731,31.364905],[-110.313811,31.36491],[-110.313852,31.364907],[-110.31389,31.364903],[-110.313943,31.364894],[-110.314214,31.364839],[-110.314293,31.364827],[-110.314444,31.364818],[-110.314589,31.364825],[-110.314725,31.364845],[-110.314928,31.364891],[-110.315443,31.365042],[-110.315958,31.365186],[-110.317043,31.365538],[-110.317139,31.365564],[-110.317236,31.365582],[-110.317333,31.365591],[-110.31743,31.365591],[-110.317525,31.365583],[-110.317617,31.365567],[-110.317959,31.365477],[-110.318044,31.365464],[-110.318131,31.365459],[-110.318218,31.365466],[-110.3183,31.365486],[-110.318376,31.365517],[-110.318445,31.365557],[-110.318505,31.365603],[-110.318556,31.365655],[-110.318595,31.365713],[-110.318623,31.365777],[-110.318641,31.365845],[-110.318678,31.366048],[-110.318704,31.366106],[-110.318743,31.366155],[-110.318795,31.366192],[-110.318855,31.366213],[-110.31892,31.366221],[-110.31899,31.366218],[-110.319238,31.366182],[-110.319337,31.366176],[-110.319443,31.366177],[-110.319549,31.366186],[-110.319656,31.366202],[-110.319759,31.366229],[-110.319856,31.366263],[-110.319943,31.366304],[-110.320017,31.366353],[-110.320079,31.366407],[-110.320131,31.36647],[-110.320175,31.36654],[-110.320212,31.366616],[-110.320242,31.366696],[-110.320264,31.366782],[-110.320276,31.366869],[-110.320299,31.367226],[-110.320327,31.367395],[-110.32035,31.367472],[-110.32038,31.36754],[-110.320416,31.367599],[-110.320464,31.367647],[-110.320521,31.367679],[-110.320586,31.367694],[-110.320654,31.367693],[-110.320723,31.367682],[-110.320794,31.367661],[-110.320843,31.367642],[-110.321025,31.367574],[-110.32119,31.367528],[-110.321272,31.367513],[-110.321352,31.367506],[-110.321433,31.367506],[-110.321514,31.367511],[-110.321594,31.367523],[-110.321674,31.367541],[-110.321754,31.367566],[-110.32209,31.367696],[-110.322707,31.3679],[-110.322785,31.367939],[-110.322855,31.367985],[-110.322916,31.368039],[-110.322971,31.368099],[-110.323123,31.368298],[-110.323188,31.368362],[-110.323561,31.368667],[-110.323627,31.368728],[-110.323683,31.36879],[-110.323726,31.368855],[-110.323756,31.368923],[-110.32377,31.368993],[-110.323771,31.369064],[-110.323748,31.369273],[-110.323754,31.369343],[-110.323779,31.369411],[-110.323828,31.369474],[-110.323893,31.369531],[-110.323964,31.369584],[-110.324115,31.369682],[-110.324199,31.369727],[-110.324375,31.369804],[-110.324468,31.369836],[-110.324564,31.369862],[-110.324861,31.36993],[-110.324958,31.369958],[-110.325143,31.370029],[-110.325228,31.37007],[-110.325305,31.370116],[-110.325374,31.370167],[-110.325434,31.370224],[-110.325547,31.370347],[-110.325611,31.370407],[-110.325687,31.370457],[-110.325771,31.370497],[-110.325862,31.370526],[-110.325956,31.370546],[-110.326459,31.37062],[-110.326558,31.37064],[-110.326756,31.37069],[-110.327266,31.370831],[-110.327464,31.370894],[-110.327657,31.370968],[-110.32784,31.371057],[-110.327925,31.371108],[-110.328002,31.371163],[-110.328072,31.371223],[-110.328135,31.371286],[-110.32819,31.371351],[-110.328238,31.37142],[-110.328282,31.371494],[-110.328485,31.371905],[-110.32853,31.371985],[-110.32858,31.372062],[-110.328636,31.372135],[-110.328698,31.372203],[-110.328764,31.372265],[-110.328835,31.372321],[-110.328911,31.372371],[-110.32899,31.372414],[-110.329072,31.37245],[-110.329157,31.372477],[-110.329246,31.372496],[-110.329336,31.372505],[-110.329513,31.372505],[-110.329698,31.372485],[-110.330092,31.372435],[-110.330208,31.372418],[-110.330879,31.372321],[-110.331109,31.372275],[-110.331266,31.372234],[-110.331421,31.372186],[-110.332411,31.371826],[-110.332848,31.371665],[-110.33323,31.371524],[-110.334199,31.371175],[-110.334778,31.370954],[-110.336353,31.370363],[-110.337813,31.369822],[-110.338408,31.369591],[-110.341327,31.368525],[-110.34151,31.368468],[-110.341601,31.368447],[-110.341692,31.368433],[-110.341783,31.368427],[-110.341872,31.368431],[-110.341958,31.368443],[-110.342044,31.368462],[-110.342129,31.36849],[-110.342212,31.368528],[-110.34227,31.36856],[-110.342295,31.368574],[-110.34245,31.368685],[-110.342467,31.368699],[-110.342766,31.368944],[-110.342929,31.369085],[-110.343414,31.369527],[-110.34388,31.369976],[-110.343958,31.370042],[-110.34404,31.370101],[-110.344128,31.370152],[-110.344227,31.370192],[-110.344331,31.370223],[-110.344865,31.370344],[-110.345148,31.370422],[-110.345232,31.370454],[-110.345308,31.370494],[-110.345375,31.370543],[-110.345431,31.3706],[-110.345511,31.370735],[-110.345537,31.370807],[-110.345627,31.371236],[-110.345683,31.371414],[-110.345754,31.371587],[-110.345794,31.37167],[-110.345956,31.371978],[-110.345987,31.372049],[-110.34601,31.372121],[-110.34602,31.37219],[-110.346015,31.372257],[-110.345997,31.372319],[-110.345922,31.372483],[-110.345904,31.372533],[-110.345896,31.372582],[-110.345899,31.372627],[-110.34592,31.372701],[-110.345936,31.372734],[-110.345952,31.372755],[-110.345978,31.372791],[-110.346038,31.372837],[-110.346079,31.372852],[-110.346128,31.372864],[-110.346256,31.372876],[-110.346329,31.372889],[-110.346402,31.372907],[-110.346476,31.372936],[-110.346548,31.372974],[-110.346612,31.373021],[-110.346666,31.373074],[-110.346708,31.373131],[-110.346735,31.373194],[-110.346746,31.373259],[-110.346742,31.373325],[-110.346725,31.373388],[-110.3467,31.373446],[-110.346593,31.373629],[-110.34658,31.373664],[-110.346576,31.373696],[-110.346579,31.373731],[-110.346592,31.373768],[-110.346612,31.373805],[-110.346644,31.373843],[-110.346686,31.37388],[-110.346734,31.373913],[-110.346787,31.373943],[-110.34716,31.374121],[-110.347613,31.374364],[-110.347771,31.374424],[-110.34785,31.374445],[-110.347954,31.374462],[-110.348271,31.37449],[-110.348375,31.374504],[-110.348477,31.374529],[-110.348577,31.374559],[-110.348675,31.374596],[-110.349047,31.374768],[-110.349143,31.374795],[-110.349241,31.374806],[-110.349339,31.374802],[-110.349433,31.374784],[-110.349525,31.374755],[-110.349615,31.374718],[-110.349797,31.374627],[-110.349871,31.374584],[-110.349978,31.374522],[-110.350339,31.374291],[-110.350437,31.374236],[-110.350539,31.374188],[-110.350645,31.374149],[-110.350754,31.374123],[-110.350865,31.374109],[-110.350977,31.374107],[-110.351087,31.374116],[-110.351199,31.374132],[-110.351539,31.37419],[-110.351654,31.374202],[-110.351712,31.374205],[-110.351768,31.374208],[-110.35188,31.374209],[-110.352392,31.374187],[-110.352607,31.37417],[-110.35272,31.374155],[-110.35319,31.374055],[-110.353313,31.374038],[-110.353563,31.374013],[-110.354046,31.373993],[-110.354283,31.37399],[-110.354399,31.373993],[-110.354515,31.374001],[-110.354631,31.374015],[-110.35475,31.374035],[-110.355001,31.374086],[-110.355387,31.374173],[-110.356289,31.374405],[-110.35702,31.374568],[-110.357365,31.37465],[-110.357583,31.374711],[-110.357776,31.374781],[-110.35786,31.37482],[-110.357935,31.374863],[-110.357999,31.374912],[-110.358051,31.374968],[-110.358091,31.37503],[-110.358122,31.375095],[-110.358146,31.375164],[-110.358201,31.375371],[-110.358226,31.375439],[-110.358292,31.375571],[-110.35838,31.375694],[-110.35853,31.375865],[-110.358668,31.376036],[-110.358706,31.376092],[-110.358738,31.376148],[-110.358759,31.376206],[-110.358773,31.376263],[-110.358781,31.376319],[-110.358782,31.376374],[-110.358771,31.376425],[-110.358748,31.376472],[-110.358616,31.376641],[-110.3586,31.376682],[-110.358601,31.376727],[-110.358619,31.37677],[-110.358652,31.376807],[-110.358694,31.376833],[-110.358744,31.376849],[-110.3588,31.376856],[-110.358869,31.376853],[-110.358928,31.376843],[-110.358949,31.376844],[-110.359121,31.376794],[-110.359307,31.376728],[-110.359489,31.376648],[-110.359581,31.376614],[-110.359677,31.37659],[-110.359777,31.376577],[-110.359882,31.376572],[-110.360095,31.376575],[-110.360409,31.376599],[-110.36051,31.376611],[-110.360706,31.376648],[-110.360798,31.376676],[-110.360886,31.376713],[-110.360969,31.376759],[-110.361046,31.376815],[-110.361118,31.376879],[-110.361393,31.377171],[-110.36151,31.377312],[-110.361729,31.377604],[-110.36194,31.37791],[-110.361998,31.377978],[-110.362061,31.378039],[-110.362271,31.378195],[-110.362336,31.37825],[-110.362391,31.378309],[-110.362432,31.378374],[-110.362459,31.378441],[-110.362475,31.37851],[-110.362482,31.37858],[-110.36248,31.37865],[-110.362469,31.378721],[-110.362434,31.378871],[-110.362368,31.379106],[-110.362244,31.379449],[-110.362227,31.379512],[-110.362222,31.379577],[-110.362233,31.379646],[-110.362262,31.379714],[-110.362307,31.379783],[-110.362404,31.379904],[-110.362458,31.379961],[-110.362513,31.38001],[-110.362572,31.38005],[-110.362631,31.38008],[-110.36269,31.380102],[-110.362803,31.380122],[-110.362899,31.380125],[-110.362995,31.380118],[-110.363067,31.380106],[-110.363142,31.380078],[-110.363182,31.380052],[-110.363223,31.380016],[-110.363391,31.379786],[-110.363441,31.379724],[-110.363557,31.379605],[-110.363674,31.379497],[-110.363809,31.379373],[-110.363923,31.379249],[-110.363971,31.379186],[-110.364092,31.378991],[-110.364197,31.378793],[-110.364259,31.378664],[-110.364341,31.378472],[-110.364517,31.378021],[-110.364655,31.377709],[-110.364891,31.377126],[-110.364963,31.376979],[-110.365007,31.376909],[-110.365058,31.376843],[-110.365119,31.376782],[-110.36519,31.376728],[-110.365269,31.376685],[-110.365357,31.376654],[-110.365451,31.376637],[-110.365546,31.376637],[-110.36564,31.37665],[-110.365735,31.376678],[-110.365829,31.376721],[-110.365925,31.376777],[-110.366019,31.376841],[-110.366109,31.376909],[-110.366358,31.377113],[-110.366443,31.377172],[-110.366535,31.377222],[-110.366634,31.377261],[-110.366736,31.377291],[-110.366839,31.37731],[-110.366942,31.377321],[-110.367773,31.377381],[-110.36954,31.377524],[-110.37008,31.377561],[-110.370343,31.377571],[-110.3706,31.377568],[-110.370851,31.377544],[-110.371597,31.377444],[-110.372319,31.377329],[-110.372436,31.377318],[-110.372668,31.377308],[-110.372783,31.377309],[-110.373021,31.377317],[-110.374016,31.377352],[-110.374653,31.377382],[-110.375537,31.377408],[-110.375994,31.377428],[-110.376316,31.377457],[-110.377109,31.377562],[-110.377512,31.377609],[-110.377806,31.377638],[-110.378481,31.377727],[-110.378573,31.377744],[-110.378743,31.377786],[-110.37897,31.377864],[-110.379103,31.377923],[-110.379381,31.378074],[-110.379408,31.378084],[-110.379443,31.378097],[-110.379509,31.378109],[-110.379578,31.378113],[-110.37965,31.378106],[-110.379725,31.378091],[-110.379803,31.378066],[-110.379883,31.378032],[-110.380055,31.377946],[-110.380598,31.377659],[-110.380784,31.377574],[-110.380973,31.377502],[-110.381068,31.37747],[-110.381252,31.377417],[-110.381504,31.377363],[-110.381744,31.377321],[-110.382288,31.377237],[-110.382406,31.377207],[-110.382502,31.377174],[-110.38261,31.377125],[-110.3828,31.377016],[-110.383086,31.376806],[-110.383224,31.37671],[-110.383262,31.376679],[-110.383306,31.376654],[-110.383386,31.376599],[-110.383542,31.376498],[-110.383624,31.376452],[-110.383705,31.376415],[-110.383789,31.376386],[-110.383876,31.376366],[-110.383964,31.376357],[-110.384053,31.376355],[-110.384143,31.376362],[-110.384326,31.376397],[-110.385247,31.376669],[-110.385959,31.376891],[-110.386965,31.377197],[-110.387329,31.377311],[-110.38752,31.377367],[-110.388434,31.377655],[-110.388544,31.377685],[-110.388656,31.377707],[-110.388768,31.377721],[-110.388883,31.377726],[-110.388999,31.377719],[-110.389116,31.377703],[-110.389233,31.377681],[-110.390063,31.377479],[-110.390563,31.377363],[-110.390968,31.377277],[-110.391558,31.377145],[-110.391653,31.377124],[-110.391784,31.377099],[-110.39229,31.376972],[-110.392672,31.376882],[-110.393711,31.376651],[-110.39433,31.376507],[-110.394663,31.376436],[-110.394981,31.376368],[-110.39523,31.376324],[-110.39548,31.376291],[-110.396088,31.376236],[-110.39669,31.376169],[-110.396924,31.376153],[-110.397037,31.376151],[-110.397146,31.376154],[-110.397251,31.376165],[-110.397349,31.376188],[-110.397441,31.37622],[-110.397527,31.376262],[-110.397608,31.376312],[-110.397686,31.376369],[-110.397921,31.376561],[-110.398004,31.376619],[-110.398093,31.376666],[-110.398185,31.376702],[-110.398281,31.376727],[-110.398378,31.37674],[-110.398478,31.376743],[-110.398674,31.376737],[-110.398768,31.376741],[-110.398856,31.376753],[-110.398937,31.376776],[-110.399013,31.376814],[-110.399086,31.376864],[-110.399157,31.376923],[-110.399374,31.377129],[-110.399529,31.377297],[-110.399599,31.377387],[-110.39966,31.377479],[-110.399714,31.377572],[-110.399801,31.37776],[-110.399872,31.37795],[-110.400025,31.378444],[-110.4001,31.378642],[-110.400143,31.378738],[-110.400243,31.378919],[-110.400299,31.379002],[-110.40042,31.379159],[-110.400487,31.379234],[-110.400561,31.379306],[-110.400717,31.379442],[-110.400797,31.379504],[-110.402063,31.3804],[-110.402134,31.380422],[-110.402201,31.380424],[-110.402226,31.38042],[-110.40226,31.38041],[-110.402288,31.380396],[-110.402313,31.38038],[-110.402334,31.380362],[-110.402347,31.380347],[-110.402363,31.380326],[-110.402381,31.380272],[-110.402441,31.380144],[-110.403023,31.379104],[-110.403123,31.378905],[-110.403164,31.378808],[-110.403228,31.378606],[-110.403467,31.378889],[-110.404923,31.382532],[-110.404941,31.383076],[-110.405969,31.384848],[-110.406401,31.385604],[-110.411548,31.394442],[-110.413371,31.397573],[-110.41377,31.398276],[-110.41481,31.400088],[-110.414986,31.400376],[-110.415048,31.400466],[-110.415115,31.400553],[-110.415188,31.400636],[-110.415267,31.400714],[-110.415351,31.400788],[-110.415532,31.400926],[-110.415722,31.401051],[-110.416964,31.401834],[-110.417129,31.401943],[-110.417207,31.401999],[-110.417352,31.402121],[-110.417421,31.402188],[-110.41755,31.402331],[-110.417659,31.402475],[-110.417854,31.402747],[-110.417906,31.402814],[-110.418022,31.402943],[-110.418148,31.403062],[-110.418215,31.403116],[-110.418355,31.403213],[-110.418646,31.40338],[-110.418785,31.40346],[-110.418915,31.403545],[-110.419031,31.403637],[-110.419082,31.403683],[-110.419126,31.40373],[-110.419165,31.40378],[-110.419223,31.403889],[-110.419244,31.403948],[-110.419265,31.40407],[-110.419276,31.404311],[-110.419269,31.404538],[-110.419252,31.404705],[-110.419228,31.404814],[-110.419184,31.404925],[-110.419124,31.405032],[-110.41905,31.405134],[-110.418916,31.405275],[-110.418864,31.405321],[-110.418808,31.405362],[-110.418746,31.405399],[-110.418679,31.405429],[-110.418609,31.405455],[-110.418458,31.405493],[-110.418381,31.405505],[-110.418026,31.405529],[-110.417963,31.405538],[-110.417904,31.405553],[-110.417851,31.405574],[-110.417807,31.405604],[-110.417772,31.405638],[-110.417748,31.405676],[-110.417739,31.405716],[-110.417745,31.405755],[-110.417766,31.405791],[-110.417799,31.405821],[-110.417842,31.405847],[-110.418039,31.405924],[-110.418369,31.406083],[-110.418777,31.406301],[-110.418853,31.406349],[-110.418923,31.406399],[-110.419048,31.406507],[-110.419103,31.406564],[-110.419199,31.406688],[-110.419277,31.406823],[-110.419337,31.406964],[-110.419372,31.407035],[-110.41942,31.407101],[-110.419484,31.407157],[-110.41956,31.407201],[-110.419642,31.407235],[-110.419727,31.40726],[-110.419899,31.407296],[-110.420143,31.407332],[-110.420213,31.407349],[-110.420279,31.407374],[-110.420338,31.40741],[-110.42039,31.407455],[-110.420434,31.407507],[-110.420471,31.407568],[-110.420503,31.407638],[-110.420554,31.407801],[-110.420599,31.407977],[-110.420618,31.408068],[-110.420628,31.40816],[-110.420646,31.408257],[-110.420657,31.408357],[-110.420654,31.408375],[-110.42066,31.408416],[-110.420661,31.408458],[-110.420689,31.408767],[-110.420709,31.409158],[-110.420728,31.409248],[-110.420754,31.409336],[-110.420856,31.409582],[-110.42095,31.409794],[-110.421007,31.4099],[-110.421068,31.409983],[-110.421107,31.410015],[-110.421151,31.41004],[-110.421203,31.410055],[-110.421257,31.410059],[-110.421305,31.410051],[-110.421344,31.410035],[-110.421374,31.410011],[-110.421419,31.409938],[-110.421424,31.409854],[-110.42144,31.40959],[-110.421454,31.409459],[-110.421468,31.409396],[-110.421491,31.409337],[-110.421522,31.409283],[-110.421563,31.409237],[-110.421613,31.409197],[-110.421671,31.409168],[-110.421734,31.40915],[-110.421799,31.409143],[-110.42187,31.409149],[-110.422032,31.409186],[-110.42206,31.409193],[-110.422295,31.409253],[-110.422383,31.40927],[-110.42247,31.40928],[-110.422807,31.409288],[-110.42307,31.409299],[-110.423158,31.409295],[-110.423245,31.409278],[-110.423327,31.409245],[-110.423401,31.409197],[-110.423463,31.409138],[-110.423572,31.409007],[-110.423714,31.40882],[-110.423811,31.408711],[-110.423866,31.408668],[-110.423928,31.408637],[-110.423994,31.408625],[-110.424057,31.408632],[-110.424114,31.408653],[-110.424162,31.408686],[-110.424204,31.408731],[-110.424241,31.408786],[-110.424401,31.409091],[-110.424498,31.40926],[-110.424607,31.409437],[-110.424655,31.409524],[-110.424693,31.409609],[-110.424717,31.40969],[-110.424727,31.409768],[-110.424729,31.409844],[-110.424721,31.409923],[-110.424683,31.410093],[-110.424609,31.410368],[-110.424596,31.410461],[-110.424592,31.410554],[-110.424606,31.41074],[-110.424636,31.410934],[-110.424862,31.411939],[-110.424937,31.412171],[-110.425067,31.41218],[-110.42511,31.412175],[-110.425146,31.412164],[-110.425206,31.412136],[-110.425187,31.412263],[-110.425176,31.412441],[-110.42518,31.412556],[-110.425202,31.412696],[-110.425402,31.41303],[-110.42582,31.413731],[-110.425886,31.413856],[-110.426152,31.414448],[-110.426213,31.414559],[-110.426248,31.414613],[-110.426288,31.414664],[-110.426382,31.414758],[-110.426486,31.414843],[-110.4266,31.414919],[-110.426724,31.414988],[-110.426791,31.415019],[-110.426933,31.415072],[-110.427077,31.415112],[-110.427149,31.415128],[-110.427296,31.415147],[-110.427449,31.415154],[-110.427527,31.415152],[-110.42777,31.415126],[-110.427936,31.415098],[-110.428104,31.415055],[-110.428268,31.414997],[-110.428426,31.414922],[-110.428578,31.414837],[-110.429247,31.414402],[-110.429305,31.414369],[-110.429364,31.414343],[-110.429423,31.414326],[-110.429483,31.41432],[-110.42954,31.414326],[-110.429589,31.414344],[-110.42963,31.414371],[-110.42966,31.414408],[-110.429677,31.414452],[-110.429679,31.414501],[-110.429669,31.414554],[-110.429647,31.414608],[-110.429614,31.41466],[-110.429476,31.414806],[-110.429117,31.415154],[-110.428924,31.415367],[-110.428668,31.415689],[-110.427875,31.416723],[-110.427854,31.416756],[-110.427839,31.41679],[-110.427836,31.416823],[-110.427845,31.416854],[-110.427864,31.41688],[-110.427894,31.416902],[-110.427938,31.416917],[-110.427989,31.416921],[-110.428047,31.416918],[-110.428179,31.416894],[-110.42852,31.416813],[-110.428941,31.416726],[-110.429055,31.416712],[-110.429112,31.416712],[-110.429165,31.41672],[-110.429214,31.416737],[-110.429257,31.416762],[-110.429294,31.416796],[-110.429325,31.416836],[-110.429348,31.416879],[-110.429383,31.416977],[-110.429409,31.417083],[-110.42943,31.417251],[-110.429429,31.417357],[-110.42941,31.417456],[-110.429374,31.417553],[-110.429252,31.417783],[-110.429234,31.417835],[-110.429223,31.417892],[-110.429217,31.418013],[-110.429228,31.418265],[-110.429224,31.41832],[-110.4292,31.418415],[-110.429163,31.418492],[-110.429078,31.418632],[-110.429063,31.41867],[-110.429056,31.418711],[-110.429059,31.418751],[-110.429071,31.418789],[-110.429092,31.418826],[-110.429108,31.418843],[-110.429123,31.418857],[-110.429146,31.418876],[-110.429168,31.418892],[-110.429219,31.418917],[-110.429274,31.418938],[-110.429388,31.418963],[-110.429517,31.418972],[-110.429731,31.418972],[-110.429886,31.41896],[-110.429965,31.418948],[-110.430118,31.418911],[-110.430251,31.418859],[-110.430378,31.418791],[-110.430401,31.41877],[-110.430506,31.418692],[-110.430716,31.418505],[-110.430959,31.418321],[-110.431067,31.418222],[-110.431159,31.418116],[-110.431237,31.418003],[-110.431342,31.417826],[-110.431371,31.41776],[-110.431411,31.417707],[-110.431477,31.417594],[-110.431514,31.41754],[-110.431556,31.417496],[-110.431601,31.417459],[-110.431651,31.417429],[-110.431705,31.417408],[-110.431763,31.417393],[-110.431882,31.417379],[-110.432218,31.417375],[-110.432366,31.417362],[-110.432531,31.417335],[-110.433037,31.417217],[-110.43312,31.417205],[-110.433203,31.417199],[-110.433284,31.417204],[-110.433361,31.417217],[-110.433437,31.417239],[-110.433509,31.417271],[-110.433574,31.41731],[-110.433631,31.417355],[-110.43368,31.417403],[-110.433722,31.417456],[-110.43376,31.417514],[-110.433793,31.417575],[-110.433821,31.41764],[-110.433896,31.417861],[-110.433931,31.417933],[-110.433973,31.418004],[-110.434025,31.418071],[-110.434082,31.418136],[-110.434218,31.418263],[-110.434644,31.418636],[-110.434834,31.418826],[-110.43489,31.418894],[-110.434941,31.418964],[-110.434985,31.419036],[-110.435056,31.419182],[-110.435111,31.419334],[-110.435156,31.419504],[-110.435265,31.419969],[-110.435325,31.420172],[-110.435433,31.42047],[-110.435559,31.420771],[-110.435826,31.421348],[-110.436688,31.423039],[-110.436747,31.42318],[-110.436789,31.423321],[-110.436805,31.423392],[-110.43682,31.423534],[-110.436818,31.423603],[-110.436809,31.423672],[-110.436769,31.423817],[-110.436675,31.42404],[-110.436356,31.424646],[-110.436274,31.424817],[-110.436704,31.424793],[-110.436918,31.424771],[-110.437185,31.424732],[-110.437309,31.424705],[-110.437461,31.424666],[-110.437583,31.424619],[-110.437695,31.424561],[-110.437805,31.424494],[-110.437916,31.42442],[-110.438078,31.424289],[-110.438424,31.423929],[-110.438714,31.423595],[-110.438917,31.423374],[-110.439066,31.423205],[-110.439226,31.42304],[-110.439434,31.422845],[-110.43951,31.422767],[-110.4396,31.422645],[-110.439953,31.422089],[-110.44003,31.421958],[-110.440092,31.421823],[-110.440268,31.421389],[-110.44038,31.421082],[-110.44045,31.420945],[-110.440488,31.420887],[-110.440562,31.420791],[-110.440644,31.420701],[-110.440743,31.420611],[-110.440853,31.420521],[-110.441068,31.420359],[-110.441114,31.420317],[-110.44119,31.420227],[-110.441656,31.419458],[-110.44308,31.417446],[-110.443881,31.415154],[-110.444015,31.412656],[-110.444095,31.412291],[-110.444683,31.410961],[-110.44519,31.410274],[-110.446072,31.409517],[-110.446811,31.409129],[-110.4469,31.409082],[-110.44853,31.408486],[-110.451336,31.406973],[-110.455584,31.405185],[-110.45732,31.404324],[-110.45748,31.404245],[-110.457908,31.403947],[-110.458976,31.402205],[-110.45951,31.40083],[-110.459904,31.399877],[-110.459905,31.40382],[-110.459909,31.409938],[-110.459914,31.422179],[-110.459917,31.425022],[-110.45992,31.42809],[-110.459927,31.441102],[-110.459928,31.442741],[-110.459932,31.448884],[-110.459938,31.459712],[-110.45994,31.463314],[-110.459939,31.463558],[-110.459945,31.46698],[-110.459945,31.467159],[-110.459945,31.467361],[-110.459944,31.468486],[-110.459918,31.468876],[-110.459918,31.46913],[-110.459918,31.46985],[-110.46042,31.46985],[-110.460916,31.46985],[-110.46089,31.473764],[-110.460889,31.474039],[-110.460867,31.477569],[-110.460881,31.479863],[-110.46088,31.481054],[-110.460873,31.486965],[-110.460864,31.493736],[-110.460852,31.503539],[-110.460847,31.5078],[-110.460843,31.511564],[-110.460836,31.517304],[-110.460828,31.523852],[-110.46083,31.524253],[-110.460815,31.534191],[-110.460799,31.547171],[-110.460788,31.555952],[-110.460779,31.569268],[-110.460779,31.569554],[-110.46077,31.585097],[-110.460764,31.59328],[-110.46076,31.600781],[-110.460757,31.604554],[-110.460753,31.611959],[-110.460752,31.613883],[-110.459359,31.613891],[-110.452247,31.613936],[-110.452239,31.625395],[-110.452232,31.62988],[-110.452233,31.630121],[-110.452233,31.630574],[-110.452228,31.636143],[-110.452228,31.636357],[-110.452232,31.637533],[-110.452224,31.640855],[-110.452224,31.645168],[-110.452226,31.647745],[-110.452238,31.661605],[-110.452246,31.670168],[-110.452251,31.676205],[-110.452257,31.682828],[-110.452261,31.686705],[-110.452279,31.689513],[-110.452266,31.692125],[-110.452267,31.693643],[-110.452279,31.7066],[-110.452279,31.707343],[-110.452295,31.710394],[-110.452289,31.711084],[-110.452283,31.711252],[-110.452283,31.711418],[-110.4523,31.730477],[-110.4523,31.731219],[-110.471004,31.73124],[-110.471095,31.731241],[-110.479087,31.731246],[-110.486311,31.731256],[-110.488339,31.731259],[-110.491644,31.731262],[-110.491683,31.731287],[-110.4928,31.731248],[-110.493121,31.731237],[-110.493173,31.731264],[-110.500922,31.73127],[-110.50335,31.731276],[-110.507532,31.731273],[-110.511306,31.731266],[-110.520337,31.731275],[-110.523873,31.731284],[-110.543335,31.731297],[-110.552931,31.731302],[-110.554864,31.731314],[-110.558522,31.731337],[-110.558682,31.731311],[-110.561759,31.731314],[-110.585455,31.731338],[-110.585896,31.73134],[-110.588366,31.731341],[-110.605353,31.731363],[-110.623646,31.73138],[-110.624373,31.731377],[-110.625845,31.731379],[-110.633667,31.731393],[-110.634755,31.731393],[-110.642698,31.7314],[-110.650577,31.731411],[-110.65751,31.73142],[-110.658476,31.73142],[-110.659637,31.731428],[-110.666275,31.731439],[-110.671113,31.731452],[-110.675656,31.731461],[-110.676039,31.73146],[-110.678842,31.731466],[-110.680536,31.731471],[-110.683849,31.731477],[-110.705612,31.731525],[-110.745603,31.731612],[-110.75223,31.731622],[-110.753376,31.731632],[-110.758681,31.731641],[-110.75945,31.731636],[-110.769323,31.731647],[-110.781186,31.731654],[-110.787958,31.731662],[-110.794016,31.731663],[-110.80314,31.731674],[-110.807081,31.731676],[-110.812078,31.731681],[-110.812707,31.73168],[-110.813169,31.731681],[-110.813573,31.731682],[-110.815278,31.731683],[-110.815433,31.731702],[-110.816216,31.731702],[-110.816607,31.731702],[-110.837724,31.731698],[-110.837872,31.731698],[-110.838137,31.731696],[-110.838151,31.731696],[-110.83836,31.731696],[-110.839914,31.731698],[-110.855765,31.731697],[-110.855766,31.728923],[-110.855766,31.726705],[-110.860276,31.726708],[-110.861442,31.726709],[-110.861623,31.726684],[-110.869479,31.726723],[-110.869692,31.726724],[-110.872361,31.726738],[-110.873137,31.726742],[-110.874868,31.726717],[-110.875657,31.726715],[-110.876299,31.726715],[-110.876445,31.726716],[-110.876899,31.726714],[-110.877566,31.726718],[-110.880436,31.72671],[-110.881222,31.726715],[-110.88892,31.72672],[-110.889826,31.726717],[-110.898079,31.726716],[-110.901706,31.726717],[-110.908837,31.726719],[-110.918577,31.726721],[-110.929046,31.726719],[-110.937824,31.726723],[-110.938238,31.726723],[-110.943167,31.726723],[-110.945079,31.726724],[-110.94553,31.726753],[-110.947072,31.72675],[-110.947972,31.726749],[-110.953074,31.726738],[-110.957492,31.726731],[-110.958575,31.726729],[-110.959645,31.726726],[-110.962859,31.72672],[-110.96393,31.726719],[-110.964026,31.726718],[-110.964318,31.726718],[-110.964415,31.726718],[-110.96512,31.726716],[-110.965491,31.726686],[-110.96849,31.726667],[-110.971275,31.72665],[-110.97231,31.726644],[-110.976979,31.726615],[-110.980435,31.726593],[-110.982045,31.726584],[-110.985799,31.726559],[-110.993846,31.726509],[-110.994253,31.726507],[-110.999961,31.726464],[-111.001973,31.726459],[-111.002377,31.726451],[-111.004507,31.726443],[-111.011709,31.726397],[-111.012657,31.726392],[-111.013462,31.726387],[-111.014511,31.726381],[-111.017965,31.72636],[-111.018174,31.726357],[-111.023224,31.726326],[-111.026816,31.726304],[-111.026873,31.726321],[-111.031801,31.726277],[-111.035878,31.726242],[-111.035905,31.726241],[-111.038602,31.726218],[-111.038837,31.726216],[-111.040421,31.726202],[-111.041478,31.726208],[-111.043752,31.726192],[-111.052557,31.726133],[-111.052734,31.726169],[-111.052874,31.726202],[-111.052956,31.726203],[-111.053769,31.726217],[-111.054327,31.726217],[-111.054677,31.726217],[-111.055219,31.726204],[-111.055567,31.726205],[-111.056594,31.726205],[-111.056721,31.726213],[-111.056813,31.726236],[-111.056893,31.726236],[-111.056962,31.726235],[-111.05723,31.726234],[-111.05804,31.72623],[-111.057969,31.726372],[-111.055328,31.731498],[-111.055147,31.731878],[-111.054884,31.732345],[-111.054682,31.732706],[-111.054348,31.733257],[-111.053969,31.733881],[-111.053662,31.73434],[-111.053359,31.734778],[-111.052815,31.735567],[-111.052748,31.735664],[-111.052651,31.735804],[-111.052223,31.736394],[-111.051942,31.736783],[-111.051058,31.73803],[-111.050467,31.738892],[-111.050456,31.73891],[-111.049874,31.739719],[-111.04967,31.740003],[-111.049543,31.740179],[-111.049309,31.740513],[-111.048955,31.741017],[-111.048607,31.741554],[-111.048422,31.741858],[-111.048099,31.742343],[-111.047815,31.742798],[-111.047759,31.74289],[-111.047037,31.744071],[-111.046508,31.745006],[-111.046361,31.745266],[-111.045749,31.746405],[-111.044723,31.748378],[-111.044522,31.748764],[-111.043964,31.749816],[-111.04253,31.752572],[-111.040821,31.75586],[-111.04058,31.756323],[-111.039857,31.757712],[-111.039617,31.758176],[-111.039716,31.758238],[-111.039899,31.758354],[-111.040015,31.758427],[-111.040115,31.75849],[-111.041663,31.759478],[-111.041742,31.759591],[-111.041823,31.759707],[-111.042708,31.760418],[-111.043003,31.760876],[-111.04303,31.761266],[-111.043352,31.761862],[-111.04429,31.762939],[-111.045283,31.763604],[-111.045554,31.763914],[-111.045765,31.764154],[-111.045792,31.764291],[-111.046489,31.765117],[-111.046489,31.765208],[-111.046721,31.765463],[-111.0473,31.766102],[-111.047508,31.766331],[-111.048286,31.76695],[-111.048663,31.767386],[-111.049012,31.768005],[-111.049038,31.76805],[-111.049607,31.76863],[-111.049735,31.768761],[-111.049735,31.769517],[-111.04995,31.769723],[-111.050209,31.76975],[-111.050188,31.769772],[-111.049835,31.770445],[-111.049248,31.771669],[-111.049076,31.772026],[-111.048834,31.772473],[-111.04788,31.774423],[-111.047345,31.775354],[-111.047329,31.775411],[-111.047294,31.775529],[-111.046939,31.776205],[-111.04663,31.776889],[-111.046155,31.777813],[-111.046098,31.777948],[-111.046101,31.778061],[-111.046082,31.778109],[-111.045922,31.778292],[-111.045615,31.778908],[-111.045572,31.778995],[-111.045389,31.779413],[-111.045207,31.779701],[-111.045024,31.780113],[-111.044923,31.780218],[-111.044637,31.780654],[-111.044527,31.780989],[-111.044507,31.781042],[-111.044475,31.781157],[-111.044389,31.781321],[-111.044377,31.781344],[-111.044279,31.781654],[-111.044071,31.781983],[-111.043977,31.782174],[-111.043867,31.7824],[-111.043678,31.782785],[-111.043447,31.783294],[-111.043352,31.783462],[-111.043044,31.784129],[-111.042903,31.784398],[-111.042856,31.784505],[-111.042704,31.784811],[-111.041858,31.78651],[-111.041761,31.786728],[-111.041158,31.787952],[-111.040651,31.788965],[-111.040339,31.789571],[-111.040318,31.789653],[-111.039935,31.790351],[-111.039906,31.790411],[-111.039769,31.790701],[-111.039729,31.790816],[-111.039569,31.791107],[-111.039479,31.791296],[-111.039357,31.791616],[-111.039191,31.791901],[-111.038962,31.792378],[-111.038762,31.792708],[-111.038754,31.792726],[-111.038638,31.793024],[-111.038405,31.793515],[-111.038182,31.793987],[-111.038076,31.794187],[-111.037928,31.794471],[-111.037866,31.794666],[-111.037837,31.794758],[-111.037755,31.794861],[-111.037482,31.795537],[-111.037264,31.796076],[-111.037201,31.796168],[-111.037145,31.796212],[-111.036977,31.796346],[-111.036851,31.796618],[-111.036789,31.796844],[-111.036744,31.796937],[-111.036469,31.797389],[-111.036357,31.797601],[-111.036265,31.797777],[-111.036245,31.79782],[-111.036124,31.798082],[-111.036035,31.798326],[-111.03598,31.798762],[-111.035931,31.79885],[-111.035818,31.798932],[-111.035684,31.799015],[-111.035614,31.799086],[-111.03558,31.799141],[-111.035556,31.799179],[-111.035448,31.799442],[-111.035241,31.799845],[-111.035223,31.79988],[-111.034842,31.800665],[-111.034749,31.800843],[-111.034729,31.800886],[-111.034597,31.801166],[-111.034584,31.801262],[-111.0346,31.801341],[-111.034617,31.801424],[-111.034619,31.8015],[-111.034599,31.801549],[-111.034546,31.801605],[-111.034468,31.801657],[-111.034266,31.801769],[-111.034142,31.802058],[-111.034101,31.802146],[-111.033799,31.802801],[-111.033593,31.803213],[-111.033266,31.803872],[-111.032404,31.805584],[-111.031965,31.806554],[-111.031628,31.807299],[-111.031471,31.807646],[-111.031303,31.807997],[-111.030882,31.808823],[-111.030522,31.809532],[-111.030407,31.809758],[-111.030238,31.810088],[-111.03019,31.810184],[-111.029762,31.810961],[-111.029737,31.810998],[-111.029589,31.811277],[-111.029477,31.811487],[-111.029414,31.811604],[-111.029298,31.811851],[-111.025373,31.819784],[-111.025072,31.820474],[-111.024744,31.8211],[-111.024568,31.821457],[-111.024396,31.821811],[-111.024203,31.82221],[-111.024033,31.82256],[-111.023768,31.823088],[-111.023583,31.823443],[-111.023318,31.824048],[-111.023181,31.82433],[-111.023077,31.824525],[-111.022852,31.824922],[-111.022822,31.825273],[-111.022583,31.825429],[-111.022431,31.825832],[-111.022254,31.8263],[-111.022119,31.826582],[-111.021881,31.826582],[-111.021764,31.826842],[-111.02192,31.827484],[-111.021959,31.828112],[-111.022167,31.828416],[-111.022005,31.828739],[-111.02132,31.829997],[-111.021057,31.830483],[-111.020356,31.831769],[-111.019842,31.832716],[-111.019267,31.833772],[-111.018983,31.834293],[-111.018583,31.835031],[-111.018365,31.835453],[-111.018338,31.835508],[-111.017714,31.836722],[-111.017498,31.837145],[-111.017354,31.837409],[-111.01709,31.837891],[-111.016687,31.838627],[-111.016431,31.839097],[-111.01452,31.842594],[-111.014255,31.843077],[-111.013445,31.84456],[-111.01258,31.846205],[-111.011761,31.847765],[-111.010882,31.849438],[-111.009987,31.85114],[-111.009123,31.852785],[-111.009312,31.852855],[-111.00946,31.852871],[-111.009524,31.852855],[-111.00957,31.852827],[-111.009621,31.852778],[-111.009653,31.85269],[-111.009731,31.85258],[-111.009795,31.852525],[-111.010014,31.852459],[-111.010285,31.852481],[-111.01045,31.852535],[-111.01082,31.852657],[-111.010949,31.852657],[-111.011052,31.85258],[-111.011219,31.852509],[-111.011284,31.852536],[-111.0114,31.85263],[-111.011477,31.85274],[-111.011606,31.852866],[-111.011702,31.852905],[-111.011799,31.852905],[-111.011876,31.852894],[-111.012024,31.852966],[-111.012153,31.853142],[-111.012282,31.853252],[-111.012346,31.853279],[-111.012495,31.853279],[-111.012572,31.853208],[-111.012598,31.853048],[-111.012688,31.852812],[-111.012688,31.852729],[-111.012669,31.852696],[-111.012688,31.852647],[-111.012753,31.852592],[-111.012798,31.852575],[-111.012895,31.852575],[-111.012972,31.852592],[-111.013185,31.852466],[-111.01341,31.852317],[-111.013591,31.852317],[-111.013829,31.852433],[-111.013977,31.852543],[-111.013999,31.852553],[-111.014151,31.852625],[-111.014331,31.852626],[-111.014441,31.852598],[-111.01457,31.852598],[-111.01475,31.852692],[-111.014976,31.852901],[-111.015053,31.852939],[-111.015246,31.852939],[-111.015382,31.852879],[-111.01567,31.852798],[-111.015834,31.85275],[-111.016034,31.85278],[-111.016263,31.852746],[-111.016359,31.852676],[-111.016558,31.852676],[-111.016675,31.852702],[-111.016948,31.852815],[-111.017152,31.853014],[-111.017312,31.853079],[-111.01772,31.853084],[-111.01811,31.853136],[-111.018123,31.853422],[-111.018162,31.854176],[-111.018162,31.855411],[-111.018214,31.856933],[-111.018162,31.858012],[-111.018071,31.859117],[-111.017928,31.860916],[-111.017893,31.861597],[-111.017802,31.862897],[-111.017776,31.864991],[-111.017824,31.871725],[-111.017851,31.875959],[-111.018062,31.881401],[-111.015969,31.884962],[-111.015435,31.885836],[-111.015032,31.886447],[-111.014382,31.887266],[-111.012692,31.889282],[-111.012393,31.889529],[-111.011767,31.890059],[-111.011764,31.890135],[-111.011758,31.890364],[-111.011756,31.890441],[-111.011751,31.890497],[-111.011737,31.890668],[-111.011733,31.890725],[-111.010125,31.891745],[-111.009601,31.892079],[-111.00879,31.892601],[-111.008079,31.893165],[-111.005484,31.894865],[-111.00539,31.894936],[-111.00507,31.895183],[-111.004665,31.895592],[-111.004111,31.896332],[-111.004147,31.896112],[-111.004255,31.895451],[-111.004292,31.895232],[-111.003612,31.895673],[-111.003496,31.895749],[-111.001562,31.896977],[-111.00155,31.896986],[-111.001488,31.897026],[-111.00087,31.897398],[-111.000491,31.897642],[-110.999354,31.898377],[-110.998976,31.898622],[-110.998668,31.898821],[-110.997745,31.89942],[-110.997438,31.89962],[-110.996915,31.899641],[-110.995347,31.899707],[-110.994825,31.899729],[-110.994065,31.899708],[-110.991786,31.899646],[-110.991027,31.899626],[-110.990757,31.899618],[-110.989948,31.899597],[-110.989679,31.89959],[-110.989446,31.899584],[-110.98921,31.899576],[-110.987805,31.899533],[-110.987337,31.899519],[-110.987276,31.899517],[-110.987093,31.899511],[-110.987032,31.89951],[-110.986952,31.899509],[-110.986712,31.899507],[-110.986633,31.899507],[-110.986568,31.899505],[-110.986373,31.899501],[-110.986309,31.8995],[-110.986142,31.899485],[-110.985848,31.89946],[-110.985642,31.899441],[-110.985476,31.899427],[-110.985239,31.899454],[-110.984784,31.899501],[-110.981249,31.899436],[-110.981019,31.899438],[-110.980813,31.899439],[-110.980792,31.899439],[-110.978404,31.899361],[-110.97837,31.899361],[-110.978268,31.899365],[-110.978235,31.899367],[-110.977909,31.89922],[-110.977524,31.899045],[-110.977506,31.899044],[-110.975111,31.898998],[-110.974313,31.898983],[-110.974296,31.89902],[-110.974244,31.899133],[-110.974228,31.899171],[-110.973973,31.899182],[-110.973211,31.899219],[-110.972958,31.899232],[-110.97213,31.899273],[-110.969648,31.899397],[-110.968821,31.899439],[-110.967929,31.898663],[-110.965253,31.896338],[-110.964361,31.895563],[-110.96423,31.895563],[-110.96384,31.895563],[-110.96371,31.895564],[-110.963144,31.896853],[-110.962771,31.897668],[-110.962198,31.898923],[-110.961926,31.899558],[-110.961718,31.899991],[-110.961582,31.900279],[-110.961381,31.900828],[-110.961138,31.901396],[-110.960958,31.902056],[-110.960829,31.902801],[-110.960779,31.90332],[-110.960693,31.904195],[-110.96047,31.906489],[-110.96046,31.906621],[-110.960433,31.907019],[-110.960424,31.907152],[-110.96035,31.907875],[-110.960132,31.910047],[-110.96006,31.910771],[-110.959873,31.912768],[-110.959858,31.912907],[-110.959714,31.914264],[-110.959669,31.914789],[-110.959542,31.916285],[-110.959348,31.918099],[-110.95923,31.919315],[-110.959024,31.921452],[-110.958921,31.921463],[-110.958613,31.921497],[-110.958511,31.921509],[-110.957629,31.921509],[-110.954985,31.921509],[-110.954104,31.921509],[-110.953525,31.921496],[-110.953083,31.921487],[-110.952385,31.921257],[-110.951831,31.921201],[-110.951256,31.921143],[-110.950754,31.921146],[-110.949252,31.921157],[-110.948751,31.921161],[-110.948686,31.921151],[-110.948494,31.921124],[-110.94843,31.921115],[-110.948461,31.921721],[-110.948557,31.923541],[-110.948589,31.924148],[-110.948596,31.924755],[-110.94862,31.926576],[-110.948628,31.927183],[-110.948604,31.92859],[-110.948534,31.932813],[-110.948522,31.933598],[-110.948511,31.934221],[-110.948538,31.934554],[-110.948619,31.935554],[-110.948646,31.935888],[-110.948668,31.936798],[-110.948733,31.939457],[-110.94866,31.939457],[-110.94775,31.939468],[-110.947359,31.939464],[-110.946189,31.939454],[-110.945799,31.939451],[-110.944948,31.939457],[-110.944906,31.941009],[-110.944849,31.94313],[-110.944711,31.948219],[-110.944677,31.949484],[-110.944365,31.949483],[-110.944358,31.949861],[-110.944351,31.95031],[-110.943507,31.950299],[-110.943133,31.950333],[-110.942729,31.950351],[-110.942683,31.950354],[-110.937859,31.950378],[-110.936236,31.950387],[-110.936164,31.950367],[-110.936098,31.950368],[-110.936027,31.950369],[-110.935954,31.95037],[-110.935806,31.950374],[-110.935638,31.950374],[-110.935459,31.95037],[-110.935368,31.95037],[-110.935277,31.950371],[-110.935101,31.95037],[-110.935016,31.950369],[-110.934933,31.950371],[-110.934852,31.950371],[-110.934773,31.95037],[-110.934697,31.950369],[-110.934626,31.950372],[-110.934559,31.950375],[-110.934501,31.950377],[-110.934436,31.950374],[-110.934402,31.950379],[-110.934303,31.950385],[-110.934202,31.950383],[-110.934102,31.950381],[-110.934006,31.95038],[-110.933952,31.950385],[-110.933839,31.950399],[-110.933803,31.950382],[-110.933757,31.950366],[-110.933739,31.950364],[-110.933679,31.950361],[-110.933539,31.950365],[-110.933378,31.950364],[-110.933193,31.950368],[-110.933079,31.950367],[-110.93286,31.950367],[-110.932859,31.950045],[-110.932856,31.949079],[-110.932856,31.94901],[-110.932848,31.948758],[-110.932819,31.94779],[-110.932814,31.947597],[-110.932803,31.947093],[-110.932798,31.946595],[-110.93276,31.944596],[-110.932724,31.944131],[-110.932724,31.944118],[-110.932739,31.943596],[-110.932723,31.94322],[-110.932709,31.943164],[-110.932705,31.943144],[-110.93265,31.943079],[-110.932561,31.943038],[-110.93244,31.943023],[-110.931936,31.943019],[-110.930903,31.943013],[-110.930059,31.943007],[-110.929434,31.943004],[-110.929074,31.943],[-110.927994,31.942991],[-110.927634,31.942988],[-110.927504,31.942988],[-110.927117,31.942988],[-110.926988,31.942989],[-110.925173,31.942992],[-110.924913,31.942992],[-110.923929,31.942993],[-110.922122,31.942996],[-110.919886,31.942999],[-110.918713,31.943001],[-110.91869,31.943],[-110.918383,31.943],[-110.91801,31.942999],[-110.917562,31.942998],[-110.91748,31.942994],[-110.916922,31.942966],[-110.916739,31.942943],[-110.916618,31.942944],[-110.915717,31.942929],[-110.914527,31.942911],[-110.913017,31.942895],[-110.912117,31.942887],[-110.911982,31.942886],[-110.91164,31.942878],[-110.911366,31.942876],[-110.9111,31.94288],[-110.910603,31.942873],[-110.910419,31.942917],[-110.910223,31.942932],[-110.910233,31.943623],[-110.910276,31.94632],[-110.910324,31.949453],[-110.91033,31.949876],[-110.91035,31.951145],[-110.910357,31.951569],[-110.910376,31.952778],[-110.91038,31.953],[-110.910417,31.955352],[-110.910433,31.956408],[-110.910452,31.957619],[-110.909543,31.957616],[-110.90911,31.957615],[-110.907766,31.957611],[-110.906624,31.957607],[-110.903284,31.957597],[-110.901356,31.957591],[-110.899033,31.957584],[-110.897728,31.957581],[-110.89682,31.957579],[-110.895141,31.957575],[-110.895091,31.957575],[-110.894994,31.957575],[-110.893281,31.957571],[-110.891314,31.957568],[-110.891007,31.957568],[-110.889017,31.957567],[-110.88827,31.957567],[-110.887921,31.957567],[-110.886867,31.957567],[-110.884734,31.957567],[-110.884072,31.957566],[-110.881599,31.957566],[-110.8808,31.957571],[-110.879408,31.957568],[-110.879306,31.957568],[-110.879141,31.957568],[-110.878352,31.957569],[-110.877707,31.95757],[-110.876098,31.957572],[-110.875554,31.957567],[-110.874901,31.957561],[-110.8745,31.95758],[-110.874267,31.957594],[-110.874095,31.957605],[-110.873926,31.95762],[-110.873743,31.957638],[-110.873449,31.957683],[-110.873388,31.957691],[-110.873286,31.957704],[-110.87275,31.957805],[-110.872465,31.957867],[-110.871958,31.957993],[-110.871645,31.958103],[-110.871446,31.958162],[-110.871264,31.958223],[-110.871094,31.958282],[-110.870566,31.958481],[-110.870349,31.958581],[-110.870075,31.958697],[-110.870047,31.958711],[-110.869483,31.958994],[-110.869428,31.959022],[-110.869179,31.959176],[-110.869011,31.95927],[-110.86869,31.959478],[-110.867493,31.960327],[-110.866923,31.960764],[-110.866264,31.961247],[-110.865899,31.961468],[-110.865802,31.961522],[-110.865657,31.961602],[-110.865607,31.96163],[-110.865099,31.961893],[-110.86445,31.962185],[-110.86403,31.962345],[-110.863729,31.96244],[-110.863646,31.962465],[-110.863111,31.962627],[-110.862875,31.962686],[-110.862716,31.962721],[-110.862624,31.962742],[-110.862334,31.962829],[-110.862103,31.962865],[-110.861936,31.962904],[-110.861791,31.962938],[-110.860807,31.963039],[-110.859952,31.963062],[-110.859856,31.963062],[-110.858892,31.963065],[-110.858892,31.963321],[-110.858892,31.9637],[-110.858894,31.965607],[-110.858895,31.966243],[-110.858895,31.966336],[-110.858895,31.966617],[-110.858896,31.966711],[-110.858897,31.967047],[-110.858902,31.968058],[-110.858904,31.968395],[-110.858905,31.968782],[-110.858911,31.969943],[-110.858913,31.970331],[-110.858919,31.971042],[-110.858937,31.973175],[-110.858944,31.973886],[-110.858957,31.976074],[-110.858959,31.976466],[-110.858966,31.977517],[-110.858991,31.981584],[-110.859,31.982985],[-110.859002,31.983302],[-110.859003,31.984108],[-110.859003,31.984208],[-110.859005,31.986171],[-110.859006,31.986789],[-110.859006,31.986891],[-110.859006,31.987197],[-110.859007,31.9873],[-110.859007,31.987957],[-110.859009,31.989414],[-110.859005,31.989732],[-110.859002,31.989928],[-110.858993,31.990586],[-110.858995,31.990745],[-110.858952,31.990876],[-110.858905,31.991027],[-110.858847,31.99163],[-110.858846,31.991758],[-110.858846,31.992056],[-110.858844,31.993005],[-110.858844,31.99306],[-110.85884,31.994815],[-110.858837,31.995852],[-110.858835,31.996801],[-110.858832,31.997964],[-110.858826,32.00057],[-110.858824,32.001244],[-110.858823,32.001381],[-110.858823,32.001454],[-110.858821,32.002618],[-110.858819,32.003445],[-110.858813,32.005927],[-110.858812,32.006755],[-110.85881,32.007205],[-110.858809,32.007989],[-110.858814,32.008558],[-110.858819,32.009009],[-110.858831,32.010359],[-110.858839,32.011117],[-110.858864,32.013638],[-110.858865,32.014409],[-110.858868,32.015396],[-110.858869,32.01576],[-110.858869,32.016033],[-110.85887,32.016852],[-110.858871,32.017125],[-110.858872,32.017907],[-110.858874,32.018562],[-110.858877,32.020256],[-110.858879,32.02104],[-110.858882,32.022779],[-110.858886,32.024544],[-110.858935,32.02679],[-110.858961,32.027999],[-110.858987,32.029204],[-110.858977,32.029739],[-110.858972,32.029964],[-110.858964,32.030392],[-110.858959,32.030642],[-110.858956,32.03087],[-110.858938,32.03179],[-110.858904,32.033619],[-110.858897,32.034551],[-110.858892,32.035473],[-110.858879,32.037411],[-110.85884,32.043225],[-110.858829,32.044931],[-110.858828,32.045112],[-110.858833,32.045164],[-110.858836,32.045203],[-110.858839,32.045231],[-110.858837,32.045298],[-110.858836,32.045319],[-110.858836,32.04536],[-110.858798,32.046903],[-110.85879,32.048636],[-110.858781,32.05142],[-110.85883,32.052425],[-110.858858,32.052865],[-110.85886,32.052901],[-110.858857,32.053012],[-110.858856,32.053049],[-110.858851,32.053172],[-110.858796,32.05355],[-110.858758,32.054103],[-110.858745,32.054353],[-110.858723,32.054793],[-110.858723,32.05678],[-110.858707,32.058287],[-110.858697,32.05934],[-110.858696,32.0596],[-110.858692,32.060327],[-110.858689,32.061065],[-110.858682,32.062511],[-110.858679,32.063239],[-110.858677,32.063672],[-110.858677,32.064141],[-110.858677,32.066853],[-110.858677,32.066884],[-110.858661,32.067757],[-110.858657,32.067985],[-110.858644,32.068674],[-110.858641,32.068904],[-110.857976,32.075671],[-110.85796,32.07911],[-110.857961,32.079971],[-110.857961,32.080553],[-110.857961,32.082299],[-110.857962,32.082883],[-110.857962,32.08381],[-110.857963,32.086591],[-110.857964,32.087518],[-110.857964,32.0877],[-110.857964,32.088054],[-110.857965,32.089663],[-110.857966,32.090354],[-110.857966,32.090439],[-110.857965,32.090753],[-110.857963,32.092415],[-110.857963,32.092914],[-110.857963,32.09297],[-110.857962,32.093944],[-110.857959,32.09687],[-110.857959,32.097846],[-110.857962,32.100954],[-110.857963,32.101769],[-110.857966,32.104789],[-110.857967,32.104989],[-110.857967,32.10504],[-110.857967,32.105193],[-110.857967,32.105244],[-110.857971,32.105803],[-110.857976,32.106365],[-110.857976,32.106377],[-110.857976,32.106707],[-110.857976,32.107086],[-110.857976,32.107483],[-110.857976,32.108043],[-110.857975,32.108306],[-110.857975,32.109098],[-110.857975,32.109362],[-110.857973,32.109684],[-110.857969,32.11065],[-110.857968,32.110973],[-110.857965,32.111455],[-110.85796,32.112206],[-110.857957,32.112903],[-110.857955,32.113386],[-110.857954,32.113492],[-110.857952,32.113811],[-110.857952,32.113918],[-110.857952,32.114067],[-110.857952,32.114341],[-110.857951,32.114514],[-110.857951,32.114663],[-110.857949,32.114745],[-110.857946,32.114994],[-110.857945,32.115077],[-110.857945,32.115183],[-110.857945,32.115499],[-110.857946,32.115607],[-110.857947,32.11647],[-110.857952,32.119062],[-110.857954,32.119928],[-110.857951,32.120271],[-110.857945,32.121302],[-110.857943,32.121647],[-110.857945,32.122233],[-110.85795,32.123581],[-110.857954,32.123994],[-110.857962,32.124581],[-110.857963,32.124695],[-110.857964,32.125585],[-110.857971,32.128597],[-110.857974,32.129602],[-110.857976,32.130522],[-110.857982,32.133286],[-110.857984,32.134207],[-110.857981,32.134779],[-110.857974,32.136496],[-110.857972,32.137069],[-110.857968,32.137965],[-110.857957,32.140653],[-110.857954,32.141551],[-110.859453,32.141551],[-110.862252,32.141554],[-110.863953,32.141557],[-110.865453,32.141559],[-110.8712,32.141566],[-110.871808,32.141567],[-110.873787,32.141569],[-110.873928,32.141568],[-110.874353,32.141568],[-110.874495,32.141569],[-110.874599,32.141568],[-110.874911,32.141568],[-110.875016,32.14157],[-110.875489,32.141538],[-110.876052,32.141454],[-110.876527,32.141322],[-110.877065,32.141127],[-110.877502,32.140918],[-110.877673,32.140821],[-110.877812,32.140743],[-110.877918,32.140683],[-110.878048,32.140595],[-110.878115,32.140552],[-110.878625,32.140148],[-110.878911,32.139852],[-110.879219,32.139467],[-110.879518,32.138968],[-110.87957,32.138847],[-110.880033,32.137753],[-110.880272,32.13719],[-110.880447,32.136816],[-110.880655,32.136457],[-110.880898,32.136112],[-110.881302,32.135682],[-110.881604,32.13541],[-110.881856,32.135225],[-110.882341,32.134924],[-110.882804,32.134716],[-110.882909,32.13468],[-110.882959,32.134652],[-110.883007,32.134627],[-110.883118,32.134588],[-110.883173,32.13457],[-110.883222,32.134552],[-110.883373,32.134511],[-110.883424,32.134497],[-110.883644,32.134435],[-110.883952,32.134361],[-110.884014,32.134352],[-110.884396,32.134298],[-110.885051,32.134291],[-110.885837,32.134299],[-110.885884,32.1343],[-110.886446,32.134309],[-110.886631,32.134312],[-110.887188,32.134324],[-110.887374,32.134329],[-110.887666,32.134331],[-110.887779,32.134332],[-110.888543,32.134345],[-110.888836,32.13435],[-110.889134,32.134352],[-110.890028,32.134365],[-110.890326,32.13437],[-110.890654,32.134372],[-110.891641,32.134385],[-110.891719,32.134386],[-110.891748,32.134386],[-110.89197,32.134389],[-110.892053,32.134388],[-110.89229,32.134385],[-110.892851,32.13438],[-110.892889,32.13438],[-110.894669,32.134363],[-110.895496,32.134355],[-110.896378,32.134347],[-110.897552,32.134335],[-110.898265,32.134328],[-110.899004,32.134321],[-110.901106,32.134303],[-110.906882,32.134261],[-110.907304,32.134258],[-110.907451,32.134257],[-110.909509,32.13425],[-110.909515,32.134333],[-110.909503,32.134734],[-110.909462,32.136187],[-110.909449,32.136672],[-110.909444,32.136919],[-110.909432,32.137661],[-110.909428,32.137909],[-110.909419,32.138278],[-110.909394,32.139384],[-110.909386,32.139755],[-110.909384,32.139792],[-110.909382,32.139902],[-110.909382,32.139941],[-110.909371,32.1404],[-110.909359,32.140985],[-110.909341,32.141778],[-110.909331,32.142238],[-110.909324,32.142512],[-110.909306,32.143338],[-110.9093,32.143613],[-110.909299,32.143676],[-110.909298,32.14387],[-110.909298,32.143935],[-110.909291,32.144198],[-110.909273,32.144987],[-110.909267,32.145252],[-110.909268,32.145305],[-110.909274,32.145469],[-110.909276,32.145524],[-110.909271,32.145778],[-110.90926,32.146372],[-110.909258,32.146544],[-110.909256,32.146725],[-110.90925,32.1468],[-110.90925,32.146828],[-110.909247,32.146988],[-110.909241,32.147557],[-110.90924,32.147723],[-110.90924,32.147748],[-110.90924,32.147976],[-110.909242,32.148666],[-110.909243,32.148896],[-110.909253,32.149451],[-110.909283,32.151121],[-110.909293,32.151678],[-110.909293,32.151936],[-110.909295,32.152245],[-110.909289,32.152712],[-110.909287,32.152971],[-110.909286,32.153152],[-110.909285,32.153695],[-110.909285,32.153877],[-110.909283,32.154127],[-110.909282,32.154322],[-110.90928,32.15453],[-110.90927,32.155745],[-110.909264,32.156121],[-110.909249,32.157252],[-110.909249,32.157279],[-110.909247,32.157454],[-110.909247,32.15763],[-110.909242,32.158126],[-110.909228,32.159616],[-110.909224,32.160114],[-110.909219,32.160716],[-110.909217,32.161065],[-110.909229,32.16207],[-110.909224,32.162525],[-110.909218,32.163128],[-110.909054,32.163128],[-110.908563,32.16313],[-110.9084,32.163131],[-110.908407,32.1634],[-110.908468,32.16556],[-110.908478,32.165916],[-110.908501,32.167101],[-110.908581,32.1713],[-110.90861,32.172849],[-110.908658,32.175281],[-110.908675,32.175884],[-110.908728,32.177695],[-110.908736,32.177973],[-110.908457,32.177976],[-110.908368,32.177977],[-110.908338,32.177978],[-110.908286,32.177979],[-110.908286,32.178029],[-110.908295,32.178788],[-110.908313,32.178856],[-110.908313,32.178894],[-110.908349,32.180507],[-110.90842,32.183649],[-110.908438,32.183981],[-110.908458,32.184185],[-110.908493,32.184534],[-110.908498,32.184683],[-110.908502,32.184778],[-110.908533,32.1852],[-110.908583,32.18545],[-110.908639,32.185723],[-110.908945,32.187062],[-110.909002,32.187309],[-110.909021,32.187392],[-110.90908,32.18781],[-110.909103,32.188066],[-110.909126,32.18832],[-110.909145,32.18853],[-110.90915,32.188582],[-110.90916,32.189163],[-110.909162,32.189269],[-110.909172,32.189374],[-110.909193,32.189427],[-110.909193,32.189526],[-110.909193,32.189619],[-110.909194,32.189717],[-110.909194,32.1899],[-110.909194,32.190004],[-110.909195,32.190099],[-110.909195,32.190283],[-110.909196,32.190788],[-110.909197,32.191174],[-110.909206,32.191294],[-110.909225,32.191679],[-110.909243,32.192885],[-110.909257,32.193582],[-110.90926,32.193771],[-110.90927,32.194284],[-110.90927,32.194338],[-110.909274,32.194528],[-110.909274,32.194566],[-110.909276,32.194682],[-110.909277,32.194721],[-110.909278,32.194806],[-110.909281,32.195065],[-110.909282,32.195151],[-110.909112,32.195151],[-110.896203,32.195196],[-110.895945,32.195236],[-110.894948,32.195309],[-110.894124,32.195332],[-110.892772,32.195323],[-110.892555,32.195317],[-110.886564,32.195315],[-110.885262,32.195248],[-110.883875,32.19499],[-110.883289,32.194798],[-110.882703,32.194585],[-110.882139,32.194309],[-110.881202,32.193797],[-110.880552,32.193435],[-110.879913,32.193105],[-110.87921,32.192807],[-110.87839,32.192541],[-110.877623,32.192381],[-110.876857,32.192296],[-110.875113,32.192284],[-110.874615,32.192276],[-110.874546,32.192273],[-110.87434,32.19227],[-110.874272,32.192271],[-110.873464,32.192258],[-110.866527,32.192271],[-110.860646,32.192254],[-110.859669,32.192247],[-110.858969,32.192228],[-110.85797,32.192135],[-110.857928,32.192134],[-110.857826,32.19212],[-110.857391,32.192062],[-110.856972,32.192036],[-110.856544,32.192009],[-110.855598,32.191978],[-110.85498,32.191967],[-110.854042,32.191963],[-110.853681,32.191974],[-110.853157,32.191958],[-110.849811,32.191952],[-110.849666,32.191952],[-110.849005,32.191946],[-110.848485,32.191942],[-110.847023,32.191938],[-110.846363,32.191939],[-110.846275,32.191938],[-110.846013,32.191936],[-110.845926,32.191936],[-110.845786,32.191938],[-110.845366,32.191947],[-110.845227,32.191952],[-110.845067,32.19195],[-110.844587,32.191947],[-110.844428,32.191946],[-110.844336,32.191946],[-110.844063,32.191946],[-110.843972,32.191946],[-110.843365,32.191946],[-110.842794,32.191946],[-110.841547,32.191947],[-110.840941,32.191949],[-110.840175,32.191958],[-110.839782,32.191963],[-110.837879,32.191958],[-110.837646,32.191958],[-110.837114,32.191958],[-110.837,32.191955],[-110.836659,32.191949],[-110.836546,32.191948],[-110.836461,32.191946],[-110.836206,32.191941],[-110.836122,32.191941],[-110.835372,32.191938],[-110.833125,32.191933],[-110.832936,32.191933],[-110.832377,32.191943],[-110.831694,32.19194],[-110.829645,32.19193],[-110.828963,32.191929],[-110.828479,32.191924],[-110.828064,32.19192],[-110.827029,32.191913],[-110.826755,32.191913],[-110.826546,32.191912],[-110.826008,32.19191],[-110.824396,32.191907],[-110.823956,32.191907],[-110.823859,32.19191],[-110.823762,32.191907],[-110.823011,32.191906],[-110.821177,32.191904],[-110.820468,32.191903],[-110.819621,32.191903],[-110.819156,32.191899],[-110.818302,32.191892],[-110.817764,32.191889],[-110.8173,32.191886],[-110.814987,32.191868],[-110.814538,32.191866],[-110.813622,32.191865],[-110.812625,32.191854],[-110.812402,32.191851],[-110.811733,32.191842],[-110.81151,32.19184],[-110.811407,32.191839],[-110.8111,32.191836],[-110.810998,32.191835],[-110.810853,32.191833],[-110.81042,32.191829],[-110.810276,32.191828],[-110.810395,32.19191],[-110.812179,32.194027],[-110.813057,32.195009],[-110.814242,32.196335],[-110.814925,32.197073],[-110.817022,32.199292],[-110.817826,32.200142],[-110.819806,32.202022],[-110.822271,32.203654],[-110.82243,32.203761],[-110.823937,32.204856],[-110.82476,32.205653],[-110.825359,32.206331],[-110.825425,32.20644],[-110.826418,32.208079],[-110.826453,32.20818],[-110.827474,32.211134],[-110.827703,32.211811],[-110.828092,32.213523],[-110.828126,32.213658],[-110.828188,32.213905],[-110.828209,32.213986],[-110.82854,32.21529],[-110.828577,32.215436],[-110.828653,32.215959],[-110.828724,32.216452],[-110.828799,32.216968],[-110.828874,32.21748],[-110.829095,32.219001],[-110.829191,32.219916],[-110.829212,32.219997],[-110.829477,32.220983],[-110.829538,32.220982],[-110.829721,32.220982],[-110.829783,32.220984],[-110.830023,32.220984],[-110.830743,32.220986],[-110.830983,32.220987],[-110.831258,32.220986],[-110.832087,32.220985],[-110.832363,32.220985],[-110.832808,32.220987],[-110.834143,32.220993],[-110.834589,32.220996],[-110.8351,32.220998],[-110.836636,32.221007],[-110.837148,32.221012],[-110.837914,32.221017],[-110.840215,32.221033],[-110.840982,32.221039],[-110.841559,32.221035],[-110.841833,32.221035],[-110.844388,32.221038],[-110.84524,32.221039],[-110.845382,32.221037],[-110.845809,32.221034],[-110.845952,32.221033],[-110.846235,32.22103],[-110.847087,32.221023],[-110.847372,32.221021],[-110.847807,32.221021],[-110.849111,32.221024],[-110.849547,32.221025],[-110.849683,32.221024],[-110.850906,32.221024],[-110.851756,32.221025],[-110.854028,32.221029],[-110.85487,32.221031],[-110.854952,32.22103],[-110.85587,32.221013],[-110.856051,32.221023],[-110.856099,32.221033],[-110.856803,32.22118],[-110.857281,32.221249],[-110.857738,32.221276],[-110.857924,32.221278],[-110.858057,32.221291],[-110.858688,32.221323],[-110.858793,32.221339],[-110.858937,32.221361],[-110.859422,32.221462],[-110.859602,32.22149],[-110.859957,32.221515],[-110.860958,32.22154],[-110.861393,32.221541],[-110.862095,32.221545],[-110.862266,32.221546],[-110.865509,32.221562],[-110.868652,32.221594],[-110.868757,32.221594],[-110.870845,32.221587],[-110.871957,32.221606],[-110.872896,32.221606],[-110.873349,32.221604],[-110.874711,32.221604],[-110.875051,32.221605],[-110.875165,32.221611],[-110.876014,32.221618],[-110.877503,32.221632],[-110.877927,32.221636],[-110.878565,32.221638],[-110.879224,32.221642],[-110.879415,32.221646],[-110.879461,32.221576],[-110.880055,32.221606],[-110.881646,32.221676],[-110.883696,32.221674],[-110.884397,32.221663],[-110.886502,32.221635],[-110.887204,32.221627],[-110.887336,32.221621],[-110.887734,32.221607],[-110.887867,32.221603],[-110.890153,32.221564],[-110.892234,32.221501],[-110.89232,32.221502],[-110.892712,32.221498],[-110.892734,32.221497],[-110.893979,32.221504],[-110.894395,32.221506],[-110.894831,32.221511],[-110.895157,32.221517],[-110.896141,32.221508],[-110.896578,32.221505],[-110.89701,32.221504],[-110.898306,32.221501],[-110.898738,32.2215],[-110.899168,32.221504],[-110.900458,32.221519],[-110.900889,32.221524],[-110.901106,32.221528],[-110.901756,32.221545],[-110.901974,32.221552],[-110.902193,32.22155],[-110.90285,32.221548],[-110.90307,32.221548],[-110.903268,32.221549],[-110.903864,32.221555],[-110.904063,32.221557],[-110.905204,32.221565],[-110.906185,32.221563],[-110.906415,32.221559],[-110.907105,32.221555],[-110.907336,32.221554],[-110.907467,32.221555],[-110.907862,32.221559],[-110.907994,32.221562],[-110.908093,32.221562],[-110.908391,32.221563],[-110.908491,32.221564],[-110.909595,32.22157],[-110.909589,32.221626],[-110.909445,32.222186],[-110.909506,32.222502],[-110.909477,32.223413],[-110.909497,32.224312],[-110.909508,32.225222],[-110.909521,32.226138],[-110.909524,32.22632],[-110.909533,32.226869],[-110.909536,32.227052],[-110.909557,32.22795],[-110.909577,32.228845],[-110.909584,32.228893],[-110.909578,32.229229],[-110.909578,32.229259],[-110.909594,32.230364],[-110.9096,32.230733],[-110.909603,32.230916],[-110.909612,32.231465],[-110.909616,32.23165],[-110.909618,32.231831],[-110.909627,32.232376],[-110.90963,32.232558],[-110.909636,32.232919],[-110.909657,32.234004],[-110.909664,32.234366],[-110.909667,32.234547],[-110.909678,32.235092],[-110.909682,32.235274],[-110.909682,32.235456],[-110.909682,32.236006],[-110.909683,32.236093],[-110.90968,32.236189],[-110.910109,32.236189],[-110.910876,32.236191],[-110.911397,32.236195],[-110.91155,32.236197],[-110.911827,32.2362],[-110.912122,32.236198],[-110.91301,32.236196],[-110.913306,32.236196],[-110.913441,32.236193],[-110.913846,32.23619],[-110.913982,32.236189],[-110.914403,32.236184],[-110.915666,32.23617],[-110.916088,32.236166],[-110.916394,32.236162],[-110.917313,32.236154],[-110.91762,32.236153],[-110.917739,32.236154],[-110.918098,32.236159],[-110.918218,32.236161],[-110.91842,32.236156],[-110.919029,32.236144],[-110.919232,32.23614],[-110.919454,32.236139],[-110.920123,32.236139],[-110.920346,32.236139],[-110.920446,32.236137],[-110.920746,32.236134],[-110.920847,32.236135],[-110.921173,32.236131],[-110.922154,32.236126],[-110.922482,32.236124],[-110.922567,32.236123],[-110.922824,32.236126],[-110.92291,32.236127],[-110.923002,32.236126],[-110.923252,32.236109],[-110.923655,32.236084],[-110.924084,32.236062],[-110.924279,32.236061],[-110.924622,32.236062],[-110.92474,32.236058],[-110.925094,32.23605],[-110.925213,32.236048],[-110.925398,32.236036],[-110.926627,32.236008],[-110.926814,32.236007],[-110.926813,32.23634],[-110.926765,32.237254],[-110.926765,32.237377],[-110.926766,32.237748],[-110.926767,32.237872],[-110.926769,32.238011],[-110.926777,32.238435],[-110.92678,32.238576],[-110.926777,32.238802],[-110.92677,32.239486],[-110.926769,32.239714],[-110.92677,32.239891],[-110.926773,32.240429],[-110.926775,32.240608],[-110.926776,32.240633],[-110.926779,32.240707],[-110.926781,32.240733],[-110.926779,32.240886],[-110.926775,32.241346],[-110.926775,32.241501],[-110.926777,32.241849],[-110.926783,32.242896],[-110.926786,32.243245],[-110.926786,32.24342],[-110.926789,32.243949],[-110.92679,32.244126],[-110.926792,32.244311],[-110.9268,32.244867],[-110.926803,32.245054],[-110.926811,32.24596],[-110.926817,32.246863],[-110.926817,32.246945],[-110.926836,32.248625],[-110.926848,32.24953],[-110.926851,32.249699],[-110.926862,32.250208],[-110.926866,32.250379],[-110.926867,32.25048],[-110.926863,32.250656],[-110.926844,32.251486],[-110.926838,32.251765],[-110.926832,32.252035],[-110.926816,32.252848],[-110.926812,32.253119],[-110.926814,32.253295],[-110.92682,32.253822],[-110.926823,32.254],[-110.92682,32.254111],[-110.926813,32.254446],[-110.926812,32.254558],[-110.92681,32.254631],[-110.926807,32.254849],[-110.926806,32.254923],[-110.926806,32.255052],[-110.926806,32.25544],[-110.926807,32.25557],[-110.926807,32.255628],[-110.926807,32.255801],[-110.926807,32.25586],[-110.926811,32.256006],[-110.926825,32.256448],[-110.92683,32.256595],[-110.92682,32.257689],[-110.926806,32.259466],[-110.926809,32.259501],[-110.926782,32.261332],[-110.926768,32.263141],[-110.926763,32.263502],[-110.926758,32.263941],[-110.926744,32.264584],[-110.926737,32.264946],[-110.927094,32.264949],[-110.927374,32.264947],[-110.929288,32.264937],[-110.929926,32.264934],[-110.930133,32.264932],[-110.930757,32.264927],[-110.930965,32.264926],[-110.931186,32.264923],[-110.931849,32.264918],[-110.932071,32.264917],[-110.932177,32.264916],[-110.932498,32.264916],[-110.932605,32.264917],[-110.933132,32.264919],[-110.933919,32.264925],[-110.934715,32.264916],[-110.935243,32.264912],[-110.937368,32.264881],[-110.939513,32.264857],[-110.939938,32.26485],[-110.940763,32.264839],[-110.941214,32.26484],[-110.94164,32.264841],[-110.942148,32.264824],[-110.943442,32.264835],[-110.943786,32.264846],[-110.945921,32.264817],[-110.948055,32.264818],[-110.948091,32.264817],[-110.950159,32.264794],[-110.952317,32.264787],[-110.952563,32.264787],[-110.953304,32.264787],[-110.953551,32.264787],[-110.95418,32.264786],[-110.956071,32.264786],[-110.956701,32.264786],[-110.957155,32.264783],[-110.957557,32.264794],[-110.958056,32.264808],[-110.958663,32.264832],[-110.959546,32.264843],[-110.960127,32.264826],[-110.960428,32.264818],[-110.960984,32.264811],[-110.960986,32.26504],[-110.960992,32.265729],[-110.960994,32.26596],[-110.960993,32.266091],[-110.960993,32.266484],[-110.960993,32.266616],[-110.960994,32.266781],[-110.960997,32.267276],[-110.960999,32.267442],[-110.961001,32.267547],[-110.961007,32.267864],[-110.96101,32.26797],[-110.961008,32.268062],[-110.961004,32.268338],[-110.961003,32.268432],[-110.961003,32.26852],[-110.961005,32.268785],[-110.961006,32.268874],[-110.961008,32.269069],[-110.961014,32.269653],[-110.961016,32.269849],[-110.961016,32.269928],[-110.961019,32.270165],[-110.96102,32.270244],[-110.96102,32.270605],[-110.961022,32.271689],[-110.961023,32.272051],[-110.961026,32.272336],[-110.961036,32.27319],[-110.96104,32.273477],[-110.961042,32.273882],[-110.961043,32.273924],[-110.961052,32.275267],[-110.961054,32.275709],[-110.961052,32.275757],[-110.961055,32.276679],[-110.96106,32.277354],[-110.961061,32.277508],[-110.961063,32.278078],[-110.961075,32.27935],[-110.961075,32.281486],[-110.961815,32.281484],[-110.961938,32.281482],[-110.962063,32.281481],[-110.962251,32.281479],[-110.96503,32.28145],[-110.966019,32.281441],[-110.968478,32.281409],[-110.969604,32.281399],[-110.969959,32.281604],[-110.969979,32.28158],[-110.970046,32.281525],[-110.970216,32.281412],[-110.970374,32.281317],[-110.971453,32.280778],[-110.97169,32.280601],[-110.971957,32.280891],[-110.972007,32.28096],[-110.972024,32.280984],[-110.97208,32.281091],[-110.972128,32.281205],[-110.972158,32.281306],[-110.972175,32.281393],[-110.972184,32.281481],[-110.972201,32.282368],[-110.97221,32.282837],[-110.972203,32.282847],[-110.972269,32.282845],[-110.972467,32.28284],[-110.972534,32.282841],[-110.972711,32.282838],[-110.973245,32.282832],[-110.973423,32.282831],[-110.97353,32.282831],[-110.973654,32.282831],[-110.973854,32.282831],[-110.973962,32.282832],[-110.974116,32.282832],[-110.974578,32.282832],[-110.974732,32.282832],[-110.975417,32.282828],[-110.977475,32.282818],[-110.978058,32.282815],[-110.978065,32.283546],[-110.978076,32.284752],[-110.978073,32.285742],[-110.978074,32.286474],[-110.97808,32.287188],[-110.97809,32.28828],[-110.978104,32.28935],[-110.978114,32.290076],[-110.97814,32.291978],[-110.978148,32.293894],[-110.97815,32.293952],[-110.978152,32.294017],[-110.978156,32.294127],[-110.978156,32.29414],[-110.978157,32.294186],[-110.97827,32.294198],[-110.978346,32.294206],[-110.97916,32.294289],[-110.979662,32.294341],[-110.981415,32.294523],[-110.981694,32.294832],[-110.981903,32.295064],[-110.982398,32.294791],[-110.982416,32.294789],[-110.98255,32.294774],[-110.983055,32.29472],[-110.983546,32.294666],[-110.983693,32.294652],[-110.984307,32.2946],[-110.984329,32.294591],[-110.984359,32.294581],[-110.985318,32.294226],[-110.985814,32.294043],[-110.986283,32.293869],[-110.986659,32.293731],[-110.986705,32.293714],[-110.986791,32.293681],[-110.987175,32.29354],[-110.987836,32.293233],[-110.988214,32.293057],[-110.988593,32.292881],[-110.989068,32.292661],[-110.98926,32.292648],[-110.990493,32.292579],[-110.9918,32.292827],[-110.99303,32.293292],[-110.993684,32.293704],[-110.993712,32.293722],[-110.99377,32.293745],[-110.994776,32.294145],[-110.995123,32.294283],[-110.995406,32.294451],[-110.995697,32.294602],[-110.995717,32.29463],[-110.995746,32.29468],[-110.998404,32.296242],[-110.999236,32.296731],[-111.002228,32.297602],[-111.003338,32.297896],[-111.004275,32.298144],[-111.004427,32.298184],[-111.005545,32.298852],[-111.006483,32.299413],[-111.007278,32.299919],[-111.008073,32.300425],[-111.008508,32.300701],[-111.008799,32.300886],[-111.008942,32.300977],[-111.009074,32.301061],[-111.009206,32.301145],[-111.01062,32.302044],[-111.012033,32.302944],[-111.012801,32.303147],[-111.013573,32.303353],[-111.013822,32.30342],[-111.014072,32.303486],[-111.015065,32.30375],[-111.015106,32.303762],[-111.015869,32.303987],[-111.016401,32.30427],[-111.016641,32.304398],[-111.017261,32.304731],[-111.018839,32.304971],[-111.019165,32.304979],[-111.020474,32.30539],[-111.021319,32.305337],[-111.021648,32.30549],[-111.021798,32.30556],[-111.021812,32.305566],[-111.021948,32.30563],[-111.026688,32.307868],[-111.026825,32.307922],[-111.026876,32.307944],[-111.027699,32.30832],[-111.028571,32.309318],[-111.028707,32.309373],[-111.028807,32.309429],[-111.028925,32.309481],[-111.029933,32.309906],[-111.030176,32.31001],[-111.03095,32.310307],[-111.031739,32.310486],[-111.035177,32.310516],[-111.036536,32.310735],[-111.037392,32.310938],[-111.037702,32.311012],[-111.038013,32.311085],[-111.038642,32.311316],[-111.039054,32.311466],[-111.03918,32.311513],[-111.040242,32.311903],[-111.040447,32.312057],[-111.040803,32.312324],[-111.040932,32.312452],[-111.041146,32.312712],[-111.041439,32.312934],[-111.04205,32.313997],[-111.042533,32.314702],[-111.042707,32.314956],[-111.043016,32.315406],[-111.043533,32.315737],[-111.044116,32.315811],[-111.044189,32.31582],[-111.044431,32.315776],[-111.044693,32.315729],[-111.04561,32.315435],[-111.045986,32.315315],[-111.045972,32.315295],[-111.045767,32.314994],[-111.045699,32.314894],[-111.045793,32.314843],[-111.045812,32.314834],[-111.045925,32.314773],[-111.045992,32.314736],[-111.045995,32.314498],[-111.045998,32.314165],[-111.046007,32.313301],[-111.04729,32.313332],[-111.047548,32.313688],[-111.047694,32.313639],[-111.047794,32.313613],[-111.047896,32.313593],[-111.048053,32.313554],[-111.04821,32.313519],[-111.048529,32.313462],[-111.04869,32.31344],[-111.049014,32.313409],[-111.049177,32.313399],[-111.049384,32.313394],[-111.049515,32.313382],[-111.049639,32.31335],[-111.049728,32.313339],[-111.049895,32.31328],[-111.050488,32.313277],[-111.051831,32.313237],[-111.052669,32.313217],[-111.052644,32.312475],[-111.052638,32.312345],[-111.052941,32.312347],[-111.053278,32.312349],[-111.05421,32.312356],[-111.054428,32.312351],[-111.054567,32.312347],[-111.054586,32.31095],[-111.054588,32.310794],[-111.054546,32.310749],[-111.054531,32.310733],[-111.054453,32.310448],[-111.054453,32.310415],[-111.054456,32.310303],[-111.054465,32.309912],[-111.054491,32.309076],[-111.0545,32.3088],[-111.0545,32.30872],[-111.054498,32.308632],[-111.054579,32.308632],[-111.054657,32.308633],[-111.062874,32.308654],[-111.062933,32.308658],[-111.064076,32.308657],[-111.064519,32.308657],[-111.065496,32.308657],[-111.065565,32.308657],[-111.06564,32.308656],[-111.067107,32.308656],[-111.067101,32.308718],[-111.067289,32.308723],[-111.068197,32.308747],[-111.069212,32.30872],[-111.070271,32.30872],[-111.072892,32.308723],[-111.072925,32.308725],[-111.073311,32.308745],[-111.073386,32.30875],[-111.07405,32.308742],[-111.075622,32.308749],[-111.076299,32.308723],[-111.076463,32.308723],[-111.078634,32.308732],[-111.078987,32.308728],[-111.079829,32.308721],[-111.080388,32.308723],[-111.080573,32.308725],[-111.082068,32.308732],[-111.082628,32.308736],[-111.08266,32.308735],[-111.082758,32.308735],[-111.082791,32.308735],[-111.083391,32.308732],[-111.083916,32.308729],[-111.085862,32.308723],[-111.08726,32.308733],[-111.087294,32.308732],[-111.08842,32.308719],[-111.088648,32.308719],[-111.089333,32.30872],[-111.089562,32.308721],[-111.090997,32.308777],[-111.091528,32.308716],[-111.091947,32.308686],[-111.092588,32.308691],[-111.09304,32.308715],[-111.093797,32.308723],[-111.094129,32.30872],[-111.095347,32.308742],[-111.09631,32.308725],[-111.096793,32.308716],[-111.096903,32.3087],[-111.098069,32.308685],[-111.100461,32.308689],[-111.100591,32.308693],[-111.1009,32.308705],[-111.101365,32.308723],[-111.102218,32.308667],[-111.102658,32.308641],[-111.102856,32.308642],[-111.102969,32.308643],[-111.10325,32.308626],[-111.103447,32.308593],[-111.103643,32.308562],[-111.103983,32.308599],[-111.104155,32.308619],[-111.104464,32.308639],[-111.104942,32.308645],[-111.104965,32.308647],[-111.10501,32.308649],[-111.105316,32.30867],[-111.105348,32.308653],[-111.10549,32.308841],[-111.106133,32.309595],[-111.106333,32.309842],[-111.106556,32.310195],[-111.107007,32.31065],[-111.107335,32.31101],[-111.107557,32.311497],[-111.107878,32.312201],[-111.108092,32.312551],[-111.108306,32.312813],[-111.108466,32.313009],[-111.108898,32.313476],[-111.109423,32.313936],[-111.109847,32.314326],[-111.110382,32.314684],[-111.110855,32.314926],[-111.111598,32.31527],[-111.112329,32.315398],[-111.113204,32.315515],[-111.113962,32.315629],[-111.114192,32.315659],[-111.114615,32.315715],[-111.114641,32.315718],[-111.115374,32.315689],[-111.116476,32.31572],[-111.11676,32.31573],[-111.117678,32.315765],[-111.118429,32.315662],[-111.119423,32.315656],[-111.120367,32.315508],[-111.120448,32.315913],[-111.12253,32.315913],[-111.122529,32.325636],[-111.12262,32.330399],[-111.131261,32.330488],[-111.131479,32.337591],[-111.131492,32.337591],[-111.135591,32.337588],[-111.135515,32.344894],[-111.139971,32.344872],[-111.140017,32.344896],[-111.140046,32.344932],[-111.140062,32.344966],[-111.140067,32.345008],[-111.140062,32.345044],[-111.140048,32.345074],[-111.140022,32.345108],[-111.139985,32.345144],[-111.139926,32.345185],[-111.139903,32.345226],[-111.139895,32.345256],[-111.139893,32.34533],[-111.139905,32.345487],[-111.139898,32.345711],[-111.1399,32.346048],[-111.139906,32.346221],[-111.139919,32.346598],[-111.139905,32.347138],[-111.139901,32.347895],[-111.139913,32.347941],[-111.140001,32.348111],[-111.140034,32.348209],[-111.140044,32.348291],[-111.140039,32.348365],[-111.140025,32.348421],[-111.139943,32.348559],[-111.139923,32.348615],[-111.139908,32.34871],[-111.139894,32.348972],[-111.139914,32.349509],[-111.139919,32.350133],[-111.139927,32.350538],[-111.139947,32.351549],[-111.139941,32.35173],[-111.139933,32.351998],[-111.139932,32.352026],[-111.140607,32.352018],[-111.14121,32.35202],[-111.141935,32.352017],[-111.141999,32.352017],[-111.14843,32.351987],[-111.1485,32.351984],[-111.148512,32.355569],[-111.148519,32.357875],[-111.148535,32.362797],[-111.148479,32.362797],[-111.148156,32.362798],[-111.143885,32.362803],[-111.140624,32.362806],[-111.139997,32.362807],[-111.139998,32.362949],[-111.140002,32.363464],[-111.140003,32.363594],[-111.140005,32.363774],[-111.140024,32.366087],[-111.140028,32.36646],[-111.139941,32.366464],[-111.137911,32.366469],[-111.137932,32.367482],[-111.137934,32.367602],[-111.137945,32.368222],[-111.138852,32.368248],[-111.140015,32.368282],[-111.140146,32.368286],[-111.14015,32.368887],[-111.140153,32.369459],[-111.140157,32.37014],[-111.140167,32.371724],[-111.140179,32.373748],[-111.140081,32.373753],[-111.139991,32.373747],[-111.139727,32.373746],[-111.139769,32.373835],[-111.139558,32.373921],[-111.139394,32.373983],[-111.139269,32.374033],[-111.139384,32.374227],[-111.139512,32.374414],[-111.139544,32.374461],[-111.139585,32.374515],[-111.139628,32.374569],[-111.139671,32.374623],[-111.139704,32.37467],[-111.139831,32.37486],[-111.139824,32.375012],[-111.139766,32.375213],[-111.139584,32.375874],[-111.139388,32.376452],[-111.139204,32.377074],[-111.139074,32.377517],[-111.139024,32.377716],[-111.1389,32.378203],[-111.138877,32.378292],[-111.138985,32.378293],[-111.139151,32.378292],[-111.139608,32.37829],[-111.139987,32.378289],[-111.140365,32.378286],[-111.140746,32.378283],[-111.141717,32.378273],[-111.141956,32.37827],[-111.144343,32.378246],[-111.144399,32.380978],[-111.148545,32.380948],[-111.148659,32.380947],[-111.148655,32.380859],[-111.148637,32.378147],[-111.148857,32.378205],[-111.148884,32.378212],[-111.15076,32.378712],[-111.15285,32.379271],[-111.153939,32.379561],[-111.155231,32.379907],[-111.155306,32.379927],[-111.155369,32.379944],[-111.15562,32.38001],[-111.15647,32.380237],[-111.156802,32.380326],[-111.158345,32.380743],[-111.158373,32.38075],[-111.158397,32.380755],[-111.158472,32.380775],[-111.158497,32.380784],[-111.158664,32.380829],[-111.158838,32.380876],[-111.159082,32.380909],[-111.159175,32.380912],[-111.159349,32.38092],[-111.160469,32.380916],[-111.163463,32.380907],[-111.163829,32.380906],[-111.16495,32.380904],[-111.165355,32.380902],[-111.165682,32.380902],[-111.166572,32.380899],[-111.166978,32.380899],[-111.16755,32.380896],[-111.167829,32.380897],[-111.168961,32.380893],[-111.169223,32.380892],[-111.169266,32.380892],[-111.169289,32.380892],[-111.169134,32.381153],[-111.1688,32.381506],[-111.168134,32.382198],[-111.168113,32.382225],[-111.167235,32.383143],[-111.166255,32.384168],[-111.165782,32.384651],[-111.165394,32.385075],[-111.165405,32.385711],[-111.165448,32.388158],[-111.173989,32.388145],[-111.173946,32.384569],[-111.173902,32.380913],[-111.173901,32.380858],[-111.173962,32.380858],[-111.174302,32.380856],[-111.176066,32.380854],[-111.179651,32.38085],[-111.181359,32.380848],[-111.182466,32.380847],[-111.182466,32.380761],[-111.182459,32.380626],[-111.182457,32.380244],[-111.18245,32.37003],[-111.184425,32.370025],[-111.185056,32.370023],[-111.19658,32.369993],[-111.196633,32.369993],[-111.196877,32.369994],[-111.197202,32.369992],[-111.197585,32.369993],[-111.197695,32.369991],[-111.204047,32.369974],[-111.207158,32.369965],[-111.2087,32.369961],[-111.211886,32.369951],[-111.213466,32.369947],[-111.215864,32.36994],[-111.216476,32.369938],[-111.216477,32.369635],[-111.216437,32.365894],[-111.21664,32.365893],[-111.230903,32.365849],[-111.233773,32.36584],[-111.233769,32.366179],[-111.233775,32.367637],[-111.233796,32.372011],[-111.233803,32.373471],[-111.233811,32.374917],[-111.233838,32.379258],[-111.233847,32.380705],[-111.233849,32.3808],[-111.233963,32.383659],[-111.233955,32.383756],[-111.23397,32.385117],[-111.233973,32.38581],[-111.233967,32.386004],[-111.233995,32.392592],[-111.233996,32.392773],[-111.234001,32.394535],[-111.234003,32.395528],[-111.233996,32.397061],[-111.233988,32.398784],[-111.233988,32.398875],[-111.233986,32.399328],[-111.233978,32.40111],[-111.233978,32.401969],[-111.233968,32.402492],[-111.235293,32.402486],[-111.23556,32.402485],[-111.240624,32.402467],[-111.241556,32.402464],[-111.241594,32.402464],[-111.241668,32.402464],[-111.24242,32.402372],[-111.242864,32.402321],[-111.243196,32.402255],[-111.243678,32.402077],[-111.243967,32.401971],[-111.244008,32.401949],[-111.244299,32.40179],[-111.244678,32.401541],[-111.245091,32.401218],[-111.245362,32.400954],[-111.245616,32.400641],[-111.245846,32.400282],[-111.246115,32.399721],[-111.246303,32.39896],[-111.246453,32.398348],[-111.246611,32.397891],[-111.246674,32.397711],[-111.246985,32.397155],[-111.247252,32.396797],[-111.24757,32.396481],[-111.248248,32.395933],[-111.248711,32.395686],[-111.248915,32.395601],[-111.249206,32.395483],[-111.249818,32.395305],[-111.249977,32.395272],[-111.25017,32.395231],[-111.25021,32.395223],[-111.250762,32.395173],[-111.250911,32.395162],[-111.250959,32.395152],[-111.250981,32.395153],[-111.251048,32.395162],[-111.251071,32.395165],[-111.251156,32.395163],[-111.255188,32.39515],[-111.255474,32.39515],[-111.260973,32.395126],[-111.261686,32.395123],[-111.263775,32.395122],[-111.26378,32.394899],[-111.268552,32.394835],[-111.268683,32.394834],[-111.268814,32.394829],[-111.268945,32.394821],[-111.269075,32.394808],[-111.269204,32.394792],[-111.269333,32.394772],[-111.269461,32.394748],[-111.269588,32.394721],[-111.269714,32.394689],[-111.269838,32.394654],[-111.269961,32.394615],[-111.269958,32.393432],[-111.271659,32.393424],[-111.272844,32.393422],[-111.272955,32.39339],[-111.273347,32.393301],[-111.273362,32.393298],[-111.273377,32.393294],[-111.273392,32.39329],[-111.27367,32.393251],[-111.273918,32.393219],[-111.274047,32.393209],[-111.274175,32.393202],[-111.274304,32.393199],[-111.274433,32.393198],[-111.276559,32.393189],[-111.276561,32.39329],[-111.28186,32.393272],[-111.283972,32.393266],[-111.284569,32.393262],[-111.286363,32.393258],[-111.286961,32.393256],[-111.287016,32.39325],[-111.288452,32.393244],[-111.288933,32.393243],[-111.291482,32.393228],[-111.292143,32.393227],[-111.292928,32.393226],[-111.293977,32.393225],[-111.29442,32.393222],[-111.298686,32.393198],[-111.300309,32.393204],[-111.300752,32.393169],[-111.301142,32.393117],[-111.301535,32.39304],[-111.301678,32.393005],[-111.301949,32.392939],[-111.302317,32.392832],[-111.302685,32.392694],[-111.303085,32.392521],[-111.303813,32.392118],[-111.303956,32.392023],[-111.303999,32.392077],[-111.304056,32.39221],[-111.30408,32.392281],[-111.304141,32.392729],[-111.304157,32.393065],[-111.304151,32.393258],[-111.304156,32.400552],[-111.30416,32.404252],[-111.304163,32.404975],[-111.304173,32.407145],[-111.304177,32.407869],[-111.304184,32.409439],[-111.304206,32.414154],[-111.304214,32.415726],[-111.30422,32.416998],[-111.304238,32.420814],[-111.304244,32.422088],[-111.304244,32.423544],[-111.304246,32.427918],[-111.304247,32.429376],[-111.304248,32.430099],[-111.304251,32.432271],[-111.304252,32.432996],[-111.304252,32.433642],[-111.304254,32.435584],[-111.304255,32.436231],[-111.304255,32.436352],[-111.304255,32.436715],[-111.304256,32.436836],[-111.304256,32.43712],[-111.304256,32.437345],[-111.304256,32.437973],[-111.304256,32.438258],[-111.304256,32.438429],[-111.304256,32.438948],[-111.304257,32.439121],[-111.304257,32.439819],[-111.304257,32.440846],[-111.304259,32.441913],[-111.30426,32.442612],[-111.304263,32.443653],[-111.304255,32.444076],[-111.30426,32.444255],[-111.304263,32.44427],[-111.304268,32.444904],[-111.304257,32.451133],[-111.304477,32.451132],[-111.313187,32.451104],[-111.313222,32.451143],[-111.319593,32.458217],[-111.319828,32.458478],[-111.319906,32.458564],[-111.320695,32.45944],[-111.320847,32.459604],[-111.321166,32.459947],[-111.321273,32.460062],[-111.321861,32.460666],[-111.321909,32.460715],[-111.322887,32.46162],[-111.322911,32.461647],[-111.323529,32.462179],[-111.323888,32.462555],[-111.324057,32.462713],[-111.324666,32.463281],[-111.324797,32.463387],[-111.324948,32.463508],[-111.324965,32.463518],[-111.325149,32.463635],[-111.325328,32.463708],[-111.325553,32.46376],[-111.325595,32.46377],[-111.325708,32.463769],[-111.325767,32.46377],[-111.326627,32.463768],[-111.327554,32.463767],[-111.327787,32.463802],[-111.328029,32.463858],[-111.328215,32.463921],[-111.328454,32.464037],[-111.328774,32.464243],[-111.329039,32.464433],[-111.329747,32.464945],[-111.329806,32.464987],[-111.330642,32.465587],[-111.331051,32.465883],[-111.33257,32.467003],[-111.332929,32.467225],[-111.333425,32.467428],[-111.334118,32.46763],[-111.334455,32.467704],[-111.3345,32.467706],[-111.335154,32.468344],[-111.337119,32.470259],[-111.337774,32.470898],[-111.33792,32.47104],[-111.338186,32.471299],[-111.33836,32.471469],[-111.338507,32.471612],[-111.338512,32.472482],[-111.338525,32.474402],[-111.338525,32.475091],[-111.338525,32.475528],[-111.338532,32.475963],[-111.338544,32.476747],[-111.338544,32.476815],[-111.338548,32.477925],[-111.338607,32.479261],[-111.338608,32.479373],[-111.338623,32.480226],[-111.338578,32.483486],[-111.338505,32.48891],[-111.3385,32.493268],[-111.3385,32.493584],[-111.338509,32.494061],[-111.338539,32.49458],[-111.33857,32.494738],[-111.338593,32.494915],[-111.338759,32.495757],[-111.338879,32.495987],[-111.339083,32.496268],[-111.339186,32.496371],[-111.339377,32.496562],[-111.339805,32.496968],[-111.340117,32.497215],[-111.340357,32.497425],[-111.341019,32.498008],[-111.341405,32.498342],[-111.341909,32.498798],[-111.342206,32.499054],[-111.342468,32.49924],[-111.342747,32.499399],[-111.342852,32.499435],[-111.342924,32.499452],[-111.343275,32.499564],[-111.343427,32.499588],[-111.343888,32.49969],[-111.344036,32.499707],[-111.344336,32.499685],[-111.344466,32.499676],[-111.344774,32.499697],[-111.344879,32.499721],[-111.345213,32.499846],[-111.345866,32.500021],[-111.34592,32.500036],[-111.34861,32.500678],[-111.35021,32.501049],[-111.350652,32.501161],[-111.351531,32.501355],[-111.351577,32.50139],[-111.355521,32.501378],[-111.359656,32.501364],[-111.360904,32.50136],[-111.36373,32.501351],[-111.365058,32.50135],[-111.36667,32.501349],[-111.366778,32.501349],[-111.369422,32.501348],[-111.369447,32.501348],[-111.369767,32.501348],[-111.380919,32.501348],[-111.383059,32.501348],[-111.397715,32.501351],[-111.401784,32.501352],[-111.405265,32.501352],[-111.40565,32.501353],[-111.405954,32.501379],[-111.410226,32.501372],[-111.412343,32.501369],[-111.412479,32.501369],[-111.413587,32.501367],[-111.419775,32.501356],[-111.42327,32.501348],[-111.432023,32.501332],[-111.432338,32.501351],[-111.437256,32.501349],[-111.43782,32.50135],[-111.465685,32.501342],[-111.465726,32.515043],[-111.465743,32.520575],[-111.465736,32.52221],[-111.465703,32.530023],[-111.465515,32.532725],[-111.46542,32.53296],[-111.465342,32.533406],[-111.46518,32.533873],[-111.465161,32.534027],[-111.465174,32.534191],[-111.465245,32.534374],[-111.465316,32.53461],[-111.465316,32.534869],[-111.465356,32.535155],[-111.465386,32.535272],[-111.4652,32.537643],[-111.465263,32.538659],[-111.465852,32.544987],[-111.465847,32.557636],[-111.465847,32.558884],[-111.465835,32.559264],[-111.465774,32.564691],[-111.465842,32.574418],[-111.465863,32.57736],[-111.465837,32.578283],[-111.465805,32.585882],[-111.465803,32.586356],[-111.465802,32.586603],[-111.4658,32.586999],[-111.465458,32.588198],[-111.465516,32.588251],[-111.465553,32.588332],[-111.465572,32.58841],[-111.465576,32.588506],[-111.465553,32.588925],[-111.465558,32.589194],[-111.465524,32.591158],[-111.465508,32.597907],[-111.465491,32.598973],[-111.465503,32.599914],[-111.465497,32.600498],[-111.465481,32.60205],[-111.465488,32.602804],[-111.46549,32.602991],[-111.46552,32.603726],[-111.465994,32.605262],[-111.466074,32.60552],[-111.465992,32.607297],[-111.465537,32.611736],[-111.465457,32.614796],[-111.477056,32.614503],[-111.477109,32.6145],[-111.482391,32.614353],[-111.482374,32.615032],[-111.482367,32.617193],[-111.482391,32.617494],[-111.482425,32.617641],[-111.482469,32.617706],[-111.482502,32.617727],[-111.482658,32.617744],[-111.482752,32.617753],[-111.484608,32.617735],[-111.488398,32.617705],[-111.49013,32.61772],[-111.491725,32.617677],[-111.492217,32.617665],[-111.496586,32.617651],[-111.499542,32.617649],[-111.49953,32.618294],[-111.499536,32.619022],[-111.499542,32.619735],[-111.499542,32.621121],[-111.499556,32.622393],[-111.499556,32.625014],[-111.499587,32.625801],[-111.499569,32.626686],[-111.499593,32.627494],[-111.499592,32.628349],[-111.499597,32.629177],[-111.499576,32.6297],[-111.499592,32.63037],[-111.499604,32.631419],[-111.499598,32.63219],[-111.499595,32.632502],[-111.499607,32.633525],[-111.499593,32.634323],[-111.499589,32.634577],[-111.499598,32.635373],[-111.499608,32.63953],[-111.499623,32.645719],[-111.499602,32.646648],[-111.500018,32.646645],[-111.500436,32.646648],[-111.510459,32.646717],[-111.516711,32.64676],[-111.519571,32.646769],[-111.522011,32.646799],[-111.524287,32.646811],[-111.525461,32.646825],[-111.526312,32.646835],[-111.528033,32.646839],[-111.530683,32.646875],[-111.531067,32.64688],[-111.531354,32.646884],[-111.532026,32.646886],[-111.533666,32.64689],[-111.5339,32.646883],[-111.534059,32.646878],[-111.535486,32.646831],[-111.54248,32.646789],[-111.543133,32.646785],[-111.545419,32.646754],[-111.546575,32.646729],[-111.547399,32.646729],[-111.548152,32.646704],[-111.549206,32.646707],[-111.550537,32.646683],[-111.551357,32.646686],[-111.552645,32.646692],[-111.556524,32.646635],[-111.557265,32.64665],[-111.559009,32.646637],[-111.560074,32.64661],[-111.560455,32.6466],[-111.562525,32.646608],[-111.562854,32.6466],[-111.563753,32.646608],[-111.566578,32.646577],[-111.568489,32.646577],[-111.570381,32.646579],[-111.572906,32.646557],[-111.577037,32.646521],[-111.577579,32.646516],[-111.578721,32.646487],[-111.581168,32.646482],[-111.585967,32.646428],[-111.594924,32.646403],[-111.595708,32.6464],[-111.596964,32.646407],[-111.599002,32.646397],[-111.599739,32.646394],[-111.60173,32.646409],[-111.602663,32.646407],[-111.603094,32.646406],[-111.606082,32.646411],[-111.608779,32.646369],[-111.611731,32.646349],[-111.615264,32.646324],[-111.617126,32.646334],[-111.619559,32.64631],[-111.620266,32.646287],[-111.620627,32.646275],[-111.620879,32.646267],[-111.623034,32.646287],[-111.625454,32.646257],[-111.62609,32.646251],[-111.62703,32.646253],[-111.630181,32.64623],[-111.631236,32.646216],[-111.632293,32.646222],[-111.634991,32.646197],[-111.636041,32.64621],[-111.636974,32.646189],[-111.637531,32.646192],[-111.63986,32.6462],[-111.641675,32.646172],[-111.642529,32.646182],[-111.643618,32.646174],[-111.644552,32.646167],[-111.646018,32.646172],[-111.64621,32.646172],[-111.647311,32.64616],[-111.648337,32.646164],[-111.649036,32.646158],[-111.651855,32.646134],[-111.652757,32.64612],[-111.653803,32.646124],[-111.654839,32.646144],[-111.655791,32.646154],[-111.656693,32.646146],[-111.657702,32.646152],[-111.658642,32.646138],[-111.659577,32.646149],[-111.662408,32.646134],[-111.66346,32.646133],[-111.664476,32.646153],[-111.665607,32.646138],[-111.668739,32.646144],[-111.669866,32.646137],[-111.670947,32.646141],[-111.671799,32.646124],[-111.67203,32.646126],[-111.672028,32.647461],[-111.672016,32.649093],[-111.672025,32.650667],[-111.672011,32.653357],[-111.672003,32.654704],[-111.672007,32.655405],[-111.67201,32.657483],[-111.672037,32.658823],[-111.672048,32.662976],[-111.672041,32.66414],[-111.672039,32.664577],[-111.672072,32.667596],[-111.672064,32.669207],[-111.672059,32.670544],[-111.67202,32.672241],[-111.672008,32.673792],[-111.671956,32.675226],[-111.671957,32.675379],[-111.673386,32.675393],[-111.680998,32.675382],[-111.682286,32.675389],[-111.682717,32.67539],[-111.682985,32.675392],[-111.683651,32.675396],[-111.684739,32.675382],[-111.684886,32.675382],[-111.685043,32.675379],[-111.686432,32.675373],[-111.687649,32.675356],[-111.688952,32.675365],[-111.688966,32.675956],[-111.68897,32.67605],[-111.688975,32.677094],[-111.688943,32.678084],[-111.688939,32.679454],[-111.688931,32.680227],[-111.688926,32.680736],[-111.688927,32.68111],[-111.688922,32.681592],[-111.688919,32.682176],[-111.688919,32.682774],[-111.688899,32.685789],[-111.6889,32.686527],[-111.688894,32.687071],[-111.688886,32.688973],[-111.688881,32.689402],[-111.688872,32.689931],[-111.701321,32.689948],[-111.706057,32.68994],[-111.70684,32.689943],[-111.714633,32.689975],[-111.71461,32.69271],[-111.714569,32.69734],[-111.714504,32.704694],[-111.7145,32.704954],[-111.714386,32.712205],[-111.714276,32.719146],[-111.706277,32.719115],[-111.705901,32.719114],[-111.697261,32.719332],[-111.694674,32.719324],[-111.697261,32.721296],[-111.704178,32.726568],[-111.705869,32.727857],[-111.713559,32.733717],[-111.713779,32.733888],[-111.72279,32.740913],[-111.722864,32.740969],[-111.722862,32.7411],[-111.722862,32.741146],[-111.722843,32.74409],[-111.722788,32.746758],[-111.722823,32.748247],[-111.722818,32.749699],[-111.722833,32.750017],[-111.722817,32.751188],[-111.722795,32.751998],[-111.72278,32.762585],[-111.722791,32.76278],[-111.722794,32.762827],[-111.722806,32.762925],[-111.723523,32.762924],[-111.724486,32.762923],[-111.731297,32.762977],[-111.732254,32.762985],[-111.739738,32.763046],[-111.739926,32.763047],[-111.740083,32.763048],[-111.74058,32.763052],[-111.74008,32.763622],[-111.740072,32.764597],[-111.739985,32.776208],[-111.739944,32.777206],[-111.739954,32.777572],[-111.739948,32.778283],[-111.739991,32.779626],[-111.739995,32.780153],[-111.73996,32.78296],[-111.739938,32.783816],[-111.739937,32.784729],[-111.739935,32.785749],[-111.739925,32.786336],[-111.739913,32.790286],[-111.739913,32.791539],[-111.739899,32.792118],[-111.739895,32.792174],[-111.73992,32.792635],[-111.739916,32.794827],[-111.739931,32.795672],[-111.739932,32.795721],[-111.739933,32.795867],[-111.739928,32.796979],[-111.739928,32.797542],[-111.739929,32.799152],[-111.73993,32.799381],[-111.739943,32.799381],[-111.740015,32.799383],[-111.740254,32.799381],[-111.744241,32.799356],[-111.747648,32.799336],[-111.748401,32.799331],[-111.753519,32.7993],[-111.755061,32.799291],[-111.757003,32.799276],[-111.757201,32.799274],[-111.757294,32.799278],[-111.757281,32.799867],[-111.757302,32.806302],[-111.757303,32.806625],[-111.757176,32.806626],[-111.757176,32.806638],[-111.757252,32.812505],[-111.757263,32.813106],[-111.75731,32.815787],[-111.757336,32.81806],[-111.757369,32.819854],[-111.757381,32.820537],[-111.757384,32.821132],[-111.757384,32.8212],[-111.757384,32.821231],[-111.757391,32.822442],[-111.75739,32.822691],[-111.757388,32.823312],[-111.757382,32.824737],[-111.757378,32.825198],[-111.757376,32.82546],[-111.75736,32.827423],[-111.757356,32.827863],[-111.758703,32.827866],[-111.760106,32.827869],[-111.764125,32.827863],[-111.767141,32.82784],[-111.767772,32.827863],[-111.770193,32.827864],[-111.770686,32.827866],[-111.772473,32.827872],[-111.774013,32.827849],[-111.774328,32.827849],[-111.774325,32.82817],[-111.774795,32.828173],[-111.776273,32.82817],[-111.777832,32.828167],[-111.779097,32.828159],[-111.780294,32.82815],[-111.780875,32.828175],[-111.780933,32.828178],[-111.781233,32.828184],[-111.785677,32.828153],[-111.788599,32.828144],[-111.791822,32.828139],[-111.798584,32.828167],[-111.802342,32.828184],[-111.807422,32.828204],[-111.808928,32.828197],[-111.808936,32.827894],[-111.809077,32.827894],[-111.810038,32.827894],[-111.812524,32.827883],[-111.813053,32.827899],[-111.81838,32.827871],[-111.819297,32.827855],[-111.819703,32.827872],[-111.821174,32.827868],[-111.823514,32.827882],[-111.824622,32.827883],[-111.825231,32.827862],[-111.825852,32.82786],[-111.825943,32.82786],[-111.825941,32.828187],[-111.825938,32.828522],[-111.825953,32.830101],[-111.825954,32.831308],[-111.825943,32.833031],[-111.825953,32.834767],[-111.825975,32.835742],[-111.825991,32.836433],[-111.825979,32.840423],[-111.825961,32.842062],[-111.825984,32.843815],[-111.825972,32.845429],[-111.825992,32.84932],[-111.825979,32.850102],[-111.843338,32.850236],[-111.843256,32.850423],[-111.843176,32.850879],[-111.843219,32.852336],[-111.84328,32.859263],[-111.843214,32.860594],[-111.843233,32.86246],[-111.843247,32.864123],[-111.843249,32.864863],[-111.843327,32.864863],[-111.843336,32.865736],[-111.843343,32.866524],[-111.843342,32.867312],[-111.843341,32.868098],[-111.84334,32.868615],[-111.84335,32.869052],[-111.843361,32.869563],[-111.843367,32.870072],[-111.843368,32.870573],[-111.84337,32.871074],[-111.843373,32.871581],[-111.843376,32.872124],[-111.844125,32.872126],[-111.845965,32.87211],[-111.846241,32.872104],[-111.84773,32.872073],[-111.851848,32.872093],[-111.851955,32.872087],[-111.852591,32.87209],[-111.856625,32.872104],[-111.858944,32.872204],[-111.860581,32.872179],[-111.877606,32.872217],[-111.894952,32.872143],[-111.909483,32.872141],[-111.912034,32.872141],[-111.912034,32.872297],[-111.912033,32.874077],[-111.912029,32.874535],[-111.912026,32.874862],[-111.909908,32.87486],[-111.909917,32.878257],[-111.909921,32.879395],[-111.911772,32.879391],[-111.912031,32.87939],[-111.916706,32.879375],[-111.919035,32.879364],[-111.920709,32.879382],[-111.921226,32.879389],[-111.923793,32.879396],[-111.926544,32.87939],[-111.929284,32.879367],[-111.929562,32.879362],[-111.930078,32.879354],[-111.932843,32.879365],[-111.933045,32.879365],[-111.933318,32.879368],[-111.933891,32.879375],[-111.935434,32.879392],[-111.937447,32.879376],[-111.93751,32.879382],[-111.938139,32.879378],[-111.939803,32.879367],[-111.942375,32.87937],[-111.945014,32.87936],[-111.946225,32.879361],[-111.946366,32.879361],[-111.946502,32.879361],[-111.946861,32.879361],[-111.946882,32.875086],[-111.946845,32.86466],[-111.950828,32.864869],[-111.960478,32.864871],[-111.961371,32.864838],[-111.962549,32.86484],[-111.963692,32.864834],[-111.969021,32.864858],[-111.972847,32.864756],[-111.975907,32.864715],[-111.977571,32.864692],[-111.979236,32.86467],[-111.980315,32.864655],[-111.980299,32.867151],[-111.980214,32.874026],[-111.980531,32.874671],[-111.98053,32.875114],[-111.980518,32.875829],[-111.980518,32.876115],[-111.980505,32.876658],[-111.980505,32.876907],[-111.980499,32.87717],[-111.980499,32.877583],[-111.980493,32.87804],[-111.980519,32.879046],[-111.980552,32.879095],[-111.980578,32.879095],[-111.980524,32.879353],[-111.980791,32.879356],[-111.98106,32.879359],[-111.981445,32.879362],[-111.983839,32.87934],[-111.997711,32.87933],[-111.998089,32.879328],[-112.000011,32.879317],[-112.006232,32.879317],[-112.007241,32.879317],[-112.01473,32.879317],[-112.014875,32.879317],[-112.016459,32.879322],[-112.018785,32.879322],[-112.02097,32.879334],[-112.023093,32.879312],[-112.023199,32.879311],[-112.023846,32.879314],[-112.025473,32.879323],[-112.026049,32.879325],[-112.027643,32.87933],[-112.027876,32.87933],[-112.029777,32.879331],[-112.031946,32.879323],[-112.03205,32.879323],[-112.032033,32.87841],[-112.032012,32.875664],[-112.032007,32.875017],[-112.031991,32.871305],[-112.031945,32.869653],[-112.031949,32.868311],[-112.031953,32.867103],[-112.031971,32.866003],[-112.031994,32.86499],[-112.031997,32.864823],[-112.032013,32.864157],[-112.032009,32.861962],[-112.032003,32.861448],[-112.032012,32.861368],[-112.032064,32.861319],[-112.032137,32.861274],[-112.0322,32.861229],[-112.032236,32.861151],[-112.03222,32.860923],[-112.032194,32.860759],[-112.032139,32.860678],[-112.032082,32.860596],[-112.032066,32.860542],[-112.032033,32.860432],[-112.032002,32.860038],[-112.031993,32.857895],[-112.031996,32.856805],[-112.03199,32.855696],[-112.031988,32.855168],[-112.031954,32.853146],[-112.031946,32.851602],[-112.03193,32.851092],[-112.031913,32.850521],[-112.031914,32.85035],[-112.031913,32.850171],[-112.032712,32.850174],[-112.034413,32.850146],[-112.035681,32.850194],[-112.044868,32.849694],[-112.0665,32.850384],[-112.066495,32.850558],[-112.066491,32.851197],[-112.066489,32.851469],[-112.066464,32.852069],[-112.066459,32.852477],[-112.066438,32.852753],[-112.066434,32.85304],[-112.066446,32.853445],[-112.066429,32.857278],[-112.066415,32.86054],[-112.066421,32.861493],[-112.066442,32.864291],[-112.066437,32.864758],[-112.066408,32.864953],[-112.0664,32.865133],[-112.066412,32.865249],[-112.066441,32.865322],[-112.066466,32.865426],[-112.066508,32.865941],[-112.066506,32.866925],[-112.066505,32.8675],[-112.066511,32.868527],[-112.066516,32.869522],[-112.066511,32.870334],[-112.066507,32.871146],[-112.066522,32.873233],[-112.066524,32.873423],[-112.066512,32.874589],[-112.066508,32.875011],[-112.066518,32.87719],[-112.06652,32.877605],[-112.066517,32.879286],[-112.066418,32.879292],[-112.06464,32.879275],[-112.062519,32.879263],[-112.060031,32.879271],[-112.058693,32.87927],[-112.05804,32.879269],[-112.052641,32.879288],[-112.049749,32.879274],[-112.049468,32.87928],[-112.04927,32.879285],[-112.049276,32.880253],[-112.049322,32.881207],[-112.049357,32.881787],[-112.049322,32.882475],[-112.049326,32.883525],[-112.049352,32.885703],[-112.04935,32.886516],[-112.04935,32.886632],[-112.049362,32.888998],[-112.04937,32.890033],[-112.049365,32.891379],[-112.049362,32.8923],[-112.049374,32.893822],[-112.049486,32.893827],[-112.049592,32.893831],[-112.049603,32.896464],[-112.049576,32.900067],[-112.049579,32.901125],[-112.049588,32.903477],[-112.049582,32.905002],[-112.049582,32.905291],[-112.049589,32.907075],[-112.049604,32.908361],[-112.049623,32.915546],[-112.049623,32.915579],[-112.049624,32.915948],[-112.049651,32.917673],[-112.049661,32.922984],[-112.049662,32.923356],[-112.049554,32.930176],[-112.049536,32.931584],[-112.049493,32.933256],[-112.049461,32.936436],[-112.049426,32.937513],[-112.0494,32.938144],[-112.049372,32.938676],[-112.049284,32.939669],[-112.049264,32.939757],[-112.049184,32.940393],[-112.04898,32.941626],[-112.04889,32.942098],[-112.048736,32.942904],[-112.048684,32.943254],[-112.048588,32.943897],[-112.048435,32.945185],[-112.048365,32.946399],[-112.048017,32.955537],[-112.047993,32.956607],[-112.047988,32.956853],[-112.047929,32.965812],[-112.047936,32.967],[-112.047918,32.968122],[-112.047923,32.969012],[-112.047922,32.970726],[-112.04792,32.971034],[-112.048131,32.971034],[-112.049893,32.971034],[-112.04813,32.971159],[-112.047918,32.971172],[-112.047917,32.971428],[-112.047975,32.979536],[-112.048,32.980368],[-112.047991,32.981419],[-112.04802,32.983899],[-112.047999,32.984986],[-112.048011,32.985629],[-112.048291,32.985622],[-112.049231,32.985599],[-112.051675,32.98555],[-112.05182,32.985548],[-112.053305,32.985518],[-112.054399,32.985481],[-112.056555,32.985442],[-112.05688,32.985436],[-112.061559,32.985339],[-112.06485,32.985266],[-112.065105,32.985262],[-112.065273,32.985259],[-112.065582,32.985255],[-112.069687,32.985153],[-112.073861,32.985051],[-112.077441,32.984966],[-112.078138,32.984944],[-112.078346,32.984938],[-112.081132,32.984872],[-112.082198,32.984859],[-112.082647,32.984848],[-112.084122,32.984812],[-112.08479,32.984797],[-112.086535,32.984777],[-112.08714,32.984763],[-112.089271,32.984715],[-112.090466,32.984696],[-112.091398,32.984676],[-112.091544,32.984674],[-112.094962,32.984605],[-112.096525,32.984574],[-112.097084,32.984564],[-112.097279,32.984561],[-112.097903,32.98455],[-112.09834,32.984565],[-112.098549,32.984612],[-112.098762,32.984681],[-112.099024,32.984792],[-112.099728,32.985115],[-112.100131,32.985294],[-112.100265,32.985352],[-112.100565,32.985458],[-112.100832,32.985512],[-112.10107,32.985526],[-112.101383,32.985528],[-112.103181,32.985526],[-112.104585,32.985531],[-112.105997,32.985529],[-112.106956,32.985521],[-112.108733,32.985529],[-112.109276,32.985532],[-112.110433,32.985531],[-112.110827,32.985528],[-112.111695,32.985522],[-112.112721,32.985523],[-112.113238,32.985523],[-112.115997,32.985518],[-112.116265,32.985521],[-112.117339,32.985525],[-112.118919,32.985521],[-112.120598,32.985518],[-112.121861,32.985526],[-112.122044,32.985528],[-112.12249,32.985532],[-112.12375,32.985525],[-112.124102,32.985528],[-112.124842,32.985535],[-112.12502,32.985536],[-112.12593,32.985525],[-112.127279,32.985532],[-112.127684,32.985528],[-112.128245,32.985525],[-112.128999,32.985525],[-112.129628,32.985531],[-112.130244,32.985528],[-112.131032,32.985518],[-112.131826,32.985523],[-112.131942,32.985525],[-112.132367,32.985515],[-112.132582,32.985512],[-112.132726,32.985478],[-112.132803,32.985435],[-112.132867,32.9854],[-112.132953,32.985318],[-112.133118,32.985065],[-112.133435,32.984544],[-112.133725,32.984014],[-112.133947,32.983638],[-112.134175,32.983249],[-112.134434,32.982737],[-112.134482,32.982571],[-112.134505,32.982321],[-112.134515,32.981803],[-112.134513,32.98165],[-112.134512,32.981524],[-112.134509,32.981338],[-112.134517,32.980103],[-112.134516,32.979414],[-112.134523,32.978263],[-112.134531,32.977395],[-112.13453,32.976407],[-112.134529,32.976059],[-112.134536,32.975301],[-112.134528,32.974629],[-112.134534,32.974407],[-112.134537,32.972917],[-112.134532,32.971021],[-112.134777,32.971037],[-112.135387,32.971054],[-112.135536,32.971055],[-112.136281,32.971065],[-112.137012,32.971052],[-112.137342,32.971051],[-112.142766,32.971024],[-112.1432,32.97103],[-112.143364,32.971032],[-112.144997,32.971049],[-112.146488,32.97104],[-112.147444,32.971051],[-112.151786,32.971047],[-112.152059,32.971038],[-112.155933,32.971038],[-112.156541,32.971027],[-112.156558,32.971029],[-112.157015,32.97106],[-112.15746,32.971116],[-112.157749,32.971156],[-112.158147,32.971247],[-112.15841,32.971331],[-112.158746,32.971457],[-112.159056,32.971592],[-112.159383,32.971762],[-112.159665,32.971944],[-112.160336,32.972416],[-112.16063,32.972634],[-112.160998,32.97287],[-112.161338,32.973101],[-112.161619,32.973263],[-112.162274,32.973596],[-112.162616,32.973761],[-112.162955,32.973954],[-112.1632,32.974111],[-112.163462,32.974302],[-112.163658,32.974468],[-112.163852,32.974673],[-112.163968,32.974857],[-112.164039,32.97504],[-112.164067,32.975198],[-112.16409,32.975397],[-112.164132,32.975548],[-112.164214,32.975771],[-112.164308,32.975985],[-112.164397,32.976241],[-112.164416,32.976325],[-112.164417,32.976412],[-112.164398,32.976532],[-112.164369,32.976653],[-112.164268,32.977005],[-112.164222,32.977224],[-112.164199,32.977401],[-112.164198,32.977597],[-112.164219,32.977829],[-112.164269,32.977988],[-112.164331,32.978096],[-112.164403,32.978191],[-112.164472,32.978236],[-112.164501,32.978254],[-112.16461,32.97829],[-112.164727,32.978316],[-112.165409,32.978326],[-112.168077,32.978335],[-112.168822,32.978327],[-112.16889,32.978333],[-112.16893,32.978349],[-112.169026,32.978368],[-112.169056,32.978367],[-112.169084,32.978341],[-112.169144,32.978313],[-112.169388,32.978309],[-112.169694,32.978296],[-112.170813,32.978302],[-112.171531,32.978298],[-112.171836,32.978299],[-112.172764,32.978305],[-112.173254,32.978301],[-112.173766,32.978306],[-112.177181,32.978305],[-112.177627,32.978308],[-112.177792,32.978309],[-112.178907,32.978315],[-112.179693,32.978307],[-112.180045,32.97831],[-112.18077,32.978307],[-112.181398,32.978315],[-112.182063,32.978309],[-112.183976,32.978307],[-112.184562,32.978312],[-112.185709,32.978315],[-112.186103,32.978323],[-112.187153,32.97833],[-112.18755,32.978338],[-112.188026,32.978341],[-112.189091,32.978327],[-112.190194,32.978322],[-112.190934,32.978333],[-112.191996,32.978332],[-112.192475,32.978341],[-112.192619,32.978335],[-112.192816,32.978327],[-112.193378,32.978326],[-112.193777,32.978336],[-112.194478,32.978329],[-112.194761,32.978313],[-112.194844,32.978309],[-112.195003,32.97834],[-112.195198,32.978433],[-112.195469,32.978614],[-112.195625,32.978803],[-112.195686,32.978924],[-112.195771,32.979024],[-112.195823,32.979069],[-112.195912,32.979109],[-112.195995,32.979132],[-112.19606,32.979129],[-112.1961,32.979111],[-112.19615,32.979052],[-112.196204,32.9788],[-112.196264,32.978695],[-112.196495,32.978507],[-112.1966,32.978456],[-112.196763,32.978436],[-112.19696,32.978434],[-112.197085,32.979436],[-112.196934,32.980235],[-112.196754,32.982467],[-112.196798,32.983516],[-112.196882,32.983584],[-112.197003,32.984381],[-112.197312,32.984975],[-112.197443,32.987755],[-112.197478,32.988529],[-112.197877,32.989621],[-112.197959,32.989669],[-112.19898,32.992106],[-112.19921,32.992835],[-112.199428,32.992836],[-112.200111,32.992829],[-112.200772,32.992836],[-112.202224,32.992834],[-112.202597,32.99282],[-112.202945,32.992814],[-112.202984,32.992814],[-112.202984,32.994109],[-112.202982,32.997424],[-112.202981,32.998157],[-112.202979,32.999082],[-112.20299,32.999325],[-112.202995,32.999444],[-112.202991,33.009262],[-112.202991,33.011317],[-112.202989,33.014607],[-112.202983,33.028866],[-112.202982,33.029152],[-112.202213,33.029151],[-112.202146,33.029153],[-112.202146,33.029575],[-112.202154,33.041876],[-112.20213,33.046043],[-112.20213,33.049066],[-112.202131,33.050884],[-112.202135,33.062162],[-112.202137,33.067898],[-112.202136,33.068185],[-112.202136,33.070148],[-112.202134,33.070445],[-112.202134,33.070736],[-112.202137,33.071275],[-112.202137,33.071401],[-112.202137,33.072019],[-112.202137,33.072197],[-112.202136,33.072474],[-112.20214,33.084088],[-112.202142,33.084213],[-112.202145,33.08434],[-112.20214,33.087023],[-112.202142,33.087168],[-112.202148,33.11619],[-112.202148,33.116738],[-112.20215,33.117743],[-112.202149,33.117879],[-112.202149,33.120994],[-112.202148,33.122685],[-112.202147,33.125308],[-112.202151,33.125817],[-112.202147,33.126105],[-112.202145,33.132595],[-112.202145,33.134571],[-112.202143,33.140557],[-112.202141,33.148589],[-112.202138,33.156504],[-112.202137,33.158165],[-112.202138,33.158284],[-112.202139,33.158372],[-112.202128,33.192004],[-112.202127,33.193339],[-112.202127,33.197632],[-112.202125,33.203279],[-112.202122,33.207346],[-112.202118,33.211442],[-112.202111,33.219584],[-112.202109,33.222257],[-112.202107,33.224932],[-112.202102,33.230244],[-112.202087,33.231336],[-112.202099,33.233826],[-112.202094,33.238571],[-112.202087,33.246523],[-112.202088,33.246693],[-112.202087,33.246861],[-112.205985,33.246851],[-112.219035,33.246795],[-112.222802,33.246778],[-112.224192,33.246772],[-112.237175,33.246623],[-112.250684,33.246468],[-112.269237,33.246588],[-112.306184,33.246921],[-112.306179,33.247692],[-112.306142,33.250045],[-112.306142,33.257976],[-112.306155,33.261197],[-112.306155,33.261293],[-112.306159,33.262225],[-112.306144,33.290382],[-112.306144,33.290898],[-112.306146,33.296107],[-112.306145,33.299813],[-112.306146,33.31485],[-112.306147,33.324193],[-112.306148,33.334415],[-112.30615,33.360799],[-112.30615,33.362626],[-112.30615,33.366667],[-112.306023,33.368379],[-112.306122,33.376996],[-112.306128,33.378678],[-112.306127,33.378696],[-112.306131,33.380576],[-112.306306,33.380313],[-112.30636,33.380198],[-112.306541,33.379865],[-112.306642,33.379703],[-112.30675,33.379544],[-112.306865,33.379388],[-112.306987,33.379236],[-112.307115,33.379091],[-112.307449,33.379224],[-112.307376,33.379298],[-112.307257,33.379438],[-112.307145,33.379581],[-112.307038,33.379728],[-112.306938,33.379877],[-112.306756,33.38019],[-112.306566,33.380594],[-112.306487,33.380804],[-112.308399,33.380818],[-112.30875,33.380822],[-112.308673,33.38103],[-112.307813,33.381545],[-112.30682,33.382156],[-112.305635,33.382751],[-112.304745,33.382928],[-112.303965,33.383091],[-112.30232,33.383015],[-112.299698,33.382317],[-112.299559,33.382261],[-112.299026,33.382042],[-112.296958,33.381189],[-112.294547,33.379965],[-112.294009,33.379834],[-112.292583,33.379489],[-112.291371,33.379364],[-112.290557,33.379317],[-112.289762,33.379303],[-112.289172,33.379298],[-112.288681,33.379292],[-112.288518,33.379291],[-112.288081,33.379381],[-112.286597,33.379692],[-112.284502,33.380235],[-112.282789,33.380811],[-112.280405,33.381467],[-112.278645,33.381642],[-112.277637,33.381642],[-112.275237,33.381594],[-112.274437,33.381531],[-112.273782,33.381438],[-112.272517,33.381259],[-112.272507,33.382503],[-112.272502,33.383026],[-112.272498,33.38355],[-112.272493,33.384795],[-112.272482,33.386052],[-112.272471,33.387672],[-112.272208,33.390447],[-112.272147,33.391101],[-112.272131,33.391416],[-112.272144,33.391472],[-112.272145,33.391534],[-112.272121,33.391973],[-112.272127,33.392268],[-112.272135,33.392285],[-112.272164,33.392318],[-112.272203,33.392333],[-112.272223,33.39235],[-112.272178,33.392384],[-112.272151,33.392418],[-112.272135,33.392465],[-112.27214,33.393286],[-112.272141,33.395077],[-112.272144,33.395333],[-112.272148,33.39578],[-112.27215,33.397058],[-112.272147,33.398007],[-112.272155,33.399244],[-112.272154,33.399555],[-112.272154,33.399867],[-112.272156,33.401105],[-112.272168,33.40289],[-112.272176,33.40335],[-112.272199,33.404339],[-112.272217,33.40527],[-112.272252,33.406452],[-112.272256,33.406627],[-112.272267,33.40719],[-112.272303,33.408104],[-112.272308,33.408313],[-112.27233,33.409168],[-112.272349,33.409899],[-112.27236,33.41015],[-112.272375,33.410473],[-112.2724,33.411682],[-112.272386,33.411899],[-112.272387,33.412022],[-112.272387,33.412112],[-112.272416,33.412666],[-112.272423,33.412944],[-112.272488,33.413598],[-112.272491,33.413776],[-112.272501,33.4144],[-112.272523,33.415024],[-112.272524,33.415329],[-112.272527,33.416165],[-112.272502,33.417144],[-112.272497,33.417369],[-112.272541,33.418629],[-112.272549,33.419148],[-112.272541,33.419572],[-112.272563,33.420026],[-112.272605,33.420749],[-112.272605,33.420764],[-112.272608,33.421104],[-112.272611,33.421348],[-112.272537,33.423955],[-112.272525,33.425851],[-112.272523,33.425913],[-112.272512,33.426383],[-112.272494,33.427211],[-112.272489,33.427594],[-112.272485,33.427953],[-112.272469,33.428418],[-112.272461,33.428631],[-112.272445,33.429502],[-112.272433,33.430489],[-112.272433,33.431361],[-112.272424,33.432296],[-112.272413,33.432901],[-112.272412,33.433332],[-112.272402,33.434036],[-112.272372,33.434748],[-112.272355,33.43549],[-112.272355,33.435513],[-112.272355,33.435572],[-112.272355,33.435591],[-112.264303,33.435643],[-112.263861,33.435647],[-112.255475,33.43568],[-112.255144,33.435688],[-112.250596,33.43606],[-112.246818,33.436372],[-112.246633,33.436388],[-112.238297,33.437051],[-112.238234,33.437054],[-112.234393,33.437013],[-112.232444,33.436994],[-112.229641,33.436973],[-112.222928,33.437024],[-112.222927,33.437118],[-112.222397,33.437133],[-112.22145,33.437144],[-112.221207,33.437148],[-112.22097,33.437146],[-112.221059,33.440915],[-112.221178,33.44092],[-112.221265,33.444394],[-112.221275,33.445618],[-112.221276,33.445692],[-112.221277,33.445753],[-112.221282,33.446717],[-112.221165,33.446717],[-112.221162,33.448113],[-112.221156,33.451511],[-112.221156,33.451692],[-112.221156,33.451707],[-112.221152,33.451777],[-112.221217,33.451779],[-112.222431,33.451788],[-112.224912,33.4518],[-112.227382,33.451765],[-112.229682,33.451779],[-112.229768,33.451779],[-112.229913,33.45178],[-112.233152,33.451817],[-112.233282,33.451818],[-112.234123,33.451819],[-112.237946,33.451808],[-112.238325,33.451801],[-112.238365,33.451799],[-112.238314,33.454745],[-112.238267,33.45743],[-112.23825,33.458398],[-112.238268,33.459077],[-112.238292,33.459985],[-112.238335,33.461602],[-112.238296,33.462106],[-112.238308,33.462473],[-112.238323,33.462947],[-112.23822,33.463606],[-112.23818,33.464065],[-112.238172,33.464095],[-112.238173,33.465097],[-112.238186,33.46533],[-112.240245,33.46528],[-112.240368,33.465278],[-112.242155,33.465249],[-112.242248,33.465249],[-112.243214,33.465234],[-112.243455,33.465231],[-112.245276,33.46521],[-112.245857,33.465201],[-112.246567,33.465189],[-112.250916,33.465114],[-112.25306,33.465085],[-112.25483,33.465052],[-112.25491,33.465052],[-112.25501,33.465051],[-112.255243,33.465049],[-112.255472,33.465048],[-112.257886,33.465034],[-112.257974,33.465034],[-112.260234,33.464984],[-112.2613,33.464962],[-112.263861,33.46491],[-112.264321,33.4649],[-112.26569,33.464871],[-112.266058,33.464864],[-112.267861,33.464812],[-112.268044,33.464806],[-112.268357,33.464806],[-112.268384,33.464806],[-112.268531,33.464806],[-112.26858,33.464806],[-112.268778,33.464805],[-112.268789,33.464805],[-112.26884,33.464805],[-112.268868,33.464805],[-112.269171,33.464806],[-112.269396,33.464799],[-112.270632,33.464762],[-112.271279,33.464743],[-112.27231,33.464734],[-112.272401,33.464734],[-112.272422,33.464734],[-112.272401,33.468407],[-112.272402,33.468438],[-112.2724,33.468581],[-112.272384,33.471882],[-112.272359,33.478692],[-112.272361,33.479198],[-112.272362,33.47924],[-112.272473,33.47932],[-112.272471,33.479359],[-112.272456,33.479698],[-112.272456,33.479819],[-112.272454,33.480283],[-112.272463,33.481313],[-112.272455,33.486517],[-112.272456,33.492038],[-112.272442,33.493386],[-112.272444,33.493799],[-112.272551,33.493797],[-112.272646,33.493795],[-112.272767,33.493792],[-112.274274,33.493775],[-112.275369,33.493769],[-112.275839,33.493772],[-112.277241,33.493768],[-112.278327,33.49376],[-112.279406,33.493752],[-112.281046,33.493727],[-112.28135,33.493721],[-112.282709,33.493699],[-112.28494,33.493679],[-112.285645,33.493678],[-112.286324,33.493684],[-112.286864,33.493685],[-112.289547,33.49366],[-112.290218,33.493653],[-112.291837,33.493594],[-112.293329,33.493539],[-112.296011,33.49344],[-112.298518,33.493355],[-112.30175,33.493263],[-112.302506,33.493235],[-112.306231,33.493097],[-112.306797,33.493088],[-112.307561,33.493094],[-112.308612,33.493065],[-112.308924,33.493055],[-112.309338,33.493107],[-112.31082,33.493116],[-112.311695,33.493122],[-112.312825,33.493133],[-112.313276,33.493138],[-112.313728,33.493142],[-112.314671,33.49315],[-112.315791,33.493161],[-112.316305,33.493166],[-112.317911,33.493181],[-112.318969,33.493191],[-112.319586,33.493198],[-112.319825,33.493201],[-112.323007,33.493239],[-112.323742,33.493248],[-112.324009,33.493248],[-112.325037,33.49325],[-112.325223,33.49325],[-112.327469,33.493253],[-112.327901,33.493253],[-112.328046,33.493253],[-112.328258,33.493253],[-112.332171,33.493259],[-112.333034,33.493271],[-112.335622,33.493299],[-112.336288,33.493302],[-112.336799,33.493305],[-112.340869,33.493322],[-112.34167,33.493326],[-112.341946,33.49332],[-112.342111,33.493314],[-112.342277,33.493304],[-112.342627,33.493272],[-112.342843,33.493245],[-112.343148,33.493196],[-112.343628,33.493096],[-112.343808,33.493051],[-112.343919,33.49302],[-112.344014,33.492992],[-112.34422,33.492929],[-112.344318,33.492896],[-112.344457,33.492848],[-112.344551,33.492813],[-112.344609,33.492791],[-112.344772,33.492725],[-112.344852,33.492692],[-112.344883,33.49268],[-112.344915,33.492668],[-112.345038,33.492612],[-112.345241,33.492518],[-112.345407,33.492426],[-112.345549,33.492347],[-112.345741,33.49224],[-112.345875,33.492155],[-112.3459,33.492139],[-112.346078,33.492027],[-112.346994,33.491364],[-112.347359,33.491098],[-112.347649,33.490886],[-112.348023,33.49062],[-112.348402,33.490358],[-112.348861,33.490053],[-112.349554,33.489617],[-112.34991,33.489403],[-112.350545,33.48904],[-112.351049,33.488766],[-112.351669,33.488448],[-112.352044,33.488264],[-112.352563,33.488019],[-112.352883,33.487873],[-112.353482,33.487614],[-112.354018,33.487394],[-112.354596,33.487174],[-112.355203,33.486951],[-112.355716,33.486776],[-112.356261,33.4866],[-112.356999,33.486382],[-112.357444,33.486236],[-112.358008,33.486084],[-112.358006,33.486017],[-112.358005,33.485932],[-112.358005,33.485758],[-112.358005,33.485638],[-112.358005,33.485564],[-112.358005,33.485457],[-112.358006,33.480321],[-112.355688,33.479149],[-112.35534,33.478973],[-112.35534,33.478958],[-112.355339,33.478918],[-112.355337,33.478867],[-112.354934,33.478865],[-112.35391,33.478841],[-112.351871,33.47887],[-112.350513,33.478844],[-112.348862,33.478836],[-112.348192,33.478833],[-112.34499,33.478817],[-112.342803,33.478807],[-112.341314,33.4788],[-112.341112,33.478799],[-112.340961,33.478797],[-112.340938,33.478797],[-112.340938,33.478676],[-112.340943,33.471532],[-112.340948,33.466147],[-112.340948,33.465589],[-112.34094,33.464267],[-112.340937,33.46398],[-112.34096,33.463247],[-112.340976,33.462417],[-112.340996,33.460724],[-112.340996,33.460696],[-112.341021,33.458758],[-112.341028,33.458495],[-112.341042,33.457997],[-112.341047,33.4577],[-112.341051,33.457469],[-112.34105,33.457192],[-112.341049,33.45606],[-112.341049,33.455644],[-112.341075,33.4546],[-112.341084,33.454199],[-112.341072,33.453462],[-112.341085,33.452179],[-112.341111,33.450822],[-112.341098,33.450085],[-112.341104,33.449888],[-112.341104,33.449871],[-112.341346,33.449871],[-112.343116,33.449869],[-112.344024,33.449869],[-112.345407,33.449862],[-112.348266,33.449855],[-112.349667,33.449846],[-112.351254,33.449841],[-112.352666,33.449834],[-112.35394,33.449834],[-112.353949,33.449461],[-112.353949,33.448605],[-112.353949,33.448451],[-112.353948,33.448119],[-112.353953,33.447707],[-112.353958,33.44697],[-112.353958,33.446609],[-112.353958,33.446208],[-112.352991,33.44621],[-112.35231,33.44621],[-112.349798,33.446216],[-112.349802,33.444141],[-112.349802,33.443585],[-112.349803,33.44258],[-112.351745,33.44258],[-112.351798,33.44258],[-112.352162,33.44258],[-112.3529,33.442576],[-112.353087,33.442563],[-112.353318,33.442563],[-112.353941,33.442581],[-112.353937,33.442551],[-112.353938,33.442504],[-112.353943,33.441839],[-112.353949,33.441145],[-112.353951,33.440815],[-112.354011,33.440592],[-112.353961,33.43533],[-112.354107,33.43533],[-112.354386,33.43533],[-112.355166,33.43533],[-112.356074,33.435332],[-112.356337,33.435333],[-112.356249,33.432631],[-112.356216,33.43171],[-112.355811,33.431712],[-112.35387,33.431709],[-112.353739,33.428041],[-112.352638,33.428044],[-112.352367,33.428044],[-112.35222,33.428127],[-112.350472,33.429117],[-112.350163,33.429292],[-112.34998,33.429065],[-112.349882,33.428947],[-112.35012,33.42881],[-112.350289,33.428714],[-112.350794,33.428429],[-112.351313,33.428146],[-112.351848,33.427854],[-112.352268,33.427625],[-112.352328,33.427591],[-112.352419,33.427542],[-112.352561,33.427464],[-112.352658,33.427413],[-112.353216,33.427118],[-112.353706,33.426898],[-112.354862,33.426389],[-112.355204,33.426229],[-112.355535,33.426069],[-112.355995,33.425827],[-112.357092,33.425198],[-112.357922,33.424732],[-112.357909,33.42362],[-112.35791,33.423042],[-112.357906,33.42297],[-112.357882,33.422613],[-112.357875,33.422266],[-112.35787,33.422005],[-112.357823,33.420972],[-112.357817,33.420853],[-112.357807,33.420688],[-112.357803,33.420561],[-112.357765,33.419303],[-112.357754,33.41866],[-112.357734,33.418143],[-112.357697,33.416853],[-112.357694,33.416345],[-112.357674,33.415827],[-112.357663,33.415219],[-112.357621,33.413648],[-112.357586,33.412332],[-112.357566,33.411653],[-112.357547,33.410972],[-112.357493,33.409193],[-112.357468,33.408201],[-112.357426,33.407026],[-112.357427,33.406912],[-112.357453,33.40681],[-112.357487,33.40674],[-112.357536,33.406674],[-112.357548,33.406662],[-112.357545,33.406553],[-112.357545,33.406541],[-112.357542,33.406476],[-112.357434,33.406476],[-112.357406,33.400495],[-112.357391,33.397434],[-112.357294,33.39476],[-112.357289,33.393708],[-112.357293,33.39328],[-112.35732,33.392954],[-112.357326,33.392595],[-112.357335,33.392022],[-112.357367,33.392024],[-112.357365,33.391956],[-112.358212,33.391958],[-112.358412,33.391942],[-112.358727,33.391927],[-112.359807,33.391876],[-112.360223,33.391855],[-112.36024,33.391854],[-112.360513,33.391841],[-112.361196,33.391841],[-112.361823,33.391841],[-112.366236,33.391841],[-112.366235,33.390662],[-112.366239,33.38894],[-112.366234,33.388329],[-112.366173,33.388019],[-112.364224,33.388188],[-112.361976,33.387498],[-112.361949,33.385413],[-112.361867,33.377554],[-112.361859,33.377197],[-112.349134,33.377023],[-112.344908,33.37698],[-112.344917,33.375619],[-112.342667,33.375627],[-112.3409,33.375619],[-112.340678,33.375618],[-112.340675,33.374972],[-112.34067,33.373667],[-112.340669,33.373578],[-112.340669,33.371986],[-112.340673,33.371851],[-112.339601,33.371845],[-112.339606,33.370027],[-112.340192,33.370029],[-112.340667,33.37003],[-112.34067,33.369994],[-112.340823,33.369992],[-112.340765,33.36996],[-112.340723,33.369911],[-112.340712,33.369888],[-112.340703,33.369838],[-112.340697,33.369577],[-112.340693,33.368997],[-112.340666,33.368972],[-112.340666,33.364542],[-112.340666,33.363641],[-112.340677,33.362798],[-112.340677,33.362689],[-112.343913,33.362699],[-112.344435,33.362685],[-112.344657,33.362687],[-112.344907,33.362689],[-112.34523,33.362687],[-112.348035,33.362686],[-112.348127,33.362686],[-112.348731,33.362685],[-112.349318,33.362686],[-112.353095,33.362729],[-112.353642,33.362735],[-112.355828,33.36276],[-112.356639,33.362769],[-112.357869,33.362783],[-112.357866,33.362484],[-112.357874,33.34816],[-112.357854,33.326469],[-112.357808,33.305964],[-112.357808,33.303077],[-112.357833,33.300734],[-112.357848,33.29937],[-112.35795,33.289954],[-112.358047,33.280995],[-112.35803,33.28025],[-112.357923,33.275848],[-112.357923,33.275809],[-112.357923,33.27578],[-112.357923,33.275662],[-112.357922,33.263151],[-112.357922,33.261846],[-112.35793,33.261266],[-112.357938,33.26065],[-112.357945,33.260137],[-112.357937,33.259681],[-112.357934,33.259476],[-112.357931,33.258519],[-112.357942,33.25788],[-112.357934,33.256985],[-112.357936,33.256151],[-112.357926,33.254599],[-112.357933,33.254419],[-112.357932,33.254185],[-112.357921,33.253912],[-112.35792,33.25389],[-112.357914,33.25329],[-112.357916,33.252554],[-112.357931,33.252068],[-112.357925,33.251523],[-112.357932,33.250366],[-112.357937,33.250079],[-112.357935,33.249675],[-112.357945,33.249158],[-112.35794,33.248175],[-112.357931,33.247439],[-112.357941,33.246791],[-112.357928,33.246645],[-112.357932,33.246214],[-112.357928,33.245167],[-112.357916,33.244374],[-112.357905,33.244124],[-112.357915,33.243285],[-112.357925,33.2429],[-112.357927,33.242682],[-112.35792,33.242395],[-112.357922,33.241418],[-112.357918,33.241146],[-112.357922,33.240273],[-112.357934,33.23991],[-112.357949,33.239615],[-112.35794,33.239494],[-112.357933,33.239247],[-112.357899,33.238785],[-112.357896,33.238495],[-112.357903,33.237932],[-112.357869,33.237367],[-112.357866,33.237246],[-112.357876,33.236989],[-112.357884,33.236117],[-112.357928,33.235155],[-112.357941,33.234695],[-112.357953,33.234496],[-112.35795,33.234291],[-112.357962,33.233927],[-112.357964,33.233006],[-112.357942,33.23225],[-112.357944,33.232211],[-112.357951,33.231989],[-112.357946,33.231672],[-112.357953,33.230513],[-112.357947,33.228994],[-112.357938,33.228628],[-112.357945,33.228312],[-112.357937,33.227899],[-112.35794,33.227474],[-112.357938,33.227322],[-112.357947,33.227108],[-112.357958,33.226478],[-112.357952,33.22627],[-112.357956,33.22524],[-112.357959,33.225175],[-112.357973,33.224818],[-112.357965,33.224207],[-112.357963,33.22401],[-112.357962,33.223156],[-112.357952,33.222844],[-112.357954,33.222155],[-112.357949,33.221974],[-112.357947,33.221595],[-112.357956,33.220685],[-112.357946,33.220097],[-112.357947,33.219586],[-112.35794,33.219118],[-112.357934,33.21817],[-112.357926,33.217951],[-112.357918,33.217868],[-112.357879,33.217675],[-112.357871,33.217574],[-112.357884,33.217212],[-112.357896,33.21651],[-112.357888,33.215994],[-112.357882,33.215612],[-112.357885,33.214446],[-112.357879,33.213245],[-112.35794,33.212322],[-112.357927,33.21156],[-112.357933,33.210915],[-112.357899,33.209719],[-112.357901,33.207115],[-112.357906,33.206076],[-112.357907,33.204473],[-112.357891,33.20373],[-112.357894,33.203597],[-112.357916,33.202776],[-112.357922,33.20254],[-112.357942,33.202092],[-112.357937,33.201814],[-112.357928,33.201242],[-112.357933,33.201025],[-112.357945,33.200791],[-112.357945,33.20073],[-112.357933,33.200646],[-112.357879,33.200466],[-112.357853,33.200336],[-112.357837,33.199933],[-112.357851,33.199004],[-112.357842,33.19847],[-112.357855,33.197817],[-112.357855,33.196655],[-112.357878,33.19627],[-112.357918,33.195711],[-112.357949,33.195088],[-112.357968,33.193762],[-112.357971,33.193114],[-112.357993,33.192462],[-112.35799,33.191906],[-112.35798,33.191533],[-112.357972,33.191414],[-112.35797,33.190962],[-112.357981,33.190294],[-112.357982,33.189763],[-112.357976,33.189391],[-112.357981,33.189239],[-112.357958,33.189025],[-112.35795,33.188878],[-112.357943,33.188749],[-112.358519,33.188754],[-112.358855,33.188755],[-112.359309,33.18876],[-112.360002,33.188758],[-112.362262,33.188763],[-112.36235,33.188764],[-112.363751,33.188761],[-112.364224,33.188775],[-112.364336,33.188786],[-112.364421,33.188789],[-112.364491,33.188792],[-112.364755,33.188781],[-112.365152,33.188782],[-112.365338,33.188791],[-112.365517,33.188814],[-112.365609,33.188817],[-112.36581,33.188792],[-112.366024,33.18878],[-112.36658,33.188783],[-112.368471,33.188797],[-112.37305,33.188819],[-112.37436,33.188836],[-112.374462,33.188847],[-112.375222,33.188868],[-112.375222,33.188965],[-112.375293,33.188965],[-112.375293,33.189037],[-112.376431,33.188992],[-112.379503,33.188947],[-112.379502,33.188809],[-112.3803,33.18881],[-112.391798,33.188817],[-112.392112,33.188817],[-112.392402,33.188817],[-112.392445,33.188818],[-112.392484,33.188817],[-112.392558,33.188817],[-112.392956,33.18882],[-112.394174,33.188803],[-112.394366,33.188805],[-112.395584,33.188799],[-112.39687,33.188806],[-112.398826,33.188809],[-112.399075,33.188813],[-112.400149,33.188817],[-112.402374,33.188806],[-112.403119,33.188812],[-112.404069,33.188809],[-112.404919,33.188812],[-112.406503,33.188813],[-112.407172,33.188805],[-112.407921,33.188811],[-112.408075,33.188816],[-112.408851,33.188814],[-112.409516,33.188816],[-112.409565,33.188817],[-112.412578,33.188814],[-112.413053,33.188817],[-112.413831,33.188817],[-112.413844,33.188817],[-112.413989,33.188817],[-112.417617,33.188827],[-112.422053,33.188831],[-112.423007,33.188834],[-112.424821,33.188839],[-112.426145,33.188851],[-112.4267,33.188848],[-112.426737,33.188848],[-112.42678,33.188847],[-112.427898,33.188843],[-112.428914,33.188845],[-112.430241,33.188845],[-112.432676,33.188837],[-112.434303,33.18885],[-112.434517,33.18885],[-112.435577,33.188848],[-112.437188,33.188848],[-112.438526,33.188856],[-112.440581,33.188862],[-112.441208,33.188858],[-112.443726,33.188857],[-112.444038,33.18886],[-112.45838,33.188802],[-112.460924,33.188791],[-112.461204,33.188793],[-112.461231,33.20151],[-112.461232,33.203406],[-112.46092,33.203409],[-112.460926,33.204267],[-112.460952,33.204579],[-112.460971,33.204763],[-112.460994,33.207088],[-112.460991,33.207431],[-112.460978,33.207625],[-112.460981,33.208733],[-112.460982,33.208985],[-112.460984,33.209665],[-112.460981,33.209691],[-112.46097,33.209784],[-112.460976,33.210621],[-112.460985,33.211736],[-112.461007,33.21184],[-112.461005,33.213523],[-112.461001,33.216157],[-112.460999,33.217852],[-112.461006,33.217922],[-112.461078,33.217911],[-112.461224,33.217898],[-112.461236,33.217898],[-112.463554,33.217898],[-112.465476,33.217898],[-112.466991,33.217903],[-112.468074,33.217902],[-112.468917,33.217905],[-112.469827,33.217903],[-112.47068,33.217906],[-112.471694,33.217914],[-112.472258,33.217911],[-112.473011,33.217912],[-112.47359,33.217917],[-112.474187,33.217915],[-112.47438,33.217914],[-112.475977,33.217909],[-112.477244,33.217919],[-112.477887,33.217917],[-112.478441,33.217917],[-112.479451,33.217926],[-112.480657,33.21793],[-112.48237,33.217922],[-112.482722,33.217926],[-112.483035,33.21792],[-112.483636,33.217916],[-112.484354,33.217931],[-112.485003,33.217923],[-112.485509,33.217934],[-112.486693,33.217925],[-112.487498,33.217934],[-112.489055,33.217931],[-112.48963,33.217939],[-112.48999,33.21794],[-112.490951,33.217933],[-112.491955,33.217937],[-112.492256,33.217939],[-112.494288,33.217933],[-112.495577,33.217935],[-112.496003,33.217936],[-112.495994,33.201456],[-112.496111,33.174829],[-112.496,33.144198],[-112.495926,33.130958],[-112.511494,33.130982],[-112.515327,33.130961],[-112.525093,33.130955],[-112.531992,33.130973],[-112.53232,33.130974],[-112.547075,33.130961],[-112.547494,33.13096],[-112.547754,33.13096],[-112.564661,33.131056],[-112.583133,33.131166],[-112.583657,33.131165],[-112.589877,33.131181],[-112.592907,33.131207],[-112.598962,33.131229],[-112.615288,33.131152],[-112.615263,33.130926],[-112.618256,33.130925],[-112.618906,33.130924],[-112.63402,33.130916],[-112.634028,33.118834],[-112.634028,33.118792],[-112.634029,33.117756],[-112.63403,33.116832],[-112.634031,33.115926],[-112.634427,33.115924],[-112.635423,33.115924],[-112.640783,33.115915],[-112.644643,33.115909],[-112.644807,33.115909],[-112.64966,33.116042],[-112.649637,33.116152],[-112.649643,33.116272],[-112.649925,33.116273],[-112.651293,33.116279],[-112.664128,33.116376],[-112.666751,33.116396],[-112.666789,33.116162],[-112.666896,33.116162],[-112.667953,33.11618],[-112.673089,33.116363],[-112.675512,33.116359],[-112.684277,33.116341],[-112.692312,33.116297],[-112.692687,33.116295],[-112.696239,33.116303],[-112.698345,33.116307],[-112.704513,33.116318],[-112.705245,33.116318],[-112.706531,33.116321],[-112.713254,33.116332],[-112.71401,33.116334],[-112.745636,33.116386],[-112.748132,33.116387],[-112.750258,33.116393],[-112.760763,33.11641],[-112.76751,33.116421],[-112.771912,33.116428],[-112.796921,33.116469],[-112.798082,33.11647],[-112.82025,33.116507],[-112.825832,33.116515],[-112.828276,33.11652],[-112.828333,33.136643],[-112.828417,33.184545],[-112.828426,33.189],[-112.828456,33.201231],[-112.82843,33.203467],[-112.830875,33.203471],[-112.833061,33.203474],[-112.850251,33.203488],[-112.852471,33.20349],[-112.854092,33.203491],[-112.854917,33.203477],[-112.873027,33.203484],[-112.881817,33.203487],[-112.88198,33.203487],[-112.896169,33.203493],[-112.915309,33.203535],[-112.922001,33.203436],[-112.922001,33.205046],[-112.955353,33.204416],[-112.999519,33.203581],[-113.026578,33.204394],[-113.028656,33.202891],[-113.031131,33.201052],[-113.032816,33.199902],[-113.033305,33.199536],[-113.034544,33.198395],[-113.035338,33.197623],[-113.035646,33.196999],[-113.035924,33.196583],[-113.035983,33.196325],[-113.036082,33.196127],[-113.036459,33.195789],[-113.037034,33.19538],[-113.037312,33.195181],[-113.037788,33.194705],[-113.038105,33.194269],[-113.03868,33.193655],[-113.039017,33.193536],[-113.039374,33.193278],[-113.039572,33.19298],[-113.040108,33.192068],[-113.040524,33.191493],[-113.040802,33.191216],[-113.041159,33.191116],[-113.041416,33.191017],[-113.041555,33.190878],[-113.041833,33.190363],[-113.04219,33.189827],[-113.042447,33.18959],[-113.04264,33.189551],[-113.042705,33.189538],[-113.042813,33.189529],[-113.04308,33.189518],[-113.043341,33.18948],[-113.043388,33.189469],[-113.04344,33.189448],[-113.043693,33.189299],[-113.043758,33.189273],[-113.043991,33.189191],[-113.044212,33.189104],[-113.044606,33.188907],[-113.04464,33.188885],[-113.04469,33.188836],[-113.045052,33.188418],[-113.045266,33.188195],[-113.045491,33.187967],[-113.04576,33.18764],[-113.045838,33.187553],[-113.045965,33.187443],[-113.046421,33.187097],[-113.046753,33.186861],[-113.046843,33.186781],[-113.046902,33.186701],[-113.046932,33.186647],[-113.047011,33.18645],[-113.04736,33.185305],[-113.04741,33.185173],[-113.047467,33.185051],[-113.047556,33.184907],[-113.047619,33.184818],[-113.047779,33.184626],[-113.047991,33.184388],[-113.048197,33.184184],[-113.04845,33.18397],[-113.048676,33.183807],[-113.048849,33.183661],[-113.048935,33.183582],[-113.048984,33.183526],[-113.04906,33.18342],[-113.049134,33.18327],[-113.049387,33.18264],[-113.049475,33.182389],[-113.049588,33.182155],[-113.049761,33.18188],[-113.049975,33.181587],[-113.050169,33.181348],[-113.050314,33.181192],[-113.050453,33.181074],[-113.050677,33.180892],[-113.050993,33.18066],[-113.05135,33.180419],[-113.051694,33.180211],[-113.052066,33.179966],[-113.052348,33.1798],[-113.052581,33.179692],[-113.052749,33.179628],[-113.053119,33.179518],[-113.0533,33.179479],[-113.053497,33.179451],[-113.053587,33.179431],[-113.053683,33.179418],[-113.053813,33.179397],[-113.054177,33.179319],[-113.054285,33.179285],[-113.0544,33.179232],[-113.054699,33.179043],[-113.055133,33.178745],[-113.055212,33.178672],[-113.05526,33.178614],[-113.055338,33.178492],[-113.05549,33.178227],[-113.05567,33.177867],[-113.055796,33.177664],[-113.056065,33.177298],[-113.056169,33.177187],[-113.056216,33.177146],[-113.056362,33.177037],[-113.056631,33.176854],[-113.057047,33.176596],[-113.057161,33.176513],[-113.057267,33.17642],[-113.057319,33.176356],[-113.057374,33.176256],[-113.057407,33.176212],[-113.057459,33.176167],[-113.057512,33.176138],[-113.057886,33.175874],[-113.058074,33.175778],[-113.058135,33.175739],[-113.058193,33.175686],[-113.058237,33.175626],[-113.058261,33.175559],[-113.058271,33.175469],[-113.058357,33.175182],[-113.058397,33.175094],[-113.058446,33.175018],[-113.058516,33.174943],[-113.058876,33.174664],[-113.058992,33.17455],[-113.059119,33.174399],[-113.059248,33.174228],[-113.059338,33.174061],[-113.059387,33.17398],[-113.059424,33.173935],[-113.05957,33.173789],[-113.059724,33.173651],[-113.059832,33.173546],[-113.059846,33.173527],[-113.059866,33.173357],[-113.059885,33.173243],[-113.059927,33.173085],[-113.059976,33.17295],[-113.060028,33.172842],[-113.0603,33.172407],[-113.060726,33.171847],[-113.060856,33.171643],[-113.061023,33.171309],[-113.061168,33.171038],[-113.061405,33.170665],[-113.061514,33.170477],[-113.061607,33.170344],[-113.061655,33.170284],[-113.061754,33.170175],[-113.061854,33.170088],[-113.061961,33.170011],[-113.062029,33.169972],[-113.062128,33.169924],[-113.062447,33.169811],[-113.062486,33.169781],[-113.062545,33.169761],[-113.062616,33.16973],[-113.062648,33.169721],[-113.062714,33.169716],[-113.062749,33.169711],[-113.062798,33.169685],[-113.062824,33.169676],[-113.063014,33.169626],[-113.063541,33.169477],[-113.064077,33.169314],[-113.064551,33.169164],[-113.064839,33.169079],[-113.064924,33.169067],[-113.065127,33.169066],[-113.065273,33.169049],[-113.065395,33.169021],[-113.065484,33.168987],[-113.065775,33.168838],[-113.065908,33.168757],[-113.066123,33.168598],[-113.06633,33.16845],[-113.06648,33.168365],[-113.066572,33.168324],[-113.066665,33.168293],[-113.066741,33.16827],[-113.06714,33.168031],[-113.067461,33.167817],[-113.067569,33.167733],[-113.067804,33.167519],[-113.067997,33.167333],[-113.068109,33.167208],[-113.068233,33.167037],[-113.068764,33.166203],[-113.06899,33.165869],[-113.069085,33.165762],[-113.069152,33.165698],[-113.069244,33.16563],[-113.069442,33.165497],[-113.069607,33.165393],[-113.069697,33.165338],[-113.06984,33.1652],[-113.069938,33.165075],[-113.070047,33.164918],[-113.070233,33.164692],[-113.070414,33.164499],[-113.0706,33.164337],[-113.070687,33.16427],[-113.070858,33.164161],[-113.071289,33.163882],[-113.07137,33.163812],[-113.071704,33.163496],[-113.071894,33.163336],[-113.072387,33.16296],[-113.072611,33.162768],[-113.072855,33.162543],[-113.073108,33.162301],[-113.073519,33.161898],[-113.073864,33.161575],[-113.073957,33.161498],[-113.074043,33.161434],[-113.074203,33.161336],[-113.074556,33.161107],[-113.075027,33.160794],[-113.075361,33.160593],[-113.075479,33.160531],[-113.075661,33.160446],[-113.075849,33.160372],[-113.075934,33.16033],[-113.075995,33.160282],[-113.076079,33.160185],[-113.076114,33.160128],[-113.076216,33.159891],[-113.076262,33.159813],[-113.076334,33.159729],[-113.076473,33.159602],[-113.07697,33.159204],[-113.077278,33.158938],[-113.077576,33.158662],[-113.077695,33.158566],[-113.077878,33.158433],[-113.077896,33.15842],[-113.078099,33.158292],[-113.07823,33.1582],[-113.078275,33.15816],[-113.079093,33.157238],[-113.079122,33.157201],[-113.079155,33.157139],[-113.079171,33.157083],[-113.079178,33.156978],[-113.079196,33.1569],[-113.079232,33.156833],[-113.079287,33.156764],[-113.07938,33.15668],[-113.079648,33.156506],[-113.079686,33.156485],[-113.079711,33.15647],[-113.079787,33.156435],[-113.079911,33.156391],[-113.080052,33.156357],[-113.080102,33.156332],[-113.080405,33.156208],[-113.080755,33.156056],[-113.080862,33.156024],[-113.080916,33.156016],[-113.080988,33.155997],[-113.081002,33.15598],[-113.080999,33.155864],[-113.081011,33.155803],[-113.081033,33.155757],[-113.081063,33.155723],[-113.081363,33.155451],[-113.081398,33.155428],[-113.081443,33.155408],[-113.08155,33.155372],[-113.08176,33.155284],[-113.082156,33.154994],[-113.082425,33.154776],[-113.08273,33.154505],[-113.083048,33.154201],[-113.083164,33.154089],[-113.083518,33.153771],[-113.084177,33.153137],[-113.084675,33.152721],[-113.084736,33.152653],[-113.084767,33.152603],[-113.084989,33.152078],[-113.085173,33.151736],[-113.085277,33.151552],[-113.085432,33.151328],[-113.085664,33.151043],[-113.085701,33.150975],[-113.085725,33.150906],[-113.085756,33.150753],[-113.085775,33.150609],[-113.085789,33.150269],[-113.085809,33.150191],[-113.085847,33.150109],[-113.085901,33.150031],[-113.08596,33.149972],[-113.086086,33.149862],[-113.086655,33.149467],[-113.086801,33.149383],[-113.086977,33.149307],[-113.087268,33.149217],[-113.087483,33.149161],[-113.087544,33.14914],[-113.087708,33.149084],[-113.087927,33.148992],[-113.088407,33.148773],[-113.089163,33.148455],[-113.089575,33.148245],[-113.089675,33.148176],[-113.089756,33.148103],[-113.089985,33.147834],[-113.09009,33.147696],[-113.09013,33.14762],[-113.090167,33.147492],[-113.090188,33.147365],[-113.090189,33.147239],[-113.090174,33.147131],[-113.09013,33.146957],[-113.090084,33.146819],[-113.090025,33.146679],[-113.089932,33.146476],[-113.089875,33.146323],[-113.089824,33.146155],[-113.089782,33.145971],[-113.089767,33.145868],[-113.089772,33.145775],[-113.089795,33.14569],[-113.089837,33.145584],[-113.089876,33.145519],[-113.089926,33.145469],[-113.08998,33.145435],[-113.090053,33.145401],[-113.090131,33.145377],[-113.09022,33.145358],[-113.090426,33.145333],[-113.09054,33.145325],[-113.090927,33.145336],[-113.091014,33.145331],[-113.091117,33.14531],[-113.091187,33.145287],[-113.091266,33.145251],[-113.091341,33.145204],[-113.091408,33.145148],[-113.091466,33.145083],[-113.091511,33.14501],[-113.091556,33.144897],[-113.091576,33.144807],[-113.091584,33.144689],[-113.091577,33.144581],[-113.091554,33.144458],[-113.091498,33.14423],[-113.091458,33.143963],[-113.091458,33.14387],[-113.091471,33.143787],[-113.091534,33.143597],[-113.091622,33.143361],[-113.091649,33.143259],[-113.091657,33.143157],[-113.091643,33.142893],[-113.091643,33.142775],[-113.091652,33.142629],[-113.091685,33.142415],[-113.091778,33.141886],[-113.091857,33.141602],[-113.091899,33.141508],[-113.091952,33.141419],[-113.092041,33.141292],[-113.092166,33.141173],[-113.092291,33.141073],[-113.092721,33.140695],[-113.092849,33.140613],[-113.093006,33.140532],[-113.093227,33.140452],[-113.093603,33.140332],[-113.093891,33.140273],[-113.094583,33.140177],[-113.095461,33.140088],[-113.095722,33.140048],[-113.095781,33.140034],[-113.096042,33.139964],[-113.096729,33.139853],[-113.096978,33.139798],[-113.097291,33.139699],[-113.097588,33.139591],[-113.097832,33.139516],[-113.098055,33.139485],[-113.098455,33.139446],[-113.098615,33.139417],[-113.099111,33.139291],[-113.099377,33.139195],[-113.099489,33.139131],[-113.099581,33.13906],[-113.099667,33.138972],[-113.099688,33.138947],[-113.099928,33.138609],[-113.100051,33.138454],[-113.100163,33.138332],[-113.100459,33.138057],[-113.10098,33.137571],[-113.101412,33.137177],[-113.102062,33.136592],[-113.102649,33.1361],[-113.1037,33.135258],[-113.104077,33.134985],[-113.104326,33.134788],[-113.104568,33.134574],[-113.104905,33.134236],[-113.10499,33.134154],[-113.105071,33.134096],[-113.105186,33.134036],[-113.105333,33.133974],[-113.105447,33.133929],[-113.105506,33.133891],[-113.105545,33.133856],[-113.105581,33.133806],[-113.105621,33.133721],[-113.105646,33.133634],[-113.105662,33.133508],[-113.105688,33.133225],[-113.105708,33.133102],[-113.105732,33.133032],[-113.105782,33.132928],[-113.105834,33.132852],[-113.105873,33.132809],[-113.10612,33.132499],[-113.106395,33.132176],[-113.106447,33.132126],[-113.106532,33.132063],[-113.10661,33.132016],[-113.106728,33.131967],[-113.106932,33.131903],[-113.107099,33.131836],[-113.107243,33.131762],[-113.107411,33.131655],[-113.107568,33.131527],[-113.107856,33.131279],[-113.108319,33.130854],[-113.108635,33.130555],[-113.109438,33.129733],[-113.109682,33.129481],[-113.109862,33.129272],[-113.110212,33.12889],[-113.110258,33.128853],[-113.11034,33.128802],[-113.110431,33.128756],[-113.110557,33.128711],[-113.110687,33.128683],[-113.110806,33.128652],[-113.110918,33.128608],[-113.111017,33.128556],[-113.111092,33.128506],[-113.112647,33.127186],[-113.114162,33.125886],[-113.114255,33.125794],[-113.114367,33.125659],[-113.114424,33.125574],[-113.114471,33.125518],[-113.114717,33.12522],[-113.114814,33.125115],[-113.115018,33.12491],[-113.115234,33.124713],[-113.115619,33.124398],[-113.116024,33.124048],[-113.116216,33.123871],[-113.116395,33.12369],[-113.116618,33.123444],[-113.116816,33.123209],[-113.116914,33.12307],[-113.117407,33.122239],[-113.11747,33.122147],[-113.117548,33.122053],[-113.11764,33.121964],[-113.117762,33.12187],[-113.11785,33.121814],[-113.117944,33.121764],[-113.118036,33.121724],[-113.118147,33.121693],[-113.118339,33.121678],[-113.118597,33.121651],[-113.118717,33.121629],[-113.118804,33.121599],[-113.118886,33.12156],[-113.118965,33.121508],[-113.119754,33.120828],[-113.119893,33.120731],[-113.120044,33.120647],[-113.120256,33.120552],[-113.120347,33.120502],[-113.120431,33.120444],[-113.120507,33.120378],[-113.120575,33.120306],[-113.120639,33.12022],[-113.120677,33.120145],[-113.1207,33.120063],[-113.120705,33.119984],[-113.120685,33.119752],[-113.120687,33.119678],[-113.120706,33.119569],[-113.120745,33.119456],[-113.120794,33.119366],[-113.120884,33.119245],[-113.12094,33.119163],[-113.120993,33.119064],[-113.12104,33.118948],[-113.121074,33.118819],[-113.121087,33.118718],[-113.12109,33.118569],[-113.121097,33.118451],[-113.12112,33.118344],[-113.121151,33.118287],[-113.121202,33.118234],[-113.121261,33.118195],[-113.121329,33.11817],[-113.121445,33.118153],[-113.121616,33.118146],[-113.121775,33.118136],[-113.121947,33.118114],[-113.122371,33.118026],[-113.122427,33.118011],[-113.122532,33.117969],[-113.122593,33.117934],[-113.122867,33.117745],[-113.123028,33.117613],[-113.123461,33.117258],[-113.12351,33.117224],[-113.123593,33.117174],[-113.123697,33.117126],[-113.123789,33.117095],[-113.123897,33.117071],[-113.124017,33.117058],[-113.124104,33.11704],[-113.124174,33.117013],[-113.124252,33.116965],[-113.124387,33.116838],[-113.124718,33.116495],[-113.124879,33.116343],[-113.125121,33.116138],[-113.125322,33.115964],[-113.12557,33.11573],[-113.126325,33.115038],[-113.126693,33.114672],[-113.126945,33.114434],[-113.127097,33.114291],[-113.127257,33.114125],[-113.12737,33.113987],[-113.127423,33.113912],[-113.127466,33.113827],[-113.127495,33.113745],[-113.127513,33.113644],[-113.127516,33.113571],[-113.127507,33.113472],[-113.127499,33.113304],[-113.127503,33.113191],[-113.127519,33.113128],[-113.127549,33.113061],[-113.127582,33.11301],[-113.12784,33.112719],[-113.127892,33.112674],[-113.127956,33.112636],[-113.128036,33.112606],[-113.128113,33.112594],[-113.12821,33.112596],[-113.128336,33.11262],[-113.128711,33.112695],[-113.128746,33.112698],[-113.128847,33.112696],[-113.128915,33.112688],[-113.129017,33.11266],[-113.129097,33.112623],[-113.129169,33.112575],[-113.130151,33.111686],[-113.131053,33.110861],[-113.131568,33.110402],[-113.132314,33.109777],[-113.132468,33.10964],[-113.132604,33.109496],[-113.132744,33.109323],[-113.132857,33.109147],[-113.132966,33.108939],[-113.133027,33.108832],[-113.133097,33.108735],[-113.133468,33.108299],[-113.13394,33.107785],[-113.133983,33.107746],[-113.134047,33.107704],[-113.134295,33.10759],[-113.134596,33.107475],[-113.134701,33.107427],[-113.134808,33.107363],[-113.134896,33.107295],[-113.135451,33.106766],[-113.137348,33.105054],[-113.137728,33.10473],[-113.137818,33.104632],[-113.137895,33.104522],[-113.137947,33.104421],[-113.137984,33.104322],[-113.138074,33.10394],[-113.13811,33.103816],[-113.138195,33.103606],[-113.138256,33.10349],[-113.138332,33.103371],[-113.138532,33.103138],[-113.138611,33.103052],[-113.138765,33.102911],[-113.138882,33.102822],[-113.139037,33.102722],[-113.139205,33.102632],[-113.139706,33.102421],[-113.140043,33.102272],[-113.140157,33.102226],[-113.1405,33.102088],[-113.140751,33.101975],[-113.140866,33.101913],[-113.141153,33.101717],[-113.141258,33.101633],[-113.141381,33.101519],[-113.141522,33.101357],[-113.141635,33.101205],[-113.141726,33.101101],[-113.141969,33.100862],[-113.142073,33.100743],[-113.142121,33.100659],[-113.142187,33.100462],[-113.14222,33.100302],[-113.14225,33.100133],[-113.142286,33.100014],[-113.142344,33.099881],[-113.142408,33.099772],[-113.142474,33.099694],[-113.142632,33.099553],[-113.142741,33.099474],[-113.143063,33.09928],[-113.143224,33.099167],[-113.143609,33.098857],[-113.143838,33.098695],[-113.143955,33.098605],[-113.14411,33.098463],[-113.144198,33.098369],[-113.144513,33.098036],[-113.144635,33.097918],[-113.144692,33.097883],[-113.144748,33.097862],[-113.144816,33.097848],[-113.144967,33.097851],[-113.145158,33.097875],[-113.145361,33.097896],[-113.14544,33.097895],[-113.145548,33.097881],[-113.145581,33.097872],[-113.145642,33.097856],[-113.145741,33.097814],[-113.145805,33.097777],[-113.145881,33.097712],[-113.145988,33.097585],[-113.146143,33.097391],[-113.146373,33.097073],[-113.146485,33.096942],[-113.146564,33.096871],[-113.146652,33.096814],[-113.146732,33.096777],[-113.146832,33.096744],[-113.147139,33.096687],[-113.147962,33.096573],[-113.148126,33.096547],[-113.148359,33.0965],[-113.148598,33.096437],[-113.14881,33.096367],[-113.149048,33.096269],[-113.149416,33.096091],[-113.149696,33.095975],[-113.149985,33.095875],[-113.150241,33.095804],[-113.150307,33.095779],[-113.150471,33.095733],[-113.150619,33.095703],[-113.150874,33.095671],[-113.151043,33.095635],[-113.15116,33.095599],[-113.151299,33.095548],[-113.151448,33.095475],[-113.151587,33.095391],[-113.151673,33.095326],[-113.151789,33.095214],[-113.151902,33.095125],[-113.15204,33.095039],[-113.152243,33.094938],[-113.152383,33.094883],[-113.152531,33.094833],[-113.152679,33.094793],[-113.152855,33.094755],[-113.153118,33.094721],[-113.153323,33.094692],[-113.153605,33.094636],[-113.154663,33.094375],[-113.156718,33.093916],[-113.158275,33.093594],[-113.159832,33.093316],[-113.160218,33.093252],[-113.160814,33.093165],[-113.161127,33.093116],[-113.161407,33.093062],[-113.161763,33.092979],[-113.161948,33.092942],[-113.162105,33.092922],[-113.162441,33.092902],[-113.162677,33.092875],[-113.162954,33.092826],[-113.163614,33.092661],[-113.164443,33.092463],[-113.164713,33.092432],[-113.165122,33.092398],[-113.165617,33.092374],[-113.16581,33.092356],[-113.166041,33.092317],[-113.166488,33.092211],[-113.166749,33.09216],[-113.167087,33.092112],[-113.167406,33.092059],[-113.167812,33.091977],[-113.168712,33.091777],[-113.168912,33.091744],[-113.169114,33.091721],[-113.169341,33.09171],[-113.169518,33.091721],[-113.169729,33.091721],[-113.169971,33.091701],[-113.170204,33.091665],[-113.171926,33.091257],[-113.17204,33.091236],[-113.172196,33.09122],[-113.172323,33.09122],[-113.172489,33.091234],[-113.172933,33.091321],[-113.173486,33.091412],[-113.173655,33.091428],[-113.174041,33.091448],[-113.174428,33.091451],[-113.174856,33.091434],[-113.175247,33.091439],[-113.175893,33.091457],[-113.175968,33.091467],[-113.176183,33.091482],[-113.176365,33.091478],[-113.176966,33.09142],[-113.177595,33.091372],[-113.177747,33.091367],[-113.177882,33.091349],[-113.178008,33.09132],[-113.178176,33.091265],[-113.178363,33.091219],[-113.178541,33.091191],[-113.178722,33.091178],[-113.17953,33.091192],[-113.179649,33.0912],[-113.179674,33.091202],[-113.179849,33.091223],[-113.180065,33.091262],[-113.180283,33.09132],[-113.180443,33.091355],[-113.18059,33.091375],[-113.180749,33.091385],[-113.182489,33.091349],[-113.183579,33.091351],[-113.183813,33.091357],[-113.184141,33.091354],[-113.184497,33.091338],[-113.184632,33.091323],[-113.18474,33.091299],[-113.184862,33.091262],[-113.185926,33.090837],[-113.186155,33.090743],[-113.186404,33.090629],[-113.186699,33.090477],[-113.186978,33.090316],[-113.187187,33.090182],[-113.187239,33.090134],[-113.187287,33.090071],[-113.187321,33.089993],[-113.187363,33.089813],[-113.187387,33.08964],[-113.187397,33.089441],[-113.18739,33.089272],[-113.187392,33.089181],[-113.187409,33.089094],[-113.187439,33.089008],[-113.187529,33.088842],[-113.187596,33.088762],[-113.187654,33.088714],[-113.187733,33.088665],[-113.187816,33.08863],[-113.187894,33.088608],[-113.187987,33.088594],[-113.188153,33.088592],[-113.188279,33.0886],[-113.188425,33.08862],[-113.189281,33.0888],[-113.189472,33.088853],[-113.189663,33.088896],[-113.189952,33.088946],[-113.190213,33.088974],[-113.191115,33.089031],[-113.191335,33.089045],[-113.191378,33.08905],[-113.191513,33.089063],[-113.191691,33.089063],[-113.191807,33.089053],[-113.191953,33.089033],[-113.192797,33.088835],[-113.193161,33.088741],[-113.193514,33.088636],[-113.193886,33.088513],[-113.194187,33.088402],[-113.194416,33.088309],[-113.194569,33.088258],[-113.19475,33.088212],[-113.194943,33.088177],[-113.19528,33.088107],[-113.195503,33.088048],[-113.195687,33.087992],[-113.195936,33.087905],[-113.196443,33.087699],[-113.197106,33.087412],[-113.197383,33.087314],[-113.197745,33.087173],[-113.198401,33.086895],[-113.199502,33.086404],[-113.200734,33.085835],[-113.201787,33.08533],[-113.203191,33.084687],[-113.207454,33.082707],[-113.207575,33.082658],[-113.207706,33.082586],[-113.207968,33.082403],[-113.208164,33.082276],[-113.208396,33.082138],[-113.208602,33.08203],[-113.208851,33.08191],[-113.209402,33.081598],[-113.209949,33.081271],[-113.212446,33.079687],[-113.21271,33.079501],[-113.213288,33.079079],[-113.213504,33.078916],[-113.213859,33.078648],[-113.214001,33.078555],[-113.214157,33.078468],[-113.214334,33.078386],[-113.214897,33.078172],[-113.215637,33.077899],[-113.216609,33.077554],[-113.217128,33.077384],[-113.220132,33.076462],[-113.220374,33.076397],[-113.220558,33.076338],[-113.220765,33.076264],[-113.220967,33.07618],[-113.22233,33.075539],[-113.223583,33.074987],[-113.224578,33.074541],[-113.226131,33.073791],[-113.22652,33.073614],[-113.226938,33.073445],[-113.227848,33.073107],[-113.228024,33.07304],[-113.228435,33.072881],[-113.23058,33.0719],[-113.232308,33.071097],[-113.233701,33.070417],[-113.233966,33.070296],[-113.234331,33.070147],[-113.234892,33.069898],[-113.236205,33.069287],[-113.237852,33.068502],[-113.240281,33.067362],[-113.240816,33.067118],[-113.244873,33.065236],[-113.245735,33.064816],[-113.246786,33.064262],[-113.246879,33.064217],[-113.246897,33.064208],[-113.247281,33.064034],[-113.247894,33.063786],[-113.248389,33.063575],[-113.250306,33.062688],[-113.252051,33.061904],[-113.252801,33.061531],[-113.254169,33.060902],[-113.254454,33.060777],[-113.25483,33.06062],[-113.255166,33.060491],[-113.255931,33.060211],[-113.256236,33.060088],[-113.256645,33.059911],[-113.258414,33.059086],[-113.259443,33.058583],[-113.260114,33.058248],[-113.26026,33.058169],[-113.260556,33.05802],[-113.260724,33.057941],[-113.260961,33.057828],[-113.262678,33.057077],[-113.263015,33.056913],[-113.263348,33.05673],[-113.264023,33.056327],[-113.265533,33.05547],[-113.267101,33.054676],[-113.268449,33.053959],[-113.269475,33.053441],[-113.26969,33.053339],[-113.269953,33.053227],[-113.270259,33.053116],[-113.270508,33.053038],[-113.270859,33.052953],[-113.271,33.052926],[-113.271352,33.052847],[-113.271695,33.052754],[-113.27197,33.052669],[-113.272263,33.052567],[-113.272599,33.052435],[-113.273228,33.052158],[-113.275718,33.050998],[-113.276018,33.050843],[-113.276258,33.0507],[-113.276488,33.050545],[-113.27696,33.050173],[-113.277209,33.049976],[-113.277281,33.049926],[-113.27737,33.049867],[-113.277515,33.049774],[-113.277738,33.049647],[-113.277967,33.049529],[-113.279165,33.048991],[-113.279762,33.048718],[-113.281031,33.048136],[-113.281638,33.047852],[-113.282981,33.047221],[-113.286724,33.045453],[-113.288509,33.044625],[-113.289592,33.044106],[-113.289666,33.044071],[-113.290402,33.043729],[-113.291334,33.043295],[-113.293374,33.042341],[-113.296218,33.04101],[-113.299845,33.039322],[-113.300785,33.03888],[-113.301133,33.038719],[-113.301395,33.0386],[-113.302522,33.038083],[-113.304614,33.037103],[-113.305442,33.03671],[-113.306505,33.036205],[-113.306785,33.036074],[-113.307203,33.035888],[-113.307909,33.035567],[-113.30818,33.035457],[-113.308469,33.035323],[-113.309754,33.034723],[-113.311531,33.033884],[-113.315515,33.032013],[-113.316527,33.031549],[-113.31771,33.031007],[-113.318101,33.030822],[-113.319863,33.029992],[-113.321739,33.0291],[-113.322389,33.028792],[-113.323919,33.028081],[-113.324911,33.027619],[-113.330907,33.024825],[-113.332633,33.02404],[-113.333486,33.023622],[-113.333786,33.023476],[-113.333786,33.023322],[-113.333784,33.021577],[-113.333764,33.003442],[-113.333764,33.002932],[-113.333764,33.00269],[-113.333763,33.00249],[-113.333763,33.00235],[-113.333763,33.002311],[-113.333762,33.00229],[-113.333762,33.00227],[-113.333762,33.002201],[-113.333762,33.002107],[-113.333762,33.002011],[-113.333762,33.001938],[-113.333762,33.001894],[-113.333762,33.001871],[-113.333762,33.00186],[-113.333761,33.001415],[-113.333761,33.001355],[-113.33376,33.000423],[-113.33376,33.000245],[-113.33376,33.00007],[-113.333755,32.99915],[-113.333739,32.995821],[-113.333707,32.989271],[-113.333706,32.988982],[-113.333706,32.988855],[-113.333706,32.988681],[-113.333713,32.988191],[-113.333713,32.988175],[-113.333714,32.988158],[-113.333714,32.988133],[-113.333714,32.988118],[-113.333716,32.987985],[-113.333718,32.987881],[-113.333732,32.986916],[-113.333732,32.986884],[-113.333732,32.986587],[-113.333733,32.986103],[-113.333735,32.982982],[-113.333737,32.980379],[-113.333744,32.971643],[-113.333744,32.971153],[-113.333745,32.970661],[-113.333753,32.961669],[-113.333781,32.958267],[-113.333765,32.947961],[-113.333766,32.942264],[-113.333767,32.93525],[-113.333767,32.934704],[-113.333767,32.934663],[-113.33377,32.922064],[-113.333785,32.875048],[-113.33378,32.839458],[-113.33378,32.839431],[-113.33378,32.839407],[-113.33378,32.839385],[-113.33378,32.839365],[-113.33378,32.839347],[-113.33378,32.839331],[-113.33378,32.839316],[-113.33378,32.839303],[-113.33378,32.839291],[-113.33378,32.83928],[-113.33378,32.83927],[-113.33378,32.839202],[-113.33378,32.839191],[-113.33378,32.83906],[-113.333781,32.839008],[-113.333781,32.838991],[-113.333781,32.838816],[-113.333781,32.838796],[-113.333781,32.838617],[-113.333781,32.838436],[-113.333782,32.837836],[-113.333782,32.837515],[-113.333783,32.835993],[-113.333787,32.825108],[-113.333791,32.811455],[-113.333749,32.789755],[-113.333721,32.775],[-113.33372,32.774054],[-113.333709,32.767851],[-113.335057,32.767862],[-113.347987,32.767893],[-113.352186,32.767902],[-113.360589,32.767923],[-113.375742,32.767829],[-113.385883,32.767865],[-113.404134,32.767829],[-113.420627,32.767741],[-113.423506,32.767781],[-113.426396,32.767767],[-113.43716,32.767685],[-113.443968,32.767637],[-113.448352,32.767608],[-113.449445,32.767601],[-113.453496,32.767611],[-113.466612,32.767643],[-113.473842,32.767648],[-113.478669,32.767651],[-113.479983,32.767659],[-113.48782,32.767588],[-113.500757,32.76747],[-113.51219,32.767446],[-113.523843,32.767451],[-113.574541,32.767222],[-113.578669,32.767204],[-113.582982,32.767185],[-113.588998,32.767159],[-113.591686,32.767141],[-113.61549,32.766989],[-113.615739,32.766984],[-113.616936,32.766958],[-113.624285,32.764186],[-113.625012,32.763894],[-113.628014,32.762757],[-113.629328,32.762245],[-113.632543,32.761042],[-113.636421,32.759534],[-113.636562,32.759481],[-113.637316,32.7592],[-113.638899,32.758609],[-113.640937,32.757835],[-113.640976,32.75782],[-113.642131,32.757376],[-113.646757,32.755646],[-113.655285,32.752391],[-113.658835,32.751036],[-113.660387,32.750436],[-113.660836,32.750263],[-113.661946,32.749836],[-113.661978,32.749823],[-113.664672,32.7488],[-113.684935,32.741099],[-113.693323,32.737913],[-113.701937,32.73464],[-113.714389,32.729908],[-113.715301,32.729543],[-113.717358,32.728783],[-113.719356,32.728019],[-113.720451,32.727618],[-113.721279,32.727373],[-113.722227,32.727182],[-113.722885,32.727077],[-113.723384,32.727023],[-113.724248,32.726961],[-113.725796,32.726885],[-113.726414,32.726835],[-113.727017,32.726754],[-113.727278,32.726703],[-113.727464,32.726666],[-113.728102,32.726515],[-113.729512,32.726128],[-113.730188,32.725966],[-113.730447,32.725904],[-113.730686,32.725862],[-113.731367,32.725593],[-113.732419,32.725303],[-113.733908,32.724964],[-113.735122,32.724844],[-113.73566,32.724899],[-113.735924,32.72494],[-113.736538,32.725298],[-113.737231,32.72592],[-113.737624,32.726719],[-113.738914,32.726685],[-113.73999,32.726698],[-113.740103,32.726657],[-113.741195,32.726297],[-113.741222,32.726287],[-113.742428,32.726005],[-113.743086,32.725897],[-113.744522,32.725716],[-113.745885,32.725679],[-113.74726,32.725707],[-113.747242,32.716349],[-113.747209,32.713904],[-113.747171,32.706834],[-113.747106,32.694294],[-113.750757,32.693877],[-113.755119,32.693888],[-113.770358,32.693835],[-113.791777,32.693973],[-113.800416,32.69382],[-113.80041,32.693993],[-113.815354,32.694031],[-113.815353,32.693685],[-113.815366,32.679223],[-113.840788,32.679128],[-113.848563,32.679096],[-113.84986,32.679091],[-113.851495,32.679087],[-113.875762,32.679021],[-113.876309,32.679026],[-113.884429,32.679131],[-113.884038,32.664937],[-113.89186,32.66489],[-113.901069,32.664659],[-113.901829,32.664645],[-113.902368,32.664676],[-113.903435,32.664665],[-113.903786,32.664654],[-113.903946,32.664648],[-113.906487,32.664617],[-113.907127,32.664623],[-113.907592,32.6646],[-113.908082,32.664612],[-113.909941,32.664577],[-113.910015,32.664575],[-113.910271,32.664557],[-113.910756,32.664575],[-113.911099,32.664574],[-113.91142,32.66458],[-113.911763,32.664592],[-113.912022,32.664566],[-113.912281,32.664548],[-113.912387,32.66453],[-113.912758,32.664491],[-113.913167,32.664476],[-113.913767,32.664392],[-113.914061,32.664415],[-113.914291,32.664461],[-113.918671,32.664409],[-113.919508,32.66442],[-113.921625,32.66442],[-113.925325,32.664419],[-113.926078,32.664409],[-113.926759,32.664434],[-113.92732,32.664434],[-113.927944,32.66444],[-113.928529,32.664437],[-113.928854,32.664442],[-113.92929,32.664434],[-113.929723,32.664442],[-113.930327,32.66444],[-113.931644,32.664453],[-113.931955,32.664437],[-113.9329,32.664445],[-113.933541,32.664442],[-113.933942,32.664453],[-113.934404,32.66444],[-113.934604,32.664448],[-113.935123,32.66444],[-113.935414,32.664439],[-113.935711,32.664426],[-113.936732,32.664436],[-113.937136,32.664427],[-113.937511,32.664426],[-113.937701,32.664436],[-113.937808,32.664434],[-113.938452,32.664427],[-113.939133,32.664437],[-113.939605,32.664437],[-113.939762,32.664465],[-113.939992,32.664569],[-113.940122,32.664586],[-113.942399,32.6646],[-113.943278,32.664613],[-113.944293,32.664603],[-113.946206,32.664617],[-113.949025,32.664596],[-113.949924,32.664603],[-113.950958,32.664597],[-113.952453,32.664554],[-113.95298,32.664538],[-113.954165,32.664488],[-113.961059,32.664444],[-113.970276,32.664401],[-113.970142,32.649819],[-113.97636,32.649869],[-113.997398,32.649805],[-114.000766,32.649838],[-114.003634,32.649775],[-114.017544,32.649704],[-114.022072,32.649656],[-114.021964,32.642366],[-114.022014,32.642364],[-114.023011,32.642322],[-114.024273,32.642317],[-114.025357,32.642311],[-114.039025,32.642311],[-114.038849,32.63957],[-114.038887,32.634841],[-114.048472,32.634796],[-114.056245,32.634737],[-114.065672,32.634666],[-114.073471,32.634692],[-114.080302,32.634715],[-114.09059,32.634749],[-114.090526,32.627329],[-114.093197,32.627277],[-114.11375,32.626889],[-114.116147,32.626844],[-114.116162,32.622193],[-114.116169,32.619804],[-114.118406,32.619836],[-114.119429,32.61985],[-114.12246,32.619895],[-114.125333,32.619936],[-114.126994,32.619721],[-114.128355,32.619645],[-114.132105,32.619767],[-114.132835,32.619895],[-114.13332,32.620126],[-114.1361,32.620105],[-114.138233,32.620089],[-114.139461,32.620081],[-114.140367,32.620075],[-114.141854,32.620054],[-114.14209,32.62005],[-114.14514,32.620052],[-114.14761,32.620021],[-114.148018,32.620016],[-114.149982,32.620021],[-114.150438,32.620007],[-114.151553,32.619974],[-114.152451,32.619947],[-114.154258,32.61992],[-114.154693,32.619909],[-114.156113,32.619873],[-114.157841,32.619841],[-114.158897,32.619821],[-114.158944,32.619821],[-114.163042,32.619813],[-114.164385,32.619811],[-114.165492,32.61981],[-114.167435,32.61981],[-114.168605,32.619812],[-114.170362,32.619828],[-114.171595,32.619818],[-114.171856,32.619818],[-114.172958,32.619818],[-114.174468,32.619819],[-114.175448,32.619819],[-114.175629,32.619826],[-114.175963,32.619838],[-114.176378,32.61985],[-114.178706,32.619829],[-114.1886,32.619844],[-114.189721,32.61985],[-114.190596,32.619841],[-114.191885,32.619827],[-114.195637,32.619835],[-114.19923,32.619844],[-114.200924,32.619847],[-114.202053,32.619849],[-114.204922,32.619857],[-114.206779,32.619846],[-114.207096,32.619849],[-114.21037,32.619883],[-114.210638,32.619878],[-114.214494,32.619887],[-114.214772,32.619887],[-114.216437,32.619892],[-114.218856,32.619946],[-114.218948,32.619949],[-114.219407,32.61988],[-114.219803,32.619867],[-114.220446,32.619846],[-114.224818,32.619855],[-114.227521,32.619884],[-114.231301,32.619982],[-114.233298,32.619971],[-114.234966,32.619962],[-114.235137,32.619961],[-114.236014,32.619967],[-114.238802,32.619988],[-114.242587,32.620018],[-114.242916,32.62002],[-114.243536,32.620026],[-114.247222,32.620055],[-114.250773,32.620123],[-114.254322,32.620106],[-114.255045,32.620148],[-114.261397,32.620188],[-114.265308,32.620212],[-114.273691,32.620167],[-114.287177,32.620095],[-114.289368,32.620084],[-114.293241,32.620064],[-114.294799,32.620055],[-114.296141,32.620048],[-114.311573,32.619968],[-114.317763,32.619946],[-114.32816,32.619911],[-114.335834,32.619884],[-114.357997,32.619808],[-114.358202,32.625048],[-114.358174,32.626922],[-114.358297,32.626922],[-114.370786,32.626962],[-114.375512,32.626979],[-114.375534,32.626948],[-114.375571,32.626928],[-114.375655,32.626913],[-114.377361,32.626899],[-114.378363,32.626894],[-114.379063,32.626891],[-114.379663,32.626891],[-114.380691,32.626891],[-114.381668,32.626891],[-114.382347,32.626891],[-114.38308,32.62689],[-114.383744,32.62689],[-114.386942,32.626886],[-114.387125,32.626885],[-114.387768,32.626883],[-114.388426,32.62688],[-114.389501,32.626876],[-114.390261,32.626877],[-114.390901,32.62688],[-114.391389,32.62688],[-114.392589,32.62688],[-114.394485,32.626873],[-114.396078,32.626866],[-114.401235,32.626855],[-114.404927,32.62686],[-114.408033,32.626855],[-114.40968,32.626851],[-114.409717,32.626863],[-114.409732,32.626804],[-114.43155,32.626766],[-114.436407,32.626752],[-114.437533,32.626768],[-114.437788,32.626755],[-114.443011,32.626762],[-114.458031,32.626785],[-114.460025,32.626747],[-114.460499,32.626738],[-114.460515,32.626738],[-114.462853,32.626694],[-114.477613,32.626413],[-114.478727,32.626399],[-114.487306,32.626554],[-114.488251,32.626531],[-114.494856,32.626627],[-114.496512,32.626607],[-114.497789,32.626616],[-114.499991,32.626573],[-114.50078,32.626579],[-114.501518,32.626586],[-114.502441,32.626579],[-114.504352,32.626562],[-114.505065,32.626557],[-114.505849,32.62655],[-114.50783,32.62653],[-114.508399,32.626524],[-114.510695,32.626514],[-114.511661,32.626499],[-114.511924,32.626527],[-114.512165,32.626534],[-114.512661,32.626547],[-114.514082,32.626525],[-114.514279,32.626525],[-114.516458,32.626516],[-114.518584,32.626509],[-114.519897,32.626502],[-114.520362,32.6265],[-114.521283,32.626492],[-114.522909,32.62648],[-114.524523,32.626469],[-114.524598,32.626469],[-114.524821,32.626468],[-114.526777,32.626452],[-114.527235,32.62645],[-114.529318,32.626433],[-114.529801,32.62643],[-114.530247,32.626424],[-114.530759,32.626435],[-114.542238,32.626382],[-114.542209,32.624997],[-114.542187,32.624605],[-114.542187,32.623739],[-114.542197,32.623323],[-114.54221,32.622785],[-114.542221,32.622771],[-114.542212,32.622682],[-114.54217,32.619128],[-114.543244,32.619127],[-114.544332,32.619108],[-114.545578,32.619088],[-114.546487,32.619073],[-114.546477,32.618552],[-114.546462,32.617185],[-114.546429,32.614105],[-114.546387,32.612541],[-114.546362,32.611793],[-114.546358,32.611677],[-114.546362,32.610514],[-114.546306,32.605241],[-114.54629,32.604529],[-114.546294,32.603628],[-114.546276,32.602793],[-114.546306,32.601884],[-114.546305,32.601824],[-114.546289,32.600887],[-114.546282,32.600484],[-114.546268,32.599407],[-114.546264,32.598112],[-114.54625,32.597457],[-114.546261,32.59729],[-114.546282,32.59724],[-114.546299,32.597215],[-114.546349,32.5972],[-114.548061,32.597192],[-114.548962,32.597154],[-114.549304,32.597139],[-114.551462,32.597101],[-114.551926,32.597092],[-114.554354,32.597046],[-114.554485,32.597043],[-114.554473,32.589719],[-114.554472,32.58902],[-114.554442,32.585411],[-114.554381,32.581848],[-114.554484,32.581825],[-114.562754,32.581685],[-114.563187,32.581861],[-114.563165,32.581691],[-114.563161,32.580534],[-114.563159,32.579599],[-114.563193,32.578242],[-114.563221,32.577726],[-114.563224,32.575336],[-114.563229,32.575194],[-114.563243,32.575087],[-114.56327,32.574942],[-114.56327,32.574919],[-114.563247,32.573659],[-114.56324,32.572291],[-114.56324,32.5713],[-114.56324,32.570735],[-114.56322,32.569183],[-114.563207,32.567599],[-114.56316,32.565863],[-114.563146,32.564318],[-114.563135,32.563815],[-114.563105,32.562496],[-114.563074,32.560464],[-114.562873,32.557463],[-114.562929,32.554311],[-114.562893,32.552978],[-114.562952,32.552979],[-114.563584,32.552993],[-114.564576,32.552987],[-114.565777,32.55299],[-114.568103,32.552981],[-114.56951,32.552971],[-114.569795,32.55297],[-114.571486,32.552965],[-114.574019,32.552961],[-114.575736,32.552963],[-114.577137,32.552954],[-114.580141,32.552956],[-114.582295,32.55292],[-114.586465,32.552887],[-114.587414,32.552873],[-114.588059,32.552863],[-114.588875,32.552858],[-114.589611,32.552856],[-114.590329,32.552853],[-114.595886,32.552777],[-114.59732,32.552778],[-114.598893,32.552778],[-114.606025,32.552782],[-114.606346,32.552784],[-114.607703,32.552791],[-114.612273,32.552799],[-114.613984,32.552782],[-114.614707,32.552799],[-114.615327,32.552812],[-114.616819,32.552804],[-114.619263,32.552805],[-114.621306,32.552802],[-114.623253,32.552799],[-114.623266,32.552799],[-114.625728,32.552796],[-114.625905,32.552796],[-114.627431,32.552805],[-114.63034,32.552796],[-114.631995,32.552798],[-114.632028,32.562479],[-114.632047,32.563],[-114.632077,32.563771],[-114.632078,32.563806],[-114.632108,32.565244],[-114.63212,32.565559],[-114.632167,32.566837],[-114.632163,32.567402],[-114.632155,32.568452],[-114.632159,32.568949],[-114.632161,32.569249],[-114.63217,32.570143],[-114.632189,32.571081],[-114.6322,32.57162],[-114.632201,32.57201],[-114.632201,32.572789],[-114.632201,32.572895],[-114.632205,32.573041],[-114.632205,32.573065],[-114.632214,32.574764],[-114.632231,32.5766],[-114.632249,32.578428],[-114.632258,32.580182],[-114.63228,32.582065],[-114.632301,32.584111],[-114.632301,32.584801],[-114.632301,32.585397],[-114.632302,32.585721],[-114.632327,32.58753],[-114.632336,32.589359],[-114.632359,32.590811],[-114.632363,32.591717],[-114.632367,32.59254],[-114.632373,32.593085],[-114.632387,32.594886],[-114.632408,32.596653],[-114.632431,32.598539],[-114.63246,32.600368],[-114.632481,32.602141],[-114.632494,32.603973],[-114.632541,32.607715],[-114.632544,32.607978],[-114.632551,32.608548],[-114.632556,32.610156],[-114.632585,32.611168],[-114.632588,32.611281],[-114.632598,32.611669],[-114.632613,32.612617],[-114.632613,32.613194],[-114.632611,32.615962],[-114.632603,32.617524],[-114.632613,32.618519],[-114.632615,32.618679],[-114.632621,32.619135],[-114.632638,32.620147],[-114.632651,32.621392],[-114.632655,32.6222],[-114.632656,32.622998],[-114.63266,32.625014],[-114.632649,32.625206],[-114.632651,32.625826],[-114.632798,32.625823],[-114.632812,32.625823],[-114.63385,32.625805],[-114.634965,32.625785],[-114.63502,32.625785],[-114.635485,32.625771],[-114.63589,32.625802],[-114.636024,32.625802],[-114.636245,32.625802],[-114.636932,32.625799],[-114.636984,32.625799],[-114.637449,32.62579],[-114.63748,32.62579],[-114.637756,32.625788],[-114.638892,32.625765],[-114.641288,32.625757],[-114.643408,32.625753],[-114.643855,32.625751],[-114.645636,32.62574],[-114.646116,32.62574],[-114.649128,32.625731],[-114.64987,32.625735],[-114.652883,32.625709],[-114.655825,32.625684],[-114.657857,32.625666],[-114.658487,32.625664],[-114.658513,32.625663],[-114.659306,32.625641],[-114.662833,32.625659],[-114.66333,32.62565],[-114.664748,32.625624],[-114.66618,32.625625],[-114.6671,32.625632],[-114.667235,32.625632],[-114.668105,32.625615],[-114.669224,32.625608],[-114.67063,32.625587],[-114.670993,32.625583],[-114.671378,32.62558],[-114.672469,32.625568],[-114.673483,32.62556],[-114.675583,32.625543],[-114.676358,32.625535],[-114.67704,32.625534],[-114.677642,32.625521],[-114.677729,32.625523],[-114.678568,32.625535],[-114.680149,32.625535],[-114.681187,32.625551],[-114.682366,32.625543],[-114.682647,32.625543],[-114.683636,32.625549],[-114.684249,32.625554],[-114.684238,32.626137],[-114.684252,32.628482],[-114.684269,32.632807],[-114.68427,32.63308],[-114.684275,32.635786],[-114.684284,32.637906],[-114.684281,32.639032],[-114.684278,32.640163],[-114.684296,32.642214],[-114.68431,32.645014],[-114.684313,32.646717],[-114.684327,32.647365],[-114.684331,32.647536],[-114.684407,32.650821],[-114.684481,32.652633],[-114.684534,32.654548],[-114.684535,32.656756],[-114.68454,32.658341],[-114.684557,32.659951],[-114.684586,32.661476],[-114.684591,32.661926],[-114.684591,32.661972],[-114.684599,32.662734],[-114.684626,32.665591],[-114.684649,32.667992],[-114.684638,32.669275],[-114.684557,32.669276],[-114.684545,32.676541],[-114.684529,32.677408],[-114.684325,32.677408],[-114.684292,32.677452],[-114.684282,32.679602],[-114.684279,32.680148],[-114.684405,32.680147],[-114.684573,32.680147],[-114.684573,32.680199],[-114.684574,32.68047],[-114.684589,32.683165],[-114.684601,32.683791],[-114.684263,32.683793],[-114.680327,32.683805],[-114.680293,32.683805],[-114.679296,32.683807],[-114.677652,32.683811],[-114.676064,32.683816],[-114.674879,32.683819],[-114.671774,32.683798],[-114.670445,32.68381],[-114.668177,32.683798],[-114.667932,32.683796],[-114.667541,32.683794],[-114.667461,32.683799],[-114.667452,32.683401],[-114.667449,32.683267],[-114.667442,32.682966],[-114.667448,32.680411],[-114.667449,32.6801],[-114.667428,32.676671],[-114.667428,32.676589],[-114.667411,32.67476],[-114.667387,32.672933],[-114.667383,32.67257],[-114.667355,32.67026],[-114.667355,32.669285],[-114.667061,32.669286],[-114.664194,32.669342],[-114.655764,32.66941],[-114.654408,32.669435],[-114.653495,32.669451],[-114.653221,32.669446],[-114.651242,32.669468],[-114.650936,32.669452],[-114.650442,32.66944],[-114.65018,32.669438],[-114.648835,32.669455],[-114.648356,32.669462],[-114.648063,32.669466],[-114.64799,32.669466],[-114.647675,32.669472],[-114.647443,32.669475],[-114.646462,32.669468],[-114.645912,32.669463],[-114.64578,32.669462],[-114.644193,32.669449],[-114.642474,32.669471],[-114.641921,32.669477],[-114.64121,32.669471],[-114.641129,32.669469],[-114.640933,32.669468],[-114.640883,32.669468],[-114.640866,32.669527],[-114.640846,32.669632],[-114.640814,32.669736],[-114.640772,32.669834],[-114.640762,32.669868],[-114.640698,32.669994],[-114.640693,32.670029],[-114.640644,32.670122],[-114.640616,32.670149],[-114.640602,32.670181],[-114.64032,32.670529],[-114.640221,32.670643],[-114.640079,32.670817],[-114.640036,32.670876],[-114.639939,32.670991],[-114.639871,32.67108],[-114.639855,32.671111],[-114.639809,32.671168],[-114.639772,32.67123],[-114.639707,32.672053],[-114.639705,32.672123],[-114.639688,32.672193],[-114.639621,32.672538],[-114.63959,32.672674],[-114.639565,32.672741],[-114.639497,32.672863],[-114.639449,32.672994],[-114.63938,32.673116],[-114.639373,32.67315],[-114.639358,32.673181],[-114.639337,32.673212],[-114.639332,32.673247],[-114.639311,32.673276],[-114.639296,32.673307],[-114.639288,32.673341],[-114.639264,32.673369],[-114.639256,32.673403],[-114.639242,32.673434],[-114.63922,32.673463],[-114.639216,32.673498],[-114.639179,32.673558],[-114.639172,32.673592],[-114.639148,32.67362],[-114.63914,32.673654],[-114.639126,32.673685],[-114.639104,32.673715],[-114.6391,32.67375],[-114.639063,32.673809],[-114.639057,32.673844],[-114.639032,32.673871],[-114.639024,32.673904],[-114.639008,32.673937],[-114.638985,32.673966],[-114.638977,32.674],[-114.638955,32.674028],[-114.638904,32.674121],[-114.638874,32.674188],[-114.638833,32.674248],[-114.638818,32.67428],[-114.638757,32.67437],[-114.638737,32.674401],[-114.638629,32.674587],[-114.638589,32.674647],[-114.638559,32.674712],[-114.638467,32.674867],[-114.638444,32.674895],[-114.638387,32.674988],[-114.638357,32.675052],[-114.638243,32.675236],[-114.638209,32.675299],[-114.638128,32.675418],[-114.638113,32.675451],[-114.638073,32.675511],[-114.638042,32.675575],[-114.638018,32.675604],[-114.637984,32.675666],[-114.63787,32.675851],[-114.63784,32.675915],[-114.637748,32.676069],[-114.637725,32.676098],[-114.637652,32.676222],[-114.637612,32.676282],[-114.637599,32.676315],[-114.637523,32.676437],[-114.637496,32.676465],[-114.637383,32.676611],[-114.637364,32.676642],[-114.637316,32.676699],[-114.637277,32.67676],[-114.637182,32.676875],[-114.63707,32.677022],[-114.63703,32.677083],[-114.637002,32.67711],[-114.636955,32.677176],[-114.63688,32.677261],[-114.636538,32.677622],[-114.636463,32.677708],[-114.636395,32.677796],[-114.636381,32.677827],[-114.636322,32.677917],[-114.636232,32.67803],[-114.636223,32.678064],[-114.636188,32.678128],[-114.636146,32.678261],[-114.636127,32.678292],[-114.636087,32.678388],[-114.63607,32.678455],[-114.636055,32.678885],[-114.636073,32.679164],[-114.636086,32.679268],[-114.636137,32.67947],[-114.636171,32.679569],[-114.636189,32.679636],[-114.636214,32.679702],[-114.636257,32.679763],[-114.636678,32.680298],[-114.636754,32.680382],[-114.636808,32.680434],[-114.636831,32.680464],[-114.636958,32.680601],[-114.637013,32.680652],[-114.637062,32.680708],[-114.63709,32.680732],[-114.637314,32.680982],[-114.637369,32.681032],[-114.637661,32.681371],[-114.637767,32.681489],[-114.637862,32.681593],[-114.638028,32.681801],[-114.638427,32.682353],[-114.638609,32.682631],[-114.638694,32.682792],[-114.638703,32.682826],[-114.638691,32.682896],[-114.638652,32.683273],[-114.638608,32.683719],[-114.638592,32.683828],[-114.638585,32.68387],[-114.638576,32.683906],[-114.638566,32.683939],[-114.638568,32.683963],[-114.638567,32.683982],[-114.638516,32.683981],[-114.637711,32.683971],[-114.637461,32.683978],[-114.637438,32.683978],[-114.636446,32.683993],[-114.636241,32.683937],[-114.63592,32.683932],[-114.635551,32.683935],[-114.635493,32.683936],[-114.635431,32.683936],[-114.633315,32.683951],[-114.633258,32.683951],[-114.63321,32.683951],[-114.632011,32.683954],[-114.631568,32.683954],[-114.631277,32.683954],[-114.630735,32.683954],[-114.630539,32.683954],[-114.629896,32.68397],[-114.628926,32.683992],[-114.628931,32.682954],[-114.628933,32.682366],[-114.628929,32.682122],[-114.628927,32.682035],[-114.628916,32.681496],[-114.628909,32.681106],[-114.628893,32.680282],[-114.628344,32.680287],[-114.627891,32.68029],[-114.627394,32.680293],[-114.626896,32.680293],[-114.62638,32.680289],[-114.625939,32.680292],[-114.624599,32.680298],[-114.623344,32.680298],[-114.622926,32.680301],[-114.622344,32.680304],[-114.621384,32.6803],[-114.620906,32.680298],[-114.620317,32.680315],[-114.620123,32.680307],[-114.619634,32.68031],[-114.619256,32.680304],[-114.618868,32.680309],[-114.618474,32.680304],[-114.618049,32.680307],[-114.617638,32.680304],[-114.617216,32.680307],[-114.615984,32.680301],[-114.615984,32.679935],[-114.615488,32.679948],[-114.614852,32.679941],[-114.613824,32.679952],[-114.612076,32.679958],[-114.611668,32.679963],[-114.611304,32.679968],[-114.610864,32.679964],[-114.610226,32.679969],[-114.609602,32.679962],[-114.607865,32.679971],[-114.607735,32.679972],[-114.607358,32.679983],[-114.607342,32.679983],[-114.606865,32.679994],[-114.606582,32.679997],[-114.605912,32.679997],[-114.604282,32.680016],[-114.603472,32.680019],[-114.603088,32.68002],[-114.602907,32.680031],[-114.602672,32.680038],[-114.601401,32.680048],[-114.601143,32.680054],[-114.601015,32.680048],[-114.600915,32.680039],[-114.600846,32.68001],[-114.600708,32.67989],[-114.600579,32.679755],[-114.600492,32.679823],[-114.600311,32.67991],[-114.600135,32.679969],[-114.599998,32.680011],[-114.59984,32.680038],[-114.599571,32.680053],[-114.599405,32.680056],[-114.59912,32.680059],[-114.598956,32.680056],[-114.598846,32.680056],[-114.598849,32.680396],[-114.598845,32.681218],[-114.598854,32.681911],[-114.598861,32.682572],[-114.598862,32.683058],[-114.598854,32.684078],[-114.598854,32.68418],[-114.598859,32.684973],[-114.598863,32.685482],[-114.598869,32.68589],[-114.59886,32.686264],[-114.598857,32.68699],[-114.59887,32.687461],[-114.598871,32.687618],[-114.598872,32.687716],[-114.598744,32.687717],[-114.598747,32.687944],[-114.598745,32.688126],[-114.598876,32.688158],[-114.598877,32.688263],[-114.598877,32.688528],[-114.598879,32.691288],[-114.59888,32.691416],[-114.598882,32.691677],[-114.598883,32.691839],[-114.598885,32.692113],[-114.599651,32.692324],[-114.600294,32.692513],[-114.600797,32.69268],[-114.601225,32.692838],[-114.601614,32.692988],[-114.601994,32.693157],[-114.602642,32.69346],[-114.603304,32.693833],[-114.603998,32.694255],[-114.605146,32.69501],[-114.605516,32.695317],[-114.605945,32.695726],[-114.606533,32.696337],[-114.606782,32.696665],[-114.606974,32.696877],[-114.607625,32.697774],[-114.608076,32.698489],[-114.608154,32.698582],[-114.608247,32.69869],[-114.608336,32.698811],[-114.608631,32.699242],[-114.609115,32.700051],[-114.609355,32.700525],[-114.609606,32.701098],[-114.609878,32.70192],[-114.610005,32.702317],[-114.610152,32.70274],[-114.610174,32.702954],[-114.610385,32.704399],[-114.610796,32.706984],[-114.611003,32.708101],[-114.611071,32.708407],[-114.611293,32.710151],[-114.611312,32.710296],[-114.611416,32.711034],[-114.61168,32.712626],[-114.612212,32.715997],[-114.61228,32.716672],[-114.612465,32.717802],[-114.612636,32.718871],[-114.612784,32.719694],[-114.612931,32.720259],[-114.613069,32.720768],[-114.613143,32.720996],[-114.613211,32.721137],[-114.613377,32.721573],[-114.613462,32.721811],[-114.613367,32.721836],[-114.61315,32.721879],[-114.613215,32.722015],[-114.613144,32.722034],[-114.612981,32.72206],[-114.612715,32.722074],[-114.612462,32.722048],[-114.612252,32.722009],[-114.612115,32.721959],[-114.612044,32.722119],[-114.611976,32.722272],[-114.611921,32.72245],[-114.611902,32.722604],[-114.611896,32.722782],[-114.611939,32.723009],[-114.611988,32.723169],[-114.612148,32.723445],[-114.612308,32.723697],[-114.612525,32.723986],[-114.612608,32.724041],[-114.612872,32.724322],[-114.613189,32.724589],[-114.613486,32.724812],[-114.613824,32.725077],[-114.614007,32.725232],[-114.61414,32.725406],[-114.614287,32.725634],[-114.614347,32.725794],[-114.613817,32.726014],[-114.614029,32.725813],[-114.614041,32.725704],[-114.614011,32.725605],[-114.613937,32.725448],[-114.613707,32.725228],[-114.613361,32.724912],[-114.612939,32.724556],[-114.61262,32.724202],[-114.612446,32.724019],[-114.61243,32.724002],[-114.611785,32.723044],[-114.611317,32.722124],[-114.610865,32.721017],[-114.610297,32.719671],[-114.610226,32.719501],[-114.61017,32.719369],[-114.609835,32.718518],[-114.609433,32.71783],[-114.609185,32.717579],[-114.608871,32.717368],[-114.608489,32.717168],[-114.607943,32.716977],[-114.607486,32.716915],[-114.607459,32.716911],[-114.606694,32.716904],[-114.59951,32.716962],[-114.599033,32.716964],[-114.599037,32.717242],[-114.599081,32.720895],[-114.599082,32.720961],[-114.598704,32.721066],[-114.597006,32.721828],[-114.595428,32.722648],[-114.59352,32.723478],[-114.591584,32.724044],[-114.590287,32.72444],[-114.589641,32.72461],[-114.589395,32.724514],[-114.588709,32.724285],[-114.588068,32.724133],[-114.587274,32.723957],[-114.586634,32.72382],[-114.585947,32.72372],[-114.585352,32.723576],[-114.585047,32.723475],[-114.584543,32.723393],[-114.583918,32.723163],[-114.583475,32.723034],[-114.5832,32.722935],[-114.58291,32.722828],[-114.582804,32.722836],[-114.582514,32.722828],[-114.582178,32.722881],[-114.581919,32.722866],[-114.581583,32.722805],[-114.58111,32.722744],[-114.580622,32.722653],[-114.580179,32.722499],[-114.57966,32.722324],[-114.57905,32.722065],[-114.578562,32.721836],[-114.577982,32.721638],[-114.577356,32.721456],[-114.576746,32.721294],[-114.576198,32.721277],[-114.576059,32.721272],[-114.575434,32.721348],[-114.574839,32.72137],[-114.574411,32.721333],[-114.574182,32.721134],[-114.573984,32.720967],[-114.573801,32.720792],[-114.573587,32.720739],[-114.573252,32.7207],[-114.572733,32.720731],[-114.572153,32.720768],[-114.571634,32.720723],[-114.570551,32.720722],[-114.570276,32.720737],[-114.569834,32.720661],[-114.569422,32.72054],[-114.569086,32.720525],[-114.568857,32.72057],[-114.568674,32.720669],[-114.568491,32.720791],[-114.568094,32.720806],[-114.567606,32.720706],[-114.56727,32.720593],[-114.566828,32.720379],[-114.566431,32.720211],[-114.565882,32.720067],[-114.565576,32.72009],[-114.565287,32.720059],[-114.565073,32.719997],[-114.564889,32.719921],[-114.56466,32.719838],[-114.564111,32.719808],[-114.564034,32.719822],[-114.563516,32.719808],[-114.562707,32.7198],[-114.562234,32.719807],[-114.562005,32.719814],[-114.561669,32.719738],[-114.561013,32.719602],[-114.560784,32.719608],[-114.560525,32.719654],[-114.560128,32.719563],[-114.55964,32.719486],[-114.559197,32.719479],[-114.558419,32.719486],[-114.55787,32.719585],[-114.55761,32.719654],[-114.557473,32.719647],[-114.557366,32.719676],[-114.557473,32.719783],[-114.557626,32.719746],[-114.557885,32.719676],[-114.558053,32.71973],[-114.558099,32.719807],[-114.557946,32.719982],[-114.557717,32.720081],[-114.557473,32.720173],[-114.557,32.720112],[-114.556252,32.719974],[-114.555917,32.719837],[-114.555657,32.719738],[-114.55552,32.719676],[-114.555367,32.719715],[-114.555154,32.719776],[-114.554788,32.719883],[-114.554376,32.719929],[-114.55378,32.719952],[-114.553338,32.719997],[-114.552743,32.720112],[-114.552117,32.720242],[-114.551568,32.720318],[-114.551202,32.72044],[-114.551049,32.720532],[-114.550866,32.720615],[-114.5505,32.720715],[-114.550286,32.720782],[-114.549905,32.721012],[-114.549401,32.721294],[-114.548837,32.7216],[-114.54815,32.721882],[-114.547799,32.72208],[-114.547509,32.722302],[-114.546853,32.722575],[-114.546258,32.722805],[-114.545709,32.723056],[-114.545342,32.723171],[-114.544976,32.723422],[-114.544518,32.723728],[-114.544015,32.72414],[-114.543527,32.724476],[-114.543084,32.724812],[-114.54287,32.724933],[-114.542642,32.72514],[-114.542336,32.725299],[-114.542092,32.725482],[-114.54165,32.725819],[-114.541161,32.726162],[-114.540719,32.726481],[-114.540353,32.726742],[-114.540093,32.727047],[-114.539742,32.727398],[-114.539437,32.727635],[-114.539178,32.727779],[-114.539025,32.728023],[-114.538766,32.728375],[-114.538522,32.728695],[-114.538232,32.729022],[-114.537789,32.729419],[-114.537606,32.729534],[-114.537408,32.729717],[-114.537255,32.729855],[-114.536981,32.730052],[-114.536813,32.730282],[-114.536538,32.730601],[-114.536187,32.731029],[-114.535836,32.731403],[-114.535455,32.731869],[-114.535027,32.732266],[-114.534829,32.732501],[-114.534676,32.732768],[-114.534417,32.733112],[-114.534234,32.733448],[-114.533883,32.733829],[-114.533685,32.73402],[-114.533517,32.734287],[-114.533288,32.734661],[-114.533135,32.734898],[-114.533059,32.735066],[-114.532739,32.735591],[-114.53254,32.735943],[-114.53222,32.7365],[-114.532006,32.736964],[-114.53167,32.737476],[-114.531335,32.738003],[-114.530999,32.738583],[-114.53074,32.738895],[-114.530602,32.739131],[-114.530404,32.739567],[-114.530159,32.74013],[-114.52996,32.740527],[-114.529777,32.740856],[-114.529564,32.741093],[-114.529411,32.741314],[-114.529243,32.74165],[-114.529152,32.74184],[-114.529045,32.741978],[-114.529075,32.742054],[-114.529045,32.742176],[-114.529045,32.742291],[-114.529091,32.742458],[-114.529167,32.742618],[-114.529121,32.742832],[-114.528984,32.743023],[-114.528755,32.743358],[-114.528541,32.743557],[-114.528343,32.743831],[-114.528129,32.744129],[-114.527916,32.744434],[-114.527687,32.744853],[-114.527504,32.745258],[-114.527351,32.74564],[-114.527275,32.745922],[-114.527168,32.746257],[-114.527061,32.746547],[-114.526954,32.746744],[-114.526954,32.747211],[-114.526985,32.747478],[-114.527061,32.747767],[-114.527199,32.747935],[-114.527244,32.748164],[-114.526661,32.750045],[-114.52646,32.751485],[-114.526379,32.751668],[-114.526216,32.752744],[-114.526214,32.756338],[-114.526403,32.757393],[-114.526403,32.757841],[-114.526403,32.758217],[-114.526592,32.758996],[-114.526635,32.760297],[-114.52727,32.760416]]]]}}]}
