level	page_num	par_num	block_num	line_num	word_num	left	top	width	height	conf	text
1	1	0	0	0	0	0.000000	0.000000	792.000000	612.000000	-1	###PAGE###
3	1	0	0	0	0	270.479967	198.146192	251.051264	32.390746	-1	###FLOW###
4	1	0	0	0	0	299.759939	198.146192	192.474066	15.950760	-1	###LINE###
5	1	0	0	0	0	299.76	198.15	106.66	15.95	100	Commonwealth
5	1	0	0	0	1	410.39	198.15	13.48	15.95	100	of
5	1	0	0	0	2	427.91	198.15	64.32	15.95	100	Kentucky
4	1	0	0	1	0	270.479967	214.586178	251.051264	15.950760	-1	###LINE###
5	1	0	0	1	0	270.48	214.59	52.24	15.95	100	Michael
5	1	0	0	1	1	326.63	214.59	15.07	15.95	100	G.
5	1	0	0	1	2	345.60	214.59	51.00	15.95	100	Adams,
5	1	0	0	1	3	400.56	214.59	64.83	15.95	100	Secretary
5	1	0	0	1	4	469.19	214.59	13.48	15.95	100	of
5	1	0	0	1	5	486.59	214.59	34.94	15.95	100	State
3	1	0	1	0	0	267.959970	263.906165	256.084014	32.390776	-1	###FLOW###
4	1	0	1	0	0	352.439952	263.906165	87.115175	15.950760	-1	###LINE###
5	1	0	1	0	0	352.44	263.91	27.81	15.95	100	May
5	1	0	1	0	1	383.99	263.91	19.86	15.95	100	17,
5	1	0	1	0	2	407.76	263.91	31.80	15.95	100	2022
4	1	0	1	1	0	267.959970	280.346181	256.084014	15.950760	-1	###LINE###
5	1	0	1	1	0	267.96	280.35	48.41	15.95	100	Official
5	1	0	1	1	1	320.39	280.35	31.80	15.95	100	2022
5	1	0	1	1	2	356.03	280.35	53.07	15.95	100	Primary
5	1	0	1	1	3	412.91	280.35	55.55	15.95	100	Election
5	1	0	1	1	4	472.43	280.35	51.61	15.95	100	Results
3	1	0	2	0	0	321.719963	329.666198	148.466105	32.390746	-1	###FLOW###
4	1	0	2	0	0	341.879938	329.666198	108.032539	15.950760	-1	###LINE###
5	1	0	2	0	0	341.88	329.67	23.00	15.95	100	For
5	1	0	2	0	1	368.87	329.67	21.43	15.95	100	the
5	1	0	2	0	2	394.31	329.67	38.10	15.95	100	office
5	1	0	2	0	3	436.43	329.67	13.48	15.95	100	of
4	1	0	2	1	0	321.719963	346.106184	148.466105	15.950760	-1	###LINE###
5	1	0	2	1	0	321.72	346.11	44.44	15.95	100	United
5	1	0	2	1	1	370.19	346.11	42.89	15.95	100	States
5	1	0	2	1	2	417.00	346.11	53.19	15.95	100	Senator
1	2	0	0	0	0	0.000000	0.000000	792.000000	612.000000	-1	###PAGE###
3	2	0	0	0	0	35.999994	54.115290	161.658823	13.404001	-1	###FLOW###
4	2	0	0	0	0	35.999994	54.115290	161.658823	13.404001	-1	###LINE###
5	2	0	0	0	0	36.00	54.12	89.57	13.40	100	Commonwealth
5	2	0	0	0	1	128.96	54.12	11.33	13.40	100	of
5	2	0	0	0	2	143.60	54.12	54.05	13.40	100	Kentucky
3	2	1	0	0	0	289.919964	54.115290	211.964694	13.404001	-1	###FLOW###
4	2	1	0	0	0	289.919964	54.115290	211.964694	13.404001	-1	###LINE###
5	2	1	0	0	0	289.92	54.12	44.03	13.40	100	Michael
5	2	1	0	0	1	337.40	54.12	12.66	13.40	100	G.
5	2	1	0	0	2	353.48	54.12	43.01	13.40	100	Adams,
5	2	1	0	0	3	399.93	54.12	54.90	13.40	100	Secretary
5	2	1	0	0	4	457.89	54.12	11.33	13.40	100	of
5	2	1	0	0	5	472.52	54.12	29.36	13.40	100	State
3	2	2	0	0	0	584.279905	54.115290	171.619073	13.404001	-1	###FLOW###
4	2	2	0	0	0	584.279905	54.115290	171.619073	13.404001	-1	###LINE###
5	2	2	0	0	0	584.28	54.12	26.72	13.40	100	2022
5	2	2	0	0	1	614.49	54.12	44.86	13.40	100	Primary
5	2	2	0	0	2	662.36	54.12	46.82	13.40	100	Election
5	2	2	0	0	3	712.53	54.12	43.37	13.40	100	Results
3	2	3	0	0	0	333.479949	111.955306	124.953680	27.204012	-1	###FLOW###
4	2	3	0	0	0	333.479949	111.955306	124.953680	13.404001	-1	###LINE###
5	2	3	0	0	0	333.48	111.96	37.34	13.40	100	United
5	2	3	0	0	1	374.13	111.96	36.04	13.40	100	States
5	2	3	0	0	2	413.61	111.96	44.83	13.40	100	Senator
4	2	3	0	1	0	347.039954	125.755316	98.280875	13.404001	-1	###LINE###
5	2	3	0	1	0	347.04	125.76	64.81	13.40	100	Republican
5	2	3	0	1	1	415.16	125.76	30.16	13.40	100	Party
3	2	4	0	0	0	136.799974	175.044401	54.070817	379.737189	-1	###FLOW###
4	2	4	0	0	0	136.799974	175.044401	22.704683	10.857240	-1	###LINE###
5	2	4	0	0	0	136.80	175.04	22.70	10.86	100	Adair
4	2	4	0	1	0	136.799974	188.244401	21.624434	10.857240	-1	###LINE###
5	2	4	0	1	0	136.80	188.24	21.62	10.86	100	Allen
4	2	4	0	2	0	136.799974	201.444400	41.643093	10.857240	-1	###LINE###
5	2	4	0	2	0	136.80	201.44	41.64	10.86	100	Anderson
4	2	4	0	3	0	136.799974	214.644399	30.276154	10.857240	-1	###LINE###
5	2	4	0	3	0	136.80	214.64	30.28	10.86	100	Ballard
4	2	4	0	4	0	136.799974	227.724401	29.195906	10.857240	-1	###LINE###
5	2	4	0	4	0	136.80	227.72	29.20	10.86	100	Barren
4	2	4	0	5	0	136.799974	240.924400	19.999195	10.857240	-1	###LINE###
5	2	4	0	5	0	136.80	240.92	20.00	10.86	100	Bath
4	2	4	0	6	0	136.799974	254.124399	16.213460	10.857240	-1	###LINE###
5	2	4	0	6	0	136.80	254.12	16.21	10.86	100	Bell
4	2	4	0	7	0	136.799974	267.324398	28.125389	10.857240	-1	###LINE###
5	2	4	0	7	0	136.80	267.32	28.13	10.86	100	Boone
4	2	4	0	8	0	136.799974	280.404402	36.777109	10.857240	-1	###LINE###
5	2	4	0	8	0	136.80	280.40	36.78	10.86	100	Bourbon
4	2	4	0	9	0	136.799974	293.604401	21.965053	10.857240	-1	###LINE###
5	2	4	0	9	0	136.80	293.60	21.97	10.86	100	Boyd
4	2	4	0	10	0	136.799974	306.804400	24.125550	10.857240	-1	###LINE###
5	2	4	0	10	0	136.80	306.80	24.13	10.86	100	Boyle
4	2	4	0	11	0	136.799974	320.004399	35.687129	10.857240	-1	###LINE###
5	2	4	0	11	0	136.80	320.00	35.69	10.86	100	Bracken
4	2	4	0	12	0	136.799974	333.084401	36.202923	10.857240	-1	###LINE###
5	2	4	0	12	0	136.80	333.08	36.20	10.86	100	Breathitt
4	2	4	0	13	0	136.799974	346.284400	54.070817	10.857240	-1	###LINE###
5	2	4	0	13	0	136.80	346.28	54.07	10.86	100	Breckinridge
4	2	4	0	14	0	136.799974	359.484384	23.765467	10.857240	-1	###LINE###
5	2	4	0	14	0	136.80	359.48	23.77	10.86	100	Bullitt
4	2	4	0	15	0	136.799974	372.684383	25.400438	10.857240	-1	###LINE###
5	2	4	0	15	0	136.80	372.68	25.40	10.86	100	Butler
4	2	4	0	16	0	136.799974	385.764387	36.485150	10.857240	-1	###LINE###
5	2	4	0	16	0	136.80	385.76	36.49	10.86	100	Caldwell
4	2	4	0	17	0	136.799974	398.964386	39.190637	10.857240	-1	###LINE###
5	2	4	0	17	0	136.80	398.96	39.19	10.86	100	Calloway
4	2	4	0	18	0	136.799974	412.164385	40.952124	10.857240	-1	###LINE###
5	2	4	0	18	0	136.80	412.16	40.95	10.86	100	Campbell
4	2	4	0	19	0	136.799974	425.364384	32.436651	10.857240	-1	###LINE###
5	2	4	0	19	0	136.80	425.36	32.44	10.86	100	Carlisle
4	2	4	0	20	0	136.799974	438.444386	28.553596	10.857240	-1	###LINE###
5	2	4	0	20	0	136.80	438.44	28.55	10.86	100	Carroll
4	2	4	0	21	0	136.799974	451.644386	27.025677	10.857240	-1	###LINE###
5	2	4	0	21	0	136.80	451.64	27.03	10.86	100	Carter
4	2	4	0	22	0	136.799974	464.844385	27.580399	10.857240	-1	###LINE###
5	2	4	0	22	0	136.80	464.84	27.58	10.86	100	Casey
4	2	4	0	23	0	136.799974	478.044384	38.382884	10.857240	-1	###LINE###
5	2	4	0	23	0	136.80	478.04	38.38	10.86	100	Christian
4	2	4	0	24	0	136.799974	491.124387	22.704683	10.857240	-1	###LINE###
5	2	4	0	24	0	136.80	491.12	22.70	10.86	100	Clark
4	2	4	0	25	0	136.799974	504.324386	19.463937	10.857240	-1	###LINE###
5	2	4	0	25	0	136.80	504.32	19.46	10.86	100	Clay
4	2	4	0	26	0	136.799974	517.524355	30.276154	10.857240	-1	###LINE###
5	2	4	0	26	0	136.80	517.52	30.28	10.86	100	Clinton
4	2	4	0	27	0	136.799974	530.724354	44.874107	10.857240	-1	###LINE###
5	2	4	0	27	0	136.80	530.72	44.87	10.86	100	Crittenden
4	2	4	0	28	0	136.799974	543.924349	52.854321	10.857240	-1	###LINE###
5	2	4	0	28	0	136.80	543.92	52.85	10.86	100	Cumberland
3	2	5	0	0	0	269.279964	150.564402	97.983383	404.217187	-1	###FLOW###
4	2	5	0	0	0	272.039943	150.564402	95.184815	10.857240	-1	###LINE###
5	2	5	0	0	0	272.04	150.56	23.16	10.86	100	Rand
5	2	5	0	0	1	301.68	150.56	29.53	10.86	100	Valerie
5	2	5	0	0	2	333.77	150.56	13.39	10.86	100	"Dr
5	2	5	0	0	3	349.73	150.56	17.50	10.86	100	Val"
4	2	5	0	1	0	269.279964	161.724406	26.042748	10.857240	-1	###LINE###
5	2	5	0	1	0	269.28	161.72	26.04	10.86	100	PAUL
4	2	5	0	2	0	317.279956	161.724406	49.983391	10.857240	-1	###LINE###
5	2	5	0	2	0	317.28	161.72	49.98	10.86	100	FREDRICK
4	2	5	0	3	0	270.839971	175.044401	24.339653	10.857240	-1	###LINE###
5	2	5	0	3	0	270.84	175.04	24.34	10.86	100	2,741
4	2	5	0	4	0	350.999936	175.044401	16.232924	10.857240	-1	###LINE###
5	2	5	0	4	0	351.00	175.04	16.23	10.86	100	110
4	2	5	0	5	0	270.839971	188.244401	24.339653	10.857240	-1	###LINE###
5	2	5	0	5	0	270.84	188.24	24.34	10.86	100	2,742
4	2	5	0	6	0	350.999936	188.244401	16.232924	10.857240	-1	###LINE###
5	2	5	0	6	0	351.00	188.24	16.23	10.86	100	126
4	2	5	0	7	0	270.839971	201.444400	24.339653	10.857240	-1	###LINE###
5	2	5	0	7	0	270.84	201.44	24.34	10.86	100	3,007
4	2	5	0	8	0	350.999936	201.444400	16.232924	10.857240	-1	###LINE###
5	2	5	0	8	0	351.00	201.44	16.23	10.86	100	113
4	2	5	0	9	0	278.999948	214.644399	16.232924	10.857240	-1	###LINE###
5	2	5	0	9	0	279.00	214.64	16.23	10.86	100	603
4	2	5	0	10	0	356.399933	214.644399	10.821949	10.857240	-1	###LINE###
5	2	5	0	10	0	356.40	214.64	10.82	10.86	100	14
4	2	5	0	11	0	270.839971	227.724401	24.339653	10.857240	-1	###LINE###
5	2	5	0	11	0	270.84	227.72	24.34	10.86	100	3,226
4	2	5	0	12	0	350.999936	227.724401	16.232924	10.857240	-1	###LINE###
5	2	5	0	12	0	351.00	227.72	16.23	10.86	100	108
4	2	5	0	13	0	278.999948	240.924400	16.232924	10.857240	-1	###LINE###
5	2	5	0	13	0	279.00	240.92	16.23	10.86	100	462
4	2	5	0	14	0	356.399933	240.924400	10.821949	10.857240	-1	###LINE###
5	2	5	0	14	0	356.40	240.92	10.82	10.86	100	16
4	2	5	0	15	0	270.839971	254.124399	24.339653	10.857240	-1	###LINE###
5	2	5	0	15	0	270.84	254.12	24.34	10.86	100	3,256
4	2	5	0	16	0	350.999936	254.124399	16.232924	10.857240	-1	###LINE###
5	2	5	0	16	0	351.00	254.12	16.23	10.86	100	139
4	2	5	0	17	0	270.839971	267.324398	24.339653	10.857240	-1	###LINE###
5	2	5	0	17	0	270.84	267.32	24.34	10.86	100	9,835
4	2	5	0	18	0	350.999936	267.324398	16.232924	10.857240	-1	###LINE###
5	2	5	0	18	0	351.00	267.32	16.23	10.86	100	278
4	2	5	0	19	0	270.839971	280.404402	24.339653	10.857240	-1	###LINE###
5	2	5	0	19	0	270.84	280.40	24.34	10.86	100	1,403
4	2	5	0	20	0	356.399933	280.404402	10.821949	10.857240	-1	###LINE###
5	2	5	0	20	0	356.40	280.40	10.82	10.86	100	61
4	2	5	0	21	0	270.839971	293.604401	24.339653	10.857240	-1	###LINE###
5	2	5	0	21	0	270.84	293.60	24.34	10.86	100	2,374
4	2	5	0	22	0	350.999936	293.604401	16.232924	10.857240	-1	###LINE###
5	2	5	0	22	0	351.00	293.60	16.23	10.86	100	106
4	2	5	0	23	0	270.839971	306.804400	24.339653	10.857240	-1	###LINE###
5	2	5	0	23	0	270.84	306.80	24.34	10.86	100	1,641
4	2	5	0	24	0	356.399933	306.804400	10.821949	10.857240	-1	###LINE###
5	2	5	0	24	0	356.40	306.80	10.82	10.86	100	88
4	2	5	0	25	0	278.999948	320.004399	16.232924	10.857240	-1	###LINE###
5	2	5	0	25	0	279.00	320.00	16.23	10.86	100	652
4	2	5	0	26	0	356.399933	320.004399	10.821949	10.857240	-1	###LINE###
5	2	5	0	26	0	356.40	320.00	10.82	10.86	100	14
4	2	5	0	27	0	278.999948	333.084401	16.232924	10.857240	-1	###LINE###
5	2	5	0	27	0	279.00	333.08	16.23	10.86	100	275
4	2	5	0	28	0	361.799931	333.084401	5.410975	10.857240	-1	###LINE###
5	2	5	0	28	0	361.80	333.08	5.41	10.86	100	9
4	2	5	0	29	0	270.839971	346.284400	24.339653	10.857240	-1	###LINE###
5	2	5	0	29	0	270.84	346.28	24.34	10.86	100	2,516
4	2	5	0	30	0	350.999936	346.284400	16.232924	10.857240	-1	###LINE###
5	2	5	0	30	0	351.00	346.28	16.23	10.86	100	144
4	2	5	0	31	0	270.839971	359.484384	24.339653	10.857240	-1	###LINE###
5	2	5	0	31	0	270.84	359.48	24.34	10.86	100	5,662
4	2	5	0	32	0	350.999936	359.484384	16.232924	10.857240	-1	###LINE###
5	2	5	0	32	0	351.00	359.48	16.23	10.86	100	272
4	2	5	0	33	0	270.839971	372.684383	24.339653	10.857240	-1	###LINE###
5	2	5	0	33	0	270.84	372.68	24.34	10.86	100	2,391
4	2	5	0	34	0	350.999936	372.684383	16.232924	10.857240	-1	###LINE###
5	2	5	0	34	0	351.00	372.68	16.23	10.86	100	139
4	2	5	0	35	0	270.839971	385.764387	24.339653	10.857240	-1	###LINE###
5	2	5	0	35	0	270.84	385.76	24.34	10.86	100	1,302
4	2	5	0	36	0	356.399933	385.764387	10.821949	10.857240	-1	###LINE###
5	2	5	0	36	0	356.40	385.76	10.82	10.86	100	48
4	2	5	0	37	0	270.839971	398.964386	24.339653	10.857240	-1	###LINE###
5	2	5	0	37	0	270.84	398.96	24.34	10.86	100	1,498
4	2	5	0	38	0	356.399933	398.964386	10.821949	10.857240	-1	###LINE###
5	2	5	0	38	0	356.40	398.96	10.82	10.86	100	93
4	2	5	0	39	0	270.839971	412.164385	24.339653	10.857240	-1	###LINE###
5	2	5	0	39	0	270.84	412.16	24.34	10.86	100	7,589
4	2	5	0	40	0	350.999936	412.164385	16.232924	10.857240	-1	###LINE###
5	2	5	0	40	0	351.00	412.16	16.23	10.86	100	290
4	2	5	0	41	0	278.999948	425.364384	16.232924	10.857240	-1	###LINE###
5	2	5	0	41	0	279.00	425.36	16.23	10.86	100	328
4	2	5	0	42	0	361.799931	425.364384	5.410975	10.857240	-1	###LINE###
5	2	5	0	42	0	361.80	425.36	5.41	10.86	100	3
4	2	5	0	43	0	278.999948	438.444386	16.232924	10.857240	-1	###LINE###
5	2	5	0	43	0	279.00	438.44	16.23	10.86	100	404
4	2	5	0	44	0	356.399933	438.444386	10.821949	10.857240	-1	###LINE###
5	2	5	0	44	0	356.40	438.44	10.82	10.86	100	24
4	2	5	0	45	0	270.839971	451.644386	24.339653	10.857240	-1	###LINE###
5	2	5	0	45	0	270.84	451.64	24.34	10.86	100	1,861
4	2	5	0	46	0	356.399933	451.644386	10.821949	10.857240	-1	###LINE###
5	2	5	0	46	0	356.40	451.64	10.82	10.86	100	94
4	2	5	0	47	0	270.839971	464.844385	24.339653	10.857240	-1	###LINE###
5	2	5	0	47	0	270.84	464.84	24.34	10.86	100	2,899
4	2	5	0	48	0	356.399933	464.844385	10.821949	10.857240	-1	###LINE###
5	2	5	0	48	0	356.40	464.84	10.82	10.86	100	96
4	2	5	0	49	0	270.839971	478.044384	24.339653	10.857240	-1	###LINE###
5	2	5	0	49	0	270.84	478.04	24.34	10.86	100	2,863
4	2	5	0	50	0	356.399933	478.044384	10.821949	10.857240	-1	###LINE###
5	2	5	0	50	0	356.40	478.04	10.82	10.86	100	99
4	2	5	0	51	0	270.839971	491.124387	24.339653	10.857240	-1	###LINE###
5	2	5	0	51	0	270.84	491.12	24.34	10.86	100	2,524
4	2	5	0	52	0	356.399933	491.124387	10.821949	10.857240	-1	###LINE###
5	2	5	0	52	0	356.40	491.12	10.82	10.86	100	89
4	2	5	0	53	0	270.839971	504.324386	24.339653	10.857240	-1	###LINE###
5	2	5	0	53	0	270.84	504.32	24.34	10.86	100	4,186
4	2	5	0	54	0	350.999936	504.324386	16.232924	10.857240	-1	###LINE###
5	2	5	0	54	0	351.00	504.32	16.23	10.86	100	165
4	2	5	0	55	0	270.839971	517.524355	24.339653	10.857240	-1	###LINE###
5	2	5	0	55	0	270.84	517.52	24.34	10.86	100	2,940
4	2	5	0	56	0	350.999936	517.524355	16.232924	10.857240	-1	###LINE###
5	2	5	0	56	0	351.00	517.52	16.23	10.86	100	147
4	2	5	0	57	0	270.839971	530.724354	24.339653	10.857240	-1	###LINE###
5	2	5	0	57	0	270.84	530.72	24.34	10.86	100	1,464
4	2	5	0	58	0	356.399933	530.724354	10.821949	10.857240	-1	###LINE###
5	2	5	0	58	0	356.40	530.72	10.82	10.86	100	49
4	2	5	0	59	0	270.839971	543.924349	24.339653	10.857240	-1	###LINE###
5	2	5	0	59	0	270.84	543.92	24.34	10.86	100	1,816
4	2	5	0	60	0	350.999936	543.924349	16.232924	10.857240	-1	###LINE###
5	2	5	0	60	0	351.00	543.92	16.23	10.86	100	127
3	2	6	0	0	0	388.559937	150.564402	122.675656	404.217187	-1	###FLOW###
4	2	6	0	0	0	408.599951	150.564402	30.529185	10.857240	-1	###LINE###
5	2	6	0	0	0	408.60	150.56	18.96	10.86	100	Paul
5	2	6	0	0	1	430.13	150.56	9.00	10.86	100	V.
4	2	6	0	1	0	483.119936	150.564402	28.115657	10.857240	-1	###LINE###
5	2	6	0	1	0	483.12	150.56	28.12	10.86	100	Arnold
4	2	6	0	2	0	388.559937	161.724406	122.568407	10.857240	-1	###LINE###
5	2	6	0	2	0	388.56	161.72	50.70	10.86	100	HAMILTON
5	2	6	0	2	1	441.72	161.72	69.41	10.86	100	BLANKENSHIP
4	2	6	0	3	0	428.399953	175.044401	10.821949	10.857240	-1	###LINE###
5	2	6	0	3	0	428.40	175.04	10.82	10.86	100	91
4	2	6	0	4	0	494.999943	175.044401	16.232924	10.857240	-1	###LINE###
5	2	6	0	4	0	495.00	175.04	16.23	10.86	100	129
4	2	6	0	5	0	422.999924	188.244401	16.232924	10.857240	-1	###LINE###
5	2	6	0	5	0	423.00	188.24	16.23	10.86	100	114
4	2	6	0	6	0	494.999943	188.244401	16.232924	10.857240	-1	###LINE###
5	2	6	0	6	0	495.00	188.24	16.23	10.86	100	184
4	2	6	0	7	0	428.399953	201.444400	10.821949	10.857240	-1	###LINE###
5	2	6	0	7	0	428.40	201.44	10.82	10.86	100	86
4	2	6	0	8	0	500.399941	201.444400	10.821949	10.857240	-1	###LINE###
5	2	6	0	8	0	500.40	201.44	10.82	10.86	100	86
4	2	6	0	9	0	428.399953	214.644399	10.821949	10.857240	-1	###LINE###
5	2	6	0	9	0	428.40	214.64	10.82	10.86	100	18
4	2	6	0	10	0	500.399941	214.644399	10.821949	10.857240	-1	###LINE###
5	2	6	0	10	0	500.40	214.64	10.82	10.86	100	30
4	2	6	0	11	0	428.399953	227.724401	10.821949	10.857240	-1	###LINE###
5	2	6	0	11	0	428.40	227.72	10.82	10.86	100	78
4	2	6	0	12	0	500.399941	227.724401	10.821949	10.857240	-1	###LINE###
5	2	6	0	12	0	500.40	227.72	10.82	10.86	100	70
4	2	6	0	13	0	433.799949	240.924400	5.410975	10.857240	-1	###LINE###
5	2	6	0	13	0	433.80	240.92	5.41	10.86	100	8
4	2	6	0	14	0	505.799939	240.924400	5.410975	10.857240	-1	###LINE###
5	2	6	0	14	0	505.80	240.92	5.41	10.86	100	8
4	2	6	0	15	0	422.999924	254.124399	16.232924	10.857240	-1	###LINE###
5	2	6	0	15	0	423.00	254.12	16.23	10.86	100	117
4	2	6	0	16	0	494.999943	254.124399	16.232924	10.857240	-1	###LINE###
5	2	6	0	16	0	495.00	254.12	16.23	10.86	100	124
4	2	6	0	17	0	422.999924	267.324398	16.232924	10.857240	-1	###LINE###
5	2	6	0	17	0	423.00	267.32	16.23	10.86	100	242
4	2	6	0	18	0	494.999943	267.324398	16.232924	10.857240	-1	###LINE###
5	2	6	0	18	0	495.00	267.32	16.23	10.86	100	161
4	2	6	0	19	0	428.399953	280.404402	10.821949	10.857240	-1	###LINE###
5	2	6	0	19	0	428.40	280.40	10.82	10.86	100	48
4	2	6	0	20	0	500.399941	280.404402	10.821949	10.857240	-1	###LINE###
5	2	6	0	20	0	500.40	280.40	10.82	10.86	100	46
4	2	6	0	21	0	428.399953	293.604401	10.821949	10.857240	-1	###LINE###
5	2	6	0	21	0	428.40	293.60	10.82	10.86	100	87
4	2	6	0	22	0	500.399941	293.604401	10.821949	10.857240	-1	###LINE###
5	2	6	0	22	0	500.40	293.60	10.82	10.86	100	77
4	2	6	0	23	0	428.399953	306.804400	10.821949	10.857240	-1	###LINE###
5	2	6	0	23	0	428.40	306.80	10.82	10.86	100	66
4	2	6	0	24	0	500.399941	306.804400	10.821949	10.857240	-1	###LINE###
5	2	6	0	24	0	500.40	306.80	10.82	10.86	100	52
4	2	6	0	25	0	428.399953	320.004399	10.821949	10.857240	-1	###LINE###
5	2	6	0	25	0	428.40	320.00	10.82	10.86	100	11
4	2	6	0	26	0	505.799939	320.004399	5.410975	10.857240	-1	###LINE###
5	2	6	0	26	0	505.80	320.00	5.41	10.86	100	5
4	2	6	0	27	0	428.399953	333.084401	10.821949	10.857240	-1	###LINE###
5	2	6	0	27	0	428.40	333.08	10.82	10.86	100	21
4	2	6	0	28	0	505.799939	333.084401	5.410975	10.857240	-1	###LINE###
5	2	6	0	28	0	505.80	333.08	5.41	10.86	100	4
4	2	6	0	29	0	422.999924	346.284400	16.232924	10.857240	-1	###LINE###
5	2	6	0	29	0	423.00	346.28	16.23	10.86	100	133
4	2	6	0	30	0	500.399941	346.284400	10.821949	10.857240	-1	###LINE###
5	2	6	0	30	0	500.40	346.28	10.82	10.86	100	94
4	2	6	0	31	0	422.999924	359.484384	16.232924	10.857240	-1	###LINE###
5	2	6	0	31	0	423.00	359.48	16.23	10.86	100	221
4	2	6	0	32	0	494.999943	359.484384	16.232924	10.857240	-1	###LINE###
5	2	6	0	32	0	495.00	359.48	16.23	10.86	100	149
4	2	6	0	33	0	422.999924	372.684383	16.232924	10.857240	-1	###LINE###
5	2	6	0	33	0	423.00	372.68	16.23	10.86	100	111
4	2	6	0	34	0	500.399941	372.684383	10.821949	10.857240	-1	###LINE###
5	2	6	0	34	0	500.40	372.68	10.82	10.86	100	82
4	2	6	0	35	0	428.399953	385.764387	10.821949	10.857240	-1	###LINE###
5	2	6	0	35	0	428.40	385.76	10.82	10.86	100	33
4	2	6	0	36	0	500.399941	385.764387	10.821949	10.857240	-1	###LINE###
5	2	6	0	36	0	500.40	385.76	10.82	10.86	100	71
4	2	6	0	37	0	428.399953	398.964386	10.821949	10.857240	-1	###LINE###
5	2	6	0	37	0	428.40	398.96	10.82	10.86	100	43
4	2	6	0	38	0	500.399941	398.964386	10.821949	10.857240	-1	###LINE###
5	2	6	0	38	0	500.40	398.96	10.82	10.86	100	51
4	2	6	0	39	0	422.999924	412.164385	16.232924	10.857240	-1	###LINE###
5	2	6	0	39	0	423.00	412.16	16.23	10.86	100	194
4	2	6	0	40	0	494.999943	412.164385	16.232924	10.857240	-1	###LINE###
5	2	6	0	40	0	495.00	412.16	16.23	10.86	100	211
4	2	6	0	41	0	433.799949	425.364384	5.410975	10.857240	-1	###LINE###
5	2	6	0	41	0	433.80	425.36	5.41	10.86	100	6
4	2	6	0	42	0	505.799939	425.364384	5.410975	10.857240	-1	###LINE###
5	2	6	0	42	0	505.80	425.36	5.41	10.86	100	4
4	2	6	0	43	0	428.399953	438.444386	10.821949	10.857240	-1	###LINE###
5	2	6	0	43	0	428.40	438.44	10.82	10.86	100	10
4	2	6	0	44	0	505.799939	438.444386	5.410975	10.857240	-1	###LINE###
5	2	6	0	44	0	505.80	438.44	5.41	10.86	100	9
4	2	6	0	45	0	428.399953	451.644386	10.821949	10.857240	-1	###LINE###
5	2	6	0	45	0	428.40	451.64	10.82	10.86	100	76
4	2	6	0	46	0	500.399941	451.644386	10.821949	10.857240	-1	###LINE###
5	2	6	0	46	0	500.40	451.64	10.82	10.86	100	80
4	2	6	0	47	0	422.999924	464.844385	16.232924	10.857240	-1	###LINE###
5	2	6	0	47	0	423.00	464.84	16.23	10.86	100	131
4	2	6	0	48	0	494.999943	464.844385	16.232924	10.857240	-1	###LINE###
5	2	6	0	48	0	495.00	464.84	16.23	10.86	100	144
4	2	6	0	49	0	428.399953	478.044384	10.821949	10.857240	-1	###LINE###
5	2	6	0	49	0	428.40	478.04	10.82	10.86	100	74
4	2	6	0	50	0	500.399941	478.044384	10.821949	10.857240	-1	###LINE###
5	2	6	0	50	0	500.40	478.04	10.82	10.86	100	94
4	2	6	0	51	0	428.399953	491.124387	10.821949	10.857240	-1	###LINE###
5	2	6	0	51	0	428.40	491.12	10.82	10.86	100	54
4	2	6	0	52	0	500.399941	491.124387	10.821949	10.857240	-1	###LINE###
5	2	6	0	52	0	500.40	491.12	10.82	10.86	100	45
4	2	6	0	53	0	422.999924	504.324386	16.232924	10.857240	-1	###LINE###
5	2	6	0	53	0	423.00	504.32	16.23	10.86	100	217
4	2	6	0	54	0	494.999943	504.324386	16.232924	10.857240	-1	###LINE###
5	2	6	0	54	0	495.00	504.32	16.23	10.86	100	135
4	2	6	0	55	0	422.999924	517.524355	16.232924	10.857240	-1	###LINE###
5	2	6	0	55	0	423.00	517.52	16.23	10.86	100	125
4	2	6	0	56	0	494.999943	517.524355	16.232924	10.857240	-1	###LINE###
5	2	6	0	56	0	495.00	517.52	16.23	10.86	100	100
4	2	6	0	57	0	428.399953	530.724354	10.821949	10.857240	-1	###LINE###
5	2	6	0	57	0	428.40	530.72	10.82	10.86	100	46
4	2	6	0	58	0	500.399941	530.724354	10.821949	10.857240	-1	###LINE###
5	2	6	0	58	0	500.40	530.72	10.82	10.86	100	57
4	2	6	0	59	0	428.399953	543.924349	10.821949	10.857240	-1	###LINE###
5	2	6	0	59	0	428.40	543.92	10.82	10.86	100	81
4	2	6	0	60	0	494.999943	543.924349	16.232924	10.857240	-1	###LINE###
5	2	6	0	60	0	495.00	543.92	16.23	10.86	100	130
3	2	7	0	0	0	526.559899	150.564402	56.756841	404.217187	-1	###FLOW###
4	2	7	0	0	0	551.759929	150.564402	31.366135	10.857240	-1	###LINE###
5	2	7	0	0	0	551.76	150.56	20.99	10.86	100	Tami
5	2	7	0	0	1	575.16	150.56	7.97	10.86	100	L.
4	2	7	0	1	0	526.559899	161.724406	56.756841	10.857240	-1	###LINE###
5	2	7	0	1	0	526.56	161.72	56.76	10.86	100	STAINFIELD
4	2	7	0	2	0	572.399929	175.044401	10.821949	10.857240	-1	###LINE###
5	2	7	0	2	0	572.40	175.04	10.82	10.86	100	71
4	2	7	0	3	0	572.399929	188.244401	10.821949	10.857240	-1	###LINE###
5	2	7	0	3	0	572.40	188.24	10.82	10.86	100	62
4	2	7	0	4	0	566.999901	201.444400	16.232924	10.857240	-1	###LINE###
5	2	7	0	4	0	567.00	201.44	16.23	10.86	100	105
4	2	7	0	5	0	572.399929	214.644399	10.821949	10.857240	-1	###LINE###
5	2	7	0	5	0	572.40	214.64	10.82	10.86	100	14
4	2	7	0	6	0	572.399929	227.724401	10.821949	10.857240	-1	###LINE###
5	2	7	0	6	0	572.40	227.72	10.82	10.86	100	66
4	2	7	0	7	0	572.399929	240.924400	10.821949	10.857240	-1	###LINE###
5	2	7	0	7	0	572.40	240.92	10.82	10.86	100	16
4	2	7	0	8	0	572.399929	254.124399	10.821949	10.857240	-1	###LINE###
5	2	7	0	8	0	572.40	254.12	10.82	10.86	100	69
4	2	7	0	9	0	566.999901	267.324398	16.232924	10.857240	-1	###LINE###
5	2	7	0	9	0	567.00	267.32	16.23	10.86	100	194
4	2	7	0	10	0	572.399929	280.404402	10.821949	10.857240	-1	###LINE###
5	2	7	0	10	0	572.40	280.40	10.82	10.86	100	65
4	2	7	0	11	0	572.399929	293.604401	10.821949	10.857240	-1	###LINE###
5	2	7	0	11	0	572.40	293.60	10.82	10.86	100	38
4	2	7	0	12	0	572.399929	306.804400	10.821949	10.857240	-1	###LINE###
5	2	7	0	12	0	572.40	306.80	10.82	10.86	100	48
4	2	7	0	13	0	572.399929	320.004399	10.821949	10.857240	-1	###LINE###
5	2	7	0	13	0	572.40	320.00	10.82	10.86	100	17
4	2	7	0	14	0	577.799896	333.084401	5.410975	10.857240	-1	###LINE###
5	2	7	0	14	0	577.80	333.08	5.41	10.86	100	7
4	2	7	0	15	0	572.399929	346.284400	10.821949	10.857240	-1	###LINE###
5	2	7	0	15	0	572.40	346.28	10.82	10.86	100	72
4	2	7	0	16	0	566.999901	359.484384	16.232924	10.857240	-1	###LINE###
5	2	7	0	16	0	567.00	359.48	16.23	10.86	100	123
4	2	7	0	17	0	572.399929	372.684383	10.821949	10.857240	-1	###LINE###
5	2	7	0	17	0	572.40	372.68	10.82	10.86	100	74
4	2	7	0	18	0	572.399929	385.764387	10.821949	10.857240	-1	###LINE###
5	2	7	0	18	0	572.40	385.76	10.82	10.86	100	31
4	2	7	0	19	0	572.399929	398.964386	10.821949	10.857240	-1	###LINE###
5	2	7	0	19	0	572.40	398.96	10.82	10.86	100	28
4	2	7	0	20	0	566.999901	412.164385	16.232924	10.857240	-1	###LINE###
5	2	7	0	20	0	567.00	412.16	16.23	10.86	100	192
4	2	7	0	21	0	577.799896	425.364384	5.410975	10.857240	-1	###LINE###
5	2	7	0	21	0	577.80	425.36	5.41	10.86	100	4
4	2	7	0	22	0	572.399929	438.444386	10.821949	10.857240	-1	###LINE###
5	2	7	0	22	0	572.40	438.44	10.82	10.86	100	10
4	2	7	0	23	0	572.399929	451.644386	10.821949	10.857240	-1	###LINE###
5	2	7	0	23	0	572.40	451.64	10.82	10.86	100	45
4	2	7	0	24	0	566.999901	464.844385	16.232924	10.857240	-1	###LINE###
5	2	7	0	24	0	567.00	464.84	16.23	10.86	100	100
4	2	7	0	25	0	572.399929	478.044384	10.821949	10.857240	-1	###LINE###
5	2	7	0	25	0	572.40	478.04	10.82	10.86	100	58
4	2	7	0	26	0	572.399929	491.124387	10.821949	10.857240	-1	###LINE###
5	2	7	0	26	0	572.40	491.12	10.82	10.86	100	86
4	2	7	0	27	0	566.999901	504.324386	16.232924	10.857240	-1	###LINE###
5	2	7	0	27	0	567.00	504.32	16.23	10.86	100	125
4	2	7	0	28	0	566.999901	517.524355	16.232924	10.857240	-1	###LINE###
5	2	7	0	28	0	567.00	517.52	16.23	10.86	100	155
4	2	7	0	29	0	572.399929	530.724354	10.821949	10.857240	-1	###LINE###
5	2	7	0	29	0	572.40	530.72	10.82	10.86	100	40
4	2	7	0	30	0	572.399929	543.924349	10.821949	10.857240	-1	###LINE###
5	2	7	0	30	0	572.40	543.92	10.82	10.86	100	94
3	2	8	0	0	0	612.599887	150.564402	42.632926	404.217187	-1	###FLOW###
4	2	8	0	0	0	634.079887	150.564402	21.098908	10.857240	-1	###LINE###
5	2	8	0	0	0	634.08	150.56	21.10	10.86	100	John
4	2	8	0	1	0	612.599887	161.724406	42.538435	10.857240	-1	###LINE###
5	2	8	0	1	0	612.60	161.72	42.54	10.86	100	SCHIESS
4	2	8	0	2	0	644.399917	175.044401	10.821949	10.857240	-1	###LINE###
5	2	8	0	2	0	644.40	175.04	10.82	10.86	100	31
4	2	8	0	3	0	644.399917	188.244401	10.821949	10.857240	-1	###LINE###
5	2	8	0	3	0	644.40	188.24	10.82	10.86	100	42
4	2	8	0	4	0	644.399917	201.444400	10.821949	10.857240	-1	###LINE###
5	2	8	0	4	0	644.40	201.44	10.82	10.86	100	30
4	2	8	0	5	0	649.799884	214.644399	5.410975	10.857240	-1	###LINE###
5	2	8	0	5	0	649.80	214.64	5.41	10.86	100	4
4	2	8	0	6	0	644.399917	227.724401	10.821949	10.857240	-1	###LINE###
5	2	8	0	6	0	644.40	227.72	10.82	10.86	100	18
4	2	8	0	7	0	649.799884	240.924400	5.410975	10.857240	-1	###LINE###
5	2	8	0	7	0	649.80	240.92	5.41	10.86	100	7
4	2	8	0	8	0	644.399917	254.124399	10.821949	10.857240	-1	###LINE###
5	2	8	0	8	0	644.40	254.12	10.82	10.86	100	84
4	2	8	0	9	0	638.999890	267.324398	16.232924	10.857240	-1	###LINE###
5	2	8	0	9	0	639.00	267.32	16.23	10.86	100	198
4	2	8	0	10	0	644.399917	280.404402	10.821949	10.857240	-1	###LINE###
5	2	8	0	10	0	644.40	280.40	10.82	10.86	100	11
4	2	8	0	11	0	644.399917	293.604401	10.821949	10.857240	-1	###LINE###
5	2	8	0	11	0	644.40	293.60	10.82	10.86	100	57
4	2	8	0	12	0	644.399917	306.804400	10.821949	10.857240	-1	###LINE###
5	2	8	0	12	0	644.40	306.80	10.82	10.86	100	16
4	2	8	0	13	0	644.399917	320.004399	10.821949	10.857240	-1	###LINE###
5	2	8	0	13	0	644.40	320.00	10.82	10.86	100	10
4	2	8	0	14	0	644.399917	333.084401	10.821949	10.857240	-1	###LINE###
5	2	8	0	14	0	644.40	333.08	10.82	10.86	100	15
4	2	8	0	15	0	644.399917	346.284400	10.821949	10.857240	-1	###LINE###
5	2	8	0	15	0	644.40	346.28	10.82	10.86	100	46
4	2	8	0	16	0	644.399917	359.484384	10.821949	10.857240	-1	###LINE###
5	2	8	0	16	0	644.40	359.48	10.82	10.86	100	51
4	2	8	0	17	0	644.399917	372.684383	10.821949	10.857240	-1	###LINE###
5	2	8	0	17	0	644.40	372.68	10.82	10.86	100	26
4	2	8	0	18	0	649.799884	385.764387	5.410975	10.857240	-1	###LINE###
5	2	8	0	18	0	649.80	385.76	5.41	10.86	100	7
4	2	8	0	19	0	649.799884	398.964386	5.410975	10.857240	-1	###LINE###
5	2	8	0	19	0	649.80	398.96	5.41	10.86	100	9
4	2	8	0	20	0	638.999890	412.164385	16.232924	10.857240	-1	###LINE###
5	2	8	0	20	0	639.00	412.16	16.23	10.86	100	156
4	2	8	0	21	0	649.799884	425.364384	5.410975	10.857240	-1	###LINE###
5	2	8	0	21	0	649.80	425.36	5.41	10.86	100	1
4	2	8	0	22	0	649.799884	438.444386	5.410975	10.857240	-1	###LINE###
5	2	8	0	22	0	649.80	438.44	5.41	10.86	100	8
4	2	8	0	23	0	644.399917	451.644386	10.821949	10.857240	-1	###LINE###
5	2	8	0	23	0	644.40	451.64	10.82	10.86	100	35
4	2	8	0	24	0	644.399917	464.844385	10.821949	10.857240	-1	###LINE###
5	2	8	0	24	0	644.40	464.84	10.82	10.86	100	44
4	2	8	0	25	0	644.399917	478.044384	10.821949	10.857240	-1	###LINE###
5	2	8	0	25	0	644.40	478.04	10.82	10.86	100	27
4	2	8	0	26	0	644.399917	491.124387	10.821949	10.857240	-1	###LINE###
5	2	8	0	26	0	644.40	491.12	10.82	10.86	100	22
4	2	8	0	27	0	638.999890	504.324386	16.232924	10.857240	-1	###LINE###
5	2	8	0	27	0	639.00	504.32	16.23	10.86	100	213
4	2	8	0	28	0	638.999890	517.524355	16.232924	10.857240	-1	###LINE###
5	2	8	0	28	0	639.00	517.52	16.23	10.86	100	131
4	2	8	0	29	0	644.399917	530.724354	10.821949	10.857240	-1	###LINE###
5	2	8	0	29	0	644.40	530.72	10.82	10.86	100	18
4	2	8	0	30	0	644.399917	543.924349	10.821949	10.857240	-1	###LINE###
5	2	8	0	30	0	644.40	543.92	10.82	10.86	100	47
1	3	0	0	0	0	0.000000	0.000000	792.000000	612.000000	-1	###PAGE###
3	3	0	0	0	0	35.999994	54.115290	161.658823	13.404001	-1	###FLOW###
4	3	0	0	0	0	35.999994	54.115290	161.658823	13.404001	-1	###LINE###
5	3	0	0	0	0	36.00	54.12	89.57	13.40	100	Commonwealth
5	3	0	0	0	1	128.96	54.12	11.33	13.40	100	of
5	3	0	0	0	2	143.60	54.12	54.05	13.40	100	Kentucky
3	3	1	0	0	0	136.799974	114.444414	47.501739	432.417192	-1	###FLOW###
4	3	1	0	0	0	136.799974	114.444414	34.606880	10.857240	-1	###LINE###
5	3	1	0	0	0	136.80	114.44	34.61	10.86	100	Daviess
4	3	1	0	1	0	136.799974	127.644413	46.411758	10.857240	-1	###LINE###
5	3	1	0	1	0	136.80	127.64	46.41	10.86	100	Edmonson
4	3	1	0	2	0	136.799974	140.844412	23.765467	10.857240	-1	###LINE###
5	3	1	0	2	0	136.80	140.84	23.77	10.86	100	Elliott
4	3	1	0	3	0	136.799974	154.044411	20.631773	10.857240	-1	###LINE###
5	3	1	0	3	0	136.80	154.04	20.63	10.86	100	Estill
4	3	1	0	4	0	136.799974	167.124414	32.290672	10.857240	-1	###LINE###
5	3	1	0	4	0	136.80	167.12	32.29	10.86	100	Fayette
4	3	1	0	5	0	136.799974	180.324414	34.460901	10.857240	-1	###LINE###
5	3	1	0	5	0	136.80	180.32	34.46	10.86	100	Fleming
4	3	1	0	6	0	136.799974	193.524413	23.522168	10.857240	-1	###LINE###
5	3	1	0	6	0	136.80	193.52	23.52	10.86	100	Floyd
4	3	1	0	7	0	136.799974	206.724412	34.597148	10.857240	-1	###LINE###
5	3	1	0	7	0	136.80	206.72	34.60	10.86	100	Franklin
4	3	1	0	8	0	136.799974	219.804414	27.025677	10.857240	-1	###LINE###
5	3	1	0	8	0	136.80	219.80	27.03	10.86	100	Fulton
4	3	1	0	9	0	136.799974	233.004413	32.971909	10.857240	-1	###LINE###
5	3	1	0	9	0	136.80	233.00	32.97	10.86	100	Gallatin
4	3	1	0	10	0	136.799974	246.204412	33.516900	10.857240	-1	###LINE###
5	3	1	0	10	0	136.80	246.20	33.52	10.86	100	Garrard
4	3	1	0	11	0	136.799974	259.404381	24.320189	10.857240	-1	###LINE###
5	3	1	0	11	0	136.80	259.40	24.32	10.86	100	Grant
4	3	1	0	12	0	136.799974	272.484384	31.356403	10.857240	-1	###LINE###
5	3	1	0	12	0	136.80	272.48	31.36	10.86	100	Graves
4	3	1	0	13	0	136.799974	285.684383	36.563006	10.857240	-1	###LINE###
5	3	1	0	13	0	136.80	285.68	36.56	10.86	100	Grayson
4	3	1	0	14	0	136.799974	298.884382	27.035409	10.857240	-1	###LINE###
5	3	1	0	14	0	136.80	298.88	27.04	10.86	100	Green
4	3	1	0	15	0	136.799974	312.084381	37.857358	10.857240	-1	###LINE###
5	3	1	0	15	0	136.80	312.08	37.86	10.86	100	Greenup
4	3	1	0	16	0	136.799974	325.164384	37.857358	10.857240	-1	###LINE###
5	3	1	0	16	0	136.80	325.16	37.86	10.86	100	Hancock
4	3	1	0	17	0	136.799974	338.364383	28.563328	10.857240	-1	###LINE###
5	3	1	0	17	0	136.80	338.36	28.56	10.86	100	Hardin
4	3	1	0	18	0	136.799974	351.564367	28.563328	10.857240	-1	###LINE###
5	3	1	0	18	0	136.80	351.56	28.56	10.86	100	Harlan
4	3	1	0	19	0	136.799974	364.764366	36.767377	10.857240	-1	###LINE###
5	3	1	0	19	0	136.80	364.76	36.77	10.86	100	Harrison
4	3	1	0	20	0	136.799974	377.844369	18.373957	10.857240	-1	###LINE###
5	3	1	0	20	0	136.80	377.84	18.37	10.86	100	Hart
4	3	1	0	21	0	136.799974	391.044368	47.501739	10.857240	-1	###LINE###
5	3	1	0	21	0	136.80	391.04	47.50	10.86	100	Henderson
4	3	1	0	22	0	136.799974	404.244367	25.857840	10.857240	-1	###LINE###
5	3	1	0	22	0	136.80	404.24	25.86	10.86	100	Henry
4	3	1	0	23	0	136.799974	417.444397	37.847626	10.857240	-1	###LINE###
5	3	1	0	23	0	136.80	417.44	37.85	10.86	100	Hickman
4	3	1	0	24	0	136.799974	430.524369	35.054551	10.857240	-1	###LINE###
5	3	1	0	24	0	136.80	430.52	35.05	10.86	100	Hopkins
4	3	1	0	25	0	136.799974	443.724398	35.842840	10.857240	-1	###LINE###
5	3	1	0	25	0	136.80	443.72	35.84	10.86	100	Jackson
4	3	1	0	26	0	136.799974	456.924398	40.212494	10.857240	-1	###LINE###
5	3	1	0	26	0	136.80	456.92	40.21	10.86	100	Jefferson
4	3	1	0	27	0	136.799974	470.124397	46.655057	10.857240	-1	###LINE###
5	3	1	0	27	0	136.80	470.12	46.66	10.86	100	Jessamine
4	3	1	0	28	0	136.799974	483.204400	36.786841	10.857240	-1	###LINE###
5	3	1	0	28	0	136.80	483.20	36.79	10.86	100	Johnson
4	3	1	0	29	0	136.799974	496.404399	30.821144	10.857240	-1	###LINE###
5	3	1	0	29	0	136.80	496.40	30.82	10.86	100	Kenton
4	3	1	0	30	0	136.799974	509.604398	22.694951	10.857240	-1	###LINE###
5	3	1	0	30	0	136.80	509.60	22.69	10.86	100	Knott
4	3	1	0	31	0	136.799974	522.804367	22.169424	10.857240	-1	###LINE###
5	3	1	0	31	0	136.80	522.80	22.17	10.86	100	Knox
4	3	1	0	32	0	136.799974	536.004366	24.884644	10.857240	-1	###LINE###
5	3	1	0	32	0	136.80	536.00	24.88	10.86	100	Larue
3	3	2	0	0	0	289.919964	54.115290	211.964694	13.404001	-1	###FLOW###
4	3	2	0	0	0	289.919964	54.115290	211.964694	13.404001	-1	###LINE###
5	3	2	0	0	0	289.92	54.12	44.03	13.40	100	Michael
5	3	2	0	0	1	337.40	54.12	12.66	13.40	100	G.
5	3	2	0	0	2	353.48	54.12	43.01	13.40	100	Adams,
5	3	2	0	0	3	399.93	54.12	54.90	13.40	100	Secretary
5	3	2	0	0	4	457.89	54.12	11.33	13.40	100	of
5	3	2	0	0	5	472.52	54.12	29.36	13.40	100	State
3	3	2	1	0	0	265.439942	89.964445	101.823405	456.897162	-1	###FLOW###
4	3	2	1	0	0	272.039943	89.964445	95.184815	10.857240	-1	###LINE###
5	3	2	1	0	0	272.04	89.96	23.16	10.86	100	Rand
5	3	2	1	0	1	301.68	89.96	29.53	10.86	100	Valerie
5	3	2	1	0	2	333.77	89.96	13.39	10.86	100	"Dr
5	3	2	1	0	3	349.73	89.96	17.50	10.86	100	Val"
4	3	2	1	1	0	269.279964	101.124419	26.042748	10.857240	-1	###LINE###
5	3	2	1	1	0	269.28	101.12	26.04	10.86	100	PAUL
4	3	2	1	2	0	317.279956	101.124419	49.983391	10.857240	-1	###LINE###
5	3	2	1	2	0	317.28	101.12	49.98	10.86	100	FREDRICK
4	3	2	1	3	0	270.839971	114.444414	24.339653	10.857240	-1	###LINE###
5	3	2	1	3	0	270.84	114.44	24.34	10.86	100	7,458
4	3	2	1	4	0	350.999936	114.444414	16.232924	10.857240	-1	###LINE###
5	3	2	1	4	0	351.00	114.44	16.23	10.86	100	399
4	3	2	1	5	0	270.839971	127.644413	24.339653	10.857240	-1	###LINE###
5	3	2	1	5	0	270.84	127.64	24.34	10.86	100	2,205
4	3	2	1	6	0	350.999936	127.644413	16.232924	10.857240	-1	###LINE###
5	3	2	1	6	0	351.00	127.64	16.23	10.86	100	118
4	3	2	1	7	0	278.999948	140.844412	16.232924	10.857240	-1	###LINE###
5	3	2	1	7	0	279.00	140.84	16.23	10.86	100	140
4	3	2	1	8	0	361.799931	140.844412	5.410975	10.857240	-1	###LINE###
5	3	2	1	8	0	361.80	140.84	5.41	10.86	100	4
4	3	2	1	9	0	270.839971	154.044411	24.339653	10.857240	-1	###LINE###
5	3	2	1	9	0	270.84	154.04	24.34	10.86	100	1,575
4	3	2	1	10	0	356.399933	154.044411	10.821949	10.857240	-1	###LINE###
5	3	2	1	10	0	356.40	154.04	10.82	10.86	100	59
4	3	2	1	11	0	265.439942	167.124414	29.750628	10.857240	-1	###LINE###
5	3	2	1	11	0	265.44	167.12	29.75	10.86	100	12,292
4	3	2	1	12	0	350.999936	167.124414	16.232924	10.857240	-1	###LINE###
5	3	2	1	12	0	351.00	167.12	16.23	10.86	100	775
4	3	2	1	13	0	270.839971	180.324414	24.339653	10.857240	-1	###LINE###
5	3	2	1	13	0	270.84	180.32	24.34	10.86	100	1,361
4	3	2	1	14	0	356.399933	180.324414	10.821949	10.857240	-1	###LINE###
5	3	2	1	14	0	356.40	180.32	10.82	10.86	100	37
4	3	2	1	15	0	270.839971	193.524413	24.339653	10.857240	-1	###LINE###
5	3	2	1	15	0	270.84	193.52	24.34	10.86	100	1,375
4	3	2	1	16	0	356.399933	193.524413	10.821949	10.857240	-1	###LINE###
5	3	2	1	16	0	356.40	193.52	10.82	10.86	100	44
4	3	2	1	17	0	270.839971	206.724412	24.339653	10.857240	-1	###LINE###
5	3	2	1	17	0	270.84	206.72	24.34	10.86	100	2,534
4	3	2	1	18	0	350.999936	206.724412	16.232924	10.857240	-1	###LINE###
5	3	2	1	18	0	351.00	206.72	16.23	10.86	100	166
4	3	2	1	19	0	278.999948	219.804414	16.232924	10.857240	-1	###LINE###
5	3	2	1	19	0	279.00	219.80	16.23	10.86	100	204
4	3	2	1	20	0	361.799931	219.804414	5.410975	10.857240	-1	###LINE###
5	3	2	1	20	0	361.80	219.80	5.41	10.86	100	5
4	3	2	1	21	0	278.999948	233.004413	16.232924	10.857240	-1	###LINE###
5	3	2	1	21	0	279.00	233.00	16.23	10.86	100	570
4	3	2	1	22	0	356.399933	233.004413	10.821949	10.857240	-1	###LINE###
5	3	2	1	22	0	356.40	233.00	10.82	10.86	100	17
4	3	2	1	23	0	270.839971	246.204412	24.339653	10.857240	-1	###LINE###
5	3	2	1	23	0	270.84	246.20	24.34	10.86	100	2,464
4	3	2	1	24	0	350.999936	246.204412	16.232924	10.857240	-1	###LINE###
5	3	2	1	24	0	351.00	246.20	16.23	10.86	100	105
4	3	2	1	25	0	270.839971	259.404381	24.339653	10.857240	-1	###LINE###
5	3	2	1	25	0	270.84	259.40	24.34	10.86	100	2,091
4	3	2	1	26	0	356.399933	259.404381	10.821949	10.857240	-1	###LINE###
5	3	2	1	26	0	356.40	259.40	10.82	10.86	100	52
4	3	2	1	27	0	270.839971	272.484384	24.339653	10.857240	-1	###LINE###
5	3	2	1	27	0	270.84	272.48	24.34	10.86	100	1,843
4	3	2	1	28	0	356.399933	272.484384	10.821949	10.857240	-1	###LINE###
5	3	2	1	28	0	356.40	272.48	10.82	10.86	100	42
4	3	2	1	29	0	270.839971	285.684383	24.339653	10.857240	-1	###LINE###
5	3	2	1	29	0	270.84	285.68	24.34	10.86	100	3,278
4	3	2	1	30	0	350.999936	285.684383	16.232924	10.857240	-1	###LINE###
5	3	2	1	30	0	351.00	285.68	16.23	10.86	100	184
4	3	2	1	31	0	270.839971	298.884382	24.339653	10.857240	-1	###LINE###
5	3	2	1	31	0	270.84	298.88	24.34	10.86	100	2,213
4	3	2	1	32	0	350.999936	298.884382	16.232924	10.857240	-1	###LINE###
5	3	2	1	32	0	351.00	298.88	16.23	10.86	100	114
4	3	2	1	33	0	270.839971	312.084381	24.339653	10.857240	-1	###LINE###
5	3	2	1	33	0	270.84	312.08	24.34	10.86	100	3,823
4	3	2	1	34	0	350.999936	312.084381	16.232924	10.857240	-1	###LINE###
5	3	2	1	34	0	351.00	312.08	16.23	10.86	100	124
4	3	2	1	35	0	278.999948	325.164384	16.232924	10.857240	-1	###LINE###
5	3	2	1	35	0	279.00	325.16	16.23	10.86	100	775
4	3	2	1	36	0	356.399933	325.164384	10.821949	10.857240	-1	###LINE###
5	3	2	1	36	0	356.40	325.16	10.82	10.86	100	35
4	3	2	1	37	0	270.839971	338.364383	24.339653	10.857240	-1	###LINE###
5	3	2	1	37	0	270.84	338.36	24.34	10.86	100	6,085
4	3	2	1	38	0	350.999936	338.364383	16.232924	10.857240	-1	###LINE###
5	3	2	1	38	0	351.00	338.36	16.23	10.86	100	294
4	3	2	1	39	0	270.839971	351.564367	24.339653	10.857240	-1	###LINE###
5	3	2	1	39	0	270.84	351.56	24.34	10.86	100	4,094
4	3	2	1	40	0	350.999936	351.564367	16.232924	10.857240	-1	###LINE###
5	3	2	1	40	0	351.00	351.56	16.23	10.86	100	158
4	3	2	1	41	0	270.839971	364.764366	24.339653	10.857240	-1	###LINE###
5	3	2	1	41	0	270.84	364.76	24.34	10.86	100	1,258
4	3	2	1	42	0	356.399933	364.764366	10.821949	10.857240	-1	###LINE###
5	3	2	1	42	0	356.40	364.76	10.82	10.86	100	38
4	3	2	1	43	0	270.839971	377.844369	24.339653	10.857240	-1	###LINE###
5	3	2	1	43	0	270.84	377.84	24.34	10.86	100	1,169
4	3	2	1	44	0	356.399933	377.844369	10.821949	10.857240	-1	###LINE###
5	3	2	1	44	0	356.40	377.84	10.82	10.86	100	36
4	3	2	1	45	0	270.839971	391.044368	24.339653	10.857240	-1	###LINE###
5	3	2	1	45	0	270.84	391.04	24.34	10.86	100	1,356
4	3	2	1	46	0	356.399933	391.044368	10.821949	10.857240	-1	###LINE###
5	3	2	1	46	0	356.40	391.04	10.82	10.86	100	53
4	3	2	1	47	0	270.839971	404.244367	24.339653	10.857240	-1	###LINE###
5	3	2	1	47	0	270.84	404.24	24.34	10.86	100	1,425
4	3	2	1	48	0	356.399933	404.244367	10.821949	10.857240	-1	###LINE###
5	3	2	1	48	0	356.40	404.24	10.82	10.86	100	35
4	3	2	1	49	0	278.999948	417.444397	16.232924	10.857240	-1	###LINE###
5	3	2	1	49	0	279.00	417.44	16.23	10.86	100	480
4	3	2	1	50	0	361.799931	417.444397	5.410975	10.857240	-1	###LINE###
5	3	2	1	50	0	361.80	417.44	5.41	10.86	100	7
4	3	2	1	51	0	270.839971	430.524369	24.339653	10.857240	-1	###LINE###
5	3	2	1	51	0	270.84	430.52	24.34	10.86	100	2,330
4	3	2	1	52	0	356.399933	430.524369	10.821949	10.857240	-1	###LINE###
5	3	2	1	52	0	356.40	430.52	10.82	10.86	100	87
4	3	2	1	53	0	270.839971	443.724398	24.339653	10.857240	-1	###LINE###
5	3	2	1	53	0	270.84	443.72	24.34	10.86	100	2,526
4	3	2	1	54	0	356.399933	443.724398	10.821949	10.857240	-1	###LINE###
5	3	2	1	54	0	356.40	443.72	10.82	10.86	100	88
4	3	2	1	55	0	265.439942	456.924398	29.750628	10.857240	-1	###LINE###
5	3	2	1	55	0	265.44	456.92	29.75	10.86	100	32,403
4	3	2	1	56	0	342.839959	456.924398	24.339653	10.857240	-1	###LINE###
5	3	2	1	56	0	342.84	456.92	24.34	10.86	100	1,558
4	3	2	1	57	0	270.839971	470.124397	24.339653	10.857240	-1	###LINE###
5	3	2	1	57	0	270.84	470.12	24.34	10.86	100	4,813
4	3	2	1	58	0	350.999936	470.124397	16.232924	10.857240	-1	###LINE###
5	3	2	1	58	0	351.00	470.12	16.23	10.86	100	210
4	3	2	1	59	0	270.839971	483.204400	24.339653	10.857240	-1	###LINE###
5	3	2	1	59	0	270.84	483.20	24.34	10.86	100	3,428
4	3	2	1	60	0	350.999936	483.204400	16.232924	10.857240	-1	###LINE###
5	3	2	1	60	0	351.00	483.20	16.23	10.86	100	130
4	3	2	1	61	0	270.839971	496.404399	24.339653	10.857240	-1	###LINE###
5	3	2	1	61	0	270.84	496.40	24.34	10.86	100	9,702
4	3	2	1	62	0	350.999936	496.404399	16.232924	10.857240	-1	###LINE###
5	3	2	1	62	0	351.00	496.40	16.23	10.86	100	316
4	3	2	1	63	0	278.999948	509.604398	16.232924	10.857240	-1	###LINE###
5	3	2	1	63	0	279.00	509.60	16.23	10.86	100	431
4	3	2	1	64	0	356.399933	509.604398	10.821949	10.857240	-1	###LINE###
5	3	2	1	64	0	356.40	509.60	10.82	10.86	100	13
4	3	2	1	65	0	270.839971	522.804367	24.339653	10.857240	-1	###LINE###
5	3	2	1	65	0	270.84	522.80	24.34	10.86	100	3,798
4	3	2	1	66	0	350.999936	522.804367	16.232924	10.857240	-1	###LINE###
5	3	2	1	66	0	351.00	522.80	16.23	10.86	100	196
4	3	2	1	67	0	270.839971	536.004366	24.339653	10.857240	-1	###LINE###
5	3	2	1	67	0	270.84	536.00	24.34	10.86	100	1,550
4	3	2	1	68	0	356.399933	536.004366	10.821949	10.857240	-1	###LINE###
5	3	2	1	68	0	356.40	536.00	10.82	10.86	100	67
3	3	3	0	0	0	388.559937	89.964445	122.675656	456.897162	-1	###FLOW###
4	3	3	0	0	0	408.599951	89.964445	30.529185	10.857240	-1	###LINE###
5	3	3	0	0	0	408.60	89.96	18.96	10.86	100	Paul
5	3	3	0	0	1	430.13	89.96	9.00	10.86	100	V.
4	3	3	0	1	0	483.119936	89.964445	28.115657	10.857240	-1	###LINE###
5	3	3	0	1	0	483.12	89.96	28.12	10.86	100	Arnold
4	3	3	0	2	0	388.559937	101.124419	122.568407	10.857240	-1	###LINE###
5	3	3	0	2	0	388.56	101.12	50.70	10.86	100	HAMILTON
5	3	3	0	2	1	441.72	101.12	69.41	10.86	100	BLANKENSHIP
4	3	3	0	3	0	422.999924	114.444414	16.232924	10.857240	-1	###LINE###
5	3	3	0	3	0	423.00	114.44	16.23	10.86	100	285
4	3	3	0	4	0	494.999943	114.444414	16.232924	10.857240	-1	###LINE###
5	3	3	0	4	0	495.00	114.44	16.23	10.86	100	212
4	3	3	0	5	0	428.399953	127.644413	10.821949	10.857240	-1	###LINE###
5	3	3	0	5	0	428.40	127.64	10.82	10.86	100	87
4	3	3	0	6	0	500.399941	127.644413	10.821949	10.857240	-1	###LINE###
5	3	3	0	6	0	500.40	127.64	10.82	10.86	100	73
4	3	3	0	7	0	433.799949	140.844412	5.410975	10.857240	-1	###LINE###
5	3	3	0	7	0	433.80	140.84	5.41	10.86	100	3
4	3	3	0	8	0	505.799939	140.844412	5.410975	10.857240	-1	###LINE###
5	3	3	0	8	0	505.80	140.84	5.41	10.86	100	5
4	3	3	0	9	0	428.399953	154.044411	10.821949	10.857240	-1	###LINE###
5	3	3	0	9	0	428.40	154.04	10.82	10.86	100	44
4	3	3	0	10	0	500.399941	154.044411	10.821949	10.857240	-1	###LINE###
5	3	3	0	10	0	500.40	154.04	10.82	10.86	100	47
4	3	3	0	11	0	422.999924	167.124414	16.232924	10.857240	-1	###LINE###
5	3	3	0	11	0	423.00	167.12	16.23	10.86	100	566
4	3	3	0	12	0	494.999943	167.124414	16.232924	10.857240	-1	###LINE###
5	3	3	0	12	0	495.00	167.12	16.23	10.86	100	403
4	3	3	0	13	0	428.399953	180.324414	10.821949	10.857240	-1	###LINE###
5	3	3	0	13	0	428.40	180.32	10.82	10.86	100	44
4	3	3	0	14	0	500.399941	180.324414	10.821949	10.857240	-1	###LINE###
5	3	3	0	14	0	500.40	180.32	10.82	10.86	100	34
4	3	3	0	15	0	428.399953	193.524413	10.821949	10.857240	-1	###LINE###
5	3	3	0	15	0	428.40	193.52	10.82	10.86	100	71
4	3	3	0	16	0	500.399941	193.524413	10.821949	10.857240	-1	###LINE###
5	3	3	0	16	0	500.40	193.52	10.82	10.86	100	55
4	3	3	0	17	0	422.999924	206.724412	16.232924	10.857240	-1	###LINE###
5	3	3	0	17	0	423.00	206.72	16.23	10.86	100	114
4	3	3	0	18	0	494.999943	206.724412	16.232924	10.857240	-1	###LINE###
5	3	3	0	18	0	495.00	206.72	16.23	10.86	100	108
4	3	3	0	19	0	433.799949	219.804414	5.410975	10.857240	-1	###LINE###
5	3	3	0	19	0	433.80	219.80	5.41	10.86	100	3
4	3	3	0	20	0	505.799939	219.804414	5.410975	10.857240	-1	###LINE###
5	3	3	0	20	0	505.80	219.80	5.41	10.86	100	7
4	3	3	0	21	0	433.799949	233.004413	5.410975	10.857240	-1	###LINE###
5	3	3	0	21	0	433.80	233.00	5.41	10.86	100	7
4	3	3	0	22	0	500.399941	233.004413	10.821949	10.857240	-1	###LINE###
5	3	3	0	22	0	500.40	233.00	10.82	10.86	100	12
4	3	3	0	23	0	428.399953	246.204412	10.821949	10.857240	-1	###LINE###
5	3	3	0	23	0	428.40	246.20	10.82	10.86	100	77
4	3	3	0	24	0	500.399941	246.204412	10.821949	10.857240	-1	###LINE###
5	3	3	0	24	0	500.40	246.20	10.82	10.86	100	90
4	3	3	0	25	0	428.399953	259.404381	10.821949	10.857240	-1	###LINE###
5	3	3	0	25	0	428.40	259.40	10.82	10.86	100	47
4	3	3	0	26	0	500.399941	259.404381	10.821949	10.857240	-1	###LINE###
5	3	3	0	26	0	500.40	259.40	10.82	10.86	100	71
4	3	3	0	27	0	428.399953	272.484384	10.821949	10.857240	-1	###LINE###
5	3	3	0	27	0	428.40	272.48	10.82	10.86	100	36
4	3	3	0	28	0	500.399941	272.484384	10.821949	10.857240	-1	###LINE###
5	3	3	0	28	0	500.40	272.48	10.82	10.86	100	44
4	3	3	0	29	0	422.999924	285.684383	16.232924	10.857240	-1	###LINE###
5	3	3	0	29	0	423.00	285.68	16.23	10.86	100	122
4	3	3	0	30	0	494.999943	285.684383	16.232924	10.857240	-1	###LINE###
5	3	3	0	30	0	495.00	285.68	16.23	10.86	100	126
4	3	3	0	31	0	422.999924	298.884382	16.232924	10.857240	-1	###LINE###
5	3	3	0	31	0	423.00	298.88	16.23	10.86	100	107
4	3	3	0	32	0	500.399941	298.884382	10.821949	10.857240	-1	###LINE###
5	3	3	0	32	0	500.40	298.88	10.82	10.86	100	63
4	3	3	0	33	0	422.999924	312.084381	16.232924	10.857240	-1	###LINE###
5	3	3	0	33	0	423.00	312.08	16.23	10.86	100	105
4	3	3	0	34	0	500.399941	312.084381	10.821949	10.857240	-1	###LINE###
5	3	3	0	34	0	500.40	312.08	10.82	10.86	100	95
4	3	3	0	35	0	428.399953	325.164384	10.821949	10.857240	-1	###LINE###
5	3	3	0	35	0	428.40	325.16	10.82	10.86	100	46
4	3	3	0	36	0	500.399941	325.164384	10.821949	10.857240	-1	###LINE###
5	3	3	0	36	0	500.40	325.16	10.82	10.86	100	18
4	3	3	0	37	0	422.999924	338.364383	16.232924	10.857240	-1	###LINE###
5	3	3	0	37	0	423.00	338.36	16.23	10.86	100	231
4	3	3	0	38	0	494.999943	338.364383	16.232924	10.857240	-1	###LINE###
5	3	3	0	38	0	495.00	338.36	16.23	10.86	100	184
4	3	3	0	39	0	422.999924	351.564367	16.232924	10.857240	-1	###LINE###
5	3	3	0	39	0	423.00	351.56	16.23	10.86	100	141
4	3	3	0	40	0	494.999943	351.564367	16.232924	10.857240	-1	###LINE###
5	3	3	0	40	0	495.00	351.56	16.23	10.86	100	133
4	3	3	0	41	0	428.399953	364.764366	10.821949	10.857240	-1	###LINE###
5	3	3	0	41	0	428.40	364.76	10.82	10.86	100	37
4	3	3	0	42	0	500.399941	364.764366	10.821949	10.857240	-1	###LINE###
5	3	3	0	42	0	500.40	364.76	10.82	10.86	100	20
4	3	3	0	43	0	428.399953	377.844369	10.821949	10.857240	-1	###LINE###
5	3	3	0	43	0	428.40	377.84	10.82	10.86	100	30
4	3	3	0	44	0	500.399941	377.844369	10.821949	10.857240	-1	###LINE###
5	3	3	0	44	0	500.40	377.84	10.82	10.86	100	22
4	3	3	0	45	0	428.399953	391.044368	10.821949	10.857240	-1	###LINE###
5	3	3	0	45	0	428.40	391.04	10.82	10.86	100	37
4	3	3	0	46	0	500.399941	391.044368	10.821949	10.857240	-1	###LINE###
5	3	3	0	46	0	500.40	391.04	10.82	10.86	100	34
4	3	3	0	47	0	428.399953	404.244367	10.821949	10.857240	-1	###LINE###
5	3	3	0	47	0	428.40	404.24	10.82	10.86	100	36
4	3	3	0	48	0	500.399941	404.244367	10.821949	10.857240	-1	###LINE###
5	3	3	0	48	0	500.40	404.24	10.82	10.86	100	18
4	3	3	0	49	0	433.799949	417.444397	5.410975	10.857240	-1	###LINE###
5	3	3	0	49	0	433.80	417.44	5.41	10.86	100	8
4	3	3	0	50	0	505.799939	417.444397	5.410975	10.857240	-1	###LINE###
5	3	3	0	50	0	505.80	417.44	5.41	10.86	100	7
4	3	3	0	51	0	428.399953	430.524369	10.821949	10.857240	-1	###LINE###
5	3	3	0	51	0	428.40	430.52	10.82	10.86	100	60
4	3	3	0	52	0	500.399941	430.524369	10.821949	10.857240	-1	###LINE###
5	3	3	0	52	0	500.40	430.52	10.82	10.86	100	54
4	3	3	0	53	0	428.399953	443.724398	10.821949	10.857240	-1	###LINE###
5	3	3	0	53	0	428.40	443.72	10.82	10.86	100	99
4	3	3	0	54	0	500.399941	443.724398	10.821949	10.857240	-1	###LINE###
5	3	3	0	54	0	500.40	443.72	10.82	10.86	100	70
4	3	3	0	55	0	414.839947	456.924398	24.339653	10.857240	-1	###LINE###
5	3	3	0	55	0	414.84	456.92	24.34	10.86	100	2,576
4	3	3	0	56	0	494.999943	456.924398	16.232924	10.857240	-1	###LINE###
5	3	3	0	56	0	495.00	456.92	16.23	10.86	100	886
4	3	3	0	57	0	422.999924	470.124397	16.232924	10.857240	-1	###LINE###
5	3	3	0	57	0	423.00	470.12	16.23	10.86	100	278
4	3	3	0	58	0	494.999943	470.124397	16.232924	10.857240	-1	###LINE###
5	3	3	0	58	0	495.00	470.12	16.23	10.86	100	127
4	3	3	0	59	0	422.999924	483.204400	16.232924	10.857240	-1	###LINE###
5	3	3	0	59	0	423.00	483.20	16.23	10.86	100	131
4	3	3	0	60	0	494.999943	483.204400	16.232924	10.857240	-1	###LINE###
5	3	3	0	60	0	495.00	483.20	16.23	10.86	100	111
4	3	3	0	61	0	422.999924	496.404399	16.232924	10.857240	-1	###LINE###
5	3	3	0	61	0	423.00	496.40	16.23	10.86	100	286
4	3	3	0	62	0	494.999943	496.404399	16.232924	10.857240	-1	###LINE###
5	3	3	0	62	0	495.00	496.40	16.23	10.86	100	252
4	3	3	0	63	0	428.399953	509.604398	10.821949	10.857240	-1	###LINE###
5	3	3	0	63	0	428.40	509.60	10.82	10.86	100	22
4	3	3	0	64	0	500.399941	509.604398	10.821949	10.857240	-1	###LINE###
5	3	3	0	64	0	500.40	509.60	10.82	10.86	100	22
4	3	3	0	65	0	422.999924	522.804367	16.232924	10.857240	-1	###LINE###
5	3	3	0	65	0	423.00	522.80	16.23	10.86	100	195
4	3	3	0	66	0	500.399941	522.804367	10.821949	10.857240	-1	###LINE###
5	3	3	0	66	0	500.40	522.80	10.82	10.86	100	89
4	3	3	0	67	0	428.399953	536.004366	10.821949	10.857240	-1	###LINE###
5	3	3	0	67	0	428.40	536.00	10.82	10.86	100	59
4	3	3	0	68	0	500.399941	536.004366	10.821949	10.857240	-1	###LINE###
5	3	3	0	68	0	500.40	536.00	10.82	10.86	100	38
3	3	4	0	0	0	584.279905	54.115290	171.619073	13.404001	-1	###FLOW###
4	3	4	0	0	0	584.279905	54.115290	171.619073	13.404001	-1	###LINE###
5	3	4	0	0	0	584.28	54.12	26.72	13.40	100	2022
5	3	4	0	0	1	614.49	54.12	44.86	13.40	100	Primary
5	3	4	0	0	2	662.36	54.12	46.82	13.40	100	Election
5	3	4	0	0	3	712.53	54.12	43.37	13.40	100	Results
3	3	4	1	0	0	526.559899	89.964445	56.756841	456.897162	-1	###FLOW###
4	3	4	1	0	0	551.759929	89.964445	31.366135	10.857240	-1	###LINE###
5	3	4	1	0	0	551.76	89.96	20.99	10.86	100	Tami
5	3	4	1	0	1	575.16	89.96	7.97	10.86	100	L.
4	3	4	1	1	0	526.559899	101.124419	56.756841	10.857240	-1	###LINE###
5	3	4	1	1	0	526.56	101.12	56.76	10.86	100	STAINFIELD
4	3	4	1	2	0	566.999901	114.444414	16.232924	10.857240	-1	###LINE###
5	3	4	1	2	0	567.00	114.44	16.23	10.86	100	155
4	3	4	1	3	0	572.399929	127.644413	10.821949	10.857240	-1	###LINE###
5	3	4	1	3	0	572.40	127.64	10.82	10.86	100	54
4	3	4	1	4	0	577.799896	140.844412	5.410975	10.857240	-1	###LINE###
5	3	4	1	4	0	577.80	140.84	5.41	10.86	100	2
4	3	4	1	5	0	572.399929	154.044411	10.821949	10.857240	-1	###LINE###
5	3	4	1	5	0	572.40	154.04	10.82	10.86	100	61
4	3	4	1	6	0	566.999901	167.124414	16.232924	10.857240	-1	###LINE###
5	3	4	1	6	0	567.00	167.12	16.23	10.86	100	635
4	3	4	1	7	0	572.399929	180.324414	10.821949	10.857240	-1	###LINE###
5	3	4	1	7	0	572.40	180.32	10.82	10.86	100	79
4	3	4	1	8	0	572.399929	193.524413	10.821949	10.857240	-1	###LINE###
5	3	4	1	8	0	572.40	193.52	10.82	10.86	100	29
4	3	4	1	9	0	566.999901	206.724412	16.232924	10.857240	-1	###LINE###
5	3	4	1	9	0	567.00	206.72	16.23	10.86	100	124
4	3	4	1	10	0	577.799896	219.804414	5.410975	10.857240	-1	###LINE###
5	3	4	1	10	0	577.80	219.80	5.41	10.86	100	4
4	3	4	1	11	0	572.399929	233.004413	10.821949	10.857240	-1	###LINE###
5	3	4	1	11	0	572.40	233.00	10.82	10.86	100	15
4	3	4	1	12	0	572.399929	246.204412	10.821949	10.857240	-1	###LINE###
5	3	4	1	12	0	572.40	246.20	10.82	10.86	100	92
4	3	4	1	13	0	572.399929	259.404381	10.821949	10.857240	-1	###LINE###
5	3	4	1	13	0	572.40	259.40	10.82	10.86	100	34
4	3	4	1	14	0	572.399929	272.484384	10.821949	10.857240	-1	###LINE###
5	3	4	1	14	0	572.40	272.48	10.82	10.86	100	31
4	3	4	1	15	0	572.399929	285.684383	10.821949	10.857240	-1	###LINE###
5	3	4	1	15	0	572.40	285.68	10.82	10.86	100	88
4	3	4	1	16	0	572.399929	298.884382	10.821949	10.857240	-1	###LINE###
5	3	4	1	16	0	572.40	298.88	10.82	10.86	100	51
4	3	4	1	17	0	572.399929	312.084381	10.821949	10.857240	-1	###LINE###
5	3	4	1	17	0	572.40	312.08	10.82	10.86	100	75
4	3	4	1	18	0	572.399929	325.164384	10.821949	10.857240	-1	###LINE###
5	3	4	1	18	0	572.40	325.16	10.82	10.86	100	19
4	3	4	1	19	0	566.999901	338.364383	16.232924	10.857240	-1	###LINE###
5	3	4	1	19	0	567.00	338.36	16.23	10.86	100	137
4	3	4	1	20	0	566.999901	351.564367	16.232924	10.857240	-1	###LINE###
5	3	4	1	20	0	567.00	351.56	16.23	10.86	100	134
4	3	4	1	21	0	572.399929	364.764366	10.821949	10.857240	-1	###LINE###
5	3	4	1	21	0	572.40	364.76	10.82	10.86	100	29
4	3	4	1	22	0	572.399929	377.844369	10.821949	10.857240	-1	###LINE###
5	3	4	1	22	0	572.40	377.84	10.82	10.86	100	16
4	3	4	1	23	0	572.399929	391.044368	10.821949	10.857240	-1	###LINE###
5	3	4	1	23	0	572.40	391.04	10.82	10.86	100	18
4	3	4	1	24	0	572.399929	404.244367	10.821949	10.857240	-1	###LINE###
5	3	4	1	24	0	572.40	404.24	10.82	10.86	100	26
4	3	4	1	25	0	577.799896	417.444397	5.410975	10.857240	-1	###LINE###
5	3	4	1	25	0	577.80	417.44	5.41	10.86	100	5
4	3	4	1	26	0	572.399929	430.524369	10.821949	10.857240	-1	###LINE###
5	3	4	1	26	0	572.40	430.52	10.82	10.86	100	47
4	3	4	1	27	0	572.399929	443.724398	10.821949	10.857240	-1	###LINE###
5	3	4	1	27	0	572.40	443.72	10.82	10.86	100	72
4	3	4	1	28	0	558.839894	456.924398	24.339653	10.857240	-1	###LINE###
5	3	4	1	28	0	558.84	456.92	24.34	10.86	100	1,125
4	3	4	1	29	0	566.999901	470.124397	16.232924	10.857240	-1	###LINE###
5	3	4	1	29	0	567.00	470.12	16.23	10.86	100	144
4	3	4	1	30	0	572.399929	483.204400	10.821949	10.857240	-1	###LINE###
5	3	4	1	30	0	572.40	483.20	10.82	10.86	100	75
4	3	4	1	31	0	566.999901	496.404399	16.232924	10.857240	-1	###LINE###
5	3	4	1	31	0	567.00	496.40	16.23	10.86	100	254
4	3	4	1	32	0	572.399929	509.604398	10.821949	10.857240	-1	###LINE###
5	3	4	1	32	0	572.40	509.60	10.82	10.86	100	12
4	3	4	1	33	0	566.999901	522.804367	16.232924	10.857240	-1	###LINE###
5	3	4	1	33	0	567.00	522.80	16.23	10.86	100	118
4	3	4	1	34	0	572.399929	536.004366	10.821949	10.857240	-1	###LINE###
5	3	4	1	34	0	572.40	536.00	10.82	10.86	100	23
3	3	5	0	0	0	612.599887	89.964445	42.632926	456.897162	-1	###FLOW###
4	3	5	0	0	0	634.079887	89.964445	21.098908	10.857240	-1	###LINE###
5	3	5	0	0	0	634.08	89.96	21.10	10.86	100	John
4	3	5	0	1	0	612.599887	101.124419	42.538435	10.857240	-1	###LINE###
5	3	5	0	1	0	612.60	101.12	42.54	10.86	100	SCHIESS
4	3	5	0	2	0	644.399917	114.444414	10.821949	10.857240	-1	###LINE###
5	3	5	0	2	0	644.40	114.44	10.82	10.86	100	61
4	3	5	0	3	0	644.399917	127.644413	10.821949	10.857240	-1	###LINE###
5	3	5	0	3	0	644.40	127.64	10.82	10.86	100	25
4	3	5	0	4	0	649.799884	140.844412	5.410975	10.857240	-1	###LINE###
5	3	5	0	4	0	649.80	140.84	5.41	10.86	100	6
4	3	5	0	5	0	644.399917	154.044411	10.821949	10.857240	-1	###LINE###
5	3	5	0	5	0	644.40	154.04	10.82	10.86	100	12
4	3	5	0	6	0	638.999890	167.124414	16.232924	10.857240	-1	###LINE###
5	3	5	0	6	0	639.00	167.12	16.23	10.86	100	148
4	3	5	0	7	0	644.399917	180.324414	10.821949	10.857240	-1	###LINE###
5	3	5	0	7	0	644.40	180.32	10.82	10.86	100	21
4	3	5	0	8	0	644.399917	193.524413	10.821949	10.857240	-1	###LINE###
5	3	5	0	8	0	644.40	193.52	10.82	10.86	100	31
4	3	5	0	9	0	644.399917	206.724412	10.821949	10.857240	-1	###LINE###
5	3	5	0	9	0	644.40	206.72	10.82	10.86	100	35
4	3	5	0	10	0	649.799884	219.804414	5.410975	10.857240	-1	###LINE###
5	3	5	0	10	0	649.80	219.80	5.41	10.86	100	1
4	3	5	0	11	0	644.399917	233.004413	10.821949	10.857240	-1	###LINE###
5	3	5	0	11	0	644.40	233.00	10.82	10.86	100	19
4	3	5	0	12	0	644.399917	246.204412	10.821949	10.857240	-1	###LINE###
5	3	5	0	12	0	644.40	246.20	10.82	10.86	100	25
4	3	5	0	13	0	644.399917	259.404381	10.821949	10.857240	-1	###LINE###
5	3	5	0	13	0	644.40	259.40	10.82	10.86	100	27
4	3	5	0	14	0	649.799884	272.484384	5.410975	10.857240	-1	###LINE###
5	3	5	0	14	0	649.80	272.48	5.41	10.86	100	6
4	3	5	0	15	0	644.399917	285.684383	10.821949	10.857240	-1	###LINE###
5	3	5	0	15	0	644.40	285.68	10.82	10.86	100	35
4	3	5	0	16	0	644.399917	298.884382	10.821949	10.857240	-1	###LINE###
5	3	5	0	16	0	644.40	298.88	10.82	10.86	100	28
4	3	5	0	17	0	644.399917	312.084381	10.821949	10.857240	-1	###LINE###
5	3	5	0	17	0	644.40	312.08	10.82	10.86	100	61
4	3	5	0	18	0	644.399917	325.164384	10.821949	10.857240	-1	###LINE###
5	3	5	0	18	0	644.40	325.16	10.82	10.86	100	10
4	3	5	0	19	0	644.399917	338.364383	10.821949	10.857240	-1	###LINE###
5	3	5	0	19	0	644.40	338.36	10.82	10.86	100	61
4	3	5	0	20	0	638.999890	351.564367	16.232924	10.857240	-1	###LINE###
5	3	5	0	20	0	639.00	351.56	16.23	10.86	100	105
4	3	5	0	21	0	644.399917	364.764366	10.821949	10.857240	-1	###LINE###
5	3	5	0	21	0	644.40	364.76	10.82	10.86	100	18
4	3	5	0	22	0	649.799884	377.844369	5.410975	10.857240	-1	###LINE###
5	3	5	0	22	0	649.80	377.84	5.41	10.86	100	5
4	3	5	0	23	0	649.799884	391.044368	5.410975	10.857240	-1	###LINE###
5	3	5	0	23	0	649.80	391.04	5.41	10.86	100	8
4	3	5	0	24	0	644.399917	404.244367	10.821949	10.857240	-1	###LINE###
5	3	5	0	24	0	644.40	404.24	10.82	10.86	100	22
4	3	5	0	25	0	649.799884	417.444397	5.410975	10.857240	-1	###LINE###
5	3	5	0	25	0	649.80	417.44	5.41	10.86	100	3
4	3	5	0	26	0	644.399917	430.524369	10.821949	10.857240	-1	###LINE###
5	3	5	0	26	0	644.40	430.52	10.82	10.86	100	25
4	3	5	0	27	0	644.399917	443.724398	10.821949	10.857240	-1	###LINE###
5	3	5	0	27	0	644.40	443.72	10.82	10.86	100	67
4	3	5	0	28	0	638.999890	456.924398	16.232924	10.857240	-1	###LINE###
5	3	5	0	28	0	639.00	456.92	16.23	10.86	100	450
4	3	5	0	29	0	644.399917	470.124397	10.821949	10.857240	-1	###LINE###
5	3	5	0	29	0	644.40	470.12	10.82	10.86	100	39
4	3	5	0	30	0	644.399917	483.204400	10.821949	10.857240	-1	###LINE###
5	3	5	0	30	0	644.40	483.20	10.82	10.86	100	76
4	3	5	0	31	0	638.999890	496.404399	16.232924	10.857240	-1	###LINE###
5	3	5	0	31	0	639.00	496.40	16.23	10.86	100	205
4	3	5	0	32	0	644.399917	509.604398	10.821949	10.857240	-1	###LINE###
5	3	5	0	32	0	644.40	509.60	10.82	10.86	100	11
4	3	5	0	33	0	638.999890	522.804367	16.232924	10.857240	-1	###LINE###
5	3	5	0	33	0	639.00	522.80	16.23	10.86	100	115
4	3	5	0	34	0	644.399917	536.004366	10.821949	10.857240	-1	###LINE###
5	3	5	0	34	0	644.40	536.00	10.82	10.86	100	15
1	4	0	0	0	0	0.000000	0.000000	792.000000	612.000000	-1	###PAGE###
3	4	0	0	0	0	35.999994	54.115290	161.658823	13.404001	-1	###FLOW###
4	4	0	0	0	0	35.999994	54.115290	161.658823	13.404001	-1	###LINE###
5	4	0	0	0	0	36.00	54.12	89.57	13.40	100	Commonwealth
5	4	0	0	0	1	128.96	54.12	11.33	13.40	100	of
5	4	0	0	0	2	143.60	54.12	54.05	13.40	100	Kentucky
3	4	1	0	0	0	136.799974	114.444414	53.973498	432.417192	-1	###FLOW###
4	4	1	0	0	0	136.799974	114.444414	27.045141	10.857240	-1	###LINE###
5	4	1	0	0	0	136.80	114.44	27.05	10.86	100	Laurel
4	4	1	0	1	0	136.799974	127.644413	41.973980	10.857240	-1	###LINE###
5	4	1	0	1	0	136.80	127.64	41.97	10.86	100	Lawrence
4	4	1	0	2	0	136.799974	140.844412	16.232924	10.857240	-1	###LINE###
5	4	1	0	2	0	136.80	140.84	16.23	10.86	100	Lee
4	4	1	0	3	0	136.799974	154.044411	25.419902	10.857240	-1	###LINE###
5	4	1	0	3	0	136.80	154.04	25.42	10.86	100	Leslie
4	4	1	0	4	0	136.799974	167.124414	32.446383	10.857240	-1	###LINE###
5	4	1	0	4	0	136.80	167.12	32.45	10.86	100	Letcher
4	4	1	0	5	0	136.799974	180.324414	24.660808	10.857240	-1	###LINE###
5	4	1	0	5	0	136.80	180.32	24.66	10.86	100	Lewis
4	4	1	0	6	0	136.799974	193.524413	30.830876	10.857240	-1	###LINE###
5	4	1	0	6	0	136.80	193.52	30.83	10.86	100	Lincoln
4	4	1	0	7	0	136.799974	206.724412	43.939838	10.857240	-1	###LINE###
5	4	1	0	7	0	136.80	206.72	43.94	10.86	100	Livingston
4	4	1	0	8	0	136.799974	219.804414	27.054873	10.857240	-1	###LINE###
5	4	1	0	8	0	136.80	219.80	27.05	10.86	100	Logan
4	4	1	0	9	0	136.799974	233.004413	20.894536	10.857240	-1	###LINE###
5	4	1	0	9	0	136.80	233.00	20.89	10.86	100	Lyon
4	4	1	0	10	0	136.799974	246.204412	36.679789	10.857240	-1	###LINE###
5	4	1	0	10	0	136.80	246.20	36.68	10.86	100	Madison
4	4	1	0	11	0	136.799974	259.404381	37.322099	10.857240	-1	###LINE###
5	4	1	0	11	0	136.80	259.40	37.32	10.86	100	Magoffin
4	4	1	0	12	0	136.799974	272.484384	29.643576	10.857240	-1	###LINE###
5	4	1	0	12	0	136.80	272.48	29.64	10.86	100	Marion
4	4	1	0	13	0	136.799974	285.684383	36.767377	10.857240	-1	###LINE###
5	4	1	0	13	0	136.80	285.68	36.77	10.86	100	Marshall
4	4	1	0	14	0	136.799974	298.884382	27.025677	10.857240	-1	###LINE###
5	4	1	0	14	0	136.80	298.88	27.03	10.86	100	Martin
4	4	1	0	15	0	136.799974	312.084381	29.205638	10.857240	-1	###LINE###
5	4	1	0	15	0	136.80	312.08	29.21	10.86	100	Mason
4	4	1	0	16	0	136.799974	325.164384	49.214565	10.857240	-1	###LINE###
5	4	1	0	16	0	136.80	325.16	49.21	10.86	100	McCracken
4	4	1	0	17	0	136.799974	338.364383	42.071300	10.857240	-1	###LINE###
5	4	1	0	17	0	136.80	338.36	42.07	10.86	100	McCreary
4	4	1	0	18	0	136.799974	351.564367	34.616612	10.857240	-1	###LINE###
5	4	1	0	18	0	136.80	351.56	34.62	10.86	100	McLean
4	4	1	0	19	0	136.799974	364.764366	29.653308	10.857240	-1	###LINE###
5	4	1	0	19	0	136.80	364.76	29.65	10.86	100	Meade
4	4	1	0	20	0	136.799974	377.844369	34.509561	10.857240	-1	###LINE###
5	4	1	0	20	0	136.80	377.84	34.51	10.86	100	Menifee
4	4	1	0	21	0	136.799974	391.044368	30.276154	10.857240	-1	###LINE###
5	4	1	0	21	0	136.80	391.04	30.28	10.86	100	Mercer
4	4	1	0	22	0	136.799974	404.244367	36.757645	10.857240	-1	###LINE###
5	4	1	0	22	0	136.80	404.24	36.76	10.86	100	Metcalfe
4	4	1	0	23	0	136.799974	417.444397	32.894054	10.857240	-1	###LINE###
5	4	1	0	23	0	136.80	417.44	32.89	10.86	100	Monroe
4	4	1	0	24	0	136.799974	430.524369	53.973498	10.857240	-1	###LINE###
5	4	1	0	24	0	136.80	430.52	53.97	10.86	100	Montgomery
4	4	1	0	25	0	136.799974	443.724398	32.894054	10.857240	-1	###LINE###
5	4	1	0	25	0	136.80	443.72	32.89	10.86	100	Morgan
4	4	1	0	26	0	136.799974	456.924398	51.287474	10.857240	-1	###LINE###
5	4	1	0	26	0	136.80	456.92	51.29	10.86	100	Muhlenberg
4	4	1	0	27	0	136.799974	470.124397	30.285886	10.857240	-1	###LINE###
5	4	1	0	27	0	136.80	470.12	30.29	10.86	100	Nelson
4	4	1	0	28	0	136.799974	483.204400	37.312367	10.857240	-1	###LINE###
5	4	1	0	28	0	136.80	483.20	37.31	10.86	100	Nicholas
4	4	1	0	29	0	136.799974	496.404399	20.544186	10.857240	-1	###LINE###
5	4	1	0	29	0	136.80	496.40	20.54	10.86	100	Ohio
4	4	1	0	30	0	136.799974	509.604398	34.061890	10.857240	-1	###LINE###
5	4	1	0	30	0	136.80	509.60	34.06	10.86	100	Oldham
4	4	1	0	31	0	136.799974	522.804367	25.215531	10.857240	-1	###LINE###
5	4	1	0	31	0	136.80	522.80	25.22	10.86	100	Owen
4	4	1	0	32	0	136.799974	536.004366	31.697022	10.857240	-1	###LINE###
5	4	1	0	32	0	136.80	536.00	31.70	10.86	100	Owsley
3	4	2	0	0	0	289.919964	54.115290	211.964694	13.404001	-1	###FLOW###
4	4	2	0	0	0	289.919964	54.115290	211.964694	13.404001	-1	###LINE###
5	4	2	0	0	0	289.92	54.12	44.03	13.40	100	Michael
5	4	2	0	0	1	337.40	54.12	12.66	13.40	100	G.
5	4	2	0	0	2	353.48	54.12	43.01	13.40	100	Adams,
5	4	2	0	0	3	399.93	54.12	54.90	13.40	100	Secretary
5	4	2	0	0	4	457.89	54.12	11.33	13.40	100	of
5	4	2	0	0	5	472.52	54.12	29.36	13.40	100	State
3	4	2	1	0	0	269.279964	89.964445	97.983383	456.897162	-1	###FLOW###
4	4	2	1	0	0	272.039943	89.964445	95.184815	10.857240	-1	###LINE###
5	4	2	1	0	0	272.04	89.96	23.16	10.86	100	Rand
5	4	2	1	0	1	301.68	89.96	29.53	10.86	100	Valerie
5	4	2	1	0	2	333.77	89.96	13.39	10.86	100	"Dr
5	4	2	1	0	3	349.73	89.96	17.50	10.86	100	Val"
4	4	2	1	1	0	269.279964	101.124419	26.042748	10.857240	-1	###LINE###
5	4	2	1	1	0	269.28	101.12	26.04	10.86	100	PAUL
4	4	2	1	2	0	317.279956	101.124419	49.983391	10.857240	-1	###LINE###
5	4	2	1	2	0	317.28	101.12	49.98	10.86	100	FREDRICK
4	4	2	1	3	0	270.839971	114.444414	24.339653	10.857240	-1	###LINE###
5	4	2	1	3	0	270.84	114.44	24.34	10.86	100	7,920
4	4	2	1	4	0	350.999936	114.444414	16.232924	10.857240	-1	###LINE###
5	4	2	1	4	0	351.00	114.44	16.23	10.86	100	280
4	4	2	1	5	0	270.839971	127.644413	24.339653	10.857240	-1	###LINE###
5	4	2	1	5	0	270.84	127.64	24.34	10.86	100	1,471
4	4	2	1	6	0	356.399933	127.644413	10.821949	10.857240	-1	###LINE###
5	4	2	1	6	0	356.40	127.64	10.82	10.86	100	42
4	4	2	1	7	0	270.839971	140.844412	24.339653	10.857240	-1	###LINE###
5	4	2	1	7	0	270.84	140.84	24.34	10.86	100	1,139
4	4	2	1	8	0	356.399933	140.844412	10.821949	10.857240	-1	###LINE###
5	4	2	1	8	0	356.40	140.84	10.82	10.86	100	59
4	4	2	1	9	0	270.839971	154.044411	24.339653	10.857240	-1	###LINE###
5	4	2	1	9	0	270.84	154.04	24.34	10.86	100	1,901
4	4	2	1	10	0	356.399933	154.044411	10.821949	10.857240	-1	###LINE###
5	4	2	1	10	0	356.40	154.04	10.82	10.86	100	72
4	4	2	1	11	0	270.839971	167.124414	24.339653	10.857240	-1	###LINE###
5	4	2	1	11	0	270.84	167.12	24.34	10.86	100	1,021
4	4	2	1	12	0	356.399933	167.124414	10.821949	10.857240	-1	###LINE###
5	4	2	1	12	0	356.40	167.12	10.82	10.86	100	37
4	4	2	1	13	0	270.839971	180.324414	24.339653	10.857240	-1	###LINE###
5	4	2	1	13	0	270.84	180.32	24.34	10.86	100	2,294
4	4	2	1	14	0	356.399933	180.324414	10.821949	10.857240	-1	###LINE###
5	4	2	1	14	0	356.40	180.32	10.82	10.86	100	73
4	4	2	1	15	0	270.839971	193.524413	24.339653	10.857240	-1	###LINE###
5	4	2	1	15	0	270.84	193.52	24.34	10.86	100	2,402
4	4	2	1	16	0	356.399933	193.524413	10.821949	10.857240	-1	###LINE###
5	4	2	1	16	0	356.40	193.52	10.82	10.86	100	89
4	4	2	1	17	0	270.839971	206.724412	24.339653	10.857240	-1	###LINE###
5	4	2	1	17	0	270.84	206.72	24.34	10.86	100	1,221
4	4	2	1	18	0	356.399933	206.724412	10.821949	10.857240	-1	###LINE###
5	4	2	1	18	0	356.40	206.72	10.82	10.86	100	34
4	4	2	1	19	0	270.839971	219.804414	24.339653	10.857240	-1	###LINE###
5	4	2	1	19	0	270.84	219.80	24.34	10.86	100	2,176
4	4	2	1	20	0	356.399933	219.804414	10.821949	10.857240	-1	###LINE###
5	4	2	1	20	0	356.40	219.80	10.82	10.86	100	65
4	4	2	1	21	0	278.999948	233.004413	16.232924	10.857240	-1	###LINE###
5	4	2	1	21	0	279.00	233.00	16.23	10.86	100	734
4	4	2	1	22	0	356.399933	233.004413	10.821949	10.857240	-1	###LINE###
5	4	2	1	22	0	356.40	233.00	10.82	10.86	100	31
4	4	2	1	23	0	270.839971	246.204412	24.339653	10.857240	-1	###LINE###
5	4	2	1	23	0	270.84	246.20	24.34	10.86	100	5,747
4	4	2	1	24	0	350.999936	246.204412	16.232924	10.857240	-1	###LINE###
5	4	2	1	24	0	351.00	246.20	16.23	10.86	100	191
4	4	2	1	25	0	270.839971	259.404381	24.339653	10.857240	-1	###LINE###
5	4	2	1	25	0	270.84	259.40	24.34	10.86	100	1,286
4	4	2	1	26	0	356.399933	259.404381	10.821949	10.857240	-1	###LINE###
5	4	2	1	26	0	356.40	259.40	10.82	10.86	100	59
4	4	2	1	27	0	278.999948	272.484384	16.232924	10.857240	-1	###LINE###
5	4	2	1	27	0	279.00	272.48	16.23	10.86	100	409
4	4	2	1	28	0	356.399933	272.484384	10.821949	10.857240	-1	###LINE###
5	4	2	1	28	0	356.40	272.48	10.82	10.86	100	10
4	4	2	1	29	0	270.839971	285.684383	24.339653	10.857240	-1	###LINE###
5	4	2	1	29	0	270.84	285.68	24.34	10.86	100	3,119
4	4	2	1	30	0	356.399933	285.684383	10.821949	10.857240	-1	###LINE###
5	4	2	1	30	0	356.40	285.68	10.82	10.86	100	95
4	4	2	1	31	0	270.839971	298.884382	24.339653	10.857240	-1	###LINE###
5	4	2	1	31	0	270.84	298.88	24.34	10.86	100	1,983
4	4	2	1	32	0	356.399933	298.884382	10.821949	10.857240	-1	###LINE###
5	4	2	1	32	0	356.40	298.88	10.82	10.86	100	78
4	4	2	1	33	0	278.999948	312.084381	16.232924	10.857240	-1	###LINE###
5	4	2	1	33	0	279.00	312.08	16.23	10.86	100	712
4	4	2	1	34	0	356.399933	312.084381	10.821949	10.857240	-1	###LINE###
5	4	2	1	34	0	356.40	312.08	10.82	10.86	100	19
4	4	2	1	35	0	270.839971	325.164384	24.339653	10.857240	-1	###LINE###
5	4	2	1	35	0	270.84	325.16	24.34	10.86	100	4,657
4	4	2	1	36	0	350.999936	325.164384	16.232924	10.857240	-1	###LINE###
5	4	2	1	36	0	351.00	325.16	16.23	10.86	100	150
4	4	2	1	37	0	270.839971	338.364383	24.339653	10.857240	-1	###LINE###
5	4	2	1	37	0	270.84	338.36	24.34	10.86	100	1,997
4	4	2	1	38	0	356.399933	338.364383	10.821949	10.857240	-1	###LINE###
5	4	2	1	38	0	356.40	338.36	10.82	10.86	100	91
4	4	2	1	39	0	278.999948	351.564367	16.232924	10.857240	-1	###LINE###
5	4	2	1	39	0	279.00	351.56	16.23	10.86	100	725
4	4	2	1	40	0	356.399933	351.564367	10.821949	10.857240	-1	###LINE###
5	4	2	1	40	0	356.40	351.56	10.82	10.86	100	27
4	4	2	1	41	0	270.839971	364.764366	24.339653	10.857240	-1	###LINE###
5	4	2	1	41	0	270.84	364.76	24.34	10.86	100	2,345
4	4	2	1	42	0	350.999936	364.764366	16.232924	10.857240	-1	###LINE###
5	4	2	1	42	0	351.00	364.76	16.23	10.86	100	128
4	4	2	1	43	0	278.999948	377.844369	16.232924	10.857240	-1	###LINE###
5	4	2	1	43	0	279.00	377.84	16.23	10.86	100	337
4	4	2	1	44	0	356.399933	377.844369	10.821949	10.857240	-1	###LINE###
5	4	2	1	44	0	356.40	377.84	10.82	10.86	100	15
4	4	2	1	45	0	270.839971	391.044368	24.339653	10.857240	-1	###LINE###
5	4	2	1	45	0	270.84	391.04	24.34	10.86	100	1,870
4	4	2	1	46	0	356.399933	391.044368	10.821949	10.857240	-1	###LINE###
5	4	2	1	46	0	356.40	391.04	10.82	10.86	100	43
4	4	2	1	47	0	270.839971	404.244367	24.339653	10.857240	-1	###LINE###
5	4	2	1	47	0	270.84	404.24	24.34	10.86	100	1,298
4	4	2	1	48	0	356.399933	404.244367	10.821949	10.857240	-1	###LINE###
5	4	2	1	48	0	356.40	404.24	10.82	10.86	100	53
4	4	2	1	49	0	270.839971	417.444397	24.339653	10.857240	-1	###LINE###
5	4	2	1	49	0	270.84	417.44	24.34	10.86	100	2,776
4	4	2	1	50	0	350.999936	417.444397	16.232924	10.857240	-1	###LINE###
5	4	2	1	50	0	351.00	417.44	16.23	10.86	100	170
4	4	2	1	51	0	270.839971	430.524369	24.339653	10.857240	-1	###LINE###
5	4	2	1	51	0	270.84	430.52	24.34	10.86	100	1,840
4	4	2	1	52	0	356.399933	430.524369	10.821949	10.857240	-1	###LINE###
5	4	2	1	52	0	356.40	430.52	10.82	10.86	100	74
4	4	2	1	53	0	278.999948	443.724398	16.232924	10.857240	-1	###LINE###
5	4	2	1	53	0	279.00	443.72	16.23	10.86	100	482
4	4	2	1	54	0	356.399933	443.724398	10.821949	10.857240	-1	###LINE###
5	4	2	1	54	0	356.40	443.72	10.82	10.86	100	20
4	4	2	1	55	0	270.839971	456.924398	24.339653	10.857240	-1	###LINE###
5	4	2	1	55	0	270.84	456.92	24.34	10.86	100	1,668
4	4	2	1	56	0	356.399933	456.924398	10.821949	10.857240	-1	###LINE###
5	4	2	1	56	0	356.40	456.92	10.82	10.86	100	73
4	4	2	1	57	0	270.839971	470.124397	24.339653	10.857240	-1	###LINE###
5	4	2	1	57	0	270.84	470.12	24.34	10.86	100	3,081
4	4	2	1	58	0	356.399933	470.124397	10.821949	10.857240	-1	###LINE###
5	4	2	1	58	0	356.40	470.12	10.82	10.86	100	96
4	4	2	1	59	0	278.999948	483.204400	16.232924	10.857240	-1	###LINE###
5	4	2	1	59	0	279.00	483.20	16.23	10.86	100	272
4	4	2	1	60	0	356.399933	483.204400	10.821949	10.857240	-1	###LINE###
5	4	2	1	60	0	356.40	483.20	10.82	10.86	100	11
4	4	2	1	61	0	270.839971	496.404399	24.339653	10.857240	-1	###LINE###
5	4	2	1	61	0	270.84	496.40	24.34	10.86	100	3,118
4	4	2	1	62	0	350.999936	496.404399	16.232924	10.857240	-1	###LINE###
5	4	2	1	62	0	351.00	496.40	16.23	10.86	100	166
4	4	2	1	63	0	270.839971	509.604398	24.339653	10.857240	-1	###LINE###
5	4	2	1	63	0	270.84	509.60	24.34	10.86	100	7,727
4	4	2	1	64	0	350.999936	509.604398	16.232924	10.857240	-1	###LINE###
5	4	2	1	64	0	351.00	509.60	16.23	10.86	100	337
4	4	2	1	65	0	270.839971	522.804367	24.339653	10.857240	-1	###LINE###
5	4	2	1	65	0	270.84	522.80	24.34	10.86	100	1,278
4	4	2	1	66	0	356.399933	522.804367	10.821949	10.857240	-1	###LINE###
5	4	2	1	66	0	356.40	522.80	10.82	10.86	100	42
4	4	2	1	67	0	278.999948	536.004366	16.232924	10.857240	-1	###LINE###
5	4	2	1	67	0	279.00	536.00	16.23	10.86	100	878
4	4	2	1	68	0	356.399933	536.004366	10.821949	10.857240	-1	###LINE###
5	4	2	1	68	0	356.40	536.00	10.82	10.86	100	27
3	4	3	0	0	0	388.559937	89.964445	122.675656	456.897162	-1	###FLOW###
4	4	3	0	0	0	408.599951	89.964445	30.529185	10.857240	-1	###LINE###
5	4	3	0	0	0	408.60	89.96	18.96	10.86	100	Paul
5	4	3	0	0	1	430.13	89.96	9.00	10.86	100	V.
4	4	3	0	1	0	483.119936	89.964445	28.115657	10.857240	-1	###LINE###
5	4	3	0	1	0	483.12	89.96	28.12	10.86	100	Arnold
4	4	3	0	2	0	388.559937	101.124419	122.568407	10.857240	-1	###LINE###
5	4	3	0	2	0	388.56	101.12	50.70	10.86	100	HAMILTON
5	4	3	0	2	1	441.72	101.12	69.41	10.86	100	BLANKENSHIP
4	4	3	0	3	0	422.999924	114.444414	16.232924	10.857240	-1	###LINE###
5	4	3	0	3	0	423.00	114.44	16.23	10.86	100	280
4	4	3	0	4	0	494.999943	114.444414	16.232924	10.857240	-1	###LINE###
5	4	3	0	4	0	495.00	114.44	16.23	10.86	100	254
4	4	3	0	5	0	428.399953	127.644413	10.821949	10.857240	-1	###LINE###
5	4	3	0	5	0	428.40	127.64	10.82	10.86	100	59
4	4	3	0	6	0	500.399941	127.644413	10.821949	10.857240	-1	###LINE###
5	4	3	0	6	0	500.40	127.64	10.82	10.86	100	47
4	4	3	0	7	0	428.399953	140.844412	10.821949	10.857240	-1	###LINE###
5	4	3	0	7	0	428.40	140.84	10.82	10.86	100	62
4	4	3	0	8	0	500.399941	140.844412	10.821949	10.857240	-1	###LINE###
5	4	3	0	8	0	500.40	140.84	10.82	10.86	100	57
4	4	3	0	9	0	428.399953	154.044411	10.821949	10.857240	-1	###LINE###
5	4	3	0	9	0	428.40	154.04	10.82	10.86	100	72
4	4	3	0	10	0	500.399941	154.044411	10.821949	10.857240	-1	###LINE###
5	4	3	0	10	0	500.40	154.04	10.82	10.86	100	64
4	4	3	0	11	0	428.399953	167.124414	10.821949	10.857240	-1	###LINE###
5	4	3	0	11	0	428.40	167.12	10.82	10.86	100	53
4	4	3	0	12	0	500.399941	167.124414	10.821949	10.857240	-1	###LINE###
5	4	3	0	12	0	500.40	167.12	10.82	10.86	100	30
4	4	3	0	13	0	428.399953	180.324414	10.821949	10.857240	-1	###LINE###
5	4	3	0	13	0	428.40	180.32	10.82	10.86	100	74
4	4	3	0	14	0	500.399941	180.324414	10.821949	10.857240	-1	###LINE###
5	4	3	0	14	0	500.40	180.32	10.82	10.86	100	63
4	4	3	0	15	0	428.399953	193.524413	10.821949	10.857240	-1	###LINE###
5	4	3	0	15	0	428.40	193.52	10.82	10.86	100	65
4	4	3	0	16	0	500.399941	193.524413	10.821949	10.857240	-1	###LINE###
5	4	3	0	16	0	500.40	193.52	10.82	10.86	100	90
4	4	3	0	17	0	428.399953	206.724412	10.821949	10.857240	-1	###LINE###
5	4	3	0	17	0	428.40	206.72	10.82	10.86	100	20
4	4	3	0	18	0	500.399941	206.724412	10.821949	10.857240	-1	###LINE###
5	4	3	0	18	0	500.40	206.72	10.82	10.86	100	47
4	4	3	0	19	0	428.399953	219.804414	10.821949	10.857240	-1	###LINE###
5	4	3	0	19	0	428.40	219.80	10.82	10.86	100	52
4	4	3	0	20	0	500.399941	219.804414	10.821949	10.857240	-1	###LINE###
5	4	3	0	20	0	500.40	219.80	10.82	10.86	100	64
4	4	3	0	21	0	428.399953	233.004413	10.821949	10.857240	-1	###LINE###
5	4	3	0	21	0	428.40	233.00	10.82	10.86	100	15
4	4	3	0	22	0	500.399941	233.004413	10.821949	10.857240	-1	###LINE###
5	4	3	0	22	0	500.40	233.00	10.82	10.86	100	33
4	4	3	0	23	0	422.999924	246.204412	16.232924	10.857240	-1	###LINE###
5	4	3	0	23	0	423.00	246.20	16.23	10.86	100	182
4	4	3	0	24	0	494.999943	246.204412	16.232924	10.857240	-1	###LINE###
5	4	3	0	24	0	495.00	246.20	16.23	10.86	100	170
4	4	3	0	25	0	428.399953	259.404381	10.821949	10.857240	-1	###LINE###
5	4	3	0	25	0	428.40	259.40	10.82	10.86	100	55
4	4	3	0	26	0	500.399941	259.404381	10.821949	10.857240	-1	###LINE###
5	4	3	0	26	0	500.40	259.40	10.82	10.86	100	59
4	4	3	0	27	0	428.399953	272.484384	10.821949	10.857240	-1	###LINE###
5	4	3	0	27	0	428.40	272.48	10.82	10.86	100	28
4	4	3	0	28	0	500.399941	272.484384	10.821949	10.857240	-1	###LINE###
5	4	3	0	28	0	500.40	272.48	10.82	10.86	100	15
4	4	3	0	29	0	428.399953	285.684383	10.821949	10.857240	-1	###LINE###
5	4	3	0	29	0	428.40	285.68	10.82	10.86	100	45
4	4	3	0	30	0	494.999943	285.684383	16.232924	10.857240	-1	###LINE###
5	4	3	0	30	0	495.00	285.68	16.23	10.86	100	145
4	4	3	0	31	0	428.399953	298.884382	10.821949	10.857240	-1	###LINE###
5	4	3	0	31	0	428.40	298.88	10.82	10.86	100	79
4	4	3	0	32	0	494.999943	298.884382	16.232924	10.857240	-1	###LINE###
5	4	3	0	32	0	495.00	298.88	16.23	10.86	100	122
4	4	3	0	33	0	433.799949	312.084381	5.410975	10.857240	-1	###LINE###
5	4	3	0	33	0	433.80	312.08	5.41	10.86	100	9
4	4	3	0	34	0	505.799939	312.084381	5.410975	10.857240	-1	###LINE###
5	4	3	0	34	0	505.80	312.08	5.41	10.86	100	7
4	4	3	0	35	0	422.999924	325.164384	16.232924	10.857240	-1	###LINE###
5	4	3	0	35	0	423.00	325.16	16.23	10.86	100	114
4	4	3	0	36	0	494.999943	325.164384	16.232924	10.857240	-1	###LINE###
5	4	3	0	36	0	495.00	325.16	16.23	10.86	100	143
4	4	3	0	37	0	428.399953	338.364383	10.821949	10.857240	-1	###LINE###
5	4	3	0	37	0	428.40	338.36	10.82	10.86	100	74
4	4	3	0	38	0	500.399941	338.364383	10.821949	10.857240	-1	###LINE###
5	4	3	0	38	0	500.40	338.36	10.82	10.86	100	59
4	4	3	0	39	0	428.399953	351.564367	10.821949	10.857240	-1	###LINE###
5	4	3	0	39	0	428.40	351.56	10.82	10.86	100	26
4	4	3	0	40	0	500.399941	351.564367	10.821949	10.857240	-1	###LINE###
5	4	3	0	40	0	500.40	351.56	10.82	10.86	100	10
4	4	3	0	41	0	422.999924	364.764366	16.232924	10.857240	-1	###LINE###
5	4	3	0	41	0	423.00	364.76	16.23	10.86	100	101
4	4	3	0	42	0	500.399941	364.764366	10.821949	10.857240	-1	###LINE###
5	4	3	0	42	0	500.40	364.76	10.82	10.86	100	90
4	4	3	0	43	0	433.799949	377.844369	5.410975	10.857240	-1	###LINE###
5	4	3	0	43	0	433.80	377.84	5.41	10.86	100	5
4	4	3	0	44	0	500.399941	377.844369	10.821949	10.857240	-1	###LINE###
5	4	3	0	44	0	500.40	377.84	10.82	10.86	100	13
4	4	3	0	45	0	428.399953	391.044368	10.821949	10.857240	-1	###LINE###
5	4	3	0	45	0	428.40	391.04	10.82	10.86	100	38
4	4	3	0	46	0	500.399941	391.044368	10.821949	10.857240	-1	###LINE###
5	4	3	0	46	0	500.40	391.04	10.82	10.86	100	37
4	4	3	0	47	0	428.399953	404.244367	10.821949	10.857240	-1	###LINE###
5	4	3	0	47	0	428.40	404.24	10.82	10.86	100	44
4	4	3	0	48	0	500.399941	404.244367	10.821949	10.857240	-1	###LINE###
5	4	3	0	48	0	500.40	404.24	10.82	10.86	100	63
4	4	3	0	49	0	422.999924	417.444397	16.232924	10.857240	-1	###LINE###
5	4	3	0	49	0	423.00	417.44	16.23	10.86	100	116
4	4	3	0	50	0	494.999943	417.444397	16.232924	10.857240	-1	###LINE###
5	4	3	0	50	0	495.00	417.44	16.23	10.86	100	127
4	4	3	0	51	0	428.399953	430.524369	10.821949	10.857240	-1	###LINE###
5	4	3	0	51	0	428.40	430.52	10.82	10.86	100	43
4	4	3	0	52	0	500.399941	430.524369	10.821949	10.857240	-1	###LINE###
5	4	3	0	52	0	500.40	430.52	10.82	10.86	100	43
4	4	3	0	53	0	428.399953	443.724398	10.821949	10.857240	-1	###LINE###
5	4	3	0	53	0	428.40	443.72	10.82	10.86	100	13
4	4	3	0	54	0	505.799939	443.724398	5.410975	10.857240	-1	###LINE###
5	4	3	0	54	0	505.80	443.72	5.41	10.86	100	7
4	4	3	0	55	0	428.399953	456.924398	10.821949	10.857240	-1	###LINE###
5	4	3	0	55	0	428.40	456.92	10.82	10.86	100	66
4	4	3	0	56	0	500.399941	456.924398	10.821949	10.857240	-1	###LINE###
5	4	3	0	56	0	500.40	456.92	10.82	10.86	100	43
4	4	3	0	57	0	422.999924	470.124397	16.232924	10.857240	-1	###LINE###
5	4	3	0	57	0	423.00	470.12	16.23	10.86	100	104
4	4	3	0	58	0	500.399941	470.124397	10.821949	10.857240	-1	###LINE###
5	4	3	0	58	0	500.40	470.12	10.82	10.86	100	36
4	4	3	0	59	0	428.399953	483.204400	10.821949	10.857240	-1	###LINE###
5	4	3	0	59	0	428.40	483.20	10.82	10.86	100	13
4	4	3	0	60	0	505.799939	483.204400	5.410975	10.857240	-1	###LINE###
5	4	3	0	60	0	505.80	483.20	5.41	10.86	100	7
4	4	3	0	61	0	422.999924	496.404399	16.232924	10.857240	-1	###LINE###
5	4	3	0	61	0	423.00	496.40	16.23	10.86	100	151
4	4	3	0	62	0	494.999943	496.404399	16.232924	10.857240	-1	###LINE###
5	4	3	0	62	0	495.00	496.40	16.23	10.86	100	107
4	4	3	0	63	0	422.999924	509.604398	16.232924	10.857240	-1	###LINE###
5	4	3	0	63	0	423.00	509.60	16.23	10.86	100	301
4	4	3	0	64	0	494.999943	509.604398	16.232924	10.857240	-1	###LINE###
5	4	3	0	64	0	495.00	509.60	16.23	10.86	100	143
4	4	3	0	65	0	428.399953	522.804367	10.821949	10.857240	-1	###LINE###
5	4	3	0	65	0	428.40	522.80	10.82	10.86	100	33
4	4	3	0	66	0	500.399941	522.804367	10.821949	10.857240	-1	###LINE###
5	4	3	0	66	0	500.40	522.80	10.82	10.86	100	29
4	4	3	0	67	0	428.399953	536.004366	10.821949	10.857240	-1	###LINE###
5	4	3	0	67	0	428.40	536.00	10.82	10.86	100	40
4	4	3	0	68	0	500.399941	536.004366	10.821949	10.857240	-1	###LINE###
5	4	3	0	68	0	500.40	536.00	10.82	10.86	100	31
3	4	4	0	0	0	584.279905	54.115290	171.619073	13.404001	-1	###FLOW###
4	4	4	0	0	0	584.279905	54.115290	171.619073	13.404001	-1	###LINE###
5	4	4	0	0	0	584.28	54.12	26.72	13.40	100	2022
5	4	4	0	0	1	614.49	54.12	44.86	13.40	100	Primary
5	4	4	0	0	2	662.36	54.12	46.82	13.40	100	Election
5	4	4	0	0	3	712.53	54.12	43.37	13.40	100	Results
3	4	4	1	0	0	526.559899	89.964445	56.756841	456.897162	-1	###FLOW###
4	4	4	1	0	0	551.759929	89.964445	31.366135	10.857240	-1	###LINE###
5	4	4	1	0	0	551.76	89.96	20.99	10.86	100	Tami
5	4	4	1	0	1	575.16	89.96	7.97	10.86	100	L.
4	4	4	1	1	0	526.559899	101.124419	56.756841	10.857240	-1	###LINE###
5	4	4	1	1	0	526.56	101.12	56.76	10.86	100	STAINFIELD
4	4	4	1	2	0	566.999901	114.444414	16.232924	10.857240	-1	###LINE###
5	4	4	1	2	0	567.00	114.44	16.23	10.86	100	220
4	4	4	1	3	0	572.399929	127.644413	10.821949	10.857240	-1	###LINE###
5	4	4	1	3	0	572.40	127.64	10.82	10.86	100	46
4	4	4	1	4	0	572.399929	140.844412	10.821949	10.857240	-1	###LINE###
5	4	4	1	4	0	572.40	140.84	10.82	10.86	100	40
4	4	4	1	5	0	572.399929	154.044411	10.821949	10.857240	-1	###LINE###
5	4	4	1	5	0	572.40	154.04	10.82	10.86	100	42
4	4	4	1	6	0	577.799896	167.124414	5.410975	10.857240	-1	###LINE###
5	4	4	1	6	0	577.80	167.12	5.41	10.86	100	8
4	4	4	1	7	0	566.999901	180.324414	16.232924	10.857240	-1	###LINE###
5	4	4	1	7	0	567.00	180.32	16.23	10.86	100	149
4	4	4	1	8	0	572.399929	193.524413	10.821949	10.857240	-1	###LINE###
5	4	4	1	8	0	572.40	193.52	10.82	10.86	100	56
4	4	4	1	9	0	572.399929	206.724412	10.821949	10.857240	-1	###LINE###
5	4	4	1	9	0	572.40	206.72	10.82	10.86	100	24
4	4	4	1	10	0	572.399929	219.804414	10.821949	10.857240	-1	###LINE###
5	4	4	1	10	0	572.40	219.80	10.82	10.86	100	44
4	4	4	1	11	0	572.399929	233.004413	10.821949	10.857240	-1	###LINE###
5	4	4	1	11	0	572.40	233.00	10.82	10.86	100	24
4	4	4	1	12	0	566.999901	246.204412	16.232924	10.857240	-1	###LINE###
5	4	4	1	12	0	567.00	246.20	16.23	10.86	100	182
4	4	4	1	13	0	572.399929	259.404381	10.821949	10.857240	-1	###LINE###
5	4	4	1	13	0	572.40	259.40	10.82	10.86	100	21
4	4	4	1	14	0	577.799896	272.484384	5.410975	10.857240	-1	###LINE###
5	4	4	1	14	0	577.80	272.48	5.41	10.86	100	7
4	4	4	1	15	0	572.399929	285.684383	10.821949	10.857240	-1	###LINE###
5	4	4	1	15	0	572.40	285.68	10.82	10.86	100	47
4	4	4	1	16	0	572.399929	298.884382	10.821949	10.857240	-1	###LINE###
5	4	4	1	16	0	572.40	298.88	10.82	10.86	100	53
4	4	4	1	17	0	572.399929	312.084381	10.821949	10.857240	-1	###LINE###
5	4	4	1	17	0	572.40	312.08	10.82	10.86	100	14
4	4	4	1	18	0	572.399929	325.164384	10.821949	10.857240	-1	###LINE###
5	4	4	1	18	0	572.40	325.16	10.82	10.86	100	82
4	4	4	1	19	0	572.399929	338.364383	10.821949	10.857240	-1	###LINE###
5	4	4	1	19	0	572.40	338.36	10.82	10.86	100	59
4	4	4	1	20	0	577.799896	351.564367	5.410975	10.857240	-1	###LINE###
5	4	4	1	20	0	577.80	351.56	5.41	10.86	100	7
4	4	4	1	21	0	572.399929	364.764366	10.821949	10.857240	-1	###LINE###
5	4	4	1	21	0	572.40	364.76	10.82	10.86	100	58
4	4	4	1	22	0	577.799896	377.844369	5.410975	10.857240	-1	###LINE###
5	4	4	1	22	0	577.80	377.84	5.41	10.86	100	7
4	4	4	1	23	0	572.399929	391.044368	10.821949	10.857240	-1	###LINE###
5	4	4	1	23	0	572.40	391.04	10.82	10.86	100	55
4	4	4	1	24	0	572.399929	404.244367	10.821949	10.857240	-1	###LINE###
5	4	4	1	24	0	572.40	404.24	10.82	10.86	100	44
4	4	4	1	25	0	566.999901	417.444397	16.232924	10.857240	-1	###LINE###
5	4	4	1	25	0	567.00	417.44	16.23	10.86	100	114
4	4	4	1	26	0	572.399929	430.524369	10.821949	10.857240	-1	###LINE###
5	4	4	1	26	0	572.40	430.52	10.82	10.86	100	59
4	4	4	1	27	0	577.799896	443.724398	5.410975	10.857240	-1	###LINE###
5	4	4	1	27	0	577.80	443.72	5.41	10.86	100	5
4	4	4	1	28	0	572.399929	456.924398	10.821949	10.857240	-1	###LINE###
5	4	4	1	28	0	572.40	456.92	10.82	10.86	100	30
4	4	4	1	29	0	572.399929	470.124397	10.821949	10.857240	-1	###LINE###
5	4	4	1	29	0	572.40	470.12	10.82	10.86	100	70
4	4	4	1	30	0	577.799896	483.204400	5.410975	10.857240	-1	###LINE###
5	4	4	1	30	0	577.80	483.20	5.41	10.86	100	7
4	4	4	1	31	0	572.399929	496.404399	10.821949	10.857240	-1	###LINE###
5	4	4	1	31	0	572.40	496.40	10.82	10.86	100	83
4	4	4	1	32	0	566.999901	509.604398	16.232924	10.857240	-1	###LINE###
5	4	4	1	32	0	567.00	509.60	16.23	10.86	100	280
4	4	4	1	33	0	572.399929	522.804367	10.821949	10.857240	-1	###LINE###
5	4	4	1	33	0	572.40	522.80	10.82	10.86	100	34
4	4	4	1	34	0	572.399929	536.004366	10.821949	10.857240	-1	###LINE###
5	4	4	1	34	0	572.40	536.00	10.82	10.86	100	40
3	4	5	0	0	0	612.599887	89.964445	42.632926	456.897162	-1	###FLOW###
4	4	5	0	0	0	634.079887	89.964445	21.098908	10.857240	-1	###LINE###
5	4	5	0	0	0	634.08	89.96	21.10	10.86	100	John
4	4	5	0	1	0	612.599887	101.124419	42.538435	10.857240	-1	###LINE###
5	4	5	0	1	0	612.60	101.12	42.54	10.86	100	SCHIESS
4	4	5	0	2	0	638.999890	114.444414	16.232924	10.857240	-1	###LINE###
5	4	5	0	2	0	639.00	114.44	16.23	10.86	100	201
4	4	5	0	3	0	644.399917	127.644413	10.821949	10.857240	-1	###LINE###
5	4	5	0	3	0	644.40	127.64	10.82	10.86	100	49
4	4	5	0	4	0	644.399917	140.844412	10.821949	10.857240	-1	###LINE###
5	4	5	0	4	0	644.40	140.84	10.82	10.86	100	30
4	4	5	0	5	0	644.399917	154.044411	10.821949	10.857240	-1	###LINE###
5	4	5	0	5	0	644.40	154.04	10.82	10.86	100	61
4	4	5	0	6	0	644.399917	167.124414	10.821949	10.857240	-1	###LINE###
5	4	5	0	6	0	644.40	167.12	10.82	10.86	100	27
4	4	5	0	7	0	644.399917	180.324414	10.821949	10.857240	-1	###LINE###
5	4	5	0	7	0	644.40	180.32	10.82	10.86	100	54
4	4	5	0	8	0	644.399917	193.524413	10.821949	10.857240	-1	###LINE###
5	4	5	0	8	0	644.40	193.52	10.82	10.86	100	58
4	4	5	0	9	0	644.399917	206.724412	10.821949	10.857240	-1	###LINE###
5	4	5	0	9	0	644.40	206.72	10.82	10.86	100	16
4	4	5	0	10	0	644.399917	219.804414	10.821949	10.857240	-1	###LINE###
5	4	5	0	10	0	644.40	219.80	10.82	10.86	100	19
4	4	5	0	11	0	649.799884	233.004413	5.410975	10.857240	-1	###LINE###
5	4	5	0	11	0	649.80	233.00	5.41	10.86	100	7
4	4	5	0	12	0	644.399917	246.204412	10.821949	10.857240	-1	###LINE###
5	4	5	0	12	0	644.40	246.20	10.82	10.86	100	44
4	4	5	0	13	0	644.399917	259.404381	10.821949	10.857240	-1	###LINE###
5	4	5	0	13	0	644.40	259.40	10.82	10.86	100	58
4	4	5	0	14	0	649.799884	272.484384	5.410975	10.857240	-1	###LINE###
5	4	5	0	14	0	649.80	272.48	5.41	10.86	100	6
4	4	5	0	15	0	644.399917	285.684383	10.821949	10.857240	-1	###LINE###
5	4	5	0	15	0	644.40	285.68	10.82	10.86	100	20
4	4	5	0	16	0	638.999890	298.884382	16.232924	10.857240	-1	###LINE###
5	4	5	0	16	0	639.00	298.88	16.23	10.86	100	100
4	4	5	0	17	0	649.799884	312.084381	5.410975	10.857240	-1	###LINE###
5	4	5	0	17	0	649.80	312.08	5.41	10.86	100	7
4	4	5	0	18	0	644.399917	325.164384	10.821949	10.857240	-1	###LINE###
5	4	5	0	18	0	644.40	325.16	10.82	10.86	100	25
4	4	5	0	19	0	644.399917	338.364383	10.821949	10.857240	-1	###LINE###
5	4	5	0	19	0	644.40	338.36	10.82	10.86	100	57
4	4	5	0	20	0	644.399917	351.564367	10.821949	10.857240	-1	###LINE###
5	4	5	0	20	0	644.40	351.56	10.82	10.86	100	11
4	4	5	0	21	0	644.399917	364.764366	10.821949	10.857240	-1	###LINE###
5	4	5	0	21	0	644.40	364.76	10.82	10.86	100	28
4	4	5	0	22	0	649.799884	377.844369	5.410975	10.857240	-1	###LINE###
5	4	5	0	22	0	649.80	377.84	5.41	10.86	100	6
4	4	5	0	23	0	644.399917	391.044368	10.821949	10.857240	-1	###LINE###
5	4	5	0	23	0	644.40	391.04	10.82	10.86	100	15
4	4	5	0	24	0	644.399917	404.244367	10.821949	10.857240	-1	###LINE###
5	4	5	0	24	0	644.40	404.24	10.82	10.86	100	25
4	4	5	0	25	0	644.399917	417.444397	10.821949	10.857240	-1	###LINE###
5	4	5	0	25	0	644.40	417.44	10.82	10.86	100	38
4	4	5	0	26	0	644.399917	430.524369	10.821949	10.857240	-1	###LINE###
5	4	5	0	26	0	644.40	430.52	10.82	10.86	100	27
4	4	5	0	27	0	649.799884	443.724398	5.410975	10.857240	-1	###LINE###
5	4	5	0	27	0	649.80	443.72	5.41	10.86	100	8
4	4	5	0	28	0	644.399917	456.924398	10.821949	10.857240	-1	###LINE###
5	4	5	0	28	0	644.40	456.92	10.82	10.86	100	21
4	4	5	0	29	0	644.399917	470.124397	10.821949	10.857240	-1	###LINE###
5	4	5	0	29	0	644.40	470.12	10.82	10.86	100	45
4	4	5	0	30	0	649.799884	483.204400	5.410975	10.857240	-1	###LINE###
5	4	5	0	30	0	649.80	483.20	5.41	10.86	100	2
4	4	5	0	31	0	644.399917	496.404399	10.821949	10.857240	-1	###LINE###
5	4	5	0	31	0	644.40	496.40	10.82	10.86	100	34
4	4	5	0	32	0	638.999890	509.604398	16.232924	10.857240	-1	###LINE###
5	4	5	0	32	0	639.00	509.60	16.23	10.86	100	156
4	4	5	0	33	0	644.399917	522.804367	10.821949	10.857240	-1	###LINE###
5	4	5	0	33	0	644.40	522.80	10.82	10.86	100	17
4	4	5	0	34	0	644.399917	536.004366	10.821949	10.857240	-1	###LINE###
5	4	5	0	34	0	644.40	536.00	10.82	10.86	100	35
1	5	0	0	0	0	0.000000	0.000000	792.000000	612.000000	-1	###PAGE###
3	5	0	0	0	0	35.999994	54.115290	161.658823	13.404001	-1	###FLOW###
4	5	0	0	0	0	35.999994	54.115290	161.658823	13.404001	-1	###LINE###
5	5	0	0	0	0	36.00	54.12	89.57	13.40	100	Commonwealth
5	5	0	0	0	1	128.96	54.12	11.33	13.40	100	of
5	5	0	0	0	2	143.60	54.12	54.05	13.40	100	Kentucky
3	5	1	0	0	0	136.799974	114.444414	52.328795	340.497213	-1	###FLOW###
4	5	1	0	0	0	136.799974	114.444414	43.803590	10.857240	-1	###LINE###
5	5	1	0	0	0	136.80	114.44	43.80	10.86	100	Pendleton
4	5	1	0	1	0	136.799974	127.644413	23.239941	10.857240	-1	###LINE###
5	5	1	0	1	0	136.80	127.64	23.24	10.86	100	Perry
4	5	1	0	2	0	136.799974	140.844412	18.918947	10.857240	-1	###LINE###
5	5	1	0	2	0	136.80	140.84	18.92	10.86	100	Pike
4	5	1	0	3	0	136.799974	154.044411	28.446544	10.857240	-1	###LINE###
5	5	1	0	3	0	136.80	154.04	28.45	10.86	100	Powell
4	5	1	0	4	0	136.799974	167.124414	31.356403	10.857240	-1	###LINE###
5	5	1	0	4	0	136.80	167.12	31.36	10.86	100	Pulaski
4	5	1	0	5	0	136.799974	180.324414	44.893571	10.857240	-1	###LINE###
5	5	1	0	5	0	136.80	180.32	44.89	10.86	100	Robertson
4	5	1	0	6	0	136.799974	193.524413	47.706110	10.857240	-1	###LINE###
5	5	1	0	6	0	136.80	193.52	47.71	10.86	100	Rockcastle
4	5	1	0	7	0	136.799974	206.724412	30.013391	10.857240	-1	###LINE###
5	5	1	0	7	0	136.80	206.72	30.01	10.86	100	Rowan
4	5	1	0	8	0	136.799974	219.804414	31.901393	10.857240	-1	###LINE###
5	5	1	0	8	0	136.80	219.80	31.90	10.86	100	Russell
4	5	1	0	9	0	136.799974	233.004413	22.247280	10.857240	-1	###LINE###
5	5	1	0	9	0	136.80	233.00	22.25	10.86	100	Scott
4	5	1	0	10	0	136.799974	246.204412	29.740896	10.857240	-1	###LINE###
5	5	1	0	10	0	136.80	246.20	29.74	10.86	100	Shelby
4	5	1	0	11	0	136.799974	259.404381	37.847626	10.857240	-1	###LINE###
5	5	1	0	11	0	136.80	259.40	37.85	10.86	100	Simpson
4	5	1	0	12	0	136.799974	272.484384	36.232119	10.857240	-1	###LINE###
5	5	1	0	12	0	136.80	272.48	36.23	10.86	100	Spencer
4	5	1	0	13	0	136.799974	285.684383	26.889429	10.857240	-1	###LINE###
5	5	1	0	13	0	136.80	285.68	26.89	10.86	100	Taylor
4	5	1	0	14	0	136.799974	298.884382	22.169424	10.857240	-1	###LINE###
5	5	1	0	14	0	136.80	298.88	22.17	10.86	100	Todd
4	5	1	0	15	0	136.799974	312.084381	22.159692	10.857240	-1	###LINE###
5	5	1	0	15	0	136.80	312.08	22.16	10.86	100	Trigg
4	5	1	0	16	0	136.799974	325.164384	32.426919	10.857240	-1	###LINE###
5	5	1	0	16	0	136.80	325.16	32.43	10.86	100	Trimble
4	5	1	0	17	0	136.799974	338.364383	25.322582	10.857240	-1	###LINE###
5	5	1	0	17	0	136.80	338.36	25.32	10.86	100	Union
4	5	1	0	18	0	136.799974	351.564367	32.426919	10.857240	-1	###LINE###
5	5	1	0	18	0	136.80	351.56	32.43	10.86	100	Warren
4	5	1	0	19	0	136.799974	364.764366	51.900588	10.857240	-1	###LINE###
5	5	1	0	19	0	136.80	364.76	51.90	10.86	100	Washington
4	5	1	0	20	0	136.799974	377.844369	30.616773	10.857240	-1	###LINE###
5	5	1	0	20	0	136.80	377.84	30.62	10.86	100	Wayne
4	5	1	0	21	0	136.799974	391.044368	36.845233	10.857240	-1	###LINE###
5	5	1	0	21	0	136.80	391.04	36.85	10.86	100	Webster
4	5	1	0	22	0	136.799974	404.244367	32.417187	10.857240	-1	###LINE###
5	5	1	0	22	0	136.80	404.24	32.42	10.86	100	Whitley
4	5	1	0	23	0	136.799974	417.444397	25.390706	10.857240	-1	###LINE###
5	5	1	0	23	0	136.80	417.44	25.39	10.86	100	Wolfe
4	5	1	0	24	0	136.799974	430.644396	42.703878	10.857240	-1	###LINE###
5	5	1	0	24	0	136.80	430.64	42.70	10.86	100	Woodford
4	5	1	0	25	0	136.799974	444.084387	52.328795	10.857240	-1	###LINE###
5	5	1	0	25	0	136.80	444.08	23.10	10.86	100	Total
5	5	1	0	25	1	162.65	444.08	26.48	10.86	100	Votes
3	5	2	0	0	0	289.919964	54.115290	211.964694	13.404001	-1	###FLOW###
4	5	2	0	0	0	289.919964	54.115290	211.964694	13.404001	-1	###LINE###
5	5	2	0	0	0	289.92	54.12	44.03	13.40	100	Michael
5	5	2	0	0	1	337.40	54.12	12.66	13.40	100	G.
5	5	2	0	0	2	353.48	54.12	43.01	13.40	100	Adams,
5	5	2	0	0	3	399.93	54.12	54.90	13.40	100	Secretary
5	5	2	0	0	4	457.89	54.12	11.33	13.40	100	of
5	5	2	0	0	5	472.52	54.12	29.36	13.40	100	State
3	5	2	1	0	0	260.039945	89.964445	107.223401	364.977182	-1	###FLOW###
4	5	2	1	0	0	272.039943	89.964445	95.184815	10.857240	-1	###LINE###
5	5	2	1	0	0	272.04	89.96	23.16	10.86	100	Rand
5	5	2	1	0	1	301.68	89.96	29.53	10.86	100	Valerie
5	5	2	1	0	2	333.77	89.96	13.39	10.86	100	"Dr
5	5	2	1	0	3	349.73	89.96	17.50	10.86	100	Val"
4	5	2	1	1	0	269.279964	101.124419	26.042748	10.857240	-1	###LINE###
5	5	2	1	1	0	269.28	101.12	26.04	10.86	100	PAUL
4	5	2	1	2	0	317.279956	101.124419	49.983391	10.857240	-1	###LINE###
5	5	2	1	2	0	317.28	101.12	49.98	10.86	100	FREDRICK
4	5	2	1	3	0	270.839971	114.444414	24.339653	10.857240	-1	###LINE###
5	5	2	1	3	0	270.84	114.44	24.34	10.86	100	1,453
4	5	2	1	4	0	356.399933	114.444414	10.821949	10.857240	-1	###LINE###
5	5	2	1	4	0	356.40	114.44	10.82	10.86	100	38
4	5	2	1	5	0	270.839971	127.644413	24.339653	10.857240	-1	###LINE###
5	5	2	1	5	0	270.84	127.64	24.34	10.86	100	1,074
4	5	2	1	6	0	356.399933	127.644413	10.821949	10.857240	-1	###LINE###
5	5	2	1	6	0	356.40	127.64	10.82	10.86	100	51
4	5	2	1	7	0	270.839971	140.844412	24.339653	10.857240	-1	###LINE###
5	5	2	1	7	0	270.84	140.84	24.34	10.86	100	2,801
4	5	2	1	8	0	356.399933	140.844412	10.821949	10.857240	-1	###LINE###
5	5	2	1	8	0	356.40	140.84	10.82	10.86	100	81
4	5	2	1	9	0	270.839971	154.044411	24.339653	10.857240	-1	###LINE###
5	5	2	1	9	0	270.84	154.04	24.34	10.86	100	1,017
4	5	2	1	10	0	356.399933	154.044411	10.821949	10.857240	-1	###LINE###
5	5	2	1	10	0	356.40	154.04	10.82	10.86	100	35
4	5	2	1	11	0	265.439942	167.124414	29.750628	10.857240	-1	###LINE###
5	5	2	1	11	0	265.44	167.12	29.75	10.86	100	10,913
4	5	2	1	12	0	350.999936	167.124414	16.232924	10.857240	-1	###LINE###
5	5	2	1	12	0	351.00	167.12	16.23	10.86	100	479
4	5	2	1	13	0	278.999948	180.324414	16.232924	10.857240	-1	###LINE###
5	5	2	1	13	0	279.00	180.32	16.23	10.86	100	150
4	5	2	1	14	0	361.799931	180.324414	5.410975	10.857240	-1	###LINE###
5	5	2	1	14	0	361.80	180.32	5.41	10.86	100	3
4	5	2	1	15	0	270.839971	193.524413	24.339653	10.857240	-1	###LINE###
5	5	2	1	15	0	270.84	193.52	24.34	10.86	100	2,955
4	5	2	1	16	0	350.999936	193.524413	16.232924	10.857240	-1	###LINE###
5	5	2	1	16	0	351.00	193.52	16.23	10.86	100	119
4	5	2	1	17	0	270.839971	206.724412	24.339653	10.857240	-1	###LINE###
5	5	2	1	17	0	270.84	206.72	24.34	10.86	100	1,225
4	5	2	1	18	0	356.399933	206.724412	10.821949	10.857240	-1	###LINE###
5	5	2	1	18	0	356.40	206.72	10.82	10.86	100	60
4	5	2	1	19	0	270.839971	219.804414	24.339653	10.857240	-1	###LINE###
5	5	2	1	19	0	270.84	219.80	24.34	10.86	100	3,762
4	5	2	1	20	0	350.999936	219.804414	16.232924	10.857240	-1	###LINE###
5	5	2	1	20	0	351.00	219.80	16.23	10.86	100	169
4	5	2	1	21	0	270.839971	233.004413	24.339653	10.857240	-1	###LINE###
5	5	2	1	21	0	270.84	233.00	24.34	10.86	100	4,274
4	5	2	1	22	0	350.999936	233.004413	16.232924	10.857240	-1	###LINE###
5	5	2	1	22	0	351.00	233.00	16.23	10.86	100	208
4	5	2	1	23	0	270.839971	246.204412	24.339653	10.857240	-1	###LINE###
5	5	2	1	23	0	270.84	246.20	24.34	10.86	100	3,762
4	5	2	1	24	0	350.999936	246.204412	16.232924	10.857240	-1	###LINE###
5	5	2	1	24	0	351.00	246.20	16.23	10.86	100	115
4	5	2	1	25	0	270.839971	259.404381	24.339653	10.857240	-1	###LINE###
5	5	2	1	25	0	270.84	259.40	24.34	10.86	100	1,482
4	5	2	1	26	0	356.399933	259.404381	10.821949	10.857240	-1	###LINE###
5	5	2	1	26	0	356.40	259.40	10.82	10.86	100	59
4	5	2	1	27	0	270.839971	272.484384	24.339653	10.857240	-1	###LINE###
5	5	2	1	27	0	270.84	272.48	24.34	10.86	100	2,636
4	5	2	1	28	0	356.399933	272.484384	10.821949	10.857240	-1	###LINE###
5	5	2	1	28	0	356.40	272.48	10.82	10.86	100	80
4	5	2	1	29	0	270.839971	285.684383	24.339653	10.857240	-1	###LINE###
5	5	2	1	29	0	270.84	285.68	24.34	10.86	100	3,087
4	5	2	1	30	0	350.999936	285.684383	16.232924	10.857240	-1	###LINE###
5	5	2	1	30	0	351.00	285.68	16.23	10.86	100	113
4	5	2	1	31	0	278.999948	298.884382	16.232924	10.857240	-1	###LINE###
5	5	2	1	31	0	279.00	298.88	16.23	10.86	100	477
4	5	2	1	32	0	356.399933	298.884382	10.821949	10.857240	-1	###LINE###
5	5	2	1	32	0	356.40	298.88	10.82	10.86	100	15
4	5	2	1	33	0	270.839971	312.084381	24.339653	10.857240	-1	###LINE###
5	5	2	1	33	0	270.84	312.08	24.34	10.86	100	1,376
4	5	2	1	34	0	356.399933	312.084381	10.821949	10.857240	-1	###LINE###
5	5	2	1	34	0	356.40	312.08	10.82	10.86	100	43
4	5	2	1	35	0	278.999948	325.164384	16.232924	10.857240	-1	###LINE###
5	5	2	1	35	0	279.00	325.16	16.23	10.86	100	576
4	5	2	1	36	0	356.399933	325.164384	10.821949	10.857240	-1	###LINE###
5	5	2	1	36	0	356.40	325.16	10.82	10.86	100	16
4	5	2	1	37	0	278.999948	338.364383	16.232924	10.857240	-1	###LINE###
5	5	2	1	37	0	279.00	338.36	16.23	10.86	100	837
4	5	2	1	38	0	356.399933	338.364383	10.821949	10.857240	-1	###LINE###
5	5	2	1	38	0	356.40	338.36	10.82	10.86	100	26
4	5	2	1	39	0	270.839971	351.564367	24.339653	10.857240	-1	###LINE###
5	5	2	1	39	0	270.84	351.56	24.34	10.86	100	7,402
4	5	2	1	40	0	350.999936	351.564367	16.232924	10.857240	-1	###LINE###
5	5	2	1	40	0	351.00	351.56	16.23	10.86	100	282
4	5	2	1	41	0	278.999948	364.764366	16.232924	10.857240	-1	###LINE###
5	5	2	1	41	0	279.00	364.76	16.23	10.86	100	917
4	5	2	1	42	0	356.399933	364.764366	10.821949	10.857240	-1	###LINE###
5	5	2	1	42	0	356.40	364.76	10.82	10.86	100	34
4	5	2	1	43	0	270.839971	377.844369	24.339653	10.857240	-1	###LINE###
5	5	2	1	43	0	270.84	377.84	24.34	10.86	100	3,261
4	5	2	1	44	0	350.999936	377.844369	16.232924	10.857240	-1	###LINE###
5	5	2	1	44	0	351.00	377.84	16.23	10.86	100	132
4	5	2	1	45	0	278.999948	391.044368	16.232924	10.857240	-1	###LINE###
5	5	2	1	45	0	279.00	391.04	16.23	10.86	100	849
4	5	2	1	46	0	356.399933	391.044368	10.821949	10.857240	-1	###LINE###
5	5	2	1	46	0	356.40	391.04	10.82	10.86	100	89
4	5	2	1	47	0	270.839971	404.244367	24.339653	10.857240	-1	###LINE###
5	5	2	1	47	0	270.84	404.24	24.34	10.86	100	5,414
4	5	2	1	48	0	350.999936	404.244367	16.232924	10.857240	-1	###LINE###
5	5	2	1	48	0	351.00	404.24	16.23	10.86	100	282
4	5	2	1	49	0	278.999948	417.444397	16.232924	10.857240	-1	###LINE###
5	5	2	1	49	0	279.00	417.44	16.23	10.86	100	136
4	5	2	1	50	0	361.799931	417.444397	5.410975	10.857240	-1	###LINE###
5	5	2	1	50	0	361.80	417.44	5.41	10.86	100	7
4	5	2	1	51	0	270.839971	430.644396	24.339653	10.857240	-1	###LINE###
5	5	2	1	51	0	270.84	430.64	24.34	10.86	100	1,822
4	5	2	1	52	0	356.399933	430.644396	10.821949	10.857240	-1	###LINE###
5	5	2	1	52	0	356.40	430.64	10.82	10.86	100	98
4	5	2	1	53	0	260.039945	444.084387	35.161602	10.857240	-1	###LINE###
5	5	2	1	53	0	260.04	444.08	35.16	10.86	100	333,051
4	5	2	1	54	0	337.439961	444.084387	29.750628	10.857240	-1	###LINE###
5	5	2	1	54	0	337.44	444.08	29.75	10.86	100	14,018
3	5	3	0	0	0	388.559937	89.964445	122.675656	364.977182	-1	###FLOW###
4	5	3	0	0	0	408.599951	89.964445	30.529185	10.857240	-1	###LINE###
5	5	3	0	0	0	408.60	89.96	18.96	10.86	100	Paul
5	5	3	0	0	1	430.13	89.96	9.00	10.86	100	V.
4	5	3	0	1	0	483.119936	89.964445	28.115657	10.857240	-1	###LINE###
5	5	3	0	1	0	483.12	89.96	28.12	10.86	100	Arnold
4	5	3	0	2	0	388.559937	101.124419	122.568407	10.857240	-1	###LINE###
5	5	3	0	2	0	388.56	101.12	50.70	10.86	100	HAMILTON
5	5	3	0	2	1	441.72	101.12	69.41	10.86	100	BLANKENSHIP
4	5	3	0	3	0	428.399953	114.444414	10.821949	10.857240	-1	###LINE###
5	5	3	0	3	0	428.40	114.44	10.82	10.86	100	27
4	5	3	0	4	0	500.399941	114.444414	10.821949	10.857240	-1	###LINE###
5	5	3	0	4	0	500.40	114.44	10.82	10.86	100	33
4	5	3	0	5	0	428.399953	127.644413	10.821949	10.857240	-1	###LINE###
5	5	3	0	5	0	428.40	127.64	10.82	10.86	100	27
4	5	3	0	6	0	500.399941	127.644413	10.821949	10.857240	-1	###LINE###
5	5	3	0	6	0	500.40	127.64	10.82	10.86	100	25
4	5	3	0	7	0	422.999924	140.844412	16.232924	10.857240	-1	###LINE###
5	5	3	0	7	0	423.00	140.84	16.23	10.86	100	124
4	5	3	0	8	0	500.399941	140.844412	10.821949	10.857240	-1	###LINE###
5	5	3	0	8	0	500.40	140.84	10.82	10.86	100	73
4	5	3	0	9	0	428.399953	154.044411	10.821949	10.857240	-1	###LINE###
5	5	3	0	9	0	428.40	154.04	10.82	10.86	100	41
4	5	3	0	10	0	500.399941	154.044411	10.821949	10.857240	-1	###LINE###
5	5	3	0	10	0	500.40	154.04	10.82	10.86	100	39
4	5	3	0	11	0	422.999924	167.124414	16.232924	10.857240	-1	###LINE###
5	5	3	0	11	0	423.00	167.12	16.23	10.86	100	454
4	5	3	0	12	0	494.999943	167.124414	16.232924	10.857240	-1	###LINE###
5	5	3	0	12	0	495.00	167.12	16.23	10.86	100	315
4	5	3	0	13	0	433.799949	180.324414	5.410975	10.857240	-1	###LINE###
5	5	3	0	13	0	433.80	180.32	5.41	10.86	100	3
4	5	3	0	14	0	505.799939	180.324414	5.410975	10.857240	-1	###LINE###
5	5	3	0	14	0	505.80	180.32	5.41	10.86	100	1
4	5	3	0	15	0	422.999924	193.524413	16.232924	10.857240	-1	###LINE###
5	5	3	0	15	0	423.00	193.52	16.23	10.86	100	146
4	5	3	0	16	0	500.399941	193.524413	10.821949	10.857240	-1	###LINE###
5	5	3	0	16	0	500.40	193.52	10.82	10.86	100	91
4	5	3	0	17	0	428.399953	206.724412	10.821949	10.857240	-1	###LINE###
5	5	3	0	17	0	428.40	206.72	10.82	10.86	100	56
4	5	3	0	18	0	500.399941	206.724412	10.821949	10.857240	-1	###LINE###
5	5	3	0	18	0	500.40	206.72	10.82	10.86	100	30
4	5	3	0	19	0	422.999924	219.804414	16.232924	10.857240	-1	###LINE###
5	5	3	0	19	0	423.00	219.80	16.23	10.86	100	158
4	5	3	0	20	0	494.999943	219.804414	16.232924	10.857240	-1	###LINE###
5	5	3	0	20	0	495.00	219.80	16.23	10.86	100	187
4	5	3	0	21	0	422.999924	233.004413	16.232924	10.857240	-1	###LINE###
5	5	3	0	21	0	423.00	233.00	16.23	10.86	100	197
4	5	3	0	22	0	494.999943	233.004413	16.232924	10.857240	-1	###LINE###
5	5	3	0	22	0	495.00	233.00	16.23	10.86	100	134
4	5	3	0	23	0	422.999924	246.204412	16.232924	10.857240	-1	###LINE###
5	5	3	0	23	0	423.00	246.20	16.23	10.86	100	134
4	5	3	0	24	0	500.399941	246.204412	10.821949	10.857240	-1	###LINE###
5	5	3	0	24	0	500.40	246.20	10.82	10.86	100	46
4	5	3	0	25	0	428.399953	259.404381	10.821949	10.857240	-1	###LINE###
5	5	3	0	25	0	428.40	259.40	10.82	10.86	100	43
4	5	3	0	26	0	500.399941	259.404381	10.821949	10.857240	-1	###LINE###
5	5	3	0	26	0	500.40	259.40	10.82	10.86	100	75
4	5	3	0	27	0	422.999924	272.484384	16.232924	10.857240	-1	###LINE###
5	5	3	0	27	0	423.00	272.48	16.23	10.86	100	125
4	5	3	0	28	0	500.399941	272.484384	10.821949	10.857240	-1	###LINE###
5	5	3	0	28	0	500.40	272.48	10.82	10.86	100	49
4	5	3	0	29	0	422.999924	285.684383	16.232924	10.857240	-1	###LINE###
5	5	3	0	29	0	423.00	285.68	16.23	10.86	100	125
4	5	3	0	30	0	494.999943	285.684383	16.232924	10.857240	-1	###LINE###
5	5	3	0	30	0	495.00	285.68	16.23	10.86	100	162
4	5	3	0	31	0	428.399953	298.884382	10.821949	10.857240	-1	###LINE###
5	5	3	0	31	0	428.40	298.88	10.82	10.86	100	12
4	5	3	0	32	0	500.399941	298.884382	10.821949	10.857240	-1	###LINE###
5	5	3	0	32	0	500.40	298.88	10.82	10.86	100	20
4	5	3	0	33	0	428.399953	312.084381	10.821949	10.857240	-1	###LINE###
5	5	3	0	33	0	428.40	312.08	10.82	10.86	100	39
4	5	3	0	34	0	500.399941	312.084381	10.821949	10.857240	-1	###LINE###
5	5	3	0	34	0	500.40	312.08	10.82	10.86	100	35
4	5	3	0	35	0	428.399953	325.164384	10.821949	10.857240	-1	###LINE###
5	5	3	0	35	0	428.40	325.16	10.82	10.86	100	13
4	5	3	0	36	0	500.399941	325.164384	10.821949	10.857240	-1	###LINE###
5	5	3	0	36	0	500.40	325.16	10.82	10.86	100	11
4	5	3	0	37	0	428.399953	338.364383	10.821949	10.857240	-1	###LINE###
5	5	3	0	37	0	428.40	338.36	10.82	10.86	100	27
4	5	3	0	38	0	500.399941	338.364383	10.821949	10.857240	-1	###LINE###
5	5	3	0	38	0	500.40	338.36	10.82	10.86	100	31
4	5	3	0	39	0	422.999924	351.564367	16.232924	10.857240	-1	###LINE###
5	5	3	0	39	0	423.00	351.56	16.23	10.86	100	241
4	5	3	0	40	0	494.999943	351.564367	16.232924	10.857240	-1	###LINE###
5	5	3	0	40	0	495.00	351.56	16.23	10.86	100	130
4	5	3	0	41	0	428.399953	364.764366	10.821949	10.857240	-1	###LINE###
5	5	3	0	41	0	428.40	364.76	10.82	10.86	100	49
4	5	3	0	42	0	500.399941	364.764366	10.821949	10.857240	-1	###LINE###
5	5	3	0	42	0	500.40	364.76	10.82	10.86	100	16
4	5	3	0	43	0	422.999924	377.844369	16.232924	10.857240	-1	###LINE###
5	5	3	0	43	0	423.00	377.84	16.23	10.86	100	134
4	5	3	0	44	0	500.399941	377.844369	10.821949	10.857240	-1	###LINE###
5	5	3	0	44	0	500.40	377.84	10.82	10.86	100	97
4	5	3	0	45	0	428.399953	391.044368	10.821949	10.857240	-1	###LINE###
5	5	3	0	45	0	428.40	391.04	10.82	10.86	100	17
4	5	3	0	46	0	500.399941	391.044368	10.821949	10.857240	-1	###LINE###
5	5	3	0	46	0	500.40	391.04	10.82	10.86	100	20
4	5	3	0	47	0	422.999924	404.244367	16.232924	10.857240	-1	###LINE###
5	5	3	0	47	0	423.00	404.24	16.23	10.86	100	234
4	5	3	0	48	0	494.999943	404.244367	16.232924	10.857240	-1	###LINE###
5	5	3	0	48	0	495.00	404.24	16.23	10.86	100	191
4	5	3	0	49	0	433.799949	417.444397	5.410975	10.857240	-1	###LINE###
5	5	3	0	49	0	433.80	417.44	5.41	10.86	100	6
4	5	3	0	50	0	500.399941	417.444397	10.821949	10.857240	-1	###LINE###
5	5	3	0	50	0	500.40	417.44	10.82	10.86	100	12
4	5	3	0	51	0	428.399953	430.644396	10.821949	10.857240	-1	###LINE###
5	5	3	0	51	0	428.40	430.64	10.82	10.86	100	77
4	5	3	0	52	0	500.399941	430.644396	10.821949	10.857240	-1	###LINE###
5	5	3	0	52	0	500.40	430.64	10.82	10.86	100	52
4	5	3	0	53	0	409.439949	444.084387	29.750628	10.857240	-1	###LINE###
5	5	3	0	53	0	409.44	444.08	29.75	10.86	100	13,473
4	5	3	0	54	0	481.439939	444.084387	29.750628	10.857240	-1	###LINE###
5	5	3	0	54	0	481.44	444.08	29.75	10.86	100	10,092
3	5	4	0	0	0	584.279905	54.115290	171.619073	13.404001	-1	###FLOW###
4	5	4	0	0	0	584.279905	54.115290	171.619073	13.404001	-1	###LINE###
5	5	4	0	0	0	584.28	54.12	26.72	13.40	100	2022
5	5	4	0	0	1	614.49	54.12	44.86	13.40	100	Primary
5	5	4	0	0	2	662.36	54.12	46.82	13.40	100	Election
5	5	4	0	0	3	712.53	54.12	43.37	13.40	100	Results
3	5	4	1	0	0	526.559899	89.964445	56.756841	364.977182	-1	###FLOW###
4	5	4	1	0	0	551.759929	89.964445	31.366135	10.857240	-1	###LINE###
5	5	4	1	0	0	551.76	89.96	20.99	10.86	100	Tami
5	5	4	1	0	1	575.16	89.96	7.97	10.86	100	L.
4	5	4	1	1	0	526.559899	101.124419	56.756841	10.857240	-1	###LINE###
5	5	4	1	1	0	526.56	101.12	56.76	10.86	100	STAINFIELD
4	5	4	1	2	0	572.399929	114.444414	10.821949	10.857240	-1	###LINE###
5	5	4	1	2	0	572.40	114.44	10.82	10.86	100	46
4	5	4	1	3	0	572.399929	127.644413	10.821949	10.857240	-1	###LINE###
5	5	4	1	3	0	572.40	127.64	10.82	10.86	100	20
4	5	4	1	4	0	572.399929	140.844412	10.821949	10.857240	-1	###LINE###
5	5	4	1	4	0	572.40	140.84	10.82	10.86	100	43
4	5	4	1	5	0	572.399929	154.044411	10.821949	10.857240	-1	###LINE###
5	5	4	1	5	0	572.40	154.04	10.82	10.86	100	35
4	5	4	1	6	0	566.999901	167.124414	16.232924	10.857240	-1	###LINE###
5	5	4	1	6	0	567.00	167.12	16.23	10.86	100	352
4	5	4	1	7	0	577.799896	180.324414	5.410975	10.857240	-1	###LINE###
5	5	4	1	7	0	577.80	180.32	5.41	10.86	100	4
4	5	4	1	8	0	572.399929	193.524413	10.821949	10.857240	-1	###LINE###
5	5	4	1	8	0	572.40	193.52	10.82	10.86	100	76
4	5	4	1	9	0	572.399929	206.724412	10.821949	10.857240	-1	###LINE###
5	5	4	1	9	0	572.40	206.72	10.82	10.86	100	30
4	5	4	1	10	0	566.999901	219.804414	16.232924	10.857240	-1	###LINE###
5	5	4	1	10	0	567.00	219.80	16.23	10.86	100	120
4	5	4	1	11	0	566.999901	233.004413	16.232924	10.857240	-1	###LINE###
5	5	4	1	11	0	567.00	233.00	16.23	10.86	100	169
4	5	4	1	12	0	572.399929	246.204412	10.821949	10.857240	-1	###LINE###
5	5	4	1	12	0	572.40	246.20	10.82	10.86	100	63
4	5	4	1	13	0	572.399929	259.404381	10.821949	10.857240	-1	###LINE###
5	5	4	1	13	0	572.40	259.40	10.82	10.86	100	22
4	5	4	1	14	0	572.399929	272.484384	10.821949	10.857240	-1	###LINE###
5	5	4	1	14	0	572.40	272.48	10.82	10.86	100	46
4	5	4	1	15	0	572.399929	285.684383	10.821949	10.857240	-1	###LINE###
5	5	4	1	15	0	572.40	285.68	10.82	10.86	100	95
4	5	4	1	16	0	572.399929	298.884382	10.821949	10.857240	-1	###LINE###
5	5	4	1	16	0	572.40	298.88	10.82	10.86	100	11
4	5	4	1	17	0	572.399929	312.084381	10.821949	10.857240	-1	###LINE###
5	5	4	1	17	0	572.40	312.08	10.82	10.86	100	42
4	5	4	1	18	0	572.399929	325.164384	10.821949	10.857240	-1	###LINE###
5	5	4	1	18	0	572.40	325.16	10.82	10.86	100	15
4	5	4	1	19	0	572.399929	338.364383	10.821949	10.857240	-1	###LINE###
5	5	4	1	19	0	572.40	338.36	10.82	10.86	100	17
4	5	4	1	20	0	566.999901	351.564367	16.232924	10.857240	-1	###LINE###
5	5	4	1	20	0	567.00	351.56	16.23	10.86	100	112
4	5	4	1	21	0	572.399929	364.764366	10.821949	10.857240	-1	###LINE###
5	5	4	1	21	0	572.40	364.76	10.82	10.86	100	10
4	5	4	1	22	0	566.999901	377.844369	16.232924	10.857240	-1	###LINE###
5	5	4	1	22	0	567.00	377.84	16.23	10.86	100	141
4	5	4	1	23	0	572.399929	391.044368	10.821949	10.857240	-1	###LINE###
5	5	4	1	23	0	572.40	391.04	10.82	10.86	100	25
4	5	4	1	24	0	566.999901	404.244367	16.232924	10.857240	-1	###LINE###
5	5	4	1	24	0	567.00	404.24	16.23	10.86	100	150
4	5	4	1	25	0	577.799896	417.444397	5.410975	10.857240	-1	###LINE###
5	5	4	1	25	0	577.80	417.44	5.41	10.86	100	8
4	5	4	1	26	0	572.399929	430.644396	10.821949	10.857240	-1	###LINE###
5	5	4	1	26	0	572.40	430.64	10.82	10.86	100	71
4	5	4	1	27	0	558.839894	444.084387	24.339653	10.857240	-1	###LINE###
5	5	4	1	27	0	558.84	444.08	24.34	10.86	100	9,526
3	5	5	0	0	0	612.599887	89.964445	42.632926	364.977182	-1	###FLOW###
4	5	5	0	0	0	634.079887	89.964445	21.098908	10.857240	-1	###LINE###
5	5	5	0	0	0	634.08	89.96	21.10	10.86	100	John
4	5	5	0	1	0	612.599887	101.124419	42.538435	10.857240	-1	###LINE###
5	5	5	0	1	0	612.60	101.12	42.54	10.86	100	SCHIESS
4	5	5	0	2	0	644.399917	114.444414	10.821949	10.857240	-1	###LINE###
5	5	5	0	2	0	644.40	114.44	10.82	10.86	100	18
4	5	5	0	3	0	644.399917	127.644413	10.821949	10.857240	-1	###LINE###
5	5	5	0	3	0	644.40	127.64	10.82	10.86	100	29
4	5	5	0	4	0	644.399917	140.844412	10.821949	10.857240	-1	###LINE###
5	5	5	0	4	0	644.40	140.84	10.82	10.86	100	39
4	5	5	0	5	0	644.399917	154.044411	10.821949	10.857240	-1	###LINE###
5	5	5	0	5	0	644.40	154.04	10.82	10.86	100	16
4	5	5	0	6	0	638.999890	167.124414	16.232924	10.857240	-1	###LINE###
5	5	5	0	6	0	639.00	167.12	16.23	10.86	100	242
4	5	5	0	7	0	649.799884	180.324414	5.410975	10.857240	-1	###LINE###
5	5	5	0	7	0	649.80	180.32	5.41	10.86	100	4
4	5	5	0	8	0	644.399917	193.524413	10.821949	10.857240	-1	###LINE###
5	5	5	0	8	0	644.40	193.52	10.82	10.86	100	89
4	5	5	0	9	0	644.399917	206.724412	10.821949	10.857240	-1	###LINE###
5	5	5	0	9	0	644.40	206.72	10.82	10.86	100	27
4	5	5	0	10	0	644.399917	219.804414	10.821949	10.857240	-1	###LINE###
5	5	5	0	10	0	644.40	219.80	10.82	10.86	100	41
4	5	5	0	11	0	644.399917	233.004413	10.821949	10.857240	-1	###LINE###
5	5	5	0	11	0	644.40	233.00	10.82	10.86	100	52
4	5	5	0	12	0	644.399917	246.204412	10.821949	10.857240	-1	###LINE###
5	5	5	0	12	0	644.40	246.20	10.82	10.86	100	60
4	5	5	0	13	0	649.799884	259.404381	5.410975	10.857240	-1	###LINE###
5	5	5	0	13	0	649.80	259.40	5.41	10.86	100	9
4	5	5	0	14	0	644.399917	272.484384	10.821949	10.857240	-1	###LINE###
5	5	5	0	14	0	644.40	272.48	10.82	10.86	100	50
4	5	5	0	15	0	644.399917	285.684383	10.821949	10.857240	-1	###LINE###
5	5	5	0	15	0	644.40	285.68	10.82	10.86	100	35
4	5	5	0	16	0	649.799884	298.884382	5.410975	10.857240	-1	###LINE###
5	5	5	0	16	0	649.80	298.88	5.41	10.86	100	7
4	5	5	0	17	0	644.399917	312.084381	10.821949	10.857240	-1	###LINE###
5	5	5	0	17	0	644.40	312.08	10.82	10.86	100	16
4	5	5	0	18	0	649.799884	325.164384	5.410975	10.857240	-1	###LINE###
5	5	5	0	18	0	649.80	325.16	5.41	10.86	100	3
4	5	5	0	19	0	644.399917	338.364383	10.821949	10.857240	-1	###LINE###
5	5	5	0	19	0	644.40	338.36	10.82	10.86	100	11
4	5	5	0	20	0	644.399917	351.564367	10.821949	10.857240	-1	###LINE###
5	5	5	0	20	0	644.40	351.56	10.82	10.86	100	41
4	5	5	0	21	0	649.799884	364.764366	5.410975	10.857240	-1	###LINE###
5	5	5	0	21	0	649.80	364.76	5.41	10.86	100	9
4	5	5	0	22	0	638.999890	377.844369	16.232924	10.857240	-1	###LINE###
5	5	5	0	22	0	639.00	377.84	16.23	10.86	100	118
4	5	5	0	23	0	644.399917	391.044368	10.821949	10.857240	-1	###LINE###
5	5	5	0	23	0	644.40	391.04	10.82	10.86	100	12
4	5	5	0	24	0	638.999890	404.244367	16.232924	10.857240	-1	###LINE###
5	5	5	0	24	0	639.00	404.24	16.23	10.86	100	134
4	5	5	0	25	0	649.799884	417.444397	5.410975	10.857240	-1	###LINE###
5	5	5	0	25	0	649.80	417.44	5.41	10.86	100	6
4	5	5	0	26	0	644.399917	430.644396	10.821949	10.857240	-1	###LINE###
5	5	5	0	26	0	644.40	430.64	10.82	10.86	100	23
4	5	5	0	27	0	630.839882	444.084387	24.339653	10.857240	-1	###LINE###
5	5	5	0	27	0	630.84	444.08	24.34	10.86	100	5,538
1	6	0	0	0	0	0.000000	0.000000	792.000000	612.000000	-1	###PAGE###
3	6	0	0	0	0	35.999994	54.115290	161.658823	13.404001	-1	###FLOW###
4	6	0	0	0	0	35.999994	54.115290	161.658823	13.404001	-1	###LINE###
5	6	0	0	0	0	36.00	54.12	89.57	13.40	100	Commonwealth
5	6	0	0	0	1	128.96	54.12	11.33	13.40	100	of
5	6	0	0	0	2	143.60	54.12	54.05	13.40	100	Kentucky
3	6	1	0	0	0	289.919964	54.115290	211.964694	13.404001	-1	###FLOW###
4	6	1	0	0	0	289.919964	54.115290	211.964694	13.404001	-1	###LINE###
5	6	1	0	0	0	289.92	54.12	44.03	13.40	100	Michael
5	6	1	0	0	1	337.40	54.12	12.66	13.40	100	G.
5	6	1	0	0	2	353.48	54.12	43.01	13.40	100	Adams,
5	6	1	0	0	3	399.93	54.12	54.90	13.40	100	Secretary
5	6	1	0	0	4	457.89	54.12	11.33	13.40	100	of
5	6	1	0	0	5	472.52	54.12	29.36	13.40	100	State
3	6	2	0	0	0	584.279905	54.115290	171.619073	13.404001	-1	###FLOW###
4	6	2	0	0	0	584.279905	54.115290	171.619073	13.404001	-1	###LINE###
5	6	2	0	0	0	584.28	54.12	26.72	13.40	100	2022
5	6	2	0	0	1	614.49	54.12	44.86	13.40	100	Primary
5	6	2	0	0	2	662.36	54.12	46.82	13.40	100	Election
5	6	2	0	0	3	712.53	54.12	43.37	13.40	100	Results
3	6	3	0	0	0	333.479949	111.955306	124.953680	27.204012	-1	###FLOW###
4	6	3	0	0	0	333.479949	111.955306	124.953680	13.404001	-1	###LINE###
5	6	3	0	0	0	333.48	111.96	37.34	13.40	100	United
5	6	3	0	0	1	374.13	111.96	36.04	13.40	100	States
5	6	3	0	0	2	413.61	111.96	44.83	13.40	100	Senator
4	6	3	0	1	0	346.679950	125.755316	98.881614	13.404001	-1	###LINE###
5	6	3	0	1	0	346.68	125.76	65.41	13.40	100	Democratic
5	6	3	0	1	1	415.52	125.76	30.04	13.40	100	Party
3	6	4	0	0	0	165.599967	175.044401	54.070817	379.737189	-1	###FLOW###
4	6	4	0	0	0	165.599967	175.044401	22.704683	10.857240	-1	###LINE###
5	6	4	0	0	0	165.60	175.04	22.70	10.86	100	Adair
4	6	4	0	1	0	165.599967	188.244401	21.624434	10.857240	-1	###LINE###
5	6	4	0	1	0	165.60	188.24	21.62	10.86	100	Allen
4	6	4	0	2	0	165.599967	201.444400	41.643093	10.857240	-1	###LINE###
5	6	4	0	2	0	165.60	201.44	41.64	10.86	100	Anderson
4	6	4	0	3	0	165.599967	214.644399	30.276154	10.857240	-1	###LINE###
5	6	4	0	3	0	165.60	214.64	30.28	10.86	100	Ballard
4	6	4	0	4	0	165.599967	227.724401	29.195906	10.857240	-1	###LINE###
5	6	4	0	4	0	165.60	227.72	29.20	10.86	100	Barren
4	6	4	0	5	0	165.599967	240.924400	19.999195	10.857240	-1	###LINE###
5	6	4	0	5	0	165.60	240.92	20.00	10.86	100	Bath
4	6	4	0	6	0	165.599967	254.124399	16.213460	10.857240	-1	###LINE###
5	6	4	0	6	0	165.60	254.12	16.21	10.86	100	Bell
4	6	4	0	7	0	165.599967	267.324398	28.125389	10.857240	-1	###LINE###
5	6	4	0	7	0	165.60	267.32	28.13	10.86	100	Boone
4	6	4	0	8	0	165.599967	280.404402	36.777109	10.857240	-1	###LINE###
5	6	4	0	8	0	165.60	280.40	36.78	10.86	100	Bourbon
4	6	4	0	9	0	165.599967	293.604401	21.965053	10.857240	-1	###LINE###
5	6	4	0	9	0	165.60	293.60	21.97	10.86	100	Boyd
4	6	4	0	10	0	165.599967	306.804400	24.125550	10.857240	-1	###LINE###
5	6	4	0	10	0	165.60	306.80	24.13	10.86	100	Boyle
4	6	4	0	11	0	165.599967	320.004399	35.687129	10.857240	-1	###LINE###
5	6	4	0	11	0	165.60	320.00	35.69	10.86	100	Bracken
4	6	4	0	12	0	165.599967	333.084401	36.202923	10.857240	-1	###LINE###
5	6	4	0	12	0	165.60	333.08	36.20	10.86	100	Breathitt
4	6	4	0	13	0	165.599967	346.284400	54.070817	10.857240	-1	###LINE###
5	6	4	0	13	0	165.60	346.28	54.07	10.86	100	Breckinridge
4	6	4	0	14	0	165.599967	359.484384	23.765467	10.857240	-1	###LINE###
5	6	4	0	14	0	165.60	359.48	23.77	10.86	100	Bullitt
4	6	4	0	15	0	165.599967	372.684383	25.400438	10.857240	-1	###LINE###
5	6	4	0	15	0	165.60	372.68	25.40	10.86	100	Butler
4	6	4	0	16	0	165.599967	385.764387	36.485150	10.857240	-1	###LINE###
5	6	4	0	16	0	165.60	385.76	36.49	10.86	100	Caldwell
4	6	4	0	17	0	165.599967	398.964386	39.190637	10.857240	-1	###LINE###
5	6	4	0	17	0	165.60	398.96	39.19	10.86	100	Calloway
4	6	4	0	18	0	165.599967	412.164385	40.952124	10.857240	-1	###LINE###
5	6	4	0	18	0	165.60	412.16	40.95	10.86	100	Campbell
4	6	4	0	19	0	165.599967	425.364384	32.436651	10.857240	-1	###LINE###
5	6	4	0	19	0	165.60	425.36	32.44	10.86	100	Carlisle
4	6	4	0	20	0	165.599967	438.444386	28.553596	10.857240	-1	###LINE###
5	6	4	0	20	0	165.60	438.44	28.55	10.86	100	Carroll
4	6	4	0	21	0	165.599967	451.644386	27.025677	10.857240	-1	###LINE###
5	6	4	0	21	0	165.60	451.64	27.03	10.86	100	Carter
4	6	4	0	22	0	165.599967	464.844385	27.580399	10.857240	-1	###LINE###
5	6	4	0	22	0	165.60	464.84	27.58	10.86	100	Casey
4	6	4	0	23	0	165.599967	478.044384	38.382884	10.857240	-1	###LINE###
5	6	4	0	23	0	165.60	478.04	38.38	10.86	100	Christian
4	6	4	0	24	0	165.599967	491.124387	22.704683	10.857240	-1	###LINE###
5	6	4	0	24	0	165.60	491.12	22.70	10.86	100	Clark
4	6	4	0	25	0	165.599967	504.324386	19.463937	10.857240	-1	###LINE###
5	6	4	0	25	0	165.60	504.32	19.46	10.86	100	Clay
4	6	4	0	26	0	165.599967	517.524355	30.276154	10.857240	-1	###LINE###
5	6	4	0	26	0	165.60	517.52	30.28	10.86	100	Clinton
4	6	4	0	27	0	165.599967	530.724354	44.874107	10.857240	-1	###LINE###
5	6	4	0	27	0	165.60	530.72	44.87	10.86	100	Crittenden
4	6	4	0	28	0	165.599967	543.924349	52.854321	10.857240	-1	###LINE###
5	6	4	0	28	0	165.60	543.92	52.85	10.86	100	Cumberland
3	6	5	0	0	0	303.119965	150.564402	42.538435	404.217187	-1	###FLOW###
4	6	5	0	0	0	312.119941	150.564402	33.429312	10.857240	-1	###LINE###
5	6	5	0	0	0	312.12	150.56	33.43	10.86	100	Charles
4	6	5	0	1	0	303.119965	161.724406	42.538435	10.857240	-1	###LINE###
5	6	5	0	1	0	303.12	161.72	42.54	10.86	100	BOOKER
4	6	5	0	2	0	329.399946	175.044401	16.232924	10.857240	-1	###LINE###
5	6	5	0	2	0	329.40	175.04	16.23	10.86	100	221
4	6	5	0	3	0	329.399946	188.244401	16.232924	10.857240	-1	###LINE###
5	6	5	0	3	0	329.40	188.24	16.23	10.86	100	310
4	6	5	0	4	0	321.239938	201.444400	24.339653	10.857240	-1	###LINE###
5	6	5	0	4	0	321.24	201.44	24.34	10.86	100	1,259
4	6	5	0	5	0	329.399946	214.644399	16.232924	10.857240	-1	###LINE###
5	6	5	0	5	0	329.40	214.64	16.23	10.86	100	613
4	6	5	0	6	0	321.239938	227.724401	24.339653	10.857240	-1	###LINE###
5	6	5	0	6	0	321.24	227.72	24.34	10.86	100	1,360
4	6	5	0	7	0	329.399946	240.924400	16.232924	10.857240	-1	###LINE###
5	6	5	0	7	0	329.40	240.92	16.23	10.86	100	921
4	6	5	0	8	0	329.399946	254.124399	16.232924	10.857240	-1	###LINE###
5	6	5	0	8	0	329.40	254.12	16.23	10.86	100	523
4	6	5	0	9	0	321.239938	267.324398	24.339653	10.857240	-1	###LINE###
5	6	5	0	9	0	321.24	267.32	24.34	10.86	100	2,064
4	6	5	0	10	0	321.239938	280.404402	24.339653	10.857240	-1	###LINE###
5	6	5	0	10	0	321.24	280.40	24.34	10.86	100	1,038
4	6	5	0	11	0	321.239938	293.604401	24.339653	10.857240	-1	###LINE###
5	6	5	0	11	0	321.24	293.60	24.34	10.86	100	1,248
4	6	5	0	12	0	321.239938	306.804400	24.339653	10.857240	-1	###LINE###
5	6	5	0	12	0	321.24	306.80	24.34	10.86	100	1,709
4	6	5	0	13	0	329.399946	320.004399	16.232924	10.857240	-1	###LINE###
5	6	5	0	13	0	329.40	320.00	16.23	10.86	100	307
4	6	5	0	14	0	321.239938	333.084401	24.339653	10.857240	-1	###LINE###
5	6	5	0	14	0	321.24	333.08	24.34	10.86	100	1,273
4	6	5	0	15	0	329.399946	346.284400	16.232924	10.857240	-1	###LINE###
5	6	5	0	15	0	329.40	346.28	16.23	10.86	100	459
4	6	5	0	16	0	321.239938	359.484384	24.339653	10.857240	-1	###LINE###
5	6	5	0	16	0	321.24	359.48	24.34	10.86	100	2,019
4	6	5	0	17	0	329.399946	372.684383	16.232924	10.857240	-1	###LINE###
5	6	5	0	17	0	329.40	372.68	16.23	10.86	100	146
4	6	5	0	18	0	329.399946	385.764387	16.232924	10.857240	-1	###LINE###
5	6	5	0	18	0	329.40	385.76	16.23	10.86	100	644
4	6	5	0	19	0	321.239938	398.964386	24.339653	10.857240	-1	###LINE###
5	6	5	0	19	0	321.24	398.96	24.34	10.86	100	1,056
4	6	5	0	20	0	321.239938	412.164385	24.339653	10.857240	-1	###LINE###
5	6	5	0	20	0	321.24	412.16	24.34	10.86	100	3,152
4	6	5	0	21	0	329.399946	425.364384	16.232924	10.857240	-1	###LINE###
5	6	5	0	21	0	329.40	425.36	16.23	10.86	100	133
4	6	5	0	22	0	329.399946	438.444386	16.232924	10.857240	-1	###LINE###
5	6	5	0	22	0	329.40	438.44	16.23	10.86	100	599
4	6	5	0	23	0	329.399946	451.644386	16.232924	10.857240	-1	###LINE###
5	6	5	0	23	0	329.40	451.64	16.23	10.86	100	886
4	6	5	0	24	0	329.399946	464.844385	16.232924	10.857240	-1	###LINE###
5	6	5	0	24	0	329.40	464.84	16.23	10.86	100	138
4	6	5	0	25	0	321.239938	478.044384	24.339653	10.857240	-1	###LINE###
5	6	5	0	25	0	321.24	478.04	24.34	10.86	100	1,648
4	6	5	0	26	0	321.239938	491.124387	24.339653	10.857240	-1	###LINE###
5	6	5	0	26	0	321.24	491.12	24.34	10.86	100	1,588
4	6	5	0	27	0	329.399946	504.324386	16.232924	10.857240	-1	###LINE###
5	6	5	0	27	0	329.40	504.32	16.23	10.86	100	144
4	6	5	0	28	0	334.799943	517.524355	10.821949	10.857240	-1	###LINE###
5	6	5	0	28	0	334.80	517.52	10.82	10.86	100	69
4	6	5	0	29	0	329.399946	530.724354	16.232924	10.857240	-1	###LINE###
5	6	5	0	29	0	329.40	530.72	16.23	10.86	100	200
4	6	5	0	30	0	334.799943	543.924349	10.821949	10.857240	-1	###LINE###
5	6	5	0	30	0	334.80	543.92	10.82	10.86	100	76
3	6	6	0	0	0	372.839939	150.564402	66.508273	404.217187	-1	###FLOW###
4	6	6	0	0	0	372.839939	150.564402	66.508273	10.857240	-1	###LINE###
5	6	6	0	0	0	372.84	150.56	31.38	10.86	100	Joshua
5	6	6	0	0	1	406.85	150.56	32.50	10.86	100	Wesley
4	6	6	0	1	0	373.439955	161.724406	65.690788	10.857240	-1	###LINE###
5	6	6	0	1	0	373.44	161.72	46.86	10.86	100	BLANTON
5	6	6	0	1	1	422.93	161.72	16.20	10.86	100	SR.
4	6	6	0	2	0	428.399953	175.044401	10.821949	10.857240	-1	###LINE###
5	6	6	0	2	0	428.40	175.04	10.82	10.86	100	69
4	6	6	0	3	0	428.399953	188.244401	10.821949	10.857240	-1	###LINE###
5	6	6	0	3	0	428.40	188.24	10.82	10.86	100	75
4	6	6	0	4	0	422.999924	201.444400	16.232924	10.857240	-1	###LINE###
5	6	6	0	4	0	423.00	201.44	16.23	10.86	100	225
4	6	6	0	5	0	422.999924	214.644399	16.232924	10.857240	-1	###LINE###
5	6	6	0	5	0	423.00	214.64	16.23	10.86	100	196
4	6	6	0	6	0	422.999924	227.724401	16.232924	10.857240	-1	###LINE###
5	6	6	0	6	0	423.00	227.72	16.23	10.86	100	216
4	6	6	0	7	0	422.999924	240.924400	16.232924	10.857240	-1	###LINE###
5	6	6	0	7	0	423.00	240.92	16.23	10.86	100	313
4	6	6	0	8	0	422.999924	254.124399	16.232924	10.857240	-1	###LINE###
5	6	6	0	8	0	423.00	254.12	16.23	10.86	100	217
4	6	6	0	9	0	422.999924	267.324398	16.232924	10.857240	-1	###LINE###
5	6	6	0	9	0	423.00	267.32	16.23	10.86	100	137
4	6	6	0	10	0	422.999924	280.404402	16.232924	10.857240	-1	###LINE###
5	6	6	0	10	0	423.00	280.40	16.23	10.86	100	191
4	6	6	0	11	0	422.999924	293.604401	16.232924	10.857240	-1	###LINE###
5	6	6	0	11	0	423.00	293.60	16.23	10.86	100	404
4	6	6	0	12	0	422.999924	306.804400	16.232924	10.857240	-1	###LINE###
5	6	6	0	12	0	423.00	306.80	16.23	10.86	100	184
4	6	6	0	13	0	428.399953	320.004399	10.821949	10.857240	-1	###LINE###
5	6	6	0	13	0	428.40	320.00	10.82	10.86	100	86
4	6	6	0	14	0	414.839947	333.084401	24.339653	10.857240	-1	###LINE###
5	6	6	0	14	0	414.84	333.08	24.34	10.86	100	1,365
4	6	6	0	15	0	422.999924	346.284400	16.232924	10.857240	-1	###LINE###
5	6	6	0	15	0	423.00	346.28	16.23	10.86	100	106
4	6	6	0	16	0	422.999924	359.484384	16.232924	10.857240	-1	###LINE###
5	6	6	0	16	0	423.00	359.48	16.23	10.86	100	391
4	6	6	0	17	0	428.399953	372.684383	10.821949	10.857240	-1	###LINE###
5	6	6	0	17	0	428.40	372.68	10.82	10.86	100	24
4	6	6	0	18	0	422.999924	385.764387	16.232924	10.857240	-1	###LINE###
5	6	6	0	18	0	423.00	385.76	16.23	10.86	100	213
4	6	6	0	19	0	422.999924	398.964386	16.232924	10.857240	-1	###LINE###
5	6	6	0	19	0	423.00	398.96	16.23	10.86	100	179
4	6	6	0	20	0	422.999924	412.164385	16.232924	10.857240	-1	###LINE###
5	6	6	0	20	0	423.00	412.16	16.23	10.86	100	184
4	6	6	0	21	0	428.399953	425.364384	10.821949	10.857240	-1	###LINE###
5	6	6	0	21	0	428.40	425.36	10.82	10.86	100	53
4	6	6	0	22	0	422.999924	438.444386	16.232924	10.857240	-1	###LINE###
5	6	6	0	22	0	423.00	438.44	16.23	10.86	100	177
4	6	6	0	23	0	422.999924	451.644386	16.232924	10.857240	-1	###LINE###
5	6	6	0	23	0	423.00	451.64	16.23	10.86	100	288
4	6	6	0	24	0	428.399953	464.844385	10.821949	10.857240	-1	###LINE###
5	6	6	0	24	0	428.40	464.84	10.82	10.86	100	31
4	6	6	0	25	0	422.999924	478.044384	16.232924	10.857240	-1	###LINE###
5	6	6	0	25	0	423.00	478.04	16.23	10.86	100	467
4	6	6	0	26	0	422.999924	491.124387	16.232924	10.857240	-1	###LINE###
5	6	6	0	26	0	423.00	491.12	16.23	10.86	100	248
4	6	6	0	27	0	428.399953	504.324386	10.821949	10.857240	-1	###LINE###
5	6	6	0	27	0	428.40	504.32	10.82	10.86	100	35
4	6	6	0	28	0	428.399953	517.524355	10.821949	10.857240	-1	###LINE###
5	6	6	0	28	0	428.40	517.52	10.82	10.86	100	26
4	6	6	0	29	0	428.399953	530.724354	10.821949	10.857240	-1	###LINE###
5	6	6	0	29	0	428.40	530.72	10.82	10.86	100	64
4	6	6	0	30	0	428.399953	543.924349	10.821949	10.857240	-1	###LINE###
5	6	6	0	30	0	428.40	543.92	10.82	10.86	100	24
3	6	7	0	0	0	489.839928	150.564402	43.073693	404.217187	-1	###FLOW###
4	6	7	0	0	0	511.679931	150.564402	21.098908	10.857240	-1	###LINE###
5	6	7	0	0	0	511.68	150.56	21.10	10.86	100	John
4	6	7	0	1	0	489.839928	161.724406	43.073693	10.857240	-1	###LINE###
5	6	7	0	1	0	489.84	161.72	43.07	10.86	100	MERRILL
4	6	7	0	2	0	521.999931	175.044401	10.821949	10.857240	-1	###LINE###
5	6	7	0	2	0	522.00	175.04	10.82	10.86	100	44
4	6	7	0	3	0	521.999931	188.244401	10.821949	10.857240	-1	###LINE###
5	6	7	0	3	0	522.00	188.24	10.82	10.86	100	66
4	6	7	0	4	0	516.599903	201.444400	16.232924	10.857240	-1	###LINE###
5	6	7	0	4	0	516.60	201.44	16.23	10.86	100	194
4	6	7	0	5	0	516.599903	214.644399	16.232924	10.857240	-1	###LINE###
5	6	7	0	5	0	516.60	214.64	16.23	10.86	100	240
4	6	7	0	6	0	516.599903	227.724401	16.232924	10.857240	-1	###LINE###
5	6	7	0	6	0	516.60	227.72	16.23	10.86	100	243
4	6	7	0	7	0	516.599903	240.924400	16.232924	10.857240	-1	###LINE###
5	6	7	0	7	0	516.60	240.92	16.23	10.86	100	247
4	6	7	0	8	0	516.599903	254.124399	16.232924	10.857240	-1	###LINE###
5	6	7	0	8	0	516.60	254.12	16.23	10.86	100	137
4	6	7	0	9	0	516.599903	267.324398	16.232924	10.857240	-1	###LINE###
5	6	7	0	9	0	516.60	267.32	16.23	10.86	100	301
4	6	7	0	10	0	516.599903	280.404402	16.232924	10.857240	-1	###LINE###
5	6	7	0	10	0	516.60	280.40	16.23	10.86	100	192
4	6	7	0	11	0	516.599903	293.604401	16.232924	10.857240	-1	###LINE###
5	6	7	0	11	0	516.60	293.60	16.23	10.86	100	180
4	6	7	0	12	0	516.599903	306.804400	16.232924	10.857240	-1	###LINE###
5	6	7	0	12	0	516.60	306.80	16.23	10.86	100	159
4	6	7	0	13	0	516.599903	320.004399	16.232924	10.857240	-1	###LINE###
5	6	7	0	13	0	516.60	320.00	16.23	10.86	100	192
4	6	7	0	14	0	516.599903	333.084401	16.232924	10.857240	-1	###LINE###
5	6	7	0	14	0	516.60	333.08	16.23	10.86	100	517
4	6	7	0	15	0	516.599903	346.284400	16.232924	10.857240	-1	###LINE###
5	6	7	0	15	0	516.60	346.28	16.23	10.86	100	142
4	6	7	0	16	0	516.599903	359.484384	16.232924	10.857240	-1	###LINE###
5	6	7	0	16	0	516.60	359.48	16.23	10.86	100	500
4	6	7	0	17	0	521.999931	372.684383	10.821949	10.857240	-1	###LINE###
5	6	7	0	17	0	522.00	372.68	10.82	10.86	100	23
4	6	7	0	18	0	516.599903	385.764387	16.232924	10.857240	-1	###LINE###
5	6	7	0	18	0	516.60	385.76	16.23	10.86	100	201
4	6	7	0	19	0	516.599903	398.964386	16.232924	10.857240	-1	###LINE###
5	6	7	0	19	0	516.60	398.96	16.23	10.86	100	233
4	6	7	0	20	0	516.599903	412.164385	16.232924	10.857240	-1	###LINE###
5	6	7	0	20	0	516.60	412.16	16.23	10.86	100	485
4	6	7	0	21	0	521.999931	425.364384	10.821949	10.857240	-1	###LINE###
5	6	7	0	21	0	522.00	425.36	10.82	10.86	100	44
4	6	7	0	22	0	516.599903	438.444386	16.232924	10.857240	-1	###LINE###
5	6	7	0	22	0	516.60	438.44	16.23	10.86	100	289
4	6	7	0	23	0	516.599903	451.644386	16.232924	10.857240	-1	###LINE###
5	6	7	0	23	0	516.60	451.64	16.23	10.86	100	220
4	6	7	0	24	0	521.999931	464.844385	10.821949	10.857240	-1	###LINE###
5	6	7	0	24	0	522.00	464.84	10.82	10.86	100	13
4	6	7	0	25	0	516.599903	478.044384	16.232924	10.857240	-1	###LINE###
5	6	7	0	25	0	516.60	478.04	16.23	10.86	100	337
4	6	7	0	26	0	516.599903	491.124387	16.232924	10.857240	-1	###LINE###
5	6	7	0	26	0	516.60	491.12	16.23	10.86	100	249
4	6	7	0	27	0	521.999931	504.324386	10.821949	10.857240	-1	###LINE###
5	6	7	0	27	0	522.00	504.32	10.82	10.86	100	21
4	6	7	0	28	0	521.999931	517.524355	10.821949	10.857240	-1	###LINE###
5	6	7	0	28	0	522.00	517.52	10.82	10.86	100	21
4	6	7	0	29	0	521.999931	530.724354	10.821949	10.857240	-1	###LINE###
5	6	7	0	29	0	522.00	530.72	10.82	10.86	100	47
4	6	7	0	30	0	527.399898	543.924349	5.410975	10.857240	-1	###LINE###
5	6	7	0	30	0	527.40	543.92	5.41	10.86	100	8
3	6	8	0	0	0	604.679924	150.564402	21.752881	404.217187	-1	###FLOW###
4	6	8	0	0	0	605.879895	150.564402	20.544186	10.857240	-1	###LINE###
5	6	8	0	0	0	605.88	150.56	20.54	10.86	100	Ruth
4	6	8	0	1	0	604.679924	161.724406	21.712022	10.857240	-1	###LINE###
5	6	8	0	1	0	604.68	161.72	21.71	10.86	100	GAO
4	6	8	0	2	0	615.599910	175.044401	10.821949	10.857240	-1	###LINE###
5	6	8	0	2	0	615.60	175.04	10.82	10.86	100	30
4	6	8	0	3	0	615.599910	188.244401	10.821949	10.857240	-1	###LINE###
5	6	8	0	3	0	615.60	188.24	10.82	10.86	100	48
4	6	8	0	4	0	610.199881	201.444400	16.232924	10.857240	-1	###LINE###
5	6	8	0	4	0	610.20	201.44	16.23	10.86	100	128
4	6	8	0	5	0	610.199881	214.644399	16.232924	10.857240	-1	###LINE###
5	6	8	0	5	0	610.20	214.64	16.23	10.86	100	100
4	6	8	0	6	0	610.199881	227.724401	16.232924	10.857240	-1	###LINE###
5	6	8	0	6	0	610.20	227.72	16.23	10.86	100	127
4	6	8	0	7	0	610.199881	240.924400	16.232924	10.857240	-1	###LINE###
5	6	8	0	7	0	610.20	240.92	16.23	10.86	100	112
4	6	8	0	8	0	615.599910	254.124399	10.821949	10.857240	-1	###LINE###
5	6	8	0	8	0	615.60	254.12	10.82	10.86	100	78
4	6	8	0	9	0	610.199881	267.324398	16.232924	10.857240	-1	###LINE###
5	6	8	0	9	0	610.20	267.32	16.23	10.86	100	277
4	6	8	0	10	0	610.199881	280.404402	16.232924	10.857240	-1	###LINE###
5	6	8	0	10	0	610.20	280.40	16.23	10.86	100	144
4	6	8	0	11	0	610.199881	293.604401	16.232924	10.857240	-1	###LINE###
5	6	8	0	11	0	610.20	293.60	16.23	10.86	100	135
4	6	8	0	12	0	610.199881	306.804400	16.232924	10.857240	-1	###LINE###
5	6	8	0	12	0	610.20	306.80	16.23	10.86	100	106
4	6	8	0	13	0	615.599910	320.004399	10.821949	10.857240	-1	###LINE###
5	6	8	0	13	0	615.60	320.00	10.82	10.86	100	64
4	6	8	0	14	0	610.199881	333.084401	16.232924	10.857240	-1	###LINE###
5	6	8	0	14	0	610.20	333.08	16.23	10.86	100	193
4	6	8	0	15	0	615.599910	346.284400	10.821949	10.857240	-1	###LINE###
5	6	8	0	15	0	615.60	346.28	10.82	10.86	100	70
4	6	8	0	16	0	610.199881	359.484384	16.232924	10.857240	-1	###LINE###
5	6	8	0	16	0	610.20	359.48	16.23	10.86	100	323
4	6	8	0	17	0	615.599910	372.684383	10.821949	10.857240	-1	###LINE###
5	6	8	0	17	0	615.60	372.68	10.82	10.86	100	22
4	6	8	0	18	0	615.599910	385.764387	10.821949	10.857240	-1	###LINE###
5	6	8	0	18	0	615.60	385.76	10.82	10.86	100	95
4	6	8	0	19	0	610.199881	398.964386	16.232924	10.857240	-1	###LINE###
5	6	8	0	19	0	610.20	398.96	16.23	10.86	100	137
4	6	8	0	20	0	610.199881	412.164385	16.232924	10.857240	-1	###LINE###
5	6	8	0	20	0	610.20	412.16	16.23	10.86	100	387
4	6	8	0	21	0	615.599910	425.364384	10.821949	10.857240	-1	###LINE###
5	6	8	0	21	0	615.60	425.36	10.82	10.86	100	25
4	6	8	0	22	0	610.199881	438.444386	16.232924	10.857240	-1	###LINE###
5	6	8	0	22	0	610.20	438.44	16.23	10.86	100	110
4	6	8	0	23	0	610.199881	451.644386	16.232924	10.857240	-1	###LINE###
5	6	8	0	23	0	610.20	451.64	16.23	10.86	100	119
4	6	8	0	24	0	615.599910	464.844385	10.821949	10.857240	-1	###LINE###
5	6	8	0	24	0	615.60	464.84	10.82	10.86	100	13
4	6	8	0	25	0	610.199881	478.044384	16.232924	10.857240	-1	###LINE###
5	6	8	0	25	0	610.20	478.04	16.23	10.86	100	237
4	6	8	0	26	0	610.199881	491.124387	16.232924	10.857240	-1	###LINE###
5	6	8	0	26	0	610.20	491.12	16.23	10.86	100	170
4	6	8	0	27	0	620.999877	504.324386	5.410975	10.857240	-1	###LINE###
5	6	8	0	27	0	621.00	504.32	5.41	10.86	100	7
4	6	8	0	28	0	615.599910	517.524355	10.821949	10.857240	-1	###LINE###
5	6	8	0	28	0	615.60	517.52	10.82	10.86	100	17
4	6	8	0	29	0	615.599910	530.724354	10.821949	10.857240	-1	###LINE###
5	6	8	0	29	0	615.60	530.72	10.82	10.86	100	29
4	6	8	0	30	0	615.599910	543.924349	10.821949	10.857240	-1	###LINE###
5	6	8	0	30	0	615.60	543.92	10.82	10.86	100	13
1	7	0	0	0	0	0.000000	0.000000	792.000000	612.000000	-1	###PAGE###
3	7	0	0	0	0	35.999994	54.115290	161.658823	13.404001	-1	###FLOW###
4	7	0	0	0	0	35.999994	54.115290	161.658823	13.404001	-1	###LINE###
5	7	0	0	0	0	36.00	54.12	89.57	13.40	100	Commonwealth
5	7	0	0	0	1	128.96	54.12	11.33	13.40	100	of
5	7	0	0	0	2	143.60	54.12	54.05	13.40	100	Kentucky
3	7	1	0	0	0	165.599967	114.444414	47.501739	432.417192	-1	###FLOW###
4	7	1	0	0	0	165.599967	114.444414	34.606880	10.857240	-1	###LINE###
5	7	1	0	0	0	165.60	114.44	34.61	10.86	100	Daviess
4	7	1	0	1	0	165.599967	127.644413	46.411758	10.857240	-1	###LINE###
5	7	1	0	1	0	165.60	127.64	46.41	10.86	100	Edmonson
4	7	1	0	2	0	165.599967	140.844412	23.765467	10.857240	-1	###LINE###
5	7	1	0	2	0	165.60	140.84	23.77	10.86	100	Elliott
4	7	1	0	3	0	165.599967	154.044411	20.631773	10.857240	-1	###LINE###
5	7	1	0	3	0	165.60	154.04	20.63	10.86	100	Estill
4	7	1	0	4	0	165.599967	167.124414	32.290672	10.857240	-1	###LINE###
5	7	1	0	4	0	165.60	167.12	32.29	10.86	100	Fayette
4	7	1	0	5	0	165.599967	180.324414	34.460901	10.857240	-1	###LINE###
5	7	1	0	5	0	165.60	180.32	34.46	10.86	100	Fleming
4	7	1	0	6	0	165.599967	193.524413	23.522168	10.857240	-1	###LINE###
5	7	1	0	6	0	165.60	193.52	23.52	10.86	100	Floyd
4	7	1	0	7	0	165.599967	206.724412	34.597148	10.857240	-1	###LINE###
5	7	1	0	7	0	165.60	206.72	34.60	10.86	100	Franklin
4	7	1	0	8	0	165.599967	219.804414	27.025677	10.857240	-1	###LINE###
5	7	1	0	8	0	165.60	219.80	27.03	10.86	100	Fulton
4	7	1	0	9	0	165.599967	233.004413	32.971909	10.857240	-1	###LINE###
5	7	1	0	9	0	165.60	233.00	32.97	10.86	100	Gallatin
4	7	1	0	10	0	165.599967	246.204412	33.516900	10.857240	-1	###LINE###
5	7	1	0	10	0	165.60	246.20	33.52	10.86	100	Garrard
4	7	1	0	11	0	165.599967	259.404381	24.320189	10.857240	-1	###LINE###
5	7	1	0	11	0	165.60	259.40	24.32	10.86	100	Grant
4	7	1	0	12	0	165.599967	272.484384	31.356403	10.857240	-1	###LINE###
5	7	1	0	12	0	165.60	272.48	31.36	10.86	100	Graves
4	7	1	0	13	0	165.599967	285.684383	36.563006	10.857240	-1	###LINE###
5	7	1	0	13	0	165.60	285.68	36.56	10.86	100	Grayson
4	7	1	0	14	0	165.599967	298.884382	27.035409	10.857240	-1	###LINE###
5	7	1	0	14	0	165.60	298.88	27.04	10.86	100	Green
4	7	1	0	15	0	165.599967	312.084381	37.857358	10.857240	-1	###LINE###
5	7	1	0	15	0	165.60	312.08	37.86	10.86	100	Greenup
4	7	1	0	16	0	165.599967	325.164384	37.857358	10.857240	-1	###LINE###
5	7	1	0	16	0	165.60	325.16	37.86	10.86	100	Hancock
4	7	1	0	17	0	165.599967	338.364383	28.563328	10.857240	-1	###LINE###
5	7	1	0	17	0	165.60	338.36	28.56	10.86	100	Hardin
4	7	1	0	18	0	165.599967	351.564367	28.563328	10.857240	-1	###LINE###
5	7	1	0	18	0	165.60	351.56	28.56	10.86	100	Harlan
4	7	1	0	19	0	165.599967	364.764366	36.767377	10.857240	-1	###LINE###
5	7	1	0	19	0	165.60	364.76	36.77	10.86	100	Harrison
4	7	1	0	20	0	165.599967	377.844369	18.373957	10.857240	-1	###LINE###
5	7	1	0	20	0	165.60	377.84	18.37	10.86	100	Hart
4	7	1	0	21	0	165.599967	391.044368	47.501739	10.857240	-1	###LINE###
5	7	1	0	21	0	165.60	391.04	47.50	10.86	100	Henderson
4	7	1	0	22	0	165.599967	404.244367	25.857840	10.857240	-1	###LINE###
5	7	1	0	22	0	165.60	404.24	25.86	10.86	100	Henry
4	7	1	0	23	0	165.599967	417.444397	37.847626	10.857240	-1	###LINE###
5	7	1	0	23	0	165.60	417.44	37.85	10.86	100	Hickman
4	7	1	0	24	0	165.599967	430.524369	35.054551	10.857240	-1	###LINE###
5	7	1	0	24	0	165.60	430.52	35.05	10.86	100	Hopkins
4	7	1	0	25	0	165.599967	443.724398	35.842840	10.857240	-1	###LINE###
5	7	1	0	25	0	165.60	443.72	35.84	10.86	100	Jackson
4	7	1	0	26	0	165.599967	456.924398	40.212494	10.857240	-1	###LINE###
5	7	1	0	26	0	165.60	456.92	40.21	10.86	100	Jefferson
4	7	1	0	27	0	165.599967	470.124397	46.655057	10.857240	-1	###LINE###
5	7	1	0	27	0	165.60	470.12	46.66	10.86	100	Jessamine
4	7	1	0	28	0	165.599967	483.204400	36.786841	10.857240	-1	###LINE###
5	7	1	0	28	0	165.60	483.20	36.79	10.86	100	Johnson
4	7	1	0	29	0	165.599967	496.404399	30.821144	10.857240	-1	###LINE###
5	7	1	0	29	0	165.60	496.40	30.82	10.86	100	Kenton
4	7	1	0	30	0	165.599967	509.604398	22.694951	10.857240	-1	###LINE###
5	7	1	0	30	0	165.60	509.60	22.69	10.86	100	Knott
4	7	1	0	31	0	165.599967	522.804367	22.169424	10.857240	-1	###LINE###
5	7	1	0	31	0	165.60	522.80	22.17	10.86	100	Knox
4	7	1	0	32	0	165.599967	536.004366	24.884644	10.857240	-1	###LINE###
5	7	1	0	32	0	165.60	536.00	24.88	10.86	100	Larue
3	7	2	0	0	0	289.919964	54.115290	211.964694	13.404001	-1	###FLOW###
4	7	2	0	0	0	289.919964	54.115290	211.964694	13.404001	-1	###LINE###
5	7	2	0	0	0	289.92	54.12	44.03	13.40	100	Michael
5	7	2	0	0	1	337.40	54.12	12.66	13.40	100	G.
5	7	2	0	0	2	353.48	54.12	43.01	13.40	100	Adams,
5	7	2	0	0	3	399.93	54.12	54.90	13.40	100	Secretary
5	7	2	0	0	4	457.89	54.12	11.33	13.40	100	of
5	7	2	0	0	5	472.52	54.12	29.36	13.40	100	State
3	7	2	1	0	0	303.119965	89.964445	42.538435	456.897162	-1	###FLOW###
4	7	2	1	0	0	312.119941	89.964445	33.429312	10.857240	-1	###LINE###
5	7	2	1	0	0	312.12	89.96	33.43	10.86	100	Charles
4	7	2	1	1	0	303.119965	101.124419	42.538435	10.857240	-1	###LINE###
5	7	2	1	1	0	303.12	101.12	42.54	10.86	100	BOOKER
4	7	2	1	2	0	321.239938	114.444414	24.339653	10.857240	-1	###LINE###
5	7	2	1	2	0	321.24	114.44	24.34	10.86	100	4,445
4	7	2	1	3	0	329.399946	127.644413	16.232924	10.857240	-1	###LINE###
5	7	2	1	3	0	329.40	127.64	16.23	10.86	100	199
4	7	2	1	4	0	329.399946	140.844412	16.232924	10.857240	-1	###LINE###
5	7	2	1	4	0	329.40	140.84	16.23	10.86	100	464
4	7	2	1	5	0	329.399946	154.044411	16.232924	10.857240	-1	###LINE###
5	7	2	1	5	0	329.40	154.04	16.23	10.86	100	330
4	7	2	1	6	0	315.839940	167.124414	29.750628	10.857240	-1	###LINE###
5	7	2	1	6	0	315.84	167.12	29.75	10.86	100	25,879
4	7	2	1	7	0	329.399946	180.324414	16.232924	10.857240	-1	###LINE###
5	7	2	1	7	0	329.40	180.32	16.23	10.86	100	423
4	7	2	1	8	0	321.239938	193.524413	24.339653	10.857240	-1	###LINE###
5	7	2	1	8	0	321.24	193.52	24.34	10.86	100	2,672
4	7	2	1	9	0	321.239938	206.724412	24.339653	10.857240	-1	###LINE###
5	7	2	1	9	0	321.24	206.72	24.34	10.86	100	6,218
4	7	2	1	10	0	329.399946	219.804414	16.232924	10.857240	-1	###LINE###
5	7	2	1	10	0	329.40	219.80	16.23	10.86	100	291
4	7	2	1	11	0	329.399946	233.004413	16.232924	10.857240	-1	###LINE###
5	7	2	1	11	0	329.40	233.00	16.23	10.86	100	254
4	7	2	1	12	0	329.399946	246.204412	16.232924	10.857240	-1	###LINE###
5	7	2	1	12	0	329.40	246.20	16.23	10.86	100	359
4	7	2	1	13	0	329.399946	259.404381	16.232924	10.857240	-1	###LINE###
5	7	2	1	13	0	329.40	259.40	16.23	10.86	100	361
4	7	2	1	14	0	329.399946	272.484384	16.232924	10.857240	-1	###LINE###
5	7	2	1	14	0	329.40	272.48	16.23	10.86	100	789
4	7	2	1	15	0	329.399946	285.684383	16.232924	10.857240	-1	###LINE###
5	7	2	1	15	0	329.40	285.68	16.23	10.86	100	392
4	7	2	1	16	0	329.399946	298.884382	16.232924	10.857240	-1	###LINE###
5	7	2	1	16	0	329.40	298.88	16.23	10.86	100	210
4	7	2	1	17	0	321.239938	312.084381	24.339653	10.857240	-1	###LINE###
5	7	2	1	17	0	321.24	312.08	24.34	10.86	100	1,247
4	7	2	1	18	0	329.399946	325.164384	16.232924	10.857240	-1	###LINE###
5	7	2	1	18	0	329.40	325.16	16.23	10.86	100	327
4	7	2	1	19	0	321.239938	338.364383	24.339653	10.857240	-1	###LINE###
5	7	2	1	19	0	321.24	338.36	24.34	10.86	100	3,488
4	7	2	1	20	0	329.399946	351.564367	16.232924	10.857240	-1	###LINE###
5	7	2	1	20	0	329.40	351.56	16.23	10.86	100	563
4	7	2	1	21	0	329.399946	364.764366	16.232924	10.857240	-1	###LINE###
5	7	2	1	21	0	329.40	364.76	16.23	10.86	100	843
4	7	2	1	22	0	329.399946	377.844369	16.232924	10.857240	-1	###LINE###
5	7	2	1	22	0	329.40	377.84	16.23	10.86	100	582
4	7	2	1	23	0	321.239938	391.044368	24.339653	10.857240	-1	###LINE###
5	7	2	1	23	0	321.24	391.04	24.34	10.86	100	1,686
4	7	2	1	24	0	329.399946	404.244367	16.232924	10.857240	-1	###LINE###
5	7	2	1	24	0	329.40	404.24	16.23	10.86	100	614
4	7	2	1	25	0	329.399946	417.444397	16.232924	10.857240	-1	###LINE###
5	7	2	1	25	0	329.40	417.44	16.23	10.86	100	187
4	7	2	1	26	0	321.239938	430.524369	24.339653	10.857240	-1	###LINE###
5	7	2	1	26	0	321.24	430.52	24.34	10.86	100	1,445
4	7	2	1	27	0	334.799943	443.724398	10.821949	10.857240	-1	###LINE###
5	7	2	1	27	0	334.80	443.72	10.82	10.86	100	61
4	7	2	1	28	0	315.839940	456.924398	29.750628	10.857240	-1	###LINE###
5	7	2	1	28	0	315.84	456.92	29.75	10.86	100	73,194
4	7	2	1	29	0	321.239938	470.124397	24.339653	10.857240	-1	###LINE###
5	7	2	1	29	0	321.24	470.12	24.34	10.86	100	1,755
4	7	2	1	30	0	329.399946	483.204400	16.232924	10.857240	-1	###LINE###
5	7	2	1	30	0	329.40	483.20	16.23	10.86	100	351
4	7	2	1	31	0	321.239938	496.404399	24.339653	10.857240	-1	###LINE###
5	7	2	1	31	0	321.24	496.40	24.34	10.86	100	4,395
4	7	2	1	32	0	329.399946	509.604398	16.232924	10.857240	-1	###LINE###
5	7	2	1	32	0	329.40	509.60	16.23	10.86	100	927
4	7	2	1	33	0	329.399946	522.804367	16.232924	10.857240	-1	###LINE###
5	7	2	1	33	0	329.40	522.80	16.23	10.86	100	317
4	7	2	1	34	0	329.399946	536.004366	16.232924	10.857240	-1	###LINE###
5	7	2	1	34	0	329.40	536.00	16.23	10.86	100	664
3	7	3	0	0	0	372.839939	89.964445	66.508273	456.897162	-1	###FLOW###
4	7	3	0	0	0	372.839939	89.964445	66.508273	10.857240	-1	###LINE###
5	7	3	0	0	0	372.84	89.96	31.38	10.86	100	Joshua
5	7	3	0	0	1	406.85	89.96	32.50	10.86	100	Wesley
4	7	3	0	1	0	373.439955	101.124419	65.690788	10.857240	-1	###LINE###
5	7	3	0	1	0	373.44	101.12	46.86	10.86	100	BLANTON
5	7	3	0	1	1	422.93	101.12	16.20	10.86	100	SR.
4	7	3	0	2	0	422.999924	114.444414	16.232924	10.857240	-1	###LINE###
5	7	3	0	2	0	423.00	114.44	16.23	10.86	100	537
4	7	3	0	3	0	428.399953	127.644413	10.821949	10.857240	-1	###LINE###
5	7	3	0	3	0	428.40	127.64	10.82	10.86	100	47
4	7	3	0	4	0	422.999924	140.844412	16.232924	10.857240	-1	###LINE###
5	7	3	0	4	0	423.00	140.84	16.23	10.86	100	340
4	7	3	0	5	0	428.399953	154.044411	10.821949	10.857240	-1	###LINE###
5	7	3	0	5	0	428.40	154.04	10.82	10.86	100	85
4	7	3	0	6	0	422.999924	167.124414	16.232924	10.857240	-1	###LINE###
5	7	3	0	6	0	423.00	167.12	16.23	10.86	100	781
4	7	3	0	7	0	428.399953	180.324414	10.821949	10.857240	-1	###LINE###
5	7	3	0	7	0	428.40	180.32	10.82	10.86	100	97
4	7	3	0	8	0	414.839947	193.524413	24.339653	10.857240	-1	###LINE###
5	7	3	0	8	0	414.84	193.52	24.34	10.86	100	1,791
4	7	3	0	9	0	422.999924	206.724412	16.232924	10.857240	-1	###LINE###
5	7	3	0	9	0	423.00	206.72	16.23	10.86	100	850
4	7	3	0	10	0	422.999924	219.804414	16.232924	10.857240	-1	###LINE###
5	7	3	0	10	0	423.00	219.80	16.23	10.86	100	116
4	7	3	0	11	0	428.399953	233.004413	10.821949	10.857240	-1	###LINE###
5	7	3	0	11	0	428.40	233.00	10.82	10.86	100	71
4	7	3	0	12	0	428.399953	246.204412	10.821949	10.857240	-1	###LINE###
5	7	3	0	12	0	428.40	246.20	10.82	10.86	100	17
4	7	3	0	13	0	428.399953	259.404381	10.821949	10.857240	-1	###LINE###
5	7	3	0	13	0	428.40	259.40	10.82	10.86	100	73
4	7	3	0	14	0	422.999924	272.484384	16.232924	10.857240	-1	###LINE###
5	7	3	0	14	0	423.00	272.48	16.23	10.86	100	214
4	7	3	0	15	0	428.399953	285.684383	10.821949	10.857240	-1	###LINE###
5	7	3	0	15	0	428.40	285.68	10.82	10.86	100	90
4	7	3	0	16	0	428.399953	298.884382	10.821949	10.857240	-1	###LINE###
5	7	3	0	16	0	428.40	298.88	10.82	10.86	100	33
4	7	3	0	17	0	422.999924	312.084381	16.232924	10.857240	-1	###LINE###
5	7	3	0	17	0	423.00	312.08	16.23	10.86	100	323
4	7	3	0	18	0	428.399953	325.164384	10.821949	10.857240	-1	###LINE###
5	7	3	0	18	0	428.40	325.16	10.82	10.86	100	42
4	7	3	0	19	0	422.999924	338.364383	16.232924	10.857240	-1	###LINE###
5	7	3	0	19	0	423.00	338.36	16.23	10.86	100	404
4	7	3	0	20	0	422.999924	351.564367	16.232924	10.857240	-1	###LINE###
5	7	3	0	20	0	423.00	351.56	16.23	10.86	100	330
4	7	3	0	21	0	422.999924	364.764366	16.232924	10.857240	-1	###LINE###
5	7	3	0	21	0	423.00	364.76	16.23	10.86	100	143
4	7	3	0	22	0	422.999924	377.844369	16.232924	10.857240	-1	###LINE###
5	7	3	0	22	0	423.00	377.84	16.23	10.86	100	131
4	7	3	0	23	0	422.999924	391.044368	16.232924	10.857240	-1	###LINE###
5	7	3	0	23	0	423.00	391.04	16.23	10.86	100	278
4	7	3	0	24	0	422.999924	404.244367	16.232924	10.857240	-1	###LINE###
5	7	3	0	24	0	423.00	404.24	16.23	10.86	100	134
4	7	3	0	25	0	428.399953	417.444397	10.821949	10.857240	-1	###LINE###
5	7	3	0	25	0	428.40	417.44	10.82	10.86	100	72
4	7	3	0	26	0	422.999924	430.524369	16.232924	10.857240	-1	###LINE###
5	7	3	0	26	0	423.00	430.52	16.23	10.86	100	355
4	7	3	0	27	0	433.799949	443.724398	5.410975	10.857240	-1	###LINE###
5	7	3	0	27	0	433.80	443.72	5.41	10.86	100	8
4	7	3	0	28	0	414.839947	456.924398	24.339653	10.857240	-1	###LINE###
5	7	3	0	28	0	414.84	456.92	24.34	10.86	100	3,101
4	7	3	0	29	0	422.999924	470.124397	16.232924	10.857240	-1	###LINE###
5	7	3	0	29	0	423.00	470.12	16.23	10.86	100	211
4	7	3	0	30	0	422.999924	483.204400	16.232924	10.857240	-1	###LINE###
5	7	3	0	30	0	423.00	483.20	16.23	10.86	100	190
4	7	3	0	31	0	422.999924	496.404399	16.232924	10.857240	-1	###LINE###
5	7	3	0	31	0	423.00	496.40	16.23	10.86	100	289
4	7	3	0	32	0	422.999924	509.604398	16.232924	10.857240	-1	###LINE###
5	7	3	0	32	0	423.00	509.60	16.23	10.86	100	956
4	7	3	0	33	0	422.999924	522.804367	16.232924	10.857240	-1	###LINE###
5	7	3	0	33	0	423.00	522.80	16.23	10.86	100	105
4	7	3	0	34	0	422.999924	536.004366	16.232924	10.857240	-1	###LINE###
5	7	3	0	34	0	423.00	536.00	16.23	10.86	100	154
3	7	4	0	0	0	489.839928	89.964445	43.073693	456.897162	-1	###FLOW###
4	7	4	0	0	0	511.679931	89.964445	21.098908	10.857240	-1	###LINE###
5	7	4	0	0	0	511.68	89.96	21.10	10.86	100	John
4	7	4	0	1	0	489.839928	101.124419	43.073693	10.857240	-1	###LINE###
5	7	4	0	1	0	489.84	101.12	43.07	10.86	100	MERRILL
4	7	4	0	2	0	516.599903	114.444414	16.232924	10.857240	-1	###LINE###
5	7	4	0	2	0	516.60	114.44	16.23	10.86	100	644
4	7	4	0	3	0	521.999931	127.644413	10.821949	10.857240	-1	###LINE###
5	7	4	0	3	0	522.00	127.64	10.82	10.86	100	19
4	7	4	0	4	0	516.599903	140.844412	16.232924	10.857240	-1	###LINE###
5	7	4	0	4	0	516.60	140.84	16.23	10.86	100	148
4	7	4	0	5	0	521.999931	154.044411	10.821949	10.857240	-1	###LINE###
5	7	4	0	5	0	522.00	154.04	10.82	10.86	100	56
4	7	4	0	6	0	516.599903	167.124414	16.232924	10.857240	-1	###LINE###
5	7	4	0	6	0	516.60	167.12	16.23	10.86	100	982
4	7	4	0	7	0	516.599903	180.324414	16.232924	10.857240	-1	###LINE###
5	7	4	0	7	0	516.60	180.32	16.23	10.86	100	112
4	7	4	0	8	0	516.599903	193.524413	16.232924	10.857240	-1	###LINE###
5	7	4	0	8	0	516.60	193.52	16.23	10.86	100	859
4	7	4	0	9	0	516.599903	206.724412	16.232924	10.857240	-1	###LINE###
5	7	4	0	9	0	516.60	206.72	16.23	10.86	100	705
4	7	4	0	10	0	521.999931	219.804414	10.821949	10.857240	-1	###LINE###
5	7	4	0	10	0	522.00	219.80	10.82	10.86	100	82
4	7	4	0	11	0	516.599903	233.004413	16.232924	10.857240	-1	###LINE###
5	7	4	0	11	0	516.60	233.00	16.23	10.86	100	163
4	7	4	0	12	0	521.999931	246.204412	10.821949	10.857240	-1	###LINE###
5	7	4	0	12	0	522.00	246.20	10.82	10.86	100	34
4	7	4	0	13	0	516.599903	259.404381	16.232924	10.857240	-1	###LINE###
5	7	4	0	13	0	516.60	259.40	16.23	10.86	100	148
4	7	4	0	14	0	516.599903	272.484384	16.232924	10.857240	-1	###LINE###
5	7	4	0	14	0	516.60	272.48	16.23	10.86	100	249
4	7	4	0	15	0	521.999931	285.684383	10.821949	10.857240	-1	###LINE###
5	7	4	0	15	0	522.00	285.68	10.82	10.86	100	70
4	7	4	0	16	0	521.999931	298.884382	10.821949	10.857240	-1	###LINE###
5	7	4	0	16	0	522.00	298.88	10.82	10.86	100	43
4	7	4	0	17	0	516.599903	312.084381	16.232924	10.857240	-1	###LINE###
5	7	4	0	17	0	516.60	312.08	16.23	10.86	100	422
4	7	4	0	18	0	521.999931	325.164384	10.821949	10.857240	-1	###LINE###
5	7	4	0	18	0	522.00	325.16	10.82	10.86	100	48
4	7	4	0	19	0	516.599903	338.364383	16.232924	10.857240	-1	###LINE###
5	7	4	0	19	0	516.60	338.36	16.23	10.86	100	451
4	7	4	0	20	0	516.599903	351.564367	16.232924	10.857240	-1	###LINE###
5	7	4	0	20	0	516.60	351.56	16.23	10.86	100	186
4	7	4	0	21	0	516.599903	364.764366	16.232924	10.857240	-1	###LINE###
5	7	4	0	21	0	516.60	364.76	16.23	10.86	100	234
4	7	4	0	22	0	516.599903	377.844369	16.232924	10.857240	-1	###LINE###
5	7	4	0	22	0	516.60	377.84	16.23	10.86	100	142
4	7	4	0	23	0	516.599903	391.044368	16.232924	10.857240	-1	###LINE###
5	7	4	0	23	0	516.60	391.04	16.23	10.86	100	310
4	7	4	0	24	0	516.599903	404.244367	16.232924	10.857240	-1	###LINE###
5	7	4	0	24	0	516.60	404.24	16.23	10.86	100	212
4	7	4	0	25	0	521.999931	417.444397	10.821949	10.857240	-1	###LINE###
5	7	4	0	25	0	522.00	417.44	10.82	10.86	100	59
4	7	4	0	26	0	516.599903	430.524369	16.232924	10.857240	-1	###LINE###
5	7	4	0	26	0	516.60	430.52	16.23	10.86	100	416
4	7	4	0	27	0	521.999931	443.724398	10.821949	10.857240	-1	###LINE###
5	7	4	0	27	0	522.00	443.72	10.82	10.86	100	18
4	7	4	0	28	0	508.439927	456.924398	24.339653	10.857240	-1	###LINE###
5	7	4	0	28	0	508.44	456.92	24.34	10.86	100	4,880
4	7	4	0	29	0	516.599903	470.124397	16.232924	10.857240	-1	###LINE###
5	7	4	0	29	0	516.60	470.12	16.23	10.86	100	225
4	7	4	0	30	0	521.999931	483.204400	10.821949	10.857240	-1	###LINE###
5	7	4	0	30	0	522.00	483.20	10.82	10.86	100	52
4	7	4	0	31	0	516.599903	496.404399	16.232924	10.857240	-1	###LINE###
5	7	4	0	31	0	516.60	496.40	16.23	10.86	100	614
4	7	4	0	32	0	516.599903	509.604398	16.232924	10.857240	-1	###LINE###
5	7	4	0	32	0	516.60	509.60	16.23	10.86	100	276
4	7	4	0	33	0	521.999931	522.804367	10.821949	10.857240	-1	###LINE###
5	7	4	0	33	0	522.00	522.80	10.82	10.86	100	73
4	7	4	0	34	0	516.599903	536.004366	16.232924	10.857240	-1	###LINE###
5	7	4	0	34	0	516.60	536.00	16.23	10.86	100	204
3	7	5	0	0	0	584.279905	54.115290	171.619073	13.404001	-1	###FLOW###
4	7	5	0	0	0	584.279905	54.115290	171.619073	13.404001	-1	###LINE###
5	7	5	0	0	0	584.28	54.12	26.72	13.40	100	2022
5	7	5	0	0	1	614.49	54.12	44.86	13.40	100	Primary
5	7	5	0	0	2	662.36	54.12	46.82	13.40	100	Election
5	7	5	0	0	3	712.53	54.12	43.37	13.40	100	Results
3	7	5	1	0	0	602.039875	89.964445	24.392930	456.897162	-1	###FLOW###
4	7	5	1	0	0	605.879895	89.964445	20.544186	10.857240	-1	###LINE###
5	7	5	1	0	0	605.88	89.96	20.54	10.86	100	Ruth
4	7	5	1	1	0	604.679924	101.124419	21.712022	10.857240	-1	###LINE###
5	7	5	1	1	0	604.68	101.12	21.71	10.86	100	GAO
4	7	5	1	2	0	610.199881	114.444414	16.232924	10.857240	-1	###LINE###
5	7	5	1	2	0	610.20	114.44	16.23	10.86	100	447
4	7	5	1	3	0	615.599910	127.644413	10.821949	10.857240	-1	###LINE###
5	7	5	1	3	0	615.60	127.64	10.82	10.86	100	23
4	7	5	1	4	0	615.599910	140.844412	10.821949	10.857240	-1	###LINE###
5	7	5	1	4	0	615.60	140.84	10.82	10.86	100	82
4	7	5	1	5	0	615.599910	154.044411	10.821949	10.857240	-1	###LINE###
5	7	5	1	5	0	615.60	154.04	10.82	10.86	100	35
4	7	5	1	6	0	602.039875	167.124414	24.339653	10.857240	-1	###LINE###
5	7	5	1	6	0	602.04	167.12	24.34	10.86	100	1,285
4	7	5	1	7	0	615.599910	180.324414	10.821949	10.857240	-1	###LINE###
5	7	5	1	7	0	615.60	180.32	10.82	10.86	100	59
4	7	5	1	8	0	610.199881	193.524413	16.232924	10.857240	-1	###LINE###
5	7	5	1	8	0	610.20	193.52	16.23	10.86	100	321
4	7	5	1	9	0	610.199881	206.724412	16.232924	10.857240	-1	###LINE###
5	7	5	1	9	0	610.20	206.72	16.23	10.86	100	483
4	7	5	1	10	0	615.599910	219.804414	10.821949	10.857240	-1	###LINE###
5	7	5	1	10	0	615.60	219.80	10.82	10.86	100	37
4	7	5	1	11	0	615.599910	233.004413	10.821949	10.857240	-1	###LINE###
5	7	5	1	11	0	615.60	233.00	10.82	10.86	100	74
4	7	5	1	12	0	615.599910	246.204412	10.821949	10.857240	-1	###LINE###
5	7	5	1	12	0	615.60	246.20	10.82	10.86	100	44
4	7	5	1	13	0	615.599910	259.404381	10.821949	10.857240	-1	###LINE###
5	7	5	1	13	0	615.60	259.40	10.82	10.86	100	70
4	7	5	1	14	0	615.599910	272.484384	10.821949	10.857240	-1	###LINE###
5	7	5	1	14	0	615.60	272.48	10.82	10.86	100	99
4	7	5	1	15	0	615.599910	285.684383	10.821949	10.857240	-1	###LINE###
5	7	5	1	15	0	615.60	285.68	10.82	10.86	100	49
4	7	5	1	16	0	615.599910	298.884382	10.821949	10.857240	-1	###LINE###
5	7	5	1	16	0	615.60	298.88	10.82	10.86	100	28
4	7	5	1	17	0	610.199881	312.084381	16.232924	10.857240	-1	###LINE###
5	7	5	1	17	0	610.20	312.08	16.23	10.86	100	190
4	7	5	1	18	0	615.599910	325.164384	10.821949	10.857240	-1	###LINE###
5	7	5	1	18	0	615.60	325.16	10.82	10.86	100	39
4	7	5	1	19	0	610.199881	338.364383	16.232924	10.857240	-1	###LINE###
5	7	5	1	19	0	610.20	338.36	16.23	10.86	100	333
4	7	5	1	20	0	615.599910	351.564367	10.821949	10.857240	-1	###LINE###
5	7	5	1	20	0	615.60	351.56	10.82	10.86	100	75
4	7	5	1	21	0	610.199881	364.764366	16.232924	10.857240	-1	###LINE###
5	7	5	1	21	0	610.20	364.76	16.23	10.86	100	105
4	7	5	1	22	0	615.599910	377.844369	10.821949	10.857240	-1	###LINE###
5	7	5	1	22	0	615.60	377.84	10.82	10.86	100	62
4	7	5	1	23	0	610.199881	391.044368	16.232924	10.857240	-1	###LINE###
5	7	5	1	23	0	610.20	391.04	16.23	10.86	100	245
4	7	5	1	24	0	615.599910	404.244367	10.821949	10.857240	-1	###LINE###
5	7	5	1	24	0	615.60	404.24	10.82	10.86	100	79
4	7	5	1	25	0	615.599910	417.444397	10.821949	10.857240	-1	###LINE###
5	7	5	1	25	0	615.60	417.44	10.82	10.86	100	21
4	7	5	1	26	0	610.199881	430.524369	16.232924	10.857240	-1	###LINE###
5	7	5	1	26	0	610.20	430.52	16.23	10.86	100	175
4	7	5	1	27	0	620.999877	443.724398	5.410975	10.857240	-1	###LINE###
5	7	5	1	27	0	621.00	443.72	5.41	10.86	100	8
4	7	5	1	28	0	602.039875	456.924398	24.339653	10.857240	-1	###LINE###
5	7	5	1	28	0	602.04	456.92	24.34	10.86	100	3,441
4	7	5	1	29	0	610.199881	470.124397	16.232924	10.857240	-1	###LINE###
5	7	5	1	29	0	610.20	470.12	16.23	10.86	100	224
4	7	5	1	30	0	615.599910	483.204400	10.821949	10.857240	-1	###LINE###
5	7	5	1	30	0	615.60	483.20	10.82	10.86	100	33
4	7	5	1	31	0	610.199881	496.404399	16.232924	10.857240	-1	###LINE###
5	7	5	1	31	0	610.20	496.40	16.23	10.86	100	536
4	7	5	1	32	0	610.199881	509.604398	16.232924	10.857240	-1	###LINE###
5	7	5	1	32	0	610.20	509.60	16.23	10.86	100	110
4	7	5	1	33	0	615.599910	522.804367	10.821949	10.857240	-1	###LINE###
5	7	5	1	33	0	615.60	522.80	10.82	10.86	100	41
4	7	5	1	34	0	615.599910	536.004366	10.821949	10.857240	-1	###LINE###
5	7	5	1	34	0	615.60	536.00	10.82	10.86	100	99
1	8	0	0	0	0	0.000000	0.000000	792.000000	612.000000	-1	###PAGE###
3	8	0	0	0	0	35.999994	54.115290	161.658823	13.404001	-1	###FLOW###
4	8	0	0	0	0	35.999994	54.115290	161.658823	13.404001	-1	###LINE###
5	8	0	0	0	0	36.00	54.12	89.57	13.40	100	Commonwealth
5	8	0	0	0	1	128.96	54.12	11.33	13.40	100	of
5	8	0	0	0	2	143.60	54.12	54.05	13.40	100	Kentucky
3	8	1	0	0	0	165.599967	114.444414	53.973498	432.417192	-1	###FLOW###
4	8	1	0	0	0	165.599967	114.444414	27.045141	10.857240	-1	###LINE###
5	8	1	0	0	0	165.60	114.44	27.05	10.86	100	Laurel
4	8	1	0	1	0	165.599967	127.644413	41.973980	10.857240	-1	###LINE###
5	8	1	0	1	0	165.60	127.64	41.97	10.86	100	Lawrence
4	8	1	0	2	0	165.599967	140.844412	16.232924	10.857240	-1	###LINE###
5	8	1	0	2	0	165.60	140.84	16.23	10.86	100	Lee
4	8	1	0	3	0	165.599967	154.044411	25.419902	10.857240	-1	###LINE###
5	8	1	0	3	0	165.60	154.04	25.42	10.86	100	Leslie
4	8	1	0	4	0	165.599967	167.124414	32.446383	10.857240	-1	###LINE###
5	8	1	0	4	0	165.60	167.12	32.45	10.86	100	Letcher
4	8	1	0	5	0	165.599967	180.324414	24.660808	10.857240	-1	###LINE###
5	8	1	0	5	0	165.60	180.32	24.66	10.86	100	Lewis
4	8	1	0	6	0	165.599967	193.524413	30.830876	10.857240	-1	###LINE###
5	8	1	0	6	0	165.60	193.52	30.83	10.86	100	Lincoln
4	8	1	0	7	0	165.599967	206.724412	43.939838	10.857240	-1	###LINE###
5	8	1	0	7	0	165.60	206.72	43.94	10.86	100	Livingston
4	8	1	0	8	0	165.599967	219.804414	27.054873	10.857240	-1	###LINE###
5	8	1	0	8	0	165.60	219.80	27.05	10.86	100	Logan
4	8	1	0	9	0	165.599967	233.004413	20.894536	10.857240	-1	###LINE###
5	8	1	0	9	0	165.60	233.00	20.89	10.86	100	Lyon
4	8	1	0	10	0	165.599967	246.204412	36.679789	10.857240	-1	###LINE###
5	8	1	0	10	0	165.60	246.20	36.68	10.86	100	Madison
4	8	1	0	11	0	165.599967	259.404381	37.322099	10.857240	-1	###LINE###
5	8	1	0	11	0	165.60	259.40	37.32	10.86	100	Magoffin
4	8	1	0	12	0	165.599967	272.484384	29.643576	10.857240	-1	###LINE###
5	8	1	0	12	0	165.60	272.48	29.64	10.86	100	Marion
4	8	1	0	13	0	165.599967	285.684383	36.767377	10.857240	-1	###LINE###
5	8	1	0	13	0	165.60	285.68	36.77	10.86	100	Marshall
4	8	1	0	14	0	165.599967	298.884382	27.025677	10.857240	-1	###LINE###
5	8	1	0	14	0	165.60	298.88	27.03	10.86	100	Martin
4	8	1	0	15	0	165.599967	312.084381	29.205638	10.857240	-1	###LINE###
5	8	1	0	15	0	165.60	312.08	29.21	10.86	100	Mason
4	8	1	0	16	0	165.599967	325.164384	49.214565	10.857240	-1	###LINE###
5	8	1	0	16	0	165.60	325.16	49.21	10.86	100	McCracken
4	8	1	0	17	0	165.599967	338.364383	42.071300	10.857240	-1	###LINE###
5	8	1	0	17	0	165.60	338.36	42.07	10.86	100	McCreary
4	8	1	0	18	0	165.599967	351.564367	34.616612	10.857240	-1	###LINE###
5	8	1	0	18	0	165.60	351.56	34.62	10.86	100	McLean
4	8	1	0	19	0	165.599967	364.764366	29.653308	10.857240	-1	###LINE###
5	8	1	0	19	0	165.60	364.76	29.65	10.86	100	Meade
4	8	1	0	20	0	165.599967	377.844369	34.509561	10.857240	-1	###LINE###
5	8	1	0	20	0	165.60	377.84	34.51	10.86	100	Menifee
4	8	1	0	21	0	165.599967	391.044368	30.276154	10.857240	-1	###LINE###
5	8	1	0	21	0	165.60	391.04	30.28	10.86	100	Mercer
4	8	1	0	22	0	165.599967	404.244367	36.757645	10.857240	-1	###LINE###
5	8	1	0	22	0	165.60	404.24	36.76	10.86	100	Metcalfe
4	8	1	0	23	0	165.599967	417.444397	32.894054	10.857240	-1	###LINE###
5	8	1	0	23	0	165.60	417.44	32.89	10.86	100	Monroe
4	8	1	0	24	0	165.599967	430.524369	53.973498	10.857240	-1	###LINE###
5	8	1	0	24	0	165.60	430.52	53.97	10.86	100	Montgomery
4	8	1	0	25	0	165.599967	443.724398	32.894054	10.857240	-1	###LINE###
5	8	1	0	25	0	165.60	443.72	32.89	10.86	100	Morgan
4	8	1	0	26	0	165.599967	456.924398	51.287474	10.857240	-1	###LINE###
5	8	1	0	26	0	165.60	456.92	51.29	10.86	100	Muhlenberg
4	8	1	0	27	0	165.599967	470.124397	30.285886	10.857240	-1	###LINE###
5	8	1	0	27	0	165.60	470.12	30.29	10.86	100	Nelson
4	8	1	0	28	0	165.599967	483.204400	37.312367	10.857240	-1	###LINE###
5	8	1	0	28	0	165.60	483.20	37.31	10.86	100	Nicholas
4	8	1	0	29	0	165.599967	496.404399	20.544186	10.857240	-1	###LINE###
5	8	1	0	29	0	165.60	496.40	20.54	10.86	100	Ohio
4	8	1	0	30	0	165.599967	509.604398	34.061890	10.857240	-1	###LINE###
5	8	1	0	30	0	165.60	509.60	34.06	10.86	100	Oldham
4	8	1	0	31	0	165.599967	522.804367	25.215531	10.857240	-1	###LINE###
5	8	1	0	31	0	165.60	522.80	25.22	10.86	100	Owen
4	8	1	0	32	0	165.599967	536.004366	31.697022	10.857240	-1	###LINE###
5	8	1	0	32	0	165.60	536.00	31.70	10.86	100	Owsley
3	8	2	0	0	0	289.919964	54.115290	211.964694	13.404001	-1	###FLOW###
4	8	2	0	0	0	289.919964	54.115290	211.964694	13.404001	-1	###LINE###
5	8	2	0	0	0	289.92	54.12	44.03	13.40	100	Michael
5	8	2	0	0	1	337.40	54.12	12.66	13.40	100	G.
5	8	2	0	0	2	353.48	54.12	43.01	13.40	100	Adams,
5	8	2	0	0	3	399.93	54.12	54.90	13.40	100	Secretary
5	8	2	0	0	4	457.89	54.12	11.33	13.40	100	of
5	8	2	0	0	5	472.52	54.12	29.36	13.40	100	State
3	8	2	1	0	0	303.119965	89.964445	42.538435	456.897162	-1	###FLOW###
4	8	2	1	0	0	312.119941	89.964445	33.429312	10.857240	-1	###LINE###
5	8	2	1	0	0	312.12	89.96	33.43	10.86	100	Charles
4	8	2	1	1	0	303.119965	101.124419	42.538435	10.857240	-1	###LINE###
5	8	2	1	1	0	303.12	101.12	42.54	10.86	100	BOOKER
4	8	2	1	2	0	329.399946	114.444414	16.232924	10.857240	-1	###LINE###
5	8	2	1	2	0	329.40	114.44	16.23	10.86	100	606
4	8	2	1	3	0	329.399946	127.644413	16.232924	10.857240	-1	###LINE###
5	8	2	1	3	0	329.40	127.64	16.23	10.86	100	234
4	8	2	1	4	0	334.799943	140.844412	10.821949	10.857240	-1	###LINE###
5	8	2	1	4	0	334.80	140.84	10.82	10.86	100	90
4	8	2	1	5	0	334.799943	154.044411	10.821949	10.857240	-1	###LINE###
5	8	2	1	5	0	334.80	154.04	10.82	10.86	100	46
4	8	2	1	6	0	329.399946	167.124414	16.232924	10.857240	-1	###LINE###
5	8	2	1	6	0	329.40	167.12	16.23	10.86	100	925
4	8	2	1	7	0	329.399946	180.324414	16.232924	10.857240	-1	###LINE###
5	8	2	1	7	0	329.40	180.32	16.23	10.86	100	110
4	8	2	1	8	0	329.399946	193.524413	16.232924	10.857240	-1	###LINE###
5	8	2	1	8	0	329.40	193.52	16.23	10.86	100	469
4	8	2	1	9	0	329.399946	206.724412	16.232924	10.857240	-1	###LINE###
5	8	2	1	9	0	329.40	206.72	16.23	10.86	100	251
4	8	2	1	10	0	329.399946	219.804414	16.232924	10.857240	-1	###LINE###
5	8	2	1	10	0	329.40	219.80	16.23	10.86	100	727
4	8	2	1	11	0	329.399946	233.004413	16.232924	10.857240	-1	###LINE###
5	8	2	1	11	0	329.40	233.00	16.23	10.86	100	462
4	8	2	1	12	0	321.239938	246.204412	24.339653	10.857240	-1	###LINE###
5	8	2	1	12	0	321.24	246.20	24.34	10.86	100	3,529
4	8	2	1	13	0	329.399946	259.404381	16.232924	10.857240	-1	###LINE###
5	8	2	1	13	0	329.40	259.40	16.23	10.86	100	764
4	8	2	1	14	0	329.399946	272.484384	16.232924	10.857240	-1	###LINE###
5	8	2	1	14	0	329.40	272.48	16.23	10.86	100	988
4	8	2	1	15	0	329.399946	285.684383	16.232924	10.857240	-1	###LINE###
5	8	2	1	15	0	329.40	285.68	16.23	10.86	100	826
4	8	2	1	16	0	334.799943	298.884382	10.821949	10.857240	-1	###LINE###
5	8	2	1	16	0	334.80	298.88	10.82	10.86	100	75
4	8	2	1	17	0	329.399946	312.084381	16.232924	10.857240	-1	###LINE###
5	8	2	1	17	0	329.40	312.08	16.23	10.86	100	468
4	8	2	1	18	0	321.239938	325.164384	24.339653	10.857240	-1	###LINE###
5	8	2	1	18	0	321.24	325.16	24.34	10.86	100	2,650
4	8	2	1	19	0	334.799943	338.364383	10.821949	10.857240	-1	###LINE###
5	8	2	1	19	0	334.80	338.36	10.82	10.86	100	91
4	8	2	1	20	0	329.399946	351.564367	16.232924	10.857240	-1	###LINE###
5	8	2	1	20	0	329.40	351.56	16.23	10.86	100	364
4	8	2	1	21	0	329.399946	364.764366	16.232924	10.857240	-1	###LINE###
5	8	2	1	21	0	329.40	364.76	16.23	10.86	100	880
4	8	2	1	22	0	329.399946	377.844369	16.232924	10.857240	-1	###LINE###
5	8	2	1	22	0	329.40	377.84	16.23	10.86	100	461
4	8	2	1	23	0	329.399946	391.044368	16.232924	10.857240	-1	###LINE###
5	8	2	1	23	0	329.40	391.04	16.23	10.86	100	955
4	8	2	1	24	0	329.399946	404.244367	16.232924	10.857240	-1	###LINE###
5	8	2	1	24	0	329.40	404.24	16.23	10.86	100	564
4	8	2	1	25	0	334.799943	417.444397	10.821949	10.857240	-1	###LINE###
5	8	2	1	25	0	334.80	417.44	10.82	10.86	100	68
4	8	2	1	26	0	321.239938	430.524369	24.339653	10.857240	-1	###LINE###
5	8	2	1	26	0	321.24	430.52	24.34	10.86	100	1,263
4	8	2	1	27	0	329.399946	443.724398	16.232924	10.857240	-1	###LINE###
5	8	2	1	27	0	329.40	443.72	16.23	10.86	100	763
4	8	2	1	28	0	321.239938	456.924398	24.339653	10.857240	-1	###LINE###
5	8	2	1	28	0	321.24	456.92	24.34	10.86	100	1,768
4	8	2	1	29	0	321.239938	470.124397	24.339653	10.857240	-1	###LINE###
5	8	2	1	29	0	321.24	470.12	24.34	10.86	100	2,101
4	8	2	1	30	0	329.399946	483.204400	16.232924	10.857240	-1	###LINE###
5	8	2	1	30	0	329.40	483.20	16.23	10.86	100	613
4	8	2	1	31	0	329.399946	496.404399	16.232924	10.857240	-1	###LINE###
5	8	2	1	31	0	329.40	496.40	16.23	10.86	100	609
4	8	2	1	32	0	321.239938	509.604398	24.339653	10.857240	-1	###LINE###
5	8	2	1	32	0	321.24	509.60	24.34	10.86	100	2,839
4	8	2	1	33	0	329.399946	522.804367	16.232924	10.857240	-1	###LINE###
5	8	2	1	33	0	329.40	522.80	16.23	10.86	100	368
4	8	2	1	34	0	334.799943	536.004366	10.821949	10.857240	-1	###LINE###
5	8	2	1	34	0	334.80	536.00	10.82	10.86	100	83
3	8	3	0	0	0	372.839939	89.964445	66.508273	456.897162	-1	###FLOW###
4	8	3	0	0	0	372.839939	89.964445	66.508273	10.857240	-1	###LINE###
5	8	3	0	0	0	372.84	89.96	31.38	10.86	100	Joshua
5	8	3	0	0	1	406.85	89.96	32.50	10.86	100	Wesley
4	8	3	0	1	0	373.439955	101.124419	65.690788	10.857240	-1	###LINE###
5	8	3	0	1	0	373.44	101.12	46.86	10.86	100	BLANTON
5	8	3	0	1	1	422.93	101.12	16.20	10.86	100	SR.
4	8	3	0	2	0	422.999924	114.444414	16.232924	10.857240	-1	###LINE###
5	8	3	0	2	0	423.00	114.44	16.23	10.86	100	133
4	8	3	0	3	0	422.999924	127.644413	16.232924	10.857240	-1	###LINE###
5	8	3	0	3	0	423.00	127.64	16.23	10.86	100	118
4	8	3	0	4	0	428.399953	140.844412	10.821949	10.857240	-1	###LINE###
5	8	3	0	4	0	428.40	140.84	10.82	10.86	100	54
4	8	3	0	5	0	428.399953	154.044411	10.821949	10.857240	-1	###LINE###
5	8	3	0	5	0	428.40	154.04	10.82	10.86	100	18
4	8	3	0	6	0	422.999924	167.124414	16.232924	10.857240	-1	###LINE###
5	8	3	0	6	0	423.00	167.12	16.23	10.86	100	319
4	8	3	0	7	0	428.399953	180.324414	10.821949	10.857240	-1	###LINE###
5	8	3	0	7	0	428.40	180.32	10.82	10.86	100	20
4	8	3	0	8	0	422.999924	193.524413	16.232924	10.857240	-1	###LINE###
5	8	3	0	8	0	423.00	193.52	16.23	10.86	100	177
4	8	3	0	9	0	422.999924	206.724412	16.232924	10.857240	-1	###LINE###
5	8	3	0	9	0	423.00	206.72	16.23	10.86	100	108
4	8	3	0	10	0	422.999924	219.804414	16.232924	10.857240	-1	###LINE###
5	8	3	0	10	0	423.00	219.80	16.23	10.86	100	293
4	8	3	0	11	0	422.999924	233.004413	16.232924	10.857240	-1	###LINE###
5	8	3	0	11	0	423.00	233.00	16.23	10.86	100	143
4	8	3	0	12	0	422.999924	246.204412	16.232924	10.857240	-1	###LINE###
5	8	3	0	12	0	423.00	246.20	16.23	10.86	100	500
4	8	3	0	13	0	422.999924	259.404381	16.232924	10.857240	-1	###LINE###
5	8	3	0	13	0	423.00	259.40	16.23	10.86	100	831
4	8	3	0	14	0	422.999924	272.484384	16.232924	10.857240	-1	###LINE###
5	8	3	0	14	0	423.00	272.48	16.23	10.86	100	249
4	8	3	0	15	0	422.999924	285.684383	16.232924	10.857240	-1	###LINE###
5	8	3	0	15	0	423.00	285.68	16.23	10.86	100	247
4	8	3	0	16	0	428.399953	298.884382	10.821949	10.857240	-1	###LINE###
5	8	3	0	16	0	428.40	298.88	10.82	10.86	100	32
4	8	3	0	17	0	428.399953	312.084381	10.821949	10.857240	-1	###LINE###
5	8	3	0	17	0	428.40	312.08	10.82	10.86	100	63
4	8	3	0	18	0	422.999924	325.164384	16.232924	10.857240	-1	###LINE###
5	8	3	0	18	0	423.00	325.16	16.23	10.86	100	404
4	8	3	0	19	0	428.399953	338.364383	10.821949	10.857240	-1	###LINE###
5	8	3	0	19	0	428.40	338.36	10.82	10.86	100	43
4	8	3	0	20	0	428.399953	351.564367	10.821949	10.857240	-1	###LINE###
5	8	3	0	20	0	428.40	351.56	10.82	10.86	100	70
4	8	3	0	21	0	422.999924	364.764366	16.232924	10.857240	-1	###LINE###
5	8	3	0	21	0	423.00	364.76	16.23	10.86	100	187
4	8	3	0	22	0	422.999924	377.844369	16.232924	10.857240	-1	###LINE###
5	8	3	0	22	0	423.00	377.84	16.23	10.86	100	194
4	8	3	0	23	0	422.999924	391.044368	16.232924	10.857240	-1	###LINE###
5	8	3	0	23	0	423.00	391.04	16.23	10.86	100	139
4	8	3	0	24	0	422.999924	404.244367	16.232924	10.857240	-1	###LINE###
5	8	3	0	24	0	423.00	404.24	16.23	10.86	100	216
4	8	3	0	25	0	428.399953	417.444397	10.821949	10.857240	-1	###LINE###
5	8	3	0	25	0	428.40	417.44	10.82	10.86	100	17
4	8	3	0	26	0	422.999924	430.524369	16.232924	10.857240	-1	###LINE###
5	8	3	0	26	0	423.00	430.52	16.23	10.86	100	244
4	8	3	0	27	0	422.999924	443.724398	16.232924	10.857240	-1	###LINE###
5	8	3	0	27	0	423.00	443.72	16.23	10.86	100	458
4	8	3	0	28	0	422.999924	456.924398	16.232924	10.857240	-1	###LINE###
5	8	3	0	28	0	423.00	456.92	16.23	10.86	100	344
4	8	3	0	29	0	422.999924	470.124397	16.232924	10.857240	-1	###LINE###
5	8	3	0	29	0	423.00	470.12	16.23	10.86	100	350
4	8	3	0	30	0	422.999924	483.204400	16.232924	10.857240	-1	###LINE###
5	8	3	0	30	0	423.00	483.20	16.23	10.86	100	127
4	8	3	0	31	0	422.999924	496.404399	16.232924	10.857240	-1	###LINE###
5	8	3	0	31	0	423.00	496.40	16.23	10.86	100	133
4	8	3	0	32	0	422.999924	509.604398	16.232924	10.857240	-1	###LINE###
5	8	3	0	32	0	423.00	509.60	16.23	10.86	100	158
4	8	3	0	33	0	422.999924	522.804367	16.232924	10.857240	-1	###LINE###
5	8	3	0	33	0	423.00	522.80	16.23	10.86	100	102
4	8	3	0	34	0	428.399953	536.004366	10.821949	10.857240	-1	###LINE###
5	8	3	0	34	0	428.40	536.00	10.82	10.86	100	63
3	8	4	0	0	0	489.839928	89.964445	43.073693	456.897162	-1	###FLOW###
4	8	4	0	0	0	511.679931	89.964445	21.098908	10.857240	-1	###LINE###
5	8	4	0	0	0	511.68	89.96	21.10	10.86	100	John
4	8	4	0	1	0	489.839928	101.124419	43.073693	10.857240	-1	###LINE###
5	8	4	0	1	0	489.84	101.12	43.07	10.86	100	MERRILL
4	8	4	0	2	0	521.999931	114.444414	10.821949	10.857240	-1	###LINE###
5	8	4	0	2	0	522.00	114.44	10.82	10.86	100	57
4	8	4	0	3	0	521.999931	127.644413	10.821949	10.857240	-1	###LINE###
5	8	4	0	3	0	522.00	127.64	10.82	10.86	100	58
4	8	4	0	4	0	521.999931	140.844412	10.821949	10.857240	-1	###LINE###
5	8	4	0	4	0	522.00	140.84	10.82	10.86	100	19
4	8	4	0	5	0	527.399898	154.044411	5.410975	10.857240	-1	###LINE###
5	8	4	0	5	0	527.40	154.04	5.41	10.86	100	9
4	8	4	0	6	0	516.599903	167.124414	16.232924	10.857240	-1	###LINE###
5	8	4	0	6	0	516.60	167.12	16.23	10.86	100	190
4	8	4	0	7	0	521.999931	180.324414	10.821949	10.857240	-1	###LINE###
5	8	4	0	7	0	522.00	180.32	10.82	10.86	100	49
4	8	4	0	8	0	521.999931	193.524413	10.821949	10.857240	-1	###LINE###
5	8	4	0	8	0	522.00	193.52	10.82	10.86	100	88
4	8	4	0	9	0	521.999931	206.724412	10.821949	10.857240	-1	###LINE###
5	8	4	0	9	0	522.00	206.72	10.82	10.86	100	85
4	8	4	0	10	0	516.599903	219.804414	16.232924	10.857240	-1	###LINE###
5	8	4	0	10	0	516.60	219.80	16.23	10.86	100	165
4	8	4	0	11	0	516.599903	233.004413	16.232924	10.857240	-1	###LINE###
5	8	4	0	11	0	516.60	233.00	16.23	10.86	100	105
4	8	4	0	12	0	516.599903	246.204412	16.232924	10.857240	-1	###LINE###
5	8	4	0	12	0	516.60	246.20	16.23	10.86	100	321
4	8	4	0	13	0	516.599903	259.404381	16.232924	10.857240	-1	###LINE###
5	8	4	0	13	0	516.60	259.40	16.23	10.86	100	151
4	8	4	0	14	0	516.599903	272.484384	16.232924	10.857240	-1	###LINE###
5	8	4	0	14	0	516.60	272.48	16.23	10.86	100	252
4	8	4	0	15	0	516.599903	285.684383	16.232924	10.857240	-1	###LINE###
5	8	4	0	15	0	516.60	285.68	16.23	10.86	100	228
4	8	4	0	16	0	521.999931	298.884382	10.821949	10.857240	-1	###LINE###
5	8	4	0	16	0	522.00	298.88	10.82	10.86	100	21
4	8	4	0	17	0	516.599903	312.084381	16.232924	10.857240	-1	###LINE###
5	8	4	0	17	0	516.60	312.08	16.23	10.86	100	103
4	8	4	0	18	0	516.599903	325.164384	16.232924	10.857240	-1	###LINE###
5	8	4	0	18	0	516.60	325.16	16.23	10.86	100	426
4	8	4	0	19	0	521.999931	338.364383	10.821949	10.857240	-1	###LINE###
5	8	4	0	19	0	522.00	338.36	10.82	10.86	100	28
4	8	4	0	20	0	521.999931	351.564367	10.821949	10.857240	-1	###LINE###
5	8	4	0	20	0	522.00	351.56	10.82	10.86	100	86
4	8	4	0	21	0	516.599903	364.764366	16.232924	10.857240	-1	###LINE###
5	8	4	0	21	0	516.60	364.76	16.23	10.86	100	235
4	8	4	0	22	0	516.599903	377.844369	16.232924	10.857240	-1	###LINE###
5	8	4	0	22	0	516.60	377.84	16.23	10.86	100	139
4	8	4	0	23	0	516.599903	391.044368	16.232924	10.857240	-1	###LINE###
5	8	4	0	23	0	516.60	391.04	16.23	10.86	100	146
4	8	4	0	24	0	516.599903	404.244367	16.232924	10.857240	-1	###LINE###
5	8	4	0	24	0	516.60	404.24	16.23	10.86	100	142
4	8	4	0	25	0	527.399898	417.444397	5.410975	10.857240	-1	###LINE###
5	8	4	0	25	0	527.40	417.44	5.41	10.86	100	7
4	8	4	0	26	0	516.599903	430.524369	16.232924	10.857240	-1	###LINE###
5	8	4	0	26	0	516.60	430.52	16.23	10.86	100	262
4	8	4	0	27	0	516.599903	443.724398	16.232924	10.857240	-1	###LINE###
5	8	4	0	27	0	516.60	443.72	16.23	10.86	100	203
4	8	4	0	28	0	516.599903	456.924398	16.232924	10.857240	-1	###LINE###
5	8	4	0	28	0	516.60	456.92	16.23	10.86	100	478
4	8	4	0	29	0	516.599903	470.124397	16.232924	10.857240	-1	###LINE###
5	8	4	0	29	0	516.60	470.12	16.23	10.86	100	411
4	8	4	0	30	0	516.599903	483.204400	16.232924	10.857240	-1	###LINE###
5	8	4	0	30	0	516.60	483.20	16.23	10.86	100	160
4	8	4	0	31	0	516.599903	496.404399	16.232924	10.857240	-1	###LINE###
5	8	4	0	31	0	516.60	496.40	16.23	10.86	100	146
4	8	4	0	32	0	516.599903	509.604398	16.232924	10.857240	-1	###LINE###
5	8	4	0	32	0	516.60	509.60	16.23	10.86	100	367
4	8	4	0	33	0	516.599903	522.804367	16.232924	10.857240	-1	###LINE###
5	8	4	0	33	0	516.60	522.80	16.23	10.86	100	191
4	8	4	0	34	0	521.999931	536.004366	10.821949	10.857240	-1	###LINE###
5	8	4	0	34	0	522.00	536.00	10.82	10.86	100	25
3	8	5	0	0	0	584.279905	54.115290	171.619073	13.404001	-1	###FLOW###
4	8	5	0	0	0	584.279905	54.115290	171.619073	13.404001	-1	###LINE###
5	8	5	0	0	0	584.28	54.12	26.72	13.40	100	2022
5	8	5	0	0	1	614.49	54.12	44.86	13.40	100	Primary
5	8	5	0	0	2	662.36	54.12	46.82	13.40	100	Election
5	8	5	0	0	3	712.53	54.12	43.37	13.40	100	Results
3	8	5	1	0	0	604.679924	89.964445	21.752881	456.897162	-1	###FLOW###
4	8	5	1	0	0	605.879895	89.964445	20.544186	10.857240	-1	###LINE###
5	8	5	1	0	0	605.88	89.96	20.54	10.86	100	Ruth
4	8	5	1	1	0	604.679924	101.124419	21.712022	10.857240	-1	###LINE###
5	8	5	1	1	0	604.68	101.12	21.71	10.86	100	GAO
4	8	5	1	2	0	615.599910	114.444414	10.821949	10.857240	-1	###LINE###
5	8	5	1	2	0	615.60	114.44	10.82	10.86	100	47
4	8	5	1	3	0	615.599910	127.644413	10.821949	10.857240	-1	###LINE###
5	8	5	1	3	0	615.60	127.64	10.82	10.86	100	40
4	8	5	1	4	0	620.999877	140.844412	5.410975	10.857240	-1	###LINE###
5	8	5	1	4	0	621.00	140.84	5.41	10.86	100	9
4	8	5	1	5	0	620.999877	154.044411	5.410975	10.857240	-1	###LINE###
5	8	5	1	5	0	621.00	154.04	5.41	10.86	100	7
4	8	5	1	6	0	615.599910	167.124414	10.821949	10.857240	-1	###LINE###
5	8	5	1	6	0	615.60	167.12	10.82	10.86	100	77
4	8	5	1	7	0	615.599910	180.324414	10.821949	10.857240	-1	###LINE###
5	8	5	1	7	0	615.60	180.32	10.82	10.86	100	10
4	8	5	1	8	0	615.599910	193.524413	10.821949	10.857240	-1	###LINE###
5	8	5	1	8	0	615.60	193.52	10.82	10.86	100	53
4	8	5	1	9	0	615.599910	206.724412	10.821949	10.857240	-1	###LINE###
5	8	5	1	9	0	615.60	206.72	10.82	10.86	100	52
4	8	5	1	10	0	610.199881	219.804414	16.232924	10.857240	-1	###LINE###
5	8	5	1	10	0	610.20	219.80	16.23	10.86	100	128
4	8	5	1	11	0	615.599910	233.004413	10.821949	10.857240	-1	###LINE###
5	8	5	1	11	0	615.60	233.00	10.82	10.86	100	72
4	8	5	1	12	0	610.199881	246.204412	16.232924	10.857240	-1	###LINE###
5	8	5	1	12	0	610.20	246.20	16.23	10.86	100	228
4	8	5	1	13	0	615.599910	259.404381	10.821949	10.857240	-1	###LINE###
5	8	5	1	13	0	615.60	259.40	10.82	10.86	100	79
4	8	5	1	14	0	610.199881	272.484384	16.232924	10.857240	-1	###LINE###
5	8	5	1	14	0	610.20	272.48	16.23	10.86	100	119
4	8	5	1	15	0	610.199881	285.684383	16.232924	10.857240	-1	###LINE###
5	8	5	1	15	0	610.20	285.68	16.23	10.86	100	137
4	8	5	1	16	0	615.599910	298.884382	10.821949	10.857240	-1	###LINE###
5	8	5	1	16	0	615.60	298.88	10.82	10.86	100	12
4	8	5	1	17	0	615.599910	312.084381	10.821949	10.857240	-1	###LINE###
5	8	5	1	17	0	615.60	312.08	10.82	10.86	100	38
4	8	5	1	18	0	610.199881	325.164384	16.232924	10.857240	-1	###LINE###
5	8	5	1	18	0	610.20	325.16	16.23	10.86	100	260
4	8	5	1	19	0	615.599910	338.364383	10.821949	10.857240	-1	###LINE###
5	8	5	1	19	0	615.60	338.36	10.82	10.86	100	26
4	8	5	1	20	0	615.599910	351.564367	10.821949	10.857240	-1	###LINE###
5	8	5	1	20	0	615.60	351.56	10.82	10.86	100	62
4	8	5	1	21	0	610.199881	364.764366	16.232924	10.857240	-1	###LINE###
5	8	5	1	21	0	610.20	364.76	16.23	10.86	100	141
4	8	5	1	22	0	615.599910	377.844369	10.821949	10.857240	-1	###LINE###
5	8	5	1	22	0	615.60	377.84	10.82	10.86	100	59
4	8	5	1	23	0	610.199881	391.044368	16.232924	10.857240	-1	###LINE###
5	8	5	1	23	0	610.20	391.04	16.23	10.86	100	104
4	8	5	1	24	0	615.599910	404.244367	10.821949	10.857240	-1	###LINE###
5	8	5	1	24	0	615.60	404.24	10.82	10.86	100	97
4	8	5	1	25	0	620.999877	417.444397	5.410975	10.857240	-1	###LINE###
5	8	5	1	25	0	621.00	417.44	5.41	10.86	100	6
4	8	5	1	26	0	610.199881	430.524369	16.232924	10.857240	-1	###LINE###
5	8	5	1	26	0	610.20	430.52	16.23	10.86	100	135
4	8	5	1	27	0	615.599910	443.724398	10.821949	10.857240	-1	###LINE###
5	8	5	1	27	0	615.60	443.72	10.82	10.86	100	89
4	8	5	1	28	0	610.199881	456.924398	16.232924	10.857240	-1	###LINE###
5	8	5	1	28	0	610.20	456.92	16.23	10.86	100	272
4	8	5	1	29	0	610.199881	470.124397	16.232924	10.857240	-1	###LINE###
5	8	5	1	29	0	610.20	470.12	16.23	10.86	100	265
4	8	5	1	30	0	615.599910	483.204400	10.821949	10.857240	-1	###LINE###
5	8	5	1	30	0	615.60	483.20	10.82	10.86	100	74
4	8	5	1	31	0	610.199881	496.404399	16.232924	10.857240	-1	###LINE###
5	8	5	1	31	0	610.20	496.40	16.23	10.86	100	114
4	8	5	1	32	0	610.199881	509.604398	16.232924	10.857240	-1	###LINE###
5	8	5	1	32	0	610.20	509.60	16.23	10.86	100	254
4	8	5	1	33	0	615.599910	522.804367	10.821949	10.857240	-1	###LINE###
5	8	5	1	33	0	615.60	522.80	10.82	10.86	100	68
4	8	5	1	34	0	615.599910	536.004366	10.821949	10.857240	-1	###LINE###
5	8	5	1	34	0	615.60	536.00	10.82	10.86	100	25
1	9	0	0	0	0	0.000000	0.000000	792.000000	612.000000	-1	###PAGE###
3	9	0	0	0	0	35.999994	54.115290	161.658823	13.404001	-1	###FLOW###
4	9	0	0	0	0	35.999994	54.115290	161.658823	13.404001	-1	###LINE###
5	9	0	0	0	0	36.00	54.12	89.57	13.40	100	Commonwealth
5	9	0	0	0	1	128.96	54.12	11.33	13.40	100	of
5	9	0	0	0	2	143.60	54.12	54.05	13.40	100	Kentucky
3	9	1	0	0	0	165.599967	114.444414	52.328795	340.497213	-1	###FLOW###
4	9	1	0	0	0	165.599967	114.444414	43.803590	10.857240	-1	###LINE###
5	9	1	0	0	0	165.60	114.44	43.80	10.86	100	Pendleton
4	9	1	0	1	0	165.599967	127.644413	23.239941	10.857240	-1	###LINE###
5	9	1	0	1	0	165.60	127.64	23.24	10.86	100	Perry
4	9	1	0	2	0	165.599967	140.844412	18.918947	10.857240	-1	###LINE###
5	9	1	0	2	0	165.60	140.84	18.92	10.86	100	Pike
4	9	1	0	3	0	165.599967	154.044411	28.446544	10.857240	-1	###LINE###
5	9	1	0	3	0	165.60	154.04	28.45	10.86	100	Powell
4	9	1	0	4	0	165.599967	167.124414	31.356403	10.857240	-1	###LINE###
5	9	1	0	4	0	165.60	167.12	31.36	10.86	100	Pulaski
4	9	1	0	5	0	165.599967	180.324414	44.893571	10.857240	-1	###LINE###
5	9	1	0	5	0	165.60	180.32	44.89	10.86	100	Robertson
4	9	1	0	6	0	165.599967	193.524413	47.706110	10.857240	-1	###LINE###
5	9	1	0	6	0	165.60	193.52	47.71	10.86	100	Rockcastle
4	9	1	0	7	0	165.599967	206.724412	30.013391	10.857240	-1	###LINE###
5	9	1	0	7	0	165.60	206.72	30.01	10.86	100	Rowan
4	9	1	0	8	0	165.599967	219.804414	31.901393	10.857240	-1	###LINE###
5	9	1	0	8	0	165.60	219.80	31.90	10.86	100	Russell
4	9	1	0	9	0	165.599967	233.004413	22.247280	10.857240	-1	###LINE###
5	9	1	0	9	0	165.60	233.00	22.25	10.86	100	Scott
4	9	1	0	10	0	165.599967	246.204412	29.740896	10.857240	-1	###LINE###
5	9	1	0	10	0	165.60	246.20	29.74	10.86	100	Shelby
4	9	1	0	11	0	165.599967	259.404381	37.847626	10.857240	-1	###LINE###
5	9	1	0	11	0	165.60	259.40	37.85	10.86	100	Simpson
4	9	1	0	12	0	165.599967	272.484384	36.232119	10.857240	-1	###LINE###
5	9	1	0	12	0	165.60	272.48	36.23	10.86	100	Spencer
4	9	1	0	13	0	165.599967	285.684383	26.889429	10.857240	-1	###LINE###
5	9	1	0	13	0	165.60	285.68	26.89	10.86	100	Taylor
4	9	1	0	14	0	165.599967	298.884382	22.169424	10.857240	-1	###LINE###
5	9	1	0	14	0	165.60	298.88	22.17	10.86	100	Todd
4	9	1	0	15	0	165.599967	312.084381	22.159692	10.857240	-1	###LINE###
5	9	1	0	15	0	165.60	312.08	22.16	10.86	100	Trigg
4	9	1	0	16	0	165.599967	325.164384	32.426919	10.857240	-1	###LINE###
5	9	1	0	16	0	165.60	325.16	32.43	10.86	100	Trimble
4	9	1	0	17	0	165.599967	338.364383	25.322582	10.857240	-1	###LINE###
5	9	1	0	17	0	165.60	338.36	25.32	10.86	100	Union
4	9	1	0	18	0	165.599967	351.564367	32.426919	10.857240	-1	###LINE###
5	9	1	0	18	0	165.60	351.56	32.43	10.86	100	Warren
4	9	1	0	19	0	165.599967	364.764366	51.900588	10.857240	-1	###LINE###
5	9	1	0	19	0	165.60	364.76	51.90	10.86	100	Washington
4	9	1	0	20	0	165.599967	377.844369	30.616773	10.857240	-1	###LINE###
5	9	1	0	20	0	165.60	377.84	30.62	10.86	100	Wayne
4	9	1	0	21	0	165.599967	391.044368	36.845233	10.857240	-1	###LINE###
5	9	1	0	21	0	165.60	391.04	36.85	10.86	100	Webster
4	9	1	0	22	0	165.599967	404.244367	32.417187	10.857240	-1	###LINE###
5	9	1	0	22	0	165.60	404.24	32.42	10.86	100	Whitley
4	9	1	0	23	0	165.599967	417.444397	25.390706	10.857240	-1	###LINE###
5	9	1	0	23	0	165.60	417.44	25.39	10.86	100	Wolfe
4	9	1	0	24	0	165.599967	430.644396	42.703878	10.857240	-1	###LINE###
5	9	1	0	24	0	165.60	430.64	42.70	10.86	100	Woodford
4	9	1	0	25	0	165.599967	444.084387	52.328795	10.857240	-1	###LINE###
5	9	1	0	25	0	165.60	444.08	23.10	10.86	100	Total
5	9	1	0	25	1	191.45	444.08	26.48	10.86	100	Votes
3	9	2	0	0	0	289.919964	54.115290	211.964694	13.404001	-1	###FLOW###
4	9	2	0	0	0	289.919964	54.115290	211.964694	13.404001	-1	###LINE###
5	9	2	0	0	0	289.92	54.12	44.03	13.40	100	Michael
5	9	2	0	0	1	337.40	54.12	12.66	13.40	100	G.
5	9	2	0	0	2	353.48	54.12	43.01	13.40	100	Adams,
5	9	2	0	0	3	399.93	54.12	54.90	13.40	100	Secretary
5	9	2	0	0	4	457.89	54.12	11.33	13.40	100	of
5	9	2	0	0	5	472.52	54.12	29.36	13.40	100	State
3	9	2	1	0	0	303.119965	89.964445	42.538435	364.977182	-1	###FLOW###
4	9	2	1	0	0	312.119941	89.964445	33.429312	10.857240	-1	###LINE###
5	9	2	1	0	0	312.12	89.96	33.43	10.86	100	Charles
4	9	2	1	1	0	303.119965	101.124419	42.538435	10.857240	-1	###LINE###
5	9	2	1	1	0	303.12	101.12	42.54	10.86	100	BOOKER
4	9	2	1	2	0	329.399946	114.444414	16.232924	10.857240	-1	###LINE###
5	9	2	1	2	0	329.40	114.44	16.23	10.86	100	256
4	9	2	1	3	0	321.239938	127.644413	24.339653	10.857240	-1	###LINE###
5	9	2	1	3	0	321.24	127.64	24.34	10.86	100	1,265
4	9	2	1	4	0	321.239938	140.844412	24.339653	10.857240	-1	###LINE###
5	9	2	1	4	0	321.24	140.84	24.34	10.86	100	2,626
4	9	2	1	5	0	329.399946	154.044411	16.232924	10.857240	-1	###LINE###
5	9	2	1	5	0	329.40	154.04	16.23	10.86	100	653
4	9	2	1	6	0	321.239938	167.124414	24.339653	10.857240	-1	###LINE###
5	9	2	1	6	0	321.24	167.12	24.34	10.86	100	1,022
4	9	2	1	7	0	329.399946	180.324414	16.232924	10.857240	-1	###LINE###
5	9	2	1	7	0	329.40	180.32	16.23	10.86	100	191
4	9	2	1	8	0	329.399946	193.524413	16.232924	10.857240	-1	###LINE###
5	9	2	1	8	0	329.40	193.52	16.23	10.86	100	158
4	9	2	1	9	0	321.239938	206.724412	24.339653	10.857240	-1	###LINE###
5	9	2	1	9	0	321.24	206.72	24.34	10.86	100	1,468
4	9	2	1	10	0	329.399946	219.804414	16.232924	10.857240	-1	###LINE###
5	9	2	1	10	0	329.40	219.80	16.23	10.86	100	204
4	9	2	1	11	0	321.239938	233.004413	24.339653	10.857240	-1	###LINE###
5	9	2	1	11	0	321.24	233.00	24.34	10.86	100	3,154
4	9	2	1	12	0	321.239938	246.204412	24.339653	10.857240	-1	###LINE###
5	9	2	1	12	0	321.24	246.20	24.34	10.86	100	1,646
4	9	2	1	13	0	329.399946	259.404381	16.232924	10.857240	-1	###LINE###
5	9	2	1	13	0	329.40	259.40	16.23	10.86	100	545
4	9	2	1	14	0	329.399946	272.484384	16.232924	10.857240	-1	###LINE###
5	9	2	1	14	0	329.40	272.48	16.23	10.86	100	452
4	9	2	1	15	0	329.399946	285.684383	16.232924	10.857240	-1	###LINE###
5	9	2	1	15	0	329.40	285.68	16.23	10.86	100	811
4	9	2	1	16	0	329.399946	298.884382	16.232924	10.857240	-1	###LINE###
5	9	2	1	16	0	329.40	298.88	16.23	10.86	100	207
4	9	2	1	17	0	329.399946	312.084381	16.232924	10.857240	-1	###LINE###
5	9	2	1	17	0	329.40	312.08	16.23	10.86	100	438
4	9	2	1	18	0	329.399946	325.164384	16.232924	10.857240	-1	###LINE###
5	9	2	1	18	0	329.40	325.16	16.23	10.86	100	419
4	9	2	1	19	0	329.399946	338.364383	16.232924	10.857240	-1	###LINE###
5	9	2	1	19	0	329.40	338.36	16.23	10.86	100	573
4	9	2	1	20	0	321.239938	351.564367	24.339653	10.857240	-1	###LINE###
5	9	2	1	20	0	321.24	351.56	24.34	10.86	100	4,776
4	9	2	1	21	0	329.399946	364.764366	16.232924	10.857240	-1	###LINE###
5	9	2	1	21	0	329.40	364.76	16.23	10.86	100	460
4	9	2	1	22	0	329.399946	377.844369	16.232924	10.857240	-1	###LINE###
5	9	2	1	22	0	329.40	377.84	16.23	10.86	100	298
4	9	2	1	23	0	329.399946	391.044368	16.232924	10.857240	-1	###LINE###
5	9	2	1	23	0	329.40	391.04	16.23	10.86	100	484
4	9	2	1	24	0	329.399946	404.244367	16.232924	10.857240	-1	###LINE###
5	9	2	1	24	0	329.40	404.24	16.23	10.86	100	313
4	9	2	1	25	0	329.399946	417.444397	16.232924	10.857240	-1	###LINE###
5	9	2	1	25	0	329.40	417.44	16.23	10.86	100	752
4	9	2	1	26	0	321.239938	430.644396	24.339653	10.857240	-1	###LINE###
5	9	2	1	26	0	321.24	430.64	24.34	10.86	100	2,329
4	9	2	1	27	0	310.439942	444.084387	35.161602	10.857240	-1	###LINE###
5	9	2	1	27	0	310.44	444.08	35.16	10.86	100	214,245
3	9	3	0	0	0	372.839939	89.964445	66.508273	364.977182	-1	###FLOW###
4	9	3	0	0	0	372.839939	89.964445	66.508273	10.857240	-1	###LINE###
5	9	3	0	0	0	372.84	89.96	31.38	10.86	100	Joshua
5	9	3	0	0	1	406.85	89.96	32.50	10.86	100	Wesley
4	9	3	0	1	0	373.439955	101.124419	65.690788	10.857240	-1	###LINE###
5	9	3	0	1	0	373.44	101.12	46.86	10.86	100	BLANTON
5	9	3	0	1	1	422.93	101.12	16.20	10.86	100	SR.
4	9	3	0	2	0	428.399953	114.444414	10.821949	10.857240	-1	###LINE###
5	9	3	0	2	0	428.40	114.44	10.82	10.86	100	69
4	9	3	0	3	0	422.999924	127.644413	16.232924	10.857240	-1	###LINE###
5	9	3	0	3	0	423.00	127.64	16.23	10.86	100	495
4	9	3	0	4	0	414.839947	140.844412	24.339653	10.857240	-1	###LINE###
5	9	3	0	4	0	414.84	140.84	24.34	10.86	100	1,230
4	9	3	0	5	0	422.999924	154.044411	16.232924	10.857240	-1	###LINE###
5	9	3	0	5	0	423.00	154.04	16.23	10.86	100	269
4	9	3	0	6	0	422.999924	167.124414	16.232924	10.857240	-1	###LINE###
5	9	3	0	6	0	423.00	167.12	16.23	10.86	100	179
4	9	3	0	7	0	428.399953	180.324414	10.821949	10.857240	-1	###LINE###
5	9	3	0	7	0	428.40	180.32	10.82	10.86	100	60
4	9	3	0	8	0	428.399953	193.524413	10.821949	10.857240	-1	###LINE###
5	9	3	0	8	0	428.40	193.52	10.82	10.86	100	39
4	9	3	0	9	0	422.999924	206.724412	16.232924	10.857240	-1	###LINE###
5	9	3	0	9	0	423.00	206.72	16.23	10.86	100	270
4	9	3	0	10	0	428.399953	219.804414	10.821949	10.857240	-1	###LINE###
5	9	3	0	10	0	428.40	219.80	10.82	10.86	100	49
4	9	3	0	11	0	422.999924	233.004413	16.232924	10.857240	-1	###LINE###
5	9	3	0	11	0	423.00	233.00	16.23	10.86	100	264
4	9	3	0	12	0	422.999924	246.204412	16.232924	10.857240	-1	###LINE###
5	9	3	0	12	0	423.00	246.20	16.23	10.86	100	203
4	9	3	0	13	0	422.999924	259.404381	16.232924	10.857240	-1	###LINE###
5	9	3	0	13	0	423.00	259.40	16.23	10.86	100	176
4	9	3	0	14	0	422.999924	272.484384	16.232924	10.857240	-1	###LINE###
5	9	3	0	14	0	423.00	272.48	16.23	10.86	100	103
4	9	3	0	15	0	422.999924	285.684383	16.232924	10.857240	-1	###LINE###
5	9	3	0	15	0	423.00	285.68	16.23	10.86	100	228
4	9	3	0	16	0	422.999924	298.884382	16.232924	10.857240	-1	###LINE###
5	9	3	0	16	0	423.00	298.88	16.23	10.86	100	111
4	9	3	0	17	0	422.999924	312.084381	16.232924	10.857240	-1	###LINE###
5	9	3	0	17	0	423.00	312.08	16.23	10.86	100	172
4	9	3	0	18	0	422.999924	325.164384	16.232924	10.857240	-1	###LINE###
5	9	3	0	18	0	423.00	325.16	16.23	10.86	100	156
4	9	3	0	19	0	422.999924	338.364383	16.232924	10.857240	-1	###LINE###
5	9	3	0	19	0	423.00	338.36	16.23	10.86	100	271
4	9	3	0	20	0	422.999924	351.564367	16.232924	10.857240	-1	###LINE###
5	9	3	0	20	0	423.00	351.56	16.23	10.86	100	443
4	9	3	0	21	0	428.399953	364.764366	10.821949	10.857240	-1	###LINE###
5	9	3	0	21	0	428.40	364.76	10.82	10.86	100	96
4	9	3	0	22	0	428.399953	377.844369	10.821949	10.857240	-1	###LINE###
5	9	3	0	22	0	428.40	377.84	10.82	10.86	100	98
4	9	3	0	23	0	422.999924	391.044368	16.232924	10.857240	-1	###LINE###
5	9	3	0	23	0	423.00	391.04	16.23	10.86	100	178
4	9	3	0	24	0	428.399953	404.244367	10.821949	10.857240	-1	###LINE###
5	9	3	0	24	0	428.40	404.24	10.82	10.86	100	60
4	9	3	0	25	0	422.999924	417.444397	16.232924	10.857240	-1	###LINE###
5	9	3	0	25	0	423.00	417.44	16.23	10.86	100	489
4	9	3	0	26	0	422.999924	430.644396	16.232924	10.857240	-1	###LINE###
5	9	3	0	26	0	423.00	430.64	16.23	10.86	100	162
4	9	3	0	27	0	409.439949	444.084387	29.750628	10.857240	-1	###LINE###
5	9	3	0	27	0	409.44	444.08	29.75	10.86	100	30,980
3	9	4	0	0	0	489.839928	89.964445	43.073693	364.977182	-1	###FLOW###
4	9	4	0	0	0	511.679931	89.964445	21.098908	10.857240	-1	###LINE###
5	9	4	0	0	0	511.68	89.96	21.10	10.86	100	John
4	9	4	0	1	0	489.839928	101.124419	43.073693	10.857240	-1	###LINE###
5	9	4	0	1	0	489.84	101.12	43.07	10.86	100	MERRILL
4	9	4	0	2	0	516.599903	114.444414	16.232924	10.857240	-1	###LINE###
5	9	4	0	2	0	516.60	114.44	16.23	10.86	100	216
4	9	4	0	3	0	516.599903	127.644413	16.232924	10.857240	-1	###LINE###
5	9	4	0	3	0	516.60	127.64	16.23	10.86	100	373
4	9	4	0	4	0	516.599903	140.844412	16.232924	10.857240	-1	###LINE###
5	9	4	0	4	0	516.60	140.84	16.23	10.86	100	552
4	9	4	0	5	0	516.599903	154.044411	16.232924	10.857240	-1	###LINE###
5	9	4	0	5	0	516.60	154.04	16.23	10.86	100	130
4	9	4	0	6	0	516.599903	167.124414	16.232924	10.857240	-1	###LINE###
5	9	4	0	6	0	516.60	167.12	16.23	10.86	100	114
4	9	4	0	7	0	516.599903	180.324414	16.232924	10.857240	-1	###LINE###
5	9	4	0	7	0	516.60	180.32	16.23	10.86	100	138
4	9	4	0	8	0	521.999931	193.524413	10.821949	10.857240	-1	###LINE###
5	9	4	0	8	0	522.00	193.52	10.82	10.86	100	14
4	9	4	0	9	0	516.599903	206.724412	16.232924	10.857240	-1	###LINE###
5	9	4	0	9	0	516.60	206.72	16.23	10.86	100	176
4	9	4	0	10	0	521.999931	219.804414	10.821949	10.857240	-1	###LINE###
5	9	4	0	10	0	522.00	219.80	10.82	10.86	100	48
4	9	4	0	11	0	516.599903	233.004413	16.232924	10.857240	-1	###LINE###
5	9	4	0	11	0	516.60	233.00	16.23	10.86	100	231
4	9	4	0	12	0	516.599903	246.204412	16.232924	10.857240	-1	###LINE###
5	9	4	0	12	0	516.60	246.20	16.23	10.86	100	327
4	9	4	0	13	0	521.999931	259.404381	10.821949	10.857240	-1	###LINE###
5	9	4	0	13	0	522.00	259.40	10.82	10.86	100	75
4	9	4	0	14	0	516.599903	272.484384	16.232924	10.857240	-1	###LINE###
5	9	4	0	14	0	516.60	272.48	16.23	10.86	100	194
4	9	4	0	15	0	516.599903	285.684383	16.232924	10.857240	-1	###LINE###
5	9	4	0	15	0	516.60	285.68	16.23	10.86	100	183
4	9	4	0	16	0	521.999931	298.884382	10.821949	10.857240	-1	###LINE###
5	9	4	0	16	0	522.00	298.88	10.82	10.86	100	84
4	9	4	0	17	0	516.599903	312.084381	16.232924	10.857240	-1	###LINE###
5	9	4	0	17	0	516.60	312.08	16.23	10.86	100	118
4	9	4	0	18	0	516.599903	325.164384	16.232924	10.857240	-1	###LINE###
5	9	4	0	18	0	516.60	325.16	16.23	10.86	100	310
4	9	4	0	19	0	516.599903	338.364383	16.232924	10.857240	-1	###LINE###
5	9	4	0	19	0	516.60	338.36	16.23	10.86	100	256
4	9	4	0	20	0	516.599903	351.564367	16.232924	10.857240	-1	###LINE###
5	9	4	0	20	0	516.60	351.56	16.23	10.86	100	412
4	9	4	0	21	0	521.999931	364.764366	10.821949	10.857240	-1	###LINE###
5	9	4	0	21	0	522.00	364.76	10.82	10.86	100	68
4	9	4	0	22	0	521.999931	377.844369	10.821949	10.857240	-1	###LINE###
5	9	4	0	22	0	522.00	377.84	10.82	10.86	100	64
4	9	4	0	23	0	516.599903	391.044368	16.232924	10.857240	-1	###LINE###
5	9	4	0	23	0	516.60	391.04	16.23	10.86	100	197
4	9	4	0	24	0	521.999931	404.244367	10.821949	10.857240	-1	###LINE###
5	9	4	0	24	0	522.00	404.24	10.82	10.86	100	37
4	9	4	0	25	0	516.599903	417.444397	16.232924	10.857240	-1	###LINE###
5	9	4	0	25	0	516.60	417.44	16.23	10.86	100	264
4	9	4	0	26	0	516.599903	430.644396	16.232924	10.857240	-1	###LINE###
5	9	4	0	26	0	516.60	430.64	16.23	10.86	100	316
4	9	4	0	27	0	503.039929	444.084387	29.750628	10.857240	-1	###LINE###
5	9	4	0	27	0	503.04	444.08	29.75	10.86	100	28,931
3	9	5	0	0	0	584.279905	54.115290	171.619073	13.404001	-1	###FLOW###
4	9	5	0	0	0	584.279905	54.115290	171.619073	13.404001	-1	###LINE###
5	9	5	0	0	0	584.28	54.12	26.72	13.40	100	2022
5	9	5	0	0	1	614.49	54.12	44.86	13.40	100	Primary
5	9	5	0	0	2	662.36	54.12	46.82	13.40	100	Election
5	9	5	0	0	3	712.53	54.12	43.37	13.40	100	Results
3	9	5	1	0	0	596.639907	89.964445	29.792898	364.977182	-1	###FLOW###
4	9	5	1	0	0	605.879895	89.964445	20.544186	10.857240	-1	###LINE###
5	9	5	1	0	0	605.88	89.96	20.54	10.86	100	Ruth
4	9	5	1	1	0	604.679924	101.124419	21.712022	10.857240	-1	###LINE###
5	9	5	1	1	0	604.68	101.12	21.71	10.86	100	GAO
4	9	5	1	2	0	615.599910	114.444414	10.821949	10.857240	-1	###LINE###
5	9	5	1	2	0	615.60	114.44	10.82	10.86	100	42
4	9	5	1	3	0	610.199881	127.644413	16.232924	10.857240	-1	###LINE###
5	9	5	1	3	0	610.20	127.64	16.23	10.86	100	186
4	9	5	1	4	0	610.199881	140.844412	16.232924	10.857240	-1	###LINE###
5	9	5	1	4	0	610.20	140.84	16.23	10.86	100	320
4	9	5	1	5	0	615.599910	154.044411	10.821949	10.857240	-1	###LINE###
5	9	5	1	5	0	615.60	154.04	10.82	10.86	100	74
4	9	5	1	6	0	615.599910	167.124414	10.821949	10.857240	-1	###LINE###
5	9	5	1	6	0	615.60	167.12	10.82	10.86	100	91
4	9	5	1	7	0	615.599910	180.324414	10.821949	10.857240	-1	###LINE###
5	9	5	1	7	0	615.60	180.32	10.82	10.86	100	32
4	9	5	1	8	0	615.599910	193.524413	10.821949	10.857240	-1	###LINE###
5	9	5	1	8	0	615.60	193.52	10.82	10.86	100	14
4	9	5	1	9	0	610.199881	206.724412	16.232924	10.857240	-1	###LINE###
5	9	5	1	9	0	610.20	206.72	16.23	10.86	100	145
4	9	5	1	10	0	615.599910	219.804414	10.821949	10.857240	-1	###LINE###
5	9	5	1	10	0	615.60	219.80	10.82	10.86	100	27
4	9	5	1	11	0	610.199881	233.004413	16.232924	10.857240	-1	###LINE###
5	9	5	1	11	0	610.20	233.00	16.23	10.86	100	245
4	9	5	1	12	0	610.199881	246.204412	16.232924	10.857240	-1	###LINE###
5	9	5	1	12	0	610.20	246.20	16.23	10.86	100	151
4	9	5	1	13	0	615.599910	259.404381	10.821949	10.857240	-1	###LINE###
5	9	5	1	13	0	615.60	259.40	10.82	10.86	100	53
4	9	5	1	14	0	615.599910	272.484384	10.821949	10.857240	-1	###LINE###
5	9	5	1	14	0	615.60	272.48	10.82	10.86	100	90
4	9	5	1	15	0	615.599910	285.684383	10.821949	10.857240	-1	###LINE###
5	9	5	1	15	0	615.60	285.68	10.82	10.86	100	80
4	9	5	1	16	0	615.599910	298.884382	10.821949	10.857240	-1	###LINE###
5	9	5	1	16	0	615.60	298.88	10.82	10.86	100	43
4	9	5	1	17	0	615.599910	312.084381	10.821949	10.857240	-1	###LINE###
5	9	5	1	17	0	615.60	312.08	10.82	10.86	100	89
4	9	5	1	18	0	610.199881	325.164384	16.232924	10.857240	-1	###LINE###
5	9	5	1	18	0	610.20	325.16	16.23	10.86	100	106
4	9	5	1	19	0	610.199881	338.364383	16.232924	10.857240	-1	###LINE###
5	9	5	1	19	0	610.20	338.36	16.23	10.86	100	133
4	9	5	1	20	0	610.199881	351.564367	16.232924	10.857240	-1	###LINE###
5	9	5	1	20	0	610.20	351.56	16.23	10.86	100	295
4	9	5	1	21	0	615.599910	364.764366	10.821949	10.857240	-1	###LINE###
5	9	5	1	21	0	615.60	364.76	10.82	10.86	100	47
4	9	5	1	22	0	615.599910	377.844369	10.821949	10.857240	-1	###LINE###
5	9	5	1	22	0	615.60	377.84	10.82	10.86	100	48
4	9	5	1	23	0	615.599910	391.044368	10.821949	10.857240	-1	###LINE###
5	9	5	1	23	0	615.60	391.04	10.82	10.86	100	99
4	9	5	1	24	0	615.599910	404.244367	10.821949	10.857240	-1	###LINE###
5	9	5	1	24	0	615.60	404.24	10.82	10.86	100	41
4	9	5	1	25	0	615.599910	417.444397	10.821949	10.857240	-1	###LINE###
5	9	5	1	25	0	615.60	417.44	10.82	10.86	100	90
4	9	5	1	26	0	610.199881	430.644396	16.232924	10.857240	-1	###LINE###
5	9	5	1	26	0	610.20	430.64	16.23	10.86	100	186
4	9	5	1	27	0	596.639907	444.084387	29.750628	10.857240	-1	###LINE###
5	9	5	1	27	0	596.64	444.08	29.75	10.86	100	18,154
1	10	0	0	0	0	0.000000	0.000000	792.000000	612.000000	-1	###PAGE###
3	10	0	0	0	0	270.479967	198.146192	251.051264	32.390746	-1	###FLOW###
4	10	0	0	0	0	299.759939	198.146192	192.474066	15.950760	-1	###LINE###
5	10	0	0	0	0	299.76	198.15	106.66	15.95	100	Commonwealth
5	10	0	0	0	1	410.39	198.15	13.48	15.95	100	of
5	10	0	0	0	2	427.91	198.15	64.32	15.95	100	Kentucky
4	10	0	0	1	0	270.479967	214.586178	251.051264	15.950760	-1	###LINE###
5	10	0	0	1	0	270.48	214.59	52.24	15.95	100	Michael
5	10	0	0	1	1	326.63	214.59	15.07	15.95	100	G.
5	10	0	0	1	2	345.60	214.59	51.00	15.95	100	Adams,
5	10	0	0	1	3	400.56	214.59	64.83	15.95	100	Secretary
5	10	0	0	1	4	469.19	214.59	13.48	15.95	100	of
5	10	0	0	1	5	486.59	214.59	34.94	15.95	100	State
3	10	0	1	0	0	267.959970	263.906165	256.084014	32.390776	-1	###FLOW###
4	10	0	1	0	0	352.439952	263.906165	87.115175	15.950760	-1	###LINE###
5	10	0	1	0	0	352.44	263.91	27.81	15.95	100	May
5	10	0	1	0	1	383.99	263.91	19.86	15.95	100	17,
5	10	0	1	0	2	407.76	263.91	31.80	15.95	100	2022
4	10	0	1	1	0	267.959970	280.346181	256.084014	15.950760	-1	###LINE###
5	10	0	1	1	0	267.96	280.35	48.41	15.95	100	Official
5	10	0	1	1	1	320.39	280.35	31.80	15.95	100	2022
5	10	0	1	1	2	356.03	280.35	53.07	15.95	100	Primary
5	10	0	1	1	3	412.91	280.35	55.55	15.95	100	Election
5	10	0	1	1	4	472.43	280.35	51.61	15.95	100	Results
3	10	0	2	0	0	254.039961	329.666198	283.935706	32.390746	-1	###FLOW###
4	10	0	2	0	0	341.879938	329.666198	108.032539	15.950760	-1	###LINE###
5	10	0	2	0	0	341.88	329.67	23.00	15.95	100	For
5	10	0	2	0	1	368.87	329.67	21.43	15.95	100	the
5	10	0	2	0	2	394.31	329.67	38.10	15.95	100	office
5	10	0	2	0	3	436.43	329.67	13.48	15.95	100	of
4	10	0	2	1	0	254.039961	346.106184	283.935706	15.950760	-1	###LINE###
5	10	0	2	1	0	254.04	346.11	44.44	15.95	100	United
5	10	0	2	1	1	302.51	346.11	42.89	15.95	100	States
5	10	0	2	1	2	349.32	346.11	102.14	15.95	100	Representative
5	10	0	2	1	3	455.39	346.11	12.68	15.95	100	in
5	10	0	2	1	4	472.08	346.11	65.90	15.95	100	Congress
1	11	0	0	0	0	0.000000	0.000000	792.000000	612.000000	-1	###PAGE###
3	11	0	0	0	0	35.999994	54.115290	161.658823	13.404001	-1	###FLOW###
4	11	0	0	0	0	35.999994	54.115290	161.658823	13.404001	-1	###LINE###
5	11	0	0	0	0	36.00	54.12	89.57	13.40	100	Commonwealth
5	11	0	0	0	1	128.96	54.12	11.33	13.40	100	of
5	11	0	0	0	2	143.60	54.12	54.05	13.40	100	Kentucky
3	11	1	0	0	0	289.919964	54.115290	211.964694	13.404001	-1	###FLOW###
4	11	1	0	0	0	289.919964	54.115290	211.964694	13.404001	-1	###LINE###
5	11	1	0	0	0	289.92	54.12	44.03	13.40	100	Michael
5	11	1	0	0	1	337.40	54.12	12.66	13.40	100	G.
5	11	1	0	0	2	353.48	54.12	43.01	13.40	100	Adams,
5	11	1	0	0	3	399.93	54.12	54.90	13.40	100	Secretary
5	11	1	0	0	4	457.89	54.12	11.33	13.40	100	of
5	11	1	0	0	5	472.52	54.12	29.36	13.40	100	State
3	11	2	0	0	0	584.279905	54.115290	171.619073	13.404001	-1	###FLOW###
4	11	2	0	0	0	584.279905	54.115290	171.619073	13.404001	-1	###LINE###
5	11	2	0	0	0	584.28	54.12	26.72	13.40	100	2022
5	11	2	0	0	1	614.49	54.12	44.86	13.40	100	Primary
5	11	2	0	0	2	662.36	54.12	46.82	13.40	100	Election
5	11	2	0	0	3	712.53	54.12	43.37	13.40	100	Results
3	11	3	0	0	0	276.479951	111.955306	238.937868	41.003991	-1	###FLOW###
4	11	3	0	0	0	276.479951	111.955306	238.937868	13.404001	-1	###LINE###
5	11	3	0	0	0	276.48	111.96	37.34	13.40	100	United
5	11	3	0	0	1	317.13	111.96	36.04	13.40	100	States
5	11	3	0	0	2	356.61	111.96	86.03	13.40	100	Representative
5	11	3	0	0	3	446.00	111.96	10.66	13.40	100	in
5	11	3	0	0	4	460.04	111.96	55.38	13.40	100	Congress
4	11	3	0	1	0	319.439949	125.755316	152.924081	13.404001	-1	###LINE###
5	11	3	0	1	0	319.44	125.76	21.34	13.40	100	2nd
5	11	3	0	1	1	344.12	125.76	83.50	13.40	100	Congressional
5	11	3	0	1	2	431.00	125.76	41.37	13.40	100	District
4	11	3	0	2	0	347.039954	139.555296	98.280875	13.404001	-1	###LINE###
5	11	3	0	2	0	347.04	139.56	64.81	13.40	100	Republican
5	11	3	0	2	1	415.16	139.56	30.16	13.40	100	Party
3	11	4	0	0	0	190.799966	188.844411	54.070817	274.617214	-1	###FLOW###
4	11	4	0	0	0	190.799966	188.844411	29.195906	10.857240	-1	###LINE###
5	11	4	0	0	0	190.80	188.84	29.20	10.86	100	Barren
4	11	4	0	1	0	190.799966	202.044410	54.070817	10.857240	-1	###LINE###
5	11	4	0	1	0	190.80	202.04	54.07	10.86	100	Breckinridge
4	11	4	0	2	0	190.799966	215.244409	23.765467	10.857240	-1	###LINE###
5	11	4	0	2	0	190.80	215.24	23.77	10.86	100	Bullitt
4	11	4	0	3	0	190.799966	228.444408	25.400438	10.857240	-1	###LINE###
5	11	4	0	3	0	190.80	228.44	25.40	10.86	100	Butler
4	11	4	0	4	0	190.799966	241.524412	34.606880	10.857240	-1	###LINE###
5	11	4	0	4	0	190.80	241.52	34.61	10.86	100	Daviess
4	11	4	0	5	0	190.799966	254.724411	46.411758	10.857240	-1	###LINE###
5	11	4	0	5	0	190.80	254.72	46.41	10.86	100	Edmonson
4	11	4	0	6	0	190.799966	267.924379	36.563006	10.857240	-1	###LINE###
5	11	4	0	6	0	190.80	267.92	36.56	10.86	100	Grayson
4	11	4	0	7	0	190.799966	281.124379	27.035409	10.857240	-1	###LINE###
5	11	4	0	7	0	190.80	281.12	27.04	10.86	100	Green
4	11	4	0	8	0	190.799966	294.204381	37.857358	10.857240	-1	###LINE###
5	11	4	0	8	0	190.80	294.20	37.86	10.86	100	Hancock
4	11	4	0	9	0	190.799966	307.404380	28.563328	10.857240	-1	###LINE###
5	11	4	0	9	0	190.80	307.40	28.56	10.86	100	Hardin
4	11	4	0	10	0	190.799966	320.604379	18.373957	10.857240	-1	###LINE###
5	11	4	0	10	0	190.80	320.60	18.37	10.86	100	Hart
4	11	4	0	11	0	190.799966	333.804378	40.212494	10.857240	-1	###LINE###
5	11	4	0	11	0	190.80	333.80	40.21	10.86	100	Jefferson
4	11	4	0	12	0	190.799966	346.884382	24.884644	10.857240	-1	###LINE###
5	11	4	0	12	0	190.80	346.88	24.88	10.86	100	Larue
4	11	4	0	13	0	190.799966	360.084365	27.054873	10.857240	-1	###LINE###
5	11	4	0	13	0	190.80	360.08	27.05	10.86	100	Logan
4	11	4	0	14	0	190.799966	373.284365	34.616612	10.857240	-1	###LINE###
5	11	4	0	14	0	190.80	373.28	34.62	10.86	100	McLean
4	11	4	0	15	0	190.799966	386.484394	29.653308	10.857240	-1	###LINE###
5	11	4	0	15	0	190.80	386.48	29.65	10.86	100	Meade
4	11	4	0	16	0	190.799966	399.564366	51.287474	10.857240	-1	###LINE###
5	11	4	0	16	0	190.80	399.56	51.29	10.86	100	Muhlenberg
4	11	4	0	17	0	190.799966	412.764396	30.285886	10.857240	-1	###LINE###
5	11	4	0	17	0	190.80	412.76	30.29	10.86	100	Nelson
4	11	4	0	18	0	190.799966	425.964395	20.544186	10.857240	-1	###LINE###
5	11	4	0	18	0	190.80	425.96	20.54	10.86	100	Ohio
4	11	4	0	19	0	190.799966	439.164394	32.426919	10.857240	-1	###LINE###
5	11	4	0	19	0	190.80	439.16	32.43	10.86	100	Warren
4	11	4	0	20	0	190.799966	452.604385	52.328795	10.857240	-1	###LINE###
5	11	4	0	20	0	190.80	452.60	23.10	10.86	100	Total
5	11	4	0	20	1	216.65	452.60	26.48	10.86	100	Votes
3	11	5	0	0	0	341.639956	164.364412	43.592916	299.097214	-1	###FLOW###
4	11	5	0	0	0	352.559943	164.364412	32.572899	10.857240	-1	###LINE###
5	11	5	0	0	0	352.56	164.36	9.18	10.86	100	S.
5	11	5	0	0	1	364.49	164.36	20.64	10.86	100	Brett
4	11	5	0	1	0	341.639956	175.524417	43.492167	10.857240	-1	###LINE###
5	11	5	0	1	0	341.64	175.52	43.49	10.86	100	GUTHRIE
4	11	5	0	2	0	360.839941	188.844411	24.339653	10.857240	-1	###LINE###
5	11	5	0	2	0	360.84	188.84	24.34	10.86	100	2,899
4	11	5	0	3	0	360.839941	202.044410	24.339653	10.857240	-1	###LINE###
5	11	5	0	3	0	360.84	202.04	24.34	10.86	100	2,307
4	11	5	0	4	0	360.839941	215.244409	24.339653	10.857240	-1	###LINE###
5	11	5	0	4	0	360.84	215.24	24.34	10.86	100	4,660
4	11	5	0	5	0	360.839941	228.444408	24.339653	10.857240	-1	###LINE###
5	11	5	0	5	0	360.84	228.44	24.34	10.86	100	2,427
4	11	5	0	6	0	360.839941	241.524412	24.339653	10.857240	-1	###LINE###
5	11	5	0	6	0	360.84	241.52	24.34	10.86	100	6,814
4	11	5	0	7	0	360.839941	254.724411	24.339653	10.857240	-1	###LINE###
5	11	5	0	7	0	360.84	254.72	24.34	10.86	100	2,289
4	11	5	0	8	0	360.839941	267.924379	24.339653	10.857240	-1	###LINE###
5	11	5	0	8	0	360.84	267.92	24.34	10.86	100	3,198
4	11	5	0	9	0	360.839941	281.124379	24.339653	10.857240	-1	###LINE###
5	11	5	0	9	0	360.84	281.12	24.34	10.86	100	2,100
4	11	5	0	10	0	368.999948	294.204381	16.232924	10.857240	-1	###LINE###
5	11	5	0	10	0	369.00	294.20	16.23	10.86	100	659
4	11	5	0	11	0	360.839941	307.404380	24.339653	10.857240	-1	###LINE###
5	11	5	0	11	0	360.84	307.40	24.34	10.86	100	5,203
4	11	5	0	12	0	368.999948	320.604379	16.232924	10.857240	-1	###LINE###
5	11	5	0	12	0	369.00	320.60	16.23	10.86	100	873
4	11	5	0	13	0	360.839941	333.804378	24.339653	10.857240	-1	###LINE###
5	11	5	0	13	0	360.84	333.80	24.34	10.86	100	2,529
4	11	5	0	14	0	360.839941	346.884382	24.339653	10.857240	-1	###LINE###
5	11	5	0	14	0	360.84	346.88	24.34	10.86	100	1,352
4	11	5	0	15	0	368.999948	360.084365	16.232924	10.857240	-1	###LINE###
5	11	5	0	15	0	369.00	360.08	16.23	10.86	100	184
4	11	5	0	16	0	368.999948	373.284365	16.232924	10.857240	-1	###LINE###
5	11	5	0	16	0	369.00	373.28	16.23	10.86	100	627
4	11	5	0	17	0	360.839941	386.484394	24.339653	10.857240	-1	###LINE###
5	11	5	0	17	0	360.84	386.48	24.34	10.86	100	2,022
4	11	5	0	18	0	360.839941	399.564366	24.339653	10.857240	-1	###LINE###
5	11	5	0	18	0	360.84	399.56	24.34	10.86	100	1,373
4	11	5	0	19	0	360.839941	412.764396	24.339653	10.857240	-1	###LINE###
5	11	5	0	19	0	360.84	412.76	24.34	10.86	100	1,021
4	11	5	0	20	0	360.839941	425.964395	24.339653	10.857240	-1	###LINE###
5	11	5	0	20	0	360.84	425.96	24.34	10.86	100	2,680
4	11	5	0	21	0	360.839941	439.164394	24.339653	10.857240	-1	###LINE###
5	11	5	0	21	0	360.84	439.16	24.34	10.86	100	7,048
4	11	5	0	22	0	355.439943	452.604385	29.750628	10.857240	-1	###LINE###
5	11	5	0	22	0	355.44	452.60	29.75	10.86	100	52,265
3	11	6	0	0	0	459.119940	164.364412	34.112914	299.097214	-1	###FLOW###
4	11	6	0	0	0	464.999932	164.364412	28.164317	10.857240	-1	###LINE###
5	11	6	0	0	0	465.00	164.36	9.18	10.86	100	E.
5	11	6	0	0	1	476.93	164.36	16.23	10.86	100	Lee
4	11	6	0	1	0	459.119940	175.524417	34.081354	10.857240	-1	###LINE###
5	11	6	0	1	0	459.12	175.52	34.08	10.86	100	WATTS
4	11	6	0	2	0	476.999931	188.844411	16.232924	10.857240	-1	###LINE###
5	11	6	0	2	0	477.00	188.84	16.23	10.86	100	624
4	11	6	0	3	0	476.999931	202.044410	16.232924	10.857240	-1	###LINE###
5	11	6	0	3	0	477.00	202.04	16.23	10.86	100	614
4	11	6	0	4	0	468.839924	215.244409	24.339653	10.857240	-1	###LINE###
5	11	6	0	4	0	468.84	215.24	24.34	10.86	100	1,409
4	11	6	0	5	0	476.999931	228.444408	16.232924	10.857240	-1	###LINE###
5	11	6	0	5	0	477.00	228.44	16.23	10.86	100	333
4	11	6	0	6	0	468.839924	241.524412	24.339653	10.857240	-1	###LINE###
5	11	6	0	6	0	468.84	241.52	24.34	10.86	100	1,402
4	11	6	0	7	0	476.999931	254.724411	16.232924	10.857240	-1	###LINE###
5	11	6	0	7	0	477.00	254.72	16.23	10.86	100	288
4	11	6	0	8	0	476.999931	267.924379	16.232924	10.857240	-1	###LINE###
5	11	6	0	8	0	477.00	267.92	16.23	10.86	100	509
4	11	6	0	9	0	476.999931	281.124379	16.232924	10.857240	-1	###LINE###
5	11	6	0	9	0	477.00	281.12	16.23	10.86	100	446
4	11	6	0	10	0	476.999931	294.204381	16.232924	10.857240	-1	###LINE###
5	11	6	0	10	0	477.00	294.20	16.23	10.86	100	232
4	11	6	0	11	0	468.839924	307.404380	24.339653	10.857240	-1	###LINE###
5	11	6	0	11	0	468.84	307.40	24.34	10.86	100	1,505
4	11	6	0	12	0	476.999931	320.604379	16.232924	10.857240	-1	###LINE###
5	11	6	0	12	0	477.00	320.60	16.23	10.86	100	372
4	11	6	0	13	0	476.999931	333.804378	16.232924	10.857240	-1	###LINE###
5	11	6	0	13	0	477.00	333.80	16.23	10.86	100	646
4	11	6	0	14	0	476.999931	346.884382	16.232924	10.857240	-1	###LINE###
5	11	6	0	14	0	477.00	346.88	16.23	10.86	100	342
4	11	6	0	15	0	482.399928	360.084365	10.821949	10.857240	-1	###LINE###
5	11	6	0	15	0	482.40	360.08	10.82	10.86	100	35
4	11	6	0	16	0	476.999931	373.284365	16.232924	10.857240	-1	###LINE###
5	11	6	0	16	0	477.00	373.28	16.23	10.86	100	123
4	11	6	0	17	0	476.999931	386.484394	16.232924	10.857240	-1	###LINE###
5	11	6	0	17	0	477.00	386.48	16.23	10.86	100	613
4	11	6	0	18	0	476.999931	399.564366	16.232924	10.857240	-1	###LINE###
5	11	6	0	18	0	477.00	399.56	16.23	10.86	100	313
4	11	6	0	19	0	476.999931	412.764396	16.232924	10.857240	-1	###LINE###
5	11	6	0	19	0	477.00	412.76	16.23	10.86	100	377
4	11	6	0	20	0	476.999931	425.964395	16.232924	10.857240	-1	###LINE###
5	11	6	0	20	0	477.00	425.96	16.23	10.86	100	781
4	11	6	0	21	0	468.839924	439.164394	24.339653	10.857240	-1	###LINE###
5	11	6	0	21	0	468.84	439.16	24.34	10.86	100	1,032
4	11	6	0	22	0	463.439926	452.604385	29.750628	10.857240	-1	###LINE###
5	11	6	0	22	0	463.44	452.60	29.75	10.86	100	11,996
3	11	7	0	0	0	568.439916	164.364412	32.825930	299.097214	-1	###FLOW###
4	11	7	0	0	0	577.919887	164.364412	23.239941	10.857240	-1	###LINE###
5	11	7	0	0	0	577.92	164.36	23.24	10.86	100	Brent
4	11	7	0	1	0	568.439916	175.524417	32.825930	10.857240	-1	###LINE###
5	11	7	0	1	0	568.44	175.52	32.83	10.86	100	FEHER
4	11	7	0	2	0	590.399881	188.844411	10.821949	10.857240	-1	###LINE###
5	11	7	0	2	0	590.40	188.84	10.82	10.86	100	88
4	11	7	0	3	0	584.999913	202.044410	16.232924	10.857240	-1	###LINE###
5	11	7	0	3	0	585.00	202.04	16.23	10.86	100	118
4	11	7	0	4	0	584.999913	215.244409	16.232924	10.857240	-1	###LINE###
5	11	7	0	4	0	585.00	215.24	16.23	10.86	100	340
4	11	7	0	5	0	590.399881	228.444408	10.821949	10.857240	-1	###LINE###
5	11	7	0	5	0	590.40	228.44	10.82	10.86	100	98
4	11	7	0	6	0	584.999913	241.524412	16.232924	10.857240	-1	###LINE###
5	11	7	0	6	0	585.00	241.52	16.23	10.86	100	398
4	11	7	0	7	0	590.399881	254.724411	10.821949	10.857240	-1	###LINE###
5	11	7	0	7	0	590.40	254.72	10.82	10.86	100	71
4	11	7	0	8	0	584.999913	267.924379	16.232924	10.857240	-1	###LINE###
5	11	7	0	8	0	585.00	267.92	16.23	10.86	100	161
4	11	7	0	9	0	590.399881	281.124379	10.821949	10.857240	-1	###LINE###
5	11	7	0	9	0	590.40	281.12	10.82	10.86	100	69
4	11	7	0	10	0	590.399881	294.204381	10.821949	10.857240	-1	###LINE###
5	11	7	0	10	0	590.40	294.20	10.82	10.86	100	31
4	11	7	0	11	0	584.999913	307.404380	16.232924	10.857240	-1	###LINE###
5	11	7	0	11	0	585.00	307.40	16.23	10.86	100	269
4	11	7	0	12	0	590.399881	320.604379	10.821949	10.857240	-1	###LINE###
5	11	7	0	12	0	590.40	320.60	10.82	10.86	100	36
4	11	7	0	13	0	584.999913	333.804378	16.232924	10.857240	-1	###LINE###
5	11	7	0	13	0	585.00	333.80	16.23	10.86	100	262
4	11	7	0	14	0	590.399881	346.884382	10.821949	10.857240	-1	###LINE###
5	11	7	0	14	0	590.40	346.88	10.82	10.86	100	47
4	11	7	0	15	0	595.799908	360.084365	5.410975	10.857240	-1	###LINE###
5	11	7	0	15	0	595.80	360.08	5.41	10.86	100	6
4	11	7	0	16	0	590.399881	373.284365	10.821949	10.857240	-1	###LINE###
5	11	7	0	16	0	590.40	373.28	10.82	10.86	100	36
4	11	7	0	17	0	584.999913	386.484394	16.232924	10.857240	-1	###LINE###
5	11	7	0	17	0	585.00	386.48	16.23	10.86	100	117
4	11	7	0	18	0	584.999913	399.564366	16.232924	10.857240	-1	###LINE###
5	11	7	0	18	0	585.00	399.56	16.23	10.86	100	110
4	11	7	0	19	0	590.399881	412.764396	10.821949	10.857240	-1	###LINE###
5	11	7	0	19	0	590.40	412.76	10.82	10.86	100	55
4	11	7	0	20	0	584.999913	425.964395	16.232924	10.857240	-1	###LINE###
5	11	7	0	20	0	585.00	425.96	16.23	10.86	100	160
4	11	7	0	21	0	584.999913	439.164394	16.232924	10.857240	-1	###LINE###
5	11	7	0	21	0	585.00	439.16	16.23	10.86	100	209
4	11	7	0	22	0	576.839906	452.604385	24.339653	10.857240	-1	###LINE###
5	11	7	0	22	0	576.84	452.60	24.34	10.86	100	2,681
1	12	0	0	0	0	0.000000	0.000000	792.000000	612.000000	-1	###PAGE###
3	12	0	0	0	0	35.999994	54.115290	161.658823	13.404001	-1	###FLOW###
4	12	0	0	0	0	35.999994	54.115290	161.658823	13.404001	-1	###LINE###
5	12	0	0	0	0	36.00	54.12	89.57	13.40	100	Commonwealth
5	12	0	0	0	1	128.96	54.12	11.33	13.40	100	of
5	12	0	0	0	2	143.60	54.12	54.05	13.40	100	Kentucky
3	12	1	0	0	0	289.919964	54.115290	211.964694	13.404001	-1	###FLOW###
4	12	1	0	0	0	289.919964	54.115290	211.964694	13.404001	-1	###LINE###
5	12	1	0	0	0	289.92	54.12	44.03	13.40	100	Michael
5	12	1	0	0	1	337.40	54.12	12.66	13.40	100	G.
5	12	1	0	0	2	353.48	54.12	43.01	13.40	100	Adams,
5	12	1	0	0	3	399.93	54.12	54.90	13.40	100	Secretary
5	12	1	0	0	4	457.89	54.12	11.33	13.40	100	of
5	12	1	0	0	5	472.52	54.12	29.36	13.40	100	State
3	12	2	0	0	0	276.479951	111.955306	238.937868	41.003991	-1	###FLOW###
4	12	2	0	0	0	276.479951	111.955306	238.937868	13.404001	-1	###LINE###
5	12	2	0	0	0	276.48	111.96	37.34	13.40	100	United
5	12	2	0	0	1	317.13	111.96	36.04	13.40	100	States
5	12	2	0	0	2	356.61	111.96	86.03	13.40	100	Representative
5	12	2	0	0	3	446.00	111.96	10.66	13.40	100	in
5	12	2	0	0	4	460.04	111.96	55.38	13.40	100	Congress
4	12	2	0	1	0	319.439949	125.755316	152.924081	13.404001	-1	###LINE###
5	12	2	0	1	0	319.44	125.76	21.34	13.40	100	2nd
5	12	2	0	1	1	344.12	125.76	83.50	13.40	100	Congressional
5	12	2	0	1	2	431.00	125.76	41.37	13.40	100	District
4	12	2	0	2	0	346.679950	139.555296	98.881614	13.404001	-1	###LINE###
5	12	2	0	2	0	346.68	139.56	65.41	13.40	100	Democratic
5	12	2	0	2	1	415.52	139.56	30.04	13.40	100	Party
3	12	3	0	0	0	244.799973	188.844411	54.070817	274.617214	-1	###FLOW###
4	12	3	0	0	0	244.799973	188.844411	29.195906	10.857240	-1	###LINE###
5	12	3	0	0	0	244.80	188.84	29.20	10.86	100	Barren
4	12	3	0	1	0	244.799973	202.044410	54.070817	10.857240	-1	###LINE###
5	12	3	0	1	0	244.80	202.04	54.07	10.86	100	Breckinridge
4	12	3	0	2	0	244.799973	215.244409	23.765467	10.857240	-1	###LINE###
5	12	3	0	2	0	244.80	215.24	23.77	10.86	100	Bullitt
4	12	3	0	3	0	244.799973	228.444408	25.400438	10.857240	-1	###LINE###
5	12	3	0	3	0	244.80	228.44	25.40	10.86	100	Butler
4	12	3	0	4	0	244.799973	241.524412	34.606880	10.857240	-1	###LINE###
5	12	3	0	4	0	244.80	241.52	34.61	10.86	100	Daviess
4	12	3	0	5	0	244.799973	254.724411	46.411758	10.857240	-1	###LINE###
5	12	3	0	5	0	244.80	254.72	46.41	10.86	100	Edmonson
4	12	3	0	6	0	244.799973	267.924379	36.563006	10.857240	-1	###LINE###
5	12	3	0	6	0	244.80	267.92	36.56	10.86	100	Grayson
4	12	3	0	7	0	244.799973	281.124379	27.035409	10.857240	-1	###LINE###
5	12	3	0	7	0	244.80	281.12	27.04	10.86	100	Green
4	12	3	0	8	0	244.799973	294.204381	37.857358	10.857240	-1	###LINE###
5	12	3	0	8	0	244.80	294.20	37.86	10.86	100	Hancock
4	12	3	0	9	0	244.799973	307.404380	28.563328	10.857240	-1	###LINE###
5	12	3	0	9	0	244.80	307.40	28.56	10.86	100	Hardin
4	12	3	0	10	0	244.799973	320.604379	18.373957	10.857240	-1	###LINE###
5	12	3	0	10	0	244.80	320.60	18.37	10.86	100	Hart
4	12	3	0	11	0	244.799973	333.804378	40.212494	10.857240	-1	###LINE###
5	12	3	0	11	0	244.80	333.80	40.21	10.86	100	Jefferson
4	12	3	0	12	0	244.799973	346.884382	24.884644	10.857240	-1	###LINE###
5	12	3	0	12	0	244.80	346.88	24.88	10.86	100	Larue
4	12	3	0	13	0	244.799973	360.084365	27.054873	10.857240	-1	###LINE###
5	12	3	0	13	0	244.80	360.08	27.05	10.86	100	Logan
4	12	3	0	14	0	244.799973	373.284365	34.616612	10.857240	-1	###LINE###
5	12	3	0	14	0	244.80	373.28	34.62	10.86	100	McLean
4	12	3	0	15	0	244.799973	386.484394	29.653308	10.857240	-1	###LINE###
5	12	3	0	15	0	244.80	386.48	29.65	10.86	100	Meade
4	12	3	0	16	0	244.799973	399.564366	51.287474	10.857240	-1	###LINE###
5	12	3	0	16	0	244.80	399.56	51.29	10.86	100	Muhlenberg
4	12	3	0	17	0	244.799973	412.764396	30.285886	10.857240	-1	###LINE###
5	12	3	0	17	0	244.80	412.76	30.29	10.86	100	Nelson
4	12	3	0	18	0	244.799973	425.964395	20.544186	10.857240	-1	###LINE###
5	12	3	0	18	0	244.80	425.96	20.54	10.86	100	Ohio
4	12	3	0	19	0	244.799973	439.164394	32.426919	10.857240	-1	###LINE###
5	12	3	0	19	0	244.80	439.16	32.43	10.86	100	Warren
4	12	3	0	20	0	244.799973	452.604385	52.328795	10.857240	-1	###LINE###
5	12	3	0	20	0	244.80	452.60	23.10	10.86	100	Total
5	12	3	0	20	1	270.65	452.60	26.48	10.86	100	Votes
3	12	4	0	0	0	381.599932	164.364412	57.661914	299.097214	-1	###FLOW###
4	12	4	0	0	0	416.519945	164.364412	22.617095	10.857240	-1	###LINE###
5	12	4	0	0	0	416.52	164.36	22.62	10.86	100	Hank
4	12	4	0	1	0	381.599932	175.524417	57.661914	10.857240	-1	###LINE###
5	12	4	0	1	0	381.60	175.52	57.66	10.86	100	LINDERMAN
4	12	4	0	2	0	422.999924	188.844411	16.232924	10.857240	-1	###LINE###
5	12	4	0	2	0	423.00	188.84	16.23	10.86	100	965
4	12	4	0	3	0	422.999924	202.044410	16.232924	10.857240	-1	###LINE###
5	12	4	0	3	0	423.00	202.04	16.23	10.86	100	450
4	12	4	0	4	0	414.839947	215.244409	24.339653	10.857240	-1	###LINE###
5	12	4	0	4	0	414.84	215.24	24.34	10.86	100	1,929
4	12	4	0	5	0	422.999924	228.444408	16.232924	10.857240	-1	###LINE###
5	12	4	0	5	0	423.00	228.44	16.23	10.86	100	115
4	12	4	0	6	0	414.839947	241.524412	24.339653	10.857240	-1	###LINE###
5	12	4	0	6	0	414.84	241.52	24.34	10.86	100	3,607
4	12	4	0	7	0	422.999924	254.724411	16.232924	10.857240	-1	###LINE###
5	12	4	0	7	0	423.00	254.72	16.23	10.86	100	158
4	12	4	0	8	0	422.999924	267.924379	16.232924	10.857240	-1	###LINE###
5	12	4	0	8	0	423.00	267.92	16.23	10.86	100	373
4	12	4	0	9	0	422.999924	281.124379	16.232924	10.857240	-1	###LINE###
5	12	4	0	9	0	423.00	281.12	16.23	10.86	100	151
4	12	4	0	10	0	422.999924	294.204381	16.232924	10.857240	-1	###LINE###
5	12	4	0	10	0	423.00	294.20	16.23	10.86	100	285
4	12	4	0	11	0	414.839947	307.404380	24.339653	10.857240	-1	###LINE###
5	12	4	0	11	0	414.84	307.40	24.34	10.86	100	2,746
4	12	4	0	12	0	422.999924	320.604379	16.232924	10.857240	-1	###LINE###
5	12	4	0	12	0	423.00	320.60	16.23	10.86	100	448
4	12	4	0	13	0	414.839947	333.804378	24.339653	10.857240	-1	###LINE###
5	12	4	0	13	0	414.84	333.80	24.34	10.86	100	1,226
4	12	4	0	14	0	422.999924	346.884382	16.232924	10.857240	-1	###LINE###
5	12	4	0	14	0	423.00	346.88	16.23	10.86	100	614
4	12	4	0	15	0	428.399953	360.084365	10.821949	10.857240	-1	###LINE###
5	12	4	0	15	0	428.40	360.08	10.82	10.86	100	52
4	12	4	0	16	0	422.999924	373.284365	16.232924	10.857240	-1	###LINE###
5	12	4	0	16	0	423.00	373.28	16.23	10.86	100	338
4	12	4	0	17	0	422.999924	386.484394	16.232924	10.857240	-1	###LINE###
5	12	4	0	17	0	423.00	386.48	16.23	10.86	100	814
4	12	4	0	18	0	414.839947	399.564366	24.339653	10.857240	-1	###LINE###
5	12	4	0	18	0	414.84	399.56	24.34	10.86	100	1,366
4	12	4	0	19	0	422.999924	412.764396	16.232924	10.857240	-1	###LINE###
5	12	4	0	19	0	423.00	412.76	16.23	10.86	100	900
4	12	4	0	20	0	422.999924	425.964395	16.232924	10.857240	-1	###LINE###
5	12	4	0	20	0	423.00	425.96	16.23	10.86	100	500
4	12	4	0	21	0	414.839947	439.164394	24.339653	10.857240	-1	###LINE###
5	12	4	0	21	0	414.84	439.16	24.34	10.86	100	3,137
4	12	4	0	22	0	409.439949	452.604385	29.750628	10.857240	-1	###LINE###
5	12	4	0	22	0	409.44	452.60	29.75	10.86	100	20,174
3	12	5	0	0	0	481.799942	164.364412	65.524896	299.097214	-1	###FLOW###
4	12	5	0	0	0	481.799942	164.364412	65.408561	10.857240	-1	###LINE###
5	12	5	0	0	0	481.80	164.36	31.87	10.86	100	William
5	12	5	0	0	1	516.29	164.36	30.92	10.86	100	Dakota
4	12	5	0	1	0	497.759922	175.524417	49.564916	10.857240	-1	###LINE###
5	12	5	0	1	0	497.76	175.52	49.56	10.86	100	COMPTON
4	12	5	0	2	0	530.999937	188.844411	16.232924	10.857240	-1	###LINE###
5	12	5	0	2	0	531.00	188.84	16.23	10.86	100	858
4	12	5	0	3	0	530.999937	202.044410	16.232924	10.857240	-1	###LINE###
5	12	5	0	3	0	531.00	202.04	16.23	10.86	100	318
4	12	5	0	4	0	522.839930	215.244409	24.339653	10.857240	-1	###LINE###
5	12	5	0	4	0	522.84	215.24	24.34	10.86	100	1,200
4	12	5	0	5	0	536.399904	228.444408	10.821949	10.857240	-1	###LINE###
5	12	5	0	5	0	536.40	228.44	10.82	10.86	100	92
4	12	5	0	6	0	522.839930	241.524412	24.339653	10.857240	-1	###LINE###
5	12	5	0	6	0	522.84	241.52	24.34	10.86	100	2,159
4	12	5	0	7	0	530.999937	254.724411	16.232924	10.857240	-1	###LINE###
5	12	5	0	7	0	531.00	254.72	16.23	10.86	100	118
4	12	5	0	8	0	530.999937	267.924379	16.232924	10.857240	-1	###LINE###
5	12	5	0	8	0	531.00	267.92	16.23	10.86	100	218
4	12	5	0	9	0	530.999937	281.124379	16.232924	10.857240	-1	###LINE###
5	12	5	0	9	0	531.00	281.12	16.23	10.86	100	152
4	12	5	0	10	0	530.999937	294.204381	16.232924	10.857240	-1	###LINE###
5	12	5	0	10	0	531.00	294.20	16.23	10.86	100	152
4	12	5	0	11	0	522.839930	307.404380	24.339653	10.857240	-1	###LINE###
5	12	5	0	11	0	522.84	307.40	24.34	10.86	100	1,705
4	12	5	0	12	0	530.999937	320.604379	16.232924	10.857240	-1	###LINE###
5	12	5	0	12	0	531.00	320.60	16.23	10.86	100	403
4	12	5	0	13	0	530.999937	333.804378	16.232924	10.857240	-1	###LINE###
5	12	5	0	13	0	531.00	333.80	16.23	10.86	100	964
4	12	5	0	14	0	530.999937	346.884382	16.232924	10.857240	-1	###LINE###
5	12	5	0	14	0	531.00	346.88	16.23	10.86	100	428
4	12	5	0	15	0	536.399904	360.084365	10.821949	10.857240	-1	###LINE###
5	12	5	0	15	0	536.40	360.08	10.82	10.86	100	54
4	12	5	0	16	0	530.999937	373.284365	16.232924	10.857240	-1	###LINE###
5	12	5	0	16	0	531.00	373.28	16.23	10.86	100	222
4	12	5	0	17	0	530.999937	386.484394	16.232924	10.857240	-1	###LINE###
5	12	5	0	17	0	531.00	386.48	16.23	10.86	100	605
4	12	5	0	18	0	522.839930	399.564366	24.339653	10.857240	-1	###LINE###
5	12	5	0	18	0	522.84	399.56	24.34	10.86	100	1,297
4	12	5	0	19	0	530.999937	412.764396	16.232924	10.857240	-1	###LINE###
5	12	5	0	19	0	531.00	412.76	16.23	10.86	100	564
4	12	5	0	20	0	530.999937	425.964395	16.232924	10.857240	-1	###LINE###
5	12	5	0	20	0	531.00	425.96	16.23	10.86	100	469
4	12	5	0	21	0	522.839930	439.164394	24.339653	10.857240	-1	###LINE###
5	12	5	0	21	0	522.84	439.16	24.34	10.86	100	2,487
4	12	5	0	22	0	517.439902	452.604385	29.750628	10.857240	-1	###LINE###
5	12	5	0	22	0	517.44	452.60	29.75	10.86	100	14,465
3	12	6	0	0	0	584.279905	54.115290	171.619073	13.404001	-1	###FLOW###
4	12	6	0	0	0	584.279905	54.115290	171.619073	13.404001	-1	###LINE###
5	12	6	0	0	0	584.28	54.12	26.72	13.40	100	2022
5	12	6	0	0	1	614.49	54.12	44.86	13.40	100	Primary
5	12	6	0	0	2	662.36	54.12	46.82	13.40	100	Election
5	12	6	0	0	3	712.53	54.12	43.37	13.40	100	Results
1	13	0	0	0	0	0.000000	0.000000	792.000000	612.000000	-1	###PAGE###
3	13	0	0	0	0	35.999994	54.115290	161.658823	13.404001	-1	###FLOW###
4	13	0	0	0	0	35.999994	54.115290	161.658823	13.404001	-1	###LINE###
5	13	0	0	0	0	36.00	54.12	89.57	13.40	100	Commonwealth
5	13	0	0	0	1	128.96	54.12	11.33	13.40	100	of
5	13	0	0	0	2	143.60	54.12	54.05	13.40	100	Kentucky
3	13	1	0	0	0	289.919964	54.115290	211.964694	13.404001	-1	###FLOW###
4	13	1	0	0	0	289.919964	54.115290	211.964694	13.404001	-1	###LINE###
5	13	1	0	0	0	289.92	54.12	44.03	13.40	100	Michael
5	13	1	0	0	1	337.40	54.12	12.66	13.40	100	G.
5	13	1	0	0	2	353.48	54.12	43.01	13.40	100	Adams,
5	13	1	0	0	3	399.93	54.12	54.90	13.40	100	Secretary
5	13	1	0	0	4	457.89	54.12	11.33	13.40	100	of
5	13	1	0	0	5	472.52	54.12	29.36	13.40	100	State
3	13	2	0	0	0	584.279905	54.115290	171.619073	13.404001	-1	###FLOW###
4	13	2	0	0	0	584.279905	54.115290	171.619073	13.404001	-1	###LINE###
5	13	2	0	0	0	584.28	54.12	26.72	13.40	100	2022
5	13	2	0	0	1	614.49	54.12	44.86	13.40	100	Primary
5	13	2	0	0	2	662.36	54.12	46.82	13.40	100	Election
5	13	2	0	0	3	712.53	54.12	43.37	13.40	100	Results
3	13	3	0	0	0	320.759943	111.955306	150.292844	41.003991	-1	###FLOW###
4	13	3	0	0	0	342.959950	111.955306	106.030406	13.404001	-1	###LINE###
5	13	3	0	0	0	342.96	111.96	16.68	13.40	100	US
5	13	3	0	0	1	362.96	111.96	86.03	13.40	100	Representative
4	13	3	0	1	0	320.759943	125.755316	150.292844	13.404001	-1	###LINE###
5	13	3	0	1	0	320.76	125.76	18.68	13.40	100	3rd
5	13	3	0	1	1	342.81	125.76	83.49	13.40	100	Congressional
5	13	3	0	1	2	429.69	125.76	41.37	13.40	100	District
4	13	3	0	2	0	347.039954	139.555296	98.280875	13.404001	-1	###LINE###
5	13	3	0	2	0	347.04	139.56	64.81	13.40	100	Republican
5	13	3	0	2	1	415.16	139.56	30.16	13.40	100	Party
3	13	3	1	0	0	215.639976	164.500579	26.583414	7.506241	-1	###FLOW###
4	13	3	1	0	0	215.639976	164.500579	26.583414	7.506241	-1	###LINE###
5	13	3	1	0	0	215.64	164.50	17.93	7.51	100	Stuart
5	13	3	1	0	1	235.50	164.50	6.72	7.51	100	N.
3	13	4	0	0	0	290.879954	164.500579	23.414396	7.506241	-1	###FLOW###
4	13	4	0	0	0	290.879954	164.500579	23.414396	7.506241	-1	###LINE###
5	13	4	0	0	0	290.88	164.50	23.41	7.51	100	Rhonda
3	13	5	0	0	0	371.999940	164.500579	14.304312	7.506241	-1	###FLOW###
4	13	5	0	0	0	371.999940	164.500579	14.304312	7.506241	-1	###LINE###
5	13	5	0	0	0	372.00	164.50	14.30	7.51	100	Mike
3	13	6	0	0	0	426.599932	164.500579	31.602707	7.506241	-1	###FLOW###
4	13	6	0	0	0	426.599932	164.500579	31.602707	7.506241	-1	###LINE###
5	13	6	0	0	0	426.60	164.50	23.64	7.51	100	Gregory
5	13	6	0	0	1	451.86	164.50	6.34	7.51	100	P.
3	13	7	0	0	0	511.439919	164.500579	18.987192	7.506241	-1	###FLOW###
4	13	7	0	0	0	511.439919	164.500579	18.987192	7.506241	-1	###LINE###
5	13	7	0	0	0	511.44	164.50	18.99	7.51	100	Daniel
3	13	8	0	0	0	584.639879	164.500579	17.654993	7.506241	-1	###FLOW###
4	13	8	0	0	0	584.639879	164.500579	17.654993	7.506241	-1	###LINE###
5	13	8	0	0	0	584.64	164.50	17.65	7.51	100	Justin
3	13	9	0	0	0	622.559884	164.500579	51.740433	7.506241	-1	###FLOW###
4	13	9	0	0	0	622.559884	164.500579	51.740433	7.506241	-1	###LINE###
5	13	9	0	0	0	622.56	164.50	19.84	7.51	100	Darien
5	13	9	0	0	1	644.22	164.50	6.72	7.51	100	D.
5	13	9	0	0	2	652.86	164.50	21.44	7.51	100	Barrios
3	13	10	0	0	0	222.359968	172.404395	20.038123	10.857240	-1	###FLOW###
4	13	10	0	0	0	222.359968	172.404395	20.038123	10.857240	-1	###LINE###
5	13	10	0	0	0	222.36	172.40	20.04	10.86	100	RAY
3	13	11	0	0	0	269.399955	172.404395	44.874107	10.857240	-1	###FLOW###
4	13	11	0	0	0	269.399955	172.404395	44.874107	10.857240	-1	###LINE###
5	13	11	0	0	0	269.40	172.40	44.87	10.86	100	PALAZZO
3	13	12	0	0	0	345.839951	172.404395	40.504453	10.857240	-1	###FLOW###
4	13	12	0	0	0	345.839951	172.404395	40.504453	10.857240	-1	###LINE###
5	13	12	0	0	0	345.84	172.40	40.50	10.86	100	CRAVEN
3	13	13	0	0	0	409.919945	172.404395	48.348420	10.857240	-1	###FLOW###
4	13	13	0	0	0	409.919945	172.404395	48.348420	10.857240	-1	###LINE###
5	13	13	0	0	0	409.92	172.40	48.35	10.86	100	PUCCETTI
3	13	14	0	0	0	489.479923	172.404395	40.796412	10.857240	-1	###FLOW###
4	13	14	0	0	0	489.479923	172.404395	40.796412	10.857240	-1	###LINE###
5	13	14	0	0	0	489.48	172.40	40.80	10.86	100	COBBLE
3	13	15	0	0	0	552.839909	172.404395	49.555184	10.857240	-1	###FLOW###
4	13	15	0	0	0	552.839909	172.404395	49.555184	10.857240	-1	###LINE###
5	13	15	0	0	0	552.84	172.40	49.56	10.86	100	GREGORY
3	13	16	0	0	0	630.719891	172.404395	43.628415	10.857240	-1	###FLOW###
4	13	16	0	0	0	630.719891	172.404395	43.628415	10.857240	-1	###LINE###
5	13	16	0	0	0	630.72	172.40	43.63	10.86	100	MORENO
3	13	17	0	0	0	117.719981	185.980584	27.747405	7.506241	-1	###FLOW###
4	13	17	0	0	0	117.719981	185.980584	27.747405	7.506241	-1	###LINE###
5	13	17	0	0	0	117.72	185.98	27.75	7.51	100	Jefferson
3	13	18	0	0	0	225.479966	185.980584	16.827415	7.506241	-1	###FLOW###
4	13	18	0	0	0	225.479966	185.980584	16.827415	7.506241	-1	###LINE###
5	13	18	0	0	0	225.48	185.98	16.83	7.51	100	9,703
3	13	19	0	0	0	297.479954	185.980584	16.827415	7.506241	-1	###FLOW###
4	13	19	0	0	0	297.479954	185.980584	16.827415	7.506241	-1	###LINE###
5	13	19	0	0	0	297.48	185.98	16.83	7.51	100	9,645
3	13	20	0	0	0	369.479944	185.980584	16.827415	7.506241	-1	###FLOW###
4	13	20	0	0	0	369.479944	185.980584	16.827415	7.506241	-1	###LINE###
5	13	20	0	0	0	369.48	185.98	16.83	7.51	100	6,488
3	13	21	0	0	0	441.479932	185.980584	16.827415	7.506241	-1	###FLOW###
4	13	21	0	0	0	441.479932	185.980584	16.827415	7.506241	-1	###LINE###
5	13	21	0	0	0	441.48	185.98	16.83	7.51	100	2,980
3	13	22	0	0	0	513.479889	185.980584	16.827415	7.506241	-1	###FLOW###
4	13	22	0	0	0	513.479889	185.980584	16.827415	7.506241	-1	###LINE###
5	13	22	0	0	0	513.48	185.98	16.83	7.51	100	1,539
3	13	23	0	0	0	585.479878	185.980584	16.827415	7.506241	-1	###FLOW###
4	13	23	0	0	0	585.479878	185.980584	16.827415	7.506241	-1	###LINE###
5	13	23	0	0	0	585.48	185.98	16.83	7.51	100	1,293
3	13	24	0	0	0	657.479927	185.980584	16.827415	7.506241	-1	###FLOW###
4	13	24	0	0	0	657.479927	185.980584	16.827415	7.506241	-1	###LINE###
5	13	24	0	0	0	657.48	185.98	16.83	7.51	100	1,212
3	13	25	0	0	0	117.719981	196.060592	36.366325	7.506241	-1	###FLOW###
4	13	25	0	0	0	117.719981	196.060592	36.366325	7.506241	-1	###LINE###
5	13	25	0	0	0	117.72	196.06	16.15	7.51	100	Total
5	13	25	0	0	1	135.78	196.06	18.31	7.51	100	Votes
3	13	26	0	0	0	225.479966	196.060592	16.827415	7.506241	-1	###FLOW###
4	13	26	0	0	0	225.479966	196.060592	16.827415	7.506241	-1	###LINE###
5	13	26	0	0	0	225.48	196.06	16.83	7.51	100	9,703
3	13	27	0	0	0	297.479954	196.060592	16.827415	7.506241	-1	###FLOW###
4	13	27	0	0	0	297.479954	196.060592	16.827415	7.506241	-1	###LINE###
5	13	27	0	0	0	297.48	196.06	16.83	7.51	100	9,645
3	13	28	0	0	0	369.479944	196.060592	16.827415	7.506241	-1	###FLOW###
4	13	28	0	0	0	369.479944	196.060592	16.827415	7.506241	-1	###LINE###
5	13	28	0	0	0	369.48	196.06	16.83	7.51	100	6,488
3	13	29	0	0	0	441.479932	196.060592	16.827415	7.506241	-1	###FLOW###
4	13	29	0	0	0	441.479932	196.060592	16.827415	7.506241	-1	###LINE###
5	13	29	0	0	0	441.48	196.06	16.83	7.51	100	2,980
3	13	30	0	0	0	513.479889	196.060592	16.827415	7.506241	-1	###FLOW###
4	13	30	0	0	0	513.479889	196.060592	16.827415	7.506241	-1	###LINE###
5	13	30	0	0	0	513.48	196.06	16.83	7.51	100	1,539
3	13	31	0	0	0	585.479878	196.060592	16.827415	7.506241	-1	###FLOW###
4	13	31	0	0	0	585.479878	196.060592	16.827415	7.506241	-1	###LINE###
5	13	31	0	0	0	585.48	196.06	16.83	7.51	100	1,293
3	13	32	0	0	0	657.479927	196.060592	16.827415	7.506241	-1	###FLOW###
4	13	32	0	0	0	657.479927	196.060592	16.827415	7.506241	-1	###LINE###
5	13	32	0	0	0	657.48	196.06	16.83	7.51	100	1,212
3	13	33	0	0	0	320.759943	230.155286	150.292844	41.003991	-1	###FLOW###
4	13	33	0	0	0	342.959950	230.155286	106.030406	13.404001	-1	###LINE###
5	13	33	0	0	0	342.96	230.16	16.68	13.40	100	US
5	13	33	0	0	1	362.96	230.16	86.03	13.40	100	Representative
4	13	33	0	1	0	320.759943	243.955297	150.292844	13.404001	-1	###LINE###
5	13	33	0	1	0	320.76	243.96	18.68	13.40	100	3rd
5	13	33	0	1	1	342.81	243.96	83.49	13.40	100	Congressional
5	13	33	0	1	2	429.69	243.96	41.37	13.40	100	District
4	13	33	0	2	0	346.679950	257.755276	98.881614	13.404001	-1	###LINE###
5	13	33	0	2	0	346.68	257.76	65.41	13.40	100	Democratic
5	13	33	0	2	1	415.52	257.76	30.04	13.40	100	Party
3	13	34	0	0	0	244.799973	307.164388	52.328795	24.297262	-1	###FLOW###
4	13	34	0	0	0	244.799973	307.164388	40.212494	10.857240	-1	###LINE###
5	13	34	0	0	0	244.80	307.16	40.21	10.86	100	Jefferson
4	13	34	0	1	0	244.799973	320.604410	52.328795	10.857240	-1	###LINE###
5	13	34	0	1	0	244.80	320.60	23.10	10.86	100	Total
5	13	34	0	1	1	270.65	320.60	26.48	10.86	100	Votes
3	13	35	0	0	0	385.319932	282.564392	54.070817	48.897258	-1	###FLOW###
4	13	35	0	0	0	406.319936	282.564392	32.894054	10.857240	-1	###LINE###
5	13	35	0	0	0	406.32	282.56	32.89	10.86	100	Morgan
4	13	35	0	1	0	385.319932	293.724396	54.070817	10.857240	-1	###LINE###
5	13	35	0	1	0	385.32	293.72	54.07	10.86	100	McGARVEY
4	13	35	0	2	0	409.439949	307.164388	29.750628	10.857240	-1	###LINE###
5	13	35	0	2	0	409.44	307.16	29.75	10.86	100	52,157
4	13	35	0	3	0	409.439949	320.604410	29.750628	10.857240	-1	###LINE###
5	13	35	0	3	0	409.44	320.60	29.75	10.86	100	52,157
3	13	36	0	0	0	514.439941	282.564392	32.816198	48.897258	-1	###FLOW###
4	13	36	0	0	0	522.719938	282.564392	24.436973	10.857240	-1	###LINE###
5	13	36	0	0	0	522.72	282.56	24.44	10.86	100	Attica
4	13	36	0	1	0	514.439941	293.724396	32.816198	10.857240	-1	###LINE###
5	13	36	0	1	0	514.44	293.72	32.82	10.86	100	SCOTT
4	13	36	0	2	0	517.439902	307.164388	29.750628	10.857240	-1	###LINE###
5	13	36	0	2	0	517.44	307.16	29.75	10.86	100	30,183
4	13	36	0	3	0	517.439902	320.604410	29.750628	10.857240	-1	###LINE###
5	13	36	0	3	0	517.44	320.60	29.75	10.86	100	30,183
1	14	0	0	0	0	0.000000	0.000000	792.000000	612.000000	-1	###PAGE###
3	14	0	0	0	0	35.999994	54.115290	161.658823	13.404001	-1	###FLOW###
4	14	0	0	0	0	35.999994	54.115290	161.658823	13.404001	-1	###LINE###
5	14	0	0	0	0	36.00	54.12	89.57	13.40	100	Commonwealth
5	14	0	0	0	1	128.96	54.12	11.33	13.40	100	of
5	14	0	0	0	2	143.60	54.12	54.05	13.40	100	Kentucky
3	14	1	0	0	0	289.919964	54.115290	211.964694	13.404001	-1	###FLOW###
4	14	1	0	0	0	289.919964	54.115290	211.964694	13.404001	-1	###LINE###
5	14	1	0	0	0	289.92	54.12	44.03	13.40	100	Michael
5	14	1	0	0	1	337.40	54.12	12.66	13.40	100	G.
5	14	1	0	0	2	353.48	54.12	43.01	13.40	100	Adams,
5	14	1	0	0	3	399.93	54.12	54.90	13.40	100	Secretary
5	14	1	0	0	4	457.89	54.12	11.33	13.40	100	of
5	14	1	0	0	5	472.52	54.12	29.36	13.40	100	State
3	14	2	0	0	0	584.279905	54.115290	171.619073	13.404001	-1	###FLOW###
4	14	2	0	0	0	584.279905	54.115290	171.619073	13.404001	-1	###LINE###
5	14	2	0	0	0	584.28	54.12	26.72	13.40	100	2022
5	14	2	0	0	1	614.49	54.12	44.86	13.40	100	Primary
5	14	2	0	0	2	662.36	54.12	46.82	13.40	100	Election
5	14	2	0	0	3	712.53	54.12	43.37	13.40	100	Results
3	14	3	0	0	0	321.119947	111.955306	149.571958	41.003991	-1	###FLOW###
4	14	3	0	0	0	342.959950	111.955306	106.030406	13.404001	-1	###LINE###
5	14	3	0	0	0	342.96	111.96	16.68	13.40	100	US
5	14	3	0	0	1	362.96	111.96	86.03	13.40	100	Representative
4	14	3	0	1	0	321.119947	125.755316	149.571958	13.404001	-1	###LINE###
5	14	3	0	1	0	321.12	125.76	18.01	13.40	100	4th
5	14	3	0	1	1	342.45	125.76	83.49	13.40	100	Congressional
5	14	3	0	1	2	429.33	125.76	41.37	13.40	100	District
4	14	3	0	2	0	347.039954	139.555296	98.280875	13.404001	-1	###LINE###
5	14	3	0	2	0	347.04	139.56	64.81	13.40	100	Republican
5	14	3	0	2	1	415.16	139.56	30.16	13.40	100	Party
3	14	4	0	0	0	165.599967	188.844411	52.328795	287.817213	-1	###FLOW###
4	14	4	0	0	0	165.599967	188.844411	28.125389	10.857240	-1	###LINE###
5	14	4	0	0	0	165.60	188.84	28.13	10.86	100	Boone
4	14	4	0	1	0	165.599967	202.044410	35.687129	10.857240	-1	###LINE###
5	14	4	0	1	0	165.60	202.04	35.69	10.86	100	Bracken
4	14	4	0	2	0	165.599967	215.244409	40.952124	10.857240	-1	###LINE###
5	14	4	0	2	0	165.60	215.24	40.95	10.86	100	Campbell
4	14	4	0	3	0	165.599967	228.444408	28.553596	10.857240	-1	###LINE###
5	14	4	0	3	0	165.60	228.44	28.55	10.86	100	Carroll
4	14	4	0	4	0	165.599967	241.524412	27.025677	10.857240	-1	###LINE###
5	14	4	0	4	0	165.60	241.52	27.03	10.86	100	Carter
4	14	4	0	5	0	165.599967	254.724411	32.971909	10.857240	-1	###LINE###
5	14	4	0	5	0	165.60	254.72	32.97	10.86	100	Gallatin
4	14	4	0	6	0	165.599967	267.924379	24.320189	10.857240	-1	###LINE###
5	14	4	0	6	0	165.60	267.92	24.32	10.86	100	Grant
4	14	4	0	7	0	165.599967	281.124379	37.857358	10.857240	-1	###LINE###
5	14	4	0	7	0	165.60	281.12	37.86	10.86	100	Greenup
4	14	4	0	8	0	165.599967	294.204381	36.767377	10.857240	-1	###LINE###
5	14	4	0	8	0	165.60	294.20	36.77	10.86	100	Harrison
4	14	4	0	9	0	165.599967	307.404380	25.857840	10.857240	-1	###LINE###
5	14	4	0	9	0	165.60	307.40	25.86	10.86	100	Henry
4	14	4	0	10	0	165.599967	320.604379	30.821144	10.857240	-1	###LINE###
5	14	4	0	10	0	165.60	320.60	30.82	10.86	100	Kenton
4	14	4	0	11	0	165.599967	333.804378	24.660808	10.857240	-1	###LINE###
5	14	4	0	11	0	165.60	333.80	24.66	10.86	100	Lewis
4	14	4	0	12	0	165.599967	346.884382	29.205638	10.857240	-1	###LINE###
5	14	4	0	12	0	165.60	346.88	29.21	10.86	100	Mason
4	14	4	0	13	0	165.599967	360.084365	30.285886	10.857240	-1	###LINE###
5	14	4	0	13	0	165.60	360.08	30.29	10.86	100	Nelson
4	14	4	0	14	0	165.599967	373.284365	34.061890	10.857240	-1	###LINE###
5	14	4	0	14	0	165.60	373.28	34.06	10.86	100	Oldham
4	14	4	0	15	0	165.599967	386.484394	25.215531	10.857240	-1	###LINE###
5	14	4	0	15	0	165.60	386.48	25.22	10.86	100	Owen
4	14	4	0	16	0	165.599967	399.564366	43.803590	10.857240	-1	###LINE###
5	14	4	0	16	0	165.60	399.56	43.80	10.86	100	Pendleton
4	14	4	0	17	0	165.599967	412.764396	44.893571	10.857240	-1	###LINE###
5	14	4	0	17	0	165.60	412.76	44.89	10.86	100	Robertson
4	14	4	0	18	0	165.599967	425.964395	29.740896	10.857240	-1	###LINE###
5	14	4	0	18	0	165.60	425.96	29.74	10.86	100	Shelby
4	14	4	0	19	0	165.599967	439.164394	36.232119	10.857240	-1	###LINE###
5	14	4	0	19	0	165.60	439.16	36.23	10.86	100	Spencer
4	14	4	0	20	0	165.599967	452.364393	32.426919	10.857240	-1	###LINE###
5	14	4	0	20	0	165.60	452.36	32.43	10.86	100	Trimble
4	14	4	0	21	0	165.599967	465.804384	52.328795	10.857240	-1	###LINE###
5	14	4	0	21	0	165.60	465.80	23.10	10.86	100	Total
5	14	4	0	21	1	191.45	465.80	26.48	10.86	100	Votes
3	14	5	0	0	0	308.759945	164.364412	36.872924	312.297213	-1	###FLOW###
4	14	5	0	0	0	310.439942	164.364412	35.142138	10.857240	-1	###LINE###
5	14	5	0	0	0	310.44	164.36	35.14	10.86	100	Thomas
4	14	5	0	1	0	308.759945	175.524417	36.777109	10.857240	-1	###LINE###
5	14	5	0	1	0	308.76	175.52	36.78	10.86	100	MASSIE
4	14	5	0	2	0	321.239938	188.844411	24.339653	10.857240	-1	###LINE###
5	14	5	0	2	0	321.24	188.84	24.34	10.86	100	8,184
4	14	5	0	3	0	329.399946	202.044410	16.232924	10.857240	-1	###LINE###
5	14	5	0	3	0	329.40	202.04	16.23	10.86	100	602
4	14	5	0	4	0	321.239938	215.244409	24.339653	10.857240	-1	###LINE###
5	14	5	0	4	0	321.24	215.24	24.34	10.86	100	6,625
4	14	5	0	5	0	329.399946	228.444408	16.232924	10.857240	-1	###LINE###
5	14	5	0	5	0	329.40	228.44	16.23	10.86	100	340
4	14	5	0	6	0	329.399946	241.524412	16.232924	10.857240	-1	###LINE###
5	14	5	0	6	0	329.40	241.52	16.23	10.86	100	177
4	14	5	0	7	0	329.399946	254.724411	16.232924	10.857240	-1	###LINE###
5	14	5	0	7	0	329.40	254.72	16.23	10.86	100	495
4	14	5	0	8	0	321.239938	267.924379	24.339653	10.857240	-1	###LINE###
5	14	5	0	8	0	321.24	267.92	24.34	10.86	100	1,816
4	14	5	0	9	0	321.239938	281.124379	24.339653	10.857240	-1	###LINE###
5	14	5	0	9	0	321.24	281.12	24.34	10.86	100	3,360
4	14	5	0	10	0	321.239938	294.204381	24.339653	10.857240	-1	###LINE###
5	14	5	0	10	0	321.24	294.20	24.34	10.86	100	1,101
4	14	5	0	11	0	321.239938	307.404380	24.339653	10.857240	-1	###LINE###
5	14	5	0	11	0	321.24	307.40	24.34	10.86	100	1,191
4	14	5	0	12	0	321.239938	320.604379	24.339653	10.857240	-1	###LINE###
5	14	5	0	12	0	321.24	320.60	24.34	10.86	100	8,456
4	14	5	0	13	0	321.239938	333.804378	24.339653	10.857240	-1	###LINE###
5	14	5	0	13	0	321.24	333.80	24.34	10.86	100	2,325
4	14	5	0	14	0	329.399946	346.884382	16.232924	10.857240	-1	###LINE###
5	14	5	0	14	0	329.40	346.88	16.23	10.86	100	670
4	14	5	0	15	0	321.239938	360.084365	24.339653	10.857240	-1	###LINE###
5	14	5	0	15	0	321.24	360.08	24.34	10.86	100	1,194
4	14	5	0	16	0	321.239938	373.284365	24.339653	10.857240	-1	###LINE###
5	14	5	0	16	0	321.24	373.28	24.34	10.86	100	5,854
4	14	5	0	17	0	321.239938	386.484394	24.339653	10.857240	-1	###LINE###
5	14	5	0	17	0	321.24	386.48	24.34	10.86	100	1,019
4	14	5	0	18	0	321.239938	399.564366	24.339653	10.857240	-1	###LINE###
5	14	5	0	18	0	321.24	399.56	24.34	10.86	100	1,270
4	14	5	0	19	0	329.399946	412.764396	16.232924	10.857240	-1	###LINE###
5	14	5	0	19	0	329.40	412.76	16.23	10.86	100	134
4	14	5	0	20	0	321.239938	425.964395	24.339653	10.857240	-1	###LINE###
5	14	5	0	20	0	321.24	425.96	24.34	10.86	100	3,080
4	14	5	0	21	0	321.239938	439.164394	24.339653	10.857240	-1	###LINE###
5	14	5	0	21	0	321.24	439.16	24.34	10.86	100	1,951
4	14	5	0	22	0	329.399946	452.364393	16.232924	10.857240	-1	###LINE###
5	14	5	0	22	0	329.40	452.36	16.23	10.86	100	457
4	14	5	0	23	0	315.839940	465.804384	29.750628	10.857240	-1	###LINE###
5	14	5	0	23	0	315.84	465.80	29.75	10.86	100	50,301
3	14	6	0	0	0	407.399948	164.364412	31.890148	312.297213	-1	###FLOW###
4	14	6	0	0	0	413.879927	164.364412	25.410170	10.857240	-1	###LINE###
5	14	6	0	0	0	413.88	164.36	25.41	10.86	100	Claire
4	14	6	0	1	0	407.399948	175.524417	31.862465	10.857240	-1	###LINE###
5	14	6	0	1	0	407.40	175.52	31.86	10.86	100	WIRTH
4	14	6	0	2	0	414.839947	188.844411	24.339653	10.857240	-1	###LINE###
5	14	6	0	2	0	414.84	188.84	24.34	10.86	100	1,859
4	14	6	0	3	0	428.399953	202.044410	10.821949	10.857240	-1	###LINE###
5	14	6	0	3	0	428.40	202.04	10.82	10.86	100	65
4	14	6	0	4	0	414.839947	215.244409	24.339653	10.857240	-1	###LINE###
5	14	6	0	4	0	414.84	215.24	24.34	10.86	100	1,150
4	14	6	0	5	0	428.399953	228.444408	10.821949	10.857240	-1	###LINE###
5	14	6	0	5	0	428.40	228.44	10.82	10.86	100	61
4	14	6	0	6	0	428.399953	241.524412	10.821949	10.857240	-1	###LINE###
5	14	6	0	6	0	428.40	241.52	10.82	10.86	100	41
4	14	6	0	7	0	428.399953	254.724411	10.821949	10.857240	-1	###LINE###
5	14	6	0	7	0	428.40	254.72	10.82	10.86	100	71
4	14	6	0	8	0	422.999924	267.924379	16.232924	10.857240	-1	###LINE###
5	14	6	0	8	0	423.00	267.92	16.23	10.86	100	325
4	14	6	0	9	0	422.999924	281.124379	16.232924	10.857240	-1	###LINE###
5	14	6	0	9	0	423.00	281.12	16.23	10.86	100	436
4	14	6	0	10	0	422.999924	294.204381	16.232924	10.857240	-1	###LINE###
5	14	6	0	10	0	423.00	294.20	16.23	10.86	100	142
4	14	6	0	11	0	422.999924	307.404380	16.232924	10.857240	-1	###LINE###
5	14	6	0	11	0	423.00	307.40	16.23	10.86	100	208
4	14	6	0	12	0	414.839947	320.604379	24.339653	10.857240	-1	###LINE###
5	14	6	0	12	0	414.84	320.60	24.34	10.86	100	1,496
4	14	6	0	13	0	422.999924	333.804378	16.232924	10.857240	-1	###LINE###
5	14	6	0	13	0	423.00	333.80	16.23	10.86	100	241
4	14	6	0	14	0	428.399953	346.884382	10.821949	10.857240	-1	###LINE###
5	14	6	0	14	0	428.40	346.88	10.82	10.86	100	53
4	14	6	0	15	0	422.999924	360.084365	16.232924	10.857240	-1	###LINE###
5	14	6	0	15	0	423.00	360.08	16.23	10.86	100	370
4	14	6	0	16	0	414.839947	373.284365	24.339653	10.857240	-1	###LINE###
5	14	6	0	16	0	414.84	373.28	24.34	10.86	100	2,067
4	14	6	0	17	0	422.999924	386.484394	16.232924	10.857240	-1	###LINE###
5	14	6	0	17	0	423.00	386.48	16.23	10.86	100	269
4	14	6	0	18	0	422.999924	399.564366	16.232924	10.857240	-1	###LINE###
5	14	6	0	18	0	423.00	399.56	16.23	10.86	100	207
4	14	6	0	19	0	428.399953	412.764396	10.821949	10.857240	-1	###LINE###
5	14	6	0	19	0	428.40	412.76	10.82	10.86	100	11
4	14	6	0	20	0	422.999924	425.964395	16.232924	10.857240	-1	###LINE###
5	14	6	0	20	0	423.00	425.96	16.23	10.86	100	681
4	14	6	0	21	0	422.999924	439.164394	16.232924	10.857240	-1	###LINE###
5	14	6	0	21	0	423.00	439.16	16.23	10.86	100	675
4	14	6	0	22	0	428.399953	452.364393	10.821949	10.857240	-1	###LINE###
5	14	6	0	22	0	428.40	452.36	10.82	10.86	100	93
4	14	6	0	23	0	409.439949	465.804384	29.750628	10.857240	-1	###LINE###
5	14	6	0	23	0	409.44	465.80	29.75	10.86	100	10,521
3	14	7	0	0	0	477.359935	164.364412	55.491685	312.297213	-1	###FLOW###
4	14	7	0	0	0	480.479948	164.364412	52.338527	10.857240	-1	###LINE###
5	14	7	0	0	0	480.48	164.36	28.56	10.86	100	Alyssa
5	14	7	0	0	1	511.73	164.36	21.09	10.86	100	Dara
4	14	7	0	1	0	477.359935	175.524417	55.491685	10.857240	-1	###LINE###
5	14	7	0	1	0	477.36	175.52	55.49	10.86	100	McDOWELL
4	14	7	0	2	0	516.599903	188.844411	16.232924	10.857240	-1	###LINE###
5	14	7	0	2	0	516.60	188.84	16.23	10.86	100	440
4	14	7	0	3	0	521.999931	202.044410	10.821949	10.857240	-1	###LINE###
5	14	7	0	3	0	522.00	202.04	10.82	10.86	100	22
4	14	7	0	4	0	516.599903	215.244409	16.232924	10.857240	-1	###LINE###
5	14	7	0	4	0	516.60	215.24	16.23	10.86	100	472
4	14	7	0	5	0	521.999931	228.444408	10.821949	10.857240	-1	###LINE###
5	14	7	0	5	0	522.00	228.44	10.82	10.86	100	24
4	14	7	0	6	0	521.999931	241.524412	10.821949	10.857240	-1	###LINE###
5	14	7	0	6	0	522.00	241.52	10.82	10.86	100	34
4	14	7	0	7	0	521.999931	254.724411	10.821949	10.857240	-1	###LINE###
5	14	7	0	7	0	522.00	254.72	10.82	10.86	100	44
4	14	7	0	8	0	521.999931	267.924379	10.821949	10.857240	-1	###LINE###
5	14	7	0	8	0	522.00	267.92	10.82	10.86	100	81
4	14	7	0	9	0	516.599903	281.124379	16.232924	10.857240	-1	###LINE###
5	14	7	0	9	0	516.60	281.12	16.23	10.86	100	187
4	14	7	0	10	0	521.999931	294.204381	10.821949	10.857240	-1	###LINE###
5	14	7	0	10	0	522.00	294.20	10.82	10.86	100	72
4	14	7	0	11	0	521.999931	307.404380	10.821949	10.857240	-1	###LINE###
5	14	7	0	11	0	522.00	307.40	10.82	10.86	100	84
4	14	7	0	12	0	516.599903	320.604379	16.232924	10.857240	-1	###LINE###
5	14	7	0	12	0	516.60	320.60	16.23	10.86	100	584
4	14	7	0	13	0	516.599903	333.804378	16.232924	10.857240	-1	###LINE###
5	14	7	0	13	0	516.60	333.80	16.23	10.86	100	111
4	14	7	0	14	0	521.999931	346.884382	10.821949	10.857240	-1	###LINE###
5	14	7	0	14	0	522.00	346.88	10.82	10.86	100	25
4	14	7	0	15	0	516.599903	360.084365	16.232924	10.857240	-1	###LINE###
5	14	7	0	15	0	516.60	360.08	16.23	10.86	100	169
4	14	7	0	16	0	516.599903	373.284365	16.232924	10.857240	-1	###LINE###
5	14	7	0	16	0	516.60	373.28	16.23	10.86	100	530
4	14	7	0	17	0	521.999931	386.484394	10.821949	10.857240	-1	###LINE###
5	14	7	0	17	0	522.00	386.48	10.82	10.86	100	69
4	14	7	0	18	0	521.999931	399.564366	10.821949	10.857240	-1	###LINE###
5	14	7	0	18	0	522.00	399.56	10.82	10.86	100	62
4	14	7	0	19	0	521.999931	412.764396	10.821949	10.857240	-1	###LINE###
5	14	7	0	19	0	522.00	412.76	10.82	10.86	100	10
4	14	7	0	20	0	516.599903	425.964395	16.232924	10.857240	-1	###LINE###
5	14	7	0	20	0	516.60	425.96	16.23	10.86	100	226
4	14	7	0	21	0	516.599903	439.164394	16.232924	10.857240	-1	###LINE###
5	14	7	0	21	0	516.60	439.16	16.23	10.86	100	155
4	14	7	0	22	0	521.999931	452.364393	10.821949	10.857240	-1	###LINE###
5	14	7	0	22	0	522.00	452.36	10.82	10.86	100	45
4	14	7	0	23	0	508.439927	465.804384	24.339653	10.857240	-1	###LINE###
5	14	7	0	23	0	508.44	465.80	24.34	10.86	100	3,446
3	14	8	0	0	0	559.439910	164.364412	67.024067	312.297213	-1	###FLOW###
4	14	8	0	0	0	593.999919	164.364412	32.446383	10.857240	-1	###LINE###
5	14	8	0	0	0	594.00	164.36	32.45	10.86	100	George
4	14	8	0	1	0	559.439910	175.524417	67.024067	10.857240	-1	###LINE###
5	14	8	0	1	0	559.44	175.52	67.02	10.86	100	WASHINGTON
4	14	8	0	2	0	610.199881	188.844411	16.232924	10.857240	-1	###LINE###
5	14	8	0	2	0	610.20	188.84	16.23	10.86	100	362
4	14	8	0	3	0	615.599910	202.044410	10.821949	10.857240	-1	###LINE###
5	14	8	0	3	0	615.60	202.04	10.82	10.86	100	19
4	14	8	0	4	0	610.199881	215.244409	16.232924	10.857240	-1	###LINE###
5	14	8	0	4	0	610.20	215.24	16.23	10.86	100	306
4	14	8	0	5	0	615.599910	228.444408	10.821949	10.857240	-1	###LINE###
5	14	8	0	5	0	615.60	228.44	10.82	10.86	100	29
4	14	8	0	6	0	615.599910	241.524412	10.821949	10.857240	-1	###LINE###
5	14	8	0	6	0	615.60	241.52	10.82	10.86	100	29
4	14	8	0	7	0	615.599910	254.724411	10.821949	10.857240	-1	###LINE###
5	14	8	0	7	0	615.60	254.72	10.82	10.86	100	25
4	14	8	0	8	0	615.599910	267.924379	10.821949	10.857240	-1	###LINE###
5	14	8	0	8	0	615.60	267.92	10.82	10.86	100	87
4	14	8	0	9	0	610.199881	281.124379	16.232924	10.857240	-1	###LINE###
5	14	8	0	9	0	610.20	281.12	16.23	10.86	100	230
4	14	8	0	10	0	615.599910	294.204381	10.821949	10.857240	-1	###LINE###
5	14	8	0	10	0	615.60	294.20	10.82	10.86	100	69
4	14	8	0	11	0	615.599910	307.404380	10.821949	10.857240	-1	###LINE###
5	14	8	0	11	0	615.60	307.40	10.82	10.86	100	53
4	14	8	0	12	0	610.199881	320.604379	16.232924	10.857240	-1	###LINE###
5	14	8	0	12	0	610.20	320.60	16.23	10.86	100	384
4	14	8	0	13	0	615.599910	333.804378	10.821949	10.857240	-1	###LINE###
5	14	8	0	13	0	615.60	333.80	10.82	10.86	100	97
4	14	8	0	14	0	615.599910	346.884382	10.821949	10.857240	-1	###LINE###
5	14	8	0	14	0	615.60	346.88	10.82	10.86	100	24
4	14	8	0	15	0	610.199881	360.084365	16.232924	10.857240	-1	###LINE###
5	14	8	0	15	0	610.20	360.08	16.23	10.86	100	124
4	14	8	0	16	0	610.199881	373.284365	16.232924	10.857240	-1	###LINE###
5	14	8	0	16	0	610.20	373.28	16.23	10.86	100	351
4	14	8	0	17	0	615.599910	386.484394	10.821949	10.857240	-1	###LINE###
5	14	8	0	17	0	615.60	386.48	10.82	10.86	100	63
4	14	8	0	18	0	615.599910	399.564366	10.821949	10.857240	-1	###LINE###
5	14	8	0	18	0	615.60	399.56	10.82	10.86	100	56
4	14	8	0	19	0	615.599910	412.764396	10.821949	10.857240	-1	###LINE###
5	14	8	0	19	0	615.60	412.76	10.82	10.86	100	10
4	14	8	0	20	0	610.199881	425.964395	16.232924	10.857240	-1	###LINE###
5	14	8	0	20	0	610.20	425.96	16.23	10.86	100	137
4	14	8	0	21	0	610.199881	439.164394	16.232924	10.857240	-1	###LINE###
5	14	8	0	21	0	610.20	439.16	16.23	10.86	100	123
4	14	8	0	22	0	615.599910	452.364393	10.821949	10.857240	-1	###LINE###
5	14	8	0	22	0	615.60	452.36	10.82	10.86	100	28
4	14	8	0	23	0	602.039875	465.804384	24.339653	10.857240	-1	###LINE###
5	14	8	0	23	0	602.04	465.80	24.34	10.86	100	2,606
1	15	0	0	0	0	0.000000	0.000000	792.000000	612.000000	-1	###PAGE###
3	15	0	0	0	0	35.999994	54.115290	161.658823	13.404001	-1	###FLOW###
4	15	0	0	0	0	35.999994	54.115290	161.658823	13.404001	-1	###LINE###
5	15	0	0	0	0	36.00	54.12	89.57	13.40	100	Commonwealth
5	15	0	0	0	1	128.96	54.12	11.33	13.40	100	of
5	15	0	0	0	2	143.60	54.12	54.05	13.40	100	Kentucky
3	15	1	0	0	0	289.919964	54.115290	211.964694	13.404001	-1	###FLOW###
4	15	1	0	0	0	289.919964	54.115290	211.964694	13.404001	-1	###LINE###
5	15	1	0	0	0	289.92	54.12	44.03	13.40	100	Michael
5	15	1	0	0	1	337.40	54.12	12.66	13.40	100	G.
5	15	1	0	0	2	353.48	54.12	43.01	13.40	100	Adams,
5	15	1	0	0	3	399.93	54.12	54.90	13.40	100	Secretary
5	15	1	0	0	4	457.89	54.12	11.33	13.40	100	of
5	15	1	0	0	5	472.52	54.12	29.36	13.40	100	State
3	15	2	0	0	0	584.279905	54.115290	171.619073	13.404001	-1	###FLOW###
4	15	2	0	0	0	584.279905	54.115290	171.619073	13.404001	-1	###LINE###
5	15	2	0	0	0	584.28	54.12	26.72	13.40	100	2022
5	15	2	0	0	1	614.49	54.12	44.86	13.40	100	Primary
5	15	2	0	0	2	662.36	54.12	46.82	13.40	100	Election
5	15	2	0	0	3	712.53	54.12	43.37	13.40	100	Results
3	15	3	0	0	0	321.119947	111.955306	149.571958	41.003991	-1	###FLOW###
4	15	3	0	0	0	342.959950	111.955306	106.030406	13.404001	-1	###LINE###
5	15	3	0	0	0	342.96	111.96	16.68	13.40	100	US
5	15	3	0	0	1	362.96	111.96	86.03	13.40	100	Representative
4	15	3	0	1	0	321.119947	125.755316	149.571958	13.404001	-1	###LINE###
5	15	3	0	1	0	321.12	125.76	18.01	13.40	100	5th
5	15	3	0	1	1	342.45	125.76	83.49	13.40	100	Congressional
5	15	3	0	1	2	429.33	125.76	41.37	13.40	100	District
4	15	3	0	2	0	347.039954	139.555296	98.280875	13.404001	-1	###LINE###
5	15	3	0	2	0	347.04	139.56	64.81	13.40	100	Republican
5	15	3	0	2	1	415.16	139.56	30.16	13.40	100	Party
3	15	4	0	0	0	118.799986	188.844411	42.071300	366.537190	-1	###FLOW###
4	15	4	0	0	0	118.799986	188.844411	19.999195	10.857240	-1	###LINE###
5	15	4	0	0	0	118.80	188.84	20.00	10.86	100	Bath
4	15	4	0	1	0	118.799986	202.044410	16.213460	10.857240	-1	###LINE###
5	15	4	0	1	0	118.80	202.04	16.21	10.86	100	Bell
4	15	4	0	2	0	118.799986	215.244409	21.965053	10.857240	-1	###LINE###
5	15	4	0	2	0	118.80	215.24	21.97	10.86	100	Boyd
4	15	4	0	3	0	118.799986	228.444408	36.202923	10.857240	-1	###LINE###
5	15	4	0	3	0	118.80	228.44	36.20	10.86	100	Breathitt
4	15	4	0	4	0	118.799986	241.524412	27.025677	10.857240	-1	###LINE###
5	15	4	0	4	0	118.80	241.52	27.03	10.86	100	Carter
4	15	4	0	5	0	118.799986	254.724411	19.463937	10.857240	-1	###LINE###
5	15	4	0	5	0	118.80	254.72	19.46	10.86	100	Clay
4	15	4	0	6	0	118.799986	267.924379	23.765467	10.857240	-1	###LINE###
5	15	4	0	6	0	118.80	267.92	23.77	10.86	100	Elliott
4	15	4	0	7	0	118.799986	281.124379	23.522168	10.857240	-1	###LINE###
5	15	4	0	7	0	118.80	281.12	23.52	10.86	100	Floyd
4	15	4	0	8	0	118.799986	294.204381	28.563328	10.857240	-1	###LINE###
5	15	4	0	8	0	118.80	294.20	28.56	10.86	100	Harlan
4	15	4	0	9	0	118.799986	307.404380	35.842840	10.857240	-1	###LINE###
5	15	4	0	9	0	118.80	307.40	35.84	10.86	100	Jackson
4	15	4	0	10	0	118.799986	320.604379	36.786841	10.857240	-1	###LINE###
5	15	4	0	10	0	118.80	320.60	36.79	10.86	100	Johnson
4	15	4	0	11	0	118.799986	333.804378	22.694951	10.857240	-1	###LINE###
5	15	4	0	11	0	118.80	333.80	22.69	10.86	100	Knott
4	15	4	0	12	0	118.799986	346.884382	22.169424	10.857240	-1	###LINE###
5	15	4	0	12	0	118.80	346.88	22.17	10.86	100	Knox
4	15	4	0	13	0	118.799986	360.084365	27.045141	10.857240	-1	###LINE###
5	15	4	0	13	0	118.80	360.08	27.05	10.86	100	Laurel
4	15	4	0	14	0	118.799986	373.284365	41.973980	10.857240	-1	###LINE###
5	15	4	0	14	0	118.80	373.28	41.97	10.86	100	Lawrence
4	15	4	0	15	0	118.799986	386.484394	16.232924	10.857240	-1	###LINE###
5	15	4	0	15	0	118.80	386.48	16.23	10.86	100	Lee
4	15	4	0	16	0	118.799986	399.564366	25.419902	10.857240	-1	###LINE###
5	15	4	0	16	0	118.80	399.56	25.42	10.86	100	Leslie
4	15	4	0	17	0	118.799986	412.764396	32.446383	10.857240	-1	###LINE###
5	15	4	0	17	0	118.80	412.76	32.45	10.86	100	Letcher
4	15	4	0	18	0	118.799986	425.964395	30.830876	10.857240	-1	###LINE###
5	15	4	0	18	0	118.80	425.96	30.83	10.86	100	Lincoln
4	15	4	0	19	0	118.799986	439.164394	37.322099	10.857240	-1	###LINE###
5	15	4	0	19	0	118.80	439.16	37.32	10.86	100	Magoffin
4	15	4	0	20	0	118.799986	452.244397	27.025677	10.857240	-1	###LINE###
5	15	4	0	20	0	118.80	452.24	27.03	10.86	100	Martin
4	15	4	0	21	0	118.799986	465.444396	42.071300	10.857240	-1	###LINE###
5	15	4	0	21	0	118.80	465.44	42.07	10.86	100	McCreary
4	15	4	0	22	0	118.799986	478.644395	34.509561	10.857240	-1	###LINE###
5	15	4	0	22	0	118.80	478.64	34.51	10.86	100	Menifee
4	15	4	0	23	0	118.799986	491.844394	32.894054	10.857240	-1	###LINE###
5	15	4	0	23	0	118.80	491.84	32.89	10.86	100	Morgan
4	15	4	0	24	0	118.799986	504.924397	31.697022	10.857240	-1	###LINE###
5	15	4	0	24	0	118.80	504.92	31.70	10.86	100	Owsley
4	15	4	0	25	0	118.799986	518.124365	23.239941	10.857240	-1	###LINE###
5	15	4	0	25	0	118.80	518.12	23.24	10.86	100	Perry
4	15	4	0	26	0	118.799986	531.324364	18.918947	10.857240	-1	###LINE###
5	15	4	0	26	0	118.80	531.32	18.92	10.86	100	Pike
4	15	4	0	27	0	118.799986	544.524360	31.356403	10.857240	-1	###LINE###
5	15	4	0	27	0	118.80	544.52	31.36	10.86	100	Pulaski
3	15	5	0	0	0	245.999961	164.364412	52.834857	391.017189	-1	###FLOW###
4	15	5	0	0	0	245.999961	164.364412	52.834857	10.857240	-1	###LINE###
5	15	5	0	0	0	246.00	164.36	28.56	10.86	100	Harold
5	15	5	0	0	1	277.25	164.36	21.59	10.86	100	"Hal"
4	15	5	0	1	0	256.799971	175.524417	41.993444	10.857240	-1	###LINE###
5	15	5	0	1	0	256.80	175.52	41.99	10.86	100	ROGERS
4	15	5	0	2	0	282.599956	188.844411	16.232924	10.857240	-1	###LINE###
5	15	5	0	2	0	282.60	188.84	16.23	10.86	100	281
4	15	5	0	3	0	274.439948	202.044410	24.339653	10.857240	-1	###LINE###
5	15	5	0	3	0	274.44	202.04	24.34	10.86	100	3,267
4	15	5	0	4	0	274.439948	215.244409	24.339653	10.857240	-1	###LINE###
5	15	5	0	4	0	274.44	215.24	24.34	10.86	100	1,690
4	15	5	0	5	0	282.599956	228.444408	16.232924	10.857240	-1	###LINE###
5	15	5	0	5	0	282.60	228.44	16.23	10.86	100	282
4	15	5	0	6	0	274.439948	241.524412	24.339653	10.857240	-1	###LINE###
5	15	5	0	6	0	274.44	241.52	24.34	10.86	100	1,484
4	15	5	0	7	0	274.439948	254.724411	24.339653	10.857240	-1	###LINE###
5	15	5	0	7	0	274.44	254.72	24.34	10.86	100	4,174
4	15	5	0	8	0	282.599956	267.924379	16.232924	10.857240	-1	###LINE###
5	15	5	0	8	0	282.60	267.92	16.23	10.86	100	112
4	15	5	0	9	0	274.439948	281.124379	24.339653	10.857240	-1	###LINE###
5	15	5	0	9	0	274.44	281.12	24.34	10.86	100	1,347
4	15	5	0	10	0	274.439948	294.204381	24.339653	10.857240	-1	###LINE###
5	15	5	0	10	0	274.44	294.20	24.34	10.86	100	4,006
4	15	5	0	11	0	274.439948	307.404380	24.339653	10.857240	-1	###LINE###
5	15	5	0	11	0	274.44	307.40	24.34	10.86	100	2,447
4	15	5	0	12	0	274.439948	320.604379	24.339653	10.857240	-1	###LINE###
5	15	5	0	12	0	274.44	320.60	24.34	10.86	100	3,575
4	15	5	0	13	0	282.599956	333.804378	16.232924	10.857240	-1	###LINE###
5	15	5	0	13	0	282.60	333.80	16.23	10.86	100	436
4	15	5	0	14	0	274.439948	346.884382	24.339653	10.857240	-1	###LINE###
5	15	5	0	14	0	274.44	346.88	24.34	10.86	100	3,971
4	15	5	0	15	0	274.439948	360.084365	24.339653	10.857240	-1	###LINE###
5	15	5	0	15	0	274.44	360.08	24.34	10.86	100	7,193
4	15	5	0	16	0	274.439948	373.284365	24.339653	10.857240	-1	###LINE###
5	15	5	0	16	0	274.44	373.28	24.34	10.86	100	1,428
4	15	5	0	17	0	274.439948	386.484394	24.339653	10.857240	-1	###LINE###
5	15	5	0	17	0	274.44	386.48	24.34	10.86	100	1,259
4	15	5	0	18	0	274.439948	399.564366	24.339653	10.857240	-1	###LINE###
5	15	5	0	18	0	274.44	399.56	24.34	10.86	100	2,055
4	15	5	0	19	0	274.439948	412.764396	24.339653	10.857240	-1	###LINE###
5	15	5	0	19	0	274.44	412.76	24.34	10.86	100	1,006
4	15	5	0	20	0	274.439948	425.964395	24.339653	10.857240	-1	###LINE###
5	15	5	0	20	0	274.44	425.96	24.34	10.86	100	2,358
4	15	5	0	21	0	274.439948	439.164394	24.339653	10.857240	-1	###LINE###
5	15	5	0	21	0	274.44	439.16	24.34	10.86	100	1,400
4	15	5	0	22	0	274.439948	452.244397	24.339653	10.857240	-1	###LINE###
5	15	5	0	22	0	274.44	452.24	24.34	10.86	100	2,142
4	15	5	0	23	0	274.439948	465.444396	24.339653	10.857240	-1	###LINE###
5	15	5	0	23	0	274.44	465.44	24.34	10.86	100	2,082
4	15	5	0	24	0	282.599956	478.644395	16.232924	10.857240	-1	###LINE###
5	15	5	0	24	0	282.60	478.64	16.23	10.86	100	308
4	15	5	0	25	0	282.599956	491.844394	16.232924	10.857240	-1	###LINE###
5	15	5	0	25	0	282.60	491.84	16.23	10.86	100	442
4	15	5	0	26	0	282.599956	504.924397	16.232924	10.857240	-1	###LINE###
5	15	5	0	26	0	282.60	504.92	16.23	10.86	100	936
4	15	5	0	27	0	274.439948	518.124365	24.339653	10.857240	-1	###LINE###
5	15	5	0	27	0	274.44	518.12	24.34	10.86	100	1,025
4	15	5	0	28	0	274.439948	531.324364	24.339653	10.857240	-1	###LINE###
5	15	5	0	28	0	274.44	531.32	24.34	10.86	100	2,733
4	15	5	0	29	0	269.039952	544.524360	29.750628	10.857240	-1	###LINE###
5	15	5	0	29	0	269.04	544.52	29.75	10.86	100	10,540
3	15	6	0	0	0	344.399935	164.364412	48.066193	391.017189	-1	###FLOW###
4	15	6	0	0	0	356.759938	164.364412	35.687129	10.857240	-1	###LINE###
5	15	6	0	0	0	356.76	164.36	35.69	10.86	100	Gerardo
4	15	6	0	1	0	344.399935	175.524417	48.066193	10.857240	-1	###LINE###
5	15	6	0	1	0	344.40	175.52	48.07	10.86	100	SERRANO
4	15	6	0	2	0	386.999930	188.844411	5.410975	10.857240	-1	###LINE###
5	15	6	0	2	0	387.00	188.84	5.41	10.86	100	7
4	15	6	0	3	0	376.199934	202.044410	16.232924	10.857240	-1	###LINE###
5	15	6	0	3	0	376.20	202.04	16.23	10.86	100	142
4	15	6	0	4	0	376.199934	215.244409	16.232924	10.857240	-1	###LINE###
5	15	6	0	4	0	376.20	215.24	16.23	10.86	100	343
4	15	6	0	5	0	386.999930	228.444408	5.410975	10.857240	-1	###LINE###
5	15	6	0	5	0	387.00	228.44	5.41	10.86	100	7
4	15	6	0	6	0	381.599932	241.524412	10.821949	10.857240	-1	###LINE###
5	15	6	0	6	0	381.60	241.52	10.82	10.86	100	59
4	15	6	0	7	0	376.199934	254.724411	16.232924	10.857240	-1	###LINE###
5	15	6	0	7	0	376.20	254.72	16.23	10.86	100	559
4	15	6	0	8	0	386.999930	267.924379	5.410975	10.857240	-1	###LINE###
5	15	6	0	8	0	387.00	267.92	5.41	10.86	100	8
4	15	6	0	9	0	381.599932	281.124379	10.821949	10.857240	-1	###LINE###
5	15	6	0	9	0	381.60	281.12	10.82	10.86	100	78
4	15	6	0	10	0	376.199934	294.204381	16.232924	10.857240	-1	###LINE###
5	15	6	0	10	0	376.20	294.20	16.23	10.86	100	248
4	15	6	0	11	0	376.199934	307.404380	16.232924	10.857240	-1	###LINE###
5	15	6	0	11	0	376.20	307.40	16.23	10.86	100	378
4	15	6	0	12	0	381.599932	320.604379	10.821949	10.857240	-1	###LINE###
5	15	6	0	12	0	381.60	320.60	10.82	10.86	100	63
4	15	6	0	13	0	381.599932	333.804378	10.821949	10.857240	-1	###LINE###
5	15	6	0	13	0	381.60	333.80	10.82	10.86	100	33
4	15	6	0	14	0	376.199934	346.884382	16.232924	10.857240	-1	###LINE###
5	15	6	0	14	0	376.20	346.88	16.23	10.86	100	192
4	15	6	0	15	0	376.199934	360.084365	16.232924	10.857240	-1	###LINE###
5	15	6	0	15	0	376.20	360.08	16.23	10.86	100	865
4	15	6	0	16	0	381.599932	373.284365	10.821949	10.857240	-1	###LINE###
5	15	6	0	16	0	381.60	373.28	10.82	10.86	100	55
4	15	6	0	17	0	381.599932	386.484394	10.821949	10.857240	-1	###LINE###
5	15	6	0	17	0	381.60	386.48	10.82	10.86	100	49
4	15	6	0	18	0	381.599932	399.564366	10.821949	10.857240	-1	###LINE###
5	15	6	0	18	0	381.60	399.56	10.82	10.86	100	64
4	15	6	0	19	0	381.599932	412.764396	10.821949	10.857240	-1	###LINE###
5	15	6	0	19	0	381.60	412.76	10.82	10.86	100	38
4	15	6	0	20	0	376.199934	425.964395	16.232924	10.857240	-1	###LINE###
5	15	6	0	20	0	376.20	425.96	16.23	10.86	100	122
4	15	6	0	21	0	381.599932	439.164394	10.821949	10.857240	-1	###LINE###
5	15	6	0	21	0	381.60	439.16	10.82	10.86	100	25
4	15	6	0	22	0	381.599932	452.244397	10.821949	10.857240	-1	###LINE###
5	15	6	0	22	0	381.60	452.24	10.82	10.86	100	52
4	15	6	0	23	0	381.599932	465.444396	10.821949	10.857240	-1	###LINE###
5	15	6	0	23	0	381.60	465.44	10.82	10.86	100	70
4	15	6	0	24	0	381.599932	478.644395	10.821949	10.857240	-1	###LINE###
5	15	6	0	24	0	381.60	478.64	10.82	10.86	100	10
4	15	6	0	25	0	381.599932	491.844394	10.821949	10.857240	-1	###LINE###
5	15	6	0	25	0	381.60	491.84	10.82	10.86	100	23
4	15	6	0	26	0	381.599932	504.924397	10.821949	10.857240	-1	###LINE###
5	15	6	0	26	0	381.60	504.92	10.82	10.86	100	38
4	15	6	0	27	0	381.599932	518.124365	10.821949	10.857240	-1	###LINE###
5	15	6	0	27	0	381.60	518.12	10.82	10.86	100	83
4	15	6	0	28	0	376.199934	531.324364	16.232924	10.857240	-1	###LINE###
5	15	6	0	28	0	376.20	531.32	16.23	10.86	100	137
4	15	6	0	29	0	376.199934	544.524360	16.232924	10.857240	-1	###LINE###
5	15	6	0	29	0	376.20	544.52	16.23	10.86	100	870
3	15	7	0	0	0	436.319946	164.364412	49.712921	391.017189	-1	###FLOW###
4	15	7	0	0	0	443.159929	164.364412	42.849858	10.857240	-1	###LINE###
5	15	7	0	0	0	443.16	164.36	42.85	10.86	100	Jeannette
4	15	7	0	1	0	436.319946	175.524417	49.681699	10.857240	-1	###LINE###
5	15	7	0	1	0	436.32	175.52	49.68	10.86	100	ANDREWS
4	15	7	0	2	0	475.199941	188.844411	10.821949	10.857240	-1	###LINE###
5	15	7	0	2	0	475.20	188.84	10.82	10.86	100	27
4	15	7	0	3	0	469.799944	202.044410	16.232924	10.857240	-1	###LINE###
5	15	7	0	3	0	469.80	202.04	16.23	10.86	100	193
4	15	7	0	4	0	469.799944	215.244409	16.232924	10.857240	-1	###LINE###
5	15	7	0	4	0	469.80	215.24	16.23	10.86	100	228
4	15	7	0	5	0	475.199941	228.444408	10.821949	10.857240	-1	###LINE###
5	15	7	0	5	0	475.20	228.44	10.82	10.86	100	18
4	15	7	0	6	0	469.799944	241.524412	16.232924	10.857240	-1	###LINE###
5	15	7	0	6	0	469.80	241.52	16.23	10.86	100	139
4	15	7	0	7	0	469.799944	254.724411	16.232924	10.857240	-1	###LINE###
5	15	7	0	7	0	469.80	254.72	16.23	10.86	100	220
4	15	7	0	8	0	480.599939	267.924379	5.410975	10.857240	-1	###LINE###
5	15	7	0	8	0	480.60	267.92	5.41	10.86	100	9
4	15	7	0	9	0	475.199941	281.124379	10.821949	10.857240	-1	###LINE###
5	15	7	0	9	0	475.20	281.12	10.82	10.86	100	70
4	15	7	0	10	0	469.799944	294.204381	16.232924	10.857240	-1	###LINE###
5	15	7	0	10	0	469.80	294.20	16.23	10.86	100	188
4	15	7	0	11	0	469.799944	307.404380	16.232924	10.857240	-1	###LINE###
5	15	7	0	11	0	469.80	307.40	16.23	10.86	100	122
4	15	7	0	12	0	469.799944	320.604379	16.232924	10.857240	-1	###LINE###
5	15	7	0	12	0	469.80	320.60	16.23	10.86	100	168
4	15	7	0	13	0	475.199941	333.804378	10.821949	10.857240	-1	###LINE###
5	15	7	0	13	0	475.20	333.80	10.82	10.86	100	26
4	15	7	0	14	0	469.799944	346.884382	16.232924	10.857240	-1	###LINE###
5	15	7	0	14	0	469.80	346.88	16.23	10.86	100	196
4	15	7	0	15	0	469.799944	360.084365	16.232924	10.857240	-1	###LINE###
5	15	7	0	15	0	469.80	360.08	16.23	10.86	100	388
4	15	7	0	16	0	475.199941	373.284365	10.821949	10.857240	-1	###LINE###
5	15	7	0	16	0	475.20	373.28	10.82	10.86	100	91
4	15	7	0	17	0	475.199941	386.484394	10.821949	10.857240	-1	###LINE###
5	15	7	0	17	0	475.20	386.48	10.82	10.86	100	57
4	15	7	0	18	0	469.799944	399.564366	16.232924	10.857240	-1	###LINE###
5	15	7	0	18	0	469.80	399.56	16.23	10.86	100	102
4	15	7	0	19	0	475.199941	412.764396	10.821949	10.857240	-1	###LINE###
5	15	7	0	19	0	475.20	412.76	10.82	10.86	100	45
4	15	7	0	20	0	469.799944	425.964395	16.232924	10.857240	-1	###LINE###
5	15	7	0	20	0	469.80	425.96	16.23	10.86	100	118
4	15	7	0	21	0	475.199941	439.164394	10.821949	10.857240	-1	###LINE###
5	15	7	0	21	0	475.20	439.16	10.82	10.86	100	46
4	15	7	0	22	0	469.799944	452.244397	16.232924	10.857240	-1	###LINE###
5	15	7	0	22	0	469.80	452.24	16.23	10.86	100	114
4	15	7	0	23	0	475.199941	465.444396	10.821949	10.857240	-1	###LINE###
5	15	7	0	23	0	475.20	465.44	10.82	10.86	100	97
4	15	7	0	24	0	475.199941	478.644395	10.821949	10.857240	-1	###LINE###
5	15	7	0	24	0	475.20	478.64	10.82	10.86	100	28
4	15	7	0	25	0	475.199941	491.844394	10.821949	10.857240	-1	###LINE###
5	15	7	0	25	0	475.20	491.84	10.82	10.86	100	24
4	15	7	0	26	0	475.199941	504.924397	10.821949	10.857240	-1	###LINE###
5	15	7	0	26	0	475.20	504.92	10.82	10.86	100	59
4	15	7	0	27	0	475.199941	518.124365	10.821949	10.857240	-1	###LINE###
5	15	7	0	27	0	475.20	518.12	10.82	10.86	100	48
4	15	7	0	28	0	469.799944	531.324364	16.232924	10.857240	-1	###LINE###
5	15	7	0	28	0	469.80	531.32	16.23	10.86	100	122
4	15	7	0	29	0	469.799944	544.524360	16.232924	10.857240	-1	###LINE###
5	15	7	0	29	0	469.80	544.52	16.23	10.86	100	496
3	15	8	0	0	0	508.199944	164.364412	71.521349	391.017189	-1	###FLOW###
4	15	8	0	0	0	508.199944	164.364412	71.315866	10.857240	-1	###LINE###
5	15	8	0	0	0	508.20	164.36	36.78	10.86	100	Brandon
5	15	8	0	0	1	547.61	164.36	31.90	10.86	100	Russell
4	15	8	0	1	0	517.319911	175.524417	62.401382	10.857240	-1	###LINE###
5	15	8	0	1	0	517.32	175.52	62.40	10.86	100	MONHOLLEN
4	15	8	0	2	0	568.799890	188.844411	10.821949	10.857240	-1	###LINE###
5	15	8	0	2	0	568.80	188.84	10.82	10.86	100	12
4	15	8	0	3	0	563.399923	202.044410	16.232924	10.857240	-1	###LINE###
5	15	8	0	3	0	563.40	202.04	16.23	10.86	100	196
4	15	8	0	4	0	563.399923	215.244409	16.232924	10.857240	-1	###LINE###
5	15	8	0	4	0	563.40	215.24	16.23	10.86	100	170
4	15	8	0	5	0	574.199918	228.444408	5.410975	10.857240	-1	###LINE###
5	15	8	0	5	0	574.20	228.44	5.41	10.86	100	7
4	15	8	0	6	0	568.799890	241.524412	10.821949	10.857240	-1	###LINE###
5	15	8	0	6	0	568.80	241.52	10.82	10.86	100	70
4	15	8	0	7	0	563.399923	254.724411	16.232924	10.857240	-1	###LINE###
5	15	8	0	7	0	563.40	254.72	16.23	10.86	100	136
4	15	8	0	8	0	568.799890	267.924379	10.821949	10.857240	-1	###LINE###
5	15	8	0	8	0	568.80	267.92	10.82	10.86	100	14
4	15	8	0	9	0	568.799890	281.124379	10.821949	10.857240	-1	###LINE###
5	15	8	0	9	0	568.80	281.12	10.82	10.86	100	62
4	15	8	0	10	0	563.399923	294.204381	16.232924	10.857240	-1	###LINE###
5	15	8	0	10	0	563.40	294.20	16.23	10.86	100	282
4	15	8	0	11	0	568.799890	307.404380	10.821949	10.857240	-1	###LINE###
5	15	8	0	11	0	568.80	307.40	10.82	10.86	100	74
4	15	8	0	12	0	563.399923	320.604379	16.232924	10.857240	-1	###LINE###
5	15	8	0	12	0	563.40	320.60	16.23	10.86	100	124
4	15	8	0	13	0	568.799890	333.804378	10.821949	10.857240	-1	###LINE###
5	15	8	0	13	0	568.80	333.80	10.82	10.86	100	12
4	15	8	0	14	0	563.399923	346.884382	16.232924	10.857240	-1	###LINE###
5	15	8	0	14	0	563.40	346.88	16.23	10.86	100	220
4	15	8	0	15	0	563.399923	360.084365	16.232924	10.857240	-1	###LINE###
5	15	8	0	15	0	563.40	360.08	16.23	10.86	100	721
4	15	8	0	16	0	568.799890	373.284365	10.821949	10.857240	-1	###LINE###
5	15	8	0	16	0	568.80	373.28	10.82	10.86	100	56
4	15	8	0	17	0	568.799890	386.484394	10.821949	10.857240	-1	###LINE###
5	15	8	0	17	0	568.80	386.48	10.82	10.86	100	39
4	15	8	0	18	0	568.799890	399.564366	10.821949	10.857240	-1	###LINE###
5	15	8	0	18	0	568.80	399.56	10.82	10.86	100	82
4	15	8	0	19	0	568.799890	412.764396	10.821949	10.857240	-1	###LINE###
5	15	8	0	19	0	568.80	412.76	10.82	10.86	100	56
4	15	8	0	20	0	563.399923	425.964395	16.232924	10.857240	-1	###LINE###
5	15	8	0	20	0	563.40	425.96	16.23	10.86	100	101
4	15	8	0	21	0	568.799890	439.164394	10.821949	10.857240	-1	###LINE###
5	15	8	0	21	0	568.80	439.16	10.82	10.86	100	77
4	15	8	0	22	0	568.799890	452.244397	10.821949	10.857240	-1	###LINE###
5	15	8	0	22	0	568.80	452.24	10.82	10.86	100	62
4	15	8	0	23	0	568.799890	465.444396	10.821949	10.857240	-1	###LINE###
5	15	8	0	23	0	568.80	465.44	10.82	10.86	100	90
4	15	8	0	24	0	568.799890	478.644395	10.821949	10.857240	-1	###LINE###
5	15	8	0	24	0	568.80	478.64	10.82	10.86	100	15
4	15	8	0	25	0	568.799890	491.844394	10.821949	10.857240	-1	###LINE###
5	15	8	0	25	0	568.80	491.84	10.82	10.86	100	22
4	15	8	0	26	0	568.799890	504.924397	10.821949	10.857240	-1	###LINE###
5	15	8	0	26	0	568.80	504.92	10.82	10.86	100	40
4	15	8	0	27	0	568.799890	518.124365	10.821949	10.857240	-1	###LINE###
5	15	8	0	27	0	568.80	518.12	10.82	10.86	100	44
4	15	8	0	28	0	563.399923	531.324364	16.232924	10.857240	-1	###LINE###
5	15	8	0	28	0	563.40	531.32	16.23	10.86	100	102
4	15	8	0	29	0	563.399923	544.524360	16.232924	10.857240	-1	###LINE###
5	15	8	0	29	0	563.40	544.52	16.23	10.86	100	312
3	15	9	0	0	0	628.799910	164.364412	44.465364	391.017189	-1	###FLOW###
4	15	9	0	0	0	653.759897	164.364412	19.463937	10.857240	-1	###LINE###
5	15	9	0	0	0	653.76	164.36	19.46	10.86	100	Rich
4	15	9	0	1	0	628.799910	175.524417	44.465364	10.857240	-1	###LINE###
5	15	9	0	1	0	628.80	175.52	20.11	10.86	100	VAN
5	15	9	0	1	1	651.53	175.52	21.73	10.86	100	DAM
4	15	9	0	2	0	662.399869	188.844411	10.821949	10.857240	-1	###LINE###
5	15	9	0	2	0	662.40	188.84	10.82	10.86	100	17
4	15	9	0	3	0	662.399869	202.044410	10.821949	10.857240	-1	###LINE###
5	15	9	0	3	0	662.40	202.04	10.82	10.86	100	95
4	15	9	0	4	0	656.999902	215.244409	16.232924	10.857240	-1	###LINE###
5	15	9	0	4	0	657.00	215.24	16.23	10.86	100	119
4	15	9	0	5	0	662.399869	228.444408	10.821949	10.857240	-1	###LINE###
5	15	9	0	5	0	662.40	228.44	10.82	10.86	100	15
4	15	9	0	6	0	662.399869	241.524412	10.821949	10.857240	-1	###LINE###
5	15	9	0	6	0	662.40	241.52	10.82	10.86	100	83
4	15	9	0	7	0	656.999902	254.724411	16.232924	10.857240	-1	###LINE###
5	15	9	0	7	0	657.00	254.72	16.23	10.86	100	114
4	15	9	0	8	0	662.399869	267.924379	10.821949	10.857240	-1	###LINE###
5	15	9	0	8	0	662.40	267.92	10.82	10.86	100	12
4	15	9	0	9	0	662.399869	281.124379	10.821949	10.857240	-1	###LINE###
5	15	9	0	9	0	662.40	281.12	10.82	10.86	100	41
4	15	9	0	10	0	656.999902	294.204381	16.232924	10.857240	-1	###LINE###
5	15	9	0	10	0	657.00	294.20	16.23	10.86	100	126
4	15	9	0	11	0	662.399869	307.404380	10.821949	10.857240	-1	###LINE###
5	15	9	0	11	0	662.40	307.40	10.82	10.86	100	43
4	15	9	0	12	0	662.399869	320.604379	10.821949	10.857240	-1	###LINE###
5	15	9	0	12	0	662.40	320.60	10.82	10.86	100	80
4	15	9	0	13	0	662.399869	333.804378	10.821949	10.857240	-1	###LINE###
5	15	9	0	13	0	662.40	333.80	10.82	10.86	100	11
4	15	9	0	14	0	662.399869	346.884382	10.821949	10.857240	-1	###LINE###
5	15	9	0	14	0	662.40	346.88	10.82	10.86	100	92
4	15	9	0	15	0	656.999902	360.084365	16.232924	10.857240	-1	###LINE###
5	15	9	0	15	0	657.00	360.08	16.23	10.86	100	146
4	15	9	0	16	0	662.399869	373.284365	10.821949	10.857240	-1	###LINE###
5	15	9	0	16	0	662.40	373.28	10.82	10.86	100	41
4	15	9	0	17	0	662.399869	386.484394	10.821949	10.857240	-1	###LINE###
5	15	9	0	17	0	662.40	386.48	10.82	10.86	100	23
4	15	9	0	18	0	662.399869	399.564366	10.821949	10.857240	-1	###LINE###
5	15	9	0	18	0	662.40	399.56	10.82	10.86	100	36
4	15	9	0	19	0	662.399869	412.764396	10.821949	10.857240	-1	###LINE###
5	15	9	0	19	0	662.40	412.76	10.82	10.86	100	46
4	15	9	0	20	0	662.399869	425.964395	10.821949	10.857240	-1	###LINE###
5	15	9	0	20	0	662.40	425.96	10.82	10.86	100	62
4	15	9	0	21	0	662.399869	439.164394	10.821949	10.857240	-1	###LINE###
5	15	9	0	21	0	662.40	439.16	10.82	10.86	100	35
4	15	9	0	22	0	662.399869	452.244397	10.821949	10.857240	-1	###LINE###
5	15	9	0	22	0	662.40	452.24	10.82	10.86	100	74
4	15	9	0	23	0	662.399869	465.444396	10.821949	10.857240	-1	###LINE###
5	15	9	0	23	0	662.40	465.44	10.82	10.86	100	60
4	15	9	0	24	0	662.399869	478.644395	10.821949	10.857240	-1	###LINE###
5	15	9	0	24	0	662.40	478.64	10.82	10.86	100	12
4	15	9	0	25	0	662.399869	491.844394	10.821949	10.857240	-1	###LINE###
5	15	9	0	25	0	662.40	491.84	10.82	10.86	100	15
4	15	9	0	26	0	662.399869	504.924397	10.821949	10.857240	-1	###LINE###
5	15	9	0	26	0	662.40	504.92	10.82	10.86	100	28
4	15	9	0	27	0	662.399869	518.124365	10.821949	10.857240	-1	###LINE###
5	15	9	0	27	0	662.40	518.12	10.82	10.86	100	33
4	15	9	0	28	0	662.399869	531.324364	10.821949	10.857240	-1	###LINE###
5	15	9	0	28	0	662.40	531.32	10.82	10.86	100	78
4	15	9	0	29	0	656.999902	544.524360	16.232924	10.857240	-1	###LINE###
5	15	9	0	29	0	657.00	544.52	16.23	10.86	100	866
1	16	0	0	0	0	0.000000	0.000000	792.000000	612.000000	-1	###PAGE###
3	16	0	0	0	0	35.999994	54.115290	161.658823	13.404001	-1	###FLOW###
4	16	0	0	0	0	35.999994	54.115290	161.658823	13.404001	-1	###LINE###
5	16	0	0	0	0	36.00	54.12	89.57	13.40	100	Commonwealth
5	16	0	0	0	1	128.96	54.12	11.33	13.40	100	of
5	16	0	0	0	2	143.60	54.12	54.05	13.40	100	Kentucky
3	16	1	0	0	0	118.799986	114.444414	52.328795	77.097227	-1	###FLOW###
4	16	1	0	0	0	118.799986	114.444414	47.706110	10.857240	-1	###LINE###
5	16	1	0	0	0	118.80	114.44	47.71	10.86	100	Rockcastle
4	16	1	0	1	0	118.799986	127.644413	30.013391	10.857240	-1	###LINE###
5	16	1	0	1	0	118.80	127.64	30.01	10.86	100	Rowan
4	16	1	0	2	0	118.799986	140.844412	30.616773	10.857240	-1	###LINE###
5	16	1	0	2	0	118.80	140.84	30.62	10.86	100	Wayne
4	16	1	0	3	0	118.799986	154.044411	32.417187	10.857240	-1	###LINE###
5	16	1	0	3	0	118.80	154.04	32.42	10.86	100	Whitley
4	16	1	0	4	0	118.799986	167.244410	25.390706	10.857240	-1	###LINE###
5	16	1	0	4	0	118.80	167.24	25.39	10.86	100	Wolfe
4	16	1	0	5	0	118.799986	180.684401	52.328795	10.857240	-1	###LINE###
5	16	1	0	5	0	118.80	180.68	23.10	10.86	100	Total
5	16	1	0	5	1	144.65	180.68	26.48	10.86	100	Votes
3	16	2	0	0	0	289.919964	54.115290	211.964694	13.404001	-1	###FLOW###
4	16	2	0	0	0	289.919964	54.115290	211.964694	13.404001	-1	###LINE###
5	16	2	0	0	0	289.92	54.12	44.03	13.40	100	Michael
5	16	2	0	0	1	337.40	54.12	12.66	13.40	100	G.
5	16	2	0	0	2	353.48	54.12	43.01	13.40	100	Adams,
5	16	2	0	0	3	399.93	54.12	54.90	13.40	100	Secretary
5	16	2	0	0	4	457.89	54.12	11.33	13.40	100	of
5	16	2	0	0	5	472.52	54.12	29.36	13.40	100	State
3	16	2	1	0	0	245.999961	89.964445	52.834857	101.577197	-1	###FLOW###
4	16	2	1	0	0	245.999961	89.964445	52.834857	10.857240	-1	###LINE###
5	16	2	1	0	0	246.00	89.96	28.56	10.86	100	Harold
5	16	2	1	0	1	277.25	89.96	21.59	10.86	100	"Hal"
4	16	2	1	1	0	256.799971	101.124419	41.993444	10.857240	-1	###LINE###
5	16	2	1	1	0	256.80	101.12	41.99	10.86	100	ROGERS
4	16	2	1	2	0	274.439948	114.444414	24.339653	10.857240	-1	###LINE###
5	16	2	1	2	0	274.44	114.44	24.34	10.86	100	3,115
4	16	2	1	3	0	274.439948	127.644413	24.339653	10.857240	-1	###LINE###
5	16	2	1	3	0	274.44	127.64	24.34	10.86	100	1,206
4	16	2	1	4	0	274.439948	140.844412	24.339653	10.857240	-1	###LINE###
5	16	2	1	4	0	274.44	140.84	24.34	10.86	100	3,377
4	16	2	1	5	0	274.439948	154.044411	24.339653	10.857240	-1	###LINE###
5	16	2	1	5	0	274.44	154.04	24.34	10.86	100	5,237
4	16	2	1	6	0	282.599956	167.244410	16.232924	10.857240	-1	###LINE###
5	16	2	1	6	0	282.60	167.24	16.23	10.86	100	136
4	16	2	1	7	0	269.039952	180.684401	29.750628	10.857240	-1	###LINE###
5	16	2	1	7	0	269.04	180.68	29.75	10.86	100	77,050
3	16	3	0	0	0	344.399935	89.964445	48.066193	101.577197	-1	###FLOW###
4	16	3	0	0	0	356.759938	89.964445	35.687129	10.857240	-1	###LINE###
5	16	3	0	0	0	356.76	89.96	35.69	10.86	100	Gerardo
4	16	3	0	1	0	344.399935	101.124419	48.066193	10.857240	-1	###LINE###
5	16	3	0	1	0	344.40	101.12	48.07	10.86	100	SERRANO
4	16	3	0	2	0	376.199934	114.444414	16.232924	10.857240	-1	###LINE###
5	16	3	0	2	0	376.20	114.44	16.23	10.86	100	161
4	16	3	0	3	0	381.599932	127.644413	10.821949	10.857240	-1	###LINE###
5	16	3	0	3	0	381.60	127.64	10.82	10.86	100	42
4	16	3	0	4	0	376.199934	140.844412	16.232924	10.857240	-1	###LINE###
5	16	3	0	4	0	376.20	140.84	16.23	10.86	100	247
4	16	3	0	5	0	376.199934	154.044411	16.232924	10.857240	-1	###LINE###
5	16	3	0	5	0	376.20	154.04	16.23	10.86	100	385
4	16	3	0	6	0	386.999930	167.244410	5.410975	10.857240	-1	###LINE###
5	16	3	0	6	0	387.00	167.24	5.41	10.86	100	7
4	16	3	0	7	0	368.039958	180.684401	24.339653	10.857240	-1	###LINE###
5	16	3	0	7	0	368.04	180.68	24.34	10.86	100	5,460
3	16	4	0	0	0	436.319946	89.964445	49.712921	101.577197	-1	###FLOW###
4	16	4	0	0	0	443.159929	89.964445	42.849858	10.857240	-1	###LINE###
5	16	4	0	0	0	443.16	89.96	42.85	10.86	100	Jeannette
4	16	4	0	1	0	436.319946	101.124419	49.681699	10.857240	-1	###LINE###
5	16	4	0	1	0	436.32	101.12	49.68	10.86	100	ANDREWS
4	16	4	0	2	0	469.799944	114.444414	16.232924	10.857240	-1	###LINE###
5	16	4	0	2	0	469.80	114.44	16.23	10.86	100	133
4	16	4	0	3	0	475.199941	127.644413	10.821949	10.857240	-1	###LINE###
5	16	4	0	3	0	475.20	127.64	10.82	10.86	100	71
4	16	4	0	4	0	469.799944	140.844412	16.232924	10.857240	-1	###LINE###
5	16	4	0	4	0	469.80	140.84	16.23	10.86	100	189
4	16	4	0	5	0	469.799944	154.044411	16.232924	10.857240	-1	###LINE###
5	16	4	0	5	0	469.80	154.04	16.23	10.86	100	318
4	16	4	0	6	0	475.199941	167.244410	10.821949	10.857240	-1	###LINE###
5	16	4	0	6	0	475.20	167.24	10.82	10.86	100	10
4	16	4	0	7	0	461.639937	180.684401	24.339653	10.857240	-1	###LINE###
5	16	4	0	7	0	461.64	180.68	24.34	10.86	100	4,160
3	16	5	0	0	0	584.279905	54.115290	171.619073	13.404001	-1	###FLOW###
4	16	5	0	0	0	584.279905	54.115290	171.619073	13.404001	-1	###LINE###
5	16	5	0	0	0	584.28	54.12	26.72	13.40	100	2022
5	16	5	0	0	1	614.49	54.12	44.86	13.40	100	Primary
5	16	5	0	0	2	662.36	54.12	46.82	13.40	100	Election
5	16	5	0	0	3	712.53	54.12	43.37	13.40	100	Results
3	16	5	1	0	0	508.199944	89.964445	71.521349	101.577197	-1	###FLOW###
4	16	5	1	0	0	508.199944	89.964445	71.315866	10.857240	-1	###LINE###
5	16	5	1	0	0	508.20	89.96	36.78	10.86	100	Brandon
5	16	5	1	0	1	547.61	89.96	31.90	10.86	100	Russell
4	16	5	1	1	0	517.319911	101.124419	62.401382	10.857240	-1	###LINE###
5	16	5	1	1	0	517.32	101.12	62.40	10.86	100	MONHOLLEN
4	16	5	1	2	0	568.799890	114.444414	10.821949	10.857240	-1	###LINE###
5	16	5	1	2	0	568.80	114.44	10.82	10.86	100	85
4	16	5	1	3	0	568.799890	127.644413	10.821949	10.857240	-1	###LINE###
5	16	5	1	3	0	568.80	127.64	10.82	10.86	100	43
4	16	5	1	4	0	568.799890	140.844412	10.821949	10.857240	-1	###LINE###
5	16	5	1	4	0	568.80	140.84	10.82	10.86	100	88
4	16	5	1	5	0	563.399923	154.044411	16.232924	10.857240	-1	###LINE###
5	16	5	1	5	0	563.40	154.04	16.23	10.86	100	411
4	16	5	1	6	0	574.199918	167.244410	5.410975	10.857240	-1	###LINE###
5	16	5	1	6	0	574.20	167.24	5.41	10.86	100	6
4	16	5	1	7	0	555.239915	180.684401	24.339653	10.857240	-1	###LINE###
5	16	5	1	7	0	555.24	180.68	24.34	10.86	100	3,831
3	16	6	0	0	0	321.119947	218.275306	149.571958	41.003991	-1	###FLOW###
4	16	6	0	0	0	342.959950	218.275306	106.030406	13.404001	-1	###LINE###
5	16	6	0	0	0	342.96	218.28	16.68	13.40	100	US
5	16	6	0	0	1	362.96	218.28	86.03	13.40	100	Representative
4	16	6	0	1	0	321.119947	232.075316	149.571958	13.404001	-1	###LINE###
5	16	6	0	1	0	321.12	232.08	18.01	13.40	100	6th
5	16	6	0	1	1	342.45	232.08	83.49	13.40	100	Congressional
5	16	6	0	1	2	429.33	232.08	41.37	13.40	100	District
4	16	6	0	2	0	347.039954	245.875295	98.280875	13.404001	-1	###LINE###
5	16	6	0	2	0	347.04	245.88	64.81	13.40	100	Republican
5	16	6	0	2	1	415.16	245.88	30.16	13.40	100	Party
3	16	7	0	0	0	244.799973	295.164381	53.973498	221.937244	-1	###FLOW###
4	16	7	0	0	0	244.799973	295.164381	41.643093	10.857240	-1	###LINE###
5	16	7	0	0	0	244.80	295.16	41.64	10.86	100	Anderson
4	16	7	0	1	0	244.799973	308.364380	19.999195	10.857240	-1	###LINE###
5	16	7	0	1	0	244.80	308.36	20.00	10.86	100	Bath
4	16	7	0	2	0	244.799973	321.564379	36.777109	10.857240	-1	###LINE###
5	16	7	0	2	0	244.80	321.56	36.78	10.86	100	Bourbon
4	16	7	0	3	0	244.799973	334.764378	22.704683	10.857240	-1	###LINE###
5	16	7	0	3	0	244.80	334.76	22.70	10.86	100	Clark
4	16	7	0	4	0	244.799973	347.844365	20.631773	10.857240	-1	###LINE###
5	16	7	0	4	0	244.80	347.84	20.63	10.86	100	Estill
4	16	7	0	5	0	244.799973	361.044364	32.290672	10.857240	-1	###LINE###
5	16	7	0	5	0	244.80	361.04	32.29	10.86	100	Fayette
4	16	7	0	6	0	244.799973	374.244394	34.460901	10.857240	-1	###LINE###
5	16	7	0	6	0	244.80	374.24	34.46	10.86	100	Fleming
4	16	7	0	7	0	244.799973	387.444393	33.516900	10.857240	-1	###LINE###
5	16	7	0	7	0	244.80	387.44	33.52	10.86	100	Garrard
4	16	7	0	8	0	244.799973	400.524396	46.655057	10.857240	-1	###LINE###
5	16	7	0	8	0	244.80	400.52	46.66	10.86	100	Jessamine
4	16	7	0	9	0	244.799973	413.724395	36.679789	10.857240	-1	###LINE###
5	16	7	0	9	0	244.80	413.72	36.68	10.86	100	Madison
4	16	7	0	10	0	244.799973	426.924394	30.276154	10.857240	-1	###LINE###
5	16	7	0	10	0	244.80	426.92	30.28	10.86	100	Mercer
4	16	7	0	11	0	244.799973	440.124393	53.973498	10.857240	-1	###LINE###
5	16	7	0	11	0	244.80	440.12	53.97	10.86	100	Montgomery
4	16	7	0	12	0	244.799973	453.204397	37.312367	10.857240	-1	###LINE###
5	16	7	0	12	0	244.80	453.20	37.31	10.86	100	Nicholas
4	16	7	0	13	0	244.799973	466.404396	28.446544	10.857240	-1	###LINE###
5	16	7	0	13	0	244.80	466.40	28.45	10.86	100	Powell
4	16	7	0	14	0	244.799973	479.604395	22.247280	10.857240	-1	###LINE###
5	16	7	0	14	0	244.80	479.60	22.25	10.86	100	Scott
4	16	7	0	15	0	244.799973	492.804394	42.703878	10.857240	-1	###LINE###
5	16	7	0	15	0	244.80	492.80	42.70	10.86	100	Woodford
4	16	7	0	16	0	244.799973	506.244384	52.328795	10.857240	-1	###LINE###
5	16	7	0	16	0	244.80	506.24	23.10	10.86	100	Total
5	16	7	0	16	1	270.65	506.24	26.48	10.86	100	Votes
3	16	8	0	0	0	409.439949	270.684381	29.969428	246.417243	-1	###FLOW###
4	16	8	0	0	0	417.239953	270.684381	22.169424	10.857240	-1	###LINE###
5	16	8	0	0	0	417.24	270.68	22.17	10.86	100	Andy
4	16	8	0	1	0	411.719934	281.844385	27.609595	10.857240	-1	###LINE###
5	16	8	0	1	0	411.72	281.84	27.61	10.86	100	BARR
4	16	8	0	2	0	414.839947	295.164381	24.339653	10.857240	-1	###LINE###
5	16	8	0	2	0	414.84	295.16	24.34	10.86	100	2,533
4	16	8	0	3	0	422.999924	308.364380	16.232924	10.857240	-1	###LINE###
5	16	8	0	3	0	423.00	308.36	16.23	10.86	100	154
4	16	8	0	4	0	414.839947	321.564379	24.339653	10.857240	-1	###LINE###
5	16	8	0	4	0	414.84	321.56	24.34	10.86	100	1,450
4	16	8	0	5	0	414.839947	334.764378	24.339653	10.857240	-1	###LINE###
5	16	8	0	5	0	414.84	334.76	24.34	10.86	100	2,514
4	16	8	0	6	0	414.839947	347.844365	24.339653	10.857240	-1	###LINE###
5	16	8	0	6	0	414.84	347.84	24.34	10.86	100	1,673
4	16	8	0	7	0	409.439949	361.044364	29.750628	10.857240	-1	###LINE###
5	16	8	0	7	0	409.44	361.04	29.75	10.86	100	13,162
4	16	8	0	8	0	414.839947	374.244394	24.339653	10.857240	-1	###LINE###
5	16	8	0	8	0	414.84	374.24	24.34	10.86	100	1,452
4	16	8	0	9	0	414.839947	387.444393	24.339653	10.857240	-1	###LINE###
5	16	8	0	9	0	414.84	387.44	24.34	10.86	100	2,537
4	16	8	0	10	0	414.839947	400.524396	24.339653	10.857240	-1	###LINE###
5	16	8	0	10	0	414.84	400.52	24.34	10.86	100	5,000
4	16	8	0	11	0	414.839947	413.724395	24.339653	10.857240	-1	###LINE###
5	16	8	0	11	0	414.84	413.72	24.34	10.86	100	5,848
4	16	8	0	12	0	414.839947	426.924394	24.339653	10.857240	-1	###LINE###
5	16	8	0	12	0	414.84	426.92	24.34	10.86	100	1,796
4	16	8	0	13	0	414.839947	440.124393	24.339653	10.857240	-1	###LINE###
5	16	8	0	13	0	414.84	440.12	24.34	10.86	100	1,867
4	16	8	0	14	0	422.999924	453.204397	16.232924	10.857240	-1	###LINE###
5	16	8	0	14	0	423.00	453.20	16.23	10.86	100	271
4	16	8	0	15	0	414.839947	466.404396	24.339653	10.857240	-1	###LINE###
5	16	8	0	15	0	414.84	466.40	24.34	10.86	100	1,074
4	16	8	0	16	0	414.839947	479.604395	24.339653	10.857240	-1	###LINE###
5	16	8	0	16	0	414.84	479.60	24.34	10.86	100	4,427
4	16	8	0	17	0	414.839947	492.804394	24.339653	10.857240	-1	###LINE###
5	16	8	0	17	0	414.84	492.80	24.34	10.86	100	1,902
4	16	8	0	18	0	409.439949	506.244384	29.750628	10.857240	-1	###LINE###
5	16	8	0	18	0	409.44	506.24	29.75	10.86	100	47,660
3	16	9	0	0	0	503.159920	270.684381	44.072941	246.417243	-1	###FLOW###
4	16	9	0	0	0	521.279923	270.684381	25.857840	10.857240	-1	###LINE###
5	16	9	0	0	0	521.28	270.68	25.86	10.86	100	Derek
4	16	9	0	1	0	503.159920	281.844385	44.037158	10.857240	-1	###LINE###
5	16	9	0	1	0	503.16	281.84	44.04	10.86	100	PETTEYS
4	16	9	0	2	0	530.999937	295.164381	16.232924	10.857240	-1	###LINE###
5	16	9	0	2	0	531.00	295.16	16.23	10.86	100	276
4	16	9	0	3	0	536.399904	308.364380	10.821949	10.857240	-1	###LINE###
5	16	9	0	3	0	536.40	308.36	10.82	10.86	100	12
4	16	9	0	4	0	530.999937	321.564379	16.232924	10.857240	-1	###LINE###
5	16	9	0	4	0	531.00	321.56	16.23	10.86	100	207
4	16	9	0	5	0	530.999937	334.764378	16.232924	10.857240	-1	###LINE###
5	16	9	0	5	0	531.00	334.76	16.23	10.86	100	337
4	16	9	0	6	0	530.999937	347.844365	16.232924	10.857240	-1	###LINE###
5	16	9	0	6	0	531.00	347.84	16.23	10.86	100	168
4	16	9	0	7	0	522.839930	361.044364	24.339653	10.857240	-1	###LINE###
5	16	9	0	7	0	522.84	361.04	24.34	10.86	100	2,009
4	16	9	0	8	0	530.999937	374.244394	16.232924	10.857240	-1	###LINE###
5	16	9	0	8	0	531.00	374.24	16.23	10.86	100	154
4	16	9	0	9	0	530.999937	387.444393	16.232924	10.857240	-1	###LINE###
5	16	9	0	9	0	531.00	387.44	16.23	10.86	100	356
4	16	9	0	10	0	530.999937	400.524396	16.232924	10.857240	-1	###LINE###
5	16	9	0	10	0	531.00	400.52	16.23	10.86	100	708
4	16	9	0	11	0	530.999937	413.724395	16.232924	10.857240	-1	###LINE###
5	16	9	0	11	0	531.00	413.72	16.23	10.86	100	749
4	16	9	0	12	0	530.999937	426.924394	16.232924	10.857240	-1	###LINE###
5	16	9	0	12	0	531.00	426.92	16.23	10.86	100	256
4	16	9	0	13	0	530.999937	440.124393	16.232924	10.857240	-1	###LINE###
5	16	9	0	13	0	531.00	440.12	16.23	10.86	100	235
4	16	9	0	14	0	536.399904	453.204397	10.821949	10.857240	-1	###LINE###
5	16	9	0	14	0	536.40	453.20	10.82	10.86	100	44
4	16	9	0	15	0	530.999937	466.404396	16.232924	10.857240	-1	###LINE###
5	16	9	0	15	0	531.00	466.40	16.23	10.86	100	139
4	16	9	0	16	0	530.999937	479.604395	16.232924	10.857240	-1	###LINE###
5	16	9	0	16	0	531.00	479.60	16.23	10.86	100	674
4	16	9	0	17	0	530.999937	492.804394	16.232924	10.857240	-1	###LINE###
5	16	9	0	17	0	531.00	492.80	16.23	10.86	100	269
4	16	9	0	18	0	522.839930	506.244384	24.339653	10.857240	-1	###LINE###
5	16	9	0	18	0	522.84	506.24	24.34	10.86	100	6,593
3	16	10	0	0	0	628.799910	89.964445	44.465364	101.577197	-1	###FLOW###
4	16	10	0	0	0	653.759897	89.964445	19.463937	10.857240	-1	###LINE###
5	16	10	0	0	0	653.76	89.96	19.46	10.86	100	Rich
4	16	10	0	1	0	628.799910	101.124419	44.465364	10.857240	-1	###LINE###
5	16	10	0	1	0	628.80	101.12	20.11	10.86	100	VAN
5	16	10	0	1	1	651.53	101.12	21.73	10.86	100	DAM
4	16	10	0	2	0	662.399869	114.444414	10.821949	10.857240	-1	###LINE###
5	16	10	0	2	0	662.40	114.44	10.82	10.86	100	56
4	16	10	0	3	0	662.399869	127.644413	10.821949	10.857240	-1	###LINE###
5	16	10	0	3	0	662.40	127.64	10.82	10.86	100	46
4	16	10	0	4	0	656.999902	140.844412	16.232924	10.857240	-1	###LINE###
5	16	10	0	4	0	657.00	140.84	16.23	10.86	100	141
4	16	10	0	5	0	656.999902	154.044411	16.232924	10.857240	-1	###LINE###
5	16	10	0	5	0	657.00	154.04	16.23	10.86	100	127
4	16	10	0	6	0	662.399869	167.244410	10.821949	10.857240	-1	###LINE###
5	16	10	0	6	0	662.40	167.24	10.82	10.86	100	11
4	16	10	0	7	0	648.839894	180.684401	24.339653	10.857240	-1	###LINE###
5	16	10	0	7	0	648.84	180.68	24.34	10.86	100	2,784
1	17	0	0	0	0	0.000000	0.000000	792.000000	612.000000	-1	###PAGE###
3	17	0	0	0	0	35.999994	54.115290	161.658823	13.404001	-1	###FLOW###
4	17	0	0	0	0	35.999994	54.115290	161.658823	13.404001	-1	###LINE###
5	17	0	0	0	0	36.00	54.12	89.57	13.40	100	Commonwealth
5	17	0	0	0	1	128.96	54.12	11.33	13.40	100	of
5	17	0	0	0	2	143.60	54.12	54.05	13.40	100	Kentucky
3	17	1	0	0	0	289.919964	54.115290	211.964694	13.404001	-1	###FLOW###
4	17	1	0	0	0	289.919964	54.115290	211.964694	13.404001	-1	###LINE###
5	17	1	0	0	0	289.92	54.12	44.03	13.40	100	Michael
5	17	1	0	0	1	337.40	54.12	12.66	13.40	100	G.
5	17	1	0	0	2	353.48	54.12	43.01	13.40	100	Adams,
5	17	1	0	0	3	399.93	54.12	54.90	13.40	100	Secretary
5	17	1	0	0	4	457.89	54.12	11.33	13.40	100	of
5	17	1	0	0	5	472.52	54.12	29.36	13.40	100	State
3	17	2	0	0	0	584.279905	54.115290	171.619073	13.404001	-1	###FLOW###
4	17	2	0	0	0	584.279905	54.115290	171.619073	13.404001	-1	###LINE###
5	17	2	0	0	0	584.28	54.12	26.72	13.40	100	2022
5	17	2	0	0	1	614.49	54.12	44.86	13.40	100	Primary
5	17	2	0	0	2	662.36	54.12	46.82	13.40	100	Election
5	17	2	0	0	3	712.53	54.12	43.37	13.40	100	Results
3	17	3	0	0	0	321.119947	111.955306	149.571958	41.003991	-1	###FLOW###
4	17	3	0	0	0	342.959950	111.955306	106.030406	13.404001	-1	###LINE###
5	17	3	0	0	0	342.96	111.96	16.68	13.40	100	US
5	17	3	0	0	1	362.96	111.96	86.03	13.40	100	Representative
4	17	3	0	1	0	321.119947	125.755316	149.571958	13.404001	-1	###LINE###
5	17	3	0	1	0	321.12	125.76	18.01	13.40	100	6th
5	17	3	0	1	1	342.45	125.76	83.49	13.40	100	Congressional
5	17	3	0	1	2	429.33	125.76	41.37	13.40	100	District
4	17	3	0	2	0	346.679950	139.555296	98.881614	13.404001	-1	###LINE###
5	17	3	0	2	0	346.68	139.56	65.41	13.40	100	Democratic
5	17	3	0	2	1	415.52	139.56	30.04	13.40	100	Party
3	17	4	0	0	0	244.799973	188.844411	53.973498	221.937214	-1	###FLOW###
4	17	4	0	0	0	244.799973	188.844411	41.643093	10.857240	-1	###LINE###
5	17	4	0	0	0	244.80	188.84	41.64	10.86	100	Anderson
4	17	4	0	1	0	244.799973	202.044410	19.999195	10.857240	-1	###LINE###
5	17	4	0	1	0	244.80	202.04	20.00	10.86	100	Bath
4	17	4	0	2	0	244.799973	215.244409	36.777109	10.857240	-1	###LINE###
5	17	4	0	2	0	244.80	215.24	36.78	10.86	100	Bourbon
4	17	4	0	3	0	244.799973	228.444408	22.704683	10.857240	-1	###LINE###
5	17	4	0	3	0	244.80	228.44	22.70	10.86	100	Clark
4	17	4	0	4	0	244.799973	241.524412	20.631773	10.857240	-1	###LINE###
5	17	4	0	4	0	244.80	241.52	20.63	10.86	100	Estill
4	17	4	0	5	0	244.799973	254.724411	32.290672	10.857240	-1	###LINE###
5	17	4	0	5	0	244.80	254.72	32.29	10.86	100	Fayette
4	17	4	0	6	0	244.799973	267.924379	34.460901	10.857240	-1	###LINE###
5	17	4	0	6	0	244.80	267.92	34.46	10.86	100	Fleming
4	17	4	0	7	0	244.799973	281.124379	33.516900	10.857240	-1	###LINE###
5	17	4	0	7	0	244.80	281.12	33.52	10.86	100	Garrard
4	17	4	0	8	0	244.799973	294.204381	46.655057	10.857240	-1	###LINE###
5	17	4	0	8	0	244.80	294.20	46.66	10.86	100	Jessamine
4	17	4	0	9	0	244.799973	307.404380	36.679789	10.857240	-1	###LINE###
5	17	4	0	9	0	244.80	307.40	36.68	10.86	100	Madison
4	17	4	0	10	0	244.799973	320.604379	30.276154	10.857240	-1	###LINE###
5	17	4	0	10	0	244.80	320.60	30.28	10.86	100	Mercer
4	17	4	0	11	0	244.799973	333.804378	53.973498	10.857240	-1	###LINE###
5	17	4	0	11	0	244.80	333.80	53.97	10.86	100	Montgomery
4	17	4	0	12	0	244.799973	346.884382	37.312367	10.857240	-1	###LINE###
5	17	4	0	12	0	244.80	346.88	37.31	10.86	100	Nicholas
4	17	4	0	13	0	244.799973	360.084365	28.446544	10.857240	-1	###LINE###
5	17	4	0	13	0	244.80	360.08	28.45	10.86	100	Powell
4	17	4	0	14	0	244.799973	373.284365	22.247280	10.857240	-1	###LINE###
5	17	4	0	14	0	244.80	373.28	22.25	10.86	100	Scott
4	17	4	0	15	0	244.799973	386.484394	42.703878	10.857240	-1	###LINE###
5	17	4	0	15	0	244.80	386.48	42.70	10.86	100	Woodford
4	17	4	0	16	0	244.799973	399.924385	52.328795	10.857240	-1	###LINE###
5	17	4	0	16	0	244.80	399.92	23.10	10.86	100	Total
5	17	4	0	16	1	270.65	399.92	26.48	10.86	100	Votes
3	17	5	0	0	0	355.079940	164.364412	84.152908	246.417213	-1	###FLOW###
4	17	5	0	0	0	355.079940	164.364412	84.084208	10.857240	-1	###LINE###
5	17	5	0	0	0	355.08	164.36	37.27	10.86	100	Geoffrey
5	17	5	0	0	1	394.85	164.36	10.68	10.86	100	M.
5	17	5	0	0	2	408.29	164.36	30.87	10.86	100	"Geoff"
4	17	5	0	1	0	403.799940	175.524417	35.395170	10.857240	-1	###LINE###
5	17	5	0	1	0	403.80	175.52	35.40	10.86	100	YOUNG
4	17	5	0	2	0	422.999924	188.844411	16.232924	10.857240	-1	###LINE###
5	17	5	0	2	0	423.00	188.84	16.23	10.86	100	950
4	17	5	0	3	0	422.999924	202.044410	16.232924	10.857240	-1	###LINE###
5	17	5	0	3	0	423.00	202.04	16.23	10.86	100	289
4	17	5	0	4	0	422.999924	215.244409	16.232924	10.857240	-1	###LINE###
5	17	5	0	4	0	423.00	215.24	16.23	10.86	100	858
4	17	5	0	5	0	414.839947	228.444408	24.339653	10.857240	-1	###LINE###
5	17	5	0	5	0	414.84	228.44	24.34	10.86	100	1,077
4	17	5	0	6	0	422.999924	241.524412	16.232924	10.857240	-1	###LINE###
5	17	5	0	6	0	423.00	241.52	16.23	10.86	100	274
4	17	5	0	7	0	409.439949	254.724411	29.750628	10.857240	-1	###LINE###
5	17	5	0	7	0	409.44	254.72	29.75	10.86	100	11,923
4	17	5	0	8	0	422.999924	267.924379	16.232924	10.857240	-1	###LINE###
5	17	5	0	8	0	423.00	267.92	16.23	10.86	100	432
4	17	5	0	9	0	422.999924	281.124379	16.232924	10.857240	-1	###LINE###
5	17	5	0	9	0	423.00	281.12	16.23	10.86	100	226
4	17	5	0	10	0	414.839947	294.204381	24.339653	10.857240	-1	###LINE###
5	17	5	0	10	0	414.84	294.20	24.34	10.86	100	1,215
4	17	5	0	11	0	414.839947	307.404380	24.339653	10.857240	-1	###LINE###
5	17	5	0	11	0	414.84	307.40	24.34	10.86	100	2,232
4	17	5	0	12	0	422.999924	320.604379	16.232924	10.857240	-1	###LINE###
5	17	5	0	12	0	423.00	320.60	16.23	10.86	100	697
4	17	5	0	13	0	422.999924	333.804378	16.232924	10.857240	-1	###LINE###
5	17	5	0	13	0	423.00	333.80	16.23	10.86	100	972
4	17	5	0	14	0	422.999924	346.884382	16.232924	10.857240	-1	###LINE###
5	17	5	0	14	0	423.00	346.88	16.23	10.86	100	662
4	17	5	0	15	0	422.999924	360.084365	16.232924	10.857240	-1	###LINE###
5	17	5	0	15	0	423.00	360.08	16.23	10.86	100	586
4	17	5	0	16	0	414.839947	373.284365	24.339653	10.857240	-1	###LINE###
5	17	5	0	16	0	414.84	373.28	24.34	10.86	100	1,861
4	17	5	0	17	0	414.839947	386.484394	24.339653	10.857240	-1	###LINE###
5	17	5	0	17	0	414.84	386.48	24.34	10.86	100	1,468
4	17	5	0	18	0	409.439949	399.924385	29.750628	10.857240	-1	###LINE###
5	17	5	0	18	0	409.44	399.92	29.75	10.86	100	25,722
3	17	6	0	0	0	507.359945	164.364412	39.872916	246.417213	-1	###FLOW###
4	17	6	0	0	0	524.519928	164.364412	22.704683	10.857240	-1	###LINE###
5	17	6	0	0	0	524.52	164.36	22.70	10.86	100	Chris
4	17	6	0	1	0	507.359945	175.524417	39.832947	10.857240	-1	###LINE###
5	17	6	0	1	0	507.36	175.52	39.83	10.86	100	PREECE
4	17	6	0	2	0	530.999937	188.844411	16.232924	10.857240	-1	###LINE###
5	17	6	0	2	0	531.00	188.84	16.23	10.86	100	516
4	17	6	0	3	0	530.999937	202.044410	16.232924	10.857240	-1	###LINE###
5	17	6	0	3	0	531.00	202.04	16.23	10.86	100	147
4	17	6	0	4	0	530.999937	215.244409	16.232924	10.857240	-1	###LINE###
5	17	6	0	4	0	531.00	215.24	16.23	10.86	100	639
4	17	6	0	5	0	522.839930	228.444408	24.339653	10.857240	-1	###LINE###
5	17	6	0	5	0	522.84	228.44	24.34	10.86	100	1,003
4	17	6	0	6	0	530.999937	241.524412	16.232924	10.857240	-1	###LINE###
5	17	6	0	6	0	531.00	241.52	16.23	10.86	100	212
4	17	6	0	7	0	517.439902	254.724411	29.750628	10.857240	-1	###LINE###
5	17	6	0	7	0	517.44	254.72	29.75	10.86	100	13,078
4	17	6	0	8	0	530.999937	267.924379	16.232924	10.857240	-1	###LINE###
5	17	6	0	8	0	531.00	267.92	16.23	10.86	100	239
4	17	6	0	9	0	530.999937	281.124379	16.232924	10.857240	-1	###LINE###
5	17	6	0	9	0	531.00	281.12	16.23	10.86	100	204
4	17	6	0	10	0	530.999937	294.204381	16.232924	10.857240	-1	###LINE###
5	17	6	0	10	0	531.00	294.20	16.23	10.86	100	995
4	17	6	0	11	0	522.839930	307.404380	24.339653	10.857240	-1	###LINE###
5	17	6	0	11	0	522.84	307.40	24.34	10.86	100	2,013
4	17	6	0	12	0	530.999937	320.604379	16.232924	10.857240	-1	###LINE###
5	17	6	0	12	0	531.00	320.60	16.23	10.86	100	481
4	17	6	0	13	0	530.999937	333.804378	16.232924	10.857240	-1	###LINE###
5	17	6	0	13	0	531.00	333.80	16.23	10.86	100	863
4	17	6	0	14	0	530.999937	346.884382	16.232924	10.857240	-1	###LINE###
5	17	6	0	14	0	531.00	346.88	16.23	10.86	100	296
4	17	6	0	15	0	530.999937	360.084365	16.232924	10.857240	-1	###LINE###
5	17	6	0	15	0	531.00	360.08	16.23	10.86	100	503
4	17	6	0	16	0	522.839930	373.284365	24.339653	10.857240	-1	###LINE###
5	17	6	0	16	0	522.84	373.28	24.34	10.86	100	1,600
4	17	6	0	17	0	522.839930	386.484394	24.339653	10.857240	-1	###LINE###
5	17	6	0	17	0	522.84	386.48	24.34	10.86	100	1,218
4	17	6	0	18	0	517.439902	399.924385	29.750628	10.857240	-1	###LINE###
5	17	6	0	18	0	517.44	399.92	29.75	10.86	100	24,007
1	18	0	0	0	0	0.000000	0.000000	792.000000	612.000000	-1	###PAGE###
3	18	0	0	0	0	270.479967	198.146192	251.051264	32.390746	-1	###FLOW###
4	18	0	0	0	0	299.759939	198.146192	192.474066	15.950760	-1	###LINE###
5	18	0	0	0	0	299.76	198.15	106.66	15.95	100	Commonwealth
5	18	0	0	0	1	410.39	198.15	13.48	15.95	100	of
5	18	0	0	0	2	427.91	198.15	64.32	15.95	100	Kentucky
4	18	0	0	1	0	270.479967	214.586178	251.051264	15.950760	-1	###LINE###
5	18	0	0	1	0	270.48	214.59	52.24	15.95	100	Michael
5	18	0	0	1	1	326.63	214.59	15.07	15.95	100	G.
5	18	0	0	1	2	345.60	214.59	51.00	15.95	100	Adams,
5	18	0	0	1	3	400.56	214.59	64.83	15.95	100	Secretary
5	18	0	0	1	4	469.19	214.59	13.48	15.95	100	of
5	18	0	0	1	5	486.59	214.59	34.94	15.95	100	State
3	18	0	1	0	0	267.959970	263.906165	256.084014	32.390776	-1	###FLOW###
4	18	0	1	0	0	352.439952	263.906165	87.115175	15.950760	-1	###LINE###
5	18	0	1	0	0	352.44	263.91	27.81	15.95	100	May
5	18	0	1	0	1	383.99	263.91	19.86	15.95	100	17,
5	18	0	1	0	2	407.76	263.91	31.80	15.95	100	2022
4	18	0	1	1	0	267.959970	280.346181	256.084014	15.950760	-1	###LINE###
5	18	0	1	1	0	267.96	280.35	48.41	15.95	100	Official
5	18	0	1	1	1	320.39	280.35	31.80	15.95	100	2022
5	18	0	1	1	2	356.03	280.35	53.07	15.95	100	Primary
5	18	0	1	1	3	412.91	280.35	55.55	15.95	100	Election
5	18	0	1	1	4	472.43	280.35	51.61	15.95	100	Results
3	18	0	2	0	0	341.879938	329.666198	108.032539	32.390746	-1	###FLOW###
4	18	0	2	0	0	341.879938	329.666198	108.032539	15.950760	-1	###LINE###
5	18	0	2	0	0	341.88	329.67	23.00	15.95	100	For
5	18	0	2	0	1	368.87	329.67	21.43	15.95	100	the
5	18	0	2	0	2	394.31	329.67	38.10	15.95	100	office
5	18	0	2	0	3	436.43	329.67	13.48	15.95	100	of
4	18	0	2	1	0	349.919955	346.106184	92.062139	15.950760	-1	###LINE###
5	18	0	2	1	0	349.92	346.11	34.94	15.95	100	State
5	18	0	2	1	1	388.80	346.11	53.19	15.95	100	Senator
1	19	0	0	0	0	0.000000	0.000000	792.000000	612.000000	-1	###PAGE###
3	19	0	0	0	0	35.999994	54.115290	161.658823	13.404001	-1	###FLOW###
4	19	0	0	0	0	35.999994	54.115290	161.658823	13.404001	-1	###LINE###
5	19	0	0	0	0	36.00	54.12	89.57	13.40	100	Commonwealth
5	19	0	0	0	1	128.96	54.12	11.33	13.40	100	of
5	19	0	0	0	2	143.60	54.12	54.05	13.40	100	Kentucky
3	19	1	0	0	0	289.919964	54.115290	211.964694	13.404001	-1	###FLOW###
4	19	1	0	0	0	289.919964	54.115290	211.964694	13.404001	-1	###LINE###
5	19	1	0	0	0	289.92	54.12	44.03	13.40	100	Michael
5	19	1	0	0	1	337.40	54.12	12.66	13.40	100	G.
5	19	1	0	0	2	353.48	54.12	43.01	13.40	100	Adams,
5	19	1	0	0	3	399.93	54.12	54.90	13.40	100	Secretary
5	19	1	0	0	4	457.89	54.12	11.33	13.40	100	of
5	19	1	0	0	5	472.52	54.12	29.36	13.40	100	State
3	19	2	0	0	0	584.279905	54.115290	171.619073	13.404001	-1	###FLOW###
4	19	2	0	0	0	584.279905	54.115290	171.619073	13.404001	-1	###LINE###
5	19	2	0	0	0	584.28	54.12	26.72	13.40	100	2022
5	19	2	0	0	1	614.49	54.12	44.86	13.40	100	Primary
5	19	2	0	0	2	662.36	54.12	46.82	13.40	100	Election
5	19	2	0	0	3	712.53	54.12	43.37	13.40	100	Results
3	19	3	0	0	0	333.839953	111.955306	124.244808	41.003991	-1	###FLOW###
4	19	3	0	0	0	357.239932	111.955306	77.531355	13.404001	-1	###LINE###
5	19	3	0	0	0	357.24	111.96	29.36	13.40	100	State
5	19	3	0	0	1	389.96	111.96	44.82	13.40	100	Senator
4	19	3	0	1	0	333.839953	125.755316	124.244808	13.404001	-1	###LINE###
5	19	3	0	1	0	333.84	125.76	18.01	13.40	100	4th
5	19	3	0	1	1	355.17	125.76	58.16	13.40	100	Senatorial
5	19	3	0	1	2	416.72	125.76	41.37	13.40	100	District
4	19	3	0	2	0	347.039954	139.555296	98.280875	13.404001	-1	###LINE###
5	19	3	0	2	0	347.04	139.56	64.81	13.40	100	Republican
5	19	3	0	2	1	415.16	139.56	30.16	13.40	100	Party
3	19	4	0	0	0	244.799973	188.844411	52.328795	63.897229	-1	###FLOW###
4	19	4	0	0	0	244.799973	188.844411	47.501739	10.857240	-1	###LINE###
5	19	4	0	0	0	244.80	188.84	47.50	10.86	100	Henderson
4	19	4	0	1	0	244.799973	202.044410	35.054551	10.857240	-1	###LINE###
5	19	4	0	1	0	244.80	202.04	35.05	10.86	100	Hopkins
4	19	4	0	2	0	244.799973	215.244409	25.322582	10.857240	-1	###LINE###
5	19	4	0	2	0	244.80	215.24	25.32	10.86	100	Union
4	19	4	0	3	0	244.799973	228.444408	36.845233	10.857240	-1	###LINE###
5	19	4	0	3	0	244.80	228.44	36.85	10.86	100	Webster
4	19	4	0	4	0	244.799973	241.884400	52.328795	10.857240	-1	###LINE###
5	19	4	0	4	0	244.80	241.88	23.10	10.86	100	Total
5	19	4	0	4	1	270.65	241.88	26.48	10.86	100	Votes
3	19	5	0	0	0	358.919960	164.364412	80.312887	88.377229	-1	###FLOW###
4	19	5	0	0	0	358.919960	164.364412	80.240081	10.857240	-1	###LINE###
5	19	5	0	0	0	358.92	164.36	29.10	10.86	100	Robert
5	19	5	0	0	1	390.77	164.36	10.80	10.86	100	M.
5	19	5	0	0	2	404.33	164.36	34.83	10.86	100	"Robby"
4	19	5	0	1	0	410.159927	175.524417	29.040194	10.857240	-1	###LINE###
5	19	5	0	1	0	410.16	175.52	29.04	10.86	100	MILLS
4	19	5	0	2	0	414.839947	188.844411	24.339653	10.857240	-1	###LINE###
5	19	5	0	2	0	414.84	188.84	24.34	10.86	100	1,289
4	19	5	0	3	0	414.839947	202.044410	24.339653	10.857240	-1	###LINE###
5	19	5	0	3	0	414.84	202.04	24.34	10.86	100	1,293
4	19	5	0	4	0	422.999924	215.244409	16.232924	10.857240	-1	###LINE###
5	19	5	0	4	0	423.00	215.24	16.23	10.86	100	728
4	19	5	0	5	0	422.999924	228.444408	16.232924	10.857240	-1	###LINE###
5	19	5	0	5	0	423.00	228.44	16.23	10.86	100	697
4	19	5	0	6	0	414.839947	241.884400	24.339653	10.857240	-1	###LINE###
5	19	5	0	6	0	414.84	241.88	24.34	10.86	100	4,007
3	19	6	0	0	0	495.839942	164.364412	51.477954	88.377229	-1	###FLOW###
4	19	6	0	0	0	495.839942	164.364412	51.375062	10.857240	-1	###LINE###
5	19	6	0	0	0	495.84	164.36	27.93	10.86	100	Roxan
5	19	6	0	0	1	526.37	164.36	20.85	10.86	100	Lynn
4	19	6	0	1	0	513.839924	175.524417	33.477972	10.857240	-1	###LINE###
5	19	6	0	1	0	513.84	175.52	33.48	10.86	100	ASHBY
4	19	6	0	2	0	530.999937	188.844411	16.232924	10.857240	-1	###LINE###
5	19	6	0	2	0	531.00	188.84	16.23	10.86	100	166
4	19	6	0	3	0	530.999937	202.044410	16.232924	10.857240	-1	###LINE###
5	19	6	0	3	0	531.00	202.04	16.23	10.86	100	660
4	19	6	0	4	0	530.999937	215.244409	16.232924	10.857240	-1	###LINE###
5	19	6	0	4	0	531.00	215.24	16.23	10.86	100	137
4	19	6	0	5	0	530.999937	228.444408	16.232924	10.857240	-1	###LINE###
5	19	6	0	5	0	531.00	228.44	16.23	10.86	100	169
4	19	6	0	6	0	522.839930	241.884400	24.339653	10.857240	-1	###LINE###
5	19	6	0	6	0	522.84	241.88	24.34	10.86	100	1,132
3	19	7	0	0	0	333.839953	279.475274	124.244808	41.004021	-1	###FLOW###
4	19	7	0	0	0	357.239932	279.475274	77.531355	13.404001	-1	###LINE###
5	19	7	0	0	0	357.24	279.48	29.36	13.40	100	State
5	19	7	0	0	1	389.96	279.48	44.82	13.40	100	Senator
4	19	7	0	1	0	333.839953	293.275284	124.244808	13.404001	-1	###LINE###
5	19	7	0	1	0	333.84	293.28	18.01	13.40	100	6th
5	19	7	0	1	1	355.17	293.28	58.16	13.40	100	Senatorial
5	19	7	0	1	2	416.72	293.28	41.37	13.40	100	District
4	19	7	0	2	0	347.039954	307.075294	98.280875	13.404001	-1	###LINE###
5	19	7	0	2	0	347.04	307.08	64.81	13.40	100	Republican
5	19	7	0	2	1	415.16	307.08	30.16	13.40	100	Party
3	19	8	0	0	0	244.799973	356.484391	52.328795	50.697229	-1	###FLOW###
4	19	8	0	0	0	244.799973	356.484391	40.212494	10.857240	-1	###LINE###
5	19	8	0	0	0	244.80	356.48	40.21	10.86	100	Jefferson
4	19	8	0	1	0	244.799973	369.684390	34.061890	10.857240	-1	###LINE###
5	19	8	0	1	0	244.80	369.68	34.06	10.86	100	Oldham
4	19	8	0	2	0	244.799973	382.884389	32.426919	10.857240	-1	###LINE###
5	19	8	0	2	0	244.80	382.88	32.43	10.86	100	Trimble
4	19	8	0	3	0	244.799973	396.324379	52.328795	10.857240	-1	###LINE###
5	19	8	0	3	0	244.80	396.32	23.10	10.86	100	Total
5	19	8	0	3	1	270.65	396.32	26.48	10.86	100	Votes
3	19	9	0	0	0	388.679928	331.884380	50.696377	75.297240	-1	###FLOW###
4	19	9	0	0	0	405.839941	331.884380	33.536364	10.857240	-1	###LINE###
5	19	9	0	0	0	405.84	331.88	33.54	10.86	100	Lindsey
4	19	9	0	1	0	388.679928	343.044415	50.654896	10.857240	-1	###LINE###
5	19	9	0	1	0	388.68	343.04	50.65	10.86	100	TICHENOR
4	19	9	0	2	0	414.839947	356.484391	24.339653	10.857240	-1	###LINE###
5	19	9	0	2	0	414.84	356.48	24.34	10.86	100	1,328
4	19	9	0	3	0	414.839947	369.684390	24.339653	10.857240	-1	###LINE###
5	19	9	0	3	0	414.84	369.68	24.34	10.86	100	4,868
4	19	9	0	4	0	422.999924	382.884389	16.232924	10.857240	-1	###LINE###
5	19	9	0	4	0	423.00	382.88	16.23	10.86	100	405
4	19	9	0	5	0	414.839947	396.324379	24.339653	10.857240	-1	###LINE###
5	19	9	0	5	0	414.84	396.32	24.34	10.86	100	6,601
3	19	10	0	0	0	513.359898	331.884380	33.906178	75.297240	-1	###FLOW###
4	19	10	0	0	0	534.239942	331.884380	12.962982	10.857240	-1	###LINE###
5	19	10	0	0	0	534.24	331.88	12.96	10.86	100	Bill
4	19	10	0	1	0	513.359898	343.044415	33.906178	10.857240	-1	###LINE###
5	19	10	0	1	0	513.36	343.04	33.91	10.86	100	FERKO
4	19	10	0	2	0	522.839930	356.484391	24.339653	10.857240	-1	###LINE###
5	19	10	0	2	0	522.84	356.48	24.34	10.86	100	1,594
4	19	10	0	3	0	522.839930	369.684390	24.339653	10.857240	-1	###LINE###
5	19	10	0	3	0	522.84	369.68	24.34	10.86	100	3,819
4	19	10	0	4	0	530.999937	382.884389	16.232924	10.857240	-1	###LINE###
5	19	10	0	4	0	531.00	382.88	16.23	10.86	100	203
4	19	10	0	5	0	522.839930	396.324379	24.339653	10.857240	-1	###LINE###
5	19	10	0	5	0	522.84	396.32	24.34	10.86	100	5,616
1	20	0	0	0	0	0.000000	0.000000	792.000000	612.000000	-1	###PAGE###
3	20	0	0	0	0	35.999994	54.115290	161.658823	13.404001	-1	###FLOW###
4	20	0	0	0	0	35.999994	54.115290	161.658823	13.404001	-1	###LINE###
5	20	0	0	0	0	36.00	54.12	89.57	13.40	100	Commonwealth
5	20	0	0	0	1	128.96	54.12	11.33	13.40	100	of
5	20	0	0	0	2	143.60	54.12	54.05	13.40	100	Kentucky
3	20	1	0	0	0	289.919964	54.115290	211.964694	13.404001	-1	###FLOW###
4	20	1	0	0	0	289.919964	54.115290	211.964694	13.404001	-1	###LINE###
5	20	1	0	0	0	289.92	54.12	44.03	13.40	100	Michael
5	20	1	0	0	1	337.40	54.12	12.66	13.40	100	G.
5	20	1	0	0	2	353.48	54.12	43.01	13.40	100	Adams,
5	20	1	0	0	3	399.93	54.12	54.90	13.40	100	Secretary
5	20	1	0	0	4	457.89	54.12	11.33	13.40	100	of
5	20	1	0	0	5	472.52	54.12	29.36	13.40	100	State
3	20	2	0	0	0	584.279905	54.115290	171.619073	13.404001	-1	###FLOW###
4	20	2	0	0	0	584.279905	54.115290	171.619073	13.404001	-1	###LINE###
5	20	2	0	0	0	584.28	54.12	26.72	13.40	100	2022
5	20	2	0	0	1	614.49	54.12	44.86	13.40	100	Primary
5	20	2	0	0	2	662.36	54.12	46.82	13.40	100	Election
5	20	2	0	0	3	712.53	54.12	43.37	13.40	100	Results
3	20	3	0	0	0	330.479957	111.955306	130.973083	41.003991	-1	###FLOW###
4	20	3	0	0	0	357.239932	111.955306	77.531355	13.404001	-1	###LINE###
5	20	3	0	0	0	357.24	111.96	29.36	13.40	100	State
5	20	3	0	0	1	389.96	111.96	44.82	13.40	100	Senator
4	20	3	0	1	0	330.479957	125.755316	130.973083	13.404001	-1	###LINE###
5	20	3	0	1	0	330.48	125.76	24.69	13.40	100	20th
5	20	3	0	1	1	358.52	125.76	58.18	13.40	100	Senatorial
5	20	3	0	1	2	420.09	125.76	41.37	13.40	100	District
4	20	3	0	2	0	347.039954	139.555296	98.280875	13.404001	-1	###LINE###
5	20	3	0	2	0	347.04	139.56	64.81	13.40	100	Republican
5	20	3	0	2	1	415.16	139.56	30.16	13.40	100	Party
3	20	3	1	0	0	297.959950	164.364412	47.706110	114.777227	-1	###FLOW###
4	20	3	1	0	0	305.879944	164.364412	39.677236	10.857240	-1	###LINE###
5	20	3	1	0	0	305.88	164.36	17.84	10.86	100	Gex
5	20	3	1	0	1	326.45	164.36	19.10	10.86	100	"jay"
4	20	3	1	1	0	297.959950	175.524417	47.706110	10.857240	-1	###LINE###
5	20	3	1	1	0	297.96	175.52	47.71	10.86	100	WILLIAMS
4	20	3	1	2	0	321.239938	188.844411	24.339653	10.857240	-1	###LINE###
5	20	3	1	2	0	321.24	188.84	24.34	10.86	100	1,081
4	20	3	1	3	0	329.399946	202.044410	16.232924	10.857240	-1	###LINE###
5	20	3	1	3	0	329.40	202.04	16.23	10.86	100	207
4	20	3	1	4	0	329.399946	215.244409	16.232924	10.857240	-1	###LINE###
5	20	3	1	4	0	329.40	215.24	16.23	10.86	100	856
4	20	3	1	5	0	329.399946	228.444408	16.232924	10.857240	-1	###LINE###
5	20	3	1	5	0	329.40	228.44	16.23	10.86	100	265
4	20	3	1	6	0	329.399946	241.644408	16.232924	10.857240	-1	###LINE###
5	20	3	1	6	0	329.40	241.64	16.23	10.86	100	440
4	20	3	1	7	0	329.399946	254.844407	16.232924	10.857240	-1	###LINE###
5	20	3	1	7	0	329.40	254.84	16.23	10.86	100	483
4	20	3	1	8	0	321.239938	268.284398	24.339653	10.857240	-1	###LINE###
5	20	3	1	8	0	321.24	268.28	24.34	10.86	100	3,332
3	20	4	0	0	0	165.599967	188.844411	52.328795	90.297227	-1	###FLOW###
4	20	4	0	0	0	165.599967	188.844411	28.125389	10.857240	-1	###LINE###
5	20	4	0	0	0	165.60	188.84	28.13	10.86	100	Boone
4	20	4	0	1	0	165.599967	202.044410	28.553596	10.857240	-1	###LINE###
5	20	4	0	1	0	165.60	202.04	28.55	10.86	100	Carroll
4	20	4	0	2	0	165.599967	215.244409	34.597148	10.857240	-1	###LINE###
5	20	4	0	2	0	165.60	215.24	34.60	10.86	100	Franklin
4	20	4	0	3	0	165.599967	228.444408	32.971909	10.857240	-1	###LINE###
5	20	4	0	3	0	165.60	228.44	32.97	10.86	100	Gallatin
4	20	4	0	4	0	165.599967	241.644408	30.821144	10.857240	-1	###LINE###
5	20	4	0	4	0	165.60	241.64	30.82	10.86	100	Kenton
4	20	4	0	5	0	165.599967	254.844407	25.215531	10.857240	-1	###LINE###
5	20	4	0	5	0	165.60	254.84	25.22	10.86	100	Owen
4	20	4	0	6	0	165.599967	268.284398	52.328795	10.857240	-1	###LINE###
5	20	4	0	6	0	165.60	268.28	23.10	10.86	100	Total
5	20	4	0	6	1	191.45	268.28	26.48	10.86	100	Votes
3	20	5	0	0	0	399.239940	164.364412	39.992907	114.777227	-1	###FLOW###
4	20	5	0	0	0	411.239939	164.364412	27.901554	10.857240	-1	###LINE###
5	20	5	0	0	0	411.24	164.36	27.90	10.86	100	Phyllis
4	20	5	0	1	0	399.239940	175.524417	39.959463	10.857240	-1	###LINE###
5	20	5	0	1	0	399.24	175.52	39.96	10.86	100	SPARKS
4	20	5	0	2	0	422.999924	188.844411	16.232924	10.857240	-1	###LINE###
5	20	5	0	2	0	423.00	188.84	16.23	10.86	100	583
4	20	5	0	3	0	428.399953	202.044410	10.821949	10.857240	-1	###LINE###
5	20	5	0	3	0	428.40	202.04	10.82	10.86	100	76
4	20	5	0	4	0	422.999924	215.244409	16.232924	10.857240	-1	###LINE###
5	20	5	0	4	0	423.00	215.24	16.23	10.86	100	565
4	20	5	0	5	0	422.999924	228.444408	16.232924	10.857240	-1	###LINE###
5	20	5	0	5	0	423.00	228.44	16.23	10.86	100	164
4	20	5	0	6	0	422.999924	241.644408	16.232924	10.857240	-1	###LINE###
5	20	5	0	6	0	423.00	241.64	16.23	10.86	100	149
4	20	5	0	7	0	422.999924	254.844407	16.232924	10.857240	-1	###LINE###
5	20	5	0	7	0	423.00	254.84	16.23	10.86	100	299
4	20	5	0	8	0	414.839947	268.284398	24.339653	10.857240	-1	###LINE###
5	20	5	0	8	0	414.84	268.28	24.34	10.86	100	1,836
3	20	6	0	0	0	487.199940	164.364412	45.662396	114.777227	-1	###FLOW###
4	20	6	0	0	0	507.479936	164.364412	25.322582	10.857240	-1	###LINE###
5	20	6	0	0	0	507.48	164.36	25.32	10.86	100	Calen
4	20	6	0	1	0	487.199940	175.524417	45.662396	10.857240	-1	###LINE###
5	20	6	0	1	0	487.20	175.52	45.66	10.86	100	STUDLER
4	20	6	0	2	0	521.999931	188.844411	10.821949	10.857240	-1	###LINE###
5	20	6	0	2	0	522.00	188.84	10.82	10.86	100	56
4	20	6	0	3	0	521.999931	202.044410	10.821949	10.857240	-1	###LINE###
5	20	6	0	3	0	522.00	202.04	10.82	10.86	100	46
4	20	6	0	4	0	516.599903	215.244409	16.232924	10.857240	-1	###LINE###
5	20	6	0	4	0	516.60	215.24	16.23	10.86	100	979
4	20	6	0	5	0	521.999931	228.444408	10.821949	10.857240	-1	###LINE###
5	20	6	0	5	0	522.00	228.44	10.82	10.86	100	76
4	20	6	0	6	0	521.999931	241.644408	10.821949	10.857240	-1	###LINE###
5	20	6	0	6	0	522.00	241.64	10.82	10.86	100	30
4	20	6	0	7	0	516.599903	254.844407	16.232924	10.857240	-1	###LINE###
5	20	6	0	7	0	516.60	254.84	16.23	10.86	100	265
4	20	6	0	8	0	508.439927	268.284398	24.339653	10.857240	-1	###LINE###
5	20	6	0	8	0	508.44	268.28	24.34	10.86	100	1,452
3	20	7	0	0	0	328.799959	305.755275	134.325206	41.004022	-1	###FLOW###
4	20	7	0	0	0	357.239932	305.755275	77.531355	13.404001	-1	###LINE###
5	20	7	0	0	0	357.24	305.76	29.36	13.40	100	State
5	20	7	0	0	1	389.96	305.76	44.82	13.40	100	Senator
4	20	7	0	1	0	328.799959	319.555286	134.325206	13.404001	-1	###LINE###
5	20	7	0	1	0	328.80	319.56	28.02	13.40	100	22nd
5	20	7	0	1	1	360.21	319.56	58.16	13.40	100	Senatorial
5	20	7	0	1	2	421.76	319.56	41.37	13.40	100	District
4	20	7	0	2	0	347.039954	333.355296	98.280875	13.404001	-1	###LINE###
5	20	7	0	2	0	347.04	333.36	64.81	13.40	100	Republican
5	20	7	0	2	1	415.16	333.36	30.16	13.40	100	Party
3	20	8	0	0	0	244.799973	382.764392	52.328795	50.697230	-1	###FLOW###
4	20	8	0	0	0	244.799973	382.764392	32.290672	10.857240	-1	###LINE###
5	20	8	0	0	0	244.80	382.76	32.29	10.86	100	Fayette
4	20	8	0	1	0	244.799973	395.964391	33.516900	10.857240	-1	###LINE###
5	20	8	0	1	0	244.80	395.96	33.52	10.86	100	Garrard
4	20	8	0	2	0	244.799973	409.164391	46.655057	10.857240	-1	###LINE###
5	20	8	0	2	0	244.80	409.16	46.66	10.86	100	Jessamine
4	20	8	0	3	0	244.799973	422.604382	52.328795	10.857240	-1	###LINE###
5	20	8	0	3	0	244.80	422.60	23.10	10.86	100	Total
5	20	8	0	3	1	270.65	422.60	26.48	10.86	100	Votes
3	20	9	0	0	0	391.199955	358.164366	48.013531	75.297256	-1	###FLOW###
4	20	9	0	0	0	408.479929	358.164366	30.733557	10.857240	-1	###LINE###
5	20	9	0	0	0	408.48	358.16	30.73	10.86	100	Donald
4	20	9	0	1	0	391.199955	369.324401	47.998069	10.857240	-1	###LINE###
5	20	9	0	1	0	391.20	369.32	48.00	10.86	100	DOUGLAS
4	20	9	0	2	0	414.839947	382.764392	24.339653	10.857240	-1	###LINE###
5	20	9	0	2	0	414.84	382.76	24.34	10.86	100	1,444
4	20	9	0	3	0	414.839947	395.964391	24.339653	10.857240	-1	###LINE###
5	20	9	0	3	0	414.84	395.96	24.34	10.86	100	1,404
4	20	9	0	4	0	414.839947	409.164391	24.339653	10.857240	-1	###LINE###
5	20	9	0	4	0	414.84	409.16	24.34	10.86	100	3,266
4	20	9	0	5	0	414.839947	422.604382	24.339653	10.857240	-1	###LINE###
5	20	9	0	5	0	414.84	422.60	24.34	10.86	100	6,114
3	20	10	0	0	0	475.079920	358.164366	72.341662	75.297256	-1	###FLOW###
4	20	10	0	0	0	514.439941	358.164366	32.981641	10.857240	-1	###LINE###
5	20	10	0	0	0	514.44	358.16	32.98	10.86	100	Andrew
4	20	10	0	1	0	475.079920	369.324401	72.250135	10.857240	-1	###LINE###
5	20	10	0	1	0	475.08	369.32	72.25	10.86	100	COOPERRIDER
4	20	10	0	2	0	522.839930	382.764392	24.339653	10.857240	-1	###LINE###
5	20	10	0	2	0	522.84	382.76	24.34	10.86	100	1,041
4	20	10	0	3	0	522.839930	395.964391	24.339653	10.857240	-1	###LINE###
5	20	10	0	3	0	522.84	395.96	24.34	10.86	100	1,428
4	20	10	0	4	0	522.839930	409.164391	24.339653	10.857240	-1	###LINE###
5	20	10	0	4	0	522.84	409.16	24.34	10.86	100	2,371
4	20	10	0	5	0	522.839930	422.604382	24.339653	10.857240	-1	###LINE###
5	20	10	0	5	0	522.84	422.60	24.34	10.86	100	4,840
3	20	11	0	0	0	565.559885	164.364412	60.902659	114.777227	-1	###FLOW###
4	20	11	0	0	0	605.879895	164.364412	20.544186	10.857240	-1	###LINE###
5	20	11	0	0	0	605.88	164.36	20.54	10.86	100	Mike
4	20	11	0	1	0	565.559885	175.524417	60.902659	10.857240	-1	###LINE###
5	20	11	0	1	0	565.56	175.52	60.90	10.86	100	TEMPLEMAN
4	20	11	0	2	0	610.199881	188.844411	16.232924	10.857240	-1	###LINE###
5	20	11	0	2	0	610.20	188.84	16.23	10.86	100	184
4	20	11	0	3	0	615.599910	202.044410	10.821949	10.857240	-1	###LINE###
5	20	11	0	3	0	615.60	202.04	10.82	10.86	100	91
4	20	11	0	4	0	610.199881	215.244409	16.232924	10.857240	-1	###LINE###
5	20	11	0	4	0	610.20	215.24	16.23	10.86	100	532
4	20	11	0	5	0	615.599910	228.444408	10.821949	10.857240	-1	###LINE###
5	20	11	0	5	0	615.60	228.44	10.82	10.86	100	98
4	20	11	0	6	0	615.599910	241.644408	10.821949	10.857240	-1	###LINE###
5	20	11	0	6	0	615.60	241.64	10.82	10.86	100	89
4	20	11	0	7	0	610.199881	254.844407	16.232924	10.857240	-1	###LINE###
5	20	11	0	7	0	610.20	254.84	16.23	10.86	100	269
4	20	11	0	8	0	602.039875	268.284398	24.339653	10.857240	-1	###LINE###
5	20	11	0	8	0	602.04	268.28	24.34	10.86	100	1,263
1	21	0	0	0	0	0.000000	0.000000	792.000000	612.000000	-1	###PAGE###
3	21	0	0	0	0	35.999994	54.115290	161.658823	13.404001	-1	###FLOW###
4	21	0	0	0	0	35.999994	54.115290	161.658823	13.404001	-1	###LINE###
5	21	0	0	0	0	36.00	54.12	89.57	13.40	100	Commonwealth
5	21	0	0	0	1	128.96	54.12	11.33	13.40	100	of
5	21	0	0	0	2	143.60	54.12	54.05	13.40	100	Kentucky
3	21	1	0	0	0	289.919964	54.115290	211.964694	13.404001	-1	###FLOW###
4	21	1	0	0	0	289.919964	54.115290	211.964694	13.404001	-1	###LINE###
5	21	1	0	0	0	289.92	54.12	44.03	13.40	100	Michael
5	21	1	0	0	1	337.40	54.12	12.66	13.40	100	G.
5	21	1	0	0	2	353.48	54.12	43.01	13.40	100	Adams,
5	21	1	0	0	3	399.93	54.12	54.90	13.40	100	Secretary
5	21	1	0	0	4	457.89	54.12	11.33	13.40	100	of
5	21	1	0	0	5	472.52	54.12	29.36	13.40	100	State
3	21	2	0	0	0	584.279905	54.115290	171.619073	13.404001	-1	###FLOW###
4	21	2	0	0	0	584.279905	54.115290	171.619073	13.404001	-1	###LINE###
5	21	2	0	0	0	584.28	54.12	26.72	13.40	100	2022
5	21	2	0	0	1	614.49	54.12	44.86	13.40	100	Primary
5	21	2	0	0	2	662.36	54.12	46.82	13.40	100	Election
5	21	2	0	0	3	712.53	54.12	43.37	13.40	100	Results
3	21	3	0	0	0	330.479957	111.955306	130.973083	41.003991	-1	###FLOW###
4	21	3	0	0	0	357.239932	111.955306	77.531355	13.404001	-1	###LINE###
5	21	3	0	0	0	357.24	111.96	29.36	13.40	100	State
5	21	3	0	0	1	389.96	111.96	44.82	13.40	100	Senator
4	21	3	0	1	0	330.479957	125.755316	130.973083	13.404001	-1	###LINE###
5	21	3	0	1	0	330.48	125.76	24.69	13.40	100	24th
5	21	3	0	1	1	358.52	125.76	58.18	13.40	100	Senatorial
5	21	3	0	1	2	420.09	125.76	41.37	13.40	100	District
4	21	3	0	2	0	347.039954	139.555296	98.280875	13.404001	-1	###LINE###
5	21	3	0	2	0	347.04	139.56	64.81	13.40	100	Republican
5	21	3	0	2	1	415.16	139.56	30.16	13.40	100	Party
3	21	4	0	0	0	190.799966	188.844411	52.328795	63.897229	-1	###FLOW###
4	21	4	0	0	0	190.799966	188.844411	35.687129	10.857240	-1	###LINE###
5	21	4	0	0	0	190.80	188.84	35.69	10.86	100	Bracken
4	21	4	0	1	0	190.799966	202.044410	40.952124	10.857240	-1	###LINE###
5	21	4	0	1	0	190.80	202.04	40.95	10.86	100	Campbell
4	21	4	0	2	0	190.799966	215.244409	30.821144	10.857240	-1	###LINE###
5	21	4	0	2	0	190.80	215.24	30.82	10.86	100	Kenton
4	21	4	0	3	0	190.799966	228.444408	43.803590	10.857240	-1	###LINE###
5	21	4	0	3	0	190.80	228.44	43.80	10.86	100	Pendleton
4	21	4	0	4	0	190.799966	241.884400	52.328795	10.857240	-1	###LINE###
5	21	4	0	4	0	190.80	241.88	23.10	10.86	100	Total
5	21	4	0	4	1	216.65	241.88	26.48	10.86	100	Votes
3	21	5	0	0	0	316.799961	164.364412	68.459837	88.377229	-1	###FLOW###
4	21	5	0	0	0	316.799961	164.364412	68.396275	10.857240	-1	###LINE###
5	21	5	0	0	0	316.80	164.36	31.90	10.86	100	Shelley
5	21	5	0	0	1	351.17	164.36	34.02	10.86	100	"Funke"
4	21	5	0	1	0	322.439941	175.524417	62.819857	10.857240	-1	###LINE###
5	21	5	0	1	0	322.44	175.52	62.82	10.86	100	FROMMEYER
4	21	5	0	2	0	368.999948	188.844411	16.232924	10.857240	-1	###LINE###
5	21	5	0	2	0	369.00	188.84	16.23	10.86	100	184
4	21	5	0	3	0	360.839941	202.044410	24.339653	10.857240	-1	###LINE###
5	21	5	0	3	0	360.84	202.04	24.34	10.86	100	3,330
4	21	5	0	4	0	374.399946	215.244409	10.821949	10.857240	-1	###LINE###
5	21	5	0	4	0	374.40	215.24	10.82	10.86	100	35
4	21	5	0	5	0	368.999948	228.444408	16.232924	10.857240	-1	###LINE###
5	21	5	0	5	0	369.00	228.44	16.23	10.86	100	545
4	21	5	0	6	0	360.839941	241.884400	24.339653	10.857240	-1	###LINE###
5	21	5	0	6	0	360.84	241.88	24.34	10.86	100	4,094
3	21	6	0	0	0	460.559925	164.364412	32.694646	88.377229	-1	###FLOW###
4	21	6	0	0	0	460.559925	164.364412	32.592363	10.857240	-1	###LINE###
5	21	6	0	0	0	460.56	164.36	32.59	10.86	100	Jessica
4	21	6	0	1	0	467.279947	175.524417	25.974624	10.857240	-1	###LINE###
5	21	6	0	1	0	467.28	175.52	25.97	10.86	100	NEAL
4	21	6	0	2	0	476.999931	188.844411	16.232924	10.857240	-1	###LINE###
5	21	6	0	2	0	477.00	188.84	16.23	10.86	100	290
4	21	6	0	3	0	468.839924	202.044410	24.339653	10.857240	-1	###LINE###
5	21	6	0	3	0	468.84	202.04	24.34	10.86	100	2,946
4	21	6	0	4	0	482.399928	215.244409	10.821949	10.857240	-1	###LINE###
5	21	6	0	4	0	482.40	215.24	10.82	10.86	100	19
4	21	6	0	5	0	476.999931	228.444408	16.232924	10.857240	-1	###LINE###
5	21	6	0	5	0	477.00	228.44	16.23	10.86	100	532
4	21	6	0	6	0	468.839924	241.884400	24.339653	10.857240	-1	###LINE###
5	21	6	0	6	0	468.84	241.88	24.34	10.86	100	3,787
3	21	7	0	0	0	548.999889	164.364412	52.270403	88.377229	-1	###FLOW###
4	21	7	0	0	0	578.519904	164.364412	22.704683	10.857240	-1	###LINE###
5	21	7	0	0	0	578.52	164.36	22.70	10.86	100	Chris
4	21	7	0	1	0	548.999889	175.524417	52.270403	10.857240	-1	###LINE###
5	21	7	0	1	0	549.00	175.52	52.27	10.86	100	ROBINSON
4	21	7	0	2	0	584.999913	188.844411	16.232924	10.857240	-1	###LINE###
5	21	7	0	2	0	585.00	188.84	16.23	10.86	100	198
4	21	7	0	3	0	576.839906	202.044410	24.339653	10.857240	-1	###LINE###
5	21	7	0	3	0	576.84	202.04	24.34	10.86	100	2,073
4	21	7	0	4	0	590.399881	215.244409	10.821949	10.857240	-1	###LINE###
5	21	7	0	4	0	590.40	215.24	10.82	10.86	100	19
4	21	7	0	5	0	584.999913	228.444408	16.232924	10.857240	-1	###LINE###
5	21	7	0	5	0	585.00	228.44	16.23	10.86	100	441
4	21	7	0	6	0	576.839906	241.884400	24.339653	10.857240	-1	###LINE###
5	21	7	0	6	0	576.84	241.88	24.34	10.86	100	2,731
3	21	8	0	0	0	330.479957	279.475274	130.973083	41.004021	-1	###FLOW###
4	21	8	0	0	0	357.239932	279.475274	77.531355	13.404001	-1	###LINE###
5	21	8	0	0	0	357.24	279.48	29.36	13.40	100	State
5	21	8	0	0	1	389.96	279.48	44.82	13.40	100	Senator
4	21	8	0	1	0	330.479957	293.275284	130.973083	13.404001	-1	###LINE###
5	21	8	0	1	0	330.48	293.28	24.69	13.40	100	26th
5	21	8	0	1	1	358.52	293.28	58.18	13.40	100	Senatorial
5	21	8	0	1	2	420.09	293.28	41.37	13.40	100	District
4	21	8	0	2	0	347.039954	307.075294	98.280875	13.404001	-1	###LINE###
5	21	8	0	2	0	347.04	307.08	64.81	13.40	100	Republican
5	21	8	0	2	1	415.16	307.08	30.16	13.40	100	Party
3	21	9	0	0	0	190.799966	356.484391	52.328795	24.297231	-1	###FLOW###
4	21	9	0	0	0	190.799966	356.484391	40.212494	10.857240	-1	###LINE###
5	21	9	0	0	0	190.80	356.48	40.21	10.86	100	Jefferson
4	21	9	0	1	0	190.799966	369.924381	52.328795	10.857240	-1	###LINE###
5	21	9	0	1	0	190.80	369.92	23.10	10.86	100	Total
5	21	9	0	1	1	216.65	369.92	26.48	10.86	100	Votes
3	21	10	0	0	0	351.839934	331.884380	33.497436	48.897242	-1	###FLOW###
4	21	10	0	0	0	356.519955	331.884380	28.660647	10.857240	-1	###LINE###
5	21	10	0	0	0	356.52	331.88	28.66	10.86	100	James
4	21	10	0	1	0	351.839934	343.044415	33.497436	10.857240	-1	###LINE###
5	21	10	0	1	0	351.84	343.04	33.50	10.86	100	PEDEN
4	21	10	0	2	0	360.839941	356.484391	24.339653	10.857240	-1	###LINE###
5	21	10	0	2	0	360.84	356.48	24.34	10.86	100	2,774
4	21	10	0	3	0	360.839941	369.924381	24.339653	10.857240	-1	###LINE###
5	21	10	0	3	0	360.84	369.92	24.34	10.86	100	2,774
3	21	11	0	0	0	438.599931	331.884380	54.739912	48.897242	-1	###FLOW###
4	21	11	0	0	0	438.599931	331.884380	54.567148	10.857240	-1	###LINE###
5	21	11	0	0	0	438.60	331.88	21.62	10.86	100	Mark
5	21	11	0	0	1	462.89	331.88	30.28	10.86	100	Hignite
4	21	11	0	1	0	449.039922	343.044415	44.299921	10.857240	-1	###LINE###
5	21	11	0	1	0	449.04	343.04	44.30	10.86	100	DOWNER
4	21	11	0	2	0	468.839924	356.484391	24.339653	10.857240	-1	###LINE###
5	21	11	0	2	0	468.84	356.48	24.34	10.86	100	2,368
4	21	11	0	3	0	468.839924	369.924381	24.339653	10.857240	-1	###LINE###
5	21	11	0	3	0	468.84	369.92	24.34	10.86	100	2,368
3	21	12	0	0	0	560.999917	331.884380	40.377938	48.897242	-1	###FLOW###
4	21	12	0	0	0	570.239906	331.884380	30.801680	10.857240	-1	###LINE###
5	21	12	0	0	0	570.24	331.88	30.80	10.86	100	Everett
4	21	12	0	1	0	560.999917	343.044415	40.377938	10.857240	-1	###LINE###
5	21	12	0	1	0	561.00	343.04	40.38	10.86	100	CORLEY
4	21	12	0	2	0	576.839906	356.484391	24.339653	10.857240	-1	###LINE###
5	21	12	0	2	0	576.84	356.48	24.34	10.86	100	1,370
4	21	12	0	3	0	576.839906	369.924381	24.339653	10.857240	-1	###LINE###
5	21	12	0	3	0	576.84	369.92	24.34	10.86	100	1,370
1	22	0	0	0	0	0.000000	0.000000	792.000000	612.000000	-1	###PAGE###
3	22	0	0	0	0	35.999994	54.115290	161.658823	13.404001	-1	###FLOW###
4	22	0	0	0	0	35.999994	54.115290	161.658823	13.404001	-1	###LINE###
5	22	0	0	0	0	36.00	54.12	89.57	13.40	100	Commonwealth
5	22	0	0	0	1	128.96	54.12	11.33	13.40	100	of
5	22	0	0	0	2	143.60	54.12	54.05	13.40	100	Kentucky
3	22	1	0	0	0	289.919964	54.115290	211.964694	13.404001	-1	###FLOW###
4	22	1	0	0	0	289.919964	54.115290	211.964694	13.404001	-1	###LINE###
5	22	1	0	0	0	289.92	54.12	44.03	13.40	100	Michael
5	22	1	0	0	1	337.40	54.12	12.66	13.40	100	G.
5	22	1	0	0	2	353.48	54.12	43.01	13.40	100	Adams,
5	22	1	0	0	3	399.93	54.12	54.90	13.40	100	Secretary
5	22	1	0	0	4	457.89	54.12	11.33	13.40	100	of
5	22	1	0	0	5	472.52	54.12	29.36	13.40	100	State
3	22	2	0	0	0	584.279905	54.115290	171.619073	13.404001	-1	###FLOW###
4	22	2	0	0	0	584.279905	54.115290	171.619073	13.404001	-1	###LINE###
5	22	2	0	0	0	584.28	54.12	26.72	13.40	100	2022
5	22	2	0	0	1	614.49	54.12	44.86	13.40	100	Primary
5	22	2	0	0	2	662.36	54.12	46.82	13.40	100	Election
5	22	2	0	0	3	712.53	54.12	43.37	13.40	100	Results
3	22	3	0	0	0	330.479957	111.955306	130.973083	41.003991	-1	###FLOW###
4	22	3	0	0	0	357.239932	111.955306	77.531355	13.404001	-1	###LINE###
5	22	3	0	0	0	357.24	111.96	29.36	13.40	100	State
5	22	3	0	0	1	389.96	111.96	44.82	13.40	100	Senator
4	22	3	0	1	0	330.479957	125.755316	130.973083	13.404001	-1	###LINE###
5	22	3	0	1	0	330.48	125.76	24.69	13.40	100	30th
5	22	3	0	1	1	358.52	125.76	58.18	13.40	100	Senatorial
5	22	3	0	1	2	420.09	125.76	41.37	13.40	100	District
4	22	3	0	2	0	346.679950	139.555296	98.881614	13.404001	-1	###LINE###
5	22	3	0	2	0	346.68	139.56	65.41	13.40	100	Democratic
5	22	3	0	2	1	415.52	139.56	30.04	13.40	100	Party
3	22	4	0	0	0	244.799973	188.844411	52.328795	129.777228	-1	###FLOW###
4	22	4	0	0	0	244.799973	188.844411	36.202923	10.857240	-1	###LINE###
5	22	4	0	0	0	244.80	188.84	36.20	10.86	100	Breathitt
4	22	4	0	1	0	244.799973	202.044410	20.631773	10.857240	-1	###LINE###
5	22	4	0	1	0	244.80	202.04	20.63	10.86	100	Estill
4	22	4	0	2	0	244.799973	215.244409	16.232924	10.857240	-1	###LINE###
5	22	4	0	2	0	244.80	215.24	16.23	10.86	100	Lee
4	22	4	0	3	0	244.799973	228.444408	25.419902	10.857240	-1	###LINE###
5	22	4	0	3	0	244.80	228.44	25.42	10.86	100	Leslie
4	22	4	0	4	0	244.799973	241.644408	37.322099	10.857240	-1	###LINE###
5	22	4	0	4	0	244.80	241.64	37.32	10.86	100	Magoffin
4	22	4	0	5	0	244.799973	254.724411	32.894054	10.857240	-1	###LINE###
5	22	4	0	5	0	244.80	254.72	32.89	10.86	100	Morgan
4	22	4	0	6	0	244.799973	267.924379	23.239941	10.857240	-1	###LINE###
5	22	4	0	6	0	244.80	267.92	23.24	10.86	100	Perry
4	22	4	0	7	0	244.799973	281.124379	28.446544	10.857240	-1	###LINE###
5	22	4	0	7	0	244.80	281.12	28.45	10.86	100	Powell
4	22	4	0	8	0	244.799973	294.324378	25.390706	10.857240	-1	###LINE###
5	22	4	0	8	0	244.80	294.32	25.39	10.86	100	Wolfe
4	22	4	0	9	0	244.799973	307.764399	52.328795	10.857240	-1	###LINE###
5	22	4	0	9	0	244.80	307.76	23.10	10.86	100	Total
5	22	4	0	9	1	270.65	307.76	26.48	10.86	100	Votes
3	22	5	0	0	0	407.399948	164.364412	31.862465	154.257227	-1	###FLOW###
4	22	5	0	0	0	425.159947	164.364412	14.052963	10.857240	-1	###LINE###
5	22	5	0	0	0	425.16	164.36	14.05	10.86	100	Sid
4	22	5	0	1	0	407.399948	175.524417	31.862465	10.857240	-1	###LINE###
5	22	5	0	1	0	407.40	175.52	31.86	10.86	100	ALLEN
4	22	5	0	2	0	414.839947	188.844411	24.339653	10.857240	-1	###LINE###
5	22	5	0	2	0	414.84	188.84	24.34	10.86	100	1,964
4	22	5	0	3	0	422.999924	202.044410	16.232924	10.857240	-1	###LINE###
5	22	5	0	3	0	423.00	202.04	16.23	10.86	100	230
4	22	5	0	4	0	428.399953	215.244409	10.821949	10.857240	-1	###LINE###
5	22	5	0	4	0	428.40	215.24	10.82	10.86	100	78
4	22	5	0	5	0	428.399953	228.444408	10.821949	10.857240	-1	###LINE###
5	22	5	0	5	0	428.40	228.44	10.82	10.86	100	33
4	22	5	0	6	0	422.999924	241.644408	16.232924	10.857240	-1	###LINE###
5	22	5	0	6	0	423.00	241.64	16.23	10.86	100	757
4	22	5	0	7	0	414.839947	254.724411	24.339653	10.857240	-1	###LINE###
5	22	5	0	7	0	414.84	254.72	24.34	10.86	100	1,187
4	22	5	0	8	0	414.839947	267.924379	24.339653	10.857240	-1	###LINE###
5	22	5	0	8	0	414.84	267.92	24.34	10.86	100	1,292
4	22	5	0	9	0	422.999924	281.124379	16.232924	10.857240	-1	###LINE###
5	22	5	0	9	0	423.00	281.12	16.23	10.86	100	575
4	22	5	0	10	0	414.839947	294.324378	24.339653	10.857240	-1	###LINE###
5	22	5	0	10	0	414.84	294.32	24.34	10.86	100	1,032
4	22	5	0	11	0	414.839947	307.764399	24.339653	10.857240	-1	###LINE###
5	22	5	0	11	0	414.84	307.76	24.34	10.86	100	7,148
3	22	6	0	0	0	508.439927	164.364412	38.820823	154.257227	-1	###FLOW###
4	22	6	0	0	0	514.559932	164.364412	32.572899	10.857240	-1	###LINE###
5	22	6	0	0	0	514.56	164.36	21.66	10.86	100	Terry
5	22	6	0	0	1	538.20	164.36	8.93	10.86	100	V.
4	22	6	0	1	0	508.439927	175.524417	38.820823	10.857240	-1	###LINE###
5	22	6	0	1	0	508.44	175.52	38.82	10.86	100	SALYER
4	22	6	0	2	0	522.839930	188.844411	24.339653	10.857240	-1	###LINE###
5	22	6	0	2	0	522.84	188.84	24.34	10.86	100	1,324
4	22	6	0	3	0	530.999937	202.044410	16.232924	10.857240	-1	###LINE###
5	22	6	0	3	0	531.00	202.04	16.23	10.86	100	248
4	22	6	0	4	0	536.399904	215.244409	10.821949	10.857240	-1	###LINE###
5	22	6	0	4	0	536.40	215.24	10.82	10.86	100	81
4	22	6	0	5	0	536.399904	228.444408	10.821949	10.857240	-1	###LINE###
5	22	6	0	5	0	536.40	228.44	10.82	10.86	100	45
4	22	6	0	6	0	522.839930	241.644408	24.339653	10.857240	-1	###LINE###
5	22	6	0	6	0	522.84	241.64	24.34	10.86	100	1,091
4	22	6	0	7	0	530.999937	254.724411	16.232924	10.857240	-1	###LINE###
5	22	6	0	7	0	531.00	254.72	16.23	10.86	100	659
4	22	6	0	8	0	530.999937	267.924379	16.232924	10.857240	-1	###LINE###
5	22	6	0	8	0	531.00	267.92	16.23	10.86	100	851
4	22	6	0	9	0	530.999937	281.124379	16.232924	10.857240	-1	###LINE###
5	22	6	0	9	0	531.00	281.12	16.23	10.86	100	519
4	22	6	0	10	0	530.999937	294.324378	16.232924	10.857240	-1	###LINE###
5	22	6	0	10	0	531.00	294.32	16.23	10.86	100	650
4	22	6	0	11	0	522.839930	307.764399	24.339653	10.857240	-1	###LINE###
5	22	6	0	11	0	522.84	307.76	24.34	10.86	100	5,468
3	22	7	0	0	0	330.479957	345.355272	130.973083	41.004022	-1	###FLOW###
4	22	7	0	0	0	357.239932	345.355272	77.531355	13.404001	-1	###LINE###
5	22	7	0	0	0	357.24	345.36	29.36	13.40	100	State
5	22	7	0	0	1	389.96	345.36	44.82	13.40	100	Senator
4	22	7	0	1	0	330.479957	359.155283	130.973083	13.404001	-1	###LINE###
5	22	7	0	1	0	330.48	359.16	24.69	13.40	100	34th
5	22	7	0	1	1	358.52	359.16	58.18	13.40	100	Senatorial
5	22	7	0	1	2	420.09	359.16	41.37	13.40	100	District
4	22	7	0	2	0	347.039954	372.955293	98.280875	13.404001	-1	###LINE###
5	22	7	0	2	0	347.04	372.96	64.81	13.40	100	Republican
5	22	7	0	2	1	415.16	372.96	30.16	13.40	100	Party
3	22	8	0	0	0	244.799973	422.364390	52.328795	37.497230	-1	###FLOW###
4	22	8	0	0	0	244.799973	422.364390	32.290672	10.857240	-1	###LINE###
5	22	8	0	0	0	244.80	422.36	32.29	10.86	100	Fayette
4	22	8	0	1	0	244.799973	435.564389	36.679789	10.857240	-1	###LINE###
5	22	8	0	1	0	244.80	435.56	36.68	10.86	100	Madison
4	22	8	0	2	0	244.799973	449.004380	52.328795	10.857240	-1	###LINE###
5	22	8	0	2	0	244.80	449.00	23.10	10.86	100	Total
5	22	8	0	2	1	270.65	449.00	26.48	10.86	100	Votes
3	22	9	0	0	0	379.439940	397.764394	59.880803	62.097226	-1	###FLOW###
4	22	9	0	0	0	402.839949	397.764394	36.232119	10.857240	-1	###LINE###
5	22	9	0	0	0	402.84	397.76	24.34	10.86	100	Jared
5	22	9	0	0	1	429.89	397.76	9.18	10.86	100	K.
4	22	9	0	1	0	379.439940	408.924398	59.880803	10.857240	-1	###LINE###
5	22	9	0	1	0	379.44	408.92	59.88	10.86	100	CARPENTER
4	22	9	0	2	0	414.839947	422.364390	24.339653	10.857240	-1	###LINE###
5	22	9	0	2	0	414.84	422.36	24.34	10.86	100	1,090
4	22	9	0	3	0	414.839947	435.564389	24.339653	10.857240	-1	###LINE###
5	22	9	0	3	0	414.84	435.56	24.34	10.86	100	4,996
4	22	9	0	4	0	414.839947	449.004380	24.339653	10.857240	-1	###LINE###
5	22	9	0	4	0	414.84	449.00	24.34	10.86	100	6,086
3	22	10	0	0	0	511.079944	397.764394	36.193191	62.097226	-1	###FLOW###
4	22	10	0	0	0	513.239907	397.764394	33.984034	10.857240	-1	###LINE###
5	22	10	0	0	0	513.24	397.76	33.98	10.86	100	Rhonda
4	22	10	0	1	0	511.079944	408.924398	36.193191	10.857240	-1	###LINE###
5	22	10	0	1	0	511.08	408.92	36.19	10.86	100	GOODE
4	22	10	0	2	0	530.999937	422.364390	16.232924	10.857240	-1	###LINE###
5	22	10	0	2	0	531.00	422.36	16.23	10.86	100	599
4	22	10	0	3	0	522.839930	435.564389	24.339653	10.857240	-1	###LINE###
5	22	10	0	3	0	522.84	435.56	24.34	10.86	100	1,365
4	22	10	0	4	0	522.839930	449.004380	24.339653	10.857240	-1	###LINE###
5	22	10	0	4	0	522.84	449.00	24.34	10.86	100	1,964
1	23	0	0	0	0	0.000000	0.000000	792.000000	612.000000	-1	###PAGE###
3	23	0	0	0	0	35.999994	54.115290	161.658823	13.404001	-1	###FLOW###
4	23	0	0	0	0	35.999994	54.115290	161.658823	13.404001	-1	###LINE###
5	23	0	0	0	0	36.00	54.12	89.57	13.40	100	Commonwealth
5	23	0	0	0	1	128.96	54.12	11.33	13.40	100	of
5	23	0	0	0	2	143.60	54.12	54.05	13.40	100	Kentucky
3	23	1	0	0	0	289.919964	54.115290	211.964694	13.404001	-1	###FLOW###
4	23	1	0	0	0	289.919964	54.115290	211.964694	13.404001	-1	###LINE###
5	23	1	0	0	0	289.92	54.12	44.03	13.40	100	Michael
5	23	1	0	0	1	337.40	54.12	12.66	13.40	100	G.
5	23	1	0	0	2	353.48	54.12	43.01	13.40	100	Adams,
5	23	1	0	0	3	399.93	54.12	54.90	13.40	100	Secretary
5	23	1	0	0	4	457.89	54.12	11.33	13.40	100	of
5	23	1	0	0	5	472.52	54.12	29.36	13.40	100	State
3	23	2	0	0	0	330.479957	111.955306	130.973083	41.003991	-1	###FLOW###
4	23	2	0	0	0	357.239932	111.955306	77.531355	13.404001	-1	###LINE###
5	23	2	0	0	0	357.24	111.96	29.36	13.40	100	State
5	23	2	0	0	1	389.96	111.96	44.82	13.40	100	Senator
4	23	2	0	1	0	330.479957	125.755316	130.973083	13.404001	-1	###LINE###
5	23	2	0	1	0	330.48	125.76	24.69	13.40	100	36th
5	23	2	0	1	1	358.52	125.76	58.18	13.40	100	Senatorial
5	23	2	0	1	2	420.09	125.76	41.37	13.40	100	District
4	23	2	0	2	0	347.039954	139.555296	98.280875	13.404001	-1	###LINE###
5	23	2	0	2	0	347.04	139.56	64.81	13.40	100	Republican
5	23	2	0	2	1	415.16	139.56	30.16	13.40	100	Party
3	23	3	0	0	0	298.799948	188.964408	52.328795	24.297231	-1	###FLOW###
4	23	3	0	0	0	298.799948	188.964408	40.212494	10.857240	-1	###LINE###
5	23	3	0	0	0	298.80	188.96	40.21	10.86	100	Jefferson
4	23	3	0	1	0	298.799948	202.404399	52.328795	10.857240	-1	###LINE###
5	23	3	0	1	0	298.80	202.40	23.10	10.86	100	Total
5	23	3	0	1	1	324.65	202.40	26.48	10.86	100	Votes
3	23	4	0	0	0	441.839935	164.364412	51.423116	48.897227	-1	###FLOW###
4	23	4	0	0	0	441.839935	164.364412	51.404258	10.857240	-1	###LINE###
5	23	4	0	0	0	441.84	164.36	20.01	10.86	100	Julie
5	23	4	0	0	1	464.57	164.36	28.67	10.86	100	Raque
4	23	4	0	1	0	458.519924	175.524417	34.743128	10.857240	-1	###LINE###
5	23	4	0	1	0	458.52	175.52	34.74	10.86	100	ADAMS
4	23	4	0	2	0	468.839924	188.964408	24.339653	10.857240	-1	###LINE###
5	23	4	0	2	0	468.84	188.96	24.34	10.86	100	9,193
4	23	4	0	3	0	468.839924	202.404399	24.339653	10.857240	-1	###LINE###
5	23	4	0	3	0	468.84	202.40	24.34	10.86	100	9,193
3	23	5	0	0	0	330.479957	239.995303	130.973083	41.003960	-1	###FLOW###
4	23	5	0	0	0	357.239932	239.995303	77.531355	13.404001	-1	###LINE###
5	23	5	0	0	0	357.24	240.00	29.36	13.40	100	State
5	23	5	0	0	1	389.96	240.00	44.82	13.40	100	Senator
4	23	5	0	1	0	330.479957	253.795313	130.973083	13.404001	-1	###LINE###
5	23	5	0	1	0	330.48	253.80	24.69	13.40	100	38th
5	23	5	0	1	1	358.52	253.80	58.18	13.40	100	Senatorial
5	23	5	0	1	2	420.09	253.80	41.37	13.40	100	District
4	23	5	0	2	0	347.039954	267.595262	98.280875	13.404001	-1	###LINE###
5	23	5	0	2	0	347.04	267.60	64.81	13.40	100	Republican
5	23	5	0	2	1	415.16	267.60	30.16	13.40	100	Party
3	23	6	0	0	0	298.799948	317.004405	52.328795	37.497230	-1	###FLOW###
4	23	6	0	0	0	298.799948	317.004405	23.765467	10.857240	-1	###LINE###
5	23	6	0	0	0	298.80	317.00	23.77	10.86	100	Bullitt
4	23	6	0	1	0	298.799948	330.204404	40.212494	10.857240	-1	###LINE###
5	23	6	0	1	0	298.80	330.20	40.21	10.86	100	Jefferson
4	23	6	0	2	0	298.799948	343.644395	52.328795	10.857240	-1	###LINE###
5	23	6	0	2	0	298.80	343.64	23.10	10.86	100	Total
5	23	6	0	2	1	324.65	343.64	26.48	10.86	100	Votes
3	23	7	0	0	0	458.759936	292.404378	34.464194	62.097257	-1	###FLOW###
4	23	7	0	0	0	472.679945	292.404378	20.544186	10.857240	-1	###LINE###
5	23	7	0	0	0	472.68	292.40	20.54	10.86	100	Mike
4	23	7	0	1	0	458.759936	303.564383	34.441437	10.857240	-1	###LINE###
5	23	7	0	1	0	458.76	303.56	34.44	10.86	100	NEMES
4	23	7	0	2	0	468.839924	317.004405	24.339653	10.857240	-1	###LINE###
5	23	7	0	2	0	468.84	317.00	24.34	10.86	100	4,398
4	23	7	0	3	0	468.839924	330.204404	24.339653	10.857240	-1	###LINE###
5	23	7	0	3	0	468.84	330.20	24.34	10.86	100	1,146
4	23	7	0	4	0	468.839924	343.644395	24.339653	10.857240	-1	###LINE###
5	23	7	0	4	0	468.84	343.64	24.34	10.86	100	5,544
3	23	8	0	0	0	584.279905	54.115290	171.619073	13.404001	-1	###FLOW###
4	23	8	0	0	0	584.279905	54.115290	171.619073	13.404001	-1	###LINE###
5	23	8	0	0	0	584.28	54.12	26.72	13.40	100	2022
5	23	8	0	0	1	614.49	54.12	44.86	13.40	100	Primary
5	23	8	0	0	2	662.36	54.12	46.82	13.40	100	Election
5	23	8	0	0	3	712.53	54.12	43.37	13.40	100	Results
1	24	0	0	0	0	0.000000	0.000000	792.000000	612.000000	-1	###PAGE###
3	24	0	0	0	0	270.479967	198.146192	251.051264	32.390746	-1	###FLOW###
4	24	0	0	0	0	299.759939	198.146192	192.474066	15.950760	-1	###LINE###
5	24	0	0	0	0	299.76	198.15	106.66	15.95	100	Commonwealth
5	24	0	0	0	1	410.39	198.15	13.48	15.95	100	of
5	24	0	0	0	2	427.91	198.15	64.32	15.95	100	Kentucky
4	24	0	0	1	0	270.479967	214.586178	251.051264	15.950760	-1	###LINE###
5	24	0	0	1	0	270.48	214.59	52.24	15.95	100	Michael
5	24	0	0	1	1	326.63	214.59	15.07	15.95	100	G.
5	24	0	0	1	2	345.60	214.59	51.00	15.95	100	Adams,
5	24	0	0	1	3	400.56	214.59	64.83	15.95	100	Secretary
5	24	0	0	1	4	469.19	214.59	13.48	15.95	100	of
5	24	0	0	1	5	486.59	214.59	34.94	15.95	100	State
3	24	0	1	0	0	267.959970	263.906165	256.084014	32.390776	-1	###FLOW###
4	24	0	1	0	0	352.439952	263.906165	87.115175	15.950760	-1	###LINE###
5	24	0	1	0	0	352.44	263.91	27.81	15.95	100	May
5	24	0	1	0	1	383.99	263.91	19.86	15.95	100	17,
5	24	0	1	0	2	407.76	263.91	31.80	15.95	100	2022
4	24	0	1	1	0	267.959970	280.346181	256.084014	15.950760	-1	###LINE###
5	24	0	1	1	0	267.96	280.35	48.41	15.95	100	Official
5	24	0	1	1	1	320.39	280.35	31.80	15.95	100	2022
5	24	0	1	1	2	356.03	280.35	53.07	15.95	100	Primary
5	24	0	1	1	3	412.91	280.35	55.55	15.95	100	Election
5	24	0	1	1	4	472.43	280.35	51.61	15.95	100	Results
3	24	0	2	0	0	325.439963	329.666198	141.017064	32.390746	-1	###FLOW###
4	24	0	2	0	0	341.879938	329.666198	108.032539	15.950760	-1	###LINE###
5	24	0	2	0	0	341.88	329.67	23.00	15.95	100	For
5	24	0	2	0	1	368.87	329.67	21.43	15.95	100	the
5	24	0	2	0	2	394.31	329.67	38.10	15.95	100	office
5	24	0	2	0	3	436.43	329.67	13.48	15.95	100	of
4	24	0	2	1	0	325.439963	346.106184	141.017064	15.950760	-1	###LINE###
5	24	0	2	1	0	325.44	346.11	34.94	15.95	100	State
5	24	0	2	1	1	364.32	346.11	102.14	15.95	100	Representative
1	25	0	0	0	0	0.000000	0.000000	792.000000	612.000000	-1	###PAGE###
3	25	0	0	0	0	35.999994	54.115290	161.658823	13.404001	-1	###FLOW###
4	25	0	0	0	0	35.999994	54.115290	161.658823	13.404001	-1	###LINE###
5	25	0	0	0	0	36.00	54.12	89.57	13.40	100	Commonwealth
5	25	0	0	0	1	128.96	54.12	11.33	13.40	100	of
5	25	0	0	0	2	143.60	54.12	54.05	13.40	100	Kentucky
3	25	1	0	0	0	289.919964	54.115290	211.964694	13.404001	-1	###FLOW###
4	25	1	0	0	0	289.919964	54.115290	211.964694	13.404001	-1	###LINE###
5	25	1	0	0	0	289.92	54.12	44.03	13.40	100	Michael
5	25	1	0	0	1	337.40	54.12	12.66	13.40	100	G.
5	25	1	0	0	2	353.48	54.12	43.01	13.40	100	Adams,
5	25	1	0	0	3	399.93	54.12	54.90	13.40	100	Secretary
5	25	1	0	0	4	457.89	54.12	11.33	13.40	100	of
5	25	1	0	0	5	472.52	54.12	29.36	13.40	100	State
3	25	2	0	0	0	584.279905	54.115290	171.619073	13.404001	-1	###FLOW###
4	25	2	0	0	0	584.279905	54.115290	171.619073	13.404001	-1	###LINE###
5	25	2	0	0	0	584.28	54.12	26.72	13.40	100	2022
5	25	2	0	0	1	614.49	54.12	44.86	13.40	100	Primary
5	25	2	0	0	2	662.36	54.12	46.82	13.40	100	Election
5	25	2	0	0	3	712.53	54.12	43.37	13.40	100	Results
3	25	3	0	0	0	320.159957	111.955306	151.494322	41.003991	-1	###FLOW###
4	25	3	0	0	0	336.599963	111.955306	118.754055	13.404001	-1	###LINE###
5	25	3	0	0	0	336.60	111.96	29.36	13.40	100	State
5	25	3	0	0	1	369.32	111.96	86.04	13.40	100	Representative
4	25	3	0	1	0	320.159957	125.755316	151.494322	13.404001	-1	###LINE###
5	25	3	0	1	0	320.16	125.76	17.36	13.40	100	1st
5	25	3	0	1	1	340.89	125.76	86.03	13.40	100	Representative
5	25	3	0	1	2	430.29	125.76	41.37	13.40	100	District
4	25	3	0	2	0	347.039954	139.555296	98.280875	13.404001	-1	###LINE###
5	25	3	0	2	0	347.04	139.56	64.81	13.40	100	Republican
5	25	3	0	2	1	415.16	139.56	30.16	13.40	100	Party
3	25	4	0	0	0	244.799973	188.844411	52.328795	77.097228	-1	###FLOW###
4	25	4	0	0	0	244.799973	188.844411	30.276154	10.857240	-1	###LINE###
5	25	4	0	0	0	244.80	188.84	30.28	10.86	100	Ballard
4	25	4	0	1	0	244.799973	202.044410	32.436651	10.857240	-1	###LINE###
5	25	4	0	1	0	244.80	202.04	32.44	10.86	100	Carlisle
4	25	4	0	2	0	244.799973	215.244409	27.025677	10.857240	-1	###LINE###
5	25	4	0	2	0	244.80	215.24	27.03	10.86	100	Fulton
4	25	4	0	3	0	244.799973	228.444408	37.847626	10.857240	-1	###LINE###
5	25	4	0	3	0	244.80	228.44	37.85	10.86	100	Hickman
4	25	4	0	4	0	244.799973	241.644408	49.214565	10.857240	-1	###LINE###
5	25	4	0	4	0	244.80	241.64	49.21	10.86	100	McCracken
4	25	4	0	5	0	244.799973	255.084399	52.328795	10.857240	-1	###LINE###
5	25	4	0	5	0	244.80	255.08	23.10	10.86	100	Total
5	25	4	0	5	1	270.65	255.08	26.48	10.86	100	Votes
3	25	5	0	0	0	385.919949	164.364412	53.464685	101.577228	-1	###FLOW###
4	25	5	0	0	0	385.919949	164.364412	53.175476	10.857240	-1	###LINE###
5	25	5	0	0	0	385.92	164.36	30.37	10.86	100	Steven
5	25	5	0	0	1	418.97	164.36	20.13	10.86	100	Jack
4	25	5	0	1	0	411.959946	175.524417	27.424687	10.857240	-1	###LINE###
5	25	5	0	1	0	411.96	175.52	27.42	10.86	100	RUDY
4	25	5	0	2	0	422.999924	188.844411	16.232924	10.857240	-1	###LINE###
5	25	5	0	2	0	423.00	188.84	16.23	10.86	100	474
4	25	5	0	3	0	422.999924	202.044410	16.232924	10.857240	-1	###LINE###
5	25	5	0	3	0	423.00	202.04	16.23	10.86	100	152
4	25	5	0	4	0	422.999924	215.244409	16.232924	10.857240	-1	###LINE###
5	25	5	0	4	0	423.00	215.24	16.23	10.86	100	138
4	25	5	0	5	0	422.999924	228.444408	16.232924	10.857240	-1	###LINE###
5	25	5	0	5	0	423.00	228.44	16.23	10.86	100	164
4	25	5	0	6	0	414.839947	241.644408	24.339653	10.857240	-1	###LINE###
5	25	5	0	6	0	414.84	241.64	24.34	10.86	100	1,248
4	25	5	0	7	0	414.839947	255.084399	24.339653	10.857240	-1	###LINE###
5	25	5	0	7	0	414.84	255.08	24.34	10.86	100	2,176
3	25	6	0	0	0	480.599939	164.364412	66.661156	101.577228	-1	###FLOW###
4	25	6	0	0	0	480.599939	164.364412	66.537469	10.857240	-1	###LINE###
5	25	6	0	0	0	480.60	164.36	50.29	10.86	100	Christopher
5	25	6	0	0	1	536.33	164.36	10.80	10.86	100	M.
4	25	6	0	1	0	506.999942	175.524417	40.261154	10.857240	-1	###LINE###
5	25	6	0	1	0	507.00	175.52	40.26	10.86	100	TUCKER
4	25	6	0	2	0	530.999937	188.844411	16.232924	10.857240	-1	###LINE###
5	25	6	0	2	0	531.00	188.84	16.23	10.86	100	220
4	25	6	0	3	0	530.999937	202.044410	16.232924	10.857240	-1	###LINE###
5	25	6	0	3	0	531.00	202.04	16.23	10.86	100	200
4	25	6	0	4	0	536.399904	215.244409	10.821949	10.857240	-1	###LINE###
5	25	6	0	4	0	536.40	215.24	10.82	10.86	100	87
4	25	6	0	5	0	530.999937	228.444408	16.232924	10.857240	-1	###LINE###
5	25	6	0	5	0	531.00	228.44	16.23	10.86	100	349
4	25	6	0	6	0	530.999937	241.644408	16.232924	10.857240	-1	###LINE###
5	25	6	0	6	0	531.00	241.64	16.23	10.86	100	538
4	25	6	0	7	0	522.839930	255.084399	24.339653	10.857240	-1	###LINE###
5	25	6	0	7	0	522.84	255.08	24.34	10.86	100	1,394
3	25	7	0	0	0	319.919944	292.675273	152.083046	41.004021	-1	###FLOW###
4	25	7	0	0	0	336.599963	292.675273	118.754055	13.404001	-1	###LINE###
5	25	7	0	0	0	336.60	292.68	29.36	13.40	100	State
5	25	7	0	0	1	369.32	292.68	86.04	13.40	100	Representative
4	25	7	0	1	0	319.919944	306.475283	152.083046	13.404001	-1	###LINE###
5	25	7	0	1	0	319.92	306.48	18.01	13.40	100	4th
5	25	7	0	1	1	341.25	306.48	86.03	13.40	100	Representative
5	25	7	0	1	2	430.64	306.48	41.37	13.40	100	District
4	25	7	0	2	0	347.039954	320.275293	98.280875	13.404001	-1	###LINE###
5	25	7	0	2	0	347.04	320.28	64.81	13.40	100	Republican
5	25	7	0	2	1	415.16	320.28	30.16	13.40	100	Party
3	25	8	0	0	0	244.799973	369.684390	52.328795	24.297231	-1	###FLOW###
4	25	8	0	0	0	244.799973	369.684390	35.054551	10.857240	-1	###LINE###
5	25	8	0	0	0	244.80	369.68	35.05	10.86	100	Hopkins
4	25	8	0	1	0	244.799973	383.124380	52.328795	10.857240	-1	###LINE###
5	25	8	0	1	0	244.80	383.12	23.10	10.86	100	Total
5	25	8	0	1	1	270.65	383.12	26.48	10.86	100	Votes
3	25	9	0	0	0	391.559929	345.084379	47.706110	48.897242	-1	###FLOW###
4	25	9	0	0	0	401.159952	345.084379	38.061729	10.857240	-1	###LINE###
5	25	9	0	0	0	401.16	345.08	9.53	10.86	100	D.
5	25	9	0	0	1	413.45	345.08	25.77	10.86	100	Wade
4	25	9	0	1	0	391.559929	356.244399	47.706110	10.857240	-1	###LINE###
5	25	9	0	1	0	391.56	356.24	47.71	10.86	100	WILLIAMS
4	25	9	0	2	0	414.839947	369.684390	24.339653	10.857240	-1	###LINE###
5	25	9	0	2	0	414.84	369.68	24.34	10.86	100	1,665
4	25	9	0	3	0	414.839947	383.124380	24.339653	10.857240	-1	###LINE###
5	25	9	0	3	0	414.84	383.12	24.34	10.86	100	1,665
3	25	10	0	0	0	511.439919	345.084379	35.826110	48.897242	-1	###FLOW###
4	25	10	0	0	0	511.439919	345.084379	35.638469	10.857240	-1	###LINE###
5	25	10	0	0	0	511.44	345.08	24.87	10.86	100	David
5	25	10	0	0	1	538.97	345.08	8.11	10.86	100	L.
4	25	10	0	1	0	513.719933	356.244399	33.546096	10.857240	-1	###LINE###
5	25	10	0	1	0	513.72	356.24	33.55	10.86	100	SHARP
4	25	10	0	2	0	530.999937	369.684390	16.232924	10.857240	-1	###LINE###
5	25	10	0	2	0	531.00	369.68	16.23	10.86	100	835
4	25	10	0	3	0	530.999937	383.124380	16.232924	10.857240	-1	###LINE###
5	25	10	0	3	0	531.00	383.12	16.23	10.86	100	835
3	25	11	0	0	0	319.919944	420.715300	152.083046	41.003991	-1	###FLOW###
4	25	11	0	0	0	336.599963	420.715300	118.754055	13.404001	-1	###LINE###
5	25	11	0	0	0	336.60	420.72	29.36	13.40	100	State
5	25	11	0	0	1	369.32	420.72	86.04	13.40	100	Representative
4	25	11	0	1	0	319.919944	434.515280	152.083046	13.404001	-1	###LINE###
5	25	11	0	1	0	319.92	434.52	18.01	13.40	100	8th
5	25	11	0	1	1	341.25	434.52	86.03	13.40	100	Representative
5	25	11	0	1	2	430.64	434.52	41.37	13.40	100	District
4	25	11	0	2	0	347.039954	448.315290	98.280875	13.404001	-1	###LINE###
5	25	11	0	2	0	347.04	448.32	64.81	13.40	100	Republican
5	25	11	0	2	1	415.16	448.32	30.16	13.40	100	Party
3	25	12	0	0	0	244.799973	497.724387	52.328795	50.697260	-1	###FLOW###
4	25	12	0	0	0	244.799973	497.724387	36.485150	10.857240	-1	###LINE###
5	25	12	0	0	0	244.80	497.72	36.49	10.86	100	Caldwell
4	25	12	0	1	0	244.799973	510.924386	38.382884	10.857240	-1	###LINE###
5	25	12	0	1	0	244.80	510.92	38.38	10.86	100	Christian
4	25	12	0	2	0	244.799973	524.124354	22.159692	10.857240	-1	###LINE###
5	25	12	0	2	0	244.80	524.12	22.16	10.86	100	Trigg
4	25	12	0	3	0	244.799973	537.564407	52.328795	10.857240	-1	###LINE###
5	25	12	0	3	0	244.80	537.56	23.10	10.86	100	Total
5	25	12	0	3	1	270.65	537.56	26.48	10.86	100	Votes
3	25	13	0	0	0	380.159947	473.124391	59.072900	75.297256	-1	###FLOW###
4	25	13	0	0	0	380.159947	473.124391	59.063317	10.857240	-1	###LINE###
5	25	13	0	0	0	380.16	473.12	30.55	10.86	100	Walker
5	25	13	0	0	1	413.33	473.12	25.90	10.86	100	Wood
4	25	13	0	1	0	397.679934	484.284395	41.516578	10.857240	-1	###LINE###
5	25	13	0	1	0	397.68	484.28	41.52	10.86	100	THOMAS
4	25	13	0	2	0	422.999924	497.724387	16.232924	10.857240	-1	###LINE###
5	25	13	0	2	0	423.00	497.72	16.23	10.86	100	309
4	25	13	0	3	0	414.839947	510.924386	24.339653	10.857240	-1	###LINE###
5	25	13	0	3	0	414.84	510.92	24.34	10.86	100	1,178
4	25	13	0	4	0	422.999924	524.124354	16.232924	10.857240	-1	###LINE###
5	25	13	0	4	0	423.00	524.12	16.23	10.86	100	633
4	25	13	0	5	0	414.839947	537.564407	24.339653	10.857240	-1	###LINE###
5	25	13	0	5	0	414.84	537.56	24.34	10.86	100	2,120
3	25	14	0	0	0	503.159920	473.124391	44.249440	75.297256	-1	###FLOW###
4	25	14	0	0	0	525.239935	473.124391	22.169424	10.857240	-1	###LINE###
5	25	14	0	0	0	525.24	473.12	22.17	10.86	100	Larry
4	25	14	0	1	0	503.159920	484.284395	44.037158	10.857240	-1	###LINE###
5	25	14	0	1	0	503.16	484.28	44.04	10.86	100	CURLING
4	25	14	0	2	0	522.839930	497.724387	24.339653	10.857240	-1	###LINE###
5	25	14	0	2	0	522.84	497.72	24.34	10.86	100	1,210
4	25	14	0	3	0	530.999937	510.924386	16.232924	10.857240	-1	###LINE###
5	25	14	0	3	0	531.00	510.92	16.23	10.86	100	220
4	25	14	0	4	0	530.999937	524.124354	16.232924	10.857240	-1	###LINE###
5	25	14	0	4	0	531.00	524.12	16.23	10.86	100	112
4	25	14	0	5	0	522.839930	537.564407	24.339653	10.857240	-1	###LINE###
5	25	14	0	5	0	522.84	537.56	24.34	10.86	100	1,542
1	26	0	0	0	0	0.000000	0.000000	792.000000	612.000000	-1	###PAGE###
3	26	0	0	0	0	35.999994	54.115290	161.658823	13.404001	-1	###FLOW###
4	26	0	0	0	0	35.999994	54.115290	161.658823	13.404001	-1	###LINE###
5	26	0	0	0	0	36.00	54.12	89.57	13.40	100	Commonwealth
5	26	0	0	0	1	128.96	54.12	11.33	13.40	100	of
5	26	0	0	0	2	143.60	54.12	54.05	13.40	100	Kentucky
3	26	1	0	0	0	289.919964	54.115290	211.964694	13.404001	-1	###FLOW###
4	26	1	0	0	0	289.919964	54.115290	211.964694	13.404001	-1	###LINE###
5	26	1	0	0	0	289.92	54.12	44.03	13.40	100	Michael
5	26	1	0	0	1	337.40	54.12	12.66	13.40	100	G.
5	26	1	0	0	2	353.48	54.12	43.01	13.40	100	Adams,
5	26	1	0	0	3	399.93	54.12	54.90	13.40	100	Secretary
5	26	1	0	0	4	457.89	54.12	11.33	13.40	100	of
5	26	1	0	0	5	472.52	54.12	29.36	13.40	100	State
3	26	2	0	0	0	584.279905	54.115290	171.619073	13.404001	-1	###FLOW###
4	26	2	0	0	0	584.279905	54.115290	171.619073	13.404001	-1	###LINE###
5	26	2	0	0	0	584.28	54.12	26.72	13.40	100	2022
5	26	2	0	0	1	614.49	54.12	44.86	13.40	100	Primary
5	26	2	0	0	2	662.36	54.12	46.82	13.40	100	Election
5	26	2	0	0	3	712.53	54.12	43.37	13.40	100	Results
3	26	3	0	0	0	316.559949	111.955306	158.811321	41.003991	-1	###FLOW###
4	26	3	0	0	0	336.599963	111.955306	118.754055	13.404001	-1	###LINE###
5	26	3	0	0	0	336.60	111.96	29.36	13.40	100	State
5	26	3	0	0	1	369.32	111.96	86.04	13.40	100	Representative
4	26	3	0	1	0	316.559949	125.755316	158.811321	13.404001	-1	###LINE###
5	26	3	0	1	0	316.56	125.76	24.69	13.40	100	12th
5	26	3	0	1	1	344.60	125.76	86.03	13.40	100	Representative
5	26	3	0	1	2	434.00	125.76	41.37	13.40	100	District
4	26	3	0	2	0	347.039954	139.555296	98.280875	13.404001	-1	###LINE###
5	26	3	0	2	0	347.04	139.56	64.81	13.40	100	Republican
5	26	3	0	2	1	415.16	139.56	30.16	13.40	100	Party
3	26	4	0	0	0	244.799973	188.844411	52.328795	63.897229	-1	###FLOW###
4	26	4	0	0	0	244.799973	188.844411	44.874107	10.857240	-1	###LINE###
5	26	4	0	0	0	244.80	188.84	44.87	10.86	100	Crittenden
4	26	4	0	1	0	244.799973	202.044410	34.616612	10.857240	-1	###LINE###
5	26	4	0	1	0	244.80	202.04	34.62	10.86	100	McLean
4	26	4	0	2	0	244.799973	215.244409	25.322582	10.857240	-1	###LINE###
5	26	4	0	2	0	244.80	215.24	25.32	10.86	100	Union
4	26	4	0	3	0	244.799973	228.444408	36.845233	10.857240	-1	###LINE###
5	26	4	0	3	0	244.80	228.44	36.85	10.86	100	Webster
4	26	4	0	4	0	244.799973	241.884400	52.328795	10.857240	-1	###LINE###
5	26	4	0	4	0	244.80	241.88	23.10	10.86	100	Total
5	26	4	0	4	1	270.65	241.88	26.48	10.86	100	Votes
3	26	5	0	0	0	384.719946	164.364412	54.512901	88.377229	-1	###FLOW###
4	26	5	0	0	0	424.079936	164.364412	15.133211	10.857240	-1	###LINE###
5	26	5	0	0	0	424.08	164.36	15.13	10.86	100	Jim
4	26	5	0	1	0	384.719946	175.524417	54.421168	10.857240	-1	###LINE###
5	26	5	0	1	0	384.72	175.52	36.74	10.86	100	GOOCH
5	26	5	0	1	1	424.01	175.52	15.13	10.86	100	JR.
4	26	5	0	2	0	422.999924	188.844411	16.232924	10.857240	-1	###LINE###
5	26	5	0	2	0	423.00	188.84	16.23	10.86	100	489
4	26	5	0	3	0	422.999924	202.044410	16.232924	10.857240	-1	###LINE###
5	26	5	0	3	0	423.00	202.04	16.23	10.86	100	612
4	26	5	0	4	0	422.999924	215.244409	16.232924	10.857240	-1	###LINE###
5	26	5	0	4	0	423.00	215.24	16.23	10.86	100	592
4	26	5	0	5	0	422.999924	228.444408	16.232924	10.857240	-1	###LINE###
5	26	5	0	5	0	423.00	228.44	16.23	10.86	100	749
4	26	5	0	6	0	414.839947	241.884400	24.339653	10.857240	-1	###LINE###
5	26	5	0	6	0	414.84	241.88	24.34	10.86	100	2,442
3	26	6	0	0	0	500.519932	164.364412	46.742645	88.377229	-1	###FLOW###
4	26	6	0	0	0	526.679890	164.364412	20.524722	10.857240	-1	###LINE###
5	26	6	0	0	0	526.68	164.36	20.52	10.86	100	Lynn
4	26	6	0	1	0	500.519932	175.524417	46.742645	10.857240	-1	###LINE###
5	26	6	0	1	0	500.52	175.52	46.74	10.86	100	BECHLER
4	26	6	0	2	0	522.839930	188.844411	24.339653	10.857240	-1	###LINE###
5	26	6	0	2	0	522.84	188.84	24.34	10.86	100	1,198
4	26	6	0	3	0	530.999937	202.044410	16.232924	10.857240	-1	###LINE###
5	26	6	0	3	0	531.00	202.04	16.23	10.86	100	181
4	26	6	0	4	0	530.999937	215.244409	16.232924	10.857240	-1	###LINE###
5	26	6	0	4	0	531.00	215.24	16.23	10.86	100	330
4	26	6	0	5	0	530.999937	228.444408	16.232924	10.857240	-1	###LINE###
5	26	6	0	5	0	531.00	228.44	16.23	10.86	100	268
4	26	6	0	6	0	522.839930	241.884400	24.339653	10.857240	-1	###LINE###
5	26	6	0	6	0	522.84	241.88	24.34	10.86	100	1,977
3	26	7	0	0	0	316.559949	279.475274	158.811321	41.004021	-1	###FLOW###
4	26	7	0	0	0	336.599963	279.475274	118.754055	13.404001	-1	###LINE###
5	26	7	0	0	0	336.60	279.48	29.36	13.40	100	State
5	26	7	0	0	1	369.32	279.48	86.04	13.40	100	Representative
4	26	7	0	1	0	316.559949	293.275284	158.811321	13.404001	-1	###LINE###
5	26	7	0	1	0	316.56	293.28	24.69	13.40	100	15th
5	26	7	0	1	1	344.60	293.28	86.03	13.40	100	Representative
5	26	7	0	1	2	434.00	293.28	41.37	13.40	100	District
4	26	7	0	2	0	347.039954	307.075294	98.280875	13.404001	-1	###LINE###
5	26	7	0	2	0	347.04	307.08	64.81	13.40	100	Republican
5	26	7	0	2	1	415.16	307.08	30.16	13.40	100	Party
3	26	8	0	0	0	244.799973	356.484391	52.328795	37.497230	-1	###FLOW###
4	26	8	0	0	0	244.799973	356.484391	25.400438	10.857240	-1	###LINE###
5	26	8	0	0	0	244.80	356.48	25.40	10.86	100	Butler
4	26	8	0	1	0	244.799973	369.684390	51.287474	10.857240	-1	###LINE###
5	26	8	0	1	0	244.80	369.68	51.29	10.86	100	Muhlenberg
4	26	8	0	2	0	244.799973	383.124380	52.328795	10.857240	-1	###LINE###
5	26	8	0	2	0	244.80	383.12	23.10	10.86	100	Total
5	26	8	0	2	1	270.65	383.12	26.48	10.86	100	Votes
3	26	9	0	0	0	397.799955	331.884380	41.526310	62.097241	-1	###FLOW###
4	26	9	0	0	0	400.799947	331.884380	38.402348	10.857240	-1	###LINE###
5	26	9	0	0	0	400.80	331.88	38.40	10.86	100	Rebecca
4	26	9	0	1	0	397.799955	343.044415	41.526310	10.857240	-1	###LINE###
5	26	9	0	1	0	397.80	343.04	41.53	10.86	100	RAYMER
4	26	9	0	2	0	414.839947	356.484391	24.339653	10.857240	-1	###LINE###
5	26	9	0	2	0	414.84	356.48	24.34	10.86	100	2,264
4	26	9	0	3	0	422.999924	369.684390	16.232924	10.857240	-1	###LINE###
5	26	9	0	3	0	423.00	369.68	16.23	10.86	100	668
4	26	9	0	4	0	414.839947	383.124380	24.339653	10.857240	-1	###LINE###
5	26	9	0	4	0	414.84	383.12	24.34	10.86	100	2,932
3	26	10	0	0	0	500.639923	331.884380	46.626153	62.097241	-1	###FLOW###
4	26	10	0	0	0	500.639923	331.884380	46.489614	10.857240	-1	###LINE###
5	26	10	0	0	0	500.64	331.88	34.32	10.86	100	Timothy
5	26	10	0	0	1	537.41	331.88	9.72	10.86	100	R.
4	26	10	0	1	0	513.359898	343.044415	33.906178	10.857240	-1	###LINE###
5	26	10	0	1	0	513.36	343.04	33.91	10.86	100	DUKES
4	26	10	0	2	0	530.999937	356.484391	16.232924	10.857240	-1	###LINE###
5	26	10	0	2	0	531.00	356.48	16.23	10.86	100	605
4	26	10	0	3	0	522.839930	369.684390	24.339653	10.857240	-1	###LINE###
5	26	10	0	3	0	522.84	369.68	24.34	10.86	100	1,231
4	26	10	0	4	0	522.839930	383.124380	24.339653	10.857240	-1	###LINE###
5	26	10	0	4	0	522.84	383.12	24.34	10.86	100	1,836
3	26	11	0	0	0	316.559949	420.715300	158.811321	41.003991	-1	###FLOW###
4	26	11	0	0	0	336.599963	420.715300	118.754055	13.404001	-1	###LINE###
5	26	11	0	0	0	336.60	420.72	29.36	13.40	100	State
5	26	11	0	0	1	369.32	420.72	86.04	13.40	100	Representative
4	26	11	0	1	0	316.559949	434.515280	158.811321	13.404001	-1	###LINE###
5	26	11	0	1	0	316.56	434.52	24.69	13.40	100	18th
5	26	11	0	1	1	344.60	434.52	86.03	13.40	100	Representative
5	26	11	0	1	2	434.00	434.52	41.37	13.40	100	District
4	26	11	0	2	0	347.039954	448.315290	98.280875	13.404001	-1	###LINE###
5	26	11	0	2	0	347.04	448.32	64.81	13.40	100	Republican
5	26	11	0	2	1	415.16	448.32	30.16	13.40	100	Party
3	26	12	0	0	0	244.799973	497.724387	52.328795	37.497261	-1	###FLOW###
4	26	12	0	0	0	244.799973	497.724387	36.563006	10.857240	-1	###LINE###
5	26	12	0	0	0	244.80	497.72	36.56	10.86	100	Grayson
4	26	12	0	1	0	244.799973	510.924386	28.563328	10.857240	-1	###LINE###
5	26	12	0	1	0	244.80	510.92	28.56	10.86	100	Hardin
4	26	12	0	2	0	244.799973	524.364408	52.328795	10.857240	-1	###LINE###
5	26	12	0	2	0	244.80	524.36	23.10	10.86	100	Total
5	26	12	0	2	1	270.65	524.36	26.48	10.86	100	Votes
3	26	13	0	0	0	395.999936	473.124391	43.268332	62.097257	-1	###FLOW###
4	26	13	0	0	0	405.239956	473.124391	33.964570	10.857240	-1	###LINE###
5	26	13	0	0	0	405.24	473.12	33.96	10.86	100	Samara
4	26	13	0	1	0	395.999936	484.284395	43.268332	10.857240	-1	###LINE###
5	26	13	0	1	0	396.00	484.28	43.27	10.86	100	HEAVRIN
4	26	13	0	2	0	414.839947	497.724387	24.339653	10.857240	-1	###LINE###
5	26	13	0	2	0	414.84	497.72	24.34	10.86	100	2,344
4	26	13	0	3	0	422.999924	510.924386	16.232924	10.857240	-1	###LINE###
5	26	13	0	3	0	423.00	510.92	16.23	10.86	100	837
4	26	13	0	4	0	414.839947	524.364408	24.339653	10.857240	-1	###LINE###
5	26	13	0	4	0	414.84	524.36	24.34	10.86	100	3,181
3	26	14	0	0	0	513.839924	473.124391	33.487704	62.097257	-1	###FLOW###
4	26	14	0	0	0	521.159932	473.124391	25.964892	10.857240	-1	###LINE###
5	26	14	0	0	0	521.16	473.12	25.96	10.86	100	Jacob
4	26	14	0	1	0	513.839924	484.284395	33.487704	10.857240	-1	###LINE###
5	26	14	0	1	0	513.84	484.28	33.49	10.86	100	CLARK
4	26	14	0	2	0	522.839930	497.724387	24.339653	10.857240	-1	###LINE###
5	26	14	0	2	0	522.84	497.72	24.34	10.86	100	1,584
4	26	14	0	3	0	530.999937	510.924386	16.232924	10.857240	-1	###LINE###
5	26	14	0	3	0	531.00	510.92	16.23	10.86	100	782
4	26	14	0	4	0	522.839930	524.364408	24.339653	10.857240	-1	###LINE###
5	26	14	0	4	0	522.84	524.36	24.34	10.86	100	2,366
1	27	0	0	0	0	0.000000	0.000000	792.000000	612.000000	-1	###PAGE###
3	27	0	0	0	0	35.999994	54.115290	161.658823	13.404001	-1	###FLOW###
4	27	0	0	0	0	35.999994	54.115290	161.658823	13.404001	-1	###LINE###
5	27	0	0	0	0	36.00	54.12	89.57	13.40	100	Commonwealth
5	27	0	0	0	1	128.96	54.12	11.33	13.40	100	of
5	27	0	0	0	2	143.60	54.12	54.05	13.40	100	Kentucky
3	27	1	0	0	0	289.919964	54.115290	211.964694	13.404001	-1	###FLOW###
4	27	1	0	0	0	289.919964	54.115290	211.964694	13.404001	-1	###LINE###
5	27	1	0	0	0	289.92	54.12	44.03	13.40	100	Michael
5	27	1	0	0	1	337.40	54.12	12.66	13.40	100	G.
5	27	1	0	0	2	353.48	54.12	43.01	13.40	100	Adams,
5	27	1	0	0	3	399.93	54.12	54.90	13.40	100	Secretary
5	27	1	0	0	4	457.89	54.12	11.33	13.40	100	of
5	27	1	0	0	5	472.52	54.12	29.36	13.40	100	State
3	27	2	0	0	0	584.279905	54.115290	171.619073	13.404001	-1	###FLOW###
4	27	2	0	0	0	584.279905	54.115290	171.619073	13.404001	-1	###LINE###
5	27	2	0	0	0	584.28	54.12	26.72	13.40	100	2022
5	27	2	0	0	1	614.49	54.12	44.86	13.40	100	Primary
5	27	2	0	0	2	662.36	54.12	46.82	13.40	100	Election
5	27	2	0	0	3	712.53	54.12	43.37	13.40	100	Results
3	27	3	0	0	0	316.559949	111.955306	158.811321	41.003991	-1	###FLOW###
4	27	3	0	0	0	336.599963	111.955306	118.754055	13.404001	-1	###LINE###
5	27	3	0	0	0	336.60	111.96	29.36	13.40	100	State
5	27	3	0	0	1	369.32	111.96	86.04	13.40	100	Representative
4	27	3	0	1	0	316.559949	125.755316	158.811321	13.404001	-1	###LINE###
5	27	3	0	1	0	316.56	125.76	24.69	13.40	100	20th
5	27	3	0	1	1	344.60	125.76	86.03	13.40	100	Representative
5	27	3	0	1	2	434.00	125.76	41.37	13.40	100	District
4	27	3	0	2	0	347.039954	139.555296	98.280875	13.404001	-1	###LINE###
5	27	3	0	2	0	347.04	139.56	64.81	13.40	100	Republican
5	27	3	0	2	1	415.16	139.56	30.16	13.40	100	Party
3	27	4	0	0	0	244.799973	188.964408	52.328795	24.297231	-1	###FLOW###
4	27	4	0	0	0	244.799973	188.964408	32.426919	10.857240	-1	###LINE###
5	27	4	0	0	0	244.80	188.96	32.43	10.86	100	Warren
4	27	4	0	1	0	244.799973	202.404399	52.328795	10.857240	-1	###LINE###
5	27	4	0	1	0	244.80	202.40	23.10	10.86	100	Total
5	27	4	0	1	1	270.65	202.40	26.48	10.86	100	Votes
3	27	5	0	0	0	392.279937	164.364412	46.985944	48.897227	-1	###FLOW###
4	27	5	0	0	0	414.839947	164.364412	24.329921	10.857240	-1	###LINE###
5	27	5	0	0	0	414.84	164.36	24.33	10.86	100	Kevin
4	27	5	0	1	0	392.279937	175.524417	46.985944	10.857240	-1	###LINE###
5	27	5	0	1	0	392.28	175.52	46.99	10.86	100	JACKSON
4	27	5	0	2	0	414.839947	188.964408	24.339653	10.857240	-1	###LINE###
5	27	5	0	2	0	414.84	188.96	24.34	10.86	100	2,152
4	27	5	0	3	0	414.839947	202.404399	24.339653	10.857240	-1	###LINE###
5	27	5	0	3	0	414.84	202.40	24.34	10.86	100	2,152
3	27	6	0	0	0	509.279925	164.364412	38.037703	48.897227	-1	###FLOW###
4	27	6	0	0	0	509.279925	164.364412	37.857358	10.857240	-1	###LINE###
5	27	6	0	0	0	509.28	164.36	37.86	10.86	100	Leanette
4	27	6	0	1	0	514.919905	175.524417	32.397723	10.857240	-1	###LINE###
5	27	6	0	1	0	514.92	175.52	32.40	10.86	100	LOPEZ
4	27	6	0	2	0	530.999937	188.964408	16.232924	10.857240	-1	###LINE###
5	27	6	0	2	0	531.00	188.96	16.23	10.86	100	359
4	27	6	0	3	0	530.999937	202.404399	16.232924	10.857240	-1	###LINE###
5	27	6	0	3	0	531.00	202.40	16.23	10.86	100	359
3	27	7	0	0	0	316.799961	239.995303	158.210582	41.003960	-1	###FLOW###
4	27	7	0	0	0	336.599963	239.995303	118.754055	13.404001	-1	###LINE###
5	27	7	0	0	0	336.60	240.00	29.36	13.40	100	State
5	27	7	0	0	1	369.32	240.00	86.04	13.40	100	Representative
4	27	7	0	1	0	316.799961	253.795313	158.210582	13.404001	-1	###LINE###
5	27	7	0	1	0	316.80	253.80	24.04	13.40	100	21st
5	27	7	0	1	1	344.24	253.80	86.04	13.40	100	Representative
5	27	7	0	1	2	433.64	253.80	41.37	13.40	100	District
4	27	7	0	2	0	347.039954	267.595262	98.280875	13.404001	-1	###LINE###
5	27	7	0	2	0	347.04	267.60	64.81	13.40	100	Republican
5	27	7	0	2	1	415.16	267.60	30.16	13.40	100	Party
3	27	8	0	0	0	118.799986	316.884378	52.854321	63.897244	-1	###FLOW###
4	27	8	0	0	0	118.799986	316.884378	22.704683	10.857240	-1	###LINE###
5	27	8	0	0	0	118.80	316.88	22.70	10.86	100	Adair
4	27	8	0	1	0	118.799986	330.084377	52.854321	10.857240	-1	###LINE###
5	27	8	0	1	0	118.80	330.08	52.85	10.86	100	Cumberland
4	27	8	0	2	0	118.799986	343.284406	36.757645	10.857240	-1	###LINE###
5	27	8	0	2	0	118.80	343.28	36.76	10.86	100	Metcalfe
4	27	8	0	3	0	118.799986	356.484391	32.894054	10.857240	-1	###LINE###
5	27	8	0	3	0	118.80	356.48	32.89	10.86	100	Monroe
4	27	8	0	4	0	118.799986	369.924381	52.328795	10.857240	-1	###LINE###
5	27	8	0	4	0	118.80	369.92	23.10	10.86	100	Total
5	27	8	0	4	1	144.65	369.92	26.48	10.86	100	Votes
3	27	9	0	0	0	240.119967	292.404378	58.934202	88.377244	-1	###FLOW###
4	27	9	0	0	0	279.599964	292.404378	19.454205	10.857240	-1	###LINE###
5	27	9	0	0	0	279.60	292.40	19.45	10.86	100	Amy
4	27	9	0	1	0	240.119967	303.564383	58.742162	10.857240	-1	###LINE###
5	27	9	0	1	0	240.12	303.56	58.74	10.86	100	NEIGHBORS
4	27	9	0	2	0	274.439948	316.884378	24.339653	10.857240	-1	###LINE###
5	27	9	0	2	0	274.44	316.88	24.34	10.86	100	1,379
4	27	9	0	3	0	274.439948	330.084377	24.339653	10.857240	-1	###LINE###
5	27	9	0	3	0	274.44	330.08	24.34	10.86	100	1,074
4	27	9	0	4	0	282.599956	343.284406	16.232924	10.857240	-1	###LINE###
5	27	9	0	4	0	282.60	343.28	16.23	10.86	100	669
4	27	9	0	5	0	282.599956	356.484391	16.232924	10.857240	-1	###LINE###
5	27	9	0	5	0	282.60	356.48	16.23	10.86	100	487
4	27	9	0	6	0	274.439948	369.924381	24.339653	10.857240	-1	###LINE###
5	27	9	0	6	0	274.44	369.92	24.34	10.86	100	3,609
3	27	10	0	0	0	352.559943	292.404378	40.105923	88.377244	-1	###FLOW###
4	27	10	0	0	0	364.559940	292.404378	28.105925	10.857240	-1	###LINE###
5	27	10	0	0	0	364.56	292.40	28.11	10.86	100	Jimmy
4	27	10	0	1	0	352.559943	303.564383	39.901071	10.857240	-1	###LINE###
5	27	10	0	1	0	352.56	303.56	39.90	10.86	100	CARTER
4	27	10	0	2	0	376.199934	316.884378	16.232924	10.857240	-1	###LINE###
5	27	10	0	2	0	376.20	316.88	16.23	10.86	100	191
4	27	10	0	3	0	376.199934	330.084377	16.232924	10.857240	-1	###LINE###
5	27	10	0	3	0	376.20	330.08	16.23	10.86	100	897
4	27	10	0	4	0	376.199934	343.284406	16.232924	10.857240	-1	###LINE###
5	27	10	0	4	0	376.20	343.28	16.23	10.86	100	123
4	27	10	0	5	0	368.039958	356.484391	24.339653	10.857240	-1	###LINE###
5	27	10	0	5	0	368.04	356.48	24.34	10.86	100	2,102
4	27	10	0	6	0	368.039958	369.924381	24.339653	10.857240	-1	###LINE###
5	27	10	0	6	0	368.04	369.92	24.34	10.86	100	3,313
3	27	11	0	0	0	431.879939	292.404378	54.152928	88.377244	-1	###FLOW###
4	27	11	0	0	0	431.879939	292.404378	54.070817	10.857240	-1	###LINE###
5	27	11	0	0	0	431.88	292.40	31.38	10.86	100	Joshua
5	27	11	0	0	1	465.89	292.40	20.06	10.86	100	Wes
4	27	11	0	1	0	458.519924	303.564383	27.414955	10.857240	-1	###LINE###
5	27	11	0	1	0	458.52	303.56	27.41	10.86	100	ELLIS
4	27	11	0	2	0	461.639937	316.884378	24.339653	10.857240	-1	###LINE###
5	27	11	0	2	0	461.64	316.88	24.34	10.86	100	1,250
4	27	11	0	3	0	469.799944	330.084377	16.232924	10.857240	-1	###LINE###
5	27	11	0	3	0	469.80	330.08	16.23	10.86	100	107
4	27	11	0	4	0	475.199941	343.284406	10.821949	10.857240	-1	###LINE###
5	27	11	0	4	0	475.20	343.28	10.82	10.86	100	92
4	27	11	0	5	0	475.199941	356.484391	10.821949	10.857240	-1	###LINE###
5	27	11	0	5	0	475.20	356.48	10.82	10.86	100	45
4	27	11	0	6	0	461.639937	369.924381	24.339653	10.857240	-1	###LINE###
5	27	11	0	6	0	461.64	369.92	24.34	10.86	100	1,494
3	27	12	0	0	0	530.519912	292.404378	49.156173	88.377244	-1	###FLOW###
4	27	12	0	0	0	530.519912	292.404378	49.156173	10.857240	-1	###LINE###
5	27	12	0	0	0	530.52	292.40	22.26	10.86	100	Terry
5	27	12	0	0	1	555.17	292.40	24.51	10.86	100	David
4	27	12	0	1	0	538.799910	303.564383	40.796412	10.857240	-1	###LINE###
5	27	12	0	1	0	538.80	303.56	40.80	10.86	100	DUBREE
4	27	12	0	2	0	563.399923	316.884378	16.232924	10.857240	-1	###LINE###
5	27	12	0	2	0	563.40	316.88	16.23	10.86	100	125
4	27	12	0	3	0	563.399923	330.084377	16.232924	10.857240	-1	###LINE###
5	27	12	0	3	0	563.40	330.08	16.23	10.86	100	223
4	27	12	0	4	0	563.399923	343.284406	16.232924	10.857240	-1	###LINE###
5	27	12	0	4	0	563.40	343.28	16.23	10.86	100	146
4	27	12	0	5	0	563.399923	356.484391	16.232924	10.857240	-1	###LINE###
5	27	12	0	5	0	563.40	356.48	16.23	10.86	100	881
4	27	12	0	6	0	555.239915	369.924381	24.339653	10.857240	-1	###LINE###
5	27	12	0	6	0	555.24	369.92	24.34	10.86	100	1,375
3	27	13	0	0	0	316.559949	407.515301	158.811321	41.003991	-1	###FLOW###
4	27	13	0	0	0	336.599963	407.515301	118.754055	13.404001	-1	###LINE###
5	27	13	0	0	0	336.60	407.52	29.36	13.40	100	State
5	27	13	0	0	1	369.32	407.52	86.04	13.40	100	Representative
4	27	13	0	1	0	316.559949	421.315281	158.811321	13.404001	-1	###LINE###
5	27	13	0	1	0	316.56	421.32	24.69	13.40	100	24th
5	27	13	0	1	1	344.60	421.32	86.03	13.40	100	Representative
5	27	13	0	1	2	434.00	421.32	41.37	13.40	100	District
4	27	13	0	2	0	347.039954	435.115291	98.280875	13.404001	-1	###LINE###
5	27	13	0	2	0	347.04	435.12	64.81	13.40	100	Republican
5	27	13	0	2	1	415.16	435.12	30.16	13.40	100	Party
3	27	14	0	0	0	244.799973	484.524388	52.328795	50.697260	-1	###FLOW###
4	27	14	0	0	0	244.799973	484.524388	27.035409	10.857240	-1	###LINE###
5	27	14	0	0	0	244.80	484.52	27.04	10.86	100	Green
4	27	14	0	1	0	244.799973	497.724387	18.373957	10.857240	-1	###LINE###
5	27	14	0	1	0	244.80	497.72	18.37	10.86	100	Hart
4	27	14	0	2	0	244.799973	510.924386	24.884644	10.857240	-1	###LINE###
5	27	14	0	2	0	244.80	510.92	24.88	10.86	100	Larue
4	27	14	0	3	0	244.799973	524.364408	52.328795	10.857240	-1	###LINE###
5	27	14	0	3	0	244.80	524.36	23.10	10.86	100	Total
5	27	14	0	3	1	270.65	524.36	26.48	10.86	100	Votes
3	27	15	0	0	0	402.479946	459.924392	36.855950	75.297256	-1	###FLOW###
4	27	15	0	0	0	402.479946	459.924392	36.777109	10.857240	-1	###LINE###
5	27	15	0	0	0	402.48	459.92	36.78	10.86	100	Brandon
4	27	15	0	1	0	412.319951	471.084396	27.015945	10.857240	-1	###LINE###
5	27	15	0	1	0	412.32	471.08	27.02	10.86	100	REED
4	27	15	0	2	0	414.839947	484.524388	24.339653	10.857240	-1	###LINE###
5	27	15	0	2	0	414.84	484.52	24.34	10.86	100	2,079
4	27	15	0	3	0	422.999924	497.724387	16.232924	10.857240	-1	###LINE###
5	27	15	0	3	0	423.00	497.72	16.23	10.86	100	568
4	27	15	0	4	0	414.839947	510.924386	24.339653	10.857240	-1	###LINE###
5	27	15	0	4	0	414.84	510.92	24.34	10.86	100	1,122
4	27	15	0	5	0	414.839947	524.364408	24.339653	10.857240	-1	###LINE###
5	27	15	0	5	0	414.84	524.36	24.34	10.86	100	3,769
3	27	16	0	0	0	504.719927	459.924392	42.615549	75.297256	-1	###FLOW###
4	27	16	0	0	0	507.959931	459.924392	39.375545	10.857240	-1	###LINE###
5	27	16	0	0	0	507.96	459.92	39.38	10.86	100	Courtney
4	27	16	0	1	0	504.719927	471.084396	42.528703	10.857240	-1	###LINE###
5	27	16	0	1	0	504.72	471.08	42.53	10.86	100	GILBERT
4	27	16	0	2	0	530.999937	484.524388	16.232924	10.857240	-1	###LINE###
5	27	16	0	2	0	531.00	484.52	16.23	10.86	100	531
4	27	16	0	3	0	530.999937	497.724387	16.232924	10.857240	-1	###LINE###
5	27	16	0	3	0	531.00	497.72	16.23	10.86	100	625
4	27	16	0	4	0	530.999937	510.924386	16.232924	10.857240	-1	###LINE###
5	27	16	0	4	0	531.00	510.92	16.23	10.86	100	595
4	27	16	0	5	0	522.839930	524.364408	24.339653	10.857240	-1	###LINE###
5	27	16	0	5	0	522.84	524.36	24.34	10.86	100	1,751
3	27	17	0	0	0	607.919928	292.404378	65.312898	88.377244	-1	###FLOW###
4	27	17	0	0	0	607.919928	292.404378	65.223653	10.857240	-1	###LINE###
5	27	17	0	0	0	607.92	292.40	27.39	10.86	100	Daniel
5	27	17	0	0	1	637.97	292.40	35.17	10.86	100	Thomas
4	27	17	0	1	0	640.199922	303.564383	33.001105	10.857240	-1	###LINE###
5	27	17	0	1	0	640.20	303.56	33.00	10.86	100	GLASS
4	27	17	0	2	0	656.999902	316.884378	16.232924	10.857240	-1	###LINE###
5	27	17	0	2	0	657.00	316.88	16.23	10.86	100	218
4	27	17	0	3	0	656.999902	330.084377	16.232924	10.857240	-1	###LINE###
5	27	17	0	3	0	657.00	330.08	16.23	10.86	100	124
4	27	17	0	4	0	656.999902	343.284406	16.232924	10.857240	-1	###LINE###
5	27	17	0	4	0	657.00	343.28	16.23	10.86	100	576
4	27	17	0	5	0	656.999902	356.484391	16.232924	10.857240	-1	###LINE###
5	27	17	0	5	0	657.00	356.48	16.23	10.86	100	161
4	27	17	0	6	0	648.839894	369.924381	24.339653	10.857240	-1	###LINE###
5	27	17	0	6	0	648.84	369.92	24.34	10.86	100	1,079
1	28	0	0	0	0	0.000000	0.000000	792.000000	612.000000	-1	###PAGE###
3	28	0	0	0	0	35.999994	54.115290	161.658823	13.404001	-1	###FLOW###
4	28	0	0	0	0	35.999994	54.115290	161.658823	13.404001	-1	###LINE###
5	28	0	0	0	0	36.00	54.12	89.57	13.40	100	Commonwealth
5	28	0	0	0	1	128.96	54.12	11.33	13.40	100	of
5	28	0	0	0	2	143.60	54.12	54.05	13.40	100	Kentucky
3	28	1	0	0	0	289.919964	54.115290	211.964694	13.404001	-1	###FLOW###
4	28	1	0	0	0	289.919964	54.115290	211.964694	13.404001	-1	###LINE###
5	28	1	0	0	0	289.92	54.12	44.03	13.40	100	Michael
5	28	1	0	0	1	337.40	54.12	12.66	13.40	100	G.
5	28	1	0	0	2	353.48	54.12	43.01	13.40	100	Adams,
5	28	1	0	0	3	399.93	54.12	54.90	13.40	100	Secretary
5	28	1	0	0	4	457.89	54.12	11.33	13.40	100	of
5	28	1	0	0	5	472.52	54.12	29.36	13.40	100	State
3	28	2	0	0	0	316.559949	111.955306	158.811321	41.003991	-1	###FLOW###
4	28	2	0	0	0	336.599963	111.955306	118.754055	13.404001	-1	###LINE###
5	28	2	0	0	0	336.60	111.96	29.36	13.40	100	State
5	28	2	0	0	1	369.32	111.96	86.04	13.40	100	Representative
4	28	2	0	1	0	316.559949	125.755316	158.811321	13.404001	-1	###LINE###
5	28	2	0	1	0	316.56	125.76	24.69	13.40	100	24th
5	28	2	0	1	1	344.60	125.76	86.03	13.40	100	Representative
5	28	2	0	1	2	434.00	125.76	41.37	13.40	100	District
4	28	2	0	2	0	346.679950	139.555296	98.881614	13.404001	-1	###LINE###
5	28	2	0	2	0	346.68	139.56	65.41	13.40	100	Democratic
5	28	2	0	2	1	415.52	139.56	30.04	13.40	100	Party
3	28	2	1	0	0	404.279935	164.364412	34.966963	75.297225	-1	###FLOW###
4	28	2	1	0	0	416.999941	164.364412	22.159692	10.857240	-1	###LINE###
5	28	2	1	0	0	417.00	164.36	22.16	10.86	100	Keith
4	28	2	1	1	0	404.279935	175.524417	34.966963	10.857240	-1	###LINE###
5	28	2	1	1	0	404.28	175.52	34.97	10.86	100	PRUITT
4	28	2	1	2	0	422.999924	188.964408	16.232924	10.857240	-1	###LINE###
5	28	2	1	2	0	423.00	188.96	16.23	10.86	100	224
4	28	2	1	3	0	422.999924	202.164407	16.232924	10.857240	-1	###LINE###
5	28	2	1	3	0	423.00	202.16	16.23	10.86	100	541
4	28	2	1	4	0	422.999924	215.364406	16.232924	10.857240	-1	###LINE###
5	28	2	1	4	0	423.00	215.36	16.23	10.86	100	902
4	28	2	1	5	0	414.839947	228.804397	24.339653	10.857240	-1	###LINE###
5	28	2	1	5	0	414.84	228.80	24.34	10.86	100	1,667
3	28	3	0	0	0	244.799973	188.964408	52.328795	50.697229	-1	###FLOW###
4	28	3	0	0	0	244.799973	188.964408	27.035409	10.857240	-1	###LINE###
5	28	3	0	0	0	244.80	188.96	27.04	10.86	100	Green
4	28	3	0	1	0	244.799973	202.164407	18.373957	10.857240	-1	###LINE###
5	28	3	0	1	0	244.80	202.16	18.37	10.86	100	Hart
4	28	3	0	2	0	244.799973	215.364406	24.884644	10.857240	-1	###LINE###
5	28	3	0	2	0	244.80	215.36	24.88	10.86	100	Larue
4	28	3	0	3	0	244.799973	228.804397	52.328795	10.857240	-1	###LINE###
5	28	3	0	3	0	244.80	228.80	23.10	10.86	100	Total
5	28	3	0	3	1	270.65	228.80	26.48	10.86	100	Votes
3	28	4	0	0	0	482.639942	164.364412	64.688395	75.297225	-1	###FLOW###
4	28	4	0	0	0	511.319927	164.364412	35.813644	10.857240	-1	###LINE###
5	28	4	0	0	0	511.32	164.36	20.77	10.86	100	John
5	28	4	0	0	1	534.65	164.36	12.49	10.86	100	W.
4	28	4	0	1	0	482.639942	175.524417	64.688395	10.857240	-1	###LINE###
5	28	4	0	1	0	482.64	175.52	64.69	10.86	100	PENNINGTON
4	28	4	0	2	0	536.399904	188.964408	10.821949	10.857240	-1	###LINE###
5	28	4	0	2	0	536.40	188.96	10.82	10.86	100	88
4	28	4	0	3	0	530.999937	202.164407	16.232924	10.857240	-1	###LINE###
5	28	4	0	3	0	531.00	202.16	16.23	10.86	100	360
4	28	4	0	4	0	530.999937	215.364406	16.232924	10.857240	-1	###LINE###
5	28	4	0	4	0	531.00	215.36	16.23	10.86	100	266
4	28	4	0	5	0	530.999937	228.804397	16.232924	10.857240	-1	###LINE###
5	28	4	0	5	0	531.00	228.80	16.23	10.86	100	714
3	28	5	0	0	0	316.559949	266.275275	158.811321	41.003991	-1	###FLOW###
4	28	5	0	0	0	336.599963	266.275275	118.754055	13.404001	-1	###LINE###
5	28	5	0	0	0	336.60	266.28	29.36	13.40	100	State
5	28	5	0	0	1	369.32	266.28	86.04	13.40	100	Representative
4	28	5	0	1	0	316.559949	280.075284	158.811321	13.404001	-1	###LINE###
5	28	5	0	1	0	316.56	280.08	24.69	13.40	100	25th
5	28	5	0	1	1	344.60	280.08	86.03	13.40	100	Representative
5	28	5	0	1	2	434.00	280.08	41.37	13.40	100	District
4	28	5	0	2	0	347.039954	293.875265	98.280875	13.404001	-1	###LINE###
5	28	5	0	2	0	347.04	293.88	64.81	13.40	100	Republican
5	28	5	0	2	1	415.16	293.88	30.16	13.40	100	Party
3	28	5	1	0	0	385.439954	318.684381	53.885910	48.897242	-1	###FLOW###
4	28	5	1	0	0	414.239931	318.684381	24.962499	10.857240	-1	###LINE###
5	28	5	1	0	0	414.24	318.68	24.96	10.86	100	Steve
4	28	5	1	1	0	385.439954	329.844385	53.885910	10.857240	-1	###LINE###
5	28	5	1	1	0	385.44	329.84	53.89	10.86	100	BRATCHER
4	28	5	1	2	0	414.839947	343.284406	24.339653	10.857240	-1	###LINE###
5	28	5	1	2	0	414.84	343.28	24.34	10.86	100	1,593
4	28	5	1	3	0	414.839947	356.724382	24.339653	10.857240	-1	###LINE###
5	28	5	1	3	0	414.84	356.72	24.34	10.86	100	1,593
3	28	6	0	0	0	244.799973	343.284406	52.328795	24.297216	-1	###FLOW###
4	28	6	0	0	0	244.799973	343.284406	28.563328	10.857240	-1	###LINE###
5	28	6	0	0	0	244.80	343.28	28.56	10.86	100	Hardin
4	28	6	0	1	0	244.799973	356.724382	52.328795	10.857240	-1	###LINE###
5	28	6	0	1	0	244.80	356.72	23.10	10.86	100	Total
5	28	6	0	1	1	270.65	356.72	26.48	10.86	100	Votes
3	28	7	0	0	0	501.599944	318.684381	45.652664	48.897242	-1	###FLOW###
4	28	7	0	0	0	534.239942	318.684381	12.962982	10.857240	-1	###LINE###
5	28	7	0	0	0	534.24	318.68	12.96	10.86	100	Bill
4	28	7	0	1	0	501.599944	329.844385	45.652664	10.857240	-1	###LINE###
5	28	7	0	1	0	501.60	329.84	45.65	10.86	100	BENNETT
4	28	7	0	2	0	530.999937	343.284406	16.232924	10.857240	-1	###LINE###
5	28	7	0	2	0	531.00	343.28	16.23	10.86	100	765
4	28	7	0	3	0	530.999937	356.724382	16.232924	10.857240	-1	###LINE###
5	28	7	0	3	0	531.00	356.72	16.23	10.86	100	765
3	28	8	0	0	0	316.559949	394.315271	158.811321	41.004022	-1	###FLOW###
4	28	8	0	0	0	336.599963	394.315271	118.754055	13.404001	-1	###LINE###
5	28	8	0	0	0	336.60	394.32	29.36	13.40	100	State
5	28	8	0	0	1	369.32	394.32	86.04	13.40	100	Representative
4	28	8	0	1	0	316.559949	408.115282	158.811321	13.404001	-1	###LINE###
5	28	8	0	1	0	316.56	408.12	24.69	13.40	100	26th
5	28	8	0	1	1	344.60	408.12	86.03	13.40	100	Representative
5	28	8	0	1	2	434.00	408.12	41.37	13.40	100	District
4	28	8	0	2	0	347.039954	421.915292	98.280875	13.404001	-1	###LINE###
5	28	8	0	2	0	347.04	421.92	64.81	13.40	100	Republican
5	28	8	0	2	1	415.16	421.92	30.16	13.40	100	Party
3	28	9	0	0	0	298.799948	471.324388	52.328795	37.497261	-1	###FLOW###
4	28	9	0	0	0	298.799948	471.324388	23.765467	10.857240	-1	###LINE###
5	28	9	0	0	0	298.80	471.32	23.77	10.86	100	Bullitt
4	28	9	0	1	0	298.799948	484.524388	28.563328	10.857240	-1	###LINE###
5	28	9	0	1	0	298.80	484.52	28.56	10.86	100	Hardin
4	28	9	0	2	0	298.799948	497.964409	52.328795	10.857240	-1	###LINE###
5	28	9	0	2	0	298.80	497.96	23.10	10.86	100	Total
5	28	9	0	2	1	324.65	497.96	26.48	10.86	100	Votes
3	28	10	0	0	0	450.119934	446.724393	43.219672	62.097256	-1	###FLOW###
4	28	10	0	0	0	461.279933	446.724393	31.901393	10.857240	-1	###LINE###
5	28	10	0	0	0	461.28	446.72	31.90	10.86	100	Russell
4	28	10	0	1	0	450.119934	457.884397	43.219672	10.857240	-1	###LINE###
5	28	10	0	1	0	450.12	457.88	43.22	10.86	100	WEBBER
4	28	10	0	2	0	468.839924	471.324388	24.339653	10.857240	-1	###LINE###
5	28	10	0	2	0	468.84	471.32	24.34	10.86	100	1,913
4	28	10	0	3	0	482.399928	484.524388	10.821949	10.857240	-1	###LINE###
5	28	10	0	3	0	482.40	484.52	10.82	10.86	100	87
4	28	10	0	4	0	468.839924	497.964409	24.339653	10.857240	-1	###LINE###
5	28	10	0	4	0	468.84	497.96	24.34	10.86	100	2,000
3	28	11	0	0	0	584.279905	54.115290	171.619073	13.404001	-1	###FLOW###
4	28	11	0	0	0	584.279905	54.115290	171.619073	13.404001	-1	###LINE###
5	28	11	0	0	0	584.28	54.12	26.72	13.40	100	2022
5	28	11	0	0	1	614.49	54.12	44.86	13.40	100	Primary
5	28	11	0	0	2	662.36	54.12	46.82	13.40	100	Election
5	28	11	0	0	3	712.53	54.12	43.37	13.40	100	Results
1	29	0	0	0	0	0.000000	0.000000	792.000000	612.000000	-1	###PAGE###
3	29	0	0	0	0	35.999994	54.115290	161.658823	13.404001	-1	###FLOW###
4	29	0	0	0	0	35.999994	54.115290	161.658823	13.404001	-1	###LINE###
5	29	0	0	0	0	36.00	54.12	89.57	13.40	100	Commonwealth
5	29	0	0	0	1	128.96	54.12	11.33	13.40	100	of
5	29	0	0	0	2	143.60	54.12	54.05	13.40	100	Kentucky
3	29	1	0	0	0	289.919964	54.115290	211.964694	13.404001	-1	###FLOW###
4	29	1	0	0	0	289.919964	54.115290	211.964694	13.404001	-1	###LINE###
5	29	1	0	0	0	289.92	54.12	44.03	13.40	100	Michael
5	29	1	0	0	1	337.40	54.12	12.66	13.40	100	G.
5	29	1	0	0	2	353.48	54.12	43.01	13.40	100	Adams,
5	29	1	0	0	3	399.93	54.12	54.90	13.40	100	Secretary
5	29	1	0	0	4	457.89	54.12	11.33	13.40	100	of
5	29	1	0	0	5	472.52	54.12	29.36	13.40	100	State
3	29	2	0	0	0	584.279905	54.115290	171.619073	13.404001	-1	###FLOW###
4	29	2	0	0	0	584.279905	54.115290	171.619073	13.404001	-1	###LINE###
5	29	2	0	0	0	584.28	54.12	26.72	13.40	100	2022
5	29	2	0	0	1	614.49	54.12	44.86	13.40	100	Primary
5	29	2	0	0	2	662.36	54.12	46.82	13.40	100	Election
5	29	2	0	0	3	712.53	54.12	43.37	13.40	100	Results
3	29	3	0	0	0	316.559949	111.955306	158.811321	41.003991	-1	###FLOW###
4	29	3	0	0	0	336.599963	111.955306	118.754055	13.404001	-1	###LINE###
5	29	3	0	0	0	336.60	111.96	29.36	13.40	100	State
5	29	3	0	0	1	369.32	111.96	86.04	13.40	100	Representative
4	29	3	0	1	0	316.559949	125.755316	158.811321	13.404001	-1	###LINE###
5	29	3	0	1	0	316.56	125.76	24.69	13.40	100	28th
5	29	3	0	1	1	344.60	125.76	86.03	13.40	100	Representative
5	29	3	0	1	2	434.00	125.76	41.37	13.40	100	District
4	29	3	0	2	0	346.679950	139.555296	98.881614	13.404001	-1	###LINE###
5	29	3	0	2	0	346.68	139.56	65.41	13.40	100	Democratic
5	29	3	0	2	1	415.52	139.56	30.04	13.40	100	Party
3	29	3	1	0	0	390.959943	164.364412	48.306686	48.897227	-1	###FLOW###
4	29	3	1	0	0	390.959943	164.364412	48.173244	10.857240	-1	###LINE###
5	29	3	1	0	0	390.96	164.36	33.07	10.86	100	Charles
5	29	3	1	0	1	426.65	164.36	12.49	10.86	100	W.
4	29	3	1	1	0	403.199953	175.524417	36.066675	10.857240	-1	###LINE###
5	29	3	1	1	0	403.20	175.52	36.07	10.86	100	MILLER
4	29	3	1	2	0	414.839947	188.964408	24.339653	10.857240	-1	###LINE###
5	29	3	1	2	0	414.84	188.96	24.34	10.86	100	2,221
4	29	3	1	3	0	414.839947	202.404399	24.339653	10.857240	-1	###LINE###
5	29	3	1	3	0	414.84	202.40	24.34	10.86	100	2,221
3	29	4	0	0	0	244.799973	188.964408	52.328795	24.297231	-1	###FLOW###
4	29	4	0	0	0	244.799973	188.964408	40.212494	10.857240	-1	###LINE###
5	29	4	0	0	0	244.80	188.96	40.21	10.86	100	Jefferson
4	29	4	0	1	0	244.799973	202.404399	52.328795	10.857240	-1	###LINE###
5	29	4	0	1	0	244.80	202.40	23.10	10.86	100	Total
5	29	4	0	1	1	270.65	202.40	26.48	10.86	100	Votes
3	29	5	0	0	0	513.239907	164.364412	34.091086	48.897227	-1	###FLOW###
4	29	5	0	0	0	514.319889	164.364412	32.971909	10.857240	-1	###LINE###
5	29	5	0	0	0	514.32	164.36	32.97	10.86	100	Almaria
4	29	5	0	1	0	513.239907	175.524417	34.091086	10.857240	-1	###LINE###
5	29	5	0	1	0	513.24	175.52	34.09	10.86	100	BAKER
4	29	5	0	2	0	522.839930	188.964408	24.339653	10.857240	-1	###LINE###
5	29	5	0	2	0	522.84	188.96	24.34	10.86	100	1,167
4	29	5	0	3	0	522.839930	202.404399	24.339653	10.857240	-1	###LINE###
5	29	5	0	3	0	522.84	202.40	24.34	10.86	100	1,167
3	29	6	0	0	0	316.559949	239.995303	158.811321	41.003960	-1	###FLOW###
4	29	6	0	0	0	336.599963	239.995303	118.754055	13.404001	-1	###LINE###
5	29	6	0	0	0	336.60	240.00	29.36	13.40	100	State
5	29	6	0	0	1	369.32	240.00	86.04	13.40	100	Representative
4	29	6	0	1	0	316.559949	253.795313	158.811321	13.404001	-1	###LINE###
5	29	6	0	1	0	316.56	253.80	24.69	13.40	100	30th
5	29	6	0	1	1	344.60	253.80	86.03	13.40	100	Representative
5	29	6	0	1	2	434.00	253.80	41.37	13.40	100	District
4	29	6	0	2	0	346.679950	267.595262	98.881614	13.404001	-1	###LINE###
5	29	6	0	2	0	346.68	267.60	65.41	13.40	100	Democratic
5	29	6	0	2	1	415.52	267.60	30.04	13.40	100	Party
3	29	6	1	0	0	322.199959	292.404378	63.063156	48.897258	-1	###FLOW###
4	29	6	1	0	0	357.719957	292.404378	27.483079	10.857240	-1	###LINE###
5	29	6	1	0	0	357.72	292.40	27.48	10.86	100	Daniel
4	29	6	1	1	0	322.199959	303.564383	63.063156	10.857240	-1	###LINE###
5	29	6	1	1	0	322.20	303.56	63.06	10.86	100	GROSSBERG
4	29	6	1	2	0	360.839941	317.004405	24.339653	10.857240	-1	###LINE###
5	29	6	1	2	0	360.84	317.00	24.34	10.86	100	1,840
4	29	6	1	3	0	360.839941	330.444396	24.339653	10.857240	-1	###LINE###
5	29	6	1	3	0	360.84	330.44	24.34	10.86	100	1,840
3	29	7	0	0	0	190.799966	317.004405	52.328795	24.297231	-1	###FLOW###
4	29	7	0	0	0	190.799966	317.004405	40.212494	10.857240	-1	###LINE###
5	29	7	0	0	0	190.80	317.00	40.21	10.86	100	Jefferson
4	29	7	0	1	0	190.799966	330.444396	52.328795	10.857240	-1	###LINE###
5	29	7	0	1	0	190.80	330.44	23.10	10.86	100	Total
5	29	7	0	1	1	216.65	330.44	26.48	10.86	100	Votes
3	29	8	0	0	0	458.399933	292.404378	34.862622	48.897258	-1	###FLOW###
4	29	8	0	0	0	474.839938	292.404378	18.422616	10.857240	-1	###LINE###
5	29	8	0	0	0	474.84	292.40	18.42	10.86	100	Tom
4	29	8	0	1	0	458.399933	303.564383	34.859911	10.857240	-1	###LINE###
5	29	8	0	1	0	458.40	303.56	34.86	10.86	100	BURCH
4	29	8	0	2	0	468.839924	317.004405	24.339653	10.857240	-1	###LINE###
5	29	8	0	2	0	468.84	317.00	24.34	10.86	100	1,719
4	29	8	0	3	0	468.839924	330.444396	24.339653	10.857240	-1	###LINE###
5	29	8	0	3	0	468.84	330.44	24.34	10.86	100	1,719
3	29	9	0	0	0	316.799961	368.035270	158.210582	41.004021	-1	###FLOW###
4	29	9	0	0	0	336.599963	368.035270	118.754055	13.404001	-1	###LINE###
5	29	9	0	0	0	336.60	368.04	29.36	13.40	100	State
5	29	9	0	0	1	369.32	368.04	86.04	13.40	100	Representative
4	29	9	0	1	0	316.799961	381.835280	158.210582	13.404001	-1	###LINE###
5	29	9	0	1	0	316.80	381.84	24.04	13.40	100	31st
5	29	9	0	1	1	344.24	381.84	86.04	13.40	100	Representative
5	29	9	0	1	2	433.64	381.84	41.37	13.40	100	District
4	29	9	0	2	0	347.039954	395.635289	98.280875	13.404001	-1	###LINE###
5	29	9	0	2	0	347.04	395.64	64.81	13.40	100	Republican
5	29	9	0	2	1	415.16	395.64	30.16	13.40	100	Party
3	29	10	0	0	0	244.799973	445.044386	52.328795	24.297262	-1	###FLOW###
4	29	10	0	0	0	244.799973	445.044386	40.212494	10.857240	-1	###LINE###
5	29	10	0	0	0	244.80	445.04	40.21	10.86	100	Jefferson
4	29	10	0	1	0	244.799973	458.484408	52.328795	10.857240	-1	###LINE###
5	29	10	0	1	0	244.80	458.48	23.10	10.86	100	Total
5	29	10	0	1	1	270.65	458.48	26.48	10.86	100	Votes
3	29	11	0	0	0	387.959951	420.444390	51.303707	48.897258	-1	###FLOW###
4	29	11	0	0	0	387.959951	420.444390	51.248546	10.857240	-1	###LINE###
5	29	11	0	0	0	387.96	420.44	27.45	10.86	100	Susan
5	29	11	0	0	1	417.90	420.44	21.31	10.86	100	Tyler
4	29	11	0	1	0	401.999950	431.604395	37.263708	10.857240	-1	###LINE###
5	29	11	0	1	0	402.00	431.60	37.26	10.86	100	WITTEN
4	29	11	0	2	0	414.839947	445.044386	24.339653	10.857240	-1	###LINE###
5	29	11	0	2	0	414.84	445.04	24.34	10.86	100	2,769
4	29	11	0	3	0	414.839947	458.484408	24.339653	10.857240	-1	###LINE###
5	29	11	0	3	0	414.84	458.48	24.34	10.86	100	2,769
3	29	12	0	0	0	472.439932	420.444390	74.829106	48.897258	-1	###FLOW###
4	29	12	0	0	0	528.839914	420.444390	18.364225	10.857240	-1	###LINE###
5	29	12	0	0	0	528.84	420.44	18.36	10.86	100	Flint
4	29	12	0	1	0	472.439932	431.604395	74.829106	10.857240	-1	###LINE###
5	29	12	0	1	0	472.44	431.60	74.83	10.86	100	BRECKINRIDGE
4	29	12	0	2	0	530.999937	445.044386	16.232924	10.857240	-1	###LINE###
5	29	12	0	2	0	531.00	445.04	16.23	10.86	100	862
4	29	12	0	3	0	530.999937	458.484408	16.232924	10.857240	-1	###LINE###
5	29	12	0	3	0	531.00	458.48	16.23	10.86	100	862
3	29	13	0	0	0	565.199912	292.404378	36.066675	48.897258	-1	###FLOW###
4	29	13	0	0	0	581.279883	292.404378	19.911608	10.857240	-1	###LINE###
5	29	13	0	0	0	581.28	292.40	19.91	10.86	100	Neal
4	29	13	0	1	0	565.199912	303.564383	36.066675	10.857240	-1	###LINE###
5	29	13	0	1	0	565.20	303.56	36.07	10.86	100	TURPIN
4	29	13	0	2	0	584.999913	317.004405	16.232924	10.857240	-1	###LINE###
5	29	13	0	2	0	585.00	317.00	16.23	10.86	100	536
4	29	13	0	3	0	584.999913	330.444396	16.232924	10.857240	-1	###LINE###
5	29	13	0	3	0	585.00	330.44	16.23	10.86	100	536
1	30	0	0	0	0	0.000000	0.000000	792.000000	612.000000	-1	###PAGE###
3	30	0	0	0	0	35.999994	54.115290	161.658823	13.404001	-1	###FLOW###
4	30	0	0	0	0	35.999994	54.115290	161.658823	13.404001	-1	###LINE###
5	30	0	0	0	0	36.00	54.12	89.57	13.40	100	Commonwealth
5	30	0	0	0	1	128.96	54.12	11.33	13.40	100	of
5	30	0	0	0	2	143.60	54.12	54.05	13.40	100	Kentucky
3	30	1	0	0	0	289.919964	54.115290	211.964694	13.404001	-1	###FLOW###
4	30	1	0	0	0	289.919964	54.115290	211.964694	13.404001	-1	###LINE###
5	30	1	0	0	0	289.92	54.12	44.03	13.40	100	Michael
5	30	1	0	0	1	337.40	54.12	12.66	13.40	100	G.
5	30	1	0	0	2	353.48	54.12	43.01	13.40	100	Adams,
5	30	1	0	0	3	399.93	54.12	54.90	13.40	100	Secretary
5	30	1	0	0	4	457.89	54.12	11.33	13.40	100	of
5	30	1	0	0	5	472.52	54.12	29.36	13.40	100	State
3	30	2	0	0	0	584.279905	54.115290	171.619073	13.404001	-1	###FLOW###
4	30	2	0	0	0	584.279905	54.115290	171.619073	13.404001	-1	###LINE###
5	30	2	0	0	0	584.28	54.12	26.72	13.40	100	2022
5	30	2	0	0	1	614.49	54.12	44.86	13.40	100	Primary
5	30	2	0	0	2	662.36	54.12	46.82	13.40	100	Election
5	30	2	0	0	3	712.53	54.12	43.37	13.40	100	Results
3	30	3	0	0	0	316.799961	111.955306	158.210582	41.003991	-1	###FLOW###
4	30	3	0	0	0	336.599963	111.955306	118.754055	13.404001	-1	###LINE###
5	30	3	0	0	0	336.60	111.96	29.36	13.40	100	State
5	30	3	0	0	1	369.32	111.96	86.04	13.40	100	Representative
4	30	3	0	1	0	316.799961	125.755316	158.210582	13.404001	-1	###LINE###
5	30	3	0	1	0	316.80	125.76	24.04	13.40	100	31st
5	30	3	0	1	1	344.24	125.76	86.04	13.40	100	Representative
5	30	3	0	1	2	433.64	125.76	41.37	13.40	100	District
4	30	3	0	2	0	346.679950	139.555296	98.881614	13.404001	-1	###LINE###
5	30	3	0	2	0	346.68	139.56	65.41	13.40	100	Democratic
5	30	3	0	2	1	415.52	139.56	30.04	13.40	100	Party
3	30	3	1	0	0	399.959949	164.364412	39.307421	48.897227	-1	###FLOW###
4	30	3	1	0	0	421.919943	164.364412	17.303440	10.857240	-1	###LINE###
5	30	3	1	0	0	421.92	164.36	17.30	10.86	100	Sue
4	30	3	1	1	0	399.959949	175.524417	39.307421	10.857240	-1	###LINE###
5	30	3	1	1	0	399.96	175.52	39.31	10.86	100	FOSTER
4	30	3	1	2	0	414.839947	188.964408	24.339653	10.857240	-1	###LINE###
5	30	3	1	2	0	414.84	188.96	24.34	10.86	100	2,767
4	30	3	1	3	0	414.839947	202.404399	24.339653	10.857240	-1	###LINE###
5	30	3	1	3	0	414.84	202.40	24.34	10.86	100	2,767
3	30	4	0	0	0	244.799973	188.964408	52.328795	24.297231	-1	###FLOW###
4	30	4	0	0	0	244.799973	188.964408	40.212494	10.857240	-1	###LINE###
5	30	4	0	0	0	244.80	188.96	40.21	10.86	100	Jefferson
4	30	4	0	1	0	244.799973	202.404399	52.328795	10.857240	-1	###LINE###
5	30	4	0	1	0	244.80	202.40	23.10	10.86	100	Total
5	30	4	0	1	1	270.65	202.40	26.48	10.86	100	Votes
3	30	5	0	0	0	499.799923	164.364412	47.521202	48.897227	-1	###FLOW###
4	30	5	0	0	0	521.279923	164.364412	25.857840	10.857240	-1	###LINE###
5	30	5	0	0	0	521.28	164.36	25.86	10.86	100	Derek
4	30	5	0	1	0	499.799923	175.524417	47.521202	10.857240	-1	###LINE###
5	30	5	0	1	0	499.80	175.52	47.52	10.86	100	PENWELL
4	30	5	0	2	0	522.839930	188.964408	24.339653	10.857240	-1	###LINE###
5	30	5	0	2	0	522.84	188.96	24.34	10.86	100	1,593
4	30	5	0	3	0	522.839930	202.404399	24.339653	10.857240	-1	###LINE###
5	30	5	0	3	0	522.84	202.40	24.34	10.86	100	1,593
3	30	6	0	0	0	316.559949	239.995303	158.811321	41.003960	-1	###FLOW###
4	30	6	0	0	0	336.599963	239.995303	118.754055	13.404001	-1	###LINE###
5	30	6	0	0	0	336.60	240.00	29.36	13.40	100	State
5	30	6	0	0	1	369.32	240.00	86.04	13.40	100	Representative
4	30	6	0	1	0	316.559949	253.795313	158.811321	13.404001	-1	###LINE###
5	30	6	0	1	0	316.56	253.80	24.69	13.40	100	34th
5	30	6	0	1	1	344.60	253.80	86.03	13.40	100	Representative
5	30	6	0	1	2	434.00	253.80	41.37	13.40	100	District
4	30	6	0	2	0	346.679950	267.595262	98.881614	13.404001	-1	###LINE###
5	30	6	0	2	0	346.68	267.60	65.41	13.40	100	Democratic
5	30	6	0	2	1	415.52	267.60	30.04	13.40	100	Party
3	30	6	1	0	0	393.959935	292.404378	45.302314	48.897258	-1	###FLOW###
4	30	6	1	0	0	413.279940	292.404378	25.955160	10.857240	-1	###LINE###
5	30	6	1	0	0	413.28	292.40	25.96	10.86	100	Sarah
4	30	6	1	1	0	393.959935	303.564383	45.302314	10.857240	-1	###LINE###
5	30	6	1	1	0	393.96	303.56	45.30	10.86	100	STALKER
4	30	6	1	2	0	414.839947	317.004405	24.339653	10.857240	-1	###LINE###
5	30	6	1	2	0	414.84	317.00	24.34	10.86	100	4,958
4	30	6	1	3	0	414.839947	330.444396	24.339653	10.857240	-1	###LINE###
5	30	6	1	3	0	414.84	330.44	24.34	10.86	100	4,958
3	30	7	0	0	0	244.799973	317.004405	52.328795	24.297231	-1	###FLOW###
4	30	7	0	0	0	244.799973	317.004405	40.212494	10.857240	-1	###LINE###
5	30	7	0	0	0	244.80	317.00	40.21	10.86	100	Jefferson
4	30	7	0	1	0	244.799973	330.444396	52.328795	10.857240	-1	###LINE###
5	30	7	0	1	0	244.80	330.44	23.10	10.86	100	Total
5	30	7	0	1	1	270.65	330.44	26.48	10.86	100	Votes
3	30	8	0	0	0	507.119933	292.404378	40.076963	48.897258	-1	###FLOW###
4	30	8	0	0	0	507.119933	292.404378	40.027587	10.857240	-1	###LINE###
5	30	8	0	0	0	507.12	292.40	40.03	10.86	100	Jonathan
4	30	8	0	1	0	518.039918	303.564383	29.156978	10.857240	-1	###LINE###
5	30	8	0	1	0	518.04	303.56	29.16	10.86	100	LOWE
4	30	8	0	2	0	522.839930	317.004405	24.339653	10.857240	-1	###LINE###
5	30	8	0	2	0	522.84	317.00	24.34	10.86	100	3,132
4	30	8	0	3	0	522.839930	330.444396	24.339653	10.857240	-1	###LINE###
5	30	8	0	3	0	522.84	330.44	24.34	10.86	100	3,132
3	30	9	0	0	0	316.559949	368.035270	158.811321	41.004021	-1	###FLOW###
4	30	9	0	0	0	336.599963	368.035270	118.754055	13.404001	-1	###LINE###
5	30	9	0	0	0	336.60	368.04	29.36	13.40	100	State
5	30	9	0	0	1	369.32	368.04	86.04	13.40	100	Representative
4	30	9	0	1	0	316.559949	381.835280	158.811321	13.404001	-1	###LINE###
5	30	9	0	1	0	316.56	381.84	24.69	13.40	100	36th
5	30	9	0	1	1	344.60	381.84	86.03	13.40	100	Representative
5	30	9	0	1	2	434.00	381.84	41.37	13.40	100	District
4	30	9	0	2	0	347.039954	395.635289	98.280875	13.404001	-1	###LINE###
5	30	9	0	2	0	347.04	395.64	64.81	13.40	100	Republican
5	30	9	0	2	1	415.16	395.64	30.16	13.40	100	Party
3	30	10	0	0	0	190.799966	445.044386	52.328795	24.297262	-1	###FLOW###
4	30	10	0	0	0	190.799966	445.044386	40.212494	10.857240	-1	###LINE###
5	30	10	0	0	0	190.80	445.04	40.21	10.86	100	Jefferson
4	30	10	0	1	0	190.799966	458.484408	52.328795	10.857240	-1	###LINE###
5	30	10	0	1	0	190.80	458.48	23.10	10.86	100	Total
5	30	10	0	1	1	216.65	458.48	26.48	10.86	100	Votes
3	30	11	0	0	0	335.159947	420.444390	50.109906	48.897258	-1	###FLOW###
4	30	11	0	0	0	353.759946	420.444390	31.366135	10.857240	-1	###LINE###
5	30	11	0	0	0	353.76	420.44	20.52	10.86	100	John
5	30	11	0	0	1	376.68	420.44	8.45	10.86	100	F.
4	30	11	0	1	0	335.159947	431.604395	50.109906	10.857240	-1	###LINE###
5	30	11	0	1	0	335.16	431.60	50.11	10.86	100	HODGSON
4	30	11	0	2	0	360.839941	445.044386	24.339653	10.857240	-1	###LINE###
5	30	11	0	2	0	360.84	445.04	24.34	10.86	100	2,015
4	30	11	0	3	0	360.839941	458.484408	24.339653	10.857240	-1	###LINE###
5	30	11	0	3	0	360.84	458.48	24.34	10.86	100	2,015
3	30	12	0	0	0	449.519947	420.444390	43.754931	48.897258	-1	###FLOW###
4	30	12	0	0	0	468.359929	420.444390	24.874912	10.857240	-1	###LINE###
5	30	12	0	0	0	468.36	420.44	24.87	10.86	100	David
4	30	12	0	1	0	449.519947	431.604395	43.754931	10.857240	-1	###LINE###
5	30	12	0	1	0	449.52	431.60	43.75	10.86	100	HOWSER
4	30	12	0	2	0	468.839924	445.044386	24.339653	10.857240	-1	###LINE###
5	30	12	0	2	0	468.84	445.04	24.34	10.86	100	1,466
4	30	12	0	3	0	468.839924	458.484408	24.339653	10.857240	-1	###LINE###
5	30	12	0	3	0	468.84	458.48	24.34	10.86	100	1,466
3	30	13	0	0	0	544.079886	420.444390	57.243439	48.897258	-1	###FLOW###
4	30	13	0	0	0	567.719909	420.444390	33.526632	10.857240	-1	###LINE###
5	30	13	0	0	0	567.72	420.44	33.53	10.86	100	Richard
4	30	13	0	1	0	544.079886	431.604395	57.243439	10.857240	-1	###LINE###
5	30	13	0	1	0	544.08	431.60	57.24	10.86	100	CRAWFORD
4	30	13	0	2	0	584.999913	445.044386	16.232924	10.857240	-1	###LINE###
5	30	13	0	2	0	585.00	445.04	16.23	10.86	100	722
4	30	13	0	3	0	584.999913	458.484408	16.232924	10.857240	-1	###LINE###
5	30	13	0	3	0	585.00	458.48	16.23	10.86	100	722
1	31	0	0	0	0	0.000000	0.000000	792.000000	612.000000	-1	###PAGE###
3	31	0	0	0	0	35.999994	54.115290	161.658823	13.404001	-1	###FLOW###
4	31	0	0	0	0	35.999994	54.115290	161.658823	13.404001	-1	###LINE###
5	31	0	0	0	0	36.00	54.12	89.57	13.40	100	Commonwealth
5	31	0	0	0	1	128.96	54.12	11.33	13.40	100	of
5	31	0	0	0	2	143.60	54.12	54.05	13.40	100	Kentucky
3	31	1	0	0	0	289.919964	54.115290	211.964694	13.404001	-1	###FLOW###
4	31	1	0	0	0	289.919964	54.115290	211.964694	13.404001	-1	###LINE###
5	31	1	0	0	0	289.92	54.12	44.03	13.40	100	Michael
5	31	1	0	0	1	337.40	54.12	12.66	13.40	100	G.
5	31	1	0	0	2	353.48	54.12	43.01	13.40	100	Adams,
5	31	1	0	0	3	399.93	54.12	54.90	13.40	100	Secretary
5	31	1	0	0	4	457.89	54.12	11.33	13.40	100	of
5	31	1	0	0	5	472.52	54.12	29.36	13.40	100	State
3	31	2	0	0	0	584.279905	54.115290	171.619073	13.404001	-1	###FLOW###
4	31	2	0	0	0	584.279905	54.115290	171.619073	13.404001	-1	###LINE###
5	31	2	0	0	0	584.28	54.12	26.72	13.40	100	2022
5	31	2	0	0	1	614.49	54.12	44.86	13.40	100	Primary
5	31	2	0	0	2	662.36	54.12	46.82	13.40	100	Election
5	31	2	0	0	3	712.53	54.12	43.37	13.40	100	Results
3	31	3	0	0	0	316.559949	111.955306	158.811321	41.003991	-1	###FLOW###
4	31	3	0	0	0	336.599963	111.955306	118.754055	13.404001	-1	###LINE###
5	31	3	0	0	0	336.60	111.96	29.36	13.40	100	State
5	31	3	0	0	1	369.32	111.96	86.04	13.40	100	Representative
4	31	3	0	1	0	316.559949	125.755316	158.811321	13.404001	-1	###LINE###
5	31	3	0	1	0	316.56	125.76	24.69	13.40	100	37th
5	31	3	0	1	1	344.60	125.76	86.03	13.40	100	Representative
5	31	3	0	1	2	434.00	125.76	41.37	13.40	100	District
4	31	3	0	2	0	347.039954	139.555296	98.280875	13.404001	-1	###LINE###
5	31	3	0	2	0	347.04	139.56	64.81	13.40	100	Republican
5	31	3	0	2	1	415.16	139.56	30.16	13.40	100	Party
3	31	4	0	0	0	244.799973	188.964408	52.328795	37.497230	-1	###FLOW###
4	31	4	0	0	0	244.799973	188.964408	23.765467	10.857240	-1	###LINE###
5	31	4	0	0	0	244.80	188.96	23.77	10.86	100	Bullitt
4	31	4	0	1	0	244.799973	202.164407	40.212494	10.857240	-1	###LINE###
5	31	4	0	1	0	244.80	202.16	40.21	10.86	100	Jefferson
4	31	4	0	2	0	244.799973	215.604398	52.328795	10.857240	-1	###LINE###
5	31	4	0	2	0	244.80	215.60	23.10	10.86	100	Total
5	31	4	0	2	1	270.65	215.60	26.48	10.86	100	Votes
3	31	5	0	0	0	385.079950	164.364412	54.375197	62.097226	-1	###FLOW###
4	31	5	0	0	0	415.679947	164.364412	23.775199	10.857240	-1	###LINE###
5	31	5	0	0	0	415.68	164.36	23.78	10.86	100	Emily
4	31	5	0	1	0	385.079950	175.524417	54.236261	10.857240	-1	###LINE###
5	31	5	0	1	0	385.08	175.52	54.24	10.86	100	CALLAWAY
4	31	5	0	2	0	422.999924	188.964408	16.232924	10.857240	-1	###LINE###
5	31	5	0	2	0	423.00	188.96	16.23	10.86	100	119
4	31	5	0	3	0	414.839947	202.164407	24.339653	10.857240	-1	###LINE###
5	31	5	0	3	0	414.84	202.16	24.34	10.86	100	1,183
4	31	5	0	4	0	414.839947	215.604398	24.339653	10.857240	-1	###LINE###
5	31	5	0	4	0	414.84	215.60	24.34	10.86	100	1,302
3	31	6	0	0	0	503.519924	164.364412	43.945944	62.097226	-1	###FLOW###
4	31	6	0	0	0	519.359943	164.364412	28.105925	10.857240	-1	###LINE###
5	31	6	0	0	0	519.36	164.36	28.11	10.86	100	Jimmy
4	31	6	0	1	0	503.519924	175.524417	43.677075	10.857240	-1	###LINE###
5	31	6	0	1	0	503.52	175.52	43.68	10.86	100	MARICLE
4	31	6	0	2	0	536.399904	188.964408	10.821949	10.857240	-1	###LINE###
5	31	6	0	2	0	536.40	188.96	10.82	10.86	100	46
4	31	6	0	3	0	530.999937	202.164407	16.232924	10.857240	-1	###LINE###
5	31	6	0	3	0	531.00	202.16	16.23	10.86	100	724
4	31	6	0	4	0	530.999937	215.604398	16.232924	10.857240	-1	###LINE###
5	31	6	0	4	0	531.00	215.60	16.23	10.86	100	770
3	31	7	0	0	0	316.799961	253.075306	158.210582	41.003961	-1	###FLOW###
4	31	7	0	0	0	336.599963	253.075306	118.754055	13.404001	-1	###LINE###
5	31	7	0	0	0	336.60	253.08	29.36	13.40	100	State
5	31	7	0	0	1	369.32	253.08	86.04	13.40	100	Representative
4	31	7	0	1	0	316.799961	266.875285	158.210582	13.404001	-1	###LINE###
5	31	7	0	1	0	316.80	266.88	24.04	13.40	100	41st
5	31	7	0	1	1	344.24	266.88	86.04	13.40	100	Representative
5	31	7	0	1	2	433.64	266.88	41.37	13.40	100	District
4	31	7	0	2	0	347.039954	280.675266	98.280875	13.404001	-1	###LINE###
5	31	7	0	2	0	347.04	280.68	64.81	13.40	100	Republican
5	31	7	0	2	1	415.16	280.68	30.16	13.40	100	Party
3	31	7	1	0	0	319.799953	305.484382	65.464305	48.897257	-1	###FLOW###
4	31	7	1	0	0	319.799953	305.484382	65.320973	10.857240	-1	###LINE###
5	31	7	1	0	0	319.80	305.48	26.49	10.86	100	Carrie
5	31	7	1	0	1	348.89	305.48	36.23	10.86	100	Sanders
4	31	7	1	1	0	331.319956	316.644386	53.944302	10.857240	-1	###LINE###
5	31	7	1	1	0	331.32	316.64	53.94	10.86	100	McKEEHAN
4	31	7	1	2	0	368.999948	330.084377	16.232924	10.857240	-1	###LINE###
5	31	7	1	2	0	369.00	330.08	16.23	10.86	100	848
4	31	7	1	3	0	368.999948	343.524398	16.232924	10.857240	-1	###LINE###
5	31	7	1	3	0	369.00	343.52	16.23	10.86	100	848
3	31	8	0	0	0	190.799966	330.084377	52.328795	24.297262	-1	###FLOW###
4	31	8	0	0	0	190.799966	330.084377	40.212494	10.857240	-1	###LINE###
5	31	8	0	0	0	190.80	330.08	40.21	10.86	100	Jefferson
4	31	8	0	1	0	190.799966	343.524398	52.328795	10.857240	-1	###LINE###
5	31	8	0	1	0	190.80	343.52	23.10	10.86	100	Total
5	31	8	0	1	1	216.65	343.52	26.48	10.86	100	Votes
3	31	9	0	0	0	429.479933	305.484382	63.829176	48.897257	-1	###FLOW###
4	31	9	0	0	0	429.479933	305.484382	63.695734	10.857240	-1	###LINE###
5	31	9	0	0	0	429.48	305.48	63.70	10.86	100	Sara-Elizabeth
4	31	9	0	1	0	441.719944	316.644386	51.589165	10.857240	-1	###LINE###
5	31	9	0	1	0	441.72	316.64	51.59	10.86	100	COTTRELL
4	31	9	0	2	0	476.999931	330.084377	16.232924	10.857240	-1	###LINE###
5	31	9	0	2	0	477.00	330.08	16.23	10.86	100	630
4	31	9	0	3	0	476.999931	343.524398	16.232924	10.857240	-1	###LINE###
5	31	9	0	3	0	477.00	343.52	16.23	10.86	100	630
3	31	10	0	0	0	547.439882	305.484382	53.885910	48.897257	-1	###FLOW###
4	31	10	0	0	0	575.999907	305.484382	25.215531	10.857240	-1	###LINE###
5	31	10	0	0	0	576.00	305.48	25.22	10.86	100	Bryan
4	31	10	0	1	0	547.439882	316.644386	53.885910	10.857240	-1	###LINE###
5	31	10	0	1	0	547.44	316.64	53.89	10.86	100	SHEPHERD
4	31	10	0	2	0	584.999913	330.084377	16.232924	10.857240	-1	###LINE###
5	31	10	0	2	0	585.00	330.08	16.23	10.86	100	430
4	31	10	0	3	0	584.999913	343.524398	16.232924	10.857240	-1	###LINE###
5	31	10	0	3	0	585.00	343.52	16.23	10.86	100	430
3	31	11	0	0	0	316.799961	381.115272	158.210582	41.004022	-1	###FLOW###
4	31	11	0	0	0	336.599963	381.115272	118.754055	13.404001	-1	###LINE###
5	31	11	0	0	0	336.60	381.12	29.36	13.40	100	State
5	31	11	0	0	1	369.32	381.12	86.04	13.40	100	Representative
4	31	11	0	1	0	316.799961	394.915283	158.210582	13.404001	-1	###LINE###
5	31	11	0	1	0	316.80	394.92	24.04	13.40	100	41st
5	31	11	0	1	1	344.24	394.92	86.04	13.40	100	Representative
5	31	11	0	1	2	433.64	394.92	41.37	13.40	100	District
4	31	11	0	2	0	346.679950	408.715293	98.881614	13.404001	-1	###LINE###
5	31	11	0	2	0	346.68	408.72	65.41	13.40	100	Democratic
5	31	11	0	2	1	415.52	408.72	30.04	13.40	100	Party
3	31	12	0	0	0	244.799973	458.124389	52.328795	24.297232	-1	###FLOW###
4	31	12	0	0	0	244.799973	458.124389	40.212494	10.857240	-1	###LINE###
5	31	12	0	0	0	244.80	458.12	40.21	10.86	100	Jefferson
4	31	12	0	1	0	244.799973	471.564381	52.328795	10.857240	-1	###LINE###
5	31	12	0	1	0	244.80	471.56	23.10	10.86	100	Total
5	31	12	0	1	1	270.65	471.56	26.48	10.86	100	Votes
3	31	13	0	0	0	389.759940	433.524394	49.496792	48.897227	-1	###FLOW###
4	31	13	0	0	0	416.399954	433.524394	22.714415	10.857240	-1	###LINE###
5	31	13	0	0	0	416.40	433.52	22.71	10.86	100	Josie
4	31	13	0	1	0	389.759940	444.684398	49.496792	10.857240	-1	###LINE###
5	31	13	0	1	0	389.76	444.68	49.50	10.86	100	RAYMOND
4	31	13	0	2	0	414.839947	458.124389	24.339653	10.857240	-1	###LINE###
5	31	13	0	2	0	414.84	458.12	24.34	10.86	100	3,753
4	31	13	0	3	0	414.839947	471.564381	24.339653	10.857240	-1	###LINE###
5	31	13	0	3	0	414.84	471.56	24.34	10.86	100	3,753
3	31	14	0	0	0	493.919931	433.524394	53.259652	48.897227	-1	###FLOW###
4	31	14	0	0	0	511.079944	433.524394	36.047212	10.857240	-1	###LINE###
5	31	14	0	0	0	511.08	433.52	25.67	10.86	100	Darryl
5	31	14	0	0	1	539.45	433.52	7.68	10.86	100	J.
4	31	14	0	1	0	493.919931	444.684398	53.224136	10.857240	-1	###LINE###
5	31	14	0	1	0	493.92	444.68	35.40	10.86	100	YOUNG
5	31	14	0	1	1	532.01	444.68	15.13	10.86	100	JR.
4	31	14	0	2	0	522.839930	458.124389	24.339653	10.857240	-1	###LINE###
5	31	14	0	2	0	522.84	458.12	24.34	10.86	100	1,088
4	31	14	0	3	0	522.839930	471.564381	24.339653	10.857240	-1	###LINE###
5	31	14	0	3	0	522.84	471.56	24.34	10.86	100	1,088
1	32	0	0	0	0	0.000000	0.000000	792.000000	612.000000	-1	###PAGE###
3	32	0	0	0	0	35.999994	54.115290	161.658823	13.404001	-1	###FLOW###
4	32	0	0	0	0	35.999994	54.115290	161.658823	13.404001	-1	###LINE###
5	32	0	0	0	0	36.00	54.12	89.57	13.40	100	Commonwealth
5	32	0	0	0	1	128.96	54.12	11.33	13.40	100	of
5	32	0	0	0	2	143.60	54.12	54.05	13.40	100	Kentucky
3	32	1	0	0	0	289.919964	54.115290	211.964694	13.404001	-1	###FLOW###
4	32	1	0	0	0	289.919964	54.115290	211.964694	13.404001	-1	###LINE###
5	32	1	0	0	0	289.92	54.12	44.03	13.40	100	Michael
5	32	1	0	0	1	337.40	54.12	12.66	13.40	100	G.
5	32	1	0	0	2	353.48	54.12	43.01	13.40	100	Adams,
5	32	1	0	0	3	399.93	54.12	54.90	13.40	100	Secretary
5	32	1	0	0	4	457.89	54.12	11.33	13.40	100	of
5	32	1	0	0	5	472.52	54.12	29.36	13.40	100	State
3	32	2	0	0	0	316.199944	111.955306	159.532208	41.003991	-1	###FLOW###
4	32	2	0	0	0	336.599963	111.955306	118.754055	13.404001	-1	###LINE###
5	32	2	0	0	0	336.60	111.96	29.36	13.40	100	State
5	32	2	0	0	1	369.32	111.96	86.04	13.40	100	Representative
4	32	2	0	1	0	316.199944	125.755316	159.532208	13.404001	-1	###LINE###
5	32	2	0	1	0	316.20	125.76	25.36	13.40	100	43rd
5	32	2	0	1	1	344.96	125.76	86.03	13.40	100	Representative
5	32	2	0	1	2	434.37	125.76	41.37	13.40	100	District
4	32	2	0	2	0	346.679950	139.555296	98.881614	13.404001	-1	###LINE###
5	32	2	0	2	0	346.68	139.56	65.41	13.40	100	Democratic
5	32	2	0	2	1	415.52	139.56	30.04	13.40	100	Party
3	32	3	0	0	0	244.799973	188.964408	52.328795	24.297231	-1	###FLOW###
4	32	3	0	0	0	244.799973	188.964408	40.212494	10.857240	-1	###LINE###
5	32	3	0	0	0	244.80	188.96	40.21	10.86	100	Jefferson
4	32	3	0	1	0	244.799973	202.404399	52.328795	10.857240	-1	###LINE###
5	32	3	0	1	0	244.80	202.40	23.10	10.86	100	Total
5	32	3	0	1	1	270.65	202.40	26.48	10.86	100	Votes
3	32	4	0	0	0	379.439940	164.364412	59.822411	48.897227	-1	###FLOW###
4	32	4	0	0	0	393.839944	164.364412	45.292582	10.857240	-1	###LINE###
5	32	4	0	0	0	393.84	164.36	32.88	10.86	100	Pamela
5	32	4	0	0	1	429.41	164.36	9.72	10.86	100	D.
4	32	4	0	1	0	379.439940	175.524417	59.822411	10.857240	-1	###LINE###
5	32	4	0	1	0	379.44	175.52	59.82	10.86	100	STEVENSON
4	32	4	0	2	0	414.839947	188.964408	24.339653	10.857240	-1	###LINE###
5	32	4	0	2	0	414.84	188.96	24.34	10.86	100	2,622
4	32	4	0	3	0	414.839947	202.404399	24.339653	10.857240	-1	###LINE###
5	32	4	0	3	0	414.84	202.40	24.34	10.86	100	2,622
3	32	5	0	0	0	479.999923	164.364412	67.254467	48.897227	-1	###FLOW###
4	32	5	0	0	0	479.999923	164.364412	67.092191	10.857240	-1	###LINE###
5	32	5	0	0	0	480.00	164.36	28.86	10.86	100	Robert
5	32	5	0	0	1	511.61	164.36	35.48	10.86	100	LeVertis
4	32	5	0	1	0	521.999931	175.524417	25.254458	10.857240	-1	###LINE###
5	32	5	0	1	0	522.00	175.52	25.25	10.86	100	BELL
4	32	5	0	2	0	522.839930	188.964408	24.339653	10.857240	-1	###LINE###
5	32	5	0	2	0	522.84	188.96	24.34	10.86	100	2,255
4	32	5	0	3	0	522.839930	202.404399	24.339653	10.857240	-1	###LINE###
5	32	5	0	3	0	522.84	202.40	24.34	10.86	100	2,255
3	32	6	0	0	0	316.559949	239.995303	158.811321	41.003960	-1	###FLOW###
4	32	6	0	0	0	336.599963	239.995303	118.754055	13.404001	-1	###LINE###
5	32	6	0	0	0	336.60	240.00	29.36	13.40	100	State
5	32	6	0	0	1	369.32	240.00	86.04	13.40	100	Representative
4	32	6	0	1	0	316.559949	253.795313	158.811321	13.404001	-1	###LINE###
5	32	6	0	1	0	316.56	253.80	24.69	13.40	100	50th
5	32	6	0	1	1	344.60	253.80	86.03	13.40	100	Representative
5	32	6	0	1	2	434.00	253.80	41.37	13.40	100	District
4	32	6	0	2	0	347.039954	267.595262	98.280875	13.404001	-1	###LINE###
5	32	6	0	2	0	347.04	267.60	64.81	13.40	100	Republican
5	32	6	0	2	1	415.16	267.60	30.16	13.40	100	Party
3	32	7	0	0	0	244.799973	317.004405	52.328795	24.297231	-1	###FLOW###
4	32	7	0	0	0	244.799973	317.004405	30.285886	10.857240	-1	###LINE###
5	32	7	0	0	0	244.80	317.00	30.29	10.86	100	Nelson
4	32	7	0	1	0	244.799973	330.444396	52.328795	10.857240	-1	###LINE###
5	32	7	0	1	0	244.80	330.44	23.10	10.86	100	Total
5	32	7	0	1	1	270.65	330.44	26.48	10.86	100	Votes
3	32	8	0	0	0	380.759933	292.404378	58.419667	48.897258	-1	###FLOW###
4	32	8	0	0	0	398.879937	292.404378	40.251422	10.857240	-1	###LINE###
5	32	8	0	0	0	398.88	292.40	28.03	10.86	100	Candy
5	32	8	0	0	1	429.41	292.40	9.72	10.86	100	D.
4	32	8	0	1	0	380.759933	303.564383	58.372347	10.857240	-1	###LINE###
5	32	8	0	1	0	380.76	303.56	58.37	10.86	100	MASSARONI
4	32	8	0	2	0	414.839947	317.004405	24.339653	10.857240	-1	###LINE###
5	32	8	0	2	0	414.84	317.00	24.34	10.86	100	1,523
4	32	8	0	3	0	414.839947	330.444396	24.339653	10.857240	-1	###LINE###
5	32	8	0	3	0	414.84	330.44	24.34	10.86	100	1,523
3	32	9	0	0	0	497.399918	292.404378	49.914447	48.897258	-1	###FLOW###
4	32	9	0	0	0	497.399918	292.404378	49.759555	10.857240	-1	###LINE###
5	32	9	0	0	0	497.40	292.40	21.00	10.86	100	John
5	32	9	0	0	1	520.97	292.40	26.19	10.86	100	"Trey"
4	32	9	0	1	0	500.999926	303.564383	46.314438	10.857240	-1	###LINE###
5	32	9	0	1	0	501.00	303.56	46.31	10.86	100	BRADLEY
4	32	9	0	2	0	522.839930	317.004405	24.339653	10.857240	-1	###LINE###
5	32	9	0	2	0	522.84	317.00	24.34	10.86	100	1,444
4	32	9	0	3	0	522.839930	330.444396	24.339653	10.857240	-1	###LINE###
5	32	9	0	3	0	522.84	330.44	24.34	10.86	100	1,444
3	32	10	0	0	0	314.879951	368.035270	162.163444	41.004021	-1	###FLOW###
4	32	10	0	0	0	336.599963	368.035270	118.754055	13.404001	-1	###LINE###
5	32	10	0	0	0	336.60	368.04	29.36	13.40	100	State
5	32	10	0	0	1	369.32	368.04	86.04	13.40	100	Representative
4	32	10	0	1	0	314.879951	381.835280	162.163444	13.404001	-1	###LINE###
5	32	10	0	1	0	314.88	381.84	28.02	13.40	100	52nd
5	32	10	0	1	1	346.29	381.84	86.03	13.40	100	Representative
5	32	10	0	1	2	435.68	381.84	41.37	13.40	100	District
4	32	10	0	2	0	347.039954	395.635289	98.280875	13.404001	-1	###LINE###
5	32	10	0	2	0	347.04	395.64	64.81	13.40	100	Republican
5	32	10	0	2	1	415.16	395.64	30.16	13.40	100	Party
3	32	11	0	0	0	244.799973	445.044386	52.328795	50.697260	-1	###FLOW###
4	32	11	0	0	0	244.799973	445.044386	42.071300	10.857240	-1	###LINE###
5	32	11	0	0	0	244.80	445.04	42.07	10.86	100	McCreary
4	32	11	0	1	0	244.799973	458.244385	31.356403	10.857240	-1	###LINE###
5	32	11	0	1	0	244.80	458.24	31.36	10.86	100	Pulaski
4	32	11	0	2	0	244.799973	471.444384	30.616773	10.857240	-1	###LINE###
5	32	11	0	2	0	244.80	471.44	30.62	10.86	100	Wayne
4	32	11	0	3	0	244.799973	484.884406	52.328795	10.857240	-1	###LINE###
5	32	11	0	3	0	244.80	484.88	23.10	10.86	100	Total
5	32	11	0	3	1	270.65	484.88	26.48	10.86	100	Votes
3	32	12	0	0	0	383.999938	420.444390	55.258117	75.297256	-1	###FLOW###
4	32	12	0	0	0	421.919943	420.444390	17.303440	10.857240	-1	###LINE###
5	32	12	0	0	0	421.92	420.44	17.30	10.86	100	Ken
4	32	12	0	1	0	383.999938	431.604395	55.258117	10.857240	-1	###LINE###
5	32	12	0	1	0	384.00	431.60	55.26	10.86	100	UPCHURCH
4	32	12	0	2	0	422.999924	445.044386	16.232924	10.857240	-1	###LINE###
5	32	12	0	2	0	423.00	445.04	16.23	10.86	100	985
4	32	12	0	3	0	414.839947	458.244385	24.339653	10.857240	-1	###LINE###
5	32	12	0	3	0	414.84	458.24	24.34	10.86	100	1,774
4	32	12	0	4	0	414.839947	471.444384	24.339653	10.857240	-1	###LINE###
5	32	12	0	4	0	414.84	471.44	24.34	10.86	100	2,679
4	32	12	0	5	0	414.839947	484.884406	24.339653	10.857240	-1	###LINE###
5	32	12	0	5	0	414.84	484.88	24.34	10.86	100	5,438
3	32	13	0	0	0	490.919939	420.444390	56.350440	75.297256	-1	###FLOW###
4	32	13	0	0	0	490.919939	420.444390	56.299438	10.857240	-1	###LINE###
5	32	13	0	0	0	490.92	420.44	23.11	10.86	100	Othel
5	32	13	0	0	1	516.65	420.44	30.57	10.86	100	Wayne
4	32	13	0	1	0	522.959922	431.604395	24.310457	10.857240	-1	###LINE###
5	32	13	0	1	0	522.96	431.60	24.31	10.86	100	KING
4	32	13	0	2	0	522.839930	445.044386	24.339653	10.857240	-1	###LINE###
5	32	13	0	2	0	522.84	445.04	24.34	10.86	100	1,513
4	32	13	0	3	0	530.999937	458.244385	16.232924	10.857240	-1	###LINE###
5	32	13	0	3	0	531.00	458.24	16.23	10.86	100	217
4	32	13	0	4	0	522.839930	471.444384	24.339653	10.857240	-1	###LINE###
5	32	13	0	4	0	522.84	471.44	24.34	10.86	100	1,514
4	32	13	0	5	0	522.839930	484.884406	24.339653	10.857240	-1	###LINE###
5	32	13	0	5	0	522.84	484.88	24.34	10.86	100	3,244
3	32	14	0	0	0	584.279905	54.115290	171.619073	13.404001	-1	###FLOW###
4	32	14	0	0	0	584.279905	54.115290	171.619073	13.404001	-1	###LINE###
5	32	14	0	0	0	584.28	54.12	26.72	13.40	100	2022
5	32	14	0	0	1	614.49	54.12	44.86	13.40	100	Primary
5	32	14	0	0	2	662.36	54.12	46.82	13.40	100	Election
5	32	14	0	0	3	712.53	54.12	43.37	13.40	100	Results
1	33	0	0	0	0	0.000000	0.000000	792.000000	612.000000	-1	###PAGE###
3	33	0	0	0	0	35.999994	54.115290	161.658823	13.404001	-1	###FLOW###
4	33	0	0	0	0	35.999994	54.115290	161.658823	13.404001	-1	###LINE###
5	33	0	0	0	0	36.00	54.12	89.57	13.40	100	Commonwealth
5	33	0	0	0	1	128.96	54.12	11.33	13.40	100	of
5	33	0	0	0	2	143.60	54.12	54.05	13.40	100	Kentucky
3	33	1	0	0	0	289.919964	54.115290	211.964694	13.404001	-1	###FLOW###
4	33	1	0	0	0	289.919964	54.115290	211.964694	13.404001	-1	###LINE###
5	33	1	0	0	0	289.92	54.12	44.03	13.40	100	Michael
5	33	1	0	0	1	337.40	54.12	12.66	13.40	100	G.
5	33	1	0	0	2	353.48	54.12	43.01	13.40	100	Adams,
5	33	1	0	0	3	399.93	54.12	54.90	13.40	100	Secretary
5	33	1	0	0	4	457.89	54.12	11.33	13.40	100	of
5	33	1	0	0	5	472.52	54.12	29.36	13.40	100	State
3	33	2	0	0	0	584.279905	54.115290	171.619073	13.404001	-1	###FLOW###
4	33	2	0	0	0	584.279905	54.115290	171.619073	13.404001	-1	###LINE###
5	33	2	0	0	0	584.28	54.12	26.72	13.40	100	2022
5	33	2	0	0	1	614.49	54.12	44.86	13.40	100	Primary
5	33	2	0	0	2	662.36	54.12	46.82	13.40	100	Election
5	33	2	0	0	3	712.53	54.12	43.37	13.40	100	Results
3	33	3	0	0	0	316.559949	111.955306	158.811321	41.003991	-1	###FLOW###
4	33	3	0	0	0	336.599963	111.955306	118.754055	13.404001	-1	###LINE###
5	33	3	0	0	0	336.60	111.96	29.36	13.40	100	State
5	33	3	0	0	1	369.32	111.96	86.04	13.40	100	Representative
4	33	3	0	1	0	316.559949	125.755316	158.811321	13.404001	-1	###LINE###
5	33	3	0	1	0	316.56	125.76	24.69	13.40	100	55th
5	33	3	0	1	1	344.60	125.76	86.03	13.40	100	Representative
5	33	3	0	1	2	434.00	125.76	41.37	13.40	100	District
4	33	3	0	2	0	347.039954	139.555296	98.280875	13.404001	-1	###LINE###
5	33	3	0	2	0	347.04	139.56	64.81	13.40	100	Republican
5	33	3	0	2	1	415.16	139.56	30.16	13.40	100	Party
3	33	4	0	0	0	244.799973	188.964408	52.328795	50.697229	-1	###FLOW###
4	33	4	0	0	0	244.799973	188.964408	46.655057	10.857240	-1	###LINE###
5	33	4	0	0	0	244.80	188.96	46.66	10.86	100	Jessamine
4	33	4	0	1	0	244.799973	202.164407	30.276154	10.857240	-1	###LINE###
5	33	4	0	1	0	244.80	202.16	30.28	10.86	100	Mercer
4	33	4	0	2	0	244.799973	215.364406	51.900588	10.857240	-1	###LINE###
5	33	4	0	2	0	244.80	215.36	51.90	10.86	100	Washington
4	33	4	0	3	0	244.799973	228.804397	52.328795	10.857240	-1	###LINE###
5	33	4	0	3	0	244.80	228.80	23.10	10.86	100	Total
5	33	4	0	3	1	270.65	228.80	26.48	10.86	100	Votes
3	33	5	0	0	0	414.839947	164.364412	24.430449	75.297225	-1	###FLOW###
4	33	5	0	0	0	422.519929	164.364412	16.748718	10.857240	-1	###LINE###
5	33	5	0	0	0	422.52	164.36	16.75	10.86	100	Kim
4	33	5	0	1	0	414.959938	175.524417	24.310457	10.857240	-1	###LINE###
5	33	5	0	1	0	414.96	175.52	24.31	10.86	100	KING
4	33	5	0	2	0	422.999924	188.964408	16.232924	10.857240	-1	###LINE###
5	33	5	0	2	0	423.00	188.96	16.23	10.86	100	401
4	33	5	0	3	0	414.839947	202.164407	24.339653	10.857240	-1	###LINE###
5	33	5	0	3	0	414.84	202.16	24.34	10.86	100	1,334
4	33	5	0	4	0	422.999924	215.364406	16.232924	10.857240	-1	###LINE###
5	33	5	0	4	0	423.00	215.36	16.23	10.86	100	522
4	33	5	0	5	0	414.839947	228.804397	24.339653	10.857240	-1	###LINE###
5	33	5	0	5	0	414.84	228.80	24.34	10.86	100	2,257
3	33	6	0	0	0	493.319945	164.364412	54.002694	75.297225	-1	###FLOW###
4	33	6	0	0	0	515.879895	164.364412	31.249351	10.857240	-1	###LINE###
5	33	6	0	0	0	515.88	164.36	21.06	10.86	100	Tony
5	33	6	0	0	1	539.16	164.36	7.97	10.86	100	L.
4	33	6	0	1	0	493.319945	175.524417	54.002694	10.857240	-1	###LINE###
5	33	6	0	1	0	493.32	175.52	54.00	10.86	100	WHEATLEY
4	33	6	0	2	0	530.999937	188.964408	16.232924	10.857240	-1	###LINE###
5	33	6	0	2	0	531.00	188.96	16.23	10.86	100	585
4	33	6	0	3	0	530.999937	202.164407	16.232924	10.857240	-1	###LINE###
5	33	6	0	3	0	531.00	202.16	16.23	10.86	100	771
4	33	6	0	4	0	530.999937	215.364406	16.232924	10.857240	-1	###LINE###
5	33	6	0	4	0	531.00	215.36	16.23	10.86	100	539
4	33	6	0	5	0	522.839930	228.804397	24.339653	10.857240	-1	###LINE###
5	33	6	0	5	0	522.84	228.80	24.34	10.86	100	1,895
3	33	7	0	0	0	316.559949	266.275275	158.811321	41.003991	-1	###FLOW###
4	33	7	0	0	0	336.599963	266.275275	118.754055	13.404001	-1	###LINE###
5	33	7	0	0	0	336.60	266.28	29.36	13.40	100	State
5	33	7	0	0	1	369.32	266.28	86.04	13.40	100	Representative
4	33	7	0	1	0	316.559949	280.075284	158.811321	13.404001	-1	###LINE###
5	33	7	0	1	0	316.56	280.08	24.69	13.40	100	56th
5	33	7	0	1	1	344.60	280.08	86.03	13.40	100	Representative
5	33	7	0	1	2	434.00	280.08	41.37	13.40	100	District
4	33	7	0	2	0	346.679950	293.875265	98.881614	13.404001	-1	###LINE###
5	33	7	0	2	0	346.68	293.88	65.41	13.40	100	Democratic
5	33	7	0	2	1	415.52	293.88	30.04	13.40	100	Party
3	33	8	0	0	0	244.799973	343.284406	52.328795	50.697214	-1	###FLOW###
4	33	8	0	0	0	244.799973	343.284406	34.597148	10.857240	-1	###LINE###
5	33	8	0	0	0	244.80	343.28	34.60	10.86	100	Franklin
4	33	8	0	1	0	244.799973	356.484391	46.655057	10.857240	-1	###LINE###
5	33	8	0	1	0	244.80	356.48	46.66	10.86	100	Jessamine
4	33	8	0	2	0	244.799973	369.684390	42.703878	10.857240	-1	###LINE###
5	33	8	0	2	0	244.80	369.68	42.70	10.86	100	Woodford
4	33	8	0	3	0	244.799973	383.124380	52.328795	10.857240	-1	###LINE###
5	33	8	0	3	0	244.80	383.12	23.10	10.86	100	Total
5	33	8	0	3	1	270.65	383.12	26.48	10.86	100	Votes
3	33	9	0	0	0	376.679930	318.684381	62.634950	75.297240	-1	###FLOW###
4	33	9	0	0	0	402.599937	318.684381	36.563006	10.857240	-1	###LINE###
5	33	9	0	0	0	402.60	318.68	36.56	10.86	100	Grayson
4	33	9	0	1	0	376.679930	329.844385	62.634950	10.857240	-1	###LINE###
5	33	9	0	1	0	376.68	329.84	62.63	10.86	100	VANDEGRIFT
4	33	9	0	2	0	422.999924	343.284406	16.232924	10.857240	-1	###LINE###
5	33	9	0	2	0	423.00	343.28	16.23	10.86	100	646
4	33	9	0	3	0	422.999924	356.484391	16.232924	10.857240	-1	###LINE###
5	33	9	0	3	0	423.00	356.48	16.23	10.86	100	161
4	33	9	0	4	0	414.839947	369.684390	24.339653	10.857240	-1	###LINE###
5	33	9	0	4	0	414.84	369.68	24.34	10.86	100	2,198
4	33	9	0	5	0	414.839947	383.124380	24.339653	10.857240	-1	###LINE###
5	33	9	0	5	0	414.84	383.12	24.34	10.86	100	3,005
3	33	10	0	0	0	513.239907	318.684381	34.022962	75.297240	-1	###FLOW###
4	33	10	0	0	0	529.919895	318.684381	17.303440	10.857240	-1	###LINE###
5	33	10	0	0	0	529.92	318.68	17.30	10.86	100	Ben
4	33	10	0	1	0	513.239907	329.844385	34.022962	10.857240	-1	###LINE###
5	33	10	0	1	0	513.24	329.84	34.02	10.86	100	NOLAN
4	33	10	0	2	0	530.999937	343.284406	16.232924	10.857240	-1	###LINE###
5	33	10	0	2	0	531.00	343.28	16.23	10.86	100	751
4	33	10	0	3	0	530.999937	356.484391	16.232924	10.857240	-1	###LINE###
5	33	10	0	3	0	531.00	356.48	16.23	10.86	100	150
4	33	10	0	4	0	530.999937	369.684390	16.232924	10.857240	-1	###LINE###
5	33	10	0	4	0	531.00	369.68	16.23	10.86	100	703
4	33	10	0	5	0	522.839930	383.124380	24.339653	10.857240	-1	###LINE###
5	33	10	0	5	0	522.84	383.12	24.34	10.86	100	1,604
3	33	11	0	0	0	316.559949	420.715300	158.811321	41.003991	-1	###FLOW###
4	33	11	0	0	0	336.599963	420.715300	118.754055	13.404001	-1	###LINE###
5	33	11	0	0	0	336.60	420.72	29.36	13.40	100	State
5	33	11	0	0	1	369.32	420.72	86.04	13.40	100	Representative
4	33	11	0	1	0	316.559949	434.515280	158.811321	13.404001	-1	###LINE###
5	33	11	0	1	0	316.56	434.52	24.69	13.40	100	59th
5	33	11	0	1	1	344.60	434.52	86.03	13.40	100	Representative
5	33	11	0	1	2	434.00	434.52	41.37	13.40	100	District
4	33	11	0	2	0	347.039954	448.315290	98.280875	13.404001	-1	###LINE###
5	33	11	0	2	0	347.04	448.32	64.81	13.40	100	Republican
5	33	11	0	2	1	415.16	448.32	30.16	13.40	100	Party
3	33	12	0	0	0	244.799973	497.724387	52.328795	24.297261	-1	###FLOW###
4	33	12	0	0	0	244.799973	497.724387	34.061890	10.857240	-1	###LINE###
5	33	12	0	0	0	244.80	497.72	34.06	10.86	100	Oldham
4	33	12	0	1	0	244.799973	511.164408	52.328795	10.857240	-1	###LINE###
5	33	12	0	1	0	244.80	511.16	23.10	10.86	100	Total
5	33	12	0	1	1	270.65	511.16	26.48	10.86	100	Votes
3	33	13	0	0	0	390.239935	473.124391	49.019926	48.897257	-1	###FLOW###
4	33	13	0	0	0	399.599945	473.124391	39.531256	10.857240	-1	###LINE###
5	33	13	0	0	0	399.60	473.12	24.68	10.86	100	David
5	33	13	0	0	1	426.77	473.12	12.36	10.86	100	W.
4	33	13	0	1	0	390.239935	484.284395	49.019926	10.857240	-1	###LINE###
5	33	13	0	1	0	390.24	484.28	49.02	10.86	100	OSBORNE
4	33	13	0	2	0	414.839947	497.724387	24.339653	10.857240	-1	###LINE###
5	33	13	0	2	0	414.84	497.72	24.34	10.86	100	4,164
4	33	13	0	3	0	414.839947	511.164408	24.339653	10.857240	-1	###LINE###
5	33	13	0	3	0	414.84	511.16	24.34	10.86	100	4,164
3	33	14	0	0	0	508.199944	473.124391	39.119410	48.897257	-1	###FLOW###
4	33	14	0	0	0	508.199944	473.124391	38.918142	10.857240	-1	###LINE###
5	33	14	0	0	0	508.20	473.12	38.92	10.86	100	Bridgette
4	33	14	0	1	0	521.519906	484.284395	25.799449	10.857240	-1	###LINE###
5	33	14	0	1	0	521.52	484.28	25.80	10.86	100	EHLY
4	33	14	0	2	0	522.839930	497.724387	24.339653	10.857240	-1	###LINE###
5	33	14	0	2	0	522.84	497.72	24.34	10.86	100	1,975
4	33	14	0	3	0	522.839930	511.164408	24.339653	10.857240	-1	###LINE###
5	33	14	0	3	0	522.84	511.16	24.34	10.86	100	1,975
1	34	0	0	0	0	0.000000	0.000000	792.000000	612.000000	-1	###PAGE###
3	34	0	0	0	0	35.999994	54.115290	161.658823	13.404001	-1	###FLOW###
4	34	0	0	0	0	35.999994	54.115290	161.658823	13.404001	-1	###LINE###
5	34	0	0	0	0	36.00	54.12	89.57	13.40	100	Commonwealth
5	34	0	0	0	1	128.96	54.12	11.33	13.40	100	of
5	34	0	0	0	2	143.60	54.12	54.05	13.40	100	Kentucky
3	34	1	0	0	0	289.919964	54.115290	211.964694	13.404001	-1	###FLOW###
4	34	1	0	0	0	289.919964	54.115290	211.964694	13.404001	-1	###LINE###
5	34	1	0	0	0	289.92	54.12	44.03	13.40	100	Michael
5	34	1	0	0	1	337.40	54.12	12.66	13.40	100	G.
5	34	1	0	0	2	353.48	54.12	43.01	13.40	100	Adams,
5	34	1	0	0	3	399.93	54.12	54.90	13.40	100	Secretary
5	34	1	0	0	4	457.89	54.12	11.33	13.40	100	of
5	34	1	0	0	5	472.52	54.12	29.36	13.40	100	State
3	34	2	0	0	0	584.279905	54.115290	171.619073	13.404001	-1	###FLOW###
4	34	2	0	0	0	584.279905	54.115290	171.619073	13.404001	-1	###LINE###
5	34	2	0	0	0	584.28	54.12	26.72	13.40	100	2022
5	34	2	0	0	1	614.49	54.12	44.86	13.40	100	Primary
5	34	2	0	0	2	662.36	54.12	46.82	13.40	100	Election
5	34	2	0	0	3	712.53	54.12	43.37	13.40	100	Results
3	34	3	0	0	0	316.559949	111.955306	158.811321	41.003991	-1	###FLOW###
4	34	3	0	0	0	336.599963	111.955306	118.754055	13.404001	-1	###LINE###
5	34	3	0	0	0	336.60	111.96	29.36	13.40	100	State
5	34	3	0	0	1	369.32	111.96	86.04	13.40	100	Representative
4	34	3	0	1	0	316.559949	125.755316	158.811321	13.404001	-1	###LINE###
5	34	3	0	1	0	316.56	125.76	24.69	13.40	100	60th
5	34	3	0	1	1	344.60	125.76	86.03	13.40	100	Representative
5	34	3	0	1	2	434.00	125.76	41.37	13.40	100	District
4	34	3	0	2	0	347.039954	139.555296	98.280875	13.404001	-1	###LINE###
5	34	3	0	2	0	347.04	139.56	64.81	13.40	100	Republican
5	34	3	0	2	1	415.16	139.56	30.16	13.40	100	Party
3	34	4	0	0	0	244.799973	188.964408	52.328795	24.297231	-1	###FLOW###
4	34	4	0	0	0	244.799973	188.964408	28.125389	10.857240	-1	###LINE###
5	34	4	0	0	0	244.80	188.96	28.13	10.86	100	Boone
4	34	4	0	1	0	244.799973	202.404399	52.328795	10.857240	-1	###LINE###
5	34	4	0	1	0	244.80	202.40	23.10	10.86	100	Total
5	34	4	0	1	1	270.65	202.40	26.48	10.86	100	Votes
3	34	5	0	0	0	390.839952	164.364412	48.484667	48.897227	-1	###FLOW###
4	34	5	0	0	0	398.759946	164.364412	40.465525	10.857240	-1	###LINE###
5	34	5	0	0	0	398.76	164.36	40.47	10.86	100	Marianne
4	34	5	0	1	0	390.839952	175.524417	48.484667	10.857240	-1	###LINE###
5	34	5	0	1	0	390.84	175.52	48.48	10.86	100	PROCTOR
4	34	5	0	2	0	414.839947	188.964408	24.339653	10.857240	-1	###LINE###
5	34	5	0	2	0	414.84	188.96	24.34	10.86	100	1,958
4	34	5	0	3	0	414.839947	202.404399	24.339653	10.857240	-1	###LINE###
5	34	5	0	3	0	414.84	202.40	24.34	10.86	100	1,958
3	34	6	0	0	0	499.199938	164.364412	48.066193	48.897227	-1	###FLOW###
4	34	6	0	0	0	533.159900	164.364412	14.052963	10.857240	-1	###LINE###
5	34	6	0	0	0	533.16	164.36	14.05	10.86	100	Sal
4	34	6	0	1	0	499.199938	175.524417	48.066193	10.857240	-1	###LINE###
5	34	6	0	1	0	499.20	175.52	48.07	10.86	100	SANTORO
4	34	6	0	2	0	522.839930	188.964408	24.339653	10.857240	-1	###LINE###
5	34	6	0	2	0	522.84	188.96	24.34	10.86	100	1,827
4	34	6	0	3	0	522.839930	202.404399	24.339653	10.857240	-1	###LINE###
5	34	6	0	3	0	522.84	202.40	24.34	10.86	100	1,827
3	34	7	0	0	0	316.799961	239.995303	158.210582	41.003960	-1	###FLOW###
4	34	7	0	0	0	336.599963	239.995303	118.754055	13.404001	-1	###LINE###
5	34	7	0	0	0	336.60	240.00	29.36	13.40	100	State
5	34	7	0	0	1	369.32	240.00	86.04	13.40	100	Representative
4	34	7	0	1	0	316.799961	253.795313	158.210582	13.404001	-1	###LINE###
5	34	7	0	1	0	316.80	253.80	24.04	13.40	100	61st
5	34	7	0	1	1	344.24	253.80	86.04	13.40	100	Representative
5	34	7	0	1	2	433.64	253.80	41.37	13.40	100	District
4	34	7	0	2	0	347.039954	267.595262	98.280875	13.404001	-1	###LINE###
5	34	7	0	2	0	347.04	267.60	64.81	13.40	100	Republican
5	34	7	0	2	1	415.16	267.60	30.16	13.40	100	Party
3	34	8	0	0	0	244.799973	316.884378	52.328795	63.897244	-1	###FLOW###
4	34	8	0	0	0	244.799973	316.884378	28.125389	10.857240	-1	###LINE###
5	34	8	0	0	0	244.80	316.88	28.13	10.86	100	Boone
4	34	8	0	1	0	244.799973	330.084377	32.971909	10.857240	-1	###LINE###
5	34	8	0	1	0	244.80	330.08	32.97	10.86	100	Gallatin
4	34	8	0	2	0	244.799973	343.284406	24.320189	10.857240	-1	###LINE###
5	34	8	0	2	0	244.80	343.28	24.32	10.86	100	Grant
4	34	8	0	3	0	244.799973	356.484391	30.821144	10.857240	-1	###LINE###
5	34	8	0	3	0	244.80	356.48	30.82	10.86	100	Kenton
4	34	8	0	4	0	244.799973	369.924381	52.328795	10.857240	-1	###LINE###
5	34	8	0	4	0	244.80	369.92	23.10	10.86	100	Total
5	34	8	0	4	1	270.65	369.92	26.48	10.86	100	Votes
3	34	9	0	0	0	395.399950	292.404378	43.832898	88.377244	-1	###FLOW###
4	34	9	0	0	0	395.399950	292.404378	43.813322	10.857240	-1	###LINE###
5	34	9	0	0	0	395.40	292.40	43.81	10.86	100	Savannah
4	34	9	0	1	0	396.599953	303.564383	42.596826	10.857240	-1	###LINE###
5	34	9	0	1	0	396.60	303.56	42.60	10.86	100	MADDOX
4	34	9	0	2	0	422.999924	316.884378	16.232924	10.857240	-1	###LINE###
5	34	9	0	2	0	423.00	316.88	16.23	10.86	100	693
4	34	9	0	3	0	422.999924	330.084377	16.232924	10.857240	-1	###LINE###
5	34	9	0	3	0	423.00	330.08	16.23	10.86	100	409
4	34	9	0	4	0	414.839947	343.284406	24.339653	10.857240	-1	###LINE###
5	34	9	0	4	0	414.84	343.28	24.34	10.86	100	1,721
4	34	9	0	5	0	422.999924	356.484391	16.232924	10.857240	-1	###LINE###
5	34	9	0	5	0	423.00	356.48	16.23	10.86	100	126
4	34	9	0	6	0	414.839947	369.924381	24.339653	10.857240	-1	###LINE###
5	34	9	0	6	0	414.84	369.92	24.34	10.86	100	2,949
3	34	10	0	0	0	506.039921	292.404378	41.223294	88.377244	-1	###FLOW###
4	34	10	0	0	0	506.039921	292.404378	41.098103	10.857240	-1	###LINE###
5	34	10	0	0	0	506.04	292.40	27.58	10.86	100	Jarrod
5	34	10	0	0	1	536.34	292.40	10.80	10.86	100	M.
4	34	10	0	1	0	511.799922	303.564383	35.463293	10.857240	-1	###LINE###
5	34	10	0	1	0	511.80	303.56	35.46	10.86	100	LYKINS
4	34	10	0	2	0	530.999937	316.884378	16.232924	10.857240	-1	###LINE###
5	34	10	0	2	0	531.00	316.88	16.23	10.86	100	366
4	34	10	0	3	0	530.999937	330.084377	16.232924	10.857240	-1	###LINE###
5	34	10	0	3	0	531.00	330.08	16.23	10.86	100	201
4	34	10	0	4	0	530.999937	343.284406	16.232924	10.857240	-1	###LINE###
5	34	10	0	4	0	531.00	343.28	16.23	10.86	100	598
4	34	10	0	5	0	536.399904	356.484391	10.821949	10.857240	-1	###LINE###
5	34	10	0	5	0	536.40	356.48	10.82	10.86	100	27
4	34	10	0	6	0	522.839930	369.924381	24.339653	10.857240	-1	###LINE###
5	34	10	0	6	0	522.84	369.92	24.34	10.86	100	1,192
3	34	11	0	0	0	314.879951	407.515301	162.163444	41.003991	-1	###FLOW###
4	34	11	0	0	0	336.599963	407.515301	118.754055	13.404001	-1	###LINE###
5	34	11	0	0	0	336.60	407.52	29.36	13.40	100	State
5	34	11	0	0	1	369.32	407.52	86.04	13.40	100	Representative
4	34	11	0	1	0	314.879951	421.315281	162.163444	13.404001	-1	###LINE###
5	34	11	0	1	0	314.88	421.32	28.02	13.40	100	62nd
5	34	11	0	1	1	346.29	421.32	86.03	13.40	100	Representative
5	34	11	0	1	2	435.68	421.32	41.37	13.40	100	District
4	34	11	0	2	0	347.039954	435.115291	98.280875	13.404001	-1	###LINE###
5	34	11	0	2	0	347.04	435.12	64.81	13.40	100	Republican
5	34	11	0	2	1	415.16	435.12	30.16	13.40	100	Party
3	34	12	0	0	0	244.799973	484.524388	52.328795	24.297261	-1	###FLOW###
4	34	12	0	0	0	244.799973	484.524388	22.247280	10.857240	-1	###LINE###
5	34	12	0	0	0	244.80	484.52	22.25	10.86	100	Scott
4	34	12	0	1	0	244.799973	497.964409	52.328795	10.857240	-1	###LINE###
5	34	12	0	1	0	244.80	497.96	23.10	10.86	100	Total
5	34	12	0	1	1	270.65	497.96	26.48	10.86	100	Votes
3	34	13	0	0	0	400.799947	459.924392	38.511125	48.897257	-1	###FLOW###
4	34	13	0	0	0	400.799947	459.924392	38.334224	10.857240	-1	###LINE###
5	34	13	0	0	0	400.80	459.92	25.95	10.86	100	Phillip
5	34	13	0	0	1	429.41	459.92	9.72	10.86	100	R.
4	34	13	0	1	0	407.399948	471.084396	31.911125	10.857240	-1	###LINE###
5	34	13	0	1	0	407.40	471.08	31.91	10.86	100	PRATT
4	34	13	0	2	0	414.839947	484.524388	24.339653	10.857240	-1	###LINE###
5	34	13	0	2	0	414.84	484.52	24.34	10.86	100	3,264
4	34	13	0	3	0	414.839947	497.964409	24.339653	10.857240	-1	###LINE###
5	34	13	0	3	0	414.84	497.96	24.34	10.86	100	3,264
3	34	14	0	0	0	483.959935	459.924392	63.296723	48.897257	-1	###FLOW###
4	34	14	0	0	0	483.959935	459.924392	63.296723	10.857240	-1	###LINE###
5	34	14	0	0	0	483.96	459.92	35.69	10.86	100	Michelle
5	34	14	0	0	1	522.29	459.92	24.96	10.86	100	Karcz
4	34	14	0	1	0	513.239907	471.084396	33.954838	10.857240	-1	###LINE###
5	34	14	0	1	0	513.24	471.08	33.95	10.86	100	NANCE
4	34	14	0	2	0	530.999937	484.524388	16.232924	10.857240	-1	###LINE###
5	34	14	0	2	0	531.00	484.52	16.23	10.86	100	827
4	34	14	0	3	0	530.999937	497.964409	16.232924	10.857240	-1	###LINE###
5	34	14	0	3	0	531.00	497.96	16.23	10.86	100	827
1	35	0	0	0	0	0.000000	0.000000	792.000000	612.000000	-1	###PAGE###
3	35	0	0	0	0	35.999994	54.115290	161.658823	13.404001	-1	###FLOW###
4	35	0	0	0	0	35.999994	54.115290	161.658823	13.404001	-1	###LINE###
5	35	0	0	0	0	36.00	54.12	89.57	13.40	100	Commonwealth
5	35	0	0	0	1	128.96	54.12	11.33	13.40	100	of
5	35	0	0	0	2	143.60	54.12	54.05	13.40	100	Kentucky
3	35	1	0	0	0	289.919964	54.115290	211.964694	13.404001	-1	###FLOW###
4	35	1	0	0	0	289.919964	54.115290	211.964694	13.404001	-1	###LINE###
5	35	1	0	0	0	289.92	54.12	44.03	13.40	100	Michael
5	35	1	0	0	1	337.40	54.12	12.66	13.40	100	G.
5	35	1	0	0	2	353.48	54.12	43.01	13.40	100	Adams,
5	35	1	0	0	3	399.93	54.12	54.90	13.40	100	Secretary
5	35	1	0	0	4	457.89	54.12	11.33	13.40	100	of
5	35	1	0	0	5	472.52	54.12	29.36	13.40	100	State
3	35	2	0	0	0	584.279905	54.115290	171.619073	13.404001	-1	###FLOW###
4	35	2	0	0	0	584.279905	54.115290	171.619073	13.404001	-1	###LINE###
5	35	2	0	0	0	584.28	54.12	26.72	13.40	100	2022
5	35	2	0	0	1	614.49	54.12	44.86	13.40	100	Primary
5	35	2	0	0	2	662.36	54.12	46.82	13.40	100	Election
5	35	2	0	0	3	712.53	54.12	43.37	13.40	100	Results
3	35	3	0	0	0	316.559949	111.955306	158.811321	41.003991	-1	###FLOW###
4	35	3	0	0	0	336.599963	111.955306	118.754055	13.404001	-1	###LINE###
5	35	3	0	0	0	336.60	111.96	29.36	13.40	100	State
5	35	3	0	0	1	369.32	111.96	86.04	13.40	100	Representative
4	35	3	0	1	0	316.559949	125.755316	158.811321	13.404001	-1	###LINE###
5	35	3	0	1	0	316.56	125.76	24.69	13.40	100	64th
5	35	3	0	1	1	344.60	125.76	86.03	13.40	100	Representative
5	35	3	0	1	2	434.00	125.76	41.37	13.40	100	District
4	35	3	0	2	0	347.039954	139.555296	98.280875	13.404001	-1	###LINE###
5	35	3	0	2	0	347.04	139.56	64.81	13.40	100	Republican
5	35	3	0	2	1	415.16	139.56	30.16	13.40	100	Party
3	35	4	0	0	0	244.799973	188.964408	52.328795	24.297231	-1	###FLOW###
4	35	4	0	0	0	244.799973	188.964408	30.821144	10.857240	-1	###LINE###
5	35	4	0	0	0	244.80	188.96	30.82	10.86	100	Kenton
4	35	4	0	1	0	244.799973	202.404399	52.328795	10.857240	-1	###LINE###
5	35	4	0	1	0	244.80	202.40	23.10	10.86	100	Total
5	35	4	0	1	1	270.65	202.40	26.48	10.86	100	Votes
3	35	5	0	0	0	372.959930	164.364412	66.377951	48.897227	-1	###FLOW###
4	35	5	0	0	0	372.959930	164.364412	66.206582	10.857240	-1	###LINE###
5	35	5	0	0	0	372.96	164.36	37.74	10.86	100	Kimberly
5	35	5	0	0	1	413.21	164.36	25.96	10.86	100	Poore
4	35	5	0	1	0	403.679948	175.524417	35.657933	10.857240	-1	###LINE###
5	35	5	0	1	0	403.68	175.52	35.66	10.86	100	MOSER
4	35	5	0	2	0	414.839947	188.964408	24.339653	10.857240	-1	###LINE###
5	35	5	0	2	0	414.84	188.96	24.34	10.86	100	2,007
4	35	5	0	3	0	414.839947	202.404399	24.339653	10.857240	-1	###LINE###
5	35	5	0	3	0	414.84	202.40	24.34	10.86	100	2,007
3	35	6	0	0	0	484.439930	164.364412	62.889849	48.897227	-1	###FLOW###
4	35	6	0	0	0	484.439930	164.364412	62.693341	10.857240	-1	###LINE###
5	35	6	0	0	0	484.44	164.36	50.29	10.86	100	Christopher
5	35	6	0	0	1	537.41	164.36	9.72	10.86	100	C.
4	35	6	0	1	0	518.639936	175.524417	28.689843	10.857240	-1	###LINE###
5	35	6	0	1	0	518.64	175.52	28.69	10.86	100	MANN
4	35	6	0	2	0	530.999937	188.964408	16.232924	10.857240	-1	###LINE###
5	35	6	0	2	0	531.00	188.96	16.23	10.86	100	718
4	35	6	0	3	0	530.999937	202.404399	16.232924	10.857240	-1	###LINE###
5	35	6	0	3	0	531.00	202.40	16.23	10.86	100	718
3	35	7	0	0	0	316.559949	239.995303	158.811321	41.003960	-1	###FLOW###
4	35	7	0	0	0	336.599963	239.995303	118.754055	13.404001	-1	###LINE###
5	35	7	0	0	0	336.60	240.00	29.36	13.40	100	State
5	35	7	0	0	1	369.32	240.00	86.04	13.40	100	Representative
4	35	7	0	1	0	316.559949	253.795313	158.811321	13.404001	-1	###LINE###
5	35	7	0	1	0	316.56	253.80	24.69	13.40	100	66th
5	35	7	0	1	1	344.60	253.80	86.03	13.40	100	Representative
5	35	7	0	1	2	434.00	253.80	41.37	13.40	100	District
4	35	7	0	2	0	347.039954	267.595262	98.280875	13.404001	-1	###LINE###
5	35	7	0	2	0	347.04	267.60	64.81	13.40	100	Republican
5	35	7	0	2	1	415.16	267.60	30.16	13.40	100	Party
3	35	7	1	0	0	386.759948	292.404378	52.442482	48.897258	-1	###FLOW###
4	35	7	1	0	0	414.239931	292.404378	24.962499	10.857240	-1	###LINE###
5	35	7	1	0	0	414.24	292.40	24.96	10.86	100	Steve
4	35	7	1	1	0	386.759948	303.564383	52.435847	10.857240	-1	###LINE###
5	35	7	1	1	0	386.76	303.56	52.44	10.86	100	RAWLINGS
4	35	7	1	2	0	414.839947	317.004405	24.339653	10.857240	-1	###LINE###
5	35	7	1	2	0	414.84	317.00	24.34	10.86	100	2,695
4	35	7	1	3	0	414.839947	330.444396	24.339653	10.857240	-1	###LINE###
5	35	7	1	3	0	414.84	330.44	24.34	10.86	100	2,695
3	35	8	0	0	0	244.799973	317.004405	52.328795	24.297231	-1	###FLOW###
4	35	8	0	0	0	244.799973	317.004405	28.125389	10.857240	-1	###LINE###
5	35	8	0	0	0	244.80	317.00	28.13	10.86	100	Boone
4	35	8	0	1	0	244.799973	330.444396	52.328795	10.857240	-1	###LINE###
5	35	8	0	1	0	244.80	330.44	23.10	10.86	100	Total
5	35	8	0	1	1	270.65	330.44	26.48	10.86	100	Votes
3	35	9	0	0	0	506.759928	292.404378	40.562845	48.897258	-1	###FLOW###
4	35	9	0	0	0	522.839930	292.404378	24.300725	10.857240	-1	###LINE###
5	35	9	0	0	0	522.84	292.40	9.72	10.86	100	C.
5	35	9	0	0	1	535.25	292.40	11.89	10.86	100	Ed
4	35	9	0	1	0	506.759928	303.564383	40.562845	10.857240	-1	###LINE###
5	35	9	0	1	0	506.76	303.56	40.56	10.86	100	MASSEY
4	35	9	0	2	0	522.839930	317.004405	24.339653	10.857240	-1	###LINE###
5	35	9	0	2	0	522.84	317.00	24.34	10.86	100	1,227
4	35	9	0	3	0	522.839930	330.444396	24.339653	10.857240	-1	###LINE###
5	35	9	0	3	0	522.84	330.44	24.34	10.86	100	1,227
3	35	10	0	0	0	316.559949	368.035270	158.811321	41.004021	-1	###FLOW###
4	35	10	0	0	0	336.599963	368.035270	118.754055	13.404001	-1	###LINE###
5	35	10	0	0	0	336.60	368.04	29.36	13.40	100	State
5	35	10	0	0	1	369.32	368.04	86.04	13.40	100	Representative
4	35	10	0	1	0	316.559949	381.835280	158.811321	13.404001	-1	###LINE###
5	35	10	0	1	0	316.56	381.84	24.69	13.40	100	68th
5	35	10	0	1	1	344.60	381.84	86.03	13.40	100	Representative
5	35	10	0	1	2	434.00	381.84	41.37	13.40	100	District
4	35	10	0	2	0	347.039954	395.635289	98.280875	13.404001	-1	###LINE###
5	35	10	0	2	0	347.04	395.64	64.81	13.40	100	Republican
5	35	10	0	2	1	415.16	395.64	30.16	13.40	100	Party
3	35	11	0	0	0	190.799966	445.044386	52.328795	24.297262	-1	###FLOW###
4	35	11	0	0	0	190.799966	445.044386	40.952124	10.857240	-1	###LINE###
5	35	11	0	0	0	190.80	445.04	40.95	10.86	100	Campbell
4	35	11	0	1	0	190.799966	458.484408	52.328795	10.857240	-1	###LINE###
5	35	11	0	1	0	190.80	458.48	23.10	10.86	100	Total
5	35	11	0	1	1	216.65	458.48	26.48	10.86	100	Votes
3	35	12	0	0	0	349.679942	420.444390	35.544175	48.897258	-1	###FLOW###
4	35	12	0	0	0	364.679931	420.444390	20.544186	10.857240	-1	###LINE###
5	35	12	0	0	0	364.68	420.44	20.54	10.86	100	Mike
4	35	12	0	1	0	349.679942	431.604395	35.521685	10.857240	-1	###LINE###
5	35	12	0	1	0	349.68	431.60	35.52	10.86	100	CLINES
4	35	12	0	2	0	360.839941	445.044386	24.339653	10.857240	-1	###LINE###
5	35	12	0	2	0	360.84	445.04	24.34	10.86	100	2,827
4	35	12	0	3	0	360.839941	458.484408	24.339653	10.857240	-1	###LINE###
5	35	12	0	3	0	360.84	458.48	24.34	10.86	100	2,827
3	35	13	0	0	0	445.919939	420.444390	47.414151	48.897258	-1	###FLOW###
4	35	13	0	0	0	473.759926	420.444390	19.463937	10.857240	-1	###LINE###
5	35	13	0	0	0	473.76	420.44	19.46	10.86	100	Paul
4	35	13	0	1	0	445.919939	431.604395	47.414151	10.857240	-1	###LINE###
5	35	13	0	1	0	445.92	431.60	47.41	10.86	100	KLOEKER
4	35	13	0	2	0	468.839924	445.044386	24.339653	10.857240	-1	###LINE###
5	35	13	0	2	0	468.84	445.04	24.34	10.86	100	1,640
4	35	13	0	3	0	468.839924	458.484408	24.339653	10.857240	-1	###LINE###
5	35	13	0	3	0	468.84	458.48	24.34	10.86	100	1,640
3	35	14	0	0	0	574.679883	420.444390	26.609936	48.897258	-1	###FLOW###
4	35	14	0	0	0	576.959897	420.444390	24.329921	10.857240	-1	###LINE###
5	35	14	0	0	0	576.96	420.44	24.33	10.86	100	Mirna
4	35	14	0	1	0	574.679883	431.604395	26.587738	10.857240	-1	###LINE###
5	35	14	0	1	0	574.68	431.60	26.59	10.86	100	EADS
4	35	14	0	2	0	584.999913	445.044386	16.232924	10.857240	-1	###LINE###
5	35	14	0	2	0	585.00	445.04	16.23	10.86	100	791
4	35	14	0	3	0	584.999913	458.484408	16.232924	10.857240	-1	###LINE###
5	35	14	0	3	0	585.00	458.48	16.23	10.86	100	791
1	36	0	0	0	0	0.000000	0.000000	792.000000	612.000000	-1	###PAGE###
3	36	0	0	0	0	35.999994	54.115290	161.658823	13.404001	-1	###FLOW###
4	36	0	0	0	0	35.999994	54.115290	161.658823	13.404001	-1	###LINE###
5	36	0	0	0	0	36.00	54.12	89.57	13.40	100	Commonwealth
5	36	0	0	0	1	128.96	54.12	11.33	13.40	100	of
5	36	0	0	0	2	143.60	54.12	54.05	13.40	100	Kentucky
3	36	1	0	0	0	289.919964	54.115290	211.964694	13.404001	-1	###FLOW###
4	36	1	0	0	0	289.919964	54.115290	211.964694	13.404001	-1	###LINE###
5	36	1	0	0	0	289.92	54.12	44.03	13.40	100	Michael
5	36	1	0	0	1	337.40	54.12	12.66	13.40	100	G.
5	36	1	0	0	2	353.48	54.12	43.01	13.40	100	Adams,
5	36	1	0	0	3	399.93	54.12	54.90	13.40	100	Secretary
5	36	1	0	0	4	457.89	54.12	11.33	13.40	100	of
5	36	1	0	0	5	472.52	54.12	29.36	13.40	100	State
3	36	2	0	0	0	584.279905	54.115290	171.619073	13.404001	-1	###FLOW###
4	36	2	0	0	0	584.279905	54.115290	171.619073	13.404001	-1	###LINE###
5	36	2	0	0	0	584.28	54.12	26.72	13.40	100	2022
5	36	2	0	0	1	614.49	54.12	44.86	13.40	100	Primary
5	36	2	0	0	2	662.36	54.12	46.82	13.40	100	Election
5	36	2	0	0	3	712.53	54.12	43.37	13.40	100	Results
3	36	3	0	0	0	316.559949	111.955306	158.811321	41.003991	-1	###FLOW###
4	36	3	0	0	0	336.599963	111.955306	118.754055	13.404001	-1	###LINE###
5	36	3	0	0	0	336.60	111.96	29.36	13.40	100	State
5	36	3	0	0	1	369.32	111.96	86.04	13.40	100	Representative
4	36	3	0	1	0	316.559949	125.755316	158.811321	13.404001	-1	###LINE###
5	36	3	0	1	0	316.56	125.76	24.69	13.40	100	69th
5	36	3	0	1	1	344.60	125.76	86.03	13.40	100	Representative
5	36	3	0	1	2	434.00	125.76	41.37	13.40	100	District
4	36	3	0	2	0	347.039954	139.555296	98.280875	13.404001	-1	###LINE###
5	36	3	0	2	0	347.04	139.56	64.81	13.40	100	Republican
5	36	3	0	2	1	415.16	139.56	30.16	13.40	100	Party
3	36	4	0	0	0	244.799973	188.964408	52.328795	37.497230	-1	###FLOW###
4	36	4	0	0	0	244.799973	188.964408	28.125389	10.857240	-1	###LINE###
5	36	4	0	0	0	244.80	188.96	28.13	10.86	100	Boone
4	36	4	0	1	0	244.799973	202.164407	30.821144	10.857240	-1	###LINE###
5	36	4	0	1	0	244.80	202.16	30.82	10.86	100	Kenton
4	36	4	0	2	0	244.799973	215.604398	52.328795	10.857240	-1	###LINE###
5	36	4	0	2	0	244.80	215.60	23.10	10.86	100	Total
5	36	4	0	2	1	270.65	215.60	26.48	10.86	100	Votes
3	36	5	0	0	0	408.839933	164.364412	30.424868	62.097226	-1	###FLOW###
4	36	5	0	0	0	408.839933	164.364412	30.373474	10.857240	-1	###LINE###
5	36	5	0	0	0	408.84	164.36	30.37	10.86	100	Steven
4	36	5	0	1	0	411.119948	175.524417	28.144853	10.857240	-1	###LINE###
5	36	5	0	1	0	411.12	175.52	28.14	10.86	100	DOAN
4	36	5	0	2	0	422.999924	188.964408	16.232924	10.857240	-1	###LINE###
5	36	5	0	2	0	423.00	188.96	16.23	10.86	100	481
4	36	5	0	3	0	422.999924	202.164407	16.232924	10.857240	-1	###LINE###
5	36	5	0	3	0	423.00	202.16	16.23	10.86	100	888
4	36	5	0	4	0	414.839947	215.604398	24.339653	10.857240	-1	###LINE###
5	36	5	0	4	0	414.84	215.60	24.34	10.86	100	1,369
3	36	6	0	0	0	508.919921	164.364412	38.370189	62.097226	-1	###FLOW###
4	36	6	0	0	0	521.879940	164.364412	25.410170	10.857240	-1	###LINE###
5	36	6	0	0	0	521.88	164.36	25.41	10.86	100	Adam
4	36	6	0	1	0	508.919921	175.524417	38.217441	10.857240	-1	###LINE###
5	36	6	0	1	0	508.92	175.52	38.22	10.86	100	KOENIG
4	36	6	0	2	0	530.999937	188.964408	16.232924	10.857240	-1	###LINE###
5	36	6	0	2	0	531.00	188.96	16.23	10.86	100	351
4	36	6	0	3	0	530.999937	202.164407	16.232924	10.857240	-1	###LINE###
5	36	6	0	3	0	531.00	202.16	16.23	10.86	100	828
4	36	6	0	4	0	522.839930	215.604398	24.339653	10.857240	-1	###LINE###
5	36	6	0	4	0	522.84	215.60	24.34	10.86	100	1,179
3	36	7	0	0	0	316.199944	253.075306	159.532208	41.003961	-1	###FLOW###
4	36	7	0	0	0	336.599963	253.075306	118.754055	13.404001	-1	###LINE###
5	36	7	0	0	0	336.60	253.08	29.36	13.40	100	State
5	36	7	0	0	1	369.32	253.08	86.04	13.40	100	Representative
4	36	7	0	1	0	316.199944	266.875285	159.532208	13.404001	-1	###LINE###
5	36	7	0	1	0	316.20	266.88	25.36	13.40	100	73rd
5	36	7	0	1	1	344.96	266.88	86.03	13.40	100	Representative
5	36	7	0	1	2	434.37	266.88	41.37	13.40	100	District
4	36	7	0	2	0	346.679950	280.675266	98.881614	13.404001	-1	###LINE###
5	36	7	0	2	0	346.68	280.68	65.41	13.40	100	Democratic
5	36	7	0	2	1	415.52	280.68	30.04	13.40	100	Party
3	36	8	0	0	0	244.799973	330.084377	52.328795	37.497246	-1	###FLOW###
4	36	8	0	0	0	244.799973	330.084377	22.704683	10.857240	-1	###LINE###
5	36	8	0	0	0	244.80	330.08	22.70	10.86	100	Clark
4	36	8	0	1	0	244.799973	343.284406	32.290672	10.857240	-1	###LINE###
5	36	8	0	1	0	244.80	343.28	32.29	10.86	100	Fayette
4	36	8	0	2	0	244.799973	356.724382	52.328795	10.857240	-1	###LINE###
5	36	8	0	2	0	244.80	356.72	23.10	10.86	100	Total
5	36	8	0	2	1	270.65	356.72	26.48	10.86	100	Votes
3	36	9	0	0	0	367.799945	305.484382	71.432902	62.097241	-1	###FLOW###
4	36	9	0	0	0	367.799945	305.484382	71.413185	10.857240	-1	###LINE###
5	36	9	0	0	0	367.80	305.48	35.00	10.86	100	Thomas
5	36	9	0	0	1	405.53	305.48	33.68	10.86	100	Weston
4	36	9	0	1	0	390.719929	316.644386	48.406812	10.857240	-1	###LINE###
5	36	9	0	1	0	390.72	316.64	34.74	10.86	100	ADAMS
5	36	9	0	1	1	428.09	316.64	11.04	10.86	100	III.
4	36	9	0	2	0	414.839947	330.084377	24.339653	10.857240	-1	###LINE###
5	36	9	0	2	0	414.84	330.08	24.34	10.86	100	1,099
4	36	9	0	3	0	422.999924	343.284406	16.232924	10.857240	-1	###LINE###
5	36	9	0	3	0	423.00	343.28	16.23	10.86	100	317
4	36	9	0	4	0	414.839947	356.724382	24.339653	10.857240	-1	###LINE###
5	36	9	0	4	0	414.84	356.72	24.34	10.86	100	1,416
3	36	10	0	0	0	496.559919	305.484382	50.904200	62.097241	-1	###FLOW###
4	36	10	0	0	0	526.919933	305.484382	20.544186	10.857240	-1	###LINE###
5	36	10	0	0	0	526.92	305.48	20.54	10.86	100	Rory
4	36	10	0	1	0	496.559919	316.644386	50.703556	10.857240	-1	###LINE###
5	36	10	0	1	0	496.56	316.64	50.70	10.86	100	HOULIHAN
4	36	10	0	2	0	522.839930	330.084377	24.339653	10.857240	-1	###LINE###
5	36	10	0	2	0	522.84	330.08	24.34	10.86	100	1,079
4	36	10	0	3	0	530.999937	343.284406	16.232924	10.857240	-1	###LINE###
5	36	10	0	3	0	531.00	343.28	16.23	10.86	100	165
4	36	10	0	4	0	522.839930	356.724382	24.339653	10.857240	-1	###LINE###
5	36	10	0	4	0	522.84	356.72	24.34	10.86	100	1,244
3	36	11	0	0	0	316.559949	394.315271	158.811321	41.004022	-1	###FLOW###
4	36	11	0	0	0	336.599963	394.315271	118.754055	13.404001	-1	###LINE###
5	36	11	0	0	0	336.60	394.32	29.36	13.40	100	State
5	36	11	0	0	1	369.32	394.32	86.04	13.40	100	Representative
4	36	11	0	1	0	316.559949	408.115282	158.811321	13.404001	-1	###LINE###
5	36	11	0	1	0	316.56	408.12	24.69	13.40	100	75th
5	36	11	0	1	1	344.60	408.12	86.03	13.40	100	Representative
5	36	11	0	1	2	434.00	408.12	41.37	13.40	100	District
4	36	11	0	2	0	346.679950	421.915292	98.881614	13.404001	-1	###LINE###
5	36	11	0	2	0	346.68	421.92	65.41	13.40	100	Democratic
5	36	11	0	2	1	415.52	421.92	30.04	13.40	100	Party
3	36	12	0	0	0	244.799973	471.324388	52.328795	24.297262	-1	###FLOW###
4	36	12	0	0	0	244.799973	471.324388	32.290672	10.857240	-1	###LINE###
5	36	12	0	0	0	244.80	471.32	32.29	10.86	100	Fayette
4	36	12	0	1	0	244.799973	484.764410	52.328795	10.857240	-1	###LINE###
5	36	12	0	1	0	244.80	484.76	23.10	10.86	100	Total
5	36	12	0	1	1	270.65	484.76	26.48	10.86	100	Votes
3	36	13	0	0	0	404.879951	446.724393	34.496353	48.897257	-1	###FLOW###
4	36	13	0	0	0	405.839941	446.724393	33.536364	10.857240	-1	###LINE###
5	36	13	0	0	0	405.84	446.72	33.54	10.86	100	Lindsey
4	36	13	0	1	0	404.879951	457.884397	34.314921	10.857240	-1	###LINE###
5	36	13	0	1	0	404.88	457.88	34.31	10.86	100	BURKE
4	36	13	0	2	0	414.839947	471.324388	24.339653	10.857240	-1	###LINE###
5	36	13	0	2	0	414.84	471.32	24.34	10.86	100	2,822
4	36	13	0	3	0	414.839947	484.764410	24.339653	10.857240	-1	###LINE###
5	36	13	0	3	0	414.84	484.76	24.34	10.86	100	2,822
3	36	14	0	0	0	511.799922	446.724393	35.531417	48.897257	-1	###FLOW###
4	36	14	0	0	0	524.519928	446.724393	22.704683	10.857240	-1	###LINE###
5	36	14	0	0	0	524.52	446.72	22.70	10.86	100	Chris
4	36	14	0	1	0	511.799922	457.884397	35.531417	10.857240	-1	###LINE###
5	36	14	0	1	0	511.80	457.88	35.53	10.86	100	COUCH
4	36	14	0	2	0	530.999937	471.324388	16.232924	10.857240	-1	###LINE###
5	36	14	0	2	0	531.00	471.32	16.23	10.86	100	517
4	36	14	0	3	0	530.999937	484.764410	16.232924	10.857240	-1	###LINE###
5	36	14	0	3	0	531.00	484.76	16.23	10.86	100	517
1	37	0	0	0	0	0.000000	0.000000	792.000000	612.000000	-1	###PAGE###
3	37	0	0	0	0	35.999994	54.115290	161.658823	13.404001	-1	###FLOW###
4	37	0	0	0	0	35.999994	54.115290	161.658823	13.404001	-1	###LINE###
5	37	0	0	0	0	36.00	54.12	89.57	13.40	100	Commonwealth
5	37	0	0	0	1	128.96	54.12	11.33	13.40	100	of
5	37	0	0	0	2	143.60	54.12	54.05	13.40	100	Kentucky
3	37	1	0	0	0	289.919964	54.115290	211.964694	13.404001	-1	###FLOW###
4	37	1	0	0	0	289.919964	54.115290	211.964694	13.404001	-1	###LINE###
5	37	1	0	0	0	289.92	54.12	44.03	13.40	100	Michael
5	37	1	0	0	1	337.40	54.12	12.66	13.40	100	G.
5	37	1	0	0	2	353.48	54.12	43.01	13.40	100	Adams,
5	37	1	0	0	3	399.93	54.12	54.90	13.40	100	Secretary
5	37	1	0	0	4	457.89	54.12	11.33	13.40	100	of
5	37	1	0	0	5	472.52	54.12	29.36	13.40	100	State
3	37	2	0	0	0	584.279905	54.115290	171.619073	13.404001	-1	###FLOW###
4	37	2	0	0	0	584.279905	54.115290	171.619073	13.404001	-1	###LINE###
5	37	2	0	0	0	584.28	54.12	26.72	13.40	100	2022
5	37	2	0	0	1	614.49	54.12	44.86	13.40	100	Primary
5	37	2	0	0	2	662.36	54.12	46.82	13.40	100	Election
5	37	2	0	0	3	712.53	54.12	43.37	13.40	100	Results
3	37	3	0	0	0	316.559949	111.955306	158.811321	41.003991	-1	###FLOW###
4	37	3	0	0	0	336.599963	111.955306	118.754055	13.404001	-1	###LINE###
5	37	3	0	0	0	336.60	111.96	29.36	13.40	100	State
5	37	3	0	0	1	369.32	111.96	86.04	13.40	100	Representative
4	37	3	0	1	0	316.559949	125.755316	158.811321	13.404001	-1	###LINE###
5	37	3	0	1	0	316.56	125.76	24.69	13.40	100	79th
5	37	3	0	1	1	344.60	125.76	86.03	13.40	100	Representative
5	37	3	0	1	2	434.00	125.76	41.37	13.40	100	District
4	37	3	0	2	0	346.679950	139.555296	98.881614	13.404001	-1	###LINE###
5	37	3	0	2	0	346.68	139.56	65.41	13.40	100	Democratic
5	37	3	0	2	1	415.52	139.56	30.04	13.40	100	Party
3	37	4	0	0	0	244.799973	188.964408	52.328795	24.297231	-1	###FLOW###
4	37	4	0	0	0	244.799973	188.964408	32.290672	10.857240	-1	###LINE###
5	37	4	0	0	0	244.80	188.96	32.29	10.86	100	Fayette
4	37	4	0	1	0	244.799973	202.404399	52.328795	10.857240	-1	###LINE###
5	37	4	0	1	0	244.80	202.40	23.10	10.86	100	Total
5	37	4	0	1	1	270.65	202.40	26.48	10.86	100	Votes
3	37	5	0	0	0	413.879927	164.364412	25.371242	48.897227	-1	###FLOW###
4	37	5	0	0	0	416.039950	164.364412	23.162085	10.857240	-1	###LINE###
5	37	5	0	0	0	416.04	164.36	23.16	10.86	100	Chad
4	37	5	0	1	0	413.879927	175.524417	25.371242	10.857240	-1	###LINE###
5	37	5	0	1	0	413.88	175.52	25.37	10.86	100	AULL
4	37	5	0	2	0	414.839947	188.964408	24.339653	10.857240	-1	###LINE###
5	37	5	0	2	0	414.84	188.96	24.34	10.86	100	2,790
4	37	5	0	3	0	414.839947	202.404399	24.339653	10.857240	-1	###LINE###
5	37	5	0	3	0	414.84	202.40	24.34	10.86	100	2,790
3	37	6	0	0	0	493.319945	164.364412	53.992962	48.897227	-1	###FLOW###
4	37	6	0	0	0	521.639897	164.364412	25.565881	10.857240	-1	###LINE###
5	37	6	0	0	0	521.64	164.36	25.57	10.86	100	Justin
4	37	6	0	1	0	493.319945	175.524417	53.992962	10.857240	-1	###LINE###
5	37	6	0	1	0	493.32	175.52	53.99	10.86	100	BRAMHALL
4	37	6	0	2	0	530.999937	188.964408	16.232924	10.857240	-1	###LINE###
5	37	6	0	2	0	531.00	188.96	16.23	10.86	100	422
4	37	6	0	3	0	530.999937	202.404399	16.232924	10.857240	-1	###LINE###
5	37	6	0	3	0	531.00	202.40	16.23	10.86	100	422
3	37	7	0	0	0	316.559949	239.995303	158.811321	41.003960	-1	###FLOW###
4	37	7	0	0	0	336.599963	239.995303	118.754055	13.404001	-1	###LINE###
5	37	7	0	0	0	336.60	240.00	29.36	13.40	100	State
5	37	7	0	0	1	369.32	240.00	86.04	13.40	100	Representative
4	37	7	0	1	0	316.559949	253.795313	158.811321	13.404001	-1	###LINE###
5	37	7	0	1	0	316.56	253.80	24.69	13.40	100	86th
5	37	7	0	1	1	344.60	253.80	86.03	13.40	100	Representative
5	37	7	0	1	2	434.00	253.80	41.37	13.40	100	District
4	37	7	0	2	0	347.039954	267.595262	98.280875	13.404001	-1	###LINE###
5	37	7	0	2	0	347.04	267.60	64.81	13.40	100	Republican
5	37	7	0	2	1	415.16	267.60	30.16	13.40	100	Party
3	37	8	0	0	0	244.799973	317.004405	52.328795	37.497230	-1	###FLOW###
4	37	8	0	0	0	244.799973	317.004405	22.169424	10.857240	-1	###LINE###
5	37	8	0	0	0	244.80	317.00	22.17	10.86	100	Knox
4	37	8	0	1	0	244.799973	330.204404	27.045141	10.857240	-1	###LINE###
5	37	8	0	1	0	244.80	330.20	27.05	10.86	100	Laurel
4	37	8	0	2	0	244.799973	343.644395	52.328795	10.857240	-1	###LINE###
5	37	8	0	2	0	244.80	343.64	23.10	10.86	100	Total
5	37	8	0	2	1	270.65	343.64	26.48	10.86	100	Votes
3	37	9	0	0	0	395.399950	292.404378	43.926955	62.097257	-1	###FLOW###
4	37	9	0	0	0	395.399950	292.404378	43.793859	10.857240	-1	###LINE###
5	37	9	0	0	0	395.40	292.40	19.14	10.86	100	Tom
5	37	9	0	0	1	417.05	292.40	22.14	10.86	100	Odell
4	37	9	0	1	0	409.079946	303.564383	30.246958	10.857240	-1	###LINE###
5	37	9	0	1	0	409.08	303.56	30.25	10.86	100	SMITH
4	37	9	0	2	0	414.839947	317.004405	24.339653	10.857240	-1	###LINE###
5	37	9	0	2	0	414.84	317.00	24.34	10.86	100	3,624
4	37	9	0	3	0	422.999924	330.204404	16.232924	10.857240	-1	###LINE###
5	37	9	0	3	0	423.00	330.20	16.23	10.86	100	743
4	37	9	0	4	0	414.839947	343.644395	24.339653	10.857240	-1	###LINE###
5	37	9	0	4	0	414.84	343.64	24.34	10.86	100	4,367
3	37	10	0	0	0	494.999943	292.404378	52.260671	62.097257	-1	###FLOW###
4	37	10	0	0	0	524.999892	292.404378	22.159692	10.857240	-1	###LINE###
5	37	10	0	0	0	525.00	292.40	22.16	10.86	100	Keith
4	37	10	0	1	0	494.999943	303.564383	52.260671	10.857240	-1	###LINE###
5	37	10	0	1	0	495.00	303.56	52.26	10.86	100	DINSMORE
4	37	10	0	2	0	530.999937	317.004405	16.232924	10.857240	-1	###LINE###
5	37	10	0	2	0	531.00	317.00	16.23	10.86	100	969
4	37	10	0	3	0	530.999937	330.204404	16.232924	10.857240	-1	###LINE###
5	37	10	0	3	0	531.00	330.20	16.23	10.86	100	375
4	37	10	0	4	0	522.839930	343.644395	24.339653	10.857240	-1	###LINE###
5	37	10	0	4	0	522.84	343.64	24.34	10.86	100	1,344
3	37	11	0	0	0	316.799961	381.115272	158.210582	41.004022	-1	###FLOW###
4	37	11	0	0	0	336.599963	381.115272	118.754055	13.404001	-1	###LINE###
5	37	11	0	0	0	336.60	381.12	29.36	13.40	100	State
5	37	11	0	0	1	369.32	381.12	86.04	13.40	100	Representative
4	37	11	0	1	0	316.799961	394.915283	158.210582	13.404001	-1	###LINE###
5	37	11	0	1	0	316.80	394.92	24.04	13.40	100	91st
5	37	11	0	1	1	344.24	394.92	86.04	13.40	100	Representative
5	37	11	0	1	2	433.64	394.92	41.37	13.40	100	District
4	37	11	0	2	0	347.039954	408.715293	98.280875	13.404001	-1	###LINE###
5	37	11	0	2	0	347.04	408.72	64.81	13.40	100	Republican
5	37	11	0	2	1	415.16	408.72	30.16	13.40	100	Party
3	37	12	0	0	0	244.799973	458.124389	52.328795	50.697260	-1	###FLOW###
4	37	12	0	0	0	244.799973	458.124389	20.631773	10.857240	-1	###LINE###
5	37	12	0	0	0	244.80	458.12	20.63	10.86	100	Estill
4	37	12	0	1	0	244.799973	471.324388	36.679789	10.857240	-1	###LINE###
5	37	12	0	1	0	244.80	471.32	36.68	10.86	100	Madison
4	37	12	0	2	0	244.799973	484.524388	28.446544	10.857240	-1	###LINE###
5	37	12	0	2	0	244.80	484.52	28.45	10.86	100	Powell
4	37	12	0	3	0	244.799973	497.964409	52.328795	10.857240	-1	###LINE###
5	37	12	0	3	0	244.80	497.96	23.10	10.86	100	Total
5	37	12	0	3	1	270.65	497.96	26.48	10.86	100	Votes
3	37	13	0	0	0	398.279951	433.524394	41.039711	75.297255	-1	###FLOW###
4	37	13	0	0	0	426.239929	433.524394	12.962982	10.857240	-1	###LINE###
5	37	13	0	0	0	426.24	433.52	12.96	10.86	100	Bill
4	37	13	0	1	0	398.279951	444.684398	41.039711	10.857240	-1	###LINE###
5	37	13	0	1	0	398.28	444.68	41.04	10.86	100	WESLEY
4	37	13	0	2	0	414.839947	458.124389	24.339653	10.857240	-1	###LINE###
5	37	13	0	2	0	414.84	458.12	24.34	10.86	100	1,414
4	37	13	0	3	0	422.999924	471.324388	16.232924	10.857240	-1	###LINE###
5	37	13	0	3	0	423.00	471.32	16.23	10.86	100	574
4	37	13	0	4	0	422.999924	484.524388	16.232924	10.857240	-1	###LINE###
5	37	13	0	4	0	423.00	484.52	16.23	10.86	100	522
4	37	13	0	5	0	414.839947	497.964409	24.339653	10.857240	-1	###LINE###
5	37	13	0	5	0	414.84	497.96	24.34	10.86	100	2,510
3	37	14	0	0	0	501.959917	433.524394	45.272944	75.297255	-1	###FLOW###
4	37	14	0	0	0	503.879927	433.524394	43.248868	10.857240	-1	###LINE###
5	37	14	0	0	0	503.88	433.52	28.19	10.86	100	Darrell
5	37	14	0	0	1	534.65	433.52	12.48	10.86	100	W.
4	37	14	0	1	0	501.959917	444.684398	45.243922	10.857240	-1	###LINE###
5	37	14	0	1	0	501.96	444.68	45.24	10.86	100	BILLINGS
4	37	14	0	2	0	530.999937	458.124389	16.232924	10.857240	-1	###LINE###
5	37	14	0	2	0	531.00	458.12	16.23	10.86	100	424
4	37	14	0	3	0	530.999937	471.324388	16.232924	10.857240	-1	###LINE###
5	37	14	0	3	0	531.00	471.32	16.23	10.86	100	333
4	37	14	0	4	0	530.999937	484.524388	16.232924	10.857240	-1	###LINE###
5	37	14	0	4	0	531.00	484.52	16.23	10.86	100	702
4	37	14	0	5	0	522.839930	497.964409	24.339653	10.857240	-1	###LINE###
5	37	14	0	5	0	522.84	497.96	24.34	10.86	100	1,459
1	38	0	0	0	0	0.000000	0.000000	792.000000	612.000000	-1	###PAGE###
3	38	0	0	0	0	35.999994	54.115290	161.658823	13.404001	-1	###FLOW###
4	38	0	0	0	0	35.999994	54.115290	161.658823	13.404001	-1	###LINE###
5	38	0	0	0	0	36.00	54.12	89.57	13.40	100	Commonwealth
5	38	0	0	0	1	128.96	54.12	11.33	13.40	100	of
5	38	0	0	0	2	143.60	54.12	54.05	13.40	100	Kentucky
3	38	1	0	0	0	289.919964	54.115290	211.964694	13.404001	-1	###FLOW###
4	38	1	0	0	0	289.919964	54.115290	211.964694	13.404001	-1	###LINE###
5	38	1	0	0	0	289.92	54.12	44.03	13.40	100	Michael
5	38	1	0	0	1	337.40	54.12	12.66	13.40	100	G.
5	38	1	0	0	2	353.48	54.12	43.01	13.40	100	Adams,
5	38	1	0	0	3	399.93	54.12	54.90	13.40	100	Secretary
5	38	1	0	0	4	457.89	54.12	11.33	13.40	100	of
5	38	1	0	0	5	472.52	54.12	29.36	13.40	100	State
3	38	2	0	0	0	316.559949	111.955306	158.811321	41.003991	-1	###FLOW###
4	38	2	0	0	0	336.599963	111.955306	118.754055	13.404001	-1	###LINE###
5	38	2	0	0	0	336.60	111.96	29.36	13.40	100	State
5	38	2	0	0	1	369.32	111.96	86.04	13.40	100	Representative
4	38	2	0	1	0	316.559949	125.755316	158.811321	13.404001	-1	###LINE###
5	38	2	0	1	0	316.56	125.76	24.69	13.40	100	94th
5	38	2	0	1	1	344.60	125.76	86.03	13.40	100	Representative
5	38	2	0	1	2	434.00	125.76	41.37	13.40	100	District
4	38	2	0	2	0	347.039954	139.555296	98.280875	13.404001	-1	###LINE###
5	38	2	0	2	0	347.04	139.56	64.81	13.40	100	Republican
5	38	2	0	2	1	415.16	139.56	30.16	13.40	100	Party
3	38	3	0	0	0	244.799973	188.964408	52.328795	50.697229	-1	###FLOW###
4	38	3	0	0	0	244.799973	188.964408	28.563328	10.857240	-1	###LINE###
5	38	3	0	0	0	244.80	188.96	28.56	10.86	100	Harlan
4	38	3	0	1	0	244.799973	202.164407	32.446383	10.857240	-1	###LINE###
5	38	3	0	1	0	244.80	202.16	32.45	10.86	100	Letcher
4	38	3	0	2	0	244.799973	215.364406	18.918947	10.857240	-1	###LINE###
5	38	3	0	2	0	244.80	215.36	18.92	10.86	100	Pike
4	38	3	0	3	0	244.799973	228.804397	52.328795	10.857240	-1	###LINE###
5	38	3	0	3	0	244.80	228.80	23.10	10.86	100	Total
5	38	3	0	3	1	270.65	228.80	26.48	10.86	100	Votes
3	38	4	0	0	0	398.279951	164.364412	40.952897	75.297225	-1	###FLOW###
4	38	4	0	0	0	400.679956	164.364412	38.451008	10.857240	-1	###LINE###
5	38	4	0	0	0	400.68	164.36	25.96	10.86	100	Jacob
5	38	4	0	0	1	429.41	164.36	9.72	10.86	100	D.
4	38	4	0	1	0	398.279951	175.524417	40.922928	10.857240	-1	###LINE###
5	38	4	0	1	0	398.28	175.52	40.92	10.86	100	JUSTICE
4	38	4	0	2	0	422.999924	188.964408	16.232924	10.857240	-1	###LINE###
5	38	4	0	2	0	423.00	188.96	16.23	10.86	100	429
4	38	4	0	3	0	422.999924	202.164407	16.232924	10.857240	-1	###LINE###
5	38	4	0	3	0	423.00	202.16	16.23	10.86	100	674
4	38	4	0	4	0	422.999924	215.364406	16.232924	10.857240	-1	###LINE###
5	38	4	0	4	0	423.00	215.36	16.23	10.86	100	574
4	38	4	0	5	0	414.839947	228.804397	24.339653	10.857240	-1	###LINE###
5	38	4	0	5	0	414.84	228.80	24.34	10.86	100	1,677
3	38	5	0	0	0	497.519940	164.364412	49.737097	75.297225	-1	###FLOW###
4	38	5	0	0	0	510.479928	164.364412	36.777109	10.857240	-1	###LINE###
5	38	5	0	0	0	510.48	164.36	36.78	10.86	100	Brandon
4	38	5	0	1	0	497.519940	175.524417	49.671968	10.857240	-1	###LINE###
5	38	5	0	1	0	497.52	175.52	49.67	10.86	100	EDWARDS
4	38	5	0	2	0	530.999937	188.964408	16.232924	10.857240	-1	###LINE###
5	38	5	0	2	0	531.00	188.96	16.23	10.86	100	984
4	38	5	0	3	0	530.999937	202.164407	16.232924	10.857240	-1	###LINE###
5	38	5	0	3	0	531.00	202.16	16.23	10.86	100	422
4	38	5	0	4	0	530.999937	215.364406	16.232924	10.857240	-1	###LINE###
5	38	5	0	4	0	531.00	215.36	16.23	10.86	100	172
4	38	5	0	5	0	522.839930	228.804397	24.339653	10.857240	-1	###LINE###
5	38	5	0	5	0	522.84	228.80	24.34	10.86	100	1,578
3	38	6	0	0	0	316.559949	266.275275	158.811321	41.003991	-1	###FLOW###
4	38	6	0	0	0	336.599963	266.275275	118.754055	13.404001	-1	###LINE###
5	38	6	0	0	0	336.60	266.28	29.36	13.40	100	State
5	38	6	0	0	1	369.32	266.28	86.04	13.40	100	Representative
4	38	6	0	1	0	316.559949	280.075284	158.811321	13.404001	-1	###LINE###
5	38	6	0	1	0	316.56	280.08	24.69	13.40	100	95th
5	38	6	0	1	1	344.60	280.08	86.03	13.40	100	Representative
5	38	6	0	1	2	434.00	280.08	41.37	13.40	100	District
4	38	6	0	2	0	347.039954	293.875265	98.280875	13.404001	-1	###LINE###
5	38	6	0	2	0	347.04	293.88	64.81	13.40	100	Republican
5	38	6	0	2	1	415.16	293.88	30.16	13.40	100	Party
3	38	7	0	0	0	244.799973	343.284406	52.328795	37.497215	-1	###FLOW###
4	38	7	0	0	0	244.799973	343.284406	23.522168	10.857240	-1	###LINE###
5	38	7	0	0	0	244.80	343.28	23.52	10.86	100	Floyd
4	38	7	0	1	0	244.799973	356.484391	18.918947	10.857240	-1	###LINE###
5	38	7	0	1	0	244.80	356.48	18.92	10.86	100	Pike
4	38	7	0	2	0	244.799973	369.924381	52.328795	10.857240	-1	###LINE###
5	38	7	0	2	0	244.80	369.92	23.10	10.86	100	Total
5	38	7	0	2	1	270.65	369.92	26.48	10.86	100	Votes
3	38	8	0	0	0	392.399928	318.684381	46.859429	62.097241	-1	###FLOW###
4	38	8	0	0	0	402.479946	318.684381	36.777109	10.857240	-1	###LINE###
5	38	8	0	0	0	402.48	318.68	36.78	10.86	100	Brandon
4	38	8	0	1	0	392.399928	329.844385	46.859429	10.857240	-1	###LINE###
5	38	8	0	1	0	392.40	329.84	46.86	10.86	100	SPENCER
4	38	8	0	2	0	422.999924	343.284406	16.232924	10.857240	-1	###LINE###
5	38	8	0	2	0	423.00	343.28	16.23	10.86	100	859
4	38	8	0	3	0	422.999924	356.484391	16.232924	10.857240	-1	###LINE###
5	38	8	0	3	0	423.00	356.48	16.23	10.86	100	251
4	38	8	0	4	0	414.839947	369.924381	24.339653	10.857240	-1	###LINE###
5	38	8	0	4	0	414.84	369.92	24.34	10.86	100	1,110
3	38	9	0	0	0	482.639942	318.684381	64.691184	62.097241	-1	###FLOW###
4	38	9	0	0	0	498.719943	318.684381	48.611183	10.857240	-1	###LINE###
5	38	9	0	0	0	498.72	318.68	24.87	10.86	100	David
5	38	9	0	0	1	526.25	318.68	21.08	10.86	100	Kelly
4	38	9	0	1	0	482.639942	329.844385	64.688395	10.857240	-1	###LINE###
5	38	9	0	1	0	482.64	329.84	64.69	10.86	100	PENNINGTON
4	38	9	0	2	0	530.999937	343.284406	16.232924	10.857240	-1	###LINE###
5	38	9	0	2	0	531.00	343.28	16.23	10.86	100	621
4	38	9	0	3	0	530.999937	356.484391	16.232924	10.857240	-1	###LINE###
5	38	9	0	3	0	531.00	356.48	16.23	10.86	100	172
4	38	9	0	4	0	530.999937	369.924381	16.232924	10.857240	-1	###LINE###
5	38	9	0	4	0	531.00	369.92	16.23	10.86	100	793
3	38	10	0	0	0	316.559949	407.515301	158.811321	41.003991	-1	###FLOW###
4	38	10	0	0	0	336.599963	407.515301	118.754055	13.404001	-1	###LINE###
5	38	10	0	0	0	336.60	407.52	29.36	13.40	100	State
5	38	10	0	0	1	369.32	407.52	86.04	13.40	100	Representative
4	38	10	0	1	0	316.559949	421.315281	158.811321	13.404001	-1	###LINE###
5	38	10	0	1	0	316.56	421.32	24.69	13.40	100	97th
5	38	10	0	1	1	344.60	421.32	86.03	13.40	100	Representative
5	38	10	0	1	2	434.00	421.32	41.37	13.40	100	District
4	38	10	0	2	0	347.039954	435.115291	98.280875	13.404001	-1	###LINE###
5	38	10	0	2	0	347.04	435.12	64.81	13.40	100	Republican
5	38	10	0	2	1	415.16	435.12	30.16	13.40	100	Party
3	38	11	0	0	0	244.799973	484.524388	52.328795	50.697260	-1	###FLOW###
4	38	11	0	0	0	244.799973	484.524388	36.786841	10.857240	-1	###LINE###
5	38	11	0	0	0	244.80	484.52	36.79	10.86	100	Johnson
4	38	11	0	1	0	244.799973	497.724387	27.025677	10.857240	-1	###LINE###
5	38	11	0	1	0	244.80	497.72	27.03	10.86	100	Martin
4	38	11	0	2	0	244.799973	510.924386	18.918947	10.857240	-1	###LINE###
5	38	11	0	2	0	244.80	510.92	18.92	10.86	100	Pike
4	38	11	0	3	0	244.799973	524.364408	52.328795	10.857240	-1	###LINE###
5	38	11	0	3	0	244.80	524.36	23.10	10.86	100	Total
5	38	11	0	3	1	270.65	524.36	26.48	10.86	100	Votes
3	38	12	0	0	0	397.079948	459.924392	42.178194	75.297256	-1	###FLOW###
4	38	12	0	0	0	397.079948	459.924392	42.051836	10.857240	-1	###LINE###
5	38	12	0	0	0	397.08	459.92	27.31	10.86	100	Bobby
5	38	12	0	0	1	426.77	459.92	12.36	10.86	100	W.
4	38	12	0	1	0	397.799955	471.084396	41.458186	10.857240	-1	###LINE###
5	38	12	0	1	0	397.80	471.08	41.46	10.86	100	McCOOL
4	38	12	0	2	0	414.839947	484.524388	24.339653	10.857240	-1	###LINE###
5	38	12	0	2	0	414.84	484.52	24.34	10.86	100	3,388
4	38	12	0	3	0	422.999924	497.724387	16.232924	10.857240	-1	###LINE###
5	38	12	0	3	0	423.00	497.72	16.23	10.86	100	609
4	38	12	0	4	0	422.999924	510.924386	16.232924	10.857240	-1	###LINE###
5	38	12	0	4	0	423.00	510.92	16.23	10.86	100	247
4	38	12	0	5	0	414.839947	524.364408	24.339653	10.857240	-1	###LINE###
5	38	12	0	5	0	414.84	524.36	24.34	10.86	100	4,244
3	38	13	0	0	0	487.559944	459.924392	59.705627	75.297256	-1	###FLOW###
4	38	13	0	0	0	498.599921	459.924392	48.474935	10.857240	-1	###LINE###
5	38	13	0	0	0	498.60	459.92	29.05	10.86	100	Norma
5	38	13	0	0	1	530.33	459.92	16.75	10.86	100	Kirk
4	38	13	0	1	0	487.559944	471.084396	59.705627	10.857240	-1	###LINE###
5	38	13	0	1	0	487.56	471.08	59.71	10.86	100	McCORMICK
4	38	13	0	2	0	530.999937	484.524388	16.232924	10.857240	-1	###LINE###
5	38	13	0	2	0	531.00	484.52	16.23	10.86	100	603
4	38	13	0	3	0	522.839930	497.724387	24.339653	10.857240	-1	###LINE###
5	38	13	0	3	0	522.84	497.72	24.34	10.86	100	1,886
4	38	13	0	4	0	530.999937	510.924386	16.232924	10.857240	-1	###LINE###
5	38	13	0	4	0	531.00	510.92	16.23	10.86	100	289
4	38	13	0	5	0	522.839930	524.364408	24.339653	10.857240	-1	###LINE###
5	38	13	0	5	0	522.84	524.36	24.34	10.86	100	2,778
3	38	14	0	0	0	584.279905	54.115290	171.619073	13.404001	-1	###FLOW###
4	38	14	0	0	0	584.279905	54.115290	171.619073	13.404001	-1	###LINE###
5	38	14	0	0	0	584.28	54.12	26.72	13.40	100	2022
5	38	14	0	0	1	614.49	54.12	44.86	13.40	100	Primary
5	38	14	0	0	2	662.36	54.12	46.82	13.40	100	Election
5	38	14	0	0	3	712.53	54.12	43.37	13.40	100	Results
1	39	0	0	0	0	0.000000	0.000000	792.000000	612.000000	-1	###PAGE###
3	39	0	0	0	0	35.999994	54.115290	161.658823	13.404001	-1	###FLOW###
4	39	0	0	0	0	35.999994	54.115290	161.658823	13.404001	-1	###LINE###
5	39	0	0	0	0	36.00	54.12	89.57	13.40	100	Commonwealth
5	39	0	0	0	1	128.96	54.12	11.33	13.40	100	of
5	39	0	0	0	2	143.60	54.12	54.05	13.40	100	Kentucky
3	39	1	0	0	0	289.919964	54.115290	211.964694	13.404001	-1	###FLOW###
4	39	1	0	0	0	289.919964	54.115290	211.964694	13.404001	-1	###LINE###
5	39	1	0	0	0	289.92	54.12	44.03	13.40	100	Michael
5	39	1	0	0	1	337.40	54.12	12.66	13.40	100	G.
5	39	1	0	0	2	353.48	54.12	43.01	13.40	100	Adams,
5	39	1	0	0	3	399.93	54.12	54.90	13.40	100	Secretary
5	39	1	0	0	4	457.89	54.12	11.33	13.40	100	of
5	39	1	0	0	5	472.52	54.12	29.36	13.40	100	State
3	39	2	0	0	0	584.279905	54.115290	171.619073	13.404001	-1	###FLOW###
4	39	2	0	0	0	584.279905	54.115290	171.619073	13.404001	-1	###LINE###
5	39	2	0	0	0	584.28	54.12	26.72	13.40	100	2022
5	39	2	0	0	1	614.49	54.12	44.86	13.40	100	Primary
5	39	2	0	0	2	662.36	54.12	46.82	13.40	100	Election
5	39	2	0	0	3	712.53	54.12	43.37	13.40	100	Results
3	39	3	0	0	0	316.559949	111.955306	158.811321	41.003991	-1	###FLOW###
4	39	3	0	0	0	336.599963	111.955306	118.754055	13.404001	-1	###LINE###
5	39	3	0	0	0	336.60	111.96	29.36	13.40	100	State
5	39	3	0	0	1	369.32	111.96	86.04	13.40	100	Representative
4	39	3	0	1	0	316.559949	125.755316	158.811321	13.404001	-1	###LINE###
5	39	3	0	1	0	316.56	125.76	24.69	13.40	100	98th
5	39	3	0	1	1	344.60	125.76	86.03	13.40	100	Representative
5	39	3	0	1	2	434.00	125.76	41.37	13.40	100	District
4	39	3	0	2	0	347.039954	139.555296	98.280875	13.404001	-1	###LINE###
5	39	3	0	2	0	347.04	139.56	64.81	13.40	100	Republican
5	39	3	0	2	1	415.16	139.56	30.16	13.40	100	Party
3	39	4	0	0	0	244.799973	188.964408	52.328795	37.497230	-1	###FLOW###
4	39	4	0	0	0	244.799973	188.964408	21.965053	10.857240	-1	###LINE###
5	39	4	0	0	0	244.80	188.96	21.97	10.86	100	Boyd
4	39	4	0	1	0	244.799973	202.164407	37.857358	10.857240	-1	###LINE###
5	39	4	0	1	0	244.80	202.16	37.86	10.86	100	Greenup
4	39	4	0	2	0	244.799973	215.604398	52.328795	10.857240	-1	###LINE###
5	39	4	0	2	0	244.80	215.60	23.10	10.86	100	Total
5	39	4	0	2	1	270.65	215.60	26.48	10.86	100	Votes
3	39	5	0	0	0	394.199947	164.364412	45.117406	62.097226	-1	###FLOW###
4	39	5	0	0	0	398.879937	164.364412	40.251422	10.857240	-1	###LINE###
5	39	5	0	0	0	398.88	164.36	28.03	10.86	100	Danny
5	39	5	0	0	1	429.41	164.36	9.72	10.86	100	R.
4	39	5	0	1	0	394.199947	175.524417	45.117406	10.857240	-1	###LINE###
5	39	5	0	1	0	394.20	175.52	45.12	10.86	100	BENTLEY
4	39	5	0	2	0	422.999924	188.964408	16.232924	10.857240	-1	###LINE###
5	39	5	0	2	0	423.00	188.96	16.23	10.86	100	307
4	39	5	0	3	0	414.839947	202.164407	24.339653	10.857240	-1	###LINE###
5	39	5	0	3	0	414.84	202.16	24.34	10.86	100	3,188
4	39	5	0	4	0	414.839947	215.604398	24.339653	10.857240	-1	###LINE###
5	39	5	0	4	0	414.84	215.60	24.34	10.86	100	3,495
3	39	6	0	0	0	488.159929	164.364412	59.149582	62.097226	-1	###FLOW###
4	39	6	0	0	0	488.159929	164.364412	59.043853	10.857240	-1	###LINE###
5	39	6	0	0	0	488.16	164.36	28.38	10.86	100	James
5	39	6	0	0	1	519.29	164.36	27.91	10.86	100	Arnold
4	39	6	0	1	0	493.919931	175.524417	53.389579	10.857240	-1	###LINE###
5	39	6	0	1	0	493.92	175.52	53.39	10.86	100	CAMPBELL
4	39	6	0	2	0	530.999937	188.964408	16.232924	10.857240	-1	###LINE###
5	39	6	0	2	0	531.00	188.96	16.23	10.86	100	265
4	39	6	0	3	0	522.839930	202.164407	24.339653	10.857240	-1	###LINE###
5	39	6	0	3	0	522.84	202.16	24.34	10.86	100	1,029
4	39	6	0	4	0	522.839930	215.604398	24.339653	10.857240	-1	###LINE###
5	39	6	0	4	0	522.84	215.60	24.34	10.86	100	1,294
3	39	7	0	0	0	316.559949	253.075306	158.811321	41.003961	-1	###FLOW###
4	39	7	0	0	0	336.599963	253.075306	118.754055	13.404001	-1	###LINE###
5	39	7	0	0	0	336.60	253.08	29.36	13.40	100	State
5	39	7	0	0	1	369.32	253.08	86.04	13.40	100	Representative
4	39	7	0	1	0	316.559949	266.875285	158.811321	13.404001	-1	###LINE###
5	39	7	0	1	0	316.56	266.88	24.69	13.40	100	99th
5	39	7	0	1	1	344.60	266.88	86.03	13.40	100	Representative
5	39	7	0	1	2	434.00	266.88	41.37	13.40	100	District
4	39	7	0	2	0	346.679950	280.675266	98.881614	13.404001	-1	###LINE###
5	39	7	0	2	0	346.68	280.68	65.41	13.40	100	Democratic
5	39	7	0	2	1	415.52	280.68	30.04	13.40	100	Party
3	39	8	0	0	0	244.799973	330.084377	52.328795	50.697245	-1	###FLOW###
4	39	8	0	0	0	244.799973	330.084377	23.765467	10.857240	-1	###LINE###
5	39	8	0	0	0	244.80	330.08	23.77	10.86	100	Elliott
4	39	8	0	1	0	244.799973	343.284406	32.894054	10.857240	-1	###LINE###
5	39	8	0	1	0	244.80	343.28	32.89	10.86	100	Morgan
4	39	8	0	2	0	244.799973	356.484391	30.013391	10.857240	-1	###LINE###
5	39	8	0	2	0	244.80	356.48	30.01	10.86	100	Rowan
4	39	8	0	3	0	244.799973	369.924381	52.328795	10.857240	-1	###LINE###
5	39	8	0	3	0	244.80	369.92	23.10	10.86	100	Total
5	39	8	0	3	1	270.65	369.92	26.48	10.86	100	Votes
3	39	9	0	0	0	384.239951	305.484382	55.092674	75.297240	-1	###FLOW###
4	39	9	0	0	0	414.839947	305.484382	24.329921	10.857240	-1	###LINE###
5	39	9	0	0	0	414.84	305.48	24.33	10.86	100	Kevin
4	39	9	0	1	0	384.239951	316.644386	55.092674	10.857240	-1	###LINE###
5	39	9	0	1	0	384.24	316.64	55.09	10.86	100	ANDERSON
4	39	9	0	2	0	422.999924	330.084377	16.232924	10.857240	-1	###LINE###
5	39	9	0	2	0	423.00	330.08	16.23	10.86	100	429
4	39	9	0	3	0	414.839947	343.284406	24.339653	10.857240	-1	###LINE###
5	39	9	0	3	0	414.84	343.28	24.34	10.86	100	1,172
4	39	9	0	4	0	414.839947	356.484391	24.339653	10.857240	-1	###LINE###
5	39	9	0	4	0	414.84	356.48	24.34	10.86	100	1,683
4	39	9	0	5	0	414.839947	369.924381	24.339653	10.857240	-1	###LINE###
5	39	9	0	5	0	414.84	369.92	24.34	10.86	100	3,284
3	39	10	0	0	0	505.679917	305.484382	41.574970	75.297240	-1	###FLOW###
4	39	10	0	0	0	514.439941	305.484382	32.777270	10.857240	-1	###LINE###
5	39	10	0	0	0	514.44	305.48	32.78	10.86	100	Edward
4	39	10	0	1	0	505.679917	316.644386	41.574970	10.857240	-1	###LINE###
5	39	10	0	1	0	505.68	316.64	41.57	10.86	100	FRAZIER
4	39	10	0	2	0	530.999937	330.084377	16.232924	10.857240	-1	###LINE###
5	39	10	0	2	0	531.00	330.08	16.23	10.86	100	867
4	39	10	0	3	0	530.999937	343.284406	16.232924	10.857240	-1	###LINE###
5	39	10	0	3	0	531.00	343.28	16.23	10.86	100	392
4	39	10	0	4	0	530.999937	356.484391	16.232924	10.857240	-1	###LINE###
5	39	10	0	4	0	531.00	356.48	16.23	10.86	100	466
4	39	10	0	5	0	522.839930	369.924381	24.339653	10.857240	-1	###LINE###
5	39	10	0	5	0	522.84	369.92	24.34	10.86	100	1,725
1	40	0	0	0	0	0.000000	0.000000	792.000000	612.000000	-1	###PAGE###
3	40	0	0	0	0	270.479967	198.146192	251.051264	32.390746	-1	###FLOW###
4	40	0	0	0	0	299.759939	198.146192	192.474066	15.950760	-1	###LINE###
5	40	0	0	0	0	299.76	198.15	106.66	15.95	100	Commonwealth
5	40	0	0	0	1	410.39	198.15	13.48	15.95	100	of
5	40	0	0	0	2	427.91	198.15	64.32	15.95	100	Kentucky
4	40	0	0	1	0	270.479967	214.586178	251.051264	15.950760	-1	###LINE###
5	40	0	0	1	0	270.48	214.59	52.24	15.95	100	Michael
5	40	0	0	1	1	326.63	214.59	15.07	15.95	100	G.
5	40	0	0	1	2	345.60	214.59	51.00	15.95	100	Adams,
5	40	0	0	1	3	400.56	214.59	64.83	15.95	100	Secretary
5	40	0	0	1	4	469.19	214.59	13.48	15.95	100	of
5	40	0	0	1	5	486.59	214.59	34.94	15.95	100	State
3	40	0	1	0	0	267.959970	263.906165	256.084014	32.390776	-1	###FLOW###
4	40	0	1	0	0	352.439952	263.906165	87.115175	15.950760	-1	###LINE###
5	40	0	1	0	0	352.44	263.91	27.81	15.95	100	May
5	40	0	1	0	1	383.99	263.91	19.86	15.95	100	17,
5	40	0	1	0	2	407.76	263.91	31.80	15.95	100	2022
4	40	0	1	1	0	267.959970	280.346181	256.084014	15.950760	-1	###LINE###
5	40	0	1	1	0	267.96	280.35	48.41	15.95	100	Official
5	40	0	1	1	1	320.39	280.35	31.80	15.95	100	2022
5	40	0	1	1	2	356.03	280.35	53.07	15.95	100	Primary
5	40	0	1	1	3	412.91	280.35	55.55	15.95	100	Election
5	40	0	1	1	4	472.43	280.35	51.61	15.95	100	Results
3	40	0	2	0	0	306.239949	329.666198	179.577646	32.390746	-1	###FLOW###
4	40	0	2	0	0	341.879938	329.666198	108.032539	15.950760	-1	###LINE###
5	40	0	2	0	0	341.88	329.67	23.00	15.95	100	For
5	40	0	2	0	1	368.87	329.67	21.43	15.95	100	the
5	40	0	2	0	2	394.31	329.67	38.10	15.95	100	office
5	40	0	2	0	3	436.43	329.67	13.48	15.95	100	of
4	40	0	2	1	0	306.239949	346.106184	179.577646	15.950760	-1	###LINE###
5	40	0	2	1	0	306.24	346.11	117.70	15.95	100	Commonwealth's
5	40	0	2	1	1	427.80	346.11	58.02	15.95	100	Attorney
1	41	0	0	0	0	0.000000	0.000000	792.000000	612.000000	-1	###PAGE###
3	41	0	0	0	0	35.999994	54.115290	161.658823	13.404001	-1	###FLOW###
4	41	0	0	0	0	35.999994	54.115290	161.658823	13.404001	-1	###LINE###
5	41	0	0	0	0	36.00	54.12	89.57	13.40	100	Commonwealth
5	41	0	0	0	1	128.96	54.12	11.33	13.40	100	of
5	41	0	0	0	2	143.60	54.12	54.05	13.40	100	Kentucky
3	41	1	0	0	0	289.919964	54.115290	211.964694	13.404001	-1	###FLOW###
4	41	1	0	0	0	289.919964	54.115290	211.964694	13.404001	-1	###LINE###
5	41	1	0	0	0	289.92	54.12	44.03	13.40	100	Michael
5	41	1	0	0	1	337.40	54.12	12.66	13.40	100	G.
5	41	1	0	0	2	353.48	54.12	43.01	13.40	100	Adams,
5	41	1	0	0	3	399.93	54.12	54.90	13.40	100	Secretary
5	41	1	0	0	4	457.89	54.12	11.33	13.40	100	of
5	41	1	0	0	5	472.52	54.12	29.36	13.40	100	State
3	41	2	0	0	0	320.639952	111.955306	151.085820	54.804002	-1	###FLOW###
4	41	2	0	0	0	320.639952	111.955306	151.085820	13.404001	-1	###LINE###
5	41	2	0	0	0	320.64	111.96	98.86	13.40	100	Commonwealth's
5	41	2	0	0	1	422.84	111.96	48.89	13.40	100	Attorney
4	41	2	0	1	0	338.759955	125.755316	114.296573	13.404001	-1	###LINE###
5	41	2	0	1	0	338.76	125.76	24.69	13.40	100	45th
5	41	2	0	1	1	366.80	125.76	44.80	13.40	100	Judicial
5	41	2	0	1	2	415.04	125.76	38.01	13.40	100	Circuit
4	41	2	0	2	0	346.679950	139.555296	98.881614	13.404001	-1	###LINE###
5	41	2	0	2	0	346.68	139.56	65.41	13.40	100	Democratic
5	41	2	0	2	1	415.52	139.56	30.04	13.40	100	Party
4	41	2	0	3	0	350.639931	153.355306	90.711566	13.404001	-1	###LINE###
5	41	2	0	3	0	350.64	153.36	58.37	13.40	100	Unexpired
5	41	2	0	3	1	412.17	153.36	29.18	13.40	100	Term
3	41	3	0	0	0	244.799973	202.764418	52.328795	37.497230	-1	###FLOW###
4	41	3	0	0	0	244.799973	202.764418	34.616612	10.857240	-1	###LINE###
5	41	3	0	0	0	244.80	202.76	34.62	10.86	100	McLean
4	41	3	0	1	0	244.799973	215.964417	51.287474	10.857240	-1	###LINE###
5	41	3	0	1	0	244.80	215.96	51.29	10.86	100	Muhlenberg
4	41	3	0	2	0	244.799973	229.404408	52.328795	10.857240	-1	###LINE###
5	41	3	0	2	0	244.80	229.40	23.10	10.86	100	Total
5	41	3	0	2	1	270.65	229.40	26.48	10.86	100	Votes
3	41	4	0	0	0	368.039958	178.164392	71.223117	62.097256	-1	###FLOW###
4	41	4	0	0	0	368.039958	178.164392	71.150422	10.857240	-1	###LINE###
5	41	4	0	0	0	368.04	178.16	32.71	10.86	100	Clayton
5	41	4	0	0	1	403.49	178.16	35.70	10.86	100	Douglas
4	41	4	0	1	0	404.519947	189.324396	34.743128	10.857240	-1	###LINE###
5	41	4	0	1	0	404.52	189.32	34.74	10.86	100	ADAMS
4	41	4	0	2	0	422.999924	202.764418	16.232924	10.857240	-1	###LINE###
5	41	4	0	2	0	423.00	202.76	16.23	10.86	100	407
4	41	4	0	3	0	414.839947	215.964417	24.339653	10.857240	-1	###LINE###
5	41	4	0	3	0	414.84	215.96	24.34	10.86	100	2,554
4	41	4	0	4	0	414.839947	229.404408	24.339653	10.857240	-1	###LINE###
5	41	4	0	4	0	414.84	229.40	24.34	10.86	100	2,961
3	41	5	0	0	0	480.839921	178.164392	66.392940	62.097256	-1	###FLOW###
4	41	5	0	0	0	519.719916	178.164392	27.483079	10.857240	-1	###LINE###
5	41	5	0	0	0	519.72	178.16	27.48	10.86	100	Daniel
4	41	5	0	1	0	480.839921	189.324396	66.303902	10.857240	-1	###LINE###
5	41	5	0	1	0	480.84	189.32	48.54	10.86	100	SHERMAN
5	41	5	0	1	1	532.01	189.32	15.13	10.86	100	JR.
4	41	5	0	2	0	530.999937	202.764418	16.232924	10.857240	-1	###LINE###
5	41	5	0	2	0	531.00	202.76	16.23	10.86	100	186
4	41	5	0	3	0	530.999937	215.964417	16.232924	10.857240	-1	###LINE###
5	41	5	0	3	0	531.00	215.96	16.23	10.86	100	707
4	41	5	0	4	0	530.999937	229.404408	16.232924	10.857240	-1	###LINE###
5	41	5	0	4	0	531.00	229.40	16.23	10.86	100	893
3	41	6	0	0	0	584.279905	54.115290	171.619073	13.404001	-1	###FLOW###
4	41	6	0	0	0	584.279905	54.115290	171.619073	13.404001	-1	###LINE###
5	41	6	0	0	0	584.28	54.12	26.72	13.40	100	2022
5	41	6	0	0	1	614.49	54.12	44.86	13.40	100	Primary
5	41	6	0	0	2	662.36	54.12	46.82	13.40	100	Election
5	41	6	0	0	3	712.53	54.12	43.37	13.40	100	Results
1	42	0	0	0	0	0.000000	0.000000	792.000000	612.000000	-1	###PAGE###
3	42	0	0	0	0	270.479967	198.146192	251.051264	32.390746	-1	###FLOW###
4	42	0	0	0	0	299.759939	198.146192	192.474066	15.950760	-1	###LINE###
5	42	0	0	0	0	299.76	198.15	106.66	15.95	100	Commonwealth
5	42	0	0	0	1	410.39	198.15	13.48	15.95	100	of
5	42	0	0	0	2	427.91	198.15	64.32	15.95	100	Kentucky
4	42	0	0	1	0	270.479967	214.586178	251.051264	15.950760	-1	###LINE###
5	42	0	0	1	0	270.48	214.59	52.24	15.95	100	Michael
5	42	0	0	1	1	326.63	214.59	15.07	15.95	100	G.
5	42	0	0	1	2	345.60	214.59	51.00	15.95	100	Adams,
5	42	0	0	1	3	400.56	214.59	64.83	15.95	100	Secretary
5	42	0	0	1	4	469.19	214.59	13.48	15.95	100	of
5	42	0	0	1	5	486.59	214.59	34.94	15.95	100	State
3	42	0	1	0	0	267.959970	263.906165	256.084014	32.390776	-1	###FLOW###
4	42	0	1	0	0	352.439952	263.906165	87.115175	15.950760	-1	###LINE###
5	42	0	1	0	0	352.44	263.91	27.81	15.95	100	May
5	42	0	1	0	1	383.99	263.91	19.86	15.95	100	17,
5	42	0	1	0	2	407.76	263.91	31.80	15.95	100	2022
4	42	0	1	1	0	267.959970	280.346181	256.084014	15.950760	-1	###LINE###
5	42	0	1	1	0	267.96	280.35	48.41	15.95	100	Official
5	42	0	1	1	1	320.39	280.35	31.80	15.95	100	2022
5	42	0	1	1	2	356.03	280.35	53.07	15.95	100	Primary
5	42	0	1	1	3	412.91	280.35	55.55	15.95	100	Election
5	42	0	1	1	4	472.43	280.35	51.61	15.95	100	Results
3	42	0	2	0	0	294.359941	329.666198	203.168658	32.390746	-1	###FLOW###
4	42	0	2	0	0	341.879938	329.666198	108.032539	15.950760	-1	###LINE###
5	42	0	2	0	0	341.88	329.67	23.00	15.95	100	For
5	42	0	2	0	1	368.87	329.67	21.43	15.95	100	the
5	42	0	2	0	2	394.31	329.67	38.10	15.95	100	office
5	42	0	2	0	3	436.43	329.67	13.48	15.95	100	of
4	42	0	2	1	0	294.359941	346.106184	203.168658	15.950760	-1	###LINE###
5	42	0	2	1	0	294.36	346.11	41.91	15.95	100	Judge
5	42	0	2	1	1	340.31	346.11	13.48	15.95	100	of
5	42	0	2	1	2	357.71	346.11	21.43	15.95	100	the
5	42	0	2	1	3	383.15	346.11	38.09	15.95	100	Court
5	42	0	2	1	4	425.15	346.11	13.48	15.95	100	of
5	42	0	2	1	5	442.67	346.11	54.86	15.95	100	Appeals
1	43	0	0	0	0	0.000000	0.000000	792.000000	612.000000	-1	###PAGE###
3	43	0	0	0	0	35.999994	54.115290	161.658823	13.404001	-1	###FLOW###
4	43	0	0	0	0	35.999994	54.115290	161.658823	13.404001	-1	###LINE###
5	43	0	0	0	0	36.00	54.12	89.57	13.40	100	Commonwealth
5	43	0	0	0	1	128.96	54.12	11.33	13.40	100	of
5	43	0	0	0	2	143.60	54.12	54.05	13.40	100	Kentucky
3	43	1	0	0	0	289.919964	54.115290	211.964694	13.404001	-1	###FLOW###
4	43	1	0	0	0	289.919964	54.115290	211.964694	13.404001	-1	###LINE###
5	43	1	0	0	0	289.92	54.12	44.03	13.40	100	Michael
5	43	1	0	0	1	337.40	54.12	12.66	13.40	100	G.
5	43	1	0	0	2	353.48	54.12	43.01	13.40	100	Adams,
5	43	1	0	0	3	399.93	54.12	54.90	13.40	100	Secretary
5	43	1	0	0	4	457.89	54.12	11.33	13.40	100	of
5	43	1	0	0	5	472.52	54.12	29.36	13.40	100	State
3	43	2	0	0	0	584.279905	54.115290	171.619073	13.404001	-1	###FLOW###
4	43	2	0	0	0	584.279905	54.115290	171.619073	13.404001	-1	###LINE###
5	43	2	0	0	0	584.28	54.12	26.72	13.40	100	2022
5	43	2	0	0	1	614.49	54.12	44.86	13.40	100	Primary
5	43	2	0	0	2	662.36	54.12	46.82	13.40	100	Election
5	43	2	0	0	3	712.53	54.12	43.37	13.40	100	Results
3	43	3	0	0	0	310.679956	111.955306	170.501699	54.804002	-1	###FLOW###
4	43	3	0	0	0	310.679956	111.955306	170.501699	13.404001	-1	###LINE###
5	43	3	0	0	0	310.68	111.96	35.35	13.40	100	Judge
5	43	3	0	0	1	349.28	111.96	11.33	13.40	100	of
5	43	3	0	0	2	363.80	111.96	18.01	13.40	100	the
5	43	3	0	0	3	385.16	111.96	31.88	13.40	100	Court
5	43	3	0	0	4	420.33	111.96	11.33	13.40	100	of
5	43	3	0	0	5	434.96	111.96	46.22	13.40	100	Appeals
4	43	3	0	1	0	336.239958	125.755316	119.450912	13.404001	-1	###LINE###
5	43	3	0	1	0	336.24	125.76	17.88	13.40	100	4th
5	43	3	0	1	1	357.45	125.76	53.54	13.40	100	Appellate
5	43	3	0	1	2	414.32	125.76	41.37	13.40	100	District
4	43	3	0	2	0	360.359946	139.555296	71.187553	13.404001	-1	###LINE###
5	43	3	0	2	0	360.36	139.56	21.34	13.40	100	2nd
5	43	3	0	2	1	385.04	139.56	46.51	13.40	100	Division
4	43	3	0	3	0	360.959932	153.355306	70.034135	13.404001	-1	###LINE###
5	43	3	0	3	0	360.96	153.36	70.03	13.40	100	Nonpartisan
3	43	4	0	0	0	190.799966	202.764418	52.328795	24.297231	-1	###FLOW###
4	43	4	0	0	0	190.799966	202.764418	40.212494	10.857240	-1	###LINE###
5	43	4	0	0	0	190.80	202.76	40.21	10.86	100	Jefferson
4	43	4	0	1	0	190.799966	216.204409	52.328795	10.857240	-1	###LINE###
5	43	4	0	1	0	190.80	216.20	23.10	10.86	100	Total
5	43	4	0	1	1	216.65	216.20	26.48	10.86	100	Votes
3	43	5	0	0	0	350.159937	178.164392	35.171334	48.897257	-1	###FLOW###
4	43	5	0	0	0	351.599952	178.164392	33.516900	10.857240	-1	###LINE###
5	43	5	0	0	0	351.60	178.16	33.52	10.86	100	Annette
4	43	5	0	1	0	350.159937	189.324396	35.171334	10.857240	-1	###LINE###
5	43	5	0	1	0	350.16	189.32	35.17	10.86	100	KAREM
4	43	5	0	2	0	355.439943	202.764418	29.750628	10.857240	-1	###LINE###
5	43	5	0	2	0	355.44	202.76	29.75	10.86	100	55,931
4	43	5	0	3	0	355.439943	216.204409	29.750628	10.857240	-1	###LINE###
5	43	5	0	3	0	355.44	216.20	29.75	10.86	100	55,931
3	43	6	0	0	0	441.599923	178.164392	51.647557	48.897257	-1	###FLOW###
4	43	6	0	0	0	450.599929	178.164392	42.606558	10.857240	-1	###LINE###
5	43	6	0	0	0	450.60	178.16	42.61	10.86	100	McKenzie
4	43	6	0	1	0	441.599923	189.324396	51.647557	10.857240	-1	###LINE###
5	43	6	0	1	0	441.60	189.32	51.65	10.86	100	CANTRELL
4	43	6	0	2	0	463.439926	202.764418	29.750628	10.857240	-1	###LINE###
5	43	6	0	2	0	463.44	202.76	29.75	10.86	100	41,753
4	43	6	0	3	0	463.439926	216.204409	29.750628	10.857240	-1	###LINE###
5	43	6	0	3	0	463.44	216.20	29.75	10.86	100	41,753
3	43	7	0	0	0	554.399917	178.164392	46.849697	48.897257	-1	###FLOW###
4	43	7	0	0	0	581.159892	178.164392	19.999195	10.857240	-1	###LINE###
5	43	7	0	0	0	581.16	178.16	20.00	10.86	100	Stan
4	43	7	0	1	0	554.399917	189.324396	46.849697	10.857240	-1	###LINE###
5	43	7	0	1	0	554.40	189.32	46.85	10.86	100	WHETZEL
4	43	7	0	2	0	571.439877	202.764418	29.750628	10.857240	-1	###LINE###
5	43	7	0	2	0	571.44	202.76	29.75	10.86	100	12,791
4	43	7	0	3	0	571.439877	216.204409	29.750628	10.857240	-1	###LINE###
5	43	7	0	3	0	571.44	216.20	29.75	10.86	100	12,791
1	44	0	0	0	0	0.000000	0.000000	792.000000	612.000000	-1	###PAGE###
3	44	0	0	0	0	270.479967	198.146192	251.051264	32.390746	-1	###FLOW###
4	44	0	0	0	0	299.759939	198.146192	192.474066	15.950760	-1	###LINE###
5	44	0	0	0	0	299.76	198.15	106.66	15.95	100	Commonwealth
5	44	0	0	0	1	410.39	198.15	13.48	15.95	100	of
5	44	0	0	0	2	427.91	198.15	64.32	15.95	100	Kentucky
4	44	0	0	1	0	270.479967	214.586178	251.051264	15.950760	-1	###LINE###
5	44	0	0	1	0	270.48	214.59	52.24	15.95	100	Michael
5	44	0	0	1	1	326.63	214.59	15.07	15.95	100	G.
5	44	0	0	1	2	345.60	214.59	51.00	15.95	100	Adams,
5	44	0	0	1	3	400.56	214.59	64.83	15.95	100	Secretary
5	44	0	0	1	4	469.19	214.59	13.48	15.95	100	of
5	44	0	0	1	5	486.59	214.59	34.94	15.95	100	State
3	44	0	1	0	0	267.959970	263.906165	256.084014	32.390776	-1	###FLOW###
4	44	0	1	0	0	352.439952	263.906165	87.115175	15.950760	-1	###LINE###
5	44	0	1	0	0	352.44	263.91	27.81	15.95	100	May
5	44	0	1	0	1	383.99	263.91	19.86	15.95	100	17,
5	44	0	1	0	2	407.76	263.91	31.80	15.95	100	2022
4	44	0	1	1	0	267.959970	280.346181	256.084014	15.950760	-1	###LINE###
5	44	0	1	1	0	267.96	280.35	48.41	15.95	100	Official
5	44	0	1	1	1	320.39	280.35	31.80	15.95	100	2022
5	44	0	1	1	2	356.03	280.35	53.07	15.95	100	Primary
5	44	0	1	1	3	412.91	280.35	55.55	15.95	100	Election
5	44	0	1	1	4	472.43	280.35	51.61	15.95	100	Results
3	44	0	2	0	0	341.879938	329.666198	108.032539	32.390746	-1	###FLOW###
4	44	0	2	0	0	341.879938	329.666198	108.032539	15.950760	-1	###LINE###
5	44	0	2	0	0	341.88	329.67	23.00	15.95	100	For
5	44	0	2	0	1	368.87	329.67	21.43	15.95	100	the
5	44	0	2	0	2	394.31	329.67	38.10	15.95	100	office
5	44	0	2	0	3	436.43	329.67	13.48	15.95	100	of
4	44	0	2	1	0	350.279958	346.106184	91.261474	15.950760	-1	###LINE###
5	44	0	2	1	0	350.28	346.11	45.24	15.95	100	Circuit
5	44	0	2	1	1	399.48	346.11	42.06	15.95	100	Judge
1	45	0	0	0	0	0.000000	0.000000	792.000000	612.000000	-1	###PAGE###
3	45	0	0	0	0	35.999994	54.115290	161.658823	13.404001	-1	###FLOW###
4	45	0	0	0	0	35.999994	54.115290	161.658823	13.404001	-1	###LINE###
5	45	0	0	0	0	36.00	54.12	89.57	13.40	100	Commonwealth
5	45	0	0	0	1	128.96	54.12	11.33	13.40	100	of
5	45	0	0	0	2	143.60	54.12	54.05	13.40	100	Kentucky
3	45	1	0	0	0	289.919964	54.115290	211.964694	13.404001	-1	###FLOW###
4	45	1	0	0	0	289.919964	54.115290	211.964694	13.404001	-1	###LINE###
5	45	1	0	0	0	289.92	54.12	44.03	13.40	100	Michael
5	45	1	0	0	1	337.40	54.12	12.66	13.40	100	G.
5	45	1	0	0	2	353.48	54.12	43.01	13.40	100	Adams,
5	45	1	0	0	3	399.93	54.12	54.90	13.40	100	Secretary
5	45	1	0	0	4	457.89	54.12	11.33	13.40	100	of
5	45	1	0	0	5	472.52	54.12	29.36	13.40	100	State
3	45	2	0	0	0	584.279905	54.115290	171.619073	13.404001	-1	###FLOW###
4	45	2	0	0	0	584.279905	54.115290	171.619073	13.404001	-1	###LINE###
5	45	2	0	0	0	584.28	54.12	26.72	13.40	100	2022
5	45	2	0	0	1	614.49	54.12	44.86	13.40	100	Primary
5	45	2	0	0	2	662.36	54.12	46.82	13.40	100	Election
5	45	2	0	0	3	712.53	54.12	43.37	13.40	100	Results
3	45	3	0	0	0	342.119952	111.955306	107.580312	54.804002	-1	###FLOW###
4	45	3	0	0	0	357.599936	111.955306	76.714351	13.404001	-1	###LINE###
5	45	3	0	0	0	357.60	111.96	38.01	13.40	100	Circuit
5	45	3	0	0	1	398.97	111.96	35.35	13.40	100	Judge
4	45	3	0	1	0	342.119952	125.755316	107.580312	13.404001	-1	###LINE###
5	45	3	0	1	0	342.12	125.76	18.01	13.40	100	9th
5	45	3	0	1	1	363.45	125.76	44.80	13.40	100	Judicial
5	45	3	0	1	2	411.69	125.76	38.01	13.40	100	Circuit
4	45	3	0	2	0	361.679940	139.555296	68.544302	13.404001	-1	###LINE###
5	45	3	0	2	0	361.68	139.56	18.68	13.40	100	3rd
5	45	3	0	2	1	383.73	139.56	46.50	13.40	100	Division
4	45	3	0	3	0	360.959932	153.355306	70.034135	13.404001	-1	###LINE###
5	45	3	0	3	0	360.96	153.36	70.03	13.40	100	Nonpartisan
3	45	3	1	0	0	337.799935	178.164392	47.530934	48.897257	-1	###FLOW###
4	45	3	1	0	0	350.759954	178.164392	34.373313	10.857240	-1	###LINE###
5	45	3	1	0	0	350.76	178.16	22.17	10.86	100	Larry
5	45	3	1	0	1	375.41	178.16	9.72	10.86	100	D.
4	45	3	1	1	0	337.799935	189.324396	47.530934	10.857240	-1	###LINE###
5	45	3	1	1	0	337.80	189.32	47.53	10.86	100	ASHLOCK
4	45	3	1	2	0	360.839941	202.764418	24.339653	10.857240	-1	###LINE###
5	45	3	1	2	0	360.84	202.76	24.34	10.86	100	5,963
4	45	3	1	3	0	360.839941	216.204409	24.339653	10.857240	-1	###LINE###
5	45	3	1	3	0	360.84	216.20	24.34	10.86	100	5,963
3	45	4	0	0	0	190.799966	202.764418	52.328795	24.297231	-1	###FLOW###
4	45	4	0	0	0	190.799966	202.764418	28.563328	10.857240	-1	###LINE###
5	45	4	0	0	0	190.80	202.76	28.56	10.86	100	Hardin
4	45	4	0	1	0	190.799966	216.204409	52.328795	10.857240	-1	###LINE###
5	45	4	0	1	0	190.80	216.20	23.10	10.86	100	Total
5	45	4	0	1	1	216.65	216.20	26.48	10.86	100	Votes
3	45	5	0	0	0	432.359934	178.164392	60.969601	48.897257	-1	###FLOW###
4	45	5	0	0	0	432.359934	178.164392	60.717752	10.857240	-1	###LINE###
5	45	5	0	0	0	432.36	178.16	41.37	10.86	100	Raymond
5	45	5	0	0	1	476.33	178.16	16.75	10.86	100	Eric
4	45	5	0	1	0	465.719941	189.324396	27.609595	10.857240	-1	###LINE###
5	45	5	0	1	0	465.72	189.32	27.61	10.86	100	CARR
4	45	5	0	2	0	468.839924	202.764418	24.339653	10.857240	-1	###LINE###
5	45	5	0	2	0	468.84	202.76	24.34	10.86	100	3,681
4	45	5	0	3	0	468.839924	216.204409	24.339653	10.857240	-1	###LINE###
5	45	5	0	3	0	468.84	216.20	24.34	10.86	100	3,681
3	45	6	0	0	0	564.479904	178.164392	36.800923	48.897257	-1	###FLOW###
4	45	6	0	0	0	573.719892	178.164392	27.560935	10.857240	-1	###LINE###
5	45	6	0	0	0	573.72	178.16	27.56	10.86	100	Ferrell
4	45	6	0	1	0	564.479904	189.324396	36.718717	10.857240	-1	###LINE###
5	45	6	0	1	0	564.48	189.32	36.72	10.86	100	ADKINS
4	45	6	0	2	0	576.839906	202.764418	24.339653	10.857240	-1	###LINE###
5	45	6	0	2	0	576.84	202.76	24.34	10.86	100	1,808
4	45	6	0	3	0	576.839906	216.204409	24.339653	10.857240	-1	###LINE###
5	45	6	0	3	0	576.84	216.20	24.34	10.86	100	1,808
3	45	7	0	0	0	337.079957	253.795313	117.660710	54.803972	-1	###FLOW###
4	45	7	0	0	0	357.599936	253.795313	76.714351	13.404001	-1	###LINE###
5	45	7	0	0	0	357.60	253.80	38.01	13.40	100	Circuit
5	45	7	0	0	1	398.97	253.80	35.35	13.40	100	Judge
4	45	7	0	1	0	337.079957	267.595262	117.660710	13.404001	-1	###LINE###
5	45	7	0	1	0	337.08	267.60	28.02	13.40	100	22nd
5	45	7	0	1	1	368.49	267.60	44.80	13.40	100	Judicial
5	45	7	0	1	2	416.73	267.60	38.01	13.40	100	Circuit
4	45	7	0	2	0	362.039943	281.395272	67.823416	13.404001	-1	###LINE###
5	45	7	0	2	0	362.04	281.40	18.01	13.40	100	7th
5	45	7	0	2	1	383.37	281.40	46.50	13.40	100	Division
4	45	7	0	3	0	360.959932	295.195283	70.034135	13.404001	-1	###LINE###
5	45	7	0	3	0	360.96	295.20	70.03	13.40	100	Nonpartisan
3	45	7	1	0	0	243.359973	320.004399	55.491685	48.897242	-1	###FLOW###
4	45	7	1	0	0	273.479959	320.004399	25.322582	10.857240	-1	###LINE###
5	45	7	1	0	0	273.48	320.00	25.32	10.86	100	Diane
4	45	7	1	1	0	243.359973	331.164403	55.491685	10.857240	-1	###LINE###
5	45	7	1	1	0	243.36	331.16	55.49	10.86	100	MINNIFIELD
4	45	7	1	2	0	269.039952	344.604395	29.750628	10.857240	-1	###LINE###
5	45	7	1	2	0	269.04	344.60	29.75	10.86	100	11,523
4	45	7	1	3	0	269.039952	358.044401	29.750628	10.857240	-1	###LINE###
5	45	7	1	3	0	269.04	358.04	29.75	10.86	100	11,523
3	45	8	0	0	0	118.799986	344.604395	52.328795	24.297246	-1	###FLOW###
4	45	8	0	0	0	118.799986	344.604395	32.290672	10.857240	-1	###LINE###
5	45	8	0	0	0	118.80	344.60	32.29	10.86	100	Fayette
4	45	8	0	1	0	118.799986	358.044401	52.328795	10.857240	-1	###LINE###
5	45	8	0	1	0	118.80	358.04	23.10	10.86	100	Total
5	45	8	0	1	1	144.65	358.04	26.48	10.86	100	Votes
3	45	9	0	0	0	351.839934	320.004399	40.676106	48.897242	-1	###FLOW###
4	45	9	0	0	0	351.839934	320.004399	40.543381	10.857240	-1	###LINE###
5	45	9	0	0	0	351.84	320.00	29.05	10.86	100	Jeffrey
5	45	9	0	0	1	383.21	320.00	9.18	10.86	100	A.
4	45	9	0	1	0	353.159959	331.164403	39.356081	10.857240	-1	###LINE###
5	45	9	0	1	0	353.16	331.16	39.36	10.86	100	TAYLOR
4	45	9	0	2	0	368.039958	344.604395	24.339653	10.857240	-1	###LINE###
5	45	9	0	2	0	368.04	344.60	24.34	10.86	100	9,666
4	45	9	0	3	0	368.039958	358.044401	24.339653	10.857240	-1	###LINE###
5	45	9	0	3	0	368.04	358.04	24.34	10.86	100	9,666
3	45	10	0	0	0	451.559950	320.004399	34.577684	48.897242	-1	###FLOW###
4	45	10	0	0	0	469.319949	320.004399	16.748718	10.857240	-1	###LINE###
5	45	10	0	0	0	469.32	320.00	16.75	10.86	100	Kim
4	45	10	0	1	0	451.559950	331.164403	34.577684	10.857240	-1	###LINE###
5	45	10	0	1	0	451.56	331.16	34.58	10.86	100	GREEN
4	45	10	0	2	0	461.639937	344.604395	24.339653	10.857240	-1	###LINE###
5	45	10	0	2	0	461.64	344.60	24.34	10.86	100	8,929
4	45	10	0	3	0	461.639937	358.044401	24.339653	10.857240	-1	###LINE###
5	45	10	0	3	0	461.64	358.04	24.34	10.86	100	8,929
3	45	11	0	0	0	504.719927	320.004399	75.082137	48.897242	-1	###FLOW###
4	45	11	0	0	0	504.719927	320.004399	75.082137	10.857240	-1	###LINE###
5	45	11	0	0	0	504.72	320.00	33.37	10.86	100	Kathryn
5	45	11	0	0	1	540.77	320.00	39.03	10.86	100	Mattingly
4	45	11	0	1	0	531.119928	331.164403	48.611183	10.857240	-1	###LINE###
5	45	11	0	1	0	531.12	331.16	48.61	10.86	100	WEBSTER
4	45	11	0	2	0	555.239915	344.604395	24.339653	10.857240	-1	###LINE###
5	45	11	0	2	0	555.24	344.60	24.34	10.86	100	6,172
4	45	11	0	3	0	555.239915	358.044401	24.339653	10.857240	-1	###LINE###
5	45	11	0	3	0	555.24	358.04	24.34	10.86	100	6,172
3	45	12	0	0	0	338.759955	395.635289	114.296573	54.804002	-1	###FLOW###
4	45	12	0	0	0	357.599936	395.635289	76.714351	13.404001	-1	###LINE###
5	45	12	0	0	0	357.60	395.64	38.01	13.40	100	Circuit
5	45	12	0	0	1	398.97	395.64	35.35	13.40	100	Judge
4	45	12	0	1	0	338.759955	409.435300	114.296573	13.404001	-1	###LINE###
5	45	12	0	1	0	338.76	409.44	24.69	13.40	100	30th
5	45	12	0	1	1	366.80	409.44	44.80	13.40	100	Judicial
5	45	12	0	1	2	415.04	409.44	38.01	13.40	100	Circuit
4	45	12	0	2	0	362.039943	423.235279	67.823416	13.404001	-1	###LINE###
5	45	12	0	2	0	362.04	423.24	18.01	13.40	100	5th
5	45	12	0	2	1	383.37	423.24	46.50	13.40	100	Division
4	45	12	0	3	0	360.959932	437.035289	70.034135	13.404001	-1	###LINE###
5	45	12	0	3	0	360.96	437.04	70.03	13.40	100	Nonpartisan
3	45	13	0	0	0	190.799966	486.444386	52.328795	24.297262	-1	###FLOW###
4	45	13	0	0	0	190.799966	486.444386	40.212494	10.857240	-1	###LINE###
5	45	13	0	0	0	190.80	486.44	40.21	10.86	100	Jefferson
4	45	13	0	1	0	190.799966	499.884408	52.328795	10.857240	-1	###LINE###
5	45	13	0	1	0	190.80	499.88	23.10	10.86	100	Total
5	45	13	0	1	1	216.65	499.88	26.48	10.86	100	Votes
3	45	14	0	0	0	350.279958	461.844391	34.910612	48.897258	-1	###FLOW###
4	45	14	0	0	0	350.279958	461.844391	34.850179	10.857240	-1	###LINE###
5	45	14	0	0	0	350.28	461.84	21.62	10.86	100	Mary
5	45	14	0	0	1	374.33	461.84	10.80	10.86	100	M.
4	45	14	0	1	0	355.919938	473.004395	29.215370	10.857240	-1	###LINE###
5	45	14	0	1	0	355.92	473.00	29.22	10.86	100	SHAW
4	45	14	0	2	0	355.439943	486.444386	29.750628	10.857240	-1	###LINE###
5	45	14	0	2	0	355.44	486.44	29.75	10.86	100	37,844
4	45	14	0	3	0	355.439943	499.884408	29.750628	10.857240	-1	###LINE###
5	45	14	0	3	0	355.44	499.88	29.75	10.86	100	37,844
3	45	15	0	0	0	438.839944	461.844391	54.362776	48.897258	-1	###FLOW###
4	45	15	0	0	0	438.839944	461.844391	54.362776	10.857240	-1	###LINE###
5	45	15	0	0	0	438.84	461.84	24.32	10.86	100	Tracy
5	45	15	0	0	1	465.53	461.84	27.67	10.86	100	Evette
4	45	15	0	1	0	463.919920	473.004395	29.215370	10.857240	-1	###LINE###
5	45	15	0	1	0	463.92	473.00	29.22	10.86	100	DAVIS
4	45	15	0	2	0	463.439926	486.444386	29.750628	10.857240	-1	###LINE###
5	45	15	0	2	0	463.44	486.44	29.75	10.86	100	37,706
4	45	15	0	3	0	463.439926	499.884408	29.750628	10.857240	-1	###LINE###
5	45	15	0	3	0	463.44	499.88	29.75	10.86	100	37,706
3	45	16	0	0	0	562.799906	461.844391	38.466681	48.897258	-1	###FLOW###
4	45	16	0	0	0	562.799906	461.844391	38.382884	10.857240	-1	###LINE###
5	45	16	0	0	0	562.80	461.84	38.38	10.86	100	Christine
4	45	16	0	1	0	565.199912	473.004395	36.066675	10.857240	-1	###LINE###
5	45	16	0	1	0	565.20	473.00	36.07	10.86	100	MILLER
4	45	16	0	2	0	571.439877	486.444386	29.750628	10.857240	-1	###LINE###
5	45	16	0	2	0	571.44	486.44	29.75	10.86	100	32,189
4	45	16	0	3	0	571.439877	499.884408	29.750628	10.857240	-1	###LINE###
5	45	16	0	3	0	571.44	499.88	29.75	10.86	100	32,189
3	45	17	0	0	0	629.399928	320.004399	43.779620	48.897242	-1	###FLOW###
4	45	17	0	0	0	629.399928	320.004399	43.735467	10.857240	-1	###LINE###
5	45	17	0	0	0	629.40	320.00	32.63	10.86	100	Michael
5	45	17	0	0	1	664.61	320.00	8.53	10.86	100	T.
4	45	17	0	1	0	643.919892	331.164403	29.215370	10.857240	-1	###LINE###
5	45	17	0	1	0	643.92	331.16	29.22	10.86	100	DAVIS
4	45	17	0	2	0	648.839894	344.604395	24.339653	10.857240	-1	###LINE###
5	45	17	0	2	0	648.84	344.60	24.34	10.86	100	3,492
4	45	17	0	3	0	648.839894	358.044401	24.339653	10.857240	-1	###LINE###
5	45	17	0	3	0	648.84	358.04	24.34	10.86	100	3,492
1	46	0	0	0	0	0.000000	0.000000	792.000000	612.000000	-1	###PAGE###
3	46	0	0	0	0	35.999994	54.115290	161.658823	13.404001	-1	###FLOW###
4	46	0	0	0	0	35.999994	54.115290	161.658823	13.404001	-1	###LINE###
5	46	0	0	0	0	36.00	54.12	89.57	13.40	100	Commonwealth
5	46	0	0	0	1	128.96	54.12	11.33	13.40	100	of
5	46	0	0	0	2	143.60	54.12	54.05	13.40	100	Kentucky
3	46	1	0	0	0	289.919964	54.115290	211.964694	13.404001	-1	###FLOW###
4	46	1	0	0	0	289.919964	54.115290	211.964694	13.404001	-1	###LINE###
5	46	1	0	0	0	289.92	54.12	44.03	13.40	100	Michael
5	46	1	0	0	1	337.40	54.12	12.66	13.40	100	G.
5	46	1	0	0	2	353.48	54.12	43.01	13.40	100	Adams,
5	46	1	0	0	3	399.93	54.12	54.90	13.40	100	Secretary
5	46	1	0	0	4	457.89	54.12	11.33	13.40	100	of
5	46	1	0	0	5	472.52	54.12	29.36	13.40	100	State
3	46	2	0	0	0	584.279905	54.115290	171.619073	13.404001	-1	###FLOW###
4	46	2	0	0	0	584.279905	54.115290	171.619073	13.404001	-1	###LINE###
5	46	2	0	0	0	584.28	54.12	26.72	13.40	100	2022
5	46	2	0	0	1	614.49	54.12	44.86	13.40	100	Primary
5	46	2	0	0	2	662.36	54.12	46.82	13.40	100	Election
5	46	2	0	0	3	712.53	54.12	43.37	13.40	100	Results
3	46	3	0	0	0	338.759955	111.955306	114.296573	54.804002	-1	###FLOW###
4	46	3	0	0	0	357.599936	111.955306	76.714351	13.404001	-1	###LINE###
5	46	3	0	0	0	357.60	111.96	38.01	13.40	100	Circuit
5	46	3	0	0	1	398.97	111.96	35.35	13.40	100	Judge
4	46	3	0	1	0	338.759955	125.755316	114.296573	13.404001	-1	###LINE###
5	46	3	0	1	0	338.76	125.76	24.69	13.40	100	30th
5	46	3	0	1	1	366.80	125.76	44.80	13.40	100	Judicial
5	46	3	0	1	2	415.04	125.76	38.01	13.40	100	Circuit
4	46	3	0	2	0	362.039943	139.555296	67.823416	13.404001	-1	###LINE###
5	46	3	0	2	0	362.04	139.56	18.01	13.40	100	7th
5	46	3	0	2	1	383.37	139.56	46.50	13.40	100	Division
4	46	3	0	3	0	360.959932	153.355306	70.034135	13.404001	-1	###LINE###
5	46	3	0	3	0	360.96	153.36	70.03	13.40	100	Nonpartisan
3	46	3	1	0	0	318.119955	178.164392	67.082917	48.897257	-1	###FLOW###
4	46	3	1	0	0	318.119955	178.164392	67.024067	10.857240	-1	###LINE###
5	46	3	1	0	0	318.12	178.16	40.81	10.86	100	Theodore
5	46	3	1	0	1	361.50	178.16	23.65	10.86	100	"Ted"
4	46	3	1	1	0	344.279944	189.324396	40.922928	10.857240	-1	###LINE###
5	46	3	1	1	0	344.28	189.32	40.92	10.86	100	SHOUSE
4	46	3	1	2	0	355.439943	202.764418	29.750628	10.857240	-1	###LINE###
5	46	3	1	2	0	355.44	202.76	29.75	10.86	100	43,063
4	46	3	1	3	0	355.439943	216.204409	29.750628	10.857240	-1	###LINE###
5	46	3	1	3	0	355.44	216.20	29.75	10.86	100	43,063
3	46	4	0	0	0	190.799966	202.764418	52.328795	24.297231	-1	###FLOW###
4	46	4	0	0	0	190.799966	202.764418	40.212494	10.857240	-1	###LINE###
5	46	4	0	0	0	190.80	202.76	40.21	10.86	100	Jefferson
4	46	4	0	1	0	190.799966	216.204409	52.328795	10.857240	-1	###LINE###
5	46	4	0	1	0	190.80	216.20	23.10	10.86	100	Total
5	46	4	0	1	1	216.65	216.20	26.48	10.86	100	Votes
3	46	5	0	0	0	430.439923	178.164392	62.754948	48.897257	-1	###FLOW###
4	46	5	0	0	0	430.439923	178.164392	62.742001	10.857240	-1	###LINE###
5	46	5	0	0	0	430.44	178.16	32.98	10.86	100	Melissa
5	46	5	0	0	1	466.13	178.16	27.05	10.86	100	Logan
4	46	5	0	1	0	444.719936	189.324396	48.474935	10.857240	-1	###LINE###
5	46	5	0	1	0	444.72	189.32	48.47	10.86	100	BELLOWS
4	46	5	0	2	0	463.439926	202.764418	29.750628	10.857240	-1	###LINE###
5	46	5	0	2	0	463.44	202.76	29.75	10.86	100	36,131
4	46	5	0	3	0	463.439926	216.204409	29.750628	10.857240	-1	###LINE###
5	46	5	0	3	0	463.44	216.20	29.75	10.86	100	36,131
3	46	6	0	0	0	534.479924	178.164392	66.780768	48.897257	-1	###FLOW###
4	46	6	0	0	0	583.319916	178.164392	17.819234	10.857240	-1	###LINE###
5	46	6	0	0	0	583.32	178.16	17.82	10.86	100	Critt
4	46	6	0	1	0	534.479924	189.324396	66.780768	10.857240	-1	###LINE###
5	46	6	0	1	0	534.48	189.32	66.78	10.86	100	CUNNINGHAM
4	46	6	0	2	0	571.439877	202.764418	29.750628	10.857240	-1	###LINE###
5	46	6	0	2	0	571.44	202.76	29.75	10.86	100	26,991
4	46	6	0	3	0	571.439877	216.204409	29.750628	10.857240	-1	###LINE###
5	46	6	0	3	0	571.44	216.20	29.75	10.86	100	26,991
3	46	7	0	0	0	338.759955	253.795313	114.296573	54.803972	-1	###FLOW###
4	46	7	0	0	0	357.599936	253.795313	76.714351	13.404001	-1	###LINE###
5	46	7	0	0	0	357.60	253.80	38.01	13.40	100	Circuit
5	46	7	0	0	1	398.97	253.80	35.35	13.40	100	Judge
4	46	7	0	1	0	338.759955	267.595262	114.296573	13.404001	-1	###LINE###
5	46	7	0	1	0	338.76	267.60	24.69	13.40	100	30th
5	46	7	0	1	1	366.80	267.60	44.80	13.40	100	Judicial
5	46	7	0	1	2	415.04	267.60	38.01	13.40	100	Circuit
4	46	7	0	2	0	362.039943	281.395272	67.823416	13.404001	-1	###LINE###
5	46	7	0	2	0	362.04	281.40	18.01	13.40	100	9th
5	46	7	0	2	1	383.37	281.40	46.50	13.40	100	Division
4	46	7	0	3	0	360.959932	295.195283	70.034135	13.404001	-1	###LINE###
5	46	7	0	3	0	360.96	295.20	70.03	13.40	100	Nonpartisan
3	46	7	1	0	0	265.439942	320.004399	29.876245	48.897242	-1	###FLOW###
4	46	7	1	0	0	269.279964	320.004399	25.955160	10.857240	-1	###LINE###
5	46	7	1	0	0	269.28	320.00	25.96	10.86	100	Sarah
4	46	7	1	1	0	269.399955	331.164403	25.916232	10.857240	-1	###LINE###
5	46	7	1	1	0	269.40	331.16	25.92	10.86	100	CLAY
4	46	7	1	2	0	265.439942	344.604395	29.750628	10.857240	-1	###LINE###
5	46	7	1	2	0	265.44	344.60	29.75	10.86	100	40,758
4	46	7	1	3	0	265.439942	358.044401	29.750628	10.857240	-1	###LINE###
5	46	7	1	3	0	265.44	358.04	29.75	10.86	100	40,758
3	46	8	0	0	0	136.799974	344.604395	52.328795	24.297246	-1	###FLOW###
4	46	8	0	0	0	136.799974	344.604395	40.212494	10.857240	-1	###LINE###
5	46	8	0	0	0	136.80	344.60	40.21	10.86	100	Jefferson
4	46	8	0	1	0	136.799974	358.044401	52.328795	10.857240	-1	###LINE###
5	46	8	0	1	0	136.80	358.04	23.10	10.86	100	Total
5	46	8	0	1	1	162.65	358.04	26.48	10.86	100	Votes
3	46	9	0	0	0	317.759952	320.004399	49.564916	48.897242	-1	###FLOW###
4	46	9	0	0	0	324.479943	320.004399	42.655218	10.857240	-1	###LINE###
5	46	9	0	0	0	324.48	320.00	31.57	10.86	100	Nichole
5	46	9	0	0	1	358.61	320.00	8.53	10.86	100	T.
4	46	9	0	1	0	317.759952	331.164403	49.564916	10.857240	-1	###LINE###
5	46	9	0	1	0	317.76	331.16	49.56	10.86	100	COMPTON
4	46	9	0	2	0	337.439961	344.604395	29.750628	10.857240	-1	###LINE###
5	46	9	0	2	0	337.44	344.60	29.75	10.86	100	23,844
4	46	9	0	3	0	337.439961	358.044401	29.750628	10.857240	-1	###LINE###
5	46	9	0	3	0	337.44	358.04	29.75	10.86	100	23,844
3	46	10	0	0	0	407.879943	320.004399	31.327207	48.897242	-1	###FLOW###
4	46	10	0	0	0	407.879943	320.004399	31.327207	10.857240	-1	###LINE###
5	46	10	0	0	0	407.88	320.00	8.09	10.86	100	F.
5	46	10	0	0	1	418.08	320.00	21.13	10.86	100	Todd
4	46	10	0	1	0	408.359938	331.164403	30.772485	10.857240	-1	###LINE###
5	46	10	0	1	0	408.36	331.16	30.77	10.86	100	LEWIS
4	46	10	0	2	0	409.439949	344.604395	29.750628	10.857240	-1	###LINE###
5	46	10	0	2	0	409.44	344.60	29.75	10.86	100	18,030
4	46	10	0	3	0	409.439949	358.044401	29.750628	10.857240	-1	###LINE###
5	46	10	0	3	0	409.44	358.04	29.75	10.86	100	18,030
3	46	11	0	0	0	464.639929	320.004399	46.732913	48.897242	-1	###FLOW###
4	46	11	0	0	0	495.359916	320.004399	15.902037	10.857240	-1	###LINE###
5	46	11	0	0	0	495.36	320.00	15.90	10.86	100	Tim
4	46	11	0	1	0	464.639929	331.164403	46.732913	10.857240	-1	###LINE###
5	46	11	0	1	0	464.64	331.16	46.73	10.86	100	BUCKLEY
4	46	11	0	2	0	481.439939	344.604395	29.750628	10.857240	-1	###LINE###
5	46	11	0	2	0	481.44	344.60	29.75	10.86	100	13,925
4	46	11	0	3	0	481.439939	358.044401	29.750628	10.857240	-1	###LINE###
5	46	11	0	3	0	481.44	358.04	29.75	10.86	100	13,925
3	46	12	0	0	0	549.239932	320.004399	34.081354	48.897242	-1	###FLOW###
4	46	12	0	0	0	556.199906	320.004399	27.035409	10.857240	-1	###LINE###
5	46	12	0	0	0	556.20	320.00	27.04	10.86	100	Blaine
4	46	12	0	1	0	549.239932	331.164403	34.081354	10.857240	-1	###LINE###
5	46	12	0	1	0	549.24	331.16	34.08	10.86	100	GRANT
4	46	12	0	2	0	558.839894	344.604395	24.339653	10.857240	-1	###LINE###
5	46	12	0	2	0	558.84	344.60	24.34	10.86	100	6,106
4	46	12	0	3	0	558.839894	358.044401	24.339653	10.857240	-1	###LINE###
5	46	12	0	3	0	558.84	358.04	24.34	10.86	100	6,106
3	46	13	0	0	0	338.759955	395.635289	114.296573	54.804002	-1	###FLOW###
4	46	13	0	0	0	357.599936	395.635289	76.714351	13.404001	-1	###LINE###
5	46	13	0	0	0	357.60	395.64	38.01	13.40	100	Circuit
5	46	13	0	0	1	398.97	395.64	35.35	13.40	100	Judge
4	46	13	0	1	0	338.759955	409.435300	114.296573	13.404001	-1	###LINE###
5	46	13	0	1	0	338.76	409.44	24.69	13.40	100	30th
5	46	13	0	1	1	366.80	409.44	44.80	13.40	100	Judicial
5	46	13	0	1	2	415.04	409.44	38.01	13.40	100	Circuit
4	46	13	0	2	0	358.679948	423.235279	74.551691	13.404001	-1	###LINE###
5	46	13	0	2	0	358.68	423.24	24.69	13.40	100	10th
5	46	13	0	2	1	386.72	423.24	46.51	13.40	100	Division
4	46	13	0	3	0	360.959932	437.035289	70.034135	13.404001	-1	###LINE###
5	46	13	0	3	0	360.96	437.04	70.03	13.40	100	Nonpartisan
3	46	14	0	0	0	190.799966	486.444386	52.328795	24.297262	-1	###FLOW###
4	46	14	0	0	0	190.799966	486.444386	40.212494	10.857240	-1	###LINE###
5	46	14	0	0	0	190.80	486.44	40.21	10.86	100	Jefferson
4	46	14	0	1	0	190.799966	499.884408	52.328795	10.857240	-1	###LINE###
5	46	14	0	1	0	190.80	499.88	23.10	10.86	100	Total
5	46	14	0	1	1	216.65	499.88	26.48	10.86	100	Votes
3	46	15	0	0	0	322.079937	461.844391	63.122432	48.897258	-1	###FLOW###
4	46	15	0	0	0	322.079937	461.844391	63.092352	10.857240	-1	###LINE###
5	46	15	0	0	0	322.08	461.84	32.30	10.86	100	Patricia
5	46	15	0	0	1	359.81	461.84	25.36	10.86	100	"Tish"
4	46	15	0	1	0	346.439938	473.004395	38.762431	10.857240	-1	###LINE###
5	46	15	0	1	0	346.44	473.00	38.76	10.86	100	MORRIS
4	46	15	0	2	0	355.439943	486.444386	29.750628	10.857240	-1	###LINE###
5	46	15	0	2	0	355.44	486.44	29.75	10.86	100	46,973
4	46	15	0	3	0	355.439943	499.884408	29.750628	10.857240	-1	###LINE###
5	46	15	0	3	0	355.44	499.88	29.75	10.86	100	46,973
3	46	16	0	0	0	450.719950	461.844391	42.528703	48.897258	-1	###FLOW###
4	46	16	0	0	0	457.559933	461.844391	35.687129	10.857240	-1	###LINE###
5	46	16	0	0	0	457.56	461.84	35.69	10.86	100	Dorislee
4	46	16	0	1	0	450.719950	473.004395	42.528703	10.857240	-1	###LINE###
5	46	16	0	1	0	450.72	473.00	42.53	10.86	100	GILBERT
4	46	16	0	2	0	463.439926	486.444386	29.750628	10.857240	-1	###LINE###
5	46	16	0	2	0	463.44	486.44	29.75	10.86	100	30,572
4	46	16	0	3	0	463.439926	499.884408	29.750628	10.857240	-1	###LINE###
5	46	16	0	3	0	463.44	499.88	29.75	10.86	100	30,572
3	46	17	0	0	0	535.919940	461.844391	65.281148	48.897258	-1	###FLOW###
4	46	17	0	0	0	535.919940	461.844391	65.204189	10.857240	-1	###LINE###
5	46	17	0	0	0	535.92	461.84	34.60	10.86	100	Zackary
5	46	17	0	0	1	573.05	461.84	28.08	10.86	100	"Zack"
4	46	17	0	1	0	567.839900	473.004395	33.361188	10.857240	-1	###LINE###
5	46	17	0	1	0	567.84	473.00	33.36	10.86	100	McKEE
4	46	17	0	2	0	571.439877	486.444386	29.750628	10.857240	-1	###LINE###
5	46	17	0	2	0	571.44	486.44	29.75	10.86	100	29,578
4	46	17	0	3	0	571.439877	499.884408	29.750628	10.857240	-1	###LINE###
5	46	17	0	3	0	571.44	499.88	29.75	10.86	100	29,578
3	46	18	0	0	0	624.839899	320.004399	30.358627	48.897242	-1	###FLOW###
4	46	18	0	0	0	624.839899	320.004399	30.237226	10.857240	-1	###LINE###
5	46	18	0	0	0	624.84	320.00	19.46	10.86	100	Alan
5	46	18	0	0	1	646.97	320.00	8.11	10.86	100	L.
4	46	18	0	1	0	632.999905	331.164403	22.198620	10.857240	-1	###LINE###
5	46	18	0	1	0	633.00	331.16	22.20	10.86	100	LANI
4	46	18	0	2	0	630.839882	344.604395	24.339653	10.857240	-1	###LINE###
5	46	18	0	2	0	630.84	344.60	24.34	10.86	100	3,832
4	46	18	0	3	0	630.839882	358.044401	24.339653	10.857240	-1	###LINE###
5	46	18	0	3	0	630.84	358.04	24.34	10.86	100	3,832
1	47	0	0	0	0	0.000000	0.000000	792.000000	612.000000	-1	###PAGE###
3	47	0	0	0	0	270.479967	198.146192	251.051264	32.390746	-1	###FLOW###
4	47	0	0	0	0	299.759939	198.146192	192.474066	15.950760	-1	###LINE###
5	47	0	0	0	0	299.76	198.15	106.66	15.95	100	Commonwealth
5	47	0	0	0	1	410.39	198.15	13.48	15.95	100	of
5	47	0	0	0	2	427.91	198.15	64.32	15.95	100	Kentucky
4	47	0	0	1	0	270.479967	214.586178	251.051264	15.950760	-1	###LINE###
5	47	0	0	1	0	270.48	214.59	52.24	15.95	100	Michael
5	47	0	0	1	1	326.63	214.59	15.07	15.95	100	G.
5	47	0	0	1	2	345.60	214.59	51.00	15.95	100	Adams,
5	47	0	0	1	3	400.56	214.59	64.83	15.95	100	Secretary
5	47	0	0	1	4	469.19	214.59	13.48	15.95	100	of
5	47	0	0	1	5	486.59	214.59	34.94	15.95	100	State
3	47	0	1	0	0	267.959970	263.906165	256.084014	32.390776	-1	###FLOW###
4	47	0	1	0	0	352.439952	263.906165	87.115175	15.950760	-1	###LINE###
5	47	0	1	0	0	352.44	263.91	27.81	15.95	100	May
5	47	0	1	0	1	383.99	263.91	19.86	15.95	100	17,
5	47	0	1	0	2	407.76	263.91	31.80	15.95	100	2022
4	47	0	1	1	0	267.959970	280.346181	256.084014	15.950760	-1	###LINE###
5	47	0	1	1	0	267.96	280.35	48.41	15.95	100	Official
5	47	0	1	1	1	320.39	280.35	31.80	15.95	100	2022
5	47	0	1	1	2	356.03	280.35	53.07	15.95	100	Primary
5	47	0	1	1	3	412.91	280.35	55.55	15.95	100	Election
5	47	0	1	1	4	472.43	280.35	51.61	15.95	100	Results
3	47	0	2	0	0	341.879938	329.666198	108.032539	32.390746	-1	###FLOW###
4	47	0	2	0	0	341.879938	329.666198	108.032539	15.950760	-1	###LINE###
5	47	0	2	0	0	341.88	329.67	23.00	15.95	100	For
5	47	0	2	0	1	368.87	329.67	21.43	15.95	100	the
5	47	0	2	0	2	394.31	329.67	38.10	15.95	100	office
5	47	0	2	0	3	436.43	329.67	13.48	15.95	100	of
4	47	0	2	1	0	348.359948	346.106184	95.221905	15.950760	-1	###LINE###
5	47	0	2	1	0	348.36	346.11	49.23	15.95	100	District
5	47	0	2	1	1	401.52	346.11	42.06	15.95	100	Judge
1	48	0	0	0	0	0.000000	0.000000	792.000000	612.000000	-1	###PAGE###
3	48	0	0	0	0	35.999994	54.115290	161.658823	13.404001	-1	###FLOW###
4	48	0	0	0	0	35.999994	54.115290	161.658823	13.404001	-1	###LINE###
5	48	0	0	0	0	36.00	54.12	89.57	13.40	100	Commonwealth
5	48	0	0	0	1	128.96	54.12	11.33	13.40	100	of
5	48	0	0	0	2	143.60	54.12	54.05	13.40	100	Kentucky
3	48	1	0	0	0	289.919964	54.115290	211.964694	13.404001	-1	###FLOW###
4	48	1	0	0	0	289.919964	54.115290	211.964694	13.404001	-1	###LINE###
5	48	1	0	0	0	289.92	54.12	44.03	13.40	100	Michael
5	48	1	0	0	1	337.40	54.12	12.66	13.40	100	G.
5	48	1	0	0	2	353.48	54.12	43.01	13.40	100	Adams,
5	48	1	0	0	3	399.93	54.12	54.90	13.40	100	Secretary
5	48	1	0	0	4	457.89	54.12	11.33	13.40	100	of
5	48	1	0	0	5	472.52	54.12	29.36	13.40	100	State
3	48	2	0	0	0	584.279905	54.115290	171.619073	13.404001	-1	###FLOW###
4	48	2	0	0	0	584.279905	54.115290	171.619073	13.404001	-1	###LINE###
5	48	2	0	0	0	584.28	54.12	26.72	13.40	100	2022
5	48	2	0	0	1	614.49	54.12	44.86	13.40	100	Primary
5	48	2	0	0	2	662.36	54.12	46.82	13.40	100	Election
5	48	2	0	0	3	712.53	54.12	43.37	13.40	100	Results
3	48	3	0	0	0	338.759955	111.955306	114.284558	54.804002	-1	###FLOW###
4	48	3	0	0	0	355.919938	111.955306	80.066473	13.404001	-1	###LINE###
5	48	3	0	0	0	355.92	111.96	41.37	13.40	100	District
5	48	3	0	0	1	400.64	111.96	35.35	13.40	100	Judge
4	48	3	0	1	0	338.759955	125.755316	114.284558	13.404001	-1	###LINE###
5	48	3	0	1	0	338.76	125.76	21.34	13.40	100	2nd
5	48	3	0	1	1	363.44	125.76	44.82	13.40	100	Judicial
5	48	3	0	1	2	411.68	125.76	41.37	13.40	100	District
4	48	3	0	2	0	360.359946	139.555296	71.187553	13.404001	-1	###LINE###
5	48	3	0	2	0	360.36	139.56	21.34	13.40	100	2nd
5	48	3	0	2	1	385.04	139.56	46.51	13.40	100	Division
4	48	3	0	3	0	360.959932	153.355306	70.034135	13.404001	-1	###LINE###
5	48	3	0	3	0	360.96	153.36	70.03	13.40	100	Nonpartisan
3	48	4	0	0	0	165.599967	202.764418	52.328795	24.297231	-1	###FLOW###
4	48	4	0	0	0	165.599967	202.764418	49.214565	10.857240	-1	###LINE###
5	48	4	0	0	0	165.60	202.76	49.21	10.86	100	McCracken
4	48	4	0	1	0	165.599967	216.204409	52.328795	10.857240	-1	###LINE###
5	48	4	0	1	0	165.60	216.20	23.10	10.86	100	Total
5	48	4	0	1	1	191.45	216.20	26.48	10.86	100	Votes
3	48	5	0	0	0	284.279954	178.164392	61.428186	48.897257	-1	###FLOW###
4	48	5	0	0	0	322.919936	178.164392	22.704683	10.857240	-1	###LINE###
5	48	5	0	0	0	322.92	178.16	22.70	10.86	100	Chris
4	48	5	0	1	0	284.279954	189.324396	61.428186	10.857240	-1	###LINE###
5	48	5	0	1	0	284.28	189.32	61.43	10.86	100	HOLLOWELL
4	48	5	0	2	0	321.239938	202.764418	24.339653	10.857240	-1	###LINE###
5	48	5	0	2	0	321.24	202.76	24.34	10.86	100	3,890
4	48	5	0	3	0	321.239938	216.204409	24.339653	10.857240	-1	###LINE###
5	48	5	0	3	0	321.24	216.20	24.34	10.86	100	3,890
3	48	6	0	0	0	410.159927	178.164392	29.040194	48.897257	-1	###FLOW###
4	48	6	0	0	0	410.519931	178.164392	28.660647	10.857240	-1	###LINE###
5	48	6	0	0	0	410.52	178.16	28.66	10.86	100	James
4	48	6	0	1	0	410.159927	189.324396	29.040194	10.857240	-1	###LINE###
5	48	6	0	1	0	410.16	189.32	29.04	10.86	100	MILLS
4	48	6	0	2	0	414.839947	202.764418	24.339653	10.857240	-1	###LINE###
5	48	6	0	2	0	414.84	202.76	24.34	10.86	100	1,986
4	48	6	0	3	0	414.839947	216.204409	24.339653	10.857240	-1	###LINE###
5	48	6	0	3	0	414.84	216.20	24.34	10.86	100	1,986
3	48	7	0	0	0	464.879941	178.164392	67.899639	48.897257	-1	###FLOW###
4	48	7	0	0	0	499.319929	178.164392	33.409848	10.857240	-1	###LINE###
5	48	7	0	0	0	499.32	178.16	22.57	10.86	100	Craig
5	48	7	0	0	1	524.33	178.16	8.40	10.86	100	F.
4	48	7	0	1	0	464.879941	189.324396	67.861017	10.857240	-1	###LINE###
5	48	7	0	1	0	464.88	189.32	50.10	10.86	100	NEWBERN
5	48	7	0	1	1	517.61	189.32	15.13	10.86	100	JR.
4	48	7	0	2	0	508.439927	202.764418	24.339653	10.857240	-1	###LINE###
5	48	7	0	2	0	508.44	202.76	24.34	10.86	100	1,649
4	48	7	0	3	0	508.439927	216.204409	24.339653	10.857240	-1	###LINE###
5	48	7	0	3	0	508.44	216.20	24.34	10.86	100	1,649
3	48	8	0	0	0	577.319932	178.164392	49.146441	48.897257	-1	###FLOW###
4	48	8	0	0	0	590.279890	178.164392	36.134799	10.857240	-1	###LINE###
5	48	8	0	0	0	590.28	178.16	36.13	10.86	100	Amanda
4	48	8	0	1	0	577.319932	189.324396	49.146441	10.857240	-1	###LINE###
5	48	8	0	1	0	577.32	189.32	49.15	10.86	100	BRANHAM
4	48	8	0	2	0	602.039875	202.764418	24.339653	10.857240	-1	###LINE###
5	48	8	0	2	0	602.04	202.76	24.34	10.86	100	1,506
4	48	8	0	3	0	602.039875	216.204409	24.339653	10.857240	-1	###LINE###
5	48	8	0	3	0	602.04	216.20	24.34	10.86	100	1,506
3	48	9	0	0	0	340.439953	253.795313	110.932435	54.803972	-1	###FLOW###
4	48	9	0	0	0	355.919938	253.795313	80.066473	13.404001	-1	###LINE###
5	48	9	0	0	0	355.92	253.80	41.37	13.40	100	District
5	48	9	0	0	1	400.64	253.80	35.35	13.40	100	Judge
4	48	9	0	1	0	340.439953	267.595262	110.932435	13.404001	-1	###LINE###
5	48	9	0	1	0	340.44	267.60	18.01	13.40	100	4th
5	48	9	0	1	1	361.77	267.60	44.80	13.40	100	Judicial
5	48	9	0	1	2	410.01	267.60	41.37	13.40	100	District
4	48	9	0	2	0	360.359946	281.395272	71.187553	13.404001	-1	###LINE###
5	48	9	0	2	0	360.36	281.40	21.34	13.40	100	2nd
5	48	9	0	2	1	385.04	281.40	46.51	13.40	100	Division
4	48	9	0	3	0	360.959932	295.195283	70.034135	13.404001	-1	###LINE###
5	48	9	0	3	0	360.96	295.20	70.03	13.40	100	Nonpartisan
3	48	9	1	0	0	345.719960	320.004399	39.540988	48.897242	-1	###FLOW###
4	48	9	1	0	0	348.479939	320.004399	36.670058	10.857240	-1	###LINE###
5	48	9	1	0	0	348.48	320.00	16.75	10.86	100	Kim
5	48	9	1	0	1	367.85	320.00	17.30	10.86	100	Poe
4	48	9	1	1	0	345.719960	331.164403	39.540988	10.857240	-1	###LINE###
5	48	9	1	1	0	345.72	331.16	39.54	10.86	100	GILLIAM
4	48	9	1	2	0	360.839941	344.604395	24.339653	10.857240	-1	###LINE###
5	48	9	1	2	0	360.84	344.60	24.34	10.86	100	3,529
4	48	9	1	3	0	360.839941	358.044401	24.339653	10.857240	-1	###LINE###
5	48	9	1	3	0	360.84	358.04	24.34	10.86	100	3,529
3	48	10	0	0	0	190.799966	344.604395	52.328795	24.297246	-1	###FLOW###
4	48	10	0	0	0	190.799966	344.604395	35.054551	10.857240	-1	###LINE###
5	48	10	0	0	0	190.80	344.60	35.05	10.86	100	Hopkins
4	48	10	0	1	0	190.799966	358.044401	52.328795	10.857240	-1	###LINE###
5	48	10	0	1	0	190.80	358.04	23.10	10.86	100	Total
5	48	10	0	1	1	216.65	358.04	26.48	10.86	100	Votes
3	48	11	0	0	0	440.519941	320.004399	52.854321	48.897242	-1	###FLOW###
4	48	11	0	0	0	449.399926	320.004399	43.677075	10.857240	-1	###LINE###
5	48	11	0	0	0	449.40	320.00	32.89	10.86	100	Randall
5	48	11	0	0	1	484.97	320.00	8.11	10.86	100	L.
4	48	11	0	1	0	440.519941	331.164403	52.854321	10.857240	-1	###LINE###
5	48	11	0	1	0	440.52	331.16	52.85	10.86	100	HARDESTY
4	48	11	0	2	0	468.839924	344.604395	24.339653	10.857240	-1	###LINE###
5	48	11	0	2	0	468.84	344.60	24.34	10.86	100	1,092
4	48	11	0	3	0	468.839924	358.044401	24.339653	10.857240	-1	###LINE###
5	48	11	0	3	0	468.84	358.04	24.34	10.86	100	1,092
3	48	12	0	0	0	552.479936	320.004399	48.846453	48.897242	-1	###FLOW###
4	48	12	0	0	0	552.479936	320.004399	48.650111	10.857240	-1	###LINE###
5	48	12	0	0	0	552.48	320.00	36.23	10.86	100	Kenneth
5	48	12	0	0	1	591.41	320.00	9.72	10.86	100	R.
4	48	12	0	1	0	573.239928	331.164403	28.086461	10.857240	-1	###LINE###
5	48	12	0	1	0	573.24	331.16	28.09	10.86	100	ROOT
4	48	12	0	2	0	584.999913	344.604395	16.232924	10.857240	-1	###LINE###
5	48	12	0	2	0	585.00	344.60	16.23	10.86	100	699
4	48	12	0	3	0	584.999913	358.044401	16.232924	10.857240	-1	###LINE###
5	48	12	0	3	0	585.00	358.04	16.23	10.86	100	699
3	48	13	0	0	0	340.439953	395.635289	110.932435	54.804002	-1	###FLOW###
4	48	13	0	0	0	355.919938	395.635289	80.066473	13.404001	-1	###LINE###
5	48	13	0	0	0	355.92	395.64	41.37	13.40	100	District
5	48	13	0	0	1	400.64	395.64	35.35	13.40	100	Judge
4	48	13	0	1	0	340.439953	409.435300	110.932435	13.404001	-1	###LINE###
5	48	13	0	1	0	340.44	409.44	18.01	13.40	100	6th
5	48	13	0	1	1	361.77	409.44	44.80	13.40	100	Judicial
5	48	13	0	1	2	410.01	409.44	41.37	13.40	100	District
4	48	13	0	2	0	361.679940	423.235279	68.544302	13.404001	-1	###LINE###
5	48	13	0	2	0	361.68	423.24	18.68	13.40	100	3rd
5	48	13	0	2	1	383.73	423.24	46.50	13.40	100	Division
4	48	13	0	3	0	360.959932	437.035289	70.034135	13.404001	-1	###LINE###
5	48	13	0	3	0	360.96	437.04	70.03	13.40	100	Nonpartisan
3	48	14	0	0	0	165.599967	486.444386	52.328795	24.297262	-1	###FLOW###
4	48	14	0	0	0	165.599967	486.444386	34.606880	10.857240	-1	###LINE###
5	48	14	0	0	0	165.60	486.44	34.61	10.86	100	Daviess
4	48	14	0	1	0	165.599967	499.884408	52.328795	10.857240	-1	###LINE###
5	48	14	0	1	0	165.60	499.88	23.10	10.86	100	Total
5	48	14	0	1	1	191.45	499.88	26.48	10.86	100	Votes
3	48	15	0	0	0	312.719957	461.844391	32.942714	48.897258	-1	###FLOW###
4	48	15	0	0	0	316.199944	461.844391	29.293225	10.857240	-1	###LINE###
5	48	15	0	0	0	316.20	461.84	7.56	10.86	100	J.
5	48	15	0	0	1	326.57	461.84	18.92	10.86	100	Nick
4	48	15	0	1	0	312.719957	473.004395	32.942714	10.857240	-1	###LINE###
5	48	15	0	1	0	312.72	473.00	32.94	10.86	100	PAYNE
4	48	15	0	2	0	321.239938	486.444386	24.339653	10.857240	-1	###LINE###
5	48	15	0	2	0	321.24	486.44	24.34	10.86	100	6,079
4	48	15	0	3	0	321.239938	499.884408	24.339653	10.857240	-1	###LINE###
5	48	15	0	3	0	321.24	499.88	24.34	10.86	100	6,079
3	48	16	0	0	0	400.319952	461.844391	38.947338	48.897258	-1	###FLOW###
4	48	16	0	0	0	400.319952	461.844391	38.947338	10.857240	-1	###LINE###
5	48	16	0	0	0	400.32	461.84	38.95	10.86	100	Shannon
4	48	16	0	1	0	404.879951	473.004395	34.383045	10.857240	-1	###LINE###
5	48	16	0	1	0	404.88	473.00	34.38	10.86	100	MEYER
4	48	16	0	2	0	414.839947	486.444386	24.339653	10.857240	-1	###LINE###
5	48	16	0	2	0	414.84	486.44	24.34	10.86	100	4,831
4	48	16	0	3	0	414.839947	499.884408	24.339653	10.857240	-1	###LINE###
5	48	16	0	3	0	414.84	499.88	24.34	10.86	100	4,831
3	48	17	0	0	0	461.279933	461.844391	71.650866	48.897258	-1	###FLOW###
4	48	17	0	0	0	461.279933	461.844391	71.559165	10.857240	-1	###LINE###
5	48	17	0	0	0	461.28	461.84	34.31	10.86	100	Heather
5	48	17	0	0	1	498.29	461.84	34.55	10.86	100	Wagner
4	48	17	0	1	0	471.599933	473.004395	61.330866	10.857240	-1	###LINE###
5	48	17	0	1	0	471.60	473.00	61.33	10.86	100	BLACKBURN
4	48	17	0	2	0	508.439927	486.444386	24.339653	10.857240	-1	###LINE###
5	48	17	0	2	0	508.44	486.44	24.34	10.86	100	2,538
4	48	17	0	3	0	508.439927	499.884408	24.339653	10.857240	-1	###LINE###
5	48	17	0	3	0	508.44	499.88	24.34	10.86	100	2,538
3	48	18	0	0	0	590.039907	461.844391	36.362985	48.897258	-1	###FLOW###
4	48	18	0	0	0	590.039907	461.844391	36.290511	10.857240	-1	###LINE###
5	48	18	0	0	0	590.04	461.84	25.95	10.86	100	Phillip
5	48	18	0	0	1	618.65	461.84	7.68	10.86	100	J.
4	48	18	0	1	0	599.279896	473.004395	27.122996	10.857240	-1	###LINE###
5	48	18	0	1	0	599.28	473.00	27.12	10.86	100	PAGE
4	48	18	0	2	0	602.039875	486.444386	24.339653	10.857240	-1	###LINE###
5	48	18	0	2	0	602.04	486.44	24.34	10.86	100	1,360
4	48	18	0	3	0	602.039875	499.884408	24.339653	10.857240	-1	###LINE###
5	48	18	0	3	0	602.04	499.88	24.34	10.86	100	1,360
1	49	0	0	0	0	0.000000	0.000000	792.000000	612.000000	-1	###PAGE###
3	49	0	0	0	0	35.999994	54.115290	161.658823	13.404001	-1	###FLOW###
4	49	0	0	0	0	35.999994	54.115290	161.658823	13.404001	-1	###LINE###
5	49	0	0	0	0	36.00	54.12	89.57	13.40	100	Commonwealth
5	49	0	0	0	1	128.96	54.12	11.33	13.40	100	of
5	49	0	0	0	2	143.60	54.12	54.05	13.40	100	Kentucky
3	49	1	0	0	0	289.919964	54.115290	211.964694	13.404001	-1	###FLOW###
4	49	1	0	0	0	289.919964	54.115290	211.964694	13.404001	-1	###LINE###
5	49	1	0	0	0	289.92	54.12	44.03	13.40	100	Michael
5	49	1	0	0	1	337.40	54.12	12.66	13.40	100	G.
5	49	1	0	0	2	353.48	54.12	43.01	13.40	100	Adams,
5	49	1	0	0	3	399.93	54.12	54.90	13.40	100	Secretary
5	49	1	0	0	4	457.89	54.12	11.33	13.40	100	of
5	49	1	0	0	5	472.52	54.12	29.36	13.40	100	State
3	49	2	0	0	0	584.279905	54.115290	171.619073	13.404001	-1	###FLOW###
4	49	2	0	0	0	584.279905	54.115290	171.619073	13.404001	-1	###LINE###
5	49	2	0	0	0	584.28	54.12	26.72	13.40	100	2022
5	49	2	0	0	1	614.49	54.12	44.86	13.40	100	Primary
5	49	2	0	0	2	662.36	54.12	46.82	13.40	100	Election
5	49	2	0	0	3	712.53	54.12	43.37	13.40	100	Results
3	49	3	0	0	0	337.079957	111.955306	117.648695	41.003991	-1	###FLOW###
4	49	3	0	0	0	355.919938	111.955306	80.066473	13.404001	-1	###LINE###
5	49	3	0	0	0	355.92	111.96	41.37	13.40	100	District
5	49	3	0	0	1	400.64	111.96	35.35	13.40	100	Judge
4	49	3	0	1	0	337.079957	125.755316	117.648695	13.404001	-1	###LINE###
5	49	3	0	1	0	337.08	125.76	24.69	13.40	100	10th
5	49	3	0	1	1	365.12	125.76	44.80	13.40	100	Judicial
5	49	3	0	1	2	413.36	125.76	41.37	13.40	100	District
4	49	3	0	2	0	360.959932	139.555296	70.034135	13.404001	-1	###LINE###
5	49	3	0	2	0	360.96	139.56	70.03	13.40	100	Nonpartisan
3	49	4	0	0	0	190.799966	188.964408	52.328795	37.497230	-1	###FLOW###
4	49	4	0	0	0	190.799966	188.964408	18.373957	10.857240	-1	###LINE###
5	49	4	0	0	0	190.80	188.96	18.37	10.86	100	Hart
4	49	4	0	1	0	190.799966	202.164407	24.884644	10.857240	-1	###LINE###
5	49	4	0	1	0	190.80	202.16	24.88	10.86	100	Larue
4	49	4	0	2	0	190.799966	215.604398	52.328795	10.857240	-1	###LINE###
5	49	4	0	2	0	190.80	215.60	23.10	10.86	100	Total
5	49	4	0	2	1	216.65	215.60	26.48	10.86	100	Votes
3	49	5	0	0	0	324.599964	164.364412	60.659841	62.097226	-1	###FLOW###
4	49	5	0	0	0	324.599964	164.364412	60.630164	10.857240	-1	###LINE###
5	49	5	0	0	0	324.60	164.36	29.83	10.86	100	Teresa
5	49	5	0	0	1	356.93	164.36	28.30	10.86	100	Renee
4	49	5	0	1	0	336.599963	175.524417	48.659843	10.857240	-1	###LINE###
5	49	5	0	1	0	336.60	175.52	48.66	10.86	100	McMAHAN
4	49	5	0	2	0	368.999948	188.964408	16.232924	10.857240	-1	###LINE###
5	49	5	0	2	0	369.00	188.96	16.23	10.86	100	512
4	49	5	0	3	0	360.839941	202.164407	24.339653	10.857240	-1	###LINE###
5	49	5	0	3	0	360.84	202.16	24.34	10.86	100	1,629
4	49	5	0	4	0	360.839941	215.604398	24.339653	10.857240	-1	###LINE###
5	49	5	0	4	0	360.84	215.60	24.34	10.86	100	2,141
3	49	6	0	0	0	445.799948	164.364412	47.530934	62.097226	-1	###FLOW###
4	49	6	0	0	0	461.399924	164.364412	31.872197	10.857240	-1	###LINE###
5	49	6	0	0	0	461.40	164.36	31.87	10.86	100	William
4	49	6	0	1	0	445.799948	175.524417	47.530934	10.857240	-1	###LINE###
5	49	6	0	1	0	445.80	175.52	47.53	10.86	100	CLAUSON
4	49	6	0	2	0	468.839924	188.964408	24.339653	10.857240	-1	###LINE###
5	49	6	0	2	0	468.84	188.96	24.34	10.86	100	1,253
4	49	6	0	3	0	476.999931	202.164407	16.232924	10.857240	-1	###LINE###
5	49	6	0	3	0	477.00	202.16	16.23	10.86	100	466
4	49	6	0	4	0	468.839924	215.604398	24.339653	10.857240	-1	###LINE###
5	49	6	0	4	0	468.84	215.60	24.34	10.86	100	1,719
3	49	7	0	0	0	534.719907	164.364412	66.512930	62.097226	-1	###FLOW###
4	49	7	0	0	0	534.719907	164.364412	66.469345	10.857240	-1	###LINE###
5	49	7	0	0	0	534.72	164.36	24.87	10.86	100	David
5	49	7	0	0	1	562.25	164.36	38.94	10.86	100	Clarence
4	49	7	0	1	0	558.119886	175.524417	43.083425	10.857240	-1	###LINE###
5	49	7	0	1	0	558.12	175.52	43.08	10.86	100	PERKINS
4	49	7	0	2	0	584.999913	188.964408	16.232924	10.857240	-1	###LINE###
5	49	7	0	2	0	585.00	188.96	16.23	10.86	100	444
4	49	7	0	3	0	584.999913	202.164407	16.232924	10.857240	-1	###LINE###
5	49	7	0	3	0	585.00	202.16	16.23	10.86	100	802
4	49	7	0	4	0	576.839906	215.604398	24.339653	10.857240	-1	###LINE###
5	49	7	0	4	0	576.84	215.60	24.34	10.86	100	1,246
3	49	8	0	0	0	337.079957	253.075306	117.648695	54.803971	-1	###FLOW###
4	49	8	0	0	0	355.919938	253.075306	80.066473	13.404001	-1	###LINE###
5	49	8	0	0	0	355.92	253.08	41.37	13.40	100	District
5	49	8	0	0	1	400.64	253.08	35.35	13.40	100	Judge
4	49	8	0	1	0	337.079957	266.875285	117.648695	13.404001	-1	###LINE###
5	49	8	0	1	0	337.08	266.88	24.69	13.40	100	12th
5	49	8	0	1	1	365.12	266.88	44.80	13.40	100	Judicial
5	49	8	0	1	2	413.36	266.88	41.37	13.40	100	District
4	49	8	0	2	0	362.279957	280.675266	67.222677	13.404001	-1	###LINE###
5	49	8	0	2	0	362.28	280.68	17.36	13.40	100	1st
5	49	8	0	2	1	383.01	280.68	46.50	13.40	100	Division
4	49	8	0	3	0	360.959932	294.475275	70.034135	13.404001	-1	###LINE###
5	49	8	0	3	0	360.96	294.48	70.03	13.40	100	Nonpartisan
3	49	9	0	0	0	165.599967	343.884387	52.328795	50.697245	-1	###FLOW###
4	49	9	0	0	0	165.599967	343.884387	25.857840	10.857240	-1	###LINE###
5	49	9	0	0	0	165.60	343.88	25.86	10.86	100	Henry
4	49	9	0	1	0	165.599967	357.084371	34.061890	10.857240	-1	###LINE###
5	49	9	0	1	0	165.60	357.08	34.06	10.86	100	Oldham
4	49	9	0	2	0	165.599967	370.284370	32.426919	10.857240	-1	###LINE###
5	49	9	0	2	0	165.60	370.28	32.43	10.86	100	Trimble
4	49	9	0	3	0	165.599967	383.724392	52.328795	10.857240	-1	###LINE###
5	49	9	0	3	0	165.60	383.72	23.10	10.86	100	Total
5	49	9	0	3	1	191.45	383.72	26.48	10.86	100	Votes
3	49	10	0	0	0	300.599938	319.284392	45.117406	75.297240	-1	###FLOW###
4	49	10	0	0	0	318.119955	319.284392	27.483079	10.857240	-1	###LINE###
5	49	10	0	0	0	318.12	319.28	27.48	10.86	100	Daniel
4	49	10	0	1	0	300.599938	330.444396	45.117406	10.857240	-1	###LINE###
5	49	10	0	1	0	300.60	330.44	45.12	10.86	100	FENDLEY
4	49	10	0	2	0	321.239938	343.884387	24.339653	10.857240	-1	###LINE###
5	49	10	0	2	0	321.24	343.88	24.34	10.86	100	1,122
4	49	10	0	3	0	321.239938	357.084371	24.339653	10.857240	-1	###LINE###
5	49	10	0	3	0	321.24	357.08	24.34	10.86	100	4,900
4	49	10	0	4	0	329.399946	370.284370	16.232924	10.857240	-1	###LINE###
5	49	10	0	4	0	329.40	370.28	16.23	10.86	100	619
4	49	10	0	5	0	321.239938	383.724392	24.339653	10.857240	-1	###LINE###
5	49	10	0	5	0	321.24	383.72	24.34	10.86	100	6,641
3	49	11	0	0	0	398.159929	319.284392	41.104471	75.297240	-1	###FLOW###
4	49	11	0	0	0	398.159929	319.284392	40.903464	10.857240	-1	###LINE###
5	49	11	0	0	0	398.16	319.28	29.20	10.86	100	Ashley
5	49	11	0	0	1	429.89	319.28	9.18	10.86	100	E.
4	49	11	0	1	0	398.759946	330.444396	40.504453	10.857240	-1	###LINE###
5	49	11	0	1	0	398.76	330.44	40.50	10.86	100	AHRENS
4	49	11	0	2	0	422.999924	343.884387	16.232924	10.857240	-1	###LINE###
5	49	11	0	2	0	423.00	343.88	16.23	10.86	100	673
4	49	11	0	3	0	414.839947	357.084371	24.339653	10.857240	-1	###LINE###
5	49	11	0	3	0	414.84	357.08	24.34	10.86	100	4,093
4	49	11	0	4	0	422.999924	370.284370	16.232924	10.857240	-1	###LINE###
5	49	11	0	4	0	423.00	370.28	16.23	10.86	100	574
4	49	11	0	5	0	414.839947	383.724392	24.339653	10.857240	-1	###LINE###
5	49	11	0	5	0	414.84	383.72	24.34	10.86	100	5,340
3	49	12	0	0	0	485.279929	319.284392	47.719458	75.297240	-1	###FLOW###
4	49	12	0	0	0	511.919944	319.284392	21.079444	10.857240	-1	###LINE###
5	49	12	0	0	0	511.92	319.28	21.08	10.86	100	Gary
4	49	12	0	1	0	485.279929	330.444396	47.637986	10.857240	-1	###LINE###
5	49	12	0	1	0	485.28	330.44	47.64	10.86	100	STEWART
4	49	12	0	2	0	516.599903	343.884387	16.232924	10.857240	-1	###LINE###
5	49	12	0	2	0	516.60	343.88	16.23	10.86	100	337
4	49	12	0	3	0	508.439927	357.084371	24.339653	10.857240	-1	###LINE###
5	49	12	0	3	0	508.44	357.08	24.34	10.86	100	2,318
4	49	12	0	4	0	516.599903	370.284370	16.232924	10.857240	-1	###LINE###
5	49	12	0	4	0	516.60	370.28	16.23	10.86	100	199
4	49	12	0	5	0	508.439927	383.724392	24.339653	10.857240	-1	###LINE###
5	49	12	0	5	0	508.44	383.72	24.34	10.86	100	2,854
3	49	13	0	0	0	558.719903	319.284392	67.880481	75.297240	-1	###FLOW###
4	49	13	0	0	0	558.719903	319.284392	67.880481	10.857240	-1	###LINE###
5	49	13	0	0	0	558.72	319.28	28.51	10.86	100	Walter
5	49	13	0	0	1	589.85	319.28	36.75	10.86	100	Matthew
4	49	13	0	1	0	584.519888	330.444396	42.012908	10.857240	-1	###LINE###
5	49	13	0	1	0	584.52	330.44	42.01	10.86	100	HUDSON
4	49	13	0	2	0	610.199881	343.884387	16.232924	10.857240	-1	###LINE###
5	49	13	0	2	0	610.20	343.88	16.23	10.86	100	436
4	49	13	0	3	0	602.039875	357.084371	24.339653	10.857240	-1	###LINE###
5	49	13	0	3	0	602.04	357.08	24.34	10.86	100	1,148
4	49	13	0	4	0	610.199881	370.284370	16.232924	10.857240	-1	###LINE###
5	49	13	0	4	0	610.20	370.28	16.23	10.86	100	306
4	49	13	0	5	0	602.039875	383.724392	24.339653	10.857240	-1	###LINE###
5	49	13	0	5	0	602.04	383.72	24.34	10.86	100	1,890
1	50	0	0	0	0	0.000000	0.000000	792.000000	612.000000	-1	###PAGE###
3	50	0	0	0	0	35.999994	54.115290	161.658823	13.404001	-1	###FLOW###
4	50	0	0	0	0	35.999994	54.115290	161.658823	13.404001	-1	###LINE###
5	50	0	0	0	0	36.00	54.12	89.57	13.40	100	Commonwealth
5	50	0	0	0	1	128.96	54.12	11.33	13.40	100	of
5	50	0	0	0	2	143.60	54.12	54.05	13.40	100	Kentucky
3	50	1	0	0	0	289.919964	54.115290	211.964694	13.404001	-1	###FLOW###
4	50	1	0	0	0	289.919964	54.115290	211.964694	13.404001	-1	###LINE###
5	50	1	0	0	0	289.92	54.12	44.03	13.40	100	Michael
5	50	1	0	0	1	337.40	54.12	12.66	13.40	100	G.
5	50	1	0	0	2	353.48	54.12	43.01	13.40	100	Adams,
5	50	1	0	0	3	399.93	54.12	54.90	13.40	100	Secretary
5	50	1	0	0	4	457.89	54.12	11.33	13.40	100	of
5	50	1	0	0	5	472.52	54.12	29.36	13.40	100	State
3	50	2	0	0	0	584.279905	54.115290	171.619073	13.404001	-1	###FLOW###
4	50	2	0	0	0	584.279905	54.115290	171.619073	13.404001	-1	###LINE###
5	50	2	0	0	0	584.28	54.12	26.72	13.40	100	2022
5	50	2	0	0	1	614.49	54.12	44.86	13.40	100	Primary
5	50	2	0	0	2	662.36	54.12	46.82	13.40	100	Election
5	50	2	0	0	3	712.53	54.12	43.37	13.40	100	Results
3	50	3	0	0	0	337.079957	111.955306	117.648695	54.804002	-1	###FLOW###
4	50	3	0	0	0	355.919938	111.955306	80.066473	13.404001	-1	###LINE###
5	50	3	0	0	0	355.92	111.96	41.37	13.40	100	District
5	50	3	0	0	1	400.64	111.96	35.35	13.40	100	Judge
4	50	3	0	1	0	337.079957	125.755316	117.648695	13.404001	-1	###LINE###
5	50	3	0	1	0	337.08	125.76	24.69	13.40	100	14th
5	50	3	0	1	1	365.12	125.76	44.80	13.40	100	Judicial
5	50	3	0	1	2	413.36	125.76	41.37	13.40	100	District
4	50	3	0	2	0	362.279957	139.555296	67.222677	13.404001	-1	###LINE###
5	50	3	0	2	0	362.28	139.56	17.36	13.40	100	1st
5	50	3	0	2	1	383.01	139.56	46.50	13.40	100	Division
4	50	3	0	3	0	360.959932	153.355306	70.034135	13.404001	-1	###LINE###
5	50	3	0	3	0	360.96	153.36	70.03	13.40	100	Nonpartisan
3	50	4	0	0	0	190.799966	202.764418	52.328795	50.697229	-1	###FLOW###
4	50	4	0	0	0	190.799966	202.764418	36.777109	10.857240	-1	###LINE###
5	50	4	0	0	0	190.80	202.76	36.78	10.86	100	Bourbon
4	50	4	0	1	0	190.799966	215.964417	22.247280	10.857240	-1	###LINE###
5	50	4	0	1	0	190.80	215.96	22.25	10.86	100	Scott
4	50	4	0	2	0	190.799966	229.164416	42.703878	10.857240	-1	###LINE###
5	50	4	0	2	0	190.80	229.16	42.70	10.86	100	Woodford
4	50	4	0	3	0	190.799966	242.604407	52.328795	10.857240	-1	###LINE###
5	50	4	0	3	0	190.80	242.60	23.10	10.86	100	Total
5	50	4	0	3	1	216.65	242.60	26.48	10.86	100	Votes
3	50	5	0	0	0	349.079955	178.164392	36.193191	75.297255	-1	###FLOW###
4	50	5	0	0	0	357.599936	178.164392	27.570667	10.857240	-1	###LINE###
5	50	5	0	0	0	357.60	178.16	27.57	10.86	100	Bolton
4	50	5	0	1	0	349.079955	189.324396	36.193191	10.857240	-1	###LINE###
5	50	5	0	1	0	349.08	189.32	36.19	10.86	100	BEVINS
4	50	5	0	2	0	360.839941	202.764418	24.339653	10.857240	-1	###LINE###
5	50	5	0	2	0	360.84	202.76	24.34	10.86	100	1,016
4	50	5	0	3	0	360.839941	215.964417	24.339653	10.857240	-1	###LINE###
5	50	5	0	3	0	360.84	215.96	24.34	10.86	100	4,718
4	50	5	0	4	0	360.839941	229.164416	24.339653	10.857240	-1	###LINE###
5	50	5	0	4	0	360.84	229.16	24.34	10.86	100	1,834
4	50	5	0	5	0	360.839941	242.604407	24.339653	10.857240	-1	###LINE###
5	50	5	0	5	0	360.84	242.60	24.34	10.86	100	7,568
3	50	6	0	0	0	461.399924	178.164392	31.935207	75.297255	-1	###FLOW###
4	50	6	0	0	0	461.399924	178.164392	31.872197	10.857240	-1	###LINE###
5	50	6	0	0	0	461.40	178.16	31.87	10.86	100	William
4	50	6	0	1	0	469.559931	189.324396	23.775199	10.857240	-1	###LINE###
5	50	6	0	1	0	469.56	189.32	23.78	10.86	100	RICH
4	50	6	0	2	0	468.839924	202.764418	24.339653	10.857240	-1	###LINE###
5	50	6	0	2	0	468.84	202.76	24.34	10.86	100	1,416
4	50	6	0	3	0	468.839924	215.964417	24.339653	10.857240	-1	###LINE###
5	50	6	0	3	0	468.84	215.96	24.34	10.86	100	1,877
4	50	6	0	4	0	468.839924	229.164416	24.339653	10.857240	-1	###LINE###
5	50	6	0	4	0	468.84	229.16	24.34	10.86	100	1,322
4	50	6	0	5	0	468.839924	242.604407	24.339653	10.857240	-1	###LINE###
5	50	6	0	5	0	468.84	242.60	24.34	10.86	100	4,615
3	50	7	0	0	0	541.439897	178.164392	59.816107	75.297255	-1	###FLOW###
4	50	7	0	0	0	541.439897	178.164392	59.744555	10.857240	-1	###LINE###
5	50	7	0	0	0	541.44	178.16	21.35	10.86	100	Rawl
5	50	7	0	0	1	565.49	178.16	35.70	10.86	100	Douglas
4	50	7	0	1	0	568.799890	189.324396	32.456115	10.857240	-1	###LINE###
5	50	7	0	1	0	568.80	189.32	32.46	10.86	100	KAZEE
4	50	7	0	2	0	584.999913	202.764418	16.232924	10.857240	-1	###LINE###
5	50	7	0	2	0	585.00	202.76	16.23	10.86	100	554
4	50	7	0	3	0	576.839906	215.964417	24.339653	10.857240	-1	###LINE###
5	50	7	0	3	0	576.84	215.96	24.34	10.86	100	1,704
4	50	7	0	4	0	576.839906	229.164416	24.339653	10.857240	-1	###LINE###
5	50	7	0	4	0	576.84	229.16	24.34	10.86	100	1,207
4	50	7	0	5	0	576.839906	242.604407	24.339653	10.857240	-1	###LINE###
5	50	7	0	5	0	576.84	242.60	24.34	10.86	100	3,465
3	50	8	0	0	0	445.439944	346.284400	47.822893	48.897243	-1	###FLOW###
4	50	8	0	0	0	458.639945	346.284400	34.509561	10.857240	-1	###LINE###
5	50	8	0	0	0	458.64	346.28	34.51	10.86	100	Denotra
4	50	8	0	1	0	445.439944	357.444389	47.822893	10.857240	-1	###LINE###
5	50	8	0	1	0	445.44	357.44	47.82	10.86	100	GUNTHER
4	50	8	0	2	0	463.439926	370.884381	29.750628	10.857240	-1	###LINE###
5	50	8	0	2	0	463.44	370.88	29.75	10.86	100	14,653
4	50	8	0	3	0	463.439926	384.324403	29.750628	10.857240	-1	###LINE###
5	50	8	0	3	0	463.44	384.32	29.75	10.86	100	14,653
3	50	9	0	0	0	516.479912	346.284400	84.794642	48.897243	-1	###FLOW###
4	50	9	0	0	0	516.479912	346.284400	84.794642	10.857240	-1	###LINE###
5	50	9	0	0	0	516.48	346.28	34.31	10.86	100	Heather
5	50	9	0	0	1	553.37	346.28	47.90	10.86	100	Vanderford
4	50	9	0	1	0	564.479904	357.444389	36.777109	10.857240	-1	###LINE###
5	50	9	0	1	0	564.48	357.44	36.78	10.86	100	MATICS
4	50	9	0	2	0	576.839906	370.884381	24.339653	10.857240	-1	###LINE###
5	50	9	0	2	0	576.84	370.88	24.34	10.86	100	5,483
4	50	9	0	3	0	576.839906	384.324403	24.339653	10.857240	-1	###LINE###
5	50	9	0	3	0	576.84	384.32	24.34	10.86	100	5,483
3	50	10	0	0	0	335.399960	280.075284	121.012833	54.804002	-1	###FLOW###
4	50	10	0	0	0	355.919938	280.075284	80.066473	13.404001	-1	###LINE###
5	50	10	0	0	0	355.92	280.08	41.37	13.40	100	District
5	50	10	0	0	1	400.64	280.08	35.35	13.40	100	Judge
4	50	10	0	1	0	335.399960	293.875265	121.012833	13.404001	-1	###LINE###
5	50	10	0	1	0	335.40	293.88	28.02	13.40	100	22nd
5	50	10	0	1	1	366.81	293.88	44.80	13.40	100	Judicial
5	50	10	0	1	2	415.05	293.88	41.37	13.40	100	District
4	50	10	0	2	0	362.279957	307.675274	67.222677	13.404001	-1	###LINE###
5	50	10	0	2	0	362.28	307.68	17.36	13.40	100	1st
5	50	10	0	2	1	383.01	307.68	46.50	13.40	100	Division
4	50	10	0	3	0	360.959932	321.475284	70.034135	13.404001	-1	###LINE###
5	50	10	0	3	0	360.96	321.48	70.03	13.40	100	Nonpartisan
3	50	11	0	0	0	190.799966	370.884381	52.328795	24.297262	-1	###FLOW###
4	50	11	0	0	0	190.799966	370.884381	32.290672	10.857240	-1	###LINE###
5	50	11	0	0	0	190.80	370.88	32.29	10.86	100	Fayette
4	50	11	0	1	0	190.799966	384.324403	52.328795	10.857240	-1	###LINE###
5	50	11	0	1	0	190.80	384.32	23.10	10.86	100	Total
5	50	11	0	1	1	216.65	384.32	26.48	10.86	100	Votes
3	50	12	0	0	0	335.399960	346.284400	49.868144	48.897243	-1	###FLOW###
4	50	12	0	0	0	335.399960	346.284400	49.681699	10.857240	-1	###LINE###
5	50	12	0	0	0	335.40	346.28	38.95	10.86	100	Shannon
5	50	12	0	0	1	376.97	346.28	8.11	10.86	100	L.
4	50	12	0	1	0	342.719937	357.444389	42.548167	10.857240	-1	###LINE###
5	50	12	0	1	0	342.72	357.44	42.55	10.86	100	BROOKS
4	50	12	0	2	0	355.439943	370.884381	29.750628	10.857240	-1	###LINE###
5	50	12	0	2	0	355.44	370.88	29.75	10.86	100	17,289
4	50	12	0	3	0	355.439943	384.324403	29.750628	10.857240	-1	###LINE###
5	50	12	0	3	0	355.44	384.32	29.75	10.86	100	17,289
3	50	13	0	0	0	337.079957	421.915292	117.648695	54.804002	-1	###FLOW###
4	50	13	0	0	0	355.919938	421.915292	80.066473	13.404001	-1	###LINE###
5	50	13	0	0	0	355.92	421.92	41.37	13.40	100	District
5	50	13	0	0	1	400.64	421.92	35.35	13.40	100	Judge
4	50	13	0	1	0	337.079957	435.715302	117.648695	13.404001	-1	###LINE###
5	50	13	0	1	0	337.08	435.72	24.69	13.40	100	28th
5	50	13	0	1	1	365.12	435.72	44.80	13.40	100	Judicial
5	50	13	0	1	2	413.36	435.72	41.37	13.40	100	District
4	50	13	0	2	0	362.279957	449.515282	67.222677	13.404001	-1	###LINE###
5	50	13	0	2	0	362.28	449.52	17.36	13.40	100	1st
5	50	13	0	2	1	383.01	449.52	46.50	13.40	100	Division
4	50	13	0	3	0	360.959932	463.315292	70.034135	13.404001	-1	###LINE###
5	50	13	0	3	0	360.96	463.32	70.03	13.40	100	Nonpartisan
3	50	14	0	0	0	190.799966	512.724388	52.328795	37.497227	-1	###FLOW###
4	50	14	0	0	0	190.799966	512.724388	31.356403	10.857240	-1	###LINE###
5	50	14	0	0	0	190.80	512.72	31.36	10.86	100	Pulaski
4	50	14	0	1	0	190.799966	525.924387	47.706110	10.857240	-1	###LINE###
5	50	14	0	1	0	190.80	525.92	47.71	10.86	100	Rockcastle
4	50	14	0	2	0	190.799966	539.364375	52.328795	10.857240	-1	###LINE###
5	50	14	0	2	0	190.80	539.36	23.10	10.86	100	Total
5	50	14	0	2	1	216.65	539.36	26.48	10.86	100	Votes
3	50	15	0	0	0	318.239946	488.124393	67.074832	62.097222	-1	###FLOW###
4	50	15	0	0	0	318.239946	488.124393	66.858624	10.857240	-1	###LINE###
5	50	15	0	0	0	318.24	488.12	40.41	10.86	100	Benjamin
5	50	15	0	0	1	361.26	488.12	23.84	10.86	100	"B.J."
4	50	15	0	1	0	351.359940	499.284397	33.954838	10.857240	-1	###LINE###
5	50	15	0	1	0	351.36	499.28	33.95	10.86	100	HARDY
4	50	15	0	2	0	360.839941	512.724388	24.339653	10.857240	-1	###LINE###
5	50	15	0	2	0	360.84	512.72	24.34	10.86	100	8,278
4	50	15	0	3	0	368.999948	525.924387	16.232924	10.857240	-1	###LINE###
5	50	15	0	3	0	369.00	525.92	16.23	10.86	100	876
4	50	15	0	4	0	360.839941	539.364375	24.339653	10.857240	-1	###LINE###
5	50	15	0	4	0	360.84	539.36	24.34	10.86	100	9,154
3	50	16	0	0	0	454.919945	488.124393	38.312909	62.097222	-1	###FLOW###
4	50	16	0	0	0	468.599941	488.124393	24.621880	10.857240	-1	###LINE###
5	50	16	0	0	0	468.60	488.12	24.62	10.86	100	Dylan
4	50	16	0	1	0	454.919945	499.284397	38.207709	10.857240	-1	###LINE###
5	50	16	0	1	0	454.92	499.28	38.21	10.86	100	GORSKI
4	50	16	0	2	0	468.839924	512.724388	24.339653	10.857240	-1	###LINE###
5	50	16	0	2	0	468.84	512.72	24.34	10.86	100	4,360
4	50	16	0	3	0	476.999931	525.924387	16.232924	10.857240	-1	###LINE###
5	50	16	0	3	0	477.00	525.92	16.23	10.86	100	866
4	50	16	0	4	0	468.839924	539.364375	24.339653	10.857240	-1	###LINE###
5	50	16	0	4	0	468.84	539.36	24.34	10.86	100	5,226
3	50	17	0	0	0	567.839900	488.124393	33.487704	62.097222	-1	###FLOW###
4	50	17	0	0	0	569.399907	488.124393	31.872197	10.857240	-1	###LINE###
5	50	17	0	0	0	569.40	488.12	31.87	10.86	100	William
4	50	17	0	1	0	567.839900	499.284397	33.487704	10.857240	-1	###LINE###
5	50	17	0	1	0	567.84	499.28	33.49	10.86	100	LEGER
4	50	17	0	2	0	576.839906	512.724388	24.339653	10.857240	-1	###LINE###
5	50	17	0	2	0	576.84	512.72	24.34	10.86	100	1,350
4	50	17	0	3	0	576.839906	525.924387	24.339653	10.857240	-1	###LINE###
5	50	17	0	3	0	576.84	525.92	24.34	10.86	100	1,927
4	50	17	0	4	0	576.839906	539.364375	24.339653	10.857240	-1	###LINE###
5	50	17	0	4	0	576.84	539.36	24.34	10.86	100	3,277
1	51	0	0	0	0	0.000000	0.000000	792.000000	612.000000	-1	###PAGE###
3	51	0	0	0	0	35.999994	54.115290	161.658823	13.404001	-1	###FLOW###
4	51	0	0	0	0	35.999994	54.115290	161.658823	13.404001	-1	###LINE###
5	51	0	0	0	0	36.00	54.12	89.57	13.40	100	Commonwealth
5	51	0	0	0	1	128.96	54.12	11.33	13.40	100	of
5	51	0	0	0	2	143.60	54.12	54.05	13.40	100	Kentucky
3	51	1	0	0	0	289.919964	54.115290	211.964694	13.404001	-1	###FLOW###
4	51	1	0	0	0	289.919964	54.115290	211.964694	13.404001	-1	###LINE###
5	51	1	0	0	0	289.92	54.12	44.03	13.40	100	Michael
5	51	1	0	0	1	337.40	54.12	12.66	13.40	100	G.
5	51	1	0	0	2	353.48	54.12	43.01	13.40	100	Adams,
5	51	1	0	0	3	399.93	54.12	54.90	13.40	100	Secretary
5	51	1	0	0	4	457.89	54.12	11.33	13.40	100	of
5	51	1	0	0	5	472.52	54.12	29.36	13.40	100	State
3	51	2	0	0	0	584.279905	54.115290	171.619073	13.404001	-1	###FLOW###
4	51	2	0	0	0	584.279905	54.115290	171.619073	13.404001	-1	###LINE###
5	51	2	0	0	0	584.28	54.12	26.72	13.40	100	2022
5	51	2	0	0	1	614.49	54.12	44.86	13.40	100	Primary
5	51	2	0	0	2	662.36	54.12	46.82	13.40	100	Election
5	51	2	0	0	3	712.53	54.12	43.37	13.40	100	Results
3	51	3	0	0	0	337.079957	111.955306	117.648695	54.804002	-1	###FLOW###
4	51	3	0	0	0	355.919938	111.955306	80.066473	13.404001	-1	###LINE###
5	51	3	0	0	0	355.92	111.96	41.37	13.40	100	District
5	51	3	0	0	1	400.64	111.96	35.35	13.40	100	Judge
4	51	3	0	1	0	337.079957	125.755316	117.648695	13.404001	-1	###LINE###
5	51	3	0	1	0	337.08	125.76	24.69	13.40	100	30th
5	51	3	0	1	1	365.12	125.76	44.80	13.40	100	Judicial
5	51	3	0	1	2	413.36	125.76	41.37	13.40	100	District
4	51	3	0	2	0	362.039943	139.555296	67.823416	13.404001	-1	###LINE###
5	51	3	0	2	0	362.04	139.56	18.01	13.40	100	4th
5	51	3	0	2	1	383.37	139.56	46.50	13.40	100	Division
4	51	3	0	3	0	360.959932	153.355306	70.034135	13.404001	-1	###LINE###
5	51	3	0	3	0	360.96	153.36	70.03	13.40	100	Nonpartisan
3	51	4	0	0	0	190.799966	202.764418	52.328795	24.297231	-1	###FLOW###
4	51	4	0	0	0	190.799966	202.764418	40.212494	10.857240	-1	###LINE###
5	51	4	0	0	0	190.80	202.76	40.21	10.86	100	Jefferson
4	51	4	0	1	0	190.799966	216.204409	52.328795	10.857240	-1	###LINE###
5	51	4	0	1	0	190.80	216.20	23.10	10.86	100	Total
5	51	4	0	1	1	216.65	216.20	26.48	10.86	100	Votes
3	51	5	0	0	0	309.359962	178.164392	76.201314	48.897257	-1	###FLOW###
4	51	5	0	0	0	357.959941	178.164392	27.239780	10.857240	-1	###LINE###
5	51	5	0	0	0	357.96	178.16	27.24	10.86	100	Yvette
4	51	5	0	1	0	309.359962	189.324396	76.201314	10.857240	-1	###LINE###
5	51	5	0	1	0	309.36	189.32	13.51	10.86	100	DE
5	51	5	0	1	1	325.50	189.32	12.96	10.86	100	LA
5	51	5	0	1	2	340.73	189.32	44.84	10.86	100	GUARDIA
4	51	5	0	2	0	355.439943	202.764418	29.750628	10.857240	-1	###LINE###
5	51	5	0	2	0	355.44	202.76	29.75	10.86	100	40,618
4	51	5	0	3	0	355.439943	216.204409	29.750628	10.857240	-1	###LINE###
5	51	5	0	3	0	355.44	216.20	29.75	10.86	100	40,618
3	51	6	0	0	0	430.559945	178.164392	62.701568	48.897257	-1	###FLOW###
4	51	6	0	0	0	430.559945	178.164392	62.683609	10.857240	-1	###LINE###
5	51	6	0	0	0	430.56	178.16	19.47	10.86	100	Lora
5	51	6	0	0	1	452.69	178.16	40.55	10.86	100	Chisholm
4	51	6	0	1	0	451.199946	189.324396	42.061568	10.857240	-1	###LINE###
5	51	6	0	1	0	451.20	189.32	42.06	10.86	100	HOLMAN
4	51	6	0	2	0	463.439926	202.764418	29.750628	10.857240	-1	###LINE###
5	51	6	0	2	0	463.44	202.76	29.75	10.86	100	33,992
4	51	6	0	3	0	463.439926	216.204409	29.750628	10.857240	-1	###LINE###
5	51	6	0	3	0	463.44	216.20	29.75	10.86	100	33,992
3	51	7	0	0	0	532.199909	178.164392	69.122652	48.897257	-1	###FLOW###
4	51	7	0	0	0	532.199909	178.164392	69.009389	10.857240	-1	###LINE###
5	51	7	0	0	0	532.20	178.16	34.61	10.86	100	Jennifer
5	51	7	0	0	1	569.57	178.16	31.64	10.86	100	Murzyn
4	51	7	0	1	0	561.479881	189.324396	39.842679	10.857240	-1	###LINE###
5	51	7	0	1	0	561.48	189.32	39.84	10.86	100	YANCEY
4	51	7	0	2	0	571.439877	202.764418	29.750628	10.857240	-1	###LINE###
5	51	7	0	2	0	571.44	202.76	29.75	10.86	100	31,623
4	51	7	0	3	0	571.439877	216.204409	29.750628	10.857240	-1	###LINE###
5	51	7	0	3	0	571.44	216.20	29.75	10.86	100	31,623
3	51	8	0	0	0	337.079957	253.795313	117.648695	54.803972	-1	###FLOW###
4	51	8	0	0	0	355.919938	253.795313	80.066473	13.404001	-1	###LINE###
5	51	8	0	0	0	355.92	253.80	41.37	13.40	100	District
5	51	8	0	0	1	400.64	253.80	35.35	13.40	100	Judge
4	51	8	0	1	0	337.079957	267.595262	117.648695	13.404001	-1	###LINE###
5	51	8	0	1	0	337.08	267.60	24.69	13.40	100	30th
5	51	8	0	1	1	365.12	267.60	44.80	13.40	100	Judicial
5	51	8	0	1	2	413.36	267.60	41.37	13.40	100	District
4	51	8	0	2	0	362.039943	281.395272	67.823416	13.404001	-1	###LINE###
5	51	8	0	2	0	362.04	281.40	18.01	13.40	100	7th
5	51	8	0	2	1	383.37	281.40	46.50	13.40	100	Division
4	51	8	0	3	0	360.959932	295.195283	70.034135	13.404001	-1	###LINE###
5	51	8	0	3	0	360.96	295.20	70.03	13.40	100	Nonpartisan
3	51	9	0	0	0	190.799966	344.604395	52.328795	24.297246	-1	###FLOW###
4	51	9	0	0	0	190.799966	344.604395	40.212494	10.857240	-1	###LINE###
5	51	9	0	0	0	190.80	344.60	40.21	10.86	100	Jefferson
4	51	9	0	1	0	190.799966	358.044401	52.328795	10.857240	-1	###LINE###
5	51	9	0	1	0	190.80	358.04	23.10	10.86	100	Total
5	51	9	0	1	1	216.65	358.04	26.48	10.86	100	Votes
3	51	10	0	0	0	330.839961	320.004399	54.479560	48.897242	-1	###FLOW###
4	51	10	0	0	0	355.559934	320.004399	29.653308	10.857240	-1	###LINE###
5	51	10	0	0	0	355.56	320.00	29.65	10.86	100	Megan
4	51	10	0	1	0	330.839961	331.164403	54.479560	10.857240	-1	###LINE###
5	51	10	0	1	0	330.84	331.16	54.48	10.86	100	McDONALD
4	51	10	0	2	0	355.439943	344.604395	29.750628	10.857240	-1	###LINE###
5	51	10	0	2	0	355.44	344.60	29.75	10.86	100	45,714
4	51	10	0	3	0	355.439943	358.044401	29.750628	10.857240	-1	###LINE###
5	51	10	0	3	0	355.44	358.04	29.75	10.86	100	45,714
3	51	11	0	0	0	422.999924	320.004399	70.332338	48.897242	-1	###FLOW###
4	51	11	0	0	0	422.999924	320.004399	70.245349	10.857240	-1	###LINE###
5	51	11	0	0	0	423.00	320.00	38.95	10.86	100	Shannon
5	51	11	0	0	1	464.57	320.00	28.67	10.86	100	Renee
4	51	11	0	1	0	453.839933	331.164403	39.492328	10.857240	-1	###LINE###
5	51	11	0	1	0	453.84	331.16	39.49	10.86	100	FAUVER
4	51	11	0	2	0	463.439926	344.604395	29.750628	10.857240	-1	###LINE###
5	51	11	0	2	0	463.44	344.60	29.75	10.86	100	32,861
4	51	11	0	3	0	463.439926	358.044401	29.750628	10.857240	-1	###LINE###
5	51	11	0	3	0	463.44	358.04	29.75	10.86	100	32,861
3	51	12	0	0	0	563.159880	320.004399	38.105967	48.897242	-1	###FLOW###
4	51	12	0	0	0	563.159880	320.004399	37.906018	10.857240	-1	###LINE###
5	51	12	0	0	0	563.16	320.00	25.96	10.86	100	Jacob
5	51	12	0	0	1	591.89	320.00	9.18	10.86	100	E.
4	51	12	0	1	0	568.439916	331.164403	32.825930	10.857240	-1	###LINE###
5	51	12	0	1	0	568.44	331.16	32.83	10.86	100	ELDER
4	51	12	0	2	0	571.439877	344.604395	29.750628	10.857240	-1	###LINE###
5	51	12	0	2	0	571.44	344.60	29.75	10.86	100	25,913
4	51	12	0	3	0	571.439877	358.044401	29.750628	10.857240	-1	###LINE###
5	51	12	0	3	0	571.44	358.04	29.75	10.86	100	25,913
3	51	13	0	0	0	337.079957	395.635289	117.648695	54.804002	-1	###FLOW###
4	51	13	0	0	0	355.919938	395.635289	80.066473	13.404001	-1	###LINE###
5	51	13	0	0	0	355.92	395.64	41.37	13.40	100	District
5	51	13	0	0	1	400.64	395.64	35.35	13.40	100	Judge
4	51	13	0	1	0	337.079957	409.435300	117.648695	13.404001	-1	###LINE###
5	51	13	0	1	0	337.08	409.44	24.69	13.40	100	30th
5	51	13	0	1	1	365.12	409.44	44.80	13.40	100	Judicial
5	51	13	0	1	2	413.36	409.44	41.37	13.40	100	District
4	51	13	0	2	0	362.039943	423.235279	67.823416	13.404001	-1	###LINE###
5	51	13	0	2	0	362.04	423.24	18.01	13.40	100	8th
5	51	13	0	2	1	383.37	423.24	46.50	13.40	100	Division
4	51	13	0	3	0	360.959932	437.035289	70.034135	13.404001	-1	###LINE###
5	51	13	0	3	0	360.96	437.04	70.03	13.40	100	Nonpartisan
3	51	14	0	0	0	190.799966	486.444386	52.328795	24.297262	-1	###FLOW###
4	51	14	0	0	0	190.799966	486.444386	40.212494	10.857240	-1	###LINE###
5	51	14	0	0	0	190.80	486.44	40.21	10.86	100	Jefferson
4	51	14	0	1	0	190.799966	499.884408	52.328795	10.857240	-1	###LINE###
5	51	14	0	1	0	190.80	499.88	23.10	10.86	100	Total
5	51	14	0	1	1	216.65	499.88	26.48	10.86	100	Votes
3	51	15	0	0	0	332.519959	461.844391	52.747270	48.897258	-1	###FLOW###
4	51	15	0	0	0	359.279934	461.844391	25.955160	10.857240	-1	###LINE###
5	51	15	0	0	0	359.28	461.84	25.96	10.86	100	Karen
4	51	15	0	1	0	332.519959	473.004395	52.747270	10.857240	-1	###LINE###
5	51	15	0	1	0	332.52	473.00	52.75	10.86	100	FAULKNER
4	51	15	0	2	0	355.439943	486.444386	29.750628	10.857240	-1	###LINE###
5	51	15	0	2	0	355.44	486.44	29.75	10.86	100	50,468
4	51	15	0	3	0	355.439943	499.884408	29.750628	10.857240	-1	###LINE###
5	51	15	0	3	0	355.44	499.88	29.75	10.86	100	50,468
3	51	16	0	0	0	459.839948	461.844391	33.361188	48.897258	-1	###FLOW###
4	51	16	0	0	0	460.559925	461.844391	32.592363	10.857240	-1	###LINE###
5	51	16	0	0	0	460.56	461.84	32.59	10.86	100	Jessica
4	51	16	0	1	0	459.839948	473.004395	33.361188	10.857240	-1	###LINE###
5	51	16	0	1	0	459.84	473.00	33.36	10.86	100	STONE
4	51	16	0	2	0	463.439926	486.444386	29.750628	10.857240	-1	###LINE###
5	51	16	0	2	0	463.44	486.44	29.75	10.86	100	33,129
4	51	16	0	3	0	463.439926	499.884408	29.750628	10.857240	-1	###LINE###
5	51	16	0	3	0	463.44	499.88	29.75	10.86	100	33,129
3	51	17	0	0	0	546.599883	461.844391	54.606076	48.897258	-1	###FLOW###
4	51	17	0	0	0	546.599883	461.844391	54.606076	10.857240	-1	###LINE###
5	51	17	0	0	0	546.60	461.84	33.25	10.86	100	Lindsay
5	51	17	0	0	1	582.29	461.84	18.92	10.86	100	Volk
4	51	17	0	1	0	568.919881	473.004395	32.280940	10.857240	-1	###LINE###
5	51	17	0	1	0	568.92	473.00	32.28	10.86	100	BEETS
4	51	17	0	2	0	571.439877	486.444386	29.750628	10.857240	-1	###LINE###
5	51	17	0	2	0	571.44	486.44	29.75	10.86	100	23,176
4	51	17	0	3	0	571.439877	499.884408	29.750628	10.857240	-1	###LINE###
5	51	17	0	3	0	571.44	499.88	29.75	10.86	100	23,176
1	52	0	0	0	0	0.000000	0.000000	792.000000	612.000000	-1	###PAGE###
3	52	0	0	0	0	35.999994	54.115290	161.658823	13.404001	-1	###FLOW###
4	52	0	0	0	0	35.999994	54.115290	161.658823	13.404001	-1	###LINE###
5	52	0	0	0	0	36.00	54.12	89.57	13.40	100	Commonwealth
5	52	0	0	0	1	128.96	54.12	11.33	13.40	100	of
5	52	0	0	0	2	143.60	54.12	54.05	13.40	100	Kentucky
3	52	1	0	0	0	289.919964	54.115290	211.964694	13.404001	-1	###FLOW###
4	52	1	0	0	0	289.919964	54.115290	211.964694	13.404001	-1	###LINE###
5	52	1	0	0	0	289.92	54.12	44.03	13.40	100	Michael
5	52	1	0	0	1	337.40	54.12	12.66	13.40	100	G.
5	52	1	0	0	2	353.48	54.12	43.01	13.40	100	Adams,
5	52	1	0	0	3	399.93	54.12	54.90	13.40	100	Secretary
5	52	1	0	0	4	457.89	54.12	11.33	13.40	100	of
5	52	1	0	0	5	472.52	54.12	29.36	13.40	100	State
3	52	2	0	0	0	584.279905	54.115290	171.619073	13.404001	-1	###FLOW###
4	52	2	0	0	0	584.279905	54.115290	171.619073	13.404001	-1	###LINE###
5	52	2	0	0	0	584.28	54.12	26.72	13.40	100	2022
5	52	2	0	0	1	614.49	54.12	44.86	13.40	100	Primary
5	52	2	0	0	2	662.36	54.12	46.82	13.40	100	Election
5	52	2	0	0	3	712.53	54.12	43.37	13.40	100	Results
3	52	3	0	0	0	337.079957	111.955306	117.648695	54.804002	-1	###FLOW###
4	52	3	0	0	0	355.919938	111.955306	80.066473	13.404001	-1	###LINE###
5	52	3	0	0	0	355.92	111.96	41.37	13.40	100	District
5	52	3	0	0	1	400.64	111.96	35.35	13.40	100	Judge
4	52	3	0	1	0	337.079957	125.755316	117.648695	13.404001	-1	###LINE###
5	52	3	0	1	0	337.08	125.76	24.69	13.40	100	30th
5	52	3	0	1	1	365.12	125.76	44.80	13.40	100	Judicial
5	52	3	0	1	2	413.36	125.76	41.37	13.40	100	District
4	52	3	0	2	0	358.679948	139.555296	74.551691	13.404001	-1	###LINE###
5	52	3	0	2	0	358.68	139.56	24.69	13.40	100	15th
5	52	3	0	2	1	386.72	139.56	46.51	13.40	100	Division
4	52	3	0	3	0	360.959932	153.355306	70.034135	13.404001	-1	###LINE###
5	52	3	0	3	0	360.96	153.36	70.03	13.40	100	Nonpartisan
3	52	4	0	0	0	190.799966	202.764418	52.328795	24.297231	-1	###FLOW###
4	52	4	0	0	0	190.799966	202.764418	40.212494	10.857240	-1	###LINE###
5	52	4	0	0	0	190.80	202.76	40.21	10.86	100	Jefferson
4	52	4	0	1	0	190.799966	216.204409	52.328795	10.857240	-1	###LINE###
5	52	4	0	1	0	190.80	216.20	23.10	10.86	100	Total
5	52	4	0	1	1	216.65	216.20	26.48	10.86	100	Votes
3	52	5	0	0	0	335.159947	178.164392	50.100174	48.897257	-1	###FLOW###
4	52	5	0	0	0	339.959958	178.164392	45.263386	10.857240	-1	###LINE###
5	52	5	0	0	0	339.96	178.16	21.62	10.86	100	Mary
5	52	5	0	0	1	364.01	178.16	21.22	10.86	100	Jude
4	52	5	0	1	0	335.159947	189.324396	50.100174	10.857240	-1	###LINE###
5	52	5	0	1	0	335.16	189.32	50.10	10.86	100	WOLFORD
4	52	5	0	2	0	355.439943	202.764418	29.750628	10.857240	-1	###LINE###
5	52	5	0	2	0	355.44	202.76	29.75	10.86	100	53,561
4	52	5	0	3	0	355.439943	216.204409	29.750628	10.857240	-1	###LINE###
5	52	5	0	3	0	355.44	216.20	29.75	10.86	100	53,561
3	52	6	0	0	0	451.559950	178.164392	41.704188	48.897257	-1	###FLOW###
4	52	6	0	0	0	451.559950	178.164392	41.643093	10.857240	-1	###LINE###
5	52	6	0	0	0	451.56	178.16	41.64	10.86	100	Claudette
4	52	6	0	1	0	453.839933	189.324396	39.424205	10.857240	-1	###LINE###
5	52	6	0	1	0	453.84	189.32	39.42	10.86	100	PATTON
4	52	6	0	2	0	463.439926	202.764418	29.750628	10.857240	-1	###LINE###
5	52	6	0	2	0	463.44	202.76	29.75	10.86	100	31,073
4	52	6	0	3	0	463.439926	216.204409	29.750628	10.857240	-1	###LINE###
5	52	6	0	3	0	463.44	216.20	29.75	10.86	100	31,073
3	52	7	0	0	0	533.639925	178.164392	67.550580	48.897257	-1	###FLOW###
4	52	7	0	0	0	555.239915	178.164392	45.827840	10.857240	-1	###LINE###
5	52	7	0	0	0	555.24	178.16	32.88	10.86	100	Samuel
5	52	7	0	0	1	590.81	178.16	10.26	10.86	100	G.
4	52	7	0	1	0	533.639925	189.324396	67.500934	10.857240	-1	###LINE###
5	52	7	0	1	0	533.64	189.32	49.81	10.86	100	HAYWARD
5	52	7	0	1	1	586.01	189.32	15.13	10.86	100	JR.
4	52	7	0	2	0	571.439877	202.764418	29.750628	10.857240	-1	###LINE###
5	52	7	0	2	0	571.44	202.76	29.75	10.86	100	21,818
4	52	7	0	3	0	571.439877	216.204409	29.750628	10.857240	-1	###LINE###
5	52	7	0	3	0	571.44	216.20	29.75	10.86	100	21,818
3	52	8	0	0	0	337.439961	253.795313	117.047957	54.803972	-1	###FLOW###
4	52	8	0	0	0	355.919938	253.795313	80.066473	13.404001	-1	###LINE###
5	52	8	0	0	0	355.92	253.80	41.37	13.40	100	District
5	52	8	0	0	1	400.64	253.80	35.35	13.40	100	Judge
4	52	8	0	1	0	337.439961	267.595262	117.047957	13.404001	-1	###LINE###
5	52	8	0	1	0	337.44	267.60	24.04	13.40	100	31st
5	52	8	0	1	1	364.88	267.60	44.80	13.40	100	Judicial
5	52	8	0	1	2	413.12	267.60	41.37	13.40	100	District
4	52	8	0	2	0	360.359946	281.395272	71.187553	13.404001	-1	###LINE###
5	52	8	0	2	0	360.36	281.40	21.34	13.40	100	2nd
5	52	8	0	2	1	385.04	281.40	46.51	13.40	100	Division
4	52	8	0	3	0	360.959932	295.195283	70.034135	13.404001	-1	###LINE###
5	52	8	0	3	0	360.96	295.20	70.03	13.40	100	Nonpartisan
3	52	9	0	0	0	190.799966	344.604395	52.328795	24.297246	-1	###FLOW###
4	52	9	0	0	0	190.799966	344.604395	23.522168	10.857240	-1	###LINE###
5	52	9	0	0	0	190.80	344.60	23.52	10.86	100	Floyd
4	52	9	0	1	0	190.799966	358.044401	52.328795	10.857240	-1	###LINE###
5	52	9	0	1	0	190.80	358.04	23.10	10.86	100	Total
5	52	9	0	1	1	216.65	358.04	26.48	10.86	100	Votes
3	52	10	0	0	0	350.759954	320.004399	34.577684	48.897242	-1	###FLOW###
4	52	10	0	0	0	364.199937	320.004399	20.991856	10.857240	-1	###LINE###
5	52	10	0	0	0	364.20	320.00	20.99	10.86	100	Tyler
4	52	10	0	1	0	350.759954	331.164403	34.577684	10.857240	-1	###LINE###
5	52	10	0	1	0	350.76	331.16	34.58	10.86	100	GREEN
4	52	10	0	2	0	360.839941	344.604395	24.339653	10.857240	-1	###LINE###
5	52	10	0	2	0	360.84	344.60	24.34	10.86	100	4,675
4	52	10	0	3	0	360.839941	358.044401	24.339653	10.857240	-1	###LINE###
5	52	10	0	3	0	360.84	358.04	24.34	10.86	100	4,675
3	52	11	0	0	0	446.999951	320.004399	46.314438	48.897242	-1	###FLOW###
4	52	11	0	0	0	448.199923	320.004399	44.913035	10.857240	-1	###LINE###
5	52	11	0	0	0	448.20	320.00	9.18	10.86	100	A.
5	52	11	0	0	1	460.13	320.00	32.98	10.86	100	Brandis
4	52	11	0	1	0	446.999951	331.164403	46.314438	10.857240	-1	###LINE###
5	52	11	0	1	0	447.00	331.16	46.31	10.86	100	BRADLEY
4	52	11	0	2	0	468.839924	344.604395	24.339653	10.857240	-1	###LINE###
5	52	11	0	2	0	468.84	344.60	24.34	10.86	100	2,425
4	52	11	0	3	0	468.839924	358.044401	24.339653	10.857240	-1	###LINE###
5	52	11	0	3	0	468.84	358.04	24.34	10.86	100	2,425
3	52	12	0	0	0	553.199884	320.004399	48.122677	48.897242	-1	###FLOW###
4	52	12	0	0	0	553.199884	320.004399	47.871553	10.857240	-1	###LINE###
5	52	12	0	0	0	553.20	320.00	35.14	10.86	100	Zachary
5	52	12	0	0	1	590.81	320.00	10.26	10.86	100	G.
4	52	12	0	1	0	561.479881	331.164403	39.842679	10.857240	-1	###LINE###
5	52	12	0	1	0	561.48	331.16	39.84	10.86	100	OUSLEY
4	52	12	0	2	0	576.839906	344.604395	24.339653	10.857240	-1	###LINE###
5	52	12	0	2	0	576.84	344.60	24.34	10.86	100	1,726
4	52	12	0	3	0	576.839906	358.044401	24.339653	10.857240	-1	###LINE###
5	52	12	0	3	0	576.84	358.04	24.34	10.86	100	1,726
3	52	13	0	0	0	337.079957	395.635289	117.648695	41.003991	-1	###FLOW###
4	52	13	0	0	0	355.919938	395.635289	80.066473	13.404001	-1	###LINE###
5	52	13	0	0	0	355.92	395.64	41.37	13.40	100	District
5	52	13	0	0	1	400.64	395.64	35.35	13.40	100	Judge
4	52	13	0	1	0	337.079957	409.435300	117.648695	13.404001	-1	###LINE###
5	52	13	0	1	0	337.08	409.44	24.69	13.40	100	50th
5	52	13	0	1	1	365.12	409.44	44.80	13.40	100	Judicial
5	52	13	0	1	2	413.36	409.44	41.37	13.40	100	District
4	52	13	0	2	0	360.959932	423.235279	70.034135	13.404001	-1	###LINE###
5	52	13	0	2	0	360.96	423.24	70.03	13.40	100	Nonpartisan
3	52	14	0	0	0	190.799966	472.644376	52.328795	37.497261	-1	###FLOW###
4	52	14	0	0	0	190.799966	472.644376	24.125550	10.857240	-1	###LINE###
5	52	14	0	0	0	190.80	472.64	24.13	10.86	100	Boyle
4	52	14	0	1	0	190.799966	485.844375	30.276154	10.857240	-1	###LINE###
5	52	14	0	1	0	190.80	485.84	30.28	10.86	100	Mercer
4	52	14	0	2	0	190.799966	499.284397	52.328795	10.857240	-1	###LINE###
5	52	14	0	2	0	190.80	499.28	23.10	10.86	100	Total
5	52	14	0	2	1	216.65	499.28	26.48	10.86	100	Votes
3	52	15	0	0	0	336.119937	448.044380	49.068585	62.097257	-1	###FLOW###
4	52	15	0	0	0	344.999952	448.044380	40.134638	10.857240	-1	###LINE###
5	52	15	0	0	0	345.00	448.04	29.17	10.86	100	Patrick
5	52	15	0	0	1	376.73	448.04	8.41	10.86	100	F.
4	52	15	0	1	0	336.119937	459.204385	49.068585	10.857240	-1	###LINE###
5	52	15	0	1	0	336.12	459.20	49.07	10.86	100	BARSOTTI
4	52	15	0	2	0	360.839941	472.644376	24.339653	10.857240	-1	###LINE###
5	52	15	0	2	0	360.84	472.64	24.34	10.86	100	2,208
4	52	15	0	3	0	360.839941	485.844375	24.339653	10.857240	-1	###LINE###
5	52	15	0	3	0	360.84	485.84	24.34	10.86	100	1,243
4	52	15	0	4	0	360.839941	499.284397	24.339653	10.857240	-1	###LINE###
5	52	15	0	4	0	360.84	499.28	24.34	10.86	100	3,451
3	52	16	0	0	0	426.239929	448.044380	67.063483	62.097257	-1	###FLOW###
4	52	16	0	0	0	426.239929	448.044380	66.936480	10.857240	-1	###LINE###
5	52	16	0	0	0	426.24	448.04	24.42	10.86	100	Stacy
5	52	16	0	0	1	453.17	448.04	40.01	10.86	100	Elizabeth
4	52	16	0	1	0	452.399948	459.204385	40.903464	10.857240	-1	###LINE###
5	52	16	0	1	0	452.40	459.20	40.90	10.86	100	COONTZ
4	52	16	0	2	0	468.839924	472.644376	24.339653	10.857240	-1	###LINE###
5	52	16	0	2	0	468.84	472.64	24.34	10.86	100	1,413
4	52	16	0	3	0	476.999931	485.844375	16.232924	10.857240	-1	###LINE###
5	52	16	0	3	0	477.00	485.84	16.23	10.86	100	960
4	52	16	0	4	0	468.839924	499.284397	24.339653	10.857240	-1	###LINE###
5	52	16	0	4	0	468.84	499.28	24.34	10.86	100	2,373
3	52	17	0	0	0	550.919930	448.044380	50.415924	62.097257	-1	###FLOW###
4	52	17	0	0	0	550.919930	448.044380	50.285082	10.857240	-1	###LINE###
5	52	17	0	0	0	550.92	448.04	50.29	10.86	100	Christopher
4	52	17	0	1	0	574.319909	459.204385	27.015945	10.857240	-1	###LINE###
5	52	17	0	1	0	574.32	459.20	27.02	10.86	100	REED
4	52	17	0	2	0	584.999913	472.644376	16.232924	10.857240	-1	###LINE###
5	52	17	0	2	0	585.00	472.64	16.23	10.86	100	571
4	52	17	0	3	0	584.999913	485.844375	16.232924	10.857240	-1	###LINE###
5	52	17	0	3	0	585.00	485.84	16.23	10.86	100	901
4	52	17	0	4	0	576.839906	499.284397	24.339653	10.857240	-1	###LINE###
5	52	17	0	4	0	576.84	499.28	24.34	10.86	100	1,472
1	53	0	0	0	0	0.000000	0.000000	792.000000	612.000000	-1	###PAGE###
3	53	0	0	0	0	35.999994	54.115290	161.658823	13.404001	-1	###FLOW###
4	53	0	0	0	0	35.999994	54.115290	161.658823	13.404001	-1	###LINE###
5	53	0	0	0	0	36.00	54.12	89.57	13.40	100	Commonwealth
5	53	0	0	0	1	128.96	54.12	11.33	13.40	100	of
5	53	0	0	0	2	143.60	54.12	54.05	13.40	100	Kentucky
3	53	1	0	0	0	289.919964	54.115290	211.964694	13.404001	-1	###FLOW###
4	53	1	0	0	0	289.919964	54.115290	211.964694	13.404001	-1	###LINE###
5	53	1	0	0	0	289.92	54.12	44.03	13.40	100	Michael
5	53	1	0	0	1	337.40	54.12	12.66	13.40	100	G.
5	53	1	0	0	2	353.48	54.12	43.01	13.40	100	Adams,
5	53	1	0	0	3	399.93	54.12	54.90	13.40	100	Secretary
5	53	1	0	0	4	457.89	54.12	11.33	13.40	100	of
5	53	1	0	0	5	472.52	54.12	29.36	13.40	100	State
3	53	2	0	0	0	584.279905	54.115290	171.619073	13.404001	-1	###FLOW###
4	53	2	0	0	0	584.279905	54.115290	171.619073	13.404001	-1	###LINE###
5	53	2	0	0	0	584.28	54.12	26.72	13.40	100	2022
5	53	2	0	0	1	614.49	54.12	44.86	13.40	100	Primary
5	53	2	0	0	2	662.36	54.12	46.82	13.40	100	Election
5	53	2	0	0	3	712.53	54.12	43.37	13.40	100	Results
3	53	3	0	0	0	337.079957	111.955306	117.648695	54.804002	-1	###FLOW###
4	53	3	0	0	0	355.919938	111.955306	80.066473	13.404001	-1	###LINE###
5	53	3	0	0	0	355.92	111.96	41.37	13.40	100	District
5	53	3	0	0	1	400.64	111.96	35.35	13.40	100	Judge
4	53	3	0	1	0	337.079957	125.755316	117.648695	13.404001	-1	###LINE###
5	53	3	0	1	0	337.08	125.76	24.69	13.40	100	56th
5	53	3	0	1	1	365.12	125.76	44.80	13.40	100	Judicial
5	53	3	0	1	2	413.36	125.76	41.37	13.40	100	District
4	53	3	0	2	0	362.279957	139.555296	67.222677	13.404001	-1	###LINE###
5	53	3	0	2	0	362.28	139.56	17.36	13.40	100	1st
5	53	3	0	2	1	383.01	139.56	46.50	13.40	100	Division
4	53	3	0	3	0	360.959932	153.355306	70.034135	13.404001	-1	###LINE###
5	53	3	0	3	0	360.96	153.36	70.03	13.40	100	Nonpartisan
3	53	4	0	0	0	190.799966	202.644390	52.328795	63.897229	-1	###FLOW###
4	53	4	0	0	0	190.799966	202.644390	36.485150	10.857240	-1	###LINE###
5	53	4	0	0	0	190.80	202.64	36.49	10.86	100	Caldwell
4	53	4	0	1	0	190.799966	215.844390	43.939838	10.857240	-1	###LINE###
5	53	4	0	1	0	190.80	215.84	43.94	10.86	100	Livingston
4	53	4	0	2	0	190.799966	229.044419	20.894536	10.857240	-1	###LINE###
5	53	4	0	2	0	190.80	229.04	20.89	10.86	100	Lyon
4	53	4	0	3	0	190.799966	242.244418	22.159692	10.857240	-1	###LINE###
5	53	4	0	3	0	190.80	242.24	22.16	10.86	100	Trigg
4	53	4	0	4	0	190.799966	255.684379	52.328795	10.857240	-1	###LINE###
5	53	4	0	4	0	190.80	255.68	23.10	10.86	100	Total
5	53	4	0	4	1	216.65	255.68	26.48	10.86	100	Votes
3	53	5	0	0	0	348.479939	178.164392	36.841442	88.377228	-1	###FLOW###
4	53	5	0	0	0	348.479939	178.164392	36.777109	10.857240	-1	###LINE###
5	53	5	0	0	0	348.48	178.16	36.78	10.86	100	Brandon
4	53	5	0	1	0	350.879945	189.324396	34.441437	10.857240	-1	###LINE###
5	53	5	0	1	0	350.88	189.32	34.44	10.86	100	KNOTH
4	53	5	0	2	0	360.839941	202.644390	24.339653	10.857240	-1	###LINE###
5	53	5	0	2	0	360.84	202.64	24.34	10.86	100	1,128
4	53	5	0	3	0	360.839941	215.844390	24.339653	10.857240	-1	###LINE###
5	53	5	0	3	0	360.84	215.84	24.34	10.86	100	1,087
4	53	5	0	4	0	360.839941	229.044419	24.339653	10.857240	-1	###LINE###
5	53	5	0	4	0	360.84	229.04	24.34	10.86	100	1,186
4	53	5	0	5	0	360.839941	242.244418	24.339653	10.857240	-1	###LINE###
5	53	5	0	5	0	360.84	242.24	24.34	10.86	100	1,233
4	53	5	0	6	0	360.839941	255.684379	24.339653	10.857240	-1	###LINE###
5	53	5	0	6	0	360.84	255.68	24.34	10.86	100	4,634
3	53	6	0	0	0	453.359938	178.164392	39.959463	88.377228	-1	###FLOW###
4	53	6	0	0	0	474.239921	178.164392	18.909215	10.857240	-1	###LINE###
5	53	6	0	0	0	474.24	178.16	18.91	10.86	100	Matt
4	53	6	0	1	0	453.359938	189.324396	39.959463	10.857240	-1	###LINE###
5	53	6	0	1	0	453.36	189.32	39.96	10.86	100	SCHALK
4	53	6	0	2	0	468.839924	202.644390	24.339653	10.857240	-1	###LINE###
5	53	6	0	2	0	468.84	202.64	24.34	10.86	100	1,093
4	53	6	0	3	0	476.999931	215.844390	16.232924	10.857240	-1	###LINE###
5	53	6	0	3	0	477.00	215.84	16.23	10.86	100	296
4	53	6	0	4	0	476.999931	229.044419	16.232924	10.857240	-1	###LINE###
5	53	6	0	4	0	477.00	229.04	16.23	10.86	100	361
4	53	6	0	5	0	476.999931	242.244418	16.232924	10.857240	-1	###LINE###
5	53	6	0	5	0	477.00	242.24	16.23	10.86	100	537
4	53	6	0	6	0	468.839924	255.684379	24.339653	10.857240	-1	###LINE###
5	53	6	0	6	0	468.84	255.68	24.34	10.86	100	2,287
3	53	7	0	0	0	554.519908	178.164392	46.747688	88.377228	-1	###FLOW###
4	53	7	0	0	0	554.519908	178.164392	46.548006	10.857240	-1	###LINE###
5	53	7	0	0	0	554.52	178.16	34.61	10.86	100	Jennifer
5	53	7	0	0	1	591.89	178.16	9.18	10.86	100	S.
4	53	7	0	1	0	560.879926	189.324396	40.387670	10.857240	-1	###LINE###
5	53	7	0	1	0	560.88	189.32	40.39	10.86	100	NELSON
4	53	7	0	2	0	584.999913	202.644390	16.232924	10.857240	-1	###LINE###
5	53	7	0	2	0	585.00	202.64	16.23	10.86	100	689
4	53	7	0	3	0	584.999913	215.844390	16.232924	10.857240	-1	###LINE###
5	53	7	0	3	0	585.00	215.84	16.23	10.86	100	504
4	53	7	0	4	0	584.999913	229.044419	16.232924	10.857240	-1	###LINE###
5	53	7	0	4	0	585.00	229.04	16.23	10.86	100	275
4	53	7	0	5	0	584.999913	242.244418	16.232924	10.857240	-1	###LINE###
5	53	7	0	5	0	585.00	242.24	16.23	10.86	100	643
4	53	7	0	6	0	576.839906	255.684379	24.339653	10.857240	-1	###LINE###
5	53	7	0	6	0	576.84	255.68	24.34	10.86	100	2,111
1	54	0	0	0	0	0.000000	0.000000	792.000000	612.000000	-1	###PAGE###
3	54	0	0	0	0	270.479967	198.146192	251.051264	32.390746	-1	###FLOW###
4	54	0	0	0	0	299.759939	198.146192	192.474066	15.950760	-1	###LINE###
5	54	0	0	0	0	299.76	198.15	106.66	15.95	100	Commonwealth
5	54	0	0	0	1	410.39	198.15	13.48	15.95	100	of
5	54	0	0	0	2	427.91	198.15	64.32	15.95	100	Kentucky
4	54	0	0	1	0	270.479967	214.586178	251.051264	15.950760	-1	###LINE###
5	54	0	0	1	0	270.48	214.59	52.24	15.95	100	Michael
5	54	0	0	1	1	326.63	214.59	15.07	15.95	100	G.
5	54	0	0	1	2	345.60	214.59	51.00	15.95	100	Adams,
5	54	0	0	1	3	400.56	214.59	64.83	15.95	100	Secretary
5	54	0	0	1	4	469.19	214.59	13.48	15.95	100	of
5	54	0	0	1	5	486.59	214.59	34.94	15.95	100	State
3	54	0	1	0	0	267.959970	263.906165	256.084014	32.390776	-1	###FLOW###
4	54	0	1	0	0	352.439952	263.906165	87.115175	15.950760	-1	###LINE###
5	54	0	1	0	0	352.44	263.91	27.81	15.95	100	May
5	54	0	1	0	1	383.99	263.91	19.86	15.95	100	17,
5	54	0	1	0	2	407.76	263.91	31.80	15.95	100	2022
4	54	0	1	1	0	267.959970	280.346181	256.084014	15.950760	-1	###LINE###
5	54	0	1	1	0	267.96	280.35	48.41	15.95	100	Official
5	54	0	1	1	1	320.39	280.35	31.80	15.95	100	2022
5	54	0	1	1	2	356.03	280.35	53.07	15.95	100	Primary
5	54	0	1	1	3	412.91	280.35	55.55	15.95	100	Election
5	54	0	1	1	4	472.43	280.35	51.61	15.95	100	Results
3	54	0	2	0	0	304.679941	329.666198	182.437162	32.390746	-1	###FLOW###
4	54	0	2	0	0	341.879938	329.666198	108.032539	15.950760	-1	###LINE###
5	54	0	2	0	0	341.88	329.67	23.00	15.95	100	For
5	54	0	2	0	1	368.87	329.67	21.43	15.95	100	the
5	54	0	2	0	2	394.31	329.67	38.10	15.95	100	office
5	54	0	2	0	3	436.43	329.67	13.48	15.95	100	of
4	54	0	2	1	0	304.679941	346.106184	182.437162	15.950760	-1	###LINE###
5	54	0	2	1	0	304.68	346.11	45.24	15.95	100	Circuit
5	54	0	2	1	1	353.88	346.11	42.06	15.95	100	Judge
5	54	0	2	1	2	399.96	346.11	45.25	15.95	100	Family
5	54	0	2	1	3	449.03	346.11	38.09	15.95	100	Court
1	55	0	0	0	0	0.000000	0.000000	792.000000	612.000000	-1	###PAGE###
3	55	0	0	0	0	35.999994	54.115290	161.658823	13.404001	-1	###FLOW###
4	55	0	0	0	0	35.999994	54.115290	161.658823	13.404001	-1	###LINE###
5	55	0	0	0	0	36.00	54.12	89.57	13.40	100	Commonwealth
5	55	0	0	0	1	128.96	54.12	11.33	13.40	100	of
5	55	0	0	0	2	143.60	54.12	54.05	13.40	100	Kentucky
3	55	1	0	0	0	289.919964	54.115290	211.964694	13.404001	-1	###FLOW###
4	55	1	0	0	0	289.919964	54.115290	211.964694	13.404001	-1	###LINE###
5	55	1	0	0	0	289.92	54.12	44.03	13.40	100	Michael
5	55	1	0	0	1	337.40	54.12	12.66	13.40	100	G.
5	55	1	0	0	2	353.48	54.12	43.01	13.40	100	Adams,
5	55	1	0	0	3	399.93	54.12	54.90	13.40	100	Secretary
5	55	1	0	0	4	457.89	54.12	11.33	13.40	100	of
5	55	1	0	0	5	472.52	54.12	29.36	13.40	100	State
3	55	2	0	0	0	584.279905	54.115290	171.619073	13.404001	-1	###FLOW###
4	55	2	0	0	0	584.279905	54.115290	171.619073	13.404001	-1	###LINE###
5	55	2	0	0	0	584.28	54.12	26.72	13.40	100	2022
5	55	2	0	0	1	614.49	54.12	44.86	13.40	100	Primary
5	55	2	0	0	2	662.36	54.12	46.82	13.40	100	Election
5	55	2	0	0	3	712.53	54.12	43.37	13.40	100	Results
3	55	3	0	0	0	319.319958	111.955306	153.284524	54.804002	-1	###FLOW###
4	55	3	0	0	0	319.319958	111.955306	153.284524	13.404001	-1	###LINE###
5	55	3	0	0	0	319.32	111.96	38.01	13.40	100	Circuit
5	55	3	0	0	1	360.69	111.96	35.35	13.40	100	Judge
5	55	3	0	0	2	399.45	111.96	38.15	13.40	100	Family
5	55	3	0	0	3	440.60	111.96	32.01	13.40	100	Court
4	55	3	0	1	0	342.119952	125.755316	107.580312	13.404001	-1	###LINE###
5	55	3	0	1	0	342.12	125.76	18.01	13.40	100	6th
5	55	3	0	1	1	363.45	125.76	44.80	13.40	100	Judicial
5	55	3	0	1	2	411.69	125.76	38.01	13.40	100	Circuit
4	55	3	0	2	0	361.679940	139.555296	68.544302	13.404001	-1	###LINE###
5	55	3	0	2	0	361.68	139.56	18.68	13.40	100	3rd
5	55	3	0	2	1	383.73	139.56	46.50	13.40	100	Division
4	55	3	0	3	0	360.959932	153.355306	70.034135	13.404001	-1	###LINE###
5	55	3	0	3	0	360.96	153.36	70.03	13.40	100	Nonpartisan
3	55	4	0	0	0	190.799966	202.764418	52.328795	24.297231	-1	###FLOW###
4	55	4	0	0	0	190.799966	202.764418	34.606880	10.857240	-1	###LINE###
5	55	4	0	0	0	190.80	202.76	34.61	10.86	100	Daviess
4	55	4	0	1	0	190.799966	216.204409	52.328795	10.857240	-1	###LINE###
5	55	4	0	1	0	190.80	216.20	23.10	10.86	100	Total
5	55	4	0	1	1	216.65	216.20	26.48	10.86	100	Votes
3	55	5	0	0	0	327.719947	178.164392	57.545130	48.897257	-1	###FLOW###
4	55	5	0	0	0	339.599955	178.164392	45.477489	10.857240	-1	###LINE###
5	55	5	0	0	0	339.60	178.16	34.61	10.86	100	Jennifer
5	55	5	0	0	1	376.97	178.16	8.11	10.86	100	L.
4	55	5	0	1	0	327.719947	189.324396	57.545130	10.857240	-1	###LINE###
5	55	5	0	1	0	327.72	189.32	57.55	10.86	100	HENDRICKS
4	55	5	0	2	0	360.839941	202.764418	24.339653	10.857240	-1	###LINE###
5	55	5	0	2	0	360.84	202.76	24.34	10.86	100	7,270
4	55	5	0	3	0	360.839941	216.204409	24.339653	10.857240	-1	###LINE###
5	55	5	0	3	0	360.84	216.20	24.34	10.86	100	7,270
3	55	6	0	0	0	408.959955	178.164392	84.298312	48.897257	-1	###FLOW###
4	55	6	0	0	0	444.359932	178.164392	48.718235	10.857240	-1	###LINE###
5	55	6	0	0	0	444.36	178.16	35.14	10.86	100	Thomas
5	55	6	0	0	1	484.97	178.16	8.11	10.86	100	L.
4	55	6	0	1	0	408.959955	189.324396	84.298312	10.857240	-1	###LINE###
5	55	6	0	1	0	408.96	189.32	84.30	10.86	100	VALLANDINGHAM
4	55	6	0	2	0	468.839924	202.764418	24.339653	10.857240	-1	###LINE###
5	55	6	0	2	0	468.84	202.76	24.34	10.86	100	4,393
4	55	6	0	3	0	468.839924	216.204409	24.339653	10.857240	-1	###LINE###
5	55	6	0	3	0	468.84	216.20	24.34	10.86	100	4,393
3	55	7	0	0	0	557.639922	178.164392	43.618683	48.897257	-1	###FLOW###
4	55	7	0	0	0	568.679898	178.164392	32.456115	10.857240	-1	###LINE###
5	55	7	0	0	0	568.68	178.16	20.01	10.86	100	Julia
5	55	7	0	0	1	591.41	178.16	9.72	10.86	100	H.
4	55	7	0	1	0	557.639922	189.324396	43.618683	10.857240	-1	###LINE###
5	55	7	0	1	0	557.64	189.32	43.62	10.86	100	GORDON
4	55	7	0	2	0	576.839906	202.764418	24.339653	10.857240	-1	###LINE###
5	55	7	0	2	0	576.84	202.76	24.34	10.86	100	3,237
4	55	7	0	3	0	576.839906	216.204409	24.339653	10.857240	-1	###LINE###
5	55	7	0	3	0	576.84	216.20	24.34	10.86	100	3,237
3	55	8	0	0	0	319.319958	253.795313	153.284524	54.803972	-1	###FLOW###
4	55	8	0	0	0	319.319958	253.795313	153.284524	13.404001	-1	###LINE###
5	55	8	0	0	0	319.32	253.80	38.01	13.40	100	Circuit
5	55	8	0	0	1	360.69	253.80	35.35	13.40	100	Judge
5	55	8	0	0	2	399.45	253.80	38.15	13.40	100	Family
5	55	8	0	0	3	440.60	253.80	32.01	13.40	100	Court
4	55	8	0	1	0	338.759955	267.595262	114.296573	13.404001	-1	###LINE###
5	55	8	0	1	0	338.76	267.60	24.69	13.40	100	12th
5	55	8	0	1	1	366.80	267.60	44.80	13.40	100	Judicial
5	55	8	0	1	2	415.04	267.60	38.01	13.40	100	Circuit
4	55	8	0	2	0	360.359946	281.395272	71.187553	13.404001	-1	###LINE###
5	55	8	0	2	0	360.36	281.40	21.34	13.40	100	2nd
5	55	8	0	2	1	385.04	281.40	46.51	13.40	100	Division
4	55	8	0	3	0	360.959932	295.195283	70.034135	13.404001	-1	###LINE###
5	55	8	0	3	0	360.96	295.20	70.03	13.40	100	Nonpartisan
3	55	9	0	0	0	190.799966	344.604395	52.328795	50.697244	-1	###FLOW###
4	55	9	0	0	0	190.799966	344.604395	25.857840	10.857240	-1	###LINE###
5	55	9	0	0	0	190.80	344.60	25.86	10.86	100	Henry
4	55	9	0	1	0	190.799966	357.804378	34.061890	10.857240	-1	###LINE###
5	55	9	0	1	0	190.80	357.80	34.06	10.86	100	Oldham
4	55	9	0	2	0	190.799966	371.004377	32.426919	10.857240	-1	###LINE###
5	55	9	0	2	0	190.80	371.00	32.43	10.86	100	Trimble
4	55	9	0	3	0	190.799966	384.444399	52.328795	10.857240	-1	###LINE###
5	55	9	0	3	0	190.80	384.44	23.10	10.86	100	Total
5	55	9	0	3	1	216.65	384.44	26.48	10.86	100	Votes
3	55	10	0	0	0	336.599963	320.004399	48.632909	75.297240	-1	###FLOW###
4	55	10	0	0	0	341.399943	320.004399	43.667343	10.857240	-1	###LINE###
5	55	10	0	0	0	341.40	320.00	31.81	10.86	100	Doreen
5	55	10	0	0	1	375.89	320.00	9.18	10.86	100	S.
4	55	10	0	1	0	336.599963	331.164403	48.611183	10.857240	-1	###LINE###
5	55	10	0	1	0	336.60	331.16	48.61	10.86	100	GOODWIN
4	55	10	0	2	0	360.839941	344.604395	24.339653	10.857240	-1	###LINE###
5	55	10	0	2	0	360.84	344.60	24.34	10.86	100	1,505
4	55	10	0	3	0	360.839941	357.804378	24.339653	10.857240	-1	###LINE###
5	55	10	0	3	0	360.84	357.80	24.34	10.86	100	5,776
4	55	10	0	4	0	368.999948	371.004377	16.232924	10.857240	-1	###LINE###
5	55	10	0	4	0	369.00	371.00	16.23	10.86	100	985
4	55	10	0	5	0	360.839941	384.444399	24.339653	10.857240	-1	###LINE###
5	55	10	0	5	0	360.84	384.44	24.34	10.86	100	8,266
3	55	11	0	0	0	440.639932	320.004399	52.669414	75.297240	-1	###FLOW###
4	55	11	0	0	0	475.319932	320.004399	17.848430	10.857240	-1	###LINE###
5	55	11	0	0	0	475.32	320.00	17.85	10.86	100	Joni
4	55	11	0	1	0	440.639932	331.164403	52.669414	10.857240	-1	###LINE###
5	55	11	0	1	0	440.64	331.16	52.67	10.86	100	BOTTORFF
4	55	11	0	2	0	476.999931	344.604395	16.232924	10.857240	-1	###LINE###
5	55	11	0	2	0	477.00	344.60	16.23	10.86	100	708
4	55	11	0	3	0	468.839924	357.804378	24.339653	10.857240	-1	###LINE###
5	55	11	0	3	0	468.84	357.80	24.34	10.86	100	4,496
4	55	11	0	4	0	476.999931	371.004377	16.232924	10.857240	-1	###LINE###
5	55	11	0	4	0	477.00	371.00	16.23	10.86	100	442
4	55	11	0	5	0	468.839924	384.444399	24.339653	10.857240	-1	###LINE###
5	55	11	0	5	0	468.84	384.44	24.34	10.86	100	5,646
3	55	12	0	0	0	567.359936	320.004399	33.906178	75.297240	-1	###FLOW###
4	55	12	0	0	0	568.079882	320.004399	33.049765	10.857240	-1	###LINE###
5	55	12	0	0	0	568.08	320.00	21.60	10.86	100	Todd
5	55	12	0	0	1	592.08	320.00	9.05	10.86	100	K.
4	55	12	0	1	0	567.359936	331.164403	33.906178	10.857240	-1	###LINE###
5	55	12	0	1	0	567.36	331.16	33.91	10.86	100	BOLUS
4	55	12	0	2	0	584.999913	344.604395	16.232924	10.857240	-1	###LINE###
5	55	12	0	2	0	585.00	344.60	16.23	10.86	100	337
4	55	12	0	3	0	576.839906	357.804378	24.339653	10.857240	-1	###LINE###
5	55	12	0	3	0	576.84	357.80	24.34	10.86	100	1,921
4	55	12	0	4	0	584.999913	371.004377	16.232924	10.857240	-1	###LINE###
5	55	12	0	4	0	585.00	371.00	16.23	10.86	100	245
4	55	12	0	5	0	576.839906	384.444399	24.339653	10.857240	-1	###LINE###
5	55	12	0	5	0	576.84	384.44	24.34	10.86	100	2,503
3	55	13	0	0	0	319.319958	421.915292	153.284524	54.804002	-1	###FLOW###
4	55	13	0	0	0	319.319958	421.915292	153.284524	13.404001	-1	###LINE###
5	55	13	0	0	0	319.32	421.92	38.01	13.40	100	Circuit
5	55	13	0	0	1	360.69	421.92	35.35	13.40	100	Judge
5	55	13	0	0	2	399.45	421.92	38.15	13.40	100	Family
5	55	13	0	0	3	440.60	421.92	32.01	13.40	100	Court
4	55	13	0	1	0	338.759955	435.715302	114.296573	13.404001	-1	###LINE###
5	55	13	0	1	0	338.76	435.72	24.69	13.40	100	16th
5	55	13	0	1	1	366.80	435.72	44.80	13.40	100	Judicial
5	55	13	0	1	2	415.04	435.72	38.01	13.40	100	Circuit
4	55	13	0	2	0	360.359946	449.515282	71.187553	13.404001	-1	###LINE###
5	55	13	0	2	0	360.36	449.52	21.34	13.40	100	2nd
5	55	13	0	2	1	385.04	449.52	46.51	13.40	100	Division
4	55	13	0	3	0	360.959932	463.315292	70.034135	13.404001	-1	###LINE###
5	55	13	0	3	0	360.96	463.32	70.03	13.40	100	Nonpartisan
3	55	14	0	0	0	190.799966	512.724388	52.328795	24.297232	-1	###FLOW###
4	55	14	0	0	0	190.799966	512.724388	30.821144	10.857240	-1	###LINE###
5	55	14	0	0	0	190.80	512.72	30.82	10.86	100	Kenton
4	55	14	0	1	0	190.799966	526.164380	52.328795	10.857240	-1	###LINE###
5	55	14	0	1	0	190.80	526.16	23.10	10.86	100	Total
5	55	14	0	1	1	216.65	526.16	26.48	10.86	100	Votes
3	55	15	0	0	0	328.199943	488.124393	57.006246	48.897227	-1	###FLOW###
4	55	15	0	0	0	344.039962	488.124393	41.166227	10.857240	-1	###LINE###
5	55	15	0	0	0	344.04	488.12	19.55	10.86	100	Terri
5	55	15	0	0	1	366.17	488.12	19.04	10.86	100	King
4	55	15	0	1	0	328.199943	499.284397	57.000140	10.857240	-1	###LINE###
5	55	15	0	1	0	328.20	499.28	57.00	10.86	100	SCHOBORG
4	55	15	0	2	0	355.439943	512.724388	29.750628	10.857240	-1	###LINE###
5	55	15	0	2	0	355.44	512.72	29.75	10.86	100	10,391
4	55	15	0	3	0	355.439943	526.164380	29.750628	10.857240	-1	###LINE###
5	55	15	0	3	0	355.44	526.16	29.75	10.86	100	10,391
3	55	16	0	0	0	398.999928	488.124393	94.179649	48.897227	-1	###FLOW###
4	55	16	0	0	0	463.439926	488.124393	29.624112	10.857240	-1	###LINE###
5	55	16	0	0	0	463.44	488.12	17.84	10.86	100	Carl
5	55	16	0	0	1	483.89	488.12	9.18	10.86	100	E.
4	55	16	0	1	0	398.999928	499.284397	94.147064	10.857240	-1	###LINE###
5	55	16	0	1	0	399.00	499.28	76.44	10.86	100	KNOCHELMANN
5	55	16	0	1	1	478.01	499.28	15.13	10.86	100	JR.
4	55	16	0	2	0	468.839924	512.724388	24.339653	10.857240	-1	###LINE###
5	55	16	0	2	0	468.84	512.72	24.34	10.86	100	4,282
4	55	16	0	3	0	468.839924	526.164380	24.339653	10.857240	-1	###LINE###
5	55	16	0	3	0	468.84	526.16	24.34	10.86	100	4,282
3	55	17	0	0	0	547.799916	488.124393	53.402180	48.897227	-1	###FLOW###
4	55	17	0	0	0	547.799916	488.124393	53.272796	10.857240	-1	###LINE###
5	55	17	0	0	0	547.80	488.12	40.41	10.86	100	Benjamin
5	55	17	0	0	1	590.82	488.12	10.26	10.86	100	G.
4	55	17	0	1	0	563.519914	499.284397	37.682182	10.857240	-1	###LINE###
5	55	17	0	1	0	563.52	499.28	37.68	10.86	100	DUSING
4	55	17	0	2	0	576.839906	512.724388	24.339653	10.857240	-1	###LINE###
5	55	17	0	2	0	576.84	512.72	24.34	10.86	100	2,039
4	55	17	0	3	0	576.839906	526.164380	24.339653	10.857240	-1	###LINE###
5	55	17	0	3	0	576.84	526.16	24.34	10.86	100	2,039
1	56	0	0	0	0	0.000000	0.000000	792.000000	612.000000	-1	###PAGE###
3	56	0	0	0	0	35.999994	54.115290	161.658823	13.404001	-1	###FLOW###
4	56	0	0	0	0	35.999994	54.115290	161.658823	13.404001	-1	###LINE###
5	56	0	0	0	0	36.00	54.12	89.57	13.40	100	Commonwealth
5	56	0	0	0	1	128.96	54.12	11.33	13.40	100	of
5	56	0	0	0	2	143.60	54.12	54.05	13.40	100	Kentucky
3	56	1	0	0	0	289.919964	54.115290	211.964694	13.404001	-1	###FLOW###
4	56	1	0	0	0	289.919964	54.115290	211.964694	13.404001	-1	###LINE###
5	56	1	0	0	0	289.92	54.12	44.03	13.40	100	Michael
5	56	1	0	0	1	337.40	54.12	12.66	13.40	100	G.
5	56	1	0	0	2	353.48	54.12	43.01	13.40	100	Adams,
5	56	1	0	0	3	399.93	54.12	54.90	13.40	100	Secretary
5	56	1	0	0	4	457.89	54.12	11.33	13.40	100	of
5	56	1	0	0	5	472.52	54.12	29.36	13.40	100	State
3	56	2	0	0	0	584.279905	54.115290	171.619073	13.404001	-1	###FLOW###
4	56	2	0	0	0	584.279905	54.115290	171.619073	13.404001	-1	###LINE###
5	56	2	0	0	0	584.28	54.12	26.72	13.40	100	2022
5	56	2	0	0	1	614.49	54.12	44.86	13.40	100	Primary
5	56	2	0	0	2	662.36	54.12	46.82	13.40	100	Election
5	56	2	0	0	3	712.53	54.12	43.37	13.40	100	Results
3	56	3	0	0	0	319.319958	111.955306	153.284524	54.804002	-1	###FLOW###
4	56	3	0	0	0	319.319958	111.955306	153.284524	13.404001	-1	###LINE###
5	56	3	0	0	0	319.32	111.96	38.01	13.40	100	Circuit
5	56	3	0	0	1	360.69	111.96	35.35	13.40	100	Judge
5	56	3	0	0	2	399.45	111.96	38.15	13.40	100	Family
5	56	3	0	0	3	440.60	111.96	32.01	13.40	100	Court
4	56	3	0	1	0	338.759955	125.755316	114.296573	13.404001	-1	###LINE###
5	56	3	0	1	0	338.76	125.76	24.69	13.40	100	17th
5	56	3	0	1	1	366.80	125.76	44.80	13.40	100	Judicial
5	56	3	0	1	2	415.04	125.76	38.01	13.40	100	Circuit
4	56	3	0	2	0	361.679940	139.555296	68.544302	13.404001	-1	###LINE###
5	56	3	0	2	0	361.68	139.56	18.68	13.40	100	3rd
5	56	3	0	2	1	383.73	139.56	46.50	13.40	100	Division
4	56	3	0	3	0	360.959932	153.355306	70.034135	13.404001	-1	###LINE###
5	56	3	0	3	0	360.96	153.36	70.03	13.40	100	Nonpartisan
3	56	4	0	0	0	190.799966	202.764418	52.328795	24.297231	-1	###FLOW###
4	56	4	0	0	0	190.799966	202.764418	40.952124	10.857240	-1	###LINE###
5	56	4	0	0	0	190.80	202.76	40.95	10.86	100	Campbell
4	56	4	0	1	0	190.799966	216.204409	52.328795	10.857240	-1	###LINE###
5	56	4	0	1	0	190.80	216.20	23.10	10.86	100	Total
5	56	4	0	1	1	216.65	216.20	26.48	10.86	100	Votes
3	56	5	0	0	0	338.399952	178.164392	46.859429	48.897257	-1	###FLOW###
4	56	5	0	0	0	356.039960	178.164392	29.195906	10.857240	-1	###LINE###
5	56	5	0	0	0	356.04	178.16	29.20	10.86	100	Abigail
4	56	5	0	1	0	338.399952	189.324396	46.859429	10.857240	-1	###LINE###
5	56	5	0	1	0	338.40	189.32	46.86	10.86	100	VOELKER
4	56	5	0	2	0	360.839941	202.764418	24.339653	10.857240	-1	###LINE###
5	56	5	0	2	0	360.84	202.76	24.34	10.86	100	6,930
4	56	5	0	3	0	360.839941	216.204409	24.339653	10.857240	-1	###LINE###
5	56	5	0	3	0	360.84	216.20	24.34	10.86	100	6,930
3	56	6	0	0	0	426.119938	178.164392	67.140851	48.897257	-1	###FLOW###
4	56	6	0	0	0	450.959932	178.164392	42.119960	10.857240	-1	###LINE###
5	56	6	0	0	0	450.96	178.16	31.37	10.86	100	Brenda
5	56	6	0	0	1	484.97	178.16	8.11	10.86	100	L.
4	56	6	0	1	0	426.119938	189.324396	67.140851	10.857240	-1	###LINE###
5	56	6	0	1	0	426.12	189.32	67.14	10.86	100	BONECUTTER
4	56	6	0	2	0	468.839924	202.764418	24.339653	10.857240	-1	###LINE###
5	56	6	0	2	0	468.84	202.76	24.34	10.86	100	3,438
4	56	6	0	3	0	468.839924	216.204409	24.339653	10.857240	-1	###LINE###
5	56	6	0	3	0	468.84	216.20	24.34	10.86	100	3,438
3	56	7	0	0	0	558.479920	178.164392	42.791466	48.897257	-1	###FLOW###
4	56	7	0	0	0	569.879932	178.164392	31.366135	10.857240	-1	###LINE###
5	56	7	0	0	0	569.88	178.16	31.37	10.86	100	Andrea
4	56	7	0	1	0	558.479920	189.324396	42.791466	10.857240	-1	###LINE###
5	56	7	0	1	0	558.48	189.32	42.79	10.86	100	JANOVIC
4	56	7	0	2	0	576.839906	202.764418	24.339653	10.857240	-1	###LINE###
5	56	7	0	2	0	576.84	202.76	24.34	10.86	100	2,143
4	56	7	0	3	0	576.839906	216.204409	24.339653	10.857240	-1	###LINE###
5	56	7	0	3	0	576.84	216.20	24.34	10.86	100	2,143
